,accident_type,day_of_week,dca_code,road_geometry,light_condition,speed_zone,severity,node_type,deg_urban_name,road_type,month,hour
0,4,1,171,5,5,100.0,0,N,RURAL_VICTORIA,ROAD,1,2.0
1,1,1,110,1,3,80.0,0,N,MELB_URBAN,ROAD,1,2.0
2,1,1,160,2,3,60.0,0,I,MELB_URBAN,ROAD,1,3.0
3,4,1,173,1,5,100.0,0,I,RURAL_VICTORIA,HIGHWAY,1,5.0
4,4,1,171,5,1,50.0,0,N,MELB_URBAN,ROAD,1,7.0
5,4,1,183,2,5,100.0,0,N,RURAL_VICTORIA,ROAD,1,4.0
6,2,1,99,2,3,50.0,0,I,MELB_URBAN,OTHER,1,0.0
7,1,1,116,2,5,80.0,0,N,MELB_URBAN,HIGHWAY,1,0.0
8,1,1,120,2,1,60.0,0,I,MELB_URBAN,ROAD,1,16.0
9,2,1,102,2,1,60.0,0,I,MELB_URBAN,ROAD,1,16.0
10,4,1,171,5,1,60.0,0,N,SMALL_CITIES,STREET,1,15.0
11,1,1,121,2,1,80.0,0,I,MELB_URBAN,ROAD,1,16.0
12,1,1,116,1,1,80.0,0,I,MELB_URBAN,ROAD,1,18.0
13,4,1,183,2,1,100.0,0,I,RURAL_VICTORIA,ROAD,1,16.0
14,8,1,174,1,1,60.0,0,I,MELB_URBAN,ROAD,1,6.0
15,4,1,171,5,1,100.0,0,N,MELB_URBAN,HIGHWAY,1,18.0
16,6,1,184,2,1,60.0,0,I,MELB_URBAN,OTHER,1,19.0
17,4,1,173,5,1,100.0,0,N,RURAL_VICTORIA,ROAD,1,18.0
18,1,1,113,2,1,60.0,0,I,MELB_URBAN,ROAD,1,16.0
19,4,1,181,5,5,100.0,0,N,RURAL_VICTORIA,ROAD,1,21.0
20,1,1,120,5,1,50.0,0,N,MELB_URBAN,ROAD,1,17.0
21,1,1,99,5,1,100.0,0,N,RURAL_VICTORIA,ROAD,1,20.0
22,8,2,174,2,1,100.0,0,N,RURAL_VICTORIA,ROAD,1,10.0
23,1,1,110,1,1,80.0,0,I,MELB_URBAN,ROAD,1,8.0
24,6,1,170,5,5,100.0,1,N,RURAL_VICTORIA,ROAD,1,23.0
25,2,2,99,5,1,80.0,0,N,RURAL_VICTORIA,ROAD,1,12.0
26,1,1,140,5,3,60.0,0,N,MELB_URBAN,ROAD,1,4.0
27,4,2,183,5,1,60.0,0,N,RURAL_VICTORIA,ROAD,1,11.0
28,4,2,171,5,1,60.0,0,N,MELB_URBAN,DRIVE,1,11.0
29,4,2,181,5,1,60.0,0,N,SMALL_CITIES,DRIVE,1,12.0
30,1,2,110,1,1,100.0,0,I,RURAL_VICTORIA,HIGHWAY,1,12.0
31,1,2,147,5,1,60.0,0,N,MELB_URBAN,ROAD,1,15.0
32,1,2,113,2,1,60.0,0,I,MELB_URBAN,ROAD,1,16.0
33,4,2,173,5,1,60.0,0,N,RURAL_VICTORIA,ROAD,1,15.0
34,1,2,113,2,2,60.0,0,I,SMALL_CITIES,AVENUE,1,17.0
35,1,1,120,5,1,100.0,0,N,RURAL_VICTORIA,ROAD,1,16.0
36,8,2,170,2,1,100.0,0,I,RURAL_VICTORIA,ROAD,1,14.0
37,4,2,173,2,1,110.0,0,I,RURAL_VICTORIA,HIGHWAY,1,17.0
38,4,3,183,5,3,60.0,0,N,MELB_URBAN,DRIVE,1,4.0
39,2,3,99,5,1,60.0,0,N,MELB_URBAN,ROAD,1,9.0
40,6,3,99,5,1,80.0,0,N,MELB_URBAN,ROAD,1,10.0
41,4,3,171,2,1,60.0,0,I,MELB_URBAN,STREET,1,11.0
42,4,3,171,5,5,100.0,0,N,RURAL_VICTORIA,ROAD,1,1.0
43,4,3,173,1,1,100.0,0,I,RURAL_VICTORIA,HIGHWAY,1,8.0
44,1,3,121,1,1,60.0,0,I,MELB_URBAN,STREET,1,11.0
45,4,2,99,2,1,50.0,0,I,MELB_URBAN,AVENUE,1,20.0
46,1,3,110,1,1,80.0,0,I,MELB_URBAN,ROAD,1,14.0
47,4,3,171,5,1,60.0,0,N,RURAL_VICTORIA,DRIVE,1,13.0
48,1,3,121,2,1,60.0,0,I,MELB_URBAN,ROAD,1,15.0
49,4,2,183,5,2,100.0,0,N,RURAL_VICTORIA,OTHER,1,5.0
50,4,3,181,2,1,80.0,0,I,RURAL_VICTORIA,HIGHWAY,1,16.0
51,4,3,173,2,1,50.0,0,I,MELB_URBAN,OTHER,1,17.0
52,1,3,110,1,2,50.0,0,I,MELB_URBAN,BOULEVARD,1,20.0
53,1,3,120,5,1,80.0,1,N,MELB_URBAN,HIGHWAY,1,16.0
54,1,3,121,1,1,60.0,0,I,MELB_URBAN,STREET,1,18.0
55,1,3,134,5,5,100.0,0,N,MELB_URBAN,FREEWAY,1,21.0
56,4,4,173,1,3,60.0,0,I,MELB_URBAN,DRIVE,1,3.0
57,4,4,171,5,1,40.0,0,N,MELB_URBAN,ROAD,1,8.0
58,1,4,121,1,1,80.0,0,I,MELB_URBAN,HIGHWAY,1,8.0
59,1,3,130,5,1,70.0,0,N,MELB_URBAN,HIGHWAY,1,7.0
60,1,4,121,1,1,60.0,0,I,MELB_URBAN,ROAD,1,9.0
61,4,4,183,5,1,100.0,0,N,RURAL_VICTORIA,ROAD,1,9.0
62,4,4,181,5,1,60.0,0,N,RURAL_VICTORIA,ROAD,1,10.0
63,1,4,99,5,1,60.0,0,N,MELB_URBAN,ROAD,1,10.0
64,6,4,99,5,1,80.0,0,N,RURAL_VICTORIA,ROAD,1,10.0
65,4,4,183,5,9,50.0,0,I,MELB_URBAN,ROAD,1,14.0
66,4,4,173,5,1,50.0,0,N,MELB_URBAN,OTHER,1,13.0
67,1,4,121,4,1,70.0,0,I,MELB_URBAN,AVENUE,1,10.0
68,4,4,99,5,1,60.0,0,N,TOWNS,DRIVE,1,15.0
69,1,4,130,2,1,50.0,0,I,TOWNS,STREET,1,14.0
70,1,4,110,1,1,60.0,0,I,LARGE_PROVINCIAL_CITIES,ROAD,1,18.0
71,8,4,99,1,1,60.0,0,I,MELB_URBAN,STREET,1,20.0
72,4,4,171,5,1,100.0,0,N,RURAL_VICTORIA,ROAD,1,17.0
73,8,4,170,5,1,80.0,0,N,RURAL_VICTORIA,ROAD,1,18.0
74,1,4,130,5,2,70.0,0,N,MELB_URBAN,ROAD,1,20.0
75,2,4,100,4,3,60.0,0,I,MELB_URBAN,STREET,1,0.0
76,4,5,173,2,6,60.0,0,I,MELB_URBAN,AVENUE,1,2.0
77,1,5,113,2,1,80.0,0,I,MELB_URBAN,ROAD,1,8.0
78,1,3,130,2,5,60.0,0,I,MELB_URBAN,ROAD,1,22.0
79,1,5,120,5,1,70.0,0,N,MELB_URBAN,STREET,1,7.0
80,1,5,121,1,1,60.0,0,I,MELB_URBAN,STREET,1,8.0
81,1,4,133,2,1,40.0,0,I,MELB_URBAN,STREET,1,9.0
82,1,5,99,2,1,70.0,0,I,MELB_URBAN,STREET,1,8.0
83,6,4,174,5,5,100.0,0,N,RURAL_VICTORIA,ROAD,1,21.0
84,8,2,174,5,1,100.0,0,N,RURAL_VICTORIA,ROAD,1,12.0
85,4,5,181,5,5,100.0,1,N,RURAL_VICTORIA,HIGHWAY,1,3.0
86,2,4,102,5,1,40.0,0,N,MELB_URBAN,OTHER,1,11.0
87,1,3,130,2,1,60.0,0,I,MELB_URBAN,ROAD,1,17.0
88,1,5,147,1,1,80.0,0,I,MELB_URBAN,HIGHWAY,1,10.0
89,1,5,99,1,1,100.0,0,I,RURAL_VICTORIA,ROAD,1,13.0
90,2,5,100,1,1,60.0,0,I,MELB_URBAN,STREET,1,15.0
91,1,5,133,5,1,70.0,0,N,MELB_URBAN,ROAD,1,15.0
92,2,5,99,5,1,60.0,0,N,MELB_URBAN,STREET,1,15.0
93,1,5,121,2,1,60.0,0,I,TOWNS,STREET,1,15.0
94,1,5,130,2,1,70.0,0,I,MELB_URBAN,STREET,1,16.0
95,1,5,99,5,1,50.0,0,N,MELB_URBAN,STREET,1,16.0
96,1,5,110,1,1,100.0,0,I,MELB_URBAN,ROAD,1,16.0
97,1,5,110,1,1,60.0,0,I,MELB_URBAN,ROAD,1,20.0
98,1,5,110,1,1,100.0,0,I,RURAL_VICTORIA,ROAD,1,17.0
99,5,5,99,5,1,100.0,0,N,RURAL_VICTORIA,OTHER,1,11.0
100,1,5,140,5,1,100.0,0,N,RURAL_VICTORIA,HIGHWAY,1,17.0
101,1,4,121,1,1,60.0,0,I,MELB_URBAN,ROAD,1,17.0
102,4,2,171,5,1,60.0,0,N,TOWNS,STREET,1,19.0
103,4,5,171,2,2,40.0,0,I,MELB_URBAN,STREET,1,20.0
104,2,5,100,5,6,60.0,0,N,MELB_URBAN,STREET,1,23.0
105,2,6,99,2,3,60.0,0,I,MELB_URBAN,STREET,1,3.0
106,4,5,173,5,3,60.0,0,N,MELB_URBAN,OTHER,1,4.0
107,1,6,130,5,2,100.0,0,N,RURAL_VICTORIA,ROAD,1,5.0
108,1,5,130,5,1,30.0,0,N,SMALL_CITIES,HIGHWAY,1,14.0
109,4,5,181,5,1,100.0,0,N,RURAL_VICTORIA,HIGHWAY,1,15.0
110,4,5,171,5,1,80.0,0,N,LARGE_PROVINCIAL_CITIES,FREEWAY,1,18.0
111,6,5,170,1,1,80.0,0,I,RURAL_VICTORIA,ROAD,1,10.0
112,4,5,183,5,1,80.0,0,N,RURAL_VICTORIA,STREET,1,6.0
113,1,4,120,5,1,60.0,0,N,SMALL_TOWNS,ROAD,1,13.0
114,1,6,121,4,1,60.0,0,N,SMALL_CITIES,STREET,1,12.0
115,1,6,99,2,1,50.0,0,I,MELB_URBAN,AVENUE,1,12.0
116,4,6,173,5,1,100.0,0,N,RURAL_VICTORIA,ROAD,1,12.0
117,1,5,110,1,1,50.0,0,I,MELB_URBAN,AVENUE,1,18.0
118,1,3,163,5,3,40.0,0,N,MELB_URBAN,STREET,1,21.0
119,6,6,99,5,1,50.0,0,N,TOWNS,ROAD,1,16.0
120,3,5,167,5,6,60.0,0,N,RURAL_VICTORIA,ROAD,1,23.0
121,4,6,173,5,1,80.0,0,N,RURAL_VICTORIA,ROAD,1,17.0
122,1,6,133,5,1,80.0,0,N,MELB_URBAN,FREEWAY,1,18.0
123,1,6,110,1,1,50.0,0,I,SMALL_CITIES,STREET,1,19.0
124,7,6,99,5,1,60.0,0,N,MELB_URBAN,AVENUE,1,20.0
125,4,6,171,5,3,80.0,0,N,MELB_URBAN,HIGHWAY,1,23.0
126,1,7,99,5,5,100.0,0,N,RURAL_VICTORIA,ROAD,1,0.0
127,1,7,110,1,3,60.0,0,I,LARGE_PROVINCIAL_CITIES,STREET,1,0.0
128,1,7,130,5,5,100.0,0,N,MELB_URBAN,FREEWAY,1,1.0
129,1,6,110,1,3,60.0,0,I,MELB_URBAN,ROAD,1,1.0
130,4,7,99,2,3,60.0,0,I,SMALL_CITIES,ROAD,1,4.0
131,1,4,99,4,3,60.0,0,I,MELB_URBAN,STREET,1,23.0
132,1,7,110,1,2,60.0,0,I,MELB_URBAN,STREET,1,5.0
133,1,6,99,5,1,50.0,0,N,SMALL_CITIES,ROAD,1,8.0
134,1,6,132,2,1,60.0,0,I,MELB_URBAN,ROAD,1,17.0
135,1,6,130,5,1,70.0,0,N,MELB_URBAN,ROAD,1,9.0
136,1,7,132,1,1,60.0,0,I,SMALL_CITIES,ROAD,1,9.0
137,8,6,184,5,2,60.0,0,N,MELB_URBAN,STREET,1,20.0
138,8,6,99,2,1,100.0,0,I,RURAL_VICTORIA,ROAD,1,15.0
139,1,7,99,5,1,60.0,0,N,MELB_URBAN,ROAD,1,10.0
140,1,7,120,5,1,60.0,0,N,MELB_URBAN,STREET,1,11.0
141,4,7,99,2,1,80.0,0,N,RURAL_VICTORIA,HIGHWAY,1,7.0
142,1,7,130,5,1,60.0,0,N,SMALL_TOWNS,ROAD,1,11.0
143,1,7,121,4,1,80.0,0,I,MELB_URBAN,HIGHWAY,1,11.0
144,1,7,130,5,1,60.0,0,N,SMALL_CITIES,HIGHWAY,1,11.0
145,8,7,184,5,1,100.0,0,N,RURAL_VICTORIA,ROAD,1,12.0
146,1,7,130,5,1,70.0,0,N,LARGE_PROVINCIAL_CITIES,STREET,1,16.0
147,1,1,130,5,1,70.0,0,N,SMALL_CITIES,STREET,1,16.0
148,1,7,113,2,1,80.0,0,I,TOWNS,ROAD,1,14.0
149,4,7,171,5,1,110.0,0,N,RURAL_VICTORIA,FREEWAY,1,7.0
150,1,7,130,1,1,60.0,0,I,MELB_URBAN,HIGHWAY,1,17.0
151,4,7,181,5,1,100.0,1,N,RURAL_VICTORIA,ROAD,1,14.0
152,1,5,163,5,2,50.0,0,N,MELB_URBAN,STREET,1,19.0
153,4,6,99,2,1,50.0,0,I,MELB_URBAN,OTHER,1,13.0
154,1,7,99,2,1,60.0,0,N,SMALL_CITIES,AVENUE,1,18.0
155,4,7,173,5,1,80.0,0,N,MELB_URBAN,ROAD,1,18.0
156,4,7,171,5,3,60.0,0,N,MELB_URBAN,ROAD,1,21.0
157,4,7,173,5,3,80.0,0,N,MELB_URBAN,ROAD,1,23.0
158,8,6,99,1,3,60.0,0,I,MELB_URBAN,ROAD,1,22.0
159,8,1,170,2,3,50.0,0,I,MELB_URBAN,AVENUE,1,3.0
160,4,1,181,2,5,75.0,0,I,RURAL_VICTORIA,ROAD,1,2.0
161,1,1,121,1,3,60.0,0,I,MELB_URBAN,STREET,1,4.0
162,1,1,99,5,3,60.0,0,N,MELB_URBAN,ROAD,1,2.0
163,1,1,110,1,2,60.0,0,I,MELB_URBAN,STREET,1,6.0
164,4,1,173,5,2,50.0,0,N,MELB_URBAN,DRIVE,1,6.0
165,8,1,174,5,1,60.0,0,N,MELB_URBAN,ROAD,1,8.0
166,4,1,173,5,1,100.0,0,N,MELB_URBAN,FREEWAY,1,9.0
167,4,1,171,4,1,40.0,0,I,MELB_URBAN,ROAD,1,10.0
168,8,7,99,5,1,100.0,0,N,RURAL_VICTORIA,HIGHWAY,1,14.0
169,1,1,160,5,1,70.0,0,N,MELB_URBAN,ROAD,1,10.0
170,2,1,99,5,1,60.0,0,N,MELB_URBAN,ROAD,1,9.0
171,2,1,99,1,1,50.0,0,I,MELBOURNE_CBD,STREET,1,13.0
172,1,1,133,1,1,60.0,0,I,MELB_URBAN,ROAD,1,12.0
173,1,1,113,2,1,60.0,0,I,TOWNS,ROAD,1,12.0
174,4,1,173,5,1,100.0,0,N,RURAL_VICTORIA,ROAD,1,14.0
175,1,1,121,1,1,70.0,0,I,MELB_URBAN,ROAD,1,16.0
176,4,1,173,1,1,80.0,0,I,MELB_URBAN,ROAD,1,16.0
177,8,6,174,5,1,80.0,0,N,RURAL_VICTORIA,ROAD,1,17.0
178,1,1,110,1,1,60.0,0,I,TOWNS,AVENUE,1,18.0
179,1,1,99,5,1,50.0,0,I,MELBOURNE_CBD,STREET,1,15.0
180,1,1,121,2,2,60.0,0,I,MELB_URBAN,STREET,1,18.0
181,1,1,110,1,2,60.0,0,I,MELB_URBAN,ROAD,1,20.0
182,1,1,110,1,3,60.0,0,I,MELB_URBAN,STREET,1,21.0
183,3,1,167,5,5,100.0,0,N,RURAL_VICTORIA,ROAD,1,21.0
184,1,2,110,1,3,60.0,0,I,MELB_URBAN,STREET,1,0.0
185,4,2,171,5,5,100.0,0,N,MELB_URBAN,FREEWAY,1,2.0
186,1,2,130,5,1,100.0,0,N,RURAL_VICTORIA,ROAD,1,7.0
187,5,2,99,5,1,60.0,0,N,MELB_URBAN,ROAD,1,9.0
188,8,7,174,2,1,60.0,0,I,RURAL_VICTORIA,ROAD,1,14.0
189,6,2,99,5,1,50.0,0,N,LARGE_PROVINCIAL_CITIES,STREET,1,9.0
190,1,2,99,5,1,50.0,0,N,MELB_URBAN,AVENUE,1,8.0
191,2,2,100,5,1,50.0,0,N,MELB_URBAN,STREET,1,12.0
192,2,2,102,5,1,50.0,0,N,MELB_URBAN,STREET,1,13.0
193,1,1,110,1,1,50.0,0,I,MELB_URBAN,PARADE,1,14.0
194,2,2,99,2,1,50.0,0,I,MELB_URBAN,STREET,1,8.0
195,8,2,170,5,1,80.0,0,N,RURAL_VICTORIA,ROAD,1,13.0
196,1,2,99,5,1,50.0,0,N,MELB_URBAN,STREET,1,15.0
197,1,2,99,1,1,50.0,0,I,LARGE_PROVINCIAL_CITIES,STREET,1,16.0
198,1,2,160,5,1,50.0,0,N,MELB_URBAN,STREET,1,16.0
199,1,2,110,1,1,60.0,0,I,MELB_URBAN,STREET,1,17.0
200,8,1,174,2,6,60.0,0,I,MELB_URBAN,STREET,1,1.0
201,2,2,102,2,2,50.0,0,I,MELB_URBAN,OTHER,1,19.0
202,1,2,120,2,1,60.0,0,I,MELB_URBAN,STREET,1,17.0
203,1,2,110,1,1,60.0,1,I,TOWNS,STREET,1,16.0
204,1,0,133,5,6,50.0,0,N,MELB_URBAN,ROAD,1,19.0
205,1,2,113,2,1,80.0,0,I,MELB_URBAN,HIGHWAY,1,18.0
206,1,2,113,2,1,50.0,0,I,MELB_URBAN,STREET,1,15.0
207,8,2,99,2,3,50.0,0,I,LARGE_PROVINCIAL_CITIES,DRIVE,1,22.0
208,4,2,181,5,2,100.0,0,N,RURAL_VICTORIA,ROAD,1,20.0
209,1,3,110,4,3,60.0,0,I,MELB_URBAN,ROAD,1,0.0
210,4,3,171,5,3,60.0,0,N,MELB_URBAN,DRIVE,1,1.0
211,4,3,171,5,3,80.0,1,N,MELB_URBAN,ROAD,1,3.0
212,4,3,171,5,1,60.0,0,N,MELB_URBAN,HIGHWAY,1,8.0
213,1,3,120,5,1,100.0,0,N,RURAL_VICTORIA,HIGHWAY,1,7.0
214,1,3,99,1,1,60.0,0,I,MELB_URBAN,STREET,1,7.0
215,1,6,120,5,1,80.0,0,N,RURAL_VICTORIA,HIGHWAY,1,11.0
216,2,3,102,1,1,50.0,0,I,MELBOURNE_CBD,STREET,1,7.0
217,1,2,113,2,1,60.0,0,I,MELB_URBAN,ROAD,1,8.0
218,1,6,130,4,1,50.0,0,I,MELB_URBAN,STREET,1,17.0
219,1,3,121,2,1,60.0,0,I,MELB_URBAN,ROAD,1,10.0
220,1,3,130,5,1,60.0,0,N,MELB_URBAN,ROAD,1,8.0
221,4,3,173,2,1,60.0,0,I,MELB_URBAN,STREET,1,6.0
222,1,3,113,1,1,70.0,0,I,MELB_URBAN,ROAD,1,11.0
223,1,3,130,5,1,110.0,0,N,MELB_URBAN,ROAD,1,13.0
224,1,3,121,2,1,60.0,0,I,MELB_URBAN,STREET,1,15.0
225,1,3,99,2,1,70.0,0,I,SMALL_TOWNS,DRIVE,1,15.0
226,3,2,167,5,9,100.0,0,N,RURAL_VICTORIA,ROAD,1,0.0
227,2,3,102,2,1,70.0,0,I,MELB_URBAN,STREET,1,15.0
228,1,3,113,2,1,60.0,0,I,MELB_URBAN,ROAD,1,15.0
229,4,3,183,5,1,60.0,0,N,RURAL_VICTORIA,ROAD,1,11.0
230,1,5,99,5,1,60.0,0,N,MELB_URBAN,STREET,1,8.0
231,4,4,173,5,3,50.0,0,N,MELB_URBAN,ROAD,1,1.0
232,4,4,181,5,1,100.0,0,N,RURAL_VICTORIA,ROAD,1,6.0
233,1,4,113,1,1,50.0,0,I,TOWNS,STREET,1,8.0
234,1,4,121,4,1,80.0,0,N,RURAL_VICTORIA,RAMP,1,6.0
235,4,4,173,5,1,50.0,0,N,RURAL_VICTORIA,OTHER,1,8.0
236,1,4,110,1,1,60.0,0,I,LARGE_PROVINCIAL_CITIES,STREET,1,8.0
237,1,4,110,1,1,60.0,0,I,MELB_URBAN,ROAD,1,9.0
238,1,4,113,2,1,70.0,0,I,MELB_URBAN,ROAD,1,10.0
239,1,3,120,2,1,60.0,0,I,TOWNS,ROAD,1,17.0
240,1,4,147,5,1,30.0,0,N,MELB_URBAN,DRIVE,1,10.0
241,1,4,147,2,1,60.0,0,N,MELB_URBAN,BOULEVARD,1,8.0
242,1,4,130,1,1,80.0,0,I,MELB_URBAN,ROAD,1,11.0
243,8,4,99,5,1,60.0,0,N,RURAL_VICTORIA,HIGHWAY,1,11.0
244,1,4,110,1,1,80.0,0,I,MELB_URBAN,ROAD,1,12.0
245,1,4,147,5,1,80.0,0,N,MELB_URBAN,HIGHWAY,1,13.0
246,1,4,120,5,1,70.0,0,N,RURAL_VICTORIA,HIGHWAY,1,11.0
247,6,4,170,2,1,100.0,0,I,RURAL_VICTORIA,ROAD,1,11.0
248,1,4,130,5,1,80.0,0,N,MELB_URBAN,STREET,1,11.0
249,6,3,174,5,1,60.0,0,N,TOWNS,ROAD,1,18.0
250,2,4,102,5,1,50.0,0,N,MELB_URBAN,OTHER,1,12.0
251,4,4,173,5,1,100.0,0,N,RURAL_VICTORIA,HIGHWAY,1,12.0
252,1,4,132,2,1,100.0,0,I,RURAL_VICTORIA,HIGHWAY,1,11.0
253,4,4,173,5,1,60.0,0,N,MELB_URBAN,ROAD,1,13.0
254,1,4,121,1,1,60.0,0,I,LARGE_PROVINCIAL_CITIES,STREET,1,15.0
255,1,4,160,5,1,100.0,0,N,RURAL_VICTORIA,FREEWAY,1,13.0
256,1,4,140,5,1,60.0,0,N,SMALL_CITIES,STREET,1,14.0
257,1,4,132,2,1,60.0,0,I,MELB_URBAN,DRIVE,1,16.0
258,1,4,120,5,1,100.0,0,N,RURAL_VICTORIA,HIGHWAY,1,14.0
259,4,4,171,5,1,70.0,0,N,MELB_URBAN,ROAD,1,17.0
260,6,4,170,5,1,100.0,0,N,RURAL_VICTORIA,ROAD,1,8.0
261,1,4,132,2,1,50.0,0,I,MELB_URBAN,ROAD,1,16.0
262,4,4,173,5,1,60.0,0,N,MELB_URBAN,ROAD,1,13.0
263,4,4,171,2,1,60.0,0,I,RURAL_VICTORIA,ROAD,1,19.0
264,1,4,113,1,1,100.0,1,I,RURAL_VICTORIA,ROAD,1,15.0
265,1,5,135,5,2,100.0,0,N,MELB_URBAN,FREEWAY,1,6.0
266,1,4,120,2,1,60.0,0,I,MELB_URBAN,ROAD,1,12.0
267,4,4,173,5,1,100.0,0,N,RURAL_VICTORIA,HIGHWAY,1,16.0
268,6,6,99,5,1,100.0,0,N,RURAL_VICTORIA,HIGHWAY,1,7.0
269,4,5,183,5,1,100.0,0,N,RURAL_VICTORIA,ROAD,1,8.0
270,1,5,110,1,1,60.0,0,I,MELB_URBAN,STREET,1,10.0
271,1,5,121,2,1,60.0,0,I,MELB_URBAN,ROAD,1,10.0
272,1,5,140,1,1,50.0,0,I,MELB_URBAN,STREET,1,9.0
273,1,5,171,2,1,50.0,0,I,MELB_URBAN,STREET,1,10.0
274,1,5,163,2,1,60.0,0,I,MELB_URBAN,STREET,1,8.0
275,1,5,110,1,1,70.0,0,I,LARGE_PROVINCIAL_CITIES,ROAD,1,11.0
276,4,4,173,2,1,80.0,0,I,MELB_URBAN,ROAD,1,14.0
277,1,5,130,5,1,50.0,0,N,TOWNS,PARADE,1,13.0
278,1,5,130,2,1,60.0,0,I,MELB_URBAN,HIGHWAY,1,7.0
279,4,4,171,5,1,80.0,0,N,RURAL_VICTORIA,ROAD,1,10.0
280,2,5,102,2,1,60.0,0,I,MELB_URBAN,AVENUE,1,11.0
281,8,5,174,5,1,60.0,0,N,MELB_URBAN,OTHER,1,13.0
282,1,7,132,2,1,100.0,0,I,RURAL_VICTORIA,HIGHWAY,1,13.0
283,2,5,102,1,1,60.0,0,I,MELB_URBAN,ROAD,1,10.0
284,4,5,173,1,1,40.0,0,I,SMALL_CITIES,STREET,1,8.0
285,4,5,181,5,1,70.0,0,N,RURAL_VICTORIA,ROAD,1,13.0
286,1,4,110,4,1,60.0,0,I,MELB_URBAN,ROAD,1,13.0
287,1,5,99,2,1,60.0,0,I,MELB_URBAN,ROAD,1,13.0
288,4,5,171,5,1,100.0,0,N,RURAL_VICTORIA,ROAD,1,12.0
289,1,5,140,4,1,80.0,0,I,MELB_URBAN,UNKNOWN,1,14.0
290,1,5,120,5,1,50.0,0,N,MELB_URBAN,OTHER,1,14.0
291,4,5,183,5,1,100.0,0,N,RURAL_VICTORIA,ROAD,1,15.0
292,2,5,99,1,1,40.0,0,I,MELB_URBAN,STREET,1,16.0
293,1,5,120,1,1,60.0,0,I,MELB_URBAN,ROAD,1,12.0
294,1,5,113,2,1,80.0,0,I,MELB_URBAN,ROAD,1,17.0
295,1,5,99,2,1,50.0,0,I,MELB_URBAN,STREET,1,17.0
296,1,5,110,1,1,100.0,0,I,RURAL_VICTORIA,ROAD,1,17.0
297,1,5,99,2,1,60.0,0,I,MELB_URBAN,STREET,1,9.0
298,1,5,147,2,1,50.0,0,I,MELB_URBAN,STREET,1,16.0
299,4,5,171,5,2,40.0,0,N,RURAL_VICTORIA,ROAD,1,18.0
300,1,5,121,1,1,50.0,0,I,LARGE_PROVINCIAL_CITIES,STREET,1,19.0
301,2,5,99,5,3,50.0,0,N,MELB_URBAN,BOULEVARD,1,21.0
302,2,5,99,5,5,80.0,0,N,RURAL_VICTORIA,HIGHWAY,1,4.0
303,1,5,132,1,1,100.0,1,I,RURAL_VICTORIA,HIGHWAY,1,16.0
304,4,6,173,2,5,70.0,0,I,MELB_URBAN,AVENUE,1,0.0
305,4,6,173,5,5,100.0,0,N,RURAL_VICTORIA,ROAD,1,0.0
306,1,4,163,5,1,60.0,0,N,MELB_URBAN,STREET,1,17.0
307,1,6,130,5,1,60.0,0,N,MELB_URBAN,STREET,1,7.0
308,1,6,130,4,1,60.0,0,I,MELB_URBAN,ROAD,1,7.0
309,1,6,99,2,1,100.0,0,I,RURAL_VICTORIA,ROAD,1,7.0
310,2,6,100,1,1,60.0,0,I,MELB_URBAN,ROAD,1,9.0
311,2,6,100,2,1,60.0,0,I,MELB_URBAN,ROAD,1,9.0
312,1,6,135,5,1,80.0,0,N,MELB_URBAN,FREEWAY,1,8.0
313,1,6,116,2,1,50.0,0,I,MELB_URBAN,ROAD,1,7.0
314,6,6,174,2,1,60.0,0,I,MELB_URBAN,ROAD,1,12.0
315,5,6,99,5,2,100.0,0,N,MELB_URBAN,ROAD,1,6.0
316,1,2,130,2,1,70.0,0,I,MELB_URBAN,ROAD,1,13.0
317,1,5,110,1,1,80.0,0,I,RURAL_VICTORIA,HIGHWAY,1,18.0
318,1,2,121,2,1,60.0,0,I,LARGE_PROVINCIAL_CITIES,ROAD,1,17.0
319,6,6,99,5,1,60.0,0,N,MELB_URBAN,ROAD,1,9.0
320,4,6,171,5,1,100.0,0,N,RURAL_VICTORIA,ROAD,1,12.0
321,4,4,171,2,1,60.0,0,I,MELB_URBAN,STREET,1,8.0
322,1,6,113,2,1,80.0,0,I,MELB_URBAN,ROAD,1,15.0
323,1,6,130,5,1,80.0,0,N,MELB_URBAN,ROAD,1,14.0
324,1,5,130,5,1,100.0,0,N,RURAL_VICTORIA,OTHER,1,11.0
325,1,7,110,1,1,60.0,0,I,MELB_URBAN,ROAD,1,8.0
326,1,6,110,1,1,60.0,0,I,LARGE_PROVINCIAL_CITIES,STREET,1,16.0
327,1,4,130,1,1,60.0,0,I,MELB_URBAN,STREET,1,14.0
328,1,6,130,5,1,80.0,0,N,MELB_URBAN,ROAD,1,17.0
329,1,6,113,2,1,70.0,0,N,MELB_URBAN,ROAD,1,16.0
330,1,6,113,2,1,80.0,0,I,RURAL_VICTORIA,ROAD,1,16.0
331,4,6,183,5,1,80.0,1,N,RURAL_VICTORIA,ROAD,1,14.0
332,1,7,121,2,1,60.0,0,I,MELB_URBAN,ROAD,1,7.0
333,1,4,130,5,1,60.0,0,N,MELB_URBAN,ROAD,1,12.0
334,1,6,130,5,2,80.0,0,N,MELB_URBAN,ROAD,1,20.0
335,2,6,100,5,3,50.0,0,N,MELB_URBAN,BOULEVARD,1,22.0
336,6,4,174,2,1,50.0,0,I,MELB_URBAN,ROAD,1,19.0
337,4,6,171,5,1,80.0,0,N,RURAL_VICTORIA,HIGHWAY,1,15.0
338,3,6,167,5,1,100.0,0,N,RURAL_VICTORIA,ROAD,1,15.0
339,8,7,174,1,1,60.0,0,I,MELB_URBAN,HIGHWAY,1,11.0
340,1,7,130,5,1,80.0,0,N,MELB_URBAN,HIGHWAY,1,12.0
341,4,7,181,5,1,100.0,0,N,RURAL_VICTORIA,ROAD,1,11.0
342,2,7,100,5,1,60.0,0,N,MELB_URBAN,STREET,1,9.0
343,4,7,183,2,1,100.0,0,I,RURAL_VICTORIA,ROAD,1,10.0
344,1,7,132,5,1,70.0,0,N,SMALL_CITIES,AVENUE,1,13.0
345,1,7,121,1,1,60.0,0,I,MELB_URBAN,ROAD,1,15.0
346,4,7,171,5,1,40.0,0,N,MELB_URBAN,STREET,1,17.0
347,8,7,99,5,1,100.0,0,N,RURAL_VICTORIA,ROAD,1,15.0