,accident_type,day_of_week,dca_code,road_geometry,light_condition,speed_zone,severity,node_type,deg_urban_name,road_type,month,hour
694,1,3,132,5,1,60.0,0,N,MELB_URBAN,ROAD,1,14.0
695,4,3,181,5,1,80.0,0,N,RURAL_VICTORIA,ROAD,1,9.0
696,1,2,130,1,1,60.0,0,I,MELB_URBAN,ROAD,1,8.0
697,1,2,133,5,5,70.0,0,N,MELB_URBAN,ROAD,1,21.0
698,2,3,100,1,1,60.0,0,I,MELB_URBAN,ROAD,1,16.0
699,4,3,183,5,1,100.0,0,N,RURAL_VICTORIA,ROAD,1,15.0
700,5,2,99,5,9,60.0,0,N,RURAL_VICTORIA,ROAD,1,0.0
701,2,6,99,5,1,50.0,0,N,LARGE_PROVINCIAL_CITIES,ROAD,1,15.0
702,1,3,111,2,1,70.0,0,N,MELB_URBAN,ROAD,1,17.0
703,1,2,133,1,1,40.0,0,I,MELB_URBAN,ROAD,1,18.0
704,4,3,171,5,1,60.0,0,I,MELB_URBAN,ROAD,1,18.0
705,1,3,130,5,1,60.0,0,N,MELB_URBAN,AVENUE,1,16.0
706,1,3,130,5,1,70.0,0,N,MELB_URBAN,ROAD,1,17.0
707,1,3,120,2,1,50.0,0,I,MELB_URBAN,OTHER,1,19.0
708,2,3,99,5,1,50.0,0,N,MELB_URBAN,STREET,1,18.0
709,4,3,173,2,5,70.0,0,I,MELB_URBAN,ROAD,1,0.0
710,1,3,99,4,1,50.0,0,I,MELB_URBAN,DRIVE,1,14.0
711,8,3,174,5,3,80.0,1,N,MELB_URBAN,ROAD,1,22.0
712,1,4,121,1,3,50.0,0,I,MELB_URBAN,STREET,1,1.0
713,6,4,174,2,3,60.0,0,I,TOWNS,HIGHWAY,1,2.0
714,2,3,100,1,1,60.0,0,I,MELB_URBAN,AVENUE,1,10.0
715,6,3,99,5,1,100.0,0,N,RURAL_VICTORIA,ROAD,1,16.0
716,2,3,99,2,1,50.0,1,I,TOWNS,ROAD,1,19.0
717,1,1,110,1,1,50.0,0,I,MELB_URBAN,DRIVE,1,13.0
718,1,4,121,1,1,60.0,0,I,MELB_URBAN,ROAD,1,8.0
719,1,3,130,2,1,100.0,0,I,RURAL_VICTORIA,ROAD,1,17.0
720,1,4,113,2,1,60.0,0,I,MELB_URBAN,UNKNOWN,1,8.0
721,1,3,130,1,1,70.0,0,N,MELB_URBAN,ROAD,1,11.0
722,1,5,99,5,1,50.0,0,N,MELBOURNE_CBD,STREET,1,8.0
723,4,4,173,2,1,70.0,0,I,MELB_URBAN,ROAD,1,9.0
724,3,1,167,5,1,100.0,0,N,RURAL_VICTORIA,ROAD,1,10.0
725,1,4,110,1,1,60.0,0,I,MELB_URBAN,ROAD,1,9.0
726,6,4,174,1,1,60.0,0,I,MELB_URBAN,ROAD,1,8.0
727,1,3,121,1,1,60.0,0,I,LARGE_PROVINCIAL_CITIES,STREET,1,8.0
728,1,4,121,2,1,60.0,0,I,MELB_URBAN,ROAD,1,11.0
729,4,4,173,5,1,100.0,0,N,RURAL_VICTORIA,ROAD,1,7.0
730,1,4,110,1,1,70.0,0,I,MELB_URBAN,ROAD,1,11.0
731,4,3,173,5,1,60.0,0,N,RURAL_VICTORIA,OTHER,1,12.0
732,6,2,174,5,1,40.0,0,N,MELB_URBAN,ROAD,1,17.0
733,8,4,170,5,1,60.0,0,N,SMALL_CITIES,STREET,1,11.0
734,1,4,121,1,1,50.0,0,I,MELB_URBAN,STREET,1,16.0
735,4,4,181,5,1,100.0,0,N,RURAL_VICTORIA,ROAD,1,8.0
736,1,4,99,5,1,60.0,0,N,MELB_URBAN,ROAD,1,16.0
737,1,4,130,5,1,80.0,0,N,MELB_URBAN,FREEWAY,1,17.0
738,4,4,171,2,1,60.0,0,I,MELB_URBAN,ROAD,1,16.0
739,1,4,130,5,1,80.0,0,N,MELB_URBAN,HIGHWAY,1,18.0
740,1,4,130,5,1,80.0,0,N,MELB_URBAN,ROAD,1,18.0
741,1,4,130,5,1,100.0,0,N,MELB_URBAN,ROAD,1,18.0
742,1,4,121,5,1,50.0,0,N,MELB_URBAN,STREET,1,19.0
743,1,3,121,2,3,60.0,0,N,MELB_URBAN,ROAD,1,21.0
744,6,4,174,1,3,60.0,0,I,MELB_URBAN,ROAD,1,22.0
745,1,4,120,5,1,60.0,0,N,MELB_URBAN,ROAD,1,18.0
746,1,4,121,1,3,60.0,0,I,MELB_URBAN,ROAD,1,22.0
747,4,4,171,2,3,50.0,0,I,MELB_URBAN,STREET,1,23.0
748,1,5,120,5,5,70.0,0,N,RURAL_VICTORIA,ROAD,1,5.0
749,2,5,102,5,2,50.0,0,N,MELB_URBAN,STREET,1,6.0
750,1,5,121,1,1,60.0,0,I,LARGE_PROVINCIAL_CITIES,STREET,1,9.0
751,1,5,130,2,1,80.0,0,I,MELB_URBAN,FREEWAY,1,8.0
752,8,5,174,1,1,80.0,0,N,MELB_URBAN,HIGHWAY,1,7.0
753,1,5,116,2,1,60.0,0,I,MELB_URBAN,ROAD,1,12.0
754,4,7,181,5,1,50.0,0,N,LARGE_PROVINCIAL_CITIES,ROAD,1,14.0
755,1,4,110,1,1,60.0,0,I,SMALL_CITIES,STREET,1,16.0
756,1,4,110,1,1,50.0,0,I,MELB_URBAN,ROAD,1,17.0
757,1,2,113,2,1,60.0,0,I,MELB_URBAN,ROAD,1,19.0
758,1,4,160,5,1,50.0,0,N,SMALL_CITIES,STREET,1,18.0
759,4,5,171,5,2,80.0,1,N,MELB_URBAN,STREET,1,6.0
760,6,5,174,5,1,100.0,0,N,RURAL_VICTORIA,ROAD,1,13.0
761,1,5,99,5,1,100.0,0,N,RURAL_VICTORIA,FREEWAY,1,14.0
762,6,5,170,1,1,50.0,0,I,MELB_URBAN,STREET,1,14.0
763,4,5,173,5,1,100.0,0,N,RURAL_VICTORIA,ROAD,1,16.0
764,2,5,100,5,1,60.0,0,N,MELB_URBAN,ROAD,1,17.0
765,1,5,113,2,1,50.0,0,I,MELB_URBAN,STREET,1,16.0
766,4,5,181,5,1,100.0,0,N,RURAL_VICTORIA,ROAD,1,17.0
767,2,5,100,5,1,50.0,0,N,MELB_URBAN,STREET,1,18.0
768,1,5,99,5,1,50.0,0,N,MELB_URBAN,ROAD,1,18.0
769,1,5,130,5,1,70.0,0,N,SMALL_CITIES,DRIVE,1,16.0
770,1,5,99,1,1,80.0,0,I,MELB_URBAN,HIGHWAY,1,16.0
771,2,5,99,2,1,60.0,0,I,MELB_URBAN,ROAD,1,17.0
772,1,5,135,5,1,60.0,0,N,MELB_URBAN,ROAD,1,15.0
773,1,5,99,5,1,40.0,0,N,MELB_URBAN,ROAD,1,16.0
774,4,5,181,5,2,100.0,0,N,RURAL_VICTORIA,ROAD,1,20.0
775,1,5,130,5,5,80.0,0,N,RURAL_VICTORIA,RAMP,1,23.0
776,1,5,121,4,3,80.0,0,N,MELB_URBAN,ROAD,1,21.0
777,1,6,130,5,3,60.0,0,N,MELB_URBAN,ROAD,1,0.0
778,1,4,130,5,3,70.0,0,N,LARGE_PROVINCIAL_CITIES,ROAD,1,22.0
779,4,6,173,4,5,80.0,0,N,RURAL_VICTORIA,ROAD,1,4.0
780,1,6,160,5,3,50.0,0,N,MELB_URBAN,OTHER,1,4.0
781,4,5,173,5,3,70.0,1,N,MELB_URBAN,ROAD,1,23.0
782,6,5,170,5,2,60.0,0,N,RURAL_VICTORIA,ROAD,1,18.0
783,1,5,121,1,3,60.0,0,I,MELB_URBAN,ROAD,1,23.0
784,2,6,102,1,1,50.0,0,I,MELB_URBAN,ROAD,1,7.0
785,1,3,130,2,1,60.0,0,N,RURAL_VICTORIA,RAMP,1,15.0
786,4,6,171,5,1,100.0,0,N,RURAL_VICTORIA,ROAD,1,9.0
787,4,6,171,5,1,50.0,0,N,LARGE_PROVINCIAL_CITIES,ROAD,1,10.0
788,1,6,113,2,1,60.0,0,I,MELB_URBAN,STREET,1,9.0
789,4,5,171,2,1,40.0,0,I,MELB_URBAN,STREET,1,9.0
790,1,5,160,5,1,50.0,0,N,MELBOURNE_CBD,STREET,1,18.0
791,2,4,100,1,1,40.0,0,I,MELB_URBAN,STREET,1,13.0
792,1,6,130,1,1,80.0,0,I,LARGE_PROVINCIAL_CITIES,HIGHWAY,1,11.0
793,4,6,99,2,1,100.0,0,I,RURAL_VICTORIA,ROAD,1,12.0
794,4,6,171,5,1,100.0,0,N,RURAL_VICTORIA,ROAD,1,12.0
795,4,6,173,2,1,50.0,0,I,MELB_URBAN,STREET,1,11.0
796,4,6,171,2,1,50.0,0,I,MELB_URBAN,DRIVE,1,11.0
797,1,6,147,5,1,60.0,0,N,MELB_URBAN,DRIVE,1,9.0
798,6,6,99,5,1,100.0,0,N,RURAL_VICTORIA,ROAD,1,11.0
799,4,6,171,2,1,50.0,1,I,MELB_URBAN,STREET,1,13.0
800,1,6,113,2,1,80.0,0,I,MELB_URBAN,ROAD,1,15.0
801,4,6,173,5,1,80.0,0,N,MELB_URBAN,HIGHWAY,1,14.0
802,1,6,121,2,1,80.0,0,I,MELB_URBAN,HIGHWAY,1,16.0
803,1,6,121,2,1,60.0,0,I,MELB_URBAN,ROAD,1,16.0
804,1,6,163,5,1,50.0,0,N,MELB_URBAN,STREET,1,18.0
805,2,6,100,5,1,60.0,0,N,MELB_URBAN,STREET,1,18.0
806,1,6,116,4,1,80.0,0,N,MELB_URBAN,HIGHWAY,1,16.0
807,1,6,120,5,1,100.0,0,N,MELB_URBAN,ROAD,1,18.0
808,1,6,130,1,1,60.0,0,I,LARGE_PROVINCIAL_CITIES,ROAD,1,16.0
809,1,6,121,1,1,60.0,0,N,MELB_URBAN,ROAD,1,17.0
810,8,5,184,4,1,60.0,0,N,MELB_URBAN,RAMP,1,10.0
811,4,6,171,5,5,100.0,0,N,RURAL_VICTORIA,AVENUE,1,22.0
812,1,7,99,5,3,50.0,0,N,MELB_URBAN,STREET,1,2.0
813,1,7,160,5,3,50.0,0,N,MELB_URBAN,STREET,1,1.0
814,1,6,110,1,3,70.0,0,I,MELB_URBAN,ROAD,1,23.0
815,1,7,133,5,3,80.0,0,N,MELB_URBAN,ROAD,1,0.0
816,4,5,173,5,1,70.0,0,N,RURAL_VICTORIA,ROAD,1,9.0
817,1,7,113,2,2,50.0,0,I,SMALL_CITIES,STREET,1,5.0
818,1,7,116,2,1,50.0,0,I,SMALL_CITIES,ROAD,1,7.0
819,1,6,130,5,1,80.0,0,N,MELB_URBAN,FREEWAY,1,15.0
820,1,2,130,2,1,60.0,0,I,MELB_URBAN,STREET,1,14.0
821,1,7,121,2,1,50.0,0,I,MELB_URBAN,STREET,1,10.0
822,1,7,147,1,1,80.0,0,I,MELB_URBAN,ROAD,1,9.0
823,1,6,163,1,1,60.0,0,I,MELBOURNE_CBD,STREET,1,17.0
824,1,7,120,5,1,60.0,0,N,MELB_URBAN,STREET,1,8.0
825,2,4,100,5,2,50.0,0,N,LARGE_PROVINCIAL_CITIES,STREET,1,20.0
826,1,6,130,2,1,80.0,0,N,MELB_URBAN,ROAD,1,16.0
827,6,5,174,2,3,50.0,0,I,MELB_URBAN,STREET,1,21.0
828,2,7,102,1,1,60.0,0,I,MELB_URBAN,STREET,1,11.0
829,8,7,184,5,1,80.0,0,N,RURAL_VICTORIA,ROAD,1,13.0
830,8,5,184,5,1,80.0,0,N,RURAL_VICTORIA,ROAD,1,8.0
831,8,7,184,5,1,100.0,0,N,RURAL_VICTORIA,ROAD,1,11.0
832,8,5,174,2,1,100.0,0,I,RURAL_VICTORIA,HIGHWAY,1,15.0
833,5,7,99,5,1,60.0,0,UNKNOWN,UNKNOWN,UNKNOWN,1,12.0
834,5,7,99,5,1,100.0,0,N,RURAL_VICTORIA,ROAD,1,13.0
835,1,7,130,5,1,60.0,0,N,MELB_URBAN,ROAD,1,13.0
836,6,7,99,5,1,100.0,0,N,RURAL_VICTORIA,ROAD,1,14.0
837,4,7,181,5,1,80.0,0,N,RURAL_VICTORIA,ROAD,1,14.0
838,1,6,140,5,1,60.0,0,N,MELB_URBAN,ROAD,1,16.0
839,1,7,132,2,1,60.0,0,I,MELB_URBAN,ROAD,1,17.0
840,1,7,160,5,1,70.0,0,N,MELB_URBAN,HIGHWAY,1,17.0
841,1,7,140,5,1,60.0,0,N,MELB_URBAN,PARADE,1,16.0
842,1,7,120,5,1,60.0,0,N,MELB_URBAN,STREET,1,16.0
843,1,7,130,2,1,60.0,0,I,MELB_URBAN,OTHER,1,18.0
844,1,6,121,1,3,70.0,0,I,MELB_URBAN,ROAD,1,22.0
845,4,7,171,5,1,100.0,1,N,RURAL_VICTORIA,ROAD,1,15.0
846,8,7,174,5,2,60.0,0,N,RURAL_VICTORIA,ROAD,1,20.0
847,1,1,99,1,3,60.0,0,I,MELB_URBAN,ROAD,1,1.0
848,1,1,130,2,3,60.0,0,I,MELB_URBAN,STREET,1,0.0
849,4,1,173,5,5,110.0,0,N,RURAL_VICTORIA,HIGHWAY,1,3.0
850,1,6,130,1,1,60.0,0,I,LARGE_PROVINCIAL_CITIES,STREET,1,8.0
851,4,0,173,4,1,60.0,0,I,MELB_URBAN,ROAD,1,7.0
852,8,1,174,2,1,100.0,0,I,RURAL_VICTORIA,ROAD,1,10.0
853,4,7,171,1,1,80.0,0,I,RURAL_VICTORIA,ROAD,1,15.0
854,1,1,99,5,1,80.0,0,N,MELB_URBAN,HIGHWAY,1,12.0
855,1,5,113,2,1,60.0,0,I,MELB_URBAN,STREET,1,7.0
856,8,1,170,1,1,80.0,0,I,MELB_URBAN,ROAD,1,13.0
857,3,5,167,5,5,100.0,0,N,RURAL_VICTORIA,HIGHWAY,1,22.0
858,1,5,99,2,1,70.0,0,N,MELB_URBAN,ROAD,1,7.0
859,1,2,110,1,1,50.0,0,I,MELB_URBAN,STREET,1,15.0
860,6,7,184,5,1,100.0,0,N,RURAL_VICTORIA,HIGHWAY,1,19.0
861,4,1,173,5,1,50.0,0,N,MELB_URBAN,STREET,1,15.0
862,1,1,147,5,1,80.0,0,N,MELB_URBAN,ROAD,1,17.0
863,2,1,99,2,1,40.0,0,I,MELB_URBAN,STREET,1,17.0
864,1,1,110,1,1,80.0,0,I,RURAL_VICTORIA,ROAD,1,18.0
865,1,1,140,2,2,60.0,0,I,MELB_URBAN,ROAD,1,19.0
866,1,5,99,2,1,60.0,0,I,MELB_URBAN,ROAD,1,11.0
867,2,1,99,2,3,60.0,0,I,MELB_URBAN,STREET,1,23.0
868,4,2,171,2,3,60.0,0,I,MELB_URBAN,STREET,1,3.0
869,4,2,171,5,5,100.0,0,N,MELB_URBAN,HIGHWAY,1,3.0
870,4,2,173,5,2,100.0,0,N,RURAL_VICTORIA,ROAD,1,4.0
871,4,2,173,5,2,50.0,0,N,MELB_URBAN,STREET,1,7.0
872,8,1,174,5,1,100.0,1,N,RURAL_VICTORIA,ROAD,1,11.0
873,1,2,147,5,1,60.0,0,N,MELB_URBAN,ROAD,1,8.0
874,1,2,133,5,1,60.0,0,N,MELB_URBAN,ROAD,1,9.0
875,4,2,171,5,1,60.0,0,N,MELB_URBAN,STREET,1,7.0
876,1,2,163,5,1,60.0,0,N,MELB_URBAN,ROAD,1,7.0
877,6,1,170,5,1,110.0,0,N,RURAL_VICTORIA,FREEWAY,1,15.0
878,6,2,184,5,1,100.0,0,N,RURAL_VICTORIA,HIGHWAY,1,8.0
879,1,2,120,5,1,60.0,0,N,TOWNS,HIGHWAY,1,8.0
880,2,2,102,5,1,50.0,0,N,MELB_URBAN,ROAD,1,10.0
881,4,2,171,5,1,60.0,0,N,SMALL_CITIES,STREET,1,12.0
882,2,2,100,1,1,50.0,0,I,SMALL_CITIES,AVENUE,1,12.0
883,1,2,116,1,1,60.0,0,I,TOWNS,STREET,1,6.0
884,4,2,181,5,1,100.0,0,N,RURAL_VICTORIA,OTHER,1,12.0
885,1,2,121,1,1,60.0,0,N,MELB_URBAN,ROAD,1,8.0
886,4,2,173,5,1,100.0,0,N,RURAL_VICTORIA,ROAD,1,11.0
887,1,2,132,5,1,50.0,0,N,TOWNS,STREET,1,10.0
888,1,2,132,2,1,60.0,0,N,MELB_URBAN,ROAD,1,14.0
889,1,6,147,5,1,60.0,0,N,SMALL_CITIES,STREET,1,17.0
890,1,1,110,1,1,60.0,0,I,MELB_URBAN,ROAD,1,14.0
891,1,2,140,4,1,60.0,0,N,MELB_URBAN,ROAD,1,13.0
892,1,2,99,5,1,60.0,0,N,MELB_URBAN,ROAD,1,14.0
893,1,2,120,5,1,60.0,0,N,RURAL_VICTORIA,HIGHWAY,1,15.0
894,1,2,110,1,1,50.0,0,I,MELB_URBAN,STREET,1,18.0
895,1,2,121,1,1,60.0,0,I,TOWNS,STREET,1,13.0
896,1,2,99,2,1,40.0,0,I,MELB_URBAN,STREET,1,17.0
897,1,2,110,1,1,60.0,0,I,MELB_URBAN,ROAD,1,18.0
898,1,2,130,5,1,50.0,0,N,LARGE_PROVINCIAL_CITIES,STREET,1,13.0
899,8,1,174,2,1,60.0,0,I,SMALL_TOWNS,ROAD,1,12.0
900,1,2,130,1,1,70.0,0,I,MELB_URBAN,ROAD,1,18.0
901,1,1,113,3,1,80.0,0,I,RURAL_VICTORIA,ROAD,1,17.0
902,8,2,99,5,1,100.0,0,N,RURAL_VICTORIA,HIGHWAY,1,18.0
903,1,2,135,5,1,60.0,0,N,MELB_URBAN,ROAD,1,18.0
904,4,2,99,5,1,80.0,0,N,RURAL_VICTORIA,ROAD,1,18.0
905,1,1,133,5,1,60.0,0,N,MELB_URBAN,ROAD,1,17.0
906,1,2,110,1,2,50.0,0,I,MELB_URBAN,STREET,1,20.0
907,4,1,171,5,3,50.0,0,N,SMALL_CITIES,STREET,1,4.0
908,1,2,99,5,3,50.0,0,N,MELB_URBAN,ROAD,1,21.0
909,4,2,183,5,2,60.0,0,N,MELB_URBAN,ROAD,1,6.0
910,4,3,171,1,3,60.0,0,I,MELB_URBAN,STREET,1,2.0
911,4,3,171,1,3,60.0,0,I,LARGE_PROVINCIAL_CITIES,STREET,1,2.0
912,1,3,147,5,3,70.0,0,I,MELB_URBAN,ROAD,1,4.0
913,1,3,111,1,1,60.0,0,I,MELB_URBAN,ROAD,1,7.0
914,1,3,163,2,1,40.0,0,I,MELB_URBAN,STREET,1,8.0
915,1,4,130,5,1,60.0,0,N,MELB_URBAN,ROAD,1,19.0
916,1,3,110,1,1,50.0,0,I,MELB_URBAN,STREET,1,8.0
917,1,2,99,4,1,80.0,0,N,MELB_URBAN,FREEWAY,1,17.0
918,4,2,171,5,3,60.0,0,N,MELB_URBAN,PARADE,1,4.0
919,1,2,135,5,1,70.0,0,N,MELB_URBAN,STREET,1,8.0
920,1,7,140,5,1,70.0,0,N,MELB_URBAN,ROAD,1,15.0
921,8,3,174,1,1,40.0,0,I,MELBOURNE_CBD,STREET,1,16.0
922,4,7,183,5,1,80.0,0,N,RURAL_VICTORIA,ROAD,1,13.0
923,2,3,99,2,1,50.0,0,I,MELB_URBAN,ROAD,1,7.0
924,1,3,130,5,1,70.0,0,N,MELB_URBAN,STREET,1,11.0
925,4,3,181,5,1,100.0,1,N,RURAL_VICTORIA,ROAD,1,8.0
926,1,4,130,5,1,80.0,0,N,MELB_URBAN,ROAD,1,15.0
927,1,3,99,4,1,80.0,0,N,MELB_URBAN,ROAD,1,10.0
928,8,3,174,2,1,40.0,0,I,MELB_URBAN,ROAD,1,8.0
929,1,3,121,1,1,60.0,0,I,MELB_URBAN,OTHER,1,10.0
930,1,6,130,2,1,60.0,0,I,MELB_URBAN,ROAD,1,16.0
931,4,3,173,5,1,100.0,0,N,RURAL_VICTORIA,ROAD,1,13.0
932,1,3,160,5,1,70.0,0,N,MELB_URBAN,ROAD,1,15.0
933,1,3,130,2,1,70.0,0,I,MELB_URBAN,ROAD,1,15.0
934,1,4,111,1,1,100.0,0,N,MELB_URBAN,ROAD,1,16.0
935,1,3,135,5,1,100.0,0,N,MELB_URBAN,ROAD,1,14.0
936,8,3,174,5,1,60.0,0,N,MELB_URBAN,STREET,1,7.0
937,8,5,184,5,1,60.0,0,N,RURAL_VICTORIA,ROAD,1,11.0
938,2,3,99,2,1,60.0,0,I,MELB_URBAN,STREET,1,17.0
939,1,3,130,2,1,60.0,0,I,MELB_URBAN,ROAD,1,17.0
940,1,2,121,1,1,70.0,0,I,MELB_URBAN,ROAD,1,18.0
941,6,3,184,5,1,60.0,0,N,RURAL_VICTORIA,ROAD,1,12.0
942,4,3,171,2,1,50.0,0,I,MELB_URBAN,DRIVE,1,19.0
943,1,3,113,2,1,60.0,0,I,MELB_URBAN,ROAD,1,16.0
944,2,3,99,5,1,70.0,0,N,MELB_URBAN,STREET,1,8.0
945,4,3,173,5,3,50.0,0,N,MELB_URBAN,AVENUE,1,21.0
946,1,3,99,1,3,60.0,0,I,MELB_URBAN,ROAD,1,21.0
947,7,3,99,5,1,100.0,0,N,RURAL_VICTORIA,ROAD,1,19.0
948,1,3,160,5,3,70.0,0,N,MELB_URBAN,ROAD,1,22.0
949,6,4,99,5,5,110.0,0,N,RURAL_VICTORIA,HIGHWAY,2,2.0
950,4,4,173,5,1,100.0,0,N,RURAL_VICTORIA,ROAD,2,8.0
951,6,3,170,5,1,80.0,0,N,TOWNS,ROAD,1,16.0
952,8,7,99,5,1,100.0,0,N,RURAL_VICTORIA,ROAD,1,11.0
953,8,6,170,2,1,60.0,0,I,MELB_URBAN,STREET,1,6.0
954,4,4,171,2,1,50.0,0,I,MELB_URBAN,STREET,2,7.0
955,8,5,174,5,1,100.0,0,N,RURAL_VICTORIA,ROAD,1,12.0
956,1,4,130,5,1,90.0,0,N,MELB_URBAN,ROAD,2,7.0
957,1,3,99,4,1,80.0,1,I,MELB_URBAN,RAMP,2,7.0
958,1,4,147,5,1,60.0,0,N,SMALL_CITIES,STREET,2,11.0
959,6,2,174,1,2,80.0,0,I,MELB_URBAN,HIGHWAY,1,6.0
960,1,4,121,2,1,60.0,0,I,MELB_URBAN,STREET,2,8.0
961,2,3,99,5,1,60.0,0,N,MELB_URBAN,STREET,1,11.0
962,1,1,130,5,1,80.0,0,N,MELB_URBAN,ROAD,1,16.0
963,1,4,163,1,1,50.0,0,I,MELB_URBAN,STREET,2,7.0
964,8,7,174,5,1,90.0,0,N,RURAL_VICTORIA,ROAD,1,16.0
965,1,4,110,1,1,50.0,0,I,MELB_URBAN,STREET,2,9.0
966,8,4,174,2,1,80.0,0,I,RURAL_VICTORIA,ROAD,2,13.0
967,1,4,111,1,1,50.0,0,I,MELB_URBAN,STREET,2,14.0
968,1,4,121,2,1,50.0,0,I,MELB_URBAN,STREET,2,8.0
969,4,4,173,5,1,100.0,0,N,RURAL_VICTORIA,ROAD,2,12.0
970,4,4,173,5,1,80.0,0,N,RURAL_VICTORIA,ROAD,2,12.0
971,1,3,134,5,1,60.0,0,N,MELB_URBAN,ROAD,1,17.0
972,2,4,102,2,1,40.0,0,I,MELB_URBAN,ROAD,2,16.0
973,2,4,99,1,1,60.0,0,I,MELB_URBAN,ROAD,2,16.0
974,8,5,174,1,1,50.0,0,I,LARGE_PROVINCIAL_CITIES,STREET,1,17.0
975,2,4,99,5,1,40.0,0,N,MELB_URBAN,STREET,2,18.0
976,1,4,132,2,1,100.0,0,N,RURAL_VICTORIA,ROAD,2,16.0
977,6,4,174,4,1,50.0,0,I,LARGE_PROVINCIAL_CITIES,ROAD,2,17.0
978,1,4,130,1,1,70.0,0,I,MELB_URBAN,ROAD,2,17.0
979,4,4,173,1,1,100.0,0,I,RURAL_VICTORIA,ROAD,2,17.0
980,1,4,99,2,1,50.0,0,N,MELB_URBAN,BOULEVARD,2,17.0
981,1,4,99,5,3,50.0,0,N,MELBOURNE_CBD,STREET,2,20.0
982,1,4,110,1,1,50.0,0,I,MELB_URBAN,STREET,2,17.0
983,4,4,171,5,5,100.0,0,N,RURAL_VICTORIA,ROAD,2,21.0
984,1,5,121,1,3,70.0,0,I,MELB_URBAN,ROAD,2,1.0
985,1,5,121,5,2,50.0,0,N,MELB_URBAN,ROAD,2,6.0
986,1,5,130,5,1,50.0,0,N,MELB_URBAN,STREET,2,7.0
987,1,3,99,1,2,60.0,0,I,MELB_URBAN,HIGHWAY,1,20.0
988,1,5,130,2,1,80.0,0,I,MELB_URBAN,HIGHWAY,2,7.0
989,1,5,130,5,1,60.0,0,N,LARGE_PROVINCIAL_CITIES,OTHER,2,7.0
990,1,4,99,1,1,100.0,0,I,RURAL_VICTORIA,ROAD,2,15.0
991,1,5,121,1,1,70.0,0,I,MELB_URBAN,HIGHWAY,2,7.0
992,1,5,163,2,1,50.0,0,I,MELBOURNE_CBD,OTHER,2,9.0
993,1,5,99,2,1,60.0,0,I,MELB_URBAN,STREET,2,9.0
994,1,5,99,5,1,100.0,0,N,MELB_URBAN,FREEWAY,2,8.0
995,1,5,99,5,1,60.0,0,N,MELB_URBAN,STREET,2,9.0
996,1,4,99,2,1,80.0,0,N,MELB_URBAN,HIGHWAY,2,15.0
997,1,5,171,5,1,50.0,0,N,TOWNS,STREET,2,11.0
998,1,5,130,1,1,70.0,0,I,MELB_URBAN,HIGHWAY,2,8.0
999,1,5,140,5,1,50.0,0,N,MELB_URBAN,ROAD,2,7.0
1000,2,5,102,1,1,50.0,0,I,MELBOURNE_CBD,STREET,2,12.0
1001,1,6,130,5,1,100.0,0,N,MELB_URBAN,FREEWAY,1,15.0
1002,1,5,147,2,1,50.0,0,I,MELB_URBAN,ROAD,2,12.0
1003,1,5,130,5,1,60.0,0,N,MELB_URBAN,ROAD,2,12.0
1004,1,5,140,2,1,50.0,0,I,MELB_URBAN,STREET,2,10.0
1005,2,1,99,5,3,60.0,0,N,TOWNS,STREET,1,4.0
1006,1,2,130,5,1,50.0,0,N,MELB_URBAN,PARADE,1,17.0
1007,1,3,99,2,1,50.0,0,I,MELB_URBAN,ROAD,1,11.0
1008,1,3,110,1,1,50.0,0,I,TOWNS,ROAD,1,13.0
1009,1,5,99,2,1,70.0,0,I,RURAL_VICTORIA,ROAD,2,15.0
1010,1,5,110,1,1,70.0,0,I,MELB_URBAN,ROAD,2,16.0
1011,4,7,171,5,2,60.0,0,N,RURAL_VICTORIA,ROAD,1,19.0
1012,8,4,184,5,1,80.0,0,N,RURAL_VICTORIA,ROAD,2,18.0
1013,1,5,132,2,1,60.0,0,I,MELB_URBAN,ROAD,2,15.0
1014,6,5,174,5,1,100.0,0,N,SMALL_TOWNS,ROAD,2,18.0
1015,1,5,171,2,3,50.0,0,I,MELB_URBAN,STREET,2,22.0
1016,1,5,99,5,1,50.0,0,N,MELB_URBAN,DRIVE,1,15.0
1017,1,6,110,1,1,40.0,0,I,MELB_URBAN,STREET,2,8.0
1018,1,6,121,2,1,60.0,0,I,MELB_URBAN,STREET,2,6.0
1019,1,6,99,5,1,60.0,0,N,MELB_URBAN,ROAD,2,7.0
1020,1,6,121,1,1,40.0,0,I,MELB_URBAN,ROAD,2,8.0
1021,6,5,99,5,1,60.0,0,N,RURAL_VICTORIA,ROAD,2,17.0
1022,5,1,99,5,1,60.0,0,N,RURAL_VICTORIA,ROAD,1,15.0
1023,1,5,110,1,3,60.0,0,I,MELB_URBAN,ROAD,2,21.0
1024,1,6,110,1,1,50.0,0,I,SMALL_CITIES,STREET,2,9.0
1025,1,5,132,2,3,60.0,0,I,MELB_URBAN,ROAD,2,22.0
1026,1,6,121,5,1,60.0,0,N,MELB_URBAN,ROAD,2,10.0
1027,2,6,100,1,1,60.0,0,I,MELB_URBAN,ROAD,2,11.0
1028,2,5,99,5,1,100.0,0,N,RURAL_VICTORIA,ROAD,2,13.0
1029,1,6,110,1,1,50.0,0,I,MELB_URBAN,DRIVE,2,12.0
1030,1,6,113,2,1,50.0,0,I,MELB_URBAN,STREET,2,11.0
1031,2,6,102,2,1,60.0,0,I,MELB_URBAN,PARADE,2,9.0
1032,2,6,99,5,1,50.0,0,N,MELB_URBAN,STREET,1,10.0
1033,1,6,121,2,1,70.0,0,N,MELB_URBAN,ROAD,2,12.0
1034,5,1,99,5,1,110.0,0,N,RURAL_VICTORIA,FREEWAY,1,12.0
1035,6,6,99,5,1,50.0,0,N,SMALL_TOWNS,ROAD,2,15.0
1036,4,3,173,1,1,60.0,0,I,MELB_URBAN,STREET,1,19.0
1037,4,6,173,5,1,100.0,0,N,RURAL_VICTORIA,ROAD,2,13.0
1038,1,6,130,5,1,80.0,0,N,MELB_URBAN,ROAD,2,15.0
1039,1,6,160,5,1,60.0,0,N,MELB_URBAN,STREET,2,16.0
1040,8,1,174,1,1,60.0,0,I,MELB_URBAN,ROAD,1,15.0