,accident_type,day_of_week,dca_code,road_geometry,light_condition,speed_zone,severity,node_type,deg_urban_name,road_type,month,hour
1041,4,2,171,5,1,60.0,0,N,MELB_URBAN,ROAD,1,9.0
1042,1,6,140,2,1,60.0,1,I,MELB_URBAN,ROAD,2,13.0
1043,1,6,121,1,1,80.0,0,I,MELB_URBAN,ROAD,2,15.0
1044,1,6,99,5,3,60.0,0,N,MELB_URBAN,STREET,2,21.0
1045,1,6,133,5,3,60.0,0,N,MELB_URBAN,RAMP,2,21.0
1046,1,2,133,1,1,60.0,0,I,MELB_URBAN,ROAD,1,17.0
1047,1,6,140,5,3,60.0,0,N,MELB_URBAN,STREET,2,22.0
1048,4,7,173,5,3,80.0,0,N,MELB_URBAN,HIGHWAY,2,1.0
1049,1,7,121,2,1,50.0,0,I,MELB_URBAN,ROAD,2,7.0
1050,2,7,99,5,1,60.0,0,N,MELB_URBAN,ROAD,2,8.0
1051,1,4,121,2,6,60.0,0,I,MELB_URBAN,ROAD,2,22.0
1052,4,7,173,5,1,60.0,0,N,MELB_URBAN,ROAD,2,8.0
1053,1,7,110,1,1,60.0,0,I,MELB_URBAN,ROAD,2,9.0
1054,1,1,121,1,1,60.0,0,I,MELB_URBAN,STREET,1,12.0
1055,1,7,147,5,1,60.0,0,N,MELB_URBAN,STREET,2,8.0
1056,5,7,99,5,1,60.0,0,N,SMALL_TOWNS,ROAD,2,10.0
1057,1,6,99,2,1,60.0,0,I,MELB_URBAN,ROAD,2,6.0
1058,6,7,170,2,1,50.0,0,I,MELB_URBAN,ROAD,2,12.0
1059,1,6,135,1,1,60.0,0,I,MELB_URBAN,ROAD,2,13.0
1060,4,7,171,5,1,50.0,0,N,MELB_URBAN,STREET,2,11.0
1061,1,7,113,2,1,60.0,0,I,MELB_URBAN,ROAD,2,11.0
1062,1,7,99,2,1,50.0,0,I,SMALL_CITIES,OTHER,2,12.0
1063,8,4,174,5,1,50.0,0,N,MELB_URBAN,OTHER,2,16.0
1064,4,7,171,5,1,100.0,0,N,RURAL_VICTORIA,ROAD,2,10.0
1065,6,7,99,5,1,80.0,0,N,SMALL_TOWNS,ROAD,2,11.0
1066,1,7,121,5,1,60.0,0,N,MELB_URBAN,ROAD,2,11.0
1067,1,7,130,5,1,80.0,0,N,MELB_URBAN,ROAD,2,12.0
1068,1,5,99,5,1,50.0,0,N,LARGE_PROVINCIAL_CITIES,STREET,1,16.0
1069,4,7,173,5,1,50.0,0,N,MELB_URBAN,STREET,2,15.0
1070,1,7,99,2,1,60.0,1,I,MELB_URBAN,ROAD,2,12.0
1071,1,6,135,5,3,100.0,0,N,MELB_URBAN,FREEWAY,2,20.0
1072,4,7,171,5,1,60.0,0,N,LARGE_PROVINCIAL_CITIES,STREET,2,15.0
1073,7,7,99,5,1,80.0,0,N,MELB_URBAN,ROAD,2,16.0
1074,5,7,99,5,1,60.0,0,N,RURAL_VICTORIA,ROAD,2,15.0
1075,1,7,99,2,1,50.0,0,I,MELB_URBAN,DRIVE,2,17.0
1076,1,7,110,1,1,50.0,0,I,TOWNS,STREET,2,18.0
1077,1,7,111,1,1,60.0,0,I,MELB_URBAN,ROAD,2,18.0
1078,1,3,121,2,1,50.0,0,I,SMALL_CITIES,STREET,1,19.0
1079,1,7,99,5,1,100.0,0,N,RURAL_VICTORIA,HIGHWAY,2,19.0
1080,4,7,171,2,5,100.0,0,I,RURAL_VICTORIA,ROAD,2,22.0
1081,1,1,99,1,3,40.0,0,I,MELB_URBAN,STREET,2,1.0
1082,1,7,130,1,1,100.0,0,I,MELB_URBAN,ROAD,2,9.0
1083,1,7,130,5,1,60.0,0,N,LARGE_PROVINCIAL_CITIES,ROAD,2,10.0
1084,4,7,173,5,5,100.0,0,N,RURAL_VICTORIA,ROAD,2,3.0
1085,6,1,99,5,5,100.0,0,N,RURAL_VICTORIA,ROAD,2,3.0
1086,6,1,174,2,1,60.0,0,I,MELB_URBAN,HIGHWAY,1,11.0
1087,1,1,121,1,1,80.0,0,I,MELB_URBAN,ROAD,2,8.0
1088,4,0,181,5,1,100.0,0,N,RURAL_VICTORIA,OTHER,2,10.0
1089,1,1,121,2,1,70.0,0,I,MELB_URBAN,ROAD,2,11.0
1090,1,7,130,5,1,60.0,0,N,MELB_URBAN,ROAD,2,13.0
1091,4,1,183,5,1,100.0,0,N,RURAL_VICTORIA,ROAD,2,11.0
1092,6,7,99,5,1,100.0,0,N,RURAL_VICTORIA,ROAD,2,15.0
1093,1,7,120,5,1,100.0,0,N,RURAL_VICTORIA,ROAD,2,16.0
1094,1,1,140,5,1,70.0,0,N,MELB_URBAN,ROAD,2,12.0
1095,1,1,121,2,1,80.0,0,I,MELB_URBAN,HIGHWAY,2,14.0
1096,1,7,110,1,2,50.0,0,I,SMALL_CITIES,STREET,2,19.0
1097,1,1,110,1,1,80.0,0,I,RURAL_VICTORIA,ROAD,2,13.0
1098,4,1,171,5,1,100.0,0,N,RURAL_VICTORIA,HIGHWAY,2,13.0
1099,1,1,99,1,1,50.0,0,I,LARGE_PROVINCIAL_CITIES,STREET,2,13.0
1100,1,1,130,5,1,80.0,0,N,MELB_URBAN,ROAD,2,14.0
1101,4,1,183,5,1,80.0,0,N,RURAL_VICTORIA,ROAD,2,9.0
1102,1,1,121,1,1,60.0,0,I,MELB_URBAN,ROAD,2,12.0
1103,1,1,120,5,1,80.0,0,N,RURAL_VICTORIA,ROAD,2,14.0
1104,1,7,130,2,1,70.0,0,I,MELB_URBAN,ROAD,2,11.0
1105,1,1,110,1,1,60.0,0,I,MELB_URBAN,ROAD,2,15.0
1106,4,0,171,1,1,80.0,0,N,MELB_URBAN,ROAD,2,16.0
1107,1,2,163,5,1,60.0,0,N,MELB_URBAN,STREET,1,12.0
1108,8,1,99,5,1,80.0,0,N,RURAL_VICTORIA,ROAD,2,10.0
1109,1,1,121,1,1,60.0,0,I,MELB_URBAN,STREET,2,17.0
1110,4,1,173,5,1,100.0,0,N,MELB_URBAN,ROAD,2,12.0
1111,1,1,147,5,1,60.0,0,N,TOWNS,STREET,2,18.0
1112,1,1,130,1,1,60.0,0,I,MELB_URBAN,ROAD,2,18.0
1113,8,1,99,1,1,60.0,0,I,TOWNS,STREET,2,19.0
1114,7,1,99,1,1,50.0,0,I,SMALL_TOWNS,STREET,2,16.0
1115,1,1,113,2,1,50.0,0,I,MELB_URBAN,AVENUE,2,18.0
1116,1,1,110,1,3,100.0,0,N,RURAL_VICTORIA,FREEWAY,2,22.0
1117,1,1,130,5,1,70.0,0,I,MELB_URBAN,ROAD,2,12.0
1118,1,6,130,2,1,40.0,0,I,MELB_URBAN,STREET,2,12.0
1119,1,2,110,1,3,80.0,0,I,MELB_URBAN,ROAD,2,4.0
1120,2,1,99,5,1,60.0,0,N,MELB_URBAN,HIGHWAY,2,12.0
1121,6,2,174,1,3,60.0,0,I,MELB_URBAN,STREET,1,23.0
1122,1,1,130,1,1,60.0,0,I,MELB_URBAN,STREET,2,17.0
1123,1,2,113,2,1,60.0,0,I,MELB_URBAN,ROAD,2,8.0
1124,1,2,130,5,1,100.0,0,N,MELB_URBAN,FREEWAY,2,8.0
1125,4,2,171,5,2,80.0,0,N,RURAL_VICTORIA,ROAD,2,6.0
1126,2,2,100,5,1,50.0,0,N,MELB_URBAN,STREET,2,9.0
1127,1,2,121,1,1,70.0,0,I,MELB_URBAN,OTHER,2,9.0
1128,1,7,111,1,1,100.0,0,I,RURAL_VICTORIA,ROAD,2,13.0
1129,1,1,113,1,1,80.0,0,I,LARGE_PROVINCIAL_CITIES,ROAD,2,13.0
1130,1,2,140,5,1,50.0,0,N,MELB_URBAN,STREET,2,11.0
1131,6,2,99,5,1,80.0,0,N,MELB_URBAN,HIGHWAY,2,11.0
1132,7,1,99,5,1,50.0,0,N,MELB_URBAN,ROAD,2,13.0
1133,5,6,99,1,1,50.0,0,I,MELBOURNE_CBD,STREET,2,17.0
1134,1,2,113,2,1,60.0,0,I,MELB_URBAN,ROAD,2,13.0
1135,6,6,170,5,1,100.0,0,N,RURAL_VICTORIA,HIGHWAY,2,13.0
1136,8,7,99,5,1,80.0,0,N,RURAL_VICTORIA,HIGHWAY,2,17.0
1137,1,2,130,5,1,40.0,0,N,TOWNS,ROAD,2,13.0
1138,1,2,99,2,1,70.0,0,I,LARGE_PROVINCIAL_CITIES,OTHER,2,14.0
1139,4,2,99,5,1,60.0,0,N,MELB_URBAN,ROAD,2,12.0
1140,8,2,174,5,1,60.0,0,N,RURAL_VICTORIA,ROAD,2,8.0
1141,1,2,99,1,1,60.0,0,I,MELB_URBAN,ROAD,1,17.0
1142,1,2,111,1,1,100.0,0,I,RURAL_VICTORIA,HIGHWAY,2,14.0
1143,5,6,99,5,1,100.0,0,N,MELB_URBAN,FREEWAY,2,11.0
1144,1,2,130,5,1,70.0,0,N,MELB_URBAN,ROAD,2,16.0
1145,2,2,100,1,1,60.0,0,I,MELB_URBAN,ROAD,2,18.0
1146,1,2,110,1,1,60.0,0,I,MELB_URBAN,ROAD,2,18.0
1147,4,2,171,2,1,50.0,0,I,LARGE_PROVINCIAL_CITIES,STREET,2,17.0
1148,1,2,121,1,1,50.0,0,I,MELB_URBAN,STREET,2,16.0
1149,1,2,130,1,1,80.0,0,I,MELB_URBAN,HIGHWAY,2,15.0
1150,1,2,160,2,1,60.0,0,I,MELB_URBAN,STREET,2,18.0
1151,1,2,99,2,1,50.0,0,I,MELB_URBAN,OTHER,2,19.0
1152,1,2,130,1,1,60.0,0,I,LARGE_PROVINCIAL_CITIES,STREET,2,20.0
1153,1,2,99,1,1,50.0,0,I,MELB_URBAN,STREET,2,8.0
1154,1,1,99,5,1,60.0,0,N,LARGE_PROVINCIAL_CITIES,STREET,2,15.0
1155,2,2,100,5,1,70.0,0,N,LARGE_PROVINCIAL_CITIES,ROAD,2,14.0
1156,8,2,174,5,1,50.0,0,N,MELB_URBAN,STREET,2,17.0
1157,1,2,130,5,1,60.0,0,N,MELB_URBAN,ROAD,2,18.0
1158,7,2,174,5,5,80.0,0,N,MELB_URBAN,ROAD,2,20.0
1159,1,4,147,5,1,60.0,0,N,MELB_URBAN,STREET,2,8.0
1160,1,2,113,2,1,60.0,0,I,TOWNS,AVENUE,2,19.0
1161,1,5,110,1,2,50.0,0,I,MELB_URBAN,ROAD,2,7.0
1162,2,2,99,5,3,40.0,0,N,MELB_URBAN,PARADE,2,20.0
1163,1,2,110,1,1,60.0,0,I,SMALL_CITIES,AVENUE,2,14.0
1164,1,2,130,5,3,80.0,0,N,MELB_URBAN,ROAD,2,21.0
1165,1,2,110,1,3,60.0,0,I,TOWNS,STREET,2,22.0
1166,1,2,130,2,1,60.0,0,I,SMALL_CITIES,AVENUE,2,16.0
1167,1,2,110,1,3,60.0,0,I,MELB_URBAN,ROAD,2,21.0
1168,2,3,99,2,1,60.0,0,I,LARGE_PROVINCIAL_CITIES,AVENUE,2,7.0
1169,1,3,121,2,1,60.0,0,I,MELB_URBAN,ROAD,2,7.0
1170,8,1,174,4,1,60.0,0,I,MELB_URBAN,ROAD,2,8.0
1171,1,3,121,2,1,40.0,0,I,MELBOURNE_CBD,STREET,2,8.0
1172,2,3,99,5,1,50.0,0,N,MELB_URBAN,STREET,2,6.0
1173,1,3,99,5,1,80.0,0,N,MELB_URBAN,ROAD,2,8.0
1174,1,3,130,5,1,100.0,0,N,MELB_URBAN,FREEWAY,2,9.0
1175,1,3,160,2,1,60.0,0,I,MELB_URBAN,ROAD,2,7.0
1176,1,3,130,1,1,60.0,0,I,MELB_URBAN,STREET,1,17.0
1177,1,2,99,5,1,80.0,0,N,MELB_URBAN,ROAD,2,7.0
1178,2,3,99,1,1,50.0,0,I,MELB_URBAN,ROAD,2,9.0
1179,1,3,163,2,1,60.0,0,I,MELB_URBAN,ROAD,2,10.0
1180,2,1,99,2,1,60.0,0,I,MELB_URBAN,ROAD,2,13.0
1181,8,3,174,5,1,60.0,0,N,MELB_URBAN,STREET,2,7.0
1182,1,2,110,1,3,80.0,0,I,MELB_URBAN,ROAD,2,21.0
1183,1,3,130,5,1,70.0,0,N,MELB_URBAN,ROAD,2,8.0
1184,1,3,163,5,1,40.0,0,N,MELB_URBAN,STREET,2,13.0
1185,1,3,130,5,1,60.0,0,I,MELB_URBAN,ROAD,2,13.0
1186,8,7,99,5,1,80.0,0,N,RURAL_VICTORIA,ROAD,2,17.0
1187,1,3,121,2,1,60.0,0,I,MELB_URBAN,ROAD,2,14.0
1188,4,2,181,5,1,80.0,0,N,RURAL_VICTORIA,ROAD,2,10.0
1189,1,3,120,5,1,60.0,1,N,MELB_URBAN,ROAD,2,11.0
1190,8,7,174,5,1,60.0,0,N,MELB_URBAN,STREET,2,13.0
1191,2,3,100,5,1,70.0,0,N,MELB_URBAN,ROAD,2,15.0
1192,1,3,120,2,1,50.0,0,I,MELB_URBAN,DRIVE,2,16.0
1193,1,3,113,2,1,70.0,0,N,LARGE_PROVINCIAL_CITIES,HIGHWAY,2,17.0
1194,1,3,110,1,1,70.0,0,I,SMALL_CITIES,STREET,2,16.0
1195,1,3,99,5,1,60.0,0,N,SMALL_CITIES,AVENUE,2,18.0
1196,1,3,130,5,1,80.0,0,N,MELB_URBAN,ROAD,2,17.0
1197,8,3,174,2,1,40.0,0,I,MELB_URBAN,STREET,2,18.0
1198,1,3,121,2,1,60.0,0,I,MELB_URBAN,ROAD,2,18.0
1199,1,3,160,5,1,60.0,0,N,TOWNS,ROAD,2,17.0
1200,6,3,170,5,1,110.0,0,N,RURAL_VICTORIA,FREEWAY,2,18.0
1201,6,3,99,5,1,80.0,0,N,RURAL_VICTORIA,ROAD,2,18.0
1202,4,3,171,2,3,70.0,0,I,RURAL_VICTORIA,ROAD,2,0.0
1203,1,3,121,5,1,60.0,0,I,MELB_URBAN,ROAD,2,15.0
1204,1,3,121,2,1,80.0,0,I,MELB_URBAN,ROAD,2,16.0
1205,1,2,99,1,1,60.0,0,I,MELB_URBAN,ROAD,1,17.0
1206,1,3,134,2,9,60.0,0,I,MELB_URBAN,ROAD,2,21.0
1207,4,3,171,2,3,60.0,0,I,MELB_URBAN,ROAD,2,1.0
1208,1,3,110,1,3,50.0,0,I,MELBOURNE_CBD,STREET,2,21.0
1209,1,1,116,1,1,80.0,0,N,MELB_URBAN,STREET,2,15.0
1210,4,3,171,5,3,80.0,0,N,SMALL_CITIES,HIGHWAY,2,20.0
1211,6,5,99,5,5,60.0,0,N,RURAL_VICTORIA,ROAD,1,22.0
1212,8,6,99,2,1,60.0,0,I,MELB_URBAN,ROAD,1,13.0
1213,4,4,181,5,5,60.0,0,N,RURAL_VICTORIA,ROAD,2,0.0
1214,4,4,171,2,3,50.0,0,I,MELB_URBAN,OTHER,2,1.0
1215,4,4,171,1,3,50.0,0,I,MELB_URBAN,ROAD,2,1.0
1216,1,4,130,2,1,70.0,0,I,MELB_URBAN,ROAD,2,7.0
1217,2,3,99,1,1,60.0,0,I,MELB_URBAN,STREET,2,18.0
1218,4,4,171,2,1,100.0,0,I,RURAL_VICTORIA,HIGHWAY,2,7.0
1219,1,3,120,2,1,50.0,0,I,MELB_URBAN,OTHER,2,19.0
1220,1,4,130,2,1,80.0,0,I,RURAL_VICTORIA,HIGHWAY,2,8.0
1221,1,4,110,1,1,80.0,0,I,MELB_URBAN,DRIVE,2,8.0
1222,1,4,134,5,1,100.0,0,N,MELB_URBAN,FREEWAY,2,9.0
1223,1,4,133,5,1,100.0,0,N,MELB_URBAN,FREEWAY,2,8.0
1224,1,3,130,5,1,80.0,0,N,MELB_URBAN,ROAD,2,16.0
1225,1,4,130,2,1,70.0,0,N,MELB_URBAN,ROAD,2,7.0
1226,2,4,100,5,1,50.0,0,N,MELB_URBAN,ROAD,2,10.0
1227,1,4,130,5,2,100.0,0,N,MELB_URBAN,FREEWAY,2,6.0
1228,1,4,116,2,1,60.0,0,N,MELB_URBAN,PARADE,2,8.0
1229,1,4,110,1,1,40.0,0,I,MELB_URBAN,STREET,2,11.0
1230,1,4,121,2,1,60.0,0,I,MELB_URBAN,PARADE,2,13.0
1231,1,4,99,5,1,60.0,0,N,MELB_URBAN,ROAD,2,13.0
1232,1,4,99,1,1,40.0,0,I,MELB_URBAN,ROAD,2,12.0
1233,1,4,147,5,1,60.0,0,N,MELB_URBAN,AVENUE,2,14.0
1234,1,4,140,1,1,50.0,0,I,SMALL_CITIES,STREET,2,14.0
1235,1,4,99,2,1,100.0,0,I,MELB_URBAN,FREEWAY,2,13.0
1236,1,4,130,5,1,100.0,0,N,MELB_URBAN,FREEWAY,2,14.0
1237,1,4,133,1,1,40.0,0,I,MELB_URBAN,STREET,1,9.0
1238,2,4,99,2,1,50.0,0,I,MELB_URBAN,DRIVE,2,16.0
1239,6,3,174,5,1,100.0,0,N,RURAL_VICTORIA,ROAD,1,19.0
1240,2,4,99,2,1,80.0,0,I,MELB_URBAN,HIGHWAY,2,17.0
1241,2,4,99,5,1,60.0,0,N,MELB_URBAN,ROAD,2,17.0
1242,1,4,110,1,1,100.0,0,I,MELB_URBAN,STREET,2,17.0
1243,1,4,147,5,1,50.0,0,N,MELB_URBAN,ROAD,2,17.0
1244,1,4,113,2,1,100.0,0,I,TOWNS,HIGHWAY,2,17.0
1245,8,4,99,5,2,60.0,0,N,MELB_URBAN,UNKNOWN,2,19.0
1246,1,4,99,2,1,50.0,0,I,MELB_URBAN,STREET,2,18.0
1247,2,4,99,1,1,60.0,0,I,LARGE_PROVINCIAL_CITIES,STREET,2,14.0
1248,1,3,99,1,1,50.0,0,I,MELB_URBAN,STREET,2,19.0
1249,1,4,130,5,1,80.0,0,N,RURAL_VICTORIA,ROAD,2,18.0
1250,1,4,121,1,2,60.0,0,I,MELB_URBAN,ROAD,2,20.0
1251,1,4,160,2,1,60.0,0,I,MELB_URBAN,ROAD,2,15.0
1252,1,4,121,2,3,70.0,0,N,MELB_URBAN,ROAD,2,21.0
1253,6,5,99,5,5,70.0,0,N,MELB_URBAN,ROAD,2,4.0
1254,4,5,171,5,5,100.0,0,N,RURAL_VICTORIA,OTHER,2,1.0
1255,4,4,173,5,2,100.0,0,N,RURAL_VICTORIA,ROAD,2,20.0
1256,1,3,116,2,1,60.0,0,I,MELB_URBAN,STREET,1,14.0
1257,1,4,99,5,1,100.0,0,N,RURAL_VICTORIA,HIGHWAY,2,10.0
1258,1,5,113,1,1,80.0,0,I,MELB_URBAN,HIGHWAY,2,7.0
1259,1,4,147,2,1,50.0,0,I,MELB_URBAN,OTHER,2,17.0
1260,1,7,121,1,1,60.0,0,I,MELB_URBAN,HIGHWAY,1,8.0
1261,1,7,99,4,1,80.0,0,I,LARGE_PROVINCIAL_CITIES,STREET,1,17.0
1262,1,4,130,2,1,80.0,0,I,RURAL_VICTORIA,ROAD,2,8.0
1263,1,5,99,1,1,100.0,0,I,RURAL_VICTORIA,ROAD,2,8.0
1264,1,5,113,2,1,60.0,0,I,MELB_URBAN,ROAD,2,9.0
1265,1,5,99,5,1,50.0,0,N,MELB_URBAN,STREET,2,12.0
1266,1,5,99,1,1,60.0,0,I,MELB_URBAN,STREET,2,7.0
1267,6,4,99,5,1,100.0,0,N,RURAL_VICTORIA,ROAD,2,8.0
1268,1,3,121,2,1,50.0,0,I,TOWNS,ROAD,2,9.0
1269,4,5,171,5,1,50.0,0,N,MELB_URBAN,ROAD,2,13.0
1270,1,4,110,1,3,50.0,0,I,LARGE_PROVINCIAL_CITIES,STREET,2,22.0
1271,2,5,99,5,1,100.0,0,N,RURAL_VICTORIA,ROAD,2,12.0
1272,4,4,173,5,1,60.0,0,N,MELB_URBAN,ROAD,2,15.0
1273,1,5,120,5,1,100.0,0,N,RURAL_VICTORIA,ROAD,2,14.0
1274,1,5,160,5,1,50.0,0,N,LARGE_PROVINCIAL_CITIES,STREET,2,16.0
1275,4,5,173,5,1,50.0,0,N,MELB_URBAN,STREET,2,15.0
1276,1,5,113,2,1,60.0,0,I,MELB_URBAN,AVENUE,2,9.0
1277,1,5,99,5,1,50.0,0,N,SMALL_CITIES,STREET,2,15.0
1278,1,5,163,5,1,50.0,0,N,MELB_URBAN,ROAD,2,17.0
1279,1,5,130,5,1,50.0,0,N,MELB_URBAN,STREET,2,16.0
1280,2,5,102,5,1,40.0,0,N,MELB_URBAN,ROAD,2,15.0
1281,1,5,135,2,1,80.0,0,I,MELB_URBAN,ROAD,2,15.0
1282,8,5,99,5,1,60.0,0,N,RURAL_VICTORIA,ROAD,2,18.0
1283,1,3,130,5,1,80.0,0,N,MELB_URBAN,ROAD,2,8.0
1284,1,4,121,2,1,80.0,0,I,SMALL_TOWNS,ROAD,2,16.0
1285,1,5,121,1,1,60.0,0,I,MELB_URBAN,STREET,2,15.0
1286,1,5,110,1,1,50.0,0,I,MELB_URBAN,ROAD,2,18.0
1287,4,5,171,5,5,100.0,0,N,RURAL_VICTORIA,HIGHWAY,2,20.0
1288,8,3,174,2,2,40.0,0,I,MELB_URBAN,ROAD,2,19.0
1289,4,5,173,5,1,50.0,0,N,MELB_URBAN,DRIVE,2,19.0
1290,4,5,99,2,3,50.0,0,I,MELB_URBAN,STREET,2,21.0
1291,1,5,110,1,3,70.0,0,I,MELB_URBAN,ROAD,2,20.0
1292,1,5,121,1,1,60.0,0,I,MELB_URBAN,ROAD,2,17.0
1293,1,5,130,5,1,100.0,0,N,MELB_URBAN,FREEWAY,2,18.0
1294,1,5,120,5,3,60.0,0,N,MELB_URBAN,ROAD,2,5.0
1295,1,5,147,5,2,60.0,0,N,MELB_URBAN,ROAD,2,6.0
1296,3,6,167,5,5,100.0,0,N,MELB_URBAN,RAMP,2,4.0
1297,1,5,130,5,1,60.0,0,N,MELB_URBAN,ROAD,2,17.0
1298,1,2,121,2,1,60.0,0,I,MELB_URBAN,STREET,2,8.0
1299,1,6,110,1,1,50.0,0,I,MELB_URBAN,AVENUE,2,7.0
1300,1,6,110,1,3,80.0,1,I,MELB_URBAN,HIGHWAY,2,6.0
1301,1,6,113,1,1,60.0,0,I,SMALL_CITIES,STREET,2,10.0
1302,1,2,147,5,1,50.0,0,N,MELB_URBAN,OTHER,1,16.0
1303,1,6,110,1,1,60.0,0,I,MELB_URBAN,STREET,2,8.0
1304,8,5,174,5,1,40.0,0,N,SMALL_CITIES,DRIVE,1,16.0
1305,1,1,132,1,1,60.0,0,I,MELB_URBAN,STREET,1,18.0
1306,8,4,174,2,1,40.0,0,I,MELB_URBAN,ROAD,2,8.0
1307,1,5,99,1,1,80.0,0,I,MELB_URBAN,ROAD,2,12.0
1308,4,2,171,2,3,40.0,0,I,MELB_URBAN,ROAD,1,17.0
1309,2,6,99,5,1,50.0,0,N,LARGE_PROVINCIAL_CITIES,STREET,2,13.0
1310,4,6,99,1,1,110.0,0,I,RURAL_VICTORIA,HIGHWAY,2,11.0
1311,8,6,184,5,1,100.0,0,N,RURAL_VICTORIA,ROAD,2,11.0
1312,2,5,100,1,1,60.0,0,I,MELB_URBAN,ROAD,2,14.0
1313,1,6,121,5,1,60.0,0,N,MELB_URBAN,ROAD,2,14.0
1314,2,6,100,1,1,50.0,0,I,MELB_URBAN,HIGHWAY,2,8.0
1315,8,6,174,2,1,60.0,0,I,MELB_URBAN,ROAD,2,19.0
1316,1,6,130,5,1,100.0,0,N,MELB_URBAN,FREEWAY,2,17.0
1317,1,6,133,5,1,100.0,0,N,MELB_URBAN,FREEWAY,2,18.0
1318,1,6,99,2,2,60.0,0,I,MELB_URBAN,STREET,2,19.0
1319,1,6,133,1,1,60.0,0,I,MELB_URBAN,ROAD,2,13.0
1320,2,7,100,5,1,50.0,0,N,MELB_URBAN,STREET,2,13.0
1321,1,6,110,1,3,40.0,0,I,MELB_URBAN,STREET,2,20.0
1322,1,6,130,1,1,60.0,0,I,LARGE_PROVINCIAL_CITIES,STREET,2,17.0
1323,1,6,121,4,2,80.0,0,I,MELB_URBAN,ROAD,2,20.0
1324,2,6,99,5,1,50.0,0,N,MELB_URBAN,UNKNOWN,2,15.0
1325,1,6,120,5,3,60.0,0,N,LARGE_PROVINCIAL_CITIES,ROAD,2,21.0
1326,1,7,130,5,5,50.0,0,N,RURAL_VICTORIA,ROAD,2,1.0
1327,2,4,100,2,3,60.0,0,I,MELB_URBAN,OTHER,2,0.0
1328,1,7,135,1,1,60.0,0,I,MELB_URBAN,ROAD,1,13.0
1329,4,7,183,2,5,100.0,0,N,RURAL_VICTORIA,ROAD,2,1.0
1330,4,6,171,1,3,70.0,0,I,MELB_URBAN,STREET,2,23.0
1331,1,7,160,5,3,60.0,0,N,MELB_URBAN,ROAD,2,3.0
1332,1,7,113,1,1,70.0,0,I,MELB_URBAN,ROAD,2,6.0
1333,1,7,133,5,1,50.0,0,N,MELB_URBAN,STREET,2,7.0
1334,1,7,183,5,2,100.0,0,N,MELB_URBAN,FREEWAY,2,6.0
1335,4,6,99,5,1,60.0,0,N,MELB_URBAN,UNKNOWN,2,16.0
1336,4,7,171,5,1,50.0,0,N,MELB_URBAN,STREET,2,7.0
1337,1,7,99,5,1,100.0,0,N,RURAL_VICTORIA,ROAD,2,8.0
1338,4,7,171,5,1,60.0,0,N,MELB_URBAN,ROAD,2,11.0
1339,1,4,130,5,1,60.0,0,N,MELB_URBAN,STREET,2,17.0
1340,1,7,121,2,1,80.0,0,I,TOWNS,ROAD,2,10.0
1341,1,7,120,5,1,60.0,0,N,TOWNS,STREET,2,10.0
1342,4,7,173,5,1,60.0,0,N,MELB_URBAN,ROAD,2,10.0
1343,1,4,130,2,3,60.0,0,I,MELB_URBAN,ROAD,2,21.0
1344,1,7,110,1,1,90.0,0,I,RURAL_VICTORIA,HIGHWAY,2,11.0
1345,4,7,171,5,1,50.0,0,N,RURAL_VICTORIA,ROAD,2,10.0
1346,1,6,110,1,3,60.0,0,I,MELB_URBAN,AVENUE,2,21.0
1347,1,7,113,2,1,70.0,0,I,MELB_URBAN,ROAD,2,11.0
1348,1,7,113,2,1,60.0,0,I,MELB_URBAN,ROAD,2,15.0
1349,1,7,130,5,1,70.0,0,N,MELB_URBAN,HIGHWAY,2,12.0
1350,2,7,99,5,3,60.0,0,N,TOWNS,STREET,1,20.0
1351,1,7,110,1,1,60.0,0,I,MELB_URBAN,STREET,2,14.0
1352,1,7,140,5,1,50.0,0,N,MELB_URBAN,STREET,2,10.0
1353,1,7,130,2,1,80.0,0,I,MELB_URBAN,RAMP,2,15.0
1354,4,7,181,5,4,80.0,0,N,MELB_URBAN,RAMP,2,1.0
1355,1,7,160,2,1,60.0,0,I,MELB_URBAN,ROAD,2,17.0
1356,1,7,110,1,3,70.0,0,I,MELB_URBAN,ROAD,2,3.0
1357,1,3,99,2,1,60.0,0,I,MELB_URBAN,STREET,1,18.0
1358,1,7,132,5,1,100.0,0,N,MELB_URBAN,ROAD,2,17.0
1359,1,6,130,5,1,70.0,0,N,LARGE_PROVINCIAL_CITIES,OTHER,2,18.0
1360,4,7,171,5,1,60.0,0,N,MELB_URBAN,ROAD,2,18.0
1361,4,6,181,5,5,100.0,0,N,RURAL_VICTORIA,ROAD,2,20.0
1362,4,7,173,5,1,100.0,0,N,RURAL_VICTORIA,ROAD,2,14.0
1363,1,6,99,5,1,60.0,0,N,LARGE_PROVINCIAL_CITIES,ROAD,2,12.0
1364,1,7,140,2,1,60.0,0,I,MELB_URBAN,STREET,2,18.0
1365,1,7,130,5,3,60.0,0,N,MELB_URBAN,ROAD,2,21.0
1366,4,7,171,5,2,50.0,0,N,TOWNS,ROAD,2,6.0
1367,4,7,171,5,3,50.0,0,N,TOWNS,AVENUE,2,22.0
1368,1,7,121,1,3,80.0,0,I,MELB_URBAN,ROAD,2,5.0
1369,1,1,171,2,3,60.0,0,I,MELB_URBAN,AVENUE,2,1.0
1370,1,7,99,5,1,40.0,0,N,MELB_URBAN,STREET,2,13.0
1371,4,1,171,5,3,60.0,0,N,MELB_URBAN,STREET,2,0.0
1372,6,1,170,2,3,50.0,0,I,TOWNS,AVENUE,2,4.0
1373,1,7,121,5,1,60.0,0,N,MELB_URBAN,ROAD,2,14.0
1374,1,7,99,1,3,50.0,0,I,SMALL_CITIES,AVENUE,2,22.0
1375,4,7,173,5,2,100.0,0,N,RURAL_VICTORIA,OTHER,2,18.0
1376,7,7,184,5,1,100.0,0,N,RURAL_VICTORIA,OTHER,2,19.0
1377,2,1,99,2,1,60.0,0,I,MELB_URBAN,ROAD,2,8.0
1378,1,6,110,1,3,100.0,0,I,RURAL_VICTORIA,STREET,1,21.0
1379,1,1,120,5,1,50.0,0,N,MELB_URBAN,UNKNOWN,2,10.0
1380,1,1,110,1,1,110.0,0,I,RURAL_VICTORIA,FREEWAY,2,10.0
1381,1,1,133,2,1,80.0,0,I,MELB_URBAN,HIGHWAY,2,12.0