,accident_type,day_of_week,dca_code,road_geometry,light_condition,speed_zone,severity,node_type,deg_urban_name,road_type,month,hour
1382,1,1,135,5,1,80.0,0,N,MELB_URBAN,ROAD,2,8.0
1383,1,2,130,5,1,60.0,0,N,MELB_URBAN,STREET,1,16.0
1384,1,1,121,4,1,60.0,0,N,MELB_URBAN,RAMP,2,8.0
1385,6,2,99,5,5,60.0,0,N,RURAL_VICTORIA,ROAD,2,22.0
1386,1,1,116,1,1,50.0,0,I,MELB_URBAN,DRIVE,2,12.0
1387,6,1,99,5,1,100.0,0,N,RURAL_VICTORIA,ROAD,2,14.0
1388,8,1,184,2,1,100.0,0,N,RURAL_VICTORIA,ROAD,2,15.0
1389,1,1,133,1,1,70.0,0,N,MELB_URBAN,ROAD,2,12.0
1390,1,5,99,5,1,100.0,0,N,RURAL_VICTORIA,OTHER,2,13.0
1391,4,1,173,2,1,60.0,0,I,MELB_URBAN,STREET,2,17.0
1392,2,1,99,5,1,60.0,0,N,MELB_URBAN,ROAD,2,16.0
1393,1,1,130,5,1,80.0,0,N,RURAL_VICTORIA,ROAD,2,19.0
1394,1,1,130,1,1,50.0,0,I,MELB_URBAN,STREET,2,15.0
1395,2,1,99,1,3,50.0,0,I,MELB_URBAN,STREET,2,20.0
1396,1,6,130,5,1,60.0,0,N,MELB_URBAN,ROAD,2,13.0
1397,4,2,183,5,1,60.0,0,N,MELB_URBAN,AVENUE,2,7.0
1398,1,2,147,2,1,50.0,0,I,MELB_URBAN,AVENUE,2,8.0
1399,1,2,133,2,1,60.0,0,I,MELB_URBAN,STREET,2,8.0
1400,1,7,130,1,1,80.0,0,I,MELB_URBAN,HIGHWAY,2,10.0
1401,1,2,116,4,2,60.0,0,I,MELB_URBAN,STREET,2,6.0
1402,1,2,130,1,1,50.0,0,I,MELB_URBAN,ROAD,2,10.0
1403,1,7,163,5,1,50.0,0,N,MELB_URBAN,OTHER,2,15.0
1404,1,1,99,5,1,40.0,0,N,MELB_URBAN,ROAD,2,11.0
1405,1,5,121,5,1,70.0,0,N,MELB_URBAN,HIGHWAY,2,16.0
1406,4,2,183,5,1,100.0,0,N,RURAL_VICTORIA,ROAD,2,10.0
1407,8,1,99,5,1,60.0,0,N,RURAL_VICTORIA,ROAD,2,10.0
1408,1,2,121,1,1,60.0,0,I,MELB_URBAN,ROAD,2,10.0
1409,1,2,99,5,1,50.0,0,N,MELB_URBAN,STREET,2,12.0
1410,4,2,173,5,2,80.0,1,N,RURAL_VICTORIA,DRIVE,2,6.0
1411,2,2,99,5,1,60.0,0,N,SMALL_CITIES,STREET,2,10.0
1412,4,7,183,5,1,100.0,0,N,RURAL_VICTORIA,ROAD,2,8.0
1413,8,7,184,5,1,80.0,0,N,RURAL_VICTORIA,OTHER,1,15.0
1414,3,5,167,2,2,70.0,0,I,MELB_URBAN,ROAD,1,5.0
1415,8,5,174,5,1,50.0,0,N,MELB_URBAN,STREET,2,17.0
1416,2,2,102,2,1,50.0,0,N,LARGE_PROVINCIAL_CITIES,STREET,2,15.0
1417,1,6,120,2,1,100.0,0,I,RURAL_VICTORIA,ROAD,1,7.0
1418,6,2,99,5,1,100.0,0,N,RURAL_VICTORIA,HIGHWAY,2,12.0
1419,1,5,130,5,1,50.0,0,N,MELB_URBAN,AVENUE,2,13.0
1420,1,2,121,2,1,60.0,0,I,MELB_URBAN,STREET,2,16.0
1421,1,7,130,5,1,70.0,0,N,RURAL_VICTORIA,ROAD,2,10.0
1422,1,2,110,1,1,50.0,0,I,LARGE_PROVINCIAL_CITIES,STREET,2,17.0
1423,1,2,130,5,1,60.0,0,N,LARGE_PROVINCIAL_CITIES,STREET,2,17.0
1424,1,2,121,2,1,60.0,0,I,MELB_URBAN,ROAD,2,17.0
1425,1,2,130,2,1,60.0,0,I,MELB_URBAN,ROAD,2,17.0
1426,6,2,99,5,1,80.0,0,N,RURAL_VICTORIA,ROAD,2,13.0
1427,1,2,130,5,1,100.0,0,N,MELB_URBAN,FREEWAY,2,16.0
1428,1,2,110,1,1,60.0,0,I,MELB_URBAN,ROAD,2,17.0
1429,4,2,181,5,1,100.0,0,N,RURAL_VICTORIA,ROAD,2,17.0
1430,1,2,134,1,1,50.0,0,I,MELB_URBAN,STREET,2,19.0
1431,1,2,120,2,1,100.0,1,I,RURAL_VICTORIA,HIGHWAY,2,15.0
1432,1,2,121,2,3,80.0,0,I,RURAL_VICTORIA,ROAD,2,20.0
1433,4,3,171,2,3,60.0,0,I,MELB_URBAN,ROAD,2,2.0
1434,4,2,173,5,5,80.0,0,N,RURAL_VICTORIA,ROAD,2,20.0
1435,4,3,173,2,1,90.0,0,I,LARGE_PROVINCIAL_CITIES,HIGHWAY,2,7.0
1436,2,1,99,5,3,50.0,0,N,MELB_URBAN,STREET,2,21.0
1437,3,2,167,5,5,100.0,0,N,RURAL_VICTORIA,ROAD,2,20.0
1438,1,3,110,1,1,50.0,0,I,SMALL_CITIES,STREET,2,7.0
1439,1,6,99,2,1,60.0,0,I,MELB_URBAN,OTHER,2,18.0
1440,2,2,99,1,1,50.0,0,I,MELB_URBAN,STREET,2,15.0
1441,1,2,135,5,1,80.0,0,N,MELB_URBAN,FREEWAY,1,16.0
1442,1,2,132,5,1,70.0,0,N,MELB_URBAN,HIGHWAY,2,16.0
1443,1,3,147,5,1,50.0,0,N,MELB_URBAN,STREET,2,12.0
1444,1,3,130,2,1,60.0,0,I,MELB_URBAN,ROAD,2,8.0
1445,1,2,120,5,1,100.0,1,N,RURAL_VICTORIA,ROAD,2,12.0
1446,1,4,135,5,1,100.0,0,N,MELB_URBAN,FREEWAY,2,8.0
1447,1,3,120,5,1,100.0,0,N,RURAL_VICTORIA,OTHER,2,14.0
1448,2,4,99,5,1,50.0,0,N,MELB_URBAN,OTHER,2,17.0
1449,2,1,102,1,3,60.0,0,I,TOWNS,STREET,2,2.0
1450,1,3,121,2,1,60.0,0,I,MELB_URBAN,OTHER,2,15.0
1451,1,2,99,1,1,50.0,0,I,MELB_URBAN,ROAD,2,16.0
1452,1,3,130,2,1,50.0,0,I,MELB_URBAN,STREET,2,16.0
1453,1,3,132,1,1,60.0,0,I,MELB_URBAN,ROAD,2,15.0
1454,1,3,140,5,1,50.0,0,N,MELB_URBAN,STREET,2,15.0
1455,1,3,99,2,1,60.0,0,I,LARGE_PROVINCIAL_CITIES,ROAD,2,16.0
1456,2,2,99,1,1,60.0,0,I,MELB_URBAN,STREET,2,15.0
1457,1,3,130,1,1,60.0,0,I,MELB_URBAN,ROAD,2,15.0
1458,1,3,163,5,1,50.0,0,N,MELBOURNE_CBD,OTHER,2,19.0
1459,1,3,111,1,1,60.0,0,I,MELB_URBAN,PARADE,2,18.0
1460,1,3,121,1,1,60.0,0,I,MELB_URBAN,ROAD,2,14.0
1461,6,3,170,5,1,80.0,0,N,RURAL_VICTORIA,ROAD,2,18.0
1462,2,3,99,5,1,50.0,0,N,MELB_URBAN,PARADE,2,18.0
1463,6,3,174,5,2,110.0,0,N,RURAL_VICTORIA,FREEWAY,2,19.0
1464,1,3,130,5,1,60.0,0,N,MELB_URBAN,ROAD,2,15.0
1465,1,3,99,2,1,70.0,0,I,MELB_URBAN,ROAD,2,17.0
1466,1,3,163,5,1,60.0,0,N,MELB_URBAN,ROAD,2,7.0
1467,8,3,174,5,2,60.0,0,N,MELB_URBAN,ROAD,2,20.0
1468,1,2,133,5,2,60.0,0,N,MELB_URBAN,ROAD,2,21.0
1469,1,3,135,5,2,80.0,0,N,MELB_URBAN,ROAD,2,20.0
1470,1,2,99,1,2,70.0,0,I,MELB_URBAN,ROAD,2,6.0
1471,1,3,130,2,3,70.0,0,I,MELB_URBAN,ROAD,2,21.0
1472,1,3,132,1,3,60.0,0,I,MELB_URBAN,ROAD,2,22.0
1473,4,3,173,2,1,50.0,0,I,LARGE_PROVINCIAL_CITIES,STREET,2,11.0
1474,8,4,174,5,1,50.0,0,N,MELB_URBAN,OTHER,2,7.0
1475,1,4,121,1,3,70.0,0,I,MELB_URBAN,ROAD,2,6.0
1476,4,4,171,5,1,80.0,0,N,SMALL_CITIES,STREET,2,7.0
1477,8,3,99,5,1,100.0,0,N,RURAL_VICTORIA,DRIVE,2,15.0
1478,4,3,173,5,5,100.0,0,N,RURAL_VICTORIA,ROAD,2,23.0
1479,1,4,163,5,1,50.0,0,N,MELBOURNE_CBD,STREET,2,8.0
1480,4,4,171,5,1,60.0,0,N,SMALL_TOWNS,ROAD,2,9.0
1481,1,4,140,1,1,60.0,0,I,MELB_URBAN,ROAD,2,11.0
1482,8,4,170,5,1,60.0,0,N,MELB_URBAN,STREET,2,7.0
1483,1,4,130,5,1,100.0,0,N,MELB_URBAN,FREEWAY,2,7.0
1484,1,4,121,1,3,40.0,0,I,MELB_URBAN,STREET,1,21.0
1485,1,4,130,5,1,60.0,0,N,MELB_URBAN,ROAD,2,11.0
1486,1,4,110,1,1,60.0,0,I,RURAL_VICTORIA,ROAD,2,11.0
1487,4,1,181,2,5,100.0,0,I,RURAL_VICTORIA,ROAD,2,2.0
1488,1,4,130,5,1,70.0,0,N,MELB_URBAN,ROAD,2,16.0
1489,6,7,174,5,1,60.0,0,N,RURAL_VICTORIA,ROAD,2,15.0
1490,4,2,181,5,5,80.0,0,N,RURAL_VICTORIA,ROAD,2,21.0
1491,1,4,132,5,1,60.0,0,N,MELB_URBAN,ROAD,2,16.0
1492,6,4,174,2,1,60.0,0,I,MELB_URBAN,ROAD,2,18.0
1493,1,2,113,2,1,60.0,0,I,MELB_URBAN,ROAD,2,18.0
1494,1,4,116,1,1,50.0,0,I,MELB_URBAN,OTHER,2,18.0
1495,1,3,120,5,1,100.0,0,N,RURAL_VICTORIA,HIGHWAY,2,9.0
1496,4,4,173,2,1,50.0,0,I,MELB_URBAN,STREET,2,18.0
1497,6,4,170,5,1,100.0,0,N,RURAL_VICTORIA,ROAD,2,17.0
1498,8,4,99,5,1,80.0,0,N,RURAL_VICTORIA,ROAD,1,12.0
1499,1,4,121,1,1,60.0,0,I,MELB_URBAN,ROAD,2,15.0
1500,4,4,171,5,6,60.0,0,N,MELB_URBAN,ROAD,2,22.0
1501,1,4,130,5,3,40.0,0,N,MELB_URBAN,ROAD,2,20.0
1502,4,4,173,5,5,100.0,1,N,RURAL_VICTORIA,ROAD,2,20.0
1503,4,5,173,2,3,50.0,0,I,MELB_URBAN,STREET,2,1.0
1504,1,5,160,5,3,60.0,0,N,MELB_URBAN,ROAD,2,5.0
1505,4,3,171,1,1,60.0,0,I,LARGE_PROVINCIAL_CITIES,STREET,2,13.0
1506,1,5,110,1,2,60.0,0,I,SMALL_CITIES,HIGHWAY,2,6.0
1507,8,5,174,2,1,60.0,0,I,SMALL_CITIES,DRIVE,2,8.0
1508,1,4,132,1,1,50.0,0,I,LARGE_PROVINCIAL_CITIES,STREET,2,17.0
1509,3,4,167,5,2,100.0,0,N,RURAL_VICTORIA,ROAD,2,6.0
1510,1,5,120,5,1,100.0,0,N,RURAL_VICTORIA,ROAD,2,7.0
1511,8,7,174,5,1,100.0,0,N,RURAL_VICTORIA,ROAD,2,13.0
1512,1,5,121,1,1,70.0,0,I,MELB_URBAN,DRIVE,2,11.0
1513,1,3,130,1,3,60.0,0,I,MELB_URBAN,ROAD,2,21.0
1514,1,5,147,5,1,50.0,0,N,MELB_URBAN,PARADE,2,9.0
1515,4,4,173,1,1,60.0,0,N,MELB_URBAN,ROAD,2,9.0
1516,1,5,99,2,1,50.0,0,I,MELB_URBAN,ROAD,2,11.0
1517,1,5,121,1,2,60.0,1,I,MELB_URBAN,STREET,2,6.0
1518,1,5,113,2,1,60.0,0,I,MELB_URBAN,STREET,2,13.0
1519,1,4,130,2,1,60.0,0,I,TOWNS,HIGHWAY,2,14.0
1520,2,4,100,5,1,60.0,0,N,MELB_URBAN,STREET,2,12.0
1521,1,4,133,5,1,60.0,0,N,MELB_URBAN,OTHER,2,11.0
1522,1,2,99,2,1,60.0,0,I,MELB_URBAN,STREET,1,15.0
1523,6,5,170,5,1,80.0,0,N,RURAL_VICTORIA,ROAD,2,9.0
1524,1,5,130,5,1,80.0,0,N,MELB_URBAN,ROAD,2,11.0
1525,6,4,174,5,2,50.0,0,N,MELB_URBAN,ROAD,2,20.0
1526,1,4,130,5,1,80.0,0,N,MELB_URBAN,HIGHWAY,2,7.0
1527,1,5,99,5,5,100.0,1,N,RURAL_VICTORIA,ROAD,2,6.0
1528,1,5,130,5,1,70.0,0,N,MELB_URBAN,ROAD,2,13.0
1529,6,5,184,2,1,100.0,0,N,RURAL_VICTORIA,ROAD,2,14.0
1530,1,5,130,1,1,80.0,0,I,MELB_URBAN,ROAD,2,14.0
1531,1,5,121,1,1,50.0,0,I,MELB_URBAN,STREET,2,12.0
1532,2,2,100,2,1,70.0,0,I,MELB_URBAN,ROAD,2,11.0
1533,4,5,171,5,2,60.0,0,N,RURAL_VICTORIA,ROAD,2,16.0
1534,1,3,110,1,1,100.0,0,I,RURAL_VICTORIA,ROAD,2,14.0
1535,1,5,163,5,1,50.0,0,N,MELBOURNE_CBD,STREET,2,16.0
1536,2,5,99,5,1,50.0,0,N,MELB_URBAN,STREET,2,16.0
1537,4,5,171,5,1,50.0,0,N,TOWNS,OTHER,2,15.0
1538,2,5,102,2,1,70.0,0,I,MELB_URBAN,ROAD,2,16.0
1539,1,5,140,5,1,60.0,0,N,MELB_URBAN,STREET,2,16.0
1540,2,5,99,5,1,50.0,0,N,SMALL_CITIES,ROAD,2,15.0
1541,1,5,130,5,1,60.0,0,N,MELB_URBAN,ROAD,2,16.0
1542,4,5,171,5,1,60.0,0,N,MELB_URBAN,ROAD,2,18.0
1543,2,5,99,5,1,60.0,0,N,MELB_URBAN,BOULEVARD,2,15.0
1544,1,5,163,5,2,60.0,0,N,MELB_URBAN,STREET,2,18.0
1545,1,5,121,5,1,80.0,0,N,MELB_URBAN,ROAD,2,16.0
1546,1,5,110,1,1,50.0,0,I,MELB_URBAN,AVENUE,2,18.0
1547,1,5,147,5,1,100.0,0,N,RURAL_VICTORIA,ROAD,2,17.0
1548,4,5,171,2,1,50.0,0,I,SMALL_CITIES,DRIVE,2,19.0
1549,2,5,99,1,1,50.0,0,I,MELB_URBAN,UNKNOWN,2,18.0
1550,8,5,174,1,1,80.0,0,I,MELB_URBAN,ROAD,2,13.0
1551,6,5,174,5,2,60.0,0,N,MELB_URBAN,ROAD,2,17.0
1552,1,5,130,2,2,60.0,0,I,MELB_URBAN,ROAD,2,19.0
1553,1,5,130,5,5,110.0,0,N,RURAL_VICTORIA,FREEWAY,2,18.0
1554,1,4,99,1,1,60.0,0,I,SMALL_CITIES,PARADE,2,14.0
1555,1,5,160,5,3,50.0,0,N,MELB_URBAN,STREET,2,20.0
1556,4,5,173,5,3,80.0,0,N,MELB_URBAN,ROAD,2,19.0
1557,2,5,99,5,5,100.0,0,N,RURAL_VICTORIA,ROAD,2,23.0
1558,2,5,99,5,3,40.0,0,N,MELB_URBAN,STREET,2,22.0
1559,4,6,183,5,5,110.0,0,N,RURAL_VICTORIA,FREEWAY,2,5.0
1560,8,4,170,5,1,100.0,0,N,MELB_URBAN,FREEWAY,2,11.0
1561,1,4,147,5,1,60.0,0,N,MELB_URBAN,STREET,2,18.0
1562,1,6,130,1,1,60.0,0,I,MELB_URBAN,ROAD,2,9.0
1563,1,6,130,5,1,60.0,0,N,TOWNS,ROAD,2,7.0
1564,1,6,120,5,1,80.0,0,N,MELB_URBAN,HIGHWAY,2,9.0
1565,1,6,130,1,2,80.0,0,N,SMALL_CITIES,HIGHWAY,2,6.0
1566,1,6,121,4,1,80.0,0,I,TOWNS,RAMP,2,9.0
1567,8,2,99,5,1,80.0,0,N,RURAL_VICTORIA,ROAD,2,13.0
1568,1,5,110,1,1,50.0,0,I,MELB_URBAN,STREET,2,16.0
1569,8,5,184,5,5,40.0,0,N,TOWNS,ROAD,2,21.0
1570,4,6,173,2,1,80.0,0,I,RURAL_VICTORIA,ROAD,2,10.0
1571,1,6,121,2,1,60.0,0,I,MELB_URBAN,ROAD,2,11.0
1572,1,6,120,5,5,80.0,1,N,RURAL_VICTORIA,HIGHWAY,2,5.0
1573,1,6,120,5,1,100.0,0,N,RURAL_VICTORIA,HIGHWAY,2,7.0
1574,1,5,120,5,1,100.0,0,N,RURAL_VICTORIA,ROAD,2,19.0
1575,1,4,130,5,1,70.0,0,N,MELB_URBAN,HIGHWAY,2,17.0
1576,2,6,99,2,1,50.0,0,I,MELB_URBAN,STREET,2,13.0
1577,1,5,130,5,1,60.0,0,N,MELB_URBAN,ROAD,2,16.0
1578,1,6,99,2,1,60.0,0,I,MELB_URBAN,ROAD,2,14.0
1579,4,6,171,5,1,80.0,0,I,RURAL_VICTORIA,ROAD,2,14.0
1580,1,6,113,2,1,50.0,0,I,MELB_URBAN,ROAD,2,14.0
1581,4,6,181,5,1,80.0,0,N,RURAL_VICTORIA,ROAD,2,15.0
1582,2,6,102,1,1,60.0,0,I,MELB_URBAN,ROAD,2,16.0
1583,1,6,110,1,1,60.0,0,I,SMALL_CITIES,AVENUE,2,15.0
1584,1,6,111,2,1,60.0,0,I,MELB_URBAN,ROAD,2,8.0
1585,1,6,140,5,1,50.0,0,N,LARGE_PROVINCIAL_CITIES,ROAD,2,16.0
1586,1,6,130,2,1,60.0,0,I,MELB_URBAN,STREET,2,15.0
1587,1,6,130,5,1,80.0,0,N,MELB_URBAN,FREEWAY,2,15.0
1588,2,6,99,5,1,60.0,0,N,MELB_URBAN,ROAD,2,16.0
1589,1,6,121,1,1,70.0,0,I,MELB_URBAN,ROAD,2,18.0
1590,6,6,99,5,1,100.0,0,N,RURAL_VICTORIA,ROAD,2,17.0
1591,2,6,99,5,1,50.0,0,N,MELB_URBAN,ROAD,2,13.0
1592,1,5,130,5,1,40.0,0,N,LARGE_PROVINCIAL_CITIES,ROAD,2,9.0
1593,1,6,132,5,1,60.0,0,N,MELB_URBAN,ROAD,2,18.0
1594,1,6,132,1,1,60.0,0,N,SMALL_CITIES,STREET,2,17.0
1595,1,6,130,1,2,60.0,0,I,MELB_URBAN,ROAD,2,20.0
1596,2,6,102,1,1,80.0,0,I,MELB_URBAN,ROAD,2,16.0
1597,1,5,130,5,1,40.0,0,N,RURAL_VICTORIA,HIGHWAY,2,10.0
1598,1,6,160,5,3,60.0,0,N,MELB_URBAN,ROAD,2,21.0
1599,1,6,110,1,3,60.0,0,I,MELB_URBAN,ROAD,2,23.0
1600,4,6,173,5,3,80.0,0,N,MELB_URBAN,ROAD,2,22.0
1601,4,6,171,5,5,100.0,0,N,RURAL_VICTORIA,ROAD,2,23.0
1602,2,7,99,2,3,50.0,0,I,MELB_URBAN,AVENUE,2,0.0
1603,4,7,171,2,5,80.0,0,N,RURAL_VICTORIA,FREEWAY,2,1.0
1604,1,7,113,1,3,70.0,0,I,SMALL_CITIES,PARADE,2,3.0
1605,1,7,160,5,3,60.0,0,N,MELB_URBAN,STREET,2,5.0
1606,1,2,110,1,1,60.0,0,I,MELB_URBAN,ROAD,1,15.0
1607,8,1,174,5,1,60.0,0,N,RURAL_VICTORIA,HIGHWAY,1,11.0
1608,2,7,99,1,1,40.0,0,I,MELB_URBAN,ROAD,2,10.0
1609,1,7,120,5,1,60.0,0,N,MELB_URBAN,STREET,2,11.0
1610,1,6,130,5,1,60.0,0,N,LARGE_PROVINCIAL_CITIES,STREET,2,17.0
1611,1,7,116,2,6,60.0,0,I,MELB_URBAN,STREET,2,5.0
1612,4,7,173,5,1,100.0,1,N,MELB_URBAN,FREEWAY,2,7.0
1613,1,5,130,1,1,60.0,0,I,MELB_URBAN,STREET,2,18.0
1614,1,7,132,2,1,60.0,0,I,MELB_URBAN,ROAD,2,11.0
1615,4,7,181,5,5,100.0,0,N,RURAL_VICTORIA,ROAD,2,0.0
1616,1,7,130,2,1,70.0,0,I,LARGE_PROVINCIAL_CITIES,ROAD,2,12.0
1617,1,6,99,2,1,60.0,0,I,MELB_URBAN,AVENUE,2,7.0
1618,1,7,140,5,1,100.0,0,N,RURAL_VICTORIA,HIGHWAY,2,13.0
1619,1,7,113,1,1,80.0,0,I,SMALL_TOWNS,ROAD,2,10.0
1620,2,7,102,5,1,60.0,0,N,MELB_URBAN,STREET,2,11.0
1621,1,7,110,1,1,80.0,0,I,SMALL_CITIES,STREET,2,11.0
1622,1,7,99,2,1,60.0,0,I,MELB_URBAN,ROAD,2,12.0
1623,2,7,99,5,1,50.0,0,N,RURAL_VICTORIA,ROAD,2,14.0
1624,1,7,133,5,1,80.0,0,N,RURAL_VICTORIA,ROAD,2,14.0
1625,2,6,100,5,1,70.0,0,N,MELB_URBAN,HIGHWAY,2,16.0
1626,1,3,99,1,1,40.0,0,I,MELB_URBAN,STREET,2,17.0
1627,8,7,184,5,1,80.0,0,N,RURAL_VICTORIA,ROAD,2,15.0
1628,1,5,130,5,1,60.0,0,N,MELB_URBAN,ROAD,1,17.0
1629,4,7,181,5,1,70.0,0,N,RURAL_VICTORIA,ROAD,2,16.0
1630,1,7,99,1,1,80.0,0,I,MELB_URBAN,ROAD,2,16.0
1631,1,7,110,1,1,60.0,0,I,TOWNS,ROAD,2,15.0
1632,1,7,99,5,1,50.0,0,N,MELB_URBAN,STREET,2,14.0
1633,4,7,173,5,3,50.0,0,N,MELB_URBAN,OTHER,2,19.0
1634,4,7,171,5,1,60.0,0,N,MELB_URBAN,DRIVE,2,17.0
1635,1,7,130,1,1,70.0,0,I,MELB_URBAN,ROAD,2,18.0
1636,6,6,99,5,1,100.0,0,N,RURAL_VICTORIA,ROAD,2,18.0
1637,1,7,140,5,1,60.0,0,N,MELB_URBAN,STREET,2,16.0
1638,1,7,113,2,3,60.0,0,I,MELB_URBAN,ROAD,2,20.0
1639,4,7,171,1,3,80.0,0,I,MELB_URBAN,OTHER,2,22.0
1640,8,7,170,5,5,100.0,0,N,RURAL_VICTORIA,ROAD,2,21.0
1641,4,7,183,5,3,50.0,0,N,MELB_URBAN,STREET,2,23.0
1642,2,1,99,5,3,50.0,0,N,LARGE_PROVINCIAL_CITIES,STREET,2,1.0
1643,1,7,99,5,3,60.0,0,N,MELB_URBAN,ROAD,2,23.0
1644,1,1,99,2,2,60.0,0,I,MELB_URBAN,ROAD,2,6.0
1645,1,1,116,2,1,70.0,0,I,MELB_URBAN,HIGHWAY,2,8.0
1646,1,1,121,1,1,70.0,0,I,MELB_URBAN,ROAD,2,7.0
1647,1,7,113,2,1,50.0,0,I,MELB_URBAN,STREET,2,17.0
1648,1,1,133,5,1,60.0,0,N,MELB_URBAN,STREET,2,9.0
1649,4,1,183,5,5,100.0,0,N,RURAL_VICTORIA,ROAD,2,1.0
1650,1,1,171,5,1,50.0,0,N,MELB_URBAN,AVENUE,2,9.0
1651,6,1,184,5,1,100.0,0,N,RURAL_VICTORIA,ROAD,2,11.0
1652,1,1,110,1,1,60.0,0,I,MELB_URBAN,ROAD,2,10.0
1653,1,5,99,1,1,60.0,0,I,MELB_URBAN,ROAD,2,16.0
1654,1,1,120,5,1,60.0,0,N,MELB_URBAN,ROAD,2,13.0
1655,3,1,167,5,1,100.0,0,N,RURAL_VICTORIA,ROAD,2,12.0
1656,2,1,99,1,1,50.0,0,I,LARGE_PROVINCIAL_CITIES,STREET,2,12.0
1657,8,7,174,1,1,50.0,0,I,SMALL_CITIES,DRIVE,2,13.0
1658,1,1,130,1,1,50.0,0,I,MELB_URBAN,STREET,2,12.0
1659,1,1,120,5,1,100.0,0,N,RURAL_VICTORIA,ROAD,2,12.0
1660,4,1,171,5,1,100.0,1,N,RURAL_VICTORIA,HIGHWAY,2,10.0
1661,6,0,99,5,1,80.0,0,N,MELB_URBAN,FREEWAY,2,15.0
1662,4,7,171,5,5,80.0,0,N,RURAL_VICTORIA,OTHER,2,23.0
1663,5,7,99,5,2,80.0,0,N,RURAL_VICTORIA,ROAD,2,20.0
1664,1,1,121,2,3,60.0,0,I,MELB_URBAN,STREET,2,3.0
1665,6,7,174,5,1,80.0,0,N,MELB_URBAN,STREET,2,15.0
1666,4,1,173,5,1,100.0,1,N,RURAL_VICTORIA,ROAD,2,13.0
1667,1,3,130,5,1,60.0,0,N,MELB_URBAN,ROAD,2,17.0
1668,1,1,132,5,1,70.0,0,N,MELB_URBAN,ROAD,2,19.0
1669,1,1,120,5,1,60.0,0,N,MELB_URBAN,ROAD,2,19.0
1670,8,1,174,5,1,80.0,0,N,RURAL_VICTORIA,ROAD,2,17.0
1671,1,1,121,1,3,40.0,0,I,MELB_URBAN,OTHER,2,21.0
1672,1,1,160,2,3,50.0,0,I,SMALL_CITIES,DRIVE,2,22.0
1673,1,4,140,5,1,80.0,0,N,MELB_URBAN,ROAD,2,8.0
1674,4,1,171,2,3,50.0,0,I,MELB_URBAN,STREET,2,22.0
1675,8,1,174,1,3,100.0,0,I,MELB_URBAN,ROAD,2,2.0
1676,2,1,99,2,3,50.0,0,I,MELB_URBAN,DRIVE,2,23.0
1677,1,2,111,1,2,50.0,0,I,TOWNS,AVENUE,2,7.0
1678,1,5,120,5,1,60.0,0,N,RURAL_VICTORIA,OTHER,2,17.0
1679,1,2,113,2,1,50.0,0,I,MELB_URBAN,STREET,2,8.0
1680,1,2,113,2,1,50.0,0,I,MELB_URBAN,OTHER,2,7.0
1681,1,2,135,5,1,80.0,0,N,MELB_URBAN,FREEWAY,2,9.0
1682,1,4,116,2,1,70.0,0,I,MELB_URBAN,ROAD,2,9.0
1683,1,4,163,5,1,60.0,0,N,MELB_URBAN,ROAD,2,16.0
1684,1,7,130,5,1,70.0,0,N,MELB_URBAN,ROAD,2,15.0
1685,8,2,174,4,1,60.0,0,I,MELB_URBAN,ROAD,2,12.0
1686,1,1,113,2,1,60.0,0,I,MELB_URBAN,OTHER,2,18.0
1687,1,2,132,2,1,70.0,0,I,MELB_URBAN,ROAD,2,13.0
1688,4,3,171,2,1,100.0,0,I,RURAL_VICTORIA,ROAD,2,17.0
1689,4,1,183,5,5,100.0,0,N,RURAL_VICTORIA,ROAD,2,2.0
1690,1,2,133,5,1,110.0,0,I,RURAL_VICTORIA,FREEWAY,2,14.0
1691,1,2,132,2,1,70.0,0,I,MELB_URBAN,ROAD,2,7.0
1692,8,6,174,2,1,60.0,0,I,MELB_URBAN,STREET,2,17.0
1693,6,1,170,5,1,100.0,0,N,RURAL_VICTORIA,ROAD,2,17.0
1694,2,6,99,5,1,60.0,0,N,SMALL_CITIES,STREET,2,13.0
1695,1,2,113,2,1,40.0,0,I,MELB_URBAN,STREET,2,16.0
1696,1,2,130,2,1,40.0,0,I,RURAL_VICTORIA,ROAD,2,15.0
1697,1,4,99,5,1,50.0,0,N,MELB_URBAN,ROAD,2,16.0
1698,1,7,130,1,2,80.0,0,I,MELB_URBAN,HIGHWAY,2,5.0
1699,1,2,132,1,1,60.0,0,I,MELB_URBAN,ROAD,2,17.0
1700,1,2,120,2,1,70.0,0,I,MELB_URBAN,ROAD,2,14.0
1701,1,2,116,1,1,50.0,0,I,MELB_URBAN,STREET,2,16.0
1702,8,5,174,5,6,60.0,0,N,MELB_URBAN,ROAD,2,21.0
1703,1,2,130,2,1,60.0,0,I,MELB_URBAN,ROAD,2,16.0
1704,1,2,130,5,1,70.0,0,N,MELB_URBAN,ROAD,2,17.0
1705,1,2,140,2,1,60.0,0,I,MELB_URBAN,STREET,2,16.0
1706,6,2,99,5,1,100.0,0,N,RURAL_VICTORIA,UNKNOWN,2,17.0
1707,1,2,110,1,3,80.0,0,I,MELB_URBAN,ROAD,2,20.0
1708,2,2,99,5,1,100.0,1,I,RURAL_VICTORIA,ROAD,2,16.0
1709,1,2,132,2,1,50.0,0,I,MELB_URBAN,ROAD,2,16.0
1710,8,2,174,5,1,70.0,0,N,MELB_URBAN,ROAD,2,7.0
1711,1,3,160,5,3,50.0,0,N,MELB_URBAN,ROAD,2,1.0
1712,4,2,173,2,3,50.0,0,I,MELB_URBAN,OTHER,2,20.0
1713,1,3,163,1,1,60.0,0,I,MELB_URBAN,STREET,2,18.0
1714,1,1,110,1,1,50.0,0,I,SMALL_CITIES,STREET,2,12.0
1715,1,3,130,1,1,80.0,0,I,LARGE_PROVINCIAL_CITIES,HIGHWAY,2,10.0
1716,1,3,99,1,1,60.0,0,I,SMALL_CITIES,ROAD,2,15.0
1717,1,3,99,5,1,50.0,0,N,MELB_URBAN,STREET,2,11.0
1718,1,7,99,2,1,60.0,0,N,MELB_URBAN,ROAD,2,20.0
1719,1,2,121,1,1,100.0,0,I,RURAL_VICTORIA,HIGHWAY,2,15.0
1720,1,3,111,1,1,60.0,0,I,MELB_URBAN,HIGHWAY,2,11.0