,accident_type,day_of_week,dca_code,road_geometry,light_condition,speed_zone,severity,node_type,deg_urban_name,road_type,month,hour
1721,1,7,130,1,1,60.0,0,I,MELB_URBAN,HIGHWAY,2,11.0
1722,1,3,111,2,1,60.0,0,I,MELB_URBAN,ROAD,2,7.0
1723,1,3,113,4,1,60.0,0,N,MELB_URBAN,ROAD,2,14.0
1724,6,1,170,5,5,100.0,0,N,RURAL_VICTORIA,HIGHWAY,2,21.0
1725,1,3,130,4,1,60.0,0,N,MELB_URBAN,ROAD,2,15.0
1726,8,1,184,5,1,60.0,0,N,RURAL_VICTORIA,HIGHWAY,2,13.0
1727,4,3,173,5,1,80.0,0,N,RURAL_VICTORIA,ROAD,2,14.0
1728,1,3,130,5,1,60.0,0,N,MELB_URBAN,ROAD,2,14.0
1729,1,3,121,1,1,60.0,0,I,LARGE_PROVINCIAL_CITIES,ROAD,2,14.0
1730,1,3,113,2,1,60.0,0,I,MELB_URBAN,STREET,2,8.0
1731,5,3,171,5,1,100.0,0,N,RURAL_VICTORIA,HIGHWAY,2,14.0
1732,1,3,110,1,1,110.0,0,I,RURAL_VICTORIA,FREEWAY,2,15.0
1733,1,6,132,5,1,40.0,0,N,MELB_URBAN,ROAD,2,15.0
1734,1,3,140,2,1,60.0,0,I,LARGE_PROVINCIAL_CITIES,ROAD,2,17.0
1735,1,3,130,2,1,70.0,0,I,MELB_URBAN,HIGHWAY,2,15.0
1736,1,3,110,1,1,60.0,0,I,MELB_URBAN,STREET,2,18.0
1737,1,1,130,5,3,80.0,0,N,MELB_URBAN,ROAD,1,21.0
1738,1,3,130,5,1,100.0,0,N,MELB_URBAN,FREEWAY,2,18.0
1739,2,5,99,2,1,60.0,0,I,MELB_URBAN,ROAD,1,12.0
1740,1,4,113,2,1,60.0,0,I,MELB_URBAN,ROAD,2,16.0
1741,1,3,130,5,1,80.0,0,N,MELB_URBAN,HIGHWAY,2,17.0
1742,4,3,173,2,1,50.0,0,I,MELB_URBAN,OTHER,2,16.0
1743,1,3,130,5,1,100.0,0,N,MELB_URBAN,FREEWAY,2,17.0
1744,4,3,171,5,1,50.0,0,N,RURAL_VICTORIA,ROAD,2,14.0
1745,1,3,121,1,3,80.0,0,I,MELB_URBAN,ROAD,2,6.0
1746,1,4,121,1,3,60.0,0,I,MELB_URBAN,STREET,2,0.0
1747,4,3,171,5,1,100.0,0,N,RURAL_VICTORIA,ROAD,2,13.0
1748,1,4,135,2,1,60.0,0,I,MELB_URBAN,STREET,2,8.0
1749,4,3,183,5,1,90.0,0,N,RURAL_VICTORIA,ROAD,2,19.0
1750,4,4,173,5,5,100.0,0,N,RURAL_VICTORIA,HIGHWAY,2,3.0
1751,1,4,121,5,1,60.0,0,N,MELB_URBAN,ROAD,2,7.0
1752,1,4,130,5,1,50.0,0,N,MELB_URBAN,ROAD,2,7.0
1753,1,4,130,5,1,100.0,0,N,MELB_URBAN,FREEWAY,2,7.0
1754,1,4,130,5,1,60.0,0,N,MELB_URBAN,STREET,2,9.0
1755,1,4,130,5,1,60.0,0,N,MELB_URBAN,ROAD,2,7.0
1756,1,3,130,1,1,40.0,0,I,MELB_URBAN,STREET,2,17.0
1757,1,4,135,5,1,80.0,0,N,MELB_URBAN,FREEWAY,2,10.0
1758,1,4,113,2,1,70.0,0,I,MELB_URBAN,BOULEVARD,2,8.0
1759,4,4,171,5,1,110.0,1,N,RURAL_VICTORIA,FREEWAY,2,8.0
1760,1,3,111,2,1,80.0,0,I,MELB_URBAN,ROAD,2,12.0
1761,8,4,99,5,1,60.0,0,N,MELB_URBAN,ROAD,2,13.0
1762,3,7,167,5,1,80.0,0,N,RURAL_VICTORIA,ROAD,2,15.0
1763,1,3,133,5,1,60.0,0,N,MELB_URBAN,AVENUE,2,12.0
1764,1,4,130,1,1,80.0,0,I,MELB_URBAN,HIGHWAY,2,15.0
1765,8,6,174,5,1,60.0,0,N,TOWNS,ROAD,2,9.0
1766,1,4,147,5,1,50.0,0,N,SMALL_CITIES,DRIVE,2,15.0
1767,2,3,99,5,3,60.0,0,N,TOWNS,STREET,2,23.0
1768,1,4,130,5,1,80.0,0,N,RURAL_VICTORIA,ROAD,2,9.0
1769,2,4,102,5,1,50.0,0,N,TOWNS,STREET,2,16.0
1770,1,3,99,5,2,50.0,0,N,MELB_URBAN,STREET,2,6.0
1771,4,4,183,5,5,80.0,0,N,RURAL_VICTORIA,ROAD,2,22.0
1772,1,7,140,5,6,40.0,0,N,MELBOURNE_CBD,STREET,2,4.0
1773,1,6,99,5,1,40.0,0,N,MELB_URBAN,PARADE,2,8.0
1774,4,1,171,2,1,100.0,0,I,RURAL_VICTORIA,ROAD,2,13.0
1775,1,4,121,2,1,60.0,0,I,MELB_URBAN,STREET,2,17.0
1776,1,4,130,5,1,100.0,0,N,MELB_URBAN,UNKNOWN,2,16.0
1777,1,4,121,1,1,60.0,0,N,MELB_URBAN,ROAD,2,16.0
1778,1,4,121,1,2,60.0,0,I,LARGE_PROVINCIAL_CITIES,STREET,2,18.0
1779,1,4,130,5,1,80.0,0,N,RURAL_VICTORIA,HIGHWAY,2,17.0
1780,2,4,99,1,1,70.0,0,I,MELB_URBAN,STREET,2,17.0
1781,1,4,110,1,1,50.0,0,I,LARGE_PROVINCIAL_CITIES,STREET,2,18.0
1782,1,4,147,2,1,60.0,0,I,MELB_URBAN,ROAD,2,10.0
1783,1,4,113,2,2,60.0,0,I,MELB_URBAN,STREET,2,19.0
1784,1,4,99,2,3,60.0,0,I,MELB_URBAN,STREET,2,20.0
1785,1,4,130,5,1,70.0,0,N,MELB_URBAN,ROAD,2,11.0
1786,4,4,173,5,1,50.0,0,N,MELB_URBAN,STREET,2,16.0
1787,1,4,113,2,3,60.0,0,I,MELB_URBAN,ROAD,2,20.0
1788,4,5,171,2,5,50.0,0,I,MELB_URBAN,AVENUE,2,1.0
1789,1,4,121,1,3,60.0,0,I,MELB_URBAN,STREET,2,23.0
1790,1,5,130,5,2,100.0,0,N,MELB_URBAN,ROAD,2,6.0
1791,1,5,110,1,1,60.0,0,I,LARGE_PROVINCIAL_CITIES,STREET,2,7.0
1792,1,4,121,2,1,60.0,0,I,MELB_URBAN,STREET,2,13.0
1793,1,5,99,1,1,60.0,0,I,MELB_URBAN,ROAD,2,8.0
1794,1,5,130,5,1,60.0,0,N,MELB_URBAN,ROAD,2,17.0
1795,1,5,130,4,1,70.0,0,I,MELB_URBAN,ROAD,2,7.0
1796,6,3,170,5,1,100.0,0,N,RURAL_VICTORIA,ROAD,2,15.0
1797,1,5,130,5,1,70.0,0,N,MELB_URBAN,ROAD,2,9.0
1798,1,3,130,1,1,100.0,0,I,RURAL_VICTORIA,FREEWAY,2,8.0
1799,6,4,99,5,2,100.0,0,N,RURAL_VICTORIA,ROAD,2,20.0
1800,1,5,130,5,1,100.0,0,N,RURAL_VICTORIA,ROAD,2,7.0
1801,8,1,184,5,1,60.0,0,N,RURAL_VICTORIA,ROAD,2,14.0
1802,1,5,121,2,2,80.0,0,I,MELB_URBAN,ROAD,2,6.0
1803,8,5,174,1,1,60.0,0,I,MELB_URBAN,STREET,2,11.0
1804,6,5,99,5,2,70.0,0,N,MELB_URBAN,HIGHWAY,2,7.0
1805,1,5,99,1,1,40.0,0,I,MELB_URBAN,STREET,2,10.0
1806,1,4,140,1,3,80.0,0,I,MELB_URBAN,ROAD,2,21.0
1807,1,5,132,5,1,70.0,0,N,MELB_URBAN,ROAD,2,11.0
1808,1,5,134,5,1,100.0,0,N,RURAL_VICTORIA,ROAD,2,11.0
1809,4,5,181,5,1,50.0,0,N,MELB_URBAN,UNKNOWN,2,13.0
1810,1,7,135,2,1,60.0,0,I,MELB_URBAN,STREET,2,9.0
1811,8,5,170,4,1,100.0,0,N,MELB_URBAN,ROAD,2,14.0
1812,1,4,121,5,3,60.0,0,N,MELB_URBAN,ROAD,2,21.0
1813,1,5,120,5,1,50.0,0,N,MELB_URBAN,DRIVE,2,10.0
1814,1,5,110,1,1,50.0,0,I,LARGE_PROVINCIAL_CITIES,STREET,2,13.0
1815,1,5,130,1,1,80.0,0,I,MELB_URBAN,HIGHWAY,2,15.0
1816,2,5,99,5,1,40.0,0,N,MELB_URBAN,ROAD,2,14.0
1817,7,1,99,5,2,60.0,0,N,LARGE_PROVINCIAL_CITIES,ROAD,2,21.0
1818,4,5,171,2,1,70.0,0,N,MELB_URBAN,ROAD,2,15.0
1819,6,6,99,5,1,80.0,0,N,RURAL_VICTORIA,ROAD,1,7.0
1820,1,5,130,5,1,80.0,0,N,MELB_URBAN,HIGHWAY,2,17.0
1821,1,5,113,2,1,60.0,0,I,MELB_URBAN,STREET,2,19.0
1822,1,4,130,5,1,60.0,0,N,MELB_URBAN,FREEWAY,2,17.0
1823,1,2,130,5,1,100.0,0,N,MELB_URBAN,FREEWAY,2,17.0
1824,1,5,121,1,1,100.0,0,I,RURAL_VICTORIA,ROAD,2,17.0
1825,1,5,160,2,1,60.0,0,I,MELB_URBAN,STREET,2,19.0
1826,4,3,171,5,1,100.0,0,N,RURAL_VICTORIA,ROAD,2,8.0
1827,4,5,181,5,1,80.0,0,N,RURAL_VICTORIA,ROAD,2,17.0
1828,4,5,171,5,3,50.0,0,N,SMALL_CITIES,UNKNOWN,2,22.0
1829,2,5,102,5,3,40.0,0,N,MELB_URBAN,DRIVE,2,22.0
1830,1,6,160,5,5,60.0,0,N,MELB_URBAN,ROAD,2,3.0
1831,4,6,171,1,3,80.0,0,I,MELB_URBAN,ROAD,2,3.0
1832,1,5,130,2,1,60.0,0,I,MELB_URBAN,ROAD,2,14.0
1833,1,6,130,1,3,70.0,0,I,MELB_URBAN,ROAD,2,6.0
1834,1,5,111,2,2,60.0,0,I,MELB_URBAN,HIGHWAY,2,7.0
1835,1,5,130,1,1,60.0,0,N,MELB_URBAN,ROAD,2,7.0
1836,3,6,167,5,1,100.0,0,N,RURAL_VICTORIA,OTHER,2,8.0
1837,1,6,121,2,1,60.0,0,I,MELB_URBAN,STREET,2,8.0
1838,1,6,160,5,1,50.0,0,N,MELB_URBAN,STREET,2,7.0
1839,4,6,171,5,1,80.0,0,N,RURAL_VICTORIA,ROAD,2,8.0
1840,2,3,99,1,3,80.0,0,I,MELB_URBAN,HIGHWAY,1,20.0
1841,1,6,130,2,1,80.0,0,I,RURAL_VICTORIA,ROAD,2,9.0
1842,1,6,130,5,1,60.0,0,N,MELB_URBAN,STREET,2,9.0
1843,1,5,99,1,1,40.0,0,I,MELB_URBAN,STREET,2,19.0
1844,2,1,99,1,3,50.0,0,I,MELB_URBAN,STREET,1,2.0
1845,1,4,99,2,1,40.0,0,I,MELB_URBAN,ROAD,2,15.0
1846,1,6,134,1,1,50.0,0,I,TOWNS,STREET,2,11.0
1847,1,6,147,5,1,60.0,0,N,MELB_URBAN,ROAD,2,11.0
1848,1,6,111,1,1,50.0,0,I,MELB_URBAN,STREET,2,8.0
1849,1,6,99,2,1,60.0,0,I,SMALL_CITIES,STREET,2,9.0
1850,2,6,100,2,1,50.0,0,I,MELB_URBAN,HIGHWAY,2,8.0
1851,2,6,99,2,1,60.0,0,I,MELB_URBAN,ROAD,2,8.0
1852,1,6,99,2,1,40.0,0,I,SMALL_CITIES,AVENUE,2,11.0
1853,1,4,99,2,1,50.0,0,I,MELB_URBAN,AVENUE,2,8.0
1854,1,6,130,5,1,80.0,0,N,MELB_URBAN,OTHER,2,11.0
1855,1,6,160,2,1,80.0,0,I,MELB_URBAN,HIGHWAY,2,9.0
1856,1,6,113,2,1,70.0,0,I,MELB_URBAN,ROAD,2,8.0
1857,1,6,140,2,1,60.0,0,I,MELB_URBAN,ROAD,2,11.0
1858,1,6,120,1,1,60.0,0,I,MELB_URBAN,ROAD,2,11.0
1859,1,6,130,5,1,70.0,0,N,MELB_URBAN,ROAD,2,9.0
1860,1,5,99,5,1,40.0,0,N,MELB_URBAN,STREET,2,17.0
1861,1,6,99,1,1,60.0,0,I,MELB_URBAN,ROAD,2,12.0
1862,1,5,135,2,1,60.0,0,I,MELB_URBAN,STREET,2,11.0
1863,1,3,99,2,1,60.0,0,N,MELB_URBAN,ROAD,2,15.0
1864,8,2,174,2,1,50.0,0,I,MELB_URBAN,STREET,2,6.0
1865,2,6,100,5,1,50.0,0,N,TOWNS,STREET,2,10.0
1866,1,6,113,4,1,60.0,0,I,MELB_URBAN,RAMP,2,15.0
1867,6,6,174,5,1,100.0,0,N,RURAL_VICTORIA,ROAD,2,14.0
1868,6,5,99,5,5,100.0,0,N,RURAL_VICTORIA,ROAD,2,0.0
1869,1,6,132,2,1,100.0,0,I,RURAL_VICTORIA,ROAD,2,15.0
1870,1,6,113,2,1,80.0,0,I,MELB_URBAN,ROAD,2,15.0
1871,1,6,121,2,1,60.0,0,I,MELB_URBAN,ROAD,2,16.0
1872,1,6,121,2,1,60.0,0,I,MELB_URBAN,STREET,2,7.0
1873,1,7,130,5,3,70.0,0,N,MELB_URBAN,ROAD,2,22.0
1874,1,5,113,1,2,80.0,0,I,MELB_URBAN,ROAD,2,18.0
1875,1,4,99,5,1,100.0,0,N,RURAL_VICTORIA,ROAD,2,13.0
1876,1,6,120,5,1,60.0,0,N,MELB_URBAN,ROAD,2,16.0
1877,1,6,110,1,1,60.0,0,I,MELB_URBAN,STREET,2,17.0
1878,1,5,147,2,1,50.0,0,I,MELB_URBAN,ROAD,2,18.0
1879,4,6,183,5,1,100.0,0,N,RURAL_VICTORIA,ROAD,2,17.0
1880,1,6,130,1,1,60.0,0,N,LARGE_PROVINCIAL_CITIES,ROAD,2,15.0
1881,8,6,174,5,1,60.0,0,N,RURAL_VICTORIA,ROAD,2,19.0
1882,1,6,133,2,1,40.0,0,I,MELB_URBAN,HIGHWAY,2,18.0
1883,1,6,113,2,2,80.0,0,I,MELB_URBAN,ROAD,2,16.0
1884,4,6,171,5,1,100.0,0,N,RURAL_VICTORIA,ROAD,2,16.0
1885,7,5,99,2,1,50.0,0,I,SMALL_CITIES,STREET,2,15.0
1886,4,6,171,5,1,100.0,0,N,RURAL_VICTORIA,HIGHWAY,2,17.0
1887,1,6,110,1,3,60.0,0,I,MELB_URBAN,STREET,2,21.0
1888,2,6,99,5,1,50.0,0,N,MELB_URBAN,STREET,2,15.0
1889,6,6,99,5,1,80.0,0,N,RURAL_VICTORIA,ROAD,2,17.0
1890,1,6,163,5,1,60.0,0,N,MELB_URBAN,ROAD,2,15.0
1891,1,6,130,1,2,60.0,0,I,MELB_URBAN,ROAD,2,18.0
1892,4,7,171,2,5,60.0,0,I,RURAL_VICTORIA,ROAD,2,3.0
1893,4,7,183,1,3,80.0,0,I,MELB_URBAN,ROAD,2,4.0
1894,2,7,102,5,3,80.0,0,N,MELB_URBAN,HIGHWAY,2,3.0
1895,1,2,121,2,1,40.0,0,I,MELB_URBAN,ROAD,2,8.0
1896,1,7,160,1,1,60.0,0,I,MELB_URBAN,ROAD,2,7.0
1897,1,7,140,5,1,60.0,0,N,MELB_URBAN,ROAD,2,8.0
1898,4,6,171,2,5,50.0,0,I,TOWNS,AVENUE,2,22.0
1899,1,7,121,2,1,70.0,0,I,MELB_URBAN,ROAD,2,8.0
1900,1,7,121,5,1,60.0,0,N,MELB_URBAN,ROAD,2,9.0
1901,8,7,99,5,1,110.0,0,N,RURAL_VICTORIA,FREEWAY,2,10.0
1902,5,1,99,2,1,60.0,0,I,MELB_URBAN,ROAD,2,12.0
1903,1,7,130,5,1,80.0,0,N,MELB_URBAN,ROAD,2,12.0
1904,1,7,110,1,1,100.0,0,I,RURAL_VICTORIA,STREET,2,11.0
1905,2,7,102,5,1,50.0,0,N,MELB_URBAN,STREET,2,12.0
1906,1,6,121,2,1,50.0,0,I,MELB_URBAN,DRIVE,2,17.0
1907,1,7,140,5,1,100.0,0,N,RURAL_VICTORIA,ROAD,2,13.0
1908,1,7,113,2,1,70.0,0,I,MELB_URBAN,ROAD,2,9.0
1909,1,7,121,2,1,70.0,0,N,MELB_URBAN,ROAD,2,10.0
1910,1,7,133,2,1,100.0,0,I,RURAL_VICTORIA,ROAD,2,14.0
1911,2,7,102,1,1,80.0,0,I,MELB_URBAN,ROAD,2,13.0
1912,1,6,113,2,1,60.0,0,I,MELB_URBAN,STREET,2,16.0
1913,1,7,121,5,1,60.0,0,N,MELB_URBAN,ROAD,2,13.0
1914,4,7,171,2,1,60.0,0,I,MELB_URBAN,AVENUE,2,15.0
1915,8,6,170,5,1,100.0,0,N,RURAL_VICTORIA,HIGHWAY,1,13.0
1916,1,5,130,2,1,60.0,0,I,MELB_URBAN,ROAD,2,17.0
1917,2,7,100,1,1,50.0,0,I,MELB_URBAN,STREET,2,14.0
1918,1,7,130,2,1,70.0,0,I,MELB_URBAN,ROAD,2,11.0
1919,4,7,173,2,1,80.0,0,I,SMALL_TOWNS,STREET,2,14.0
1920,1,6,110,1,1,50.0,0,I,MELBOURNE_CBD,STREET,2,16.0
1921,1,7,130,1,1,60.0,0,I,MELB_URBAN,HIGHWAY,2,15.0
1922,1,7,132,2,1,60.0,0,I,MELB_URBAN,STREET,2,15.0
1923,1,6,121,4,2,60.0,0,I,MELB_URBAN,ROAD,2,19.0
1924,1,6,110,1,1,60.0,0,I,MELB_URBAN,DRIVE,2,19.0
1925,2,7,99,2,3,50.0,0,I,MELB_URBAN,STREET,2,20.0
1926,8,6,99,5,6,60.0,0,N,TOWNS,STREET,2,21.0
1927,8,7,184,5,1,100.0,0,N,RURAL_VICTORIA,ROAD,2,13.0
1928,4,7,171,5,1,100.0,0,N,RURAL_VICTORIA,ROAD,2,7.0
1929,1,6,120,5,3,70.0,0,N,MELB_URBAN,HIGHWAY,2,21.0
1930,1,1,160,5,2,60.0,0,N,MELB_URBAN,ROAD,2,5.0
1931,8,7,174,5,1,110.0,0,N,RURAL_VICTORIA,FREEWAY,2,17.0
1932,8,4,99,2,1,100.0,0,I,RURAL_VICTORIA,HIGHWAY,2,11.0
1933,1,7,130,5,2,110.0,0,N,SMALL_CITIES,FREEWAY,2,19.0
1934,1,1,116,1,1,60.0,0,I,MELB_URBAN,ROAD,2,7.0
1935,1,1,160,1,1,60.0,0,I,LARGE_PROVINCIAL_CITIES,STREET,2,7.0
1936,1,7,130,5,1,70.0,0,N,MELB_URBAN,ROAD,2,17.0
1937,1,1,110,1,1,50.0,0,I,MELB_URBAN,ROAD,2,9.0
1938,8,6,170,5,1,60.0,0,N,MELB_URBAN,ROAD,1,9.0
1939,1,7,121,1,1,70.0,0,I,MELB_URBAN,ROAD,2,14.0
1940,1,1,121,2,1,70.0,0,I,LARGE_PROVINCIAL_CITIES,STREET,2,11.0
1941,1,1,160,5,1,60.0,0,N,MELB_URBAN,STREET,2,10.0
1942,8,1,170,5,1,60.0,0,N,RURAL_VICTORIA,ROAD,2,14.0
1943,4,7,173,2,3,60.0,0,I,MELB_URBAN,ROAD,2,23.0
1944,4,1,181,5,1,100.0,0,N,RURAL_VICTORIA,ROAD,2,12.0
1945,1,1,121,2,1,60.0,0,I,MELB_URBAN,OTHER,2,14.0
1946,1,7,130,5,1,110.0,0,N,SMALL_CITIES,FREEWAY,2,18.0
1947,1,1,110,1,1,100.0,0,I,RURAL_VICTORIA,OTHER,2,13.0
1948,6,1,99,5,2,60.0,0,N,RURAL_VICTORIA,ROAD,2,17.0
1949,1,7,130,2,1,60.0,0,I,MELB_URBAN,ROAD,2,7.0
1950,8,5,184,2,1,60.0,0,N,RURAL_VICTORIA,OTHER,2,14.0
1951,4,1,173,5,1,60.0,0,N,TOWNS,ROAD,2,14.0
1952,7,7,99,5,1,110.0,0,N,RURAL_VICTORIA,FREEWAY,2,17.0
1953,1,1,120,2,1,70.0,0,I,MELB_URBAN,STREET,2,18.0
1954,1,1,130,1,1,40.0,0,I,LARGE_PROVINCIAL_CITIES,ROAD,2,12.0
1955,2,1,100,1,1,40.0,0,I,MELB_URBAN,STREET,2,19.0
1956,1,1,132,5,1,50.0,0,N,MELB_URBAN,STREET,2,16.0
1957,1,1,120,5,1,80.0,1,N,RURAL_VICTORIA,ROAD,2,16.0
1958,1,1,130,1,3,50.0,0,I,MELB_URBAN,DRIVE,2,21.0
1959,1,0,133,1,1,50.0,0,I,MELB_URBAN,STREET,2,16.0
1960,2,2,102,2,3,60.0,0,I,MELB_URBAN,ROAD,2,0.0
1961,1,1,130,5,5,100.0,0,N,RURAL_VICTORIA,ROAD,2,5.0
1962,4,1,181,5,5,100.0,0,N,RURAL_VICTORIA,ROAD,2,1.0
1963,4,1,171,5,5,100.0,0,N,RURAL_VICTORIA,ROAD,2,22.0
1964,4,2,171,5,3,60.0,0,N,MELB_URBAN,ROAD,2,1.0
1965,1,2,132,1,3,60.0,0,I,MELB_URBAN,ROAD,2,1.0
1966,1,2,110,1,3,50.0,0,I,RURAL_VICTORIA,OTHER,2,4.0
1967,6,2,99,5,5,100.0,0,N,RURAL_VICTORIA,HIGHWAY,2,3.0
1968,4,2,171,1,3,60.0,0,I,MELB_URBAN,DRIVE,2,3.0
1969,1,2,130,4,3,70.0,0,N,MELB_URBAN,ROAD,2,6.0
1970,1,4,130,4,1,60.0,0,I,MELB_URBAN,RAMP,2,7.0
1971,1,2,121,2,2,60.0,0,I,MELB_URBAN,ROAD,2,7.0
1972,1,2,130,5,2,80.0,0,N,MELB_URBAN,HIGHWAY,2,6.0
1973,1,5,111,1,1,40.0,0,I,LARGE_PROVINCIAL_CITIES,STREET,2,19.0
1974,1,2,120,2,1,70.0,0,I,MELB_URBAN,OTHER,2,7.0
1975,2,2,102,2,1,50.0,0,I,LARGE_PROVINCIAL_CITIES,STREET,2,8.0
1976,2,2,99,1,3,60.0,0,I,MELB_URBAN,HIGHWAY,2,1.0
1977,1,1,160,1,3,60.0,0,I,LARGE_PROVINCIAL_CITIES,STREET,2,22.0
1978,1,2,121,2,1,70.0,0,I,MELB_URBAN,STREET,2,8.0
1979,1,2,130,5,1,100.0,0,N,MELB_URBAN,ROAD,2,9.0
1980,1,2,130,2,1,70.0,0,I,MELB_URBAN,ROAD,2,8.0
1981,1,6,132,2,1,60.0,0,I,MELB_URBAN,AVENUE,2,18.0
1982,4,2,183,5,1,100.0,0,N,RURAL_VICTORIA,HIGHWAY,2,8.0
1983,1,2,130,4,1,60.0,0,I,MELB_URBAN,ROAD,2,7.0
1984,4,2,171,5,1,60.0,0,N,MELB_URBAN,FREEWAY,2,10.0
1985,1,2,110,1,1,70.0,0,I,MELB_URBAN,STREET,2,8.0
1986,8,1,99,5,1,60.0,0,N,RURAL_VICTORIA,ROAD,2,9.0
1987,1,3,130,2,2,50.0,0,I,MELB_URBAN,ROAD,2,19.0
1988,1,2,121,2,1,100.0,0,I,RURAL_VICTORIA,ROAD,2,11.0
1989,2,2,99,5,1,40.0,0,N,MELB_URBAN,ROAD,2,11.0
1990,1,2,110,1,1,50.0,0,I,MELB_URBAN,STREET,2,10.0
1991,1,2,113,2,1,60.0,0,I,MELB_URBAN,ROAD,2,7.0
1992,1,2,133,5,1,50.0,0,N,MELB_URBAN,RAMP,2,8.0
1993,4,2,181,5,1,60.0,0,N,TOWNS,ROAD,2,9.0
1994,8,2,99,5,1,100.0,0,N,RURAL_VICTORIA,HIGHWAY,2,8.0
1995,2,6,99,5,1,60.0,0,N,MELB_URBAN,STREET,2,8.0
1996,1,1,160,5,1,70.0,0,N,MELB_URBAN,ROAD,2,17.0
1997,1,2,130,1,1,70.0,0,I,LARGE_PROVINCIAL_CITIES,ROAD,2,13.0
1998,1,4,132,2,1,60.0,0,I,MELB_URBAN,ROAD,2,15.0
1999,4,2,181,5,1,80.0,0,N,TOWNS,HIGHWAY,2,11.0
2000,6,2,99,5,1,100.0,0,N,RURAL_VICTORIA,OTHER,2,12.0
2001,4,1,183,5,1,100.0,0,N,RURAL_VICTORIA,ROAD,2,13.0
2002,4,6,173,5,5,100.0,1,N,RURAL_VICTORIA,HIGHWAY,2,4.0
2003,1,2,121,1,1,60.0,0,I,MELB_URBAN,STREET,2,9.0
2004,8,2,174,5,9,60.0,0,N,RURAL_VICTORIA,OTHER,2,15.0
2005,1,2,147,5,1,60.0,0,N,MELB_URBAN,ROAD,2,14.0
2006,8,2,170,2,1,100.0,0,I,SMALL_TOWNS,ROAD,2,15.0
2007,2,1,100,1,1,60.0,0,I,MELB_URBAN,ROAD,2,16.0
2008,1,2,120,2,1,60.0,0,N,MELB_URBAN,HIGHWAY,2,15.0
2009,4,2,171,2,1,100.0,0,N,RURAL_VICTORIA,ROAD,2,13.0
2010,2,2,100,5,1,60.0,1,N,MELB_URBAN,ROAD,2,14.0
2011,8,2,174,5,1,50.0,0,N,MELB_URBAN,ROAD,2,15.0
2012,8,7,184,5,1,50.0,0,N,RURAL_VICTORIA,ROAD,2,13.0
2013,8,4,174,5,1,70.0,0,N,MELB_URBAN,STREET,2,13.0
2014,5,1,99,5,5,100.0,0,N,RURAL_VICTORIA,ROAD,2,22.0
2015,4,2,171,2,1,50.0,0,I,MELB_URBAN,ROAD,2,8.0
2016,1,4,130,5,1,60.0,0,N,MELB_URBAN,ROAD,2,6.0
2017,1,2,110,1,1,60.0,0,I,MELB_URBAN,STREET,2,14.0
2018,4,2,181,5,1,110.0,0,N,SMALL_CITIES,FREEWAY,2,10.0
2019,1,2,132,2,1,60.0,0,I,MELB_URBAN,STREET,2,17.0
2020,1,2,121,4,1,60.0,0,I,MELB_URBAN,RAMP,2,15.0
2021,1,2,120,5,1,80.0,0,N,RURAL_VICTORIA,ROAD,2,17.0
2022,5,2,99,5,1,60.0,0,N,RURAL_VICTORIA,ROAD,2,17.0
2023,1,2,130,1,1,60.0,0,I,SMALL_CITIES,ROAD,2,15.0
2024,1,2,130,5,1,60.0,0,N,MELB_URBAN,RAMP,2,18.0
2025,1,3,130,1,1,60.0,0,I,MELB_URBAN,ROAD,1,16.0
2026,1,2,130,5,3,60.0,0,N,MELB_URBAN,HIGHWAY,2,20.0
2027,1,2,132,5,3,50.0,0,N,MELB_URBAN,STREET,2,19.0
2028,2,2,99,5,3,60.0,0,N,MELB_URBAN,ROAD,2,21.0
2029,1,6,113,2,1,60.0,0,I,RURAL_VICTORIA,ROAD,2,7.0
2030,1,2,130,5,1,60.0,0,N,MELB_URBAN,STREET,2,16.0
2031,4,2,171,2,3,50.0,0,I,MELB_URBAN,ROAD,2,22.0
2032,1,2,110,1,3,50.0,0,I,LARGE_PROVINCIAL_CITIES,STREET,2,22.0
2033,1,2,110,1,3,50.0,0,I,LARGE_PROVINCIAL_CITIES,STREET,2,23.0
2034,4,2,171,2,3,60.0,0,I,SMALL_CITIES,AVENUE,2,22.0
2035,1,3,130,5,1,80.0,0,N,MELB_URBAN,ROAD,1,18.0
2036,4,3,171,5,3,100.0,0,N,TOWNS,STREET,2,3.0
2037,6,2,99,4,1,110.0,0,I,RURAL_VICTORIA,FREEWAY,2,9.0
2038,1,2,121,1,1,50.0,0,I,MELB_URBAN,STREET,2,13.0
2039,4,2,171,5,5,110.0,0,N,RURAL_VICTORIA,FREEWAY,2,21.0
2040,1,2,121,1,3,50.0,0,I,MELB_URBAN,ROAD,2,21.0
2041,6,1,99,5,1,100.0,0,N,RURAL_VICTORIA,ROAD,2,17.0
2042,4,2,181,5,5,100.0,0,N,RURAL_VICTORIA,ROAD,2,20.0
2043,1,1,140,5,1,100.0,0,N,RURAL_VICTORIA,ROAD,2,15.0
2044,1,3,111,2,1,60.0,0,I,MELB_URBAN,ROAD,2,9.0
2045,4,3,171,5,1,80.0,0,N,RURAL_VICTORIA,HIGHWAY,2,7.0
2046,1,3,113,2,2,60.0,0,I,MELB_URBAN,ROAD,2,7.0
2047,1,2,130,2,1,60.0,0,I,MELB_URBAN,STREET,2,14.0
2048,1,1,121,1,1,60.0,0,I,MELB_URBAN,ROAD,2,10.0
2049,2,3,100,2,1,60.0,0,I,MELB_URBAN,STREET,2,6.0
2050,6,3,174,4,1,80.0,0,N,MELB_URBAN,UNKNOWN,2,9.0
2051,1,3,134,5,1,40.0,0,N,SMALL_CITIES,STREET,2,9.0
2052,6,7,170,5,1,100.0,0,N,RURAL_VICTORIA,ROAD,2,14.0
2053,2,3,102,5,1,60.0,0,N,MELB_URBAN,STREET,2,9.0
2054,1,3,147,5,1,60.0,0,N,MELB_URBAN,STREET,2,8.0
2055,4,3,183,5,1,80.0,0,N,RURAL_VICTORIA,RAMP,2,7.0
2056,1,3,120,5,1,100.0,0,N,RURAL_VICTORIA,HIGHWAY,2,9.0
2057,4,4,171,2,1,60.0,0,I,RURAL_VICTORIA,ROAD,2,17.0
2058,4,3,183,2,1,100.0,0,I,RURAL_VICTORIA,ROAD,2,10.0
2059,1,3,130,1,1,60.0,0,I,MELB_URBAN,ROAD,1,12.0