,accident_type,day_of_week,dca_code,road_geometry,light_condition,speed_zone,severity,node_type,deg_urban_name,road_type,month,hour
2060,1,6,121,1,6,60.0,0,I,MELB_URBAN,ROAD,2,22.0
2061,2,3,99,5,1,50.0,0,N,MELB_URBAN,STREET,2,12.0
2062,8,3,174,1,1,50.0,0,I,MELB_URBAN,ROAD,2,12.0
2063,2,3,100,1,1,60.0,0,I,LARGE_PROVINCIAL_CITIES,STREET,2,14.0
2064,8,3,174,5,1,60.0,0,N,MELB_URBAN,ROAD,2,19.0
2065,6,3,99,2,1,100.0,0,I,RURAL_VICTORIA,STREET,2,13.0
2066,2,3,100,5,1,60.0,0,N,MELB_URBAN,ROAD,2,7.0
2067,1,3,110,1,1,50.0,0,I,SMALL_CITIES,STREET,2,14.0
2068,1,3,113,2,1,100.0,0,N,RURAL_VICTORIA,ROAD,2,12.0
2069,4,5,183,2,1,40.0,0,I,MELB_URBAN,DRIVE,2,8.0
2070,1,3,99,4,1,60.0,0,N,MELB_URBAN,ROAD,2,14.0
2071,1,3,134,5,1,100.0,0,N,MELB_URBAN,UNKNOWN,2,14.0
2072,1,7,130,1,5,50.0,0,I,MELB_URBAN,ROAD,2,23.0
2073,2,2,99,5,1,50.0,0,N,MELB_URBAN,ROAD,2,13.0
2074,6,3,99,5,5,100.0,0,N,RURAL_VICTORIA,ROAD,2,3.0
2075,1,3,113,2,1,50.0,0,I,MELB_URBAN,STREET,2,10.0
2076,1,3,135,5,1,60.0,0,N,MELB_URBAN,ROAD,2,16.0
2077,1,3,99,5,1,60.0,0,N,MELB_URBAN,STREET,2,7.0
2078,1,3,132,2,1,70.0,0,I,MELB_URBAN,ROAD,2,17.0
2079,8,3,99,2,1,100.0,0,I,RURAL_VICTORIA,ROAD,2,15.0
2080,2,5,102,5,1,50.0,0,N,SMALL_CITIES,ROAD,1,12.0
2081,1,3,163,5,1,60.0,0,N,MELB_URBAN,STREET,2,20.0
2082,1,3,130,5,1,70.0,0,I,SMALL_CITIES,HIGHWAY,2,17.0
2083,2,3,100,2,1,60.0,0,I,MELB_URBAN,STREET,2,19.0
2084,4,3,171,1,1,50.0,0,I,MELB_URBAN,ROAD,2,19.0
2085,1,3,113,2,1,70.0,0,I,LARGE_PROVINCIAL_CITIES,ROAD,2,15.0
2086,1,3,130,5,3,80.0,0,N,MELB_URBAN,FREEWAY,2,20.0
2087,4,3,173,5,3,100.0,0,N,RURAL_VICTORIA,HIGHWAY,2,21.0
2088,4,4,173,1,3,60.0,0,I,MELB_URBAN,ROAD,2,4.0
2089,1,3,160,5,1,60.0,0,N,LARGE_PROVINCIAL_CITIES,STREET,2,15.0
2090,1,7,121,2,1,50.0,0,I,MELB_URBAN,STREET,2,8.0
2091,1,2,121,2,1,60.0,0,I,MELB_URBAN,ROAD,2,10.0
2092,2,3,100,5,1,50.0,0,N,MELB_URBAN,STREET,2,9.0
2093,1,4,110,1,1,50.0,0,I,MELB_URBAN,STREET,2,9.0
2094,1,4,99,1,1,70.0,0,I,MELB_URBAN,ROAD,2,9.0
2095,6,1,174,2,1,60.0,0,I,MELB_URBAN,AVENUE,2,12.0
2096,1,4,121,2,1,50.0,0,I,MELB_URBAN,STREET,2,8.0
2097,2,4,99,1,1,60.0,0,I,MELB_URBAN,ROAD,2,11.0
2098,1,4,130,1,1,80.0,0,I,MELB_URBAN,HIGHWAY,2,11.0
2099,2,4,99,1,1,50.0,0,I,SMALL_CITIES,STREET,2,12.0
2100,6,1,174,5,1,50.0,0,N,RURAL_VICTORIA,ROAD,2,11.0
2101,8,4,99,5,1,100.0,0,N,MELB_URBAN,ROAD,2,12.0
2102,4,7,99,5,5,100.0,0,N,RURAL_VICTORIA,ROAD,1,1.0
2103,1,4,147,2,1,50.0,0,I,MELB_URBAN,STREET,2,12.0
2104,6,1,99,5,1,100.0,0,N,RURAL_VICTORIA,HIGHWAY,2,11.0
2105,1,4,130,1,1,70.0,0,I,MELB_URBAN,DRIVE,2,11.0
2106,1,2,130,2,1,60.0,0,I,LARGE_PROVINCIAL_CITIES,STREET,2,12.0
2107,4,4,171,5,1,100.0,0,N,RURAL_VICTORIA,ROAD,2,13.0
2108,1,4,130,2,1,60.0,0,N,MELB_URBAN,ROAD,2,9.0
2109,1,4,99,1,3,100.0,0,I,MELB_URBAN,ROAD,2,4.0
2110,8,4,170,5,1,100.0,0,N,RURAL_VICTORIA,ROAD,2,14.0
2111,1,4,147,2,1,60.0,0,I,MELB_URBAN,HIGHWAY,2,14.0
2112,2,4,100,2,1,60.0,0,I,MELB_URBAN,ROAD,2,15.0
2113,4,4,171,5,1,100.0,0,N,RURAL_VICTORIA,ROAD,2,16.0
2114,1,4,130,1,1,80.0,0,I,MELB_URBAN,ROAD,2,6.0
2115,1,2,120,5,3,70.0,0,N,LARGE_PROVINCIAL_CITIES,HIGHWAY,2,21.0
2116,2,3,99,5,5,60.0,0,N,RURAL_VICTORIA,ROAD,2,21.0
2117,1,4,121,2,1,60.0,0,I,MELB_URBAN,ROAD,2,18.0
2118,1,4,99,5,1,50.0,0,N,MELB_URBAN,STREET,2,19.0
2119,2,3,100,2,3,60.0,0,I,MELB_URBAN,ROAD,2,21.0
2120,1,3,113,2,3,50.0,0,I,MELB_URBAN,OTHER,2,22.0
2121,2,1,99,5,5,60.0,0,N,MELB_URBAN,STREET,2,1.0
2122,1,4,121,1,1,60.0,0,I,RURAL_VICTORIA,ROAD,2,17.0
2123,4,4,99,2,1,100.0,0,N,RURAL_VICTORIA,ROAD,2,17.0
2124,1,4,110,1,1,50.0,0,I,MELB_URBAN,STREET,2,18.0
2125,2,4,99,2,1,50.0,0,I,MELB_URBAN,OTHER,2,19.0
2126,1,4,130,5,3,100.0,0,N,MELB_URBAN,FREEWAY,2,21.0
2127,1,3,121,5,2,60.0,0,N,MELB_URBAN,STREET,2,17.0
2128,8,4,174,2,3,50.0,0,I,MELB_URBAN,STREET,2,23.0
2129,1,4,99,1,1,60.0,0,N,MELB_URBAN,ROAD,2,9.0
2130,4,4,171,5,5,100.0,0,N,MELB_URBAN,FREEWAY,2,23.0
2131,1,4,135,5,2,100.0,0,N,MELB_URBAN,FREEWAY,2,6.0
2132,1,5,130,2,2,70.0,0,I,MELB_URBAN,ROAD,3,6.0
2133,1,5,99,5,3,70.0,0,N,MELB_URBAN,ROAD,3,7.0
2134,8,5,174,2,1,60.0,0,I,MELB_URBAN,STREET,3,9.0
2135,4,5,181,5,1,100.0,0,N,RURAL_VICTORIA,ROAD,3,7.0
2136,4,5,181,5,1,80.0,0,N,RURAL_VICTORIA,ROAD,3,8.0
2137,1,4,99,1,2,80.0,0,I,MELB_URBAN,ROAD,2,7.0
2138,1,5,132,2,1,60.0,0,I,LARGE_PROVINCIAL_CITIES,ROAD,3,8.0
2139,1,5,113,2,1,80.0,0,I,MELB_URBAN,ROAD,3,8.0
2140,1,5,110,1,1,60.0,0,I,MELB_URBAN,STREET,1,16.0
2141,1,5,120,5,1,60.0,0,N,MELB_URBAN,ROAD,3,9.0
2142,1,5,140,5,1,60.0,0,N,SMALL_CITIES,AVENUE,3,9.0
2143,1,5,110,1,1,80.0,0,I,RURAL_VICTORIA,ROAD,3,9.0
2144,4,5,181,5,1,100.0,0,N,RURAL_VICTORIA,ROAD,3,7.0
2145,2,1,99,1,1,60.0,0,I,LARGE_PROVINCIAL_CITIES,STREET,2,20.0
2146,4,5,173,5,1,60.0,0,N,SMALL_CITIES,ROAD,3,11.0
2147,1,5,130,1,1,60.0,0,I,MELB_URBAN,ROAD,3,12.0
2148,1,5,111,4,1,110.0,0,N,RURAL_VICTORIA,FREEWAY,3,11.0
2149,1,4,130,5,1,60.0,0,N,MELB_URBAN,ROAD,2,7.0
2150,1,5,134,5,1,60.0,0,N,SMALL_CITIES,STREET,3,9.0
2151,1,3,99,2,1,60.0,0,I,MELB_URBAN,STREET,1,20.0
2152,1,2,121,1,1,100.0,0,I,RURAL_VICTORIA,HIGHWAY,2,14.0
2153,1,4,147,5,1,80.0,0,N,MELB_URBAN,ROAD,2,16.0
2154,4,5,171,1,1,60.0,0,I,MELB_URBAN,ROAD,3,13.0
2155,1,5,110,1,1,40.0,0,I,MELB_URBAN,ROAD,3,13.0
2156,1,4,130,1,1,50.0,0,I,LARGE_PROVINCIAL_CITIES,STREET,2,17.0
2157,1,5,120,2,1,50.0,0,I,LARGE_PROVINCIAL_CITIES,STREET,3,15.0
2158,5,5,99,5,1,60.0,0,N,RURAL_VICTORIA,ROAD,2,7.0
2159,8,7,99,5,1,50.0,0,N,MELB_URBAN,ROAD,2,10.0
2160,4,5,183,2,1,60.0,0,I,RURAL_VICTORIA,ROAD,3,13.0
2161,4,5,173,5,1,100.0,0,N,MELB_URBAN,FREEWAY,3,11.0
2162,1,4,130,1,1,60.0,0,I,LARGE_PROVINCIAL_CITIES,STREET,2,18.0
2163,4,5,173,5,1,110.0,0,N,RURAL_VICTORIA,FREEWAY,3,14.0
2164,4,5,171,2,1,50.0,0,I,MELB_URBAN,OTHER,3,17.0
2165,1,5,120,5,1,50.0,0,N,SMALL_CITIES,AVENUE,3,18.0
2166,1,5,130,5,1,80.0,0,N,MELB_URBAN,ROAD,3,18.0
2167,1,5,121,1,1,80.0,0,N,MELB_URBAN,ROAD,3,18.0
2168,1,5,110,1,1,50.0,0,I,LARGE_PROVINCIAL_CITIES,AVENUE,3,15.0
2169,6,5,170,5,2,70.0,0,N,RURAL_VICTORIA,ROAD,3,18.0
2170,4,1,171,5,1,100.0,0,N,RURAL_VICTORIA,ROAD,1,15.0
2171,2,5,102,5,1,50.0,0,N,MELB_URBAN,OTHER,3,15.0
2172,4,5,181,5,1,100.0,0,N,RURAL_VICTORIA,ROAD,3,18.0
2173,1,5,132,2,5,100.0,0,N,RURAL_VICTORIA,ROAD,3,20.0
2174,1,5,121,2,3,80.0,0,I,MELB_URBAN,ROAD,3,21.0
2175,1,5,110,1,3,60.0,0,I,MELB_URBAN,ROAD,3,21.0
2176,6,6,99,2,5,100.0,0,I,RURAL_VICTORIA,ROAD,3,0.0
2177,4,5,173,5,5,80.0,0,N,SMALL_CITIES,ROAD,3,23.0
2178,1,6,130,1,1,50.0,0,I,MELB_URBAN,BOULEVARD,2,8.0
2179,2,6,100,2,1,60.0,0,I,MELB_URBAN,STREET,3,7.0
2180,8,6,174,2,1,60.0,0,I,MELB_URBAN,STREET,3,7.0
2181,2,6,102,5,1,60.0,0,N,MELB_URBAN,ROAD,3,7.0
2182,1,6,130,2,1,70.0,0,I,MELB_URBAN,ROAD,3,7.0
2183,1,6,134,5,1,60.0,0,N,MELB_URBAN,RAMP,3,9.0
2184,2,6,100,5,1,40.0,0,N,MELB_URBAN,ROAD,3,8.0
2185,1,6,113,2,1,60.0,0,I,MELB_URBAN,ROAD,3,9.0
2186,1,4,121,2,1,60.0,0,I,MELB_URBAN,ROAD,2,18.0
2187,6,6,170,5,5,100.0,0,N,RURAL_VICTORIA,HIGHWAY,3,5.0
2188,1,6,147,5,1,100.0,0,N,RURAL_VICTORIA,ROAD,3,10.0
2189,1,5,99,5,1,50.0,0,N,TOWNS,STREET,3,12.0
2190,1,7,130,5,1,60.0,0,N,MELB_URBAN,ROAD,1,13.0
2191,1,6,132,5,1,50.0,0,N,MELB_URBAN,STREET,3,12.0
2192,1,6,116,2,1,40.0,0,I,MELB_URBAN,AVENUE,2,8.0
2193,1,6,130,5,1,80.0,0,N,MELB_URBAN,ROAD,3,10.0
2194,1,6,140,5,1,100.0,0,N,RURAL_VICTORIA,HIGHWAY,2,17.0
2195,4,6,183,5,1,100.0,0,N,RURAL_VICTORIA,ROAD,3,14.0
2196,1,6,121,1,1,70.0,0,I,MELB_URBAN,ROAD,3,15.0
2197,4,6,181,5,1,60.0,0,N,SMALL_TOWNS,ROAD,3,15.0
2198,1,6,121,1,1,80.0,0,I,MELB_URBAN,ROAD,3,14.0
2199,1,6,110,1,1,50.0,0,I,MELBOURNE_CBD,STREET,3,15.0
2200,1,6,113,2,1,60.0,0,I,MELB_URBAN,ROAD,3,16.0
2201,1,6,130,4,1,80.0,0,I,MELB_URBAN,RAMP,3,15.0
2202,1,6,140,5,1,50.0,0,N,SMALL_CITIES,AVENUE,3,17.0
2203,1,6,121,2,1,60.0,0,I,MELB_URBAN,ROAD,3,18.0
2204,6,6,174,5,1,50.0,0,N,TOWNS,STREET,3,18.0
2205,1,6,130,5,1,70.0,0,N,MELB_URBAN,ROAD,3,18.0
2206,1,6,163,5,1,60.0,0,N,MELB_URBAN,BOULEVARD,3,18.0
2207,2,6,99,5,1,40.0,0,N,MELB_URBAN,ROAD,3,19.0
2208,1,6,99,5,1,50.0,0,N,MELBOURNE_CBD,STREET,3,16.0
2209,4,6,171,5,1,110.0,0,N,RURAL_VICTORIA,FREEWAY,3,18.0
2210,1,6,111,4,3,70.0,0,I,MELB_URBAN,ROAD,3,21.0
2211,8,6,174,5,3,70.0,0,N,MELB_URBAN,ROAD,3,20.0
2212,1,6,121,1,3,60.0,0,I,MELB_URBAN,HIGHWAY,3,21.0
2213,7,7,99,5,3,80.0,0,N,MELB_URBAN,HIGHWAY,3,1.0
2214,1,7,116,2,3,60.0,0,I,MELB_URBAN,ROAD,3,1.0
2215,1,6,130,1,4,50.0,0,I,MELB_URBAN,STREET,3,23.0
2216,1,7,121,2,3,80.0,0,I,MELB_URBAN,HIGHWAY,3,6.0
2217,1,7,99,5,3,80.0,0,N,MELB_URBAN,ROAD,3,6.0
2218,2,7,102,5,1,60.0,0,N,MELB_URBAN,ROAD,3,9.0
2219,1,6,130,5,1,80.0,0,N,LARGE_PROVINCIAL_CITIES,ROAD,2,15.0
2220,1,7,130,4,1,80.0,0,I,MELB_URBAN,UNKNOWN,3,9.0
2221,8,7,174,5,1,60.0,0,N,MELB_URBAN,ROAD,3,8.0
2222,1,7,111,1,1,60.0,0,I,MELB_URBAN,ROAD,3,11.0
2223,4,7,171,5,5,100.0,0,N,RURAL_VICTORIA,ROAD,3,6.0
2224,1,7,121,5,1,60.0,0,N,MELB_URBAN,AVENUE,3,10.0
2225,1,7,121,2,1,80.0,0,I,RURAL_VICTORIA,HIGHWAY,3,11.0
2226,6,7,99,5,1,80.0,0,N,RURAL_VICTORIA,HIGHWAY,3,12.0
2227,4,7,171,2,1,70.0,0,I,MELB_URBAN,HIGHWAY,3,9.0
2228,1,7,120,5,1,60.0,0,N,MELB_URBAN,ROAD,3,10.0
2229,4,7,171,2,1,60.0,0,N,SMALL_CITIES,STREET,3,14.0
2230,1,7,121,2,1,50.0,0,I,MELB_URBAN,DRIVE,3,13.0
2231,1,7,130,5,1,70.0,0,N,MELB_URBAN,STREET,3,11.0
2232,1,7,113,2,1,60.0,0,I,MELB_URBAN,ROAD,3,14.0
2233,4,7,171,5,1,90.0,0,N,RURAL_VICTORIA,ROAD,3,8.0
2234,1,7,110,1,1,60.0,0,I,MELB_URBAN,STREET,3,15.0
2235,4,7,173,5,1,110.0,0,N,RURAL_VICTORIA,FREEWAY,3,13.0
2236,4,7,173,5,1,100.0,0,N,RURAL_VICTORIA,ROAD,3,15.0
2237,4,7,171,5,2,60.0,0,N,MELB_URBAN,STREET,3,17.0
2238,2,7,99,5,2,40.0,0,N,MELB_URBAN,STREET,3,18.0
2239,4,7,171,4,1,80.0,0,I,MELB_URBAN,HIGHWAY,3,18.0
2240,1,7,130,5,2,100.0,0,N,MELB_URBAN,FREEWAY,3,17.0
2241,1,7,130,2,1,60.0,0,I,MELB_URBAN,ROAD,3,15.0
2242,2,7,102,1,1,60.0,0,I,MELB_URBAN,ROAD,3,15.0
2243,6,7,99,5,2,80.0,0,N,MELB_URBAN,ROAD,3,17.0
2244,1,5,99,5,1,60.0,0,N,MELB_URBAN,ROAD,2,8.0
2245,2,7,100,5,1,60.0,0,N,MELB_URBAN,ROAD,3,18.0
2246,2,7,102,1,3,70.0,0,I,MELB_URBAN,ROAD,3,20.0
2247,2,5,99,2,1,50.0,0,I,MELB_URBAN,STREET,3,11.0
2248,4,7,173,5,6,100.0,0,N,RURAL_VICTORIA,ROAD,3,3.0
2249,1,7,111,4,1,60.0,0,I,MELB_URBAN,DRIVE,3,9.0
2250,1,7,160,5,3,50.0,0,I,MELB_URBAN,STREET,3,21.0
2251,1,7,134,1,3,70.0,0,I,MELB_URBAN,ROAD,3,23.0
2252,1,7,130,5,1,100.0,0,N,MELB_URBAN,FREEWAY,3,19.0
2253,4,7,171,2,3,60.0,0,I,MELB_URBAN,ROAD,3,22.0
2254,4,1,171,5,3,50.0,0,N,MELB_URBAN,AVENUE,3,2.0
2255,4,7,99,5,5,100.0,0,N,RURAL_VICTORIA,ROAD,3,2.0
2256,1,7,160,5,3,50.0,0,N,MELB_URBAN,ROAD,3,23.0
2257,1,1,140,1,3,50.0,0,I,MELBOURNE_CBD,STREET,3,5.0
2258,1,7,99,2,3,80.0,0,N,SMALL_CITIES,OTHER,3,3.0
2259,4,1,99,2,5,100.0,0,N,RURAL_VICTORIA,ROAD,3,6.0
2260,1,1,160,5,3,60.0,0,N,MELB_URBAN,ROAD,3,4.0
2261,4,7,181,5,1,100.0,0,N,RURAL_VICTORIA,ROAD,3,17.0
2262,1,1,132,2,1,60.0,0,I,MELB_URBAN,STREET,3,9.0
2263,4,0,173,5,1,70.0,0,N,RURAL_VICTORIA,ROAD,3,8.0
2264,4,1,183,5,1,80.0,0,N,MELB_URBAN,ROAD,3,9.0
2265,2,1,100,2,1,40.0,0,I,MELB_URBAN,ROAD,3,11.0
2266,8,1,174,5,1,60.0,0,N,MELB_URBAN,ROAD,3,10.0
2267,2,1,100,1,1,60.0,0,I,MELB_URBAN,ROAD,3,10.0
2268,8,1,174,5,1,100.0,0,N,RURAL_VICTORIA,ROAD,3,11.0
2269,1,1,99,2,1,50.0,0,I,MELB_URBAN,STREET,3,14.0
2270,1,3,110,1,1,100.0,0,I,RURAL_VICTORIA,ROAD,2,8.0
2271,1,1,147,5,1,60.0,0,N,MELB_URBAN,STREET,3,13.0
2272,6,1,184,5,1,100.0,0,N,RURAL_VICTORIA,ROAD,3,18.0
2273,1,1,121,1,1,70.0,0,I,RURAL_VICTORIA,ROAD,3,17.0
2274,1,1,130,5,1,60.0,0,N,SMALL_TOWNS,ROAD,3,17.0
2275,1,1,147,5,3,60.0,0,N,SMALL_CITIES,STREET,3,21.0
2276,4,1,181,5,1,80.0,0,N,RURAL_VICTORIA,ROAD,3,17.0
2277,4,1,99,5,3,60.0,0,N,MELB_URBAN,ROAD,3,21.0
2278,1,1,113,4,3,80.0,0,I,MELB_URBAN,RAMP,3,20.0
2279,1,1,113,1,3,80.0,0,I,RURAL_VICTORIA,ROAD,3,21.0
2280,1,1,160,1,3,60.0,0,I,MELB_URBAN,STREET,3,23.0
2281,8,6,174,2,1,50.0,0,I,MELB_URBAN,ROAD,3,18.0
2282,1,4,110,1,5,100.0,0,I,RURAL_VICTORIA,ROAD,2,21.0
2283,4,1,173,5,5,100.0,0,N,RURAL_VICTORIA,HIGHWAY,3,23.0
2284,1,2,133,5,1,70.0,0,N,RURAL_VICTORIA,ROAD,3,7.0
2285,1,2,99,5,1,60.0,0,N,MELB_URBAN,ROAD,3,8.0
2286,6,2,174,1,1,110.0,0,I,RURAL_VICTORIA,FREEWAY,3,9.0
2287,1,6,130,2,1,80.0,0,I,MELB_URBAN,HIGHWAY,3,11.0
2288,1,1,121,2,3,80.0,0,I,MELB_URBAN,HIGHWAY,3,21.0
2289,1,7,130,2,3,40.0,0,I,MELB_URBAN,STREET,3,22.0
2290,1,7,130,2,1,70.0,0,I,MELB_URBAN,HIGHWAY,2,16.0
2291,8,6,174,5,1,50.0,0,N,RURAL_VICTORIA,OTHER,2,16.0
2292,1,7,130,5,1,60.0,0,N,MELB_URBAN,ROAD,3,14.0
2293,1,2,113,2,1,60.0,0,I,MELB_URBAN,STREET,3,11.0
2294,4,2,171,5,1,100.0,0,N,RURAL_VICTORIA,HIGHWAY,3,10.0
2295,1,2,121,2,1,80.0,0,I,SMALL_CITIES,HIGHWAY,3,11.0
2296,1,4,99,2,1,60.0,0,I,LARGE_PROVINCIAL_CITIES,ROAD,2,9.0
2297,1,1,121,1,3,70.0,0,I,MELB_URBAN,ROAD,3,22.0
2298,4,1,171,2,3,80.0,0,I,MELB_URBAN,ROAD,3,5.0
2299,1,5,99,1,1,60.0,0,I,MELB_URBAN,ROAD,2,8.0
2300,1,6,113,1,3,100.0,0,I,RURAL_VICTORIA,ROAD,3,20.0
2301,8,1,99,2,1,60.0,0,I,RURAL_VICTORIA,ROAD,2,12.0
2302,8,7,174,5,3,60.0,0,N,MELB_URBAN,PARADE,2,23.0
2303,1,2,121,2,2,70.0,0,I,MELB_URBAN,ROAD,3,17.0
2304,1,2,113,2,1,60.0,0,I,MELB_URBAN,ROAD,3,15.0
2305,1,2,99,2,1,100.0,0,I,RURAL_VICTORIA,HIGHWAY,3,17.0
2306,1,2,163,2,1,50.0,0,I,MELB_URBAN,STREET,3,18.0
2307,2,2,100,2,1,60.0,0,I,TOWNS,STREET,3,17.0
2308,1,2,147,5,1,50.0,0,N,LARGE_PROVINCIAL_CITIES,ROAD,3,17.0
2309,1,2,121,5,1,80.0,0,N,MELB_URBAN,ROAD,3,17.0
2310,1,2,113,2,2,60.0,0,I,MELB_URBAN,ROAD,3,19.0
2311,3,2,167,2,5,100.0,0,I,RURAL_VICTORIA,ROAD,3,20.0
2312,6,2,174,5,2,100.0,0,N,LARGE_PROVINCIAL_CITIES,ROAD,3,17.0
2313,1,5,130,5,1,60.0,0,N,MELB_URBAN,FREEWAY,3,10.0
2314,1,6,160,5,3,60.0,0,N,SMALL_CITIES,ROAD,3,23.0
2315,6,1,99,5,5,100.0,0,N,SMALL_CITIES,HIGHWAY,3,2.0
2316,1,7,163,5,6,60.0,0,N,MELB_URBAN,STREET,2,1.0
2317,4,3,181,5,3,70.0,0,N,MELB_URBAN,STREET,3,2.0
2318,4,3,173,5,3,70.0,0,N,MELB_URBAN,ROAD,3,2.0
2319,1,3,116,2,3,60.0,0,I,MELB_URBAN,ROAD,3,4.0
2320,6,1,174,2,1,60.0,0,I,RURAL_VICTORIA,OTHER,2,15.0
2321,4,3,99,2,1,50.0,0,I,MELB_URBAN,STREET,1,17.0
2322,1,3,121,1,1,80.0,0,I,MELB_URBAN,ROAD,3,7.0
2323,1,3,130,5,1,60.0,0,N,MELB_URBAN,ROAD,2,17.0
2324,1,3,160,5,1,40.0,0,N,TOWNS,OTHER,3,8.0
2325,6,2,99,5,5,100.0,0,N,RURAL_VICTORIA,ROAD,3,22.0
2326,1,3,135,5,1,100.0,0,N,MELB_URBAN,FREEWAY,3,8.0
2327,1,3,130,5,1,100.0,0,N,MELB_URBAN,FREEWAY,3,7.0
2328,1,2,130,1,3,70.0,0,I,MELB_URBAN,OTHER,3,6.0
2329,1,3,130,1,1,80.0,0,I,MELB_URBAN,HIGHWAY,3,8.0
2330,1,2,120,5,5,100.0,0,N,RURAL_VICTORIA,UNKNOWN,3,21.0
2331,2,3,99,2,1,60.0,0,I,MELB_URBAN,ROAD,3,7.0
2332,1,4,130,5,1,60.0,0,N,LARGE_PROVINCIAL_CITIES,STREET,2,17.0
2333,1,1,110,1,1,80.0,0,I,RURAL_VICTORIA,HIGHWAY,3,18.0
2334,1,6,163,5,1,60.0,0,N,MELB_URBAN,PARADE,3,18.0
2335,1,3,130,1,1,60.0,0,I,MELB_URBAN,PARADE,3,13.0
2336,1,3,132,2,1,50.0,0,I,MELB_URBAN,ROAD,3,9.0
2337,1,1,130,5,1,100.0,0,N,MELB_URBAN,FREEWAY,2,7.0
2338,4,3,173,5,1,100.0,0,N,RURAL_VICTORIA,ROAD,3,11.0
2339,2,3,99,5,1,60.0,0,N,MELB_URBAN,ROAD,3,14.0
2340,2,1,99,5,3,40.0,0,N,MELB_URBAN,HIGHWAY,3,21.0
2341,1,3,130,5,1,70.0,0,N,MELB_URBAN,ROAD,3,16.0
2342,2,3,99,5,1,50.0,0,N,SMALL_CITIES,STREET,3,15.0
2343,8,7,99,5,1,100.0,0,N,RURAL_VICTORIA,ROAD,2,12.0
2344,1,3,130,2,1,60.0,0,I,SMALL_CITIES,STREET,3,17.0
2345,1,3,121,2,1,70.0,0,I,MELB_URBAN,ROAD,3,16.0
2346,1,3,130,2,1,50.0,0,I,SMALL_CITIES,ROAD,3,9.0
2347,2,3,102,5,1,50.0,0,N,MELB_URBAN,ROAD,3,17.0
2348,7,3,99,1,1,60.0,0,I,MELB_URBAN,ROAD,3,15.0
2349,1,3,121,2,1,70.0,0,N,LARGE_PROVINCIAL_CITIES,STREET,3,17.0
2350,1,3,110,1,1,60.0,0,I,MELB_URBAN,ROAD,3,14.0
2351,1,3,110,1,2,80.0,0,I,RURAL_VICTORIA,ROAD,3,19.0
2352,1,3,99,2,1,40.0,0,I,MELB_URBAN,STREET,3,15.0
2353,1,3,120,5,1,60.0,0,N,RURAL_VICTORIA,ROAD,3,17.0
2354,1,2,130,5,2,40.0,0,N,SMALL_TOWNS,FREEWAY,3,18.0
2355,1,3,121,1,1,60.0,0,I,MELB_URBAN,STREET,3,19.0
2356,2,3,100,1,1,50.0,0,I,MELB_URBAN,STREET,3,18.0
2357,4,3,183,5,3,100.0,0,N,MELB_URBAN,FREEWAY,3,3.0
2358,1,3,121,1,3,50.0,0,I,MELB_URBAN,ROAD,3,20.0
2359,5,6,99,5,1,60.0,0,N,MELB_URBAN,AVENUE,3,7.0
2360,8,3,174,2,3,60.0,0,N,MELB_URBAN,OTHER,3,23.0
2361,5,3,171,1,1,40.0,0,I,MELB_URBAN,HIGHWAY,3,19.0
2362,8,1,174,1,1,50.0,0,I,LARGE_PROVINCIAL_CITIES,STREET,1,12.0
2363,2,4,100,5,3,60.0,0,N,MELB_URBAN,ROAD,3,5.0
2364,1,5,130,4,2,60.0,0,N,MELB_URBAN,ROAD,3,16.0
2365,1,4,133,1,1,60.0,0,I,MELB_URBAN,ROAD,3,6.0
2366,1,5,110,1,3,50.0,0,I,MELB_URBAN,STREET,2,22.0
2367,1,3,132,4,1,70.0,0,I,LARGE_PROVINCIAL_CITIES,STREET,3,15.0
2368,1,2,130,2,1,60.0,0,I,MELB_URBAN,ROAD,3,11.0
2369,1,4,110,1,1,100.0,0,I,RURAL_VICTORIA,ROAD,3,9.0
2370,8,4,170,5,1,60.0,0,N,MELB_URBAN,STREET,3,8.0
2371,4,4,99,5,1,80.0,0,N,RURAL_VICTORIA,ROAD,3,9.0
2372,1,4,130,5,1,100.0,0,N,MELB_URBAN,FREEWAY,3,9.0
2373,1,3,133,1,1,60.0,0,I,MELB_URBAN,ROAD,3,17.0
2374,1,4,110,1,2,80.0,0,N,MELB_URBAN,ROAD,3,6.0
2375,1,4,130,5,1,60.0,0,N,MELB_URBAN,ROAD,3,8.0
2376,1,4,121,2,1,50.0,0,I,MELB_URBAN,STREET,3,7.0
2377,1,4,113,1,1,80.0,0,I,RURAL_VICTORIA,HIGHWAY,3,9.0
2378,8,1,174,2,1,60.0,0,I,MELB_URBAN,STREET,3,17.0
2379,8,3,184,5,1,60.0,0,N,SMALL_TOWNS,ROAD,2,15.0
2380,1,4,130,5,1,60.0,0,N,LARGE_PROVINCIAL_CITIES,STREET,2,13.0
2381,1,4,113,1,1,100.0,0,I,RURAL_VICTORIA,ROAD,3,12.0
2382,1,2,99,2,1,70.0,0,I,MELB_URBAN,ROAD,2,16.0
2383,1,3,116,2,3,60.0,0,I,MELB_URBAN,AVENUE,3,20.0
2384,1,4,130,5,2,100.0,0,N,RURAL_VICTORIA,ROAD,3,6.0
2385,1,7,140,2,1,60.0,0,I,MELB_URBAN,ROAD,1,17.0
2386,1,4,130,5,1,80.0,0,N,MELB_URBAN,FREEWAY,3,6.0
2387,2,6,99,5,1,50.0,0,N,MELBOURNE_CBD,STREET,3,13.0
2388,1,4,160,5,1,60.0,0,N,MELB_URBAN,PARADE,3,14.0
2389,2,4,100,1,1,60.0,0,I,MELB_URBAN,ROAD,3,14.0
2390,2,4,102,1,1,60.0,0,I,MELB_URBAN,STREET,3,16.0
2391,1,3,132,2,3,60.0,0,I,MELB_URBAN,ROAD,3,6.0
2392,1,4,121,2,1,50.0,0,I,LARGE_PROVINCIAL_CITIES,STREET,3,16.0
2393,1,4,130,5,1,100.0,0,N,MELB_URBAN,FREEWAY,3,17.0
2394,1,4,140,5,1,60.0,0,N,SMALL_CITIES,STREET,3,16.0
2395,8,4,174,2,1,50.0,0,I,RURAL_VICTORIA,AVENUE,3,16.0
2396,1,4,110,1,1,50.0,0,I,MELB_URBAN,ROAD,3,16.0
2397,1,4,130,2,1,70.0,0,I,MELB_URBAN,ROAD,3,18.0