,accident_type,day_of_week,dca_code,road_geometry,light_condition,speed_zone,severity,node_type,deg_urban_name,road_type,month,hour
2398,8,4,174,5,1,60.0,0,N,RURAL_VICTORIA,ROAD,3,18.0
2399,8,1,99,5,1,80.0,0,N,RURAL_VICTORIA,ROAD,2,11.0
2400,1,4,121,2,1,60.0,0,I,MELB_URBAN,ROAD,3,16.0
2401,1,4,130,5,3,60.0,0,N,MELB_URBAN,ROAD,3,20.0
2402,1,4,120,5,1,50.0,0,N,TOWNS,STREET,3,17.0
2403,1,4,113,1,3,60.0,0,I,MELB_URBAN,STREET,3,22.0
2404,1,5,160,5,3,100.0,0,N,MELB_URBAN,FREEWAY,3,0.0
2405,2,5,100,2,3,50.0,0,I,MELB_URBAN,ROAD,3,0.0
2406,1,4,121,2,1,70.0,0,I,MELB_URBAN,ROAD,3,16.0
2407,4,5,171,5,3,70.0,0,N,MELB_URBAN,ROAD,3,5.0
2408,1,4,99,5,1,100.0,0,N,RURAL_VICTORIA,HIGHWAY,3,18.0
2409,4,1,99,2,1,100.0,0,I,TOWNS,AVENUE,1,13.0
2410,4,5,173,5,1,80.0,0,N,RURAL_VICTORIA,ROAD,3,8.0
2411,1,3,121,2,1,100.0,0,I,MELB_URBAN,ROAD,2,10.0
2412,1,3,130,5,9,60.0,0,N,MELB_URBAN,STREET,3,21.0
2413,4,4,99,1,1,40.0,0,I,RURAL_VICTORIA,AVENUE,3,18.0
2414,1,5,130,5,1,80.0,0,N,SMALL_TOWNS,HIGHWAY,3,8.0
2415,1,5,120,2,1,70.0,0,I,TOWNS,STREET,3,7.0
2416,1,5,130,5,1,60.0,0,N,MELB_URBAN,ROAD,3,8.0
2417,1,3,160,2,3,70.0,0,I,MELB_URBAN,ROAD,3,21.0
2418,1,5,113,2,1,50.0,0,I,MELB_URBAN,STREET,3,7.0
2419,1,4,121,2,1,60.0,0,I,MELB_URBAN,ROAD,3,17.0
2420,1,5,111,2,1,50.0,0,I,MELB_URBAN,STREET,3,9.0
2421,1,5,113,2,1,60.0,0,I,MELB_URBAN,ROAD,3,11.0
2422,1,5,130,5,1,80.0,0,N,MELB_URBAN,HIGHWAY,3,9.0
2423,1,5,99,4,1,60.0,0,I,MELB_URBAN,ROAD,3,12.0
2424,2,4,102,5,1,60.0,0,N,MELB_URBAN,STREET,3,11.0
2425,1,4,160,2,1,60.0,0,I,MELB_URBAN,STREET,3,16.0
2426,1,4,113,2,1,80.0,0,I,MELB_URBAN,ROAD,3,14.0
2427,8,2,174,2,1,50.0,0,I,MELB_URBAN,AVENUE,2,17.0
2428,1,3,130,2,1,50.0,0,I,MELB_URBAN,PARADE,3,18.0
2429,6,5,99,5,1,100.0,0,N,RURAL_VICTORIA,HIGHWAY,3,12.0
2430,8,4,174,2,2,60.0,0,I,MELB_URBAN,BOULEVARD,2,19.0
2431,1,5,130,1,1,60.0,0,I,MELB_URBAN,OTHER,3,13.0
2432,1,5,132,1,1,60.0,0,I,MELB_URBAN,UNKNOWN,3,15.0
2433,4,3,183,5,1,60.0,0,N,MELB_URBAN,ROAD,3,17.0
2434,6,5,170,5,1,100.0,0,N,RURAL_VICTORIA,HIGHWAY,3,14.0
2435,2,5,102,5,1,50.0,0,N,LARGE_PROVINCIAL_CITIES,STREET,3,17.0
2436,1,5,99,1,1,100.0,0,I,RURAL_VICTORIA,ROAD,3,16.0
2437,2,5,102,5,1,60.0,0,N,MELB_URBAN,ROAD,3,15.0
2438,1,5,121,1,1,70.0,0,I,MELB_URBAN,HIGHWAY,3,14.0
2439,4,5,171,5,1,100.0,0,N,RURAL_VICTORIA,HIGHWAY,3,13.0
2440,2,5,99,5,1,50.0,0,N,MELB_URBAN,STREET,3,18.0
2441,1,4,133,5,1,50.0,0,N,MELB_URBAN,STREET,3,17.0
2442,1,5,132,2,1,60.0,0,I,MELB_URBAN,ROAD,3,19.0
2443,1,5,121,1,2,40.0,0,I,MELB_URBAN,ROAD,3,18.0
2444,1,5,135,5,1,60.0,0,N,MELB_URBAN,ROAD,3,19.0
2445,3,5,167,5,5,100.0,0,N,RURAL_VICTORIA,HIGHWAY,3,21.0
2446,2,5,99,5,3,60.0,0,N,MELB_URBAN,ROAD,3,21.0
2447,6,5,99,5,5,60.0,0,N,RURAL_VICTORIA,ROAD,3,0.0
2448,4,5,171,1,3,60.0,0,I,MELB_URBAN,DRIVE,3,20.0
2449,6,6,99,5,5,100.0,0,N,RURAL_VICTORIA,ROAD,3,1.0
2450,1,5,130,5,1,100.0,0,N,MELB_URBAN,FREEWAY,3,16.0
2451,6,1,170,5,1,60.0,0,N,RURAL_VICTORIA,ROAD,3,5.0
2452,1,5,132,2,1,60.0,0,I,MELB_URBAN,STREET,3,8.0
2453,4,7,181,5,2,60.0,0,N,RURAL_VICTORIA,ROAD,3,18.0
2454,1,4,99,1,1,50.0,0,I,MELB_URBAN,STREET,2,10.0
2455,1,6,147,5,1,70.0,0,N,MELB_URBAN,ROAD,3,8.0
2456,2,5,99,5,1,40.0,0,N,MELB_URBAN,DRIVE,3,13.0
2457,8,6,174,2,1,50.0,0,I,SMALL_CITIES,HIGHWAY,2,17.0
2458,1,4,160,5,3,50.0,0,N,MELB_URBAN,ROAD,3,22.0
2459,1,6,99,2,1,60.0,0,I,MELB_URBAN,ROAD,3,11.0
2460,2,5,102,2,1,50.0,0,I,MELB_URBAN,ROAD,3,10.0
2461,1,6,132,1,1,60.0,0,I,MELB_URBAN,ROAD,3,12.0
2462,4,6,173,1,1,50.0,0,I,MELB_URBAN,HIGHWAY,3,11.0
2463,1,1,130,5,1,60.0,0,N,MELB_URBAN,ROAD,3,12.0
2464,1,3,140,5,1,70.0,0,N,RURAL_VICTORIA,HIGHWAY,3,8.0
2465,1,6,147,5,1,60.0,0,N,MELB_URBAN,ROAD,3,10.0
2466,1,6,130,5,1,50.0,0,N,MELBOURNE_CBD,STREET,3,8.0
2467,4,6,171,5,1,100.0,1,N,RURAL_VICTORIA,ROAD,3,8.0
2468,1,6,134,5,1,80.0,0,N,MELB_URBAN,ROAD,3,15.0
2469,1,6,130,5,1,60.0,0,N,MELB_URBAN,ROAD,3,14.0
2470,1,6,113,2,1,80.0,0,I,MELB_URBAN,HIGHWAY,3,14.0
2471,1,6,132,1,1,60.0,0,I,MELB_URBAN,DRIVE,3,9.0
2472,1,6,110,1,1,80.0,1,I,MELB_URBAN,HIGHWAY,3,10.0
2473,5,6,99,1,1,50.0,0,I,TOWNS,ROAD,3,15.0
2474,1,6,121,2,1,60.0,0,I,MELB_URBAN,STREET,3,13.0
2475,1,6,130,5,1,100.0,0,N,MELB_URBAN,FREEWAY,3,17.0
2476,8,7,174,5,1,60.0,0,N,RURAL_VICTORIA,ROAD,2,14.0
2477,1,6,110,1,1,50.0,0,I,MELB_URBAN,ROAD,3,15.0
2478,1,6,132,2,1,60.0,0,I,LARGE_PROVINCIAL_CITIES,ROAD,3,16.0
2479,4,5,171,5,1,100.0,0,N,RURAL_VICTORIA,ROAD,3,16.0
2480,2,6,99,5,1,50.0,0,N,MELB_URBAN,STREET,3,17.0
2481,1,6,130,5,1,80.0,0,N,MELB_URBAN,ROAD,3,16.0
2482,2,6,100,1,1,70.0,0,I,MELB_URBAN,ROAD,3,16.0
2483,1,6,130,5,1,60.0,0,N,MELB_URBAN,ROAD,3,9.0
2484,6,6,170,5,1,60.0,0,N,RURAL_VICTORIA,ROAD,3,16.0
2485,1,6,140,5,1,60.0,0,N,MELB_URBAN,ROAD,3,18.0
2486,1,6,140,5,5,100.0,0,N,RURAL_VICTORIA,ROAD,3,22.0
2487,1,6,99,5,1,80.0,0,N,MELB_URBAN,AVENUE,3,18.0
2488,1,6,147,5,1,70.0,0,N,SMALL_CITIES,ROAD,3,17.0
2489,4,7,171,5,3,80.0,0,N,MELB_URBAN,HIGHWAY,3,3.0
2490,2,7,100,1,3,60.0,0,I,SMALL_CITIES,STREET,3,3.0
2491,5,4,99,5,5,110.0,0,N,RURAL_VICTORIA,FREEWAY,3,23.0
2492,8,6,184,5,1,100.0,0,N,RURAL_VICTORIA,ROAD,2,14.0
2493,1,7,116,1,1,60.0,0,I,LARGE_PROVINCIAL_CITIES,ROAD,3,8.0
2494,8,2,174,5,6,60.0,0,N,MELB_URBAN,STREET,2,17.0
2495,6,7,174,5,1,60.0,0,N,MELB_URBAN,DRIVE,3,10.0
2496,1,7,113,2,1,80.0,0,I,MELB_URBAN,ROAD,3,10.0
2497,1,5,130,5,1,80.0,0,N,MELB_URBAN,ROAD,3,16.0
2498,1,6,99,5,3,80.0,0,N,MELB_URBAN,ROAD,3,23.0
2499,1,7,110,1,1,50.0,0,I,MELB_URBAN,STREET,3,11.0
2500,4,7,171,5,1,80.0,0,N,MELB_URBAN,OTHER,3,10.0
2501,1,7,134,5,1,80.0,0,N,MELB_URBAN,HIGHWAY,3,7.0
2502,1,7,110,1,1,80.0,0,I,RURAL_VICTORIA,STREET,3,12.0
2503,1,7,130,4,1,60.0,0,I,MELB_URBAN,RAMP,3,12.0
2504,1,7,110,1,1,100.0,0,I,RURAL_VICTORIA,ROAD,3,12.0
2505,1,7,140,2,1,60.0,0,I,MELB_URBAN,STREET,3,10.0
2506,2,7,100,1,1,60.0,0,I,MELB_URBAN,ROAD,3,14.0
2507,4,7,173,2,1,60.0,0,I,SMALL_CITIES,AVENUE,3,13.0
2508,1,7,121,1,1,60.0,0,I,MELB_URBAN,STREET,3,13.0
2509,1,7,99,5,1,60.0,0,N,RURAL_VICTORIA,FREEWAY,3,13.0
2510,8,7,174,5,1,60.0,0,N,RURAL_VICTORIA,OTHER,3,14.0
2511,1,6,130,5,1,90.0,0,N,MELB_URBAN,ROAD,3,18.0
2512,1,5,116,2,1,60.0,0,I,MELB_URBAN,ROAD,3,8.0
2513,8,7,99,5,1,100.0,0,N,RURAL_VICTORIA,ROAD,3,13.0
2514,4,6,181,5,1,100.0,0,N,RURAL_VICTORIA,ROAD,3,11.0
2515,2,7,100,1,1,50.0,0,I,SMALL_CITIES,STREET,3,18.0
2516,1,7,130,5,1,60.0,0,N,LARGE_PROVINCIAL_CITIES,STREET,3,17.0
2517,1,7,120,5,1,100.0,0,N,RURAL_VICTORIA,ROAD,3,16.0
2518,1,7,135,5,1,60.0,0,N,MELB_URBAN,ROAD,3,12.0
2519,1,7,110,1,1,50.0,0,I,SMALL_CITIES,STREET,3,18.0
2520,8,7,99,5,1,50.0,0,N,MELB_URBAN,DRIVE,3,19.0
2521,1,7,120,5,1,100.0,1,N,RURAL_VICTORIA,ROAD,3,14.0
2522,1,7,121,2,1,70.0,0,I,MELB_URBAN,ROAD,3,17.0
2523,4,7,171,5,5,100.0,0,N,RURAL_VICTORIA,ROAD,3,21.0
2524,1,1,121,1,3,60.0,0,I,MELB_URBAN,ROAD,3,1.0
2525,6,7,99,5,5,100.0,0,N,RURAL_VICTORIA,ROAD,3,23.0
2526,2,7,102,1,3,50.0,0,I,MELB_URBAN,STREET,3,0.0
2527,1,1,160,5,3,60.0,0,N,MELB_URBAN,ROAD,3,4.0
2528,4,1,171,5,3,50.0,0,N,MELB_URBAN,OTHER,3,0.0
2529,1,1,160,5,3,50.0,0,N,MELB_URBAN,PARADE,3,2.0
2530,4,1,171,5,2,80.0,0,N,MELB_URBAN,ROAD,3,7.0
2531,6,1,99,5,5,100.0,0,N,RURAL_VICTORIA,ROAD,2,1.0
2532,4,1,181,5,2,100.0,0,N,RURAL_VICTORIA,ROAD,3,6.0
2533,1,1,99,4,1,60.0,0,I,MELB_URBAN,FREEWAY,3,10.0
2534,1,3,130,1,1,40.0,0,I,MELB_URBAN,STREET,2,17.0
2535,1,6,130,2,1,70.0,0,I,MELB_URBAN,STREET,3,16.0
2536,8,7,184,5,1,100.0,0,UNKNOWN,UNKNOWN,UNKNOWN,3,14.0
2537,1,1,99,5,1,100.0,0,N,RURAL_VICTORIA,HIGHWAY,3,9.0
2538,3,1,167,5,1,80.0,0,N,RURAL_VICTORIA,ROAD,3,9.0
2539,5,1,99,5,1,60.0,0,N,RURAL_VICTORIA,ROAD,3,12.0
2540,2,1,102,5,1,50.0,0,N,LARGE_PROVINCIAL_CITIES,STREET,3,12.0
2541,1,1,111,1,1,60.0,0,I,MELB_URBAN,OTHER,3,14.0
2542,8,1,99,5,1,100.0,0,N,RURAL_VICTORIA,ROAD,3,11.0
2543,4,1,171,5,3,60.0,0,N,MELB_URBAN,ROAD,3,3.0
2544,1,1,110,1,6,50.0,0,I,SMALL_CITIES,STREET,3,3.0
2545,1,1,130,1,3,50.0,0,I,MELBOURNE_CBD,STREET,3,4.0
2546,1,1,99,2,1,50.0,0,I,MELB_URBAN,AVENUE,3,12.0
2547,8,1,99,5,1,100.0,0,N,RURAL_VICTORIA,ROAD,3,12.0
2548,4,1,183,5,1,80.0,0,N,RURAL_VICTORIA,ROAD,3,12.0
2549,8,1,99,2,6,60.0,0,I,MELBOURNE_CBD,OTHER,3,0.0
2550,1,1,121,2,1,80.0,0,I,MELB_URBAN,HIGHWAY,3,16.0
2551,8,1,184,5,1,100.0,0,N,RURAL_VICTORIA,ROAD,3,12.0
2552,4,1,181,5,1,100.0,0,N,RURAL_VICTORIA,ROAD,3,13.0
2553,1,1,130,1,1,60.0,0,I,MELB_URBAN,ROAD,3,17.0
2554,1,1,110,1,1,60.0,0,I,MELB_URBAN,ROAD,3,18.0
2555,4,1,171,5,1,60.0,0,N,RURAL_VICTORIA,OTHER,3,18.0
2556,1,1,121,5,1,60.0,0,N,SMALL_CITIES,DRIVE,3,16.0
2557,1,1,121,1,3,60.0,0,I,MELB_URBAN,STREET,3,20.0
2558,4,1,171,5,1,100.0,1,N,RURAL_VICTORIA,HIGHWAY,3,14.0
2559,4,2,171,5,3,100.0,0,N,RURAL_VICTORIA,HIGHWAY,3,0.0
2560,1,5,130,5,1,80.0,0,N,MELB_URBAN,ROAD,2,17.0
2561,1,2,160,2,3,60.0,0,I,MELB_URBAN,STREET,3,4.0
2562,1,2,130,5,5,110.0,0,N,RURAL_VICTORIA,HIGHWAY,3,2.0
2563,1,3,99,2,1,60.0,0,I,MELB_URBAN,ROAD,2,10.0
2564,6,5,170,5,5,100.0,0,N,RURAL_VICTORIA,ROAD,3,20.0
2565,1,5,130,1,1,60.0,0,I,SMALL_CITIES,STREET,3,15.0
2566,1,2,130,2,1,70.0,0,I,MELB_URBAN,HIGHWAY,3,8.0
2567,4,2,171,2,1,60.0,0,N,MELB_URBAN,STREET,3,7.0
2568,4,2,183,5,5,100.0,0,N,RURAL_VICTORIA,HIGHWAY,3,1.0
2569,1,2,140,5,1,70.0,0,N,MELB_URBAN,ROAD,3,11.0
2570,4,2,183,5,1,70.0,0,N,RURAL_VICTORIA,ROAD,3,12.0
2571,8,2,184,2,1,80.0,0,I,RURAL_VICTORIA,ROAD,3,12.0
2572,1,4,120,2,1,70.0,0,I,LARGE_PROVINCIAL_CITIES,OTHER,3,10.0
2573,1,2,120,5,1,60.0,0,N,TOWNS,ROAD,3,10.0
2574,1,2,130,2,1,100.0,0,I,RURAL_VICTORIA,ROAD,3,13.0
2575,4,2,173,1,1,50.0,0,I,SMALL_CITIES,STREET,3,7.0
2576,1,2,121,1,1,70.0,0,I,MELB_URBAN,ROAD,3,13.0
2577,2,7,99,5,1,60.0,0,N,MELB_URBAN,AVENUE,3,10.0
2578,1,6,121,1,1,80.0,0,N,MELB_URBAN,ROAD,3,13.0
2579,1,7,99,1,2,60.0,0,I,MELB_URBAN,ROAD,3,18.0
2580,1,2,110,1,1,50.0,0,I,MELB_URBAN,STREET,3,15.0
2581,4,2,171,5,1,100.0,0,N,RURAL_VICTORIA,HIGHWAY,3,16.0
2582,1,2,120,5,1,100.0,0,N,RURAL_VICTORIA,ROAD,3,10.0
2583,7,2,99,2,1,50.0,0,I,MELB_URBAN,ROAD,3,17.0
2584,1,5,130,5,1,50.0,0,UNKNOWN,UNKNOWN,UNKNOWN,3,18.0
2585,1,2,113,1,1,70.0,0,I,RURAL_VICTORIA,HIGHWAY,3,15.0
2586,1,2,120,5,1,100.0,0,N,RURAL_VICTORIA,HIGHWAY,3,15.0
2587,1,2,121,1,1,80.0,0,N,MELB_URBAN,HIGHWAY,3,15.0
2588,8,2,174,2,1,50.0,0,I,MELB_URBAN,STREET,3,16.0
2589,1,2,140,5,1,60.0,0,N,MELB_URBAN,ROAD,3,16.0
2590,4,2,173,2,2,80.0,0,N,MELB_URBAN,ROAD,3,19.0
2591,1,2,120,5,1,100.0,0,N,RURAL_VICTORIA,ROAD,3,15.0
2592,4,2,171,5,1,100.0,0,N,RURAL_VICTORIA,ROAD,3,16.0
2593,6,1,174,1,1,80.0,0,I,RURAL_VICTORIA,ROAD,2,10.0
2594,1,2,163,5,1,50.0,0,I,MELB_URBAN,ROAD,3,16.0
2595,2,2,100,2,3,60.0,1,I,MELB_URBAN,DRIVE,3,20.0
2596,1,1,121,2,1,100.0,0,I,RURAL_VICTORIA,ROAD,3,13.0
2597,4,2,173,5,3,100.0,0,N,MELB_URBAN,FREEWAY,3,23.0
2598,6,3,184,5,5,110.0,0,N,RURAL_VICTORIA,FREEWAY,3,4.0
2599,1,2,140,5,3,60.0,0,N,MELB_URBAN,ROAD,3,6.0
2600,8,2,174,2,1,50.0,0,I,MELB_URBAN,STREET,3,15.0
2601,1,2,120,5,1,100.0,0,N,RURAL_VICTORIA,HIGHWAY,3,15.0
2602,1,3,160,2,1,50.0,0,I,MELB_URBAN,STREET,3,8.0
2603,1,3,99,2,1,60.0,0,I,MELB_URBAN,STREET,3,7.0
2604,8,2,174,2,1,60.0,0,I,MELB_URBAN,UNKNOWN,3,17.0
2605,2,3,102,2,1,40.0,0,I,MELB_URBAN,ROAD,3,8.0
2606,1,3,130,5,1,100.0,0,N,MELB_URBAN,FREEWAY,3,7.0
2607,2,2,99,1,1,60.0,0,I,MELB_URBAN,STREET,3,17.0
2608,1,3,99,2,1,50.0,0,I,MELB_URBAN,ROAD,3,7.0
2609,1,3,99,5,1,70.0,0,N,MELB_URBAN,STREET,3,11.0
2610,4,3,99,2,1,50.0,0,I,MELB_URBAN,ROAD,3,7.0
2611,8,1,170,5,1,100.0,0,N,RURAL_VICTORIA,ROAD,3,13.0
2612,1,3,130,5,1,50.0,0,N,LARGE_PROVINCIAL_CITIES,STREET,3,8.0
2613,1,3,133,5,1,50.0,0,N,MELB_URBAN,ROAD,3,10.0
2614,1,3,110,1,1,50.0,0,I,SMALL_CITIES,ROAD,3,13.0
2615,1,3,121,2,1,60.0,0,I,MELB_URBAN,STREET,3,7.0
2616,1,3,113,2,1,60.0,0,I,MELB_URBAN,ROAD,3,13.0
2617,1,3,99,9,1,50.0,0,I,MELBOURNE_CBD,OTHER,3,8.0
2618,8,3,170,5,1,80.0,0,N,MELB_URBAN,FREEWAY,3,12.0
2619,1,2,113,2,1,50.0,0,I,MELB_URBAN,STREET,3,17.0
2620,1,3,121,1,1,60.0,0,I,MELB_URBAN,ROAD,3,12.0
2621,1,3,130,5,1,50.0,0,N,MELB_URBAN,AVENUE,3,12.0
2622,1,3,130,5,1,80.0,0,N,MELB_URBAN,UNKNOWN,3,11.0
2623,1,4,121,2,1,80.0,0,I,MELB_URBAN,HIGHWAY,3,12.0
2624,4,4,171,2,1,60.0,0,I,RURAL_VICTORIA,ROAD,3,12.0
2625,1,3,160,5,1,60.0,0,N,LARGE_PROVINCIAL_CITIES,STREET,3,15.0
2626,1,3,130,1,1,60.0,0,I,MELB_URBAN,ROAD,3,16.0
2627,1,3,120,5,1,50.0,0,N,MELB_URBAN,OTHER,3,8.0
2628,1,3,121,1,1,80.0,0,I,MELB_URBAN,ROAD,3,12.0
2629,4,1,171,2,3,40.0,0,I,MELB_URBAN,ROAD,3,21.0
2630,1,2,132,1,1,50.0,0,I,MELB_URBAN,OTHER,1,17.0
2631,1,6,99,2,1,50.0,0,I,MELB_URBAN,HIGHWAY,3,8.0
2632,1,3,130,5,1,60.0,0,N,MELB_URBAN,DRIVE,3,14.0
2633,1,3,121,5,1,60.0,0,N,MELB_URBAN,AVENUE,3,17.0
2634,1,3,130,2,1,80.0,0,I,SMALL_CITIES,OTHER,3,16.0
2635,1,5,99,1,1,60.0,0,I,MELB_URBAN,HIGHWAY,1,16.0
2636,6,3,170,5,1,100.0,0,N,RURAL_VICTORIA,HIGHWAY,3,16.0
2637,1,3,113,2,1,50.0,0,I,MELB_URBAN,OTHER,3,17.0
2638,1,3,110,1,1,50.0,0,I,TOWNS,STREET,3,17.0
2639,1,3,110,1,1,100.0,0,I,RURAL_VICTORIA,ROAD,3,16.0
2640,1,3,110,1,1,60.0,0,I,LARGE_PROVINCIAL_CITIES,STREET,3,15.0
2641,1,2,99,1,1,60.0,0,I,MELB_URBAN,ROAD,3,16.0
2642,1,3,130,5,1,80.0,0,N,RURAL_VICTORIA,ROAD,3,7.0
2643,1,3,121,4,3,80.0,0,I,MELB_URBAN,HIGHWAY,3,20.0
2644,1,3,120,2,1,50.0,0,I,MELB_URBAN,STREET,3,17.0
2645,2,3,99,2,3,50.0,0,I,MELB_URBAN,STREET,3,20.0
2646,1,5,130,5,1,60.0,0,N,MELB_URBAN,ROAD,2,18.0
2647,6,7,99,5,3,50.0,0,N,MELB_URBAN,OTHER,3,23.0
2648,2,6,99,5,1,40.0,0,N,MELB_URBAN,ROAD,3,13.0
2649,1,3,121,1,3,70.0,0,I,MELB_URBAN,ROAD,3,23.0
2650,7,3,99,2,3,60.0,0,I,SMALL_CITIES,DRIVE,3,22.0
2651,1,4,99,2,2,60.0,0,I,MELB_URBAN,ROAD,3,7.0
2652,4,4,181,2,3,100.0,1,I,RURAL_VICTORIA,ROAD,3,1.0
2653,1,4,130,5,1,100.0,0,N,MELB_URBAN,FREEWAY,3,7.0
2654,1,5,130,5,2,100.0,0,N,MELB_URBAN,FREEWAY,3,6.0
2655,1,4,130,5,1,100.0,0,N,MELB_URBAN,ROAD,3,8.0
2656,1,4,130,5,1,60.0,0,N,MELB_URBAN,ROAD,3,9.0
2657,2,4,100,5,3,60.0,1,N,MELB_URBAN,ROAD,3,6.0
2658,1,7,132,2,1,60.0,0,I,MELB_URBAN,DRIVE,3,12.0
2659,1,4,130,5,1,60.0,0,N,MELB_URBAN,ROAD,3,8.0
2660,2,3,99,2,1,50.0,0,I,MELB_URBAN,OTHER,3,10.0
2661,1,4,110,1,1,50.0,0,I,MELB_URBAN,ROAD,3,10.0
2662,1,3,113,2,1,60.0,0,I,MELB_URBAN,PARADE,3,11.0
2663,4,4,171,5,1,100.0,0,N,RURAL_VICTORIA,HIGHWAY,3,11.0
2664,1,4,130,1,1,60.0,0,I,MELB_URBAN,ROAD,3,13.0
2665,1,3,130,1,1,80.0,0,I,MELB_URBAN,HIGHWAY,2,18.0
2666,1,4,99,5,5,100.0,1,N,RURAL_VICTORIA,HIGHWAY,3,5.0
2667,1,4,132,2,1,60.0,0,I,LARGE_PROVINCIAL_CITIES,STREET,3,13.0
2668,1,1,135,2,1,100.0,0,I,RURAL_VICTORIA,HIGHWAY,3,10.0
2669,8,4,174,2,1,50.0,0,I,MELB_URBAN,ROAD,3,15.0
2670,4,1,181,5,1,60.0,0,N,RURAL_VICTORIA,ROAD,3,20.0
2671,8,2,170,5,1,60.0,0,N,RURAL_VICTORIA,ROAD,3,18.0
2672,4,4,173,2,1,60.0,0,I,MELB_URBAN,BOULEVARD,3,15.0
2673,1,4,130,5,1,80.0,0,N,MELB_URBAN,ROAD,3,17.0
2674,1,4,99,1,1,60.0,0,I,MELB_URBAN,ROAD,3,16.0
2675,1,4,133,2,1,40.0,0,I,MELB_URBAN,STREET,3,17.0
2676,1,4,111,2,1,60.0,0,I,MELB_URBAN,ROAD,3,16.0
2677,2,4,99,1,1,50.0,0,I,MELBOURNE_CBD,STREET,3,17.0
2678,1,4,121,1,1,70.0,0,I,MELB_URBAN,ROAD,3,18.0
2679,1,4,132,2,1,100.0,0,I,RURAL_VICTORIA,HIGHWAY,3,16.0
2680,4,4,171,5,1,100.0,0,N,RURAL_VICTORIA,HIGHWAY,3,17.0
2681,1,4,121,2,3,60.0,0,I,MELB_URBAN,ROAD,3,20.0
2682,1,4,110,1,1,50.0,0,I,TOWNS,STREET,3,18.0
2683,1,4,99,2,1,40.0,0,I,MELB_URBAN,OTHER,3,17.0
2684,1,4,121,2,3,60.0,0,N,MELB_URBAN,STREET,3,20.0
2685,1,4,120,5,1,100.0,1,N,RURAL_VICTORIA,ROAD,3,17.0
2686,1,5,130,5,3,70.0,0,N,MELB_URBAN,ROAD,3,0.0
2687,1,6,173,5,1,70.0,0,N,LARGE_PROVINCIAL_CITIES,ROAD,3,16.0
2688,2,3,99,5,1,60.0,0,N,SMALL_CITIES,OTHER,3,19.0
2689,2,4,102,5,1,60.0,0,N,MELB_URBAN,ROAD,3,11.0
2690,1,5,121,2,1,60.0,0,I,MELB_URBAN,ROAD,3,7.0
2691,1,4,160,5,3,50.0,0,N,MELB_URBAN,STREET,3,20.0
2692,2,5,99,2,1,60.0,0,I,MELB_URBAN,STREET,3,8.0
2693,1,5,130,5,2,80.0,0,N,MELB_URBAN,ROAD,3,7.0
2694,3,5,167,5,1,100.0,0,N,RURAL_VICTORIA,ROAD,3,8.0
2695,1,5,113,2,1,70.0,0,I,MELB_URBAN,ROAD,3,7.0
2696,8,5,170,5,5,80.0,0,N,RURAL_VICTORIA,ROAD,3,7.0
2697,1,4,99,5,1,60.0,0,N,MELB_URBAN,ROAD,3,16.0
2698,1,3,130,5,1,100.0,0,N,MELB_URBAN,FREEWAY,3,17.0
2699,1,5,130,5,2,100.0,0,N,RURAL_VICTORIA,FREEWAY,3,6.0
2700,1,5,121,2,1,60.0,0,I,MELB_URBAN,ROAD,3,8.0
2701,6,2,99,5,2,60.0,0,N,RURAL_VICTORIA,ROAD,1,18.0
2702,6,5,99,1,1,80.0,0,I,RURAL_VICTORIA,HIGHWAY,3,9.0
2703,1,5,121,1,1,50.0,0,I,MELB_URBAN,STREET,3,10.0
2704,1,5,121,2,1,60.0,0,I,MELB_URBAN,ROAD,3,10.0
2705,1,5,130,2,1,60.0,0,I,MELB_URBAN,ROAD,3,13.0
2706,1,4,163,5,1,50.0,0,N,SMALL_CITIES,STREET,3,11.0
2707,1,4,110,1,1,60.0,0,I,LARGE_PROVINCIAL_CITIES,ROAD,3,19.0
2708,1,5,121,2,1,60.0,0,I,MELB_URBAN,ROAD,3,13.0
2709,1,6,130,2,1,60.0,0,I,MELB_URBAN,ROAD,2,17.0
2710,4,5,183,5,1,100.0,0,N,RURAL_VICTORIA,ROAD,3,9.0
2711,1,5,99,2,1,50.0,0,I,MELB_URBAN,STREET,3,18.0
2712,1,5,99,2,1,50.0,0,I,MELB_URBAN,STREET,3,13.0
2713,8,5,174,1,1,40.0,0,I,MELB_URBAN,STREET,3,14.0
2714,3,5,167,5,1,100.0,0,N,RURAL_VICTORIA,HIGHWAY,3,9.0
2715,1,3,130,5,1,60.0,0,N,MELB_URBAN,HIGHWAY,3,7.0
2716,1,5,121,1,1,60.0,0,I,MELB_URBAN,OTHER,3,14.0
2717,1,5,130,1,1,60.0,0,I,MELB_URBAN,ROAD,3,11.0
2718,8,1,99,2,1,60.0,0,I,MELB_URBAN,ROAD,3,9.0
2719,1,5,110,1,1,80.0,0,I,MELB_URBAN,ROAD,3,15.0
2720,1,5,130,2,1,70.0,0,I,MELB_URBAN,ROAD,3,16.0
2721,1,5,130,1,1,50.0,0,I,SMALL_CITIES,ROAD,3,8.0
2722,4,2,173,5,1,60.0,0,N,RURAL_VICTORIA,ROAD,3,16.0
2723,1,5,120,5,1,100.0,0,N,RURAL_VICTORIA,ROAD,3,17.0
2724,2,5,100,2,1,50.0,0,I,MELB_URBAN,ROAD,3,15.0
2725,1,5,130,5,1,60.0,0,N,MELB_URBAN,ROAD,3,15.0
2726,1,5,132,5,1,40.0,0,N,MELB_URBAN,ROAD,3,15.0
2727,1,5,116,2,1,50.0,0,I,MELB_URBAN,STREET,3,11.0
2728,1,6,99,2,1,50.0,0,I,MELB_URBAN,STREET,3,16.0
2729,1,5,99,2,1,60.0,0,I,MELB_URBAN,ROAD,3,19.0
2730,6,5,99,5,1,100.0,0,N,RURAL_VICTORIA,ROAD,3,18.0
2731,1,4,130,5,1,60.0,0,N,MELB_URBAN,ROAD,3,8.0
2732,1,2,110,1,1,60.0,0,I,TOWNS,STREET,3,11.0
2733,1,4,147,5,1,60.0,0,N,SMALL_CITIES,ROAD,3,17.0
2734,1,4,163,5,1,50.0,0,N,MELBOURNE_CBD,STREET,3,19.0
2735,1,5,113,2,3,60.0,0,I,MELB_URBAN,ROAD,3,20.0
2736,1,5,99,2,1,50.0,0,I,SMALL_CITIES,STREET,3,12.0