,accident_type,day_of_week,dca_code,road_geometry,light_condition,speed_zone,severity,node_type,deg_urban_name,road_type,month,hour
2737,4,5,173,5,1,80.0,0,N,RURAL_VICTORIA,ROAD,3,15.0
2738,1,5,121,2,3,60.0,0,I,MELB_URBAN,STREET,3,21.0
2739,1,5,121,1,1,80.0,0,I,MELB_URBAN,HIGHWAY,3,15.0
2740,4,5,171,2,3,50.0,0,I,LARGE_PROVINCIAL_CITIES,STREET,3,3.0
2741,2,5,102,2,3,60.0,0,I,MELB_URBAN,ROAD,3,22.0
2742,1,6,99,5,3,50.0,0,N,MELB_URBAN,ROAD,3,1.0
2743,4,6,171,2,3,80.0,0,I,LARGE_PROVINCIAL_CITIES,ROAD,3,2.0
2744,4,6,183,5,3,100.0,0,N,MELB_URBAN,FREEWAY,3,4.0
2745,4,6,173,2,1,50.0,0,I,MELB_URBAN,AVENUE,3,7.0
2746,1,6,130,5,1,60.0,0,N,MELB_URBAN,ROAD,3,7.0
2747,8,1,170,5,5,60.0,0,N,RURAL_VICTORIA,ROAD,1,2.0
2748,4,6,171,5,1,70.0,0,N,RURAL_VICTORIA,ROAD,3,8.0
2749,1,4,99,1,1,100.0,0,I,RURAL_VICTORIA,ROAD,3,16.0
2750,1,5,121,2,1,100.0,0,I,TOWNS,HIGHWAY,3,14.0
2751,8,5,174,2,1,70.0,0,I,RURAL_VICTORIA,ROAD,3,18.0
2752,1,5,132,2,1,60.0,0,I,MELB_URBAN,STREET,3,17.0
2753,1,6,120,5,1,70.0,0,N,LARGE_PROVINCIAL_CITIES,STREET,3,10.0
2754,5,6,99,5,1,90.0,0,N,MELB_URBAN,ROAD,3,9.0
2755,1,6,113,2,1,60.0,0,I,MELB_URBAN,ROAD,3,11.0
2756,4,5,171,2,3,50.0,0,I,MELB_URBAN,OTHER,3,22.0
2757,1,6,132,2,1,50.0,0,I,MELB_URBAN,STREET,3,8.0
2758,1,6,113,2,2,80.0,0,I,MELB_URBAN,ROAD,3,6.0
2759,1,4,134,5,1,100.0,0,N,MELB_URBAN,FREEWAY,2,15.0
2760,1,6,99,5,1,60.0,0,N,MELB_URBAN,STREET,3,11.0
2761,1,5,121,1,1,50.0,0,I,MELB_URBAN,STREET,3,17.0
2762,1,5,113,2,3,60.0,0,I,MELB_URBAN,ROAD,3,22.0
2763,1,4,130,5,1,60.0,0,N,MELB_URBAN,OTHER,3,12.0
2764,6,5,174,5,1,100.0,0,N,RURAL_VICTORIA,HIGHWAY,3,10.0
2765,6,7,174,2,6,60.0,0,I,MELB_URBAN,ROAD,3,0.0
2766,1,6,133,5,1,50.0,0,N,LARGE_PROVINCIAL_CITIES,STREET,3,17.0
2767,1,6,135,5,1,60.0,0,N,MELB_URBAN,PARADE,3,18.0
2768,1,6,130,5,1,60.0,0,N,MELB_URBAN,STREET,3,15.0
2769,6,6,174,5,1,50.0,0,N,MELB_URBAN,STREET,3,17.0
2770,2,6,102,5,1,60.0,0,N,MELB_URBAN,ROAD,3,16.0
2771,1,6,121,1,3,60.0,0,I,MELB_URBAN,STREET,3,19.0
2772,2,6,100,1,1,60.0,0,I,TOWNS,STREET,3,19.0
2773,4,6,173,5,5,80.0,0,N,RURAL_VICTORIA,ROAD,3,20.0
2774,2,6,99,5,2,100.0,0,N,RURAL_VICTORIA,ROAD,3,19.0
2775,5,6,99,5,1,80.0,1,N,MELB_URBAN,ROAD,3,16.0
2776,4,6,171,5,5,70.0,0,N,MELB_URBAN,DRIVE,3,22.0
2777,1,6,110,1,1,60.0,0,I,MELB_URBAN,STREET,3,19.0
2778,2,6,100,1,3,50.0,0,I,LARGE_PROVINCIAL_CITIES,UNKNOWN,3,22.0
2779,4,7,181,5,4,100.0,0,N,RURAL_VICTORIA,ROAD,3,0.0
2780,1,7,110,1,3,60.0,0,I,MELB_URBAN,ROAD,3,0.0
2781,4,7,171,5,3,60.0,0,I,MELB_URBAN,ROAD,3,1.0
2782,8,1,174,5,1,60.0,0,N,MELB_URBAN,ROAD,3,12.0
2783,1,7,140,2,1,60.0,0,I,MELB_URBAN,STREET,3,9.0
2784,1,5,130,1,3,70.0,0,I,MELB_URBAN,HIGHWAY,3,6.0
2785,1,7,133,5,1,60.0,0,N,MELB_URBAN,HIGHWAY,3,9.0
2786,6,7,99,5,1,100.0,0,N,RURAL_VICTORIA,RAMP,3,12.0
2787,1,7,121,1,1,60.0,0,I,LARGE_PROVINCIAL_CITIES,ROAD,3,10.0
2788,8,5,174,2,1,60.0,0,I,MELB_URBAN,ROAD,1,16.0
2789,1,7,134,5,1,50.0,0,N,MELB_URBAN,STREET,3,14.0
2790,1,7,130,5,1,80.0,0,N,TOWNS,HIGHWAY,3,13.0
2791,1,6,113,2,1,60.0,0,I,MELB_URBAN,STREET,3,7.0
2792,1,6,99,5,1,60.0,0,N,MELBOURNE_CBD,STREET,3,9.0
2793,1,7,132,5,1,80.0,0,N,RURAL_VICTORIA,HIGHWAY,3,16.0
2794,8,7,174,5,1,100.0,0,N,RURAL_VICTORIA,ROAD,3,11.0
2795,1,7,121,2,1,60.0,0,I,MELB_URBAN,ROAD,3,14.0
2796,4,7,183,5,1,70.0,0,N,RURAL_VICTORIA,ROAD,3,15.0
2797,4,7,171,5,5,40.0,0,N,RURAL_VICTORIA,ROAD,3,5.0
2798,4,7,183,5,1,100.0,1,N,RURAL_VICTORIA,ROAD,3,13.0
2799,2,7,100,1,3,60.0,0,I,MELB_URBAN,ROAD,3,20.0
2800,2,7,99,5,1,50.0,0,N,MELB_URBAN,AVENUE,3,17.0
2801,1,7,121,2,1,80.0,0,I,RURAL_VICTORIA,ROAD,3,17.0
2802,1,7,121,1,1,80.0,0,I,MELB_URBAN,HIGHWAY,3,17.0
2803,1,7,110,1,3,50.0,0,I,TOWNS,STREET,3,20.0
2804,6,7,174,5,3,50.0,0,N,MELB_URBAN,STREET,3,21.0
2805,1,7,110,1,3,60.0,0,I,LARGE_PROVINCIAL_CITIES,STREET,3,23.0
2806,1,7,99,2,3,60.0,0,N,MELB_URBAN,ROAD,3,22.0
2807,4,1,99,5,3,100.0,0,N,MELB_URBAN,FREEWAY,3,1.0
2808,4,1,173,2,5,100.0,0,I,RURAL_VICTORIA,ROAD,3,0.0
2809,1,0,113,2,3,50.0,0,I,MELB_URBAN,DRIVE,3,0.0
2810,2,1,102,5,3,60.0,0,N,MELB_URBAN,STREET,3,2.0
2811,1,1,130,2,3,80.0,0,I,MELB_URBAN,ROAD,3,0.0
2812,2,1,102,2,3,60.0,0,I,MELB_URBAN,ROAD,3,4.0
2813,6,1,99,5,3,100.0,0,N,MELB_URBAN,RAMP,3,3.0
2814,1,1,99,5,3,50.0,0,N,MELB_URBAN,STREET,3,6.0
2815,4,1,171,5,3,60.0,1,N,TOWNS,UNKNOWN,3,1.0
2816,1,1,113,2,1,60.0,0,I,MELB_URBAN,ROAD,3,9.0
2817,8,0,174,5,1,60.0,0,N,RURAL_VICTORIA,ROAD,3,11.0
2818,1,7,140,5,1,50.0,0,N,MELB_URBAN,ROAD,3,17.0
2819,4,7,173,5,1,60.0,0,N,SMALL_CITIES,ROAD,3,17.0
2820,1,1,116,1,1,70.0,0,I,LARGE_PROVINCIAL_CITIES,HIGHWAY,3,10.0
2821,1,1,160,5,1,110.0,0,N,RURAL_VICTORIA,FREEWAY,3,10.0
2822,3,1,167,5,1,100.0,0,N,RURAL_VICTORIA,ROAD,3,10.0
2823,1,7,113,2,1,80.0,0,I,MELB_URBAN,AVENUE,3,16.0
2824,1,7,110,4,5,100.0,0,I,RURAL_VICTORIA,FREEWAY,3,22.0
2825,1,1,147,5,1,80.0,0,N,MELB_URBAN,ROAD,3,11.0
2826,1,1,160,2,1,60.0,0,N,MELB_URBAN,ROAD,3,12.0
2827,1,1,130,5,1,60.0,0,N,MELB_URBAN,STREET,3,13.0
2828,8,1,174,1,1,100.0,0,I,RURAL_VICTORIA,ROAD,3,12.0
2829,4,7,173,5,1,60.0,0,N,RURAL_VICTORIA,ROAD,3,18.0
2830,1,1,99,1,1,80.0,0,I,MELB_URBAN,ROAD,3,13.0
2831,1,1,99,2,3,60.0,0,I,SMALL_CITIES,PARADE,3,5.0
2832,1,3,120,5,5,80.0,0,N,RURAL_VICTORIA,ROAD,3,5.0
2833,4,2,181,5,1,80.0,0,N,RURAL_VICTORIA,ROAD,3,11.0
2834,1,1,130,1,1,50.0,0,I,MELB_URBAN,STREET,3,18.0
2835,1,1,133,2,1,60.0,0,I,MELB_URBAN,ROAD,3,18.0
2836,1,1,121,1,1,60.0,0,I,MELB_URBAN,STREET,3,17.0
2837,4,1,183,5,1,80.0,0,N,RURAL_VICTORIA,ROAD,3,14.0
2838,1,1,120,5,5,70.0,0,N,MELB_URBAN,ROAD,3,19.0
2839,4,1,173,5,1,100.0,0,N,RURAL_VICTORIA,ROAD,3,18.0
2840,4,1,171,2,3,70.0,1,I,MELB_URBAN,ROAD,3,23.0
2841,4,7,171,2,1,50.0,0,I,MELB_URBAN,ROAD,3,13.0
2842,1,1,130,5,1,100.0,0,N,MELB_URBAN,FREEWAY,3,9.0
2843,1,2,110,1,1,50.0,0,I,SMALL_CITIES,STREET,3,8.0
2844,1,2,121,2,1,40.0,0,I,MELB_URBAN,STREET,3,9.0
2845,1,2,130,5,1,80.0,0,N,RURAL_VICTORIA,AVENUE,3,7.0
2846,4,2,181,5,1,60.0,0,N,SMALL_CITIES,UNKNOWN,3,7.0
2847,5,2,173,5,1,60.0,0,N,MELB_URBAN,ROAD,3,10.0
2848,1,2,113,2,1,60.0,0,I,MELB_URBAN,DRIVE,3,8.0
2849,1,2,99,2,1,100.0,0,I,RURAL_VICTORIA,OTHER,3,8.0
2850,1,7,140,5,1,60.0,0,N,LARGE_PROVINCIAL_CITIES,ROAD,3,14.0
2851,1,2,99,2,1,60.0,0,N,RURAL_VICTORIA,ROAD,3,9.0
2852,1,1,121,1,3,70.0,0,I,MELB_URBAN,ROAD,3,21.0
2853,1,2,121,1,1,60.0,0,I,MELB_URBAN,STREET,3,9.0
2854,1,2,110,1,1,40.0,0,I,MELB_URBAN,AVENUE,3,9.0
2855,8,5,174,2,2,60.0,0,I,MELB_URBAN,ROAD,2,19.0
2856,8,1,99,5,1,60.0,0,N,RURAL_VICTORIA,ROAD,3,12.0
2857,1,2,163,1,1,60.0,0,I,MELB_URBAN,STREET,3,10.0
2858,1,2,99,5,1,50.0,0,N,MELB_URBAN,STREET,3,12.0
2859,1,5,130,5,1,100.0,0,N,RURAL_VICTORIA,ROAD,2,10.0
2860,1,2,140,5,1,40.0,0,N,MELB_URBAN,ROAD,3,12.0
2861,1,2,130,2,1,70.0,0,I,SMALL_CITIES,PARADE,3,15.0
2862,1,1,99,2,1,100.0,0,I,RURAL_VICTORIA,HIGHWAY,3,17.0
2863,1,5,132,1,1,50.0,0,I,TOWNS,STREET,3,17.0
2864,1,2,130,2,1,70.0,0,I,MELB_URBAN,ROAD,3,14.0
2865,1,2,135,5,1,80.0,0,N,MELB_URBAN,ROAD,3,12.0
2866,1,6,130,2,1,70.0,0,I,MELB_URBAN,ROAD,3,20.0
2867,1,7,130,1,6,70.0,0,N,MELB_URBAN,DRIVE,3,20.0
2868,1,2,134,2,1,60.0,0,I,MELB_URBAN,OTHER,3,10.0
2869,1,2,163,1,1,40.0,0,I,MELB_URBAN,STREET,3,15.0
2870,1,2,121,2,1,60.0,0,I,SMALL_CITIES,BOULEVARD,3,15.0
2871,7,1,99,2,5,100.0,0,N,RURAL_VICTORIA,ROAD,3,0.0
2872,1,5,99,5,2,50.0,0,N,TOWNS,STREET,2,17.0
2873,2,2,102,2,1,60.0,0,I,MELB_URBAN,ROAD,3,15.0
2874,1,2,99,5,1,50.0,0,N,MELB_URBAN,ROAD,3,17.0
2875,1,2,110,1,2,60.0,0,I,LARGE_PROVINCIAL_CITIES,STREET,3,18.0
2876,6,6,99,5,1,60.0,0,N,RURAL_VICTORIA,ROAD,3,19.0
2877,1,2,140,5,1,60.0,0,N,MELB_URBAN,STREET,3,18.0
2878,1,2,132,2,1,60.0,0,I,MELB_URBAN,ROAD,3,20.0
2879,2,2,100,2,9,50.0,0,I,SMALL_CITIES,STREET,3,8.0
2880,1,2,121,2,2,50.0,0,I,LARGE_PROVINCIAL_CITIES,OTHER,3,18.0
2881,6,2,174,5,1,110.0,0,N,RURAL_VICTORIA,FREEWAY,3,19.0
2882,1,2,132,1,2,100.0,0,I,RURAL_VICTORIA,ROAD,3,19.0
2883,1,2,99,5,2,50.0,0,N,MELB_URBAN,STREET,3,19.0
2884,1,2,110,1,3,50.0,0,I,TOWNS,AVENUE,3,6.0
2885,1,2,121,1,3,60.0,0,I,MELB_URBAN,ROAD,3,21.0
2886,8,2,170,5,1,100.0,0,N,RURAL_VICTORIA,HIGHWAY,3,10.0
2887,1,2,133,5,5,100.0,0,N,MELB_URBAN,FREEWAY,3,21.0
2888,1,2,130,5,1,60.0,0,N,MELB_URBAN,ROAD,3,12.0
2889,1,7,99,5,3,60.0,1,N,MELB_URBAN,STREET,3,20.0
2890,2,1,99,5,3,50.0,0,N,MELB_URBAN,OTHER,3,4.0
2891,1,3,99,2,1,40.0,0,I,LARGE_PROVINCIAL_CITIES,STREET,3,8.0
2892,1,2,160,2,3,70.0,0,I,MELB_URBAN,ROAD,3,21.0
2893,1,3,121,2,1,80.0,0,I,RURAL_VICTORIA,HIGHWAY,3,8.0
2894,1,3,130,5,1,80.0,0,N,MELB_URBAN,ROAD,3,7.0
2895,1,3,113,4,1,80.0,0,N,RURAL_VICTORIA,RAMP,3,8.0
2896,1,1,99,1,1,60.0,0,I,TOWNS,ROAD,3,17.0
2897,4,3,173,5,5,80.0,1,N,MELB_URBAN,ROAD,3,6.0
2898,4,7,171,5,1,60.0,0,N,MELB_URBAN,ROAD,3,19.0
2899,1,3,121,2,1,60.0,0,I,MELB_URBAN,ROAD,3,10.0
2900,1,3,121,1,1,80.0,0,I,MELB_URBAN,ROAD,3,10.0
2901,1,2,120,2,1,50.0,0,N,MELB_URBAN,AVENUE,2,16.0
2902,1,3,99,2,1,50.0,0,I,MELBOURNE_CBD,STREET,3,8.0
2903,3,3,167,5,5,100.0,0,N,RURAL_VICTORIA,ROAD,3,6.0
2904,2,3,102,5,1,40.0,0,N,MELB_URBAN,DRIVE,3,9.0
2905,1,3,110,1,1,50.0,0,I,SMALL_CITIES,ROAD,3,13.0
2906,1,3,99,1,1,60.0,0,I,MELB_URBAN,STREET,3,10.0
2907,1,3,134,1,1,60.0,0,I,MELB_URBAN,ROAD,3,7.0
2908,1,7,130,5,1,80.0,0,N,MELB_URBAN,HIGHWAY,3,13.0
2909,3,5,167,5,1,50.0,0,N,RURAL_VICTORIA,ROAD,3,15.0
2910,8,7,174,5,1,100.0,0,N,RURAL_VICTORIA,ROAD,3,12.0
2911,1,3,121,5,1,60.0,0,N,MELB_URBAN,STREET,3,13.0
2912,1,3,116,1,1,60.0,0,I,LARGE_PROVINCIAL_CITIES,STREET,3,16.0
2913,1,2,171,1,1,60.0,0,I,SMALL_CITIES,STREET,3,18.0
2914,1,3,140,1,1,70.0,0,I,MELB_URBAN,ROAD,3,17.0
2915,1,3,99,1,1,60.0,0,I,MELB_URBAN,STREET,3,17.0
2916,1,3,121,1,1,60.0,0,I,MELB_URBAN,STREET,3,17.0
2917,2,3,102,1,1,60.0,0,I,MELB_URBAN,ROAD,3,17.0
2918,1,3,130,5,1,80.0,0,N,RURAL_VICTORIA,ROAD,3,17.0
2919,1,3,120,5,1,70.0,0,N,RURAL_VICTORIA,ROAD,3,16.0
2920,1,3,130,5,1,100.0,0,N,MELB_URBAN,FREEWAY,3,18.0
2921,1,3,110,1,1,60.0,0,I,SMALL_CITIES,ROAD,3,17.0
2922,4,1,171,2,3,50.0,0,I,MELB_URBAN,AVENUE,3,23.0
2923,1,3,130,5,2,60.0,0,N,MELB_URBAN,ROAD,3,19.0
2924,2,3,99,5,1,50.0,0,N,MELB_URBAN,STREET,3,18.0
2925,4,3,171,5,2,100.0,0,N,MELB_URBAN,FREEWAY,3,19.0
2926,4,3,173,5,5,100.0,0,N,RURAL_VICTORIA,ROAD,3,23.0
2927,1,5,99,2,3,60.0,0,I,MELB_URBAN,ROAD,2,21.0
2928,8,4,174,5,3,60.0,0,N,MELB_URBAN,ROAD,3,1.0
2929,2,4,99,2,5,50.0,0,I,SMALL_CITIES,DRIVE,3,1.0
2930,4,4,99,1,3,60.0,0,I,MELB_URBAN,AVENUE,3,3.0
2931,4,5,171,5,1,110.0,0,N,RURAL_VICTORIA,HIGHWAY,2,15.0
2932,4,4,171,5,5,100.0,0,N,RURAL_VICTORIA,ROAD,3,6.0
2933,1,4,121,5,1,80.0,0,N,RURAL_VICTORIA,HIGHWAY,3,9.0
2934,8,2,174,1,1,50.0,0,I,MELBOURNE_CBD,OTHER,3,14.0
2935,1,4,121,2,1,50.0,0,I,MELB_URBAN,AVENUE,3,9.0
2936,1,4,99,1,1,70.0,0,I,MELB_URBAN,ROAD,3,10.0
2937,2,2,99,4,1,60.0,0,I,MELB_URBAN,ROAD,3,14.0
2938,1,4,130,2,1,50.0,0,I,LARGE_PROVINCIAL_CITIES,STREET,3,10.0
2939,1,4,99,5,1,50.0,0,N,TOWNS,STREET,3,10.0
2940,1,4,121,2,3,60.0,0,I,MELB_URBAN,ROAD,3,6.0
2941,1,1,120,5,1,100.0,0,N,RURAL_VICTORIA,ROAD,3,11.0
2942,1,4,121,2,1,60.0,0,I,MELB_URBAN,ROAD,3,11.0
2943,1,4,133,2,1,60.0,0,I,MELB_URBAN,ROAD,3,7.0
2944,1,3,99,4,1,50.0,0,N,MELB_URBAN,STREET,3,18.0
2945,8,4,174,2,1,50.0,0,I,MELB_URBAN,STREET,2,13.0
2946,2,4,102,5,1,40.0,0,N,MELB_URBAN,STREET,3,11.0
2947,1,4,130,5,1,100.0,0,N,MELB_URBAN,FREEWAY,3,9.0
2948,1,4,110,1,1,60.0,0,I,MELB_URBAN,HIGHWAY,3,12.0
2949,1,3,133,1,3,60.0,0,I,MELB_URBAN,AVENUE,3,6.0
2950,1,4,99,1,1,70.0,0,I,MELB_URBAN,ROAD,3,11.0
2951,1,4,99,5,1,100.0,0,N,MELB_URBAN,FREEWAY,3,10.0
2952,1,4,120,5,1,70.0,0,N,RURAL_VICTORIA,ROAD,3,11.0
2953,1,2,140,5,1,100.0,0,N,RURAL_VICTORIA,HIGHWAY,3,15.0
2954,1,4,116,2,1,50.0,0,I,SMALL_CITIES,DRIVE,3,11.0
2955,1,4,121,2,1,60.0,0,I,MELB_URBAN,STREET,3,14.0
2956,4,4,171,5,1,60.0,0,N,MELB_URBAN,ROAD,3,14.0
2957,1,5,134,1,3,60.0,0,I,MELB_URBAN,STREET,2,22.0
2958,1,4,130,5,1,60.0,0,N,MELB_URBAN,STREET,3,17.0
2959,4,4,171,5,1,60.0,0,N,MELB_URBAN,ROAD,3,19.0
2960,1,4,121,1,1,60.0,0,I,MELB_URBAN,STREET,3,18.0
2961,1,3,99,1,3,40.0,0,I,MELB_URBAN,STREET,3,21.0
2962,2,4,100,2,1,60.0,0,I,MELB_URBAN,ROAD,3,15.0
2963,2,7,100,1,1,60.0,0,I,MELB_URBAN,ROAD,2,15.0
2964,2,4,102,5,1,50.0,0,N,MELBOURNE_CBD,STREET,3,16.0
2965,1,4,99,5,1,100.0,0,N,MELB_URBAN,ROAD,3,19.0
2966,1,4,130,2,1,60.0,0,I,MELB_URBAN,ROAD,3,11.0
2967,4,4,183,5,3,50.0,0,N,MELB_URBAN,STREET,3,19.0
2968,1,4,130,4,1,60.0,0,N,MELB_URBAN,STREET,3,18.0
2969,1,3,99,1,1,60.0,0,I,MELB_URBAN,STREET,3,17.0
2970,2,4,99,5,1,40.0,0,N,MELB_URBAN,ROAD,3,12.0
2971,2,5,102,2,3,60.0,0,I,LARGE_PROVINCIAL_CITIES,STREET,3,2.0
2972,8,5,170,5,5,60.0,0,N,RURAL_VICTORIA,ROAD,3,5.0
2973,4,5,171,2,3,60.0,0,I,MELB_URBAN,OTHER,3,5.0
2974,1,5,113,2,1,60.0,0,I,MELB_URBAN,ROAD,3,8.0
2975,1,5,110,1,1,70.0,0,I,MELB_URBAN,STREET,3,8.0
2976,1,4,132,2,1,60.0,0,I,MELB_URBAN,ROAD,3,13.0
2977,1,4,121,5,1,60.0,0,N,MELB_URBAN,STREET,3,9.0
2978,1,4,130,2,3,60.0,0,I,MELB_URBAN,ROAD,3,21.0
2979,1,5,130,5,3,80.0,0,N,MELB_URBAN,RAMP,3,7.0
2980,1,5,130,1,1,80.0,0,I,MELB_URBAN,HIGHWAY,3,6.0
2981,1,5,110,1,1,60.0,0,I,TOWNS,STREET,3,9.0
2982,4,3,181,5,1,50.0,0,N,MELB_URBAN,DRIVE,3,17.0
2983,1,5,135,5,1,100.0,0,N,RURAL_VICTORIA,FREEWAY,3,9.0
2984,1,5,132,2,1,60.0,0,I,MELB_URBAN,STREET,3,11.0
2985,4,5,99,5,1,60.0,0,N,MELB_URBAN,ROAD,3,10.0
2986,1,4,99,2,1,60.0,0,I,MELB_URBAN,ROAD,3,12.0
2987,1,6,147,5,1,60.0,0,N,MELB_URBAN,ROAD,3,12.0
2988,1,2,130,2,1,60.0,0,I,MELB_URBAN,ROAD,3,10.0
2989,1,5,140,5,1,50.0,0,N,LARGE_PROVINCIAL_CITIES,STREET,3,11.0
2990,8,5,99,5,1,100.0,0,N,RURAL_VICTORIA,HIGHWAY,3,14.0
2991,2,4,99,5,1,50.0,0,I,TOWNS,OTHER,3,8.0
2992,1,2,121,2,1,60.0,0,I,MELB_URBAN,ROAD,3,16.0
2993,1,4,130,5,1,70.0,0,N,MELB_URBAN,ROAD,3,16.0
2994,2,5,100,2,1,50.0,0,I,MELB_URBAN,ROAD,3,14.0
2995,4,2,173,5,1,60.0,0,N,RURAL_VICTORIA,ROAD,2,9.0
2996,1,5,130,5,1,60.0,0,N,MELB_URBAN,ROAD,3,8.0
2997,2,5,102,5,3,70.0,0,N,MELB_URBAN,ROAD,3,6.0
2998,1,4,121,1,9,60.0,0,I,MELB_URBAN,ROAD,3,18.0
2999,1,5,110,1,1,50.0,0,I,SMALL_CITIES,STREET,3,14.0
3000,1,4,121,2,1,60.0,0,N,TOWNS,HIGHWAY,3,12.0
3001,2,5,99,5,1,50.0,0,N,MELB_URBAN,AVENUE,3,15.0
3002,1,5,130,5,1,100.0,0,N,MELB_URBAN,FREEWAY,3,15.0
3003,1,4,134,5,1,60.0,0,N,MELB_URBAN,STREET,3,17.0
3004,2,5,99,5,1,40.0,0,N,MELB_URBAN,ROAD,3,16.0
3005,1,5,113,2,1,60.0,0,I,MELB_URBAN,ROAD,3,19.0
3006,4,5,99,2,1,50.0,0,I,MELB_URBAN,OTHER,3,18.0
3007,3,5,167,5,1,100.0,0,N,RURAL_VICTORIA,ROAD,3,17.0
3008,1,5,140,5,1,60.0,0,N,MELB_URBAN,ROAD,3,7.0
3009,1,5,113,2,2,60.0,0,I,MELB_URBAN,ROAD,3,19.0
3010,4,5,173,2,2,80.0,0,I,RURAL_VICTORIA,ROAD,3,19.0
3011,1,5,135,2,1,60.0,0,I,MELB_URBAN,ROAD,3,16.0
3012,6,5,174,2,3,50.0,0,I,LARGE_PROVINCIAL_CITIES,ROAD,3,21.0
3013,2,5,99,5,1,40.0,0,N,MELB_URBAN,STREET,3,18.0
3014,4,4,173,5,1,60.0,0,N,MELB_URBAN,DRIVE,3,13.0
3015,4,5,183,5,3,70.0,0,N,MELB_URBAN,ROAD,3,22.0
3016,8,5,174,1,1,80.0,0,N,MELB_URBAN,ROAD,3,16.0
3017,1,6,147,1,1,60.0,0,I,MELB_URBAN,ROAD,3,7.0
3018,4,2,173,5,1,50.0,0,N,LARGE_PROVINCIAL_CITIES,ROAD,3,16.0
3019,1,6,160,2,1,100.0,0,I,RURAL_VICTORIA,ROAD,3,9.0
3020,1,3,113,2,3,70.0,0,I,MELB_URBAN,ROAD,1,22.0
3021,2,6,99,2,1,40.0,0,I,MELB_URBAN,ROAD,3,9.0
3022,1,4,130,5,1,60.0,0,N,SMALL_CITIES,STREET,3,17.0
3023,7,6,99,5,5,100.0,0,N,RURAL_VICTORIA,ROAD,3,21.0
3024,1,5,116,1,1,80.0,0,I,MELB_URBAN,ROAD,2,17.0
3025,1,6,130,5,1,50.0,0,N,MELB_URBAN,STREET,3,11.0
3026,1,6,130,2,1,80.0,0,I,MELB_URBAN,HIGHWAY,3,12.0
3027,1,6,130,1,1,60.0,0,I,MELB_URBAN,STREET,3,12.0
3028,1,6,113,2,1,70.0,0,I,MELB_URBAN,ROAD,3,11.0
3029,1,4,130,1,3,60.0,0,I,MELB_URBAN,ROAD,3,22.0
3030,7,2,174,2,1,50.0,0,I,SMALL_CITIES,OTHER,2,15.0
3031,1,5,130,5,2,60.0,0,N,MELB_URBAN,AVENUE,3,7.0
3032,1,6,130,5,6,100.0,0,N,MELB_URBAN,ROAD,3,21.0
3033,1,6,130,5,1,100.0,0,N,MELB_URBAN,FREEWAY,3,14.0
3034,1,6,99,5,1,100.0,0,N,RURAL_VICTORIA,HIGHWAY,3,14.0
3035,1,6,130,2,1,70.0,0,I,MELB_URBAN,ROAD,3,15.0
3036,4,6,171,2,1,60.0,0,I,MELB_URBAN,ROAD,3,15.0
3037,2,1,99,5,5,50.0,0,N,MELB_URBAN,STREET,3,23.0
3038,1,6,163,5,1,50.0,0,N,MELB_URBAN,STREET,3,9.0
3039,7,6,174,5,1,60.0,0,N,MELB_URBAN,ROAD,3,16.0
3040,1,6,110,1,1,60.0,0,I,MELB_URBAN,OTHER,3,16.0
3041,1,6,147,2,1,60.0,0,I,MELB_URBAN,ROAD,3,16.0
3042,7,6,174,5,9,60.0,0,N,RURAL_VICTORIA,ROAD,3,19.0
3043,1,5,135,5,1,50.0,0,N,MELB_URBAN,STREET,3,17.0
3044,6,6,99,5,1,60.0,0,N,TOWNS,ROAD,3,19.0
3045,1,6,121,2,1,60.0,0,I,LARGE_PROVINCIAL_CITIES,ROAD,3,16.0
3046,1,6,160,5,1,60.0,0,N,MELB_URBAN,ROAD,3,15.0
3047,8,6,174,5,2,60.0,0,N,MELB_URBAN,ROAD,3,18.0
3048,1,6,130,1,5,80.0,0,I,MELB_URBAN,ROAD,3,22.0
3049,1,6,121,1,3,60.0,0,I,MELB_URBAN,ROAD,3,20.0
3050,1,6,121,4,3,60.0,0,N,MELB_URBAN,ROAD,3,22.0
3051,1,6,130,5,3,80.0,0,N,MELB_URBAN,FREEWAY,3,0.0
3052,4,6,173,5,3,60.0,0,N,LARGE_PROVINCIAL_CITIES,ROAD,3,2.0
3053,1,5,135,5,1,50.0,0,N,MELB_URBAN,STREET,3,9.0
3054,4,6,171,5,1,100.0,1,N,RURAL_VICTORIA,ROAD,3,12.0
3055,1,5,130,5,1,60.0,0,N,MELB_URBAN,ROAD,3,16.0
3056,1,6,110,1,1,60.0,0,I,MELB_URBAN,ROAD,3,15.0
3057,2,1,99,5,9,60.0,0,N,MELB_URBAN,STREET,2,4.0
3058,1,4,130,1,3,60.0,0,I,MELB_URBAN,ROAD,3,21.0
3059,4,7,171,5,1,80.0,0,N,MELB_URBAN,ROAD,3,10.0
3060,1,7,140,2,1,50.0,0,I,SMALL_CITIES,STREET,3,11.0
3061,1,7,110,1,1,60.0,0,I,LARGE_PROVINCIAL_CITIES,STREET,3,10.0
3062,2,6,99,1,1,60.0,0,I,MELB_URBAN,ROAD,3,13.0
3063,2,7,100,1,1,60.0,0,I,SMALL_CITIES,AVENUE,3,12.0
3064,1,6,135,5,2,60.0,0,N,MELB_URBAN,STREET,3,19.0
3065,1,7,130,5,1,70.0,0,N,MELB_URBAN,ROAD,3,12.0
3066,1,5,110,1,1,60.0,0,I,RURAL_VICTORIA,STREET,2,20.0
3067,1,7,113,2,1,80.0,0,I,SMALL_CITIES,DRIVE,3,12.0
3068,1,7,110,1,1,50.0,0,I,MELB_URBAN,STREET,3,13.0
3069,4,7,183,5,1,100.0,0,N,RURAL_VICTORIA,ROAD,3,12.0
3070,1,6,130,5,1,60.0,0,N,MELB_URBAN,ROAD,3,8.0
3071,2,7,102,1,1,60.0,1,I,MELB_URBAN,ROAD,3,15.0
3072,1,7,121,2,1,80.0,0,I,MELB_URBAN,HIGHWAY,3,15.0
3073,6,7,184,5,1,100.0,0,N,RURAL_VICTORIA,ROAD,3,14.0
3074,1,4,120,5,1,50.0,0,N,MELB_URBAN,OTHER,3,14.0
3075,4,7,183,5,5,100.0,0,I,RURAL_VICTORIA,ROAD,3,2.0
3076,1,7,110,1,1,100.0,0,I,RURAL_VICTORIA,ROAD,3,16.0