,accident_type,day_of_week,dca_code,road_geometry,light_condition,speed_zone,severity,node_type,deg_urban_name,road_type,month,hour
3077,2,7,102,5,1,50.0,0,N,MELB_URBAN,STREET,3,15.0
3078,4,7,171,5,1,50.0,0,N,MELB_URBAN,STREET,3,17.0
3079,1,7,130,5,1,60.0,0,N,MELB_URBAN,ROAD,3,15.0
3080,4,6,99,2,4,80.0,0,I,RURAL_VICTORIA,ROAD,3,19.0
3081,1,7,99,5,1,100.0,0,N,RURAL_VICTORIA,ROAD,3,14.0
3082,1,7,121,1,1,60.0,0,I,MELB_URBAN,ROAD,3,17.0
3083,1,7,120,5,3,70.0,0,N,MELB_URBAN,ROAD,3,23.0
3084,2,1,99,5,3,50.0,0,N,SMALL_CITIES,OTHER,3,0.0
3085,1,1,160,5,5,110.0,1,N,TOWNS,FREEWAY,3,0.0
3086,2,1,99,2,3,60.0,0,I,MELB_URBAN,ROAD,3,4.0
3087,1,1,160,5,3,100.0,0,N,MELB_URBAN,FREEWAY,3,3.0
3088,1,1,99,5,3,80.0,0,N,MELB_URBAN,FREEWAY,3,3.0
3089,1,7,160,5,1,60.0,0,N,MELB_URBAN,ROAD,3,13.0
3090,4,1,173,5,1,80.0,0,N,MELB_URBAN,FREEWAY,3,7.0
3091,1,7,116,1,1,80.0,0,I,MELB_URBAN,ROAD,3,13.0
3092,1,1,120,2,1,60.0,0,I,MELB_URBAN,STREET,3,10.0
3093,4,1,171,5,1,100.0,0,N,RURAL_VICTORIA,ROAD,3,9.0
3094,1,1,113,2,1,60.0,0,I,MELB_URBAN,ROAD,3,11.0
3095,1,0,99,5,1,50.0,0,N,MELBOURNE_CBD,STREET,3,12.0
3096,1,1,99,2,1,50.0,0,I,MELB_URBAN,STREET,3,9.0
3097,1,1,110,1,1,60.0,0,I,MELB_URBAN,ROAD,3,12.0
3098,8,7,174,5,1,60.0,0,N,RURAL_VICTORIA,ROAD,3,16.0
3099,1,1,99,1,1,80.0,0,I,RURAL_VICTORIA,ROAD,3,12.0
3100,1,1,133,5,1,60.0,0,N,MELB_URBAN,ROAD,3,15.0
3101,1,1,163,5,1,50.0,0,N,MELB_URBAN,ROAD,3,13.0
3102,1,1,99,2,1,50.0,0,I,MELB_URBAN,ROAD,3,15.0
3103,1,1,113,2,1,60.0,0,I,MELB_URBAN,OTHER,3,16.0
3104,2,1,99,5,1,70.0,0,N,SMALL_CITIES,STREET,3,18.0
3105,1,1,116,2,1,70.0,0,I,MELB_URBAN,ROAD,3,15.0
3106,1,1,121,5,1,60.0,0,N,MELB_URBAN,UNKNOWN,3,11.0
3107,1,0,130,2,1,70.0,0,I,MELB_URBAN,ROAD,3,13.0
3108,1,1,130,2,1,60.0,0,I,MELB_URBAN,ROAD,3,16.0
3109,4,1,173,5,5,70.0,0,N,MELB_URBAN,ROAD,3,23.0
3110,1,7,130,2,1,60.0,0,I,MELB_URBAN,UNKNOWN,3,9.0
3111,8,5,174,1,1,60.0,0,I,TOWNS,STREET,3,18.0
3112,1,2,110,4,1,40.0,0,I,MELB_URBAN,STREET,3,8.0
3113,1,2,140,2,1,70.0,0,I,MELB_URBAN,ROAD,3,9.0
3114,1,7,132,2,2,60.0,0,I,MELB_URBAN,STREET,3,19.0
3115,1,2,121,1,1,50.0,0,I,MELB_URBAN,ROAD,3,10.0
3116,4,2,171,1,1,80.0,0,N,MELB_URBAN,ROAD,3,6.0
3117,1,2,99,5,1,50.0,0,N,MELB_URBAN,ROAD,3,11.0
3118,1,5,130,1,3,70.0,0,I,MELB_URBAN,STREET,3,20.0
3119,2,2,100,2,1,60.0,0,I,MELB_URBAN,STREET,3,11.0
3120,1,3,110,1,9,50.0,0,I,MELB_URBAN,STREET,3,7.0
3121,1,1,99,2,1,60.0,0,I,MELB_URBAN,ROAD,3,10.0
3122,1,2,121,1,1,40.0,0,I,MELB_URBAN,STREET,3,11.0
3123,1,5,121,1,1,60.0,0,I,MELB_URBAN,STREET,3,10.0
3124,1,2,160,5,1,60.0,0,N,MELB_URBAN,AVENUE,3,13.0
3125,1,2,113,1,1,60.0,0,I,LARGE_PROVINCIAL_CITIES,STREET,3,10.0
3126,1,6,130,5,1,60.0,0,N,MELB_URBAN,ROAD,3,17.0
3127,1,2,99,2,1,60.0,0,I,RURAL_VICTORIA,ROAD,3,8.0
3128,1,2,110,1,1,100.0,0,I,RURAL_VICTORIA,ROAD,3,14.0
3129,6,1,99,5,5,100.0,0,N,RURAL_VICTORIA,ROAD,3,20.0
3130,1,2,130,2,1,70.0,0,I,MELB_URBAN,AVENUE,3,10.0
3131,2,2,99,1,1,60.0,0,I,MELB_URBAN,PARADE,3,16.0
3132,1,2,133,5,1,100.0,0,N,MELB_URBAN,FREEWAY,3,15.0
3133,1,2,130,1,1,60.0,0,I,MELB_URBAN,STREET,3,17.0
3134,1,2,130,5,1,40.0,0,N,MELB_URBAN,ROAD,3,8.0
3135,1,2,130,5,1,70.0,0,N,MELB_URBAN,ROAD,3,16.0
3136,6,2,99,5,1,100.0,0,N,RURAL_VICTORIA,ROAD,3,15.0
3137,1,2,135,5,1,60.0,0,N,MELB_URBAN,STREET,3,17.0
3138,4,2,171,5,1,60.0,0,N,MELB_URBAN,DRIVE,3,17.0
3139,8,2,174,1,1,80.0,0,I,MELB_URBAN,ROAD,3,16.0
3140,1,2,140,5,2,60.0,0,N,MELBOURNE_CBD,STREET,3,19.0
3141,1,2,130,5,1,60.0,0,N,SMALL_CITIES,STREET,3,17.0
3142,1,2,99,1,1,60.0,0,I,MELB_URBAN,AVENUE,3,16.0
3143,1,2,110,1,2,70.0,0,I,MELB_URBAN,ROAD,3,5.0
3144,8,2,99,5,1,100.0,0,N,RURAL_VICTORIA,ROAD,3,16.0
3145,1,3,99,5,3,50.0,0,N,MELB_URBAN,ROAD,3,0.0
3146,1,2,130,5,1,100.0,0,N,MELB_URBAN,FREEWAY,3,10.0
3147,2,2,99,5,1,60.0,0,N,MELB_URBAN,DRIVE,3,16.0
3148,1,3,130,5,3,50.0,0,N,MELBOURNE_CBD,STREET,3,6.0
3149,1,3,116,2,1,50.0,0,I,SMALL_CITIES,STREET,3,8.0
3150,1,3,134,5,1,60.0,0,N,MELB_URBAN,STREET,3,7.0
3151,2,3,100,1,1,60.0,0,I,MELB_URBAN,ROAD,3,8.0
3152,8,3,174,5,1,40.0,0,N,MELB_URBAN,STREET,3,8.0
3153,2,3,102,1,1,60.0,0,I,MELB_URBAN,STREET,3,9.0
3154,1,3,111,1,1,60.0,0,I,MELB_URBAN,ROAD,3,8.0
3155,1,3,113,2,1,80.0,0,I,MELB_URBAN,HIGHWAY,3,8.0
3156,8,2,174,5,3,40.0,0,N,MELB_URBAN,STREET,3,6.0
3157,1,2,130,5,1,50.0,0,N,MELB_URBAN,ROAD,3,16.0
3158,1,2,110,1,1,60.0,0,I,MELB_URBAN,ROAD,3,17.0
3159,4,6,173,5,1,60.0,0,N,LARGE_PROVINCIAL_CITIES,STREET,2,7.0
3160,1,7,163,2,1,40.0,0,I,MELB_URBAN,ROAD,3,16.0
3161,1,6,99,2,1,60.0,0,I,MELB_URBAN,STREET,3,15.0
3162,4,3,181,5,1,100.0,0,N,MELB_URBAN,ROAD,3,11.0
3163,1,3,130,5,1,60.0,0,N,SMALL_CITIES,STREET,3,10.0
3164,1,3,110,4,1,60.0,0,I,MELB_URBAN,ROAD,3,14.0
3165,2,3,99,5,1,50.0,0,N,MELB_URBAN,ROAD,3,9.0
3166,6,4,174,2,1,60.0,0,I,MELB_URBAN,ROAD,3,14.0
3167,8,7,174,5,1,100.0,0,N,RURAL_VICTORIA,ROAD,3,17.0
3168,5,3,99,5,1,80.0,0,N,RURAL_VICTORIA,HIGHWAY,3,12.0
3169,1,2,120,5,1,100.0,0,N,RURAL_VICTORIA,HIGHWAY,3,17.0
3170,2,3,99,5,1,60.0,0,N,MELB_URBAN,STREET,3,14.0
3171,1,3,133,1,1,70.0,0,I,MELB_URBAN,ROAD,3,7.0
3172,1,4,99,5,1,60.0,0,N,MELB_URBAN,STREET,3,18.0
3173,1,3,130,2,1,60.0,0,I,MELB_URBAN,ROAD,1,11.0
3174,8,3,174,2,1,50.0,0,I,MELB_URBAN,ROAD,3,16.0
3175,2,3,99,5,1,40.0,0,N,MELB_URBAN,STREET,3,17.0
3176,5,3,99,5,1,100.0,0,N,RURAL_VICTORIA,HIGHWAY,3,9.0
3177,2,3,100,2,1,50.0,0,I,MELB_URBAN,STREET,3,15.0
3178,6,2,99,5,1,100.0,0,N,RURAL_VICTORIA,HIGHWAY,3,18.0
3179,4,3,171,5,3,100.0,0,N,MELB_URBAN,FREEWAY,3,19.0
3180,4,4,99,5,3,60.0,0,N,MELB_URBAN,ROAD,3,2.0
3181,1,3,110,1,1,70.0,0,I,SMALL_CITIES,PARADE,3,18.0
3182,1,3,99,2,1,50.0,0,I,MELB_URBAN,OTHER,3,16.0
3183,8,4,174,4,1,100.0,0,N,RURAL_VICTORIA,ROAD,3,11.0
3184,1,4,121,2,1,50.0,0,I,SMALL_CITIES,STREET,3,7.0
3185,8,4,99,5,5,100.0,0,N,RURAL_VICTORIA,HIGHWAY,3,6.0
3186,2,4,99,5,3,50.0,1,N,LARGE_PROVINCIAL_CITIES,HIGHWAY,3,6.0
3187,1,5,120,5,1,60.0,0,N,TOWNS,DRIVE,2,17.0
3188,1,3,130,5,1,80.0,0,N,MELB_URBAN,ROAD,3,16.0
3189,1,5,130,5,1,70.0,0,N,MELB_URBAN,STREET,2,17.0
3190,1,2,130,1,1,60.0,0,I,MELB_URBAN,STREET,3,12.0
3191,6,4,99,5,1,100.0,0,N,RURAL_VICTORIA,ROAD,3,8.0
3192,1,4,130,2,1,60.0,0,I,MELB_URBAN,PARADE,3,10.0
3193,4,4,99,5,1,50.0,0,N,MELB_URBAN,ROAD,3,10.0
3194,1,4,132,2,1,60.0,0,I,LARGE_PROVINCIAL_CITIES,ROAD,3,12.0
3195,1,4,99,1,1,60.0,0,I,MELB_URBAN,ROAD,3,7.0
3196,1,3,110,1,1,70.0,0,I,MELB_URBAN,ROAD,3,8.0
3197,1,3,130,5,1,80.0,0,N,MELB_URBAN,ROAD,1,19.0
3198,1,3,130,2,1,50.0,0,I,MELB_URBAN,STREET,3,9.0
3199,8,4,99,5,1,100.0,0,N,RURAL_VICTORIA,ROAD,3,13.0
3200,1,2,99,1,1,70.0,0,I,MELB_URBAN,ROAD,3,19.0
3201,4,4,181,5,1,100.0,0,N,RURAL_VICTORIA,ROAD,3,12.0
3202,2,4,99,2,1,40.0,0,I,MELB_URBAN,STREET,3,15.0
3203,1,4,132,1,1,70.0,0,I,SMALL_TOWNS,HIGHWAY,3,11.0
3204,1,4,121,2,1,50.0,0,I,MELB_URBAN,ROAD,3,15.0
3205,1,4,99,2,1,50.0,0,I,LARGE_PROVINCIAL_CITIES,PARADE,3,16.0
3206,4,4,99,2,1,50.0,0,I,MELB_URBAN,ROAD,3,13.0
3207,1,4,110,1,1,70.0,0,I,RURAL_VICTORIA,ROAD,3,16.0
3208,8,4,174,2,1,60.0,0,I,RURAL_VICTORIA,OTHER,3,14.0
3209,1,6,140,2,1,60.0,0,I,MELB_URBAN,ROAD,1,17.0
3210,1,4,134,5,1,80.0,0,N,MELB_URBAN,HIGHWAY,3,15.0
3211,1,4,121,1,1,90.0,0,I,RURAL_VICTORIA,HIGHWAY,3,16.0
3212,1,4,130,5,1,100.0,0,N,MELB_URBAN,FREEWAY,3,15.0
3213,8,3,174,5,2,80.0,0,N,MELB_URBAN,ROAD,3,18.0
3214,2,4,102,5,1,50.0,0,N,LARGE_PROVINCIAL_CITIES,STREET,3,14.0
3215,4,4,173,5,1,40.0,0,N,RURAL_VICTORIA,HIGHWAY,3,17.0
3216,1,4,113,2,3,60.0,0,I,SMALL_CITIES,STREET,3,20.0
3217,2,4,100,5,3,60.0,0,N,MELB_URBAN,ROAD,3,20.0
3218,1,4,134,5,1,100.0,0,N,MELB_URBAN,FREEWAY,3,18.0
3219,2,4,99,4,1,50.0,0,I,MELB_URBAN,STREET,3,17.0
3220,1,4,133,5,1,80.0,1,N,MELB_URBAN,ROAD,3,18.0
3221,1,4,121,1,3,50.0,0,I,LARGE_PROVINCIAL_CITIES,STREET,3,23.0
3222,1,7,130,1,3,70.0,0,I,MELB_URBAN,ROAD,3,3.0
3223,1,5,111,2,3,60.0,0,I,MELB_URBAN,PARADE,3,5.0
3224,1,7,120,5,1,50.0,0,N,MELB_URBAN,STREET,3,16.0
3225,1,5,113,2,1,60.0,0,I,MELB_URBAN,OTHER,3,11.0
3226,1,5,113,2,3,60.0,0,I,MELB_URBAN,AVENUE,3,6.0
3227,1,5,113,1,2,80.0,0,I,LARGE_PROVINCIAL_CITIES,HIGHWAY,3,7.0
3228,1,3,99,1,1,60.0,0,I,MELB_URBAN,ROAD,3,14.0
3229,1,5,113,2,1,70.0,0,I,MELB_URBAN,ROAD,3,7.0
3230,1,3,121,5,1,60.0,0,N,MELB_URBAN,STREET,3,7.0
3231,1,4,130,1,1,70.0,0,I,MELB_URBAN,ROAD,3,8.0
3232,2,5,100,1,1,50.0,0,I,MELB_URBAN,ROAD,3,6.0
3233,1,5,130,2,1,80.0,0,N,MELB_URBAN,ROAD,3,8.0
3234,1,5,140,2,1,60.0,0,I,MELB_URBAN,STREET,3,10.0
3235,1,5,163,5,1,40.0,0,N,MELB_URBAN,ROAD,3,13.0
3236,4,5,181,5,1,100.0,0,N,RURAL_VICTORIA,ROAD,3,12.0
3237,8,6,174,5,1,40.0,0,N,MELB_URBAN,STREET,3,17.0
3238,2,5,100,5,1,60.0,0,I,MELB_URBAN,ROAD,3,13.0
3239,2,5,100,2,1,50.0,0,I,MELB_URBAN,STREET,3,13.0
3240,4,2,173,1,1,60.0,0,I,MELB_URBAN,STREET,2,18.0
3241,1,5,121,1,1,60.0,0,I,MELB_URBAN,ROAD,3,16.0
3242,1,5,134,5,1,60.0,0,N,MELB_URBAN,HIGHWAY,3,17.0
3243,1,5,130,5,1,80.0,0,N,MELB_URBAN,ROAD,3,16.0
3244,1,4,140,5,2,80.0,0,N,MELB_URBAN,ROAD,3,18.0
3245,1,5,130,1,1,80.0,0,I,MELB_URBAN,ROAD,3,17.0
3246,1,5,147,5,1,60.0,0,N,MELB_URBAN,ROAD,3,18.0
3247,4,6,181,5,5,100.0,0,N,RURAL_VICTORIA,ROAD,2,23.0
3248,1,5,121,1,1,100.0,0,I,RURAL_VICTORIA,ROAD,3,15.0
3249,1,5,113,3,3,60.0,0,N,MELB_URBAN,BOULEVARD,3,20.0
3250,1,5,121,1,1,50.0,0,I,MELB_URBAN,STREET,3,16.0
3251,1,5,160,5,3,60.0,0,N,MELB_URBAN,ROAD,3,20.0
3252,4,5,171,2,3,60.0,0,I,MELB_URBAN,ROAD,3,19.0
3253,1,6,121,5,3,60.0,0,N,MELB_URBAN,ROAD,3,6.0
3254,1,6,116,1,1,50.0,0,I,SMALL_CITIES,STREET,3,8.0
3255,1,6,121,2,1,100.0,0,I,RURAL_VICTORIA,ROAD,3,8.0
3256,1,5,113,2,1,60.0,0,N,MELB_URBAN,HIGHWAY,3,15.0
3257,1,6,99,2,1,50.0,0,I,LARGE_PROVINCIAL_CITIES,STREET,3,8.0
3258,1,6,110,1,1,60.0,0,I,SMALL_CITIES,STREET,3,9.0
3259,1,6,130,1,1,60.0,0,I,MELB_URBAN,ROAD,3,11.0
3260,2,5,100,5,3,50.0,1,N,MELB_URBAN,DRIVE,3,20.0
3261,1,5,130,5,1,60.0,0,N,MELB_URBAN,ROAD,3,12.0
3262,1,6,160,2,5,60.0,0,I,MELB_URBAN,STREET,3,1.0
3263,1,5,130,5,5,100.0,0,N,MELB_URBAN,FREEWAY,3,6.0
3264,4,6,173,5,1,110.0,0,N,RURAL_VICTORIA,FREEWAY,3,12.0
3265,1,5,121,2,2,60.0,0,I,MELB_URBAN,STREET,3,18.0
3266,1,4,110,1,1,50.0,0,I,MELB_URBAN,AVENUE,3,10.0
3267,1,6,160,5,1,50.0,0,N,MELB_URBAN,OTHER,3,12.0
3268,1,6,116,1,1,50.0,0,I,MELB_URBAN,STREET,3,13.0
3269,1,2,130,5,1,50.0,0,N,MELB_URBAN,ROAD,3,15.0
3270,4,5,99,5,1,60.0,0,N,MELB_URBAN,OTHER,3,14.0
3271,1,6,99,5,1,100.0,0,N,MELB_URBAN,FREEWAY,3,7.0
3272,1,6,121,1,1,100.0,0,I,RURAL_VICTORIA,ROAD,3,13.0
3273,1,6,121,5,1,60.0,0,N,MELB_URBAN,ROAD,3,15.0
3274,1,6,130,5,1,50.0,0,N,MELBOURNE_CBD,STREET,3,12.0
3275,2,6,100,2,1,40.0,0,I,MELB_URBAN,STREET,3,13.0
3276,1,6,130,5,1,80.0,0,N,MELB_URBAN,UNKNOWN,3,12.0
3277,1,6,163,1,1,40.0,0,I,MELBOURNE_CBD,STREET,3,7.0
3278,1,6,116,1,1,50.0,0,I,LARGE_PROVINCIAL_CITIES,STREET,3,15.0
3279,1,5,163,2,1,60.0,0,N,MELB_URBAN,STREET,3,15.0
3280,1,6,147,5,3,50.0,0,N,MELB_URBAN,STREET,3,21.0
3281,2,6,99,5,1,50.0,0,N,MELB_URBAN,STREET,3,17.0
3282,1,6,121,2,2,60.0,0,N,MELB_URBAN,AVENUE,3,17.0
3283,6,4,99,5,1,100.0,0,N,RURAL_VICTORIA,ROAD,3,13.0
3284,1,6,121,2,1,60.0,0,I,MELB_URBAN,ROAD,3,17.0
3285,1,6,130,5,1,70.0,0,N,MELB_URBAN,ROAD,3,16.0
3286,1,4,160,2,1,60.0,0,I,MELB_URBAN,ROAD,3,13.0
3287,1,5,140,5,1,60.0,0,N,MELB_URBAN,STREET,3,13.0
3288,4,6,99,5,1,60.0,0,N,RURAL_VICTORIA,ROAD,3,17.0
3289,1,6,133,5,1,60.0,0,N,MELB_URBAN,ROAD,3,15.0
3290,1,6,132,2,1,100.0,0,I,RURAL_VICTORIA,ROAD,3,18.0
3291,1,6,110,1,2,60.0,0,I,LARGE_PROVINCIAL_CITIES,STREET,3,19.0
3292,1,6,121,2,3,70.0,0,I,LARGE_PROVINCIAL_CITIES,STREET,3,20.0
3293,1,6,121,5,3,60.0,0,N,MELB_URBAN,UNKNOWN,3,19.0
3294,4,6,181,5,5,100.0,0,N,RURAL_VICTORIA,ROAD,3,20.0
3295,2,6,100,2,1,50.0,0,I,MELBOURNE_CBD,STREET,3,17.0
3296,1,6,135,5,3,60.0,0,N,MELB_URBAN,ROAD,3,20.0
3297,2,6,102,2,1,60.0,0,I,MELB_URBAN,ROAD,3,17.0
3298,4,6,173,5,3,100.0,0,N,MELB_URBAN,FREEWAY,3,19.0
3299,4,5,173,5,5,100.0,0,N,RURAL_VICTORIA,ROAD,3,22.0
3300,1,6,134,5,1,110.0,0,N,RURAL_VICTORIA,FREEWAY,3,18.0
3301,1,7,121,4,3,60.0,0,I,MELB_URBAN,RAMP,3,1.0
3302,4,7,171,4,3,50.0,0,I,MELB_URBAN,STREET,3,2.0
3303,1,7,110,1,3,60.0,0,I,LARGE_PROVINCIAL_CITIES,STREET,3,0.0
3304,1,7,111,1,3,70.0,0,I,MELB_URBAN,ROAD,3,2.0
3305,4,7,173,5,5,100.0,1,N,RURAL_VICTORIA,ROAD,3,0.0
3306,4,7,173,2,3,60.0,0,I,MELB_URBAN,OTHER,3,3.0
3307,4,7,181,5,3,60.0,0,N,MELB_URBAN,AVENUE,3,3.0
3308,1,6,132,1,1,60.0,0,I,MELB_URBAN,ROAD,3,10.0
3309,4,7,173,5,2,60.0,0,N,SMALL_CITIES,STREET,3,7.0
3310,1,4,147,5,1,60.0,0,N,MELB_URBAN,HIGHWAY,3,16.0
3311,1,7,130,2,1,60.0,0,I,MELB_URBAN,ROAD,3,9.0
3312,1,7,163,2,1,70.0,0,I,MELB_URBAN,ROAD,3,8.0
3313,2,6,100,5,2,50.0,0,N,MELB_URBAN,DRIVE,3,19.0
3314,1,7,99,5,1,70.0,0,N,MELB_URBAN,ROAD,3,9.0
3315,1,7,99,5,1,50.0,0,N,LARGE_PROVINCIAL_CITIES,STREET,3,10.0
3316,4,7,171,5,1,100.0,0,N,RURAL_VICTORIA,ROAD,3,11.0
3317,1,7,147,2,1,90.0,0,I,LARGE_PROVINCIAL_CITIES,HIGHWAY,3,9.0
3318,8,4,99,5,5,100.0,0,N,RURAL_VICTORIA,ROAD,3,20.0
3319,1,7,121,1,1,80.0,0,I,MELB_URBAN,ROAD,3,11.0
3320,1,7,130,2,1,90.0,0,I,LARGE_PROVINCIAL_CITIES,HIGHWAY,3,10.0
3321,1,7,121,1,1,60.0,0,I,MELB_URBAN,HIGHWAY,3,7.0
3322,1,3,140,5,1,60.0,0,N,LARGE_PROVINCIAL_CITIES,STREET,3,9.0
3323,1,7,113,1,1,80.0,0,I,MELB_URBAN,HIGHWAY,3,13.0
3324,1,7,147,5,1,60.0,0,N,MELB_URBAN,STREET,3,15.0
3325,1,3,130,5,1,80.0,0,N,MELB_URBAN,ROAD,3,17.0
3326,1,7,130,5,1,80.0,0,N,MELB_URBAN,ROAD,3,14.0
3327,4,3,181,5,5,80.0,1,N,TOWNS,HIGHWAY,3,21.0
3328,2,6,100,1,6,70.0,0,I,MELB_URBAN,ROAD,3,20.0
3329,1,7,130,2,1,50.0,0,I,MELB_URBAN,STREET,3,13.0
3330,1,7,110,1,1,40.0,0,I,MELB_URBAN,ROAD,3,18.0
3331,1,7,130,5,1,70.0,0,N,MELB_URBAN,ROAD,3,16.0
3332,6,7,184,5,1,100.0,0,N,RURAL_VICTORIA,ROAD,3,17.0
3333,1,7,160,5,2,60.0,0,N,MELB_URBAN,STREET,3,18.0
3334,4,7,171,5,5,80.0,0,N,MELB_URBAN,ROAD,3,1.0
3335,1,7,160,5,3,60.0,0,N,MELB_URBAN,ROAD,3,21.0
3336,4,7,171,5,5,100.0,0,N,RURAL_VICTORIA,ROAD,3,21.0
3337,4,7,181,5,5,80.0,0,N,RURAL_VICTORIA,DRIVE,3,23.0
3338,4,7,99,2,3,50.0,0,I,MELB_URBAN,ROAD,3,23.0
3339,1,1,121,4,3,80.0,0,I,MELB_URBAN,FREEWAY,4,1.0
3340,2,1,99,2,3,50.0,0,I,MELB_URBAN,STREET,4,1.0
3341,4,1,99,2,5,80.0,0,I,RURAL_VICTORIA,OTHER,4,2.0
3342,4,1,183,5,5,100.0,0,N,MELB_URBAN,RAMP,4,6.0
3343,1,1,130,5,5,60.0,0,N,RURAL_VICTORIA,HIGHWAY,4,2.0
3344,1,1,113,2,1,60.0,0,I,RURAL_VICTORIA,ROAD,4,8.0
3345,6,1,174,5,1,60.0,0,N,SMALL_CITIES,STREET,4,12.0
3346,1,1,99,2,1,100.0,0,I,RURAL_VICTORIA,HIGHWAY,4,11.0
3347,6,1,174,5,5,50.0,0,N,TOWNS,ROAD,4,0.0
3348,4,1,181,5,5,100.0,0,N,RURAL_VICTORIA,ROAD,4,1.0
3349,1,1,110,1,1,60.0,0,I,MELB_URBAN,ROAD,4,10.0
3350,4,1,171,1,1,50.0,0,I,MELB_URBAN,AVENUE,4,12.0
3351,1,4,110,1,1,100.0,0,I,RURAL_VICTORIA,ROAD,3,17.0
3352,8,1,170,5,1,100.0,0,N,RURAL_VICTORIA,ROAD,4,11.0
3353,2,1,100,1,1,50.0,0,I,MELB_URBAN,STREET,4,12.0
3354,1,3,133,1,1,50.0,0,I,MELBOURNE_CBD,STREET,3,12.0
3355,1,1,140,5,1,70.0,0,N,RURAL_VICTORIA,ROAD,4,13.0
3356,2,1,100,5,1,60.0,0,N,MELB_URBAN,ROAD,4,14.0
3357,1,1,130,1,1,40.0,0,I,MELB_URBAN,STREET,4,11.0
3358,8,4,184,2,1,50.0,0,I,MELB_URBAN,OTHER,3,8.0
3359,1,1,120,5,1,80.0,0,N,RURAL_VICTORIA,OTHER,4,13.0
3360,1,1,130,5,1,80.0,0,N,MELB_URBAN,FREEWAY,4,11.0
3361,1,7,116,1,1,80.0,0,I,RURAL_VICTORIA,DRIVE,3,18.0
3362,4,1,171,1,1,60.0,0,I,MELB_URBAN,STREET,4,15.0
3363,4,5,171,5,5,100.0,0,N,RURAL_VICTORIA,HIGHWAY,3,5.0
3364,1,1,99,5,1,110.0,0,N,RURAL_VICTORIA,HIGHWAY,4,14.0
3365,1,1,120,5,1,80.0,1,N,RURAL_VICTORIA,ROAD,4,14.0
3366,6,1,170,5,1,100.0,1,N,RURAL_VICTORIA,HIGHWAY,4,12.0
3367,1,1,147,5,2,60.0,0,N,MELB_URBAN,ROAD,4,17.0
3368,1,1,121,2,1,60.0,0,I,MELB_URBAN,ROAD,4,16.0
3369,4,1,171,2,1,60.0,0,I,MELB_URBAN,ROAD,4,15.0
3370,1,1,147,1,2,60.0,0,I,MELB_URBAN,ROAD,4,18.0
3371,4,1,171,5,1,60.0,0,N,RURAL_VICTORIA,ROAD,4,14.0
3372,6,1,174,5,1,110.0,0,N,RURAL_VICTORIA,FREEWAY,4,17.0
3373,4,1,173,5,5,100.0,0,N,RURAL_VICTORIA,ROAD,4,19.0
3374,1,5,116,4,1,50.0,0,I,MELB_URBAN,STREET,3,12.0
3375,2,2,102,2,3,60.0,0,I,MELB_URBAN,PARADE,4,5.0
3376,1,1,99,5,1,100.0,0,N,RURAL_VICTORIA,ROAD,4,12.0
3377,1,1,130,5,1,50.0,0,N,RURAL_VICTORIA,ROAD,4,15.0
3378,1,2,110,1,1,50.0,0,I,MELB_URBAN,ROAD,4,8.0
3379,1,2,130,5,1,100.0,0,N,SMALL_CITIES,OTHER,4,8.0
3380,1,2,99,1,1,50.0,0,I,MELB_URBAN,STREET,4,9.0
3381,4,2,171,5,1,90.0,0,N,RURAL_VICTORIA,HIGHWAY,4,7.0
3382,4,2,171,1,1,100.0,0,I,RURAL_VICTORIA,HIGHWAY,4,9.0
3383,1,1,99,5,3,50.0,0,N,MELB_URBAN,AVENUE,4,21.0
3384,1,2,113,2,1,50.0,0,I,MELB_URBAN,ROAD,4,10.0
3385,1,1,99,1,1,50.0,0,I,MELB_URBAN,ROAD,4,11.0
3386,1,2,147,5,1,90.0,0,N,SMALL_CITIES,HIGHWAY,4,12.0
3387,1,2,130,1,1,60.0,0,I,MELB_URBAN,ROAD,4,12.0
3388,1,2,130,5,1,100.0,0,N,RURAL_VICTORIA,ROAD,4,10.0
3389,1,3,130,5,1,60.0,0,N,MELB_URBAN,OTHER,2,16.0
3390,1,7,133,5,1,60.0,0,N,MELB_URBAN,ROAD,3,9.0
3391,6,2,99,2,1,100.0,0,I,RURAL_VICTORIA,ROAD,4,8.0
3392,2,2,100,2,1,60.0,0,I,MELB_URBAN,STREET,4,12.0
3393,2,2,102,1,1,60.0,0,I,MELB_URBAN,ROAD,4,13.0
3394,8,2,174,5,1,60.0,0,N,MELB_URBAN,ROAD,2,17.0
3395,1,2,121,1,1,60.0,0,I,MELB_URBAN,ROAD,4,14.0
3396,1,2,113,2,1,60.0,0,I,LARGE_PROVINCIAL_CITIES,STREET,4,14.0
3397,1,2,113,2,1,80.0,0,I,MELB_URBAN,STREET,4,12.0
3398,1,2,99,5,1,50.0,0,N,MELB_URBAN,STREET,4,16.0
3399,1,6,163,5,1,50.0,0,N,MELBOURNE_CBD,STREET,3,17.0
3400,1,1,121,2,3,70.0,0,I,MELB_URBAN,ROAD,4,19.0
3401,1,2,113,2,1,80.0,0,I,MELB_URBAN,ROAD,4,17.0
3402,1,2,99,2,1,60.0,0,I,SMALL_CITIES,ROAD,4,16.0
3403,1,2,99,1,1,60.0,0,I,TOWNS,STREET,4,17.0
3404,1,2,163,5,1,60.0,0,N,MELB_URBAN,ROAD,4,17.0
3405,1,2,130,5,1,60.0,0,N,MELB_URBAN,ROAD,4,17.0
3406,1,5,110,1,1,60.0,0,I,MELB_URBAN,ROAD,2,15.0
3407,1,3,130,2,1,80.0,0,I,MELB_URBAN,HIGHWAY,3,16.0
3408,1,5,130,5,1,80.0,0,N,MELB_URBAN,OTHER,3,16.0
3409,4,2,173,5,1,80.0,0,N,MELB_URBAN,UNKNOWN,4,15.0
3410,1,4,99,5,2,60.0,0,N,MELB_URBAN,STREET,3,6.0
3411,1,2,120,5,1,50.0,0,N,MELB_URBAN,STREET,4,17.0
3412,1,7,121,2,1,50.0,0,I,MELB_URBAN,HIGHWAY,3,17.0
3413,2,2,100,1,2,70.0,0,I,MELB_URBAN,ROAD,4,5.0
3414,4,2,173,5,3,80.0,0,N,MELB_URBAN,ROAD,4,22.0