,accident_type,day_of_week,dca_code,road_geometry,light_condition,speed_zone,severity,node_type,deg_urban_name,road_type,month,hour
3415,4,2,99,2,3,50.0,0,I,MELB_URBAN,ROAD,4,23.0
3416,1,3,130,5,5,50.0,0,N,TOWNS,STREET,4,1.0
3417,1,3,110,1,1,100.0,0,I,RURAL_VICTORIA,ROAD,4,7.0
3418,1,2,120,5,2,100.0,0,N,RURAL_VICTORIA,ROAD,4,18.0
3419,2,3,100,1,1,60.0,0,I,MELB_URBAN,ROAD,4,7.0
3420,1,6,135,2,1,60.0,0,N,MELB_URBAN,STREET,3,18.0
3421,4,2,171,5,3,60.0,0,N,RURAL_VICTORIA,STREET,4,22.0
3422,1,2,134,4,1,100.0,0,I,TOWNS,FREEWAY,4,10.0
3423,1,3,121,2,1,50.0,0,I,MELB_URBAN,OTHER,4,7.0
3424,1,2,133,5,1,70.0,0,N,MELB_URBAN,HIGHWAY,4,11.0
3425,1,3,110,1,1,50.0,0,I,MELB_URBAN,ROAD,4,8.0
3426,1,2,121,2,1,60.0,0,I,MELB_URBAN,ROAD,4,13.0
3427,1,5,99,5,3,60.0,0,N,MELB_URBAN,PARADE,3,21.0
3428,1,2,121,2,9,60.0,0,I,MELB_URBAN,HIGHWAY,1,10.0
3429,1,3,132,1,1,80.0,0,I,TOWNS,ROAD,4,10.0
3430,1,3,147,1,1,80.0,0,I,RURAL_VICTORIA,ROAD,4,7.0
3431,1,3,130,5,1,40.0,0,N,MELB_URBAN,UNKNOWN,4,10.0
3432,1,7,130,5,5,60.0,0,N,SMALL_CITIES,STREET,3,21.0
3433,1,5,130,5,1,100.0,0,N,RURAL_VICTORIA,ROAD,3,14.0
3434,1,2,130,2,1,60.0,0,I,MELB_URBAN,ROAD,1,10.0
3435,1,3,130,1,1,60.0,0,I,MELB_URBAN,AVENUE,2,13.0
3436,1,3,130,1,1,60.0,0,I,MELB_URBAN,ROAD,4,12.0
3437,1,3,121,2,1,60.0,0,I,MELB_URBAN,OTHER,4,12.0
3438,1,5,99,5,9,60.0,0,N,MELB_URBAN,STREET,3,0.0
3439,6,2,99,5,3,60.0,0,N,TOWNS,ROAD,4,19.0
3440,8,3,184,5,1,100.0,0,N,RURAL_VICTORIA,ROAD,4,14.0
3441,6,3,170,2,1,100.0,0,I,RURAL_VICTORIA,ROAD,4,12.0
3442,2,2,102,1,9,60.0,0,I,MELB_URBAN,ROAD,4,19.0
3443,1,1,160,1,3,60.0,0,N,MELB_URBAN,STREET,4,2.0
3444,8,6,174,2,1,60.0,0,I,MELB_URBAN,HIGHWAY,1,17.0
3445,2,6,100,1,1,50.0,0,I,MELBOURNE_CBD,STREET,3,12.0
3446,1,3,110,1,1,50.0,0,I,RURAL_VICTORIA,ROAD,4,16.0
3447,1,3,121,2,2,50.0,0,I,MELB_URBAN,STREET,4,17.0
3448,4,3,171,5,1,80.0,0,N,RURAL_VICTORIA,ROAD,4,17.0
3449,2,3,100,2,1,70.0,0,N,MELB_URBAN,ROAD,4,15.0
3450,1,3,120,5,1,50.0,0,N,MELB_URBAN,STREET,4,17.0
3451,1,3,120,5,1,100.0,0,N,RURAL_VICTORIA,HIGHWAY,4,17.0
3452,1,3,110,1,3,60.0,0,I,MELB_URBAN,ROAD,4,18.0
3453,1,3,99,2,1,70.0,0,I,MELB_URBAN,STREET,4,17.0
3454,1,3,116,2,1,50.0,0,I,MELB_URBAN,ROAD,4,15.0
3455,1,3,99,2,3,80.0,0,I,MELB_URBAN,HIGHWAY,4,20.0
3456,2,3,100,2,1,60.0,0,I,MELB_URBAN,ROAD,4,17.0
3457,4,3,171,5,3,100.0,0,N,RURAL_VICTORIA,ROAD,4,22.0
3458,2,3,102,1,3,80.0,0,I,LARGE_PROVINCIAL_CITIES,HIGHWAY,4,22.0
3459,1,4,121,1,3,80.0,0,I,MELB_URBAN,ROAD,4,0.0
3460,4,4,99,2,5,100.0,0,I,TOWNS,ROAD,4,0.0
3461,4,3,173,5,3,60.0,0,N,MELB_URBAN,STREET,4,2.0
3462,1,4,99,2,1,70.0,0,I,MELB_URBAN,ROAD,4,7.0
3463,1,2,99,5,3,50.0,0,N,MELB_URBAN,ROAD,4,20.0
3464,4,1,173,5,1,100.0,0,N,RURAL_VICTORIA,OTHER,4,10.0
3465,1,5,111,1,1,60.0,0,I,SMALL_CITIES,AVENUE,3,15.0
3466,1,4,99,2,1,40.0,0,I,MELB_URBAN,OTHER,4,9.0
3467,1,4,110,1,9,50.0,0,I,MELB_URBAN,STREET,4,7.0
3468,4,7,171,5,9,60.0,0,N,RURAL_VICTORIA,ROAD,3,14.0
3469,1,3,99,2,3,60.0,0,I,SMALL_CITIES,AVENUE,4,20.0
3470,1,4,113,2,1,60.0,0,N,TOWNS,HIGHWAY,4,9.0
3471,2,4,102,2,1,50.0,0,N,MELB_URBAN,ROAD,4,13.0
3472,1,4,120,5,1,80.0,0,N,MELB_URBAN,ROAD,4,13.0
3473,1,4,113,2,1,60.0,0,I,MELB_URBAN,ROAD,4,9.0
3474,4,4,173,5,1,100.0,0,N,RURAL_VICTORIA,ROAD,4,13.0
3475,1,6,130,2,1,60.0,0,I,MELB_URBAN,ROAD,3,10.0
3476,1,3,130,1,1,60.0,0,I,MELB_URBAN,ROAD,4,10.0
3477,1,4,116,2,1,50.0,0,I,SMALL_CITIES,DRIVE,4,14.0
3478,1,2,130,1,1,80.0,0,I,MELB_URBAN,ROAD,4,17.0
3479,1,4,160,5,1,60.0,0,N,MELB_URBAN,ROAD,4,14.0
3480,4,4,173,5,1,70.0,0,N,MELB_URBAN,OTHER,4,14.0
3481,4,4,173,5,1,100.0,0,N,RURAL_VICTORIA,OTHER,4,14.0
3482,2,4,102,1,1,60.0,0,I,MELB_URBAN,ROAD,4,15.0
3483,1,4,130,1,1,80.0,0,I,MELB_URBAN,ROAD,4,15.0
3484,1,4,99,2,1,60.0,0,I,SMALL_CITIES,AVENUE,4,14.0
3485,4,4,181,5,1,100.0,0,N,RURAL_VICTORIA,ROAD,4,16.0
3486,1,4,121,1,2,60.0,0,I,MELB_URBAN,ROAD,4,18.0
3487,1,4,121,2,2,70.0,0,I,MELB_URBAN,STREET,4,17.0
3488,4,4,181,5,1,100.0,0,N,RURAL_VICTORIA,ROAD,4,16.0
3489,2,4,99,5,5,50.0,0,N,SMALL_CITIES,STREET,4,18.0
3490,1,4,99,1,3,60.0,0,I,MELB_URBAN,ROAD,4,19.0
3491,1,4,120,5,1,80.0,1,N,RURAL_VICTORIA,ROAD,4,16.0
3492,1,4,130,5,1,70.0,0,N,MELB_URBAN,ROAD,4,17.0
3493,6,4,99,5,5,60.0,0,N,MELB_URBAN,STREET,4,21.0
3494,6,4,99,2,3,60.0,0,I,LARGE_PROVINCIAL_CITIES,ROAD,4,23.0
3495,4,4,183,5,2,100.0,0,N,RURAL_VICTORIA,ROAD,4,6.0
3496,1,4,160,1,3,60.0,0,I,MELB_URBAN,STREET,4,21.0
3497,6,5,99,5,5,100.0,0,N,MELB_URBAN,ROAD,4,0.0
3498,4,5,173,5,3,60.0,0,N,MELB_URBAN,ROAD,4,0.0
3499,1,2,160,5,1,50.0,0,N,MELB_URBAN,AVENUE,4,11.0
3500,6,4,99,2,5,100.0,0,I,RURAL_VICTORIA,HIGHWAY,4,22.0
3501,2,5,102,2,1,60.0,0,I,MELB_URBAN,STREET,4,7.0
3502,1,5,110,1,1,50.0,0,I,MELB_URBAN,ROAD,4,7.0
3503,3,5,167,5,3,80.0,0,N,MELB_URBAN,ROAD,4,5.0
3504,2,5,102,1,1,50.0,0,I,MELB_URBAN,ROAD,4,9.0
3505,4,5,171,5,1,50.0,0,N,MELB_URBAN,STREET,4,8.0
3506,8,5,174,2,1,30.0,0,I,MELBOURNE_CBD,STREET,4,8.0
3507,1,5,130,5,1,100.0,0,N,MELB_URBAN,ROAD,4,10.0
3508,2,5,102,2,1,60.0,0,I,MELB_URBAN,ROAD,4,9.0
3509,1,3,121,2,1,80.0,0,I,MELB_URBAN,ROAD,4,18.0
3510,1,5,99,2,1,50.0,0,I,MELB_URBAN,STREET,4,10.0
3511,2,5,100,2,1,50.0,0,I,MELB_URBAN,ROAD,4,11.0
3512,2,5,99,5,1,50.0,1,N,MELB_URBAN,STREET,4,11.0
3513,2,5,102,2,1,60.0,0,I,MELB_URBAN,ROAD,4,12.0
3514,6,5,174,2,1,60.0,0,I,MELB_URBAN,STREET,4,12.0
3515,1,5,99,2,1,40.0,0,I,MELB_URBAN,ROAD,4,12.0
3516,8,5,184,5,3,50.0,0,N,MELB_URBAN,ROAD,3,21.0
3517,6,4,174,5,1,60.0,0,N,MELB_URBAN,STREET,4,14.0
3518,1,5,113,2,1,80.0,0,I,MELB_URBAN,ROAD,4,14.0
3519,1,5,132,2,1,100.0,0,I,RURAL_VICTORIA,HIGHWAY,4,11.0
3520,1,1,130,2,1,60.0,0,I,MELB_URBAN,ROAD,4,17.0
3521,8,1,174,5,1,100.0,0,N,RURAL_VICTORIA,ROAD,4,15.0
3522,1,5,99,5,1,50.0,0,N,MELB_URBAN,ROAD,4,9.0
3523,1,5,132,2,1,60.0,0,I,MELB_URBAN,ROAD,3,13.0
3524,4,7,171,5,2,60.0,0,N,MELB_URBAN,DRIVE,3,19.0
3525,4,5,171,5,1,60.0,0,N,RURAL_VICTORIA,ROAD,4,13.0
3526,6,5,99,5,1,100.0,0,N,RURAL_VICTORIA,ROAD,4,9.0
3527,1,5,113,2,1,60.0,0,I,MELB_URBAN,PARADE,4,14.0
3528,1,1,130,1,6,60.0,0,I,MELB_URBAN,ROAD,1,3.0
3529,1,6,110,1,1,60.0,0,I,MELB_URBAN,STREET,3,12.0
3530,8,1,174,5,1,60.0,0,N,RURAL_VICTORIA,ROAD,4,6.0
3531,1,5,130,5,1,60.0,0,N,MELB_URBAN,STREET,4,13.0
3532,1,4,130,5,1,100.0,0,N,MELB_URBAN,FREEWAY,4,7.0
3533,1,5,130,2,1,60.0,0,I,MELB_URBAN,ROAD,4,15.0
3534,8,5,174,5,1,30.0,0,N,MELBOURNE_CBD,STREET,4,16.0
3535,1,5,99,5,1,40.0,0,N,LARGE_PROVINCIAL_CITIES,STREET,4,16.0
3536,1,5,111,1,1,50.0,0,I,MELB_URBAN,STREET,4,13.0
3537,1,5,121,2,1,60.0,0,I,LARGE_PROVINCIAL_CITIES,ROAD,3,9.0
3538,1,5,130,1,1,60.0,0,I,MELB_URBAN,ROAD,4,15.0
3539,1,5,110,1,1,50.0,0,I,LARGE_PROVINCIAL_CITIES,STREET,4,16.0
3540,1,3,121,2,1,60.0,0,I,MELB_URBAN,ROAD,4,7.0
3541,1,5,99,2,1,50.0,0,I,MELB_URBAN,DRIVE,4,18.0
3542,1,3,130,1,1,60.0,0,I,MELB_URBAN,ROAD,4,16.0
3543,2,5,99,5,3,50.0,0,N,MELB_URBAN,OTHER,4,18.0
3544,2,1,99,2,1,50.0,0,I,SMALL_CITIES,STREET,4,18.0
3545,1,5,120,5,1,90.0,0,N,RURAL_VICTORIA,HIGHWAY,4,15.0
3546,2,5,100,2,3,70.0,0,I,MELB_URBAN,ROAD,4,18.0
3547,1,5,120,5,5,100.0,0,N,RURAL_VICTORIA,HIGHWAY,4,18.0
3548,1,5,113,4,3,60.0,0,I,MELB_URBAN,ROAD,4,20.0
3549,1,5,120,5,5,60.0,0,N,RURAL_VICTORIA,ROAD,4,19.0
3550,1,5,113,1,2,70.0,0,I,MELB_URBAN,ROAD,4,6.0
3551,1,5,140,2,1,60.0,0,I,MELB_URBAN,ROAD,4,13.0
3552,1,5,132,5,1,60.0,0,N,RURAL_VICTORIA,ROAD,4,11.0
3553,1,6,121,2,1,60.0,0,I,MELB_URBAN,STREET,3,17.0
3554,1,1,99,1,1,80.0,0,I,MELB_URBAN,HIGHWAY,2,8.0
3555,2,5,100,5,1,40.0,0,N,MELB_URBAN,ROAD,4,14.0
3556,8,6,170,5,1,80.0,0,N,RURAL_VICTORIA,STREET,4,8.0
3557,1,6,121,2,1,60.0,0,I,MELB_URBAN,ROAD,4,7.0
3558,1,7,130,2,1,60.0,0,I,MELB_URBAN,ROAD,3,15.0
3559,1,4,110,1,1,60.0,0,I,RURAL_VICTORIA,ROAD,4,16.0
3560,4,6,171,5,1,100.0,0,N,RURAL_VICTORIA,ROAD,4,10.0
3561,1,5,121,2,3,70.0,0,I,MELB_URBAN,ROAD,4,18.0
3562,1,6,134,1,1,60.0,0,N,MELBOURNE_CBD,STREET,4,12.0
3563,1,6,130,5,1,70.0,0,N,MELB_URBAN,ROAD,4,11.0
3564,4,6,99,1,1,60.0,0,I,RURAL_VICTORIA,ROAD,4,11.0
3565,1,6,133,5,1,80.0,0,N,RURAL_VICTORIA,RAMP,4,9.0
3566,1,6,132,5,1,50.0,0,N,MELB_URBAN,DRIVE,4,11.0
3567,1,6,130,4,1,70.0,0,N,MELB_URBAN,ROAD,4,12.0
3568,1,6,171,2,1,60.0,0,I,SMALL_CITIES,ROAD,4,15.0
3569,1,6,130,5,1,100.0,0,N,MELB_URBAN,FREEWAY,4,11.0
3570,2,6,99,2,1,60.0,0,I,MELB_URBAN,STREET,4,14.0
3571,1,6,132,1,1,60.0,0,I,MELB_URBAN,ROAD,4,12.0
3572,1,5,99,2,2,50.0,0,I,MELB_URBAN,STREET,4,18.0
3573,1,3,121,1,3,60.0,0,I,MELB_URBAN,ROAD,4,18.0
3574,1,6,132,2,1,60.0,0,I,MELB_URBAN,STREET,4,15.0
3575,1,6,113,1,1,50.0,0,I,LARGE_PROVINCIAL_CITIES,STREET,4,16.0
3576,1,6,110,4,2,60.0,0,I,LARGE_PROVINCIAL_CITIES,ROAD,4,17.0
3577,4,7,171,5,1,100.0,0,N,RURAL_VICTORIA,ROAD,3,8.0
3578,1,6,116,2,1,100.0,1,I,RURAL_VICTORIA,HIGHWAY,4,14.0
3579,4,6,171,5,5,100.0,0,N,RURAL_VICTORIA,HIGHWAY,4,3.0
3580,1,6,130,2,1,60.0,0,I,MELB_URBAN,ROAD,4,15.0
3581,1,6,134,5,5,110.0,0,N,RURAL_VICTORIA,FREEWAY,4,18.0
3582,4,6,173,5,5,100.0,0,N,RURAL_VICTORIA,ROAD,4,18.0
3583,4,6,171,2,3,70.0,0,I,MELB_URBAN,ROAD,4,23.0
3584,2,7,99,5,3,80.0,0,N,MELB_URBAN,HIGHWAY,4,1.0
3585,1,3,121,4,1,60.0,0,I,MELB_URBAN,RAMP,1,7.0
3586,4,7,171,5,5,110.0,0,N,RURAL_VICTORIA,FREEWAY,4,3.0
3587,4,7,173,5,5,80.0,0,N,MELB_URBAN,FREEWAY,4,2.0
3588,4,7,171,5,3,80.0,1,N,MELB_URBAN,ROAD,4,3.0
3589,4,7,173,3,3,60.0,0,I,MELB_URBAN,ROAD,4,3.0
3590,4,7,171,2,1,80.0,0,I,MELB_URBAN,HIGHWAY,4,8.0
3591,1,5,121,2,1,70.0,0,I,MELB_URBAN,ROAD,4,14.0
3592,8,1,99,5,1,60.0,0,N,RURAL_VICTORIA,ROAD,3,11.0
3593,4,7,173,1,1,80.0,0,I,RURAL_VICTORIA,ROAD,4,11.0
3594,1,7,130,5,1,100.0,0,N,MELB_URBAN,FREEWAY,4,7.0
3595,6,7,174,5,5,100.0,0,N,RURAL_VICTORIA,ROAD,4,3.0
3596,4,7,171,5,1,100.0,0,N,RURAL_VICTORIA,ROAD,4,10.0
3597,1,7,130,2,1,60.0,0,I,MELB_URBAN,ROAD,4,11.0
3598,1,7,147,1,1,60.0,0,N,LARGE_PROVINCIAL_CITIES,ROAD,4,12.0
3599,4,7,181,5,1,100.0,0,N,RURAL_VICTORIA,ROAD,4,9.0
3600,4,6,183,5,5,60.0,0,N,RURAL_VICTORIA,ROAD,4,21.0
3601,4,6,173,5,5,60.0,0,N,TOWNS,ROAD,4,21.0
3602,6,6,99,5,1,80.0,0,N,RURAL_VICTORIA,ROAD,4,11.0
3603,1,6,120,5,2,60.0,0,N,RURAL_VICTORIA,ROAD,4,17.0
3604,8,6,174,5,1,100.0,0,N,SMALL_TOWNS,DRIVE,4,14.0
3605,1,7,99,1,1,100.0,0,I,RURAL_VICTORIA,ROAD,4,10.0
3606,1,7,160,5,1,50.0,0,N,MELB_URBAN,DRIVE,4,12.0
3607,1,7,120,5,1,100.0,0,N,RURAL_VICTORIA,ROAD,4,14.0
3608,1,7,121,2,1,100.0,0,I,RURAL_VICTORIA,HIGHWAY,4,14.0
3609,2,5,99,1,1,80.0,0,I,MELB_URBAN,ROAD,4,12.0
3610,1,7,121,5,1,50.0,0,N,MELB_URBAN,AVENUE,4,15.0
3611,1,7,110,1,1,50.0,0,I,TOWNS,AVENUE,4,16.0
3612,1,7,120,5,1,80.0,0,N,RURAL_VICTORIA,HIGHWAY,4,10.0
3613,1,7,113,2,1,80.0,0,I,MELB_URBAN,HIGHWAY,4,10.0
3614,1,7,99,1,1,60.0,0,N,MELB_URBAN,ROAD,4,15.0
3615,5,6,99,5,5,100.0,0,N,RURAL_VICTORIA,HIGHWAY,4,20.0
3616,1,7,113,2,1,50.0,0,I,MELB_URBAN,ROAD,4,16.0
3617,1,7,130,5,2,50.0,0,N,LARGE_PROVINCIAL_CITIES,STREET,4,17.0
3618,2,7,102,5,3,60.0,0,N,MELB_URBAN,ROAD,4,19.0
3619,1,7,121,1,3,60.0,0,I,MELB_URBAN,ROAD,4,21.0
3620,6,7,99,5,5,60.0,0,N,RURAL_VICTORIA,ROAD,4,21.0
3621,1,7,121,2,3,80.0,0,N,MELB_URBAN,DRIVE,4,21.0
3622,1,1,121,5,3,80.0,0,N,RURAL_VICTORIA,RAMP,4,0.0
3623,1,1,99,5,5,80.0,0,N,MELB_URBAN,ROAD,4,4.0
3624,4,1,173,5,1,60.0,0,N,MELB_URBAN,ROAD,4,10.0
3625,1,1,99,1,1,50.0,0,I,SMALL_CITIES,STREET,4,9.0
3626,1,1,99,5,1,100.0,0,N,RURAL_VICTORIA,ROAD,4,9.0
3627,4,1,171,5,5,100.0,0,N,RURAL_VICTORIA,ROAD,4,3.0
3628,4,1,171,1,1,80.0,0,I,MELB_URBAN,ROAD,4,8.0
3629,4,1,173,5,2,80.0,0,N,MELB_URBAN,ROAD,4,6.0
3630,2,1,99,5,1,40.0,0,I,MELB_URBAN,STREET,4,12.0
3631,1,1,121,2,1,60.0,0,I,MELB_URBAN,ROAD,4,13.0
3632,6,6,99,5,1,100.0,0,N,RURAL_VICTORIA,ROAD,4,15.0
3633,4,1,181,5,1,100.0,0,N,RURAL_VICTORIA,OTHER,4,14.0
3634,4,1,181,5,1,100.0,0,N,RURAL_VICTORIA,ROAD,4,14.0
3635,2,1,100,5,1,50.0,0,N,MELB_URBAN,STREET,4,13.0
3636,8,1,174,5,1,100.0,0,N,RURAL_VICTORIA,OTHER,4,10.0
3637,1,0,130,2,1,60.0,0,I,SMALL_CITIES,DRIVE,4,16.0
3638,4,1,181,5,1,60.0,0,N,MELB_URBAN,ROAD,4,8.0
3639,8,1,170,5,1,100.0,0,N,RURAL_VICTORIA,ROAD,4,17.0
3640,4,1,171,5,1,60.0,0,N,SMALL_CITIES,STREET,4,16.0
3641,1,1,135,2,5,100.0,0,I,RURAL_VICTORIA,HIGHWAY,4,18.0
3642,4,1,173,2,1,60.0,0,I,MELB_URBAN,STREET,4,15.0
3643,6,1,174,2,3,70.0,0,I,MELB_URBAN,ROAD,4,20.0
3644,1,1,140,5,3,40.0,0,N,MELB_URBAN,STREET,4,19.0
3645,1,1,160,1,3,50.0,0,I,LARGE_PROVINCIAL_CITIES,STREET,4,22.0
3646,1,1,171,5,3,40.0,0,N,MELB_URBAN,STREET,4,21.0
3647,4,1,171,5,3,80.0,1,N,RURAL_VICTORIA,ROAD,4,22.0
3648,1,2,160,5,3,50.0,0,N,MELB_URBAN,STREET,4,4.0
3649,2,2,100,2,3,60.0,0,I,MELB_URBAN,STREET,4,1.0
3650,4,2,173,5,5,80.0,0,N,MELB_URBAN,ROAD,4,3.0
3651,4,2,171,2,3,50.0,0,I,MELB_URBAN,STREET,4,3.0
3652,4,2,171,5,5,100.0,0,N,RURAL_VICTORIA,ROAD,4,3.0
3653,1,2,113,2,1,60.0,0,I,RURAL_VICTORIA,ROAD,4,10.0
3654,4,2,171,5,1,100.0,0,N,MELB_URBAN,FREEWAY,4,8.0
3655,1,1,99,1,1,70.0,0,I,MELB_URBAN,STREET,4,13.0
3656,1,7,130,5,1,100.0,0,N,RURAL_VICTORIA,AVENUE,4,12.0
3657,2,2,102,5,1,60.0,0,N,RURAL_VICTORIA,ROAD,4,10.0
3658,1,2,130,5,1,80.0,0,N,MELB_URBAN,HIGHWAY,4,11.0
3659,1,1,99,2,1,80.0,0,I,MELB_URBAN,ROAD,2,14.0
3660,1,2,121,2,1,60.0,0,I,MELB_URBAN,ROAD,4,12.0
3661,4,2,99,5,1,50.0,0,N,MELB_URBAN,AVENUE,4,13.0
3662,6,2,99,5,1,100.0,0,N,RURAL_VICTORIA,ROAD,4,9.0
3663,1,2,110,1,1,60.0,0,I,MELB_URBAN,ROAD,4,13.0
3664,4,2,183,5,1,100.0,0,N,RURAL_VICTORIA,HIGHWAY,4,12.0
3665,1,2,130,5,1,80.0,0,N,MELB_URBAN,FREEWAY,4,13.0
3666,6,2,99,2,1,90.0,0,I,RURAL_VICTORIA,HIGHWAY,4,11.0
3667,4,2,171,5,1,60.0,0,N,MELB_URBAN,ROAD,4,14.0
3668,1,2,130,2,1,50.0,0,I,MELB_URBAN,ROAD,4,15.0
3669,1,2,110,1,1,50.0,0,I,SMALL_CITIES,STREET,4,16.0
3670,1,2,130,2,1,60.0,0,I,MELB_URBAN,ROAD,4,14.0
3671,4,2,181,5,2,100.0,0,N,RURAL_VICTORIA,HIGHWAY,4,16.0
3672,4,2,173,2,1,50.0,0,I,MELB_URBAN,STREET,4,15.0
3673,1,2,110,1,3,60.0,0,I,MELB_URBAN,STREET,4,20.0
3674,1,2,147,1,3,70.0,0,I,MELB_URBAN,ROAD,4,20.0
3675,4,2,181,2,5,80.0,0,I,RURAL_VICTORIA,HIGHWAY,4,21.0
3676,4,2,171,5,2,80.0,0,N,RURAL_VICTORIA,ROAD,4,6.0
3677,4,1,171,2,5,60.0,0,I,SMALL_TOWNS,ROAD,4,22.0
3678,4,1,173,1,3,50.0,0,I,LARGE_PROVINCIAL_CITIES,ROAD,4,22.0
3679,1,3,99,4,1,60.0,0,I,MELB_URBAN,ROAD,3,8.0
3680,4,2,173,5,5,110.0,0,N,RURAL_VICTORIA,FREEWAY,4,22.0
3681,4,3,181,2,3,60.0,0,I,MELB_URBAN,ROAD,4,2.0
3682,1,2,120,5,1,70.0,0,N,RURAL_VICTORIA,ROAD,4,12.0
3683,4,6,171,5,1,60.0,0,N,RURAL_VICTORIA,ROAD,3,11.0
3684,1,2,121,1,2,50.0,0,I,MELB_URBAN,STREET,4,17.0
3685,4,3,173,5,5,80.0,0,N,RURAL_VICTORIA,ROAD,4,5.0
3686,7,3,174,1,1,50.0,0,I,MELB_URBAN,AVENUE,4,8.0
3687,4,1,99,5,1,50.0,0,N,MELB_URBAN,OTHER,4,16.0
3688,8,5,174,5,1,60.0,0,N,MELB_URBAN,FREEWAY,2,9.0
3689,1,3,113,2,1,70.0,0,I,MELB_URBAN,HIGHWAY,4,9.0
3690,8,1,174,5,1,60.0,0,N,RURAL_VICTORIA,ROAD,3,14.0
3691,6,3,99,5,1,100.0,0,N,RURAL_VICTORIA,ROAD,4,11.0
3692,4,2,181,5,1,60.0,0,N,MELB_URBAN,ROAD,4,11.0
3693,1,1,113,2,1,60.0,0,I,MELB_URBAN,ROAD,4,17.0
3694,2,7,99,5,9,60.0,0,N,MELB_URBAN,STREET,4,7.0
3695,1,3,113,2,1,60.0,0,I,MELB_URBAN,ROAD,4,13.0
3696,4,3,171,5,1,100.0,0,N,RURAL_VICTORIA,ROAD,4,12.0
3697,6,3,170,5,1,80.0,0,N,LARGE_PROVINCIAL_CITIES,OTHER,4,13.0
3698,1,3,121,2,1,70.0,0,I,MELB_URBAN,ROAD,4,10.0
3699,1,3,140,5,1,60.0,0,N,MELB_URBAN,ROAD,4,15.0
3700,4,6,181,5,1,60.0,0,N,RURAL_VICTORIA,ROAD,3,16.0
3701,1,3,130,1,1,60.0,0,I,MELB_URBAN,ROAD,4,19.0
3702,1,3,135,5,1,50.0,0,N,MELB_URBAN,ROAD,4,17.0
3703,4,2,171,5,1,100.0,0,N,RURAL_VICTORIA,ROAD,4,15.0
3704,1,3,110,1,1,40.0,0,I,MELB_URBAN,STREET,4,17.0
3705,1,4,130,5,2,80.0,0,N,LARGE_PROVINCIAL_CITIES,ROAD,4,17.0
3706,3,1,167,5,2,80.0,0,N,RURAL_VICTORIA,ROAD,4,18.0
3707,1,3,99,5,1,50.0,0,N,MELB_URBAN,OTHER,4,21.0
3708,1,2,133,2,2,50.0,0,I,MELB_URBAN,ROAD,3,17.0
3709,4,3,181,2,3,50.0,0,I,MELB_URBAN,OTHER,4,20.0
3710,8,3,99,5,3,100.0,0,N,MELB_URBAN,ROAD,4,22.0
3711,1,3,121,1,3,60.0,0,I,MELB_URBAN,ROAD,4,22.0
3712,5,1,99,5,1,100.0,0,N,RURAL_VICTORIA,ROAD,4,9.0
3713,1,4,132,2,1,60.0,0,I,MELB_URBAN,ROAD,4,7.0
3714,2,2,99,5,3,50.0,0,N,MELB_URBAN,DRIVE,4,23.0
3715,1,6,130,2,1,60.0,0,I,MELB_URBAN,ROAD,2,16.0
3716,1,4,113,2,1,100.0,0,I,RURAL_VICTORIA,HIGHWAY,4,8.0
3717,1,4,99,2,1,60.0,0,I,MELB_URBAN,STREET,4,10.0
3718,1,4,121,2,1,60.0,0,I,MELB_URBAN,OTHER,4,10.0
3719,1,2,133,5,2,60.0,0,N,MELB_URBAN,ROAD,4,17.0
3720,8,4,174,1,1,60.0,0,I,MELB_URBAN,STREET,4,12.0
3721,1,2,130,5,1,60.0,0,N,MELB_URBAN,HIGHWAY,4,12.0
3722,1,4,130,1,1,60.0,0,I,MELB_URBAN,HIGHWAY,3,11.0
3723,4,4,99,2,1,100.0,0,I,RURAL_VICTORIA,ROAD,4,15.0
3724,1,4,130,5,1,100.0,0,N,MELB_URBAN,FREEWAY,4,16.0
3725,1,4,110,1,1,70.0,0,I,MELB_URBAN,ROAD,4,13.0
3726,1,4,147,5,1,80.0,0,N,SMALL_TOWNS,ROAD,4,16.0
3727,1,4,130,5,2,80.0,0,N,LARGE_PROVINCIAL_CITIES,ROAD,4,17.0
3728,4,4,171,5,1,100.0,0,N,RURAL_VICTORIA,ROAD,4,17.0
3729,1,4,130,5,2,60.0,0,N,MELB_URBAN,ROAD,4,18.0
3730,1,4,132,2,1,60.0,0,I,MELB_URBAN,STREET,4,16.0
3731,1,4,147,3,3,50.0,0,I,MELB_URBAN,OTHER,4,19.0
3732,1,4,121,2,3,60.0,0,I,MELB_URBAN,ROAD,4,19.0
3733,1,4,121,1,3,50.0,0,I,MELB_URBAN,ROAD,4,18.0
3734,4,3,173,5,5,110.0,0,N,SMALL_TOWNS,FREEWAY,4,5.0
3735,4,5,183,5,3,50.0,0,N,MELB_URBAN,OTHER,4,1.0
3736,4,5,183,5,5,60.0,0,N,MELB_URBAN,ROAD,4,0.0
3737,1,5,99,1,1,50.0,0,I,MELB_URBAN,STREET,4,8.0
3738,1,4,147,5,1,80.0,0,N,RURAL_VICTORIA,ROAD,4,10.0
3739,1,5,121,1,1,50.0,0,I,MELBOURNE_CBD,STREET,4,8.0
3740,1,5,110,1,1,80.0,0,I,MELB_URBAN,ROAD,4,10.0
3741,1,5,121,4,1,70.0,0,N,MELB_URBAN,ROAD,4,10.0
3742,1,5,121,2,1,60.0,0,I,MELB_URBAN,PARADE,4,10.0
3743,1,5,110,1,1,80.0,0,I,RURAL_VICTORIA,ROAD,4,8.0
3744,2,5,99,5,1,50.0,0,N,MELB_URBAN,OTHER,4,11.0
3745,1,5,99,2,1,40.0,0,I,MELB_URBAN,ROAD,4,8.0
3746,1,7,163,5,6,50.0,0,N,MELBOURNE_CBD,STREET,3,18.0
3747,4,5,171,5,1,100.0,0,N,MELB_URBAN,FREEWAY,4,11.0
3748,1,6,130,5,2,100.0,0,N,MELB_URBAN,FREEWAY,3,6.0
3749,1,5,130,1,1,60.0,0,I,MELB_URBAN,ROAD,3,16.0
3750,2,5,100,5,1,60.0,0,N,MELB_URBAN,STREET,4,13.0
3751,4,5,171,5,1,60.0,0,N,MELB_URBAN,ROAD,4,11.0
3752,1,5,121,1,1,50.0,0,I,LARGE_PROVINCIAL_CITIES,STREET,4,13.0
3753,4,6,173,5,1,100.0,0,N,RURAL_VICTORIA,ROAD,4,11.0
3754,4,5,171,1,1,70.0,0,I,SMALL_TOWNS,HIGHWAY,4,16.0