,accident_type,day_of_week,dca_code,road_geometry,light_condition,speed_zone,severity,node_type,deg_urban_name,road_type,month,hour
3755,4,5,181,5,1,80.0,0,N,RURAL_VICTORIA,OTHER,4,15.0
3756,1,6,99,5,2,50.0,0,N,MELB_URBAN,AVENUE,3,19.0
3757,4,5,173,5,1,80.0,0,N,RURAL_VICTORIA,ROAD,4,17.0
3758,1,5,133,2,1,60.0,0,I,MELBOURNE_CBD,STREET,4,12.0
3759,1,5,121,2,1,60.0,0,I,MELB_URBAN,ROAD,4,14.0
3760,1,5,121,1,2,70.0,0,I,LARGE_PROVINCIAL_CITIES,HIGHWAY,4,18.0
3761,1,4,110,1,2,100.0,0,I,TOWNS,ROAD,4,17.0
3762,1,5,135,1,2,50.0,0,I,MELB_URBAN,STREET,4,17.0
3763,2,2,99,5,3,80.0,0,N,RURAL_VICTORIA,ROAD,4,2.0
3764,1,5,121,1,1,60.0,0,I,MELB_URBAN,ROAD,4,14.0
3765,5,6,99,2,3,60.0,0,I,LARGE_PROVINCIAL_CITIES,STREET,4,3.0
3766,4,4,173,5,2,40.0,0,N,MELB_URBAN,STREET,4,17.0
3767,1,6,130,3,2,70.0,0,N,MELB_URBAN,ROAD,4,5.0
3768,1,4,132,2,1,60.0,0,I,RURAL_VICTORIA,ROAD,4,7.0
3769,2,6,100,1,1,50.0,0,I,MELB_URBAN,ROAD,4,8.0
3770,1,6,110,1,1,50.0,0,I,MELB_URBAN,PARADE,4,7.0
3771,7,5,174,5,3,30.0,0,N,MELB_URBAN,UNKNOWN,4,19.0
3772,6,5,170,5,1,100.0,0,N,RURAL_VICTORIA,ROAD,4,15.0
3773,4,6,173,3,1,70.0,0,I,RURAL_VICTORIA,ROAD,4,7.0
3774,1,6,130,2,1,70.0,0,I,MELB_URBAN,ROAD,4,7.0
3775,1,5,133,5,2,100.0,0,N,RURAL_VICTORIA,ROAD,4,6.0
3776,1,6,99,2,1,60.0,0,I,MELB_URBAN,DRIVE,4,7.0
3777,1,6,99,3,1,40.0,0,I,MELB_URBAN,DRIVE,4,10.0
3778,7,6,184,5,1,80.0,0,N,MELB_URBAN,ROAD,4,13.0
3779,2,6,100,5,1,60.0,0,N,TOWNS,HIGHWAY,4,10.0
3780,1,6,147,5,1,70.0,0,N,MELB_URBAN,ROAD,4,9.0
3781,1,4,121,2,1,50.0,0,I,MELB_URBAN,ROAD,4,9.0
3782,8,7,174,5,1,100.0,0,N,RURAL_VICTORIA,ROAD,4,9.0
3783,1,2,130,1,1,60.0,0,I,SMALL_CITIES,STREET,4,15.0
3784,1,6,132,5,1,100.0,0,UNKNOWN,UNKNOWN,UNKNOWN,4,9.0
3785,8,7,174,5,1,60.0,0,N,MELB_URBAN,ROAD,1,20.0
3786,1,5,163,4,1,60.0,0,I,MELB_URBAN,STREET,4,17.0
3787,4,2,171,5,1,80.0,0,N,MELB_URBAN,ROAD,4,15.0
3788,8,6,99,3,1,100.0,0,I,RURAL_VICTORIA,ROAD,4,10.0
3789,1,6,99,2,1,80.0,0,I,MELB_URBAN,ROAD,4,10.0
3790,5,6,99,5,1,50.0,0,N,TOWNS,AVENUE,3,11.0
3791,1,2,120,5,1,60.0,0,N,MELB_URBAN,ROAD,2,8.0
3792,2,6,100,5,1,50.0,0,N,MELB_URBAN,STREET,4,13.0
3793,1,6,121,2,1,60.0,0,I,MELB_URBAN,STREET,4,12.0
3794,2,4,100,1,1,60.0,0,I,MELB_URBAN,ROAD,4,13.0
3795,1,6,130,5,1,70.0,0,N,MELB_URBAN,HIGHWAY,4,10.0
3796,2,6,99,2,1,50.0,0,I,MELB_URBAN,OTHER,4,13.0
3797,1,6,110,1,1,60.0,0,I,TOWNS,OTHER,4,15.0
3798,1,6,133,5,1,100.0,0,N,MELB_URBAN,FREEWAY,4,13.0
3799,1,6,132,2,1,60.0,0,I,MELB_URBAN,STREET,4,15.0
3800,1,6,160,5,1,60.0,0,N,LARGE_PROVINCIAL_CITIES,PARADE,4,16.0
3801,2,6,99,2,1,60.0,0,I,MELB_URBAN,STREET,4,14.0
3802,1,7,130,4,1,60.0,0,I,MELB_URBAN,RAMP,4,13.0
3803,3,4,167,5,5,100.0,0,N,RURAL_VICTORIA,ROAD,4,21.0
3804,1,6,121,1,1,60.0,0,I,MELB_URBAN,ROAD,4,17.0
3805,1,6,130,5,1,60.0,0,N,SMALL_CITIES,AVENUE,4,9.0
3806,7,6,99,2,6,60.0,0,I,MELB_URBAN,STREET,4,20.0
3807,1,6,120,5,1,100.0,1,N,RURAL_VICTORIA,ROAD,4,15.0
3808,2,6,99,5,1,50.0,0,N,MELB_URBAN,STREET,4,15.0
3809,1,6,113,2,3,50.0,0,I,MELB_URBAN,STREET,4,20.0
3810,4,6,173,2,3,70.0,0,I,MELB_URBAN,ROAD,4,20.0
3811,4,6,171,5,3,50.0,0,N,LARGE_PROVINCIAL_CITIES,STREET,4,21.0
3812,1,6,160,5,1,50.0,0,N,LARGE_PROVINCIAL_CITIES,ROAD,4,15.0
3813,1,6,121,2,2,60.0,0,I,SMALL_CITIES,ROAD,4,18.0
3814,1,6,99,1,3,60.0,0,I,MELB_URBAN,STREET,4,22.0
3815,4,6,171,5,3,50.0,0,N,MELB_URBAN,OTHER,4,22.0
3816,4,7,183,5,3,60.0,0,N,MELB_URBAN,RAMP,4,4.0
3817,1,6,133,5,3,50.0,0,N,MELB_URBAN,STREET,4,23.0
3818,1,6,99,2,1,80.0,0,I,MELB_URBAN,ROAD,4,16.0
3819,5,7,99,5,1,60.0,0,N,RURAL_VICTORIA,ROAD,4,11.0
3820,1,5,147,5,1,60.0,0,N,MELB_URBAN,OTHER,4,12.0
3821,1,7,113,2,1,60.0,0,I,MELB_URBAN,ROAD,4,8.0
3822,1,7,110,1,1,50.0,0,I,MELB_URBAN,STREET,4,7.0
3823,1,3,133,5,1,60.0,0,N,MELB_URBAN,STREET,4,17.0
3824,8,7,184,5,1,60.0,0,N,MELB_URBAN,HIGHWAY,4,9.0
3825,4,7,173,5,1,100.0,0,N,RURAL_VICTORIA,ROAD,4,7.0
3826,1,7,99,5,1,40.0,0,N,MELB_URBAN,ROAD,4,11.0
3827,1,7,99,4,1,50.0,0,I,MELB_URBAN,ROAD,4,9.0
3828,4,7,173,5,1,100.0,0,N,SMALL_TOWNS,ROAD,4,11.0
3829,4,7,173,5,1,100.0,0,N,RURAL_VICTORIA,ROAD,4,12.0
3830,4,7,181,5,1,100.0,0,N,RURAL_VICTORIA,ROAD,4,11.0
3831,1,7,160,5,1,50.0,0,N,MELB_URBAN,AVENUE,4,10.0
3832,6,7,170,5,1,100.0,0,N,RURAL_VICTORIA,ROAD,4,11.0
3833,1,7,121,4,1,60.0,0,I,MELB_URBAN,ROAD,4,13.0
3834,4,7,171,5,1,80.0,0,N,RURAL_VICTORIA,ROAD,4,12.0
3835,8,7,174,5,3,50.0,0,N,MELB_URBAN,STREET,4,1.0
3836,1,7,121,2,1,70.0,0,I,MELB_URBAN,STREET,4,13.0
3837,2,7,99,5,1,50.0,0,N,TOWNS,STREET,4,14.0
3838,1,7,130,5,1,80.0,0,N,MELB_URBAN,ROAD,4,13.0
3839,1,7,130,5,1,60.0,0,N,MELB_URBAN,STREET,4,12.0
3840,1,7,99,5,1,80.0,0,UNKNOWN,UNKNOWN,UNKNOWN,4,9.0
3841,1,3,130,5,2,80.0,0,N,MELB_URBAN,ROAD,3,7.0
3842,4,7,181,5,1,100.0,0,N,RURAL_VICTORIA,ROAD,4,11.0
3843,4,7,171,5,1,100.0,0,N,RURAL_VICTORIA,ROAD,4,15.0
3844,4,7,183,5,1,100.0,0,N,RURAL_VICTORIA,ROAD,4,14.0
3845,2,3,99,5,5,100.0,0,N,RURAL_VICTORIA,ROAD,4,20.0
3846,1,7,121,1,1,50.0,0,I,MELB_URBAN,STREET,4,17.0
3847,1,7,111,1,1,100.0,0,I,RURAL_VICTORIA,HIGHWAY,4,16.0
3848,4,7,183,5,5,100.0,0,N,RURAL_VICTORIA,ROAD,4,18.0
3849,4,7,171,5,1,80.0,0,N,RURAL_VICTORIA,ROAD,4,17.0
3850,1,7,120,5,1,80.0,0,N,RURAL_VICTORIA,ROAD,4,17.0
3851,1,7,133,2,1,60.0,0,I,MELB_URBAN,STREET,4,17.0
3852,8,7,174,5,3,60.0,0,N,MELB_URBAN,ROAD,4,18.0
3853,1,7,160,5,1,100.0,0,N,MELB_URBAN,FREEWAY,4,16.0
3854,8,7,170,2,3,60.0,0,I,MELB_URBAN,ROAD,4,21.0
3855,1,7,121,2,3,60.0,0,I,MELB_URBAN,ROAD,4,19.0
3856,4,7,183,5,5,100.0,0,N,RURAL_VICTORIA,ROAD,4,3.0
3857,1,7,99,5,1,80.0,0,N,MELB_URBAN,ROAD,4,18.0
3858,1,1,99,2,3,60.0,0,I,MELB_URBAN,ROAD,4,3.0
3859,6,1,174,5,5,100.0,0,N,RURAL_VICTORIA,ROAD,4,0.0
3860,4,1,173,5,5,70.0,1,N,RURAL_VICTORIA,ROAD,4,4.0
3861,4,7,99,5,3,50.0,0,N,LARGE_PROVINCIAL_CITIES,ROAD,4,21.0
3862,8,1,174,5,1,80.0,0,N,MELB_URBAN,ROAD,4,10.0
3863,8,2,99,2,1,100.0,0,I,RURAL_VICTORIA,ROAD,4,15.0
3864,6,7,99,5,1,60.0,0,N,SMALL_TOWNS,STREET,4,11.0
3865,1,6,120,1,1,50.0,0,I,MELB_URBAN,ROAD,4,8.0
3866,1,1,132,4,1,60.0,0,I,MELB_URBAN,STREET,4,12.0
3867,2,1,100,2,1,40.0,0,I,MELB_URBAN,STREET,4,12.0
3868,1,1,132,5,1,60.0,0,N,MELB_URBAN,ROAD,4,10.0
3869,1,7,121,2,3,60.0,0,I,MELB_URBAN,STREET,4,18.0
3870,6,7,99,2,1,100.0,0,I,RURAL_VICTORIA,ROAD,4,15.0
3871,1,5,99,2,1,60.0,0,I,MELB_URBAN,ROAD,4,10.0
3872,4,1,181,5,1,80.0,0,N,RURAL_VICTORIA,ROAD,4,12.0
3873,6,7,174,5,1,100.0,0,N,RURAL_VICTORIA,OTHER,4,16.0
3874,8,1,174,4,1,60.0,0,N,LARGE_PROVINCIAL_CITIES,ROAD,4,14.0
3875,1,7,121,2,1,60.0,0,I,MELB_URBAN,ROAD,4,17.0
3876,1,1,130,5,1,60.0,0,N,MELB_URBAN,PARADE,4,12.0
3877,4,1,181,2,1,100.0,0,I,RURAL_VICTORIA,ROAD,4,14.0
3878,8,6,174,2,3,50.0,0,I,MELB_URBAN,STREET,3,20.0
3879,1,1,121,2,1,80.0,0,I,RURAL_VICTORIA,STREET,4,16.0
3880,1,0,121,2,3,60.0,0,I,MELB_URBAN,AVENUE,4,18.0
3881,8,1,174,5,1,60.0,0,N,RURAL_VICTORIA,RAMP,4,15.0
3882,1,1,160,5,3,60.0,0,N,MELB_URBAN,ROAD,4,20.0
3883,1,1,130,2,1,80.0,0,I,MELB_URBAN,ROAD,4,15.0
3884,1,1,140,5,5,100.0,0,N,MELB_URBAN,ROAD,4,20.0
3885,4,1,183,5,5,100.0,0,N,RURAL_VICTORIA,ROAD,4,21.0
3886,4,2,183,5,5,80.0,0,N,RURAL_VICTORIA,ROAD,4,0.0
3887,1,1,121,2,5,80.0,0,I,RURAL_VICTORIA,ROAD,4,23.0
3888,6,1,174,5,5,100.0,0,N,RURAL_VICTORIA,ROAD,4,5.0
3889,4,2,183,2,2,60.0,0,I,MELB_URBAN,ROAD,4,5.0
3890,1,2,121,2,2,60.0,0,I,MELB_URBAN,ROAD,4,6.0
3891,1,2,110,1,1,80.0,0,I,SMALL_CITIES,ROAD,4,7.0
3892,1,2,147,5,1,80.0,0,N,MELB_URBAN,ROAD,4,7.0
3893,1,2,116,2,1,80.0,0,I,SMALL_CITIES,ROAD,4,9.0
3894,1,2,130,5,6,80.0,0,N,RURAL_VICTORIA,ROAD,4,7.0
3895,8,2,174,2,1,70.0,0,I,MELB_URBAN,ROAD,4,11.0
3896,1,1,130,2,1,60.0,0,I,MELB_URBAN,ROAD,4,8.0
3897,1,1,113,2,1,60.0,0,I,MELB_URBAN,ROAD,4,10.0
3898,1,4,130,2,1,80.0,0,I,MELB_URBAN,HIGHWAY,3,10.0
3899,1,1,130,1,1,50.0,0,I,LARGE_PROVINCIAL_CITIES,STREET,2,13.0
3900,2,6,99,5,1,50.0,0,N,MELB_URBAN,STREET,4,17.0
3901,4,2,183,5,1,50.0,0,N,MELB_URBAN,STREET,4,11.0
3902,1,5,99,2,1,50.0,0,I,MELB_URBAN,STREET,3,10.0
3903,1,1,110,1,3,50.0,0,I,MELB_URBAN,ROAD,4,18.0
3904,1,2,130,5,2,80.0,0,N,MELB_URBAN,ROAD,4,6.0
3905,1,7,99,1,5,40.0,0,I,MELBOURNE_CBD,STREET,3,1.0
3906,1,2,147,1,1,60.0,0,I,MELB_URBAN,STREET,4,13.0
3907,1,2,110,1,1,100.0,0,I,RURAL_VICTORIA,ROAD,4,9.0
3908,2,2,99,2,1,50.0,0,I,MELB_URBAN,AVENUE,4,13.0
3909,1,2,130,1,1,60.0,1,I,MELB_URBAN,ROAD,4,10.0
3910,8,7,99,5,1,100.0,0,N,RURAL_VICTORIA,ROAD,4,12.0
3911,2,5,100,1,1,50.0,0,I,MELB_URBAN,STREET,4,15.0
3912,4,1,173,5,5,100.0,0,N,RURAL_VICTORIA,ROAD,3,21.0
3913,1,2,147,1,1,60.0,0,I,MELB_URBAN,ROAD,4,14.0
3914,2,2,99,5,1,50.0,0,N,MELB_URBAN,OTHER,4,15.0
3915,4,2,171,1,6,60.0,0,I,SMALL_CITIES,ROAD,4,17.0
3916,1,5,135,5,1,60.0,0,N,MELB_URBAN,ROAD,3,12.0
3917,6,7,99,5,1,60.0,0,N,RURAL_VICTORIA,ROAD,4,9.0
3918,1,2,113,2,1,60.0,0,N,SMALL_CITIES,STREET,4,12.0
3919,1,3,99,1,1,60.0,0,I,MELB_URBAN,ROAD,4,13.0
3920,2,2,100,1,3,50.0,0,I,MELB_URBAN,STREET,4,18.0
3921,8,7,184,5,1,80.0,0,N,RURAL_VICTORIA,ROAD,4,16.0
3922,1,4,140,5,3,60.0,0,N,MELB_URBAN,STREET,2,21.0
3923,1,2,99,1,3,60.0,0,I,MELB_URBAN,ROAD,4,18.0
3924,1,2,121,1,1,60.0,0,I,LARGE_PROVINCIAL_CITIES,STREET,4,16.0
3925,1,2,110,1,3,60.0,0,I,LARGE_PROVINCIAL_CITIES,STREET,4,19.0
3926,4,2,183,5,1,60.0,1,N,SMALL_CITIES,ROAD,4,17.0
3927,2,2,99,5,5,60.0,0,N,RURAL_VICTORIA,ROAD,4,20.0
3928,1,5,99,2,1,50.0,0,I,MELB_URBAN,STREET,2,19.0
3929,2,2,102,5,3,50.0,0,N,MELB_URBAN,ROAD,4,20.0
3930,4,3,171,5,3,80.0,0,N,MELB_URBAN,ROAD,4,1.0
3931,1,3,121,2,3,80.0,0,I,RURAL_VICTORIA,ROAD,4,3.0
3932,1,3,130,1,3,60.0,0,I,MELB_URBAN,ROAD,4,2.0
3933,8,2,174,5,5,70.0,0,N,MELB_URBAN,ROAD,4,1.0
3934,1,2,163,2,1,40.0,0,I,MELB_URBAN,STREET,4,15.0
3935,1,3,130,5,1,70.0,0,N,MELB_URBAN,ROAD,4,8.0
3936,1,4,130,1,1,50.0,0,I,MELB_URBAN,STREET,4,16.0
3937,1,2,99,1,3,60.0,0,I,MELB_URBAN,STREET,4,19.0
3938,4,2,173,5,1,80.0,0,N,MELB_URBAN,ROAD,4,16.0
3939,1,5,120,2,3,60.0,0,N,MELB_URBAN,ROAD,4,21.0
3940,1,3,130,5,1,80.0,0,N,MELB_URBAN,HIGHWAY,4,9.0
3941,1,3,99,2,1,60.0,0,I,MELB_URBAN,PARADE,4,11.0
3942,2,1,100,1,3,60.0,0,I,MELB_URBAN,ROAD,4,2.0
3943,8,3,99,5,1,60.0,0,N,MELB_URBAN,ROAD,4,11.0
3944,1,3,133,5,1,80.0,0,N,MELB_URBAN,ROAD,4,10.0
3945,8,2,174,5,1,60.0,0,N,MELB_URBAN,PARADE,4,9.0
3946,7,3,174,5,9,50.0,0,N,MELB_URBAN,ROAD,4,13.0
3947,2,2,100,2,1,70.0,0,I,MELB_URBAN,HIGHWAY,4,16.0
3948,1,3,121,4,1,70.0,0,I,LARGE_PROVINCIAL_CITIES,ROAD,4,9.0
3949,6,3,99,5,1,100.0,0,N,RURAL_VICTORIA,ROAD,4,12.0
3950,1,3,120,5,1,80.0,0,N,RURAL_VICTORIA,ROAD,4,13.0
3951,1,2,135,5,1,100.0,0,N,MELB_URBAN,ROAD,4,16.0
3952,1,3,111,2,1,80.0,0,I,MELB_URBAN,HIGHWAY,4,13.0
3953,2,5,99,5,1,100.0,0,N,RURAL_VICTORIA,ROAD,4,17.0
3954,2,3,99,5,1,50.0,0,N,MELB_URBAN,AVENUE,4,12.0
3955,1,3,130,5,1,60.0,0,N,MELB_URBAN,ROAD,4,14.0
3956,1,3,132,2,1,60.0,0,I,TOWNS,ROAD,4,14.0
3957,2,3,99,2,1,60.0,0,I,MELB_URBAN,ROAD,4,16.0
3958,1,3,135,2,1,50.0,0,I,MELB_URBAN,STREET,4,14.0
3959,1,1,130,5,1,90.0,0,N,MELB_URBAN,FREEWAY,4,16.0
3960,1,3,130,1,1,70.0,0,I,MELB_URBAN,ROAD,4,16.0
3961,1,3,120,2,1,50.0,0,I,MELB_URBAN,ROAD,4,14.0
3962,8,3,99,1,1,50.0,0,I,TOWNS,STREET,4,11.0
3963,1,6,130,1,1,60.0,0,I,MELB_URBAN,ROAD,4,8.0
3964,1,3,121,2,1,60.0,0,I,MELB_URBAN,ROAD,4,16.0
3965,1,3,99,1,1,50.0,0,I,MELBOURNE_CBD,STREET,4,16.0
3966,1,3,132,2,3,60.0,0,I,MELB_URBAN,ROAD,4,18.0
3967,1,3,130,1,1,60.0,0,I,MELB_URBAN,HIGHWAY,4,16.0
3968,1,3,121,2,1,60.0,0,I,LARGE_PROVINCIAL_CITIES,ROAD,4,17.0
3969,1,3,121,1,1,50.0,0,I,LARGE_PROVINCIAL_CITIES,STREET,4,16.0
3970,1,4,99,1,1,60.0,0,I,MELB_URBAN,STREET,4,17.0
3971,1,3,120,5,1,100.0,1,N,RURAL_VICTORIA,HIGHWAY,4,15.0
3972,1,2,99,1,1,70.0,0,I,MELB_URBAN,ROAD,4,16.0
3973,1,3,110,1,3,80.0,0,I,SMALL_CITIES,HIGHWAY,4,19.0
3974,4,3,171,5,5,80.0,0,N,MELB_URBAN,ROAD,4,20.0
3975,2,3,100,2,2,60.0,0,I,MELB_URBAN,HIGHWAY,4,17.0
3976,4,3,171,4,3,60.0,0,I,MELB_URBAN,ROAD,4,21.0
3977,1,3,133,1,3,80.0,0,I,MELB_URBAN,HIGHWAY,4,21.0
3978,1,3,121,4,3,60.0,0,I,MELB_URBAN,ROAD,4,23.0
3979,1,4,130,5,1,100.0,0,N,MELB_URBAN,FREEWAY,4,6.0
3980,1,4,132,2,1,80.0,0,I,RURAL_VICTORIA,ROAD,4,7.0
3981,1,4,110,1,1,50.0,0,I,MELB_URBAN,STREET,4,6.0
3982,2,4,102,2,1,50.0,0,I,MELB_URBAN,ROAD,4,8.0
3983,1,4,140,5,1,50.0,0,N,MELB_URBAN,STREET,4,7.0
3984,1,4,99,1,1,50.0,0,I,MELB_URBAN,STREET,4,9.0
3985,1,3,130,5,2,60.0,0,N,MELB_URBAN,ROAD,4,17.0
3986,1,4,147,2,1,60.0,0,I,MELB_URBAN,ROAD,4,9.0
3987,1,4,130,5,1,80.0,0,N,MELB_URBAN,HIGHWAY,4,10.0
3988,1,4,121,4,1,80.0,0,N,MELB_URBAN,ROAD,4,10.0
3989,1,4,132,2,1,60.0,0,I,MELB_URBAN,ROAD,4,10.0
3990,4,4,171,5,3,70.0,0,N,MELB_URBAN,ROAD,4,5.0
3991,8,7,174,9,1,60.0,0,N,RURAL_VICTORIA,OTHER,4,14.0
3992,4,4,171,5,1,80.0,0,N,RURAL_VICTORIA,ROAD,4,10.0
3993,1,4,130,1,1,80.0,0,I,MELB_URBAN,ROAD,4,11.0
3994,1,4,120,5,1,40.0,0,N,MELB_URBAN,ROAD,4,12.0
3995,1,4,121,2,6,60.0,0,I,MELB_URBAN,STREET,4,18.0
3996,4,4,171,5,1,80.0,0,N,MELB_URBAN,ROAD,4,11.0
3997,1,4,120,1,1,60.0,0,I,MELB_URBAN,STREET,4,14.0
3998,6,2,170,5,1,100.0,0,N,RURAL_VICTORIA,HIGHWAY,4,15.0
3999,1,4,110,1,1,50.0,0,I,MELBOURNE_CBD,OTHER,4,13.0
4000,1,2,121,5,1,50.0,0,N,MELB_URBAN,BOULEVARD,4,11.0
4001,6,4,184,5,1,100.0,0,N,RURAL_VICTORIA,ROAD,4,10.0
4002,1,4,99,1,2,60.0,0,I,MELB_URBAN,ROAD,4,6.0
4003,6,2,99,5,1,100.0,0,N,RURAL_VICTORIA,HIGHWAY,4,12.0
4004,1,4,121,2,1,50.0,0,I,MELB_URBAN,ROAD,4,14.0
4005,1,4,113,1,1,60.0,0,I,TOWNS,ROAD,4,15.0
4006,4,4,171,5,1,50.0,0,N,MELB_URBAN,OTHER,4,13.0
4007,1,4,130,5,1,60.0,0,I,MELB_URBAN,STREET,4,14.0
4008,4,4,171,5,1,100.0,0,N,RURAL_VICTORIA,ROAD,4,16.0
4009,2,4,100,1,1,60.0,0,I,MELB_URBAN,ROAD,4,17.0
4010,1,4,130,5,1,70.0,0,N,MELB_URBAN,ROAD,4,16.0
4011,6,4,99,1,2,60.0,0,I,MELB_URBAN,STREET,4,18.0
4012,1,4,113,1,3,50.0,0,I,MELB_URBAN,ROAD,4,18.0
4013,1,4,110,1,3,60.0,0,I,MELB_URBAN,ROAD,4,18.0
4014,1,4,99,2,1,50.0,0,I,MELB_URBAN,STREET,4,10.0
4015,1,3,133,4,3,50.0,0,I,MELB_URBAN,STREET,4,20.0
4016,1,4,135,5,9,60.0,0,N,MELB_URBAN,STREET,4,20.0
4017,1,4,132,2,1,60.0,0,I,MELB_URBAN,ROAD,4,15.0
4018,2,4,100,5,1,60.0,0,N,MELB_URBAN,ROAD,4,15.0
4019,2,4,100,1,2,60.0,0,I,MELB_URBAN,ROAD,4,16.0
4020,1,4,121,2,3,50.0,0,I,MELB_URBAN,STREET,4,18.0
4021,1,4,99,2,1,50.0,0,I,MELB_URBAN,ROAD,4,16.0
4022,1,4,147,5,3,50.0,0,N,LARGE_PROVINCIAL_CITIES,ROAD,4,18.0
4023,1,4,121,2,2,70.0,0,I,MELB_URBAN,ROAD,4,18.0
4024,4,4,181,5,3,70.0,0,N,RURAL_VICTORIA,ROAD,4,23.0
4025,6,4,174,5,5,60.0,0,N,RURAL_VICTORIA,ROAD,4,23.0
4026,4,4,181,5,5,60.0,0,N,RURAL_VICTORIA,ROAD,4,22.0
4027,4,4,181,5,3,50.0,0,I,MELB_URBAN,OTHER,4,23.0
4028,4,4,171,5,3,80.0,0,N,MELB_URBAN,FREEWAY,4,18.0
4029,2,4,99,1,1,50.0,0,I,LARGE_PROVINCIAL_CITIES,STREET,4,10.0
4030,1,5,140,5,2,50.0,0,N,MELB_URBAN,STREET,4,6.0
4031,4,4,173,2,3,50.0,0,I,LARGE_PROVINCIAL_CITIES,STREET,4,21.0
4032,1,5,121,5,1,40.0,0,N,MELB_URBAN,ROAD,4,7.0
4033,1,5,110,1,1,50.0,0,I,MELBOURNE_CBD,STREET,4,7.0
4034,8,6,99,5,1,60.0,0,N,RURAL_VICTORIA,ROAD,4,13.0
4035,4,4,173,5,1,100.0,0,N,MELB_URBAN,FREEWAY,4,13.0
4036,1,4,99,2,1,80.0,0,I,SMALL_CITIES,ROAD,4,17.0
4037,2,5,100,2,1,60.0,0,I,MELB_URBAN,ROAD,4,8.0
4038,1,5,121,2,1,60.0,0,I,LARGE_PROVINCIAL_CITIES,STREET,4,9.0
4039,1,5,132,2,2,80.0,0,I,RURAL_VICTORIA,HIGHWAY,4,6.0
4040,1,1,130,5,1,60.0,0,N,SMALL_CITIES,FREEWAY,4,14.0
4041,1,3,133,1,1,60.0,0,I,MELB_URBAN,STREET,4,9.0
4042,1,5,121,1,1,60.0,0,I,MELB_URBAN,STREET,4,11.0
4043,1,7,133,5,6,60.0,0,N,MELB_URBAN,STREET,4,23.0
4044,4,5,173,5,1,50.0,0,N,MELB_URBAN,ROAD,4,11.0
4045,1,3,160,5,1,60.0,0,N,MELB_URBAN,ROAD,4,7.0
4046,4,5,171,5,1,50.0,0,N,MELB_URBAN,STREET,4,8.0
4047,2,5,102,1,1,60.0,1,I,SMALL_CITIES,BOULEVARD,4,9.0
4048,1,5,120,5,1,60.0,0,N,MELB_URBAN,ROAD,4,7.0
4049,4,5,173,1,1,50.0,0,I,SMALL_CITIES,ROAD,4,11.0
4050,1,7,160,5,1,70.0,0,N,MELB_URBAN,ROAD,3,12.0
4051,1,5,130,5,1,60.0,0,N,MELB_URBAN,STREET,4,11.0
4052,1,5,132,5,1,60.0,0,N,MELB_URBAN,HIGHWAY,4,13.0
4053,2,5,100,1,1,50.0,0,I,MELB_URBAN,ROAD,4,11.0
4054,1,6,99,1,1,60.0,0,I,LARGE_PROVINCIAL_CITIES,ROAD,4,6.0
4055,1,5,121,2,1,60.0,0,I,MELB_URBAN,ROAD,4,12.0
4056,1,5,163,5,1,60.0,0,N,MELB_URBAN,ROAD,4,9.0
4057,4,4,173,5,5,50.0,0,N,MELB_URBAN,AVENUE,4,21.0
4058,1,5,120,5,1,60.0,0,N,MELB_URBAN,ROAD,4,12.0
4059,1,5,130,5,3,80.0,0,N,MELB_URBAN,FREEWAY,4,6.0
4060,5,5,99,5,1,80.0,0,N,MELB_URBAN,ROAD,4,12.0
4061,1,5,121,1,1,50.0,0,I,MELB_URBAN,STREET,4,12.0
4062,1,1,99,2,1,70.0,0,N,MELB_URBAN,ROAD,4,12.0
4063,1,3,99,1,1,50.0,0,I,MELB_URBAN,STREET,4,15.0
4064,6,5,99,5,1,110.0,0,N,RURAL_VICTORIA,FREEWAY,4,14.0
4065,1,5,147,5,1,80.0,0,N,RURAL_VICTORIA,ROAD,4,16.0
4066,1,5,160,2,1,60.0,0,I,MELB_URBAN,OTHER,4,15.0
4067,4,5,181,2,1,50.0,0,I,MELB_URBAN,OTHER,4,16.0
4068,1,5,132,2,1,50.0,0,I,MELB_URBAN,AVENUE,4,16.0
4069,4,7,183,5,1,100.0,0,N,RURAL_VICTORIA,ROAD,4,14.0
4070,1,5,110,1,1,50.0,0,I,MELB_URBAN,STREET,4,17.0
4071,8,5,99,2,1,60.0,0,N,MELB_URBAN,ROAD,4,17.0
4072,4,5,181,2,1,50.0,0,I,MELB_URBAN,AVENUE,4,17.0
4073,1,5,99,5,3,40.0,0,N,MELB_URBAN,ROAD,4,19.0
4074,8,5,99,5,5,100.0,0,N,RURAL_VICTORIA,HIGHWAY,4,19.0
4075,1,5,121,1,3,70.0,0,I,LARGE_PROVINCIAL_CITIES,ROAD,4,19.0
4076,1,5,121,1,3,60.0,0,I,MELBOURNE_CBD,STREET,4,21.0
4077,1,5,130,5,3,70.0,0,N,MELB_URBAN,ROAD,4,21.0
4078,5,5,99,5,2,60.0,0,N,MELB_URBAN,ROAD,4,5.0
4079,6,6,99,5,5,100.0,0,N,RURAL_VICTORIA,HIGHWAY,4,0.0
4080,4,6,173,5,3,80.0,0,N,MELB_URBAN,HIGHWAY,4,2.0
4081,1,6,110,1,1,60.0,0,I,MELB_URBAN,STREET,4,7.0
4082,1,6,116,2,3,50.0,0,I,MELB_URBAN,ROAD,4,6.0
4083,1,6,147,5,1,50.0,0,N,MELB_URBAN,STREET,4,7.0
4084,1,4,130,2,3,40.0,0,I,MELB_URBAN,STREET,4,22.0
4085,1,2,120,5,1,100.0,0,N,RURAL_VICTORIA,ROAD,3,14.0
4086,1,6,132,2,1,60.0,0,I,MELB_URBAN,ROAD,4,7.0
4087,1,6,113,3,1,60.0,0,I,MELB_URBAN,ROAD,4,8.0
4088,1,6,113,2,1,60.0,0,I,MELB_URBAN,AVENUE,4,8.0
4089,1,5,133,5,1,60.0,0,N,MELB_URBAN,ROAD,4,9.0
4090,1,6,121,1,1,60.0,0,I,LARGE_PROVINCIAL_CITIES,STREET,4,9.0
4091,1,6,130,5,1,60.0,0,N,MELB_URBAN,ROAD,4,10.0
4092,1,1,113,2,1,80.0,0,I,MELB_URBAN,ROAD,4,14.0
4093,1,6,130,5,1,80.0,0,N,MELB_URBAN,FREEWAY,4,12.0