,accident_type,day_of_week,dca_code,road_geometry,light_condition,speed_zone,severity,node_type,deg_urban_name,road_type,month,hour
4094,4,1,183,2,9,60.0,0,N,RURAL_VICTORIA,ROAD,4,9.0
4095,4,6,171,5,1,60.0,0,N,MELB_URBAN,ROAD,4,7.0
4096,1,4,133,5,2,60.0,0,N,MELB_URBAN,ROAD,4,17.0
4097,1,3,120,1,1,50.0,0,I,MELB_URBAN,ROAD,4,10.0
4098,1,6,130,2,1,80.0,0,I,MELB_URBAN,OTHER,4,10.0
4099,1,6,130,5,1,80.0,0,N,MELB_URBAN,ROAD,4,11.0
4100,1,6,99,5,1,100.0,0,N,MELB_URBAN,FREEWAY,4,11.0
4101,1,2,130,5,1,70.0,0,N,MELB_URBAN,ROAD,3,8.0
4102,2,6,99,2,1,60.0,0,I,MELB_URBAN,STREET,4,13.0
4103,4,6,171,2,1,60.0,0,I,MELB_URBAN,HIGHWAY,4,13.0
4104,1,6,130,5,1,60.0,0,N,MELB_URBAN,ROAD,4,13.0
4105,4,6,181,5,1,60.0,0,N,MELB_URBAN,ROAD,4,12.0
4106,6,5,99,2,1,80.0,0,I,MELB_URBAN,ROAD,4,13.0
4107,1,6,110,1,1,60.0,1,I,TOWNS,ROAD,4,10.0
4108,1,6,147,5,1,70.0,0,N,RURAL_VICTORIA,ROAD,4,13.0
4109,4,6,173,5,1,70.0,0,N,MELB_URBAN,ROAD,4,13.0
4110,1,6,99,2,1,60.0,0,I,MELB_URBAN,ROAD,4,15.0
4111,1,6,120,5,1,50.0,0,N,MELB_URBAN,ROAD,4,12.0
4112,1,5,130,1,1,50.0,0,I,LARGE_PROVINCIAL_CITIES,STREET,2,16.0
4113,1,6,132,5,1,70.0,0,N,LARGE_PROVINCIAL_CITIES,HIGHWAY,4,15.0
4114,7,7,184,5,1,60.0,0,N,RURAL_VICTORIA,ROAD,4,10.0
4115,4,4,173,5,3,100.0,0,N,RURAL_VICTORIA,HIGHWAY,3,1.0
4116,6,6,99,5,1,100.0,0,N,RURAL_VICTORIA,DRIVE,4,16.0
4117,1,6,121,2,1,60.0,0,I,MELB_URBAN,ROAD,4,15.0
4118,6,6,174,5,1,50.0,0,N,MELB_URBAN,OTHER,4,12.0
4119,6,7,99,5,1,80.0,0,N,RURAL_VICTORIA,ROAD,3,10.0
4120,2,6,100,1,1,50.0,0,I,MELB_URBAN,STREET,4,16.0
4121,4,6,183,5,2,100.0,0,N,RURAL_VICTORIA,HIGHWAY,4,6.0
4122,4,2,171,5,5,100.0,0,N,RURAL_VICTORIA,ROAD,3,21.0
4123,1,6,99,5,1,50.0,0,N,MELB_URBAN,ROAD,4,15.0
4124,7,6,99,5,5,50.0,0,N,MELB_URBAN,OTHER,4,20.0
4125,4,6,181,5,3,80.0,0,UNKNOWN,UNKNOWN,UNKNOWN,4,22.0
4126,4,6,183,5,5,100.0,0,N,RURAL_VICTORIA,ROAD,4,22.0
4127,1,7,130,5,3,80.0,0,N,MELB_URBAN,ROAD,4,2.0
4128,1,7,121,1,3,50.0,0,I,MELB_URBAN,ROAD,4,3.0
4129,1,7,120,5,3,40.0,0,N,MELB_URBAN,STREET,4,3.0
4130,1,7,121,1,3,60.0,0,I,MELB_URBAN,ROAD,4,0.0
4131,1,6,121,1,1,50.0,0,I,LARGE_PROVINCIAL_CITIES,AVENUE,4,11.0
4132,1,7,140,2,1,50.0,0,N,MELB_URBAN,STREET,4,10.0
4133,3,6,167,2,1,60.0,0,I,RURAL_VICTORIA,ROAD,4,7.0
4134,4,7,171,5,1,100.0,0,N,MELB_URBAN,ROAD,4,8.0
4135,1,7,99,5,1,100.0,0,N,SMALL_CITIES,ROAD,4,8.0
4136,4,7,173,5,1,110.0,0,N,RURAL_VICTORIA,FREEWAY,4,7.0
4137,2,4,100,2,1,50.0,0,I,MELB_URBAN,ROAD,4,8.0
4138,1,3,99,2,1,60.0,0,I,MELB_URBAN,ROAD,4,9.0
4139,1,6,130,5,1,50.0,0,N,MELB_URBAN,DRIVE,4,16.0
4140,1,7,110,1,1,50.0,0,I,SMALL_CITIES,STREET,4,9.0
4141,1,7,110,1,1,60.0,0,I,MELB_URBAN,ROAD,4,13.0
4142,1,7,99,2,1,50.0,0,I,SMALL_CITIES,DRIVE,4,12.0
4143,1,7,130,5,1,60.0,0,N,MELB_URBAN,ROAD,4,14.0
4144,1,7,110,1,1,50.0,0,I,MELB_URBAN,STREET,4,9.0
4145,1,7,99,5,1,70.0,0,N,MELB_URBAN,ROAD,3,12.0
4146,1,7,121,2,1,80.0,0,I,LARGE_PROVINCIAL_CITIES,HIGHWAY,4,13.0
4147,1,7,130,1,1,60.0,0,I,MELB_URBAN,HIGHWAY,4,15.0
4148,4,7,183,5,1,80.0,0,N,SMALL_CITIES,FREEWAY,4,15.0
4149,1,7,121,2,1,60.0,0,I,MELB_URBAN,STREET,4,17.0
4150,1,7,133,5,1,50.0,0,N,MELB_URBAN,STREET,4,17.0
4151,6,5,99,5,1,100.0,0,N,RURAL_VICTORIA,HIGHWAY,4,15.0
4152,1,6,121,2,1,70.0,0,N,MELB_URBAN,ROAD,3,17.0
4153,1,7,147,5,1,60.0,0,N,MELB_URBAN,ROAD,4,15.0
4154,4,6,181,5,5,50.0,0,N,TOWNS,STREET,4,18.0
4155,1,3,133,1,1,50.0,0,I,MELB_URBAN,ROAD,4,8.0
4156,1,7,132,2,1,60.0,0,I,MELB_URBAN,ROAD,4,14.0
4157,1,7,110,1,3,80.0,0,I,MELB_URBAN,HIGHWAY,4,18.0
4158,1,7,121,1,3,60.0,0,I,MELB_URBAN,ROAD,4,19.0
4159,4,7,171,5,1,60.0,0,N,MELB_URBAN,ROAD,4,15.0
4160,2,7,102,5,1,60.0,0,N,MELB_URBAN,STREET,4,16.0
4161,8,7,174,2,3,60.0,0,I,MELB_URBAN,ROAD,4,19.0
4162,8,7,99,1,6,80.0,0,I,SMALL_TOWNS,ROAD,4,23.0
4163,4,1,181,2,3,50.0,0,I,MELB_URBAN,OTHER,4,0.0
4164,1,7,121,2,3,40.0,0,I,MELB_URBAN,ROAD,4,18.0
4165,1,1,120,5,3,60.0,0,N,MELB_URBAN,AVENUE,4,1.0
4166,4,4,171,2,6,80.0,0,I,RURAL_VICTORIA,STREET,4,4.0
4167,2,1,99,5,3,50.0,0,N,MELBOURNE_CBD,STREET,4,2.0
4168,1,7,99,2,1,60.0,0,I,MELB_URBAN,STREET,4,10.0
4169,1,7,121,2,1,60.0,0,I,MELB_URBAN,ROAD,4,10.0
4170,1,7,160,5,1,50.0,0,N,MELB_URBAN,PARADE,4,7.0
4171,3,7,167,5,1,100.0,0,N,RURAL_VICTORIA,ROAD,4,15.0
4172,1,1,133,1,1,50.0,0,I,MELB_URBAN,STREET,4,12.0
4173,8,7,174,5,1,60.0,0,N,RURAL_VICTORIA,ROAD,4,13.0
4174,4,1,183,5,1,100.0,0,N,RURAL_VICTORIA,ROAD,4,11.0
4175,1,1,130,5,1,60.0,0,N,MELB_URBAN,STREET,4,12.0
4176,1,1,110,1,1,70.0,0,I,MELB_URBAN,STREET,4,10.0
4177,1,1,113,1,1,60.0,0,I,MELB_URBAN,STREET,4,14.0
4178,2,1,99,5,1,50.0,0,N,SMALL_CITIES,STREET,4,14.0
4179,4,7,183,5,1,100.0,0,N,RURAL_VICTORIA,ROAD,4,17.0
4180,4,7,183,5,5,100.0,0,N,RURAL_VICTORIA,HIGHWAY,4,21.0
4181,4,1,173,2,2,60.0,0,I,MELB_URBAN,ROAD,4,17.0
4182,4,1,171,5,1,100.0,0,N,RURAL_VICTORIA,HIGHWAY,4,16.0
4183,1,1,110,1,1,50.0,0,I,MELB_URBAN,STREET,4,17.0
4184,6,1,174,2,1,60.0,0,I,MELB_URBAN,STREET,4,17.0
4185,2,1,99,5,1,60.0,0,N,MELB_URBAN,ROAD,4,19.0
4186,1,1,160,5,3,100.0,0,N,MELB_URBAN,FREEWAY,4,18.0
4187,1,1,99,5,3,50.0,0,N,MELB_URBAN,STREET,4,18.0
4188,6,1,170,2,3,70.0,0,I,MELB_URBAN,ROAD,4,17.0
4189,1,1,113,2,1,50.0,0,I,MELB_URBAN,OTHER,4,17.0
4190,5,7,99,5,1,110.0,0,N,RURAL_VICTORIA,HIGHWAY,4,12.0
4191,1,1,130,1,2,60.0,0,I,MELB_URBAN,ROAD,4,18.0
4192,4,1,171,1,3,50.0,0,I,MELB_URBAN,ROAD,4,17.0
4193,8,1,174,5,3,60.0,0,N,LARGE_PROVINCIAL_CITIES,ROAD,4,2.0
4194,1,1,99,4,6,80.0,0,N,MELB_URBAN,ROAD,4,18.0
4195,1,0,99,4,6,70.0,0,I,MELB_URBAN,STREET,4,22.0
4196,1,2,121,1,2,80.0,0,I,MELB_URBAN,STREET,4,6.0
4197,4,1,181,5,1,90.0,0,N,RURAL_VICTORIA,ROAD,4,17.0
4198,1,5,99,1,1,70.0,0,I,MELB_URBAN,HIGHWAY,3,8.0
4199,1,1,120,5,1,80.0,0,N,RURAL_VICTORIA,ROAD,4,14.0
4200,1,1,99,2,3,50.0,0,I,MELB_URBAN,BOULEVARD,4,18.0
4201,1,1,120,5,2,100.0,1,N,RURAL_VICTORIA,HIGHWAY,4,17.0
4202,1,7,133,5,1,100.0,0,N,RURAL_VICTORIA,OTHER,4,10.0
4203,1,2,130,5,1,60.0,0,N,MELB_URBAN,ROAD,4,7.0
4204,1,2,130,5,1,80.0,0,N,MELB_URBAN,HIGHWAY,4,16.0
4205,7,2,174,2,1,100.0,0,I,TOWNS,ROAD,4,7.0
4206,1,2,130,5,1,60.0,0,N,MELB_URBAN,STREET,4,13.0
4207,1,3,132,1,2,60.0,0,I,MELB_URBAN,ROAD,4,7.0
4208,1,6,113,2,1,60.0,0,I,MELB_URBAN,ROAD,4,15.0
4209,1,1,111,1,1,40.0,0,I,MELB_URBAN,STREET,4,16.0
4210,4,1,183,5,2,60.0,0,N,MELB_URBAN,ROAD,4,18.0
4211,1,6,121,1,1,60.0,0,I,MELB_URBAN,ROAD,4,15.0
4212,8,2,184,5,1,60.0,0,N,TOWNS,AVENUE,4,12.0
4213,1,2,130,1,1,80.0,0,I,MELB_URBAN,HIGHWAY,4,11.0
4214,1,2,110,1,1,100.0,0,I,SMALL_TOWNS,HIGHWAY,4,12.0
4215,8,7,174,5,1,60.0,0,N,MELB_URBAN,STREET,4,14.0
4216,1,7,130,1,1,80.0,0,I,MELB_URBAN,ROAD,4,13.0
4217,1,6,130,2,2,80.0,0,I,MELB_URBAN,ROAD,4,16.0
4218,1,2,160,5,1,50.0,0,N,MELB_URBAN,AVENUE,4,11.0
4219,1,6,99,1,1,100.0,0,I,MELB_URBAN,ROAD,4,16.0
4220,7,6,174,5,1,50.0,0,N,MELB_URBAN,STREET,4,10.0
4221,1,2,113,2,1,80.0,0,N,MELB_URBAN,HIGHWAY,4,14.0
4222,1,1,121,1,3,60.0,0,I,MELB_URBAN,ROAD,4,21.0
4223,1,2,130,5,1,60.0,0,N,MELB_URBAN,UNKNOWN,4,15.0
4224,4,1,99,1,3,60.0,0,I,TOWNS,STREET,1,22.0
4225,1,2,130,2,1,60.0,0,I,MELB_URBAN,STREET,4,15.0
4226,1,5,99,2,1,50.0,0,I,MELBOURNE_CBD,STREET,4,7.0
4227,4,2,173,5,2,100.0,0,N,RURAL_VICTORIA,ROAD,4,5.0
4228,1,6,130,1,1,60.0,0,I,MELB_URBAN,ROAD,4,17.0
4229,1,6,130,5,3,80.0,0,N,MELB_URBAN,HIGHWAY,4,6.0
4230,1,2,121,2,1,80.0,0,I,MELB_URBAN,ROAD,4,17.0
4231,1,2,130,5,3,80.0,0,I,MELB_URBAN,ROAD,4,18.0
4232,2,2,100,1,3,60.0,0,I,MELB_URBAN,STREET,4,18.0
4233,1,2,99,2,3,60.0,0,I,MELB_URBAN,HIGHWAY,4,19.0
4234,4,2,181,5,5,60.0,0,N,MELB_URBAN,ROAD,4,19.0
4235,1,2,130,5,3,80.0,0,N,MELB_URBAN,HIGHWAY,4,18.0
4236,2,2,100,1,3,60.0,0,I,MELB_URBAN,ROAD,4,21.0
4237,8,6,174,5,1,100.0,0,N,RURAL_VICTORIA,OTHER,4,14.0
4238,1,3,130,5,2,60.0,0,N,MELB_URBAN,ROAD,1,19.0
4239,1,4,130,5,1,60.0,0,N,MELB_URBAN,STREET,4,16.0
4240,1,7,121,2,3,60.0,0,N,MELB_URBAN,STREET,4,21.0
4241,1,3,99,5,1,50.0,0,N,MELB_URBAN,ROAD,4,7.0
4242,1,2,99,2,1,80.0,0,I,MELB_URBAN,HIGHWAY,4,15.0
4243,1,3,110,1,4,60.0,0,I,MELB_URBAN,ROAD,4,7.0
4244,1,3,110,1,1,40.0,0,I,MELB_URBAN,STREET,4,8.0
4245,1,6,99,2,1,50.0,0,I,MELB_URBAN,ROAD,4,15.0
4246,1,3,130,5,1,40.0,0,N,MELB_URBAN,STREET,4,8.0
4247,2,3,100,2,1,50.0,0,I,MELB_URBAN,STREET,4,10.0
4248,8,3,174,1,1,50.0,0,I,MELBOURNE_CBD,STREET,4,14.0
4249,4,2,171,1,3,60.0,0,I,MELB_URBAN,STREET,4,19.0
4250,1,3,121,2,1,60.0,0,I,MELB_URBAN,FREEWAY,4,9.0
4251,1,2,130,5,1,70.0,0,N,LARGE_PROVINCIAL_CITIES,HIGHWAY,4,14.0
4252,1,3,110,1,1,60.0,0,I,MELB_URBAN,ROAD,4,9.0
4253,6,3,99,5,1,100.0,0,N,RURAL_VICTORIA,HIGHWAY,4,8.0
4254,1,3,121,1,1,50.0,0,I,MELB_URBAN,DRIVE,4,11.0
4255,1,4,121,1,1,60.0,0,I,MELB_URBAN,OTHER,4,6.0
4256,1,3,110,1,1,60.0,0,I,MELB_URBAN,ROAD,4,13.0
4257,1,2,121,2,3,60.0,0,I,MELB_URBAN,STREET,4,20.0
4258,1,2,132,5,2,50.0,0,N,MELB_URBAN,ROAD,4,16.0
4259,4,4,173,5,1,100.0,0,N,RURAL_VICTORIA,ROAD,4,10.0
4260,1,3,140,5,1,60.0,0,N,MELB_URBAN,ROAD,4,12.0
4261,5,7,99,5,1,60.0,0,N,RURAL_VICTORIA,OTHER,4,13.0
4262,1,3,113,1,1,50.0,0,I,TOWNS,AVENUE,4,13.0
4263,1,3,113,2,1,60.0,0,I,MELB_URBAN,ROAD,4,13.0
4264,4,3,173,5,1,100.0,0,N,RURAL_VICTORIA,HIGHWAY,4,13.0
4265,1,3,110,1,1,60.0,0,I,LARGE_PROVINCIAL_CITIES,STREET,4,14.0
4266,1,3,140,5,1,50.0,0,N,SMALL_CITIES,AVENUE,4,12.0
4267,1,5,132,1,1,40.0,0,I,MELB_URBAN,STREET,4,7.0
4268,6,3,99,5,1,100.0,0,N,RURAL_VICTORIA,ROAD,4,14.0
4269,8,1,174,5,1,50.0,0,N,LARGE_PROVINCIAL_CITIES,STREET,4,14.0
4270,6,3,99,5,1,80.0,0,N,MELB_URBAN,ROAD,4,14.0
4271,1,3,113,2,1,70.0,0,I,MELB_URBAN,ROAD,4,16.0
4272,1,6,130,5,3,40.0,0,N,MELB_URBAN,ROAD,4,23.0
4273,1,1,160,5,6,60.0,0,N,MELB_URBAN,ROAD,4,0.0
4274,1,3,120,5,1,70.0,0,N,MELB_URBAN,ROAD,4,11.0
4275,1,3,132,2,1,60.0,0,I,MELB_URBAN,ROAD,4,16.0
4276,2,3,99,5,3,60.0,0,N,MELB_URBAN,ROAD,4,18.0
4277,2,3,99,5,3,50.0,0,N,MELB_URBAN,OTHER,4,17.0
4278,6,3,99,5,5,100.0,0,N,RURAL_VICTORIA,ROAD,4,18.0
4279,4,3,181,5,5,60.0,0,N,MELB_URBAN,ROAD,4,18.0
4280,4,3,171,5,3,60.0,0,N,MELB_URBAN,STREET,4,19.0
4281,1,3,130,5,1,50.0,0,N,LARGE_PROVINCIAL_CITIES,ROAD,4,16.0
4282,1,1,121,2,3,60.0,0,I,MELB_URBAN,AVENUE,3,23.0
4283,2,3,99,5,3,80.0,0,N,MELB_URBAN,ROAD,4,20.0
4284,4,3,171,5,5,110.0,0,N,RURAL_VICTORIA,FREEWAY,4,22.0
4285,2,4,102,1,3,50.0,0,I,MELBOURNE_CBD,STREET,4,3.0
4286,4,4,171,2,3,50.0,0,I,MELB_URBAN,OTHER,4,1.0
4287,2,6,102,5,3,60.0,0,N,MELB_URBAN,PARADE,4,19.0
4288,8,4,174,5,1,50.0,0,N,MELB_URBAN,STREET,3,11.0
4289,4,3,171,5,1,110.0,0,N,RURAL_VICTORIA,FREEWAY,4,15.0
4290,4,4,171,2,1,50.0,0,I,MELB_URBAN,STREET,4,10.0
4291,1,3,120,5,1,100.0,0,N,RURAL_VICTORIA,HIGHWAY,4,13.0
4292,1,6,130,1,2,80.0,0,N,MELB_URBAN,ROAD,4,18.0
4293,1,4,113,2,1,80.0,0,I,MELB_URBAN,ROAD,4,11.0
4294,1,2,99,5,1,100.0,0,N,MELB_URBAN,FREEWAY,4,13.0
4295,1,3,130,5,1,40.0,0,N,MELB_URBAN,ROAD,4,14.0
4296,1,3,147,5,1,50.0,0,N,MELB_URBAN,AVENUE,4,14.0
4297,3,7,167,5,1,100.0,0,N,RURAL_VICTORIA,ROAD,4,12.0
4298,4,4,171,2,1,50.0,0,I,MELB_URBAN,OTHER,4,8.0
4299,4,4,181,5,1,80.0,0,N,RURAL_VICTORIA,ROAD,4,12.0
4300,1,4,130,5,1,60.0,0,N,MELB_URBAN,ROAD,4,13.0
4301,7,5,174,1,1,50.0,0,I,MELB_URBAN,ROAD,4,17.0
4302,1,3,132,1,6,50.0,0,I,MELB_URBAN,STREET,4,19.0
4303,1,4,133,5,1,100.0,0,N,MELB_URBAN,FREEWAY,4,12.0
4304,4,1,173,5,1,80.0,0,N,RURAL_VICTORIA,STREET,4,16.0
4305,1,2,130,1,1,40.0,0,I,RURAL_VICTORIA,HIGHWAY,4,12.0
4306,1,4,116,2,1,60.0,0,I,MELB_URBAN,ROAD,4,14.0
4307,1,3,110,1,1,100.0,0,I,RURAL_VICTORIA,ROAD,4,15.0
4308,1,1,130,5,3,50.0,0,N,MELB_URBAN,ROAD,4,0.0
4309,4,2,171,5,5,110.0,0,N,RURAL_VICTORIA,OTHER,4,19.0
4310,1,3,99,2,1,50.0,0,I,MELB_URBAN,ROAD,4,14.0
4311,4,4,171,2,1,70.0,0,I,MELB_URBAN,ROAD,4,15.0
4312,4,4,183,5,1,80.0,0,N,RURAL_VICTORIA,HIGHWAY,4,15.0
4313,6,4,170,5,1,100.0,0,N,RURAL_VICTORIA,ROAD,4,9.0
4314,6,4,99,5,2,60.0,0,N,MELB_URBAN,ROAD,4,16.0
4315,1,4,120,5,1,60.0,0,N,MELB_URBAN,ROAD,4,13.0
4316,1,4,110,1,3,50.0,0,I,MELBOURNE_CBD,STREET,4,18.0
4317,3,4,167,5,5,100.0,0,N,RURAL_VICTORIA,ROAD,4,5.0
4318,1,4,110,1,3,80.0,0,I,MELB_URBAN,HIGHWAY,4,21.0
4319,1,3,121,2,3,60.0,0,I,MELB_URBAN,ROAD,4,23.0
4320,4,4,99,2,3,60.0,0,I,TOWNS,STREET,4,23.0
4321,2,5,102,2,3,50.0,0,I,MELB_URBAN,AVENUE,4,5.0
4322,2,5,100,1,1,50.0,0,I,MELB_URBAN,ROAD,4,8.0
4323,4,5,171,1,3,70.0,0,I,MELB_URBAN,ROAD,4,3.0
4324,4,3,171,5,3,50.0,0,N,MELB_URBAN,DRIVE,4,20.0
4325,1,4,130,5,1,60.0,0,N,MELB_URBAN,STREET,4,12.0
4326,3,5,167,5,1,100.0,0,N,RURAL_VICTORIA,ROAD,4,7.0
4327,1,5,130,1,1,40.0,0,I,MELB_URBAN,ROAD,4,12.0
4328,4,4,171,5,3,50.0,0,N,MELB_URBAN,OTHER,4,19.0
4329,1,5,121,2,1,60.0,0,I,MELB_URBAN,ROAD,4,8.0
4330,1,5,132,2,1,70.0,0,I,MELB_URBAN,ROAD,4,8.0
4331,4,5,171,5,1,50.0,0,N,MELB_URBAN,STREET,4,8.0
4332,1,5,111,4,1,70.0,0,I,LARGE_PROVINCIAL_CITIES,STREET,4,9.0
4333,4,2,181,5,2,100.0,0,N,RURAL_VICTORIA,ROAD,4,17.0
4334,1,5,99,2,1,40.0,0,I,MELB_URBAN,STREET,4,8.0
4335,1,5,120,2,1,60.0,0,I,MELB_URBAN,ROAD,4,8.0
4336,8,4,174,5,2,50.0,0,N,MELB_URBAN,STREET,2,18.0
4337,1,6,121,1,3,60.0,0,I,MELB_URBAN,ROAD,4,19.0
4338,1,5,113,2,1,60.0,0,I,MELB_URBAN,ROAD,4,12.0
4339,1,4,130,5,1,60.0,0,N,MELB_URBAN,ROAD,3,10.0
4340,1,5,120,5,1,80.0,0,N,TOWNS,ROAD,4,11.0
4341,4,5,173,2,1,50.0,0,I,MELB_URBAN,OTHER,4,13.0
4342,2,2,102,5,5,60.0,0,N,MELB_URBAN,ROAD,4,18.0
4343,4,5,171,5,1,50.0,0,I,MELB_URBAN,PARADE,4,12.0
4344,1,5,135,5,1,75.0,0,N,MELB_URBAN,ROAD,4,16.0
4345,1,4,130,1,1,60.0,0,I,MELB_URBAN,AVENUE,4,11.0
4346,1,5,110,1,1,50.0,0,I,MELB_URBAN,STREET,4,10.0
4347,1,2,135,3,3,80.0,0,I,MELB_URBAN,ROAD,4,18.0
4348,1,5,121,2,1,60.0,0,I,MELB_URBAN,ROAD,4,16.0
4349,4,5,173,5,1,100.0,0,N,RURAL_VICTORIA,ROAD,4,16.0
4350,1,5,110,1,1,60.0,0,I,TOWNS,STREET,4,15.0
4351,1,5,121,2,2,70.0,0,I,MELB_URBAN,ROAD,4,17.0
4352,1,5,130,1,1,40.0,0,I,MELB_URBAN,ROAD,4,9.0
4353,4,5,183,5,1,50.0,0,N,MELB_URBAN,ROAD,4,16.0
4354,1,5,121,1,3,60.0,0,I,MELB_URBAN,ROAD,4,19.0
4355,1,5,132,2,5,60.0,0,I,MELB_URBAN,STREET,4,18.0
4356,2,5,99,2,3,60.0,0,I,MELB_URBAN,ROAD,4,19.0
4357,1,5,135,1,3,40.0,0,I,MELB_URBAN,STREET,4,18.0
4358,1,5,160,5,3,60.0,0,N,MELB_URBAN,UNKNOWN,4,21.0
4359,1,5,121,5,3,60.0,0,N,MELB_URBAN,STREET,4,22.0
4360,1,4,133,5,1,80.0,0,N,MELB_URBAN,ROAD,3,11.0
4361,1,5,120,5,5,60.0,1,N,LARGE_PROVINCIAL_CITIES,ROAD,4,22.0
4362,1,3,130,2,1,80.0,0,I,MELB_URBAN,HIGHWAY,4,17.0
4363,1,4,132,2,1,50.0,0,I,MELB_URBAN,STREET,4,13.0
4364,1,6,147,5,1,50.0,0,N,MELB_URBAN,STREET,4,7.0
4365,8,1,99,5,1,60.0,0,N,SMALL_TOWNS,ROAD,4,13.0
4366,1,3,132,5,1,80.0,0,N,SMALL_CITIES,HIGHWAY,2,15.0
4367,4,1,171,2,5,100.0,0,I,RURAL_VICTORIA,ROAD,4,18.0
4368,1,6,130,5,1,100.0,0,N,RURAL_VICTORIA,HIGHWAY,4,8.0
4369,1,5,113,2,5,60.0,0,I,MELB_URBAN,ROAD,4,20.0
4370,1,6,121,2,1,60.0,0,I,MELB_URBAN,STREET,4,9.0
4371,1,6,110,1,1,60.0,0,I,MELB_URBAN,ROAD,4,9.0
4372,2,6,100,5,1,60.0,0,N,MELB_URBAN,ROAD,4,9.0
4373,1,4,130,2,9,50.0,0,I,MELB_URBAN,STREET,4,18.0
4374,1,6,113,1,1,80.0,0,I,MELB_URBAN,ROAD,4,9.0
4375,1,7,147,5,1,50.0,0,N,SMALL_CITIES,STREET,3,9.0
4376,1,6,110,1,1,60.0,0,I,MELB_URBAN,ROAD,4,13.0
4377,1,6,111,2,1,50.0,0,I,MELB_URBAN,OTHER,4,12.0
4378,1,5,130,2,9,60.0,0,I,MELB_URBAN,ROAD,3,9.0
4379,1,6,130,1,1,70.0,0,I,LARGE_PROVINCIAL_CITIES,HIGHWAY,4,14.0
4380,1,6,130,1,1,60.0,0,I,MELB_URBAN,ROAD,4,13.0
4381,4,3,173,5,5,100.0,0,N,RURAL_VICTORIA,ROAD,4,21.0
4382,1,3,130,1,5,70.0,0,I,MELB_URBAN,ROAD,4,20.0
4383,6,6,99,5,1,110.0,0,N,RURAL_VICTORIA,FREEWAY,4,14.0
4384,1,6,130,1,1,60.0,0,I,MELB_URBAN,ROAD,4,8.0
4385,4,6,171,5,3,80.0,0,N,MELB_URBAN,HIGHWAY,4,1.0
4386,2,6,100,5,1,60.0,1,N,MELB_URBAN,ROAD,4,13.0
4387,1,6,113,1,1,50.0,0,I,MELB_URBAN,STREET,4,7.0
4388,1,6,130,2,1,60.0,0,I,MELB_URBAN,STREET,4,17.0
4389,4,6,171,5,1,100.0,0,N,RURAL_VICTORIA,HIGHWAY,4,16.0
4390,1,6,120,5,1,70.0,0,N,MELB_URBAN,STREET,4,16.0
4391,8,6,99,2,1,100.0,0,I,RURAL_VICTORIA,ROAD,4,16.0
4392,8,6,174,5,3,60.0,0,N,MELB_URBAN,ROAD,4,17.0
4393,1,4,113,4,3,80.0,0,I,MELB_URBAN,HIGHWAY,4,21.0
4394,6,3,99,5,9,60.0,0,N,RURAL_VICTORIA,ROAD,4,16.0
4395,1,6,130,5,1,70.0,0,N,LARGE_PROVINCIAL_CITIES,PARADE,4,16.0
4396,1,6,121,2,1,60.0,0,I,MELB_URBAN,OTHER,4,16.0
4397,4,6,181,5,5,100.0,0,N,RURAL_VICTORIA,ROAD,4,17.0
4398,1,6,99,2,3,60.0,0,I,MELB_URBAN,HIGHWAY,4,19.0
4399,1,6,133,5,1,100.0,0,N,MELB_URBAN,FREEWAY,4,11.0
4400,1,6,99,2,3,50.0,0,I,LARGE_PROVINCIAL_CITIES,STREET,4,18.0
4401,1,6,110,1,3,50.0,0,I,MELB_URBAN,STREET,4,19.0
4402,4,6,171,2,2,60.0,0,I,MELB_URBAN,STREET,4,6.0
4403,1,6,99,5,3,60.0,0,N,MELB_URBAN,STREET,4,21.0
4404,4,6,183,5,2,110.0,0,N,RURAL_VICTORIA,FREEWAY,4,6.0
4405,1,7,121,1,3,60.0,0,N,MELB_URBAN,PARADE,4,0.0
4406,1,6,160,5,3,60.0,0,N,LARGE_PROVINCIAL_CITIES,STREET,4,23.0
4407,4,7,173,5,5,100.0,0,N,TOWNS,ROAD,4,1.0
4408,1,7,116,2,1,60.0,0,I,MELB_URBAN,ROAD,4,9.0
4409,1,7,110,1,1,60.0,0,I,MELB_URBAN,STREET,4,9.0
4410,4,7,171,5,1,100.0,0,N,RURAL_VICTORIA,ROAD,4,15.0
4411,2,6,99,5,1,70.0,0,N,MELB_URBAN,ROAD,4,16.0
4412,1,7,111,2,1,60.0,0,I,MELB_URBAN,ROAD,4,9.0
4413,1,6,130,5,1,60.0,0,N,MELB_URBAN,ROAD,4,16.0
4414,1,7,121,4,1,80.0,0,N,LARGE_PROVINCIAL_CITIES,ROAD,4,10.0
4415,1,7,130,5,1,60.0,0,N,MELB_URBAN,STREET,4,10.0
4416,1,7,163,5,1,50.0,0,N,MELBOURNE_CBD,STREET,4,13.0
4417,1,7,121,1,1,60.0,0,I,MELB_URBAN,OTHER,4,13.0
4418,1,7,110,1,1,60.0,0,I,SMALL_CITIES,STREET,4,14.0
4419,4,7,171,5,1,100.0,0,N,RURAL_VICTORIA,HIGHWAY,4,14.0
4420,1,7,99,2,1,60.0,0,I,MELB_URBAN,ROAD,4,14.0
4421,1,7,171,1,1,50.0,0,I,TOWNS,STREET,4,11.0
4422,1,7,130,4,1,60.0,0,I,MELB_URBAN,AVENUE,4,15.0
4423,1,6,120,2,5,80.0,0,I,RURAL_VICTORIA,HIGHWAY,4,21.0
4424,8,7,184,5,1,50.0,0,N,MELB_URBAN,BOULEVARD,4,8.0
4425,1,7,130,5,1,60.0,0,N,MELB_URBAN,OTHER,4,11.0
4426,1,6,99,5,1,50.0,0,N,MELB_URBAN,OTHER,2,8.0
4427,4,7,181,5,1,100.0,0,N,RURAL_VICTORIA,OTHER,4,13.0
4428,1,7,111,1,1,80.0,0,I,RURAL_VICTORIA,FREEWAY,4,9.0
4429,2,7,99,5,1,60.0,0,N,MELB_URBAN,ROAD,4,15.0
4430,1,7,111,1,6,60.0,0,I,MELB_URBAN,ROAD,4,20.0
4431,1,7,116,2,3,70.0,0,I,MELB_URBAN,STREET,4,20.0
4432,4,7,173,5,5,100.0,0,N,RURAL_VICTORIA,HIGHWAY,4,5.0
4433,2,7,100,2,3,70.0,0,I,MELB_URBAN,ROAD,4,23.0
4434,4,7,173,1,3,60.0,0,I,MELB_URBAN,ROAD,4,20.0