,accident_type,day_of_week,dca_code,road_geometry,light_condition,speed_zone,severity,node_type,deg_urban_name,road_type,month,hour
4435,4,1,173,2,3,60.0,0,I,MELB_URBAN,ROAD,4,2.0
4436,1,6,121,1,3,60.0,0,I,MELB_URBAN,STREET,4,21.0
4437,1,2,116,1,3,80.0,0,I,MELB_URBAN,OTHER,4,19.0
4438,1,4,130,5,1,70.0,0,N,SMALL_CITIES,HIGHWAY,2,8.0
4439,1,7,132,1,3,70.0,0,I,MELB_URBAN,ROAD,4,18.0
4440,1,1,111,1,1,50.0,0,I,MELB_URBAN,ROAD,4,9.0
4441,1,7,111,2,1,70.0,0,I,MELB_URBAN,FREEWAY,4,12.0
4442,1,1,99,2,1,60.0,0,I,MELB_URBAN,ROAD,4,11.0
4443,1,1,163,5,1,60.0,0,N,MELB_URBAN,ROAD,4,13.0
4444,1,1,130,2,1,70.0,0,I,MELB_URBAN,ROAD,4,12.0
4445,1,1,130,1,1,80.0,0,I,RURAL_VICTORIA,HIGHWAY,4,12.0
4446,7,1,174,5,1,70.0,0,N,MELB_URBAN,ROAD,4,14.0
4447,8,7,174,5,1,60.0,0,N,RURAL_VICTORIA,ROAD,4,14.0
4448,1,7,99,2,3,60.0,0,I,MELB_URBAN,STREET,4,21.0
4449,1,5,147,5,1,50.0,0,N,MELB_URBAN,ROAD,4,16.0
4450,1,7,113,2,3,60.0,0,I,MELB_URBAN,HIGHWAY,4,19.0
4451,1,1,120,5,1,100.0,0,N,RURAL_VICTORIA,ROAD,4,13.0
4452,4,7,99,2,3,50.0,0,I,MELB_URBAN,AVENUE,4,20.0
4453,4,6,173,5,3,60.0,0,N,SMALL_CITIES,ROAD,4,19.0
4454,1,6,130,4,1,50.0,0,I,LARGE_PROVINCIAL_CITIES,ROAD,4,15.0
4455,1,1,121,2,2,70.0,0,I,TOWNS,OTHER,4,17.0
4456,1,1,130,2,1,60.0,0,I,TOWNS,STREET,4,12.0
4457,1,1,121,2,2,70.0,0,I,MELB_URBAN,ROAD,4,17.0
4458,1,1,121,1,3,70.0,0,I,MELB_URBAN,ROAD,4,18.0
4459,1,1,111,1,3,50.0,0,I,MELB_URBAN,STREET,4,18.0
4460,1,1,121,1,3,70.0,0,I,MELB_URBAN,ROAD,4,20.0
4461,4,1,171,5,5,100.0,0,N,RURAL_VICTORIA,HIGHWAY,4,20.0
4462,1,1,99,5,5,110.0,0,N,TOWNS,FREEWAY,4,20.0
4463,4,5,173,2,1,60.0,0,N,MELB_URBAN,DRIVE,4,9.0
4464,4,2,173,5,5,100.0,0,N,RURAL_VICTORIA,FREEWAY,4,0.0
4465,1,2,134,5,1,50.0,0,N,MELBOURNE_CBD,STREET,4,7.0
4466,1,4,121,4,6,60.0,0,I,MELB_URBAN,ROAD,2,22.0
4467,1,5,99,1,2,60.0,0,I,SMALL_CITIES,ROAD,4,7.0
4468,1,1,130,5,1,50.0,0,N,MELB_URBAN,ROAD,4,8.0
4469,1,1,113,2,1,80.0,0,I,SMALL_CITIES,HIGHWAY,4,16.0
4470,1,2,130,2,1,60.0,0,I,MELB_URBAN,ROAD,4,9.0
4471,1,7,130,5,1,60.0,0,N,MELB_URBAN,ROAD,4,16.0
4472,1,2,113,1,1,50.0,0,I,MELB_URBAN,ROAD,4,8.0
4473,1,2,130,2,1,60.0,0,I,MELB_URBAN,ROAD,4,10.0
4474,1,6,120,5,1,100.0,0,N,RURAL_VICTORIA,ROAD,4,10.0
4475,1,2,99,2,1,100.0,0,I,RURAL_VICTORIA,ROAD,4,9.0
4476,1,2,110,4,1,60.0,0,N,MELB_URBAN,ROAD,4,13.0
4477,1,2,121,1,1,50.0,0,I,MELBOURNE_CBD,STREET,4,13.0
4478,1,3,130,5,6,80.0,0,N,MELB_URBAN,FREEWAY,4,18.0
4479,1,1,121,1,1,60.0,0,I,MELB_URBAN,ROAD,4,16.0
4480,1,2,113,2,1,60.0,0,I,MELB_URBAN,ROAD,4,13.0
4481,1,2,111,2,1,80.0,0,N,MELB_URBAN,HIGHWAY,4,13.0
4482,2,2,99,1,1,60.0,0,I,MELB_URBAN,STREET,4,15.0
4483,8,3,174,1,3,70.0,0,I,MELB_URBAN,HIGHWAY,4,21.0
4484,1,2,121,2,1,80.0,0,I,MELB_URBAN,ROAD,4,16.0
4485,7,1,174,1,1,50.0,0,I,MELB_URBAN,AVENUE,4,15.0
4486,1,2,140,5,1,40.0,0,N,MELB_URBAN,ROAD,4,14.0
4487,1,2,99,1,3,60.0,0,I,MELB_URBAN,ROAD,4,18.0
4488,1,2,121,1,2,60.0,0,I,MELB_URBAN,STREET,4,16.0
4489,4,2,181,5,1,50.0,0,N,MELB_URBAN,ROAD,4,15.0
4490,1,2,135,1,1,60.0,0,I,MELB_URBAN,STREET,4,16.0
4491,4,2,173,1,1,100.0,0,I,RURAL_VICTORIA,ROAD,4,17.0
4492,1,2,130,2,3,80.0,0,N,MELB_URBAN,STREET,4,17.0
4493,1,2,120,5,1,100.0,0,N,RURAL_VICTORIA,ROAD,4,16.0
4494,3,2,167,5,5,100.0,0,N,RURAL_VICTORIA,HIGHWAY,4,18.0
4495,1,2,130,5,3,70.0,0,N,MELB_URBAN,ROAD,4,18.0
4496,8,7,174,5,1,100.0,0,N,RURAL_VICTORIA,ROAD,4,11.0
4497,1,2,130,5,3,60.0,0,N,MELB_URBAN,STREET,4,18.0
4498,2,2,99,5,1,50.0,0,N,SMALL_CITIES,STREET,4,16.0
4499,1,1,130,1,2,80.0,0,N,MELB_URBAN,ROAD,4,17.0
4500,4,2,183,5,1,50.0,0,N,SMALL_CITIES,OTHER,4,17.0
4501,1,2,110,1,3,60.0,0,I,MELB_URBAN,STREET,4,21.0
4502,4,2,99,2,3,100.0,0,I,RURAL_VICTORIA,ROAD,4,4.0
4503,4,2,183,4,3,100.0,1,I,MELB_URBAN,ROAD,4,21.0
4504,1,2,130,2,3,70.0,0,I,MELB_URBAN,ROAD,4,23.0
4505,4,1,173,2,5,100.0,0,I,RURAL_VICTORIA,HIGHWAY,4,18.0
4506,7,2,184,5,1,100.0,0,N,RURAL_VICTORIA,ROAD,4,12.0
4507,1,2,130,1,1,60.0,0,I,MELB_URBAN,ROAD,4,11.0
4508,1,2,110,1,1,50.0,0,I,MELB_URBAN,STREET,4,11.0
4509,8,6,99,5,6,60.0,0,N,MELB_URBAN,STREET,4,5.0
4510,1,3,113,2,1,60.0,0,I,LARGE_PROVINCIAL_CITIES,ROAD,5,12.0
4511,1,3,130,2,1,80.0,0,I,MELB_URBAN,ROAD,5,10.0
4512,1,2,120,5,1,60.0,0,N,MELB_URBAN,ROAD,4,17.0
4513,1,3,113,2,1,50.0,0,I,MELB_URBAN,STREET,5,9.0
4514,1,3,113,2,1,70.0,0,I,MELB_URBAN,ROAD,5,8.0
4515,1,3,130,2,1,60.0,0,I,MELB_URBAN,HIGHWAY,5,13.0
4516,1,3,134,2,1,70.0,0,I,MELB_URBAN,ROAD,5,12.0
4517,6,3,170,5,1,60.0,0,N,RURAL_VICTORIA,ROAD,5,12.0
4518,1,3,110,1,1,50.0,0,I,SMALL_CITIES,STREET,5,14.0
4519,2,3,99,5,1,60.0,0,N,MELB_URBAN,ROAD,5,14.0
4520,1,3,110,1,1,60.0,0,I,MELB_URBAN,STREET,5,14.0
4521,1,3,121,2,1,60.0,0,I,MELB_URBAN,STREET,5,15.0
4522,1,2,121,1,1,60.0,0,I,LARGE_PROVINCIAL_CITIES,AVENUE,4,17.0
4523,1,3,121,1,2,50.0,0,I,LARGE_PROVINCIAL_CITIES,STREET,5,16.0
4524,2,3,99,1,1,60.0,0,I,MELB_URBAN,STREET,5,12.0
4525,2,3,99,5,2,40.0,0,N,MELB_URBAN,STREET,5,17.0
4526,1,3,130,5,1,50.0,0,N,LARGE_PROVINCIAL_CITIES,ROAD,5,16.0
4527,1,3,160,5,1,50.0,0,N,LARGE_PROVINCIAL_CITIES,ROAD,5,16.0
4528,1,3,163,5,3,40.0,0,N,MELB_URBAN,STREET,5,17.0
4529,8,7,174,5,2,50.0,0,N,RURAL_VICTORIA,ROAD,4,17.0
4530,1,3,130,5,1,100.0,1,N,RURAL_VICTORIA,ROAD,5,16.0
4531,1,3,130,1,3,80.0,0,I,MELB_URBAN,ROAD,5,18.0
4532,1,2,130,2,1,80.0,0,N,MELB_URBAN,ROAD,4,17.0
4533,1,3,163,5,3,60.0,0,N,MELB_URBAN,ROAD,5,18.0
4534,1,3,110,1,5,60.0,0,I,SMALL_TOWNS,ROAD,5,18.0
4535,1,3,120,5,1,60.0,0,N,MELB_URBAN,ROAD,5,12.0
4536,2,3,102,2,3,60.0,0,I,MELB_URBAN,ROAD,5,19.0
4537,1,3,99,2,2,70.0,0,I,MELB_URBAN,ROAD,5,17.0
4538,4,4,183,5,5,100.0,0,N,RURAL_VICTORIA,ROAD,5,2.0
4539,4,4,171,5,3,100.0,0,N,MELB_URBAN,RAMP,5,5.0
4540,4,3,173,5,5,80.0,0,N,RURAL_VICTORIA,ROAD,5,23.0
4541,1,4,140,5,2,60.0,0,N,LARGE_PROVINCIAL_CITIES,STREET,5,7.0
4542,6,3,99,3,5,100.0,0,N,RURAL_VICTORIA,ROAD,6,5.0
4543,8,4,174,1,1,60.0,0,I,MELB_URBAN,ROAD,5,9.0
4544,1,4,120,5,5,60.0,0,N,MELB_URBAN,ROAD,5,6.0
4545,4,3,173,5,1,100.0,0,N,MELB_URBAN,UNKNOWN,5,16.0
4546,2,4,100,2,2,80.0,0,I,MELB_URBAN,HIGHWAY,5,6.0
4547,1,4,120,5,1,60.0,0,N,SMALL_CITIES,ROAD,5,7.0
4548,2,4,102,2,1,50.0,0,I,LARGE_PROVINCIAL_CITIES,STREET,5,9.0
4549,1,4,110,1,1,60.0,0,I,SMALL_TOWNS,ROAD,5,10.0
4550,2,4,102,1,3,60.0,0,I,MELB_URBAN,ROAD,5,6.0
4551,6,2,184,5,1,80.0,0,N,RURAL_VICTORIA,ROAD,4,12.0
4552,1,3,130,1,2,50.0,0,I,MELB_URBAN,STREET,5,17.0
4553,1,4,120,5,1,60.0,0,N,MELB_URBAN,ROAD,5,10.0
4554,1,4,130,2,1,80.0,0,I,MELB_URBAN,AVENUE,5,10.0
4555,1,4,171,1,1,60.0,0,I,TOWNS,STREET,5,10.0
4556,4,3,173,5,1,100.0,1,N,RURAL_VICTORIA,ROAD,5,15.0
4557,1,4,147,2,1,70.0,0,I,MELB_URBAN,ROAD,5,11.0
4558,1,4,99,2,1,50.0,0,I,MELB_URBAN,ROAD,5,12.0
4559,1,4,130,5,1,100.0,0,N,RURAL_VICTORIA,ROAD,5,8.0
4560,1,2,110,1,1,50.0,0,I,SMALL_CITIES,STREET,4,14.0
4561,4,4,171,1,1,70.0,0,I,MELB_URBAN,ROAD,5,9.0
4562,1,2,121,1,3,60.0,0,N,MELB_URBAN,PARADE,4,19.0
4563,4,4,171,1,1,80.0,0,N,MELB_URBAN,ROAD,5,13.0
4564,1,4,130,5,1,60.0,0,N,LARGE_PROVINCIAL_CITIES,STREET,5,11.0
4565,1,5,110,1,1,60.0,0,I,MELB_URBAN,ROAD,4,9.0
4566,4,3,171,1,1,50.0,0,I,MELB_URBAN,OTHER,5,12.0
4567,1,4,147,2,1,50.0,0,I,MELB_URBAN,ROAD,5,15.0
4568,2,4,100,5,1,50.0,0,N,TOWNS,STREET,5,15.0
4569,1,4,113,1,1,70.0,0,I,MELB_URBAN,AVENUE,5,15.0
4570,4,4,171,5,1,90.0,0,N,RURAL_VICTORIA,HIGHWAY,5,15.0
4571,1,4,160,1,1,50.0,0,I,MELB_URBAN,STREET,5,15.0
4572,1,4,132,2,2,60.0,0,I,MELB_URBAN,ROAD,5,16.0
4573,1,3,120,5,1,60.0,0,N,RURAL_VICTORIA,HIGHWAY,2,18.0
4574,1,4,110,1,1,50.0,0,I,MELB_URBAN,OTHER,5,16.0
4575,1,4,140,1,1,50.0,0,I,LARGE_PROVINCIAL_CITIES,STREET,5,16.0
4576,1,4,130,5,2,70.0,0,N,MELB_URBAN,ROAD,5,17.0
4577,4,5,173,2,9,60.0,0,I,SMALL_CITIES,ROAD,4,15.0
4578,2,4,99,5,1,50.0,0,N,MELBOURNE_CBD,STREET,5,9.0
4579,2,4,100,5,4,70.0,0,N,MELB_URBAN,ROAD,5,18.0
4580,1,3,120,5,1,40.0,0,N,RURAL_VICTORIA,ROAD,5,16.0
4581,1,4,99,2,3,60.0,0,I,MELB_URBAN,ROAD,5,19.0
4582,5,4,99,5,1,60.0,0,N,RURAL_VICTORIA,OTHER,2,14.0
4583,8,4,174,5,3,60.0,0,N,MELB_URBAN,STREET,5,18.0
4584,4,4,171,5,3,80.0,0,N,MELB_URBAN,ROAD,5,18.0
4585,1,4,130,5,1,80.0,0,N,RURAL_VICTORIA,HIGHWAY,5,16.0
4586,1,4,173,5,3,50.0,0,N,MELB_URBAN,ROAD,5,3.0
4587,1,4,110,1,1,70.0,0,N,MELB_URBAN,ROAD,5,13.0
4588,1,5,111,2,5,80.0,0,I,MELB_URBAN,ROAD,5,6.0
4589,4,5,171,5,4,80.0,0,N,RURAL_VICTORIA,HIGHWAY,5,5.0
4590,8,5,174,5,1,100.0,0,N,MELB_URBAN,FREEWAY,5,7.0
4591,1,5,135,1,1,80.0,0,I,MELB_URBAN,HIGHWAY,5,6.0
4592,8,7,174,5,1,100.0,0,N,RURAL_VICTORIA,OTHER,4,9.0
4593,1,5,121,2,1,80.0,0,I,MELB_URBAN,ROAD,5,10.0
4594,1,5,130,5,1,80.0,0,N,MELB_URBAN,ROAD,5,9.0
4595,1,5,110,1,1,60.0,0,I,MELB_URBAN,ROAD,5,8.0
4596,1,5,110,1,1,50.0,0,I,LARGE_PROVINCIAL_CITIES,STREET,5,10.0
4597,1,5,110,1,1,50.0,0,I,MELB_URBAN,STREET,5,10.0
4598,1,5,132,2,1,60.0,0,I,SMALL_CITIES,ROAD,4,11.0
4599,1,5,116,1,1,100.0,0,I,RURAL_VICTORIA,ROAD,5,9.0
4600,1,3,99,1,1,60.0,0,I,LARGE_PROVINCIAL_CITIES,STREET,2,17.0
4601,1,5,130,1,1,70.0,0,I,MELB_URBAN,ROAD,5,11.0
4602,3,4,167,5,5,100.0,0,N,RURAL_VICTORIA,HIGHWAY,5,21.0
4603,1,5,130,2,1,50.0,0,I,MELB_URBAN,STREET,5,11.0
4604,1,5,132,2,1,100.0,0,I,RURAL_VICTORIA,HIGHWAY,5,11.0
4605,1,3,121,1,3,70.0,0,I,MELB_URBAN,HIGHWAY,5,19.0
4606,2,4,100,1,1,60.0,1,N,MELB_URBAN,ROAD,5,12.0
4607,1,5,113,2,1,60.0,0,I,MELB_URBAN,DRIVE,5,10.0
4608,1,5,121,2,1,70.0,0,I,MELB_URBAN,ROAD,5,13.0
4609,4,5,173,5,1,80.0,0,N,MELB_URBAN,AVENUE,5,13.0
4610,1,5,134,5,2,60.0,0,N,MELB_URBAN,FREEWAY,4,16.0
4611,2,5,100,5,1,60.0,0,N,MELB_URBAN,AVENUE,5,14.0
4612,1,5,120,5,1,50.0,0,N,MELB_URBAN,DRIVE,5,12.0
4613,2,3,99,2,1,60.0,0,I,LARGE_PROVINCIAL_CITIES,STREET,4,10.0
4614,4,5,173,5,1,60.0,0,N,MELB_URBAN,DRIVE,5,14.0
4615,4,5,173,5,1,100.0,0,N,RURAL_VICTORIA,ROAD,5,14.0
4616,4,5,171,2,1,60.0,1,I,MELB_URBAN,STREET,5,13.0
4617,2,5,100,2,1,60.0,0,I,MELB_URBAN,HIGHWAY,5,14.0
4618,1,4,99,5,3,60.0,0,N,SMALL_CITIES,AVENUE,5,20.0
4619,4,5,171,2,2,60.0,0,I,MELB_URBAN,ROAD,5,17.0
4620,1,5,99,4,1,100.0,0,N,MELB_URBAN,ROAD,5,14.0
4621,1,5,120,5,3,60.0,0,N,MELB_URBAN,ROAD,5,18.0
4622,1,5,130,1,1,80.0,0,I,SMALL_TOWNS,HIGHWAY,5,15.0
4623,1,5,113,2,1,60.0,0,I,MELB_URBAN,ROAD,5,15.0
4624,1,5,99,2,1,70.0,0,I,LARGE_PROVINCIAL_CITIES,OTHER,4,17.0
4625,4,5,171,2,3,50.0,0,I,MELB_URBAN,AVENUE,5,17.0
4626,4,5,99,5,1,80.0,1,N,MELB_URBAN,ROAD,5,17.0
4627,1,5,120,5,1,90.0,0,N,MELB_URBAN,HIGHWAY,5,16.0
4628,1,5,120,5,5,100.0,0,N,RURAL_VICTORIA,HIGHWAY,5,21.0
4629,6,5,170,5,3,80.0,0,N,MELB_URBAN,UNKNOWN,5,18.0
4630,1,5,121,2,2,60.0,0,I,MELB_URBAN,ROAD,5,17.0
4631,1,5,134,1,1,60.0,0,I,LARGE_PROVINCIAL_CITIES,ROAD,5,8.0
4632,1,6,121,1,3,60.0,0,I,MELB_URBAN,STREET,5,6.0
4633,4,5,173,5,1,90.0,0,N,RURAL_VICTORIA,ROAD,5,13.0
4634,4,5,181,5,1,100.0,0,N,RURAL_VICTORIA,ROAD,5,14.0
4635,1,6,113,1,1,80.0,0,I,MELB_URBAN,HIGHWAY,5,7.0
4636,4,5,173,5,1,50.0,0,N,MELB_URBAN,OTHER,5,15.0
4637,4,6,171,2,1,50.0,0,I,MELB_URBAN,ROAD,5,7.0
4638,1,5,121,2,2,60.0,0,I,MELB_URBAN,DRIVE,5,16.0
4639,1,5,99,2,1,40.0,0,I,MELB_URBAN,STREET,5,15.0
4640,1,6,160,5,1,80.0,0,N,MELB_URBAN,ROAD,5,8.0
4641,6,4,174,4,1,50.0,0,I,LARGE_PROVINCIAL_CITIES,OTHER,5,10.0
4642,4,6,99,5,1,50.0,0,N,MELB_URBAN,OTHER,5,11.0
4643,4,5,173,5,5,100.0,0,N,RURAL_VICTORIA,ROAD,5,20.0
4644,1,5,134,5,3,60.0,0,N,MELB_URBAN,ROAD,5,20.0
4645,1,6,110,1,1,50.0,0,I,TOWNS,STREET,5,11.0
4646,1,6,163,2,1,60.0,0,I,MELB_URBAN,ROAD,5,11.0
4647,1,7,110,1,3,50.0,0,I,MELB_URBAN,STREET,4,18.0
4648,8,3,174,2,1,60.0,0,I,MELB_URBAN,STREET,5,16.0
4649,4,6,171,5,1,100.0,0,N,RURAL_VICTORIA,ROAD,5,8.0
4650,1,6,113,2,1,60.0,0,I,SMALL_CITIES,STREET,5,15.0
4651,2,6,100,5,1,60.0,0,N,MELB_URBAN,STREET,5,17.0
4652,1,6,147,2,1,60.0,0,N,MELB_URBAN,ROAD,5,16.0
4653,1,5,120,5,1,80.0,0,N,RURAL_VICTORIA,ROAD,5,14.0
4654,4,6,171,5,1,50.0,0,N,MELB_URBAN,ROAD,5,11.0
4655,1,4,147,1,3,60.0,0,I,MELB_URBAN,ROAD,5,17.0
4656,2,6,100,5,3,50.0,0,N,TOWNS,STREET,5,18.0
4657,1,6,130,5,1,100.0,0,N,MELB_URBAN,ROAD,5,15.0
4658,1,6,130,1,3,80.0,0,I,MELB_URBAN,HIGHWAY,5,17.0
4659,4,6,171,5,1,50.0,0,N,MELB_URBAN,ROAD,5,17.0
4660,1,6,121,1,1,60.0,0,I,MELB_URBAN,ROAD,5,8.0
4661,1,6,121,2,3,70.0,0,I,MELB_URBAN,ROAD,5,18.0
4662,1,6,110,1,3,50.0,0,I,TOWNS,STREET,5,18.0
4663,1,6,99,5,5,60.0,0,N,MELB_URBAN,ROAD,5,20.0
4664,4,6,173,5,5,100.0,0,N,MELB_URBAN,ROAD,5,18.0
4665,6,5,174,2,1,40.0,0,I,MELB_URBAN,STREET,5,15.0
4666,1,6,99,5,1,70.0,0,N,MELB_URBAN,ROAD,5,16.0
4667,1,6,99,2,3,50.0,0,I,MELB_URBAN,HIGHWAY,5,21.0
4668,4,6,173,5,5,100.0,1,N,RURAL_VICTORIA,ROAD,5,20.0
4669,8,6,174,1,3,60.0,0,I,MELB_URBAN,STREET,5,22.0
4670,2,6,99,5,9,50.0,0,N,MELB_URBAN,STREET,5,11.0
4671,1,1,130,2,2,50.0,0,I,MELB_URBAN,AVENUE,4,17.0
4672,4,7,173,2,2,60.0,0,I,MELB_URBAN,ROAD,5,6.0
4673,6,7,170,5,5,100.0,0,N,RURAL_VICTORIA,HIGHWAY,5,4.0
4674,4,7,171,2,1,60.0,0,I,MELB_URBAN,ROAD,5,7.0
4675,1,6,121,2,1,60.0,0,N,MELB_URBAN,ROAD,5,12.0
4676,4,7,171,5,1,100.0,0,N,RURAL_VICTORIA,ROAD,5,7.0
4677,1,7,121,1,1,60.0,0,I,LARGE_PROVINCIAL_CITIES,STREET,5,8.0
4678,1,7,99,1,1,70.0,0,I,MELB_URBAN,ROAD,5,10.0
4679,2,6,100,1,2,60.0,0,I,MELBOURNE_CBD,STREET,5,18.0
4680,1,7,110,1,1,100.0,0,I,RURAL_VICTORIA,ROAD,5,9.0
4681,1,7,121,2,1,60.0,0,I,MELB_URBAN,STREET,5,7.0
4682,3,1,167,5,1,60.0,0,N,RURAL_VICTORIA,ROAD,4,16.0
4683,1,7,113,2,1,100.0,0,I,RURAL_VICTORIA,ROAD,5,9.0
4684,4,6,171,1,1,40.0,0,I,MELB_URBAN,STREET,5,9.0
4685,1,6,110,1,2,50.0,0,I,SMALL_CITIES,ROAD,4,19.0
4686,1,7,110,1,1,60.0,0,I,MELB_URBAN,STREET,5,8.0
4687,1,7,130,2,1,50.0,0,I,MELB_URBAN,STREET,5,13.0
4688,1,7,130,5,1,80.0,0,N,MELB_URBAN,ROAD,5,9.0
4689,5,5,99,5,5,100.0,0,N,RURAL_VICTORIA,ROAD,5,17.0
4690,2,7,100,2,1,50.0,0,I,MELB_URBAN,ROAD,5,15.0
4691,1,7,120,5,1,60.0,0,N,MELB_URBAN,ROAD,5,14.0
4692,1,7,121,2,1,50.0,0,I,TOWNS,UNKNOWN,5,15.0
4693,8,7,174,2,1,60.0,0,I,MELB_URBAN,ROAD,5,13.0
4694,4,7,171,2,1,40.0,0,I,MELB_URBAN,OTHER,5,8.0
4695,1,4,99,2,3,50.0,0,I,MELB_URBAN,ROAD,5,18.0
4696,2,7,99,1,1,60.0,0,I,MELB_URBAN,ROAD,5,17.0
4697,1,7,171,1,1,80.0,0,I,MELB_URBAN,ROAD,5,15.0
4698,4,7,173,5,1,100.0,0,N,RURAL_VICTORIA,ROAD,5,16.0
4699,1,7,120,5,2,80.0,0,N,MELB_URBAN,ROAD,5,16.0
4700,1,7,99,4,1,60.0,0,I,MELB_URBAN,RAMP,5,12.0
4701,4,7,171,4,1,100.0,0,N,MELB_URBAN,RAMP,5,13.0
4702,1,7,110,1,1,80.0,0,I,RURAL_VICTORIA,ROAD,5,13.0
4703,1,3,110,1,1,60.0,0,I,MELB_URBAN,STREET,5,14.0
4704,1,7,121,2,3,60.0,0,I,MELB_URBAN,ROAD,5,20.0
4705,1,7,130,2,3,100.0,0,I,MELB_URBAN,FREEWAY,5,23.0
4706,2,7,99,2,5,60.0,1,I,MELB_URBAN,HIGHWAY,5,19.0
4707,7,7,99,2,1,50.0,0,I,MELB_URBAN,OTHER,4,15.0
4708,6,7,170,5,5,100.0,0,N,RURAL_VICTORIA,HIGHWAY,5,22.0
4709,1,7,99,5,3,50.0,0,N,MELB_URBAN,OTHER,5,21.0
4710,3,1,167,4,5,110.0,0,I,RURAL_VICTORIA,FREEWAY,5,0.0
4711,1,7,113,2,1,50.0,0,I,MELB_URBAN,OTHER,5,14.0
4712,4,7,173,5,1,100.0,0,N,RURAL_VICTORIA,ROAD,5,14.0
4713,1,7,130,2,3,50.0,0,N,MELB_URBAN,ROAD,5,19.0
4714,1,1,110,1,1,100.0,0,I,RURAL_VICTORIA,STREET,5,9.0
4715,1,1,130,5,1,60.0,0,N,MELB_URBAN,ROAD,5,8.0
4716,4,1,183,5,1,100.0,0,N,RURAL_VICTORIA,HIGHWAY,5,8.0
4717,1,1,130,5,1,60.0,0,N,MELB_URBAN,STREET,5,11.0
4718,1,7,147,5,1,60.0,0,N,MELB_URBAN,ROAD,5,15.0
4719,1,3,132,1,1,50.0,0,I,LARGE_PROVINCIAL_CITIES,OTHER,4,17.0
4720,8,7,174,5,1,50.0,0,N,MELB_URBAN,OTHER,5,8.0
4721,1,7,113,1,2,60.0,0,I,MELB_URBAN,ROAD,5,17.0
4722,1,1,110,1,1,50.0,0,I,MELB_URBAN,AVENUE,5,8.0
4723,1,1,121,1,1,60.0,0,I,MELB_URBAN,ROAD,5,9.0
4724,1,1,130,5,1,70.0,0,N,MELB_URBAN,ROAD,5,10.0
4725,1,5,110,1,1,50.0,0,I,MELB_URBAN,STREET,5,14.0
4726,4,1,173,2,1,60.0,0,I,MELB_URBAN,ROAD,5,11.0
4727,1,1,163,5,1,40.0,0,N,MELB_URBAN,STREET,5,12.0
4728,1,5,132,5,1,60.0,0,N,MELB_URBAN,STREET,4,8.0
4729,6,7,99,5,1,100.0,0,N,RURAL_VICTORIA,HIGHWAY,5,15.0
4730,2,7,100,5,3,70.0,0,N,MELB_URBAN,ROAD,5,19.0
4731,1,1,99,5,3,50.0,0,N,MELB_URBAN,STREET,5,17.0
4732,1,1,147,5,1,60.0,0,N,SMALL_CITIES,ROAD,5,15.0
4733,1,1,121,1,1,50.0,0,I,MELBOURNE_CBD,STREET,5,15.0
4734,1,1,135,5,1,50.0,0,N,MELB_URBAN,STREET,5,16.0
4735,1,1,163,5,1,50.0,0,N,MELB_URBAN,OTHER,5,15.0
4736,1,1,121,1,3,50.0,0,I,MELB_URBAN,ROAD,5,21.0
4737,4,1,171,5,3,60.0,0,N,TOWNS,ROAD,5,23.0
4738,1,1,113,1,3,60.0,0,I,MELB_URBAN,DRIVE,5,23.0
4739,1,1,130,5,5,100.0,0,N,MELB_URBAN,ROAD,5,23.0
4740,1,1,130,5,3,60.0,0,N,MELB_URBAN,ROAD,5,20.0
4741,1,1,130,5,1,70.0,0,N,MELB_URBAN,ROAD,5,12.0
4742,1,6,130,1,1,80.0,0,I,MELB_URBAN,HIGHWAY,5,8.0
4743,1,2,121,5,1,60.0,0,N,MELB_URBAN,ROAD,5,9.0
4744,4,4,99,5,1,60.0,0,N,MELB_URBAN,STREET,2,18.0
4745,1,2,160,2,1,60.0,0,I,MELB_URBAN,ROAD,5,11.0
4746,1,2,147,5,1,60.0,0,N,MELB_URBAN,ROAD,5,7.0
4747,1,1,110,1,5,100.0,0,I,RURAL_VICTORIA,ROAD,5,18.0
4748,6,2,99,5,1,100.0,0,N,RURAL_VICTORIA,ROAD,5,8.0
4749,2,2,100,2,1,60.0,0,I,MELB_URBAN,ROAD,5,11.0
4750,1,2,132,2,1,60.0,0,I,SMALL_CITIES,STREET,5,12.0
4751,1,2,120,5,1,60.0,0,N,MELB_URBAN,ROAD,5,11.0
4752,2,2,99,2,1,40.0,0,N,MELB_URBAN,DRIVE,5,9.0
4753,2,2,100,2,1,60.0,0,I,MELB_URBAN,ROAD,5,10.0
4754,6,2,170,2,1,70.0,0,I,MELB_URBAN,ROAD,5,9.0
4755,2,2,100,1,1,60.0,0,I,MELB_URBAN,ROAD,5,13.0
4756,6,2,170,5,1,100.0,0,N,RURAL_VICTORIA,ROAD,5,12.0
4757,1,2,130,1,1,70.0,0,I,MELB_URBAN,ROAD,5,8.0
4758,1,2,132,2,1,60.0,0,I,MELB_URBAN,ROAD,5,14.0
4759,1,3,130,5,1,70.0,0,N,MELB_URBAN,ROAD,4,7.0
4760,1,4,99,5,1,60.0,0,N,MELB_URBAN,OTHER,5,15.0
4761,1,2,130,5,1,50.0,0,N,MELB_URBAN,ROAD,5,13.0
4762,1,2,135,5,1,100.0,0,N,MELB_URBAN,FREEWAY,5,13.0
4763,1,2,99,2,2,50.0,0,I,MELB_URBAN,STREET,5,17.0
4764,1,2,135,5,1,100.0,0,N,MELB_URBAN,FREEWAY,5,14.0
4765,1,6,99,1,6,60.0,0,I,LARGE_PROVINCIAL_CITIES,STREET,5,23.0
4766,1,2,140,2,1,60.0,0,I,MELB_URBAN,ROAD,5,16.0
4767,1,2,160,5,1,110.0,0,N,RURAL_VICTORIA,FREEWAY,5,15.0
4768,1,2,113,2,3,60.0,0,I,MELB_URBAN,ROAD,5,17.0
4769,4,2,171,1,1,80.0,0,N,MELB_URBAN,ROAD,5,15.0
4770,1,2,116,2,3,40.0,0,I,MELB_URBAN,ROAD,5,18.0
4771,1,2,110,1,2,60.0,0,I,MELB_URBAN,STREET,5,17.0
4772,1,2,113,2,3,70.0,0,I,MELB_URBAN,ROAD,5,18.0
4773,1,4,130,5,1,50.0,0,N,MELB_URBAN,OTHER,4,9.0
4774,8,6,174,2,1,60.0,0,I,MELB_URBAN,ROAD,4,20.0