,accident_type,day_of_week,dca_code,road_geometry,light_condition,speed_zone,severity,node_type,deg_urban_name,road_type,month,hour
4775,8,2,99,1,1,50.0,0,I,MELB_URBAN,BOULEVARD,5,16.0
4776,1,2,121,1,3,60.0,0,I,MELB_URBAN,HIGHWAY,5,19.0
4777,1,2,130,5,3,60.0,0,N,MELB_URBAN,ROAD,5,18.0
4778,1,2,110,1,3,60.0,0,I,MELB_URBAN,STREET,5,21.0
4779,4,3,173,1,3,60.0,0,I,MELB_URBAN,STREET,5,0.0
4780,1,5,121,1,1,60.0,0,I,MELB_URBAN,ROAD,4,8.0
4781,1,2,121,2,3,70.0,0,I,LARGE_PROVINCIAL_CITIES,STREET,5,20.0
4782,1,4,110,1,1,60.0,0,I,SMALL_CITIES,STREET,5,7.0
4783,2,3,100,2,1,40.0,0,I,MELB_URBAN,ROAD,5,9.0
4784,6,3,170,5,1,80.0,0,N,MELB_URBAN,UNKNOWN,5,7.0
4785,6,6,170,2,5,60.0,0,I,RURAL_VICTORIA,RAMP,5,22.0
4786,2,3,99,5,1,50.0,0,N,SMALL_CITIES,STREET,5,11.0
4787,1,6,130,1,1,80.0,0,I,MELB_URBAN,HIGHWAY,2,13.0
4788,1,3,111,1,1,60.0,0,I,SMALL_CITIES,AVENUE,5,11.0
4789,1,3,110,1,1,60.0,0,I,SMALL_CITIES,STREET,5,9.0
4790,1,2,160,5,6,100.0,0,N,MELB_URBAN,RAMP,3,20.0
4791,1,3,147,5,1,60.0,0,N,MELB_URBAN,STREET,5,10.0
4792,1,3,113,2,1,50.0,0,I,MELB_URBAN,HIGHWAY,5,13.0
4793,1,4,130,2,1,60.0,0,I,MELB_URBAN,STREET,5,8.0
4794,1,2,135,5,3,100.0,0,N,MELB_URBAN,FREEWAY,5,19.0
4795,1,3,133,5,1,100.0,0,N,RURAL_VICTORIA,FREEWAY,5,14.0
4796,2,3,99,1,1,60.0,0,I,SMALL_CITIES,HIGHWAY,5,8.0
4797,2,3,100,1,1,60.0,0,I,MELB_URBAN,ROAD,5,15.0
4798,8,7,99,5,1,60.0,0,N,RURAL_VICTORIA,ROAD,3,17.0
4799,1,3,110,1,1,40.0,0,N,TOWNS,ROAD,5,15.0
4800,1,3,110,1,1,60.0,0,I,SMALL_CITIES,BOULEVARD,5,17.0
4801,8,3,174,5,1,50.0,0,N,RURAL_VICTORIA,ROAD,5,16.0
4802,1,3,130,5,1,60.0,0,N,MELB_URBAN,ROAD,5,16.0
4803,2,3,100,2,1,70.0,0,I,MELB_URBAN,HIGHWAY,5,15.0
4804,4,3,181,5,1,80.0,0,N,RURAL_VICTORIA,HIGHWAY,5,16.0
4805,1,3,163,4,3,60.0,0,I,MELB_URBAN,STREET,5,17.0
4806,1,3,130,5,3,60.0,0,N,MELB_URBAN,ROAD,5,18.0
4807,1,3,130,5,2,110.0,0,N,MELB_URBAN,UNKNOWN,5,18.0
4808,1,3,121,2,3,60.0,0,I,MELB_URBAN,ROAD,5,19.0
4809,1,3,130,2,1,60.0,0,N,MELB_URBAN,ROAD,5,17.0
4810,2,3,99,5,1,50.0,0,N,SMALL_CITIES,STREET,5,16.0
4811,1,3,110,1,3,80.0,0,I,MELB_URBAN,ROAD,5,20.0
4812,1,1,110,1,5,100.0,0,I,RURAL_VICTORIA,ROAD,5,19.0
4813,4,4,171,1,3,60.0,0,I,MELB_URBAN,ROAD,5,5.0
4814,6,1,170,5,5,100.0,0,N,RURAL_VICTORIA,ROAD,2,21.0
4815,1,3,130,5,1,60.0,0,N,MELB_URBAN,ROAD,5,14.0
4816,1,4,140,5,3,80.0,0,N,MELB_URBAN,ROAD,5,6.0
4817,1,4,130,1,1,60.0,0,N,MELB_URBAN,ROAD,5,8.0
4818,6,7,174,2,1,50.0,0,I,MELB_URBAN,HIGHWAY,5,10.0
4819,1,4,130,2,1,60.0,0,I,MELB_URBAN,ROAD,5,8.0
4820,2,3,100,5,1,60.0,0,N,LARGE_PROVINCIAL_CITIES,STREET,5,16.0
4821,4,4,173,5,1,100.0,0,N,RURAL_VICTORIA,ROAD,5,10.0
4822,1,3,160,5,1,60.0,0,N,MELB_URBAN,ROAD,5,8.0
4823,1,5,130,1,9,80.0,0,I,SMALL_TOWNS,HIGHWAY,5,8.0
4824,1,4,163,5,1,50.0,0,I,MELB_URBAN,ROAD,5,12.0
4825,1,5,121,1,1,60.0,0,I,MELB_URBAN,ROAD,4,16.0
4826,1,4,160,5,1,50.0,0,N,TOWNS,HIGHWAY,5,14.0
4827,6,4,99,5,1,110.0,0,N,RURAL_VICTORIA,UNKNOWN,5,13.0
4828,2,4,99,2,1,60.0,0,I,TOWNS,STREET,5,15.0
4829,1,4,130,2,1,60.0,0,I,MELB_URBAN,ROAD,4,15.0
4830,1,4,135,5,1,60.0,0,N,MELB_URBAN,BOULEVARD,5,15.0
4831,7,3,99,3,1,60.0,0,N,MELB_URBAN,ROAD,5,10.0
4832,1,4,110,1,1,100.0,0,I,MELB_URBAN,ROAD,5,13.0
4833,1,4,130,5,5,100.0,0,N,RURAL_VICTORIA,HIGHWAY,5,17.0
4834,1,4,163,5,1,60.0,0,N,MELB_URBAN,STREET,5,19.0
4835,2,4,100,2,1,50.0,0,I,MELB_URBAN,STREET,5,16.0
4836,1,4,120,5,5,60.0,0,N,MELB_URBAN,ROAD,5,17.0
4837,1,4,120,5,3,40.0,0,N,RURAL_VICTORIA,ROAD,5,19.0
4838,1,4,121,2,3,60.0,0,I,MELB_URBAN,ROAD,5,18.0
4839,4,4,171,2,5,100.0,0,I,MELB_URBAN,ROAD,5,18.0
4840,1,4,130,5,3,80.0,0,N,MELB_URBAN,HIGHWAY,5,18.0
4841,1,4,120,2,3,50.0,0,I,MELB_URBAN,PARADE,5,18.0
4842,1,4,121,1,3,60.0,0,I,MELB_URBAN,AVENUE,5,18.0
4843,1,3,121,2,2,60.0,0,I,MELB_URBAN,ROAD,5,18.0
4844,1,4,120,2,1,60.0,0,I,MELB_URBAN,ROAD,5,14.0
4845,1,3,135,5,1,80.0,0,N,MELB_URBAN,ROAD,5,7.0
4846,1,4,130,1,2,80.0,0,I,MELB_URBAN,ROAD,5,6.0
4847,1,4,116,2,1,60.0,0,I,MELB_URBAN,ROAD,5,12.0
4848,1,5,160,5,3,50.0,0,N,MELB_URBAN,STREET,5,4.0
4849,1,5,121,2,1,70.0,0,I,MELB_URBAN,ROAD,5,7.0
4850,1,4,130,2,1,30.0,0,I,MELB_URBAN,HIGHWAY,5,14.0
4851,8,2,99,1,1,60.0,0,I,MELBOURNE_CBD,STREET,4,18.0
4852,7,4,174,5,5,60.0,0,N,MELB_URBAN,AVENUE,5,19.0
4853,2,5,102,5,1,50.0,0,N,MELB_URBAN,STREET,5,8.0
4854,1,4,121,4,1,60.0,0,I,MELB_URBAN,ROAD,5,9.0
4855,1,5,110,1,1,50.0,0,I,MELB_URBAN,STREET,5,8.0
4856,2,5,100,2,1,40.0,0,I,MELB_URBAN,ROAD,5,9.0
4857,2,5,99,5,1,40.0,0,N,MELB_URBAN,ROAD,5,8.0
4858,2,5,102,1,1,50.0,0,I,MELB_URBAN,ROAD,5,10.0
4859,1,5,110,1,1,60.0,0,I,LARGE_PROVINCIAL_CITIES,ROAD,5,11.0
4860,1,5,140,2,1,60.0,0,I,MELB_URBAN,ROAD,5,10.0
4861,1,5,110,1,1,60.0,0,I,MELB_URBAN,ROAD,5,11.0
4862,4,5,99,2,1,80.0,0,I,MELB_URBAN,ROAD,5,10.0
4863,6,4,99,5,5,100.0,0,N,MELB_URBAN,FREEWAY,5,22.0
4864,2,5,100,5,1,50.0,0,N,MELB_URBAN,DRIVE,5,11.0
4865,6,5,174,2,1,50.0,0,I,MELB_URBAN,ROAD,5,13.0
4866,1,5,121,1,1,60.0,0,I,MELB_URBAN,ROAD,5,11.0
4867,1,5,133,5,1,80.0,0,N,MELB_URBAN,ROAD,5,13.0
4868,1,5,160,5,1,60.0,0,N,MELB_URBAN,ROAD,5,13.0
4869,1,5,110,1,1,80.0,0,I,MELB_URBAN,HIGHWAY,5,12.0
4870,2,5,100,2,1,40.0,0,I,MELB_URBAN,STREET,5,12.0
4871,2,5,99,5,1,40.0,0,N,LARGE_PROVINCIAL_CITIES,STREET,5,8.0
4872,8,7,174,2,1,60.0,0,I,LARGE_PROVINCIAL_CITIES,STREET,4,11.0
4873,1,4,147,2,3,60.0,0,I,MELB_URBAN,ROAD,5,19.0
4874,1,5,113,2,1,100.0,0,I,RURAL_VICTORIA,ROAD,5,13.0
4875,2,5,102,5,1,60.0,0,N,MELB_URBAN,ROAD,5,14.0
4876,2,5,102,5,1,40.0,0,N,MELB_URBAN,ROAD,5,15.0
4877,1,5,113,2,1,60.0,0,I,MELB_URBAN,ROAD,5,16.0
4878,1,5,160,5,1,50.0,0,N,MELB_URBAN,DRIVE,5,14.0
4879,1,5,113,1,1,50.0,0,I,MELB_URBAN,STREET,5,8.0
4880,4,7,171,2,3,60.0,0,I,TOWNS,STREET,2,1.0
4881,1,5,140,1,1,60.0,0,I,TOWNS,STREET,5,14.0
4882,1,5,130,1,1,50.0,0,I,MELB_URBAN,STREET,5,15.0
4883,1,5,160,5,1,60.0,0,N,MELB_URBAN,ROAD,5,14.0
4884,2,5,100,4,1,60.0,0,I,MELB_URBAN,ROAD,5,16.0
4885,1,5,99,1,3,60.0,0,I,MELB_URBAN,ROAD,5,17.0
4886,1,5,113,2,1,60.0,0,I,RURAL_VICTORIA,ROAD,5,16.0
4887,6,5,174,4,3,50.0,0,I,MELB_URBAN,STREET,5,18.0
4888,1,5,130,5,3,60.0,0,N,MELB_URBAN,ROAD,5,17.0
4889,1,5,130,5,3,100.0,0,N,MELB_URBAN,UNKNOWN,5,18.0
4890,1,5,130,2,1,60.0,0,I,MELB_URBAN,ROAD,4,12.0
4891,1,5,110,1,1,80.0,0,I,SMALL_CITIES,HIGHWAY,5,15.0
4892,1,5,110,1,5,100.0,0,I,RURAL_VICTORIA,ROAD,5,17.0
4893,2,5,100,5,1,60.0,0,N,MELB_URBAN,PARADE,5,17.0
4894,4,5,171,5,3,60.0,0,N,MELB_URBAN,ROAD,5,18.0
4895,1,4,130,5,3,60.0,0,N,MELB_URBAN,ROAD,5,18.0
4896,1,5,99,5,1,60.0,1,N,MELB_URBAN,ROAD,5,15.0
4897,1,5,110,1,6,50.0,0,I,SMALL_CITIES,STREET,5,20.0
4898,1,5,99,5,1,60.0,0,N,TOWNS,STREET,5,13.0
4899,1,5,110,1,1,100.0,0,I,RURAL_VICTORIA,ROAD,5,15.0
4900,1,5,120,5,3,70.0,0,N,MELB_URBAN,DRIVE,5,18.0
4901,1,5,121,2,3,60.0,0,I,MELB_URBAN,ROAD,5,18.0
4902,1,5,120,5,3,80.0,0,N,MELB_URBAN,HIGHWAY,5,1.0
4903,1,5,130,2,1,80.0,0,I,MELB_URBAN,ROAD,5,16.0
4904,1,5,132,2,3,60.0,0,I,MELB_URBAN,OTHER,5,21.0
4905,2,5,99,5,1,50.0,0,N,MELB_URBAN,STREET,5,16.0
4906,4,6,173,4,3,80.0,0,N,MELB_URBAN,HIGHWAY,5,0.0
4907,4,6,181,2,2,60.0,0,I,MELB_URBAN,STREET,5,7.0
4908,1,6,113,2,1,40.0,0,I,MELB_URBAN,ROAD,5,9.0
4909,4,5,183,5,1,70.0,0,N,MELB_URBAN,ROAD,5,15.0
4910,1,6,110,1,1,40.0,0,I,SMALL_CITIES,STREET,5,8.0
4911,1,6,135,5,1,50.0,0,N,MELBOURNE_CBD,STREET,5,10.0
4912,1,4,147,2,3,70.0,0,I,MELB_URBAN,ROAD,5,22.0
4913,1,6,99,1,1,80.0,0,N,MELB_URBAN,ROAD,5,9.0
4914,2,6,100,2,1,60.0,0,I,MELB_URBAN,ROAD,5,10.0
4915,1,6,120,2,1,60.0,0,I,MELB_URBAN,ROAD,5,10.0
4916,6,6,99,5,5,100.0,0,N,RURAL_VICTORIA,HIGHWAY,5,5.0
4917,1,6,130,5,1,60.0,0,N,MELB_URBAN,HIGHWAY,5,12.0
4918,1,6,163,5,9,50.0,0,N,MELB_URBAN,ROAD,5,8.0
4919,1,6,130,5,1,50.0,0,N,SMALL_CITIES,STREET,5,12.0
4920,1,6,121,2,1,80.0,0,I,MELB_URBAN,HIGHWAY,5,9.0
4921,3,4,167,5,5,100.0,0,N,RURAL_VICTORIA,ROAD,5,21.0
4922,1,2,130,1,1,50.0,0,I,MELB_URBAN,ROAD,5,9.0
4923,1,6,130,2,2,40.0,0,I,MELB_URBAN,ROAD,5,16.0
4924,2,6,102,5,1,60.0,0,N,MELB_URBAN,STREET,5,16.0
4925,8,6,174,2,1,60.0,0,I,MELB_URBAN,ROAD,5,15.0
4926,1,6,130,5,1,100.0,0,N,MELB_URBAN,FREEWAY,5,16.0
4927,1,2,132,1,1,80.0,0,I,MELB_URBAN,ROAD,4,15.0
4928,1,6,121,2,1,60.0,0,I,LARGE_PROVINCIAL_CITIES,UNKNOWN,5,16.0
4929,1,6,121,2,1,60.0,0,I,MELB_URBAN,HIGHWAY,5,16.0
4930,1,6,130,5,2,50.0,0,N,SMALL_CITIES,STREET,5,18.0
4931,2,6,102,1,1,60.0,0,I,MELB_URBAN,STREET,5,16.0
4932,1,6,130,5,1,80.0,0,N,MELB_URBAN,FREEWAY,5,16.0
4933,1,5,121,5,3,60.0,0,N,MELB_URBAN,ROAD,5,22.0
4934,1,6,121,1,3,60.0,0,I,MELB_URBAN,ROAD,5,18.0
4935,1,4,99,5,9,60.0,0,N,MELB_URBAN,UNKNOWN,5,18.0
4936,1,6,121,4,3,80.0,0,N,MELB_URBAN,HIGHWAY,5,17.0
4937,1,6,113,2,3,60.0,0,I,MELB_URBAN,ROAD,5,19.0
4938,4,6,171,5,5,100.0,0,N,RURAL_VICTORIA,HIGHWAY,5,18.0
4939,1,6,130,2,1,60.0,0,I,MELB_URBAN,ROAD,5,15.0
4940,1,6,130,5,1,100.0,0,N,MELB_URBAN,FREEWAY,5,16.0
4941,1,5,121,1,1,40.0,0,I,MELB_URBAN,STREET,5,16.0
4942,2,6,102,1,3,70.0,0,I,MELB_URBAN,STREET,5,20.0
4943,1,6,130,5,1,70.0,0,N,RURAL_VICTORIA,ROAD,5,16.0
4944,4,6,183,5,5,100.0,0,N,RURAL_VICTORIA,HIGHWAY,5,22.0
4945,1,6,121,2,3,80.0,0,I,MELB_URBAN,HIGHWAY,5,23.0
4946,2,5,102,5,1,30.0,0,N,MELB_URBAN,ROAD,5,15.0
4947,7,5,174,5,1,80.0,0,N,MELB_URBAN,HIGHWAY,4,8.0
4948,4,7,173,5,1,100.0,0,N,MELB_URBAN,HIGHWAY,5,6.0
4949,4,7,173,5,1,100.0,0,N,MELB_URBAN,ROAD,5,7.0
4950,4,7,171,5,1,100.0,0,N,RURAL_VICTORIA,ROAD,5,7.0
4951,4,7,181,5,1,80.0,0,N,RURAL_VICTORIA,ROAD,5,8.0
4952,2,7,100,2,1,60.0,0,I,LARGE_PROVINCIAL_CITIES,STREET,5,8.0
4953,1,4,160,5,6,50.0,0,N,MELB_URBAN,OTHER,1,22.0
4954,1,7,147,2,1,60.0,0,I,MELB_URBAN,ROAD,5,15.0
4955,1,7,113,2,1,60.0,0,I,MELB_URBAN,OTHER,5,9.0
4956,1,7,110,1,1,80.0,0,I,MELB_URBAN,HIGHWAY,5,9.0
4957,1,7,121,1,1,60.0,0,I,MELB_URBAN,ROAD,5,10.0
4958,1,7,132,5,1,100.0,0,N,RURAL_VICTORIA,ROAD,5,11.0
4959,1,7,120,1,1,60.0,0,I,MELB_URBAN,ROAD,5,12.0
4960,1,7,113,4,1,70.0,0,N,MELB_URBAN,ROAD,5,12.0
4961,4,7,173,5,1,60.0,0,N,RURAL_VICTORIA,ROAD,5,10.0
4962,1,7,99,5,1,50.0,0,N,LARGE_PROVINCIAL_CITIES,STREET,5,12.0
4963,1,6,99,4,1,40.0,0,I,MELB_URBAN,STREET,5,15.0
4964,1,7,133,5,1,100.0,0,N,MELB_URBAN,FREEWAY,5,11.0
4965,1,3,135,5,2,100.0,0,N,MELB_URBAN,FREEWAY,5,17.0
4966,2,7,100,2,1,50.0,0,I,MELB_URBAN,ROAD,5,13.0
4967,4,7,181,5,1,100.0,0,N,RURAL_VICTORIA,ROAD,5,12.0
4968,2,3,100,5,1,50.0,0,N,MELB_URBAN,STREET,5,12.0
4969,6,3,174,1,1,80.0,0,N,MELB_URBAN,ROAD,4,13.0
4970,6,7,99,5,5,60.0,0,N,RURAL_VICTORIA,STREET,5,2.0
4971,1,7,130,2,1,60.0,0,I,MELB_URBAN,ROAD,5,18.0
4972,1,7,113,1,1,100.0,0,I,RURAL_VICTORIA,ROAD,5,15.0
4973,1,7,110,1,1,100.0,0,I,RURAL_VICTORIA,HIGHWAY,5,16.0
4974,1,7,130,5,3,80.0,0,N,MELB_URBAN,FREEWAY,5,18.0
4975,2,7,99,5,3,50.0,0,N,MELB_URBAN,HIGHWAY,5,19.0
4976,4,7,173,1,3,50.0,0,I,MELB_URBAN,STREET,5,21.0
4977,1,7,113,2,1,50.0,0,I,MELB_URBAN,OTHER,5,15.0
4978,4,7,173,2,3,50.0,0,I,MELB_URBAN,ROAD,5,22.0
4979,6,7,174,2,5,60.0,0,I,LARGE_PROVINCIAL_CITIES,STREET,5,22.0
4980,2,7,102,2,5,60.0,0,I,LARGE_PROVINCIAL_CITIES,ROAD,5,22.0
4981,2,1,102,1,3,60.0,0,I,MELB_URBAN,ROAD,5,0.0
4982,1,7,99,2,3,60.0,0,I,MELB_URBAN,ROAD,5,4.0
4983,1,1,133,5,5,110.0,0,N,RURAL_VICTORIA,FREEWAY,5,3.0
4984,4,1,171,5,6,100.0,0,N,RURAL_VICTORIA,FREEWAY,5,2.0
4985,1,7,130,5,1,100.0,0,N,MELB_URBAN,FREEWAY,5,16.0
4986,1,5,130,5,1,60.0,0,N,MELB_URBAN,HIGHWAY,5,9.0
4987,1,1,110,1,1,60.0,0,I,MELB_URBAN,ROAD,5,9.0
4988,2,1,102,5,1,50.0,0,N,MELB_URBAN,OTHER,5,10.0
4989,1,1,110,1,1,60.0,0,I,MELB_URBAN,ROAD,5,9.0
4990,2,1,100,5,1,40.0,0,N,MELB_URBAN,STREET,5,11.0
4991,8,1,174,1,1,70.0,0,I,MELB_URBAN,STREET,5,12.0
4992,1,6,140,5,1,70.0,0,N,MELB_URBAN,ROAD,5,15.0
4993,1,1,99,2,1,80.0,0,I,MELB_URBAN,ROAD,5,14.0
4994,1,1,113,2,1,70.0,0,N,MELB_URBAN,ROAD,5,14.0
4995,1,1,121,1,1,60.0,0,I,MELB_URBAN,ROAD,5,15.0
4996,1,1,113,2,1,50.0,0,I,MELB_URBAN,STREET,5,16.0
4997,1,1,120,5,1,50.0,0,N,TOWNS,BOULEVARD,5,16.0
4998,1,1,130,5,2,60.0,0,N,MELB_URBAN,ROAD,4,17.0
4999,8,1,184,5,1,100.0,0,N,RURAL_VICTORIA,ROAD,5,12.0
5000,2,1,100,1,1,50.0,0,I,MELB_URBAN,STREET,5,16.0
5001,1,1,111,1,5,80.0,0,I,MELB_URBAN,ROAD,5,17.0
5002,1,1,130,2,2,80.0,0,I,SMALL_CITIES,HIGHWAY,5,17.0
5003,2,5,102,2,1,60.0,0,I,MELB_URBAN,ROAD,5,7.0
5004,3,1,167,5,5,100.0,0,N,RURAL_VICTORIA,ROAD,5,18.0
5005,8,1,174,5,1,60.0,0,N,RURAL_VICTORIA,ROAD,5,11.0
5006,1,1,130,5,5,100.0,0,N,RURAL_VICTORIA,HIGHWAY,5,18.0
5007,6,1,170,5,3,60.0,0,N,MELB_URBAN,STREET,5,19.0
5008,1,1,113,4,1,70.0,0,I,MELB_URBAN,RAMP,5,15.0
5009,3,1,167,5,5,100.0,0,N,RURAL_VICTORIA,ROAD,5,19.0
5010,6,1,99,5,5,60.0,0,N,LARGE_PROVINCIAL_CITIES,STREET,5,22.0
5011,1,1,130,1,3,60.0,0,I,MELB_URBAN,STREET,5,4.0
5012,1,6,116,2,1,40.0,0,I,MELB_URBAN,ROAD,5,12.0
5013,1,3,140,2,1,60.0,0,I,MELB_URBAN,ROAD,2,8.0
5014,1,1,110,1,3,70.0,0,I,MELB_URBAN,HIGHWAY,5,22.0
5015,6,1,184,5,5,100.0,0,N,RURAL_VICTORIA,HIGHWAY,5,17.0
5016,1,2,130,5,1,60.0,0,N,MELB_URBAN,FREEWAY,5,8.0
5017,1,2,140,5,1,50.0,0,N,LARGE_PROVINCIAL_CITIES,STREET,5,9.0
5018,1,2,110,1,1,60.0,0,I,MELB_URBAN,STREET,5,12.0
5019,1,1,130,1,1,50.0,0,I,LARGE_PROVINCIAL_CITIES,AVENUE,5,13.0
5020,4,7,181,5,1,60.0,0,N,RURAL_VICTORIA,ROAD,4,11.0
5021,1,2,134,5,1,70.0,0,N,RURAL_VICTORIA,HIGHWAY,5,12.0
5022,4,2,183,5,5,60.0,0,N,RURAL_VICTORIA,ROAD,4,4.0
5023,4,2,181,2,1,50.0,0,I,MELB_URBAN,ROAD,5,12.0
5024,1,2,99,5,1,100.0,0,N,MELB_URBAN,FREEWAY,5,13.0
5025,1,2,140,2,1,60.0,0,I,MELB_URBAN,ROAD,5,12.0
5026,8,1,99,5,1,60.0,0,N,RURAL_VICTORIA,ROAD,5,12.0
5027,1,2,130,5,1,60.0,0,N,MELB_URBAN,ROAD,5,14.0
5028,2,2,100,1,1,50.0,0,I,MELB_URBAN,STREET,5,14.0
5029,1,2,110,1,1,60.0,0,I,MELB_URBAN,ROAD,5,13.0
5030,6,4,174,5,1,100.0,0,N,RURAL_VICTORIA,ROAD,5,13.0
5031,1,2,99,2,1,50.0,0,I,MELB_URBAN,STREET,4,17.0
5032,1,2,110,1,1,60.0,0,I,TOWNS,STREET,5,15.0
5033,1,2,130,5,1,80.0,0,N,MELB_URBAN,FREEWAY,5,15.0
5034,1,3,121,2,9,40.0,0,I,MELB_URBAN,STREET,5,18.0
5035,1,2,121,1,3,60.0,0,I,MELB_URBAN,ROAD,5,17.0
5036,8,2,174,5,3,80.0,0,N,MELB_URBAN,FREEWAY,5,19.0
5037,1,2,121,2,3,60.0,0,I,MELB_URBAN,HIGHWAY,5,19.0
5038,1,2,133,5,5,70.0,0,N,MELB_URBAN,HIGHWAY,5,18.0
5039,1,2,130,1,3,80.0,0,I,MELB_URBAN,HIGHWAY,5,18.0
5040,1,2,147,5,3,80.0,0,N,MELB_URBAN,HIGHWAY,5,17.0
5041,4,2,171,5,3,60.0,0,N,MELB_URBAN,ROAD,5,20.0
5042,1,2,121,1,1,70.0,0,I,MELB_URBAN,OTHER,5,16.0
5043,4,2,171,5,5,60.0,0,N,SMALL_CITIES,ROAD,5,22.0
5044,8,2,99,5,1,50.0,0,N,MELB_URBAN,STREET,5,16.0
5045,4,3,171,5,3,80.0,0,N,MELB_URBAN,ROAD,5,3.0
5046,4,3,171,5,5,80.0,0,N,TOWNS,ROAD,5,3.0
5047,1,3,113,4,1,60.0,0,I,LARGE_PROVINCIAL_CITIES,ROAD,5,6.0
5048,4,2,171,2,1,60.0,0,I,MELB_URBAN,ROAD,5,12.0
5049,1,3,130,1,3,70.0,0,I,RURAL_VICTORIA,ROAD,5,6.0
5050,2,2,99,5,1,40.0,0,N,MELB_URBAN,ROAD,5,13.0
5051,4,2,173,5,5,50.0,0,N,RURAL_VICTORIA,ROAD,5,6.0
5052,1,4,130,1,6,60.0,0,I,LARGE_PROVINCIAL_CITIES,STREET,3,3.0
5053,6,6,174,5,1,60.0,0,N,RURAL_VICTORIA,ROAD,5,9.0
5054,1,3,121,2,1,60.0,0,I,MELB_URBAN,STREET,5,8.0
5055,1,2,120,5,2,80.0,0,N,RURAL_VICTORIA,HIGHWAY,5,16.0
5056,2,3,102,1,1,40.0,0,I,SMALL_CITIES,STREET,5,9.0
5057,1,3,121,2,2,60.0,0,I,MELB_URBAN,STREET,5,7.0
5058,2,2,100,1,3,60.0,0,I,MELB_URBAN,ROAD,5,20.0
5059,1,3,99,5,1,100.0,0,N,MELB_URBAN,FREEWAY,5,10.0
5060,1,3,121,2,1,60.0,0,I,MELB_URBAN,ROAD,5,9.0
5061,1,6,130,1,1,80.0,0,I,LARGE_PROVINCIAL_CITIES,HIGHWAY,5,7.0
5062,4,7,171,5,5,100.0,0,N,RURAL_VICTORIA,ROAD,5,23.0
5063,8,5,174,2,1,60.0,0,I,MELB_URBAN,STREET,3,8.0
5064,1,6,130,2,1,60.0,0,N,MELB_URBAN,ROAD,5,16.0
5065,1,3,121,1,1,80.0,0,I,MELB_URBAN,ROAD,5,12.0
5066,4,3,173,5,1,100.0,0,N,RURAL_VICTORIA,HIGHWAY,5,9.0
5067,4,3,171,2,1,70.0,0,I,MELB_URBAN,ROAD,5,8.0
5068,4,3,99,2,1,60.0,0,I,MELB_URBAN,STREET,5,12.0
5069,1,2,99,2,1,50.0,0,I,MELB_URBAN,ROAD,5,17.0
5070,1,3,130,5,1,80.0,0,N,MELB_URBAN,ROAD,5,14.0
5071,8,3,170,2,1,60.0,0,I,RURAL_VICTORIA,DRIVE,5,15.0
5072,1,3,121,1,1,60.0,0,I,MELBOURNE_CBD,STREET,5,16.0
5073,1,2,130,2,1,40.0,0,I,RURAL_VICTORIA,ROAD,5,11.0
5074,1,3,121,1,3,60.0,0,I,LARGE_PROVINCIAL_CITIES,STREET,5,18.0
5075,2,3,100,1,1,60.0,0,I,MELB_URBAN,STREET,5,16.0
5076,1,3,113,1,2,60.0,0,I,MELB_URBAN,ROAD,5,18.0
5077,2,3,102,1,3,40.0,0,I,MELB_URBAN,ROAD,5,19.0
5078,1,7,121,5,1,60.0,0,N,MELB_URBAN,ROAD,5,15.0
5079,1,3,113,2,1,70.0,1,I,LARGE_PROVINCIAL_CITIES,HIGHWAY,5,14.0
5080,1,3,130,5,3,100.0,0,N,MELB_URBAN,UNKNOWN,5,18.0
5081,1,3,111,2,1,80.0,0,I,MELB_URBAN,ROAD,5,18.0
5082,1,3,140,2,3,80.0,1,I,MELB_URBAN,HIGHWAY,5,21.0
5083,1,4,99,5,3,50.0,0,N,MELB_URBAN,ROAD,5,0.0
5084,8,4,174,5,3,100.0,0,N,MELB_URBAN,FREEWAY,5,3.0
5085,1,4,130,5,3,60.0,0,N,MELB_URBAN,STREET,5,6.0
5086,1,3,132,2,3,70.0,0,I,MELB_URBAN,ROAD,5,19.0
5087,6,1,170,5,1,60.0,0,N,RURAL_VICTORIA,OTHER,1,13.0
5088,1,4,116,2,1,50.0,0,I,MELB_URBAN,STREET,5,8.0
5089,1,5,121,4,1,50.0,0,I,LARGE_PROVINCIAL_CITIES,STREET,5,8.0
5090,1,2,130,2,1,60.0,0,N,MELB_URBAN,ROAD,5,16.0
5091,1,4,135,5,1,50.0,0,N,MELB_URBAN,ROAD,5,8.0
5092,1,6,130,2,1,70.0,0,I,MELB_URBAN,ROAD,5,12.0
5093,8,4,174,2,1,60.0,0,I,RURAL_VICTORIA,ROAD,5,10.0
5094,1,4,140,2,1,100.0,0,I,RURAL_VICTORIA,ROAD,5,8.0
5095,1,5,130,5,1,60.0,0,N,MELB_URBAN,ROAD,5,13.0
5096,4,4,183,5,6,100.0,0,N,RURAL_VICTORIA,ROAD,5,0.0
5097,8,2,174,2,4,50.0,0,I,MELB_URBAN,ROAD,5,17.0
5098,1,4,99,2,1,60.0,0,N,MELB_URBAN,STREET,5,12.0
5099,4,4,173,5,1,100.0,0,N,MELB_URBAN,UNKNOWN,5,11.0
5100,1,3,110,1,1,60.0,0,N,LARGE_PROVINCIAL_CITIES,STREET,5,7.0
5101,1,4,163,2,1,40.0,0,I,MELB_URBAN,STREET,5,12.0
5102,1,2,130,2,1,70.0,0,I,MELB_URBAN,ROAD,5,15.0
5103,1,4,110,1,1,60.0,0,I,SMALL_CITIES,HIGHWAY,5,13.0
5104,8,6,174,1,1,100.0,0,I,RURAL_VICTORIA,HIGHWAY,4,15.0
5105,8,4,99,5,1,100.0,0,N,RURAL_VICTORIA,ROAD,5,11.0
5106,1,4,110,1,1,50.0,0,I,MELB_URBAN,AVENUE,5,13.0
5107,1,1,113,2,1,60.0,0,I,MELB_URBAN,ROAD,3,11.0
5108,2,6,100,2,1,50.0,0,I,LARGE_PROVINCIAL_CITIES,DRIVE,5,10.0
5109,8,7,99,5,1,60.0,0,N,RURAL_VICTORIA,ROAD,1,13.0
5110,1,7,163,1,3,50.0,0,I,MELB_URBAN,STREET,3,19.0
5111,1,4,110,1,1,60.0,0,I,MELB_URBAN,STREET,5,13.0
5112,1,4,147,5,1,80.0,0,N,MELB_URBAN,HIGHWAY,5,7.0