,accident_type,day_of_week,dca_code,road_geometry,light_condition,speed_zone,severity,node_type,deg_urban_name,road_type,month,hour
5113,4,4,171,2,1,60.0,0,I,SMALL_CITIES,AVENUE,5,14.0
5114,1,4,113,2,1,60.0,0,I,SMALL_CITIES,ROAD,5,15.0
5115,1,0,130,2,1,50.0,0,I,MELBOURNE_CBD,STREET,4,17.0
5116,1,7,130,2,1,100.0,0,I,RURAL_VICTORIA,ROAD,3,15.0
5117,2,4,100,1,1,80.0,0,I,MELB_URBAN,ROAD,5,14.0
5118,8,4,174,5,2,80.0,0,N,MELB_URBAN,ROAD,5,6.0
5119,1,4,113,2,1,60.0,0,N,SMALL_CITIES,STREET,5,16.0
5120,1,5,163,5,1,60.0,0,N,MELB_URBAN,ROAD,4,16.0
5121,1,4,110,1,2,60.0,0,I,MELB_URBAN,ROAD,5,17.0
5122,2,4,99,2,1,60.0,0,I,MELB_URBAN,ROAD,5,16.0
5123,2,3,99,5,3,60.0,0,N,MELB_URBAN,ROAD,5,18.0
5124,1,4,110,1,5,80.0,0,I,RURAL_VICTORIA,HIGHWAY,5,18.0
5125,1,4,99,5,3,60.0,0,N,MELB_URBAN,ROAD,5,19.0
5126,1,3,133,2,2,60.0,0,I,MELB_URBAN,STREET,4,16.0
5127,6,4,99,5,5,100.0,0,N,RURAL_VICTORIA,ROAD,5,17.0
5128,4,3,173,1,3,60.0,0,I,LARGE_PROVINCIAL_CITIES,HIGHWAY,5,2.0
5129,1,4,111,2,3,60.0,0,I,TOWNS,STREET,5,18.0
5130,1,4,110,1,2,50.0,0,I,SMALL_CITIES,STREET,5,16.0
5131,1,4,113,2,3,70.0,0,N,MELB_URBAN,ROAD,5,18.0
5132,1,4,130,2,3,60.0,0,I,MELB_URBAN,ROAD,5,22.0
5133,2,4,100,2,3,60.0,0,I,MELB_URBAN,STREET,5,22.0
5134,1,3,130,2,3,60.0,0,I,MELB_URBAN,ROAD,5,19.0
5135,1,5,110,1,3,70.0,0,I,MELB_URBAN,ROAD,5,0.0
5136,1,6,110,1,1,50.0,0,I,SMALL_CITIES,STREET,3,8.0
5137,1,5,99,1,3,60.0,0,I,MELB_URBAN,STREET,5,6.0
5138,1,5,135,2,3,60.0,0,I,MELB_URBAN,ROAD,5,6.0
5139,1,5,140,5,3,40.0,0,N,MELB_URBAN,STREET,4,19.0
5140,2,5,100,1,1,50.0,0,I,MELBOURNE_CBD,STREET,5,7.0
5141,1,5,113,2,1,80.0,0,I,MELB_URBAN,ROAD,5,7.0
5142,1,5,116,2,1,50.0,0,I,MELB_URBAN,HIGHWAY,5,8.0
5143,9,6,99,5,1,60.0,0,N,MELBOURNE_CBD,STREET,5,9.0
5144,1,5,113,2,1,60.0,0,I,MELB_URBAN,STREET,5,9.0
5145,8,1,99,1,6,50.0,0,I,TOWNS,STREET,3,0.0
5146,2,4,99,5,1,40.0,0,N,SMALL_CITIES,STREET,5,15.0
5147,1,4,140,5,3,50.0,0,N,MELB_URBAN,STREET,5,6.0
5148,1,5,110,1,1,80.0,0,I,MELB_URBAN,ROAD,5,11.0
5149,8,3,184,5,1,100.0,0,N,RURAL_VICTORIA,ROAD,5,13.0
5150,3,5,167,5,1,60.0,0,N,MELB_URBAN,STREET,5,12.0
5151,2,3,99,2,1,60.0,0,I,MELB_URBAN,ROAD,3,16.0
5152,2,2,99,5,1,60.0,0,N,MELB_URBAN,STREET,5,10.0
5153,1,5,130,1,1,80.0,0,I,RURAL_VICTORIA,ROAD,5,16.0
5154,1,2,121,2,3,40.0,0,I,MELB_URBAN,ROAD,5,17.0
5155,1,5,130,1,1,70.0,0,I,MELB_URBAN,STREET,5,11.0
5156,1,3,135,1,6,60.0,0,I,LARGE_PROVINCIAL_CITIES,ROAD,4,0.0
5157,4,5,171,5,1,100.0,0,N,MELB_URBAN,ROAD,5,12.0
5158,1,5,110,1,1,100.0,0,I,RURAL_VICTORIA,HIGHWAY,5,16.0
5159,1,5,130,5,1,80.0,0,N,MELB_URBAN,HIGHWAY,5,16.0
5160,2,5,100,5,1,80.0,0,N,MELB_URBAN,ROAD,5,17.0
5161,1,5,99,2,3,40.0,0,I,SMALL_CITIES,STREET,5,17.0
5162,1,4,121,2,3,60.0,0,I,MELB_URBAN,ROAD,5,18.0
5163,2,5,100,5,4,50.0,0,N,MELB_URBAN,ROAD,5,18.0
5164,1,5,135,5,3,100.0,0,N,MELB_URBAN,ROAD,5,19.0
5165,1,5,147,2,3,60.0,0,I,MELB_URBAN,STREET,5,19.0
5166,1,5,120,5,1,100.0,0,N,RURAL_VICTORIA,HIGHWAY,5,16.0
5167,8,4,170,5,2,60.0,0,N,MELB_URBAN,ROAD,5,18.0
5168,1,5,113,2,3,50.0,0,I,MELB_URBAN,STREET,5,18.0
5169,1,5,121,1,3,50.0,0,I,MELB_URBAN,STREET,3,20.0
5170,1,5,113,2,5,60.0,0,I,MELB_URBAN,STREET,5,21.0
5171,9,5,99,5,3,60.0,0,N,MELB_URBAN,STREET,5,23.0
5172,1,6,110,1,3,60.0,0,I,MELB_URBAN,STREET,5,5.0
5173,1,6,116,2,3,50.0,0,I,MELB_URBAN,AVENUE,5,5.0
5174,1,5,120,5,1,50.0,0,N,MELB_URBAN,DRIVE,5,8.0
5175,1,4,135,2,3,60.0,0,I,MELB_URBAN,ROAD,5,18.0
5176,1,6,130,5,1,80.0,0,N,MELB_URBAN,FREEWAY,5,6.0
5177,1,2,121,2,1,60.0,0,I,MELB_URBAN,ROAD,5,8.0
5178,1,5,99,1,1,80.0,0,I,MELB_URBAN,ROAD,5,8.0
5179,8,5,99,2,3,50.0,0,I,MELB_URBAN,DRIVE,4,5.0
5180,4,5,173,5,1,110.0,0,N,SMALL_CITIES,OTHER,4,12.0
5181,1,6,99,2,1,60.0,0,I,MELB_URBAN,STREET,5,9.0
5182,4,6,173,5,1,70.0,0,N,MELB_URBAN,ROAD,5,11.0
5183,7,1,99,2,1,60.0,0,I,MELB_URBAN,STREET,5,10.0
5184,4,6,171,5,1,70.0,0,N,MELB_URBAN,ROAD,5,12.0
5185,1,5,113,2,1,60.0,0,I,MELB_URBAN,STREET,5,15.0
5186,1,1,130,1,1,60.0,0,I,MELB_URBAN,STREET,5,13.0
5187,1,5,130,5,1,80.0,0,N,MELB_URBAN,ROAD,5,5.0
5188,1,6,130,5,1,60.0,0,N,MELB_URBAN,ROAD,5,11.0
5189,1,6,130,5,1,80.0,0,N,MELB_URBAN,HIGHWAY,5,10.0
5190,1,6,110,1,1,50.0,0,I,MELB_URBAN,STREET,5,12.0
5191,1,6,160,5,1,80.0,0,N,MELB_URBAN,ROAD,5,11.0
5192,8,2,174,1,1,60.0,0,I,MELB_URBAN,ROAD,5,7.0
5193,1,5,116,1,2,60.0,0,I,MELB_URBAN,PARADE,5,16.0
5194,6,6,174,1,1,50.0,0,I,SMALL_CITIES,BOULEVARD,5,13.0
5195,1,1,121,1,3,50.0,0,I,MELB_URBAN,STREET,5,19.0
5196,1,6,113,2,1,100.0,0,I,RURAL_VICTORIA,ROAD,5,13.0
5197,1,5,133,5,4,80.0,0,N,MELB_URBAN,ROAD,5,18.0
5198,1,4,130,5,1,60.0,0,N,MELB_URBAN,ROAD,5,7.0
5199,1,6,99,5,1,40.0,0,N,MELB_URBAN,STREET,5,15.0
5200,4,6,171,5,1,80.0,0,N,RURAL_VICTORIA,ROAD,5,13.0
5201,1,4,121,3,2,40.0,0,I,MELB_URBAN,STREET,5,17.0
5202,1,6,147,5,1,50.0,0,N,MELB_URBAN,OTHER,5,15.0
5203,1,6,132,5,1,60.0,0,N,TOWNS,STREET,5,15.0
5204,1,5,121,4,1,80.0,0,I,MELB_URBAN,ROAD,5,15.0
5205,1,6,130,2,3,50.0,0,I,MELB_URBAN,ROAD,5,18.0
5206,8,7,99,2,1,100.0,0,I,RURAL_VICTORIA,OTHER,5,15.0
5207,1,4,130,2,3,60.0,0,I,MELB_URBAN,DRIVE,5,18.0
5208,4,6,171,5,2,60.0,0,N,MELB_URBAN,ROAD,5,16.0
5209,6,5,99,5,5,110.0,0,N,RURAL_VICTORIA,FREEWAY,5,22.0
5210,1,3,99,5,1,60.0,0,N,MELB_URBAN,DRIVE,5,11.0
5211,1,6,110,1,3,60.0,0,I,MELB_URBAN,AVENUE,5,19.0
5212,1,6,135,5,3,80.0,0,N,MELB_URBAN,FREEWAY,5,18.0
5213,1,6,147,1,9,50.0,0,I,SMALL_CITIES,ROAD,5,21.0
5214,1,6,140,4,3,80.0,0,N,MELB_URBAN,ROAD,5,20.0
5215,8,7,174,5,1,90.0,0,N,RURAL_VICTORIA,ROAD,5,12.0
5216,1,6,130,5,1,100.0,0,N,MELB_URBAN,FREEWAY,5,15.0
5217,3,6,167,5,5,100.0,0,N,RURAL_VICTORIA,ROAD,5,18.0
5218,4,6,171,5,6,50.0,0,N,MELB_URBAN,STREET,5,21.0
5219,4,6,171,2,3,60.0,0,I,MELB_URBAN,ROAD,5,23.0
5220,1,6,110,1,3,50.0,0,I,MELB_URBAN,STREET,5,22.0
5221,8,2,174,2,1,50.0,0,I,LARGE_PROVINCIAL_CITIES,STREET,5,9.0
5222,1,6,140,5,3,50.0,0,N,MELB_URBAN,AVENUE,5,20.0
5223,3,7,167,5,5,80.0,0,N,RURAL_VICTORIA,HIGHWAY,5,0.0
5224,4,6,173,5,5,50.0,1,N,RURAL_VICTORIA,ROAD,5,21.0
5225,1,7,99,2,3,70.0,0,I,MELB_URBAN,STREET,5,1.0
5226,1,7,160,2,3,60.0,0,I,MELB_URBAN,ROAD,5,1.0
5227,3,2,167,2,1,80.0,0,I,TOWNS,HIGHWAY,4,9.0
5228,7,7,174,2,1,60.0,0,I,MELB_URBAN,STREET,5,11.0
5229,1,6,147,5,1,50.0,0,N,LARGE_PROVINCIAL_CITIES,STREET,5,16.0
5230,1,7,140,2,1,50.0,0,I,MELB_URBAN,ROAD,5,9.0
5231,1,4,121,2,3,60.0,0,I,MELB_URBAN,STREET,5,18.0
5232,1,7,113,2,1,50.0,0,I,LARGE_PROVINCIAL_CITIES,PARADE,5,12.0
5233,4,7,171,5,1,70.0,0,N,MELB_URBAN,ROAD,5,13.0
5234,1,6,99,2,1,40.0,0,I,MELB_URBAN,ROAD,4,10.0
5235,1,3,110,1,3,50.0,0,I,MELB_URBAN,STREET,4,18.0
5236,3,7,167,5,1,100.0,0,N,RURAL_VICTORIA,ROAD,5,12.0
5237,4,7,171,5,1,50.0,0,N,MELB_URBAN,ROAD,5,14.0
5238,4,5,171,5,5,100.0,0,N,RURAL_VICTORIA,ROAD,5,1.0
5239,1,7,121,1,1,70.0,0,I,MELB_URBAN,ROAD,5,16.0
5240,1,7,140,2,3,60.0,0,I,MELB_URBAN,ROAD,5,17.0
5241,1,7,121,1,3,80.0,0,I,RURAL_VICTORIA,HIGHWAY,5,18.0
5242,1,7,121,2,3,60.0,0,I,MELB_URBAN,ROAD,5,17.0
5243,1,7,120,5,6,80.0,0,N,RURAL_VICTORIA,HIGHWAY,5,20.0
5244,1,5,130,1,9,60.0,0,I,LARGE_PROVINCIAL_CITIES,STREET,3,8.0
5245,1,7,132,2,3,60.0,0,I,MELB_URBAN,ROAD,5,18.0
5246,1,7,113,2,5,50.0,0,I,MELB_URBAN,STREET,5,18.0
5247,1,7,135,5,3,100.0,0,I,MELB_URBAN,UNKNOWN,5,18.0
5248,1,7,140,2,5,80.0,0,I,MELB_URBAN,ROAD,5,23.0
5249,1,7,110,1,3,60.0,0,I,LARGE_PROVINCIAL_CITIES,STREET,5,23.0
5250,2,7,100,5,3,60.0,1,N,MELB_URBAN,BOULEVARD,5,21.0
5251,4,7,171,5,4,60.0,0,N,RURAL_VICTORIA,ROAD,5,22.0
5252,1,1,120,5,3,60.0,1,N,MELB_URBAN,AVENUE,5,1.0
5253,1,1,160,5,3,50.0,0,N,MELB_URBAN,AVENUE,5,5.0
5254,6,1,99,5,5,80.0,0,N,RURAL_VICTORIA,ROAD,5,1.0
5255,4,1,171,5,5,70.0,0,N,MELB_URBAN,ROAD,5,2.0
5256,4,1,171,5,5,100.0,0,N,RURAL_VICTORIA,HIGHWAY,5,6.0
5257,1,1,99,5,1,80.0,0,N,MELB_URBAN,ROAD,5,10.0
5258,1,1,130,1,1,100.0,0,I,RURAL_VICTORIA,ROAD,5,10.0
5259,1,1,99,2,1,60.0,0,I,MELB_URBAN,ROAD,5,11.0
5260,1,1,99,2,1,60.0,0,I,MELB_URBAN,ROAD,5,7.0
5261,1,1,110,1,1,50.0,0,I,MELB_URBAN,ROAD,5,11.0
5262,2,1,102,2,1,30.0,0,I,MELBOURNE_CBD,STREET,5,12.0
5263,1,1,130,5,1,60.0,0,N,MELB_URBAN,ROAD,5,12.0
5264,1,1,113,2,1,80.0,0,I,MELB_URBAN,ROAD,5,12.0
5265,4,1,173,5,1,50.0,0,N,SMALL_CITIES,OTHER,5,12.0
5266,1,1,113,2,1,60.0,0,I,MELB_URBAN,STREET,5,13.0
5267,1,1,130,1,1,60.0,0,N,MELB_URBAN,ROAD,5,13.0
5268,1,1,110,1,1,70.0,0,I,LARGE_PROVINCIAL_CITIES,DRIVE,5,14.0
5269,1,1,110,1,1,80.0,0,I,MELB_URBAN,ROAD,5,14.0
5270,1,1,140,1,1,40.0,0,I,MELB_URBAN,ROAD,5,14.0
5271,1,7,121,4,1,60.0,0,I,MELB_URBAN,STREET,5,16.0
5272,1,1,110,1,1,60.0,0,I,LARGE_PROVINCIAL_CITIES,STREET,5,16.0
5273,1,4,121,1,1,60.0,0,I,MELB_URBAN,ROAD,1,16.0
5274,1,1,110,1,1,50.0,0,I,MELB_URBAN,STREET,5,15.0
5275,1,1,130,5,1,80.0,0,N,MELB_URBAN,HIGHWAY,5,15.0
5276,1,2,110,1,1,50.0,0,I,MELB_URBAN,STREET,5,9.0
5277,6,1,174,5,3,100.0,0,N,MELB_URBAN,RAMP,5,19.0
5278,1,1,121,2,5,100.0,0,I,MELB_URBAN,FREEWAY,5,18.0
5279,4,1,171,1,3,50.0,0,I,TOWNS,STREET,5,20.0
5280,4,1,171,2,1,60.0,0,I,MELB_URBAN,ROAD,5,16.0
5281,1,5,121,1,3,60.0,0,I,MELB_URBAN,ROAD,5,20.0
5282,2,2,99,5,6,80.0,0,N,MELB_URBAN,ROAD,5,0.0
5283,1,2,110,1,3,50.0,0,I,MELBOURNE_CBD,STREET,5,1.0
5284,4,1,173,4,1,80.0,0,N,MELB_URBAN,ROAD,5,12.0
5285,4,4,183,2,3,60.0,0,I,MELB_URBAN,ROAD,5,3.0
5286,4,2,173,5,5,100.0,0,N,RURAL_VICTORIA,ROAD,5,3.0
5287,1,1,121,2,1,60.0,0,I,SMALL_CITIES,HIGHWAY,5,9.0
5288,1,0,99,2,1,80.0,0,I,MELB_URBAN,HIGHWAY,5,16.0
5289,1,2,134,5,3,50.0,0,N,MELBOURNE_CBD,STREET,5,4.0
5290,1,2,160,5,1,50.0,0,N,MELB_URBAN,ROAD,5,8.0
5291,1,2,99,2,1,50.0,0,I,MELB_URBAN,ROAD,5,8.0
5292,2,1,99,5,5,50.0,0,N,MELB_URBAN,STREET,5,22.0
5293,1,5,130,5,2,80.0,0,N,MELB_URBAN,OTHER,5,8.0
5294,2,2,99,5,1,60.0,0,N,MELB_URBAN,ROAD,5,8.0
5295,4,2,173,5,1,60.0,0,N,RURAL_VICTORIA,ROAD,5,8.0
5296,1,1,133,5,1,50.0,0,N,MELB_URBAN,STREET,5,10.0
5297,1,5,130,1,1,80.0,0,I,MELB_URBAN,HIGHWAY,5,17.0
5298,2,2,99,2,1,50.0,0,I,MELB_URBAN,OTHER,5,11.0
5299,1,7,99,1,1,60.0,0,I,MELB_URBAN,STREET,5,13.0
5300,1,2,135,2,1,60.0,0,I,MELB_URBAN,ROAD,5,8.0
5301,1,2,110,1,1,60.0,0,N,MELB_URBAN,ROAD,5,8.0
5302,1,2,99,1,1,50.0,0,I,MELB_URBAN,STREET,5,13.0
5303,1,2,130,5,1,70.0,0,N,MELB_URBAN,ROAD,5,8.0
5304,4,2,171,5,1,60.0,0,N,MELB_URBAN,HIGHWAY,5,9.0
5305,1,2,121,5,1,100.0,0,N,RURAL_VICTORIA,ROAD,5,9.0
5306,1,1,147,5,5,90.0,0,N,RURAL_VICTORIA,FREEWAY,5,19.0
5307,1,3,113,2,1,40.0,0,I,MELB_URBAN,STREET,3,12.0
5308,1,7,110,1,3,50.0,0,I,MELB_URBAN,STREET,5,17.0
5309,4,2,173,5,1,50.0,0,N,SMALL_CITIES,STREET,5,13.0
5310,1,5,130,5,2,60.0,0,N,MELB_URBAN,UNKNOWN,5,17.0
5311,1,5,110,1,1,60.0,0,I,LARGE_PROVINCIAL_CITIES,STREET,5,7.0
5312,1,2,133,5,1,80.0,0,N,MELB_URBAN,ROAD,5,12.0
5313,1,2,130,5,1,60.0,0,N,MELB_URBAN,ROAD,5,11.0
5314,1,2,121,2,1,60.0,0,I,MELB_URBAN,ROAD,5,13.0
5315,1,2,120,5,1,100.0,0,N,RURAL_VICTORIA,HIGHWAY,5,13.0
5316,1,2,130,5,1,70.0,0,N,MELB_URBAN,ROAD,5,14.0
5317,1,2,121,2,1,80.0,0,I,MELB_URBAN,ROAD,5,14.0
5318,1,2,130,5,1,80.0,1,N,MELB_URBAN,HIGHWAY,5,14.0
5319,1,2,133,2,1,70.0,0,I,MELB_URBAN,ROAD,5,16.0
5320,2,2,99,5,1,40.0,0,N,MELB_URBAN,STREET,5,16.0
5321,8,1,170,1,1,70.0,0,I,MELB_URBAN,ROAD,4,14.0
5322,1,2,133,5,1,60.0,0,N,LARGE_PROVINCIAL_CITIES,PARADE,5,10.0
5323,2,2,99,1,1,60.0,0,I,LARGE_PROVINCIAL_CITIES,STREET,5,15.0
5324,1,2,160,5,3,60.0,0,N,SMALL_CITIES,STREET,5,19.0
5325,1,6,135,5,1,80.0,0,N,MELB_URBAN,ROAD,5,12.0
5326,1,2,113,1,3,60.0,0,I,MELB_URBAN,PARADE,5,23.0
5327,1,3,163,2,1,60.0,0,I,MELB_URBAN,STREET,5,14.0
5328,1,3,116,1,3,70.0,0,I,MELB_URBAN,ROAD,5,6.0
5329,1,2,110,1,3,50.0,0,I,LARGE_PROVINCIAL_CITIES,STREET,5,18.0
5330,4,3,181,5,2,80.0,0,N,RURAL_VICTORIA,ROAD,5,6.0
5331,1,2,130,5,1,60.0,0,N,MELB_URBAN,ROAD,5,7.0
5332,1,3,121,1,1,60.0,0,I,MELB_URBAN,STREET,5,8.0
5333,1,3,163,5,1,60.0,0,N,MELBOURNE_CBD,STREET,5,8.0
5334,1,3,121,2,1,60.0,0,I,MELB_URBAN,ROAD,5,8.0
5335,2,3,102,1,1,40.0,0,I,MELB_URBAN,STREET,5,9.0
5336,1,4,130,1,1,60.0,0,I,LARGE_PROVINCIAL_CITIES,ROAD,5,9.0
5337,1,3,130,5,1,70.0,0,N,MELB_URBAN,ROAD,5,8.0
5338,1,3,113,2,1,80.0,0,I,RURAL_VICTORIA,HIGHWAY,5,8.0
5339,2,3,102,5,1,60.0,0,N,SMALL_CITIES,ROAD,5,11.0
5340,4,4,181,5,5,100.0,0,N,RURAL_VICTORIA,ROAD,5,2.0
5341,6,3,99,5,1,100.0,0,N,RURAL_VICTORIA,ROAD,5,11.0
5342,1,3,110,1,1,100.0,0,I,RURAL_VICTORIA,ROAD,5,12.0
5343,1,3,130,1,1,70.0,0,I,MELB_URBAN,HIGHWAY,5,12.0
5344,8,7,174,2,1,50.0,0,I,MELB_URBAN,DRIVE,5,11.0
5345,5,7,99,5,1,60.0,0,N,RURAL_VICTORIA,ROAD,5,14.0
5346,1,1,183,5,5,100.0,0,N,RURAL_VICTORIA,ROAD,5,4.0
5347,4,4,171,5,5,80.0,0,N,LARGE_PROVINCIAL_CITIES,AVENUE,5,19.0
5348,1,3,113,2,1,100.0,0,N,TOWNS,HIGHWAY,5,13.0
5349,1,1,130,1,3,60.0,0,I,MELB_URBAN,ROAD,5,18.0
5350,1,7,130,5,1,100.0,0,N,MELB_URBAN,ROAD,5,17.0
5351,1,3,121,1,1,70.0,0,I,MELB_URBAN,ROAD,5,14.0
5352,1,3,130,1,1,50.0,0,I,SMALL_CITIES,STREET,5,11.0
5353,6,3,99,5,1,100.0,0,N,RURAL_VICTORIA,ROAD,5,13.0
5354,1,1,110,1,3,50.0,0,I,SMALL_CITIES,STREET,5,18.0
5355,4,1,173,2,1,70.0,0,I,MELB_URBAN,ROAD,5,14.0
5356,1,3,110,1,1,60.0,0,I,SMALL_CITIES,ROAD,5,16.0
5357,1,3,110,1,1,60.0,0,I,MELB_URBAN,STREET,5,15.0
5358,1,3,121,1,3,70.0,0,I,LARGE_PROVINCIAL_CITIES,STREET,5,17.0
5359,1,1,110,1,1,60.0,0,I,TOWNS,STREET,5,12.0
5360,4,3,173,1,3,50.0,0,I,MELB_URBAN,AVENUE,5,18.0
5361,1,3,130,1,3,60.0,0,I,MELB_URBAN,ROAD,5,18.0
5362,1,2,133,5,5,60.0,0,N,MELB_URBAN,ROAD,5,20.0
5363,1,2,99,1,1,60.0,0,I,MELB_URBAN,ROAD,3,11.0
5364,1,3,160,5,3,50.0,0,N,MELB_URBAN,ROAD,5,21.0
5365,4,3,171,5,3,60.0,0,N,MELB_URBAN,ROAD,5,21.0
5366,1,4,130,1,3,80.0,0,I,MELB_URBAN,ROAD,5,5.0
5367,1,2,130,5,1,60.0,0,N,MELB_URBAN,ROAD,5,14.0
5368,1,3,121,5,1,60.0,0,N,MELB_URBAN,STREET,5,8.0
5369,1,2,130,5,3,60.0,0,N,LARGE_PROVINCIAL_CITIES,STREET,5,17.0
5370,1,2,111,1,3,70.0,1,I,LARGE_PROVINCIAL_CITIES,STREET,5,19.0
5371,1,2,130,1,1,70.0,0,I,MELB_URBAN,HIGHWAY,5,8.0
5372,1,5,130,5,1,60.0,0,N,MELB_URBAN,OTHER,4,15.0
5373,1,4,121,2,1,50.0,0,I,MELB_URBAN,ROAD,5,8.0
5374,2,3,100,2,2,40.0,0,I,MELB_URBAN,ROAD,5,18.0
5375,7,1,99,5,1,60.0,0,N,LARGE_PROVINCIAL_CITIES,STREET,5,12.0
5376,6,2,174,1,1,100.0,0,I,RURAL_VICTORIA,ROAD,5,7.0
5377,1,3,121,1,1,60.0,0,I,MELB_URBAN,STREET,5,16.0
5378,1,4,99,5,1,60.0,0,N,MELB_URBAN,STREET,5,10.0
5379,6,7,170,5,1,80.0,0,N,RURAL_VICTORIA,ROAD,5,11.0
5380,1,4,147,5,1,60.0,0,N,MELB_URBAN,ROAD,5,8.0
5381,4,4,173,5,1,100.0,0,N,RURAL_VICTORIA,HIGHWAY,5,13.0
5382,1,4,132,2,1,70.0,0,I,SMALL_CITIES,STREET,5,13.0
5383,1,4,110,1,1,80.0,0,I,MELB_URBAN,ROAD,5,11.0
5384,1,3,130,1,3,60.0,0,I,MELB_URBAN,ROAD,5,19.0
5385,4,3,173,5,1,100.0,0,N,RURAL_VICTORIA,ROAD,5,15.0
5386,1,4,121,1,1,70.0,0,I,MELB_URBAN,STREET,5,11.0
5387,4,6,99,5,1,40.0,0,N,MELB_URBAN,STREET,5,16.0
5388,1,4,121,2,1,100.0,0,I,RURAL_VICTORIA,ROAD,5,13.0
5389,6,7,170,5,1,100.0,0,N,RURAL_VICTORIA,OTHER,5,11.0
5390,4,4,171,5,1,110.0,0,N,RURAL_VICTORIA,FREEWAY,5,15.0
5391,8,4,174,5,1,60.0,0,N,RURAL_VICTORIA,ROAD,5,15.0
5392,2,4,102,2,2,60.0,0,I,MELB_URBAN,ROAD,5,16.0
5393,1,7,120,1,1,60.0,0,I,RURAL_VICTORIA,ROAD,5,7.0
5394,1,4,130,5,3,70.0,0,N,SMALL_CITIES,PARADE,5,18.0
5395,1,4,130,1,1,60.0,0,I,LARGE_PROVINCIAL_CITIES,ROAD,5,15.0
5396,4,4,99,2,1,100.0,0,I,RURAL_VICTORIA,OTHER,5,14.0
5397,6,4,174,5,1,60.0,0,N,MELB_URBAN,ROAD,5,14.0
5398,1,2,99,2,1,100.0,0,I,RURAL_VICTORIA,HIGHWAY,5,16.0
5399,4,4,181,2,5,60.0,0,I,MELB_URBAN,ROAD,5,17.0
5400,1,4,116,2,3,60.0,0,I,MELB_URBAN,ROAD,5,17.0
5401,2,4,99,5,5,80.0,0,N,MELB_URBAN,ROAD,5,18.0
5402,2,4,102,1,1,60.0,0,I,SMALL_CITIES,STREET,5,15.0
5403,4,4,99,5,3,80.0,0,N,MELB_URBAN,ROAD,5,18.0
5404,8,4,174,1,3,50.0,0,I,MELB_URBAN,STREET,5,19.0
5405,1,4,110,1,3,40.0,0,I,MELB_URBAN,ROAD,5,21.0
5406,1,4,121,5,3,50.0,0,N,MELB_URBAN,AVENUE,5,23.0
5407,1,4,99,1,3,50.0,0,I,MELB_URBAN,ROAD,5,18.0
5408,1,4,147,5,3,70.0,0,N,MELB_URBAN,ROAD,5,22.0
5409,1,1,132,2,1,80.0,0,I,MELB_URBAN,AVENUE,4,14.0
5410,1,4,121,2,3,70.0,0,I,MELB_URBAN,ROAD,5,23.0
5411,4,4,171,2,3,50.0,0,I,MELB_URBAN,STREET,5,23.0
5412,8,5,170,1,1,60.0,0,I,MELB_URBAN,STREET,5,7.0
5413,8,1,99,5,1,100.0,0,N,RURAL_VICTORIA,ROAD,5,16.0
5414,8,4,174,5,1,100.0,0,N,RURAL_VICTORIA,ROAD,5,9.0
5415,1,5,120,5,3,60.0,0,N,MELB_URBAN,ROAD,5,6.0
5416,1,4,130,5,3,80.0,0,N,MELB_URBAN,FREEWAY,5,17.0
5417,1,4,99,2,1,60.0,0,N,MELB_URBAN,ROAD,5,16.0
5418,1,5,99,2,1,60.0,0,I,MELB_URBAN,ROAD,5,8.0
5419,1,1,130,1,1,60.0,0,I,MELB_URBAN,HIGHWAY,5,12.0
5420,1,5,130,5,1,50.0,0,N,MELB_URBAN,STREET,5,10.0
5421,1,5,133,5,1,60.0,0,N,MELB_URBAN,ROAD,5,12.0
5422,1,5,110,1,1,60.0,0,I,LARGE_PROVINCIAL_CITIES,STREET,5,9.0
5423,4,3,173,2,1,60.0,0,I,MELB_URBAN,ROAD,5,13.0
5424,1,4,121,2,1,50.0,0,I,MELB_URBAN,ROAD,5,7.0
5425,1,1,130,5,1,60.0,0,N,MELB_URBAN,ROAD,5,10.0
5426,1,4,130,5,3,80.0,0,N,MELB_URBAN,FREEWAY,5,17.0
5427,1,2,130,2,2,60.0,0,I,MELB_URBAN,ROAD,5,17.0
5428,1,5,130,5,1,80.0,0,N,MELB_URBAN,FREEWAY,5,13.0
5429,2,5,99,5,1,50.0,0,N,MELBOURNE_CBD,STREET,5,12.0
5430,4,5,173,5,1,50.0,0,N,MELB_URBAN,STREET,5,11.0
5431,1,2,116,1,1,60.0,0,I,MELB_URBAN,ROAD,5,7.0
5432,1,4,130,5,6,80.0,0,N,MELB_URBAN,FREEWAY,5,18.0
5433,4,5,171,5,1,50.0,0,N,SMALL_CITIES,BOULEVARD,5,8.0
5434,1,5,113,2,1,60.0,0,I,MELB_URBAN,STREET,5,15.0
5435,1,4,147,5,3,80.0,0,N,MELB_URBAN,HIGHWAY,5,17.0
5436,1,5,113,2,1,60.0,0,I,MELB_URBAN,STREET,5,15.0
5437,1,5,121,5,3,70.0,0,N,MELB_URBAN,ROAD,5,17.0
5438,1,5,110,1,3,50.0,0,I,MELB_URBAN,STREET,5,17.0
5439,2,5,102,2,5,50.0,0,I,MELB_URBAN,STREET,5,18.0
5440,6,5,170,5,1,100.0,0,N,RURAL_VICTORIA,ROAD,5,16.0
5441,1,5,160,5,1,60.0,0,N,MELB_URBAN,ROAD,5,19.0
5442,6,3,174,1,2,60.0,0,I,LARGE_PROVINCIAL_CITIES,ROAD,4,18.0
5443,6,5,174,5,1,100.0,0,N,RURAL_VICTORIA,ROAD,5,16.0
5444,8,2,174,5,5,60.0,0,N,TOWNS,HIGHWAY,5,6.0
5445,4,5,171,5,1,100.0,0,N,RURAL_VICTORIA,ROAD,5,15.0
5446,1,5,111,1,3,50.0,0,I,MELB_URBAN,STREET,5,18.0
5447,1,5,121,2,2,70.0,0,I,MELB_URBAN,ROAD,5,17.0
5448,4,5,181,5,1,100.0,0,N,RURAL_VICTORIA,HIGHWAY,5,16.0
5449,1,5,130,5,3,60.0,0,N,MELB_URBAN,DRIVE,5,19.0
5450,1,4,130,4,3,60.0,0,I,MELB_URBAN,RAMP,5,22.0
5451,1,5,160,5,3,50.0,0,N,MELB_URBAN,ROAD,5,19.0