,accident_type,day_of_week,dca_code,road_geometry,light_condition,speed_zone,severity,node_type,deg_urban_name,road_type,month,hour
5452,1,5,120,5,5,80.0,0,N,RURAL_VICTORIA,ROAD,5,23.0
5453,1,5,130,2,3,70.0,0,I,MELB_URBAN,HIGHWAY,5,23.0
5454,1,5,132,2,1,50.0,0,I,MELB_URBAN,STREET,5,10.0
5455,4,6,173,2,3,60.0,0,I,MELB_URBAN,ROAD,5,2.0
5456,8,5,174,2,1,60.0,0,N,TOWNS,ROAD,5,12.0
5457,4,6,171,5,3,60.0,0,N,MELB_URBAN,STREET,5,5.0
5458,1,4,160,5,3,50.0,0,N,MELB_URBAN,STREET,5,20.0
5459,1,7,132,2,1,50.0,0,I,LARGE_PROVINCIAL_CITIES,STREET,4,11.0
5460,1,6,163,5,9,50.0,0,I,MELB_URBAN,ROAD,5,8.0
5461,8,6,174,5,1,40.0,0,N,MELB_URBAN,STREET,5,6.0
5462,1,6,110,1,1,50.0,0,I,LARGE_PROVINCIAL_CITIES,STREET,5,8.0
5463,1,5,121,2,3,60.0,0,I,MELB_URBAN,STREET,5,18.0
5464,1,6,99,5,1,60.0,0,I,MELB_URBAN,PARADE,5,7.0
5465,1,6,130,5,1,100.0,0,N,MELB_URBAN,UNKNOWN,5,8.0
5466,1,6,130,1,1,80.0,0,I,MELB_URBAN,RAMP,5,7.0
5467,7,6,174,1,2,30.0,0,I,MELBOURNE_CBD,STREET,5,6.0
5468,1,6,140,5,1,50.0,0,N,MELB_URBAN,ROAD,5,9.0
5469,4,6,171,3,1,60.0,0,I,MELB_URBAN,ROAD,5,8.0
5470,1,6,130,1,1,60.0,0,I,MELB_URBAN,STREET,5,8.0
5471,1,5,116,2,1,60.0,0,I,MELB_URBAN,ROAD,5,9.0
5472,6,5,174,5,2,60.0,0,N,MELB_URBAN,ROAD,5,6.0
5473,7,1,99,2,6,50.0,0,I,SMALL_CITIES,OTHER,1,2.0
5474,4,6,171,5,5,100.0,1,N,RURAL_VICTORIA,ROAD,5,6.0
5475,1,6,121,1,1,60.0,0,I,MELB_URBAN,STREET,5,10.0
5476,1,6,133,1,1,70.0,0,I,MELB_URBAN,HIGHWAY,5,13.0
5477,1,6,121,2,1,80.0,0,I,SMALL_CITIES,HIGHWAY,5,13.0
5478,1,6,160,2,1,40.0,0,I,MELB_URBAN,ROAD,5,9.0
5479,1,6,99,5,1,50.0,0,N,SMALL_CITIES,STREET,5,12.0
5480,1,6,110,1,1,100.0,0,I,RURAL_VICTORIA,ROAD,5,11.0
5481,6,6,99,5,1,100.0,0,N,RURAL_VICTORIA,HIGHWAY,5,9.0
5482,2,6,102,5,1,60.0,0,N,MELB_URBAN,ROAD,5,14.0
5483,1,4,140,5,9,50.0,0,N,MELB_URBAN,STREET,2,12.0
5484,6,6,99,5,1,100.0,0,N,RURAL_VICTORIA,ROAD,5,15.0
5485,1,4,147,1,1,50.0,0,I,SMALL_CITIES,STREET,3,14.0
5486,4,6,173,5,1,100.0,0,N,RURAL_VICTORIA,HIGHWAY,5,10.0
5487,1,6,121,2,3,60.0,0,I,MELB_URBAN,ROAD,5,17.0
5488,1,3,133,5,1,50.0,0,N,MELB_URBAN,STREET,5,11.0
5489,1,6,121,2,3,50.0,0,I,TOWNS,ROAD,5,17.0
5490,1,6,110,1,1,50.0,0,I,MELB_URBAN,STREET,5,15.0
5491,1,6,121,4,1,60.0,0,I,MELB_URBAN,ROAD,5,14.0
5492,1,6,113,2,3,60.0,0,I,MELB_URBAN,STREET,5,17.0
5493,1,6,121,1,3,60.0,0,I,MELB_URBAN,HIGHWAY,5,18.0
5494,1,6,121,2,3,50.0,0,I,MELB_URBAN,STREET,5,18.0
5495,1,6,121,1,3,60.0,0,I,MELB_URBAN,ROAD,5,18.0
5496,1,6,113,2,3,80.0,0,I,MELB_URBAN,ROAD,5,18.0
5497,8,6,174,2,5,60.0,0,I,MELB_URBAN,ROAD,5,18.0
5498,1,6,132,2,3,100.0,0,I,RURAL_VICTORIA,HIGHWAY,5,17.0
5499,4,6,173,5,3,70.0,0,N,MELB_URBAN,ROAD,5,19.0
5500,1,6,121,2,3,60.0,0,I,MELB_URBAN,ROAD,5,21.0
5501,1,5,121,1,3,60.0,0,I,MELB_URBAN,ROAD,5,18.0
5502,1,5,160,5,3,50.0,0,N,MELB_URBAN,ROAD,5,19.0
5503,1,6,147,5,1,60.0,0,N,MELB_URBAN,AVENUE,5,10.0
5504,1,6,147,5,1,70.0,0,N,MELB_URBAN,ROAD,5,16.0
5505,1,4,147,2,1,50.0,0,I,MELB_URBAN,OTHER,5,16.0
5506,4,6,181,5,3,70.0,0,N,RURAL_VICTORIA,ROAD,5,22.0
5507,1,6,99,2,3,60.0,1,I,MELB_URBAN,STREET,5,17.0
5508,1,6,160,2,3,50.0,0,I,MELB_URBAN,STREET,5,20.0
5509,2,6,102,2,5,60.0,0,I,MELB_URBAN,DRIVE,5,18.0
5510,2,7,99,2,3,60.0,0,I,MELB_URBAN,HIGHWAY,5,2.0
5511,1,6,160,5,3,50.0,0,N,MELB_URBAN,OTHER,5,23.0
5512,4,7,171,2,1,50.0,0,I,MELB_URBAN,STREET,5,9.0
5513,1,7,133,1,1,60.0,0,I,MELB_URBAN,ROAD,5,9.0
5514,1,7,110,1,1,60.0,0,I,MELB_URBAN,OTHER,5,9.0
5515,1,5,116,4,9,60.0,0,I,MELB_URBAN,RAMP,4,8.0
5516,1,7,147,2,1,60.0,0,I,MELB_URBAN,ROAD,5,10.0
5517,4,7,171,2,1,70.0,0,N,MELB_URBAN,ROAD,5,10.0
5518,1,6,99,2,6,50.0,0,I,MELB_URBAN,STREET,5,20.0
5519,1,7,120,5,1,90.0,1,N,MELB_URBAN,ROAD,5,10.0
5520,1,7,130,5,1,70.0,0,N,MELB_URBAN,ROAD,5,10.0
5521,1,7,99,1,1,60.0,0,I,MELB_URBAN,STREET,5,13.0
5522,1,7,130,5,1,60.0,0,N,MELB_URBAN,OTHER,5,12.0
5523,1,7,160,5,1,60.0,0,N,MELB_URBAN,ROAD,5,13.0
5524,1,7,99,1,1,50.0,0,I,MELB_URBAN,STREET,5,15.0
5525,1,7,110,1,1,50.0,0,I,MELB_URBAN,STREET,5,15.0
5526,1,7,113,2,1,60.0,0,I,MELB_URBAN,ROAD,5,15.0
5527,1,6,130,1,1,50.0,0,I,MELB_URBAN,OTHER,5,7.0
5528,1,7,163,5,1,40.0,0,N,MELB_URBAN,ROAD,5,16.0
5529,1,5,147,5,1,50.0,0,N,MELB_URBAN,ROAD,5,15.0
5530,8,5,174,5,1,60.0,0,N,MELB_URBAN,ROAD,5,7.0
5531,1,7,113,1,3,70.0,0,I,LARGE_PROVINCIAL_CITIES,HIGHWAY,5,17.0
5532,1,7,110,1,5,50.0,0,I,MELB_URBAN,STREET,5,18.0
5533,1,3,110,1,1,60.0,0,I,RURAL_VICTORIA,ROAD,5,15.0
5534,2,7,100,2,3,60.0,0,I,MELB_URBAN,ROAD,5,18.0
5535,1,7,111,2,5,80.0,0,N,MELB_URBAN,HIGHWAY,5,17.0
5536,1,7,110,1,3,60.0,0,I,MELB_URBAN,ROAD,5,19.0
5537,1,7,110,1,3,50.0,0,I,MELB_URBAN,AVENUE,5,19.0
5538,4,1,173,2,3,50.0,0,I,MELB_URBAN,OTHER,5,0.0
5539,4,7,171,2,3,50.0,0,I,SMALL_CITIES,STREET,5,3.0
5540,1,1,160,5,3,60.0,0,N,MELB_URBAN,ROAD,5,2.0
5541,4,1,183,5,5,100.0,0,N,RURAL_VICTORIA,ROAD,5,0.0
5542,1,1,113,4,3,80.0,0,N,MELB_URBAN,ROAD,5,1.0
5543,1,1,130,1,3,60.0,0,I,MELB_URBAN,STREET,5,5.0
5544,1,7,99,5,1,100.0,0,N,RURAL_VICTORIA,OTHER,5,13.0
5545,4,7,171,5,2,100.0,0,N,RURAL_VICTORIA,ROAD,5,16.0
5546,1,7,130,1,2,70.0,0,I,MELB_URBAN,ROAD,5,17.0
5547,1,1,120,5,1,100.0,0,N,RURAL_VICTORIA,ROAD,5,8.0
5548,2,1,102,1,1,50.0,0,I,MELBOURNE_CBD,STREET,5,8.0
5549,6,5,174,5,6,50.0,0,N,MELB_URBAN,AVENUE,3,6.0
5550,9,7,99,1,1,50.0,0,I,LARGE_PROVINCIAL_CITIES,STREET,5,13.0
5551,1,5,121,1,3,60.0,0,I,MELB_URBAN,ROAD,5,18.0
5552,1,6,140,5,3,60.0,0,N,MELB_URBAN,HIGHWAY,5,18.0
5553,2,1,99,1,1,60.0,0,I,MELB_URBAN,ROAD,5,12.0
5554,1,1,132,2,1,60.0,0,I,MELB_URBAN,ROAD,5,12.0
5555,4,1,173,2,1,50.0,0,I,TOWNS,STREET,5,10.0
5556,1,1,113,2,1,50.0,0,I,MELB_URBAN,STREET,5,12.0
5557,1,1,113,2,1,60.0,0,I,MELB_URBAN,ROAD,5,13.0
5558,1,7,130,2,1,60.0,0,N,MELB_URBAN,OTHER,5,13.0
5559,1,1,110,1,1,50.0,0,I,MELB_URBAN,HIGHWAY,5,14.0
5560,1,7,160,5,3,50.0,0,N,MELB_URBAN,STREET,5,19.0
5561,1,5,110,1,6,60.0,0,I,SMALL_CITIES,ROAD,5,17.0
5562,4,1,173,4,5,90.0,0,N,RURAL_VICTORIA,ROAD,5,3.0
5563,1,1,132,2,1,60.0,0,I,MELB_URBAN,ROAD,5,16.0
5564,1,1,99,2,1,50.0,0,I,TOWNS,STREET,5,15.0
5565,2,1,100,5,3,40.0,0,N,MELB_URBAN,STREET,5,0.0
5566,1,1,99,2,2,50.0,0,I,LARGE_PROVINCIAL_CITIES,STREET,5,17.0
5567,3,3,167,5,5,100.0,0,N,RURAL_VICTORIA,ROAD,5,18.0
5568,1,1,99,2,3,60.0,0,I,MELB_URBAN,ROAD,5,19.0
5569,1,1,113,2,1,70.0,0,I,SMALL_CITIES,PARADE,5,16.0
5570,1,1,121,1,3,60.0,0,I,MELB_URBAN,ROAD,5,21.0
5571,4,1,181,5,5,100.0,0,N,RURAL_VICTORIA,ROAD,5,5.0
5572,1,1,110,4,3,60.0,0,I,MELB_URBAN,ROAD,5,1.0
5573,4,2,171,2,3,60.0,0,I,MELB_URBAN,HIGHWAY,5,1.0
5574,1,6,130,1,1,60.0,0,I,MELB_URBAN,ROAD,5,15.0
5575,1,5,116,2,1,50.0,0,I,MELB_URBAN,BOULEVARD,5,8.0
5576,1,1,121,1,3,60.0,0,I,MELB_URBAN,ROAD,5,21.0
5577,6,7,174,5,1,100.0,0,N,RURAL_VICTORIA,OTHER,3,14.0
5578,2,2,99,2,3,60.0,0,N,MELB_URBAN,STREET,5,6.0
5579,1,2,130,1,1,50.0,0,I,LARGE_PROVINCIAL_CITIES,ROAD,5,9.0
5580,1,1,130,1,6,60.0,0,I,MELB_URBAN,ROAD,5,20.0
5581,1,2,163,1,1,50.0,0,I,MELBOURNE_CBD,STREET,5,8.0
5582,4,2,183,5,5,80.0,0,N,RURAL_VICTORIA,ROAD,5,3.0
5583,1,2,120,5,1,60.0,0,N,MELB_URBAN,ROAD,5,11.0
5584,1,2,121,2,1,60.0,0,I,MELB_URBAN,AVENUE,5,11.0
5585,4,5,99,2,2,50.0,0,I,LARGE_PROVINCIAL_CITIES,PARADE,4,18.0
5586,1,2,110,1,1,40.0,0,I,MELB_URBAN,ROAD,5,11.0
5587,1,2,121,1,1,60.0,0,I,LARGE_PROVINCIAL_CITIES,STREET,5,10.0
5588,1,2,163,2,1,50.0,0,I,MELB_URBAN,STREET,5,11.0
5589,1,2,121,5,1,60.0,0,N,MELB_URBAN,ROAD,5,8.0
5590,1,2,130,1,1,60.0,0,I,MELB_URBAN,STREET,5,14.0
5591,1,2,121,4,1,60.0,0,I,MELB_URBAN,ROAD,5,13.0
5592,1,7,130,5,3,100.0,0,N,MELB_URBAN,FREEWAY,5,18.0
5593,1,5,130,1,6,80.0,0,I,MELB_URBAN,STREET,5,18.0
5594,1,3,110,1,1,60.0,0,I,MELB_URBAN,ROAD,4,10.0
5595,1,2,113,2,3,50.0,0,I,MELB_URBAN,OTHER,5,17.0
5596,1,7,99,1,3,60.0,0,I,MELB_URBAN,ROAD,5,19.0
5597,4,2,181,5,1,100.0,0,N,RURAL_VICTORIA,ROAD,5,14.0
5598,3,1,167,5,1,100.0,0,N,RURAL_VICTORIA,ROAD,5,16.0
5599,1,2,132,2,4,60.0,0,I,MELB_URBAN,ROAD,5,17.0
5600,1,2,110,1,3,60.0,0,I,MELB_URBAN,STREET,5,22.0
5601,4,3,173,5,3,80.0,0,N,MELB_URBAN,ROAD,5,0.0
5602,1,2,130,5,3,70.0,0,N,MELB_URBAN,ROAD,5,19.0
5603,1,3,110,1,1,60.0,0,I,SMALL_CITIES,STREET,5,8.0
5604,7,1,99,5,1,100.0,0,N,RURAL_VICTORIA,ROAD,4,13.0
5605,1,2,132,5,1,50.0,0,N,MELB_URBAN,ROAD,5,12.0
5606,1,2,113,2,1,70.0,0,I,MELB_URBAN,ROAD,5,11.0
5607,1,2,133,5,1,70.0,0,N,MELB_URBAN,ROAD,5,9.0
5608,4,2,171,5,3,60.0,0,N,MELB_URBAN,ROAD,5,22.0
5609,6,3,99,5,1,80.0,0,N,TOWNS,HIGHWAY,5,9.0
5610,8,7,99,5,1,100.0,0,N,RURAL_VICTORIA,ROAD,5,9.0
5611,1,7,133,2,1,50.0,0,I,MELB_URBAN,STREET,5,18.0
5612,1,3,130,2,1,70.0,0,I,MELB_URBAN,ROAD,5,7.0
5613,1,3,99,5,1,50.0,0,N,TOWNS,STREET,5,8.0
5614,1,3,130,4,1,100.0,0,N,MELB_URBAN,FREEWAY,5,7.0
5615,1,2,121,2,3,70.0,0,I,MELB_URBAN,ROAD,5,20.0
5616,2,2,99,5,1,50.0,0,N,SMALL_CITIES,OTHER,5,15.0
5617,1,3,120,5,3,60.0,0,N,MELB_URBAN,ROAD,5,6.0
5618,6,3,99,5,1,100.0,0,N,RURAL_VICTORIA,ROAD,5,9.0
5619,4,3,181,5,1,100.0,0,N,RURAL_VICTORIA,OTHER,5,12.0
5620,1,6,135,1,1,60.0,0,I,MELB_URBAN,ROAD,4,8.0
5621,1,7,110,1,1,60.0,0,I,RURAL_VICTORIA,ROAD,5,14.0
5622,1,3,110,1,1,50.0,0,I,LARGE_PROVINCIAL_CITIES,STREET,5,12.0
5623,1,3,160,5,1,100.0,0,N,MELB_URBAN,FREEWAY,5,14.0
5624,1,3,160,5,1,60.0,0,N,MELB_URBAN,ROAD,5,15.0
5625,1,3,121,2,1,60.0,0,I,MELB_URBAN,HIGHWAY,5,16.0
5626,7,1,99,5,1,60.0,0,N,MELB_URBAN,ROAD,5,12.0
5627,6,1,99,5,1,60.0,0,N,RURAL_VICTORIA,ROAD,5,11.0
5628,1,3,130,5,2,110.0,0,N,RURAL_VICTORIA,FREEWAY,5,17.0
5629,1,3,130,5,3,60.0,0,N,MELB_URBAN,ROAD,5,17.0
5630,1,2,130,5,3,60.0,0,N,MELB_URBAN,ROAD,5,17.0
5631,8,3,170,2,2,70.0,0,I,RURAL_VICTORIA,ROAD,5,17.0
5632,1,3,116,2,3,50.0,0,I,MELB_URBAN,ROAD,5,18.0
5633,1,3,130,2,1,50.0,0,I,LARGE_PROVINCIAL_CITIES,STREET,5,14.0
5634,1,3,120,5,3,60.0,0,N,MELB_URBAN,ROAD,5,20.0
5635,1,3,130,1,2,80.0,0,I,MELB_URBAN,ROAD,5,17.0
5636,1,3,99,2,3,60.0,0,I,MELB_URBAN,ROAD,5,4.0
5637,1,3,130,2,3,70.0,0,I,MELB_URBAN,ROAD,5,23.0
5638,6,6,174,5,1,60.0,0,N,RURAL_VICTORIA,ROAD,4,16.0
5639,1,4,134,5,6,80.0,0,N,MELB_URBAN,HIGHWAY,5,2.0
5640,1,6,120,2,5,60.0,0,N,RURAL_VICTORIA,ROAD,5,6.0
5641,6,3,99,5,1,100.0,0,N,RURAL_VICTORIA,ROAD,5,11.0
5642,3,2,167,5,1,50.0,0,N,SMALL_TOWNS,STREET,5,8.0
5643,1,4,130,2,1,60.0,0,I,MELB_URBAN,HIGHWAY,5,9.0
5644,2,4,100,4,3,60.0,0,I,MELB_URBAN,STREET,5,6.0
5645,1,2,99,2,6,70.0,0,N,MELB_URBAN,ROAD,5,22.0
5646,1,4,120,5,1,100.0,0,N,RURAL_VICTORIA,ROAD,5,9.0
5647,1,4,147,2,1,50.0,0,I,MELB_URBAN,STREET,5,8.0
5648,2,4,100,2,1,60.0,0,I,MELB_URBAN,ROAD,5,10.0
5649,1,4,99,2,1,60.0,0,I,RURAL_VICTORIA,OTHER,5,9.0
5650,2,4,100,1,1,60.0,0,I,MELB_URBAN,ROAD,5,9.0
5651,1,4,130,1,1,80.0,0,I,MELB_URBAN,HIGHWAY,5,10.0
5652,4,4,171,5,1,100.0,0,N,RURAL_VICTORIA,ROAD,5,9.0
5653,1,4,110,1,1,50.0,0,I,LARGE_PROVINCIAL_CITIES,STREET,5,9.0
5654,1,4,121,1,1,60.0,0,I,MELB_URBAN,ROAD,5,11.0
5655,4,3,171,2,9,50.0,0,I,MELB_URBAN,ROAD,4,14.0
5656,4,4,181,5,1,80.0,0,N,SMALL_CITIES,HIGHWAY,5,12.0
5657,2,7,100,1,6,50.0,0,I,MELB_URBAN,AVENUE,5,20.0
5658,1,4,140,5,1,50.0,0,N,MELB_URBAN,STREET,5,13.0
5659,2,2,99,5,5,40.0,0,N,TOWNS,STREET,5,6.0
5660,1,4,130,1,1,60.0,0,I,MELB_URBAN,ROAD,5,14.0
5661,1,4,113,2,1,80.0,0,I,MELB_URBAN,HIGHWAY,5,12.0
5662,2,4,99,5,1,60.0,0,N,SMALL_CITIES,STREET,5,13.0
5663,8,7,174,4,1,60.0,0,I,MELB_URBAN,HIGHWAY,5,9.0
5664,1,5,132,2,6,100.0,0,I,RURAL_VICTORIA,OTHER,5,6.0
5665,1,5,99,1,1,60.0,0,N,MELB_URBAN,STREET,4,14.0
5666,6,4,99,5,1,110.0,0,N,RURAL_VICTORIA,HIGHWAY,5,12.0
5667,1,1,111,1,6,60.0,0,I,MELB_URBAN,STREET,1,20.0
5668,6,4,99,5,5,100.0,0,N,RURAL_VICTORIA,ROAD,5,19.0
5669,1,4,130,5,3,50.0,0,N,MELB_URBAN,ROAD,5,18.0
5670,1,4,121,1,3,50.0,0,I,MELB_URBAN,STREET,5,19.0
5671,2,4,99,5,3,60.0,0,N,MELB_URBAN,STREET,5,20.0
5672,5,7,99,9,1,60.0,0,N,RURAL_VICTORIA,ROAD,5,12.0
5673,1,5,173,5,3,60.0,1,N,LARGE_PROVINCIAL_CITIES,STREET,5,1.0
5674,1,7,130,5,3,100.0,0,N,MELB_URBAN,FREEWAY,4,19.0
5675,4,4,173,5,1,100.0,0,N,MELB_URBAN,ROAD,5,11.0
5676,1,5,113,4,3,60.0,0,I,MELB_URBAN,OTHER,5,4.0
5677,1,5,121,1,1,60.0,0,I,MELB_URBAN,ROAD,5,7.0
5678,1,4,110,1,1,50.0,0,I,MELB_URBAN,STREET,5,11.0
5679,2,5,100,1,3,60.0,0,I,MELB_URBAN,ROAD,5,7.0
5680,1,6,130,5,3,60.0,0,N,MELB_URBAN,ROAD,5,18.0
5681,2,5,100,1,1,60.0,0,I,MELB_URBAN,STREET,5,6.0
5682,1,5,163,2,1,50.0,0,I,MELB_URBAN,ROAD,5,7.0
5683,1,5,130,4,1,80.0,0,N,MELB_URBAN,ROAD,5,8.0
5684,1,6,130,5,2,60.0,0,N,MELB_URBAN,PARADE,5,17.0
5685,4,5,173,5,2,100.0,0,N,MELB_URBAN,FREEWAY,5,6.0
5686,1,5,99,5,1,80.0,0,N,RURAL_VICTORIA,ROAD,5,7.0
5687,2,5,100,1,3,60.0,0,I,MELB_URBAN,ROAD,5,6.0
5688,1,5,130,2,1,80.0,0,I,MELB_URBAN,ROAD,5,9.0
5689,1,7,130,1,1,70.0,0,I,MELB_URBAN,ROAD,3,14.0
5690,6,5,170,5,1,100.0,0,N,RURAL_VICTORIA,ROAD,5,9.0
5691,1,5,132,2,1,70.0,0,I,MELB_URBAN,ROAD,5,10.0
5692,1,5,130,2,1,60.0,0,I,MELB_URBAN,STREET,5,12.0
5693,1,5,99,1,2,60.0,0,I,MELB_URBAN,ROAD,5,6.0
5694,2,5,99,2,1,60.0,0,I,MELB_URBAN,STREET,5,8.0
5695,1,5,163,1,1,50.0,0,I,MELB_URBAN,STREET,5,11.0
5696,1,5,130,2,1,50.0,0,I,MELB_URBAN,ROAD,5,12.0
5697,2,5,102,5,3,40.0,0,N,MELB_URBAN,OTHER,5,23.0
5698,6,5,99,5,5,60.0,0,N,RURAL_VICTORIA,STREET,5,6.0
5699,4,5,173,5,1,100.0,0,N,TOWNS,ROAD,5,12.0
5700,1,3,130,5,1,50.0,0,N,LARGE_PROVINCIAL_CITIES,PARADE,5,11.0
5701,1,5,130,5,1,80.0,0,N,MELB_URBAN,ROAD,5,11.0
5702,2,5,102,1,1,40.0,0,I,MELB_URBAN,STREET,5,9.0
5703,1,5,147,5,1,80.0,0,N,MELB_URBAN,ROAD,5,13.0
5704,2,5,100,5,1,40.0,0,N,MELB_URBAN,ROAD,5,13.0
5705,4,5,171,2,1,60.0,0,I,MELB_URBAN,ROAD,5,14.0
5706,1,5,113,2,1,100.0,0,I,RURAL_VICTORIA,ROAD,5,15.0
5707,2,5,100,5,1,60.0,0,N,MELB_URBAN,ROAD,5,14.0
5708,1,5,121,1,1,70.0,0,I,LARGE_PROVINCIAL_CITIES,HIGHWAY,5,16.0
5709,1,4,130,1,3,60.0,0,I,MELB_URBAN,STREET,5,19.0
5710,4,5,181,2,1,70.0,0,I,LARGE_PROVINCIAL_CITIES,ROAD,5,16.0
5711,1,5,121,2,1,70.0,0,I,MELB_URBAN,ROAD,5,16.0
5712,1,4,130,2,1,60.0,0,I,MELB_URBAN,ROAD,5,7.0
5713,1,5,140,5,3,60.0,0,N,MELB_URBAN,ROAD,5,18.0
5714,6,3,174,1,2,50.0,0,N,MELB_URBAN,STREET,4,19.0
5715,3,5,167,5,3,60.0,0,N,TOWNS,STREET,5,20.0
5716,1,5,130,2,2,80.0,0,I,MELB_URBAN,HIGHWAY,5,17.0
5717,2,5,99,5,9,60.0,0,N,MELB_URBAN,OTHER,5,20.0
5718,1,5,130,5,1,60.0,0,N,MELB_URBAN,ROAD,5,17.0
5719,1,5,163,5,3,60.0,0,N,MELB_URBAN,ROAD,5,19.0
5720,6,5,99,5,3,100.0,0,N,MELB_URBAN,RAMP,5,20.0
5721,1,5,130,5,3,100.0,0,N,MELB_URBAN,ROAD,5,20.0
5722,6,5,99,5,4,100.0,0,N,RURAL_VICTORIA,ROAD,5,23.0
5723,4,6,171,2,3,40.0,0,I,MELB_URBAN,ROAD,6,3.0
5724,4,6,173,5,3,70.0,0,N,MELB_URBAN,ROAD,6,2.0
5725,3,2,167,5,5,110.0,0,N,RURAL_VICTORIA,FREEWAY,4,6.0
5726,1,6,160,5,3,50.0,0,N,MELB_URBAN,AVENUE,6,5.0
5727,1,6,130,5,1,60.0,0,N,MELB_URBAN,STREET,6,8.0
5728,1,6,99,5,1,80.0,0,N,MELB_URBAN,HIGHWAY,6,8.0
5729,8,3,174,5,1,60.0,0,N,RURAL_VICTORIA,ROAD,5,8.0
5730,8,5,99,1,1,100.0,0,I,RURAL_VICTORIA,ROAD,5,14.0
5731,1,5,133,2,1,60.0,0,I,MELB_URBAN,STREET,6,8.0
5732,1,6,121,2,1,60.0,0,I,MELB_URBAN,STREET,6,10.0
5733,1,6,121,2,1,60.0,0,I,MELB_URBAN,STREET,6,7.0
5734,4,2,171,5,1,50.0,0,N,MELB_URBAN,DRIVE,2,8.0
5735,2,6,102,1,1,60.0,0,I,LARGE_PROVINCIAL_CITIES,STREET,6,9.0
5736,1,5,130,5,1,100.0,0,N,MELB_URBAN,FREEWAY,6,8.0
5737,1,3,121,2,3,70.0,0,I,MELB_URBAN,ROAD,5,18.0
5738,2,5,99,5,3,50.0,0,N,MELB_URBAN,STREET,5,21.0
5739,1,6,130,1,1,60.0,0,I,MELB_URBAN,ROAD,5,16.0
5740,4,6,171,5,1,100.0,0,N,RURAL_VICTORIA,HIGHWAY,6,12.0
5741,4,6,173,5,1,80.0,0,N,MELB_URBAN,ROAD,6,13.0
5742,8,6,170,5,1,80.0,0,N,MELB_URBAN,HIGHWAY,6,7.0
5743,3,6,167,5,1,80.0,0,N,RURAL_VICTORIA,ROAD,6,14.0
5744,2,7,102,2,1,60.0,0,I,MELB_URBAN,ROAD,5,16.0
5745,2,6,100,1,1,50.0,0,I,MELB_URBAN,STREET,6,8.0
5746,1,5,130,1,1,70.0,0,N,MELB_URBAN,HIGHWAY,6,11.0
5747,3,5,167,5,5,60.0,0,N,RURAL_VICTORIA,ROAD,1,21.0
5748,1,6,110,1,1,60.0,0,I,SMALL_CITIES,ROAD,6,15.0
5749,1,6,99,4,1,60.0,0,I,SMALL_CITIES,RAMP,6,15.0
5750,4,5,181,5,1,50.0,0,N,MELB_URBAN,STREET,6,14.0
5751,1,6,110,1,1,50.0,0,I,MELB_URBAN,STREET,6,16.0
5752,4,1,173,5,5,60.0,0,N,RURAL_VICTORIA,ROAD,5,4.0
5753,2,6,102,5,1,30.0,0,N,MELBOURNE_CBD,STREET,6,14.0
5754,2,5,99,2,1,60.0,0,I,MELB_URBAN,STREET,5,8.0
5755,1,6,111,2,1,50.0,0,I,LARGE_PROVINCIAL_CITIES,STREET,5,14.0
5756,2,3,99,1,9,60.0,0,I,MELB_URBAN,BOULEVARD,5,18.0
5757,8,6,174,5,1,80.0,0,N,RURAL_VICTORIA,HIGHWAY,6,15.0
5758,1,6,134,1,3,60.0,0,I,MELB_URBAN,STREET,6,17.0
5759,1,5,130,1,3,50.0,0,I,MELB_URBAN,PARADE,5,18.0
5760,2,6,100,5,3,50.0,0,N,MELB_URBAN,ROAD,6,18.0
5761,1,6,130,2,3,60.0,0,I,MELB_URBAN,ROAD,6,18.0
5762,1,6,135,5,2,60.0,0,N,MELB_URBAN,STREET,6,20.0
5763,1,6,130,5,3,80.0,0,N,MELB_URBAN,ROAD,6,18.0
5764,2,6,100,5,1,60.0,0,N,MELB_URBAN,PARADE,6,16.0
5765,1,6,99,1,6,60.0,0,I,MELB_URBAN,ROAD,6,18.0
5766,2,6,100,1,3,60.0,0,I,MELB_URBAN,ROAD,6,21.0
5767,4,1,181,5,1,100.0,0,N,RURAL_VICTORIA,ROAD,5,10.0
5768,1,6,113,2,3,60.0,0,I,MELB_URBAN,STREET,6,22.0
5769,1,4,147,5,1,60.0,0,N,MELB_URBAN,STREET,5,16.0
5770,1,6,120,5,3,60.0,0,N,MELB_URBAN,ROAD,6,21.0
5771,1,6,120,2,3,60.0,0,I,MELB_URBAN,ROAD,6,22.0
5772,4,6,171,5,3,50.0,0,N,MELB_URBAN,STREET,6,22.0
5773,2,6,102,1,3,80.0,0,I,MELB_URBAN,HIGHWAY,6,21.0
5774,4,7,181,5,3,50.0,0,N,LARGE_PROVINCIAL_CITIES,DRIVE,6,1.0
5775,1,6,133,5,3,60.0,0,N,MELB_URBAN,STREET,6,23.0
5776,4,6,181,2,5,80.0,0,I,MELB_URBAN,AVENUE,6,5.0
5777,4,7,173,5,5,100.0,0,N,RURAL_VICTORIA,ROAD,6,2.0
5778,1,6,140,2,6,50.0,0,I,MELB_URBAN,STREET,6,17.0
5779,4,7,173,5,1,100.0,0,N,RURAL_VICTORIA,HIGHWAY,6,10.0
5780,2,7,102,2,1,50.0,0,I,MELB_URBAN,STREET,6,11.0
5781,8,7,170,5,1,50.0,0,N,MELB_URBAN,STREET,6,12.0
5782,1,6,132,2,1,40.0,0,N,LARGE_PROVINCIAL_CITIES,DRIVE,6,15.0
5783,1,5,99,2,1,80.0,0,I,MELB_URBAN,HIGHWAY,5,16.0
5784,1,7,99,5,1,100.0,0,N,MELB_URBAN,FREEWAY,6,13.0
5785,2,7,102,5,1,50.0,0,N,MELB_URBAN,STREET,6,13.0
5786,1,7,111,2,1,70.0,0,I,MELB_URBAN,OTHER,6,14.0
5787,4,7,171,5,1,100.0,0,N,RURAL_VICTORIA,ROAD,6,14.0
5788,1,7,111,2,1,70.0,0,I,MELB_URBAN,ROAD,6,15.0
5789,8,7,170,1,2,100.0,0,I,RURAL_VICTORIA,ROAD,6,6.0
5790,4,5,173,1,3,70.0,0,I,RURAL_VICTORIA,HIGHWAY,5,19.0
5791,1,7,121,2,3,60.0,0,I,MELB_URBAN,DRIVE,6,17.0
5792,6,7,174,5,1,100.0,0,N,RURAL_VICTORIA,OTHER,6,14.0