,accident_type,day_of_week,dca_code,road_geometry,light_condition,speed_zone,severity,node_type,deg_urban_name,road_type,month,hour
5793,1,7,132,4,3,60.0,0,I,MELB_URBAN,RAMP,6,18.0
5794,2,4,99,5,6,60.0,0,N,MELB_URBAN,STREET,4,4.0
5795,1,5,121,2,1,80.0,0,I,MELB_URBAN,ROAD,5,11.0
5796,4,7,173,5,5,50.0,0,N,SMALL_CITIES,AVENUE,6,20.0
5797,2,7,99,2,3,40.0,0,I,TOWNS,STREET,6,20.0
5798,2,7,99,5,1,50.0,0,N,MELB_URBAN,AVENUE,6,10.0
5799,1,7,147,2,5,60.0,0,I,MELB_URBAN,ROAD,6,20.0
5800,1,7,130,1,3,50.0,0,I,MELB_URBAN,ROAD,6,20.0
5801,1,7,147,2,3,70.0,0,I,MELB_URBAN,ROAD,6,20.0
5802,4,7,173,1,3,70.0,0,I,MELB_URBAN,ROAD,6,22.0
5803,1,3,99,1,3,80.0,0,I,MELB_URBAN,ROAD,5,23.0
5804,2,1,99,5,3,50.0,0,N,LARGE_PROVINCIAL_CITIES,STREET,6,4.0
5805,2,6,99,5,3,50.0,0,N,MELB_URBAN,STREET,6,23.0
5806,1,1,110,1,1,60.0,0,I,MELB_URBAN,ROAD,6,11.0
5807,2,5,99,1,3,50.0,0,I,MELBOURNE_CBD,STREET,5,6.0
5808,2,6,99,2,1,40.0,0,I,MELB_URBAN,ROAD,3,12.0
5809,4,1,171,2,1,60.0,0,I,MELB_URBAN,UNKNOWN,6,12.0
5810,4,1,173,5,1,100.0,0,N,RURAL_VICTORIA,OTHER,6,11.0
5811,1,1,121,5,1,50.0,0,N,MELB_URBAN,STREET,6,14.0
5812,4,1,99,5,1,50.0,1,N,SMALL_CITIES,STREET,6,10.0
5813,8,1,170,5,1,100.0,0,N,RURAL_VICTORIA,ROAD,6,13.0
5814,1,1,111,1,1,60.0,0,I,MELBOURNE_CBD,STREET,4,16.0
5815,1,3,113,2,3,60.0,0,I,LARGE_PROVINCIAL_CITIES,OTHER,5,18.0
5816,1,4,132,4,3,60.0,0,I,MELB_URBAN,ROAD,5,18.0
5817,4,1,173,5,3,70.0,0,N,LARGE_PROVINCIAL_CITIES,HIGHWAY,6,0.0
5818,1,1,121,1,1,60.0,0,I,MELB_URBAN,STREET,6,15.0
5819,1,1,140,2,1,60.0,0,I,MELB_URBAN,ROAD,6,10.0
5820,1,1,120,1,1,50.0,0,UNKNOWN,UNKNOWN,UNKNOWN,6,16.0
5821,1,1,113,2,1,40.0,0,I,MELB_URBAN,STREET,6,16.0
5822,1,7,130,1,6,50.0,0,I,MELB_URBAN,ROAD,6,1.0
5823,1,1,140,2,2,80.0,0,I,MELB_URBAN,HIGHWAY,6,17.0
5824,1,5,99,1,3,60.0,0,I,MELB_URBAN,ROAD,5,19.0
5825,1,1,147,5,1,100.0,0,N,RURAL_VICTORIA,HIGHWAY,6,17.0
5826,4,1,171,1,5,50.0,0,I,MELB_URBAN,ROAD,6,17.0
5827,6,1,99,5,1,100.0,0,N,RURAL_VICTORIA,ROAD,6,16.0
5828,1,7,110,1,1,60.0,0,I,MELB_URBAN,ROAD,5,11.0
5829,4,1,173,5,3,50.0,0,N,MELB_URBAN,STREET,6,18.0
5830,8,1,170,5,5,100.0,0,N,RURAL_VICTORIA,HIGHWAY,6,17.0
5831,1,1,110,1,3,60.0,0,I,SMALL_CITIES,STREET,6,21.0
5832,1,1,99,5,3,80.0,0,N,MELB_URBAN,HIGHWAY,6,21.0
5833,2,1,100,1,3,60.0,0,I,LARGE_PROVINCIAL_CITIES,STREET,6,19.0
5834,4,2,171,5,3,100.0,0,N,MELB_URBAN,FREEWAY,6,2.0
5835,4,2,173,5,6,50.0,0,N,MELB_URBAN,AVENUE,6,0.0
5836,4,2,181,5,3,60.0,0,N,MELB_URBAN,RAMP,6,2.0
5837,1,3,113,2,1,60.0,0,I,MELB_URBAN,ROAD,5,10.0
5838,4,2,171,5,5,80.0,0,N,MELB_URBAN,ROAD,6,5.0
5839,4,2,171,5,5,60.0,0,N,RURAL_VICTORIA,STREET,6,3.0
5840,1,6,135,5,1,70.0,0,N,MELB_URBAN,ROAD,5,15.0
5841,1,1,140,5,1,60.0,0,N,MELB_URBAN,STREET,6,7.0
5842,6,2,174,2,1,60.0,0,I,MELB_URBAN,ROAD,6,8.0
5843,4,1,183,5,1,100.0,1,N,RURAL_VICTORIA,ROAD,6,13.0
5844,6,2,99,5,1,100.0,0,N,RURAL_VICTORIA,HIGHWAY,6,8.0
5845,1,2,111,1,1,80.0,0,I,RURAL_VICTORIA,ROAD,6,9.0
5846,6,2,99,2,1,60.0,0,I,RURAL_VICTORIA,ROAD,6,7.0
5847,1,1,130,2,1,40.0,0,I,MELB_URBAN,ROAD,6,13.0
5848,1,2,113,2,1,80.0,0,I,MELB_URBAN,HIGHWAY,6,9.0
5849,1,2,160,5,1,100.0,0,N,RURAL_VICTORIA,HIGHWAY,6,10.0
5850,1,2,113,2,1,80.0,0,I,MELB_URBAN,HIGHWAY,6,12.0
5851,1,6,120,5,1,100.0,0,N,RURAL_VICTORIA,ROAD,4,5.0
5852,1,6,110,1,6,50.0,0,I,SMALL_CITIES,ROAD,5,19.0
5853,2,2,100,5,1,50.0,0,N,MELBOURNE_CBD,STREET,6,12.0
5854,4,1,171,5,1,50.0,0,N,SMALL_CITIES,STREET,6,17.0
5855,1,2,132,1,1,60.0,0,I,SMALL_CITIES,ROAD,6,15.0
5856,1,2,113,2,1,60.0,0,I,MELB_URBAN,ROAD,6,15.0
5857,1,7,121,4,9,80.0,0,I,MELB_URBAN,ROAD,6,19.0
5858,7,2,99,5,9,60.0,0,N,MELB_URBAN,STREET,6,18.0
5859,1,2,120,5,2,90.0,0,N,MELB_URBAN,FREEWAY,6,16.0
5860,2,2,102,5,3,60.0,0,N,MELB_URBAN,ROAD,6,17.0
5861,1,2,110,1,3,50.0,0,I,MELB_URBAN,AVENUE,6,18.0
5862,1,2,121,5,3,50.0,0,N,MELB_URBAN,DRIVE,6,18.0
5863,1,2,121,2,3,60.0,0,I,MELB_URBAN,STREET,6,17.0
5864,1,2,121,4,3,80.0,0,I,MELB_URBAN,UNKNOWN,6,17.0
5865,1,2,130,5,3,70.0,0,N,MELB_URBAN,HIGHWAY,6,18.0
5866,2,2,102,1,5,50.0,0,I,MELB_URBAN,ROAD,6,19.0
5867,4,2,99,5,5,80.0,0,N,RURAL_VICTORIA,ROAD,6,6.0
5868,1,2,110,1,1,60.0,0,I,MELB_URBAN,STREET,6,15.0
5869,1,4,99,1,3,40.0,0,I,MELB_URBAN,ROAD,5,17.0
5870,1,2,110,1,3,50.0,0,I,LARGE_PROVINCIAL_CITIES,STREET,6,18.0
5871,8,2,174,4,3,80.0,0,I,RURAL_VICTORIA,ROAD,6,20.0
5872,4,2,173,5,3,60.0,0,N,MELB_URBAN,STREET,6,22.0
5873,1,2,110,1,3,60.0,0,I,MELB_URBAN,ROAD,6,23.0
5874,1,3,134,1,3,50.0,0,I,MELBOURNE_CBD,STREET,6,0.0
5875,1,3,160,1,6,40.0,0,I,MELB_URBAN,STREET,6,1.0
5876,2,2,100,1,3,50.0,0,I,MELBOURNE_CBD,STREET,6,5.0
5877,1,3,121,1,3,60.0,0,I,MELB_URBAN,ROAD,6,5.0
5878,2,3,102,2,1,70.0,0,I,MELB_URBAN,ROAD,6,7.0
5879,1,1,160,5,1,50.0,0,N,MELB_URBAN,STREET,6,9.0
5880,5,3,99,5,5,100.0,0,N,RURAL_VICTORIA,HIGHWAY,6,3.0
5881,2,2,99,5,1,60.0,1,N,SMALL_CITIES,AVENUE,6,10.0
5882,4,3,99,2,1,60.0,0,I,MELB_URBAN,ROAD,6,7.0
5883,1,3,130,2,1,80.0,0,I,SMALL_CITIES,HIGHWAY,6,7.0
5884,1,1,160,2,3,40.0,0,I,MELB_URBAN,STREET,6,23.0
5885,1,3,110,1,1,80.0,0,I,MELB_URBAN,ROAD,6,9.0
5886,4,7,171,4,3,60.0,0,I,SMALL_CITIES,ROAD,6,22.0
5887,2,2,100,5,3,50.0,0,N,MELB_URBAN,STREET,6,21.0
5888,1,2,135,5,3,60.0,0,N,MELB_URBAN,STREET,6,18.0
5889,1,6,130,1,3,70.0,0,I,MELB_URBAN,HIGHWAY,3,18.0
5890,1,7,110,1,1,50.0,0,I,LARGE_PROVINCIAL_CITIES,STREET,6,11.0
5891,2,3,100,1,9,50.0,0,I,MELB_URBAN,STREET,6,13.0
5892,5,4,99,5,1,60.0,0,N,RURAL_VICTORIA,ROAD,5,16.0
5893,1,6,132,1,1,80.0,0,I,MELB_URBAN,ROAD,5,12.0
5894,8,2,99,5,5,100.0,0,N,RURAL_VICTORIA,HIGHWAY,6,19.0
5895,2,3,100,5,1,50.0,0,N,MELBOURNE_CBD,STREET,6,15.0
5896,8,3,174,5,1,100.0,0,N,RURAL_VICTORIA,ROAD,5,14.0
5897,1,3,121,2,3,60.0,0,I,MELB_URBAN,ROAD,6,17.0
5898,1,3,99,2,5,90.0,0,I,RURAL_VICTORIA,HIGHWAY,6,17.0
5899,1,3,121,1,3,50.0,0,I,TOWNS,STREET,6,18.0
5900,1,2,132,2,2,60.0,0,I,MELB_URBAN,ROAD,6,16.0
5901,1,2,130,5,1,70.0,0,N,MELB_URBAN,ROAD,6,17.0
5902,2,3,102,1,3,60.0,1,I,MELB_URBAN,ROAD,6,18.0
5903,1,2,147,5,2,60.0,0,N,MELB_URBAN,PARADE,6,16.0
5904,1,3,121,4,3,80.0,0,N,MELB_URBAN,ROAD,6,20.0
5905,1,3,113,1,3,60.0,0,I,MELB_URBAN,ROAD,6,20.0
5906,4,2,171,5,1,100.0,0,N,RURAL_VICTORIA,ROAD,6,16.0
5907,1,3,116,1,1,60.0,0,I,SMALL_CITIES,STREET,6,14.0
5908,2,3,100,5,3,60.0,0,N,MELB_URBAN,AVENUE,6,23.0
5909,4,3,171,5,3,60.0,0,N,MELB_URBAN,ROAD,6,22.0
5910,2,2,102,1,3,60.0,0,I,MELB_URBAN,STREET,6,18.0
5911,5,2,99,1,1,100.0,0,I,RURAL_VICTORIA,HIGHWAY,6,11.0
5912,2,4,100,1,1,60.0,0,I,MELB_URBAN,ROAD,6,9.0
5913,1,3,140,5,9,60.0,0,N,MELB_URBAN,ROAD,5,18.0
5914,2,4,100,1,1,50.0,0,I,MELB_URBAN,STREET,6,9.0
5915,1,4,140,2,1,100.0,0,I,RURAL_VICTORIA,HIGHWAY,6,11.0
5916,1,4,110,1,1,60.0,0,I,LARGE_PROVINCIAL_CITIES,STREET,6,10.0
5917,1,4,116,2,1,60.0,0,I,MELB_URBAN,DRIVE,6,9.0
5918,1,4,132,2,1,60.0,0,N,MELB_URBAN,ROAD,6,10.0
5919,1,4,110,1,1,60.0,0,I,MELB_URBAN,ROAD,4,16.0
5920,1,4,135,5,1,50.0,0,N,MELB_URBAN,ROAD,5,16.0
5921,7,2,174,5,3,60.0,0,N,MELB_URBAN,STREET,6,18.0
5922,4,5,173,5,1,40.0,0,N,SMALL_CITIES,UNKNOWN,5,9.0
5923,1,4,113,2,1,50.0,0,I,MELB_URBAN,STREET,6,9.0
5924,1,4,130,5,1,100.0,0,N,RURAL_VICTORIA,ROAD,6,11.0
5925,1,3,130,5,1,80.0,0,N,MELB_URBAN,ROAD,4,17.0
5926,4,4,183,5,1,100.0,0,N,RURAL_VICTORIA,HIGHWAY,6,7.0
5927,1,5,132,2,1,60.0,0,I,LARGE_PROVINCIAL_CITIES,ROAD,5,11.0
5928,6,4,170,3,1,100.0,0,I,RURAL_VICTORIA,ROAD,6,11.0
5929,1,4,121,1,1,60.0,0,I,MELB_URBAN,ROAD,6,9.0
5930,1,4,132,2,1,60.0,0,I,MELB_URBAN,ROAD,6,13.0
5931,1,2,121,2,2,60.0,0,I,MELB_URBAN,STREET,6,8.0
5932,1,4,99,2,1,60.0,0,I,MELB_URBAN,ROAD,6,14.0
5933,1,7,130,1,1,60.0,0,I,MELB_URBAN,ROAD,5,11.0
5934,1,4,121,2,1,60.0,0,I,MELB_URBAN,ROAD,6,15.0
5935,1,5,99,1,1,40.0,0,I,MELB_URBAN,STREET,5,9.0
5936,2,4,99,5,2,50.0,0,N,MELB_URBAN,ROAD,6,17.0
5937,1,4,130,5,1,100.0,0,UNKNOWN,UNKNOWN,UNKNOWN,6,16.0
5938,1,3,130,1,1,80.0,0,I,MELB_URBAN,HIGHWAY,5,16.0
5939,1,4,121,2,3,70.0,0,I,SMALL_CITIES,DRIVE,6,18.0
5940,2,4,100,5,3,70.0,0,N,MELB_URBAN,ROAD,6,18.0
5941,1,4,130,5,1,70.0,0,N,RURAL_VICTORIA,ROAD,6,15.0
5942,1,3,121,2,3,60.0,0,I,MELB_URBAN,HIGHWAY,6,17.0
5943,1,4,113,2,1,60.0,0,I,MELB_URBAN,ROAD,6,16.0
5944,1,4,116,2,3,60.0,0,N,MELB_URBAN,STREET,6,17.0
5945,1,4,113,1,3,70.0,0,I,LARGE_PROVINCIAL_CITIES,STREET,6,18.0
5946,1,3,99,5,1,100.0,0,N,RURAL_VICTORIA,ROAD,1,15.0
5947,4,4,171,5,3,60.0,0,N,MELB_URBAN,STREET,6,21.0
5948,1,4,140,1,3,50.0,0,I,MELB_URBAN,STREET,6,19.0
5949,4,6,171,3,3,60.0,0,I,TOWNS,ROAD,6,2.0
5950,2,4,99,2,3,60.0,0,I,MELB_URBAN,STREET,6,23.0
5951,4,4,173,5,3,60.0,0,N,LARGE_PROVINCIAL_CITIES,ROAD,6,22.0
5952,1,5,110,4,2,60.0,0,I,MELB_URBAN,ROAD,6,6.0
5953,1,3,135,5,1,100.0,0,N,MELB_URBAN,FREEWAY,5,15.0
5954,1,3,121,1,1,50.0,0,I,LARGE_PROVINCIAL_CITIES,STREET,6,8.0
5955,1,6,140,1,2,70.0,0,N,MELB_URBAN,HIGHWAY,5,17.0
5956,4,1,171,5,3,80.0,0,N,MELB_URBAN,FREEWAY,4,3.0
5957,4,4,171,5,5,100.0,0,N,RURAL_VICTORIA,ROAD,4,19.0
5958,1,5,130,1,1,60.0,0,I,MELB_URBAN,OTHER,6,7.0
5959,1,5,113,2,1,60.0,0,I,MELB_URBAN,ROAD,6,8.0
5960,1,5,135,1,3,60.0,0,I,LARGE_PROVINCIAL_CITIES,ROAD,6,6.0
5961,4,5,171,5,1,100.0,0,N,RURAL_VICTORIA,HIGHWAY,6,9.0
5962,4,5,171,2,1,100.0,1,I,RURAL_VICTORIA,HIGHWAY,6,7.0
5963,6,5,170,5,1,100.0,0,N,RURAL_VICTORIA,ROAD,6,11.0
5964,2,5,99,5,1,60.0,0,N,MELB_URBAN,ROAD,6,8.0
5965,1,6,135,4,9,50.0,0,I,MELB_URBAN,ROAD,6,16.0
5966,8,5,174,5,1,60.0,0,N,MELB_URBAN,STREET,6,8.0
5967,3,4,167,5,5,100.0,0,N,RURAL_VICTORIA,ROAD,6,21.0
5968,8,1,170,2,1,100.0,0,I,RURAL_VICTORIA,HIGHWAY,1,12.0
5969,1,6,99,2,1,60.0,0,I,MELB_URBAN,ROAD,4,14.0
5970,1,6,130,1,1,60.0,0,I,MELB_URBAN,STREET,5,16.0
5971,4,5,99,1,1,50.0,0,I,TOWNS,STREET,5,14.0
5972,1,5,113,2,1,70.0,0,I,MELB_URBAN,STREET,6,14.0
5973,7,2,184,5,2,50.0,0,N,MELB_URBAN,ROAD,6,16.0
5974,1,3,130,5,1,80.0,0,I,MELB_URBAN,HIGHWAY,5,15.0
5975,1,4,130,4,1,80.0,0,I,MELB_URBAN,ROAD,6,8.0
5976,1,4,130,1,2,70.0,0,I,LARGE_PROVINCIAL_CITIES,ROAD,6,16.0
5977,1,5,121,2,1,50.0,0,N,SMALL_TOWNS,PARADE,6,16.0
5978,4,5,171,2,2,50.0,0,I,MELB_URBAN,OTHER,6,16.0
5979,2,5,99,2,3,60.0,0,I,MELB_URBAN,ROAD,6,18.0
5980,1,5,160,5,3,60.0,0,N,MELB_URBAN,ROAD,6,18.0
5981,1,4,130,5,3,100.0,0,N,MELB_URBAN,UNKNOWN,6,18.0
5982,1,5,160,5,2,50.0,0,N,RURAL_VICTORIA,ROAD,6,17.0
5983,1,2,110,1,5,60.0,0,I,LARGE_PROVINCIAL_CITIES,ROAD,6,20.0
5984,1,5,121,1,3,60.0,0,I,LARGE_PROVINCIAL_CITIES,ROAD,6,21.0
5985,2,5,102,2,3,50.0,0,I,MELB_URBAN,STREET,6,20.0
5986,1,5,121,1,3,70.0,0,I,MELB_URBAN,ROAD,6,21.0
5987,4,6,173,5,3,60.0,0,N,LARGE_PROVINCIAL_CITIES,ROAD,6,0.0
5988,2,6,100,4,3,60.0,0,N,MELB_URBAN,STREET,6,5.0
5989,1,4,111,2,3,60.0,0,I,MELB_URBAN,PARADE,5,18.0
5990,1,5,121,2,3,60.0,0,I,MELB_URBAN,ROAD,6,20.0
5991,2,6,99,5,2,60.0,0,N,MELB_URBAN,BOULEVARD,6,7.0
5992,4,6,171,1,3,80.0,0,I,MELB_URBAN,ROAD,5,20.0
5993,1,6,121,1,1,80.0,0,I,MELB_URBAN,HIGHWAY,6,7.0
5994,1,5,130,5,1,50.0,0,N,SMALL_CITIES,PARADE,6,12.0
5995,1,6,110,1,1,50.0,0,I,MELB_URBAN,ROAD,6,11.0
5996,1,5,160,5,3,50.0,0,N,TOWNS,OTHER,6,20.0
5997,1,6,99,1,1,60.0,0,I,MELB_URBAN,HIGHWAY,6,12.0
5998,1,6,135,5,1,60.0,0,N,MELB_URBAN,ROAD,6,8.0
5999,2,4,100,2,9,50.0,0,I,MELB_URBAN,AVENUE,5,12.0
6000,4,3,173,2,1,50.0,0,I,SMALL_CITIES,STREET,6,9.0
6001,1,6,121,1,1,50.0,0,I,MELB_URBAN,STREET,6,8.0
6002,1,5,111,2,3,80.0,0,I,MELB_URBAN,ROAD,6,22.0
6003,1,5,116,2,2,60.0,0,I,MELB_URBAN,ROAD,4,16.0
6004,1,6,130,5,1,80.0,0,N,MELB_URBAN,ROAD,6,14.0
6005,4,6,171,5,1,100.0,1,N,RURAL_VICTORIA,ROAD,6,11.0
6006,1,5,99,1,1,60.0,0,I,MELB_URBAN,HIGHWAY,5,10.0
6007,4,6,171,2,1,50.0,0,I,TOWNS,AVENUE,6,15.0
6008,1,6,113,1,1,60.0,0,I,MELB_URBAN,ROAD,6,15.0
6009,1,6,121,1,1,60.0,0,I,TOWNS,STREET,6,12.0
6010,1,6,120,5,1,100.0,0,N,RURAL_VICTORIA,ROAD,6,15.0
6011,1,6,121,1,1,50.0,0,I,TOWNS,STREET,6,15.0
6012,1,6,113,2,1,50.0,0,I,MELB_URBAN,ROAD,6,16.0
6013,1,6,140,5,1,60.0,0,N,MELB_URBAN,STREET,6,16.0
6014,2,6,99,1,1,50.0,0,I,MELB_URBAN,ROAD,6,16.0
6015,4,6,183,5,5,100.0,0,N,RURAL_VICTORIA,HIGHWAY,6,17.0
6016,1,6,120,5,5,80.0,0,N,RURAL_VICTORIA,HIGHWAY,6,17.0
6017,5,6,99,5,5,80.0,0,N,RURAL_VICTORIA,UNKNOWN,6,6.0
6018,1,6,130,5,3,80.0,0,N,MELB_URBAN,ROAD,6,18.0
6019,2,6,102,5,3,60.0,0,N,MELB_URBAN,ROAD,6,18.0
6020,1,6,132,2,3,60.0,0,I,MELB_URBAN,ROAD,6,18.0
6021,1,6,113,2,3,60.0,0,I,MELB_URBAN,ROAD,6,18.0
6022,2,6,99,5,3,70.0,0,N,MELB_URBAN,ROAD,6,18.0
6023,1,6,130,5,3,60.0,0,N,MELB_URBAN,ROAD,6,18.0
6024,2,2,102,5,3,70.0,0,N,MELB_URBAN,ROAD,6,18.0
6025,1,6,121,2,6,60.0,0,I,MELB_URBAN,ROAD,6,20.0
6026,2,6,99,1,3,40.0,0,I,MELB_URBAN,ROAD,6,20.0
6027,2,6,102,1,3,60.0,0,I,MELB_URBAN,ROAD,6,21.0
6028,1,4,130,5,1,100.0,0,N,MELB_URBAN,FREEWAY,3,17.0
6029,1,6,130,5,3,30.0,0,N,MELBOURNE_CBD,STREET,6,21.0
6030,1,6,163,5,3,50.0,0,N,MELB_URBAN,STREET,6,18.0
6031,1,6,130,1,1,80.0,0,I,MELB_URBAN,ROAD,6,16.0
6032,1,6,110,1,3,50.0,0,I,MELB_URBAN,STREET,6,22.0
6033,1,6,160,5,3,50.0,0,N,MELB_URBAN,OTHER,6,19.0
6034,2,6,102,1,3,60.0,0,I,MELB_URBAN,STREET,6,23.0
6035,4,6,171,5,3,70.0,1,N,MELB_URBAN,ROAD,6,23.0
6036,1,7,130,5,3,80.0,0,N,MELB_URBAN,FREEWAY,6,3.0
6037,1,5,121,1,1,80.0,0,I,MELB_URBAN,HIGHWAY,6,11.0
6038,8,7,99,5,2,110.0,0,N,RURAL_VICTORIA,FREEWAY,6,7.0
6039,1,6,132,2,1,50.0,0,I,MELB_URBAN,STREET,6,9.0
6040,4,7,173,1,1,80.0,0,I,MELB_URBAN,ROAD,6,7.0
6041,1,7,121,2,1,80.0,0,I,MELB_URBAN,OTHER,6,9.0
6042,3,7,167,5,1,100.0,0,N,RURAL_VICTORIA,ROAD,6,8.0
6043,2,7,100,2,1,40.0,0,I,MELB_URBAN,ROAD,6,10.0
6044,1,7,120,2,1,70.0,0,N,MELB_URBAN,OTHER,6,11.0
6045,4,7,181,5,1,80.0,0,N,MELB_URBAN,RAMP,6,11.0
6046,8,1,174,2,1,60.0,0,I,RURAL_VICTORIA,OTHER,5,12.0
6047,1,2,130,5,3,60.0,0,N,MELB_URBAN,STREET,4,6.0
6048,5,7,99,5,1,100.0,0,N,RURAL_VICTORIA,ROAD,6,13.0
6049,1,6,130,2,3,60.0,0,I,MELB_URBAN,ROAD,6,17.0
6050,7,7,99,5,3,60.0,0,N,MELB_URBAN,HIGHWAY,6,18.0
6051,4,7,183,5,3,50.0,0,UNKNOWN,UNKNOWN,UNKNOWN,6,1.0
6052,1,5,130,1,9,80.0,0,I,MELB_URBAN,ROAD,5,12.0
6053,1,7,120,5,1,100.0,0,N,RURAL_VICTORIA,OTHER,6,14.0
6054,1,7,99,1,3,50.0,0,I,MELB_URBAN,STREET,6,19.0
6055,1,7,110,1,3,80.0,0,I,RURAL_VICTORIA,FREEWAY,6,18.0
6056,1,6,121,4,3,60.0,0,I,MELB_URBAN,ROAD,6,18.0
6057,1,7,130,5,5,100.0,0,N,MELB_URBAN,FREEWAY,6,18.0
6058,4,6,171,5,1,100.0,1,N,RURAL_VICTORIA,ROAD,6,13.0
6059,2,7,99,2,3,50.0,0,I,MELB_URBAN,OTHER,6,19.0
6060,8,6,170,1,1,100.0,0,N,RURAL_VICTORIA,ROAD,6,15.0
6061,4,7,99,2,5,100.0,0,I,RURAL_VICTORIA,HIGHWAY,6,19.0
6062,1,6,120,1,3,60.0,0,I,MELB_URBAN,ROAD,6,23.0
6063,4,1,171,5,5,100.0,0,N,RURAL_VICTORIA,ROAD,6,4.0
6064,1,7,135,5,3,70.0,0,N,MELB_URBAN,ROAD,6,17.0
6065,1,2,111,2,1,60.0,0,I,LARGE_PROVINCIAL_CITIES,STREET,5,8.0
6066,1,5,130,5,1,80.0,0,N,RURAL_VICTORIA,HIGHWAY,5,8.0
6067,4,1,173,5,1,60.0,0,N,MELB_URBAN,ROAD,6,8.0
6068,8,7,99,5,1,100.0,0,UNKNOWN,UNKNOWN,UNKNOWN,6,15.0
6069,1,7,130,1,1,60.0,0,I,MELB_URBAN,ROAD,6,14.0
6070,1,1,147,5,1,80.0,0,N,MELB_URBAN,ROAD,6,11.0
6071,4,1,173,5,1,60.0,0,N,MELB_URBAN,ROAD,6,12.0
6072,1,1,113,2,1,60.0,0,I,MELB_URBAN,ROAD,6,10.0
6073,8,7,174,5,1,100.0,0,UNKNOWN,UNKNOWN,UNKNOWN,6,14.0
6074,1,1,121,1,1,60.0,0,I,MELB_URBAN,ROAD,6,14.0
6075,3,7,167,5,5,100.0,0,N,RURAL_VICTORIA,ROAD,6,18.0
6076,4,1,181,5,1,100.0,0,N,RURAL_VICTORIA,ROAD,6,14.0
6077,1,1,120,5,1,60.0,0,N,MELB_URBAN,ROAD,6,15.0
6078,4,1,183,5,1,100.0,0,N,RURAL_VICTORIA,ROAD,6,14.0
6079,1,1,113,2,1,100.0,0,I,TOWNS,HIGHWAY,6,15.0
6080,8,1,174,2,1,60.0,0,I,MELB_URBAN,ROAD,6,16.0
6081,1,1,120,5,5,100.0,0,N,RURAL_VICTORIA,HIGHWAY,6,18.0
6082,4,1,171,5,3,60.0,0,N,LARGE_PROVINCIAL_CITIES,ROAD,6,2.0
6083,1,1,121,2,3,80.0,0,I,MELB_URBAN,HIGHWAY,6,21.0
6084,1,6,130,3,1,100.0,0,N,RURAL_VICTORIA,ROAD,6,16.0
6085,6,1,99,2,1,100.0,0,I,RURAL_VICTORIA,ROAD,6,15.0
6086,1,1,133,1,3,80.0,0,I,MELB_URBAN,ROAD,6,17.0
6087,2,1,102,5,3,70.0,0,N,MELB_URBAN,ROAD,6,22.0
6088,1,2,121,4,3,60.0,0,I,MELB_URBAN,ROAD,6,6.0
6089,1,6,160,5,3,40.0,0,N,MELB_URBAN,ROAD,6,17.0
6090,1,6,99,5,1,50.0,0,N,MELBOURNE_CBD,STREET,6,12.0
6091,4,2,173,5,1,110.0,0,N,TOWNS,FREEWAY,6,9.0
6092,1,2,110,1,1,60.0,0,I,SMALL_CITIES,AVENUE,6,9.0
6093,1,7,130,1,3,80.0,0,I,MELB_URBAN,ROAD,5,20.0
6094,1,7,130,2,1,70.0,0,I,MELB_URBAN,ROAD,3,13.0
6095,1,2,121,2,1,70.0,0,I,SMALL_CITIES,ROAD,6,10.0
6096,6,1,99,1,5,100.0,0,I,RURAL_VICTORIA,ROAD,6,20.0
6097,8,2,170,5,1,60.0,0,N,MELB_URBAN,ROAD,6,13.0
6098,6,2,99,2,1,60.0,0,I,RURAL_VICTORIA,ROAD,6,9.0
6099,4,2,183,4,1,100.0,0,I,RURAL_VICTORIA,ROAD,6,11.0
6100,6,7,99,5,1,100.0,0,N,RURAL_VICTORIA,ROAD,5,15.0
6101,1,2,99,5,1,50.0,0,N,MELB_URBAN,STREET,6,13.0
6102,8,6,174,1,1,60.0,0,I,MELB_URBAN,STREET,6,10.0
6103,2,2,100,1,1,50.0,0,I,MELBOURNE_CBD,STREET,6,13.0
6104,1,2,113,1,1,60.0,0,I,MELB_URBAN,STREET,6,15.0
6105,2,3,102,1,2,50.0,0,I,MELB_URBAN,ROAD,6,17.0
6106,1,4,140,5,1,60.0,0,N,MELB_URBAN,UNKNOWN,3,16.0
6107,1,2,113,2,1,70.0,0,I,RURAL_VICTORIA,ROAD,6,15.0
6108,1,2,121,4,1,100.0,1,I,RURAL_VICTORIA,ROAD,6,12.0
6109,1,2,113,1,1,70.0,0,I,MELB_URBAN,ROAD,6,16.0
6110,1,2,99,5,5,100.0,0,N,MELB_URBAN,FREEWAY,6,18.0
6111,1,2,121,2,3,60.0,0,I,MELB_URBAN,STREET,6,18.0
6112,1,2,113,1,3,80.0,0,I,MELB_URBAN,ROAD,6,18.0
6113,1,2,110,1,3,50.0,0,I,MELB_URBAN,STREET,6,17.0
6114,1,2,120,5,5,80.0,0,N,MELB_URBAN,HIGHWAY,6,19.0
6115,1,2,160,5,3,80.0,1,N,MELB_URBAN,ROAD,6,22.0
6116,1,2,120,5,5,80.0,0,N,MELB_URBAN,ROAD,6,23.0
6117,2,5,102,5,3,50.0,0,N,MELBOURNE_CBD,STREET,6,18.0
6118,1,1,99,5,1,60.0,0,N,LARGE_PROVINCIAL_CITIES,STREET,6,16.0
6119,1,3,113,2,2,60.0,0,I,MELB_URBAN,ROAD,6,7.0
6120,1,3,130,5,1,80.0,0,N,MELB_URBAN,ROAD,6,7.0
6121,1,3,132,2,1,50.0,0,I,MELB_URBAN,ROAD,6,8.0
6122,4,2,173,5,1,100.0,0,N,RURAL_VICTORIA,ROAD,6,15.0
6123,1,5,130,5,1,80.0,0,N,MELB_URBAN,ROAD,4,9.0
6124,1,3,163,5,1,50.0,0,N,MELB_URBAN,STREET,6,9.0
6125,8,4,174,5,2,50.0,0,N,LARGE_PROVINCIAL_CITIES,STREET,5,17.0
6126,3,7,167,5,1,80.0,0,N,RURAL_VICTORIA,ROAD,6,12.0
6127,4,3,171,5,1,80.0,0,N,MELB_URBAN,ROAD,6,8.0
6128,1,3,130,5,1,60.0,0,N,MELB_URBAN,BOULEVARD,6,8.0
6129,1,4,130,5,1,110.0,0,N,TOWNS,FREEWAY,6,8.0
6130,1,2,130,5,5,100.0,0,N,SMALL_TOWNS,FREEWAY,6,21.0