,accident_type,day_of_week,dca_code,road_geometry,light_condition,speed_zone,severity,node_type,deg_urban_name,road_type,month,hour
6131,1,3,99,5,1,60.0,0,N,MELB_URBAN,ROAD,6,12.0
6132,1,7,116,2,1,60.0,0,I,TOWNS,STREET,1,19.0
6133,1,1,130,1,1,80.0,0,I,MELB_URBAN,HIGHWAY,6,14.0
6134,2,3,99,5,1,60.0,0,N,MELB_URBAN,ROAD,6,12.0
6135,1,3,99,2,1,60.0,0,I,SMALL_CITIES,DRIVE,6,13.0
6136,4,5,171,5,3,90.0,0,N,RURAL_VICTORIA,ROAD,6,2.0
6137,1,2,121,2,1,60.0,0,I,MELB_URBAN,STREET,3,8.0
6138,3,2,167,5,5,100.0,0,N,RURAL_VICTORIA,ROAD,5,23.0
6139,1,3,132,2,1,70.0,0,I,MELB_URBAN,ROAD,6,14.0
6140,1,3,111,1,1,80.0,0,I,RURAL_VICTORIA,HIGHWAY,6,14.0
6141,1,3,110,1,1,60.0,0,I,MELB_URBAN,STREET,6,15.0
6142,4,1,171,5,5,100.0,0,N,RURAL_VICTORIA,HIGHWAY,6,18.0
6143,1,7,99,2,1,50.0,0,I,MELB_URBAN,HIGHWAY,6,10.0
6144,1,5,130,5,5,100.0,0,N,MELB_URBAN,FREEWAY,5,22.0
6145,1,3,132,2,1,60.0,0,I,RURAL_VICTORIA,ROAD,6,16.0
6146,1,3,121,2,3,60.0,0,I,MELB_URBAN,HIGHWAY,6,18.0
6147,1,3,113,2,3,60.0,0,I,MELB_URBAN,PARADE,6,18.0
6148,1,5,130,5,2,100.0,0,N,MELB_URBAN,FREEWAY,6,18.0
6149,1,3,130,5,1,80.0,0,N,MELB_URBAN,UNKNOWN,6,15.0
6150,2,2,99,1,5,50.0,0,I,RURAL_VICTORIA,STREET,6,22.0
6151,1,3,111,1,1,70.0,0,N,MELB_URBAN,ROAD,6,8.0
6152,2,4,99,5,2,50.0,0,N,MELB_URBAN,DRIVE,6,6.0
6153,8,2,99,5,1,80.0,0,N,RURAL_VICTORIA,ROAD,3,12.0
6154,1,4,130,1,1,60.0,0,I,MELB_URBAN,STREET,6,7.0
6155,2,4,102,1,1,50.0,0,I,LARGE_PROVINCIAL_CITIES,OTHER,6,8.0
6156,1,4,113,2,1,60.0,0,I,MELB_URBAN,ROAD,6,8.0
6157,1,4,99,5,1,60.0,0,N,MELB_URBAN,OTHER,6,8.0
6158,1,2,135,5,2,60.0,0,N,MELB_URBAN,ROAD,5,8.0
6159,6,4,99,5,1,80.0,0,N,RURAL_VICTORIA,HIGHWAY,6,10.0
6160,2,4,99,5,1,40.0,0,N,MELB_URBAN,ROAD,6,9.0
6161,2,4,100,5,1,50.0,0,N,MELB_URBAN,ROAD,6,10.0
6162,1,4,130,4,2,70.0,0,N,MELB_URBAN,RAMP,6,5.0
6163,2,4,100,2,1,60.0,0,I,MELB_URBAN,ROAD,6,9.0
6164,1,4,121,2,1,60.0,0,I,MELB_URBAN,PARADE,6,14.0
6165,6,4,174,5,1,50.0,0,N,MELB_URBAN,DRIVE,6,10.0
6166,1,4,130,1,1,60.0,0,I,MELB_URBAN,ROAD,6,15.0
6167,1,4,130,5,1,80.0,0,N,SMALL_CITIES,HIGHWAY,6,16.0
6168,1,1,163,2,1,40.0,0,I,MELB_URBAN,STREET,5,19.0
6169,4,4,173,5,1,60.0,0,N,MELB_URBAN,ROAD,6,16.0
6170,1,4,130,2,1,50.0,0,N,MELB_URBAN,AVENUE,6,16.0
6171,8,3,174,1,2,80.0,0,I,MELB_URBAN,HIGHWAY,6,17.0
6172,1,4,130,2,1,70.0,0,I,MELB_URBAN,OTHER,6,16.0
6173,1,5,99,1,1,40.0,0,I,MELB_URBAN,STREET,5,12.0
6174,1,4,121,1,5,50.0,0,I,MELB_URBAN,ROAD,6,18.0
6175,1,3,130,5,1,100.0,0,N,MELB_URBAN,FREEWAY,6,17.0
6176,1,4,130,2,3,60.0,0,I,MELB_URBAN,STREET,6,18.0
6177,2,5,100,5,3,60.0,0,N,MELB_URBAN,HIGHWAY,6,1.0
6178,4,5,183,5,5,70.0,0,N,SMALL_CITIES,ROAD,6,2.0
6179,4,5,173,1,1,80.0,0,I,MELB_URBAN,HIGHWAY,5,13.0
6180,1,5,130,1,3,50.0,0,I,SMALL_CITIES,STREET,6,4.0
6181,1,5,130,1,1,100.0,0,N,MELB_URBAN,UNKNOWN,6,7.0
6182,1,5,121,2,1,60.0,0,I,MELB_URBAN,STREET,6,7.0
6183,5,6,99,5,2,80.0,0,N,RURAL_VICTORIA,ROAD,6,6.0
6184,1,5,163,2,1,60.0,0,I,MELB_URBAN,ROAD,6,8.0
6185,1,5,110,1,1,70.0,0,I,SMALL_CITIES,PARADE,6,8.0
6186,1,5,121,2,1,80.0,0,I,MELB_URBAN,ROAD,6,8.0
6187,1,5,140,5,1,50.0,0,N,MELB_URBAN,STREET,6,8.0
6188,1,5,147,5,1,60.0,0,N,MELB_URBAN,ROAD,6,8.0
6189,6,4,99,5,1,100.0,0,N,RURAL_VICTORIA,ROAD,6,16.0
6190,1,5,116,1,1,100.0,0,I,RURAL_VICTORIA,ROAD,6,8.0
6191,4,5,173,5,1,80.0,0,N,RURAL_VICTORIA,ROAD,6,12.0
6192,8,5,174,5,3,40.0,0,N,MELB_URBAN,ROAD,5,22.0
6193,4,5,171,5,1,100.0,0,N,RURAL_VICTORIA,HIGHWAY,6,12.0
6194,8,7,99,5,1,60.0,0,N,RURAL_VICTORIA,ROAD,6,13.0
6195,4,2,173,5,3,50.0,0,N,LARGE_PROVINCIAL_CITIES,OTHER,6,20.0
6196,1,4,113,2,1,60.0,0,N,TOWNS,STREET,6,11.0
6197,1,5,130,1,1,60.0,0,I,LARGE_PROVINCIAL_CITIES,STREET,6,15.0
6198,1,5,121,5,1,50.0,0,N,MELB_URBAN,DRIVE,6,13.0
6199,1,5,121,5,1,50.0,0,N,MELB_URBAN,BOULEVARD,6,15.0
6200,6,2,174,5,1,100.0,0,N,RURAL_VICTORIA,ROAD,5,10.0
6201,1,5,130,2,1,50.0,0,I,MELB_URBAN,STREET,6,16.0
6202,1,3,130,1,3,70.0,0,I,MELB_URBAN,STREET,6,18.0
6203,1,5,130,5,3,80.0,0,N,MELB_URBAN,ROAD,6,17.0
6204,1,5,147,5,1,80.0,0,N,MELB_URBAN,ROAD,6,15.0
6205,1,5,130,1,1,70.0,0,N,MELB_URBAN,STREET,6,14.0
6206,2,5,100,2,3,70.0,0,I,MELB_URBAN,ROAD,6,19.0
6207,1,5,130,5,3,80.0,0,N,MELB_URBAN,RAMP,2,21.0
6208,8,5,99,5,5,60.0,0,N,RURAL_VICTORIA,ROAD,6,18.0
6209,1,5,113,2,3,60.0,0,I,MELB_URBAN,STREET,6,18.0
6210,1,5,121,1,3,50.0,0,I,LARGE_PROVINCIAL_CITIES,STREET,6,17.0
6211,1,5,121,1,3,80.0,0,I,MELB_URBAN,HIGHWAY,6,18.0
6212,2,4,100,5,1,60.0,0,N,MELB_URBAN,AVENUE,6,16.0
6213,4,5,173,1,3,50.0,0,I,SMALL_CITIES,STREET,6,22.0
6214,6,5,170,5,5,80.0,0,N,RURAL_VICTORIA,HIGHWAY,6,2.0
6215,1,5,130,2,1,70.0,0,I,MELB_URBAN,ROAD,6,14.0
6216,1,5,99,2,1,100.0,0,I,RURAL_VICTORIA,HIGHWAY,6,13.0
6217,4,5,173,5,5,100.0,1,N,RURAL_VICTORIA,ROAD,6,23.0
6218,1,6,110,1,1,60.0,0,I,TOWNS,ROAD,6,8.0
6219,8,6,174,5,1,60.0,0,N,MELB_URBAN,STREET,6,10.0
6220,1,6,110,1,1,60.0,0,I,MELB_URBAN,ROAD,6,8.0
6221,8,4,99,5,1,100.0,0,N,RURAL_VICTORIA,ROAD,2,14.0
6222,2,6,99,5,1,60.0,0,N,MELB_URBAN,STREET,6,12.0
6223,1,5,130,5,2,100.0,0,N,MELB_URBAN,FREEWAY,6,18.0
6224,1,5,130,2,1,60.0,0,I,MELB_URBAN,ROAD,6,10.0
6225,1,6,130,1,1,60.0,0,N,MELB_URBAN,ROAD,6,13.0
6226,1,6,130,5,1,60.0,0,N,MELB_URBAN,ROAD,6,11.0
6227,1,6,130,1,1,60.0,0,I,MELB_URBAN,ROAD,5,11.0
6228,1,6,132,2,1,60.0,0,N,TOWNS,STREET,6,13.0
6229,4,6,173,5,1,100.0,0,N,RURAL_VICTORIA,ROAD,6,13.0
6230,1,6,110,1,1,60.0,0,I,TOWNS,STREET,6,14.0
6231,2,6,100,5,1,60.0,0,N,MELB_URBAN,ROAD,6,14.0
6232,1,6,130,5,1,80.0,0,N,LARGE_PROVINCIAL_CITIES,HIGHWAY,6,14.0
6233,1,6,121,1,1,50.0,0,I,MELBOURNE_CBD,STREET,6,16.0
6234,1,4,116,2,1,60.0,0,I,MELB_URBAN,ROAD,6,8.0
6235,7,7,99,1,1,50.0,0,I,SMALL_CITIES,STREET,3,16.0
6236,2,6,100,5,1,60.0,0,N,MELB_URBAN,STREET,6,8.0
6237,2,6,102,2,3,40.0,0,I,MELB_URBAN,STREET,6,18.0
6238,1,6,130,2,2,60.0,0,N,MELB_URBAN,ROAD,6,16.0
6239,1,6,113,2,1,60.0,0,I,MELB_URBAN,ROAD,6,15.0
6240,1,3,130,1,1,60.0,0,I,MELB_URBAN,STREET,3,14.0
6241,1,6,121,2,3,50.0,0,I,MELB_URBAN,STREET,6,18.0
6242,1,6,130,1,3,80.0,0,I,MELB_URBAN,ROAD,6,19.0
6243,1,2,130,2,3,70.0,0,I,MELB_URBAN,ROAD,6,20.0
6244,2,6,100,1,1,50.0,0,I,LARGE_PROVINCIAL_CITIES,STREET,6,14.0
6245,1,6,110,1,3,60.0,0,N,MELB_URBAN,ROAD,6,6.0
6246,1,6,121,1,3,60.0,0,I,MELB_URBAN,ROAD,6,20.0
6247,1,6,133,5,3,60.0,0,N,MELB_URBAN,AVENUE,6,0.0
6248,1,6,160,5,5,50.0,0,N,MELB_URBAN,AVENUE,6,23.0
6249,7,6,99,1,5,100.0,0,I,SMALL_CITIES,AVENUE,6,23.0
6250,2,7,100,1,3,80.0,0,I,MELB_URBAN,HIGHWAY,6,0.0
6251,4,7,99,2,3,60.0,0,I,MELB_URBAN,ROAD,6,3.0
6252,1,7,160,5,5,50.0,0,N,MELB_URBAN,STREET,6,3.0
6253,1,7,110,1,1,60.0,0,I,TOWNS,STREET,6,10.0
6254,1,7,110,1,1,80.0,0,I,MELB_URBAN,ROAD,6,10.0
6255,2,7,99,5,1,40.0,0,N,MELB_URBAN,STREET,6,12.0
6256,1,7,120,5,1,30.0,0,N,RURAL_VICTORIA,ROAD,6,13.0
6257,2,6,100,1,1,60.0,0,N,MELB_URBAN,ROAD,6,14.0
6258,1,7,163,5,2,60.0,0,N,MELB_URBAN,STREET,6,16.0
6259,4,7,171,5,1,60.0,0,N,MELB_URBAN,ROAD,6,14.0
6260,2,2,100,1,3,50.0,0,I,MELB_URBAN,ROAD,6,17.0
6261,4,6,171,5,5,90.0,0,N,RURAL_VICTORIA,HIGHWAY,6,19.0
6262,1,6,99,5,1,60.0,0,N,MELB_URBAN,ROAD,6,12.0
6263,1,1,121,2,1,60.0,0,I,MELB_URBAN,ROAD,6,16.0
6264,1,7,113,2,2,80.0,0,I,MELB_URBAN,ROAD,6,17.0
6265,1,7,130,5,2,100.0,0,N,RURAL_VICTORIA,ROAD,6,17.0
6266,1,7,121,2,1,60.0,0,I,MELB_URBAN,STREET,6,14.0
6267,1,7,121,4,3,80.0,0,I,MELB_URBAN,ROAD,6,18.0
6268,1,7,113,2,6,70.0,0,I,MELB_URBAN,ROAD,6,17.0
6269,1,7,121,1,3,60.0,0,I,MELB_URBAN,ROAD,6,17.0
6270,1,7,147,5,3,50.0,0,N,TOWNS,STREET,6,19.0
6271,1,7,110,1,3,60.0,0,I,MELB_URBAN,ROAD,6,17.0
6272,1,7,132,2,3,60.0,0,I,MELB_URBAN,ROAD,6,18.0
6273,4,7,183,5,5,50.0,0,N,MELB_URBAN,OTHER,6,18.0
6274,1,7,130,4,1,60.0,0,N,MELB_URBAN,HIGHWAY,6,13.0
6275,1,7,160,5,3,50.0,0,N,MELB_URBAN,ROAD,6,21.0
6276,1,7,160,5,3,60.0,0,N,MELB_URBAN,ROAD,6,3.0
6277,4,1,171,5,3,60.0,0,N,SMALL_CITIES,STREET,6,2.0
6278,4,1,171,2,3,50.0,0,I,MELB_URBAN,AVENUE,6,1.0
6279,2,1,99,5,5,60.0,0,N,RURAL_VICTORIA,ROAD,6,2.0
6280,1,1,99,5,3,60.0,0,I,MELB_URBAN,PARADE,6,1.0
6281,1,1,120,5,5,100.0,1,N,RURAL_VICTORIA,ROAD,6,2.0
6282,4,1,171,2,3,70.0,0,N,MELB_URBAN,ROAD,6,6.0
6283,6,1,99,2,5,70.0,0,I,MELB_URBAN,AVENUE,6,0.0
6284,1,1,110,1,1,80.0,0,I,RURAL_VICTORIA,AVENUE,6,8.0
6285,2,6,100,5,2,40.0,0,N,MELB_URBAN,STREET,6,7.0
6286,1,7,110,1,1,50.0,0,I,MELB_URBAN,STREET,6,11.0
6287,1,1,130,2,1,60.0,0,I,MELB_URBAN,ROAD,6,13.0
6288,1,1,110,1,1,60.0,0,I,MELB_URBAN,AVENUE,6,9.0
6289,2,4,100,5,1,60.0,0,N,MELB_URBAN,STREET,5,8.0
6290,1,7,130,5,1,100.0,0,N,MELB_URBAN,FREEWAY,6,18.0
6291,1,1,130,2,1,70.0,0,I,MELB_URBAN,ROAD,6,15.0
6292,4,1,181,5,1,60.0,0,N,RURAL_VICTORIA,ROAD,6,16.0
6293,4,7,171,5,5,100.0,0,N,RURAL_VICTORIA,HIGHWAY,6,18.0
6294,1,1,110,1,3,50.0,0,I,SMALL_CITIES,UNKNOWN,6,18.0
6295,1,1,130,5,3,60.0,0,N,MELB_URBAN,ROAD,6,18.0
6296,5,1,99,5,3,50.0,0,N,TOWNS,STREET,6,20.0
6297,7,1,174,2,3,60.0,0,I,RURAL_VICTORIA,ROAD,6,20.0
6298,4,7,171,1,3,50.0,0,I,MELB_URBAN,STREET,6,23.0
6299,1,1,132,2,3,70.0,0,I,MELB_URBAN,ROAD,6,22.0
6300,1,2,160,5,3,60.0,0,N,MELB_URBAN,STREET,6,2.0
6301,1,1,113,2,3,80.0,0,I,MELB_URBAN,ROAD,6,21.0
6302,1,1,130,4,3,100.0,0,N,MELB_URBAN,ROAD,6,2.0
6303,2,2,100,2,1,50.0,0,I,MELB_URBAN,ROAD,6,7.0
6304,6,2,99,5,5,100.0,0,N,RURAL_VICTORIA,ROAD,6,7.0
6305,1,5,132,1,2,60.0,0,I,MELB_URBAN,STREET,4,17.0
6306,2,7,100,1,1,60.0,0,I,MELB_URBAN,ROAD,6,10.0
6307,8,4,174,1,2,60.0,0,I,MELB_URBAN,ROAD,3,6.0
6308,4,2,171,5,2,110.0,1,N,RURAL_VICTORIA,FREEWAY,6,7.0
6309,1,7,110,1,1,60.0,0,I,LARGE_PROVINCIAL_CITIES,ROAD,6,8.0
6310,1,4,130,1,1,60.0,0,I,MELB_URBAN,ROAD,5,12.0
6311,7,2,184,5,1,80.0,0,N,RURAL_VICTORIA,ROAD,6,15.0
6312,1,2,121,1,1,50.0,0,I,MELB_URBAN,AVENUE,6,9.0
6313,1,2,110,1,1,60.0,0,I,MELB_URBAN,ROAD,6,12.0
6314,2,4,99,5,3,60.0,0,N,MELB_URBAN,ROAD,6,22.0
6315,1,2,113,2,1,60.0,0,I,MELB_URBAN,ROAD,6,12.0
6316,4,2,171,5,1,50.0,0,N,MELB_URBAN,DRIVE,6,11.0
6317,1,1,160,2,2,50.0,0,I,MELB_URBAN,OTHER,3,7.0
6318,1,2,140,5,1,80.0,0,N,RURAL_VICTORIA,HIGHWAY,6,10.0
6319,6,2,174,5,1,100.0,0,N,MELB_URBAN,FREEWAY,6,10.0
6320,1,2,110,1,1,50.0,0,I,LARGE_PROVINCIAL_CITIES,STREET,6,13.0
6321,4,1,171,5,5,100.0,0,N,RURAL_VICTORIA,ROAD,6,23.0
6322,1,2,130,1,1,70.0,0,I,SMALL_TOWNS,HIGHWAY,6,15.0
6323,1,1,99,2,1,50.0,0,I,MELB_URBAN,ROAD,6,11.0
6324,4,2,171,5,1,110.0,0,N,RURAL_VICTORIA,FREEWAY,6,16.0
6325,2,1,100,2,1,50.0,0,I,MELB_URBAN,OTHER,6,15.0
6326,4,2,173,5,1,100.0,0,N,RURAL_VICTORIA,ROAD,6,15.0
6327,1,2,99,5,3,60.0,0,N,SMALL_CITIES,STREET,6,17.0
6328,2,2,100,5,1,60.0,0,N,MELB_URBAN,ROAD,6,16.0
6329,1,2,113,2,3,60.0,0,I,MELB_URBAN,ROAD,6,18.0
6330,1,2,130,2,3,60.0,0,I,MELB_URBAN,ROAD,6,18.0
6331,4,2,171,5,1,100.0,0,N,RURAL_VICTORIA,ROAD,6,17.0
6332,5,2,99,5,5,100.0,0,N,RURAL_VICTORIA,HIGHWAY,6,20.0
6333,1,2,99,5,1,40.0,0,N,SMALL_CITIES,PARADE,6,15.0
6334,1,6,110,1,1,50.0,0,I,TOWNS,OTHER,6,14.0
6335,1,2,111,1,3,50.0,0,I,MELB_URBAN,STREET,6,19.0
6336,4,2,171,4,5,110.0,0,N,RURAL_VICTORIA,FREEWAY,6,5.0
6337,1,6,99,3,1,60.0,0,I,MELB_URBAN,ROAD,5,14.0
6338,3,3,167,5,5,100.0,0,N,RURAL_VICTORIA,OTHER,6,5.0
6339,1,2,121,1,3,70.0,0,I,MELB_URBAN,ROAD,6,6.0
6340,1,3,113,2,1,60.0,0,I,MELB_URBAN,ROAD,6,8.0
6341,1,3,110,1,1,50.0,0,I,MELB_URBAN,OTHER,6,8.0
6342,1,2,130,2,1,60.0,0,I,MELB_URBAN,STREET,6,11.0
6343,1,7,130,2,2,60.0,0,I,MELB_URBAN,STREET,6,16.0
6344,1,3,110,1,1,80.0,0,I,RURAL_VICTORIA,ROAD,6,8.0
6345,1,3,113,2,1,50.0,0,I,MELB_URBAN,ROAD,6,8.0
6346,1,3,99,2,1,60.0,0,N,MELB_URBAN,ROAD,6,7.0
6347,2,3,102,2,1,50.0,0,I,MELB_URBAN,STREET,4,9.0
6348,1,3,120,2,1,50.0,0,I,MELB_URBAN,OTHER,6,9.0
6349,1,2,130,5,1,60.0,0,N,MELB_URBAN,ROAD,2,8.0
6350,1,4,130,2,1,60.0,0,N,MELB_URBAN,ROAD,1,16.0
6351,8,6,174,5,1,100.0,0,N,RURAL_VICTORIA,ROAD,6,15.0
6352,1,2,130,2,2,70.0,0,I,MELB_URBAN,ROAD,5,6.0
6353,1,3,110,1,1,50.0,0,I,MELB_URBAN,STREET,6,11.0
6354,1,3,121,2,1,60.0,0,I,MELB_URBAN,ROAD,6,11.0
6355,1,3,110,1,1,50.0,0,I,SMALL_CITIES,STREET,6,13.0
6356,1,3,130,4,1,60.0,0,N,MELB_URBAN,HIGHWAY,3,10.0
6357,8,4,174,5,2,50.0,0,N,MELB_URBAN,ROAD,5,18.0
6358,1,3,121,2,1,60.0,1,N,MELB_URBAN,ROAD,6,11.0
6359,2,7,99,5,3,60.0,0,N,TOWNS,ROAD,6,0.0
6360,1,3,121,2,1,40.0,0,I,MELB_URBAN,ROAD,6,10.0
6361,2,3,102,2,1,50.0,0,I,MELB_URBAN,DRIVE,6,13.0
6362,1,2,163,5,1,60.0,0,N,MELB_URBAN,ROAD,4,12.0
6363,1,6,132,2,3,60.0,0,I,MELB_URBAN,ROAD,6,18.0
6364,1,5,132,5,1,70.0,0,N,MELB_URBAN,ROAD,6,9.0
6365,1,5,130,5,9,60.0,0,N,MELB_URBAN,ROAD,2,17.0
6366,1,3,132,1,1,80.0,0,I,LARGE_PROVINCIAL_CITIES,HIGHWAY,6,13.0
6367,1,3,99,2,1,70.0,0,I,MELB_URBAN,ROAD,6,16.0
6368,1,6,130,1,3,80.0,0,I,MELB_URBAN,STREET,6,21.0
6369,1,2,130,5,1,80.0,0,N,MELB_URBAN,ROAD,6,15.0
6370,6,7,99,5,1,80.0,0,N,RURAL_VICTORIA,ROAD,6,14.0
6371,1,3,120,5,1,100.0,1,N,RURAL_VICTORIA,ROAD,6,15.0
6372,4,3,173,5,1,100.0,0,N,RURAL_VICTORIA,ROAD,6,15.0
6373,4,3,171,2,1,50.0,0,I,MELB_URBAN,OTHER,6,15.0
6374,2,3,99,1,1,60.0,0,I,SMALL_CITIES,STREET,6,16.0
6375,1,3,132,5,5,100.0,0,I,RURAL_VICTORIA,ROAD,6,17.0
6376,8,2,174,1,1,50.0,0,I,MELB_URBAN,DRIVE,6,15.0
6377,2,3,102,1,3,70.0,0,I,MELB_URBAN,ROAD,6,21.0
6378,2,3,100,5,1,60.0,0,N,MELB_URBAN,ROAD,6,15.0
6379,4,3,173,2,5,100.0,0,I,RURAL_VICTORIA,HIGHWAY,6,20.0
6380,1,3,130,5,5,100.0,0,N,MELB_URBAN,FREEWAY,6,5.0
6381,1,3,121,2,1,60.0,0,I,MELB_URBAN,ROAD,6,16.0
6382,8,7,99,5,1,60.0,0,N,RURAL_VICTORIA,ROAD,6,11.0
6383,1,3,130,5,1,100.0,0,N,MELB_URBAN,FREEWAY,6,15.0
6384,1,4,130,5,2,100.0,0,N,MELB_URBAN,FREEWAY,6,6.0
6385,1,1,130,5,1,80.0,0,N,MELB_URBAN,HIGHWAY,6,11.0
6386,2,2,99,5,3,50.0,0,N,MELB_URBAN,OTHER,4,21.0
6387,1,3,113,2,1,50.0,0,I,MELB_URBAN,OTHER,6,11.0
6388,2,4,102,1,1,60.0,0,I,MELB_URBAN,ROAD,6,9.0
6389,1,5,163,2,1,50.0,0,N,MELB_URBAN,ROAD,5,15.0
6390,1,3,130,5,1,50.0,0,N,MELB_URBAN,ROAD,3,15.0
6391,1,2,99,2,1,80.0,0,I,MELB_URBAN,HIGHWAY,6,7.0
6392,1,4,135,1,1,80.0,0,I,MELB_URBAN,ROAD,6,12.0
6393,1,4,99,5,1,60.0,0,N,MELB_URBAN,ROAD,6,8.0
6394,1,4,113,2,1,60.0,0,I,MELB_URBAN,STREET,6,10.0
6395,1,4,116,2,1,60.0,0,I,SMALL_CITIES,AVENUE,4,11.0
6396,1,4,130,2,1,70.0,0,I,MELB_URBAN,ROAD,6,10.0
6397,8,3,174,1,2,70.0,0,I,MELB_URBAN,ROAD,6,7.0
6398,1,4,113,2,1,60.0,0,I,TOWNS,STREET,6,10.0
6399,1,4,160,5,1,50.0,0,N,MELB_URBAN,STREET,6,11.0
6400,1,4,121,2,1,60.0,0,I,MELB_URBAN,STREET,6,12.0
6401,2,3,100,1,1,60.0,0,I,LARGE_PROVINCIAL_CITIES,ROAD,1,18.0
6402,2,3,100,1,1,50.0,0,I,MELBOURNE_CBD,STREET,6,15.0
6403,8,1,170,1,1,50.0,0,I,TOWNS,STREET,5,17.0
6404,2,4,99,1,1,40.0,0,I,MELB_URBAN,ROAD,6,16.0
6405,1,4,99,5,1,40.0,0,N,MELB_URBAN,STREET,6,16.0
6406,1,4,130,1,3,50.0,0,I,MELB_URBAN,STREET,6,18.0
6407,1,2,140,5,1,70.0,0,N,MELB_URBAN,ROAD,6,14.0
6408,8,4,174,2,3,60.0,0,I,MELB_URBAN,STREET,6,18.0
6409,1,4,163,5,1,40.0,0,N,MELB_URBAN,ROAD,6,19.0
6410,1,4,130,5,6,80.0,0,N,MELB_URBAN,FREEWAY,6,20.0
6411,1,4,99,2,2,60.0,0,I,MELB_URBAN,STREET,6,17.0
6412,1,7,130,1,1,60.0,0,I,MELB_URBAN,ROAD,6,12.0
6413,1,4,121,2,3,50.0,0,I,MELB_URBAN,STREET,6,20.0
6414,5,4,99,5,5,80.0,0,N,MELB_URBAN,ROAD,6,20.0
6415,2,4,100,2,3,60.0,0,I,MELB_URBAN,STREET,6,21.0
6416,4,4,99,2,5,100.0,0,I,RURAL_VICTORIA,ROAD,6,21.0
6417,1,4,99,1,3,60.0,0,N,MELB_URBAN,ROAD,6,21.0
6418,2,4,102,5,1,50.0,0,N,LARGE_PROVINCIAL_CITIES,STREET,6,16.0
6419,4,4,99,5,5,80.0,0,N,RURAL_VICTORIA,DRIVE,6,21.0
6420,1,4,130,5,3,100.0,0,N,MELB_URBAN,FREEWAY,6,6.0
6421,1,4,113,1,3,50.0,0,I,MELB_URBAN,STREET,6,22.0
6422,1,1,120,5,1,40.0,0,N,MELB_URBAN,ROAD,4,16.0
6423,1,5,121,2,2,80.0,0,N,MELB_URBAN,FREEWAY,6,7.0
6424,2,5,100,1,1,50.0,0,I,LARGE_PROVINCIAL_CITIES,STREET,6,8.0
6425,1,5,130,5,2,80.0,0,N,SMALL_TOWNS,HIGHWAY,6,6.0
6426,1,5,113,3,3,80.0,0,N,RURAL_VICTORIA,ROAD,6,6.0
6427,1,4,110,1,1,50.0,0,I,SMALL_CITIES,STREET,6,15.0
6428,2,5,102,1,1,50.0,0,I,SMALL_CITIES,STREET,6,10.0
6429,1,5,132,2,1,80.0,0,I,TOWNS,OTHER,6,8.0
6430,6,5,170,5,1,60.0,0,N,MELB_URBAN,STREET,5,8.0
6431,2,5,100,2,3,60.0,1,I,MELB_URBAN,ROAD,6,7.0
6432,1,5,140,5,1,60.0,0,N,MELB_URBAN,ROAD,6,9.0
6433,1,5,120,5,1,100.0,0,N,RURAL_VICTORIA,ROAD,6,7.0
6434,1,5,113,2,1,60.0,0,I,SMALL_CITIES,ROAD,6,9.0
6435,1,3,130,1,1,60.0,0,I,MELB_URBAN,STREET,3,13.0
6436,1,5,121,1,3,60.0,0,I,MELB_URBAN,STREET,6,6.0
6437,4,5,183,2,1,60.0,0,I,SMALL_TOWNS,STREET,6,10.0
6438,1,5,140,5,1,100.0,1,N,RURAL_VICTORIA,HIGHWAY,6,8.0
6439,1,2,130,5,3,100.0,0,N,MELB_URBAN,FREEWAY,6,6.0
6440,2,5,102,1,1,50.0,0,I,MELB_URBAN,ROAD,6,11.0
6441,4,7,171,1,3,60.0,0,I,LARGE_PROVINCIAL_CITIES,HIGHWAY,6,22.0
6442,2,3,102,2,3,50.0,0,I,SMALL_CITIES,STREET,6,22.0
6443,1,5,132,2,1,60.0,0,I,MELB_URBAN,ROAD,6,8.0
6444,1,5,110,1,1,50.0,0,I,SMALL_CITIES,STREET,6,11.0
6445,1,5,147,5,2,70.0,0,N,MELB_URBAN,ROAD,5,17.0
6446,7,7,99,2,1,50.0,0,I,MELB_URBAN,OTHER,3,10.0
6447,8,5,174,2,2,50.0,0,I,LARGE_PROVINCIAL_CITIES,STREET,6,7.0
6448,4,5,171,5,1,110.0,0,N,RURAL_VICTORIA,FREEWAY,6,13.0
6449,6,5,174,1,1,60.0,0,I,MELB_URBAN,ROAD,6,10.0
6450,2,2,102,5,3,60.0,0,N,MELB_URBAN,STREET,6,18.0
6451,1,6,130,5,1,60.0,0,N,MELB_URBAN,STREET,4,13.0
6452,1,5,130,5,3,70.0,0,N,MELB_URBAN,RAMP,6,6.0
6453,1,3,99,1,3,50.0,0,I,MELB_URBAN,ROAD,6,18.0
6454,1,5,130,5,1,60.0,0,N,TOWNS,ROAD,6,15.0
6455,1,4,110,1,1,60.0,0,I,MELB_URBAN,UNKNOWN,6,8.0
6456,1,5,120,5,1,80.0,0,N,LARGE_PROVINCIAL_CITIES,HIGHWAY,6,15.0
6457,1,5,113,2,1,80.0,0,I,MELB_URBAN,HIGHWAY,6,15.0
6458,1,5,130,2,3,70.0,0,I,MELB_URBAN,ROAD,6,17.0
6459,8,5,174,1,3,60.0,0,I,MELB_URBAN,STREET,6,18.0
6460,1,5,99,5,3,100.0,0,N,RURAL_VICTORIA,FREEWAY,6,17.0
6461,1,5,132,2,3,50.0,0,I,TOWNS,STREET,6,17.0
6462,1,5,133,2,3,60.0,0,I,MELB_URBAN,ROAD,6,19.0
6463,2,5,102,5,3,60.0,0,N,MELB_URBAN,ROAD,6,17.0
6464,4,5,173,1,3,60.0,0,I,MELB_URBAN,ROAD,6,19.0
6465,4,5,99,1,3,40.0,0,I,TOWNS,STREET,6,18.0
6466,1,5,160,1,3,50.0,0,I,SMALL_TOWNS,STREET,6,18.0
6467,1,5,130,1,3,60.0,0,I,MELB_URBAN,ROAD,6,18.0
6468,1,5,121,2,3,60.0,0,I,MELB_URBAN,ROAD,6,19.0
6469,3,5,167,2,3,50.0,0,I,TOWNS,OTHER,6,21.0
6470,1,5,130,2,3,70.0,0,I,MELB_URBAN,STREET,6,18.0
6471,1,5,120,5,5,90.0,0,N,RURAL_VICTORIA,ROAD,6,19.0