,accident_type,day_of_week,dca_code,road_geometry,light_condition,speed_zone,severity,node_type,deg_urban_name,road_type,month,hour
6472,4,5,173,2,3,60.0,0,N,SMALL_CITIES,DRIVE,6,6.0
6473,4,5,173,5,5,100.0,0,N,RURAL_VICTORIA,ROAD,6,21.0
6474,5,5,99,1,3,50.0,0,I,MELB_URBAN,ROAD,6,20.0
6475,4,5,171,5,3,100.0,0,N,MELB_URBAN,FREEWAY,6,21.0
6476,4,6,173,5,3,60.0,0,N,MELB_URBAN,UNKNOWN,6,0.0
6477,6,5,99,5,5,100.0,0,N,RURAL_VICTORIA,ROAD,6,17.0
6478,6,5,99,5,5,100.0,0,N,RURAL_VICTORIA,HIGHWAY,6,6.0
6479,4,6,173,5,5,80.0,0,N,RURAL_VICTORIA,ROAD,6,3.0
6480,1,6,113,4,3,70.0,0,I,MELB_URBAN,RAMP,6,4.0
6481,4,6,171,5,3,50.0,0,N,MELB_URBAN,STREET,6,3.0
6482,1,6,99,5,3,70.0,0,I,MELB_URBAN,RAMP,6,5.0
6483,2,5,99,5,1,40.0,0,N,MELB_URBAN,DRIVE,6,13.0
6484,4,6,171,1,3,60.0,0,I,MELB_URBAN,ROAD,6,6.0
6485,4,5,171,5,5,100.0,0,N,RURAL_VICTORIA,HIGHWAY,6,20.0
6486,1,5,110,1,3,70.0,0,I,MELB_URBAN,ROAD,6,17.0
6487,4,3,171,5,1,110.0,0,N,RURAL_VICTORIA,FREEWAY,6,16.0
6488,5,6,99,5,5,80.0,0,N,RURAL_VICTORIA,ROAD,6,6.0
6489,1,6,130,5,1,50.0,0,N,MELB_URBAN,DRIVE,6,9.0
6490,1,6,130,5,1,70.0,0,N,LARGE_PROVINCIAL_CITIES,ROAD,6,9.0
6491,1,6,99,2,1,80.0,0,I,MELB_URBAN,HIGHWAY,6,8.0
6492,1,6,113,2,2,80.0,0,I,MELB_URBAN,HIGHWAY,6,7.0
6493,1,6,147,5,1,50.0,0,N,MELB_URBAN,ROAD,6,10.0
6494,1,6,121,2,1,60.0,0,I,MELB_URBAN,ROAD,6,8.0
6495,2,5,102,1,1,60.0,0,I,MELB_URBAN,ROAD,6,17.0
6496,1,6,110,1,1,60.0,0,I,MELB_URBAN,STREET,6,10.0
6497,1,6,110,1,1,70.0,0,I,MELB_URBAN,ROAD,6,9.0
6498,1,6,130,1,9,60.0,0,I,MELB_URBAN,ROAD,6,12.0
6499,1,1,132,2,1,60.0,0,I,MELB_URBAN,STREET,1,13.0
6500,1,6,113,2,1,60.0,0,I,MELB_URBAN,STREET,6,13.0
6501,2,5,102,1,3,60.0,0,I,MELB_URBAN,ROAD,6,18.0
6502,5,6,99,5,1,90.0,0,N,RURAL_VICTORIA,ROAD,6,8.0
6503,1,5,99,5,3,50.0,0,N,MELB_URBAN,STREET,6,18.0
6504,1,6,147,5,1,50.0,0,N,MELB_URBAN,STREET,6,9.0
6505,1,5,121,4,1,50.0,0,I,LARGE_PROVINCIAL_CITIES,STREET,5,14.0
6506,1,5,130,5,3,60.0,0,I,MELB_URBAN,ROAD,6,21.0
6507,1,7,134,5,1,70.0,0,I,MELB_URBAN,ROAD,1,14.0
6508,1,6,120,5,1,80.0,0,N,RURAL_VICTORIA,ROAD,6,14.0
6509,1,6,120,5,1,70.0,0,N,RURAL_VICTORIA,HIGHWAY,6,11.0
6510,1,6,160,5,1,80.0,0,N,MELB_URBAN,ROAD,6,8.0
6511,1,3,132,5,2,60.0,0,N,MELB_URBAN,ROAD,6,17.0
6512,1,6,130,5,1,50.0,0,N,MELB_URBAN,STREET,6,11.0
6513,1,5,111,2,2,70.0,0,I,SMALL_CITIES,STREET,6,17.0
6514,1,6,99,2,1,50.0,0,I,SMALL_CITIES,HIGHWAY,6,16.0
6515,1,6,110,1,3,60.0,0,I,SMALL_CITIES,STREET,6,18.0
6516,1,6,110,1,3,50.0,0,I,MELB_URBAN,STREET,6,19.0
6517,1,6,121,1,3,70.0,0,N,SMALL_CITIES,AVENUE,6,19.0
6518,2,6,100,2,1,60.0,0,I,MELB_URBAN,STREET,6,18.0
6519,2,6,99,1,4,60.0,0,I,SMALL_CITIES,HIGHWAY,6,18.0
6520,1,6,160,1,3,60.0,0,I,MELB_URBAN,ROAD,6,19.0
6521,2,6,100,5,5,80.0,1,N,MELB_URBAN,ROAD,6,20.0
6522,1,6,132,2,3,60.0,0,I,MELB_URBAN,ROAD,6,18.0
6523,4,7,171,1,5,70.0,0,I,MELB_URBAN,HIGHWAY,6,1.0
6524,7,5,174,5,1,80.0,0,N,RURAL_VICTORIA,ROAD,6,14.0
6525,3,5,167,5,3,110.0,0,N,RURAL_VICTORIA,FREEWAY,5,6.0
6526,1,7,147,5,1,50.0,0,N,MELB_URBAN,ROAD,6,9.0
6527,1,6,132,2,1,60.0,0,I,MELB_URBAN,ROAD,6,12.0
6528,1,4,132,2,1,60.0,0,I,LARGE_PROVINCIAL_CITIES,ROAD,6,10.0
6529,1,7,116,2,1,60.0,0,I,MELB_URBAN,ROAD,6,11.0
6530,2,6,102,1,9,60.0,0,I,MELB_URBAN,STREET,6,17.0
6531,1,5,110,1,1,60.0,0,I,MELB_URBAN,STREET,6,8.0
6532,1,7,110,4,1,100.0,0,I,RURAL_VICTORIA,ROAD,6,11.0
6533,1,6,99,5,1,50.0,0,N,LARGE_PROVINCIAL_CITIES,STREET,6,15.0
6534,8,7,174,5,1,100.0,0,N,RURAL_VICTORIA,ROAD,6,14.0
6535,1,7,130,5,1,60.0,0,N,LARGE_PROVINCIAL_CITIES,STREET,6,12.0
6536,6,6,170,2,1,50.0,0,I,MELB_URBAN,ROAD,6,15.0
6537,1,7,140,1,1,80.0,0,I,RURAL_VICTORIA,AVENUE,6,11.0
6538,1,7,113,2,1,80.0,0,I,MELB_URBAN,HIGHWAY,6,13.0
6539,6,7,99,5,1,80.0,0,N,RURAL_VICTORIA,ROAD,6,11.0
6540,1,7,113,2,1,50.0,0,N,MELB_URBAN,ROAD,6,13.0
6541,1,7,130,2,1,80.0,0,N,MELB_URBAN,HIGHWAY,6,13.0
6542,8,7,99,5,1,100.0,0,N,RURAL_VICTORIA,ROAD,6,15.0
6543,4,6,183,4,1,60.0,0,N,MELB_URBAN,RAMP,6,15.0
6544,2,5,100,2,1,60.0,0,I,MELB_URBAN,STREET,5,13.0
6545,2,7,100,5,3,50.0,0,N,MELB_URBAN,OTHER,6,17.0
6546,2,7,99,5,1,50.0,0,N,MELB_URBAN,STREET,6,15.0
6547,4,7,171,2,2,100.0,0,I,RURAL_VICTORIA,ROAD,6,17.0
6548,1,7,121,4,3,80.0,0,I,MELB_URBAN,ROAD,6,17.0
6549,1,7,130,5,3,100.0,0,N,MELB_URBAN,FREEWAY,6,17.0
6550,4,7,171,5,5,90.0,0,N,RURAL_VICTORIA,AVENUE,6,19.0
6551,1,6,110,1,3,60.0,0,I,MELB_URBAN,ROAD,6,18.0
6552,4,7,173,5,1,100.0,1,N,RURAL_VICTORIA,HIGHWAY,6,16.0
6553,1,6,130,2,1,50.0,0,I,MELB_URBAN,AVENUE,6,15.0
6554,2,1,99,1,3,50.0,0,I,MELB_URBAN,STREET,6,0.0
6555,1,7,130,5,1,80.0,0,N,MELB_URBAN,FREEWAY,6,13.0
6556,1,1,160,5,1,60.0,0,N,MELB_URBAN,STREET,6,7.0
6557,4,7,171,5,3,80.0,0,N,MELB_URBAN,ROAD,6,22.0
6558,4,1,171,5,3,50.0,0,N,MELB_URBAN,ROAD,6,7.0
6559,4,7,171,5,3,50.0,0,N,LARGE_PROVINCIAL_CITIES,STREET,6,19.0
6560,1,1,132,2,1,100.0,0,I,RURAL_VICTORIA,ROAD,6,10.0
6561,1,1,110,1,1,80.0,0,I,MELB_URBAN,ROAD,6,8.0
6562,4,1,173,5,1,80.0,0,N,MELB_URBAN,HIGHWAY,6,11.0
6563,4,1,171,5,1,50.0,0,N,MELB_URBAN,STREET,6,12.0
6564,1,1,113,1,1,60.0,0,I,MELB_URBAN,ROAD,6,12.0
6565,4,1,171,2,1,60.0,0,I,MELB_URBAN,ROAD,6,7.0
6566,1,1,110,1,1,40.0,0,I,MELB_URBAN,ROAD,6,11.0
6567,1,1,120,5,1,100.0,0,N,RURAL_VICTORIA,ROAD,6,12.0
6568,1,1,113,2,1,60.0,0,I,MELB_URBAN,STREET,6,13.0
6569,1,7,111,1,3,60.0,0,I,MELB_URBAN,ROAD,6,23.0
6570,6,7,174,2,3,40.0,0,I,MELB_URBAN,STREET,6,18.0
6571,1,3,130,5,1,60.0,0,N,LARGE_PROVINCIAL_CITIES,STREET,6,14.0
6572,1,6,110,1,1,80.0,0,I,MELB_URBAN,ROAD,2,15.0
6573,1,1,99,2,1,60.0,0,I,RURAL_VICTORIA,ROAD,6,16.0
6574,2,1,102,2,3,60.0,0,N,MELB_URBAN,ROAD,6,17.0
6575,2,1,100,1,3,60.0,0,I,TOWNS,HIGHWAY,6,17.0
6576,7,1,99,5,1,60.0,0,UNKNOWN,UNKNOWN,UNKNOWN,6,19.0
6577,1,1,99,2,2,60.0,0,I,MELB_URBAN,AVENUE,6,18.0
6578,4,6,171,5,1,80.0,0,N,RURAL_VICTORIA,ROAD,6,14.0
6579,1,1,132,2,3,60.0,0,I,MELB_URBAN,ROAD,6,17.0
6580,3,1,167,5,2,100.0,0,N,RURAL_VICTORIA,ROAD,6,17.0
6581,4,1,183,3,5,100.0,0,I,RURAL_VICTORIA,ROAD,6,20.0
6582,4,2,173,4,3,80.0,0,N,MELB_URBAN,ROAD,6,0.0
6583,1,7,130,1,2,70.0,0,I,MELB_URBAN,ROAD,2,6.0
6584,1,2,121,1,1,40.0,0,I,MELB_URBAN,STREET,6,8.0
6585,4,2,181,5,1,100.0,0,N,RURAL_VICTORIA,ROAD,6,7.0
6586,1,2,140,5,1,60.0,0,N,MELB_URBAN,ROAD,6,9.0
6587,7,7,99,1,1,100.0,0,I,RURAL_VICTORIA,ROAD,6,8.0
6588,8,2,174,5,1,50.0,0,N,TOWNS,DRIVE,6,9.0
6589,1,2,130,2,1,60.0,0,N,MELB_URBAN,ROAD,6,8.0
6590,1,5,130,5,1,60.0,0,N,MELB_URBAN,ROAD,1,8.0
6591,1,1,121,1,1,60.0,0,I,MELB_URBAN,ROAD,6,7.0
6592,1,2,130,5,1,40.0,0,N,MELB_URBAN,DRIVE,6,8.0
6593,4,3,171,2,9,60.0,0,I,RURAL_VICTORIA,ROAD,1,23.0
6594,4,2,173,2,1,100.0,0,I,RURAL_VICTORIA,ROAD,6,10.0
6595,1,2,130,5,1,100.0,0,N,MELB_URBAN,UNKNOWN,6,9.0
6596,1,5,110,1,1,100.0,0,I,RURAL_VICTORIA,HIGHWAY,5,10.0
6597,2,2,99,1,1,80.0,0,I,MELB_URBAN,STREET,6,12.0
6598,1,2,113,2,2,80.0,1,I,MELB_URBAN,HIGHWAY,6,7.0
6599,2,7,99,2,1,50.0,0,I,MELB_URBAN,ROAD,6,15.0
6600,1,2,111,1,1,60.0,0,I,MELB_URBAN,ROAD,6,11.0
6601,1,7,130,5,1,60.0,0,N,MELB_URBAN,STREET,5,15.0
6602,4,2,171,5,1,100.0,0,N,RURAL_VICTORIA,ROAD,6,8.0
6603,1,7,110,1,4,50.0,0,I,LARGE_PROVINCIAL_CITIES,STREET,6,22.0
6604,1,2,110,1,1,60.0,0,I,MELB_URBAN,STREET,6,14.0
6605,1,2,120,5,1,100.0,0,N,RURAL_VICTORIA,OTHER,6,14.0
6606,1,2,120,5,1,60.0,0,N,MELB_URBAN,STREET,6,13.0
6607,1,2,130,2,2,60.0,0,I,MELB_URBAN,OTHER,6,17.0
6608,7,2,184,5,2,80.0,0,I,MELB_URBAN,ROAD,6,16.0
6609,1,2,121,5,1,50.0,0,N,MELB_URBAN,ROAD,6,15.0
6610,2,2,99,5,1,50.0,0,N,MELB_URBAN,ROAD,6,8.0
6611,1,7,130,5,1,60.0,0,N,MELB_URBAN,ROAD,6,12.0
6612,1,2,130,5,3,60.0,0,N,SMALL_CITIES,STREET,6,17.0
6613,4,2,171,5,2,50.0,0,N,MELB_URBAN,DRIVE,6,16.0
6614,4,2,171,2,1,60.0,0,I,RURAL_VICTORIA,HIGHWAY,6,15.0
6615,2,2,100,2,3,50.0,0,I,MELB_URBAN,ROAD,6,18.0
6616,1,1,130,5,3,80.0,0,N,MELB_URBAN,FREEWAY,6,19.0
6617,1,2,113,2,3,50.0,0,I,MELB_URBAN,ROAD,6,18.0
6618,8,2,99,5,5,100.0,0,N,RURAL_VICTORIA,HIGHWAY,6,18.0
6619,6,2,174,5,3,50.0,0,N,MELB_URBAN,STREET,6,21.0
6620,1,2,140,5,5,100.0,0,N,RURAL_VICTORIA,HIGHWAY,6,21.0
6621,4,2,181,5,5,60.0,0,N,MELB_URBAN,ROAD,6,22.0
6622,4,2,171,1,3,70.0,0,I,MELB_URBAN,PARADE,6,0.0
6623,4,3,173,5,3,80.0,0,N,MELB_URBAN,ROAD,6,2.0
6624,1,3,130,5,3,80.0,0,N,MELB_URBAN,FREEWAY,6,6.0
6625,6,3,174,5,2,50.0,0,N,MELB_URBAN,DRIVE,6,7.0
6626,1,3,130,1,3,60.0,0,I,MELB_URBAN,AVENUE,6,20.0
6627,8,6,174,5,3,110.0,0,N,RURAL_VICTORIA,FREEWAY,3,19.0
6628,1,3,121,2,1,60.0,0,I,MELB_URBAN,ROAD,6,7.0
6629,1,4,99,2,1,80.0,0,I,MELB_URBAN,STREET,5,15.0
6630,3,3,167,5,1,60.0,0,N,LARGE_PROVINCIAL_CITIES,ROAD,6,11.0
6631,1,3,130,5,1,60.0,0,N,MELB_URBAN,ROAD,6,15.0
6632,1,2,130,5,1,100.0,0,N,MELB_URBAN,FREEWAY,6,16.0
6633,1,3,121,2,1,60.0,0,I,MELB_URBAN,ROAD,6,8.0
6634,1,4,121,1,1,60.0,0,I,MELB_URBAN,STREET,5,15.0
6635,4,3,181,5,1,60.0,0,N,MELB_URBAN,ROAD,6,10.0
6636,1,3,132,2,1,60.0,0,I,MELB_URBAN,ROAD,6,11.0
6637,1,3,130,5,1,60.0,0,N,MELB_URBAN,ROAD,6,12.0
6638,1,6,130,1,1,70.0,0,I,MELB_URBAN,STREET,6,11.0
6639,6,3,174,2,1,60.0,0,I,MELB_URBAN,ROAD,6,10.0
6640,1,3,99,1,1,50.0,0,I,TOWNS,STREET,1,17.0
6641,1,3,130,5,1,80.0,0,N,MELB_URBAN,ROAD,6,12.0
6642,6,6,99,5,3,60.0,0,N,MELB_URBAN,BOULEVARD,6,18.0
6643,1,7,99,2,1,100.0,0,I,RURAL_VICTORIA,HIGHWAY,6,12.0
6644,6,2,170,5,1,100.0,0,N,RURAL_VICTORIA,HIGHWAY,6,14.0
6645,4,2,171,5,3,50.0,0,N,MELB_URBAN,DRIVE,6,19.0
6646,4,3,171,5,1,50.0,0,N,LARGE_PROVINCIAL_CITIES,STREET,6,15.0
6647,1,3,121,2,1,60.0,0,I,MELB_URBAN,ROAD,6,15.0
6648,1,3,121,1,1,80.0,0,I,MELB_URBAN,HIGHWAY,6,14.0
6649,1,1,121,2,3,60.0,0,I,MELBOURNE_CBD,STREET,6,4.0
6650,1,3,110,1,1,50.0,0,I,MELB_URBAN,STREET,6,17.0
6651,1,7,130,2,2,70.0,0,I,MELB_URBAN,ROAD,6,17.0
6652,6,3,99,2,1,100.0,0,I,RURAL_VICTORIA,ROAD,6,14.0
6653,1,3,99,2,3,60.0,0,I,MELB_URBAN,ROAD,6,17.0
6654,1,3,111,2,2,80.0,0,I,MELB_URBAN,ROAD,6,16.0
6655,1,3,130,1,2,60.0,0,I,MELB_URBAN,BOULEVARD,6,19.0
6656,1,6,110,1,1,60.0,0,I,MELB_URBAN,ROAD,6,9.0
6657,1,5,132,2,1,60.0,0,I,MELB_URBAN,ROAD,6,16.0
6658,1,3,163,5,2,50.0,0,N,MELBOURNE_CBD,STREET,6,17.0
6659,4,7,183,5,1,100.0,0,N,RURAL_VICTORIA,ROAD,6,12.0
6660,1,3,110,1,3,50.0,0,I,MELB_URBAN,STREET,6,17.0
6661,4,3,171,5,3,60.0,0,N,MELB_URBAN,HIGHWAY,6,1.0
6662,1,2,132,2,6,60.0,0,I,MELB_URBAN,ROAD,6,17.0
6663,1,3,110,4,3,60.0,0,I,TOWNS,STREET,6,19.0
6664,1,5,130,5,1,100.0,0,N,MELB_URBAN,FREEWAY,4,11.0
6665,4,3,173,3,6,60.0,0,I,MELB_URBAN,ROAD,6,18.0
6666,1,3,110,1,1,60.0,0,I,TOWNS,HIGHWAY,6,15.0
6667,4,2,171,5,3,60.0,0,N,MELB_URBAN,ROAD,6,23.0
6668,1,6,121,1,2,50.0,0,I,MELB_URBAN,STREET,6,16.0
6669,1,4,160,5,1,50.0,0,N,SMALL_CITIES,ROAD,6,7.0
6670,1,4,110,1,1,50.0,0,I,MELB_URBAN,STREET,6,9.0
6671,1,3,113,2,3,60.0,0,I,MELB_URBAN,ROAD,1,1.0
6672,1,3,99,2,1,60.0,0,I,MELB_URBAN,STREET,6,15.0
6673,1,4,120,5,1,80.0,0,N,RURAL_VICTORIA,ROAD,6,8.0
6674,1,7,130,2,3,60.0,0,I,MELB_URBAN,ROAD,6,17.0
6675,1,4,99,1,1,50.0,0,I,MELB_URBAN,HIGHWAY,6,13.0
6676,7,2,174,5,1,40.0,0,N,MELBOURNE_CBD,STREET,6,12.0
6677,1,4,111,2,1,60.0,0,I,MELB_URBAN,HIGHWAY,6,13.0
6678,6,1,174,2,1,50.0,0,I,MELB_URBAN,DRIVE,6,13.0
6679,1,4,113,1,1,70.0,0,I,MELB_URBAN,STREET,6,12.0
6680,6,4,174,1,1,50.0,0,I,MELB_URBAN,ROAD,6,14.0
6681,1,4,171,5,1,110.0,0,N,RURAL_VICTORIA,FREEWAY,6,9.0
6682,4,4,171,5,1,80.0,0,N,MELB_URBAN,ROAD,6,15.0
6683,2,4,99,2,1,60.0,0,I,MELB_URBAN,STREET,6,15.0
6684,1,4,147,5,1,50.0,0,N,LARGE_PROVINCIAL_CITIES,STREET,6,13.0
6685,2,1,100,5,5,60.0,0,N,SMALL_CITIES,STREET,6,18.0
6686,1,4,130,5,1,70.0,0,N,MELB_URBAN,ROAD,6,16.0
6687,1,2,130,2,2,60.0,0,I,MELB_URBAN,ROAD,6,17.0
6688,1,4,99,5,1,50.0,0,N,MELB_URBAN,STREET,6,15.0
6689,1,4,130,2,2,60.0,0,I,MELB_URBAN,STREET,6,17.0
6690,1,4,130,2,1,70.0,0,I,MELB_URBAN,ROAD,6,16.0
6691,1,4,130,5,2,80.0,0,N,MELB_URBAN,HIGHWAY,6,17.0
6692,1,4,121,2,1,60.0,0,I,MELB_URBAN,ROAD,6,14.0
6693,6,4,99,5,1,100.0,0,N,RURAL_VICTORIA,ROAD,6,14.0
6694,2,4,100,5,1,60.0,0,N,MELB_URBAN,UNKNOWN,5,13.0
6695,6,4,99,2,5,80.0,0,I,RURAL_VICTORIA,ROAD,6,20.0
6696,4,4,99,2,6,100.0,0,N,RURAL_VICTORIA,OTHER,6,21.0
6697,8,4,174,5,3,100.0,0,N,MELB_URBAN,FREEWAY,6,17.0
6698,2,4,102,1,3,70.0,0,I,MELB_URBAN,ROAD,6,22.0
6699,1,4,121,1,3,80.0,0,I,MELB_URBAN,ROAD,6,21.0
6700,4,2,171,5,5,50.0,0,N,MELB_URBAN,OTHER,6,3.0
6701,5,5,99,5,5,60.0,0,N,MELB_URBAN,ROAD,6,2.0
6702,4,5,181,5,3,70.0,0,N,MELB_URBAN,ROAD,6,3.0
6703,1,2,130,1,1,80.0,0,I,MELB_URBAN,RAMP,4,10.0
6704,1,5,134,5,1,60.0,0,N,MELB_URBAN,ROAD,6,8.0
6705,4,7,171,2,3,50.0,0,I,MELB_URBAN,ROAD,6,21.0
6706,4,5,171,2,1,50.0,0,I,MELB_URBAN,OTHER,6,8.0
6707,1,5,121,2,1,60.0,0,N,MELB_URBAN,ROAD,6,6.0
6708,2,5,99,1,1,50.0,0,I,MELB_URBAN,STREET,6,9.0
6709,6,5,174,5,1,60.0,0,N,MELB_URBAN,HIGHWAY,6,9.0
6710,4,6,181,5,1,70.0,0,N,MELB_URBAN,ROAD,6,10.0
6711,1,5,160,5,1,50.0,0,N,MELB_URBAN,UNKNOWN,6,8.0
6712,1,5,130,5,1,70.0,0,N,MELB_URBAN,HIGHWAY,6,10.0
6713,1,1,130,1,2,60.0,0,I,LARGE_PROVINCIAL_CITIES,OTHER,6,17.0
6714,1,1,130,5,1,60.0,0,N,MELB_URBAN,ROAD,5,9.0
6715,1,3,130,5,1,60.0,0,N,MELB_URBAN,ROAD,6,13.0
6716,1,2,99,1,1,60.0,0,I,MELB_URBAN,ROAD,6,12.0
6717,1,4,99,5,5,110.0,0,N,TOWNS,FREEWAY,6,18.0
6718,2,4,102,5,5,50.0,0,I,LARGE_PROVINCIAL_CITIES,ROAD,6,18.0
6719,1,5,130,5,1,100.0,0,N,MELB_URBAN,FREEWAY,6,9.0
6720,1,3,120,5,6,60.0,0,N,TOWNS,ROAD,6,5.0
6721,1,4,130,5,1,60.0,0,N,MELB_URBAN,ROAD,6,15.0
6722,2,5,99,2,1,40.0,0,I,TOWNS,ROAD,6,12.0
6723,4,5,173,2,1,60.0,0,I,LARGE_PROVINCIAL_CITIES,STREET,6,13.0
6724,1,4,133,5,1,60.0,0,N,SMALL_CITIES,STREET,4,15.0
6725,1,5,130,2,1,60.0,0,N,MELB_URBAN,AVENUE,6,13.0
6726,8,5,170,3,1,100.0,0,I,RURAL_VICTORIA,ROAD,6,8.0
6727,1,5,99,1,1,50.0,0,I,MELB_URBAN,STREET,6,15.0
6728,1,5,130,2,1,60.0,0,I,MELB_URBAN,ROAD,6,15.0
6729,1,2,121,1,1,70.0,0,I,MELB_URBAN,STREET,2,9.0
6730,4,5,183,2,1,60.0,0,N,LARGE_PROVINCIAL_CITIES,ROAD,6,14.0
6731,2,5,102,1,9,60.0,0,I,MELBOURNE_CBD,STREET,6,12.0
6732,1,5,160,5,1,50.0,0,N,MELB_URBAN,AVENUE,6,15.0
6733,1,5,147,1,1,60.0,0,I,MELB_URBAN,ROAD,6,15.0
6734,1,5,121,2,3,60.0,0,I,MELB_URBAN,ROAD,6,17.0
6735,4,6,171,5,1,60.0,0,N,RURAL_VICTORIA,ROAD,6,10.0
6736,4,1,173,5,3,80.0,0,N,MELB_URBAN,FREEWAY,6,19.0
6737,4,5,171,5,1,50.0,0,N,MELB_URBAN,AVENUE,6,16.0
6738,2,5,100,1,3,60.0,0,I,MELB_URBAN,HIGHWAY,6,17.0
6739,1,3,121,2,6,50.0,0,I,MELB_URBAN,ROAD,6,17.0
6740,2,5,102,5,5,80.0,0,N,RURAL_VICTORIA,STREET,6,18.0
6741,1,5,130,2,5,80.0,0,I,RURAL_VICTORIA,HIGHWAY,6,18.0
6742,1,5,121,1,2,60.0,0,I,SMALL_CITIES,HIGHWAY,6,17.0
6743,5,5,99,5,1,60.0,1,N,MELB_URBAN,ROAD,6,14.0
6744,1,2,113,2,1,60.0,0,I,MELB_URBAN,ROAD,6,10.0
6745,1,6,140,5,3,60.0,0,N,MELB_URBAN,STREET,6,18.0
6746,2,5,99,1,1,60.0,0,I,MELB_URBAN,ROAD,6,14.0
6747,1,5,120,2,1,60.0,0,I,MELB_URBAN,ROAD,6,16.0
6748,1,5,135,1,1,60.0,0,I,LARGE_PROVINCIAL_CITIES,STREET,6,13.0
6749,2,5,102,4,3,50.0,0,I,MELB_URBAN,AVENUE,6,18.0
6750,1,5,120,5,5,100.0,0,N,RURAL_VICTORIA,HIGHWAY,6,17.0
6751,4,2,171,5,3,90.0,0,N,RURAL_VICTORIA,ROAD,6,21.0
6752,1,5,121,2,3,60.0,0,I,MELB_URBAN,ROAD,6,18.0
6753,1,5,160,2,3,70.0,0,I,MELB_URBAN,ROAD,6,17.0
6754,1,5,130,5,5,100.0,0,N,MELB_URBAN,FREEWAY,6,20.0
6755,1,5,110,1,1,80.0,0,I,MELB_URBAN,ROAD,6,16.0
6756,4,4,173,5,5,100.0,0,N,RURAL_VICTORIA,ROAD,6,19.0
6757,4,6,181,5,3,70.0,0,N,MELB_URBAN,ROAD,6,2.0
6758,2,4,100,1,3,60.0,0,I,MELB_URBAN,ROAD,6,22.0
6759,1,5,130,5,1,80.0,0,N,MELB_URBAN,HIGHWAY,6,12.0
6760,1,5,99,1,1,60.0,0,I,LARGE_PROVINCIAL_CITIES,STREET,5,16.0
6761,6,6,170,5,5,100.0,0,N,MELB_URBAN,FREEWAY,6,6.0
6762,8,5,170,2,5,60.0,0,I,MELB_URBAN,DRIVE,5,21.0
6763,1,6,133,5,5,100.0,0,N,MELB_URBAN,UNKNOWN,6,6.0
6764,4,6,171,5,5,100.0,1,N,RURAL_VICTORIA,ROAD,6,4.0
6765,8,6,174,1,1,50.0,0,I,MELB_URBAN,STREET,6,8.0
6766,1,6,99,2,2,40.0,0,I,MELB_URBAN,ROAD,6,7.0
6767,4,6,171,5,1,60.0,0,N,MELB_URBAN,PARADE,6,7.0
6768,1,5,133,2,1,50.0,0,I,MELB_URBAN,STREET,6,12.0
6769,1,3,121,1,1,60.0,0,I,MELB_URBAN,ROAD,1,18.0
6770,4,5,171,5,1,80.0,0,N,MELB_URBAN,ROAD,6,15.0
6771,1,6,113,2,1,60.0,0,I,LARGE_PROVINCIAL_CITIES,ROAD,6,8.0
6772,1,6,134,5,1,60.0,0,N,SMALL_CITIES,AVENUE,6,11.0
6773,8,6,170,5,1,60.0,0,N,SMALL_CITIES,STREET,6,7.0
6774,2,6,100,5,1,70.0,0,N,MELB_URBAN,ROAD,6,12.0
6775,1,6,110,1,1,60.0,0,I,LARGE_PROVINCIAL_CITIES,STREET,6,12.0
6776,4,6,173,1,5,80.0,0,I,RURAL_VICTORIA,ROAD,6,0.0
6777,1,5,133,5,9,80.0,0,N,MELB_URBAN,HIGHWAY,6,17.0
6778,1,6,135,5,1,100.0,0,N,RURAL_VICTORIA,HIGHWAY,6,8.0
6779,8,4,170,5,2,80.0,0,N,MELB_URBAN,STREET,6,17.0
6780,1,6,163,5,1,60.0,0,N,MELB_URBAN,ROAD,6,8.0
6781,1,3,99,5,1,40.0,0,N,MELB_URBAN,ROAD,6,12.0
6782,1,6,130,2,1,70.0,0,I,MELB_URBAN,ROAD,6,14.0
6783,1,6,120,2,1,100.0,0,I,RURAL_VICTORIA,HIGHWAY,6,15.0
6784,1,3,99,5,1,50.0,0,N,MELB_URBAN,OTHER,6,14.0
6785,1,6,140,5,1,110.0,0,N,RURAL_VICTORIA,FREEWAY,6,16.0
6786,1,5,132,2,1,50.0,0,I,MELB_URBAN,ROAD,6,13.0
6787,1,6,163,5,3,60.0,0,N,MELB_URBAN,ROAD,6,18.0
6788,1,6,113,2,3,50.0,0,I,MELB_URBAN,OTHER,6,17.0
6789,1,6,130,2,5,50.0,0,I,TOWNS,STREET,6,19.0
6790,1,6,140,2,1,50.0,0,I,MELB_URBAN,AVENUE,3,17.0
6791,1,6,121,2,3,60.0,0,I,MELB_URBAN,ROAD,6,18.0
6792,1,6,110,1,1,80.0,0,I,MELB_URBAN,ROAD,6,2.0
6793,1,6,99,5,3,50.0,0,N,MELB_URBAN,AVENUE,6,22.0
6794,4,3,173,5,1,100.0,0,N,RURAL_VICTORIA,FREEWAY,4,13.0
6795,4,6,183,5,5,100.0,0,N,RURAL_VICTORIA,ROAD,6,21.0
6796,6,5,99,5,1,80.0,0,N,RURAL_VICTORIA,ROAD,6,12.0
6797,6,6,174,4,1,80.0,0,N,RURAL_VICTORIA,ROAD,6,9.0
6798,1,2,132,4,1,60.0,0,N,MELB_URBAN,HIGHWAY,6,15.0
6799,1,7,121,1,1,60.0,0,I,MELB_URBAN,STREET,6,13.0
6800,6,7,174,5,1,60.0,0,N,MELB_URBAN,ROAD,6,15.0
6801,2,7,99,2,1,50.0,0,I,MELB_URBAN,ROAD,6,11.0
6802,1,6,130,5,1,60.0,0,N,MELB_URBAN,ROAD,6,12.0
6803,3,2,167,5,5,100.0,0,N,RURAL_VICTORIA,HIGHWAY,6,19.0
6804,1,6,130,2,1,80.0,0,I,MELB_URBAN,AVENUE,6,14.0
6805,1,7,110,1,1,70.0,0,I,MELB_URBAN,ROAD,6,13.0
6806,1,7,132,5,1,60.0,0,N,MELB_URBAN,ROAD,6,12.0
6807,8,5,174,5,1,80.0,0,N,RURAL_VICTORIA,ROAD,5,12.0
6808,1,7,99,2,1,100.0,0,I,RURAL_VICTORIA,ROAD,6,13.0
6809,1,7,140,5,3,50.0,0,N,MELBOURNE_CBD,STREET,6,0.0
6810,4,7,171,5,2,110.0,0,N,RURAL_VICTORIA,FREEWAY,6,16.0