,accident_type,day_of_week,dca_code,road_geometry,light_condition,speed_zone,severity,node_type,deg_urban_name,road_type,month,hour
6811,1,7,130,1,3,60.0,0,N,MELB_URBAN,ROAD,6,17.0
6812,1,7,110,1,3,100.0,0,I,MELB_URBAN,ROAD,6,18.0
6813,1,7,99,2,1,60.0,0,I,MELB_URBAN,ROAD,5,11.0
6814,1,7,113,2,3,60.0,0,I,MELB_URBAN,ROAD,6,18.0
6815,1,6,130,5,2,60.0,0,N,MELB_URBAN,STREET,6,18.0
6816,1,7,121,2,3,50.0,0,I,MELB_URBAN,DRIVE,6,19.0
6817,1,1,113,1,3,80.0,0,I,MELB_URBAN,HIGHWAY,7,0.0
6818,1,1,99,2,3,60.0,0,N,MELB_URBAN,ROAD,7,2.0
6819,1,1,133,5,3,100.0,0,N,MELB_URBAN,FREEWAY,7,3.0
6820,4,1,171,5,5,100.0,0,N,RURAL_VICTORIA,FREEWAY,7,4.0
6821,4,6,173,2,1,60.0,0,I,SMALL_CITIES,OTHER,6,14.0
6822,1,1,110,1,1,60.0,0,I,MELB_URBAN,ROAD,7,7.0
6823,1,1,130,1,1,50.0,0,I,MELBOURNE_CBD,STREET,7,8.0
6824,1,7,130,1,9,80.0,0,I,MELB_URBAN,ROAD,6,10.0
6825,1,0,110,4,1,60.0,0,N,MELB_URBAN,ROAD,7,8.0
6826,1,5,147,5,1,50.0,0,N,MELB_URBAN,STREET,3,9.0
6827,1,5,110,1,3,60.0,0,I,MELB_URBAN,ROAD,5,20.0
6828,1,1,99,5,1,50.0,0,N,TOWNS,STREET,7,12.0
6829,6,1,170,5,1,100.0,1,N,RURAL_VICTORIA,ROAD,7,8.0
6830,8,1,99,5,1,60.0,0,N,RURAL_VICTORIA,ROAD,6,14.0
6831,1,5,130,5,1,70.0,0,N,LARGE_PROVINCIAL_CITIES,STREET,3,17.0
6832,1,2,130,5,3,60.0,0,N,TOWNS,STREET,4,17.0
6833,2,1,99,1,1,60.0,0,I,LARGE_PROVINCIAL_CITIES,STREET,7,12.0
6834,1,6,140,5,3,60.0,0,N,MELB_URBAN,ROAD,6,20.0
6835,4,7,99,2,2,50.0,0,I,RURAL_VICTORIA,ROAD,6,18.0
6836,2,3,100,1,1,50.0,0,I,MELB_URBAN,STREET,6,12.0
6837,1,1,130,1,1,60.0,0,I,MELB_URBAN,ROAD,7,15.0
6838,4,1,171,5,1,100.0,0,N,RURAL_VICTORIA,OTHER,7,15.0
6839,1,1,99,5,2,100.0,0,N,MELB_URBAN,FREEWAY,7,16.0
6840,9,1,99,1,1,60.0,0,I,MELB_URBAN,ROAD,7,15.0
6841,1,3,110,1,1,60.0,0,I,MELB_URBAN,STREET,6,8.0
6842,1,1,121,2,3,60.0,0,I,MELB_URBAN,AVENUE,7,17.0
6843,4,1,171,5,5,70.0,0,N,RURAL_VICTORIA,ROAD,7,18.0
6844,1,1,120,5,2,80.0,0,N,RURAL_VICTORIA,HIGHWAY,7,16.0
6845,1,2,132,2,3,60.0,0,I,MELB_URBAN,ROAD,6,17.0
6846,1,1,110,1,3,50.0,0,I,MELB_URBAN,STREET,7,18.0
6847,1,1,160,5,3,50.0,0,N,MELB_URBAN,STREET,7,19.0
6848,1,1,160,5,5,60.0,0,N,MELB_URBAN,ROAD,7,19.0
6849,1,1,110,1,3,60.0,0,I,MELB_URBAN,ROAD,7,17.0
6850,1,1,99,5,3,100.0,0,N,MELB_URBAN,UNKNOWN,7,22.0
6851,4,2,171,5,5,110.0,0,N,RURAL_VICTORIA,FREEWAY,7,0.0
6852,3,2,167,5,5,110.0,0,N,RURAL_VICTORIA,FREEWAY,7,4.0
6853,8,2,99,5,5,110.0,0,I,RURAL_VICTORIA,FREEWAY,7,4.0
6854,1,1,120,5,5,100.0,0,N,RURAL_VICTORIA,HIGHWAY,7,18.0
6855,4,1,173,2,1,50.0,0,I,TOWNS,ROAD,5,13.0
6856,7,7,99,5,1,60.0,0,N,RURAL_VICTORIA,ROAD,6,12.0
6857,4,2,171,5,5,110.0,0,N,RURAL_VICTORIA,FREEWAY,7,3.0
6858,4,2,171,5,1,80.0,0,N,MELB_URBAN,FREEWAY,5,10.0
6859,6,2,174,5,1,60.0,0,N,TOWNS,STREET,7,8.0
6860,1,2,140,2,1,50.0,0,I,LARGE_PROVINCIAL_CITIES,STREET,7,9.0
6861,1,1,130,2,9,60.0,0,UNKNOWN,UNKNOWN,UNKNOWN,7,18.0
6862,1,4,130,4,1,50.0,0,N,SMALL_CITIES,DRIVE,6,17.0
6863,2,4,100,2,1,50.0,0,I,MELB_URBAN,STREET,6,13.0
6864,4,2,171,1,3,60.0,0,I,LARGE_PROVINCIAL_CITIES,STREET,5,17.0
6865,1,1,121,4,1,60.0,0,I,MELB_URBAN,PARADE,7,18.0
6866,1,1,121,1,6,60.0,0,I,MELB_URBAN,ROAD,6,19.0
6867,2,1,100,1,3,40.0,0,I,MELB_URBAN,ROAD,7,18.0
6868,6,7,170,5,2,60.0,0,N,RURAL_VICTORIA,ROAD,6,16.0
6869,4,2,171,2,1,50.0,0,I,MELB_URBAN,AVENUE,7,11.0
6870,1,2,160,2,1,60.0,0,I,MELB_URBAN,OTHER,7,11.0
6871,1,2,110,1,3,60.0,0,I,LARGE_PROVINCIAL_CITIES,ROAD,5,19.0
6872,8,7,184,5,1,60.0,0,N,RURAL_VICTORIA,OTHER,5,12.0
6873,1,2,130,1,3,80.0,0,I,MELB_URBAN,OTHER,7,7.0
6874,1,1,99,2,2,50.0,0,I,MELB_URBAN,UNKNOWN,6,16.0
6875,1,2,110,1,1,80.0,0,I,RURAL_VICTORIA,STREET,4,9.0
6876,1,5,130,4,1,50.0,0,I,MELB_URBAN,ROAD,5,9.0
6877,1,1,99,5,1,100.0,0,N,RURAL_VICTORIA,ROAD,7,16.0
6878,4,7,181,5,5,80.0,0,N,SMALL_CITIES,ROAD,6,0.0
6879,4,2,181,5,1,100.0,0,N,RURAL_VICTORIA,ROAD,7,13.0
6880,1,6,111,2,1,80.0,0,I,MELB_URBAN,ROAD,6,17.0
6881,1,2,113,2,1,60.0,0,I,MELB_URBAN,ROAD,7,16.0
6882,1,5,116,1,1,50.0,0,I,MELB_URBAN,STREET,3,9.0
6883,4,2,173,4,1,80.0,0,I,RURAL_VICTORIA,RAMP,7,12.0
6884,8,2,99,2,2,60.0,0,I,MELB_URBAN,STREET,7,16.0
6885,1,2,160,5,1,60.0,0,N,MELB_URBAN,STREET,7,15.0
6886,1,2,121,1,1,70.0,0,I,MELB_URBAN,ROAD,7,15.0
6887,1,5,110,1,3,70.0,0,I,MELB_URBAN,ROAD,6,6.0
6888,2,2,100,1,3,60.0,0,I,MELB_URBAN,STREET,7,18.0
6889,4,2,171,2,3,60.0,0,I,MELB_URBAN,ROAD,7,17.0
6890,2,2,102,2,3,60.0,0,I,MELB_URBAN,ROAD,7,18.0
6891,1,7,130,2,9,60.0,0,I,MELB_URBAN,ROAD,6,11.0
6892,6,1,174,5,1,60.0,0,N,RURAL_VICTORIA,OTHER,5,15.0
6893,4,2,173,5,1,50.0,0,N,RURAL_VICTORIA,ROAD,7,13.0
6894,1,2,130,5,3,70.0,0,N,MELB_URBAN,ROAD,7,19.0
6895,1,2,110,1,3,50.0,0,I,MELB_URBAN,STREET,7,19.0
6896,2,2,99,1,3,50.0,0,I,MELBOURNE_CBD,STREET,7,21.0
6897,6,2,99,5,5,70.0,0,N,RURAL_VICTORIA,ROAD,7,19.0
6898,1,1,133,5,6,60.0,0,N,MELB_URBAN,STREET,7,22.0
6899,1,2,110,1,1,70.0,0,I,MELB_URBAN,ROAD,7,15.0
6900,1,2,121,2,3,70.0,0,I,MELB_URBAN,ROAD,7,18.0
6901,6,2,170,5,5,110.0,0,N,RURAL_VICTORIA,FREEWAY,7,3.0
6902,1,3,113,1,1,70.0,0,I,MELB_URBAN,AVENUE,7,8.0
6903,4,2,181,5,1,60.0,0,N,MELB_URBAN,ROAD,7,13.0
6904,1,3,99,5,2,90.0,0,N,RURAL_VICTORIA,ROAD,7,7.0
6905,2,7,102,1,2,50.0,0,I,LARGE_PROVINCIAL_CITIES,STREET,6,16.0
6906,6,7,174,5,1,100.0,0,N,RURAL_VICTORIA,ROAD,4,16.0
6907,6,3,170,5,1,100.0,0,N,RURAL_VICTORIA,ROAD,7,9.0
6908,1,2,133,1,9,60.0,0,I,MELB_URBAN,STREET,3,16.0
6909,1,3,110,1,1,60.0,0,I,MELB_URBAN,ROAD,7,9.0
6910,1,3,113,2,1,100.0,0,I,RURAL_VICTORIA,ROAD,7,10.0
6911,1,3,160,5,1,80.0,0,N,MELB_URBAN,FREEWAY,7,10.0
6912,1,3,163,2,1,60.0,0,I,MELB_URBAN,STREET,7,14.0
6913,1,3,113,2,1,60.0,0,I,MELB_URBAN,ROAD,7,12.0
6914,1,2,130,1,3,80.0,0,I,MELB_URBAN,HIGHWAY,7,18.0
6915,1,3,120,2,1,50.0,0,I,MELB_URBAN,OTHER,7,12.0
6916,2,3,102,5,1,50.0,0,N,MELB_URBAN,STREET,7,8.0
6917,4,7,173,5,5,60.0,0,N,MELB_URBAN,OTHER,4,22.0
6918,2,3,99,5,1,50.0,0,N,MELB_URBAN,STREET,7,12.0
6919,4,3,173,5,1,100.0,0,N,RURAL_VICTORIA,ROAD,7,11.0
6920,1,6,130,5,9,100.0,0,N,MELB_URBAN,FREEWAY,6,16.0
6921,1,1,130,5,2,100.0,0,N,MELB_URBAN,FREEWAY,7,17.0
6922,1,3,130,5,2,100.0,0,N,MELB_URBAN,FREEWAY,7,7.0
6923,1,3,110,1,1,50.0,0,I,LARGE_PROVINCIAL_CITIES,OTHER,7,14.0
6924,6,2,174,5,3,60.0,0,N,MELB_URBAN,ROAD,7,6.0
6925,1,3,110,1,1,60.0,0,I,LARGE_PROVINCIAL_CITIES,STREET,7,15.0
6926,1,3,130,5,1,80.0,0,N,MELB_URBAN,HIGHWAY,7,15.0
6927,1,3,147,5,1,50.0,0,N,SMALL_CITIES,OTHER,7,15.0
6928,6,6,99,5,1,100.0,0,N,RURAL_VICTORIA,ROAD,6,12.0
6929,2,3,100,5,1,70.0,0,N,MELB_URBAN,ROAD,7,15.0
6930,1,3,132,2,1,60.0,0,I,MELB_URBAN,HIGHWAY,7,12.0
6931,1,3,110,1,1,60.0,0,I,SMALL_CITIES,STREET,7,16.0
6932,1,7,130,2,1,60.0,0,I,MELB_URBAN,DRIVE,6,13.0
6933,1,3,130,2,1,60.0,0,I,MELB_URBAN,ROAD,7,15.0
6934,1,3,135,2,3,60.0,0,I,MELB_URBAN,STREET,7,17.0
6935,6,5,184,5,6,60.0,0,N,SMALL_CITIES,UNKNOWN,5,20.0
6936,1,3,110,1,3,50.0,0,I,MELB_URBAN,STREET,7,17.0
6937,7,3,99,3,3,50.0,0,I,MELB_URBAN,ROAD,7,18.0
6938,4,3,171,5,5,80.0,0,N,MELB_URBAN,ROAD,7,18.0
6939,4,3,171,5,1,100.0,0,N,RURAL_VICTORIA,HIGHWAY,7,17.0
6940,2,3,99,2,3,60.0,0,I,MELB_URBAN,ROAD,7,19.0
6941,1,3,110,1,3,50.0,0,I,MELB_URBAN,ROAD,7,18.0
6942,1,3,121,2,3,80.0,0,I,MELB_URBAN,ROAD,7,20.0
6943,1,3,160,5,5,50.0,0,N,MELB_URBAN,ROAD,7,20.0
6944,1,3,113,4,3,60.0,0,N,MELB_URBAN,ROAD,7,20.0
6945,4,3,181,5,5,50.0,0,I,TOWNS,STREET,7,23.0
6946,1,7,121,1,3,80.0,0,N,MELB_URBAN,ROAD,4,0.0
6947,1,3,130,5,1,60.0,0,N,MELB_URBAN,HIGHWAY,6,10.0
6948,4,3,173,5,1,100.0,0,N,RURAL_VICTORIA,ROAD,7,11.0
6949,4,4,99,2,3,60.0,0,I,MELB_URBAN,STREET,7,6.0
6950,2,4,102,1,2,60.0,0,I,MELB_URBAN,STREET,7,7.0
6951,1,6,130,1,3,60.0,0,I,MELB_URBAN,ROAD,6,19.0
6952,7,4,184,5,2,50.0,0,N,MELB_URBAN,DRIVE,7,8.0
6953,1,4,130,2,2,60.0,0,I,MELB_URBAN,ROAD,7,8.0
6954,4,7,173,2,3,50.0,0,I,MELB_URBAN,ROAD,4,23.0
6955,1,5,140,5,3,60.0,0,N,MELB_URBAN,ROAD,6,20.0
6956,5,4,99,5,1,50.0,0,N,MELB_URBAN,ROAD,6,16.0
6957,1,4,113,2,1,50.0,0,I,MELB_URBAN,ROAD,7,10.0
6958,2,4,99,5,1,60.0,0,N,MELB_URBAN,DRIVE,7,8.0
6959,1,4,130,1,1,70.0,0,I,MELB_URBAN,HIGHWAY,7,11.0
6960,4,4,171,5,1,60.0,0,I,MELB_URBAN,DRIVE,7,8.0
6961,1,2,120,2,1,60.0,0,I,MELB_URBAN,ROAD,7,14.0
6962,6,4,184,5,1,60.0,0,I,MELB_URBAN,ROAD,7,11.0
6963,1,4,110,1,1,50.0,0,I,MELB_URBAN,STREET,7,14.0
6964,2,5,102,1,3,60.0,0,I,MELB_URBAN,ROAD,6,20.0
6965,1,4,130,2,1,80.0,0,I,MELB_URBAN,OTHER,7,14.0
6966,2,4,100,1,2,50.0,0,I,SMALL_CITIES,STREET,7,17.0
6967,2,4,102,1,2,70.0,0,I,MELB_URBAN,ROAD,7,16.0
6968,1,3,140,2,2,70.0,0,I,MELB_URBAN,ROAD,7,16.0
6969,1,4,99,5,1,80.0,0,I,MELB_URBAN,ROAD,7,14.0
6970,1,6,130,2,1,60.0,0,I,MELB_URBAN,AVENUE,6,13.0
6971,1,4,110,1,3,60.0,0,I,MELB_URBAN,STREET,7,17.0
6972,1,4,110,1,1,50.0,0,I,MELB_URBAN,OTHER,6,11.0
6973,1,4,163,5,6,60.0,0,N,MELB_URBAN,STREET,7,21.0
6974,1,4,160,5,3,60.0,0,N,MELB_URBAN,STREET,7,19.0
6975,1,4,110,1,3,50.0,0,I,MELB_URBAN,AVENUE,7,18.0
6976,2,4,99,5,3,50.0,0,N,MELB_URBAN,ROAD,7,21.0
6977,8,4,174,5,2,50.0,0,N,RURAL_VICTORIA,OTHER,6,17.0
6978,1,4,173,5,1,100.0,0,N,MELB_URBAN,UNKNOWN,7,16.0
6979,1,4,130,2,3,50.0,0,N,LARGE_PROVINCIAL_CITIES,ROAD,7,19.0
6980,1,4,113,1,3,60.0,0,I,MELB_URBAN,PARADE,7,19.0
6981,8,4,174,1,3,60.0,0,I,MELB_URBAN,ROAD,7,21.0
6982,1,4,110,1,3,80.0,0,I,MELB_URBAN,RAMP,7,22.0
6983,1,4,120,5,3,80.0,0,N,SMALL_CITIES,ROAD,7,23.0
6984,4,4,173,5,3,70.0,0,N,SMALL_CITIES,STREET,7,23.0
6985,1,4,160,5,3,60.0,0,N,MELB_URBAN,ROAD,7,23.0
6986,1,5,133,5,3,80.0,0,N,MELB_URBAN,FREEWAY,7,4.0
6987,6,6,184,2,1,100.0,0,I,RURAL_VICTORIA,ROAD,6,15.0
6988,1,5,110,1,1,60.0,0,I,MELB_URBAN,ROAD,7,7.0
6989,1,5,130,1,1,60.0,0,I,MELB_URBAN,ROAD,7,7.0
6990,8,5,170,5,1,100.0,0,N,MELB_URBAN,FREEWAY,7,8.0
6991,1,3,99,1,3,60.0,0,I,MELB_URBAN,STREET,7,21.0
6992,4,5,171,5,2,100.0,1,N,RURAL_VICTORIA,HIGHWAY,7,7.0
6993,1,5,132,2,1,60.0,0,I,MELB_URBAN,ROAD,7,9.0
6994,1,3,130,5,3,60.0,0,N,MELB_URBAN,RAMP,6,17.0
6995,2,5,102,2,1,50.0,0,I,MELB_URBAN,STREET,7,7.0
6996,4,5,173,5,1,80.0,0,N,RURAL_VICTORIA,ROAD,7,10.0
6997,1,2,99,2,1,70.0,0,I,MELB_URBAN,ROAD,6,14.0
6998,1,4,130,2,9,60.0,0,I,SMALL_CITIES,HIGHWAY,7,16.0
6999,1,2,99,2,1,50.0,0,I,MELB_URBAN,PARADE,5,14.0
7000,1,4,121,1,3,80.0,0,I,MELB_URBAN,ROAD,7,18.0
7001,3,0,167,5,1,100.0,0,N,RURAL_VICTORIA,ROAD,6,11.0
7002,1,3,121,1,3,70.0,0,I,MELB_URBAN,ROAD,7,18.0
7003,1,2,132,1,1,60.0,0,I,LARGE_PROVINCIAL_CITIES,STREET,5,11.0
7004,1,5,134,5,1,80.0,0,N,MELB_URBAN,ROAD,7,15.0
7005,1,5,110,1,5,50.0,0,I,MELB_URBAN,STREET,7,18.0
7006,2,6,100,2,6,50.0,0,I,MELB_URBAN,ROAD,6,17.0
7007,1,4,132,5,1,60.0,0,N,MELB_URBAN,ROAD,7,16.0
7008,8,5,174,5,3,50.0,0,N,MELB_URBAN,OTHER,7,17.0
7009,4,5,173,5,1,80.0,0,N,RURAL_VICTORIA,ROAD,7,16.0
7010,1,5,171,2,3,80.0,0,N,SMALL_CITIES,HIGHWAY,7,18.0
7011,1,5,110,1,1,70.0,0,I,LARGE_PROVINCIAL_CITIES,STREET,6,13.0
7012,1,5,147,5,3,60.0,0,N,TOWNS,HIGHWAY,7,18.0
7013,1,2,140,5,1,40.0,0,N,MELBOURNE_CBD,STREET,6,9.0
7014,7,5,99,1,1,50.0,0,I,LARGE_PROVINCIAL_CITIES,STREET,7,15.0
7015,1,5,99,2,3,70.0,0,I,MELB_URBAN,ROAD,7,20.0
7016,1,5,130,5,3,60.0,0,N,MELB_URBAN,ROAD,7,18.0
7017,2,5,99,2,1,60.0,0,I,MELB_URBAN,ROAD,7,16.0
7018,1,2,130,1,1,60.0,0,I,MELB_URBAN,STREET,2,8.0
7019,4,6,173,5,3,60.0,0,N,MELB_URBAN,UNKNOWN,7,0.0
7020,2,5,102,5,3,40.0,0,N,MELB_URBAN,ROAD,7,19.0
7021,1,5,121,1,1,70.0,0,I,MELB_URBAN,ROAD,7,15.0
7022,1,6,120,2,3,60.0,0,I,MELB_URBAN,ROAD,7,7.0
7023,1,6,130,1,1,60.0,0,I,MELB_URBAN,ROAD,6,8.0
7024,1,6,113,2,2,60.0,0,I,MELB_URBAN,STREET,7,7.0
7025,1,4,99,2,1,60.0,0,I,MELB_URBAN,ROAD,7,10.0
7026,2,5,99,1,1,40.0,0,I,MELB_URBAN,STREET,7,11.0
7027,1,6,130,1,1,80.0,0,I,MELB_URBAN,HIGHWAY,7,11.0
7028,1,6,134,5,1,60.0,0,N,MELB_URBAN,STREET,7,10.0
7029,1,3,133,5,1,60.0,0,N,MELB_URBAN,ROAD,6,16.0
7030,6,2,99,5,5,80.0,0,N,RURAL_VICTORIA,STREET,6,6.0
7031,1,7,110,1,1,60.0,0,I,MELB_URBAN,ROAD,6,8.0
7032,4,6,173,5,1,70.0,0,N,MELB_URBAN,ROAD,7,9.0
7033,1,6,130,5,1,60.0,0,N,MELB_URBAN,ROAD,6,11.0
7034,1,6,110,1,1,60.0,0,I,MELB_URBAN,ROAD,7,14.0
7035,1,5,130,2,1,80.0,0,I,MELB_URBAN,ROAD,3,14.0
7036,1,6,121,2,2,80.0,0,I,RURAL_VICTORIA,HIGHWAY,7,16.0
7037,1,6,130,2,1,60.0,0,I,MELB_URBAN,AVENUE,7,15.0
7038,1,6,120,5,1,60.0,0,N,MELB_URBAN,ROAD,7,14.0
7039,1,6,110,1,2,50.0,0,I,MELB_URBAN,STREET,7,16.0
7040,1,6,140,5,1,50.0,0,N,MELB_URBAN,HIGHWAY,6,13.0
7041,1,6,99,1,3,60.0,0,I,MELB_URBAN,STREET,7,18.0
7042,1,6,120,5,2,100.0,0,N,RURAL_VICTORIA,ROAD,7,16.0
7043,1,6,130,2,3,60.0,0,I,MELB_URBAN,ROAD,7,18.0
7044,1,2,116,2,1,100.0,0,N,RURAL_VICTORIA,HIGHWAY,6,13.0
7045,4,6,183,2,1,100.0,0,I,RURAL_VICTORIA,ROAD,7,15.0
7046,1,3,130,2,3,70.0,0,I,MELB_URBAN,ROAD,7,17.0
7047,1,6,120,5,3,90.0,0,N,MELB_URBAN,ROAD,7,18.0
7048,4,6,171,5,3,100.0,0,N,MELB_URBAN,UNKNOWN,7,19.0
7049,2,6,99,5,3,50.0,0,N,MELB_URBAN,STREET,7,18.0
7050,1,6,113,1,3,70.0,0,I,MELB_URBAN,ROAD,7,17.0
7051,2,4,99,5,1,50.0,0,N,SMALL_CITIES,DRIVE,6,17.0
7052,1,6,130,5,3,60.0,0,N,MELB_URBAN,ROAD,7,22.0
7053,3,7,167,5,5,100.0,0,N,RURAL_VICTORIA,HIGHWAY,7,2.0
7054,4,7,171,1,1,100.0,0,I,RURAL_VICTORIA,ROAD,7,7.0
7055,1,7,110,1,1,60.0,0,I,TOWNS,STREET,7,8.0
7056,1,7,130,2,1,100.0,0,I,RURAL_VICTORIA,HIGHWAY,7,10.0
7057,1,7,110,1,1,60.0,0,I,LARGE_PROVINCIAL_CITIES,STREET,7,10.0
7058,1,2,113,2,2,50.0,0,I,MELB_URBAN,DRIVE,7,17.0
7059,1,7,130,5,1,60.0,0,N,MELB_URBAN,ROAD,7,11.0
7060,4,4,181,5,1,80.0,0,N,RURAL_VICTORIA,ROAD,4,14.0
7061,1,4,99,5,9,80.0,0,N,MELB_URBAN,ROAD,4,20.0
7062,1,7,121,1,1,60.0,0,I,MELB_URBAN,ROAD,7,11.0
7063,1,7,116,2,1,80.0,0,I,MELB_URBAN,HIGHWAY,7,9.0
7064,4,7,171,2,1,50.0,0,I,MELB_URBAN,ROAD,7,10.0
7065,4,7,171,5,2,80.0,0,N,RURAL_VICTORIA,HIGHWAY,7,7.0
7066,1,7,113,2,1,60.0,0,I,MELB_URBAN,ROAD,7,15.0
7067,1,7,113,2,1,50.0,0,I,MELB_URBAN,OTHER,7,12.0
7068,1,7,110,1,1,100.0,0,I,RURAL_VICTORIA,ROAD,7,15.0
7069,1,7,121,2,1,40.0,0,I,MELB_URBAN,ROAD,7,14.0
7070,2,6,100,1,1,50.0,0,I,MELB_URBAN,STREET,7,15.0
7071,2,7,100,5,1,40.0,0,N,MELB_URBAN,STREET,7,16.0
7072,1,7,121,2,1,60.0,0,I,MELB_URBAN,PARADE,7,15.0
7073,1,7,121,2,1,70.0,0,N,MELB_URBAN,ROAD,7,16.0
7074,1,2,132,5,3,60.0,0,N,MELB_URBAN,STREET,6,18.0
7075,1,7,110,1,2,80.0,0,I,MELB_URBAN,HIGHWAY,7,17.0
7076,2,7,100,1,3,60.0,0,I,MELB_URBAN,STREET,7,17.0
7077,1,7,113,2,1,60.0,0,I,MELB_URBAN,ROAD,7,14.0
7078,1,7,130,1,3,60.0,0,I,MELB_URBAN,ROAD,7,17.0
7079,1,7,110,4,3,90.0,0,I,MELB_URBAN,STREET,7,17.0
7080,1,4,113,2,1,50.0,0,I,MELB_URBAN,PARADE,6,10.0
7081,1,7,130,2,3,60.0,0,I,MELB_URBAN,ROAD,7,17.0
7082,8,7,174,1,3,60.0,0,I,MELB_URBAN,ROAD,7,17.0
7083,1,7,110,1,1,60.0,0,I,LARGE_PROVINCIAL_CITIES,STREET,7,16.0
7084,1,7,130,5,1,100.0,0,N,MELB_URBAN,FREEWAY,7,12.0
7085,1,7,113,1,3,60.0,0,I,MELB_URBAN,ROAD,7,20.0
7086,2,7,99,1,1,60.0,0,N,MELB_URBAN,ROAD,7,16.0
7087,1,7,99,5,1,70.0,0,N,SMALL_CITIES,ROAD,3,13.0
7088,1,7,113,4,3,70.0,0,N,MELB_URBAN,RAMP,7,22.0
7089,1,6,116,2,3,60.0,0,I,MELB_URBAN,HIGHWAY,7,18.0
7090,1,1,160,2,3,60.0,0,I,MELB_URBAN,ROAD,7,0.0
7091,1,7,110,1,3,60.0,0,I,MELB_URBAN,STREET,7,20.0
7092,1,1,130,2,6,60.0,0,N,MELB_URBAN,ROAD,7,3.0
7093,4,1,171,5,3,80.0,0,N,MELB_URBAN,HIGHWAY,7,2.0
7094,1,7,130,5,3,70.0,0,N,MELB_URBAN,ROAD,7,23.0
7095,1,1,130,1,3,80.0,0,I,LARGE_PROVINCIAL_CITIES,HIGHWAY,7,4.0
7096,1,7,121,1,1,80.0,0,I,MELB_URBAN,ROAD,6,7.0
7097,1,1,111,2,3,60.0,0,I,MELB_URBAN,ROAD,7,3.0
7098,1,6,99,2,1,80.0,0,I,MELB_URBAN,HIGHWAY,7,12.0
7099,1,6,120,5,5,60.0,0,N,TOWNS,ROAD,6,18.0
7100,1,1,116,1,1,80.0,0,I,SMALL_CITIES,STREET,7,10.0
7101,1,7,113,2,2,60.0,0,I,SMALL_CITIES,AVENUE,7,8.0
7102,8,1,174,1,1,60.0,0,I,MELB_URBAN,STREET,7,10.0
7103,3,1,167,2,1,100.0,0,I,RURAL_VICTORIA,ROAD,7,9.0
7104,2,1,102,1,1,60.0,0,I,MELB_URBAN,STREET,7,11.0
7105,1,7,113,1,9,60.0,0,I,MELB_URBAN,STREET,6,19.0
7106,4,1,181,5,2,80.0,1,N,RURAL_VICTORIA,ROAD,7,7.0
7107,1,7,130,2,1,60.0,0,I,RURAL_VICTORIA,HIGHWAY,6,9.0
7108,1,1,120,5,2,100.0,0,N,RURAL_VICTORIA,ROAD,7,7.0
7109,8,1,170,5,1,60.0,0,N,LARGE_PROVINCIAL_CITIES,STREET,7,11.0
7110,3,1,171,5,5,100.0,0,N,RURAL_VICTORIA,ROAD,7,0.0
7111,1,1,113,2,1,60.0,0,I,MELB_URBAN,STREET,7,13.0
7112,8,1,174,5,1,60.0,0,N,LARGE_PROVINCIAL_CITIES,STREET,7,14.0
7113,1,1,99,1,3,60.0,0,I,MELB_URBAN,ROAD,7,17.0
7114,7,1,99,5,1,60.0,0,N,RURAL_VICTORIA,ROAD,7,16.0
7115,8,1,170,2,1,60.0,0,I,RURAL_VICTORIA,ROAD,7,17.0
7116,4,1,171,5,1,70.0,0,N,MELB_URBAN,ROAD,7,16.0
7117,1,1,130,5,1,80.0,0,N,MELB_URBAN,HIGHWAY,7,17.0
7118,1,6,130,5,6,100.0,0,I,MELB_URBAN,FREEWAY,6,19.0
7119,1,1,130,1,6,80.0,0,N,MELB_URBAN,AVENUE,7,21.0
7120,1,1,111,1,3,60.0,0,I,MELB_URBAN,ROAD,7,19.0
7121,1,1,135,5,3,100.0,0,N,MELB_URBAN,FREEWAY,7,21.0
7122,8,1,99,5,3,50.0,0,N,MELB_URBAN,STREET,7,20.0
7123,4,1,171,2,3,50.0,0,I,SMALL_CITIES,STREET,7,4.0
7124,1,1,110,1,1,60.0,0,I,LARGE_PROVINCIAL_CITIES,STREET,7,15.0
7125,1,2,130,5,1,80.0,0,N,MELB_URBAN,FREEWAY,7,10.0
7126,1,1,130,5,3,80.0,0,N,MELB_URBAN,ROAD,7,18.0
7127,4,1,171,5,4,60.0,0,N,RURAL_VICTORIA,OTHER,7,23.0
7128,6,7,174,2,1,50.0,0,I,LARGE_PROVINCIAL_CITIES,AVENUE,7,11.0
7129,1,6,130,1,1,50.0,0,I,MELB_URBAN,STREET,6,9.0
7130,2,2,99,5,1,30.0,0,N,TOWNS,ROAD,7,11.0
7131,1,2,130,5,1,80.0,0,N,RURAL_VICTORIA,ROAD,7,11.0
7132,1,2,130,5,1,60.0,0,N,MELB_URBAN,STREET,7,11.0
7133,1,1,134,5,3,70.0,0,N,MELB_URBAN,ROAD,7,17.0
7134,4,2,171,5,1,80.0,0,N,MELB_URBAN,HIGHWAY,7,11.0
7135,7,1,174,5,1,60.0,0,N,RURAL_VICTORIA,OTHER,7,13.0
7136,2,5,100,1,1,50.0,0,I,LARGE_PROVINCIAL_CITIES,STREET,7,15.0
7137,1,1,140,5,1,80.0,0,I,RURAL_VICTORIA,ROAD,7,13.0
7138,1,2,130,1,1,70.0,0,I,MELB_URBAN,ROAD,7,15.0
7139,1,2,130,5,2,70.0,0,N,LARGE_PROVINCIAL_CITIES,OTHER,7,17.0
7140,1,2,120,5,1,50.0,0,N,SMALL_CITIES,UNKNOWN,7,14.0
7141,1,2,113,1,1,60.0,0,I,MELB_URBAN,OTHER,7,16.0
7142,4,2,171,5,1,80.0,0,N,RURAL_VICTORIA,DRIVE,7,16.0
7143,1,2,130,1,3,70.0,0,I,MELB_URBAN,ROAD,7,6.0
7144,1,2,160,5,2,110.0,0,N,RURAL_VICTORIA,FREEWAY,7,17.0
7145,1,2,135,5,3,60.0,0,UNKNOWN,UNKNOWN,UNKNOWN,7,17.0
7146,2,2,100,1,3,50.0,0,I,MELB_URBAN,ROAD,7,19.0
7147,1,2,134,3,3,40.0,0,I,MELB_URBAN,ROAD,7,18.0
7148,4,2,173,2,3,50.0,0,I,MELB_URBAN,OTHER,7,20.0