,accident_type,day_of_week,dca_code,road_geometry,light_condition,speed_zone,severity,node_type,deg_urban_name,road_type,month,hour
7149,1,1,111,1,3,60.0,0,I,MELB_URBAN,STREET,7,19.0
7150,1,2,120,5,3,60.0,0,N,MELB_URBAN,ROAD,7,18.0
7151,8,7,174,1,1,60.0,0,I,RURAL_VICTORIA,HIGHWAY,6,10.0
7152,1,2,130,5,3,100.0,0,N,MELB_URBAN,ROAD,7,22.0
7153,1,2,121,1,3,40.0,0,I,MELB_URBAN,ROAD,7,6.0
7154,2,3,100,1,3,50.0,0,I,MELB_URBAN,ROAD,7,5.0
7155,2,1,100,5,1,50.0,0,N,MELB_URBAN,AVENUE,7,13.0
7156,1,3,110,1,1,60.0,0,I,TOWNS,STREET,7,8.0
7157,2,4,99,5,3,50.0,0,N,SMALL_CITIES,STREET,4,19.0
7158,1,7,130,2,1,60.0,0,I,MELB_URBAN,STREET,7,15.0
7159,4,3,173,2,1,100.0,0,I,RURAL_VICTORIA,HIGHWAY,7,11.0
7160,1,3,134,5,1,80.0,0,N,MELB_URBAN,ROAD,7,10.0
7161,4,3,171,5,1,60.0,0,N,MELB_URBAN,ROAD,7,9.0
7162,2,3,100,5,1,50.0,0,N,MELBOURNE_CBD,STREET,6,9.0
7163,1,3,110,1,1,50.0,0,I,SMALL_CITIES,STREET,7,12.0
7164,1,1,110,1,1,60.0,0,I,MELB_URBAN,STREET,7,13.0
7165,8,3,170,5,1,100.0,0,N,RURAL_VICTORIA,ROAD,7,13.0
7166,4,3,99,5,1,50.0,0,N,MELB_URBAN,ROAD,7,15.0
7167,1,3,147,2,1,50.0,0,I,MELB_URBAN,STREET,7,15.0
7168,4,3,99,1,1,100.0,0,I,RURAL_VICTORIA,ROAD,7,14.0
7169,1,3,134,2,1,60.0,0,I,MELB_URBAN,ROAD,7,14.0
7170,4,3,173,2,1,70.0,0,I,MELB_URBAN,ROAD,7,15.0
7171,6,2,174,1,3,60.0,0,I,MELB_URBAN,ROAD,7,21.0
7172,5,3,99,5,1,100.0,0,N,RURAL_VICTORIA,ROAD,7,12.0
7173,1,3,99,2,1,60.0,0,I,MELB_URBAN,ROAD,6,13.0
7174,1,3,110,1,1,50.0,0,I,TOWNS,STREET,7,16.0
7175,1,3,130,5,1,100.0,0,N,MELB_URBAN,ROAD,7,16.0
7176,1,3,130,1,3,80.0,0,I,MELB_URBAN,HIGHWAY,7,17.0
7177,1,3,134,5,3,80.0,0,N,MELB_URBAN,HIGHWAY,7,18.0
7178,1,3,135,5,2,50.0,0,N,MELBOURNE_CBD,STREET,7,16.0
7179,1,3,113,2,3,60.0,0,I,MELB_URBAN,ROAD,7,17.0
7180,1,6,99,1,1,60.0,0,I,MELB_URBAN,ROAD,7,13.0
7181,2,2,100,5,1,40.0,0,N,MELB_URBAN,ROAD,7,17.0
7182,2,3,100,2,3,60.0,0,I,MELB_URBAN,ROAD,7,18.0
7183,4,3,171,5,2,50.0,1,N,MELB_URBAN,STREET,7,16.0
7184,1,3,135,1,1,70.0,0,I,LARGE_PROVINCIAL_CITIES,OTHER,7,10.0
7185,1,3,130,2,3,70.0,0,I,MELB_URBAN,ROAD,7,19.0
7186,4,3,173,5,3,60.0,0,N,MELB_URBAN,STREET,7,1.0
7187,4,3,171,2,3,60.0,0,I,MELB_URBAN,ROAD,7,2.0
7188,3,3,167,5,5,80.0,0,N,SMALL_CITIES,AVENUE,7,4.0
7189,7,2,99,5,3,50.0,0,N,MELB_URBAN,OTHER,7,22.0
7190,1,6,116,2,1,60.0,0,I,SMALL_CITIES,STREET,7,10.0
7191,1,4,110,1,1,70.0,0,I,LARGE_PROVINCIAL_CITIES,ROAD,7,9.0
7192,2,5,100,2,1,50.0,0,I,MELB_URBAN,STREET,7,8.0
7193,2,4,102,5,1,60.0,0,N,MELB_URBAN,STREET,7,10.0
7194,1,4,99,5,1,110.0,0,N,RURAL_VICTORIA,FREEWAY,7,9.0
7195,2,4,100,1,1,50.0,0,I,MELB_URBAN,ROAD,7,9.0
7196,1,7,130,5,5,100.0,0,N,MELB_URBAN,FREEWAY,5,6.0
7197,4,3,181,5,6,80.0,0,N,RURAL_VICTORIA,STREET,7,22.0
7198,1,6,121,2,2,50.0,0,I,MELB_URBAN,DRIVE,5,17.0
7199,7,2,184,5,1,100.0,0,N,RURAL_VICTORIA,OTHER,6,15.0
7200,1,4,120,5,1,60.0,0,N,MELB_URBAN,ROAD,7,12.0
7201,1,4,163,2,1,40.0,0,I,MELB_URBAN,STREET,7,14.0
7202,2,3,102,5,1,40.0,0,N,MELB_URBAN,AVENUE,6,9.0
7203,1,2,130,1,3,60.0,0,I,MELB_URBAN,ROAD,7,6.0
7204,1,4,113,2,1,60.0,0,I,SMALL_CITIES,STREET,7,13.0
7205,3,2,167,5,1,60.0,0,N,RURAL_VICTORIA,OTHER,7,15.0
7206,6,1,174,5,1,50.0,0,N,SMALL_CITIES,ROAD,7,10.0
7207,1,3,113,2,6,50.0,0,I,MELB_URBAN,STREET,7,7.0
7208,2,4,99,5,1,60.0,0,N,RURAL_VICTORIA,ROAD,7,11.0
7209,1,4,99,2,1,100.0,0,I,RURAL_VICTORIA,ROAD,7,14.0
7210,2,4,102,5,1,50.0,0,N,TOWNS,STREET,7,15.0
7211,1,4,130,1,2,60.0,0,I,LARGE_PROVINCIAL_CITIES,STREET,6,18.0
7212,8,4,99,9,6,80.0,0,N,MELB_URBAN,ROAD,7,17.0
7213,1,4,116,1,1,70.0,0,I,SMALL_CITIES,STREET,7,16.0
7214,1,4,99,2,3,60.0,0,I,MELB_URBAN,AVENUE,7,17.0
7215,1,4,130,1,3,80.0,0,I,MELB_URBAN,ROAD,7,17.0
7216,2,4,100,2,3,40.0,0,I,MELB_URBAN,ROAD,7,18.0
7217,1,4,132,2,3,60.0,0,I,MELB_URBAN,ROAD,6,17.0
7218,1,3,121,1,3,50.0,0,I,MELB_URBAN,STREET,7,19.0
7219,1,4,130,1,3,80.0,0,I,LARGE_PROVINCIAL_CITIES,STREET,7,19.0
7220,1,4,110,1,3,50.0,0,I,LARGE_PROVINCIAL_CITIES,STREET,7,19.0
7221,2,4,100,5,1,80.0,0,N,MELB_URBAN,ROAD,7,14.0
7222,1,5,110,1,2,60.0,0,I,MELB_URBAN,ROAD,7,7.0
7223,1,5,121,1,1,60.0,0,I,MELB_URBAN,ROAD,7,8.0
7224,2,3,99,5,1,40.0,0,N,MELBOURNE_CBD,STREET,7,14.0
7225,6,5,99,5,1,80.0,0,N,RURAL_VICTORIA,OTHER,7,7.0
7226,1,4,130,1,3,60.0,0,I,MELB_URBAN,ROAD,7,18.0
7227,4,5,171,5,1,100.0,0,N,MELB_URBAN,FREEWAY,7,9.0
7228,8,3,184,5,1,60.0,0,N,MELB_URBAN,ROAD,6,14.0
7229,1,2,160,2,6,60.0,0,I,TOWNS,STREET,1,23.0
7230,1,5,113,2,1,60.0,0,I,MELB_URBAN,STREET,7,11.0
7231,8,5,174,2,1,80.0,0,I,MELB_URBAN,ROAD,7,12.0
7232,1,5,116,2,1,80.0,0,I,MELB_URBAN,ROAD,7,12.0
7233,1,5,135,2,1,50.0,0,I,MELB_URBAN,HIGHWAY,2,15.0
7234,1,5,133,5,1,60.0,0,N,MELB_URBAN,DRIVE,7,8.0
7235,1,5,99,2,1,50.0,0,I,SMALL_CITIES,STREET,7,12.0
7236,4,5,181,5,5,80.0,0,I,RURAL_VICTORIA,ROAD,7,21.0
7237,1,5,113,2,1,50.0,0,I,MELB_URBAN,ROAD,7,14.0
7238,2,5,102,5,1,50.0,0,N,LARGE_PROVINCIAL_CITIES,AVENUE,7,13.0
7239,1,5,130,5,1,60.0,0,N,MELB_URBAN,ROAD,7,15.0
7240,2,1,102,2,3,60.0,0,I,MELB_URBAN,ROAD,7,5.0
7241,4,5,181,5,1,90.0,0,N,RURAL_VICTORIA,ROAD,7,14.0
7242,4,5,173,5,1,100.0,0,N,RURAL_VICTORIA,HIGHWAY,7,14.0
7243,1,5,130,1,1,60.0,0,I,MELB_URBAN,ROAD,7,14.0
7244,1,5,121,2,1,100.0,0,N,RURAL_VICTORIA,HIGHWAY,7,14.0
7245,1,5,110,1,2,60.0,0,I,MELB_URBAN,ROAD,7,16.0
7246,4,5,173,5,2,50.0,0,N,MELB_URBAN,DRIVE,7,16.0
7247,1,5,121,1,2,50.0,0,I,MELB_URBAN,ROAD,7,18.0
7248,6,5,99,5,1,100.0,0,N,RURAL_VICTORIA,ROAD,7,14.0
7249,1,5,147,2,5,80.0,0,N,RURAL_VICTORIA,ROAD,7,17.0
7250,1,5,130,2,1,60.0,0,I,MELB_URBAN,ROAD,7,10.0
7251,1,5,113,2,5,80.0,0,I,RURAL_VICTORIA,ROAD,7,18.0
7252,1,5,121,1,3,70.0,0,N,MELB_URBAN,STREET,7,19.0
7253,4,5,171,5,5,70.0,0,N,MELB_URBAN,ROAD,7,19.0
7254,1,7,130,2,1,80.0,0,I,MELB_URBAN,ROAD,7,11.0
7255,1,5,121,2,1,70.0,0,I,MELB_URBAN,STREET,7,15.0
7256,2,5,102,2,3,60.0,0,I,MELB_URBAN,ROAD,7,18.0
7257,1,5,147,5,3,50.0,0,N,MELB_URBAN,ROAD,7,21.0
7258,1,2,121,1,3,80.0,0,I,MELB_URBAN,HIGHWAY,7,23.0
7259,1,5,99,5,5,100.0,0,N,MELB_URBAN,ROAD,7,19.0
7260,1,5,121,1,3,60.0,0,I,SMALL_CITIES,ROAD,7,21.0
7261,1,6,113,2,3,60.0,0,I,MELB_URBAN,ROAD,7,0.0
7262,4,4,173,1,3,50.0,0,I,MELB_URBAN,ROAD,7,23.0
7263,1,5,120,2,1,50.0,0,I,MELB_URBAN,OTHER,7,12.0
7264,1,5,99,5,1,60.0,0,N,MELB_URBAN,STREET,7,12.0
7265,1,5,113,2,1,70.0,0,I,SMALL_CITIES,STREET,7,11.0
7266,1,6,134,4,1,80.0,0,N,MELB_URBAN,RAMP,7,7.0
7267,2,5,99,2,6,50.0,0,I,MELB_URBAN,STREET,7,17.0
7268,6,5,99,5,5,110.0,0,N,RURAL_VICTORIA,HIGHWAY,7,23.0
7269,1,6,99,2,2,80.0,0,I,MELB_URBAN,HIGHWAY,7,6.0
7270,1,6,130,2,1,60.0,0,I,MELB_URBAN,ROAD,7,10.0
7271,1,6,110,1,1,100.0,0,I,MELB_URBAN,ROAD,7,10.0
7272,8,7,99,5,1,80.0,0,N,RURAL_VICTORIA,ROAD,7,14.0
7273,5,6,99,5,1,100.0,0,N,RURAL_VICTORIA,ROAD,7,12.0
7274,1,6,113,2,1,60.0,0,N,MELB_URBAN,ROAD,7,9.0
7275,1,6,99,5,1,50.0,0,N,MELBOURNE_CBD,STREET,7,9.0
7276,1,6,132,1,1,50.0,0,I,MELB_URBAN,OTHER,7,12.0
7277,1,6,116,2,1,80.0,0,I,MELB_URBAN,ROAD,7,13.0
7278,1,6,140,1,1,50.0,0,I,MELBOURNE_CBD,STREET,7,12.0
7279,1,6,121,1,1,80.0,0,I,RURAL_VICTORIA,ROAD,7,13.0
7280,1,5,135,2,3,60.0,0,I,MELB_URBAN,ROAD,7,20.0
7281,2,6,100,5,1,60.0,0,N,TOWNS,OTHER,7,12.0
7282,1,6,121,1,1,60.0,0,I,MELB_URBAN,ROAD,7,14.0
7283,1,6,99,5,1,80.0,0,N,MELB_URBAN,HIGHWAY,7,14.0
7284,1,5,110,1,3,70.0,0,N,MELB_URBAN,ROAD,7,19.0
7285,1,6,121,4,1,50.0,0,I,MELB_URBAN,STREET,7,10.0
7286,1,6,121,2,1,80.0,0,I,MELB_URBAN,ROAD,7,15.0
7287,4,5,171,5,3,50.0,0,N,MELB_URBAN,OTHER,7,19.0
7288,1,6,134,5,1,60.0,0,N,MELB_URBAN,ROAD,7,15.0
7289,1,6,132,5,1,60.0,0,N,SMALL_CITIES,ROAD,7,17.0
7290,1,6,110,1,3,80.0,0,I,LARGE_PROVINCIAL_CITIES,STREET,7,17.0
7291,1,6,130,1,2,60.0,0,I,MELB_URBAN,ROAD,7,17.0
7292,1,6,113,2,3,70.0,0,I,MELB_URBAN,ROAD,7,18.0
7293,1,6,111,2,3,60.0,0,I,TOWNS,HIGHWAY,7,18.0
7294,1,2,130,2,2,50.0,0,I,MELB_URBAN,DRIVE,5,17.0
7295,1,6,132,5,3,60.0,0,N,MELB_URBAN,ROAD,7,18.0
7296,1,6,130,1,3,60.0,0,I,MELB_URBAN,ROAD,7,19.0
7297,1,6,121,2,3,50.0,0,I,MELB_URBAN,ROAD,7,20.0
7298,2,5,102,1,3,80.0,0,I,MELB_URBAN,ROAD,7,18.0
7299,1,6,130,5,5,100.0,0,N,RURAL_VICTORIA,FREEWAY,7,21.0
7300,4,6,183,5,5,80.0,0,N,SMALL_TOWNS,ROAD,7,5.0
7301,4,6,181,5,5,100.0,0,N,RURAL_VICTORIA,ROAD,7,20.0
7302,1,6,121,1,3,80.0,0,I,MELB_URBAN,ROAD,7,22.0
7303,2,7,100,5,3,60.0,0,N,MELB_URBAN,ROAD,7,0.0
7304,4,7,171,5,5,50.0,0,N,MELB_URBAN,ROAD,7,0.0
7305,4,7,173,5,5,80.0,0,N,RURAL_VICTORIA,ROAD,7,3.0
7306,1,7,133,4,3,100.0,0,I,MELB_URBAN,ROAD,7,3.0
7307,6,7,170,5,2,110.0,0,N,RURAL_VICTORIA,FREEWAY,7,7.0
7308,1,7,160,5,1,60.0,0,N,MELB_URBAN,STREET,7,10.0
7309,1,7,99,5,1,60.0,0,N,MELB_URBAN,ROAD,7,11.0
7310,1,7,120,2,1,50.0,0,I,MELB_URBAN,ROAD,7,12.0
7311,1,3,99,5,1,70.0,0,N,MELB_URBAN,PARADE,6,8.0
7312,4,6,171,5,5,100.0,0,N,RURAL_VICTORIA,ROAD,7,20.0
7313,1,7,116,2,1,50.0,0,I,SMALL_CITIES,STREET,7,13.0
7314,1,7,140,4,1,60.0,0,I,MELB_URBAN,ROAD,7,13.0
7315,1,7,121,2,1,60.0,0,I,MELB_URBAN,ROAD,7,15.0
7316,1,6,99,5,3,50.0,0,N,MELB_URBAN,HIGHWAY,7,22.0
7317,1,7,110,1,1,60.0,0,I,MELB_URBAN,ROAD,7,9.0
7318,4,7,171,5,1,60.0,0,N,MELB_URBAN,ROAD,7,10.0
7319,1,7,121,4,1,60.0,0,I,MELB_URBAN,ROAD,7,15.0
7320,1,7,132,2,1,60.0,0,I,MELB_URBAN,HIGHWAY,7,15.0
7321,1,6,99,1,1,50.0,0,I,LARGE_PROVINCIAL_CITIES,STREET,7,12.0
7322,1,7,147,5,3,80.0,0,N,MELB_URBAN,ROAD,7,17.0
7323,3,7,167,5,5,80.0,0,N,RURAL_VICTORIA,HIGHWAY,7,17.0
7324,8,7,170,1,3,50.0,0,I,TOWNS,STREET,7,19.0
7325,1,6,99,1,3,50.0,0,I,LARGE_PROVINCIAL_CITIES,ROAD,7,18.0
7326,1,7,99,1,3,50.0,0,I,MELB_URBAN,ROAD,7,19.0
7327,1,7,160,5,3,50.0,0,N,MELB_URBAN,OTHER,7,17.0
7328,1,7,140,5,3,60.0,0,N,MELB_URBAN,STREET,7,22.0
7329,4,7,171,5,5,80.0,1,N,SMALL_TOWNS,STREET,7,19.0
7330,1,7,135,5,3,80.0,0,N,MELB_URBAN,ROAD,7,22.0
7331,1,0,99,2,3,60.0,0,N,MELB_URBAN,STREET,7,0.0
7332,4,1,171,2,3,50.0,0,I,MELB_URBAN,DRIVE,7,3.0
7333,8,7,174,5,6,40.0,0,N,MELB_URBAN,ROAD,7,22.0
7334,1,7,130,5,1,100.0,0,N,RURAL_VICTORIA,HIGHWAY,7,13.0
7335,6,6,99,5,1,60.0,0,N,RURAL_VICTORIA,ROAD,7,12.0
7336,1,1,121,2,1,60.0,0,I,MELB_URBAN,OTHER,7,7.0
7337,1,1,121,4,1,80.0,0,I,MELB_URBAN,ROAD,7,10.0
7338,1,7,120,5,2,100.0,1,N,RURAL_VICTORIA,HIGHWAY,7,17.0
7339,1,1,134,2,1,60.0,0,I,MELB_URBAN,ROAD,7,14.0
7340,1,1,110,1,1,50.0,0,I,MELB_URBAN,STREET,7,16.0
7341,6,1,174,5,2,80.0,0,N,RURAL_VICTORIA,ROAD,7,16.0
7342,4,1,171,5,5,100.0,0,N,RURAL_VICTORIA,ROAD,7,18.0
7343,1,6,130,2,1,60.0,0,I,MELB_URBAN,ROAD,7,14.0
7344,1,1,110,1,3,50.0,0,I,MELB_URBAN,OTHER,7,22.0
7345,1,1,130,5,5,100.0,0,N,MELB_URBAN,FREEWAY,7,22.0
7346,4,1,171,2,3,60.0,0,I,MELB_URBAN,ROAD,7,23.0
7347,1,2,110,1,3,70.0,0,I,MELB_URBAN,ROAD,7,1.0
7348,1,2,130,1,3,60.0,0,I,MELB_URBAN,ROAD,7,3.0
7349,4,1,173,2,5,60.0,0,I,RURAL_VICTORIA,ROAD,7,1.0
7350,4,1,171,5,3,60.0,0,N,MELB_URBAN,ROAD,7,6.0
7351,1,5,99,4,1,40.0,0,I,MELB_URBAN,ROAD,7,17.0
7352,4,5,171,5,3,60.0,0,N,MELB_URBAN,STREET,7,20.0
7353,6,2,170,2,1,80.0,0,I,RURAL_VICTORIA,ROAD,7,7.0
7354,1,2,147,5,1,60.0,0,N,MELB_URBAN,ROAD,7,12.0
7355,1,6,134,5,1,60.0,0,N,MELB_URBAN,ROAD,7,15.0
7356,4,2,183,5,2,100.0,0,N,RURAL_VICTORIA,HIGHWAY,7,7.0
7357,1,2,110,1,1,70.0,0,I,MELB_URBAN,ROAD,7,10.0
7358,1,3,160,5,1,50.0,0,N,MELB_URBAN,OTHER,6,8.0
7359,6,2,170,1,1,100.0,0,I,RURAL_VICTORIA,ROAD,7,10.0
7360,1,3,130,5,1,80.0,0,N,MELB_URBAN,FREEWAY,2,16.0
7361,4,2,173,2,1,50.0,0,I,SMALL_CITIES,DRIVE,7,14.0
7362,2,2,100,5,1,40.0,0,N,MELB_URBAN,ROAD,7,15.0
7363,1,1,111,2,5,100.0,0,N,RURAL_VICTORIA,HIGHWAY,7,19.0
7364,1,2,130,5,1,80.0,0,N,MELB_URBAN,UNKNOWN,7,15.0
7365,1,2,130,5,1,60.0,0,N,MELB_URBAN,ROAD,7,16.0
7366,4,6,99,5,1,60.0,0,N,RURAL_VICTORIA,HIGHWAY,5,14.0
7367,6,2,99,5,2,100.0,0,N,SMALL_TOWNS,HIGHWAY,7,16.0
7368,8,2,174,5,1,60.0,0,N,RURAL_VICTORIA,ROAD,7,14.0
7369,1,2,113,2,2,60.0,0,I,LARGE_PROVINCIAL_CITIES,ROAD,7,16.0
7370,1,2,121,2,2,100.0,0,I,RURAL_VICTORIA,ROAD,7,17.0
7371,1,2,116,2,1,60.0,0,I,MELB_URBAN,PARADE,7,8.0
7372,8,2,174,5,1,60.0,0,I,MELB_URBAN,ROAD,7,15.0
7373,1,2,110,1,1,60.0,0,I,LARGE_PROVINCIAL_CITIES,PARADE,7,16.0
7374,4,2,171,5,3,60.0,0,I,TOWNS,ROAD,7,17.0
7375,4,2,173,5,5,100.0,0,N,RURAL_VICTORIA,ROAD,7,18.0
7376,1,1,130,5,1,60.0,0,N,MELB_URBAN,HIGHWAY,7,17.0
7377,2,2,100,1,3,50.0,1,I,MELB_URBAN,PARADE,7,19.0
7378,4,2,173,5,1,100.0,0,N,RURAL_VICTORIA,ROAD,6,13.0
7379,1,2,120,5,3,60.0,0,N,MELB_URBAN,ROAD,7,20.0
7380,4,3,173,5,5,100.0,0,N,RURAL_VICTORIA,ROAD,7,0.0
7381,2,3,100,1,2,40.0,0,I,MELB_URBAN,ROAD,7,8.0
7382,1,3,130,2,1,60.0,0,N,MELB_URBAN,ROAD,6,13.0
7383,2,3,99,5,1,50.0,0,N,MELB_URBAN,ROAD,7,9.0
7384,1,3,132,1,2,60.0,0,N,MELB_URBAN,ROAD,7,6.0
7385,1,6,99,1,1,60.0,0,I,MELB_URBAN,ROAD,7,16.0
7386,1,1,130,2,9,60.0,0,I,MELB_URBAN,ROAD,4,8.0
7387,2,3,99,2,1,50.0,0,N,MELB_URBAN,STREET,7,9.0
7388,1,3,110,1,1,50.0,0,I,MELB_URBAN,STREET,7,13.0
7389,2,3,102,2,1,60.0,1,I,TOWNS,OTHER,7,8.0
7390,4,3,171,5,1,80.0,0,N,SMALL_CITIES,ROAD,7,7.0
7391,6,3,170,5,1,60.0,0,N,RURAL_VICTORIA,ROAD,7,13.0
7392,2,3,99,2,1,60.0,0,I,MELB_URBAN,ROAD,7,15.0
7393,1,3,121,1,2,60.0,0,I,MELB_URBAN,STREET,7,8.0
7394,7,3,99,1,1,80.0,0,N,MELB_URBAN,ROAD,7,15.0
7395,1,3,130,5,1,100.0,0,N,RURAL_VICTORIA,HIGHWAY,7,13.0
7396,2,3,102,1,1,60.0,0,I,MELB_URBAN,STREET,7,13.0
7397,6,3,99,2,1,100.0,0,I,RURAL_VICTORIA,ROAD,7,10.0
7398,1,3,113,1,1,60.0,0,I,MELB_URBAN,ROAD,7,17.0
7399,1,7,130,5,5,80.0,0,N,TOWNS,ROAD,7,20.0
7400,4,3,171,5,1,80.0,0,N,MELB_URBAN,ROAD,7,16.0
7401,4,3,99,2,3,50.0,0,I,MELB_URBAN,STREET,7,18.0
7402,1,3,147,2,1,60.0,0,I,MELB_URBAN,ROAD,7,15.0
7403,1,3,130,5,5,100.0,0,N,MELB_URBAN,ROAD,7,18.0
7404,8,1,174,2,1,70.0,0,I,RURAL_VICTORIA,ROAD,7,11.0
7405,4,3,171,1,3,60.0,0,I,MELB_URBAN,STREET,7,20.0
7406,2,3,100,2,3,60.0,0,I,MELB_URBAN,ROAD,7,23.0
7407,1,5,130,5,1,40.0,0,N,MELB_URBAN,FREEWAY,6,13.0
7408,1,3,121,2,1,60.0,0,I,MELB_URBAN,STREET,7,13.0
7409,2,4,100,1,2,50.0,0,I,MELB_URBAN,STREET,7,6.0
7410,1,4,133,2,5,70.0,0,N,MELB_URBAN,ROAD,7,6.0
7411,2,4,102,2,2,60.0,0,I,MELB_URBAN,ROAD,7,7.0
7412,4,1,171,5,1,100.0,0,N,RURAL_VICTORIA,HIGHWAY,7,11.0
7413,1,4,130,2,2,60.0,0,N,MELB_URBAN,ROAD,7,8.0
7414,1,4,120,2,1,60.0,0,I,MELB_URBAN,ROAD,7,8.0
7415,1,4,121,1,1,60.0,0,I,MELB_URBAN,STREET,7,7.0
7416,1,4,130,2,1,70.0,0,N,MELB_URBAN,HIGHWAY,7,9.0
7417,2,4,99,5,1,60.0,0,N,MELB_URBAN,ROAD,7,10.0
7418,1,4,120,1,1,60.0,0,I,MELB_URBAN,OTHER,7,9.0
7419,4,4,171,5,1,70.0,0,N,MELB_URBAN,ROAD,7,10.0
7420,1,6,130,5,3,60.0,0,N,MELB_URBAN,ROAD,5,6.0
7421,1,1,110,1,3,50.0,0,I,SMALL_CITIES,STREET,7,0.0
7422,1,3,130,5,1,60.0,0,N,MELB_URBAN,UNKNOWN,7,9.0
7423,1,4,130,1,1,60.0,0,N,MELB_URBAN,ROAD,7,11.0
7424,4,3,181,3,5,80.0,0,N,RURAL_VICTORIA,AVENUE,7,18.0
7425,1,3,130,5,1,100.0,0,N,MELB_URBAN,FREEWAY,3,9.0
7426,1,4,113,2,1,100.0,0,I,RURAL_VICTORIA,ROAD,7,11.0
7427,4,4,171,1,1,60.0,0,I,MELB_URBAN,ROAD,7,12.0
7428,1,4,147,2,1,50.0,0,I,MELB_URBAN,ROAD,7,11.0
7429,2,2,99,1,2,50.0,0,I,MELB_URBAN,ROAD,4,17.0
7430,2,4,99,1,1,50.0,0,I,MELBOURNE_CBD,STREET,7,14.0
7431,1,4,120,5,1,100.0,0,N,RURAL_VICTORIA,HIGHWAY,7,13.0
7432,1,4,133,2,1,60.0,0,I,MELB_URBAN,ROAD,7,13.0
7433,1,4,120,1,1,60.0,0,I,SMALL_CITIES,STREET,7,15.0
7434,1,4,113,2,1,60.0,0,I,MELB_URBAN,ROAD,5,16.0
7435,7,4,99,5,1,60.0,0,N,MELB_URBAN,ROAD,7,15.0
7436,2,4,99,1,1,60.0,0,I,MELB_URBAN,ROAD,7,16.0
7437,1,3,160,2,1,50.0,0,I,MELB_URBAN,OTHER,7,17.0
7438,1,4,121,1,2,50.0,0,I,LARGE_PROVINCIAL_CITIES,OTHER,7,16.0
7439,1,3,121,2,1,60.0,0,I,MELB_URBAN,STREET,7,8.0
7440,1,4,130,5,1,50.0,0,N,RURAL_VICTORIA,FREEWAY,7,14.0
7441,1,4,110,1,3,70.0,0,I,MELB_URBAN,HIGHWAY,7,17.0
7442,4,7,99,2,5,100.0,0,I,RURAL_VICTORIA,OTHER,6,20.0
7443,1,4,134,5,1,60.0,0,I,MELB_URBAN,STREET,7,14.0
7444,1,4,130,2,3,70.0,0,N,MELB_URBAN,ROAD,7,20.0
7445,2,4,100,1,3,60.0,0,I,MELB_URBAN,ROAD,7,17.0
7446,4,4,181,5,1,100.0,0,N,RURAL_VICTORIA,ROAD,7,8.0
7447,6,3,99,5,1,80.0,0,N,RURAL_VICTORIA,ROAD,4,7.0
7448,1,3,130,1,1,60.0,0,I,LARGE_PROVINCIAL_CITIES,STREET,2,17.0
7449,1,5,113,2,3,70.0,0,I,MELB_URBAN,ROAD,7,5.0
7450,2,5,100,1,3,60.0,0,I,MELB_URBAN,STREET,7,6.0
7451,1,4,121,1,3,60.0,0,I,MELB_URBAN,STREET,6,17.0
7452,1,5,99,2,1,50.0,0,I,SMALL_CITIES,STREET,7,7.0
7453,1,5,121,1,2,60.0,0,I,MELB_URBAN,ROAD,7,7.0
7454,8,6,174,5,1,80.0,0,I,MELB_URBAN,HIGHWAY,7,8.0
7455,1,5,121,1,3,50.0,0,I,MELB_URBAN,STREET,7,6.0
7456,1,2,110,1,1,100.0,0,I,RURAL_VICTORIA,ROAD,7,8.0
7457,2,5,102,1,1,60.0,0,I,MELB_URBAN,ROAD,7,9.0
7458,1,5,130,5,2,70.0,0,N,MELB_URBAN,ROAD,7,7.0
7459,1,5,135,5,1,40.0,0,N,MELB_URBAN,STREET,7,7.0
7460,1,5,130,5,1,70.0,0,I,MELB_URBAN,ROAD,7,6.0
7461,1,5,110,1,2,60.0,0,I,MELB_URBAN,AVENUE,7,6.0
7462,1,5,130,5,1,100.0,0,N,MELB_URBAN,UNKNOWN,7,8.0
7463,2,5,99,2,1,60.0,0,I,SMALL_CITIES,OTHER,7,8.0
7464,2,5,102,1,1,50.0,0,I,SMALL_CITIES,ROAD,7,11.0
7465,1,5,113,1,1,60.0,0,I,MELB_URBAN,STREET,7,9.0
7466,1,5,110,1,1,60.0,0,I,SMALL_TOWNS,STREET,7,10.0
7467,1,5,111,1,1,60.0,0,I,MELB_URBAN,ROAD,7,12.0
7468,8,1,174,5,1,60.0,0,N,RURAL_VICTORIA,OTHER,6,15.0
7469,4,5,171,5,1,70.0,0,N,MELB_URBAN,DRIVE,7,12.0
7470,1,5,130,1,1,60.0,0,I,MELB_URBAN,ROAD,7,8.0
7471,1,5,99,2,1,60.0,0,I,SMALL_CITIES,STREET,7,16.0
7472,4,5,171,5,1,100.0,0,N,RURAL_VICTORIA,HIGHWAY,7,12.0
7473,1,7,121,1,3,60.0,0,I,MELB_URBAN,STREET,6,20.0
7474,1,3,130,5,1,60.0,0,N,MELB_URBAN,ROAD,2,17.0
7475,2,5,100,1,1,60.0,0,I,MELB_URBAN,STREET,7,8.0
7476,1,2,130,5,6,80.0,0,N,MELB_URBAN,FREEWAY,7,21.0
7477,1,5,121,4,1,60.0,0,I,MELB_URBAN,RAMP,7,14.0
7478,1,5,130,1,1,60.0,0,I,MELB_URBAN,DRIVE,5,16.0
7479,1,5,130,1,1,80.0,0,I,MELB_URBAN,ROAD,7,14.0
7480,5,5,99,5,5,60.0,0,N,MELB_URBAN,ROAD,7,18.0
7481,1,5,99,2,1,60.0,0,N,MELB_URBAN,ROAD,7,15.0
7482,1,5,120,5,1,100.0,1,N,RURAL_VICTORIA,ROAD,7,14.0
7483,1,4,121,2,2,50.0,0,I,SMALL_CITIES,AVENUE,7,18.0
7484,2,5,100,5,5,50.0,0,I,MELB_URBAN,PARADE,7,20.0
7485,8,3,99,2,9,60.0,0,I,MELB_URBAN,BOULEVARD,7,17.0
7486,1,5,160,1,3,50.0,0,I,SMALL_CITIES,BOULEVARD,7,18.0
7487,1,5,130,5,6,80.0,0,N,MELB_URBAN,ROAD,7,21.0
7488,1,5,121,2,3,70.0,1,I,MELB_URBAN,ROAD,7,20.0
7489,5,6,171,5,3,60.0,0,N,MELB_URBAN,ROAD,7,3.0
7490,1,6,110,1,1,60.0,0,I,MELB_URBAN,ROAD,7,7.0