,accident_type,day_of_week,dca_code,road_geometry,light_condition,speed_zone,severity,node_type,deg_urban_name,road_type,month,hour
7491,1,6,120,5,6,100.0,0,N,RURAL_VICTORIA,ROAD,7,7.0
7492,1,5,113,2,2,50.0,0,I,MELB_URBAN,OTHER,7,17.0
7493,1,6,110,1,1,60.0,0,I,MELB_URBAN,ROAD,7,8.0
7494,1,6,130,1,1,70.0,0,N,MELB_URBAN,ROAD,7,9.0
7495,1,6,113,2,1,100.0,0,I,RURAL_VICTORIA,ROAD,7,8.0
7496,1,6,132,2,1,60.0,0,I,MELB_URBAN,ROAD,7,9.0
7497,1,6,130,1,1,80.0,0,N,MELB_URBAN,ROAD,7,13.0
7498,4,6,171,2,1,60.0,0,I,MELB_URBAN,ROAD,7,13.0
7499,4,6,99,2,1,50.0,0,I,LARGE_PROVINCIAL_CITIES,ROAD,7,11.0
7500,1,6,99,5,1,100.0,0,N,RURAL_VICTORIA,ROAD,7,10.0
7501,1,6,99,5,1,100.0,0,N,MELB_URBAN,FREEWAY,7,13.0
7502,1,6,130,2,1,60.0,0,N,MELB_URBAN,STREET,7,11.0
7503,2,6,100,5,1,50.0,0,N,SMALL_CITIES,STREET,7,12.0
7504,1,6,113,2,1,60.0,0,I,LARGE_PROVINCIAL_CITIES,ROAD,7,12.0
7505,8,6,170,2,1,80.0,0,N,MELB_URBAN,HIGHWAY,7,8.0
7506,1,6,120,5,1,80.0,0,N,RURAL_VICTORIA,ROAD,7,14.0
7507,8,2,99,2,2,60.0,0,I,MELB_URBAN,ROAD,6,7.0
7508,1,6,110,1,1,60.0,0,I,RURAL_VICTORIA,ROAD,7,14.0
7509,4,6,99,5,1,60.0,0,N,SMALL_CITIES,STREET,7,8.0
7510,4,6,181,5,1,100.0,0,N,RURAL_VICTORIA,HIGHWAY,7,10.0
7511,1,5,113,1,1,60.0,0,I,MELB_URBAN,ROAD,7,14.0
7512,2,6,102,2,1,60.0,0,I,MELB_URBAN,ROAD,7,15.0
7513,1,6,99,1,1,50.0,0,I,MELB_URBAN,ROAD,7,16.0
7514,7,6,99,2,1,60.0,0,I,MELB_URBAN,STREET,7,16.0
7515,1,5,99,5,3,40.0,0,N,MELB_URBAN,ROAD,7,18.0
7516,2,1,102,1,3,50.0,0,I,MELBOURNE_CBD,STREET,7,18.0
7517,1,6,99,5,3,50.0,0,N,MELB_URBAN,ROAD,7,17.0
7518,2,6,102,2,3,40.0,0,I,MELB_URBAN,AVENUE,7,19.0
7519,2,6,102,5,3,50.0,0,N,TOWNS,STREET,7,18.0
7520,1,6,99,5,1,50.0,0,N,MELB_URBAN,STREET,7,15.0
7521,1,6,160,5,3,60.0,0,I,MELB_URBAN,ROAD,7,21.0
7522,1,7,130,2,3,70.0,0,I,LARGE_PROVINCIAL_CITIES,OTHER,7,0.0
7523,4,7,173,5,3,70.0,0,N,MELB_URBAN,AVENUE,7,1.0
7524,1,6,133,5,2,60.0,0,N,MELB_URBAN,ROAD,7,6.0
7525,1,7,110,1,1,60.0,0,I,MELB_URBAN,STREET,7,7.0
7526,1,7,130,1,1,60.0,0,I,MELB_URBAN,ROAD,7,7.0
7527,4,7,181,5,2,50.0,0,I,MELB_URBAN,OTHER,7,6.0
7528,1,7,130,5,1,80.0,0,N,MELB_URBAN,ROAD,7,8.0
7529,1,7,99,1,1,50.0,0,I,MELB_URBAN,STREET,7,9.0
7530,1,7,121,2,1,60.0,0,I,MELB_URBAN,STREET,7,10.0
7531,6,1,99,5,1,80.0,0,N,RURAL_VICTORIA,ROAD,7,15.0
7532,1,7,147,2,1,60.0,0,I,MELB_URBAN,ROAD,7,12.0
7533,1,7,130,1,1,60.0,0,I,MELB_URBAN,ROAD,7,11.0
7534,1,7,130,1,1,80.0,0,I,MELB_URBAN,HIGHWAY,7,13.0
7535,1,7,130,1,1,60.0,0,I,MELB_URBAN,STREET,7,12.0
7536,1,7,110,1,1,50.0,0,I,MELB_URBAN,STREET,7,11.0
7537,1,7,121,2,1,60.0,0,I,MELB_URBAN,STREET,7,12.0
7538,1,2,99,5,1,50.0,0,N,MELB_URBAN,STREET,7,13.0
7539,1,7,110,1,5,100.0,0,I,RURAL_VICTORIA,HIGHWAY,7,18.0
7540,1,7,121,4,1,60.0,0,I,MELB_URBAN,ROAD,7,14.0
7541,1,7,130,1,1,60.0,0,I,TOWNS,HIGHWAY,7,15.0
7542,4,7,171,2,1,50.0,0,N,MELB_URBAN,DRIVE,7,14.0
7543,1,7,121,1,1,70.0,0,I,SMALL_CITIES,PARADE,7,14.0
7544,1,6,120,5,5,100.0,1,N,RURAL_VICTORIA,STREET,7,23.0
7545,1,7,130,1,1,70.0,0,I,MELB_URBAN,ROAD,7,14.0
7546,1,6,99,2,1,60.0,0,I,MELB_URBAN,ROAD,7,13.0
7547,1,7,99,2,1,60.0,0,I,MELB_URBAN,ROAD,7,15.0
7548,2,7,102,2,1,60.0,0,I,MELB_URBAN,ROAD,7,14.0
7549,2,7,100,1,1,60.0,0,I,TOWNS,AVENUE,7,16.0
7550,1,7,110,1,2,60.0,0,I,MELB_URBAN,STREET,7,16.0
7551,1,7,113,2,4,80.0,0,I,MELB_URBAN,ROAD,7,19.0
7552,1,6,121,1,3,50.0,0,I,SMALL_CITIES,STREET,7,23.0
7553,4,7,171,5,2,110.0,0,N,RURAL_VICTORIA,FREEWAY,7,6.0
7554,2,7,102,5,3,50.0,0,N,LARGE_PROVINCIAL_CITIES,ROAD,7,18.0
7555,1,1,134,2,3,50.0,0,I,MELB_URBAN,STREET,7,0.0
7556,2,1,100,5,3,60.0,0,N,MELB_URBAN,STREET,7,1.0
7557,1,6,140,5,5,100.0,0,N,RURAL_VICTORIA,OTHER,7,20.0
7558,4,7,171,5,5,80.0,0,N,RURAL_VICTORIA,HIGHWAY,7,20.0
7559,2,1,100,1,3,60.0,0,I,MELB_URBAN,HIGHWAY,7,1.0
7560,1,1,160,5,3,50.0,0,N,MELBOURNE_CBD,STREET,7,3.0
7561,1,1,120,1,3,80.0,0,I,MELB_URBAN,ROAD,7,1.0
7562,1,7,116,2,1,80.0,0,I,MELB_URBAN,ROAD,7,9.0
7563,2,1,102,5,3,50.0,0,N,MELB_URBAN,DRIVE,7,0.0
7564,4,1,173,2,3,60.0,0,I,MELB_URBAN,ROAD,7,5.0
7565,4,1,173,1,1,60.0,0,I,SMALL_CITIES,STREET,7,7.0
7566,1,1,160,5,1,60.0,0,N,MELB_URBAN,ROAD,7,8.0
7567,4,7,99,5,1,50.0,0,N,MELB_URBAN,STREET,7,14.0
7568,1,1,130,5,1,80.0,0,N,MELB_URBAN,HIGHWAY,7,10.0
7569,1,1,113,1,1,100.0,0,I,RURAL_VICTORIA,HIGHWAY,7,10.0
7570,6,1,99,5,5,100.0,0,N,RURAL_VICTORIA,ROAD,7,1.0
7571,1,1,113,2,1,80.0,0,I,MELB_URBAN,ROAD,7,11.0
7572,4,1,171,5,1,100.0,0,N,RURAL_VICTORIA,ROAD,7,11.0
7573,4,1,173,5,1,60.0,0,N,TOWNS,STREET,7,7.0
7574,1,1,132,2,1,80.0,0,N,MELB_URBAN,ROAD,7,8.0
7575,1,1,110,1,1,50.0,0,I,MELB_URBAN,STREET,7,14.0
7576,6,1,99,5,1,100.0,0,N,RURAL_VICTORIA,ROAD,7,14.0
7577,1,7,99,5,3,60.0,0,N,MELB_URBAN,ROAD,7,22.0
7578,6,1,99,2,1,60.0,0,I,MELB_URBAN,STREET,7,8.0
7579,1,1,113,2,1,60.0,0,I,MELB_URBAN,ROAD,7,15.0
7580,1,1,147,5,1,50.0,0,N,MELB_URBAN,STREET,7,16.0
7581,6,1,174,5,1,80.0,0,N,MELB_URBAN,HIGHWAY,7,16.0
7582,6,1,174,2,1,50.0,0,I,MELB_URBAN,STREET,7,11.0
7583,1,1,130,5,1,100.0,0,N,RURAL_VICTORIA,HIGHWAY,7,17.0
7584,4,1,173,5,1,100.0,0,N,RURAL_VICTORIA,ROAD,7,11.0
7585,1,1,113,2,1,60.0,0,I,MELB_URBAN,ROAD,7,16.0
7586,4,1,173,5,1,80.0,0,N,MELB_URBAN,RAMP,7,16.0
7587,1,7,121,4,3,60.0,0,I,SMALL_CITIES,RAMP,4,20.0
7588,1,1,121,1,2,50.0,0,I,LARGE_PROVINCIAL_CITIES,STREET,7,18.0
7589,1,1,99,1,3,50.0,0,I,TOWNS,STREET,7,19.0
7590,1,1,130,2,3,60.0,0,I,MELB_URBAN,ROAD,7,20.0
7591,1,1,121,1,1,50.0,0,I,MELB_URBAN,STREET,7,16.0
7592,1,1,140,2,3,50.0,0,I,MELB_URBAN,STREET,7,21.0
7593,1,2,110,1,1,80.0,0,I,RURAL_VICTORIA,AVENUE,7,8.0
7594,3,2,167,5,2,100.0,0,N,RURAL_VICTORIA,ROAD,7,7.0
7595,6,1,170,5,1,60.0,0,N,MELB_URBAN,ROAD,7,17.0
7596,1,2,130,5,1,70.0,0,N,LARGE_PROVINCIAL_CITIES,ROAD,7,8.0
7597,2,3,99,2,6,60.0,0,I,MELB_URBAN,ROAD,7,22.0
7598,1,2,120,1,3,60.0,0,I,MELB_URBAN,ROAD,7,6.0
7599,1,2,110,1,1,60.0,0,I,MELB_URBAN,ROAD,7,7.0
7600,8,1,174,2,1,60.0,0,I,SMALL_CITIES,DRIVE,7,12.0
7601,1,2,99,5,1,100.0,0,N,RURAL_VICTORIA,HIGHWAY,7,10.0
7602,1,2,121,2,1,50.0,0,I,MELB_URBAN,STREET,7,10.0
7603,1,2,130,1,1,70.0,0,I,MELB_URBAN,ROAD,7,15.0
7604,4,1,99,5,5,100.0,0,N,RURAL_VICTORIA,ROAD,7,19.0
7605,1,2,99,1,1,70.0,0,I,MELB_URBAN,ROAD,7,10.0
7606,3,2,167,1,3,60.0,0,I,MELB_URBAN,DRIVE,1,0.0
7607,1,7,140,1,3,80.0,0,I,MELB_URBAN,ROAD,7,18.0
7608,1,7,130,5,3,80.0,0,N,MELB_URBAN,ROAD,7,18.0
7609,1,2,130,5,1,100.0,0,N,MELB_URBAN,FREEWAY,7,8.0
7610,4,2,173,5,1,100.0,0,N,RURAL_VICTORIA,HIGHWAY,7,9.0
7611,8,2,174,3,1,40.0,0,I,MELB_URBAN,DRIVE,7,10.0
7612,1,2,130,1,1,50.0,0,I,LARGE_PROVINCIAL_CITIES,ROAD,7,13.0
7613,1,7,110,1,1,60.0,0,I,LARGE_PROVINCIAL_CITIES,AVENUE,7,13.0
7614,1,2,116,2,1,60.0,0,I,MELB_URBAN,STREET,7,9.0
7615,2,2,99,5,1,50.0,0,N,MELB_URBAN,STREET,7,15.0
7616,1,7,121,2,1,60.0,0,I,MELB_URBAN,ROAD,7,10.0
7617,1,2,134,5,1,80.0,0,N,MELB_URBAN,HIGHWAY,7,16.0
7618,2,2,100,5,1,50.0,0,N,MELB_URBAN,ROAD,7,16.0
7619,4,2,171,5,2,80.0,0,N,RURAL_VICTORIA,HIGHWAY,7,16.0
7620,1,2,140,5,2,60.0,0,N,MELB_URBAN,ROAD,7,6.0
7621,1,2,121,2,1,60.0,0,I,MELB_URBAN,ROAD,7,16.0
7622,4,7,173,5,5,50.0,0,N,MELB_URBAN,AVENUE,7,21.0
7623,1,1,120,5,5,60.0,0,N,SMALL_TOWNS,ROAD,6,0.0
7624,2,2,100,2,3,50.0,0,I,MELB_URBAN,ROAD,7,17.0
7625,4,2,173,5,5,100.0,0,N,RURAL_VICTORIA,HIGHWAY,7,19.0
7626,4,2,171,5,5,100.0,0,N,RURAL_VICTORIA,ROAD,7,21.0
7627,1,2,130,5,1,70.0,0,N,MELB_URBAN,ROAD,7,16.0
7628,4,2,173,5,2,60.0,0,N,MELB_URBAN,PARADE,7,17.0
7629,1,2,113,1,5,60.0,0,I,LARGE_PROVINCIAL_CITIES,STREET,7,20.0
7630,4,2,183,5,3,80.0,0,N,MELB_URBAN,ROAD,7,23.0
7631,1,6,130,1,1,60.0,0,I,MELB_URBAN,STREET,7,13.0
7632,1,2,130,2,1,50.0,0,I,MELB_URBAN,STREET,6,8.0
7633,8,3,174,2,1,60.0,0,I,TOWNS,ROAD,6,8.0
7634,8,2,99,5,1,40.0,0,N,MELB_URBAN,STREET,7,15.0
7635,1,3,121,1,1,70.0,0,I,MELB_URBAN,ROAD,7,7.0
7636,8,3,174,5,1,60.0,0,N,SMALL_CITIES,ROAD,7,8.0
7637,1,2,130,2,1,70.0,0,I,MELB_URBAN,AVENUE,4,13.0
7638,3,1,167,5,5,100.0,0,N,RURAL_VICTORIA,ROAD,7,22.0
7639,1,2,113,1,1,100.0,0,I,RURAL_VICTORIA,ROAD,7,12.0
7640,1,3,147,5,1,80.0,0,N,MELB_URBAN,ROAD,7,12.0
7641,1,1,135,5,9,60.0,0,N,MELB_URBAN,ROAD,7,18.0
7642,4,3,173,2,9,100.0,0,N,RURAL_VICTORIA,ROAD,7,5.0
7643,1,2,130,5,6,60.0,0,N,MELB_URBAN,FREEWAY,7,18.0
7644,1,3,130,2,2,100.0,0,I,MELB_URBAN,FREEWAY,7,8.0
7645,1,2,121,1,1,60.0,0,I,TOWNS,STREET,7,14.0
7646,1,3,99,2,1,50.0,0,I,MELB_URBAN,STREET,7,10.0
7647,1,6,130,1,3,50.0,0,I,MELB_URBAN,STREET,5,19.0
7648,1,1,132,5,1,40.0,0,N,LARGE_PROVINCIAL_CITIES,ROAD,5,15.0
7649,1,3,163,5,1,60.0,0,N,MELB_URBAN,STREET,7,14.0
7650,1,3,130,5,2,60.0,0,N,LARGE_PROVINCIAL_CITIES,STREET,7,17.0
7651,1,1,130,1,1,60.0,0,I,MELB_URBAN,ROAD,7,17.0
7652,6,1,170,5,1,80.0,0,I,MELB_URBAN,FREEWAY,7,11.0
7653,1,3,110,1,1,60.0,0,I,LARGE_PROVINCIAL_CITIES,STREET,7,15.0
7654,1,7,130,2,9,60.0,0,I,MELB_URBAN,ROAD,6,16.0
7655,8,5,174,1,6,50.0,0,I,MELB_URBAN,STREET,6,18.0
7656,1,3,121,1,2,100.0,0,I,MELB_URBAN,ROAD,7,17.0
7657,1,3,121,1,1,80.0,0,I,SMALL_CITIES,DRIVE,7,17.0
7658,1,4,130,2,9,60.0,0,I,MELB_URBAN,ROAD,6,17.0
7659,1,4,130,5,1,50.0,0,N,LARGE_PROVINCIAL_CITIES,HIGHWAY,3,11.0
7660,1,3,121,4,1,60.0,0,I,MELB_URBAN,UNKNOWN,7,15.0
7661,1,3,160,5,1,50.0,0,N,MELB_URBAN,PARADE,7,16.0
7662,1,3,130,5,3,80.0,0,I,MELB_URBAN,ROAD,7,19.0
7663,1,2,135,2,9,60.0,0,I,MELB_URBAN,STREET,7,9.0
7664,1,3,99,2,3,50.0,0,I,MELB_URBAN,AVENUE,7,20.0
7665,1,4,110,1,1,80.0,0,I,RURAL_VICTORIA,AVENUE,6,8.0
7666,2,3,100,2,3,60.0,0,I,MELB_URBAN,STREET,7,17.0
7667,1,4,111,2,3,60.0,0,I,MELB_URBAN,STREET,7,6.0
7668,2,4,100,2,1,60.0,0,I,MELB_URBAN,HIGHWAY,7,7.0
7669,1,2,110,1,3,80.0,0,I,MELB_URBAN,ROAD,7,21.0
7670,1,4,121,2,2,60.0,0,N,MELB_URBAN,ROAD,7,8.0
7671,1,4,113,2,1,80.0,0,I,TOWNS,ROAD,7,8.0
7672,1,4,132,2,1,50.0,0,I,MELB_URBAN,STREET,7,9.0
7673,1,3,110,1,5,80.0,0,I,TOWNS,ROAD,7,18.0
7674,1,1,113,2,1,60.0,0,I,MELB_URBAN,AVENUE,7,14.0
7675,2,3,99,5,1,40.0,0,N,MELB_URBAN,STREET,7,14.0
7676,1,4,110,1,2,50.0,0,I,LARGE_PROVINCIAL_CITIES,STREET,7,6.0
7677,1,4,147,5,1,60.0,0,N,MELB_URBAN,STREET,7,12.0
7678,1,4,130,5,2,100.0,0,N,MELB_URBAN,FREEWAY,7,6.0
7679,1,1,121,1,1,80.0,0,I,MELB_URBAN,ROAD,6,7.0
7680,1,4,121,1,1,100.0,0,I,RURAL_VICTORIA,HIGHWAY,7,10.0
7681,1,6,99,2,3,60.0,0,I,MELB_URBAN,ROAD,7,18.0
7682,1,3,130,2,1,50.0,0,I,MELB_URBAN,ROAD,7,15.0
7683,1,3,133,5,1,80.0,0,N,MELB_URBAN,ROAD,7,13.0
7684,2,3,99,5,1,50.0,0,N,LARGE_PROVINCIAL_CITIES,STREET,5,14.0
7685,1,7,163,5,1,60.0,0,N,MELB_URBAN,BOULEVARD,7,14.0
7686,2,3,99,5,6,60.0,0,N,MELB_URBAN,DRIVE,4,22.0
7687,8,2,170,5,1,50.0,0,N,SMALL_CITIES,AVENUE,7,15.0
7688,2,7,99,2,1,50.0,0,N,TOWNS,OTHER,7,16.0
7689,1,4,140,2,1,70.0,0,I,MELB_URBAN,ROAD,7,16.0
7690,1,4,130,5,1,70.0,0,N,MELB_URBAN,ROAD,7,16.0
7691,1,1,134,4,3,50.0,0,I,MELB_URBAN,ROAD,7,21.0
7692,7,4,174,5,3,60.0,0,N,MELB_URBAN,PARADE,7,17.0
7693,2,4,102,1,2,60.0,0,I,MELB_URBAN,HIGHWAY,7,17.0
7694,1,3,99,1,3,60.0,0,I,MELB_URBAN,ROAD,7,20.0
7695,6,4,170,2,1,100.0,0,N,MELB_URBAN,ROAD,7,16.0
7696,4,4,173,5,3,80.0,0,N,MELB_URBAN,ROAD,7,3.0
7697,7,4,99,1,3,50.0,0,I,MELB_URBAN,STREET,7,19.0
7698,1,4,99,1,3,80.0,0,I,MELB_URBAN,ROAD,7,23.0
7699,4,4,171,1,3,60.0,0,I,MELB_URBAN,DRIVE,7,22.0
7700,4,5,171,2,3,40.0,0,I,MELB_URBAN,AVENUE,7,4.0
7701,4,4,173,2,2,80.0,0,I,MELB_URBAN,HIGHWAY,7,18.0
7702,4,5,171,2,1,60.0,0,I,SMALL_CITIES,STREET,7,8.0
7703,1,4,99,1,1,60.0,0,I,MELB_URBAN,ROAD,7,9.0
7704,2,3,99,5,1,60.0,0,I,MELB_URBAN,STREET,7,13.0
7705,1,7,130,5,2,60.0,0,N,MELB_URBAN,ROAD,7,17.0
7706,2,6,100,5,1,60.0,0,N,MELB_URBAN,ROAD,7,9.0
7707,1,5,121,1,1,60.0,0,I,MELB_URBAN,ROAD,7,10.0
7708,1,5,121,2,1,50.0,0,I,MELB_URBAN,ROAD,7,10.0
7709,5,7,99,5,1,60.0,0,N,RURAL_VICTORIA,ROAD,3,12.0
7710,1,5,130,5,1,100.0,0,N,MELB_URBAN,ROAD,7,9.0
7711,1,5,121,1,1,50.0,0,I,MELB_URBAN,HIGHWAY,7,12.0
7712,1,5,130,1,9,80.0,0,I,MELB_URBAN,HIGHWAY,4,10.0
7713,1,3,121,1,2,60.0,0,I,MELB_URBAN,ROAD,7,8.0
7714,3,5,171,5,5,100.0,0,I,RURAL_VICTORIA,ROAD,7,0.0
7715,2,5,99,2,1,80.0,0,I,MELB_URBAN,ROAD,7,12.0
7716,1,5,130,5,1,100.0,0,N,RURAL_VICTORIA,HIGHWAY,7,8.0
7717,4,5,171,2,1,50.0,0,I,SMALL_CITIES,STREET,7,17.0
7718,1,5,130,5,1,80.0,0,N,MELB_URBAN,UNKNOWN,7,16.0
7719,1,6,113,2,1,60.0,0,N,MELB_URBAN,ROAD,7,16.0
7720,1,5,130,5,1,50.0,0,N,MELB_URBAN,ROAD,7,15.0
7721,1,5,110,1,1,50.0,0,I,MELB_URBAN,STREET,7,15.0
7722,1,5,121,2,1,80.0,0,I,RURAL_VICTORIA,ROAD,7,16.0
7723,1,5,120,5,3,70.0,0,N,MELB_URBAN,ROAD,7,17.0
7724,1,4,113,2,3,60.0,0,I,MELB_URBAN,ROAD,7,23.0
7725,1,5,134,1,3,80.0,0,I,MELB_URBAN,HIGHWAY,7,17.0
7726,1,5,121,1,5,100.0,0,I,RURAL_VICTORIA,ROAD,7,18.0
7727,6,5,170,5,1,110.0,0,N,RURAL_VICTORIA,FREEWAY,7,16.0
7728,1,5,99,2,3,60.0,0,I,MELB_URBAN,ROAD,7,19.0
7729,1,5,113,1,3,60.0,0,I,MELB_URBAN,ROAD,7,18.0
7730,4,4,173,5,2,110.0,0,N,RURAL_VICTORIA,FREEWAY,7,16.0
7731,1,5,113,1,3,50.0,0,I,LARGE_PROVINCIAL_CITIES,ROAD,7,19.0
7732,1,5,110,1,5,70.0,0,I,MELB_URBAN,ROAD,7,20.0
7733,1,5,121,2,3,60.0,0,I,MELB_URBAN,ROAD,7,21.0
7734,6,5,174,1,3,50.0,0,N,TOWNS,AVENUE,7,20.0
7735,2,5,100,1,3,60.0,0,I,MELB_URBAN,ROAD,7,21.0
7736,1,7,130,1,9,60.0,0,I,MELB_URBAN,STREET,5,15.0
7737,1,5,135,1,3,80.0,0,I,MELB_URBAN,HIGHWAY,7,22.0
7738,1,5,140,5,3,60.0,0,N,MELB_URBAN,ROAD,7,19.0
7739,1,6,99,4,3,70.0,0,I,LARGE_PROVINCIAL_CITIES,HIGHWAY,7,0.0
7740,4,5,173,1,3,60.0,1,I,MELB_URBAN,ROAD,7,21.0
7741,1,6,132,1,1,80.0,0,I,MELB_URBAN,HIGHWAY,7,9.0
7742,2,4,100,5,3,70.0,0,N,MELB_URBAN,ROAD,6,1.0
7743,1,6,130,5,3,50.0,0,N,LARGE_PROVINCIAL_CITIES,ROAD,7,6.0
7744,2,6,99,2,1,60.0,0,I,MELB_URBAN,OTHER,7,11.0
7745,6,4,99,5,5,100.0,0,N,RURAL_VICTORIA,ROAD,5,21.0
7746,2,6,99,5,1,60.0,0,N,MELB_URBAN,ROAD,7,10.0
7747,1,3,113,2,3,60.0,0,I,LARGE_PROVINCIAL_CITIES,ROAD,6,18.0
7748,1,6,133,5,1,60.0,0,N,RURAL_VICTORIA,ROAD,7,15.0
7749,2,6,102,2,1,50.0,0,I,MELB_URBAN,AVENUE,7,12.0
7750,6,6,170,1,1,60.0,0,I,MELB_URBAN,ROAD,7,10.0
7751,2,6,102,1,1,40.0,0,I,MELB_URBAN,STREET,7,11.0
7752,1,6,130,5,1,60.0,0,N,MELB_URBAN,ROAD,7,13.0
7753,1,6,130,5,1,80.0,0,N,MELB_URBAN,ROAD,7,9.0
7754,1,6,130,5,1,110.0,0,N,RURAL_VICTORIA,FREEWAY,7,13.0
7755,1,6,130,5,1,80.0,0,N,MELB_URBAN,HIGHWAY,7,11.0
7756,1,6,130,5,1,100.0,0,N,RURAL_VICTORIA,FREEWAY,7,13.0
7757,1,5,111,2,3,70.0,0,N,MELB_URBAN,PARADE,7,20.0
7758,1,6,121,2,1,60.0,0,I,TOWNS,STREET,7,14.0
7759,1,6,132,2,1,60.0,0,I,MELB_URBAN,ROAD,7,9.0
7760,1,6,130,5,1,60.0,0,N,MELB_URBAN,ROAD,7,10.0
7761,1,6,132,2,1,80.0,0,I,RURAL_VICTORIA,ROAD,7,15.0
7762,1,6,147,1,1,50.0,0,I,MELB_URBAN,STREET,7,15.0
7763,1,3,130,2,9,60.0,0,I,MELB_URBAN,ROAD,4,13.0
7764,1,6,121,2,1,60.0,0,I,MELB_URBAN,ROAD,7,16.0
7765,6,5,184,5,1,60.0,0,N,RURAL_VICTORIA,OTHER,5,10.0
7766,1,6,147,1,3,40.0,0,I,MELB_URBAN,ROAD,7,18.0
7767,1,6,99,1,3,50.0,0,N,MELB_URBAN,ROAD,7,18.0
7768,7,4,174,5,1,50.0,0,N,SMALL_TOWNS,AVENUE,5,15.0
7769,1,6,99,5,1,100.0,0,N,RURAL_VICTORIA,HIGHWAY,7,16.0
7770,1,6,121,1,3,60.0,0,I,SMALL_CITIES,ROAD,7,18.0
7771,1,6,121,1,1,60.0,0,I,MELB_URBAN,OTHER,7,15.0
7772,1,6,110,1,3,60.0,0,I,MELB_URBAN,OTHER,7,20.0
7773,2,6,102,2,3,40.0,0,I,MELB_URBAN,ROAD,7,18.0
7774,1,6,121,4,3,70.0,0,I,MELB_URBAN,ROAD,7,18.0
7775,1,6,121,2,1,70.0,0,I,MELB_URBAN,STREET,7,16.0
7776,1,6,140,5,3,80.0,0,N,MELB_URBAN,HIGHWAY,7,19.0
7777,2,6,100,2,2,60.0,0,I,MELB_URBAN,ROAD,7,17.0
7778,1,6,121,1,3,60.0,0,I,MELB_URBAN,ROAD,7,18.0
7779,1,6,132,5,1,60.0,0,N,TOWNS,STREET,7,15.0
7780,1,6,99,1,3,60.0,0,I,MELB_URBAN,HIGHWAY,7,18.0
7781,1,6,121,1,3,70.0,0,I,MELB_URBAN,ROAD,7,23.0
7782,1,6,120,5,3,80.0,0,N,MELB_URBAN,ROAD,7,21.0
7783,1,6,132,1,3,60.0,0,N,MELB_URBAN,ROAD,7,22.0
7784,1,5,99,3,3,50.0,0,I,MELB_URBAN,ROAD,7,18.0
7785,1,7,110,1,3,60.0,0,I,MELB_URBAN,ROAD,7,1.0
7786,1,7,130,1,3,40.0,0,I,MELB_URBAN,STREET,7,1.0
7787,1,7,160,5,3,50.0,0,N,SMALL_CITIES,ROAD,7,0.0
7788,4,7,171,5,3,50.0,0,N,MELB_URBAN,STREET,7,0.0
7789,2,7,102,5,3,60.0,0,N,MELB_URBAN,STREET,7,3.0
7790,4,7,181,4,3,60.0,0,I,MELB_URBAN,STREET,7,2.0
7791,2,7,99,1,3,50.0,0,I,MELB_URBAN,ROAD,7,4.0
7792,8,7,174,5,5,100.0,1,N,RURAL_VICTORIA,ROAD,7,2.0
7793,1,7,110,1,1,50.0,0,I,SMALL_CITIES,STREET,7,9.0
7794,1,6,133,1,1,50.0,0,I,LARGE_PROVINCIAL_CITIES,STREET,7,7.0
7795,1,7,130,5,3,50.0,0,N,MELB_URBAN,STREET,7,4.0
7796,1,7,147,5,1,50.0,0,N,MELB_URBAN,ROAD,7,9.0
7797,1,7,110,1,1,60.0,0,I,LARGE_PROVINCIAL_CITIES,STREET,7,8.0
7798,4,7,173,5,1,60.0,0,N,MELB_URBAN,ROAD,7,7.0
7799,4,7,173,5,1,100.0,0,N,MELB_URBAN,FREEWAY,7,8.0
7800,1,7,132,2,1,90.0,0,I,LARGE_PROVINCIAL_CITIES,ROAD,7,10.0
7801,4,7,171,5,1,80.0,0,N,MELB_URBAN,HIGHWAY,7,12.0
7802,1,3,130,2,1,100.0,0,I,RURAL_VICTORIA,ROAD,7,13.0
7803,2,7,100,1,1,60.0,0,I,MELB_URBAN,ROAD,7,12.0
7804,1,7,99,5,1,80.0,0,N,MELB_URBAN,ROAD,7,12.0
7805,1,7,120,5,1,80.0,0,N,RURAL_VICTORIA,ROAD,7,11.0
7806,4,7,181,2,5,100.0,1,N,RURAL_VICTORIA,HIGHWAY,7,4.0
7807,1,7,110,1,1,100.0,0,I,RURAL_VICTORIA,ROAD,7,12.0
7808,1,6,99,5,6,60.0,0,N,MELB_URBAN,ROAD,7,19.0
7809,1,6,130,1,1,70.0,0,I,MELB_URBAN,STREET,6,8.0
7810,1,7,130,1,1,60.0,0,I,MELB_URBAN,STREET,7,14.0
7811,1,7,134,4,1,100.0,1,N,RURAL_VICTORIA,FREEWAY,7,8.0
7812,1,7,130,1,1,60.0,0,I,MELB_URBAN,STREET,7,10.0
7813,1,5,130,5,1,80.0,0,N,MELB_URBAN,RAMP,7,7.0
7814,1,7,163,5,1,40.0,0,N,MELB_URBAN,ROAD,7,14.0
7815,1,7,130,5,1,70.0,0,I,MELB_URBAN,ROAD,5,10.0
7816,8,7,170,1,1,50.0,0,N,MELB_URBAN,ROAD,7,15.0
7817,1,7,113,1,2,60.0,0,I,MELB_URBAN,ROAD,7,16.0
7818,2,7,99,2,1,60.0,0,I,MELB_URBAN,ROAD,7,15.0
7819,2,7,100,1,3,60.0,0,I,MELB_URBAN,STREET,7,18.0
7820,1,7,121,1,3,70.0,0,I,LARGE_PROVINCIAL_CITIES,STREET,7,18.0
7821,3,6,167,5,5,100.0,0,N,RURAL_VICTORIA,ROAD,7,18.0
7822,8,7,99,4,3,60.0,0,I,MELB_URBAN,STREET,7,20.0
7823,1,7,110,1,3,50.0,0,I,MELB_URBAN,STREET,7,18.0
7824,4,7,171,5,5,100.0,0,N,RURAL_VICTORIA,ROAD,7,18.0
7825,1,7,110,1,3,60.0,0,I,MELB_URBAN,STREET,7,19.0
7826,1,3,120,5,5,100.0,0,N,RURAL_VICTORIA,HIGHWAY,7,23.0
7827,1,7,111,1,5,100.0,1,I,RURAL_VICTORIA,HIGHWAY,7,18.0
7828,1,7,113,1,3,80.0,0,I,MELB_URBAN,ROAD,7,21.0
7829,8,7,99,5,3,50.0,0,N,SMALL_CITIES,UNKNOWN,7,23.0
7830,4,7,173,5,5,80.0,0,N,MELB_URBAN,ROAD,7,22.0