,accident_type,day_of_week,dca_code,road_geometry,light_condition,speed_zone,severity,node_type,deg_urban_name,road_type,month,hour
7831,2,1,100,5,3,80.0,0,N,MELB_URBAN,ROAD,7,4.0
7832,1,1,160,5,3,60.0,0,N,MELB_URBAN,PARADE,7,6.0
7833,1,5,111,2,1,60.0,0,I,MELB_URBAN,ROAD,6,9.0
7834,1,1,113,2,1,80.0,0,I,MELB_URBAN,HIGHWAY,7,7.0
7835,1,7,135,5,1,60.0,0,N,MELB_URBAN,DRIVE,7,14.0
7836,1,6,130,1,1,50.0,0,I,MELB_URBAN,STREET,6,16.0
7837,1,7,132,5,1,60.0,0,N,MELB_URBAN,ROAD,7,14.0
7838,7,1,99,5,1,50.0,0,N,MELB_URBAN,STREET,7,12.0
7839,4,1,171,5,1,100.0,0,N,RURAL_VICTORIA,FREEWAY,7,8.0
7840,1,1,130,1,1,60.0,0,I,MELB_URBAN,ROAD,7,7.0
7841,1,1,99,5,1,90.0,0,N,RURAL_VICTORIA,ROAD,7,10.0
7842,1,1,140,5,1,40.0,0,N,MELB_URBAN,ROAD,7,11.0
7843,8,7,174,5,1,60.0,0,N,RURAL_VICTORIA,ROAD,6,11.0
7844,1,7,120,5,3,70.0,0,N,RURAL_VICTORIA,ROAD,7,23.0
7845,1,1,130,2,1,60.0,0,I,MELB_URBAN,ROAD,7,14.0
7846,1,1,132,1,1,50.0,0,I,MELB_URBAN,AVENUE,7,15.0
7847,1,1,113,2,1,50.0,0,I,MELB_URBAN,ROAD,7,15.0
7848,8,1,174,5,1,100.0,0,N,RURAL_VICTORIA,HIGHWAY,7,16.0
7849,1,1,130,5,1,100.0,0,N,TOWNS,ROAD,7,17.0
7850,1,1,132,5,1,50.0,0,N,SMALL_CITIES,STREET,7,16.0
7851,4,1,171,5,1,80.0,0,N,MELB_URBAN,ROAD,7,17.0
7852,1,1,140,2,1,50.0,0,I,MELB_URBAN,STREET,7,17.0
7853,1,1,121,2,1,60.0,0,I,MELB_URBAN,ROAD,7,16.0
7854,1,1,110,1,3,70.0,0,N,MELB_URBAN,ROAD,7,17.0
7855,1,7,132,5,2,60.0,0,N,MELB_URBAN,ROAD,7,16.0
7856,8,1,99,5,5,60.0,0,N,RURAL_VICTORIA,ROAD,7,19.0
7857,1,6,99,5,1,50.0,0,N,MELBOURNE_CBD,STREET,7,14.0
7858,2,1,102,5,3,50.0,0,N,MELB_URBAN,HIGHWAY,7,4.0
7859,1,1,160,5,3,50.0,0,N,MELB_URBAN,DRIVE,7,19.0
7860,1,1,160,5,3,60.0,0,N,LARGE_PROVINCIAL_CITIES,STREET,7,21.0
7861,1,5,147,5,1,60.0,0,N,MELB_URBAN,ROAD,6,12.0
7862,1,2,133,5,3,100.0,0,N,MELB_URBAN,FREEWAY,7,6.0
7863,1,1,110,1,1,60.0,0,I,LARGE_PROVINCIAL_CITIES,STREET,7,12.0
7864,1,2,121,2,1,60.0,0,I,MELB_URBAN,STREET,7,8.0
7865,2,2,102,5,1,80.0,0,N,MELB_URBAN,ROAD,7,8.0
7866,7,5,99,5,1,50.0,0,N,LARGE_PROVINCIAL_CITIES,STREET,6,15.0
7867,1,2,121,1,1,60.0,0,I,MELB_URBAN,ROAD,7,8.0
7868,1,1,140,5,1,50.0,0,N,MELB_URBAN,OTHER,7,9.0
7869,1,4,130,1,1,60.0,0,I,MELB_URBAN,ROAD,7,17.0
7870,1,2,99,5,1,100.0,0,N,MELB_URBAN,FREEWAY,7,9.0
7871,1,1,121,1,3,50.0,0,I,LARGE_PROVINCIAL_CITIES,STREET,7,20.0
7872,1,2,110,1,1,60.0,0,I,MELB_URBAN,ROAD,7,10.0
7873,1,4,130,5,1,70.0,0,N,MELB_URBAN,ROAD,7,14.0
7874,1,2,130,5,1,80.0,0,N,MELB_URBAN,ROAD,7,8.0
7875,1,2,113,2,1,70.0,0,I,MELB_URBAN,ROAD,7,11.0
7876,1,3,99,1,1,80.0,0,I,MELB_URBAN,ROAD,7,9.0
7877,1,2,121,5,1,60.0,0,N,RURAL_VICTORIA,OTHER,7,11.0
7878,4,2,183,5,1,80.0,0,N,RURAL_VICTORIA,ROAD,7,11.0
7879,1,2,121,1,1,40.0,0,I,MELB_URBAN,OTHER,7,13.0
7880,1,2,110,1,1,60.0,0,I,MELB_URBAN,ROAD,7,8.0
7881,2,1,102,1,3,60.0,0,I,MELB_URBAN,ROAD,7,6.0
7882,4,2,173,5,1,100.0,0,N,RURAL_VICTORIA,ROAD,7,10.0
7883,2,2,99,5,1,50.0,0,N,MELB_URBAN,STREET,7,15.0
7884,1,2,132,2,1,70.0,0,I,RURAL_VICTORIA,ROAD,7,14.0
7885,2,2,100,2,1,50.0,0,I,MELB_URBAN,ROAD,7,8.0
7886,4,7,171,5,5,60.0,0,N,SMALL_TOWNS,ROAD,7,22.0
7887,1,1,130,5,1,60.0,0,N,MELB_URBAN,OTHER,7,10.0
7888,2,2,100,5,1,60.0,0,N,SMALL_CITIES,STREET,7,14.0
7889,4,2,171,5,1,100.0,0,N,RURAL_VICTORIA,HIGHWAY,7,15.0
7890,2,2,100,5,3,50.0,0,N,SMALL_CITIES,STREET,7,17.0
7891,4,2,171,1,1,60.0,0,I,MELB_URBAN,ROAD,7,15.0
7892,1,7,99,2,1,60.0,0,I,MELB_URBAN,FREEWAY,5,16.0
7893,1,2,120,5,1,100.0,0,N,RURAL_VICTORIA,ROAD,7,15.0
7894,1,2,130,5,3,80.0,0,N,MELB_URBAN,ROAD,7,17.0
7895,1,2,147,5,3,40.0,0,N,MELB_URBAN,STREET,7,19.0
7896,1,2,130,1,1,70.0,0,I,MELB_URBAN,ROAD,7,15.0
7897,4,2,171,5,5,100.0,0,N,RURAL_VICTORIA,ROAD,7,19.0
7898,3,4,167,5,2,100.0,0,N,SMALL_TOWNS,ROAD,6,7.0
7899,1,2,121,2,2,60.0,0,I,MELB_URBAN,AVENUE,7,17.0
7900,1,2,147,2,3,30.0,0,I,MELB_URBAN,OTHER,7,21.0
7901,6,2,170,5,3,80.0,0,N,MELB_URBAN,ROAD,7,21.0
7902,1,1,99,4,1,70.0,0,N,MELB_URBAN,RAMP,7,15.0
7903,1,2,130,5,3,80.0,0,N,MELB_URBAN,ROAD,7,22.0
7904,2,2,102,2,3,60.0,0,I,MELB_URBAN,STREET,7,18.0
7905,8,2,174,5,1,60.0,0,N,MELB_URBAN,ROAD,7,11.0
7906,1,3,140,5,9,60.0,0,N,MELB_URBAN,ROAD,6,7.0
7907,1,3,130,5,5,100.0,0,N,MELB_URBAN,FREEWAY,7,8.0
7908,1,3,99,2,1,40.0,0,I,SMALL_CITIES,ROAD,7,8.0
7909,1,3,132,2,1,60.0,0,I,MELB_URBAN,ROAD,7,8.0
7910,5,1,173,5,2,60.0,0,N,RURAL_VICTORIA,ROAD,7,16.0
7911,1,6,130,5,1,60.0,0,N,MELB_URBAN,STREET,7,8.0
7912,1,3,135,5,1,80.0,0,N,MELB_URBAN,ROAD,7,9.0
7913,4,3,171,5,1,60.0,0,N,MELB_URBAN,ROAD,7,9.0
7914,1,3,130,5,1,80.0,0,N,MELB_URBAN,ROAD,7,8.0
7915,1,2,113,1,1,100.0,0,I,RURAL_VICTORIA,ROAD,7,14.0
7916,1,2,130,5,6,80.0,0,N,MELB_URBAN,ROAD,7,6.0
7917,1,3,110,1,1,60.0,0,I,MELB_URBAN,STREET,7,11.0
7918,4,4,181,5,5,80.0,0,N,RURAL_VICTORIA,ROAD,6,22.0
7919,6,3,99,5,5,110.0,0,N,RURAL_VICTORIA,HIGHWAY,7,1.0
7920,1,3,147,5,1,60.0,0,N,MELB_URBAN,STREET,7,9.0
7921,4,3,173,5,1,60.0,0,N,MELB_URBAN,ROAD,7,15.0
7922,1,3,121,1,1,60.0,0,I,MELB_URBAN,ROAD,5,16.0
7923,4,3,99,5,1,50.0,0,N,SMALL_CITIES,UNKNOWN,7,14.0
7924,8,4,174,1,6,60.0,0,I,MELB_URBAN,ROAD,7,4.0
7925,4,3,171,5,1,60.0,0,N,MELB_URBAN,ROAD,7,13.0
7926,1,2,130,2,1,60.0,0,I,MELB_URBAN,STREET,6,8.0
7927,1,3,132,1,1,90.0,0,I,RURAL_VICTORIA,HIGHWAY,7,16.0
7928,2,3,100,5,1,40.0,0,I,MELB_URBAN,STREET,7,15.0
7929,2,6,100,1,6,60.0,0,I,MELB_URBAN,STREET,4,0.0
7930,6,3,99,2,2,100.0,0,I,RURAL_VICTORIA,ROAD,7,16.0
7931,5,3,99,5,3,60.0,0,N,MELB_URBAN,ROAD,7,17.0
7932,1,3,99,2,1,110.0,0,I,RURAL_VICTORIA,HIGHWAY,7,10.0
7933,1,3,111,1,3,70.0,0,N,SMALL_CITIES,AVENUE,7,18.0
7934,1,3,160,5,2,50.0,0,N,MELB_URBAN,ROAD,7,17.0
7935,1,3,130,5,1,50.0,0,N,MELB_URBAN,AVENUE,7,16.0
7936,1,3,99,2,3,50.0,0,I,MELB_URBAN,STREET,7,20.0
7937,1,3,121,1,3,60.0,0,I,MELB_URBAN,STREET,7,18.0
7938,3,3,167,5,5,100.0,0,N,RURAL_VICTORIA,ROAD,7,23.0
7939,2,4,100,2,6,50.0,0,I,MELB_URBAN,ROAD,8,7.0
7940,1,3,133,1,3,50.0,0,I,LARGE_PROVINCIAL_CITIES,STREET,8,7.0
7941,4,4,171,5,1,90.0,0,N,RURAL_VICTORIA,HIGHWAY,8,8.0
7942,1,4,130,9,2,60.0,0,N,MELB_URBAN,OTHER,8,7.0
7943,1,2,99,5,1,60.0,0,N,LARGE_PROVINCIAL_CITIES,OTHER,7,13.0
7944,5,3,99,5,1,50.0,0,N,LARGE_PROVINCIAL_CITIES,OTHER,7,16.0
7945,1,2,130,1,1,60.0,0,I,MELB_URBAN,ROAD,7,14.0
7946,1,1,130,1,9,60.0,0,I,MELB_URBAN,STREET,6,12.0
7947,1,2,130,2,1,60.0,0,I,MELB_URBAN,ROAD,7,14.0
7948,1,2,99,5,1,60.0,0,N,MELB_URBAN,ROAD,7,16.0
7949,4,4,99,2,1,50.0,0,I,MELB_URBAN,STREET,8,9.0
7950,1,4,113,1,1,100.0,0,I,RURAL_VICTORIA,HIGHWAY,8,12.0
7951,4,5,171,5,5,80.0,0,N,SMALL_CITIES,ROAD,6,17.0
7952,1,4,130,1,1,50.0,0,I,MELB_URBAN,STREET,8,9.0
7953,2,4,99,1,1,70.0,0,I,MELB_URBAN,STREET,8,13.0
7954,1,4,99,5,1,80.0,0,N,MELB_URBAN,UNKNOWN,8,14.0
7955,1,4,130,5,1,80.0,0,N,MELB_URBAN,HIGHWAY,8,8.0
7956,4,4,171,1,3,60.0,1,I,MELB_URBAN,ROAD,8,2.0
7957,1,4,130,2,2,60.0,0,I,MELB_URBAN,ROAD,8,6.0
7958,1,4,147,2,1,60.0,0,I,LARGE_PROVINCIAL_CITIES,ROAD,8,13.0
7959,2,4,99,1,1,60.0,0,I,SMALL_TOWNS,STREET,7,16.0
7960,1,4,130,1,1,60.0,0,I,MELB_URBAN,AVENUE,7,12.0
7961,1,4,135,5,1,50.0,0,N,TOWNS,STREET,4,12.0
7962,8,3,99,2,6,100.0,0,I,RURAL_VICTORIA,ROAD,7,19.0
7963,4,4,171,2,1,60.0,0,I,MELB_URBAN,ROAD,8,14.0
7964,1,4,110,1,1,50.0,0,I,TOWNS,STREET,8,15.0
7965,1,4,113,2,1,40.0,0,I,MELB_URBAN,STREET,8,15.0
7966,1,4,130,5,2,70.0,0,N,MELB_URBAN,ROAD,8,16.0
7967,6,2,170,5,1,100.0,0,N,RURAL_VICTORIA,HIGHWAY,7,11.0
7968,1,4,160,2,1,60.0,0,I,MELB_URBAN,ROAD,8,16.0
7969,1,4,120,5,5,70.0,0,N,MELB_URBAN,ROAD,8,17.0
7970,1,4,110,1,3,50.0,0,I,MELB_URBAN,STREET,8,19.0
7971,4,4,181,5,1,60.0,0,N,MELB_URBAN,STREET,5,16.0
7972,1,3,130,1,1,60.0,0,I,MELB_URBAN,ROAD,7,15.0
7973,8,3,174,1,1,70.0,0,I,MELB_URBAN,ROAD,7,14.0
7974,1,4,130,5,3,80.0,0,N,MELB_URBAN,ROAD,8,19.0
7975,1,4,121,1,3,70.0,0,I,MELB_URBAN,ROAD,8,20.0
7976,1,4,120,2,3,60.0,0,I,MELB_URBAN,ROAD,8,19.0
7977,1,4,130,2,1,80.0,0,I,MELB_URBAN,HIGHWAY,8,16.0
7978,1,4,130,2,1,80.0,0,I,RURAL_VICTORIA,ROAD,8,15.0
7979,1,4,160,2,9,60.0,0,I,MELB_URBAN,ROAD,8,19.0
7980,1,4,140,2,1,50.0,0,I,MELB_URBAN,DRIVE,8,16.0
7981,2,3,100,2,1,40.0,0,I,MELB_URBAN,STREET,7,8.0
7982,1,4,130,5,1,80.0,0,UNKNOWN,UNKNOWN,UNKNOWN,7,18.0
7983,1,5,120,5,3,60.0,0,N,MELB_URBAN,ROAD,8,6.0
7984,1,5,130,5,1,80.0,0,N,MELB_URBAN,ROAD,8,7.0
7985,1,3,130,5,1,100.0,0,N,RURAL_VICTORIA,ROAD,4,16.0
7986,4,4,181,5,1,110.0,0,N,RURAL_VICTORIA,FREEWAY,8,16.0
7987,1,5,130,5,1,100.0,0,N,MELB_URBAN,FREEWAY,8,6.0
7988,4,5,173,5,1,100.0,0,I,RURAL_VICTORIA,ROAD,8,8.0
7989,1,5,110,1,1,60.0,0,I,MELB_URBAN,ROAD,8,7.0
7990,1,5,99,1,1,80.0,0,I,MELB_URBAN,HIGHWAY,8,9.0
7991,1,5,121,2,1,60.0,0,I,MELB_URBAN,ROAD,8,8.0
7992,8,1,99,5,1,60.0,0,N,RURAL_VICTORIA,ROAD,7,13.0
7993,6,5,99,5,1,100.0,0,N,RURAL_VICTORIA,ROAD,8,8.0
7994,2,7,100,1,9,60.0,0,I,MELB_URBAN,ROAD,7,12.0
7995,2,4,99,2,3,50.0,0,I,TOWNS,STREET,8,22.0
7996,1,1,99,1,1,60.0,0,I,MELB_URBAN,ROAD,7,18.0
7997,1,5,110,1,1,80.0,0,N,MELB_URBAN,ROAD,8,12.0
7998,7,4,99,2,1,60.0,0,I,RURAL_VICTORIA,OTHER,8,15.0
7999,1,2,130,5,3,60.0,0,N,MELB_URBAN,OTHER,7,19.0
8000,1,2,133,1,1,70.0,0,I,MELB_URBAN,STREET,7,12.0
8001,2,5,102,1,1,50.0,0,I,MELB_URBAN,STREET,8,9.0
8002,2,5,100,2,1,80.0,0,I,MELB_URBAN,ROAD,8,12.0
8003,1,7,163,5,1,50.0,0,N,LARGE_PROVINCIAL_CITIES,STREET,7,11.0
8004,2,5,102,1,1,50.0,0,I,TOWNS,STREET,8,10.0
8005,8,4,99,5,1,60.0,0,N,MELB_URBAN,HIGHWAY,7,10.0
8006,1,5,163,5,1,60.0,0,N,MELB_URBAN,STREET,8,16.0
8007,1,5,110,1,1,60.0,0,I,MELB_URBAN,ROAD,8,10.0
8008,1,4,110,1,1,50.0,0,I,MELB_URBAN,ROAD,5,16.0
8009,4,5,183,5,1,100.0,0,N,RURAL_VICTORIA,ROAD,8,13.0
8010,4,5,99,2,2,60.0,0,N,MELB_URBAN,STREET,8,17.0
8011,1,3,130,2,3,70.0,0,I,MELB_URBAN,ROAD,7,19.0
8012,4,3,171,5,1,60.0,0,N,RURAL_VICTORIA,HIGHWAY,7,12.0
8013,1,5,130,5,3,80.0,0,N,MELB_URBAN,BOULEVARD,5,21.0
8014,2,5,100,5,5,70.0,0,N,MELB_URBAN,ROAD,8,19.0
8015,1,5,130,2,3,60.0,0,I,MELB_URBAN,ROAD,8,20.0
8016,1,3,130,5,6,60.0,0,N,MELB_URBAN,ROAD,7,16.0
8017,2,7,100,5,1,40.0,0,N,MELB_URBAN,STREET,7,9.0
8018,1,5,130,5,3,60.0,0,N,LARGE_PROVINCIAL_CITIES,ROAD,8,23.0
8019,1,6,160,1,3,60.0,0,I,LARGE_PROVINCIAL_CITIES,AVENUE,8,2.0
8020,1,2,121,1,1,60.0,0,I,MELB_URBAN,OTHER,7,13.0
8021,4,6,173,5,5,100.0,0,N,RURAL_VICTORIA,HIGHWAY,8,2.0
8022,1,6,140,5,2,50.0,0,N,MELB_URBAN,STREET,8,6.0
8023,4,6,173,5,2,80.0,0,N,MELB_URBAN,ROAD,8,7.0
8024,1,6,130,1,1,70.0,0,I,MELB_URBAN,ROAD,8,8.0
8025,1,6,99,5,1,50.0,0,N,MELB_URBAN,ROAD,8,8.0
8026,1,6,113,1,1,50.0,0,I,MELB_URBAN,STREET,8,9.0
8027,2,3,99,2,2,50.0,0,N,MELB_URBAN,DRIVE,7,6.0
8028,1,6,121,5,1,60.0,0,N,MELB_URBAN,STREET,8,10.0
8029,1,6,120,5,1,60.0,0,N,TOWNS,ROAD,8,8.0
8030,1,6,121,2,1,60.0,0,I,MELB_URBAN,ROAD,8,9.0
8031,1,4,110,1,1,50.0,0,I,MELB_URBAN,OTHER,8,12.0
8032,1,6,120,5,1,80.0,0,N,SMALL_TOWNS,ROAD,8,8.0
8033,3,4,167,5,2,100.0,0,N,RURAL_VICTORIA,ROAD,8,6.0
8034,2,6,99,5,1,80.0,0,N,MELB_URBAN,ROAD,8,10.0
8035,1,6,113,2,1,60.0,0,I,SMALL_CITIES,ROAD,8,12.0
8036,1,6,116,2,1,60.0,0,I,MELB_URBAN,AVENUE,8,14.0
8037,1,6,130,5,1,60.0,0,N,SMALL_CITIES,ROAD,8,13.0
8038,1,5,121,2,1,60.0,0,I,MELB_URBAN,STREET,8,8.0
8039,8,6,99,5,2,100.0,0,N,RURAL_VICTORIA,ROAD,8,7.0
8040,2,6,99,5,1,50.0,0,N,MELB_URBAN,STREET,8,10.0
8041,4,6,173,5,1,70.0,0,N,MELB_URBAN,STREET,8,14.0
8042,2,6,100,5,1,40.0,0,N,LARGE_PROVINCIAL_CITIES,ROAD,8,15.0
8043,2,6,99,5,1,50.0,0,N,MELB_URBAN,HIGHWAY,8,15.0
8044,1,6,121,2,1,100.0,0,I,RURAL_VICTORIA,ROAD,8,15.0
8045,1,6,113,2,1,80.0,0,I,SMALL_CITIES,HIGHWAY,8,15.0
8046,1,6,110,1,1,60.0,0,I,SMALL_CITIES,STREET,8,16.0
8047,1,6,171,5,1,50.0,0,N,MELB_URBAN,STREET,8,14.0
8048,1,6,130,2,1,70.0,0,N,SMALL_TOWNS,ROAD,8,16.0
8049,1,6,121,2,1,60.0,0,I,MELB_URBAN,ROAD,8,17.0
8050,1,6,121,1,2,60.0,0,I,MELB_URBAN,STREET,8,17.0
8051,1,6,113,1,1,70.0,0,I,MELB_URBAN,ROAD,8,15.0
8052,1,6,121,5,3,60.0,0,I,MELB_URBAN,ROAD,8,18.0
8053,4,6,171,5,2,100.0,0,N,RURAL_VICTORIA,ROAD,8,18.0
8054,1,6,121,2,2,60.0,0,I,MELB_URBAN,ROAD,8,17.0
8055,1,6,121,1,3,60.0,0,I,LARGE_PROVINCIAL_CITIES,STREET,8,21.0
8056,3,6,167,5,5,80.0,0,N,TOWNS,ROAD,8,20.0
8057,1,6,110,1,3,70.0,0,I,MELB_URBAN,HIGHWAY,8,23.0
8058,1,6,113,2,2,60.0,0,I,MELB_URBAN,ROAD,8,18.0
8059,1,7,130,1,3,80.0,0,I,MELB_URBAN,ROAD,8,1.0
8060,1,7,130,5,3,80.0,0,N,MELB_URBAN,ROAD,8,0.0
8061,1,7,130,2,3,60.0,0,I,MELB_URBAN,ROAD,8,1.0
8062,4,7,173,5,5,50.0,0,N,RURAL_VICTORIA,ROAD,8,0.0
8063,4,5,173,5,3,50.0,0,N,SMALL_CITIES,STREET,8,23.0
8064,1,6,130,2,1,60.0,0,I,MELB_URBAN,DRIVE,8,10.0
8065,4,7,183,5,1,60.0,0,N,MELB_URBAN,ROAD,8,9.0
8066,1,7,130,2,1,60.0,0,I,MELB_URBAN,ROAD,8,13.0
8067,2,7,100,2,1,30.0,0,I,MELBOURNE_CBD,STREET,6,12.0
8068,1,7,140,5,1,80.0,0,N,MELB_URBAN,ROAD,8,10.0
8069,1,7,130,5,1,70.0,0,N,SMALL_CITIES,OTHER,8,12.0
8070,1,7,130,5,1,100.0,0,N,RURAL_VICTORIA,ROAD,8,11.0
8071,4,7,171,5,1,50.0,0,N,MELB_URBAN,OTHER,8,13.0
8072,1,2,130,2,1,60.0,0,N,MELB_URBAN,ROAD,6,11.0
8073,1,7,120,5,1,80.0,0,N,SMALL_TOWNS,ROAD,8,14.0
8074,2,7,99,5,1,50.0,0,N,MELB_URBAN,ROAD,8,15.0
8075,1,7,99,1,1,60.0,0,I,MELB_URBAN,STREET,8,16.0
8076,4,7,173,5,1,60.0,0,N,MELB_URBAN,ROAD,8,15.0
8077,2,7,102,2,5,50.0,0,I,MELB_URBAN,ROAD,8,18.0
8078,4,7,99,2,1,40.0,0,I,MELB_URBAN,STREET,8,15.0
8079,1,4,99,2,1,60.0,0,I,MELB_URBAN,ROAD,8,10.0
8080,1,7,121,2,3,60.0,0,I,MELB_URBAN,ROAD,8,20.0
8081,1,7,99,5,3,50.0,0,N,MELB_URBAN,UNKNOWN,8,19.0
8082,1,7,130,5,5,60.0,0,N,MELB_URBAN,UNKNOWN,8,21.0
8083,4,7,171,4,1,60.0,0,I,MELB_URBAN,ROAD,8,5.0
8084,1,7,121,1,3,60.0,0,I,MELB_URBAN,ROAD,8,21.0
8085,4,7,171,5,3,60.0,0,N,MELB_URBAN,ROAD,8,22.0
8086,2,1,99,5,3,60.0,0,N,MELB_URBAN,ROAD,8,1.0
8087,1,4,116,4,1,80.0,0,N,MELB_URBAN,ROAD,7,12.0
8088,5,1,183,2,1,100.0,0,I,RURAL_VICTORIA,ROAD,8,7.0
8089,8,7,184,9,1,80.0,0,N,RURAL_VICTORIA,ROAD,8,15.0
8090,1,7,113,1,2,80.0,0,N,MELB_URBAN,ROAD,8,17.0
8091,4,1,173,5,1,50.0,0,N,TOWNS,ROAD,8,7.0
8092,1,6,110,1,3,40.0,0,I,MELB_URBAN,STREET,5,18.0
8093,1,1,147,2,1,60.0,0,I,MELB_URBAN,ROAD,8,7.0
8094,1,1,110,1,1,50.0,0,I,SMALL_CITIES,ROAD,8,11.0
8095,8,1,170,1,1,60.0,0,I,MELB_URBAN,OTHER,8,12.0
8096,1,5,130,4,1,70.0,0,I,MELB_URBAN,RAMP,1,18.0
8097,1,1,132,2,1,60.0,0,I,MELB_URBAN,STREET,8,14.0
8098,1,7,130,2,1,80.0,0,N,TOWNS,HIGHWAY,8,17.0
8099,8,1,174,2,1,50.0,0,I,LARGE_PROVINCIAL_CITIES,ROAD,8,15.0
8100,4,1,171,5,9,80.0,0,N,MELB_URBAN,HIGHWAY,8,1.0
8101,8,1,99,5,1,50.0,0,N,MELB_URBAN,ROAD,8,15.0
8102,7,1,99,1,1,50.0,0,I,SMALL_TOWNS,STREET,8,16.0
8103,1,1,110,1,2,110.0,0,I,RURAL_VICTORIA,FREEWAY,8,17.0
8104,1,1,120,5,1,50.0,0,N,MELB_URBAN,DRIVE,8,14.0
8105,1,5,110,1,1,60.0,0,I,MELB_URBAN,ROAD,7,15.0
8106,1,1,133,5,1,60.0,0,N,MELB_URBAN,ROAD,8,16.0
8107,4,7,171,5,1,100.0,0,N,SMALL_TOWNS,STREET,8,16.0
8108,1,1,160,2,2,40.0,0,I,MELB_URBAN,STREET,8,17.0
8109,7,1,184,5,1,100.0,1,N,RURAL_VICTORIA,ROAD,8,15.0
8110,1,1,121,1,1,60.0,0,I,MELB_URBAN,STREET,8,16.0
8111,4,1,173,5,2,60.0,0,N,MELB_URBAN,ROAD,8,17.0
8112,1,1,113,2,3,60.0,0,I,LARGE_PROVINCIAL_CITIES,OTHER,8,19.0
8113,4,1,171,5,2,100.0,0,N,RURAL_VICTORIA,ROAD,8,17.0
8114,1,1,99,2,2,100.0,0,I,RURAL_VICTORIA,ROAD,8,17.0
8115,2,1,99,5,5,40.0,0,N,SMALL_CITIES,HIGHWAY,8,18.0
8116,1,1,130,5,1,60.0,0,N,MELB_URBAN,ROAD,6,15.0
8117,8,2,99,5,5,80.0,0,N,RURAL_VICTORIA,ROAD,8,6.0
8118,1,2,135,5,3,80.0,0,N,MELB_URBAN,FREEWAY,8,6.0
8119,7,6,99,2,1,50.0,0,I,LARGE_PROVINCIAL_CITIES,AVENUE,8,8.0
8120,8,5,174,5,5,90.0,0,N,RURAL_VICTORIA,DRIVE,6,19.0
8121,1,6,130,5,3,80.0,0,N,MELB_URBAN,ROAD,8,18.0
8122,2,2,99,1,1,60.0,0,I,MELB_URBAN,ROAD,8,13.0
8123,1,2,99,5,1,50.0,0,N,MELB_URBAN,STREET,8,13.0
8124,8,6,174,1,2,60.0,0,I,LARGE_PROVINCIAL_CITIES,STREET,7,17.0
8125,2,2,102,1,1,70.0,0,I,MELB_URBAN,ROAD,8,13.0
8126,1,7,110,1,1,80.0,0,I,MELB_URBAN,ROAD,8,8.0
8127,1,2,130,2,1,60.0,0,I,LARGE_PROVINCIAL_CITIES,STREET,8,14.0
8128,1,5,130,2,3,80.0,0,I,MELB_URBAN,ROAD,7,19.0
8129,1,6,130,1,1,60.0,0,I,MELB_URBAN,ROAD,3,14.0
8130,1,2,113,2,1,80.0,0,I,MELB_URBAN,HIGHWAY,8,15.0
8131,1,2,130,5,1,100.0,0,N,MELB_URBAN,FREEWAY,8,15.0
8132,1,2,120,5,1,80.0,0,N,MELB_URBAN,ROAD,8,13.0
8133,1,2,110,1,1,80.0,0,I,SMALL_CITIES,AVENUE,8,14.0
8134,4,5,171,5,1,80.0,0,N,RURAL_VICTORIA,ROAD,6,15.0
8135,1,2,113,2,1,60.0,1,I,MELB_URBAN,ROAD,8,9.0
8136,1,2,130,1,1,80.0,0,I,MELB_URBAN,HIGHWAY,8,17.0
8137,1,2,113,2,1,50.0,0,I,LARGE_PROVINCIAL_CITIES,STREET,8,16.0
8138,1,1,134,5,3,80.0,0,I,MELB_URBAN,UNKNOWN,8,18.0
8139,1,7,133,2,3,80.0,0,I,MELB_URBAN,ROAD,8,23.0
8140,6,2,99,5,5,110.0,0,N,RURAL_VICTORIA,FREEWAY,8,6.0
8141,1,2,132,2,3,50.0,0,I,MELB_URBAN,STREET,8,19.0
8142,1,2,120,2,5,100.0,0,I,RURAL_VICTORIA,HIGHWAY,8,6.0
8143,1,2,130,5,1,100.0,0,N,MELB_URBAN,FREEWAY,7,8.0
8144,8,2,170,5,1,100.0,0,N,RURAL_VICTORIA,ROAD,8,14.0
8145,1,3,121,4,2,60.0,0,I,MELB_URBAN,STREET,8,7.0
8146,4,6,173,5,5,100.0,0,N,RURAL_VICTORIA,ROAD,8,19.0
8147,1,3,121,2,1,60.0,0,I,MELB_URBAN,STREET,8,8.0
8148,2,3,100,2,1,50.0,0,I,MELB_URBAN,STREET,8,9.0
8149,1,3,99,1,2,80.0,0,I,MELB_URBAN,HIGHWAY,8,6.0
8150,1,3,113,1,1,50.0,0,I,MELB_URBAN,STREET,8,8.0
8151,2,3,102,5,1,50.0,0,N,MELB_URBAN,STREET,8,9.0
8152,2,3,100,1,1,60.0,0,I,MELB_URBAN,ROAD,8,8.0
8153,1,2,110,1,3,60.0,0,I,MELB_URBAN,ROAD,4,19.0
8154,1,7,147,5,1,80.0,0,N,SMALL_CITIES,HIGHWAY,8,14.0
8155,2,3,99,2,3,50.0,0,I,MELB_URBAN,ROAD,8,6.0
8156,4,3,99,2,1,50.0,0,I,MELB_URBAN,ROAD,8,9.0
8157,1,6,130,5,2,60.0,0,N,MELB_URBAN,DRIVE,8,18.0
8158,1,7,134,2,1,50.0,0,I,MELB_URBAN,STREET,8,13.0
8159,4,3,171,5,1,60.0,0,N,RURAL_VICTORIA,ROAD,8,8.0
8160,2,3,100,2,1,50.0,0,I,MELB_URBAN,STREET,8,10.0
8161,1,6,99,2,2,60.0,0,I,MELB_URBAN,ROAD,8,7.0
8162,1,2,111,1,3,60.0,0,I,MELBOURNE_CBD,STREET,8,20.0
8163,1,3,130,5,1,60.0,0,N,RURAL_VICTORIA,ROAD,8,8.0
8164,1,3,120,5,1,50.0,0,N,MELB_URBAN,STREET,8,12.0
8165,5,3,99,2,1,80.0,0,I,RURAL_VICTORIA,ROAD,8,13.0
8166,1,6,140,5,1,60.0,0,N,MELB_URBAN,ROAD,8,7.0
8167,1,4,130,2,1,80.0,0,I,MELB_URBAN,ROAD,3,10.0
8168,2,2,99,2,1,80.0,0,I,MELB_URBAN,ROAD,8,16.0
8169,1,3,99,1,1,60.0,0,I,MELB_URBAN,ROAD,8,15.0
8170,1,2,121,1,1,50.0,0,I,MELB_URBAN,STREET,8,16.0
8171,1,5,130,5,1,80.0,0,N,MELB_URBAN,ROAD,7,6.0