,accident_type,day_of_week,dca_code,road_geometry,light_condition,speed_zone,severity,node_type,deg_urban_name,road_type,month,hour
8172,1,3,113,2,1,50.0,0,I,MELB_URBAN,AVENUE,8,16.0
8173,2,3,100,1,3,40.0,0,I,MELB_URBAN,ROAD,8,18.0
8174,1,3,113,1,3,60.0,0,I,MELB_URBAN,STREET,8,18.0
8175,2,3,100,2,3,50.0,0,I,MELB_URBAN,ROAD,8,18.0
8176,1,3,121,1,3,60.0,0,I,MELB_URBAN,ROAD,8,18.0
8177,1,3,113,2,3,50.0,0,I,TOWNS,ROAD,8,18.0
8178,1,6,130,1,1,60.0,0,I,MELB_URBAN,STREET,6,16.0
8179,1,3,120,5,5,100.0,0,N,MELB_URBAN,HIGHWAY,8,19.0
8180,1,3,99,2,1,60.0,1,I,LARGE_PROVINCIAL_CITIES,STREET,8,17.0
8181,1,1,110,1,1,60.0,0,I,MELB_URBAN,ROAD,8,16.0
8182,1,3,130,1,1,60.0,0,I,RURAL_VICTORIA,ROAD,8,7.0
8183,1,3,160,5,3,50.0,0,N,MELB_URBAN,OTHER,8,22.0
8184,3,3,167,5,5,100.0,0,N,RURAL_VICTORIA,HIGHWAY,8,23.0
8185,5,4,99,5,5,80.0,0,N,RURAL_VICTORIA,ROAD,8,1.0
8186,3,4,167,5,5,70.0,0,N,RURAL_VICTORIA,ROAD,8,0.0
8187,1,6,110,1,1,50.0,0,I,TOWNS,STREET,6,13.0
8188,1,7,160,2,1,70.0,0,I,MELB_URBAN,ROAD,7,16.0
8189,1,3,116,2,2,70.0,0,I,MELB_URBAN,ROAD,8,6.0
8190,1,6,113,2,3,50.0,0,I,MELB_URBAN,OTHER,8,19.0
8191,1,4,135,2,1,60.0,0,N,MELB_URBAN,ROAD,8,8.0
8192,1,5,147,2,1,60.0,0,I,MELB_URBAN,ROAD,8,14.0
8193,1,4,99,1,1,60.0,0,I,MELB_URBAN,ROAD,8,8.0
8194,4,6,171,5,1,100.0,0,N,RURAL_VICTORIA,ROAD,6,15.0
8195,1,3,121,2,2,60.0,0,I,MELB_URBAN,ROAD,8,18.0
8196,1,3,130,5,2,60.0,0,N,MELB_URBAN,ROAD,6,18.0
8197,1,4,135,5,3,80.0,0,N,MELB_URBAN,FREEWAY,8,6.0
8198,1,4,130,1,1,60.0,0,I,MELB_URBAN,ROAD,8,11.0
8199,1,4,121,2,1,60.0,0,I,MELB_URBAN,BOULEVARD,8,11.0
8200,4,3,171,5,5,80.0,0,N,RURAL_VICTORIA,ROAD,8,23.0
8201,2,4,99,5,1,60.0,0,N,MELB_URBAN,STREET,8,13.0
8202,1,2,121,1,1,60.0,0,I,MELB_URBAN,ROAD,1,9.0
8203,1,4,171,1,1,60.0,0,I,LARGE_PROVINCIAL_CITIES,STREET,8,13.0
8204,1,4,120,5,1,60.0,0,N,TOWNS,HIGHWAY,8,12.0
8205,1,4,110,1,1,60.0,0,I,SMALL_CITIES,ROAD,8,13.0
8206,1,4,132,2,9,60.0,0,I,RURAL_VICTORIA,ROAD,8,11.0
8207,1,2,130,1,9,60.0,0,I,MELB_URBAN,ROAD,7,2.0
8208,2,4,100,5,1,60.0,0,N,MELB_URBAN,ROAD,8,14.0
8209,2,4,100,5,1,60.0,0,N,MELB_URBAN,ROAD,8,13.0
8210,4,6,181,5,1,70.0,0,N,RURAL_VICTORIA,HIGHWAY,6,13.0
8211,4,4,171,1,1,60.0,0,I,MELB_URBAN,ROAD,8,14.0
8212,4,4,171,5,1,70.0,0,N,MELB_URBAN,ROAD,8,14.0
8213,1,4,130,1,2,50.0,0,N,MELB_URBAN,HIGHWAY,8,18.0
8214,1,4,130,2,1,60.0,0,I,MELB_URBAN,ROAD,8,15.0
8215,1,4,120,5,1,60.0,0,N,SMALL_TOWNS,ROAD,8,16.0
8216,1,4,132,2,1,60.0,0,I,MELB_URBAN,STREET,8,15.0
8217,1,7,160,2,1,60.0,0,I,MELB_URBAN,STREET,7,17.0
8218,1,4,110,1,2,100.0,0,I,RURAL_VICTORIA,FREEWAY,8,17.0
8219,8,7,174,4,1,50.0,0,I,MELB_URBAN,RAMP,8,18.0
8220,1,4,120,5,1,100.0,0,N,RURAL_VICTORIA,ROAD,8,16.0
8221,8,4,99,5,1,60.0,0,N,MELB_URBAN,AVENUE,8,17.0
8222,1,4,120,5,3,80.0,1,N,TOWNS,ROAD,8,18.0
8223,1,4,113,1,1,100.0,0,I,RURAL_VICTORIA,ROAD,8,15.0
8224,1,4,113,2,3,70.0,0,I,MELB_URBAN,ROAD,8,20.0
8225,1,4,120,5,5,100.0,0,N,RURAL_VICTORIA,ROAD,8,18.0
8226,4,4,171,5,5,80.0,0,N,RURAL_VICTORIA,ROAD,8,19.0
8227,1,4,134,2,5,80.0,0,N,MELB_URBAN,HIGHWAY,8,22.0
8228,1,5,160,5,5,100.0,0,N,MELB_URBAN,FREEWAY,8,2.0
8229,7,7,174,5,1,60.0,0,N,RURAL_VICTORIA,OTHER,6,12.0
8230,1,5,110,1,3,60.0,0,N,SMALL_CITIES,STREET,8,4.0
8231,1,2,121,2,9,60.0,0,I,MELB_URBAN,STREET,3,17.0
8232,1,5,99,2,1,70.0,0,I,MELB_URBAN,HIGHWAY,8,8.0
8233,8,6,99,2,1,60.0,0,I,SMALL_CITIES,STREET,8,14.0
8234,1,5,130,5,1,50.0,0,N,MELB_URBAN,STREET,8,8.0
8235,1,6,110,1,1,60.0,0,I,SMALL_CITIES,STREET,7,7.0
8236,1,5,130,5,1,80.0,0,N,MELB_URBAN,ROAD,8,8.0
8237,1,5,130,5,1,80.0,0,N,MELB_URBAN,ROAD,8,8.0
8238,1,5,120,5,1,100.0,0,N,MELB_URBAN,ROAD,8,7.0
8239,1,5,130,2,1,80.0,0,I,MELB_URBAN,ROAD,8,8.0
8240,8,2,184,5,1,60.0,0,I,RURAL_VICTORIA,ROAD,8,12.0
8241,4,4,171,5,2,100.0,0,N,RURAL_VICTORIA,HIGHWAY,8,5.0
8242,1,4,140,5,1,60.0,0,N,SMALL_CITIES,HIGHWAY,8,14.0
8243,8,5,170,5,2,80.0,0,N,MELB_URBAN,HIGHWAY,8,7.0
8244,4,5,181,5,2,100.0,0,N,RURAL_VICTORIA,ROAD,8,7.0
8245,8,4,174,1,1,50.0,0,N,MELB_URBAN,OTHER,8,14.0
8246,4,5,183,1,1,60.0,0,N,MELB_URBAN,ROAD,8,15.0
8247,1,5,110,1,1,50.0,0,I,MELB_URBAN,STREET,8,13.0
8248,1,4,121,2,2,60.0,0,I,MELB_URBAN,STREET,8,17.0
8249,1,2,130,5,1,80.0,0,N,MELB_URBAN,UNKNOWN,7,6.0
8250,1,5,110,1,1,80.0,0,N,MELB_URBAN,ROAD,8,13.0
8251,1,5,163,5,1,50.0,0,N,MELB_URBAN,STREET,8,13.0
8252,1,5,130,1,1,60.0,0,I,MELB_URBAN,ROAD,8,9.0
8253,1,3,132,2,3,60.0,0,I,MELB_URBAN,ROAD,7,17.0
8254,4,5,181,5,1,60.0,0,N,MELB_URBAN,AVENUE,8,15.0
8255,1,5,111,1,2,50.0,0,I,MELB_URBAN,STREET,8,17.0
8256,2,5,100,1,3,80.0,0,N,MELB_URBAN,HIGHWAY,5,22.0
8257,1,7,140,5,3,60.0,0,N,MELB_URBAN,ROAD,6,21.0
8258,1,5,121,1,2,80.0,0,I,MELB_URBAN,HIGHWAY,8,18.0
8259,1,5,120,5,1,60.0,0,N,MELB_URBAN,ROAD,8,16.0
8260,2,5,100,2,2,60.0,0,I,MELB_URBAN,ROAD,8,17.0
8261,1,5,121,1,2,80.0,0,I,MELB_URBAN,HIGHWAY,8,18.0
8262,1,5,160,5,5,60.0,0,N,SMALL_CITIES,STREET,8,19.0
8263,4,5,173,1,3,60.0,0,I,LARGE_PROVINCIAL_CITIES,STREET,8,20.0
8264,1,4,110,1,3,60.0,0,I,MELB_URBAN,ROAD,8,20.0
8265,1,5,121,1,3,60.0,0,I,SMALL_CITIES,ROAD,8,20.0
8266,1,5,140,2,2,60.0,0,I,MELB_URBAN,AVENUE,8,18.0
8267,4,5,183,2,1,40.0,0,I,SMALL_CITIES,DRIVE,8,15.0
8268,1,5,121,2,2,50.0,0,I,MELB_URBAN,ROAD,8,19.0
8269,4,5,171,5,3,100.0,0,N,RURAL_VICTORIA,ROAD,8,23.0
8270,1,5,113,2,2,70.0,0,I,MELB_URBAN,ROAD,8,19.0
8271,2,5,102,1,3,50.0,0,I,MELB_URBAN,STREET,8,23.0
8272,4,6,173,5,3,100.0,0,N,MELB_URBAN,FREEWAY,8,3.0
8273,6,6,99,5,5,100.0,0,N,RURAL_VICTORIA,ROAD,8,0.0
8274,4,5,173,2,1,60.0,0,I,SMALL_TOWNS,STREET,8,13.0
8275,1,6,130,2,1,80.0,0,N,MELB_URBAN,HIGHWAY,8,8.0
8276,1,6,121,1,2,60.0,0,I,MELB_URBAN,ROAD,8,7.0
8277,1,6,121,2,1,70.0,0,I,MELB_URBAN,STREET,8,8.0
8278,1,6,147,5,1,50.0,0,N,MELB_URBAN,ROAD,8,9.0
8279,4,6,173,5,2,110.0,0,N,RURAL_VICTORIA,FREEWAY,8,6.0
8280,1,6,121,2,1,60.0,0,I,MELB_URBAN,ROAD,8,9.0
8281,1,6,116,2,1,60.0,0,N,TOWNS,STREET,8,10.0
8282,1,6,113,2,1,70.0,0,N,MELB_URBAN,ROAD,8,9.0
8283,1,6,99,5,2,50.0,0,N,MELB_URBAN,STREET,7,7.0
8284,1,5,99,5,1,80.0,0,N,RURAL_VICTORIA,ROAD,8,16.0
8285,4,7,99,5,2,80.0,0,N,RURAL_VICTORIA,ROAD,8,7.0
8286,1,6,110,1,1,70.0,0,I,MELB_URBAN,STREET,8,11.0
8287,1,6,110,1,1,60.0,0,I,MELB_URBAN,ROAD,8,11.0
8288,4,6,173,5,1,100.0,0,N,RURAL_VICTORIA,HIGHWAY,8,11.0
8289,2,6,100,1,1,70.0,0,I,MELB_URBAN,ROAD,8,13.0
8290,2,5,99,5,1,30.0,0,N,MELB_URBAN,ROAD,8,13.0
8291,2,6,99,5,1,60.0,0,N,MELB_URBAN,ROAD,8,11.0
8292,1,6,133,5,1,100.0,0,N,MELB_URBAN,RAMP,8,13.0
8293,1,3,130,4,1,60.0,0,I,MELB_URBAN,ROAD,5,6.0
8294,2,6,100,1,1,50.0,0,I,MELB_URBAN,STREET,8,16.0
8295,1,6,130,2,1,60.0,0,I,MELB_URBAN,ROAD,8,15.0
8296,2,6,99,5,1,50.0,1,N,MELB_URBAN,UNKNOWN,8,11.0
8297,1,5,110,1,1,60.0,0,I,MELB_URBAN,ROAD,8,17.0
8298,1,6,113,2,1,60.0,0,N,MELB_URBAN,ROAD,8,13.0
8299,1,6,113,2,2,60.0,0,I,MELB_URBAN,ROAD,8,17.0
8300,2,6,100,1,2,70.0,0,N,MELB_URBAN,ROAD,8,18.0
8301,2,5,102,2,3,60.0,0,I,MELB_URBAN,DRIVE,8,22.0
8302,2,5,102,2,2,40.0,0,I,MELBOURNE_CBD,STREET,8,18.0
8303,1,6,113,2,6,50.0,0,I,MELB_URBAN,STREET,8,18.0
8304,4,6,183,2,3,70.0,0,I,LARGE_PROVINCIAL_CITIES,ROAD,8,18.0
8305,1,6,121,1,3,60.0,0,I,MELB_URBAN,ROAD,8,20.0
8306,1,6,110,1,2,60.0,0,I,SMALL_CITIES,AVENUE,8,18.0
8307,1,6,130,9,3,80.0,0,N,MELB_URBAN,HIGHWAY,8,20.0
8308,2,6,99,5,2,50.0,0,N,SMALL_CITIES,ROAD,8,18.0
8309,4,6,99,2,3,60.0,0,N,MELB_URBAN,ROAD,8,22.0
8310,4,6,173,5,3,60.0,0,N,LARGE_PROVINCIAL_CITIES,ROAD,8,22.0
8311,1,6,160,2,1,60.0,0,I,MELB_URBAN,HIGHWAY,8,11.0
8312,1,7,110,9,3,60.0,0,I,MELB_URBAN,STREET,8,1.0
8313,4,7,171,5,5,110.0,0,N,RURAL_VICTORIA,FREEWAY,8,3.0
8314,1,7,116,2,2,60.0,0,N,MELB_URBAN,ROAD,8,6.0
8315,1,7,132,5,1,60.0,0,N,MELB_URBAN,ROAD,8,8.0
8316,1,6,99,5,1,60.0,0,N,MELB_URBAN,ROAD,8,16.0
8317,1,7,130,2,1,50.0,0,I,MELB_URBAN,STREET,8,10.0
8318,4,6,183,3,1,60.0,0,I,MELB_URBAN,ROAD,8,12.0
8319,7,4,99,1,1,60.0,0,I,MELB_URBAN,STREET,4,15.0
8320,4,3,173,1,3,50.0,0,N,MELB_URBAN,STREET,7,1.0
8321,1,7,110,1,1,60.0,0,I,SMALL_CITIES,STREET,8,9.0
8322,1,7,121,1,1,60.0,0,I,MELB_URBAN,ROAD,8,13.0
8323,4,7,171,1,1,60.0,0,I,MELB_URBAN,ROAD,8,12.0
8324,1,7,130,2,1,60.0,0,I,MELB_URBAN,ROAD,8,13.0
8325,2,7,100,1,1,60.0,0,I,LARGE_PROVINCIAL_CITIES,STREET,8,16.0
8326,1,7,110,1,1,60.0,0,I,TOWNS,STREET,8,13.0
8327,1,7,120,5,1,50.0,0,N,MELB_URBAN,STREET,8,14.0
8328,1,7,120,5,2,70.0,0,N,RURAL_VICTORIA,ROAD,8,17.0
8329,4,7,173,2,1,50.0,0,I,MELB_URBAN,STREET,8,15.0
8330,1,7,130,5,2,70.0,0,N,MELB_URBAN,ROAD,8,17.0
8331,1,3,163,5,1,40.0,0,N,SMALL_CITIES,ROAD,8,15.0
8332,1,7,140,1,3,60.0,0,I,MELB_URBAN,HIGHWAY,8,19.0
8333,1,7,99,5,2,70.0,0,N,MELB_URBAN,ROAD,8,17.0
8334,4,7,183,5,3,50.0,0,N,MELB_URBAN,DRIVE,8,20.0
8335,1,7,110,1,3,90.0,0,I,MELB_URBAN,ROAD,8,22.0
8336,1,7,120,5,1,60.0,0,N,RURAL_VICTORIA,OTHER,8,12.0
8337,6,1,170,2,2,80.0,0,I,LARGE_PROVINCIAL_CITIES,ROAD,8,6.0
8338,1,1,111,2,1,60.0,0,I,SMALL_CITIES,STREET,8,9.0
8339,6,7,170,5,5,60.0,0,N,RURAL_VICTORIA,ROAD,8,23.0
8340,1,1,110,1,1,100.0,0,I,RURAL_VICTORIA,OTHER,8,9.0
8341,1,1,116,2,1,50.0,0,I,SMALL_CITIES,STREET,8,12.0
8342,4,1,171,5,2,90.0,0,N,RURAL_VICTORIA,HIGHWAY,8,7.0
8343,1,5,132,2,9,60.0,0,I,MELB_URBAN,ROAD,8,17.0
8344,1,2,130,2,2,80.0,0,I,MELB_URBAN,HIGHWAY,5,18.0
8345,1,1,120,1,1,60.0,0,I,MELB_URBAN,ROAD,8,11.0
8346,1,1,121,4,1,60.0,0,I,MELB_URBAN,ROAD,8,15.0
8347,1,1,110,1,1,60.0,0,I,MELB_URBAN,STREET,8,13.0
8348,1,1,99,1,3,60.0,0,I,MELB_URBAN,ROAD,8,1.0
8349,1,0,130,5,3,60.0,0,N,MELB_URBAN,RAMP,8,19.0
8350,1,4,99,2,1,70.0,0,I,MELB_URBAN,STREET,3,13.0
8351,1,1,130,2,3,80.0,0,I,RURAL_VICTORIA,ROAD,8,21.0
8352,3,1,167,5,5,100.0,0,N,RURAL_VICTORIA,HIGHWAY,8,20.0
8353,4,1,171,5,3,50.0,0,N,MELB_URBAN,ROAD,8,23.0
8354,1,2,121,2,2,70.0,0,I,SMALL_CITIES,ROAD,8,7.0
8355,1,1,132,5,2,100.0,0,N,RURAL_VICTORIA,HIGHWAY,8,18.0
8356,1,2,130,2,1,80.0,0,N,MELB_URBAN,DRIVE,8,7.0
8357,1,2,133,5,1,100.0,0,N,MELB_URBAN,FREEWAY,8,8.0
8358,1,1,113,2,1,50.0,0,I,MELB_URBAN,STREET,8,14.0
8359,1,2,120,4,1,40.0,0,N,RURAL_VICTORIA,ROAD,8,8.0
8360,1,7,110,1,1,60.0,0,I,TOWNS,STREET,8,12.0
8361,1,2,130,5,1,80.0,0,N,SMALL_CITIES,ROAD,8,10.0
8362,1,2,140,5,1,60.0,0,N,SMALL_CITIES,STREET,8,10.0
8363,4,2,181,5,1,100.0,0,N,RURAL_VICTORIA,OTHER,8,9.0
8364,4,2,171,5,2,100.0,0,N,RURAL_VICTORIA,ROAD,8,6.0
8365,1,2,120,5,1,100.0,0,N,RURAL_VICTORIA,HIGHWAY,8,9.0
8366,1,2,110,1,1,50.0,0,I,MELB_URBAN,STREET,8,11.0
8367,1,5,99,1,1,60.0,0,I,MELB_URBAN,STREET,5,11.0
8368,1,2,130,5,2,80.0,0,N,MELB_URBAN,HIGHWAY,8,7.0
8369,1,7,130,5,3,60.0,0,N,MELB_URBAN,STREET,7,22.0
8370,1,2,121,1,1,60.0,0,I,MELB_URBAN,STREET,8,14.0
8371,1,2,99,5,1,60.0,0,N,LARGE_PROVINCIAL_CITIES,STREET,8,14.0
8372,5,2,99,5,1,80.0,0,N,RURAL_VICTORIA,ROAD,8,14.0
8373,1,2,113,2,1,80.0,0,I,MELB_URBAN,ROAD,8,12.0
8374,1,2,130,5,1,60.0,0,N,MELB_URBAN,ROAD,8,16.0
8375,1,2,99,1,1,100.0,0,I,RURAL_VICTORIA,OTHER,8,16.0
8376,8,2,174,2,1,60.0,0,I,MELB_URBAN,ROAD,8,16.0
8377,1,2,132,2,2,70.0,0,I,MELB_URBAN,DRIVE,8,17.0
8378,1,2,99,5,1,50.0,0,N,MELB_URBAN,ROAD,8,17.0
8379,1,2,132,2,1,60.0,0,I,MELB_URBAN,ROAD,8,16.0
8380,2,2,100,1,1,70.0,0,I,MELB_URBAN,ROAD,8,15.0
8381,2,2,100,1,1,80.0,0,I,MELB_URBAN,ROAD,8,17.0
8382,1,2,130,1,3,70.0,0,I,MELB_URBAN,STREET,8,18.0
8383,1,2,113,2,1,50.0,0,I,MELB_URBAN,DRIVE,8,15.0
8384,4,2,173,5,3,60.0,0,N,LARGE_PROVINCIAL_CITIES,STREET,8,18.0
8385,1,2,113,2,1,50.0,0,I,MELB_URBAN,OTHER,8,16.0
8386,1,2,121,5,3,50.0,0,N,MELB_URBAN,DRIVE,8,19.0
8387,3,2,167,5,5,100.0,0,N,RURAL_VICTORIA,HIGHWAY,8,21.0
8388,1,2,110,1,2,80.0,0,I,MELB_URBAN,ROAD,8,7.0
8389,2,2,100,5,1,60.0,0,N,SMALL_CITIES,OTHER,8,17.0
8390,4,6,171,2,3,50.0,0,I,MELB_URBAN,ROAD,8,18.0
8391,4,2,171,5,5,100.0,0,N,RURAL_VICTORIA,HIGHWAY,8,22.0
8392,1,2,110,1,5,100.0,0,I,MELB_URBAN,ROAD,8,6.0
8393,1,3,130,5,1,70.0,0,N,MELB_URBAN,ROAD,8,7.0
8394,1,3,121,2,1,70.0,0,I,MELB_URBAN,ROAD,8,7.0
8395,4,2,171,5,1,100.0,0,N,RURAL_VICTORIA,ROAD,8,10.0
8396,1,2,99,2,3,50.0,0,I,MELB_URBAN,STREET,8,22.0
8397,1,3,113,2,1,70.0,0,I,MELB_URBAN,FREEWAY,8,9.0
8398,4,2,99,2,3,50.0,0,I,SMALL_CITIES,DRIVE,8,23.0
8399,1,3,133,5,1,100.0,0,N,RURAL_VICTORIA,ROAD,8,8.0
8400,1,3,113,3,2,70.0,0,I,MELB_URBAN,ROAD,8,7.0
8401,2,5,99,1,1,50.0,0,I,MELB_URBAN,STREET,7,9.0
8402,1,3,121,5,1,60.0,0,N,MELB_URBAN,ROAD,8,8.0
8403,1,3,130,5,1,100.0,0,N,MELB_URBAN,FREEWAY,8,9.0
8404,1,5,130,1,2,60.0,0,I,MELB_URBAN,ROAD,8,7.0
8405,4,3,173,9,1,80.0,0,I,RURAL_VICTORIA,ROAD,8,9.0
8406,1,3,113,2,1,60.0,0,I,MELB_URBAN,ROAD,8,10.0
8407,1,5,130,2,1,40.0,0,I,RURAL_VICTORIA,ROAD,8,14.0
8408,2,5,99,5,1,50.0,0,N,MELB_URBAN,PARADE,7,12.0
8409,1,3,130,5,1,80.0,0,N,MELB_URBAN,RAMP,8,12.0
8410,2,2,100,5,2,60.0,0,N,MELB_URBAN,ROAD,8,17.0
8411,2,3,99,2,1,60.0,0,N,RURAL_VICTORIA,FREEWAY,8,11.0
8412,1,3,110,1,1,50.0,0,I,LARGE_PROVINCIAL_CITIES,STREET,8,12.0
8413,1,5,130,5,3,80.0,0,N,MELB_URBAN,ROAD,8,7.0
8414,1,3,110,1,1,50.0,0,I,MELB_URBAN,ROAD,8,13.0
8415,4,3,99,5,1,60.0,0,N,MELB_URBAN,ROAD,8,11.0
8416,1,2,99,2,1,80.0,0,I,MELB_URBAN,ROAD,8,17.0
8417,2,3,99,1,1,50.0,0,I,MELB_URBAN,PARADE,8,14.0
8418,1,3,130,5,1,60.0,0,N,MELB_URBAN,STREET,8,15.0
8419,1,3,130,5,1,60.0,0,N,SMALL_TOWNS,STREET,8,16.0
8420,2,3,100,2,1,60.0,0,I,MELB_URBAN,ROAD,8,17.0
8421,1,3,113,2,2,60.0,0,I,MELB_URBAN,ROAD,8,17.0
8422,1,3,113,2,2,60.0,0,I,MELB_URBAN,ROAD,8,18.0
8423,1,3,110,1,2,60.0,0,I,MELB_URBAN,STREET,8,17.0
8424,4,3,181,5,1,100.0,0,N,RURAL_VICTORIA,ROAD,8,10.0
8425,1,3,140,2,2,60.0,0,I,MELB_URBAN,STREET,8,18.0
8426,1,3,130,5,1,60.0,0,N,MELB_URBAN,ROAD,8,16.0
8427,2,6,100,1,2,70.0,0,I,MELB_URBAN,ROAD,8,17.0
8428,1,3,120,5,3,50.0,0,N,MELB_URBAN,STREET,8,21.0
8429,1,6,130,5,1,80.0,0,N,MELB_URBAN,FREEWAY,7,10.0
8430,1,5,147,5,1,60.0,0,N,MELB_URBAN,ROAD,7,7.0
8431,4,2,171,1,3,60.0,0,N,MELB_URBAN,ROAD,8,21.0
8432,1,4,121,2,2,80.0,0,I,RURAL_VICTORIA,ROAD,8,6.0
8433,1,3,140,5,1,60.0,0,N,MELB_URBAN,ROAD,8,16.0
8434,1,4,133,1,1,60.0,0,N,MELB_URBAN,ROAD,8,8.0
8435,1,4,140,5,1,100.0,0,N,RURAL_VICTORIA,ROAD,8,8.0
8436,1,3,99,5,1,110.0,0,I,RURAL_VICTORIA,FREEWAY,8,8.0
8437,1,4,130,5,1,100.0,0,N,MELB_URBAN,FREEWAY,8,7.0
8438,1,3,135,5,1,80.0,0,N,MELB_URBAN,UNKNOWN,8,11.0
8439,1,4,113,2,1,80.0,0,I,MELB_URBAN,ROAD,8,9.0
8440,7,7,99,5,1,50.0,0,N,SMALL_CITIES,OTHER,7,16.0
8441,6,4,99,5,1,100.0,0,N,RURAL_VICTORIA,ROAD,8,10.0
8442,1,4,113,2,1,70.0,0,I,MELB_URBAN,ROAD,8,10.0
8443,4,6,171,5,5,100.0,0,N,RURAL_VICTORIA,ROAD,3,0.0
8444,1,4,132,2,1,60.0,0,I,TOWNS,STREET,8,11.0
8445,8,3,174,5,1,70.0,0,N,MELB_URBAN,ROAD,5,9.0
8446,1,4,111,3,1,60.0,0,I,LARGE_PROVINCIAL_CITIES,STREET,8,10.0
8447,1,6,110,1,1,40.0,0,I,MELB_URBAN,OTHER,7,8.0
8448,1,4,121,5,1,100.0,0,N,RURAL_VICTORIA,ROAD,8,10.0
8449,1,2,113,2,1,60.0,0,I,MELB_URBAN,AVENUE,8,8.0
8450,1,4,130,2,1,80.0,0,I,MELB_URBAN,HIGHWAY,8,14.0
8451,1,4,140,5,2,50.0,0,N,MELB_URBAN,AVENUE,8,7.0
8452,7,3,99,3,3,50.0,0,I,MELB_URBAN,OTHER,8,22.0
8453,1,2,130,1,1,70.0,0,N,LARGE_PROVINCIAL_CITIES,OTHER,8,12.0
8454,2,4,99,2,1,50.0,0,I,MELB_URBAN,STREET,8,16.0
8455,2,4,102,5,1,50.0,0,N,MELB_URBAN,ROAD,8,17.0
8456,1,4,147,5,1,50.0,0,N,MELB_URBAN,AVENUE,8,16.0
8457,1,4,130,2,1,60.0,0,I,MELB_URBAN,ROAD,8,11.0
8458,1,4,121,2,5,60.0,0,I,MELB_URBAN,ROAD,8,17.0
8459,2,4,102,5,1,60.0,0,N,MELB_URBAN,ROAD,8,16.0
8460,1,4,121,1,3,80.0,0,I,MELB_URBAN,HIGHWAY,8,18.0
8461,8,4,99,5,1,100.0,0,N,RURAL_VICTORIA,ROAD,8,16.0
8462,2,4,100,5,3,60.0,0,N,MELB_URBAN,STREET,8,18.0
8463,1,4,110,1,3,50.0,0,I,MELBOURNE_CBD,STREET,8,19.0
8464,1,4,130,5,1,80.0,0,N,MELB_URBAN,ROAD,8,14.0
8465,1,4,99,2,3,60.0,0,I,MELB_URBAN,ROAD,8,18.0
8466,1,4,121,1,3,60.0,0,I,MELB_URBAN,STREET,8,19.0
8467,1,4,121,1,1,80.0,1,I,MELB_URBAN,ROAD,8,16.0
8468,4,3,173,5,3,60.0,0,N,MELB_URBAN,DRIVE,8,23.0
8469,4,5,173,5,5,100.0,0,N,RURAL_VICTORIA,ROAD,8,1.0
8470,1,5,181,5,3,70.0,0,N,MELB_URBAN,ROAD,8,1.0
8471,8,4,170,5,5,90.0,0,N,RURAL_VICTORIA,HIGHWAY,8,4.0
8472,1,4,121,1,3,60.0,0,I,MELB_URBAN,ROAD,8,22.0
8473,1,5,130,5,1,70.0,0,N,MELB_URBAN,ROAD,8,7.0
8474,1,5,130,2,2,80.0,0,I,RURAL_VICTORIA,ROAD,8,6.0
8475,2,4,99,5,1,40.0,0,N,MELB_URBAN,OTHER,8,15.0
8476,1,4,130,5,1,50.0,0,N,MELB_URBAN,ROAD,8,15.0
8477,2,3,102,5,1,40.0,0,N,MELB_URBAN,OTHER,7,15.0
8478,2,4,100,1,1,60.0,0,I,MELB_URBAN,STREET,2,10.0
8479,1,5,99,2,1,60.0,0,I,MELB_URBAN,STREET,8,10.0
8480,1,6,130,2,1,60.0,0,N,MELB_URBAN,HIGHWAY,6,12.0
8481,5,4,99,5,9,60.0,0,N,MELB_URBAN,FREEWAY,8,11.0
8482,1,2,130,5,1,60.0,0,N,MELB_URBAN,ROAD,7,7.0
8483,4,5,181,5,1,100.0,0,N,RURAL_VICTORIA,ROAD,8,8.0
8484,1,5,99,5,1,60.0,0,N,MELB_URBAN,ROAD,7,13.0
8485,1,5,110,1,1,60.0,0,I,MELB_URBAN,HIGHWAY,8,11.0
8486,1,5,113,2,1,60.0,0,I,MELB_URBAN,ROAD,8,11.0
8487,6,5,99,5,3,60.0,0,N,TOWNS,HIGHWAY,7,5.0
8488,1,4,130,5,1,100.0,0,N,MELB_URBAN,UNKNOWN,8,8.0
8489,8,5,174,5,1,60.0,0,N,RURAL_VICTORIA,ROAD,4,11.0
8490,1,5,110,1,1,50.0,0,I,MELB_URBAN,AVENUE,8,13.0
8491,1,5,110,1,9,60.0,0,I,MELB_URBAN,STREET,8,2.0
8492,1,3,110,1,9,60.0,0,I,MELB_URBAN,DRIVE,8,15.0
8493,5,5,99,5,1,80.0,0,N,MELB_URBAN,ROAD,8,16.0
8494,1,6,132,2,1,100.0,0,I,RURAL_VICTORIA,ROAD,7,14.0
8495,1,5,130,5,1,70.0,0,N,MELB_URBAN,ROAD,8,15.0
8496,1,4,132,5,1,60.0,0,N,MELB_URBAN,AVENUE,8,16.0
8497,8,1,174,2,1,50.0,0,I,MELB_URBAN,DRIVE,8,16.0
8498,1,5,130,5,1,70.0,0,N,MELB_URBAN,ROAD,8,15.0
8499,1,5,130,5,1,100.0,0,N,MELB_URBAN,FREEWAY,8,15.0
8500,2,5,99,2,1,60.0,0,I,MELB_URBAN,ROAD,8,14.0
8501,1,4,130,5,1,70.0,0,N,MELB_URBAN,ROAD,8,16.0
8502,1,5,99,1,1,80.0,0,N,MELB_URBAN,ROAD,8,15.0
8503,8,5,174,5,1,60.0,0,N,SMALL_TOWNS,HIGHWAY,8,17.0
8504,5,5,171,1,1,60.0,0,I,MELB_URBAN,STREET,8,16.0
8505,1,5,99,1,3,80.0,0,I,MELB_URBAN,ROAD,8,17.0
8506,1,6,130,1,1,60.0,0,I,MELB_URBAN,ROAD,7,9.0
8507,1,5,111,2,1,60.0,0,I,LARGE_PROVINCIAL_CITIES,STREET,8,16.0
8508,1,5,110,1,2,60.0,0,I,MELB_URBAN,ROAD,8,19.0
8509,1,4,121,2,1,100.0,0,I,RURAL_VICTORIA,HIGHWAY,8,9.0
8510,1,1,113,1,3,50.0,0,I,MELB_URBAN,ROAD,8,23.0
8511,1,5,113,4,3,80.0,0,N,MELB_URBAN,RAMP,8,22.0
8512,4,5,171,5,5,100.0,0,N,RURAL_VICTORIA,ROAD,8,20.0
8513,1,5,120,5,5,100.0,1,N,RURAL_VICTORIA,HIGHWAY,8,18.0