,accident_type,day_of_week,dca_code,road_geometry,light_condition,speed_zone,severity,node_type,deg_urban_name,road_type,month,hour
8514,1,5,121,4,3,70.0,0,I,MELB_URBAN,ROAD,8,23.0
8515,1,6,110,1,1,60.0,0,I,SMALL_CITIES,STREET,7,12.0
8516,1,5,130,1,1,60.0,0,I,MELB_URBAN,ROAD,8,15.0
8517,4,6,171,5,1,60.0,0,N,MELB_URBAN,ROAD,8,7.0
8518,1,5,160,2,3,60.0,0,N,MELB_URBAN,ROAD,8,22.0
8519,2,6,100,2,1,50.0,0,I,MELB_URBAN,ROAD,8,8.0
8520,1,6,140,5,1,100.0,0,N,RURAL_VICTORIA,HIGHWAY,8,8.0
8521,1,6,130,5,1,80.0,0,N,MELB_URBAN,ROAD,8,7.0
8522,1,6,134,5,1,100.0,0,N,MELB_URBAN,FREEWAY,8,11.0
8523,7,2,174,2,2,50.0,0,I,MELB_URBAN,AVENUE,8,20.0
8524,1,4,130,1,3,70.0,0,I,MELB_URBAN,ROAD,8,18.0
8525,1,6,113,2,1,80.0,0,I,MELB_URBAN,ROAD,8,13.0
8526,1,6,160,5,1,50.0,0,N,MELB_URBAN,ROAD,8,9.0
8527,1,6,110,1,1,60.0,0,I,RURAL_VICTORIA,ROAD,8,7.0
8528,1,4,110,1,1,60.0,0,I,MELB_URBAN,ROAD,7,14.0
8529,1,6,130,5,1,50.0,0,N,MELB_URBAN,ROAD,8,9.0
8530,1,2,160,5,1,60.0,0,N,MELB_URBAN,ROAD,8,15.0
8531,1,6,130,4,1,60.0,0,I,MELB_URBAN,RAMP,8,12.0
8532,1,6,130,1,1,50.0,0,I,MELB_URBAN,PARADE,8,9.0
8533,1,6,121,1,1,70.0,0,I,MELB_URBAN,ROAD,8,13.0
8534,7,1,174,5,1,60.0,0,N,TOWNS,PARADE,4,14.0
8535,1,6,121,5,1,60.0,0,N,MELB_URBAN,ROAD,8,12.0
8536,1,6,113,2,1,60.0,0,I,MELB_URBAN,STREET,8,16.0
8537,1,7,130,4,3,60.0,0,I,MELB_URBAN,OTHER,7,22.0
8538,1,7,140,5,1,60.0,0,N,SMALL_TOWNS,STREET,8,15.0
8539,1,5,130,2,1,50.0,0,I,MELB_URBAN,DRIVE,8,9.0
8540,1,6,130,5,1,100.0,0,N,MELB_URBAN,FREEWAY,8,15.0
8541,1,6,130,2,1,60.0,0,I,MELB_URBAN,STREET,8,17.0
8542,1,4,130,5,1,60.0,0,N,MELB_URBAN,ROAD,8,8.0
8543,1,6,110,1,1,80.0,0,I,MELB_URBAN,STREET,8,17.0
8544,1,6,121,2,3,70.0,0,I,MELB_URBAN,ROAD,8,18.0
8545,2,2,99,5,1,50.0,0,N,LARGE_PROVINCIAL_CITIES,OTHER,8,15.0
8546,4,6,181,5,1,100.0,0,N,RURAL_VICTORIA,ROAD,8,10.0
8547,4,6,183,5,3,50.0,0,N,TOWNS,ROAD,8,19.0
8548,1,6,130,5,3,80.0,0,N,MELB_URBAN,FREEWAY,8,19.0
8549,1,6,130,2,9,60.0,0,I,MELB_URBAN,STREET,8,21.0
8550,1,6,99,2,3,60.0,0,I,MELB_URBAN,ROAD,8,21.0
8551,4,6,171,2,5,100.0,0,I,RURAL_VICTORIA,ROAD,8,20.0
8552,2,6,100,1,3,50.0,0,I,MELBOURNE_CBD,STREET,8,19.0
8553,1,6,121,1,3,60.0,0,I,MELB_URBAN,ROAD,8,21.0
8554,1,6,121,1,3,60.0,0,I,MELB_URBAN,ROAD,8,21.0
8555,1,6,130,5,1,60.0,0,N,MELB_URBAN,ROAD,8,17.0
8556,4,6,173,5,3,70.0,0,N,SMALL_CITIES,PARADE,8,20.0
8557,1,7,121,2,3,80.0,0,I,MELB_URBAN,HIGHWAY,8,0.0
8558,4,7,183,5,9,80.0,0,N,RURAL_VICTORIA,ROAD,8,2.0
8559,1,6,160,2,3,50.0,0,I,MELB_URBAN,ROAD,8,19.0
8560,4,7,183,5,3,80.0,0,N,MELB_URBAN,ROAD,8,4.0
8561,4,7,173,2,3,70.0,1,I,LARGE_PROVINCIAL_CITIES,HIGHWAY,8,4.0
8562,4,7,173,5,3,60.0,0,N,MELB_URBAN,ROAD,8,3.0
8563,8,5,174,5,5,100.0,0,N,MELB_URBAN,FREEWAY,8,19.0
8564,1,7,121,1,1,100.0,0,I,RURAL_VICTORIA,HIGHWAY,8,9.0
8565,2,7,102,5,1,60.0,0,N,MELB_URBAN,ROAD,8,10.0
8566,1,7,121,4,1,80.0,0,N,MELB_URBAN,HIGHWAY,8,8.0
8567,1,7,110,1,1,50.0,0,I,TOWNS,STREET,8,10.0
8568,1,7,130,5,1,40.0,0,N,MELB_URBAN,STREET,8,12.0
8569,1,4,121,1,1,60.0,0,I,MELB_URBAN,ROAD,8,14.0
8570,2,6,102,1,3,60.0,0,I,MELB_URBAN,UNKNOWN,8,22.0
8571,4,7,181,5,1,100.0,0,N,RURAL_VICTORIA,HIGHWAY,8,12.0
8572,4,7,181,5,1,60.0,0,N,MELB_URBAN,ROAD,8,12.0
8573,8,6,170,5,3,50.0,0,N,MELB_URBAN,DRIVE,8,23.0
8574,1,7,99,2,1,60.0,0,I,SMALL_CITIES,HIGHWAY,8,14.0
8575,1,7,121,1,1,70.0,0,I,MELB_URBAN,ROAD,8,14.0
8576,1,7,132,5,1,80.0,0,N,RURAL_VICTORIA,HIGHWAY,8,14.0
8577,1,7,130,2,1,60.0,0,I,MELB_URBAN,UNKNOWN,8,12.0
8578,6,7,170,5,1,60.0,0,N,RURAL_VICTORIA,ROAD,8,13.0
8579,2,7,99,2,1,60.0,0,I,MELB_URBAN,ROAD,8,13.0
8580,1,7,135,5,1,50.0,0,N,MELBOURNE_CBD,STREET,8,16.0
8581,1,7,171,2,1,60.0,0,N,MELB_URBAN,ROAD,8,12.0
8582,4,7,173,5,1,100.0,0,N,RURAL_VICTORIA,ROAD,8,15.0
8583,1,7,130,2,1,60.0,0,I,MELB_URBAN,STREET,8,10.0
8584,1,1,130,2,2,80.0,0,I,SMALL_CITIES,HIGHWAY,8,17.0
8585,4,7,181,5,1,100.0,1,N,RURAL_VICTORIA,ROAD,8,15.0
8586,1,3,116,2,3,60.0,0,N,MELB_URBAN,HIGHWAY,8,18.0
8587,1,7,121,2,3,60.0,0,I,MELB_URBAN,STREET,8,23.0
8588,1,7,120,5,5,60.0,0,N,SMALL_TOWNS,ROAD,8,20.0
8589,4,7,171,5,5,100.0,0,N,RURAL_VICTORIA,ROAD,8,23.0
8590,2,1,99,1,3,60.0,0,I,MELB_URBAN,STREET,8,3.0
8591,4,7,181,5,5,100.0,1,N,RURAL_VICTORIA,ROAD,8,22.0
8592,2,1,100,2,3,60.0,0,I,MELB_URBAN,STREET,8,0.0
8593,1,3,130,1,1,60.0,0,I,MELB_URBAN,ROAD,7,16.0
8594,1,1,171,2,3,60.0,0,I,MELB_URBAN,ROAD,8,3.0
8595,2,1,99,5,3,50.0,0,N,MELB_URBAN,OTHER,8,3.0
8596,1,1,160,2,3,60.0,0,I,MELB_URBAN,ROAD,8,4.0
8597,1,1,160,5,2,60.0,0,N,MELB_URBAN,STREET,8,7.0
8598,4,1,171,5,1,90.0,0,N,RURAL_VICTORIA,ROAD,8,9.0
8599,4,1,173,1,1,60.0,0,I,MELB_URBAN,STREET,8,7.0
8600,1,0,113,1,1,60.0,0,I,MELB_URBAN,ROAD,8,10.0
8601,8,1,174,2,1,50.0,0,I,MELB_URBAN,DRIVE,8,12.0
8602,2,1,99,5,1,50.0,0,N,MELB_URBAN,AVENUE,8,13.0
8603,1,1,147,5,1,100.0,0,N,RURAL_VICTORIA,HIGHWAY,8,15.0
8604,2,1,100,5,1,60.0,0,N,MELB_URBAN,AVENUE,8,14.0
8605,1,1,121,2,1,70.0,0,N,MELB_URBAN,DRIVE,8,13.0
8606,2,4,100,1,1,50.0,0,I,MELB_URBAN,STREET,8,12.0
8607,1,0,121,1,1,80.0,0,I,SMALL_TOWNS,HIGHWAY,8,16.0
8608,3,1,167,2,5,80.0,0,I,RURAL_VICTORIA,ROAD,8,19.0
8609,1,1,121,1,3,60.0,0,I,SMALL_CITIES,STREET,8,19.0
8610,2,1,99,2,1,60.0,0,I,MELB_URBAN,AVENUE,8,15.0
8611,4,7,181,5,5,80.0,0,N,RURAL_VICTORIA,ROAD,8,4.0
8612,1,1,110,1,3,50.0,0,I,MELB_URBAN,STREET,8,21.0
8613,2,5,99,2,1,50.0,0,I,MELB_URBAN,ROAD,8,15.0
8614,1,1,120,5,3,80.0,0,N,MELB_URBAN,ROAD,8,19.0
8615,1,2,113,1,1,60.0,0,I,MELB_URBAN,STREET,8,6.0
8616,4,2,171,1,1,60.0,0,I,LARGE_PROVINCIAL_CITIES,STREET,8,8.0
8617,4,1,171,9,1,100.0,0,N,RURAL_VICTORIA,ROAD,8,17.0
8618,1,2,113,2,2,50.0,0,I,MELB_URBAN,AVENUE,8,6.0
8619,4,2,181,5,1,100.0,0,N,RURAL_VICTORIA,ROAD,8,8.0
8620,1,2,132,2,1,60.0,0,I,MELB_URBAN,ROAD,8,9.0
8621,4,2,173,5,9,60.0,0,N,RURAL_VICTORIA,ROAD,3,12.0
8622,1,1,99,5,2,90.0,0,N,MELB_URBAN,ROAD,8,17.0
8623,1,2,110,1,1,60.0,0,I,MELB_URBAN,ROAD,8,11.0
8624,6,7,170,5,1,100.0,0,N,RURAL_VICTORIA,ROAD,8,12.0
8625,1,2,133,5,1,100.0,0,N,RURAL_VICTORIA,FREEWAY,8,12.0
8626,8,5,174,5,1,80.0,0,N,MELB_URBAN,HIGHWAY,8,11.0
8627,1,2,113,2,1,80.0,0,I,MELB_URBAN,ROAD,8,13.0
8628,1,2,113,2,1,80.0,0,I,RURAL_VICTORIA,ROAD,8,12.0
8629,4,2,183,5,1,100.0,0,N,RURAL_VICTORIA,ROAD,8,12.0
8630,1,1,120,5,3,50.0,0,N,TOWNS,STREET,8,19.0
8631,1,2,130,5,1,60.0,0,N,MELB_URBAN,ROAD,8,12.0
8632,7,2,174,2,1,100.0,0,I,RURAL_VICTORIA,ROAD,6,8.0
8633,7,2,174,2,3,70.0,0,I,LARGE_PROVINCIAL_CITIES,STREET,6,18.0
8634,1,6,132,2,1,60.0,0,I,MELB_URBAN,ROAD,8,11.0
8635,1,2,99,5,1,40.0,0,N,MELB_URBAN,ROAD,8,14.0
8636,1,2,120,5,1,100.0,1,N,RURAL_VICTORIA,ROAD,8,13.0
8637,1,2,132,2,1,90.0,0,I,TOWNS,OTHER,8,17.0
8638,1,2,147,5,3,80.0,0,N,MELB_URBAN,HIGHWAY,8,18.0
8639,2,2,99,5,1,60.0,0,N,MELB_URBAN,ROAD,8,16.0
8640,2,2,102,5,1,60.0,0,N,MELB_URBAN,ROAD,8,15.0
8641,1,2,110,1,3,50.0,0,I,LARGE_PROVINCIAL_CITIES,DRIVE,8,19.0
8642,1,2,121,2,3,60.0,0,I,MELB_URBAN,STREET,8,20.0
8643,4,2,183,5,5,100.0,1,N,RURAL_VICTORIA,ROAD,8,18.0
8644,4,2,173,5,5,100.0,0,N,RURAL_VICTORIA,HIGHWAY,8,19.0
8645,1,2,121,2,3,50.0,0,I,MELB_URBAN,DRIVE,8,22.0
8646,1,3,133,5,3,100.0,0,N,MELB_URBAN,FREEWAY,8,0.0
8647,1,4,121,1,2,60.0,0,I,MELB_URBAN,STREET,8,18.0
8648,1,6,163,2,1,40.0,0,I,MELB_URBAN,STREET,7,7.0
8649,1,3,130,5,1,60.0,0,N,MELB_URBAN,ROAD,8,10.0
8650,4,3,181,5,1,100.0,0,N,RURAL_VICTORIA,ROAD,8,8.0
8651,1,3,130,5,1,60.0,0,N,MELB_URBAN,HIGHWAY,8,9.0
8652,1,3,99,2,2,60.0,0,I,MELB_URBAN,BOULEVARD,8,7.0
8653,1,3,133,5,1,50.0,0,N,MELBOURNE_CBD,STREET,8,9.0
8654,1,3,140,1,1,60.0,0,I,MELB_URBAN,ROAD,8,11.0
8655,1,3,133,5,1,100.0,0,N,MELB_URBAN,FREEWAY,8,10.0
8656,1,3,99,5,1,50.0,0,N,MELB_URBAN,ROAD,8,13.0
8657,1,6,99,2,1,60.0,0,I,MELB_URBAN,ROAD,7,11.0
8658,1,6,120,5,5,60.0,0,N,MELB_URBAN,ROAD,8,21.0
8659,1,3,121,1,1,60.0,0,I,MELB_URBAN,ROAD,8,12.0
8660,1,6,99,1,3,60.0,0,I,MELB_URBAN,STREET,5,19.0
8661,1,3,140,2,3,70.0,0,I,MELB_URBAN,ROAD,8,19.0
8662,1,3,113,2,1,60.0,0,I,MELB_URBAN,STREET,8,16.0
8663,2,3,102,2,1,60.0,0,I,MELB_URBAN,ROAD,8,17.0
8664,1,1,110,1,1,80.0,0,I,MELB_URBAN,ROAD,8,15.0
8665,1,3,130,1,1,80.0,0,N,MELB_URBAN,HIGHWAY,8,17.0
8666,1,3,110,1,1,60.0,0,I,MELB_URBAN,ROAD,8,15.0
8667,1,3,121,1,1,60.0,0,I,MELB_URBAN,ROAD,8,17.0
8668,1,3,110,1,1,60.0,0,I,MELB_URBAN,STREET,8,15.0
8669,1,3,130,2,1,60.0,0,I,MELB_URBAN,ROAD,8,14.0
8670,1,3,130,5,1,80.0,0,N,MELB_URBAN,HIGHWAY,8,15.0
8671,1,3,130,5,1,60.0,0,N,MELB_URBAN,HIGHWAY,8,16.0
8672,1,3,130,2,3,60.0,0,I,MELB_URBAN,STREET,8,17.0
8673,1,3,130,5,1,80.0,0,N,MELB_URBAN,RAMP,8,16.0
8674,1,3,130,5,1,60.0,0,N,MELB_URBAN,ROAD,8,12.0
8675,1,3,121,4,3,60.0,0,I,MELB_URBAN,STREET,8,19.0
8676,1,3,99,2,1,60.0,0,I,SMALL_CITIES,ROAD,8,15.0
8677,8,3,99,2,1,60.0,0,N,LARGE_PROVINCIAL_CITIES,ROAD,8,18.0
8678,1,4,113,2,1,60.0,0,I,MELB_URBAN,ROAD,8,7.0
8679,1,3,113,2,1,60.0,0,N,MELB_URBAN,ROAD,8,7.0
8680,6,3,170,9,5,80.0,0,I,RURAL_VICTORIA,ROAD,8,4.0
8681,2,3,99,2,3,60.0,0,N,MELB_URBAN,ROAD,8,21.0
8682,4,4,171,2,3,80.0,0,N,MELB_URBAN,OTHER,8,0.0
8683,1,3,130,1,1,80.0,0,I,MELB_URBAN,ROAD,8,11.0
8684,4,3,171,5,5,100.0,0,N,RURAL_VICTORIA,ROAD,8,20.0
8685,1,7,140,1,1,60.0,0,I,MELB_URBAN,ROAD,8,16.0
8686,1,4,130,5,1,60.0,0,N,MELB_URBAN,ROAD,8,9.0
8687,1,7,110,1,1,50.0,0,I,LARGE_PROVINCIAL_CITIES,STREET,8,16.0
8688,4,4,171,2,1,50.0,0,N,MELB_URBAN,HIGHWAY,8,9.0
8689,1,1,160,5,6,60.0,0,N,MELB_URBAN,ROAD,8,5.0
8690,1,4,130,2,2,60.0,0,I,RURAL_VICTORIA,HIGHWAY,8,6.0
8691,1,4,130,5,1,100.0,0,N,MELB_URBAN,FREEWAY,8,8.0
8692,4,4,171,5,1,50.0,0,N,MELB_URBAN,OTHER,8,11.0
8693,1,6,121,1,1,60.0,0,I,LARGE_PROVINCIAL_CITIES,STREET,2,16.0
8694,4,4,173,5,1,100.0,0,N,RURAL_VICTORIA,HIGHWAY,8,12.0
8695,4,4,171,5,1,100.0,0,N,RURAL_VICTORIA,ROAD,8,13.0
8696,1,4,113,1,1,70.0,0,I,MELB_URBAN,ROAD,8,12.0
8697,1,4,110,1,1,60.0,0,I,MELB_URBAN,ROAD,8,13.0
8698,1,4,99,1,1,60.0,0,I,MELB_URBAN,ROAD,8,13.0
8699,1,4,110,1,1,80.0,0,I,MELB_URBAN,ROAD,8,13.0
8700,1,3,130,2,2,80.0,0,N,RURAL_VICTORIA,RAMP,8,7.0
8701,2,4,102,5,1,60.0,0,N,MELB_URBAN,ROAD,8,15.0
8702,1,4,99,2,1,50.0,0,I,MELB_URBAN,DRIVE,8,16.0
8703,1,4,130,2,1,60.0,0,I,MELB_URBAN,ROAD,8,15.0
8704,1,4,121,2,1,50.0,0,I,SMALL_CITIES,OTHER,8,17.0
8705,1,4,113,2,3,60.0,0,I,SMALL_CITIES,STREET,8,19.0
8706,2,4,99,5,1,40.0,0,N,SMALL_CITIES,STREET,8,16.0
8707,1,5,130,5,1,60.0,0,N,SMALL_CITIES,HIGHWAY,8,15.0
8708,1,4,121,1,3,60.0,0,I,MELB_URBAN,ROAD,8,21.0
8709,1,4,130,1,3,80.0,0,I,MELB_URBAN,HIGHWAY,8,18.0
8710,1,4,130,5,3,50.0,0,N,MELB_URBAN,STREET,8,20.0
8711,1,3,130,1,1,70.0,0,I,MELB_URBAN,ROAD,8,15.0
8712,4,5,171,2,3,70.0,0,I,MELB_URBAN,ROAD,8,2.0
8713,1,5,130,9,1,60.0,0,I,SMALL_CITIES,STREET,8,10.0
8714,2,5,99,2,1,50.0,0,I,MELB_URBAN,AVENUE,8,10.0
8715,1,4,99,1,1,60.0,0,I,LARGE_PROVINCIAL_CITIES,STREET,8,11.0
8716,1,4,130,2,1,40.0,0,I,MELB_URBAN,STREET,8,9.0
8717,1,5,120,5,2,100.0,1,N,RURAL_VICTORIA,HIGHWAY,8,7.0
8718,4,5,183,2,5,100.0,1,I,RURAL_VICTORIA,HIGHWAY,8,0.0
8719,1,5,99,2,1,60.0,0,I,MELB_URBAN,ROAD,8,15.0
8720,1,5,130,5,1,100.0,0,N,RURAL_VICTORIA,ROAD,8,13.0
8721,1,5,130,5,1,100.0,1,N,MELB_URBAN,ROAD,8,9.0
8722,2,1,99,2,1,50.0,0,I,MELB_URBAN,DRIVE,7,10.0
8723,1,4,99,1,1,70.0,0,I,MELB_URBAN,STREET,8,14.0
8724,1,5,110,1,1,60.0,0,I,MELB_URBAN,STREET,8,8.0
8725,1,3,147,5,1,60.0,0,N,TOWNS,ROAD,8,15.0
8726,4,3,173,5,1,60.0,0,N,RURAL_VICTORIA,ROAD,7,7.0
8727,4,5,173,5,1,100.0,0,N,RURAL_VICTORIA,HIGHWAY,8,15.0
8728,1,5,116,2,1,60.0,0,I,MELB_URBAN,ROAD,8,16.0
8729,1,5,120,5,1,60.0,0,N,MELB_URBAN,ROAD,8,16.0
8730,1,2,130,5,2,100.0,0,N,RURAL_VICTORIA,ROAD,8,18.0
8731,1,2,130,5,1,100.0,0,N,RURAL_VICTORIA,ROAD,8,17.0
8732,2,5,102,1,1,50.0,0,I,MELB_URBAN,STREET,8,16.0
8733,1,5,130,5,1,100.0,0,N,MELB_URBAN,FREEWAY,8,15.0
8734,1,5,130,5,1,100.0,0,N,RURAL_VICTORIA,ROAD,8,14.0
8735,1,5,130,5,1,100.0,0,N,MELB_URBAN,FREEWAY,8,15.0
8736,1,5,147,5,2,50.0,0,N,MELB_URBAN,OTHER,8,17.0
8737,1,4,99,2,1,60.0,0,I,SMALL_CITIES,STREET,8,17.0
8738,4,5,171,2,1,60.0,0,I,MELB_URBAN,ROAD,8,17.0
8739,1,5,110,1,6,50.0,0,N,MELB_URBAN,ROAD,8,22.0
8740,4,5,171,5,5,100.0,0,N,RURAL_VICTORIA,HIGHWAY,8,21.0
8741,1,5,99,2,3,60.0,0,I,MELB_URBAN,STREET,8,20.0
8742,1,5,110,1,3,50.0,0,I,MELB_URBAN,STREET,8,21.0
8743,1,4,113,2,1,60.0,0,I,MELB_URBAN,ROAD,8,13.0
8744,1,5,132,2,3,60.0,0,I,MELB_URBAN,ROAD,8,21.0
8745,4,5,173,2,3,50.0,0,I,MELB_URBAN,OTHER,8,21.0
8746,4,6,173,2,3,70.0,0,I,MELB_URBAN,ROAD,8,1.0
8747,8,5,170,5,1,100.0,0,N,MELB_URBAN,RAMP,8,12.0
8748,1,5,121,1,1,60.0,0,I,MELB_URBAN,STREET,8,8.0
8749,1,5,130,1,1,70.0,0,I,MELB_URBAN,STREET,8,16.0
8750,4,5,173,5,5,110.0,0,N,RURAL_VICTORIA,FREEWAY,8,20.0
8751,1,5,110,1,1,50.0,0,I,MELB_URBAN,STREET,8,15.0
8752,1,6,130,5,1,80.0,0,I,MELB_URBAN,HIGHWAY,8,8.0
8753,1,6,110,1,1,80.0,0,I,RURAL_VICTORIA,ROAD,8,8.0
8754,1,3,130,1,1,60.0,0,I,MELB_URBAN,STREET,8,13.0
8755,4,5,181,5,2,100.0,0,N,RURAL_VICTORIA,ROAD,8,16.0
8756,2,6,99,5,9,60.0,0,N,MELB_URBAN,ROAD,8,5.0
8757,2,6,100,5,1,50.0,0,N,MELB_URBAN,ROAD,8,8.0
8758,1,6,121,4,1,70.0,0,N,RURAL_VICTORIA,RAMP,8,9.0
8759,1,6,121,1,1,70.0,0,I,MELB_URBAN,STREET,8,8.0
8760,1,5,163,1,3,60.0,0,I,MELB_URBAN,ROAD,8,18.0
8761,1,6,140,2,1,70.0,0,I,MELB_URBAN,ROAD,8,10.0
8762,6,6,170,1,1,60.0,0,I,SMALL_CITIES,OTHER,8,12.0
8763,1,6,121,2,1,50.0,0,I,MELB_URBAN,STREET,8,8.0
8764,2,5,99,5,1,60.0,0,N,MELB_URBAN,ROAD,8,8.0
8765,1,6,113,2,1,60.0,0,I,MELB_URBAN,ROAD,8,12.0
8766,4,5,173,5,1,50.0,0,N,MELB_URBAN,STREET,8,11.0
8767,1,5,110,1,1,60.0,0,I,MELB_URBAN,ROAD,8,10.0
8768,7,6,99,1,6,60.0,0,I,MELB_URBAN,STREET,8,3.0
8769,1,5,130,5,3,60.0,0,N,MELB_URBAN,STREET,8,18.0
8770,1,6,110,1,1,50.0,0,I,MELB_URBAN,STREET,8,10.0
8771,2,6,100,2,1,60.0,0,I,SMALL_CITIES,STREET,8,14.0
8772,1,6,113,1,1,60.0,0,I,MELB_URBAN,AVENUE,8,14.0
8773,4,6,173,5,1,100.0,0,N,RURAL_VICTORIA,ROAD,8,13.0
8774,1,5,121,1,1,60.0,0,N,LARGE_PROVINCIAL_CITIES,ROAD,8,15.0
8775,1,6,121,2,1,50.0,0,I,SMALL_CITIES,AVENUE,8,12.0
8776,2,4,102,2,6,50.0,0,I,MELB_URBAN,ROAD,8,20.0
8777,1,6,130,5,1,80.0,0,N,MELB_URBAN,ROAD,8,15.0
8778,1,6,110,1,1,40.0,0,I,TOWNS,STREET,8,15.0
8779,1,6,130,5,1,80.0,0,N,MELB_URBAN,ROAD,8,15.0
8780,1,5,130,5,1,60.0,0,I,MELB_URBAN,STREET,8,15.0
8781,1,5,130,5,1,80.0,0,N,MELB_URBAN,ROAD,8,16.0
8782,1,5,163,5,1,50.0,0,N,MELB_URBAN,ROAD,8,9.0
8783,1,6,130,5,3,50.0,0,N,MELB_URBAN,DRIVE,8,18.0
8784,1,6,130,5,3,60.0,0,N,MELB_URBAN,ROAD,8,18.0
8785,1,4,116,2,1,60.0,0,I,TOWNS,STREET,8,10.0
8786,1,6,132,2,1,100.0,0,I,RURAL_VICTORIA,HIGHWAY,8,17.0
8787,7,6,99,5,1,60.0,0,N,MELB_URBAN,STREET,8,19.0
8788,4,6,181,5,1,100.0,0,N,RURAL_VICTORIA,HIGHWAY,8,15.0
8789,1,6,99,2,3,60.0,0,I,MELB_URBAN,DRIVE,8,19.0
8790,1,6,121,2,3,60.0,0,I,MELB_URBAN,ROAD,8,19.0
8791,8,6,170,5,1,100.0,0,N,RURAL_VICTORIA,ROAD,8,16.0
8792,1,6,132,2,3,60.0,0,I,MELB_URBAN,ROAD,8,18.0
8793,1,6,120,5,2,50.0,0,N,MELB_URBAN,ROAD,8,17.0
8794,4,6,173,5,5,80.0,0,N,MELB_URBAN,ROAD,8,20.0
8795,1,6,113,1,3,60.0,0,I,MELB_URBAN,STREET,8,22.0
8796,1,6,110,1,3,70.0,0,I,MELB_URBAN,ROAD,8,20.0
8797,4,3,173,5,1,110.0,0,N,RURAL_VICTORIA,FREEWAY,8,14.0
8798,2,6,99,2,3,60.0,0,I,MELB_URBAN,ROAD,8,22.0
8799,4,6,171,1,3,80.0,0,I,MELB_URBAN,ROAD,8,23.0
8800,1,6,120,5,3,60.0,0,N,SMALL_TOWNS,STREET,8,22.0
8801,2,7,99,5,6,50.0,0,N,MELBOURNE_CBD,STREET,8,5.0
8802,4,7,173,5,3,80.0,0,N,MELB_URBAN,UNKNOWN,8,4.0
8803,1,7,120,1,3,60.0,0,I,MELB_URBAN,ROAD,8,4.0
8804,1,7,110,1,3,60.0,0,I,MELB_URBAN,HIGHWAY,8,1.0
8805,2,7,99,5,1,60.0,0,N,MELB_URBAN,ROAD,5,14.0
8806,1,5,130,5,1,80.0,0,N,MELB_URBAN,ROAD,8,7.0
8807,1,5,130,5,1,50.0,0,N,MELB_URBAN,ROAD,8,16.0
8808,1,5,121,2,1,60.0,0,I,MELB_URBAN,ROAD,8,14.0
8809,1,6,130,1,1,80.0,0,I,MELB_URBAN,DRIVE,7,17.0
8810,1,7,99,2,1,50.0,0,I,MELB_URBAN,OTHER,8,11.0
8811,1,7,130,5,9,100.0,0,N,MELB_URBAN,FREEWAY,8,12.0
8812,6,6,99,5,1,100.0,0,N,RURAL_VICTORIA,ROAD,8,15.0
8813,1,7,132,2,1,70.0,0,I,MELB_URBAN,ROAD,8,12.0
8814,1,7,99,4,1,60.0,0,I,MELB_URBAN,UNKNOWN,8,13.0
8815,1,7,99,5,1,50.0,0,N,MELB_URBAN,DRIVE,8,10.0
8816,4,7,173,1,1,60.0,0,I,MELB_URBAN,HIGHWAY,8,12.0
8817,4,7,181,5,1,100.0,0,N,RURAL_VICTORIA,ROAD,8,11.0
8818,5,7,99,5,1,100.0,0,N,RURAL_VICTORIA,ROAD,8,15.0
8819,8,7,174,5,1,60.0,0,N,MELB_URBAN,RAMP,8,8.0
8820,8,7,174,2,1,60.0,0,I,SMALL_CITIES,ROAD,8,14.0
8821,4,7,171,2,1,50.0,0,I,TOWNS,STREET,8,13.0
8822,2,5,102,1,3,60.0,0,I,MELB_URBAN,ROAD,8,18.0
8823,1,7,99,2,1,50.0,1,I,MELB_URBAN,AVENUE,8,11.0
8824,1,7,99,2,1,60.0,0,I,MELB_URBAN,ROAD,8,14.0
8825,1,7,121,2,3,70.0,0,I,MELB_URBAN,STREET,8,19.0
8826,1,7,121,1,3,60.0,0,I,MELB_URBAN,ROAD,8,19.0
8827,1,5,130,2,3,60.0,0,I,MELB_URBAN,STREET,8,18.0
8828,4,7,171,2,1,60.0,0,I,MELB_URBAN,ROAD,8,15.0
8829,4,7,173,5,3,80.0,0,N,SMALL_CITIES,ROAD,8,21.0
8830,5,7,171,5,5,90.0,0,N,RURAL_VICTORIA,HIGHWAY,8,21.0
8831,4,7,181,5,1,80.0,0,N,SMALL_TOWNS,ROAD,8,5.0
8832,1,7,130,5,3,60.0,0,N,MELB_URBAN,ROAD,8,19.0
8833,1,1,130,5,3,60.0,0,I,MELB_URBAN,ROAD,8,0.0
8834,2,7,102,2,3,40.0,0,I,MELB_URBAN,ROAD,8,23.0
8835,4,6,181,5,1,100.0,0,N,RURAL_VICTORIA,ROAD,8,14.0
8836,1,5,130,1,1,50.0,0,I,MELB_URBAN,DRIVE,4,17.0
8837,4,7,173,5,3,50.0,0,N,MELB_URBAN,STREET,8,23.0
8838,1,1,130,2,3,60.0,0,I,MELB_URBAN,PARADE,8,1.0
8839,4,1,183,5,5,100.0,0,N,RURAL_VICTORIA,FREEWAY,8,0.0
8840,6,1,184,5,5,50.0,0,N,MELB_URBAN,AVENUE,8,1.0
8841,1,1,160,5,4,50.0,0,N,MELB_URBAN,DRIVE,8,1.0
8842,1,1,160,5,3,50.0,0,N,MELB_URBAN,STREET,8,3.0
8843,1,1,160,5,3,60.0,0,N,MELB_URBAN,STREET,8,5.0
8844,4,1,171,5,3,50.0,1,N,LARGE_PROVINCIAL_CITIES,AVENUE,8,2.0
8845,7,1,99,2,3,50.0,0,I,MELB_URBAN,OTHER,8,6.0
8846,7,1,99,1,1,80.0,0,I,RURAL_VICTORIA,ROAD,8,8.0
8847,4,1,171,5,2,100.0,0,N,RURAL_VICTORIA,HIGHWAY,8,6.0
8848,1,1,121,1,1,60.0,0,I,MELB_URBAN,STREET,8,10.0
8849,7,1,170,2,1,50.0,0,I,MELB_URBAN,OTHER,8,10.0
8850,4,1,99,2,1,50.0,0,I,TOWNS,OTHER,8,10.0
8851,1,1,121,1,1,80.0,0,N,MELB_URBAN,UNKNOWN,8,9.0
8852,7,1,99,5,1,40.0,0,N,MELB_URBAN,ROAD,8,12.0
8853,1,1,110,1,1,100.0,0,I,RURAL_VICTORIA,ROAD,8,11.0
8854,1,1,111,1,1,80.0,0,I,RURAL_VICTORIA,HIGHWAY,8,10.0