,accident_type,day_of_week,dca_code,road_geometry,light_condition,speed_zone,severity,node_type,deg_urban_name,road_type,month,hour
8855,2,1,100,5,1,70.0,0,N,MELB_URBAN,ROAD,8,12.0
8856,4,1,171,5,1,40.0,0,N,MELB_URBAN,STREET,8,13.0
8857,1,0,130,5,1,60.0,0,N,MELB_URBAN,ROAD,8,14.0
8858,1,1,140,5,1,60.0,0,N,MELB_URBAN,ROAD,8,12.0
8859,1,6,140,5,1,40.0,0,N,LARGE_PROVINCIAL_CITIES,STREET,8,15.0
8860,4,1,181,5,1,50.0,0,N,SMALL_TOWNS,ROAD,8,13.0
8861,1,1,130,5,1,110.0,1,N,RURAL_VICTORIA,FREEWAY,8,13.0
8862,8,1,170,2,1,60.0,0,I,MELB_URBAN,ROAD,8,15.0
8863,1,1,121,1,1,60.0,0,I,MELB_URBAN,ROAD,8,14.0
8864,6,6,99,2,5,100.0,0,I,RURAL_VICTORIA,HIGHWAY,8,22.0
8865,8,1,174,5,1,100.0,0,N,RURAL_VICTORIA,ROAD,8,11.0
8866,1,1,110,1,1,70.0,0,N,MELB_URBAN,ROAD,8,9.0
8867,1,7,116,1,2,40.0,0,I,SMALL_CITIES,STREET,8,18.0
8868,8,7,171,2,2,50.0,0,I,MELB_URBAN,STREET,8,18.0
8869,2,6,100,1,1,50.0,0,I,MELB_URBAN,STREET,7,14.0
8870,2,1,99,2,1,60.0,0,I,MELB_URBAN,ROAD,8,15.0
8871,1,1,121,1,2,60.0,0,I,MELB_URBAN,HIGHWAY,8,17.0
8872,2,7,100,2,3,60.0,0,N,TOWNS,ROAD,8,23.0
8873,2,7,100,5,1,60.0,0,N,MELB_URBAN,STREET,2,12.0
8874,4,1,173,1,2,60.0,0,I,MELB_URBAN,STREET,8,17.0
8875,4,1,171,5,1,70.0,0,N,MELB_URBAN,ROAD,8,16.0
8876,8,1,174,5,1,100.0,0,N,MELB_URBAN,FREEWAY,8,16.0
8877,1,7,130,2,1,60.0,0,I,MELB_URBAN,ROAD,8,11.0
8878,1,1,121,2,1,60.0,0,I,MELB_URBAN,ROAD,8,12.0
8879,4,1,173,5,5,60.0,0,N,RURAL_VICTORIA,ROAD,8,19.0
8880,4,1,171,9,1,60.0,0,I,MELB_URBAN,ROAD,8,11.0
8881,4,2,183,2,1,80.0,0,I,SMALL_CITIES,ROAD,8,8.0
8882,1,2,110,1,1,50.0,0,I,TOWNS,STREET,8,8.0
8883,1,2,99,2,1,60.0,0,I,MELB_URBAN,ROAD,8,9.0
8884,1,2,130,5,1,100.0,0,N,RURAL_VICTORIA,FREEWAY,8,8.0
8885,1,2,120,5,1,80.0,0,N,RURAL_VICTORIA,ROAD,8,8.0
8886,1,2,110,1,1,60.0,0,I,MELB_URBAN,AVENUE,8,8.0
8887,7,7,174,5,1,60.0,0,N,LARGE_PROVINCIAL_CITIES,STREET,1,15.0
8888,1,2,110,1,1,50.0,0,I,TOWNS,STREET,8,11.0
8889,4,7,173,5,1,60.0,0,N,RURAL_VICTORIA,ROAD,8,10.0
8890,1,2,99,5,1,80.0,0,I,SMALL_CITIES,HIGHWAY,8,10.0
8891,1,1,99,5,1,100.0,1,N,RURAL_VICTORIA,HIGHWAY,8,15.0
8892,1,2,135,5,1,100.0,0,N,MELB_URBAN,FREEWAY,8,13.0
8893,8,2,174,5,1,50.0,0,N,LARGE_PROVINCIAL_CITIES,ROAD,8,7.0
8894,4,2,171,2,1,70.0,0,I,MELB_URBAN,ROAD,8,11.0
8895,1,2,99,5,1,50.0,0,N,MELB_URBAN,ROAD,8,12.0
8896,1,2,99,2,1,50.0,0,I,MELB_URBAN,OTHER,8,14.0
8897,1,2,99,1,1,80.0,0,I,MELB_URBAN,ROAD,8,15.0
8898,1,2,121,1,1,60.0,0,I,MELB_URBAN,STREET,8,15.0
8899,1,2,121,2,1,60.0,0,I,MELB_URBAN,STREET,8,16.0
8900,1,2,113,2,1,60.0,0,I,SMALL_CITIES,OTHER,8,15.0
8901,1,2,130,1,1,60.0,0,I,MELB_URBAN,ROAD,8,15.0
8902,1,2,140,2,1,50.0,0,I,MELB_URBAN,STREET,8,16.0
8903,1,2,99,2,1,60.0,0,I,MELB_URBAN,ROAD,8,17.0
8904,1,2,130,1,1,60.0,0,I,MELB_URBAN,ROAD,8,15.0
8905,1,2,113,2,1,60.0,0,I,MELB_URBAN,ROAD,8,16.0
8906,1,2,121,1,2,70.0,0,I,MELB_URBAN,ROAD,8,17.0
8907,1,2,121,2,3,60.0,0,I,MELB_URBAN,ROAD,8,17.0
8908,4,5,181,5,1,100.0,0,N,RURAL_VICTORIA,ROAD,8,16.0
8909,1,2,110,1,1,60.0,0,I,LARGE_PROVINCIAL_CITIES,STREET,8,16.0
8910,1,2,113,2,1,50.0,0,I,MELB_URBAN,STREET,8,15.0
8911,1,2,147,2,3,60.0,0,I,LARGE_PROVINCIAL_CITIES,STREET,8,18.0
8912,6,2,170,5,5,80.0,0,N,RURAL_VICTORIA,ROAD,8,17.0
8913,1,2,121,1,3,70.0,0,N,MELB_URBAN,HIGHWAY,8,18.0
8914,4,2,173,5,5,100.0,0,N,RURAL_VICTORIA,ROAD,8,18.0
8915,1,2,121,5,1,60.0,0,N,LARGE_PROVINCIAL_CITIES,AVENUE,8,16.0
8916,1,2,121,2,3,60.0,0,I,MELB_URBAN,ROAD,8,19.0
8917,4,2,173,5,3,50.0,0,N,MELB_URBAN,OTHER,8,20.0
8918,4,2,99,2,3,50.0,0,I,LARGE_PROVINCIAL_CITIES,DRIVE,8,20.0
8919,4,2,171,2,1,100.0,1,N,RURAL_VICTORIA,ROAD,8,17.0
8920,1,3,130,5,3,60.0,0,N,SMALL_CITIES,ROAD,8,5.0
8921,1,2,133,1,1,70.0,0,I,MELB_URBAN,ROAD,8,14.0
8922,4,1,183,5,1,100.0,0,N,RURAL_VICTORIA,ROAD,8,17.0
8923,1,2,133,5,1,100.0,0,N,RURAL_VICTORIA,ROAD,8,7.0
8924,1,3,132,1,1,80.0,0,N,MELB_URBAN,ROAD,8,6.0
8925,1,3,130,1,2,60.0,0,I,MELBOURNE_CBD,STREET,8,7.0
8926,1,3,130,2,1,60.0,0,I,MELB_URBAN,STREET,8,8.0
8927,1,3,113,9,1,100.0,0,I,RURAL_VICTORIA,ROAD,8,8.0
8928,4,3,173,5,5,100.0,0,N,RURAL_VICTORIA,DRIVE,8,4.0
8929,1,2,130,1,1,40.0,0,I,MELB_URBAN,DRIVE,8,8.0
8930,1,5,163,5,1,60.0,0,N,MELBOURNE_CBD,STREET,8,12.0
8931,1,3,113,4,1,80.0,0,I,MELB_URBAN,ROAD,8,9.0
8932,5,1,99,5,1,80.0,0,N,RURAL_VICTORIA,ROAD,8,16.0
8933,1,3,130,2,1,70.0,0,I,MELB_URBAN,ROAD,8,8.0
8934,5,5,99,5,5,90.0,0,N,RURAL_VICTORIA,HIGHWAY,8,20.0
8935,1,2,121,1,1,60.0,0,I,SMALL_CITIES,STREET,8,15.0
8936,1,2,130,5,1,50.0,0,N,MELB_URBAN,ROAD,8,8.0
8937,1,3,99,5,1,50.0,0,N,MELB_URBAN,STREET,8,9.0
8938,1,2,130,1,1,70.0,0,N,MELB_URBAN,ROAD,8,13.0
8939,1,3,110,1,1,50.0,0,I,MELB_URBAN,ROAD,8,13.0
8940,1,7,99,2,3,70.0,0,I,MELB_URBAN,ROAD,8,22.0
8941,6,5,174,5,9,60.0,0,N,MELB_URBAN,PARADE,7,18.0
8942,1,2,140,1,9,60.0,0,I,MELB_URBAN,STREET,8,7.0
8943,1,1,121,1,1,60.0,0,I,RURAL_VICTORIA,HIGHWAY,8,16.0
8944,1,1,130,2,1,60.0,0,I,MELB_URBAN,ROAD,8,10.0
8945,1,3,130,2,1,60.0,0,I,MELB_URBAN,ROAD,8,15.0
8946,1,2,113,2,3,60.0,0,I,MELB_URBAN,ROAD,8,18.0
8947,5,3,173,5,1,100.0,0,N,RURAL_VICTORIA,ROAD,8,11.0
8948,1,2,140,5,3,70.0,0,N,MELB_URBAN,ROAD,8,21.0
8949,1,3,99,1,1,60.0,0,I,MELB_URBAN,ROAD,8,15.0
8950,1,3,130,5,1,100.0,0,N,MELB_URBAN,FREEWAY,8,16.0
8951,6,1,184,5,1,60.0,0,N,RURAL_VICTORIA,ROAD,8,14.0
8952,1,3,110,1,2,50.0,0,I,MELB_URBAN,STREET,8,18.0
8953,1,3,130,1,3,70.0,0,I,MELB_URBAN,ROAD,8,18.0
8954,1,3,99,4,3,60.0,0,I,TOWNS,ROAD,8,19.0
8955,1,3,121,1,1,70.0,0,I,MELB_URBAN,ROAD,8,17.0
8956,1,3,120,5,1,60.0,1,N,MELB_URBAN,ROAD,8,13.0
8957,1,3,132,1,1,60.0,0,I,RURAL_VICTORIA,STREET,8,14.0
8958,6,2,99,5,1,100.0,0,N,RURAL_VICTORIA,ROAD,8,11.0
8959,1,3,121,1,3,70.0,0,I,MELB_URBAN,ROAD,8,21.0
8960,1,3,99,2,1,60.0,0,I,MELB_URBAN,OTHER,8,16.0
8961,4,3,173,5,3,50.0,0,N,MELB_URBAN,BOULEVARD,8,21.0
8962,1,3,120,5,3,80.0,1,N,RURAL_VICTORIA,ROAD,8,20.0
8963,1,3,113,2,3,60.0,0,I,TOWNS,ROAD,8,23.0
8964,1,3,147,5,1,100.0,0,N,RURAL_VICTORIA,ROAD,8,15.0
8965,4,4,171,5,2,60.0,0,N,MELB_URBAN,ROAD,8,6.0
8966,4,4,171,5,1,80.0,0,N,MELB_URBAN,FREEWAY,8,6.0
8967,4,4,171,5,1,90.0,0,N,MELB_URBAN,ROAD,8,8.0
8968,2,4,100,1,1,60.0,0,I,MELB_URBAN,STREET,8,9.0
8969,1,4,99,5,1,60.0,0,N,SMALL_CITIES,AVENUE,8,9.0
8970,1,7,132,3,2,60.0,0,I,MELB_URBAN,ROAD,6,17.0
8971,1,4,130,2,1,60.0,0,I,MELB_URBAN,STREET,8,11.0
8972,2,7,100,1,3,50.0,0,I,SMALL_TOWNS,ROAD,8,21.0
8973,4,4,173,5,1,80.0,0,N,MELB_URBAN,ROAD,8,9.0
8974,2,4,100,5,1,50.0,0,N,MELB_URBAN,STREET,8,8.0
8975,4,4,173,5,1,80.0,0,N,MELB_URBAN,FREEWAY,8,11.0
8976,1,4,113,2,1,100.0,0,N,TOWNS,HIGHWAY,8,11.0
8977,1,3,147,2,1,50.0,0,I,MELB_URBAN,STREET,8,16.0
8978,1,4,130,5,1,50.0,0,N,MELB_URBAN,OTHER,8,13.0
8979,1,4,135,5,1,60.0,0,N,MELB_URBAN,RAMP,8,9.0
8980,1,4,113,1,1,110.0,0,I,RURAL_VICTORIA,FREEWAY,8,11.0
8981,6,5,170,1,5,100.0,0,I,RURAL_VICTORIA,ROAD,8,17.0
8982,1,4,140,2,3,80.0,0,I,MELB_URBAN,ROAD,8,21.0
8983,1,3,147,5,1,60.0,0,N,LARGE_PROVINCIAL_CITIES,ROAD,8,14.0
8984,2,3,99,1,1,60.0,0,I,LARGE_PROVINCIAL_CITIES,PARADE,7,11.0
8985,1,4,130,5,1,40.0,0,N,MELB_URBAN,PARADE,8,14.0
8986,1,6,99,5,2,50.0,0,N,MELB_URBAN,STREET,8,18.0
8987,1,4,110,1,1,60.0,0,I,MELB_URBAN,STREET,8,14.0
8988,8,3,174,5,1,60.0,0,N,MELB_URBAN,STREET,8,14.0
8989,6,4,99,5,1,100.0,0,N,RURAL_VICTORIA,HIGHWAY,8,16.0
8990,5,4,99,5,1,60.0,0,N,SMALL_CITIES,STREET,8,12.0
8991,1,4,99,2,1,60.0,0,I,LARGE_PROVINCIAL_CITIES,OTHER,8,16.0
8992,1,4,130,5,1,80.0,0,N,MELB_URBAN,HIGHWAY,8,16.0
8993,1,4,120,5,1,60.0,0,N,RURAL_VICTORIA,ROAD,8,16.0
8994,1,4,111,2,1,70.0,0,I,MELB_URBAN,ROAD,8,16.0
8995,1,4,140,5,1,80.0,0,N,RURAL_VICTORIA,ROAD,8,16.0
8996,1,7,99,1,1,60.0,0,I,MELB_URBAN,ROAD,8,8.0
8997,1,4,120,5,3,60.0,0,N,LARGE_PROVINCIAL_CITIES,ROAD,8,18.0
8998,1,4,130,5,3,60.0,0,N,MELB_URBAN,PARADE,8,18.0
8999,1,4,140,5,1,60.0,0,N,SMALL_TOWNS,HIGHWAY,8,16.0
9000,8,5,99,2,2,60.0,0,I,MELB_URBAN,ROAD,7,6.0
9001,3,2,167,5,6,100.0,0,N,RURAL_VICTORIA,ROAD,8,19.0
9002,6,4,170,5,1,100.0,0,N,MELB_URBAN,FREEWAY,8,17.0
9003,1,4,130,5,1,60.0,0,N,MELB_URBAN,ROAD,6,8.0
9004,1,4,116,2,2,60.0,0,I,MELB_URBAN,AVENUE,8,18.0
9005,4,4,173,5,3,60.0,0,N,MELB_URBAN,ROAD,8,20.0
9006,1,4,110,1,1,100.0,0,I,MELB_URBAN,ROAD,8,14.0
9007,4,4,171,5,5,90.0,0,N,RURAL_VICTORIA,DRIVE,8,22.0
9008,1,4,120,5,5,100.0,0,N,RURAL_VICTORIA,FREEWAY,8,5.0
9009,1,5,130,5,3,70.0,0,N,MELB_URBAN,ROAD,8,0.0
9010,4,4,171,5,3,50.0,0,N,MELB_URBAN,ROAD,8,22.0
9011,1,5,130,1,2,50.0,0,I,MELB_URBAN,STREET,8,6.0
9012,1,4,140,5,1,70.0,0,N,LARGE_PROVINCIAL_CITIES,HIGHWAY,8,14.0
9013,8,3,174,5,1,50.0,0,N,MELB_URBAN,UNKNOWN,8,17.0
9014,4,5,173,5,1,50.0,0,N,RURAL_VICTORIA,DRIVE,8,7.0
9015,1,5,163,5,1,50.0,0,N,MELB_URBAN,ROAD,8,7.0
9016,1,5,121,1,1,60.0,0,I,MELB_URBAN,ROAD,8,8.0
9017,1,6,121,1,1,60.0,0,I,LARGE_PROVINCIAL_CITIES,STREET,7,11.0
9018,4,5,173,5,2,100.0,0,N,RURAL_VICTORIA,OTHER,8,7.0
9019,1,5,121,2,1,40.0,0,I,MELB_URBAN,STREET,8,9.0
9020,4,5,171,5,2,100.0,0,N,RURAL_VICTORIA,ROAD,8,6.0
9021,1,5,110,1,1,50.0,0,I,MELB_URBAN,STREET,8,10.0
9022,7,7,174,4,1,90.0,0,I,RURAL_VICTORIA,OTHER,8,14.0
9023,1,4,121,5,1,60.0,0,N,MELB_URBAN,ROAD,8,17.0
9024,1,7,140,5,3,60.0,0,N,MELB_URBAN,STREET,8,23.0
9025,1,3,110,1,2,60.0,0,I,SMALL_CITIES,ROAD,9,18.0
9026,1,7,99,1,2,60.0,0,I,LARGE_PROVINCIAL_CITIES,STREET,8,19.0
9027,1,4,99,5,2,60.0,0,N,MELB_URBAN,ROAD,8,19.0
9028,1,2,110,1,1,60.0,0,I,MELB_URBAN,ROAD,8,11.0
9029,2,4,102,2,3,60.0,0,I,MELB_URBAN,AVENUE,8,20.0
9030,4,4,171,5,1,60.0,0,N,RURAL_VICTORIA,ROAD,8,14.0
9031,8,5,184,5,1,80.0,0,N,RURAL_VICTORIA,ROAD,8,12.0
9032,8,1,174,5,1,60.0,0,N,RURAL_VICTORIA,OTHER,7,12.0
9033,1,5,130,2,1,40.0,0,I,MELB_URBAN,STREET,8,14.0
9034,1,5,130,5,9,60.0,0,N,MELB_URBAN,STREET,8,15.0
9035,1,6,130,9,2,70.0,0,I,MELB_URBAN,ROAD,8,17.0
9036,1,4,130,1,2,60.0,0,N,LARGE_PROVINCIAL_CITIES,ROAD,8,17.0
9037,1,2,99,1,1,80.0,0,I,SMALL_TOWNS,ROAD,8,16.0
9038,4,6,181,5,2,80.0,0,N,RURAL_VICTORIA,ROAD,6,7.0
9039,1,5,121,2,1,60.0,0,I,MELB_URBAN,ROAD,8,16.0
9040,2,5,102,1,1,80.0,0,I,MELB_URBAN,ROAD,8,17.0
9041,1,5,110,1,2,50.0,0,I,MELB_URBAN,STREET,8,17.0
9042,1,4,130,5,1,80.0,0,N,MELB_URBAN,ROAD,7,15.0
9043,2,5,99,5,2,50.0,0,N,MELB_URBAN,BOULEVARD,8,18.0
9044,1,5,121,2,1,60.0,0,I,MELB_URBAN,DRIVE,8,16.0
9045,7,2,174,5,3,50.0,0,N,MELB_URBAN,OTHER,8,20.0
9046,4,5,99,5,1,60.0,0,N,MELB_URBAN,STREET,8,10.0
9047,1,5,130,1,2,80.0,0,I,MELB_URBAN,ROAD,8,16.0
9048,4,5,183,5,5,100.0,0,N,RURAL_VICTORIA,ROAD,8,19.0
9049,1,3,130,5,2,60.0,0,N,MELB_URBAN,ROAD,8,17.0
9050,4,5,173,5,5,100.0,0,N,RURAL_VICTORIA,ROAD,8,20.0
9051,5,5,99,5,5,100.0,0,N,RURAL_VICTORIA,ROAD,8,19.0
9052,1,5,121,2,3,70.0,0,I,LARGE_PROVINCIAL_CITIES,HIGHWAY,8,20.0
9053,1,4,130,4,1,60.0,0,I,MELB_URBAN,RAMP,8,16.0
9054,1,6,110,1,3,70.0,0,I,MELB_URBAN,ROAD,8,4.0
9055,2,4,102,1,1,70.0,0,I,MELB_URBAN,ROAD,8,17.0
9056,1,1,121,2,1,80.0,0,I,MELB_URBAN,ROAD,6,13.0
9057,4,6,181,5,1,60.0,0,N,MELB_URBAN,ROAD,8,7.0
9058,2,5,102,1,1,40.0,0,I,MELB_URBAN,STREET,8,9.0
9059,1,6,130,1,1,60.0,0,I,MELB_URBAN,STREET,8,8.0
9060,1,4,130,2,1,70.0,0,I,MELB_URBAN,STREET,8,15.0
9061,1,5,132,2,1,80.0,0,I,MELB_URBAN,ROAD,8,7.0
9062,1,6,121,2,1,60.0,0,I,MELB_URBAN,STREET,8,9.0
9063,4,5,171,5,5,100.0,0,N,RURAL_VICTORIA,ROAD,8,19.0
9064,1,6,130,2,1,60.0,0,I,MELB_URBAN,ROAD,8,8.0
9065,1,6,116,2,1,70.0,0,I,MELB_URBAN,ROAD,8,10.0
9066,1,6,110,1,1,60.0,0,I,MELB_URBAN,STREET,8,9.0
9067,1,6,99,1,1,60.0,0,I,MELB_URBAN,STREET,8,11.0
9068,4,6,173,2,1,100.0,0,I,RURAL_VICTORIA,ROAD,8,10.0
9069,1,4,140,5,5,110.0,0,N,RURAL_VICTORIA,RAMP,8,22.0
9070,4,6,171,5,1,60.0,0,N,SMALL_CITIES,STREET,8,12.0
9071,4,5,171,5,1,70.0,0,N,TOWNS,HIGHWAY,8,16.0
9072,8,5,174,1,3,60.0,0,I,MELB_URBAN,ROAD,8,20.0
9073,1,6,130,2,1,80.0,0,N,MELB_URBAN,ROAD,8,15.0
9074,2,5,100,4,1,60.0,0,I,MELB_URBAN,ROAD,8,13.0
9075,1,4,130,1,2,60.0,0,I,MELB_URBAN,STREET,7,17.0
9076,1,6,113,2,1,50.0,0,I,MELB_URBAN,ROAD,8,15.0
9077,4,3,171,5,1,100.0,0,N,RURAL_VICTORIA,ROAD,8,16.0
9078,2,6,99,5,1,40.0,0,N,MELB_URBAN,STREET,8,16.0
9079,4,5,173,2,3,60.0,0,I,SMALL_CITIES,DRIVE,8,21.0
9080,1,6,113,2,1,100.0,0,N,RURAL_VICTORIA,ROAD,8,15.0
9081,4,6,171,5,1,100.0,0,N,RURAL_VICTORIA,ROAD,8,10.0
9082,1,6,130,5,1,80.0,0,N,MELB_URBAN,ROAD,8,16.0
9083,1,6,130,4,1,60.0,0,I,LARGE_PROVINCIAL_CITIES,STREET,8,15.0
9084,2,6,100,5,3,50.0,0,N,MELB_URBAN,STREET,8,18.0
9085,2,6,100,2,3,50.0,0,I,MELB_URBAN,STREET,8,18.0
9086,1,5,140,2,1,60.0,0,I,MELB_URBAN,ROAD,8,13.0
9087,1,6,130,5,3,80.0,0,N,MELB_URBAN,HIGHWAY,8,19.0
9088,1,6,121,2,1,70.0,0,I,MELB_URBAN,ROAD,8,15.0
9089,2,6,102,1,5,60.0,0,I,MELB_URBAN,ROAD,8,19.0
9090,1,6,99,5,2,100.0,0,N,RURAL_VICTORIA,ROAD,8,18.0
9091,1,6,130,2,3,50.0,0,I,MELB_URBAN,HIGHWAY,8,18.0
9092,2,6,102,1,3,70.0,0,I,MELB_URBAN,ROAD,8,20.0
9093,2,6,102,2,3,50.0,0,I,MELB_URBAN,PARADE,8,19.0
9094,1,6,120,5,1,100.0,1,N,RURAL_VICTORIA,ROAD,8,17.0
9095,4,7,181,5,2,80.0,0,N,RURAL_VICTORIA,ROAD,9,7.0
9096,1,6,130,5,2,60.0,0,N,MELB_URBAN,UNKNOWN,7,17.0
9097,4,6,181,5,5,60.0,0,N,MELB_URBAN,ROAD,8,19.0
9098,1,6,99,1,1,70.0,0,I,LARGE_PROVINCIAL_CITIES,STREET,8,14.0
9099,1,7,116,2,1,60.0,0,I,MELB_URBAN,ROAD,9,9.0
9100,1,7,110,1,1,50.0,0,I,MELB_URBAN,STREET,9,9.0
9101,4,7,181,5,1,90.0,0,N,RURAL_VICTORIA,ROAD,9,8.0
9102,5,3,99,5,1,50.0,0,N,MELB_URBAN,STREET,8,8.0
9103,1,7,130,1,1,60.0,0,I,MELB_URBAN,STREET,9,10.0
9104,1,7,140,1,1,60.0,0,I,LARGE_PROVINCIAL_CITIES,STREET,9,13.0
9105,1,7,130,5,1,70.0,0,N,MELB_URBAN,STREET,9,13.0
9106,1,7,130,5,1,60.0,0,N,MELB_URBAN,ROAD,9,13.0
9107,1,5,130,5,1,80.0,0,N,MELB_URBAN,ROAD,8,16.0
9108,1,7,121,1,1,70.0,0,I,LARGE_PROVINCIAL_CITIES,HIGHWAY,9,14.0
9109,1,7,130,1,1,80.0,0,I,MELB_URBAN,RAMP,9,13.0
9110,1,7,113,2,1,40.0,0,I,MELB_URBAN,ROAD,9,14.0
9111,1,7,147,5,1,50.0,0,N,MELB_URBAN,STREET,9,12.0
9112,6,6,99,5,5,100.0,0,N,RURAL_VICTORIA,ROAD,8,2.0
9113,4,7,183,5,1,60.0,0,N,MELB_URBAN,ROAD,9,15.0
9114,1,7,121,2,1,50.0,0,I,MELB_URBAN,STREET,9,17.0
9115,1,7,130,2,1,60.0,0,I,MELB_URBAN,ROAD,9,13.0
9116,1,7,121,2,1,90.0,0,N,RURAL_VICTORIA,HIGHWAY,9,16.0
9117,8,7,174,5,1,60.0,0,N,MELB_URBAN,ROAD,9,17.0
9118,2,7,99,2,3,60.0,0,I,MELB_URBAN,STREET,9,18.0
9119,6,7,99,5,1,100.0,0,N,RURAL_VICTORIA,HIGHWAY,9,14.0
9120,8,7,174,1,3,60.0,0,I,MELB_URBAN,ROAD,9,19.0
9121,1,7,130,5,6,60.0,0,N,MELB_URBAN,OTHER,9,20.0
9122,4,1,181,5,5,100.0,0,N,RURAL_VICTORIA,OTHER,9,2.0
9123,1,6,121,2,1,70.0,0,I,MELB_URBAN,ROAD,8,16.0
9124,1,1,120,5,1,80.0,0,N,RURAL_VICTORIA,ROAD,9,8.0
9125,4,1,171,2,2,60.0,0,I,MELB_URBAN,ROAD,9,6.0
9126,2,1,100,1,1,50.0,0,I,MELB_URBAN,STREET,9,10.0
9127,1,1,121,2,2,60.0,0,N,MELB_URBAN,STREET,9,7.0
9128,1,1,113,1,1,80.0,0,I,SMALL_CITIES,HIGHWAY,9,10.0
9129,8,4,174,5,2,80.0,0,N,RURAL_VICTORIA,ROAD,8,17.0
9130,4,1,173,5,1,100.0,0,I,RURAL_VICTORIA,ROAD,9,10.0
9131,8,1,174,5,1,60.0,0,N,MELB_URBAN,ROAD,9,12.0
9132,4,1,171,5,1,60.0,0,N,SMALL_CITIES,ROAD,9,11.0
9133,1,1,130,1,1,80.0,0,N,MELB_URBAN,ROAD,9,9.0
9134,1,1,110,1,1,60.0,0,I,MELB_URBAN,STREET,9,11.0
9135,4,1,171,1,3,60.0,0,I,LARGE_PROVINCIAL_CITIES,ROAD,9,0.0
9136,4,1,183,5,1,100.0,0,N,RURAL_VICTORIA,ROAD,9,12.0
9137,8,1,174,5,1,100.0,0,N,RURAL_VICTORIA,DRIVE,9,11.0
9138,4,1,173,5,1,100.0,0,N,RURAL_VICTORIA,ROAD,9,13.0
9139,1,1,113,1,1,100.0,1,I,RURAL_VICTORIA,ROAD,9,11.0
9140,1,1,121,1,1,80.0,0,I,MELB_URBAN,ROAD,9,15.0
9141,1,1,110,1,1,80.0,0,I,RURAL_VICTORIA,STREET,9,15.0
9142,4,7,171,1,3,50.0,0,N,LARGE_PROVINCIAL_CITIES,STREET,9,23.0
9143,5,1,99,5,2,50.0,0,N,MELB_URBAN,AVENUE,9,17.0
9144,1,0,120,2,2,60.0,0,I,MELB_URBAN,ROAD,9,18.0
9145,1,1,99,5,2,100.0,0,N,MELB_URBAN,ROAD,9,18.0
9146,4,1,99,2,3,50.0,0,I,MELB_URBAN,ROAD,9,20.0
9147,4,1,171,5,3,40.0,0,N,TOWNS,STREET,9,20.0
9148,4,1,173,5,3,60.0,0,N,MELB_URBAN,ROAD,9,21.0
9149,5,2,99,5,2,100.0,0,N,RURAL_VICTORIA,FREEWAY,9,6.0
9150,8,7,174,5,1,50.0,0,N,RURAL_VICTORIA,STREET,9,14.0
9151,1,2,99,5,2,60.0,0,N,MELB_URBAN,STREET,9,7.0
9152,1,2,110,1,1,60.0,0,I,MELB_URBAN,STREET,9,8.0
9153,1,2,140,1,2,60.0,0,I,MELB_URBAN,ROAD,9,7.0
9154,1,2,99,2,1,50.0,0,I,MELB_URBAN,PARADE,9,8.0
9155,2,2,102,5,1,70.0,0,N,MELB_URBAN,ROAD,9,8.0
9156,8,2,174,1,1,40.0,0,N,MELB_URBAN,ROAD,9,7.0
9157,1,1,130,5,2,50.0,0,N,MELB_URBAN,ROAD,9,19.0
9158,1,2,132,2,1,60.0,0,I,LARGE_PROVINCIAL_CITIES,OTHER,9,8.0
9159,1,2,147,5,2,60.0,0,N,MELB_URBAN,ROAD,9,7.0
9160,1,2,121,1,1,60.0,0,I,MELB_URBAN,STREET,9,9.0
9161,1,2,120,5,1,60.0,0,N,MELB_URBAN,ROAD,9,9.0
9162,1,1,130,5,1,60.0,0,N,RURAL_VICTORIA,ROAD,8,10.0
9163,1,2,130,1,1,80.0,0,I,MELB_URBAN,ROAD,9,9.0
9164,1,3,135,4,2,80.0,0,I,MELB_URBAN,HIGHWAY,7,18.0
9165,1,2,99,1,1,80.0,0,I,MELB_URBAN,HIGHWAY,9,10.0
9166,1,6,113,2,2,70.0,0,I,MELB_URBAN,ROAD,8,7.0
9167,4,3,99,5,3,60.0,0,N,MELB_URBAN,ROAD,8,19.0
9168,1,2,110,1,1,60.0,0,I,MELB_URBAN,HIGHWAY,9,11.0
9169,1,1,113,2,3,60.0,0,I,MELB_URBAN,ROAD,9,22.0
9170,1,2,99,5,1,50.0,0,N,MELB_URBAN,STREET,9,11.0
9171,2,2,99,2,1,50.0,0,I,MELB_URBAN,STREET,9,12.0
9172,1,2,110,1,1,60.0,0,I,MELB_URBAN,STREET,9,12.0
9173,1,4,135,5,1,40.0,0,N,MELB_URBAN,ROAD,8,12.0
9174,1,2,130,1,1,80.0,0,I,MELB_URBAN,HIGHWAY,8,16.0
9175,1,2,130,5,1,100.0,1,N,RURAL_VICTORIA,HIGHWAY,9,9.0
9176,1,4,121,5,2,60.0,0,N,MELB_URBAN,STREET,8,18.0
9177,4,2,99,5,1,40.0,0,N,MELB_URBAN,STREET,9,14.0
9178,1,2,110,1,1,60.0,0,I,LARGE_PROVINCIAL_CITIES,STREET,9,15.0
9179,1,2,132,2,1,60.0,0,I,SMALL_CITIES,STREET,9,8.0
9180,1,2,130,2,1,80.0,0,I,TOWNS,ROAD,9,7.0
9181,1,2,140,5,1,50.0,0,N,MELB_URBAN,ROAD,9,16.0
9182,8,7,174,5,1,60.0,0,N,RURAL_VICTORIA,ROAD,9,15.0
9183,7,2,174,2,1,60.0,0,I,MELB_URBAN,ROAD,9,17.0
9184,1,2,130,5,1,60.0,0,N,MELB_URBAN,ROAD,9,8.0
9185,1,5,113,2,1,60.0,0,I,MELB_URBAN,ROAD,8,10.0
9186,1,2,121,1,1,60.0,0,I,MELB_URBAN,STREET,9,16.0
9187,2,2,100,2,3,60.0,0,I,MELB_URBAN,ROAD,9,19.0
9188,4,2,171,5,1,100.0,0,N,MELB_URBAN,FREEWAY,9,17.0
9189,1,2,116,2,3,60.0,0,I,MELB_URBAN,ROAD,9,18.0
9190,4,2,173,1,3,50.0,0,I,LARGE_PROVINCIAL_CITIES,ROAD,9,21.0
9191,8,6,174,1,3,60.0,0,I,MELB_URBAN,ROAD,8,19.0
9192,4,4,173,5,3,70.0,0,N,MELB_URBAN,ROAD,8,23.0