,accident_type,day_of_week,dca_code,road_geometry,light_condition,speed_zone,severity,node_type,deg_urban_name,road_type,month,hour
9193,1,3,113,2,1,70.0,0,I,MELB_URBAN,ROAD,9,6.0
9194,1,1,110,1,1,100.0,0,I,RURAL_VICTORIA,ROAD,9,11.0
9195,1,3,130,2,1,60.0,0,N,MELB_URBAN,ROAD,9,8.0
9196,1,3,110,1,1,70.0,0,I,MELB_URBAN,ROAD,9,8.0
9197,1,5,130,5,9,100.0,0,N,MELB_URBAN,FREEWAY,8,17.0
9198,1,3,140,1,1,80.0,0,I,MELB_URBAN,ROAD,9,9.0
9199,1,3,160,5,1,50.0,0,N,MELB_URBAN,PARADE,9,9.0
9200,1,3,160,5,1,70.0,0,N,MELB_URBAN,HIGHWAY,9,11.0
9201,1,3,132,2,1,70.0,0,I,MELB_URBAN,HIGHWAY,9,9.0
9202,1,3,121,1,1,70.0,0,I,MELB_URBAN,STREET,9,11.0
9203,1,2,113,2,3,80.0,0,I,MELB_URBAN,HIGHWAY,9,21.0
9204,1,3,160,5,1,60.0,0,N,LARGE_PROVINCIAL_CITIES,ROAD,9,10.0
9205,2,7,99,5,3,50.0,0,N,LARGE_PROVINCIAL_CITIES,STREET,9,2.0
9206,8,5,184,5,1,60.0,0,N,RURAL_VICTORIA,ROAD,7,14.0
9207,1,3,147,2,1,70.0,0,N,LARGE_PROVINCIAL_CITIES,ROAD,9,11.0
9208,1,3,99,2,1,70.0,0,I,MELB_URBAN,ROAD,9,10.0
9209,1,2,130,1,1,50.0,0,I,MELBOURNE_CBD,STREET,9,11.0
9210,8,3,174,5,1,110.0,0,N,RURAL_VICTORIA,FREEWAY,9,11.0
9211,1,3,130,5,1,50.0,0,N,MELB_URBAN,STREET,9,9.0
9212,1,3,99,1,1,100.0,0,I,RURAL_VICTORIA,HIGHWAY,9,12.0
9213,3,3,167,5,1,100.0,0,N,RURAL_VICTORIA,ROAD,9,10.0
9214,4,3,181,2,5,60.0,0,I,SMALL_TOWNS,ROAD,9,1.0
9215,1,5,140,5,1,60.0,0,N,MELB_URBAN,STREET,8,17.0
9216,1,3,163,5,1,50.0,0,N,MELBOURNE_CBD,STREET,9,13.0
9217,1,3,130,5,1,70.0,0,N,MELB_URBAN,ROAD,9,14.0
9218,1,3,130,5,1,60.0,0,N,MELB_URBAN,ROAD,9,9.0
9219,4,4,173,5,2,60.0,0,N,RURAL_VICTORIA,ROAD,8,17.0
9220,1,3,121,5,1,60.0,0,N,MELB_URBAN,ROAD,9,16.0
9221,1,3,133,2,1,80.0,0,I,MELB_URBAN,HIGHWAY,9,15.0
9222,6,2,174,5,2,100.0,0,N,RURAL_VICTORIA,ROAD,9,7.0
9223,2,3,99,5,1,60.0,0,N,MELB_URBAN,STREET,9,18.0
9224,2,3,100,1,1,50.0,0,I,MELB_URBAN,ROAD,9,17.0
9225,1,3,160,2,1,40.0,0,I,MELB_URBAN,PARADE,9,17.0
9226,2,3,99,2,2,40.0,0,I,MELB_URBAN,STREET,9,17.0
9227,6,3,99,5,1,100.0,0,N,RURAL_VICTORIA,ROAD,9,16.0
9228,1,2,110,1,3,80.0,0,I,MELB_URBAN,ROAD,9,21.0
9229,1,3,121,1,3,70.0,0,I,MELB_URBAN,ROAD,9,22.0
9230,1,3,160,5,3,60.0,0,N,MELB_URBAN,ROAD,9,21.0
9231,1,4,120,5,5,60.0,0,N,LARGE_PROVINCIAL_CITIES,ROAD,9,0.0
9232,4,4,171,5,3,60.0,0,N,MELB_URBAN,ROAD,9,1.0
9233,4,4,171,5,5,110.0,0,N,RURAL_VICTORIA,UNKNOWN,9,5.0
9234,4,4,181,5,5,60.0,1,N,RURAL_VICTORIA,ROAD,9,3.0
9235,1,4,99,1,2,60.0,0,I,MELB_URBAN,ROAD,9,6.0
9236,1,3,171,5,1,50.0,0,N,SMALL_CITIES,BOULEVARD,9,13.0
9237,1,4,130,5,1,80.0,0,N,MELB_URBAN,FREEWAY,9,7.0
9238,1,3,133,5,1,60.0,0,N,RURAL_VICTORIA,HIGHWAY,9,12.0
9239,1,4,99,4,1,60.0,0,I,MELB_URBAN,RAMP,9,8.0
9240,1,4,121,2,1,60.0,0,I,RURAL_VICTORIA,ROAD,9,8.0
9241,1,4,110,1,1,50.0,0,I,MELB_URBAN,ROAD,9,8.0
9242,1,4,110,1,1,50.0,0,I,MELB_URBAN,STREET,9,8.0
9243,6,4,174,5,1,80.0,0,N,RURAL_VICTORIA,ROAD,9,10.0
9244,1,4,135,5,1,60.0,0,N,MELB_URBAN,ROAD,9,8.0
9245,1,4,132,1,1,60.0,0,I,LARGE_PROVINCIAL_CITIES,STREET,9,10.0
9246,1,3,130,2,1,70.0,0,I,LARGE_PROVINCIAL_CITIES,ROAD,9,16.0
9247,1,4,121,4,1,50.0,0,I,SMALL_CITIES,OTHER,9,11.0
9248,1,4,140,2,1,60.0,0,I,SMALL_CITIES,STREET,9,11.0
9249,1,2,130,5,1,70.0,0,N,MELB_URBAN,ROAD,9,8.0
9250,1,5,130,5,2,80.0,0,I,MELB_URBAN,HIGHWAY,8,16.0
9251,5,4,99,5,1,50.0,0,N,MELB_URBAN,ROAD,9,13.0
9252,1,4,110,1,1,50.0,0,I,SMALL_CITIES,AVENUE,9,13.0
9253,4,6,173,5,1,50.0,0,N,TOWNS,STREET,7,11.0
9254,2,4,102,1,1,60.0,0,I,MELB_URBAN,ROAD,9,14.0
9255,8,3,174,2,2,60.0,0,I,MELB_URBAN,STREET,8,5.0
9256,1,4,160,5,1,50.0,0,N,MELB_URBAN,ROAD,9,10.0
9257,1,4,121,1,1,50.0,0,I,SMALL_CITIES,STREET,9,13.0
9258,4,4,173,1,1,50.0,0,I,MELB_URBAN,STREET,9,11.0
9259,1,2,130,2,1,80.0,0,I,TOWNS,ROAD,8,8.0
9260,2,4,99,2,2,40.0,0,I,MELB_URBAN,ROAD,9,17.0
9261,1,4,130,2,1,60.0,0,I,MELB_URBAN,DRIVE,9,17.0
9262,1,4,113,2,1,60.0,0,I,MELB_URBAN,STREET,9,15.0
9263,1,4,130,2,1,60.0,0,I,MELB_URBAN,ROAD,9,17.0
9264,1,4,130,5,1,80.0,0,N,MELB_URBAN,UNKNOWN,9,17.0
9265,1,4,130,1,1,50.0,0,I,MELB_URBAN,STREET,8,7.0
9266,2,4,102,2,1,50.0,0,I,MELB_URBAN,ROAD,9,16.0
9267,7,7,174,5,1,60.0,0,N,RURAL_VICTORIA,ROAD,9,15.0
9268,1,4,121,1,3,80.0,0,I,MELB_URBAN,HIGHWAY,9,20.0
9269,1,4,140,5,1,60.0,0,N,LARGE_PROVINCIAL_CITIES,STREET,9,9.0
9270,1,4,99,1,3,100.0,0,I,RURAL_VICTORIA,ROAD,9,21.0
9271,4,5,171,5,3,60.0,0,N,MELB_URBAN,ROAD,9,0.0
9272,5,4,99,5,5,80.0,1,N,TOWNS,ROAD,9,22.0
9273,4,3,171,5,3,60.0,0,N,MELB_URBAN,HIGHWAY,9,3.0
9274,4,5,173,2,3,60.0,0,I,MELB_URBAN,ROAD,9,1.0
9275,1,4,121,1,1,60.0,0,I,MELB_URBAN,ROAD,9,8.0
9276,1,5,130,5,5,110.0,0,N,RURAL_VICTORIA,FREEWAY,9,4.0
9277,1,5,110,1,2,50.0,0,I,SMALL_CITIES,STREET,9,7.0
9278,1,4,147,5,1,50.0,0,N,LARGE_PROVINCIAL_CITIES,STREET,8,14.0
9279,1,7,99,5,1,100.0,0,N,RURAL_VICTORIA,ROAD,8,10.0
9280,4,6,171,2,5,100.0,0,I,RURAL_VICTORIA,ROAD,6,18.0
9281,4,1,99,5,2,50.0,0,N,MELB_URBAN,STREET,9,7.0
9282,1,4,99,2,2,60.0,0,N,MELB_URBAN,ROAD,9,7.0
9283,1,5,121,2,1,50.0,0,I,SMALL_CITIES,STREET,9,8.0
9284,1,5,130,5,1,60.0,0,N,SMALL_CITIES,HIGHWAY,9,10.0
9285,8,7,174,5,1,60.0,0,N,RURAL_VICTORIA,ROAD,8,9.0
9286,1,4,99,5,1,100.0,0,N,RURAL_VICTORIA,HIGHWAY,9,14.0
9287,1,7,99,5,1,50.0,0,N,MELB_URBAN,DRIVE,9,11.0
9288,1,5,130,2,1,60.0,0,I,MELB_URBAN,STREET,9,10.0
9289,1,5,113,1,1,60.0,0,I,MELB_URBAN,STREET,9,7.0
9290,2,5,99,5,1,60.0,0,N,MELB_URBAN,ROAD,9,10.0
9291,4,5,173,1,1,60.0,0,I,LARGE_PROVINCIAL_CITIES,STREET,9,9.0
9292,1,5,99,1,1,70.0,0,I,MELB_URBAN,ROAD,9,9.0
9293,1,5,147,5,1,50.0,0,N,MELB_URBAN,ROAD,9,11.0
9294,4,1,173,1,3,70.0,0,I,MELB_URBAN,ROAD,6,19.0
9295,1,1,99,1,1,50.0,0,I,SMALL_CITIES,ROAD,9,11.0
9296,1,4,130,2,1,60.0,0,I,MELB_URBAN,ROAD,9,11.0
9297,1,5,110,1,1,60.0,0,I,MELB_URBAN,ROAD,9,12.0
9298,1,5,130,5,1,100.0,0,N,MELB_URBAN,FREEWAY,9,9.0
9299,1,4,116,2,1,70.0,0,I,MELB_URBAN,ROAD,9,16.0
9300,1,1,110,1,1,50.0,0,I,MELB_URBAN,STREET,9,9.0
9301,1,5,130,5,1,50.0,0,N,MELB_URBAN,ROAD,9,15.0
9302,1,4,130,5,1,80.0,0,N,TOWNS,HIGHWAY,6,11.0
9303,1,5,121,5,1,50.0,0,N,LARGE_PROVINCIAL_CITIES,OTHER,9,15.0
9304,1,5,110,1,1,50.0,0,I,MELB_URBAN,STREET,9,16.0
9305,1,2,130,1,1,40.0,0,I,LARGE_PROVINCIAL_CITIES,STREET,8,8.0
9306,1,3,130,5,1,60.0,0,N,MELB_URBAN,ROAD,9,16.0
9307,1,6,130,2,1,60.0,0,I,MELB_URBAN,STREET,8,16.0
9308,1,7,99,1,1,50.0,0,I,MELB_URBAN,STREET,9,13.0
9309,1,4,147,5,2,60.0,0,N,MELB_URBAN,OTHER,8,7.0
9310,1,5,135,5,3,100.0,0,N,MELB_URBAN,FREEWAY,9,18.0
9311,1,5,121,1,3,60.0,0,I,MELB_URBAN,ROAD,9,19.0
9312,1,5,121,1,1,50.0,0,I,TOWNS,STREET,9,16.0
9313,1,5,113,1,3,80.0,0,I,MELB_URBAN,ROAD,9,20.0
9314,1,6,135,5,1,80.0,0,N,MELB_URBAN,ROAD,9,8.0
9315,1,7,130,2,1,60.0,0,I,MELB_URBAN,ROAD,9,8.0
9316,1,6,99,1,1,60.0,0,I,MELB_URBAN,ROAD,9,9.0
9317,1,5,99,5,1,70.0,0,N,MELB_URBAN,ROAD,9,17.0
9318,1,6,130,5,1,40.0,0,N,MELB_URBAN,STREET,9,9.0
9319,2,6,99,5,1,40.0,0,N,MELB_URBAN,ROAD,9,8.0
9320,1,5,132,2,1,60.0,0,I,MELB_URBAN,STREET,9,16.0
9321,1,5,130,5,2,60.0,0,N,MELB_URBAN,STREET,9,17.0
9322,1,6,99,5,1,50.0,0,N,MELB_URBAN,STREET,9,10.0
9323,2,6,99,5,1,60.0,0,N,MELB_URBAN,ROAD,9,10.0
9324,1,6,140,2,1,40.0,0,I,MELB_URBAN,ROAD,9,11.0
9325,8,1,174,5,1,80.0,0,UNKNOWN,UNKNOWN,UNKNOWN,8,14.0
9326,1,6,120,5,1,50.0,0,N,MELB_URBAN,STREET,9,12.0
9327,1,6,120,5,1,70.0,0,N,MELB_URBAN,ROAD,9,11.0
9328,1,4,130,5,1,60.0,0,N,MELB_URBAN,STREET,9,17.0
9329,1,3,130,2,1,80.0,0,I,MELB_URBAN,ROAD,8,16.0
9330,1,6,111,2,1,50.0,0,I,MELB_URBAN,STREET,9,14.0
9331,1,6,171,5,1,60.0,0,N,MELB_URBAN,ROAD,9,14.0
9332,1,6,120,5,1,100.0,0,N,RURAL_VICTORIA,HIGHWAY,9,10.0
9333,2,6,100,5,1,40.0,0,N,MELB_URBAN,STREET,9,16.0
9334,2,6,100,5,1,80.0,0,N,SMALL_CITIES,DRIVE,9,15.0
9335,1,6,140,2,1,60.0,0,I,SMALL_CITIES,ROAD,9,15.0
9336,1,6,130,2,2,60.0,0,I,MELB_URBAN,ROAD,9,17.0
9337,1,6,113,2,1,80.0,0,I,MELB_URBAN,ROAD,9,14.0
9338,4,4,183,5,1,100.0,0,N,RURAL_VICTORIA,ROAD,9,14.0
9339,1,6,113,2,1,50.0,0,I,MELB_URBAN,OTHER,9,15.0
9340,2,5,99,5,3,60.0,0,I,MELB_URBAN,ROAD,9,0.0
9341,8,6,174,5,1,60.0,0,N,MELB_URBAN,ROAD,9,9.0
9342,4,6,173,2,1,70.0,0,I,MELB_URBAN,HIGHWAY,9,17.0
9343,2,6,100,1,3,60.0,0,I,MELB_URBAN,ROAD,9,19.0
9344,1,4,147,5,1,60.0,0,N,MELB_URBAN,ROAD,9,15.0
9345,2,6,102,5,3,50.0,0,N,MELB_URBAN,STREET,9,19.0
9346,1,6,121,2,3,60.0,0,I,MELB_URBAN,ROAD,9,20.0
9347,1,6,121,2,3,80.0,0,N,MELB_URBAN,ROAD,9,20.0
9348,2,6,102,5,3,60.0,0,N,MELB_URBAN,ROAD,9,21.0
9349,1,6,121,4,3,60.0,0,I,MELB_URBAN,AVENUE,9,22.0
9350,4,7,173,5,1,100.0,0,N,RURAL_VICTORIA,HIGHWAY,9,6.0
9351,4,7,181,5,1,60.0,0,N,RURAL_VICTORIA,ROAD,9,7.0
9352,4,7,171,5,1,110.0,0,N,RURAL_VICTORIA,FREEWAY,9,7.0
9353,1,6,130,5,1,60.0,0,N,MELB_URBAN,ROAD,8,8.0
9354,4,7,171,1,1,70.0,0,I,SMALL_CITIES,PARADE,9,10.0
9355,1,1,130,2,3,60.0,0,I,MELB_URBAN,STREET,2,0.0
9356,1,7,121,1,1,70.0,0,I,MELB_URBAN,ROAD,9,10.0
9357,8,7,174,5,1,40.0,0,N,MELB_URBAN,STREET,9,12.0
9358,8,7,170,2,1,40.0,0,I,MELB_URBAN,ROAD,9,12.0
9359,3,3,167,5,1,60.0,0,N,RURAL_VICTORIA,ROAD,9,16.0
9360,1,4,135,5,1,60.0,0,N,MELB_URBAN,FREEWAY,9,14.0
9361,2,5,100,2,2,40.0,0,I,MELB_URBAN,STREET,8,6.0
9362,4,7,171,5,1,80.0,1,N,SMALL_CITIES,HIGHWAY,9,13.0
9363,1,7,130,2,1,60.0,0,I,MELB_URBAN,AVENUE,9,15.0
9364,6,6,99,5,5,110.0,0,N,RURAL_VICTORIA,FREEWAY,9,22.0
9365,1,4,130,1,1,60.0,0,I,MELB_URBAN,PARADE,8,8.0
9366,1,7,133,5,1,60.0,0,N,MELB_URBAN,ROAD,9,16.0
9367,8,7,184,5,2,80.0,0,N,RURAL_VICTORIA,ROAD,9,19.0
9368,4,3,173,2,3,70.0,0,I,MELB_URBAN,DRIVE,2,0.0
9369,1,7,121,2,3,60.0,0,N,MELB_URBAN,ROAD,9,21.0
9370,4,6,171,2,3,50.0,0,I,MELB_URBAN,ROAD,9,3.0
9371,1,7,99,2,5,100.0,0,I,RURAL_VICTORIA,HIGHWAY,9,21.0
9372,1,7,120,5,5,70.0,0,N,RURAL_VICTORIA,ROAD,9,22.0
9373,8,7,170,5,3,60.0,0,N,LARGE_PROVINCIAL_CITIES,ROAD,9,22.0
9374,4,7,171,5,1,70.0,0,N,MELB_URBAN,PARADE,9,15.0
9375,1,7,160,5,3,70.0,0,N,MELB_URBAN,ROAD,9,1.0
9376,2,1,99,5,3,60.0,0,N,MELB_URBAN,ROAD,9,2.0
9377,4,1,171,5,5,100.0,0,N,RURAL_VICTORIA,ROAD,9,3.0
9378,1,7,134,1,1,70.0,0,I,MELB_URBAN,ROAD,9,11.0
9379,1,7,130,5,1,70.0,0,N,MELB_URBAN,ROAD,6,9.0
9380,5,5,99,5,6,60.0,0,N,MELB_URBAN,ROAD,9,4.0
9381,6,1,171,5,1,100.0,0,N,RURAL_VICTORIA,OTHER,9,12.0
9382,1,1,120,5,1,80.0,0,N,TOWNS,HIGHWAY,9,9.0
9383,1,1,121,1,1,60.0,0,I,MELB_URBAN,STREET,9,13.0
9384,8,6,170,5,5,80.0,0,N,RURAL_VICTORIA,ROAD,8,23.0
9385,2,3,99,5,1,60.0,0,N,MELB_URBAN,ROAD,8,15.0
9386,1,1,121,1,1,70.0,0,I,SMALL_CITIES,HIGHWAY,9,13.0
9387,4,7,173,1,3,60.0,0,I,RURAL_VICTORIA,DRIVE,9,22.0
9388,1,1,120,5,1,100.0,0,N,RURAL_VICTORIA,HIGHWAY,9,14.0
9389,3,4,167,5,5,100.0,0,N,RURAL_VICTORIA,HIGHWAY,9,1.0
9390,1,1,121,2,1,70.0,0,I,MELB_URBAN,ROAD,9,15.0
9391,1,2,99,1,3,40.0,0,I,MELBOURNE_CBD,STREET,7,22.0
9392,8,1,184,2,1,70.0,0,I,MELB_URBAN,HIGHWAY,9,16.0
9393,1,1,99,5,3,60.0,0,N,MELB_URBAN,STREET,9,18.0
9394,4,1,171,5,1,60.0,0,N,RURAL_VICTORIA,ROAD,9,17.0
9395,8,1,184,5,1,50.0,0,N,MELB_URBAN,ROAD,9,17.0
9396,1,1,113,2,1,80.0,0,I,MELB_URBAN,ROAD,9,14.0
9397,1,1,110,1,3,60.0,0,I,LARGE_PROVINCIAL_CITIES,STREET,9,21.0
9398,4,1,183,2,1,100.0,0,I,MELB_URBAN,ROAD,9,10.0
9399,1,7,99,5,1,50.0,0,N,MELB_URBAN,STREET,9,12.0
9400,1,5,130,5,1,80.0,0,N,MELB_URBAN,ROAD,6,10.0
9401,1,2,121,2,1,40.0,0,I,MELB_URBAN,ROAD,9,8.0
9402,1,2,130,5,2,100.0,0,N,MELB_URBAN,FREEWAY,9,7.0
9403,2,2,102,5,1,80.0,0,N,MELB_URBAN,ROAD,9,8.0
9404,1,2,130,5,1,80.0,0,N,MELB_URBAN,HIGHWAY,9,8.0
9405,1,6,134,1,1,60.0,0,I,MELB_URBAN,ROAD,9,12.0
9406,1,2,160,5,1,60.0,0,N,MELB_URBAN,STREET,9,10.0
9407,1,1,130,5,5,80.0,0,N,RURAL_VICTORIA,ROAD,9,19.0
9408,1,4,130,5,1,80.0,0,N,MELB_URBAN,ROAD,9,17.0
9409,8,2,174,2,1,60.0,0,I,MELB_URBAN,ROAD,9,7.0
9410,1,2,113,2,1,50.0,0,I,MELB_URBAN,STREET,9,12.0
9411,4,1,171,5,3,50.0,0,N,MELB_URBAN,ROAD,9,0.0
9412,8,1,99,5,1,60.0,0,N,RURAL_VICTORIA,ROAD,9,13.0
9413,1,2,130,2,1,60.0,0,I,LARGE_PROVINCIAL_CITIES,ROAD,9,15.0
9414,1,2,120,5,1,40.0,1,N,TOWNS,HIGHWAY,9,14.0
9415,1,2,110,1,1,80.0,0,I,MELB_URBAN,ROAD,9,15.0
9416,1,6,130,2,1,80.0,0,N,MELB_URBAN,RAMP,9,14.0
9417,7,3,174,2,3,60.0,0,I,MELB_URBAN,STREET,9,21.0
9418,9,6,99,5,1,50.0,0,N,MELBOURNE_CBD,STREET,9,7.0
9419,1,2,99,5,1,100.0,0,N,RURAL_VICTORIA,ROAD,9,16.0
9420,1,2,130,1,1,40.0,0,I,SMALL_CITIES,PARADE,9,8.0
9421,1,2,130,5,5,80.0,0,N,RURAL_VICTORIA,HIGHWAY,9,21.0
9422,4,5,171,5,1,70.0,0,N,MELB_URBAN,ROAD,9,9.0
9423,4,3,171,5,3,80.0,0,N,MELB_URBAN,HIGHWAY,9,1.0
9424,1,3,130,5,6,60.0,0,N,MELB_URBAN,ROAD,9,1.0
9425,2,3,102,1,2,60.0,0,I,MELB_URBAN,ROAD,9,6.0
9426,4,1,99,5,1,60.0,0,N,RURAL_VICTORIA,ROAD,7,11.0
9427,5,3,99,2,1,60.0,0,I,MELB_URBAN,ROAD,9,6.0
9428,1,3,116,2,2,60.0,0,I,LARGE_PROVINCIAL_CITIES,STREET,9,6.0
9429,1,4,130,5,1,50.0,0,N,LARGE_PROVINCIAL_CITIES,STREET,9,17.0
9430,1,6,130,5,1,80.0,0,N,MELB_URBAN,HIGHWAY,8,10.0
9431,1,3,130,5,1,100.0,0,N,MELB_URBAN,FREEWAY,9,8.0
9432,1,3,99,2,1,50.0,0,I,MELB_URBAN,AVENUE,9,9.0
9433,1,1,135,1,2,70.0,0,I,MELB_URBAN,ROAD,9,6.0
9434,1,3,132,2,1,60.0,0,I,MELB_URBAN,ROAD,9,8.0
9435,2,3,100,2,1,60.0,0,I,MELB_URBAN,ROAD,9,8.0
9436,1,3,110,1,2,50.0,0,I,TOWNS,STREET,9,7.0
9437,1,3,135,5,1,100.0,0,N,MELB_URBAN,FREEWAY,9,8.0
9438,1,3,130,5,2,100.0,0,N,MELB_URBAN,FREEWAY,9,7.0
9439,5,2,99,5,1,60.0,0,N,RURAL_VICTORIA,ROAD,9,14.0
9440,1,7,132,2,1,60.0,0,I,LARGE_PROVINCIAL_CITIES,OTHER,9,12.0
9441,8,2,174,5,2,50.0,0,N,MELB_URBAN,STREET,8,6.0
9442,8,3,170,5,1,100.0,0,N,RURAL_VICTORIA,ROAD,9,11.0
9443,1,3,147,2,1,60.0,0,I,MELB_URBAN,STREET,9,10.0
9444,1,3,130,1,1,60.0,0,I,MELB_URBAN,ROAD,9,13.0
9445,1,3,132,2,1,80.0,0,N,MELB_URBAN,HIGHWAY,9,13.0
9446,1,6,130,5,1,60.0,0,N,MELB_URBAN,PARADE,9,8.0
9447,1,3,130,2,1,60.0,1,I,MELB_URBAN,ROAD,9,12.0
9448,2,2,99,1,1,80.0,0,I,SMALL_CITIES,HIGHWAY,9,15.0
9449,1,3,140,5,1,40.0,0,N,MELB_URBAN,STREET,9,15.0
9450,1,3,121,2,1,40.0,0,I,MELB_URBAN,ROAD,9,16.0
9451,1,2,110,1,3,50.0,0,I,LARGE_PROVINCIAL_CITIES,STREET,9,20.0
9452,1,3,110,1,1,100.0,0,I,RURAL_VICTORIA,ROAD,9,16.0
9453,1,3,130,5,2,80.0,0,N,MELB_URBAN,ROAD,9,17.0
9454,4,6,181,5,3,80.0,0,N,RURAL_VICTORIA,ROAD,8,1.0
9455,1,3,121,1,2,70.0,0,N,MELB_URBAN,ROAD,9,19.0
9456,1,3,99,5,2,40.0,0,N,MELB_URBAN,STREET,9,19.0
9457,1,3,130,2,1,50.0,0,I,MELB_URBAN,ROAD,9,15.0
9458,1,3,99,2,1,50.0,0,I,MELB_URBAN,STREET,9,7.0
9459,1,2,116,2,3,60.0,0,I,SMALL_CITIES,STREET,9,18.0
9460,8,4,170,2,2,50.0,0,I,MELB_URBAN,ROAD,9,5.0
9461,1,4,113,2,1,60.0,0,I,MELB_URBAN,ROAD,9,6.0
9462,1,4,130,5,1,60.0,0,N,MELB_URBAN,ROAD,9,6.0
9463,1,4,116,1,1,50.0,0,I,MELB_URBAN,OTHER,9,7.0
9464,4,3,171,5,5,100.0,0,N,RURAL_VICTORIA,HIGHWAY,9,22.0
9465,1,4,121,2,1,40.0,0,I,MELB_URBAN,STREET,9,8.0
9466,8,7,174,5,1,60.0,0,N,MELB_URBAN,UNKNOWN,8,8.0
9467,1,4,130,5,1,80.0,0,N,MELB_URBAN,HIGHWAY,9,10.0
9468,2,6,99,2,2,60.0,0,I,MELB_URBAN,ROAD,8,7.0
9469,1,4,110,1,1,60.0,0,I,TOWNS,STREET,9,12.0
9470,1,4,110,1,1,50.0,0,I,MELB_URBAN,ROAD,9,12.0
9471,1,2,130,5,1,60.0,0,N,LARGE_PROVINCIAL_CITIES,ROAD,9,11.0
9472,1,4,113,2,1,60.0,0,I,MELB_URBAN,ROAD,9,7.0
9473,1,1,132,2,1,60.0,0,I,MELB_URBAN,ROAD,8,11.0
9474,1,4,121,1,1,70.0,0,I,MELB_URBAN,ROAD,9,13.0
9475,1,5,130,5,2,60.0,0,N,MELB_URBAN,ROAD,8,18.0
9476,1,4,121,2,1,60.0,0,I,SMALL_CITIES,STREET,9,11.0
9477,3,4,167,5,1,100.0,0,N,RURAL_VICTORIA,HIGHWAY,9,12.0
9478,1,4,147,5,1,70.0,1,N,MELB_URBAN,OTHER,9,9.0
9479,1,0,121,1,1,60.0,0,I,MELB_URBAN,ROAD,9,9.0
9480,1,3,133,1,1,60.0,0,I,MELB_URBAN,STREET,9,15.0
9481,1,4,110,1,1,50.0,0,I,MELB_URBAN,STREET,9,16.0
9482,1,4,130,5,1,80.0,0,N,MELB_URBAN,HIGHWAY,9,8.0
9483,1,4,132,2,1,80.0,0,I,MELB_URBAN,ROAD,9,15.0
9484,2,4,100,1,1,60.0,0,I,MELB_URBAN,STREET,9,9.0
9485,1,4,140,2,1,60.0,0,I,MELB_URBAN,STREET,9,17.0
9486,2,4,102,1,1,80.0,0,I,MELB_URBAN,ROAD,9,15.0
9487,1,4,110,1,1,70.0,0,I,MELB_URBAN,ROAD,9,17.0
9488,2,4,100,5,2,50.0,0,N,MELB_URBAN,STREET,9,17.0
9489,1,4,110,1,1,60.0,0,I,LARGE_PROVINCIAL_CITIES,ROAD,9,14.0
9490,6,4,99,9,3,60.0,0,N,MELB_URBAN,ROAD,9,18.0
9491,2,4,100,1,3,60.0,0,I,LARGE_PROVINCIAL_CITIES,STREET,9,19.0
9492,2,4,102,2,3,50.0,0,I,MELB_URBAN,ROAD,9,20.0
9493,1,4,110,2,3,60.0,0,I,MELB_URBAN,STREET,9,20.0
9494,1,4,110,1,3,50.0,0,I,MELB_URBAN,ROAD,9,20.0
9495,4,4,183,5,1,50.0,0,N,MELB_URBAN,RAMP,9,15.0
9496,1,4,110,1,3,50.0,0,I,MELB_URBAN,STREET,9,21.0
9497,1,4,99,1,2,80.0,0,I,MELB_URBAN,HIGHWAY,9,18.0
9498,1,4,99,5,3,60.0,0,N,MELB_URBAN,ROAD,9,19.0
9499,8,4,174,5,1,70.0,0,N,MELB_URBAN,ROAD,9,17.0
9500,1,4,121,5,2,80.0,0,N,MELB_URBAN,ROAD,9,18.0
9501,4,4,173,1,3,80.0,0,I,MELB_URBAN,ROAD,9,22.0
9502,2,4,102,5,5,100.0,1,N,MELB_URBAN,FREEWAY,9,20.0
9503,1,1,130,5,1,60.0,0,N,MELB_URBAN,UNKNOWN,9,17.0
9504,4,5,173,5,3,60.0,0,N,MELB_URBAN,STREET,9,3.0
9505,1,5,111,2,3,60.0,0,I,MELB_URBAN,ROAD,9,4.0
9506,8,4,99,1,3,60.0,0,I,MELB_URBAN,ROAD,7,18.0
9507,7,1,174,2,1,100.0,0,I,RURAL_VICTORIA,ROAD,9,14.0
9508,1,4,130,2,3,80.0,0,I,MELB_URBAN,ROAD,9,21.0
9509,2,5,102,2,1,60.0,0,I,MELB_URBAN,ROAD,9,7.0
9510,1,5,121,5,1,60.0,0,N,MELB_URBAN,ROAD,9,8.0
9511,1,6,121,1,1,70.0,0,I,MELB_URBAN,HIGHWAY,3,18.0
9512,1,4,163,5,1,50.0,0,N,MELB_URBAN,STREET,9,19.0
9513,1,5,121,2,1,60.0,0,I,MELB_URBAN,ROAD,9,7.0
9514,1,5,130,2,1,80.0,0,I,MELB_URBAN,HIGHWAY,9,10.0
9515,6,2,174,5,1,50.0,0,N,MELB_URBAN,STREET,9,13.0
9516,1,6,99,2,1,60.0,0,I,MELB_URBAN,AVENUE,6,15.0
9517,1,5,121,2,1,70.0,0,I,MELB_URBAN,ROAD,9,10.0
9518,1,5,130,1,1,80.0,0,I,MELB_URBAN,ROAD,9,9.0
9519,6,5,170,5,1,80.0,0,N,LARGE_PROVINCIAL_CITIES,STREET,9,10.0
9520,1,5,110,1,1,60.0,0,I,MELB_URBAN,ROAD,9,8.0
9521,1,3,99,5,2,60.0,0,N,MELB_URBAN,ROAD,6,5.0
9522,4,3,171,1,1,80.0,0,N,MELB_URBAN,ROAD,7,10.0
9523,2,5,99,2,1,60.0,0,I,MELB_URBAN,ROAD,9,13.0
9524,1,5,111,1,1,50.0,0,I,MELB_URBAN,STREET,9,13.0
9525,1,5,140,2,1,60.0,0,I,MELB_URBAN,ROAD,9,11.0
9526,1,5,130,5,1,110.0,0,N,RURAL_VICTORIA,FREEWAY,9,14.0
9527,1,4,130,5,1,70.0,0,N,MELB_URBAN,ROAD,9,17.0
9528,1,5,140,5,1,70.0,0,N,MELB_URBAN,ROAD,9,13.0
9529,1,5,99,4,1,70.0,0,I,MELB_URBAN,ROAD,9,17.0
9530,1,5,130,5,1,70.0,0,N,MELB_URBAN,ROAD,9,15.0
9531,2,5,102,1,1,70.0,0,I,MELB_URBAN,ROAD,9,15.0
9532,1,5,110,1,1,70.0,0,I,SMALL_CITIES,HIGHWAY,9,17.0
9533,1,5,130,5,1,70.0,0,N,MELB_URBAN,ROAD,9,16.0