,accident_type,day_of_week,dca_code,road_geometry,light_condition,speed_zone,severity,node_type,deg_urban_name,road_type,month,hour
9534,1,5,147,5,2,60.0,0,N,MELB_URBAN,STREET,9,17.0
9535,8,5,170,5,1,100.0,0,N,RURAL_VICTORIA,ROAD,9,16.0
9536,4,5,173,1,1,50.0,0,I,LARGE_PROVINCIAL_CITIES,STREET,9,16.0
9537,2,3,99,5,3,50.0,0,N,MELB_URBAN,BOULEVARD,9,21.0
9538,3,5,167,5,1,110.0,0,N,RURAL_VICTORIA,FREEWAY,9,14.0
9539,1,5,121,5,3,70.0,0,N,MELB_URBAN,ROAD,9,20.0
9540,1,5,113,2,1,60.0,0,I,MELB_URBAN,ROAD,9,16.0
9541,1,5,99,5,3,90.0,0,N,MELB_URBAN,ROAD,9,5.0
9542,1,6,113,2,3,80.0,0,I,MELB_URBAN,ROAD,9,2.0
9543,3,5,167,5,5,100.0,0,N,RURAL_VICTORIA,ROAD,9,22.0
9544,1,2,99,1,1,80.0,0,I,MELB_URBAN,ROAD,9,12.0
9545,2,5,102,1,6,50.0,0,I,LARGE_PROVINCIAL_CITIES,STREET,9,20.0
9546,1,5,99,5,1,60.0,0,N,TOWNS,STREET,9,8.0
9547,4,5,181,5,5,80.0,0,N,RURAL_VICTORIA,ROAD,9,23.0
9548,1,6,110,1,1,60.0,0,I,MELB_URBAN,ROAD,9,10.0
9549,1,6,110,1,1,60.0,0,I,LARGE_PROVINCIAL_CITIES,STREET,9,7.0
9550,1,5,113,2,1,60.0,0,I,MELB_URBAN,STREET,8,13.0
9551,1,6,130,2,1,60.0,0,I,MELB_URBAN,ROAD,9,9.0
9552,1,4,133,5,3,60.0,0,N,MELB_URBAN,STREET,9,22.0
9553,1,6,111,2,1,50.0,0,I,MELB_URBAN,ROAD,9,11.0
9554,1,4,99,2,1,90.0,0,I,TOWNS,OTHER,9,17.0
9555,1,5,113,1,3,50.0,0,I,MELB_URBAN,STREET,9,22.0
9556,1,6,99,5,1,60.0,0,N,MELB_URBAN,STREET,9,9.0
9557,2,6,100,1,1,60.0,0,I,MELB_URBAN,ROAD,9,11.0
9558,1,4,110,1,1,60.0,0,I,MELB_URBAN,ROAD,9,15.0
9559,1,6,130,5,1,70.0,0,N,MELB_URBAN,ROAD,9,13.0
9560,1,5,121,1,3,60.0,0,I,MELB_URBAN,ROAD,9,22.0
9561,1,4,130,5,1,60.0,0,N,MELB_URBAN,STREET,9,17.0
9562,2,6,102,1,1,60.0,0,I,MELB_URBAN,ROAD,9,15.0
9563,4,5,173,2,1,50.0,0,I,TOWNS,ROAD,9,9.0
9564,1,6,121,5,1,60.0,0,N,MELB_URBAN,STREET,9,14.0
9565,1,4,99,2,2,80.0,0,I,MELB_URBAN,ROAD,9,18.0
9566,6,5,170,5,5,110.0,1,N,RURAL_VICTORIA,FREEWAY,9,23.0
9567,1,6,130,5,1,50.0,0,N,SMALL_CITIES,STREET,9,16.0
9568,1,1,116,2,9,60.0,0,I,MELB_URBAN,ROAD,8,22.0
9569,1,6,130,1,1,60.0,0,I,MELB_URBAN,ROAD,9,16.0
9570,1,6,120,5,1,60.0,0,N,MELB_URBAN,DRIVE,9,17.0
9571,1,6,113,2,1,60.0,0,I,MELB_URBAN,STREET,9,17.0
9572,2,6,100,2,1,50.0,0,I,MELB_URBAN,STREET,9,15.0
9573,2,6,100,2,1,70.0,0,I,MELB_URBAN,ROAD,9,17.0
9574,1,6,121,2,1,60.0,0,I,MELB_URBAN,ROAD,9,16.0
9575,1,6,130,5,3,70.0,0,N,MELB_URBAN,ROAD,9,17.0
9576,2,6,100,1,3,60.0,0,I,MELB_URBAN,ROAD,9,19.0
9577,1,5,130,1,3,80.0,0,I,MELB_URBAN,ROAD,9,18.0
9578,4,6,171,2,1,50.0,0,I,MELB_URBAN,DRIVE,9,14.0
9579,1,5,130,5,1,80.0,0,N,MELB_URBAN,ROAD,9,16.0
9580,2,6,99,5,4,50.0,1,N,MELB_URBAN,ROAD,9,20.0
9581,1,6,132,2,3,60.0,0,I,MELB_URBAN,ROAD,9,22.0
9582,4,7,99,2,3,50.0,0,I,MELB_URBAN,UNKNOWN,9,0.0
9583,4,7,181,5,3,60.0,0,N,MELB_URBAN,HIGHWAY,9,0.0
9584,2,7,99,5,3,70.0,0,N,MELB_URBAN,HIGHWAY,9,1.0
9585,4,7,173,4,3,80.0,0,I,MELB_URBAN,HIGHWAY,9,0.0
9586,2,7,100,2,3,50.0,0,I,MELB_URBAN,DRIVE,9,3.0
9587,1,4,132,5,1,50.0,0,N,LARGE_PROVINCIAL_CITIES,STREET,9,15.0
9588,4,7,173,5,5,100.0,0,N,RURAL_VICTORIA,ROAD,9,0.0
9589,1,7,130,5,1,70.0,0,N,MELB_URBAN,ROAD,9,12.0
9590,4,7,171,5,1,100.0,0,N,RURAL_VICTORIA,HIGHWAY,9,12.0
9591,4,7,171,5,1,60.0,0,N,MELB_URBAN,ROAD,9,12.0
9592,2,7,100,2,1,60.0,0,I,MELB_URBAN,ROAD,9,13.0
9593,1,6,130,5,3,80.0,0,N,MELB_URBAN,ROAD,9,20.0
9594,2,7,100,1,1,50.0,0,I,SMALL_CITIES,ROAD,9,8.0
9595,1,7,130,5,1,50.0,0,N,LARGE_PROVINCIAL_CITIES,STREET,9,11.0
9596,4,7,173,5,1,40.0,0,N,MELB_URBAN,STREET,9,17.0
9597,1,7,130,1,1,70.0,0,I,MELB_URBAN,ROAD,9,16.0
9598,1,6,130,2,2,70.0,0,I,MELB_URBAN,ROAD,9,17.0
9599,4,7,183,5,2,60.0,0,N,RURAL_VICTORIA,ROAD,9,17.0
9600,1,7,110,1,1,100.0,0,I,RURAL_VICTORIA,ROAD,9,17.0
9601,1,7,130,5,1,60.0,0,N,MELB_URBAN,STREET,9,16.0
9602,1,7,110,4,3,60.0,0,I,MELB_URBAN,UNKNOWN,9,21.0
9603,1,7,121,1,3,60.0,0,I,MELB_URBAN,HIGHWAY,9,23.0
9604,2,1,99,5,3,60.0,0,N,MELB_URBAN,STREET,9,1.0
9605,1,1,110,1,1,60.0,0,I,TOWNS,STREET,9,8.0
9606,1,6,120,5,2,80.0,0,N,RURAL_VICTORIA,ROAD,9,17.0
9607,1,1,132,2,1,60.0,0,N,TOWNS,STREET,4,13.0
9608,2,1,100,1,1,60.0,0,I,MELB_URBAN,ROAD,9,8.0
9609,8,1,174,1,2,40.0,0,I,MELB_URBAN,STREET,9,6.0
9610,7,7,99,5,9,50.0,0,N,MELB_URBAN,STREET,9,3.0
9611,1,1,121,1,1,60.0,0,I,MELB_URBAN,ROAD,9,12.0
9612,4,1,181,5,1,60.0,0,N,RURAL_VICTORIA,ROAD,9,12.0
9613,6,1,174,5,1,60.0,0,N,MELB_URBAN,UNKNOWN,9,12.0
9614,1,6,121,2,1,60.0,0,N,MELB_URBAN,ROAD,9,15.0
9615,8,1,170,5,1,80.0,0,N,MELB_URBAN,ROAD,9,11.0
9616,4,1,171,5,3,60.0,0,N,TOWNS,STREET,9,1.0
9617,1,1,147,5,1,60.0,0,N,MELB_URBAN,ROAD,9,16.0
9618,4,1,173,5,1,80.0,0,N,RURAL_VICTORIA,HIGHWAY,9,16.0
9619,1,1,130,5,1,60.0,0,N,SMALL_CITIES,ROAD,9,17.0
9620,1,1,130,1,1,60.0,0,I,SMALL_CITIES,RAMP,9,15.0
9621,1,1,113,1,2,60.0,0,I,MELB_URBAN,STREET,9,19.0
9622,1,1,110,1,3,60.0,0,I,MELB_URBAN,ROAD,9,20.0
9623,8,1,174,9,1,60.0,0,N,RURAL_VICTORIA,ROAD,9,11.0
9624,4,1,171,5,1,100.0,0,N,RURAL_VICTORIA,ROAD,9,13.0
9625,1,1,130,5,3,80.0,0,N,MELB_URBAN,ROAD,9,20.0
9626,1,1,116,1,2,50.0,0,I,MELB_URBAN,ROAD,9,18.0
9627,2,1,99,2,3,50.0,0,I,MELB_URBAN,OTHER,9,23.0
9628,1,1,134,2,6,60.0,0,N,MELB_URBAN,ROAD,9,20.0
9629,4,5,99,2,5,80.0,0,I,RURAL_VICTORIA,ROAD,9,20.0
9630,1,1,130,5,1,80.0,0,N,MELB_URBAN,ROAD,9,9.0
9631,1,2,120,5,2,60.0,0,N,MELB_URBAN,ROAD,9,7.0
9632,8,1,174,5,1,100.0,0,N,RURAL_VICTORIA,OTHER,9,12.0
9633,1,2,121,9,2,60.0,0,N,MELB_URBAN,STREET,9,7.0
9634,4,2,171,1,1,80.0,0,N,MELB_URBAN,ROAD,9,8.0
9635,1,2,110,1,1,70.0,0,I,MELB_URBAN,UNKNOWN,9,8.0
9636,1,2,99,5,2,100.0,0,N,RURAL_VICTORIA,ROAD,9,6.0
9637,1,3,99,1,1,60.0,0,I,SMALL_CITIES,PARADE,9,10.0
9638,8,2,174,5,1,50.0,0,N,MELB_URBAN,STREET,9,8.0
9639,4,5,171,5,1,100.0,0,N,RURAL_VICTORIA,ROAD,9,10.0
9640,1,2,113,2,1,100.0,0,I,RURAL_VICTORIA,OTHER,9,8.0
9641,4,7,181,5,5,100.0,0,N,RURAL_VICTORIA,HIGHWAY,7,23.0
9642,2,2,102,2,1,50.0,0,I,MELB_URBAN,STREET,9,8.0
9643,1,2,130,5,2,60.0,0,N,MELB_URBAN,PARADE,9,7.0
9644,1,2,99,5,1,50.0,0,N,LARGE_PROVINCIAL_CITIES,ROAD,9,10.0
9645,1,2,116,2,1,60.0,0,N,MELB_URBAN,ROAD,9,12.0
9646,8,2,174,1,9,60.0,0,I,MELB_URBAN,ROAD,9,13.0
9647,1,6,132,5,1,80.0,0,I,RURAL_VICTORIA,ROAD,8,8.0
9648,2,1,99,5,1,50.0,0,N,MELB_URBAN,ROAD,9,10.0
9649,4,2,99,1,1,50.0,0,I,MELB_URBAN,DRIVE,9,11.0
9650,5,2,99,5,1,100.0,0,N,RURAL_VICTORIA,HIGHWAY,9,12.0
9651,1,2,110,1,1,80.0,0,I,MELB_URBAN,ROAD,9,12.0
9652,1,2,121,2,1,50.0,0,N,MELB_URBAN,STREET,9,13.0
9653,8,4,174,5,1,60.0,0,N,MELB_URBAN,ROAD,7,12.0
9654,1,2,130,2,1,60.0,0,I,MELB_URBAN,STREET,9,15.0
9655,1,2,134,5,1,50.0,0,N,MELBOURNE_CBD,STREET,9,15.0
9656,1,2,110,1,1,50.0,0,I,MELB_URBAN,STREET,9,16.0
9657,1,1,130,2,1,80.0,0,I,MELB_URBAN,ROAD,8,14.0
9658,3,4,167,5,1,100.0,0,N,RURAL_VICTORIA,ROAD,9,15.0
9659,1,2,120,2,1,70.0,0,N,MELB_URBAN,STREET,9,16.0
9660,1,2,120,5,1,100.0,0,N,RURAL_VICTORIA,ROAD,9,16.0
9661,2,2,100,1,1,60.0,1,I,SMALL_CITIES,STREET,9,12.0
9662,6,5,174,1,1,50.0,0,I,TOWNS,STREET,9,11.0
9663,1,2,160,2,3,50.0,0,I,MELB_URBAN,STREET,9,18.0
9664,1,2,147,5,3,60.0,0,N,MELB_URBAN,ROAD,9,19.0
9665,8,2,174,5,3,60.0,0,N,MELB_URBAN,ROAD,9,19.0
9666,1,2,110,1,3,60.0,0,I,SMALL_CITIES,AVENUE,9,22.0
9667,4,3,173,5,3,60.0,0,N,LARGE_PROVINCIAL_CITIES,ROAD,9,2.0
9668,1,1,132,2,1,50.0,0,I,LARGE_PROVINCIAL_CITIES,ROAD,7,11.0
9669,2,3,100,1,1,60.0,0,I,MELB_URBAN,STREET,9,6.0
9670,1,2,121,1,3,60.0,0,N,MELB_URBAN,HIGHWAY,9,20.0
9671,1,2,140,2,1,80.0,0,I,SMALL_CITIES,DRIVE,7,12.0
9672,1,3,116,2,1,50.0,0,I,SMALL_CITIES,AVENUE,9,7.0
9673,1,6,130,1,1,60.0,0,I,MELB_URBAN,STREET,6,7.0
9674,1,2,130,5,1,40.0,0,N,MELB_URBAN,STREET,9,11.0
9675,1,3,99,1,1,60.0,0,I,MELB_URBAN,STREET,9,7.0
9676,1,2,130,5,1,80.0,0,I,MELB_URBAN,ROAD,9,15.0
9677,2,2,99,5,1,60.0,0,N,MELB_URBAN,ROAD,9,5.0
9678,1,3,99,9,1,50.0,0,I,MELB_URBAN,ROAD,9,9.0
9679,4,3,171,5,5,110.0,0,N,RURAL_VICTORIA,FREEWAY,9,0.0
9680,1,3,110,1,1,60.0,0,I,TOWNS,STREET,9,7.0
9681,2,2,99,5,1,60.0,0,N,MELB_URBAN,ROAD,9,17.0
9682,1,3,121,2,1,50.0,0,I,MELB_URBAN,STREET,9,8.0
9683,7,5,184,5,1,100.0,0,N,RURAL_VICTORIA,ROAD,8,11.0
9684,1,5,130,1,3,60.0,0,I,MELB_URBAN,ROAD,9,18.0
9685,2,3,100,2,1,40.0,0,I,MELB_URBAN,STREET,9,11.0
9686,6,3,170,5,1,100.0,0,N,RURAL_VICTORIA,HIGHWAY,9,10.0
9687,6,1,174,1,1,80.0,0,I,TOWNS,HIGHWAY,9,10.0
9688,4,3,181,5,1,60.0,0,N,RURAL_VICTORIA,ROAD,9,9.0
9689,1,5,130,2,9,60.0,0,N,MELB_URBAN,ROAD,9,16.0
9690,1,3,160,5,1,50.0,0,N,SMALL_CITIES,STREET,9,13.0
9691,3,7,167,5,9,80.0,0,N,RURAL_VICTORIA,ROAD,9,15.0
9692,1,2,120,5,1,100.0,0,N,RURAL_VICTORIA,ROAD,9,9.0
9693,1,3,120,5,1,60.0,0,I,MELB_URBAN,ROAD,9,14.0
9694,4,3,171,5,1,70.0,0,N,RURAL_VICTORIA,ROAD,9,15.0
9695,1,3,116,1,1,60.0,0,I,LARGE_PROVINCIAL_CITIES,ROAD,9,18.0
9696,1,3,99,2,1,60.0,0,I,MELB_URBAN,STREET,9,16.0
9697,1,3,121,1,3,60.0,0,I,MELB_URBAN,STREET,9,18.0
9698,1,3,130,2,2,100.0,0,N,MELB_URBAN,ROAD,9,17.0
9699,4,3,171,2,1,50.0,0,I,LARGE_PROVINCIAL_CITIES,AVENUE,9,15.0
9700,2,3,100,2,1,50.0,0,I,MELB_URBAN,STREET,9,15.0
9701,1,3,130,5,5,80.0,0,N,LARGE_PROVINCIAL_CITIES,HIGHWAY,9,17.0
9702,1,3,147,5,1,60.0,0,N,MELB_URBAN,ROAD,9,14.0
9703,2,3,99,5,3,60.0,0,N,MELB_URBAN,STREET,9,18.0
9704,4,3,183,5,2,100.0,0,N,RURAL_VICTORIA,ROAD,9,18.0
9705,1,2,99,2,1,60.0,0,I,MELB_URBAN,ROAD,9,12.0
9706,1,3,121,1,2,60.0,0,I,MELB_URBAN,ROAD,9,17.0
9707,4,3,181,5,1,60.0,0,N,RURAL_VICTORIA,HIGHWAY,9,16.0
9708,2,3,99,5,2,60.0,0,N,MELB_URBAN,ROAD,9,17.0
9709,1,2,110,1,1,50.0,0,I,MELB_URBAN,OTHER,9,11.0
9710,1,3,130,5,6,60.0,0,N,MELB_URBAN,ROAD,9,19.0
9711,8,3,174,1,1,40.0,0,I,MELB_URBAN,ROAD,9,17.0
9712,1,3,99,2,3,60.0,0,I,MELB_URBAN,ROAD,9,21.0
9713,1,4,130,5,5,110.0,0,N,RURAL_VICTORIA,FREEWAY,9,0.0
9714,2,2,99,5,1,40.0,0,N,MELB_URBAN,DRIVE,9,15.0
9715,8,1,174,5,1,40.0,0,N,MELB_URBAN,STREET,9,13.0
9716,1,4,140,5,1,60.0,0,N,MELB_URBAN,STREET,7,8.0
9717,4,2,171,5,5,100.0,0,N,RURAL_VICTORIA,ROAD,9,0.0
9718,4,1,99,9,3,50.0,0,N,MELB_URBAN,STREET,9,21.0
9719,2,7,99,2,1,50.0,0,I,MELB_URBAN,ROAD,8,10.0
9720,4,3,99,5,1,50.0,0,N,MELB_URBAN,AVENUE,9,9.0
9721,1,4,121,1,1,60.0,0,I,LARGE_PROVINCIAL_CITIES,ROAD,9,9.0
9722,1,3,110,1,2,60.0,0,I,MELB_URBAN,ROAD,9,18.0
9723,1,4,121,1,1,60.0,0,I,MELB_URBAN,STREET,9,11.0
9724,4,1,171,2,3,60.0,0,I,MELB_URBAN,ROAD,8,3.0
9725,1,4,110,1,1,60.0,0,I,MELB_URBAN,STREET,9,11.0
9726,1,4,113,2,1,60.0,0,I,MELB_URBAN,STREET,9,7.0
9727,4,4,173,5,1,60.0,0,N,MELB_URBAN,ROAD,9,11.0
9728,1,6,130,1,1,80.0,0,N,MELB_URBAN,ROAD,7,15.0
9729,4,4,173,5,1,100.0,0,N,RURAL_VICTORIA,HIGHWAY,9,11.0
9730,6,4,184,5,1,100.0,0,N,RURAL_VICTORIA,HIGHWAY,9,9.0
9731,1,4,116,2,1,60.0,0,I,MELB_URBAN,STREET,9,12.0
9732,1,4,110,1,1,50.0,0,I,MELB_URBAN,ROAD,9,8.0
9733,1,4,121,1,1,60.0,0,I,MELB_URBAN,ROAD,9,13.0
9734,4,4,99,2,1,80.0,0,N,MELB_URBAN,ROAD,7,17.0
9735,1,4,120,5,1,60.0,0,N,MELB_URBAN,ROAD,9,14.0
9736,2,3,99,2,2,60.0,0,I,MELB_URBAN,ROAD,9,19.0
9737,4,3,183,5,3,60.0,0,N,MELB_URBAN,ROAD,9,20.0
9738,1,4,121,2,1,60.0,0,I,MELB_URBAN,OTHER,9,14.0
9739,1,3,110,1,1,60.0,0,I,LARGE_PROVINCIAL_CITIES,STREET,9,12.0
9740,1,4,99,2,1,80.0,0,I,RURAL_VICTORIA,ROAD,8,16.0
9741,1,4,113,1,1,80.0,0,I,SMALL_TOWNS,STREET,9,16.0
9742,1,3,130,1,1,50.0,0,I,MELB_URBAN,ROAD,9,17.0
9743,1,4,110,1,1,60.0,0,I,SMALL_CITIES,STREET,9,17.0
9744,1,4,160,1,1,50.0,0,I,MELB_URBAN,OTHER,9,16.0
9745,6,4,99,5,1,100.0,0,N,RURAL_VICTORIA,HIGHWAY,9,15.0
9746,1,4,110,1,1,60.0,0,I,MELB_URBAN,STREET,9,13.0
9747,1,4,116,2,1,60.0,0,I,SMALL_CITIES,ROAD,9,15.0
9748,8,4,99,5,1,100.0,0,N,RURAL_VICTORIA,ROAD,9,17.0
9749,1,4,99,2,1,40.0,0,I,MELB_URBAN,STREET,9,8.0
9750,1,4,130,2,3,60.0,0,I,MELB_URBAN,ROAD,9,22.0
9751,4,4,171,5,1,100.0,0,N,RURAL_VICTORIA,ROAD,9,14.0
9752,1,4,110,1,3,50.0,0,I,LARGE_PROVINCIAL_CITIES,STREET,9,22.0
9753,4,5,183,5,5,80.0,0,N,MELB_URBAN,HIGHWAY,9,1.0
9754,4,5,171,1,3,50.0,0,I,MELB_URBAN,DRIVE,9,2.0
9755,8,5,174,9,2,60.0,0,N,MELB_URBAN,ROAD,9,7.0
9756,2,7,99,1,1,50.0,0,I,SMALL_CITIES,STREET,9,12.0
9757,1,5,121,2,1,40.0,0,I,MELB_URBAN,ROAD,9,7.0
9758,4,5,173,5,3,50.0,0,N,TOWNS,STREET,7,22.0
9759,1,5,130,2,1,60.0,0,I,MELB_URBAN,ROAD,9,8.0
9760,4,4,173,5,5,100.0,0,N,RURAL_VICTORIA,HIGHWAY,9,20.0
9761,4,5,173,5,1,100.0,0,N,RURAL_VICTORIA,ROAD,9,9.0
9762,1,5,110,1,1,60.0,0,I,MELB_URBAN,STREET,9,9.0
9763,1,5,121,5,1,60.0,0,N,MELB_URBAN,STREET,9,8.0
9764,1,4,130,5,9,70.0,0,N,MELB_URBAN,ROAD,9,15.0
9765,1,5,130,1,1,60.0,0,I,MELB_URBAN,ROAD,9,10.0
9766,1,4,130,2,1,50.0,0,I,LARGE_PROVINCIAL_CITIES,STREET,9,17.0
9767,1,5,147,5,1,50.0,0,N,MELB_URBAN,PARADE,9,8.0
9768,1,5,121,2,1,40.0,0,I,MELB_URBAN,STREET,9,9.0
9769,1,5,121,1,1,60.0,0,I,MELB_URBAN,ROAD,9,10.0
9770,2,5,99,2,2,60.0,0,I,MELB_URBAN,ROAD,9,7.0
9771,8,7,184,5,1,60.0,0,N,RURAL_VICTORIA,ROAD,9,13.0
9772,1,4,130,5,6,60.0,0,N,MELB_URBAN,ROAD,9,19.0
9773,1,5,130,2,1,60.0,0,I,MELB_URBAN,STREET,9,9.0
9774,1,4,130,5,1,70.0,0,N,LARGE_PROVINCIAL_CITIES,ROAD,9,11.0
9775,8,2,184,9,2,100.0,0,I,RURAL_VICTORIA,ROAD,9,18.0
9776,4,5,171,5,1,100.0,0,N,RURAL_VICTORIA,FREEWAY,9,8.0
9777,2,4,99,1,3,80.0,0,I,MELB_URBAN,ROAD,9,22.0
9778,1,4,135,5,1,60.0,0,N,MELB_URBAN,ROAD,8,10.0
9779,1,5,160,5,1,40.0,0,N,MELB_URBAN,ROAD,9,15.0
9780,8,5,174,1,1,40.0,0,I,MELB_URBAN,ROAD,8,16.0
9781,8,1,174,5,9,60.0,0,N,RURAL_VICTORIA,ROAD,9,16.0
9782,1,6,113,1,1,60.0,0,I,MELB_URBAN,AVENUE,5,9.0
9783,7,5,99,5,3,40.0,0,N,SMALL_CITIES,STREET,9,19.0
9784,1,5,130,5,1,60.0,0,N,MELB_URBAN,ROAD,9,16.0
9785,1,5,130,5,1,60.0,0,N,SMALL_CITIES,ROAD,9,15.0
9786,4,5,173,5,2,50.0,0,N,SMALL_CITIES,STREET,9,19.0
9787,1,3,130,2,1,60.0,0,I,MELB_URBAN,ROAD,9,15.0
9788,1,5,130,5,3,80.0,0,N,MELB_URBAN,FREEWAY,9,18.0
9789,1,5,113,2,1,60.0,0,I,LARGE_PROVINCIAL_CITIES,STREET,9,15.0
9790,4,5,181,5,1,50.0,0,N,TOWNS,STREET,9,16.0
9791,1,5,130,2,2,50.0,0,I,MELB_URBAN,ROAD,9,19.0
9792,1,2,113,2,6,60.0,0,I,MELB_URBAN,ROAD,6,18.0
9793,1,5,110,1,3,60.0,0,I,MELB_URBAN,ROAD,9,20.0
9794,4,5,171,1,5,60.0,0,I,MELB_URBAN,ROAD,9,22.0
9795,1,5,110,1,3,70.0,0,I,MELB_URBAN,ROAD,9,22.0
9796,1,6,99,1,3,60.0,0,I,MELB_URBAN,ROAD,9,2.0
9797,1,6,110,1,2,50.0,0,I,MELB_URBAN,STREET,9,6.0
9798,1,5,99,5,1,40.0,0,N,MELB_URBAN,STREET,9,16.0
9799,1,6,130,2,2,80.0,0,N,MELB_URBAN,ROAD,9,6.0
9800,1,6,130,1,1,60.0,0,I,MELB_URBAN,STREET,9,8.0
9801,1,7,130,1,1,80.0,0,I,MELB_URBAN,HIGHWAY,9,13.0
9802,1,6,160,5,1,70.0,0,N,MELB_URBAN,ROAD,9,9.0
9803,1,6,99,5,1,60.0,0,N,MELB_URBAN,STREET,9,10.0
9804,2,6,102,2,1,50.0,0,I,MELB_URBAN,ROAD,9,10.0
9805,2,6,100,1,1,40.0,0,I,MELB_URBAN,DRIVE,9,11.0
9806,1,6,147,2,1,60.0,0,I,MELB_URBAN,STREET,9,11.0
9807,1,6,113,4,1,80.0,0,N,RURAL_VICTORIA,ROAD,9,11.0
9808,7,7,99,5,1,60.0,0,N,RURAL_VICTORIA,ROAD,7,12.0
9809,1,6,140,2,1,60.0,0,I,MELB_URBAN,STREET,9,10.0
9810,2,6,99,1,1,50.0,0,I,MELB_URBAN,STREET,9,12.0
9811,1,6,121,2,1,60.0,0,I,MELB_URBAN,ROAD,9,13.0
9812,1,6,113,2,1,100.0,1,N,RURAL_VICTORIA,ROAD,9,11.0
9813,1,6,99,1,1,50.0,0,I,TOWNS,AVENUE,9,14.0
9814,4,5,171,5,3,70.0,0,N,MELB_URBAN,ROAD,9,22.0
9815,1,6,121,2,1,40.0,0,I,MELB_URBAN,ROAD,9,14.0
9816,1,6,116,2,1,50.0,0,I,MELB_URBAN,STREET,9,14.0
9817,2,6,99,5,1,40.0,0,N,MELB_URBAN,ROAD,9,15.0
9818,2,4,100,1,1,50.0,0,I,MELB_URBAN,ROAD,9,14.0
9819,1,4,130,1,3,90.0,0,I,SMALL_CITIES,PARADE,9,19.0
9820,2,6,99,5,1,50.0,0,N,MELB_URBAN,AVENUE,9,13.0
9821,1,6,130,5,1,80.0,0,N,MELB_URBAN,ROAD,9,16.0
9822,1,6,99,2,2,60.0,0,I,MELB_URBAN,OTHER,9,18.0
9823,1,4,130,1,1,60.0,0,I,MELB_URBAN,ROAD,8,8.0
9824,1,6,130,5,1,80.0,0,N,MELB_URBAN,FREEWAY,9,17.0
9825,6,4,99,5,5,100.0,0,N,RURAL_VICTORIA,HIGHWAY,9,20.0
9826,1,5,113,2,3,50.0,0,I,MELB_URBAN,STREET,9,20.0
9827,1,6,120,5,5,60.0,0,N,MELB_URBAN,ROAD,9,18.0
9828,1,6,130,2,3,60.0,0,I,MELB_URBAN,HIGHWAY,9,20.0
9829,1,6,121,1,3,70.0,0,I,MELB_URBAN,ROAD,9,20.0
9830,1,6,147,5,1,60.0,0,N,MELB_URBAN,STREET,9,16.0
9831,1,6,99,1,3,60.0,0,I,MELB_URBAN,ROAD,9,21.0
9832,4,7,171,5,3,60.0,0,N,MELB_URBAN,ROAD,9,1.0
9833,4,5,181,5,6,50.0,0,N,MELB_URBAN,ROAD,9,20.0
9834,1,6,121,2,1,80.0,0,N,RURAL_VICTORIA,HIGHWAY,9,10.0
9835,1,6,121,3,1,80.0,0,I,RURAL_VICTORIA,STREET,9,12.0
9836,1,7,113,2,1,80.0,0,I,MELB_URBAN,ROAD,9,8.0
9837,1,6,110,1,2,60.0,0,I,SMALL_TOWNS,STREET,9,17.0
9838,1,7,110,1,1,50.0,0,I,SMALL_CITIES,STREET,9,11.0
9839,1,7,121,5,1,60.0,0,N,MELB_URBAN,ROAD,9,10.0
9840,1,0,113,2,1,60.0,0,I,MELB_URBAN,ROAD,9,9.0
9841,1,6,130,1,1,70.0,0,I,MELB_URBAN,HIGHWAY,9,11.0
9842,1,7,121,1,1,40.0,0,I,MELB_URBAN,STREET,9,11.0
9843,1,7,110,1,1,100.0,0,I,RURAL_VICTORIA,ROAD,9,10.0
9844,1,7,120,5,1,50.0,0,N,LARGE_PROVINCIAL_CITIES,AVENUE,9,10.0
9845,1,7,120,5,1,100.0,0,N,RURAL_VICTORIA,ROAD,9,12.0
9846,1,6,110,1,2,60.0,0,I,MELB_URBAN,ROAD,9,17.0
9847,1,7,116,2,1,60.0,0,I,MELB_URBAN,ROAD,9,14.0
9848,6,7,99,5,1,100.0,0,N,RURAL_VICTORIA,ROAD,9,11.0
9849,1,7,99,4,1,80.0,0,N,RURAL_VICTORIA,ROAD,9,14.0
9850,1,7,132,1,1,60.0,0,I,SMALL_CITIES,ROAD,9,12.0
9851,4,7,173,5,1,60.0,0,N,MELB_URBAN,ROAD,9,12.0
9852,7,3,174,5,9,60.0,0,N,RURAL_VICTORIA,ROAD,9,17.0
9853,8,7,174,5,1,60.0,1,N,SMALL_CITIES,STREET,9,13.0
9854,1,4,130,2,1,40.0,0,I,MELB_URBAN,ROAD,8,14.0
9855,4,7,181,5,1,100.0,0,N,RURAL_VICTORIA,ROAD,9,14.0
9856,1,7,99,5,1,60.0,0,N,MELB_URBAN,ROAD,9,14.0
9857,1,7,130,5,1,80.0,0,N,MELB_URBAN,ROAD,9,16.0
9858,6,7,174,5,1,100.0,0,N,RURAL_VICTORIA,ROAD,9,15.0
9859,4,7,171,5,2,110.0,0,N,RURAL_VICTORIA,FREEWAY,9,18.0
9860,1,7,130,1,3,60.0,0,I,MELB_URBAN,ROAD,9,21.0
9861,1,7,121,2,2,50.0,0,I,MELB_URBAN,OTHER,9,19.0
9862,4,7,173,1,3,60.0,0,I,MELB_URBAN,ROAD,9,3.0
9863,4,7,173,5,5,70.0,0,N,MELB_URBAN,ROAD,9,20.0
9864,1,7,160,5,3,30.0,0,N,MELB_URBAN,DRIVE,9,21.0
9865,1,7,160,5,3,60.0,0,N,MELB_URBAN,STREET,9,22.0
9866,4,2,173,5,1,50.0,0,N,MELB_URBAN,STREET,6,15.0
9867,1,7,121,1,3,70.0,0,I,MELB_URBAN,ROAD,9,23.0
9868,4,7,99,3,5,60.0,0,I,MELB_URBAN,UNKNOWN,9,22.0
9869,1,1,160,2,3,60.0,0,I,MELB_URBAN,ROAD,9,1.0
9870,4,1,171,5,1,50.0,0,N,MELB_URBAN,BOULEVARD,9,6.0
9871,4,1,173,4,2,60.0,1,I,MELB_URBAN,ROAD,9,6.0
9872,1,1,99,1,1,50.0,0,I,LARGE_PROVINCIAL_CITIES,STREET,9,11.0
9873,1,5,130,5,1,60.0,0,N,MELB_URBAN,ROAD,9,7.0
9874,1,1,120,5,1,90.0,0,N,MELB_URBAN,ROAD,9,10.0