,accident_type,day_of_week,dca_code,road_geometry,light_condition,speed_zone,severity,node_type,deg_urban_name,road_type,month,hour
9875,7,1,174,2,1,60.0,0,I,MELB_URBAN,ROAD,9,11.0
9876,2,1,99,2,1,40.0,0,I,SMALL_TOWNS,HIGHWAY,9,9.0
9877,4,1,171,5,1,80.0,0,N,MELB_URBAN,ROAD,9,9.0
9878,1,1,99,1,1,60.0,0,I,MELB_URBAN,STREET,9,11.0
9879,1,1,130,5,1,60.0,0,N,MELB_URBAN,ROAD,9,13.0
9880,1,1,110,1,3,60.0,0,I,LARGE_PROVINCIAL_CITIES,ROAD,9,0.0
9881,1,1,147,2,1,50.0,0,I,MELB_URBAN,STREET,9,12.0
9882,1,1,99,2,1,50.0,0,I,MELB_URBAN,STREET,9,14.0
9883,4,1,173,5,1,100.0,0,N,RURAL_VICTORIA,ROAD,9,14.0
9884,1,1,99,2,1,60.0,0,I,MELB_URBAN,ROAD,9,14.0
9885,1,1,130,1,2,60.0,0,I,TOWNS,HIGHWAY,9,17.0
9886,1,1,121,1,1,60.0,0,I,MELB_URBAN,STREET,9,16.0
9887,2,1,99,1,3,60.0,0,I,MELB_URBAN,HIGHWAY,9,20.0
9888,1,4,134,2,1,60.0,0,I,MELB_URBAN,ROAD,9,9.0
9889,6,7,174,2,1,50.0,0,I,MELB_URBAN,OTHER,9,16.0
9890,6,7,174,5,1,80.0,0,N,RURAL_VICTORIA,ROAD,9,15.0
9891,6,7,99,5,5,100.0,0,N,RURAL_VICTORIA,ROAD,9,21.0
9892,1,2,121,2,1,60.0,0,I,MELB_URBAN,ROAD,9,8.0
9893,1,1,111,2,1,100.0,0,I,RURAL_VICTORIA,ROAD,9,9.0
9894,8,6,181,5,1,100.0,0,N,RURAL_VICTORIA,OTHER,9,17.0
9895,1,1,130,5,1,80.0,0,N,MELB_URBAN,HIGHWAY,9,10.0
9896,1,4,99,3,1,70.0,0,N,MELB_URBAN,ROAD,9,7.0
9897,1,2,132,2,1,100.0,0,I,RURAL_VICTORIA,ROAD,9,11.0
9898,6,1,99,5,1,100.0,0,N,RURAL_VICTORIA,ROAD,9,14.0
9899,8,7,174,5,1,60.0,0,N,RURAL_VICTORIA,ROAD,9,15.0
9900,4,1,171,1,2,50.0,0,I,MELB_URBAN,ROAD,7,16.0
9901,2,2,99,5,1,60.0,0,N,SMALL_CITIES,STREET,9,14.0
9902,1,2,135,2,1,60.0,0,I,MELB_URBAN,STREET,9,13.0
9903,1,2,130,1,1,60.0,0,I,MELB_URBAN,ROAD,9,14.0
9904,1,2,130,1,1,80.0,0,N,MELB_URBAN,HIGHWAY,9,15.0
9905,1,2,132,1,2,50.0,0,I,MELB_URBAN,ROAD,9,7.0
9906,1,2,99,2,1,100.0,0,I,RURAL_VICTORIA,ROAD,9,14.0
9907,4,2,99,2,1,70.0,0,N,MELB_URBAN,ROAD,9,16.0
9908,2,1,99,5,3,50.0,0,N,MELB_URBAN,ROAD,9,3.0
9909,2,2,100,5,1,60.0,0,N,LARGE_PROVINCIAL_CITIES,ROAD,9,17.0
9910,1,2,130,1,1,60.0,0,I,MELB_URBAN,STREET,9,16.0
9911,1,2,113,2,1,70.0,0,I,MELB_URBAN,STREET,9,17.0
9912,1,2,110,1,3,50.0,0,I,LARGE_PROVINCIAL_CITIES,STREET,9,19.0
9913,1,7,147,5,1,60.0,0,N,LARGE_PROVINCIAL_CITIES,ROAD,9,8.0
9914,1,2,99,1,1,60.0,0,I,MELB_URBAN,STREET,9,16.0
9915,4,2,171,5,3,50.0,0,N,MELB_URBAN,DRIVE,9,19.0
9916,1,5,130,5,1,70.0,0,N,LARGE_PROVINCIAL_CITIES,HIGHWAY,9,15.0
9917,2,2,100,2,3,50.0,0,I,MELB_URBAN,ROAD,9,19.0
9918,1,6,110,1,1,60.0,0,I,MELB_URBAN,DRIVE,9,16.0
9919,1,2,132,5,1,90.0,0,N,RURAL_VICTORIA,HIGHWAY,9,15.0
9920,1,1,130,5,1,50.0,0,N,LARGE_PROVINCIAL_CITIES,STREET,9,14.0
9921,1,4,121,2,1,80.0,0,I,MELB_URBAN,ROAD,9,11.0
9922,1,3,110,4,1,60.0,0,I,MELB_URBAN,ROAD,9,8.0
9923,1,3,130,5,1,60.0,0,N,MELB_URBAN,ROAD,9,9.0
9924,1,2,110,1,1,50.0,0,I,MELB_URBAN,ROAD,9,10.0
9925,1,6,110,1,1,60.0,0,I,SMALL_CITIES,STREET,9,14.0
9926,6,2,170,9,2,110.0,0,N,RURAL_VICTORIA,FREEWAY,9,5.0
9927,8,7,184,5,1,60.0,0,N,RURAL_VICTORIA,ROAD,9,13.0
9928,8,6,174,1,3,50.0,0,I,MELB_URBAN,AVENUE,8,20.0
9929,1,3,130,5,1,80.0,0,N,MELB_URBAN,HIGHWAY,9,10.0
9930,1,3,110,1,1,50.0,0,I,MELB_URBAN,STREET,9,13.0
9931,1,3,140,5,1,40.0,0,N,MELB_URBAN,STREET,9,8.0
9932,2,3,100,5,1,50.0,1,N,MELB_URBAN,PARADE,9,12.0
9933,1,3,110,1,1,50.0,0,I,MELB_URBAN,STREET,9,12.0
9934,1,3,130,2,1,70.0,0,I,MELB_URBAN,ROAD,9,14.0
9935,6,3,170,5,2,100.0,0,N,RURAL_VICTORIA,HIGHWAY,9,5.0
9936,1,5,130,5,1,70.0,0,N,MELB_URBAN,ROAD,8,16.0
9937,4,2,171,5,1,100.0,0,N,RURAL_VICTORIA,ROAD,9,14.0
9938,1,2,99,1,1,100.0,0,I,RURAL_VICTORIA,ROAD,9,14.0
9939,2,3,102,5,1,60.0,0,N,MELB_URBAN,ROAD,9,14.0
9940,1,3,160,5,1,50.0,0,N,SMALL_CITIES,UNKNOWN,9,17.0
9941,1,3,121,4,3,60.0,0,I,MELB_URBAN,HIGHWAY,9,19.0
9942,4,3,99,2,1,50.0,0,I,TOWNS,STREET,9,17.0
9943,1,3,132,1,1,50.0,0,I,LARGE_PROVINCIAL_CITIES,STREET,9,15.0
9944,1,3,113,2,3,80.0,0,I,MELB_URBAN,STREET,9,18.0
9945,4,3,173,5,2,80.0,0,N,SMALL_CITIES,ROAD,9,19.0
9946,1,2,130,5,1,60.0,0,N,MELB_URBAN,STREET,9,13.0
9947,1,3,110,4,1,60.0,0,I,LARGE_PROVINCIAL_CITIES,STREET,9,15.0
9948,1,3,99,1,1,60.0,0,I,MELB_URBAN,ROAD,9,16.0
9949,1,3,110,1,3,50.0,0,I,MELB_URBAN,AVENUE,9,22.0
9950,1,4,130,5,6,100.0,0,N,MELB_URBAN,FREEWAY,9,2.0
9951,4,3,99,2,2,60.0,0,N,SMALL_CITIES,ROAD,9,6.0
9952,1,3,132,5,1,60.0,0,N,MELB_URBAN,DRIVE,9,8.0
9953,1,3,132,2,1,60.0,0,I,MELB_URBAN,HIGHWAY,9,15.0
9954,1,4,130,5,1,100.0,0,N,MELB_URBAN,FREEWAY,9,6.0
9955,1,5,134,5,9,60.0,0,N,MELB_URBAN,ROAD,6,10.0
9956,1,4,113,2,1,100.0,0,I,RURAL_VICTORIA,ROAD,9,7.0
9957,3,2,167,4,5,100.0,0,N,RURAL_VICTORIA,ROAD,8,20.0
9958,1,3,110,1,1,100.0,0,I,RURAL_VICTORIA,ROAD,9,14.0
9959,8,4,99,5,2,100.0,0,N,RURAL_VICTORIA,ROAD,9,5.0
9960,8,4,174,5,1,80.0,0,N,MELB_URBAN,FREEWAY,9,8.0
9961,1,4,110,1,1,60.0,0,I,MELB_URBAN,STREET,9,8.0
9962,1,4,120,2,1,60.0,0,I,MELB_URBAN,ROAD,9,9.0
9963,1,4,121,2,1,80.0,0,I,MELB_URBAN,ROAD,9,8.0
9964,1,4,113,1,1,60.0,0,I,SMALL_CITIES,STREET,9,12.0
9965,1,5,110,1,9,60.0,0,I,MELB_URBAN,BOULEVARD,9,16.0
9966,1,4,113,2,1,80.0,0,I,MELB_URBAN,HIGHWAY,9,14.0
9967,1,4,116,1,1,80.0,0,I,MELB_URBAN,HIGHWAY,9,15.0
9968,1,4,130,5,1,70.0,0,N,MELB_URBAN,HIGHWAY,9,13.0
9969,1,4,99,5,1,50.0,0,N,TOWNS,STREET,9,16.0
9970,1,4,130,1,1,50.0,0,I,MELB_URBAN,ROAD,9,7.0
9971,4,4,171,2,1,50.0,0,I,SMALL_CITIES,STREET,9,14.0
9972,8,4,174,5,1,80.0,0,N,RURAL_VICTORIA,ROAD,9,11.0
9973,1,4,121,2,1,60.0,0,I,MELB_URBAN,ROAD,9,16.0
9974,4,4,171,2,1,80.0,0,I,MELB_URBAN,ROAD,9,15.0
9975,1,4,147,5,1,60.0,0,N,LARGE_PROVINCIAL_CITIES,ROAD,9,8.0
9976,2,4,100,1,3,50.0,0,I,MELB_URBAN,ROAD,9,20.0
9977,4,4,171,5,1,100.0,0,N,RURAL_VICTORIA,ROAD,9,17.0
9978,1,4,110,1,5,110.0,0,I,RURAL_VICTORIA,FREEWAY,9,21.0
9979,1,4,121,5,3,70.0,0,N,RURAL_VICTORIA,HIGHWAY,9,22.0
9980,1,3,113,2,1,60.0,0,I,MELB_URBAN,STREET,9,14.0
9981,1,4,130,1,9,60.0,0,I,MELB_URBAN,ROAD,9,18.0
9982,4,5,171,2,2,60.0,0,I,MELB_URBAN,ROAD,9,5.0
9983,4,5,171,5,2,100.0,0,N,RURAL_VICTORIA,ROAD,9,7.0
9984,1,4,140,5,1,60.0,0,N,MELB_URBAN,STREET,9,15.0
9985,1,5,140,5,2,50.0,0,N,MELBOURNE_CBD,STREET,9,7.0
9986,8,5,174,2,2,60.0,0,I,MELB_URBAN,STREET,9,7.0
9987,1,4,99,1,1,100.0,0,I,RURAL_VICTORIA,ROAD,9,15.0
9988,1,5,163,5,1,60.0,0,N,MELB_URBAN,ROAD,3,9.0
9989,1,3,121,1,1,60.0,0,I,MELB_URBAN,ROAD,8,13.0
9990,2,5,102,5,1,50.0,0,N,MELB_URBAN,ROAD,9,10.0
9991,2,5,99,5,1,60.0,0,N,MELB_URBAN,DRIVE,9,10.0
9992,1,5,134,5,1,70.0,0,N,MELB_URBAN,ROAD,8,15.0
9993,4,5,173,5,1,100.0,0,N,LARGE_PROVINCIAL_CITIES,ROAD,9,6.0
9994,1,3,99,2,1,60.0,0,I,MELB_URBAN,STREET,9,15.0
9995,1,5,121,2,1,60.0,0,I,MELB_URBAN,ROAD,9,16.0
9996,1,5,132,2,1,60.0,0,I,MELB_URBAN,OTHER,9,10.0
9997,2,5,100,1,1,50.0,0,I,MELB_URBAN,ROAD,9,9.0
9998,1,5,110,1,1,60.0,0,I,LARGE_PROVINCIAL_CITIES,ROAD,9,11.0
9999,1,5,132,2,1,60.0,0,I,MELB_URBAN,ROAD,9,12.0
10000,1,5,113,3,1,60.0,0,I,MELB_URBAN,STREET,9,12.0
10001,1,5,132,3,1,100.0,0,N,RURAL_VICTORIA,ROAD,9,10.0
10002,1,5,130,5,1,80.0,0,N,LARGE_PROVINCIAL_CITIES,HIGHWAY,9,13.0
10003,8,6,99,5,5,100.0,0,N,RURAL_VICTORIA,ROAD,9,23.0
10004,1,4,110,1,1,80.0,0,I,MELB_URBAN,ROAD,9,17.0
10005,1,5,99,2,1,100.0,0,I,RURAL_VICTORIA,ROAD,9,14.0
10006,4,4,181,5,1,100.0,0,N,RURAL_VICTORIA,HIGHWAY,9,8.0
10007,1,5,116,2,1,60.0,0,I,MELB_URBAN,AVENUE,9,15.0
10008,1,4,130,5,2,50.0,0,N,LARGE_PROVINCIAL_CITIES,PARADE,6,18.0
10009,1,5,121,2,1,50.0,0,I,MELB_URBAN,AVENUE,9,16.0
10010,6,5,174,5,1,100.0,0,N,MELB_URBAN,FREEWAY,9,14.0
10011,1,5,121,5,1,50.0,0,N,MELB_URBAN,ROAD,9,14.0
10012,1,5,113,2,1,60.0,0,I,SMALL_CITIES,AVENUE,9,16.0
10013,4,5,173,2,1,100.0,0,I,RURAL_VICTORIA,HIGHWAY,9,15.0
10014,4,3,181,5,6,60.0,0,N,MELB_URBAN,RAMP,8,21.0
10015,1,5,130,5,3,70.0,0,N,TOWNS,ROAD,9,20.0
10016,4,5,181,5,5,100.0,0,N,RURAL_VICTORIA,ROAD,9,18.0
10017,1,5,110,1,3,60.0,0,I,MELB_URBAN,STREET,9,21.0
10018,1,5,130,5,3,70.0,0,N,MELB_URBAN,ROAD,9,4.0
10019,4,6,183,5,2,80.0,0,N,RURAL_VICTORIA,ROAD,9,6.0
10020,1,4,135,5,1,40.0,0,N,MELB_URBAN,STREET,9,15.0
10021,1,6,99,1,2,70.0,0,I,MELB_URBAN,ROAD,9,7.0
10022,1,5,132,1,1,60.0,0,I,MELB_URBAN,STREET,9,15.0
10023,1,6,110,1,2,60.0,0,N,MELB_URBAN,STREET,9,7.0
10024,1,6,113,2,1,60.0,0,I,MELB_URBAN,ROAD,9,8.0
10025,1,6,121,1,1,60.0,0,I,MELB_URBAN,ROAD,9,9.0
10026,1,6,110,1,1,60.0,0,I,MELB_URBAN,ROAD,9,9.0
10027,1,6,130,1,1,60.0,0,I,MELB_URBAN,ROAD,9,9.0
10028,3,6,167,5,5,100.0,0,N,RURAL_VICTORIA,HIGHWAY,9,0.0
10029,1,6,130,5,1,100.0,0,N,RURAL_VICTORIA,HIGHWAY,9,10.0
10030,1,6,140,5,1,60.0,0,N,MELB_URBAN,ROAD,9,7.0
10031,8,3,99,5,5,100.0,0,N,RURAL_VICTORIA,ROAD,9,18.0
10032,4,6,99,2,5,100.0,0,I,RURAL_VICTORIA,HIGHWAY,9,5.0
10033,1,6,113,2,1,70.0,0,I,MELB_URBAN,ROAD,9,12.0
10034,1,6,110,1,1,50.0,0,I,TOWNS,ROAD,9,12.0
10035,1,6,121,1,1,100.0,0,I,RURAL_VICTORIA,ROAD,9,10.0
10036,1,6,130,5,1,50.0,0,N,MELBOURNE_CBD,STREET,9,14.0
10037,2,5,99,5,1,50.0,0,N,MELB_URBAN,STREET,9,18.0
10038,2,6,100,2,1,50.0,0,I,MELB_URBAN,STREET,9,12.0
10039,5,6,99,5,1,100.0,0,N,RURAL_VICTORIA,ROAD,9,15.0
10040,4,6,173,5,1,110.0,0,N,RURAL_VICTORIA,FREEWAY,9,15.0
10041,1,6,110,1,1,100.0,0,I,RURAL_VICTORIA,ROAD,9,13.0
10042,1,6,99,1,1,60.0,0,I,MELB_URBAN,STREET,9,15.0
10043,1,6,130,1,2,70.0,0,I,MELB_URBAN,ROAD,9,17.0
10044,1,6,110,1,1,50.0,0,I,MELB_URBAN,ROAD,9,18.0
10045,1,6,121,1,1,70.0,0,I,MELB_URBAN,ROAD,9,17.0
10046,1,6,132,2,3,60.0,0,I,MELB_URBAN,ROAD,9,19.0
10047,1,6,130,2,1,60.0,0,I,MELB_URBAN,ROAD,9,11.0
10048,2,4,99,5,3,60.0,0,N,MELB_URBAN,STREET,9,21.0
10049,1,6,99,2,4,50.0,0,I,MELB_URBAN,STREET,9,20.0
10050,6,6,99,5,5,60.0,0,N,RURAL_VICTORIA,ROAD,9,21.0
10051,4,5,173,5,3,60.0,0,N,MELB_URBAN,ROAD,9,20.0
10052,1,6,121,1,3,60.0,0,I,MELB_URBAN,ROAD,9,21.0
10053,1,6,120,3,5,100.0,0,I,RURAL_VICTORIA,ROAD,9,23.0
10054,1,7,160,5,3,50.0,0,N,MELB_URBAN,AVENUE,9,0.0
10055,2,6,99,5,1,60.0,0,N,MELB_URBAN,STREET,9,10.0
10056,1,4,130,5,1,60.0,0,N,MELB_URBAN,FREEWAY,8,16.0
10057,1,2,130,1,1,60.0,0,I,LARGE_PROVINCIAL_CITIES,STREET,7,16.0
10058,1,6,130,1,2,60.0,0,I,LARGE_PROVINCIAL_CITIES,STREET,9,18.0
10059,1,7,99,1,1,60.0,0,I,LARGE_PROVINCIAL_CITIES,STREET,9,12.0
10060,1,7,121,2,1,70.0,0,I,MELB_URBAN,HIGHWAY,9,11.0
10061,2,7,100,5,1,50.0,0,N,MELB_URBAN,ROAD,9,12.0
10062,1,7,110,4,1,50.0,0,I,LARGE_PROVINCIAL_CITIES,STREET,9,12.0
10063,8,7,174,1,1,60.0,0,I,MELB_URBAN,HIGHWAY,9,9.0
10064,1,7,121,1,1,70.0,0,I,MELB_URBAN,ROAD,9,11.0
10065,6,7,170,5,1,60.0,0,N,RURAL_VICTORIA,ROAD,9,13.0
10066,1,6,130,1,2,80.0,0,I,MELB_URBAN,HIGHWAY,9,19.0
10067,4,7,171,2,1,60.0,0,I,MELB_URBAN,ROAD,9,14.0
10068,1,6,130,5,1,80.0,0,N,MELB_URBAN,ROAD,9,10.0
10069,4,7,171,5,1,70.0,0,N,MELB_URBAN,ROAD,9,14.0
10070,1,7,99,2,1,80.0,0,I,MELB_URBAN,STREET,9,13.0
10071,4,7,171,5,1,80.0,0,N,MELB_URBAN,ROAD,9,15.0
10072,1,6,171,5,1,50.0,0,N,SMALL_CITIES,OTHER,9,15.0
10073,1,7,120,5,1,60.0,0,N,MELB_URBAN,ROAD,9,13.0
10074,4,6,171,4,1,60.0,0,I,MELB_URBAN,RAMP,9,15.0
10075,1,7,99,5,1,70.0,0,N,MELB_URBAN,OTHER,9,16.0
10076,2,7,102,1,1,60.0,0,I,MELB_URBAN,ROAD,9,17.0
10077,2,6,102,2,3,60.0,0,I,MELB_URBAN,ROAD,9,20.0
10078,1,7,110,1,1,60.0,0,I,LARGE_PROVINCIAL_CITIES,STREET,9,17.0
10079,1,7,130,5,2,60.0,0,N,MELB_URBAN,STREET,9,18.0
10080,1,7,120,5,2,60.0,0,N,MELB_URBAN,DRIVE,9,17.0
10081,1,7,121,1,1,50.0,0,I,SMALL_CITIES,STREET,9,17.0
10082,1,7,113,2,1,60.0,0,I,RURAL_VICTORIA,HIGHWAY,9,16.0
10083,1,7,121,2,3,60.0,0,I,MELB_URBAN,ROAD,9,21.0
10084,4,7,173,5,3,50.0,0,N,MELB_URBAN,DRIVE,9,20.0
10085,4,7,171,5,5,100.0,1,I,RURAL_VICTORIA,ROAD,9,19.0
10086,1,7,121,2,3,50.0,0,I,MELB_URBAN,STREET,9,22.0
10087,2,7,99,5,1,60.0,0,N,LARGE_PROVINCIAL_CITIES,STREET,9,13.0
10088,1,7,120,1,3,60.0,0,I,MELB_URBAN,AVENUE,9,20.0
10089,1,7,130,5,5,70.0,0,N,MELB_URBAN,ROAD,9,22.0
10090,1,7,130,1,3,40.0,0,I,MELB_URBAN,STREET,9,22.0
10091,1,7,130,1,1,80.0,0,I,MELB_URBAN,ROAD,9,12.0
10092,1,7,130,2,1,70.0,0,I,SMALL_CITIES,HIGHWAY,9,11.0
10093,1,2,130,2,1,60.0,0,I,MELB_URBAN,STREET,9,14.0
10094,1,1,130,1,1,60.0,0,I,MELB_URBAN,ROAD,9,8.0
10095,6,1,99,5,2,110.0,0,N,RURAL_VICTORIA,FREEWAY,9,7.0
10096,4,6,181,5,2,100.0,0,N,RURAL_VICTORIA,ROAD,9,17.0
10097,1,4,130,5,1,80.0,0,N,MELB_URBAN,FREEWAY,9,8.0
10098,1,0,160,5,1,60.0,0,N,MELB_URBAN,ROAD,9,10.0
10099,1,7,130,2,1,60.0,0,I,MELB_URBAN,ROAD,9,13.0
10100,8,7,170,5,1,100.0,0,N,RURAL_VICTORIA,ROAD,9,12.0
10101,1,2,130,1,1,100.0,0,N,MELB_URBAN,ROAD,9,15.0
10102,2,1,100,1,1,50.0,0,I,MELB_URBAN,HIGHWAY,9,12.0
10103,1,1,113,4,1,70.0,0,I,RURAL_VICTORIA,RAMP,9,13.0
10104,1,0,99,5,1,80.0,0,N,MELB_URBAN,ROAD,9,14.0
10105,8,5,174,1,3,60.0,0,N,MELB_URBAN,OTHER,5,19.0
10106,4,1,173,2,5,100.0,0,I,RURAL_VICTORIA,HIGHWAY,9,3.0
10107,1,1,173,5,1,50.0,0,N,MELB_URBAN,ROAD,9,14.0
10108,1,1,130,5,1,70.0,0,N,MELB_URBAN,ROAD,9,15.0
10109,4,1,173,5,1,100.0,0,N,RURAL_VICTORIA,ROAD,9,15.0
10110,1,1,113,1,1,100.0,0,I,RURAL_VICTORIA,ROAD,9,15.0
10111,4,6,171,5,1,80.0,0,N,MELB_URBAN,ROAD,9,11.0
10112,6,1,99,5,1,100.0,0,N,RURAL_VICTORIA,HIGHWAY,9,15.0
10113,1,1,121,1,6,60.0,0,I,MELB_URBAN,STREET,9,18.0
10114,1,1,110,1,3,70.0,0,I,MELB_URBAN,ROAD,9,19.0
10115,1,1,110,1,3,90.0,0,I,MELB_URBAN,ROAD,9,19.0
10116,1,1,121,1,3,60.0,0,N,MELB_URBAN,PARADE,9,20.0
10117,1,1,140,5,3,60.0,0,N,LARGE_PROVINCIAL_CITIES,ROAD,9,19.0
10118,1,7,120,5,5,60.0,0,N,RURAL_VICTORIA,ROAD,9,21.0
10119,1,2,110,1,1,60.0,0,I,MELB_URBAN,STREET,10,6.0
10120,4,7,183,5,5,100.0,0,N,RURAL_VICTORIA,HIGHWAY,9,20.0
10121,7,6,174,5,1,60.0,0,N,RURAL_VICTORIA,ROAD,8,8.0
10122,1,0,110,4,3,60.0,0,I,LARGE_PROVINCIAL_CITIES,ROAD,4,20.0
10123,2,2,100,2,1,60.0,0,I,MELB_URBAN,ROAD,10,10.0
10124,1,2,116,1,1,50.0,0,N,MELB_URBAN,AVENUE,10,10.0
10125,2,2,99,5,1,50.0,0,N,SMALL_CITIES,STREET,10,11.0
10126,8,7,174,5,1,80.0,0,N,RURAL_VICTORIA,ROAD,8,16.0
10127,1,6,130,4,1,60.0,0,I,MELB_URBAN,RAMP,9,16.0
10128,4,2,171,5,1,50.0,0,N,MELB_URBAN,STREET,10,13.0
10129,1,2,130,5,1,100.0,0,N,RURAL_VICTORIA,ROAD,10,9.0
10130,1,2,130,5,1,100.0,0,N,MELB_URBAN,FREEWAY,10,11.0
10131,1,2,160,1,1,60.0,0,I,MELB_URBAN,ROAD,10,10.0
10132,1,5,130,5,1,80.0,0,N,MELB_URBAN,HIGHWAY,9,14.0
10133,1,7,130,1,3,50.0,0,I,MELB_URBAN,ROAD,9,18.0
10134,1,1,111,2,1,60.0,0,I,SMALL_CITIES,ROAD,10,12.0
10135,1,1,130,2,1,70.0,0,I,MELB_URBAN,ROAD,9,11.0
10136,6,2,170,1,1,100.0,0,N,RURAL_VICTORIA,ROAD,10,11.0
10137,1,5,130,5,3,60.0,0,N,MELB_URBAN,ROAD,9,21.0
10138,1,2,121,5,1,60.0,0,N,MELB_URBAN,ROAD,10,9.0
10139,1,6,99,2,6,50.0,0,I,MELB_URBAN,ROAD,9,21.0
10140,1,2,110,1,1,60.0,0,I,RURAL_VICTORIA,STREET,10,7.0
10141,1,4,130,1,1,60.0,0,I,MELB_URBAN,ROAD,8,17.0
10142,4,7,171,2,1,60.0,0,I,MELB_URBAN,ROAD,9,15.0
10143,1,2,140,2,1,60.0,0,I,MELB_URBAN,ROAD,10,16.0
10144,1,2,130,5,1,60.0,0,N,MELB_URBAN,STREET,10,17.0
10145,1,1,130,5,3,80.0,0,N,MELB_URBAN,FREEWAY,7,18.0
10146,1,5,130,2,1,60.0,0,I,MELB_URBAN,ROAD,8,8.0
10147,5,2,173,5,1,100.0,0,N,RURAL_VICTORIA,HIGHWAY,10,13.0
10148,1,2,147,5,1,60.0,0,N,MELB_URBAN,STREET,10,13.0
10149,1,2,120,5,1,100.0,1,N,RURAL_VICTORIA,ROAD,10,15.0
10150,4,2,171,5,5,70.0,0,N,MELB_URBAN,ROAD,10,19.0
10151,2,2,99,2,1,50.0,0,I,SMALL_CITIES,OTHER,10,16.0
10152,1,2,110,1,1,60.0,0,I,LARGE_PROVINCIAL_CITIES,STREET,10,14.0
10153,4,2,173,2,3,50.0,1,I,MELB_URBAN,ROAD,10,18.0
10154,1,2,99,5,2,60.0,0,N,LARGE_PROVINCIAL_CITIES,ROAD,10,18.0
10155,8,2,174,5,1,50.0,0,N,LARGE_PROVINCIAL_CITIES,STREET,10,16.0
10156,8,4,174,2,3,50.0,0,I,MELB_URBAN,AVENUE,7,20.0
10157,7,2,99,5,3,60.0,0,N,MELB_URBAN,ROAD,10,23.0
10158,1,2,121,4,3,60.0,1,I,MELB_URBAN,HIGHWAY,10,20.0
10159,4,3,171,5,5,100.0,0,N,RURAL_VICTORIA,ROAD,10,2.0
10160,1,6,110,1,2,50.0,0,I,LARGE_PROVINCIAL_CITIES,STREET,9,18.0
10161,1,2,121,1,2,60.0,0,I,MELB_URBAN,PARADE,10,17.0
10162,1,6,99,5,3,60.0,0,N,MELB_URBAN,ROAD,9,21.0
10163,1,3,163,5,1,40.0,0,N,MELB_URBAN,STREET,10,8.0
10164,1,6,110,1,1,50.0,0,I,MELB_URBAN,AVENUE,9,10.0
10165,1,2,132,2,1,60.0,0,I,MELB_URBAN,ROAD,10,10.0
10166,1,3,113,1,1,50.0,0,I,SMALL_CITIES,STREET,10,11.0
10167,1,3,121,1,1,60.0,0,I,MELB_URBAN,ROAD,10,10.0
10168,1,6,110,1,3,50.0,0,I,MELB_URBAN,STREET,9,20.0
10169,1,2,110,1,1,60.0,0,I,TOWNS,ROAD,10,13.0
10170,4,1,171,5,1,100.0,0,N,RURAL_VICTORIA,ROAD,9,17.0
10171,4,3,171,5,5,110.0,1,N,RURAL_VICTORIA,FREEWAY,10,4.0
10172,1,7,135,1,1,60.0,0,I,MELB_URBAN,STREET,9,11.0
10173,1,3,121,2,1,60.0,0,I,MELB_URBAN,ROAD,10,13.0
10174,1,2,110,4,1,60.0,0,I,SMALL_CITIES,ROAD,10,13.0
10175,1,3,121,1,1,60.0,0,I,LARGE_PROVINCIAL_CITIES,STREET,10,12.0
10176,2,3,99,5,1,70.0,0,N,MELB_URBAN,ROAD,10,10.0
10177,2,3,99,5,1,50.0,0,N,MELB_URBAN,ROAD,10,13.0
10178,1,3,130,5,1,60.0,0,N,MELB_URBAN,STREET,10,12.0
10179,6,3,170,5,5,100.0,0,N,RURAL_VICTORIA,HIGHWAY,10,0.0
10180,1,3,130,2,1,60.0,0,I,MELB_URBAN,ROAD,10,11.0
10181,1,3,163,5,1,50.0,0,N,MELBOURNE_CBD,STREET,10,13.0
10182,8,3,170,5,1,100.0,0,N,RURAL_VICTORIA,HIGHWAY,10,13.0
10183,1,3,130,5,1,50.0,0,N,MELB_URBAN,STREET,10,14.0
10184,6,3,99,5,1,100.0,0,N,RURAL_VICTORIA,ROAD,10,15.0
10185,1,3,120,5,1,100.0,1,N,RURAL_VICTORIA,ROAD,10,11.0
10186,1,5,99,2,3,60.0,0,I,MELB_URBAN,ROAD,8,18.0
10187,1,3,99,1,1,60.0,0,I,MELB_URBAN,ROAD,10,11.0
10188,1,2,121,5,1,60.0,0,N,SMALL_CITIES,STREET,10,14.0
10189,1,3,160,2,1,50.0,0,N,MELB_URBAN,STREET,10,17.0
10190,1,3,116,2,1,50.0,0,I,MELB_URBAN,DRIVE,10,14.0
10191,1,3,99,1,1,50.0,0,I,SMALL_CITIES,OTHER,10,15.0
10192,1,3,99,2,1,60.0,0,I,MELB_URBAN,AVENUE,10,12.0
10193,1,3,99,5,1,100.0,0,N,RURAL_VICTORIA,ROAD,10,14.0
10194,1,3,113,2,3,40.0,0,I,MELB_URBAN,ROAD,10,19.0
10195,4,3,181,5,2,50.0,0,N,MELB_URBAN,OTHER,10,18.0
10196,1,3,113,2,1,60.0,0,I,MELB_URBAN,ROAD,10,17.0
10197,1,3,121,2,1,60.0,0,I,MELB_URBAN,ROAD,10,16.0
10198,1,3,130,5,1,60.0,0,N,MELB_URBAN,ROAD,10,15.0
10199,1,3,116,2,2,60.0,0,I,MELB_URBAN,STREET,10,19.0
10200,1,3,135,5,3,80.0,0,N,MELB_URBAN,ROAD,10,21.0
10201,1,3,121,1,3,60.0,0,I,MELB_URBAN,ROAD,10,22.0
10202,4,1,173,5,1,100.0,0,N,RURAL_VICTORIA,HIGHWAY,9,17.0
10203,4,4,173,5,5,110.0,0,N,RURAL_VICTORIA,FREEWAY,10,4.0
10204,1,4,110,1,2,60.0,0,I,MELB_URBAN,STREET,10,6.0