,accident_type,day_of_week,dca_code,road_geometry,light_condition,speed_zone,severity,node_type,deg_urban_name,road_type,month,hour
10205,1,3,113,2,1,60.0,0,I,MELB_URBAN,STREET,10,16.0
10206,4,6,171,4,1,80.0,0,I,MELB_URBAN,HIGHWAY,9,12.0
10207,1,4,130,5,2,100.0,0,N,RURAL_VICTORIA,HIGHWAY,10,5.0
10208,8,5,99,2,1,70.0,0,I,MELB_URBAN,ROAD,8,8.0
10209,2,4,102,5,1,60.0,0,N,MELB_URBAN,ROAD,10,7.0
10210,1,4,110,1,1,60.0,0,I,TOWNS,ROAD,10,8.0
10211,1,4,121,2,1,80.0,0,I,SMALL_CITIES,DRIVE,10,8.0
10212,1,5,130,5,2,80.0,0,N,MELB_URBAN,ROAD,9,18.0
10213,1,4,110,1,1,50.0,0,I,SMALL_CITIES,STREET,10,9.0
10214,1,4,99,4,9,60.0,0,I,MELB_URBAN,RAMP,10,0.0
10215,1,2,99,2,1,50.0,0,I,MELB_URBAN,STREET,10,8.0
10216,1,4,113,2,3,60.0,0,I,MELB_URBAN,ROAD,9,19.0
10217,1,4,121,5,1,60.0,0,N,MELB_URBAN,STREET,10,7.0
10218,1,4,110,1,1,50.0,0,I,MELB_URBAN,ROAD,10,10.0
10219,3,2,167,5,5,100.0,0,N,RURAL_VICTORIA,OTHER,9,0.0
10220,1,3,130,2,1,70.0,0,N,LARGE_PROVINCIAL_CITIES,ROAD,10,17.0
10221,1,4,130,5,1,60.0,0,N,MELB_URBAN,STREET,10,11.0
10222,4,4,173,5,1,80.0,0,N,RURAL_VICTORIA,HIGHWAY,10,11.0
10223,1,6,120,1,1,60.0,0,N,SMALL_CITIES,ROAD,9,14.0
10224,2,4,99,5,1,60.0,0,N,MELB_URBAN,ROAD,10,11.0
10225,2,4,100,5,1,60.0,0,N,MELB_URBAN,STREET,10,12.0
10226,4,4,181,5,1,60.0,0,N,MELB_URBAN,STREET,10,11.0
10227,1,4,99,5,1,60.0,0,N,LARGE_PROVINCIAL_CITIES,STREET,10,11.0
10228,1,4,110,1,1,60.0,0,I,LARGE_PROVINCIAL_CITIES,STREET,10,13.0
10229,2,4,100,2,1,60.0,0,I,MELB_URBAN,ROAD,10,10.0
10230,1,3,99,2,1,90.0,0,I,RURAL_VICTORIA,ROAD,10,17.0
10231,2,3,99,5,1,60.0,0,N,MELB_URBAN,STREET,10,11.0
10232,8,1,184,5,1,100.0,0,N,RURAL_VICTORIA,ROAD,9,13.0
10233,1,4,163,5,1,50.0,0,N,MELB_URBAN,AVENUE,10,11.0
10234,1,2,130,5,1,50.0,0,N,LARGE_PROVINCIAL_CITIES,STREET,10,15.0
10235,1,4,130,5,1,70.0,0,N,MELB_URBAN,ROAD,10,15.0
10236,1,4,134,1,1,50.0,0,I,SMALL_CITIES,STREET,10,15.0
10237,1,2,160,2,1,50.0,0,I,TOWNS,STREET,7,14.0
10238,1,4,140,5,1,100.0,0,N,RURAL_VICTORIA,ROAD,10,15.0
10239,8,4,99,9,1,60.0,0,N,RURAL_VICTORIA,ROAD,10,9.0
10240,1,3,121,1,5,50.0,0,I,MELB_URBAN,ROAD,10,17.0
10241,1,4,121,2,1,70.0,0,I,MELB_URBAN,ROAD,10,15.0
10242,6,2,99,5,1,100.0,0,N,RURAL_VICTORIA,ROAD,10,13.0
10243,8,4,174,1,3,60.0,0,I,MELB_URBAN,STREET,8,22.0
10244,2,4,102,1,2,60.0,0,I,MELB_URBAN,STREET,10,17.0
10245,1,4,110,1,1,50.0,0,I,MELB_URBAN,ROAD,10,17.0
10246,1,4,99,3,1,60.0,0,I,MELB_URBAN,ROAD,10,17.0
10247,4,3,171,5,1,100.0,0,N,RURAL_VICTORIA,ROAD,10,13.0
10248,7,4,174,5,1,60.0,0,N,MELB_URBAN,ROAD,10,14.0
10249,1,4,130,2,1,60.0,0,I,MELB_URBAN,ROAD,10,11.0
10250,1,4,110,1,1,60.0,0,I,LARGE_PROVINCIAL_CITIES,STREET,9,9.0
10251,4,2,171,5,1,60.0,0,N,RURAL_VICTORIA,ROAD,8,6.0
10252,1,2,133,5,1,60.0,0,N,LARGE_PROVINCIAL_CITIES,ROAD,9,8.0
10253,1,4,121,2,3,60.0,0,I,MELB_URBAN,STREET,10,22.0
10254,6,5,174,5,1,50.0,0,N,SMALL_CITIES,AVENUE,9,16.0
10255,6,4,99,5,1,110.0,0,N,RURAL_VICTORIA,FREEWAY,10,12.0
10256,1,5,130,2,1,80.0,0,I,MELB_URBAN,ROAD,10,8.0
10257,1,5,113,1,1,80.0,0,I,MELB_URBAN,HIGHWAY,10,8.0
10258,1,3,121,1,3,50.0,0,I,MELB_URBAN,STREET,10,19.0
10259,1,5,130,5,1,100.0,0,N,MELB_URBAN,FREEWAY,10,7.0
10260,3,1,167,5,1,100.0,0,N,RURAL_VICTORIA,OTHER,9,15.0
10261,1,5,130,5,1,60.0,0,N,LARGE_PROVINCIAL_CITIES,ROAD,10,8.0
10262,1,5,113,3,1,100.0,0,N,SMALL_CITIES,HIGHWAY,10,9.0
10263,1,5,130,5,1,100.0,0,N,MELB_URBAN,FREEWAY,10,11.0
10264,1,4,99,1,1,80.0,0,I,MELB_URBAN,HIGHWAY,10,16.0
10265,6,5,99,1,1,60.0,0,I,MELB_URBAN,STREET,10,12.0
10266,1,5,99,1,1,60.0,0,I,MELB_URBAN,PARADE,10,10.0
10267,1,5,163,5,1,60.0,0,N,MELB_URBAN,STREET,10,10.0
10268,1,5,99,2,1,60.0,0,I,MELB_URBAN,ROAD,10,12.0
10269,1,5,132,1,9,70.0,0,I,MELB_URBAN,ROAD,3,9.0
10270,1,2,130,5,9,60.0,0,N,MELB_URBAN,ROAD,3,15.0
10271,1,4,130,5,2,100.0,0,N,MELB_URBAN,FREEWAY,10,17.0
10272,1,4,120,5,1,60.0,0,N,MELB_URBAN,ROAD,9,15.0
10273,1,5,99,1,1,60.0,0,I,MELB_URBAN,ROAD,10,11.0
10274,1,5,160,2,1,40.0,0,I,MELB_URBAN,ROAD,10,13.0
10275,6,5,99,5,1,100.0,0,N,RURAL_VICTORIA,HIGHWAY,10,12.0
10276,2,3,100,2,1,50.0,0,I,MELB_URBAN,AVENUE,10,17.0
10277,1,7,113,2,1,50.0,0,I,MELB_URBAN,STREET,8,16.0
10278,8,5,99,5,1,100.0,0,N,RURAL_VICTORIA,ROAD,10,9.0
10279,4,5,181,2,1,80.0,0,I,MELB_URBAN,HIGHWAY,10,14.0
10280,1,5,113,1,1,60.0,0,I,MELB_URBAN,STREET,10,13.0
10281,1,7,130,5,3,60.0,0,N,MELB_URBAN,ROAD,6,19.0
10282,1,5,99,4,1,60.0,0,I,MELB_URBAN,ROAD,10,15.0
10283,8,5,174,5,1,100.0,0,N,RURAL_VICTORIA,ROAD,10,14.0
10284,1,5,111,2,1,50.0,0,I,MELB_URBAN,ROAD,10,15.0
10285,1,4,130,5,1,60.0,0,N,MELB_URBAN,OTHER,10,13.0
10286,1,5,110,1,1,80.0,0,I,MELB_URBAN,ROAD,10,14.0
10287,1,5,135,5,1,70.0,0,N,LARGE_PROVINCIAL_CITIES,HIGHWAY,10,16.0
10288,1,4,163,2,1,50.0,0,I,MELB_URBAN,ROAD,9,12.0
10289,1,5,130,5,1,80.0,0,N,RURAL_VICTORIA,ROAD,10,14.0
10290,1,5,99,5,1,60.0,0,N,LARGE_PROVINCIAL_CITIES,STREET,10,16.0
10291,1,5,110,1,1,50.0,0,I,MELB_URBAN,STREET,10,17.0
10292,1,5,99,5,1,80.0,0,N,MELB_URBAN,PARADE,10,16.0
10293,1,5,121,2,1,60.0,0,I,MELB_URBAN,STREET,10,16.0
10294,8,5,170,5,1,100.0,0,N,RURAL_VICTORIA,ROAD,10,17.0
10295,1,5,113,2,3,70.0,0,I,SMALL_CITIES,STREET,10,19.0
10296,2,5,100,5,5,50.0,0,N,MELB_URBAN,STREET,10,19.0
10297,4,5,181,5,5,80.0,0,N,RURAL_VICTORIA,ROAD,10,20.0
10298,1,5,140,5,2,60.0,0,N,MELB_URBAN,ROAD,10,20.0
10299,4,5,171,5,5,80.0,0,N,RURAL_VICTORIA,ROAD,10,23.0
10300,4,5,173,5,3,70.0,0,N,MELB_URBAN,ROAD,10,22.0
10301,4,6,171,5,3,80.0,0,N,MELB_URBAN,STREET,10,2.0
10302,8,5,174,1,1,50.0,0,I,MELB_URBAN,AVENUE,9,17.0
10303,6,5,170,5,1,100.0,0,N,RURAL_VICTORIA,ROAD,10,13.0
10304,1,4,147,5,1,60.0,0,N,MELB_URBAN,ROAD,10,17.0
10305,1,5,121,4,1,80.0,0,I,MELB_URBAN,RAMP,9,10.0
10306,1,6,120,5,1,80.0,0,N,RURAL_VICTORIA,ROAD,10,8.0
10307,8,6,174,5,1,100.0,0,N,MELB_URBAN,UNKNOWN,10,9.0
10308,2,6,99,5,1,50.0,0,N,SMALL_CITIES,HIGHWAY,10,9.0
10309,1,6,99,2,1,70.0,0,I,MELB_URBAN,ROAD,10,8.0
10310,4,6,183,5,1,100.0,0,N,RURAL_VICTORIA,ROAD,10,10.0
10311,1,6,99,5,1,80.0,0,N,RURAL_VICTORIA,ROAD,10,10.0
10312,2,6,99,5,1,60.0,0,N,MELB_URBAN,STREET,10,11.0
10313,1,6,110,1,1,50.0,0,I,MELB_URBAN,ROAD,10,8.0
10314,4,6,181,5,1,50.0,0,N,MELB_URBAN,AVENUE,10,11.0
10315,4,6,173,2,5,80.0,0,I,RURAL_VICTORIA,HIGHWAY,10,3.0
10316,1,5,99,5,1,60.0,0,N,MELB_URBAN,STREET,10,16.0
10317,1,6,121,1,1,60.0,0,I,MELB_URBAN,STREET,10,10.0
10318,1,6,140,2,1,50.0,0,I,SMALL_CITIES,AVENUE,10,7.0
10319,3,4,167,5,2,100.0,0,N,MELB_URBAN,ROAD,10,19.0
10320,4,6,99,5,1,50.0,0,N,MELB_URBAN,ROAD,10,13.0
10321,1,5,99,5,1,100.0,0,N,RURAL_VICTORIA,HIGHWAY,10,14.0
10322,8,4,99,2,1,100.0,0,I,RURAL_VICTORIA,AVENUE,10,8.0
10323,1,5,121,2,1,70.0,0,I,SMALL_CITIES,STREET,10,15.0
10324,1,6,111,1,1,80.0,0,I,RURAL_VICTORIA,ROAD,10,12.0
10325,1,7,133,2,3,60.0,0,I,MELB_URBAN,ROAD,7,19.0
10326,1,6,130,5,1,70.0,0,N,MELB_URBAN,ROAD,10,16.0
10327,4,1,99,5,3,100.0,0,N,RURAL_VICTORIA,FREEWAY,9,21.0
10328,1,6,99,2,1,60.0,0,I,MELB_URBAN,ROAD,10,15.0
10329,1,6,110,4,1,60.0,0,I,MELB_URBAN,STREET,10,16.0
10330,1,6,110,1,1,50.0,0,I,MELB_URBAN,STREET,10,17.0
10331,1,6,111,2,1,70.0,0,I,MELB_URBAN,ROAD,10,17.0
10332,4,5,183,5,3,50.0,0,N,MELB_URBAN,BOULEVARD,10,18.0
10333,1,6,130,5,1,60.0,0,N,MELB_URBAN,ROAD,10,15.0
10334,1,6,160,2,1,60.0,0,I,MELB_URBAN,STREET,10,16.0
10335,1,6,110,1,3,50.0,0,I,MELBOURNE_CBD,STREET,10,0.0
10336,1,6,113,1,3,60.0,0,I,MELB_URBAN,STREET,10,18.0
10337,1,3,116,2,2,70.0,0,N,MELB_URBAN,ROAD,9,18.0
10338,1,6,130,5,2,100.0,0,N,MELB_URBAN,FREEWAY,10,18.0
10339,2,6,100,2,1,60.0,0,I,MELB_URBAN,ROAD,10,17.0
10340,1,6,147,5,3,60.0,0,N,MELB_URBAN,ROAD,10,20.0
10341,4,6,171,5,1,60.0,1,N,MELB_URBAN,ROAD,10,18.0
10342,1,6,113,2,3,60.0,0,I,TOWNS,UNKNOWN,10,19.0
10343,1,6,120,5,5,100.0,0,N,RURAL_VICTORIA,BOULEVARD,10,19.0
10344,6,6,170,5,5,100.0,0,N,RURAL_VICTORIA,ROAD,10,20.0
10345,1,6,116,2,3,50.0,0,I,MELB_URBAN,STREET,10,22.0
10346,4,7,181,5,5,50.0,0,N,MELB_URBAN,DRIVE,10,1.0
10347,1,4,116,2,1,70.0,0,I,MELB_URBAN,ROAD,9,11.0
10348,4,7,173,5,1,100.0,0,N,MELB_URBAN,FREEWAY,10,5.0
10349,1,7,121,2,1,60.0,0,I,MELB_URBAN,ROAD,10,8.0
10350,6,7,99,5,1,100.0,0,N,RURAL_VICTORIA,ROAD,10,9.0
10351,4,7,171,5,1,50.0,0,N,SMALL_CITIES,DRIVE,10,12.0
10352,6,7,174,1,1,60.0,0,I,MELB_URBAN,STREET,10,13.0
10353,2,2,100,1,9,50.0,0,I,MELB_URBAN,STREET,10,19.0
10354,1,7,120,2,1,40.0,0,I,MELB_URBAN,ROAD,10,11.0
10355,1,7,130,5,1,60.0,0,N,LARGE_PROVINCIAL_CITIES,STREET,10,11.0
10356,2,3,100,1,9,60.0,0,I,SMALL_CITIES,STREET,8,11.0
10357,1,7,113,2,1,70.0,0,I,MELB_URBAN,ROAD,10,12.0
10358,4,7,173,2,1,50.0,0,I,MELB_URBAN,DRIVE,10,11.0
10359,6,7,184,5,1,60.0,0,N,TOWNS,ROAD,10,7.0
10360,1,7,171,5,1,70.0,0,N,MELB_URBAN,ROAD,10,12.0
10361,4,7,171,5,1,50.0,0,N,MELB_URBAN,ROAD,10,10.0
10362,1,7,110,1,1,50.0,0,I,TOWNS,ROAD,10,13.0
10363,1,7,99,2,1,50.0,0,I,SMALL_CITIES,STREET,10,15.0
10364,1,7,147,5,1,60.0,0,N,MELB_URBAN,ROAD,10,13.0
10365,1,3,99,1,1,80.0,0,I,MELB_URBAN,HIGHWAY,9,11.0
10366,1,7,135,5,1,80.0,0,N,MELB_URBAN,ROAD,10,15.0
10367,1,7,130,5,1,60.0,0,N,MELB_URBAN,STREET,10,16.0
10368,1,7,111,1,1,80.0,0,I,RURAL_VICTORIA,FREEWAY,10,16.0
10369,2,7,99,2,2,60.0,0,I,MELB_URBAN,ROAD,10,18.0
10370,1,7,121,1,3,60.0,0,I,MELB_URBAN,HIGHWAY,10,0.0
10371,4,7,171,5,3,50.0,0,N,MELB_URBAN,STREET,10,19.0
10372,1,7,120,5,1,100.0,0,N,RURAL_VICTORIA,ROAD,10,18.0
10373,4,7,183,2,1,50.0,0,I,MELB_URBAN,OTHER,10,15.0
10374,4,6,171,5,3,50.0,0,N,MELB_URBAN,DRIVE,10,23.0
10375,1,6,147,5,1,60.0,0,N,SMALL_CITIES,STREET,8,13.0
10376,4,7,171,5,5,80.0,0,N,RURAL_VICTORIA,ROAD,10,20.0
10377,1,7,130,2,4,80.0,0,I,MELB_URBAN,HIGHWAY,10,21.0
10378,4,7,171,5,3,100.0,0,N,MELB_URBAN,FREEWAY,10,19.0
10379,2,1,99,2,3,50.0,0,I,MELBOURNE_CBD,STREET,10,1.0
10380,2,1,100,1,3,40.0,0,I,MELB_URBAN,STREET,10,3.0
10381,4,1,173,5,3,70.0,0,N,MELB_URBAN,HIGHWAY,10,3.0
10382,1,7,160,2,3,70.0,0,I,MELB_URBAN,STREET,10,22.0
10383,1,7,120,5,1,60.0,0,N,MELB_URBAN,ROAD,10,13.0
10384,4,1,173,5,2,60.0,1,N,SMALL_CITIES,ROAD,10,6.0
10385,4,1,171,5,1,60.0,0,N,MELB_URBAN,DRIVE,10,11.0
10386,1,1,110,1,1,60.0,0,I,MELB_URBAN,ROAD,10,10.0
10387,7,1,99,5,1,50.0,0,N,MELB_URBAN,AVENUE,10,12.0
10388,1,1,160,5,1,60.0,0,N,MELB_URBAN,ROAD,10,12.0
10389,1,1,120,5,1,100.0,0,N,RURAL_VICTORIA,ROAD,10,12.0
10390,1,6,99,2,1,60.0,0,I,MELB_URBAN,ROAD,10,14.0
10391,1,7,120,5,1,60.0,0,N,MELB_URBAN,BOULEVARD,10,15.0
10392,1,1,121,1,1,50.0,0,I,MELB_URBAN,DRIVE,10,14.0
10393,1,1,113,2,1,60.0,0,I,MELB_URBAN,STREET,10,15.0
10394,4,7,171,5,1,100.0,0,N,TOWNS,HIGHWAY,10,15.0
10395,4,3,171,2,1,50.0,0,I,MELB_URBAN,STREET,7,13.0
10396,4,0,173,2,3,80.0,0,I,MELB_URBAN,HIGHWAY,10,3.0
10397,1,1,120,2,1,100.0,0,I,RURAL_VICTORIA,HIGHWAY,10,13.0
10398,2,1,102,1,1,60.0,0,I,MELB_URBAN,ROAD,10,15.0
10399,1,1,110,1,1,70.0,0,I,SMALL_CITIES,ROAD,10,16.0
10400,1,1,113,2,1,60.0,0,I,MELB_URBAN,ROAD,10,9.0
10401,1,1,130,5,1,80.0,0,N,MELB_URBAN,ROAD,10,17.0
10402,4,7,173,5,1,60.0,0,N,MELB_URBAN,ROAD,8,16.0
10403,1,1,99,2,1,60.0,0,I,MELB_URBAN,ROAD,10,16.0
10404,4,3,171,5,1,50.0,0,N,LARGE_PROVINCIAL_CITIES,STREET,7,11.0
10405,1,0,120,5,1,100.0,0,N,RURAL_VICTORIA,HIGHWAY,10,15.0
10406,1,1,130,5,1,60.0,0,N,MELB_URBAN,ROAD,10,16.0
10407,1,1,120,5,1,60.0,0,N,MELB_URBAN,STREET,10,15.0
10408,1,1,121,2,2,60.0,0,N,MELB_URBAN,STREET,10,19.0
10409,4,1,173,2,1,50.0,0,I,MELB_URBAN,DRIVE,10,16.0
10410,1,1,99,5,1,50.0,0,N,MELB_URBAN,DRIVE,10,18.0
10411,1,1,121,1,3,60.0,0,I,MELB_URBAN,ROAD,10,21.0
10412,8,1,99,5,5,90.0,0,N,RURAL_VICTORIA,ROAD,10,6.0
10413,4,2,173,5,6,50.0,0,N,LARGE_PROVINCIAL_CITIES,STREET,10,4.0
10414,4,2,173,5,2,80.0,0,N,MELB_URBAN,UNKNOWN,10,6.0
10415,1,1,111,2,3,80.0,0,I,MELB_URBAN,ROAD,10,3.0
10416,1,2,130,1,3,60.0,0,I,MELB_URBAN,HIGHWAY,10,0.0
10417,4,1,171,9,1,110.0,0,N,RURAL_VICTORIA,FREEWAY,10,15.0
10418,1,3,130,5,2,60.0,0,N,MELB_URBAN,ROAD,9,18.0
10419,1,2,121,1,1,60.0,0,I,MELB_URBAN,ROAD,10,7.0
10420,1,2,130,5,1,60.0,0,N,MELB_URBAN,ROAD,10,9.0
10421,1,2,121,1,1,60.0,0,I,LARGE_PROVINCIAL_CITIES,STREET,10,9.0
10422,1,1,134,5,1,50.0,0,N,SMALL_TOWNS,FREEWAY,10,17.0
10423,1,2,121,1,1,60.0,0,I,MELB_URBAN,STREET,10,10.0
10424,2,7,99,5,1,60.0,0,N,MELB_URBAN,AVENUE,10,11.0
10425,1,1,130,1,1,100.0,0,I,RURAL_VICTORIA,ROAD,10,10.0
10426,4,2,99,2,1,60.0,0,I,RURAL_VICTORIA,ROAD,9,14.0
10427,1,4,99,5,1,60.0,0,N,LARGE_PROVINCIAL_CITIES,STREET,8,12.0
10428,1,6,121,1,3,80.0,0,I,MELB_URBAN,HIGHWAY,10,21.0
10429,1,3,160,2,1,50.0,0,I,MELB_URBAN,STREET,10,8.0
10430,1,3,130,5,1,60.0,0,N,MELB_URBAN,ROAD,10,15.0
10431,1,2,99,5,1,100.0,0,N,RURAL_VICTORIA,ROAD,10,11.0
10432,1,2,121,2,1,60.0,0,I,MELB_URBAN,ROAD,10,13.0
10433,1,2,99,5,1,100.0,0,N,RURAL_VICTORIA,HIGHWAY,10,13.0
10434,1,2,160,5,2,50.0,0,N,MELB_URBAN,STREET,10,7.0
10435,1,2,120,5,1,100.0,0,N,RURAL_VICTORIA,ROAD,10,8.0
10436,1,2,99,1,1,80.0,0,I,MELB_URBAN,ROAD,10,16.0
10437,1,2,130,5,9,80.0,0,N,MELB_URBAN,HIGHWAY,10,16.0
10438,4,5,99,2,2,100.0,0,I,RURAL_VICTORIA,ROAD,10,22.0
10439,2,2,99,1,1,50.0,0,N,MELB_URBAN,ROAD,10,16.0
10440,4,2,171,5,1,100.0,1,N,RURAL_VICTORIA,HIGHWAY,10,12.0
10441,1,2,113,2,1,80.0,0,I,MELB_URBAN,ROAD,10,14.0
10442,2,2,102,2,2,60.0,0,I,SMALL_CITIES,STREET,10,18.0
10443,1,1,130,1,3,80.0,0,I,MELB_URBAN,ROAD,10,20.0
10444,1,2,135,5,1,60.0,0,N,MELB_URBAN,ROAD,10,8.0
10445,1,2,130,5,2,110.0,0,N,RURAL_VICTORIA,OTHER,10,17.0
10446,1,2,130,5,1,100.0,0,N,MELB_URBAN,FREEWAY,10,17.0
10447,1,1,163,2,2,40.0,0,I,MELB_URBAN,STREET,10,18.0
10448,4,2,171,5,1,80.0,0,N,MELB_URBAN,ROAD,10,15.0
10449,1,2,120,5,1,80.0,0,N,SMALL_TOWNS,ROAD,10,17.0
10450,4,2,171,5,2,100.0,0,N,RURAL_VICTORIA,OTHER,10,19.0
10451,1,2,99,1,1,80.0,0,I,MELB_URBAN,HIGHWAY,10,14.0
10452,2,2,99,5,3,50.0,0,N,MELB_URBAN,BOULEVARD,10,20.0
10453,1,2,130,5,2,100.0,0,N,MELB_URBAN,HIGHWAY,10,5.0
10454,1,2,140,2,3,60.0,0,I,MELB_URBAN,AVENUE,10,23.0
10455,1,3,130,5,2,60.0,0,N,MELB_URBAN,ROAD,10,7.0
10456,4,4,171,5,2,80.0,0,N,MELB_URBAN,RAMP,9,19.0
10457,1,3,116,1,3,70.0,0,I,MELB_URBAN,ROAD,10,4.0
10458,1,3,99,1,1,50.0,0,I,MELBOURNE_CBD,STREET,10,8.0
10459,1,3,121,2,1,70.0,0,I,MELB_URBAN,ROAD,10,8.0
10460,1,3,130,5,1,70.0,0,N,MELB_URBAN,ROAD,10,8.0
10461,8,3,174,5,1,100.0,0,N,RURAL_VICTORIA,ROAD,10,9.0
10462,1,3,130,5,1,60.0,0,N,MELB_URBAN,STREET,10,7.0
10463,1,3,110,1,1,70.0,1,I,MELB_URBAN,BOULEVARD,10,10.0
10464,1,3,130,2,1,60.0,0,N,MELB_URBAN,STREET,10,9.0
10465,1,3,134,5,1,60.0,0,N,MELB_URBAN,PARADE,10,10.0
10466,1,3,121,2,1,40.0,0,I,MELB_URBAN,STREET,10,8.0
10467,2,7,99,2,1,70.0,0,I,MELB_URBAN,ROAD,10,11.0
10468,1,3,110,1,1,60.0,0,I,MELB_URBAN,ROAD,10,10.0
10469,3,2,167,5,5,100.0,0,N,RURAL_VICTORIA,ROAD,10,21.0
10470,1,3,110,1,1,60.0,0,I,MELB_URBAN,AVENUE,10,9.0
10471,1,3,113,2,2,60.0,0,I,MELB_URBAN,ROAD,10,7.0
10472,1,6,130,2,1,70.0,0,N,SMALL_CITIES,PARADE,9,13.0
10473,8,2,174,2,1,80.0,0,I,RURAL_VICTORIA,ROAD,10,8.0
10474,4,3,171,5,1,100.0,0,N,RURAL_VICTORIA,ROAD,10,13.0
10475,1,3,130,5,1,60.0,0,N,MELB_URBAN,ROAD,10,8.0
10476,1,3,130,5,1,60.0,0,N,MELB_URBAN,ROAD,10,15.0
10477,7,5,99,5,1,50.0,0,N,MELB_URBAN,BOULEVARD,10,19.0
10478,1,3,120,2,1,50.0,0,I,MELB_URBAN,DRIVE,10,11.0
10479,1,3,130,5,1,80.0,0,N,MELB_URBAN,ROAD,10,15.0
10480,2,3,100,5,1,60.0,0,N,LARGE_PROVINCIAL_CITIES,STREET,10,17.0
10481,1,3,120,5,1,40.0,0,N,MELB_URBAN,STREET,10,16.0
10482,1,2,130,1,1,80.0,0,I,MELB_URBAN,ROAD,10,15.0
10483,1,3,110,1,1,70.0,0,I,MELB_URBAN,STREET,10,13.0
10484,1,3,121,1,1,60.0,0,I,LARGE_PROVINCIAL_CITIES,ROAD,10,16.0
10485,1,3,133,1,1,60.0,0,I,LARGE_PROVINCIAL_CITIES,STREET,10,16.0
10486,1,3,120,5,1,60.0,0,N,TOWNS,ROAD,10,15.0
10487,1,3,110,1,3,80.0,0,N,MELB_URBAN,HIGHWAY,10,20.0
10488,1,3,121,2,2,60.0,0,I,MELB_URBAN,ROAD,10,17.0
10489,1,3,130,5,3,100.0,0,N,MELB_URBAN,UNKNOWN,10,23.0
10490,4,3,173,5,5,100.0,0,N,LARGE_PROVINCIAL_CITIES,ROAD,10,1.0
10491,1,4,130,5,5,100.0,0,N,MELB_URBAN,ROAD,10,2.0
10492,4,3,171,1,5,100.0,0,I,RURAL_VICTORIA,ROAD,10,21.0
10493,1,3,130,2,1,60.0,0,I,MELB_URBAN,DRIVE,10,15.0
10494,1,4,120,5,2,60.0,0,N,MELB_URBAN,ROAD,10,6.0
10495,1,4,171,2,1,70.0,0,I,MELB_URBAN,ROAD,10,7.0
10496,1,4,130,5,1,40.0,0,N,SMALL_CITIES,STREET,10,9.0
10497,1,4,140,1,1,60.0,0,I,MELB_URBAN,STREET,10,8.0
10498,4,4,171,5,1,80.0,0,N,MELB_URBAN,RAMP,10,9.0
10499,8,4,174,2,1,60.0,0,I,MELB_URBAN,STREET,10,11.0
10500,1,3,147,5,2,60.0,0,N,MELB_URBAN,STREET,10,19.0
10501,1,4,130,5,1,60.0,0,N,MELB_URBAN,ROAD,10,9.0
10502,2,4,100,1,1,50.0,0,I,MELB_URBAN,ROAD,10,11.0
10503,8,7,174,1,3,60.0,0,I,MELB_URBAN,ROAD,9,19.0
10504,8,3,174,5,1,40.0,0,N,MELB_URBAN,STREET,5,12.0
10505,4,4,99,5,1,60.0,0,N,MELB_URBAN,STREET,10,11.0
10506,4,1,181,5,2,100.0,0,N,RURAL_VICTORIA,ROAD,10,17.0
10507,1,3,130,4,1,50.0,0,I,SMALL_CITIES,ROAD,10,9.0
10508,4,4,181,5,1,100.0,0,N,RURAL_VICTORIA,ROAD,10,12.0
10509,1,5,120,5,1,50.0,0,N,MELB_URBAN,STREET,8,15.0
10510,1,5,133,5,1,100.0,0,N,MELB_URBAN,FREEWAY,10,9.0
10511,7,1,99,2,3,60.0,0,I,LARGE_PROVINCIAL_CITIES,STREET,7,18.0
10512,2,1,99,1,5,50.0,0,UNKNOWN,UNKNOWN,UNKNOWN,10,0.0
10513,4,3,181,5,1,100.0,0,N,RURAL_VICTORIA,ROAD,10,14.0
10514,6,4,174,2,1,40.0,0,I,MELB_URBAN,STREET,10,14.0
10515,2,4,100,1,1,50.0,0,I,MELB_URBAN,STREET,10,15.0
10516,1,4,121,2,1,70.0,0,I,LARGE_PROVINCIAL_CITIES,STREET,10,15.0
10517,1,4,113,2,1,60.0,0,I,MELB_URBAN,ROAD,10,15.0
10518,1,4,113,2,1,70.0,0,I,MELB_URBAN,ROAD,10,16.0
10519,1,4,130,5,1,60.0,0,N,MELB_URBAN,ROAD,10,17.0
10520,4,4,181,5,1,100.0,0,N,RURAL_VICTORIA,HIGHWAY,10,18.0
10521,8,4,174,1,1,80.0,0,I,RURAL_VICTORIA,ROAD,10,19.0
10522,1,4,121,1,2,60.0,0,I,MELB_URBAN,ROAD,10,19.0
10523,4,4,181,5,1,50.0,0,N,SMALL_CITIES,AVENUE,10,18.0
10524,4,4,173,5,2,100.0,0,N,RURAL_VICTORIA,ROAD,10,19.0
10525,2,4,99,5,1,60.0,0,N,TOWNS,ROAD,10,16.0
10526,2,4,102,5,3,60.0,0,N,MELB_URBAN,STREET,10,20.0
10527,1,4,110,1,2,50.0,0,I,MELB_URBAN,STREET,10,18.0
10528,1,4,121,1,1,50.0,0,I,MELBOURNE_CBD,STREET,10,19.0
10529,1,3,163,5,3,60.0,0,N,MELB_URBAN,ROAD,9,18.0
10530,1,4,130,1,1,70.0,0,I,MELB_URBAN,ROAD,10,18.0
10531,2,4,100,5,3,50.0,0,N,TOWNS,STREET,10,21.0