,accident_type,day_of_week,dca_code,road_geometry,light_condition,speed_zone,severity,node_type,deg_urban_name,road_type,month,hour
10532,4,5,171,4,3,60.0,0,I,MELB_URBAN,ROAD,10,5.0
10533,1,5,130,5,1,80.0,0,N,MELB_URBAN,FREEWAY,10,8.0
10534,1,6,99,4,1,60.0,0,I,LARGE_PROVINCIAL_CITIES,ROAD,3,8.0
10535,1,5,110,1,1,50.0,0,I,SMALL_CITIES,STREET,10,9.0
10536,1,5,147,5,1,60.0,0,N,TOWNS,ROAD,10,9.0
10537,1,5,163,5,1,50.0,0,N,MELB_URBAN,STREET,10,9.0
10538,1,5,110,1,1,50.0,0,I,TOWNS,STREET,10,10.0
10539,1,3,134,5,1,50.0,0,N,MELB_URBAN,DRIVE,10,15.0
10540,4,5,173,1,1,50.0,1,I,MELB_URBAN,STREET,10,11.0
10541,2,5,102,5,1,60.0,0,N,MELB_URBAN,ROAD,10,11.0
10542,4,1,171,2,1,60.0,0,I,TOWNS,ROAD,10,13.0
10543,1,5,120,5,1,100.0,0,N,RURAL_VICTORIA,ROAD,10,12.0
10544,1,5,147,2,1,60.0,0,I,MELB_URBAN,ROAD,10,14.0
10545,8,4,174,5,3,60.0,0,N,MELB_URBAN,OTHER,10,6.0
10546,6,5,174,2,2,50.0,0,I,MELB_URBAN,STREET,10,16.0
10547,8,5,170,5,1,100.0,0,N,RURAL_VICTORIA,ROAD,10,11.0
10548,1,5,110,1,1,50.0,0,I,MELB_URBAN,STREET,10,15.0
10549,1,3,121,4,1,60.0,0,I,MELB_URBAN,STREET,10,13.0
10550,1,3,130,1,1,60.0,0,I,MELB_URBAN,HIGHWAY,9,8.0
10551,1,5,120,5,1,80.0,0,N,RURAL_VICTORIA,ROAD,10,15.0
10552,4,5,171,5,1,110.0,0,N,RURAL_VICTORIA,FREEWAY,10,16.0
10553,2,5,102,2,1,60.0,0,I,MELB_URBAN,ROAD,10,16.0
10554,1,5,130,1,1,60.0,0,I,MELB_URBAN,STREET,10,18.0
10555,1,3,113,2,1,60.0,0,I,MELB_URBAN,DRIVE,5,6.0
10556,1,5,120,5,1,100.0,0,N,MELB_URBAN,ROAD,10,16.0
10557,1,5,130,2,1,70.0,0,I,MELB_URBAN,ROAD,10,18.0
10558,6,2,99,5,1,100.0,0,N,RURAL_VICTORIA,ROAD,10,13.0
10559,4,4,173,5,5,60.0,0,N,RURAL_VICTORIA,ROAD,10,2.0
10560,1,6,133,2,1,60.0,0,N,MELB_URBAN,STREET,10,8.0
10561,1,6,121,5,1,70.0,0,N,MELB_URBAN,ROAD,10,7.0
10562,1,6,130,1,1,70.0,0,I,TOWNS,HIGHWAY,10,8.0
10563,1,5,147,2,1,50.0,0,I,MELB_URBAN,ROAD,10,14.0
10564,2,6,102,5,1,60.0,0,N,MELB_URBAN,ROAD,10,11.0
10565,8,3,174,1,1,50.0,0,I,MELB_URBAN,ROAD,9,17.0
10566,1,6,113,2,1,60.0,0,I,MELB_URBAN,ROAD,10,10.0
10567,2,6,102,2,1,60.0,0,I,MELB_URBAN,DRIVE,10,13.0
10568,1,6,120,5,1,100.0,0,N,RURAL_VICTORIA,ROAD,10,10.0
10569,8,4,170,5,1,60.0,0,N,MELB_URBAN,ROAD,10,16.0
10570,1,6,121,1,1,80.0,0,I,MELB_URBAN,ROAD,10,11.0
10571,4,6,181,2,1,100.0,0,I,RURAL_VICTORIA,ROAD,10,10.0
10572,5,6,99,5,1,80.0,0,N,SMALL_CITIES,STREET,10,12.0
10573,1,6,116,1,1,60.0,0,I,LARGE_PROVINCIAL_CITIES,ROAD,10,13.0
10574,1,6,99,2,1,80.0,0,I,RURAL_VICTORIA,ROAD,10,14.0
10575,1,6,99,1,9,60.0,0,I,MELB_URBAN,STREET,10,16.0
10576,4,6,171,5,1,60.0,0,N,SMALL_CITIES,OTHER,10,14.0
10577,1,6,113,2,1,100.0,1,I,RURAL_VICTORIA,ROAD,10,13.0
10578,1,6,99,5,1,60.0,0,N,MELB_URBAN,ROAD,10,7.0
10579,1,6,120,1,1,70.0,0,I,MELB_URBAN,ROAD,10,14.0
10580,4,6,171,2,1,50.0,0,I,MELB_URBAN,AVENUE,10,16.0
10581,1,6,99,1,1,50.0,0,I,SMALL_CITIES,STREET,10,18.0
10582,1,6,147,5,1,80.0,0,N,RURAL_VICTORIA,ROAD,10,15.0
10583,1,6,130,5,1,80.0,0,N,MELB_URBAN,ROAD,10,16.0
10584,1,6,110,1,1,100.0,0,I,RURAL_VICTORIA,HIGHWAY,10,16.0
10585,1,6,135,5,1,100.0,0,N,MELB_URBAN,UNKNOWN,10,16.0
10586,1,6,140,5,1,50.0,0,N,MELB_URBAN,STREET,10,17.0
10587,4,6,173,2,2,50.0,0,I,MELB_URBAN,ROAD,10,19.0
10588,4,6,173,5,1,80.0,0,N,RURAL_VICTORIA,ROAD,10,17.0
10589,1,6,120,5,1,60.0,0,N,MELB_URBAN,DRIVE,10,17.0
10590,1,6,160,2,3,60.0,0,I,MELB_URBAN,STREET,10,21.0
10591,1,6,110,1,1,80.0,0,I,MELB_URBAN,HIGHWAY,10,6.0
10592,4,6,173,5,5,80.0,0,N,RURAL_VICTORIA,ROAD,10,1.0
10593,1,6,120,5,3,80.0,0,N,MELB_URBAN,ROAD,10,20.0
10594,4,6,171,5,5,70.0,0,N,RURAL_VICTORIA,ROAD,10,22.0
10595,4,6,181,5,5,100.0,1,N,RURAL_VICTORIA,ROAD,10,19.0
10596,1,7,121,4,3,60.0,0,I,MELB_URBAN,ROAD,10,0.0
10597,4,7,183,5,5,100.0,0,N,RURAL_VICTORIA,ROAD,10,2.0
10598,2,6,99,5,1,60.0,0,N,MELB_URBAN,ROAD,10,12.0
10599,2,7,99,5,3,70.0,1,N,MELB_URBAN,ROAD,10,3.0
10600,4,7,183,5,1,60.0,0,N,MELB_URBAN,ROAD,10,6.0
10601,1,7,120,5,1,60.0,0,N,MELB_URBAN,ROAD,10,7.0
10602,4,7,171,5,5,100.0,0,N,RURAL_VICTORIA,ROAD,10,3.0
10603,1,6,130,5,1,80.0,0,N,MELB_URBAN,ROAD,8,16.0
10604,4,7,173,5,1,100.0,0,N,RURAL_VICTORIA,ROAD,10,10.0
10605,8,7,170,2,1,50.0,0,I,RURAL_VICTORIA,AVENUE,10,11.0
10606,1,7,130,1,1,50.0,0,I,MELB_URBAN,STREET,10,11.0
10607,1,7,121,5,1,60.0,0,N,MELB_URBAN,HIGHWAY,10,10.0
10608,8,7,174,5,1,40.0,0,N,MELB_URBAN,STREET,10,12.0
10609,4,7,171,2,1,50.0,0,I,MELB_URBAN,AVENUE,10,10.0
10610,1,7,130,5,1,60.0,0,N,MELB_URBAN,RAMP,10,12.0
10611,1,6,130,5,1,60.0,0,N,LARGE_PROVINCIAL_CITIES,STREET,10,15.0
10612,1,7,113,2,1,60.0,0,I,RURAL_VICTORIA,AVENUE,10,14.0
10613,1,7,99,2,1,70.0,0,I,MELB_URBAN,ROAD,10,13.0
10614,6,7,99,5,1,100.0,0,N,RURAL_VICTORIA,ROAD,10,12.0
10615,1,7,121,1,1,50.0,0,I,MELBOURNE_CBD,STREET,10,15.0
10616,1,7,130,2,1,60.0,0,I,MELB_URBAN,STREET,10,15.0
10617,1,7,121,4,1,80.0,0,I,MELB_URBAN,FREEWAY,10,16.0
10618,1,7,110,1,1,100.0,0,I,RURAL_VICTORIA,ROAD,10,16.0
10619,1,5,121,1,1,40.0,0,I,MELB_URBAN,STREET,10,8.0
10620,1,7,99,2,1,100.0,0,I,RURAL_VICTORIA,ROAD,10,15.0
10621,1,7,140,5,1,60.0,0,N,MELB_URBAN,ROAD,10,15.0
10622,1,7,110,1,1,90.0,0,I,TOWNS,HIGHWAY,10,17.0
10623,6,7,99,5,1,50.0,0,N,SMALL_CITIES,OTHER,10,18.0
10624,1,7,132,2,1,60.0,0,I,MELB_URBAN,AVENUE,10,18.0
10625,1,7,99,2,1,60.0,0,I,SMALL_TOWNS,ROAD,10,18.0
10626,2,6,102,5,3,50.0,0,N,MELB_URBAN,ROAD,10,23.0
10627,1,7,130,2,1,70.0,0,I,MELB_URBAN,ROAD,10,17.0
10628,4,7,183,5,1,90.0,1,N,RURAL_VICTORIA,ROAD,10,16.0
10629,1,4,130,5,5,100.0,0,N,MELB_URBAN,ROAD,5,18.0
10630,1,7,110,1,3,60.0,0,I,MELB_URBAN,OTHER,10,23.0
10631,1,7,121,4,3,60.0,0,I,MELB_URBAN,RAMP,10,22.0
10632,1,6,110,4,3,60.0,0,I,MELB_URBAN,ROAD,10,23.0
10633,1,0,160,5,4,70.0,0,N,MELB_URBAN,ROAD,10,0.0
10634,4,1,173,5,5,110.0,0,N,RURAL_VICTORIA,FREEWAY,10,3.0
10635,6,7,174,5,1,100.0,0,N,RURAL_VICTORIA,HIGHWAY,10,15.0
10636,4,1,173,2,3,60.0,1,I,MELB_URBAN,OTHER,10,0.0
10637,1,1,130,5,1,80.0,0,N,MELB_URBAN,ROAD,10,8.0
10638,1,1,99,1,3,60.0,0,I,MELB_URBAN,ROAD,10,5.0
10639,1,7,121,1,1,50.0,0,I,TOWNS,STREET,10,13.0
10640,1,1,121,2,1,60.0,0,I,SMALL_CITIES,STREET,10,8.0
10641,6,1,99,5,1,100.0,0,N,RURAL_VICTORIA,HIGHWAY,10,8.0
10642,8,4,174,5,1,60.0,0,N,MELB_URBAN,ROAD,9,14.0
10643,1,1,121,2,1,100.0,0,N,RURAL_VICTORIA,ROAD,10,8.0
10644,4,1,173,5,5,110.0,0,N,RURAL_VICTORIA,FREEWAY,10,3.0
10645,1,1,120,5,1,100.0,0,UNKNOWN,UNKNOWN,UNKNOWN,10,10.0
10646,1,7,135,5,1,100.0,0,N,MELB_URBAN,FREEWAY,10,11.0
10647,4,7,181,5,5,60.0,0,N,RURAL_VICTORIA,HIGHWAY,10,22.0
10648,1,1,120,5,1,60.0,0,N,RURAL_VICTORIA,ROAD,10,14.0
10649,4,1,171,5,5,80.0,0,N,MELB_URBAN,ROAD,10,1.0
10650,1,1,99,1,1,100.0,0,I,RURAL_VICTORIA,ROAD,10,12.0
10651,1,4,147,5,3,70.0,0,N,MELB_URBAN,ROAD,6,19.0
10652,1,1,121,4,1,60.0,0,I,MELB_URBAN,ROAD,10,14.0
10653,1,1,121,2,1,70.0,0,I,MELB_URBAN,ROAD,10,15.0
10654,1,1,132,1,1,60.0,0,I,MELB_URBAN,STREET,10,17.0
10655,1,1,130,1,1,80.0,0,I,MELB_URBAN,ROAD,10,15.0
10656,8,0,184,5,2,80.0,0,N,RURAL_VICTORIA,HIGHWAY,10,17.0
10657,1,1,121,5,1,60.0,0,N,MELB_URBAN,ROAD,10,13.0
10658,6,1,174,5,1,60.0,1,N,RURAL_VICTORIA,ROAD,10,18.0
10659,1,1,132,2,1,60.0,0,I,MELB_URBAN,AVENUE,10,11.0
10660,8,1,99,5,1,60.0,0,N,RURAL_VICTORIA,OTHER,10,15.0
10661,1,1,99,5,3,40.0,0,N,MELB_URBAN,ROAD,10,21.0
10662,1,1,140,5,3,60.0,0,N,MELB_URBAN,DRIVE,10,20.0
10663,1,1,110,1,6,60.0,0,I,MELB_URBAN,PARADE,10,21.0
10664,8,1,174,1,3,60.0,0,I,MELB_URBAN,ROAD,10,21.0
10665,1,1,130,4,3,60.0,0,I,MELB_URBAN,UNKNOWN,10,1.0
10666,2,3,100,2,2,50.0,0,I,MELB_URBAN,STREET,10,17.0
10667,1,2,130,5,1,80.0,0,N,MELB_URBAN,ROAD,10,6.0
10668,1,2,121,2,1,40.0,0,I,MELB_URBAN,HIGHWAY,10,8.0
10669,1,4,132,1,1,60.0,0,I,TOWNS,STREET,10,13.0
10670,1,2,130,5,1,80.0,0,N,MELB_URBAN,HIGHWAY,10,9.0
10671,1,4,110,1,1,60.0,0,I,TOWNS,STREET,10,9.0
10672,2,2,102,1,1,50.0,0,I,MELBOURNE_CBD,STREET,10,11.0
10673,8,7,170,5,3,100.0,0,N,MELB_URBAN,FREEWAY,8,22.0
10674,1,2,99,1,1,70.0,0,I,RURAL_VICTORIA,ROAD,10,9.0
10675,1,2,160,5,1,50.0,0,N,TOWNS,STREET,10,11.0
10676,1,2,120,5,3,40.0,1,N,MELB_URBAN,ROAD,10,5.0
10677,1,5,99,1,2,40.0,0,I,MELB_URBAN,STREET,10,18.0
10678,1,6,99,1,9,50.0,0,I,SMALL_CITIES,ROAD,2,10.0
10679,1,6,113,2,1,80.0,0,I,MELB_URBAN,ROAD,9,13.0
10680,1,2,116,2,1,50.0,0,I,LARGE_PROVINCIAL_CITIES,STREET,10,12.0
10681,1,2,132,1,1,60.0,0,I,LARGE_PROVINCIAL_CITIES,STREET,10,12.0
10682,1,7,111,2,1,50.0,0,I,TOWNS,ROAD,10,9.0
10683,1,4,147,2,1,60.0,0,I,TOWNS,HIGHWAY,10,8.0
10684,1,2,147,2,1,50.0,0,I,MELB_URBAN,STREET,10,9.0
10685,8,4,99,5,1,50.0,0,N,LARGE_PROVINCIAL_CITIES,OTHER,10,14.0
10686,1,2,113,2,1,100.0,0,I,RURAL_VICTORIA,ROAD,10,15.0
10687,1,1,116,2,3,80.0,0,I,MELB_URBAN,STREET,10,21.0
10688,4,2,171,5,1,60.0,0,N,MELB_URBAN,STREET,10,15.0
10689,4,1,171,5,1,100.0,0,N,RURAL_VICTORIA,ROAD,10,10.0
10690,2,1,99,1,1,50.0,0,I,MELB_URBAN,ROAD,10,11.0
10691,4,3,171,5,5,100.0,0,N,RURAL_VICTORIA,ROAD,8,1.0
10692,1,2,135,5,1,60.0,0,N,MELB_URBAN,ROAD,10,15.0
10693,1,2,132,1,1,100.0,0,I,RURAL_VICTORIA,HIGHWAY,10,16.0
10694,1,3,99,2,1,80.0,0,I,MELB_URBAN,ROAD,10,15.0
10695,1,2,121,2,1,70.0,1,I,MELB_URBAN,ROAD,10,16.0
10696,4,1,181,5,5,100.0,1,N,RURAL_VICTORIA,HIGHWAY,10,22.0
10697,4,3,173,2,3,60.0,0,I,LARGE_PROVINCIAL_CITIES,OTHER,10,0.0
10698,2,6,102,2,1,50.0,0,I,LARGE_PROVINCIAL_CITIES,STREET,10,15.0
10699,1,3,110,1,2,50.0,0,I,TOWNS,STREET,10,5.0
10700,7,3,174,5,1,50.0,0,N,MELB_URBAN,STREET,10,7.0
10701,2,3,102,2,1,60.0,0,I,MELB_URBAN,ROAD,10,8.0
10702,1,3,110,1,1,70.0,0,I,MELB_URBAN,ROAD,10,8.0
10703,1,6,160,5,3,50.0,0,N,MELB_URBAN,ROAD,10,23.0
10704,1,3,121,1,1,70.0,0,I,MELB_URBAN,ROAD,10,9.0
10705,2,3,99,5,1,60.0,0,N,MELB_URBAN,ROAD,10,10.0
10706,1,3,130,5,1,100.0,0,N,MELB_URBAN,FREEWAY,10,7.0
10707,4,3,171,5,1,50.0,0,N,MELB_URBAN,STREET,10,9.0
10708,1,3,135,5,1,100.0,0,N,MELB_URBAN,FREEWAY,10,10.0
10709,1,3,130,5,1,100.0,0,N,MELB_URBAN,FREEWAY,10,8.0
10710,1,3,134,5,2,100.0,0,N,MELB_URBAN,FREEWAY,10,7.0
10711,6,3,184,2,1,60.0,0,I,RURAL_VICTORIA,ROAD,9,16.0
10712,2,3,102,1,1,60.0,0,I,MELB_URBAN,ROAD,10,12.0
10713,1,3,120,5,1,60.0,0,N,MELB_URBAN,ROAD,10,7.0
10714,4,3,173,5,1,70.0,0,N,MELB_URBAN,HIGHWAY,10,14.0
10715,1,3,99,5,3,40.0,0,N,MELB_URBAN,ROAD,10,18.0
10716,1,3,160,5,1,50.0,0,N,MELB_URBAN,STREET,10,14.0
10717,1,3,113,2,1,70.0,0,I,LARGE_PROVINCIAL_CITIES,ROAD,10,15.0
10718,1,3,121,2,1,50.0,1,I,MELB_URBAN,AVENUE,10,13.0
10719,1,1,99,5,1,60.0,0,N,MELB_URBAN,HIGHWAY,10,13.0
10720,1,6,99,1,2,60.0,0,I,MELB_URBAN,ROAD,10,17.0
10721,4,3,171,2,3,50.0,0,I,MELB_URBAN,AVENUE,10,19.0
10722,1,3,99,2,1,100.0,0,I,RURAL_VICTORIA,ROAD,10,15.0
10723,1,3,113,2,3,50.0,0,I,MELB_URBAN,ROAD,10,20.0
10724,2,6,100,2,1,50.0,0,N,TOWNS,ROAD,10,12.0
10725,1,3,121,1,9,60.0,0,I,MELB_URBAN,STREET,10,15.0
10726,4,3,173,5,3,50.0,0,N,MELB_URBAN,DRIVE,10,22.0
10727,1,3,121,2,1,50.0,0,I,MELB_URBAN,STREET,10,7.0
10728,1,4,99,2,3,70.0,0,I,MELB_URBAN,ROAD,10,0.0
10729,1,6,130,2,1,60.0,0,I,MELB_URBAN,ROAD,9,13.0
10730,4,3,183,5,5,100.0,0,N,RURAL_VICTORIA,HIGHWAY,10,20.0
10731,1,6,133,2,2,60.0,0,N,MELB_URBAN,OTHER,7,18.0
10732,1,4,134,5,1,80.0,0,N,MELB_URBAN,HIGHWAY,10,8.0
10733,1,1,130,5,1,60.0,0,N,MELB_URBAN,FREEWAY,10,13.0
10734,4,6,173,5,2,100.0,0,N,MELB_URBAN,ROAD,5,6.0
10735,1,4,160,5,1,50.0,0,N,MELB_URBAN,DRIVE,10,8.0
10736,1,4,121,1,1,50.0,0,I,MELB_URBAN,ROAD,10,12.0
10737,1,4,99,2,1,40.0,0,I,MELB_URBAN,ROAD,10,9.0
10738,6,4,174,5,1,110.0,0,N,RURAL_VICTORIA,FREEWAY,10,12.0
10739,6,4,99,5,1,100.0,0,N,RURAL_VICTORIA,ROAD,10,10.0
10740,4,3,99,5,1,50.0,0,N,LARGE_PROVINCIAL_CITIES,DRIVE,10,18.0
10741,1,4,110,1,1,100.0,0,I,RURAL_VICTORIA,ROAD,10,12.0
10742,1,4,130,5,1,100.0,0,N,MELB_URBAN,FREEWAY,10,7.0
10743,1,4,130,2,1,60.0,0,I,MELB_URBAN,STREET,10,13.0
10744,1,4,99,5,1,40.0,0,N,TOWNS,STREET,10,16.0
10745,2,4,102,1,1,60.0,0,I,MELB_URBAN,STREET,10,14.0
10746,4,1,171,5,1,110.0,0,N,RURAL_VICTORIA,FREEWAY,10,18.0
10747,1,4,99,1,1,50.0,0,I,MELB_URBAN,STREET,10,16.0
10748,1,4,132,1,1,50.0,0,I,TOWNS,ROAD,10,16.0
10749,1,7,99,5,5,50.0,0,N,SMALL_CITIES,STREET,8,19.0
10750,6,1,170,5,6,50.0,0,N,RURAL_VICTORIA,ROAD,8,22.0
10751,1,4,147,5,1,60.0,0,N,MELB_URBAN,HIGHWAY,10,19.0
10752,1,4,120,5,1,100.0,0,N,RURAL_VICTORIA,HIGHWAY,10,15.0
10753,1,4,134,5,2,60.0,0,N,MELB_URBAN,ROAD,10,6.0
10754,8,4,99,5,2,80.0,0,UNKNOWN,UNKNOWN,UNKNOWN,10,19.0
10755,2,4,100,5,3,80.0,0,N,MELB_URBAN,HIGHWAY,10,20.0
10756,2,4,100,1,1,60.0,0,I,MELB_URBAN,ROAD,10,17.0
10757,1,4,130,5,1,80.0,0,N,MELB_URBAN,ROAD,8,8.0
10758,4,5,171,5,3,70.0,0,N,MELB_URBAN,ROAD,10,0.0
10759,4,5,171,2,3,80.0,0,I,MELB_URBAN,HIGHWAY,10,0.0
10760,1,4,121,2,1,60.0,0,I,MELB_URBAN,STREET,9,17.0
10761,2,5,100,5,1,60.0,0,N,MELB_URBAN,ROAD,10,6.0
10762,1,4,130,5,1,80.0,0,N,MELB_URBAN,HIGHWAY,10,13.0
10763,1,7,121,1,3,50.0,0,I,MELBOURNE_CBD,STREET,10,20.0
10764,1,4,116,2,1,70.0,0,I,MELB_URBAN,ROAD,10,14.0
10765,1,5,130,5,1,80.0,0,N,MELB_URBAN,HIGHWAY,10,8.0
10766,1,5,130,5,1,100.0,0,N,RURAL_VICTORIA,FREEWAY,10,6.0
10767,2,4,102,2,3,60.0,0,I,MELB_URBAN,STREET,10,22.0
10768,1,4,121,2,3,60.0,0,I,MELB_URBAN,ROAD,10,21.0
10769,6,5,99,5,1,100.0,0,N,RURAL_VICTORIA,ROAD,10,7.0
10770,6,5,174,2,9,60.0,0,I,MELB_URBAN,ROAD,2,17.0
10771,1,5,140,5,1,60.0,0,N,MELB_URBAN,STREET,10,12.0
10772,1,2,121,2,1,60.0,0,I,MELB_URBAN,STREET,9,14.0
10773,1,5,130,1,1,70.0,0,I,MELB_URBAN,ROAD,10,11.0
10774,1,5,130,5,1,50.0,0,N,SMALL_CITIES,HIGHWAY,10,8.0
10775,1,5,130,5,1,80.0,0,N,MELB_URBAN,HIGHWAY,10,14.0
10776,4,5,171,2,1,100.0,0,I,RURAL_VICTORIA,ROAD,10,14.0
10777,6,5,174,5,1,60.0,0,N,MELB_URBAN,ROAD,9,17.0
10778,1,5,110,1,1,50.0,0,I,MELB_URBAN,PARADE,10,16.0
10779,1,3,163,5,1,50.0,0,N,MELB_URBAN,ROAD,10,8.0
10780,1,5,132,2,1,80.0,0,I,RURAL_VICTORIA,ROAD,10,16.0
10781,1,5,130,5,1,80.0,0,N,RURAL_VICTORIA,HIGHWAY,10,15.0
10782,1,5,130,5,1,80.0,0,N,MELB_URBAN,HIGHWAY,10,17.0
10783,1,5,99,5,1,100.0,0,N,RURAL_VICTORIA,ROAD,10,17.0
10784,1,3,160,1,2,50.0,0,I,MELB_URBAN,DRIVE,10,17.0
10785,1,4,99,2,1,80.0,0,I,MELB_URBAN,ROAD,10,8.0
10786,4,5,171,2,1,70.0,0,I,RURAL_VICTORIA,ROAD,10,17.0
10787,1,5,135,5,1,60.0,0,N,MELB_URBAN,STREET,10,15.0
10788,1,4,121,1,1,60.0,0,I,MELB_URBAN,STREET,10,16.0
10789,1,6,99,2,2,80.0,0,I,MELB_URBAN,ROAD,10,6.0
10790,8,6,99,5,5,100.0,0,N,RURAL_VICTORIA,ROAD,9,21.0
10791,1,6,113,2,1,60.0,0,I,MELB_URBAN,ROAD,10,9.0
10792,1,2,130,1,1,80.0,0,I,MELB_URBAN,ROAD,10,11.0
10793,2,6,99,2,1,60.0,0,N,MELB_URBAN,AVENUE,10,9.0
10794,1,4,130,1,2,80.0,0,N,MELB_URBAN,ROAD,10,17.0
10795,4,6,171,5,1,60.0,0,N,MELB_URBAN,ROAD,10,10.0
10796,1,6,140,5,1,60.0,0,N,LARGE_PROVINCIAL_CITIES,STREET,10,9.0
10797,7,7,99,1,1,60.0,0,I,MELB_URBAN,STREET,10,14.0
10798,1,6,132,2,1,60.0,0,I,MELB_URBAN,ROAD,10,13.0
10799,1,4,116,2,1,70.0,0,I,MELB_URBAN,ROAD,9,11.0
10800,1,6,135,5,9,80.0,0,N,MELB_URBAN,OTHER,10,12.0
10801,2,6,102,2,1,60.0,0,I,MELB_URBAN,ROAD,10,12.0
10802,1,5,130,5,1,70.0,0,N,MELB_URBAN,ROAD,9,10.0
10803,4,6,171,2,1,60.0,0,I,MELB_URBAN,ROAD,10,12.0
10804,8,4,174,1,1,50.0,0,I,MELB_URBAN,ROAD,8,16.0
10805,2,6,99,5,1,50.0,0,N,TOWNS,STREET,10,14.0
10806,8,1,174,5,1,60.0,0,N,RURAL_VICTORIA,OTHER,10,16.0
10807,1,5,133,5,1,60.0,0,N,LARGE_PROVINCIAL_CITIES,STREET,10,17.0
10808,1,6,130,5,1,70.0,0,N,MELB_URBAN,ROAD,10,17.0
10809,1,6,130,2,1,80.0,0,I,MELB_URBAN,HIGHWAY,10,6.0
10810,1,6,113,2,1,60.0,0,I,MELB_URBAN,ROAD,10,17.0
10811,2,6,99,5,1,50.0,0,N,MELB_URBAN,STREET,10,16.0
10812,1,5,113,2,1,60.0,0,I,MELB_URBAN,ROAD,10,15.0
10813,1,6,121,5,1,50.0,0,N,SMALL_CITIES,STREET,10,18.0
10814,4,6,171,2,1,60.0,0,I,MELB_URBAN,ROAD,10,17.0
10815,1,6,111,1,1,50.0,0,I,MELB_URBAN,STREET,10,16.0
10816,2,6,99,2,1,60.0,0,I,MELB_URBAN,ROAD,10,19.0
10817,1,5,113,2,1,60.0,0,I,MELB_URBAN,OTHER,10,8.0
10818,3,6,167,5,1,100.0,0,N,RURAL_VICTORIA,ROAD,10,17.0
10819,1,6,130,1,1,80.0,0,I,MELB_URBAN,ROAD,10,16.0
10820,3,6,167,5,5,100.0,0,N,RURAL_VICTORIA,ROAD,10,21.0
10821,1,6,130,2,1,80.0,0,I,MELB_URBAN,ROAD,10,16.0
10822,1,6,121,2,2,60.0,0,I,SMALL_CITIES,STREET,10,6.0
10823,1,7,140,5,6,40.0,0,N,MELB_URBAN,STREET,10,0.0
10824,2,6,99,5,5,100.0,1,N,RURAL_VICTORIA,ROAD,10,4.0
10825,4,7,173,5,3,50.0,0,N,SMALL_CITIES,STREET,10,1.0
10826,1,7,133,5,1,50.0,0,N,MELB_URBAN,OTHER,10,8.0
10827,6,7,170,5,1,70.0,0,N,MELB_URBAN,ROAD,10,8.0
10828,1,7,99,5,1,50.0,0,N,MELB_URBAN,OTHER,10,8.0
10829,1,7,121,2,1,60.0,0,I,MELB_URBAN,AVENUE,10,10.0
10830,1,5,130,5,1,60.0,0,N,MELB_URBAN,ROAD,10,18.0
10831,1,7,133,5,1,60.0,0,N,TOWNS,ROAD,10,10.0
10832,1,7,121,5,1,80.0,0,N,MELB_URBAN,HIGHWAY,10,12.0
10833,1,7,132,5,1,60.0,0,N,LARGE_PROVINCIAL_CITIES,STREET,10,12.0
10834,1,7,99,1,1,60.0,0,I,LARGE_PROVINCIAL_CITIES,ROAD,10,12.0
10835,1,7,113,4,1,70.0,0,I,RURAL_VICTORIA,ROAD,10,13.0
10836,1,7,121,2,1,80.0,0,I,RURAL_VICTORIA,ROAD,10,14.0
10837,8,7,99,5,1,60.0,0,N,SMALL_CITIES,STREET,10,15.0
10838,8,7,174,2,1,60.0,0,I,MELB_URBAN,ROAD,10,14.0
10839,1,7,113,1,9,50.0,0,I,SMALL_CITIES,STREET,10,3.0
10840,8,7,174,5,1,80.0,0,N,RURAL_VICTORIA,ROAD,10,15.0
10841,8,7,174,5,1,100.0,0,N,RURAL_VICTORIA,ROAD,10,15.0
10842,6,2,174,1,2,60.0,0,I,MELB_URBAN,ROAD,10,18.0
10843,1,6,120,5,1,80.0,0,N,MELB_URBAN,ROAD,10,9.0
10844,4,7,173,2,1,50.0,0,I,MELB_URBAN,STREET,10,15.0
10845,1,7,116,2,1,70.0,0,I,MELB_URBAN,ROAD,10,17.0
10846,1,7,140,2,1,60.0,0,N,MELB_URBAN,AVENUE,10,15.0
10847,1,7,121,1,1,60.0,0,I,MELB_URBAN,ROAD,10,17.0
10848,1,6,110,1,3,50.0,0,I,MELB_URBAN,STREET,10,21.0
10849,4,7,173,5,3,60.0,0,N,MELB_URBAN,ROAD,10,1.0
10850,1,5,130,5,1,80.0,0,N,MELB_URBAN,ROAD,10,10.0
10851,1,7,120,5,1,60.0,0,N,SMALL_CITIES,ROAD,10,19.0
10852,1,6,99,5,1,80.0,0,N,RURAL_VICTORIA,ROAD,10,6.0
10853,6,7,174,1,3,60.0,0,I,MELB_URBAN,ROAD,10,20.0
10854,4,7,173,5,5,80.0,0,N,RURAL_VICTORIA,STREET,10,22.0
10855,4,7,171,3,3,60.0,0,I,SMALL_CITIES,OTHER,10,22.0
10856,2,1,99,5,3,60.0,0,N,MELB_URBAN,UNKNOWN,10,2.0
10857,2,7,99,5,5,100.0,1,N,RURAL_VICTORIA,HIGHWAY,10,22.0
10858,1,1,160,5,3,70.0,0,N,MELB_URBAN,ROAD,10,4.0
10859,1,4,130,2,1,70.0,0,N,RURAL_VICTORIA,ROAD,10,10.0