,accident_type,day_of_week,dca_code,road_geometry,light_condition,speed_zone,severity,node_type,deg_urban_name,road_type,month,hour
10860,1,7,121,5,1,50.0,0,N,MELB_URBAN,DRIVE,10,18.0
10861,4,7,181,5,5,100.0,0,N,RURAL_VICTORIA,ROAD,10,2.0
10862,2,1,99,5,5,80.0,1,N,MELB_URBAN,ROAD,10,3.0
10863,1,1,99,5,1,60.0,0,N,MELB_URBAN,HIGHWAY,10,9.0
10864,1,1,120,5,1,60.0,0,N,MELB_URBAN,STREET,10,9.0
10865,1,7,120,5,1,50.0,0,N,MELB_URBAN,STREET,10,16.0
10866,8,1,174,5,1,80.0,0,N,RURAL_VICTORIA,HIGHWAY,10,10.0
10867,1,1,99,1,1,50.0,0,I,SMALL_CITIES,AVENUE,10,11.0
10868,1,1,110,1,1,60.0,0,I,RURAL_VICTORIA,ROAD,10,10.0
10869,1,0,133,5,1,80.0,0,N,MELB_URBAN,FREEWAY,10,10.0
10870,5,1,99,5,1,100.0,0,N,RURAL_VICTORIA,HIGHWAY,10,11.0
10871,1,1,160,5,1,50.0,0,N,MELB_URBAN,UNKNOWN,10,11.0
10872,8,1,170,5,1,60.0,0,N,MELB_URBAN,ROAD,10,12.0
10873,4,1,171,5,1,100.0,0,N,RURAL_VICTORIA,ROAD,10,12.0
10874,4,1,181,5,1,80.0,0,N,SMALL_TOWNS,ROAD,10,12.0
10875,4,1,173,5,1,100.0,0,N,RURAL_VICTORIA,ROAD,10,8.0
10876,1,1,160,5,5,60.0,0,N,MELB_URBAN,STREET,10,1.0
10877,1,1,99,2,1,70.0,0,I,MELB_URBAN,ROAD,10,13.0
10878,1,7,147,2,1,60.0,0,I,MELB_URBAN,ROAD,10,13.0
10879,4,1,171,1,1,60.0,0,I,MELB_URBAN,STREET,10,12.0
10880,2,6,99,5,6,60.0,0,N,MELB_URBAN,ROAD,10,4.0
10881,1,1,147,5,1,50.0,0,N,LARGE_PROVINCIAL_CITIES,PARADE,10,17.0
10882,8,1,99,5,1,100.0,0,N,RURAL_VICTORIA,ROAD,10,15.0
10883,1,1,113,2,1,60.0,0,I,MELB_URBAN,ROAD,10,18.0
10884,4,1,173,5,1,50.0,0,N,LARGE_PROVINCIAL_CITIES,STREET,10,16.0
10885,1,2,121,2,1,80.0,0,I,MELB_URBAN,HIGHWAY,10,7.0
10886,1,2,130,1,1,60.0,0,I,MELB_URBAN,ROAD,10,7.0
10887,2,3,99,5,1,60.0,0,N,MELB_URBAN,STREET,10,11.0
10888,5,2,99,5,1,100.0,0,N,RURAL_VICTORIA,ROAD,10,7.0
10889,1,2,160,5,2,50.0,0,N,MELB_URBAN,AVENUE,10,7.0
10890,1,7,113,1,2,60.0,0,I,MELB_URBAN,ROAD,8,18.0
10891,1,2,113,2,1,60.0,0,I,MELB_URBAN,ROAD,10,11.0
10892,4,2,183,5,1,100.0,0,N,RURAL_VICTORIA,ROAD,10,8.0
10893,1,2,113,1,1,60.0,0,I,MELB_URBAN,ROAD,10,9.0
10894,1,2,120,5,1,80.0,0,N,RURAL_VICTORIA,ROAD,10,7.0
10895,1,6,147,5,1,60.0,0,N,SMALL_CITIES,AVENUE,10,15.0
10896,8,7,174,2,1,60.0,0,I,RURAL_VICTORIA,ROAD,10,17.0
10897,2,2,99,5,1,50.0,0,N,MELB_URBAN,STREET,10,10.0
10898,1,2,132,1,1,80.0,0,I,MELB_URBAN,HIGHWAY,10,13.0
10899,2,5,99,1,2,60.0,0,I,SMALL_CITIES,STREET,10,19.0
10900,2,7,99,5,6,60.0,0,N,MELB_URBAN,STREET,10,23.0
10901,4,1,173,5,3,60.0,0,N,MELB_URBAN,ROAD,10,1.0
10902,1,2,160,5,1,80.0,0,N,MELB_URBAN,ROAD,10,13.0
10903,1,1,113,2,1,60.0,0,I,MELB_URBAN,STREET,10,14.0
10904,2,2,102,5,1,70.0,0,N,MELB_URBAN,ROAD,10,13.0
10905,1,2,116,2,1,50.0,0,I,MELB_URBAN,ROAD,10,9.0
10906,5,7,99,5,2,100.0,0,N,RURAL_VICTORIA,ROAD,5,16.0
10907,1,2,140,5,1,50.0,0,N,MELBOURNE_CBD,STREET,10,13.0
10908,8,5,174,4,2,60.0,0,I,MELB_URBAN,ROAD,10,7.0
10909,1,2,116,2,1,60.0,0,I,MELB_URBAN,ROAD,10,18.0
10910,1,2,130,5,1,60.0,0,N,MELB_URBAN,ROAD,10,14.0
10911,6,2,170,5,1,50.0,0,N,MELB_URBAN,ROAD,10,16.0
10912,4,7,173,5,5,60.0,0,N,RURAL_VICTORIA,ROAD,10,23.0
10913,1,2,121,1,3,70.0,0,I,MELB_URBAN,ROAD,10,20.0
10914,1,2,110,1,5,80.0,0,I,MELB_URBAN,ROAD,10,20.0
10915,1,1,121,1,3,80.0,0,N,MELB_URBAN,ROAD,10,21.0
10916,1,3,110,1,3,60.0,0,I,MELB_URBAN,ROAD,10,1.0
10917,1,5,160,5,1,60.0,0,N,MELB_URBAN,ROAD,10,13.0
10918,2,2,99,5,3,50.0,0,N,MELB_URBAN,OTHER,10,22.0
10919,1,3,132,2,1,60.0,0,I,MELB_URBAN,ROAD,10,7.0
10920,6,3,170,5,1,100.0,0,N,RURAL_VICTORIA,ROAD,10,6.0
10921,1,3,99,2,1,40.0,0,I,MELB_URBAN,STREET,10,8.0
10922,1,2,120,5,1,80.0,0,I,RURAL_VICTORIA,ROAD,10,17.0
10923,1,2,160,5,1,60.0,0,N,SMALL_CITIES,STREET,9,11.0
10924,1,3,110,1,1,50.0,0,I,SMALL_CITIES,STREET,10,9.0
10925,4,2,181,5,5,80.0,0,N,RURAL_VICTORIA,HIGHWAY,10,23.0
10926,1,3,132,5,1,60.0,0,N,SMALL_TOWNS,STREET,10,10.0
10927,1,3,130,2,1,60.0,0,I,MELB_URBAN,AVENUE,10,9.0
10928,1,3,121,1,1,60.0,0,I,MELB_URBAN,STREET,10,10.0
10929,1,3,133,5,1,100.0,0,N,MELB_URBAN,FREEWAY,10,11.0
10930,1,3,121,4,1,70.0,0,I,MELB_URBAN,RAMP,10,10.0
10931,1,2,121,1,1,50.0,0,I,MELB_URBAN,STREET,10,17.0
10932,1,3,135,5,1,100.0,0,N,MELB_URBAN,FREEWAY,10,7.0
10933,1,3,130,2,1,60.0,0,I,MELB_URBAN,ROAD,10,11.0
10934,1,3,132,5,1,60.0,0,N,MELB_URBAN,ROAD,10,8.0
10935,2,5,99,5,1,40.0,0,N,MELB_URBAN,STREET,7,10.0
10936,6,3,99,5,1,60.0,0,N,RURAL_VICTORIA,ROAD,10,11.0
10937,6,3,174,1,1,60.0,0,I,MELB_URBAN,ROAD,10,12.0
10938,1,3,116,2,1,60.0,0,I,MELB_URBAN,STREET,10,9.0
10939,1,3,110,1,1,60.0,0,I,TOWNS,STREET,10,14.0
10940,1,3,130,2,9,50.0,0,I,MELB_URBAN,ROAD,5,16.0
10941,8,3,99,1,1,70.0,0,I,MELB_URBAN,ROAD,10,15.0
10942,1,6,113,4,3,70.0,0,N,MELB_URBAN,RAMP,10,21.0
10943,1,3,130,5,1,60.0,0,N,MELB_URBAN,STREET,10,16.0
10944,2,3,100,5,1,70.0,0,N,MELB_URBAN,ROAD,10,16.0
10945,1,3,99,5,1,40.0,0,N,MELBOURNE_CBD,STREET,10,16.0
10946,2,2,102,5,1,50.0,0,N,MELB_URBAN,AVENUE,10,13.0
10947,1,3,110,1,1,50.0,0,I,MELB_URBAN,STREET,10,15.0
10948,1,4,130,2,2,60.0,0,I,MELB_URBAN,ROAD,10,17.0
10949,4,3,181,5,1,100.0,0,N,RURAL_VICTORIA,ROAD,10,16.0
10950,1,3,121,1,1,60.0,0,I,MELB_URBAN,ROAD,10,9.0
10951,1,3,110,1,1,50.0,0,I,MELB_URBAN,ROAD,10,13.0
10952,1,3,116,1,1,100.0,1,I,RURAL_VICTORIA,ROAD,10,16.0
10953,1,3,111,2,1,60.0,0,I,MELB_URBAN,ROAD,10,18.0
10954,1,2,160,5,3,50.0,0,N,MELB_URBAN,OTHER,10,20.0
10955,2,3,102,5,3,50.0,0,N,SMALL_CITIES,AVENUE,10,20.0
10956,1,3,121,2,1,70.0,0,N,MELB_URBAN,ROAD,10,18.0
10957,1,3,121,5,1,60.0,0,N,TOWNS,STREET,10,17.0
10958,1,3,99,5,6,100.0,0,N,MELB_URBAN,FREEWAY,10,22.0
10959,1,7,130,5,2,60.0,0,N,MELB_URBAN,ROAD,8,19.0
10960,1,3,121,1,1,70.0,0,I,MELB_URBAN,ROAD,10,9.0
10961,1,4,160,5,1,60.0,0,N,MELB_URBAN,STREET,10,10.0
10962,1,3,121,4,1,60.0,0,I,MELB_URBAN,ROAD,10,11.0
10963,4,2,181,5,1,100.0,0,N,RURAL_VICTORIA,ROAD,10,16.0
10964,1,4,130,5,1,70.0,0,N,MELB_URBAN,ROAD,10,12.0
10965,2,7,99,1,1,40.0,0,I,MELB_URBAN,AVENUE,10,18.0
10966,4,4,181,5,1,100.0,0,N,RURAL_VICTORIA,ROAD,10,14.0
10967,3,7,167,5,6,100.0,0,N,MELB_URBAN,ROAD,10,20.0
10968,6,4,99,5,1,100.0,0,N,RURAL_VICTORIA,ROAD,10,14.0
10969,2,4,99,2,1,40.0,0,I,MELB_URBAN,OTHER,10,14.0
10970,4,4,171,5,1,100.0,0,N,LARGE_PROVINCIAL_CITIES,ROAD,10,14.0
10971,1,4,113,2,1,60.0,0,I,MELB_URBAN,ROAD,10,14.0
10972,2,4,99,2,1,60.0,0,I,MELB_URBAN,ROAD,10,16.0
10973,1,6,130,5,1,60.0,0,N,SMALL_CITIES,STREET,10,13.0
10974,4,2,173,2,1,100.0,0,I,RURAL_VICTORIA,ROAD,10,17.0
10975,1,4,147,2,1,60.0,0,I,MELB_URBAN,ROAD,10,17.0
10976,2,4,99,2,1,50.0,0,I,MELB_URBAN,DRIVE,10,17.0
10977,1,4,135,5,1,60.0,0,N,TOWNS,ROAD,10,16.0
10978,1,4,121,2,1,50.0,0,I,MELB_URBAN,AVENUE,10,15.0
10979,2,4,102,5,1,50.0,0,N,MELB_URBAN,STREET,10,11.0
10980,1,4,163,5,1,50.0,0,N,MELBOURNE_CBD,STREET,10,17.0
10981,2,4,100,1,3,50.0,0,I,MELBOURNE_CBD,STREET,10,19.0
10982,1,4,130,1,1,50.0,0,I,MELB_URBAN,HIGHWAY,10,6.0
10983,8,3,99,5,3,70.0,0,N,MELB_URBAN,ROAD,10,1.0
10984,1,4,99,2,1,50.0,0,I,MELB_URBAN,STREET,10,8.0
10985,1,6,116,2,1,70.0,0,I,MELB_URBAN,ROAD,10,8.0
10986,8,4,99,1,3,60.0,0,I,MELB_URBAN,ROAD,10,23.0
10987,4,1,183,5,5,60.0,0,N,MELB_URBAN,ROAD,10,22.0
10988,1,4,121,2,1,70.0,0,I,MELB_URBAN,STREET,10,8.0
10989,1,5,130,5,1,100.0,0,N,MELB_URBAN,ROAD,10,9.0
10990,4,5,173,5,1,80.0,0,N,MELB_URBAN,ROAD,10,9.0
10991,1,5,113,2,1,100.0,0,I,RURAL_VICTORIA,HIGHWAY,10,7.0
10992,1,5,121,1,1,60.0,0,I,MELB_URBAN,STREET,10,9.0
10993,1,5,121,1,1,50.0,0,I,MELB_URBAN,STREET,10,8.0
10994,1,5,130,1,1,60.0,0,I,MELB_URBAN,HIGHWAY,10,11.0
10995,8,5,174,5,1,60.0,0,N,TOWNS,STREET,10,10.0
10996,1,5,160,2,1,60.0,0,I,MELB_URBAN,STREET,10,7.0
10997,4,5,171,5,1,110.0,1,N,SMALL_CITIES,FREEWAY,10,10.0
10998,1,5,121,2,1,40.0,0,I,MELB_URBAN,ROAD,10,9.0
10999,1,5,113,2,1,60.0,0,I,MELB_URBAN,AVENUE,10,10.0
11000,1,7,130,1,9,80.0,0,N,RURAL_VICTORIA,OTHER,10,12.0
11001,2,5,100,1,1,80.0,0,I,MELB_URBAN,ROAD,10,11.0
11002,4,4,181,5,1,60.0,0,N,RURAL_VICTORIA,ROAD,10,9.0
11003,2,4,102,5,1,50.0,0,N,LARGE_PROVINCIAL_CITIES,AVENUE,10,13.0
11004,1,3,130,5,3,60.0,0,N,MELB_URBAN,HIGHWAY,10,19.0
11005,2,5,99,5,5,100.0,1,N,MELB_URBAN,FREEWAY,10,5.0
11006,1,4,110,1,1,60.0,0,I,SMALL_TOWNS,ROAD,10,8.0
11007,1,5,130,5,1,70.0,0,N,RURAL_VICTORIA,DRIVE,10,15.0
11008,8,7,99,2,1,60.0,0,I,RURAL_VICTORIA,ROAD,10,11.0
11009,8,5,174,5,1,50.0,0,N,MELB_URBAN,STREET,10,14.0
11010,1,5,113,2,1,60.0,0,I,SMALL_CITIES,ROAD,10,16.0
11011,1,5,113,2,1,60.0,0,I,MELB_URBAN,DRIVE,10,11.0
11012,6,5,99,5,1,110.0,0,N,RURAL_VICTORIA,FREEWAY,10,15.0
11013,2,5,100,1,1,60.0,0,I,MELB_URBAN,STREET,10,16.0
11014,1,5,116,2,1,80.0,0,I,MELB_URBAN,OTHER,10,18.0
11015,1,5,120,5,1,60.0,0,N,MELB_URBAN,ROAD,10,17.0
11016,1,5,135,1,1,60.0,0,I,MELB_URBAN,ROAD,10,17.0
11017,6,5,99,5,1,100.0,0,N,RURAL_VICTORIA,HIGHWAY,10,17.0
11018,1,5,99,1,2,60.0,0,I,MELB_URBAN,ROAD,10,17.0
11019,4,5,99,1,1,50.0,0,I,MELB_URBAN,STREET,10,17.0
11020,1,5,120,2,1,50.0,0,I,MELB_URBAN,STREET,10,17.0
11021,1,5,133,1,1,50.0,0,I,MELB_URBAN,STREET,10,17.0
11022,1,5,113,2,1,60.0,0,I,MELB_URBAN,ROAD,10,18.0
11023,1,5,121,1,1,60.0,0,I,MELB_URBAN,ROAD,10,19.0
11024,1,5,130,1,1,60.0,0,I,MELB_URBAN,ROAD,10,17.0
11025,1,5,110,1,3,60.0,0,I,MELB_URBAN,STREET,10,20.0
11026,4,5,171,5,3,60.0,0,N,MELB_URBAN,ROAD,10,21.0
11027,1,3,133,2,6,80.0,0,I,MELB_URBAN,ROAD,9,23.0
11028,3,5,167,5,3,70.0,0,N,MELB_URBAN,ROAD,10,20.0
11029,2,5,100,2,3,60.0,0,I,MELB_URBAN,ROAD,10,20.0
11030,4,5,171,2,3,60.0,0,I,MELB_URBAN,ROAD,10,20.0
11031,1,5,121,1,3,60.0,0,I,SMALL_CITIES,ROAD,10,22.0
11032,1,5,99,5,4,80.0,0,N,MELB_URBAN,ROAD,10,19.0
11033,4,6,173,2,3,80.0,0,I,MELB_URBAN,HIGHWAY,10,1.0
11034,1,4,110,1,1,60.0,0,I,MELB_URBAN,ROAD,8,12.0
11035,1,2,110,1,1,60.0,0,I,MELB_URBAN,ROAD,10,13.0
11036,1,5,113,1,1,80.0,0,I,MELB_URBAN,HIGHWAY,6,15.0
11037,1,3,130,5,2,80.0,0,N,MELB_URBAN,HIGHWAY,10,18.0
11038,2,5,99,2,1,60.0,0,I,TOWNS,STREET,10,18.0
11039,4,5,99,2,1,60.0,0,I,MELB_URBAN,DRIVE,10,18.0
11040,1,5,140,5,1,60.0,0,N,RURAL_VICTORIA,ROAD,10,15.0
11041,1,6,160,2,1,50.0,0,I,SMALL_CITIES,OTHER,10,9.0
11042,1,6,121,1,1,50.0,0,I,MELB_URBAN,STREET,10,6.0
11043,1,6,132,2,1,60.0,0,I,MELB_URBAN,ROAD,10,9.0
11044,2,6,99,5,1,50.0,0,N,MELB_URBAN,ROAD,10,9.0
11045,1,6,130,2,1,60.0,0,I,SMALL_CITIES,DRIVE,10,9.0
11046,1,5,130,2,1,80.0,0,N,MELB_URBAN,HIGHWAY,10,18.0
11047,1,6,99,1,1,80.0,0,I,MELB_URBAN,HIGHWAY,10,10.0
11048,1,6,140,2,1,50.0,0,I,TOWNS,STREET,10,10.0
11049,1,6,121,1,1,80.0,0,I,MELB_URBAN,ROAD,10,9.0
11050,4,6,171,2,1,60.0,0,I,MELB_URBAN,ROAD,10,7.0
11051,1,4,121,1,2,60.0,0,I,MELB_URBAN,ROAD,10,18.0
11052,1,6,147,5,1,60.0,0,N,RURAL_VICTORIA,DRIVE,10,12.0
11053,2,4,100,2,1,50.0,0,I,MELB_URBAN,ROAD,10,18.0
11054,1,4,130,5,1,60.0,0,N,MELB_URBAN,ROAD,10,17.0
11055,4,6,181,5,2,80.0,0,N,RURAL_VICTORIA,ROAD,10,6.0
11056,1,6,110,1,1,40.0,0,I,MELB_URBAN,STREET,10,11.0
11057,4,6,181,5,1,100.0,0,N,RURAL_VICTORIA,OTHER,10,12.0
11058,4,6,183,5,1,100.0,0,N,RURAL_VICTORIA,OTHER,10,10.0
11059,2,5,99,5,1,60.0,0,N,MELB_URBAN,STREET,8,12.0
11060,4,6,171,5,1,100.0,0,N,RURAL_VICTORIA,ROAD,10,8.0
11061,1,6,121,2,1,50.0,0,I,MELB_URBAN,STREET,10,7.0
11062,1,6,160,2,1,50.0,0,I,TOWNS,OTHER,10,15.0
11063,2,6,99,1,1,50.0,0,I,MELB_URBAN,STREET,10,16.0
11064,4,6,171,5,1,100.0,0,N,RURAL_VICTORIA,ROAD,10,13.0
11065,1,4,113,1,1,60.0,0,I,MELB_URBAN,ROAD,10,16.0
11066,4,5,183,2,1,100.0,0,I,RURAL_VICTORIA,ROAD,10,17.0
11067,1,6,130,5,1,60.0,0,N,MELB_URBAN,ROAD,10,15.0
11068,1,6,130,5,1,60.0,0,N,MELB_URBAN,ROAD,10,17.0
11069,1,6,130,2,1,60.0,0,I,MELB_URBAN,HIGHWAY,10,15.0
11070,1,6,121,5,1,60.0,0,N,MELB_URBAN,ROAD,10,16.0
11071,1,6,113,2,1,60.0,0,I,MELB_URBAN,STREET,10,18.0
11072,1,6,113,2,1,60.0,0,I,MELB_URBAN,ROAD,10,16.0
11073,1,6,130,1,1,60.0,1,I,MELB_URBAN,STREET,10,11.0
11074,1,6,140,5,1,100.0,0,N,RURAL_VICTORIA,ROAD,10,18.0
11075,1,6,99,1,1,80.0,0,N,MELB_URBAN,ROAD,10,18.0
11076,1,6,121,1,1,50.0,0,I,MELB_URBAN,STREET,10,19.0
11077,4,6,173,5,1,100.0,0,N,MELB_URBAN,FREEWAY,10,19.0
11078,1,6,133,5,3,50.0,0,N,MELB_URBAN,STREET,10,21.0
11079,4,6,181,5,1,80.0,0,N,MELB_URBAN,RAMP,10,16.0
11080,1,6,110,1,2,60.0,0,I,SMALL_CITIES,ROAD,10,19.0
11081,2,6,99,1,1,50.0,0,I,MELB_URBAN,STREET,10,17.0
11082,1,6,133,5,1,80.0,0,N,MELB_URBAN,FREEWAY,10,6.0
11083,4,6,171,5,1,70.0,0,N,MELB_URBAN,DRIVE,10,19.0
11084,1,6,99,1,1,60.0,0,I,MELB_URBAN,AVENUE,10,18.0
11085,1,6,121,1,3,60.0,0,I,LARGE_PROVINCIAL_CITIES,STREET,10,22.0
11086,4,6,173,1,3,50.0,0,I,MELB_URBAN,ROAD,10,23.0
11087,8,7,174,5,1,60.0,0,N,RURAL_VICTORIA,ROAD,10,12.0
11088,1,6,120,5,1,100.0,0,N,MELB_URBAN,ROAD,10,16.0
11089,2,6,100,5,1,60.0,0,N,MELB_URBAN,ROAD,10,14.0
11090,4,7,171,5,1,80.0,0,N,MELB_URBAN,HIGHWAY,10,9.0
11091,1,1,130,1,1,80.0,0,I,MELB_URBAN,STREET,10,17.0
11092,8,3,184,5,1,100.0,0,N,RURAL_VICTORIA,ROAD,10,17.0
11093,4,7,171,5,1,110.0,0,N,SMALL_TOWNS,FREEWAY,10,10.0
11094,2,7,100,2,1,40.0,0,I,MELB_URBAN,STREET,10,13.0
11095,2,7,99,5,1,60.0,0,N,MELB_URBAN,ROAD,10,13.0
11096,1,1,130,1,1,80.0,0,I,MELB_URBAN,HIGHWAY,10,12.0
11097,4,7,173,5,1,100.0,0,N,MELB_URBAN,FREEWAY,10,12.0
11098,4,7,173,5,1,70.0,0,N,MELB_URBAN,ROAD,10,7.0
11099,8,1,174,5,1,50.0,0,N,MELB_URBAN,DRIVE,10,9.0
11100,6,7,99,5,5,80.0,0,N,RURAL_VICTORIA,OTHER,10,1.0
11101,1,7,130,5,1,70.0,0,N,MELB_URBAN,ROAD,10,8.0
11102,1,7,110,1,1,70.0,0,I,MELB_URBAN,ROAD,10,17.0
11103,4,7,99,5,1,50.0,0,N,MELB_URBAN,AVENUE,10,18.0
11104,1,7,110,1,1,50.0,0,I,MELB_URBAN,STREET,10,15.0
11105,4,7,173,5,1,50.0,0,N,MELB_URBAN,OTHER,10,17.0
11106,1,7,110,1,1,80.0,0,N,MELB_URBAN,ROAD,10,18.0
11107,2,7,100,5,1,60.0,0,N,MELB_URBAN,ROAD,10,15.0
11108,6,7,99,5,1,60.0,0,N,MELB_URBAN,ROAD,10,17.0
11109,1,5,130,5,6,80.0,0,N,MELB_URBAN,FREEWAY,10,7.0
11110,4,7,171,1,3,50.0,0,I,MELB_URBAN,ROAD,10,22.0
11111,1,2,130,5,1,60.0,0,N,LARGE_PROVINCIAL_CITIES,STREET,10,15.0
11112,4,7,173,5,3,60.0,0,N,MELB_URBAN,ROAD,10,23.0
11113,1,7,130,5,1,100.0,0,N,RURAL_VICTORIA,ROAD,10,10.0
11114,5,1,99,5,3,40.0,0,N,MELB_URBAN,ROAD,10,2.0
11115,1,1,130,5,1,60.0,0,N,LARGE_PROVINCIAL_CITIES,ROAD,10,10.0
11116,1,1,99,2,1,70.0,0,I,MELB_URBAN,ROAD,10,9.0
11117,1,7,110,1,3,50.0,0,I,TOWNS,STREET,10,23.0
11118,1,0,130,5,1,60.0,0,I,MELB_URBAN,DRIVE,10,12.0
11119,1,7,130,5,1,60.0,0,N,LARGE_PROVINCIAL_CITIES,ROAD,10,18.0
11120,1,1,140,5,1,70.0,0,N,MELB_URBAN,ROAD,10,11.0
11121,6,1,184,5,1,80.0,1,N,RURAL_VICTORIA,ROAD,10,9.0
11122,2,1,99,5,1,50.0,0,N,MELB_URBAN,STREET,10,13.0
11123,4,1,173,2,1,60.0,0,I,MELB_URBAN,ROAD,10,9.0
11124,1,1,130,5,1,70.0,0,N,MELB_URBAN,ROAD,10,13.0
11125,1,1,130,5,1,60.0,0,N,MELB_URBAN,ROAD,10,13.0
11126,1,0,135,2,1,60.0,0,I,MELB_URBAN,ROAD,10,13.0
11127,1,7,130,5,3,60.0,0,N,MELB_URBAN,ROAD,9,20.0
11128,1,5,130,5,9,80.0,0,N,MELB_URBAN,OTHER,8,17.0
11129,1,1,120,5,1,60.0,0,N,SMALL_TOWNS,ROAD,10,15.0
11130,1,1,121,2,1,60.0,0,I,MELB_URBAN,STREET,10,14.0
11131,1,1,130,5,1,80.0,0,N,MELB_URBAN,HIGHWAY,10,17.0
11132,2,6,102,2,1,60.0,0,I,MELB_URBAN,PARADE,10,16.0
11133,8,7,174,5,1,60.0,0,N,MELB_URBAN,RAMP,10,9.0
11134,1,1,110,1,1,60.0,0,I,MELB_URBAN,ROAD,10,19.0
11135,2,1,99,5,1,50.0,0,N,MELB_URBAN,ROAD,10,17.0
11136,4,1,183,4,1,80.0,0,N,RURAL_VICTORIA,RAMP,10,13.0
11137,6,1,99,5,1,100.0,0,N,RURAL_VICTORIA,ROAD,10,18.0
11138,1,1,121,1,1,70.0,0,I,MELB_URBAN,ROAD,10,18.0
11139,1,1,99,5,1,50.0,0,N,MELB_URBAN,OTHER,10,17.0
11140,1,1,120,5,2,100.0,0,N,RURAL_VICTORIA,ROAD,10,18.0
11141,6,1,170,5,1,100.0,0,N,RURAL_VICTORIA,ROAD,10,13.0
11142,1,1,133,1,1,60.0,0,I,MELB_URBAN,HIGHWAY,10,17.0
11143,1,1,160,5,3,50.0,0,N,MELB_URBAN,STREET,10,21.0
11144,1,2,110,1,3,60.0,0,I,MELB_URBAN,STREET,10,1.0
11145,1,7,111,1,1,50.0,0,I,SMALL_CITIES,STREET,4,7.0
11146,8,6,99,1,1,60.0,0,I,MELB_URBAN,ROAD,10,8.0
11147,4,1,173,5,3,60.0,0,I,MELB_URBAN,ROAD,10,4.0
11148,4,5,183,2,1,100.0,0,I,RURAL_VICTORIA,ROAD,10,11.0
11149,2,2,99,1,1,40.0,0,I,MELB_URBAN,DRIVE,10,8.0
11150,1,5,130,5,1,50.0,0,N,MELB_URBAN,STREET,10,19.0
11151,1,1,99,5,1,100.0,1,N,RURAL_VICTORIA,ROAD,10,10.0
11152,6,6,174,2,1,60.0,0,I,MELB_URBAN,ROAD,10,9.0
11153,1,2,135,1,1,60.0,0,I,MELB_URBAN,STREET,10,7.0
11154,1,7,160,5,3,60.0,0,N,MELB_URBAN,STREET,10,0.0
11155,1,2,132,2,1,60.0,0,I,MELB_URBAN,STREET,10,10.0
11156,1,2,120,5,1,60.0,0,N,TOWNS,HIGHWAY,10,10.0
11157,1,2,130,1,3,70.0,0,I,MELB_URBAN,STREET,6,19.0
11158,1,2,134,5,1,100.0,0,N,MELB_URBAN,FREEWAY,10,11.0
11159,1,7,121,5,6,60.0,0,N,MELB_URBAN,ROAD,10,23.0
11160,1,2,132,2,1,60.0,0,I,MELB_URBAN,ROAD,10,13.0
11161,8,3,174,5,1,100.0,0,N,RURAL_VICTORIA,ROAD,10,12.0
11162,1,2,130,5,1,60.0,0,N,MELB_URBAN,STREET,4,14.0
11163,1,7,110,1,1,80.0,0,N,MELB_URBAN,ROAD,10,13.0
11164,4,2,183,5,1,100.0,0,N,RURAL_VICTORIA,ROAD,10,9.0
11165,1,6,99,5,1,60.0,0,N,MELB_URBAN,ROAD,6,14.0
11166,6,1,170,5,1,100.0,0,N,RURAL_VICTORIA,OTHER,10,10.0
11167,1,6,135,5,3,80.0,0,N,MELB_URBAN,ROAD,10,21.0
11168,1,2,113,2,1,50.0,0,I,SMALL_CITIES,STREET,10,15.0
11169,4,2,99,5,1,100.0,0,N,RURAL_VICTORIA,ROAD,10,15.0
11170,1,4,130,5,1,60.0,0,N,MELB_URBAN,ROAD,7,14.0
11171,1,2,121,1,1,70.0,0,I,MELB_URBAN,ROAD,10,15.0
11172,1,7,130,5,1,80.0,0,N,MELB_URBAN,ROAD,10,10.0
11173,1,6,147,5,1,60.0,0,N,MELB_URBAN,STREET,10,7.0
11174,1,2,130,5,1,60.0,0,N,LARGE_PROVINCIAL_CITIES,STREET,10,17.0
11175,3,2,167,5,1,100.0,0,N,RURAL_VICTORIA,ROAD,10,16.0
11176,1,2,135,5,1,100.0,0,N,MELB_URBAN,UNKNOWN,10,14.0
11177,1,2,99,1,3,80.0,0,N,MELB_URBAN,UNKNOWN,10,17.0
11178,1,2,121,5,1,50.0,0,N,MELB_URBAN,ROAD,10,18.0
11179,4,2,171,5,1,50.0,0,N,SMALL_TOWNS,STREET,10,14.0
11180,1,2,163,5,1,60.0,0,N,MELB_URBAN,ROAD,10,18.0
11181,4,2,171,5,1,100.0,1,N,RURAL_VICTORIA,ROAD,10,17.0
11182,4,2,181,5,1,80.0,0,N,RURAL_VICTORIA,ROAD,10,17.0
11183,2,3,99,1,9,60.0,0,I,MELB_URBAN,STREET,10,22.0
11184,4,2,181,5,5,100.0,0,N,RURAL_VICTORIA,HIGHWAY,10,20.0
11185,1,2,130,5,1,40.0,0,N,MELB_URBAN,ROAD,10,15.0
11186,1,2,120,5,1,100.0,1,I,RURAL_VICTORIA,ROAD,10,16.0
11187,1,2,113,2,1,60.0,0,I,MELB_URBAN,ROAD,10,16.0
11188,1,2,99,2,1,50.0,0,I,MELB_URBAN,STREET,10,15.0
11189,8,2,174,5,1,100.0,1,N,RURAL_VICTORIA,ROAD,10,9.0
11190,1,3,130,5,1,100.0,0,N,MELB_URBAN,FREEWAY,10,6.0