,accident_type,day_of_week,dca_code,road_geometry,light_condition,speed_zone,severity,node_type,deg_urban_name,road_type,month,hour
11191,4,3,171,5,1,70.0,0,N,MELB_URBAN,ROAD,10,8.0
11192,1,2,111,2,1,50.0,0,I,MELB_URBAN,ROAD,10,9.0
11193,1,3,113,2,1,50.0,0,I,MELB_URBAN,AVENUE,10,8.0
11194,1,2,121,4,1,100.0,0,I,RURAL_VICTORIA,ROAD,10,9.0
11195,1,3,99,5,1,50.0,0,N,MELB_URBAN,STREET,10,8.0
11196,4,3,99,2,1,80.0,0,I,TOWNS,ROAD,10,8.0
11197,8,7,99,5,1,100.0,0,N,RURAL_VICTORIA,ROAD,10,14.0
11198,4,1,173,5,9,100.0,0,N,MELB_URBAN,UNKNOWN,7,12.0
11199,1,3,130,2,1,80.0,0,I,MELB_URBAN,ROAD,10,11.0
11200,1,6,130,1,1,60.0,0,I,MELB_URBAN,BOULEVARD,8,7.0
11201,4,1,171,5,3,60.0,0,N,LARGE_PROVINCIAL_CITIES,ROAD,10,20.0
11202,1,2,135,5,1,100.0,0,N,MELB_URBAN,ROAD,10,12.0
11203,2,3,100,1,1,70.0,0,I,MELB_URBAN,ROAD,10,10.0
11204,1,3,130,1,1,80.0,0,I,MELB_URBAN,HIGHWAY,10,11.0
11205,1,2,99,5,9,50.0,0,N,LARGE_PROVINCIAL_CITIES,STREET,10,10.0
11206,4,6,171,5,5,100.0,0,N,RURAL_VICTORIA,HIGHWAY,9,23.0
11207,4,3,173,5,1,100.0,0,N,RURAL_VICTORIA,ROAD,10,13.0
11208,2,3,102,5,1,50.0,0,N,MELB_URBAN,ROAD,10,13.0
11209,1,2,160,2,3,40.0,0,I,MELB_URBAN,ROAD,10,22.0
11210,8,1,174,2,1,100.0,0,I,RURAL_VICTORIA,ROAD,10,18.0
11211,1,3,110,1,1,60.0,0,I,LARGE_PROVINCIAL_CITIES,STREET,10,15.0
11212,2,3,102,5,1,60.0,0,N,MELB_URBAN,AVENUE,10,18.0
11213,1,5,113,2,3,70.0,0,I,MELB_URBAN,ROAD,10,21.0
11214,1,3,99,4,1,60.0,0,I,MELB_URBAN,RAMP,10,13.0
11215,1,3,130,2,1,50.0,0,I,MELB_URBAN,STREET,10,16.0
11216,4,3,171,5,5,100.0,0,N,RURAL_VICTORIA,ROAD,10,20.0
11217,1,3,110,1,1,50.0,0,I,SMALL_CITIES,STREET,10,17.0
11218,1,3,99,1,3,60.0,0,I,MELB_URBAN,ROAD,10,22.0
11219,1,5,130,1,3,60.0,0,I,MELB_URBAN,ROAD,4,17.0
11220,1,3,113,2,3,50.0,0,I,MELB_URBAN,ROAD,10,23.0
11221,6,3,99,5,5,100.0,0,N,RURAL_VICTORIA,HIGHWAY,10,23.0
11222,1,3,120,5,5,100.0,0,N,RURAL_VICTORIA,ROAD,10,21.0
11223,1,3,160,5,1,80.0,0,N,MELB_URBAN,ROAD,10,14.0
11224,1,3,160,5,1,60.0,0,N,LARGE_PROVINCIAL_CITIES,STREET,10,13.0
11225,4,2,183,5,1,100.0,0,N,RURAL_VICTORIA,ROAD,10,13.0
11226,1,4,121,1,1,60.0,0,I,MELB_URBAN,UNKNOWN,10,7.0
11227,1,4,130,5,1,70.0,0,N,MELB_URBAN,ROAD,10,9.0
11228,4,3,173,5,1,100.0,0,N,RURAL_VICTORIA,HIGHWAY,10,18.0
11229,4,3,171,5,1,80.0,0,N,MELB_URBAN,ROAD,10,19.0
11230,2,4,100,5,1,50.0,0,N,MELB_URBAN,BOULEVARD,10,8.0
11231,1,4,99,2,1,50.0,0,I,MELB_URBAN,DRIVE,10,8.0
11232,1,4,130,5,1,80.0,0,N,MELB_URBAN,ROAD,10,9.0
11233,1,4,99,1,1,60.0,0,I,MELB_URBAN,STREET,10,7.0
11234,1,4,120,5,1,100.0,0,N,RURAL_VICTORIA,HIGHWAY,10,9.0
11235,6,5,174,5,1,40.0,0,N,MELB_URBAN,STREET,10,17.0
11236,6,7,184,5,9,60.0,0,N,RURAL_VICTORIA,OTHER,10,15.0
11237,1,3,171,5,1,80.0,0,N,MELB_URBAN,ROAD,10,15.0
11238,1,4,99,5,1,50.0,0,N,MELB_URBAN,STREET,10,9.0
11239,8,4,181,5,1,40.0,0,N,RURAL_VICTORIA,ROAD,10,12.0
11240,8,7,174,5,1,50.0,0,N,MELB_URBAN,STREET,10,10.0
11241,1,4,130,5,1,80.0,0,N,MELB_URBAN,ROAD,10,9.0
11242,4,4,171,5,1,80.0,0,N,MELB_URBAN,FREEWAY,10,12.0
11243,4,4,181,5,1,80.0,0,N,RURAL_VICTORIA,HIGHWAY,10,12.0
11244,1,4,116,2,1,60.0,0,I,MELB_URBAN,ROAD,10,13.0
11245,1,4,130,1,1,60.0,0,I,MELB_URBAN,ROAD,10,14.0
11246,1,2,110,1,2,60.0,0,I,MELB_URBAN,DRIVE,8,7.0
11247,3,5,167,5,5,100.0,0,N,RURAL_VICTORIA,ROAD,10,19.0
11248,1,4,130,2,1,60.0,0,I,MELB_URBAN,STREET,10,15.0
11249,4,4,171,5,1,100.0,0,N,RURAL_VICTORIA,HIGHWAY,10,14.0
11250,1,5,110,1,1,60.0,0,I,MELB_URBAN,ROAD,10,11.0
11251,2,4,100,5,1,50.0,0,N,MELB_URBAN,ROAD,10,17.0
11252,1,4,121,1,1,80.0,0,I,MELB_URBAN,ROAD,10,16.0
11253,1,4,130,1,1,50.0,0,I,MELB_URBAN,PARADE,10,18.0
11254,1,7,120,5,5,60.0,0,N,MELB_URBAN,ROAD,9,19.0
11255,1,4,121,2,1,60.0,0,I,MELB_URBAN,STREET,10,15.0
11256,1,4,130,4,2,60.0,0,I,MELB_URBAN,ROAD,10,19.0
11257,1,4,130,5,1,70.0,0,N,MELB_URBAN,ROAD,10,18.0
11258,1,5,130,2,9,60.0,0,I,MELB_URBAN,ROAD,10,17.0
11259,4,4,171,2,2,60.0,0,I,MELB_URBAN,ROAD,10,19.0
11260,2,4,99,2,1,50.0,0,I,MELB_URBAN,ROAD,10,18.0
11261,1,4,110,1,1,100.0,0,I,RURAL_VICTORIA,HIGHWAY,10,17.0
11262,2,4,99,5,1,60.0,0,N,LARGE_PROVINCIAL_CITIES,AVENUE,10,17.0
11263,2,4,99,5,5,80.0,0,N,MELB_URBAN,FREEWAY,10,20.0
11264,1,4,130,5,3,60.0,0,N,MELB_URBAN,STREET,10,22.0
11265,1,4,113,2,1,70.0,0,I,LARGE_PROVINCIAL_CITIES,HIGHWAY,10,15.0
11266,4,4,171,2,3,50.0,0,I,MELB_URBAN,ROAD,10,23.0
11267,1,5,130,2,3,80.0,0,N,MELB_URBAN,ROAD,11,2.0
11268,1,5,110,1,3,60.0,0,I,MELB_URBAN,AVENUE,11,2.0
11269,1,5,130,5,2,70.0,0,N,MELB_URBAN,ROAD,11,6.0
11270,6,5,174,5,5,100.0,0,N,RURAL_VICTORIA,HIGHWAY,11,1.0
11271,1,5,110,1,3,60.0,0,I,MELB_URBAN,ROAD,11,5.0
11272,8,5,174,5,9,100.0,0,N,RURAL_VICTORIA,ROAD,11,8.0
11273,1,5,130,5,1,60.0,1,N,TOWNS,OTHER,11,6.0
11274,4,5,181,5,1,110.0,0,N,RURAL_VICTORIA,FREEWAY,11,8.0
11275,1,5,130,2,2,80.0,0,I,MELB_URBAN,ROAD,11,7.0
11276,1,5,130,5,1,70.0,0,N,LARGE_PROVINCIAL_CITIES,STREET,11,9.0
11277,1,4,163,5,1,60.0,0,N,MELB_URBAN,STREET,10,17.0
11278,5,7,99,5,1,60.0,0,UNKNOWN,UNKNOWN,UNKNOWN,8,10.0
11279,1,5,120,5,3,80.0,0,N,RURAL_VICTORIA,HIGHWAY,11,3.0
11280,1,4,110,1,3,80.0,0,I,LARGE_PROVINCIAL_CITIES,HIGHWAY,7,18.0
11281,8,4,184,5,1,100.0,0,N,RURAL_VICTORIA,ROAD,10,13.0
11282,1,5,121,1,1,60.0,0,I,MELB_URBAN,ROAD,11,12.0
11283,6,3,184,5,1,100.0,0,N,RURAL_VICTORIA,ROAD,10,12.0
11284,1,5,147,1,1,80.0,0,I,MELB_URBAN,HIGHWAY,11,9.0
11285,1,5,110,1,1,100.0,0,I,RURAL_VICTORIA,ROAD,11,9.0
11286,4,5,183,5,1,100.0,0,N,RURAL_VICTORIA,HIGHWAY,11,6.0
11287,4,3,171,5,2,70.0,0,N,MELB_URBAN,ROAD,10,17.0
11288,1,4,121,1,1,60.0,0,I,MELB_URBAN,STREET,10,17.0
11289,1,4,130,2,1,80.0,0,I,MELB_URBAN,ROAD,11,9.0
11290,4,4,173,1,1,60.0,0,I,MELB_URBAN,ROAD,1,9.0
11291,1,5,99,5,1,60.0,0,N,MELB_URBAN,ROAD,11,14.0
11292,1,5,120,5,1,100.0,0,N,RURAL_VICTORIA,HIGHWAY,11,13.0
11293,1,5,99,1,1,60.0,0,I,MELB_URBAN,ROAD,11,11.0
11294,5,5,99,5,1,100.0,0,N,RURAL_VICTORIA,ROAD,11,15.0
11295,1,5,130,5,1,80.0,0,N,MELB_URBAN,HIGHWAY,11,15.0
11296,1,5,113,2,1,100.0,0,I,TOWNS,ROAD,11,16.0
11297,1,5,132,2,1,60.0,0,I,MELB_URBAN,ROAD,11,16.0
11298,1,5,111,1,2,80.0,0,I,MELB_URBAN,ROAD,11,17.0
11299,1,1,130,5,1,50.0,0,N,MELB_URBAN,ROAD,10,15.0
11300,4,5,171,5,2,100.0,0,N,RURAL_VICTORIA,ROAD,11,19.0
11301,4,5,173,5,2,100.0,0,N,RURAL_VICTORIA,ROAD,11,19.0
11302,1,5,113,2,1,50.0,0,I,MELB_URBAN,STREET,11,17.0
11303,1,5,110,1,3,40.0,0,I,MELB_URBAN,STREET,11,20.0
11304,4,2,171,5,3,90.0,0,N,MELB_URBAN,ROAD,10,3.0
11305,2,5,102,1,6,60.0,0,I,MELB_URBAN,STREET,11,21.0
11306,1,5,134,5,5,110.0,0,N,RURAL_VICTORIA,FREEWAY,11,1.0
11307,1,6,110,1,3,40.0,0,I,MELBOURNE_CBD,OTHER,11,3.0
11308,1,6,121,1,3,60.0,0,I,MELB_URBAN,ROAD,11,4.0
11309,1,5,130,1,1,70.0,0,I,MELB_URBAN,ROAD,11,12.0
11310,1,6,121,1,1,50.0,0,I,TOWNS,STREET,11,6.0
11311,4,5,171,5,2,80.0,0,N,MELB_URBAN,ROAD,11,19.0
11312,1,5,140,5,1,90.0,0,N,MELB_URBAN,ROAD,11,17.0
11313,1,5,130,4,1,70.0,0,I,MELB_URBAN,RAMP,11,7.0
11314,2,5,99,5,1,50.0,0,N,LARGE_PROVINCIAL_CITIES,STREET,9,11.0
11315,8,6,174,1,1,70.0,0,I,MELB_URBAN,ROAD,11,8.0
11316,1,6,113,2,1,60.0,0,I,MELB_URBAN,ROAD,11,8.0
11317,1,5,99,1,1,80.0,0,I,MELB_URBAN,HIGHWAY,11,15.0
11318,8,6,184,5,1,100.0,0,N,SMALL_TOWNS,ROAD,11,11.0
11319,1,6,121,2,1,50.0,0,I,SMALL_CITIES,STREET,11,10.0
11320,1,6,121,2,1,70.0,0,I,MELB_URBAN,ROAD,11,11.0
11321,1,6,113,2,1,60.0,0,I,MELB_URBAN,ROAD,11,9.0
11322,1,3,130,1,1,60.0,0,I,LARGE_PROVINCIAL_CITIES,STREET,10,11.0
11323,1,3,99,2,1,50.0,0,I,MELB_URBAN,STREET,10,13.0
11324,1,6,130,2,1,80.0,0,I,MELB_URBAN,HIGHWAY,11,10.0
11325,1,6,135,5,1,60.0,0,N,LARGE_PROVINCIAL_CITIES,STREET,11,12.0
11326,1,6,132,2,1,100.0,0,N,RURAL_VICTORIA,HIGHWAY,11,9.0
11327,2,5,99,5,1,50.0,0,N,MELB_URBAN,STREET,11,10.0
11328,8,2,99,5,1,100.0,0,N,RURAL_VICTORIA,ROAD,10,15.0
11329,6,6,99,5,5,100.0,0,N,RURAL_VICTORIA,ROAD,11,1.0
11330,1,5,130,2,1,60.0,0,I,MELB_URBAN,STREET,11,7.0
11331,1,5,147,2,9,60.0,0,I,SMALL_CITIES,BOULEVARD,11,19.0
11332,1,7,99,1,1,50.0,0,I,MELB_URBAN,ROAD,10,18.0
11333,1,6,135,5,1,40.0,0,N,MELB_URBAN,STREET,11,15.0
11334,1,3,130,1,3,50.0,0,I,MELB_URBAN,AVENUE,10,5.0
11335,1,6,130,5,1,80.0,0,N,MELB_URBAN,HIGHWAY,11,14.0
11336,4,6,183,5,1,100.0,0,N,RURAL_VICTORIA,ROAD,11,13.0
11337,1,4,134,2,1,80.0,0,I,MELB_URBAN,ROAD,10,10.0
11338,2,6,102,1,1,60.0,0,I,MELB_URBAN,ROAD,11,15.0
11339,1,3,163,2,1,60.0,0,N,MELB_URBAN,ROAD,10,16.0
11340,1,1,163,5,1,40.0,0,N,MELB_URBAN,STREET,10,17.0
11341,1,6,99,5,1,60.0,0,N,MELB_URBAN,STREET,11,15.0
11342,8,6,99,2,1,50.0,0,I,MELB_URBAN,OTHER,11,12.0
11343,1,4,111,1,1,80.0,0,I,MELB_URBAN,ROAD,10,15.0
11344,6,5,174,1,3,50.0,0,I,SMALL_TOWNS,DRIVE,10,20.0
11345,1,6,130,5,1,60.0,0,N,MELB_URBAN,ROAD,11,9.0
11346,1,6,130,5,1,70.0,0,N,MELB_URBAN,ROAD,11,15.0
11347,1,6,121,2,1,80.0,0,I,TOWNS,ROAD,11,16.0
11348,4,6,173,5,1,100.0,0,N,RURAL_VICTORIA,HIGHWAY,11,16.0
11349,1,6,135,5,1,110.0,0,N,SMALL_CITIES,FREEWAY,11,17.0
11350,2,6,99,5,3,50.0,0,N,SMALL_CITIES,STREET,11,20.0
11351,1,6,110,4,3,50.0,0,N,MELB_URBAN,UNKNOWN,11,20.0
11352,2,6,102,2,1,60.0,0,I,MELB_URBAN,STREET,11,17.0
11353,2,6,100,2,6,50.0,0,I,MELB_URBAN,DRIVE,11,21.0
11354,4,6,171,5,5,60.0,0,N,RURAL_VICTORIA,ROAD,11,20.0
11355,1,7,110,1,3,40.0,0,I,MELBOURNE_CBD,STREET,11,4.0
11356,1,6,121,2,1,70.0,0,I,MELB_URBAN,ROAD,11,18.0
11357,1,3,99,5,1,60.0,0,N,MELB_URBAN,ROAD,10,14.0
11358,1,6,121,2,1,60.0,0,I,MELB_URBAN,ROAD,11,9.0
11359,1,5,130,5,1,60.0,0,N,SMALL_CITIES,STREET,11,18.0
11360,4,7,173,5,2,60.0,0,N,MELB_URBAN,UNKNOWN,11,6.0
11361,4,7,173,5,2,100.0,0,N,RURAL_VICTORIA,ROAD,11,6.0
11362,1,7,110,1,1,60.0,0,I,TOWNS,ROAD,11,11.0
11363,1,7,99,2,1,60.0,0,I,MELB_URBAN,ROAD,11,11.0
11364,8,1,99,2,1,60.0,0,I,MELB_URBAN,ROAD,10,9.0
11365,8,7,174,2,1,60.0,0,I,SMALL_CITIES,ROAD,10,10.0
11366,4,6,173,5,2,60.0,0,N,MELB_URBAN,FREEWAY,10,6.0
11367,1,7,120,5,1,100.0,0,N,RURAL_VICTORIA,HIGHWAY,11,11.0
11368,4,7,181,5,1,100.0,0,N,RURAL_VICTORIA,ROAD,11,11.0
11369,7,7,99,4,1,100.0,0,N,RURAL_VICTORIA,ROAD,11,10.0
11370,1,7,130,2,1,40.0,0,I,MELB_URBAN,ROAD,11,13.0
11371,1,7,99,1,1,40.0,0,I,MELB_URBAN,ROAD,11,15.0
11372,1,3,130,1,1,70.0,0,I,MELB_URBAN,ROAD,10,9.0
11373,1,6,130,4,1,50.0,0,I,MELB_URBAN,ROAD,11,15.0
11374,4,7,171,2,3,50.0,0,I,LARGE_PROVINCIAL_CITIES,OTHER,11,1.0
11375,1,7,130,1,1,60.0,0,I,MELB_URBAN,ROAD,11,19.0
11376,1,7,121,5,1,80.0,0,N,MELB_URBAN,ROAD,11,8.0
11377,2,7,100,5,5,60.0,0,N,MELB_URBAN,STREET,11,20.0
11378,2,6,99,4,1,40.0,0,I,MELB_URBAN,ROAD,11,10.0
11379,4,7,99,2,2,100.0,0,I,RURAL_VICTORIA,ROAD,11,19.0
11380,8,3,99,2,1,60.0,0,I,RURAL_VICTORIA,ROAD,8,11.0
11381,2,1,102,5,5,50.0,0,N,TOWNS,HIGHWAY,11,0.0
11382,2,1,99,1,3,40.0,0,I,MELB_URBAN,ROAD,11,2.0
11383,4,6,171,5,5,100.0,0,N,RURAL_VICTORIA,ROAD,11,4.0
11384,1,1,132,2,3,60.0,0,I,MELB_URBAN,ROAD,11,1.0
11385,1,7,99,5,1,80.0,1,N,MELB_URBAN,ROAD,11,11.0
11386,6,7,174,5,1,60.0,0,N,RURAL_VICTORIA,DRIVE,11,14.0
11387,1,5,160,2,1,50.0,0,I,MELB_URBAN,STREET,10,12.0
11388,8,1,99,5,1,80.0,0,N,RURAL_VICTORIA,ROAD,11,9.0
11389,1,1,121,1,1,60.0,0,I,MELB_URBAN,ROAD,11,10.0
11390,1,1,113,2,1,80.0,0,I,MELB_URBAN,HIGHWAY,11,10.0
11391,4,1,171,2,3,70.0,0,I,MELB_URBAN,HIGHWAY,11,1.0
11392,6,7,184,5,1,100.0,0,N,RURAL_VICTORIA,ROAD,11,15.0
11393,6,7,184,5,1,100.0,0,N,RURAL_VICTORIA,ROAD,11,19.0
11394,8,1,174,5,1,100.0,0,N,RURAL_VICTORIA,OTHER,11,11.0
11395,1,0,160,5,1,60.0,0,N,LARGE_PROVINCIAL_CITIES,ROAD,11,12.0
11396,1,1,121,2,1,70.0,0,I,MELB_URBAN,ROAD,11,13.0
11397,1,0,99,1,1,60.0,0,I,MELB_URBAN,STREET,11,12.0
11398,1,1,110,1,1,50.0,0,I,MELB_URBAN,AVENUE,11,16.0
11399,1,1,121,1,1,60.0,0,I,LARGE_PROVINCIAL_CITIES,ROAD,11,16.0
11400,1,1,121,1,1,80.0,0,N,MELB_URBAN,ROAD,11,16.0
11401,1,1,120,5,1,60.0,0,N,RURAL_VICTORIA,ROAD,11,14.0
11402,1,1,160,5,1,50.0,0,N,TOWNS,ROAD,11,16.0
11403,1,6,163,5,1,60.0,0,N,MELB_URBAN,ROAD,10,8.0
11404,4,1,183,5,5,100.0,0,N,RURAL_VICTORIA,HIGHWAY,11,3.0
11405,4,1,183,5,1,80.0,0,N,RURAL_VICTORIA,ROAD,11,15.0
11406,6,1,99,5,1,100.0,0,N,RURAL_VICTORIA,ROAD,11,15.0
11407,1,1,120,5,1,100.0,0,N,RURAL_VICTORIA,ROAD,11,17.0
11408,1,1,140,1,1,70.0,0,I,MELB_URBAN,ROAD,11,18.0
11409,1,1,99,2,3,50.0,0,I,MELB_URBAN,ROAD,11,21.0
11410,6,1,170,2,5,80.0,0,I,MELB_URBAN,ROAD,10,23.0
11411,1,2,120,5,1,60.0,0,N,MELB_URBAN,ROAD,11,6.0
11412,1,1,130,5,9,110.0,0,N,RURAL_VICTORIA,FREEWAY,11,12.0
11413,2,2,99,6,2,50.0,0,N,MELB_URBAN,OTHER,11,7.0
11414,1,7,113,2,3,50.0,0,I,MELB_URBAN,STREET,11,23.0
11415,1,2,99,5,1,80.0,0,I,MELB_URBAN,RAMP,11,9.0
11416,8,7,99,5,1,60.0,0,N,RURAL_VICTORIA,ROAD,11,12.0
11417,1,2,99,5,1,60.0,0,N,LARGE_PROVINCIAL_CITIES,BOULEVARD,10,16.0
11418,1,6,113,9,1,50.0,0,I,MELB_URBAN,ROAD,11,9.0
11419,1,2,121,2,1,40.0,0,I,MELB_URBAN,ROAD,11,8.0
11420,1,2,133,5,1,80.0,0,N,MELB_URBAN,ROAD,11,10.0
11421,1,2,120,5,1,100.0,0,N,RURAL_VICTORIA,ROAD,11,12.0
11422,4,2,99,1,1,60.0,0,I,MELB_URBAN,ROAD,11,14.0
11423,1,7,160,5,1,50.0,0,N,MELB_URBAN,STREET,11,18.0
11424,1,2,173,5,1,50.0,0,N,LARGE_PROVINCIAL_CITIES,DRIVE,11,9.0
11425,1,7,120,5,1,60.0,0,N,RURAL_VICTORIA,ROAD,11,15.0
11426,1,2,160,5,1,50.0,0,N,LARGE_PROVINCIAL_CITIES,STREET,11,16.0
11427,2,2,102,1,1,50.0,0,N,MELB_URBAN,STREET,11,17.0
11428,4,2,173,5,9,100.0,0,N,RURAL_VICTORIA,ROAD,11,14.0
11429,1,2,121,2,1,60.0,0,I,MELB_URBAN,STREET,11,16.0
11430,2,2,102,1,1,70.0,0,I,MELB_URBAN,ROAD,11,15.0
11431,8,2,174,1,1,50.0,0,I,MELB_URBAN,STREET,10,15.0
11432,1,2,130,1,3,60.0,0,I,MELB_URBAN,ROAD,11,19.0
11433,4,7,99,5,5,110.0,0,N,RURAL_VICTORIA,FREEWAY,11,23.0
11434,4,3,99,1,3,80.0,0,I,RURAL_VICTORIA,ROAD,11,4.0
11435,1,1,121,1,1,80.0,0,I,MELB_URBAN,ROAD,11,13.0
11436,4,1,99,5,3,80.0,0,N,MELB_URBAN,RAMP,9,22.0
11437,6,2,99,5,5,100.0,0,N,RURAL_VICTORIA,ROAD,11,22.0
11438,1,1,130,2,3,60.0,0,I,MELB_URBAN,ROAD,11,22.0
11439,7,7,99,2,1,60.0,0,I,MELB_URBAN,STREET,11,16.0
11440,1,3,130,5,1,80.0,0,N,LARGE_PROVINCIAL_CITIES,HIGHWAY,11,9.0
11441,4,1,173,5,3,80.0,0,N,MELB_URBAN,HIGHWAY,11,20.0
11442,1,2,120,2,1,60.0,0,N,MELB_URBAN,HIGHWAY,11,15.0
11443,1,2,130,1,1,80.0,0,I,MELB_URBAN,HIGHWAY,11,12.0
11444,1,3,110,1,1,100.0,0,I,RURAL_VICTORIA,ROAD,11,9.0
11445,6,1,174,5,3,80.0,0,N,MELB_URBAN,HIGHWAY,11,20.0
11446,4,1,171,1,3,50.0,0,I,LARGE_PROVINCIAL_CITIES,STREET,10,22.0
11447,1,5,133,5,1,60.0,0,N,LARGE_PROVINCIAL_CITIES,STREET,10,18.0
11448,1,3,113,2,1,60.0,0,I,MELB_URBAN,ROAD,10,16.0
11449,1,3,99,5,1,60.0,0,N,MELB_URBAN,BOULEVARD,11,9.0
11450,6,3,99,5,1,100.0,0,N,RURAL_VICTORIA,ROAD,11,16.0
11451,4,3,181,5,1,100.0,0,N,RURAL_VICTORIA,ROAD,11,17.0
11452,1,3,140,5,1,80.0,0,N,RURAL_VICTORIA,HIGHWAY,11,17.0
11453,1,3,120,5,1,60.0,0,N,RURAL_VICTORIA,ROAD,11,17.0
11454,1,5,99,5,3,60.0,0,N,LARGE_PROVINCIAL_CITIES,STREET,11,5.0
11455,1,3,160,5,1,50.0,0,N,MELB_URBAN,STREET,11,15.0
11456,6,3,99,5,5,100.0,0,N,RURAL_VICTORIA,ROAD,11,20.0
11457,4,3,99,2,1,50.0,0,I,MELB_URBAN,STREET,11,17.0
11458,4,3,183,5,1,70.0,1,N,MELB_URBAN,ROAD,11,15.0
11459,4,3,181,5,3,70.0,0,N,MELB_URBAN,HIGHWAY,11,1.0
11460,1,4,113,2,9,40.0,0,I,MELB_URBAN,ROAD,11,1.0
11461,4,3,181,5,3,100.0,0,N,MELB_URBAN,RAMP,11,23.0
11462,1,3,113,2,1,60.0,0,I,MELB_URBAN,ROAD,11,13.0
11463,1,4,130,5,2,80.0,0,N,MELB_URBAN,ROAD,11,6.0
11464,6,4,174,5,1,80.0,0,N,MELB_URBAN,ROAD,11,6.0
11465,1,4,110,1,1,100.0,0,I,RURAL_VICTORIA,ROAD,11,7.0
11466,6,4,99,5,1,100.0,0,N,RURAL_VICTORIA,ROAD,11,9.0
11467,1,4,133,5,1,80.0,0,N,MELB_URBAN,ROAD,11,7.0
11468,7,6,174,5,1,50.0,0,N,RURAL_VICTORIA,OTHER,10,12.0
11469,1,2,130,5,1,60.0,0,N,RURAL_VICTORIA,ROAD,10,10.0
11470,5,3,99,5,1,60.0,0,N,RURAL_VICTORIA,ROAD,11,11.0
11471,8,2,184,5,1,100.0,0,N,RURAL_VICTORIA,ROAD,11,14.0
11472,1,4,130,1,1,70.0,0,I,MELB_URBAN,ROAD,11,12.0
11473,1,4,99,2,1,50.0,0,I,LARGE_PROVINCIAL_CITIES,STREET,11,10.0
11474,1,6,99,1,2,80.0,0,I,MELB_URBAN,ROAD,8,7.0
11475,2,4,100,1,1,50.0,0,I,LARGE_PROVINCIAL_CITIES,STREET,11,13.0
11476,1,4,99,2,1,60.0,0,I,MELB_URBAN,ROAD,11,11.0
11477,1,4,121,2,1,80.0,0,I,MELB_URBAN,HIGHWAY,11,13.0
11478,1,4,110,1,1,80.0,0,I,MELB_URBAN,HIGHWAY,11,9.0
11479,1,4,135,5,1,70.0,0,N,MELB_URBAN,ROAD,11,11.0
11480,2,4,100,5,1,50.0,0,N,LARGE_PROVINCIAL_CITIES,STREET,11,12.0
11481,1,4,147,5,1,100.0,0,N,RURAL_VICTORIA,ROAD,11,11.0
11482,1,4,130,2,1,70.0,0,I,MELB_URBAN,ROAD,11,13.0
11483,1,4,121,5,1,40.0,0,N,MELB_URBAN,STREET,11,16.0
11484,1,4,110,1,1,60.0,0,I,MELB_URBAN,ROAD,11,15.0
11485,4,2,183,5,1,100.0,0,N,RURAL_VICTORIA,ROAD,11,13.0
11486,2,4,99,5,1,50.0,0,N,TOWNS,STREET,11,16.0
11487,2,1,100,5,6,50.0,0,N,MELB_URBAN,STREET,5,2.0
11488,1,4,132,2,1,60.0,0,I,MELB_URBAN,ROAD,11,16.0
11489,1,4,130,5,1,70.0,0,N,SMALL_CITIES,STREET,11,17.0
11490,1,4,121,1,1,50.0,0,I,LARGE_PROVINCIAL_CITIES,STREET,11,18.0
11491,4,4,183,5,1,70.0,0,N,MELB_URBAN,ROAD,11,18.0
11492,1,6,116,2,6,40.0,0,I,MELB_URBAN,OTHER,8,19.0
11493,2,4,100,5,1,50.0,0,N,MELB_URBAN,ROAD,11,15.0
11494,4,5,171,5,3,80.0,1,N,MELB_URBAN,ROAD,11,0.0
11495,1,4,135,1,1,40.0,0,I,MELB_URBAN,ROAD,11,15.0
11496,1,5,116,2,1,80.0,0,I,TOWNS,HIGHWAY,11,6.0
11497,1,4,130,2,1,80.0,0,I,MELB_URBAN,HIGHWAY,11,13.0
11498,1,4,110,1,1,60.0,0,I,RURAL_VICTORIA,ROAD,11,12.0
11499,1,2,133,1,1,60.0,0,I,MELB_URBAN,STREET,9,8.0
11500,1,5,99,2,1,70.0,0,I,MELB_URBAN,ROAD,11,8.0
11501,1,5,147,5,3,50.0,0,N,MELB_URBAN,ROAD,11,6.0
11502,1,3,130,5,1,60.0,0,N,MELB_URBAN,ROAD,11,17.0
11503,1,5,120,5,1,60.0,0,N,TOWNS,STREET,11,8.0
11504,4,6,171,5,3,60.0,0,N,LARGE_PROVINCIAL_CITIES,STREET,9,20.0
11505,2,2,99,1,1,60.0,0,I,MELB_URBAN,ROAD,10,16.0
11506,1,4,130,5,2,70.0,0,N,MELB_URBAN,ROAD,11,18.0
11507,1,6,130,5,1,100.0,0,N,MELB_URBAN,FREEWAY,10,16.0
11508,1,5,121,2,1,80.0,0,I,MELB_URBAN,ROAD,11,10.0
11509,1,5,121,2,1,80.0,0,I,MELB_URBAN,ROAD,11,8.0
11510,1,5,113,2,1,60.0,0,I,MELB_URBAN,STREET,11,10.0
11511,1,3,99,5,1,60.0,0,N,MELB_URBAN,ROAD,9,13.0
11512,1,5,99,5,1,60.0,0,N,MELB_URBAN,STREET,11,12.0
11513,1,5,130,1,1,60.0,0,I,SMALL_CITIES,STREET,11,9.0
11514,1,6,160,5,3,60.0,0,N,MELB_URBAN,OTHER,10,5.0
11515,4,2,173,5,5,100.0,0,N,RURAL_VICTORIA,ROAD,11,21.0