,accident_type,day_of_week,dca_code,road_geometry,light_condition,speed_zone,severity,node_type,deg_urban_name,road_type,month,hour
11516,1,5,120,5,1,50.0,0,N,MELB_URBAN,DRIVE,11,8.0
11517,8,6,174,5,1,40.0,0,N,MELB_URBAN,STREET,10,8.0
11518,1,5,120,5,1,90.0,0,N,RURAL_VICTORIA,ROAD,11,9.0
11519,1,5,116,2,1,60.0,0,I,MELB_URBAN,STREET,11,9.0
11520,1,5,99,2,1,80.0,0,I,MELB_URBAN,ROAD,11,9.0
11521,1,6,120,2,1,60.0,0,I,MELB_URBAN,ROAD,11,7.0
11522,8,7,174,2,6,60.0,0,I,MELB_URBAN,ROAD,8,20.0
11523,2,6,100,1,1,80.0,0,I,MELB_URBAN,HIGHWAY,11,17.0
11524,1,4,99,5,1,50.0,0,N,MELB_URBAN,STREET,11,16.0
11525,1,5,121,1,1,60.0,0,I,MELB_URBAN,STREET,11,14.0
11526,4,5,183,5,1,100.0,0,N,RURAL_VICTORIA,ROAD,11,9.0
11527,1,5,130,1,1,60.0,0,I,MELB_URBAN,STREET,11,6.0
11528,1,1,113,2,1,70.0,0,I,RURAL_VICTORIA,ROAD,9,9.0
11529,1,4,130,4,2,80.0,0,I,MELB_URBAN,HIGHWAY,10,6.0
11530,1,5,113,2,1,70.0,0,I,RURAL_VICTORIA,HIGHWAY,11,16.0
11531,1,5,99,1,1,70.0,0,I,MELB_URBAN,STREET,11,16.0
11532,1,5,135,5,1,100.0,0,N,MELB_URBAN,ROAD,11,17.0
11533,3,5,167,5,1,50.0,0,N,TOWNS,STREET,11,19.0
11534,6,5,174,2,3,50.0,0,I,MELB_URBAN,STREET,11,23.0
11535,8,6,174,1,3,40.0,0,I,MELB_URBAN,STREET,11,0.0
11536,1,6,110,1,1,80.0,0,I,SMALL_CITIES,ROAD,11,7.0
11537,1,3,130,1,9,50.0,0,I,MELB_URBAN,ROAD,11,21.0
11538,1,6,121,1,1,60.0,0,I,MELB_URBAN,ROAD,11,7.0
11539,1,5,130,2,1,80.0,0,I,MELB_URBAN,HIGHWAY,11,8.0
11540,4,6,173,5,1,100.0,0,N,MELB_URBAN,FREEWAY,11,11.0
11541,1,6,160,5,1,50.0,0,N,MELB_URBAN,STREET,11,11.0
11542,1,6,110,1,1,60.0,0,I,TOWNS,ROAD,11,12.0
11543,2,6,100,5,1,60.0,0,N,MELB_URBAN,OTHER,11,8.0
11544,1,5,121,2,1,50.0,0,I,SMALL_CITIES,STREET,11,13.0
11545,1,6,140,5,1,100.0,0,N,RURAL_VICTORIA,ROAD,11,13.0
11546,6,6,174,5,1,100.0,0,N,RURAL_VICTORIA,ROAD,11,14.0
11547,1,6,130,5,1,60.0,0,N,MELB_URBAN,AVENUE,11,12.0
11548,2,5,99,1,1,50.0,0,I,MELB_URBAN,STREET,11,15.0
11549,1,4,130,2,1,80.0,0,I,MELB_URBAN,ROAD,11,16.0
11550,1,2,99,1,1,80.0,0,I,MELB_URBAN,ROAD,10,8.0
11551,1,6,140,2,1,60.0,0,I,LARGE_PROVINCIAL_CITIES,ROAD,11,16.0
11552,1,6,121,1,1,60.0,0,I,MELB_URBAN,ROAD,11,15.0
11553,1,6,140,2,1,50.0,0,N,MELB_URBAN,STREET,11,17.0
11554,4,6,173,2,1,60.0,1,I,MELB_URBAN,ROAD,11,16.0
11555,8,6,174,5,1,60.0,0,N,MELB_URBAN,ROAD,11,18.0
11556,1,6,130,5,1,80.0,0,N,MELB_URBAN,ROAD,11,18.0
11557,1,6,99,5,1,60.0,0,N,MELB_URBAN,STREET,11,18.0
11558,4,6,181,5,1,100.0,0,N,SMALL_CITIES,ROAD,11,17.0
11559,1,6,99,5,1,110.0,0,N,RURAL_VICTORIA,FREEWAY,11,18.0
11560,1,6,130,5,1,60.0,0,N,SMALL_TOWNS,ROAD,11,15.0
11561,1,6,110,1,1,60.0,0,I,TOWNS,STREET,11,18.0
11562,8,5,174,5,1,60.0,0,N,MELB_URBAN,ROAD,11,12.0
11563,3,6,167,2,5,100.0,0,I,RURAL_VICTORIA,HIGHWAY,11,21.0
11564,1,6,99,5,1,40.0,0,N,MELBOURNE_CBD,STREET,11,18.0
11565,4,6,173,5,2,100.0,1,N,RURAL_VICTORIA,ROAD,11,20.0
11566,1,6,133,5,3,80.0,0,N,MELB_URBAN,HIGHWAY,11,23.0
11567,4,6,181,5,5,100.0,0,N,RURAL_VICTORIA,ROAD,11,20.0
11568,2,6,102,2,1,50.0,0,I,SMALL_CITIES,STREET,11,18.0
11569,1,3,130,5,1,60.0,0,N,MELB_URBAN,STREET,11,11.0
11570,8,7,174,5,2,40.0,0,N,MELB_URBAN,ROAD,11,7.0
11571,1,7,133,5,1,60.0,0,N,MELB_URBAN,STREET,11,7.0
11572,1,6,130,5,6,70.0,0,N,MELB_URBAN,ROAD,11,23.0
11573,1,7,99,5,1,80.0,0,N,RURAL_VICTORIA,ROAD,11,8.0
11574,1,7,147,2,1,50.0,0,I,MELB_URBAN,AVENUE,11,9.0
11575,1,7,113,1,1,100.0,0,I,RURAL_VICTORIA,ROAD,11,10.0
11576,1,6,116,2,1,50.0,0,I,MELB_URBAN,STREET,11,10.0
11577,1,7,130,2,1,70.0,0,I,LARGE_PROVINCIAL_CITIES,HIGHWAY,11,10.0
11578,1,7,147,5,1,60.0,0,N,MELB_URBAN,ROAD,11,11.0
11579,1,7,130,1,1,80.0,0,N,MELB_URBAN,ROAD,11,13.0
11580,1,7,121,5,1,50.0,0,N,MELB_URBAN,ROAD,11,14.0
11581,1,7,130,5,1,70.0,0,I,LARGE_PROVINCIAL_CITIES,STREET,11,13.0
11582,4,7,183,5,1,100.0,0,N,RURAL_VICTORIA,ROAD,11,14.0
11583,8,7,170,5,1,100.0,0,N,RURAL_VICTORIA,ROAD,11,16.0
11584,4,7,181,5,1,80.0,0,N,RURAL_VICTORIA,ROAD,11,13.0
11585,6,7,174,5,1,60.0,0,N,TOWNS,HIGHWAY,11,16.0
11586,1,7,99,5,1,60.0,0,N,MELB_URBAN,HIGHWAY,11,16.0
11587,1,6,120,1,2,80.0,0,I,RURAL_VICTORIA,STREET,11,19.0
11588,2,6,99,5,1,60.0,0,N,MELB_URBAN,OTHER,11,17.0
11589,1,7,163,5,1,50.0,0,N,MELB_URBAN,STREET,11,11.0
11590,2,4,99,5,1,60.0,0,N,MELB_URBAN,ROAD,10,10.0
11591,1,7,121,1,2,70.0,0,I,LARGE_PROVINCIAL_CITIES,STREET,11,19.0
11592,2,7,99,2,3,50.0,0,I,MELB_URBAN,ROAD,11,20.0
11593,1,7,99,5,5,50.0,0,N,SMALL_CITIES,STREET,11,22.0
11594,1,7,110,1,1,50.0,0,I,TOWNS,ROAD,11,18.0
11595,1,1,130,5,3,70.0,0,N,MELB_URBAN,ROAD,11,1.0
11596,8,7,174,2,3,50.0,0,I,MELB_URBAN,AVENUE,11,23.0
11597,1,6,160,5,3,60.0,0,N,MELB_URBAN,ROAD,11,4.0
11598,4,1,171,2,3,50.0,0,I,MELB_URBAN,ROAD,11,0.0
11599,4,1,171,5,3,60.0,0,N,MELB_URBAN,ROAD,11,4.0
11600,4,1,181,5,1,80.0,0,N,SMALL_TOWNS,ROAD,11,11.0
11601,1,1,99,1,1,70.0,0,I,MELB_URBAN,ROAD,11,7.0
11602,4,1,171,5,1,110.0,0,N,RURAL_VICTORIA,FREEWAY,11,7.0
11603,1,7,140,2,1,50.0,0,I,SMALL_TOWNS,DRIVE,11,18.0
11604,1,1,110,1,1,60.0,0,I,SMALL_CITIES,STREET,11,8.0
11605,1,1,147,1,1,100.0,0,N,RURAL_VICTORIA,ROAD,11,8.0
11606,1,5,130,5,1,60.0,0,N,SMALL_CITIES,DRIVE,11,15.0
11607,6,7,99,5,9,100.0,0,N,RURAL_VICTORIA,ROAD,11,8.0
11608,1,1,99,1,1,60.0,0,I,MELB_URBAN,ROAD,11,11.0
11609,1,1,111,2,1,100.0,0,I,RURAL_VICTORIA,ROAD,11,10.0
11610,1,1,99,1,1,60.0,0,I,MELB_URBAN,ROAD,11,12.0
11611,1,1,130,5,1,60.0,0,N,MELB_URBAN,ROAD,11,12.0
11612,4,7,173,5,1,60.0,0,N,MELB_URBAN,FREEWAY,11,14.0
11613,8,1,174,2,1,50.0,0,I,TOWNS,STREET,11,10.0
11614,4,1,171,5,1,80.0,0,N,RURAL_VICTORIA,ROAD,11,9.0
11615,1,1,132,2,1,80.0,0,I,MELB_URBAN,HIGHWAY,11,12.0
11616,1,1,130,5,1,70.0,0,N,MELB_URBAN,HIGHWAY,11,13.0
11617,1,1,121,2,1,60.0,0,I,MELB_URBAN,ROAD,11,12.0
11618,1,7,113,2,3,80.0,0,I,MELB_URBAN,ROAD,11,20.0
11619,4,1,171,5,1,60.0,0,N,MELB_URBAN,ROAD,11,14.0
11620,4,1,181,5,1,90.0,0,N,RURAL_VICTORIA,ROAD,11,16.0
11621,1,1,132,2,1,80.0,0,I,RURAL_VICTORIA,ROAD,11,18.0
11622,1,1,113,2,1,50.0,0,I,MELB_URBAN,STREET,11,17.0
11623,1,1,160,2,1,60.0,0,I,MELB_URBAN,STREET,11,16.0
11624,1,1,132,2,1,80.0,0,I,TOWNS,ROAD,11,17.0
11625,6,1,99,5,1,110.0,0,N,RURAL_VICTORIA,FREEWAY,11,18.0
11626,1,1,120,5,1,100.0,0,N,RURAL_VICTORIA,ROAD,11,15.0
11627,1,1,130,5,1,80.0,0,N,MELB_URBAN,ROAD,11,17.0
11628,1,1,160,2,3,50.0,0,I,MELB_URBAN,STREET,11,20.0
11629,1,1,160,5,1,60.0,0,N,MELB_URBAN,ROAD,11,19.0
11630,6,6,99,2,1,60.0,0,I,SMALL_CITIES,ROAD,11,8.0
11631,3,2,167,5,1,60.0,0,N,RURAL_VICTORIA,ROAD,11,20.0
11632,7,1,174,2,3,60.0,0,I,MELB_URBAN,ROAD,11,21.0
11633,1,5,121,1,1,60.0,0,I,MELB_URBAN,ROAD,11,12.0
11634,1,0,121,2,3,60.0,0,I,MELB_URBAN,STREET,11,23.0
11635,1,1,110,1,3,80.0,0,I,MELB_URBAN,ROAD,11,22.0
11636,6,1,99,2,5,100.0,0,I,RURAL_VICTORIA,ROAD,11,21.0
11637,1,1,99,5,1,60.0,0,N,MELB_URBAN,ROAD,11,13.0
11638,8,1,174,5,1,100.0,0,N,MELB_URBAN,FREEWAY,10,6.0
11639,1,2,147,1,1,50.0,0,I,SMALL_CITIES,STREET,11,8.0
11640,1,1,121,2,1,40.0,0,I,MELB_URBAN,ROAD,11,7.0
11641,1,1,99,2,1,60.0,0,I,MELB_URBAN,AVENUE,11,11.0
11642,1,5,121,2,1,60.0,0,I,MELB_URBAN,HIGHWAY,7,16.0
11643,2,2,99,5,1,50.0,0,N,MELB_URBAN,AVENUE,11,10.0
11644,1,5,130,1,1,50.0,0,I,MELBOURNE_CBD,STREET,2,17.0
11645,1,2,99,5,1,60.0,0,N,LARGE_PROVINCIAL_CITIES,HIGHWAY,11,12.0
11646,1,2,133,5,1,40.0,0,N,MELBOURNE_CBD,STREET,11,9.0
11647,1,3,130,5,2,50.0,0,N,MELB_URBAN,ROAD,10,6.0
11648,1,4,130,2,1,50.0,0,I,LARGE_PROVINCIAL_CITIES,AVENUE,9,16.0
11649,1,3,113,1,1,60.0,0,I,MELB_URBAN,BOULEVARD,11,11.0
11650,1,2,99,2,1,50.0,0,I,MELB_URBAN,ROAD,11,12.0
11651,1,2,110,1,1,60.0,0,I,LARGE_PROVINCIAL_CITIES,STREET,11,10.0
11652,1,4,130,1,1,70.0,0,I,MELB_URBAN,ROAD,9,9.0
11653,4,1,171,5,2,100.0,0,N,MELB_URBAN,FREEWAY,11,19.0
11654,1,2,99,1,1,70.0,0,I,MELB_URBAN,ROAD,11,14.0
11655,1,1,135,5,1,100.0,0,N,MELB_URBAN,FREEWAY,11,13.0
11656,4,2,99,2,1,100.0,0,I,RURAL_VICTORIA,HIGHWAY,11,14.0
11657,1,2,120,5,1,100.0,0,N,RURAL_VICTORIA,ROAD,11,15.0
11658,4,2,183,5,1,80.0,0,N,RURAL_VICTORIA,ROAD,11,15.0
11659,2,2,102,5,1,80.0,0,N,MELB_URBAN,HIGHWAY,11,17.0
11660,6,2,99,5,1,100.0,0,N,RURAL_VICTORIA,ROAD,11,17.0
11661,1,2,130,5,1,60.0,0,N,LARGE_PROVINCIAL_CITIES,STREET,11,17.0
11662,1,2,121,2,1,70.0,0,N,TOWNS,OTHER,11,17.0
11663,1,2,113,2,1,80.0,0,I,SMALL_CITIES,HIGHWAY,11,16.0
11664,1,2,130,5,1,80.0,0,N,MELB_URBAN,ROAD,11,18.0
11665,2,2,99,5,1,60.0,0,N,MELB_URBAN,ROAD,11,15.0
11666,1,2,130,2,1,80.0,0,I,MELB_URBAN,ROAD,11,18.0
11667,1,2,160,5,1,60.0,0,N,MELB_URBAN,STREET,11,16.0
11668,1,2,110,1,2,50.0,0,I,SMALL_CITIES,STREET,11,19.0
11669,1,2,130,5,1,80.0,0,N,RURAL_VICTORIA,HIGHWAY,11,18.0
11670,7,6,174,5,9,50.0,0,N,MELB_URBAN,OTHER,3,18.0
11671,1,1,160,5,1,50.0,0,N,MELB_URBAN,BOULEVARD,11,11.0
11672,8,4,174,5,1,50.0,0,N,SMALL_TOWNS,AVENUE,9,11.0
11673,1,1,99,1,1,60.0,0,I,LARGE_PROVINCIAL_CITIES,STREET,11,8.0
11674,1,2,160,5,3,60.0,0,N,MELB_URBAN,ROAD,11,23.0
11675,4,2,183,2,5,70.0,0,I,MELB_URBAN,ROAD,11,23.0
11676,6,3,174,1,3,60.0,0,I,LARGE_PROVINCIAL_CITIES,ROAD,11,2.0
11677,1,2,99,5,1,50.0,0,N,SMALL_TOWNS,STREET,11,19.0
11678,4,3,181,5,2,80.0,0,N,RURAL_VICTORIA,STREET,11,6.0
11679,1,3,130,5,1,60.0,0,N,MELB_URBAN,HIGHWAY,11,6.0
11680,1,2,121,1,3,60.0,0,I,MELB_URBAN,OTHER,11,21.0
11681,2,4,99,1,1,60.0,0,N,MELB_URBAN,ROAD,10,9.0
11682,4,2,173,5,1,100.0,0,N,RURAL_VICTORIA,ROAD,11,15.0
11683,1,3,140,5,1,50.0,0,N,MELB_URBAN,AVENUE,11,7.0
11684,1,3,130,2,1,80.0,0,I,SMALL_CITIES,HIGHWAY,11,7.0
11685,1,3,99,5,1,60.0,0,N,MELB_URBAN,STREET,11,8.0
11686,1,3,130,5,1,100.0,0,N,MELB_URBAN,FREEWAY,11,7.0
11687,1,7,147,2,1,60.0,0,I,MELB_URBAN,STREET,11,17.0
11688,1,2,130,2,1,60.0,0,I,LARGE_PROVINCIAL_CITIES,STREET,10,15.0
11689,4,2,183,5,1,80.0,0,N,SMALL_TOWNS,ROAD,11,14.0
11690,2,3,102,5,1,60.0,0,N,MELB_URBAN,ROAD,11,11.0
11691,1,2,132,2,1,60.0,0,I,MELB_URBAN,STREET,11,19.0
11692,1,5,121,1,1,60.0,0,I,MELB_URBAN,STREET,10,15.0
11693,1,1,116,1,3,80.0,0,N,MELB_URBAN,OTHER,10,20.0
11694,1,3,130,1,1,80.0,0,I,TOWNS,HIGHWAY,11,11.0
11695,6,2,99,5,1,50.0,0,N,MELB_URBAN,STREET,6,16.0
11696,1,1,121,5,1,60.0,0,N,TOWNS,STREET,11,15.0
11697,4,3,171,5,1,50.0,0,N,MELB_URBAN,ROAD,11,8.0
11698,3,4,167,5,1,80.0,0,N,RURAL_VICTORIA,ROAD,11,17.0
11699,1,3,130,1,1,50.0,0,I,MELB_URBAN,STREET,11,8.0
11700,4,3,171,5,1,80.0,0,N,MELB_URBAN,ROAD,11,9.0
11701,1,3,121,1,1,80.0,0,N,RURAL_VICTORIA,ROAD,11,13.0
11702,1,3,135,5,1,80.0,0,N,MELB_URBAN,ROAD,7,8.0
11703,1,3,113,1,1,60.0,0,I,TOWNS,STREET,11,14.0
11704,2,3,100,2,1,80.0,0,I,MELB_URBAN,ROAD,11,15.0
11705,6,3,99,5,1,100.0,0,N,RURAL_VICTORIA,HIGHWAY,11,13.0
11706,1,3,99,2,1,50.0,0,I,MELB_URBAN,STREET,11,10.0
11707,7,6,99,5,1,50.0,0,N,MELB_URBAN,STREET,11,15.0
11708,1,3,121,2,1,70.0,0,I,MELB_URBAN,ROAD,11,16.0
11709,1,3,121,2,1,60.0,0,I,TOWNS,ROAD,11,16.0
11710,1,3,130,1,1,60.0,0,I,MELB_URBAN,STREET,11,16.0
11711,1,3,99,5,1,50.0,0,N,MELB_URBAN,DRIVE,11,17.0
11712,1,3,140,2,1,60.0,0,I,MELB_URBAN,ROAD,11,14.0
11713,1,3,110,1,1,70.0,0,I,MELB_URBAN,HIGHWAY,11,17.0
11714,1,3,130,2,1,80.0,0,I,MELB_URBAN,ROAD,11,17.0
11715,1,6,130,2,1,60.0,0,I,SMALL_CITIES,STREET,11,11.0
11716,1,3,130,1,1,60.0,0,I,MELB_URBAN,STREET,11,17.0
11717,1,3,130,1,1,60.0,0,I,MELB_URBAN,ROAD,11,14.0
11718,1,3,121,2,1,60.0,0,I,MELB_URBAN,STREET,11,18.0
11719,1,3,121,2,1,70.0,0,I,MELB_URBAN,ROAD,11,14.0
11720,2,3,102,5,3,60.0,0,N,MELB_URBAN,ROAD,11,20.0
11721,1,3,132,2,1,60.0,0,I,MELB_URBAN,ROAD,11,19.0
11722,1,3,130,1,1,80.0,0,I,MELB_URBAN,HIGHWAY,11,16.0
11723,1,3,130,2,1,80.0,0,N,MELB_URBAN,ROAD,11,17.0
11724,4,3,173,5,2,110.0,0,N,SMALL_CITIES,FREEWAY,11,19.0
11725,4,3,171,5,3,80.0,0,N,MELB_URBAN,ROAD,11,20.0
11726,4,4,171,5,3,60.0,0,N,MELB_URBAN,ROAD,11,2.0
11727,1,4,99,2,3,50.0,0,I,MELB_URBAN,STREET,11,4.0
11728,1,4,113,2,2,60.0,0,I,MELB_URBAN,STREET,11,6.0
11729,1,4,110,1,1,60.0,0,I,SMALL_CITIES,STREET,11,7.0
11730,4,4,171,2,1,50.0,0,I,MELB_URBAN,STREET,11,7.0
11731,7,3,99,5,1,50.0,0,N,RURAL_VICTORIA,STREET,11,11.0
11732,1,4,99,5,1,40.0,0,N,MELB_URBAN,ROAD,11,8.0
11733,1,3,135,2,1,80.0,0,I,MELB_URBAN,HIGHWAY,11,14.0
11734,1,4,130,5,2,60.0,0,N,MELB_URBAN,DRIVE,11,7.0
11735,1,5,130,2,1,70.0,0,I,LARGE_PROVINCIAL_CITIES,ROAD,5,8.0
11736,7,3,174,1,1,60.0,0,I,TOWNS,STREET,10,13.0
11737,1,4,110,1,1,80.0,0,I,SMALL_CITIES,STREET,11,11.0
11738,1,4,130,1,1,60.0,0,I,RURAL_VICTORIA,HIGHWAY,11,7.0
11739,1,3,171,1,1,60.0,0,I,MELB_URBAN,ROAD,11,16.0
11740,6,7,184,5,1,60.0,0,N,RURAL_VICTORIA,ROAD,11,13.0
11741,1,3,99,1,3,60.0,0,N,MELB_URBAN,HIGHWAY,11,21.0
11742,1,3,133,2,1,80.0,0,I,SMALL_TOWNS,HIGHWAY,11,13.0
11743,1,4,99,5,1,60.0,0,N,SMALL_CITIES,STREET,11,13.0
11744,1,3,135,5,3,60.0,0,N,MELB_URBAN,ROAD,11,21.0
11745,1,4,130,2,1,60.0,0,I,MELB_URBAN,ROAD,11,12.0
11746,8,4,174,2,1,70.0,0,I,MELB_URBAN,ROAD,11,9.0
11747,8,4,99,5,1,80.0,0,N,MELB_URBAN,ROAD,11,14.0
11748,1,4,130,5,1,80.0,0,N,MELB_URBAN,HIGHWAY,11,14.0
11749,2,1,99,2,3,60.0,0,I,MELB_URBAN,STREET,11,22.0
11750,1,4,134,5,1,80.0,0,N,RURAL_VICTORIA,HIGHWAY,11,16.0
11751,4,7,181,2,1,100.0,0,N,RURAL_VICTORIA,ROAD,11,11.0
11752,1,4,121,2,1,60.0,0,I,MELB_URBAN,ROAD,11,15.0
11753,1,4,130,5,1,70.0,0,N,MELB_URBAN,ROAD,11,15.0
11754,1,4,130,1,1,60.0,0,I,LARGE_PROVINCIAL_CITIES,STREET,11,17.0
11755,7,2,174,5,1,60.0,0,N,RURAL_VICTORIA,ROAD,11,16.0
11756,4,3,171,4,1,100.0,0,I,SMALL_TOWNS,FREEWAY,11,16.0
11757,1,4,130,2,1,70.0,0,N,MELB_URBAN,ROAD,11,16.0
11758,1,4,121,2,1,40.0,0,I,MELB_URBAN,ROAD,11,16.0
11759,2,4,100,2,1,80.0,0,I,SMALL_CITIES,ROAD,11,15.0
11760,1,3,121,2,1,60.0,0,I,MELB_URBAN,ROAD,10,17.0
11761,1,4,132,2,1,60.0,0,I,MELB_URBAN,ROAD,11,18.0
11762,1,4,113,2,1,60.0,0,I,MELB_URBAN,STREET,11,13.0
11763,1,3,133,1,1,40.0,0,I,MELB_URBAN,STREET,11,18.0
11764,1,3,121,2,1,60.0,0,I,MELB_URBAN,STREET,10,8.0
11765,1,3,110,1,3,50.0,0,I,SMALL_CITIES,STREET,11,20.0
11766,2,4,99,2,3,60.0,0,I,MELB_URBAN,AVENUE,11,22.0
11767,1,5,173,5,3,80.0,0,N,MELB_URBAN,ROAD,11,2.0
11768,1,5,130,5,1,60.0,0,N,MELB_URBAN,STREET,11,10.0
11769,1,1,130,1,1,40.0,0,I,MELB_URBAN,ROAD,11,17.0
11770,1,2,132,2,2,60.0,0,I,MELB_URBAN,ROAD,7,17.0
11771,1,3,132,2,1,60.0,0,I,MELB_URBAN,ROAD,10,18.0
11772,1,5,99,2,1,80.0,0,I,MELB_URBAN,ROAD,11,8.0
11773,1,6,130,5,1,50.0,0,N,LARGE_PROVINCIAL_CITIES,ROAD,10,17.0
11774,6,4,170,5,1,100.0,0,N,RURAL_VICTORIA,ROAD,11,14.0
11775,1,4,121,2,1,40.0,1,I,MELB_URBAN,ROAD,11,7.0
11776,1,5,160,2,1,60.0,0,I,MELB_URBAN,PARADE,11,9.0
11777,1,7,99,1,1,50.0,0,I,MELB_URBAN,HIGHWAY,11,12.0
11778,3,5,167,5,1,100.0,0,N,RURAL_VICTORIA,HIGHWAY,11,12.0
11779,7,3,184,5,1,100.0,0,N,RURAL_VICTORIA,ROAD,11,8.0
11780,2,5,102,5,1,50.0,0,N,TOWNS,STREET,11,11.0
11781,4,5,171,2,2,60.0,0,I,RURAL_VICTORIA,ROAD,11,7.0
11782,1,5,113,2,1,60.0,0,I,MELB_URBAN,ROAD,11,11.0
11783,1,4,110,1,1,80.0,0,I,MELB_URBAN,ROAD,11,11.0
11784,5,7,99,5,1,100.0,0,N,RURAL_VICTORIA,ROAD,10,15.0
11785,1,5,121,1,1,80.0,0,N,RURAL_VICTORIA,OTHER,11,13.0
11786,1,5,121,2,1,70.0,0,I,MELB_URBAN,ROAD,11,10.0
11787,6,5,99,5,1,100.0,0,N,RURAL_VICTORIA,ROAD,11,13.0
11788,1,5,121,4,1,60.0,0,I,MELB_URBAN,STREET,11,14.0
11789,1,5,130,1,1,60.0,0,I,LARGE_PROVINCIAL_CITIES,STREET,11,13.0
11790,1,4,163,5,1,60.0,0,N,MELB_URBAN,ROAD,11,16.0
11791,1,5,130,5,1,80.0,0,N,MELB_URBAN,UNKNOWN,11,17.0
11792,1,5,135,5,1,50.0,0,N,MELB_URBAN,ROAD,11,11.0
11793,2,2,100,1,2,60.0,0,I,MELB_URBAN,STREET,11,17.0
11794,4,5,171,5,1,50.0,1,N,TOWNS,ROAD,11,10.0
11795,1,5,110,1,1,60.0,0,N,MELB_URBAN,ROAD,11,13.0
11796,1,4,130,4,1,60.0,0,I,MELB_URBAN,ROAD,11,11.0
11797,1,3,130,5,1,100.0,0,N,TOWNS,STREET,11,9.0
11798,1,5,120,5,1,90.0,0,N,RURAL_VICTORIA,HIGHWAY,11,17.0
11799,1,5,140,5,1,60.0,0,N,MELB_URBAN,PARADE,11,18.0
11800,1,6,110,1,1,60.0,0,I,MELB_URBAN,STREET,10,13.0
11801,1,5,110,1,1,100.0,0,I,MELB_URBAN,ROAD,11,18.0
11802,6,5,99,5,3,70.0,0,N,LARGE_PROVINCIAL_CITIES,ROAD,11,23.0
11803,1,6,99,1,3,60.0,0,I,MELB_URBAN,HIGHWAY,11,4.0
11804,1,6,120,5,3,60.0,0,N,MELB_URBAN,ROAD,11,5.0
11805,1,6,130,2,3,60.0,0,I,MELB_URBAN,ROAD,11,5.0
11806,4,6,171,1,2,60.0,0,I,MELB_URBAN,ROAD,11,6.0
11807,8,6,174,2,1,60.0,0,I,MELB_URBAN,STREET,11,7.0
11808,1,5,132,1,1,100.0,0,I,RURAL_VICTORIA,ROAD,11,15.0
11809,1,1,140,2,1,100.0,0,I,RURAL_VICTORIA,ROAD,10,14.0
11810,4,5,173,5,1,100.0,0,N,RURAL_VICTORIA,ROAD,11,17.0
11811,1,6,130,5,1,80.0,0,N,MELB_URBAN,ROAD,11,7.0
11812,1,7,147,5,1,60.0,0,N,MELB_URBAN,STREET,11,14.0
11813,6,1,174,5,1,60.0,0,N,RURAL_VICTORIA,ROAD,11,17.0
11814,1,5,121,1,1,60.0,0,I,TOWNS,STREET,11,8.0
11815,4,5,173,5,3,60.0,0,N,MELB_URBAN,ROAD,7,19.0
11816,1,5,99,2,1,40.0,0,N,MELB_URBAN,ROAD,11,8.0
11817,1,3,130,5,1,60.0,0,N,MELB_URBAN,ROAD,9,14.0
11818,4,6,99,2,1,100.0,0,I,RURAL_VICTORIA,ROAD,9,15.0
11819,4,5,181,5,1,60.0,0,N,RURAL_VICTORIA,OTHER,11,15.0
11820,2,6,99,5,1,80.0,0,N,MELB_URBAN,HIGHWAY,11,13.0
11821,1,6,130,1,1,80.0,0,I,MELB_URBAN,ROAD,11,12.0
11822,1,6,133,5,1,40.0,0,N,MELB_URBAN,ROAD,11,7.0
11823,1,5,99,1,1,60.0,0,I,MELB_URBAN,STREET,11,18.0
11824,1,4,99,5,1,60.0,0,N,SMALL_TOWNS,STREET,7,13.0
11825,4,6,183,5,1,80.0,0,N,RURAL_VICTORIA,ROAD,11,12.0
11826,1,3,110,1,2,60.0,0,I,LARGE_PROVINCIAL_CITIES,STREET,11,19.0
11827,4,6,173,5,1,50.0,0,N,RURAL_VICTORIA,ROAD,11,13.0
11828,4,6,171,5,1,50.0,0,N,MELB_URBAN,STREET,11,12.0
11829,4,2,181,5,1,100.0,0,N,RURAL_VICTORIA,ROAD,11,14.0
11830,2,6,102,1,1,60.0,0,I,MELB_URBAN,ROAD,11,7.0
11831,1,6,130,5,1,100.0,0,N,MELB_URBAN,FREEWAY,11,13.0
11832,1,6,121,2,1,60.0,0,I,MELB_URBAN,ROAD,11,8.0
11833,1,6,110,1,1,80.0,0,I,TOWNS,HIGHWAY,11,15.0
11834,4,6,181,2,1,100.0,0,I,RURAL_VICTORIA,DRIVE,11,15.0
11835,1,6,116,2,1,60.0,0,I,TOWNS,HIGHWAY,11,16.0
11836,1,6,130,2,1,60.0,0,I,MELB_URBAN,ROAD,11,14.0
11837,1,6,99,1,1,80.0,0,I,MELB_URBAN,HIGHWAY,11,15.0
11838,2,6,100,1,1,50.0,0,I,LARGE_PROVINCIAL_CITIES,STREET,11,15.0
11839,1,6,160,2,1,50.0,0,I,MELB_URBAN,ROAD,11,13.0
11840,1,6,99,1,1,50.0,0,I,MELB_URBAN,STREET,11,18.0
11841,1,6,135,5,1,100.0,0,N,MELB_URBAN,FREEWAY,11,18.0
11842,2,6,102,2,1,50.0,0,N,MELB_URBAN,STREET,11,16.0