,accident_type,day_of_week,dca_code,road_geometry,light_condition,speed_zone,severity,node_type,deg_urban_name,road_type,month,hour
11843,6,1,99,5,1,100.0,0,N,RURAL_VICTORIA,ROAD,11,14.0
11844,1,6,132,1,1,80.0,0,I,MELB_URBAN,ROAD,11,16.0
11845,1,6,110,1,1,80.0,0,I,SMALL_CITIES,HIGHWAY,11,19.0
11846,1,6,99,5,1,60.0,0,N,MELB_URBAN,ROAD,11,16.0
11847,3,5,167,5,5,100.0,0,N,RURAL_VICTORIA,ROAD,11,20.0
11848,1,6,160,5,1,70.0,0,N,MELB_URBAN,ROAD,11,15.0
11849,1,6,121,2,2,60.0,1,I,LARGE_PROVINCIAL_CITIES,STREET,11,20.0
11850,1,3,99,1,1,50.0,0,I,MELB_URBAN,STREET,11,18.0
11851,4,6,173,2,5,100.0,0,I,RURAL_VICTORIA,ROAD,11,23.0
11852,2,6,99,5,5,80.0,1,N,SMALL_TOWNS,AVENUE,11,21.0
11853,2,7,99,5,3,60.0,0,N,MELB_URBAN,PARADE,11,1.0
11854,1,6,130,5,3,60.0,0,N,MELB_URBAN,ROAD,11,22.0
11855,4,7,171,1,3,70.0,0,I,TOWNS,HIGHWAY,11,3.0
11856,4,7,173,5,2,60.0,0,N,TOWNS,STREET,11,6.0
11857,1,5,110,1,1,60.0,0,I,MELB_URBAN,ROAD,11,14.0
11858,4,6,171,5,1,100.0,0,N,RURAL_VICTORIA,ROAD,11,16.0
11859,1,7,110,1,1,50.0,0,I,SMALL_TOWNS,HIGHWAY,11,7.0
11860,1,7,130,5,1,80.0,0,N,MELB_URBAN,ROAD,11,7.0
11861,1,7,116,2,1,80.0,0,I,MELB_URBAN,ROAD,11,8.0
11862,8,7,174,2,1,60.0,0,I,RURAL_VICTORIA,ROAD,9,14.0
11863,1,7,160,5,1,100.0,0,N,RURAL_VICTORIA,HIGHWAY,11,11.0
11864,1,7,147,5,1,60.0,0,N,LARGE_PROVINCIAL_CITIES,STREET,11,11.0
11865,1,4,99,1,1,40.0,0,I,TOWNS,STREET,11,10.0
11866,1,6,130,2,1,60.0,0,I,MELB_URBAN,STREET,11,17.0
11867,2,7,99,5,1,60.0,0,N,MELB_URBAN,ROAD,11,11.0
11868,1,7,113,2,1,60.0,0,I,MELB_URBAN,ROAD,11,13.0
11869,1,6,130,1,1,60.0,0,I,MELB_URBAN,ROAD,11,14.0
11870,1,7,130,1,1,80.0,0,I,MELB_URBAN,ROAD,11,13.0
11871,4,7,173,5,5,110.0,1,N,RURAL_VICTORIA,FREEWAY,11,6.0
11872,1,5,121,2,2,60.0,0,I,MELB_URBAN,ROAD,11,6.0
11873,1,6,110,1,1,50.0,0,I,TOWNS,STREET,11,15.0
11874,7,7,174,5,1,60.0,0,N,MELB_URBAN,ROAD,9,10.0
11875,4,7,171,5,1,100.0,0,N,RURAL_VICTORIA,ROAD,11,15.0
11876,1,7,110,1,1,70.0,0,I,MELB_URBAN,ROAD,11,16.0
11877,1,7,121,1,1,60.0,0,I,MELB_URBAN,HIGHWAY,11,16.0
11878,8,7,174,5,1,60.0,0,N,MELB_URBAN,ROAD,11,16.0
11879,2,2,102,1,1,60.0,0,I,MELB_URBAN,STREET,11,7.0
11880,6,7,170,5,2,50.0,0,N,SMALL_TOWNS,AVENUE,11,19.0
11881,4,7,183,5,1,60.0,0,N,RURAL_VICTORIA,ROAD,11,16.0
11882,4,7,183,5,1,110.0,0,N,RURAL_VICTORIA,FREEWAY,11,18.0
11883,8,7,174,5,1,100.0,0,UNKNOWN,UNKNOWN,UNKNOWN,11,13.0
11884,4,7,171,5,1,80.0,0,N,RURAL_VICTORIA,ROAD,11,18.0
11885,1,6,130,2,3,50.0,0,I,SMALL_CITIES,HIGHWAY,11,21.0
11886,1,7,113,1,1,60.0,0,I,RURAL_VICTORIA,STREET,11,19.0
11887,2,7,100,5,3,40.0,0,N,MELB_URBAN,STREET,11,23.0
11888,1,7,140,2,3,70.0,0,I,MELB_URBAN,HIGHWAY,11,20.0
11889,6,7,170,5,5,80.0,0,N,RURAL_VICTORIA,ROAD,11,22.0
11890,4,0,183,5,3,70.0,0,N,MELB_URBAN,BOULEVARD,11,6.0
11891,1,6,111,2,1,50.0,0,I,MELB_URBAN,STREET,11,16.0
11892,4,1,171,5,1,60.0,0,N,MELB_URBAN,ROAD,11,8.0
11893,1,1,110,1,1,100.0,0,I,RURAL_VICTORIA,ROAD,11,9.0
11894,4,7,173,5,5,100.0,0,N,RURAL_VICTORIA,ROAD,11,22.0
11895,1,1,99,5,1,80.0,0,N,MELB_URBAN,ROAD,11,9.0
11896,1,1,133,5,1,60.0,0,I,TOWNS,ROAD,11,12.0
11897,6,7,174,1,1,50.0,0,I,TOWNS,STREET,11,17.0
11898,1,7,120,5,3,70.0,0,N,MELB_URBAN,ROAD,11,22.0
11899,2,1,102,2,1,50.0,0,I,SMALL_CITIES,STREET,11,12.0
11900,1,1,113,2,1,60.0,0,I,RURAL_VICTORIA,ROAD,11,10.0
11901,1,1,130,2,1,70.0,0,I,MELB_URBAN,ROAD,11,13.0
11902,1,1,171,2,1,60.0,0,I,MELB_URBAN,ROAD,11,14.0
11903,4,7,173,5,5,100.0,0,N,RURAL_VICTORIA,OTHER,11,23.0
11904,1,1,120,5,1,60.0,0,N,RURAL_VICTORIA,ROAD,11,13.0
11905,1,1,111,1,1,50.0,0,I,MELB_URBAN,STREET,11,15.0
11906,4,1,173,1,1,60.0,0,I,MELB_URBAN,DRIVE,11,9.0
11907,1,7,160,5,1,60.0,0,N,MELB_URBAN,ROAD,6,10.0
11908,4,1,171,5,1,100.0,0,N,RURAL_VICTORIA,ROAD,11,13.0
11909,1,1,130,1,1,60.0,0,I,LARGE_PROVINCIAL_CITIES,STREET,11,12.0
11910,1,0,121,2,1,60.0,0,I,MELB_URBAN,ROAD,11,13.0
11911,1,2,121,2,1,60.0,0,I,MELB_URBAN,ROAD,11,13.0
11912,1,1,121,2,1,60.0,0,I,MELB_URBAN,ROAD,11,16.0
11913,7,1,99,5,1,50.0,0,N,MELB_URBAN,OTHER,11,19.0
11914,8,1,184,5,1,80.0,1,N,SMALL_TOWNS,ROAD,11,13.0
11915,3,7,167,5,1,100.0,0,N,RURAL_VICTORIA,ROAD,11,17.0
11916,1,1,99,1,1,80.0,0,N,MELB_URBAN,ROAD,11,18.0
11917,4,2,171,5,5,110.0,0,N,RURAL_VICTORIA,FREEWAY,11,1.0
11918,1,5,130,2,1,70.0,0,I,MELB_URBAN,ROAD,11,10.0
11919,6,2,99,5,1,100.0,0,N,RURAL_VICTORIA,ROAD,11,8.0
11920,1,6,130,1,2,60.0,0,I,MELB_URBAN,ROAD,11,19.0
11921,1,2,133,5,1,80.0,0,N,MELB_URBAN,FREEWAY,11,9.0
11922,1,2,99,5,1,40.0,0,N,MELBOURNE_CBD,STREET,11,10.0
11923,1,2,132,2,1,30.0,0,I,MELB_URBAN,ROAD,11,11.0
11924,1,5,99,2,1,60.0,0,I,MELB_URBAN,ROAD,11,15.0
11925,7,4,99,2,1,50.0,0,I,TOWNS,STREET,9,11.0
11926,1,1,130,1,1,70.0,0,I,MELB_URBAN,ROAD,11,12.0
11927,4,2,99,5,1,100.0,0,N,RURAL_VICTORIA,ROAD,11,10.0
11928,1,2,130,5,1,60.0,0,N,MELB_URBAN,ROAD,11,8.0
11929,1,2,121,2,1,80.0,0,I,SMALL_TOWNS,ROAD,11,13.0
11930,1,2,116,2,1,50.0,0,I,MELB_URBAN,ROAD,11,7.0
11931,1,2,132,4,1,60.0,0,I,MELB_URBAN,ROAD,11,11.0
11932,2,7,100,5,9,60.0,0,N,MELB_URBAN,STREET,11,19.0
11933,1,2,113,2,1,70.0,0,I,RURAL_VICTORIA,ROAD,11,14.0
11934,1,7,130,5,3,100.0,0,N,MELB_URBAN,FREEWAY,11,23.0
11935,1,2,163,2,1,40.0,0,I,MELB_URBAN,STREET,11,15.0
11936,1,6,121,5,1,50.0,0,N,TOWNS,STREET,11,13.0
11937,4,2,171,2,1,50.0,0,I,MELB_URBAN,STREET,11,16.0
11938,2,2,99,2,1,50.0,0,I,MELB_URBAN,OTHER,11,13.0
11939,1,2,99,5,1,80.0,0,N,TOWNS,ROAD,11,17.0
11940,4,2,171,2,1,60.0,0,I,SMALL_CITIES,ROAD,11,12.0
11941,1,2,134,2,1,60.0,0,I,MELB_URBAN,AVENUE,11,17.0
11942,4,2,171,5,1,110.0,0,N,RURAL_VICTORIA,FREEWAY,11,18.0
11943,1,2,140,5,1,60.0,0,N,MELB_URBAN,ROAD,11,15.0
11944,7,2,174,2,3,50.0,0,I,MELB_URBAN,STREET,11,21.0
11945,4,3,171,5,3,50.0,0,N,TOWNS,STREET,11,0.0
11946,1,2,121,1,1,60.0,0,I,MELB_URBAN,ROAD,11,17.0
11947,1,3,133,5,1,60.0,0,N,MELB_URBAN,ROAD,11,17.0
11948,1,3,130,5,1,40.0,0,N,MELB_URBAN,STREET,11,7.0
11949,1,2,163,5,1,60.0,0,N,MELB_URBAN,ROAD,11,10.0
11950,1,3,120,5,1,60.0,0,N,MELB_URBAN,ROAD,11,8.0
11951,1,3,121,4,1,60.0,0,I,MELB_URBAN,OTHER,11,8.0
11952,1,3,120,5,1,60.0,0,N,MELB_URBAN,STREET,11,7.0
11953,8,3,174,5,1,40.0,0,N,MELB_URBAN,ROAD,11,11.0
11954,1,3,130,1,1,60.0,0,I,MELB_URBAN,ROAD,11,11.0
11955,6,3,99,5,1,100.0,0,N,RURAL_VICTORIA,HIGHWAY,11,11.0
11956,8,3,184,5,1,50.0,0,N,MELB_URBAN,HIGHWAY,11,11.0
11957,1,3,116,1,1,80.0,0,I,MELB_URBAN,ROAD,11,6.0
11958,1,3,132,2,1,80.0,0,I,MELB_URBAN,ROAD,11,7.0
11959,2,2,100,2,1,60.0,0,I,MELB_URBAN,OTHER,11,18.0
11960,2,3,99,5,1,60.0,0,N,LARGE_PROVINCIAL_CITIES,ROAD,11,12.0
11961,4,3,99,5,1,50.0,0,N,MELB_URBAN,AVENUE,11,12.0
11962,6,6,99,5,1,100.0,0,N,RURAL_VICTORIA,ROAD,11,17.0
11963,2,2,102,2,1,60.0,0,I,MELB_URBAN,ROAD,11,19.0
11964,1,3,113,1,1,60.0,0,I,MELB_URBAN,ROAD,11,15.0
11965,1,3,99,5,1,90.0,0,N,MELB_URBAN,ROAD,11,14.0
11966,1,3,116,4,1,80.0,0,N,MELB_URBAN,ROAD,11,17.0
11967,2,2,102,2,1,80.0,0,I,SMALL_TOWNS,HIGHWAY,11,17.0
11968,2,3,100,1,1,60.0,0,I,MELB_URBAN,STREET,11,17.0
11969,6,3,184,5,1,50.0,0,N,LARGE_PROVINCIAL_CITIES,OTHER,11,16.0
11970,1,2,121,4,1,110.0,0,N,RURAL_VICTORIA,STREET,11,16.0
11971,2,5,99,5,1,60.0,0,N,MELB_URBAN,DRIVE,9,11.0
11972,2,3,100,5,1,60.0,0,N,MELB_URBAN,PARADE,11,16.0
11973,2,3,102,4,1,60.0,0,N,MELB_URBAN,ROAD,11,18.0
11974,1,3,120,5,1,100.0,1,N,RURAL_VICTORIA,HIGHWAY,11,15.0
11975,1,3,121,1,3,60.0,0,I,MELB_URBAN,ROAD,11,20.0
11976,2,3,99,2,3,50.0,0,I,MELB_URBAN,OTHER,11,21.0
11977,1,3,160,5,2,60.0,0,N,MELB_URBAN,ROAD,11,6.0
11978,4,4,173,1,3,60.0,0,I,MELB_URBAN,DRIVE,11,1.0
11979,2,3,102,1,3,60.0,0,I,MELB_URBAN,ROAD,11,23.0
11980,1,4,121,2,2,60.0,0,I,MELB_URBAN,ROAD,11,5.0
11981,1,4,140,2,1,80.0,0,I,MELB_URBAN,HIGHWAY,11,8.0
11982,1,7,110,1,1,60.0,0,I,MELB_URBAN,ROAD,11,15.0
11983,1,4,160,5,1,70.0,0,N,MELB_URBAN,ROAD,11,7.0
11984,2,4,99,5,1,60.0,0,N,MELB_URBAN,ROAD,11,9.0
11985,2,4,100,1,1,50.0,0,I,MELB_URBAN,STREET,11,8.0
11986,1,4,160,5,1,60.0,0,N,MELB_URBAN,STREET,11,8.0
11987,8,1,184,5,1,60.0,0,UNKNOWN,UNKNOWN,UNKNOWN,11,13.0
11988,1,4,113,2,1,80.0,0,I,RURAL_VICTORIA,DRIVE,11,9.0
11989,1,4,132,2,1,60.0,0,N,RURAL_VICTORIA,STREET,11,8.0
11990,8,5,174,2,1,80.0,0,I,MELB_URBAN,ROAD,9,11.0
11991,2,4,99,5,1,50.0,0,N,SMALL_CITIES,STREET,11,10.0
11992,1,4,121,1,1,60.0,0,I,MELB_URBAN,STREET,11,7.0
11993,1,4,130,2,1,70.0,0,I,LARGE_PROVINCIAL_CITIES,HIGHWAY,11,11.0
11994,1,4,113,2,1,80.0,0,I,MELB_URBAN,ROAD,11,11.0
11995,6,4,99,5,1,100.0,0,N,TOWNS,ROAD,11,11.0
11996,1,5,130,2,1,60.0,0,I,MELB_URBAN,ROAD,11,19.0
11997,1,4,113,1,1,50.0,0,I,MELB_URBAN,STREET,11,9.0
11998,1,4,121,1,1,60.0,0,I,LARGE_PROVINCIAL_CITIES,ROAD,11,12.0
11999,1,4,130,1,1,60.0,0,I,SMALL_CITIES,ROAD,11,13.0
12000,4,4,181,5,1,100.0,0,N,RURAL_VICTORIA,HIGHWAY,11,14.0
12001,1,4,130,5,1,70.0,0,N,MELB_URBAN,ROAD,11,15.0
12002,1,4,111,1,1,60.0,0,I,MELB_URBAN,STREET,11,7.0
12003,1,7,99,1,1,50.0,0,I,MELB_URBAN,PARADE,10,14.0
12004,1,4,121,1,1,60.0,0,I,MELB_URBAN,ROAD,11,15.0
12005,1,4,160,5,1,60.0,0,N,LARGE_PROVINCIAL_CITIES,STREET,11,13.0
12006,4,1,171,2,1,100.0,0,I,RURAL_VICTORIA,ROAD,11,15.0
12007,1,4,130,5,1,70.0,0,N,SMALL_CITIES,AVENUE,11,17.0
12008,1,4,99,5,1,50.0,0,N,SMALL_CITIES,STREET,11,16.0
12009,1,4,130,5,1,110.0,0,N,RURAL_VICTORIA,HIGHWAY,11,16.0
12010,1,4,99,1,1,60.0,0,I,MELB_URBAN,OTHER,11,8.0
12011,8,2,99,2,1,50.0,0,I,MELB_URBAN,BOULEVARD,11,17.0
12012,1,4,130,5,1,40.0,0,N,MELB_URBAN,ROAD,11,18.0
12013,1,4,160,5,1,50.0,0,N,MELB_URBAN,ROAD,11,17.0
12014,2,4,99,1,1,60.0,0,I,SMALL_TOWNS,ROAD,11,15.0
12015,4,4,171,5,1,60.0,0,N,TOWNS,ROAD,11,19.0
12016,1,3,130,1,1,50.0,0,I,MELB_URBAN,ROAD,11,15.0
12017,1,2,132,2,1,60.0,0,I,MELB_URBAN,ROAD,11,16.0
12018,1,4,99,1,1,80.0,0,I,MELB_URBAN,ROAD,11,18.0
12019,1,4,121,1,1,70.0,0,I,MELB_URBAN,ROAD,11,19.0
12020,1,6,113,2,1,70.0,0,I,MELB_URBAN,ROAD,8,8.0
12021,1,4,130,5,5,110.0,0,N,LARGE_PROVINCIAL_CITIES,FREEWAY,11,0.0
12022,4,5,171,2,3,80.0,0,I,MELB_URBAN,HIGHWAY,11,0.0
12023,4,5,171,5,3,60.0,1,N,MELB_URBAN,DRIVE,11,0.0
12024,1,5,99,5,3,60.0,0,N,MELB_URBAN,HIGHWAY,11,4.0
12025,4,5,173,5,1,70.0,0,N,MELB_URBAN,ROAD,11,6.0
12026,1,4,163,5,1,50.0,0,N,MELB_URBAN,STREET,11,8.0
12027,1,3,116,1,2,50.0,0,I,MELB_URBAN,ROAD,11,19.0
12028,8,1,174,5,1,100.0,0,N,RURAL_VICTORIA,ROAD,11,13.0
12029,4,4,173,5,1,40.0,1,N,MELB_URBAN,ROAD,11,17.0
12030,2,5,99,2,1,60.0,0,I,MELB_URBAN,ROAD,11,7.0
12031,1,1,130,1,1,70.0,0,I,MELB_URBAN,HIGHWAY,11,20.0
12032,1,7,99,2,6,50.0,0,I,MELB_URBAN,ROAD,11,0.0
12033,4,1,181,5,1,100.0,0,N,RURAL_VICTORIA,ROAD,8,10.0
12034,1,3,130,5,1,70.0,0,N,LARGE_PROVINCIAL_CITIES,ROAD,10,15.0
12035,1,5,130,5,1,70.0,0,N,MELB_URBAN,ROAD,11,11.0
12036,3,4,167,5,5,80.0,0,N,RURAL_VICTORIA,ROAD,11,22.0
12037,6,5,99,5,1,100.0,0,N,RURAL_VICTORIA,ROAD,11,8.0
12038,4,3,173,5,1,100.0,0,N,RURAL_VICTORIA,ROAD,11,17.0
12039,2,5,99,5,1,60.0,0,N,MELB_URBAN,ROAD,4,8.0
12040,1,5,130,5,1,60.0,0,N,LARGE_PROVINCIAL_CITIES,STREET,11,11.0
12041,4,5,99,5,1,50.0,0,N,MELB_URBAN,STREET,11,12.0
12042,1,2,121,2,3,80.0,0,I,MELB_URBAN,HIGHWAY,9,20.0
12043,1,5,121,1,1,60.0,0,I,MELB_URBAN,ROAD,11,12.0
12044,1,2,160,2,1,50.0,0,I,MELB_URBAN,DRIVE,10,17.0
12045,1,3,113,2,1,80.0,0,I,MELB_URBAN,ROAD,10,13.0
12046,1,5,121,2,1,40.0,0,I,MELB_URBAN,STREET,11,13.0
12047,1,2,110,1,1,50.0,0,I,MELB_URBAN,STREET,8,11.0
12048,1,5,99,5,1,60.0,0,N,MELB_URBAN,ROAD,11,15.0
12049,8,2,174,5,2,50.0,0,N,MELB_URBAN,STREET,10,17.0
12050,1,2,99,1,1,60.0,0,I,MELB_URBAN,RAMP,11,18.0
12051,1,5,134,5,1,80.0,0,N,MELB_URBAN,FREEWAY,11,16.0
12052,1,5,113,2,1,70.0,0,I,MELB_URBAN,ROAD,11,15.0
12053,1,5,99,4,1,50.0,0,N,LARGE_PROVINCIAL_CITIES,STREET,11,17.0
12054,6,7,174,5,1,60.0,0,N,RURAL_VICTORIA,OTHER,11,15.0
12055,1,5,130,2,1,80.0,0,I,MELB_URBAN,DRIVE,11,17.0
12056,8,7,174,5,1,100.0,0,N,RURAL_VICTORIA,ROAD,11,8.0
12057,2,4,99,5,3,60.0,0,N,MELB_URBAN,STREET,11,22.0
12058,1,5,133,1,1,50.0,0,I,MELB_URBAN,ROAD,11,18.0
12059,4,5,173,5,1,100.0,0,N,RURAL_VICTORIA,ROAD,11,18.0
12060,1,5,99,2,1,50.0,0,I,MELB_URBAN,STREET,11,14.0
12061,1,1,113,1,3,80.0,0,I,MELB_URBAN,OTHER,11,20.0
12062,1,4,120,5,5,80.0,0,N,RURAL_VICTORIA,ROAD,11,22.0
12063,8,5,170,5,5,110.0,0,N,RURAL_VICTORIA,FREEWAY,11,20.0
12064,1,5,135,5,3,60.0,0,N,MELB_URBAN,ROAD,11,21.0
12065,1,7,130,5,1,60.0,0,N,MELB_URBAN,STREET,10,19.0
12066,1,5,130,1,1,80.0,0,I,MELB_URBAN,HIGHWAY,11,17.0
12067,1,5,121,2,3,70.0,0,I,MELB_URBAN,ROAD,11,23.0
12068,8,6,174,2,1,60.0,0,I,MELB_URBAN,ROAD,11,6.0
12069,1,6,110,1,2,80.0,0,I,MELB_URBAN,STREET,11,6.0
12070,1,6,133,5,1,80.0,0,N,MELB_URBAN,ROAD,11,7.0
12071,8,6,174,5,1,60.0,0,N,MELB_URBAN,STREET,11,8.0
12072,4,6,181,2,1,60.0,0,I,MELB_URBAN,ROAD,11,6.0
12073,1,6,130,5,1,80.0,0,N,SMALL_CITIES,ROAD,11,7.0
12074,1,6,130,5,1,60.0,0,N,MELB_URBAN,ROAD,11,8.0
12075,1,5,132,2,3,60.0,0,I,MELB_URBAN,STREET,9,20.0
12076,8,5,174,5,1,100.0,0,N,RURAL_VICTORIA,ROAD,9,13.0
12077,1,7,99,1,1,70.0,0,N,MELB_URBAN,ROAD,11,18.0
12078,8,6,174,5,1,40.0,0,N,MELBOURNE_CBD,STREET,11,18.0
12079,1,6,99,1,1,60.0,0,I,MELB_URBAN,STREET,11,11.0
12080,1,6,121,2,1,60.0,0,I,MELB_URBAN,ROAD,11,10.0
12081,6,1,99,5,1,80.0,0,N,RURAL_VICTORIA,HIGHWAY,11,13.0
12082,1,5,130,5,1,80.0,0,N,LARGE_PROVINCIAL_CITIES,HIGHWAY,11,14.0
12083,4,5,171,5,3,70.0,0,I,MELB_URBAN,ROAD,11,22.0
12084,1,1,99,2,1,60.0,0,I,MELB_URBAN,ROAD,11,17.0
12085,1,6,120,5,1,100.0,0,N,RURAL_VICTORIA,ROAD,11,13.0
12086,1,6,132,2,1,80.0,1,N,RURAL_VICTORIA,HIGHWAY,11,12.0
12087,1,3,132,2,5,80.0,0,I,MELB_URBAN,DRIVE,8,19.0
12088,1,5,130,2,1,50.0,0,I,LARGE_PROVINCIAL_CITIES,STREET,11,15.0
12089,1,6,121,1,1,70.0,0,I,MELB_URBAN,ROAD,11,13.0
12090,1,6,147,2,1,80.0,0,I,MELB_URBAN,HIGHWAY,11,15.0
12091,1,6,147,5,1,60.0,0,N,MELB_URBAN,ROAD,11,13.0
12092,6,7,174,5,1,70.0,0,N,MELB_URBAN,ROAD,11,11.0
12093,2,4,99,5,1,50.0,0,N,MELB_URBAN,ROAD,11,16.0
12094,4,6,171,5,1,50.0,0,N,MELB_URBAN,STREET,11,9.0
12095,1,6,116,2,1,60.0,0,I,MELB_URBAN,STREET,11,14.0
12096,1,6,121,1,1,50.0,0,I,MELB_URBAN,STREET,11,15.0
12097,1,4,130,5,1,60.0,0,N,MELB_URBAN,ROAD,11,8.0
12098,1,6,121,1,1,60.0,0,I,LARGE_PROVINCIAL_CITIES,STREET,11,11.0
12099,1,6,99,5,1,70.0,0,N,MELB_URBAN,ROAD,11,17.0
12100,1,6,99,5,1,60.0,0,N,MELB_URBAN,STREET,11,16.0
12101,1,4,130,1,1,50.0,0,I,MELB_URBAN,STREET,10,16.0
12102,6,3,174,5,1,100.0,0,N,RURAL_VICTORIA,OTHER,11,13.0
12103,1,6,110,1,1,60.0,0,I,MELB_URBAN,ROAD,11,17.0
12104,2,6,102,1,1,60.0,0,I,MELB_URBAN,STREET,11,17.0
12105,1,6,140,5,1,80.0,0,N,RURAL_VICTORIA,ROAD,11,18.0
12106,4,6,173,5,1,100.0,0,N,RURAL_VICTORIA,ROAD,11,15.0
12107,1,6,99,5,3,60.0,0,N,MELB_URBAN,STREET,11,22.0
12108,4,6,171,1,6,60.0,0,I,LARGE_PROVINCIAL_CITIES,STREET,11,23.0
12109,1,6,120,2,3,60.0,0,I,MELB_URBAN,ROAD,11,22.0
12110,4,6,181,5,3,70.0,0,N,MELB_URBAN,DRIVE,11,23.0
12111,1,7,160,1,2,50.0,0,I,MELB_URBAN,ROAD,11,5.0
12112,1,6,130,5,1,80.0,0,N,MELB_URBAN,HIGHWAY,11,12.0
12113,1,5,130,1,1,60.0,0,I,MELB_URBAN,ROAD,11,16.0
12114,1,6,133,5,1,80.0,0,N,RURAL_VICTORIA,ROAD,11,8.0
12115,1,6,113,2,3,80.0,0,I,MELB_URBAN,ROAD,11,22.0
12116,1,7,111,1,1,60.0,0,I,LARGE_PROVINCIAL_CITIES,ROAD,11,10.0
12117,1,7,99,5,1,100.0,0,N,RURAL_VICTORIA,ROAD,11,9.0
12118,4,7,173,1,1,60.0,0,I,TOWNS,HIGHWAY,11,6.0
12119,1,7,132,5,1,50.0,0,N,LARGE_PROVINCIAL_CITIES,PARADE,11,12.0
12120,5,7,99,1,1,50.0,0,I,MELB_URBAN,OTHER,11,12.0
12121,4,7,181,5,1,40.0,0,N,RURAL_VICTORIA,ROAD,11,12.0
12122,1,7,99,5,1,50.0,0,N,MELB_URBAN,DRIVE,11,13.0
12123,1,7,130,5,1,80.0,0,N,MELB_URBAN,RAMP,11,13.0
12124,1,7,130,5,1,60.0,0,N,MELB_URBAN,STREET,11,12.0
12125,8,7,99,5,1,50.0,0,N,MELB_URBAN,DRIVE,11,15.0
12126,2,7,99,5,1,60.0,0,N,SMALL_CITIES,STREET,11,15.0
12127,1,7,121,1,1,60.0,0,I,MELB_URBAN,HIGHWAY,11,16.0
12128,8,7,174,5,1,50.0,0,N,MELB_URBAN,PARADE,11,18.0
12129,1,7,120,2,1,60.0,0,I,MELB_URBAN,BOULEVARD,11,17.0
12130,1,7,110,1,1,70.0,0,I,RURAL_VICTORIA,ROAD,11,16.0
12131,1,7,110,1,2,80.0,0,I,MELB_URBAN,ROAD,11,19.0
12132,2,7,102,5,3,70.0,0,N,MELB_URBAN,ROAD,11,20.0
12133,1,7,160,5,3,50.0,0,N,TOWNS,STREET,11,20.0
12134,4,7,173,1,2,40.0,0,I,MELB_URBAN,STREET,11,5.0
12135,4,1,171,5,3,60.0,0,N,MELB_URBAN,ROAD,11,3.0
12136,1,7,113,2,3,80.0,0,N,MELB_URBAN,ROAD,11,0.0
12137,2,1,99,5,9,60.0,0,N,MELB_URBAN,ROAD,11,1.0
12138,4,1,173,5,2,60.0,0,N,LARGE_PROVINCIAL_CITIES,STREET,11,6.0
12139,1,1,121,1,1,40.0,0,I,MELBOURNE_CBD,STREET,11,10.0
12140,8,7,99,5,1,60.0,0,N,RURAL_VICTORIA,ROAD,4,11.0
12141,1,1,133,1,1,100.0,0,N,RURAL_VICTORIA,ROAD,11,11.0
12142,1,1,134,5,1,60.0,0,N,MELB_URBAN,ROAD,11,12.0
12143,1,7,130,5,1,100.0,0,N,LARGE_PROVINCIAL_CITIES,FREEWAY,11,17.0
12144,4,1,171,2,1,80.0,0,I,MELB_URBAN,ROAD,11,9.0
12145,1,1,99,2,1,60.0,0,I,MELB_URBAN,ROAD,11,9.0
12146,1,4,99,1,1,100.0,0,I,RURAL_VICTORIA,HIGHWAY,11,15.0
12147,4,1,183,5,1,60.0,0,N,MELB_URBAN,OTHER,11,13.0
12148,1,1,113,2,1,60.0,0,N,MELB_URBAN,UNKNOWN,11,15.0
12149,6,1,99,5,1,100.0,0,N,RURAL_VICTORIA,HIGHWAY,11,15.0
12150,5,1,99,9,1,60.0,0,N,MELB_URBAN,STREET,11,14.0
12151,1,1,120,9,1,60.0,0,N,MELB_URBAN,BOULEVARD,11,14.0
12152,1,1,130,5,1,60.0,0,N,MELB_URBAN,STREET,11,15.0
12153,4,1,181,5,1,70.0,0,N,MELB_URBAN,ROAD,11,14.0
12154,1,1,133,5,1,70.0,0,N,MELB_URBAN,ROAD,11,16.0
12155,4,1,181,5,1,80.0,0,N,RURAL_VICTORIA,ROAD,11,14.0
12156,1,5,130,5,2,100.0,0,N,MELB_URBAN,RAMP,11,17.0
12157,4,1,181,5,1,100.0,0,N,RURAL_VICTORIA,ROAD,11,14.0
12158,1,1,121,2,1,80.0,0,I,SMALL_CITIES,HIGHWAY,11,16.0
12159,1,1,132,5,1,80.0,0,N,TOWNS,HIGHWAY,11,16.0
12160,6,7,99,5,5,80.0,0,N,RURAL_VICTORIA,ROAD,11,3.0
12161,1,6,140,5,6,50.0,0,N,MELB_URBAN,AVENUE,11,21.0
12162,6,6,174,1,1,50.0,0,I,MELB_URBAN,ROAD,11,14.0
12163,1,1,99,5,1,80.0,0,N,MELB_URBAN,HIGHWAY,11,16.0
12164,1,1,160,5,3,50.0,0,N,MELB_URBAN,ROAD,11,23.0
12165,1,2,134,1,1,80.0,0,I,MELB_URBAN,HIGHWAY,10,9.0
12166,1,2,110,1,3,60.0,0,I,MELB_URBAN,STREET,11,0.0
12167,1,1,130,5,1,50.0,0,N,MELB_URBAN,ROAD,11,12.0
12168,1,2,130,5,1,100.0,0,N,MELB_URBAN,FREEWAY,11,17.0
12169,1,6,120,5,1,100.0,0,N,RURAL_VICTORIA,HIGHWAY,11,6.0
12170,8,1,184,5,1,100.0,0,N,RURAL_VICTORIA,ROAD,11,17.0