,accident_type,day_of_week,dca_code,road_geometry,light_condition,speed_zone,severity,node_type,deg_urban_name,road_type,month,hour
12171,1,5,116,1,2,50.0,0,I,MELB_URBAN,STREET,11,6.0
12172,4,6,181,5,1,80.0,0,N,RURAL_VICTORIA,ROAD,11,14.0
12173,4,2,171,5,1,100.0,0,N,MELB_URBAN,FREEWAY,11,6.0
12174,2,1,99,5,1,60.0,1,N,TOWNS,STREET,11,11.0
12175,1,2,121,2,1,60.0,0,I,MELB_URBAN,STREET,11,8.0
12176,8,2,174,5,1,100.0,0,N,MELB_URBAN,UNKNOWN,11,7.0
12177,1,2,120,2,1,50.0,0,I,MELB_URBAN,AVENUE,11,9.0
12178,1,6,130,5,1,80.0,0,N,MELB_URBAN,HIGHWAY,11,8.0
12179,1,2,160,2,1,50.0,0,I,MELB_URBAN,STREET,11,8.0
12180,1,6,147,5,3,60.0,0,N,MELB_URBAN,ROAD,11,22.0
12181,1,6,110,1,1,50.0,0,I,MELB_URBAN,STREET,11,18.0
12182,1,2,130,4,1,70.0,0,N,MELB_URBAN,RAMP,11,12.0
12183,2,2,100,2,1,60.0,0,I,MELB_URBAN,ROAD,11,12.0
12184,4,1,171,5,1,100.0,0,N,RURAL_VICTORIA,ROAD,11,16.0
12185,6,6,99,5,1,60.0,0,N,MELB_URBAN,ROAD,9,11.0
12186,1,2,113,2,1,70.0,0,I,MELB_URBAN,HIGHWAY,11,11.0
12187,1,6,130,1,1,80.0,0,I,MELB_URBAN,ROAD,11,15.0
12188,1,2,99,2,1,60.0,0,I,TOWNS,AVENUE,11,12.0
12189,4,5,173,5,1,60.0,0,N,MELB_URBAN,ROAD,11,14.0
12190,1,2,113,2,1,60.0,0,I,MELB_URBAN,STREET,11,11.0
12191,1,2,110,1,1,60.0,0,I,LARGE_PROVINCIAL_CITIES,ROAD,11,12.0
12192,1,2,130,5,1,100.0,0,N,MELB_URBAN,ROAD,11,13.0
12193,1,2,99,2,1,80.0,0,I,MELB_URBAN,HIGHWAY,11,14.0
12194,1,2,130,1,1,70.0,0,I,MELB_URBAN,ROAD,11,14.0
12195,1,2,99,2,1,60.0,0,I,MELB_URBAN,ROAD,11,13.0
12196,1,6,163,2,2,60.0,0,I,MELB_URBAN,ROAD,11,19.0
12197,1,6,110,1,6,60.0,0,I,RURAL_VICTORIA,ROAD,9,18.0
12198,1,2,130,1,1,60.0,0,I,MELB_URBAN,ROAD,11,16.0
12199,1,2,113,2,1,90.0,0,I,LARGE_PROVINCIAL_CITIES,HIGHWAY,11,17.0
12200,4,2,99,5,1,40.0,0,N,MELB_URBAN,ROAD,11,15.0
12201,2,2,100,1,1,40.0,0,I,MELB_URBAN,ROAD,11,15.0
12202,1,2,130,2,1,60.0,0,I,MELB_URBAN,STREET,11,18.0
12203,1,4,113,2,2,60.0,0,I,MELB_URBAN,PARADE,10,18.0
12204,1,2,130,2,1,50.0,0,I,MELB_URBAN,ROAD,11,17.0
12205,1,2,120,5,1,100.0,0,N,RURAL_VICTORIA,HIGHWAY,11,17.0
12206,1,2,113,1,1,60.0,0,I,MELB_URBAN,ROAD,11,13.0
12207,4,2,181,5,1,100.0,1,N,RURAL_VICTORIA,ROAD,11,19.0
12208,1,2,130,1,1,70.0,0,I,MELB_URBAN,HIGHWAY,11,15.0
12209,1,2,130,5,3,60.0,0,N,MELB_URBAN,ROAD,11,21.0
12210,1,2,110,1,3,40.0,0,I,MELBOURNE_CBD,OTHER,11,22.0
12211,1,7,120,5,1,50.0,0,N,SMALL_CITIES,STREET,11,18.0
12212,4,3,171,5,3,100.0,0,N,MELB_URBAN,ROAD,11,1.0
12213,4,3,173,2,2,50.0,0,I,LARGE_PROVINCIAL_CITIES,STREET,11,6.0
12214,1,3,130,5,1,60.0,0,N,MELB_URBAN,AVENUE,11,8.0
12215,1,7,99,5,6,60.0,0,N,MELB_URBAN,ROAD,11,21.0
12216,8,1,174,5,1,60.0,0,N,LARGE_PROVINCIAL_CITIES,ROAD,10,9.0
12217,1,4,140,5,1,50.0,0,N,SMALL_CITIES,STREET,11,14.0
12218,1,3,120,5,2,100.0,0,N,RURAL_VICTORIA,ROAD,11,6.0
12219,1,3,99,1,1,70.0,0,I,MELB_URBAN,ROAD,11,7.0
12220,1,3,134,5,1,60.0,0,N,MELB_URBAN,STREET,11,9.0
12221,6,3,174,5,1,60.0,0,N,MELB_URBAN,ROAD,11,9.0
12222,1,3,99,5,1,40.0,0,N,MELB_URBAN,STREET,11,8.0
12223,4,3,171,5,1,60.0,0,N,MELB_URBAN,DRIVE,11,7.0
12224,4,3,171,5,2,100.0,0,N,MELB_URBAN,ROAD,11,7.0
12225,2,3,100,5,1,40.0,0,N,SMALL_CITIES,STREET,11,10.0
12226,1,4,130,1,1,50.0,0,I,SMALL_CITIES,STREET,11,17.0
12227,1,3,121,2,1,70.0,0,I,MELB_URBAN,ROAD,11,9.0
12228,1,3,120,2,1,60.0,0,I,MELB_URBAN,ROAD,11,10.0
12229,1,3,130,5,1,80.0,0,N,MELB_URBAN,ROAD,11,14.0
12230,4,3,171,1,1,60.0,0,I,MELB_URBAN,STREET,11,9.0
12231,1,3,121,2,1,80.0,0,I,MELB_URBAN,ROAD,11,11.0
12232,4,2,181,2,1,50.0,0,I,MELB_URBAN,OTHER,11,13.0
12233,4,3,181,5,1,80.0,0,N,TOWNS,HIGHWAY,11,11.0
12234,1,4,130,3,1,60.0,0,I,LARGE_PROVINCIAL_CITIES,ROAD,8,15.0
12235,1,3,121,5,1,80.0,0,N,MELB_URBAN,HIGHWAY,11,10.0
12236,8,4,99,5,2,60.0,0,N,MELB_URBAN,ROAD,11,17.0
12237,8,1,174,1,1,40.0,0,I,MELB_URBAN,ROAD,11,14.0
12238,2,3,99,2,1,50.0,0,I,RURAL_VICTORIA,ROAD,11,11.0
12239,1,3,113,1,1,60.0,0,N,RURAL_VICTORIA,HIGHWAY,11,8.0
12240,1,3,121,1,1,60.0,0,I,MELB_URBAN,ROAD,11,13.0
12241,4,7,173,5,2,100.0,0,N,RURAL_VICTORIA,HIGHWAY,10,6.0
12242,1,3,116,1,1,50.0,0,I,MELB_URBAN,STREET,11,9.0
12243,1,5,121,2,1,60.0,0,I,MELB_URBAN,STREET,11,13.0
12244,1,4,140,5,1,60.0,0,N,MELB_URBAN,ROAD,10,11.0
12245,2,1,102,1,3,60.0,0,I,MELB_URBAN,STREET,11,2.0
12246,4,3,181,5,1,100.0,0,N,RURAL_VICTORIA,ROAD,11,13.0
12247,1,3,113,1,1,70.0,0,I,MELB_URBAN,HIGHWAY,11,14.0
12248,1,2,130,1,3,60.0,0,I,MELB_URBAN,ROAD,11,20.0
12249,1,3,116,2,1,80.0,0,I,MELB_URBAN,ROAD,11,13.0
12250,8,3,99,2,1,60.0,0,I,MELB_URBAN,ROAD,11,15.0
12251,1,0,133,1,3,50.0,0,I,MELB_URBAN,ROAD,11,21.0
12252,1,3,130,1,1,70.0,0,I,MELB_URBAN,ROAD,11,17.0
12253,1,2,113,2,1,60.0,0,I,SMALL_CITIES,STREET,11,10.0
12254,1,3,111,2,1,60.0,0,I,MELB_URBAN,ROAD,11,15.0
12255,4,3,173,5,1,100.0,0,N,RURAL_VICTORIA,ROAD,11,18.0
12256,1,3,113,2,1,60.0,0,I,MELB_URBAN,STREET,11,18.0
12257,1,3,147,2,1,60.0,0,I,MELB_URBAN,ROAD,11,18.0
12258,1,3,130,4,1,60.0,0,I,MELB_URBAN,RAMP,11,17.0
12259,1,3,110,1,1,60.0,0,I,MELB_URBAN,ROAD,11,17.0
12260,1,3,140,2,2,60.0,0,I,MELB_URBAN,STREET,11,20.0
12261,4,3,181,5,1,100.0,1,N,RURAL_VICTORIA,HIGHWAY,11,14.0
12262,1,3,110,1,4,50.0,0,I,MELB_URBAN,STREET,11,21.0
12263,1,4,113,2,6,60.0,0,I,MELB_URBAN,STREET,11,0.0
12264,4,4,173,5,1,100.0,0,N,RURAL_VICTORIA,ROAD,11,7.0
12265,1,4,113,2,1,60.0,0,I,SMALL_CITIES,STREET,11,8.0
12266,2,4,100,2,1,40.0,0,I,MELB_URBAN,OTHER,11,8.0
12267,1,4,116,2,1,80.0,0,I,MELB_URBAN,ROAD,11,7.0
12268,1,4,110,1,1,50.0,0,I,SMALL_CITIES,STREET,11,9.0
12269,1,4,133,5,1,100.0,0,N,MELB_URBAN,ROAD,11,9.0
12270,1,4,99,5,1,70.0,0,N,MELB_URBAN,ROAD,11,7.0
12271,2,4,102,2,1,40.0,0,I,MELB_URBAN,ROAD,11,9.0
12272,1,4,130,2,1,60.0,0,I,MELB_URBAN,ROAD,11,7.0
12273,1,3,130,1,1,80.0,0,I,MELB_URBAN,HIGHWAY,11,9.0
12274,4,3,173,5,1,50.0,0,N,RURAL_VICTORIA,ROAD,11,16.0
12275,7,5,99,1,1,40.0,0,I,MELB_URBAN,ROAD,11,11.0
12276,4,3,181,5,1,100.0,0,N,RURAL_VICTORIA,HIGHWAY,11,16.0
12277,1,4,130,1,1,80.0,0,I,MELB_URBAN,ROAD,11,7.0
12278,2,4,102,5,1,50.0,0,N,MELB_URBAN,STREET,11,11.0
12279,1,4,163,5,1,40.0,0,N,MELBOURNE_CBD,STREET,11,12.0
12280,1,7,120,5,1,60.0,0,N,RURAL_VICTORIA,ROAD,6,14.0
12281,1,4,99,1,1,50.0,0,I,MELB_URBAN,STREET,11,8.0
12282,1,4,163,5,1,40.0,0,N,MELB_URBAN,OTHER,11,11.0
12283,1,4,99,2,1,60.0,0,I,MELB_URBAN,STREET,11,12.0
12284,4,7,171,5,1,100.0,0,N,RURAL_VICTORIA,ROAD,11,8.0
12285,1,4,121,2,1,60.0,0,I,LARGE_PROVINCIAL_CITIES,STREET,11,14.0
12286,1,3,121,1,1,50.0,0,I,MELB_URBAN,STREET,11,14.0
12287,1,7,130,4,1,60.0,0,I,MELB_URBAN,AVENUE,4,13.0
12288,8,4,174,4,2,60.0,0,I,MELB_URBAN,ROAD,9,18.0
12289,4,4,183,5,1,60.0,0,N,RURAL_VICTORIA,ROAD,11,9.0
12290,1,4,113,2,1,80.0,0,I,RURAL_VICTORIA,STREET,11,15.0
12291,1,6,130,5,1,80.0,0,N,MELB_URBAN,ROAD,9,8.0
12292,1,6,163,1,9,60.0,0,I,MELB_URBAN,STREET,5,17.0
12293,1,4,121,1,1,50.0,0,I,MELB_URBAN,DRIVE,11,16.0
12294,1,1,130,5,3,100.0,0,N,MELB_URBAN,ROAD,11,21.0
12295,1,4,121,3,1,60.0,0,N,MELB_URBAN,ROAD,11,15.0
12296,1,4,99,5,1,60.0,0,N,MELB_URBAN,ROAD,11,15.0
12297,1,4,147,5,1,60.0,0,N,MELB_URBAN,ROAD,11,18.0
12298,1,4,121,1,1,50.0,0,I,SMALL_CITIES,STREET,11,17.0
12299,1,4,113,4,1,100.0,0,N,RURAL_VICTORIA,RAMP,11,18.0
12300,1,6,133,1,1,70.0,0,I,MELB_URBAN,ROAD,11,6.0
12301,1,4,110,1,1,80.0,0,I,RURAL_VICTORIA,ROAD,11,17.0
12302,4,4,173,5,5,100.0,0,N,SMALL_CITIES,HIGHWAY,11,22.0
12303,1,4,113,2,1,50.0,0,I,MELB_URBAN,UNKNOWN,11,16.0
12304,1,4,99,2,1,40.0,0,I,MELB_URBAN,STREET,11,18.0
12305,1,4,132,2,1,80.0,0,I,RURAL_VICTORIA,ROAD,11,11.0
12306,6,4,99,5,5,80.0,0,N,MELB_URBAN,ROAD,11,23.0
12307,2,1,99,5,3,50.0,0,N,MELB_URBAN,STREET,11,3.0
12308,1,5,130,2,1,80.0,0,I,MELB_URBAN,HIGHWAY,11,6.0
12309,1,5,110,1,1,100.0,0,I,RURAL_VICTORIA,ROAD,11,6.0
12310,4,7,171,1,1,50.0,0,I,MELB_URBAN,AVENUE,8,12.0
12311,1,1,130,5,1,100.0,0,N,MELB_URBAN,FREEWAY,7,16.0
12312,1,4,133,5,9,60.0,0,N,MELB_URBAN,STREET,11,17.0
12313,6,4,174,1,3,50.0,0,I,LARGE_PROVINCIAL_CITIES,STREET,11,21.0
12314,1,3,99,4,3,80.0,0,I,MELB_URBAN,HIGHWAY,11,21.0
12315,1,4,132,5,3,60.0,0,N,SMALL_CITIES,AVENUE,8,18.0
12316,1,5,130,1,1,60.0,0,I,MELB_URBAN,STREET,11,11.0
12317,1,5,130,1,1,80.0,0,I,MELB_URBAN,HIGHWAY,11,11.0
12318,1,4,135,5,5,100.0,0,N,MELB_URBAN,ROAD,11,21.0
12319,1,5,99,5,1,50.0,0,N,SMALL_CITIES,STREET,11,10.0
12320,1,4,163,5,1,50.0,0,N,MELB_URBAN,OTHER,11,17.0
12321,1,5,121,3,1,60.0,0,I,MELB_URBAN,ROAD,11,11.0
12322,4,5,181,5,1,100.0,0,N,RURAL_VICTORIA,ROAD,11,10.0
12323,1,5,113,2,1,70.0,1,I,MELB_URBAN,ROAD,11,8.0
12324,1,6,110,1,1,60.0,0,I,MELB_URBAN,ROAD,11,11.0
12325,1,5,132,5,1,60.0,0,N,MELB_URBAN,STREET,11,12.0
12326,2,5,102,1,9,60.0,0,I,LARGE_PROVINCIAL_CITIES,UNKNOWN,11,1.0
12327,2,7,100,1,1,40.0,0,I,MELB_URBAN,STREET,11,13.0
12328,1,4,121,5,1,60.0,0,N,MELB_URBAN,ROAD,11,17.0
12329,1,5,121,2,1,60.0,0,I,MELB_URBAN,ROAD,11,7.0
12330,4,5,183,5,1,100.0,0,N,RURAL_VICTORIA,HIGHWAY,11,11.0
12331,1,5,113,2,1,60.0,0,I,MELB_URBAN,STREET,11,13.0
12332,1,5,140,5,1,80.0,0,N,MELB_URBAN,ROAD,11,14.0
12333,4,5,173,5,1,100.0,0,N,MELB_URBAN,FREEWAY,11,14.0
12334,1,5,147,5,1,60.0,0,N,SMALL_TOWNS,ROAD,11,14.0
12335,1,5,133,2,1,100.0,0,I,MELB_URBAN,FREEWAY,11,15.0
12336,6,4,99,5,5,100.0,0,N,RURAL_VICTORIA,ROAD,11,22.0
12337,1,5,130,5,1,80.0,0,N,MELB_URBAN,UNKNOWN,11,17.0
12338,1,5,113,4,1,80.0,0,I,MELB_URBAN,RAMP,11,16.0
12339,1,5,99,1,1,60.0,0,I,MELB_URBAN,STREET,11,18.0
12340,1,5,99,2,1,60.0,0,I,MELB_URBAN,ROAD,11,18.0
12341,1,4,130,5,1,60.0,0,N,MELB_URBAN,ROAD,11,16.0
12342,1,4,113,2,1,50.0,0,I,MELBOURNE_CBD,STREET,11,9.0
12343,1,5,130,2,2,60.0,0,I,MELB_URBAN,HIGHWAY,11,6.0
12344,1,5,110,1,1,60.0,0,I,MELB_URBAN,ROAD,11,18.0
12345,1,7,130,1,1,60.0,0,I,MELB_URBAN,ROAD,11,13.0
12346,1,5,113,2,1,80.0,0,I,MELB_URBAN,ROAD,11,19.0
12347,4,1,173,5,1,60.0,0,N,MELB_URBAN,ROAD,11,10.0
12348,1,5,121,2,1,60.0,0,I,MELB_URBAN,ROAD,11,18.0
12349,2,5,99,5,3,50.0,0,N,MELB_URBAN,OTHER,11,22.0
12350,1,5,121,2,3,60.0,0,I,MELB_URBAN,ROAD,11,21.0
12351,1,7,99,1,1,80.0,0,N,MELB_URBAN,ROAD,2,15.0
12352,1,2,130,5,1,60.0,0,N,MELB_URBAN,HIGHWAY,10,16.0
12353,4,5,173,2,3,60.0,0,I,MELB_URBAN,STREET,11,23.0
12354,4,6,171,5,5,70.0,0,N,RURAL_VICTORIA,ROAD,11,1.0
12355,1,1,130,5,1,60.0,0,N,MELB_URBAN,ROAD,11,13.0
12356,4,6,173,5,3,60.0,0,N,MELB_URBAN,ROAD,11,3.0
12357,4,3,181,5,1,80.0,0,N,RURAL_VICTORIA,ROAD,11,17.0
12358,2,6,100,1,1,50.0,0,I,LARGE_PROVINCIAL_CITIES,STREET,11,8.0
12359,1,6,99,5,1,50.0,0,N,MELB_URBAN,STREET,11,8.0
12360,7,2,99,5,1,60.0,0,N,MELB_URBAN,ROAD,11,18.0
12361,1,2,110,1,1,50.0,0,I,LARGE_PROVINCIAL_CITIES,STREET,11,19.0
12362,1,6,121,2,1,80.0,0,I,MELB_URBAN,ROAD,11,9.0
12363,1,5,130,4,1,60.0,0,N,MELB_URBAN,RAMP,11,8.0
12364,1,5,133,1,1,40.0,0,I,MELBOURNE_CBD,OTHER,11,8.0
12365,1,2,111,2,1,60.0,0,I,MELB_URBAN,ROAD,6,14.0
12366,6,7,99,5,1,60.0,0,N,RURAL_VICTORIA,ROAD,11,13.0
12367,1,6,130,2,1,100.0,0,I,RURAL_VICTORIA,HIGHWAY,11,10.0
12368,1,5,147,5,1,60.0,0,N,SMALL_CITIES,ROAD,11,15.0
12369,1,2,130,5,1,60.0,0,N,MELB_URBAN,STREET,10,8.0
12370,1,6,132,2,1,100.0,0,N,RURAL_VICTORIA,ROAD,11,12.0
12371,4,5,183,5,1,80.0,0,N,RURAL_VICTORIA,ROAD,11,6.0
12372,4,6,171,5,5,100.0,1,N,RURAL_VICTORIA,ROAD,11,3.0
12373,1,5,130,5,5,110.0,0,N,RURAL_VICTORIA,FREEWAY,11,23.0
12374,1,6,121,1,1,60.0,0,I,MELB_URBAN,ROAD,11,11.0
12375,1,5,160,5,1,60.0,0,N,MELB_URBAN,ROAD,11,16.0
12376,4,6,181,5,2,100.0,1,N,RURAL_VICTORIA,ROAD,11,6.0
12377,1,7,130,1,1,70.0,0,I,MELB_URBAN,STREET,9,12.0
12378,1,4,99,2,3,60.0,0,I,LARGE_PROVINCIAL_CITIES,AVENUE,11,21.0
12379,1,6,113,2,1,60.0,0,I,MELB_URBAN,STREET,11,18.0
12380,1,6,120,5,1,100.0,0,N,RURAL_VICTORIA,ROAD,11,17.0
12381,2,6,102,5,1,80.0,0,N,MELB_URBAN,ROAD,11,16.0
12382,1,6,132,2,1,80.0,0,N,RURAL_VICTORIA,ROAD,11,17.0
12383,1,6,113,2,1,60.0,0,I,MELB_URBAN,ROAD,11,17.0
12384,1,6,121,1,1,70.0,0,I,LARGE_PROVINCIAL_CITIES,ROAD,11,20.0
12385,1,6,110,1,1,50.0,0,I,LARGE_PROVINCIAL_CITIES,STREET,11,17.0
12386,1,6,130,5,1,60.0,0,N,MELB_URBAN,ROAD,11,19.0
12387,1,6,121,1,1,60.0,0,I,MELB_URBAN,STREET,11,19.0
12388,1,6,121,1,1,60.0,0,I,SMALL_CITIES,STREET,11,19.0
12389,1,6,113,2,3,80.0,0,I,MELB_URBAN,STREET,11,21.0
12390,1,6,121,5,3,80.0,0,N,MELB_URBAN,HIGHWAY,11,22.0
12391,8,6,174,2,3,60.0,0,I,MELB_URBAN,STREET,11,23.0
12392,4,5,173,2,3,70.0,0,I,MELB_URBAN,ROAD,11,23.0
12393,1,6,110,1,3,60.0,0,I,MELB_URBAN,ROAD,11,22.0
12394,1,7,120,5,5,100.0,1,N,RURAL_VICTORIA,HIGHWAY,12,0.0
12395,4,6,171,5,3,100.0,0,N,SMALL_CITIES,FREEWAY,11,1.0
12396,4,6,171,5,1,100.0,0,N,RURAL_VICTORIA,HIGHWAY,11,13.0
12397,4,6,183,5,1,100.0,0,N,RURAL_VICTORIA,ROAD,11,17.0
12398,1,7,113,2,1,80.0,0,I,MELB_URBAN,HIGHWAY,12,9.0
12399,1,7,116,2,1,60.0,0,I,MELB_URBAN,ROAD,12,9.0
12400,1,4,121,1,1,60.0,0,I,MELB_URBAN,PARADE,11,16.0
12401,4,7,183,5,1,80.0,0,N,RURAL_VICTORIA,ROAD,12,8.0
12402,1,7,160,5,1,60.0,0,N,MELB_URBAN,ROAD,12,10.0
12403,1,7,130,5,1,80.0,0,N,RURAL_VICTORIA,ROAD,12,6.0
12404,1,7,121,1,1,60.0,0,I,MELB_URBAN,ROAD,12,11.0
12405,1,7,121,2,1,80.0,0,I,MELB_URBAN,ROAD,12,10.0
12406,1,4,113,1,1,50.0,0,I,MELB_URBAN,STREET,11,18.0
12407,1,5,130,1,1,70.0,0,I,MELB_URBAN,ROAD,11,7.0
12408,1,7,130,1,1,60.0,0,I,MELB_URBAN,ROAD,12,14.0
12409,4,6,173,5,5,60.0,0,N,RURAL_VICTORIA,ROAD,11,3.0
12410,8,2,184,5,1,50.0,0,N,RURAL_VICTORIA,ROAD,10,12.0
12411,1,7,113,1,1,60.0,0,I,MELB_URBAN,STREET,12,10.0
12412,4,7,171,5,1,60.0,1,N,LARGE_PROVINCIAL_CITIES,ROAD,12,12.0
12413,2,6,100,2,1,40.0,0,I,MELBOURNE_CBD,STREET,12,16.0
12414,2,7,99,5,3,50.0,0,N,MELB_URBAN,STREET,11,0.0
12415,1,7,130,3,1,80.0,0,I,MELB_URBAN,ROAD,12,16.0
12416,1,6,173,5,1,60.0,0,N,MELB_URBAN,STREET,11,11.0
12417,3,7,167,5,1,70.0,0,N,MELB_URBAN,ROAD,12,15.0
12418,2,7,102,5,1,50.0,0,N,MELB_URBAN,PARADE,12,16.0
12419,1,6,99,1,2,70.0,0,I,LARGE_PROVINCIAL_CITIES,HIGHWAY,11,6.0
12420,1,7,130,2,1,60.0,0,I,MELB_URBAN,HIGHWAY,12,18.0
12421,1,7,121,1,1,60.0,0,I,MELB_URBAN,STREET,12,17.0
12422,4,7,171,5,2,80.0,0,N,RURAL_VICTORIA,HIGHWAY,12,5.0
12423,1,2,130,5,1,80.0,0,N,TOWNS,HIGHWAY,11,11.0
12424,1,7,130,5,1,60.0,0,N,MELB_URBAN,ROAD,12,18.0
12425,1,6,113,4,3,70.0,0,I,MELB_URBAN,ROAD,12,21.0
12426,6,7,99,5,1,100.0,0,N,RURAL_VICTORIA,ROAD,12,16.0
12427,4,7,171,2,1,60.0,0,I,RURAL_VICTORIA,ROAD,12,16.0
12428,2,7,100,5,3,50.0,0,N,MELB_URBAN,ROAD,12,22.0
12429,1,7,160,5,3,50.0,0,N,MELB_URBAN,OTHER,12,3.0
12430,1,7,121,2,3,50.0,0,I,MELB_URBAN,ROAD,12,23.0
12431,4,7,171,5,2,80.0,0,N,MELB_URBAN,ROAD,12,4.0
12432,8,7,174,2,3,50.0,0,I,MELB_URBAN,UNKNOWN,12,22.0
12433,4,7,183,5,5,100.0,0,N,RURAL_VICTORIA,ROAD,12,22.0
12434,4,7,171,2,3,50.0,1,I,MELB_URBAN,PARADE,12,21.0
12435,2,7,100,1,3,60.0,0,I,MELB_URBAN,STREET,12,22.0
12436,4,7,173,5,1,100.0,0,N,MELB_URBAN,UNKNOWN,12,9.0
12437,1,7,130,5,1,100.0,0,N,SMALL_TOWNS,HIGHWAY,12,14.0
12438,8,1,174,5,1,60.0,0,N,TOWNS,ROAD,11,14.0
12439,4,1,99,5,1,50.0,0,N,MELB_URBAN,STREET,12,11.0
12440,1,1,99,5,1,80.0,0,N,MELB_URBAN,ROAD,12,13.0
12441,1,1,130,5,1,80.0,0,N,MELB_URBAN,ROAD,12,10.0
12442,1,1,99,5,1,60.0,0,N,MELB_URBAN,PARADE,12,14.0
12443,2,6,100,1,1,50.0,0,I,MELB_URBAN,STREET,11,12.0
12444,1,1,120,5,1,100.0,0,N,SMALL_TOWNS,ROAD,12,14.0
12445,1,1,147,5,1,60.0,0,N,MELB_URBAN,ROAD,12,11.0
12446,1,1,121,1,1,60.0,0,I,MELB_URBAN,ROAD,12,14.0
12447,1,1,130,5,1,60.0,0,N,MELB_URBAN,BOULEVARD,12,16.0
12448,1,2,99,2,1,60.0,0,I,MELB_URBAN,ROAD,11,9.0
12449,1,1,130,5,1,70.0,0,N,MELB_URBAN,ROAD,12,16.0
12450,1,1,130,5,1,80.0,0,N,MELB_URBAN,RAMP,12,17.0
12451,1,3,130,5,1,100.0,0,N,MELB_URBAN,FREEWAY,10,17.0
12452,1,1,140,5,1,60.0,0,N,MELB_URBAN,ROAD,12,16.0
12453,1,1,120,2,1,50.0,0,I,MELB_URBAN,STREET,12,18.0
12454,1,1,140,5,1,60.0,0,N,MELB_URBAN,ROAD,12,18.0
12455,8,1,99,5,1,100.0,0,N,RURAL_VICTORIA,ROAD,12,16.0
12456,1,1,130,5,1,70.0,0,N,MELB_URBAN,ROAD,12,17.0
12457,1,1,99,2,3,60.0,0,I,MELB_URBAN,STREET,12,21.0
12458,6,1,170,5,1,100.0,0,N,RURAL_VICTORIA,ROAD,12,20.0
12459,4,1,173,2,3,60.0,0,I,MELB_URBAN,HIGHWAY,12,22.0
12460,1,1,121,4,3,60.0,0,I,SMALL_CITIES,OTHER,12,23.0
12461,1,6,110,1,1,50.0,0,I,LARGE_PROVINCIAL_CITIES,STREET,11,10.0
12462,1,7,113,2,1,50.0,0,I,MELB_URBAN,DRIVE,9,13.0
12463,1,6,113,2,1,60.0,0,I,RURAL_VICTORIA,ROAD,9,8.0
12464,4,1,173,5,5,100.0,0,N,RURAL_VICTORIA,HIGHWAY,11,3.0
12465,4,2,173,5,2,100.0,0,N,RURAL_VICTORIA,ROAD,12,6.0
12466,1,1,130,1,1,70.0,0,I,MELB_URBAN,ROAD,12,8.0
12467,1,7,135,5,1,30.0,0,N,MELB_URBAN,FREEWAY,11,8.0
12468,7,6,99,5,3,60.0,0,N,MELB_URBAN,AVENUE,9,23.0
12469,1,6,140,2,1,80.0,0,I,RURAL_VICTORIA,ROAD,10,16.0
12470,1,2,130,1,1,70.0,0,I,MELB_URBAN,HIGHWAY,12,13.0
12471,4,2,173,5,1,100.0,0,N,RURAL_VICTORIA,HIGHWAY,12,11.0
12472,4,2,99,5,1,60.0,0,N,RURAL_VICTORIA,ROAD,11,16.0
12473,1,2,110,1,1,50.0,0,I,MELB_URBAN,STREET,12,14.0
12474,4,2,173,5,1,110.0,0,N,RURAL_VICTORIA,FREEWAY,12,14.0
12475,2,2,99,2,1,40.0,0,I,MELBOURNE_CBD,OTHER,12,16.0
12476,1,2,130,5,1,80.0,0,N,MELB_URBAN,HIGHWAY,12,17.0
12477,1,2,130,5,1,60.0,0,N,MELB_URBAN,ROAD,12,17.0
12478,1,2,135,5,1,80.0,0,N,LARGE_PROVINCIAL_CITIES,HIGHWAY,12,17.0
12479,1,2,121,1,1,60.0,0,I,MELB_URBAN,ROAD,12,17.0
12480,1,4,130,5,1,80.0,0,N,MELB_URBAN,FREEWAY,11,19.0
12481,1,1,130,2,1,70.0,0,I,MELB_URBAN,HIGHWAY,10,15.0
12482,8,2,174,5,1,60.0,0,N,LARGE_PROVINCIAL_CITIES,ROAD,12,15.0
12483,2,6,100,1,1,60.0,0,I,MELB_URBAN,STREET,11,11.0
12484,1,2,121,2,1,50.0,0,I,MELB_URBAN,DRIVE,12,15.0
12485,1,2,116,1,1,80.0,0,I,MELB_URBAN,HIGHWAY,12,19.0
12486,4,2,171,5,2,80.0,0,N,RURAL_VICTORIA,ROAD,12,19.0
12487,1,2,130,2,1,80.0,0,I,MELB_URBAN,HIGHWAY,12,16.0
12488,4,2,183,5,5,100.0,0,N,RURAL_VICTORIA,ROAD,12,23.0
12489,1,2,130,1,3,60.0,0,I,MELB_URBAN,ROAD,12,23.0
12490,1,2,99,5,3,60.0,0,N,MELB_URBAN,ROAD,12,23.0
12491,1,3,110,1,1,60.0,0,I,MELB_URBAN,ROAD,12,7.0
12492,1,2,130,2,1,60.0,0,I,RURAL_VICTORIA,HIGHWAY,12,9.0
12493,1,2,163,5,1,60.0,0,N,MELB_URBAN,PARADE,12,15.0
12494,1,4,110,1,1,60.0,0,I,MELB_URBAN,OTHER,11,18.0
12495,1,1,110,1,1,100.0,0,I,RURAL_VICTORIA,HIGHWAY,12,17.0
12496,1,3,113,2,1,60.0,0,I,MELB_URBAN,ROAD,12,9.0