,accident_type,day_of_week,dca_code,road_geometry,light_condition,speed_zone,severity,node_type,deg_urban_name,road_type,month,hour
12497,2,4,99,4,3,100.0,0,I,MELB_URBAN,ROAD,8,20.0
12498,4,3,173,2,1,50.0,0,I,TOWNS,DRIVE,12,10.0
12499,1,3,130,2,1,60.0,0,I,MELB_URBAN,ROAD,12,9.0
12500,1,1,134,2,1,60.0,0,I,MELB_URBAN,ROAD,12,17.0
12501,1,3,160,5,1,60.0,0,N,LARGE_PROVINCIAL_CITIES,STREET,12,7.0
12502,1,5,130,5,2,100.0,0,N,RURAL_VICTORIA,HIGHWAY,11,7.0
12503,2,3,99,2,1,60.0,0,I,MELB_URBAN,ROAD,12,9.0
12504,1,3,110,1,1,60.0,0,I,MELB_URBAN,STREET,12,11.0
12505,1,3,120,5,1,100.0,0,N,MELB_URBAN,ROAD,12,12.0
12506,4,4,171,1,2,70.0,0,I,MELB_URBAN,ROAD,10,6.0
12507,1,1,160,2,9,50.0,0,I,MELB_URBAN,STREET,11,16.0
12508,8,3,99,5,1,70.0,0,N,MELB_URBAN,ROAD,12,12.0
12509,4,3,173,5,1,100.0,1,N,RURAL_VICTORIA,HIGHWAY,12,8.0
12510,2,3,100,5,1,60.0,0,N,MELB_URBAN,ROAD,12,11.0
12511,1,3,120,5,1,50.0,0,N,MELB_URBAN,STREET,12,16.0
12512,8,3,99,5,1,50.0,0,N,MELB_URBAN,ROAD,7,14.0
12513,4,7,173,5,1,60.0,0,N,RURAL_VICTORIA,OTHER,11,12.0
12514,6,4,174,2,1,50.0,0,I,MELB_URBAN,STREET,11,18.0
12515,2,3,100,1,1,40.0,0,I,MELB_URBAN,STREET,12,18.0
12516,1,3,110,1,1,50.0,0,I,MELB_URBAN,ROAD,12,14.0
12517,1,3,160,5,1,100.0,0,N,MELB_URBAN,UNKNOWN,12,18.0
12518,1,3,99,2,2,40.0,0,I,MELB_URBAN,ROAD,11,19.0
12519,1,3,113,2,2,80.0,0,I,RURAL_VICTORIA,OTHER,12,19.0
12520,1,3,99,1,1,80.0,0,I,RURAL_VICTORIA,AVENUE,12,18.0
12521,1,3,130,5,1,70.0,0,N,MELB_URBAN,ROAD,12,16.0
12522,1,5,121,2,2,60.0,0,I,MELB_URBAN,STREET,11,7.0
12523,1,3,130,5,1,100.0,0,N,MELB_URBAN,RAMP,11,9.0
12524,1,2,147,5,1,60.0,0,N,MELB_URBAN,HIGHWAY,12,13.0
12525,4,3,173,5,1,100.0,0,N,RURAL_VICTORIA,HIGHWAY,11,16.0
12526,1,4,130,2,2,60.0,0,I,MELB_URBAN,HIGHWAY,12,6.0
12527,2,4,100,2,1,50.0,0,N,LARGE_PROVINCIAL_CITIES,STREET,12,8.0
12528,1,4,163,2,1,50.0,0,I,MELB_URBAN,STREET,12,9.0
12529,6,4,99,5,1,100.0,0,N,RURAL_VICTORIA,HIGHWAY,12,6.0
12530,4,4,171,5,1,60.0,0,N,MELB_URBAN,HIGHWAY,5,10.0
12531,6,4,99,5,1,80.0,0,N,RURAL_VICTORIA,ROAD,12,9.0
12532,1,4,99,2,1,60.0,0,N,MELB_URBAN,RAMP,12,7.0
12533,2,4,99,2,1,60.0,0,I,TOWNS,STREET,12,9.0
12534,1,6,99,1,1,60.0,0,I,MELB_URBAN,ROAD,11,10.0
12535,1,3,116,2,1,60.0,0,I,MELB_URBAN,ROAD,12,16.0
12536,1,6,130,2,1,60.0,0,I,MELB_URBAN,ROAD,11,16.0
12537,1,3,121,2,1,80.0,0,I,MELB_URBAN,ROAD,12,13.0
12538,1,4,113,2,1,80.0,0,I,MELB_URBAN,ROAD,12,11.0
12539,6,4,170,5,1,100.0,0,N,RURAL_VICTORIA,FREEWAY,12,14.0
12540,1,2,121,2,1,60.0,0,I,MELB_URBAN,ROAD,12,18.0
12541,2,3,100,1,1,60.0,0,I,MELB_URBAN,ROAD,9,14.0
12542,4,3,99,2,5,100.0,0,I,RURAL_VICTORIA,ROAD,12,22.0
12543,8,6,184,5,1,100.0,0,N,RURAL_VICTORIA,ROAD,11,12.0
12544,1,4,110,1,1,100.0,0,I,RURAL_VICTORIA,ROAD,12,15.0
12545,1,4,121,1,1,60.0,0,I,LARGE_PROVINCIAL_CITIES,STREET,12,17.0
12546,1,4,130,5,1,60.0,0,N,MELB_URBAN,STREET,12,15.0
12547,1,4,130,2,1,80.0,0,I,SMALL_CITIES,HIGHWAY,11,12.0
12548,2,4,102,5,1,50.0,0,N,MELB_URBAN,STREET,12,18.0
12549,4,4,99,5,1,50.0,0,N,MELB_URBAN,AVENUE,12,15.0
12550,1,4,130,2,1,80.0,0,I,MELB_URBAN,HIGHWAY,12,17.0
12551,4,4,181,5,1,100.0,0,N,RURAL_VICTORIA,ROAD,12,18.0
12552,1,6,120,2,1,50.0,0,I,MELB_URBAN,STREET,11,17.0
12553,1,4,120,5,2,70.0,0,N,MELB_URBAN,ROAD,12,20.0
12554,1,4,140,5,1,50.0,0,N,MELB_URBAN,STREET,12,19.0
12555,8,2,170,5,2,60.0,0,N,RURAL_VICTORIA,ROAD,12,18.0
12556,1,4,140,5,3,60.0,0,N,MELB_URBAN,OTHER,12,21.0
12557,4,4,171,2,3,50.0,0,I,MELB_URBAN,OTHER,12,21.0
12558,4,5,173,5,3,60.0,0,N,MELB_URBAN,UNKNOWN,12,0.0
12559,1,5,110,1,3,50.0,0,I,MELB_URBAN,ROAD,12,0.0
12560,4,5,173,5,5,100.0,0,N,RURAL_VICTORIA,HIGHWAY,12,4.0
12561,1,4,110,1,3,50.0,0,I,MELB_URBAN,ROAD,12,23.0
12562,1,5,110,1,1,50.0,0,I,MELB_URBAN,AVENUE,12,7.0
12563,1,4,130,5,1,50.0,0,N,LARGE_PROVINCIAL_CITIES,STREET,11,15.0
12564,1,5,130,1,1,80.0,0,N,MELB_URBAN,RAMP,12,9.0
12565,1,5,113,2,1,60.0,0,I,MELB_URBAN,STREET,12,9.0
12566,1,2,99,2,1,50.0,0,I,MELB_URBAN,STREET,12,9.0
12567,6,5,174,2,1,100.0,0,I,RURAL_VICTORIA,HIGHWAY,12,9.0
12568,2,5,99,1,1,40.0,0,I,MELBOURNE_CBD,STREET,12,12.0
12569,4,2,173,1,1,80.0,0,I,MELB_URBAN,HIGHWAY,12,8.0
12570,1,6,99,2,1,60.0,0,I,MELB_URBAN,STREET,11,9.0
12571,1,5,130,5,1,100.0,0,N,MELB_URBAN,FREEWAY,12,6.0
12572,1,4,121,5,1,60.0,0,N,MELB_URBAN,ROAD,12,14.0
12573,1,5,121,1,1,60.0,0,I,TOWNS,STREET,12,14.0
12574,2,4,99,2,2,50.0,0,I,MELB_URBAN,OTHER,12,19.0
12575,8,5,174,2,2,60.0,0,I,TOWNS,OTHER,11,18.0
12576,1,3,121,2,1,60.0,0,I,MELB_URBAN,ROAD,12,7.0
12577,8,2,174,1,1,50.0,0,I,SMALL_CITIES,STREET,11,13.0
12578,1,5,135,2,1,60.0,0,I,MELB_URBAN,STREET,12,14.0
12579,4,5,183,1,1,50.0,0,I,MELB_URBAN,ROAD,12,7.0
12580,1,3,130,2,1,100.0,0,N,RURAL_VICTORIA,ROAD,12,8.0
12581,6,4,99,5,5,80.0,0,N,RURAL_VICTORIA,ROAD,12,20.0
12582,4,4,181,5,1,100.0,0,N,MELB_URBAN,FREEWAY,12,8.0
12583,8,6,174,5,2,50.0,0,N,MELB_URBAN,STREET,11,7.0
12584,1,5,130,5,1,60.0,0,N,MELB_URBAN,DRIVE,12,15.0
12585,1,5,99,2,1,50.0,0,I,MELB_URBAN,STREET,12,16.0
12586,1,5,116,2,1,70.0,0,I,MELB_URBAN,ROAD,12,13.0
12587,1,5,130,5,1,50.0,0,N,MELB_URBAN,STREET,12,12.0
12588,1,5,130,5,1,100.0,0,N,MELB_URBAN,FREEWAY,12,16.0
12589,1,4,121,1,3,60.0,0,I,MELB_URBAN,STREET,12,21.0
12590,1,4,140,5,3,40.0,0,N,MELBOURNE_CBD,STREET,12,21.0
12591,2,5,102,5,1,70.0,0,N,MELB_URBAN,ROAD,12,16.0
12592,7,5,99,5,1,60.0,0,N,MELB_URBAN,BOULEVARD,12,16.0
12593,2,5,100,5,1,70.0,0,N,RURAL_VICTORIA,ROAD,12,16.0
12594,1,4,99,1,1,60.0,0,I,MELB_URBAN,STREET,10,8.0
12595,1,5,99,1,1,50.0,0,I,MELB_URBAN,AVENUE,12,15.0
12596,1,5,130,5,1,70.0,0,N,MELB_URBAN,ROAD,12,16.0
12597,1,5,121,2,1,70.0,0,I,MELB_URBAN,ROAD,12,19.0
12598,1,3,130,1,1,40.0,0,I,MELB_URBAN,STREET,12,18.0
12599,1,5,121,2,1,60.0,0,I,MELB_URBAN,STREET,12,18.0
12600,1,5,160,5,1,70.0,0,N,MELB_URBAN,ROAD,12,6.0
12601,4,5,173,1,3,70.0,0,I,MELB_URBAN,ROAD,12,23.0
12602,2,6,99,5,5,60.0,0,N,SMALL_CITIES,BOULEVARD,12,3.0
12603,1,6,160,1,3,70.0,0,I,MELB_URBAN,ROAD,12,4.0
12604,4,6,183,6,5,50.0,0,N,MELB_URBAN,OTHER,12,4.0
12605,1,2,110,1,1,50.0,0,I,MELB_URBAN,STREET,12,8.0
12606,1,5,130,1,1,70.0,0,I,MELB_URBAN,ROAD,12,9.0
12607,1,5,99,1,1,60.0,0,I,RURAL_VICTORIA,ROAD,8,10.0
12608,4,5,171,5,2,100.0,0,N,RURAL_VICTORIA,ROAD,12,19.0
12609,1,6,113,1,1,70.0,0,I,MELB_URBAN,DRIVE,12,7.0
12610,4,6,173,1,3,60.0,0,I,TOWNS,AVENUE,12,0.0
12611,4,5,183,5,5,80.0,0,N,SMALL_TOWNS,ROAD,12,21.0
12612,1,6,110,1,1,60.0,0,I,SMALL_CITIES,STREET,12,10.0
12613,1,6,160,5,1,40.0,0,N,SMALL_CITIES,ROAD,12,8.0
12614,4,6,171,5,1,100.0,0,N,SMALL_TOWNS,ROAD,12,9.0
12615,1,6,130,2,1,60.0,0,N,MELB_URBAN,STREET,12,10.0
12616,6,6,99,5,5,100.0,1,N,RURAL_VICTORIA,ROAD,12,2.0
12617,2,5,99,1,3,60.0,0,I,MELB_URBAN,STREET,11,23.0
12618,1,6,113,1,1,80.0,0,I,MELB_URBAN,OTHER,12,9.0
12619,8,6,174,2,1,50.0,0,I,MELB_URBAN,ROAD,12,11.0
12620,1,6,121,2,1,60.0,0,I,MELB_URBAN,ROAD,12,12.0
12621,1,3,113,1,1,60.0,0,I,MELB_URBAN,ROAD,12,18.0
12622,1,6,113,2,1,60.0,0,I,MELB_URBAN,STREET,12,12.0
12623,2,5,99,1,3,60.0,0,I,MELB_URBAN,ROAD,12,22.0
12624,8,3,174,2,1,80.0,0,I,RURAL_VICTORIA,ROAD,12,12.0
12625,1,6,130,5,1,40.0,0,N,MELB_URBAN,STREET,12,13.0
12626,1,6,121,2,1,40.0,0,I,MELB_URBAN,ROAD,12,11.0
12627,1,1,99,1,1,80.0,0,I,MELB_URBAN,HIGHWAY,1,13.0
12628,1,6,130,5,1,60.0,0,N,MELB_URBAN,ROAD,12,13.0
12629,1,6,140,5,1,80.0,0,N,MELB_URBAN,ROAD,12,13.0
12630,1,5,163,5,6,60.0,0,N,MELB_URBAN,STREET,12,20.0
12631,1,7,99,5,1,100.0,0,N,RURAL_VICTORIA,ROAD,11,11.0
12632,1,5,130,1,1,100.0,0,I,RURAL_VICTORIA,ROAD,12,8.0
12633,1,6,113,1,1,60.0,0,I,MELB_URBAN,ROAD,12,17.0
12634,1,6,99,5,1,50.0,0,N,MELB_URBAN,STREET,12,16.0
12635,1,6,116,2,1,80.0,0,I,MELB_URBAN,ROAD,12,18.0
12636,4,4,171,3,1,80.0,0,I,RURAL_VICTORIA,ROAD,12,9.0
12637,7,4,174,2,1,40.0,0,I,MELB_URBAN,ROAD,6,9.0
12638,8,6,174,5,2,50.0,0,N,MELB_URBAN,AVENUE,12,20.0
12639,2,6,99,5,3,40.0,0,N,MELBOURNE_CBD,STREET,12,21.0
12640,1,6,99,5,1,90.0,0,N,RURAL_VICTORIA,ROAD,12,16.0
12641,4,7,181,2,3,60.0,0,I,MELB_URBAN,DRIVE,12,3.0
12642,2,7,99,1,3,40.0,0,I,MELB_URBAN,ROAD,12,4.0
12643,6,5,174,2,5,100.0,0,I,RURAL_VICTORIA,ROAD,12,20.0
12644,1,7,163,2,1,50.0,0,I,MELB_URBAN,STREET,12,10.0
12645,1,3,163,1,1,60.0,0,I,MELB_URBAN,OTHER,12,18.0
12646,1,7,120,5,1,60.0,0,N,MELB_URBAN,DRIVE,12,9.0
12647,1,6,110,1,3,80.0,0,I,MELB_URBAN,HIGHWAY,12,22.0
12648,4,7,181,5,1,100.0,0,N,RURAL_VICTORIA,ROAD,12,8.0
12649,1,7,99,2,1,60.0,0,I,SMALL_CITIES,AVENUE,12,9.0
12650,6,7,170,2,2,100.0,0,I,RURAL_VICTORIA,ROAD,12,5.0
12651,1,7,121,1,1,80.0,0,N,MELB_URBAN,ROAD,12,10.0
12652,8,7,174,5,1,100.0,0,N,RURAL_VICTORIA,ROAD,11,10.0
12653,1,7,110,1,1,40.0,0,I,MELB_URBAN,AVENUE,12,8.0
12654,1,3,130,1,9,60.0,0,I,MELB_URBAN,ROAD,10,18.0
12655,1,7,132,2,1,60.0,0,I,MELB_URBAN,BOULEVARD,12,12.0
12656,4,6,171,5,3,100.0,0,N,MELB_URBAN,ROAD,12,6.0
12657,1,7,110,1,1,100.0,0,I,RURAL_VICTORIA,ROAD,12,12.0
12658,1,7,130,4,1,80.0,0,I,MELB_URBAN,HIGHWAY,12,13.0
12659,1,2,130,5,1,80.0,0,N,MELB_URBAN,FREEWAY,2,14.0
12660,1,7,130,5,1,40.0,0,N,RURAL_VICTORIA,ROAD,12,11.0
12661,1,6,120,5,1,100.0,0,N,RURAL_VICTORIA,HIGHWAY,12,15.0
12662,1,7,120,5,1,100.0,0,N,RURAL_VICTORIA,ROAD,12,14.0
12663,1,6,163,5,1,50.0,0,N,MELB_URBAN,STREET,12,17.0
12664,4,7,173,2,1,50.0,0,I,SMALL_CITIES,OTHER,12,14.0
12665,6,7,170,5,1,100.0,0,N,RURAL_VICTORIA,ROAD,12,15.0
12666,1,7,130,5,1,80.0,0,N,MELB_URBAN,OTHER,12,15.0
12667,4,7,181,5,3,60.0,0,N,RURAL_VICTORIA,UNKNOWN,12,3.0
12668,2,7,99,2,1,40.0,0,I,MELBOURNE_CBD,STREET,12,14.0
12669,4,7,173,5,1,80.0,0,N,RURAL_VICTORIA,ROAD,12,16.0
12670,1,7,121,1,1,60.0,0,I,MELB_URBAN,ROAD,12,17.0
12671,8,7,170,2,1,60.0,0,I,MELB_URBAN,PARADE,12,17.0
12672,1,7,130,1,1,80.0,0,I,LARGE_PROVINCIAL_CITIES,HIGHWAY,12,9.0
12673,1,7,110,1,1,60.0,0,I,SMALL_TOWNS,STREET,12,18.0
12674,2,7,99,5,3,60.0,0,N,SMALL_CITIES,DRIVE,12,20.0
12675,1,7,121,1,1,50.0,0,I,LARGE_PROVINCIAL_CITIES,STREET,12,18.0
12676,4,7,171,5,1,100.0,0,N,MELB_URBAN,FREEWAY,12,16.0
12677,4,7,99,2,1,50.0,0,I,SMALL_CITIES,OTHER,12,18.0
12678,1,7,130,5,1,100.0,0,N,MELB_URBAN,FREEWAY,12,18.0
12679,4,7,171,5,5,110.0,0,N,RURAL_VICTORIA,HIGHWAY,12,22.0
12680,2,7,99,1,3,60.0,0,I,MELB_URBAN,BOULEVARD,12,4.0
12681,4,1,171,5,3,60.0,0,N,MELB_URBAN,ROAD,12,0.0
12682,1,1,116,1,1,60.0,0,I,MELB_URBAN,ROAD,12,8.0
12683,1,1,134,5,1,70.0,0,N,LARGE_PROVINCIAL_CITIES,ROAD,12,9.0
12684,1,1,133,5,1,60.0,0,N,MELB_URBAN,ROAD,12,12.0
12685,1,1,113,2,1,60.0,0,I,MELB_URBAN,ROAD,12,12.0
12686,1,4,130,5,1,75.0,0,N,MELB_URBAN,HIGHWAY,12,7.0
12687,1,1,99,1,1,60.0,0,I,MELB_URBAN,ROAD,12,14.0
12688,8,1,170,5,1,100.0,0,N,RURAL_VICTORIA,ROAD,12,10.0
12689,4,3,181,5,1,60.0,0,N,MELB_URBAN,ROAD,12,11.0
12690,2,1,100,5,3,80.0,0,N,MELB_URBAN,ROAD,12,0.0
12691,1,1,130,2,1,80.0,0,I,MELB_URBAN,ROAD,12,14.0
12692,1,1,110,1,1,60.0,0,I,SMALL_CITIES,STREET,8,17.0
12693,2,1,100,5,3,40.0,0,N,MELB_URBAN,OTHER,12,3.0
12694,4,1,173,5,1,100.0,0,N,RURAL_VICTORIA,HIGHWAY,12,13.0
12695,1,1,99,2,1,50.0,0,I,MELB_URBAN,OTHER,12,10.0
12696,4,1,171,4,3,60.0,0,N,MELB_URBAN,RAMP,12,3.0
12697,1,0,130,4,1,40.0,0,I,MELB_URBAN,STREET,12,14.0
12698,6,7,170,5,5,100.0,0,N,RURAL_VICTORIA,HIGHWAY,12,23.0
12699,4,1,173,5,1,100.0,0,N,TOWNS,ROAD,12,17.0
12700,1,6,135,5,1,50.0,0,N,MELB_URBAN,STREET,12,18.0
12701,1,1,99,2,1,100.0,0,I,RURAL_VICTORIA,ROAD,12,18.0
12702,1,1,160,5,3,70.0,0,N,MELB_URBAN,ROAD,12,21.0
12703,1,6,130,2,1,40.0,0,I,MELB_URBAN,ROAD,11,8.0
12704,4,2,171,5,3,60.0,0,N,MELB_URBAN,ROAD,12,5.0
12705,1,1,111,2,1,70.0,0,I,MELB_URBAN,ROAD,12,11.0
12706,1,2,121,5,1,60.0,0,N,MELB_URBAN,ROAD,12,8.0
12707,1,2,116,2,1,60.0,0,I,SMALL_CITIES,ROAD,12,8.0
12708,1,7,120,5,5,100.0,1,N,SMALL_CITIES,FREEWAY,12,1.0
12709,2,2,99,2,1,50.0,0,I,MELB_URBAN,STREET,12,8.0
12710,1,4,130,5,2,60.0,0,N,MELB_URBAN,ROAD,7,19.0
12711,1,2,121,1,1,60.0,0,I,MELB_URBAN,ROAD,12,10.0
12712,1,7,132,2,1,60.0,0,I,MELB_URBAN,ROAD,12,11.0
12713,1,2,110,1,1,50.0,0,I,LARGE_PROVINCIAL_CITIES,STREET,12,10.0
12714,4,2,181,2,1,100.0,0,I,RURAL_VICTORIA,ROAD,12,10.0
12715,1,3,110,1,1,50.0,0,I,MELB_URBAN,STREET,10,17.0
12716,1,1,120,5,1,80.0,0,N,RURAL_VICTORIA,DRIVE,12,13.0
12717,6,2,184,4,1,60.0,0,I,SMALL_CITIES,DRIVE,12,11.0
12718,1,2,113,2,2,100.0,0,I,RURAL_VICTORIA,ROAD,10,20.0
12719,2,2,100,5,1,50.0,0,N,LARGE_PROVINCIAL_CITIES,STREET,12,9.0
12720,4,2,183,5,1,100.0,0,N,RURAL_VICTORIA,ROAD,12,12.0
12721,1,5,130,5,1,80.0,0,N,MELB_URBAN,ROAD,10,7.0
12722,1,2,130,2,1,80.0,0,N,MELB_URBAN,HIGHWAY,12,9.0
12723,1,2,132,1,1,100.0,0,I,RURAL_VICTORIA,ROAD,12,11.0
12724,8,6,174,2,6,60.0,0,I,MELB_URBAN,DRIVE,12,1.0
12725,2,2,100,2,1,60.0,0,I,MELB_URBAN,ROAD,12,16.0
12726,8,4,99,5,2,60.0,0,N,RURAL_VICTORIA,ROAD,10,17.0
12727,4,6,171,5,1,60.0,0,N,MELB_URBAN,ROAD,12,6.0
12728,4,2,181,5,6,80.0,0,N,MELB_URBAN,ROAD,12,22.0
12729,1,2,130,5,1,60.0,0,N,MELB_URBAN,ROAD,12,18.0
12730,1,2,130,1,1,60.0,0,I,MELB_URBAN,ROAD,12,17.0
12731,1,4,132,2,1,60.0,0,I,MELB_URBAN,ROAD,12,11.0
12732,4,2,99,5,1,30.0,0,N,MELB_URBAN,ROAD,12,15.0
12733,1,2,99,5,1,50.0,0,N,MELB_URBAN,STREET,12,9.0
12734,1,2,130,5,1,80.0,0,N,MELB_URBAN,FREEWAY,12,18.0
12735,6,2,99,5,1,100.0,1,N,RURAL_VICTORIA,ROAD,12,17.0
12736,1,2,130,2,3,60.0,0,N,MELB_URBAN,ROAD,12,21.0
12737,1,2,113,2,2,60.0,0,I,MELB_URBAN,ROAD,12,19.0
12738,1,2,130,4,1,60.0,0,I,MELB_URBAN,RAMP,12,14.0
12739,1,2,121,1,3,60.0,0,I,MELB_URBAN,ROAD,12,22.0
12740,1,2,120,5,3,70.0,0,N,MELB_URBAN,ROAD,12,23.0
12741,1,3,130,5,3,80.0,1,N,MELB_URBAN,ROAD,12,0.0
12742,8,6,174,5,2,100.0,0,N,MELB_URBAN,FREEWAY,7,16.0
12743,4,3,173,5,1,90.0,0,I,RURAL_VICTORIA,ROAD,12,6.0
12744,1,3,110,1,1,60.0,0,N,TOWNS,STREET,12,6.0
12745,2,3,102,1,1,50.0,0,I,MELB_URBAN,STREET,12,7.0
12746,1,3,147,5,1,40.0,0,N,SMALL_CITIES,ROAD,12,8.0
12747,2,3,99,5,1,60.0,0,N,TOWNS,STREET,12,8.0
12748,1,3,130,2,1,80.0,0,I,MELB_URBAN,HIGHWAY,12,8.0
12749,8,7,184,5,1,60.0,0,N,RURAL_VICTORIA,ROAD,12,12.0
12750,4,3,173,5,1,100.0,1,N,RURAL_VICTORIA,ROAD,12,7.0
12751,4,3,181,5,1,60.0,0,N,MELB_URBAN,OTHER,12,10.0
12752,1,3,130,5,1,80.0,0,N,MELB_URBAN,UNKNOWN,12,9.0
12753,1,5,110,1,1,60.0,0,I,MELB_URBAN,AVENUE,12,17.0
12754,6,3,174,5,1,100.0,0,N,MELB_URBAN,FREEWAY,12,12.0
12755,1,3,121,1,1,50.0,0,I,LARGE_PROVINCIAL_CITIES,STREET,12,12.0
12756,1,7,130,5,1,60.0,0,N,MELB_URBAN,ROAD,10,11.0
12757,1,2,116,1,1,80.0,0,I,RURAL_VICTORIA,ROAD,12,7.0
12758,1,6,99,2,6,50.0,0,I,SMALL_CITIES,OTHER,12,21.0
12759,1,4,99,1,1,80.0,0,I,MELB_URBAN,HIGHWAY,10,7.0
12760,1,3,163,5,1,60.0,0,N,MELB_URBAN,STREET,12,12.0
12761,1,5,147,5,1,60.0,0,N,SMALL_TOWNS,ROAD,11,8.0
12762,2,3,100,2,1,50.0,0,I,MELB_URBAN,STREET,12,9.0
12763,1,3,130,5,1,70.0,0,N,MELB_URBAN,ROAD,12,12.0
12764,1,6,160,5,1,50.0,0,N,TOWNS,AVENUE,11,15.0
12765,8,3,174,5,1,50.0,0,N,LARGE_PROVINCIAL_CITIES,STREET,12,14.0
12766,1,2,130,2,1,70.0,0,I,MELB_URBAN,ROAD,12,9.0
12767,1,3,130,2,1,60.0,0,I,MELB_URBAN,HIGHWAY,12,9.0
12768,4,3,181,5,1,100.0,0,N,RURAL_VICTORIA,ROAD,12,12.0
12769,1,1,99,1,1,60.0,0,I,MELB_URBAN,ROAD,1,13.0
12770,1,3,130,1,1,60.0,0,I,MELB_URBAN,STREET,12,15.0
12771,1,1,130,2,6,60.0,0,I,MELB_URBAN,ROAD,12,4.0
12772,6,3,174,5,1,100.0,0,N,RURAL_VICTORIA,ROAD,12,14.0
12773,1,3,99,5,1,40.0,0,N,MELBOURNE_CBD,STREET,12,16.0
12774,8,1,184,8,1,60.0,0,N,RURAL_VICTORIA,OTHER,12,10.0
12775,8,2,174,4,1,80.0,0,I,MELB_URBAN,RAMP,12,14.0
12776,1,3,121,5,1,50.0,0,N,LARGE_PROVINCIAL_CITIES,STREET,12,17.0
12777,1,3,121,2,1,60.0,0,I,MELB_URBAN,STREET,12,16.0
12778,1,3,110,1,1,80.0,0,I,MELB_URBAN,ROAD,12,17.0
12779,2,3,102,2,1,50.0,0,I,SMALL_CITIES,STREET,12,17.0
12780,2,3,102,1,1,70.0,0,I,MELB_URBAN,ROAD,12,17.0
12781,8,3,174,1,1,50.0,0,I,MELB_URBAN,OTHER,12,13.0
12782,1,3,130,2,1,70.0,0,I,MELB_URBAN,STREET,12,19.0
12783,4,2,171,5,1,50.0,0,N,MELB_URBAN,OTHER,12,17.0
12784,2,3,100,5,1,50.0,0,N,MELB_URBAN,ROAD,12,13.0
12785,1,3,140,5,2,40.0,0,N,MELBOURNE_CBD,STREET,12,20.0
12786,1,2,121,2,1,70.0,0,N,MELB_URBAN,ROAD,12,6.0
12787,2,6,102,2,1,50.0,0,I,MELB_URBAN,DRIVE,11,14.0
12788,1,3,140,2,3,70.0,0,I,MELB_URBAN,ROAD,12,22.0
12789,1,3,121,1,3,70.0,0,I,MELB_URBAN,ROAD,12,23.0
12790,1,4,130,5,2,100.0,0,N,RURAL_VICTORIA,FREEWAY,12,5.0
12791,1,4,121,2,1,70.0,0,N,MELB_URBAN,ROAD,12,6.0
12792,1,4,120,5,1,50.0,0,N,RURAL_VICTORIA,ROAD,12,8.0
12793,2,3,99,1,1,40.0,0,I,MELBOURNE_CBD,STREET,9,8.0
12794,4,4,99,5,1,50.0,0,N,MELB_URBAN,STREET,12,11.0
12795,1,3,121,2,1,80.0,0,I,MELB_URBAN,HIGHWAY,12,12.0
12796,1,3,130,2,1,80.0,0,I,MELB_URBAN,ROAD,12,18.0
12797,8,3,184,5,1,100.0,0,N,MELB_URBAN,UNKNOWN,12,17.0
12798,8,3,99,5,3,60.0,0,N,MELB_URBAN,ROAD,11,21.0
12799,5,4,99,5,1,100.0,0,N,RURAL_VICTORIA,ROAD,12,11.0
12800,1,4,135,5,1,100.0,0,N,MELB_URBAN,FREEWAY,12,9.0
12801,1,3,140,5,1,60.0,0,N,MELB_URBAN,ROAD,12,16.0
12802,1,3,130,2,1,60.0,0,I,MELB_URBAN,STREET,12,17.0
12803,1,3,121,2,1,60.0,0,I,MELB_URBAN,ROAD,12,19.0
12804,1,3,110,1,2,80.0,0,I,MELB_URBAN,ROAD,10,18.0
12805,1,4,130,1,1,70.0,0,I,MELB_URBAN,ROAD,12,9.0
12806,1,4,160,5,1,60.0,0,N,TOWNS,STREET,12,12.0
12807,4,4,181,5,1,50.0,0,N,MELB_URBAN,BOULEVARD,12,14.0
12808,1,4,120,5,1,100.0,0,N,RURAL_VICTORIA,ROAD,12,16.0
12809,1,4,121,2,1,70.0,0,I,MELB_URBAN,ROAD,12,16.0
12810,8,4,174,2,1,60.0,0,I,TOWNS,ROAD,12,15.0
12811,4,4,99,1,1,60.0,0,I,MELB_URBAN,ROAD,12,17.0
12812,1,3,99,5,1,40.0,0,N,MELB_URBAN,STREET,12,19.0
12813,4,4,171,5,1,110.0,0,N,RURAL_VICTORIA,FREEWAY,12,16.0
12814,1,4,130,5,1,100.0,0,N,MELB_URBAN,ROAD,12,17.0
12815,2,4,100,1,1,70.0,0,I,MELB_URBAN,ROAD,12,15.0
12816,2,4,102,5,1,70.0,0,N,MELB_URBAN,ROAD,12,16.0
12817,1,4,99,5,1,60.0,0,N,MELB_URBAN,UNKNOWN,12,19.0
12818,1,4,121,2,1,90.0,0,N,RURAL_VICTORIA,AVENUE,12,16.0
12819,4,4,171,1,1,60.0,0,I,MELB_URBAN,STREET,12,16.0
12820,1,4,110,1,2,50.0,0,I,SMALL_CITIES,STREET,12,20.0
12821,4,4,173,5,1,100.0,0,N,RURAL_VICTORIA,ROAD,12,17.0
12822,1,4,140,2,1,70.0,0,I,MELB_URBAN,STREET,12,16.0
12823,1,4,110,1,1,70.0,0,I,MELB_URBAN,ROAD,12,5.0
12824,4,5,171,1,3,60.0,0,I,MELB_URBAN,OTHER,12,2.0