,accident_type,day_of_week,dca_code,road_geometry,light_condition,speed_zone,severity,node_type,deg_urban_name,road_type,month,hour
12825,1,5,121,2,1,40.0,0,I,MELB_URBAN,STREET,10,9.0
12826,4,6,173,1,1,80.0,0,I,MELB_URBAN,ROAD,11,16.0
12827,2,3,102,1,1,40.0,0,I,MELBOURNE_CBD,STREET,12,20.0
12828,2,5,102,1,1,60.0,0,I,MELB_URBAN,ROAD,12,7.0
12829,1,4,130,5,1,60.0,0,N,MELB_URBAN,ROAD,12,9.0
12830,1,4,121,1,3,60.0,0,I,MELB_URBAN,HIGHWAY,12,21.0
12831,4,4,173,5,5,100.0,0,N,RURAL_VICTORIA,ROAD,12,23.0
12832,2,5,100,2,1,50.0,0,I,MELB_URBAN,STREET,12,6.0
12833,4,5,181,5,2,100.0,0,N,RURAL_VICTORIA,ROAD,12,6.0
12834,4,4,173,5,2,80.0,0,N,MELB_URBAN,DRIVE,12,19.0
12835,1,4,120,5,1,50.0,0,N,MELB_URBAN,STREET,12,16.0
12836,1,4,140,5,1,100.0,0,N,RURAL_VICTORIA,ROAD,12,18.0
12837,2,5,102,5,1,60.0,0,N,MELB_URBAN,STREET,12,10.0
12838,3,4,167,2,6,60.0,0,I,MELB_URBAN,ROAD,12,23.0
12839,1,1,130,1,6,60.0,0,I,MELB_URBAN,ROAD,11,20.0
12840,1,5,111,1,1,60.0,0,I,LARGE_PROVINCIAL_CITIES,ROAD,12,9.0
12841,1,5,99,5,1,50.0,0,N,LARGE_PROVINCIAL_CITIES,ROAD,12,12.0
12842,1,5,99,1,1,40.0,0,I,MELBOURNE_CBD,STREET,12,7.0
12843,1,5,113,1,1,80.0,0,I,SMALL_CITIES,HIGHWAY,12,12.0
12844,1,5,140,5,1,50.0,0,N,MELB_URBAN,STREET,12,8.0
12845,8,5,174,5,1,60.0,0,N,MELB_URBAN,STREET,12,12.0
12846,8,2,99,5,1,60.0,0,N,RURAL_VICTORIA,ROAD,11,12.0
12847,1,5,130,5,1,100.0,0,N,MELB_URBAN,FREEWAY,12,12.0
12848,1,5,110,1,1,100.0,0,I,RURAL_VICTORIA,ROAD,12,11.0
12849,1,5,130,2,1,60.0,0,I,MELB_URBAN,STREET,11,9.0
12850,1,2,134,1,1,80.0,0,I,MELB_URBAN,ROAD,12,16.0
12851,1,5,110,1,1,60.0,0,I,MELB_URBAN,STREET,12,14.0
12852,4,5,173,5,1,60.0,0,N,LARGE_PROVINCIAL_CITIES,ROAD,12,10.0
12853,2,5,100,1,1,60.0,0,I,MELB_URBAN,STREET,12,13.0
12854,1,5,130,2,1,70.0,0,I,MELB_URBAN,ROAD,12,14.0
12855,4,5,181,5,1,60.0,0,N,RURAL_VICTORIA,ROAD,12,10.0
12856,1,5,99,2,1,60.0,0,I,MELB_URBAN,ROAD,12,15.0
12857,1,5,110,1,1,50.0,0,I,MELB_URBAN,STREET,12,16.0
12858,1,5,130,2,1,90.0,0,I,MELB_URBAN,FREEWAY,12,16.0
12859,1,5,113,2,1,60.0,0,I,MELB_URBAN,ROAD,12,17.0
12860,8,5,174,2,1,50.0,0,I,SMALL_CITIES,STREET,12,17.0
12861,1,5,113,1,1,50.0,0,I,MELB_URBAN,ROAD,12,12.0
12862,4,5,173,3,1,110.0,0,N,RURAL_VICTORIA,FREEWAY,12,17.0
12863,4,5,99,5,1,50.0,0,N,LARGE_PROVINCIAL_CITIES,ROAD,12,18.0
12864,1,5,147,5,1,60.0,0,N,MELB_URBAN,STREET,12,16.0
12865,6,5,184,5,3,40.0,0,N,RURAL_VICTORIA,ROAD,2,21.0
12866,8,3,99,5,1,50.0,0,N,MELB_URBAN,UNKNOWN,12,11.0
12867,4,5,173,5,1,60.0,0,N,MELB_URBAN,ROAD,12,13.0
12868,1,5,160,2,3,60.0,0,I,MELB_URBAN,STREET,12,20.0
12869,1,5,120,5,1,100.0,0,N,RURAL_VICTORIA,ROAD,12,17.0
12870,4,5,181,5,1,50.0,0,N,MELB_URBAN,DRIVE,12,18.0
12871,4,6,171,5,3,50.0,0,N,MELB_URBAN,STREET,12,22.0
12872,4,5,181,5,1,100.0,0,N,RURAL_VICTORIA,HIGHWAY,12,18.0
12873,1,5,135,5,1,60.0,0,N,MELB_URBAN,STREET,12,15.0
12874,1,5,134,5,1,80.0,0,N,MELB_URBAN,ROAD,12,19.0
12875,1,5,120,5,1,100.0,0,N,MELB_URBAN,ROAD,12,12.0
12876,4,5,171,5,3,60.0,0,N,MELB_URBAN,ROAD,12,23.0
12877,4,5,171,5,3,60.0,0,N,MELB_URBAN,ROAD,12,22.0
12878,4,5,173,2,3,70.0,0,N,MELB_URBAN,ROAD,12,23.0
12879,4,3,171,2,1,110.0,0,I,RURAL_VICTORIA,FREEWAY,12,11.0
12880,1,5,130,5,1,70.0,0,N,MELB_URBAN,STREET,12,9.0
12881,1,6,110,1,1,60.0,0,I,TOWNS,STREET,12,8.0
12882,8,6,174,2,1,50.0,0,I,MELB_URBAN,ROAD,12,9.0
12883,4,6,181,5,1,70.0,0,N,RURAL_VICTORIA,ROAD,12,9.0
12884,2,6,100,1,1,60.0,0,I,MELB_URBAN,ROAD,12,8.0
12885,2,6,99,5,1,50.0,0,N,SMALL_CITIES,STREET,12,11.0
12886,2,6,99,5,1,50.0,0,N,MELB_URBAN,ROAD,12,9.0
12887,4,4,171,5,1,60.0,0,N,RURAL_VICTORIA,ROAD,12,19.0
12888,1,6,120,1,1,80.0,0,I,MELB_URBAN,ROAD,12,11.0
12889,1,6,121,2,1,70.0,0,I,MELB_URBAN,ROAD,12,11.0
12890,4,6,171,5,1,60.0,0,N,RURAL_VICTORIA,STREET,12,11.0
12891,1,6,140,5,1,60.0,0,N,MELB_URBAN,AVENUE,12,8.0
12892,2,6,100,4,1,60.0,0,I,MELB_URBAN,ROAD,12,13.0
12893,4,6,171,5,1,60.0,0,N,MELB_URBAN,STREET,12,11.0
12894,1,6,160,5,1,60.0,0,N,MELB_URBAN,ROAD,12,13.0
12895,1,6,121,2,1,60.0,0,I,MELB_URBAN,ROAD,12,9.0
12896,4,6,99,5,2,50.0,0,N,LARGE_PROVINCIAL_CITIES,STREET,12,5.0
12897,4,5,183,5,1,30.0,0,N,MELB_URBAN,BOULEVARD,12,18.0
12898,4,6,181,5,1,100.0,0,N,RURAL_VICTORIA,ROAD,12,11.0
12899,4,6,183,2,1,60.0,0,I,SMALL_TOWNS,STREET,12,14.0
12900,1,6,160,5,1,50.0,0,N,MELB_URBAN,STREET,12,14.0
12901,1,6,130,5,1,50.0,0,N,MELB_URBAN,STREET,8,8.0
12902,1,6,110,1,1,60.0,0,N,TOWNS,ROAD,12,15.0
12903,2,5,99,1,1,60.0,0,I,MELB_URBAN,ROAD,12,12.0
12904,1,6,121,2,1,80.0,0,N,MELB_URBAN,HIGHWAY,12,16.0
12905,1,6,99,5,1,60.0,0,N,MELB_URBAN,ROAD,12,18.0
12906,1,6,130,2,1,70.0,0,I,RURAL_VICTORIA,ROAD,12,16.0
12907,6,6,184,5,1,100.0,0,N,RURAL_VICTORIA,HIGHWAY,12,16.0
12908,4,6,171,2,1,50.0,0,I,MELB_URBAN,OTHER,12,17.0
12909,1,6,130,5,2,50.0,0,N,SMALL_CITIES,STREET,12,16.0
12910,2,4,100,5,9,60.0,0,N,MELB_URBAN,PARADE,12,1.0
12911,1,6,121,2,1,60.0,0,I,MELB_URBAN,ROAD,12,19.0
12912,4,6,173,5,1,60.0,0,N,RURAL_VICTORIA,ROAD,12,18.0
12913,1,6,135,5,3,100.0,0,N,RURAL_VICTORIA,HIGHWAY,12,20.0
12914,1,6,121,1,3,80.0,0,I,MELB_URBAN,HIGHWAY,12,20.0
12915,1,6,110,1,3,50.0,0,I,MELB_URBAN,STREET,12,22.0
12916,4,6,99,5,3,60.0,0,N,MELB_URBAN,ROAD,12,21.0
12917,1,6,121,2,3,60.0,0,I,MELB_URBAN,ROAD,12,22.0
12918,4,7,171,2,3,60.0,0,I,SMALL_CITIES,ROAD,12,0.0
12919,4,6,183,5,5,100.0,0,N,RURAL_VICTORIA,ROAD,12,20.0
12920,4,7,173,5,5,110.0,0,N,RURAL_VICTORIA,FREEWAY,12,1.0
12921,4,6,171,2,3,50.0,0,I,MELB_URBAN,OTHER,12,22.0
12922,1,7,113,2,3,60.0,0,I,MELB_URBAN,ROAD,12,1.0
12923,4,7,173,4,3,80.0,0,I,RURAL_VICTORIA,RAMP,12,3.0
12924,1,2,135,5,1,50.0,0,N,LARGE_PROVINCIAL_CITIES,STREET,10,12.0
12925,1,7,113,1,1,70.0,0,I,MELB_URBAN,ROAD,12,6.0
12926,4,7,183,5,2,110.0,0,N,RURAL_VICTORIA,FREEWAY,12,6.0
12927,1,7,130,5,1,60.0,0,N,MELB_URBAN,PARADE,12,7.0
12928,1,6,99,2,6,40.0,0,I,MELB_URBAN,ROAD,11,21.0
12929,1,6,130,5,1,80.0,0,N,MELB_URBAN,ROAD,12,6.0
12930,1,4,147,1,1,60.0,0,I,MELB_URBAN,ROAD,12,11.0
12931,3,3,167,5,1,100.0,0,N,RURAL_VICTORIA,ROAD,12,19.0
12932,1,6,113,2,1,50.0,0,I,MELB_URBAN,OTHER,12,18.0
12933,8,6,99,5,1,100.0,0,N,RURAL_VICTORIA,ROAD,11,16.0
12934,4,7,183,5,1,70.0,0,N,RURAL_VICTORIA,ROAD,12,9.0
12935,1,7,113,2,1,80.0,0,I,MELB_URBAN,HIGHWAY,12,13.0
12936,2,5,99,1,1,50.0,0,I,LARGE_PROVINCIAL_CITIES,STREET,12,15.0
12937,4,7,183,5,1,100.0,0,N,RURAL_VICTORIA,HIGHWAY,12,11.0
12938,4,7,171,5,1,100.0,1,N,SMALL_TOWNS,AVENUE,12,12.0
12939,4,7,171,5,1,50.0,0,N,SMALL_CITIES,STREET,12,16.0
12940,1,3,130,1,1,60.0,0,I,RURAL_VICTORIA,ROAD,12,9.0
12941,1,7,130,5,1,60.0,0,N,MELB_URBAN,ROAD,12,15.0
12942,4,7,183,5,1,100.0,0,N,RURAL_VICTORIA,ROAD,12,18.0
12943,1,7,130,1,1,60.0,0,I,MELB_URBAN,ROAD,12,16.0
12944,1,7,121,2,1,70.0,0,I,MELB_URBAN,ROAD,12,19.0
12945,1,7,99,1,3,40.0,0,I,MELB_URBAN,STREET,12,20.0
12946,1,7,160,5,1,50.0,0,N,LARGE_PROVINCIAL_CITIES,AVENUE,12,19.0
12947,1,7,130,5,1,80.0,0,N,MELB_URBAN,ROAD,12,18.0
12948,8,7,99,2,3,50.0,0,I,MELB_URBAN,STREET,12,4.0
12949,1,7,120,5,1,100.0,0,N,RURAL_VICTORIA,ROAD,12,18.0
12950,1,7,99,1,3,40.0,0,I,MELB_URBAN,STREET,12,21.0
12951,5,7,99,5,5,100.0,0,N,RURAL_VICTORIA,ROAD,12,21.0
12952,6,1,99,5,5,100.0,0,N,RURAL_VICTORIA,ROAD,12,0.0
12953,1,7,130,2,1,80.0,0,I,MELB_URBAN,ROAD,10,8.0
12954,1,1,111,2,3,70.0,0,I,MELB_URBAN,ROAD,12,0.0
12955,4,7,173,5,3,50.0,0,N,MELB_URBAN,DRIVE,12,23.0
12956,1,7,113,4,3,70.0,0,I,RURAL_VICTORIA,HIGHWAY,12,23.0
12957,1,7,130,5,1,80.0,0,N,MELB_URBAN,ROAD,12,14.0
12958,4,6,171,4,1,100.0,0,I,RURAL_VICTORIA,RAMP,12,11.0
12959,1,2,130,5,1,100.0,0,N,MELB_URBAN,FREEWAY,12,9.0
12960,1,4,99,1,1,60.0,0,I,MELB_URBAN,ROAD,11,16.0
12961,1,1,121,2,3,60.0,0,I,MELB_URBAN,ROAD,12,3.0
12962,1,1,110,1,1,60.0,0,I,MELB_URBAN,ROAD,12,6.0
12963,1,7,133,5,1,60.0,0,N,MELB_URBAN,STREET,12,8.0
12964,1,1,121,2,1,50.0,0,I,SMALL_CITIES,STREET,12,9.0
12965,2,7,99,5,1,60.0,0,N,MELB_URBAN,STREET,12,14.0
12966,8,1,174,5,1,60.0,0,N,MELB_URBAN,ROAD,12,9.0
12967,4,1,171,2,2,80.0,0,I,MELB_URBAN,HIGHWAY,12,6.0
12968,4,1,173,5,1,80.0,0,N,RURAL_VICTORIA,ROAD,12,11.0
12969,2,6,99,1,6,60.0,0,I,MELB_URBAN,STREET,12,22.0
12970,1,4,130,2,1,40.0,0,I,SMALL_CITIES,AVENUE,6,8.0
12971,1,7,99,2,3,80.0,0,I,MELB_URBAN,HIGHWAY,12,20.0
12972,1,7,130,1,1,50.0,0,I,LARGE_PROVINCIAL_CITIES,STREET,12,14.0
12973,8,1,174,5,1,40.0,0,I,MELB_URBAN,ROAD,12,12.0
12974,1,1,160,5,1,60.0,0,N,MELB_URBAN,ROAD,12,13.0
12975,4,1,173,5,1,50.0,0,N,MELB_URBAN,DRIVE,12,12.0
12976,1,0,130,4,1,60.0,0,I,MELB_URBAN,ROAD,12,14.0
12977,6,1,99,5,1,60.0,0,N,MELB_URBAN,ROAD,12,9.0
12978,1,4,110,1,1,60.0,0,I,MELB_URBAN,ROAD,12,16.0
12979,1,1,110,1,1,60.0,0,I,MELB_URBAN,ROAD,12,17.0
12980,4,1,181,5,1,100.0,0,N,RURAL_VICTORIA,HIGHWAY,12,16.0
12981,1,1,113,2,1,80.0,0,I,MELB_URBAN,ROAD,12,16.0
12982,1,3,99,1,3,50.0,0,I,MELB_URBAN,STREET,12,20.0
12983,4,1,181,5,2,100.0,0,N,RURAL_VICTORIA,ROAD,12,20.0
12984,1,1,113,1,2,70.0,0,I,MELB_URBAN,ROAD,12,20.0
12985,4,1,181,5,1,60.0,0,N,MELB_URBAN,STREET,12,19.0
12986,4,1,173,2,1,50.0,0,I,MELB_URBAN,PARADE,12,19.0
12987,4,1,181,5,1,60.0,0,N,SMALL_CITIES,ROAD,12,6.0
12988,1,1,130,5,1,60.0,0,N,MELB_URBAN,ROAD,12,17.0
12989,4,1,171,5,3,60.0,0,N,MELB_URBAN,ROAD,12,22.0
12990,1,2,121,1,3,60.0,0,I,MELB_URBAN,ROAD,12,0.0
12991,1,2,99,2,3,50.0,0,I,MELB_URBAN,AVENUE,12,0.0
12992,1,1,163,5,1,40.0,0,N,MELB_URBAN,STREET,12,14.0
12993,6,4,184,5,1,40.0,0,N,RURAL_VICTORIA,ROAD,12,12.0
12994,1,2,130,1,9,50.0,0,I,MELB_URBAN,ROAD,12,21.0
12995,1,2,113,2,1,50.0,0,N,MELB_URBAN,BOULEVARD,12,7.0
12996,1,7,130,5,1,60.0,0,N,MELB_URBAN,ROAD,12,10.0
12997,8,2,174,5,1,60.0,0,N,MELB_URBAN,PARADE,12,10.0
12998,6,2,99,5,1,100.0,0,N,RURAL_VICTORIA,ROAD,12,7.0
12999,6,2,99,5,1,100.0,0,N,RURAL_VICTORIA,ROAD,12,9.0
13000,8,3,174,1,1,50.0,0,I,MELB_URBAN,STREET,12,18.0
13001,1,2,120,5,1,60.0,0,N,LARGE_PROVINCIAL_CITIES,STREET,12,12.0
13002,5,2,99,1,1,100.0,0,I,RURAL_VICTORIA,ROAD,12,13.0
13003,1,2,130,5,1,100.0,0,N,MELB_URBAN,UNKNOWN,12,14.0
13004,1,2,130,5,1,70.0,0,N,MELB_URBAN,ROAD,12,12.0
13005,1,2,121,1,1,60.0,0,I,MELB_URBAN,STREET,12,13.0
13006,2,2,99,2,1,50.0,0,I,MELB_URBAN,STREET,12,16.0
13007,7,1,99,2,1,50.0,0,N,MELB_URBAN,AVENUE,12,9.0
13008,1,2,120,5,1,80.0,0,N,RURAL_VICTORIA,ROAD,12,11.0
13009,1,2,99,2,1,70.0,0,I,LARGE_PROVINCIAL_CITIES,ROAD,12,16.0
13010,1,2,130,1,1,70.0,0,I,MELB_URBAN,ROAD,12,7.0
13011,6,6,174,2,3,50.0,0,I,MELB_URBAN,OTHER,10,20.0
13012,1,2,130,5,1,80.0,0,N,MELB_URBAN,FREEWAY,12,16.0
13013,1,2,116,2,1,50.0,0,I,MELB_URBAN,AVENUE,12,17.0
13014,1,2,121,1,1,60.0,0,I,MELB_URBAN,ROAD,12,16.0
13015,4,3,171,2,1,100.0,0,I,RURAL_VICTORIA,ROAD,12,12.0
13016,6,2,170,5,2,100.0,0,N,RURAL_VICTORIA,OTHER,12,18.0
13017,1,2,99,5,1,100.0,0,N,RURAL_VICTORIA,ROAD,12,18.0
13018,4,2,171,5,1,50.0,0,N,LARGE_PROVINCIAL_CITIES,AVENUE,12,16.0
13019,2,2,99,1,1,60.0,0,I,MELB_URBAN,ROAD,12,16.0
13020,1,2,130,5,1,60.0,0,N,LARGE_PROVINCIAL_CITIES,STREET,12,17.0
13021,1,3,132,4,2,60.0,0,N,MELB_URBAN,RAMP,11,19.0
13022,1,2,99,5,3,50.0,0,N,MELB_URBAN,DRIVE,12,22.0
13023,1,6,130,5,1,60.0,0,N,MELB_URBAN,ROAD,12,9.0
13024,2,6,99,5,1,60.0,0,N,LARGE_PROVINCIAL_CITIES,STREET,11,18.0
13025,4,3,183,2,5,100.0,0,N,RURAL_VICTORIA,ROAD,12,4.0
13026,1,6,160,5,1,50.0,0,N,MELB_URBAN,DRIVE,12,18.0
13027,4,3,183,5,5,80.0,0,N,SMALL_CITIES,ROAD,12,3.0
13028,1,7,130,5,1,70.0,0,N,MELB_URBAN,HIGHWAY,12,17.0
13029,1,3,121,2,1,60.0,0,I,MELB_URBAN,ROAD,12,7.0
13030,1,2,113,2,1,60.0,0,I,MELB_URBAN,ROAD,12,6.0
13031,1,2,99,2,1,60.0,0,I,MELB_URBAN,ROAD,12,8.0
13032,4,3,171,5,1,70.0,0,N,MELB_URBAN,ROAD,12,8.0
13033,3,2,167,5,1,80.0,0,N,RURAL_VICTORIA,STREET,12,6.0
13034,1,3,99,5,1,60.0,0,N,MELB_URBAN,ROAD,12,12.0
13035,1,3,130,2,1,40.0,0,I,MELB_URBAN,ROAD,12,8.0
13036,1,4,130,5,9,80.0,0,N,MELB_URBAN,ROAD,12,10.0
13037,8,7,184,5,1,80.0,0,N,RURAL_VICTORIA,ROAD,11,12.0
13038,1,3,111,1,1,60.0,0,I,MELB_URBAN,ROAD,12,11.0
13039,1,2,130,2,1,70.0,0,I,MELB_URBAN,ROAD,12,17.0
13040,8,7,99,5,1,60.0,0,N,RURAL_VICTORIA,OTHER,11,11.0
13041,1,3,121,2,1,80.0,0,I,MELB_URBAN,ROAD,12,12.0
13042,1,3,113,2,1,80.0,0,I,MELB_URBAN,ROAD,12,12.0
13043,1,3,99,5,1,70.0,0,N,MELB_URBAN,ROAD,12,6.0
13044,1,7,130,2,1,50.0,0,I,MELB_URBAN,STREET,8,14.0
13045,1,5,130,2,1,70.0,0,I,MELB_URBAN,ROAD,12,13.0
13046,1,3,147,2,1,80.0,0,I,MELB_URBAN,HIGHWAY,12,12.0
13047,1,3,120,5,1,100.0,0,N,RURAL_VICTORIA,ROAD,12,11.0
13048,1,3,99,2,1,60.0,0,I,MELB_URBAN,AVENUE,12,12.0
13049,1,2,135,2,2,60.0,0,I,MELB_URBAN,ROAD,12,16.0
13050,4,3,183,5,1,100.0,0,N,RURAL_VICTORIA,HIGHWAY,12,15.0
13051,1,1,121,1,1,50.0,0,I,MELB_URBAN,AVENUE,9,18.0
13052,4,3,183,5,1,100.0,0,N,RURAL_VICTORIA,ROAD,12,16.0
13053,1,3,130,5,1,80.0,0,N,MELB_URBAN,ROAD,12,16.0
13054,4,3,171,5,1,100.0,0,N,RURAL_VICTORIA,ROAD,12,17.0
13055,1,3,140,2,1,60.0,0,I,MELB_URBAN,ROAD,12,16.0
13056,1,3,120,5,1,80.0,0,N,RURAL_VICTORIA,ROAD,12,16.0
13057,1,3,171,5,1,100.0,0,N,MELB_URBAN,UNKNOWN,12,17.0
13058,4,3,171,1,1,80.0,0,I,MELB_URBAN,HIGHWAY,12,17.0
13059,1,3,135,2,2,60.0,0,I,MELB_URBAN,HIGHWAY,12,19.0
13060,1,3,99,2,1,60.0,0,I,SMALL_CITIES,OTHER,12,18.0
13061,1,3,130,5,1,70.0,0,N,MELB_URBAN,ROAD,12,17.0
13062,1,3,130,5,2,60.0,0,N,TOWNS,STREET,12,20.0
13063,1,3,130,5,1,100.0,0,N,MELB_URBAN,FREEWAY,12,18.0
13064,1,3,140,5,1,60.0,0,N,MELB_URBAN,STREET,12,16.0
13065,4,3,173,5,1,60.0,0,N,MELB_URBAN,STREET,12,18.0
13066,1,3,133,5,1,60.0,0,N,MELB_URBAN,STREET,12,14.0
13067,1,3,130,5,1,70.0,0,N,MELB_URBAN,ROAD,12,15.0
13068,5,3,99,5,1,50.0,0,N,MELB_URBAN,STREET,12,17.0
13069,1,3,130,5,1,60.0,0,N,MELB_URBAN,FREEWAY,12,18.0
13070,6,3,174,5,1,50.0,0,N,MELB_URBAN,STREET,12,16.0
13071,8,3,170,1,3,60.0,0,I,MELB_URBAN,STREET,12,22.0
13072,2,1,99,2,3,60.0,0,I,MELB_URBAN,STREET,12,0.0
13073,1,5,121,1,2,80.0,0,I,MELB_URBAN,ROAD,12,6.0
13074,4,2,171,2,1,50.0,0,I,MELB_URBAN,STREET,12,19.0
13075,4,4,171,5,1,50.0,0,N,TOWNS,PARADE,12,6.0
13076,1,7,130,1,1,50.0,0,I,SMALL_CITIES,STREET,12,14.0
13077,1,3,120,2,1,50.0,0,I,MELB_URBAN,STREET,12,8.0
13078,4,4,99,5,1,30.0,0,UNKNOWN,UNKNOWN,UNKNOWN,12,9.0
13079,2,3,99,1,1,60.0,0,I,TOWNS,STREET,12,13.0
13080,1,4,140,5,1,70.0,0,N,MELB_URBAN,ROAD,12,9.0
13081,1,4,130,5,1,80.0,0,N,MELB_URBAN,ROAD,12,7.0
13082,4,2,171,5,3,50.0,0,N,MELB_URBAN,OTHER,12,0.0
13083,1,4,113,2,1,50.0,0,I,MELB_URBAN,ROAD,12,12.0
13084,1,3,130,1,2,60.0,0,I,MELB_URBAN,ROAD,12,19.0
13085,1,4,130,5,1,60.0,0,N,MELB_URBAN,HIGHWAY,12,13.0
13086,1,3,130,2,1,60.0,0,I,LARGE_PROVINCIAL_CITIES,STREET,12,10.0
13087,7,7,174,1,3,60.0,0,N,MELB_URBAN,ROAD,7,19.0
13088,1,4,135,5,1,80.0,0,N,MELB_URBAN,ROAD,12,7.0
13089,1,4,110,1,1,60.0,0,I,MELB_URBAN,ROAD,12,12.0
13090,1,3,121,1,3,80.0,0,I,MELB_URBAN,HIGHWAY,12,23.0
13091,1,3,132,5,2,80.0,0,N,LARGE_PROVINCIAL_CITIES,STREET,10,18.0
13092,1,4,135,5,1,80.0,0,N,MELB_URBAN,FREEWAY,8,7.0
13093,4,4,183,5,1,80.0,0,N,RURAL_VICTORIA,ROAD,12,14.0
13094,4,1,183,5,1,100.0,0,N,RURAL_VICTORIA,HIGHWAY,5,12.0
13095,1,4,110,1,1,50.0,0,I,MELB_URBAN,STREET,12,16.0
13096,1,4,121,2,1,60.0,0,N,MELB_URBAN,ROAD,12,18.0
13097,1,4,147,5,1,60.0,0,N,SMALL_CITIES,AVENUE,12,17.0
13098,1,4,120,5,1,50.0,0,N,MELB_URBAN,STREET,12,17.0
13099,4,3,171,5,1,80.0,0,N,MELB_URBAN,ROAD,12,20.0
13100,2,4,102,5,3,50.0,0,N,MELB_URBAN,ROAD,12,21.0
13101,2,4,99,5,1,50.0,0,N,MELB_URBAN,OTHER,12,19.0
13102,2,4,102,2,1,60.0,0,I,MELB_URBAN,ROAD,12,16.0
13103,1,4,110,1,6,50.0,0,I,MELB_URBAN,STREET,12,4.0
13104,4,5,183,5,3,50.0,0,N,TOWNS,DRIVE,12,0.0
13105,1,5,120,5,3,60.0,0,N,MELB_URBAN,ROAD,12,1.0
13106,1,4,160,5,1,50.0,0,N,MELB_URBAN,STREET,12,14.0
13107,1,5,116,2,1,60.0,0,I,MELB_URBAN,ROAD,12,6.0
13108,1,2,121,2,1,60.0,0,I,MELB_URBAN,STREET,11,9.0
13109,1,4,110,1,1,60.0,0,I,SMALL_CITIES,PARADE,12,14.0
13110,1,4,130,5,1,60.0,0,N,MELB_URBAN,ROAD,12,15.0
13111,4,4,173,5,1,100.0,0,N,RURAL_VICTORIA,ROAD,12,7.0
13112,1,5,116,2,1,60.0,0,I,MELB_URBAN,ROAD,12,8.0
13113,4,4,171,5,3,80.0,0,N,MELB_URBAN,ROAD,12,21.0
13114,4,5,173,5,1,60.0,0,N,MELB_URBAN,STREET,12,9.0
13115,1,5,121,2,1,60.0,0,I,MELB_URBAN,ROAD,12,10.0
13116,1,5,113,1,1,50.0,0,I,LARGE_PROVINCIAL_CITIES,STREET,3,7.0
13117,1,4,121,1,3,40.0,0,I,MELBOURNE_CBD,STREET,12,21.0
13118,1,5,99,5,1,100.0,0,N,RURAL_VICTORIA,ROAD,12,11.0
13119,1,6,130,5,1,60.0,0,N,MELB_URBAN,ROAD,12,18.0
13120,1,6,130,1,1,80.0,0,I,MELB_URBAN,ROAD,12,16.0
13121,1,4,111,1,3,60.0,0,I,MELB_URBAN,ROAD,12,22.0
13122,8,5,184,5,1,60.0,0,N,SMALL_CITIES,HIGHWAY,12,9.0
13123,2,4,100,1,1,40.0,0,I,MELB_URBAN,STREET,12,8.0
13124,4,5,181,5,1,90.0,0,N,RURAL_VICTORIA,HIGHWAY,12,13.0
13125,1,5,130,5,1,80.0,0,N,MELB_URBAN,ROAD,11,15.0
13126,1,5,121,1,1,60.0,0,I,MELB_URBAN,ROAD,11,17.0
13127,1,5,133,1,1,60.0,0,I,MELB_URBAN,ROAD,12,11.0
13128,1,5,113,2,1,100.0,0,I,RURAL_VICTORIA,HIGHWAY,12,14.0
13129,2,5,100,2,1,50.0,0,I,MELB_URBAN,ROAD,12,15.0
13130,6,5,174,1,1,50.0,0,I,TOWNS,STREET,12,11.0
13131,1,5,99,5,1,60.0,0,N,MELB_URBAN,ROAD,12,15.0
13132,6,4,99,5,1,100.0,0,N,RURAL_VICTORIA,DRIVE,12,10.0
13133,2,7,99,5,9,60.0,0,N,MELB_URBAN,STREET,7,1.0
13134,1,5,130,5,1,80.0,0,N,MELB_URBAN,ROAD,12,16.0
13135,8,3,174,1,1,80.0,0,I,MELB_URBAN,ROAD,12,14.0
13136,1,5,99,5,1,50.0,0,N,MELB_URBAN,STREET,12,18.0
13137,1,5,111,2,1,50.0,0,I,TOWNS,STREET,12,17.0
13138,1,5,116,2,1,60.0,0,I,TOWNS,ROAD,12,17.0
13139,1,5,130,5,1,60.0,0,N,MELB_URBAN,ROAD,12,13.0
13140,2,5,99,5,1,60.0,0,N,MELB_URBAN,ROAD,12,20.0
13141,1,5,130,5,1,100.0,0,N,RURAL_VICTORIA,FREEWAY,12,15.0
13142,1,5,130,1,9,70.0,0,I,MELB_URBAN,ROAD,12,21.0
13143,1,5,110,1,1,60.0,0,I,MELB_URBAN,ROAD,12,19.0
13144,8,5,174,2,1,70.0,0,I,RURAL_VICTORIA,ROAD,12,17.0
13145,1,5,121,1,2,50.0,0,I,MELB_URBAN,STREET,12,20.0
13146,1,5,130,5,1,60.0,0,N,SMALL_CITIES,ROAD,12,17.0
13147,6,5,99,5,1,80.0,0,N,RURAL_VICTORIA,ROAD,12,18.0
13148,1,5,110,1,1,50.0,0,I,LARGE_PROVINCIAL_CITIES,AVENUE,12,18.0
13149,1,5,113,2,3,50.0,0,I,MELB_URBAN,ROAD,12,22.0
13150,1,5,113,2,3,60.0,0,I,MELB_URBAN,ROAD,12,22.0
13151,3,4,167,5,5,60.0,0,N,RURAL_VICTORIA,ROAD,12,21.0
13152,2,6,102,2,3,60.0,0,I,MELB_URBAN,ROAD,12,1.0