,accident_type,day_of_week,dca_code,road_geometry,light_condition,speed_zone,severity,node_type,deg_urban_name,road_type,month,hour
13153,1,5,121,1,1,60.0,0,I,MELB_URBAN,ROAD,12,13.0
13154,4,5,173,5,1,100.0,1,N,RURAL_VICTORIA,HIGHWAY,12,16.0
13155,1,6,130,5,1,60.0,0,N,LARGE_PROVINCIAL_CITIES,STREET,12,7.0
13156,1,5,113,1,1,80.0,0,I,MELB_URBAN,HIGHWAY,12,13.0
13157,2,5,99,5,5,100.0,0,N,RURAL_VICTORIA,HIGHWAY,12,23.0
13158,4,4,171,2,2,60.0,0,I,MELB_URBAN,ROAD,11,19.0
13159,6,6,174,2,1,60.0,0,I,MELB_URBAN,STREET,12,10.0
13160,2,5,102,1,1,60.0,0,N,MELB_URBAN,ROAD,12,17.0
13161,8,6,174,2,1,40.0,0,I,MELB_URBAN,STREET,12,11.0
13162,1,6,110,1,1,50.0,0,I,TOWNS,STREET,12,11.0
13163,1,6,132,2,1,60.0,0,I,RURAL_VICTORIA,ROAD,12,11.0
13164,2,6,100,1,1,60.0,0,I,MELB_URBAN,STREET,12,8.0
13165,2,6,99,5,1,60.0,0,N,MELB_URBAN,STREET,12,12.0
13166,6,5,174,2,1,60.0,0,I,MELB_URBAN,STREET,12,16.0
13167,2,6,102,1,1,70.0,0,I,MELB_URBAN,ROAD,12,11.0
13168,1,6,110,4,1,60.0,0,I,MELB_URBAN,STREET,12,11.0
13169,8,6,184,5,1,100.0,0,N,RURAL_VICTORIA,ROAD,12,12.0
13170,1,1,120,5,1,60.0,0,N,RURAL_VICTORIA,ROAD,12,10.0
13171,4,5,183,5,5,100.0,0,N,TOWNS,HIGHWAY,12,22.0
13172,4,6,183,5,1,100.0,0,N,RURAL_VICTORIA,ROAD,12,13.0
13173,2,6,102,2,1,60.0,0,I,MELB_URBAN,ROAD,12,12.0
13174,1,6,110,1,1,100.0,0,I,RURAL_VICTORIA,HIGHWAY,12,13.0
13175,1,5,121,2,1,60.0,0,I,MELB_URBAN,STREET,12,12.0
13176,1,6,113,1,1,100.0,0,I,RURAL_VICTORIA,HIGHWAY,12,16.0
13177,1,6,113,2,1,80.0,0,I,MELB_URBAN,HIGHWAY,12,14.0
13178,1,5,99,1,1,40.0,0,I,MELB_URBAN,STREET,12,12.0
13179,8,6,174,5,1,50.0,0,N,MELB_URBAN,STREET,12,18.0
13180,1,6,121,1,1,70.0,0,I,SMALL_CITIES,PARADE,12,17.0
13181,2,5,99,5,3,60.0,0,N,SMALL_CITIES,STREET,12,22.0
13182,2,6,100,5,1,60.0,0,N,MELB_URBAN,ROAD,12,18.0
13183,1,6,160,5,1,60.0,0,N,MELB_URBAN,STREET,12,18.0
13184,7,6,99,1,1,50.0,0,I,MELB_URBAN,BOULEVARD,12,19.0
13185,1,1,99,2,1,60.0,0,I,MELB_URBAN,OTHER,12,8.0
13186,2,6,102,1,3,80.0,0,I,MELB_URBAN,ROAD,12,22.0
13187,2,6,99,5,5,80.0,0,N,RURAL_VICTORIA,ROAD,12,0.0
13188,4,7,171,2,3,60.0,0,I,MELB_URBAN,ROAD,12,3.0
13189,2,7,99,5,3,40.0,0,N,MELB_URBAN,STREET,12,1.0
13190,1,6,113,1,1,70.0,0,N,MELB_URBAN,STREET,12,15.0
13191,1,6,110,1,1,60.0,0,N,MELB_URBAN,ROAD,12,7.0
13192,5,4,99,5,1,50.0,0,N,SMALL_CITIES,STREET,12,10.0
13193,1,5,130,5,2,100.0,0,N,RURAL_VICTORIA,HIGHWAY,12,20.0
13194,1,7,116,1,1,60.0,0,I,MELB_URBAN,ROAD,12,11.0
13195,1,7,130,1,1,80.0,0,I,MELB_URBAN,HIGHWAY,12,11.0
13196,1,7,121,1,1,60.0,0,I,MELB_URBAN,ROAD,12,11.0
13197,1,7,160,5,1,60.0,0,N,MELB_URBAN,PARADE,12,8.0
13198,1,7,99,5,1,70.0,0,N,RURAL_VICTORIA,STREET,12,11.0
13199,4,7,171,2,1,70.0,0,I,MELB_URBAN,HIGHWAY,12,11.0
13200,2,7,102,1,1,50.0,0,I,LARGE_PROVINCIAL_CITIES,STREET,12,8.0
13201,1,7,121,2,1,80.0,0,N,MELB_URBAN,ROAD,12,12.0
13202,1,6,130,4,1,60.0,0,I,MELB_URBAN,RAMP,12,16.0
13203,4,5,173,5,1,60.0,0,N,TOWNS,ROAD,12,15.0
13204,4,7,181,5,1,80.0,0,N,RURAL_VICTORIA,ROAD,12,14.0
13205,1,6,130,2,2,60.0,0,I,MELB_URBAN,STREET,12,17.0
13206,1,7,99,2,1,60.0,0,I,MELB_URBAN,STREET,12,15.0
13207,1,7,120,5,1,50.0,0,N,MELB_URBAN,STREET,12,9.0
13208,1,6,111,2,1,50.0,0,I,MELB_URBAN,ROAD,12,16.0
13209,1,7,130,1,1,60.0,0,I,MELB_URBAN,ROAD,12,15.0
13210,3,3,167,5,2,100.0,0,N,MELB_URBAN,FREEWAY,12,5.0
13211,4,3,183,5,5,60.0,0,N,RURAL_VICTORIA,ROAD,6,0.0
13212,1,7,147,5,1,60.0,0,N,SMALL_CITIES,STREET,12,17.0
13213,1,7,121,1,1,80.0,0,I,MELB_URBAN,HIGHWAY,12,16.0
13214,6,7,170,5,1,80.0,0,N,RURAL_VICTORIA,ROAD,12,11.0
13215,1,6,130,1,1,50.0,0,N,SMALL_CITIES,AVENUE,12,10.0
13216,1,7,111,2,1,60.0,0,I,MELB_URBAN,ROAD,12,13.0
13217,2,7,99,5,1,50.0,0,N,MELB_URBAN,STREET,12,12.0
13218,2,5,100,1,1,40.0,0,I,MELB_URBAN,STREET,12,16.0
13219,1,7,99,1,1,50.0,0,I,MELB_URBAN,STREET,12,14.0
13220,4,7,171,1,3,50.0,0,I,SMALL_CITIES,STREET,12,23.0
13221,1,1,120,5,3,60.0,0,N,MELB_URBAN,BOULEVARD,12,0.0
13222,1,1,113,4,3,80.0,0,N,MELB_URBAN,ROAD,12,2.0
13223,4,1,173,1,3,80.0,0,I,MELB_URBAN,HIGHWAY,12,4.0
13224,2,1,99,5,1,80.0,0,N,MELB_URBAN,HIGHWAY,12,6.0
13225,4,0,183,2,2,100.0,0,I,RURAL_VICTORIA,ROAD,12,5.0
13226,1,7,130,2,1,60.0,0,I,MELB_URBAN,STREET,12,10.0
13227,7,7,174,5,1,100.0,0,N,MELB_URBAN,ROAD,4,14.0
13228,2,1,99,5,1,50.0,0,N,MELB_URBAN,DRIVE,12,9.0
13229,1,1,110,1,1,80.0,0,I,MELB_URBAN,HIGHWAY,12,8.0
13230,6,1,174,5,1,60.0,0,N,RURAL_VICTORIA,OTHER,12,8.0
13231,4,6,181,5,1,70.0,0,N,MELB_URBAN,ROAD,12,13.0
13232,1,6,130,5,1,60.0,0,N,RURAL_VICTORIA,ROAD,12,9.0
13233,4,1,171,5,1,70.0,1,N,MELB_URBAN,ROAD,12,8.0
13234,1,7,130,5,1,100.0,0,N,RURAL_VICTORIA,ROAD,12,18.0
13235,1,1,110,1,1,100.0,0,I,MELB_URBAN,ROAD,12,10.0
13236,1,1,147,5,1,80.0,0,N,MELB_URBAN,ROAD,12,12.0
13237,4,2,99,1,6,50.0,0,I,MELB_URBAN,DRIVE,4,18.0
13238,6,1,174,2,2,40.0,0,I,MELB_URBAN,ROAD,12,6.0
13239,8,3,174,2,1,60.0,0,I,MELB_URBAN,ROAD,12,8.0
13240,1,1,133,2,1,70.0,0,I,MELB_URBAN,ROAD,12,16.0
13241,1,6,111,2,3,60.0,0,I,MELB_URBAN,ROAD,12,22.0
13242,4,7,183,5,9,100.0,0,N,RURAL_VICTORIA,HIGHWAY,12,15.0
13243,4,7,173,2,3,60.0,0,I,MELB_URBAN,ROAD,12,23.0
13244,4,0,171,5,1,70.0,1,N,MELB_URBAN,ROAD,12,15.0
13245,6,1,174,5,1,50.0,0,N,MELB_URBAN,DRIVE,12,19.0
13246,1,1,130,1,1,70.0,0,I,LARGE_PROVINCIAL_CITIES,ROAD,12,19.0
13247,1,3,110,1,1,50.0,0,I,MELB_URBAN,STREET,12,17.0
13248,4,1,171,5,1,60.0,0,N,MELB_URBAN,STREET,12,18.0
13249,1,1,120,5,1,100.0,1,N,RURAL_VICTORIA,HIGHWAY,12,16.0
13250,1,1,130,5,3,100.0,0,N,MELB_URBAN,RAMP,12,23.0
13251,4,2,171,5,3,40.0,0,N,MELB_URBAN,HIGHWAY,12,0.0
13252,6,6,174,2,1,50.0,0,I,MELB_URBAN,AVENUE,12,13.0
13253,1,1,120,5,1,100.0,0,N,RURAL_VICTORIA,HIGHWAY,12,15.0
13254,4,2,173,5,1,100.0,0,N,SMALL_TOWNS,ROAD,12,7.0
13255,1,7,163,5,1,60.0,0,N,MELB_URBAN,STREET,12,10.0
13256,2,2,99,2,1,50.0,0,I,MELB_URBAN,STREET,12,8.0
13257,1,2,113,2,1,60.0,0,I,LARGE_PROVINCIAL_CITIES,STREET,12,9.0
13258,5,1,99,5,1,60.0,0,UNKNOWN,UNKNOWN,UNKNOWN,12,11.0
13259,1,6,130,5,1,80.0,0,N,MELB_URBAN,HIGHWAY,6,9.0
13260,1,4,135,1,3,40.0,0,I,MELB_URBAN,AVENUE,11,22.0
13261,4,2,173,2,2,60.0,0,I,MELB_URBAN,STREET,12,6.0
13262,7,1,99,5,1,70.0,0,N,MELB_URBAN,STREET,12,19.0
13263,1,2,130,1,1,80.0,0,I,MELB_URBAN,ROAD,12,15.0
13264,1,2,160,5,1,80.0,0,N,MELB_URBAN,HIGHWAY,12,8.0
13265,1,2,121,1,1,80.0,0,I,MELB_URBAN,ROAD,12,12.0
13266,6,7,174,5,1,100.0,0,N,RURAL_VICTORIA,HIGHWAY,12,11.0
13267,8,7,184,5,2,60.0,0,N,RURAL_VICTORIA,ROAD,12,17.0
13268,1,2,130,5,1,80.0,0,N,MELB_URBAN,FREEWAY,12,14.0
13269,8,2,99,5,1,70.0,0,N,MELB_URBAN,ROAD,12,16.0
13270,1,5,163,5,1,60.0,0,N,MELB_URBAN,STREET,12,17.0
13271,1,2,121,2,1,60.0,0,I,MELB_URBAN,ROAD,12,16.0
13272,1,2,110,1,1,50.0,0,I,MELB_URBAN,STREET,12,16.0
13273,4,2,173,5,1,100.0,1,N,RURAL_VICTORIA,HIGHWAY,12,16.0
13274,1,2,130,5,1,60.0,0,N,MELB_URBAN,STREET,12,15.0
13275,1,2,130,2,1,80.0,0,I,MELB_URBAN,ROAD,12,15.0
13276,1,2,99,5,1,60.0,0,N,MELB_URBAN,STREET,12,15.0
13277,1,2,130,1,1,80.0,0,I,MELB_URBAN,HIGHWAY,12,18.0
13278,1,2,130,2,1,60.0,0,N,MELB_URBAN,ROAD,12,18.0
13279,8,4,174,2,1,60.0,0,I,LARGE_PROVINCIAL_CITIES,ROAD,12,10.0
13280,1,2,132,2,3,60.0,0,I,LARGE_PROVINCIAL_CITIES,DRIVE,12,22.0
13281,4,2,173,2,3,50.0,0,I,SMALL_CITIES,STREET,12,23.0
13282,1,2,134,2,1,80.0,1,I,MELB_URBAN,STREET,12,20.0
13283,2,2,99,5,3,60.0,0,N,LARGE_PROVINCIAL_CITIES,STREET,12,22.0
13284,4,3,173,2,5,100.0,0,N,RURAL_VICTORIA,HIGHWAY,12,4.0
13285,4,6,181,5,1,100.0,0,N,RURAL_VICTORIA,ROAD,12,9.0
13286,4,3,173,5,1,100.0,0,N,RURAL_VICTORIA,ROAD,12,12.0
13287,1,3,113,2,1,60.0,0,I,MELB_URBAN,ROAD,12,12.0
13288,4,3,173,5,1,100.0,0,N,RURAL_VICTORIA,ROAD,12,13.0
13289,1,3,113,2,1,80.0,0,N,RURAL_VICTORIA,ROAD,12,15.0
13290,1,5,121,2,1,50.0,0,I,MELB_URBAN,STREET,12,14.0
13291,1,3,130,1,1,80.0,0,I,MELB_URBAN,ROAD,12,17.0
13292,1,6,130,1,1,80.0,0,I,MELB_URBAN,ROAD,11,17.0
13293,1,3,120,2,1,60.0,0,I,MELB_URBAN,ROAD,12,17.0
13294,8,3,174,5,1,110.0,0,N,SMALL_CITIES,FREEWAY,12,17.0
13295,6,6,174,5,1,50.0,0,N,MELB_URBAN,ROAD,12,16.0
13296,4,3,173,1,3,90.0,0,N,RURAL_VICTORIA,HIGHWAY,12,21.0
13297,4,3,173,1,1,70.0,1,I,LARGE_PROVINCIAL_CITIES,ROAD,12,18.0
13298,2,3,99,1,3,60.0,0,I,SMALL_CITIES,STREET,12,2.0
13299,1,4,113,2,3,50.0,0,I,MELB_URBAN,STREET,12,0.0
13300,4,4,173,5,3,60.0,0,N,MELB_URBAN,ROAD,12,1.0
13301,1,4,130,1,1,70.0,0,I,MELB_URBAN,ROAD,12,5.0
13302,4,4,173,5,3,60.0,0,N,MELB_URBAN,ROAD,12,4.0
13303,2,3,99,5,1,70.0,0,N,MELB_URBAN,ROAD,12,11.0
13304,1,3,130,1,1,60.0,0,I,MELB_URBAN,ROAD,12,18.0
13305,8,4,184,5,1,60.0,0,N,MELB_URBAN,ROAD,12,9.0
13306,1,4,130,5,1,100.0,0,N,MELB_URBAN,FREEWAY,12,10.0
13307,8,4,174,4,1,50.0,0,I,TOWNS,STREET,12,7.0
13308,1,5,99,5,6,60.0,0,N,MELB_URBAN,STREET,11,22.0
13309,1,4,121,1,1,50.0,0,I,RURAL_VICTORIA,ROAD,12,12.0
13310,5,7,99,5,1,100.0,0,N,RURAL_VICTORIA,HIGHWAY,12,19.0
13311,1,4,130,5,1,70.0,0,N,MELB_URBAN,ROAD,12,13.0
13312,1,4,134,5,1,80.0,0,N,MELB_URBAN,STREET,12,14.0
13313,1,4,113,1,1,50.0,0,I,SMALL_CITIES,DRIVE,12,16.0
13314,1,4,130,2,1,60.0,0,I,MELB_URBAN,RAMP,12,17.0
13315,1,4,130,5,1,70.0,0,N,MELB_URBAN,ROAD,12,16.0
13316,1,2,147,5,1,60.0,0,N,LARGE_PROVINCIAL_CITIES,STREET,12,19.0
13317,1,4,140,5,1,90.0,0,N,RURAL_VICTORIA,HIGHWAY,12,17.0
13318,1,5,135,5,3,100.0,0,N,MELB_URBAN,ROAD,12,3.0
13319,4,5,181,2,3,60.0,0,I,MELB_URBAN,ROAD,12,0.0
13320,1,5,110,1,3,60.0,0,I,MELB_URBAN,ROAD,12,0.0
13321,4,5,99,2,2,60.0,0,I,RURAL_VICTORIA,ROAD,12,5.0
13322,1,5,130,2,1,60.0,0,I,MELB_URBAN,ROAD,12,6.0
13323,1,6,130,1,1,80.0,0,I,MELB_URBAN,ROAD,12,16.0
13324,3,3,167,5,1,80.0,0,N,RURAL_VICTORIA,ROAD,12,14.0
13325,1,4,160,5,1,50.0,0,N,MELB_URBAN,STREET,12,16.0
13326,1,5,130,1,1,60.0,0,I,MELB_URBAN,ROAD,9,15.0
13327,1,5,160,5,1,60.0,0,N,MELB_URBAN,ROAD,12,9.0
13328,1,5,135,5,1,60.0,0,N,MELB_URBAN,STREET,12,9.0
13329,8,7,174,1,1,80.0,0,I,MELB_URBAN,ROAD,12,10.0
13330,4,4,171,5,1,50.0,0,N,MELB_URBAN,STREET,12,18.0
13331,7,6,99,5,1,50.0,0,N,MELB_URBAN,STREET,12,19.0
13332,1,7,130,5,1,100.0,0,N,MELB_URBAN,FREEWAY,10,10.0
13333,1,5,120,5,2,80.0,1,N,RURAL_VICTORIA,HIGHWAY,12,6.0
13334,1,5,121,1,1,60.0,0,I,MELB_URBAN,ROAD,12,10.0
13335,8,3,174,5,1,60.0,0,N,MELB_URBAN,ROAD,10,11.0
13336,8,5,99,5,1,100.0,0,N,RURAL_VICTORIA,ROAD,12,11.0
13337,1,4,130,2,1,80.0,0,I,MELB_URBAN,ROAD,12,13.0
13338,1,5,110,1,1,80.0,0,I,RURAL_VICTORIA,HIGHWAY,12,12.0
13339,1,4,111,1,1,40.0,0,I,MELBOURNE_CBD,STREET,12,11.0
13340,1,6,130,5,1,60.0,0,N,MELB_URBAN,STREET,10,6.0
13341,1,5,130,1,1,80.0,0,I,MELB_URBAN,ROAD,12,13.0
13342,1,5,132,5,1,100.0,0,N,RURAL_VICTORIA,ROAD,12,14.0
13343,1,2,110,1,1,100.0,0,I,RURAL_VICTORIA,ROAD,12,17.0
13344,1,5,99,2,1,60.0,0,N,TOWNS,ROAD,12,10.0
13345,4,5,171,2,1,60.0,0,I,MELB_URBAN,STREET,12,16.0
13346,1,2,99,1,3,60.0,0,I,MELB_URBAN,ROAD,12,22.0
13347,4,5,173,5,1,60.0,0,N,MELB_URBAN,ROAD,12,16.0
13348,1,5,130,2,1,60.0,0,I,MELB_URBAN,BOULEVARD,12,17.0
13349,2,5,100,5,1,60.0,0,N,MELB_URBAN,STREET,12,13.0
13350,1,5,160,5,1,50.0,0,N,MELB_URBAN,STREET,12,14.0
13351,1,6,130,5,1,80.0,0,N,MELB_URBAN,ROAD,11,14.0
13352,1,5,120,5,1,100.0,0,N,RURAL_VICTORIA,HIGHWAY,12,17.0
13353,1,5,130,1,1,60.0,0,I,MELB_URBAN,ROAD,12,10.0
13354,5,5,99,5,1,100.0,0,N,RURAL_VICTORIA,HIGHWAY,12,19.0
13355,1,5,147,5,3,70.0,0,N,MELB_URBAN,ROAD,12,21.0
13356,1,5,113,2,3,70.0,0,I,MELB_URBAN,ROAD,12,23.0
13357,4,4,171,2,3,50.0,0,I,MELB_URBAN,STREET,12,23.0
13358,4,6,183,5,2,110.0,0,N,RURAL_VICTORIA,FREEWAY,12,5.0
13359,4,6,183,5,1,60.0,0,N,MELB_URBAN,HIGHWAY,12,7.0
13360,1,1,99,5,1,60.0,0,N,MELB_URBAN,ROAD,12,11.0
13361,1,6,99,1,1,60.0,0,I,MELB_URBAN,OTHER,12,8.0
13362,2,4,99,2,1,60.0,0,N,TOWNS,HIGHWAY,12,11.0
13363,1,5,120,5,1,100.0,0,N,RURAL_VICTORIA,ROAD,12,15.0
13364,1,5,132,2,3,50.0,0,I,MELB_URBAN,STREET,12,22.0
13365,1,6,99,5,1,60.0,0,N,MELB_URBAN,ROAD,12,11.0
13366,8,6,99,5,1,50.0,0,N,MELB_URBAN,STREET,12,11.0
13367,6,6,184,1,1,60.0,0,I,MELB_URBAN,DRIVE,12,10.0
13368,1,6,135,5,2,100.0,0,N,MELB_URBAN,FREEWAY,12,20.0
13369,1,6,110,1,1,60.0,0,I,LARGE_PROVINCIAL_CITIES,STREET,12,12.0
13370,4,6,171,5,1,80.0,0,N,MELB_URBAN,ROAD,12,10.0
13371,1,1,99,2,1,60.0,0,N,MELB_URBAN,ROAD,5,8.0
13372,1,5,113,1,1,70.0,0,I,MELB_URBAN,HIGHWAY,12,19.0
13373,4,6,173,5,1,100.0,0,N,RURAL_VICTORIA,ROAD,12,12.0
13374,1,6,110,1,1,100.0,0,I,RURAL_VICTORIA,ROAD,12,12.0
13375,5,6,99,5,1,100.0,0,N,RURAL_VICTORIA,OTHER,12,11.0
13376,8,2,174,1,1,60.0,0,I,MELB_URBAN,ROAD,12,9.0
13377,6,6,170,5,1,50.0,0,N,SMALL_CITIES,ROAD,12,16.0
13378,1,6,110,1,1,60.0,0,I,LARGE_PROVINCIAL_CITIES,STREET,12,17.0
13379,4,6,171,5,1,80.0,0,N,RURAL_VICTORIA,ROAD,12,13.0
13380,1,6,99,2,1,80.0,0,I,LARGE_PROVINCIAL_CITIES,HIGHWAY,12,14.0
13381,1,6,99,5,1,50.0,0,N,MELB_URBAN,DRIVE,12,16.0
13382,2,6,102,5,1,50.0,0,N,SMALL_CITIES,STREET,12,17.0
13383,2,6,99,5,1,50.0,0,N,SMALL_CITIES,STREET,12,19.0
13384,4,6,173,5,1,80.0,0,N,RURAL_VICTORIA,AVENUE,12,15.0
13385,4,6,171,5,1,100.0,0,N,RURAL_VICTORIA,ROAD,12,11.0
13386,1,6,147,5,9,60.0,0,N,RURAL_VICTORIA,ROAD,12,22.0
13387,4,5,171,5,1,100.0,0,N,RURAL_VICTORIA,ROAD,12,14.0
13388,4,6,173,2,6,50.0,0,I,MELB_URBAN,STREET,12,20.0
13389,6,7,174,5,9,100.0,0,N,RURAL_VICTORIA,ROAD,12,10.0
13390,1,7,110,1,1,50.0,0,I,TOWNS,STREET,12,9.0
13391,1,6,163,5,1,60.0,0,N,MELB_URBAN,ROAD,12,12.0
13392,1,6,110,1,1,60.0,0,I,MELB_URBAN,ROAD,12,13.0
13393,4,4,183,5,2,100.0,0,N,RURAL_VICTORIA,ROAD,12,19.0
13394,1,7,130,2,3,70.0,1,I,MELB_URBAN,STREET,12,5.0
13395,1,7,121,5,1,60.0,0,N,MELB_URBAN,ROAD,12,10.0
13396,6,5,99,5,1,100.0,0,N,RURAL_VICTORIA,ROAD,12,12.0
13397,1,6,130,1,1,60.0,0,N,SMALL_CITIES,HIGHWAY,12,17.0
13398,4,6,173,5,2,100.0,0,N,RURAL_VICTORIA,ROAD,12,20.0
13399,1,6,120,5,1,60.0,0,N,RURAL_VICTORIA,HIGHWAY,12,16.0
13400,1,7,130,5,1,100.0,0,N,RURAL_VICTORIA,ROAD,12,14.0
13401,4,7,173,5,1,100.0,0,N,RURAL_VICTORIA,ROAD,12,15.0
13402,1,4,99,1,1,60.0,0,I,MELB_URBAN,STREET,12,11.0
13403,4,7,173,2,1,60.0,0,I,RURAL_VICTORIA,ROAD,12,16.0
13404,1,5,113,2,1,70.0,0,I,MELB_URBAN,ROAD,12,10.0
13405,1,7,110,1,1,100.0,0,I,RURAL_VICTORIA,ROAD,12,16.0
13406,4,6,181,5,1,100.0,0,N,RURAL_VICTORIA,ROAD,12,16.0
13407,2,7,99,5,1,80.0,0,N,RURAL_VICTORIA,ROAD,12,16.0
13408,1,6,121,5,2,100.0,0,N,RURAL_VICTORIA,DRIVE,12,19.0
13409,4,7,173,5,3,100.0,0,N,MELB_URBAN,FREEWAY,12,20.0
13410,2,7,100,1,1,60.0,0,I,MELB_URBAN,STREET,12,15.0
13411,1,7,160,1,3,50.0,0,I,LARGE_PROVINCIAL_CITIES,STREET,12,0.0
13412,1,1,160,2,3,50.0,0,I,MELB_URBAN,AVENUE,12,3.0
13413,1,5,99,5,1,80.0,0,N,MELB_URBAN,ROAD,10,13.0
13414,4,1,183,5,1,70.0,0,N,MELB_URBAN,ROAD,12,7.0
13415,1,1,113,2,1,50.0,0,I,MELB_URBAN,ROAD,12,9.0
13416,1,1,130,5,1,80.0,0,N,MELB_URBAN,OTHER,12,10.0
13417,4,0,171,5,1,100.0,0,N,RURAL_VICTORIA,FREEWAY,12,10.0
13418,1,1,113,1,1,50.0,0,I,MELB_URBAN,ROAD,12,11.0
13419,1,1,110,1,1,100.0,0,I,MELB_URBAN,ROAD,12,11.0
13420,4,1,171,2,1,60.0,0,I,MELB_URBAN,ROAD,12,11.0
13421,1,1,110,1,1,60.0,0,I,LARGE_PROVINCIAL_CITIES,STREET,12,8.0
13422,1,1,132,2,1,60.0,0,I,TOWNS,ROAD,12,12.0
13423,1,1,121,5,1,100.0,0,N,RURAL_VICTORIA,OTHER,12,12.0
13424,1,1,99,4,1,60.0,0,I,MELB_URBAN,AVENUE,12,9.0
13425,1,1,140,5,1,100.0,0,N,RURAL_VICTORIA,HIGHWAY,12,12.0
13426,1,6,120,5,1,80.0,0,N,MELB_URBAN,ROAD,12,18.0
13427,4,1,181,5,1,100.0,0,N,RURAL_VICTORIA,ROAD,12,16.0
13428,1,1,130,5,1,90.0,0,N,MELB_URBAN,FREEWAY,12,14.0
13429,3,1,167,5,1,100.0,0,N,RURAL_VICTORIA,ROAD,12,16.0
13430,4,1,171,5,1,110.0,0,N,SMALL_CITIES,FREEWAY,12,18.0
13431,1,4,130,2,6,60.0,0,I,MELB_URBAN,STREET,12,23.0
13432,6,1,174,5,1,100.0,0,N,RURAL_VICTORIA,ROAD,12,17.0
13433,6,1,99,5,1,100.0,0,UNKNOWN,UNKNOWN,UNKNOWN,12,18.0
13434,1,1,130,2,1,60.0,0,N,MELB_URBAN,STREET,12,18.0
13435,1,1,130,2,1,60.0,0,I,MELB_URBAN,STREET,12,18.0
13436,4,1,171,2,3,50.0,1,I,MELB_URBAN,STREET,12,22.0
13437,4,2,171,5,3,80.0,0,N,MELB_URBAN,ROAD,12,2.0
13438,3,7,167,5,2,100.0,0,N,MELB_URBAN,FREEWAY,12,5.0
13439,1,2,113,1,1,60.0,0,I,TOWNS,ROAD,12,9.0
13440,8,1,174,5,1,100.0,0,N,RURAL_VICTORIA,ROAD,12,18.0
13441,1,2,121,1,1,60.0,0,I,MELB_URBAN,HIGHWAY,12,10.0
13442,1,4,99,2,2,60.0,0,I,MELB_URBAN,STREET,9,17.0
13443,1,1,147,5,1,60.0,0,N,MELB_URBAN,ROAD,12,15.0
13444,8,2,174,5,1,80.0,0,N,RURAL_VICTORIA,HIGHWAY,12,10.0
13445,5,1,99,5,1,60.0,0,N,MELB_URBAN,ROAD,12,15.0
13446,6,5,170,5,1,100.0,0,N,RURAL_VICTORIA,ROAD,12,18.0
13447,1,2,121,1,1,40.0,0,I,MELBOURNE_CBD,STREET,12,11.0
13448,6,2,184,5,1,100.0,0,N,RURAL_VICTORIA,ROAD,12,10.0
13449,1,2,132,2,1,60.0,0,I,RURAL_VICTORIA,AVENUE,12,11.0
13450,4,2,183,2,1,80.0,0,I,RURAL_VICTORIA,UNKNOWN,12,10.0
13451,1,2,132,1,1,60.0,0,I,MELB_URBAN,ROAD,12,11.0
13452,1,2,121,1,1,60.0,0,I,MELB_URBAN,STREET,12,13.0
13453,2,2,100,1,1,60.0,0,I,MELB_URBAN,OTHER,12,13.0
13454,1,2,99,5,1,50.0,0,N,MELB_URBAN,STREET,12,9.0
13455,1,2,133,5,1,100.0,0,N,MELB_URBAN,FREEWAY,12,13.0
13456,1,2,130,2,1,70.0,0,I,MELB_URBAN,ROAD,12,12.0
13457,8,5,174,1,1,50.0,0,I,LARGE_PROVINCIAL_CITIES,STREET,12,16.0
13458,1,1,160,2,1,60.0,0,I,MELB_URBAN,ROAD,11,8.0
13459,1,2,133,5,1,60.0,0,N,LARGE_PROVINCIAL_CITIES,ROAD,12,17.0
13460,1,1,140,1,1,60.0,0,I,MELB_URBAN,OTHER,12,19.0
13461,4,1,171,5,5,100.0,0,N,RURAL_VICTORIA,ROAD,12,21.0
13462,8,2,184,5,1,100.0,0,N,LARGE_PROVINCIAL_CITIES,OTHER,12,17.0
13463,4,2,173,5,1,100.0,0,N,RURAL_VICTORIA,HIGHWAY,12,17.0
13464,1,2,147,2,1,60.0,0,I,MELB_URBAN,ROAD,12,16.0
13465,1,2,140,2,1,60.0,0,N,MELB_URBAN,ROAD,12,15.0
13466,1,2,140,4,1,60.0,0,I,MELB_URBAN,STREET,12,19.0
13467,2,2,99,5,1,60.0,0,N,TOWNS,STREET,12,17.0
13468,8,2,184,5,1,100.0,0,N,RURAL_VICTORIA,OTHER,12,17.0
13469,4,2,171,1,2,70.0,0,I,MELB_URBAN,ROAD,12,20.0
13470,6,2,170,2,2,50.0,0,I,MELB_URBAN,ROAD,12,20.0
13471,1,3,120,5,5,90.0,0,N,RURAL_VICTORIA,HIGHWAY,1,0.0
13472,2,3,100,1,2,70.0,0,I,MELB_URBAN,ROAD,1,5.0
13473,1,2,121,2,1,60.0,0,I,MELB_URBAN,ROAD,12,8.0
13474,1,3,110,1,1,60.0,0,I,MELB_URBAN,STREET,12,10.0
13475,8,3,174,5,1,60.0,0,N,RURAL_VICTORIA,ROAD,1,11.0
13476,1,2,99,1,1,50.0,0,I,MELB_URBAN,STREET,12,18.0