,accident_type,day_of_week,dca_code,road_geometry,light_condition,speed_zone,severity,node_type,deg_urban_name,road_type,month,hour
13477,1,1,121,1,3,70.0,0,I,MELB_URBAN,ROAD,12,0.0
13478,2,3,100,5,3,60.0,0,N,MELB_URBAN,ROAD,1,1.0
13479,1,3,99,5,1,40.0,0,N,MELB_URBAN,ROAD,1,13.0
13480,4,3,171,3,3,60.0,0,I,RURAL_VICTORIA,ROAD,1,0.0
13481,4,3,171,5,1,100.0,0,N,RURAL_VICTORIA,ROAD,1,15.0
13482,4,2,171,2,1,100.0,0,N,SMALL_TOWNS,STREET,12,14.0
13483,1,3,121,2,1,80.0,0,N,MELB_URBAN,ROAD,1,16.0
13484,1,3,113,2,1,60.0,0,I,MELB_URBAN,ROAD,1,15.0
13485,1,3,99,5,1,60.0,0,N,MELB_URBAN,UNKNOWN,1,15.0
13486,4,3,173,5,1,110.0,0,N,SMALL_CITIES,FREEWAY,1,16.0
13487,7,2,99,5,5,80.0,0,N,SMALL_TOWNS,HIGHWAY,12,21.0
13488,1,2,111,1,1,60.0,0,I,MELB_URBAN,AVENUE,12,19.0
13489,1,7,130,2,1,60.0,0,I,MELB_URBAN,ROAD,12,17.0
13490,1,3,130,5,1,60.0,0,N,MELB_URBAN,ROAD,1,19.0
13491,4,3,183,5,1,100.0,0,N,RURAL_VICTORIA,ROAD,1,16.0
13492,1,5,99,5,1,100.0,0,N,SMALL_CITIES,ROAD,12,14.0
13493,2,2,99,2,1,60.0,0,I,SMALL_CITIES,AVENUE,12,10.0
13494,4,4,171,5,5,100.0,0,N,RURAL_VICTORIA,ROAD,1,0.0
13495,3,4,167,5,5,100.0,0,N,RURAL_VICTORIA,ROAD,1,1.0
13496,1,7,121,5,1,60.0,0,N,MELB_URBAN,ROAD,7,16.0
13497,4,4,173,5,3,60.0,1,N,MELB_URBAN,HIGHWAY,1,2.0
13498,4,3,173,5,2,80.0,0,N,MELB_URBAN,HIGHWAY,1,6.0
13499,1,3,130,1,1,60.0,0,I,MELB_URBAN,ROAD,1,16.0
13500,8,3,174,5,1,100.0,0,N,RURAL_VICTORIA,ROAD,1,18.0
13501,8,6,174,5,1,60.0,0,N,RURAL_VICTORIA,ROAD,12,12.0
13502,6,1,174,5,1,100.0,0,N,RURAL_VICTORIA,ROAD,12,12.0
13503,2,4,99,5,1,60.0,0,N,LARGE_PROVINCIAL_CITIES,ROAD,1,10.0
13504,1,4,113,2,1,60.0,0,N,MELB_URBAN,ROAD,1,10.0
13505,1,6,130,1,2,70.0,0,I,MELB_URBAN,ROAD,12,20.0
13506,3,2,167,5,2,80.0,0,N,RURAL_VICTORIA,ROAD,12,5.0
13507,1,3,113,4,1,60.0,0,I,MELB_URBAN,ROAD,1,12.0
13508,1,4,113,2,1,50.0,0,I,MELB_URBAN,BOULEVARD,1,10.0
13509,4,4,183,5,1,70.0,0,N,MELB_URBAN,DRIVE,1,10.0
13510,2,4,102,5,1,60.0,0,N,LARGE_PROVINCIAL_CITIES,ROAD,1,12.0
13511,1,4,121,5,1,80.0,0,N,RURAL_VICTORIA,ROAD,1,12.0
13512,7,7,99,2,1,70.0,0,I,MELB_URBAN,ROAD,12,13.0
13513,1,4,113,2,1,80.0,0,I,RURAL_VICTORIA,ROAD,1,11.0
13514,2,4,100,2,1,40.0,0,I,MELBOURNE_CBD,STREET,1,14.0
13515,1,4,113,2,1,80.0,0,N,RURAL_VICTORIA,HIGHWAY,1,11.0
13516,8,4,170,5,1,100.0,0,N,RURAL_VICTORIA,OTHER,1,15.0
13517,6,1,99,5,1,100.0,0,N,RURAL_VICTORIA,HIGHWAY,12,16.0
13518,1,4,121,1,1,50.0,0,I,MELB_URBAN,ROAD,1,13.0
13519,1,4,99,1,1,70.0,0,I,MELB_URBAN,ROAD,1,17.0
13520,1,4,147,2,1,60.0,0,I,MELB_URBAN,OTHER,1,18.0
13521,1,4,99,5,1,60.0,0,N,MELB_URBAN,STREET,1,19.0
13522,1,3,130,5,2,60.0,0,UNKNOWN,UNKNOWN,UNKNOWN,1,19.0
13523,6,4,170,5,1,80.0,0,N,TOWNS,ROAD,1,18.0
13524,4,3,171,5,1,60.0,0,N,MELB_URBAN,HIGHWAY,1,6.0
13525,1,4,121,5,2,60.0,0,N,MELB_URBAN,STREET,10,20.0
13526,8,6,174,1,1,50.0,0,I,TOWNS,HIGHWAY,12,6.0
13527,6,5,174,5,1,60.0,0,N,MELB_URBAN,ROAD,1,10.0
13528,1,5,99,2,1,60.0,0,I,MELB_URBAN,STREET,6,17.0
13529,1,7,116,2,1,60.0,0,I,LARGE_PROVINCIAL_CITIES,ROAD,10,16.0
13530,1,5,120,5,1,60.0,0,N,RURAL_VICTORIA,ROAD,1,11.0
13531,1,4,99,5,1,50.0,0,N,MELB_URBAN,STREET,1,12.0
13532,4,5,171,5,1,100.0,0,N,RURAL_VICTORIA,ROAD,1,13.0
13533,1,4,130,1,1,80.0,0,I,MELB_URBAN,ROAD,1,8.0
13534,1,4,130,5,1,50.0,0,N,MELB_URBAN,ROAD,1,18.0
13535,1,5,110,1,1,50.0,0,I,MELB_URBAN,ROAD,1,13.0
13536,8,5,99,5,1,80.0,0,N,RURAL_VICTORIA,ROAD,1,13.0
13537,1,5,121,2,1,60.0,0,I,MELB_URBAN,HIGHWAY,1,12.0
13538,2,4,99,5,1,70.0,0,N,MELB_URBAN,ROAD,1,19.0
13539,1,5,132,2,1,70.0,0,N,MELB_URBAN,ROAD,1,15.0
13540,1,5,147,5,1,50.0,0,N,UNKNOWN,HIGHWAY,1,12.0
13541,1,1,99,2,1,60.0,0,I,MELB_URBAN,HIGHWAY,12,8.0
13542,4,5,173,5,1,100.0,0,N,RURAL_VICTORIA,ROAD,1,16.0
13543,1,4,113,2,1,60.0,0,I,TOWNS,STREET,12,16.0
13544,1,6,130,1,1,60.0,0,I,MELB_URBAN,ROAD,9,13.0
13545,1,5,111,1,1,100.0,0,I,RURAL_VICTORIA,HIGHWAY,1,17.0
13546,1,4,140,2,1,50.0,0,I,LARGE_PROVINCIAL_CITIES,STREET,5,16.0
13547,4,5,181,5,1,100.0,0,N,RURAL_VICTORIA,ROAD,1,16.0
13548,6,5,184,5,2,100.0,0,N,RURAL_VICTORIA,ROAD,1,19.0
13549,1,5,121,2,1,70.0,0,I,MELB_URBAN,ROAD,1,20.0
13550,1,5,130,5,1,60.0,0,N,MELB_URBAN,ROAD,1,18.0
13551,1,5,133,1,1,60.0,0,I,MELB_URBAN,STREET,1,20.0
13552,1,5,120,5,1,60.0,0,N,MELB_URBAN,RAMP,1,20.0
13553,1,5,99,5,3,60.0,0,N,MELB_URBAN,DRIVE,1,22.0
13554,6,6,174,5,2,50.0,0,N,MELB_URBAN,OTHER,10,17.0
13555,8,5,174,5,3,50.0,0,N,SMALL_CITIES,STREET,1,21.0
13556,1,5,160,5,3,60.0,0,N,MELB_URBAN,STREET,1,22.0
13557,3,4,167,5,5,100.0,0,N,RURAL_VICTORIA,ROAD,1,21.0
13558,1,5,110,1,3,70.0,0,I,SMALL_CITIES,STREET,1,23.0
13559,4,6,181,5,3,50.0,0,N,SMALL_CITIES,OTHER,1,0.0
13560,8,5,99,2,3,60.0,0,I,MELB_URBAN,STREET,1,23.0
13561,1,4,132,2,1,60.0,0,I,MELB_URBAN,ROAD,1,16.0
13562,1,5,130,5,1,70.0,0,N,MELB_URBAN,ROAD,1,12.0
13563,1,6,132,2,1,60.0,0,I,MELB_URBAN,ROAD,1,10.0
13564,1,6,110,1,1,50.0,0,I,LARGE_PROVINCIAL_CITIES,STREET,1,11.0
13565,1,5,130,2,1,80.0,0,I,MELB_URBAN,ROAD,5,16.0
13566,1,6,130,1,1,60.0,0,I,MELB_URBAN,ROAD,1,11.0
13567,1,6,130,5,1,100.0,0,N,MELB_URBAN,RAMP,1,9.0
13568,1,6,130,1,1,60.0,0,I,MELB_URBAN,STREET,12,14.0
13569,1,6,130,5,1,100.0,0,N,MELB_URBAN,FREEWAY,1,13.0
13570,1,6,130,1,1,60.0,0,I,LARGE_PROVINCIAL_CITIES,STREET,1,14.0
13571,4,6,183,5,1,100.0,0,N,RURAL_VICTORIA,ROAD,1,11.0
13572,4,6,181,5,1,100.0,0,N,RURAL_VICTORIA,ROAD,1,14.0
13573,1,5,110,1,1,70.0,0,I,MELB_URBAN,ROAD,1,15.0
13574,6,5,99,5,1,100.0,0,N,RURAL_VICTORIA,HIGHWAY,1,15.0
13575,1,6,99,2,1,80.0,0,I,MELB_URBAN,AVENUE,1,16.0
13576,4,6,173,5,1,100.0,0,N,TOWNS,FREEWAY,1,15.0
13577,8,6,174,5,1,80.0,0,N,RURAL_VICTORIA,ROAD,8,10.0
13578,4,3,183,5,5,60.0,0,UNKNOWN,UNKNOWN,UNKNOWN,1,21.0
13579,2,6,102,2,1,60.0,0,N,MELB_URBAN,ROAD,1,14.0
13580,1,7,110,1,2,50.0,0,I,LARGE_PROVINCIAL_CITIES,STREET,5,18.0
13581,1,6,113,2,1,70.0,0,I,MELB_URBAN,ROAD,1,17.0
13582,2,6,100,1,3,60.0,0,I,MELB_URBAN,HIGHWAY,1,2.0
13583,1,4,121,2,1,60.0,0,I,MELB_URBAN,STREET,12,13.0
13584,1,3,110,1,1,50.0,0,I,LARGE_PROVINCIAL_CITIES,STREET,12,12.0
13585,8,7,174,2,1,60.0,0,I,RURAL_VICTORIA,ROAD,12,13.0
13586,1,6,113,2,1,60.0,0,I,MELB_URBAN,ROAD,1,18.0
13587,2,6,100,2,2,60.0,0,I,MELB_URBAN,STREET,1,18.0
13588,1,6,121,2,1,50.0,0,I,MELB_URBAN,ROAD,1,15.0
13589,8,3,174,1,3,40.0,0,I,MELB_URBAN,STREET,12,21.0
13590,4,6,171,5,1,100.0,0,N,LARGE_PROVINCIAL_CITIES,ROAD,1,19.0
13591,1,5,140,5,3,80.0,0,N,MELB_URBAN,ROAD,1,21.0
13592,1,6,135,1,1,60.0,0,I,MELB_URBAN,STREET,1,18.0
13593,1,6,110,1,1,50.0,0,I,LARGE_PROVINCIAL_CITIES,OTHER,1,18.0
13594,1,6,120,1,1,40.0,0,I,RURAL_VICTORIA,ROAD,1,18.0
13595,1,6,110,1,3,60.0,0,I,MELB_URBAN,ROAD,1,23.0
13596,4,5,173,5,5,90.0,0,N,RURAL_VICTORIA,ROAD,1,23.0
13597,1,6,130,5,5,80.0,0,N,MELB_URBAN,HIGHWAY,1,23.0
13598,1,6,121,2,3,70.0,0,I,MELB_URBAN,ROAD,1,23.0
13599,1,5,121,1,1,70.0,0,I,MELB_URBAN,ROAD,1,11.0
13600,1,7,140,2,1,60.0,0,I,MELB_URBAN,HIGHWAY,1,7.0
13601,6,5,99,5,1,100.0,0,N,RURAL_VICTORIA,ROAD,1,12.0
13602,1,7,116,2,1,60.0,0,I,MELB_URBAN,ROAD,1,10.0
13603,1,7,132,1,1,60.0,0,I,MELB_URBAN,ROAD,1,12.0
13604,1,7,132,2,1,60.0,0,I,SMALL_CITIES,ROAD,1,12.0
13605,1,7,160,5,1,70.0,0,N,MELB_URBAN,ROAD,1,12.0
13606,2,7,100,1,1,60.0,0,I,MELB_URBAN,STREET,1,12.0
13607,1,7,163,5,1,60.0,0,N,MELB_URBAN,ROAD,1,13.0
13608,2,7,99,5,1,40.0,0,N,TOWNS,STREET,1,15.0
13609,1,7,134,1,1,60.0,0,I,MELB_URBAN,STREET,1,8.0
13610,1,2,147,2,1,60.0,0,I,MELB_URBAN,AVENUE,12,12.0
13611,1,7,99,1,1,40.0,0,I,MELB_URBAN,ROAD,1,12.0
13612,4,7,171,5,1,70.0,0,N,MELB_URBAN,ROAD,1,15.0
13613,1,7,121,1,1,70.0,0,I,MELB_URBAN,ROAD,1,17.0
13614,6,7,170,5,1,100.0,0,N,RURAL_VICTORIA,ROAD,1,18.0
13615,4,7,173,1,1,100.0,0,I,RURAL_VICTORIA,ROAD,1,18.0
13616,1,7,147,1,1,60.0,0,I,RURAL_VICTORIA,FREEWAY,1,18.0
13617,1,7,121,1,3,60.0,0,I,MELB_URBAN,ROAD,1,22.0
13618,4,7,181,1,3,60.0,0,I,MELB_URBAN,ROAD,1,23.0
13619,4,7,173,5,5,70.0,0,N,LARGE_PROVINCIAL_CITIES,STREET,1,23.0
13620,1,7,130,2,1,80.0,0,I,MELB_URBAN,ROAD,1,12.0
13621,4,1,171,1,1,80.0,0,I,RURAL_VICTORIA,ROAD,1,6.0
13622,1,7,130,1,1,60.0,0,I,MELB_URBAN,STREET,1,14.0
13623,1,5,110,1,9,80.0,0,I,MELB_URBAN,HIGHWAY,12,5.0
13624,1,1,110,1,1,60.0,0,I,MELB_URBAN,ROAD,1,7.0
13625,6,1,174,1,1,60.0,0,I,MELB_URBAN,AVENUE,1,8.0
13626,1,1,120,5,1,60.0,0,N,MELB_URBAN,ROAD,1,12.0
13627,1,1,160,5,1,50.0,0,N,MELB_URBAN,OTHER,1,12.0
13628,1,1,147,5,1,50.0,0,N,SMALL_CITIES,DRIVE,1,14.0
13629,1,4,130,2,1,60.0,0,I,MELB_URBAN,ROAD,10,8.0
13630,1,1,134,5,1,60.0,0,N,MELB_URBAN,DRIVE,1,10.0
13631,1,0,99,2,1,50.0,0,I,MELB_URBAN,STREET,1,13.0
13632,2,7,99,5,3,60.0,0,N,MELB_URBAN,OTHER,1,22.0
13633,7,7,174,5,1,60.0,0,N,SMALL_CITIES,HIGHWAY,1,10.0
13634,4,1,181,5,1,80.0,0,N,RURAL_VICTORIA,HIGHWAY,1,14.0
13635,1,1,120,5,1,100.0,0,N,RURAL_VICTORIA,ROAD,1,12.0
13636,1,1,135,5,1,60.0,0,N,MELB_URBAN,STREET,1,10.0
13637,1,1,130,1,1,60.0,0,I,MELB_URBAN,STREET,1,19.0
13638,1,7,121,2,1,60.0,0,I,MELB_URBAN,ROAD,1,7.0
13639,1,1,130,1,1,60.0,0,I,MELB_URBAN,STREET,1,13.0
13640,1,1,130,5,3,70.0,0,N,MELB_URBAN,STREET,1,20.0
13641,1,1,120,5,2,100.0,0,N,RURAL_VICTORIA,ROAD,1,19.0
13642,4,1,181,5,1,80.0,1,N,MELB_URBAN,ROAD,1,18.0
13643,1,2,160,5,3,60.0,0,N,MELB_URBAN,STREET,1,1.0
13644,8,2,174,5,1,40.0,0,N,MELB_URBAN,STREET,1,6.0
13645,1,7,113,2,1,70.0,0,I,RURAL_VICTORIA,ROAD,1,12.0
13646,8,1,174,2,1,60.0,0,I,MELB_URBAN,DRIVE,12,16.0
13647,1,2,121,1,1,60.0,0,I,MELB_URBAN,ROAD,1,9.0
13648,2,2,100,5,1,50.0,0,N,MELB_URBAN,ROAD,1,8.0
13649,1,2,121,2,1,60.0,0,I,MELB_URBAN,ROAD,1,10.0
13650,4,2,181,5,1,100.0,0,N,RURAL_VICTORIA,ROAD,1,8.0
13651,1,1,99,1,1,80.0,0,I,MELB_URBAN,ROAD,1,18.0
13652,1,2,134,5,1,80.0,0,N,MELB_URBAN,ROAD,1,12.0
13653,4,2,171,1,1,60.0,0,I,MELB_URBAN,ROAD,1,11.0
13654,4,2,181,5,1,100.0,0,N,RURAL_VICTORIA,HIGHWAY,1,10.0
13655,1,2,130,1,1,70.0,0,I,MELB_URBAN,ROAD,1,5.0
13656,8,1,99,5,1,60.0,0,N,RURAL_VICTORIA,ROAD,12,17.0
13657,1,5,110,1,1,50.0,0,I,SMALL_CITIES,STREET,12,13.0
13658,1,2,99,2,1,50.0,0,I,MELB_URBAN,ROAD,1,13.0
13659,1,2,130,1,1,70.0,0,I,SMALL_CITIES,AVENUE,12,17.0
13660,1,2,140,5,1,60.0,0,N,LARGE_PROVINCIAL_CITIES,STREET,1,8.0
13661,1,2,130,5,1,100.0,0,N,MELB_URBAN,FREEWAY,1,14.0
13662,5,1,99,5,1,60.0,0,UNKNOWN,UNKNOWN,UNKNOWN,12,10.0
13663,2,5,99,5,1,60.0,0,N,TOWNS,OTHER,11,14.0
13664,4,2,181,5,1,100.0,0,N,RURAL_VICTORIA,HIGHWAY,1,14.0
13665,6,2,99,5,1,100.0,0,N,RURAL_VICTORIA,ROAD,1,16.0
13666,1,2,99,2,1,50.0,0,I,MELB_URBAN,STREET,1,18.0
13667,1,2,130,5,2,80.0,0,N,MELB_URBAN,ROAD,1,18.0
13668,1,4,130,5,1,60.0,0,N,MELB_URBAN,RAMP,12,10.0
13669,4,2,183,5,1,60.0,0,N,MELB_URBAN,ROAD,1,19.0
13670,4,2,171,5,2,60.0,0,N,LARGE_PROVINCIAL_CITIES,ROAD,1,20.0
13671,4,2,171,5,5,60.0,0,N,RURAL_VICTORIA,ROAD,1,22.0
13672,4,3,173,5,5,100.0,0,N,RURAL_VICTORIA,ROAD,1,1.0
13673,1,2,110,1,1,60.0,0,I,MELB_URBAN,ROAD,1,13.0
13674,1,3,130,1,9,60.0,0,N,MELB_URBAN,ROAD,1,6.0
13675,8,2,174,5,2,60.0,0,N,MELB_URBAN,ROAD,1,21.0
13676,2,3,100,1,1,50.0,0,I,MELB_URBAN,STREET,1,8.0
13677,1,3,130,5,1,60.0,0,N,MELB_URBAN,STREET,1,8.0
13678,8,2,99,5,5,100.0,0,N,RURAL_VICTORIA,ROAD,1,19.0
13679,6,1,174,5,1,100.0,0,N,RURAL_VICTORIA,ROAD,12,15.0
13680,1,3,147,5,1,80.0,0,N,MELB_URBAN,HIGHWAY,1,9.0
13681,1,6,130,1,2,70.0,0,I,MELB_URBAN,STREET,10,6.0
13682,1,2,113,2,1,60.0,0,I,MELB_URBAN,ROAD,1,11.0
13683,9,3,99,5,1,60.0,0,N,RURAL_VICTORIA,HIGHWAY,1,11.0
13684,1,2,110,1,1,80.0,0,N,MELB_URBAN,ROAD,12,12.0
13685,2,6,102,5,1,50.0,0,N,TOWNS,STREET,1,17.0
13686,1,7,99,1,3,60.0,0,I,MELB_URBAN,ROAD,7,22.0
13687,4,3,173,1,1,60.0,0,N,MELB_URBAN,STREET,1,13.0
13688,1,3,99,2,1,60.0,0,I,MELB_URBAN,ROAD,6,10.0
13689,6,7,174,1,1,80.0,0,I,RURAL_VICTORIA,HIGHWAY,1,14.0
13690,1,3,99,1,1,50.0,0,I,TOWNS,STREET,1,12.0
13691,2,3,102,5,1,50.0,0,N,LARGE_PROVINCIAL_CITIES,STREET,1,12.0
13692,1,3,160,5,1,50.0,0,N,MELB_URBAN,STREET,1,13.0
13693,2,1,99,5,1,50.0,0,N,MELB_URBAN,AVENUE,12,17.0
13694,1,3,130,2,1,40.0,0,I,MELB_URBAN,STREET,1,15.0
13695,1,3,160,5,1,60.0,0,N,TOWNS,ROAD,1,15.0
13696,1,3,130,2,1,60.0,0,I,MELB_URBAN,ROAD,1,14.0
13697,4,1,181,5,1,80.0,0,UNKNOWN,UNKNOWN,UNKNOWN,12,10.0
13698,4,3,171,2,1,100.0,0,I,RURAL_VICTORIA,ROAD,1,14.0
13699,1,3,110,1,1,50.0,0,I,SMALL_CITIES,STREET,1,17.0
13700,1,3,133,1,1,60.0,0,I,MELB_URBAN,ROAD,1,18.0
13701,4,3,173,1,1,60.0,0,I,MELB_URBAN,ROAD,1,15.0
13702,1,4,130,1,1,60.0,0,I,MELB_URBAN,ROAD,11,8.0
13703,1,3,116,1,1,50.0,0,I,MELB_URBAN,ROAD,1,18.0
13704,7,2,99,5,9,50.0,0,N,MELB_URBAN,OTHER,11,20.0
13705,1,3,121,2,2,60.0,0,I,MELB_URBAN,ROAD,1,20.0
13706,1,3,120,5,1,50.0,0,N,MELB_URBAN,ROAD,1,8.0
13707,1,5,120,2,3,50.0,0,I,LARGE_PROVINCIAL_CITIES,ROAD,12,21.0
13708,1,4,116,2,1,60.0,0,I,MELB_URBAN,ROAD,1,7.0
13709,1,4,130,1,1,80.0,0,I,MELB_URBAN,ROAD,1,9.0
13710,1,4,120,2,1,60.0,0,I,MELB_URBAN,ROAD,1,7.0
13711,1,4,99,2,1,60.0,0,I,MELB_URBAN,STREET,12,10.0
13712,1,4,121,2,1,60.0,0,I,MELB_URBAN,STREET,1,10.0
13713,1,4,110,1,1,100.0,0,I,RURAL_VICTORIA,ROAD,1,8.0
13714,1,4,121,2,1,60.0,0,I,MELB_URBAN,STREET,1,11.0
13715,8,2,174,2,1,50.0,0,I,LARGE_PROVINCIAL_CITIES,AVENUE,1,18.0
13716,1,6,130,2,1,60.0,0,I,MELB_URBAN,ROAD,11,12.0
13717,4,2,173,5,1,80.0,0,N,RURAL_VICTORIA,HIGHWAY,10,15.0
13718,2,4,100,5,1,60.0,0,N,MELB_URBAN,ROAD,1,13.0
13719,1,7,163,2,1,60.0,0,I,MELB_URBAN,STREET,1,12.0
13720,3,1,167,5,1,100.0,0,N,RURAL_VICTORIA,ROAD,1,13.0
13721,2,1,99,5,1,60.0,0,N,MELBOURNE_CBD,STREET,12,15.0
13722,1,4,147,5,1,50.0,0,N,TOWNS,STREET,1,12.0
13723,1,4,110,1,1,50.0,0,I,MELB_URBAN,DRIVE,1,14.0
13724,4,4,183,5,1,60.0,0,N,RURAL_VICTORIA,ROAD,1,16.0
13725,8,7,99,5,1,70.0,0,N,MELB_URBAN,ROAD,1,16.0
13726,8,4,174,9,1,50.0,0,N,MELB_URBAN,ROAD,1,18.0
13727,1,4,163,2,1,60.0,0,I,MELB_URBAN,ROAD,1,9.0
13728,8,6,174,1,1,50.0,0,I,MELB_URBAN,STREET,12,16.0
13729,1,4,163,5,1,40.0,0,N,MELB_URBAN,ROAD,1,18.0
13730,1,4,130,5,1,80.0,0,N,MELB_URBAN,ROAD,1,18.0
13731,1,4,130,1,1,60.0,0,I,LARGE_PROVINCIAL_CITIES,STREET,1,19.0
13732,7,4,99,1,1,50.0,0,I,MELB_URBAN,ROAD,1,20.0
13733,4,4,171,5,3,70.0,0,N,MELB_URBAN,ROAD,1,21.0
13734,3,6,167,5,1,80.0,0,N,SMALL_TOWNS,ROAD,1,18.0
13735,1,4,121,1,3,70.0,0,I,MELB_URBAN,ROAD,1,21.0
13736,4,4,171,5,1,80.0,0,N,RURAL_VICTORIA,ROAD,1,6.0
13737,1,4,134,2,1,80.0,0,I,MELB_URBAN,ROAD,1,16.0
13738,2,4,100,4,2,50.0,0,I,LARGE_PROVINCIAL_CITIES,STREET,1,20.0
13739,6,4,99,5,2,60.0,0,N,RURAL_VICTORIA,ROAD,1,6.0
13740,1,6,130,5,1,60.0,0,N,RURAL_VICTORIA,ROAD,10,15.0
13741,1,4,110,1,9,50.0,0,I,MELB_URBAN,ROAD,5,15.0
13742,1,6,130,5,1,60.0,0,N,MELB_URBAN,PARADE,1,17.0
13743,1,4,121,2,3,70.0,0,I,SMALL_CITIES,STREET,1,5.0
13744,1,5,121,2,3,60.0,0,I,MELB_URBAN,ROAD,1,6.0
13745,4,5,183,5,1,80.0,0,N,RURAL_VICTORIA,ROAD,1,7.0
13746,1,5,99,1,1,50.0,0,I,MELB_URBAN,STREET,1,8.0
13747,4,5,173,5,1,50.0,0,N,MELB_URBAN,BOULEVARD,1,8.0
13748,1,5,121,1,1,60.0,0,I,MELB_URBAN,ROAD,1,9.0
13749,1,3,99,5,1,80.0,0,N,MELB_URBAN,ROAD,1,18.0
13750,1,4,130,2,1,50.0,0,I,MELB_URBAN,STREET,10,14.0
13751,4,5,171,1,1,60.0,0,I,MELB_URBAN,ROAD,1,10.0
13752,8,4,184,5,1,60.0,0,N,RURAL_VICTORIA,ROAD,1,13.0
13753,1,5,99,5,1,80.0,0,N,RURAL_VICTORIA,ROAD,1,11.0
13754,1,2,130,1,1,80.0,0,N,MELB_URBAN,AVENUE,1,10.0
13755,1,4,130,4,1,80.0,0,N,MELB_URBAN,ROAD,1,7.0
13756,1,5,120,5,1,80.0,1,N,RURAL_VICTORIA,ROAD,1,10.0
13757,1,5,132,5,1,60.0,0,N,MELB_URBAN,ROAD,1,13.0
13758,4,6,181,5,2,100.0,0,N,RURAL_VICTORIA,ROAD,1,20.0
13759,4,5,181,5,1,100.0,0,N,RURAL_VICTORIA,ROAD,1,15.0
13760,1,5,121,9,1,60.0,0,I,MELB_URBAN,ROAD,1,14.0
13761,1,2,130,1,1,70.0,0,I,MELB_URBAN,ROAD,7,9.0
13762,5,5,99,5,1,60.0,0,N,RURAL_VICTORIA,ROAD,1,15.0
13763,6,5,99,2,1,100.0,0,I,RURAL_VICTORIA,HIGHWAY,1,15.0
13764,1,5,116,2,1,50.0,0,I,LARGE_PROVINCIAL_CITIES,ROAD,1,17.0
13765,1,5,110,1,1,60.0,0,I,SMALL_CITIES,STREET,1,11.0
13766,1,4,135,5,1,80.0,0,N,MELB_URBAN,ROAD,11,17.0
13767,7,5,99,5,2,50.0,0,N,MELB_URBAN,STREET,1,19.0
13768,6,5,174,1,1,80.0,0,I,MELB_URBAN,ROAD,1,18.0
13769,1,4,130,1,1,60.0,0,I,MELB_URBAN,ROAD,1,17.0
13770,6,3,170,2,2,100.0,0,I,RURAL_VICTORIA,ROAD,1,5.0
13771,4,5,183,5,1,100.0,0,N,RURAL_VICTORIA,ROAD,1,19.0
13772,4,5,181,5,1,100.0,0,N,RURAL_VICTORIA,ROAD,1,19.0
13773,4,5,181,5,1,60.0,0,N,MELB_URBAN,ROAD,1,17.0
13774,1,5,121,1,3,60.0,0,I,MELB_URBAN,ROAD,1,22.0
13775,1,5,110,1,3,60.0,0,I,MELB_URBAN,ROAD,1,22.0
13776,2,5,100,1,3,60.0,0,I,MELB_URBAN,ROAD,1,23.0
13777,1,6,130,5,3,60.0,0,N,MELB_URBAN,ROAD,1,21.0
13778,4,5,171,5,3,70.0,0,N,MELB_URBAN,ROAD,1,21.0
13779,1,5,140,2,1,60.0,0,I,MELB_URBAN,ROAD,1,12.0
13780,1,6,113,1,1,60.0,0,I,LARGE_PROVINCIAL_CITIES,AVENUE,1,9.0
13781,1,6,160,5,1,40.0,0,N,MELB_URBAN,STREET,1,9.0
13782,7,2,99,5,1,60.0,0,N,MELB_URBAN,ROAD,12,17.0
13783,1,5,120,5,1,80.0,0,N,MELB_URBAN,HIGHWAY,1,16.0
13784,1,7,130,5,3,70.0,0,N,MELB_URBAN,ROAD,7,18.0
13785,8,6,99,5,9,60.0,0,N,RURAL_VICTORIA,OTHER,1,11.0
13786,1,5,111,4,1,100.0,0,I,RURAL_VICTORIA,ROAD,1,14.0
13787,1,6,163,1,1,60.0,0,I,MELB_URBAN,STREET,1,9.0
13788,1,6,120,5,1,100.0,0,N,RURAL_VICTORIA,ROAD,1,10.0
13789,2,6,99,5,1,60.0,0,N,MELB_URBAN,ROAD,1,9.0
13790,1,3,110,1,1,100.0,0,I,RURAL_VICTORIA,ROAD,1,14.0
13791,1,6,147,5,1,60.0,0,N,MELB_URBAN,ROAD,1,10.0
13792,8,6,174,2,1,60.0,0,I,RURAL_VICTORIA,ROAD,1,12.0
13793,1,6,130,5,1,70.0,0,N,LARGE_PROVINCIAL_CITIES,STREET,1,10.0
13794,8,6,99,5,1,70.0,0,N,MELB_URBAN,ROAD,1,12.0
13795,1,6,134,1,1,80.0,0,I,MELB_URBAN,ROAD,1,14.0
13796,1,6,130,1,9,60.0,0,I,MELB_URBAN,ROAD,11,18.0
13797,2,6,102,1,1,60.0,0,I,MELB_URBAN,STREET,1,15.0
13798,5,6,99,5,1,100.0,0,N,RURAL_VICTORIA,ROAD,1,15.0
13799,4,6,173,5,1,60.0,0,N,SMALL_CITIES,ROAD,1,15.0
13800,4,6,171,1,1,100.0,0,I,RURAL_VICTORIA,ROAD,1,12.0
13801,1,7,120,5,1,70.0,0,N,RURAL_VICTORIA,ROAD,12,12.0
13802,1,6,132,2,1,60.0,0,I,MELB_URBAN,ROAD,1,17.0
13803,1,6,110,1,1,50.0,0,I,MELB_URBAN,STREET,1,17.0
13804,4,6,183,5,1,80.0,0,N,RURAL_VICTORIA,ROAD,1,16.0
13805,1,6,130,1,1,80.0,0,I,MELB_URBAN,ROAD,1,20.0
13806,1,1,130,5,1,70.0,0,N,MELB_URBAN,HIGHWAY,1,13.0
13807,5,2,99,5,1,60.0,0,N,RURAL_VICTORIA,OTHER,12,12.0