,accident_type,day_of_week,dca_code,road_geometry,light_condition,speed_zone,severity,node_type,deg_urban_name,road_type,month,hour
13808,6,6,170,5,2,100.0,0,N,MELB_URBAN,FREEWAY,1,19.0
13809,6,6,174,1,1,50.0,0,I,MELB_URBAN,ROAD,1,20.0
13810,4,6,171,5,1,50.0,0,N,MELB_URBAN,OTHER,1,18.0
13811,1,6,130,5,2,80.0,0,N,MELB_URBAN,ROAD,1,5.0
13812,6,6,174,4,3,70.0,0,I,MELB_URBAN,RAMP,1,4.0
13813,2,7,99,2,3,40.0,0,I,MELB_URBAN,STREET,1,2.0
13814,1,5,99,1,2,50.0,0,I,MELB_URBAN,UNKNOWN,1,19.0
13815,1,7,130,1,9,60.0,0,I,MELB_URBAN,ROAD,1,20.0
13816,1,7,113,1,1,100.0,0,I,RURAL_VICTORIA,ROAD,1,8.0
13817,1,6,110,1,1,50.0,0,I,MELB_URBAN,STREET,1,19.0
13818,1,2,130,5,1,60.0,0,N,MELB_URBAN,STREET,11,16.0
13819,1,7,130,2,1,80.0,0,I,MELB_URBAN,ROAD,1,10.0
13820,2,7,99,1,1,60.0,0,I,MELB_URBAN,STREET,1,11.0
13821,4,7,181,5,1,60.0,0,N,RURAL_VICTORIA,ROAD,1,9.0
13822,4,6,181,5,1,100.0,0,N,RURAL_VICTORIA,ROAD,1,17.0
13823,1,7,113,2,1,60.0,0,I,MELB_URBAN,STREET,1,8.0
13824,4,7,171,5,1,100.0,0,N,RURAL_VICTORIA,ROAD,1,10.0
13825,1,6,116,2,3,60.0,0,I,LARGE_PROVINCIAL_CITIES,HIGHWAY,1,21.0
13826,4,2,181,5,1,100.0,1,N,RURAL_VICTORIA,HIGHWAY,1,12.0
13827,1,3,130,5,1,60.0,0,N,MELB_URBAN,ROAD,1,14.0
13828,1,7,140,1,1,80.0,0,I,MELB_URBAN,ROAD,1,15.0
13829,4,6,181,5,9,100.0,0,N,RURAL_VICTORIA,DRIVE,1,10.0
13830,1,6,113,2,2,80.0,0,I,MELB_URBAN,ROAD,1,20.0
13831,1,7,132,2,1,60.0,0,I,MELB_URBAN,ROAD,1,17.0
13832,2,7,99,2,1,50.0,0,I,MELB_URBAN,STREET,1,14.0
13833,1,5,121,1,1,80.0,0,N,MELB_URBAN,ROAD,1,14.0
13834,1,7,130,5,1,70.0,0,N,MELB_URBAN,ROAD,1,16.0
13835,6,7,184,2,1,60.0,0,N,RURAL_VICTORIA,ROAD,1,18.0
13836,1,7,121,4,1,70.0,0,I,RURAL_VICTORIA,ROAD,1,17.0
13837,1,7,116,1,1,60.0,0,I,MELB_URBAN,ROAD,1,19.0
13838,2,1,99,5,3,40.0,0,N,MELB_URBAN,STREET,1,1.0
13839,6,1,99,5,2,110.0,0,N,RURAL_VICTORIA,FREEWAY,1,6.0
13840,6,7,99,5,1,100.0,0,N,RURAL_VICTORIA,ROAD,1,9.0
13841,1,6,130,5,1,100.0,0,N,RURAL_VICTORIA,HIGHWAY,1,11.0
13842,4,1,173,5,3,50.0,0,N,TOWNS,OTHER,1,5.0
13843,4,1,183,5,1,90.0,0,N,RURAL_VICTORIA,ROAD,1,11.0
13844,6,7,184,3,1,80.0,0,I,RURAL_VICTORIA,ROAD,1,10.0
13845,1,1,130,5,1,100.0,0,N,RURAL_VICTORIA,ROAD,1,11.0
13846,1,1,110,1,1,100.0,0,I,MELB_URBAN,ROAD,1,13.0
13847,1,6,130,5,1,60.0,0,N,RURAL_VICTORIA,ROAD,12,15.0
13848,4,1,171,5,1,100.0,0,I,RURAL_VICTORIA,HIGHWAY,1,13.0
13849,7,1,99,5,1,50.0,0,N,MELB_URBAN,OTHER,11,17.0
13850,3,1,167,5,1,100.0,0,N,RURAL_VICTORIA,HIGHWAY,1,9.0
13851,1,1,110,1,1,60.0,0,I,LARGE_PROVINCIAL_CITIES,ROAD,1,15.0
13852,1,1,110,1,1,100.0,1,I,RURAL_VICTORIA,HIGHWAY,1,10.0
13853,1,1,99,2,1,60.0,0,I,MELB_URBAN,STREET,1,16.0
13854,8,1,170,2,1,50.0,0,I,SMALL_TOWNS,STREET,1,14.0
13855,1,1,135,5,1,110.0,0,N,RURAL_VICTORIA,FREEWAY,1,17.0
13856,8,1,174,2,1,60.0,0,N,LARGE_PROVINCIAL_CITIES,ROAD,12,18.0
13857,8,7,174,1,1,40.0,0,I,MELB_URBAN,STREET,1,11.0
13858,2,6,99,5,5,50.0,0,N,SMALL_TOWNS,STREET,1,22.0
13859,1,1,121,1,1,80.0,0,I,MELB_URBAN,ROAD,1,19.0
13860,1,1,121,2,1,60.0,0,I,MELB_URBAN,DRIVE,1,16.0
13861,4,1,181,5,2,100.0,0,N,RURAL_VICTORIA,HIGHWAY,1,19.0
13862,1,5,147,5,1,60.0,0,N,MELB_URBAN,ROAD,1,9.0
13863,1,2,130,5,1,60.0,0,N,MELB_URBAN,ROAD,1,7.0
13864,1,2,130,5,1,40.0,0,N,RURAL_VICTORIA,HIGHWAY,1,9.0
13865,8,2,174,2,1,100.0,0,I,RURAL_VICTORIA,ROAD,1,9.0
13866,1,2,110,1,1,60.0,0,I,LARGE_PROVINCIAL_CITIES,STREET,1,10.0
13867,1,2,113,1,1,70.0,0,I,MELB_URBAN,HIGHWAY,1,7.0
13868,1,5,99,2,2,50.0,0,I,MELB_URBAN,AVENUE,11,6.0
13869,1,1,110,1,3,70.0,0,I,MELB_URBAN,ROAD,1,1.0
13870,1,3,130,1,1,60.0,0,I,MELB_URBAN,ROAD,5,11.0
13871,4,2,173,5,1,60.0,0,N,SMALL_CITIES,STREET,1,14.0
13872,1,2,120,5,1,60.0,0,N,RURAL_VICTORIA,ROAD,1,13.0
13873,8,2,99,5,1,80.0,0,N,MELB_URBAN,ROAD,1,15.0
13874,4,2,173,5,1,100.0,0,N,RURAL_VICTORIA,ROAD,1,12.0
13875,4,2,171,5,1,50.0,0,N,MELB_URBAN,OTHER,1,14.0
13876,4,3,99,5,1,60.0,0,N,RURAL_VICTORIA,OTHER,1,15.0
13877,1,2,130,1,1,70.0,0,I,MELB_URBAN,ROAD,1,15.0
13878,1,2,121,2,1,60.0,0,I,MELB_URBAN,ROAD,1,16.0
13879,1,2,130,2,1,60.0,0,I,MELB_URBAN,ROAD,1,16.0
13880,1,2,130,5,1,80.0,0,N,MELB_URBAN,ROAD,1,16.0
13881,1,2,113,2,1,100.0,0,I,RURAL_VICTORIA,HIGHWAY,1,16.0
13882,2,2,99,5,1,50.0,1,N,MELB_URBAN,AVENUE,1,16.0
13883,6,2,174,5,1,100.0,0,N,MELB_URBAN,FREEWAY,1,18.0
13884,1,2,130,5,1,100.0,0,N,MELB_URBAN,FREEWAY,1,18.0
13885,1,2,113,2,1,60.0,0,I,MELB_URBAN,STREET,1,16.0
13886,1,3,140,5,9,40.0,0,N,MELB_URBAN,ROAD,1,18.0
13887,6,2,99,5,2,100.0,0,N,RURAL_VICTORIA,HIGHWAY,1,19.0
13888,4,2,171,2,3,70.0,0,I,RURAL_VICTORIA,ROAD,1,22.0
13889,1,2,113,2,1,70.0,0,I,MELB_URBAN,HIGHWAY,1,12.0
13890,4,1,99,4,5,60.0,0,I,MELB_URBAN,AVENUE,1,22.0
13891,6,3,174,5,2,60.0,0,N,RURAL_VICTORIA,ROAD,1,7.0
13892,1,3,120,5,1,60.0,0,N,LARGE_PROVINCIAL_CITIES,STREET,1,7.0
13893,1,2,130,1,1,60.0,0,I,MELB_URBAN,OTHER,1,15.0
13894,1,3,121,2,1,50.0,0,I,MELB_URBAN,ROAD,1,9.0
13895,1,3,130,2,1,80.0,0,N,MELB_URBAN,ROAD,1,9.0
13896,7,1,99,4,3,50.0,0,N,MELB_URBAN,STREET,1,1.0
13897,8,1,184,5,1,50.0,0,N,RURAL_VICTORIA,ROAD,1,15.0
13898,1,2,121,1,1,60.0,0,I,MELB_URBAN,ROAD,11,18.0
13899,1,3,120,5,1,60.0,0,N,RURAL_VICTORIA,ROAD,1,11.0
13900,1,1,130,1,1,60.0,0,I,MELB_URBAN,ROAD,12,16.0
13901,1,3,110,1,1,60.0,0,I,MELB_URBAN,AVENUE,1,7.0
13902,1,3,110,1,1,60.0,0,I,LARGE_PROVINCIAL_CITIES,STREET,1,13.0
13903,1,3,110,1,1,50.0,0,I,MELB_URBAN,STREET,1,11.0
13904,6,2,184,5,1,100.0,0,N,RURAL_VICTORIA,OTHER,1,15.0
13905,1,6,133,2,1,50.0,0,I,MELB_URBAN,STREET,12,8.0
13906,1,5,120,2,1,50.0,0,I,MELB_URBAN,ROAD,12,17.0
13907,8,3,184,5,1,60.0,0,N,RURAL_VICTORIA,OTHER,1,11.0
13908,1,3,110,1,1,60.0,0,I,MELB_URBAN,ROAD,1,7.0
13909,1,1,130,5,2,50.0,0,N,LARGE_PROVINCIAL_CITIES,STREET,10,18.0
13910,1,2,110,1,1,60.0,0,I,TOWNS,ROAD,1,14.0
13911,1,6,113,2,1,70.0,0,I,TOWNS,ROAD,12,11.0
13912,2,3,99,5,1,70.0,0,N,MELB_URBAN,ROAD,1,12.0
13913,1,3,110,1,1,50.0,0,I,MELB_URBAN,AVENUE,1,10.0
13914,1,3,99,5,1,40.0,0,N,MELB_URBAN,STREET,1,17.0
13915,1,3,135,1,1,80.0,0,I,LARGE_PROVINCIAL_CITIES,HIGHWAY,1,16.0
13916,2,3,99,5,1,60.0,0,N,SMALL_CITIES,UNKNOWN,1,17.0
13917,1,3,99,1,5,60.0,0,I,MELB_URBAN,STREET,1,17.0
13918,4,3,183,5,1,80.0,0,N,SMALL_TOWNS,HIGHWAY,1,17.0
13919,1,3,130,2,1,80.0,0,I,MELB_URBAN,ROAD,1,16.0
13920,1,3,130,2,1,60.0,0,I,MELB_URBAN,ROAD,1,18.0
13921,4,3,171,5,1,60.0,0,N,MELB_URBAN,BOULEVARD,1,14.0
13922,1,3,110,1,1,60.0,0,I,MELB_URBAN,ROAD,1,18.0
13923,1,3,120,2,1,60.0,0,I,TOWNS,ROAD,1,16.0
13924,4,2,173,5,1,100.0,0,N,RURAL_VICTORIA,ROAD,1,16.0
13925,4,2,183,5,1,100.0,0,N,RURAL_VICTORIA,HIGHWAY,1,9.0
13926,1,3,110,1,1,50.0,0,I,LARGE_PROVINCIAL_CITIES,STREET,1,18.0
13927,1,3,110,1,3,70.0,0,I,MELB_URBAN,ROAD,1,20.0
13928,1,3,132,2,1,60.0,0,I,LARGE_PROVINCIAL_CITIES,STREET,1,16.0
13929,4,3,171,2,3,80.0,0,I,MELB_URBAN,ROAD,1,22.0
13930,3,3,167,5,5,100.0,0,N,RURAL_VICTORIA,HIGHWAY,1,23.0
13931,4,3,171,5,1,100.0,0,N,MELB_URBAN,UNKNOWN,1,17.0
13932,4,4,181,5,5,70.0,0,N,RURAL_VICTORIA,ROAD,1,0.0
13933,4,3,181,5,2,100.0,0,N,RURAL_VICTORIA,ROAD,1,19.0
13934,6,4,174,1,3,70.0,0,I,SMALL_CITIES,PARADE,1,2.0
13935,1,4,116,2,2,60.0,0,I,LARGE_PROVINCIAL_CITIES,ROAD,1,6.0
13936,1,4,110,1,1,60.0,0,I,MELB_URBAN,ROAD,1,7.0
13937,1,2,160,5,1,60.0,0,N,MELB_URBAN,PARADE,12,12.0
13938,1,1,120,5,1,60.0,0,N,SMALL_CITIES,AVENUE,1,17.0
13939,1,6,160,5,1,50.0,0,N,MELB_URBAN,PARADE,1,9.0
13940,1,4,99,1,1,50.0,0,I,MELB_URBAN,STREET,1,7.0
13941,1,5,99,5,1,60.0,0,N,SMALL_CITIES,STREET,1,10.0
13942,4,3,173,5,5,100.0,0,N,RURAL_VICTORIA,ROAD,1,23.0
13943,1,3,140,2,3,60.0,0,I,MELB_URBAN,ROAD,1,21.0
13944,1,4,121,2,1,40.0,0,I,MELB_URBAN,STREET,1,7.0
13945,1,4,147,5,1,70.0,0,N,MELB_URBAN,ROAD,1,9.0
13946,1,4,163,5,1,40.0,0,N,MELB_URBAN,STREET,12,13.0
13947,1,3,99,2,1,60.0,0,N,MELB_URBAN,ROAD,1,15.0
13948,2,1,99,5,3,60.0,0,N,MELB_URBAN,ROAD,1,20.0
13949,1,1,130,5,1,60.0,0,N,MELB_URBAN,HIGHWAY,11,8.0
13950,2,4,100,2,1,50.0,0,I,MELB_URBAN,ROAD,1,9.0
13951,1,7,130,2,1,50.0,0,I,MELB_URBAN,STREET,12,14.0
13952,6,4,99,5,2,100.0,0,N,RURAL_VICTORIA,ROAD,1,6.0
13953,1,4,120,5,1,80.0,0,N,RURAL_VICTORIA,ROAD,1,12.0
13954,1,4,111,1,1,60.0,0,I,SMALL_CITIES,ROAD,1,10.0
13955,1,4,99,5,1,100.0,0,N,RURAL_VICTORIA,HIGHWAY,1,9.0
13956,4,4,181,5,3,110.0,0,N,RURAL_VICTORIA,FREEWAY,1,4.0
13957,2,4,100,1,1,60.0,0,I,MELB_URBAN,STREET,1,8.0
13958,8,3,99,5,1,60.0,0,N,RURAL_VICTORIA,HIGHWAY,1,16.0
13959,1,4,110,1,1,50.0,0,I,LARGE_PROVINCIAL_CITIES,STREET,1,13.0
13960,1,1,99,1,1,60.0,0,I,MELB_URBAN,ROAD,1,17.0
13961,1,4,110,1,1,100.0,0,I,RURAL_VICTORIA,ROAD,1,15.0
13962,8,4,174,5,1,60.0,0,N,MELB_URBAN,ROAD,1,12.0
13963,8,4,174,2,1,50.0,0,N,LARGE_PROVINCIAL_CITIES,ROAD,1,13.0
13964,1,4,132,2,1,80.0,0,N,RURAL_VICTORIA,ROAD,1,14.0
13965,1,4,130,2,1,60.0,0,I,MELB_URBAN,ROAD,1,16.0
13966,1,4,99,5,1,70.0,0,N,MELB_URBAN,ROAD,1,17.0
13967,1,4,121,1,1,60.0,0,I,TOWNS,STREET,1,17.0
13968,1,4,121,1,1,50.0,0,I,MELB_URBAN,STREET,1,16.0
13969,6,4,99,5,1,100.0,0,N,RURAL_VICTORIA,HIGHWAY,1,14.0
13970,4,4,181,5,2,100.0,0,N,RURAL_VICTORIA,ROAD,1,20.0
13971,1,4,99,5,1,100.0,0,N,MELB_URBAN,FREEWAY,1,15.0
13972,1,4,121,2,1,80.0,0,N,MELB_URBAN,ROAD,1,18.0
13973,1,3,130,1,1,80.0,0,I,MELB_URBAN,HIGHWAY,1,14.0
13974,1,4,134,2,1,80.0,0,I,MELB_URBAN,HIGHWAY,1,9.0
13975,1,4,130,1,9,50.0,0,I,MELB_URBAN,STREET,1,21.0
13976,1,4,130,5,1,60.0,0,N,MELB_URBAN,STREET,1,7.0
13977,4,4,181,5,5,50.0,0,N,MELB_URBAN,DRIVE,1,22.0
13978,2,3,102,4,1,60.0,0,I,MELB_URBAN,STREET,1,18.0
13979,1,5,116,1,1,70.0,0,I,MELB_URBAN,ROAD,1,7.0
13980,1,4,130,5,9,70.0,0,N,MELB_URBAN,ROAD,4,19.0
13981,1,5,121,5,1,50.0,0,N,MELB_URBAN,ROAD,1,7.0
13982,4,4,181,5,1,100.0,0,N,RURAL_VICTORIA,OTHER,1,18.0
13983,1,4,99,2,1,60.0,0,I,MELB_URBAN,ROAD,1,15.0
13984,1,5,121,1,1,60.0,0,I,MELB_URBAN,STREET,1,9.0
13985,7,4,99,2,1,50.0,0,I,SMALL_TOWNS,OTHER,12,16.0
13986,1,5,116,2,1,50.0,0,I,MELB_URBAN,ROAD,1,10.0
13987,1,6,130,5,1,60.0,0,I,MELB_URBAN,FREEWAY,12,12.0
13988,1,4,130,5,1,60.0,0,N,MELB_URBAN,ROAD,1,7.0
13989,4,5,171,5,1,50.0,0,N,MELB_URBAN,STREET,1,12.0
13990,1,4,121,2,1,80.0,0,I,MELB_URBAN,ROAD,1,16.0
13991,4,5,173,5,1,60.0,0,N,MELB_URBAN,STREET,1,12.0
13992,1,5,121,4,1,70.0,0,I,MELB_URBAN,ROAD,1,9.0
13993,1,4,133,2,1,80.0,0,N,MELB_URBAN,ROAD,1,11.0
13994,2,1,99,5,1,50.0,0,N,TOWNS,PARADE,12,12.0
13995,1,2,130,1,1,70.0,0,I,MELB_URBAN,ROAD,12,14.0
13996,2,5,102,1,1,60.0,0,I,SMALL_CITIES,STREET,1,13.0
13997,1,5,160,5,1,100.0,0,N,MELB_URBAN,UNKNOWN,1,12.0
13998,1,2,130,1,1,60.0,0,I,MELB_URBAN,ROAD,11,12.0
13999,1,5,130,2,1,60.0,0,I,SMALL_CITIES,AVENUE,1,13.0
14000,8,5,174,2,1,50.0,0,I,LARGE_PROVINCIAL_CITIES,STREET,1,16.0
14001,1,5,110,1,3,60.0,0,I,MELB_URBAN,STREET,1,18.0
14002,1,5,121,1,1,60.0,0,I,MELB_URBAN,STREET,1,17.0
14003,1,5,135,1,1,60.0,0,I,MELB_URBAN,ROAD,1,18.0
14004,1,5,135,5,1,80.0,0,N,MELB_URBAN,ROAD,1,6.0
14005,1,5,110,1,1,80.0,0,I,SMALL_CITIES,ROAD,10,13.0
14006,1,5,130,5,1,60.0,0,N,MELB_URBAN,ROAD,1,7.0
14007,4,6,171,5,3,70.0,0,N,MELB_URBAN,ROAD,1,1.0
14008,3,6,167,5,5,100.0,0,N,RURAL_VICTORIA,HIGHWAY,1,3.0
14009,6,6,99,5,3,60.0,0,N,MELB_URBAN,RAMP,1,4.0
14010,1,6,135,2,1,80.0,0,N,MELB_URBAN,ROAD,1,7.0
14011,1,6,120,5,1,90.0,0,N,RURAL_VICTORIA,HIGHWAY,1,7.0
14012,1,5,121,2,1,80.0,0,I,MELB_URBAN,HIGHWAY,1,16.0
14013,4,6,171,5,1,60.0,0,N,MELB_URBAN,ROAD,1,9.0
14014,1,5,110,1,1,50.0,0,I,MELB_URBAN,STREET,1,18.0
14015,4,6,173,5,1,100.0,0,N,RURAL_VICTORIA,ROAD,1,8.0
14016,1,6,130,1,1,80.0,0,I,MELB_URBAN,ROAD,1,12.0
14017,1,6,130,5,1,60.0,0,N,LARGE_PROVINCIAL_CITIES,ROAD,1,13.0
14018,1,6,121,1,1,60.0,0,I,MELB_URBAN,STREET,1,10.0
14019,1,5,130,5,2,80.0,0,N,MELB_URBAN,ROAD,1,19.0
14020,1,6,147,5,1,60.0,0,N,MELB_URBAN,ROAD,1,10.0
14021,4,6,99,5,1,40.0,0,N,LARGE_PROVINCIAL_CITIES,DRIVE,1,12.0
14022,1,4,135,2,1,60.0,0,I,MELB_URBAN,STREET,1,8.0
14023,2,6,102,1,1,60.0,0,I,MELB_URBAN,STREET,1,13.0
14024,1,6,113,2,1,100.0,0,I,RURAL_VICTORIA,AVENUE,1,14.0
14025,1,6,121,1,1,70.0,0,I,MELB_URBAN,OTHER,1,14.0
14026,4,6,181,5,1,100.0,0,N,RURAL_VICTORIA,ROAD,1,14.0
14027,8,4,174,5,6,60.0,0,N,MELB_URBAN,PARADE,1,22.0
14028,1,6,163,2,1,40.0,0,N,MELB_URBAN,ROAD,1,16.0
14029,4,7,171,2,6,60.0,0,I,MELB_URBAN,UNKNOWN,8,1.0
14030,1,3,130,2,1,60.0,0,I,MELB_URBAN,HIGHWAY,5,15.0
14031,1,6,130,2,1,60.0,0,I,MELB_URBAN,STREET,1,17.0
14032,1,6,130,1,1,60.0,1,N,MELB_URBAN,ROAD,1,17.0
14033,4,6,181,2,1,80.0,0,I,MELB_URBAN,DRIVE,1,16.0
14034,1,6,113,2,1,60.0,0,I,TOWNS,STREET,1,18.0
14035,1,6,132,2,1,60.0,0,I,MELB_URBAN,AVENUE,1,18.0
14036,1,4,111,1,1,60.0,0,I,MELB_URBAN,STREET,1,15.0
14037,1,6,130,1,1,60.0,0,I,MELB_URBAN,ROAD,1,18.0
14038,4,6,99,2,2,50.0,0,I,TOWNS,ROAD,1,20.0
14039,1,6,133,5,1,60.0,1,N,MELB_URBAN,ROAD,1,18.0
14040,1,6,121,1,3,60.0,0,I,MELB_URBAN,ROAD,1,23.0
14041,1,7,121,1,3,60.0,0,I,MELB_URBAN,STREET,1,2.0
14042,2,7,99,5,3,60.0,0,N,MELB_URBAN,ROAD,1,2.0
14043,4,6,173,5,1,100.0,0,N,RURAL_VICTORIA,HIGHWAY,1,11.0
14044,1,7,120,2,1,60.0,0,I,MELB_URBAN,ROAD,1,7.0
14045,7,5,99,1,1,50.0,0,I,MELB_URBAN,STREET,10,12.0
14046,1,6,135,5,2,100.0,0,N,MELB_URBAN,FREEWAY,4,17.0
14047,1,7,110,1,1,60.0,0,I,MELB_URBAN,STREET,1,12.0
14048,1,7,147,5,1,70.0,0,N,MELB_URBAN,ROAD,1,13.0
14049,4,7,99,5,1,50.0,0,N,MELB_URBAN,OTHER,1,12.0
14050,1,6,110,1,1,60.0,0,I,TOWNS,STREET,1,15.0
14051,1,7,113,1,1,100.0,0,N,RURAL_VICTORIA,RAMP,1,12.0
14052,1,7,113,2,1,60.0,0,I,MELB_URBAN,ROAD,1,14.0
14053,1,7,116,2,1,80.0,0,I,MELB_URBAN,HIGHWAY,1,16.0
14054,1,7,120,5,1,100.0,0,N,RURAL_VICTORIA,ROAD,1,13.0
14055,1,7,110,1,1,70.0,0,I,SMALL_CITIES,PARADE,1,17.0
14056,7,6,174,5,1,50.0,0,N,MELB_URBAN,AVENUE,8,13.0
14057,1,3,110,1,1,50.0,0,I,MELB_URBAN,STREET,12,19.0
14058,1,7,121,1,1,60.0,0,I,MELB_URBAN,ROAD,1,17.0
14059,1,7,99,5,1,70.0,0,N,MELB_URBAN,ROAD,1,17.0
14060,6,7,184,5,1,100.0,0,N,RURAL_VICTORIA,ROAD,1,19.0
14061,1,7,120,5,1,100.0,1,N,RURAL_VICTORIA,ROAD,1,17.0
14062,2,6,99,5,5,100.0,0,N,RURAL_VICTORIA,ROAD,1,22.0
14063,2,7,100,2,1,50.0,0,I,MELB_URBAN,ROAD,1,18.0
14064,1,7,110,1,1,40.0,0,I,TOWNS,STREET,1,18.0
14065,1,7,99,5,1,50.0,0,N,SMALL_CITIES,ROAD,1,18.0
14066,1,7,134,2,1,60.0,0,I,MELB_URBAN,ROAD,1,19.0
14067,2,7,99,3,1,50.0,0,I,MELB_URBAN,OTHER,1,17.0
14068,1,7,113,1,3,80.0,0,I,MELB_URBAN,ROAD,1,21.0
14069,2,1,102,5,3,70.0,0,N,MELB_URBAN,ROAD,1,1.0
14070,4,1,171,5,5,90.0,0,N,RURAL_VICTORIA,DRIVE,1,1.0
14071,2,1,99,5,3,50.0,0,N,MELB_URBAN,STREET,1,4.0
14072,1,7,120,2,1,100.0,0,I,RURAL_VICTORIA,HIGHWAY,1,13.0
14073,6,7,99,5,1,100.0,0,N,RURAL_VICTORIA,HIGHWAY,1,9.0
14074,2,7,102,5,1,50.0,0,N,TOWNS,STREET,1,10.0
14075,4,7,173,5,1,100.0,0,N,RURAL_VICTORIA,HIGHWAY,1,10.0
14076,8,1,170,5,1,100.0,0,N,RURAL_VICTORIA,ROAD,1,9.0
14077,3,1,167,5,1,100.0,0,N,RURAL_VICTORIA,HIGHWAY,1,10.0
14078,8,1,99,5,1,100.0,0,N,RURAL_VICTORIA,ROAD,1,9.0
14079,1,1,135,5,1,80.0,0,N,MELB_URBAN,ROAD,1,12.0
14080,1,1,147,5,1,80.0,0,N,MELB_URBAN,HIGHWAY,1,11.0
14081,1,1,130,2,1,80.0,0,N,MELB_URBAN,ROAD,1,11.0
14082,1,7,111,1,5,100.0,0,I,RURAL_VICTORIA,ROAD,1,22.0
14083,1,1,110,1,1,60.0,0,I,SMALL_TOWNS,HIGHWAY,1,8.0
14084,4,1,171,5,1,80.0,0,N,TOWNS,HIGHWAY,1,8.0
14085,1,1,120,5,2,80.0,0,N,RURAL_VICTORIA,ROAD,1,6.0
14086,1,1,99,2,1,80.0,0,I,RURAL_VICTORIA,HIGHWAY,1,14.0
14087,1,7,130,1,1,60.0,0,I,LARGE_PROVINCIAL_CITIES,HIGHWAY,1,17.0
14088,1,5,99,5,1,50.0,0,N,MELB_URBAN,ROAD,1,13.0
14089,4,6,181,5,1,100.0,0,N,RURAL_VICTORIA,ROAD,1,11.0
14090,6,1,99,5,1,100.0,0,N,RURAL_VICTORIA,OTHER,1,15.0
14091,1,1,130,5,1,70.0,0,N,MELB_URBAN,ROAD,1,14.0
14092,4,1,171,5,1,60.0,0,N,MELB_URBAN,ROAD,1,17.0
14093,1,3,147,2,1,60.0,0,I,LARGE_PROVINCIAL_CITIES,ROAD,1,16.0
14094,1,7,110,1,1,50.0,0,I,MELB_URBAN,STREET,1,18.0
14095,2,7,99,5,2,50.0,0,N,LARGE_PROVINCIAL_CITIES,STREET,1,20.0
14096,1,1,147,5,1,80.0,0,N,MELB_URBAN,HIGHWAY,1,16.0
14097,1,1,111,1,1,50.0,0,I,MELB_URBAN,ROAD,1,19.0
14098,4,1,181,5,2,80.0,0,N,RURAL_VICTORIA,HIGHWAY,1,20.0
14099,4,1,171,1,3,60.0,0,I,SMALL_CITIES,STREET,1,22.0
14100,1,1,110,1,1,50.0,0,I,LARGE_PROVINCIAL_CITIES,PARADE,1,19.0
14101,1,2,130,5,5,110.0,0,N,RURAL_VICTORIA,FREEWAY,1,1.0
14102,1,4,130,5,1,60.0,0,N,MELB_URBAN,BOULEVARD,10,7.0
14103,4,2,173,5,5,90.0,0,N,MELB_URBAN,ROAD,1,2.0
14104,1,1,116,2,1,80.0,0,I,RURAL_VICTORIA,HIGHWAY,1,12.0
14105,1,1,147,5,1,50.0,0,N,MELB_URBAN,ROAD,1,19.0
14106,1,7,113,2,1,100.0,1,I,RURAL_VICTORIA,ROAD,1,18.0
14107,2,1,100,2,1,50.0,0,I,MELB_URBAN,ROAD,1,9.0
14108,1,2,140,5,1,40.0,0,N,MELB_URBAN,STREET,1,8.0
14109,1,2,113,2,1,90.0,0,I,MELB_URBAN,HIGHWAY,1,9.0
14110,1,2,120,5,1,60.0,0,N,RURAL_VICTORIA,ROAD,1,9.0
14111,1,2,130,5,1,50.0,0,N,MELB_URBAN,STREET,1,9.0
14112,1,2,116,2,1,70.0,0,I,TOWNS,HIGHWAY,1,9.0
14113,4,2,171,5,1,100.0,0,N,RURAL_VICTORIA,HIGHWAY,1,11.0
14114,8,6,174,5,2,60.0,0,N,MELB_URBAN,STREET,6,18.0
14115,1,2,132,2,1,60.0,0,I,SMALL_TOWNS,HIGHWAY,1,10.0
14116,1,1,121,1,2,70.0,0,I,MELB_URBAN,ROAD,1,20.0
14117,1,2,110,1,1,80.0,0,I,RURAL_VICTORIA,FREEWAY,1,14.0
14118,8,1,99,5,1,100.0,0,N,RURAL_VICTORIA,OTHER,1,11.0
14119,1,1,130,1,1,60.0,0,I,MELB_URBAN,ROAD,1,14.0
14120,1,2,110,1,1,100.0,0,I,RURAL_VICTORIA,FREEWAY,1,11.0
14121,1,2,121,2,1,60.0,0,I,MELB_URBAN,HIGHWAY,1,14.0
14122,4,2,171,5,1,100.0,0,N,RURAL_VICTORIA,HIGHWAY,1,13.0
14123,1,1,113,1,1,60.0,0,I,LARGE_PROVINCIAL_CITIES,STREET,1,13.0
14124,6,2,174,5,1,90.0,0,N,RURAL_VICTORIA,HIGHWAY,1,16.0
14125,1,2,120,2,1,60.0,0,I,RURAL_VICTORIA,ROAD,1,15.0
14126,1,2,113,2,1,60.0,0,I,MELB_URBAN,ROAD,1,17.0
14127,4,2,181,5,1,80.0,0,N,RURAL_VICTORIA,ROAD,1,17.0
14128,1,4,99,2,1,50.0,0,I,MELB_URBAN,STREET,1,8.0
14129,4,3,171,5,5,60.0,0,N,SMALL_CITIES,ROAD,11,0.0
14130,1,2,113,2,1,60.0,0,I,MELB_URBAN,DRIVE,1,17.0
14131,1,3,130,5,1,60.0,0,N,MELB_URBAN,ROAD,10,8.0
14132,1,2,99,2,1,60.0,0,N,MELB_URBAN,ROAD,1,17.0
14133,1,4,99,1,2,60.0,0,I,MELB_URBAN,ROAD,10,19.0
14134,4,2,99,5,1,50.0,0,N,MELB_URBAN,STREET,1,17.0
14135,8,2,174,5,3,50.0,0,N,MELB_URBAN,DRIVE,1,21.0
14136,4,3,183,5,5,60.0,0,N,RURAL_VICTORIA,ROAD,1,1.0
14137,2,2,99,5,3,70.0,0,N,MELB_URBAN,ROAD,1,23.0