,accident_type,day_of_week,dca_code,road_geometry,light_condition,speed_zone,severity,node_type,deg_urban_name,road_type,month,hour
14138,1,1,160,5,6,60.0,0,N,MELB_URBAN,STREET,11,21.0
14139,1,6,140,5,1,80.0,0,N,TOWNS,STREET,1,7.0
14140,1,3,121,1,1,60.0,0,I,MELB_URBAN,STREET,1,7.0
14141,1,3,130,5,1,80.0,0,N,MELB_URBAN,HIGHWAY,1,7.0
14142,1,5,130,2,6,60.0,0,I,MELB_URBAN,ROAD,1,23.0
14143,1,2,99,1,1,60.0,0,I,MELB_URBAN,ROAD,1,11.0
14144,1,3,130,5,1,110.0,0,N,RURAL_VICTORIA,FREEWAY,1,10.0
14145,1,6,99,1,3,60.0,0,I,MELB_URBAN,ROAD,1,21.0
14146,2,3,100,2,1,80.0,0,I,MELB_URBAN,ROAD,1,11.0
14147,1,3,132,2,1,60.0,0,I,SMALL_TOWNS,STREET,1,11.0
14148,1,3,99,2,1,70.0,0,N,MELB_URBAN,ROAD,1,7.0
14149,4,3,173,2,1,60.0,0,I,MELB_URBAN,ROAD,1,13.0
14150,1,4,133,5,9,60.0,0,N,MELB_URBAN,ROAD,1,9.0
14151,1,3,110,1,1,60.0,0,I,MELB_URBAN,STREET,1,13.0
14152,2,3,102,5,1,40.0,0,N,MELB_URBAN,STREET,1,14.0
14153,1,6,130,5,1,50.0,0,UNKNOWN,UNKNOWN,UNKNOWN,8,15.0
14154,8,3,184,5,1,80.0,0,N,RURAL_VICTORIA,ROAD,1,13.0
14155,4,3,183,2,1,50.0,0,I,MELB_URBAN,OTHER,1,14.0
14156,7,3,184,5,1,60.0,0,N,MELB_URBAN,RAMP,1,11.0
14157,1,6,130,5,9,80.0,0,N,MELB_URBAN,FREEWAY,5,16.0
14158,8,3,99,5,1,30.0,0,N,MELBOURNE_CBD,STREET,1,17.0
14159,4,3,171,5,1,60.0,0,N,SMALL_CITIES,DRIVE,1,19.0
14160,4,3,173,5,1,100.0,0,N,RURAL_VICTORIA,HIGHWAY,1,17.0
14161,1,6,163,5,1,60.0,0,N,MELB_URBAN,STREET,1,8.0
14162,2,3,102,4,2,60.0,0,I,MELB_URBAN,ROAD,1,20.0
14163,1,2,130,1,1,50.0,0,I,SMALL_CITIES,STREET,1,12.0
14164,1,2,160,2,1,60.0,0,I,MELB_URBAN,ROAD,1,12.0
14165,1,3,121,2,1,60.0,0,I,MELB_URBAN,STREET,1,17.0
14166,4,3,181,5,5,80.0,1,N,RURAL_VICTORIA,ROAD,1,22.0
14167,1,2,130,5,6,80.0,0,N,MELB_URBAN,OTHER,1,23.0
14168,1,1,110,1,1,60.0,0,I,MELB_URBAN,STREET,12,14.0
14169,6,2,174,5,1,100.0,0,N,RURAL_VICTORIA,HIGHWAY,1,16.0
14170,2,4,100,5,1,60.0,0,N,MELB_URBAN,ROAD,1,9.0
14171,1,4,130,5,1,60.0,0,N,MELB_URBAN,ROAD,1,9.0
14172,1,6,147,5,1,50.0,0,N,MELB_URBAN,STREET,1,8.0
14173,2,3,99,5,1,50.0,0,N,MELB_URBAN,STREET,1,12.0
14174,8,5,174,5,1,100.0,0,N,RURAL_VICTORIA,ROAD,1,11.0
14175,1,4,113,2,1,50.0,0,I,MELB_URBAN,STREET,1,11.0
14176,6,4,170,5,1,80.0,0,N,MELB_URBAN,ROAD,1,7.0
14177,6,4,174,5,1,100.0,0,N,MELB_URBAN,FREEWAY,2,17.0
14178,1,3,130,1,1,70.0,0,I,MELB_URBAN,ROAD,1,16.0
14179,4,4,171,5,2,110.0,1,N,RURAL_VICTORIA,FREEWAY,1,6.0
14180,4,4,173,2,1,50.0,0,I,MELB_URBAN,STREET,1,13.0
14181,8,4,174,5,1,100.0,0,N,RURAL_VICTORIA,ROAD,1,15.0
14182,1,4,130,5,1,70.0,0,N,MELB_URBAN,DRIVE,1,9.0
14183,1,4,113,2,1,50.0,0,I,MELB_URBAN,ROAD,1,9.0
14184,1,4,135,2,1,80.0,0,I,MELB_URBAN,ROAD,1,11.0
14185,1,2,132,2,1,60.0,0,I,MELB_URBAN,ROAD,11,14.0
14186,1,4,130,2,1,60.0,0,I,MELB_URBAN,ROAD,4,15.0
14187,1,4,120,5,1,80.0,0,N,RURAL_VICTORIA,ROAD,1,13.0
14188,4,4,181,1,1,100.0,1,I,SMALL_TOWNS,OTHER,1,14.0
14189,1,4,121,1,1,50.0,0,I,TOWNS,STREET,1,17.0
14190,1,4,113,2,1,70.0,0,I,MELB_URBAN,ROAD,1,16.0
14191,1,4,113,2,1,60.0,0,I,MELB_URBAN,ROAD,1,17.0
14192,1,4,121,2,1,60.0,0,I,SMALL_CITIES,STREET,1,17.0
14193,2,4,99,1,1,40.0,0,I,MELB_URBAN,AVENUE,1,16.0
14194,1,1,121,2,1,60.0,0,I,MELB_URBAN,ROAD,1,7.0
14195,1,3,134,2,1,60.0,0,I,MELB_URBAN,HIGHWAY,1,17.0
14196,1,3,133,2,1,60.0,0,I,MELB_URBAN,STREET,9,7.0
14197,1,4,130,2,1,60.0,0,I,MELB_URBAN,ROAD,1,18.0
14198,1,2,130,4,1,60.0,0,I,MELB_URBAN,ROAD,1,17.0
14199,1,4,132,1,1,100.0,0,I,RURAL_VICTORIA,ROAD,1,19.0
14200,1,4,113,2,1,60.0,0,I,LARGE_PROVINCIAL_CITIES,ROAD,1,15.0
14201,1,4,110,1,1,50.0,0,I,MELB_URBAN,STREET,1,19.0
14202,4,4,171,5,5,60.0,0,N,MELB_URBAN,OTHER,1,21.0
14203,4,5,183,5,5,60.0,0,N,MELB_URBAN,ROAD,1,3.0
14204,1,5,121,2,1,40.0,0,I,MELBOURNE_CBD,STREET,1,7.0
14205,4,4,181,5,5,100.0,0,N,RURAL_VICTORIA,ROAD,1,21.0
14206,1,5,121,1,1,70.0,0,I,MELB_URBAN,ROAD,1,8.0
14207,1,5,121,2,1,50.0,0,I,MELB_URBAN,STREET,1,8.0
14208,1,5,130,5,1,60.0,0,N,MELB_URBAN,ROAD,1,8.0
14209,4,1,173,1,3,50.0,0,I,MELB_URBAN,STREET,1,23.0
14210,2,5,102,5,1,50.0,0,N,TOWNS,STREET,1,10.0
14211,1,4,121,1,1,70.0,0,N,MELB_URBAN,ROAD,1,14.0
14212,5,4,99,5,3,100.0,0,N,RURAL_VICTORIA,ROAD,1,19.0
14213,1,5,99,9,1,80.0,0,N,MELB_URBAN,ROAD,1,11.0
14214,8,5,174,5,1,40.0,0,N,MELB_URBAN,STREET,1,11.0
14215,4,5,99,5,1,50.0,0,N,MELB_URBAN,OTHER,1,10.0
14216,1,5,110,1,1,40.0,0,I,MELB_URBAN,ROAD,1,11.0
14217,1,5,121,1,1,60.0,0,I,MELB_URBAN,ROAD,1,10.0
14218,1,5,99,5,1,100.0,0,N,RURAL_VICTORIA,ROAD,1,12.0
14219,1,2,130,1,1,60.0,0,I,MELB_URBAN,ROAD,12,18.0
14220,4,5,171,2,1,60.0,0,I,MELB_URBAN,STREET,1,14.0
14221,1,5,121,2,1,60.0,0,I,MELB_URBAN,STREET,1,8.0
14222,4,1,181,5,1,60.0,0,N,MELB_URBAN,RAMP,12,8.0
14223,1,5,113,2,1,60.0,0,I,MELB_URBAN,ROAD,1,13.0
14224,8,5,99,5,1,50.0,0,N,MELB_URBAN,DRIVE,1,14.0
14225,1,5,110,1,1,100.0,0,I,RURAL_VICTORIA,FREEWAY,1,14.0
14226,5,1,99,4,1,60.0,0,I,RURAL_VICTORIA,ROAD,1,13.0
14227,1,5,130,2,1,60.0,0,I,MELB_URBAN,HIGHWAY,1,15.0
14228,8,5,99,1,1,80.0,0,I,RURAL_VICTORIA,ROAD,1,17.0
14229,1,5,120,5,1,50.0,0,N,MELB_URBAN,DRIVE,1,18.0
14230,1,5,130,5,1,100.0,0,N,MELB_URBAN,FREEWAY,4,17.0
14231,1,5,130,5,1,70.0,0,N,MELB_URBAN,ROAD,1,18.0
14232,1,1,99,1,1,60.0,0,I,RURAL_VICTORIA,ROAD,1,14.0
14233,1,5,130,1,1,70.0,0,I,MELB_URBAN,ROAD,1,16.0
14234,4,5,171,2,1,60.0,0,I,MELB_URBAN,STREET,1,16.0
14235,1,5,99,5,2,60.0,0,N,MELB_URBAN,ROAD,1,19.0
14236,1,5,121,5,2,50.0,0,N,TOWNS,STREET,1,20.0
14237,1,5,130,5,1,80.0,0,N,MELB_URBAN,ROAD,1,20.0
14238,1,5,110,1,3,60.0,0,I,MELB_URBAN,DRIVE,1,21.0
14239,4,5,173,1,1,80.0,0,I,MELB_URBAN,STREET,1,19.0
14240,2,3,100,1,1,60.0,0,I,MELB_URBAN,ROAD,12,7.0
14241,1,5,121,1,3,60.0,0,I,MELB_URBAN,ROAD,1,22.0
14242,4,6,181,5,5,80.0,0,N,SMALL_TOWNS,ROAD,1,2.0
14243,7,6,99,5,4,70.0,0,N,MELB_URBAN,ROAD,1,1.0
14244,4,6,99,2,5,100.0,0,I,RURAL_VICTORIA,ROAD,1,4.0
14245,4,6,171,1,3,70.0,0,I,MELB_URBAN,ROAD,1,2.0
14246,1,3,130,5,1,80.0,0,N,MELB_URBAN,FREEWAY,1,18.0
14247,1,5,110,1,1,60.0,0,I,MELB_URBAN,ROAD,1,11.0
14248,1,3,130,2,1,60.0,0,I,MELB_URBAN,ROAD,7,8.0
14249,1,5,135,5,1,100.0,0,N,MELB_URBAN,FREEWAY,1,16.0
14250,8,6,184,5,1,60.0,0,N,RURAL_VICTORIA,HIGHWAY,1,9.0
14251,1,6,147,5,1,60.0,0,N,MELB_URBAN,STREET,1,9.0
14252,1,5,110,1,1,60.0,0,I,MELB_URBAN,ROAD,1,19.0
14253,1,5,121,1,1,70.0,0,I,MELB_URBAN,ROAD,12,12.0
14254,8,6,174,5,1,60.0,0,N,MELB_URBAN,STREET,1,9.0
14255,1,6,121,1,1,60.0,0,I,MELB_URBAN,ROAD,1,9.0
14256,1,1,121,1,1,60.0,0,I,MELB_URBAN,ROAD,12,10.0
14257,4,6,173,5,1,50.0,0,N,MELB_URBAN,STREET,1,11.0
14258,8,1,174,5,1,60.0,0,N,RURAL_VICTORIA,OTHER,1,14.0
14259,1,5,130,1,1,60.0,0,I,MELB_URBAN,ROAD,1,14.0
14260,4,6,181,5,1,70.0,0,N,RURAL_VICTORIA,ROAD,1,10.0
14261,4,6,183,5,1,100.0,0,N,RURAL_VICTORIA,ROAD,1,11.0
14262,1,6,130,5,1,60.0,0,N,LARGE_PROVINCIAL_CITIES,STREET,1,12.0
14263,3,7,167,5,5,100.0,0,N,RURAL_VICTORIA,ROAD,1,1.0
14264,1,7,147,5,1,50.0,0,N,LARGE_PROVINCIAL_CITIES,AVENUE,11,11.0
14265,1,6,130,1,1,70.0,0,I,MELB_URBAN,ROAD,11,9.0
14266,1,6,113,2,1,60.0,0,I,RURAL_VICTORIA,RAMP,1,13.0
14267,1,3,133,5,1,60.0,0,N,TOWNS,STREET,1,13.0
14268,4,6,171,5,1,80.0,0,N,RURAL_VICTORIA,HIGHWAY,1,14.0
14269,1,6,130,1,1,80.0,0,I,MELB_URBAN,HIGHWAY,1,14.0
14270,2,7,102,5,1,60.0,0,N,MELB_URBAN,STREET,11,7.0
14271,1,6,130,2,1,100.0,0,I,RURAL_VICTORIA,ROAD,1,13.0
14272,1,6,121,1,1,70.0,0,I,MELB_URBAN,ROAD,1,13.0
14273,1,5,130,1,1,70.0,0,I,MELB_URBAN,ROAD,1,17.0
14274,1,4,130,5,1,80.0,0,N,MELB_URBAN,HIGHWAY,1,14.0
14275,1,6,110,1,1,50.0,0,I,SMALL_CITIES,AVENUE,1,13.0
14276,1,5,132,5,1,100.0,0,N,RURAL_VICTORIA,HIGHWAY,1,18.0
14277,6,6,99,5,1,100.0,0,N,RURAL_VICTORIA,OTHER,1,12.0
14278,1,2,130,5,1,50.0,0,N,SMALL_CITIES,STREET,1,13.0
14279,1,6,116,1,1,60.0,0,I,LARGE_PROVINCIAL_CITIES,STREET,1,18.0
14280,2,5,99,5,1,40.0,0,N,MELB_URBAN,STREET,1,9.0
14281,1,6,121,2,1,60.0,0,I,MELB_URBAN,STREET,1,14.0
14282,4,6,99,2,1,50.0,0,I,MELB_URBAN,STREET,1,20.0
14283,1,6,130,4,1,80.0,0,I,MELB_URBAN,RAMP,1,19.0
14284,1,6,110,1,1,60.0,0,I,MELB_URBAN,STREET,1,18.0
14285,1,6,110,1,1,60.0,0,N,SMALL_CITIES,HIGHWAY,1,17.0
14286,1,5,130,2,1,70.0,0,I,MELB_URBAN,ROAD,1,15.0
14287,6,6,99,5,5,100.0,0,N,RURAL_VICTORIA,ROAD,1,20.0
14288,2,6,99,5,2,60.0,0,N,MELB_URBAN,ROAD,1,20.0
14289,2,3,100,2,1,50.0,0,I,MELB_URBAN,ROAD,9,12.0
14290,1,6,140,2,3,60.0,0,I,MELB_URBAN,ROAD,1,3.0
14291,1,7,135,5,3,60.0,0,N,MELB_URBAN,STREET,1,3.0
14292,8,3,99,2,1,50.0,0,I,MELB_URBAN,ROAD,1,11.0
14293,4,7,183,5,5,80.0,0,N,RURAL_VICTORIA,ROAD,1,3.0
14294,1,6,130,5,1,100.0,0,N,MELB_URBAN,FREEWAY,1,8.0
14295,1,7,130,1,1,80.0,0,I,MELB_URBAN,ROAD,1,10.0
14296,4,1,183,5,1,60.0,0,N,RURAL_VICTORIA,OTHER,1,13.0
14297,6,6,184,5,5,80.0,0,N,RURAL_VICTORIA,HIGHWAY,1,21.0
14298,6,6,99,5,1,80.0,0,N,RURAL_VICTORIA,AVENUE,1,9.0
14299,8,7,184,5,1,60.0,0,N,RURAL_VICTORIA,OTHER,1,11.0
14300,1,4,99,5,1,60.0,0,N,MELB_URBAN,ROAD,1,10.0
14301,1,7,121,5,1,60.0,0,N,MELB_URBAN,ROAD,1,12.0
14302,4,7,171,5,1,80.0,0,N,MELB_URBAN,HIGHWAY,1,12.0
14303,1,7,110,1,1,60.0,0,I,MELB_URBAN,ROAD,1,10.0
14304,6,3,99,2,1,60.0,0,I,MELB_URBAN,ROAD,1,13.0
14305,1,7,130,2,1,60.0,0,I,MELB_URBAN,STREET,1,11.0
14306,4,6,171,5,1,100.0,0,N,RURAL_VICTORIA,ROAD,1,12.0
14307,1,7,99,5,1,80.0,0,N,RURAL_VICTORIA,ROAD,1,12.0
14308,6,7,184,2,1,50.0,0,I,MELB_URBAN,OTHER,1,15.0
14309,1,2,130,1,1,40.0,0,I,MELB_URBAN,ROAD,1,16.0
14310,1,7,110,1,1,60.0,0,I,SMALL_CITIES,ROAD,1,15.0
14311,1,6,130,1,1,80.0,0,I,MELB_URBAN,ROAD,1,18.0
14312,4,7,171,5,1,50.0,0,N,MELB_URBAN,DRIVE,1,9.0
14313,8,7,99,5,1,100.0,0,N,RURAL_VICTORIA,ROAD,1,18.0
14314,4,7,181,2,1,50.0,1,I,MELB_URBAN,DRIVE,1,16.0
14315,1,7,120,5,1,80.0,0,N,RURAL_VICTORIA,ROAD,1,18.0
14316,2,7,102,1,1,60.0,0,I,MELB_URBAN,STREET,1,19.0
14317,2,7,102,5,3,70.0,0,N,LARGE_PROVINCIAL_CITIES,HIGHWAY,1,21.0
14318,1,7,121,2,3,60.0,0,I,MELB_URBAN,OTHER,1,23.0
14319,4,7,173,1,3,50.0,0,I,MELB_URBAN,STREET,1,22.0
14320,2,1,100,1,3,50.0,0,I,LARGE_PROVINCIAL_CITIES,STREET,1,3.0
14321,1,7,121,1,3,80.0,0,I,MELB_URBAN,ROAD,1,23.0
14322,4,5,99,5,6,50.0,0,N,MELB_URBAN,ROAD,1,21.0
14323,4,7,171,1,5,60.0,0,I,RURAL_VICTORIA,STREET,1,1.0
14324,4,7,171,5,1,100.0,0,N,RURAL_VICTORIA,OTHER,1,17.0
14325,4,1,183,5,1,100.0,0,N,RURAL_VICTORIA,HIGHWAY,1,8.0
14326,1,1,130,1,1,40.0,0,I,MELBOURNE_CBD,STREET,1,6.0
14327,4,1,171,5,1,70.0,0,N,MELB_URBAN,ROAD,1,8.0
14328,6,1,184,2,1,100.0,0,I,RURAL_VICTORIA,HIGHWAY,1,9.0
14329,1,0,120,1,1,60.0,0,I,MELB_URBAN,OTHER,1,9.0
14330,1,5,133,1,1,80.0,0,I,LARGE_PROVINCIAL_CITIES,ROAD,1,17.0
14331,2,1,99,5,1,50.0,0,N,MELB_URBAN,STREET,1,9.0
14332,4,7,171,5,1,80.0,0,N,MELB_URBAN,ROAD,1,18.0
14333,1,2,130,2,1,60.0,0,I,MELB_URBAN,ROAD,1,17.0
14334,1,0,121,1,1,60.0,0,I,MELB_URBAN,ROAD,1,13.0
14335,8,3,174,5,1,60.0,0,N,LARGE_PROVINCIAL_CITIES,STREET,12,17.0
14336,8,1,174,5,1,80.0,0,N,SMALL_TOWNS,ROAD,1,15.0
14337,1,1,110,1,1,50.0,0,I,MELB_URBAN,STREET,1,15.0
14338,4,1,171,2,1,90.0,0,I,RURAL_VICTORIA,ROAD,1,14.0
14339,1,1,99,1,1,50.0,0,I,MELB_URBAN,STREET,1,13.0
14340,1,7,120,5,1,100.0,0,N,RURAL_VICTORIA,ROAD,1,16.0
14341,1,1,110,1,1,50.0,0,I,MELB_URBAN,STREET,1,19.0
14342,4,1,99,2,1,50.0,0,I,MELB_URBAN,AVENUE,1,15.0
14343,1,6,110,1,9,60.0,0,I,MELB_URBAN,ROAD,11,16.0
14344,1,1,130,2,1,60.0,0,I,MELB_URBAN,STREET,1,15.0
14345,4,1,173,5,3,60.0,0,N,MELB_URBAN,STREET,1,21.0
14346,1,1,132,2,3,60.0,0,I,MELB_URBAN,STREET,1,21.0
14347,1,1,99,5,5,80.0,0,N,SMALL_TOWNS,ROAD,1,23.0
14348,4,2,171,1,3,50.0,0,I,MELB_URBAN,AVENUE,1,0.0
14349,1,2,147,2,3,50.0,0,I,MELB_URBAN,STREET,1,4.0
14350,1,2,130,2,1,60.0,0,I,MELB_URBAN,AVENUE,1,7.0
14351,5,2,99,1,1,50.0,0,I,MELB_URBAN,STREET,1,7.0
14352,3,1,167,5,2,100.0,0,N,RURAL_VICTORIA,ROAD,1,19.0
14353,1,1,99,5,3,50.0,0,N,LARGE_PROVINCIAL_CITIES,STREET,1,22.0
14354,1,2,121,2,1,60.0,0,I,LARGE_PROVINCIAL_CITIES,STREET,1,9.0
14355,1,2,121,1,1,50.0,0,I,SMALL_CITIES,STREET,1,7.0
14356,8,2,99,2,1,60.0,0,I,RURAL_VICTORIA,ROAD,1,9.0
14357,1,2,120,5,1,60.0,0,N,RURAL_VICTORIA,ROAD,1,8.0
14358,2,2,99,2,1,60.0,0,I,MELB_URBAN,ROAD,1,11.0
14359,1,1,163,5,1,40.0,0,N,MELB_URBAN,STREET,1,12.0
14360,1,2,130,1,1,60.0,0,I,MELB_URBAN,ROAD,1,10.0
14361,1,2,121,1,1,40.0,0,I,MELB_URBAN,PARADE,1,12.0
14362,1,1,130,5,5,110.0,0,N,RURAL_VICTORIA,FREEWAY,1,22.0
14363,6,3,170,5,2,100.0,0,N,SMALL_TOWNS,ROAD,6,8.0
14364,6,7,99,5,3,50.0,0,N,MELB_URBAN,BOULEVARD,9,1.0
14365,1,4,113,2,1,60.0,0,I,MELB_URBAN,ROAD,12,18.0
14366,8,2,184,5,1,80.0,0,N,RURAL_VICTORIA,OTHER,1,13.0
14367,1,1,130,5,1,40.0,0,N,MELB_URBAN,ROAD,1,17.0
14368,1,2,130,5,1,80.0,0,N,MELB_URBAN,FREEWAY,1,11.0
14369,4,5,181,5,1,80.0,0,N,MELB_URBAN,ROAD,10,16.0
14370,1,4,130,5,1,80.0,0,N,MELB_URBAN,ROAD,8,16.0
14371,1,1,120,5,1,100.0,0,N,RURAL_VICTORIA,ROAD,1,18.0
14372,8,2,174,5,1,100.0,0,N,RURAL_VICTORIA,ROAD,1,14.0
14373,6,1,171,5,1,80.0,0,N,RURAL_VICTORIA,ROAD,1,11.0
14374,1,2,121,2,1,60.0,0,I,MELB_URBAN,STREET,1,14.0
14375,1,4,130,5,1,50.0,0,N,MELB_URBAN,ROAD,10,12.0
14376,1,2,134,2,1,80.0,0,N,MELB_URBAN,ROAD,1,17.0
14377,1,3,110,1,2,60.0,0,I,MELB_URBAN,STREET,11,6.0
14378,1,2,130,1,1,80.0,0,I,MELB_URBAN,ROAD,1,18.0
14379,8,4,174,1,1,60.0,0,I,RURAL_VICTORIA,ROAD,1,18.0
14380,1,6,121,1,1,40.0,0,I,MELB_URBAN,STREET,12,11.0
14381,1,2,130,5,2,100.0,0,N,RURAL_VICTORIA,FREEWAY,1,19.0
14382,8,2,174,1,3,60.0,0,I,MELB_URBAN,AVENUE,1,20.0
14383,1,2,160,5,1,50.0,0,N,MELB_URBAN,ROAD,1,15.0
14384,1,1,113,4,2,60.0,0,I,MELB_URBAN,ROAD,1,19.0
14385,6,2,184,5,3,50.0,0,N,MELB_URBAN,DRIVE,1,21.0
14386,1,3,130,1,1,60.0,0,I,LARGE_PROVINCIAL_CITIES,ROAD,1,17.0
14387,1,1,130,1,1,70.0,0,I,LARGE_PROVINCIAL_CITIES,ROAD,10,12.0
14388,4,3,181,2,3,50.0,0,N,MELB_URBAN,AVENUE,1,0.0
14389,1,6,121,2,1,60.0,0,I,MELB_URBAN,ROAD,1,11.0
14390,4,2,171,2,1,50.0,0,I,MELB_URBAN,AVENUE,11,17.0
14391,1,5,135,5,1,80.0,0,N,MELB_URBAN,ROAD,11,8.0
14392,8,2,99,5,2,100.0,0,N,RURAL_VICTORIA,HIGHWAY,1,19.0
14393,1,5,121,2,2,80.0,0,N,MELB_URBAN,ROAD,1,5.0
14394,1,3,132,5,1,90.0,0,N,RURAL_VICTORIA,ROAD,1,7.0
14395,1,2,110,1,1,50.0,0,I,TOWNS,ROAD,1,18.0
14396,8,2,184,5,1,80.0,0,N,RURAL_VICTORIA,ROAD,1,13.0
14397,4,2,173,1,2,50.0,0,I,MELB_URBAN,ROAD,1,19.0
14398,4,2,181,5,1,100.0,0,N,RURAL_VICTORIA,ROAD,1,14.0
14399,4,3,181,5,1,100.0,0,N,RURAL_VICTORIA,RAMP,1,7.0
14400,2,2,99,5,1,50.0,0,N,MELB_URBAN,AVENUE,1,13.0
14401,4,1,173,2,3,60.0,0,I,MELB_URBAN,ROAD,1,2.0
14402,8,6,174,5,6,60.0,0,N,MELB_URBAN,ROAD,1,21.0
14403,1,3,121,1,1,60.0,0,I,MELB_URBAN,ROAD,1,11.0
14404,4,3,181,5,1,50.0,0,N,MELB_URBAN,ROAD,1,7.0
14405,1,3,130,2,1,70.0,0,I,TOWNS,ROAD,1,12.0
14406,1,3,121,2,1,60.0,0,N,MELB_URBAN,HIGHWAY,1,9.0
14407,1,3,121,5,1,80.0,0,N,MELB_URBAN,HIGHWAY,1,13.0
14408,8,2,99,2,1,50.0,0,I,LARGE_PROVINCIAL_CITIES,PARADE,1,8.0
14409,6,3,170,5,1,100.0,0,N,RURAL_VICTORIA,ROAD,1,12.0
14410,8,1,99,5,1,100.0,0,N,RURAL_VICTORIA,ROAD,1,15.0
14411,8,1,174,4,2,60.0,0,I,MELB_URBAN,STREET,1,20.0
14412,1,3,121,1,1,60.0,0,I,MELB_URBAN,ROAD,1,14.0
14413,1,3,132,1,1,60.0,0,I,MELB_URBAN,ROAD,1,14.0
14414,1,3,130,1,1,70.0,0,I,MELB_URBAN,ROAD,1,10.0
14415,1,2,120,5,1,100.0,0,N,RURAL_VICTORIA,ROAD,1,18.0
14416,1,3,130,1,1,60.0,0,I,MELB_URBAN,PARADE,1,17.0
14417,4,3,171,5,1,100.0,0,N,RURAL_VICTORIA,HIGHWAY,1,16.0
14418,8,1,174,1,1,60.0,0,I,LARGE_PROVINCIAL_CITIES,STREET,1,8.0
14419,1,3,140,2,1,50.0,0,I,MELB_URBAN,STREET,1,18.0
14420,1,3,130,1,1,60.0,0,I,MELB_URBAN,ROAD,1,19.0
14421,1,3,132,2,1,60.0,0,I,MELB_URBAN,ROAD,1,18.0
14422,1,3,110,1,1,50.0,0,I,MELB_URBAN,STREET,1,17.0
14423,1,3,99,5,1,60.0,0,N,MELB_URBAN,STREET,1,17.0
14424,1,3,163,5,1,60.0,0,N,MELB_URBAN,ROAD,1,19.0
14425,4,3,173,5,2,40.0,0,N,MELBOURNE_CBD,STREET,1,20.0
14426,6,7,184,5,3,60.0,0,N,SMALL_CITIES,STREET,1,23.0
14427,1,3,140,5,2,70.0,0,N,RURAL_VICTORIA,ROAD,1,20.0
14428,2,3,102,5,1,50.0,0,N,MELB_URBAN,STREET,1,19.0
14429,4,3,181,5,1,70.0,0,N,MELB_URBAN,ROAD,1,19.0
14430,4,3,171,5,2,60.0,0,N,MELB_URBAN,PARADE,1,6.0
14431,1,3,99,5,5,80.0,0,N,MELB_URBAN,ROAD,1,23.0
14432,4,4,171,5,5,80.0,0,N,RURAL_VICTORIA,ROAD,1,0.0
14433,1,2,130,5,1,60.0,0,N,MELB_URBAN,ROAD,12,16.0
14434,8,4,174,5,1,60.0,0,N,MELB_URBAN,ROAD,12,20.0
14435,1,2,140,2,1,60.0,0,I,SMALL_CITIES,DRIVE,1,15.0
14436,1,5,99,1,1,70.0,0,I,MELB_URBAN,ROAD,11,9.0
14437,1,2,110,1,1,80.0,0,I,RURAL_VICTORIA,ROAD,12,16.0
14438,8,6,174,2,1,60.0,0,I,MELB_URBAN,STREET,1,18.0
14439,1,3,99,2,1,50.0,0,I,MELB_URBAN,ROAD,1,19.0
14440,3,6,167,5,5,100.0,0,N,RURAL_VICTORIA,ROAD,1,2.0
14441,1,4,110,1,1,50.0,0,I,MELB_URBAN,STREET,12,12.0
14442,1,4,110,1,1,60.0,0,I,MELB_URBAN,AVENUE,1,8.0
14443,1,2,99,1,1,50.0,0,I,MELB_URBAN,AVENUE,11,11.0
14444,1,4,121,1,1,60.0,0,I,MELB_URBAN,ROAD,1,10.0
14445,1,4,113,2,1,80.0,0,I,SMALL_CITIES,HIGHWAY,1,12.0
14446,2,4,100,1,1,60.0,0,I,MELB_URBAN,ROAD,1,12.0
14447,1,4,163,5,1,40.0,0,N,MELB_URBAN,STREET,1,13.0
14448,1,1,147,5,3,60.0,0,N,MELB_URBAN,ROAD,1,22.0
14449,2,3,100,2,1,80.0,0,I,MELB_URBAN,ROAD,1,17.0
14450,1,4,132,5,1,60.0,0,N,MELB_URBAN,STREET,11,12.0
14451,4,4,171,2,1,50.0,0,I,LARGE_PROVINCIAL_CITIES,STREET,1,15.0
14452,1,4,121,1,1,50.0,0,I,MELB_URBAN,STREET,1,13.0
14453,1,3,133,2,1,70.0,0,I,LARGE_PROVINCIAL_CITIES,ROAD,5,14.0
14454,1,4,99,5,1,60.0,0,N,MELB_URBAN,STREET,1,16.0
14455,7,1,184,5,1,60.0,0,N,RURAL_VICTORIA,ROAD,12,10.0
14456,1,4,130,1,1,60.0,0,I,MELB_URBAN,ROAD,1,12.0
14457,1,4,163,5,1,80.0,0,N,MELB_URBAN,ROAD,1,16.0
14458,1,4,130,2,1,70.0,0,I,MELB_URBAN,ROAD,1,16.0
14459,1,0,130,2,1,60.0,0,I,MELB_URBAN,ROAD,1,17.0
14460,1,4,130,5,1,60.0,0,N,MELB_URBAN,ROAD,1,17.0
14461,1,4,140,5,1,60.0,0,I,MELB_URBAN,HIGHWAY,1,17.0
14462,8,4,174,5,1,50.0,0,N,MELB_URBAN,AVENUE,1,16.0
14463,6,1,184,3,1,100.0,0,I,RURAL_VICTORIA,ROAD,1,12.0
14464,4,4,171,5,1,50.0,0,N,TOWNS,HIGHWAY,1,17.0
14465,6,4,99,2,1,50.0,0,I,MELB_URBAN,STREET,1,15.0
14466,1,2,130,5,1,60.0,0,N,MELB_URBAN,ROAD,1,15.0
14467,1,1,120,5,2,60.0,0,N,RURAL_VICTORIA,ROAD,12,20.0
14468,4,5,171,5,3,60.0,0,N,MELB_URBAN,ROAD,1,3.0
14469,1,5,130,5,2,80.0,0,N,MELB_URBAN,OTHER,1,6.0
14470,1,2,140,5,1,100.0,0,N,RURAL_VICTORIA,HIGHWAY,1,14.0