,accident_type,day_of_week,dca_code,road_geometry,light_condition,speed_zone,severity,node_type,deg_urban_name,road_type,month,hour
14471,2,5,100,2,1,60.0,0,I,SMALL_CITIES,ROAD,1,8.0
14472,5,3,99,5,5,80.0,0,N,RURAL_VICTORIA,ROAD,1,17.0
14473,1,2,120,5,1,80.0,0,N,RURAL_VICTORIA,ROAD,1,14.0
14474,2,5,99,1,1,50.0,0,I,MELB_URBAN,STREET,1,10.0
14475,1,4,121,2,1,80.0,0,I,SMALL_CITIES,STREET,1,10.0
14476,4,5,171,5,1,100.0,0,N,RURAL_VICTORIA,ROAD,1,7.0
14477,2,5,102,2,1,60.0,0,N,MELB_URBAN,FREEWAY,1,9.0
14478,1,2,120,5,1,100.0,0,N,RURAL_VICTORIA,HIGHWAY,4,15.0
14479,1,5,130,5,1,80.0,0,UNKNOWN,UNKNOWN,UNKNOWN,1,10.0
14480,1,5,110,1,1,100.0,0,I,RURAL_VICTORIA,OTHER,1,8.0
14481,1,6,140,5,2,60.0,0,N,MELB_URBAN,STREET,5,16.0
14482,1,5,147,1,1,60.0,0,I,MELB_URBAN,ROAD,11,17.0
14483,2,5,99,5,1,60.0,0,N,LARGE_PROVINCIAL_CITIES,ROAD,1,10.0
14484,1,4,110,1,1,60.0,0,I,MELB_URBAN,ROAD,10,9.0
14485,1,5,121,1,1,50.0,0,I,MELB_URBAN,ROAD,1,9.0
14486,8,4,174,1,1,80.0,0,I,MELB_URBAN,ROAD,1,17.0
14487,1,4,130,5,2,60.0,0,N,MELB_URBAN,ROAD,1,19.0
14488,1,5,110,1,1,50.0,0,I,TOWNS,STREET,1,12.0
14489,2,7,102,5,3,60.0,0,N,MELB_URBAN,STREET,1,4.0
14490,1,4,121,4,1,60.0,0,I,MELB_URBAN,RAMP,1,12.0
14491,8,5,174,5,1,60.0,0,N,MELB_URBAN,ROAD,1,13.0
14492,4,5,181,5,2,60.0,0,N,RURAL_VICTORIA,ROAD,7,7.0
14493,1,5,121,1,1,60.0,0,I,MELB_URBAN,ROAD,1,13.0
14494,1,5,130,1,1,60.0,0,I,MELB_URBAN,ROAD,12,10.0
14495,1,5,121,1,1,70.0,0,I,MELB_URBAN,ROAD,1,14.0
14496,1,3,147,5,2,60.0,0,N,MELB_URBAN,PARADE,1,20.0
14497,1,7,130,5,1,80.0,0,N,MELB_URBAN,ROAD,11,10.0
14498,8,4,170,5,1,100.0,0,N,RURAL_VICTORIA,HIGHWAY,10,9.0
14499,1,5,116,1,1,60.0,0,I,MELB_URBAN,OTHER,1,12.0
14500,1,5,110,1,1,60.0,0,I,MELB_URBAN,ROAD,6,11.0
14501,4,5,181,5,1,70.0,0,N,LARGE_PROVINCIAL_CITIES,HIGHWAY,1,14.0
14502,3,7,167,2,1,60.0,0,I,MELB_URBAN,DRIVE,1,10.0
14503,1,5,140,2,1,50.0,0,I,MELB_URBAN,DRIVE,1,15.0
14504,1,7,99,2,1,60.0,0,I,MELB_URBAN,ROAD,1,12.0
14505,1,5,130,5,1,80.0,0,N,MELB_URBAN,HIGHWAY,1,18.0
14506,1,2,130,5,1,70.0,0,N,MELB_URBAN,ROAD,12,16.0
14507,1,5,130,5,1,60.0,0,N,LARGE_PROVINCIAL_CITIES,STREET,1,16.0
14508,1,5,132,5,1,70.0,0,N,MELB_URBAN,DRIVE,1,15.0
14509,1,4,130,2,1,60.0,0,I,MELB_URBAN,ROAD,1,11.0
14510,1,5,99,1,1,60.0,0,I,MELB_URBAN,ROAD,1,15.0
14511,4,5,181,5,1,70.0,0,N,MELB_URBAN,HIGHWAY,1,17.0
14512,4,5,183,2,2,50.0,0,I,MELB_URBAN,AVENUE,1,19.0
14513,6,4,174,5,3,60.0,0,N,MELB_URBAN,HIGHWAY,1,20.0
14514,1,5,130,1,2,50.0,0,I,MELB_URBAN,STREET,1,19.0
14515,1,5,130,5,1,80.0,0,N,LARGE_PROVINCIAL_CITIES,HIGHWAY,1,18.0
14516,1,3,130,1,1,80.0,0,I,MELB_URBAN,ROAD,1,7.0
14517,2,5,100,1,3,60.0,0,I,MELB_URBAN,ROAD,1,21.0
14518,4,4,181,5,5,90.0,0,N,RURAL_VICTORIA,HIGHWAY,1,20.0
14519,2,1,99,5,3,60.0,0,N,MELBOURNE_CBD,STREET,11,3.0
14520,1,5,130,2,3,60.0,0,I,MELB_URBAN,ROAD,1,21.0
14521,1,5,121,2,3,80.0,0,N,MELB_URBAN,HIGHWAY,1,21.0
14522,1,5,121,1,3,70.0,0,I,MELB_URBAN,ROAD,1,23.0
14523,1,5,116,2,3,70.0,0,N,MELB_URBAN,ROAD,1,20.0
14524,1,5,160,5,1,50.0,0,N,MELB_URBAN,STREET,1,14.0
14525,4,3,173,2,3,60.0,0,I,MELB_URBAN,STREET,1,21.0
14526,1,6,99,5,1,60.0,0,N,MELB_URBAN,ROAD,2,7.0
14527,2,6,99,5,1,60.0,0,N,MELB_URBAN,ROAD,2,6.0
14528,4,6,171,5,1,60.0,0,N,MELB_URBAN,STREET,2,6.0
14529,1,6,132,2,1,60.0,0,I,MELB_URBAN,ROAD,2,9.0
14530,4,6,183,5,1,100.0,0,N,RURAL_VICTORIA,ROAD,2,8.0
14531,4,6,99,5,1,50.0,0,N,MELB_URBAN,STREET,12,10.0
14532,4,6,171,5,1,80.0,0,N,MELB_URBAN,ROAD,2,9.0
14533,2,6,99,5,1,40.0,0,N,SMALL_CITIES,STREET,2,10.0
14534,8,5,174,2,9,80.0,0,I,MELB_URBAN,HIGHWAY,2,11.0
14535,4,6,181,5,2,100.0,0,N,RURAL_VICTORIA,ROAD,2,5.0
14536,4,3,173,5,1,100.0,0,N,RURAL_VICTORIA,ROAD,11,15.0
14537,1,6,130,5,1,50.0,0,N,SMALL_CITIES,STREET,2,12.0
14538,1,6,130,5,1,60.0,0,N,MELB_URBAN,ROAD,2,12.0
14539,1,6,113,2,1,60.0,0,I,MELB_URBAN,ROAD,2,13.0
14540,4,6,181,4,1,60.0,0,I,TOWNS,STREET,2,12.0
14541,1,4,130,2,1,70.0,0,N,MELB_URBAN,ROAD,1,17.0
14542,1,2,121,1,1,70.0,0,I,MELB_URBAN,ROAD,12,6.0
14543,1,6,132,5,1,50.0,0,N,MELB_URBAN,ROAD,2,9.0
14544,1,6,130,5,1,80.0,0,N,MELB_URBAN,ROAD,1,16.0
14545,1,6,121,5,1,50.0,0,N,SMALL_CITIES,STREET,2,13.0
14546,1,5,120,5,1,60.0,0,N,MELB_URBAN,ROAD,1,18.0
14547,1,6,120,1,1,70.0,0,I,MELB_URBAN,ROAD,2,15.0
14548,2,6,100,1,1,60.0,0,I,MELB_URBAN,ROAD,2,15.0
14549,4,6,183,5,1,110.0,0,N,RURAL_VICTORIA,HIGHWAY,2,14.0
14550,1,6,132,1,1,60.0,0,I,MELB_URBAN,ROAD,2,8.0
14551,1,6,113,2,1,60.0,0,I,MELB_URBAN,ROAD,2,12.0
14552,4,6,171,5,1,100.0,0,N,RURAL_VICTORIA,HIGHWAY,2,16.0
14553,6,6,99,5,1,80.0,0,N,RURAL_VICTORIA,ROAD,2,15.0
14554,1,6,130,2,9,60.0,0,I,MELB_URBAN,AVENUE,2,11.0
14555,1,6,130,2,1,70.0,0,I,MELB_URBAN,ROAD,2,17.0
14556,2,5,99,5,1,60.0,0,N,MELB_URBAN,STREET,1,20.0
14557,4,6,183,5,1,80.0,0,N,RURAL_VICTORIA,ROAD,2,13.0
14558,1,6,121,1,1,60.0,0,I,MELB_URBAN,PARADE,2,18.0
14559,6,2,174,5,1,60.0,0,N,SMALL_TOWNS,ROAD,1,15.0
14560,1,1,133,5,1,80.0,0,N,RURAL_VICTORIA,ROAD,1,11.0
14561,1,6,120,1,1,100.0,1,I,RURAL_VICTORIA,HIGHWAY,2,12.0
14562,6,6,99,5,5,100.0,0,N,RURAL_VICTORIA,ROAD,2,21.0
14563,4,6,181,5,5,100.0,0,N,RURAL_VICTORIA,ROAD,2,21.0
14564,2,6,100,2,1,60.0,0,I,MELB_URBAN,ROAD,2,18.0
14565,1,6,110,1,3,50.0,0,I,MELB_URBAN,OTHER,2,23.0
14566,4,6,173,2,3,80.0,0,I,MELB_URBAN,ROAD,2,23.0
14567,1,5,121,1,3,60.0,0,I,MELB_URBAN,ROAD,1,0.0
14568,4,6,183,5,1,40.0,0,N,RURAL_VICTORIA,ROAD,2,18.0
14569,1,6,116,2,6,60.0,0,I,SMALL_CITIES,OTHER,5,20.0
14570,8,3,174,2,1,50.0,0,I,SMALL_CITIES,STREET,1,16.0
14571,1,5,130,2,1,60.0,0,N,MELB_URBAN,ROAD,11,6.0
14572,1,7,116,2,1,60.0,0,I,LARGE_PROVINCIAL_CITIES,ROAD,2,8.0
14573,1,7,110,1,1,80.0,0,I,RURAL_VICTORIA,ROAD,2,9.0
14574,2,7,102,1,3,80.0,1,I,MELB_URBAN,HIGHWAY,2,5.0
14575,1,5,110,1,1,60.0,0,I,LARGE_PROVINCIAL_CITIES,STREET,1,14.0
14576,1,7,99,5,1,100.0,0,N,RURAL_VICTORIA,HIGHWAY,2,10.0
14577,6,7,184,5,1,100.0,0,N,RURAL_VICTORIA,ROAD,2,10.0
14578,8,7,170,1,1,80.0,0,I,RURAL_VICTORIA,HIGHWAY,2,12.0
14579,2,7,99,5,1,60.0,0,N,TOWNS,STREET,2,9.0
14580,1,6,111,2,1,70.0,0,I,MELB_URBAN,DRIVE,2,8.0
14581,8,5,170,5,3,60.0,0,N,MELB_URBAN,ROAD,1,19.0
14582,8,7,99,5,1,100.0,0,N,RURAL_VICTORIA,ROAD,2,15.0
14583,1,7,99,2,1,50.0,0,I,MELB_URBAN,OTHER,2,17.0
14584,1,7,120,5,1,70.0,0,N,MELB_URBAN,ROAD,2,17.0
14585,8,7,174,1,1,70.0,0,I,MELB_URBAN,ROAD,2,15.0
14586,1,7,110,1,1,50.0,0,I,SMALL_CITIES,AVENUE,2,17.0
14587,1,7,121,2,1,70.0,0,N,MELB_URBAN,ROAD,2,18.0
14588,1,7,121,2,1,60.0,0,I,MELB_URBAN,ROAD,2,18.0
14589,8,2,99,5,1,60.0,0,N,MELB_URBAN,ROAD,1,19.0
14590,1,3,121,1,1,60.0,0,I,MELB_URBAN,STREET,1,7.0
14591,1,7,121,1,3,60.0,0,N,SMALL_CITIES,AVENUE,2,22.0
14592,1,7,130,2,1,60.0,0,I,MELB_URBAN,ROAD,2,18.0
14593,6,7,184,2,5,80.0,0,I,RURAL_VICTORIA,ROAD,2,23.0
14594,1,7,130,5,3,60.0,0,N,MELB_URBAN,ROAD,2,22.0
14595,2,1,102,5,3,60.0,0,N,MELB_URBAN,STREET,2,3.0
14596,2,1,102,5,3,50.0,0,N,SMALL_CITIES,ROAD,2,1.0
14597,2,1,99,5,3,60.0,0,N,MELB_URBAN,ROAD,2,4.0
14598,1,1,160,2,3,50.0,1,I,MELB_URBAN,DRIVE,2,2.0
14599,1,1,130,1,3,60.0,0,I,MELB_URBAN,ROAD,2,0.0
14600,4,7,181,5,1,90.0,1,N,RURAL_VICTORIA,STREET,2,8.0
14601,1,7,130,1,1,70.0,0,I,MELB_URBAN,ROAD,12,11.0
14602,1,7,110,1,1,60.0,0,I,MELBOURNE_CBD,STREET,2,19.0
14603,1,5,130,5,1,60.0,0,N,MELB_URBAN,ROAD,1,9.0
14604,5,1,99,5,1,60.0,0,N,RURAL_VICTORIA,ROAD,12,8.0
14605,1,7,99,5,1,60.0,0,N,MELB_URBAN,ROAD,2,13.0
14606,1,1,110,1,1,50.0,0,I,MELB_URBAN,STREET,2,11.0
14607,1,1,110,1,1,60.0,0,I,SMALL_CITIES,STREET,2,12.0
14608,1,7,121,1,1,70.0,0,I,SMALL_CITIES,STREET,2,17.0
14609,1,0,133,1,1,50.0,0,I,MELB_URBAN,PARADE,2,11.0
14610,6,1,99,2,5,100.0,0,N,RURAL_VICTORIA,ROAD,2,1.0
14611,1,0,133,5,1,100.0,0,N,RURAL_VICTORIA,ROAD,2,10.0
14612,1,1,160,2,1,60.0,0,I,MELB_URBAN,ROAD,2,14.0
14613,1,1,135,5,1,100.0,0,N,MELB_URBAN,ROAD,2,12.0
14614,1,5,121,1,3,60.0,0,I,MELB_URBAN,ROAD,1,21.0
14615,8,1,170,2,1,100.0,0,I,RURAL_VICTORIA,ROAD,2,12.0
14616,1,7,121,1,3,60.0,0,I,MELB_URBAN,ROAD,2,22.0
14617,1,2,121,1,1,60.0,0,I,MELB_URBAN,PARADE,10,14.0
14618,6,1,170,5,1,80.0,0,N,RURAL_VICTORIA,ROAD,2,15.0
14619,1,1,160,5,4,50.0,0,N,RURAL_VICTORIA,STREET,2,2.0
14620,1,1,121,1,1,80.0,0,I,MELB_URBAN,HIGHWAY,2,16.0
14621,1,1,130,1,1,50.0,0,I,SMALL_CITIES,STREET,2,17.0
14622,8,1,174,5,1,100.0,0,N,RURAL_VICTORIA,OTHER,2,17.0
14623,4,1,183,5,1,100.0,0,N,RURAL_VICTORIA,OTHER,2,16.0
14624,1,1,130,5,1,60.0,0,N,MELB_URBAN,ROAD,2,17.0
14625,1,1,110,1,1,60.0,0,I,MELB_URBAN,STREET,2,16.0
14626,8,1,99,5,1,100.0,0,N,RURAL_VICTORIA,ROAD,2,15.0
14627,1,0,135,5,1,100.0,0,N,RURAL_VICTORIA,ROAD,2,18.0
14628,4,1,171,5,1,100.0,0,N,RURAL_VICTORIA,ROAD,2,19.0
14629,1,1,120,2,1,100.0,1,I,RURAL_VICTORIA,HIGHWAY,2,16.0
14630,1,1,132,2,1,100.0,0,I,RURAL_VICTORIA,HIGHWAY,2,17.0
14631,7,1,99,1,3,50.0,0,I,SMALL_CITIES,BOULEVARD,2,23.0
14632,2,2,99,5,5,30.0,0,N,MELB_URBAN,ROAD,2,2.0
14633,1,5,99,1,1,60.0,0,I,MELB_URBAN,OTHER,1,11.0
14634,6,7,99,5,1,80.0,0,N,MELB_URBAN,ROAD,2,13.0
14635,4,1,173,5,1,60.0,0,N,RURAL_VICTORIA,ROAD,2,12.0
14636,1,1,130,4,1,60.0,0,I,MELB_URBAN,HIGHWAY,2,13.0
14637,1,1,130,2,1,60.0,0,I,MELB_URBAN,ROAD,2,14.0
14638,1,1,110,1,1,50.0,0,I,MELB_URBAN,STREET,2,15.0
14639,1,2,110,1,1,60.0,0,I,RURAL_VICTORIA,STREET,2,8.0
14640,1,2,121,2,1,80.0,0,N,MELB_URBAN,ROAD,2,9.0
14641,8,1,99,5,1,80.0,0,N,RURAL_VICTORIA,ROAD,1,11.0
14642,1,5,130,1,9,60.0,0,I,MELB_URBAN,STREET,11,9.0
14643,1,2,99,1,1,100.0,0,I,RURAL_VICTORIA,ROAD,2,9.0
14644,1,4,120,5,1,60.0,0,N,MELB_URBAN,ROAD,1,9.0
14645,2,2,100,5,1,60.0,0,N,MELB_URBAN,STREET,2,12.0
14646,2,7,102,1,3,60.0,0,I,MELB_URBAN,HIGHWAY,11,22.0
14647,1,7,130,5,1,50.0,0,N,MELB_URBAN,DRIVE,2,10.0
14648,2,2,102,2,1,60.0,0,I,MELB_URBAN,DRIVE,2,8.0
14649,1,2,121,5,1,60.0,0,N,LARGE_PROVINCIAL_CITIES,STREET,2,13.0
14650,1,5,121,1,3,60.0,0,I,MELB_URBAN,ROAD,1,21.0
14651,4,2,171,5,1,80.0,0,N,MELB_URBAN,HIGHWAY,2,7.0
14652,8,7,99,5,1,60.0,0,N,RURAL_VICTORIA,ROAD,11,11.0
14653,1,2,120,5,1,70.0,0,N,MELB_URBAN,ROAD,2,13.0
14654,1,2,113,2,1,60.0,0,I,MELB_URBAN,ROAD,2,8.0
14655,8,4,174,2,1,60.0,0,I,MELB_URBAN,STREET,12,14.0
14656,6,7,99,5,5,100.0,0,N,RURAL_VICTORIA,HIGHWAY,2,21.0
14657,1,6,130,5,1,60.0,0,N,TOWNS,STREET,2,9.0
14658,1,2,120,5,1,50.0,0,N,MELB_URBAN,DRIVE,2,14.0
14659,4,5,183,5,1,60.0,0,N,SMALL_TOWNS,ROAD,1,16.0
14660,4,2,99,5,1,100.0,0,UNKNOWN,UNKNOWN,UNKNOWN,8,15.0
14661,1,2,130,4,1,80.0,0,I,MELB_URBAN,RAMP,12,17.0
14662,1,2,130,2,1,60.0,0,I,MELB_URBAN,ROAD,2,14.0
14663,1,2,116,2,1,60.0,0,I,MELB_URBAN,ROAD,2,20.0
14664,4,2,181,5,9,80.0,0,N,RURAL_VICTORIA,ROAD,2,21.0
14665,3,1,167,2,1,60.0,0,N,RURAL_VICTORIA,ROAD,2,15.0
14666,2,2,99,5,1,80.0,0,N,MELB_URBAN,HIGHWAY,2,19.0
14667,2,2,100,5,1,50.0,0,I,MELB_URBAN,ROAD,2,17.0
14668,1,1,130,1,2,60.0,0,I,MELB_URBAN,HIGHWAY,2,20.0
14669,4,3,173,5,3,60.0,0,N,MELB_URBAN,STREET,2,1.0
14670,1,3,110,1,2,60.0,0,I,MELB_URBAN,STREET,2,5.0
14671,1,2,110,1,1,50.0,0,I,MELB_URBAN,AVENUE,2,12.0
14672,4,2,171,5,2,100.0,0,N,RURAL_VICTORIA,HIGHWAY,2,20.0
14673,2,3,100,1,1,40.0,0,I,MELB_URBAN,STREET,2,8.0
14674,1,5,130,5,1,60.0,0,N,MELB_URBAN,BOULEVARD,1,8.0
14675,2,3,99,5,1,50.0,0,N,MELB_URBAN,STREET,2,8.0
14676,7,2,99,5,1,60.0,0,N,MELB_URBAN,ROAD,2,17.0
14677,1,3,134,5,1,60.0,0,N,MELB_URBAN,STREET,2,7.0
14678,1,3,130,5,1,70.0,0,N,MELB_URBAN,ROAD,2,8.0
14679,7,5,99,2,1,40.0,0,I,MELB_URBAN,STREET,8,12.0
14680,4,2,99,5,3,80.0,0,I,MELB_URBAN,ROAD,2,21.0
14681,1,3,121,1,1,80.0,0,I,MELB_URBAN,ROAD,2,9.0
14682,2,3,100,5,1,70.0,0,N,MELB_URBAN,STREET,2,12.0
14683,1,3,121,2,1,60.0,0,I,MELB_URBAN,STREET,2,12.0
14684,1,3,130,1,1,60.0,0,I,MELB_URBAN,PARADE,2,7.0
14685,8,3,174,4,1,80.0,0,I,MELB_URBAN,HIGHWAY,2,9.0
14686,1,3,160,5,1,100.0,0,N,RURAL_VICTORIA,FREEWAY,2,14.0
14687,4,3,173,5,1,40.0,0,N,MELB_URBAN,ROAD,2,15.0
14688,1,3,116,2,1,40.0,0,I,MELB_URBAN,ROAD,2,15.0
14689,1,3,121,5,1,60.0,0,N,MELB_URBAN,ROAD,2,15.0
14690,1,3,163,5,1,40.0,0,N,MELB_URBAN,ROAD,2,16.0
14691,1,5,130,1,1,80.0,0,N,MELB_URBAN,ROAD,1,18.0
14692,1,3,130,2,1,60.0,0,I,SMALL_CITIES,ROAD,2,15.0
14693,1,6,121,1,1,50.0,0,I,TOWNS,STREET,2,15.0
14694,1,3,111,2,1,60.0,0,I,MELB_URBAN,ROAD,2,13.0
14695,1,3,121,5,1,60.0,0,N,MELB_URBAN,STREET,2,16.0
14696,1,3,110,1,1,60.0,0,I,LARGE_PROVINCIAL_CITIES,STREET,2,17.0
14697,1,2,160,2,1,50.0,0,I,MELB_URBAN,STREET,2,12.0
14698,2,3,100,1,1,40.0,0,I,MELBOURNE_CBD,STREET,2,18.0
14699,6,3,99,1,1,60.0,0,I,LARGE_PROVINCIAL_CITIES,ROAD,2,16.0
14700,1,3,130,5,1,50.0,0,N,MELB_URBAN,STREET,2,17.0
14701,8,7,174,5,1,70.0,0,N,RURAL_VICTORIA,ROAD,2,15.0
14702,1,3,121,1,1,60.0,0,I,MELB_URBAN,STREET,2,18.0
14703,2,3,99,2,1,60.0,0,I,MELB_URBAN,ROAD,2,17.0
14704,1,3,132,5,1,70.0,0,N,MELB_URBAN,HIGHWAY,2,16.0
14705,1,5,130,5,2,60.0,0,N,MELB_URBAN,ROAD,1,18.0
14706,2,3,102,2,1,60.0,0,I,MELB_URBAN,STREET,2,18.0
14707,1,2,130,1,1,80.0,0,I,MELB_URBAN,ROAD,2,17.0
14708,1,4,120,5,1,60.0,0,N,MELB_URBAN,ROAD,1,16.0
14709,4,3,173,5,1,70.0,0,N,MELB_URBAN,ROAD,2,17.0
14710,1,2,110,1,1,50.0,0,I,SMALL_CITIES,STREET,2,17.0
14711,4,3,183,5,1,100.0,1,N,RURAL_VICTORIA,ROAD,2,17.0
14712,1,3,121,1,2,60.0,0,I,MELB_URBAN,STREET,2,20.0
14713,1,3,134,5,1,60.0,0,I,MELB_URBAN,ROAD,2,17.0
14714,6,3,174,1,3,60.0,0,I,MELB_URBAN,ROAD,2,21.0
14715,4,3,171,1,5,80.0,0,N,SMALL_TOWNS,STREET,2,22.0
14716,4,4,171,2,3,60.0,0,I,MELB_URBAN,DRIVE,2,3.0
14717,1,1,99,5,1,60.0,0,N,RURAL_VICTORIA,STREET,2,17.0
14718,1,4,121,1,3,70.0,0,I,MELB_URBAN,ROAD,2,5.0
14719,1,6,130,2,1,70.0,0,I,MELB_URBAN,HIGHWAY,1,17.0
14720,1,4,121,2,1,60.0,0,I,MELB_URBAN,ROAD,2,7.0
14721,1,4,113,1,2,60.0,0,I,MELB_URBAN,STREET,2,7.0
14722,6,4,99,5,1,60.0,0,N,RURAL_VICTORIA,ROAD,2,7.0
14723,1,4,121,5,1,40.0,0,N,MELB_URBAN,ROAD,2,8.0
14724,2,4,99,5,1,50.0,0,N,MELB_URBAN,STREET,2,7.0
14725,8,2,174,1,1,60.0,0,I,MELB_URBAN,ROAD,1,14.0
14726,1,4,99,2,1,70.0,0,I,SMALL_CITIES,PARADE,2,10.0
14727,1,3,130,1,1,60.0,0,I,MELB_URBAN,STREET,2,7.0
14728,1,4,132,5,1,80.0,0,N,RURAL_VICTORIA,ROAD,2,9.0
14729,1,4,130,1,1,40.0,0,I,MELBOURNE_CBD,STREET,2,9.0
14730,1,7,121,2,1,60.0,0,I,MELB_URBAN,UNKNOWN,1,15.0
14731,1,4,99,5,1,60.0,0,N,MELB_URBAN,STREET,2,8.0
14732,1,4,120,5,1,60.0,0,N,MELB_URBAN,ROAD,2,11.0
14733,2,4,102,5,1,50.0,0,N,MELB_URBAN,AVENUE,2,8.0
14734,1,4,113,1,1,80.0,0,I,MELB_URBAN,ROAD,2,12.0
14735,1,4,121,2,1,80.0,0,I,MELB_URBAN,ROAD,2,9.0
14736,1,4,160,5,1,60.0,0,N,SMALL_CITIES,STREET,2,12.0
14737,1,6,121,2,9,50.0,0,I,MELB_URBAN,OTHER,2,18.0
14738,2,4,99,5,1,60.0,0,N,MELB_URBAN,ROAD,2,13.0
14739,3,6,167,5,1,90.0,0,N,RURAL_VICTORIA,ROAD,12,5.0
14740,1,3,163,5,1,60.0,0,N,MELB_URBAN,PARADE,2,9.0
14741,1,4,110,1,1,60.0,0,I,MELB_URBAN,STREET,2,10.0
14742,1,4,160,5,1,50.0,0,N,MELB_URBAN,STREET,2,15.0
14743,4,2,181,5,5,100.0,0,N,RURAL_VICTORIA,ROAD,2,21.0
14744,6,4,99,5,1,100.0,0,N,RURAL_VICTORIA,ROAD,2,14.0
14745,1,4,160,5,1,50.0,0,N,MELB_URBAN,ROAD,2,15.0
14746,1,4,99,2,1,60.0,0,I,MELB_URBAN,STREET,2,17.0
14747,4,4,183,5,1,60.0,1,N,RURAL_VICTORIA,ROAD,2,10.0
14748,4,4,171,5,1,100.0,1,N,RURAL_VICTORIA,HIGHWAY,2,16.0
14749,4,4,99,5,1,60.0,0,I,MELB_URBAN,STREET,2,19.0
14750,4,4,173,5,2,80.0,0,N,RURAL_VICTORIA,ROAD,2,18.0
14751,1,4,110,1,1,100.0,0,I,MELB_URBAN,ROAD,2,16.0
14752,1,4,99,5,1,50.0,0,N,MELB_URBAN,STREET,2,18.0
14753,6,1,174,2,1,70.0,0,I,LARGE_PROVINCIAL_CITIES,ROAD,12,12.0
14754,4,4,99,2,2,80.0,0,I,RURAL_VICTORIA,ROAD,2,6.0
14755,4,4,99,2,5,80.0,0,I,RURAL_VICTORIA,STREET,2,22.0
14756,4,4,171,5,3,60.0,0,N,SMALL_CITIES,STREET,2,23.0
14757,1,5,160,5,6,50.0,0,N,MELB_URBAN,STREET,2,4.0
14758,2,4,99,5,1,50.0,0,N,MELB_URBAN,ROAD,2,12.0
14759,1,6,140,5,3,60.0,0,N,MELB_URBAN,ROAD,12,22.0
14760,1,5,160,2,2,60.0,0,I,MELB_URBAN,STREET,2,6.0
14761,1,5,130,5,1,60.0,0,N,LARGE_PROVINCIAL_CITIES,STREET,7,9.0
14762,1,5,99,2,1,40.0,0,I,MELB_URBAN,ROAD,2,9.0
14763,2,5,99,5,1,60.0,0,N,MELB_URBAN,ROAD,2,8.0
14764,1,3,116,2,1,60.0,0,I,MELB_URBAN,ROAD,2,8.0
14765,1,5,130,5,1,100.0,0,N,MELB_URBAN,FREEWAY,2,6.0
14766,8,7,174,5,1,50.0,0,N,RURAL_VICTORIA,ROAD,2,14.0
14767,1,4,163,5,1,60.0,0,N,MELB_URBAN,ROAD,2,9.0
14768,1,2,130,1,1,60.0,0,I,MELB_URBAN,HIGHWAY,1,16.0
14769,6,2,99,5,1,100.0,0,N,RURAL_VICTORIA,ROAD,2,14.0
14770,2,5,100,1,1,60.0,0,I,MELB_URBAN,STREET,2,9.0
14771,8,4,174,2,1,60.0,0,I,MELB_URBAN,STREET,2,17.0
14772,1,7,99,1,1,50.0,0,I,MELB_URBAN,ROAD,11,13.0
14773,1,5,110,1,1,70.0,0,I,LARGE_PROVINCIAL_CITIES,ROAD,2,8.0
14774,2,5,100,2,1,60.0,0,I,MELB_URBAN,ROAD,2,12.0
14775,1,5,99,1,1,30.0,0,I,MELB_URBAN,HIGHWAY,2,11.0
14776,1,5,121,1,1,60.0,0,I,MELB_URBAN,OTHER,2,12.0
14777,4,5,171,5,1,100.0,0,N,RURAL_VICTORIA,ROAD,2,11.0
14778,8,3,174,5,1,60.0,0,I,MELB_URBAN,OTHER,1,9.0
14779,1,5,99,2,1,40.0,0,N,MELB_URBAN,ROAD,2,10.0
14780,1,4,160,2,1,60.0,0,N,MELB_URBAN,STREET,2,17.0
14781,1,5,110,1,2,60.0,0,I,SMALL_CITIES,STREET,2,6.0
14782,1,5,130,2,1,40.0,0,I,MELB_URBAN,STREET,2,12.0
14783,1,5,130,1,1,70.0,0,I,RURAL_VICTORIA,HIGHWAY,2,13.0
14784,6,5,174,5,1,100.0,0,N,RURAL_VICTORIA,ROAD,2,14.0
14785,2,5,100,1,1,50.0,0,I,LARGE_PROVINCIAL_CITIES,STREET,2,15.0
14786,1,5,130,1,1,60.0,0,I,MELB_URBAN,OTHER,11,10.0
14787,1,5,110,1,1,60.0,0,I,MELB_URBAN,STREET,2,16.0
14788,1,5,130,2,1,60.0,0,N,MELB_URBAN,HIGHWAY,2,18.0
14789,1,5,160,5,1,70.0,0,N,LARGE_PROVINCIAL_CITIES,HIGHWAY,2,13.0
14790,1,5,130,1,1,60.0,0,I,LARGE_PROVINCIAL_CITIES,STREET,2,17.0
14791,7,5,99,5,1,50.0,0,N,MELBOURNE_CBD,STREET,2,17.0
14792,1,5,147,5,1,60.0,0,N,SMALL_CITIES,ROAD,2,18.0
14793,1,5,99,2,1,60.0,0,I,LARGE_PROVINCIAL_CITIES,ROAD,2,14.0
14794,2,5,99,2,1,50.0,0,I,MELB_URBAN,STREET,2,16.0
14795,1,6,147,5,9,60.0,0,N,TOWNS,AVENUE,1,17.0
14796,1,5,163,5,1,40.0,0,N,MELBOURNE_CBD,STREET,2,18.0
14797,1,6,99,5,2,60.0,0,N,MELB_URBAN,ROAD,2,17.0
14798,6,5,174,1,1,80.0,0,I,MELB_URBAN,ROAD,2,20.0
14799,1,6,130,5,5,110.0,0,N,RURAL_VICTORIA,FREEWAY,2,0.0
14800,1,6,121,2,1,60.0,0,I,MELB_URBAN,ROAD,2,7.0
14801,1,6,111,1,1,50.0,0,I,LARGE_PROVINCIAL_CITIES,STREET,2,7.0
14802,1,6,121,2,1,60.0,0,I,MELB_URBAN,ROAD,2,9.0