,accident_type,day_of_week,dca_code,road_geometry,light_condition,speed_zone,severity,node_type,deg_urban_name,road_type,month,hour
14803,1,6,113,2,1,70.0,0,I,SMALL_CITIES,STREET,2,8.0
14804,1,3,130,2,1,50.0,0,N,SMALL_CITIES,BOULEVARD,2,10.0
14805,2,4,99,5,1,60.0,0,N,MELB_URBAN,HIGHWAY,2,9.0
14806,1,6,163,5,1,50.0,0,N,MELB_URBAN,UNKNOWN,2,10.0
14807,1,6,132,2,1,60.0,0,N,MELB_URBAN,ROAD,2,9.0
14808,4,6,99,2,5,100.0,0,I,RURAL_VICTORIA,STREET,2,6.0
14809,8,5,174,2,3,60.0,0,I,MELB_URBAN,STREET,1,19.0
14810,1,3,121,2,1,60.0,0,I,MELB_URBAN,ROAD,3,12.0
14811,2,6,102,2,1,80.0,0,N,MELB_URBAN,HIGHWAY,2,11.0
14812,1,6,121,1,1,80.0,0,N,MELB_URBAN,HIGHWAY,2,9.0
14813,1,6,130,2,1,70.0,0,I,MELB_URBAN,ROAD,2,8.0
14814,1,5,160,5,9,60.0,0,N,MELB_URBAN,ROAD,12,10.0
14815,1,7,121,2,1,60.0,0,N,MELB_URBAN,STREET,2,19.0
14816,4,6,181,5,1,100.0,0,N,RURAL_VICTORIA,ROAD,2,12.0
14817,1,6,113,2,1,60.0,0,I,MELB_URBAN,STREET,2,12.0
14818,1,6,121,1,1,60.0,0,I,LARGE_PROVINCIAL_CITIES,ROAD,2,14.0
14819,2,6,99,5,1,60.0,0,N,MELB_URBAN,STREET,2,15.0
14820,1,6,130,5,1,100.0,0,N,RURAL_VICTORIA,HIGHWAY,2,12.0
14821,4,6,171,1,1,60.0,0,I,MELB_URBAN,ROAD,2,16.0
14822,1,6,116,1,1,50.0,0,I,MELB_URBAN,ROAD,2,17.0
14823,1,5,116,1,1,60.0,0,I,MELB_URBAN,STREET,1,17.0
14824,1,6,130,5,1,70.0,0,N,MELB_URBAN,ROAD,2,15.0
14825,1,6,99,2,1,60.0,0,I,MELB_URBAN,STREET,2,17.0
14826,1,6,130,5,1,80.0,0,N,MELB_URBAN,HIGHWAY,2,14.0
14827,1,6,110,1,1,50.0,0,I,MELB_URBAN,ROAD,2,18.0
14828,1,6,132,5,1,50.0,0,N,MELB_URBAN,STREET,2,17.0
14829,1,6,120,1,1,100.0,0,I,RURAL_VICTORIA,ROAD,2,13.0
14830,1,6,121,1,1,70.0,0,I,MELB_URBAN,ROAD,2,18.0
14831,2,6,100,5,1,60.0,0,N,TOWNS,STREET,2,17.0
14832,2,6,102,1,1,70.0,0,I,MELB_URBAN,ROAD,2,19.0
14833,1,6,99,2,1,100.0,0,I,RURAL_VICTORIA,ROAD,2,14.0
14834,8,6,174,1,3,60.0,0,I,LARGE_PROVINCIAL_CITIES,STREET,2,22.0
14835,1,6,113,2,1,60.0,0,I,MELB_URBAN,ROAD,2,6.0
14836,2,6,100,1,2,60.0,0,I,MELB_URBAN,ROAD,2,19.0
14837,1,7,130,5,9,50.0,0,N,MELB_URBAN,ROAD,2,2.0
14838,2,7,100,1,3,60.0,0,I,MELB_URBAN,ROAD,2,0.0
14839,4,7,173,5,5,100.0,0,N,RURAL_VICTORIA,ROAD,2,2.0
14840,1,7,99,5,3,100.0,0,N,MELB_URBAN,FREEWAY,2,3.0
14841,1,5,99,1,5,70.0,0,I,MELB_URBAN,ROAD,2,17.0
14842,3,5,167,5,1,100.0,0,N,RURAL_VICTORIA,ROAD,1,10.0
14843,1,7,116,2,1,60.0,0,I,SMALL_CITIES,STREET,2,8.0
14844,1,7,99,3,1,60.0,0,I,MELB_URBAN,ROAD,2,10.0
14845,1,7,134,5,1,60.0,0,N,LARGE_PROVINCIAL_CITIES,STREET,2,9.0
14846,1,7,121,2,1,70.0,0,I,MELB_URBAN,ROAD,2,10.0
14847,4,7,99,5,1,50.0,0,N,MELB_URBAN,DRIVE,2,12.0
14848,1,7,160,5,1,50.0,0,N,MELB_URBAN,OTHER,2,9.0
14849,8,7,174,5,1,60.0,0,N,MELB_URBAN,STREET,2,11.0
14850,4,7,171,5,2,60.0,0,N,RURAL_VICTORIA,ROAD,2,7.0
14851,1,7,130,5,1,80.0,0,N,MELB_URBAN,ROAD,2,11.0
14852,4,7,173,5,1,100.0,0,N,RURAL_VICTORIA,ROAD,2,11.0
14853,1,7,110,1,1,70.0,0,I,MELB_URBAN,ROAD,2,7.0
14854,8,7,184,5,1,60.0,0,N,MELB_URBAN,ROAD,2,14.0
14855,1,5,121,2,1,80.0,0,I,MELB_URBAN,ROAD,2,9.0
14856,2,2,99,4,2,60.0,0,I,MELB_URBAN,STREET,7,7.0
14857,1,7,130,5,1,50.0,0,N,MELB_URBAN,ROAD,2,13.0
14858,6,7,174,5,1,100.0,0,N,RURAL_VICTORIA,ROAD,2,16.0
14859,4,6,183,5,1,60.0,0,N,RURAL_VICTORIA,ROAD,2,20.0
14860,4,7,181,5,5,60.0,0,N,MELB_URBAN,ROAD,2,0.0
14861,1,7,130,5,1,80.0,0,N,MELB_URBAN,RAMP,2,15.0
14862,1,7,120,5,1,70.0,0,N,MELB_URBAN,ROAD,2,20.0
14863,1,7,130,5,1,70.0,0,N,MELB_URBAN,ROAD,2,18.0
14864,4,7,181,2,1,80.0,0,I,RURAL_VICTORIA,DRIVE,2,15.0
14865,4,7,171,5,1,70.0,0,N,MELB_URBAN,ROAD,2,16.0
14866,1,7,121,2,3,60.0,0,I,MELB_URBAN,STREET,2,23.0
14867,1,7,130,1,3,60.0,0,I,MELB_URBAN,PARADE,2,21.0
14868,4,7,181,5,5,80.0,1,N,RURAL_VICTORIA,ROAD,2,22.0
14869,1,7,110,1,3,60.0,0,I,MELB_URBAN,ROAD,2,22.0
14870,1,1,113,2,5,60.0,0,I,MELB_URBAN,ROAD,2,0.0
14871,1,6,110,1,1,60.0,0,I,MELB_URBAN,AVENUE,2,12.0
14872,1,1,113,2,1,60.0,0,I,MELB_URBAN,ROAD,2,9.0
14873,1,1,99,5,1,60.0,0,N,MELB_URBAN,ROAD,2,9.0
14874,2,1,100,2,1,60.0,0,I,MELBOURNE_CBD,STREET,2,10.0
14875,4,1,181,2,1,80.0,0,I,RURAL_VICTORIA,ROAD,2,10.0
14876,1,1,113,2,1,60.0,0,I,MELB_URBAN,ROAD,2,11.0
14877,4,1,183,5,1,50.0,1,N,MELB_URBAN,STREET,2,6.0
14878,2,3,102,1,1,60.0,0,I,MELB_URBAN,ROAD,2,18.0
14879,4,1,99,2,3,60.0,0,I,MELB_URBAN,ROAD,2,5.0
14880,6,3,99,5,1,60.0,0,N,MELB_URBAN,ROAD,1,15.0
14881,1,6,130,2,1,60.0,0,I,LARGE_PROVINCIAL_CITIES,OTHER,2,17.0
14882,4,1,181,5,9,100.0,0,N,RURAL_VICTORIA,ROAD,2,15.0
14883,1,1,110,1,1,60.0,0,I,MELB_URBAN,ROAD,2,11.0
14884,1,3,99,1,1,60.0,0,I,MELB_URBAN,ROAD,1,8.0
14885,8,1,174,5,1,60.0,0,N,MELB_URBAN,STREET,2,16.0
14886,6,1,170,5,1,100.0,0,N,MELB_URBAN,FREEWAY,2,15.0
14887,1,1,99,2,1,60.0,0,I,LARGE_PROVINCIAL_CITIES,STREET,2,16.0
14888,1,1,130,2,1,60.0,0,I,MELB_URBAN,AVENUE,2,16.0
14889,1,6,130,1,1,70.0,0,I,MELB_URBAN,ROAD,2,14.0
14890,8,5,174,2,3,70.0,0,I,MELB_URBAN,ROAD,2,21.0
14891,4,1,171,5,1,80.0,0,N,MELB_URBAN,ROAD,2,14.0
14892,8,1,174,1,9,60.0,0,I,MELB_URBAN,ROAD,2,19.0
14893,4,1,181,5,1,100.0,0,N,MELB_URBAN,FREEWAY,2,18.0
14894,1,1,121,1,5,60.0,0,I,LARGE_PROVINCIAL_CITIES,STREET,2,20.0
14895,1,7,130,5,1,60.0,0,N,MELB_URBAN,ROAD,2,18.0
14896,7,1,99,5,1,50.0,0,N,TOWNS,ROAD,1,17.0
14897,4,1,171,2,1,60.0,1,N,MELB_URBAN,ROAD,2,18.0
14898,1,1,132,5,3,60.0,0,N,MELB_URBAN,ROAD,2,21.0
14899,1,3,130,1,1,60.0,0,I,MELB_URBAN,STREET,2,17.0
14900,2,2,99,5,3,60.0,0,N,MELB_URBAN,STREET,2,0.0
14901,1,6,110,1,1,50.0,0,I,TOWNS,STREET,2,11.0
14902,1,4,130,5,1,80.0,0,N,MELB_URBAN,HIGHWAY,9,16.0
14903,1,2,130,1,1,80.0,0,I,RURAL_VICTORIA,ROAD,2,6.0
14904,4,2,181,5,2,100.0,0,N,MELB_URBAN,RAMP,2,6.0
14905,1,2,113,2,1,60.0,0,I,MELB_URBAN,HIGHWAY,12,9.0
14906,1,2,121,5,2,100.0,0,N,RURAL_VICTORIA,ROAD,2,7.0
14907,1,2,99,2,1,60.0,0,I,MELB_URBAN,ROAD,2,8.0
14908,1,2,121,2,1,80.0,0,I,RURAL_VICTORIA,HIGHWAY,2,7.0
14909,1,6,163,5,1,60.0,0,N,MELB_URBAN,STREET,2,18.0
14910,4,4,183,5,1,100.0,0,N,RURAL_VICTORIA,HIGHWAY,2,12.0
14911,1,2,130,5,2,60.0,0,N,MELB_URBAN,ROAD,2,7.0
14912,1,3,163,5,1,60.0,0,N,MELB_URBAN,ROAD,2,15.0
14913,1,2,160,5,1,50.0,0,N,MELB_URBAN,ROAD,2,7.0
14914,2,2,100,1,1,60.0,0,I,MELB_URBAN,STREET,2,11.0
14915,4,7,171,2,6,50.0,0,I,SMALL_CITIES,DRIVE,2,22.0
14916,1,7,140,2,1,80.0,0,I,MELB_URBAN,ROAD,2,10.0
14917,1,2,121,2,1,60.0,0,I,MELB_URBAN,ROAD,2,7.0
14918,1,2,113,4,1,70.0,0,I,MELB_URBAN,RAMP,2,12.0
14919,4,1,171,5,2,50.0,0,N,MELB_URBAN,STREET,2,20.0
14920,8,2,174,5,1,40.0,0,N,MELB_URBAN,ROAD,2,12.0
14921,6,2,99,3,1,100.0,0,N,RURAL_VICTORIA,RAMP,2,11.0
14922,1,2,110,1,1,40.0,0,I,TOWNS,STREET,2,12.0
14923,1,2,121,2,1,60.0,0,I,MELB_URBAN,ROAD,2,14.0
14924,6,5,170,2,5,60.0,0,I,RURAL_VICTORIA,STREET,1,22.0
14925,2,1,99,5,3,60.0,0,N,MELB_URBAN,ROAD,2,21.0
14926,7,2,174,5,1,60.0,0,N,RURAL_VICTORIA,ROAD,12,12.0
14927,5,2,99,5,1,110.0,0,N,RURAL_VICTORIA,FREEWAY,2,13.0
14928,1,6,130,5,1,60.0,0,N,MELB_URBAN,ROAD,2,13.0
14929,2,2,99,5,1,50.0,0,N,MELB_URBAN,STREET,2,16.0
14930,1,2,113,2,1,50.0,0,I,MELB_URBAN,STREET,2,17.0
14931,1,4,99,5,1,40.0,0,N,MELBOURNE_CBD,STREET,2,18.0
14932,7,2,99,5,1,60.0,0,N,RURAL_VICTORIA,ROAD,2,20.0
14933,1,2,121,2,2,50.0,0,I,MELB_URBAN,AVENUE,2,20.0
14934,8,2,174,2,1,50.0,0,I,MELB_URBAN,STREET,2,17.0
14935,2,2,99,1,1,60.0,0,I,MELB_URBAN,ROAD,2,15.0
14936,6,2,170,5,5,60.0,0,N,RURAL_VICTORIA,ROAD,2,20.0
14937,1,2,130,5,3,60.0,0,N,MELB_URBAN,STREET,2,1.0
14938,4,2,171,5,5,80.0,0,N,RURAL_VICTORIA,ROAD,2,22.0
14939,2,2,102,5,5,80.0,0,N,MELB_URBAN,HIGHWAY,2,22.0
14940,4,2,99,5,5,50.0,0,N,MELB_URBAN,BOULEVARD,2,22.0
14941,4,2,181,5,5,60.0,0,N,RURAL_VICTORIA,ROAD,2,23.0
14942,4,3,171,1,3,60.0,0,I,MELB_URBAN,STREET,2,3.0
14943,1,1,121,1,3,60.0,0,I,MELB_URBAN,ROAD,2,22.0
14944,1,1,134,5,1,50.0,0,N,MELB_URBAN,STREET,1,17.0
14945,6,5,174,3,1,50.0,0,I,MELB_URBAN,STREET,1,17.0
14946,1,3,116,2,3,60.0,0,I,LARGE_PROVINCIAL_CITIES,ROAD,2,6.0
14947,1,3,99,5,2,50.0,0,N,MELB_URBAN,AVENUE,2,6.0
14948,1,3,121,1,1,50.0,0,I,MELB_URBAN,STREET,2,11.0
14949,4,3,181,5,1,80.0,0,N,RURAL_VICTORIA,ROAD,2,9.0
14950,1,3,99,2,1,60.0,0,I,MELB_URBAN,ROAD,2,8.0
14951,1,3,121,1,1,60.0,0,I,MELB_URBAN,ROAD,2,6.0
14952,1,2,99,2,1,60.0,0,I,MELB_URBAN,ROAD,2,17.0
14953,1,7,120,2,1,60.0,0,I,MELB_URBAN,ROAD,2,10.0
14954,1,3,99,1,1,80.0,0,I,MELB_URBAN,ROAD,2,11.0
14955,8,1,184,5,1,80.0,0,N,RURAL_VICTORIA,OTHER,2,13.0
14956,1,2,147,5,1,60.0,0,N,MELB_URBAN,ROAD,2,12.0
14957,2,6,100,5,3,60.0,0,N,MELB_URBAN,ROAD,1,21.0
14958,1,3,113,2,1,50.0,0,I,SMALL_CITIES,STREET,2,12.0
14959,1,4,132,2,1,60.0,0,I,MELB_URBAN,ROAD,1,16.0
14960,1,3,120,5,1,50.0,0,N,LARGE_PROVINCIAL_CITIES,HIGHWAY,2,13.0
14961,4,2,171,5,1,100.0,0,I,TOWNS,HIGHWAY,2,14.0
14962,2,3,100,1,1,60.0,0,I,MELB_URBAN,STREET,2,10.0
14963,8,3,99,2,1,60.0,0,I,MELB_URBAN,OTHER,2,16.0
14964,2,3,100,1,1,50.0,0,I,MELB_URBAN,STREET,2,17.0
14965,1,3,113,1,1,60.0,0,I,MELB_URBAN,STREET,2,16.0
14966,8,3,174,5,1,60.0,0,N,RURAL_VICTORIA,ROAD,12,16.0
14967,3,4,167,5,5,100.0,0,N,RURAL_VICTORIA,ROAD,12,22.0
14968,1,7,120,5,1,60.0,0,UNKNOWN,UNKNOWN,UNKNOWN,2,15.0
14969,1,7,147,5,1,60.0,0,N,MELB_URBAN,STREET,2,17.0
14970,1,3,99,5,1,100.0,0,N,RURAL_VICTORIA,ROAD,2,13.0
14971,4,3,171,5,1,60.0,0,N,SMALL_CITIES,STREET,2,17.0
14972,1,2,130,5,1,70.0,0,N,MELB_URBAN,ROAD,2,18.0
14973,2,3,100,2,1,40.0,0,I,MELB_URBAN,OTHER,2,15.0
14974,1,3,120,5,1,80.0,0,N,MELB_URBAN,ROAD,2,18.0
14975,1,3,134,5,2,100.0,0,N,MELB_URBAN,FREEWAY,2,19.0
14976,2,3,102,5,1,60.0,0,N,MELB_URBAN,OTHER,2,15.0
14977,1,3,120,1,5,70.0,0,I,RURAL_VICTORIA,ROAD,2,21.0
14978,1,3,130,1,1,40.0,0,I,MELBOURNE_CBD,STREET,2,18.0
14979,1,3,99,5,3,40.0,0,N,MELB_URBAN,STREET,2,23.0
14980,1,2,160,5,2,60.0,0,N,SMALL_CITIES,ROAD,2,19.0
14981,4,4,171,1,3,70.0,0,N,MELB_URBAN,ROAD,2,0.0
14982,4,4,99,2,5,100.0,0,I,RURAL_VICTORIA,ROAD,2,1.0
14983,5,3,99,5,5,100.0,0,N,SMALL_TOWNS,FREEWAY,2,23.0
14984,1,4,113,2,2,80.0,0,I,MELB_URBAN,ROAD,2,6.0
14985,1,4,113,2,1,80.0,0,I,MELB_URBAN,ROAD,2,8.0
14986,2,2,99,2,1,50.0,0,I,MELB_URBAN,AVENUE,2,18.0
14987,6,2,184,2,1,100.0,0,N,RURAL_VICTORIA,ROAD,2,16.0
14988,8,3,174,5,1,80.0,0,N,MELB_URBAN,HIGHWAY,2,17.0
14989,1,2,147,5,1,50.0,0,N,TOWNS,STREET,2,15.0
14990,1,4,99,5,1,50.0,0,N,SMALL_CITIES,STREET,2,8.0
14991,1,4,99,1,1,60.0,0,I,MELB_URBAN,STREET,2,8.0
14992,1,4,130,2,1,60.0,0,I,TOWNS,STREET,2,7.0
14993,1,7,113,2,1,50.0,0,I,MELB_URBAN,STREET,2,12.0
14994,8,3,174,1,1,50.0,0,I,MELB_URBAN,BOULEVARD,1,16.0
14995,7,3,174,5,1,50.0,0,N,MELB_URBAN,STREET,1,13.0
14996,1,4,130,5,2,80.0,0,N,MELB_URBAN,ROAD,2,7.0
14997,8,7,174,5,1,60.0,0,N,RURAL_VICTORIA,ROAD,2,12.0
14998,6,3,170,5,5,100.0,0,N,RURAL_VICTORIA,ROAD,2,22.0
14999,2,4,100,5,1,40.0,0,N,MELBOURNE_CBD,STREET,2,10.0
15000,1,4,121,2,1,60.0,0,I,MELB_URBAN,ROAD,2,7.0
15001,1,4,120,5,1,100.0,0,N,RURAL_VICTORIA,HIGHWAY,2,8.0
15002,1,2,121,2,1,80.0,0,I,SMALL_CITIES,ROAD,1,17.0
15003,1,4,110,1,1,50.0,0,I,SMALL_CITIES,STREET,2,14.0
15004,1,2,120,5,5,100.0,0,N,RURAL_VICTORIA,ROAD,2,6.0
15005,1,7,130,1,1,70.0,0,I,MELB_URBAN,ROAD,2,14.0
15006,1,4,130,5,1,60.0,0,N,MELB_URBAN,ROAD,2,13.0
15007,1,4,110,1,1,60.0,0,I,MELB_URBAN,ROAD,2,14.0
15008,2,4,99,5,1,50.0,0,N,LARGE_PROVINCIAL_CITIES,AVENUE,2,10.0
15009,1,4,113,2,9,60.0,0,I,MELB_URBAN,STREET,2,13.0
15010,1,4,121,2,1,60.0,0,I,MELB_URBAN,ROAD,2,14.0
15011,2,4,99,1,1,60.0,0,I,MELB_URBAN,STREET,2,14.0
15012,2,4,100,2,1,50.0,0,I,MELB_URBAN,OTHER,2,13.0
15013,1,3,120,5,1,50.0,0,N,MELB_URBAN,OTHER,2,7.0
15014,2,4,99,2,1,50.0,0,I,MELB_URBAN,STREET,2,16.0
15015,1,4,113,2,1,60.0,0,I,SMALL_CITIES,STREET,2,15.0
15016,4,4,181,5,1,50.0,0,N,MELB_URBAN,DRIVE,2,15.0
15017,1,4,99,1,1,40.0,0,I,MELBOURNE_CBD,STREET,2,20.0
15018,1,3,130,1,1,60.0,0,I,MELBOURNE_CBD,STREET,12,9.0
15019,1,1,99,5,1,50.0,0,N,MELB_URBAN,STREET,1,14.0
15020,8,4,174,5,1,100.0,0,N,MELB_URBAN,FREEWAY,2,18.0
15021,7,3,99,5,1,100.0,0,N,MELB_URBAN,ROAD,2,17.0
15022,1,4,121,2,2,60.0,0,I,MELB_URBAN,ROAD,2,19.0
15023,4,4,181,2,3,60.0,0,I,MELB_URBAN,ROAD,2,1.0
15024,1,4,132,2,1,60.0,0,I,MELB_URBAN,ROAD,2,16.0
15025,6,4,99,2,3,60.0,0,I,TOWNS,STREET,2,22.0
15026,1,4,130,2,1,60.0,0,I,MELB_URBAN,ROAD,2,16.0
15027,4,5,171,2,3,60.0,0,I,MELB_URBAN,ROAD,2,0.0
15028,5,4,99,5,3,60.0,0,N,SMALL_CITIES,ROAD,2,23.0
15029,2,5,99,5,6,50.0,0,N,LARGE_PROVINCIAL_CITIES,STREET,2,1.0
15030,2,4,99,5,3,50.0,0,N,SMALL_CITIES,STREET,1,22.0
15031,1,4,135,5,1,100.0,0,N,RURAL_VICTORIA,FREEWAY,2,19.0
15032,8,4,174,1,1,60.0,0,N,MELB_URBAN,ROAD,2,12.0
15033,2,5,99,5,5,100.0,0,N,RURAL_VICTORIA,ROAD,2,5.0
15034,7,7,99,5,1,60.0,0,N,MELB_URBAN,ROAD,2,14.0
15035,1,5,140,1,1,50.0,0,I,MELB_URBAN,ROAD,2,6.0
15036,4,1,171,2,2,60.0,0,I,MELB_URBAN,HIGHWAY,2,7.0
15037,1,5,110,1,1,50.0,0,I,TOWNS,STREET,2,9.0
15038,1,5,113,2,1,60.0,0,I,MELB_URBAN,ROAD,2,8.0
15039,2,5,99,5,9,50.0,0,N,MELB_URBAN,OTHER,2,11.0
15040,4,7,183,5,5,100.0,0,N,RURAL_VICTORIA,ROAD,3,1.0
15041,1,4,113,2,1,80.0,0,I,MELB_URBAN,HIGHWAY,2,10.0
15042,1,5,110,1,1,50.0,0,I,LARGE_PROVINCIAL_CITIES,STREET,2,11.0
15043,6,1,184,2,1,60.0,0,I,MELB_URBAN,ROAD,1,10.0
15044,6,5,174,1,1,80.0,0,I,MELB_URBAN,HIGHWAY,2,11.0
15045,1,3,116,2,1,60.0,0,I,SMALL_CITIES,DRIVE,2,16.0
15046,1,5,121,1,1,80.0,0,I,RURAL_VICTORIA,HIGHWAY,2,11.0
15047,1,5,160,5,1,50.0,0,N,MELB_URBAN,AVENUE,2,10.0
15048,1,4,110,1,1,60.0,0,I,RURAL_VICTORIA,ROAD,12,13.0
15049,8,6,174,1,1,50.0,0,I,MELB_URBAN,STREET,1,13.0
15050,6,4,99,5,5,80.0,0,N,RURAL_VICTORIA,ROAD,2,23.0
15051,1,6,130,1,2,60.0,0,I,MELB_URBAN,OTHER,12,6.0
15052,1,3,134,5,1,100.0,0,N,MELB_URBAN,UNKNOWN,2,8.0
15053,2,5,99,5,1,40.0,1,N,MELB_URBAN,STREET,2,11.0
15054,1,5,113,2,1,50.0,0,I,SMALL_CITIES,ROAD,2,10.0
15055,1,5,121,1,1,60.0,0,I,MELB_URBAN,ROAD,2,15.0
15056,8,1,174,2,1,100.0,0,I,RURAL_VICTORIA,ROAD,2,10.0
15057,1,5,132,4,1,60.0,0,I,MELB_URBAN,ROAD,9,16.0
15058,1,5,99,5,1,60.0,0,N,MELB_URBAN,ROAD,2,13.0
15059,1,5,130,5,1,100.0,0,N,RURAL_VICTORIA,ROAD,2,11.0
15060,2,5,99,5,1,50.0,0,N,LARGE_PROVINCIAL_CITIES,STREET,2,13.0
15061,1,5,147,5,1,50.0,0,N,MELB_URBAN,ROAD,2,16.0
15062,4,5,171,5,1,60.0,0,N,MELB_URBAN,ROAD,2,15.0
15063,5,1,99,5,1,60.0,0,N,RURAL_VICTORIA,OTHER,2,14.0
15064,4,1,173,5,1,60.0,0,N,MELB_URBAN,ROAD,2,11.0
15065,4,5,181,5,1,100.0,1,N,RURAL_VICTORIA,ROAD,2,13.0
15066,1,5,130,2,1,60.0,0,I,SMALL_CITIES,ROAD,1,14.0
15067,1,5,130,2,3,70.0,0,I,MELB_URBAN,ROAD,2,21.0
15068,1,5,121,1,1,40.0,0,I,MELBOURNE_CBD,STREET,2,16.0
15069,1,5,99,2,1,50.0,0,I,SMALL_CITIES,OTHER,2,15.0
15070,1,5,99,2,1,60.0,0,I,MELB_URBAN,PARADE,2,15.0
15071,1,5,110,1,1,100.0,0,I,RURAL_VICTORIA,AVENUE,2,17.0
15072,1,4,99,5,1,60.0,0,N,RURAL_VICTORIA,FREEWAY,1,19.0
15073,1,5,121,1,3,50.0,0,I,MELB_URBAN,ROAD,2,20.0
15074,8,3,184,5,1,100.0,0,N,RURAL_VICTORIA,ROAD,1,11.0
15075,6,5,170,5,5,60.0,0,N,RURAL_VICTORIA,ROAD,2,5.0
15076,2,5,100,5,3,60.0,1,N,MELB_URBAN,ROAD,2,20.0
15077,8,6,174,5,2,60.0,0,N,MELB_URBAN,ROAD,2,5.0
15078,1,6,130,5,2,100.0,0,N,MELB_URBAN,FREEWAY,2,6.0
15079,8,2,174,2,1,60.0,0,I,LARGE_PROVINCIAL_CITIES,STREET,2,17.0
15080,1,6,113,2,1,50.0,0,I,MELB_URBAN,ROAD,2,8.0
15081,1,6,110,1,1,40.0,0,I,MELB_URBAN,ROAD,2,7.0
15082,1,5,111,1,1,50.0,0,I,MELB_URBAN,STREET,2,8.0
15083,1,6,160,5,1,50.0,0,N,SMALL_CITIES,DRIVE,2,8.0
15084,1,6,110,1,1,50.0,0,I,MELB_URBAN,STREET,2,6.0
15085,1,6,160,2,1,60.0,0,I,TOWNS,AVENUE,2,11.0
15086,1,6,99,5,1,50.0,0,N,SMALL_CITIES,STREET,2,10.0
15087,6,6,170,2,2,100.0,0,I,RURAL_VICTORIA,ROAD,2,7.0
15088,1,5,120,5,2,100.0,0,N,RURAL_VICTORIA,HIGHWAY,2,19.0
15089,1,6,111,2,1,60.0,0,I,MELB_URBAN,ROAD,2,10.0
15090,1,6,160,5,1,50.0,0,N,MELB_URBAN,DRIVE,2,12.0
15091,1,6,99,5,1,60.0,0,N,MELB_URBAN,ROAD,2,12.0
15092,1,6,110,1,1,60.0,0,I,SMALL_CITIES,ROAD,2,11.0
15093,7,7,174,5,1,60.0,0,N,RURAL_VICTORIA,ROAD,2,13.0
15094,1,4,133,5,1,60.0,0,N,MELB_URBAN,STREET,2,9.0
15095,4,5,171,5,1,100.0,0,N,RURAL_VICTORIA,ROAD,2,19.0
15096,1,6,132,5,1,60.0,0,N,SMALL_CITIES,ROAD,2,13.0
15097,4,5,171,5,5,60.0,0,N,MELB_URBAN,ROAD,2,22.0
15098,7,0,99,5,1,60.0,0,N,MELB_URBAN,OTHER,12,12.0
15099,1,4,160,2,1,50.0,0,I,MELB_URBAN,STREET,2,12.0
15100,1,5,113,2,1,70.0,0,I,MELB_URBAN,ROAD,7,16.0
15101,1,6,113,2,1,50.0,0,N,MELB_URBAN,HIGHWAY,2,15.0
15102,4,2,171,2,5,60.0,0,I,RURAL_VICTORIA,ROAD,2,21.0
15103,5,7,99,5,1,100.0,0,N,RURAL_VICTORIA,ROAD,1,13.0
15104,1,5,130,1,1,60.0,0,I,LARGE_PROVINCIAL_CITIES,STREET,2,17.0
15105,1,3,147,5,1,60.0,0,N,MELB_URBAN,ROAD,2,15.0
15106,1,6,130,5,1,60.0,0,N,LARGE_PROVINCIAL_CITIES,AVENUE,2,17.0
15107,1,6,120,5,1,50.0,0,N,TOWNS,STREET,2,17.0
15108,1,6,130,1,1,60.0,0,I,MELB_URBAN,DRIVE,2,18.0
15109,1,6,121,1,1,60.0,0,I,MELB_URBAN,STREET,2,17.0
15110,1,6,113,2,1,60.0,0,I,LARGE_PROVINCIAL_CITIES,STREET,2,18.0
15111,1,3,132,2,1,50.0,0,I,MELB_URBAN,ROAD,1,17.0
15112,2,6,100,2,1,60.0,0,N,MELB_URBAN,ROAD,2,20.0
15113,1,6,121,1,1,70.0,0,I,MELB_URBAN,ROAD,2,16.0
15114,1,6,140,5,2,60.0,0,N,MELB_URBAN,ROAD,10,7.0
15115,1,6,110,1,3,60.0,0,I,MELB_URBAN,ROAD,2,22.0
15116,5,7,99,5,5,100.0,0,N,RURAL_VICTORIA,ROAD,2,1.0
15117,1,6,99,5,3,50.0,0,N,MELB_URBAN,STREET,2,0.0
15118,8,7,174,2,3,40.0,0,I,MELB_URBAN,STREET,2,1.0
15119,2,7,99,1,3,40.0,0,I,MELBOURNE_CBD,STREET,2,3.0
15120,2,7,102,2,1,60.0,0,I,MELB_URBAN,ROAD,2,7.0
15121,8,1,184,5,1,60.0,0,N,TOWNS,ROAD,1,12.0
15122,1,6,99,1,3,80.0,0,I,MELB_URBAN,HIGHWAY,2,21.0
15123,4,7,173,2,3,60.0,1,I,MELB_URBAN,ROAD,2,4.0
15124,1,7,99,2,1,40.0,0,I,MELB_URBAN,STREET,2,10.0
15125,1,7,110,1,1,60.0,0,I,TOWNS,STREET,2,10.0
15126,1,7,130,2,1,60.0,0,I,MELB_URBAN,ROAD,2,10.0
15127,1,7,130,1,1,60.0,0,I,TOWNS,STREET,2,9.0
15128,8,7,99,5,1,100.0,0,N,RURAL_VICTORIA,ROAD,2,11.0
15129,3,7,167,5,2,100.0,0,N,RURAL_VICTORIA,HIGHWAY,2,6.0
15130,4,7,173,2,1,100.0,0,I,RURAL_VICTORIA,ROAD,2,8.0
15131,1,7,121,2,1,80.0,0,N,SMALL_TOWNS,ROAD,2,11.0
15132,1,7,121,1,1,80.0,0,I,MELB_URBAN,HIGHWAY,2,12.0
15133,4,3,99,9,5,60.0,0,N,RURAL_VICTORIA,ROAD,2,20.0
15134,1,5,163,5,2,60.0,0,N,MELB_URBAN,PARADE,2,18.0
15135,1,7,121,2,1,70.0,0,I,MELB_URBAN,ROAD,2,12.0
15136,1,7,113,2,1,80.0,0,I,SMALL_CITIES,HIGHWAY,2,10.0