,accident_type,day_of_week,dca_code,road_geometry,light_condition,speed_zone,severity,node_type,deg_urban_name,road_type,month,hour
15137,2,7,102,5,1,40.0,0,N,MELB_URBAN,STREET,2,12.0
15138,1,7,110,1,1,50.0,0,I,MELB_URBAN,ROAD,2,12.0
15139,2,1,99,1,6,40.0,0,I,MELBOURNE_CBD,STREET,2,2.0
15140,4,7,171,2,1,60.0,0,I,MELB_URBAN,ROAD,2,12.0
15141,2,7,100,1,1,40.0,0,I,MELBOURNE_CBD,STREET,2,12.0
15142,4,7,181,5,1,80.0,0,N,RURAL_VICTORIA,ROAD,2,11.0
15143,6,7,184,5,2,100.0,0,N,RURAL_VICTORIA,ROAD,2,7.0
15144,1,7,140,5,1,50.0,0,N,MELB_URBAN,AVENUE,2,13.0
15145,1,7,120,2,1,60.0,0,I,MELB_URBAN,ROAD,2,14.0
15146,6,7,99,5,1,100.0,0,N,RURAL_VICTORIA,ROAD,2,15.0
15147,1,3,140,1,1,70.0,0,I,MELB_URBAN,ROAD,2,16.0
15148,1,6,116,2,1,60.0,0,I,MELB_URBAN,ROAD,2,8.0
15149,4,7,171,5,5,100.0,0,N,RURAL_VICTORIA,HIGHWAY,2,5.0
15150,1,7,113,4,1,60.0,0,I,LARGE_PROVINCIAL_CITIES,STREET,2,16.0
15151,1,7,113,1,1,60.0,0,N,MELB_URBAN,RAMP,2,18.0
15152,4,6,173,5,1,100.0,0,N,RURAL_VICTORIA,ROAD,2,20.0
15153,4,7,173,5,1,60.0,0,N,MELB_URBAN,DRIVE,2,17.0
15154,1,7,110,1,1,50.0,0,I,SMALL_CITIES,STREET,2,17.0
15155,1,7,99,1,1,60.0,0,I,MELB_URBAN,HIGHWAY,2,14.0
15156,4,1,171,1,3,60.0,0,I,MELB_URBAN,HIGHWAY,2,1.0
15157,2,1,100,1,3,40.0,0,I,MELB_URBAN,STREET,2,1.0
15158,2,1,99,5,3,60.0,0,N,SMALL_CITIES,STREET,2,0.0
15159,6,6,170,5,5,100.0,0,N,LARGE_PROVINCIAL_CITIES,ROAD,2,23.0
15160,1,5,116,2,1,60.0,0,I,MELB_URBAN,ROAD,1,18.0
15161,1,7,99,1,1,60.0,0,I,MELB_URBAN,STREET,2,13.0
15162,1,1,113,2,1,80.0,0,I,MELB_URBAN,ROAD,2,19.0
15163,1,6,111,2,1,50.0,0,I,MELB_URBAN,AVENUE,2,15.0
15164,1,1,130,5,1,50.0,0,N,LARGE_PROVINCIAL_CITIES,STREET,2,10.0
15165,4,1,181,5,1,100.0,0,N,RURAL_VICTORIA,ROAD,2,11.0
15166,1,1,110,1,1,60.0,0,I,SMALL_CITIES,STREET,2,12.0
15167,1,7,99,5,1,40.0,0,N,MELBOURNE_CBD,STREET,2,18.0
15168,1,6,110,1,1,40.0,0,N,MELB_URBAN,ROAD,2,15.0
15169,2,7,102,1,3,60.0,0,I,MELB_URBAN,STREET,2,21.0
15170,4,7,173,5,3,100.0,0,N,MELB_URBAN,UNKNOWN,2,23.0
15171,2,1,102,5,1,60.0,0,N,TOWNS,ROAD,2,14.0
15172,1,1,130,2,1,60.0,0,I,MELB_URBAN,STREET,2,13.0
15173,1,1,99,5,1,60.0,0,N,MELB_URBAN,HIGHWAY,2,11.0
15174,1,0,133,5,1,100.0,0,N,RURAL_VICTORIA,RAMP,2,12.0
15175,1,7,99,2,3,60.0,0,I,MELB_URBAN,STREET,2,21.0
15176,1,1,160,5,1,60.0,0,N,MELB_URBAN,OTHER,2,11.0
15177,2,1,99,1,1,50.0,0,I,MELB_URBAN,ROAD,2,16.0
15178,1,1,113,2,1,80.0,0,I,RURAL_VICTORIA,ROAD,2,15.0
15179,4,1,173,5,1,100.0,0,N,RURAL_VICTORIA,ROAD,2,14.0
15180,8,1,174,2,1,50.0,0,I,MELB_URBAN,OTHER,2,11.0
15181,1,1,133,5,1,100.0,0,N,RURAL_VICTORIA,ROAD,2,15.0
15182,1,1,147,5,1,60.0,0,N,MELB_URBAN,ROAD,2,17.0
15183,4,1,99,5,1,50.0,0,N,SMALL_CITIES,ROAD,2,19.0
15184,1,1,130,5,1,80.0,0,N,MELB_URBAN,ROAD,2,13.0
15185,4,1,181,5,1,50.0,0,N,RURAL_VICTORIA,PARADE,2,18.0
15186,1,1,121,1,1,60.0,0,I,MELB_URBAN,ROAD,2,17.0
15187,1,7,130,1,3,70.0,0,I,MELB_URBAN,ROAD,2,21.0
15188,4,1,173,5,3,80.0,0,N,MELB_URBAN,ROAD,2,22.0
15189,1,2,130,5,6,70.0,0,N,SMALL_CITIES,ROAD,6,17.0
15190,2,6,99,5,3,50.0,0,N,LARGE_PROVINCIAL_CITIES,STREET,2,2.0
15191,4,2,181,5,5,80.0,0,N,RURAL_VICTORIA,ROAD,2,4.0
15192,4,1,183,5,2,80.0,0,N,RURAL_VICTORIA,ROAD,1,7.0
15193,1,2,99,1,1,80.0,0,I,MELB_URBAN,ROAD,2,6.0
15194,2,2,100,5,1,40.0,0,N,MELB_URBAN,ROAD,2,7.0
15195,2,2,99,5,1,70.0,0,N,MELB_URBAN,ROAD,2,8.0
15196,1,2,116,2,1,70.0,0,I,MELB_URBAN,ROAD,2,7.0
15197,1,2,140,2,1,40.0,0,I,MELB_URBAN,STREET,2,9.0
15198,1,2,163,5,1,40.0,0,N,MELB_URBAN,STREET,2,9.0
15199,2,2,100,2,1,50.0,0,I,SMALL_CITIES,ROAD,2,9.0
15200,8,5,174,1,1,80.0,0,I,MELB_URBAN,RAMP,2,7.0
15201,2,6,102,2,1,60.0,0,I,MELB_URBAN,ROAD,2,9.0
15202,4,7,171,5,5,100.0,0,N,RURAL_VICTORIA,ROAD,2,0.0
15203,1,2,130,2,1,70.0,0,I,MELB_URBAN,HIGHWAY,2,10.0
15204,1,2,130,1,1,80.0,0,I,LARGE_PROVINCIAL_CITIES,HIGHWAY,2,11.0
15205,1,4,133,5,9,60.0,0,N,MELBOURNE_CBD,STREET,2,19.0
15206,4,2,173,5,1,70.0,0,N,RURAL_VICTORIA,ROAD,2,7.0
15207,1,2,113,2,1,70.0,0,I,TOWNS,HIGHWAY,2,11.0
15208,2,3,99,2,1,50.0,0,I,MELB_URBAN,DRIVE,12,16.0
15209,1,2,130,5,1,40.0,0,N,MELB_URBAN,STREET,2,13.0
15210,2,2,102,5,1,70.0,0,N,MELB_URBAN,STREET,2,10.0
15211,4,1,171,4,1,70.0,0,N,RURAL_VICTORIA,ROAD,2,10.0
15212,1,4,132,2,1,50.0,0,I,MELB_URBAN,ROAD,10,11.0
15213,1,2,130,5,1,100.0,0,N,MELB_URBAN,UNKNOWN,2,12.0
15214,1,2,130,5,1,80.0,0,N,MELB_URBAN,HIGHWAY,2,8.0
15215,1,4,121,2,1,70.0,0,I,MELB_URBAN,STREET,1,15.0
15216,1,2,113,2,1,60.0,0,I,MELB_URBAN,STREET,2,9.0
15217,1,7,113,2,1,80.0,0,I,SMALL_CITIES,HIGHWAY,2,14.0
15218,4,1,171,5,1,100.0,0,N,RURAL_VICTORIA,ROAD,2,18.0
15219,2,2,99,1,1,60.0,0,I,MELBOURNE_CBD,OTHER,2,12.0
15220,1,2,130,2,1,100.0,0,I,RURAL_VICTORIA,HIGHWAY,2,15.0
15221,4,2,99,2,1,50.0,0,I,MELB_URBAN,AVENUE,2,13.0
15222,4,5,181,1,1,60.0,0,I,RURAL_VICTORIA,ROAD,2,8.0
15223,1,2,116,1,1,60.0,0,I,MELB_URBAN,STREET,2,17.0
15224,1,2,130,5,1,80.0,0,N,MELB_URBAN,ROAD,2,16.0
15225,2,2,102,2,1,60.0,0,I,MELB_URBAN,ROAD,2,16.0
15226,8,7,99,9,9,60.0,0,N,RURAL_VICTORIA,ROAD,4,12.0
15227,8,7,184,5,1,80.0,0,N,RURAL_VICTORIA,OTHER,2,14.0
15228,4,2,171,5,1,100.0,0,N,RURAL_VICTORIA,HIGHWAY,2,17.0
15229,2,2,100,5,1,50.0,0,N,MELB_URBAN,OTHER,2,18.0
15230,2,2,100,2,1,50.0,0,I,LARGE_PROVINCIAL_CITIES,STREET,2,17.0
15231,1,2,113,2,1,60.0,0,I,MELB_URBAN,ROAD,2,19.0
15232,1,2,121,5,3,60.0,0,N,MELB_URBAN,ROAD,2,19.0
15233,1,2,113,1,3,60.0,0,I,MELB_URBAN,STREET,2,20.0
15234,2,2,99,1,1,50.0,0,I,MELB_URBAN,STREET,2,16.0
15235,4,2,173,5,1,70.0,0,N,MELB_URBAN,ROAD,2,16.0
15236,1,1,111,4,3,70.0,0,N,MELB_URBAN,ROAD,2,21.0
15237,1,2,130,5,3,60.0,0,N,MELB_URBAN,ROAD,2,21.0
15238,1,2,120,5,5,80.0,0,N,RURAL_VICTORIA,ROAD,2,23.0
15239,1,3,130,5,1,60.0,0,N,MELB_URBAN,STREET,2,17.0
15240,4,3,173,5,3,70.0,0,N,MELB_URBAN,ROAD,2,0.0
15241,4,3,181,5,3,50.0,0,N,SMALL_CITIES,OTHER,2,5.0
15242,1,2,133,5,1,80.0,0,N,RURAL_VICTORIA,HIGHWAY,2,13.0
15243,1,2,121,1,6,60.0,0,I,LARGE_PROVINCIAL_CITIES,AVENUE,2,1.0
15244,8,3,174,5,1,100.0,0,N,RURAL_VICTORIA,HIGHWAY,1,12.0
15245,1,3,113,1,1,60.0,0,I,MELB_URBAN,ROAD,7,16.0
15246,1,3,120,5,1,50.0,0,N,MELB_URBAN,DRIVE,2,6.0
15247,1,3,113,1,1,60.0,0,I,MELB_URBAN,OTHER,2,7.0
15248,1,3,163,1,1,50.0,0,I,MELB_URBAN,STREET,2,8.0
15249,8,5,174,2,1,70.0,0,I,MELB_URBAN,ROAD,2,19.0
15250,7,3,99,2,1,40.0,0,I,MELB_URBAN,STREET,2,8.0
15251,1,3,110,1,1,110.0,0,I,RURAL_VICTORIA,FREEWAY,2,8.0
15252,1,3,120,5,1,50.0,0,N,TOWNS,STREET,2,8.0
15253,1,6,163,5,1,40.0,0,N,MELB_URBAN,ROAD,2,10.0
15254,1,3,113,1,2,60.0,0,I,MELB_URBAN,STREET,2,8.0
15255,6,2,174,2,1,60.0,0,I,MELB_URBAN,AVENUE,2,9.0
15256,4,3,183,5,1,50.0,0,I,MELB_URBAN,ROAD,2,8.0
15257,8,1,170,5,2,60.0,0,N,MELB_URBAN,STREET,2,19.0
15258,1,3,130,5,2,60.0,0,N,MELB_URBAN,ROAD,2,7.0
15259,1,3,121,2,1,90.0,0,I,RURAL_VICTORIA,HIGHWAY,2,11.0
15260,2,2,99,5,1,40.0,0,N,MELBOURNE_CBD,STREET,2,10.0
15261,1,2,130,2,1,60.0,0,I,MELB_URBAN,ROAD,2,9.0
15262,1,2,130,5,1,100.0,0,N,MELB_URBAN,FREEWAY,2,15.0
15263,1,3,135,5,1,100.0,0,N,MELB_URBAN,UNKNOWN,2,13.0
15264,1,3,99,5,1,100.0,0,N,RURAL_VICTORIA,HIGHWAY,2,14.0
15265,1,3,130,5,1,60.0,0,N,RURAL_VICTORIA,ROAD,2,15.0
15266,4,3,173,5,1,80.0,0,N,TOWNS,ROAD,2,14.0
15267,1,3,99,2,1,50.0,0,I,MELB_URBAN,STREET,2,11.0
15268,8,3,99,4,1,60.0,0,I,MELB_URBAN,STREET,2,17.0
15269,1,3,140,5,1,50.0,0,N,MELB_URBAN,OTHER,2,18.0
15270,1,3,121,1,2,40.0,0,I,MELBOURNE_CBD,STREET,2,18.0
15271,1,3,121,2,1,50.0,0,I,MELB_URBAN,STREET,2,18.0
15272,4,3,183,5,2,50.0,0,N,MELB_URBAN,OTHER,2,20.0
15273,2,3,102,1,3,80.0,0,I,MELB_URBAN,ROAD,2,20.0
15274,1,3,121,2,1,60.0,0,I,MELB_URBAN,HIGHWAY,2,16.0
15275,4,3,173,5,1,60.0,0,N,MELB_URBAN,DRIVE,2,19.0
15276,1,3,113,1,1,100.0,0,I,RURAL_VICTORIA,ROAD,2,15.0
15277,1,3,110,1,2,50.0,0,I,MELB_URBAN,ROAD,2,20.0
15278,2,3,100,5,1,50.0,0,N,MELB_URBAN,DRIVE,2,17.0
15279,4,7,99,2,5,60.0,0,I,RURAL_VICTORIA,ROAD,10,20.0
15280,1,3,113,2,1,80.0,0,N,MELB_URBAN,HIGHWAY,2,18.0
15281,8,6,174,2,1,60.0,0,I,MELB_URBAN,STREET,4,8.0
15282,4,4,173,5,3,60.0,0,N,MELB_URBAN,ROAD,2,2.0
15283,4,4,173,5,5,110.0,0,N,RURAL_VICTORIA,FREEWAY,2,3.0
15284,3,4,167,5,5,80.0,0,N,RURAL_VICTORIA,ROAD,2,4.0
15285,1,2,99,2,1,60.0,0,I,MELB_URBAN,STREET,2,11.0
15286,4,3,173,1,3,60.0,0,I,MELB_URBAN,STREET,2,21.0
15287,1,3,121,1,1,50.0,0,I,MELB_URBAN,STREET,2,16.0
15288,1,4,140,2,2,50.0,0,I,SMALL_CITIES,AVENUE,2,7.0
15289,1,4,132,2,1,60.0,0,I,SMALL_CITIES,STREET,2,8.0
15290,1,4,121,2,1,60.0,0,I,SMALL_CITIES,ROAD,2,9.0
15291,6,6,99,5,5,80.0,0,N,MELB_URBAN,ROAD,1,4.0
15292,2,2,100,4,1,50.0,0,I,MELB_URBAN,ROAD,2,7.0
15293,1,7,130,2,1,100.0,0,I,RURAL_VICTORIA,ROAD,2,11.0
15294,1,3,120,2,1,70.0,0,I,MELB_URBAN,ROAD,2,15.0
15295,1,4,99,1,1,70.0,0,I,MELB_URBAN,ROAD,2,8.0
15296,1,3,99,5,1,60.0,0,N,MELB_URBAN,ROAD,2,15.0
15297,1,4,130,1,1,60.0,0,I,MELB_URBAN,HIGHWAY,10,12.0
15298,1,4,113,1,1,50.0,0,I,MELB_URBAN,STREET,2,14.0
15299,1,3,140,5,1,50.0,0,N,SMALL_CITIES,STREET,2,16.0
15300,2,2,100,4,1,60.0,0,I,MELB_URBAN,ROAD,2,7.0
15301,6,4,174,5,1,50.0,0,N,SMALL_CITIES,STREET,2,10.0
15302,1,3,160,5,1,50.0,0,N,MELB_URBAN,STREET,1,15.0
15303,4,4,171,1,1,100.0,0,I,RURAL_VICTORIA,ROAD,1,7.0
15304,1,3,99,1,1,80.0,0,I,MELB_URBAN,ROAD,2,9.0
15305,1,7,130,5,2,60.0,0,N,MELB_URBAN,STREET,10,17.0
15306,1,4,130,5,1,80.0,0,N,MELB_URBAN,HIGHWAY,2,12.0
15307,1,4,113,2,1,60.0,0,I,MELB_URBAN,ROAD,2,11.0
15308,2,4,99,5,1,50.0,0,N,MELB_URBAN,OTHER,2,12.0
15309,4,4,99,5,5,100.0,0,N,RURAL_VICTORIA,ROAD,11,0.0
15310,2,4,99,1,1,40.0,0,I,MELB_URBAN,STREET,2,9.0
15311,4,4,183,5,1,100.0,0,N,RURAL_VICTORIA,ROAD,2,12.0
15312,1,4,99,2,1,60.0,0,I,LARGE_PROVINCIAL_CITIES,RAMP,2,8.0
15313,2,4,100,5,1,50.0,0,N,MELB_URBAN,OTHER,2,12.0
15314,1,4,130,2,1,60.0,0,I,SMALL_CITIES,STREET,2,10.0
15315,1,4,99,1,1,60.0,0,I,TOWNS,STREET,2,14.0
15316,8,4,99,2,1,60.0,0,I,SMALL_TOWNS,OTHER,12,11.0
15317,1,4,110,1,1,70.0,0,I,MELB_URBAN,ROAD,2,8.0
15318,1,4,99,2,1,100.0,0,I,RURAL_VICTORIA,ROAD,2,13.0
15319,1,4,99,5,1,100.0,0,N,RURAL_VICTORIA,HIGHWAY,2,12.0
15320,8,4,99,5,1,80.0,0,N,RURAL_VICTORIA,ROAD,2,13.0
15321,1,2,130,2,1,60.0,0,I,MELB_URBAN,ROAD,2,18.0
15322,1,4,130,5,1,100.0,0,N,MELB_URBAN,FREEWAY,2,17.0
15323,1,4,132,5,1,60.0,0,N,RURAL_VICTORIA,ROAD,2,16.0
15324,1,4,110,1,1,60.0,0,I,LARGE_PROVINCIAL_CITIES,STREET,2,17.0
15325,1,4,160,5,1,60.0,0,N,LARGE_PROVINCIAL_CITIES,STREET,2,18.0
15326,2,4,102,1,1,60.0,0,I,MELB_URBAN,STREET,2,18.0
15327,1,4,121,1,1,60.0,0,I,MELB_URBAN,ROAD,2,17.0
15328,3,4,167,5,5,100.0,0,N,RURAL_VICTORIA,HIGHWAY,2,20.0
15329,1,4,121,2,3,60.0,0,I,MELB_URBAN,ROAD,2,20.0
15330,1,4,113,2,3,60.0,0,I,MELB_URBAN,AVENUE,2,23.0
15331,2,6,100,5,1,50.0,0,N,TOWNS,STREET,2,11.0
15332,1,5,121,2,3,60.0,0,N,MELB_URBAN,OTHER,2,1.0
15333,4,2,181,5,5,60.0,0,N,RURAL_VICTORIA,ROAD,2,0.0
15334,4,5,181,5,3,50.0,0,N,MELB_URBAN,AVENUE,2,4.0
15335,1,5,121,2,3,60.0,0,I,MELB_URBAN,ROAD,2,3.0
15336,4,4,171,1,1,50.0,0,I,MELB_URBAN,STREET,2,13.0
15337,1,5,130,2,3,60.0,0,I,MELB_URBAN,ROAD,2,5.0
15338,1,2,130,2,1,60.0,0,I,RURAL_VICTORIA,ROAD,2,18.0
15339,1,4,147,5,3,60.0,0,I,MELB_URBAN,ROAD,2,20.0
15340,1,4,130,5,1,100.0,0,N,MELB_URBAN,FREEWAY,2,15.0
15341,1,4,132,2,1,100.0,0,I,RURAL_VICTORIA,HIGHWAY,2,11.0
15342,1,5,99,2,1,60.0,0,I,MELB_URBAN,ROAD,2,7.0
15343,4,3,171,5,1,100.0,0,N,MELB_URBAN,FREEWAY,2,16.0
15344,4,5,173,5,1,50.0,0,N,SMALL_CITIES,AVENUE,2,7.0
15345,1,5,121,2,1,60.0,0,I,MELB_URBAN,ROAD,2,7.0
15346,1,4,130,5,1,80.0,0,N,MELB_URBAN,HIGHWAY,2,16.0
15347,1,2,99,5,1,60.0,0,N,MELB_URBAN,ROAD,2,14.0
15348,1,4,99,2,9,60.0,0,I,MELB_URBAN,ROAD,2,7.0
15349,5,4,181,5,2,100.0,0,N,RURAL_VICTORIA,ROAD,2,20.0
15350,1,5,130,5,1,80.0,0,N,MELB_URBAN,HIGHWAY,2,8.0
15351,1,5,121,2,1,60.0,0,I,MELB_URBAN,ROAD,2,11.0
15352,1,5,130,5,1,60.0,0,N,MELBOURNE_CBD,PARADE,2,10.0
15353,1,5,121,1,1,80.0,0,I,MELB_URBAN,ROAD,2,8.0
15354,1,4,121,2,2,60.0,0,I,MELB_URBAN,ROAD,2,19.0
15355,4,5,171,5,1,100.0,0,N,RURAL_VICTORIA,ROAD,2,10.0
15356,4,5,99,5,1,100.0,0,N,RURAL_VICTORIA,ROAD,2,9.0
15357,1,5,121,5,1,60.0,0,N,MELB_URBAN,STREET,2,7.0
15358,1,6,130,5,1,80.0,0,N,MELB_URBAN,HIGHWAY,2,16.0
15359,1,5,130,5,1,100.0,0,N,MELB_URBAN,FREEWAY,2,7.0
15360,1,6,130,5,1,60.0,0,N,MELB_URBAN,FREEWAY,2,8.0
15361,1,5,160,5,1,50.0,0,N,MELB_URBAN,STREET,2,10.0
15362,1,5,110,1,1,50.0,0,I,MELB_URBAN,ROAD,2,16.0
15363,2,3,99,5,1,50.0,0,N,MELB_URBAN,STREET,2,18.0
15364,1,5,121,1,1,60.0,0,I,MELB_URBAN,STREET,2,16.0
15365,1,3,130,2,1,60.0,0,N,MELB_URBAN,RAMP,2,8.0
15366,1,5,120,5,1,60.0,0,N,MELB_URBAN,ROAD,2,16.0
15367,4,5,171,1,1,60.0,0,I,MELB_URBAN,PARADE,2,15.0
15368,1,1,132,1,1,50.0,0,I,MELB_URBAN,ROAD,2,12.0
15369,4,5,183,5,1,100.0,1,N,RURAL_VICTORIA,HIGHWAY,2,11.0
15370,4,5,181,5,1,60.0,0,N,RURAL_VICTORIA,ROAD,2,17.0
15371,1,5,121,1,1,60.0,0,I,SMALL_CITIES,STREET,2,16.0
15372,1,4,113,2,2,100.0,0,I,RURAL_VICTORIA,HIGHWAY,2,17.0
15373,1,5,110,1,1,60.0,0,I,LARGE_PROVINCIAL_CITIES,STREET,2,18.0
15374,1,5,120,5,1,100.0,1,N,RURAL_VICTORIA,ROAD,2,14.0
15375,1,5,120,5,1,60.0,0,N,LARGE_PROVINCIAL_CITIES,ROAD,2,18.0
15376,6,5,174,2,1,100.0,0,N,RURAL_VICTORIA,HIGHWAY,2,17.0
15377,1,5,121,2,3,50.0,0,I,MELB_URBAN,ROAD,2,21.0
15378,1,5,132,4,1,60.0,0,I,MELB_URBAN,ROAD,2,15.0
15379,2,5,100,5,1,70.0,0,N,SMALL_CITIES,ROAD,2,15.0
15380,1,5,130,2,1,60.0,0,I,MELB_URBAN,STREET,2,18.0
15381,2,5,102,1,2,60.0,0,I,MELB_URBAN,STREET,2,17.0
15382,1,5,130,5,6,100.0,0,N,MELB_URBAN,FREEWAY,2,6.0
15383,1,5,121,2,3,60.0,0,I,MELB_URBAN,ROAD,2,21.0
15384,1,5,99,2,2,60.0,0,I,MELB_URBAN,DRIVE,2,6.0
15385,4,5,181,1,5,100.0,0,I,RURAL_VICTORIA,ROAD,2,23.0
15386,2,6,99,5,3,50.0,0,N,MELB_URBAN,STREET,2,1.0
15387,1,6,120,5,5,60.0,0,N,MELB_URBAN,ROAD,2,2.0
15388,1,6,130,1,3,80.0,0,I,MELB_URBAN,HIGHWAY,2,3.0
15389,1,6,160,5,5,100.0,0,N,MELB_URBAN,FREEWAY,2,0.0
15390,1,4,135,5,9,80.0,0,N,MELB_URBAN,ROAD,2,14.0
15391,1,6,120,5,1,60.0,0,N,SMALL_CITIES,PARADE,2,8.0
15392,1,6,132,5,1,100.0,0,N,RURAL_VICTORIA,HIGHWAY,2,7.0
15393,1,4,130,2,1,70.0,0,I,MELB_URBAN,ROAD,2,14.0
15394,2,6,99,5,1,40.0,0,N,MELB_URBAN,ROAD,2,10.0
15395,1,5,120,5,1,100.0,1,N,RURAL_VICTORIA,HIGHWAY,2,8.0
15396,1,2,130,5,1,60.0,0,N,MELB_URBAN,ROAD,2,7.0
15397,1,6,130,1,1,70.0,0,I,MELB_URBAN,ROAD,2,10.0
15398,1,2,120,5,1,50.0,0,N,MELB_URBAN,ROAD,2,18.0
15399,1,6,135,5,1,80.0,0,N,MELB_URBAN,FREEWAY,2,10.0
15400,1,4,121,4,1,60.0,0,I,MELB_URBAN,ROAD,2,8.0
15401,1,6,99,2,1,60.0,0,I,MELB_URBAN,ROAD,2,11.0
15402,1,2,130,5,2,40.0,0,N,MELB_URBAN,OTHER,2,6.0
15403,1,6,99,2,1,70.0,0,N,MELB_URBAN,ROAD,2,10.0
15404,1,6,99,5,1,60.0,1,N,LARGE_PROVINCIAL_CITIES,ROAD,2,9.0
15405,6,6,99,5,2,100.0,0,N,RURAL_VICTORIA,HIGHWAY,2,6.0
15406,5,6,99,5,1,100.0,0,N,MELB_URBAN,FREEWAY,2,11.0
15407,4,5,181,2,3,60.0,0,I,MELB_URBAN,STREET,2,21.0
15408,1,6,110,1,1,100.0,0,I,RURAL_VICTORIA,ROAD,2,12.0
15409,1,6,140,5,1,70.0,0,N,MELB_URBAN,ROAD,2,10.0
15410,2,6,99,5,1,50.0,0,N,MELB_URBAN,ROAD,2,10.0
15411,1,5,133,2,1,60.0,0,N,MELB_URBAN,ROAD,2,17.0
15412,4,6,171,5,1,60.0,0,N,TOWNS,ROAD,2,12.0
15413,1,6,110,1,1,100.0,1,I,RURAL_VICTORIA,STREET,2,11.0
15414,1,6,113,2,1,80.0,0,I,MELB_URBAN,FREEWAY,2,14.0
15415,2,6,99,2,1,60.0,0,I,SMALL_CITIES,STREET,2,15.0
15416,1,6,121,2,1,80.0,0,I,MELB_URBAN,ROAD,2,14.0
15417,4,6,181,5,1,60.0,0,N,MELB_URBAN,ROAD,2,15.0
15418,1,6,121,2,1,60.0,0,I,MELB_URBAN,ROAD,2,15.0
15419,8,6,174,5,1,60.0,0,N,MELB_URBAN,STREET,2,17.0
15420,1,6,130,5,1,60.0,0,N,MELB_URBAN,ROAD,2,16.0
15421,1,6,120,5,1,100.0,0,N,RURAL_VICTORIA,ROAD,2,16.0
15422,1,6,130,5,1,80.0,0,N,MELB_URBAN,HIGHWAY,2,15.0
15423,1,6,121,2,1,60.0,0,I,MELB_URBAN,ROAD,2,18.0
15424,1,6,113,2,1,70.0,0,N,MELB_URBAN,ROAD,2,18.0
15425,1,6,113,2,2,60.0,0,I,RURAL_VICTORIA,ROAD,2,18.0
15426,1,6,133,2,3,80.0,0,N,MELB_URBAN,ROAD,2,21.0
15427,2,6,102,1,1,60.0,0,I,MELB_URBAN,ROAD,2,19.0
15428,1,5,130,1,1,70.0,0,I,MELB_URBAN,ROAD,12,10.0
15429,4,6,171,5,1,100.0,1,N,RURAL_VICTORIA,ROAD,2,19.0
15430,1,7,130,1,3,80.0,0,I,MELB_URBAN,HIGHWAY,2,4.0
15431,1,6,121,2,1,80.0,0,I,MELB_URBAN,STREET,2,17.0
15432,4,3,181,5,1,100.0,0,N,RURAL_VICTORIA,ROAD,2,17.0
15433,1,3,121,1,2,60.0,0,I,SMALL_CITIES,STREET,2,19.0
15434,1,7,120,2,1,50.0,0,I,MELB_URBAN,HIGHWAY,2,7.0
15435,4,7,173,2,1,50.0,0,I,MELB_URBAN,ROAD,2,9.0
15436,1,1,130,2,1,60.0,0,I,MELB_URBAN,ROAD,2,15.0
15437,8,7,174,2,1,60.0,0,I,MELB_URBAN,ROAD,2,10.0
15438,8,1,184,5,9,40.0,0,N,MELB_URBAN,STREET,2,14.0
15439,1,7,99,2,1,60.0,0,I,MELB_URBAN,ROAD,2,10.0
15440,1,6,99,5,1,40.0,0,N,MELB_URBAN,STREET,2,18.0
15441,4,4,173,2,1,100.0,0,I,RURAL_VICTORIA,ROAD,1,17.0
15442,1,7,132,2,1,70.0,0,I,TOWNS,ROAD,2,12.0
15443,4,7,171,5,2,50.0,0,N,MELB_URBAN,OTHER,2,6.0
15444,6,7,174,5,1,40.0,0,N,TOWNS,STREET,2,12.0
15445,1,7,130,5,1,60.0,0,N,LARGE_PROVINCIAL_CITIES,STREET,2,12.0
15446,1,7,130,5,1,80.0,0,N,MELB_URBAN,ROAD,2,11.0
15447,1,7,110,1,1,50.0,0,I,MELB_URBAN,STREET,2,12.0
15448,1,7,130,5,1,100.0,0,N,MELB_URBAN,FREEWAY,2,12.0
15449,1,5,130,4,1,100.0,0,I,MELB_URBAN,RAMP,2,16.0
15450,1,6,163,5,2,40.0,0,N,MELB_URBAN,ROAD,2,19.0
15451,1,7,135,2,1,40.0,0,I,MELB_URBAN,STREET,2,11.0
15452,1,7,130,1,1,60.0,0,I,RURAL_VICTORIA,HIGHWAY,2,12.0
15453,4,7,173,5,1,50.0,0,N,MELB_URBAN,AVENUE,2,18.0
15454,1,7,99,5,1,50.0,0,N,MELB_URBAN,STREET,2,18.0
15455,1,7,121,1,1,60.0,0,I,MELB_URBAN,ROAD,2,17.0
15456,2,7,99,5,2,50.0,0,N,MELB_URBAN,DRIVE,2,20.0
15457,1,7,113,1,1,60.0,0,I,TOWNS,STREET,2,18.0
15458,1,7,99,5,3,40.0,0,N,MELB_URBAN,ROAD,2,21.0
15459,4,7,99,2,3,50.0,0,I,MELB_URBAN,STREET,2,5.0
15460,8,7,184,5,5,50.0,0,N,MELB_URBAN,OTHER,2,23.0
15461,4,7,181,5,5,80.0,0,N,RURAL_VICTORIA,ROAD,2,22.0
15462,2,1,100,5,3,70.0,0,N,MELB_URBAN,ROAD,2,0.0
15463,1,1,160,2,3,60.0,0,I,MELB_URBAN,ROAD,2,4.0
15464,1,1,120,5,3,50.0,0,N,MELB_URBAN,ROAD,2,4.0
15465,4,1,171,1,2,110.0,0,I,RURAL_VICTORIA,FREEWAY,2,5.0
15466,1,5,110,1,1,50.0,0,I,MELB_URBAN,OTHER,2,13.0
15467,4,7,183,2,1,100.0,0,N,RURAL_VICTORIA,ROAD,2,17.0
15468,1,1,134,5,1,70.0,0,N,MELB_URBAN,ROAD,2,8.0
15469,1,1,133,5,1,50.0,0,N,MELB_URBAN,PARADE,2,10.0
15470,1,2,130,5,2,60.0,0,N,MELB_URBAN,ROAD,2,19.0