,accident_type,day_of_week,dca_code,road_geometry,light_condition,speed_zone,severity,node_type,deg_urban_name,road_type,month,hour
15471,2,7,102,5,1,60.0,0,N,MELB_URBAN,ROAD,2,13.0
15472,4,1,181,2,1,50.0,0,I,MELB_URBAN,OTHER,2,12.0
15473,1,1,99,5,1,50.0,0,N,MELB_URBAN,OTHER,2,14.0
15474,1,1,121,1,1,50.0,0,I,MELB_URBAN,STREET,2,14.0
15475,1,1,130,2,1,50.0,0,I,MELB_URBAN,RAMP,2,13.0
15476,6,1,174,5,1,50.0,0,N,MELB_URBAN,OTHER,2,10.0
15477,1,1,130,2,1,50.0,0,I,MELB_URBAN,ROAD,2,13.0
15478,1,7,121,1,2,60.0,0,I,MELB_URBAN,ROAD,2,7.0
15479,1,1,134,1,1,110.0,0,N,RURAL_VICTORIA,FREEWAY,2,16.0
15480,1,1,113,2,1,50.0,0,I,SMALL_CITIES,AVENUE,2,14.0
15481,1,7,130,5,1,100.0,0,N,RURAL_VICTORIA,ROAD,2,18.0
15482,2,1,99,5,1,60.0,0,N,MELB_URBAN,HIGHWAY,2,15.0
15483,1,1,99,2,1,80.0,0,I,TOWNS,ROAD,2,16.0
15484,2,1,99,5,1,40.0,0,N,MELB_URBAN,ROAD,2,17.0
15485,8,6,99,5,5,100.0,0,N,RURAL_VICTORIA,HIGHWAY,2,22.0
15486,1,6,147,5,1,40.0,0,N,MELB_URBAN,ROAD,2,15.0
15487,8,1,170,5,3,50.0,0,N,MELB_URBAN,OTHER,2,20.0
15488,1,1,116,1,1,70.0,0,I,MELB_URBAN,HIGHWAY,2,17.0
15489,2,1,100,5,2,60.0,0,N,SMALL_CITIES,ROAD,2,20.0
15490,1,3,130,1,1,50.0,0,I,MELB_URBAN,ROAD,2,19.0
15491,1,2,113,2,3,60.0,0,I,MELB_URBAN,ROAD,2,6.0
15492,1,2,130,5,1,100.0,0,N,MELB_URBAN,ROAD,2,8.0
15493,1,2,130,5,5,80.0,0,N,RURAL_VICTORIA,DRIVE,2,6.0
15494,2,1,102,1,1,60.0,0,I,LARGE_PROVINCIAL_CITIES,OTHER,2,17.0
15495,1,2,110,1,1,50.0,0,I,MELB_URBAN,STREET,2,8.0
15496,1,2,113,2,1,60.0,0,I,LARGE_PROVINCIAL_CITIES,ROAD,2,9.0
15497,1,2,99,2,1,80.0,0,I,RURAL_VICTORIA,ROAD,2,8.0
15498,8,1,174,2,1,40.0,0,I,MELB_URBAN,STREET,2,16.0
15499,8,2,174,5,1,40.0,0,N,MELB_URBAN,STREET,2,11.0
15500,1,2,133,1,1,60.0,0,I,LARGE_PROVINCIAL_CITIES,OTHER,2,8.0
15501,1,2,121,1,1,60.0,0,I,MELB_URBAN,STREET,2,10.0
15502,1,2,140,5,1,50.0,0,N,TOWNS,STREET,2,14.0
15503,4,2,183,5,1,100.0,0,N,RURAL_VICTORIA,ROAD,2,9.0
15504,6,7,99,5,1,100.0,0,UNKNOWN,UNKNOWN,UNKNOWN,2,13.0
15505,1,2,99,2,1,70.0,0,I,MELB_URBAN,ROAD,2,10.0
15506,1,7,130,2,1,60.0,0,I,MELB_URBAN,STREET,2,14.0
15507,1,2,120,5,1,80.0,0,N,RURAL_VICTORIA,ROAD,2,8.0
15508,2,5,99,1,1,60.0,0,I,MELBOURNE_CBD,STREET,2,17.0
15509,1,2,120,5,1,100.0,0,N,SMALL_TOWNS,ROAD,2,12.0
15510,6,2,99,5,1,80.0,0,N,RURAL_VICTORIA,ROAD,2,9.0
15511,4,2,171,5,1,60.0,0,N,MELB_URBAN,AVENUE,2,10.0
15512,6,2,170,5,1,70.0,0,N,RURAL_VICTORIA,ROAD,2,9.0
15513,1,2,130,5,1,80.0,0,N,MELB_URBAN,ROAD,2,14.0
15514,1,3,130,5,1,100.0,0,N,MELB_URBAN,FREEWAY,8,17.0
15515,1,2,113,2,1,60.0,0,I,MELB_URBAN,ROAD,2,16.0
15516,1,2,113,2,1,60.0,0,I,SMALL_CITIES,OTHER,2,15.0
15517,1,6,121,5,1,50.0,0,N,MELB_URBAN,STREET,2,7.0
15518,2,2,100,2,1,60.0,0,I,MELB_URBAN,ROAD,2,7.0
15519,1,2,120,2,1,40.0,0,I,MELB_URBAN,STREET,2,17.0
15520,8,6,174,1,1,60.0,0,I,MELB_URBAN,ROAD,2,6.0
15521,1,2,130,2,1,50.0,0,I,TOWNS,HIGHWAY,2,18.0
15522,1,2,120,2,1,60.0,0,I,MELB_URBAN,ROAD,2,17.0
15523,1,2,110,1,1,50.0,0,I,LARGE_PROVINCIAL_CITIES,STREET,2,16.0
15524,1,6,134,5,1,70.0,0,N,LARGE_PROVINCIAL_CITIES,HIGHWAY,2,8.0
15525,1,2,120,2,1,100.0,0,N,RURAL_VICTORIA,HIGHWAY,2,17.0
15526,1,1,130,5,5,100.0,0,N,RURAL_VICTORIA,ROAD,2,20.0
15527,1,7,113,1,1,60.0,0,I,TOWNS,STREET,2,15.0
15528,1,2,120,5,1,100.0,1,N,RURAL_VICTORIA,ROAD,2,16.0
15529,1,2,99,5,5,100.0,0,N,MELB_URBAN,RAMP,2,21.0
15530,1,1,130,2,1,60.0,0,I,MELB_URBAN,ROAD,2,11.0
15531,4,3,171,5,5,100.0,0,N,RURAL_VICTORIA,ROAD,2,1.0
15532,8,3,99,5,5,60.0,0,N,RURAL_VICTORIA,ROAD,2,3.0
15533,8,2,184,5,1,100.0,0,N,RURAL_VICTORIA,HIGHWAY,2,13.0
15534,1,2,121,2,1,50.0,0,I,SMALL_CITIES,ROAD,2,16.0
15535,1,3,110,1,5,70.0,0,I,MELB_URBAN,HIGHWAY,2,8.0
15536,3,1,167,5,5,100.0,0,N,RURAL_VICTORIA,ROAD,5,23.0
15537,1,5,130,2,1,60.0,0,I,MELB_URBAN,STREET,2,12.0
15538,1,3,121,2,1,60.0,0,I,MELB_URBAN,ROAD,2,9.0
15539,4,3,171,5,1,50.0,0,N,MELB_URBAN,STREET,2,8.0
15540,1,3,113,2,1,50.0,0,I,MELB_URBAN,STREET,2,9.0
15541,1,3,121,2,1,70.0,0,I,MELB_URBAN,DRIVE,2,9.0
15542,1,2,130,1,1,80.0,0,I,MELB_URBAN,HIGHWAY,2,16.0
15543,4,3,171,5,2,110.0,0,N,RURAL_VICTORIA,FREEWAY,2,7.0
15544,1,2,135,5,1,100.0,0,N,MELB_URBAN,FREEWAY,2,17.0
15545,8,2,174,5,3,80.0,0,N,MELB_URBAN,HIGHWAY,2,20.0
15546,1,3,130,5,1,60.0,0,N,MELB_URBAN,ROAD,2,11.0
15547,6,2,99,5,1,80.0,0,N,RURAL_VICTORIA,RAMP,2,10.0
15548,1,3,121,1,1,60.0,0,I,MELB_URBAN,ROAD,2,10.0
15549,5,7,99,5,1,100.0,0,N,RURAL_VICTORIA,ROAD,11,13.0
15550,1,3,163,5,1,60.0,0,N,MELB_URBAN,ROAD,2,11.0
15551,1,3,113,2,1,60.0,0,I,SMALL_CITIES,STREET,2,11.0
15552,6,3,174,5,1,80.0,0,N,MELB_URBAN,ROAD,2,12.0
15553,1,5,130,4,1,60.0,0,I,MELB_URBAN,ROAD,2,9.0
15554,1,3,121,1,1,100.0,0,I,RURAL_VICTORIA,HIGHWAY,2,13.0
15555,4,3,181,5,1,100.0,0,N,RURAL_VICTORIA,ROAD,2,13.0
15556,1,1,113,2,3,50.0,0,I,TOWNS,AVENUE,1,21.0
15557,1,6,135,5,1,40.0,0,N,MELB_URBAN,ROAD,2,11.0
15558,1,5,130,4,1,60.0,0,I,MELB_URBAN,UNKNOWN,2,17.0
15559,2,3,100,1,1,40.0,0,I,MELBOURNE_CBD,STREET,2,8.0
15560,1,3,130,5,1,80.0,0,N,MELB_URBAN,ROAD,2,12.0
15561,1,3,120,5,1,60.0,0,N,TOWNS,ROAD,2,15.0
15562,4,3,183,5,1,60.0,0,N,RURAL_VICTORIA,HIGHWAY,2,17.0
15563,4,3,173,5,1,80.0,0,N,MELB_URBAN,FREEWAY,2,15.0
15564,1,3,130,5,1,100.0,0,N,MELB_URBAN,ROAD,2,16.0
15565,1,3,130,5,1,80.0,0,N,MELB_URBAN,ROAD,2,17.0
15566,1,3,113,2,1,60.0,0,I,MELB_URBAN,DRIVE,2,18.0
15567,1,5,121,1,1,60.0,0,I,MELB_URBAN,ROAD,1,17.0
15568,1,3,99,5,1,110.0,0,N,RURAL_VICTORIA,FREEWAY,2,15.0
15569,1,6,140,5,1,40.0,0,N,MELBOURNE_CBD,STREET,2,14.0
15570,1,3,110,1,1,100.0,0,I,RURAL_VICTORIA,FREEWAY,2,15.0
15571,1,3,130,1,1,80.0,0,N,MELB_URBAN,ROAD,2,18.0
15572,1,3,130,5,1,60.0,0,N,MELB_URBAN,ROAD,2,17.0
15573,1,3,147,5,3,70.0,0,N,MELB_URBAN,ROAD,2,20.0
15574,1,3,110,1,2,60.0,0,I,LARGE_PROVINCIAL_CITIES,STREET,2,17.0
15575,1,3,121,2,3,60.0,0,I,MELB_URBAN,ROAD,2,20.0
15576,1,3,140,5,2,50.0,0,N,SMALL_CITIES,STREET,2,19.0
15577,9,3,99,5,3,60.0,0,N,MELB_URBAN,UNKNOWN,2,23.0
15578,1,3,121,4,3,60.0,0,I,MELB_URBAN,ROAD,2,1.0
15579,4,4,171,5,5,100.0,0,N,RURAL_VICTORIA,OTHER,2,1.0
15580,1,4,99,2,1,60.0,0,I,MELB_URBAN,PARADE,2,8.0
15581,1,2,130,5,1,80.0,0,N,MELB_URBAN,HIGHWAY,2,8.0
15582,1,4,134,2,1,70.0,0,I,MELB_URBAN,ROAD,2,8.0
15583,1,4,116,1,1,60.0,0,I,MELB_URBAN,ROAD,2,9.0
15584,1,4,113,2,1,60.0,0,I,MELB_URBAN,ROAD,2,8.0
15585,1,4,140,5,1,60.0,0,N,MELB_URBAN,OTHER,2,8.0
15586,1,4,121,1,1,70.0,0,I,MELB_URBAN,ROAD,2,8.0
15587,1,4,130,5,1,40.0,0,N,MELB_URBAN,ROAD,2,7.0
15588,1,3,132,2,1,60.0,0,I,MELB_URBAN,STREET,2,14.0
15589,1,4,130,5,1,100.0,0,N,MELB_URBAN,ROAD,2,7.0
15590,2,1,99,5,3,40.0,0,N,MELBOURNE_CBD,STREET,2,0.0
15591,1,4,120,2,1,60.0,0,I,MELB_URBAN,ROAD,2,12.0
15592,1,4,99,5,1,60.0,0,N,TOWNS,STREET,2,12.0
15593,1,4,140,5,1,60.0,0,N,MELB_URBAN,HIGHWAY,2,11.0
15594,4,4,173,5,1,100.0,0,N,RURAL_VICTORIA,ROAD,2,11.0
15595,2,3,102,1,1,60.0,0,I,MELB_URBAN,ROAD,2,7.0
15596,4,3,173,1,1,70.0,0,I,MELB_URBAN,ROAD,2,14.0
15597,1,4,147,5,1,60.0,0,N,MELB_URBAN,ROAD,2,13.0
15598,2,4,102,1,1,60.0,0,I,MELB_URBAN,STREET,2,13.0
15599,1,4,130,2,1,60.0,0,I,MELB_URBAN,RAMP,2,9.0
15600,1,3,121,2,1,60.0,0,I,MELB_URBAN,STREET,2,18.0
15601,1,3,130,5,5,60.0,0,N,MELB_URBAN,ROAD,2,22.0
15602,6,1,99,5,1,100.0,0,N,RURAL_VICTORIA,ROAD,11,18.0
15603,1,3,121,2,1,60.0,0,I,MELB_URBAN,DRIVE,2,14.0
15604,1,4,110,1,1,50.0,0,I,MELB_URBAN,STREET,2,14.0
15605,1,4,99,5,1,50.0,0,N,MELB_URBAN,STREET,2,15.0
15606,6,4,174,1,1,50.0,0,I,MELB_URBAN,STREET,2,15.0
15607,1,4,121,1,1,70.0,0,I,MELB_URBAN,ROAD,2,16.0
15608,1,4,121,1,1,60.0,0,I,MELB_URBAN,ROAD,2,17.0
15609,3,4,167,5,1,60.0,0,N,RURAL_VICTORIA,ROAD,2,15.0
15610,4,4,171,1,2,60.0,0,I,MELB_URBAN,ROAD,2,19.0
15611,1,4,121,2,1,60.0,0,I,MELB_URBAN,STREET,2,17.0
15612,1,3,132,1,1,60.0,0,I,SMALL_CITIES,STREET,12,10.0
15613,8,4,174,1,2,60.0,0,N,MELB_URBAN,ROAD,2,19.0
15614,4,4,173,5,1,60.0,0,N,LARGE_PROVINCIAL_CITIES,PARADE,2,17.0
15615,2,4,100,2,1,60.0,0,I,SMALL_CITIES,DRIVE,2,16.0
15616,4,4,171,5,1,70.0,0,N,MELB_URBAN,ROAD,2,16.0
15617,6,4,99,5,1,70.0,0,N,MELB_URBAN,ROAD,2,17.0
15618,2,4,99,2,9,50.0,0,I,MELB_URBAN,ROAD,2,22.0
15619,4,4,183,2,3,60.0,0,I,MELB_URBAN,DRIVE,2,20.0
15620,4,4,171,2,3,50.0,0,I,SMALL_CITIES,OTHER,2,22.0
15621,1,4,121,1,3,60.0,0,N,MELB_URBAN,OTHER,2,23.0
15622,5,4,99,5,3,50.0,0,N,MELB_URBAN,STREET,2,22.0
15623,4,5,99,2,3,40.0,0,I,MELB_URBAN,ROAD,2,1.0
15624,4,5,171,5,5,60.0,0,N,RURAL_VICTORIA,ROAD,2,1.0
15625,4,4,173,5,1,80.0,0,N,RURAL_VICTORIA,HIGHWAY,2,11.0
15626,5,3,99,5,1,80.0,0,N,TOWNS,ROAD,2,14.0
15627,4,5,173,5,1,100.0,0,N,RURAL_VICTORIA,OTHER,2,8.0
15628,1,4,113,2,1,70.0,0,I,MELB_URBAN,UNKNOWN,2,13.0
15629,1,4,147,5,1,60.0,0,N,MELB_URBAN,PARADE,5,15.0
15630,1,5,147,5,9,100.0,0,N,RURAL_VICTORIA,ROAD,2,8.0
15631,1,5,113,2,1,60.0,0,I,MELB_URBAN,DRIVE,2,9.0
15632,1,5,130,2,1,60.0,0,I,MELB_URBAN,ROAD,2,9.0
15633,1,5,110,1,1,50.0,0,I,TOWNS,STREET,2,9.0
15634,1,5,163,2,1,60.0,0,I,MELB_URBAN,PARADE,2,12.0
15635,1,5,160,5,1,60.0,0,N,MELB_URBAN,STREET,2,8.0
15636,1,3,110,1,1,60.0,0,I,MELB_URBAN,ROAD,2,17.0
15637,1,5,121,1,1,40.0,0,I,MELB_URBAN,STREET,2,8.0
15638,4,5,171,5,1,100.0,0,N,RURAL_VICTORIA,ROAD,2,9.0
15639,1,5,130,5,1,60.0,0,N,MELB_URBAN,HIGHWAY,2,15.0
15640,8,4,184,2,2,60.0,0,I,SMALL_CITIES,DRIVE,2,7.0
15641,1,1,110,1,1,60.0,0,I,MELB_URBAN,ROAD,2,17.0
15642,2,5,100,1,1,40.0,0,I,MELBOURNE_CBD,STREET,2,12.0
15643,1,5,110,1,1,50.0,0,I,SMALL_CITIES,STREET,2,14.0
15644,1,5,120,2,1,60.0,0,I,SMALL_CITIES,STREET,2,12.0
15645,1,2,130,1,3,60.0,0,I,MELB_URBAN,HIGHWAY,2,22.0
15646,6,5,184,5,1,100.0,0,N,RURAL_VICTORIA,ROAD,2,9.0
15647,1,5,121,2,1,60.0,0,N,MELB_URBAN,ROAD,2,10.0
15648,8,1,174,1,2,60.0,0,I,LARGE_PROVINCIAL_CITIES,STREET,2,6.0
15649,1,3,132,2,1,60.0,0,I,MELB_URBAN,ROAD,1,15.0
15650,1,5,121,2,1,70.0,0,I,MELB_URBAN,ROAD,2,12.0
15651,4,5,173,5,1,100.0,0,N,RURAL_VICTORIA,ROAD,11,16.0
15652,2,5,100,5,1,50.0,0,N,MELB_URBAN,ROAD,2,15.0
15653,2,5,100,5,1,40.0,0,N,MELB_URBAN,STREET,2,9.0
15654,1,4,113,2,1,50.0,0,I,MELB_URBAN,OTHER,2,7.0
15655,1,5,121,1,1,60.0,0,I,MELB_URBAN,AVENUE,2,16.0
15656,1,4,135,2,1,60.0,0,I,LARGE_PROVINCIAL_CITIES,STREET,2,13.0
15657,1,5,110,1,1,60.0,0,I,SMALL_CITIES,STREET,2,18.0
15658,1,5,130,2,1,70.0,0,I,MELB_URBAN,ROAD,2,18.0
15659,1,5,111,1,1,100.0,0,I,RURAL_VICTORIA,ROAD,2,18.0
15660,1,5,132,1,1,60.0,0,I,MELB_URBAN,ROAD,2,16.0
15661,1,5,116,2,2,80.0,0,I,MELB_URBAN,ROAD,2,19.0
15662,1,5,99,2,2,50.0,0,I,TOWNS,STREET,2,17.0
15663,1,5,99,2,1,60.0,0,I,MELB_URBAN,STREET,2,17.0
15664,1,5,99,2,1,60.0,0,I,MELB_URBAN,ROAD,2,18.0
15665,1,5,121,5,1,60.0,0,N,LARGE_PROVINCIAL_CITIES,ROAD,2,17.0
15666,2,5,102,1,1,40.0,0,I,MELB_URBAN,ROAD,2,17.0
15667,4,5,171,4,1,60.0,0,I,MELB_URBAN,ROAD,2,18.0
15668,2,5,102,2,3,50.0,0,I,MELB_URBAN,ROAD,2,20.0
15669,4,6,171,5,3,60.0,0,N,LARGE_PROVINCIAL_CITIES,STREET,3,1.0
15670,1,6,130,2,2,60.0,0,I,MELB_URBAN,ROAD,3,7.0
15671,1,6,130,1,1,70.0,0,I,LARGE_PROVINCIAL_CITIES,HIGHWAY,3,7.0
15672,1,6,147,5,1,50.0,0,N,MELB_URBAN,OTHER,3,7.0
15673,1,6,110,1,1,50.0,0,I,MELB_URBAN,STREET,3,7.0
15674,1,6,132,2,1,60.0,0,I,MELB_URBAN,ROAD,3,9.0
15675,1,6,130,2,2,50.0,0,I,MELB_URBAN,STREET,3,7.0
15676,1,2,140,2,1,50.0,0,I,TOWNS,STREET,2,13.0
15677,4,2,181,2,1,60.0,0,I,LARGE_PROVINCIAL_CITIES,STREET,12,8.0
15678,1,6,134,5,1,70.0,0,N,SMALL_CITIES,STREET,3,8.0
15679,1,6,113,2,1,80.0,0,N,RURAL_VICTORIA,RAMP,3,10.0
15680,1,6,130,1,1,60.0,0,I,MELB_URBAN,STREET,3,6.0
15681,4,6,171,5,1,50.0,0,N,SMALL_CITIES,DRIVE,3,9.0
15682,4,6,171,5,1,100.0,0,N,RURAL_VICTORIA,ROAD,3,10.0
15683,2,6,102,2,1,80.0,0,I,MELB_URBAN,ROAD,3,7.0
15684,4,6,181,5,1,60.0,0,N,MELB_URBAN,OTHER,3,7.0
15685,1,6,99,2,1,60.0,0,I,MELB_URBAN,ROAD,3,7.0
15686,1,6,120,5,1,60.0,0,N,SMALL_CITIES,ROAD,3,11.0
15687,4,6,173,1,1,60.0,0,I,MELB_URBAN,STREET,3,11.0
15688,1,6,121,1,1,60.0,0,I,LARGE_PROVINCIAL_CITIES,STREET,3,12.0
15689,1,6,121,1,1,80.0,0,I,MELB_URBAN,ROAD,3,12.0
15690,4,5,181,5,1,100.0,0,N,RURAL_VICTORIA,ROAD,2,18.0
15691,1,6,130,5,1,60.0,0,N,MELB_URBAN,PARADE,3,7.0
15692,1,2,130,5,1,70.0,0,N,LARGE_PROVINCIAL_CITIES,HIGHWAY,2,17.0
15693,1,4,110,1,1,50.0,0,I,TOWNS,STREET,2,10.0
15694,4,2,99,2,1,60.0,0,N,RURAL_VICTORIA,ROAD,1,15.0
15695,6,6,174,2,1,50.0,0,I,MELB_URBAN,ROAD,3,10.0
15696,6,4,99,5,5,100.0,0,N,RURAL_VICTORIA,ROAD,2,22.0
15697,1,6,163,5,1,40.0,0,N,MELB_URBAN,STREET,3,8.0
15698,1,6,132,5,1,60.0,0,N,MELB_URBAN,ROAD,3,10.0
15699,8,6,99,5,1,100.0,0,N,RURAL_VICTORIA,ROAD,3,13.0
15700,4,6,171,5,1,80.0,0,N,RURAL_VICTORIA,ROAD,3,13.0
15701,1,6,147,5,2,80.0,0,N,MELB_URBAN,ROAD,3,7.0
15702,1,6,130,5,1,100.0,0,N,MELB_URBAN,FREEWAY,3,15.0
15703,1,4,113,2,2,50.0,0,I,MELB_URBAN,BOULEVARD,2,17.0
15704,1,5,140,2,1,60.0,0,I,MELB_URBAN,ROAD,2,14.0
15705,2,6,99,2,1,50.0,0,I,LARGE_PROVINCIAL_CITIES,STREET,3,15.0
15706,1,6,130,2,1,60.0,0,N,MELB_URBAN,ROAD,3,16.0
15707,1,6,113,2,1,80.0,0,I,MELB_URBAN,HIGHWAY,3,17.0
15708,1,6,121,5,1,60.0,0,N,MELB_URBAN,ROAD,3,16.0
15709,1,6,132,1,1,60.0,0,I,SMALL_TOWNS,STREET,3,16.0
15710,8,3,174,5,1,110.0,0,N,RURAL_VICTORIA,FREEWAY,2,18.0
15711,1,6,99,2,1,60.0,0,N,MELB_URBAN,ROAD,3,13.0
15712,1,4,111,2,1,60.0,0,I,MELB_URBAN,HIGHWAY,2,14.0
15713,4,6,183,5,3,60.0,0,N,LARGE_PROVINCIAL_CITIES,ROAD,3,21.0
15714,1,6,110,1,1,50.0,0,I,MELB_URBAN,DRIVE,3,17.0
15715,1,6,140,2,1,50.0,0,I,MELB_URBAN,OTHER,3,17.0
15716,6,5,99,5,5,100.0,0,N,RURAL_VICTORIA,HIGHWAY,2,21.0
15717,8,3,174,5,1,60.0,0,N,MELB_URBAN,ROAD,2,13.0
15718,1,6,121,2,3,60.0,0,I,MELB_URBAN,STREET,3,23.0
15719,2,6,99,5,1,60.0,0,N,LARGE_PROVINCIAL_CITIES,STREET,3,8.0
15720,1,7,140,1,1,70.0,0,N,MELB_URBAN,ROAD,3,8.0
15721,4,7,173,5,2,100.0,0,N,RURAL_VICTORIA,ROAD,3,6.0
15722,2,7,100,1,1,80.0,0,I,MELB_URBAN,HIGHWAY,3,7.0
15723,1,4,160,1,1,50.0,0,I,SMALL_CITIES,STREET,2,16.0
15724,1,7,130,5,1,80.0,0,N,MELB_URBAN,HIGHWAY,3,10.0
15725,1,7,113,2,1,60.0,0,I,MELB_URBAN,AVENUE,3,11.0
15726,8,7,174,5,1,60.0,0,UNKNOWN,UNKNOWN,UNKNOWN,2,10.0
15727,6,7,170,5,5,100.0,0,N,RURAL_VICTORIA,ROAD,3,0.0
15728,1,1,130,2,1,50.0,0,I,MELB_URBAN,ROAD,2,12.0
15729,1,7,110,1,3,60.0,0,I,SMALL_CITIES,STREET,3,6.0
15730,5,6,99,5,1,50.0,0,N,MELB_URBAN,STREET,3,12.0
15731,4,6,173,5,1,100.0,0,N,RURAL_VICTORIA,ROAD,1,17.0
15732,6,7,99,5,1,80.0,0,N,MELB_URBAN,RAMP,3,13.0
15733,1,2,130,2,1,50.0,0,I,LARGE_PROVINCIAL_CITIES,STREET,2,16.0
15734,4,7,99,2,1,50.0,0,I,MELB_URBAN,OTHER,3,14.0
15735,4,7,181,5,1,70.0,0,N,MELB_URBAN,ROAD,3,15.0
15736,7,7,174,2,1,50.0,0,I,SMALL_CITIES,STREET,3,16.0
15737,2,6,99,5,5,80.0,0,N,MELB_URBAN,FREEWAY,3,21.0
15738,1,7,132,2,1,80.0,0,I,RURAL_VICTORIA,STREET,3,15.0
15739,4,6,173,5,5,100.0,0,N,MELB_URBAN,FREEWAY,3,21.0
15740,1,7,110,1,1,80.0,0,I,MELB_URBAN,ROAD,3,16.0
15741,1,6,130,1,1,60.0,0,I,MELB_URBAN,FREEWAY,3,15.0
15742,4,7,181,5,3,100.0,0,N,MELB_URBAN,FREEWAY,8,4.0
15743,1,7,130,2,1,60.0,0,I,MELB_URBAN,ROAD,3,17.0
15744,4,7,183,5,1,100.0,0,N,RURAL_VICTORIA,DRIVE,3,19.0
15745,1,7,113,1,1,50.0,0,I,MELB_URBAN,STREET,3,16.0
15746,1,7,110,1,1,80.0,0,I,MELB_URBAN,OTHER,3,18.0
15747,2,7,100,5,1,50.0,0,N,MELB_URBAN,STREET,3,15.0
15748,1,7,99,2,1,60.0,0,I,MELB_URBAN,STREET,3,18.0
15749,1,7,160,5,1,60.0,0,N,MELB_URBAN,ROAD,3,16.0
15750,1,7,99,5,1,60.0,0,I,LARGE_PROVINCIAL_CITIES,ROAD,3,19.0
15751,1,7,147,5,1,60.0,0,N,MELB_URBAN,DRIVE,3,16.0
15752,2,5,99,2,1,60.0,0,I,MELB_URBAN,STREET,2,13.0
15753,1,7,99,1,2,60.0,0,I,MELB_URBAN,STREET,3,20.0
15754,2,7,100,5,1,80.0,1,N,SMALL_CITIES,DRIVE,3,19.0
15755,1,7,121,2,3,80.0,0,N,MELB_URBAN,ROAD,3,5.0
15756,1,7,113,2,1,40.0,0,I,MELB_URBAN,BOULEVARD,3,16.0
15757,8,1,184,5,3,60.0,0,N,MELB_URBAN,OTHER,3,0.0
15758,1,0,130,5,3,80.0,0,I,MELB_URBAN,HIGHWAY,3,1.0
15759,2,1,102,2,5,60.0,0,I,SMALL_CITIES,ROAD,3,1.0
15760,1,6,116,1,1,50.0,0,I,MELB_URBAN,STREET,3,11.0
15761,1,7,130,2,1,60.0,0,I,MELB_URBAN,ROAD,3,13.0
15762,7,1,99,2,3,50.0,0,I,TOWNS,DRIVE,3,1.0
15763,1,3,130,1,1,70.0,0,I,MELB_URBAN,ROAD,2,14.0
15764,1,1,140,5,1,100.0,0,N,RURAL_VICTORIA,ROAD,3,8.0
15765,1,6,121,1,1,60.0,0,N,LARGE_PROVINCIAL_CITIES,ROAD,3,17.0
15766,3,1,167,5,1,60.0,0,N,RURAL_VICTORIA,ROAD,3,9.0
15767,4,1,171,5,2,100.0,0,N,RURAL_VICTORIA,ROAD,3,6.0
15768,1,1,130,5,1,70.0,0,N,MELB_URBAN,ROAD,3,9.0
15769,8,1,184,1,1,100.0,0,N,RURAL_VICTORIA,RAMP,3,10.0
15770,8,5,174,2,1,60.0,0,I,MELB_URBAN,STREET,2,17.0
15771,1,1,130,5,1,60.0,0,N,LARGE_PROVINCIAL_CITIES,STREET,3,11.0
15772,1,7,130,5,1,80.0,0,N,SMALL_CITIES,ROAD,3,13.0
15773,6,1,174,2,3,60.0,0,I,MELB_URBAN,AVENUE,2,20.0
15774,1,7,130,2,1,80.0,0,N,MELB_URBAN,ROAD,3,11.0
15775,6,1,174,1,1,100.0,0,I,RURAL_VICTORIA,HIGHWAY,3,11.0
15776,6,1,174,6,1,50.0,0,N,MELB_URBAN,OTHER,3,11.0
15777,1,6,163,5,1,40.0,0,N,MELB_URBAN,STREET,3,15.0
15778,1,3,130,1,1,60.0,0,I,MELB_URBAN,STREET,2,15.0
15779,1,7,130,4,3,80.0,0,I,MELB_URBAN,ROAD,3,2.0
15780,1,1,140,1,1,60.0,0,I,MELB_URBAN,ROAD,3,16.0
15781,8,1,170,2,1,100.0,0,I,RURAL_VICTORIA,ROAD,3,16.0
15782,1,7,133,5,5,80.0,0,N,MELB_URBAN,ROAD,3,20.0
15783,8,4,174,5,6,40.0,0,N,MELB_URBAN,STREET,2,22.0
15784,4,1,183,5,1,100.0,0,N,RURAL_VICTORIA,ROAD,3,15.0
15785,1,7,121,1,1,80.0,0,I,SMALL_CITIES,HIGHWAY,3,16.0
15786,4,1,183,3,1,100.0,0,I,RURAL_VICTORIA,ROAD,3,19.0
15787,3,1,167,5,5,100.0,0,N,RURAL_VICTORIA,ROAD,3,20.0
15788,1,1,130,1,3,70.0,0,N,MELB_URBAN,ROAD,3,23.0
15789,6,2,99,5,3,100.0,0,N,MELB_URBAN,RAMP,3,2.0
15790,4,1,171,5,2,100.0,0,N,RURAL_VICTORIA,ROAD,3,18.0
15791,1,2,116,4,3,60.0,0,N,MELB_URBAN,HIGHWAY,3,6.0
15792,1,2,116,2,1,60.0,0,I,LARGE_PROVINCIAL_CITIES,ROAD,3,7.0
15793,4,1,173,5,1,100.0,0,N,RURAL_VICTORIA,ROAD,2,16.0
15794,8,1,174,3,1,60.0,0,I,RURAL_VICTORIA,ROAD,3,13.0
15795,3,2,167,5,5,100.0,0,N,RURAL_VICTORIA,ROAD,2,22.0
15796,1,2,121,4,1,80.0,0,I,MELB_URBAN,HIGHWAY,3,7.0
15797,1,2,132,5,1,60.0,0,N,MELB_URBAN,ROAD,3,9.0
15798,4,3,173,2,3,60.0,0,I,MELB_URBAN,STREET,2,22.0
15799,1,2,110,1,1,50.0,0,I,SMALL_CITIES,STREET,3,8.0
15800,1,2,110,1,1,50.0,0,I,MELB_URBAN,STREET,3,9.0
15801,8,2,174,2,1,50.0,0,I,TOWNS,STREET,3,10.0