,accident_type,day_of_week,dca_code,road_geometry,light_condition,speed_zone,severity,node_type,deg_urban_name,road_type,month,hour
15802,4,1,183,5,1,60.0,0,N,RURAL_VICTORIA,ROAD,3,17.0
15803,2,2,100,1,1,60.0,0,I,MELB_URBAN,ROAD,3,9.0
15804,1,2,121,1,1,50.0,0,I,MELB_URBAN,STREET,3,8.0
15805,1,2,121,1,1,60.0,0,I,MELB_URBAN,STREET,3,9.0
15806,8,4,174,1,1,80.0,0,I,MELB_URBAN,ROAD,2,16.0
15807,1,2,132,2,1,60.0,0,I,MELB_URBAN,ROAD,3,6.0
15808,1,1,147,5,1,60.0,0,N,MELB_URBAN,ROAD,3,14.0
15809,1,2,120,5,1,100.0,0,N,RURAL_VICTORIA,ROAD,3,11.0
15810,4,2,171,5,1,60.0,0,N,TOWNS,STREET,3,12.0
15811,1,2,130,5,1,80.0,0,N,MELB_URBAN,HIGHWAY,3,12.0
15812,2,2,100,1,1,40.0,0,I,MELBOURNE_CBD,STREET,3,7.0
15813,1,5,163,1,1,40.0,0,I,MELBOURNE_CBD,STREET,2,17.0
15814,1,2,113,2,1,80.0,0,I,MELB_URBAN,HIGHWAY,3,13.0
15815,4,4,99,5,1,60.0,0,N,RURAL_VICTORIA,ROAD,2,11.0
15816,1,2,132,5,1,80.0,0,N,MELB_URBAN,ROAD,3,11.0
15817,8,5,174,5,1,40.0,0,N,MELB_URBAN,STREET,2,10.0
15818,4,2,173,5,1,100.0,0,N,MELB_URBAN,UNKNOWN,3,11.0
15819,7,2,99,1,1,60.0,0,I,MELB_URBAN,BOULEVARD,3,16.0
15820,1,2,121,2,1,60.0,0,I,MELB_URBAN,STREET,3,16.0
15821,1,2,121,2,1,60.0,0,I,MELB_URBAN,STREET,3,16.0
15822,1,2,121,5,1,50.0,0,N,MELB_URBAN,STREET,3,18.0
15823,4,2,173,5,1,100.0,0,N,RURAL_VICTORIA,HIGHWAY,3,16.0
15824,1,2,110,1,1,50.0,0,I,MELB_URBAN,PARADE,3,15.0
15825,1,2,130,5,1,60.0,0,N,MELB_URBAN,STREET,3,17.0
15826,4,5,173,1,1,60.0,0,I,MELB_URBAN,ROAD,2,13.0
15827,1,2,147,2,1,60.0,0,I,MELB_URBAN,ROAD,3,16.0
15828,8,2,174,5,1,40.0,0,N,MELB_URBAN,STREET,3,16.0
15829,6,3,184,2,3,50.0,0,I,MELB_URBAN,ROAD,2,4.0
15830,1,2,113,2,2,60.0,0,I,MELB_URBAN,ROAD,3,19.0
15831,1,2,110,1,3,60.0,0,I,MELB_URBAN,ROAD,3,20.0
15832,1,6,111,1,3,80.0,0,I,MELB_URBAN,ROAD,1,23.0
15833,6,2,174,1,1,50.0,0,I,MELB_URBAN,ROAD,3,17.0
15834,1,2,120,5,5,100.0,0,N,RURAL_VICTORIA,ROAD,3,22.0
15835,1,2,113,2,1,60.0,0,I,MELB_URBAN,ROAD,3,16.0
15836,4,2,99,5,1,50.0,0,N,MELB_URBAN,OTHER,3,16.0
15837,1,2,132,2,1,60.0,0,I,MELB_URBAN,PARADE,3,13.0
15838,4,3,99,1,1,60.0,0,I,MELB_URBAN,ROAD,3,7.0
15839,1,6,113,2,3,80.0,0,I,RURAL_VICTORIA,ROAD,3,22.0
15840,4,3,183,5,5,100.0,0,N,RURAL_VICTORIA,ROAD,3,5.0
15841,1,4,130,2,1,60.0,0,I,MELB_URBAN,ROAD,2,14.0
15842,2,3,99,2,1,50.0,0,N,MELB_URBAN,STREET,1,12.0
15843,1,6,121,1,1,60.0,0,I,MELB_URBAN,STREET,1,17.0
15844,1,3,130,1,2,60.0,0,I,TOWNS,STREET,3,7.0
15845,2,3,102,1,1,60.0,0,I,LARGE_PROVINCIAL_CITIES,HIGHWAY,3,8.0
15846,2,3,99,5,1,80.0,0,N,MELB_URBAN,ROAD,3,8.0
15847,1,3,121,5,1,60.0,0,N,MELB_URBAN,ROAD,3,8.0
15848,8,3,99,5,1,50.0,0,N,MELB_URBAN,ROAD,3,10.0
15849,1,7,121,4,1,60.0,0,I,MELB_URBAN,ROAD,3,14.0
15850,1,3,130,5,2,100.0,0,N,MELB_URBAN,FREEWAY,3,7.0
15851,1,3,130,4,1,80.0,0,I,MELB_URBAN,HIGHWAY,3,8.0
15852,8,3,174,1,1,50.0,0,I,MELB_URBAN,STREET,3,11.0
15853,1,1,110,1,1,50.0,0,I,MELB_URBAN,STREET,3,15.0
15854,1,3,133,5,2,50.0,0,N,MELB_URBAN,STREET,3,7.0
15855,1,3,130,5,2,50.0,0,N,MELB_URBAN,ROAD,2,7.0
15856,1,6,130,1,1,50.0,0,I,MELB_URBAN,ROAD,1,8.0
15857,1,3,163,5,1,40.0,0,N,MELB_URBAN,ROAD,3,11.0
15858,1,3,140,5,1,60.0,0,N,MELB_URBAN,STREET,3,11.0
15859,1,3,147,2,1,50.0,0,I,TOWNS,STREET,3,12.0
15860,1,3,110,1,1,50.0,0,I,MELB_URBAN,AVENUE,3,10.0
15861,1,3,99,5,1,60.0,0,N,LARGE_PROVINCIAL_CITIES,STREET,3,12.0
15862,4,5,173,5,1,70.0,0,N,RURAL_VICTORIA,ROAD,11,17.0
15863,1,3,113,2,1,60.0,0,I,MELB_URBAN,STREET,3,8.0
15864,1,3,121,2,1,40.0,0,I,MELB_URBAN,ROAD,3,15.0
15865,8,3,99,1,1,100.0,0,I,RURAL_VICTORIA,ROAD,3,13.0
15866,1,3,113,2,1,70.0,0,I,TOWNS,HIGHWAY,3,15.0
15867,2,3,102,5,1,80.0,0,N,MELB_URBAN,ROAD,3,15.0
15868,1,3,130,1,1,80.0,0,I,MELB_URBAN,ROAD,3,17.0
15869,1,3,160,5,1,60.0,0,N,LARGE_PROVINCIAL_CITIES,ROAD,3,15.0
15870,2,3,99,2,1,70.0,0,N,MELB_URBAN,ROAD,3,18.0
15871,1,3,99,1,1,60.0,0,I,LARGE_PROVINCIAL_CITIES,HIGHWAY,3,18.0
15872,1,2,130,5,1,60.0,0,N,MELB_URBAN,ROAD,3,17.0
15873,2,3,100,1,3,60.0,0,I,MELB_URBAN,ROAD,3,20.0
15874,1,3,99,2,3,60.0,0,I,MELB_URBAN,ROAD,3,20.0
15875,1,3,130,5,3,60.0,0,N,MELB_URBAN,ROAD,3,21.0
15876,3,3,167,5,5,100.0,0,N,RURAL_VICTORIA,OTHER,3,23.0
15877,8,3,174,5,2,60.0,0,N,RURAL_VICTORIA,OTHER,1,18.0
15878,1,4,160,2,2,50.0,0,I,MELB_URBAN,AVENUE,3,6.0
15879,2,4,100,1,2,60.0,0,I,MELB_URBAN,STREET,3,6.0
15880,5,4,99,5,5,90.0,0,N,SMALL_TOWNS,HIGHWAY,3,5.0
15881,1,4,110,1,1,60.0,0,I,LARGE_PROVINCIAL_CITIES,STREET,3,7.0
15882,1,4,133,5,2,100.0,0,N,MELB_URBAN,FREEWAY,2,7.0
15883,1,2,163,5,1,60.0,0,N,MELB_URBAN,PARADE,3,10.0
15884,6,4,174,1,1,60.0,0,I,MELB_URBAN,STREET,3,8.0
15885,1,4,116,2,1,70.0,0,N,MELB_URBAN,ROAD,3,9.0
15886,1,3,110,1,1,50.0,0,I,TOWNS,STREET,3,16.0
15887,1,7,116,2,1,80.0,0,I,MELB_URBAN,ROAD,3,17.0
15888,1,3,120,5,3,50.0,0,N,MELB_URBAN,UNKNOWN,3,20.0
15889,1,3,130,5,1,60.0,0,N,MELB_URBAN,ROAD,3,16.0
15890,5,6,99,5,1,60.0,0,N,RURAL_VICTORIA,ROAD,2,15.0
15891,1,3,130,2,1,80.0,0,N,MELB_URBAN,ROAD,3,14.0
15892,4,3,171,5,1,60.0,0,N,RURAL_VICTORIA,ROAD,2,15.0
15893,1,4,160,5,1,50.0,0,N,MELB_URBAN,STREET,3,9.0
15894,2,4,100,1,1,60.0,0,I,MELB_URBAN,STREET,3,7.0
15895,1,3,99,5,1,60.0,0,N,RURAL_VICTORIA,ROAD,2,11.0
15896,1,4,121,2,1,60.0,0,I,SMALL_CITIES,STREET,3,13.0
15897,4,3,181,5,1,100.0,0,N,RURAL_VICTORIA,HIGHWAY,2,13.0
15898,1,4,111,2,2,80.0,0,I,MELB_URBAN,STREET,3,6.0
15899,1,3,121,2,3,70.0,0,I,MELB_URBAN,ROAD,3,21.0
15900,1,4,130,2,1,50.0,0,I,MELB_URBAN,STREET,3,14.0
15901,8,7,99,5,1,60.0,0,N,RURAL_VICTORIA,ROAD,3,16.0
15902,1,2,99,1,1,60.0,0,I,MELB_URBAN,STREET,2,17.0
15903,4,4,99,2,1,50.0,0,I,MELB_URBAN,OTHER,3,15.0
15904,2,4,100,2,1,80.0,1,I,MELB_URBAN,HIGHWAY,3,15.0
15905,1,4,99,5,1,100.0,0,N,SMALL_TOWNS,FREEWAY,3,16.0
15906,5,4,99,5,1,100.0,0,N,RURAL_VICTORIA,HIGHWAY,3,16.0
15907,4,4,183,5,2,50.0,0,N,TOWNS,OTHER,3,17.0
15908,1,4,111,2,1,80.0,0,I,MELB_URBAN,ROAD,3,18.0
15909,1,4,130,2,1,60.0,0,I,LARGE_PROVINCIAL_CITIES,DRIVE,3,15.0
15910,8,5,174,5,1,60.0,0,N,RURAL_VICTORIA,ROAD,11,17.0
15911,1,4,121,2,1,80.0,0,I,SMALL_CITIES,HIGHWAY,3,17.0
15912,8,4,174,5,1,50.0,0,N,MELB_URBAN,ROAD,3,19.0
15913,1,4,99,2,1,60.0,0,I,MELB_URBAN,ROAD,3,20.0
15914,1,4,130,2,1,80.0,0,I,MELB_URBAN,ROAD,3,18.0
15915,8,1,174,5,1,60.0,0,N,RURAL_VICTORIA,ROAD,3,15.0
15916,1,4,121,2,1,70.0,0,I,MELB_URBAN,OTHER,3,19.0
15917,1,4,173,5,5,50.0,0,N,SMALL_CITIES,OTHER,3,20.0
15918,8,4,174,5,1,100.0,0,N,MELB_URBAN,FREEWAY,3,16.0
15919,1,4,121,2,2,60.0,0,I,MELB_URBAN,ROAD,3,18.0
15920,1,4,160,5,3,50.0,0,N,MELB_URBAN,AVENUE,3,2.0
15921,4,3,173,5,5,100.0,0,N,RURAL_VICTORIA,OTHER,3,5.0
15922,2,4,99,2,1,40.0,0,I,MELB_URBAN,ROAD,3,17.0
15923,4,5,181,5,5,60.0,0,N,RURAL_VICTORIA,ROAD,3,2.0
15924,1,5,99,5,3,100.0,0,N,MELB_URBAN,FREEWAY,3,5.0
15925,1,5,113,2,3,70.0,1,I,MELB_URBAN,ROAD,3,5.0
15926,5,4,171,5,5,60.0,0,N,RURAL_VICTORIA,OTHER,3,21.0
15927,1,5,113,2,1,60.0,0,I,MELB_URBAN,STREET,3,7.0
15928,1,5,113,1,1,50.0,0,I,MELB_URBAN,ROAD,3,8.0
15929,1,4,147,2,2,50.0,0,I,MELB_URBAN,STREET,3,18.0
15930,1,6,121,1,1,60.0,0,I,MELB_URBAN,STREET,2,18.0
15931,1,5,130,5,1,80.0,0,N,MELB_URBAN,ROAD,3,8.0
15932,8,5,174,2,1,50.0,0,I,MELB_URBAN,STREET,3,8.0
15933,1,5,99,1,1,40.0,0,I,MELB_URBAN,STREET,3,8.0
15934,8,5,170,2,9,80.0,0,N,MELB_URBAN,ROAD,2,14.0
15935,2,3,99,1,1,60.0,0,I,LARGE_PROVINCIAL_CITIES,STREET,12,15.0
15936,4,5,173,4,1,80.0,0,I,MELB_URBAN,ROAD,3,9.0
15937,8,2,99,5,1,50.0,0,N,TOWNS,STREET,12,10.0
15938,1,6,121,1,1,60.0,0,I,MELB_URBAN,ROAD,3,15.0
15939,1,5,121,2,1,60.0,0,I,TOWNS,STREET,3,8.0
15940,1,5,121,2,1,60.0,1,I,LARGE_PROVINCIAL_CITIES,ROAD,3,8.0
15941,1,5,130,2,1,60.0,0,I,MELB_URBAN,ROAD,3,8.0
15942,5,5,99,1,1,50.0,0,I,MELB_URBAN,ROAD,3,11.0
15943,1,5,99,1,1,40.0,0,I,MELB_URBAN,STREET,3,8.0
15944,1,4,130,5,2,100.0,0,N,MELB_URBAN,FREEWAY,3,17.0
15945,1,5,99,2,1,50.0,0,I,MELB_URBAN,OTHER,3,8.0
15946,1,6,140,5,1,60.0,0,N,MELB_URBAN,STREET,1,16.0
15947,1,4,116,2,1,60.0,0,N,MELB_URBAN,ROAD,3,18.0
15948,4,4,173,5,1,100.0,0,N,SMALL_TOWNS,FREEWAY,3,16.0
15949,1,4,121,2,1,60.0,0,I,MELB_URBAN,STREET,3,7.0
15950,1,5,130,5,1,100.0,0,N,RURAL_VICTORIA,ROAD,3,7.0
15951,1,3,130,5,1,80.0,0,N,MELB_URBAN,ROAD,3,16.0
15952,2,5,99,6,1,50.0,0,N,MELB_URBAN,STREET,3,8.0
15953,1,2,140,4,1,60.0,0,I,MELB_URBAN,ROAD,8,15.0
15954,1,5,160,5,1,60.0,0,N,LARGE_PROVINCIAL_CITIES,STREET,3,16.0
15955,1,2,140,1,3,50.0,0,I,MELB_URBAN,PARADE,2,22.0
15956,1,5,110,1,1,60.0,0,I,MELB_URBAN,STREET,3,17.0
15957,4,5,99,2,1,50.0,0,I,MELB_URBAN,ROAD,3,14.0
15958,8,5,174,1,1,60.0,0,I,LARGE_PROVINCIAL_CITIES,ROAD,3,19.0
15959,1,2,160,5,1,60.0,0,N,MELB_URBAN,ROAD,3,8.0
15960,1,5,121,1,1,50.0,0,I,MELB_URBAN,STREET,3,19.0
15961,1,3,130,2,3,60.0,0,I,MELB_URBAN,ROAD,3,22.0
15962,1,3,130,2,1,60.0,0,I,MELB_URBAN,ROAD,3,8.0
15963,1,5,110,1,1,40.0,0,I,MELB_URBAN,STREET,3,14.0
15964,1,3,130,1,1,60.0,0,I,MELB_URBAN,ROAD,2,17.0
15965,8,5,174,5,5,100.0,0,N,RURAL_VICTORIA,ROAD,3,22.0
15966,1,4,120,2,3,60.0,0,I,MELB_URBAN,ROAD,3,21.0
15967,1,6,111,1,1,60.0,0,I,MELB_URBAN,ROAD,2,15.0
15968,1,4,99,5,3,50.0,0,N,MELB_URBAN,DRIVE,3,22.0
15969,4,4,171,2,1,100.0,0,I,RURAL_VICTORIA,ROAD,3,14.0
15970,4,5,171,1,1,100.0,0,I,SMALL_TOWNS,FREEWAY,3,16.0
15971,2,5,100,5,1,60.0,0,N,MELB_URBAN,STREET,3,13.0
15972,1,6,130,1,1,60.0,0,I,MELB_URBAN,ROAD,3,8.0
15973,1,6,121,4,1,40.0,0,I,MELB_URBAN,OTHER,3,9.0
15974,1,6,121,1,1,60.0,0,I,MELB_URBAN,ROAD,3,10.0
15975,1,6,163,2,1,40.0,0,I,MELB_URBAN,STREET,3,10.0
15976,2,7,99,2,6,50.0,0,I,LARGE_PROVINCIAL_CITIES,STREET,3,23.0
15977,6,7,174,5,1,50.0,0,N,MELB_URBAN,STREET,3,15.0
15978,4,3,99,5,1,100.0,0,N,RURAL_VICTORIA,ROAD,3,13.0
15979,1,4,130,5,2,100.0,0,N,MELB_URBAN,FREEWAY,3,17.0
15980,2,2,100,5,1,50.0,0,N,MELB_URBAN,STREET,2,17.0
15981,4,6,171,2,1,40.0,0,I,MELB_URBAN,STREET,3,11.0
15982,1,6,120,5,1,80.0,0,N,RURAL_VICTORIA,STREET,3,11.0
15983,1,5,132,2,1,60.0,0,I,MELB_URBAN,ROAD,7,8.0
15984,1,6,99,5,1,100.0,0,N,RURAL_VICTORIA,HIGHWAY,3,14.0
15985,2,5,99,5,6,40.0,0,N,MELB_URBAN,PARADE,3,22.0
15986,6,6,184,5,1,100.0,0,N,RURAL_VICTORIA,ROAD,3,12.0
15987,1,4,99,5,1,60.0,0,N,MELB_URBAN,ROAD,3,11.0
15988,1,5,130,5,3,80.0,0,N,MELB_URBAN,ROAD,3,22.0
15989,1,7,130,1,1,80.0,0,I,MELB_URBAN,ROAD,12,11.0
15990,5,1,99,5,1,100.0,0,N,RURAL_VICTORIA,ROAD,3,12.0
15991,6,6,174,5,2,100.0,0,N,RURAL_VICTORIA,ROAD,3,7.0
15992,1,6,130,2,1,70.0,0,I,MELB_URBAN,ROAD,3,10.0
15993,4,6,181,5,1,60.0,0,N,LARGE_PROVINCIAL_CITIES,ROAD,3,13.0
15994,1,6,121,2,1,60.0,0,I,MELB_URBAN,ROAD,3,16.0
15995,8,6,184,5,1,100.0,0,N,MELB_URBAN,RAMP,3,14.0
15996,1,6,134,1,1,100.0,0,I,RURAL_VICTORIA,FREEWAY,3,14.0
15997,1,3,121,2,3,60.0,0,I,MELB_URBAN,STREET,2,5.0
15998,1,6,130,2,1,60.0,0,I,MELB_URBAN,ROAD,3,14.0
15999,1,6,147,5,1,100.0,0,N,MELB_URBAN,ROAD,3,15.0
16000,1,6,121,5,1,40.0,0,N,MELB_URBAN,STREET,3,9.0
16001,1,6,121,2,1,60.0,0,I,MELB_URBAN,PARADE,3,17.0
16002,1,6,116,1,1,60.0,0,I,MELB_URBAN,ROAD,3,16.0
16003,1,6,121,1,1,60.0,0,I,MELB_URBAN,ROAD,3,17.0
16004,1,6,121,5,1,60.0,0,N,MELB_URBAN,AVENUE,3,16.0
16005,1,5,130,1,1,50.0,0,I,MELB_URBAN,DRIVE,3,9.0
16006,1,6,147,2,1,60.0,0,I,MELB_URBAN,ROAD,3,17.0
16007,1,6,121,2,1,50.0,0,I,MELB_URBAN,ROAD,3,15.0
16008,1,6,140,5,3,60.0,0,N,MELB_URBAN,ROAD,3,20.0
16009,4,6,183,5,1,100.0,0,N,RURAL_VICTORIA,ROAD,3,17.0
16010,4,6,171,5,3,60.0,0,N,MELB_URBAN,STREET,3,19.0
16011,2,4,99,5,6,60.0,0,N,MELB_URBAN,STREET,11,22.0
16012,1,6,120,5,1,60.0,0,N,TOWNS,STREET,3,19.0
16013,1,6,110,1,1,60.0,0,I,TOWNS,STREET,3,19.0
16014,4,6,171,5,5,100.0,0,N,RURAL_VICTORIA,ROAD,3,22.0
16015,8,5,174,5,1,100.0,0,N,MELB_URBAN,UNKNOWN,2,16.0
16016,1,7,113,2,3,70.0,0,I,MELB_URBAN,ROAD,3,4.0
16017,1,6,110,1,9,50.0,0,I,MELB_URBAN,STREET,2,16.0
16018,1,3,130,2,1,60.0,0,I,MELB_URBAN,AVENUE,2,8.0
16019,1,7,113,1,1,80.0,0,N,RURAL_VICTORIA,ROAD,3,8.0
16020,3,1,167,5,5,100.0,0,N,RURAL_VICTORIA,OTHER,3,22.0
16021,6,5,99,5,5,100.0,0,N,RURAL_VICTORIA,ROAD,3,23.0
16022,1,2,134,2,1,60.0,0,I,MELB_URBAN,STREET,8,15.0
16023,1,7,140,5,1,60.0,0,N,MELB_URBAN,HIGHWAY,3,9.0
16024,1,6,116,2,1,60.0,0,I,SMALL_CITIES,STREET,3,16.0
16025,1,7,140,5,1,60.0,0,N,MELB_URBAN,ROAD,3,11.0
16026,1,6,111,2,3,60.0,0,N,MELB_URBAN,ROAD,3,21.0
16027,1,7,120,4,3,50.0,0,I,MELB_URBAN,STREET,3,4.0
16028,4,7,183,5,2,100.0,0,N,RURAL_VICTORIA,HIGHWAY,3,6.0
16029,1,6,147,5,1,60.0,0,N,SMALL_TOWNS,ROAD,3,16.0
16030,1,4,130,1,1,60.0,0,N,MELB_URBAN,ROAD,2,10.0
16031,1,7,121,1,1,60.0,0,I,MELB_URBAN,ROAD,3,19.0
16032,7,6,99,2,2,60.0,0,I,MELB_URBAN,STREET,2,6.0
16033,2,7,99,1,1,60.0,0,I,MELB_URBAN,ROAD,3,15.0
16034,1,7,147,5,1,60.0,0,N,MELB_URBAN,ROAD,3,18.0
16035,6,7,170,5,5,100.0,0,N,RURAL_VICTORIA,ROAD,3,0.0
16036,8,7,99,5,1,80.0,0,N,RURAL_VICTORIA,HIGHWAY,3,14.0
16037,2,7,99,4,1,60.0,0,N,MELB_URBAN,STREET,3,15.0
16038,4,1,183,5,3,60.0,0,N,MELB_URBAN,ROAD,3,0.0
16039,4,1,173,5,5,100.0,0,N,MELB_URBAN,FREEWAY,3,4.0
16040,1,7,121,2,1,60.0,0,I,TOWNS,STREET,3,10.0
16041,1,7,133,5,1,100.0,0,N,MELB_URBAN,FREEWAY,3,12.0
16042,1,7,99,2,1,60.0,0,I,MELB_URBAN,DRIVE,3,12.0
16043,5,6,99,5,1,60.0,1,N,RURAL_VICTORIA,OTHER,3,13.0
16044,6,1,99,5,2,110.0,0,N,RURAL_VICTORIA,FREEWAY,3,7.0
16045,4,7,181,5,1,80.0,0,N,RURAL_VICTORIA,ROAD,3,14.0
16046,4,7,99,6,1,50.0,0,N,MELB_URBAN,STREET,3,13.0
16047,1,1,130,1,1,50.0,0,I,LARGE_PROVINCIAL_CITIES,STREET,3,8.0
16048,2,1,99,2,1,60.0,0,I,MELB_URBAN,ROAD,3,9.0
16049,1,1,121,5,1,50.0,0,N,RURAL_VICTORIA,OTHER,3,9.0
16050,1,1,99,4,1,50.0,0,I,MELB_URBAN,UNKNOWN,3,9.0
16051,1,1,121,2,1,70.0,0,I,MELB_URBAN,STREET,3,11.0
16052,1,7,135,5,1,100.0,0,N,MELB_URBAN,FREEWAY,3,13.0
16053,8,1,184,2,1,60.0,0,I,RURAL_VICTORIA,OTHER,3,12.0
16054,1,5,135,5,2,40.0,0,N,MELB_URBAN,STREET,3,18.0
16055,8,7,99,5,1,100.0,0,N,RURAL_VICTORIA,ROAD,3,14.0
16056,4,1,173,5,1,100.0,0,N,RURAL_VICTORIA,ROAD,3,13.0
16057,4,7,183,5,1,100.0,0,N,MELB_URBAN,RAMP,3,16.0
16058,1,4,99,2,1,60.0,0,I,MELB_URBAN,AVENUE,3,13.0
16059,1,1,116,2,1,50.0,0,I,MELB_URBAN,AVENUE,3,14.0
16060,1,2,113,2,1,60.0,0,I,MELB_URBAN,STREET,8,7.0
16061,2,1,100,5,1,60.0,0,N,LARGE_PROVINCIAL_CITIES,ROAD,3,15.0
16062,6,1,99,5,1,100.0,1,N,RURAL_VICTORIA,ROAD,3,15.0
16063,4,1,171,2,1,100.0,0,I,RURAL_VICTORIA,HIGHWAY,3,18.0
16064,4,1,181,5,2,100.0,0,N,RURAL_VICTORIA,ROAD,3,17.0
16065,1,1,121,2,1,60.0,0,I,MELB_URBAN,ROAD,3,17.0
16066,1,1,130,2,1,50.0,0,I,MELB_URBAN,ROAD,3,18.0
16067,1,1,110,1,2,70.0,0,I,SMALL_TOWNS,HIGHWAY,3,18.0
16068,6,1,174,5,5,100.0,0,N,RURAL_VICTORIA,OTHER,3,20.0
16069,4,1,181,5,3,50.0,0,N,MELB_URBAN,OTHER,3,21.0
16070,7,1,99,5,1,60.0,0,N,RURAL_VICTORIA,STREET,3,19.0
16071,1,1,110,1,1,80.0,0,I,MELB_URBAN,HIGHWAY,3,17.0
16072,1,2,113,4,3,60.0,0,I,MELB_URBAN,ROAD,3,0.0
16073,4,1,171,2,3,70.0,0,I,MELB_URBAN,ROAD,3,21.0
16074,1,2,160,5,3,60.0,0,N,MELB_URBAN,ROAD,3,2.0
16075,1,2,160,2,3,80.0,0,I,MELB_URBAN,HIGHWAY,3,3.0
16076,2,1,99,5,5,80.0,0,N,MELB_URBAN,ROAD,3,23.0
16077,1,2,120,5,3,70.0,0,N,MELB_URBAN,ROAD,3,5.0
16078,1,1,133,5,2,60.0,0,N,MELB_URBAN,ROAD,3,7.0
16079,1,2,116,2,1,60.0,0,I,MELB_URBAN,ROAD,3,8.0
16080,4,1,181,5,5,80.0,0,N,MELB_URBAN,RAMP,3,21.0
16081,1,2,171,1,1,60.0,0,I,SMALL_CITIES,BOULEVARD,3,11.0
16082,2,1,99,5,1,60.0,0,N,MELB_URBAN,ROAD,3,18.0
16083,1,1,99,1,1,40.0,0,I,MELBOURNE_CBD,STREET,3,14.0
16084,5,7,99,5,1,60.0,0,N,RURAL_VICTORIA,ROAD,3,12.0
16085,2,1,99,1,3,60.0,0,I,MELB_URBAN,STREET,3,21.0
16086,4,2,181,5,1,100.0,0,N,RURAL_VICTORIA,ROAD,3,10.0
16087,1,6,163,5,1,60.0,0,N,MELB_URBAN,STREET,3,16.0
16088,1,2,132,1,1,70.0,0,N,SMALL_CITIES,ROAD,3,13.0
16089,4,2,171,5,1,70.0,0,N,MELB_URBAN,ROAD,3,14.0
16090,1,2,120,5,1,100.0,0,N,RURAL_VICTORIA,ROAD,3,14.0
16091,1,1,113,1,1,60.0,0,I,MELB_URBAN,STREET,3,8.0
16092,1,7,160,5,1,60.0,0,N,MELB_URBAN,ROAD,2,13.0
16093,4,2,171,5,1,100.0,0,N,RURAL_VICTORIA,ROAD,3,14.0
16094,1,2,121,2,1,100.0,0,I,RURAL_VICTORIA,STREET,3,16.0
16095,1,2,99,2,2,80.0,0,N,MELB_URBAN,ROAD,3,18.0
16096,1,2,147,2,1,60.0,0,I,MELB_URBAN,STREET,3,16.0
16097,1,2,120,5,3,60.0,0,N,MELB_URBAN,ROAD,3,21.0
16098,4,2,173,5,2,50.0,0,N,MELB_URBAN,OTHER,3,18.0
16099,4,2,183,5,5,100.0,0,N,RURAL_VICTORIA,ROAD,3,22.0
16100,1,3,160,5,6,50.0,0,N,MELB_URBAN,ROAD,3,2.0
16101,1,3,121,2,3,60.0,0,I,MELB_URBAN,AVENUE,3,6.0
16102,3,3,167,5,2,100.0,0,N,RURAL_VICTORIA,ROAD,3,6.0
16103,1,3,120,5,2,100.0,0,N,RURAL_VICTORIA,ROAD,3,7.0
16104,1,3,160,5,1,50.0,0,N,MELB_URBAN,STREET,3,8.0
16105,1,5,130,2,1,50.0,0,N,MELB_URBAN,ROAD,2,16.0
16106,1,2,133,5,1,50.0,0,N,MELB_URBAN,AVENUE,3,8.0
16107,7,1,99,1,1,60.0,0,I,TOWNS,STREET,3,11.0
16108,1,3,99,2,1,110.0,0,I,RURAL_VICTORIA,HIGHWAY,3,9.0
16109,1,7,110,1,1,50.0,0,I,MELB_URBAN,STREET,3,12.0
16110,4,3,171,5,2,100.0,0,N,RURAL_VICTORIA,ROAD,3,6.0
16111,8,7,184,5,3,50.0,0,N,MELB_URBAN,ROAD,3,2.0
16112,1,7,99,1,1,80.0,0,I,MELB_URBAN,ROAD,12,12.0
16113,1,6,130,1,1,70.0,0,I,MELB_URBAN,ROAD,3,14.0
16114,6,3,99,5,2,80.0,0,N,RURAL_VICTORIA,ROAD,3,7.0
16115,1,3,132,5,1,60.0,0,N,TOWNS,STREET,3,13.0
16116,1,3,121,2,1,80.0,0,I,MELB_URBAN,ROAD,3,8.0
16117,5,1,99,2,1,60.0,0,N,RURAL_VICTORIA,ROAD,3,10.0
16118,1,3,121,5,1,50.0,0,N,MELB_URBAN,ROAD,3,16.0
16119,1,2,163,5,1,40.0,0,N,MELB_URBAN,ROAD,3,15.0
16120,1,3,130,1,1,60.0,0,I,LARGE_PROVINCIAL_CITIES,STREET,3,15.0
16121,2,3,99,5,2,50.0,0,N,MELB_URBAN,ROAD,3,7.0
16122,1,3,110,1,1,100.0,0,I,RURAL_VICTORIA,ROAD,3,12.0
16123,1,3,121,1,1,100.0,0,I,RURAL_VICTORIA,HIGHWAY,3,16.0
16124,8,6,174,2,1,40.0,0,I,MELBOURNE_CBD,STREET,2,17.0
16125,8,3,174,5,1,70.0,0,N,MELB_URBAN,ROAD,3,16.0
16126,1,3,99,2,1,80.0,0,I,MELB_URBAN,ROAD,3,16.0
16127,1,3,163,5,2,40.0,0,N,MELB_URBAN,ROAD,3,19.0
16128,1,3,130,2,1,80.0,0,I,RURAL_VICTORIA,ROAD,3,17.0
16129,1,3,121,1,1,50.0,0,I,MELB_URBAN,ROAD,3,17.0
16130,2,3,102,2,2,60.0,0,I,MELB_URBAN,ROAD,3,19.0
16131,1,3,160,2,5,50.0,0,I,LARGE_PROVINCIAL_CITIES,OTHER,3,20.0
16132,1,3,110,1,3,70.0,0,I,MELB_URBAN,ROAD,3,20.0
16133,1,3,130,5,3,100.0,0,N,MELB_URBAN,ROAD,3,22.0
16134,4,4,171,1,3,60.0,0,I,MELB_URBAN,ROAD,3,0.0
16135,1,4,99,2,1,40.0,0,I,MELB_URBAN,ROAD,3,16.0
16136,1,4,116,2,1,60.0,0,I,SMALL_CITIES,AVENUE,3,7.0