,accident_type,day_of_week,dca_code,road_geometry,light_condition,speed_zone,severity,node_type,deg_urban_name,road_type,month,hour
16137,1,4,99,2,1,50.0,0,I,MELB_URBAN,OTHER,3,8.0
16138,1,4,121,2,1,60.0,0,I,MELB_URBAN,ROAD,3,7.0
16139,8,1,174,5,1,80.0,0,N,RURAL_VICTORIA,ROAD,3,16.0
16140,8,7,174,5,1,100.0,0,N,MELB_URBAN,UNKNOWN,3,12.0
16141,1,3,99,1,1,80.0,0,N,RURAL_VICTORIA,ROAD,3,15.0
16142,4,4,171,5,5,50.0,0,N,LARGE_PROVINCIAL_CITIES,ROAD,3,4.0
16143,1,4,99,2,1,80.0,0,I,MELB_URBAN,ROAD,3,8.0
16144,4,4,171,5,1,50.0,0,N,MELB_URBAN,STREET,3,11.0
16145,1,4,130,5,1,60.0,0,N,MELB_URBAN,ROAD,3,12.0
16146,1,3,130,2,1,50.0,0,I,LARGE_PROVINCIAL_CITIES,OTHER,3,15.0
16147,1,4,121,2,1,60.0,0,I,MELB_URBAN,ROAD,3,11.0
16148,1,4,163,2,1,40.0,0,I,MELB_URBAN,STREET,3,9.0
16149,2,4,99,5,1,50.0,0,N,TOWNS,DRIVE,3,11.0
16150,1,3,130,5,3,80.0,0,N,LARGE_PROVINCIAL_CITIES,HIGHWAY,3,22.0
16151,4,4,99,2,1,60.0,0,I,MELB_URBAN,ROAD,3,12.0
16152,1,4,121,2,1,40.0,0,I,MELB_URBAN,STREET,3,14.0
16153,1,3,130,2,1,60.0,0,I,MELB_URBAN,STREET,3,12.0
16154,1,3,130,1,1,80.0,0,N,MELB_URBAN,ROAD,3,8.0
16155,2,4,100,2,1,50.0,0,I,MELB_URBAN,ROAD,3,15.0
16156,4,7,173,5,1,60.0,0,N,RURAL_VICTORIA,ROAD,11,15.0
16157,8,1,99,5,1,60.0,0,N,SMALL_CITIES,PARADE,3,12.0
16158,1,4,110,1,1,60.0,0,I,MELB_URBAN,ROAD,3,15.0
16159,2,4,99,5,2,40.0,0,N,MELBOURNE_CBD,OTHER,3,17.0
16160,4,4,173,5,1,70.0,0,N,MELB_URBAN,ROAD,3,16.0
16161,1,4,113,2,1,60.0,0,I,MELB_URBAN,STREET,3,17.0
16162,4,1,171,5,1,100.0,0,N,RURAL_VICTORIA,ROAD,2,14.0
16163,4,4,181,5,1,100.0,0,N,RURAL_VICTORIA,ROAD,3,16.0
16164,1,4,130,5,1,70.0,0,N,MELB_URBAN,STREET,3,16.0
16165,1,4,147,5,5,60.0,0,N,LARGE_PROVINCIAL_CITIES,ROAD,3,17.0
16166,1,4,130,1,1,60.0,0,I,MELB_URBAN,ROAD,3,16.0
16167,1,3,132,1,2,60.0,0,I,MELB_URBAN,ROAD,3,19.0
16168,4,4,171,5,5,100.0,0,N,RURAL_VICTORIA,ROAD,3,18.0
16169,2,4,102,1,3,50.0,0,I,MELB_URBAN,STREET,3,20.0
16170,4,4,171,5,1,100.0,0,N,SMALL_TOWNS,ROAD,3,16.0
16171,1,4,130,5,1,70.0,0,N,MELB_URBAN,ROAD,3,15.0
16172,1,4,120,5,5,80.0,0,N,MELB_URBAN,HIGHWAY,3,22.0
16173,1,4,160,5,3,50.0,0,N,MELB_URBAN,ROAD,3,23.0
16174,1,5,113,4,3,70.0,0,N,MELB_URBAN,ROAD,3,4.0
16175,8,2,174,5,1,60.0,0,N,MELB_URBAN,STREET,3,17.0
16176,4,3,173,5,3,70.0,1,N,MELB_URBAN,ROAD,3,0.0
16177,1,5,121,2,1,60.0,0,I,MELB_URBAN,STREET,3,7.0
16178,1,5,113,2,1,70.0,0,I,RURAL_VICTORIA,ROAD,3,7.0
16179,6,7,174,5,3,60.0,0,N,MELB_URBAN,UNKNOWN,10,23.0
16180,1,5,163,5,1,40.0,0,N,MELBOURNE_CBD,STREET,3,9.0
16181,1,5,121,1,1,60.0,0,I,MELB_URBAN,STREET,3,9.0
16182,1,3,133,5,2,50.0,0,N,LARGE_PROVINCIAL_CITIES,STREET,3,17.0
16183,1,4,130,5,9,60.0,0,N,MELB_URBAN,ROAD,2,20.0
16184,1,6,99,5,1,60.0,0,N,MELB_URBAN,ROAD,3,7.0
16185,1,4,130,1,2,60.0,0,I,SMALL_CITIES,STREET,1,17.0
16186,2,4,100,1,1,40.0,0,I,MELBOURNE_CBD,STREET,3,14.0
16187,4,4,183,5,5,80.0,1,N,SMALL_CITIES,ROAD,3,22.0
16188,1,5,99,5,1,100.0,0,N,RURAL_VICTORIA,ROAD,3,9.0
16189,8,5,174,2,1,50.0,0,I,MELB_URBAN,STREET,3,13.0
16190,6,5,174,5,1,80.0,0,N,RURAL_VICTORIA,OTHER,3,11.0
16191,8,7,174,5,9,60.0,0,N,RURAL_VICTORIA,ROAD,3,16.0
16192,1,5,132,2,1,60.0,0,I,MELB_URBAN,STREET,3,12.0
16193,1,5,121,2,1,60.0,0,I,MELB_URBAN,ROAD,3,13.0
16194,1,4,121,1,2,60.0,0,I,MELB_URBAN,STREET,3,18.0
16195,1,5,130,5,1,80.0,0,N,MELB_URBAN,HIGHWAY,3,14.0
16196,3,5,167,5,5,60.0,0,N,TOWNS,STREET,3,4.0
16197,1,2,110,1,1,50.0,0,I,TOWNS,STREET,2,13.0
16198,1,4,140,5,1,60.0,0,N,MELB_URBAN,STREET,3,12.0
16199,1,4,110,1,1,50.0,0,I,TOWNS,STREET,3,8.0
16200,1,5,135,2,1,60.0,0,I,MELB_URBAN,ROAD,3,15.0
16201,2,5,99,5,1,50.0,0,N,TOWNS,ROAD,3,16.0
16202,1,5,120,5,1,100.0,0,N,RURAL_VICTORIA,ROAD,3,15.0
16203,1,7,99,2,1,80.0,0,I,MELB_URBAN,ROAD,3,10.0
16204,1,5,121,2,1,70.0,0,I,MELB_URBAN,ROAD,3,15.0
16205,1,5,121,2,1,60.0,0,I,MELB_URBAN,ROAD,3,14.0
16206,1,5,147,5,1,60.0,0,N,MELB_URBAN,ROAD,3,14.0
16207,1,5,130,1,1,80.0,0,I,MELB_URBAN,OTHER,3,18.0
16208,8,5,174,5,3,60.0,0,N,MELB_URBAN,ROAD,3,20.0
16209,1,5,121,2,1,50.0,0,I,MELB_URBAN,ROAD,3,16.0
16210,1,5,120,5,1,100.0,0,N,RURAL_VICTORIA,ROAD,3,16.0
16211,1,5,130,5,1,80.0,0,N,MELB_URBAN,ROAD,3,15.0
16212,1,5,116,2,1,50.0,0,I,MELB_URBAN,PARADE,3,18.0
16213,1,5,120,5,1,70.0,0,N,MELB_URBAN,ROAD,3,17.0
16214,1,5,121,2,1,60.0,0,I,SMALL_CITIES,OTHER,3,15.0
16215,4,6,99,5,5,110.0,0,N,RURAL_VICTORIA,ROAD,3,0.0
16216,4,6,173,5,3,60.0,0,N,MELB_URBAN,ROAD,3,1.0
16217,1,5,130,1,1,80.0,0,I,MELB_URBAN,ROAD,3,18.0
16218,4,6,171,1,3,60.0,0,I,MELB_URBAN,STREET,3,4.0
16219,4,4,181,5,1,80.0,0,N,RURAL_VICTORIA,ROAD,1,15.0
16220,1,5,99,5,1,50.0,0,N,MELB_URBAN,ROAD,3,13.0
16221,1,6,163,5,1,60.0,0,N,MELB_URBAN,ROAD,3,7.0
16222,1,7,120,2,1,70.0,0,I,TOWNS,ROAD,3,12.0
16223,1,6,111,1,1,70.0,0,I,LARGE_PROVINCIAL_CITIES,ROAD,3,7.0
16224,1,6,130,5,9,60.0,0,N,RURAL_VICTORIA,HIGHWAY,12,17.0
16225,2,6,100,1,1,50.0,0,I,MELB_URBAN,ROAD,3,9.0
16226,1,5,130,1,3,50.0,0,I,LARGE_PROVINCIAL_CITIES,UNKNOWN,3,20.0
16227,7,5,99,5,1,40.0,0,N,MELB_URBAN,STREET,2,9.0
16228,1,5,130,5,6,100.0,0,N,MELB_URBAN,FREEWAY,3,6.0
16229,4,7,99,5,1,60.0,0,N,RURAL_VICTORIA,ROAD,3,15.0
16230,1,6,130,2,3,80.0,0,I,MELB_URBAN,HIGHWAY,3,5.0
16231,1,6,160,5,1,50.0,0,N,MELB_URBAN,DRIVE,3,8.0
16232,1,6,113,1,1,50.0,0,I,MELBOURNE_CBD,STREET,3,11.0
16233,2,6,99,4,1,40.0,0,I,MELB_URBAN,STREET,3,10.0
16234,1,6,99,2,1,60.0,0,N,MELB_URBAN,ROAD,3,8.0
16235,4,3,171,5,5,80.0,0,N,RURAL_VICTORIA,ROAD,3,0.0
16236,1,6,120,2,1,60.0,0,I,MELB_URBAN,ROAD,3,8.0
16237,1,6,134,5,1,50.0,0,N,SMALL_CITIES,STREET,3,10.0
16238,1,6,110,1,1,100.0,0,I,RURAL_VICTORIA,ROAD,3,12.0
16239,2,6,100,1,1,60.0,0,I,MELB_URBAN,STREET,3,12.0
16240,1,6,147,5,1,60.0,0,N,MELB_URBAN,ROAD,3,10.0
16241,1,6,120,2,1,60.0,0,I,MELB_URBAN,ROAD,3,11.0
16242,1,5,130,2,1,60.0,0,I,MELB_URBAN,STREET,2,16.0
16243,4,3,99,5,2,100.0,0,N,MELB_URBAN,FREEWAY,2,7.0
16244,1,6,163,5,1,40.0,0,N,MELB_URBAN,ROAD,3,15.0
16245,4,1,181,5,1,100.0,0,N,RURAL_VICTORIA,HIGHWAY,6,12.0
16246,1,6,130,5,1,100.0,0,N,MELB_URBAN,FREEWAY,3,15.0
16247,1,6,133,5,1,70.0,0,N,MELB_URBAN,ROAD,3,15.0
16248,2,6,99,5,1,50.0,0,N,MELB_URBAN,DRIVE,3,14.0
16249,4,1,173,5,2,100.0,0,N,RURAL_VICTORIA,ROAD,3,18.0
16250,1,6,130,1,1,60.0,0,I,MELB_URBAN,STREET,2,15.0
16251,1,6,130,5,1,70.0,0,N,MELB_URBAN,ROAD,3,16.0
16252,4,6,171,5,1,100.0,0,N,RURAL_VICTORIA,ROAD,3,14.0
16253,1,6,121,2,1,60.0,0,I,MELB_URBAN,STREET,3,16.0
16254,2,6,99,5,1,60.0,0,N,MELB_URBAN,ROAD,3,16.0
16255,1,6,140,2,1,60.0,0,I,MELB_URBAN,HIGHWAY,3,15.0
16256,1,6,121,2,2,50.0,0,I,MELB_URBAN,STREET,3,17.0
16257,1,6,121,2,1,50.0,0,I,MELB_URBAN,STREET,3,18.0
16258,1,6,110,1,1,60.0,0,I,SMALL_CITIES,STREET,3,16.0
16259,1,6,121,5,1,70.0,0,N,MELB_URBAN,ROAD,3,16.0
16260,6,6,174,2,1,60.0,0,I,MELB_URBAN,ROAD,3,16.0
16261,1,5,121,1,1,60.0,0,I,MELB_URBAN,STREET,3,16.0
16262,1,3,99,5,1,50.0,0,N,LARGE_PROVINCIAL_CITIES,STREET,3,15.0
16263,8,5,174,5,9,60.0,0,N,RURAL_VICTORIA,UNKNOWN,3,14.0
16264,1,6,113,2,2,60.0,0,I,SMALL_CITIES,ROAD,3,19.0
16265,1,6,160,5,1,50.0,0,N,SMALL_CITIES,OTHER,3,16.0
16266,6,6,174,5,1,100.0,0,N,RURAL_VICTORIA,ROAD,3,18.0
16267,4,6,171,1,5,60.0,0,I,LARGE_PROVINCIAL_CITIES,STREET,3,21.0
16268,1,6,99,2,1,60.0,0,I,MELB_URBAN,ROAD,3,19.0
16269,1,6,99,5,1,50.0,0,N,MELB_URBAN,ROAD,3,15.0
16270,2,6,102,1,3,60.0,0,I,MELB_URBAN,STREET,3,23.0
16271,4,6,183,5,3,40.0,1,N,SMALL_CITIES,AVENUE,3,21.0
16272,4,6,171,5,3,60.0,0,N,MELB_URBAN,ROAD,3,22.0
16273,4,6,99,2,3,50.0,0,I,MELB_URBAN,STREET,3,23.0
16274,1,6,130,2,1,90.0,0,I,RURAL_VICTORIA,ROAD,3,18.0
16275,2,7,102,2,2,50.0,0,I,MELB_URBAN,STREET,3,18.0
16276,1,6,133,1,1,50.0,0,I,MELB_URBAN,ROAD,3,10.0
16277,1,5,160,5,1,60.0,0,N,MELB_URBAN,PARADE,3,14.0
16278,4,7,183,5,5,100.0,1,N,RURAL_VICTORIA,HIGHWAY,3,3.0
16279,1,7,121,1,1,70.0,0,I,MELB_URBAN,STREET,3,8.0
16280,1,7,130,1,2,80.0,0,I,MELB_URBAN,ROAD,3,7.0
16281,4,7,183,5,1,80.0,0,I,RURAL_VICTORIA,ROAD,3,10.0
16282,4,7,173,5,1,110.0,0,N,RURAL_VICTORIA,FREEWAY,3,13.0
16283,1,6,130,5,1,60.0,0,N,MELB_URBAN,ROAD,3,7.0
16284,4,7,171,5,1,60.0,0,N,MELB_URBAN,ROAD,3,12.0
16285,1,7,110,1,1,50.0,0,I,MELB_URBAN,ROAD,3,12.0
16286,7,7,99,5,1,50.0,0,N,MELB_URBAN,ROAD,3,8.0
16287,4,7,171,2,1,100.0,0,I,RURAL_VICTORIA,ROAD,3,11.0
16288,4,7,183,5,1,80.0,0,N,RURAL_VICTORIA,ROAD,3,12.0
16289,1,7,110,1,1,50.0,0,I,LARGE_PROVINCIAL_CITIES,AVENUE,3,11.0
16290,4,7,181,5,1,100.0,0,N,TOWNS,ROAD,3,15.0
16291,1,7,110,1,1,60.0,0,I,MELB_URBAN,STREET,3,15.0
16292,4,7,171,5,1,50.0,0,N,SMALL_TOWNS,ROAD,3,15.0
16293,1,7,110,1,1,70.0,1,I,MELB_URBAN,ROAD,3,14.0
16294,4,7,171,2,1,60.0,0,I,MELB_URBAN,HIGHWAY,3,15.0
16295,8,7,174,5,3,60.0,0,N,MELB_URBAN,ROAD,3,0.0
16296,1,7,99,1,1,50.0,0,I,MELB_URBAN,ROAD,3,17.0
16297,1,7,120,5,1,60.0,0,N,TOWNS,ROAD,3,18.0
16298,8,7,184,5,1,80.0,0,N,RURAL_VICTORIA,ROAD,3,16.0
16299,1,7,99,2,3,70.0,0,I,MELB_URBAN,ROAD,3,18.0
16300,3,7,167,5,2,100.0,0,N,RURAL_VICTORIA,HIGHWAY,3,18.0
16301,1,7,121,1,1,60.0,0,I,MELB_URBAN,ROAD,3,16.0
16302,1,7,110,1,1,60.0,0,I,SMALL_TOWNS,STREET,3,17.0
16303,1,7,121,1,1,70.0,0,I,MELB_URBAN,STREET,3,17.0
16304,1,7,147,2,2,70.0,0,I,MELB_URBAN,PARADE,3,18.0
16305,4,7,171,2,1,60.0,0,N,MELB_URBAN,STREET,3,16.0
16306,4,7,171,5,3,80.0,0,N,MELB_URBAN,RAMP,3,19.0
16307,6,7,99,5,1,100.0,0,N,MELB_URBAN,FREEWAY,3,15.0
16308,1,6,113,2,2,60.0,0,I,MELB_URBAN,ROAD,3,6.0
16309,4,7,183,5,3,50.0,0,N,MELB_URBAN,ROAD,3,21.0
16310,1,7,133,5,1,100.0,0,N,MELB_URBAN,FREEWAY,3,16.0
16311,1,7,130,5,1,60.0,0,N,MELB_URBAN,HIGHWAY,3,17.0
16312,1,7,121,4,2,60.0,0,I,TOWNS,STREET,3,19.0
16313,1,7,110,1,3,60.0,0,I,MELB_URBAN,ROAD,3,21.0
16314,1,7,130,2,1,70.0,0,I,MELB_URBAN,ROAD,3,15.0
16315,1,6,130,5,3,100.0,0,N,MELB_URBAN,FREEWAY,3,5.0
16316,1,7,121,1,3,60.0,0,I,MELB_URBAN,ROAD,3,21.0
16317,4,7,171,5,1,60.0,0,N,MELB_URBAN,ROAD,3,15.0
16318,4,7,173,1,3,80.0,0,I,MELB_URBAN,HIGHWAY,3,19.0
16319,4,7,183,5,3,80.0,0,N,RURAL_VICTORIA,ROAD,3,22.0
16320,4,7,171,5,5,100.0,0,N,RURAL_VICTORIA,ROAD,3,2.0
16321,1,7,113,1,3,60.0,0,I,MELB_URBAN,ROAD,3,22.0
16322,4,1,171,5,3,50.0,0,N,MELB_URBAN,AVENUE,3,4.0
16323,8,1,170,5,4,110.0,0,N,SMALL_CITIES,FREEWAY,3,1.0
16324,2,1,100,5,3,50.0,0,N,SMALL_CITIES,STREET,3,2.0
16325,1,7,120,5,2,60.0,0,N,RURAL_VICTORIA,HIGHWAY,3,7.0
16326,1,7,110,1,1,60.0,0,I,TOWNS,STREET,3,11.0
16327,4,7,183,5,1,100.0,0,N,RURAL_VICTORIA,ROAD,3,9.0
16328,1,7,132,2,3,70.0,0,I,MELB_URBAN,ROAD,3,20.0
16329,1,7,120,1,3,60.0,0,I,MELB_URBAN,ROAD,3,21.0
16330,2,1,99,5,1,50.0,0,N,LARGE_PROVINCIAL_CITIES,AVENUE,3,9.0
16331,1,1,110,1,1,90.0,0,I,MELB_URBAN,ROAD,3,9.0
16332,1,1,110,1,1,60.0,0,I,MELB_URBAN,ROAD,3,11.0
16333,4,1,173,2,1,50.0,0,I,MELB_URBAN,STREET,3,7.0
16334,1,1,130,2,1,70.0,0,I,MELB_URBAN,ROAD,3,11.0
16335,1,1,110,1,1,80.0,0,I,MELB_URBAN,HIGHWAY,3,13.0
16336,1,7,120,5,1,70.0,0,N,RURAL_VICTORIA,ROAD,3,15.0
16337,2,1,100,2,1,50.0,0,I,MELB_URBAN,ROAD,3,16.0
16338,1,1,163,5,9,60.0,0,N,MELB_URBAN,ROAD,3,18.0
16339,1,7,121,2,3,50.0,0,I,MELB_URBAN,ROAD,3,17.0
16340,5,1,171,5,2,80.0,0,N,MELB_URBAN,ROAD,3,17.0
16341,4,1,181,5,1,90.0,0,N,RURAL_VICTORIA,ROAD,3,16.0
16342,2,6,99,5,1,40.0,0,N,MELB_URBAN,STREET,3,10.0
16343,4,1,183,5,2,100.0,0,N,RURAL_VICTORIA,ROAD,3,17.0
16344,1,1,121,2,3,60.0,0,I,MELB_URBAN,PARADE,3,21.0
16345,4,3,171,5,1,70.0,0,I,MELB_URBAN,ROAD,3,12.0
16346,1,1,110,1,3,50.0,0,I,MELB_URBAN,STREET,3,21.0
16347,4,1,173,5,5,100.0,0,N,RURAL_VICTORIA,ROAD,3,19.0
16348,4,2,171,1,3,80.0,0,I,MELB_URBAN,HIGHWAY,3,1.0
16349,2,7,99,2,3,40.0,0,I,MELB_URBAN,STREET,3,23.0
16350,1,2,113,2,3,60.0,0,I,MELB_URBAN,BOULEVARD,3,5.0
16351,4,2,171,2,2,50.0,0,I,MELB_URBAN,ROAD,3,6.0
16352,1,2,111,2,1,60.0,0,I,MELB_URBAN,STREET,3,8.0
16353,1,2,130,1,1,50.0,0,I,MELB_URBAN,STREET,3,8.0
16354,1,5,130,5,1,60.0,0,N,MELB_URBAN,STREET,3,17.0
16355,1,2,130,2,1,60.0,0,I,MELB_URBAN,DRIVE,3,9.0
16356,1,2,120,5,1,100.0,0,N,RURAL_VICTORIA,ROAD,3,10.0
16357,1,2,130,5,1,50.0,0,N,MELB_URBAN,UNKNOWN,3,11.0
16358,1,2,113,2,1,60.0,0,I,LARGE_PROVINCIAL_CITIES,STREET,3,9.0
16359,1,2,99,2,1,40.0,0,I,MELB_URBAN,HIGHWAY,3,8.0
16360,1,2,130,5,1,110.0,0,N,RURAL_VICTORIA,RAMP,3,9.0
16361,1,7,130,5,2,100.0,0,N,RURAL_VICTORIA,ROAD,3,18.0
16362,1,2,120,5,1,60.0,0,N,MELB_URBAN,ROAD,3,10.0
16363,1,3,99,5,1,50.0,0,N,MELB_URBAN,STREET,3,11.0
16364,1,2,160,5,1,60.0,0,N,MELB_URBAN,STREET,3,10.0
16365,1,3,130,1,6,60.0,0,I,MELB_URBAN,ROAD,3,5.0
16366,1,2,113,2,1,60.0,0,I,LARGE_PROVINCIAL_CITIES,STREET,3,8.0
16367,1,2,121,2,1,80.0,0,I,MELB_URBAN,ROAD,3,12.0
16368,2,2,100,2,1,60.0,0,I,MELB_URBAN,DRIVE,3,8.0
16369,1,6,110,1,1,50.0,0,I,SMALL_CITIES,AVENUE,2,18.0
16370,2,2,102,1,1,60.0,0,I,MELB_URBAN,STREET,3,8.0
16371,1,2,99,5,1,50.0,0,N,MELB_URBAN,DRIVE,3,13.0
16372,1,2,147,2,9,50.0,0,I,MELB_URBAN,AVENUE,3,14.0
16373,6,5,174,5,9,60.0,0,N,TOWNS,OTHER,10,17.0
16374,1,5,130,1,1,80.0,0,N,MELB_URBAN,ROAD,12,16.0
16375,2,1,99,1,1,50.0,0,I,MELB_URBAN,STREET,3,10.0
16376,4,2,171,5,1,60.0,0,N,MELB_URBAN,ROAD,3,16.0
16377,1,2,140,5,1,60.0,0,N,MELB_URBAN,STREET,1,10.0
16378,1,2,130,5,1,70.0,0,N,MELB_URBAN,ROAD,3,16.0
16379,7,6,99,5,2,60.0,0,N,RURAL_VICTORIA,ROAD,3,19.0
16380,4,2,171,5,2,80.0,0,N,MELB_URBAN,HIGHWAY,3,17.0
16381,2,2,102,5,1,60.0,0,N,MELB_URBAN,ROAD,3,16.0
16382,1,2,110,1,1,60.0,0,I,MELB_URBAN,STREET,3,17.0
16383,2,2,102,4,1,50.0,0,I,MELB_URBAN,STREET,3,18.0
16384,1,5,99,2,2,60.0,0,I,MELB_URBAN,DRIVE,9,18.0
16385,1,2,99,5,1,60.0,0,N,LARGE_PROVINCIAL_CITIES,STREET,3,18.0
16386,1,2,110,1,1,60.0,0,I,MELB_URBAN,ROAD,3,18.0
16387,1,2,130,1,1,60.0,0,I,LARGE_PROVINCIAL_CITIES,STREET,3,14.0
16388,1,2,110,1,1,50.0,0,I,MELB_URBAN,STREET,3,16.0
16389,2,4,100,5,1,40.0,0,N,MELB_URBAN,ROAD,3,11.0
16390,1,2,120,5,2,60.0,0,N,SMALL_CITIES,ROAD,3,19.0
16391,4,2,171,5,3,60.0,0,N,MELB_URBAN,ROAD,3,6.0
16392,4,2,99,2,5,60.0,0,I,LARGE_PROVINCIAL_CITIES,OTHER,3,22.0
16393,1,1,160,2,3,60.0,0,I,SMALL_CITIES,DRIVE,3,20.0
16394,6,3,174,1,5,100.0,0,I,RURAL_VICTORIA,ROAD,3,4.0
16395,1,7,130,5,3,60.0,0,N,MELB_URBAN,ROAD,3,3.0
16396,4,1,171,5,3,50.0,0,N,MELB_URBAN,ROAD,3,6.0
16397,1,2,130,1,1,70.0,0,I,MELB_URBAN,STREET,3,18.0
16398,1,2,133,5,3,50.0,0,N,LARGE_PROVINCIAL_CITIES,STREET,3,5.0
16399,1,6,140,5,1,60.0,0,N,MELB_URBAN,STREET,11,16.0
16400,1,3,130,2,1,50.0,0,I,MELB_URBAN,ROAD,3,8.0
16401,1,5,111,2,1,60.0,0,I,MELB_URBAN,AVENUE,2,9.0
16402,1,3,99,5,1,60.0,0,N,SMALL_CITIES,STREET,3,11.0
16403,8,2,99,2,1,100.0,0,I,RURAL_VICTORIA,ROAD,3,8.0
16404,1,3,111,1,1,60.0,0,I,RURAL_VICTORIA,HIGHWAY,3,8.0
16405,1,5,147,2,1,60.0,0,I,MELB_URBAN,STREET,3,15.0
16406,1,5,130,1,1,60.0,0,I,MELB_URBAN,ROAD,3,8.0
16407,1,3,160,5,1,50.0,0,N,TOWNS,STREET,3,11.0
16408,1,3,110,1,1,60.0,0,I,MELB_URBAN,STREET,3,10.0
16409,1,3,113,2,1,70.0,0,I,SMALL_CITIES,ROAD,3,10.0
16410,1,3,160,2,1,70.0,0,N,LARGE_PROVINCIAL_CITIES,STREET,3,11.0
16411,5,7,99,2,1,100.0,0,N,RURAL_VICTORIA,OTHER,2,16.0
16412,1,3,99,5,1,50.0,0,N,TOWNS,STREET,3,12.0
16413,1,3,135,2,5,100.0,0,N,RURAL_VICTORIA,HIGHWAY,3,6.0
16414,1,3,99,1,4,50.0,0,I,MELB_URBAN,OTHER,3,5.0
16415,1,7,130,5,1,60.0,0,N,MELB_URBAN,OTHER,9,15.0
16416,1,3,121,2,1,40.0,0,I,MELB_URBAN,OTHER,3,9.0
16417,1,3,130,5,9,70.0,0,N,MELB_URBAN,HIGHWAY,3,2.0
16418,1,3,116,2,1,50.0,0,I,MELB_URBAN,STREET,3,13.0
16419,1,3,121,1,1,50.0,0,I,MELB_URBAN,ROAD,3,13.0
16420,1,3,116,1,1,60.0,0,I,MELB_URBAN,ROAD,3,14.0
16421,1,3,99,5,1,80.0,1,N,SMALL_TOWNS,STREET,3,7.0
16422,1,3,99,1,1,60.0,0,I,MELB_URBAN,STREET,3,10.0
16423,1,3,130,5,1,80.0,0,N,MELB_URBAN,ROAD,3,15.0
16424,4,3,173,5,1,50.0,0,N,SMALL_CITIES,DRIVE,6,17.0
16425,1,6,130,5,1,50.0,0,N,RURAL_VICTORIA,DRIVE,2,16.0
16426,4,3,173,5,2,80.0,0,N,RURAL_VICTORIA,ROAD,3,17.0
16427,1,3,130,5,1,60.0,0,N,MELB_URBAN,ROAD,3,16.0
16428,6,3,99,5,1,100.0,1,N,RURAL_VICTORIA,ROAD,3,15.0
16429,1,3,130,1,1,80.0,0,I,MELB_URBAN,ROAD,3,16.0
16430,1,3,116,2,1,60.0,0,I,LARGE_PROVINCIAL_CITIES,AVENUE,3,18.0
16431,4,3,183,2,1,50.0,0,I,RURAL_VICTORIA,DRIVE,3,16.0
16432,8,3,174,5,1,80.0,0,N,SMALL_TOWNS,ROAD,2,14.0
16433,1,2,163,5,1,60.0,0,N,MELB_URBAN,STREET,3,11.0
16434,1,3,99,2,1,60.0,0,I,MELB_URBAN,STREET,3,16.0
16435,2,3,99,2,5,60.0,0,I,MELB_URBAN,ROAD,3,20.0
16436,1,3,110,1,1,100.0,1,I,RURAL_VICTORIA,ROAD,3,17.0
16437,8,3,174,1,1,50.0,0,I,MELB_URBAN,STREET,3,17.0
16438,3,3,167,5,5,80.0,0,N,RURAL_VICTORIA,ROAD,3,20.0
16439,1,3,130,5,2,80.0,0,N,LARGE_PROVINCIAL_CITIES,ROAD,3,17.0
16440,1,3,130,1,1,70.0,0,I,MELB_URBAN,ROAD,3,10.0
16441,1,3,110,1,3,60.0,0,I,MELB_URBAN,STREET,3,21.0
16442,1,3,99,5,3,60.0,0,N,LARGE_PROVINCIAL_CITIES,ROAD,3,21.0
16443,6,3,99,5,5,80.0,0,N,RURAL_VICTORIA,ROAD,3,23.0
16444,2,1,99,2,5,50.0,0,I,MELB_URBAN,ROAD,3,22.0
16445,1,4,121,2,2,60.0,0,I,MELB_URBAN,ROAD,12,17.0
16446,1,3,116,2,1,50.0,0,I,MELB_URBAN,STREET,3,8.0
16447,1,3,99,1,1,60.0,0,I,MELB_URBAN,FREEWAY,3,15.0
16448,1,3,163,1,2,60.0,0,I,MELB_URBAN,STREET,3,7.0
16449,1,4,99,1,1,60.0,0,I,MELB_URBAN,OTHER,3,7.0
16450,1,4,110,1,1,60.0,0,I,MELB_URBAN,ROAD,3,8.0
16451,8,7,174,5,1,100.0,0,N,RURAL_VICTORIA,OTHER,3,11.0
16452,1,4,130,5,1,70.0,0,N,MELB_URBAN,HIGHWAY,3,8.0
16453,1,2,130,5,3,60.0,0,N,MELB_URBAN,OTHER,3,22.0
16454,1,4,130,5,1,80.0,0,N,MELB_URBAN,HIGHWAY,3,8.0
16455,1,3,132,2,1,60.0,0,I,MELB_URBAN,ROAD,3,14.0
16456,6,2,99,5,1,60.0,0,N,RURAL_VICTORIA,ROAD,1,16.0
16457,3,4,167,5,9,60.0,0,N,RURAL_VICTORIA,AVENUE,3,12.0
16458,1,3,99,1,1,60.0,0,I,MELB_URBAN,ROAD,3,17.0
16459,1,4,134,5,3,100.0,1,N,MELB_URBAN,FREEWAY,3,6.0
16460,4,4,181,5,1,100.0,0,N,RURAL_VICTORIA,ROAD,3,11.0
16461,1,3,135,5,1,40.0,0,N,MELBOURNE_CBD,STREET,3,13.0
16462,1,4,120,5,1,100.0,0,N,RURAL_VICTORIA,ROAD,3,8.0
16463,1,2,130,2,1,80.0,0,I,MELB_URBAN,HIGHWAY,3,16.0
16464,2,4,100,1,1,60.0,0,I,MELB_URBAN,ROAD,3,12.0
16465,1,4,134,2,1,60.0,0,I,LARGE_PROVINCIAL_CITIES,ROAD,3,10.0
16466,1,4,130,1,1,40.0,0,I,MELB_URBAN,STREET,3,13.0
16467,2,4,102,3,1,50.0,0,N,TOWNS,STREET,3,13.0
16468,1,3,134,5,1,80.0,0,N,MELB_URBAN,ROAD,2,17.0
16469,8,7,174,5,1,40.0,0,N,MELB_URBAN,STREET,2,11.0