,accident_type,day_of_week,dca_code,road_geometry,light_condition,speed_zone,severity,node_type,deg_urban_name,road_type,month,hour
16470,1,1,121,1,3,60.0,0,I,MELB_URBAN,OTHER,7,21.0
16471,1,4,134,4,1,70.0,0,I,MELB_URBAN,ROAD,3,16.0
16472,1,4,121,2,1,60.0,0,I,MELB_URBAN,ROAD,3,15.0
16473,1,3,110,1,1,40.0,0,I,MELB_URBAN,ROAD,3,18.0
16474,1,4,121,1,1,60.0,0,I,MELB_URBAN,ROAD,3,17.0
16475,2,4,100,2,1,50.0,0,I,MELB_URBAN,ROAD,3,18.0
16476,4,7,183,1,1,60.0,0,N,MELB_URBAN,ROAD,3,12.0
16477,1,4,99,5,2,60.0,0,N,MELB_URBAN,PARADE,3,17.0
16478,1,4,121,1,1,80.0,0,I,MELB_URBAN,ROAD,3,17.0
16479,1,2,140,5,1,60.0,0,N,MELB_URBAN,ROAD,3,15.0
16480,1,3,134,5,3,50.0,0,N,MELB_URBAN,ROAD,3,22.0
16481,1,4,133,1,1,60.0,0,I,MELB_URBAN,ROAD,3,17.0
16482,1,4,120,5,1,50.0,0,N,MELB_URBAN,DRIVE,3,15.0
16483,1,4,120,5,2,80.0,0,N,LARGE_PROVINCIAL_CITIES,HIGHWAY,3,19.0
16484,1,4,140,5,3,50.0,0,N,MELB_URBAN,STREET,3,20.0
16485,1,4,99,5,5,60.0,0,N,RURAL_VICTORIA,ROAD,3,20.0
16486,1,4,160,5,1,50.0,0,N,MELB_URBAN,ROAD,3,19.0
16487,1,4,147,2,3,70.0,0,I,MELB_URBAN,ROAD,3,20.0
16488,4,4,173,1,3,70.0,0,I,MELB_URBAN,ROAD,3,5.0
16489,1,5,130,5,5,110.0,1,N,RURAL_VICTORIA,FREEWAY,3,1.0
16490,1,5,111,1,3,60.0,0,I,SMALL_CITIES,ROAD,3,1.0
16491,8,3,174,4,1,60.0,0,I,MELB_URBAN,STREET,3,8.0
16492,4,4,171,5,5,100.0,0,N,RURAL_VICTORIA,ROAD,3,23.0
16493,4,2,173,5,1,60.0,0,N,MELB_URBAN,RAMP,2,16.0
16494,2,4,102,1,5,60.0,0,I,MELB_URBAN,ROAD,3,21.0
16495,1,6,121,2,3,60.0,0,I,MELB_URBAN,ROAD,6,18.0
16496,8,5,174,4,1,60.0,0,I,MELB_URBAN,ROAD,3,9.0
16497,1,5,110,1,1,50.0,0,I,TOWNS,STREET,3,8.0
16498,1,6,130,2,9,60.0,0,I,MELB_URBAN,ROAD,3,14.0
16499,1,5,130,5,1,60.0,0,N,MELB_URBAN,ROAD,3,10.0
16500,1,5,113,2,2,70.0,0,I,MELB_URBAN,ROAD,3,7.0
16501,1,3,130,1,1,80.0,0,N,RURAL_VICTORIA,ROAD,3,17.0
16502,7,7,99,5,5,50.0,0,N,TOWNS,ROAD,3,5.0
16503,1,5,130,1,1,80.0,0,I,MELB_URBAN,ROAD,3,7.0
16504,4,7,181,5,2,100.0,0,N,RURAL_VICTORIA,ROAD,3,18.0
16505,4,5,171,5,5,100.0,0,N,RURAL_VICTORIA,HIGHWAY,3,6.0
16506,1,5,110,1,1,50.0,0,I,MELB_URBAN,ROAD,3,11.0
16507,1,5,130,5,1,30.0,0,N,MELB_URBAN,FREEWAY,3,8.0
16508,1,4,121,1,2,40.0,0,I,MELBOURNE_CBD,OTHER,3,19.0
16509,1,5,134,5,1,100.0,0,N,MELB_URBAN,FREEWAY,3,10.0
16510,1,4,130,1,1,60.0,0,I,SMALL_CITIES,STREET,3,8.0
16511,8,6,184,5,1,60.0,0,N,RURAL_VICTORIA,ROAD,3,13.0
16512,1,5,121,2,1,60.0,0,I,MELB_URBAN,ROAD,3,13.0
16513,1,5,130,5,2,100.0,0,N,MELB_URBAN,FREEWAY,3,7.0
16514,1,5,120,5,1,100.0,0,N,LARGE_PROVINCIAL_CITIES,ROAD,3,13.0
16515,1,5,110,1,3,80.0,0,I,MELB_URBAN,ROAD,3,6.0
16516,1,5,147,2,1,50.0,0,I,TOWNS,ROAD,3,13.0
16517,1,5,147,5,1,60.0,0,N,LARGE_PROVINCIAL_CITIES,STREET,3,15.0
16518,4,5,181,5,1,100.0,0,N,RURAL_VICTORIA,ROAD,3,13.0
16519,2,5,100,5,1,50.0,0,N,MELB_URBAN,DRIVE,3,15.0
16520,1,5,120,5,1,100.0,1,N,RURAL_VICTORIA,HIGHWAY,3,14.0
16521,1,5,99,1,1,60.0,0,N,MELB_URBAN,ROAD,3,17.0
16522,1,5,135,5,2,100.0,0,N,MELB_URBAN,UNKNOWN,3,19.0
16523,1,3,99,5,1,50.0,0,I,TOWNS,AVENUE,3,9.0
16524,6,5,99,5,1,100.0,0,N,RURAL_VICTORIA,ROAD,3,16.0
16525,1,4,111,2,1,60.0,0,I,MELB_URBAN,ROAD,3,8.0
16526,1,5,130,5,1,80.0,0,N,MELB_URBAN,FREEWAY,3,16.0
16527,4,5,173,5,2,100.0,0,N,RURAL_VICTORIA,HIGHWAY,3,17.0
16528,1,5,134,2,2,80.0,0,I,MELB_URBAN,ROAD,3,18.0
16529,4,5,99,2,1,50.0,0,I,LARGE_PROVINCIAL_CITIES,ROAD,3,17.0
16530,1,2,163,5,1,60.0,0,N,MELB_URBAN,ROAD,3,18.0
16531,1,5,113,2,2,80.0,0,I,MELB_URBAN,ROAD,3,6.0
16532,8,5,174,5,1,40.0,0,N,MELB_URBAN,STREET,3,17.0
16533,1,5,160,5,3,50.0,0,N,MELB_URBAN,STREET,3,22.0
16534,1,5,130,1,3,60.0,0,I,LARGE_PROVINCIAL_CITIES,STREET,3,21.0
16535,4,1,99,5,2,80.0,0,N,RURAL_VICTORIA,ROAD,12,5.0
16536,1,6,160,5,5,60.0,0,N,MELB_URBAN,ROAD,3,2.0
16537,1,6,130,5,2,60.0,0,N,MELB_URBAN,ROAD,3,6.0
16538,1,6,130,2,1,60.0,0,I,MELB_URBAN,ROAD,3,7.0
16539,1,5,130,2,1,60.0,0,I,MELB_URBAN,ROAD,3,7.0
16540,1,6,99,2,1,70.0,0,I,MELB_URBAN,ROAD,3,8.0
16541,1,6,147,5,1,60.0,0,N,MELB_URBAN,ROAD,3,8.0
16542,8,6,174,2,5,80.0,0,I,LARGE_PROVINCIAL_CITIES,HIGHWAY,3,3.0
16543,1,5,113,2,1,60.0,0,I,MELB_URBAN,OTHER,3,15.0
16544,7,6,99,5,1,60.0,0,N,MELB_URBAN,STREET,4,13.0
16545,1,6,99,2,1,60.0,0,I,MELB_URBAN,ROAD,3,10.0
16546,1,6,110,1,1,60.0,0,I,SMALL_CITIES,STREET,3,11.0
16547,2,6,102,1,6,60.0,0,I,MELB_URBAN,ROAD,3,6.0
16548,2,6,100,2,1,50.0,0,I,MELB_URBAN,STREET,3,9.0
16549,1,6,99,5,1,50.0,0,N,MELB_URBAN,STREET,3,14.0
16550,1,6,110,1,1,60.0,0,I,LARGE_PROVINCIAL_CITIES,ROAD,3,14.0
16551,4,5,173,2,5,100.0,0,I,RURAL_VICTORIA,FREEWAY,3,22.0
16552,1,5,99,1,2,80.0,0,I,TOWNS,ROAD,3,20.0
16553,1,5,133,2,1,50.0,0,I,MELB_URBAN,OTHER,3,15.0
16554,1,6,121,1,1,40.0,0,I,MELB_URBAN,ROAD,3,12.0
16555,4,6,173,5,1,80.0,0,N,MELB_URBAN,FREEWAY,3,15.0
16556,1,6,120,5,1,100.0,0,N,RURAL_VICTORIA,ROAD,3,16.0
16557,1,6,130,5,2,80.0,0,N,MELB_URBAN,ROAD,3,17.0
16558,1,6,134,1,1,80.0,0,I,MELB_URBAN,ROAD,3,15.0
16559,1,6,132,2,4,60.0,0,I,LARGE_PROVINCIAL_CITIES,STREET,3,21.0
16560,1,6,130,2,1,70.0,0,I,MELB_URBAN,PARADE,3,15.0
16561,2,6,102,1,3,70.0,0,I,TOWNS,HIGHWAY,3,20.0
16562,1,6,121,2,1,50.0,0,I,MELB_URBAN,STREET,3,17.0
16563,1,5,130,1,9,60.0,0,I,MELB_URBAN,ROAD,3,6.0
16564,4,6,173,5,5,60.0,0,N,MELB_URBAN,FREEWAY,3,22.0
16565,4,6,171,5,3,60.0,0,N,MELB_URBAN,ROAD,3,22.0
16566,3,6,167,5,5,100.0,0,N,RURAL_VICTORIA,ROAD,3,23.0
16567,1,6,160,5,3,60.0,0,N,LARGE_PROVINCIAL_CITIES,STREET,3,23.0
16568,4,5,173,5,3,80.0,0,N,MELB_URBAN,ROAD,3,23.0
16569,6,6,170,5,5,100.0,0,N,MELB_URBAN,ROAD,3,22.0
16570,1,6,130,5,5,100.0,0,N,MELB_URBAN,ROAD,3,22.0
16571,4,6,173,5,3,60.0,1,N,RURAL_VICTORIA,ROAD,3,23.0
16572,4,6,173,5,3,50.0,0,N,MELB_URBAN,BOULEVARD,3,23.0
16573,1,5,135,5,1,60.0,0,N,MELB_URBAN,ROAD,3,13.0
16574,1,3,121,1,1,60.0,0,I,SMALL_CITIES,STREET,3,8.0
16575,8,7,174,2,1,80.0,0,I,RURAL_VICTORIA,ROAD,3,11.0
16576,4,7,171,2,1,50.0,0,I,MELB_URBAN,OTHER,3,7.0
16577,7,1,99,5,2,50.0,0,N,MELB_URBAN,OTHER,1,19.0
16578,2,3,100,2,6,60.0,0,I,MELB_URBAN,UNKNOWN,2,6.0
16579,1,7,120,1,1,60.0,0,I,MELB_URBAN,ROAD,3,9.0
16580,6,6,174,1,2,60.0,0,I,MELB_URBAN,ROAD,3,19.0
16581,2,7,99,5,1,60.0,0,N,MELB_URBAN,STREET,3,9.0
16582,4,6,171,2,1,50.0,0,I,SMALL_CITIES,STREET,3,12.0
16583,7,5,99,5,1,80.0,0,N,MELB_URBAN,HIGHWAY,12,18.0
16584,4,7,99,5,2,100.0,0,N,RURAL_VICTORIA,HIGHWAY,3,7.0
16585,1,7,99,5,1,60.0,0,N,MELB_URBAN,STREET,3,12.0
16586,1,2,99,1,2,60.0,0,I,MELB_URBAN,STREET,3,19.0
16587,1,6,147,5,1,60.0,0,N,MELB_URBAN,UNKNOWN,3,18.0
16588,1,7,135,2,1,80.0,0,I,MELB_URBAN,ROAD,3,9.0
16589,4,7,171,5,2,60.0,0,N,MELB_URBAN,ROAD,3,7.0
16590,1,7,130,2,1,40.0,0,I,MELB_URBAN,ROAD,3,12.0
16591,1,7,110,1,1,50.0,0,I,MELB_URBAN,STREET,3,11.0
16592,2,7,99,5,1,50.0,0,N,MELB_URBAN,STREET,3,13.0
16593,1,7,121,5,1,60.0,0,N,MELB_URBAN,ROAD,3,11.0
16594,4,7,173,5,1,50.0,0,N,MELB_URBAN,STREET,3,11.0
16595,1,7,99,5,1,60.0,0,N,LARGE_PROVINCIAL_CITIES,ROAD,3,9.0
16596,6,7,99,5,1,110.0,0,N,TOWNS,FREEWAY,3,13.0
16597,2,4,99,1,1,50.0,0,I,MELB_URBAN,STREET,3,15.0
16598,1,7,130,2,1,60.0,0,I,MELB_URBAN,RAMP,3,15.0
16599,1,7,130,5,1,80.0,0,N,MELB_URBAN,ROAD,3,12.0
16600,1,7,130,5,1,60.0,0,N,MELB_URBAN,STREET,3,15.0
16601,2,7,99,5,1,50.0,0,N,SMALL_CITIES,STREET,3,11.0
16602,1,7,147,5,1,60.0,0,N,MELB_URBAN,ROAD,3,15.0
16603,2,7,99,5,1,60.0,0,N,MELB_URBAN,ROAD,3,15.0
16604,1,6,130,2,1,60.0,0,I,MELB_URBAN,STREET,3,17.0
16605,1,7,113,2,2,60.0,0,I,MELB_URBAN,ROAD,3,19.0
16606,8,7,99,5,1,60.0,0,N,SMALL_TOWNS,ROAD,3,17.0
16607,4,7,171,1,3,70.0,0,I,MELB_URBAN,ROAD,3,20.0
16608,1,7,120,5,1,80.0,1,N,RURAL_VICTORIA,ROAD,3,15.0
16609,6,7,170,2,5,100.0,0,I,RURAL_VICTORIA,HIGHWAY,3,20.0
16610,1,7,140,1,3,100.0,0,I,RURAL_VICTORIA,ROAD,3,20.0
16611,6,7,170,5,5,80.0,0,N,RURAL_VICTORIA,ROAD,3,20.0
16612,1,7,121,1,3,60.0,0,I,MELB_URBAN,ROAD,3,22.0
16613,3,6,167,5,5,100.0,0,N,RURAL_VICTORIA,ROAD,3,23.0
16614,6,1,99,5,5,100.0,0,N,RURAL_VICTORIA,ROAD,3,0.0
16615,2,1,99,5,3,60.0,0,N,MELB_URBAN,ROAD,3,0.0
16616,4,1,183,5,5,50.0,0,N,SMALL_CITIES,ROAD,3,0.0
16617,1,1,130,5,3,80.0,0,N,MELB_URBAN,HIGHWAY,3,6.0
16618,4,1,183,5,5,110.0,0,N,RURAL_VICTORIA,FREEWAY,3,6.0
16619,1,1,163,5,1,60.0,0,N,MELB_URBAN,STREET,3,8.0
16620,1,5,130,5,1,60.0,0,N,MELB_URBAN,ROAD,3,12.0
16621,1,1,121,1,1,40.0,0,I,MELBOURNE_CBD,STREET,3,9.0
16622,4,1,181,2,1,60.0,0,I,RURAL_VICTORIA,ROAD,3,10.0
16623,1,1,130,5,1,60.0,0,N,MELB_URBAN,ROAD,3,12.0
16624,8,6,174,5,6,50.0,0,N,MELB_URBAN,STREET,3,22.0
16625,1,1,99,5,1,60.0,0,N,MELB_URBAN,ROAD,3,11.0
16626,2,4,99,1,1,50.0,0,I,MELB_URBAN,STREET,9,12.0
16627,4,7,181,5,5,100.0,0,N,RURAL_VICTORIA,ROAD,3,23.0
16628,1,1,130,5,1,60.0,0,N,MELB_URBAN,ROAD,3,16.0
16629,8,1,174,1,1,60.0,0,I,LARGE_PROVINCIAL_CITIES,STREET,3,15.0
16630,4,1,171,2,1,100.0,0,I,RURAL_VICTORIA,ROAD,3,15.0
16631,1,1,99,1,1,60.0,0,I,MELB_URBAN,ROAD,3,18.0
16632,1,1,110,1,1,100.0,0,I,RURAL_VICTORIA,ROAD,3,11.0
16633,1,6,130,5,1,60.0,0,N,MELB_URBAN,OTHER,3,16.0
16634,2,1,100,2,2,60.0,0,I,MELB_URBAN,ROAD,3,19.0
16635,1,0,140,2,3,40.0,0,N,MELB_URBAN,ROAD,3,4.0
16636,1,1,130,5,3,100.0,0,N,MELB_URBAN,RAMP,3,3.0
16637,1,6,99,5,2,80.0,0,N,MELB_URBAN,FREEWAY,3,18.0
16638,1,2,140,1,3,80.0,0,I,LARGE_PROVINCIAL_CITIES,HIGHWAY,3,4.0
16639,1,2,121,1,2,80.0,0,N,MELB_URBAN,ROAD,3,6.0
16640,2,2,100,2,1,40.0,0,I,MELB_URBAN,ROAD,3,7.0
16641,2,2,99,1,1,50.0,0,I,MELBOURNE_CBD,STREET,3,8.0
16642,2,2,99,1,1,50.0,0,I,TOWNS,STREET,3,8.0
16643,1,2,121,2,1,60.0,0,I,MELB_URBAN,OTHER,3,8.0
16644,1,1,110,1,3,60.0,0,I,MELB_URBAN,ROAD,3,19.0
16645,6,7,99,5,5,100.0,1,N,RURAL_VICTORIA,ROAD,3,2.0
16646,1,4,99,5,1,80.0,0,N,MELB_URBAN,RAMP,1,17.0
16647,1,2,147,5,1,70.0,0,I,MELB_URBAN,ROAD,3,9.0
16648,1,2,130,5,1,60.0,0,N,MELB_URBAN,ROAD,3,9.0
16649,1,3,130,5,1,60.0,0,N,MELB_URBAN,STREET,3,8.0
16650,1,2,121,2,1,60.0,0,I,MELB_URBAN,ROAD,3,8.0
16651,1,2,113,2,3,80.0,0,I,MELB_URBAN,ROAD,3,6.0
16652,1,5,130,5,2,70.0,0,N,MELB_URBAN,ROAD,3,17.0
16653,2,2,100,2,1,60.0,0,I,MELB_URBAN,STREET,3,11.0
16654,4,5,171,5,2,70.0,0,N,MELB_URBAN,DRIVE,2,6.0
16655,1,2,99,1,2,50.0,0,I,MELB_URBAN,STREET,3,7.0
16656,1,7,132,2,1,60.0,0,I,MELB_URBAN,OTHER,3,15.0
16657,1,2,140,5,1,70.0,0,N,SMALL_CITIES,HIGHWAY,3,11.0
16658,1,5,120,5,1,100.0,0,N,RURAL_VICTORIA,ROAD,3,15.0
16659,6,6,99,5,2,100.0,0,N,RURAL_VICTORIA,ROAD,2,6.0
16660,1,6,130,5,1,60.0,0,N,LARGE_PROVINCIAL_CITIES,STREET,2,12.0
16661,1,2,140,5,1,70.0,0,N,MELB_URBAN,ROAD,3,12.0
16662,1,2,132,2,1,60.0,0,I,MELB_URBAN,ROAD,3,9.0
16663,2,2,102,2,1,60.0,0,I,LARGE_PROVINCIAL_CITIES,STREET,3,12.0
16664,1,2,163,5,1,70.0,0,N,MELB_URBAN,PARADE,3,14.0
16665,1,2,121,2,1,60.0,0,I,MELB_URBAN,ROAD,3,10.0
16666,1,2,110,1,1,50.0,0,I,MELB_URBAN,STREET,3,8.0
16667,8,4,174,5,9,60.0,0,N,MELB_URBAN,STREET,2,12.0
16668,1,3,132,4,1,60.0,0,N,LARGE_PROVINCIAL_CITIES,AVENUE,10,9.0
16669,2,2,102,1,1,50.0,0,I,MELB_URBAN,STREET,3,15.0
16670,4,7,173,5,1,60.0,0,N,MELB_URBAN,ROAD,3,16.0
16671,1,2,130,1,1,60.0,0,I,MELB_URBAN,ROAD,3,13.0
16672,1,4,130,5,1,80.0,0,N,MELB_URBAN,UNKNOWN,3,12.0
16673,1,7,130,2,1,60.0,0,I,MELB_URBAN,DRIVE,3,14.0
16674,7,6,99,1,3,60.0,0,I,LARGE_PROVINCIAL_CITIES,STREET,2,21.0
16675,1,2,121,1,1,50.0,0,I,MELB_URBAN,STREET,3,18.0
16676,1,2,110,1,2,50.0,0,I,MELB_URBAN,ROAD,1,18.0
16677,1,7,130,5,1,50.0,0,N,MELB_URBAN,STREET,2,13.0
16678,8,2,174,2,1,60.0,0,I,MELB_URBAN,STREET,3,16.0
16679,8,7,99,2,1,60.0,0,I,MELB_URBAN,STREET,3,12.0
16680,4,2,171,5,2,60.0,0,N,MELB_URBAN,ROAD,3,19.0
16681,1,2,133,5,2,70.0,0,N,MELB_URBAN,HIGHWAY,3,17.0
16682,1,7,130,1,1,70.0,0,I,MELB_URBAN,HIGHWAY,3,13.0
16683,4,2,171,5,2,80.0,0,N,RURAL_VICTORIA,HIGHWAY,3,18.0
16684,1,4,130,5,1,80.0,0,N,RURAL_VICTORIA,ROAD,2,19.0
16685,2,6,100,2,1,60.0,0,I,TOWNS,AVENUE,3,14.0
16686,1,1,140,2,1,60.0,0,N,MELB_URBAN,ROAD,3,13.0
16687,4,2,171,2,3,60.0,0,I,MELB_URBAN,STREET,3,21.0
16688,1,2,121,2,1,60.0,0,I,MELB_URBAN,ROAD,3,12.0
16689,1,2,121,2,3,80.0,0,N,MELB_URBAN,ROAD,3,21.0
16690,4,3,183,5,3,60.0,0,N,MELB_URBAN,ROAD,3,1.0
16691,4,2,171,5,5,100.0,0,N,RURAL_VICTORIA,ROAD,3,23.0
16692,4,3,171,1,3,50.0,0,I,SMALL_CITIES,STREET,3,3.0
16693,1,3,160,5,1,50.0,0,N,MELB_URBAN,STREET,1,17.0
16694,1,4,163,1,1,60.0,0,I,MELB_URBAN,STREET,3,9.0
16695,2,3,100,2,1,50.0,0,I,MELB_URBAN,STREET,3,7.0
16696,1,3,99,2,1,50.0,0,I,MELB_URBAN,AVENUE,3,8.0
16697,4,3,171,5,2,100.0,0,N,RURAL_VICTORIA,ROAD,3,7.0
16698,1,7,110,1,1,60.0,0,I,MELB_URBAN,ROAD,3,11.0
16699,1,3,121,5,1,50.0,0,N,MELB_URBAN,STREET,3,9.0
16700,1,3,130,2,1,80.0,0,I,MELB_URBAN,ROAD,3,9.0
16701,1,3,113,2,1,60.0,0,I,MELB_URBAN,ROAD,3,10.0
16702,1,7,99,2,1,50.0,0,I,MELB_URBAN,DRIVE,3,11.0
16703,6,2,99,5,5,100.0,0,N,RURAL_VICTORIA,ROAD,3,22.0
16704,1,3,147,5,1,60.0,0,N,MELB_URBAN,ROAD,3,11.0
16705,1,2,111,1,1,60.0,0,I,MELB_URBAN,STREET,3,14.0
16706,1,3,130,5,1,70.0,0,N,MELB_URBAN,ROAD,3,12.0
16707,1,3,132,1,1,60.0,0,I,MELB_URBAN,ROAD,3,10.0
16708,1,2,99,2,1,60.0,0,I,MELB_URBAN,ROAD,3,15.0
16709,5,3,99,5,1,100.0,0,N,RURAL_VICTORIA,OTHER,3,9.0
16710,1,3,130,5,3,60.0,0,N,MELB_URBAN,ROAD,3,6.0
16711,1,6,130,2,1,80.0,0,I,RURAL_VICTORIA,HIGHWAY,3,13.0
16712,2,3,99,5,1,50.0,0,N,MELB_URBAN,STREET,3,12.0
16713,6,3,99,2,1,60.0,0,N,RURAL_VICTORIA,ROAD,3,13.0
16714,1,2,135,5,1,100.0,0,N,MELB_URBAN,UNKNOWN,3,14.0
16715,1,3,133,2,1,60.0,0,I,MELB_URBAN,ROAD,3,9.0
16716,1,2,130,5,1,80.0,0,N,MELB_URBAN,ROAD,3,8.0
16717,1,7,130,1,1,80.0,0,I,SMALL_CITIES,HIGHWAY,5,12.0
16718,4,3,171,5,2,60.0,0,N,MELB_URBAN,ROAD,3,17.0
16719,6,3,170,5,1,60.0,0,N,RURAL_VICTORIA,ROAD,3,17.0
16720,1,3,121,1,1,60.0,0,I,MELB_URBAN,STREET,3,18.0
16721,1,3,130,1,1,40.0,0,I,MELB_URBAN,STREET,3,13.0
16722,1,3,130,5,1,80.0,0,N,MELB_URBAN,ROAD,3,16.0
16723,1,3,99,5,1,50.0,0,N,LARGE_PROVINCIAL_CITIES,STREET,3,17.0
16724,1,4,163,5,2,50.0,0,N,MELB_URBAN,ROAD,3,7.0
16725,1,3,130,5,2,60.0,0,N,MELB_URBAN,ROAD,3,17.0
16726,1,3,99,2,1,60.0,0,I,MELB_URBAN,ROAD,3,15.0
16727,1,3,110,1,1,50.0,0,I,MELB_URBAN,AVENUE,3,18.0
16728,1,3,130,1,1,80.0,0,N,MELB_URBAN,HIGHWAY,3,16.0
16729,4,3,171,5,1,50.0,0,N,MELB_URBAN,OTHER,3,18.0
16730,1,3,121,2,1,60.0,0,I,MELB_URBAN,ROAD,3,17.0
16731,2,3,102,5,1,40.0,0,N,LARGE_PROVINCIAL_CITIES,STREET,3,15.0
16732,8,3,99,5,1,70.0,0,N,RURAL_VICTORIA,ROAD,3,18.0
16733,2,3,100,1,3,60.0,0,I,MELB_URBAN,ROAD,3,21.0
16734,2,3,100,5,1,60.0,0,N,MELB_URBAN,STREET,3,14.0
16735,4,3,171,2,3,50.0,0,I,SMALL_CITIES,DRIVE,3,18.0
16736,1,3,121,1,3,60.0,0,I,MELB_URBAN,ROAD,3,23.0
16737,1,3,99,2,3,90.0,0,I,RURAL_VICTORIA,FREEWAY,3,23.0
16738,1,4,130,5,3,50.0,0,N,MELB_URBAN,ROAD,3,1.0
16739,4,6,173,5,1,100.0,0,N,MELB_URBAN,ROAD,3,10.0
16740,3,4,167,5,5,80.0,0,N,MELB_URBAN,ROAD,3,2.0
16741,4,3,171,5,3,60.0,0,N,MELB_URBAN,ROAD,3,23.0
16742,3,4,167,5,3,60.0,0,N,TOWNS,ROAD,3,5.0
16743,1,4,99,1,1,60.0,0,I,MELB_URBAN,STREET,3,7.0
16744,8,3,174,5,2,110.0,0,N,RURAL_VICTORIA,FREEWAY,3,7.0
16745,1,4,132,5,3,60.0,0,N,MELB_URBAN,ROAD,3,6.0
16746,1,4,99,2,1,50.0,0,I,MELB_URBAN,STREET,3,7.0
16747,1,3,110,1,1,50.0,0,I,TOWNS,STREET,3,16.0
16748,2,4,100,2,1,70.0,0,I,MELB_URBAN,ROAD,3,8.0
16749,1,4,110,1,1,50.0,0,I,MELB_URBAN,ROAD,3,8.0
16750,1,6,130,5,1,40.0,0,N,TOWNS,STREET,3,16.0
16751,1,4,110,1,1,50.0,0,I,LARGE_PROVINCIAL_CITIES,STREET,3,8.0
16752,2,4,99,1,1,40.0,0,I,MELB_URBAN,STREET,3,9.0
16753,1,3,110,1,2,60.0,0,I,MELB_URBAN,STREET,3,18.0
16754,1,4,99,2,1,100.0,0,I,RURAL_VICTORIA,ROAD,3,9.0
16755,1,3,113,1,2,100.0,0,I,RURAL_VICTORIA,HIGHWAY,3,18.0
16756,1,4,116,2,1,60.0,0,I,MELB_URBAN,ROAD,3,8.0
16757,1,4,130,5,1,60.0,0,N,MELB_URBAN,ROAD,3,10.0
16758,1,4,130,5,1,70.0,0,N,MELB_URBAN,ROAD,3,11.0
16759,5,2,99,5,1,60.0,0,N,RURAL_VICTORIA,ROAD,3,15.0
16760,8,7,174,1,3,60.0,0,I,MELB_URBAN,STREET,1,23.0
16761,2,4,99,2,1,40.0,0,N,MELB_URBAN,ROAD,3,10.0
16762,1,3,130,5,1,80.0,0,N,MELB_URBAN,ROAD,3,9.0
16763,2,4,102,2,1,60.0,0,I,MELB_URBAN,ROAD,3,10.0
16764,1,1,163,1,9,60.0,0,I,MELB_URBAN,STREET,3,17.0
16765,4,4,173,5,1,100.0,0,N,RURAL_VICTORIA,ROAD,3,13.0
16766,1,3,120,5,1,80.0,0,N,RURAL_VICTORIA,HIGHWAY,3,15.0
16767,4,3,183,5,1,100.0,0,N,SMALL_TOWNS,ROAD,3,17.0
16768,4,3,171,5,1,100.0,0,N,RURAL_VICTORIA,ROAD,3,16.0
16769,2,4,100,1,1,60.0,0,I,MELB_URBAN,ROAD,3,15.0
16770,1,4,99,2,1,60.0,0,I,MELB_URBAN,STREET,3,9.0
16771,1,4,99,5,1,40.0,0,N,LARGE_PROVINCIAL_CITIES,PARADE,3,15.0
16772,2,4,102,5,1,60.0,0,N,MELB_URBAN,ROAD,3,15.0
16773,1,6,130,5,9,60.0,0,N,MELB_URBAN,FREEWAY,1,5.0
16774,1,4,132,2,1,50.0,0,I,MELB_URBAN,STREET,3,15.0
16775,1,4,110,4,1,60.0,0,I,MELB_URBAN,ROAD,3,17.0
16776,1,6,130,1,3,50.0,0,I,MELB_URBAN,ROAD,3,19.0
16777,1,4,121,1,1,60.0,0,I,MELB_URBAN,STREET,3,17.0
16778,1,6,130,5,1,60.0,0,N,MELB_URBAN,ROAD,1,13.0
16779,1,7,130,1,1,70.0,0,I,MELB_URBAN,ROAD,2,9.0
16780,1,3,133,5,3,100.0,0,N,MELB_URBAN,FREEWAY,3,18.0
16781,4,4,173,5,3,60.0,0,N,MELB_URBAN,ROAD,3,20.0
16782,1,4,99,1,3,50.0,0,I,SMALL_CITIES,AVENUE,3,21.0
16783,1,6,130,2,1,70.0,0,I,MELB_URBAN,STREET,3,8.0
16784,1,5,99,2,6,60.0,0,I,RURAL_VICTORIA,ROAD,3,7.0
16785,1,5,163,5,1,50.0,0,N,MELB_URBAN,OTHER,2,8.0
16786,1,5,110,1,2,60.0,0,I,MELB_URBAN,ROAD,3,7.0
16787,1,5,130,5,1,100.0,0,N,MELB_URBAN,FREEWAY,3,8.0
16788,1,3,130,2,9,80.0,0,I,RURAL_VICTORIA,ROAD,2,16.0
16789,8,2,174,5,1,60.0,0,N,MELB_URBAN,FREEWAY,12,14.0
16790,4,5,181,5,1,100.0,0,N,RURAL_VICTORIA,HIGHWAY,3,8.0
16791,1,5,110,1,1,60.0,0,I,SMALL_CITIES,STREET,3,10.0
16792,1,5,116,1,1,60.0,0,I,MELB_URBAN,ROAD,3,11.0
16793,1,4,130,1,1,70.0,0,N,RURAL_VICTORIA,HIGHWAY,3,15.0
16794,4,5,181,5,1,80.0,0,I,MELB_URBAN,FREEWAY,3,8.0
16795,1,5,113,2,1,70.0,0,I,SMALL_CITIES,PARADE,3,11.0
16796,1,5,160,2,1,50.0,0,I,MELB_URBAN,AVENUE,3,8.0
16797,2,5,99,5,1,50.0,0,N,MELB_URBAN,STREET,3,10.0
16798,2,5,100,1,1,40.0,0,I,MELBOURNE_CBD,STREET,3,13.0
16799,1,5,111,2,4,60.0,0,I,MELB_URBAN,STREET,3,6.0
16800,6,5,170,5,1,100.0,0,N,RURAL_VICTORIA,HIGHWAY,3,12.0
16801,1,5,110,1,1,60.0,0,I,SMALL_CITIES,STREET,3,7.0
16802,4,5,183,5,1,100.0,0,N,RURAL_VICTORIA,ROAD,3,12.0
16803,1,5,110,1,1,50.0,0,I,TOWNS,STREET,3,11.0