,accident_type,day_of_week,dca_code,road_geometry,light_condition,speed_zone,severity,node_type,deg_urban_name,road_type,month,hour
16804,1,5,147,5,1,40.0,0,N,MELB_URBAN,STREET,3,14.0
16805,8,7,174,1,1,40.0,0,I,MELBOURNE_CBD,STREET,3,11.0
16806,6,5,99,5,1,100.0,0,N,RURAL_VICTORIA,HIGHWAY,3,13.0
16807,1,5,130,1,1,80.0,0,N,MELB_URBAN,ROAD,3,14.0
16808,1,5,140,2,1,50.0,0,I,MELB_URBAN,ROAD,3,13.0
16809,2,5,100,1,1,50.0,0,I,SMALL_CITIES,STREET,3,14.0
16810,2,5,99,1,1,40.0,1,I,MELB_URBAN,ROAD,3,15.0
16811,1,5,113,1,1,60.0,0,I,TOWNS,STREET,3,16.0
16812,1,5,99,2,1,50.0,0,I,MELB_URBAN,STREET,3,17.0
16813,1,5,130,2,1,100.0,0,I,RURAL_VICTORIA,FREEWAY,3,14.0
16814,6,5,99,2,1,100.0,0,I,RURAL_VICTORIA,HIGHWAY,3,16.0
16815,1,5,110,1,1,60.0,0,I,MELB_URBAN,STREET,3,15.0
16816,1,3,130,5,1,70.0,0,N,MELB_URBAN,ROAD,7,17.0
16817,1,5,113,2,1,50.0,1,I,MELB_URBAN,AVENUE,3,17.0
16818,1,5,120,5,5,100.0,0,N,RURAL_VICTORIA,ROAD,3,19.0
16819,1,5,113,2,1,60.0,0,I,MELB_URBAN,ROAD,3,14.0
16820,1,5,130,4,2,60.0,0,I,MELB_URBAN,RAMP,3,18.0
16821,1,5,130,4,1,60.0,0,I,MELB_URBAN,ROAD,3,18.0
16822,4,5,183,5,2,50.0,0,N,SMALL_CITIES,OTHER,3,18.0
16823,4,5,173,5,2,60.0,0,N,MELB_URBAN,ROAD,3,19.0
16824,4,5,171,1,3,70.0,0,I,MELB_URBAN,ROAD,3,21.0
16825,4,6,173,5,3,100.0,0,N,MELB_URBAN,FREEWAY,3,2.0
16826,4,6,171,1,4,60.0,0,N,SMALL_CITIES,HIGHWAY,3,0.0
16827,4,6,181,5,5,100.0,0,N,RURAL_VICTORIA,ROAD,3,4.0
16828,1,5,130,5,2,80.0,0,N,MELB_URBAN,FREEWAY,3,17.0
16829,1,5,99,5,1,50.0,0,N,MELB_URBAN,STREET,3,18.0
16830,1,5,99,2,1,60.0,0,I,MELB_URBAN,ROAD,3,15.0
16831,1,6,120,5,1,100.0,0,N,RURAL_VICTORIA,ROAD,3,8.0
16832,1,6,110,4,1,60.0,0,I,LARGE_PROVINCIAL_CITIES,STREET,3,9.0
16833,2,4,100,2,1,50.0,0,I,MELBOURNE_CBD,OTHER,3,8.0
16834,1,6,120,5,1,70.0,0,N,MELB_URBAN,ROAD,3,8.0
16835,1,5,140,2,1,50.0,0,I,SMALL_CITIES,STREET,3,12.0
16836,1,6,110,1,3,60.0,0,I,MELB_URBAN,STREET,3,6.0
16837,1,6,110,4,1,60.0,0,I,MELB_URBAN,STREET,3,9.0
16838,1,5,130,5,1,70.0,0,N,MELB_URBAN,ROAD,3,8.0
16839,1,6,121,4,1,80.0,0,N,MELB_URBAN,ROAD,3,12.0
16840,1,6,130,1,3,60.0,0,I,MELB_URBAN,ROAD,3,18.0
16841,1,6,160,2,1,50.0,0,I,SMALL_CITIES,STREET,3,13.0
16842,1,5,113,1,1,60.0,0,I,RURAL_VICTORIA,ROAD,3,13.0
16843,2,6,100,1,1,60.0,0,I,MELB_URBAN,ROAD,3,13.0
16844,1,6,130,1,1,60.0,0,I,LARGE_PROVINCIAL_CITIES,HIGHWAY,3,14.0
16845,4,6,181,5,1,100.0,0,N,RURAL_VICTORIA,ROAD,3,8.0
16846,1,5,121,2,1,50.0,0,I,MELB_URBAN,STREET,3,18.0
16847,1,4,130,1,1,60.0,0,I,MELB_URBAN,ROAD,3,18.0
16848,1,5,130,5,2,60.0,0,N,MELB_URBAN,AVENUE,3,17.0
16849,1,6,110,1,1,80.0,0,I,MELB_URBAN,ROAD,3,15.0
16850,2,5,99,2,2,70.0,0,I,MELB_URBAN,ROAD,3,19.0
16851,1,6,130,2,1,70.0,0,N,MELB_URBAN,ROAD,3,18.0
16852,1,6,160,5,2,60.0,0,N,MELB_URBAN,ROAD,3,19.0
16853,8,6,99,5,1,100.0,0,N,RURAL_VICTORIA,ROAD,3,13.0
16854,1,6,121,2,1,60.0,0,I,MELB_URBAN,ROAD,3,12.0
16855,4,7,173,2,3,60.0,0,I,MELB_URBAN,ROAD,3,0.0
16856,4,7,99,5,1,80.0,0,N,MELB_URBAN,ROAD,3,8.0
16857,1,3,121,5,1,50.0,0,N,TOWNS,DRIVE,3,8.0
16858,1,7,121,1,1,60.0,0,I,SMALL_CITIES,STREET,3,12.0
16859,4,6,181,5,1,100.0,0,N,RURAL_VICTORIA,ROAD,3,16.0
16860,1,7,116,1,1,80.0,0,I,MELB_URBAN,ROAD,3,13.0
16861,1,7,99,2,1,60.0,0,I,MELB_URBAN,OTHER,3,11.0
16862,1,7,121,1,1,70.0,0,I,MELB_URBAN,ROAD,3,12.0
16863,1,7,111,1,1,50.0,0,I,MELB_URBAN,OTHER,3,14.0
16864,4,7,181,2,1,80.0,0,N,MELB_URBAN,ROAD,3,13.0
16865,1,1,130,5,1,100.0,0,N,MELB_URBAN,ROAD,2,12.0
16866,4,7,173,5,1,100.0,0,N,RURAL_VICTORIA,HIGHWAY,3,11.0
16867,1,7,160,5,1,60.0,0,N,MELB_URBAN,PARADE,3,16.0
16868,4,7,183,5,1,100.0,0,N,RURAL_VICTORIA,ROAD,3,13.0
16869,1,7,113,2,1,80.0,0,I,MELB_URBAN,HIGHWAY,3,15.0
16870,1,4,133,1,1,60.0,0,I,MELB_URBAN,STREET,3,8.0
16871,4,7,183,1,1,60.0,0,N,LARGE_PROVINCIAL_CITIES,ROAD,3,18.0
16872,2,7,99,5,1,100.0,0,N,RURAL_VICTORIA,ROAD,3,17.0
16873,1,7,113,1,3,50.0,0,I,MELB_URBAN,ROAD,3,19.0
16874,1,7,121,2,1,80.0,0,I,MELB_URBAN,OTHER,3,9.0
16875,1,7,130,5,3,70.0,0,N,MELB_URBAN,ROAD,3,20.0
16876,4,7,171,5,1,60.0,0,N,MELB_URBAN,ROAD,3,14.0
16877,2,1,99,1,1,60.0,0,I,LARGE_PROVINCIAL_CITIES,STREET,3,8.0
16878,4,1,173,1,2,100.0,0,I,RURAL_VICTORIA,ROAD,3,7.0
16879,1,1,110,1,1,60.0,0,I,SMALL_CITIES,AVENUE,3,11.0
16880,1,6,121,5,1,60.0,0,N,MELB_URBAN,ROAD,3,14.0
16881,1,1,121,1,1,80.0,0,I,MELB_URBAN,ROAD,3,12.0
16882,1,1,160,1,1,60.0,0,I,MELB_URBAN,STREET,3,12.0
16883,1,2,130,2,1,60.0,0,I,MELB_URBAN,ROAD,3,8.0
16884,1,1,130,5,1,60.0,0,N,MELB_URBAN,FREEWAY,3,15.0
16885,1,1,120,5,1,100.0,0,N,RURAL_VICTORIA,HIGHWAY,3,15.0
16886,8,0,174,5,1,60.0,0,N,RURAL_VICTORIA,OTHER,3,16.0
16887,1,1,130,4,1,110.0,1,I,RURAL_VICTORIA,FREEWAY,3,14.0
16888,1,1,99,2,1,80.0,0,I,SMALL_CITIES,OTHER,3,16.0
16889,1,1,99,5,1,100.0,0,N,RURAL_VICTORIA,HIGHWAY,3,15.0
16890,6,1,174,5,2,80.0,0,N,MELB_URBAN,UNKNOWN,3,17.0
16891,2,1,102,1,3,60.0,0,I,MELB_URBAN,ROAD,3,20.0
16892,8,1,174,1,3,60.0,0,I,MELB_URBAN,ROAD,3,20.0
16893,1,1,130,1,3,60.0,0,I,MELB_URBAN,ROAD,3,0.0
16894,1,5,160,5,3,60.0,0,N,MELB_URBAN,STREET,3,23.0
16895,2,2,102,2,3,50.0,0,I,SMALL_CITIES,STREET,4,3.0
16896,4,2,181,5,5,60.0,0,N,RURAL_VICTORIA,ROAD,4,1.0
16897,1,5,110,1,1,50.0,0,I,LARGE_PROVINCIAL_CITIES,STREET,8,8.0
16898,1,1,120,1,3,40.0,0,I,MELB_URBAN,ROAD,4,6.0
16899,4,2,171,5,5,100.0,0,N,RURAL_VICTORIA,HIGHWAY,4,4.0
16900,4,2,171,2,1,80.0,0,N,LARGE_PROVINCIAL_CITIES,HIGHWAY,4,8.0
16901,4,2,183,5,1,60.0,0,N,LARGE_PROVINCIAL_CITIES,ROAD,4,7.0
16902,4,2,183,5,1,100.0,0,N,RURAL_VICTORIA,ROAD,4,9.0
16903,1,2,134,5,1,110.0,0,N,RURAL_VICTORIA,FREEWAY,4,10.0
16904,1,2,110,1,1,80.0,0,I,MELB_URBAN,ROAD,4,11.0
16905,1,2,132,5,1,100.0,0,N,RURAL_VICTORIA,HIGHWAY,4,13.0
16906,1,2,121,1,1,60.0,0,I,MELB_URBAN,STREET,4,14.0
16907,1,2,99,5,1,60.0,0,N,SMALL_CITIES,AVENUE,4,14.0
16908,1,2,130,5,1,80.0,0,N,RURAL_VICTORIA,HIGHWAY,4,16.0
16909,1,1,130,5,1,80.0,0,N,RURAL_VICTORIA,ROAD,3,14.0
16910,4,2,171,5,1,100.0,0,N,RURAL_VICTORIA,HIGHWAY,4,16.0
16911,4,2,171,5,2,80.0,0,N,MELB_URBAN,ROAD,4,19.0
16912,1,2,140,5,1,110.0,0,N,RURAL_VICTORIA,HIGHWAY,4,14.0
16913,4,2,173,2,3,60.0,0,I,LARGE_PROVINCIAL_CITIES,STREET,4,19.0
16914,4,2,181,5,3,60.0,0,N,MELB_URBAN,OTHER,4,1.0
16915,1,5,121,5,1,50.0,0,N,SMALL_CITIES,ROAD,3,9.0
16916,4,2,173,5,3,50.0,0,N,MELB_URBAN,ROAD,4,22.0
16917,6,2,170,5,5,110.0,1,N,RURAL_VICTORIA,FREEWAY,4,22.0
16918,5,4,99,5,1,60.0,0,UNKNOWN,UNKNOWN,UNKNOWN,12,8.0
16919,1,3,120,5,5,80.0,0,N,RURAL_VICTORIA,ROAD,4,7.0
16920,1,3,121,2,1,60.0,0,I,MELB_URBAN,ROAD,4,10.0
16921,1,3,163,5,1,40.0,0,N,MELB_URBAN,STREET,4,13.0
16922,1,3,120,5,1,60.0,0,N,MELB_URBAN,ROAD,4,10.0
16923,1,2,121,1,3,40.0,0,I,MELB_URBAN,STREET,4,22.0
16924,3,5,167,5,1,60.0,0,N,RURAL_VICTORIA,ROAD,2,17.0
16925,8,7,174,5,1,60.0,0,I,RURAL_VICTORIA,OTHER,3,15.0
16926,8,3,99,5,1,100.0,0,N,RURAL_VICTORIA,ROAD,2,15.0
16927,8,3,174,5,1,80.0,0,N,MELB_URBAN,RAMP,4,9.0
16928,1,3,121,1,1,80.0,0,I,RURAL_VICTORIA,ROAD,4,11.0
16929,4,4,183,5,5,100.0,0,N,RURAL_VICTORIA,ROAD,9,21.0
16930,1,3,110,1,1,100.0,0,I,RURAL_VICTORIA,ROAD,4,7.0
16931,5,3,99,5,6,60.0,0,N,MELB_URBAN,ROAD,1,22.0
16932,4,3,171,5,1,80.0,0,N,MELB_URBAN,HIGHWAY,4,14.0
16933,1,2,121,4,1,60.0,0,I,MELB_URBAN,RAMP,4,14.0
16934,1,3,130,1,1,80.0,0,I,MELB_URBAN,HIGHWAY,4,15.0
16935,6,3,184,5,1,60.0,0,N,MELB_URBAN,ROAD,4,15.0
16936,4,3,181,5,1,80.0,0,N,RURAL_VICTORIA,ROAD,4,14.0
16937,4,3,183,5,1,60.0,0,N,MELB_URBAN,ROAD,4,15.0
16938,4,4,181,5,6,50.0,0,N,MELB_URBAN,DRIVE,3,23.0
16939,1,3,130,2,1,80.0,0,I,MELB_URBAN,HIGHWAY,4,13.0
16940,7,6,99,2,2,40.0,0,I,MELB_URBAN,STREET,3,19.0
16941,8,3,184,5,1,80.0,0,N,RURAL_VICTORIA,OTHER,4,16.0
16942,6,1,174,1,6,60.0,0,I,MELB_URBAN,ROAD,2,1.0
16943,1,6,130,4,6,60.0,0,I,MELB_URBAN,RAMP,3,21.0
16944,1,3,99,1,9,60.0,0,I,MELB_URBAN,ROAD,4,11.0
16945,8,3,174,1,3,70.0,0,I,MELB_URBAN,ROAD,4,19.0
16946,1,7,113,2,1,60.0,0,I,MELB_URBAN,STREET,8,13.0
16947,6,3,174,5,3,40.0,0,N,MELB_URBAN,ROAD,4,19.0
16948,1,1,140,5,3,60.0,0,N,MELB_URBAN,ROAD,3,3.0
16949,6,3,174,2,1,80.0,0,N,RURAL_VICTORIA,ROAD,4,14.0
16950,1,4,130,5,9,60.0,0,N,MELB_URBAN,DRIVE,3,22.0
16951,1,3,120,2,1,100.0,0,I,RURAL_VICTORIA,HIGHWAY,4,15.0
16952,7,1,99,2,6,50.0,0,N,MELB_URBAN,ROAD,4,22.0
16953,6,1,184,5,1,60.0,0,N,RURAL_VICTORIA,OTHER,3,10.0
16954,1,3,132,2,3,60.0,0,I,MELB_URBAN,ROAD,4,20.0
16955,1,3,99,5,3,60.0,0,N,MELB_URBAN,PARADE,4,21.0
16956,1,3,99,1,2,80.0,0,N,MELB_URBAN,PARADE,4,18.0
16957,4,3,171,5,3,60.0,0,N,MELB_URBAN,ROAD,4,22.0
16958,1,3,110,1,3,60.0,0,I,LARGE_PROVINCIAL_CITIES,STREET,4,22.0
16959,4,3,173,2,1,60.0,0,I,MELB_URBAN,ROAD,4,13.0
16960,1,3,99,5,3,60.0,0,N,TOWNS,STREET,4,22.0
16961,1,0,120,5,1,60.0,0,N,RURAL_VICTORIA,OTHER,3,13.0
16962,1,7,113,1,1,100.0,0,N,RURAL_VICTORIA,ROAD,2,16.0
16963,1,3,130,5,1,60.0,0,N,MELB_URBAN,ROAD,4,10.0
16964,1,4,99,1,1,60.0,0,I,MELB_URBAN,ROAD,4,10.0
16965,1,2,160,5,2,80.0,0,N,RURAL_VICTORIA,OTHER,3,7.0
16966,2,3,100,5,1,60.0,0,N,MELBOURNE_CBD,STREET,4,12.0
16967,2,4,99,5,1,50.0,0,N,SMALL_CITIES,STREET,4,12.0
16968,1,6,130,1,1,50.0,0,I,MELB_URBAN,STREET,1,15.0
16969,6,1,184,5,1,60.0,0,N,RURAL_VICTORIA,OTHER,3,11.0
16970,1,4,116,2,3,80.0,0,I,MELB_URBAN,ROAD,4,7.0
16971,8,3,174,2,1,40.0,0,I,MELB_URBAN,ROAD,1,15.0
16972,2,4,102,2,1,50.0,0,I,MELB_URBAN,DRIVE,4,8.0
16973,4,7,171,5,1,60.0,0,N,RURAL_VICTORIA,ROAD,3,14.0
16974,4,3,171,2,1,60.0,0,I,MELB_URBAN,ROAD,4,13.0
16975,1,4,121,1,1,50.0,0,I,LARGE_PROVINCIAL_CITIES,STREET,4,11.0
16976,1,4,130,2,1,60.0,0,I,MELB_URBAN,STREET,4,12.0
16977,1,2,130,4,1,60.0,0,I,MELB_URBAN,ROAD,1,8.0
16978,8,4,99,5,1,40.0,0,N,MELB_URBAN,UNKNOWN,4,13.0
16979,1,7,130,5,1,60.0,0,N,MELB_URBAN,HIGHWAY,3,16.0
16980,1,4,99,1,1,60.0,0,I,MELB_URBAN,STREET,4,12.0
16981,2,6,100,5,1,50.0,0,N,SMALL_CITIES,STREET,1,16.0
16982,7,1,99,1,2,50.0,0,I,MELB_URBAN,STREET,3,19.0
16983,2,4,99,1,9,40.0,0,I,MELB_URBAN,ROAD,4,16.0
16984,1,3,130,1,1,70.0,0,I,MELB_URBAN,ROAD,4,15.0
16985,1,2,130,5,1,80.0,0,N,RURAL_VICTORIA,ROAD,4,12.0
16986,1,4,132,2,1,70.0,0,I,MELB_URBAN,ROAD,4,15.0
16987,2,4,99,5,1,60.0,0,N,SMALL_CITIES,ROAD,4,16.0
16988,6,4,170,5,1,90.0,0,N,RURAL_VICTORIA,ROAD,4,17.0
16989,1,4,120,2,1,60.0,0,I,MELB_URBAN,STREET,4,17.0
16990,1,4,111,1,1,60.0,0,I,MELB_URBAN,STREET,4,15.0
16991,1,4,121,2,3,60.0,0,I,MELB_URBAN,ROAD,4,19.0
16992,1,4,113,1,3,60.0,0,I,MELB_URBAN,ROAD,4,20.0
16993,1,4,116,2,3,50.0,0,I,MELB_URBAN,DRIVE,4,20.0
16994,6,4,99,5,5,80.0,0,N,RURAL_VICTORIA,ROAD,4,21.0
16995,6,4,99,5,5,100.0,0,N,RURAL_VICTORIA,ROAD,4,20.0
16996,1,4,130,1,2,80.0,0,I,MELB_URBAN,HIGHWAY,4,17.0
16997,1,4,121,2,1,60.0,0,I,MELB_URBAN,STREET,4,18.0
16998,2,5,99,5,3,50.0,0,N,MELB_URBAN,PARADE,4,1.0
16999,1,4,135,5,3,100.0,0,N,MELB_URBAN,UNKNOWN,4,22.0
17000,2,5,102,1,5,50.0,0,I,MELB_URBAN,ROAD,4,6.0
17001,4,7,171,2,3,60.0,0,I,MELB_URBAN,ROAD,3,20.0
17002,1,2,113,2,1,60.0,0,I,MELB_URBAN,ROAD,12,14.0
17003,6,4,174,5,1,60.0,0,N,MELB_URBAN,STREET,4,15.0
17004,8,2,174,5,1,60.0,0,N,RURAL_VICTORIA,ROAD,4,14.0
17005,1,3,121,1,3,60.0,0,I,MELB_URBAN,STREET,9,21.0
17006,1,5,130,5,1,100.0,0,N,RURAL_VICTORIA,HIGHWAY,4,8.0
17007,3,2,167,2,5,60.0,0,I,RURAL_VICTORIA,HIGHWAY,3,21.0
17008,1,5,99,5,1,60.0,0,N,MELB_URBAN,ROAD,4,12.0
17009,4,5,173,2,1,60.0,0,I,MELB_URBAN,ROAD,4,9.0
17010,1,3,132,1,1,50.0,0,I,MELB_URBAN,STREET,3,17.0
17011,1,5,111,1,2,60.0,0,I,MELB_URBAN,STREET,9,7.0
17012,1,1,121,2,1,70.0,0,I,MELB_URBAN,ROAD,2,14.0
17013,8,5,99,5,5,90.0,0,N,MELB_URBAN,FREEWAY,3,20.0
17014,1,5,147,5,1,50.0,0,N,MELB_URBAN,OTHER,4,11.0
17015,1,5,110,1,1,50.0,0,I,MELB_URBAN,AVENUE,4,8.0
17016,1,5,99,1,2,50.0,0,I,MELB_URBAN,STREET,2,19.0
17017,1,5,121,2,1,40.0,0,I,MELB_URBAN,ROAD,4,9.0
17018,1,5,130,5,1,70.0,0,N,MELB_URBAN,HIGHWAY,4,12.0
17019,1,5,121,1,1,60.0,0,I,MELB_URBAN,STREET,4,10.0
17020,1,4,140,5,2,60.0,0,N,MELB_URBAN,STREET,4,17.0
17021,1,5,147,5,1,60.0,0,N,MELB_URBAN,ROAD,4,13.0
17022,1,4,113,2,1,60.0,0,I,MELB_URBAN,ROAD,4,12.0
17023,1,6,132,2,3,60.0,0,I,MELB_URBAN,STREET,2,23.0
17024,1,5,134,5,1,80.0,0,N,MELB_URBAN,ROAD,4,14.0
17025,1,5,133,5,2,70.0,0,N,MELB_URBAN,ROAD,4,17.0
17026,1,5,110,1,1,50.0,0,I,MELB_URBAN,STREET,4,14.0
17027,1,5,130,5,1,100.0,0,I,MELB_URBAN,FREEWAY,4,17.0
17028,1,5,113,2,1,80.0,0,I,MELB_URBAN,ROAD,4,15.0
17029,4,5,99,2,1,60.0,0,N,MELB_URBAN,ROAD,4,14.0
17030,1,5,110,1,1,50.0,0,I,MELB_URBAN,OTHER,4,17.0
17031,1,5,113,2,6,80.0,0,I,TOWNS,HIGHWAY,4,19.0
17032,1,5,99,5,1,40.0,0,N,MELBOURNE_CBD,STREET,4,16.0
17033,8,4,174,2,1,60.0,0,I,MELB_URBAN,STREET,4,19.0
17034,1,4,160,5,1,50.0,0,N,MELB_URBAN,STREET,4,15.0
17035,1,5,160,5,2,60.0,0,N,MELB_URBAN,ROAD,4,18.0
17036,4,5,171,2,3,50.0,0,I,MELB_URBAN,STREET,4,20.0
17037,1,5,113,2,3,80.0,0,I,MELB_URBAN,ROAD,4,21.0
17038,1,5,99,2,3,60.0,0,I,MELB_URBAN,STREET,4,20.0
17039,1,5,99,1,1,70.0,0,I,LARGE_PROVINCIAL_CITIES,HIGHWAY,4,16.0
17040,1,5,130,5,3,60.0,0,N,MELB_URBAN,ROAD,4,22.0
17041,1,5,121,2,2,70.0,0,I,MELB_URBAN,ROAD,4,6.0
17042,4,4,171,1,2,100.0,0,I,RURAL_VICTORIA,ROAD,3,7.0
17043,2,6,102,1,3,40.0,0,I,MELB_URBAN,STREET,4,6.0
17044,4,6,171,1,3,60.0,0,I,MELB_URBAN,ROAD,4,6.0
17045,1,5,120,5,1,80.0,0,N,TOWNS,ROAD,4,14.0
17046,1,5,130,5,1,60.0,0,N,RURAL_VICTORIA,STREET,4,8.0
17047,1,6,110,1,1,50.0,0,I,MELB_URBAN,DRIVE,4,10.0
17048,1,6,163,5,1,60.0,0,N,MELB_URBAN,PARADE,4,9.0
17049,1,6,135,5,1,100.0,0,N,MELB_URBAN,FREEWAY,4,11.0
17050,1,6,99,1,1,60.0,0,I,MELB_URBAN,ROAD,4,11.0
17051,1,6,110,1,1,100.0,0,I,RURAL_VICTORIA,ROAD,4,11.0
17052,1,6,121,2,1,50.0,0,I,SMALL_CITIES,STREET,4,8.0
17053,1,6,110,1,1,50.0,0,I,SMALL_CITIES,STREET,4,12.0
17054,1,6,160,5,1,50.0,0,N,MELB_URBAN,STREET,4,12.0
17055,2,6,99,5,1,50.0,0,N,MELB_URBAN,STREET,4,14.0
17056,1,6,130,2,1,60.0,0,I,SMALL_CITIES,STREET,4,10.0
17057,1,6,99,5,1,50.0,0,N,RURAL_VICTORIA,STREET,4,12.0
17058,2,6,99,2,1,70.0,0,I,MELB_URBAN,ROAD,4,13.0
17059,2,6,99,5,1,60.0,0,N,TOWNS,STREET,4,15.0
17060,1,6,120,5,1,100.0,1,N,RURAL_VICTORIA,ROAD,4,8.0
17061,1,6,113,2,1,60.0,0,I,SMALL_CITIES,ROAD,4,15.0
17062,1,6,99,5,1,80.0,0,I,MELB_URBAN,ROAD,4,10.0
17063,1,6,134,5,1,100.0,0,N,MELB_URBAN,FREEWAY,4,14.0
17064,1,5,140,2,1,60.0,0,I,MELB_URBAN,ROAD,4,17.0
17065,1,6,121,2,1,60.0,0,I,MELB_URBAN,OTHER,2,9.0
17066,8,5,174,5,1,60.0,0,N,RURAL_VICTORIA,OTHER,12,10.0
17067,1,6,113,2,1,50.0,0,I,MELB_URBAN,ROAD,4,15.0
17068,1,6,130,1,1,50.0,0,I,MELB_URBAN,ROAD,4,15.0
17069,8,1,174,5,1,60.0,0,N,RURAL_VICTORIA,ROAD,3,16.0
17070,4,6,171,2,1,70.0,0,I,MELB_URBAN,ROAD,4,18.0
17071,4,6,99,5,1,100.0,0,N,RURAL_VICTORIA,OTHER,4,16.0
17072,1,6,121,2,1,40.0,0,I,MELB_URBAN,STREET,4,16.0
17073,1,6,110,1,3,50.0,0,I,MELB_URBAN,STREET,4,20.0
17074,1,6,121,1,3,80.0,0,I,MELB_URBAN,ROAD,4,19.0
17075,6,0,174,5,1,60.0,0,N,RURAL_VICTORIA,OTHER,3,14.0
17076,1,6,130,5,2,60.0,0,N,MELB_URBAN,STREET,4,17.0
17077,4,6,183,2,3,80.0,0,I,MELB_URBAN,HIGHWAY,4,20.0
17078,1,6,140,1,2,70.0,0,I,MELB_URBAN,HIGHWAY,4,18.0
17079,4,6,171,5,2,70.0,0,N,MELB_URBAN,ROAD,4,17.0
17080,1,6,99,5,5,70.0,0,N,SMALL_CITIES,ROAD,4,21.0
17081,6,6,184,5,5,60.0,0,N,RURAL_VICTORIA,ROAD,4,22.0
17082,1,6,121,1,3,60.0,0,I,MELB_URBAN,ROAD,4,23.0
17083,2,5,99,5,3,50.0,0,N,MELB_URBAN,ROAD,4,20.0
17084,1,6,160,5,3,50.0,0,N,MELB_URBAN,OTHER,4,20.0
17085,4,7,171,2,3,50.0,0,I,MELB_URBAN,BOULEVARD,4,1.0
17086,1,7,121,2,3,80.0,0,I,MELB_URBAN,ROAD,4,0.0
17087,1,7,113,2,3,60.0,0,I,MELB_URBAN,ROAD,4,7.0
17088,4,7,173,5,1,60.0,0,N,MELB_URBAN,ROAD,4,7.0
17089,1,1,120,5,1,60.0,0,N,RURAL_VICTORIA,OTHER,1,11.0
17090,1,4,130,1,1,60.0,0,I,MELB_URBAN,STREET,3,14.0
17091,1,7,130,5,1,60.0,0,N,MELB_URBAN,ROAD,2,14.0
17092,8,7,99,5,1,100.0,0,N,RURAL_VICTORIA,ROAD,4,11.0
17093,1,5,130,5,1,50.0,0,N,MELB_URBAN,HIGHWAY,4,13.0
17094,1,6,130,2,2,80.0,0,I,MELB_URBAN,HIGHWAY,4,17.0
17095,1,7,110,1,1,50.0,0,I,MELB_URBAN,STREET,4,10.0
17096,1,7,130,1,1,80.0,0,I,MELB_URBAN,ROAD,4,10.0
17097,1,7,116,2,1,60.0,0,I,MELB_URBAN,OTHER,4,9.0
17098,4,6,99,5,1,50.0,0,N,TOWNS,STREET,4,9.0
17099,1,7,99,5,1,100.0,0,N,RURAL_VICTORIA,ROAD,4,12.0
17100,1,7,110,1,1,50.0,0,I,MELB_URBAN,STREET,4,12.0
17101,4,7,171,2,1,50.0,0,I,MELB_URBAN,ROAD,4,10.0
17102,1,7,121,1,1,60.0,0,I,MELB_URBAN,UNKNOWN,4,12.0
17103,1,7,99,1,1,40.0,0,I,MELB_URBAN,STREET,4,12.0
17104,2,7,100,5,1,50.0,0,N,MELB_URBAN,ROAD,4,12.0
17105,1,6,130,1,1,60.0,0,I,MELB_URBAN,ROAD,4,17.0
17106,1,6,130,1,1,60.0,0,I,LARGE_PROVINCIAL_CITIES,ROAD,4,14.0
17107,1,7,130,1,1,80.0,0,I,MELB_URBAN,ROAD,4,12.0
17108,6,7,99,5,1,100.0,0,N,RURAL_VICTORIA,ROAD,4,8.0
17109,8,6,170,5,1,100.0,0,N,RURAL_VICTORIA,HIGHWAY,4,15.0
17110,4,7,181,5,1,100.0,0,N,RURAL_VICTORIA,ROAD,4,10.0
17111,4,7,99,5,1,50.0,0,N,MELB_URBAN,STREET,4,13.0
17112,1,7,130,4,1,60.0,0,I,MELB_URBAN,ROAD,4,16.0
17113,2,6,100,5,1,60.0,0,N,MELB_URBAN,ROAD,4,11.0
17114,1,7,120,5,2,100.0,0,N,RURAL_VICTORIA,HIGHWAY,4,18.0
17115,8,7,99,1,3,40.0,0,I,MELB_URBAN,ROAD,4,19.0
17116,1,1,147,2,3,80.0,0,I,MELB_URBAN,ROAD,4,0.0
17117,1,7,116,2,3,60.0,0,I,MELB_URBAN,DRIVE,4,22.0
17118,4,6,171,5,3,50.0,0,N,MELB_URBAN,AVENUE,4,2.0
17119,1,7,116,2,3,60.0,0,I,MELB_URBAN,ROAD,4,23.0
17120,1,1,140,2,6,80.0,0,I,MELB_URBAN,HIGHWAY,4,2.0
17121,4,1,99,2,5,60.0,0,I,RURAL_VICTORIA,ROAD,4,4.0
17122,4,1,173,2,3,60.0,0,I,MELB_URBAN,STREET,4,4.0
17123,2,6,99,5,1,60.0,0,N,MELB_URBAN,STREET,3,14.0
17124,8,7,184,5,1,60.0,0,N,RURAL_VICTORIA,ROAD,4,16.0
17125,8,6,99,5,1,60.0,0,N,RURAL_VICTORIA,ROAD,3,14.0
17126,1,1,99,2,1,60.0,0,I,MELB_URBAN,ROAD,4,9.0
17127,1,7,113,2,1,50.0,0,I,TOWNS,ROAD,4,13.0
17128,1,1,130,5,1,60.0,0,N,MELB_URBAN,ROAD,4,9.0
17129,1,7,121,5,1,60.0,0,N,MELB_URBAN,ROAD,4,14.0
17130,1,1,99,5,1,50.0,0,N,LARGE_PROVINCIAL_CITIES,STREET,4,11.0
17131,1,1,121,2,1,50.0,0,I,SMALL_CITIES,BOULEVARD,4,10.0
17132,1,6,130,5,9,80.0,0,N,MELB_URBAN,UNKNOWN,9,18.0
17133,2,1,99,5,1,100.0,0,N,RURAL_VICTORIA,ROAD,4,9.0
17134,3,1,167,5,1,100.0,0,N,RURAL_VICTORIA,ROAD,4,11.0
17135,1,1,110,1,1,60.0,0,I,LARGE_PROVINCIAL_CITIES,STREET,4,13.0
17136,1,7,116,1,1,50.0,0,I,SMALL_CITIES,STREET,4,13.0