,accident_type,day_of_week,dca_code,road_geometry,light_condition,speed_zone,severity,node_type,deg_urban_name,road_type,month,hour
17137,1,1,130,1,1,70.0,0,I,MELB_URBAN,ROAD,4,14.0
17138,6,1,184,5,1,60.0,0,N,MELB_URBAN,OTHER,4,9.0
17139,1,0,113,2,1,70.0,0,I,SMALL_CITIES,HIGHWAY,4,15.0
17140,6,1,99,5,1,110.0,0,N,SMALL_CITIES,FREEWAY,4,13.0
17141,4,1,171,5,1,100.0,0,N,RURAL_VICTORIA,ROAD,4,14.0
17142,1,1,160,5,9,60.0,0,N,MELB_URBAN,STREET,2,17.0
17143,1,1,120,5,2,70.0,0,N,RURAL_VICTORIA,ROAD,4,17.0
17144,4,1,181,5,1,100.0,0,N,RURAL_VICTORIA,ROAD,4,15.0
17145,1,1,121,1,2,50.0,0,I,LARGE_PROVINCIAL_CITIES,STREET,4,17.0
17146,1,1,116,1,2,50.0,0,I,TOWNS,ROAD,4,17.0
17147,4,1,181,5,2,100.0,0,N,RURAL_VICTORIA,FREEWAY,4,18.0
17148,1,1,160,2,3,60.0,0,I,LARGE_PROVINCIAL_CITIES,ROAD,4,19.0
17149,3,1,167,5,2,60.0,0,N,SMALL_TOWNS,ROAD,4,17.0
17150,1,3,110,1,1,50.0,0,I,MELB_URBAN,DRIVE,4,8.0
17151,4,1,173,5,3,60.0,0,N,MELB_URBAN,ROAD,4,2.0
17152,1,1,120,5,5,100.0,1,N,RURAL_VICTORIA,HIGHWAY,4,20.0
17153,4,1,171,1,3,70.0,0,I,RURAL_VICTORIA,ROAD,4,0.0
17154,4,7,181,4,1,100.0,0,N,RURAL_VICTORIA,OTHER,4,14.0
17155,4,2,173,5,3,100.0,0,N,RURAL_VICTORIA,HIGHWAY,4,2.0
17156,1,2,113,2,1,60.0,0,I,MELB_URBAN,ROAD,4,9.0
17157,1,2,160,5,2,50.0,0,N,MELB_URBAN,STREET,4,6.0
17158,1,7,130,1,1,70.0,0,I,MELB_URBAN,STREET,4,11.0
17159,1,2,110,1,1,50.0,0,I,LARGE_PROVINCIAL_CITIES,STREET,4,10.0
17160,4,4,181,5,1,60.0,0,N,RURAL_VICTORIA,ROAD,2,12.0
17161,6,7,174,5,1,60.0,0,N,RURAL_VICTORIA,ROAD,4,15.0
17162,4,2,173,2,1,100.0,0,I,RURAL_VICTORIA,OTHER,4,11.0
17163,1,3,130,5,1,60.0,0,N,MELB_URBAN,HIGHWAY,11,17.0
17164,6,1,99,5,5,60.0,0,N,RURAL_VICTORIA,ROAD,3,21.0
17165,1,2,163,5,1,40.0,0,N,MELB_URBAN,ROAD,4,8.0
17166,1,2,130,1,1,60.0,0,I,MELB_URBAN,STREET,4,12.0
17167,1,2,130,5,1,60.0,0,N,MELB_URBAN,ROAD,4,11.0
17168,4,2,171,5,1,100.0,0,N,RURAL_VICTORIA,ROAD,4,12.0
17169,2,5,100,5,1,40.0,0,N,MELB_URBAN,ROAD,3,14.0
17170,1,7,121,2,1,100.0,0,N,TOWNS,HIGHWAY,4,9.0
17171,1,2,135,1,1,60.0,0,I,MELB_URBAN,ROAD,4,14.0
17172,2,2,100,1,1,60.0,0,I,LARGE_PROVINCIAL_CITIES,STREET,4,16.0
17173,1,2,110,1,1,60.0,0,I,TOWNS,STREET,4,15.0
17174,1,2,99,1,1,60.0,0,I,LARGE_PROVINCIAL_CITIES,STREET,4,14.0
17175,4,2,99,5,1,50.0,0,N,MELB_URBAN,STREET,4,16.0
17176,4,2,173,5,1,50.0,0,N,MELB_URBAN,DRIVE,4,15.0
17177,2,1,99,4,1,80.0,0,I,MELB_URBAN,RAMP,4,11.0
17178,2,2,100,1,3,40.0,0,I,MELB_URBAN,STREET,4,18.0
17179,1,2,110,1,3,60.0,0,I,MELB_URBAN,STREET,4,19.0
17180,4,2,173,5,1,100.0,1,N,RURAL_VICTORIA,ROAD,4,13.0
17181,4,6,171,5,2,100.0,0,N,RURAL_VICTORIA,ROAD,3,7.0
17182,1,1,130,5,3,80.0,0,N,MELB_URBAN,OTHER,4,21.0
17183,2,2,102,5,1,50.0,0,N,LARGE_PROVINCIAL_CITIES,STREET,4,15.0
17184,1,2,130,1,1,80.0,0,I,MELB_URBAN,ROAD,4,16.0
17185,1,7,132,2,1,60.0,0,I,MELB_URBAN,ROAD,3,12.0
17186,1,2,120,5,3,110.0,0,I,SMALL_CITIES,FREEWAY,4,18.0
17187,1,2,111,2,1,50.0,0,I,MELB_URBAN,ROAD,4,16.0
17188,4,7,181,5,1,100.0,0,N,MELB_URBAN,RAMP,11,14.0
17189,4,2,171,5,3,60.0,0,N,MELB_URBAN,STREET,4,22.0
17190,1,6,113,2,1,50.0,0,I,RURAL_VICTORIA,ROAD,4,15.0
17191,8,3,174,2,3,80.0,0,N,MELB_URBAN,ROAD,4,5.0
17192,8,2,170,5,5,80.0,0,N,RURAL_VICTORIA,DRIVE,4,20.0
17193,1,2,121,1,1,60.0,0,I,LARGE_PROVINCIAL_CITIES,STREET,4,15.0
17194,1,3,134,5,2,100.0,0,N,MELB_URBAN,FREEWAY,4,6.0
17195,1,3,121,1,1,70.0,0,I,MELB_URBAN,ROAD,4,7.0
17196,2,3,100,1,3,60.0,0,I,MELB_URBAN,ROAD,4,5.0
17197,1,3,121,1,1,60.0,0,I,MELB_URBAN,ROAD,4,8.0
17198,1,1,99,5,1,80.0,0,N,RURAL_VICTORIA,ROAD,4,11.0
17199,1,5,99,5,1,60.0,0,N,SMALL_CITIES,ROAD,2,12.0
17200,1,3,121,1,1,50.0,0,I,SMALL_CITIES,PARADE,4,9.0
17201,1,2,99,1,3,60.0,0,I,MELB_URBAN,ROAD,4,19.0
17202,6,7,174,2,1,60.0,0,I,RURAL_VICTORIA,ROAD,4,14.0
17203,1,3,160,5,1,60.0,0,N,MELB_URBAN,STREET,4,10.0
17204,1,3,121,2,1,50.0,0,I,LARGE_PROVINCIAL_CITIES,AVENUE,4,8.0
17205,1,3,121,5,1,60.0,0,N,LARGE_PROVINCIAL_CITIES,STREET,4,9.0
17206,4,2,181,5,2,60.0,0,N,RURAL_VICTORIA,ROAD,4,18.0
17207,1,3,134,5,1,100.0,0,N,MELB_URBAN,FREEWAY,4,13.0
17208,4,3,183,5,5,100.0,0,N,RURAL_VICTORIA,ROAD,4,2.0
17209,1,3,160,5,1,50.0,0,N,MELB_URBAN,BOULEVARD,4,14.0
17210,1,3,99,2,1,60.0,0,I,MELB_URBAN,ROAD,4,14.0
17211,1,3,147,5,1,50.0,0,N,MELB_URBAN,DRIVE,4,15.0
17212,1,3,140,5,1,50.0,0,N,MELB_URBAN,ROAD,4,16.0
17213,6,2,184,5,1,60.0,0,N,RURAL_VICTORIA,ROAD,4,11.0
17214,1,3,110,1,2,50.0,0,I,SMALL_CITIES,STREET,4,17.0
17215,1,3,113,2,2,80.0,0,I,SMALL_CITIES,HIGHWAY,4,17.0
17216,1,7,110,1,1,50.0,0,I,MELB_URBAN,STREET,4,10.0
17217,4,3,171,4,1,60.0,0,I,MELB_URBAN,ROAD,4,15.0
17218,1,3,99,1,1,60.0,0,I,LARGE_PROVINCIAL_CITIES,STREET,4,15.0
17219,1,3,99,5,2,60.0,0,N,MELB_URBAN,ROAD,4,18.0
17220,1,3,160,5,3,70.0,0,N,MELB_URBAN,STREET,4,19.0
17221,1,4,130,1,9,60.0,0,I,MELB_URBAN,ROAD,2,17.0
17222,1,3,110,1,1,60.0,0,I,LARGE_PROVINCIAL_CITIES,STREET,4,14.0
17223,6,3,99,5,2,100.0,0,N,RURAL_VICTORIA,ROAD,4,17.0
17224,1,3,163,2,3,60.0,0,I,MELB_URBAN,ROAD,4,18.0
17225,1,5,99,4,1,50.0,0,I,TOWNS,STREET,2,15.0
17226,1,3,121,2,3,50.0,0,I,MELB_URBAN,STREET,4,20.0
17227,1,3,99,2,3,50.0,0,I,MELB_URBAN,OTHER,4,19.0
17228,1,3,163,1,3,40.0,0,I,MELB_URBAN,STREET,4,21.0
17229,4,4,171,1,3,80.0,0,I,MELB_URBAN,ROAD,4,2.0
17230,4,4,171,5,3,50.0,0,N,MELB_URBAN,ROAD,4,0.0
17231,1,4,110,1,3,50.0,0,I,MELB_URBAN,STREET,4,4.0
17232,1,3,120,5,1,50.0,0,N,MELB_URBAN,STREET,4,13.0
17233,1,4,130,5,5,100.0,0,N,MELB_URBAN,FREEWAY,4,6.0
17234,1,4,110,1,1,50.0,0,I,MELB_URBAN,STREET,4,8.0
17235,1,3,160,5,1,100.0,0,N,RURAL_VICTORIA,HIGHWAY,4,11.0
17236,1,4,113,2,1,60.0,0,I,MELB_URBAN,ROAD,4,8.0
17237,1,4,110,1,1,50.0,0,I,MELB_URBAN,STREET,4,9.0
17238,1,3,113,1,1,60.0,0,I,TOWNS,STREET,4,14.0
17239,1,4,121,2,1,60.0,0,I,MELB_URBAN,ROAD,4,8.0
17240,5,1,99,2,1,60.0,0,I,RURAL_VICTORIA,OTHER,4,12.0
17241,1,3,134,5,3,100.0,0,N,MELB_URBAN,UNKNOWN,4,19.0
17242,1,4,113,2,1,60.0,0,I,MELB_URBAN,ROAD,4,10.0
17243,1,3,130,1,3,50.0,0,I,SMALL_CITIES,STREET,4,20.0
17244,1,3,121,1,2,60.0,0,I,MELB_URBAN,STREET,4,18.0
17245,8,4,170,2,2,80.0,0,I,SMALL_CITIES,HIGHWAY,3,6.0
17246,1,4,116,2,1,60.0,0,I,MELB_URBAN,STREET,2,8.0
17247,1,4,99,1,1,50.0,0,I,MELBOURNE_CBD,STREET,4,8.0
17248,1,4,120,5,1,60.0,0,N,MELB_URBAN,ROAD,4,11.0
17249,8,4,99,1,1,70.0,0,I,MELB_URBAN,ROAD,4,11.0
17250,1,4,99,5,1,70.0,0,N,LARGE_PROVINCIAL_CITIES,HIGHWAY,4,11.0
17251,1,2,135,5,1,100.0,0,N,MELB_URBAN,FREEWAY,4,15.0
17252,1,4,121,1,1,60.0,0,I,MELB_URBAN,STREET,4,14.0
17253,1,4,110,1,1,60.0,0,I,MELB_URBAN,ROAD,4,10.0
17254,4,7,173,2,6,80.0,0,I,RURAL_VICTORIA,ROAD,4,0.0
17255,8,3,184,5,1,80.0,0,N,RURAL_VICTORIA,ROAD,3,10.0
17256,1,4,130,5,1,100.0,0,N,RURAL_VICTORIA,ROAD,4,15.0
17257,1,4,121,1,2,80.0,0,I,MELB_URBAN,ROAD,4,16.0
17258,1,4,147,5,1,100.0,0,N,RURAL_VICTORIA,ROAD,4,16.0
17259,1,4,130,5,1,80.0,0,N,MELB_URBAN,ROAD,4,16.0
17260,1,4,113,2,2,80.0,0,I,MELB_URBAN,HIGHWAY,4,17.0
17261,1,4,110,1,1,50.0,0,I,MELB_URBAN,OTHER,4,15.0
17262,1,4,99,2,3,60.0,0,I,MELB_URBAN,UNKNOWN,4,19.0
17263,1,4,99,2,1,50.0,0,I,MELB_URBAN,ROAD,4,16.0
17264,1,4,140,5,3,50.0,0,N,TOWNS,STREET,4,18.0
17265,1,4,130,5,1,100.0,0,N,MELB_URBAN,FREEWAY,4,16.0
17266,8,4,170,5,3,60.0,0,N,MELB_URBAN,AVENUE,4,19.0
17267,1,4,99,2,1,60.0,0,I,MELB_URBAN,ROAD,4,6.0
17268,1,4,111,2,3,70.0,0,N,MELB_URBAN,ROAD,4,23.0
17269,1,4,121,4,2,70.0,0,I,MELB_URBAN,RAMP,4,6.0
17270,2,5,99,5,3,80.0,0,N,MELB_URBAN,ROAD,4,0.0
17271,1,5,121,2,1,60.0,0,I,MELB_URBAN,UNKNOWN,4,7.0
17272,1,3,132,2,1,60.0,0,I,MELB_URBAN,STREET,4,12.0
17273,1,5,113,2,1,60.0,0,I,SMALL_CITIES,AVENUE,4,8.0
17274,1,5,120,5,1,80.0,0,N,RURAL_VICTORIA,ROAD,4,8.0
17275,1,4,130,5,1,60.0,0,N,MELB_URBAN,STREET,3,16.0
17276,1,5,110,1,1,100.0,0,I,SMALL_CITIES,ROAD,4,8.0
17277,6,5,184,5,1,100.0,0,N,RURAL_VICTORIA,HIGHWAY,4,7.0
17278,1,5,130,2,1,60.0,0,I,MELB_URBAN,ROAD,4,11.0
17279,8,5,174,1,1,60.0,0,I,MELB_URBAN,STREET,4,9.0
17280,1,5,160,5,1,60.0,0,N,MELB_URBAN,ROAD,4,9.0
17281,1,5,132,2,1,60.0,0,I,MELB_URBAN,AVENUE,4,8.0
17282,1,1,110,1,1,60.0,0,I,LARGE_PROVINCIAL_CITIES,STREET,3,17.0
17283,6,2,174,5,1,60.0,0,N,RURAL_VICTORIA,ROAD,4,16.0
17284,1,7,99,1,3,60.0,0,I,MELB_URBAN,HIGHWAY,3,23.0
17285,4,5,181,5,1,100.0,0,N,RURAL_VICTORIA,ROAD,4,12.0
17286,1,4,163,5,3,60.0,0,N,MELB_URBAN,ROAD,4,22.0
17287,4,5,173,5,2,100.0,0,N,RURAL_VICTORIA,ROAD,4,7.0
17288,6,5,174,5,1,110.0,0,N,RURAL_VICTORIA,RAMP,4,12.0
17289,1,5,99,2,1,50.0,0,I,MELB_URBAN,OTHER,4,8.0
17290,1,5,121,2,1,80.0,0,I,LARGE_PROVINCIAL_CITIES,ROAD,4,12.0
17291,1,2,130,1,1,70.0,0,I,TOWNS,HIGHWAY,4,16.0
17292,8,7,99,5,1,100.0,0,N,RURAL_VICTORIA,ROAD,4,11.0
17293,1,5,120,5,1,50.0,0,N,MELB_URBAN,DRIVE,4,10.0
17294,1,5,133,5,1,80.0,0,N,MELB_URBAN,ROAD,4,13.0
17295,1,5,121,1,1,60.0,0,I,MELB_URBAN,STREET,4,14.0
17296,8,2,184,5,1,100.0,0,N,RURAL_VICTORIA,ROAD,3,11.0
17297,1,5,121,5,1,60.0,0,N,LARGE_PROVINCIAL_CITIES,ROAD,4,15.0
17298,1,5,130,2,1,70.0,0,N,LARGE_PROVINCIAL_CITIES,HIGHWAY,4,11.0
17299,1,5,113,2,1,80.0,0,I,MELB_URBAN,HIGHWAY,4,14.0
17300,1,5,120,5,1,50.0,0,N,RURAL_VICTORIA,AVENUE,4,15.0
17301,1,2,113,2,1,60.0,0,I,MELB_URBAN,ROAD,3,11.0
17302,5,5,99,5,1,110.0,0,N,RURAL_VICTORIA,FREEWAY,4,14.0
17303,1,5,134,1,1,60.0,0,I,MELB_URBAN,ROAD,4,16.0
17304,1,5,147,2,9,50.0,0,I,MELB_URBAN,OTHER,4,18.0
17305,4,5,171,5,1,100.0,0,N,RURAL_VICTORIA,HIGHWAY,4,15.0
17306,1,4,134,5,1,80.0,0,N,MELB_URBAN,ROAD,3,9.0
17307,1,5,111,1,1,110.0,0,N,RURAL_VICTORIA,ROAD,4,17.0
17308,1,5,113,2,3,60.0,0,I,MELB_URBAN,STREET,4,20.0
17309,4,4,171,2,3,60.0,0,I,MELB_URBAN,STREET,4,19.0
17310,1,5,113,1,2,60.0,0,I,MELB_URBAN,ROAD,4,6.0
17311,1,6,135,5,3,40.0,0,N,MELB_URBAN,ROAD,4,4.0
17312,1,2,147,5,1,60.0,0,N,SMALL_TOWNS,STREET,4,12.0
17313,1,6,116,1,2,50.0,0,I,LARGE_PROVINCIAL_CITIES,ROAD,4,6.0
17314,1,6,133,5,1,100.0,0,N,MELB_URBAN,FREEWAY,4,8.0
17315,1,6,130,2,1,60.0,0,I,MELB_URBAN,ROAD,4,12.0
17316,1,5,133,1,1,60.0,0,I,MELB_URBAN,STREET,4,8.0
17317,1,6,121,5,1,40.0,0,N,MELBOURNE_CBD,OTHER,4,11.0
17318,1,6,113,2,1,60.0,0,I,LARGE_PROVINCIAL_CITIES,HIGHWAY,4,9.0
17319,6,6,170,5,1,90.0,0,N,RURAL_VICTORIA,DRIVE,4,13.0
17320,6,6,174,1,1,60.0,0,I,LARGE_PROVINCIAL_CITIES,STREET,4,13.0
17321,1,6,120,2,1,100.0,1,I,RURAL_VICTORIA,ROAD,4,10.0
17322,7,1,99,2,6,60.0,0,I,MELB_URBAN,ROAD,4,2.0
17323,1,6,130,5,1,80.0,0,N,MELB_URBAN,HIGHWAY,4,15.0
17324,2,6,100,5,1,60.0,0,N,MELB_URBAN,ROAD,4,15.0
17325,1,6,120,5,1,80.0,0,N,RURAL_VICTORIA,ROAD,4,14.0
17326,1,6,130,1,1,50.0,0,I,MELB_URBAN,STREET,4,17.0
17327,1,6,130,1,2,50.0,0,I,MELB_URBAN,ROAD,4,17.0
17328,4,6,171,5,1,100.0,0,N,RURAL_VICTORIA,ROAD,4,14.0
17329,1,6,130,5,1,80.0,0,N,MELB_URBAN,HIGHWAY,4,15.0
17330,2,6,99,2,2,60.0,0,I,MELB_URBAN,STREET,4,17.0
17331,1,6,121,5,2,60.0,0,N,MELB_URBAN,ROAD,4,18.0
17332,1,6,120,5,3,50.0,0,N,MELB_URBAN,UNKNOWN,4,18.0
17333,1,3,163,1,1,50.0,0,I,MELB_URBAN,PARADE,4,16.0
17334,1,6,121,1,2,60.0,0,I,LARGE_PROVINCIAL_CITIES,STREET,4,16.0
17335,4,6,171,5,2,100.0,0,N,RURAL_VICTORIA,ROAD,4,17.0
17336,1,6,130,1,1,60.0,0,I,SMALL_CITIES,ROAD,3,14.0
17337,1,6,132,2,1,80.0,0,I,SMALL_CITIES,ROAD,4,16.0
17338,1,6,121,1,3,60.0,0,I,MELB_URBAN,STREET,4,19.0
17339,1,6,130,5,3,60.0,0,N,MELB_URBAN,ROAD,4,19.0
17340,1,6,121,1,2,50.0,1,I,MELB_URBAN,STREET,4,17.0
17341,1,6,140,5,1,40.0,0,N,MELB_URBAN,ROAD,4,17.0
17342,2,6,100,1,2,60.0,1,I,MELB_URBAN,ROAD,4,18.0
17343,4,6,181,5,3,50.0,0,N,MELB_URBAN,OTHER,4,22.0
17344,4,6,171,5,5,100.0,0,N,RURAL_VICTORIA,ROAD,4,23.0
17345,1,6,130,1,2,70.0,0,I,MELB_URBAN,ROAD,4,5.0
17346,4,7,183,5,1,50.0,0,N,RURAL_VICTORIA,ROAD,4,13.0
17347,1,3,147,2,1,60.0,0,I,LARGE_PROVINCIAL_CITIES,ROAD,4,17.0
17348,1,5,130,5,1,60.0,0,N,MELB_URBAN,ROAD,4,15.0
17349,8,4,174,2,1,50.0,0,I,RURAL_VICTORIA,ROAD,4,18.0
17350,4,7,171,5,1,100.0,0,N,MELB_URBAN,RAMP,4,8.0
17351,1,2,99,2,1,40.0,0,N,MELB_URBAN,ROAD,4,11.0
17352,1,7,130,2,1,60.0,0,N,MELB_URBAN,ROAD,4,10.0
17353,1,6,132,5,3,60.0,0,N,SMALL_CITIES,STREET,4,19.0
17354,1,7,140,5,1,100.0,0,N,RURAL_VICTORIA,HIGHWAY,4,14.0
17355,1,4,132,2,1,80.0,0,I,MELB_URBAN,ROAD,3,12.0
17356,8,7,174,2,5,100.0,0,N,RURAL_VICTORIA,AVENUE,4,19.0
17357,1,7,132,1,5,80.0,0,I,RURAL_VICTORIA,ROAD,4,18.0
17358,1,7,110,1,3,60.0,0,I,MELB_URBAN,ROAD,4,19.0
17359,1,7,130,5,1,40.0,0,N,MELB_URBAN,ROAD,4,16.0
17360,4,7,171,2,3,80.0,0,I,SMALL_CITIES,STREET,4,20.0
17361,1,6,120,5,5,110.0,0,N,RURAL_VICTORIA,FREEWAY,4,21.0
17362,2,7,100,5,5,50.0,0,N,MELB_URBAN,STREET,4,21.0
17363,1,7,111,2,3,80.0,0,I,MELB_URBAN,ROAD,4,0.0
17364,1,5,130,1,1,60.0,0,I,MELB_URBAN,STREET,2,8.0
17365,1,7,110,1,3,60.0,0,I,MELB_URBAN,STREET,4,23.0
17366,4,1,173,5,3,70.0,0,N,MELB_URBAN,ROAD,4,2.0
17367,1,1,130,1,3,70.0,0,I,MELB_URBAN,ROAD,4,5.0
17368,1,1,99,5,5,100.0,0,N,MELB_URBAN,FREEWAY,4,4.0
17369,1,7,113,1,1,60.0,0,I,MELB_URBAN,ROAD,4,12.0
17370,1,4,99,2,1,60.0,0,I,MELB_URBAN,DRIVE,4,12.0
17371,4,7,173,5,5,100.0,0,N,RURAL_VICTORIA,ROAD,4,17.0
17372,6,1,174,1,1,60.0,0,I,TOWNS,STREET,4,9.0
17373,4,1,173,5,2,50.0,0,N,MELB_URBAN,ROAD,4,6.0
17374,1,2,135,5,1,60.0,0,N,MELB_URBAN,STREET,4,13.0
17375,1,7,113,2,1,60.0,0,I,MELB_URBAN,ROAD,4,12.0
17376,1,7,113,2,1,60.0,0,I,MELB_URBAN,DRIVE,4,14.0
17377,4,7,181,2,3,60.0,0,I,MELB_URBAN,DRIVE,4,19.0
17378,8,1,99,5,1,100.0,0,N,RURAL_VICTORIA,ROAD,4,11.0
17379,1,1,116,1,1,60.0,0,I,SMALL_CITIES,ROAD,4,12.0
17380,2,1,100,5,1,50.0,0,N,MELB_URBAN,ROAD,4,12.0
17381,1,1,120,5,1,100.0,0,N,RURAL_VICTORIA,ROAD,4,12.0
17382,6,0,99,5,1,110.0,0,N,SMALL_TOWNS,FREEWAY,4,11.0
17383,1,1,130,2,1,70.0,0,I,MELB_URBAN,STREET,4,12.0
17384,1,1,130,2,1,60.0,0,I,MELB_URBAN,ROAD,4,12.0
17385,1,1,110,1,1,80.0,0,I,SMALL_CITIES,ROAD,4,13.0
17386,1,1,130,1,1,60.0,0,N,MELB_URBAN,HIGHWAY,4,11.0
17387,4,1,173,5,1,70.0,0,N,MELB_URBAN,ROAD,4,14.0
17388,8,1,99,5,1,100.0,0,N,RURAL_VICTORIA,ROAD,4,14.0
17389,1,7,140,5,1,60.0,0,N,MELB_URBAN,ROAD,11,9.0
17390,4,1,181,5,1,100.0,0,N,RURAL_VICTORIA,ROAD,4,15.0
17391,6,1,99,5,1,100.0,0,N,RURAL_VICTORIA,HIGHWAY,4,11.0
17392,2,1,102,2,1,60.0,0,I,MELB_URBAN,STREET,4,16.0
17393,1,1,120,1,2,70.0,0,I,MELB_URBAN,STREET,4,17.0
17394,6,1,174,1,1,40.0,0,I,MELB_URBAN,STREET,4,16.0
17395,8,1,174,5,1,60.0,0,N,TOWNS,ROAD,4,17.0
17396,6,1,99,5,1,100.0,0,N,RURAL_VICTORIA,ROAD,4,16.0
17397,1,1,130,5,1,80.0,0,N,MELB_URBAN,HIGHWAY,4,15.0
17398,1,4,163,5,1,50.0,0,N,MELB_URBAN,STREET,3,14.0
17399,1,1,120,5,1,80.0,0,N,RURAL_VICTORIA,ROAD,4,17.0
17400,8,1,184,5,1,100.0,0,N,RURAL_VICTORIA,ROAD,4,16.0
17401,4,1,171,5,1,60.0,0,N,MELB_URBAN,ROAD,4,17.0
17402,1,0,132,2,1,80.0,0,I,RURAL_VICTORIA,ROAD,4,15.0
17403,1,0,99,2,1,60.0,0,I,MELB_URBAN,ROAD,3,9.0
17404,4,1,171,5,3,60.0,0,N,MELB_URBAN,ROAD,4,1.0
17405,4,1,173,1,3,60.0,0,I,MELB_URBAN,STREET,4,19.0
17406,2,2,99,5,3,50.0,0,N,LARGE_PROVINCIAL_CITIES,STREET,4,0.0
17407,4,2,173,2,3,60.0,0,I,MELB_URBAN,ROAD,4,2.0
17408,1,7,140,2,1,50.0,0,I,MELB_URBAN,OTHER,12,19.0
17409,4,2,173,2,1,70.0,0,I,MELB_URBAN,ROAD,4,6.0
17410,1,4,116,1,1,50.0,0,I,SMALL_CITIES,STREET,2,8.0
17411,4,7,99,5,1,50.0,0,I,TOWNS,STREET,3,11.0
17412,4,1,181,5,5,80.0,0,N,RURAL_VICTORIA,ROAD,4,19.0
17413,2,1,100,2,3,60.0,0,I,LARGE_PROVINCIAL_CITIES,STREET,4,20.0
17414,4,2,171,5,2,90.0,0,N,RURAL_VICTORIA,HIGHWAY,4,7.0
17415,1,5,130,5,1,60.0,0,N,MELB_URBAN,RAMP,3,9.0
17416,1,6,135,2,1,100.0,0,I,RURAL_VICTORIA,HIGHWAY,10,14.0
17417,4,2,173,2,5,70.0,0,I,RURAL_VICTORIA,ROAD,4,6.0
17418,4,2,181,5,1,80.0,0,N,RURAL_VICTORIA,ROAD,4,10.0
17419,1,2,160,5,1,60.0,0,N,MELB_URBAN,STREET,4,10.0
17420,1,2,120,5,1,60.0,0,N,MELB_URBAN,ROAD,4,10.0
17421,2,2,99,5,1,50.0,0,N,TOWNS,ROAD,4,10.0
17422,8,2,174,2,1,60.0,0,I,MELB_URBAN,STREET,4,8.0
17423,2,2,99,5,1,60.0,0,N,MELBOURNE_CBD,STREET,4,9.0
17424,4,2,183,2,1,50.0,0,I,RURAL_VICTORIA,OTHER,4,8.0
17425,4,2,181,5,1,100.0,0,N,RURAL_VICTORIA,ROAD,4,12.0
17426,4,7,173,5,5,60.0,0,N,RURAL_VICTORIA,ROAD,4,22.0
17427,1,2,116,2,1,70.0,0,I,LARGE_PROVINCIAL_CITIES,HIGHWAY,4,11.0
17428,2,2,99,5,1,80.0,0,N,MELB_URBAN,FREEWAY,4,11.0
17429,1,2,135,5,1,40.0,0,N,MELB_URBAN,ROAD,4,13.0
17430,1,2,110,1,1,60.0,0,I,LARGE_PROVINCIAL_CITIES,STREET,4,11.0
17431,1,2,120,2,1,60.0,0,N,MELB_URBAN,HIGHWAY,4,12.0
17432,1,1,130,5,5,100.0,0,N,MELB_URBAN,FREEWAY,4,20.0
17433,8,6,174,1,1,60.0,0,I,MELB_URBAN,HIGHWAY,3,12.0
17434,4,2,171,2,1,70.0,0,I,MELB_URBAN,ROAD,4,12.0
17435,5,1,99,5,1,50.0,0,N,TOWNS,OTHER,4,11.0
17436,1,7,133,2,1,50.0,0,I,MELB_URBAN,STREET,3,9.0
17437,4,2,181,5,1,100.0,0,N,RURAL_VICTORIA,ROAD,4,13.0
17438,1,2,121,2,1,60.0,0,I,MELB_URBAN,ROAD,4,15.0
17439,4,1,181,5,2,60.0,0,N,RURAL_VICTORIA,ROAD,4,17.0
17440,1,2,130,1,1,60.0,0,I,MELB_URBAN,ROAD,4,16.0
17441,1,5,99,1,1,80.0,0,I,MELB_URBAN,ROAD,12,15.0
17442,1,2,120,5,1,80.0,0,N,MELB_URBAN,ROAD,4,16.0
17443,1,3,110,1,6,60.0,0,I,MELB_URBAN,ROAD,3,20.0
17444,1,2,121,1,3,50.0,0,I,MELB_URBAN,UNKNOWN,4,18.0
17445,1,2,110,1,1,50.0,0,I,LARGE_PROVINCIAL_CITIES,STREET,4,17.0
17446,1,2,130,1,3,70.0,0,I,MELB_URBAN,ROAD,4,18.0
17447,4,2,181,5,2,80.0,0,N,MELB_URBAN,ROAD,4,17.0
17448,1,5,113,2,1,90.0,0,I,MELB_URBAN,ROAD,1,11.0
17449,4,2,173,5,5,70.0,0,N,MELB_URBAN,ROAD,4,4.0
17450,4,2,173,5,3,60.0,0,N,MELB_URBAN,ROAD,4,23.0
17451,1,3,121,2,2,60.0,0,I,MELB_URBAN,ROAD,4,7.0
17452,1,3,113,2,1,60.0,0,I,MELB_URBAN,ROAD,4,8.0
17453,1,3,99,2,1,60.0,0,I,MELB_URBAN,STREET,4,8.0
17454,1,2,121,1,1,60.0,0,I,SMALL_CITIES,ROAD,4,14.0
17455,1,3,130,5,1,60.0,0,N,MELB_URBAN,ROAD,4,9.0
17456,8,1,174,5,2,60.0,0,N,RURAL_VICTORIA,ROAD,3,19.0
17457,1,7,121,2,3,60.0,0,I,MELB_URBAN,ROAD,4,6.0
17458,2,3,102,5,1,60.0,0,N,MELB_URBAN,ROAD,4,7.0
17459,7,3,99,5,1,80.0,0,N,MELB_URBAN,HIGHWAY,3,13.0
17460,1,7,130,1,1,50.0,0,I,MELB_URBAN,STREET,4,9.0
17461,1,3,147,5,1,50.0,0,N,MELB_URBAN,ROAD,4,11.0
17462,1,3,99,2,1,60.0,0,I,MELB_URBAN,ROAD,4,10.0
17463,2,3,99,5,1,60.0,0,N,MELB_URBAN,ROAD,4,8.0
17464,1,7,147,5,2,80.0,0,N,RURAL_VICTORIA,ROAD,3,17.0
17465,1,2,130,1,1,50.0,0,I,SMALL_CITIES,STREET,4,15.0
17466,4,3,171,5,1,100.0,0,N,RURAL_VICTORIA,ROAD,4,8.0