,accident_type,day_of_week,dca_code,road_geometry,light_condition,speed_zone,severity,node_type,deg_urban_name,road_type,month,hour
17467,1,4,130,1,6,70.0,0,N,MELB_URBAN,ROAD,3,21.0
17468,2,2,102,2,3,60.0,0,I,MELB_URBAN,ROAD,4,18.0
17469,1,3,120,5,3,50.0,0,N,MELB_URBAN,DRIVE,4,1.0
17470,1,3,111,2,1,60.0,0,I,MELB_URBAN,ROAD,4,12.0
17471,8,3,174,2,1,50.0,0,I,TOWNS,STREET,4,10.0
17472,6,2,99,5,1,60.0,0,N,RURAL_VICTORIA,OTHER,4,14.0
17473,2,3,99,5,6,40.0,0,N,MELB_URBAN,STREET,4,6.0
17474,2,6,99,5,1,50.0,0,N,LARGE_PROVINCIAL_CITIES,STREET,3,15.0
17475,7,3,99,5,1,60.0,0,N,MELB_URBAN,STREET,4,15.0
17476,1,5,130,1,9,80.0,0,I,MELB_URBAN,ROAD,3,8.0
17477,1,3,147,2,1,50.0,0,I,MELB_URBAN,ROAD,4,15.0
17478,1,3,99,5,2,60.0,0,N,MELB_URBAN,ROAD,4,17.0
17479,1,3,130,1,3,60.0,0,I,MELB_URBAN,ROAD,4,18.0
17480,1,3,113,1,3,60.0,0,I,SMALL_CITIES,STREET,4,19.0
17481,1,3,113,2,3,80.0,0,I,MELB_URBAN,ROAD,4,18.0
17482,2,7,100,1,9,60.0,0,I,MELB_URBAN,STREET,4,0.0
17483,4,3,173,5,5,60.0,0,N,MELB_URBAN,ROAD,4,21.0
17484,1,3,110,1,1,60.0,0,I,MELB_URBAN,ROAD,4,16.0
17485,4,3,183,5,5,100.0,0,N,RURAL_VICTORIA,FREEWAY,4,4.0
17486,6,1,174,5,1,100.0,0,N,RURAL_VICTORIA,ROAD,3,11.0
17487,1,4,130,1,1,80.0,0,N,MELB_URBAN,HIGHWAY,4,7.0
17488,1,4,99,5,1,60.0,0,N,MELB_URBAN,ROAD,4,7.0
17489,2,3,100,2,1,40.0,0,I,TOWNS,STREET,4,9.0
17490,1,3,130,2,3,70.0,0,I,MELB_URBAN,ROAD,4,6.0
17491,1,4,163,2,1,40.0,0,I,MELB_URBAN,STREET,4,8.0
17492,1,4,113,2,1,60.0,0,I,LARGE_PROVINCIAL_CITIES,ROAD,4,8.0
17493,1,4,147,1,1,50.0,0,I,LARGE_PROVINCIAL_CITIES,STREET,4,8.0
17494,1,3,130,2,1,70.0,0,I,MELB_URBAN,ROAD,4,15.0
17495,1,4,99,5,1,40.0,0,N,MELB_URBAN,STREET,4,8.0
17496,1,4,163,1,1,40.0,0,I,MELB_URBAN,OTHER,4,8.0
17497,1,4,130,2,1,50.0,0,I,LARGE_PROVINCIAL_CITIES,STREET,4,10.0
17498,1,4,120,5,1,70.0,0,N,RURAL_VICTORIA,ROAD,4,9.0
17499,1,3,121,1,2,60.0,0,I,MELB_URBAN,ROAD,4,17.0
17500,1,4,99,2,1,100.0,0,I,RURAL_VICTORIA,ROAD,4,8.0
17501,1,4,116,1,1,50.0,0,I,MELB_URBAN,STREET,3,8.0
17502,1,2,130,5,1,100.0,0,N,MELB_URBAN,FREEWAY,4,16.0
17503,4,4,183,2,1,100.0,0,N,RURAL_VICTORIA,ROAD,4,13.0
17504,1,4,147,5,1,40.0,0,N,MELB_URBAN,ROAD,4,14.0
17505,4,4,171,5,1,100.0,0,N,RURAL_VICTORIA,DRIVE,4,13.0
17506,1,4,135,5,1,80.0,0,N,MELB_URBAN,ROAD,4,13.0
17507,1,4,99,1,1,80.0,0,I,MELB_URBAN,HIGHWAY,4,15.0
17508,6,4,170,5,1,90.0,0,N,MELB_URBAN,ROAD,4,14.0
17509,6,2,174,5,1,40.0,0,N,MELB_URBAN,ROAD,4,8.0
17510,1,2,130,2,1,50.0,0,I,MELB_URBAN,ROAD,4,8.0
17511,1,4,113,2,2,80.0,0,I,SMALL_CITIES,ROAD,4,17.0
17512,1,4,121,1,1,40.0,0,I,MELB_URBAN,ROAD,4,15.0
17513,1,6,120,2,1,100.0,0,I,RURAL_VICTORIA,ROAD,4,13.0
17514,1,4,130,5,2,60.0,0,N,MELB_URBAN,HIGHWAY,4,17.0
17515,1,4,130,1,1,50.0,0,I,LARGE_PROVINCIAL_CITIES,STREET,4,16.0
17516,4,4,171,2,1,60.0,0,I,RURAL_VICTORIA,ROAD,4,15.0
17517,6,4,174,2,5,70.0,0,I,MELB_URBAN,ROAD,4,18.0
17518,2,4,102,2,3,60.0,0,I,LARGE_PROVINCIAL_CITIES,STREET,4,18.0
17519,1,4,113,2,1,60.0,0,I,SMALL_CITIES,STREET,4,15.0
17520,1,4,121,2,3,80.0,0,I,MELB_URBAN,ROAD,4,19.0
17521,4,4,171,5,3,80.0,0,N,MELB_URBAN,HIGHWAY,4,19.0
17522,1,4,163,5,3,50.0,0,N,MELB_URBAN,PARADE,4,18.0
17523,1,2,130,1,9,60.0,0,I,MELB_URBAN,HIGHWAY,3,8.0
17524,1,4,121,2,1,70.0,0,I,MELB_URBAN,ROAD,4,10.0
17525,4,5,181,5,2,100.0,0,N,SMALL_CITIES,ROAD,4,7.0
17526,1,5,130,2,1,70.0,0,I,MELB_URBAN,ROAD,4,8.0
17527,1,3,99,2,1,60.0,0,N,MELB_URBAN,HIGHWAY,4,6.0
17528,1,5,99,2,1,50.0,0,I,MELB_URBAN,ROAD,4,8.0
17529,1,5,140,2,1,40.0,0,I,MELB_URBAN,STREET,4,8.0
17530,1,5,121,5,1,60.0,0,N,MELB_URBAN,ROAD,4,8.0
17531,1,4,113,1,1,60.0,0,I,MELB_URBAN,ROAD,4,9.0
17532,4,5,171,1,1,60.0,0,I,SMALL_TOWNS,STREET,4,8.0
17533,1,5,99,1,1,40.0,0,I,MELB_URBAN,STREET,4,8.0
17534,2,5,100,2,1,60.0,0,I,MELB_URBAN,ROAD,4,10.0
17535,2,5,100,5,1,50.0,0,N,MELB_URBAN,ROAD,4,11.0
17536,4,5,181,5,1,80.0,0,N,RURAL_VICTORIA,ROAD,4,10.0
17537,1,4,113,2,1,80.0,0,I,MELB_URBAN,ROAD,4,9.0
17538,1,5,99,2,1,60.0,0,I,MELB_URBAN,ROAD,4,9.0
17539,1,5,130,5,1,40.0,0,N,MELB_URBAN,STREET,4,9.0
17540,1,5,121,2,1,40.0,0,I,MELB_URBAN,STREET,4,11.0
17541,1,5,110,1,1,50.0,0,I,TOWNS,STREET,1,13.0
17542,1,5,110,1,1,60.0,0,I,SMALL_TOWNS,DRIVE,4,8.0
17543,9,5,99,5,1,60.0,0,N,MELB_URBAN,STREET,4,14.0
17544,1,5,147,5,1,50.0,0,N,MELB_URBAN,STREET,4,8.0
17545,1,7,110,1,3,50.0,0,I,MELB_URBAN,STREET,2,22.0
17546,1,5,110,1,1,60.0,0,I,MELB_URBAN,STREET,4,12.0
17547,1,5,113,2,1,60.0,0,I,MELB_URBAN,ROAD,4,13.0
17548,1,5,130,1,1,50.0,0,I,LARGE_PROVINCIAL_CITIES,STREET,4,11.0
17549,1,5,134,5,1,100.0,0,N,RURAL_VICTORIA,ROAD,4,9.0
17550,1,5,113,2,1,60.0,0,I,MELB_URBAN,UNKNOWN,4,12.0
17551,6,3,99,5,5,50.0,0,N,RURAL_VICTORIA,ROAD,3,20.0
17552,1,4,99,2,1,60.0,0,I,SMALL_CITIES,ROAD,4,18.0
17553,1,5,110,1,1,60.0,0,I,TOWNS,STREET,4,15.0
17554,2,7,99,2,1,60.0,0,I,MELB_URBAN,OTHER,9,13.0
17555,8,6,174,6,1,40.0,0,N,LARGE_PROVINCIAL_CITIES,AVENUE,3,17.0
17556,1,5,110,1,1,80.0,0,I,MELB_URBAN,ROAD,4,16.0
17557,4,5,173,2,3,60.0,0,I,MELB_URBAN,RAMP,4,19.0
17558,1,5,130,1,1,60.0,0,I,TOWNS,ROAD,4,16.0
17559,1,5,130,5,3,80.0,0,N,MELB_URBAN,ROAD,4,5.0
17560,4,5,173,5,3,50.0,0,N,MELB_URBAN,AVENUE,4,22.0
17561,4,5,173,5,5,110.0,0,N,SMALL_CITIES,FREEWAY,4,20.0
17562,1,5,130,5,3,80.0,0,N,MELB_URBAN,ROAD,4,21.0
17563,1,5,132,2,1,60.0,0,I,MELB_URBAN,OTHER,4,17.0
17564,1,3,121,5,3,60.0,0,N,MELB_URBAN,ROAD,4,18.0
17565,4,6,173,1,3,60.0,0,I,LARGE_PROVINCIAL_CITIES,HIGHWAY,4,0.0
17566,4,6,171,4,3,100.0,0,N,MELB_URBAN,FREEWAY,4,0.0
17567,8,6,99,2,3,40.0,0,I,MELB_URBAN,STREET,4,3.0
17568,1,5,120,5,1,100.0,1,N,RURAL_VICTORIA,ROAD,4,9.0
17569,4,4,171,5,1,70.0,0,N,MELB_URBAN,HIGHWAY,4,9.0
17570,1,6,121,4,3,60.0,0,I,MELB_URBAN,ROAD,4,5.0
17571,6,6,184,5,5,60.0,0,N,MELB_URBAN,ROAD,4,5.0
17572,2,6,100,5,1,40.0,0,N,MELB_URBAN,ROAD,4,8.0
17573,4,5,181,5,1,80.0,0,N,SMALL_TOWNS,UNKNOWN,4,16.0
17574,4,5,183,5,1,110.0,0,N,SMALL_CITIES,FREEWAY,4,13.0
17575,1,6,121,2,1,60.0,0,I,MELB_URBAN,DRIVE,4,9.0
17576,1,6,113,1,1,60.0,0,I,MELB_URBAN,ROAD,4,7.0
17577,6,5,174,1,1,60.0,0,I,MELB_URBAN,OTHER,4,17.0
17578,3,5,167,5,5,100.0,0,N,RURAL_VICTORIA,FREEWAY,4,4.0
17579,1,5,130,2,1,60.0,0,I,SMALL_CITIES,ROAD,4,14.0
17580,4,6,171,5,1,100.0,1,N,RURAL_VICTORIA,HIGHWAY,4,8.0
17581,1,6,110,1,1,50.0,0,I,MELBOURNE_CBD,STREET,4,11.0
17582,1,6,99,2,1,50.0,0,I,TOWNS,STREET,4,10.0
17583,1,1,160,5,1,60.0,0,N,MELB_URBAN,ROAD,2,16.0
17584,2,6,99,5,1,50.0,0,I,MELB_URBAN,OTHER,4,11.0
17585,1,6,121,2,1,70.0,0,I,MELB_URBAN,STREET,4,10.0
17586,1,6,147,5,1,60.0,0,N,MELB_URBAN,ROAD,4,10.0
17587,1,6,130,2,1,60.0,0,I,MELB_URBAN,ROAD,4,9.0
17588,1,6,111,1,1,50.0,0,I,MELB_URBAN,ROAD,4,12.0
17589,1,5,130,5,1,60.0,0,N,RURAL_VICTORIA,ROAD,4,11.0
17590,2,6,102,5,1,50.0,0,N,MELB_URBAN,ROAD,4,13.0
17591,1,6,135,2,1,60.0,0,I,LARGE_PROVINCIAL_CITIES,STREET,4,14.0
17592,1,1,99,2,1,60.0,0,I,MELB_URBAN,OTHER,11,16.0
17593,1,6,147,2,1,80.0,0,I,MELB_URBAN,DRIVE,4,11.0
17594,4,3,183,5,1,60.0,0,N,RURAL_VICTORIA,ROAD,2,9.0
17595,4,1,173,5,1,60.0,0,N,MELB_URBAN,DRIVE,4,11.0
17596,1,2,113,4,3,60.0,0,I,MELB_URBAN,RAMP,4,19.0
17597,4,6,171,2,5,100.0,0,I,MELB_URBAN,ROAD,4,3.0
17598,6,5,174,2,3,60.0,0,I,MELB_URBAN,ROAD,4,18.0
17599,1,5,130,1,1,80.0,0,I,MELB_URBAN,ROAD,2,17.0
17600,1,6,110,4,1,50.0,0,I,MELB_URBAN,ROAD,4,16.0
17601,1,6,99,1,3,80.0,0,I,MELB_URBAN,HIGHWAY,4,17.0
17602,4,6,181,5,4,70.0,0,N,MELB_URBAN,ROAD,4,18.0
17603,1,6,130,5,5,60.0,0,N,LARGE_PROVINCIAL_CITIES,STREET,4,19.0
17604,2,6,100,5,3,60.0,0,N,MELB_URBAN,STREET,4,18.0
17605,7,2,99,1,1,40.0,0,I,MELBOURNE_CBD,STREET,4,7.0
17606,4,6,171,5,1,100.0,1,N,RURAL_VICTORIA,ROAD,4,16.0
17607,1,0,110,4,1,60.0,0,I,MELB_URBAN,ROAD,4,13.0
17608,1,6,121,1,3,70.0,0,I,MELB_URBAN,ROAD,4,20.0
17609,1,6,110,1,3,60.0,0,I,SMALL_CITIES,STREET,4,23.0
17610,2,6,102,5,3,60.0,0,N,MELB_URBAN,ROAD,4,20.0
17611,4,6,171,5,5,80.0,0,N,RURAL_VICTORIA,FREEWAY,4,21.0
17612,1,7,110,1,3,80.0,0,N,MELB_URBAN,ROAD,4,2.0
17613,7,7,99,5,5,50.0,0,N,SMALL_TOWNS,OTHER,4,3.0
17614,1,4,130,5,1,60.0,0,N,MELB_URBAN,ROAD,4,13.0
17615,1,6,113,2,3,80.0,0,I,MELB_URBAN,ROAD,4,5.0
17616,4,7,171,5,3,60.0,0,N,MELB_URBAN,STREET,4,2.0
17617,1,6,113,1,1,60.0,0,I,MELB_URBAN,HIGHWAY,4,11.0
17618,1,6,132,5,1,60.0,0,N,MELB_URBAN,ROAD,4,12.0
17619,1,5,99,5,6,70.0,0,N,MELB_URBAN,ROAD,4,22.0
17620,6,7,99,5,2,110.0,0,N,RURAL_VICTORIA,HIGHWAY,4,6.0
17621,2,7,100,1,1,60.0,0,I,MELB_URBAN,ROAD,4,9.0
17622,1,7,121,1,1,60.0,0,I,MELB_URBAN,ROAD,4,9.0
17623,1,6,121,2,1,40.0,0,I,MELB_URBAN,STREET,4,8.0
17624,1,7,132,2,1,60.0,0,I,MELB_URBAN,ROAD,4,11.0
17625,1,6,130,5,2,100.0,0,N,MELB_URBAN,FREEWAY,4,6.0
17626,2,7,102,1,1,60.0,0,I,MELB_URBAN,ROAD,4,11.0
17627,1,7,132,5,1,100.0,0,N,RURAL_VICTORIA,ROAD,4,12.0
17628,1,7,160,5,1,70.0,0,I,LARGE_PROVINCIAL_CITIES,HIGHWAY,4,12.0
17629,1,1,130,2,9,60.0,0,I,MELB_URBAN,ROAD,4,0.0
17630,1,6,132,2,1,60.0,0,I,MELB_URBAN,DRIVE,4,16.0
17631,1,7,130,2,1,40.0,0,I,MELB_URBAN,ROAD,4,13.0
17632,1,6,121,5,1,60.0,0,N,MELB_URBAN,ROAD,4,14.0
17633,4,7,173,5,1,100.0,0,N,RURAL_VICTORIA,ROAD,4,14.0
17634,2,7,99,1,1,60.0,0,I,MELB_URBAN,STREET,4,11.0
17635,1,7,110,1,1,60.0,0,I,MELB_URBAN,STREET,4,14.0
17636,1,7,110,1,1,50.0,0,I,MELB_URBAN,STREET,4,15.0
17637,1,7,99,1,1,60.0,0,I,MELB_URBAN,AVENUE,4,13.0
17638,1,7,121,5,2,60.0,0,N,MELB_URBAN,ROAD,4,17.0
17639,4,7,183,5,5,80.0,0,N,RURAL_VICTORIA,ROAD,4,1.0
17640,1,7,120,5,1,100.0,0,N,RURAL_VICTORIA,ROAD,4,15.0
17641,1,7,99,5,3,70.0,0,I,MELB_URBAN,ROAD,4,17.0
17642,2,7,100,2,3,60.0,0,I,SMALL_CITIES,STREET,4,17.0
17643,1,7,160,5,2,60.0,0,N,SMALL_CITIES,DRIVE,4,17.0
17644,1,7,113,2,3,80.0,0,I,RURAL_VICTORIA,DRIVE,4,18.0
17645,6,3,174,5,1,100.0,0,N,RURAL_VICTORIA,OTHER,4,14.0
17646,4,5,181,5,1,60.0,0,N,RURAL_VICTORIA,OTHER,4,13.0
17647,1,6,121,2,1,40.0,0,I,MELB_URBAN,STREET,4,18.0
17648,1,7,110,1,3,80.0,0,I,MELB_URBAN,HIGHWAY,4,21.0
17649,4,7,173,5,5,100.0,0,N,RURAL_VICTORIA,ROAD,4,21.0
17650,1,5,135,5,2,100.0,0,N,MELB_URBAN,UNKNOWN,4,6.0
17651,1,7,113,1,3,60.0,0,I,MELB_URBAN,STREET,4,22.0
17652,4,7,171,1,3,70.0,0,N,MELB_URBAN,ROAD,4,23.0
17653,1,7,130,1,3,80.0,0,I,LARGE_PROVINCIAL_CITIES,HIGHWAY,4,23.0
17654,2,7,99,2,6,50.0,0,I,MELB_URBAN,DRIVE,4,23.0
17655,1,1,120,5,3,60.0,0,N,MELB_URBAN,STREET,4,1.0
17656,3,1,167,5,5,110.0,0,N,RURAL_VICTORIA,FREEWAY,4,5.0
17657,1,7,121,2,1,50.0,0,I,MELB_URBAN,STREET,4,12.0
17658,4,1,171,5,2,60.0,0,N,SMALL_CITIES,STREET,4,7.0
17659,1,1,110,1,1,60.0,0,I,MELB_URBAN,STREET,4,9.0
17660,6,1,174,2,1,70.0,0,I,RURAL_VICTORIA,ROAD,4,12.0
17661,1,1,147,2,1,60.0,0,I,TOWNS,STREET,4,11.0
17662,4,1,171,5,1,50.0,0,N,MELB_URBAN,ROAD,4,13.0
17663,1,1,130,5,1,80.0,0,N,MELB_URBAN,ROAD,4,13.0
17664,1,1,132,2,1,100.0,0,N,RURAL_VICTORIA,HIGHWAY,4,12.0
17665,2,1,99,5,1,60.0,0,N,MELB_URBAN,ROAD,4,12.0
17666,1,5,134,1,1,60.0,0,I,MELB_URBAN,ROAD,4,16.0
17667,4,1,171,5,1,70.0,0,N,MELB_URBAN,ROAD,4,13.0
17668,1,1,116,2,1,70.0,0,I,MELB_URBAN,HIGHWAY,4,14.0
17669,1,1,130,2,1,100.0,0,I,RURAL_VICTORIA,ROAD,4,13.0
17670,4,1,173,2,1,100.0,0,I,RURAL_VICTORIA,STREET,4,15.0
17671,1,7,121,1,3,70.0,0,I,MELB_URBAN,ROAD,4,21.0
17672,1,1,160,2,1,60.0,0,I,MELB_URBAN,STREET,4,15.0
17673,1,1,121,2,1,60.0,0,I,MELB_URBAN,STREET,4,15.0
17674,5,7,99,5,1,60.0,0,N,RURAL_VICTORIA,OTHER,4,15.0
17675,1,1,130,5,1,110.0,0,N,RURAL_VICTORIA,FREEWAY,4,13.0
17676,3,7,167,5,5,100.0,0,N,RURAL_VICTORIA,HIGHWAY,4,23.0
17677,1,1,121,1,1,60.0,0,I,MELB_URBAN,STREET,4,8.0
17678,1,1,120,5,1,100.0,1,N,RURAL_VICTORIA,ROAD,4,13.0
17679,1,7,121,5,2,60.0,0,N,MELB_URBAN,AVENUE,4,19.0
17680,1,1,99,4,3,50.0,0,I,MELB_URBAN,ROAD,4,18.0
17681,8,1,174,1,3,40.0,0,I,MELBOURNE_CBD,STREET,4,21.0
17682,1,1,110,1,3,50.0,0,I,MELB_URBAN,STREET,4,22.0
17683,4,1,173,5,3,70.0,0,N,MELB_URBAN,ROAD,4,23.0
17684,2,3,100,4,1,50.0,0,N,MELB_URBAN,ROAD,4,11.0
17685,1,2,121,2,3,80.0,0,N,MELB_URBAN,HIGHWAY,4,5.0
17686,1,1,120,5,1,60.0,0,N,MELB_URBAN,ROAD,4,14.0
17687,1,2,111,1,1,60.0,0,I,TOWNS,ROAD,4,8.0
17688,3,7,167,5,1,60.0,0,N,RURAL_VICTORIA,ROAD,4,11.0
17689,2,7,99,5,5,60.0,0,N,TOWNS,ROAD,2,3.0
17690,1,1,120,2,1,50.0,0,I,MELB_URBAN,ROAD,4,7.0
17691,1,2,121,1,1,60.0,0,I,SMALL_CITIES,AVENUE,4,7.0
17692,1,4,121,2,1,80.0,0,I,MELB_URBAN,ROAD,4,13.0
17693,4,2,181,5,1,100.0,0,N,RURAL_VICTORIA,ROAD,4,8.0
17694,1,1,110,1,1,60.0,0,I,MELB_URBAN,STREET,4,16.0
17695,1,6,163,5,1,60.0,0,N,MELBOURNE_CBD,STREET,4,16.0
17696,1,7,163,5,3,40.0,0,N,MELB_URBAN,STREET,4,18.0
17697,5,6,99,5,1,100.0,0,N,RURAL_VICTORIA,ROAD,3,14.0
17698,7,6,99,1,1,60.0,0,I,MELBOURNE_CBD,STREET,12,9.0
17699,4,6,181,5,3,80.0,0,N,MELB_URBAN,ROAD,4,20.0
17700,1,2,130,5,2,100.0,0,N,MELB_URBAN,FREEWAY,4,7.0
17701,4,2,171,5,1,100.0,0,N,RURAL_VICTORIA,ROAD,4,8.0
17702,1,3,99,2,1,80.0,0,N,TOWNS,OTHER,4,15.0
17703,1,2,132,2,1,60.0,0,I,MELB_URBAN,ROAD,4,13.0
17704,1,2,110,1,1,60.0,0,I,MELB_URBAN,ROAD,4,13.0
17705,6,2,184,5,1,100.0,0,N,RURAL_VICTORIA,ROAD,4,11.0
17706,4,7,183,5,1,60.0,0,N,RURAL_VICTORIA,ROAD,9,10.0
17707,6,7,99,5,1,50.0,0,N,MELB_URBAN,STREET,4,12.0
17708,4,5,173,2,1,50.0,0,I,MELB_URBAN,STREET,4,7.0
17709,6,1,174,2,1,50.0,0,I,MELB_URBAN,STREET,4,10.0
17710,1,1,130,1,1,40.0,0,N,MELB_URBAN,ROAD,4,15.0
17711,8,4,170,5,1,60.0,0,N,SMALL_TOWNS,ROAD,4,10.0
17712,4,1,183,4,2,100.0,0,N,RURAL_VICTORIA,ROAD,4,6.0
17713,1,2,121,2,1,70.0,0,I,MELB_URBAN,ROAD,4,16.0
17714,1,2,99,5,1,60.0,0,N,LARGE_PROVINCIAL_CITIES,STREET,4,15.0
17715,1,2,130,2,1,60.0,0,I,MELB_URBAN,ROAD,4,17.0
17716,1,2,160,5,2,50.0,0,N,MELB_URBAN,STREET,4,19.0
17717,6,2,174,2,1,60.0,0,I,MELB_URBAN,ROAD,4,16.0
17718,4,2,173,5,1,100.0,0,N,RURAL_VICTORIA,ROAD,4,16.0
17719,1,1,130,5,5,110.0,0,N,RURAL_VICTORIA,FREEWAY,4,17.0
17720,4,2,181,5,5,80.0,0,N,RURAL_VICTORIA,ROAD,4,21.0
17721,1,2,110,1,1,50.0,0,I,MELB_URBAN,STREET,4,6.0
17722,3,3,167,1,5,100.0,0,I,RURAL_VICTORIA,ROAD,4,1.0
17723,4,3,173,5,3,60.0,0,N,MELB_URBAN,DRIVE,4,2.0
17724,4,7,181,2,1,60.0,0,I,MELB_URBAN,ROAD,4,17.0
17725,4,3,171,2,3,60.0,0,I,MELB_URBAN,DRIVE,4,5.0
17726,1,3,140,1,3,60.0,0,I,MELB_URBAN,ROAD,4,7.0
17727,6,5,174,1,1,80.0,0,I,RURAL_VICTORIA,ROAD,2,14.0
17728,1,3,110,1,1,50.0,0,I,MELB_URBAN,STREET,4,7.0
17729,1,2,160,5,1,50.0,0,N,MELB_URBAN,STREET,4,15.0
17730,1,3,116,1,1,100.0,0,I,RURAL_VICTORIA,ROAD,4,7.0
17731,1,3,120,5,1,100.0,0,N,RURAL_VICTORIA,HIGHWAY,4,7.0
17732,1,2,163,2,1,40.0,0,I,MELB_URBAN,STREET,4,10.0
17733,4,3,171,5,1,70.0,0,N,MELB_URBAN,ROAD,4,8.0
17734,1,3,163,5,1,40.0,0,N,MELB_URBAN,STREET,4,9.0
17735,2,3,99,5,1,40.0,0,N,MELB_URBAN,AVENUE,4,8.0
17736,4,3,171,5,1,70.0,0,N,MELB_URBAN,ROAD,4,7.0
17737,4,2,171,5,1,60.0,0,N,MELB_URBAN,HIGHWAY,4,14.0
17738,1,3,111,1,1,100.0,0,I,RURAL_VICTORIA,ROAD,4,9.0
17739,6,6,174,5,9,60.0,0,N,MELB_URBAN,STREET,4,22.0
17740,1,3,116,3,1,50.0,0,I,MELB_URBAN,ROAD,4,11.0
17741,3,3,167,5,1,80.0,0,N,RURAL_VICTORIA,ROAD,4,7.0
17742,8,7,174,5,1,60.0,0,N,RURAL_VICTORIA,OTHER,3,11.0
17743,1,3,113,2,1,50.0,0,I,MELB_URBAN,ROAD,4,10.0
17744,1,3,99,5,1,60.0,0,N,MELB_URBAN,STREET,4,10.0
17745,8,4,99,2,2,60.0,0,N,MELB_URBAN,ROAD,3,17.0
17746,4,3,173,2,1,50.0,0,I,MELB_URBAN,AVENUE,4,11.0
17747,1,3,130,2,1,60.0,0,I,LARGE_PROVINCIAL_CITIES,ROAD,4,11.0
17748,1,3,132,5,1,60.0,0,N,MELB_URBAN,ROAD,4,11.0
17749,1,2,121,2,3,60.0,0,I,MELB_URBAN,PARADE,4,18.0
17750,1,3,147,5,1,80.0,0,N,MELB_URBAN,ROAD,4,12.0
17751,1,1,140,5,1,80.0,0,N,MELB_URBAN,HIGHWAY,4,16.0
17752,1,3,121,1,1,60.0,0,I,MELB_URBAN,ROAD,4,13.0
17753,1,3,130,5,1,100.0,0,N,MELB_URBAN,FREEWAY,4,8.0
17754,1,3,113,2,1,80.0,0,I,MELB_URBAN,ROAD,4,12.0
17755,4,2,171,5,5,60.0,0,N,MELB_URBAN,BOULEVARD,4,21.0
17756,1,3,99,5,1,100.0,0,N,MELB_URBAN,FREEWAY,4,12.0
17757,1,3,110,1,1,50.0,0,I,MELB_URBAN,ROAD,4,15.0
17758,1,3,160,1,1,60.0,0,I,SMALL_CITIES,STREET,4,14.0
17759,1,2,130,2,9,60.0,0,I,MELB_URBAN,ROAD,3,16.0
17760,1,4,99,1,1,60.0,0,I,MELB_URBAN,STREET,1,18.0
17761,1,3,110,1,1,40.0,0,I,MELB_URBAN,STREET,4,16.0
17762,4,3,183,5,1,100.0,0,N,RURAL_VICTORIA,ROAD,4,16.0
17763,1,3,121,1,1,50.0,0,I,MELB_URBAN,STREET,4,16.0
17764,1,3,130,1,3,60.0,0,I,LARGE_PROVINCIAL_CITIES,STREET,4,18.0
17765,6,5,174,1,1,50.0,0,I,MELB_URBAN,STREET,4,9.0
17766,1,3,121,2,3,60.0,0,I,MELB_URBAN,ROAD,4,18.0
17767,8,2,174,2,2,60.0,0,I,MELB_URBAN,ROAD,4,6.0
17768,8,3,174,2,3,60.0,0,I,MELB_URBAN,ROAD,4,18.0
17769,2,3,102,4,3,60.0,0,I,MELB_URBAN,AVENUE,4,18.0
17770,1,7,121,1,3,80.0,0,I,MELB_URBAN,RAMP,4,1.0
17771,1,2,134,2,1,80.0,0,I,MELB_URBAN,ROAD,10,7.0
17772,5,0,99,5,1,60.0,0,N,RURAL_VICTORIA,OTHER,4,9.0
17773,4,3,99,5,1,80.0,1,N,TOWNS,HIGHWAY,4,16.0
17774,4,2,171,1,3,70.0,0,I,MELB_URBAN,ROAD,4,22.0
17775,1,4,130,5,5,70.0,0,N,MELB_URBAN,ROAD,4,6.0
17776,1,4,99,2,1,50.0,0,I,MELB_URBAN,STREET,4,8.0
17777,1,2,133,2,1,80.0,0,I,MELB_URBAN,ROAD,4,9.0
17778,1,4,135,1,1,60.0,0,I,MELB_URBAN,STREET,4,8.0
17779,8,2,184,5,1,80.0,0,N,MELB_URBAN,RAMP,4,8.0
17780,4,5,171,2,1,60.0,0,I,SMALL_CITIES,STREET,2,14.0
17781,1,2,130,4,1,80.0,0,I,MELB_URBAN,RAMP,4,14.0
17782,1,2,130,2,1,60.0,0,I,SMALL_CITIES,STREET,4,14.0
17783,1,4,130,5,1,80.0,0,N,MELB_URBAN,ROAD,4,9.0
17784,1,4,121,2,1,60.0,0,I,MELB_URBAN,ROAD,4,8.0
17785,1,7,99,2,9,80.0,0,I,MELB_URBAN,ROAD,4,10.0
17786,1,4,121,1,1,70.0,0,I,MELB_URBAN,ROAD,4,9.0
17787,4,4,171,1,1,100.0,0,I,RURAL_VICTORIA,ROAD,4,8.0
17788,1,6,130,2,3,60.0,0,I,MELB_URBAN,ROAD,4,20.0
17789,8,6,174,1,1,40.0,0,I,MELB_URBAN,STREET,4,15.0
17790,1,7,121,1,9,50.0,0,I,MELB_URBAN,STREET,4,12.0
17791,4,4,181,5,1,100.0,0,N,RURAL_VICTORIA,ROAD,4,10.0
17792,6,2,170,5,1,40.0,0,I,RURAL_VICTORIA,HIGHWAY,3,11.0
17793,7,6,99,5,1,50.0,0,N,MELB_URBAN,STREET,4,14.0
17794,1,4,130,2,1,50.0,0,I,SMALL_CITIES,HIGHWAY,4,9.0
17795,1,4,130,5,1,60.0,0,N,MELB_URBAN,FREEWAY,4,9.0
17796,1,6,160,2,5,60.0,0,I,MELB_URBAN,OTHER,12,21.0
17797,1,4,99,5,1,70.0,0,N,MELB_URBAN,ROAD,4,12.0
17798,2,2,99,5,1,60.0,0,N,MELB_URBAN,STREET,4,13.0
17799,1,5,113,2,3,60.0,0,I,MELB_URBAN,ROAD,4,18.0
17800,1,4,130,2,1,60.0,0,I,MELB_URBAN,ROAD,4,10.0
17801,1,3,130,5,1,80.0,0,N,MELB_URBAN,RAMP,4,12.0