,accident_type,day_of_week,dca_code,road_geometry,light_condition,speed_zone,severity,node_type,deg_urban_name,road_type,month,hour
17802,5,7,99,1,5,80.0,0,I,LARGE_PROVINCIAL_CITIES,HIGHWAY,2,0.0
17803,1,4,121,2,1,60.0,0,I,MELB_URBAN,ROAD,4,14.0
17804,1,4,99,5,1,50.0,0,N,MELB_URBAN,STREET,4,12.0
17805,1,3,121,2,1,60.0,0,I,MELB_URBAN,STREET,4,17.0
17806,1,4,110,1,1,100.0,0,I,RURAL_VICTORIA,ROAD,4,15.0
17807,1,4,116,2,2,80.0,0,N,MELB_URBAN,ROAD,4,16.0
17808,1,4,113,2,1,60.0,0,I,MELB_URBAN,STREET,4,15.0
17809,1,4,120,2,3,50.0,0,I,MELB_URBAN,ROAD,4,18.0
17810,1,4,110,1,3,50.0,0,I,MELB_URBAN,STREET,4,18.0
17811,1,4,130,5,3,100.0,0,N,MELB_URBAN,FREEWAY,4,6.0
17812,1,4,163,5,3,60.0,0,N,MELB_URBAN,BOULEVARD,4,18.0
17813,1,4,130,5,3,80.0,0,N,RURAL_VICTORIA,HIGHWAY,4,18.0
17814,1,4,113,2,5,100.0,0,I,RURAL_VICTORIA,HIGHWAY,4,18.0
17815,1,4,121,1,3,60.0,0,I,MELB_URBAN,STREET,4,19.0
17816,8,4,174,5,3,60.0,0,N,MELB_URBAN,STREET,4,18.0
17817,1,3,130,2,1,60.0,0,I,MELB_URBAN,ROAD,4,9.0
17818,1,4,110,1,3,50.0,0,I,MELB_URBAN,STREET,4,19.0
17819,4,4,173,2,5,50.0,0,I,MELB_URBAN,AVENUE,4,19.0
17820,4,4,183,5,3,50.0,0,N,MELB_URBAN,DRIVE,4,19.0
17821,2,4,100,2,3,50.0,0,I,MELB_URBAN,STREET,4,19.0
17822,1,4,130,5,3,80.0,0,N,MELB_URBAN,ROAD,4,18.0
17823,1,4,113,2,1,60.0,0,I,MELB_URBAN,STREET,4,16.0
17824,1,4,110,1,5,50.0,0,I,MELB_URBAN,ROAD,4,18.0
17825,1,4,121,1,3,60.0,0,I,MELB_URBAN,ROAD,4,21.0
17826,1,3,121,1,2,60.0,0,I,SMALL_CITIES,ROAD,1,19.0
17827,4,5,181,5,3,80.0,0,N,MELB_URBAN,FREEWAY,4,2.0
17828,1,5,121,1,1,80.0,0,I,MELB_URBAN,ROAD,4,8.0
17829,1,5,133,2,1,60.0,0,I,MELB_URBAN,ROAD,4,7.0
17830,1,6,113,4,3,60.0,0,I,MELB_URBAN,ROAD,4,4.0
17831,4,4,173,5,3,60.0,0,N,MELB_URBAN,HIGHWAY,4,19.0
17832,4,2,183,5,6,90.0,0,N,RURAL_VICTORIA,HIGHWAY,4,4.0
17833,2,5,102,1,1,50.0,0,I,MELB_URBAN,ROAD,4,9.0
17834,1,3,130,2,1,40.0,0,I,MELB_URBAN,STREET,3,13.0
17835,8,6,174,1,9,60.0,0,I,MELB_URBAN,STREET,3,17.0
17836,1,5,132,2,3,60.0,0,I,MELB_URBAN,ROAD,4,18.0
17837,1,5,163,2,1,60.0,0,I,MELB_URBAN,STREET,4,11.0
17838,1,5,99,2,1,50.0,0,I,MELB_URBAN,UNKNOWN,4,11.0
17839,1,4,121,2,1,40.0,0,I,LARGE_PROVINCIAL_CITIES,ROAD,4,9.0
17840,1,3,120,5,1,100.0,0,N,RURAL_VICTORIA,ROAD,4,16.0
17841,1,5,110,1,1,100.0,0,I,RURAL_VICTORIA,HIGHWAY,4,11.0
17842,1,5,110,1,1,60.0,0,I,MELB_URBAN,STREET,4,12.0
17843,1,5,113,4,1,60.0,0,N,LARGE_PROVINCIAL_CITIES,HIGHWAY,4,12.0
17844,8,5,174,5,1,100.0,0,N,RURAL_VICTORIA,STREET,4,12.0
17845,1,5,160,5,1,60.0,0,N,MELB_URBAN,STREET,4,12.0
17846,4,5,181,2,3,60.0,0,N,MELB_URBAN,BOULEVARD,4,5.0
17847,1,5,160,2,1,60.0,0,I,SMALL_CITIES,STREET,4,14.0
17848,4,4,171,5,2,110.0,0,N,RURAL_VICTORIA,FREEWAY,4,17.0
17849,1,5,147,5,1,80.0,0,N,MELB_URBAN,ROAD,4,14.0
17850,1,5,110,4,1,60.0,0,I,LARGE_PROVINCIAL_CITIES,STREET,4,15.0
17851,1,5,113,2,1,80.0,0,N,MELB_URBAN,ROAD,4,15.0
17852,1,5,110,1,1,60.0,0,I,MELB_URBAN,ROAD,4,15.0
17853,1,4,130,1,1,50.0,0,I,MELB_URBAN,BOULEVARD,4,16.0
17854,1,4,130,1,3,60.0,0,I,MELB_URBAN,STREET,4,21.0
17855,4,7,171,1,3,60.0,0,I,MELB_URBAN,ROAD,3,23.0
17856,6,5,174,5,3,50.0,0,N,MELB_URBAN,STREET,4,19.0
17857,1,5,99,2,3,50.0,0,I,MELB_URBAN,STREET,4,18.0
17858,1,5,99,5,3,60.0,0,N,MELB_URBAN,STREET,4,1.0
17859,1,5,120,2,3,60.0,0,I,MELB_URBAN,HIGHWAY,4,18.0
17860,1,5,160,2,3,60.0,0,I,MELB_URBAN,ROAD,4,19.0
17861,1,5,121,4,1,60.0,0,I,MELB_URBAN,ROAD,4,16.0
17862,2,5,100,1,3,60.0,1,I,MELB_URBAN,ROAD,4,20.0
17863,2,5,99,5,5,100.0,1,N,RURAL_VICTORIA,ROAD,4,18.0
17864,1,5,121,2,3,70.0,0,I,MELB_URBAN,ROAD,4,20.0
17865,1,6,121,1,3,60.0,0,I,MELB_URBAN,ROAD,4,4.0
17866,1,5,121,1,1,60.0,0,I,MELB_URBAN,ROAD,4,13.0
17867,4,6,171,1,2,100.0,0,I,RURAL_VICTORIA,HIGHWAY,4,6.0
17868,1,6,147,2,1,60.0,0,I,MELB_URBAN,ROAD,4,8.0
17869,7,7,99,1,1,60.0,0,I,MELB_URBAN,STREET,2,15.0
17870,2,6,100,5,1,70.0,0,N,MELB_URBAN,ROAD,4,8.0
17871,4,6,181,5,1,40.0,0,N,RURAL_VICTORIA,ROAD,4,9.0
17872,8,4,174,2,1,60.0,0,I,SMALL_CITIES,STREET,2,19.0
17873,1,6,110,1,1,70.0,0,I,SMALL_CITIES,ROAD,4,10.0
17874,1,6,121,2,1,80.0,0,I,SMALL_CITIES,HIGHWAY,4,8.0
17875,2,1,99,2,1,50.0,0,I,LARGE_PROVINCIAL_CITIES,OTHER,10,13.0
17876,1,6,120,5,1,60.0,1,N,MELB_URBAN,ROAD,4,9.0
17877,1,6,130,5,1,70.0,0,N,MELB_URBAN,ROAD,2,17.0
17878,1,6,111,1,1,60.0,0,I,MELB_URBAN,ROAD,4,9.0
17879,1,4,111,2,1,50.0,0,I,MELB_URBAN,ROAD,3,15.0
17880,1,6,99,5,1,50.0,0,N,MELB_URBAN,ROAD,4,10.0
17881,1,5,130,1,1,50.0,0,I,LARGE_PROVINCIAL_CITIES,STREET,2,13.0
17882,4,2,183,5,1,60.0,0,N,RURAL_VICTORIA,ROAD,4,14.0
17883,4,7,171,1,6,100.0,0,I,RURAL_VICTORIA,ROAD,1,21.0
17884,1,6,147,1,1,50.0,0,I,MELB_URBAN,STREET,4,14.0
17885,1,6,121,1,1,60.0,0,I,MELB_URBAN,ROAD,4,12.0
17886,1,6,130,5,1,40.0,0,N,MELB_URBAN,ROAD,4,15.0
17887,8,7,184,5,1,80.0,0,N,RURAL_VICTORIA,ROAD,4,16.0
17888,6,5,99,2,1,100.0,0,I,RURAL_VICTORIA,HIGHWAY,4,10.0
17889,1,6,130,5,1,70.0,0,N,MELB_URBAN,ROAD,4,15.0
17890,4,6,181,5,1,100.0,0,N,RURAL_VICTORIA,HIGHWAY,4,15.0
17891,8,7,184,5,1,60.0,0,N,RURAL_VICTORIA,ROAD,4,16.0
17892,1,1,130,1,1,70.0,0,N,MELB_URBAN,ROAD,4,8.0
17893,1,6,121,2,1,60.0,0,N,MELB_URBAN,ROAD,4,14.0
17894,1,6,132,5,1,100.0,0,N,RURAL_VICTORIA,ROAD,4,16.0
17895,1,6,110,1,3,60.0,0,I,MELB_URBAN,STREET,4,17.0
17896,2,6,100,5,1,50.0,0,N,MELB_URBAN,OTHER,4,16.0
17897,4,5,183,5,5,100.0,0,N,RURAL_VICTORIA,ROAD,4,19.0
17898,1,6,121,1,1,60.0,0,I,MELB_URBAN,STREET,4,15.0
17899,5,6,99,5,5,100.0,0,N,RURAL_VICTORIA,FREEWAY,4,18.0
17900,1,6,120,2,1,50.0,0,I,MELB_URBAN,STREET,4,14.0
17901,2,6,100,1,2,50.0,0,I,LARGE_PROVINCIAL_CITIES,STREET,4,17.0
17902,4,6,181,5,5,100.0,0,N,RURAL_VICTORIA,ROAD,4,18.0
17903,1,6,110,4,3,60.0,0,I,MELB_URBAN,RAMP,4,20.0
17904,1,6,99,5,4,60.0,0,N,MELB_URBAN,ROAD,4,18.0
17905,1,6,130,5,5,110.0,0,N,SMALL_TOWNS,FREEWAY,4,18.0
17906,1,6,121,2,3,50.0,0,I,MELB_URBAN,OTHER,4,20.0
17907,5,6,99,2,1,100.0,0,I,RURAL_VICTORIA,ROAD,4,6.0
17908,1,7,120,5,3,60.0,0,N,MELB_URBAN,STREET,4,5.0
17909,2,7,102,1,1,80.0,0,I,MELB_URBAN,STREET,4,7.0
17910,1,7,160,2,1,60.0,0,I,MELB_URBAN,PARADE,4,8.0
17911,6,5,99,2,3,50.0,0,I,MELB_URBAN,OTHER,4,19.0
17912,1,6,130,1,1,80.0,0,I,MELB_URBAN,HIGHWAY,4,14.0
17913,4,7,171,5,1,50.0,0,N,MELB_URBAN,ROAD,4,13.0
17914,2,7,102,2,1,60.0,0,I,MELB_URBAN,ROAD,4,8.0
17915,1,5,133,4,6,60.0,0,I,MELB_URBAN,AVENUE,4,22.0
17916,4,7,171,5,1,100.0,0,N,RURAL_VICTORIA,HIGHWAY,4,9.0
17917,1,7,110,1,1,50.0,0,I,SMALL_CITIES,STREET,4,8.0
17918,1,7,130,5,1,80.0,0,N,MELB_URBAN,HIGHWAY,4,9.0
17919,4,7,171,5,1,60.0,0,N,MELB_URBAN,STREET,4,11.0
17920,1,7,130,2,1,60.0,0,N,SMALL_CITIES,ROAD,4,12.0
17921,1,7,163,1,1,40.0,0,I,MELB_URBAN,STREET,4,11.0
17922,1,7,121,1,1,50.0,0,I,LARGE_PROVINCIAL_CITIES,STREET,4,10.0
17923,5,5,99,5,5,110.0,0,I,RURAL_VICTORIA,HIGHWAY,3,19.0
17924,1,7,110,1,1,50.0,0,I,LARGE_PROVINCIAL_CITIES,STREET,4,13.0
17925,1,7,121,2,1,70.0,0,I,MELB_URBAN,ROAD,4,11.0
17926,1,7,110,1,1,100.0,0,I,RURAL_VICTORIA,ROAD,4,12.0
17927,8,7,184,2,1,100.0,0,I,RURAL_VICTORIA,ROAD,4,11.0
17928,1,7,132,2,1,100.0,0,I,RURAL_VICTORIA,ROAD,4,12.0
17929,1,7,111,1,1,60.0,0,I,TOWNS,STREET,4,12.0
17930,1,7,113,2,1,80.0,0,I,MELB_URBAN,ROAD,4,12.0
17931,1,4,130,2,9,60.0,0,I,MELB_URBAN,OTHER,4,16.0
17932,1,7,132,2,1,50.0,0,N,SMALL_CITIES,ROAD,4,14.0
17933,1,7,135,2,1,60.0,0,N,MELB_URBAN,HIGHWAY,4,13.0
17934,1,7,147,2,1,70.0,0,N,SMALL_CITIES,STREET,4,13.0
17935,6,7,184,5,1,80.0,0,N,RURAL_VICTORIA,ROAD,4,13.0
17936,7,7,184,5,1,100.0,0,N,RURAL_VICTORIA,ROAD,4,13.0
17937,6,7,174,5,1,100.0,0,N,RURAL_VICTORIA,ROAD,4,14.0
17938,1,5,132,1,1,60.0,0,I,TOWNS,STREET,11,17.0
17939,1,7,120,5,1,100.0,0,N,RURAL_VICTORIA,ROAD,4,15.0
17940,4,7,99,5,2,80.0,0,N,MELB_URBAN,FREEWAY,4,17.0
17941,1,6,116,2,1,60.0,0,I,MELB_URBAN,ROAD,4,7.0
17942,1,7,147,5,1,60.0,0,N,MELB_URBAN,ROAD,4,17.0
17943,6,5,174,5,1,60.0,0,N,RURAL_VICTORIA,OTHER,4,12.0
17944,1,7,135,1,1,60.0,0,I,MELB_URBAN,ROAD,4,14.0
17945,1,7,110,1,3,50.0,0,I,SMALL_CITIES,STREET,4,23.0
17946,2,7,102,1,3,70.0,0,I,MELB_URBAN,HIGHWAY,4,21.0
17947,1,7,130,1,3,40.0,0,I,MELB_URBAN,ROAD,4,23.0
17948,4,1,99,6,5,50.0,0,N,MELB_URBAN,OTHER,4,1.0
17949,4,1,173,5,6,50.0,0,N,MELB_URBAN,STREET,4,4.0
17950,1,7,99,2,1,60.0,0,I,MELB_URBAN,STREET,4,14.0
17951,7,1,184,2,1,70.0,0,N,MELB_URBAN,HIGHWAY,4,10.0
17952,1,1,140,5,1,60.0,0,N,MELB_URBAN,ROAD,4,10.0
17953,4,3,181,5,5,60.0,0,N,RURAL_VICTORIA,ROAD,4,22.0
17954,1,1,111,2,1,60.0,0,I,MELB_URBAN,ROAD,4,10.0
17955,1,6,110,1,1,50.0,0,I,MELB_URBAN,BOULEVARD,4,18.0
17956,4,1,181,5,1,100.0,0,N,RURAL_VICTORIA,HIGHWAY,4,12.0
17957,2,1,100,2,1,80.0,0,I,MELB_URBAN,HIGHWAY,4,12.0
17958,1,1,111,2,1,50.0,0,I,MELB_URBAN,STREET,4,11.0
17959,8,1,174,5,1,100.0,1,N,RURAL_VICTORIA,ROAD,4,9.0
17960,8,7,174,5,1,100.0,0,N,RURAL_VICTORIA,ROAD,4,12.0
17961,4,1,171,5,1,100.0,0,N,RURAL_VICTORIA,HIGHWAY,4,8.0
17962,8,7,184,2,1,60.0,0,I,RURAL_VICTORIA,ROAD,4,14.0
17963,2,1,102,2,1,60.0,0,I,MELB_URBAN,OTHER,4,16.0
17964,4,1,171,5,1,80.0,0,N,LARGE_PROVINCIAL_CITIES,HIGHWAY,4,17.0
17965,1,1,130,5,3,80.0,0,N,MELB_URBAN,RAMP,4,18.0
17966,1,1,121,5,3,50.0,0,N,LARGE_PROVINCIAL_CITIES,STREET,4,21.0
17967,2,1,100,5,3,60.0,0,N,MELB_URBAN,ROAD,4,20.0
17968,4,6,183,5,5,80.0,0,N,MELB_URBAN,ROAD,4,0.0
17969,1,5,134,5,3,60.0,0,N,MELB_URBAN,ROAD,3,19.0
17970,1,1,121,1,1,60.0,0,I,MELB_URBAN,ROAD,4,13.0
17971,1,4,121,5,1,60.0,0,N,MELB_URBAN,UNKNOWN,2,12.0
17972,1,2,121,5,2,70.0,0,N,MELB_URBAN,ROAD,4,6.0
17973,1,2,121,2,1,80.0,0,I,MELB_URBAN,HIGHWAY,4,7.0
17974,2,2,100,2,1,50.0,0,I,MELB_URBAN,STREET,4,8.0
17975,1,1,130,2,1,60.0,0,I,MELB_URBAN,UNKNOWN,4,11.0
17976,5,4,99,1,1,40.0,0,I,RURAL_VICTORIA,ROAD,4,11.0
17977,1,2,113,2,1,80.0,0,I,SMALL_TOWNS,ROAD,4,8.0
17978,8,5,174,2,2,60.0,0,I,MELB_URBAN,ROAD,4,6.0
17979,4,1,171,1,3,50.0,0,I,SMALL_TOWNS,STREET,4,1.0
17980,3,2,167,5,5,110.0,0,N,RURAL_VICTORIA,FREEWAY,4,5.0
17981,1,2,130,2,1,60.0,0,I,MELB_URBAN,ROAD,4,9.0
17982,1,2,120,5,1,100.0,0,N,RURAL_VICTORIA,ROAD,4,8.0
17983,2,6,99,5,1,60.0,0,N,MELB_URBAN,STREET,4,12.0
17984,1,2,132,1,1,60.0,0,I,SMALL_CITIES,STREET,4,11.0
17985,3,1,167,5,5,100.0,0,N,RURAL_VICTORIA,ROAD,4,3.0
17986,1,6,140,5,1,60.0,0,N,LARGE_PROVINCIAL_CITIES,STREET,10,8.0
17987,1,2,130,5,1,80.0,0,N,MELB_URBAN,ROAD,4,12.0
17988,2,2,102,2,1,60.0,0,I,MELB_URBAN,ROAD,4,13.0
17989,1,3,130,2,1,100.0,0,I,RURAL_VICTORIA,FREEWAY,12,14.0
17990,1,2,110,1,1,60.0,0,I,TOWNS,HIGHWAY,4,14.0
17991,1,7,130,1,1,60.0,0,I,MELB_URBAN,STREET,4,15.0
17992,1,1,121,1,3,80.0,0,I,MELB_URBAN,HIGHWAY,4,19.0
17993,3,7,167,5,1,60.0,0,N,RURAL_VICTORIA,OTHER,4,14.0
17994,1,3,110,1,1,50.0,0,I,MELB_URBAN,STREET,4,17.0
17995,8,2,174,5,1,60.0,0,N,MELB_URBAN,ROAD,4,15.0
17996,4,2,183,5,1,100.0,0,N,RURAL_VICTORIA,HIGHWAY,4,15.0
17997,1,2,147,2,3,70.0,0,I,MELB_URBAN,ROAD,4,17.0
17998,1,2,121,1,3,40.0,0,I,MELBOURNE_CBD,STREET,4,18.0
17999,4,2,173,5,1,80.0,0,N,RURAL_VICTORIA,ROAD,4,16.0
18000,6,2,99,5,5,100.0,0,N,RURAL_VICTORIA,ROAD,4,19.0
18001,5,2,99,5,3,80.0,0,N,MELB_URBAN,ROAD,4,19.0
18002,4,2,171,2,5,80.0,0,N,MELB_URBAN,ROAD,4,20.0
18003,1,2,132,2,3,80.0,0,I,MELB_URBAN,ROAD,4,19.0
18004,1,1,111,2,9,60.0,0,I,MELB_URBAN,ROAD,4,17.0
18005,1,2,121,2,3,70.0,0,I,MELB_URBAN,STREET,4,20.0
18006,1,2,130,1,1,60.0,0,I,MELB_URBAN,ROAD,1,15.0
18007,4,1,171,5,5,100.0,0,N,RURAL_VICTORIA,ROAD,3,2.0
18008,1,6,130,5,2,60.0,0,N,RURAL_VICTORIA,ROAD,4,6.0
18009,1,5,135,5,1,100.0,0,N,MELB_URBAN,UNKNOWN,4,13.0
18010,2,1,100,2,1,60.0,0,I,MELB_URBAN,ROAD,4,10.0
18011,1,2,110,1,1,60.0,0,I,MELB_URBAN,AVENUE,4,10.0
18012,1,7,130,2,3,70.0,0,I,MELB_URBAN,STREET,3,23.0
18013,1,1,116,2,1,80.0,0,I,MELB_URBAN,HIGHWAY,4,8.0
18014,4,3,173,5,1,100.0,0,N,RURAL_VICTORIA,ROAD,4,6.0
18015,4,3,171,5,1,60.0,0,N,MELB_URBAN,ROAD,4,7.0
18016,6,3,174,5,2,80.0,0,N,RURAL_VICTORIA,ROAD,4,6.0
18017,1,3,110,1,1,60.0,0,I,LARGE_PROVINCIAL_CITIES,STREET,4,8.0
18018,2,3,100,2,1,60.0,0,I,MELB_URBAN,PARADE,4,8.0
18019,1,3,130,2,1,60.0,0,I,MELB_URBAN,PARADE,4,9.0
18020,8,3,174,5,1,60.0,0,N,MELB_URBAN,OTHER,4,8.0
18021,1,2,110,1,1,100.0,0,I,RURAL_VICTORIA,ROAD,4,13.0
18022,1,3,135,1,1,40.0,0,I,MELB_URBAN,STREET,4,9.0
18023,4,6,181,5,1,100.0,0,N,RURAL_VICTORIA,ROAD,12,13.0
18024,1,5,147,5,1,60.0,0,N,MELB_URBAN,STREET,4,8.0
18025,2,3,99,2,2,50.0,0,I,MELB_URBAN,ROAD,4,6.0
18026,1,5,113,2,1,70.0,0,I,LARGE_PROVINCIAL_CITIES,HIGHWAY,4,16.0
18027,1,2,113,2,1,100.0,0,I,RURAL_VICTORIA,OTHER,4,10.0
18028,1,2,171,1,3,60.0,0,I,MELB_URBAN,ROAD,4,18.0
18029,1,3,163,2,1,40.0,0,I,MELB_URBAN,STREET,4,8.0
18030,1,3,160,5,1,50.0,0,N,MELB_URBAN,ROAD,4,11.0
18031,1,3,110,1,1,60.0,0,I,MELB_URBAN,ROAD,4,8.0
18032,6,5,174,5,1,40.0,0,N,SMALL_CITIES,ROAD,4,8.0
18033,6,6,99,5,5,100.0,0,N,RURAL_VICTORIA,OTHER,4,3.0
18034,1,3,99,1,1,70.0,0,I,MELB_URBAN,ROAD,4,11.0
18035,1,3,99,1,1,60.0,0,I,LARGE_PROVINCIAL_CITIES,ROAD,4,8.0
18036,1,3,140,2,9,80.0,0,I,MELB_URBAN,HIGHWAY,4,12.0
18037,1,2,140,2,1,100.0,0,I,RURAL_VICTORIA,HIGHWAY,4,13.0
18038,8,3,174,2,1,60.0,0,I,SMALL_CITIES,STREET,4,17.0
18039,1,3,130,5,1,80.0,0,N,MELB_URBAN,ROAD,4,8.0
18040,4,3,181,5,1,80.0,0,N,RURAL_VICTORIA,ROAD,4,16.0
18041,1,3,130,1,1,60.0,0,I,MELB_URBAN,STREET,4,15.0
18042,1,3,132,2,2,60.0,0,I,SMALL_CITIES,ROAD,4,17.0
18043,1,3,99,2,1,60.0,0,I,MELB_URBAN,STREET,4,16.0
18044,1,2,120,2,2,60.0,0,I,MELB_URBAN,ROAD,4,17.0
18045,1,3,99,2,3,50.0,0,I,MELB_URBAN,ROAD,4,18.0
18046,2,6,99,1,1,50.0,0,I,MELB_URBAN,STREET,4,10.0
18047,1,3,130,1,3,60.0,0,I,MELB_URBAN,RAMP,4,18.0
18048,3,2,167,5,5,80.0,0,N,RURAL_VICTORIA,HIGHWAY,4,18.0
18049,1,3,130,5,3,100.0,0,N,MELB_URBAN,UNKNOWN,4,17.0
18050,1,3,121,1,3,60.0,0,I,MELB_URBAN,ROAD,4,20.0
18051,1,3,132,2,3,60.0,0,I,MELB_URBAN,AVENUE,4,19.0
18052,1,3,121,2,1,60.0,0,I,RURAL_VICTORIA,ROAD,4,17.0
18053,6,3,174,5,2,50.0,0,N,MELB_URBAN,DRIVE,4,17.0
18054,1,3,160,5,3,60.0,0,N,MELB_URBAN,ROAD,4,21.0
18055,2,2,99,2,3,80.0,0,I,MELB_URBAN,ROAD,4,3.0
18056,6,4,174,5,3,40.0,0,N,MELBOURNE_CBD,STREET,5,5.0
18057,4,4,173,1,2,60.0,0,I,MELB_URBAN,ROAD,5,8.0
18058,4,1,173,5,1,100.0,0,N,RURAL_VICTORIA,ROAD,5,15.0
18059,1,4,130,5,1,80.0,0,N,MELB_URBAN,HIGHWAY,5,8.0
18060,1,3,130,5,3,80.0,0,N,MELB_URBAN,ROAD,4,18.0
18061,1,4,121,1,1,60.0,0,I,MELB_URBAN,ROAD,5,8.0
18062,1,4,134,1,1,60.0,0,I,MELB_URBAN,ROAD,5,7.0
18063,1,4,99,1,1,60.0,0,I,MELB_URBAN,ROAD,1,11.0
18064,4,5,99,2,1,60.0,0,I,RURAL_VICTORIA,ROAD,4,14.0
18065,8,7,170,2,1,80.0,0,I,RURAL_VICTORIA,ROAD,11,14.0
18066,1,4,173,2,1,50.0,0,I,TOWNS,STREET,5,11.0
18067,4,4,183,5,1,80.0,0,N,MELB_URBAN,UNKNOWN,5,11.0
18068,1,2,110,1,3,70.0,0,I,SMALL_CITIES,ROAD,4,20.0
18069,4,4,181,5,2,100.0,0,N,RURAL_VICTORIA,ROAD,5,7.0
18070,4,4,181,5,1,110.0,0,N,RURAL_VICTORIA,FREEWAY,5,13.0
18071,1,4,130,5,1,100.0,0,N,MELB_URBAN,UNKNOWN,5,7.0
18072,1,4,147,5,1,60.0,0,N,MELB_URBAN,HIGHWAY,5,13.0
18073,4,4,173,1,5,80.0,0,I,RURAL_VICTORIA,ROAD,3,22.0
18074,4,4,171,1,1,60.0,0,I,RURAL_VICTORIA,ROAD,5,12.0
18075,6,3,99,5,9,100.0,0,N,RURAL_VICTORIA,HIGHWAY,4,11.0
18076,8,7,174,5,1,60.0,0,N,RURAL_VICTORIA,ROAD,2,9.0
18077,6,4,174,5,1,60.0,0,N,MELB_URBAN,ROAD,5,15.0
18078,4,4,173,5,1,50.0,0,N,MELB_URBAN,OTHER,5,13.0
18079,4,1,173,5,1,100.0,0,N,RURAL_VICTORIA,FREEWAY,3,15.0
18080,1,4,135,5,2,100.0,0,N,MELB_URBAN,FREEWAY,5,16.0
18081,6,1,174,1,1,50.0,0,N,RURAL_VICTORIA,ROAD,2,7.0
18082,1,4,130,5,3,60.0,0,N,MELB_URBAN,ROAD,5,18.0
18083,1,3,120,5,1,70.0,0,N,MELB_URBAN,ROAD,5,14.0
18084,1,4,132,5,1,60.0,1,N,MELB_URBAN,HIGHWAY,5,13.0
18085,4,2,183,5,1,80.0,0,N,RURAL_VICTORIA,ROAD,4,16.0
18086,1,4,120,5,1,100.0,1,N,RURAL_VICTORIA,ROAD,5,14.0
18087,1,4,160,5,3,50.0,0,N,SMALL_CITIES,STREET,5,19.0
18088,1,4,120,5,5,100.0,0,N,SMALL_TOWNS,ROAD,5,18.0
18089,1,4,121,2,3,60.0,0,I,MELB_URBAN,ROAD,5,18.0
18090,1,4,147,5,3,70.0,0,N,MELB_URBAN,HIGHWAY,5,20.0
18091,1,4,110,1,1,60.0,0,I,MELB_URBAN,ROAD,3,14.0
18092,1,4,121,2,1,50.0,0,I,MELB_URBAN,STREET,5,16.0
18093,2,4,99,5,3,60.0,0,N,MELB_URBAN,AVENUE,5,22.0
18094,1,4,110,1,3,50.0,0,I,MELB_URBAN,STREET,5,19.0
18095,1,4,120,5,5,110.0,0,N,RURAL_VICTORIA,FREEWAY,5,22.0
18096,4,5,173,5,3,60.0,0,N,SMALL_CITIES,STREET,5,0.0
18097,1,4,130,5,3,80.0,0,N,MELB_URBAN,FREEWAY,5,23.0
18098,2,3,100,2,3,50.0,0,I,MELB_URBAN,ROAD,3,19.0
18099,2,5,100,2,3,40.0,0,I,MELB_URBAN,STREET,5,6.0
18100,2,5,100,1,1,50.0,0,I,MELB_URBAN,STREET,5,7.0
18101,1,5,99,1,1,60.0,0,I,LARGE_PROVINCIAL_CITIES,HIGHWAY,11,13.0
18102,2,5,100,4,1,70.0,0,I,MELB_URBAN,RAMP,5,10.0
18103,3,5,167,1,2,100.0,0,I,RURAL_VICTORIA,ROAD,5,6.0
18104,1,3,130,1,1,80.0,0,I,MELB_URBAN,HIGHWAY,5,12.0
18105,6,1,174,2,1,60.0,0,I,MELB_URBAN,AVENUE,4,14.0
18106,1,5,130,1,1,60.0,0,I,LARGE_PROVINCIAL_CITIES,STREET,5,12.0
18107,1,6,99,2,1,50.0,0,I,MELB_URBAN,STREET,4,12.0
18108,1,5,110,1,1,50.0,0,I,MELB_URBAN,STREET,5,10.0
18109,2,1,99,2,5,50.0,0,I,TOWNS,STREET,4,0.0
18110,6,4,99,5,5,100.0,0,N,RURAL_VICTORIA,ROAD,5,18.0
18111,1,6,130,2,1,70.0,0,I,MELB_URBAN,ROAD,4,14.0
18112,1,4,130,1,1,80.0,0,N,MELB_URBAN,HIGHWAY,5,13.0
18113,4,5,183,2,1,50.0,0,I,MELB_URBAN,DRIVE,5,10.0
18114,1,5,130,5,1,40.0,0,N,MELB_URBAN,ROAD,5,12.0
18115,6,5,99,5,1,100.0,0,N,RURAL_VICTORIA,ROAD,5,14.0
18116,6,6,174,5,1,60.0,0,N,RURAL_VICTORIA,ROAD,4,16.0
18117,1,6,132,5,1,60.0,0,N,LARGE_PROVINCIAL_CITIES,ROAD,4,16.0
18118,1,4,147,5,2,40.0,0,N,MELB_URBAN,BOULEVARD,5,16.0
18119,6,6,184,5,1,100.0,0,N,RURAL_VICTORIA,ROAD,4,11.0
18120,1,5,110,1,1,60.0,0,I,SMALL_CITIES,ROAD,5,15.0
18121,4,5,173,5,1,100.0,0,N,RURAL_VICTORIA,HIGHWAY,5,17.0
18122,1,4,99,5,1,60.0,0,N,MELB_URBAN,ROAD,4,7.0
18123,1,4,99,5,2,60.0,0,N,MELB_URBAN,AVENUE,5,17.0
18124,1,5,99,2,1,60.0,0,I,MELB_URBAN,ROAD,5,17.0
18125,1,5,121,4,3,50.0,0,I,MELB_URBAN,ROAD,5,17.0
18126,1,5,130,5,1,80.0,0,N,MELB_URBAN,ROAD,5,16.0
18127,1,5,132,2,3,50.0,0,I,MELB_URBAN,STREET,5,19.0
18128,1,5,99,5,1,50.0,0,N,MELB_URBAN,OTHER,5,17.0
18129,6,5,174,1,1,70.0,0,I,MELB_URBAN,ROAD,5,16.0
18130,1,5,133,1,3,70.0,0,I,MELB_URBAN,ROAD,5,21.0
18131,4,5,171,1,3,60.0,0,I,MELB_URBAN,ROAD,5,21.0