,accident_type,day_of_week,dca_code,road_geometry,light_condition,speed_zone,severity,node_type,deg_urban_name,road_type,month,hour
18132,2,5,99,1,2,50.0,0,I,MELB_URBAN,BOULEVARD,5,17.0
18133,4,5,171,2,3,60.0,0,I,MELB_URBAN,OTHER,5,23.0
18134,1,4,130,5,1,80.0,0,N,LARGE_PROVINCIAL_CITIES,STREET,4,16.0
18135,1,6,121,5,3,60.0,0,N,MELB_URBAN,STREET,5,7.0
18136,1,6,130,1,1,60.0,0,I,MELB_URBAN,ROAD,5,6.0
18137,1,6,99,2,1,70.0,0,I,LARGE_PROVINCIAL_CITIES,DRIVE,5,7.0
18138,1,6,121,1,1,60.0,0,I,MELB_URBAN,STREET,5,8.0
18139,1,7,121,1,1,60.0,0,I,MELB_URBAN,OTHER,11,10.0
18140,1,6,111,1,1,60.0,0,I,MELB_URBAN,STREET,5,8.0
18141,2,6,99,1,3,50.0,0,I,MELBOURNE_CBD,STREET,5,2.0
18142,6,6,99,5,1,100.0,0,N,RURAL_VICTORIA,ROAD,5,8.0
18143,6,5,174,5,1,100.0,0,N,RURAL_VICTORIA,ROAD,5,16.0
18144,1,5,130,1,2,60.0,0,I,MELB_URBAN,ROAD,5,17.0
18145,1,2,134,5,1,60.0,0,N,MELB_URBAN,ROAD,4,15.0
18146,1,5,113,2,1,80.0,0,I,MELB_URBAN,HIGHWAY,5,11.0
18147,1,6,99,1,1,60.0,0,I,MELB_URBAN,STREET,5,12.0
18148,1,6,147,2,1,50.0,0,I,LARGE_PROVINCIAL_CITIES,OTHER,5,12.0
18149,1,6,130,5,1,60.0,0,N,MELB_URBAN,ROAD,5,11.0
18150,8,6,174,5,1,40.0,0,N,MELB_URBAN,ROAD,5,12.0
18151,8,5,99,1,1,50.0,0,I,MELB_URBAN,AVENUE,5,11.0
18152,6,6,170,5,1,100.0,0,N,RURAL_VICTORIA,ROAD,5,11.0
18153,1,5,147,5,2,100.0,0,N,RURAL_VICTORIA,ROAD,5,17.0
18154,1,5,99,1,2,60.0,0,I,MELB_URBAN,ROAD,5,17.0
18155,4,6,181,5,5,100.0,0,N,RURAL_VICTORIA,HIGHWAY,5,2.0
18156,4,4,181,5,2,80.0,0,N,RURAL_VICTORIA,ROAD,5,17.0
18157,1,6,135,5,1,60.0,0,N,MELB_URBAN,ROAD,5,14.0
18158,6,6,174,5,1,100.0,0,N,RURAL_VICTORIA,ROAD,5,11.0
18159,8,1,184,5,1,60.0,0,N,RURAL_VICTORIA,OTHER,1,10.0
18160,4,6,171,2,1,60.0,0,I,MELB_URBAN,OTHER,5,15.0
18161,2,6,100,5,1,40.0,0,N,LARGE_PROVINCIAL_CITIES,STREET,5,15.0
18162,1,2,99,5,1,50.0,0,N,MELB_URBAN,OTHER,1,11.0
18163,1,5,130,5,2,80.0,0,N,RURAL_VICTORIA,ROAD,5,16.0
18164,1,6,130,1,1,40.0,0,I,MELB_URBAN,STREET,5,15.0
18165,1,6,130,5,3,60.0,0,N,MELB_URBAN,BOULEVARD,5,17.0
18166,1,6,121,2,3,60.0,0,I,MELB_URBAN,ROAD,5,17.0
18167,1,6,99,5,1,60.0,0,N,LARGE_PROVINCIAL_CITIES,STREET,5,12.0
18168,1,5,99,2,3,60.0,0,I,MELB_URBAN,ROAD,4,5.0
18169,1,6,134,5,3,80.0,0,N,MELB_URBAN,ROAD,5,18.0
18170,1,6,147,5,3,60.0,0,N,LARGE_PROVINCIAL_CITIES,STREET,5,18.0
18171,1,5,147,5,1,40.0,0,N,MELB_URBAN,ROAD,5,15.0
18172,1,6,99,2,1,60.0,0,I,MELB_URBAN,ROAD,5,14.0
18173,1,6,130,2,2,80.0,0,I,MELB_URBAN,ROAD,5,17.0
18174,1,4,121,1,2,70.0,0,N,MELB_URBAN,ROAD,9,7.0
18175,4,6,171,5,2,100.0,0,N,RURAL_VICTORIA,ROAD,5,17.0
18176,1,6,130,5,3,100.0,0,N,MELB_URBAN,FREEWAY,5,18.0
18177,6,6,170,2,1,70.0,0,I,MELB_URBAN,OTHER,5,14.0
18178,2,6,102,2,3,50.0,0,I,MELB_URBAN,DRIVE,5,20.0
18179,2,6,99,5,3,60.0,0,N,MELB_URBAN,ROAD,5,18.0
18180,1,5,121,2,3,50.0,0,I,MELB_URBAN,AVENUE,5,19.0
18181,1,6,147,5,3,60.0,0,N,MELB_URBAN,STREET,5,21.0
18182,8,6,174,2,3,40.0,0,I,MELB_URBAN,ROAD,5,23.0
18183,1,7,140,5,3,40.0,0,N,MELBOURNE_CBD,STREET,5,3.0
18184,4,7,173,5,5,100.0,0,N,RURAL_VICTORIA,ROAD,5,4.0
18185,4,6,171,5,5,60.0,0,N,RURAL_VICTORIA,ROAD,5,23.0
18186,4,7,181,2,3,50.0,0,I,MELB_URBAN,UNKNOWN,5,2.0
18187,6,4,99,5,5,100.0,0,N,RURAL_VICTORIA,ROAD,3,2.0
18188,8,7,184,5,1,110.0,0,N,RURAL_VICTORIA,FREEWAY,5,8.0
18189,1,7,130,2,1,60.0,0,I,MELB_URBAN,ROAD,5,9.0
18190,1,7,121,5,1,60.0,0,N,MELB_URBAN,STREET,5,10.0
18191,4,7,181,5,1,60.0,0,N,RURAL_VICTORIA,ROAD,4,8.0
18192,2,7,99,5,1,60.0,0,N,LARGE_PROVINCIAL_CITIES,ROAD,5,11.0
18193,1,7,110,1,1,60.0,0,I,MELB_URBAN,ROAD,5,11.0
18194,1,7,99,1,1,60.0,0,I,MELB_URBAN,ROAD,5,11.0
18195,1,7,130,2,1,60.0,0,I,MELB_URBAN,ROAD,5,12.0
18196,1,7,160,5,1,60.0,0,N,MELB_URBAN,ROAD,5,10.0
18197,1,6,134,2,1,70.0,0,I,MELB_URBAN,ROAD,5,13.0
18198,1,7,110,1,1,50.0,0,I,MELB_URBAN,STREET,5,13.0
18199,1,7,130,1,1,60.0,0,I,MELB_URBAN,AVENUE,5,14.0
18200,1,5,130,5,3,60.0,0,N,MELB_URBAN,ROAD,5,19.0
18201,1,7,113,1,1,80.0,1,I,RURAL_VICTORIA,HIGHWAY,5,10.0
18202,4,7,173,5,1,80.0,0,N,RURAL_VICTORIA,ROAD,5,13.0
18203,1,7,140,1,1,60.0,0,I,MELB_URBAN,ROAD,5,15.0
18204,1,7,110,1,2,60.0,0,I,MELB_URBAN,STREET,5,16.0
18205,2,4,102,2,3,50.0,0,I,MELB_URBAN,ROAD,4,21.0
18206,1,7,113,1,1,60.0,0,I,MELB_URBAN,DRIVE,5,16.0
18207,1,7,135,5,1,60.0,0,N,MELB_URBAN,ROAD,5,10.0
18208,1,7,160,2,1,60.0,0,N,SMALL_CITIES,STREET,5,16.0
18209,4,7,171,5,1,100.0,0,N,RURAL_VICTORIA,OTHER,5,14.0
18210,1,7,121,1,5,80.0,0,I,MELB_URBAN,ROAD,5,18.0
18211,1,7,121,2,2,50.0,0,I,MELB_URBAN,DRIVE,5,16.0
18212,1,7,110,1,2,50.0,0,I,MELB_URBAN,STREET,5,17.0
18213,1,7,113,2,1,60.0,0,I,SMALL_CITIES,AVENUE,5,17.0
18214,1,7,113,2,3,60.0,0,I,MELB_URBAN,ROAD,5,19.0
18215,1,7,110,1,3,50.0,0,I,MELB_URBAN,OTHER,5,18.0
18216,1,7,99,2,3,60.0,0,I,MELB_URBAN,ROAD,5,22.0
18217,4,7,183,2,5,100.0,1,I,RURAL_VICTORIA,ROAD,5,20.0
18218,1,7,120,1,5,100.0,0,I,RURAL_VICTORIA,HIGHWAY,5,22.0
18219,4,7,183,5,3,60.0,0,N,MELB_URBAN,RAMP,5,23.0
18220,4,1,171,1,3,60.0,0,I,MELB_URBAN,STREET,5,2.0
18221,1,7,99,5,1,60.0,0,N,MELB_URBAN,ROAD,5,12.0
18222,4,1,183,5,2,60.0,0,N,MELB_URBAN,ROAD,5,6.0
18223,4,1,173,1,1,80.0,0,I,MELB_URBAN,ROAD,5,7.0
18224,1,2,99,2,1,50.0,0,I,MELB_URBAN,AVENUE,11,8.0
18225,4,6,171,5,5,100.0,0,N,RURAL_VICTORIA,ROAD,5,18.0
18226,7,1,99,5,1,60.0,0,N,MELB_URBAN,ROAD,5,10.0
18227,1,7,121,1,3,60.0,0,I,MELB_URBAN,HIGHWAY,5,22.0
18228,2,4,99,5,1,50.0,0,N,TOWNS,STREET,2,17.0
18229,2,4,100,1,6,60.0,0,I,MELB_URBAN,ROAD,4,19.0
18230,1,1,163,5,1,50.0,0,N,MELB_URBAN,ROAD,5,9.0
18231,1,1,111,1,1,80.0,0,I,RURAL_VICTORIA,ROAD,5,11.0
18232,1,1,116,2,1,50.0,0,I,SMALL_CITIES,STREET,5,12.0
18233,6,6,184,2,1,60.0,0,I,RURAL_VICTORIA,ROAD,4,14.0
18234,4,1,99,2,1,50.0,0,I,MELB_URBAN,ROAD,5,12.0
18235,1,1,110,1,1,60.0,0,I,RURAL_VICTORIA,ROAD,5,13.0
18236,4,0,171,5,1,60.0,0,N,LARGE_PROVINCIAL_CITIES,ROAD,5,13.0
18237,4,7,171,5,5,80.0,0,N,MELB_URBAN,ROAD,5,23.0
18238,1,1,120,5,1,60.0,0,N,TOWNS,HIGHWAY,5,13.0
18239,1,3,99,2,3,60.0,0,I,LARGE_PROVINCIAL_CITIES,STREET,4,21.0
18240,1,1,163,2,1,60.0,0,I,MELB_URBAN,STREET,4,13.0
18241,1,1,163,5,9,40.0,0,N,MELB_URBAN,ROAD,5,17.0
18242,2,6,100,5,1,60.0,0,N,MELB_URBAN,ROAD,4,14.0
18243,1,6,130,1,2,40.0,0,I,MELB_URBAN,STREET,5,19.0
18244,6,6,174,5,6,50.0,0,N,MELB_URBAN,ROAD,5,3.0
18245,1,1,130,2,1,70.0,0,I,MELB_URBAN,PARADE,5,13.0
18246,1,1,113,4,3,70.0,0,I,MELB_URBAN,ROAD,5,22.0
18247,1,7,130,5,1,100.0,0,N,MELB_URBAN,FREEWAY,5,10.0
18248,1,2,110,1,3,50.0,0,I,MELBOURNE_CBD,STREET,5,0.0
18249,2,2,99,5,9,50.0,0,N,MELB_URBAN,ROAD,3,17.0
18250,1,5,99,2,1,70.0,0,I,MELB_URBAN,ROAD,5,11.0
18251,1,2,130,1,1,80.0,0,I,MELB_URBAN,HIGHWAY,5,8.0
18252,1,2,99,2,1,50.0,0,I,TOWNS,OTHER,5,8.0
18253,2,2,99,5,1,50.0,0,N,LARGE_PROVINCIAL_CITIES,STREET,5,8.0
18254,8,7,174,5,1,60.0,0,N,RURAL_VICTORIA,ROAD,3,14.0
18255,1,2,113,2,2,100.0,0,I,RURAL_VICTORIA,HIGHWAY,5,6.0
18256,4,1,181,5,1,100.0,0,N,RURAL_VICTORIA,ROAD,5,15.0
18257,2,5,100,2,1,50.0,0,I,MELB_URBAN,ROAD,5,14.0
18258,1,2,120,2,1,60.0,0,I,MELB_URBAN,STREET,5,8.0
18259,1,3,130,1,1,70.0,0,I,MELB_URBAN,ROAD,4,12.0
18260,1,2,147,5,1,60.0,0,N,MELB_URBAN,ROAD,5,10.0
18261,1,2,147,5,1,60.0,0,N,MELB_URBAN,ROAD,5,11.0
18262,1,2,147,2,1,60.0,0,I,MELB_URBAN,ROAD,5,7.0
18263,4,2,181,5,1,100.0,0,N,RURAL_VICTORIA,ROAD,5,9.0
18264,1,2,132,2,1,80.0,0,I,RURAL_VICTORIA,ROAD,5,9.0
18265,1,2,99,2,1,60.0,0,I,MELB_URBAN,ROAD,5,8.0
18266,1,1,110,1,1,60.0,0,I,LARGE_PROVINCIAL_CITIES,STREET,5,15.0
18267,1,2,113,2,1,70.0,0,I,RURAL_VICTORIA,HIGHWAY,5,10.0
18268,8,5,99,5,1,50.0,0,N,MELB_URBAN,STREET,3,10.0
18269,1,2,130,2,1,80.0,0,I,MELB_URBAN,ROAD,5,15.0
18270,1,2,110,1,1,50.0,0,I,LARGE_PROVINCIAL_CITIES,STREET,5,16.0
18271,4,2,173,5,2,100.0,0,N,RURAL_VICTORIA,ROAD,5,16.0
18272,1,2,121,1,1,60.0,0,I,MELB_URBAN,STREET,5,15.0
18273,1,2,110,1,3,50.0,0,I,LARGE_PROVINCIAL_CITIES,STREET,5,18.0
18274,2,2,100,2,1,60.0,0,I,MELB_URBAN,ROAD,5,15.0
18275,2,2,102,5,3,60.0,1,N,MELB_URBAN,ROAD,5,18.0
18276,1,2,130,5,3,60.0,0,N,MELB_URBAN,ROAD,5,18.0
18277,1,1,163,1,1,60.0,0,I,MELB_URBAN,STREET,5,11.0
18278,1,2,99,5,1,60.0,0,N,MELB_URBAN,STREET,5,8.0
18279,1,2,160,5,1,50.0,0,N,MELB_URBAN,ROAD,5,7.0
18280,1,2,110,1,3,70.0,0,I,LARGE_PROVINCIAL_CITIES,OTHER,5,21.0
18281,1,3,113,2,1,40.0,0,I,MELB_URBAN,STREET,5,7.0
18282,1,3,113,2,1,80.0,0,I,MELB_URBAN,ROAD,5,7.0
18283,4,2,181,2,1,60.0,0,I,TOWNS,HIGHWAY,5,12.0
18284,1,3,130,5,2,80.0,0,N,RURAL_VICTORIA,ROAD,5,6.0
18285,1,3,110,1,1,60.0,0,I,MELB_URBAN,STREET,5,8.0
18286,1,3,111,2,1,90.0,0,I,RURAL_VICTORIA,AVENUE,5,8.0
18287,3,3,167,5,2,100.0,0,N,RURAL_VICTORIA,ROAD,5,6.0
18288,1,3,121,2,1,60.0,0,I,MELB_URBAN,ROAD,5,9.0
18289,1,5,110,1,2,60.0,0,I,SMALL_CITIES,STREET,5,17.0
18290,1,2,121,1,3,60.0,0,I,MELB_URBAN,STREET,5,22.0
18291,4,3,171,5,1,50.0,0,N,MELB_URBAN,ROAD,5,9.0
18292,4,3,173,2,1,50.0,0,I,MELB_URBAN,DRIVE,5,8.0
18293,1,3,130,2,9,60.0,0,I,MELB_URBAN,ROAD,3,6.0
18294,1,3,130,2,1,60.0,0,I,MELB_URBAN,ROAD,5,9.0
18295,6,2,174,2,5,50.0,0,I,MELB_URBAN,ROAD,4,7.0
18296,6,3,174,5,1,60.0,0,N,MELB_URBAN,ROAD,5,7.0
18297,1,7,120,5,1,60.0,0,N,SMALL_TOWNS,ROAD,3,15.0
18298,2,3,99,2,1,40.0,0,I,SMALL_CITIES,AVENUE,5,8.0
18299,1,3,116,1,1,100.0,0,I,RURAL_VICTORIA,ROAD,5,9.0
18300,2,3,99,2,1,60.0,0,I,MELB_URBAN,STREET,5,12.0
18301,1,3,130,5,1,100.0,0,N,MELB_URBAN,UNKNOWN,5,8.0
18302,1,4,163,5,1,40.0,0,N,MELB_URBAN,STREET,5,9.0
18303,4,3,173,2,1,70.0,0,I,SMALL_TOWNS,ROAD,5,11.0
18304,1,3,113,2,1,60.0,0,I,SMALL_CITIES,STREET,5,13.0
18305,1,3,110,1,1,50.0,0,I,SMALL_CITIES,ROAD,5,13.0
18306,1,6,130,1,1,40.0,0,I,MELB_URBAN,ROAD,4,8.0
18307,1,3,113,2,1,60.0,0,I,MELB_URBAN,ROAD,5,8.0
18308,6,6,184,5,9,100.0,0,N,RURAL_VICTORIA,ROAD,12,14.0
18309,1,3,130,5,1,100.0,0,N,RURAL_VICTORIA,HIGHWAY,5,8.0
18310,1,3,121,5,1,60.0,0,N,MELB_URBAN,STREET,5,14.0
18311,1,3,113,2,1,80.0,0,I,MELB_URBAN,ROAD,5,10.0
18312,1,3,130,5,1,40.0,0,N,RURAL_VICTORIA,ROAD,5,14.0
18313,1,3,130,5,1,60.0,0,N,LARGE_PROVINCIAL_CITIES,STREET,5,13.0
18314,1,3,121,2,1,70.0,0,I,MELB_URBAN,ROAD,5,14.0
18315,8,5,99,2,9,70.0,0,I,RURAL_VICTORIA,HIGHWAY,4,7.0
18316,1,3,130,5,1,40.0,0,N,LARGE_PROVINCIAL_CITIES,ROAD,5,15.0
18317,6,3,184,5,1,100.0,0,N,RURAL_VICTORIA,OTHER,5,14.0
18318,1,3,130,5,1,40.0,0,N,MELB_URBAN,ROAD,5,8.0
18319,1,3,99,5,2,60.0,0,N,MELB_URBAN,ROAD,5,17.0
18320,1,3,147,5,1,60.0,0,N,SMALL_CITIES,ROAD,5,16.0
18321,1,3,140,5,3,40.0,0,N,MELB_URBAN,OTHER,5,18.0
18322,1,3,130,5,3,60.0,0,N,MELB_URBAN,STREET,5,19.0
18323,4,3,171,5,1,80.0,0,N,RURAL_VICTORIA,ROAD,5,15.0
18324,1,3,121,4,3,70.0,0,I,MELB_URBAN,RAMP,5,19.0
18325,1,3,99,2,6,60.0,0,N,SMALL_CITIES,ROAD,5,18.0
18326,1,3,147,5,9,60.0,0,N,MELB_URBAN,HIGHWAY,5,16.0
18327,1,3,160,5,3,50.0,0,N,LARGE_PROVINCIAL_CITIES,STREET,5,18.0
18328,1,3,113,3,3,60.0,0,N,MELB_URBAN,BOULEVARD,5,21.0
18329,1,3,133,2,2,50.0,0,I,MELB_URBAN,STREET,5,17.0
18330,4,3,173,5,5,80.0,0,N,RURAL_VICTORIA,DRIVE,5,20.0
18331,2,3,99,5,1,50.0,0,N,MELB_URBAN,AVENUE,5,18.0
18332,1,3,130,5,3,100.0,0,N,MELB_URBAN,UNKNOWN,5,6.0
18333,1,3,121,2,3,60.0,0,I,MELB_URBAN,ROAD,5,18.0
18334,1,3,130,2,1,50.0,0,I,MELB_URBAN,ROAD,5,10.0
18335,4,7,171,2,1,60.0,0,I,MELB_URBAN,OTHER,5,11.0
18336,4,3,171,5,1,80.0,0,N,MELB_URBAN,ROAD,5,8.0
18337,1,4,147,2,1,60.0,0,I,MELB_URBAN,ROAD,5,8.0
18338,1,4,134,5,2,100.0,0,N,MELB_URBAN,UNKNOWN,5,7.0
18339,1,3,130,5,3,80.0,0,N,MELB_URBAN,ROAD,5,18.0
18340,1,4,116,1,1,50.0,0,I,MELB_URBAN,STREET,5,8.0
18341,1,2,130,1,1,60.0,0,I,MELB_URBAN,HIGHWAY,5,9.0
18342,1,3,99,5,1,110.0,0,N,RURAL_VICTORIA,FREEWAY,5,8.0
18343,1,4,160,5,1,80.0,0,N,TOWNS,STREET,4,13.0
18344,1,4,134,2,1,60.0,0,I,MELB_URBAN,ROAD,5,10.0
18345,1,4,147,5,1,50.0,0,N,SMALL_TOWNS,STREET,5,9.0
18346,1,4,121,1,1,60.0,0,I,MELB_URBAN,STREET,5,9.0
18347,4,1,171,5,1,60.0,0,N,RURAL_VICTORIA,ROAD,4,11.0
18348,1,4,110,1,1,50.0,0,I,LARGE_PROVINCIAL_CITIES,STREET,5,11.0
18349,2,4,100,2,1,60.0,0,I,MELB_URBAN,ROAD,5,8.0
18350,1,3,121,1,3,60.0,0,I,MELB_URBAN,ROAD,5,21.0
18351,1,3,163,5,1,60.0,0,N,MELB_URBAN,STREET,5,8.0
18352,1,4,135,5,1,80.0,0,N,MELB_URBAN,FREEWAY,5,13.0
18353,6,4,174,2,1,60.0,0,I,MELB_URBAN,ROAD,5,14.0
18354,1,3,130,1,2,60.0,0,I,MELB_URBAN,STREET,5,18.0
18355,1,4,99,5,1,50.0,0,N,LARGE_PROVINCIAL_CITIES,OTHER,5,14.0
18356,1,1,110,1,1,50.0,0,I,MELB_URBAN,AVENUE,5,16.0
18357,1,3,113,2,1,50.0,0,I,MELB_URBAN,PARADE,5,8.0
18358,6,4,170,5,1,100.0,0,N,RURAL_VICTORIA,OTHER,5,15.0
18359,4,6,181,5,3,50.0,0,N,TOWNS,AVENUE,4,23.0
18360,1,3,110,1,3,60.0,0,I,LARGE_PROVINCIAL_CITIES,STREET,2,22.0
18361,1,4,121,1,1,60.0,0,I,MELB_URBAN,DRIVE,5,14.0
18362,1,3,130,5,3,60.0,0,N,MELB_URBAN,PARADE,5,18.0
18363,1,4,163,5,2,60.0,0,N,MELB_URBAN,ROAD,5,17.0
18364,1,4,173,5,2,100.0,0,N,MELB_URBAN,UNKNOWN,5,16.0
18365,4,4,181,5,1,100.0,0,N,RURAL_VICTORIA,ROAD,5,16.0
18366,1,4,121,1,1,70.0,0,I,MELB_URBAN,ROAD,5,14.0
18367,1,3,130,5,1,60.0,0,N,MELB_URBAN,ROAD,4,16.0
18368,2,4,100,1,1,60.0,0,I,MELB_URBAN,ROAD,5,17.0
18369,1,4,121,1,3,70.0,0,I,MELB_URBAN,ROAD,5,18.0
18370,1,3,110,1,1,60.0,0,I,MELB_URBAN,DRIVE,5,16.0
18371,1,2,121,1,3,60.0,0,I,MELB_URBAN,ROAD,5,18.0
18372,1,4,130,2,3,50.0,0,I,MELB_URBAN,STREET,4,20.0
18373,4,4,183,5,2,100.0,0,N,RURAL_VICTORIA,ROAD,5,16.0
18374,1,4,160,5,3,60.0,0,N,SMALL_CITIES,STREET,5,7.0
18375,1,4,147,5,3,60.0,0,N,MELB_URBAN,ROAD,5,19.0
18376,6,4,174,1,1,100.0,0,I,RURAL_VICTORIA,ROAD,5,16.0
18377,1,2,121,1,6,50.0,0,I,MELBOURNE_CBD,STREET,5,22.0
18378,1,4,113,2,3,60.0,0,I,MELB_URBAN,ROAD,5,19.0
18379,2,4,102,2,3,50.0,0,I,MELB_URBAN,STREET,5,20.0
18380,1,3,121,2,3,80.0,0,I,MELB_URBAN,HIGHWAY,5,6.0
18381,1,4,111,1,3,60.0,0,I,MELB_URBAN,ROAD,5,23.0
18382,4,5,171,1,3,60.0,0,I,MELB_URBAN,STREET,5,2.0
18383,1,3,110,1,2,100.0,0,I,RURAL_VICTORIA,ROAD,5,17.0
18384,1,5,133,5,2,100.0,0,N,MELB_URBAN,FREEWAY,5,6.0
18385,1,3,121,1,1,70.0,0,I,MELB_URBAN,ROAD,5,10.0
18386,6,4,174,5,1,80.0,0,N,MELB_URBAN,ROAD,5,13.0
18387,8,5,174,1,1,60.0,0,I,MELB_URBAN,STREET,5,14.0
18388,1,5,110,1,1,40.0,0,I,MELB_URBAN,STREET,5,8.0
18389,1,5,130,1,1,60.0,0,I,MELB_URBAN,HIGHWAY,5,7.0
18390,1,5,110,1,1,60.0,0,N,SMALL_CITIES,HIGHWAY,5,8.0
18391,1,0,121,1,1,80.0,0,N,MELB_URBAN,ROAD,5,13.0
18392,6,7,184,5,1,60.0,0,N,RURAL_VICTORIA,ROAD,4,15.0
18393,1,2,113,2,1,60.0,0,I,RURAL_VICTORIA,ROAD,4,15.0
18394,1,3,121,2,1,100.0,0,I,RURAL_VICTORIA,ROAD,5,8.0
18395,1,4,110,1,1,50.0,0,I,TOWNS,STREET,5,8.0
18396,4,5,173,5,2,110.0,0,N,RURAL_VICTORIA,FREEWAY,5,6.0
18397,6,5,184,5,2,60.0,0,N,TOWNS,STREET,5,7.0
18398,1,5,110,1,1,50.0,0,I,MELB_URBAN,STREET,5,9.0
18399,6,5,174,1,1,60.0,0,I,MELB_URBAN,STREET,5,8.0
18400,2,4,99,1,1,60.0,0,I,SMALL_CITIES,STREET,5,14.0
18401,6,4,174,5,1,40.0,0,N,MELB_URBAN,ROAD,5,10.0
18402,1,5,99,2,1,50.0,0,I,MELB_URBAN,PARADE,5,11.0
18403,1,4,110,1,3,60.0,0,I,MELB_URBAN,STREET,5,18.0
18404,1,5,140,1,1,60.0,0,I,MELB_URBAN,BOULEVARD,5,11.0
18405,2,4,99,5,1,50.0,0,N,MELB_URBAN,ROAD,5,11.0
18406,1,3,130,2,1,60.0,0,I,MELB_URBAN,DRIVE,5,8.0
18407,2,5,100,5,1,60.0,0,N,MELB_URBAN,STREET,5,7.0
18408,1,3,163,2,3,40.0,0,I,MELB_URBAN,ROAD,5,19.0
18409,4,5,181,5,1,80.0,0,N,RURAL_VICTORIA,ROAD,5,13.0
18410,1,5,130,2,1,70.0,0,N,MELB_URBAN,ROAD,5,13.0
18411,1,5,110,1,1,60.0,0,I,SMALL_CITIES,STREET,5,14.0
18412,1,2,130,5,1,70.0,0,N,SMALL_CITIES,STREET,5,16.0
18413,1,2,130,5,1,60.0,0,N,MELB_URBAN,STREET,4,15.0
18414,1,5,140,5,1,50.0,0,N,MELB_URBAN,ROAD,5,14.0
18415,8,5,99,5,1,60.0,0,N,MELB_URBAN,STREET,5,11.0
18416,4,5,183,1,1,100.0,0,I,RURAL_VICTORIA,ROAD,5,16.0
18417,1,5,135,5,1,80.0,0,N,MELB_URBAN,ROAD,5,15.0
18418,1,5,132,2,1,40.0,0,I,MELB_URBAN,ROAD,5,15.0
18419,6,5,170,5,1,100.0,1,N,RURAL_VICTORIA,ROAD,5,14.0
18420,6,5,174,5,3,80.0,0,N,MELB_URBAN,FREEWAY,5,18.0
18421,1,5,130,5,5,80.0,0,N,MELB_URBAN,FREEWAY,5,18.0
18422,1,5,163,5,3,40.0,0,N,MELBOURNE_CBD,STREET,5,18.0
18423,4,5,99,2,1,50.0,0,I,LARGE_PROVINCIAL_CITIES,AVENUE,5,14.0
18424,1,5,130,5,3,60.0,0,N,MELB_URBAN,ROAD,5,17.0
18425,1,4,130,5,1,70.0,0,N,MELB_URBAN,ROAD,5,11.0
18426,1,5,130,5,3,60.0,0,N,MELB_URBAN,ROAD,5,18.0
18427,1,5,113,2,5,100.0,0,I,RURAL_VICTORIA,ROAD,5,18.0
18428,6,1,184,5,1,60.0,0,N,RURAL_VICTORIA,ROAD,4,9.0
18429,1,5,130,5,5,60.0,0,N,MELB_URBAN,ROAD,5,17.0
18430,6,5,174,2,1,60.0,0,I,MELB_URBAN,ROAD,5,16.0
18431,3,5,167,5,6,100.0,0,N,LARGE_PROVINCIAL_CITIES,ROAD,5,20.0
18432,2,2,99,2,5,60.0,0,I,MELB_URBAN,ROAD,5,18.0
18433,4,5,173,1,3,80.0,0,I,MELB_URBAN,ROAD,5,19.0
18434,4,5,171,5,3,50.0,0,N,MELB_URBAN,AVENUE,5,21.0
18435,4,2,183,5,3,50.0,0,N,MELB_URBAN,DRIVE,5,20.0
18436,1,5,110,1,1,60.0,0,I,MELB_URBAN,STREET,5,17.0
18437,1,5,135,5,1,60.0,0,N,MELB_URBAN,STREET,5,16.0
18438,1,4,121,4,3,60.0,0,I,MELB_URBAN,ROAD,5,22.0
18439,1,5,120,5,4,60.0,0,N,MELB_URBAN,ROAD,5,23.0
18440,2,6,100,1,3,40.0,0,I,MELBOURNE_CBD,STREET,5,2.0
18441,1,4,130,5,2,40.0,0,N,MELB_URBAN,ROAD,4,17.0
18442,1,6,116,2,2,50.0,0,I,LARGE_PROVINCIAL_CITIES,ROAD,5,7.0
18443,1,6,121,2,1,100.0,0,I,RURAL_VICTORIA,ROAD,5,7.0
18444,1,6,135,5,2,100.0,0,N,MELB_URBAN,UNKNOWN,5,6.0
18445,1,5,130,5,3,80.0,0,N,MELB_URBAN,ROAD,5,18.0
18446,2,6,100,5,1,40.0,0,N,MELB_URBAN,STREET,5,8.0
18447,1,6,111,1,2,60.0,0,I,SMALL_CITIES,STREET,5,6.0
18448,4,3,173,5,1,100.0,0,N,MELB_URBAN,UNKNOWN,6,10.0
18449,1,6,147,2,1,50.0,0,I,MELB_URBAN,OTHER,5,7.0
18450,1,6,99,2,1,60.0,0,I,MELB_URBAN,ROAD,5,9.0
18451,1,5,130,1,9,40.0,0,N,MELB_URBAN,RAMP,5,10.0
18452,4,6,173,5,1,60.0,0,N,SMALL_CITIES,DRIVE,5,9.0
18453,5,1,99,5,1,100.0,0,N,RURAL_VICTORIA,ROAD,5,12.0
18454,4,3,99,2,1,50.0,0,I,MELB_URBAN,STREET,5,8.0
18455,4,6,181,5,1,110.0,0,N,RURAL_VICTORIA,HIGHWAY,5,9.0
18456,8,6,184,5,1,100.0,0,N,RURAL_VICTORIA,ROAD,1,12.0
18457,1,1,113,2,1,60.0,0,I,MELB_URBAN,ROAD,5,11.0
18458,1,6,133,1,1,80.0,0,I,MELB_URBAN,ROAD,5,10.0
18459,4,6,183,5,1,40.0,0,N,RURAL_VICTORIA,ROAD,5,10.0
18460,1,1,121,1,1,60.0,0,I,MELB_URBAN,ROAD,5,13.0
18461,1,5,99,2,1,40.0,0,I,MELB_URBAN,ROAD,5,11.0
18462,1,6,147,2,1,60.0,0,N,MELB_URBAN,ROAD,5,11.0
18463,1,3,130,1,1,50.0,0,I,LARGE_PROVINCIAL_CITIES,STREET,2,8.0