,accident_type,day_of_week,dca_code,road_geometry,light_condition,speed_zone,severity,node_type,deg_urban_name,road_type,month,hour
18464,4,5,99,2,3,50.0,0,I,MELB_URBAN,DRIVE,4,21.0
18465,1,6,140,2,1,50.0,0,I,MELB_URBAN,AVENUE,5,12.0
18466,1,6,147,5,1,60.0,0,N,MELB_URBAN,AVENUE,5,13.0
18467,6,2,99,5,1,60.0,0,N,RURAL_VICTORIA,ROAD,5,13.0
18468,4,6,173,5,1,100.0,0,N,RURAL_VICTORIA,ROAD,5,14.0
18469,3,6,167,5,5,100.0,0,N,RURAL_VICTORIA,ROAD,5,4.0
18470,1,6,116,2,1,60.0,0,I,MELB_URBAN,ROAD,5,8.0
18471,1,6,130,5,1,80.0,0,N,MELB_URBAN,UNKNOWN,5,12.0
18472,1,3,130,5,1,60.0,0,N,MELB_URBAN,ROAD,5,8.0
18473,5,4,171,1,1,40.0,0,I,MELB_URBAN,STREET,4,11.0
18474,1,6,110,1,1,100.0,0,I,RURAL_VICTORIA,ROAD,5,15.0
18475,1,3,130,5,9,100.0,0,N,MELB_URBAN,FREEWAY,5,16.0
18476,1,6,130,2,1,60.0,0,I,MELB_URBAN,ROAD,5,15.0
18477,4,6,99,5,1,50.0,0,N,TOWNS,ROAD,5,12.0
18478,1,6,130,5,2,80.0,0,N,MELB_URBAN,HIGHWAY,5,17.0
18479,4,6,171,5,1,70.0,1,N,MELB_URBAN,ROAD,5,15.0
18480,1,6,132,2,1,60.0,0,N,MELB_URBAN,ROAD,5,16.0
18481,6,6,170,5,2,100.0,0,N,RURAL_VICTORIA,ROAD,5,17.0
18482,1,6,121,2,3,50.0,0,I,SMALL_CITIES,STREET,5,19.0
18483,1,6,140,5,4,60.0,0,N,MELB_URBAN,ROAD,5,18.0
18484,1,6,134,5,2,100.0,0,N,MELB_URBAN,FREEWAY,5,16.0
18485,1,6,130,5,3,80.0,0,N,MELB_URBAN,ROAD,5,18.0
18486,1,6,130,2,3,60.0,0,I,SMALL_CITIES,STREET,5,20.0
18487,1,6,132,2,1,60.0,0,I,MELB_URBAN,ROAD,5,16.0
18488,1,6,121,2,3,50.0,0,I,MELB_URBAN,STREET,5,19.0
18489,1,6,132,1,1,60.0,0,I,MELB_URBAN,STREET,5,16.0
18490,1,2,160,5,1,50.0,0,N,MELB_URBAN,STREET,4,16.0
18491,8,6,170,1,3,80.0,0,I,MELB_URBAN,AVENUE,5,20.0
18492,7,6,99,1,3,40.0,0,I,MELBOURNE_CBD,OTHER,5,23.0
18493,6,6,174,5,5,100.0,0,N,RURAL_VICTORIA,AVENUE,5,23.0
18494,1,6,113,2,1,60.0,0,I,MELB_URBAN,ROAD,5,15.0
18495,1,7,99,1,3,60.0,0,I,MELB_URBAN,PARADE,5,1.0
18496,1,3,121,2,1,80.0,0,N,MELB_URBAN,ROAD,2,17.0
18497,1,6,121,2,1,60.0,0,I,MELB_URBAN,ROAD,5,7.0
18498,4,7,173,5,2,60.0,0,N,MELB_URBAN,STREET,5,7.0
18499,1,6,130,2,1,60.0,0,I,MELB_URBAN,ROAD,5,16.0
18500,4,6,173,5,1,100.0,0,N,MELB_URBAN,FREEWAY,12,15.0
18501,2,6,102,5,1,50.0,0,N,MELB_URBAN,STREET,5,14.0
18502,1,1,121,5,6,50.0,0,N,MELB_URBAN,ROAD,4,19.0
18503,1,5,135,5,1,100.0,0,N,MELB_URBAN,FREEWAY,5,8.0
18504,1,6,130,2,1,70.0,0,I,MELB_URBAN,ROAD,5,14.0
18505,1,7,132,2,1,60.0,0,I,SMALL_CITIES,STREET,5,8.0
18506,1,7,99,2,1,50.0,0,I,MELB_URBAN,OTHER,5,7.0
18507,1,7,99,2,1,100.0,0,I,RURAL_VICTORIA,ROAD,5,11.0
18508,1,7,121,1,1,60.0,0,I,MELB_URBAN,STREET,5,10.0
18509,1,1,99,5,1,50.0,0,N,MELB_URBAN,PARADE,4,9.0
18510,1,6,133,5,1,60.0,0,N,MELB_URBAN,HIGHWAY,5,14.0
18511,4,7,183,5,1,100.0,0,N,RURAL_VICTORIA,ROAD,5,14.0
18512,4,7,99,5,1,60.0,0,N,SMALL_CITIES,STREET,5,14.0
18513,1,7,130,5,1,60.0,0,N,MELB_URBAN,ROAD,5,15.0
18514,8,7,184,5,1,100.0,0,N,RURAL_VICTORIA,ROAD,5,15.0
18515,2,7,99,5,1,50.0,0,N,MELB_URBAN,STREET,5,16.0
18516,4,7,171,1,1,50.0,0,I,MELB_URBAN,OTHER,5,16.0
18517,6,7,184,2,5,60.0,0,I,TOWNS,HIGHWAY,5,2.0
18518,1,7,130,5,2,110.0,0,N,RURAL_VICTORIA,HIGHWAY,5,16.0
18519,8,3,174,5,1,80.0,0,N,MELB_URBAN,ROAD,5,9.0
18520,3,7,167,5,5,100.0,0,N,RURAL_VICTORIA,HIGHWAY,5,19.0
18521,1,7,110,1,5,100.0,0,I,RURAL_VICTORIA,ROAD,5,18.0
18522,4,7,171,1,1,60.0,0,I,MELB_URBAN,ROAD,5,14.0
18523,4,7,181,2,5,80.0,0,I,RURAL_VICTORIA,ROAD,5,18.0
18524,1,7,113,2,3,70.0,0,I,MELB_URBAN,ROAD,5,20.0
18525,1,7,140,5,3,50.0,0,N,MELB_URBAN,STREET,5,19.0
18526,1,7,121,1,3,60.0,0,I,MELBOURNE_CBD,STREET,5,21.0
18527,1,7,113,2,1,60.0,0,I,MELB_URBAN,ROAD,5,15.0
18528,1,1,133,5,3,80.0,0,N,MELB_URBAN,HIGHWAY,5,1.0
18529,1,7,140,4,1,60.0,0,I,MELB_URBAN,ROAD,5,11.0
18530,1,1,160,5,1,50.0,0,N,MELB_URBAN,DRIVE,5,8.0
18531,1,7,160,5,2,60.0,0,N,MELB_URBAN,ROAD,5,16.0
18532,4,1,171,1,1,60.0,0,I,SMALL_CITIES,STREET,5,11.0
18533,8,1,99,4,1,90.0,0,N,RURAL_VICTORIA,HIGHWAY,5,8.0
18534,1,1,160,2,1,50.0,0,I,MELB_URBAN,ROAD,5,9.0
18535,4,7,181,5,1,60.0,0,N,RURAL_VICTORIA,ROAD,5,15.0
18536,5,7,99,5,1,50.0,0,N,RURAL_VICTORIA,ROAD,5,11.0
18537,1,1,121,1,1,80.0,0,I,MELB_URBAN,ROAD,5,12.0
18538,4,1,173,5,1,100.0,0,N,RURAL_VICTORIA,STREET,5,12.0
18539,1,1,99,2,1,80.0,0,I,MELB_URBAN,ROAD,5,13.0
18540,1,5,110,1,6,60.0,0,I,MELB_URBAN,ROAD,4,20.0
18541,4,1,183,5,1,100.0,0,N,RURAL_VICTORIA,ROAD,5,11.0
18542,8,7,170,2,2,60.0,0,I,MELB_URBAN,ROAD,5,17.0
18543,1,1,99,5,5,100.0,0,N,RURAL_VICTORIA,HIGHWAY,5,0.0
18544,4,1,173,5,2,80.0,0,N,MELB_URBAN,ROAD,5,16.0
18545,1,1,99,5,1,40.0,0,N,MELBOURNE_CBD,STREET,5,16.0
18546,1,2,99,2,1,60.0,0,I,MELB_URBAN,ROAD,5,15.0
18547,2,1,100,2,2,50.0,0,I,MELB_URBAN,ROAD,5,17.0
18548,2,7,99,2,1,100.0,0,I,SMALL_CITIES,ROAD,5,11.0
18549,1,7,130,2,1,70.0,0,I,MELB_URBAN,ROAD,10,13.0
18550,1,1,160,1,1,40.0,0,I,MELB_URBAN,ROAD,5,12.0
18551,1,1,121,2,3,60.0,0,N,MELB_URBAN,STREET,5,18.0
18552,1,6,120,2,3,50.0,0,I,MELB_URBAN,STREET,5,19.0
18553,1,6,99,2,1,50.0,0,I,MELB_URBAN,ROAD,5,10.0
18554,1,1,110,1,3,60.0,0,I,SMALL_CITIES,ROAD,5,19.0
18555,1,1,130,2,1,60.0,0,I,MELB_URBAN,ROAD,5,15.0
18556,1,1,140,5,3,60.0,0,N,MELB_URBAN,STREET,5,19.0
18557,1,1,140,5,3,60.0,0,N,MELB_URBAN,ROAD,5,20.0
18558,1,6,130,2,1,70.0,0,I,MELB_URBAN,ROAD,5,13.0
18559,2,1,99,5,3,60.0,0,N,MELB_URBAN,ROAD,5,21.0
18560,1,1,160,5,1,50.0,1,N,MELB_URBAN,STREET,5,17.0
18561,1,1,121,1,3,60.0,0,I,MELB_URBAN,ROAD,5,23.0
18562,1,1,160,5,3,60.0,0,N,MELB_URBAN,ROAD,5,22.0
18563,4,1,173,1,3,60.0,0,I,MELB_URBAN,STREET,5,23.0
18564,4,2,171,5,5,110.0,0,N,RURAL_VICTORIA,FREEWAY,5,1.0
18565,1,5,130,5,2,60.0,0,N,MELB_URBAN,STREET,4,17.0
18566,4,7,173,1,3,60.0,0,I,SMALL_CITIES,STREET,5,3.0
18567,1,2,120,5,3,60.0,0,N,MELB_URBAN,ROAD,5,0.0
18568,1,2,130,5,3,60.0,0,N,MELB_URBAN,ROAD,5,6.0
18569,6,2,174,1,1,50.0,0,I,MELB_URBAN,ROAD,5,7.0
18570,1,2,121,2,1,50.0,0,I,LARGE_PROVINCIAL_CITIES,STREET,5,7.0
18571,4,2,183,5,5,80.0,0,N,TOWNS,ROAD,5,7.0
18572,1,5,130,5,1,50.0,0,N,MELB_URBAN,ROAD,5,16.0
18573,4,2,181,5,2,100.0,0,N,RURAL_VICTORIA,ROAD,5,7.0
18574,6,1,174,5,1,50.0,0,N,MELB_URBAN,DRIVE,9,11.0
18575,4,3,173,5,1,50.0,0,N,MELB_URBAN,ROAD,5,13.0
18576,1,2,140,5,5,100.0,0,N,RURAL_VICTORIA,ROAD,5,7.0
18577,1,6,130,5,1,40.0,0,N,MELB_URBAN,ROAD,3,15.0
18578,8,4,174,5,5,80.0,0,N,MELB_URBAN,ROAD,5,18.0
18579,1,2,130,5,1,70.0,0,N,MELB_URBAN,ROAD,5,7.0
18580,1,1,130,4,3,70.0,0,I,MELB_URBAN,RAMP,5,6.0
18581,1,6,134,5,1,60.0,0,N,LARGE_PROVINCIAL_CITIES,STREET,11,8.0
18582,1,1,120,2,1,60.0,0,I,SMALL_TOWNS,ROAD,5,12.0
18583,2,2,99,2,1,40.0,0,I,MELB_URBAN,ROAD,5,13.0
18584,1,3,130,1,1,50.0,0,I,MELB_URBAN,DRIVE,4,17.0
18585,2,2,100,2,1,40.0,0,I,MELB_URBAN,STREET,5,12.0
18586,2,2,102,1,1,50.0,0,I,MELB_URBAN,ROAD,5,9.0
18587,1,2,121,2,1,60.0,0,I,TOWNS,OTHER,5,8.0
18588,1,2,130,2,1,60.0,0,I,MELB_URBAN,DRIVE,5,14.0
18589,5,5,99,5,1,60.0,0,N,RURAL_VICTORIA,ROAD,4,10.0
18590,1,2,99,4,9,60.0,0,I,MELB_URBAN,STREET,5,6.0
18591,1,2,121,1,1,60.0,0,I,LARGE_PROVINCIAL_CITIES,ROAD,5,13.0
18592,1,2,110,1,1,40.0,0,I,LARGE_PROVINCIAL_CITIES,ROAD,5,16.0
18593,1,2,99,2,1,60.0,0,I,MELB_URBAN,STREET,5,14.0
18594,6,3,174,5,3,80.0,0,N,SMALL_CITIES,ROAD,5,23.0
18595,4,6,171,5,3,60.0,0,N,MELB_URBAN,ROAD,5,23.0
18596,4,2,173,5,1,80.0,0,N,RURAL_VICTORIA,ROAD,5,14.0
18597,1,2,111,2,1,80.0,0,I,MELB_URBAN,HIGHWAY,5,14.0
18598,1,2,111,2,1,60.0,0,I,MELB_URBAN,ROAD,5,15.0
18599,1,2,99,2,1,70.0,0,N,MELB_URBAN,ROAD,5,15.0
18600,1,5,130,2,1,60.0,0,N,MELB_URBAN,STREET,5,16.0
18601,1,2,110,1,1,80.0,0,I,RURAL_VICTORIA,ROAD,5,17.0
18602,1,2,160,2,1,40.0,0,I,MELB_URBAN,ROAD,5,15.0
18603,6,4,184,5,2,60.0,0,N,MELB_URBAN,ROAD,5,17.0
18604,1,2,99,2,1,80.0,0,I,MELB_URBAN,ROAD,5,15.0
18605,2,7,100,1,3,40.0,0,I,MELBOURNE_CBD,STREET,5,20.0
18606,1,1,121,1,3,60.0,0,I,SMALL_CITIES,STREET,5,18.0
18607,1,2,113,2,1,80.0,0,I,RURAL_VICTORIA,ROAD,5,16.0
18608,4,2,181,5,9,100.0,0,N,RURAL_VICTORIA,ROAD,5,16.0
18609,2,2,99,5,4,50.0,0,N,MELB_URBAN,ROAD,5,18.0
18610,1,2,147,5,3,60.0,0,N,MELB_URBAN,ROAD,5,18.0
18611,1,6,99,5,5,90.0,0,N,RURAL_VICTORIA,HIGHWAY,5,18.0
18612,4,2,173,5,1,80.0,0,N,MELB_URBAN,FREEWAY,5,14.0
18613,1,2,132,1,3,60.0,0,I,MELB_URBAN,STREET,5,20.0
18614,6,2,170,5,2,110.0,0,N,RURAL_VICTORIA,HIGHWAY,5,17.0
18615,1,2,130,2,2,60.0,0,N,MELB_URBAN,STREET,5,17.0
18616,1,1,130,5,3,80.0,0,N,MELB_URBAN,ROAD,5,17.0
18617,1,2,121,2,1,50.0,0,I,MELB_URBAN,STREET,5,16.0
18618,4,2,181,2,3,70.0,0,I,MELB_URBAN,HIGHWAY,5,23.0
18619,4,3,171,2,3,70.0,0,I,SMALL_CITIES,HIGHWAY,5,1.0
18620,1,3,160,5,3,50.0,0,N,MELB_URBAN,AVENUE,5,2.0
18621,1,1,121,2,1,60.0,0,I,MELB_URBAN,HIGHWAY,5,12.0
18622,1,3,130,5,2,100.0,0,N,RURAL_VICTORIA,HIGHWAY,4,7.0
18623,8,2,174,1,5,80.0,0,I,MELB_URBAN,ROAD,2,21.0
18624,1,3,110,1,1,100.0,0,I,RURAL_VICTORIA,ROAD,5,8.0
18625,1,2,130,2,1,70.0,0,I,LARGE_PROVINCIAL_CITIES,ROAD,5,16.0
18626,1,3,130,5,2,70.0,0,N,MELB_URBAN,ROAD,9,17.0
18627,2,6,100,5,2,60.0,0,N,MELB_URBAN,ROAD,4,17.0
18628,2,3,99,2,1,60.0,0,I,MELB_URBAN,AVENUE,5,8.0
18629,1,6,121,1,1,40.0,0,I,MELBOURNE_CBD,STREET,3,16.0
18630,4,6,171,5,1,80.0,0,N,MELB_URBAN,ROAD,5,12.0
18631,1,2,130,5,2,60.0,0,N,MELB_URBAN,ROAD,5,7.0
18632,4,2,99,5,5,80.0,0,N,LARGE_PROVINCIAL_CITIES,ROAD,5,21.0
18633,1,3,140,2,1,80.0,0,I,MELB_URBAN,ROAD,5,11.0
18634,1,3,130,1,1,100.0,0,I,MELB_URBAN,ROAD,5,8.0
18635,2,3,99,5,1,60.0,0,N,MELB_URBAN,STREET,5,11.0
18636,1,3,130,5,1,110.0,0,N,RURAL_VICTORIA,FREEWAY,5,12.0
18637,1,1,120,5,1,60.0,0,N,RURAL_VICTORIA,ROAD,5,15.0
18638,2,3,99,5,1,40.0,0,N,TOWNS,STREET,5,14.0
18639,5,7,99,5,1,60.0,0,N,RURAL_VICTORIA,ROAD,4,11.0
18640,4,2,181,5,3,40.0,0,N,MELB_URBAN,OTHER,5,20.0
18641,4,3,181,2,1,60.0,0,I,MELB_URBAN,HIGHWAY,5,14.0
18642,1,3,121,2,1,60.0,0,I,MELB_URBAN,ROAD,5,14.0
18643,1,1,121,5,3,60.0,0,N,TOWNS,ROAD,5,17.0
18644,4,3,171,2,1,60.0,0,I,RURAL_VICTORIA,ROAD,5,15.0
18645,6,3,99,5,1,60.0,0,N,RURAL_VICTORIA,ROAD,5,13.0
18646,7,3,99,5,1,80.0,0,N,MELB_URBAN,ROAD,5,15.0
18647,1,2,130,1,1,50.0,0,I,MELB_URBAN,AVENUE,5,11.0
18648,2,3,99,5,1,60.0,0,N,MELB_URBAN,ROAD,5,15.0
18649,1,3,121,1,3,60.0,0,I,MELB_URBAN,ROAD,5,17.0
18650,1,3,130,5,1,60.0,0,N,MELB_URBAN,ROAD,5,14.0
18651,4,3,171,5,1,80.0,0,N,MELB_URBAN,FREEWAY,5,16.0
18652,1,3,113,2,3,60.0,0,I,MELB_URBAN,OTHER,5,19.0
18653,1,3,130,5,3,100.0,0,N,MELB_URBAN,FREEWAY,5,20.0
18654,1,1,120,5,3,80.0,0,N,MELB_URBAN,ROAD,5,18.0
18655,4,4,173,5,6,60.0,0,N,MELB_URBAN,ROAD,5,1.0
18656,1,3,134,5,1,60.0,0,N,SMALL_CITIES,ROAD,5,12.0
18657,1,4,121,1,2,80.0,0,I,MELB_URBAN,HIGHWAY,5,6.0
18658,1,4,132,5,2,80.0,0,N,RURAL_VICTORIA,ROAD,5,7.0
18659,1,4,130,1,1,60.0,0,I,SMALL_CITIES,STREET,5,8.0
18660,4,4,183,2,1,50.0,0,I,SMALL_CITIES,STREET,11,11.0
18661,1,4,130,2,1,60.0,0,I,MELB_URBAN,ROAD,4,15.0
18662,1,4,113,2,2,60.0,0,I,MELB_URBAN,ROAD,5,6.0
18663,1,4,130,1,1,60.0,0,I,SMALL_CITIES,STREET,5,10.0
18664,1,4,99,4,1,80.0,0,I,MELB_URBAN,ROAD,5,11.0
18665,1,3,130,5,3,40.0,0,N,MELB_URBAN,FREEWAY,5,22.0
18666,1,6,110,1,1,60.0,0,I,MELB_URBAN,DRIVE,5,10.0
18667,1,4,99,2,1,50.0,0,I,TOWNS,STREET,5,8.0
18668,4,4,181,5,1,50.0,0,N,TOWNS,ROAD,5,9.0
18669,1,4,130,5,1,60.0,0,N,MELB_URBAN,PARADE,5,11.0
18670,1,4,130,2,1,80.0,0,I,MELB_URBAN,ROAD,5,8.0
18671,1,4,121,2,1,60.0,0,I,MELB_URBAN,ROAD,5,8.0
18672,1,4,113,1,1,80.0,0,I,MELB_URBAN,ROAD,5,12.0
18673,2,4,99,2,1,60.0,0,I,MELB_URBAN,STREET,5,8.0
18674,1,1,163,5,1,40.0,0,N,MELB_URBAN,ROAD,5,13.0
18675,1,4,121,1,1,60.0,0,I,MELB_URBAN,ROAD,5,12.0
18676,1,6,99,5,1,60.0,0,N,MELB_URBAN,ROAD,5,15.0
18677,6,2,99,2,3,70.0,0,I,MELB_URBAN,STREET,5,6.0
18678,1,4,99,2,1,60.0,0,I,MELB_URBAN,ROAD,5,10.0
18679,1,6,130,1,1,50.0,0,I,SMALL_CITIES,STREET,5,15.0
18680,1,3,134,2,9,60.0,0,I,MELB_URBAN,ROAD,5,7.0
18681,1,2,113,2,3,50.0,0,I,MELB_URBAN,OTHER,4,23.0
18682,1,4,130,5,3,70.0,0,N,MELB_URBAN,ROAD,5,17.0
18683,1,6,133,1,1,60.0,0,I,MELB_URBAN,STREET,2,8.0
18684,6,3,174,2,2,60.0,0,I,MELB_URBAN,ROAD,5,17.0
18685,1,4,113,2,3,60.0,0,I,MELB_URBAN,STREET,5,18.0
18686,6,7,184,5,1,60.0,0,N,RURAL_VICTORIA,ROAD,5,11.0
18687,1,7,147,5,1,60.0,0,N,MELB_URBAN,HIGHWAY,5,11.0
18688,1,4,130,1,3,80.0,0,N,MELB_URBAN,ROAD,5,18.0
18689,2,4,99,5,3,40.0,0,N,MELB_URBAN,ROAD,5,18.0
18690,1,4,121,1,3,70.0,0,I,MELB_URBAN,ROAD,5,18.0
18691,1,4,130,5,5,100.0,0,N,MELB_URBAN,FREEWAY,5,19.0
18692,1,4,134,5,3,100.0,0,N,MELB_URBAN,FREEWAY,5,19.0
18693,1,4,130,5,2,70.0,0,N,MELB_URBAN,ROAD,5,17.0
18694,2,4,102,2,3,50.0,0,I,MELB_URBAN,STREET,5,20.0
18695,2,4,99,5,3,60.0,0,N,MELB_URBAN,ROAD,5,20.0
18696,1,4,147,2,3,40.0,0,I,MELB_URBAN,STREET,5,21.0
18697,8,4,170,1,6,70.0,0,I,MELB_URBAN,HIGHWAY,5,19.0
18698,1,4,132,5,3,60.0,0,N,LARGE_PROVINCIAL_CITIES,STREET,5,18.0
18699,1,4,130,1,1,60.0,0,I,LARGE_PROVINCIAL_CITIES,STREET,5,17.0
18700,1,2,99,2,1,60.0,0,I,MELB_URBAN,ROAD,5,13.0
18701,3,4,167,1,5,100.0,0,I,RURAL_VICTORIA,ROAD,5,23.0
18702,1,5,130,2,2,70.0,0,I,MELB_URBAN,STREET,5,6.0
18703,2,5,102,1,3,60.0,0,I,MELB_URBAN,ROAD,5,6.0
18704,1,4,130,5,1,80.0,0,N,MELB_URBAN,HIGHWAY,5,8.0
18705,1,5,132,5,2,80.0,0,N,MELB_URBAN,HIGHWAY,5,6.0
18706,1,5,113,2,1,70.0,0,I,MELB_URBAN,ROAD,5,7.0
18707,1,2,121,5,1,60.0,0,N,SMALL_CITIES,STREET,4,16.0
18708,1,4,113,1,3,80.0,0,I,MELB_URBAN,ROAD,5,21.0
18709,1,5,110,1,2,50.0,0,I,MELB_URBAN,STREET,5,7.0
18710,1,5,132,2,1,60.0,0,I,MELB_URBAN,ROAD,5,10.0
18711,8,5,99,2,5,100.0,0,I,RURAL_VICTORIA,ROAD,5,1.0
18712,1,5,113,2,1,60.0,0,I,MELB_URBAN,ROAD,5,11.0
18713,1,5,135,5,1,60.0,0,N,LARGE_PROVINCIAL_CITIES,STREET,5,9.0
18714,4,5,181,5,1,60.0,0,N,MELB_URBAN,DRIVE,5,10.0
18715,1,5,110,1,1,80.0,0,I,MELB_URBAN,HIGHWAY,5,10.0
18716,6,7,174,5,1,60.0,0,N,RURAL_VICTORIA,OTHER,5,9.0
18717,1,3,130,2,1,80.0,0,I,MELB_URBAN,ROAD,5,16.0
18718,6,1,184,5,1,60.0,0,N,RURAL_VICTORIA,ROAD,2,16.0
18719,1,4,135,5,1,100.0,0,N,RURAL_VICTORIA,HIGHWAY,5,12.0
18720,1,4,120,2,2,60.0,0,I,MELB_URBAN,AVENUE,4,17.0
18721,1,2,121,2,1,80.0,0,I,RURAL_VICTORIA,ROAD,1,12.0
18722,4,2,171,5,5,100.0,0,N,RURAL_VICTORIA,ROAD,2,21.0
18723,1,5,110,1,1,80.0,0,I,MELB_URBAN,HIGHWAY,5,12.0
18724,4,7,173,5,1,60.0,0,N,RURAL_VICTORIA,ROAD,5,12.0
18725,1,4,163,5,1,40.0,0,N,MELB_URBAN,STREET,5,12.0
18726,2,5,99,2,1,60.0,0,I,MELB_URBAN,ROAD,5,13.0
18727,1,1,160,5,9,60.0,0,N,MELB_URBAN,STREET,3,9.0
18728,1,5,130,5,1,100.0,0,N,RURAL_VICTORIA,ROAD,5,10.0
18729,6,5,174,1,1,60.0,0,I,MELB_URBAN,ROAD,3,18.0
18730,6,1,174,2,1,50.0,0,I,MELB_URBAN,OTHER,4,15.0
18731,6,5,174,1,1,60.0,0,I,MELB_URBAN,ROAD,5,15.0
18732,1,5,130,5,1,60.0,0,N,LARGE_PROVINCIAL_CITIES,DRIVE,5,15.0
18733,1,3,160,2,3,60.0,0,I,LARGE_PROVINCIAL_CITIES,ROAD,5,17.0
18734,8,7,99,5,6,60.0,0,N,MELB_URBAN,ROAD,5,2.0
18735,2,5,100,1,1,40.0,0,I,MELB_URBAN,STREET,5,14.0
18736,1,5,113,2,1,80.0,0,I,TOWNS,HIGHWAY,5,16.0
18737,4,5,183,5,3,50.0,0,N,SMALL_CITIES,OTHER,5,17.0
18738,2,5,99,1,3,60.0,0,I,MELB_URBAN,STREET,5,18.0
18739,2,4,99,1,3,40.0,0,I,MELB_URBAN,STREET,5,18.0
18740,1,5,130,5,3,80.0,0,N,MELB_URBAN,FREEWAY,5,17.0
18741,4,3,171,5,3,80.0,0,N,MELB_URBAN,ROAD,4,4.0
18742,8,5,174,1,3,50.0,0,I,MELB_URBAN,ROAD,5,18.0
18743,1,5,132,2,3,60.0,0,I,MELB_URBAN,ROAD,5,18.0
18744,1,5,113,2,3,70.0,0,I,TOWNS,STREET,5,19.0
18745,1,1,147,5,2,50.0,0,N,MELB_URBAN,AVENUE,4,17.0
18746,2,5,99,1,3,60.0,0,I,MELB_URBAN,STREET,5,18.0
18747,1,5,121,1,3,80.0,0,I,MELB_URBAN,HIGHWAY,5,19.0
18748,8,5,99,5,3,60.0,0,N,MELB_URBAN,STREET,5,21.0
18749,4,5,181,5,3,50.0,0,N,LARGE_PROVINCIAL_CITIES,STREET,5,19.0
18750,5,2,99,5,6,70.0,0,N,RURAL_VICTORIA,ROAD,12,22.0
18751,4,5,171,1,3,60.0,0,I,MELB_URBAN,ROAD,5,18.0
18752,1,5,121,1,3,80.0,0,I,MELB_URBAN,HIGHWAY,5,22.0
18753,2,5,102,5,3,50.0,0,N,MELB_URBAN,STREET,5,22.0
18754,4,5,173,2,3,50.0,0,I,MELB_URBAN,ROAD,5,23.0
18755,1,6,130,4,3,80.0,0,I,MELB_URBAN,ROAD,5,2.0
18756,1,2,130,2,1,80.0,0,I,MELB_URBAN,ROAD,5,17.0
18757,1,6,130,5,5,80.0,0,N,MELB_URBAN,RAMP,5,2.0
18758,1,3,113,2,1,60.0,0,I,MELB_URBAN,ROAD,4,10.0
18759,1,6,130,1,1,60.0,0,I,MELB_URBAN,STREET,5,7.0
18760,4,6,173,5,3,80.0,0,I,MELB_URBAN,HIGHWAY,5,6.0
18761,2,6,99,5,1,40.0,0,N,TOWNS,STREET,5,9.0
18762,1,6,110,1,1,50.0,0,N,TOWNS,STREET,5,10.0
18763,1,5,134,5,6,80.0,0,N,MELB_URBAN,ROAD,4,21.0
18764,8,1,174,5,1,100.0,0,N,RURAL_VICTORIA,ROAD,4,10.0
18765,4,5,171,5,5,60.0,0,N,RURAL_VICTORIA,ROAD,5,4.0
18766,1,6,134,5,3,80.0,0,N,MELB_URBAN,UNKNOWN,5,6.0
18767,2,6,99,1,1,60.0,0,I,MELB_URBAN,ROAD,5,11.0
18768,1,6,113,2,1,50.0,0,I,MELB_URBAN,STREET,5,11.0
18769,8,6,170,5,1,100.0,0,N,RURAL_VICTORIA,HIGHWAY,5,13.0
18770,1,2,113,2,2,60.0,0,I,MELB_URBAN,ROAD,6,6.0
18771,6,2,170,5,1,100.0,0,N,RURAL_VICTORIA,ROAD,4,12.0
18772,8,6,174,5,1,40.0,0,N,MELB_URBAN,ROAD,5,9.0
18773,4,6,171,2,1,50.0,0,I,MELB_URBAN,ROAD,5,13.0
18774,1,6,121,2,1,70.0,0,I,MELB_URBAN,ROAD,5,14.0
18775,4,6,171,5,1,100.0,0,N,RURAL_VICTORIA,HIGHWAY,5,14.0
18776,1,6,110,1,1,50.0,0,I,MELB_URBAN,STREET,5,15.0
18777,1,6,121,1,1,50.0,0,I,MELB_URBAN,ROAD,5,15.0
18778,1,6,113,2,2,80.0,0,I,MELB_URBAN,ROAD,5,17.0
18779,1,6,140,5,3,80.0,0,N,MELB_URBAN,ROAD,5,18.0
18780,4,6,181,5,1,100.0,0,N,RURAL_VICTORIA,ROAD,5,15.0
18781,7,3,99,5,9,60.0,0,N,TOWNS,AVENUE,2,18.0
18782,1,6,99,4,3,40.0,0,I,MELB_URBAN,ROAD,5,19.0
18783,1,6,110,1,3,60.0,0,I,SMALL_CITIES,DRIVE,5,18.0
18784,6,6,174,2,3,40.0,0,I,MELB_URBAN,STREET,5,18.0
18785,2,6,100,5,1,30.0,0,N,MELB_URBAN,DRIVE,5,15.0
18786,1,6,130,2,1,80.0,0,I,MELB_URBAN,ROAD,5,15.0
18787,1,6,113,2,1,60.0,0,I,MELB_URBAN,ROAD,5,15.0
18788,1,6,110,1,1,60.0,0,I,MELB_URBAN,ROAD,5,16.0
18789,1,3,160,5,6,50.0,0,N,MELB_URBAN,OTHER,5,0.0
18790,1,6,121,1,3,80.0,0,I,MELB_URBAN,HIGHWAY,5,17.0
18791,2,6,102,2,3,40.0,0,I,MELB_URBAN,ROAD,5,17.0
18792,1,6,121,1,3,60.0,0,I,MELB_URBAN,STREET,5,19.0
18793,4,6,173,5,3,80.0,0,N,RURAL_VICTORIA,ROAD,5,20.0
18794,1,6,99,5,3,50.0,0,N,MELB_URBAN,ROAD,5,21.0
18795,4,7,173,2,3,80.0,0,I,MELB_URBAN,ROAD,5,1.0
18796,2,7,102,5,3,50.0,0,N,MELB_URBAN,STREET,5,2.0
18797,4,7,171,1,3,50.0,0,I,SMALL_CITIES,DRIVE,5,2.0
18798,6,6,174,5,1,50.0,0,N,MELB_URBAN,ROAD,5,8.0
18799,1,7,121,1,3,50.0,0,I,MELB_URBAN,ROAD,5,3.0