,accident_type,day_of_week,dca_code,road_geometry,light_condition,speed_zone,severity,node_type,deg_urban_name,road_type,month,hour
18800,1,3,135,4,1,60.0,0,I,MELB_URBAN,ROAD,3,10.0
18801,1,6,130,2,1,80.0,0,I,MELB_URBAN,ROAD,4,7.0
18802,1,5,130,1,3,40.0,0,I,MELB_URBAN,STREET,5,17.0
18803,1,7,116,2,1,50.0,0,I,LARGE_PROVINCIAL_CITIES,ROAD,5,10.0
18804,4,5,183,5,5,100.0,0,N,RURAL_VICTORIA,HIGHWAY,5,17.0
18805,1,7,113,2,1,60.0,0,I,MELB_URBAN,ROAD,5,12.0
18806,2,6,99,2,1,60.0,0,I,MELB_URBAN,STREET,5,14.0
18807,1,7,130,1,1,70.0,0,I,MELB_URBAN,ROAD,5,12.0
18808,1,7,113,2,1,50.0,0,I,MELB_URBAN,BOULEVARD,5,12.0
18809,1,1,163,5,1,60.0,0,N,MELB_URBAN,STREET,2,19.0
18810,1,3,99,5,3,60.0,0,N,MELB_URBAN,STREET,3,2.0
18811,1,7,113,2,3,70.0,0,I,SMALL_CITIES,BOULEVARD,5,18.0
18812,3,7,167,5,5,100.0,0,N,RURAL_VICTORIA,HIGHWAY,5,18.0
18813,4,7,171,2,1,70.0,0,I,MELB_URBAN,ROAD,5,15.0
18814,1,7,113,2,1,60.0,0,I,MELB_URBAN,OTHER,5,13.0
18815,1,7,147,2,3,60.0,0,N,MELB_URBAN,ROAD,5,19.0
18816,1,7,130,1,3,60.0,0,I,MELB_URBAN,STREET,5,23.0
18817,1,7,120,1,2,60.0,0,N,MELB_URBAN,ROAD,5,6.0
18818,4,7,173,5,3,60.0,0,N,MELB_URBAN,STREET,5,5.0
18819,1,7,121,1,3,60.0,0,I,MELB_URBAN,ROAD,5,23.0
18820,6,1,99,5,5,60.0,0,N,RURAL_VICTORIA,ROAD,5,2.0
18821,1,7,113,2,1,60.0,0,I,MELB_URBAN,ROAD,5,14.0
18822,1,2,99,1,1,50.0,0,I,MELB_URBAN,STREET,5,14.0
18823,4,1,171,5,1,60.0,0,N,MELB_URBAN,STREET,5,7.0
18824,8,1,174,2,2,60.0,0,I,MELB_URBAN,HIGHWAY,5,6.0
18825,1,1,111,2,1,60.0,0,I,MELB_URBAN,STREET,5,7.0
18826,4,7,173,1,3,40.0,0,I,MELBOURNE_CBD,STREET,5,3.0
18827,6,1,99,5,1,60.0,0,N,MELB_URBAN,ROAD,5,10.0
18828,1,1,163,5,1,60.0,0,N,MELB_URBAN,ROAD,5,10.0
18829,4,7,181,2,1,50.0,0,I,MELB_URBAN,ROAD,5,17.0
18830,1,1,99,1,1,60.0,0,I,LARGE_PROVINCIAL_CITIES,STREET,5,12.0
18831,8,1,99,5,1,100.0,0,N,RURAL_VICTORIA,ROAD,5,11.0
18832,6,1,174,2,9,50.0,0,I,MELB_URBAN,AVENUE,5,8.0
18833,1,1,120,5,1,100.0,0,N,RURAL_VICTORIA,ROAD,5,10.0
18834,1,1,121,1,1,100.0,0,I,RURAL_VICTORIA,ROAD,5,13.0
18835,1,1,99,2,1,60.0,0,I,MELB_URBAN,HIGHWAY,5,11.0
18836,8,6,174,5,1,50.0,0,N,MELB_URBAN,STREET,5,8.0
18837,1,1,130,2,1,50.0,0,I,MELB_URBAN,ROAD,5,12.0
18838,2,1,100,1,1,60.0,0,I,MELB_URBAN,STREET,5,15.0
18839,3,1,167,5,1,100.0,0,N,RURAL_VICTORIA,ROAD,5,12.0
18840,1,5,130,2,2,60.0,0,I,MELB_URBAN,ROAD,8,7.0
18841,4,1,181,5,1,100.0,0,N,RURAL_VICTORIA,ROAD,5,13.0
18842,4,1,173,5,1,60.0,0,N,MELB_URBAN,ROAD,5,15.0
18843,1,1,110,1,1,50.0,0,I,MELB_URBAN,STREET,5,16.0
18844,1,1,113,2,1,60.0,0,I,MELB_URBAN,AVENUE,5,15.0
18845,1,1,113,2,1,60.0,0,I,MELB_URBAN,ROAD,5,16.0
18846,1,1,121,1,1,60.0,0,I,MELB_URBAN,STREET,5,15.0
18847,1,1,132,2,3,60.0,0,I,MELB_URBAN,ROAD,5,20.0
18848,1,1,121,1,1,60.0,0,I,MELB_URBAN,STREET,5,15.0
18849,1,1,116,2,1,70.0,0,I,MELB_URBAN,ROAD,5,15.0
18850,1,1,116,2,3,70.0,0,I,MELB_URBAN,ROAD,5,19.0
18851,4,1,173,2,3,50.0,0,I,MELB_URBAN,ROAD,5,20.0
18852,1,4,120,5,1,50.0,0,N,MELB_URBAN,AVENUE,5,8.0
18853,1,1,113,2,3,50.0,0,I,MELB_URBAN,STREET,5,22.0
18854,1,6,99,2,1,60.0,0,I,MELB_URBAN,ROAD,5,9.0
18855,1,5,113,2,1,80.0,0,I,TOWNS,HIGHWAY,5,9.0
18856,4,1,173,2,3,60.0,0,I,MELB_URBAN,ROAD,5,2.0
18857,1,2,130,5,2,60.0,0,N,MELB_URBAN,ROAD,5,7.0
18858,3,2,167,5,2,100.0,0,N,RURAL_VICTORIA,ROAD,5,6.0
18859,2,2,100,2,1,40.0,0,I,MELB_URBAN,ROAD,5,7.0
18860,1,7,130,5,1,60.0,0,N,MELB_URBAN,FREEWAY,5,11.0
18861,1,2,110,1,1,50.0,0,I,TOWNS,STREET,5,9.0
18862,1,2,99,2,1,80.0,0,I,RURAL_VICTORIA,ROAD,5,8.0
18863,5,5,99,1,2,40.0,0,I,MELB_URBAN,ROAD,4,5.0
18864,8,7,184,2,1,60.0,0,I,SMALL_TOWNS,ROAD,5,13.0
18865,1,1,163,5,1,40.0,0,N,MELB_URBAN,STREET,5,10.0
18866,1,3,140,2,1,60.0,0,N,MELB_URBAN,STREET,12,13.0
18867,1,2,130,5,1,110.0,0,N,RURAL_VICTORIA,FREEWAY,5,10.0
18868,1,2,130,5,1,70.0,0,N,MELB_URBAN,ROAD,5,10.0
18869,4,6,181,5,1,100.0,0,N,RURAL_VICTORIA,ROAD,5,12.0
18870,1,6,130,5,2,80.0,0,N,RURAL_VICTORIA,ROAD,5,16.0
18871,6,1,184,5,1,60.0,0,N,RURAL_VICTORIA,ROAD,1,13.0
18872,1,2,120,1,1,40.0,0,I,MELB_URBAN,ROAD,5,13.0
18873,1,7,130,2,1,60.0,0,I,MELB_URBAN,ROAD,12,10.0
18874,1,2,120,5,1,100.0,0,N,RURAL_VICTORIA,ROAD,5,12.0
18875,4,2,171,5,1,80.0,0,N,MELB_URBAN,HIGHWAY,5,11.0
18876,1,3,113,2,2,60.0,0,I,MELB_URBAN,STREET,5,16.0
18877,4,1,173,4,1,60.0,0,N,TOWNS,ROAD,5,15.0
18878,1,2,110,1,2,50.0,0,I,MELB_URBAN,STREET,5,16.0
18879,1,2,110,1,3,60.0,0,I,MELB_URBAN,HIGHWAY,5,18.0
18880,8,2,174,5,3,60.0,0,N,MELB_URBAN,ROAD,5,0.0
18881,1,2,110,4,1,50.0,0,I,MELB_URBAN,DRIVE,5,16.0
18882,2,2,100,1,1,60.0,0,I,MELB_URBAN,ROAD,5,16.0
18883,1,2,130,5,2,70.0,0,N,LARGE_PROVINCIAL_CITIES,HIGHWAY,5,16.0
18884,1,2,110,1,1,50.0,0,I,LARGE_PROVINCIAL_CITIES,STREET,5,17.0
18885,2,3,99,5,3,60.0,0,N,MELB_URBAN,ROAD,5,3.0
18886,1,7,99,2,1,60.0,0,I,MELB_URBAN,ROAD,5,10.0
18887,1,3,121,2,1,60.0,0,I,MELB_URBAN,ROAD,5,8.0
18888,1,3,120,5,2,100.0,0,N,RURAL_VICTORIA,ROAD,5,7.0
18889,8,5,99,2,5,50.0,0,I,MELB_URBAN,DRIVE,5,18.0
18890,4,3,171,5,1,60.0,0,N,MELB_URBAN,ROAD,5,10.0
18891,1,3,111,1,1,80.0,0,I,RURAL_VICTORIA,ROAD,5,8.0
18892,1,3,130,5,2,80.0,0,N,MELB_URBAN,RAMP,2,7.0
18893,1,3,99,5,1,50.0,0,N,MELB_URBAN,HIGHWAY,5,12.0
18894,6,3,174,1,1,60.0,0,I,MELB_URBAN,OTHER,5,13.0
18895,1,3,99,5,1,50.0,0,N,MELB_URBAN,STREET,5,10.0
18896,1,3,110,1,1,50.0,0,I,MELB_URBAN,AVENUE,5,13.0
18897,1,2,130,1,1,60.0,0,I,MELB_URBAN,ROAD,5,8.0
18898,2,3,100,2,1,50.0,0,I,MELB_URBAN,ROAD,5,15.0
18899,1,3,147,5,3,80.0,0,N,MELB_URBAN,HIGHWAY,5,17.0
18900,7,2,99,5,1,60.0,0,N,MELB_URBAN,ROAD,5,9.0
18901,1,3,133,2,3,60.0,0,I,MELB_URBAN,ROAD,5,17.0
18902,1,3,99,2,3,60.0,0,I,MELB_URBAN,STREET,5,18.0
18903,1,3,130,5,1,80.0,0,N,LARGE_PROVINCIAL_CITIES,ROAD,5,8.0
18904,8,1,174,5,1,60.0,0,N,RURAL_VICTORIA,ROAD,4,13.0
18905,1,3,113,1,1,60.0,0,I,LARGE_PROVINCIAL_CITIES,STREET,5,17.0
18906,2,3,102,5,1,50.0,0,N,MELB_URBAN,AVENUE,5,15.0
18907,2,3,102,5,3,40.0,0,N,MELB_URBAN,STREET,5,19.0
18908,2,3,100,2,1,60.0,0,I,MELB_URBAN,ROAD,5,15.0
18909,1,3,111,1,2,70.0,0,I,MELB_URBAN,ROAD,5,17.0
18910,2,3,100,1,3,60.0,0,I,MELB_URBAN,STREET,5,19.0
18911,6,3,99,1,1,70.0,0,I,MELB_URBAN,ROAD,5,17.0
18912,1,3,110,1,3,50.0,0,I,MELB_URBAN,STREET,5,21.0
18913,1,5,130,2,3,60.0,0,I,MELB_URBAN,STREET,5,18.0
18914,1,2,130,5,3,60.0,0,N,MELB_URBAN,ROAD,5,22.0
18915,1,3,116,1,3,60.0,0,I,MELB_URBAN,PARADE,5,20.0
18916,6,4,99,5,2,50.0,0,N,SMALL_TOWNS,STREET,5,6.0
18917,6,5,99,1,1,40.0,0,I,MELB_URBAN,ROAD,5,14.0
18918,8,6,170,1,1,60.0,0,I,MELB_URBAN,OTHER,5,14.0
18919,8,4,174,2,1,50.0,0,I,MELB_URBAN,STREET,5,8.0
18920,1,5,99,5,1,50.0,0,N,MELB_URBAN,DRIVE,5,13.0
18921,1,4,110,1,1,50.0,0,I,MELB_URBAN,STREET,5,8.0
18922,3,4,167,5,5,100.0,0,N,RURAL_VICTORIA,HIGHWAY,5,6.0
18923,1,4,163,5,1,60.0,0,N,MELB_URBAN,ROAD,5,10.0
18924,1,4,134,5,1,60.0,0,N,MELB_URBAN,STREET,11,10.0
18925,4,4,173,5,1,80.0,0,N,RURAL_VICTORIA,OTHER,5,10.0
18926,2,4,102,1,1,60.0,0,I,TOWNS,STREET,5,9.0
18927,1,4,140,2,3,60.0,1,I,MELB_URBAN,ROAD,5,5.0
18928,4,7,171,4,1,60.0,0,N,MELB_URBAN,ROAD,5,12.0
18929,1,4,120,2,1,60.0,0,I,MELB_URBAN,HIGHWAY,5,10.0
18930,1,6,121,2,1,70.0,0,I,MELB_URBAN,ROAD,5,14.0
18931,1,4,99,5,1,50.0,0,N,MELB_URBAN,STREET,5,8.0
18932,1,4,130,2,1,80.0,0,I,MELB_URBAN,HIGHWAY,5,12.0
18933,1,4,130,5,1,70.0,0,N,MELB_URBAN,ROAD,5,14.0
18934,1,4,99,5,5,60.0,0,N,SMALL_CITIES,ROAD,5,17.0
18935,1,3,160,5,3,70.0,0,N,MELB_URBAN,ROAD,5,19.0
18936,1,4,121,2,1,60.0,0,I,MELB_URBAN,ROAD,5,8.0
18937,4,4,171,1,1,60.0,0,I,MELB_URBAN,ROAD,5,9.0
18938,3,3,167,5,9,60.0,0,N,SMALL_TOWNS,ROAD,3,17.0
18939,1,4,130,1,1,60.0,0,I,MELB_URBAN,ROAD,3,11.0
18940,1,4,132,2,1,60.0,0,I,LARGE_PROVINCIAL_CITIES,ROAD,5,15.0
18941,1,3,130,5,9,80.0,0,N,MELB_URBAN,HIGHWAY,5,16.0
18942,1,4,121,1,3,60.0,0,I,MELB_URBAN,STREET,5,17.0
18943,1,4,130,2,3,60.0,0,I,MELB_URBAN,STREET,5,19.0
18944,6,4,174,1,3,40.0,0,I,MELB_URBAN,STREET,5,18.0
18945,1,4,130,1,2,60.0,0,I,MELB_URBAN,ROAD,5,18.0
18946,1,4,130,5,3,60.0,0,N,LARGE_PROVINCIAL_CITIES,STREET,5,18.0
18947,1,4,121,1,3,70.0,0,I,LARGE_PROVINCIAL_CITIES,STREET,5,19.0
18948,7,6,184,5,1,60.0,0,N,RURAL_VICTORIA,OTHER,5,12.0
18949,1,4,110,1,3,80.0,0,I,MELB_URBAN,ROAD,5,19.0
18950,1,4,121,2,3,60.0,0,I,MELB_URBAN,ROAD,5,20.0
18951,4,4,171,2,5,50.0,0,I,MELB_URBAN,ROAD,5,20.0
18952,4,4,173,5,3,70.0,0,I,MELB_URBAN,FREEWAY,5,21.0
18953,1,4,121,1,3,50.0,0,I,MELB_URBAN,ROAD,5,20.0
18954,8,7,174,5,1,60.0,0,N,RURAL_VICTORIA,OTHER,5,12.0
18955,4,4,171,5,3,50.0,0,N,MELB_URBAN,OTHER,5,23.0
18956,1,5,110,1,2,60.0,0,I,MELB_URBAN,STREET,5,6.0
18957,4,5,171,5,3,60.0,0,N,MELB_URBAN,STREET,5,3.0
18958,1,3,110,1,5,100.0,0,I,RURAL_VICTORIA,ROAD,4,6.0
18959,8,3,174,2,1,60.0,0,I,MELB_URBAN,DRIVE,5,8.0
18960,1,5,130,5,1,80.0,0,N,MELB_URBAN,ROAD,5,8.0
18961,1,5,130,5,1,80.0,0,N,MELB_URBAN,ROAD,5,9.0
18962,1,5,132,2,1,100.0,0,I,RURAL_VICTORIA,ROAD,5,8.0
18963,1,5,130,5,3,100.0,0,N,MELB_URBAN,FREEWAY,5,6.0
18964,1,5,116,2,1,60.0,0,I,MELB_URBAN,ROAD,5,10.0
18965,1,5,132,5,1,60.0,0,N,MELB_URBAN,ROAD,2,11.0
18966,2,5,100,5,2,60.0,1,N,MELB_URBAN,ROAD,5,6.0
18967,1,5,135,5,1,100.0,0,N,MELB_URBAN,FREEWAY,5,8.0
18968,1,3,110,1,1,60.0,0,I,LARGE_PROVINCIAL_CITIES,AVENUE,7,15.0
18969,1,5,147,5,2,70.0,0,N,MELB_URBAN,ROAD,5,7.0
18970,1,5,130,2,1,70.0,0,I,MELB_URBAN,OTHER,5,10.0
18971,1,5,99,3,1,60.0,0,I,MELB_URBAN,ROAD,5,10.0
18972,1,1,160,2,1,50.0,0,I,MELB_URBAN,STREET,4,16.0
18973,4,5,181,2,5,100.0,0,I,RURAL_VICTORIA,ROAD,5,5.0
18974,1,5,130,5,1,60.0,0,N,MELB_URBAN,ROAD,11,14.0
18975,1,5,121,2,1,60.0,0,I,MELB_URBAN,ROAD,5,11.0
18976,6,5,99,5,1,100.0,0,N,RURAL_VICTORIA,ROAD,5,9.0
18977,6,5,99,1,1,60.0,0,I,MELB_URBAN,ROAD,5,7.0
18978,1,5,99,1,1,100.0,0,I,RURAL_VICTORIA,HIGHWAY,5,12.0
18979,1,5,110,1,1,60.0,0,I,MELB_URBAN,ROAD,5,13.0
18980,8,6,184,2,1,60.0,0,I,MELB_URBAN,BOULEVARD,3,9.0
18981,1,4,121,2,3,80.0,0,I,MELB_URBAN,ROAD,5,18.0
18982,1,5,110,1,1,50.0,0,I,MELB_URBAN,STREET,5,15.0
18983,8,5,174,1,2,50.0,0,I,MELB_URBAN,STREET,5,16.0
18984,3,3,167,2,1,80.0,0,I,RURAL_VICTORIA,ROAD,5,8.0
18985,1,5,132,5,1,80.0,0,N,RURAL_VICTORIA,ROAD,5,14.0
18986,6,6,170,5,2,60.0,0,N,RURAL_VICTORIA,ROAD,5,18.0
18987,1,5,110,1,1,70.0,0,N,MELB_URBAN,STREET,5,16.0
18988,2,5,99,5,1,60.0,0,N,MELB_URBAN,STREET,5,14.0
18989,1,5,147,5,2,50.0,0,N,MELB_URBAN,STREET,5,16.0
18990,1,5,121,1,2,50.0,0,I,SMALL_CITIES,AVENUE,5,17.0
18991,7,4,99,2,9,50.0,0,I,MELB_URBAN,DRIVE,5,18.0
18992,2,5,100,2,3,80.0,0,N,MELB_URBAN,HIGHWAY,5,17.0
18993,1,5,147,5,6,60.0,0,N,MELB_URBAN,ROAD,5,7.0
18994,1,5,99,2,3,50.0,0,I,MELB_URBAN,STREET,5,18.0
18995,4,5,173,2,4,50.0,0,I,SMALL_CITIES,HIGHWAY,5,19.0
18996,4,5,171,5,5,100.0,0,N,RURAL_VICTORIA,ROAD,5,17.0
18997,1,4,130,1,1,50.0,0,I,MELB_URBAN,STREET,5,7.0
18998,1,5,147,2,3,80.0,0,N,MELB_URBAN,HIGHWAY,5,21.0
18999,1,5,130,5,3,60.0,0,N,MELB_URBAN,ROAD,5,18.0
19000,4,6,171,1,5,60.0,0,I,SMALL_CITIES,STREET,5,1.0
19001,1,5,130,5,3,60.0,0,N,MELB_URBAN,STREET,5,23.0
19002,2,6,99,1,3,60.0,0,I,MELB_URBAN,STREET,5,4.0
19003,6,6,174,1,3,60.0,0,N,RURAL_VICTORIA,ROAD,5,5.0
19004,2,5,99,1,1,60.0,0,I,MELB_URBAN,DRIVE,5,15.0
19005,1,3,160,5,1,60.0,0,N,LARGE_PROVINCIAL_CITIES,STREET,5,13.0
19006,1,6,116,1,1,60.0,0,I,LARGE_PROVINCIAL_CITIES,STREET,5,8.0
19007,1,6,121,1,1,60.0,0,I,MELB_URBAN,STREET,5,7.0
19008,1,6,130,5,1,70.0,0,N,MELB_URBAN,ROAD,5,8.0
19009,1,6,121,2,1,80.0,0,I,RURAL_VICTORIA,ROAD,5,8.0
19010,1,6,110,1,1,50.0,0,I,SMALL_CITIES,ROAD,5,15.0
19011,2,6,99,1,6,50.0,0,I,MELBOURNE_CBD,STREET,5,1.0
19012,1,3,130,1,1,80.0,0,I,MELB_URBAN,ROAD,5,11.0
19013,1,5,113,2,3,50.0,0,I,MELB_URBAN,STREET,5,18.0
19014,1,6,130,5,5,110.0,0,N,TOWNS,FREEWAY,5,7.0
19015,7,6,99,5,1,50.0,0,N,SMALL_CITIES,STREET,5,11.0
19016,3,5,167,5,5,100.0,0,N,RURAL_VICTORIA,ROAD,5,19.0
19017,4,6,173,5,1,80.0,0,N,MELB_URBAN,ROAD,5,9.0
19018,2,6,99,5,1,40.0,0,N,MELBOURNE_CBD,STREET,5,14.0
19019,1,6,110,1,1,50.0,0,I,MELB_URBAN,ROAD,5,13.0
19020,8,1,174,2,9,50.0,0,I,SMALL_CITIES,STREET,4,14.0
19021,7,6,99,2,1,50.0,0,I,TOWNS,OTHER,5,14.0
19022,1,6,99,5,1,40.0,0,N,MELB_URBAN,OTHER,5,14.0
19023,6,2,174,2,3,60.0,0,I,MELB_URBAN,STREET,5,19.0
19024,1,5,132,2,1,60.0,0,N,MELB_URBAN,HIGHWAY,5,8.0
19025,1,5,130,2,1,80.0,0,I,RURAL_VICTORIA,ROAD,5,14.0
19026,8,5,174,5,1,60.0,0,N,RURAL_VICTORIA,ROAD,5,12.0
19027,1,5,130,5,9,60.0,0,N,MELB_URBAN,STREET,3,6.0
19028,8,5,174,5,3,60.0,0,N,MELB_URBAN,STREET,4,20.0
19029,4,6,173,5,1,100.0,0,N,RURAL_VICTORIA,ROAD,5,15.0
19030,1,6,160,1,1,50.0,0,I,MELB_URBAN,STREET,5,16.0
19031,4,6,171,5,1,80.0,0,N,MELB_URBAN,ROAD,5,15.0
19032,1,6,110,1,2,50.0,0,I,MELB_URBAN,STREET,5,17.0
19033,1,6,121,1,3,50.0,0,I,MELB_URBAN,ROAD,5,18.0
19034,4,6,99,2,3,50.0,0,I,TOWNS,OTHER,5,18.0
19035,8,4,184,5,2,80.0,0,N,MELB_URBAN,ROAD,5,18.0
19036,2,6,100,1,3,50.0,0,I,SMALL_CITIES,STREET,5,19.0
19037,6,6,174,5,1,100.0,0,N,RURAL_VICTORIA,HIGHWAY,5,16.0
19038,1,5,120,2,1,60.0,0,I,MELB_URBAN,ROAD,5,12.0
19039,1,6,99,5,1,100.0,0,N,MELB_URBAN,ROAD,5,15.0
19040,1,6,121,1,1,60.0,0,I,MELB_URBAN,PARADE,5,15.0
19041,2,6,99,5,3,60.0,0,N,MELB_URBAN,ROAD,5,20.0
19042,4,6,171,5,6,50.0,0,N,MELB_URBAN,STREET,5,19.0
19043,1,6,133,2,3,60.0,0,I,MELB_URBAN,ROAD,5,19.0
19044,1,6,147,5,1,50.0,0,N,MELB_URBAN,STREET,5,15.0
19045,1,6,132,5,3,60.0,0,N,TOWNS,ROAD,5,21.0
19046,6,6,174,1,3,80.0,0,I,MELB_URBAN,ROAD,5,23.0
19047,1,5,130,2,1,80.0,0,I,RURAL_VICTORIA,ROAD,5,15.0
19048,2,7,102,2,1,60.0,0,I,MELB_URBAN,ROAD,5,10.0
19049,1,7,132,5,9,60.0,0,N,MELB_URBAN,ROAD,5,11.0
19050,1,7,160,5,1,50.0,0,N,SMALL_CITIES,STREET,5,11.0
19051,1,4,113,2,1,80.0,0,I,MELB_URBAN,ROAD,4,9.0
19052,1,2,160,5,9,50.0,0,N,MELB_URBAN,OTHER,5,20.0
19053,8,7,174,2,1,60.0,0,I,LARGE_PROVINCIAL_CITIES,ROAD,5,10.0
19054,8,7,174,5,1,60.0,0,N,MELB_URBAN,ROAD,5,10.0
19055,1,7,99,5,1,60.0,0,N,MELB_URBAN,ROAD,5,10.0
19056,6,7,184,5,1,100.0,0,N,RURAL_VICTORIA,ROAD,5,11.0
19057,1,3,163,1,1,60.0,0,I,MELB_URBAN,ROAD,5,14.0
19058,1,7,110,1,1,50.0,0,I,MELB_URBAN,STREET,5,11.0
19059,1,7,110,1,1,90.0,0,I,MELB_URBAN,ROAD,5,13.0
19060,1,6,130,5,2,80.0,0,N,MELB_URBAN,ROAD,5,17.0
19061,1,7,121,2,1,60.0,0,I,MELB_URBAN,AVENUE,5,15.0
19062,6,7,174,2,1,50.0,0,I,MELB_URBAN,ROAD,5,16.0
19063,4,7,171,2,1,70.0,0,I,MELB_URBAN,ROAD,5,16.0
19064,3,7,167,2,2,100.0,0,I,RURAL_VICTORIA,ROAD,5,6.0
19065,1,7,113,2,3,70.0,0,I,MELB_URBAN,ROAD,5,18.0
19066,1,6,163,5,3,40.0,0,N,MELB_URBAN,STREET,5,21.0
19067,1,7,110,1,5,100.0,0,I,RURAL_VICTORIA,ROAD,5,18.0
19068,4,5,173,2,3,60.0,0,I,MELB_URBAN,ROAD,5,22.0
19069,1,7,160,2,3,60.0,0,I,LARGE_PROVINCIAL_CITIES,STREET,5,18.0
19070,1,1,130,1,3,80.0,0,I,SMALL_CITIES,HIGHWAY,5,1.0
19071,1,4,99,2,3,60.0,0,I,SMALL_CITIES,ROAD,5,4.0
19072,1,7,130,5,5,100.0,0,N,MELB_URBAN,FREEWAY,5,17.0
19073,4,7,173,5,3,50.0,0,N,MELB_URBAN,ROAD,5,23.0
19074,1,7,113,2,1,80.0,0,I,MELB_URBAN,ROAD,5,16.0
19075,4,6,173,5,5,50.0,0,N,RURAL_VICTORIA,ROAD,5,20.0
19076,1,1,120,2,1,60.0,0,I,MELB_URBAN,ROAD,5,10.0
19077,4,7,171,5,1,100.0,0,N,RURAL_VICTORIA,ROAD,5,15.0
19078,2,1,99,2,3,50.0,0,I,MELB_URBAN,ROAD,5,1.0
19079,1,1,147,2,1,60.0,0,I,MELB_URBAN,ROAD,5,13.0
19080,1,1,110,1,1,50.0,0,I,SMALL_CITIES,STREET,5,13.0
19081,1,6,111,2,3,50.0,0,I,MELB_URBAN,OTHER,5,21.0
19082,1,1,160,5,1,50.0,0,N,MELB_URBAN,STREET,5,9.0
19083,4,1,181,5,1,50.0,0,N,MELB_URBAN,OTHER,5,12.0
19084,4,1,173,2,1,50.0,0,I,SMALL_CITIES,STREET,5,15.0
19085,1,1,163,5,1,50.0,0,N,MELB_URBAN,STREET,5,11.0
19086,1,7,130,1,1,70.0,0,I,MELB_URBAN,ROAD,5,11.0
19087,1,6,99,5,1,50.0,0,N,LARGE_PROVINCIAL_CITIES,STREET,5,16.0
19088,1,1,99,5,1,50.0,0,N,SMALL_CITIES,STREET,5,14.0
19089,6,1,99,5,5,100.0,0,N,RURAL_VICTORIA,ROAD,5,18.0
19090,1,1,99,5,3,50.0,0,N,MELB_URBAN,STREET,5,20.0
19091,2,1,99,5,1,100.0,0,N,RURAL_VICTORIA,ROAD,5,14.0
19092,1,1,121,2,3,60.0,0,I,MELB_URBAN,ROAD,5,21.0
19093,1,2,121,2,1,60.0,0,I,MELB_URBAN,ROAD,5,12.0
19094,8,2,184,4,1,80.0,0,N,MELB_URBAN,FREEWAY,5,7.0
19095,8,1,174,2,1,30.0,0,I,MELBOURNE_CBD,STREET,5,8.0
19096,1,2,116,2,1,60.0,0,I,MELB_URBAN,STREET,5,9.0
19097,2,1,99,4,5,50.0,0,I,MELB_URBAN,AVENUE,2,23.0
19098,4,2,173,2,1,80.0,0,I,MELB_URBAN,ROAD,5,8.0
19099,4,1,183,2,5,50.0,0,I,RURAL_VICTORIA,ROAD,5,2.0
19100,1,2,121,2,1,60.0,0,I,MELB_URBAN,ROAD,5,10.0
19101,1,2,130,2,1,50.0,0,I,MELB_URBAN,OTHER,5,9.0
19102,1,2,99,1,1,60.0,1,I,LARGE_PROVINCIAL_CITIES,ROAD,5,8.0
19103,1,2,99,1,1,40.0,0,I,MELBOURNE_CBD,STREET,5,8.0
19104,4,2,99,2,1,50.0,0,I,MELB_URBAN,STREET,5,12.0
19105,1,6,121,1,1,60.0,0,I,MELB_URBAN,STREET,5,16.0
19106,1,4,130,5,1,80.0,0,N,MELB_URBAN,ROAD,2,17.0
19107,4,2,183,5,1,80.0,0,N,RURAL_VICTORIA,HIGHWAY,5,14.0
19108,2,2,99,2,1,50.0,0,I,SMALL_CITIES,ROAD,5,17.0
19109,1,2,121,2,1,60.0,0,I,MELB_URBAN,ROAD,5,15.0
19110,2,2,99,5,1,50.0,0,N,TOWNS,OTHER,5,14.0
19111,2,2,102,2,3,60.0,0,I,MELB_URBAN,STREET,5,17.0
19112,1,2,130,5,3,60.0,0,N,MELB_URBAN,AVENUE,5,17.0
19113,1,2,147,2,1,60.0,0,I,MELB_URBAN,DRIVE,5,16.0
19114,1,2,130,5,2,60.0,0,N,MELB_URBAN,ROAD,5,17.0
19115,1,2,130,5,5,100.0,0,N,MELB_URBAN,UNKNOWN,5,19.0
19116,4,2,173,5,3,50.0,0,N,MELB_URBAN,DRIVE,5,19.0
19117,1,2,130,5,1,60.0,0,N,MELB_URBAN,ROAD,5,18.0
19118,4,2,173,5,3,60.0,0,N,MELB_URBAN,STREET,5,20.0
19119,1,2,116,2,1,50.0,0,I,LARGE_PROVINCIAL_CITIES,ROAD,5,14.0
19120,1,2,130,1,1,80.0,0,I,MELB_URBAN,ROAD,5,14.0
19121,1,5,99,2,2,60.0,0,I,MELB_URBAN,ROAD,5,17.0
19122,3,2,167,5,5,100.0,0,N,RURAL_VICTORIA,ROAD,5,23.0
19123,1,2,120,5,9,60.0,0,N,MELB_URBAN,DRIVE,5,11.0
19124,5,3,99,5,3,70.0,0,N,MELB_URBAN,ROAD,5,6.0
19125,1,3,121,1,3,40.0,0,I,MELBOURNE_CBD,STREET,5,6.0
19126,1,3,110,1,1,60.0,0,I,MELB_URBAN,ROAD,5,7.0
19127,6,1,184,5,2,60.0,0,N,MELB_URBAN,STREET,5,16.0
19128,1,3,130,1,1,70.0,0,I,LARGE_PROVINCIAL_CITIES,HIGHWAY,5,8.0
19129,1,3,130,5,1,110.0,0,N,RURAL_VICTORIA,FREEWAY,5,11.0
19130,1,3,113,2,1,100.0,0,I,RURAL_VICTORIA,ROAD,5,11.0
19131,1,6,130,2,9,60.0,0,N,MELB_URBAN,HIGHWAY,2,15.0
19132,1,3,130,1,9,60.0,0,I,MELB_URBAN,STREET,5,6.0
19133,1,4,130,1,1,50.0,0,I,MELB_URBAN,STREET,5,12.0
19134,1,2,163,5,1,50.0,0,N,MELB_URBAN,STREET,5,12.0