,accident_type,day_of_week,dca_code,road_geometry,light_condition,speed_zone,severity,node_type,deg_urban_name,road_type,month,hour
19135,1,2,133,5,3,50.0,0,N,MELB_URBAN,STREET,5,17.0
19136,1,3,121,1,3,80.0,0,I,MELB_URBAN,ROAD,5,17.0
19137,1,3,110,1,1,50.0,0,I,MELB_URBAN,ROAD,5,15.0
19138,1,3,130,1,1,70.0,0,I,MELB_URBAN,ROAD,5,20.0
19139,1,3,110,1,2,80.0,0,I,RURAL_VICTORIA,ROAD,5,17.0
19140,1,3,160,5,2,70.0,0,N,LARGE_PROVINCIAL_CITIES,HIGHWAY,5,17.0
19141,1,3,113,2,3,60.0,0,N,MELB_URBAN,HIGHWAY,5,22.0
19142,6,3,170,5,5,80.0,0,N,RURAL_VICTORIA,ROAD,5,21.0
19143,1,3,121,1,3,60.0,0,I,MELB_URBAN,ROAD,5,23.0
19144,1,6,121,5,3,50.0,0,N,MELB_URBAN,STREET,5,18.0
19145,6,4,184,5,5,60.0,0,N,SMALL_TOWNS,ROAD,5,1.0
19146,4,4,183,5,5,100.0,0,N,RURAL_VICTORIA,ROAD,5,4.0
19147,4,3,181,2,1,100.0,0,I,RURAL_VICTORIA,ROAD,5,16.0
19148,1,4,120,5,1,60.0,0,N,LARGE_PROVINCIAL_CITIES,STREET,5,8.0
19149,8,4,174,5,1,40.0,0,N,MELB_URBAN,STREET,5,9.0
19150,1,4,121,5,2,70.0,0,N,MELB_URBAN,ROAD,5,7.0
19151,1,3,130,1,3,60.0,0,I,MELB_URBAN,STREET,5,21.0
19152,8,6,174,2,1,50.0,0,I,SMALL_CITIES,STREET,5,11.0
19153,1,3,121,5,1,60.0,0,N,MELB_URBAN,OTHER,5,9.0
19154,6,3,170,2,1,100.0,0,I,MELB_URBAN,FREEWAY,5,9.0
19155,1,5,130,5,1,80.0,0,N,MELB_URBAN,ROAD,11,17.0
19156,6,4,99,5,5,100.0,0,N,RURAL_VICTORIA,ROAD,5,6.0
19157,1,3,113,2,2,80.0,0,I,RURAL_VICTORIA,ROAD,5,17.0
19158,1,4,111,1,1,60.0,0,I,MELB_URBAN,STREET,5,8.0
19159,7,6,99,5,1,60.0,0,N,MELB_URBAN,STREET,1,15.0
19160,4,3,173,5,2,60.0,0,N,RURAL_VICTORIA,ROAD,5,16.0
19161,1,6,110,1,1,50.0,0,I,MELB_URBAN,STREET,4,15.0
19162,1,3,121,1,1,60.0,0,I,MELB_URBAN,ROAD,5,11.0
19163,1,7,163,5,1,60.0,0,N,MELB_URBAN,STREET,9,9.0
19164,1,3,135,1,3,60.0,0,I,MELB_URBAN,PARADE,5,19.0
19165,4,4,171,5,1,40.0,0,N,MELB_URBAN,ROAD,5,14.0
19166,6,1,170,5,1,100.0,0,N,RURAL_VICTORIA,ROAD,11,13.0
19167,8,4,174,1,1,60.0,0,I,MELB_URBAN,PARADE,5,7.0
19168,1,4,99,5,1,40.0,0,N,MELB_URBAN,OTHER,5,14.0
19169,1,4,110,1,1,50.0,0,I,SMALL_CITIES,STREET,5,13.0
19170,1,4,160,5,1,50.0,0,N,SMALL_CITIES,PARADE,5,15.0
19171,1,2,133,2,2,60.0,0,I,MELB_URBAN,HIGHWAY,5,16.0
19172,4,3,173,5,5,100.0,1,N,RURAL_VICTORIA,ROAD,5,20.0
19173,1,3,121,1,1,60.0,0,I,MELB_URBAN,HIGHWAY,5,16.0
19174,1,4,120,5,5,100.0,0,N,RURAL_VICTORIA,ROAD,5,17.0
19175,2,6,102,5,1,40.0,0,N,MELB_URBAN,STREET,5,15.0
19176,1,4,121,2,1,50.0,0,I,MELB_URBAN,ROAD,5,17.0
19177,1,4,130,5,3,80.0,0,N,MELB_URBAN,ROAD,5,17.0
19178,2,4,102,5,3,60.0,0,N,MELB_URBAN,STREET,5,18.0
19179,8,5,174,5,1,60.0,0,N,RURAL_VICTORIA,ROAD,4,10.0
19180,8,7,174,2,1,60.0,0,I,RURAL_VICTORIA,ROAD,5,15.0
19181,2,4,102,2,3,60.0,0,I,MELB_URBAN,ROAD,5,19.0
19182,2,3,100,1,3,60.0,0,I,MELB_URBAN,ROAD,5,19.0
19183,1,4,113,2,3,60.0,0,I,MELB_URBAN,ROAD,5,20.0
19184,1,2,99,2,3,50.0,0,I,MELB_URBAN,ROAD,5,21.0
19185,1,4,130,1,1,60.0,0,I,MELB_URBAN,STREET,3,16.0
19186,6,2,174,1,1,50.0,0,I,TOWNS,STREET,5,10.0
19187,1,5,130,2,2,80.0,0,I,MELB_URBAN,ROAD,5,7.0
19188,1,7,110,1,1,50.0,0,I,TOWNS,OTHER,5,13.0
19189,6,5,170,1,5,100.0,0,I,RURAL_VICTORIA,ROAD,5,6.0
19190,6,1,174,5,1,100.0,0,N,RURAL_VICTORIA,ROAD,5,9.0
19191,1,5,130,5,3,100.0,0,N,MELB_URBAN,ROAD,5,6.0
19192,6,5,99,5,1,100.0,0,N,RURAL_VICTORIA,HIGHWAY,5,9.0
19193,1,5,113,2,1,60.0,0,I,MELB_URBAN,ROAD,5,9.0
19194,4,5,181,5,1,90.0,0,N,RURAL_VICTORIA,ROAD,5,7.0
19195,1,4,99,1,1,50.0,0,I,MELB_URBAN,STREET,1,9.0
19196,1,5,120,5,5,100.0,0,N,RURAL_VICTORIA,ROAD,5,6.0
19197,1,6,130,2,1,60.0,0,I,MELB_URBAN,ROAD,10,12.0
19198,1,5,99,1,1,80.0,0,I,MELB_URBAN,ROAD,5,10.0
19199,4,5,171,5,1,100.0,0,N,RURAL_VICTORIA,HIGHWAY,5,11.0
19200,1,5,99,2,1,80.0,0,I,MELB_URBAN,ROAD,5,7.0
19201,1,5,121,2,1,40.0,0,I,MELB_URBAN,ROAD,5,8.0
19202,8,4,174,5,2,60.0,0,N,MELB_URBAN,ROAD,5,16.0
19203,2,5,100,2,1,60.0,0,I,MELB_URBAN,ROAD,5,13.0
19204,1,5,99,5,1,50.0,0,N,MELB_URBAN,OTHER,5,8.0
19205,1,5,99,5,1,60.0,0,N,RURAL_VICTORIA,STREET,5,11.0
19206,1,5,110,1,1,100.0,0,I,RURAL_VICTORIA,ROAD,5,9.0
19207,1,4,121,1,3,60.0,0,I,MELB_URBAN,ROAD,5,22.0
19208,4,4,181,5,5,80.0,0,N,RURAL_VICTORIA,ROAD,5,20.0
19209,8,5,174,2,1,60.0,0,I,MELB_URBAN,ROAD,5,8.0
19210,1,5,120,5,1,80.0,0,N,RURAL_VICTORIA,ROAD,5,14.0
19211,1,5,130,5,1,50.0,0,N,LARGE_PROVINCIAL_CITIES,ROAD,5,15.0
19212,1,5,160,5,1,100.0,0,N,MELB_URBAN,FREEWAY,5,15.0
19213,1,5,130,2,2,80.0,0,I,MELB_URBAN,HIGHWAY,5,16.0
19214,6,5,184,5,1,40.0,0,N,SMALL_CITIES,STREET,5,16.0
19215,6,1,184,5,1,60.0,0,N,MELB_URBAN,HIGHWAY,5,9.0
19216,1,3,110,1,1,60.0,0,I,LARGE_PROVINCIAL_CITIES,STREET,4,17.0
19217,1,5,130,5,1,100.0,0,N,RURAL_VICTORIA,HIGHWAY,5,15.0
19218,1,5,130,5,3,100.0,0,N,MELB_URBAN,FREEWAY,5,17.0
19219,4,5,183,5,1,100.0,0,N,RURAL_VICTORIA,ROAD,5,14.0
19220,4,5,171,2,1,60.0,0,I,MELB_URBAN,ROAD,5,15.0
19221,1,5,110,1,3,50.0,0,I,LARGE_PROVINCIAL_CITIES,BOULEVARD,5,17.0
19222,1,5,116,2,6,50.0,0,I,MELB_URBAN,STREET,5,18.0
19223,1,5,113,1,1,100.0,0,I,RURAL_VICTORIA,ROAD,5,15.0
19224,1,5,130,2,1,80.0,0,I,MELB_URBAN,HIGHWAY,5,17.0
19225,1,5,130,5,3,100.0,0,N,MELB_URBAN,FREEWAY,5,19.0
19226,4,5,173,5,5,100.0,0,N,RURAL_VICTORIA,ROAD,5,17.0
19227,4,5,181,5,3,80.0,0,N,MELB_URBAN,RAMP,5,19.0
19228,1,5,130,2,3,80.0,0,I,MELB_URBAN,ROAD,5,19.0
19229,1,5,130,5,5,90.0,0,N,MELB_URBAN,ROAD,5,17.0
19230,1,5,120,5,3,50.0,0,N,MELB_URBAN,BOULEVARD,5,17.0
19231,8,3,174,2,1,60.0,0,I,RURAL_VICTORIA,STREET,5,7.0
19232,1,5,110,4,2,50.0,0,I,MELB_URBAN,ROAD,5,16.0
19233,2,5,102,1,3,40.0,0,I,MELB_URBAN,ROAD,5,18.0
19234,4,5,181,5,4,60.0,0,N,MELB_URBAN,ROAD,5,21.0
19235,8,5,99,5,5,100.0,0,N,RURAL_VICTORIA,HIGHWAY,5,18.0
19236,4,5,173,5,2,60.0,0,N,RURAL_VICTORIA,ROAD,5,6.0
19237,4,5,171,5,5,100.0,0,N,MELB_URBAN,FREEWAY,5,21.0
19238,1,5,133,5,3,80.0,0,N,MELB_URBAN,ROAD,5,21.0
19239,1,6,99,5,3,50.0,0,N,MELB_URBAN,STREET,5,1.0
19240,4,6,181,5,3,60.0,1,N,LARGE_PROVINCIAL_CITIES,STREET,5,1.0
19241,1,5,140,5,9,80.0,0,N,MELB_URBAN,AVENUE,5,10.0
19242,1,6,120,2,5,100.0,0,I,TOWNS,HIGHWAY,5,5.0
19243,1,6,121,1,3,60.0,0,I,MELB_URBAN,ROAD,5,6.0
19244,1,6,134,5,1,60.0,0,N,MELB_URBAN,ROAD,5,8.0
19245,1,6,110,1,1,60.0,0,I,LARGE_PROVINCIAL_CITIES,ROAD,5,8.0
19246,1,6,99,1,1,40.0,0,I,MELBOURNE_CBD,STREET,5,9.0
19247,1,6,113,2,2,60.0,0,I,MELB_URBAN,ROAD,5,7.0
19248,1,2,163,1,1,50.0,0,I,MELBOURNE_CBD,STREET,5,8.0
19249,1,6,110,1,1,60.0,0,I,MELB_URBAN,STREET,5,9.0
19250,1,5,130,2,3,60.0,0,I,MELB_URBAN,ROAD,5,17.0
19251,1,6,135,2,1,60.0,0,I,MELB_URBAN,ROAD,5,9.0
19252,1,6,120,2,1,80.0,0,I,RURAL_VICTORIA,ROAD,5,9.0
19253,1,6,99,5,1,100.0,0,N,MELB_URBAN,FREEWAY,5,12.0
19254,1,6,110,1,1,60.0,0,I,MELB_URBAN,AVENUE,5,12.0
19255,1,3,135,5,1,80.0,0,N,MELB_URBAN,HIGHWAY,5,12.0
19256,6,6,99,5,1,50.0,0,N,SMALL_CITIES,DRIVE,5,12.0
19257,1,6,163,5,2,60.0,0,N,MELB_URBAN,STREET,5,18.0
19258,2,4,100,2,1,60.0,0,I,MELB_URBAN,HIGHWAY,5,17.0
19259,2,3,100,5,1,40.0,0,N,MELB_URBAN,ROAD,4,16.0
19260,1,6,110,1,1,100.0,1,I,RURAL_VICTORIA,ROAD,5,11.0
19261,1,5,120,5,5,60.0,0,N,MELB_URBAN,HIGHWAY,5,19.0
19262,1,4,99,5,1,50.0,0,N,MELB_URBAN,STREET,1,17.0
19263,1,6,130,5,2,60.0,0,N,MELB_URBAN,ROAD,5,16.0
19264,1,6,116,2,1,60.0,0,I,MELB_URBAN,STREET,5,15.0
19265,1,6,120,5,2,60.0,0,N,MELB_URBAN,DRIVE,5,16.0
19266,4,6,181,5,1,100.0,0,N,MELB_URBAN,RAMP,5,8.0
19267,6,6,174,5,1,60.0,0,N,RURAL_VICTORIA,ROAD,3,15.0
19268,1,6,130,2,1,60.0,0,I,MELB_URBAN,ROAD,5,8.0
19269,2,6,102,1,6,60.0,0,I,MELB_URBAN,ROAD,5,5.0
19270,6,6,174,1,1,110.0,1,I,RURAL_VICTORIA,ROAD,5,15.0
19271,4,6,171,5,1,60.0,0,N,LARGE_PROVINCIAL_CITIES,STREET,5,15.0
19272,2,6,100,1,3,60.0,0,I,MELB_URBAN,ROAD,5,18.0
19273,1,6,99,5,3,50.0,0,N,MELB_URBAN,DRIVE,5,18.0
19274,1,2,130,5,1,60.0,0,N,MELB_URBAN,ROAD,5,8.0
19275,1,6,110,1,1,50.0,0,I,MELB_URBAN,STREET,5,8.0
19276,1,6,110,1,3,60.0,0,I,SMALL_CITIES,PARADE,5,19.0
19277,1,6,130,5,3,100.0,0,N,MELB_URBAN,FREEWAY,5,20.0
19278,1,3,99,5,1,40.0,0,N,MELB_URBAN,STREET,5,16.0
19279,8,4,99,5,1,100.0,0,I,RURAL_VICTORIA,ROAD,5,13.0
19280,1,5,140,2,3,60.0,0,I,MELB_URBAN,OTHER,5,18.0
19281,1,6,140,5,5,100.0,0,N,RURAL_VICTORIA,HIGHWAY,5,20.0
19282,2,6,102,2,3,60.0,1,I,MELB_URBAN,ROAD,5,20.0
19283,1,6,99,2,1,40.0,0,I,MELB_URBAN,ROAD,5,15.0
19284,1,6,132,2,3,70.0,0,I,SMALL_CITIES,ROAD,5,18.0
19285,2,6,100,1,3,60.0,0,I,MELB_URBAN,STREET,5,20.0
19286,2,6,100,5,3,70.0,0,N,MELB_URBAN,ROAD,5,20.0
19287,6,7,170,5,3,60.0,0,N,MELB_URBAN,OTHER,6,1.0
19288,4,7,183,2,5,100.0,0,N,RURAL_VICTORIA,ROAD,6,0.0
19289,4,7,173,5,3,60.0,0,N,MELB_URBAN,ROAD,6,1.0
19290,1,7,110,1,3,60.0,0,I,MELB_URBAN,ROAD,6,0.0
19291,1,6,121,1,3,80.0,0,I,SMALL_CITIES,HIGHWAY,5,5.0
19292,1,6,130,5,3,40.0,0,N,MELB_URBAN,ROAD,5,23.0
19293,4,7,171,5,3,80.0,0,N,MELB_URBAN,ROAD,6,3.0
19294,4,7,171,5,5,100.0,0,N,MELB_URBAN,FREEWAY,6,6.0
19295,1,6,121,2,1,40.0,0,I,LARGE_PROVINCIAL_CITIES,ROAD,5,15.0
19296,1,6,99,1,1,60.0,0,I,LARGE_PROVINCIAL_CITIES,STREET,5,12.0
19297,1,7,113,2,1,70.0,0,I,SMALL_CITIES,BOULEVARD,6,8.0
19298,1,5,113,2,1,60.0,0,I,MELB_URBAN,ROAD,5,14.0
19299,1,7,130,2,1,60.0,0,I,MELB_URBAN,DRIVE,6,9.0
19300,4,7,181,2,1,60.0,0,N,MELB_URBAN,ROAD,6,10.0
19301,3,4,167,5,3,80.0,0,N,RURAL_VICTORIA,HIGHWAY,5,20.0
19302,1,6,130,5,3,80.0,0,N,MELB_URBAN,ROAD,5,18.0
19303,1,7,113,2,1,80.0,0,I,MELB_URBAN,ROAD,6,10.0
19304,1,5,130,5,1,80.0,0,N,MELB_URBAN,ROAD,5,8.0
19305,5,7,99,5,1,80.0,0,N,RURAL_VICTORIA,HIGHWAY,6,9.0
19306,1,6,121,2,1,60.0,0,I,MELB_URBAN,ROAD,5,16.0
19307,5,7,99,5,1,60.0,0,N,MELB_URBAN,ROAD,6,10.0
19308,1,4,130,1,1,80.0,0,I,RURAL_VICTORIA,ROAD,3,8.0
19309,2,6,99,5,1,50.0,0,N,MELB_URBAN,HIGHWAY,5,11.0
19310,1,7,130,2,1,60.0,0,I,MELB_URBAN,ROAD,6,12.0
19311,1,7,110,1,1,50.0,0,I,SMALL_CITIES,AVENUE,6,14.0
19312,1,6,99,2,5,60.0,0,I,MELB_URBAN,ROAD,5,19.0
19313,6,7,99,5,2,110.0,0,N,RURAL_VICTORIA,HIGHWAY,6,8.0
19314,4,7,183,5,1,60.0,0,N,MELB_URBAN,ROAD,6,10.0
19315,1,7,130,1,9,50.0,0,I,MELB_URBAN,ROAD,4,12.0
19316,1,4,99,1,2,60.0,0,I,MELB_URBAN,AVENUE,5,17.0
19317,6,5,174,2,2,40.0,0,I,MELB_URBAN,ROAD,5,17.0
19318,2,7,102,1,3,40.0,0,I,MELB_URBAN,STREET,6,17.0
19319,6,7,99,5,1,80.0,0,N,RURAL_VICTORIA,ROAD,6,9.0
19320,1,6,121,1,3,60.0,0,I,MELB_URBAN,ROAD,5,18.0
19321,1,7,99,4,2,60.0,0,I,MELB_URBAN,ROAD,6,20.0
19322,2,7,102,1,3,50.0,0,I,MELB_URBAN,OTHER,6,17.0
19323,1,7,147,5,1,50.0,0,N,MELB_URBAN,STREET,6,13.0
19324,7,7,174,5,1,50.0,0,N,MELB_URBAN,UNKNOWN,6,15.0
19325,1,7,113,2,3,60.0,0,I,MELB_URBAN,ROAD,6,17.0
19326,1,1,160,5,3,40.0,0,N,MELBOURNE_CBD,STREET,6,1.0
19327,1,7,99,4,1,80.0,1,N,MELB_URBAN,ROAD,6,16.0
19328,1,1,110,1,3,40.0,0,I,MELB_URBAN,STREET,6,1.0
19329,4,1,171,5,3,70.0,0,N,MELB_URBAN,ROAD,6,1.0
19330,2,1,102,1,5,80.0,1,I,MELB_URBAN,HIGHWAY,6,2.0
19331,4,1,183,5,3,50.0,0,N,SMALL_CITIES,OTHER,6,5.0
19332,3,1,167,1,5,80.0,0,I,RURAL_VICTORIA,ROAD,3,0.0
19333,4,7,171,5,1,80.0,0,N,MELB_URBAN,ROAD,6,11.0
19334,1,1,113,1,3,50.0,0,I,MELB_URBAN,STREET,6,7.0
19335,1,7,147,2,2,60.0,0,I,SMALL_CITIES,STREET,6,16.0
19336,1,1,132,5,9,60.0,0,N,MELB_URBAN,ROAD,6,5.0
19337,1,1,99,1,1,60.0,0,I,MELB_URBAN,ROAD,6,11.0
19338,1,5,130,1,1,60.0,0,I,MELB_URBAN,ROAD,5,12.0
19339,1,0,110,1,1,50.0,0,I,MELB_URBAN,STREET,6,12.0
19340,4,1,171,5,1,60.0,0,N,MELB_URBAN,ROAD,6,12.0
19341,1,1,132,1,1,60.0,0,I,TOWNS,STREET,6,11.0
19342,1,3,130,1,1,60.0,0,N,MELB_URBAN,ROAD,5,17.0
19343,6,1,99,5,1,110.0,0,N,RURAL_VICTORIA,FREEWAY,6,13.0
19344,4,1,183,5,1,100.0,0,N,RURAL_VICTORIA,HIGHWAY,6,13.0
19345,1,1,110,1,1,70.0,1,I,MELB_URBAN,HIGHWAY,6,9.0
19346,1,1,130,5,2,80.0,0,N,MELB_URBAN,ROAD,6,16.0
19347,1,1,116,2,1,60.0,0,I,MELB_URBAN,ROAD,6,13.0
19348,2,7,99,5,1,60.0,0,N,MELB_URBAN,AVENUE,6,9.0
19349,2,6,102,5,5,80.0,1,N,RURAL_VICTORIA,ROAD,5,17.0
19350,2,1,102,1,6,60.0,0,I,MELB_URBAN,ROAD,6,18.0
19351,1,1,121,5,2,50.0,0,N,MELB_URBAN,STREET,6,17.0
19352,1,1,110,1,3,60.0,0,I,MELB_URBAN,STREET,6,18.0
19353,4,1,171,5,2,100.0,0,N,RURAL_VICTORIA,ROAD,6,16.0
19354,1,1,147,2,3,60.0,0,I,TOWNS,STREET,6,19.0
19355,6,1,174,2,1,60.0,0,I,TOWNS,ROAD,6,12.0
19356,8,7,174,2,1,60.0,0,I,MELB_URBAN,STREET,5,12.0
19357,4,2,171,5,3,60.0,0,N,SMALL_CITIES,DRIVE,6,0.0
19358,4,5,173,2,1,50.0,0,I,LARGE_PROVINCIAL_CITIES,STREET,5,13.0
19359,1,1,99,2,1,60.0,0,I,MELB_URBAN,PARADE,6,12.0
19360,1,2,120,5,5,100.0,0,N,RURAL_VICTORIA,HIGHWAY,6,6.0
19361,1,2,121,1,1,60.0,0,I,MELB_URBAN,ROAD,6,7.0
19362,1,1,140,5,3,70.0,0,N,MELB_URBAN,ROAD,6,19.0
19363,1,1,140,5,2,60.0,0,N,MELB_URBAN,ROAD,6,17.0
19364,1,7,140,1,3,60.0,0,I,MELB_URBAN,AVENUE,6,18.0
19365,2,5,99,2,6,40.0,0,I,MELB_URBAN,ROAD,5,18.0
19366,4,1,171,5,2,60.0,0,N,SMALL_CITIES,ROAD,5,16.0
19367,1,1,130,3,1,60.0,0,I,RURAL_VICTORIA,ROAD,6,13.0
19368,1,2,160,2,1,60.0,0,I,MELB_URBAN,ROAD,6,11.0
19369,1,2,130,5,1,60.0,0,N,MELB_URBAN,ROAD,6,8.0
19370,1,2,130,5,1,100.0,0,N,RURAL_VICTORIA,HIGHWAY,6,13.0
19371,6,2,174,5,2,80.0,0,N,MELB_URBAN,HIGHWAY,6,7.0
19372,1,2,113,2,1,70.0,0,N,TOWNS,ROAD,6,14.0
19373,6,6,99,5,5,100.0,0,N,RURAL_VICTORIA,ROAD,5,21.0
19374,1,1,121,1,1,60.0,0,I,LARGE_PROVINCIAL_CITIES,STREET,6,17.0
19375,1,2,132,2,1,100.0,0,I,RURAL_VICTORIA,ROAD,6,16.0
19376,1,2,121,1,2,60.0,0,I,MELB_URBAN,STREET,6,16.0
19377,1,2,160,5,1,80.0,0,N,MELB_URBAN,HIGHWAY,6,14.0
19378,2,7,99,5,5,110.0,0,N,SMALL_TOWNS,FREEWAY,5,3.0
19379,1,2,130,5,2,60.0,0,N,MELB_URBAN,ROAD,6,16.0
19380,1,2,147,2,2,60.0,0,I,MELB_URBAN,STREET,6,8.0
19381,1,2,99,2,1,50.0,0,I,MELB_URBAN,ROAD,6,15.0
19382,1,2,120,2,5,50.0,0,I,MELB_URBAN,OTHER,6,18.0
19383,1,2,99,1,3,50.0,0,I,MELB_URBAN,ROAD,6,17.0
19384,2,2,102,2,3,50.0,0,N,SMALL_CITIES,STREET,6,18.0
19385,1,2,99,5,5,100.0,0,N,RURAL_VICTORIA,ROAD,6,18.0
19386,1,2,133,5,9,50.0,0,N,MELB_URBAN,STREET,6,19.0
19387,4,2,171,5,3,60.0,0,N,MELB_URBAN,ROAD,6,21.0
19388,1,2,160,5,3,50.0,0,N,MELB_URBAN,STREET,6,0.0
19389,1,1,160,2,1,60.0,0,I,MELB_URBAN,STREET,6,16.0
19390,1,1,99,1,1,60.0,0,I,LARGE_PROVINCIAL_CITIES,PARADE,5,12.0
19391,8,7,99,1,3,60.0,0,I,MELB_URBAN,PARADE,6,18.0
19392,1,3,99,2,9,60.0,0,N,MELB_URBAN,UNKNOWN,12,18.0
19393,1,3,116,2,1,80.0,0,I,MELB_URBAN,ROAD,6,7.0
19394,4,5,171,5,2,50.0,0,N,MELB_URBAN,AVENUE,5,16.0
19395,1,3,113,2,1,60.0,0,I,TOWNS,ROAD,6,7.0
19396,1,3,113,2,1,80.0,0,I,RURAL_VICTORIA,ROAD,6,8.0
19397,6,3,99,5,2,100.0,0,N,RURAL_VICTORIA,OTHER,6,8.0
19398,1,3,130,5,1,50.0,0,N,MELB_URBAN,ROAD,5,12.0
19399,6,6,99,5,1,70.0,0,N,RURAL_VICTORIA,ROAD,2,9.0
19400,2,4,100,5,1,60.0,0,N,SMALL_CITIES,AVENUE,4,17.0
19401,8,7,174,5,1,100.0,0,N,RURAL_VICTORIA,ROAD,6,14.0
19402,1,5,132,2,1,70.0,0,I,MELB_URBAN,HIGHWAY,11,8.0
19403,1,3,110,1,1,70.0,0,I,MELB_URBAN,ROAD,6,12.0
19404,1,3,99,1,2,60.0,0,I,MELB_URBAN,RAMP,5,17.0
19405,1,3,135,2,1,60.0,0,I,MELB_URBAN,ROAD,6,13.0
19406,1,3,99,5,1,100.0,0,N,RURAL_VICTORIA,ROAD,6,10.0
19407,8,4,174,2,3,40.0,0,I,MELB_URBAN,STREET,5,18.0
19408,1,3,121,2,1,60.0,0,I,LARGE_PROVINCIAL_CITIES,ROAD,6,12.0
19409,1,3,121,2,1,40.0,0,I,MELB_URBAN,STREET,6,9.0
19410,4,3,173,5,1,100.0,0,N,RURAL_VICTORIA,ROAD,6,11.0
19411,1,6,130,2,1,60.0,0,I,LARGE_PROVINCIAL_CITIES,ROAD,5,15.0
19412,1,3,111,1,1,50.0,0,I,TOWNS,STREET,6,11.0
19413,1,1,133,5,1,60.0,0,N,MELB_URBAN,STREET,6,12.0
19414,1,3,121,2,1,50.0,0,I,LARGE_PROVINCIAL_CITIES,STREET,6,16.0
19415,1,3,135,1,4,60.0,0,I,MELB_URBAN,ROAD,6,17.0
19416,1,2,130,5,3,80.0,0,N,LARGE_PROVINCIAL_CITIES,HIGHWAY,6,17.0
19417,1,3,121,2,2,80.0,0,I,MELB_URBAN,AVENUE,6,16.0
19418,1,3,99,1,3,50.0,0,I,MELB_URBAN,STREET,6,18.0
19419,1,3,135,2,9,50.0,0,I,MELB_URBAN,ROAD,6,16.0
19420,1,3,99,5,3,50.0,0,N,MELB_URBAN,STREET,6,18.0
19421,1,3,120,5,5,40.0,0,N,MELB_URBAN,ROAD,6,19.0
19422,1,3,99,1,3,60.0,0,I,MELB_URBAN,STREET,6,18.0
19423,1,3,99,2,3,50.0,0,I,MELB_URBAN,ROAD,6,19.0
19424,1,6,130,5,1,80.0,0,N,MELB_URBAN,ROAD,5,8.0
19425,1,3,130,5,5,80.0,0,N,MELB_URBAN,ROAD,6,6.0
19426,1,2,130,1,3,80.0,0,N,MELB_URBAN,ROAD,6,21.0
19427,1,3,130,5,3,100.0,0,N,MELB_URBAN,FREEWAY,6,20.0
19428,1,4,160,2,3,60.0,0,I,MELB_URBAN,ROAD,6,3.0
19429,4,3,99,5,1,60.0,0,N,MELB_URBAN,ROAD,6,13.0
19430,1,4,99,2,1,60.0,0,N,MELB_URBAN,ROAD,6,7.0
19431,1,4,130,5,1,60.0,0,N,MELB_URBAN,ROAD,6,7.0
19432,2,4,100,2,1,50.0,0,I,MELB_URBAN,ROAD,6,8.0
19433,8,1,174,5,2,60.0,0,N,MELB_URBAN,ROAD,4,17.0
19434,1,4,130,2,1,60.0,0,I,MELB_URBAN,ROAD,6,7.0
19435,1,4,110,1,1,60.0,0,I,RURAL_VICTORIA,STREET,6,9.0
19436,2,6,102,2,1,50.0,0,I,MELB_URBAN,STREET,5,16.0
19437,1,3,130,5,2,80.0,0,N,MELB_URBAN,FREEWAY,6,8.0
19438,6,4,184,5,9,60.0,0,N,RURAL_VICTORIA,ROAD,6,10.0
19439,1,1,99,5,1,50.0,0,N,MELB_URBAN,ROAD,6,16.0
19440,1,4,121,1,1,60.0,0,I,MELB_URBAN,STREET,6,8.0
19441,1,2,130,5,1,60.0,0,N,MELB_URBAN,STREET,6,7.0
19442,1,2,99,2,3,60.0,0,I,MELB_URBAN,ROAD,5,17.0
19443,2,5,100,1,1,50.0,0,I,MELB_URBAN,DRIVE,5,16.0
19444,1,3,113,2,1,50.0,0,I,SMALL_CITIES,BOULEVARD,6,15.0
19445,4,4,171,5,1,100.0,0,N,RURAL_VICTORIA,ROAD,6,12.0
19446,2,4,100,1,1,40.0,0,I,MELBOURNE_CBD,STREET,6,12.0
19447,8,1,174,1,1,60.0,0,I,MELB_URBAN,STREET,6,15.0
19448,4,4,173,5,1,70.0,0,N,MELB_URBAN,ROAD,6,12.0
19449,1,6,130,1,3,60.0,0,I,MELB_URBAN,ROAD,5,19.0
19450,1,7,110,1,1,60.0,0,I,MELB_URBAN,STREET,5,14.0
19451,2,1,100,1,1,60.0,0,I,MELB_URBAN,ROAD,6,8.0
19452,6,3,99,5,1,80.0,0,N,RURAL_VICTORIA,ROAD,5,10.0
19453,4,4,173,2,2,60.0,0,I,SMALL_CITIES,DRIVE,6,16.0
19454,1,4,110,1,2,50.0,0,I,MELB_URBAN,STREET,6,16.0
19455,1,4,140,2,2,70.0,0,I,MELB_URBAN,STREET,6,16.0
19456,1,5,130,5,1,60.0,0,N,MELB_URBAN,ROAD,5,11.0
19457,1,4,116,1,1,50.0,0,I,LARGE_PROVINCIAL_CITIES,STREET,6,16.0
19458,1,4,163,5,1,40.0,0,N,MELB_URBAN,ROAD,6,8.0
19459,1,6,121,1,3,60.0,0,I,MELB_URBAN,ROAD,5,19.0
19460,1,4,121,2,3,70.0,0,I,MELB_URBAN,ROAD,6,17.0
19461,1,4,121,4,3,60.0,0,I,MELB_URBAN,RAMP,6,19.0
19462,1,4,130,5,2,100.0,0,N,MELB_URBAN,FREEWAY,6,17.0
19463,1,4,130,2,2,60.0,0,I,LARGE_PROVINCIAL_CITIES,STREET,6,17.0
19464,1,4,130,5,3,60.0,0,N,SMALL_CITIES,ROAD,6,18.0
19465,1,4,130,5,3,100.0,0,N,MELB_URBAN,ROAD,6,18.0
19466,1,4,132,2,3,60.0,0,I,MELB_URBAN,PARADE,6,20.0
19467,2,4,102,5,3,50.0,0,N,MELB_URBAN,STREET,6,21.0