,accident_type,day_of_week,dca_code,road_geometry,light_condition,speed_zone,severity,node_type,deg_urban_name,road_type,month,hour
19468,2,4,102,2,3,50.0,0,I,MELB_URBAN,STREET,6,19.0
19469,1,3,133,1,2,40.0,0,I,MELB_URBAN,STREET,6,17.0
19470,1,2,140,2,1,80.0,0,I,SMALL_CITIES,HIGHWAY,8,16.0
19471,8,5,174,5,1,50.0,0,N,MELB_URBAN,STREET,4,8.0
19472,4,4,171,1,3,50.0,0,I,SMALL_TOWNS,STREET,6,21.0
19473,1,4,111,1,3,60.0,0,I,MELB_URBAN,ROAD,6,22.0
19474,1,3,121,2,1,50.0,0,I,MELB_URBAN,ROAD,6,15.0
19475,7,2,99,1,1,40.0,0,I,MELBOURNE_CBD,STREET,7,13.0
19476,4,1,183,5,5,110.0,0,N,SMALL_CITIES,FREEWAY,6,19.0
19477,1,5,163,5,9,50.0,0,N,MELB_URBAN,STREET,5,21.0
19478,1,5,99,2,1,60.0,0,I,MELB_URBAN,ROAD,6,8.0
19479,1,5,130,5,2,60.0,0,N,MELB_URBAN,ROAD,5,6.0
19480,4,1,183,5,3,50.0,0,N,SMALL_CITIES,STREET,6,21.0
19481,6,6,184,5,1,100.0,0,N,RURAL_VICTORIA,ROAD,5,13.0
19482,2,3,99,5,1,60.0,0,N,MELB_URBAN,ROAD,6,11.0
19483,4,7,183,5,1,80.0,0,N,RURAL_VICTORIA,HIGHWAY,6,14.0
19484,4,1,181,5,1,100.0,0,N,SMALL_TOWNS,ROAD,5,12.0
19485,1,5,140,2,1,40.0,0,I,MELB_URBAN,ROAD,6,10.0
19486,1,5,130,1,1,70.0,0,I,MELB_URBAN,ROAD,6,11.0
19487,1,5,133,5,3,50.0,0,N,MELB_URBAN,ROAD,5,17.0
19488,4,1,99,5,1,50.0,0,N,SMALL_CITIES,OTHER,3,10.0
19489,1,5,113,2,1,60.0,0,I,TOWNS,ROAD,6,11.0
19490,1,5,130,5,1,40.0,0,N,RURAL_VICTORIA,ROAD,6,12.0
19491,5,7,99,5,1,60.0,0,N,RURAL_VICTORIA,ROAD,6,13.0
19492,1,5,99,1,1,60.0,0,I,MELB_URBAN,ROAD,6,13.0
19493,1,5,110,1,1,80.0,0,I,MELB_URBAN,ROAD,6,13.0
19494,1,5,99,2,1,60.0,0,I,MELB_URBAN,ROAD,6,14.0
19495,1,5,130,5,2,50.0,0,N,MELB_URBAN,STREET,6,16.0
19496,7,7,99,2,1,50.0,0,I,MELB_URBAN,OTHER,5,11.0
19497,6,5,174,1,1,80.0,0,I,RURAL_VICTORIA,HIGHWAY,6,14.0
19498,1,5,132,2,1,40.0,0,N,MELB_URBAN,ROAD,6,17.0
19499,1,5,130,5,1,60.0,0,N,MELB_URBAN,STREET,6,12.0
19500,2,4,99,5,1,50.0,0,N,MELB_URBAN,DRIVE,6,12.0
19501,1,5,121,2,1,60.0,0,I,MELB_URBAN,ROAD,6,16.0
19502,2,3,100,2,1,60.0,0,N,MELB_URBAN,STREET,3,14.0
19503,8,5,174,5,6,40.0,0,N,MELB_URBAN,STREET,6,17.0
19504,6,5,174,5,2,50.0,0,N,MELB_URBAN,STREET,6,16.0
19505,1,2,130,4,1,60.0,0,I,RURAL_VICTORIA,ROAD,4,9.0
19506,1,5,130,5,2,60.0,0,N,MELB_URBAN,ROAD,6,18.0
19507,1,5,130,5,2,60.0,0,N,MELB_URBAN,ROAD,6,17.0
19508,6,5,174,1,1,80.0,0,N,MELB_URBAN,ROAD,6,16.0
19509,1,4,99,1,3,80.0,0,I,MELB_URBAN,ROAD,6,22.0
19510,1,5,110,1,3,60.0,0,I,MELB_URBAN,ROAD,6,22.0
19511,1,5,130,2,3,60.0,0,I,MELB_URBAN,STREET,6,22.0
19512,1,6,121,4,5,60.0,0,I,MELB_URBAN,ROAD,6,3.0
19513,1,6,110,1,1,50.0,0,I,MELB_URBAN,STREET,6,7.0
19514,1,6,130,2,9,60.0,0,I,MELB_URBAN,ROAD,5,16.0
19515,1,6,160,2,1,50.0,0,I,MELB_URBAN,OTHER,6,8.0
19516,1,2,99,2,9,50.0,0,I,MELB_URBAN,ROAD,6,18.0
19517,1,6,113,2,1,50.0,0,I,MELB_URBAN,OTHER,6,8.0
19518,1,6,130,5,3,80.0,0,N,MELB_URBAN,HIGHWAY,6,7.0
19519,1,6,132,2,1,100.0,0,I,RURAL_VICTORIA,ROAD,6,8.0
19520,7,6,184,5,1,100.0,0,N,RURAL_VICTORIA,ROAD,2,15.0
19521,1,6,121,1,1,60.0,0,I,MELB_URBAN,ROAD,6,11.0
19522,4,4,171,1,5,100.0,0,I,RURAL_VICTORIA,ROAD,6,6.0
19523,2,4,102,1,3,80.0,0,I,MELB_URBAN,HIGHWAY,6,18.0
19524,4,5,181,5,1,100.0,0,N,RURAL_VICTORIA,ROAD,6,10.0
19525,2,6,102,1,1,60.0,0,I,MELB_URBAN,STREET,6,12.0
19526,4,5,173,5,1,80.0,0,N,SMALL_TOWNS,ROAD,6,13.0
19527,1,3,116,2,1,60.0,0,I,MELB_URBAN,ROAD,5,6.0
19528,1,5,132,2,1,90.0,0,I,RURAL_VICTORIA,ROAD,6,16.0
19529,1,6,99,1,1,50.0,0,I,MELB_URBAN,ROAD,6,12.0
19530,1,6,160,5,1,50.0,0,N,MELB_URBAN,DRIVE,6,13.0
19531,4,6,171,5,1,100.0,0,N,RURAL_VICTORIA,ROAD,6,12.0
19532,1,6,113,1,1,100.0,0,I,RURAL_VICTORIA,HIGHWAY,6,13.0
19533,4,6,183,5,1,100.0,0,N,RURAL_VICTORIA,ROAD,6,12.0
19534,1,5,121,1,1,60.0,0,I,LARGE_PROVINCIAL_CITIES,OTHER,6,12.0
19535,1,6,134,5,1,80.0,0,N,MELB_URBAN,UNKNOWN,6,14.0
19536,1,6,113,2,1,70.0,0,I,MELB_URBAN,ROAD,6,15.0
19537,2,2,102,1,6,60.0,0,I,MELB_URBAN,ROAD,5,18.0
19538,1,3,135,5,2,80.0,0,N,MELB_URBAN,ROAD,4,19.0
19539,1,6,113,2,1,80.0,0,I,MELB_URBAN,ROAD,6,16.0
19540,1,6,99,5,1,60.0,0,N,MELB_URBAN,ROAD,6,15.0
19541,1,6,135,1,1,80.0,0,I,MELB_URBAN,HIGHWAY,6,14.0
19542,4,6,183,5,1,100.0,0,N,RURAL_VICTORIA,ROAD,6,16.0
19543,1,3,113,2,1,50.0,0,I,MELB_URBAN,DRIVE,6,10.0
19544,1,7,121,2,1,60.0,0,I,MELB_URBAN,ROAD,5,13.0
19545,1,6,147,2,3,70.0,0,N,MELB_URBAN,ROAD,6,17.0
19546,2,6,100,2,3,60.0,0,N,MELB_URBAN,ROAD,6,18.0
19547,1,6,110,1,3,100.0,0,N,MELB_URBAN,ROAD,6,18.0
19548,8,6,174,1,3,50.0,0,I,MELB_URBAN,STREET,6,20.0
19549,2,5,100,2,1,50.0,0,I,MELB_URBAN,STREET,5,10.0
19550,1,6,160,5,3,50.0,0,N,MELB_URBAN,DRIVE,6,18.0
19551,2,6,100,2,3,60.0,0,I,MELB_URBAN,ROAD,6,19.0
19552,1,6,121,1,3,80.0,0,I,MELB_URBAN,ROAD,6,20.0
19553,1,6,140,5,3,60.0,0,N,MELB_URBAN,ROAD,6,5.0
19554,4,6,173,5,5,60.0,0,N,RURAL_VICTORIA,ROAD,6,23.0
19555,1,7,110,1,3,60.0,0,I,MELB_URBAN,ROAD,6,0.0
19556,4,6,181,5,3,50.0,0,N,MELB_URBAN,DRIVE,6,20.0
19557,1,6,130,2,3,60.0,0,I,MELB_URBAN,OTHER,6,23.0
19558,1,6,99,5,2,100.0,0,N,RURAL_VICTORIA,ROAD,6,6.0
19559,1,7,110,1,3,70.0,0,I,MELB_URBAN,STREET,6,4.0
19560,1,7,121,2,3,70.0,0,N,MELB_URBAN,HIGHWAY,6,2.0
19561,1,7,160,5,2,60.0,0,N,MELB_URBAN,STREET,6,7.0
19562,1,7,113,2,1,70.0,0,I,MELB_URBAN,ROAD,6,9.0
19563,1,7,130,5,2,40.0,0,N,MELB_URBAN,OTHER,6,8.0
19564,1,7,110,1,1,50.0,0,I,RURAL_VICTORIA,ROAD,6,12.0
19565,4,7,99,5,1,100.0,0,N,RURAL_VICTORIA,HIGHWAY,6,9.0
19566,1,7,110,1,1,60.0,0,I,MELB_URBAN,STREET,6,8.0
19567,1,7,113,2,1,100.0,0,N,RURAL_VICTORIA,HIGHWAY,6,12.0
19568,1,7,116,2,1,60.0,0,I,LARGE_PROVINCIAL_CITIES,STREET,6,12.0
19569,8,7,184,5,1,60.0,0,N,RURAL_VICTORIA,ROAD,6,12.0
19570,2,5,99,5,3,60.0,0,N,MELB_URBAN,HIGHWAY,6,20.0
19571,1,7,113,1,1,60.0,0,I,MELB_URBAN,STREET,6,11.0
19572,4,6,181,5,5,80.0,0,N,RURAL_VICTORIA,ROAD,6,22.0
19573,1,7,113,2,1,60.0,0,I,MELB_URBAN,ROAD,6,14.0
19574,2,6,100,1,1,40.0,0,I,MELBOURNE_CBD,STREET,6,13.0
19575,4,7,183,5,1,100.0,0,N,RURAL_VICTORIA,DRIVE,6,14.0
19576,1,7,130,2,9,60.0,0,I,MELB_URBAN,HIGHWAY,6,18.0
19577,6,6,174,5,1,60.0,0,N,RURAL_VICTORIA,OTHER,6,15.0
19578,4,7,99,5,1,60.0,0,N,TOWNS,ROAD,6,12.0
19579,4,7,181,5,2,100.0,0,N,RURAL_VICTORIA,ROAD,6,16.0
19580,4,7,171,5,5,50.0,0,N,SMALL_TOWNS,ROAD,6,2.0
19581,7,7,99,2,3,50.0,0,I,MELB_URBAN,AVENUE,6,20.0
19582,1,7,130,2,3,60.0,0,I,MELB_URBAN,ROAD,6,20.0
19583,1,7,120,5,3,60.0,0,N,MELB_URBAN,ROAD,6,1.0
19584,1,7,99,2,3,40.0,0,I,MELB_URBAN,ROAD,6,19.0
19585,1,7,121,5,1,40.0,0,N,MELB_URBAN,ROAD,6,15.0
19586,2,1,100,4,3,60.0,0,I,MELB_URBAN,ROAD,6,1.0
19587,4,1,171,2,5,100.0,0,I,RURAL_VICTORIA,ROAD,6,0.0
19588,1,7,110,1,3,60.0,0,I,MELB_URBAN,STREET,6,23.0
19589,3,1,167,5,5,100.0,0,N,RURAL_VICTORIA,ROAD,6,2.0
19590,1,1,110,1,3,60.0,1,I,MELB_URBAN,STREET,6,6.0
19591,1,7,130,2,1,60.0,0,I,MELB_URBAN,ROAD,6,8.0
19592,4,3,181,5,1,100.0,0,N,RURAL_VICTORIA,ROAD,6,13.0
19593,1,7,113,2,1,80.0,0,I,MELB_URBAN,HIGHWAY,6,15.0
19594,8,7,174,1,1,60.0,0,I,TOWNS,ROAD,6,13.0
19595,1,6,130,5,1,50.0,0,N,LARGE_PROVINCIAL_CITIES,STREET,6,13.0
19596,1,1,160,2,1,50.0,0,I,MELB_URBAN,OTHER,6,10.0
19597,4,1,181,5,1,100.0,0,N,RURAL_VICTORIA,ROAD,6,11.0
19598,8,7,99,5,2,100.0,0,N,RURAL_VICTORIA,ROAD,6,17.0
19599,8,1,174,5,1,60.0,0,N,MELB_URBAN,DRIVE,6,12.0
19600,6,1,99,5,1,80.0,0,N,RURAL_VICTORIA,ROAD,6,13.0
19601,1,5,120,1,1,60.0,0,I,SMALL_CITIES,ROAD,2,10.0
19602,5,1,183,5,1,100.0,0,N,RURAL_VICTORIA,HIGHWAY,6,15.0
19603,1,1,121,5,1,60.0,0,N,MELB_URBAN,ROAD,6,14.0
19604,4,1,171,5,1,100.0,0,N,RURAL_VICTORIA,OTHER,6,13.0
19605,4,1,171,2,1,50.0,0,I,MELB_URBAN,ROAD,6,16.0
19606,1,1,132,1,1,60.0,0,I,SMALL_TOWNS,HIGHWAY,6,16.0
19607,1,1,120,5,1,100.0,1,N,RURAL_VICTORIA,HIGHWAY,6,12.0
19608,1,1,110,1,3,60.0,0,I,TOWNS,ROAD,6,18.0
19609,1,1,135,5,3,80.0,0,N,MELB_URBAN,ROAD,6,18.0
19610,1,1,160,2,4,60.0,0,I,LARGE_PROVINCIAL_CITIES,ROAD,6,2.0
19611,1,1,110,1,3,50.0,0,I,MELB_URBAN,STREET,6,20.0
19612,2,1,102,2,1,40.0,0,I,MELB_URBAN,ROAD,6,17.0
19613,4,1,181,5,6,100.0,0,N,MELB_URBAN,RAMP,6,18.0
19614,2,1,99,2,3,40.0,0,I,MELB_URBAN,STREET,6,18.0
19615,1,1,121,2,1,60.0,0,I,MELB_URBAN,BOULEVARD,6,18.0
19616,1,1,120,2,2,60.0,1,I,MELB_URBAN,ROAD,6,17.0
19617,4,1,171,2,3,50.0,0,I,MELB_URBAN,OTHER,6,21.0
19618,1,1,130,1,3,60.0,0,I,MELB_URBAN,STREET,6,23.0
19619,4,1,181,2,3,60.0,0,I,MELB_URBAN,DRIVE,6,23.0
19620,1,2,121,1,3,80.0,0,I,MELB_URBAN,HIGHWAY,6,0.0
19621,1,6,130,2,2,80.0,0,I,MELB_URBAN,ROAD,6,6.0
19622,1,1,121,1,3,60.0,0,I,MELB_URBAN,ROAD,6,0.0
19623,1,0,160,5,1,50.0,0,N,MELB_URBAN,UNKNOWN,6,14.0
19624,1,6,132,1,1,50.0,0,I,LARGE_PROVINCIAL_CITIES,STREET,5,9.0
19625,8,1,99,5,1,100.0,0,N,RURAL_VICTORIA,ROAD,6,15.0
19626,1,6,133,5,1,110.0,0,N,RURAL_VICTORIA,FREEWAY,6,13.0
19627,4,2,173,5,5,100.0,0,N,RURAL_VICTORIA,ROAD,6,6.0
19628,1,2,110,1,1,100.0,0,I,RURAL_VICTORIA,ROAD,6,8.0
19629,1,2,160,5,1,50.0,0,N,MELB_URBAN,DRIVE,6,9.0
19630,1,2,113,2,1,80.0,0,I,MELB_URBAN,HIGHWAY,6,9.0
19631,3,1,167,5,1,100.0,0,N,RURAL_VICTORIA,OTHER,6,10.0
19632,8,1,174,2,2,50.0,0,I,MELB_URBAN,ROAD,6,17.0
19633,4,7,173,5,1,60.0,0,N,RURAL_VICTORIA,HIGHWAY,6,9.0
19634,1,2,133,2,1,60.0,0,I,RURAL_VICTORIA,ROAD,6,11.0
19635,6,2,99,5,1,100.0,0,N,RURAL_VICTORIA,ROAD,6,11.0
19636,1,2,121,1,1,60.0,0,I,MELB_URBAN,STREET,6,9.0
19637,1,2,130,1,1,60.0,0,I,LARGE_PROVINCIAL_CITIES,ROAD,6,12.0
19638,1,2,147,2,9,60.0,0,N,MELB_URBAN,STREET,6,12.0
19639,6,2,174,5,1,100.0,0,N,RURAL_VICTORIA,ROAD,6,12.0
19640,4,7,181,5,1,60.0,0,N,RURAL_VICTORIA,ROAD,4,10.0
19641,4,2,171,5,1,100.0,0,N,RURAL_VICTORIA,ROAD,6,11.0
19642,1,2,99,6,1,50.0,0,N,MELB_URBAN,OTHER,6,14.0
19643,4,2,171,2,1,60.0,0,I,MELB_URBAN,ROAD,6,14.0
19644,1,2,113,2,1,80.0,0,N,MELB_URBAN,ROAD,6,10.0
19645,6,2,174,2,1,80.0,0,I,RURAL_VICTORIA,HIGHWAY,6,15.0
19646,8,2,184,5,1,60.0,0,N,RURAL_VICTORIA,ROAD,6,14.0
19647,1,2,120,5,1,60.0,0,N,MELB_URBAN,ROAD,6,15.0
19648,1,2,121,1,1,50.0,0,I,MELB_URBAN,DRIVE,6,17.0
19649,4,5,171,5,5,60.0,0,N,MELB_URBAN,ROAD,6,2.0
19650,1,2,121,2,1,70.0,0,I,MELB_URBAN,ROAD,6,16.0
19651,1,4,130,5,1,60.0,0,N,MELB_URBAN,ROAD,9,8.0
19652,1,2,120,5,1,80.0,0,N,RURAL_VICTORIA,ROAD,6,15.0
19653,1,2,130,5,3,80.0,0,N,MELB_URBAN,ROAD,5,18.0
19654,1,2,120,5,5,60.0,0,N,MELB_URBAN,ROAD,6,17.0
19655,1,2,135,5,3,70.0,0,N,MELB_URBAN,ROAD,6,19.0
19656,1,2,130,5,5,100.0,0,N,MELB_URBAN,FREEWAY,6,17.0
19657,8,2,99,5,3,50.0,0,N,MELB_URBAN,BOULEVARD,6,20.0
19658,2,6,99,1,1,40.0,0,I,MELBOURNE_CBD,STREET,5,10.0
19659,6,2,174,2,3,60.0,0,I,MELB_URBAN,ROAD,6,21.0
19660,1,2,160,5,1,80.0,0,N,MELB_URBAN,ROAD,6,11.0
19661,1,2,147,2,1,60.0,0,I,MELB_URBAN,ROAD,5,17.0
19662,4,2,173,1,3,60.0,0,I,MELB_URBAN,ROAD,6,20.0
19663,4,2,173,5,5,100.0,0,N,RURAL_VICTORIA,OTHER,6,22.0
19664,4,2,171,5,5,80.0,0,N,MELB_URBAN,ROAD,6,23.0
19665,1,2,99,5,3,50.0,0,N,MELB_URBAN,AVENUE,6,22.0
19666,1,2,110,1,3,60.0,0,I,MELB_URBAN,ROAD,6,23.0
19667,1,6,147,1,1,60.0,0,I,MELB_URBAN,ROAD,6,8.0
19668,3,4,167,5,5,100.0,0,N,RURAL_VICTORIA,ROAD,5,0.0
19669,6,3,99,5,5,80.0,0,N,MELB_URBAN,ROAD,6,5.0
19670,7,1,99,2,6,40.0,0,I,MELB_URBAN,STREET,3,1.0
19671,2,2,100,2,1,60.0,0,I,MELB_URBAN,STREET,6,9.0
19672,1,6,130,5,1,60.0,0,N,MELB_URBAN,ROAD,3,12.0
19673,1,7,130,5,9,100.0,0,N,MELB_URBAN,FREEWAY,6,11.0
19674,1,3,110,1,1,60.0,0,I,LARGE_PROVINCIAL_CITIES,STREET,6,10.0
19675,1,3,140,2,1,70.0,0,N,MELB_URBAN,ROAD,6,11.0
19676,1,2,130,2,1,60.0,0,N,MELB_URBAN,DRIVE,6,9.0
19677,6,7,184,5,1,100.0,0,N,RURAL_VICTORIA,ROAD,6,15.0
19678,1,4,99,2,6,60.0,0,I,MELB_URBAN,STREET,5,1.0
19679,4,3,171,5,1,70.0,0,N,MELB_URBAN,ROAD,6,12.0
19680,4,3,173,5,1,80.0,0,N,RURAL_VICTORIA,ROAD,6,13.0
19681,4,3,171,5,1,70.0,0,N,MELB_URBAN,HIGHWAY,6,14.0
19682,2,3,99,5,2,40.0,0,N,MELB_URBAN,OTHER,6,8.0
19683,1,3,113,1,3,80.0,0,I,RURAL_VICTORIA,HIGHWAY,5,18.0
19684,1,3,99,5,1,40.0,0,N,MELB_URBAN,ROAD,6,15.0
19685,1,3,113,1,1,70.0,0,I,MELB_URBAN,ROAD,6,16.0
19686,8,4,174,5,3,60.0,0,N,MELB_URBAN,STREET,5,18.0
19687,1,3,130,5,3,70.0,0,N,MELB_URBAN,STREET,6,18.0
19688,1,3,113,1,2,60.0,0,I,MELB_URBAN,ROAD,6,17.0
19689,1,3,130,5,3,60.0,0,N,MELB_URBAN,ROAD,6,18.0
19690,1,3,120,5,1,100.0,0,N,RURAL_VICTORIA,ROAD,6,14.0
19691,1,2,113,2,1,100.0,0,I,RURAL_VICTORIA,ROAD,6,15.0
19692,1,3,130,1,1,70.0,0,I,MELB_URBAN,OTHER,6,9.0
19693,1,3,113,2,3,70.0,0,I,MELB_URBAN,ROAD,6,20.0
19694,6,3,170,5,5,80.0,0,N,RURAL_VICTORIA,STREET,6,19.0
19695,4,3,171,1,3,60.0,0,I,MELB_URBAN,ROAD,6,21.0
19696,4,3,171,4,3,80.0,0,I,MELB_URBAN,ROAD,6,20.0
19697,1,4,140,5,3,50.0,0,N,MELB_URBAN,AVENUE,6,6.0
19698,1,3,140,5,1,60.0,0,N,MELB_URBAN,ROAD,6,14.0
19699,4,2,183,5,1,60.0,0,N,RURAL_VICTORIA,ROAD,6,10.0
19700,1,4,99,2,1,90.0,0,I,RURAL_VICTORIA,HIGHWAY,6,8.0
19701,1,4,113,2,1,50.0,0,I,MELB_URBAN,ROAD,6,8.0
19702,1,5,130,2,3,80.0,0,I,MELB_URBAN,HIGHWAY,4,0.0
19703,1,3,163,5,2,60.0,0,N,MELB_URBAN,STREET,6,8.0
19704,1,2,99,2,1,60.0,0,N,MELB_URBAN,ROAD,6,11.0
19705,1,4,132,5,1,60.0,0,N,SMALL_CITIES,ROAD,6,10.0
19706,1,6,121,2,2,60.0,0,I,MELB_URBAN,HIGHWAY,5,17.0
19707,2,4,100,5,1,40.0,0,N,MELB_URBAN,ROAD,6,11.0
19708,1,4,120,5,1,70.0,0,N,MELB_URBAN,ROAD,6,9.0
19709,2,4,99,4,1,60.0,0,I,MELB_URBAN,ROAD,6,11.0
19710,1,4,121,1,1,40.0,0,I,MELBOURNE_CBD,STREET,6,12.0
19711,2,4,100,1,1,60.0,0,N,LARGE_PROVINCIAL_CITIES,STREET,6,13.0
19712,4,3,173,5,1,60.0,0,N,RURAL_VICTORIA,ROAD,4,15.0
19713,1,4,111,1,1,60.0,0,I,MELB_URBAN,STREET,6,13.0
19714,4,4,183,5,1,100.0,0,N,RURAL_VICTORIA,ROAD,6,9.0
19715,1,4,110,1,1,70.0,0,I,SMALL_CITIES,PARADE,6,14.0
19716,1,4,130,2,1,60.0,0,I,MELB_URBAN,STREET,6,15.0
19717,4,4,181,5,1,80.0,0,N,RURAL_VICTORIA,ROAD,6,9.0
19718,1,4,113,2,1,50.0,0,I,MELB_URBAN,ROAD,6,14.0
19719,4,1,171,4,6,80.0,0,N,MELB_URBAN,ROAD,6,6.0
19720,1,4,140,5,1,80.0,0,N,RURAL_VICTORIA,HIGHWAY,6,13.0
19721,2,4,102,5,1,60.0,0,N,MELB_URBAN,ROAD,6,15.0
19722,1,4,147,5,1,70.0,0,N,MELB_URBAN,ROAD,6,15.0
19723,1,4,130,2,1,60.0,0,I,MELB_URBAN,ROAD,6,15.0
19724,1,4,132,1,6,60.0,0,I,MELB_URBAN,ROAD,6,5.0
19725,1,1,130,2,2,60.0,0,I,MELB_URBAN,ROAD,6,16.0
19726,1,4,113,2,1,50.0,0,I,MELB_URBAN,ROAD,6,16.0
19727,2,4,100,5,3,40.0,0,N,MELB_URBAN,STREET,6,18.0
19728,2,4,102,2,3,60.0,0,I,MELB_URBAN,ROAD,6,18.0
19729,2,4,100,1,3,60.0,0,I,MELB_URBAN,HIGHWAY,6,17.0
19730,1,4,130,5,3,70.0,0,N,LARGE_PROVINCIAL_CITIES,OTHER,6,17.0
19731,1,4,130,5,3,100.0,0,N,MELB_URBAN,UNKNOWN,6,20.0
19732,1,4,121,1,2,60.0,0,I,RURAL_VICTORIA,STREET,6,17.0
19733,1,4,130,5,3,60.0,0,N,MELB_URBAN,ROAD,6,18.0
19734,1,4,113,1,2,50.0,0,I,SMALL_CITIES,STREET,6,17.0
19735,1,4,130,1,3,50.0,0,I,LARGE_PROVINCIAL_CITIES,STREET,6,19.0
19736,2,4,102,5,3,70.0,0,N,MELB_URBAN,ROAD,6,20.0
19737,1,4,160,1,3,50.0,0,I,MELB_URBAN,STREET,6,20.0
19738,1,4,110,1,3,80.0,0,I,MELB_URBAN,ROAD,6,21.0
19739,1,4,99,2,3,60.0,0,I,MELB_URBAN,STREET,6,22.0
19740,1,4,120,5,3,70.0,0,N,MELB_URBAN,STREET,6,21.0
19741,1,5,120,5,3,60.0,0,N,MELB_URBAN,ROAD,6,4.0
19742,1,5,110,1,3,50.0,0,I,MELB_URBAN,ROAD,6,6.0
19743,8,4,174,1,3,60.0,0,I,MELB_URBAN,PARADE,6,21.0
19744,1,5,116,1,2,60.0,0,I,MELB_URBAN,ROAD,6,7.0
19745,1,5,110,1,1,40.0,0,I,MELB_URBAN,STREET,6,8.0
19746,2,5,102,2,1,80.0,0,I,MELB_URBAN,ROAD,6,7.0
19747,1,5,130,1,1,70.0,0,I,MELB_URBAN,STREET,6,10.0
19748,1,5,121,1,1,50.0,0,I,LARGE_PROVINCIAL_CITIES,STREET,6,9.0
19749,5,3,99,5,1,50.0,0,N,SMALL_CITIES,STREET,1,17.0
19750,1,1,160,5,1,50.0,0,N,MELB_URBAN,STREET,3,9.0
19751,6,4,99,2,5,100.0,0,I,RURAL_VICTORIA,HIGHWAY,6,22.0
19752,1,4,135,5,1,100.0,0,N,MELB_URBAN,FREEWAY,5,8.0
19753,1,4,121,1,1,60.0,0,I,MELB_URBAN,STREET,5,8.0
19754,1,5,130,2,1,50.0,0,N,SMALL_CITIES,ROAD,10,8.0
19755,1,5,99,2,1,60.0,0,I,MELB_URBAN,STREET,6,8.0
19756,1,5,110,1,1,60.0,0,I,MELB_URBAN,ROAD,6,10.0
19757,8,5,174,2,1,60.0,0,I,MELB_URBAN,ROAD,6,8.0
19758,4,5,173,5,1,60.0,0,N,RURAL_VICTORIA,ROAD,6,11.0
19759,1,1,130,5,3,80.0,0,N,MELB_URBAN,FREEWAY,5,4.0
19760,1,5,110,1,1,50.0,0,I,MELB_URBAN,STREET,6,8.0
19761,1,2,160,5,1,50.0,0,N,LARGE_PROVINCIAL_CITIES,STREET,5,10.0
19762,1,5,120,5,1,60.0,0,N,MELB_URBAN,ROAD,6,11.0
19763,1,5,130,4,1,80.0,0,N,MELB_URBAN,ROAD,6,12.0
19764,2,4,99,2,6,50.0,0,I,MELB_URBAN,STREET,6,18.0
19765,2,5,99,2,1,60.0,0,N,LARGE_PROVINCIAL_CITIES,STREET,6,11.0
19766,2,5,100,2,1,60.0,0,I,MELB_URBAN,STREET,6,11.0
19767,6,2,174,5,2,100.0,0,N,RURAL_VICTORIA,ROAD,6,16.0
19768,1,3,130,2,1,50.0,0,N,MELB_URBAN,OTHER,6,14.0
19769,4,3,181,5,6,50.0,0,N,MELB_URBAN,OTHER,1,21.0
19770,4,7,171,1,3,50.0,0,I,MELB_URBAN,STREET,4,20.0
19771,4,5,173,1,2,100.0,0,I,RURAL_VICTORIA,FREEWAY,6,16.0
19772,2,4,100,1,3,60.0,0,I,MELB_URBAN,STREET,6,17.0
19773,4,5,171,2,2,60.0,0,I,MELB_URBAN,ROAD,6,16.0
19774,1,5,121,1,1,80.0,0,I,MELB_URBAN,ROAD,6,14.0
19775,2,5,102,1,6,60.0,0,I,MELB_URBAN,ROAD,6,19.0
19776,1,7,160,2,5,70.0,0,I,MELB_URBAN,DRIVE,6,2.0
19777,1,5,121,1,3,80.0,0,I,MELB_URBAN,ROAD,6,18.0
19778,1,5,113,2,3,50.0,0,I,SMALL_CITIES,STREET,6,18.0
19779,5,5,99,5,5,100.0,0,N,RURAL_VICTORIA,HIGHWAY,6,18.0
19780,1,5,130,1,1,60.0,0,I,LARGE_PROVINCIAL_CITIES,STREET,6,16.0
19781,1,5,110,1,3,40.0,0,I,MELB_URBAN,STREET,6,18.0
19782,2,5,100,1,3,50.0,0,I,MELB_URBAN,STREET,6,18.0
19783,1,5,120,5,3,50.0,0,N,MELB_URBAN,DRIVE,6,6.0
19784,1,5,160,5,3,70.0,0,N,LARGE_PROVINCIAL_CITIES,STREET,6,22.0
19785,1,5,130,1,3,60.0,0,I,MELB_URBAN,ROAD,6,23.0
19786,1,3,99,2,3,40.0,0,I,MELB_URBAN,AVENUE,6,17.0
19787,4,5,173,5,9,110.0,0,N,RURAL_VICTORIA,FREEWAY,6,0.0
19788,4,6,173,2,3,40.0,0,I,MELBOURNE_CBD,STREET,6,6.0
19789,8,6,99,2,3,40.0,0,N,MELB_URBAN,ROAD,6,0.0
19790,2,6,100,2,3,60.0,0,I,MELB_URBAN,STREET,6,6.0
19791,1,6,121,1,3,60.0,0,I,MELB_URBAN,STREET,6,23.0
19792,8,1,184,3,1,100.0,0,I,RURAL_VICTORIA,ROAD,5,10.0
19793,4,5,181,5,1,70.0,0,N,MELB_URBAN,ROAD,6,15.0
19794,1,6,113,2,1,60.0,0,I,MELB_URBAN,AVENUE,6,8.0
19795,1,6,99,5,2,80.0,0,N,RURAL_VICTORIA,ROAD,6,8.0
19796,1,1,163,5,9,60.0,0,N,MELB_URBAN,STREET,5,9.0
19797,1,5,130,2,1,60.0,0,N,MELB_URBAN,STREET,6,10.0
19798,8,2,174,5,9,60.0,0,N,MELB_URBAN,AVENUE,6,14.0
19799,1,6,121,2,1,50.0,0,N,MELB_URBAN,OTHER,6,9.0
19800,4,2,181,5,1,50.0,0,N,MELB_URBAN,ROAD,4,9.0
19801,1,6,130,5,3,100.0,0,N,MELB_URBAN,ROAD,6,6.0