,accident_type,day_of_week,dca_code,road_geometry,light_condition,speed_zone,severity,node_type,deg_urban_name,road_type,month,hour
19802,1,6,116,1,1,50.0,0,I,MELB_URBAN,STREET,6,8.0
19803,1,5,130,5,3,60.0,0,N,RURAL_VICTORIA,ROAD,5,18.0
19804,1,6,130,5,1,60.0,0,N,MELB_URBAN,OTHER,6,14.0
19805,1,4,130,5,3,80.0,0,N,MELB_URBAN,ROAD,6,17.0
19806,8,7,174,2,1,60.0,0,I,RURAL_VICTORIA,OTHER,6,9.0
19807,1,6,130,5,1,80.0,0,N,MELB_URBAN,ROAD,6,14.0
19808,4,6,183,2,1,60.0,0,I,MELB_URBAN,ROAD,6,11.0
19809,1,6,110,1,1,50.0,0,I,LARGE_PROVINCIAL_CITIES,STREET,6,14.0
19810,6,7,174,5,1,80.0,0,N,MELB_URBAN,UNKNOWN,6,13.0
19811,1,6,134,1,1,60.0,0,I,MELB_URBAN,ROAD,6,15.0
19812,1,4,99,2,1,50.0,0,I,MELB_URBAN,ROAD,2,7.0
19813,1,6,147,2,2,50.0,0,I,MELB_URBAN,ROAD,6,16.0
19814,1,6,110,1,1,80.0,0,I,MELB_URBAN,HIGHWAY,6,15.0
19815,1,6,121,1,1,80.0,0,I,MELB_URBAN,HIGHWAY,6,16.0
19816,2,6,99,2,1,60.0,0,I,MELB_URBAN,AVENUE,6,15.0
19817,1,6,130,5,1,60.0,0,N,MELB_URBAN,ROAD,6,17.0
19818,1,6,111,1,2,60.0,0,I,MELB_URBAN,HIGHWAY,6,16.0
19819,1,6,113,1,3,60.0,0,I,TOWNS,STREET,6,18.0
19820,1,6,121,1,3,60.0,0,I,SMALL_CITIES,HIGHWAY,6,19.0
19821,1,6,130,1,1,60.0,0,I,LARGE_PROVINCIAL_CITIES,ROAD,6,15.0
19822,8,6,174,5,1,60.0,0,N,MELB_URBAN,ROAD,5,13.0
19823,4,4,173,5,5,100.0,0,N,RURAL_VICTORIA,HIGHWAY,2,22.0
19824,1,6,110,1,3,60.0,0,I,MELB_URBAN,ROAD,6,19.0
19825,1,6,121,1,3,60.0,0,I,MELB_URBAN,STREET,6,18.0
19826,6,6,184,5,5,100.0,0,N,RURAL_VICTORIA,ROAD,4,1.0
19827,4,6,183,5,5,80.0,0,N,RURAL_VICTORIA,ROAD,6,23.0
19828,1,7,140,1,3,80.0,0,I,MELB_URBAN,HIGHWAY,6,0.0
19829,4,2,99,5,9,50.0,0,N,MELB_URBAN,STREET,4,10.0
19830,1,5,110,1,6,60.0,0,I,MELB_URBAN,OTHER,6,5.0
19831,1,5,130,5,1,60.0,0,N,MELB_URBAN,ROAD,5,8.0
19832,1,7,99,1,1,100.0,0,I,RURAL_VICTORIA,FREEWAY,6,11.0
19833,4,7,171,5,1,60.0,0,N,MELB_URBAN,ROAD,6,11.0
19834,1,7,113,2,1,80.0,0,I,MELB_URBAN,ROAD,6,11.0
19835,8,6,99,1,1,60.0,0,I,MELB_URBAN,ROAD,9,11.0
19836,8,5,99,5,1,100.0,0,N,RURAL_VICTORIA,ROAD,6,11.0
19837,1,2,111,2,1,60.0,0,I,MELB_URBAN,STREET,5,16.0
19838,1,7,113,2,1,60.0,0,I,TOWNS,STREET,6,13.0
19839,1,6,121,5,1,60.0,0,N,MELB_URBAN,STREET,6,15.0
19840,1,5,140,5,3,60.0,0,N,MELB_URBAN,STREET,6,19.0
19841,1,6,130,5,1,80.0,0,N,MELB_URBAN,FREEWAY,3,14.0
19842,2,4,99,5,9,50.0,0,N,TOWNS,STREET,6,13.0
19843,1,5,130,1,1,60.0,0,I,MELB_URBAN,STREET,6,15.0
19844,1,7,130,2,3,50.0,0,N,MELB_URBAN,STREET,6,19.0
19845,1,7,160,2,3,60.0,0,I,MELB_URBAN,ROAD,6,18.0
19846,6,7,184,5,2,100.0,0,N,RURAL_VICTORIA,ROAD,6,16.0
19847,4,7,99,1,1,60.0,0,I,MELB_URBAN,AVENUE,6,16.0
19848,1,7,113,2,3,80.0,0,I,MELB_URBAN,ROAD,6,21.0
19849,1,7,121,1,3,50.0,0,I,MELB_URBAN,STREET,6,21.0
19850,4,7,171,1,3,60.0,0,I,MELB_URBAN,ROAD,6,19.0
19851,4,7,171,5,3,70.0,0,N,MELB_URBAN,ROAD,6,23.0
19852,4,7,173,1,3,80.0,0,I,MELB_URBAN,ROAD,6,23.0
19853,2,5,99,5,1,50.0,0,N,MELB_URBAN,STREET,4,15.0
19854,4,1,173,1,5,50.0,0,I,TOWNS,STREET,6,1.0
19855,4,7,171,1,3,60.0,0,I,MELB_URBAN,ROAD,6,23.0
19856,1,1,110,1,3,60.0,0,I,SMALL_CITIES,STREET,6,1.0
19857,2,1,99,5,5,100.0,0,N,MELB_URBAN,FREEWAY,6,2.0
19858,1,3,135,5,2,60.0,0,N,MELB_URBAN,ROAD,6,6.0
19859,6,7,174,5,1,60.0,0,N,RURAL_VICTORIA,OTHER,6,15.0
19860,1,1,121,2,1,50.0,0,I,SMALL_CITIES,ROAD,6,8.0
19861,1,6,132,2,1,60.0,0,I,SMALL_CITIES,STREET,6,17.0
19862,1,1,134,2,1,60.0,0,I,MELB_URBAN,PARADE,6,11.0
19863,1,1,110,1,1,60.0,0,I,MELB_URBAN,STREET,6,10.0
19864,4,1,181,5,1,80.0,0,N,RURAL_VICTORIA,ROAD,6,12.0
19865,1,1,110,1,1,60.0,0,I,TOWNS,STREET,6,9.0
19866,1,3,99,5,2,40.0,0,N,MELBOURNE_CBD,STREET,6,8.0
19867,1,1,130,5,1,60.0,0,N,MELB_URBAN,ROAD,6,12.0
19868,1,1,110,1,1,110.0,0,I,RURAL_VICTORIA,FREEWAY,6,13.0
19869,1,1,99,1,1,70.0,0,I,MELB_URBAN,ROAD,6,11.0
19870,4,1,173,1,1,100.0,0,I,RURAL_VICTORIA,ROAD,6,10.0
19871,1,1,121,2,1,60.0,0,I,MELB_URBAN,ROAD,6,10.0
19872,1,1,140,5,1,80.0,0,N,MELB_URBAN,DRIVE,6,10.0
19873,1,1,130,2,1,60.0,0,I,LARGE_PROVINCIAL_CITIES,ROAD,6,14.0
19874,1,1,160,5,3,50.0,0,N,MELB_URBAN,PARADE,6,18.0
19875,1,1,120,5,3,60.0,0,N,LARGE_PROVINCIAL_CITIES,ROAD,6,18.0
19876,4,1,181,5,5,60.0,0,N,RURAL_VICTORIA,ROAD,6,21.0
19877,1,5,130,5,3,100.0,0,N,MELB_URBAN,FREEWAY,6,18.0
19878,4,2,173,2,3,60.0,0,I,MELB_URBAN,ROAD,6,2.0
19879,1,2,160,5,5,100.0,0,N,MELB_URBAN,FREEWAY,6,4.0
19880,4,1,183,5,5,100.0,0,N,RURAL_VICTORIA,OTHER,6,22.0
19881,1,2,99,5,3,50.0,0,N,MELB_URBAN,UNKNOWN,6,6.0
19882,1,2,130,5,1,60.0,0,N,MELB_URBAN,STREET,6,7.0
19883,2,2,99,5,1,40.0,0,N,MELB_URBAN,DRIVE,6,8.0
19884,4,5,171,2,1,70.0,0,I,MELB_URBAN,ROAD,3,14.0
19885,1,2,113,2,1,60.0,0,I,MELB_URBAN,STREET,6,9.0
19886,6,2,170,5,1,100.0,0,N,RURAL_VICTORIA,ROAD,6,9.0
19887,4,1,171,5,2,60.0,0,N,MELB_URBAN,ROAD,6,16.0
19888,1,7,130,1,1,70.0,0,I,MELB_URBAN,HIGHWAY,9,13.0
19889,1,2,121,2,1,50.0,0,I,TOWNS,STREET,6,11.0
19890,4,5,183,5,1,100.0,0,N,RURAL_VICTORIA,ROAD,6,13.0
19891,1,2,121,2,1,70.0,0,I,MELB_URBAN,HIGHWAY,6,8.0
19892,1,2,99,2,3,60.0,0,I,MELB_URBAN,ROAD,5,20.0
19893,1,2,113,2,1,80.0,0,N,MELB_URBAN,ROAD,6,9.0
19894,1,2,120,2,2,50.0,0,I,MELB_URBAN,OTHER,6,7.0
19895,1,4,163,5,1,40.0,0,N,MELB_URBAN,STREET,5,9.0
19896,1,1,99,2,9,60.0,0,I,MELB_URBAN,ROAD,3,10.0
19897,8,1,99,5,1,100.0,0,N,RURAL_VICTORIA,HIGHWAY,6,11.0
19898,1,5,147,5,3,50.0,0,N,MELB_URBAN,STREET,6,22.0
19899,2,2,100,2,1,60.0,0,I,MELB_URBAN,ROAD,6,11.0
19900,1,2,147,5,1,50.0,0,N,MELB_URBAN,DRIVE,6,8.0
19901,1,2,130,5,1,60.0,0,N,MELB_URBAN,STREET,6,11.0
19902,8,7,174,5,1,100.0,0,N,RURAL_VICTORIA,HIGHWAY,6,13.0
19903,1,1,121,2,2,80.0,0,N,MELB_URBAN,HIGHWAY,6,7.0
19904,1,2,110,1,1,100.0,0,I,SMALL_CITIES,ROAD,6,10.0
19905,4,1,173,5,1,100.0,0,N,MELB_URBAN,FREEWAY,6,11.0
19906,1,2,121,4,1,50.0,0,I,SMALL_CITIES,STREET,6,13.0
19907,1,2,130,1,1,70.0,0,I,RURAL_VICTORIA,HIGHWAY,6,13.0
19908,1,7,163,1,3,40.0,0,I,MELB_URBAN,STREET,5,19.0
19909,1,2,116,1,1,60.0,0,I,LARGE_PROVINCIAL_CITIES,ROAD,6,15.0
19910,2,2,100,2,1,50.0,0,I,MELB_URBAN,ROAD,6,15.0
19911,1,2,99,5,1,60.0,0,N,MELB_URBAN,ROAD,6,14.0
19912,1,7,130,4,1,70.0,0,N,MELB_URBAN,ROAD,6,14.0
19913,1,2,130,2,2,100.0,0,I,RURAL_VICTORIA,ROAD,6,16.0
19914,4,2,173,2,1,50.0,0,I,MELB_URBAN,AVENUE,6,16.0
19915,2,2,100,5,3,60.0,0,N,MELB_URBAN,STREET,6,17.0
19916,1,2,130,5,5,80.0,0,N,MELB_URBAN,FREEWAY,6,18.0
19917,1,2,121,1,2,60.0,0,I,MELB_URBAN,ROAD,6,16.0
19918,2,2,102,1,3,80.0,0,I,MELB_URBAN,HIGHWAY,6,17.0
19919,1,2,132,2,3,60.0,0,I,MELB_URBAN,ROAD,6,17.0
19920,4,2,181,1,1,50.0,0,I,MELB_URBAN,ROAD,6,16.0
19921,4,2,173,2,3,80.0,0,I,LARGE_PROVINCIAL_CITIES,HIGHWAY,6,17.0
19922,1,6,130,1,3,80.0,0,I,MELB_URBAN,ROAD,6,19.0
19923,1,2,113,2,1,40.0,0,I,MELB_URBAN,ROAD,6,15.0
19924,1,2,130,2,6,60.0,0,I,MELB_URBAN,ROAD,6,18.0
19925,2,2,102,1,3,50.0,0,I,LARGE_PROVINCIAL_CITIES,ROAD,6,18.0
19926,1,2,120,5,1,100.0,1,N,RURAL_VICTORIA,HIGHWAY,6,15.0
19927,1,2,110,1,3,50.0,0,I,MELB_URBAN,STREET,6,18.0
19928,1,2,113,2,3,80.0,0,I,MELB_URBAN,ROAD,6,18.0
19929,1,2,134,5,9,80.0,0,N,MELB_URBAN,ROAD,6,18.0
19930,1,7,130,5,1,60.0,0,N,MELB_URBAN,ROAD,6,12.0
19931,1,2,120,5,3,60.0,0,N,MELB_URBAN,ROAD,6,17.0
19932,1,1,130,5,5,70.0,0,N,RURAL_VICTORIA,HIGHWAY,6,19.0
19933,1,2,111,2,3,60.0,0,I,MELB_URBAN,DRIVE,6,20.0
19934,1,1,121,1,3,50.0,0,I,SMALL_CITIES,PARADE,3,0.0
19935,5,3,99,5,5,50.0,0,N,LARGE_PROVINCIAL_CITIES,OTHER,6,5.0
19936,2,1,102,1,1,50.0,0,I,MELB_URBAN,STREET,5,16.0
19937,6,3,174,5,1,60.0,0,N,SMALL_CITIES,STREET,6,8.0
19938,1,3,121,2,1,50.0,0,I,MELB_URBAN,STREET,6,9.0
19939,1,4,110,1,3,60.0,0,I,MELB_URBAN,STREET,6,20.0
19940,1,2,110,1,2,50.0,0,I,MELB_URBAN,DRIVE,6,6.0
19941,1,2,163,2,1,60.0,0,I,MELB_URBAN,STREET,2,18.0
19942,1,3,132,5,1,60.0,0,N,MELB_URBAN,ROAD,6,11.0
19943,1,1,130,1,1,60.0,0,I,MELB_URBAN,ROAD,8,12.0
19944,1,3,113,2,1,60.0,0,I,MELB_URBAN,ROAD,12,17.0
19945,2,3,100,2,1,60.0,0,N,MELB_URBAN,HIGHWAY,6,11.0
19946,6,7,184,5,1,60.0,0,N,RURAL_VICTORIA,OTHER,6,12.0
19947,7,3,174,5,1,60.0,0,N,MELB_URBAN,STREET,6,9.0
19948,8,1,174,2,1,60.0,0,N,RURAL_VICTORIA,ROAD,6,12.0
19949,1,1,121,2,2,50.0,0,I,MELB_URBAN,STREET,5,17.0
19950,6,7,170,2,1,70.0,0,N,RURAL_VICTORIA,DRIVE,4,14.0
19951,2,3,102,1,1,40.0,0,I,MELBOURNE_CBD,STREET,6,13.0
19952,1,3,130,2,1,60.0,0,N,MELB_URBAN,DRIVE,6,14.0
19953,1,6,160,5,1,70.0,0,N,MELB_URBAN,OTHER,4,16.0
19954,1,3,130,1,1,60.0,0,I,LARGE_PROVINCIAL_CITIES,STREET,4,17.0
19955,1,6,111,2,1,80.0,0,I,RURAL_VICTORIA,ROAD,6,10.0
19956,1,3,121,2,1,40.0,0,I,MELB_URBAN,ROAD,6,15.0
19957,1,5,99,2,1,100.0,0,I,RURAL_VICTORIA,HIGHWAY,3,17.0
19958,2,3,99,2,1,60.0,0,I,MELB_URBAN,PARADE,6,15.0
19959,1,3,120,5,2,100.0,0,N,RURAL_VICTORIA,ROAD,6,16.0
19960,1,1,133,2,3,100.0,0,I,MELB_URBAN,HIGHWAY,4,21.0
19961,1,3,147,2,1,100.0,0,N,RURAL_VICTORIA,ROAD,6,16.0
19962,1,7,130,5,3,60.0,0,N,MELB_URBAN,STREET,2,20.0
19963,1,3,132,5,3,60.0,0,N,MELB_URBAN,ROAD,6,17.0
19964,1,3,140,5,1,60.0,0,N,MELB_URBAN,STREET,6,12.0
19965,1,3,160,5,2,50.0,0,N,MELB_URBAN,STREET,6,16.0
19966,1,3,113,2,3,60.0,0,I,MELB_URBAN,ROAD,6,17.0
19967,1,3,121,2,1,60.0,0,I,MELB_URBAN,ROAD,6,16.0
19968,1,3,121,1,3,60.0,0,I,MELB_URBAN,STREET,6,17.0
19969,1,3,99,5,1,60.0,0,N,MELB_URBAN,ROAD,6,16.0
19970,1,3,130,1,1,60.0,0,I,MELB_URBAN,OTHER,6,15.0
19971,1,3,133,5,3,100.0,0,N,MELB_URBAN,FREEWAY,6,18.0
19972,4,3,173,5,3,60.0,0,N,MELB_URBAN,ROAD,6,17.0
19973,2,3,99,5,5,80.0,0,N,LARGE_PROVINCIAL_CITIES,HIGHWAY,6,18.0
19974,1,3,110,1,1,70.0,0,I,MELB_URBAN,ROAD,6,14.0
19975,4,3,173,5,1,100.0,1,N,RURAL_VICTORIA,ROAD,6,16.0
19976,6,1,174,2,1,60.0,0,I,MELB_URBAN,ROAD,6,15.0
19977,1,3,140,2,3,60.0,0,I,MELB_URBAN,PARADE,6,19.0
19978,1,3,130,2,1,60.0,0,I,MELB_URBAN,ROAD,6,16.0
19979,2,3,100,1,3,60.0,0,I,MELB_URBAN,ROAD,6,22.0
19980,1,3,140,5,3,60.0,0,N,MELB_URBAN,ROAD,6,21.0
19981,8,3,174,4,3,60.0,0,I,MELB_URBAN,STREET,6,22.0
19982,2,4,99,5,3,80.0,0,N,MELB_URBAN,ROAD,6,0.0
19983,1,4,130,5,6,60.0,0,N,MELB_URBAN,ROAD,6,1.0
19984,4,4,183,5,3,50.0,0,N,MELB_URBAN,ROAD,6,0.0
19985,1,4,99,5,3,50.0,0,N,MELB_URBAN,PARADE,6,1.0
19986,8,4,174,1,3,80.0,0,I,MELB_URBAN,ROAD,6,0.0
19987,4,4,173,1,3,60.0,0,I,MELB_URBAN,OTHER,6,0.0
19988,1,4,113,2,3,60.0,0,N,TOWNS,HIGHWAY,6,6.0
19989,1,4,121,1,1,60.0,0,I,MELB_URBAN,ROAD,6,7.0
19990,1,7,130,2,2,60.0,0,I,MELB_URBAN,ROAD,6,17.0
19991,1,4,120,2,1,50.0,0,I,SMALL_CITIES,STREET,6,8.0
19992,1,4,110,1,1,50.0,0,I,MELB_URBAN,STREET,6,8.0
19993,1,4,130,5,2,80.0,0,N,MELB_URBAN,FREEWAY,6,7.0
19994,1,5,121,2,1,60.0,0,I,MELB_URBAN,STREET,6,10.0
19995,1,6,130,2,1,60.0,0,I,MELB_URBAN,ROAD,5,13.0
19996,1,4,110,1,1,60.0,0,I,LARGE_PROVINCIAL_CITIES,STREET,6,9.0
19997,1,4,130,1,1,70.0,0,I,MELB_URBAN,ROAD,6,10.0
19998,2,5,99,5,1,60.0,0,N,SMALL_TOWNS,STREET,6,12.0
19999,1,4,130,2,1,60.0,0,I,MELB_URBAN,ROAD,6,12.0
20000,1,4,110,1,1,80.0,0,I,MELB_URBAN,ROAD,6,11.0
20001,1,4,99,1,2,60.0,0,I,MELB_URBAN,ROAD,6,6.0
20002,6,7,174,2,9,60.0,0,I,RURAL_VICTORIA,HIGHWAY,3,0.0
20003,1,4,135,2,2,60.0,0,I,MELB_URBAN,STREET,6,7.0
20004,8,3,99,5,1,100.0,0,N,RURAL_VICTORIA,ROAD,4,15.0
20005,1,4,135,5,1,60.0,0,N,MELB_URBAN,ROAD,6,12.0
20006,1,4,130,5,1,80.0,0,N,MELB_URBAN,ROAD,6,12.0
20007,1,4,132,5,1,60.0,0,N,MELB_URBAN,HIGHWAY,6,13.0
20008,1,3,99,5,2,50.0,0,N,MELB_URBAN,AVENUE,6,16.0
20009,5,4,99,5,1,100.0,0,N,RURAL_VICTORIA,ROAD,6,13.0
20010,4,2,171,5,5,60.0,0,N,RURAL_VICTORIA,ROAD,6,18.0
20011,1,4,121,2,1,100.0,0,I,RURAL_VICTORIA,ROAD,6,11.0
20012,4,4,183,5,1,60.0,0,I,MELB_URBAN,ROAD,6,12.0
20013,1,3,99,1,1,50.0,0,I,MELB_URBAN,ROAD,6,13.0
20014,1,3,121,2,3,80.0,0,N,MELB_URBAN,ROAD,6,19.0
20015,1,4,130,1,1,60.0,0,I,MELB_URBAN,STREET,6,13.0
20016,1,4,130,5,1,100.0,0,N,MELB_URBAN,FREEWAY,6,9.0
20017,1,2,110,1,1,100.0,0,I,RURAL_VICTORIA,HIGHWAY,4,15.0
20018,4,4,171,1,1,40.0,0,I,SMALL_CITIES,STREET,6,15.0
20019,1,4,130,5,2,70.0,0,N,LARGE_PROVINCIAL_CITIES,OTHER,6,8.0
20020,1,4,121,2,1,100.0,0,I,TOWNS,HIGHWAY,6,15.0
20021,1,4,113,2,1,80.0,0,I,MELB_URBAN,ROAD,6,13.0
20022,1,4,160,5,1,60.0,0,N,LARGE_PROVINCIAL_CITIES,STREET,6,15.0
20023,1,4,130,5,2,60.0,0,N,MELB_URBAN,FREEWAY,6,16.0
20024,1,4,132,2,1,100.0,0,N,MELB_URBAN,HIGHWAY,6,8.0
20025,1,4,121,2,3,70.0,0,I,MELB_URBAN,ROAD,6,17.0
20026,4,4,181,5,2,100.0,0,N,RURAL_VICTORIA,ROAD,6,17.0
20027,2,4,102,1,3,60.0,0,I,MELB_URBAN,STREET,6,18.0
20028,1,2,135,2,1,80.0,0,I,MELB_URBAN,ROAD,5,15.0
20029,1,4,110,1,5,100.0,0,I,RURAL_VICTORIA,ROAD,6,18.0
20030,1,4,99,2,3,60.0,0,I,MELB_URBAN,STREET,6,17.0
20031,1,4,121,1,3,60.0,0,I,MELB_URBAN,ROAD,6,18.0
20032,1,4,130,1,3,60.0,0,I,MELB_URBAN,ROAD,6,22.0
20033,4,4,171,5,5,80.0,1,N,RURAL_VICTORIA,ROAD,6,21.0
20034,1,4,160,5,3,60.0,0,N,MELB_URBAN,ROAD,6,22.0
20035,1,2,110,1,1,50.0,0,I,TOWNS,STREET,6,9.0
20036,4,4,173,2,3,60.0,0,I,MELB_URBAN,ROAD,6,0.0
20037,2,5,100,1,2,40.0,0,I,MELBOURNE_CBD,STREET,6,6.0
20038,1,5,121,2,3,80.0,0,I,RURAL_VICTORIA,ROAD,6,5.0
20039,1,4,121,2,1,60.0,0,N,MELB_URBAN,ROAD,6,13.0
20040,1,5,121,1,9,60.0,0,I,MELB_URBAN,ROAD,4,0.0
20041,2,4,100,4,1,60.0,0,I,MELB_URBAN,ROAD,6,7.0
20042,1,5,110,1,1,60.0,0,I,MELB_URBAN,ROAD,6,7.0
20043,5,7,99,1,1,60.0,0,I,RURAL_VICTORIA,STREET,6,7.0
20044,6,4,174,1,2,70.0,0,I,MELB_URBAN,ROAD,6,8.0
20045,1,5,147,5,1,50.0,0,N,LARGE_PROVINCIAL_CITIES,STREET,6,10.0
20046,1,5,110,1,1,60.0,0,I,MELB_URBAN,ROAD,6,9.0
20047,1,5,110,1,1,50.0,0,I,LARGE_PROVINCIAL_CITIES,STREET,6,9.0
20048,4,5,181,5,2,80.0,0,N,RURAL_VICTORIA,ROAD,6,8.0
20049,8,7,174,2,1,60.0,0,N,LARGE_PROVINCIAL_CITIES,STREET,6,18.0
20050,1,5,121,1,1,60.0,0,I,MELB_URBAN,ROAD,6,11.0
20051,6,5,174,5,1,80.0,0,I,RURAL_VICTORIA,RAMP,6,11.0
20052,4,2,171,5,3,70.0,0,N,MELB_URBAN,ROAD,6,18.0
20053,6,5,170,2,1,100.0,0,N,RURAL_VICTORIA,HIGHWAY,6,11.0
20054,1,7,130,2,9,60.0,0,I,MELB_URBAN,STREET,5,18.0
20055,6,5,184,5,1,60.0,0,N,MELB_URBAN,FREEWAY,6,13.0
20056,1,5,99,1,1,40.0,0,I,MELB_URBAN,STREET,6,13.0
20057,1,5,130,5,1,80.0,0,N,MELB_URBAN,ROAD,6,13.0
20058,8,1,174,5,1,60.0,0,N,RURAL_VICTORIA,ROAD,6,12.0
20059,1,4,116,2,1,80.0,0,N,RURAL_VICTORIA,HIGHWAY,4,10.0
20060,1,4,121,4,3,60.0,0,I,MELB_URBAN,STREET,4,18.0
20061,2,5,99,2,1,40.0,0,I,MELB_URBAN,ROAD,6,13.0
20062,2,5,100,1,1,50.0,0,I,MELB_URBAN,ROAD,6,15.0
20063,1,4,130,4,1,70.0,0,I,MELB_URBAN,RAMP,6,14.0
20064,1,5,147,5,1,50.0,0,N,MELB_URBAN,AVENUE,6,14.0
20065,1,5,121,1,1,60.0,0,I,MELB_URBAN,ROAD,6,16.0
20066,4,5,171,1,9,40.0,0,I,MELBOURNE_CBD,STREET,6,17.0
20067,1,4,99,1,1,50.0,0,I,TOWNS,AVENUE,6,15.0
20068,1,6,130,2,3,60.0,0,I,MELB_URBAN,STREET,1,5.0
20069,6,1,174,2,2,50.0,0,I,SMALL_CITIES,STREET,5,17.0
20070,1,3,110,4,2,60.0,0,I,MELB_URBAN,STREET,7,18.0
20071,1,4,147,5,2,60.0,0,N,MELB_URBAN,STREET,5,17.0
20072,1,5,121,2,1,80.0,0,I,MELB_URBAN,ROAD,6,15.0
20073,4,7,171,5,1,100.0,0,N,RURAL_VICTORIA,ROAD,6,16.0
20074,4,6,181,5,6,60.0,0,N,RURAL_VICTORIA,ROAD,6,17.0
20075,1,5,130,2,3,80.0,0,I,MELB_URBAN,HIGHWAY,6,18.0
20076,1,5,121,2,3,40.0,0,I,MELB_URBAN,STREET,6,18.0
20077,2,5,99,5,5,60.0,0,N,TOWNS,ROAD,6,19.0
20078,1,3,130,5,1,60.0,0,N,MELB_URBAN,ROAD,3,10.0
20079,1,5,99,1,3,40.0,0,I,MELBOURNE_CBD,STREET,6,21.0
20080,2,6,100,2,3,60.0,0,I,MELB_URBAN,ROAD,6,21.0
20081,6,5,170,5,5,80.0,0,N,MELB_URBAN,ROAD,6,22.0
20082,1,5,99,2,3,60.0,0,I,MELB_URBAN,AVENUE,6,18.0
20083,1,5,160,5,3,50.0,0,N,MELB_URBAN,STREET,6,1.0
20084,1,5,121,5,2,60.0,0,N,MELB_URBAN,ROAD,6,8.0
20085,1,6,121,1,3,50.0,0,I,MELB_URBAN,STREET,6,0.0
20086,4,5,171,2,2,100.0,0,I,RURAL_VICTORIA,ROAD,6,7.0
20087,1,5,160,5,3,50.0,0,N,MELB_URBAN,OTHER,6,21.0
20088,2,6,102,1,4,60.0,0,I,RURAL_VICTORIA,ROAD,6,6.0
20089,1,6,110,1,1,60.0,0,I,LARGE_PROVINCIAL_CITIES,STREET,6,7.0
20090,1,6,130,5,3,80.0,0,N,MELB_URBAN,ROAD,6,6.0
20091,1,6,116,2,2,100.0,0,I,RURAL_VICTORIA,FREEWAY,6,6.0
20092,1,5,130,4,1,60.0,0,N,SMALL_CITIES,STREET,6,8.0
20093,1,6,121,5,2,100.0,0,N,RURAL_VICTORIA,ROAD,6,8.0
20094,1,6,99,5,1,50.0,0,N,MELB_URBAN,PARADE,6,8.0
20095,1,6,130,1,1,50.0,0,I,MELB_URBAN,STREET,6,9.0
20096,6,6,170,5,2,60.0,0,N,LARGE_PROVINCIAL_CITIES,ROAD,6,7.0
20097,2,6,99,2,1,40.0,0,I,LARGE_PROVINCIAL_CITIES,OTHER,6,9.0
20098,1,1,133,2,3,70.0,0,I,RURAL_VICTORIA,ROAD,6,17.0
20099,7,3,99,1,1,60.0,0,I,MELB_URBAN,AVENUE,12,17.0
20100,1,3,130,1,1,70.0,0,I,MELB_URBAN,ROAD,11,14.0
20101,1,6,120,5,5,60.0,0,N,LARGE_PROVINCIAL_CITIES,ROAD,6,7.0
20102,4,1,173,2,1,60.0,0,I,MELB_URBAN,ROAD,12,16.0
20103,2,6,100,1,1,60.0,0,I,MELB_URBAN,STREET,6,10.0
20104,1,6,116,2,2,60.0,0,I,MELB_URBAN,ROAD,6,7.0
20105,2,6,102,2,1,60.0,0,I,MELB_URBAN,PARADE,6,11.0
20106,8,6,99,5,1,100.0,0,N,RURAL_VICTORIA,ROAD,6,12.0
20107,1,1,113,2,1,80.0,0,I,MELB_URBAN,HIGHWAY,5,10.0
20108,7,6,99,2,1,70.0,0,I,MELB_URBAN,ROAD,6,10.0
20109,6,6,174,5,6,60.0,0,N,MELB_URBAN,STREET,5,19.0
20110,1,6,135,5,1,50.0,0,N,LARGE_PROVINCIAL_CITIES,AVENUE,6,12.0
20111,2,6,100,2,1,50.0,0,I,MELB_URBAN,ROAD,6,14.0
20112,1,6,130,5,3,80.0,0,N,MELB_URBAN,HIGHWAY,6,19.0
20113,1,6,110,1,1,70.0,0,I,SMALL_CITIES,PARADE,6,13.0
20114,1,5,140,5,1,60.0,0,N,MELB_URBAN,STREET,5,15.0
20115,1,6,130,2,1,60.0,0,I,LARGE_PROVINCIAL_CITIES,ROAD,6,12.0
20116,1,6,121,2,2,50.0,0,I,MELB_URBAN,ROAD,12,18.0
20117,2,6,100,2,1,60.0,0,I,MELB_URBAN,HIGHWAY,6,15.0
20118,1,6,99,5,1,50.0,0,N,MELB_URBAN,STREET,6,15.0
20119,1,6,130,5,1,100.0,0,N,MELB_URBAN,ROAD,6,14.0
20120,2,6,102,2,1,60.0,0,I,MELB_URBAN,ROAD,6,17.0
20121,1,6,160,5,1,50.0,0,N,SMALL_CITIES,AVENUE,6,16.0
20122,8,6,174,1,1,60.0,0,I,LARGE_PROVINCIAL_CITIES,STREET,6,16.0
20123,1,6,132,2,1,70.0,0,I,TOWNS,STREET,6,16.0
20124,2,6,99,5,1,50.0,0,N,MELB_URBAN,STREET,6,15.0
20125,2,6,100,5,3,60.0,0,N,LARGE_PROVINCIAL_CITIES,STREET,6,17.0
20126,1,6,130,1,2,60.0,0,I,LARGE_PROVINCIAL_CITIES,STREET,6,17.0
20127,1,6,110,1,3,50.0,0,I,MELB_URBAN,STREET,6,17.0
20128,2,6,100,1,3,40.0,0,I,MELB_URBAN,ROAD,6,18.0
20129,1,6,130,5,3,80.0,0,N,MELB_URBAN,HIGHWAY,6,18.0
20130,1,7,132,1,3,60.0,0,I,MELB_URBAN,STREET,6,0.0
20131,1,6,110,1,3,50.0,0,I,MELB_URBAN,AVENUE,6,18.0
20132,1,2,130,1,1,60.0,0,I,RURAL_VICTORIA,HIGHWAY,6,10.0