,accident_type,day_of_week,dca_code,road_geometry,light_condition,speed_zone,severity,node_type,deg_urban_name,road_type,month,hour
20133,1,6,120,5,5,80.0,0,N,RURAL_VICTORIA,HIGHWAY,6,17.0
20134,1,6,110,1,3,70.0,0,I,MELB_URBAN,ROAD,6,20.0
20135,1,6,99,2,3,40.0,0,I,MELB_URBAN,STREET,6,19.0
20136,1,6,110,1,3,60.0,0,I,LARGE_PROVINCIAL_CITIES,STREET,6,22.0
20137,4,6,173,5,5,100.0,0,N,RURAL_VICTORIA,DRIVE,6,22.0
20138,4,6,173,5,3,50.0,0,N,MELB_URBAN,ROAD,6,22.0
20139,4,6,171,5,3,100.0,0,N,MELB_URBAN,FREEWAY,6,22.0
20140,4,5,171,5,5,110.0,0,N,RURAL_VICTORIA,FREEWAY,6,2.0
20141,6,6,99,5,5,100.0,0,N,RURAL_VICTORIA,ROAD,6,20.0
20142,4,7,183,5,5,100.0,0,N,RURAL_VICTORIA,ROAD,6,2.0
20143,6,5,174,2,5,100.0,0,N,RURAL_VICTORIA,ROAD,6,18.0
20144,1,3,113,2,1,70.0,0,I,MELB_URBAN,ROAD,6,9.0
20145,1,6,160,5,2,60.0,0,N,LARGE_PROVINCIAL_CITIES,STREET,6,8.0
20146,4,5,99,2,3,60.0,0,I,MELB_URBAN,ROAD,6,21.0
20147,1,5,121,2,1,60.0,0,I,MELB_URBAN,ROAD,5,14.0
20148,2,7,100,1,1,40.0,0,I,MELB_URBAN,STREET,6,9.0
20149,2,7,99,5,1,50.0,0,N,MELB_URBAN,STREET,6,9.0
20150,1,7,130,1,1,60.0,0,I,MELB_URBAN,ROAD,6,9.0
20151,1,6,120,5,2,100.0,0,N,RURAL_VICTORIA,ROAD,6,16.0
20152,4,6,183,5,1,100.0,0,N,RURAL_VICTORIA,HIGHWAY,6,17.0
20153,1,7,132,2,1,60.0,0,I,MELB_URBAN,ROAD,6,10.0
20154,1,7,121,2,1,60.0,0,I,SMALL_CITIES,DRIVE,6,9.0
20155,4,2,181,5,1,60.0,0,N,RURAL_VICTORIA,ROAD,6,12.0
20156,4,5,173,5,3,100.0,0,N,MELB_URBAN,RAMP,6,19.0
20157,6,7,184,5,1,60.0,0,N,RURAL_VICTORIA,ROAD,5,8.0
20158,4,6,173,5,5,100.0,0,N,RURAL_VICTORIA,ROAD,6,22.0
20159,1,7,99,2,1,40.0,0,I,MELB_URBAN,ROAD,6,8.0
20160,1,7,135,5,1,60.0,0,N,MELB_URBAN,ROAD,6,10.0
20161,1,7,130,1,1,100.0,0,N,MELB_URBAN,ROAD,6,12.0
20162,1,7,110,1,1,50.0,0,I,MELB_URBAN,STREET,6,12.0
20163,2,4,100,1,1,60.0,0,I,MELB_URBAN,STREET,6,11.0
20164,1,7,121,1,1,60.0,0,I,SMALL_CITIES,OTHER,6,8.0
20165,1,7,121,2,1,40.0,0,I,MELB_URBAN,STREET,6,12.0
20166,1,7,121,1,1,60.0,0,I,MELB_URBAN,STREET,6,13.0
20167,1,7,121,1,1,80.0,0,I,MELB_URBAN,ROAD,6,13.0
20168,1,7,130,1,1,60.0,0,I,MELB_URBAN,STREET,6,12.0
20169,1,6,130,2,2,60.0,0,I,MELB_URBAN,OTHER,5,18.0
20170,4,6,173,5,1,110.0,0,N,RURAL_VICTORIA,FREEWAY,6,13.0
20171,6,7,184,5,9,60.0,0,N,RURAL_VICTORIA,OTHER,6,12.0
20172,1,7,113,1,2,80.0,0,I,MELB_URBAN,ROAD,6,16.0
20173,1,7,130,2,3,60.0,0,I,MELB_URBAN,ROAD,6,17.0
20174,2,7,100,1,1,60.0,1,I,MELB_URBAN,ROAD,6,15.0
20175,1,7,130,5,3,60.0,0,N,SMALL_CITIES,ROAD,6,17.0
20176,1,7,121,4,3,80.0,0,I,MELB_URBAN,ROAD,6,17.0
20177,1,7,130,1,2,80.0,0,I,MELB_URBAN,HIGHWAY,6,16.0
20178,1,7,121,1,3,80.0,0,I,MELB_URBAN,HIGHWAY,6,18.0
20179,1,7,160,5,3,50.0,0,N,SMALL_CITIES,DRIVE,6,18.0
20180,1,7,121,1,3,80.0,0,I,MELB_URBAN,HIGHWAY,6,18.0
20181,4,7,173,5,1,70.0,0,N,RURAL_VICTORIA,ROAD,6,15.0
20182,1,6,99,1,1,60.0,0,I,MELB_URBAN,ROAD,6,15.0
20183,2,7,102,5,1,40.0,0,N,MELB_URBAN,UNKNOWN,6,14.0
20184,1,7,121,2,3,80.0,0,N,MELB_URBAN,ROAD,6,20.0
20185,1,7,121,2,2,60.0,0,I,MELB_URBAN,ROAD,6,17.0
20186,4,7,173,2,3,50.0,0,I,MELB_URBAN,OTHER,6,5.0
20187,4,7,171,1,3,80.0,0,I,RURAL_VICTORIA,ROAD,6,23.0
20188,2,1,99,2,3,60.0,0,I,MELB_URBAN,ROAD,6,0.0
20189,4,1,173,5,5,80.0,0,N,SMALL_TOWNS,HIGHWAY,6,0.0
20190,2,7,100,5,3,60.0,1,N,MELB_URBAN,STREET,6,23.0
20191,2,7,100,5,3,100.0,0,N,MELB_URBAN,FREEWAY,6,23.0
20192,6,1,170,5,5,100.0,0,N,RURAL_VICTORIA,ROAD,6,3.0
20193,4,7,171,5,2,100.0,0,N,RURAL_VICTORIA,ROAD,6,16.0
20194,6,6,174,5,1,70.0,0,N,MELB_URBAN,ROAD,6,7.0
20195,4,2,171,2,1,100.0,0,I,RURAL_VICTORIA,ROAD,6,15.0
20196,1,7,130,5,1,100.0,0,N,MELB_URBAN,FREEWAY,6,16.0
20197,6,7,184,5,1,60.0,0,N,RURAL_VICTORIA,OTHER,6,13.0
20198,4,1,171,5,1,110.0,0,N,RURAL_VICTORIA,FREEWAY,6,8.0
20199,4,1,171,5,2,110.0,0,N,RURAL_VICTORIA,FREEWAY,6,8.0
20200,2,1,100,1,1,50.0,0,I,MELB_URBAN,STREET,6,9.0
20201,6,7,174,2,1,60.0,0,I,LARGE_PROVINCIAL_CITIES,ROAD,6,13.0
20202,1,1,121,1,1,60.0,0,I,MELB_URBAN,HIGHWAY,6,11.0
20203,1,1,121,1,1,60.0,0,I,MELB_URBAN,ROAD,6,11.0
20204,4,1,171,5,5,100.0,1,N,RURAL_VICTORIA,ROAD,6,2.0
20205,1,1,130,5,1,60.0,0,N,MELB_URBAN,ROAD,6,10.0
20206,1,1,110,1,1,50.0,0,I,LARGE_PROVINCIAL_CITIES,STREET,6,12.0
20207,1,0,110,1,1,50.0,0,I,MELB_URBAN,AVENUE,6,11.0
20208,1,1,121,2,1,60.0,0,N,MELB_URBAN,STREET,6,14.0
20209,1,3,99,2,1,50.0,0,I,MELB_URBAN,ROAD,5,10.0
20210,4,1,173,5,1,70.0,0,N,RURAL_VICTORIA,ROAD,6,8.0
20211,6,1,174,5,1,50.0,0,N,SMALL_CITIES,STREET,6,15.0
20212,2,2,100,5,1,50.0,0,N,MELB_URBAN,STREET,6,13.0
20213,8,1,99,1,1,70.0,0,I,MELB_URBAN,ROAD,6,10.0
20214,1,1,99,2,1,50.0,0,I,TOWNS,STREET,6,17.0
20215,4,1,171,2,5,100.0,0,N,RURAL_VICTORIA,ROAD,6,17.0
20216,1,1,121,2,3,60.0,0,I,MELB_URBAN,ROAD,6,17.0
20217,2,1,100,1,3,60.0,0,I,MELB_URBAN,ROAD,6,19.0
20218,4,3,181,2,5,80.0,0,N,SMALL_CITIES,HIGHWAY,6,20.0
20219,2,5,102,1,3,60.0,0,N,MELB_URBAN,HIGHWAY,6,18.0
20220,4,1,171,5,3,50.0,0,N,MELB_URBAN,OTHER,6,21.0
20221,1,5,113,2,1,100.0,0,N,SMALL_CITIES,STREET,8,12.0
20222,4,7,183,2,3,60.0,0,I,LARGE_PROVINCIAL_CITIES,STREET,6,21.0
20223,6,1,99,5,1,60.0,0,N,RURAL_VICTORIA,ROAD,6,16.0
20224,2,3,100,1,1,50.0,0,I,MELB_URBAN,STREET,6,7.0
20225,2,2,99,2,2,40.0,0,N,LARGE_PROVINCIAL_CITIES,AVENUE,6,8.0
20226,1,2,140,1,1,90.0,0,I,RURAL_VICTORIA,ROAD,6,8.0
20227,4,2,99,5,6,60.0,0,N,MELB_URBAN,ROAD,3,3.0
20228,1,7,130,1,1,60.0,0,I,MELB_URBAN,PARADE,6,16.0
20229,1,2,121,2,1,80.0,0,I,MELB_URBAN,ROAD,6,8.0
20230,1,5,130,1,1,80.0,0,I,LARGE_PROVINCIAL_CITIES,ROAD,5,8.0
20231,4,2,171,5,1,80.0,0,N,RURAL_VICTORIA,FREEWAY,6,9.0
20232,1,2,116,1,1,40.0,0,I,MELB_URBAN,ROAD,6,10.0
20233,6,2,170,5,2,100.0,0,N,RURAL_VICTORIA,ROAD,6,8.0
20234,6,2,174,2,2,60.0,0,I,MELB_URBAN,ROAD,6,7.0
20235,1,1,99,1,1,60.0,0,I,MELB_URBAN,ROAD,6,15.0
20236,1,1,121,2,1,50.0,0,I,MELB_URBAN,BOULEVARD,6,13.0
20237,1,2,110,1,1,100.0,0,I,RURAL_VICTORIA,ROAD,6,9.0
20238,4,6,181,5,3,80.0,0,N,LARGE_PROVINCIAL_CITIES,ROAD,6,5.0
20239,1,2,110,1,1,70.0,0,I,LARGE_PROVINCIAL_CITIES,ROAD,6,11.0
20240,2,2,102,1,1,60.0,0,I,LARGE_PROVINCIAL_CITIES,STREET,6,10.0
20241,1,2,160,5,1,60.0,0,N,MELB_URBAN,HIGHWAY,6,13.0
20242,4,1,183,5,1,100.0,0,N,RURAL_VICTORIA,ROAD,6,11.0
20243,1,2,99,2,1,80.0,0,I,MELB_URBAN,ROAD,6,11.0
20244,1,2,99,5,1,80.0,0,N,MELB_URBAN,ROAD,6,13.0
20245,2,1,99,2,3,50.0,0,I,TOWNS,STREET,6,19.0
20246,1,1,160,1,2,70.0,0,I,MELB_URBAN,STREET,6,16.0
20247,6,2,170,5,1,100.0,0,N,RURAL_VICTORIA,ROAD,6,12.0
20248,1,2,99,2,1,100.0,0,I,RURAL_VICTORIA,HIGHWAY,6,14.0
20249,1,7,130,1,1,80.0,0,N,MELB_URBAN,ROAD,6,8.0
20250,1,2,121,1,5,80.0,0,I,MELB_URBAN,ROAD,6,17.0
20251,1,1,121,2,1,70.0,0,I,MELB_URBAN,ROAD,4,13.0
20252,1,2,99,5,3,60.0,0,N,MELB_URBAN,STREET,6,18.0
20253,1,2,113,1,1,60.0,0,I,MELB_URBAN,BOULEVARD,6,14.0
20254,6,2,174,9,1,50.0,0,I,LARGE_PROVINCIAL_CITIES,STREET,6,12.0
20255,1,6,113,4,1,80.0,0,I,MELB_URBAN,RAMP,6,12.0
20256,4,2,171,2,3,50.0,0,I,SMALL_CITIES,BOULEVARD,6,19.0
20257,4,2,181,5,5,100.0,0,N,RURAL_VICTORIA,ROAD,6,17.0
20258,3,3,167,2,5,100.0,0,I,RURAL_VICTORIA,ROAD,6,0.0
20259,3,3,167,5,5,100.0,0,N,LARGE_PROVINCIAL_CITIES,ROAD,6,6.0
20260,1,3,147,5,2,60.0,0,N,MELB_URBAN,ROAD,6,7.0
20261,1,3,130,5,2,60.0,0,N,MELB_URBAN,ROAD,6,7.0
20262,1,3,99,5,2,60.0,0,N,MELB_URBAN,ROAD,6,7.0
20263,1,1,130,1,1,60.0,0,I,MELB_URBAN,HIGHWAY,6,18.0
20264,4,4,183,5,1,80.0,0,N,RURAL_VICTORIA,ROAD,2,17.0
20265,1,3,113,2,1,80.0,0,I,MELB_URBAN,ROAD,6,7.0
20266,2,3,99,2,1,50.0,0,I,SMALL_CITIES,OTHER,12,11.0
20267,1,2,130,2,1,60.0,0,I,MELB_URBAN,ROAD,6,8.0
20268,5,6,99,5,1,60.0,0,N,RURAL_VICTORIA,ROAD,5,9.0
20269,2,3,100,1,1,50.0,0,I,MELB_URBAN,STREET,6,11.0
20270,1,2,121,2,3,50.0,0,I,MELB_URBAN,ROAD,6,18.0
20271,1,7,110,1,2,50.0,0,I,MELB_URBAN,ROAD,4,17.0
20272,5,3,99,5,1,70.0,0,N,RURAL_VICTORIA,OTHER,6,12.0
20273,1,3,140,1,1,80.0,0,I,MELB_URBAN,STREET,6,11.0
20274,2,5,99,5,3,50.0,0,N,MELB_URBAN,STREET,6,21.0
20275,1,3,113,2,1,50.0,0,I,MELB_URBAN,PARADE,6,9.0
20276,1,5,130,1,1,70.0,0,I,MELB_URBAN,ROAD,6,14.0
20277,4,3,171,2,1,40.0,0,N,TOWNS,ROAD,6,11.0
20278,5,3,99,5,1,100.0,0,N,RURAL_VICTORIA,ROAD,6,12.0
20279,4,3,171,5,1,60.0,0,N,MELB_URBAN,ROAD,6,8.0
20280,1,3,130,1,9,60.0,0,I,SMALL_CITIES,STREET,5,17.0
20281,4,3,181,5,1,60.0,0,N,MELB_URBAN,DRIVE,6,10.0
20282,1,3,130,2,1,70.0,0,I,MELB_URBAN,ROAD,6,15.0
20283,1,1,121,2,3,70.0,0,I,SMALL_CITIES,HIGHWAY,6,18.0
20284,4,6,171,5,5,80.0,0,N,RURAL_VICTORIA,ROAD,6,20.0
20285,4,3,171,5,1,100.0,0,N,RURAL_VICTORIA,ROAD,6,14.0
20286,8,7,174,5,1,60.0,0,N,RURAL_VICTORIA,HIGHWAY,6,14.0
20287,2,3,102,2,1,50.0,0,I,MELB_URBAN,ROAD,6,16.0
20288,1,4,130,1,3,60.0,0,I,MELB_URBAN,STREET,3,4.0
20289,1,3,121,1,2,60.0,0,N,SMALL_CITIES,HIGHWAY,6,17.0
20290,1,2,130,5,1,50.0,0,N,MELB_URBAN,ROAD,6,12.0
20291,1,3,130,5,2,80.0,0,N,MELB_URBAN,FREEWAY,6,17.0
20292,1,3,134,5,3,80.0,0,N,MELB_URBAN,HIGHWAY,6,17.0
20293,1,3,130,5,3,70.0,0,N,MELB_URBAN,ROAD,6,17.0
20294,1,7,130,5,1,60.0,0,N,MELB_URBAN,DRIVE,1,16.0
20295,1,3,163,2,1,50.0,0,I,MELB_URBAN,STREET,6,15.0
20296,2,2,102,5,3,60.0,0,N,MELB_URBAN,ROAD,6,20.0
20297,2,3,100,1,1,60.0,0,I,MELB_URBAN,ROAD,6,16.0
20298,1,3,99,2,1,100.0,0,N,MELB_URBAN,FREEWAY,6,15.0
20299,6,6,174,5,1,60.0,0,N,RURAL_VICTORIA,DRIVE,2,10.0
20300,1,3,135,5,2,50.0,0,N,MELB_URBAN,STREET,6,17.0
20301,1,3,121,2,3,60.0,0,I,SMALL_CITIES,HIGHWAY,6,21.0
20302,8,6,170,1,1,70.0,0,I,MELB_URBAN,ROAD,4,10.0
20303,1,3,140,1,3,40.0,0,I,MELBOURNE_CBD,STREET,6,23.0
20304,1,6,116,2,3,50.0,0,I,MELB_URBAN,AVENUE,5,19.0
20305,8,2,184,5,1,60.0,0,N,RURAL_VICTORIA,ROAD,6,9.0
20306,4,2,173,5,4,80.0,0,N,MELB_URBAN,ROAD,1,20.0
20307,1,4,160,1,1,60.0,0,I,MELB_URBAN,ROAD,6,10.0
20308,2,4,102,2,1,60.0,0,I,MELB_URBAN,STREET,6,9.0
20309,7,5,99,5,1,100.0,0,N,RURAL_VICTORIA,OTHER,6,13.0
20310,8,4,174,2,9,80.0,0,I,MELB_URBAN,ROAD,6,9.0
20311,1,6,130,5,1,60.0,0,N,MELB_URBAN,ROAD,4,15.0
20312,2,4,100,1,1,60.0,0,I,MELB_URBAN,ROAD,6,11.0
20313,4,4,99,2,1,60.0,0,I,MELB_URBAN,OTHER,6,9.0
20314,1,4,130,5,2,60.0,0,N,MELB_URBAN,ROAD,6,16.0
20315,7,5,99,2,1,60.0,0,I,LARGE_PROVINCIAL_CITIES,STREET,5,15.0
20316,1,5,130,1,1,80.0,0,I,MELB_URBAN,ROAD,6,8.0
20317,1,5,130,2,2,60.0,0,I,MELB_URBAN,ROAD,6,16.0
20318,1,6,130,2,1,60.0,0,I,MELB_URBAN,ROAD,6,14.0
20319,6,4,174,1,9,60.0,0,I,MELB_URBAN,ROAD,6,11.0
20320,2,4,102,5,1,60.0,0,N,MELB_URBAN,ROAD,6,13.0
20321,8,7,174,2,1,60.0,0,I,RURAL_VICTORIA,OTHER,6,10.0
20322,1,4,99,5,1,80.0,0,N,MELB_URBAN,HIGHWAY,6,13.0
20323,6,4,99,5,1,60.0,0,N,LARGE_PROVINCIAL_CITIES,STREET,4,12.0
20324,1,6,130,2,3,40.0,0,I,MELB_URBAN,STREET,5,22.0
20325,8,4,174,2,2,100.0,0,I,RURAL_VICTORIA,ROAD,3,18.0
20326,1,4,130,2,1,80.0,0,I,MELB_URBAN,AVENUE,6,16.0
20327,2,4,99,5,1,50.0,0,N,TOWNS,STREET,6,12.0
20328,1,7,116,1,1,60.0,0,I,SMALL_CITIES,RAMP,6,15.0
20329,4,4,181,5,1,60.0,0,N,TOWNS,ROAD,6,15.0
20330,2,4,100,1,2,50.0,0,I,MELB_URBAN,STREET,6,16.0
20331,1,4,130,1,3,40.0,0,I,MELB_URBAN,STREET,6,17.0
20332,1,2,130,1,2,60.0,0,I,MELB_URBAN,STREET,6,17.0
20333,6,4,170,5,1,100.0,0,N,RURAL_VICTORIA,ROAD,6,9.0
20334,2,4,102,5,1,50.0,0,N,MELB_URBAN,HIGHWAY,6,14.0
20335,1,4,121,1,3,50.0,0,I,MELB_URBAN,DRIVE,6,17.0
20336,8,4,174,6,5,60.0,0,N,LARGE_PROVINCIAL_CITIES,ROAD,6,19.0
20337,4,4,173,5,5,100.0,0,N,RURAL_VICTORIA,ROAD,6,20.0
20338,1,4,120,1,3,50.0,0,I,TOWNS,STREET,6,22.0
20339,1,4,111,2,1,80.0,0,I,MELB_URBAN,ROAD,6,12.0
20340,5,1,99,5,1,60.0,0,N,RURAL_VICTORIA,ROAD,6,12.0
20341,2,5,100,1,2,50.0,0,I,MELB_URBAN,ROAD,6,18.0
20342,1,5,130,5,2,100.0,0,N,RURAL_VICTORIA,HIGHWAY,6,6.0
20343,4,3,171,5,1,100.0,0,N,RURAL_VICTORIA,STREET,6,11.0
20344,1,3,113,2,2,60.0,0,I,MELB_URBAN,STREET,6,7.0
20345,1,6,99,1,1,60.0,0,I,MELB_URBAN,STREET,2,17.0
20346,1,5,130,5,1,100.0,0,N,MELB_URBAN,FREEWAY,6,9.0
20347,1,5,130,5,1,50.0,0,N,MELB_URBAN,STREET,6,10.0
20348,1,5,130,1,1,60.0,0,I,MELB_URBAN,ROAD,5,12.0
20349,1,4,99,5,1,40.0,0,N,MELBOURNE_CBD,STREET,6,9.0
20350,4,4,99,5,1,50.0,0,N,MELB_URBAN,ROAD,6,15.0
20351,3,3,167,5,1,100.0,0,N,RURAL_VICTORIA,HIGHWAY,6,12.0
20352,8,4,174,1,1,40.0,0,I,MELB_URBAN,STREET,6,9.0
20353,1,5,160,5,1,40.0,0,N,MELB_URBAN,STREET,6,10.0
20354,2,6,102,1,1,60.0,0,I,MELB_URBAN,STREET,6,15.0
20355,1,5,111,1,1,50.0,0,I,MELB_URBAN,STREET,6,9.0
20356,1,4,134,5,2,60.0,0,N,SMALL_CITIES,STREET,6,16.0
20357,2,4,100,2,2,60.0,0,I,MELB_URBAN,PARADE,6,6.0
20358,1,5,120,5,1,100.0,0,N,RURAL_VICTORIA,ROAD,6,11.0
20359,1,5,130,5,1,60.0,0,N,MELB_URBAN,STREET,6,12.0
20360,1,5,99,2,1,60.0,0,N,MELB_URBAN,ROAD,6,14.0
20361,2,5,102,1,1,40.0,0,I,MELBOURNE_CBD,STREET,6,14.0
20362,2,5,99,5,1,40.0,0,N,MELB_URBAN,ROAD,6,15.0
20363,1,5,130,2,1,70.0,0,I,MELB_URBAN,ROAD,6,14.0
20364,1,3,134,5,2,80.0,0,N,MELB_URBAN,RAMP,6,8.0
20365,1,4,130,5,1,100.0,0,N,MELB_URBAN,FREEWAY,6,8.0
20366,1,5,120,5,1,60.0,0,N,RURAL_VICTORIA,OTHER,6,13.0
20367,1,2,121,5,9,60.0,0,N,MELB_URBAN,ROAD,5,7.0
20368,1,4,134,5,1,100.0,0,N,RURAL_VICTORIA,FREEWAY,6,14.0
20369,1,5,121,2,3,70.0,0,I,LARGE_PROVINCIAL_CITIES,ROAD,6,17.0
20370,4,5,173,5,3,40.0,0,N,TOWNS,AVENUE,6,18.0
20371,4,2,183,5,5,60.0,0,N,MELB_URBAN,OTHER,6,22.0
20372,8,4,174,5,2,60.0,0,N,MELB_URBAN,ROAD,5,18.0
20373,1,5,130,5,3,80.0,0,N,MELB_URBAN,HIGHWAY,6,18.0
20374,1,5,99,5,3,60.0,0,N,MELB_URBAN,ROAD,6,19.0
20375,1,5,130,5,5,110.0,0,N,RURAL_VICTORIA,FREEWAY,6,18.0
20376,1,5,130,2,3,40.0,0,I,MELB_URBAN,ROAD,6,20.0
20377,1,7,116,2,1,60.0,0,I,MELB_URBAN,HIGHWAY,6,15.0
20378,6,5,99,5,5,110.0,0,N,RURAL_VICTORIA,FREEWAY,6,19.0
20379,1,5,121,2,3,60.0,0,I,MELB_URBAN,STREET,6,17.0
20380,1,5,130,5,2,60.0,0,N,MELB_URBAN,ROAD,6,16.0
20381,1,5,120,5,3,80.0,0,N,SMALL_CITIES,ROAD,6,22.0
20382,1,5,160,5,3,50.0,0,N,MELB_URBAN,STREET,6,23.0
20383,1,5,121,2,3,60.0,0,I,MELB_URBAN,ROAD,6,18.0
20384,1,6,183,5,3,50.0,0,N,MELB_URBAN,OTHER,6,0.0
20385,1,5,147,2,1,60.0,0,N,MELB_URBAN,ROAD,6,15.0
20386,1,6,113,2,3,80.0,0,I,RURAL_VICTORIA,ROAD,6,6.0
20387,8,7,174,1,1,80.0,0,I,MELB_URBAN,ROAD,6,11.0
20388,4,6,173,5,2,100.0,0,N,RURAL_VICTORIA,ROAD,6,8.0
20389,2,7,99,5,2,60.0,0,N,MELB_URBAN,ROAD,6,16.0
20390,1,5,110,1,1,50.0,0,I,MELB_URBAN,ROAD,6,12.0
20391,1,5,147,5,1,60.0,0,I,MELB_URBAN,ROAD,6,15.0
20392,1,6,130,2,1,40.0,0,I,MELB_URBAN,STREET,6,11.0
20393,4,4,173,5,5,100.0,0,N,RURAL_VICTORIA,ROAD,6,21.0
20394,1,6,99,5,1,50.0,0,N,MELB_URBAN,OTHER,6,10.0
20395,2,6,102,1,1,60.0,0,I,SMALL_CITIES,STREET,6,12.0
20396,1,6,130,2,1,50.0,0,I,MELB_URBAN,ROAD,6,7.0
20397,2,4,99,5,2,50.0,0,N,TOWNS,STREET,6,18.0
20398,1,4,99,1,1,60.0,0,I,MELB_URBAN,STREET,6,12.0
20399,4,6,171,2,1,60.0,0,I,SMALL_CITIES,ROAD,6,11.0
20400,1,6,110,1,1,80.0,0,I,MELB_URBAN,ROAD,6,12.0
20401,1,6,160,5,2,60.0,0,N,MELB_URBAN,ROAD,6,7.0
20402,2,6,100,5,2,40.0,0,N,MELB_URBAN,ROAD,6,8.0
20403,2,6,102,1,1,40.0,0,I,MELB_URBAN,STREET,6,14.0
20404,1,6,130,2,9,60.0,0,I,MELB_URBAN,ROAD,7,20.0
20405,1,5,110,4,1,60.0,0,I,MELB_URBAN,ROAD,6,9.0
20406,2,6,100,5,1,50.0,0,N,MELB_URBAN,STREET,6,16.0
20407,6,5,174,1,6,60.0,0,I,LARGE_PROVINCIAL_CITIES,STREET,6,20.0
20408,1,6,99,5,1,80.0,0,N,RURAL_VICTORIA,ROAD,6,11.0
20409,1,6,99,5,1,60.0,0,N,MELB_URBAN,ROAD,6,13.0
20410,8,6,174,5,1,60.0,0,N,RURAL_VICTORIA,OTHER,6,11.0
20411,1,6,134,1,1,70.0,0,I,MELB_URBAN,ROAD,6,16.0
20412,1,6,130,1,1,60.0,0,I,MELB_URBAN,DRIVE,6,12.0
20413,2,5,99,5,9,60.0,0,N,MELB_URBAN,STREET,2,20.0
20414,1,6,120,2,2,80.0,0,I,MELB_URBAN,HIGHWAY,6,16.0
20415,1,6,130,5,1,70.0,0,N,MELB_URBAN,ROAD,6,15.0
20416,1,6,130,5,1,60.0,0,N,MELB_URBAN,STREET,6,16.0
20417,1,6,111,2,1,70.0,0,I,LARGE_PROVINCIAL_CITIES,HIGHWAY,6,16.0
20418,4,5,173,5,1,100.0,0,N,RURAL_VICTORIA,ROAD,6,10.0
20419,8,1,174,1,2,70.0,0,I,MELB_URBAN,STREET,6,5.0
20420,1,6,121,5,1,80.0,0,N,RURAL_VICTORIA,ROAD,6,19.0
20421,1,5,132,2,6,60.0,0,I,MELB_URBAN,ROAD,6,18.0
20422,4,6,173,5,1,60.0,0,N,RURAL_VICTORIA,ROAD,6,20.0
20423,1,6,121,1,3,80.0,0,N,MELB_URBAN,RAMP,6,17.0
20424,1,6,111,2,3,60.0,0,I,MELB_URBAN,ROAD,6,19.0
20425,2,6,100,2,3,60.0,0,N,LARGE_PROVINCIAL_CITIES,STREET,6,21.0
20426,4,7,171,5,3,100.0,0,N,MELB_URBAN,ROAD,6,4.0
20427,1,7,121,5,3,50.0,0,N,SMALL_CITIES,DRIVE,6,1.0
20428,5,7,173,1,3,70.0,0,I,MELB_URBAN,STREET,6,6.0
20429,1,2,130,5,3,100.0,0,N,MELB_URBAN,UNKNOWN,6,18.0
20430,6,2,174,1,1,40.0,0,I,MELBOURNE_CBD,STREET,6,11.0
20431,6,6,184,5,1,50.0,0,N,MELB_URBAN,DRIVE,6,11.0
20432,2,6,102,2,1,40.0,0,I,MELBOURNE_CBD,STREET,6,7.0
20433,1,7,113,2,1,60.0,0,I,MELB_URBAN,STREET,6,11.0
20434,1,7,160,5,1,60.0,0,N,MELB_URBAN,ROAD,6,10.0
20435,1,7,130,5,2,40.0,0,N,MELBOURNE_CBD,STREET,6,7.0
20436,1,7,121,2,1,50.0,0,I,SMALL_CITIES,AVENUE,6,11.0
20437,1,6,99,5,1,70.0,0,N,MELB_URBAN,ROAD,6,12.0
20438,1,7,113,2,1,50.0,0,I,MELB_URBAN,STREET,6,12.0
20439,4,2,181,5,1,100.0,0,N,RURAL_VICTORIA,ROAD,4,12.0
20440,1,6,130,2,2,70.0,0,I,MELB_URBAN,ROAD,7,8.0
20441,1,6,163,2,1,60.0,0,I,MELB_URBAN,STREET,9,8.0
20442,1,7,110,1,1,50.0,0,I,MELB_URBAN,ROAD,6,11.0
20443,4,7,181,5,1,100.0,0,N,RURAL_VICTORIA,ROAD,6,11.0
20444,2,7,102,2,6,60.0,0,I,MELB_URBAN,ROAD,6,0.0
20445,1,7,140,1,1,100.0,0,I,RURAL_VICTORIA,OTHER,6,11.0
20446,8,0,174,2,2,60.0,0,I,MELB_URBAN,STREET,6,17.0
20447,1,6,130,2,2,50.0,0,I,MELB_URBAN,DRIVE,6,16.0
20448,1,6,121,1,3,80.0,0,I,MELB_URBAN,ROAD,6,20.0
20449,1,6,163,5,1,60.0,0,N,MELB_URBAN,ROAD,6,16.0
20450,2,6,102,1,3,50.0,0,I,SMALL_CITIES,AVENUE,6,21.0
20451,1,4,163,5,1,50.0,0,N,MELBOURNE_CBD,STREET,6,8.0
20452,4,7,171,5,1,110.0,0,N,RURAL_VICTORIA,HIGHWAY,6,14.0
20453,1,7,111,2,5,80.0,0,I,LARGE_PROVINCIAL_CITIES,ROAD,6,17.0
20454,1,7,160,5,1,50.0,0,N,MELB_URBAN,AVENUE,6,17.0
20455,4,7,171,5,3,80.0,0,N,SMALL_TOWNS,HIGHWAY,6,19.0
20456,1,6,130,1,1,80.0,0,I,MELB_URBAN,ROAD,6,8.0
20457,1,7,130,1,3,60.0,0,I,MELB_URBAN,ROAD,6,20.0
20458,4,7,183,5,3,80.0,0,N,MELB_URBAN,HIGHWAY,6,6.0
20459,4,7,181,5,5,80.0,0,N,RURAL_VICTORIA,ROAD,6,21.0
20460,1,6,120,5,1,80.0,0,N,MELB_URBAN,ROAD,11,16.0
20461,2,7,100,1,3,40.0,0,I,MELB_URBAN,ROAD,6,23.0
20462,8,7,184,5,5,80.0,0,N,RURAL_VICTORIA,ROAD,6,22.0
20463,1,1,110,1,3,60.0,0,I,MELB_URBAN,STREET,6,0.0
20464,4,1,181,4,3,50.0,0,I,MELB_URBAN,ROAD,6,1.0