,accident_type,day_of_week,dca_code,road_geometry,light_condition,speed_zone,severity,node_type,deg_urban_name,road_type,month,hour
20465,2,1,99,5,3,40.0,0,N,MELB_URBAN,ROAD,6,2.0
20466,2,1,100,1,3,60.0,0,I,MELB_URBAN,AVENUE,6,6.0
20467,5,1,99,5,2,70.0,0,N,LARGE_PROVINCIAL_CITIES,ROAD,6,8.0
20468,4,1,99,5,1,100.0,0,N,RURAL_VICTORIA,ROAD,6,8.0
20469,1,1,130,5,1,80.0,0,N,MELB_URBAN,HIGHWAY,6,12.0
20470,2,1,99,5,1,60.0,0,N,MELB_URBAN,PARADE,6,12.0
20471,2,7,99,5,5,60.0,0,N,MELB_URBAN,STREET,6,21.0
20472,1,1,110,1,1,50.0,0,I,SMALL_CITIES,STREET,6,13.0
20473,1,1,120,5,1,80.0,0,N,RURAL_VICTORIA,HIGHWAY,6,13.0
20474,4,1,181,2,1,60.0,0,N,MELB_URBAN,ROAD,6,14.0
20475,3,1,167,5,1,100.0,0,N,RURAL_VICTORIA,ROAD,6,14.0
20476,1,1,121,2,1,60.0,0,I,MELB_URBAN,ROAD,6,15.0
20477,1,1,99,5,5,100.0,0,N,MELB_URBAN,FREEWAY,6,0.0
20478,1,1,130,2,1,60.0,0,I,MELB_URBAN,ROAD,6,15.0
20479,1,1,160,5,1,100.0,0,N,RURAL_VICTORIA,HIGHWAY,6,15.0
20480,1,1,140,1,1,100.0,0,I,RURAL_VICTORIA,ROAD,6,16.0
20481,1,1,121,5,2,80.0,0,N,RURAL_VICTORIA,ROAD,6,17.0
20482,1,1,120,5,1,80.0,0,N,MELB_URBAN,ROAD,6,16.0
20483,1,1,116,2,3,60.0,0,I,MELB_URBAN,AVENUE,6,17.0
20484,1,1,130,5,3,60.0,0,N,MELB_URBAN,STREET,6,18.0
20485,1,1,113,2,3,70.0,0,I,MELB_URBAN,ROAD,6,22.0
20486,1,1,130,2,3,70.0,0,I,MELB_URBAN,ROAD,6,18.0
20487,1,4,133,5,1,80.0,0,N,MELB_URBAN,FREEWAY,6,9.0
20488,8,4,174,2,2,60.0,0,I,MELB_URBAN,ROAD,6,17.0
20489,1,4,130,1,1,70.0,0,I,MELB_URBAN,STREET,6,12.0
20490,1,2,111,4,3,80.0,0,N,MELB_URBAN,ROAD,7,2.0
20491,2,2,99,2,3,50.0,0,I,LARGE_PROVINCIAL_CITIES,AVENUE,7,6.0
20492,2,1,100,5,1,70.0,0,N,MELB_URBAN,STREET,6,11.0
20493,1,2,121,2,1,80.0,0,N,MELB_URBAN,HIGHWAY,7,8.0
20494,1,1,130,5,5,100.0,0,N,RURAL_VICTORIA,HIGHWAY,6,17.0
20495,4,2,183,5,5,100.0,0,N,RURAL_VICTORIA,ROAD,7,5.0
20496,3,2,167,5,5,100.0,0,N,RURAL_VICTORIA,ROAD,7,4.0
20497,1,2,113,2,1,60.0,0,I,MELB_URBAN,ROAD,7,9.0
20498,2,4,99,5,2,50.0,0,N,MELB_URBAN,OTHER,6,16.0
20499,6,6,174,2,3,60.0,0,I,MELB_URBAN,DRIVE,6,17.0
20500,6,2,99,5,5,110.0,0,N,RURAL_VICTORIA,FREEWAY,7,6.0
20501,1,1,130,5,1,70.0,0,N,MELB_URBAN,ROAD,6,13.0
20502,1,6,130,1,3,50.0,0,I,MELB_URBAN,STREET,6,17.0
20503,4,1,173,5,5,100.0,0,N,RURAL_VICTORIA,ROAD,6,21.0
20504,1,5,130,1,3,60.0,0,I,MELB_URBAN,ROAD,5,17.0
20505,1,1,132,2,1,60.0,0,I,MELB_URBAN,ROAD,6,15.0
20506,4,2,183,5,1,80.0,0,N,RURAL_VICTORIA,ROAD,7,10.0
20507,1,6,110,1,1,100.0,0,I,RURAL_VICTORIA,HIGHWAY,6,12.0
20508,4,2,171,2,1,70.0,1,I,LARGE_PROVINCIAL_CITIES,STREET,7,9.0
20509,1,3,130,1,9,60.0,0,I,MELB_URBAN,ROAD,7,15.0
20510,2,2,99,1,1,50.0,1,I,MELB_URBAN,STREET,7,12.0
20511,6,2,174,2,1,60.0,0,I,MELB_URBAN,ROAD,7,16.0
20512,1,2,130,2,1,60.0,0,I,MELB_URBAN,ROAD,7,15.0
20513,1,2,113,2,1,60.0,0,I,MELB_URBAN,ROAD,7,16.0
20514,1,2,110,1,3,60.0,0,I,LARGE_PROVINCIAL_CITIES,STREET,7,17.0
20515,1,2,113,2,2,60.0,0,I,SMALL_CITIES,ROAD,7,17.0
20516,1,2,110,1,1,80.0,0,I,RURAL_VICTORIA,HIGHWAY,7,16.0
20517,1,2,130,5,1,60.0,0,N,MELB_URBAN,ROAD,7,16.0
20518,4,2,181,5,2,80.0,0,N,RURAL_VICTORIA,ROAD,7,17.0
20519,4,2,171,5,3,50.0,0,N,MELB_URBAN,DRIVE,7,19.0
20520,1,2,110,1,1,80.0,0,I,RURAL_VICTORIA,STREET,7,15.0
20521,1,2,121,1,3,70.0,0,I,MELB_URBAN,ROAD,7,18.0
20522,1,6,130,1,9,60.0,0,I,MELB_URBAN,HIGHWAY,1,17.0
20523,1,4,121,1,1,50.0,0,I,SMALL_CITIES,ROAD,6,16.0
20524,1,1,121,2,3,70.0,0,I,MELB_URBAN,ROAD,7,17.0
20525,1,2,135,1,1,60.0,0,I,MELB_URBAN,ROAD,7,16.0
20526,1,2,160,5,3,50.0,0,N,MELB_URBAN,STREET,7,19.0
20527,1,2,99,5,3,60.0,0,N,MELB_URBAN,DRIVE,7,17.0
20528,2,2,102,2,3,60.0,0,I,MELB_URBAN,AVENUE,7,18.0
20529,2,6,99,2,1,50.0,0,I,MELB_URBAN,STREET,6,10.0
20530,2,2,99,5,3,50.0,0,N,SMALL_CITIES,STREET,7,21.0
20531,1,1,132,2,3,60.0,0,I,MELB_URBAN,ROAD,6,17.0
20532,4,2,173,5,5,80.0,0,N,RURAL_VICTORIA,HIGHWAY,7,7.0
20533,1,2,113,2,1,80.0,0,I,MELB_URBAN,ROAD,7,14.0
20534,2,1,100,1,2,50.0,0,I,SMALL_CITIES,STREET,6,18.0
20535,1,3,121,5,5,60.0,0,N,MELB_URBAN,STREET,7,6.0
20536,6,3,174,1,1,60.0,0,I,LARGE_PROVINCIAL_CITIES,STREET,7,7.0
20537,1,3,140,2,1,60.0,0,I,MELB_URBAN,ROAD,7,8.0
20538,8,7,174,2,1,60.0,0,I,MELB_URBAN,ROAD,6,16.0
20539,1,3,113,1,1,60.0,0,I,MELB_URBAN,AVENUE,7,8.0
20540,1,6,130,2,3,70.0,0,I,LARGE_PROVINCIAL_CITIES,ROAD,6,17.0
20541,1,6,140,5,3,60.0,0,N,MELB_URBAN,ROAD,5,22.0
20542,1,3,99,1,1,40.0,0,I,MELB_URBAN,STREET,7,11.0
20543,1,2,160,5,3,70.0,0,N,MELB_URBAN,STREET,7,21.0
20544,8,1,174,5,2,60.0,0,N,MELB_URBAN,STREET,4,16.0
20545,1,2,110,1,1,50.0,0,I,TOWNS,STREET,7,15.0
20546,6,5,99,2,1,100.0,0,N,RURAL_VICTORIA,ROAD,3,10.0
20547,8,3,99,5,2,100.0,0,N,RURAL_VICTORIA,HIGHWAY,4,6.0
20548,1,3,121,1,1,50.0,0,I,LARGE_PROVINCIAL_CITIES,ROAD,7,11.0
20549,1,3,121,2,1,60.0,0,I,MELB_URBAN,ROAD,7,9.0
20550,1,3,147,5,1,60.0,0,N,MELB_URBAN,HIGHWAY,7,13.0
20551,8,2,99,2,1,40.0,0,I,MELB_URBAN,ROAD,6,10.0
20552,1,5,99,5,5,80.0,0,N,RURAL_VICTORIA,STREET,6,18.0
20553,6,2,174,5,6,100.0,0,N,MELB_URBAN,FREEWAY,7,18.0
20554,2,2,100,5,3,60.0,0,N,MELB_URBAN,ROAD,7,18.0
20555,1,6,130,2,1,60.0,0,I,RURAL_VICTORIA,ROAD,6,17.0
20556,1,3,99,2,1,60.0,0,I,MELB_URBAN,ROAD,7,16.0
20557,4,3,173,2,1,50.0,0,I,MELB_URBAN,STREET,7,13.0
20558,4,3,173,5,1,110.0,0,N,RURAL_VICTORIA,FREEWAY,7,16.0
20559,1,3,140,5,1,50.0,0,N,MELBOURNE_CBD,STREET,7,15.0
20560,4,3,171,5,1,100.0,0,N,RURAL_VICTORIA,ROAD,7,13.0
20561,1,6,121,1,1,60.0,0,I,MELB_URBAN,ROAD,4,9.0
20562,1,3,130,1,1,80.0,0,I,MELB_URBAN,HIGHWAY,7,16.0
20563,1,3,130,5,3,60.0,0,N,MELB_URBAN,ROAD,7,17.0
20564,1,3,121,1,3,60.0,0,I,MELB_URBAN,ROAD,7,17.0
20565,1,3,116,1,3,60.0,0,I,MELB_URBAN,ROAD,7,17.0
20566,4,3,171,5,1,50.0,0,N,MELB_URBAN,STREET,7,16.0
20567,4,3,173,1,1,80.0,0,I,MELB_URBAN,ROAD,7,16.0
20568,1,3,147,5,3,70.0,0,N,MELB_URBAN,ROAD,7,17.0
20569,4,3,171,2,3,60.0,0,I,LARGE_PROVINCIAL_CITIES,AVENUE,7,19.0
20570,1,3,132,5,5,60.0,0,N,MELB_URBAN,STREET,7,17.0
20571,1,2,130,5,3,80.0,0,N,MELB_URBAN,FREEWAY,7,18.0
20572,4,3,171,2,3,50.0,0,I,MELB_URBAN,ROAD,7,20.0
20573,1,6,99,2,9,60.0,0,I,RURAL_VICTORIA,ROAD,2,6.0
20574,1,3,163,5,1,40.0,0,N,MELBOURNE_CBD,STREET,7,13.0
20575,1,3,121,1,3,60.0,0,I,MELB_URBAN,STREET,7,18.0
20576,1,3,113,2,1,60.0,0,I,MELB_URBAN,ROAD,7,16.0
20577,1,4,132,2,1,60.0,0,I,MELB_URBAN,ROAD,6,15.0
20578,8,4,170,5,3,60.0,0,N,MELB_URBAN,PARADE,7,0.0
20579,1,3,140,5,1,70.0,0,N,MELB_URBAN,ROAD,7,10.0
20580,1,3,134,5,1,80.0,0,N,MELB_URBAN,ROAD,7,12.0
20581,3,4,167,5,5,100.0,0,N,RURAL_VICTORIA,ROAD,7,6.0
20582,1,6,99,1,2,60.0,0,I,MELB_URBAN,HIGHWAY,7,8.0
20583,1,4,110,1,1,50.0,0,I,MELB_URBAN,STREET,7,8.0
20584,1,4,99,5,1,60.0,0,N,MELB_URBAN,ROAD,7,8.0
20585,1,4,110,1,1,40.0,0,I,MELB_URBAN,STREET,7,8.0
20586,1,4,121,1,1,60.0,0,I,MELB_URBAN,ROAD,7,8.0
20587,1,7,113,2,1,60.0,0,I,MELB_URBAN,ROAD,6,13.0
20588,1,3,134,2,1,40.0,0,I,MELB_URBAN,STREET,7,15.0
20589,8,3,170,5,3,50.0,0,N,MELB_URBAN,AVENUE,7,22.0
20590,8,4,174,5,1,50.0,0,N,MELB_URBAN,DRIVE,7,9.0
20591,1,4,110,1,1,100.0,0,I,RURAL_VICTORIA,ROAD,7,8.0
20592,6,5,99,5,2,80.0,0,N,RURAL_VICTORIA,HIGHWAY,8,6.0
20593,1,7,133,1,1,60.0,0,I,MELB_URBAN,STREET,5,13.0
20594,1,7,110,1,9,60.0,0,I,MELB_URBAN,ROAD,7,22.0
20595,1,3,130,5,1,80.0,0,N,MELB_URBAN,RAMP,7,16.0
20596,1,3,111,2,9,60.0,0,I,MELB_URBAN,ROAD,2,16.0
20597,1,4,135,5,1,60.0,0,N,MELB_URBAN,ROAD,7,10.0
20598,1,4,171,5,1,50.0,0,N,SMALL_CITIES,ROAD,7,12.0
20599,1,1,121,1,1,90.0,0,I,RURAL_VICTORIA,DRIVE,6,12.0
20600,4,4,171,5,1,110.0,0,N,RURAL_VICTORIA,FREEWAY,7,12.0
20601,3,7,167,5,5,100.0,0,N,RURAL_VICTORIA,ROAD,6,19.0
20602,1,2,99,5,3,50.0,0,N,MELB_URBAN,ROAD,7,22.0
20603,1,4,130,5,1,60.0,0,N,MELB_URBAN,ROAD,7,13.0
20604,1,4,99,1,1,60.0,0,I,MELB_URBAN,STREET,7,13.0
20605,4,4,99,5,1,50.0,0,N,MELB_URBAN,STREET,7,12.0
20606,1,4,121,2,1,60.0,0,I,MELB_URBAN,ROAD,7,15.0
20607,1,4,132,2,1,80.0,0,I,MELB_URBAN,ROAD,7,15.0
20608,1,4,130,2,2,50.0,0,I,MELB_URBAN,ROAD,6,16.0
20609,6,7,174,5,1,100.0,0,N,TOWNS,ROAD,6,15.0
20610,2,4,102,5,1,60.0,0,N,MELB_URBAN,PARADE,7,16.0
20611,4,4,173,5,1,100.0,1,N,MELB_URBAN,FREEWAY,7,13.0
20612,6,3,184,5,1,100.0,0,N,RURAL_VICTORIA,ROAD,7,12.0
20613,8,4,99,2,1,80.0,0,N,RURAL_VICTORIA,HIGHWAY,7,15.0
20614,1,3,110,1,2,80.0,0,N,MELB_URBAN,ROAD,7,6.0
20615,5,2,99,2,3,60.0,0,I,MELB_URBAN,ROAD,7,19.0
20616,1,4,121,1,1,60.0,0,I,MELB_URBAN,HIGHWAY,7,16.0
20617,1,4,110,1,3,70.0,0,I,LARGE_PROVINCIAL_CITIES,OTHER,7,17.0
20618,1,4,113,2,2,60.0,0,I,MELB_URBAN,ROAD,7,16.0
20619,1,4,110,1,1,50.0,0,I,MELB_URBAN,ROAD,7,17.0
20620,4,4,173,5,5,110.0,0,N,RURAL_VICTORIA,FREEWAY,7,18.0
20621,1,4,130,5,3,80.0,0,N,MELB_URBAN,UNKNOWN,7,18.0
20622,4,2,173,5,3,80.0,0,N,MELB_URBAN,ROAD,1,23.0
20623,2,7,99,1,1,40.0,0,I,MELB_URBAN,STREET,6,16.0
20624,1,4,147,5,3,60.0,0,N,MELB_URBAN,ROAD,7,20.0
20625,1,4,121,1,3,80.0,0,I,MELB_URBAN,ROAD,7,20.0
20626,1,4,113,2,3,70.0,0,I,MELB_URBAN,ROAD,7,22.0
20627,4,5,171,5,3,70.0,0,N,LARGE_PROVINCIAL_CITIES,STREET,7,0.0
20628,1,5,130,5,1,80.0,0,N,MELB_URBAN,HIGHWAY,7,6.0
20629,1,5,116,2,2,50.0,0,I,MELB_URBAN,ROAD,7,7.0
20630,4,5,171,5,1,50.0,0,N,TOWNS,STREET,7,9.0
20631,1,7,147,2,1,50.0,0,I,MELB_URBAN,ROAD,6,14.0
20632,1,5,110,1,9,60.0,0,I,MELB_URBAN,ROAD,8,12.0
20633,1,5,99,2,1,60.0,0,N,MELB_URBAN,STREET,7,9.0
20634,1,5,99,5,1,60.0,0,N,MELB_URBAN,PARADE,7,9.0
20635,4,5,171,2,1,60.0,0,I,MELB_URBAN,ROAD,7,9.0
20636,5,2,99,5,1,50.0,0,N,RURAL_VICTORIA,ROAD,6,14.0
20637,1,5,113,2,1,70.0,0,I,LARGE_PROVINCIAL_CITIES,ROAD,7,11.0
20638,2,5,100,1,1,50.0,0,I,TOWNS,DRIVE,7,11.0
20639,1,5,134,5,1,60.0,0,N,MELB_URBAN,STREET,7,14.0
20640,1,6,130,1,9,60.0,0,I,MELB_URBAN,ROAD,6,15.0
20641,1,5,130,1,1,80.0,0,I,MELB_URBAN,ROAD,7,15.0
20642,2,5,100,1,1,50.0,0,I,MELBOURNE_CBD,STREET,7,10.0
20643,1,4,130,5,1,60.0,0,N,LARGE_PROVINCIAL_CITIES,ROAD,6,12.0
20644,1,5,135,5,1,40.0,0,N,MELB_URBAN,STREET,7,15.0
20645,2,5,99,5,1,50.0,0,N,MELB_URBAN,STREET,7,15.0
20646,1,5,121,1,2,60.0,0,I,MELB_URBAN,STREET,7,16.0
20647,6,5,174,5,3,80.0,0,N,MELB_URBAN,UNKNOWN,7,17.0
20648,6,4,174,5,3,40.0,0,N,MELB_URBAN,ROAD,6,19.0
20649,4,5,171,5,1,60.0,0,N,MELB_URBAN,ROAD,7,16.0
20650,1,5,113,2,3,80.0,0,I,MELB_URBAN,ROAD,7,18.0
20651,1,5,130,5,3,80.0,0,N,MELB_URBAN,FREEWAY,7,18.0
20652,1,4,130,5,1,50.0,0,N,MELB_URBAN,DRIVE,5,9.0
20653,1,5,110,1,3,60.0,0,I,MELB_URBAN,ROAD,7,21.0
20654,1,5,140,2,3,80.0,1,I,MELB_URBAN,HIGHWAY,7,18.0
20655,1,5,130,5,3,100.0,0,N,MELB_URBAN,RAMP,7,19.0
20656,1,5,113,2,3,60.0,0,I,MELB_URBAN,ROAD,7,22.0
20657,1,2,135,1,1,60.0,0,I,MELB_URBAN,ROAD,6,15.0
20658,2,6,99,5,2,50.0,0,N,MELB_URBAN,HIGHWAY,7,6.0
20659,1,6,121,1,1,40.0,0,I,MELB_URBAN,STREET,7,7.0
20660,1,6,130,2,1,60.0,0,I,MELB_URBAN,STREET,7,7.0
20661,1,4,130,2,1,60.0,0,I,MELB_URBAN,ROAD,7,17.0
20662,6,2,99,5,1,100.0,0,N,RURAL_VICTORIA,ROAD,6,11.0
20663,2,6,100,1,1,40.0,0,I,MELBOURNE_CBD,STREET,7,9.0
20664,2,6,99,5,2,60.0,0,N,MELB_URBAN,ROAD,2,19.0
20665,1,6,132,5,1,60.0,0,N,SMALL_CITIES,STREET,7,9.0
20666,1,3,130,1,1,50.0,0,I,MELB_URBAN,STREET,2,16.0
20667,1,6,130,2,1,70.0,0,I,MELB_URBAN,ROAD,7,7.0
20668,1,2,110,1,1,50.0,0,I,MELB_URBAN,STREET,6,14.0
20669,5,5,99,5,5,100.0,0,N,RURAL_VICTORIA,ROAD,7,21.0
20670,1,5,147,5,1,50.0,0,N,MELB_URBAN,ROAD,5,12.0
20671,1,6,121,1,3,60.0,1,I,MELB_URBAN,STREET,7,6.0
20672,1,6,110,1,1,60.0,0,I,LARGE_PROVINCIAL_CITIES,STREET,7,11.0
20673,1,6,121,2,1,60.0,0,I,MELB_URBAN,ROAD,7,13.0
20674,4,6,173,5,5,110.0,0,N,RURAL_VICTORIA,FREEWAY,7,6.0
20675,1,6,99,1,1,60.0,0,I,MELB_URBAN,STREET,7,12.0
20676,7,3,99,5,1,60.0,0,N,MELB_URBAN,ROAD,4,7.0
20677,6,5,170,5,1,100.0,0,N,RURAL_VICTORIA,ROAD,7,13.0
20678,1,5,121,4,1,70.0,0,N,MELB_URBAN,ROAD,7,15.0
20679,4,6,183,5,1,100.0,0,N,RURAL_VICTORIA,ROAD,7,14.0
20680,1,3,135,2,3,60.0,0,I,MELB_URBAN,FREEWAY,6,19.0
20681,1,6,132,2,2,60.0,0,I,MELB_URBAN,ROAD,7,17.0
20682,1,6,163,2,9,60.0,0,I,MELB_URBAN,AVENUE,7,15.0
20683,1,6,160,5,2,50.0,0,N,MELB_URBAN,DRIVE,7,16.0
20684,1,5,121,1,3,50.0,0,I,MELB_URBAN,STREET,6,18.0
20685,3,6,167,5,1,100.0,0,N,RURAL_VICTORIA,ROAD,7,15.0
20686,1,6,130,1,1,70.0,0,I,LARGE_PROVINCIAL_CITIES,HIGHWAY,4,11.0
20687,4,6,171,5,2,100.0,0,N,RURAL_VICTORIA,ROAD,7,17.0
20688,1,6,113,2,5,100.0,0,I,RURAL_VICTORIA,HIGHWAY,7,17.0
20689,4,6,181,5,1,60.0,0,N,RURAL_VICTORIA,ROAD,7,16.0
20690,4,6,171,5,5,70.0,0,N,MELB_URBAN,ROAD,7,18.0
20691,1,6,121,1,3,60.0,0,I,MELB_URBAN,AVENUE,7,19.0
20692,1,6,121,1,3,50.0,0,I,SMALL_CITIES,STREET,7,22.0
20693,4,7,181,2,3,60.0,0,I,MELB_URBAN,ROAD,7,2.0
20694,1,7,120,5,3,60.0,0,N,MELB_URBAN,ROAD,7,0.0
20695,4,6,173,5,5,80.0,0,N,RURAL_VICTORIA,ROAD,7,23.0
20696,4,6,181,5,5,80.0,0,N,RURAL_VICTORIA,OTHER,7,21.0
20697,2,7,99,5,1,60.0,0,N,MELB_URBAN,STREET,7,10.0
20698,1,7,160,5,5,100.0,0,N,MELB_URBAN,FREEWAY,7,5.0
20699,1,5,130,1,2,60.0,0,I,MELB_URBAN,HIGHWAY,7,17.0
20700,4,7,181,5,1,100.0,0,N,RURAL_VICTORIA,ROAD,7,9.0
20701,1,7,110,1,1,40.0,0,I,MELBOURNE_CBD,STREET,7,8.0
20702,1,7,133,1,1,60.0,0,I,MELB_URBAN,ROAD,7,11.0
20703,6,7,170,5,1,80.0,0,N,RURAL_VICTORIA,ROAD,7,12.0
20704,2,4,100,1,1,50.0,0,I,MELB_URBAN,STREET,7,14.0
20705,2,7,102,5,1,60.0,0,N,MELB_URBAN,STREET,7,13.0
20706,1,7,113,2,1,50.0,0,I,TOWNS,HIGHWAY,7,14.0
20707,1,7,121,1,1,70.0,0,I,MELB_URBAN,ROAD,7,14.0
20708,4,7,99,6,1,50.0,0,N,MELB_URBAN,OTHER,7,14.0
20709,1,7,121,1,1,60.0,0,I,MELB_URBAN,STREET,7,12.0
20710,1,7,110,1,1,70.0,0,I,MELB_URBAN,ROAD,7,16.0
20711,1,7,121,1,1,90.0,0,I,RURAL_VICTORIA,ROAD,7,15.0
20712,1,7,110,1,3,60.0,0,I,MELB_URBAN,STREET,7,17.0
20713,1,7,160,2,3,50.0,0,I,MELB_URBAN,AVENUE,7,17.0
20714,5,7,99,5,1,100.0,0,N,RURAL_VICTORIA,OTHER,5,13.0
20715,1,7,140,5,1,100.0,0,N,RURAL_VICTORIA,ROAD,7,15.0
20716,2,7,100,2,3,60.0,0,I,MELB_URBAN,ROAD,7,18.0
20717,1,7,130,5,3,100.0,0,N,MELB_URBAN,FREEWAY,7,19.0
20718,1,7,130,2,3,80.0,0,I,MELB_URBAN,HIGHWAY,7,18.0
20719,6,7,170,5,5,100.0,0,N,RURAL_VICTORIA,OTHER,7,18.0
20720,1,7,130,5,3,60.0,0,N,MELB_URBAN,ROAD,7,19.0
20721,1,7,134,5,3,60.0,0,N,MELB_URBAN,ROAD,7,18.0
20722,4,7,181,5,3,100.0,0,N,MELB_URBAN,RAMP,7,20.0
20723,2,7,99,5,3,50.0,0,N,SMALL_CITIES,STREET,7,3.0
20724,1,6,121,2,3,60.0,0,I,MELB_URBAN,ROAD,7,5.0
20725,4,7,99,2,5,100.0,0,I,RURAL_VICTORIA,HIGHWAY,7,22.0
20726,6,7,99,5,5,80.0,0,N,RURAL_VICTORIA,ROAD,7,20.0
20727,1,7,130,1,3,60.0,0,I,MELB_URBAN,ROAD,7,19.0
20728,1,7,130,5,3,100.0,0,N,MELB_URBAN,FREEWAY,7,19.0
20729,2,7,99,2,4,70.0,0,I,MELB_URBAN,ROAD,7,19.0
20730,4,1,171,2,3,80.0,0,I,MELB_URBAN,ROAD,7,6.0
20731,4,1,171,5,3,60.0,0,N,MELB_URBAN,STREET,7,5.0
20732,1,1,160,2,1,60.0,0,N,MELB_URBAN,STREET,7,7.0
20733,1,1,113,2,1,60.0,0,I,MELB_URBAN,ROAD,7,10.0
20734,2,7,102,2,3,50.0,0,I,MELB_URBAN,DRIVE,7,20.0
20735,8,2,174,2,2,60.0,0,I,MELB_URBAN,ROAD,7,17.0
20736,8,1,174,5,1,80.0,0,N,RURAL_VICTORIA,ROAD,7,10.0
20737,1,1,99,1,1,60.0,0,I,MELB_URBAN,ROAD,7,13.0
20738,1,5,134,5,1,60.0,0,N,MELB_URBAN,STREET,7,12.0
20739,4,1,183,5,1,60.0,0,N,SMALL_CITIES,AVENUE,7,8.0
20740,4,7,173,5,1,100.0,0,N,RURAL_VICTORIA,HIGHWAY,7,10.0
20741,1,1,147,5,1,50.0,0,N,MELB_URBAN,ROAD,7,16.0
20742,4,1,171,2,1,100.0,1,N,RURAL_VICTORIA,HIGHWAY,7,15.0
20743,1,1,130,2,2,60.0,0,I,MELB_URBAN,STREET,7,18.0
20744,1,1,132,2,3,60.0,0,I,MELB_URBAN,ROAD,7,20.0
20745,4,1,171,5,6,60.0,0,N,MELB_URBAN,ROAD,7,20.0
20746,1,4,163,5,1,50.0,0,N,LARGE_PROVINCIAL_CITIES,STREET,7,16.0
20747,8,1,174,2,3,60.0,0,I,MELB_URBAN,ROAD,7,3.0
20748,4,2,181,5,3,80.0,0,N,MELB_URBAN,RAMP,7,0.0
20749,2,1,99,2,3,50.0,0,I,RURAL_VICTORIA,OTHER,7,0.0
20750,4,2,181,5,2,80.0,0,N,RURAL_VICTORIA,ROAD,7,7.0
20751,3,2,167,5,2,100.0,0,N,RURAL_VICTORIA,ROAD,7,7.0
20752,1,2,120,5,1,100.0,0,N,RURAL_VICTORIA,HIGHWAY,7,7.0
20753,1,2,121,1,1,60.0,0,I,SMALL_CITIES,STREET,7,9.0
20754,1,2,163,5,1,60.0,0,N,MELB_URBAN,STREET,7,9.0
20755,4,2,181,5,1,80.0,0,N,TOWNS,UNKNOWN,7,7.0
20756,4,2,173,5,1,60.0,0,N,RURAL_VICTORIA,ROAD,7,8.0
20757,2,2,100,1,1,60.0,0,I,SMALL_CITIES,ROAD,7,9.0
20758,4,7,99,5,1,60.0,0,N,RURAL_VICTORIA,ROAD,5,10.0
20759,1,2,110,1,1,60.0,0,I,MELB_URBAN,ROAD,7,9.0
20760,2,2,100,5,1,40.0,0,N,MELB_URBAN,ROAD,7,10.0
20761,1,2,99,2,1,50.0,0,I,MELB_URBAN,DRIVE,7,8.0
20762,1,2,120,2,2,80.0,0,I,TOWNS,ROAD,7,7.0
20763,8,5,170,1,3,50.0,0,I,MELB_URBAN,STREET,6,6.0
20764,1,2,130,5,1,70.0,0,N,MELB_URBAN,ROAD,7,10.0
20765,1,1,130,5,1,80.0,0,N,MELB_URBAN,FREEWAY,7,16.0
20766,2,2,100,2,1,70.0,0,I,MELB_URBAN,ROAD,7,10.0
20767,4,2,171,5,3,60.0,0,N,MELB_URBAN,ROAD,7,6.0
20768,1,2,132,2,1,100.0,0,I,RURAL_VICTORIA,ROAD,7,12.0
20769,1,2,110,1,1,80.0,0,I,RURAL_VICTORIA,HIGHWAY,7,13.0
20770,8,5,184,5,1,90.0,0,N,RURAL_VICTORIA,ROAD,4,11.0
20771,1,4,134,1,3,70.0,0,I,MELB_URBAN,ROAD,5,19.0
20772,6,7,184,2,1,50.0,0,I,MELB_URBAN,OTHER,7,13.0
20773,1,2,110,1,1,50.0,0,I,MELB_URBAN,STREET,7,15.0
20774,8,3,184,1,3,60.0,0,I,LARGE_PROVINCIAL_CITIES,ROAD,6,6.0
20775,6,2,184,1,1,100.0,0,I,RURAL_VICTORIA,HIGHWAY,7,11.0
20776,1,6,130,1,1,60.0,0,I,MELB_URBAN,ROAD,6,9.0
20777,1,4,110,1,1,60.0,0,I,MELB_URBAN,OTHER,12,7.0
20778,1,2,130,2,1,80.0,0,I,MELB_URBAN,ROAD,7,16.0
20779,2,2,100,2,3,60.0,0,I,MELB_URBAN,STREET,7,18.0
20780,1,2,130,4,3,60.0,0,I,TOWNS,HIGHWAY,7,18.0
20781,4,2,171,5,5,100.0,0,N,RURAL_VICTORIA,OTHER,7,17.0
20782,1,1,121,2,1,80.0,0,I,MELB_URBAN,ROAD,7,16.0
20783,4,1,171,1,3,80.0,0,I,MELB_URBAN,ROAD,6,23.0
20784,1,2,113,2,3,40.0,0,I,MELB_URBAN,ROAD,7,20.0
20785,6,2,174,1,1,50.0,0,I,LARGE_PROVINCIAL_CITIES,STREET,7,8.0
20786,1,4,99,2,3,50.0,0,I,MELB_URBAN,OTHER,7,21.0
20787,1,3,121,2,3,70.0,0,I,MELB_URBAN,ROAD,7,5.0
20788,1,2,110,1,1,50.0,0,I,SMALL_CITIES,STREET,7,13.0
20789,1,3,116,2,1,80.0,0,I,MELB_URBAN,HIGHWAY,7,8.0
20790,2,3,99,5,1,40.0,0,N,MELB_URBAN,ROAD,7,9.0
20791,1,3,120,5,2,100.0,0,N,RURAL_VICTORIA,ROAD,7,6.0
20792,1,3,113,1,1,60.0,0,I,MELB_URBAN,ROAD,7,10.0
20793,1,3,160,5,1,70.0,0,N,MELB_URBAN,BOULEVARD,7,8.0
20794,1,5,99,2,3,60.0,0,I,MELB_URBAN,ROAD,6,21.0
20795,6,1,174,5,2,100.0,0,N,MELB_URBAN,FREEWAY,9,17.0
20796,1,2,110,1,3,50.0,0,I,SMALL_CITIES,STREET,7,22.0
20797,1,4,130,5,1,100.0,0,I,MELB_URBAN,RAMP,1,17.0