,accident_type,day_of_week,dca_code,road_geometry,light_condition,speed_zone,severity,node_type,deg_urban_name,road_type,month,hour
20798,1,3,120,2,1,60.0,0,I,MELB_URBAN,ROAD,7,11.0
20799,1,3,99,2,1,60.0,0,I,MELB_URBAN,ROAD,7,11.0
20800,6,7,174,5,5,60.0,0,N,RURAL_VICTORIA,ROAD,7,0.0
20801,4,5,171,5,3,80.0,0,N,RURAL_VICTORIA,ROAD,7,1.0
20802,4,3,171,5,1,100.0,0,N,RURAL_VICTORIA,HIGHWAY,7,7.0
20803,1,1,130,5,1,60.0,0,N,MELB_URBAN,ROAD,7,10.0
20804,1,2,163,1,1,50.0,0,I,MELBOURNE_CBD,STREET,7,15.0
20805,1,3,147,5,1,70.0,0,N,RURAL_VICTORIA,HIGHWAY,7,9.0
20806,2,6,99,2,6,50.0,0,I,MELB_URBAN,OTHER,7,18.0
20807,4,3,173,5,1,80.0,0,N,MELB_URBAN,HIGHWAY,7,13.0
20808,1,3,99,4,1,50.0,0,I,MELB_URBAN,AVENUE,7,13.0
20809,5,2,99,2,1,60.0,0,I,MELB_URBAN,DRIVE,10,11.0
20810,1,2,99,1,1,80.0,0,I,MELB_URBAN,ROAD,7,8.0
20811,4,3,173,2,1,60.0,0,I,MELB_URBAN,ROAD,7,10.0
20812,1,3,120,2,1,100.0,1,I,RURAL_VICTORIA,HIGHWAY,7,8.0
20813,1,2,111,2,1,60.0,0,I,TOWNS,STREET,7,8.0
20814,1,3,130,5,1,60.0,0,N,LARGE_PROVINCIAL_CITIES,STREET,7,16.0
20815,1,7,121,1,1,60.0,0,I,MELB_URBAN,STREET,3,14.0
20816,1,3,140,2,1,80.0,0,I,MELB_URBAN,ROAD,7,15.0
20817,4,2,171,5,1,100.0,0,N,RURAL_VICTORIA,ROAD,7,11.0
20818,1,3,140,4,1,100.0,0,I,MELB_URBAN,FREEWAY,7,15.0
20819,4,3,173,1,1,70.0,0,I,SMALL_CITIES,AVENUE,7,16.0
20820,1,3,121,1,1,60.0,0,I,MELB_URBAN,ROAD,7,13.0
20821,8,3,174,5,2,60.0,0,N,RURAL_VICTORIA,ROAD,7,17.0
20822,1,3,130,2,6,50.0,0,I,MELB_URBAN,ROAD,7,18.0
20823,1,3,133,5,2,60.0,0,N,MELB_URBAN,ROAD,7,17.0
20824,1,3,99,1,1,80.0,0,I,MELB_URBAN,ROAD,7,16.0
20825,2,1,99,1,3,60.0,0,I,MELB_URBAN,ROAD,7,21.0
20826,6,3,99,5,2,100.0,0,N,RURAL_VICTORIA,ROAD,7,17.0
20827,2,3,102,2,5,50.0,0,I,MELB_URBAN,OTHER,7,18.0
20828,1,3,113,2,3,60.0,0,I,MELB_URBAN,OTHER,7,18.0
20829,4,3,171,5,2,60.0,0,N,MELB_URBAN,HIGHWAY,7,16.0
20830,1,5,160,5,1,50.0,0,N,MELB_URBAN,DRIVE,12,17.0
20831,1,3,110,1,3,70.0,0,I,MELB_URBAN,OTHER,7,6.0
20832,3,4,167,2,5,80.0,0,I,TOWNS,STREET,7,0.0
20833,4,4,173,5,5,100.0,0,N,RURAL_VICTORIA,ROAD,7,1.0
20834,4,4,171,5,3,60.0,0,N,MELB_URBAN,ROAD,7,3.0
20835,6,3,99,2,1,100.0,0,I,RURAL_VICTORIA,ROAD,7,9.0
20836,1,4,121,1,3,60.0,0,I,MELB_URBAN,OTHER,7,6.0
20837,1,4,130,5,1,60.0,0,N,MELB_URBAN,ROAD,7,8.0
20838,1,4,99,2,1,70.0,0,I,MELB_URBAN,ROAD,7,8.0
20839,1,4,121,1,3,60.0,0,I,MELB_URBAN,STREET,7,6.0
20840,8,4,174,2,1,50.0,0,I,MELB_URBAN,STREET,7,7.0
20841,4,7,171,5,5,100.0,0,N,RURAL_VICTORIA,ROAD,5,22.0
20842,2,4,100,2,1,60.0,0,I,MELB_URBAN,STREET,7,10.0
20843,1,4,113,2,1,60.0,0,I,MELB_URBAN,ROAD,7,10.0
20844,1,2,132,5,2,60.0,0,N,MELB_URBAN,ROAD,7,8.0
20845,8,4,99,5,1,100.0,0,N,RURAL_VICTORIA,ROAD,7,8.0
20846,1,4,130,2,1,60.0,0,I,MELB_URBAN,DRIVE,5,8.0
20847,3,5,167,5,2,100.0,0,N,RURAL_VICTORIA,ROAD,6,17.0
20848,1,3,160,5,5,60.0,0,N,MELB_URBAN,ROAD,7,19.0
20849,1,3,147,2,1,80.0,0,N,MELB_URBAN,ROAD,7,12.0
20850,1,4,110,1,1,60.0,0,I,MELB_URBAN,STREET,7,12.0
20851,2,1,100,5,3,60.0,0,N,MELBOURNE_CBD,STREET,6,4.0
20852,3,3,167,5,2,70.0,0,N,MELB_URBAN,HIGHWAY,7,17.0
20853,1,4,132,1,1,60.0,0,I,MELB_URBAN,ROAD,7,13.0
20854,2,4,102,1,1,60.0,0,I,MELB_URBAN,ROAD,7,13.0
20855,1,4,99,5,1,60.0,0,N,MELB_URBAN,ROAD,7,15.0
20856,1,4,99,5,1,50.0,0,N,MELB_URBAN,ROAD,7,13.0
20857,6,3,174,5,1,100.0,0,N,RURAL_VICTORIA,ROAD,7,16.0
20858,1,6,147,5,1,60.0,0,N,MELB_URBAN,ROAD,6,16.0
20859,1,4,130,5,1,80.0,0,N,MELB_URBAN,UNKNOWN,7,15.0
20860,1,4,130,5,1,100.0,0,N,MELB_URBAN,FREEWAY,7,16.0
20861,1,4,111,1,2,50.0,0,I,TOWNS,STREET,7,17.0
20862,1,4,130,1,2,60.0,0,I,LARGE_PROVINCIAL_CITIES,STREET,7,17.0
20863,1,4,130,5,1,100.0,0,N,MELB_URBAN,FREEWAY,7,16.0
20864,1,4,130,5,1,70.0,0,N,MELB_URBAN,ROAD,7,9.0
20865,1,4,110,1,1,50.0,0,I,LARGE_PROVINCIAL_CITIES,STREET,7,15.0
20866,1,4,130,2,1,70.0,0,I,MELB_URBAN,ROAD,7,16.0
20867,1,4,121,1,3,60.0,0,N,MELB_URBAN,ROAD,7,17.0
20868,1,4,120,5,1,100.0,1,N,RURAL_VICTORIA,ROAD,7,11.0
20869,1,5,130,1,3,80.0,0,I,MELB_URBAN,ROAD,5,21.0
20870,8,3,174,2,9,40.0,0,I,MELB_URBAN,STREET,7,13.0
20871,1,4,110,1,1,60.0,0,I,SMALL_TOWNS,STREET,7,17.0
20872,2,4,99,2,1,50.0,0,N,MELB_URBAN,UNKNOWN,7,10.0
20873,1,4,130,5,1,80.0,0,N,MELB_URBAN,ROAD,7,16.0
20874,1,4,121,1,3,60.0,0,I,MELB_URBAN,HIGHWAY,7,22.0
20875,2,4,99,5,3,50.0,0,N,LARGE_PROVINCIAL_CITIES,STREET,7,19.0
20876,4,4,171,5,3,100.0,0,N,MELB_URBAN,FREEWAY,7,23.0
20877,1,4,99,1,3,80.0,0,I,SMALL_CITIES,HIGHWAY,7,23.0
20878,6,4,174,5,5,50.0,0,N,MELB_URBAN,STREET,7,23.0
20879,4,5,181,5,5,100.0,0,N,RURAL_VICTORIA,HIGHWAY,7,4.0
20880,1,4,116,2,1,60.0,0,N,MELB_URBAN,STREET,7,14.0
20881,1,4,99,5,1,40.0,0,N,MELB_URBAN,AVENUE,7,14.0
20882,6,7,184,5,1,70.0,0,N,RURAL_VICTORIA,ROAD,4,12.0
20883,1,5,130,5,1,100.0,0,N,MELB_URBAN,ROAD,7,7.0
20884,1,4,99,2,9,70.0,0,I,MELB_URBAN,ROAD,7,20.0
20885,2,5,100,5,1,60.0,0,N,MELB_URBAN,STREET,7,9.0
20886,1,5,121,5,1,60.0,0,N,MELB_URBAN,ROAD,7,8.0
20887,4,5,181,5,1,100.0,0,N,RURAL_VICTORIA,ROAD,7,7.0
20888,1,5,130,5,1,60.0,0,N,MELB_URBAN,BOULEVARD,7,9.0
20889,1,4,160,5,1,60.0,0,N,MELB_URBAN,ROAD,7,16.0
20890,1,5,113,2,1,90.0,0,I,RURAL_VICTORIA,HIGHWAY,7,10.0
20891,1,5,116,1,2,50.0,0,I,LARGE_PROVINCIAL_CITIES,STREET,7,6.0
20892,2,5,99,5,1,60.0,0,N,MELB_URBAN,AVENUE,7,12.0
20893,1,5,110,1,1,60.0,0,I,LARGE_PROVINCIAL_CITIES,STREET,7,10.0
20894,5,5,99,5,1,100.0,0,N,RURAL_VICTORIA,OTHER,7,14.0
20895,1,5,113,2,1,60.0,0,I,MELB_URBAN,STREET,7,11.0
20896,1,3,130,1,1,60.0,0,N,MELB_URBAN,ROAD,7,8.0
20897,1,5,99,5,1,100.0,0,N,RURAL_VICTORIA,ROAD,7,9.0
20898,1,3,130,1,2,80.0,0,I,MELB_URBAN,ROAD,7,18.0
20899,1,5,116,1,1,60.0,0,I,SMALL_CITIES,ROAD,7,15.0
20900,2,5,99,5,3,50.0,0,N,MELB_URBAN,ROAD,7,23.0
20901,8,2,174,2,1,50.0,0,I,MELB_URBAN,AVENUE,7,17.0
20902,1,3,99,2,9,60.0,0,N,MELB_URBAN,ROAD,5,13.0
20903,1,5,110,1,1,60.0,0,I,LARGE_PROVINCIAL_CITIES,ROAD,7,14.0
20904,1,5,113,1,1,60.0,0,I,MELB_URBAN,ROAD,7,17.0
20905,1,2,132,5,1,100.0,0,N,RURAL_VICTORIA,ROAD,6,15.0
20906,1,5,130,5,3,100.0,0,N,MELB_URBAN,ROAD,7,18.0
20907,1,5,130,5,3,100.0,0,N,MELB_URBAN,UNKNOWN,7,18.0
20908,8,5,99,5,9,40.0,0,N,MELB_URBAN,ROAD,7,11.0
20909,1,5,120,1,3,80.0,0,N,MELB_URBAN,HIGHWAY,7,20.0
20910,4,5,183,5,5,100.0,0,N,RURAL_VICTORIA,ROAD,7,19.0
20911,1,7,110,1,1,80.0,0,I,RURAL_VICTORIA,FREEWAY,6,16.0
20912,4,5,173,5,9,60.0,0,N,MELB_URBAN,STREET,7,12.0
20913,1,6,113,4,3,80.0,1,I,MELB_URBAN,HIGHWAY,7,3.0
20914,4,6,171,5,2,80.0,0,N,RURAL_VICTORIA,HIGHWAY,7,7.0
20915,1,5,111,1,1,80.0,0,I,MELB_URBAN,HIGHWAY,7,7.0
20916,4,4,99,5,1,60.0,0,N,RURAL_VICTORIA,ROAD,5,10.0
20917,1,7,130,5,1,60.0,0,N,MELB_URBAN,ROAD,7,10.0
20918,1,6,130,4,1,50.0,0,I,MELB_URBAN,ROAD,7,8.0
20919,8,1,174,5,1,100.0,0,N,RURAL_VICTORIA,ROAD,6,10.0
20920,2,6,100,1,1,60.0,0,I,LARGE_PROVINCIAL_CITIES,STREET,7,8.0
20921,1,5,135,1,1,40.0,0,I,MELBOURNE_CBD,STREET,7,7.0
20922,2,6,102,5,1,40.0,0,N,MELBOURNE_CBD,STREET,7,11.0
20923,4,4,99,2,5,100.0,0,I,RURAL_VICTORIA,HIGHWAY,7,6.0
20924,2,5,99,5,6,60.0,0,N,LARGE_PROVINCIAL_CITIES,STREET,7,18.0
20925,2,6,102,1,1,50.0,0,I,SMALL_CITIES,STREET,7,10.0
20926,1,6,121,2,1,70.0,0,I,MELB_URBAN,ROAD,7,9.0
20927,2,6,99,5,1,50.0,0,N,MELB_URBAN,ROAD,7,12.0
20928,1,6,121,1,1,60.0,0,I,SMALL_CITIES,STREET,7,10.0
20929,1,6,140,5,1,70.0,0,N,MELB_URBAN,HIGHWAY,7,11.0
20930,2,5,102,1,1,60.0,0,I,MELB_URBAN,STREET,7,7.0
20931,1,4,121,2,3,60.0,0,I,MELB_URBAN,PARADE,7,18.0
20932,1,5,130,5,9,60.0,0,N,MELB_URBAN,ROAD,6,8.0
20933,1,6,110,1,1,90.0,0,I,RURAL_VICTORIA,ROAD,7,13.0
20934,2,6,100,1,1,50.0,0,I,MELB_URBAN,STREET,7,8.0
20935,4,4,183,5,1,100.0,0,N,RURAL_VICTORIA,ROAD,7,8.0
20936,1,4,99,2,6,60.0,0,I,SMALL_CITIES,OTHER,6,18.0
20937,2,4,102,1,1,60.0,0,I,MELB_URBAN,STREET,7,16.0
20938,1,6,135,2,1,60.0,0,I,MELB_URBAN,AVENUE,7,14.0
20939,1,6,110,1,1,100.0,0,I,RURAL_VICTORIA,ROAD,7,15.0
20940,1,6,113,2,5,60.0,0,N,SMALL_CITIES,STREET,7,18.0
20941,2,6,102,2,3,60.0,0,I,MELB_URBAN,ROAD,7,18.0
20942,1,5,121,2,5,110.0,0,I,TOWNS,ROAD,7,17.0
20943,1,6,121,2,1,60.0,0,I,MELB_URBAN,STREET,7,16.0
20944,7,6,99,5,3,50.0,0,N,TOWNS,OTHER,7,19.0
20945,4,6,171,5,5,100.0,0,N,RURAL_VICTORIA,HIGHWAY,7,23.0
20946,4,6,171,5,5,100.0,1,N,RURAL_VICTORIA,HIGHWAY,7,19.0
20947,4,6,181,2,5,100.0,0,I,RURAL_VICTORIA,HIGHWAY,7,21.0
20948,4,7,171,2,3,60.0,0,I,MELB_URBAN,ROAD,7,1.0
20949,4,7,171,1,3,60.0,0,I,LARGE_PROVINCIAL_CITIES,STREET,7,0.0
20950,8,5,99,5,3,60.0,0,N,MELB_URBAN,ROAD,6,19.0
20951,4,7,173,1,5,70.0,0,I,MELB_URBAN,STREET,7,2.0
20952,1,6,130,5,3,100.0,0,N,MELB_URBAN,FREEWAY,7,18.0
20953,1,3,147,5,1,50.0,0,N,MELB_URBAN,ROAD,7,7.0
20954,1,7,121,2,1,40.0,0,I,MELB_URBAN,ROAD,7,9.0
20955,1,4,130,1,1,60.0,0,I,MELB_URBAN,HIGHWAY,5,16.0
20956,1,7,120,2,1,60.0,0,I,MELB_URBAN,ROAD,7,10.0
20957,1,7,120,5,2,60.0,0,N,MELB_URBAN,STREET,7,7.0
20958,1,5,130,2,9,80.0,0,I,MELB_URBAN,ROAD,7,18.0
20959,4,7,173,5,1,100.0,0,N,RURAL_VICTORIA,ROAD,7,11.0
20960,1,6,130,5,3,70.0,0,N,MELB_URBAN,ROAD,7,18.0
20961,1,7,110,1,1,80.0,0,N,RURAL_VICTORIA,ROAD,7,12.0
20962,1,3,130,1,3,80.0,0,N,RURAL_VICTORIA,ROAD,7,18.0
20963,8,7,174,5,1,100.0,0,N,RURAL_VICTORIA,HIGHWAY,7,11.0
20964,1,7,130,1,1,50.0,0,I,LARGE_PROVINCIAL_CITIES,STREET,7,13.0
20965,6,7,174,2,1,60.0,0,I,MELB_URBAN,ROAD,7,14.0
20966,1,7,133,1,1,40.0,0,I,MELBOURNE_CBD,STREET,7,15.0
20967,1,5,130,5,3,80.0,0,N,MELB_URBAN,HIGHWAY,7,18.0
20968,8,7,174,5,1,60.0,0,N,MELB_URBAN,STREET,7,15.0
20969,1,7,134,5,1,70.0,0,N,LARGE_PROVINCIAL_CITIES,OTHER,6,14.0
20970,1,7,134,5,1,80.0,0,N,MELB_URBAN,ROAD,7,14.0
20971,1,7,99,4,1,60.0,0,I,MELB_URBAN,ROAD,7,17.0
20972,4,7,183,5,1,70.0,0,N,MELB_URBAN,RAMP,7,16.0
20973,4,7,173,3,1,100.0,0,I,MELB_URBAN,FREEWAY,7,15.0
20974,1,6,121,4,2,60.0,0,I,MELB_URBAN,STREET,7,16.0
20975,1,7,99,5,2,100.0,0,N,RURAL_VICTORIA,HIGHWAY,7,18.0
20976,1,7,140,2,2,60.0,0,I,SMALL_CITIES,PARADE,7,18.0
20977,4,7,171,5,1,50.0,0,N,MELB_URBAN,ROAD,7,15.0
20978,8,7,174,5,1,60.0,0,N,RURAL_VICTORIA,ROAD,7,13.0
20979,1,7,132,1,3,60.0,0,I,MELB_URBAN,ROAD,7,17.0
20980,4,7,173,1,3,60.0,0,I,MELB_URBAN,AVENUE,7,18.0
20981,6,7,99,5,1,100.0,0,N,RURAL_VICTORIA,OTHER,7,18.0
20982,6,6,184,5,3,60.0,0,N,MELB_URBAN,ROAD,7,18.0
20983,4,7,173,5,1,100.0,0,N,RURAL_VICTORIA,HIGHWAY,7,17.0
20984,4,7,171,5,3,60.0,0,N,MELB_URBAN,ROAD,7,20.0
20985,2,7,102,1,3,60.0,0,I,MELB_URBAN,STREET,7,21.0
20986,1,6,116,2,3,60.0,0,I,MELB_URBAN,ROAD,7,5.0
20987,2,5,100,5,3,60.0,0,N,MELB_URBAN,ROAD,7,5.0
20988,1,7,160,5,3,60.0,0,N,LARGE_PROVINCIAL_CITIES,STREET,7,23.0
20989,1,7,130,2,6,70.0,0,I,MELB_URBAN,ROAD,7,23.0
20990,4,7,183,5,3,50.0,0,N,MELB_URBAN,STREET,7,23.0
20991,1,6,110,1,1,60.0,0,I,LARGE_PROVINCIAL_CITIES,ROAD,7,12.0
20992,1,1,110,1,1,70.0,0,I,LARGE_PROVINCIAL_CITIES,STREET,7,7.0
20993,1,7,121,1,1,60.0,0,I,MELB_URBAN,HIGHWAY,7,14.0
20994,1,7,120,5,1,60.0,0,N,MELB_URBAN,ROAD,7,16.0
20995,4,7,181,5,5,100.0,1,N,RURAL_VICTORIA,ROAD,7,23.0
20996,1,2,130,5,2,100.0,0,N,MELB_URBAN,FREEWAY,6,7.0
20997,8,7,174,5,6,80.0,0,N,MELB_URBAN,FREEWAY,7,18.0
20998,4,1,171,5,1,100.0,0,N,SMALL_CITIES,ROAD,7,13.0
20999,8,2,174,1,1,60.0,0,I,RURAL_VICTORIA,ROAD,7,13.0
21000,2,5,99,5,1,60.0,0,N,MELB_URBAN,AVENUE,7,12.0
21001,1,1,121,2,1,80.0,0,I,MELB_URBAN,HIGHWAY,7,13.0
21002,4,7,173,1,3,40.0,0,I,MELB_URBAN,STREET,7,22.0
21003,1,1,116,2,1,60.0,0,I,LARGE_PROVINCIAL_CITIES,ROAD,7,13.0
21004,4,1,183,5,1,70.0,0,N,RURAL_VICTORIA,HIGHWAY,7,16.0
21005,4,1,181,5,1,70.0,0,N,RURAL_VICTORIA,ROAD,7,16.0
21006,1,1,147,5,1,60.0,0,N,LARGE_PROVINCIAL_CITIES,STREET,7,15.0
21007,1,1,121,1,3,80.0,0,I,MELB_URBAN,ROAD,7,17.0
21008,1,6,130,1,1,60.0,0,I,MELB_URBAN,STREET,4,10.0
21009,4,1,173,5,3,80.0,1,N,MELB_URBAN,ROAD,7,2.0
21010,1,1,140,2,3,60.0,0,I,MELB_URBAN,ROAD,7,21.0
21011,1,1,110,1,1,50.0,0,I,LARGE_PROVINCIAL_CITIES,STREET,7,15.0
21012,4,7,171,5,5,100.0,0,N,RURAL_VICTORIA,HIGHWAY,7,0.0
21013,8,2,99,2,5,50.0,0,I,MELB_URBAN,OTHER,7,0.0
21014,1,1,130,5,3,100.0,0,N,MELB_URBAN,FREEWAY,7,23.0
21015,1,2,110,1,1,80.0,0,I,RURAL_VICTORIA,ROAD,7,7.0
21016,1,2,110,1,1,50.0,0,I,TOWNS,STREET,7,9.0
21017,1,2,160,5,1,60.0,0,N,MELB_URBAN,ROAD,7,9.0
21018,6,2,99,5,1,100.0,0,N,RURAL_VICTORIA,ROAD,7,10.0
21019,1,1,163,2,1,60.0,0,I,MELB_URBAN,OTHER,5,13.0
21020,1,4,130,2,2,110.0,0,I,RURAL_VICTORIA,FREEWAY,6,16.0
21021,1,2,121,4,2,60.0,0,I,MELB_URBAN,RAMP,7,7.0
21022,6,2,174,5,1,60.0,0,N,MELB_URBAN,ROAD,7,9.0
21023,7,2,174,5,1,60.0,0,N,MELB_URBAN,ROAD,7,7.0
21024,8,1,174,2,1,60.0,0,I,MELB_URBAN,STREET,7,13.0
21025,4,2,181,5,9,70.0,0,N,RURAL_VICTORIA,HIGHWAY,7,13.0
21026,4,3,181,5,1,100.0,0,N,RURAL_VICTORIA,ROAD,2,15.0
21027,1,2,130,5,1,100.0,0,N,MELB_URBAN,FREEWAY,7,10.0
21028,1,2,135,5,3,80.0,0,N,MELB_URBAN,OTHER,7,5.0
21029,1,2,121,1,1,60.0,0,I,MELB_URBAN,ROAD,7,13.0
21030,1,3,130,5,9,80.0,0,N,RURAL_VICTORIA,RAMP,5,18.0
21031,2,4,102,1,3,60.0,0,I,MELB_URBAN,STREET,6,18.0
21032,3,4,167,2,3,60.0,0,N,TOWNS,ROAD,6,19.0
21033,1,2,110,1,1,100.0,0,I,RURAL_VICTORIA,HIGHWAY,7,14.0
21034,1,2,130,5,1,60.0,0,N,SMALL_CITIES,STREET,7,14.0
21035,8,3,99,5,1,100.0,0,N,RURAL_VICTORIA,ROAD,6,9.0
21036,1,2,113,2,3,70.0,0,I,MELB_URBAN,ROAD,7,18.0
21037,1,2,130,5,5,80.0,0,N,MELB_URBAN,ROAD,7,18.0
21038,1,2,110,1,3,60.0,0,I,SMALL_CITIES,AVENUE,7,20.0
21039,2,2,99,2,3,60.0,0,I,MELB_URBAN,STREET,7,19.0
21040,4,2,171,2,3,50.0,0,I,MELB_URBAN,DRIVE,7,22.0
21041,1,2,160,2,3,50.0,0,I,MELB_URBAN,ROAD,7,22.0
21042,2,6,100,4,1,60.0,0,I,MELB_URBAN,ROAD,7,16.0
21043,4,3,183,5,3,50.0,0,N,MELB_URBAN,ROAD,7,4.0
21044,1,3,130,5,9,60.0,0,N,MELB_URBAN,FREEWAY,7,17.0
21045,1,3,110,1,2,60.0,0,I,MELB_URBAN,PARADE,7,6.0
21046,4,3,173,5,3,70.0,0,N,MELB_URBAN,ROAD,7,5.0
21047,1,3,121,1,1,60.0,0,I,MELB_URBAN,ROAD,7,8.0
21048,1,2,130,5,3,70.0,0,N,MELB_URBAN,HIGHWAY,7,18.0
21049,1,3,99,5,1,50.0,0,N,MELB_URBAN,STREET,7,8.0
21050,6,3,99,5,9,60.0,0,N,MELB_URBAN,ROAD,6,15.0
21051,1,3,130,5,1,100.0,0,N,MELB_URBAN,FREEWAY,7,9.0
21052,8,2,99,5,3,70.0,0,N,MELB_URBAN,ROAD,7,19.0
21053,1,5,99,2,2,60.0,0,N,MELB_URBAN,ROAD,7,8.0
21054,4,2,99,5,3,70.0,0,N,MELB_URBAN,ROAD,7,22.0
21055,1,3,130,5,1,100.0,0,N,RURAL_VICTORIA,HIGHWAY,7,10.0
21056,1,6,113,2,1,60.0,0,I,MELB_URBAN,AVENUE,12,12.0
21057,1,3,130,5,1,80.0,0,N,MELB_URBAN,ROAD,7,7.0
21058,1,3,147,5,1,60.0,0,N,MELB_URBAN,ROAD,7,8.0
21059,1,4,132,2,9,50.0,0,I,MELB_URBAN,ROAD,5,10.0
21060,1,3,110,1,1,100.0,0,I,RURAL_VICTORIA,ROAD,7,10.0
21061,4,4,181,5,1,100.0,0,N,RURAL_VICTORIA,ROAD,7,13.0
21062,4,3,173,5,1,80.0,0,N,MELB_URBAN,ROAD,7,15.0
21063,5,6,99,2,1,80.0,0,I,MELB_URBAN,ROAD,6,9.0
21064,1,2,130,1,9,60.0,0,I,MELB_URBAN,ROAD,7,14.0
21065,1,1,111,1,3,50.0,0,I,TOWNS,STREET,5,19.0
21066,1,3,121,5,9,40.0,0,N,MELB_URBAN,STREET,7,6.0
21067,6,3,170,5,1,100.0,0,N,TOWNS,HIGHWAY,7,15.0
21068,1,3,147,5,3,60.0,0,N,MELB_URBAN,ROAD,7,17.0
21069,1,3,130,5,3,50.0,0,N,SMALL_CITIES,STREET,7,17.0
21070,1,3,163,5,1,60.0,0,N,MELB_URBAN,STREET,7,16.0
21071,1,3,121,2,2,80.0,0,I,MELB_URBAN,ROAD,7,17.0
21072,4,3,173,5,5,80.0,0,N,RURAL_VICTORIA,ROAD,7,19.0
21073,2,3,100,2,3,60.0,0,I,MELB_URBAN,ROAD,7,18.0
21074,8,3,170,5,3,60.0,0,N,MELB_URBAN,AVENUE,7,19.0
21075,7,1,99,5,3,50.0,0,N,MELB_URBAN,OTHER,7,19.0
21076,2,2,100,2,3,60.0,1,I,MELB_URBAN,STREET,7,23.0
21077,4,3,171,5,5,70.0,0,N,MELB_URBAN,ROAD,7,5.0
21078,1,4,160,5,3,60.0,0,N,MELB_URBAN,STREET,7,3.0
21079,4,2,173,5,1,100.0,0,N,RURAL_VICTORIA,ROAD,7,16.0
21080,2,3,99,5,1,50.0,0,N,TOWNS,STREET,7,15.0
21081,4,7,181,5,3,70.0,0,N,MELB_URBAN,ROAD,3,1.0
21082,1,4,121,5,1,60.0,0,N,MELB_URBAN,ROAD,7,8.0
21083,1,4,99,5,1,60.0,0,N,MELB_URBAN,ROAD,7,9.0
21084,6,7,99,5,5,80.0,0,N,RURAL_VICTORIA,ROAD,7,0.0
21085,1,4,130,2,9,80.0,0,N,MELB_URBAN,HIGHWAY,6,14.0
21086,4,4,173,2,1,70.0,0,I,MELB_URBAN,ROAD,7,8.0
21087,1,4,113,2,1,60.0,0,I,SMALL_CITIES,ROAD,7,11.0
21088,1,3,113,1,1,60.0,0,I,MELB_URBAN,ROAD,2,9.0
21089,1,5,116,1,1,70.0,0,I,LARGE_PROVINCIAL_CITIES,ROAD,6,15.0
21090,8,4,170,2,1,80.0,0,I,MELB_URBAN,ROAD,7,8.0
21091,1,5,163,5,6,40.0,0,N,MELB_URBAN,STREET,7,20.0
21092,1,4,147,5,1,60.0,0,N,MELB_URBAN,ROAD,7,12.0
21093,1,0,132,5,1,100.0,0,N,RURAL_VICTORIA,ROAD,7,11.0
21094,1,4,113,2,1,70.0,0,I,MELB_URBAN,ROAD,7,14.0
21095,1,4,121,1,1,60.0,0,I,MELB_URBAN,ROAD,7,15.0
21096,4,7,171,2,3,70.0,0,I,MELB_URBAN,STREET,7,19.0
21097,1,4,116,2,1,80.0,0,I,MELB_URBAN,HIGHWAY,7,15.0
21098,1,4,99,5,1,60.0,0,N,MELB_URBAN,DRIVE,7,13.0
21099,2,4,100,1,1,40.0,0,I,MELB_URBAN,ROAD,7,15.0
21100,1,3,121,1,1,60.0,0,I,LARGE_PROVINCIAL_CITIES,ROAD,7,15.0
21101,4,2,171,5,5,100.0,0,N,RURAL_VICTORIA,ROAD,7,18.0
21102,1,4,130,1,1,60.0,0,I,MELB_URBAN,ROAD,7,14.0
21103,2,4,100,5,1,50.0,0,N,SMALL_CITIES,AVENUE,7,15.0
21104,2,4,100,5,1,40.0,0,N,MELB_URBAN,ROAD,7,17.0
21105,1,6,130,5,9,100.0,0,N,MELB_URBAN,FREEWAY,6,18.0
21106,1,4,132,2,1,70.0,0,I,RURAL_VICTORIA,ROAD,7,16.0
21107,1,4,160,5,1,60.0,0,N,MELB_URBAN,OTHER,6,10.0
21108,1,1,99,2,1,60.0,0,I,MELB_URBAN,ROAD,6,16.0
21109,1,4,113,2,1,80.0,0,I,MELB_URBAN,ROAD,7,16.0
21110,1,4,147,5,3,70.0,0,N,MELB_URBAN,ROAD,7,19.0
21111,1,4,130,5,1,60.0,0,N,MELB_URBAN,STREET,7,16.0
21112,1,4,99,5,3,40.0,0,N,MELB_URBAN,ROAD,7,20.0
21113,8,4,174,5,3,70.0,0,N,LARGE_PROVINCIAL_CITIES,ROAD,7,20.0
21114,1,4,130,5,5,80.0,0,N,RURAL_VICTORIA,ROAD,7,18.0
21115,1,4,121,2,3,70.0,0,I,SMALL_CITIES,STREET,7,20.0
21116,1,4,130,5,3,70.0,0,N,MELB_URBAN,ROAD,7,19.0
21117,2,4,100,5,5,60.0,0,N,LARGE_PROVINCIAL_CITIES,ROAD,7,21.0
21118,1,4,110,1,3,50.0,0,I,MELB_URBAN,STREET,7,21.0
21119,4,5,173,1,3,80.0,0,I,MELB_URBAN,HIGHWAY,7,1.0
21120,4,5,173,1,3,60.0,0,I,LARGE_PROVINCIAL_CITIES,HIGHWAY,7,1.0
21121,1,4,130,5,3,100.0,0,N,MELB_URBAN,UNKNOWN,4,22.0
21122,1,5,140,5,1,60.0,0,N,MELB_URBAN,ROAD,7,7.0
21123,1,5,116,2,1,50.0,0,I,MELB_URBAN,UNKNOWN,7,7.0
21124,6,5,174,5,1,40.0,0,N,MELB_URBAN,STREET,7,8.0
21125,4,4,181,2,1,60.0,0,I,MELB_URBAN,DRIVE,7,13.0
21126,1,5,130,5,2,70.0,0,N,MELB_URBAN,STREET,7,8.0
21127,1,7,130,2,1,50.0,0,I,MELB_URBAN,ROAD,7,10.0
21128,1,5,130,2,1,80.0,0,N,MELB_URBAN,ROAD,7,11.0