,accident_type,day_of_week,dca_code,road_geometry,light_condition,speed_zone,severity,node_type,deg_urban_name,road_type,month,hour
21129,4,3,171,5,9,60.0,0,N,MELB_URBAN,ROAD,7,18.0
21130,6,2,174,1,3,60.0,0,I,MELB_URBAN,STREET,7,5.0
21131,2,5,100,1,1,50.0,0,I,MELB_URBAN,AVENUE,7,8.0
21132,3,3,167,5,5,80.0,0,N,RURAL_VICTORIA,ROAD,7,21.0
21133,1,5,140,5,1,60.0,0,N,LARGE_PROVINCIAL_CITIES,ROAD,7,12.0
21134,3,4,167,5,5,100.0,0,N,RURAL_VICTORIA,HIGHWAY,7,19.0
21135,1,5,110,1,1,70.0,0,I,SMALL_CITIES,ROAD,7,12.0
21136,1,5,121,1,1,60.0,0,I,MELB_URBAN,STREET,7,10.0
21137,1,5,147,5,1,50.0,0,N,TOWNS,STREET,7,13.0
21138,1,4,116,1,3,60.0,0,I,MELB_URBAN,ROAD,7,6.0
21139,6,5,174,2,1,50.0,0,I,MELB_URBAN,STREET,7,14.0
21140,1,5,121,1,1,60.0,0,I,SMALL_CITIES,ROAD,7,11.0
21141,1,1,130,1,1,60.0,0,I,MELB_URBAN,HIGHWAY,11,17.0
21142,1,3,130,1,3,60.0,0,I,MELB_URBAN,OTHER,6,19.0
21143,1,3,163,5,1,40.0,0,N,MELB_URBAN,STREET,7,12.0
21144,1,5,130,2,1,60.0,0,I,MELB_URBAN,ROAD,7,16.0
21145,1,4,121,2,2,60.0,0,I,MELB_URBAN,STREET,7,16.0
21146,1,5,113,2,1,80.0,0,I,RURAL_VICTORIA,HIGHWAY,7,16.0
21147,1,5,121,2,1,70.0,0,I,MELB_URBAN,ROAD,7,15.0
21148,1,5,111,1,3,50.0,0,I,SMALL_CITIES,AVENUE,7,18.0
21149,1,5,130,5,2,100.0,0,N,RURAL_VICTORIA,FREEWAY,7,17.0
21150,1,5,111,2,3,60.0,0,I,MELB_URBAN,ROAD,7,18.0
21151,1,5,130,1,2,60.0,0,I,MELB_URBAN,PARADE,7,16.0
21152,1,5,133,5,5,110.0,0,N,RURAL_VICTORIA,FREEWAY,7,18.0
21153,1,5,133,4,6,60.0,0,I,MELB_URBAN,ROAD,7,19.0
21154,3,5,167,5,5,100.0,0,N,RURAL_VICTORIA,ROAD,7,21.0
21155,1,5,130,5,3,60.0,0,N,TOWNS,AVENUE,7,21.0
21156,1,5,113,2,3,60.0,0,I,MELB_URBAN,OTHER,7,5.0
21157,6,5,170,2,1,100.0,0,I,RURAL_VICTORIA,HIGHWAY,7,12.0
21158,9,5,99,5,1,50.0,0,N,MELB_URBAN,STREET,7,15.0
21159,6,1,99,5,5,100.0,0,N,RURAL_VICTORIA,ROAD,3,8.0
21160,4,4,181,5,5,100.0,0,N,RURAL_VICTORIA,HIGHWAY,7,5.0
21161,1,6,130,2,1,60.0,0,I,MELB_URBAN,ROAD,7,7.0
21162,2,6,102,2,1,60.0,0,I,MELB_URBAN,ROAD,7,8.0
21163,1,6,121,2,1,100.0,0,I,RURAL_VICTORIA,ROAD,7,8.0
21164,2,6,100,2,1,40.0,0,I,MELB_URBAN,DRIVE,7,8.0
21165,4,6,173,5,1,100.0,0,N,RURAL_VICTORIA,ROAD,7,8.0
21166,1,6,99,1,1,40.0,0,I,MELBOURNE_CBD,STREET,7,11.0
21167,1,5,130,1,1,80.0,0,I,LARGE_PROVINCIAL_CITIES,HIGHWAY,10,15.0
21168,6,4,174,5,2,50.0,0,N,SMALL_CITIES,ROAD,7,18.0
21169,1,6,163,2,1,60.0,0,I,MELB_URBAN,STREET,7,12.0
21170,1,6,130,1,1,60.0,0,I,LARGE_PROVINCIAL_CITIES,STREET,7,11.0
21171,4,6,171,5,1,50.0,0,N,TOWNS,AVENUE,7,12.0
21172,8,6,174,2,1,60.0,0,I,MELB_URBAN,UNKNOWN,7,12.0
21173,1,6,121,1,1,70.0,0,I,MELB_URBAN,ROAD,7,10.0
21174,1,5,130,5,3,100.0,0,N,MELB_URBAN,FREEWAY,6,17.0
21175,2,6,100,2,1,60.0,1,I,MELB_URBAN,STREET,7,9.0
21176,1,4,121,1,1,80.0,0,I,MELB_URBAN,ROAD,5,7.0
21177,4,6,181,5,1,100.0,0,N,RURAL_VICTORIA,HIGHWAY,7,13.0
21178,1,6,130,5,1,60.0,0,N,MELB_URBAN,DRIVE,7,14.0
21179,1,4,130,2,5,70.0,0,I,RURAL_VICTORIA,ROAD,6,17.0
21180,1,4,111,2,3,60.0,0,I,MELB_URBAN,STREET,7,17.0
21181,1,6,110,1,1,60.0,0,I,LARGE_PROVINCIAL_CITIES,STREET,7,14.0
21182,1,7,111,1,1,90.0,0,I,RURAL_VICTORIA,HIGHWAY,4,15.0
21183,4,6,171,5,1,110.0,0,N,RURAL_VICTORIA,HIGHWAY,7,9.0
21184,1,6,121,2,1,60.0,0,I,MELB_URBAN,PARADE,7,15.0
21185,1,6,120,5,1,60.0,1,N,MELB_URBAN,ROAD,7,11.0
21186,1,5,121,2,2,60.0,0,I,MELB_URBAN,ROAD,7,17.0
21187,1,6,134,2,1,70.0,0,I,LARGE_PROVINCIAL_CITIES,STREET,7,16.0
21188,1,6,113,2,1,70.0,0,I,MELB_URBAN,ROAD,7,16.0
21189,1,5,130,5,2,100.0,0,N,MELB_URBAN,FREEWAY,7,6.0
21190,1,6,99,2,1,60.0,0,I,MELB_URBAN,STREET,7,16.0
21191,1,6,130,5,3,100.0,0,N,MELB_URBAN,ROAD,7,17.0
21192,6,6,170,5,5,80.0,0,N,RURAL_VICTORIA,ROAD,7,17.0
21193,1,6,110,1,5,50.0,0,I,MELB_URBAN,STREET,7,18.0
21194,1,4,130,1,1,70.0,0,I,MELB_URBAN,ROAD,7,16.0
21195,1,6,130,5,3,60.0,0,N,MELB_URBAN,ROAD,7,17.0
21196,1,6,99,1,3,40.0,0,I,MELB_URBAN,STREET,7,19.0
21197,1,6,121,4,1,60.0,0,I,MELB_URBAN,STREET,7,15.0
21198,1,5,130,1,3,60.0,0,N,MELB_URBAN,ROAD,7,19.0
21199,1,5,113,2,1,60.0,0,I,MELB_URBAN,ROAD,7,16.0
21200,1,6,113,2,3,60.0,0,I,MELB_URBAN,ROAD,7,20.0
21201,2,6,102,5,5,50.0,0,N,MELB_URBAN,ROAD,7,18.0
21202,1,6,130,5,5,50.0,0,N,LARGE_PROVINCIAL_CITIES,PARADE,7,17.0
21203,1,6,110,1,3,60.0,0,I,MELB_URBAN,DRIVE,7,19.0
21204,1,6,130,2,1,60.0,0,I,LARGE_PROVINCIAL_CITIES,STREET,7,16.0
21205,1,6,130,5,3,70.0,0,N,MELB_URBAN,ROAD,7,19.0
21206,2,6,102,1,3,40.0,0,I,MELB_URBAN,ROAD,7,19.0
21207,4,6,181,5,3,50.0,0,N,SMALL_TOWNS,ROAD,7,20.0
21208,4,6,173,5,5,110.0,0,N,RURAL_VICTORIA,HIGHWAY,7,19.0
21209,1,6,130,1,3,50.0,0,I,LARGE_PROVINCIAL_CITIES,STREET,7,23.0
21210,1,5,135,5,1,80.0,0,N,MELB_URBAN,ROAD,7,7.0
21211,1,6,121,2,1,70.0,0,I,MELB_URBAN,ROAD,7,12.0
21212,1,1,113,2,1,60.0,0,I,TOWNS,ROAD,5,13.0
21213,6,7,99,5,3,60.0,0,N,MELB_URBAN,STREET,7,6.0
21214,4,6,173,5,2,100.0,0,N,RURAL_VICTORIA,ROAD,7,8.0
21215,1,7,132,2,1,60.0,0,I,MELB_URBAN,ROAD,7,11.0
21216,1,7,130,2,1,60.0,0,I,MELB_URBAN,ROAD,7,10.0
21217,1,7,121,2,1,60.0,0,I,MELB_URBAN,DRIVE,7,11.0
21218,1,6,113,2,3,70.0,0,I,RURAL_VICTORIA,ROAD,7,18.0
21219,1,7,120,5,1,80.0,0,N,SMALL_TOWNS,ROAD,7,12.0
21220,1,7,110,1,1,50.0,0,I,MELB_URBAN,STREET,7,12.0
21221,1,7,130,5,9,60.0,0,N,LARGE_PROVINCIAL_CITIES,AVENUE,7,12.0
21222,1,7,116,2,1,60.0,0,I,SMALL_CITIES,STREET,7,11.0
21223,4,7,173,5,1,100.0,0,N,RURAL_VICTORIA,HIGHWAY,7,13.0
21224,1,7,110,1,1,70.0,0,I,MELB_URBAN,ROAD,7,13.0
21225,1,6,130,5,1,60.0,0,N,LARGE_PROVINCIAL_CITIES,STREET,7,16.0
21226,2,7,102,5,1,60.0,0,N,MELB_URBAN,ROAD,7,12.0
21227,4,7,173,5,1,70.0,0,N,MELB_URBAN,ROAD,7,15.0
21228,2,7,102,5,1,50.0,0,N,MELB_URBAN,OTHER,7,15.0
21229,1,7,130,1,1,60.0,0,I,MELB_URBAN,STREET,7,14.0
21230,6,6,174,2,3,60.0,0,I,MELB_URBAN,ROAD,7,18.0
21231,1,7,113,2,1,80.0,0,I,RURAL_VICTORIA,HIGHWAY,7,15.0
21232,4,7,173,5,1,70.0,0,N,MELB_URBAN,ROAD,7,15.0
21233,1,7,140,5,2,80.0,0,N,RURAL_VICTORIA,ROAD,7,16.0
21234,1,7,121,2,2,60.0,0,I,MELB_URBAN,STREET,7,17.0
21235,4,7,173,5,1,60.0,0,N,SMALL_CITIES,STREET,7,13.0
21236,6,7,170,5,3,50.0,0,N,LARGE_PROVINCIAL_CITIES,ROAD,7,18.0
21237,4,7,171,1,3,60.0,0,I,TOWNS,STREET,7,18.0
21238,2,7,102,1,3,50.0,0,I,TOWNS,HIGHWAY,7,18.0
21239,2,7,100,1,3,60.0,0,I,LARGE_PROVINCIAL_CITIES,OTHER,7,1.0
21240,1,7,121,2,3,80.0,0,I,MELB_URBAN,STREET,7,21.0
21241,7,7,99,5,3,60.0,0,N,MELB_URBAN,STREET,7,19.0
21242,1,1,120,2,5,100.0,0,I,RURAL_VICTORIA,ROAD,7,1.0
21243,4,1,171,5,3,100.0,0,N,MELB_URBAN,FREEWAY,7,3.0
21244,4,1,173,1,3,80.0,0,I,MELB_URBAN,HIGHWAY,7,5.0
21245,1,6,130,1,1,80.0,0,I,MELB_URBAN,HIGHWAY,6,7.0
21246,1,7,121,1,3,60.0,0,I,MELB_URBAN,ROAD,7,18.0
21247,1,1,121,1,1,60.0,0,I,MELB_URBAN,ROAD,7,8.0
21248,2,1,100,2,1,50.0,0,I,LARGE_PROVINCIAL_CITIES,AVENUE,7,11.0
21249,4,6,181,5,3,80.0,0,N,SMALL_CITIES,DRIVE,7,21.0
21250,4,7,171,5,1,100.0,0,N,RURAL_VICTORIA,ROAD,7,11.0
21251,1,1,113,2,1,80.0,0,I,MELB_URBAN,ROAD,7,9.0
21252,1,3,147,5,1,60.0,0,N,MELB_URBAN,OTHER,5,9.0
21253,2,7,100,1,6,60.0,0,I,MELB_URBAN,DRIVE,7,19.0
21254,1,1,110,1,1,60.0,0,I,LARGE_PROVINCIAL_CITIES,STREET,7,9.0
21255,4,1,171,5,1,100.0,0,N,MELB_URBAN,UNKNOWN,7,13.0
21256,1,2,99,2,1,60.0,0,I,MELB_URBAN,ROAD,6,13.0
21257,4,7,171,5,3,80.0,0,N,MELB_URBAN,ROAD,7,18.0
21258,1,7,132,2,3,60.0,0,I,MELB_URBAN,ROAD,7,18.0
21259,4,1,171,5,5,80.0,0,N,RURAL_VICTORIA,ROAD,7,3.0
21260,4,1,181,5,1,50.0,0,N,MELB_URBAN,STREET,7,13.0
21261,1,1,121,1,1,60.0,0,I,MELB_URBAN,HIGHWAY,7,12.0
21262,1,1,121,4,1,60.0,0,I,MELB_URBAN,ROAD,7,15.0
21263,1,1,130,1,1,60.0,0,I,MELB_URBAN,ROAD,7,10.0
21264,4,1,173,5,2,80.0,0,N,MELB_URBAN,ROAD,7,16.0
21265,8,1,174,5,1,60.0,0,N,RURAL_VICTORIA,OTHER,7,13.0
21266,4,1,173,1,3,70.0,0,I,MELB_URBAN,STREET,7,19.0
21267,1,6,110,1,1,60.0,0,I,MELB_URBAN,STREET,6,10.0
21268,2,6,100,1,6,60.0,0,I,MELB_URBAN,STREET,7,19.0
21269,2,1,100,1,3,60.0,0,I,LARGE_PROVINCIAL_CITIES,STREET,7,21.0
21270,1,2,99,5,1,60.0,0,N,MELB_URBAN,ROAD,7,9.0
21271,4,2,171,5,1,50.0,0,N,LARGE_PROVINCIAL_CITIES,STREET,7,10.0
21272,6,4,174,2,1,50.0,0,I,MELB_URBAN,STREET,7,10.0
21273,2,2,100,1,1,60.0,0,I,MELB_URBAN,HIGHWAY,7,10.0
21274,1,2,120,2,1,80.0,0,I,MELB_URBAN,ROAD,7,10.0
21275,1,5,130,5,1,60.0,0,N,LARGE_PROVINCIAL_CITIES,STREET,1,17.0
21276,1,2,116,2,1,60.0,0,I,MELB_URBAN,ROAD,7,11.0
21277,1,6,99,1,1,60.0,0,I,MELB_URBAN,STREET,4,11.0
21278,1,1,133,5,1,40.0,0,N,MELB_URBAN,ROAD,7,8.0
21279,2,2,99,5,1,50.0,0,N,MELB_URBAN,ROAD,7,10.0
21280,1,7,121,1,1,60.0,0,I,MELB_URBAN,ROAD,7,10.0
21281,4,1,173,5,5,110.0,0,N,RURAL_VICTORIA,FREEWAY,7,3.0
21282,1,2,160,2,1,60.0,0,I,MELB_URBAN,ROAD,7,15.0
21283,2,2,99,5,1,40.0,0,N,MELB_URBAN,ROAD,7,14.0
21284,1,2,113,2,1,60.0,0,I,MELB_URBAN,ROAD,7,12.0
21285,1,2,120,5,1,100.0,1,N,RURAL_VICTORIA,ROAD,7,11.0
21286,2,2,100,1,1,40.0,0,I,MELB_URBAN,STREET,7,15.0
21287,6,2,99,5,1,40.0,0,N,RURAL_VICTORIA,OTHER,7,13.0
21288,1,7,113,2,3,70.0,0,I,MELB_URBAN,ROAD,7,21.0
21289,3,7,167,2,5,80.0,0,N,RURAL_VICTORIA,ROAD,9,19.0
21290,8,1,99,9,9,60.0,0,N,RURAL_VICTORIA,OTHER,10,14.0
21291,1,4,130,1,1,60.0,0,I,MELB_URBAN,STREET,7,13.0
21292,1,7,163,2,1,60.0,0,N,MELB_URBAN,ROAD,5,9.0
21293,4,2,171,2,1,60.0,0,I,MELB_URBAN,STREET,7,16.0
21294,2,2,102,1,2,60.0,0,I,MELB_URBAN,AVENUE,7,18.0
21295,4,2,173,5,3,60.0,0,N,LARGE_PROVINCIAL_CITIES,ROAD,7,19.0
21296,1,2,110,1,3,40.0,0,I,MELB_URBAN,ROAD,7,21.0
21297,1,2,110,1,1,60.0,0,I,MELB_URBAN,STREET,7,17.0
21298,4,2,171,5,3,50.0,0,N,MELB_URBAN,OTHER,7,21.0
21299,4,2,171,5,3,50.0,1,N,MELB_URBAN,DRIVE,7,19.0
21300,1,2,133,2,6,60.0,0,I,MELB_URBAN,ROAD,7,0.0
21301,2,2,102,2,6,40.0,0,I,MELB_URBAN,STREET,7,22.0
21302,2,2,100,2,3,60.0,0,I,MELB_URBAN,ROAD,7,6.0
21303,4,2,183,5,3,60.0,0,N,MELB_URBAN,ROAD,7,23.0
21304,4,3,173,5,5,100.0,0,N,MELB_URBAN,RAMP,7,2.0
21305,8,1,99,9,3,40.0,0,N,MELB_URBAN,ROAD,7,20.0
21306,1,1,121,1,3,70.0,0,I,MELB_URBAN,ROAD,6,23.0
21307,2,3,100,1,1,60.0,0,I,MELB_URBAN,ROAD,7,7.0
21308,4,2,183,5,5,100.0,0,N,RURAL_VICTORIA,ROAD,7,17.0
21309,4,3,171,2,1,80.0,0,I,RURAL_VICTORIA,ROAD,7,8.0
21310,8,3,174,4,1,40.0,0,I,MELB_URBAN,STREET,7,10.0
21311,1,3,113,2,1,60.0,0,I,MELB_URBAN,ROAD,7,9.0
21312,1,7,135,5,9,60.0,0,N,MELB_URBAN,ROAD,5,8.0
21313,1,3,147,5,1,70.0,0,N,MELB_URBAN,ROAD,7,8.0
21314,1,6,130,5,3,60.0,0,N,MELB_URBAN,ROAD,5,19.0
21315,1,3,121,2,1,50.0,0,I,TOWNS,STREET,7,10.0
21316,5,7,99,5,1,60.0,0,N,RURAL_VICTORIA,ROAD,7,10.0
21317,1,6,121,1,3,40.0,0,I,MELB_URBAN,STREET,7,19.0
21318,1,6,130,5,3,60.0,0,N,MELB_URBAN,ROAD,7,17.0
21319,4,3,171,5,1,100.0,0,N,RURAL_VICTORIA,ROAD,7,9.0
21320,1,3,130,5,1,80.0,0,N,MELB_URBAN,ROAD,12,18.0
21321,7,6,99,2,1,50.0,0,I,MELB_URBAN,OTHER,3,19.0
21322,1,4,99,2,1,70.0,0,I,MELB_URBAN,ROAD,5,10.0
21323,6,3,99,5,1,100.0,0,N,RURAL_VICTORIA,ROAD,7,14.0
21324,1,3,99,5,1,60.0,0,N,MELB_URBAN,ROAD,7,15.0
21325,1,4,130,5,9,60.0,0,N,MELB_URBAN,ROAD,7,17.0
21326,1,3,111,2,1,60.0,0,I,MELB_URBAN,ROAD,7,16.0
21327,4,3,171,5,1,60.0,0,N,MELB_URBAN,DRIVE,7,16.0
21328,2,3,100,5,1,40.0,0,N,MELB_URBAN,STREET,7,15.0
21329,1,3,163,5,1,60.0,0,N,MELB_URBAN,STREET,7,14.0
21330,1,3,133,5,2,100.0,0,N,MELB_URBAN,FREEWAY,7,16.0
21331,1,3,113,2,1,60.0,0,I,SMALL_TOWNS,HIGHWAY,7,16.0
21332,1,3,110,1,1,80.0,1,I,RURAL_VICTORIA,AVENUE,7,17.0
21333,1,3,113,2,2,50.0,0,I,MELB_URBAN,STREET,7,17.0
21334,1,3,121,2,3,70.0,0,I,MELB_URBAN,ROAD,7,20.0
21335,1,3,121,1,3,60.0,0,I,LARGE_PROVINCIAL_CITIES,HIGHWAY,7,18.0
21336,1,3,113,2,6,50.0,0,I,LARGE_PROVINCIAL_CITIES,AVENUE,7,22.0
21337,4,3,183,5,9,80.0,0,N,MELB_URBAN,ROAD,7,12.0
21338,6,4,170,5,5,80.0,0,N,RURAL_VICTORIA,ROAD,7,0.0
21339,1,1,132,2,3,60.0,0,I,TOWNS,ROAD,7,18.0
21340,4,4,171,1,5,100.0,0,I,RURAL_VICTORIA,HIGHWAY,7,4.0
21341,3,4,167,5,5,100.0,0,N,SMALL_TOWNS,ROAD,7,5.0
21342,1,4,163,5,1,50.0,0,N,MELB_URBAN,STREET,7,8.0
21343,1,1,110,1,1,60.0,0,I,MELB_URBAN,ROAD,7,11.0
21344,2,3,102,5,3,40.0,0,N,MELB_URBAN,ROAD,7,19.0
21345,1,4,99,4,1,60.0,0,I,MELB_URBAN,STREET,7,7.0
21346,2,3,102,5,3,60.0,0,N,MELB_URBAN,ROAD,7,6.0
21347,8,3,174,2,1,50.0,0,I,MELB_URBAN,STREET,7,10.0
21348,1,4,113,2,1,60.0,0,I,MELB_URBAN,STREET,7,8.0
21349,1,4,110,1,3,100.0,0,N,MELB_URBAN,ROAD,7,5.0
21350,4,4,171,5,1,60.0,0,N,MELB_URBAN,ROAD,7,12.0
21351,4,7,171,5,5,100.0,0,N,RURAL_VICTORIA,ROAD,5,18.0
21352,4,4,181,5,1,100.0,0,N,RURAL_VICTORIA,ROAD,7,12.0
21353,1,4,130,5,1,80.0,0,N,MELB_URBAN,HIGHWAY,7,10.0
21354,1,4,160,5,1,60.0,0,N,TOWNS,STREET,7,11.0
21355,1,1,121,1,3,70.0,0,I,MELB_URBAN,ROAD,6,20.0
21356,1,2,130,1,3,80.0,0,I,MELB_URBAN,ROAD,7,19.0
21357,1,2,130,5,2,70.0,0,N,MELB_URBAN,ROAD,2,18.0
21358,8,4,99,5,1,100.0,0,N,RURAL_VICTORIA,ROAD,7,13.0
21359,1,4,113,2,1,60.0,0,I,MELB_URBAN,ROAD,7,15.0
21360,1,4,116,2,1,60.0,0,I,MELB_URBAN,ROAD,7,15.0
21361,2,4,100,5,1,70.0,0,N,MELB_URBAN,ROAD,7,16.0
21362,1,4,99,1,1,60.0,0,I,MELB_URBAN,ROAD,7,15.0
21363,1,4,134,5,3,60.0,0,N,MELB_URBAN,ROAD,7,17.0
21364,1,4,147,5,1,90.0,0,N,MELB_URBAN,ROAD,7,16.0
21365,2,1,100,3,1,50.0,0,N,MELB_URBAN,BOULEVARD,7,16.0
21366,1,4,110,1,1,50.0,0,I,SMALL_CITIES,STREET,7,16.0
21367,1,4,113,2,2,70.0,0,I,RURAL_VICTORIA,HIGHWAY,7,17.0
21368,1,5,130,2,1,60.0,0,I,MELB_URBAN,AVENUE,2,17.0
21369,1,4,99,2,3,60.0,0,I,MELB_URBAN,ROAD,7,18.0
21370,1,4,130,5,1,50.0,0,N,MELB_URBAN,STREET,7,8.0
21371,1,4,110,1,1,100.0,0,I,RURAL_VICTORIA,HIGHWAY,7,13.0
21372,1,1,130,2,1,70.0,0,I,MELB_URBAN,STREET,6,16.0
21373,1,4,130,2,3,80.0,0,I,MELB_URBAN,ROAD,7,18.0
21374,1,4,121,4,3,70.0,0,I,MELB_URBAN,RAMP,7,22.0
21375,1,4,130,5,5,80.0,0,N,MELB_URBAN,ROAD,7,19.0
21376,1,6,147,5,3,60.0,0,N,MELB_URBAN,STREET,7,20.0
21377,1,4,130,2,1,40.0,0,I,MELB_URBAN,ROAD,6,15.0
21378,4,5,171,2,3,40.0,0,I,MELBOURNE_CBD,STREET,7,2.0
21379,4,5,181,5,5,100.0,0,N,RURAL_VICTORIA,ROAD,7,1.0
21380,1,5,160,5,3,50.0,0,N,MELB_URBAN,OTHER,7,5.0
21381,4,2,173,5,1,80.0,0,N,RURAL_VICTORIA,ROAD,7,11.0
21382,1,5,134,5,1,70.0,0,N,MELB_URBAN,ROAD,7,7.0
21383,4,5,181,5,2,100.0,0,N,RURAL_VICTORIA,ROAD,7,7.0
21384,4,5,183,5,5,100.0,0,N,RURAL_VICTORIA,ROAD,7,7.0
21385,1,5,111,1,1,60.0,0,I,MELB_URBAN,AVENUE,7,7.0
21386,1,5,99,2,1,60.0,0,N,MELB_URBAN,HIGHWAY,7,9.0
21387,1,5,135,5,1,80.0,0,N,MELB_URBAN,UNKNOWN,7,8.0
21388,1,5,116,1,1,60.0,0,I,MELB_URBAN,AVENUE,7,8.0
21389,1,5,130,1,1,60.0,0,I,MELB_URBAN,ROAD,7,9.0
21390,1,5,132,1,1,60.0,0,I,MELB_URBAN,ROAD,7,8.0
21391,1,4,99,5,1,70.0,0,N,MELB_URBAN,ROAD,5,13.0
21392,5,5,99,5,1,100.0,0,N,RURAL_VICTORIA,ROAD,7,9.0
21393,6,6,174,1,2,40.0,0,I,MELB_URBAN,STREET,5,18.0
21394,4,5,171,2,1,60.0,0,I,MELB_URBAN,ROAD,7,11.0
21395,2,4,99,5,1,60.0,0,N,MELB_URBAN,ROAD,7,14.0
21396,4,4,99,2,5,80.0,0,I,MELB_URBAN,ROAD,7,17.0
21397,1,3,132,2,1,60.0,0,I,MELB_URBAN,ROAD,3,14.0
21398,1,5,121,5,1,60.0,0,N,MELB_URBAN,ROAD,7,13.0
21399,1,5,121,1,1,60.0,0,I,MELB_URBAN,ROAD,7,15.0
21400,1,4,130,5,1,100.0,0,N,MELB_URBAN,FREEWAY,7,6.0
21401,1,5,110,1,1,50.0,0,I,SMALL_CITIES,STREET,7,10.0
21402,1,5,147,5,1,60.0,0,N,MELB_URBAN,ROAD,7,14.0
21403,1,1,132,2,1,50.0,0,I,TOWNS,ROAD,7,16.0
21404,1,5,132,2,2,80.0,0,N,SMALL_CITIES,HIGHWAY,7,17.0
21405,1,5,130,1,1,60.0,0,I,MELB_URBAN,STREET,7,18.0
21406,1,5,132,5,1,60.0,0,N,MELB_URBAN,ROAD,9,9.0
21407,1,5,130,5,1,60.0,0,N,MELB_URBAN,AVENUE,7,16.0
21408,1,1,116,2,1,60.0,0,I,LARGE_PROVINCIAL_CITIES,STREET,7,16.0
21409,1,2,110,1,1,80.0,0,I,MELB_URBAN,HIGHWAY,7,8.0
21410,2,5,100,5,6,60.0,0,N,TOWNS,STREET,7,18.0
21411,1,2,130,2,3,50.0,0,I,MELB_URBAN,ROAD,5,18.0
21412,1,5,132,5,6,60.0,0,I,MELB_URBAN,HIGHWAY,6,22.0
21413,1,5,163,5,3,40.0,0,N,MELB_URBAN,STREET,7,18.0
21414,8,1,174,5,1,60.0,0,N,RURAL_VICTORIA,ROAD,7,13.0
21415,1,5,110,1,1,100.0,0,I,RURAL_VICTORIA,HIGHWAY,7,16.0
21416,1,5,120,2,3,60.0,0,I,MELB_URBAN,ROAD,7,18.0
21417,1,5,140,5,2,60.0,0,N,MELB_URBAN,ROAD,7,18.0
21418,1,5,120,5,5,80.0,0,N,SMALL_CITIES,ROAD,7,18.0
21419,1,5,110,1,3,50.0,0,I,MELB_URBAN,AVENUE,7,18.0
21420,1,5,147,5,3,40.0,0,N,MELB_URBAN,DRIVE,7,21.0
21421,1,5,110,1,3,60.0,0,I,MELB_URBAN,DRIVE,7,20.0
21422,1,5,120,5,5,100.0,0,N,RURAL_VICTORIA,HIGHWAY,7,19.0
21423,4,6,171,5,3,60.0,0,N,MELB_URBAN,ROAD,7,0.0
21424,2,7,99,5,1,50.0,0,N,SMALL_CITIES,OTHER,7,15.0
21425,1,6,113,2,1,50.0,0,I,SMALL_CITIES,STREET,7,8.0
21426,7,3,99,5,1,40.0,0,N,MELB_URBAN,ROAD,5,8.0
21427,1,6,130,2,1,80.0,0,I,MELB_URBAN,HIGHWAY,7,7.0
21428,4,6,181,5,1,80.0,0,N,RURAL_VICTORIA,ROAD,7,9.0
21429,1,6,120,5,2,100.0,0,N,RURAL_VICTORIA,ROAD,7,7.0
21430,1,6,130,1,1,60.0,0,I,MELB_URBAN,ROAD,4,14.0
21431,2,2,99,1,1,40.0,0,I,MELB_URBAN,STREET,6,14.0
21432,1,6,130,5,1,80.0,0,N,MELB_URBAN,HIGHWAY,7,9.0
21433,1,6,147,2,1,60.0,0,I,MELB_URBAN,ROAD,7,9.0
21434,1,6,130,2,1,60.0,0,I,MELB_URBAN,STREET,7,10.0
21435,8,5,170,5,1,100.0,0,N,RURAL_VICTORIA,ROAD,7,16.0
21436,4,5,171,5,5,100.0,0,N,RURAL_VICTORIA,ROAD,7,21.0
21437,1,6,140,1,9,60.0,0,I,MELB_URBAN,ROAD,7,13.0
21438,1,6,110,1,1,50.0,0,I,MELB_URBAN,ROAD,7,12.0
21439,8,6,174,5,1,60.0,0,N,MELB_URBAN,STREET,7,12.0
21440,4,6,181,5,1,100.0,0,N,RURAL_VICTORIA,ROAD,7,12.0
21441,1,6,121,1,1,60.0,0,I,MELB_URBAN,ROAD,7,12.0
21442,7,1,99,1,1,50.0,0,I,MELB_URBAN,AVENUE,3,18.0
21443,4,6,173,5,5,100.0,1,N,RURAL_VICTORIA,ROAD,7,0.0
21444,1,6,121,2,1,50.0,0,I,SMALL_CITIES,STREET,7,11.0
21445,1,2,130,5,1,80.0,0,N,MELB_URBAN,FREEWAY,7,16.0
21446,1,6,130,5,1,60.0,0,N,MELB_URBAN,ROAD,7,14.0
21447,1,4,130,2,1,50.0,0,I,MELB_URBAN,STREET,5,9.0
21448,1,6,110,1,1,60.0,0,I,MELB_URBAN,ROAD,7,13.0
21449,1,6,116,1,1,70.0,0,I,MELB_URBAN,ROAD,7,15.0
21450,1,6,160,5,1,60.0,0,N,MELB_URBAN,ROAD,7,14.0
21451,1,6,135,5,1,80.0,0,N,MELB_URBAN,FREEWAY,7,15.0
21452,1,6,130,2,1,70.0,0,N,MELB_URBAN,ROAD,7,16.0
21453,1,3,120,5,1,100.0,0,N,RURAL_VICTORIA,ROAD,7,13.0
21454,4,6,173,5,1,100.0,0,N,RURAL_VICTORIA,ROAD,7,15.0
21455,2,6,102,5,1,50.0,0,N,MELB_URBAN,STREET,7,16.0
21456,1,6,121,2,2,60.0,0,I,MELB_URBAN,STREET,7,17.0
21457,1,6,130,5,1,50.0,0,N,MELB_URBAN,STREET,7,15.0
21458,1,6,130,1,1,80.0,0,I,MELB_URBAN,HIGHWAY,7,17.0
21459,4,6,181,5,1,80.0,0,N,RURAL_VICTORIA,HIGHWAY,7,14.0
21460,2,5,100,5,3,50.0,0,N,MELB_URBAN,UNKNOWN,7,22.0
21461,1,6,113,2,3,80.0,0,I,RURAL_VICTORIA,ROAD,7,19.0