,accident_type,day_of_week,dca_code,road_geometry,light_condition,speed_zone,severity,node_type,deg_urban_name,road_type,month,hour
21462,1,6,120,5,1,80.0,0,N,RURAL_VICTORIA,ROAD,7,16.0
21463,1,6,99,5,1,40.0,0,N,MELB_URBAN,STREET,7,16.0
21464,1,6,121,2,3,60.0,0,I,MELB_URBAN,ROAD,7,18.0
21465,1,6,130,1,3,80.0,0,I,MELB_URBAN,ROAD,7,19.0
21466,1,1,133,5,1,80.0,0,N,RURAL_VICTORIA,ROAD,5,14.0
21467,1,5,133,1,2,60.0,0,I,MELB_URBAN,STREET,7,17.0
21468,6,4,174,5,3,100.0,0,N,MELB_URBAN,FREEWAY,7,17.0
21469,1,6,130,5,3,60.0,0,N,MELB_URBAN,ROAD,7,22.0
21470,1,6,120,5,3,70.0,1,N,SMALL_TOWNS,ROAD,7,20.0
21471,1,7,130,5,3,100.0,0,N,MELB_URBAN,ROAD,7,1.0
21472,1,4,121,1,1,50.0,0,I,MELB_URBAN,STREET,6,11.0
21473,1,7,99,4,1,60.0,0,I,MELB_URBAN,STREET,7,8.0
21474,6,5,174,5,1,60.0,0,I,RURAL_VICTORIA,ROAD,7,13.0
21475,1,2,113,2,3,80.0,0,I,MELB_URBAN,ROAD,5,18.0
21476,2,7,99,5,1,50.0,0,N,MELB_URBAN,UNKNOWN,7,9.0
21477,2,7,99,2,1,50.0,0,I,MELB_URBAN,STREET,7,8.0
21478,6,6,174,2,1,60.0,0,I,SMALL_CITIES,STREET,7,16.0
21479,1,7,163,2,1,60.0,0,I,MELB_URBAN,STREET,7,9.0
21480,1,7,130,1,1,80.0,0,I,MELB_URBAN,HIGHWAY,7,11.0
21481,1,7,130,5,1,50.0,0,N,MELB_URBAN,DRIVE,7,10.0
21482,1,2,133,5,1,60.0,0,N,LARGE_PROVINCIAL_CITIES,ROAD,4,8.0
21483,1,7,130,2,1,60.0,0,N,MELB_URBAN,HIGHWAY,7,11.0
21484,1,6,132,2,1,60.0,0,I,TOWNS,HIGHWAY,7,16.0
21485,1,7,113,2,1,60.0,0,I,MELB_URBAN,ROAD,7,11.0
21486,5,7,99,5,1,60.0,0,N,RURAL_VICTORIA,ROAD,7,9.0
21487,1,7,160,5,1,50.0,0,N,LARGE_PROVINCIAL_CITIES,STREET,7,13.0
21488,1,7,121,5,1,80.0,0,N,MELB_URBAN,ROAD,7,11.0
21489,8,3,174,1,1,40.0,0,I,MELB_URBAN,STREET,2,10.0
21490,8,7,174,2,1,100.0,0,I,RURAL_VICTORIA,ROAD,7,14.0
21491,1,7,130,2,1,80.0,0,I,MELB_URBAN,ROAD,7,15.0
21492,4,7,171,1,1,50.0,0,I,LARGE_PROVINCIAL_CITIES,STREET,7,15.0
21493,1,4,134,1,1,50.0,0,I,SMALL_CITIES,STREET,7,10.0
21494,1,7,130,2,3,60.0,0,I,MELB_URBAN,STREET,7,19.0
21495,1,6,132,2,3,60.0,0,I,MELB_URBAN,ROAD,7,18.0
21496,1,7,130,5,3,80.0,0,N,MELB_URBAN,HIGHWAY,7,19.0
21497,2,7,102,5,3,70.0,0,N,MELB_URBAN,ROAD,7,19.0
21498,8,5,174,5,3,60.0,0,N,MELB_URBAN,STREET,7,20.0
21499,4,7,171,1,1,70.0,0,I,MELB_URBAN,STREET,7,15.0
21500,1,7,160,5,3,60.0,0,N,SMALL_CITIES,AVENUE,7,20.0
21501,1,7,160,5,5,50.0,0,N,MELB_URBAN,PARADE,7,22.0
21502,4,7,171,5,5,100.0,0,N,RURAL_VICTORIA,ROAD,7,23.0
21503,4,1,171,5,3,80.0,0,N,MELB_URBAN,UNKNOWN,7,4.0
21504,4,1,173,5,5,70.0,0,N,MELB_URBAN,ROAD,7,4.0
21505,4,1,171,5,1,60.0,0,N,MELB_URBAN,ROAD,7,8.0
21506,8,4,174,1,1,60.0,0,I,MELB_URBAN,STREET,5,17.0
21507,1,7,163,2,1,60.0,0,I,MELB_URBAN,STREET,7,10.0
21508,6,6,99,5,5,100.0,0,N,RURAL_VICTORIA,OTHER,7,21.0
21509,8,1,99,5,1,100.0,0,N,RURAL_VICTORIA,ROAD,7,11.0
21510,1,1,147,2,1,50.0,0,I,TOWNS,STREET,7,11.0
21511,1,1,130,2,1,80.0,0,I,MELB_URBAN,ROAD,7,11.0
21512,4,1,99,5,1,50.0,0,N,MELB_URBAN,DRIVE,7,12.0
21513,4,0,183,5,1,100.0,0,N,RURAL_VICTORIA,OTHER,7,10.0
21514,1,1,130,5,1,80.0,0,N,MELB_URBAN,ROAD,7,12.0
21515,3,1,167,5,5,100.0,0,N,RURAL_VICTORIA,ROAD,7,1.0
21516,8,1,174,2,1,50.0,0,I,MELB_URBAN,STREET,7,15.0
21517,1,5,113,2,3,60.0,0,I,MELB_URBAN,ROAD,7,19.0
21518,1,0,121,4,4,60.0,0,I,MELB_URBAN,ROAD,7,17.0
21519,4,2,173,5,3,70.0,0,N,MELB_URBAN,ROAD,7,0.0
21520,4,2,171,5,3,60.0,0,N,MELB_URBAN,ROAD,7,3.0
21521,4,4,171,5,1,110.0,0,N,RURAL_VICTORIA,FREEWAY,12,16.0
21522,2,2,100,2,1,40.0,0,I,MELB_URBAN,ROAD,7,7.0
21523,1,3,121,1,1,60.0,0,I,MELB_URBAN,STREET,7,8.0
21524,8,1,184,5,1,60.0,0,N,RURAL_VICTORIA,OTHER,7,12.0
21525,2,2,100,2,1,60.0,0,I,MELB_URBAN,ROAD,7,8.0
21526,1,7,130,2,1,80.0,0,I,MELB_URBAN,ROAD,7,13.0
21527,1,2,130,2,1,80.0,0,I,MELB_URBAN,AVENUE,7,9.0
21528,4,2,171,2,1,80.0,0,I,RURAL_VICTORIA,ROAD,7,10.0
21529,2,2,100,2,1,70.0,0,I,LARGE_PROVINCIAL_CITIES,HIGHWAY,7,9.0
21530,1,2,130,2,1,80.0,0,I,MELB_URBAN,ROAD,7,8.0
21531,1,3,132,2,1,60.0,0,I,MELB_URBAN,ROAD,9,16.0
21532,6,2,99,5,5,100.0,0,N,RURAL_VICTORIA,HIGHWAY,7,6.0
21533,1,2,140,5,1,100.0,0,N,RURAL_VICTORIA,HIGHWAY,7,13.0
21534,8,2,174,5,1,100.0,0,N,MELB_URBAN,UNKNOWN,7,11.0
21535,1,2,110,1,1,60.0,0,I,MELB_URBAN,STREET,7,12.0
21536,1,2,121,2,1,80.0,0,I,SMALL_CITIES,HIGHWAY,7,13.0
21537,2,2,100,2,1,60.0,0,I,MELB_URBAN,HIGHWAY,7,9.0
21538,4,2,173,5,1,100.0,0,N,RURAL_VICTORIA,ROAD,7,7.0
21539,1,1,133,9,1,80.0,0,N,MELB_URBAN,ROAD,7,12.0
21540,4,2,181,5,1,100.0,0,N,RURAL_VICTORIA,ROAD,7,15.0
21541,2,2,99,5,1,50.0,0,N,MELB_URBAN,AVENUE,7,16.0
21542,1,1,113,2,1,60.0,0,I,MELB_URBAN,ROAD,7,17.0
21543,1,2,133,1,1,80.0,0,I,MELB_URBAN,HIGHWAY,7,17.0
21544,1,2,130,2,1,80.0,0,N,MELB_URBAN,ROAD,7,17.0
21545,1,2,130,1,1,70.0,0,I,MELB_URBAN,ROAD,7,15.0
21546,1,3,130,5,2,100.0,0,N,MELB_URBAN,FREEWAY,3,6.0
21547,1,2,130,5,3,50.0,0,N,MELB_URBAN,OTHER,7,18.0
21548,1,2,160,2,1,50.0,0,I,MELB_URBAN,ROAD,7,14.0
21549,1,7,130,1,1,60.0,0,I,MELB_URBAN,STREET,6,14.0
21550,1,1,121,2,1,70.0,0,I,SMALL_CITIES,STREET,7,15.0
21551,2,2,102,5,5,50.0,0,N,MELB_URBAN,STREET,7,20.0
21552,2,2,99,5,1,50.0,0,N,SMALL_CITIES,STREET,7,15.0
21553,1,2,130,5,3,60.0,0,N,MELB_URBAN,ROAD,7,23.0
21554,2,2,100,2,3,60.0,0,I,MELB_URBAN,ROAD,7,23.0
21555,4,3,171,5,3,60.0,0,N,MELB_URBAN,PARADE,7,2.0
21556,1,3,113,2,3,50.0,0,I,MELB_URBAN,PARADE,7,6.0
21557,2,2,99,1,1,40.0,0,I,MELBOURNE_CBD,OTHER,7,12.0
21558,1,2,99,1,1,50.0,0,I,MELB_URBAN,STREET,7,13.0
21559,4,5,171,5,1,60.0,0,N,SMALL_CITIES,STREET,6,16.0
21560,1,3,99,2,1,60.0,0,I,MELB_URBAN,STREET,7,8.0
21561,1,3,110,1,2,50.0,0,I,MELB_URBAN,STREET,7,6.0
21562,4,3,171,5,1,60.0,0,N,SMALL_CITIES,HIGHWAY,7,9.0
21563,1,7,130,5,1,80.0,0,N,MELB_URBAN,HIGHWAY,9,12.0
21564,1,5,110,1,3,50.0,0,I,MELB_URBAN,ROAD,6,18.0
21565,1,6,113,2,1,60.0,0,I,MELB_URBAN,STREET,6,11.0
21566,1,3,110,1,1,50.0,0,I,MELB_URBAN,STREET,7,8.0
21567,1,2,130,5,1,80.0,0,N,MELB_URBAN,RAMP,7,17.0
21568,8,3,170,5,1,80.0,0,N,MELB_URBAN,ROAD,7,10.0
21569,1,3,99,1,1,50.0,0,I,MELB_URBAN,STREET,7,12.0
21570,1,3,135,5,1,100.0,0,N,MELB_URBAN,FREEWAY,7,11.0
21571,1,2,111,1,1,50.0,0,I,SMALL_CITIES,STREET,7,12.0
21572,2,2,102,2,3,50.0,0,I,SMALL_CITIES,STREET,7,21.0
21573,1,3,160,2,1,40.0,0,I,MELB_URBAN,STREET,7,8.0
21574,1,3,116,2,1,80.0,0,I,MELB_URBAN,HIGHWAY,7,8.0
21575,6,3,170,5,1,100.0,0,N,RURAL_VICTORIA,HIGHWAY,7,11.0
21576,1,1,116,2,1,60.0,0,I,MELB_URBAN,ROAD,7,9.0
21577,6,5,174,5,5,100.0,0,N,RURAL_VICTORIA,ROAD,7,22.0
21578,1,7,130,4,9,60.0,0,I,MELB_URBAN,ROAD,7,17.0
21579,1,3,113,1,1,70.0,0,I,MELB_URBAN,ROAD,7,13.0
21580,1,7,130,2,1,60.0,0,I,MELB_URBAN,PARADE,7,11.0
21581,2,2,99,5,3,50.0,0,N,MELB_URBAN,STREET,7,21.0
21582,1,2,130,2,3,50.0,0,I,LARGE_PROVINCIAL_CITIES,AVENUE,7,20.0
21583,4,3,183,5,1,100.0,0,N,RURAL_VICTORIA,ROAD,7,12.0
21584,1,3,113,2,1,70.0,0,I,MELB_URBAN,STREET,7,14.0
21585,1,4,130,1,1,80.0,0,I,MELB_URBAN,ROAD,6,8.0
21586,1,3,113,2,1,60.0,0,I,MELB_URBAN,STREET,7,15.0
21587,4,3,171,5,1,100.0,0,N,RURAL_VICTORIA,ROAD,7,14.0
21588,1,3,111,2,1,70.0,0,I,MELB_URBAN,ROAD,7,11.0
21589,2,3,99,5,1,60.0,0,N,MELB_URBAN,ROAD,7,15.0
21590,1,3,147,5,1,60.0,0,N,MELB_URBAN,OTHER,7,15.0
21591,1,3,110,1,1,40.0,0,I,MELB_URBAN,STREET,7,15.0
21592,1,3,130,2,1,70.0,0,N,MELB_URBAN,HIGHWAY,7,7.0
21593,1,3,160,5,1,60.0,0,N,LARGE_PROVINCIAL_CITIES,BOULEVARD,7,16.0
21594,4,3,171,5,5,80.0,0,N,LARGE_PROVINCIAL_CITIES,ROAD,7,19.0
21595,4,3,183,5,5,70.0,0,N,RURAL_VICTORIA,ROAD,7,19.0
21596,1,7,130,1,1,60.0,0,I,MELB_URBAN,HIGHWAY,5,18.0
21597,1,5,130,5,3,80.0,0,N,MELB_URBAN,HIGHWAY,7,6.0
21598,2,4,102,1,2,60.0,0,I,MELB_URBAN,STREET,7,6.0
21599,2,4,100,1,1,60.0,0,I,TOWNS,STREET,7,8.0
21600,1,4,160,2,1,50.0,0,I,MELB_URBAN,ROAD,7,8.0
21601,1,1,132,2,1,60.0,0,I,MELB_URBAN,ROAD,7,11.0
21602,1,4,134,5,9,60.0,0,N,MELB_URBAN,ROAD,4,15.0
21603,1,4,121,2,1,60.0,0,I,MELB_URBAN,ROAD,7,8.0
21604,1,2,133,2,3,60.0,0,I,MELB_URBAN,ROAD,7,18.0
21605,1,4,130,5,1,100.0,0,N,MELB_URBAN,FREEWAY,7,9.0
21606,2,3,102,1,9,50.0,0,I,LARGE_PROVINCIAL_CITIES,STREET,7,17.0
21607,4,4,171,5,1,100.0,0,N,RURAL_VICTORIA,FREEWAY,7,8.0
21608,1,4,120,5,1,70.0,0,N,RURAL_VICTORIA,ROAD,7,11.0
21609,1,4,99,1,1,60.0,0,I,MELB_URBAN,HIGHWAY,7,10.0
21610,1,4,130,2,1,60.0,0,I,MELB_URBAN,ROAD,7,10.0
21611,1,1,130,2,1,50.0,0,I,MELB_URBAN,FREEWAY,3,16.0
21612,1,4,113,1,1,70.0,0,I,MELB_URBAN,ROAD,12,12.0
21613,4,3,173,2,5,100.0,0,I,RURAL_VICTORIA,ROAD,7,4.0
21614,4,4,173,5,1,100.0,0,N,RURAL_VICTORIA,ROAD,7,8.0
21615,1,4,130,1,1,40.0,0,I,MELB_URBAN,STREET,7,12.0
21616,1,4,133,5,1,50.0,0,N,SMALL_CITIES,STREET,7,13.0
21617,1,1,130,5,3,70.0,0,N,MELB_URBAN,OTHER,7,18.0
21618,1,4,130,5,1,100.0,0,N,MELB_URBAN,ROAD,7,13.0
21619,1,1,140,5,1,80.0,0,N,SMALL_CITIES,AVENUE,7,14.0
21620,1,3,147,5,9,60.0,0,N,MELB_URBAN,ROAD,7,11.0
21621,4,4,171,5,1,50.0,0,N,MELB_URBAN,DRIVE,7,13.0
21622,4,4,181,5,2,100.0,1,N,RURAL_VICTORIA,OTHER,7,6.0
21623,2,4,100,5,1,40.0,0,N,MELB_URBAN,STREET,7,14.0
21624,4,4,173,5,1,50.0,0,N,MELB_URBAN,STREET,7,15.0
21625,4,4,171,5,1,100.0,0,N,RURAL_VICTORIA,ROAD,7,15.0
21626,1,5,133,1,1,60.0,0,I,MELB_URBAN,ROAD,6,13.0
21627,2,4,100,2,3,50.0,0,I,MELB_URBAN,STREET,7,17.0
21628,1,3,130,2,2,60.0,0,I,RURAL_VICTORIA,HIGHWAY,7,18.0
21629,1,4,121,2,1,60.0,0,I,MELB_URBAN,DRIVE,7,19.0
21630,8,3,99,1,9,40.0,0,I,MELBOURNE_CBD,STREET,5,20.0
21631,1,4,130,1,3,70.0,0,I,MELB_URBAN,ROAD,7,17.0
21632,4,4,181,2,3,60.0,0,I,LARGE_PROVINCIAL_CITIES,STREET,7,20.0
21633,1,4,140,2,1,60.0,0,I,RURAL_VICTORIA,ROAD,7,15.0
21634,2,4,102,5,3,50.0,0,N,MELB_URBAN,STREET,7,22.0
21635,2,5,102,2,3,60.0,0,I,MELB_URBAN,STREET,8,5.0
21636,1,4,135,5,1,80.0,0,N,MELB_URBAN,FREEWAY,7,12.0
21637,1,5,113,1,1,60.0,0,I,SMALL_CITIES,ROAD,8,7.0
21638,2,5,99,5,1,60.0,0,N,MELB_URBAN,AVENUE,8,8.0
21639,1,4,110,1,1,100.0,1,I,RURAL_VICTORIA,ROAD,7,11.0
21640,1,4,116,1,1,70.0,0,I,MELB_URBAN,ROAD,7,8.0
21641,1,5,121,2,1,60.0,0,I,MELB_URBAN,STREET,8,8.0
21642,1,5,99,1,3,60.0,0,I,MELB_URBAN,HIGHWAY,8,6.0
21643,1,5,121,2,5,60.0,0,I,MELB_URBAN,STREET,7,18.0
21644,2,5,100,1,1,50.0,0,I,SMALL_CITIES,STREET,8,8.0
21645,1,5,160,5,1,50.0,0,N,MELB_URBAN,STREET,8,11.0
21646,1,5,130,5,1,100.0,0,N,RURAL_VICTORIA,ROAD,8,12.0
21647,2,4,102,5,5,80.0,1,N,RURAL_VICTORIA,HIGHWAY,7,17.0
21648,1,5,130,2,1,80.0,0,N,MELB_URBAN,ROAD,8,11.0
21649,2,4,99,5,3,50.0,0,N,MELB_URBAN,STREET,7,18.0
21650,2,5,100,2,1,50.0,0,I,SMALL_CITIES,STREET,8,13.0
21651,1,5,120,5,2,80.0,1,N,RURAL_VICTORIA,ROAD,8,6.0
21652,1,4,121,5,1,60.0,0,N,LARGE_PROVINCIAL_CITIES,STREET,7,10.0
21653,1,5,116,1,1,60.0,0,I,LARGE_PROVINCIAL_CITIES,STREET,8,7.0
21654,4,5,171,5,1,60.0,0,N,MELB_URBAN,ROAD,8,12.0
21655,1,5,130,5,1,60.0,0,N,LARGE_PROVINCIAL_CITIES,STREET,8,12.0
21656,1,4,120,5,1,50.0,0,N,MELB_URBAN,STREET,7,16.0
21657,5,4,99,5,1,100.0,0,N,RURAL_VICTORIA,ROAD,8,13.0
21658,1,5,130,2,1,80.0,0,I,MELB_URBAN,ROAD,8,15.0
21659,4,5,171,5,1,100.0,0,N,RURAL_VICTORIA,ROAD,8,15.0
21660,1,5,121,1,1,40.0,0,I,MELB_URBAN,ROAD,8,15.0
21661,4,5,171,5,1,60.0,0,N,MELB_URBAN,STREET,8,10.0
21662,1,0,133,5,1,100.0,0,N,RURAL_VICTORIA,ROAD,6,15.0
21663,1,4,134,5,2,100.0,0,N,MELB_URBAN,FREEWAY,4,17.0
21664,1,4,99,1,1,60.0,0,I,MELB_URBAN,ROAD,8,12.0
21665,1,5,113,2,1,80.0,0,I,MELB_URBAN,HIGHWAY,8,15.0
21666,2,5,102,2,1,60.0,0,N,LARGE_PROVINCIAL_CITIES,STREET,8,16.0
21667,1,5,99,1,1,60.0,0,I,MELB_URBAN,STREET,8,8.0
21668,1,5,121,1,1,100.0,0,I,RURAL_VICTORIA,HIGHWAY,8,17.0
21669,1,3,147,5,1,80.0,0,N,MELB_URBAN,ROAD,7,15.0
21670,1,5,147,2,1,100.0,0,N,RURAL_VICTORIA,ROAD,8,15.0
21671,1,5,130,2,1,80.0,0,I,MELB_URBAN,HIGHWAY,8,16.0
21672,1,5,130,5,3,80.0,0,N,MELB_URBAN,HIGHWAY,8,17.0
21673,1,5,121,1,1,60.0,0,I,MELB_URBAN,ROAD,3,10.0
21674,1,5,99,1,3,50.0,0,I,MELB_URBAN,STREET,8,18.0
21675,1,5,121,1,3,60.0,0,I,MELB_URBAN,ROAD,8,18.0
21676,4,5,173,5,1,50.0,0,N,MELB_URBAN,DRIVE,8,16.0
21677,2,5,100,1,3,40.0,0,I,MELBOURNE_CBD,OTHER,8,18.0
21678,1,5,140,2,1,80.0,0,I,MELB_URBAN,ROAD,8,16.0
21679,1,5,99,1,3,70.0,0,I,MELB_URBAN,ROAD,8,19.0
21680,1,5,130,5,3,50.0,0,N,MELB_URBAN,PARADE,8,19.0
21681,1,5,130,2,1,70.0,0,I,MELB_URBAN,ROAD,8,17.0
21682,1,5,121,2,3,60.0,0,I,MELB_URBAN,ROAD,8,17.0
21683,1,5,121,2,3,70.0,0,I,MELB_URBAN,STREET,8,18.0
21684,4,5,171,2,3,80.0,0,N,MELB_URBAN,ROAD,8,21.0
21685,1,6,121,1,1,60.0,0,I,MELB_URBAN,ROAD,8,6.0
21686,1,6,147,5,1,50.0,0,N,TOWNS,STREET,8,8.0
21687,1,6,120,5,1,70.0,0,N,MELB_URBAN,ROAD,8,7.0
21688,1,6,110,1,1,50.0,0,I,MELB_URBAN,STREET,8,9.0
21689,1,4,121,5,2,70.0,0,N,MELB_URBAN,ROAD,7,8.0
21690,1,6,120,5,1,100.0,0,N,RURAL_VICTORIA,HIGHWAY,8,10.0
21691,1,7,110,1,3,60.0,0,I,LARGE_PROVINCIAL_CITIES,STREET,7,21.0
21692,4,6,171,2,1,50.0,0,I,MELB_URBAN,DRIVE,8,11.0
21693,1,6,160,5,1,60.0,0,N,MELB_URBAN,STREET,8,11.0
21694,2,6,102,2,1,50.0,0,I,MELB_URBAN,ROAD,8,9.0
21695,1,6,121,5,2,100.0,1,N,RURAL_VICTORIA,ROAD,8,6.0
21696,2,4,99,5,2,50.0,0,N,SMALL_CITIES,STREET,11,7.0
21697,1,5,130,5,9,60.0,0,N,MELB_URBAN,ROAD,8,18.0
21698,1,3,130,5,1,60.0,0,N,MELB_URBAN,ROAD,7,10.0
21699,2,6,100,5,1,70.0,0,N,MELB_URBAN,ROAD,8,8.0
21700,2,6,99,1,1,60.0,0,I,SMALL_TOWNS,STREET,8,9.0
21701,1,5,163,5,1,50.0,0,N,MELB_URBAN,STREET,8,8.0
21702,1,6,133,4,1,60.0,0,I,RURAL_VICTORIA,ROAD,8,16.0
21703,1,6,130,1,1,60.0,0,I,LARGE_PROVINCIAL_CITIES,STREET,8,16.0
21704,1,7,121,1,1,60.0,0,I,MELB_URBAN,STREET,7,11.0
21705,1,6,135,2,1,60.0,0,I,MELB_URBAN,STREET,8,16.0
21706,1,6,110,1,1,50.0,0,I,MELB_URBAN,ROAD,8,17.0
21707,6,6,170,5,1,80.0,0,N,RURAL_VICTORIA,ROAD,8,16.0
21708,1,6,99,5,3,50.0,0,N,MELB_URBAN,STREET,8,18.0
21709,1,6,99,5,3,60.0,0,N,MELB_URBAN,ROAD,8,18.0
21710,4,6,181,4,2,70.0,0,N,MELB_URBAN,ROAD,8,17.0
21711,1,6,121,1,3,60.0,0,I,MELB_URBAN,ROAD,8,18.0
21712,8,7,174,5,3,40.0,0,N,MELB_URBAN,STREET,7,18.0
21713,1,6,113,2,2,60.0,0,I,MELB_URBAN,ROAD,8,17.0
21714,1,6,121,2,3,60.0,0,I,MELB_URBAN,ROAD,8,21.0
21715,4,6,171,5,3,50.0,0,N,MELB_URBAN,OTHER,8,21.0
21716,1,6,113,2,3,50.0,0,I,SMALL_CITIES,AVENUE,8,22.0
21717,7,6,171,5,3,70.0,1,N,MELB_URBAN,ROAD,8,21.0
21718,1,6,110,1,3,80.0,1,I,MELB_URBAN,ROAD,8,20.0
21719,1,3,113,2,3,80.0,0,I,MELB_URBAN,ROAD,7,18.0
21720,1,7,120,5,5,100.0,1,N,RURAL_VICTORIA,HIGHWAY,8,0.0
21721,1,5,99,2,1,50.0,0,I,MELB_URBAN,STREET,6,16.0
21722,1,2,110,1,6,50.0,0,I,MELB_URBAN,STREET,7,18.0
21723,1,6,116,2,1,60.0,0,I,TOWNS,STREET,8,9.0
21724,2,5,102,5,3,50.0,0,N,SMALL_CITIES,STREET,8,3.0
21725,1,7,99,5,1,50.0,0,N,MELB_URBAN,ROAD,8,11.0
21726,1,7,120,5,1,100.0,0,N,RURAL_VICTORIA,HIGHWAY,8,13.0
21727,1,5,130,2,2,80.0,0,N,MELB_URBAN,HIGHWAY,8,7.0
21728,4,7,173,5,1,100.0,0,N,RURAL_VICTORIA,HIGHWAY,8,11.0
21729,7,7,99,2,1,50.0,0,I,MELB_URBAN,STREET,8,12.0
21730,1,7,130,2,1,50.0,0,I,MELB_URBAN,STREET,8,15.0
21731,1,7,120,2,1,60.0,0,I,MELB_URBAN,ROAD,8,13.0
21732,1,6,113,2,2,60.0,0,I,MELB_URBAN,DRIVE,8,17.0
21733,1,7,121,1,1,60.0,0,I,MELB_URBAN,HIGHWAY,8,15.0
21734,1,7,160,5,1,60.0,0,N,MELB_URBAN,ROAD,8,13.0
21735,1,6,132,5,4,50.0,0,N,SMALL_CITIES,AVENUE,8,19.0
21736,2,7,102,5,2,50.0,0,N,MELB_URBAN,STREET,8,16.0
21737,1,7,110,1,3,50.0,0,I,MELB_URBAN,STREET,8,17.0
21738,6,7,99,5,1,110.0,0,N,RURAL_VICTORIA,HIGHWAY,8,11.0
21739,1,7,140,2,1,60.0,0,I,MELB_URBAN,ROAD,9,11.0
21740,1,7,120,5,3,60.0,0,N,MELB_URBAN,STREET,8,17.0
21741,1,5,130,2,1,80.0,0,N,MELB_URBAN,ROAD,8,8.0
21742,4,6,173,5,5,100.0,0,N,RURAL_VICTORIA,ROAD,8,22.0
21743,1,7,121,1,2,60.0,0,I,MELB_URBAN,ROAD,8,16.0
21744,4,7,181,2,2,50.0,0,I,MELB_URBAN,DRIVE,8,17.0
21745,1,7,130,2,3,60.0,0,I,MELB_URBAN,ROAD,8,18.0
21746,1,7,121,2,3,60.0,0,I,MELB_URBAN,ROAD,8,18.0
21747,1,7,110,1,1,60.0,0,I,MELB_URBAN,ROAD,8,16.0
21748,2,7,100,1,2,40.0,0,I,MELB_URBAN,STREET,8,18.0
21749,1,7,121,2,1,60.0,0,I,MELB_URBAN,AVENUE,8,17.0
21750,1,7,130,5,3,40.0,0,N,MELB_URBAN,STREET,8,20.0
21751,8,7,174,5,3,50.0,0,N,MELB_URBAN,STREET,8,19.0
21752,4,7,181,5,3,50.0,0,N,MELB_URBAN,AVENUE,8,22.0
21753,1,5,133,5,3,70.0,0,N,MELB_URBAN,HIGHWAY,8,6.0
21754,2,3,100,1,1,60.0,0,I,MELB_URBAN,ROAD,7,13.0
21755,4,7,171,5,3,80.0,0,N,MELB_URBAN,STREET,8,22.0
21756,1,7,111,1,3,50.0,0,I,MELB_URBAN,ROAD,8,21.0
21757,1,7,120,5,3,50.0,0,N,MELB_URBAN,AVENUE,8,21.0
21758,1,7,121,1,3,60.0,0,I,MELB_URBAN,ROAD,8,23.0
21759,4,1,173,5,3,50.0,0,N,MELB_URBAN,ROAD,8,6.0
21760,1,6,116,4,1,80.0,0,I,MELB_URBAN,HIGHWAY,7,16.0
21761,6,1,174,2,3,60.0,0,I,MELB_URBAN,ROAD,8,0.0
21762,1,5,140,5,1,60.0,0,N,MELB_URBAN,ROAD,7,16.0
21763,8,1,174,5,1,100.0,0,N,RURAL_VICTORIA,ROAD,8,10.0
21764,1,7,120,5,5,80.0,0,N,RURAL_VICTORIA,HIGHWAY,8,23.0
21765,6,1,170,5,5,100.0,0,N,RURAL_VICTORIA,ROAD,8,4.0
21766,1,1,140,5,1,100.0,0,N,RURAL_VICTORIA,HIGHWAY,8,13.0
21767,4,1,171,5,1,60.0,0,N,TOWNS,ROAD,8,11.0
21768,1,7,130,5,3,60.0,0,N,MELB_URBAN,ROAD,8,22.0
21769,1,0,130,5,1,60.0,0,N,MELB_URBAN,ROAD,8,15.0
21770,1,1,132,2,1,60.0,0,I,MELB_URBAN,ROAD,8,14.0
21771,1,1,160,1,2,60.0,0,I,MELB_URBAN,STREET,8,6.0
21772,6,1,174,2,3,60.0,0,I,RURAL_VICTORIA,STREET,7,18.0
21773,4,1,171,5,1,100.0,0,N,RURAL_VICTORIA,ROAD,8,15.0
21774,1,3,147,5,3,60.0,0,N,MELB_URBAN,OTHER,7,18.0
21775,1,1,121,2,1,50.0,0,I,MELB_URBAN,STREET,8,16.0
21776,1,1,110,1,2,40.0,0,I,MELBOURNE_CBD,OTHER,8,16.0
21777,1,1,99,5,5,50.0,0,N,MELB_URBAN,STREET,8,18.0
21778,2,6,99,2,1,50.0,0,I,MELB_URBAN,STREET,8,10.0
21779,6,1,99,5,5,60.0,0,N,RURAL_VICTORIA,ROAD,8,18.0
21780,1,1,120,5,1,60.0,0,N,SMALL_CITIES,OTHER,8,11.0
21781,1,1,130,5,3,70.0,0,N,MELB_URBAN,ROAD,8,19.0
21782,8,3,174,2,9,60.0,0,I,MELB_URBAN,ROAD,6,16.0
21783,1,1,120,5,3,80.0,0,N,RURAL_VICTORIA,HIGHWAY,8,18.0
21784,1,6,113,2,1,50.0,0,I,SMALL_CITIES,DRIVE,8,13.0
21785,1,1,130,5,1,60.0,0,N,MELB_URBAN,ROAD,7,15.0
21786,4,2,181,5,5,100.0,0,N,RURAL_VICTORIA,HIGHWAY,8,6.0
21787,1,2,121,2,1,50.0,0,I,MELB_URBAN,STREET,8,9.0
21788,1,3,99,2,3,50.0,0,I,SMALL_CITIES,STREET,11,20.0
21789,1,5,130,5,3,60.0,0,N,MELB_URBAN,ROAD,6,20.0
21790,1,2,110,1,1,50.0,0,I,SMALL_CITIES,STREET,8,11.0
21791,1,4,111,2,2,50.0,0,I,MELB_URBAN,ROAD,7,18.0
21792,2,2,100,2,1,50.0,0,I,MELB_URBAN,ROAD,8,11.0
21793,6,7,99,5,1,40.0,0,N,RURAL_VICTORIA,STREET,7,14.0