,accident_type,day_of_week,dca_code,road_geometry,light_condition,speed_zone,severity,node_type,deg_urban_name,road_type,month,hour
21794,1,2,99,1,1,60.0,0,I,LARGE_PROVINCIAL_CITIES,STREET,8,11.0
21795,1,2,140,2,1,80.0,0,I,MELB_URBAN,ROAD,8,13.0
21796,1,2,116,1,1,50.0,0,I,SMALL_CITIES,STREET,8,10.0
21797,1,2,130,5,1,60.0,0,N,MELB_URBAN,STREET,8,14.0
21798,2,3,100,5,1,60.0,0,N,MELB_URBAN,ROAD,7,8.0
21799,1,2,120,5,1,60.0,0,N,RURAL_VICTORIA,ROAD,8,15.0
21800,1,2,140,5,1,40.0,0,N,MELBOURNE_CBD,STREET,8,15.0
21801,1,2,99,5,1,100.0,0,N,MELB_URBAN,ROAD,8,15.0
21802,1,2,121,2,9,60.0,0,I,MELB_URBAN,ROAD,8,17.0
21803,4,2,171,2,1,60.0,0,I,LARGE_PROVINCIAL_CITIES,AVENUE,8,15.0
21804,1,3,130,5,1,100.0,0,N,MELB_URBAN,FREEWAY,8,8.0
21805,1,2,121,1,1,60.0,0,I,MELB_URBAN,ROAD,8,17.0
21806,4,2,183,5,2,70.0,0,N,RURAL_VICTORIA,ROAD,8,17.0
21807,1,7,99,5,1,60.0,0,N,MELB_URBAN,ROAD,7,15.0
21808,1,2,121,5,1,80.0,0,N,MELB_URBAN,HIGHWAY,8,17.0
21809,1,2,130,5,1,80.0,0,N,MELB_URBAN,ROAD,8,15.0
21810,1,4,130,1,9,60.0,0,I,MELB_URBAN,STREET,5,11.0
21811,4,2,171,5,5,60.0,0,N,RURAL_VICTORIA,ROAD,8,20.0
21812,6,6,174,1,1,80.0,0,I,MELB_URBAN,ROAD,8,13.0
21813,1,4,99,1,9,60.0,0,I,MELB_URBAN,STREET,2,18.0
21814,1,2,130,1,1,60.0,0,I,MELB_URBAN,STREET,7,11.0
21815,1,3,130,5,1,100.0,0,N,MELB_URBAN,UNKNOWN,7,6.0
21816,4,2,171,2,2,60.0,0,I,LARGE_PROVINCIAL_CITIES,AVENUE,6,7.0
21817,1,3,121,1,1,60.0,0,I,RURAL_VICTORIA,ROAD,8,6.0
21818,1,2,121,1,6,70.0,0,I,MELB_URBAN,ROAD,8,17.0
21819,2,3,102,5,1,40.0,0,N,MELB_URBAN,OTHER,8,9.0
21820,1,3,113,2,1,60.0,0,I,TOWNS,ROAD,8,7.0
21821,1,2,110,1,1,60.0,0,I,SMALL_CITIES,ROAD,8,9.0
21822,1,1,111,2,6,60.0,0,I,MELB_URBAN,ROAD,6,20.0
21823,4,3,181,5,1,60.0,0,N,SMALL_CITIES,ROAD,8,9.0
21824,1,3,130,5,1,60.0,0,N,MELB_URBAN,ROAD,8,8.0
21825,1,3,113,2,1,60.0,0,I,LARGE_PROVINCIAL_CITIES,OTHER,8,12.0
21826,2,7,99,5,9,50.0,0,N,MELB_URBAN,AVENUE,7,19.0
21827,8,3,174,5,9,60.0,0,N,MELB_URBAN,RAMP,7,17.0
21828,1,3,99,2,1,70.0,0,I,MELB_URBAN,STREET,8,7.0
21829,4,3,181,5,1,60.0,0,N,RURAL_VICTORIA,STREET,7,15.0
21830,6,3,99,5,5,80.0,0,N,RURAL_VICTORIA,ROAD,8,6.0
21831,1,3,111,2,1,50.0,0,I,MELB_URBAN,ROAD,8,7.0
21832,8,7,174,5,1,100.0,0,N,RURAL_VICTORIA,ROAD,7,15.0
21833,8,3,99,5,9,60.0,0,N,MELB_URBAN,ROAD,8,13.0
21834,2,3,99,2,1,50.0,0,I,MELB_URBAN,ROAD,8,13.0
21835,1,3,132,5,1,70.0,0,N,RURAL_VICTORIA,HIGHWAY,8,12.0
21836,1,1,121,2,3,60.0,0,I,MELB_URBAN,ROAD,8,22.0
21837,5,3,99,5,5,100.0,0,N,RURAL_VICTORIA,ROAD,8,5.0
21838,1,3,110,1,1,40.0,0,I,MELB_URBAN,AVENUE,8,15.0
21839,1,3,130,2,9,60.0,0,I,MELB_URBAN,ROAD,8,15.0
21840,2,3,99,5,1,60.0,0,N,MELB_URBAN,ROAD,8,9.0
21841,1,3,121,1,1,80.0,0,I,MELB_URBAN,HIGHWAY,8,15.0
21842,2,3,102,5,1,60.0,0,N,MELB_URBAN,ROAD,8,14.0
21843,4,3,99,5,1,60.0,0,N,RURAL_VICTORIA,OTHER,8,12.0
21844,4,3,183,5,1,80.0,0,N,RURAL_VICTORIA,ROAD,8,11.0
21845,1,3,121,2,1,80.0,0,I,MELB_URBAN,ROAD,8,15.0
21846,1,3,147,2,1,60.0,0,I,MELB_URBAN,ROAD,8,15.0
21847,8,3,174,5,1,50.0,0,N,MELB_URBAN,STREET,4,9.0
21848,1,3,99,1,3,50.0,0,I,SMALL_CITIES,STREET,8,18.0
21849,1,3,121,1,3,60.0,0,I,MELB_URBAN,STREET,8,17.0
21850,2,3,102,5,1,60.0,0,N,MELB_URBAN,AVENUE,8,15.0
21851,1,3,99,5,6,60.0,0,N,MELB_URBAN,ROAD,8,6.0
21852,1,7,133,1,6,60.0,0,I,MELB_URBAN,PARADE,8,18.0
21853,1,2,133,5,2,60.0,0,N,MELB_URBAN,ROAD,8,16.0
21854,1,3,111,4,3,60.0,0,I,MELB_URBAN,STREET,8,18.0
21855,6,7,174,1,3,80.0,0,I,MELB_URBAN,HIGHWAY,6,20.0
21856,1,3,121,1,3,80.0,0,I,MELB_URBAN,AVENUE,8,21.0
21857,4,3,99,6,5,100.0,0,N,SMALL_CITIES,ROAD,8,22.0
21858,2,3,102,1,3,50.0,0,I,MELB_URBAN,STREET,8,22.0
21859,4,4,171,5,5,100.0,0,N,RURAL_VICTORIA,HIGHWAY,8,1.0
21860,1,7,116,2,3,60.0,0,I,MELB_URBAN,PARADE,8,18.0
21861,8,3,174,2,2,80.0,0,I,TOWNS,ROAD,8,17.0
21862,1,4,113,2,1,70.0,0,I,MELB_URBAN,ROAD,8,7.0
21863,1,4,140,5,1,60.0,0,N,MELB_URBAN,STREET,8,8.0
21864,1,4,99,2,1,40.0,0,I,MELB_URBAN,ROAD,8,8.0
21865,1,3,130,5,1,40.0,0,N,MELB_URBAN,ROAD,7,9.0
21866,2,4,100,2,2,70.0,0,N,MELB_URBAN,HIGHWAY,8,6.0
21867,1,4,113,2,1,50.0,0,I,MELB_URBAN,STREET,8,9.0
21868,2,4,102,5,1,50.0,0,N,LARGE_PROVINCIAL_CITIES,STREET,8,8.0
21869,8,4,174,2,1,60.0,0,I,MELB_URBAN,ROAD,8,7.0
21870,1,5,130,5,9,60.0,0,N,MELB_URBAN,ROAD,8,16.0
21871,1,4,121,2,6,60.0,0,I,MELB_URBAN,ROAD,4,18.0
21872,4,4,171,5,1,60.0,0,N,LARGE_PROVINCIAL_CITIES,DRIVE,8,9.0
21873,1,4,110,1,1,60.0,0,I,MELB_URBAN,ROAD,8,8.0
21874,1,4,130,2,1,60.0,0,I,MELB_URBAN,STREET,2,9.0
21875,1,3,134,5,1,100.0,0,N,MELB_URBAN,FREEWAY,8,7.0
21876,2,2,100,1,1,70.0,0,I,MELB_URBAN,ROAD,7,14.0
21877,2,4,102,2,1,50.0,0,I,MELB_URBAN,STREET,8,11.0
21878,2,4,102,1,1,40.0,0,I,MELB_URBAN,STREET,8,12.0
21879,4,4,173,5,1,80.0,0,N,MELB_URBAN,HIGHWAY,8,13.0
21880,1,4,116,1,1,60.0,0,I,MELB_URBAN,STREET,8,12.0
21881,1,7,160,5,6,50.0,0,N,MELB_URBAN,STREET,7,22.0
21882,2,4,99,5,1,50.0,0,N,MELB_URBAN,HIGHWAY,8,14.0
21883,1,4,121,2,1,80.0,0,I,SMALL_CITIES,HIGHWAY,8,14.0
21884,2,4,100,1,1,40.0,0,I,MELBOURNE_CBD,STREET,8,16.0
21885,4,4,171,5,3,80.0,0,N,MELB_URBAN,ROAD,8,6.0
21886,1,4,132,2,2,60.0,0,I,TOWNS,STREET,8,16.0
21887,1,4,113,2,1,50.0,0,I,MELB_URBAN,STREET,8,16.0
21888,4,4,181,5,1,100.0,0,N,RURAL_VICTORIA,ROAD,8,16.0
21889,1,4,99,5,6,60.0,0,N,MELB_URBAN,ROAD,8,17.0
21890,1,4,121,1,3,60.0,0,I,MELB_URBAN,STREET,8,17.0
21891,2,4,100,5,2,60.0,0,N,MELB_URBAN,ROAD,8,17.0
21892,1,4,130,3,3,50.0,0,I,MELB_URBAN,DRIVE,8,18.0
21893,1,4,130,2,1,80.0,0,N,MELB_URBAN,ROAD,8,18.0
21894,2,4,100,2,3,60.0,0,I,MELB_URBAN,ROAD,8,19.0
21895,1,4,99,2,3,60.0,0,I,MELB_URBAN,ROAD,8,17.0
21896,1,4,120,5,3,60.0,0,N,SMALL_CITIES,ROAD,8,18.0
21897,8,4,174,5,3,100.0,0,N,MELB_URBAN,FREEWAY,8,19.0
21898,1,4,113,2,5,100.0,0,I,RURAL_VICTORIA,HIGHWAY,8,21.0
21899,4,5,183,2,3,50.0,0,I,LARGE_PROVINCIAL_CITIES,OTHER,8,4.0
21900,1,5,110,1,1,50.0,0,I,MELB_URBAN,STREET,8,8.0
21901,5,7,99,5,1,60.0,0,N,RURAL_VICTORIA,OTHER,8,10.0
21902,2,6,100,5,1,60.0,0,N,MELB_URBAN,PARADE,6,14.0
21903,1,4,147,2,1,40.0,0,N,MELB_URBAN,ROAD,6,16.0
21904,4,4,181,5,5,50.0,0,N,RURAL_VICTORIA,ROAD,8,22.0
21905,1,5,130,5,1,60.0,0,N,MELB_URBAN,STREET,8,11.0
21906,2,7,99,1,9,60.0,0,I,MELB_URBAN,ROAD,8,17.0
21907,1,5,130,2,1,60.0,0,I,MELB_URBAN,ROAD,7,10.0
21908,4,5,173,5,1,100.0,0,N,RURAL_VICTORIA,HIGHWAY,8,14.0
21909,1,4,121,2,1,60.0,0,I,MELB_URBAN,STREET,12,15.0
21910,1,3,163,5,2,40.0,0,N,MELB_URBAN,STREET,6,17.0
21911,1,5,140,5,1,60.0,0,N,MELB_URBAN,ROAD,8,13.0
21912,4,3,173,2,2,100.0,0,I,RURAL_VICTORIA,ROAD,7,6.0
21913,1,5,130,1,2,80.0,0,I,MELB_URBAN,ROAD,8,7.0
21914,4,5,181,5,1,50.0,0,N,SMALL_CITIES,DRIVE,8,16.0
21915,6,2,174,2,3,60.0,0,I,MELB_URBAN,STREET,8,20.0
21916,1,4,130,2,2,60.0,0,I,LARGE_PROVINCIAL_CITIES,AVENUE,5,17.0
21917,1,5,121,1,3,60.0,0,I,MELB_URBAN,STREET,8,18.0
21918,1,5,121,1,3,80.0,0,I,SMALL_CITIES,DRIVE,8,18.0
21919,1,5,130,5,2,80.0,0,N,MELB_URBAN,ROAD,8,17.0
21920,2,5,100,5,3,60.0,0,N,MELB_URBAN,ROAD,8,18.0
21921,1,5,133,5,3,100.0,0,N,MELB_URBAN,FREEWAY,8,17.0
21922,1,5,132,1,1,50.0,0,I,MELB_URBAN,ROAD,7,17.0
21923,1,5,121,1,3,50.0,0,I,LARGE_PROVINCIAL_CITIES,STREET,8,18.0
21924,6,5,174,5,3,60.0,0,N,MELB_URBAN,ROAD,8,20.0
21925,1,5,110,1,3,80.0,0,I,MELB_URBAN,ROAD,8,20.0
21926,4,5,173,5,5,80.0,0,N,RURAL_VICTORIA,HIGHWAY,8,19.0
21927,3,3,167,5,5,70.0,0,N,RURAL_VICTORIA,HIGHWAY,7,23.0
21928,1,5,133,5,1,50.0,0,N,LARGE_PROVINCIAL_CITIES,STREET,8,12.0
21929,4,6,171,5,3,50.0,0,N,TOWNS,UNKNOWN,8,3.0
21930,4,6,171,5,3,60.0,0,N,MELB_URBAN,ROAD,8,6.0
21931,4,5,173,5,1,50.0,0,N,MELB_URBAN,STREET,8,14.0
21932,1,6,147,5,4,70.0,0,N,MELB_URBAN,ROAD,8,7.0
21933,1,6,121,2,1,60.0,0,I,MELB_URBAN,ROAD,8,9.0
21934,1,5,111,1,6,50.0,0,I,MELB_URBAN,ROAD,8,19.0
21935,1,5,99,1,1,80.0,0,I,MELB_URBAN,ROAD,8,16.0
21936,1,5,111,1,2,60.0,0,I,MELB_URBAN,STREET,8,7.0
21937,1,6,110,1,1,100.0,0,I,RURAL_VICTORIA,AVENUE,8,12.0
21938,2,6,100,5,1,50.0,0,N,LARGE_PROVINCIAL_CITIES,STREET,8,13.0
21939,1,6,110,1,1,60.0,0,I,LARGE_PROVINCIAL_CITIES,STREET,8,12.0
21940,1,6,121,2,1,70.0,0,I,MELB_URBAN,ROAD,8,8.0
21941,1,2,113,2,1,70.0,0,I,MELB_URBAN,ROAD,8,16.0
21942,8,6,174,2,1,60.0,0,I,MELB_URBAN,STREET,8,12.0
21943,4,5,171,5,1,60.0,0,N,MELB_URBAN,ROAD,8,13.0
21944,1,6,99,5,1,50.0,0,N,MELB_URBAN,STREET,8,12.0
21945,1,6,140,5,1,60.0,0,N,MELB_URBAN,STREET,8,12.0
21946,1,7,110,1,3,60.0,0,I,MELB_URBAN,BOULEVARD,4,20.0
21947,1,6,120,5,1,80.0,0,N,MELB_URBAN,ROAD,8,16.0
21948,1,6,130,5,3,80.0,0,N,MELB_URBAN,FREEWAY,8,18.0
21949,1,6,132,5,3,60.0,0,N,SMALL_CITIES,STREET,8,18.0
21950,1,6,121,1,3,60.0,0,I,SMALL_CITIES,ROAD,8,22.0
21951,1,6,111,1,3,50.0,0,I,MELB_URBAN,STREET,8,22.0
21952,4,6,173,5,5,90.0,0,N,RURAL_VICTORIA,ROAD,8,23.0
21953,1,7,110,1,3,40.0,0,I,MELB_URBAN,STREET,8,1.0
21954,2,6,99,5,3,50.0,1,N,MELB_URBAN,ROAD,8,21.0
21955,4,7,171,5,5,110.0,0,N,RURAL_VICTORIA,FREEWAY,8,3.0
21956,1,7,121,1,1,60.0,0,I,MELB_URBAN,ROAD,8,6.0
21957,1,6,111,1,1,80.0,0,I,MELB_URBAN,ROAD,8,14.0
21958,1,5,130,5,1,100.0,0,N,MELB_URBAN,ROAD,3,7.0
21959,6,7,99,5,6,100.0,0,N,RURAL_VICTORIA,ROAD,8,0.0
21960,1,7,110,1,1,50.0,0,I,MELB_URBAN,STREET,8,8.0
21961,1,4,130,1,1,60.0,0,I,MELB_URBAN,ROAD,8,12.0
21962,1,7,99,5,1,60.0,0,N,MELB_URBAN,ROAD,8,10.0
21963,1,5,134,5,1,60.0,0,N,MELB_URBAN,STREET,8,8.0
21964,6,7,174,5,5,100.0,0,N,RURAL_VICTORIA,HIGHWAY,8,6.0
21965,1,6,133,3,1,60.0,0,I,MELB_URBAN,ROAD,8,13.0
21966,1,7,130,5,1,80.0,0,N,MELB_URBAN,ROAD,8,12.0
21967,1,7,113,4,1,70.0,0,N,LARGE_PROVINCIAL_CITIES,RAMP,8,14.0
21968,1,7,110,1,1,60.0,0,I,LARGE_PROVINCIAL_CITIES,STREET,8,12.0
21969,1,7,130,5,1,80.0,0,N,MELB_URBAN,ROAD,8,14.0
21970,1,7,130,2,1,80.0,0,I,MELB_URBAN,ROAD,8,11.0
21971,1,7,130,5,1,60.0,0,N,MELB_URBAN,ROAD,8,11.0
21972,1,5,99,2,1,50.0,0,I,MELB_URBAN,STREET,8,14.0
21973,8,7,99,5,1,60.0,0,N,MELB_URBAN,ROAD,8,12.0
21974,1,4,110,1,3,50.0,0,I,MELB_URBAN,STREET,8,19.0
21975,1,7,110,1,1,50.0,0,I,MELB_URBAN,STREET,8,14.0
21976,6,7,170,1,1,60.0,0,I,MELB_URBAN,ROAD,8,15.0
21977,1,7,132,2,1,80.0,0,I,RURAL_VICTORIA,HIGHWAY,8,14.0
21978,1,7,121,1,1,60.0,0,I,MELB_URBAN,STREET,8,15.0
21979,1,7,134,5,1,80.0,0,N,MELB_URBAN,ROAD,8,15.0
21980,1,7,110,1,1,80.0,0,I,RURAL_VICTORIA,ROAD,8,17.0
21981,2,7,102,2,3,60.0,0,I,LARGE_PROVINCIAL_CITIES,OTHER,8,18.0
21982,4,7,181,5,3,60.0,0,N,TOWNS,STREET,8,21.0
21983,1,7,120,5,3,50.0,0,N,MELB_URBAN,OTHER,8,22.0
21984,2,7,99,2,1,40.0,0,I,MELB_URBAN,STREET,8,15.0
21985,2,1,99,5,5,60.0,0,N,SMALL_CITIES,ROAD,8,3.0
21986,1,7,130,5,1,60.0,0,N,MELB_URBAN,ROAD,8,10.0
21987,4,6,181,5,1,70.0,0,N,MELB_URBAN,ROAD,8,15.0
21988,1,7,120,5,1,60.0,0,N,TOWNS,HIGHWAY,8,11.0
21989,1,1,121,1,1,60.0,0,I,SMALL_CITIES,STREET,8,9.0
21990,1,3,121,5,1,50.0,0,N,SMALL_TOWNS,HIGHWAY,8,10.0
21991,1,1,113,1,1,50.0,0,I,TOWNS,STREET,8,9.0
21992,1,2,163,1,6,60.0,0,I,MELBOURNE_CBD,STREET,5,18.0
21993,1,0,133,1,1,50.0,0,I,MELB_URBAN,HIGHWAY,8,8.0
21994,1,1,121,2,1,60.0,0,I,MELB_URBAN,ROAD,8,12.0
21995,4,4,171,5,1,100.0,0,N,RURAL_VICTORIA,ROAD,8,9.0
21996,1,1,121,2,1,100.0,0,N,RURAL_VICTORIA,HIGHWAY,8,11.0
21997,8,1,99,1,1,50.0,0,I,SMALL_CITIES,BOULEVARD,8,14.0
21998,6,1,99,2,1,100.0,0,I,RURAL_VICTORIA,ROAD,8,15.0
21999,1,6,130,2,1,80.0,0,I,MELB_URBAN,ROAD,8,16.0
22000,4,1,171,5,1,100.0,0,N,RURAL_VICTORIA,ROAD,8,13.0
22001,8,6,174,1,1,80.0,0,I,MELB_URBAN,ROAD,8,9.0
22002,4,1,173,2,1,50.0,0,I,MELB_URBAN,OTHER,8,16.0
22003,1,1,130,5,3,60.0,0,N,MELB_URBAN,ROAD,8,18.0
22004,8,7,174,2,1,100.0,0,I,RURAL_VICTORIA,ROAD,7,11.0
22005,6,1,99,5,1,100.0,0,N,RURAL_VICTORIA,ROAD,8,14.0
22006,4,1,173,5,1,60.0,0,N,MELB_URBAN,STREET,8,16.0
22007,1,0,121,4,3,60.0,0,I,LARGE_PROVINCIAL_CITIES,ROAD,8,22.0
22008,1,2,113,1,3,80.0,0,N,MELB_URBAN,ROAD,8,5.0
22009,8,4,174,5,1,60.0,0,N,LARGE_PROVINCIAL_CITIES,STREET,5,11.0
22010,1,2,133,5,1,60.0,0,N,MELB_URBAN,STREET,8,8.0
22011,3,2,167,5,1,50.0,0,N,MELB_URBAN,OTHER,8,10.0
22012,1,2,121,1,1,100.0,0,I,RURAL_VICTORIA,ROAD,8,8.0
22013,2,2,99,5,1,50.0,0,N,MELB_URBAN,PARADE,8,9.0
22014,2,6,99,5,9,60.0,0,N,MELB_URBAN,STREET,8,18.0
22015,1,2,99,1,1,60.0,0,I,MELB_URBAN,BOULEVARD,8,7.0
22016,2,1,99,5,3,50.0,0,N,LARGE_PROVINCIAL_CITIES,STREET,8,0.0
22017,2,4,100,1,1,60.0,0,I,MELB_URBAN,ROAD,8,8.0
22018,1,2,121,1,1,60.0,0,I,MELB_URBAN,ROAD,8,15.0
22019,2,2,99,5,1,80.0,0,N,MELB_URBAN,ROAD,8,15.0
22020,2,2,100,5,1,60.0,0,N,LARGE_PROVINCIAL_CITIES,ROAD,8,15.0
22021,1,6,130,1,1,40.0,0,I,MELB_URBAN,HIGHWAY,6,16.0
22022,4,1,171,5,1,80.0,0,N,RURAL_VICTORIA,ROAD,6,12.0
22023,1,2,130,5,1,60.0,0,N,MELB_URBAN,ROAD,8,15.0
22024,1,2,130,5,1,40.0,0,N,MELB_URBAN,DRIVE,8,8.0
22025,1,2,130,5,9,60.0,0,N,MELB_URBAN,ROAD,5,15.0
22026,1,2,113,2,1,80.0,0,I,MELB_URBAN,ROAD,8,16.0
22027,1,1,130,1,1,80.0,0,I,MELB_URBAN,ROAD,8,15.0
22028,1,2,147,5,2,50.0,0,N,LARGE_PROVINCIAL_CITIES,DRIVE,8,17.0
22029,1,2,110,1,3,60.0,0,I,MELB_URBAN,STREET,8,19.0
22030,1,2,110,1,3,50.0,0,I,MELB_URBAN,AVENUE,8,20.0
22031,1,2,160,5,5,50.0,0,N,MELB_URBAN,STREET,8,22.0
22032,1,2,121,2,3,40.0,0,I,MELB_URBAN,OTHER,8,22.0
22033,1,3,110,1,9,60.0,0,I,TOWNS,STREET,8,0.0
22034,5,2,99,5,1,60.0,0,N,MELB_URBAN,ROAD,8,15.0
22035,1,2,121,1,1,80.0,0,N,MELB_URBAN,RAMP,8,14.0
22036,1,3,134,5,6,100.0,0,N,MELB_URBAN,ROAD,8,6.0
22037,4,6,181,5,1,100.0,0,N,RURAL_VICTORIA,ROAD,6,15.0
22038,1,1,130,5,2,80.0,0,N,MELB_URBAN,ROAD,8,17.0
22039,4,3,171,5,1,100.0,0,N,MELB_URBAN,UNKNOWN,8,7.0
22040,1,3,140,5,1,40.0,0,N,MELB_URBAN,OTHER,8,8.0
22041,2,1,99,5,1,60.0,0,N,MELB_URBAN,STREET,8,13.0
22042,2,3,100,1,1,50.0,0,I,LARGE_PROVINCIAL_CITIES,STREET,8,8.0
22043,2,3,100,1,1,60.0,1,I,MELB_URBAN,STREET,8,7.0
22044,1,3,110,1,1,50.0,0,I,MELB_URBAN,STREET,8,9.0
22045,1,3,116,2,1,50.0,0,I,MELB_URBAN,ROAD,8,10.0
22046,8,4,174,5,2,50.0,0,N,RURAL_VICTORIA,ROAD,7,17.0
22047,1,4,130,1,3,60.0,0,N,MELB_URBAN,ROAD,8,18.0
22048,1,3,110,1,1,50.0,0,I,SMALL_CITIES,OTHER,8,9.0
22049,1,6,130,1,1,60.0,0,N,MELB_URBAN,ROAD,8,8.0
22050,1,3,113,2,1,100.0,0,I,RURAL_VICTORIA,ROAD,8,11.0
22051,1,2,120,5,1,70.0,0,N,MELB_URBAN,ROAD,8,13.0
22052,1,4,130,2,2,60.0,0,I,MELB_URBAN,ROAD,8,16.0
22053,8,2,174,1,1,50.0,0,I,MELB_URBAN,ROAD,8,11.0
22054,1,3,99,5,1,50.0,0,N,SMALL_CITIES,STREET,8,14.0
22055,1,3,130,5,1,60.0,0,N,MELB_URBAN,ROAD,8,9.0
22056,1,3,132,5,1,80.0,0,N,RURAL_VICTORIA,ROAD,8,14.0
22057,1,2,99,5,2,60.0,0,N,TOWNS,STREET,8,18.0
22058,9,3,99,3,1,50.0,0,I,MELB_URBAN,STREET,8,15.0
22059,1,3,121,2,1,70.0,0,I,MELB_URBAN,ROAD,8,16.0
22060,1,3,110,1,1,60.0,0,I,SMALL_CITIES,ROAD,8,16.0
22061,1,3,99,1,1,100.0,0,I,RURAL_VICTORIA,ROAD,8,16.0
22062,1,3,120,5,1,100.0,0,N,LARGE_PROVINCIAL_CITIES,HIGHWAY,8,15.0
22063,1,4,113,1,3,50.0,0,I,MELB_URBAN,STREET,6,18.0
22064,6,1,174,2,1,50.0,0,I,MELB_URBAN,OTHER,7,12.0
22065,1,3,116,2,3,50.0,0,I,MELB_URBAN,STREET,8,18.0
22066,1,2,130,5,1,50.0,0,N,MELB_URBAN,ROAD,8,16.0
22067,1,3,130,5,1,80.0,0,N,MELB_URBAN,ROAD,8,16.0
22068,7,5,99,2,1,60.0,0,I,MELB_URBAN,STREET,7,15.0
22069,1,3,121,2,1,70.0,0,I,MELB_URBAN,ROAD,8,16.0
22070,1,3,130,5,1,70.0,0,N,LARGE_PROVINCIAL_CITIES,STREET,8,17.0
22071,1,2,134,2,1,70.0,0,N,MELB_URBAN,ROAD,8,14.0
22072,1,4,130,1,3,60.0,0,I,MELB_URBAN,OTHER,8,18.0
22073,1,3,140,5,3,60.0,0,N,MELB_URBAN,STREET,8,22.0
22074,1,6,130,5,1,80.0,0,N,MELB_URBAN,ROAD,6,13.0
22075,2,4,100,2,1,50.0,0,I,MELB_URBAN,AVENUE,8,8.0
22076,1,3,121,2,1,80.0,0,I,RURAL_VICTORIA,ROAD,8,13.0
22077,1,4,111,2,1,80.0,0,I,MELB_URBAN,ROAD,8,8.0
22078,1,3,130,5,2,70.0,0,N,LARGE_PROVINCIAL_CITIES,STREET,8,16.0
22079,1,4,113,2,1,60.0,0,I,MELB_URBAN,ROAD,8,8.0
22080,1,3,130,2,1,80.0,0,N,MELB_URBAN,ROAD,8,8.0
22081,1,2,147,5,1,60.0,0,N,MELB_URBAN,ROAD,8,10.0
22082,1,4,111,2,1,60.0,0,I,MELB_URBAN,ROAD,8,8.0
22083,1,4,130,5,2,60.0,0,N,MELB_URBAN,ROAD,8,8.0
22084,5,6,99,5,5,100.0,0,N,RURAL_VICTORIA,ROAD,2,20.0
22085,6,1,174,5,1,60.0,0,N,RURAL_VICTORIA,ROAD,8,10.0
22086,1,6,113,2,1,60.0,0,I,MELB_URBAN,DRIVE,12,8.0
22087,1,4,113,2,1,50.0,0,I,MELB_URBAN,STREET,8,12.0
22088,6,7,184,5,1,50.0,0,N,MELB_URBAN,BOULEVARD,8,13.0
22089,1,4,160,5,1,60.0,0,N,SMALL_CITIES,STREET,8,15.0
22090,1,4,130,5,1,70.0,0,N,MELB_URBAN,ROAD,8,10.0
22091,1,4,120,5,1,50.0,0,N,MELB_URBAN,AVENUE,8,12.0
22092,2,4,99,5,1,40.0,0,N,MELB_URBAN,STREET,8,14.0
22093,1,4,113,2,1,80.0,0,N,MELB_URBAN,ROAD,8,15.0
22094,1,4,110,1,1,70.0,0,I,SMALL_CITIES,PARADE,8,15.0
22095,1,4,140,2,1,100.0,0,I,RURAL_VICTORIA,FREEWAY,8,15.0
22096,1,3,130,1,1,60.0,0,I,MELB_URBAN,STREET,8,15.0
22097,1,4,130,2,1,60.0,0,N,MELB_URBAN,ROAD,8,15.0
22098,8,2,174,2,9,60.0,0,I,MELB_URBAN,OTHER,8,20.0
22099,1,4,130,5,1,110.0,0,N,RURAL_VICTORIA,FREEWAY,8,15.0
22100,1,5,130,5,3,80.0,0,N,MELB_URBAN,RAMP,5,18.0
22101,2,4,100,1,1,50.0,0,I,MELB_URBAN,ROAD,8,17.0
22102,1,4,121,2,1,60.0,0,I,MELB_URBAN,ROAD,8,17.0
22103,1,4,147,2,3,50.0,0,I,MELB_URBAN,STREET,8,18.0
22104,5,4,99,5,5,110.0,0,N,RURAL_VICTORIA,FREEWAY,8,19.0
22105,1,4,130,2,3,70.0,0,I,LARGE_PROVINCIAL_CITIES,STREET,8,19.0
22106,5,4,99,5,1,50.0,0,N,MELB_URBAN,STREET,8,15.0
22107,3,4,167,5,5,100.0,0,N,RURAL_VICTORIA,ROAD,8,20.0
22108,1,2,121,2,5,60.0,0,I,MELB_URBAN,STREET,8,17.0
22109,1,4,130,5,2,100.0,0,N,MELB_URBAN,FREEWAY,7,17.0
22110,1,4,130,5,5,100.0,0,N,MELB_URBAN,FREEWAY,8,18.0
22111,6,5,170,1,3,60.0,0,N,MELB_URBAN,ROAD,8,2.0
22112,4,4,173,5,1,100.0,0,N,RURAL_VICTORIA,ROAD,8,16.0
22113,1,3,135,2,1,70.0,0,I,MELB_URBAN,ROAD,12,17.0
22114,1,5,160,5,1,80.0,0,N,RURAL_VICTORIA,HIGHWAY,8,7.0
22115,1,5,130,5,1,80.0,0,N,LARGE_PROVINCIAL_CITIES,FREEWAY,8,8.0
22116,1,5,130,1,1,90.0,0,I,SMALL_TOWNS,HIGHWAY,8,7.0
22117,4,6,183,5,3,60.0,0,N,MELB_URBAN,RAMP,8,18.0
22118,1,2,130,5,2,60.0,0,N,MELB_URBAN,ROAD,6,17.0
22119,4,7,171,5,2,60.0,0,N,RURAL_VICTORIA,OTHER,4,17.0
22120,1,3,110,1,1,60.0,0,I,MELB_URBAN,OTHER,8,9.0
22121,1,5,140,5,3,50.0,0,N,MELB_URBAN,ROAD,8,19.0
22122,1,5,99,1,1,60.0,0,I,MELB_URBAN,ROAD,8,10.0
22123,1,5,99,1,1,60.0,0,I,MELB_URBAN,ROAD,8,11.0
22124,4,7,171,5,1,100.0,0,N,RURAL_VICTORIA,ROAD,8,12.0
22125,1,5,130,5,1,70.0,0,N,MELB_URBAN,ROAD,8,8.0