,accident_type,day_of_week,dca_code,road_geometry,light_condition,speed_zone,severity,node_type,deg_urban_name,road_type,month,hour
22126,2,4,100,1,1,50.0,0,I,MELB_URBAN,STREET,7,9.0
22127,1,5,99,1,1,50.0,0,I,MELB_URBAN,STREET,8,12.0
22128,1,5,99,5,1,60.0,0,N,MELB_URBAN,OTHER,8,12.0
22129,2,5,99,5,1,60.0,0,N,MELB_URBAN,STREET,8,9.0
22130,6,5,174,1,1,60.0,0,I,MELB_URBAN,ROAD,8,12.0
22131,1,5,120,5,1,60.0,0,N,SMALL_CITIES,ROAD,8,10.0
22132,1,6,130,5,2,70.0,0,N,MELB_URBAN,BOULEVARD,1,18.0
22133,4,6,171,5,5,100.0,0,N,MELB_URBAN,ROAD,7,20.0
22134,1,5,121,1,1,80.0,0,I,MELB_URBAN,ROAD,8,10.0
22135,1,6,130,1,1,60.0,0,I,MELB_URBAN,STREET,7,11.0
22136,1,4,116,2,1,50.0,0,I,MELB_URBAN,ROAD,8,7.0
22137,1,5,121,5,1,50.0,0,N,MELB_URBAN,ROAD,8,10.0
22138,1,2,130,5,1,100.0,0,N,MELB_URBAN,FREEWAY,8,17.0
22139,1,5,130,2,1,60.0,0,I,MELB_URBAN,STREET,8,15.0
22140,6,2,174,5,1,60.0,0,N,MELB_URBAN,ROAD,8,13.0
22141,1,5,110,1,1,50.0,0,I,SMALL_CITIES,STREET,8,16.0
22142,1,2,130,1,1,40.0,0,I,MELB_URBAN,ROAD,8,13.0
22143,4,5,181,2,1,80.0,0,I,RURAL_VICTORIA,ROAD,8,12.0
22144,1,6,121,1,1,80.0,0,N,MELB_URBAN,RAMP,7,13.0
22145,1,5,113,2,1,60.0,0,I,TOWNS,ROAD,8,16.0
22146,1,5,121,1,1,60.0,0,I,MELB_URBAN,ROAD,8,16.0
22147,1,4,130,5,2,100.0,0,N,MELB_URBAN,FREEWAY,8,19.0
22148,5,5,99,2,1,60.0,0,I,MELB_URBAN,ROAD,8,15.0
22149,1,5,130,5,3,80.0,0,N,MELB_URBAN,ROAD,8,17.0
22150,1,5,130,5,3,80.0,0,N,MELB_URBAN,UNKNOWN,8,18.0
22151,1,5,130,5,5,100.0,0,N,RURAL_VICTORIA,ROAD,8,17.0
22152,1,5,113,2,1,80.0,0,I,RURAL_VICTORIA,ROAD,8,16.0
22153,8,5,174,5,3,60.0,0,N,MELB_URBAN,ROAD,8,18.0
22154,4,1,171,5,3,50.0,0,N,MELB_URBAN,STREET,8,19.0
22155,2,7,102,2,3,60.0,0,I,MELB_URBAN,ROAD,8,5.0
22156,1,2,130,5,1,80.0,0,N,SMALL_TOWNS,RAMP,2,8.0
22157,1,5,110,1,1,50.0,0,I,MELB_URBAN,AVENUE,8,15.0
22158,1,6,113,2,3,70.0,0,I,LARGE_PROVINCIAL_CITIES,ROAD,8,6.0
22159,1,6,110,1,2,60.0,0,I,LARGE_PROVINCIAL_CITIES,STREET,8,6.0
22160,1,6,160,5,1,60.0,0,N,MELB_URBAN,ROAD,8,9.0
22161,1,6,130,2,9,60.0,0,I,LARGE_PROVINCIAL_CITIES,HIGHWAY,8,9.0
22162,1,6,121,2,1,60.0,0,I,MELB_URBAN,ROAD,8,7.0
22163,2,6,99,5,1,50.0,0,N,MELB_URBAN,PARADE,8,11.0
22164,1,6,110,1,1,60.0,0,I,MELB_URBAN,ROAD,8,13.0
22165,1,5,99,5,1,50.0,0,N,MELB_URBAN,STREET,8,9.0
22166,4,5,183,2,1,100.0,0,N,RURAL_VICTORIA,ROAD,8,9.0
22167,1,5,120,5,1,100.0,0,N,RURAL_VICTORIA,ROAD,8,13.0
22168,2,6,99,1,1,60.0,0,I,MELB_URBAN,STREET,7,9.0
22169,4,6,171,5,1,100.0,0,N,MELB_URBAN,ROAD,8,13.0
22170,1,3,110,1,1,50.0,0,I,LARGE_PROVINCIAL_CITIES,STREET,7,15.0
22171,1,6,130,2,3,80.0,0,I,LARGE_PROVINCIAL_CITIES,ROAD,6,20.0
22172,6,1,174,1,9,60.0,0,I,MELB_URBAN,ROAD,7,17.0
22173,4,6,173,5,1,100.0,0,N,RURAL_VICTORIA,ROAD,8,14.0
22174,1,6,99,5,1,80.0,0,N,MELB_URBAN,ROAD,8,13.0
22175,1,6,110,1,1,50.0,0,I,TOWNS,STREET,8,15.0
22176,1,3,147,5,1,60.0,0,N,SMALL_CITIES,ROAD,8,15.0
22177,1,6,135,2,1,60.0,0,I,LARGE_PROVINCIAL_CITIES,ROAD,8,14.0
22178,1,6,130,5,1,60.0,0,N,MELB_URBAN,RAMP,3,9.0
22179,1,6,113,2,1,60.0,0,I,TOWNS,ROAD,8,15.0
22180,4,6,171,5,1,80.0,0,N,RURAL_VICTORIA,ROAD,8,16.0
22181,4,5,171,5,3,70.0,0,N,MELB_URBAN,ROAD,8,21.0
22182,6,5,99,5,5,60.0,0,N,MELB_URBAN,AVENUE,8,18.0
22183,1,6,121,5,1,60.0,0,N,MELB_URBAN,DRIVE,8,16.0
22184,1,6,135,5,1,80.0,0,N,MELB_URBAN,ROAD,8,16.0
22185,4,6,171,5,1,100.0,0,N,RURAL_VICTORIA,ROAD,8,16.0
22186,2,6,100,2,3,60.0,0,I,MELB_URBAN,STREET,8,20.0
22187,1,6,121,1,3,50.0,0,I,MELB_URBAN,STREET,8,19.0
22188,2,6,99,5,3,60.0,0,N,LARGE_PROVINCIAL_CITIES,ROAD,8,21.0
22189,4,6,181,5,5,100.0,0,N,SMALL_TOWNS,ROAD,8,21.0
22190,4,6,173,5,5,100.0,0,N,RURAL_VICTORIA,ROAD,8,22.0
22191,4,7,99,2,5,60.0,0,I,SMALL_CITIES,STREET,8,1.0
22192,4,7,171,1,3,60.0,0,I,LARGE_PROVINCIAL_CITIES,ROAD,8,2.0
22193,6,7,99,5,3,70.0,0,N,MELB_URBAN,ROAD,8,2.0
22194,4,7,173,5,3,50.0,0,N,MELB_URBAN,STREET,8,4.0
22195,1,5,130,2,1,60.0,0,I,MELB_URBAN,ROAD,8,17.0
22196,1,6,130,5,1,80.0,0,N,MELB_URBAN,FREEWAY,8,11.0
22197,4,7,183,5,1,70.0,0,N,MELB_URBAN,ROAD,8,7.0
22198,4,4,171,1,5,100.0,0,I,RURAL_VICTORIA,ROAD,8,22.0
22199,4,4,183,5,5,80.0,0,N,RURAL_VICTORIA,ROAD,9,23.0
22200,2,5,100,1,2,50.0,0,I,MELB_URBAN,ROAD,8,18.0
22201,1,6,130,2,1,60.0,0,I,RURAL_VICTORIA,HIGHWAY,8,15.0
22202,1,7,110,1,1,60.0,0,I,MELB_URBAN,ROAD,8,9.0
22203,4,7,173,2,9,80.0,0,N,MELB_URBAN,ROAD,8,7.0
22204,2,7,99,5,1,50.0,0,N,TOWNS,STREET,8,12.0
22205,8,7,174,5,1,80.0,0,N,MELB_URBAN,ROAD,8,12.0
22206,5,6,99,2,5,80.0,0,I,SMALL_TOWNS,ROAD,8,21.0
22207,1,7,132,2,1,60.0,0,I,MELB_URBAN,ROAD,8,11.0
22208,1,7,121,5,1,60.0,0,N,MELB_URBAN,ROAD,8,12.0
22209,1,7,130,5,1,80.0,0,N,MELB_URBAN,FREEWAY,8,13.0
22210,1,5,130,1,1,70.0,0,I,MELB_URBAN,ROAD,8,10.0
22211,1,7,160,5,1,80.0,0,N,MELB_URBAN,FREEWAY,8,12.0
22212,4,7,173,2,1,60.0,0,I,MELB_URBAN,STREET,8,7.0
22213,6,7,174,5,1,100.0,0,N,RURAL_VICTORIA,ROAD,8,13.0
22214,1,6,130,5,1,60.0,0,N,MELB_URBAN,STREET,8,15.0
22215,1,7,147,5,1,50.0,0,N,MELB_URBAN,STREET,8,14.0
22216,3,7,167,5,5,100.0,0,N,RURAL_VICTORIA,HIGHWAY,8,0.0
22217,1,3,133,5,2,100.0,0,N,MELB_URBAN,FREEWAY,5,6.0
22218,2,3,102,1,3,70.0,0,I,MELB_URBAN,HIGHWAY,7,18.0
22219,2,7,99,5,3,60.0,0,N,MELB_URBAN,STREET,8,17.0
22220,1,7,130,5,3,80.0,0,N,MELB_URBAN,ROAD,8,18.0
22221,4,7,181,2,1,100.0,1,I,RURAL_VICTORIA,ROAD,8,14.0
22222,1,7,130,5,3,100.0,0,N,MELB_URBAN,FREEWAY,8,18.0
22223,1,7,134,2,3,70.0,0,I,MELB_URBAN,ROAD,8,19.0
22224,1,7,121,2,3,60.0,0,I,SMALL_CITIES,HIGHWAY,8,20.0
22225,1,7,160,5,1,70.0,0,N,MELB_URBAN,ROAD,8,17.0
22226,6,4,174,2,1,100.0,0,I,RURAL_VICTORIA,ROAD,6,7.0
22227,1,7,120,2,5,100.0,1,I,RURAL_VICTORIA,HIGHWAY,8,20.0
22228,2,1,100,2,3,60.0,0,I,MELB_URBAN,ROAD,8,1.0
22229,1,1,130,5,5,100.0,1,N,MELB_URBAN,FREEWAY,8,1.0
22230,2,1,99,1,2,40.0,0,I,MELB_URBAN,STREET,8,7.0
22231,4,7,173,5,3,60.0,0,N,MELB_URBAN,OTHER,8,23.0
22232,4,1,173,5,1,70.0,0,N,MELB_URBAN,ROAD,8,9.0
22233,1,1,110,1,1,100.0,0,I,RURAL_VICTORIA,ROAD,8,11.0
22234,7,4,99,5,3,60.0,0,N,MELB_URBAN,ROAD,8,20.0
22235,1,1,110,1,1,80.0,0,I,RURAL_VICTORIA,ROAD,8,12.0
22236,1,1,110,1,1,60.0,0,I,MELB_URBAN,HIGHWAY,8,12.0
22237,1,1,99,1,1,100.0,0,I,RURAL_VICTORIA,HIGHWAY,8,10.0
22238,1,1,120,5,1,60.0,0,N,MELB_URBAN,ROAD,8,10.0
22239,4,1,173,5,5,90.0,0,N,RURAL_VICTORIA,ROAD,8,3.0
22240,1,0,130,1,1,60.0,0,I,MELB_URBAN,ROAD,8,13.0
22241,1,1,113,2,1,80.0,0,I,RURAL_VICTORIA,ROAD,8,12.0
22242,1,2,130,1,1,60.0,0,I,MELB_URBAN,STREET,4,9.0
22243,1,6,99,1,3,40.0,0,I,MELBOURNE_CBD,STREET,8,22.0
22244,1,2,111,2,1,100.0,0,I,RURAL_VICTORIA,ROAD,4,16.0
22245,1,1,110,1,1,50.0,0,I,MELB_URBAN,STREET,8,15.0
22246,1,1,113,2,3,100.0,0,I,RURAL_VICTORIA,HIGHWAY,8,19.0
22247,1,1,113,2,3,60.0,0,I,MELB_URBAN,ROAD,8,20.0
22248,4,1,171,5,3,70.0,0,N,MELB_URBAN,ROAD,8,20.0
22249,5,5,99,5,5,100.0,0,N,RURAL_VICTORIA,ROAD,8,22.0
22250,4,1,173,1,3,80.0,0,I,MELB_URBAN,ROAD,8,3.0
22251,1,6,130,5,1,60.0,0,N,MELB_URBAN,ROAD,8,8.0
22252,6,5,99,5,1,60.0,0,N,SMALL_CITIES,BOULEVARD,8,6.0
22253,1,7,130,1,9,80.0,0,I,MELB_URBAN,HIGHWAY,6,8.0
22254,1,2,99,6,1,50.0,0,N,SMALL_CITIES,OTHER,8,7.0
22255,1,1,160,2,1,60.0,0,I,MELB_URBAN,ROAD,8,13.0
22256,1,2,121,1,1,50.0,0,I,MELB_URBAN,STREET,8,7.0
22257,1,2,113,2,1,50.0,0,I,MELB_URBAN,ROAD,8,8.0
22258,1,2,130,5,1,40.0,0,N,MELB_URBAN,ROAD,8,9.0
22259,2,2,100,1,1,60.0,0,I,MELB_URBAN,STREET,8,9.0
22260,2,2,99,5,5,90.0,0,N,RURAL_VICTORIA,ROAD,8,6.0
22261,1,2,99,5,1,50.0,0,N,SMALL_CITIES,STREET,8,11.0
22262,1,2,133,5,1,80.0,0,N,RURAL_VICTORIA,ROAD,8,10.0
22263,1,2,160,5,1,60.0,0,N,MELB_URBAN,ROAD,8,10.0
22264,4,2,173,5,1,80.0,0,N,MELB_URBAN,ROAD,8,11.0
22265,1,2,111,4,1,50.0,0,I,LARGE_PROVINCIAL_CITIES,ROAD,8,11.0
22266,1,1,110,1,1,60.0,0,I,MELB_URBAN,ROAD,8,9.0
22267,1,2,110,1,1,100.0,0,I,RURAL_VICTORIA,ROAD,8,8.0
22268,1,2,113,2,1,60.0,0,I,MELB_URBAN,ROAD,8,12.0
22269,4,2,171,5,1,100.0,0,N,RURAL_VICTORIA,ROAD,8,13.0
22270,1,2,99,5,1,50.0,0,N,MELB_URBAN,OTHER,8,12.0
22271,6,7,174,5,3,60.0,0,N,TOWNS,UNKNOWN,8,1.0
22272,3,1,167,5,1,60.0,0,N,RURAL_VICTORIA,ROAD,8,13.0
22273,4,2,173,2,1,60.0,0,I,TOWNS,STREET,8,14.0
22274,4,2,181,5,1,100.0,0,N,RURAL_VICTORIA,ROAD,8,16.0
22275,1,1,111,2,1,60.0,0,I,MELB_URBAN,DRIVE,8,14.0
22276,1,7,99,1,3,60.0,0,I,MELB_URBAN,STREET,8,18.0
22277,1,1,99,1,1,60.0,0,I,MELB_URBAN,STREET,8,11.0
22278,4,2,173,5,1,100.0,0,N,RURAL_VICTORIA,HIGHWAY,8,16.0
22279,6,5,174,2,1,60.0,0,I,MELB_URBAN,ROAD,8,12.0
22280,1,2,110,1,1,50.0,0,I,LARGE_PROVINCIAL_CITIES,STREET,8,15.0
22281,1,2,121,2,2,60.0,0,I,MELB_URBAN,ROAD,8,17.0
22282,1,2,120,5,1,70.0,0,N,RURAL_VICTORIA,ROAD,8,15.0
22283,1,2,134,5,2,60.0,0,N,MELB_URBAN,ROAD,8,17.0
22284,1,2,110,1,3,80.0,0,N,MELB_URBAN,ROAD,8,4.0
22285,1,4,113,2,2,80.0,0,N,MELB_URBAN,HIGHWAY,7,7.0
22286,1,2,132,2,1,60.0,0,I,SMALL_CITIES,STREET,8,17.0
22287,1,6,121,2,3,60.0,0,I,MELB_URBAN,STREET,8,19.0
22288,5,2,99,5,3,50.0,0,N,MELB_URBAN,OTHER,8,19.0
22289,1,2,99,1,1,60.0,0,I,LARGE_PROVINCIAL_CITIES,STREET,8,16.0
22290,1,2,121,5,1,60.0,0,N,MELB_URBAN,ROAD,8,17.0
22291,2,2,99,1,9,50.0,0,I,MELB_URBAN,ROAD,8,21.0
22292,4,2,171,1,3,80.0,0,N,RURAL_VICTORIA,RAMP,8,19.0
22293,4,2,181,1,3,60.0,0,I,TOWNS,AVENUE,8,18.0
22294,4,3,173,5,5,70.0,0,N,RURAL_VICTORIA,DRIVE,8,0.0
22295,1,3,113,2,1,50.0,0,I,SMALL_CITIES,STREET,8,7.0
22296,4,7,183,5,1,60.0,0,N,RURAL_VICTORIA,ROAD,7,15.0
22297,1,2,113,2,1,60.0,0,I,LARGE_PROVINCIAL_CITIES,ROAD,8,16.0
22298,6,6,174,5,1,100.0,0,N,RURAL_VICTORIA,ROAD,8,15.0
22299,2,3,100,1,2,60.0,0,I,MELB_URBAN,ROAD,8,6.0
22300,4,2,181,5,1,100.0,0,N,RURAL_VICTORIA,ROAD,8,10.0
22301,8,1,174,5,1,60.0,0,N,RURAL_VICTORIA,ROAD,8,12.0
22302,1,3,120,2,1,50.0,0,I,LARGE_PROVINCIAL_CITIES,OTHER,8,8.0
22303,2,2,99,5,3,50.0,0,N,TOWNS,STREET,8,23.0
22304,1,3,121,2,1,60.0,0,I,MELB_URBAN,BOULEVARD,8,8.0
22305,1,2,132,2,1,40.0,0,I,MELB_URBAN,ROAD,8,16.0
22306,1,1,130,1,1,60.0,0,I,MELB_URBAN,ROAD,9,15.0
22307,1,2,132,1,1,60.0,0,I,MELB_URBAN,ROAD,8,15.0
22308,1,7,160,5,1,50.0,0,N,MELB_URBAN,ROAD,8,7.0
22309,1,7,120,5,1,100.0,0,N,RURAL_VICTORIA,ROAD,8,12.0
22310,4,1,181,5,5,100.0,1,N,RURAL_VICTORIA,ROAD,8,20.0
22311,1,2,130,2,9,70.0,0,I,MELB_URBAN,ROAD,5,14.0
22312,1,3,111,1,1,60.0,0,I,SMALL_CITIES,STREET,8,12.0
22313,1,2,121,1,3,70.0,0,I,MELB_URBAN,HIGHWAY,8,21.0
22314,5,6,99,5,1,60.0,0,N,RURAL_VICTORIA,ROAD,8,10.0
22315,1,4,113,2,3,60.0,0,I,MELB_URBAN,ROAD,3,18.0
22316,8,3,174,5,1,50.0,0,N,MELB_URBAN,OTHER,8,14.0
22317,2,3,99,5,1,50.0,0,N,MELB_URBAN,AVENUE,8,11.0
22318,1,4,113,2,1,100.0,0,I,RURAL_VICTORIA,ROAD,7,15.0
22319,1,6,110,1,1,60.0,0,I,SMALL_CITIES,STREET,6,10.0
22320,1,3,130,5,1,70.0,0,N,MELB_URBAN,ROAD,8,15.0
22321,1,1,113,2,3,60.0,0,I,MELB_URBAN,DRIVE,8,23.0
22322,1,3,160,5,1,60.0,0,N,MELB_URBAN,ROAD,8,14.0
22323,1,3,111,2,1,60.0,0,I,MELB_URBAN,STREET,8,15.0
22324,4,2,171,5,1,100.0,0,N,RURAL_VICTORIA,HIGHWAY,8,8.0
22325,1,3,147,5,1,80.0,0,N,MELB_URBAN,ROAD,8,7.0
22326,6,3,170,5,1,110.0,0,N,RURAL_VICTORIA,HIGHWAY,8,15.0
22327,1,6,130,5,2,70.0,0,N,LARGE_PROVINCIAL_CITIES,HIGHWAY,8,17.0
22328,8,3,174,2,3,40.0,0,I,MELB_URBAN,ROAD,8,17.0
22329,1,3,121,2,1,60.0,0,I,MELB_URBAN,ROAD,8,17.0
22330,8,6,99,5,5,110.0,0,N,SMALL_TOWNS,FREEWAY,8,23.0
22331,1,3,130,5,3,60.0,0,N,MELB_URBAN,DRIVE,8,17.0
22332,6,2,174,2,1,70.0,0,N,MELB_URBAN,ROAD,8,13.0
22333,2,3,102,5,1,50.0,0,N,MELBOURNE_CBD,STREET,8,14.0
22334,4,3,171,2,2,60.0,0,I,MELB_URBAN,ROAD,8,17.0
22335,1,1,130,5,9,60.0,0,N,MELB_URBAN,ROAD,8,20.0
22336,1,3,130,5,5,100.0,0,N,MELB_URBAN,ROAD,8,17.0
22337,1,3,113,2,3,50.0,0,I,MELB_URBAN,DRIVE,8,17.0
22338,1,3,99,5,2,40.0,0,N,MELB_URBAN,STREET,8,17.0
22339,4,3,171,5,3,60.0,0,N,MELB_URBAN,HIGHWAY,8,19.0
22340,1,5,116,2,3,60.0,0,I,MELB_URBAN,ROAD,8,18.0
22341,4,2,173,5,1,60.0,0,N,MELB_URBAN,PARADE,8,16.0
22342,1,3,121,1,3,40.0,0,I,MELBOURNE_CBD,STREET,8,18.0
22343,3,3,167,5,5,100.0,0,N,RURAL_VICTORIA,HIGHWAY,8,19.0
22344,6,3,170,5,3,60.0,0,N,MELB_URBAN,ROAD,8,19.0
22345,1,3,132,1,1,100.0,0,I,RURAL_VICTORIA,HIGHWAY,8,16.0
22346,1,3,147,5,3,60.0,0,N,MELB_URBAN,ROAD,8,18.0
22347,4,3,183,1,5,100.0,0,I,RURAL_VICTORIA,ROAD,8,23.0
22348,4,4,171,5,3,60.0,0,N,MELB_URBAN,ROAD,8,0.0
22349,1,3,110,1,1,50.0,0,I,MELB_URBAN,STREET,8,16.0
22350,4,4,181,5,5,100.0,0,N,RURAL_VICTORIA,ROAD,8,5.0
22351,1,4,160,5,3,60.0,0,N,MELB_URBAN,ROAD,8,5.0
22352,1,4,113,4,1,70.0,0,N,MELB_URBAN,ROAD,5,8.0
22353,2,4,99,5,1,50.0,0,N,MELB_URBAN,HIGHWAY,8,8.0
22354,1,4,110,1,1,50.0,0,I,MELB_URBAN,STREET,8,8.0
22355,4,4,173,5,2,80.0,0,N,RURAL_VICTORIA,HIGHWAY,8,6.0
22356,2,4,102,5,1,60.0,0,N,MELB_URBAN,ROAD,8,10.0
22357,4,4,171,5,1,100.0,0,N,RURAL_VICTORIA,ROAD,8,9.0
22358,2,2,99,2,1,60.0,0,I,MELB_URBAN,ROAD,3,14.0
22359,2,4,99,5,9,50.0,0,N,MELB_URBAN,STREET,8,9.0
22360,8,1,174,5,1,100.0,0,N,RURAL_VICTORIA,OTHER,8,15.0
22361,2,3,100,5,1,40.0,0,N,MELB_URBAN,ROAD,8,11.0
22362,1,3,135,2,2,80.0,0,I,MELB_URBAN,ROAD,6,17.0
22363,1,4,110,1,1,80.0,0,I,MELB_URBAN,ROAD,8,12.0
22364,2,4,102,1,1,40.0,0,I,SMALL_CITIES,STREET,8,11.0
22365,1,4,130,5,1,60.0,0,N,MELB_URBAN,ROAD,8,8.0
22366,1,4,130,1,1,80.0,0,I,SMALL_CITIES,HIGHWAY,8,13.0
22367,1,2,130,5,6,80.0,0,N,MELB_URBAN,ROAD,7,19.0
22368,1,4,110,1,3,70.0,0,I,MELB_URBAN,HIGHWAY,8,6.0
22369,4,4,171,5,1,100.0,0,N,RURAL_VICTORIA,ROAD,8,13.0
22370,2,4,102,1,1,60.0,0,I,MELB_URBAN,ROAD,8,14.0
22371,1,5,120,5,2,50.0,0,N,MELB_URBAN,OTHER,2,7.0
22372,1,5,121,1,3,50.0,0,I,MELB_URBAN,STREET,8,1.0
22373,6,4,174,5,2,50.0,0,N,SMALL_CITIES,DRIVE,8,17.0
22374,1,3,130,2,9,70.0,0,N,MELB_URBAN,ROAD,6,14.0
22375,2,4,100,5,3,50.0,0,N,MELB_URBAN,ROAD,8,18.0
22376,1,4,130,1,3,70.0,0,I,MELB_URBAN,ROAD,8,17.0
22377,4,7,173,5,1,60.0,0,N,RURAL_VICTORIA,OTHER,7,13.0
22378,1,4,99,2,2,50.0,1,I,MELB_URBAN,ROAD,8,17.0
22379,1,4,121,2,3,60.0,0,I,MELB_URBAN,ROAD,8,19.0
22380,1,4,130,5,1,80.0,0,N,MELB_URBAN,RAMP,8,17.0
22381,2,4,99,2,3,50.0,0,I,LARGE_PROVINCIAL_CITIES,STREET,8,1.0
22382,1,4,147,5,1,60.0,0,N,MELB_URBAN,ROAD,8,12.0
22383,6,2,174,1,3,60.0,0,I,MELB_URBAN,ROAD,6,22.0
22384,4,4,171,1,3,60.0,0,I,MELB_URBAN,OTHER,8,23.0
22385,1,5,134,5,3,100.0,0,N,MELB_URBAN,FREEWAY,8,1.0
22386,1,3,130,2,1,50.0,0,I,MELB_URBAN,ROAD,8,8.0
22387,1,4,160,5,1,50.0,0,N,MELB_URBAN,STREET,8,14.0
22388,1,4,110,1,1,100.0,0,I,RURAL_VICTORIA,ROAD,8,12.0
22389,1,6,130,2,1,80.0,0,I,MELB_URBAN,HIGHWAY,5,12.0
22390,1,2,130,2,1,60.0,0,I,MELB_URBAN,ROAD,7,15.0
22391,1,5,147,5,1,30.0,0,N,MELB_URBAN,ROAD,8,11.0
22392,1,5,130,1,3,60.0,0,I,LARGE_PROVINCIAL_CITIES,STREET,6,22.0
22393,1,5,99,5,1,100.0,0,N,MELB_URBAN,FREEWAY,8,10.0
22394,2,5,100,1,1,60.0,0,I,MELB_URBAN,HIGHWAY,8,11.0
22395,3,6,167,5,2,100.0,0,N,RURAL_VICTORIA,HIGHWAY,5,5.0
22396,1,5,163,5,1,40.0,0,N,MELB_URBAN,STREET,8,12.0
22397,1,3,133,5,1,60.0,0,N,MELB_URBAN,ROAD,8,14.0
22398,1,4,121,2,1,50.0,0,I,MELB_URBAN,ROAD,8,8.0
22399,1,4,130,5,1,80.0,0,N,MELB_URBAN,ROAD,8,16.0
22400,8,6,174,5,1,50.0,0,N,MELB_URBAN,ROAD,8,8.0
22401,1,3,110,1,9,60.0,0,I,MELB_URBAN,STREET,8,19.0
22402,1,5,120,5,1,50.0,0,N,MELB_URBAN,STREET,8,14.0
22403,2,5,99,5,1,50.0,0,N,MELB_URBAN,AVENUE,8,15.0
22404,4,7,181,1,3,60.0,0,I,SMALL_TOWNS,STREET,8,2.0
22405,1,5,120,5,1,50.0,0,N,RURAL_VICTORIA,ROAD,8,15.0
22406,4,7,173,5,5,80.0,0,N,MELB_URBAN,HIGHWAY,6,2.0
22407,1,5,121,5,1,50.0,0,N,MELB_URBAN,ROAD,8,17.0
22408,1,5,99,5,5,80.0,0,N,RURAL_VICTORIA,ROAD,8,18.0
22409,2,5,100,2,3,40.0,0,I,MELB_URBAN,STREET,8,18.0
22410,1,5,99,2,3,50.0,0,I,MELB_URBAN,ROAD,8,18.0
22411,2,6,100,1,1,60.0,0,I,MELB_URBAN,ROAD,8,15.0
22412,4,5,173,5,2,80.0,0,N,RURAL_VICTORIA,STREET,8,19.0
22413,4,5,171,5,3,50.0,0,N,SMALL_CITIES,STREET,8,20.0
22414,1,5,121,1,3,60.0,0,I,MELB_URBAN,DRIVE,8,21.0
22415,2,5,102,1,3,50.0,0,I,SMALL_CITIES,STREET,8,19.0
22416,1,5,163,2,3,40.0,0,I,MELBOURNE_CBD,STREET,8,18.0
22417,1,5,121,2,3,70.0,0,I,MELB_URBAN,STREET,8,22.0
22418,4,5,173,2,3,80.0,0,I,MELB_URBAN,HIGHWAY,8,20.0
22419,4,5,171,5,5,100.0,0,N,RURAL_VICTORIA,HIGHWAY,8,2.0
22420,1,5,130,5,3,50.0,0,N,MELB_URBAN,BOULEVARD,8,22.0
22421,2,5,99,1,3,60.0,0,I,MELB_URBAN,ROAD,8,23.0
22422,4,5,173,2,5,100.0,0,I,RURAL_VICTORIA,HIGHWAY,8,4.0
22423,1,6,120,5,5,70.0,0,N,MELB_URBAN,ROAD,8,5.0
22424,1,6,121,1,1,80.0,0,I,MELB_URBAN,OTHER,8,8.0
22425,1,6,130,2,1,60.0,0,I,MELB_URBAN,STREET,8,9.0
22426,1,6,110,1,1,80.0,0,I,MELB_URBAN,ROAD,8,7.0
22427,3,3,167,5,5,100.0,0,N,RURAL_VICTORIA,ROAD,7,6.0
22428,1,3,121,5,3,60.0,0,N,MELB_URBAN,ROAD,8,17.0
22429,1,3,116,2,1,50.0,0,I,MELB_URBAN,STREET,8,11.0
22430,1,2,130,5,1,80.0,0,N,MELB_URBAN,HIGHWAY,8,8.0
22431,1,6,121,2,1,50.0,0,I,MELB_URBAN,OTHER,8,12.0
22432,1,4,99,2,1,60.0,0,I,MELB_URBAN,ROAD,8,8.0
22433,1,5,163,1,1,40.0,0,I,MELB_URBAN,STREET,8,14.0
22434,4,6,173,5,1,100.0,0,N,RURAL_VICTORIA,ROAD,8,11.0
22435,1,4,130,2,1,60.0,0,I,MELB_URBAN,STREET,8,11.0
22436,1,0,160,5,3,60.0,0,N,MELB_URBAN,ROAD,3,0.0
22437,1,6,113,2,1,60.0,0,I,MELB_URBAN,ROAD,8,13.0
22438,1,3,130,5,1,40.0,0,N,MELB_URBAN,ROAD,7,8.0
22439,6,6,174,1,1,40.0,0,I,MELB_URBAN,STREET,8,11.0
22440,1,6,130,2,2,70.0,0,I,MELB_URBAN,ROAD,6,16.0
22441,4,6,183,5,1,60.0,0,N,MELB_URBAN,ROAD,8,13.0
22442,4,6,173,2,1,100.0,0,I,RURAL_VICTORIA,HIGHWAY,8,14.0
22443,6,1,174,2,3,60.0,0,I,MELB_URBAN,STREET,8,17.0
22444,2,6,100,5,1,50.0,0,N,SMALL_CITIES,OTHER,8,9.0
22445,1,6,121,2,1,70.0,0,I,MELB_URBAN,ROAD,8,15.0
22446,4,6,173,5,1,110.0,1,N,RURAL_VICTORIA,FREEWAY,8,13.0
22447,4,6,181,9,1,100.0,0,N,RURAL_VICTORIA,ROAD,8,12.0
22448,1,6,121,1,3,60.0,0,I,MELB_URBAN,ROAD,8,18.0
22449,1,6,121,2,3,80.0,0,I,MELB_URBAN,HIGHWAY,8,18.0
22450,4,2,173,2,1,100.0,0,N,RURAL_VICTORIA,HIGHWAY,8,15.0
22451,1,3,130,1,9,60.0,0,I,MELB_URBAN,ROAD,8,12.0
22452,4,6,173,2,1,40.0,0,I,MELB_URBAN,DRIVE,8,15.0
22453,1,6,147,2,3,70.0,0,I,MELB_URBAN,ROAD,8,18.0
22454,1,5,130,2,3,60.0,0,I,SMALL_CITIES,ROAD,8,18.0
22455,1,6,160,5,3,60.0,0,N,MELB_URBAN,ROAD,8,18.0
22456,4,6,171,5,5,100.0,0,N,RURAL_VICTORIA,ROAD,8,19.0
22457,1,6,99,2,2,80.0,0,I,MELB_URBAN,HIGHWAY,8,17.0
22458,6,7,174,5,1,60.0,0,N,RURAL_VICTORIA,ROAD,6,12.0