,accident_type,day_of_week,dca_code,road_geometry,light_condition,speed_zone,severity,node_type,deg_urban_name,road_type,month,hour
22459,4,6,173,5,5,70.0,0,N,RURAL_VICTORIA,ROAD,8,20.0
22460,4,4,99,5,1,80.0,0,N,RURAL_VICTORIA,HIGHWAY,8,17.0
22461,1,6,163,2,3,50.0,0,I,MELB_URBAN,OTHER,8,21.0
22462,2,7,100,5,3,80.0,0,N,MELB_URBAN,ROAD,8,2.0
22463,1,7,111,1,3,40.0,0,I,MELBOURNE_CBD,STREET,8,3.0
22464,1,5,121,1,3,60.0,0,I,MELB_URBAN,ROAD,8,19.0
22465,4,7,171,5,1,100.0,0,N,RURAL_VICTORIA,ROAD,8,8.0
22466,1,7,121,1,1,60.0,0,N,MELB_URBAN,ROAD,8,7.0
22467,1,2,121,2,1,70.0,0,I,MELB_URBAN,ROAD,5,16.0
22468,1,7,99,2,1,50.0,0,I,MELB_URBAN,ROAD,8,11.0
22469,1,7,130,2,1,60.0,0,N,MELB_URBAN,ROAD,8,15.0
22470,1,7,113,2,1,80.0,0,I,MELB_URBAN,ROAD,8,11.0
22471,4,7,181,5,1,80.0,0,N,RURAL_VICTORIA,ROAD,8,12.0
22472,1,7,130,1,1,60.0,0,I,TOWNS,STREET,8,11.0
22473,1,7,116,2,1,60.0,0,I,SMALL_CITIES,ROAD,8,14.0
22474,2,5,102,1,3,60.0,0,I,MELB_URBAN,STREET,8,18.0
22475,1,7,110,1,1,60.0,0,I,MELB_URBAN,ROAD,8,7.0
22476,8,3,184,3,1,60.0,0,I,MELB_URBAN,STREET,10,12.0
22477,6,7,99,5,1,60.0,0,N,TOWNS,ROAD,8,11.0
22478,1,5,99,1,9,60.0,0,I,MELB_URBAN,STREET,8,11.0
22479,8,3,174,1,2,60.0,0,I,MELB_URBAN,ROAD,12,19.0
22480,4,7,173,5,1,70.0,1,N,MELB_URBAN,ROAD,8,12.0
22481,1,6,121,4,3,70.0,0,I,MELB_URBAN,ROAD,8,18.0
22482,1,7,132,1,3,70.0,0,I,RURAL_VICTORIA,HIGHWAY,8,19.0
22483,1,7,120,5,1,60.0,0,N,MELB_URBAN,ROAD,8,17.0
22484,8,7,174,5,9,60.0,0,N,RURAL_VICTORIA,OTHER,8,21.0
22485,1,1,130,4,1,70.0,0,I,MELB_URBAN,RAMP,8,16.0
22486,4,7,173,5,3,60.0,0,N,MELB_URBAN,STREET,8,3.0
22487,4,7,171,5,3,60.0,0,N,MELB_URBAN,DRIVE,8,21.0
22488,1,7,160,2,3,60.0,0,N,MELB_URBAN,ROAD,8,22.0
22489,1,1,147,5,3,60.0,0,N,LARGE_PROVINCIAL_CITIES,DRIVE,8,2.0
22490,1,7,160,5,5,100.0,0,N,RURAL_VICTORIA,ROAD,8,4.0
22491,4,7,181,5,3,50.0,0,N,MELB_URBAN,ROAD,8,23.0
22492,2,1,100,5,3,40.0,0,N,MELB_URBAN,STREET,8,3.0
22493,1,5,110,1,3,50.0,0,I,MELB_URBAN,ROAD,7,18.0
22494,1,7,121,2,1,100.0,1,I,RURAL_VICTORIA,HIGHWAY,8,12.0
22495,6,7,99,5,5,100.0,0,N,RURAL_VICTORIA,ROAD,8,21.0
22496,1,7,135,5,1,60.0,0,N,LARGE_PROVINCIAL_CITIES,HIGHWAY,8,9.0
22497,6,7,99,5,5,60.0,0,N,RURAL_VICTORIA,ROAD,8,21.0
22498,2,1,100,2,9,60.0,0,I,LARGE_PROVINCIAL_CITIES,ROAD,8,10.0
22499,1,1,140,5,1,50.0,0,N,SMALL_TOWNS,STREET,8,11.0
22500,8,1,170,5,2,80.0,0,N,MELB_URBAN,ROAD,8,5.0
22501,1,6,132,2,3,60.0,0,I,MELB_URBAN,ROAD,8,22.0
22502,1,1,121,1,1,70.0,0,N,SMALL_CITIES,AVENUE,8,13.0
22503,1,0,133,1,1,40.0,0,I,MELB_URBAN,ROAD,8,12.0
22504,4,1,173,5,1,60.0,0,N,MELB_URBAN,STREET,8,13.0
22505,1,1,160,5,1,40.0,0,I,MELB_URBAN,OTHER,8,12.0
22506,6,1,174,5,1,50.0,0,N,MELB_URBAN,ROAD,8,16.0
22507,1,1,110,1,1,50.0,0,I,LARGE_PROVINCIAL_CITIES,STREET,8,10.0
22508,8,4,174,1,1,40.0,0,I,MELB_URBAN,STREET,8,14.0
22509,1,7,130,1,3,50.0,0,I,MELB_URBAN,STREET,8,22.0
22510,6,1,174,5,1,60.0,0,N,RURAL_VICTORIA,ROAD,8,13.0
22511,1,1,130,5,1,80.0,0,N,MELB_URBAN,ROAD,8,10.0
22512,5,7,99,5,1,60.0,0,N,RURAL_VICTORIA,ROAD,8,17.0
22513,4,1,183,1,1,100.0,0,I,RURAL_VICTORIA,ROAD,8,9.0
22514,2,1,100,1,3,60.0,0,I,MELB_URBAN,ROAD,8,18.0
22515,1,1,130,5,1,80.0,0,N,RURAL_VICTORIA,ROAD,8,16.0
22516,1,5,121,1,3,100.0,0,I,RURAL_VICTORIA,ROAD,8,6.0
22517,2,1,99,1,3,50.0,0,I,MELB_URBAN,STREET,8,20.0
22518,4,1,171,5,5,80.0,0,N,SMALL_CITIES,STREET,8,19.0
22519,4,1,173,2,3,50.0,0,I,MELB_URBAN,ROAD,8,23.0
22520,6,2,99,1,5,100.0,0,I,RURAL_VICTORIA,HIGHWAY,8,2.0
22521,4,2,171,2,3,60.0,0,I,MELB_URBAN,ROAD,8,3.0
22522,4,2,171,5,3,100.0,0,N,MELB_URBAN,FREEWAY,8,2.0
22523,1,2,121,1,2,60.0,0,I,MELB_URBAN,ROAD,8,5.0
22524,1,7,130,5,1,70.0,0,N,MELB_URBAN,ROAD,8,9.0
22525,1,2,130,2,1,60.0,0,I,MELB_URBAN,ROAD,8,6.0
22526,1,2,113,2,3,60.0,0,I,MELB_URBAN,STREET,8,6.0
22527,4,5,99,1,5,100.0,0,I,RURAL_VICTORIA,ROAD,8,22.0
22528,4,5,181,5,2,60.0,0,N,RURAL_VICTORIA,ROAD,6,16.0
22529,6,5,99,5,1,100.0,0,N,RURAL_VICTORIA,ROAD,8,10.0
22530,4,6,171,5,3,70.0,0,N,MELB_URBAN,ROAD,8,23.0
22531,6,2,99,5,1,100.0,0,N,RURAL_VICTORIA,ROAD,8,7.0
22532,1,1,120,5,5,100.0,0,N,RURAL_VICTORIA,ROAD,8,20.0
22533,1,7,130,5,1,50.0,0,N,MELB_URBAN,STREET,8,10.0
22534,8,1,174,5,1,80.0,0,N,TOWNS,ROAD,8,12.0
22535,1,4,113,2,2,60.0,0,I,MELB_URBAN,DRIVE,5,18.0
22536,1,2,121,2,1,70.0,0,N,MELB_URBAN,ROAD,8,11.0
22537,2,5,100,1,1,80.0,0,I,MELB_URBAN,OTHER,8,13.0
22538,7,6,99,5,6,60.0,0,N,MELB_URBAN,DRIVE,8,19.0
22539,1,1,133,5,1,100.0,0,N,MELB_URBAN,ROAD,8,10.0
22540,4,2,181,5,1,60.0,1,N,MELB_URBAN,ROAD,8,13.0
22541,4,7,99,5,3,60.0,0,N,TOWNS,ROAD,8,21.0
22542,6,2,170,5,1,100.0,0,N,RURAL_VICTORIA,ROAD,8,9.0
22543,1,1,133,2,1,60.0,0,I,MELB_URBAN,ROAD,8,9.0
22544,4,7,173,5,5,100.0,0,N,RURAL_VICTORIA,ROAD,8,18.0
22545,2,2,102,5,1,50.0,0,N,MELB_URBAN,PARADE,8,15.0
22546,1,2,130,2,1,60.0,0,N,MELB_URBAN,RAMP,8,15.0
22547,1,1,121,1,3,60.0,0,I,MELB_URBAN,ROAD,8,21.0
22548,1,6,99,5,2,60.0,0,N,SMALL_CITIES,STREET,4,6.0
22549,1,5,110,1,2,60.0,0,I,LARGE_PROVINCIAL_CITIES,ROAD,6,17.0
22550,1,4,130,5,1,100.0,0,N,MELB_URBAN,UNKNOWN,8,7.0
22551,1,2,111,1,3,60.0,0,I,MELB_URBAN,STREET,8,18.0
22552,2,2,100,5,2,50.0,0,N,MELB_URBAN,STREET,8,17.0
22553,1,1,120,5,3,60.0,0,N,MELB_URBAN,STREET,8,4.0
22554,1,2,160,2,3,60.0,0,I,MELB_URBAN,STREET,8,18.0
22555,4,1,99,2,1,50.0,0,I,MELB_URBAN,AVENUE,8,17.0
22556,1,2,99,5,3,80.0,0,N,MELB_URBAN,ROAD,8,18.0
22557,1,2,99,5,3,60.0,0,N,MELB_URBAN,STREET,8,19.0
22558,1,2,121,2,3,80.0,0,I,MELB_URBAN,ROAD,8,17.0
22559,1,5,130,5,2,80.0,0,N,MELB_URBAN,FREEWAY,8,17.0
22560,2,2,99,5,3,70.0,0,N,MELB_URBAN,ROAD,8,19.0
22561,1,1,130,5,3,80.0,0,N,MELB_URBAN,HIGHWAY,8,22.0
22562,1,5,130,2,2,60.0,0,I,MELB_URBAN,ROAD,2,18.0
22563,8,7,174,5,1,60.0,0,N,MELB_URBAN,STREET,8,11.0
22564,1,6,130,1,1,50.0,0,I,SMALL_CITIES,STREET,8,10.0
22565,1,2,130,4,1,60.0,0,I,MELB_URBAN,RAMP,8,8.0
22566,6,1,174,2,1,60.0,0,I,TOWNS,ROAD,8,11.0
22567,1,5,130,5,1,60.0,0,N,MELB_URBAN,ROAD,4,10.0
22568,1,3,121,2,1,60.0,0,I,MELB_URBAN,STREET,8,9.0
22569,2,3,100,1,1,40.0,0,I,MELB_URBAN,STREET,8,9.0
22570,6,3,99,2,1,50.0,0,I,MELB_URBAN,STREET,8,11.0
22571,1,1,120,5,3,60.0,0,N,MELB_URBAN,ROAD,8,18.0
22572,1,5,130,1,1,70.0,0,I,MELB_URBAN,ROAD,12,16.0
22573,1,2,99,5,1,60.0,0,N,TOWNS,STREET,8,13.0
22574,4,2,173,5,1,100.0,0,N,MELB_URBAN,RAMP,8,11.0
22575,1,3,147,5,1,60.0,0,N,MELB_URBAN,ROAD,8,11.0
22576,1,2,121,1,1,50.0,0,I,MELB_URBAN,ROAD,8,8.0
22577,1,5,160,5,2,50.0,0,N,MELB_URBAN,ROAD,8,6.0
22578,2,3,102,5,1,70.0,0,N,MELB_URBAN,ROAD,8,12.0
22579,1,3,130,1,1,60.0,0,I,MELB_URBAN,STREET,8,8.0
22580,8,7,174,5,9,100.0,0,N,TOWNS,UNKNOWN,8,15.0
22581,1,3,130,2,1,50.0,0,I,MELB_URBAN,STREET,8,13.0
22582,1,2,99,2,1,50.0,0,I,MELB_URBAN,ROAD,7,16.0
22583,1,3,147,5,1,60.0,0,N,MELB_URBAN,ROAD,8,13.0
22584,2,4,99,5,1,50.0,0,N,MELB_URBAN,STREET,7,13.0
22585,1,6,130,1,9,60.0,0,I,MELB_URBAN,ROAD,8,16.0
22586,1,3,99,2,1,50.0,0,I,MELB_URBAN,STREET,8,13.0
22587,4,3,99,2,1,100.0,0,I,RURAL_VICTORIA,ROAD,8,12.0
22588,1,3,113,2,1,100.0,1,N,RURAL_VICTORIA,ROAD,8,8.0
22589,4,3,181,5,1,100.0,1,N,RURAL_VICTORIA,ROAD,8,13.0
22590,1,2,130,1,3,60.0,0,I,MELB_URBAN,STREET,8,19.0
22591,1,3,133,1,1,60.0,0,I,MELB_URBAN,HIGHWAY,8,8.0
22592,1,3,110,1,1,100.0,0,I,RURAL_VICTORIA,ROAD,8,14.0
22593,1,3,116,2,1,60.0,0,I,MELB_URBAN,AVENUE,8,14.0
22594,6,3,174,2,2,60.0,0,I,LARGE_PROVINCIAL_CITIES,ROAD,8,5.0
22595,1,4,163,5,1,40.0,0,N,MELB_URBAN,STREET,8,8.0
22596,1,1,110,1,1,60.0,0,I,LARGE_PROVINCIAL_CITIES,STREET,7,12.0
22597,1,3,110,1,1,60.0,0,I,MELB_URBAN,ROAD,8,14.0
22598,1,3,134,5,1,50.0,0,N,MELB_URBAN,ROAD,8,17.0
22599,1,1,147,2,1,60.0,0,I,MELB_URBAN,HIGHWAY,8,14.0
22600,1,3,120,5,1,80.0,0,N,RURAL_VICTORIA,OTHER,8,9.0
22601,1,1,163,5,9,60.0,0,N,MELB_URBAN,STREET,8,19.0
22602,1,3,121,5,1,40.0,0,N,MELB_URBAN,STREET,8,16.0
22603,1,3,130,2,1,50.0,0,I,LARGE_PROVINCIAL_CITIES,ROAD,8,8.0
22604,1,6,121,1,1,80.0,0,N,MELB_URBAN,HIGHWAY,8,7.0
22605,1,3,132,2,3,60.0,0,I,MELB_URBAN,ROAD,8,19.0
22606,1,3,132,2,3,60.0,0,I,MELB_URBAN,ROAD,8,18.0
22607,1,3,121,1,1,70.0,0,I,MELB_URBAN,ROAD,8,15.0
22608,1,3,110,1,1,60.0,0,I,MELB_URBAN,DRIVE,8,17.0
22609,1,3,113,2,1,80.0,1,N,RURAL_VICTORIA,ROAD,8,17.0
22610,1,3,163,5,1,50.0,0,N,MELB_URBAN,STREET,8,15.0
22611,1,3,121,1,3,80.0,0,I,MELB_URBAN,ROAD,8,20.0
22612,1,3,121,1,3,60.0,0,I,MELB_URBAN,DRIVE,8,21.0
22613,1,1,130,1,3,80.0,0,I,MELB_URBAN,ROAD,7,20.0
22614,8,4,99,5,1,80.0,0,N,MELB_URBAN,ROAD,8,7.0
22615,1,4,130,5,1,80.0,0,N,MELB_URBAN,ROAD,8,8.0
22616,1,4,130,5,1,100.0,0,N,MELB_URBAN,RAMP,8,8.0
22617,1,7,99,2,1,60.0,0,I,MELB_URBAN,DRIVE,5,12.0
22618,1,4,121,1,1,50.0,0,I,MELB_URBAN,PARADE,8,9.0
22619,1,4,160,5,1,70.0,0,N,MELB_URBAN,ROAD,8,9.0
22620,7,4,99,2,1,100.0,0,I,MELB_URBAN,FREEWAY,8,8.0
22621,2,3,100,2,3,60.0,0,N,MELB_URBAN,BOULEVARD,8,2.0
22622,1,6,130,5,1,60.0,0,N,MELB_URBAN,ROAD,8,15.0
22623,1,4,130,5,1,80.0,0,N,MELB_URBAN,HIGHWAY,8,11.0
22624,1,4,133,1,1,60.0,0,I,MELB_URBAN,ROAD,8,11.0
22625,6,4,170,1,1,80.0,0,N,MELB_URBAN,ROAD,8,11.0
22626,4,2,171,5,3,60.0,0,N,LARGE_PROVINCIAL_CITIES,STREET,7,5.0
22627,2,2,100,2,9,60.0,0,I,MELB_URBAN,STREET,8,18.0
22628,4,4,173,5,1,60.0,0,N,MELB_URBAN,ROAD,8,12.0
22629,1,6,121,1,5,110.0,0,N,RURAL_VICTORIA,FREEWAY,8,19.0
22630,1,3,130,2,1,70.0,0,I,LARGE_PROVINCIAL_CITIES,ROAD,8,16.0
22631,1,4,130,1,1,80.0,0,I,MELB_URBAN,HIGHWAY,8,8.0
22632,2,4,99,1,1,50.0,0,I,MELB_URBAN,STREET,8,9.0
22633,1,4,110,1,1,50.0,0,I,LARGE_PROVINCIAL_CITIES,ROAD,8,14.0
22634,1,7,113,2,1,80.0,0,N,MELB_URBAN,ROAD,8,12.0
22635,1,4,130,5,1,60.0,0,N,MELB_URBAN,ROAD,8,16.0
22636,2,4,99,5,1,60.0,0,N,SMALL_TOWNS,ROAD,8,17.0
22637,5,2,99,5,5,100.0,0,N,RURAL_VICTORIA,ROAD,8,6.0
22638,1,4,130,5,1,40.0,0,N,SMALL_CITIES,DRIVE,8,17.0
22639,4,4,181,5,1,100.0,0,N,RURAL_VICTORIA,ROAD,8,16.0
22640,1,4,121,1,3,40.0,0,I,MELB_URBAN,ROAD,8,18.0
22641,2,4,99,5,1,60.0,0,N,MELB_URBAN,ROAD,8,14.0
22642,4,4,171,5,5,100.0,0,N,RURAL_VICTORIA,ROAD,8,18.0
22643,1,4,133,5,3,100.0,0,N,MELB_URBAN,RAMP,8,18.0
22644,2,4,100,5,1,60.0,0,N,MELB_URBAN,ROAD,8,8.0
22645,1,4,130,5,1,60.0,0,N,MELB_URBAN,RAMP,8,14.0
22646,1,4,121,1,3,80.0,0,I,MELB_URBAN,ROAD,8,19.0
22647,1,4,121,5,5,50.0,0,N,MELB_URBAN,STREET,8,19.0
22648,2,2,102,4,1,60.0,0,I,MELB_URBAN,ROAD,8,12.0
22649,4,4,171,5,5,60.0,0,N,SMALL_TOWNS,ROAD,8,18.0
22650,4,4,171,5,3,70.0,0,N,MELB_URBAN,ROAD,8,21.0
22651,1,4,120,5,6,50.0,0,N,LARGE_PROVINCIAL_CITIES,STREET,8,23.0
22652,2,5,102,1,3,60.0,0,I,MELB_URBAN,STREET,8,6.0
22653,2,4,99,1,1,60.0,0,I,MELB_URBAN,ROAD,8,11.0
22654,8,6,174,5,2,60.0,0,N,RURAL_VICTORIA,ROAD,7,17.0
22655,1,6,130,1,1,60.0,0,I,MELB_URBAN,STREET,8,9.0
22656,1,1,120,5,5,100.0,0,N,RURAL_VICTORIA,ROAD,7,18.0
22657,1,5,113,2,1,80.0,0,N,MELB_URBAN,HIGHWAY,8,8.0
22658,1,7,130,1,3,40.0,0,I,MELBOURNE_CBD,STREET,8,0.0
22659,4,2,99,5,6,60.0,0,N,RURAL_VICTORIA,HIGHWAY,5,5.0
22660,1,5,121,2,1,100.0,0,I,RURAL_VICTORIA,HIGHWAY,8,9.0
22661,2,6,99,5,1,50.0,0,N,LARGE_PROVINCIAL_CITIES,STREET,3,15.0
22662,1,5,110,1,1,60.0,0,I,SMALL_CITIES,ROAD,8,9.0
22663,2,5,99,6,1,40.0,0,N,MELB_URBAN,OTHER,8,8.0
22664,1,4,130,2,6,70.0,0,I,MELB_URBAN,ROAD,8,19.0
22665,1,5,130,5,1,80.0,0,N,MELB_URBAN,UNKNOWN,8,10.0
22666,1,4,121,5,2,60.0,0,I,MELB_URBAN,ROAD,8,17.0
22667,1,3,147,5,1,60.0,0,N,MELB_URBAN,ROAD,4,10.0
22668,4,5,171,5,9,100.0,1,N,RURAL_VICTORIA,ROAD,8,3.0
22669,4,1,183,5,1,100.0,0,N,SMALL_TOWNS,ROAD,8,13.0
22670,8,5,174,5,1,60.0,0,N,MELB_URBAN,OTHER,8,12.0
22671,1,6,163,5,3,40.0,0,N,MELB_URBAN,STREET,8,23.0
22672,1,5,163,5,1,40.0,0,N,MELB_URBAN,ROAD,8,13.0
22673,1,5,130,5,1,50.0,0,N,MELB_URBAN,ROAD,8,13.0
22674,6,5,170,5,1,100.0,0,N,RURAL_VICTORIA,ROAD,8,13.0
22675,2,3,100,5,5,100.0,0,N,RURAL_VICTORIA,ROAD,5,21.0
22676,1,5,113,2,1,50.0,0,I,MELB_URBAN,DRIVE,8,9.0
22677,8,4,174,1,3,60.0,0,I,MELB_URBAN,ROAD,8,20.0
22678,3,2,167,5,5,90.0,0,N,RURAL_VICTORIA,ROAD,5,0.0
22679,1,5,113,2,1,80.0,0,I,TOWNS,HIGHWAY,8,14.0
22680,1,5,99,5,1,100.0,0,N,MELB_URBAN,ROAD,8,15.0
22681,8,7,99,5,5,60.0,0,N,RURAL_VICTORIA,ROAD,5,1.0
22682,1,5,130,5,1,60.0,0,N,MELB_URBAN,RAMP,8,15.0
22683,1,1,130,2,3,50.0,0,I,MELB_URBAN,STREET,8,19.0
22684,1,4,130,2,2,80.0,0,I,MELB_URBAN,HIGHWAY,6,16.0
22685,1,5,130,2,1,60.0,0,I,SMALL_CITIES,DRIVE,8,8.0
22686,2,5,100,1,1,50.0,0,N,LARGE_PROVINCIAL_CITIES,AVENUE,8,17.0
22687,1,5,132,2,1,60.0,0,I,MELB_URBAN,ROAD,8,16.0
22688,1,5,99,2,3,50.0,0,I,MELB_URBAN,STREET,8,18.0
22689,1,5,130,5,1,70.0,0,N,MELB_URBAN,ROAD,8,17.0
22690,1,5,130,5,2,70.0,0,N,MELB_URBAN,ROAD,8,17.0
22691,1,5,121,5,3,40.0,0,N,MELB_URBAN,STREET,8,18.0
22692,2,5,102,1,3,70.0,0,I,MELB_URBAN,OTHER,8,19.0
22693,1,5,140,5,3,80.0,0,N,MELB_URBAN,HIGHWAY,8,18.0
22694,1,5,130,5,3,60.0,0,N,MELB_URBAN,AVENUE,8,18.0
22695,2,5,99,5,1,40.0,0,N,MELB_URBAN,STREET,7,15.0
22696,1,5,120,5,1,100.0,0,N,RURAL_VICTORIA,ROAD,8,14.0
22697,1,5,147,1,3,50.0,0,I,TOWNS,ROAD,8,19.0
22698,4,5,171,5,3,60.0,0,N,MELB_URBAN,ROAD,8,18.0
22699,1,5,110,1,3,60.0,0,I,LARGE_PROVINCIAL_CITIES,STREET,8,21.0
22700,1,4,130,5,5,110.0,0,N,RURAL_VICTORIA,FREEWAY,8,18.0
22701,1,3,130,1,1,60.0,0,I,MELB_URBAN,ROAD,8,15.0
22702,4,6,171,1,3,60.0,0,I,SMALL_CITIES,STREET,8,0.0
22703,4,6,173,5,3,60.0,0,N,MELB_URBAN,STREET,8,3.0
22704,2,5,102,1,3,60.0,0,I,SMALL_CITIES,AVENUE,8,20.0
22705,1,7,130,1,3,80.0,0,I,MELB_URBAN,ROAD,8,18.0
22706,1,6,130,5,1,40.0,0,N,MELB_URBAN,BOULEVARD,8,8.0
22707,1,6,121,2,1,60.0,0,I,MELB_URBAN,ROAD,8,9.0
22708,1,6,111,2,1,70.0,0,I,MELB_URBAN,ROAD,8,8.0
22709,1,6,140,5,1,50.0,0,N,LARGE_PROVINCIAL_CITIES,STREET,8,9.0
22710,1,6,130,1,1,60.0,0,I,MELB_URBAN,ROAD,8,9.0
22711,4,7,173,5,2,50.0,0,N,RURAL_VICTORIA,ROAD,8,17.0
22712,6,1,184,5,1,100.0,0,N,RURAL_VICTORIA,ROAD,8,11.0
22713,1,2,130,2,1,60.0,0,I,MELB_URBAN,ROAD,3,13.0
22714,1,6,99,5,3,60.0,0,N,MELB_URBAN,STREET,8,6.0
22715,1,7,130,1,3,70.0,0,I,MELB_URBAN,ROAD,7,23.0
22716,1,2,130,5,9,60.0,0,N,MELB_URBAN,ROAD,8,20.0
22717,1,6,130,5,1,80.0,0,N,MELB_URBAN,ROAD,8,12.0
22718,1,6,110,1,1,40.0,0,I,MELB_URBAN,STREET,8,10.0
22719,1,4,130,2,1,40.0,0,I,SMALL_CITIES,STREET,8,17.0
22720,1,4,110,1,1,50.0,0,I,SMALL_CITIES,STREET,8,16.0
22721,1,4,135,5,1,70.0,0,N,MELB_URBAN,ROAD,8,7.0
22722,1,6,130,2,1,70.0,0,I,MELB_URBAN,ROAD,8,9.0
22723,1,6,113,2,1,60.0,0,I,MELB_URBAN,ROAD,8,11.0
22724,4,6,171,5,1,100.0,0,N,RURAL_VICTORIA,FREEWAY,8,12.0
22725,6,6,174,5,1,110.0,0,N,RURAL_VICTORIA,FREEWAY,8,14.0
22726,8,3,174,2,2,70.0,0,I,MELB_URBAN,ROAD,8,6.0
22727,2,1,102,4,1,60.0,0,I,MELB_URBAN,ROAD,8,12.0
22728,4,6,181,5,1,100.0,0,N,RURAL_VICTORIA,ROAD,8,15.0
22729,1,5,130,1,1,60.0,0,I,MELB_URBAN,ROAD,8,9.0
22730,1,6,130,5,1,60.0,0,N,MELB_URBAN,ROAD,8,17.0
22731,1,6,121,1,1,60.0,0,I,MELB_URBAN,ROAD,8,16.0
22732,1,6,135,2,3,40.0,0,I,MELBOURNE_CBD,STREET,8,17.0
22733,1,6,130,1,1,60.0,0,I,MELB_URBAN,OTHER,8,15.0
22734,1,6,132,2,1,60.0,0,I,MELB_URBAN,ROAD,8,15.0
22735,1,5,110,1,3,50.0,0,I,SMALL_CITIES,STREET,8,21.0
22736,4,6,171,5,1,60.0,0,N,SMALL_CITIES,DRIVE,8,16.0
22737,1,6,121,1,3,60.0,0,I,LARGE_PROVINCIAL_CITIES,ROAD,8,20.0
22738,1,6,135,5,3,100.0,0,N,MELB_URBAN,ROAD,8,18.0
22739,1,6,140,5,1,60.0,0,N,MELB_URBAN,STREET,8,14.0
22740,1,6,130,4,6,60.0,0,I,MELB_URBAN,ROAD,8,18.0
22741,1,3,163,1,1,40.0,0,I,MELB_URBAN,STREET,8,8.0
22742,1,6,121,2,3,70.0,0,I,MELB_URBAN,ROAD,8,22.0
22743,8,6,99,5,3,50.0,0,N,MELB_URBAN,STREET,8,22.0
22744,4,7,99,2,5,100.0,0,I,RURAL_VICTORIA,ROAD,8,0.0
22745,1,6,99,2,1,40.0,0,I,MELB_URBAN,ROAD,8,14.0
22746,1,5,130,5,1,100.0,0,N,MELB_URBAN,FREEWAY,8,17.0
22747,1,5,130,5,2,60.0,0,N,MELB_URBAN,ROAD,8,19.0
22748,2,5,99,5,1,50.0,0,I,MELB_URBAN,OTHER,11,15.0
22749,1,7,121,1,1,60.0,0,I,SMALL_CITIES,PARADE,8,11.0
22750,1,7,130,1,1,60.0,0,I,MELB_URBAN,ROAD,8,10.0
22751,1,7,99,2,1,60.0,0,I,MELB_URBAN,ROAD,8,11.0
22752,1,7,121,2,1,70.0,0,I,MELB_URBAN,ROAD,8,11.0
22753,1,7,99,5,1,100.0,0,N,RURAL_VICTORIA,ROAD,8,10.0
22754,1,2,121,1,1,80.0,0,I,MELB_URBAN,ROAD,8,10.0
22755,1,7,130,1,1,60.0,0,I,TOWNS,STREET,8,12.0
22756,1,7,130,5,1,60.0,0,N,MELB_URBAN,ROAD,8,13.0
22757,6,7,170,5,1,60.0,0,N,RURAL_VICTORIA,ROAD,8,13.0
22758,1,7,130,2,1,60.0,0,I,MELB_URBAN,STREET,8,13.0
22759,1,7,130,5,1,100.0,0,N,MELB_URBAN,FREEWAY,8,11.0
22760,7,7,99,5,1,60.0,0,N,RURAL_VICTORIA,ROAD,8,15.0
22761,4,7,181,5,1,80.0,0,N,RURAL_VICTORIA,ROAD,8,13.0
22762,1,7,147,5,1,60.0,0,N,MELB_URBAN,ROAD,8,16.0
22763,4,7,181,5,1,100.0,0,N,RURAL_VICTORIA,ROAD,8,14.0
22764,1,7,110,1,2,110.0,0,N,RURAL_VICTORIA,STREET,8,17.0
22765,1,7,160,5,2,60.0,0,N,MELB_URBAN,ROAD,8,17.0
22766,1,7,99,2,1,50.0,0,I,MELB_URBAN,STREET,8,13.0
22767,1,7,130,5,3,100.0,0,N,MELB_URBAN,FREEWAY,8,18.0
22768,2,7,99,5,1,40.0,0,N,MELB_URBAN,ROAD,8,12.0
22769,1,7,113,2,2,70.0,0,I,SMALL_CITIES,HIGHWAY,8,18.0
22770,1,6,99,1,1,60.0,0,I,MELB_URBAN,ROAD,8,20.0
22771,1,7,110,1,3,60.0,0,I,MELB_URBAN,ROAD,8,20.0
22772,2,7,100,2,1,70.0,0,I,MELB_URBAN,ROAD,8,19.0
22773,3,7,167,5,3,40.0,0,N,RURAL_VICTORIA,STREET,8,21.0
22774,1,7,121,4,3,40.0,0,I,MELB_URBAN,STREET,8,22.0
22775,1,1,113,3,3,60.0,0,I,MELB_URBAN,OTHER,9,0.0
22776,1,7,113,2,3,60.0,0,I,MELB_URBAN,ROAD,8,22.0
22777,4,7,173,1,3,100.0,0,N,MELB_URBAN,ROAD,8,0.0
22778,4,7,171,2,3,60.0,0,I,MELB_URBAN,ROAD,8,23.0
22779,4,1,181,5,5,80.0,0,N,RURAL_VICTORIA,ROAD,9,1.0
22780,6,1,174,5,3,70.0,0,N,MELB_URBAN,ROAD,9,2.0
22781,1,1,99,5,3,50.0,0,N,MELB_URBAN,STREET,9,2.0
22782,1,6,130,2,1,80.0,0,I,MELB_URBAN,STREET,8,13.0
22783,4,1,171,5,1,60.0,0,N,MELB_URBAN,ROAD,9,6.0
22784,1,2,113,2,1,60.0,0,I,MELB_URBAN,AVENUE,8,9.0
22785,1,4,130,2,1,70.0,0,I,MELB_URBAN,ROAD,8,12.0
22786,3,7,167,5,5,100.0,0,N,RURAL_VICTORIA,HIGHWAY,8,19.0
22787,1,1,121,2,1,80.0,0,I,MELB_URBAN,ROAD,9,11.0
22788,2,7,102,1,1,60.0,0,I,MELB_URBAN,STREET,8,17.0
22789,1,1,120,5,1,50.0,0,N,MELB_URBAN,OTHER,9,12.0
22790,1,2,130,1,1,80.0,0,I,MELB_URBAN,HIGHWAY,7,14.0
22791,1,1,130,5,1,100.0,0,N,RURAL_VICTORIA,ROAD,9,13.0
22792,4,1,181,5,1,100.0,0,N,RURAL_VICTORIA,ROAD,9,13.0
22793,2,1,102,1,1,40.0,0,I,MELB_URBAN,ROAD,9,15.0