,accident_type,day_of_week,dca_code,road_geometry,light_condition,speed_zone,severity,node_type,deg_urban_name,road_type,month,hour
22794,1,1,121,1,1,50.0,0,I,MELB_URBAN,ROAD,9,13.0
22795,1,1,99,1,1,60.0,0,I,SMALL_CITIES,ROAD,9,15.0
22796,6,1,174,2,1,80.0,0,I,RURAL_VICTORIA,PARADE,9,15.0
22797,1,1,130,2,1,100.0,0,I,RURAL_VICTORIA,HIGHWAY,9,14.0
22798,1,0,130,1,1,70.0,0,I,MELB_URBAN,ROAD,9,11.0
22799,1,1,116,2,1,80.0,0,I,MELB_URBAN,ROAD,9,8.0
22800,4,1,183,5,1,60.0,0,N,MELB_URBAN,RAMP,9,16.0
22801,6,1,99,5,1,80.0,0,N,SMALL_CITIES,OTHER,9,14.0
22802,1,1,110,1,1,50.0,0,I,MELB_URBAN,STREET,9,16.0
22803,1,1,140,5,1,60.0,0,N,MELB_URBAN,STREET,9,14.0
22804,2,1,100,5,3,50.0,0,N,MELB_URBAN,STREET,9,19.0
22805,1,2,121,5,1,60.0,0,N,MELB_URBAN,STREET,7,15.0
22806,4,1,181,5,1,100.0,0,N,RURAL_VICTORIA,HIGHWAY,9,16.0
22807,1,1,99,1,3,80.0,0,N,MELB_URBAN,ROAD,9,18.0
22808,1,1,120,5,1,60.0,0,N,RURAL_VICTORIA,ROAD,9,16.0
22809,1,1,140,5,5,100.0,0,N,RURAL_VICTORIA,ROAD,9,19.0
22810,4,2,181,5,5,100.0,0,N,RURAL_VICTORIA,ROAD,9,1.0
22811,1,3,99,2,9,60.0,0,I,MELB_URBAN,STREET,8,15.0
22812,1,1,134,5,1,80.0,0,N,MELB_URBAN,ROAD,9,12.0
22813,1,2,121,2,2,60.0,0,I,RURAL_VICTORIA,ROAD,9,7.0
22814,1,1,120,2,1,70.0,0,I,TOWNS,HIGHWAY,9,16.0
22815,1,1,130,5,1,60.0,0,N,MELB_URBAN,ROAD,8,15.0
22816,1,7,99,2,1,60.0,0,I,LARGE_PROVINCIAL_CITIES,DRIVE,8,14.0
22817,8,1,174,5,1,60.0,0,N,RURAL_VICTORIA,RAMP,9,11.0
22818,1,5,121,5,9,60.0,0,N,MELB_URBAN,ROAD,7,18.0
22819,1,6,120,5,3,50.0,0,N,MELB_URBAN,STREET,8,6.0
22820,1,2,121,2,1,50.0,0,I,MELB_URBAN,STREET,9,7.0
22821,1,2,140,5,1,60.0,0,N,MELB_URBAN,ROAD,9,10.0
22822,1,2,140,5,1,60.0,0,N,MELB_URBAN,STREET,9,10.0
22823,1,2,130,2,2,80.0,0,N,SMALL_CITIES,HIGHWAY,8,7.0
22824,4,2,171,5,1,110.0,0,N,RURAL_VICTORIA,FREEWAY,9,12.0
22825,1,5,99,5,3,50.0,0,N,MELB_URBAN,AVENUE,8,23.0
22826,1,2,99,2,1,60.0,0,I,MELB_URBAN,OTHER,9,10.0
22827,6,2,174,1,1,50.0,0,I,SMALL_CITIES,STREET,9,13.0
22828,1,1,130,4,1,60.0,0,N,MELB_URBAN,ROAD,9,14.0
22829,1,7,121,1,3,60.0,0,I,MELB_URBAN,STREET,8,23.0
22830,1,2,135,5,1,100.0,0,N,RURAL_VICTORIA,FREEWAY,9,11.0
22831,1,2,130,2,1,60.0,0,N,LARGE_PROVINCIAL_CITIES,STREET,9,10.0
22832,1,2,130,2,1,60.0,0,I,TOWNS,HIGHWAY,9,14.0
22833,1,2,99,5,1,60.0,0,N,MELB_URBAN,ROAD,9,16.0
22834,4,2,171,5,2,80.0,0,N,RURAL_VICTORIA,ROAD,9,17.0
22835,1,2,121,2,1,80.0,0,I,MELB_URBAN,HIGHWAY,9,16.0
22836,4,2,173,5,1,100.0,0,N,RURAL_VICTORIA,ROAD,9,16.0
22837,1,2,130,5,1,60.0,0,N,MELB_URBAN,ROAD,9,15.0
22838,1,2,99,2,1,60.0,0,I,MELB_URBAN,ROAD,9,15.0
22839,4,2,181,5,3,50.0,0,N,SMALL_CITIES,BOULEVARD,9,19.0
22840,8,2,174,5,1,50.0,0,N,LARGE_PROVINCIAL_CITIES,STREET,9,18.0
22841,1,2,132,2,1,60.0,0,I,LARGE_PROVINCIAL_CITIES,STREET,9,17.0
22842,4,2,171,5,1,50.0,0,N,SMALL_CITIES,STREET,9,17.0
22843,1,2,120,5,1,100.0,0,N,RURAL_VICTORIA,HIGHWAY,9,17.0
22844,8,2,170,2,1,40.0,0,I,MELB_URBAN,AVENUE,9,15.0
22845,1,2,140,1,3,60.0,0,I,MELB_URBAN,ROAD,9,19.0
22846,1,3,121,2,3,60.0,0,I,MELB_URBAN,ROAD,9,2.0
22847,4,2,181,5,3,50.0,0,N,MELB_URBAN,ROAD,9,20.0
22848,1,7,130,5,3,60.0,0,N,MELB_URBAN,STREET,8,21.0
22849,6,7,170,5,5,100.0,0,N,RURAL_VICTORIA,ROAD,8,19.0
22850,1,3,113,2,1,60.0,0,I,MELB_URBAN,ROAD,9,8.0
22851,1,3,113,2,1,50.0,0,I,MELB_URBAN,STREET,9,7.0
22852,1,3,130,5,1,70.0,0,N,MELB_URBAN,ROAD,9,7.0
22853,1,3,110,1,1,40.0,0,I,MELB_URBAN,BOULEVARD,9,9.0
22854,1,3,130,2,1,70.0,0,N,MELB_URBAN,ROAD,9,9.0
22855,1,3,130,5,1,50.0,0,N,MELB_URBAN,ROAD,9,9.0
22856,1,2,121,2,5,60.0,0,I,MELB_URBAN,ROAD,7,18.0
22857,1,3,113,2,1,50.0,0,I,MELB_URBAN,STREET,9,10.0
22858,2,2,99,5,9,50.0,0,N,MELB_URBAN,OTHER,7,12.0
22859,1,4,99,5,2,60.0,0,N,RURAL_VICTORIA,ROAD,8,18.0
22860,1,2,130,5,1,60.0,0,N,MELB_URBAN,ROAD,9,14.0
22861,4,2,173,5,2,50.0,0,N,MELB_URBAN,STREET,9,17.0
22862,1,3,160,5,1,60.0,0,N,MELB_URBAN,STREET,9,11.0
22863,8,7,174,5,1,100.0,0,N,RURAL_VICTORIA,OTHER,8,17.0
22864,1,3,99,1,1,60.0,0,I,MELB_URBAN,STREET,9,10.0
22865,8,2,174,1,2,60.0,0,I,LARGE_PROVINCIAL_CITIES,STREET,2,17.0
22866,1,2,130,2,1,60.0,0,I,MELB_URBAN,ROAD,5,14.0
22867,2,3,100,5,1,40.0,0,N,MELB_URBAN,STREET,9,12.0
22868,2,3,100,2,1,40.0,0,I,MELB_URBAN,BOULEVARD,9,7.0
22869,4,3,171,5,1,50.0,0,N,MELB_URBAN,AVENUE,9,13.0
22870,1,3,130,5,1,70.0,0,N,MELB_URBAN,ROAD,9,16.0
22871,1,3,130,5,1,100.0,0,N,MELB_URBAN,FREEWAY,9,14.0
22872,1,7,132,5,1,50.0,0,N,MELB_URBAN,ROAD,8,16.0
22873,1,3,132,2,1,50.0,0,I,MELB_URBAN,ROAD,9,16.0
22874,1,3,110,1,1,60.0,0,I,SMALL_CITIES,STREET,9,17.0
22875,1,3,121,2,1,60.0,0,I,MELB_URBAN,ROAD,9,17.0
22876,1,3,121,2,3,40.0,0,I,MELB_URBAN,STREET,9,18.0
22877,4,3,171,5,2,100.0,0,N,RURAL_VICTORIA,ROAD,9,18.0
22878,1,3,116,2,3,60.0,0,I,MELB_URBAN,ROAD,9,18.0
22879,1,3,121,2,1,40.0,0,I,MELB_URBAN,STREET,9,17.0
22880,1,3,130,5,1,80.0,0,N,SMALL_CITIES,HIGHWAY,9,16.0
22881,1,3,147,5,1,80.0,0,N,MELB_URBAN,HIGHWAY,9,17.0
22882,1,3,99,1,1,50.0,0,I,MELB_URBAN,ROAD,9,17.0
22883,1,3,110,1,1,60.0,0,I,MELB_URBAN,OTHER,9,16.0
22884,1,4,130,5,9,60.0,0,N,MELB_URBAN,BOULEVARD,8,19.0
22885,6,3,184,2,1,100.0,0,I,RURAL_VICTORIA,UNKNOWN,9,16.0
22886,1,3,121,5,1,80.0,0,N,RURAL_VICTORIA,ROAD,9,16.0
22887,3,3,167,5,5,100.0,0,N,RURAL_VICTORIA,ROAD,9,18.0
22888,1,3,134,5,3,80.0,0,N,MELB_URBAN,ROAD,9,18.0
22889,1,3,130,1,3,60.0,0,I,MELB_URBAN,ROAD,9,20.0
22890,1,3,113,4,3,100.0,0,I,MELB_URBAN,ROAD,9,18.0
22891,8,4,174,1,1,50.0,0,I,MELB_URBAN,STREET,9,6.0
22892,1,1,130,5,1,80.0,0,N,MELB_URBAN,HIGHWAY,9,12.0
22893,1,4,110,1,2,60.0,0,I,LARGE_PROVINCIAL_CITIES,STREET,9,6.0
22894,1,3,134,5,1,100.0,0,N,MELB_URBAN,FREEWAY,9,15.0
22895,1,4,147,5,1,40.0,0,N,RURAL_VICTORIA,STREET,9,8.0
22896,1,3,140,1,1,90.0,0,I,MELB_URBAN,ROAD,9,11.0
22897,1,4,130,5,1,70.0,0,N,MELB_URBAN,STREET,9,10.0
22898,1,4,130,2,1,60.0,0,I,MELB_URBAN,ROAD,9,8.0
22899,4,4,181,2,1,60.0,0,I,RURAL_VICTORIA,ROAD,9,8.0
22900,6,4,184,5,1,100.0,0,N,RURAL_VICTORIA,ROAD,9,7.0
22901,2,4,100,2,1,80.0,0,I,MELB_URBAN,ROAD,9,8.0
22902,1,4,130,1,1,60.0,0,I,MELB_URBAN,ROAD,9,8.0
22903,1,4,121,5,1,60.0,0,N,RURAL_VICTORIA,ROAD,9,11.0
22904,6,4,174,1,1,50.0,0,I,RURAL_VICTORIA,ROAD,9,8.0
22905,1,1,121,2,3,70.0,0,I,LARGE_PROVINCIAL_CITIES,STREET,9,18.0
22906,6,4,170,5,1,100.0,0,N,RURAL_VICTORIA,ROAD,9,14.0
22907,1,3,130,4,1,70.0,0,I,RURAL_VICTORIA,HIGHWAY,9,10.0
22908,1,4,99,5,1,50.0,0,N,MELB_URBAN,STREET,9,11.0
22909,2,4,100,1,1,50.0,0,I,TOWNS,STREET,9,11.0
22910,1,4,160,5,1,60.0,0,N,TOWNS,STREET,9,11.0
22911,1,3,130,1,1,50.0,0,I,MELB_URBAN,ROAD,9,8.0
22912,5,1,99,5,1,60.0,0,N,RURAL_VICTORIA,ROAD,9,11.0
22913,2,3,99,2,3,80.0,0,N,MELB_URBAN,ROAD,9,18.0
22914,1,4,121,2,1,100.0,1,I,RURAL_VICTORIA,ROAD,9,11.0
22915,1,4,132,2,2,60.0,0,I,MELB_URBAN,ROAD,8,18.0
22916,4,5,183,5,5,80.0,0,N,RURAL_VICTORIA,ROAD,6,21.0
22917,4,5,171,2,1,70.0,0,I,MELB_URBAN,ROAD,8,13.0
22918,8,4,99,5,1,110.0,0,N,RURAL_VICTORIA,FREEWAY,9,11.0
22919,1,4,110,1,1,60.0,0,I,LARGE_PROVINCIAL_CITIES,ROAD,9,7.0
22920,1,4,130,1,1,70.0,0,I,MELB_URBAN,ROAD,9,15.0
22921,1,4,132,1,3,60.0,0,I,SMALL_CITIES,STREET,9,18.0
22922,1,4,121,1,3,60.0,0,I,MELB_URBAN,HIGHWAY,9,18.0
22923,1,4,134,5,2,100.0,0,N,MELB_URBAN,FREEWAY,9,18.0
22924,1,4,121,1,3,80.0,0,I,MELB_URBAN,HIGHWAY,9,19.0
22925,4,1,183,5,1,80.0,0,N,RURAL_VICTORIA,ROAD,9,13.0
22926,4,4,173,5,3,80.0,0,N,MELB_URBAN,RAMP,9,23.0
22927,4,4,173,2,3,50.0,0,I,MELB_URBAN,STREET,9,23.0
22928,1,5,111,1,2,80.0,0,I,MELB_URBAN,ROAD,9,5.0
22929,4,5,181,5,2,60.0,0,N,LARGE_PROVINCIAL_CITIES,STREET,9,6.0
22930,1,5,110,1,1,40.0,0,I,MELB_URBAN,STREET,9,8.0
22931,2,5,99,5,1,50.0,0,N,MELB_URBAN,AVENUE,9,9.0
22932,1,5,113,1,1,60.0,0,I,MELB_URBAN,ROAD,11,8.0
22933,1,4,99,1,1,80.0,0,I,MELB_URBAN,ROAD,9,12.0
22934,1,5,163,5,1,50.0,0,N,MELB_URBAN,STREET,9,10.0
22935,1,3,130,1,1,60.0,0,I,MELB_URBAN,STREET,8,9.0
22936,4,6,171,1,1,60.0,0,I,MELB_URBAN,DRIVE,4,7.0
22937,2,5,102,5,1,50.0,0,N,MELB_URBAN,STREET,9,6.0
22938,1,3,133,5,1,100.0,0,N,MELB_URBAN,UNKNOWN,9,8.0
22939,1,5,130,2,1,80.0,0,I,MELB_URBAN,HIGHWAY,9,8.0
22940,2,5,100,1,1,50.0,0,I,SMALL_CITIES,STREET,9,11.0
22941,1,5,111,1,1,60.0,0,I,MELB_URBAN,STREET,9,12.0
22942,1,5,130,5,1,80.0,0,N,MELB_URBAN,ROAD,9,12.0
22943,1,3,130,3,1,60.0,0,N,MELB_URBAN,DRIVE,9,15.0
22944,8,5,174,2,1,50.0,0,I,MELB_URBAN,ROAD,9,13.0
22945,1,5,140,5,1,100.0,1,N,RURAL_VICTORIA,HIGHWAY,9,9.0
22946,1,5,120,5,1,80.0,0,N,RURAL_VICTORIA,HIGHWAY,9,13.0
22947,1,5,113,1,1,50.0,0,I,MELB_URBAN,STREET,9,13.0
22948,1,4,134,5,1,110.0,0,N,RURAL_VICTORIA,FREEWAY,9,8.0
22949,1,5,110,1,2,40.0,0,I,MELB_URBAN,OTHER,8,6.0
22950,1,6,130,1,6,50.0,0,I,MELB_URBAN,ROAD,8,18.0
22951,1,5,130,5,1,70.0,0,N,SMALL_CITIES,PARADE,9,15.0
22952,1,5,140,5,1,80.0,0,N,MELB_URBAN,ROAD,9,15.0
22953,6,5,99,5,1,100.0,0,N,MELB_URBAN,FREEWAY,9,16.0
22954,1,7,99,1,9,60.0,0,I,MELB_URBAN,ROAD,3,22.0
22955,1,5,130,1,1,80.0,0,I,MELB_URBAN,HIGHWAY,4,13.0
22956,1,4,130,1,1,70.0,0,I,LARGE_PROVINCIAL_CITIES,OTHER,3,13.0
22957,1,5,121,4,3,60.0,0,I,MELB_URBAN,ROAD,9,18.0
22958,4,6,171,1,2,60.0,0,N,MELB_URBAN,ROAD,12,20.0
22959,1,5,113,2,1,50.0,0,I,MELB_URBAN,STREET,9,16.0
22960,1,5,121,1,3,50.0,0,I,MELB_URBAN,STREET,9,19.0
22961,4,5,181,5,5,100.0,0,N,RURAL_VICTORIA,ROAD,9,18.0
22962,1,5,121,1,3,60.0,0,I,SMALL_CITIES,STREET,9,18.0
22963,6,5,174,5,1,60.0,0,N,MELB_URBAN,ROAD,9,17.0
22964,1,5,121,2,1,60.0,0,I,MELB_URBAN,STREET,9,17.0
22965,1,5,121,2,3,70.0,0,I,MELB_URBAN,DRIVE,9,21.0
22966,2,5,100,5,3,60.0,0,N,MELB_URBAN,STREET,9,19.0
22967,4,5,183,5,5,110.0,0,N,RURAL_VICTORIA,FREEWAY,9,23.0
22968,4,6,173,1,3,50.0,0,I,RURAL_VICTORIA,STREET,9,2.0
22969,4,6,173,5,3,100.0,0,N,MELB_URBAN,FREEWAY,9,3.0
22970,4,6,181,5,3,80.0,0,N,MELB_URBAN,ROAD,9,2.0
22971,1,5,99,2,3,60.0,0,I,MELB_URBAN,ROAD,9,18.0
22972,1,6,110,1,1,80.0,0,I,MELB_URBAN,HIGHWAY,9,8.0
22973,4,6,171,5,1,100.0,0,N,RURAL_VICTORIA,ROAD,9,8.0
22974,1,6,113,2,1,60.0,0,I,MELB_URBAN,ROAD,9,8.0
22975,1,6,110,1,1,80.0,0,I,MELB_URBAN,ROAD,9,10.0
22976,6,1,174,2,1,60.0,0,I,TOWNS,STREET,4,11.0
22977,1,6,99,5,1,60.0,0,N,LARGE_PROVINCIAL_CITIES,STREET,9,10.0
22978,1,6,110,1,1,60.0,0,I,MELB_URBAN,ROAD,9,10.0
22979,2,6,99,5,1,80.0,0,N,SMALL_CITIES,STREET,9,12.0
22980,1,6,99,5,1,60.0,0,N,MELB_URBAN,STREET,8,8.0
22981,1,4,130,2,2,60.0,0,N,MELB_URBAN,ROAD,5,6.0
22982,1,6,99,2,1,60.0,0,I,MELB_URBAN,ROAD,9,13.0
22983,2,6,102,2,1,60.0,0,I,MELB_URBAN,ROAD,9,13.0
22984,1,3,130,2,1,60.0,0,I,MELB_URBAN,DRIVE,8,17.0
22985,2,4,99,5,1,50.0,0,N,MELB_URBAN,ROAD,8,16.0
22986,4,6,171,5,1,60.0,0,N,MELB_URBAN,ROAD,9,13.0
22987,1,5,160,2,9,50.0,0,I,MELB_URBAN,ROAD,8,12.0
22988,1,6,99,2,1,80.0,0,I,RURAL_VICTORIA,RAMP,9,7.0
22989,1,6,121,1,1,80.0,0,I,SMALL_TOWNS,ROAD,9,14.0
22990,1,6,113,2,1,50.0,0,I,MELB_URBAN,ROAD,9,13.0
22991,6,6,99,5,1,110.0,0,N,RURAL_VICTORIA,RAMP,9,16.0
22992,4,6,171,5,1,60.0,0,N,TOWNS,OTHER,9,15.0
22993,2,6,100,2,1,80.0,0,I,MELB_URBAN,HIGHWAY,9,15.0
22994,1,6,121,1,1,50.0,0,I,MELB_URBAN,ROAD,9,17.0
22995,1,6,110,1,1,60.0,0,I,RURAL_VICTORIA,STREET,9,15.0
22996,1,6,121,2,1,80.0,0,I,MELB_URBAN,ROAD,9,17.0
22997,1,6,130,5,2,60.0,0,N,MELB_URBAN,OTHER,9,18.0
22998,1,6,160,5,5,50.0,0,N,MELB_URBAN,STREET,9,18.0
22999,1,6,130,2,1,60.0,0,I,MELB_URBAN,ROAD,9,16.0
23000,2,6,100,2,2,60.0,0,I,MELB_URBAN,STREET,9,18.0
23001,1,6,121,1,1,60.0,0,I,LARGE_PROVINCIAL_CITIES,STREET,9,16.0
23002,1,6,135,1,1,60.0,0,I,MELB_URBAN,ROAD,9,15.0
23003,1,6,130,1,3,80.0,0,I,MELB_URBAN,ROAD,9,19.0
23004,4,7,99,2,3,60.0,0,I,MELB_URBAN,ROAD,9,1.0
23005,1,7,99,4,2,80.0,0,I,MELB_URBAN,HIGHWAY,9,5.0
23006,4,7,173,5,3,100.0,0,N,MELB_URBAN,FREEWAY,9,4.0
23007,1,0,160,5,3,70.0,0,N,MELB_URBAN,STREET,9,19.0
23008,8,7,99,2,2,100.0,0,I,RURAL_VICTORIA,ROAD,9,6.0
23009,1,2,130,1,1,60.0,0,I,MELB_URBAN,ROAD,8,8.0
23010,1,7,132,2,2,60.0,0,I,MELB_URBAN,ROAD,9,6.0
23011,1,7,121,1,1,50.0,0,I,MELB_URBAN,STREET,9,10.0
23012,8,6,174,5,2,60.0,0,N,MELB_URBAN,ROAD,9,18.0
23013,1,6,135,1,2,40.0,0,I,MELBOURNE_CBD,STREET,9,18.0
23014,1,7,130,2,1,80.0,1,I,MELB_URBAN,STREET,9,12.0
23015,1,7,140,2,1,60.0,0,I,MELB_URBAN,STREET,9,12.0
23016,1,7,130,2,6,60.0,0,I,MELB_URBAN,ROAD,8,19.0
23017,6,7,170,5,1,100.0,0,N,RURAL_VICTORIA,HIGHWAY,9,12.0
23018,1,7,99,5,1,100.0,0,N,RURAL_VICTORIA,ROAD,9,9.0
23019,2,7,102,5,1,50.0,0,N,MELB_URBAN,STREET,9,13.0
23020,1,7,120,5,1,60.0,0,N,RURAL_VICTORIA,ROAD,9,8.0
23021,1,7,132,1,1,100.0,0,I,RURAL_VICTORIA,ROAD,9,11.0
23022,1,6,135,5,3,60.0,0,N,MELB_URBAN,ROAD,7,19.0
23023,1,2,147,5,9,50.0,0,N,MELB_URBAN,STREET,7,15.0
23024,1,4,99,5,9,60.0,0,N,MELB_URBAN,STREET,8,2.0
23025,1,7,99,1,1,50.0,0,I,TOWNS,AVENUE,9,13.0
23026,1,7,130,5,1,100.0,1,N,MELB_URBAN,FREEWAY,9,11.0
23027,1,7,130,2,1,80.0,0,I,MELB_URBAN,HIGHWAY,9,13.0
23028,1,3,173,2,3,60.0,0,I,MELB_URBAN,ROAD,8,1.0
23029,1,7,113,2,1,60.0,0,I,MELB_URBAN,ROAD,9,15.0
23030,1,4,130,1,2,60.0,0,I,MELB_URBAN,ROAD,8,18.0
23031,2,7,102,1,1,60.0,0,I,MELB_URBAN,ROAD,9,16.0
23032,1,7,99,5,1,100.0,0,N,RURAL_VICTORIA,ROAD,9,15.0
23033,1,4,116,1,1,50.0,0,I,MELB_URBAN,STREET,8,10.0
23034,1,5,132,2,1,60.0,0,N,SMALL_CITIES,OTHER,9,17.0
23035,2,7,99,5,3,60.0,0,N,MELB_URBAN,ROAD,9,18.0
23036,1,7,99,5,1,40.0,0,N,MELB_URBAN,STREET,9,16.0
23037,1,7,110,1,3,70.0,0,I,SMALL_CITIES,ROAD,9,21.0
23038,1,6,130,2,1,60.0,0,I,MELB_URBAN,STREET,9,15.0
23039,4,1,171,1,5,100.0,0,I,RURAL_VICTORIA,ROAD,9,0.0
23040,1,6,110,4,3,60.0,0,N,MELB_URBAN,ROAD,9,23.0
23041,1,0,130,5,3,80.0,0,N,MELB_URBAN,FREEWAY,9,3.0
23042,4,1,171,2,6,50.0,0,I,MELB_URBAN,BOULEVARD,9,2.0
23043,2,1,102,1,3,40.0,0,I,MELBOURNE_CBD,STREET,9,5.0
23044,1,5,111,2,9,60.0,0,I,MELB_URBAN,ROAD,8,8.0
23045,1,7,121,2,1,50.0,0,I,MELB_URBAN,ROAD,9,16.0
23046,6,5,174,2,1,40.0,0,I,MELB_URBAN,ROAD,9,17.0
23047,1,7,130,2,1,60.0,0,I,MELB_URBAN,ROAD,9,10.0
23048,1,7,130,1,1,50.0,0,I,MELBOURNE_CBD,STREET,9,15.0
23049,4,1,183,2,1,60.0,0,I,TOWNS,ROAD,9,7.0
23050,2,6,102,2,3,60.0,0,I,MELB_URBAN,ROAD,9,23.0
23051,1,1,130,5,1,80.0,0,N,MELB_URBAN,ROAD,9,13.0
23052,4,1,173,5,1,100.0,0,N,MELB_URBAN,FREEWAY,9,10.0
23053,1,5,147,5,1,60.0,0,N,MELB_URBAN,OTHER,8,16.0
23054,1,5,130,5,9,100.0,0,N,MELB_URBAN,FREEWAY,9,8.0
23055,4,1,171,2,3,60.0,0,I,MELB_URBAN,ROAD,9,0.0
23056,1,1,130,1,1,60.0,0,I,MELB_URBAN,ROAD,9,14.0
23057,4,1,173,5,1,50.0,0,N,TOWNS,STREET,9,15.0
23058,1,4,99,1,9,50.0,0,I,MELB_URBAN,STREET,6,16.0
23059,1,1,163,5,1,50.0,0,N,MELB_URBAN,HIGHWAY,9,16.0
23060,1,1,99,4,1,50.0,0,I,MELB_URBAN,STREET,9,17.0
23061,1,5,113,2,6,60.0,0,I,SMALL_CITIES,ROAD,9,18.0
23062,1,1,110,1,1,60.0,0,I,SMALL_CITIES,STREET,9,17.0
23063,1,1,130,5,2,80.0,0,N,MELB_URBAN,FREEWAY,9,18.0
23064,2,7,99,5,3,50.0,0,N,MELB_URBAN,STREET,9,22.0
23065,1,1,132,1,1,90.0,0,I,RURAL_VICTORIA,HIGHWAY,9,15.0
23066,4,1,181,5,2,100.0,0,N,RURAL_VICTORIA,OTHER,9,17.0
23067,1,3,130,1,1,50.0,0,I,LARGE_PROVINCIAL_CITIES,ROAD,9,8.0
23068,4,1,183,5,1,100.0,0,N,RURAL_VICTORIA,ROAD,9,16.0
23069,2,1,100,5,3,50.0,0,N,MELB_URBAN,STREET,9,22.0
23070,1,3,99,2,1,60.0,0,I,MELB_URBAN,STREET,7,15.0
23071,1,2,121,1,1,80.0,0,I,MELB_URBAN,ROAD,9,7.0
23072,2,2,102,2,1,40.0,0,I,MELB_URBAN,PARADE,9,8.0
23073,1,1,160,2,9,60.0,0,I,RURAL_VICTORIA,ROAD,8,16.0
23074,2,2,100,1,1,50.0,0,I,MELBOURNE_CBD,STREET,9,12.0
23075,6,7,174,5,1,60.0,0,N,RURAL_VICTORIA,OTHER,9,10.0
23076,8,1,174,2,1,60.0,0,N,RURAL_VICTORIA,ROAD,8,10.0
23077,1,2,134,2,2,60.0,0,I,MELB_URBAN,ROAD,9,6.0
23078,4,7,171,1,1,60.0,0,I,MELB_URBAN,STREET,8,12.0
23079,6,1,174,5,3,60.0,0,I,MELB_URBAN,ROAD,9,18.0
23080,6,7,174,2,1,70.0,0,I,MELB_URBAN,ROAD,9,14.0
23081,8,2,99,5,1,70.0,0,N,RURAL_VICTORIA,OTHER,9,16.0
23082,1,2,116,2,1,60.0,0,N,MELB_URBAN,STREET,9,14.0
23083,4,6,171,2,3,60.0,0,I,MELB_URBAN,ROAD,9,1.0
23084,6,2,170,2,1,100.0,0,I,RURAL_VICTORIA,HIGHWAY,9,11.0
23085,1,1,111,1,3,60.0,0,I,SMALL_CITIES,STREET,7,18.0
23086,3,1,167,5,1,60.0,0,N,RURAL_VICTORIA,ROAD,9,15.0
23087,8,1,184,5,1,60.0,0,N,RURAL_VICTORIA,ROAD,9,13.0
23088,8,7,174,1,2,60.0,0,I,MELB_URBAN,DRIVE,1,1.0
23089,7,3,99,5,1,60.0,0,N,MELB_URBAN,STREET,8,15.0
23090,1,2,147,5,1,60.0,0,N,MELB_URBAN,ROAD,9,15.0
23091,1,4,130,2,3,70.0,0,I,MELB_URBAN,STREET,8,21.0
23092,1,2,99,5,1,50.0,0,N,MELB_URBAN,STREET,9,15.0
23093,4,2,183,2,1,50.0,0,I,SMALL_CITIES,DRIVE,9,15.0
23094,1,6,130,5,1,60.0,0,N,TOWNS,STREET,8,16.0
23095,2,4,100,2,1,60.0,0,I,MELB_URBAN,STREET,9,8.0
23096,1,6,113,2,1,50.0,0,I,MELB_URBAN,DRIVE,9,16.0
23097,1,2,130,1,3,60.0,0,I,MELB_URBAN,ROAD,9,19.0
23098,4,2,173,5,1,100.0,0,N,RURAL_VICTORIA,ROAD,9,18.0
23099,4,3,171,5,5,100.0,0,N,RURAL_VICTORIA,ROAD,9,0.0
23100,4,3,171,5,5,100.0,0,N,RURAL_VICTORIA,HIGHWAY,9,2.0
23101,6,1,184,5,1,60.0,0,N,RURAL_VICTORIA,OTHER,9,14.0
23102,4,6,181,5,5,100.0,0,N,SMALL_CITIES,ROAD,9,21.0
23103,4,3,173,5,5,80.0,0,N,MELB_URBAN,FREEWAY,9,3.0
23104,1,5,130,2,2,50.0,0,I,LARGE_PROVINCIAL_CITIES,STREET,8,17.0
23105,1,2,116,2,1,50.0,0,I,LARGE_PROVINCIAL_CITIES,AVENUE,9,15.0
23106,1,4,130,5,3,60.0,0,N,MELB_URBAN,ROAD,7,18.0
23107,8,5,174,1,1,60.0,0,I,LARGE_PROVINCIAL_CITIES,STREET,9,14.0
23108,2,3,100,2,1,60.0,0,I,MELB_URBAN,STREET,9,9.0
23109,7,3,174,5,1,60.0,0,N,RURAL_VICTORIA,ROAD,9,10.0
23110,6,7,174,5,1,100.0,0,N,RURAL_VICTORIA,ROAD,9,16.0
23111,2,3,100,5,1,60.0,0,N,MELB_URBAN,STREET,9,9.0
23112,1,3,121,5,1,60.0,0,I,MELB_URBAN,AVENUE,9,10.0
23113,2,3,100,2,1,80.0,0,I,MELB_URBAN,HIGHWAY,9,11.0
23114,1,3,110,1,1,60.0,0,I,MELB_URBAN,STREET,9,10.0
23115,4,3,173,5,1,100.0,0,N,RURAL_VICTORIA,HIGHWAY,9,7.0
23116,1,3,140,5,1,60.0,0,N,MELB_URBAN,ROAD,9,12.0
23117,1,3,135,5,1,80.0,0,N,MELB_URBAN,HIGHWAY,9,13.0
23118,6,5,99,2,5,100.0,0,I,RURAL_VICTORIA,ROAD,9,0.0
23119,1,7,132,2,1,60.0,0,I,MELB_URBAN,STREET,8,9.0
23120,1,2,116,2,6,70.0,0,I,MELB_URBAN,ROAD,7,17.0
23121,1,3,110,1,1,50.0,0,I,MELB_URBAN,STREET,9,15.0
23122,1,7,140,5,1,90.0,0,N,MELB_URBAN,ROAD,9,9.0
23123,1,3,135,5,1,60.0,0,N,MELB_URBAN,ROAD,9,17.0
23124,1,1,113,2,1,70.0,0,I,MELB_URBAN,ROAD,8,9.0
23125,4,3,171,5,9,60.0,0,N,MELB_URBAN,ROAD,9,17.0
23126,4,3,171,2,1,50.0,0,I,MELB_URBAN,STREET,9,16.0