,accident_type,day_of_week,dca_code,road_geometry,light_condition,speed_zone,severity,node_type,deg_urban_name,road_type,month,hour
23127,1,3,130,2,1,70.0,0,I,MELB_URBAN,ROAD,9,15.0
23128,1,3,113,2,1,80.0,0,I,MELB_URBAN,ROAD,9,16.0
23129,1,2,130,5,1,80.0,0,N,TOWNS,ROAD,9,17.0
23130,1,3,130,5,2,100.0,0,N,MELB_URBAN,UNKNOWN,9,17.0
23131,1,3,130,1,1,60.0,0,I,LARGE_PROVINCIAL_CITIES,STREET,9,16.0
23132,1,3,163,2,3,60.0,0,I,MELB_URBAN,ROAD,9,18.0
23133,1,3,113,2,1,60.0,0,I,MELB_URBAN,ROAD,9,17.0
23134,4,1,173,5,9,70.0,0,N,MELB_URBAN,ROAD,3,18.0
23135,1,2,99,2,1,60.0,0,I,MELB_URBAN,ROAD,9,12.0
23136,1,3,121,1,6,80.0,0,I,MELB_URBAN,ROAD,9,19.0
23137,1,5,116,1,9,60.0,0,I,MELB_URBAN,STREET,9,20.0
23138,1,3,113,2,1,50.0,0,I,MELB_URBAN,STREET,9,16.0
23139,1,2,132,1,1,60.0,0,I,MELB_URBAN,ROAD,4,7.0
23140,1,3,132,5,3,60.0,0,N,MELB_URBAN,ROAD,9,22.0
23141,8,7,174,5,9,60.0,0,N,RURAL_VICTORIA,ROAD,10,19.0
23142,4,4,173,1,3,60.0,0,I,MELB_URBAN,ROAD,9,0.0
23143,1,3,130,2,1,60.0,0,I,MELB_URBAN,STREET,9,14.0
23144,4,2,181,5,5,100.0,1,N,RURAL_VICTORIA,ROAD,9,20.0
23145,4,4,181,5,1,70.0,0,N,RURAL_VICTORIA,ROAD,9,8.0
23146,1,4,99,2,1,60.0,0,I,MELB_URBAN,ROAD,9,10.0
23147,4,4,173,2,1,60.0,0,I,MELB_URBAN,STREET,9,6.0
23148,1,4,99,5,1,40.0,0,N,MELBOURNE_CBD,STREET,9,9.0
23149,2,3,99,5,2,100.0,0,N,RURAL_VICTORIA,ROAD,9,17.0
23150,1,2,113,2,2,70.0,0,I,RURAL_VICTORIA,ROAD,9,17.0
23151,4,5,99,5,1,80.0,0,N,RURAL_VICTORIA,ROAD,8,15.0
23152,1,3,130,5,6,50.0,0,N,MELB_URBAN,ROAD,9,5.0
23153,2,2,102,1,2,80.0,0,I,MELB_URBAN,ROAD,9,17.0
23154,1,4,147,5,1,50.0,0,N,MELB_URBAN,STREET,9,11.0
23155,1,4,99,2,1,50.0,0,I,MELB_URBAN,STREET,9,10.0
23156,1,4,121,2,1,60.0,0,I,MELB_URBAN,STREET,9,7.0
23157,4,4,171,5,1,80.0,0,N,RURAL_VICTORIA,ROAD,9,12.0
23158,6,4,174,5,1,60.0,0,N,RURAL_VICTORIA,ROAD,9,16.0
23159,5,4,99,2,1,40.0,0,I,RURAL_VICTORIA,ROAD,9,12.0
23160,1,4,111,2,1,50.0,0,I,TOWNS,STREET,9,7.0
23161,1,4,130,2,1,50.0,0,I,SMALL_CITIES,DRIVE,9,11.0
23162,1,3,99,1,1,50.0,0,I,TOWNS,STREET,9,17.0
23163,1,3,130,5,3,100.0,0,N,MELB_URBAN,FREEWAY,4,6.0
23164,1,1,121,2,1,80.0,0,I,MELB_URBAN,ROAD,9,12.0
23165,1,4,113,1,1,40.0,0,I,MELB_URBAN,ROAD,9,15.0
23166,1,4,116,2,4,50.0,0,I,MELB_URBAN,AVENUE,9,18.0
23167,1,4,130,1,1,40.0,0,I,MELB_URBAN,ROAD,9,15.0
23168,1,4,130,5,9,60.0,0,N,MELB_URBAN,ROAD,9,18.0
23169,2,4,99,5,1,60.0,0,N,TOWNS,STREET,9,16.0
23170,1,5,121,2,1,60.0,0,I,MELB_URBAN,ROAD,9,8.0
23171,1,4,121,4,1,60.0,0,I,MELB_URBAN,ROAD,9,13.0
23172,1,4,121,2,1,50.0,0,I,MELB_URBAN,STREET,9,14.0
23173,6,4,174,2,5,50.0,0,I,RURAL_VICTORIA,STREET,9,19.0
23174,1,4,132,5,6,50.0,0,N,MELB_URBAN,DRIVE,9,21.0
23175,1,4,99,5,3,50.0,0,N,MELB_URBAN,ROAD,9,20.0
23176,3,4,167,5,5,80.0,0,N,RURAL_VICTORIA,ROAD,9,21.0
23177,2,4,99,2,2,70.0,0,I,MELB_URBAN,ROAD,9,17.0
23178,4,4,173,5,3,60.0,1,N,MELB_URBAN,STREET,9,22.0
23179,1,5,111,1,3,50.0,0,I,LARGE_PROVINCIAL_CITIES,STREET,9,1.0
23180,8,3,174,2,1,50.0,0,I,MELB_URBAN,ROAD,9,13.0
23181,1,4,130,2,1,60.0,0,N,SMALL_CITIES,HIGHWAY,9,8.0
23182,2,4,99,5,5,60.0,0,N,RURAL_VICTORIA,ROAD,9,19.0
23183,4,4,181,5,3,50.0,0,N,MELB_URBAN,DRIVE,9,19.0
23184,1,4,116,1,3,40.0,0,I,MELB_URBAN,STREET,9,18.0
23185,1,7,111,2,1,60.0,0,I,MELB_URBAN,ROAD,6,7.0
23186,4,5,171,2,1,60.0,0,I,MELB_URBAN,STREET,9,8.0
23187,1,2,116,1,1,50.0,0,I,MELB_URBAN,STREET,9,10.0
23188,1,5,133,1,1,50.0,0,I,MELB_URBAN,STREET,9,8.0
23189,2,5,99,2,1,40.0,0,I,MELB_URBAN,ROAD,9,11.0
23190,4,5,181,5,1,100.0,0,N,RURAL_VICTORIA,ROAD,9,7.0
23191,2,5,100,2,1,40.0,0,N,MELB_URBAN,ROAD,9,10.0
23192,1,5,130,2,1,60.0,0,N,MELB_URBAN,PARADE,9,8.0
23193,1,5,110,1,1,60.0,0,I,LARGE_PROVINCIAL_CITIES,STREET,9,11.0
23194,1,2,130,1,9,60.0,0,I,MELB_URBAN,STREET,5,18.0
23195,4,5,173,5,5,100.0,0,N,RURAL_VICTORIA,ROAD,9,2.0
23196,2,5,99,5,1,40.0,0,N,TOWNS,STREET,9,11.0
23197,1,5,110,1,1,50.0,0,I,LARGE_PROVINCIAL_CITIES,STREET,9,9.0
23198,4,5,173,5,1,100.0,0,N,RURAL_VICTORIA,ROAD,9,11.0
23199,2,5,102,5,1,40.0,0,N,MELB_URBAN,ROAD,9,8.0
23200,1,5,130,5,1,60.0,0,N,MELB_URBAN,FREEWAY,9,8.0
23201,8,5,174,5,1,100.0,0,N,MELB_URBAN,FREEWAY,9,13.0
23202,4,5,173,5,1,80.0,0,I,RURAL_VICTORIA,ROAD,9,13.0
23203,1,1,121,2,1,50.0,0,I,MELB_URBAN,STREET,4,11.0
23204,1,5,121,2,1,80.0,0,I,MELB_URBAN,ROAD,9,15.0
23205,1,3,121,1,3,60.0,0,I,MELB_URBAN,STREET,9,22.0
23206,1,5,140,5,1,60.0,0,N,MELB_URBAN,PARADE,9,15.0
23207,1,5,113,2,1,40.0,0,I,MELB_URBAN,ROAD,9,12.0
23208,2,4,102,2,1,60.0,0,I,MELB_URBAN,ROAD,9,9.0
23209,1,5,163,5,1,60.0,0,N,MELB_URBAN,STREET,9,13.0
23210,4,5,171,5,1,50.0,0,N,MELB_URBAN,ROAD,9,17.0
23211,1,5,99,5,1,50.0,0,N,MELB_URBAN,PARADE,9,16.0
23212,1,5,116,2,1,60.0,0,I,MELB_URBAN,DRIVE,9,15.0
23213,1,5,121,1,3,40.0,0,I,MELB_URBAN,ROAD,9,18.0
23214,1,5,121,1,4,60.0,0,I,MELB_URBAN,ROAD,9,18.0
23215,4,5,171,5,5,100.0,0,N,RURAL_VICTORIA,ROAD,9,21.0
23216,4,5,171,2,3,60.0,0,I,MELB_URBAN,ROAD,9,20.0
23217,3,6,167,5,5,100.0,0,N,RURAL_VICTORIA,ROAD,9,0.0
23218,8,6,99,5,1,70.0,0,N,MELB_URBAN,ROAD,8,13.0
23219,4,4,171,5,2,80.0,0,N,RURAL_VICTORIA,ROAD,9,17.0
23220,1,7,132,2,1,70.0,0,I,MELB_URBAN,ROAD,10,16.0
23221,1,2,110,1,1,80.0,0,I,SMALL_CITIES,HIGHWAY,7,13.0
23222,1,5,130,5,1,100.0,0,N,RURAL_VICTORIA,ROAD,9,15.0
23223,1,6,163,5,1,60.0,0,N,MELB_URBAN,STREET,9,9.0
23224,4,6,171,5,1,50.0,0,N,TOWNS,STREET,9,7.0
23225,1,6,132,1,1,70.0,0,I,MELB_URBAN,ROAD,9,9.0
23226,4,6,173,1,1,60.0,0,I,SMALL_CITIES,RAMP,9,8.0
23227,1,6,120,5,1,100.0,0,N,RURAL_VICTORIA,ROAD,9,8.0
23228,1,6,121,2,1,50.0,0,I,MELB_URBAN,STREET,9,8.0
23229,1,2,130,5,1,60.0,0,N,MELB_URBAN,ROAD,9,18.0
23230,4,5,173,5,1,60.0,0,N,RURAL_VICTORIA,ROAD,9,10.0
23231,1,4,163,5,9,60.0,0,N,MELB_URBAN,ROAD,9,17.0
23232,1,6,99,1,1,60.0,0,I,MELB_URBAN,STREET,9,10.0
23233,1,6,130,2,1,60.0,0,I,SMALL_CITIES,STREET,9,13.0
23234,4,6,183,5,2,100.0,0,N,RURAL_VICTORIA,HIGHWAY,7,6.0
23235,1,6,113,1,1,100.0,0,I,RURAL_VICTORIA,FREEWAY,9,12.0
23236,1,6,99,2,1,60.0,0,I,MELB_URBAN,ROAD,9,16.0
23237,6,2,174,2,1,70.0,0,I,MELB_URBAN,ROAD,10,12.0
23238,1,6,130,5,3,60.0,0,N,MELB_URBAN,ROAD,8,18.0
23239,1,6,140,5,1,60.0,0,N,MELB_URBAN,ROAD,9,17.0
23240,1,5,130,2,1,60.0,0,I,MELB_URBAN,ROAD,9,16.0
23241,1,6,121,2,3,60.0,0,I,MELB_URBAN,ROAD,9,18.0
23242,1,6,121,1,3,60.0,0,I,MELB_URBAN,ROAD,9,18.0
23243,1,6,113,2,1,60.0,0,I,MELB_URBAN,ROAD,9,17.0
23244,1,6,133,1,3,60.0,0,I,MELB_URBAN,ROAD,9,20.0
23245,1,6,140,2,3,40.0,0,I,MELB_URBAN,ROAD,9,20.0
23246,4,5,171,1,1,100.0,0,I,RURAL_VICTORIA,ROAD,9,15.0
23247,4,5,181,5,5,100.0,0,N,RURAL_VICTORIA,ROAD,9,23.0
23248,1,6,99,5,3,50.0,0,N,MELB_URBAN,AVENUE,9,21.0
23249,4,6,173,1,3,60.0,0,I,MELB_URBAN,STREET,9,23.0
23250,1,1,130,5,1,40.0,0,N,MELB_URBAN,STREET,9,13.0
23251,1,7,110,1,3,80.0,0,I,MELB_URBAN,ROAD,9,5.0
23252,1,6,130,1,1,60.0,0,I,MELB_URBAN,ROAD,9,12.0
23253,2,7,102,5,1,70.0,0,N,MELB_URBAN,ROAD,9,9.0
23254,8,3,174,2,1,40.0,0,I,MELB_URBAN,STREET,8,11.0
23255,1,4,121,5,1,50.0,0,N,MELB_URBAN,ROAD,9,13.0
23256,1,7,113,1,1,60.0,0,I,MELB_URBAN,ROAD,9,11.0
23257,1,7,147,2,1,60.0,0,N,SMALL_CITIES,STREET,9,10.0
23258,1,7,99,5,1,40.0,0,N,MELB_URBAN,STREET,9,11.0
23259,2,7,100,2,1,50.0,0,I,MELB_URBAN,AVENUE,9,11.0
23260,2,7,100,2,1,70.0,0,I,MELB_URBAN,ROAD,9,12.0
23261,1,7,147,2,1,60.0,0,N,MELB_URBAN,ROAD,9,14.0
23262,1,7,130,1,1,60.0,0,I,MELB_URBAN,ROAD,9,10.0
23263,1,7,147,1,1,60.0,0,I,MELB_URBAN,ROAD,9,15.0
23264,6,7,170,5,9,60.0,0,N,MELB_URBAN,ROAD,8,10.0
23265,1,7,110,1,1,100.0,0,I,RURAL_VICTORIA,HIGHWAY,9,15.0
23266,1,7,99,4,1,60.0,0,I,SMALL_CITIES,STREET,9,16.0
23267,1,7,110,1,1,100.0,0,I,RURAL_VICTORIA,ROAD,9,15.0
23268,1,7,110,1,1,50.0,0,I,MELB_URBAN,STREET,9,16.0
23269,5,2,99,5,1,60.0,0,N,RURAL_VICTORIA,ROAD,9,9.0
23270,1,7,130,2,3,60.0,0,I,MELB_URBAN,ROAD,9,19.0
23271,1,1,120,5,1,100.0,0,N,RURAL_VICTORIA,HIGHWAY,9,15.0
23272,1,7,130,1,1,50.0,0,I,MELB_URBAN,ROAD,9,15.0
23273,1,7,120,5,2,60.0,0,N,MELB_URBAN,ROAD,9,18.0
23274,2,7,100,2,5,50.0,0,I,MELB_URBAN,STREET,9,21.0
23275,6,7,99,5,5,100.0,0,N,RURAL_VICTORIA,ROAD,9,20.0
23276,2,1,102,5,3,60.0,0,N,LARGE_PROVINCIAL_CITIES,STREET,9,0.0
23277,2,1,100,5,3,60.0,0,N,MELB_URBAN,STREET,9,2.0
23278,4,1,173,5,3,100.0,0,N,MELB_URBAN,FREEWAY,9,3.0
23279,1,7,160,5,1,60.0,0,N,RURAL_VICTORIA,ROAD,7,8.0
23280,1,7,130,5,2,60.0,0,N,MELB_URBAN,FREEWAY,9,19.0
23281,1,7,130,1,1,50.0,0,I,LARGE_PROVINCIAL_CITIES,STREET,2,14.0
23282,1,1,121,1,1,80.0,0,I,MELB_URBAN,OTHER,9,9.0
23283,4,1,171,5,1,60.0,0,N,MELB_URBAN,HIGHWAY,9,11.0
23284,1,0,130,2,1,60.0,0,I,MELB_URBAN,ROAD,9,12.0
23285,8,1,174,5,1,60.0,0,N,RURAL_VICTORIA,ROAD,8,12.0
23286,1,7,132,2,1,60.0,0,I,MELB_URBAN,ROAD,9,15.0
23287,1,1,183,5,1,100.0,0,N,RURAL_VICTORIA,ROAD,9,11.0
23288,1,1,147,5,1,60.0,0,N,MELB_URBAN,ROAD,9,11.0
23289,1,5,99,5,1,60.0,0,N,MELB_URBAN,ROAD,9,11.0
23290,1,7,99,5,1,50.0,0,N,MELB_URBAN,ROAD,9,16.0
23291,1,1,121,2,1,60.0,0,I,MELB_URBAN,STREET,9,14.0
23292,1,1,134,1,1,70.0,0,N,MELB_URBAN,ROAD,9,13.0
23293,4,1,171,5,1,100.0,0,N,RURAL_VICTORIA,ROAD,9,10.0
23294,2,1,100,5,1,50.0,0,N,MELB_URBAN,ROAD,9,13.0
23295,2,7,100,5,5,60.0,1,N,MELB_URBAN,ROAD,9,19.0
23296,1,1,132,3,1,100.0,0,N,RURAL_VICTORIA,ROAD,9,14.0
23297,1,1,99,1,1,60.0,0,I,TOWNS,STREET,9,16.0
23298,4,2,173,5,1,100.0,0,N,RURAL_VICTORIA,OTHER,8,14.0
23299,1,1,130,5,2,60.0,0,N,MELB_URBAN,UNKNOWN,9,18.0
23300,6,7,174,2,3,80.0,0,I,RURAL_VICTORIA,ROAD,9,21.0
23301,2,1,100,5,1,50.0,0,N,MELB_URBAN,OTHER,9,15.0
23302,8,1,174,5,3,60.0,0,I,MELB_URBAN,AVENUE,9,21.0
23303,1,1,121,5,3,80.0,0,N,MELB_URBAN,ROAD,9,21.0
23304,2,2,100,2,1,60.0,0,I,MELB_URBAN,ROAD,9,13.0
23305,4,2,171,5,3,60.0,0,N,MELB_URBAN,ROAD,9,4.0
23306,1,4,130,2,1,50.0,0,I,MELB_URBAN,STREET,9,8.0
23307,1,2,121,1,1,60.0,0,I,MELB_URBAN,ROAD,9,7.0
23308,1,1,120,5,1,60.0,0,N,SMALL_CITIES,STREET,9,12.0
23309,1,2,116,1,1,50.0,0,I,MELB_URBAN,STREET,9,7.0
23310,1,6,99,1,1,50.0,0,I,SMALL_CITIES,STREET,9,12.0
23311,1,2,121,1,1,60.0,0,I,MELB_URBAN,STREET,9,7.0
23312,1,1,113,2,3,70.0,0,I,MELB_URBAN,ROAD,9,22.0
23313,1,2,99,5,1,50.0,0,I,MELB_URBAN,ROAD,9,8.0
23314,1,2,130,2,1,60.0,0,I,MELB_URBAN,ROAD,9,8.0
23315,1,6,147,5,2,40.0,0,N,MELB_URBAN,STREET,9,18.0
23316,8,3,170,5,1,60.0,0,N,RURAL_VICTORIA,ROAD,1,13.0
23317,1,5,130,5,9,100.0,0,N,MELB_URBAN,FREEWAY,6,16.0
23318,1,7,99,5,1,100.0,0,N,RURAL_VICTORIA,ROAD,9,12.0
23319,4,2,171,2,1,50.0,0,I,MELB_URBAN,AVENUE,9,9.0
23320,4,2,181,5,1,80.0,0,N,RURAL_VICTORIA,ROAD,9,9.0
23321,8,1,184,5,1,60.0,0,N,RURAL_VICTORIA,ROAD,9,11.0
23322,1,2,121,1,1,80.0,0,I,MELB_URBAN,ROAD,9,10.0
23323,6,2,99,5,1,100.0,0,N,RURAL_VICTORIA,ROAD,9,9.0
23324,4,2,171,5,1,100.0,0,N,RURAL_VICTORIA,ROAD,9,12.0
23325,1,2,111,2,1,80.0,0,N,MELB_URBAN,ROAD,9,11.0
23326,8,1,174,9,1,60.0,0,N,RURAL_VICTORIA,ROAD,9,12.0
23327,1,2,120,5,1,60.0,0,N,MELB_URBAN,DRIVE,9,15.0
23328,1,2,130,1,1,80.0,0,N,MELB_URBAN,AVENUE,9,16.0
23329,2,2,102,1,1,60.0,0,I,MELB_URBAN,STREET,9,16.0
23330,1,2,147,5,1,40.0,0,N,LARGE_PROVINCIAL_CITIES,OTHER,9,16.0
23331,4,2,99,2,2,50.0,0,I,SMALL_CITIES,STREET,9,16.0
23332,4,2,173,1,4,60.0,0,I,MELB_URBAN,ROAD,9,17.0
23333,2,1,102,2,3,40.0,0,I,MELBOURNE_CBD,STREET,9,18.0
23334,8,2,174,2,1,60.0,0,I,MELB_URBAN,ROAD,9,17.0
23335,1,2,147,2,4,60.0,0,N,SMALL_CITIES,STREET,9,18.0
23336,4,2,171,5,3,50.0,0,N,MELB_URBAN,STREET,9,18.0
23337,4,2,171,5,5,100.0,0,N,RURAL_VICTORIA,ROAD,9,0.0
23338,2,2,100,5,5,80.0,0,N,MELB_URBAN,ROAD,9,19.0
23339,2,2,100,1,3,60.0,0,I,MELB_URBAN,ROAD,9,18.0
23340,2,2,102,1,3,40.0,0,I,MELBOURNE_CBD,STREET,9,17.0
23341,2,2,102,1,3,50.0,0,I,MELB_URBAN,STREET,9,20.0
23342,2,2,100,5,3,80.0,0,I,MELB_URBAN,ROAD,9,18.0
23343,1,2,130,2,3,60.0,0,I,MELB_URBAN,ROAD,9,20.0
23344,1,1,130,4,1,60.0,0,I,MELB_URBAN,ROAD,9,11.0
23345,4,2,173,5,3,60.0,0,N,MELB_URBAN,STREET,9,19.0
23346,4,1,171,1,3,80.0,0,N,MELB_URBAN,ROAD,9,23.0
23347,4,2,171,5,3,70.0,0,N,MELB_URBAN,ROAD,9,22.0
23348,1,3,130,2,1,60.0,0,I,MELB_URBAN,ROAD,9,16.0
23349,4,2,171,5,1,100.0,0,N,RURAL_VICTORIA,HIGHWAY,9,13.0
23350,2,3,100,2,2,80.0,0,I,TOWNS,ROAD,9,6.0
23351,1,3,110,1,4,60.0,0,I,MELB_URBAN,ROAD,8,22.0
23352,1,3,110,1,1,50.0,0,I,LARGE_PROVINCIAL_CITIES,STREET,9,8.0
23353,2,7,100,5,1,60.0,0,N,MELB_URBAN,ROAD,9,11.0
23354,1,3,130,2,1,80.0,0,I,MELB_URBAN,HIGHWAY,9,11.0
23355,1,2,130,2,6,60.0,0,I,MELB_URBAN,ROAD,9,18.0
23356,7,3,99,1,1,60.0,0,I,MELB_URBAN,STREET,6,10.0
23357,1,3,116,2,1,60.0,0,I,MELB_URBAN,ROAD,9,8.0
23358,2,3,102,1,1,60.0,0,I,MELB_URBAN,ROAD,9,7.0
23359,1,3,99,2,1,60.0,0,I,MELB_URBAN,STREET,9,8.0
23360,2,2,102,1,3,70.0,0,I,MELB_URBAN,ROAD,9,18.0
23361,4,2,171,1,1,60.0,0,I,MELB_URBAN,STREET,8,7.0
23362,6,1,174,5,1,60.0,0,N,RURAL_VICTORIA,ROAD,9,14.0
23363,1,3,160,5,1,60.0,0,N,RURAL_VICTORIA,AVENUE,9,8.0
23364,1,7,113,2,1,70.0,0,I,RURAL_VICTORIA,AVENUE,9,10.0
23365,1,3,110,1,1,50.0,0,I,TOWNS,STREET,9,11.0
23366,1,3,113,2,1,100.0,0,I,RURAL_VICTORIA,ROAD,9,12.0
23367,1,2,130,1,1,70.0,0,I,MELB_URBAN,ROAD,9,16.0
23368,1,3,121,1,1,60.0,0,I,MELB_URBAN,STREET,9,14.0
23369,1,6,130,5,2,100.0,0,N,MELB_URBAN,FREEWAY,9,18.0
23370,1,3,111,1,1,80.0,0,I,MELB_URBAN,ROAD,9,10.0
23371,1,3,135,2,1,80.0,0,I,MELB_URBAN,ROAD,9,8.0
23372,2,3,100,2,1,40.0,0,I,MELB_URBAN,ROAD,9,14.0
23373,1,3,147,5,1,60.0,0,N,SMALL_CITIES,ROAD,9,15.0
23374,6,3,99,5,1,100.0,0,N,RURAL_VICTORIA,ROAD,9,16.0
23375,1,5,163,5,1,60.0,0,N,MELB_URBAN,STREET,9,8.0
23376,1,3,120,1,3,80.0,0,N,MELB_URBAN,ROAD,9,18.0
23377,2,3,100,2,3,60.0,0,I,MELB_URBAN,ROAD,9,18.0
23378,1,2,133,5,1,50.0,0,N,MELB_URBAN,STREET,9,16.0
23379,2,3,99,5,1,60.0,0,N,MELB_URBAN,STREET,9,17.0
23380,2,3,102,5,1,50.0,1,N,MELB_URBAN,DRIVE,9,16.0
23381,1,3,130,5,3,50.0,0,N,MELB_URBAN,ROAD,9,20.0
23382,1,4,99,2,1,60.0,0,I,MELB_URBAN,ROAD,3,9.0
23383,4,3,171,2,3,60.0,0,I,MELB_URBAN,HIGHWAY,9,21.0
23384,1,3,135,1,3,60.0,0,I,MELB_URBAN,STREET,9,23.0
23385,2,7,99,2,1,50.0,0,I,MELB_URBAN,STREET,9,9.0
23386,4,4,171,5,3,60.0,0,N,MELB_URBAN,ROAD,9,1.0
23387,1,3,130,1,1,80.0,0,I,MELB_URBAN,HIGHWAY,9,5.0
23388,6,5,174,4,1,60.0,0,I,MELB_URBAN,RAMP,8,12.0
23389,1,4,111,2,1,60.0,0,I,MELB_URBAN,ROAD,9,9.0
23390,1,4,110,1,1,60.0,0,I,SMALL_CITIES,STREET,9,9.0
23391,2,4,99,5,1,50.0,0,N,MELB_URBAN,AVENUE,9,9.0
23392,1,4,113,2,1,60.0,0,I,MELB_URBAN,ROAD,9,10.0
23393,1,4,113,2,1,80.0,0,I,MELB_URBAN,HIGHWAY,9,9.0
23394,4,4,99,5,1,50.0,0,N,MELB_URBAN,STREET,9,7.0
23395,1,1,130,2,1,70.0,0,I,MELB_URBAN,ROAD,8,11.0
23396,1,4,120,5,1,100.0,0,N,RURAL_VICTORIA,ROAD,9,9.0
23397,1,2,99,2,3,60.0,0,I,MELB_URBAN,PARADE,9,21.0
23398,1,2,121,2,1,40.0,0,I,MELB_URBAN,STREET,2,8.0
23399,1,4,99,2,1,50.0,0,I,MELB_URBAN,STREET,9,12.0
23400,2,3,102,5,3,70.0,0,N,MELB_URBAN,ROAD,9,22.0
23401,1,2,140,2,1,70.0,0,I,MELB_URBAN,ROAD,9,11.0
23402,1,4,130,2,1,50.0,0,I,MELB_URBAN,STREET,9,8.0
23403,4,4,171,2,1,90.0,0,I,RURAL_VICTORIA,ROAD,9,10.0
23404,4,4,173,5,1,110.0,0,N,RURAL_VICTORIA,FREEWAY,9,13.0
23405,8,4,174,2,1,60.0,0,N,RURAL_VICTORIA,ROAD,9,12.0
23406,1,4,110,1,1,60.0,0,I,LARGE_PROVINCIAL_CITIES,STREET,9,14.0
23407,1,2,116,2,1,30.0,0,I,MELB_URBAN,STREET,9,8.0
23408,1,4,130,2,1,60.0,0,N,MELB_URBAN,AVENUE,9,16.0
23409,1,1,130,2,1,70.0,0,I,MELB_URBAN,STREET,7,11.0
23410,4,1,181,2,5,100.0,0,I,RURAL_VICTORIA,ROAD,7,21.0
23411,1,4,132,2,1,100.0,0,I,RURAL_VICTORIA,ROAD,9,15.0
23412,1,7,130,1,1,70.0,0,I,MELB_URBAN,ROAD,9,14.0
23413,1,5,130,5,1,100.0,0,N,MELB_URBAN,FREEWAY,8,14.0
23414,3,4,167,5,5,100.0,0,N,RURAL_VICTORIA,HIGHWAY,9,18.0
23415,1,4,130,5,1,60.0,0,N,SMALL_CITIES,ROAD,9,16.0
23416,1,4,130,5,1,60.0,0,N,MELB_URBAN,ROAD,9,16.0
23417,1,4,130,5,1,80.0,0,N,MELB_URBAN,HIGHWAY,9,16.0
23418,4,4,181,5,3,50.0,0,N,MELB_URBAN,OTHER,9,18.0
23419,1,4,140,2,1,80.0,0,I,MELB_URBAN,HIGHWAY,9,14.0
23420,1,4,134,2,3,40.0,0,I,MELBOURNE_CBD,STREET,9,21.0
23421,2,4,100,5,3,60.0,0,N,MELB_URBAN,ROAD,9,20.0
23422,1,4,99,5,3,100.0,0,N,MELB_URBAN,FREEWAY,9,19.0
23423,1,4,121,5,3,60.0,0,N,LARGE_PROVINCIAL_CITIES,STREET,9,19.0
23424,1,4,140,5,3,40.0,0,N,MELB_URBAN,STREET,9,20.0
23425,2,4,100,1,1,60.0,0,I,MELB_URBAN,STREET,9,15.0
23426,2,4,99,5,3,50.0,0,N,TOWNS,STREET,9,23.0
23427,1,5,163,5,9,40.0,0,N,MELB_URBAN,STREET,9,4.0
23428,2,5,99,5,3,60.0,0,N,MELB_URBAN,ROAD,9,3.0
23429,6,5,174,5,3,110.0,0,N,RURAL_VICTORIA,FREEWAY,9,3.0
23430,7,7,99,5,5,60.0,0,N,RURAL_VICTORIA,HIGHWAY,8,23.0
23431,4,4,171,5,1,110.0,0,N,TOWNS,OTHER,9,15.0
23432,1,5,133,5,1,100.0,0,N,MELB_URBAN,ROAD,9,6.0
23433,1,5,99,5,1,60.0,0,N,LARGE_PROVINCIAL_CITIES,STREET,9,8.0
23434,1,4,130,1,1,60.0,0,I,MELB_URBAN,ROAD,7,9.0
23435,1,5,121,5,1,60.0,0,N,LARGE_PROVINCIAL_CITIES,STREET,9,8.0
23436,1,5,130,1,1,75.0,0,I,LARGE_PROVINCIAL_CITIES,ROAD,9,10.0
23437,4,6,181,5,1,60.0,0,N,MELB_URBAN,RAMP,8,17.0
23438,1,5,120,2,1,100.0,0,I,RURAL_VICTORIA,ROAD,9,9.0
23439,1,2,99,1,3,70.0,0,I,MELB_URBAN,ROAD,9,21.0
23440,1,5,130,1,1,70.0,0,I,MELB_URBAN,STREET,9,11.0
23441,1,5,130,5,1,60.0,0,N,LARGE_PROVINCIAL_CITIES,STREET,9,11.0
23442,1,5,110,1,1,80.0,0,I,MELB_URBAN,OTHER,9,9.0
23443,1,2,130,5,1,80.0,0,N,MELB_URBAN,ROAD,9,16.0
23444,4,5,183,5,1,100.0,0,N,RURAL_VICTORIA,ROAD,9,10.0
23445,1,5,130,2,1,60.0,0,I,MELB_URBAN,ROAD,9,14.0
23446,4,5,181,5,1,100.0,0,N,RURAL_VICTORIA,ROAD,9,11.0
23447,1,5,121,2,1,60.0,0,I,LARGE_PROVINCIAL_CITIES,ROAD,9,9.0
23448,1,5,99,2,1,50.0,0,I,MELB_URBAN,AVENUE,9,14.0
23449,2,2,102,2,6,40.0,0,I,MELB_URBAN,ROAD,9,21.0
23450,1,5,121,2,1,60.0,0,I,MELB_URBAN,ROAD,9,13.0
23451,1,5,121,1,1,70.0,0,I,MELB_URBAN,ROAD,9,8.0
23452,1,5,110,1,1,50.0,0,I,MELB_URBAN,STREET,9,14.0
23453,4,5,173,5,1,100.0,0,N,RURAL_VICTORIA,ROAD,9,13.0
23454,4,5,173,5,1,100.0,0,N,RURAL_VICTORIA,ROAD,9,12.0
23455,1,5,130,1,1,60.0,0,I,SMALL_TOWNS,HIGHWAY,5,15.0
23456,1,7,99,2,2,50.0,0,I,SMALL_TOWNS,AVENUE,9,18.0
23457,1,5,130,5,1,70.0,0,N,MELB_URBAN,ROAD,8,11.0
23458,8,5,174,5,1,50.0,0,N,MELB_URBAN,ROAD,9,6.0
23459,1,3,135,5,3,60.0,0,N,MELB_URBAN,STREET,9,21.0
23460,8,5,174,1,2,40.0,0,I,MELBOURNE_CBD,OTHER,9,17.0