,accident_type,day_of_week,dca_code,road_geometry,light_condition,speed_zone,severity,node_type,deg_urban_name,road_type,month,hour
23461,2,4,100,1,1,30.0,0,I,MELB_URBAN,OTHER,9,17.0
23462,1,5,147,5,1,60.0,0,N,SMALL_CITIES,STREET,9,16.0
23463,1,5,160,5,3,70.0,0,N,LARGE_PROVINCIAL_CITIES,STREET,9,19.0
23464,1,5,113,2,3,70.0,0,N,MELB_URBAN,PARADE,9,19.0
23465,6,1,184,2,1,60.0,0,I,RURAL_VICTORIA,ROAD,5,14.0
23466,1,5,130,4,1,60.0,0,N,MELB_URBAN,STREET,9,12.0
23467,4,5,181,5,2,100.0,0,N,MELB_URBAN,FREEWAY,9,5.0
23468,1,6,120,5,1,60.0,0,I,MELB_URBAN,STREET,9,7.0
23469,1,6,121,1,1,80.0,0,I,MELB_URBAN,HIGHWAY,9,9.0
23470,1,6,110,1,1,50.0,0,I,MELB_URBAN,AVENUE,9,9.0
23471,1,6,171,1,1,60.0,0,I,LARGE_PROVINCIAL_CITIES,STREET,9,9.0
23472,1,4,110,1,1,60.0,0,I,MELB_URBAN,ROAD,9,8.0
23473,1,6,113,1,1,50.0,0,I,LARGE_PROVINCIAL_CITIES,STREET,9,9.0
23474,1,6,163,5,1,50.0,0,N,TOWNS,STREET,9,11.0
23475,1,2,130,5,1,80.0,0,N,RURAL_VICTORIA,ROAD,10,8.0
23476,1,6,110,1,1,50.0,0,I,SMALL_CITIES,STREET,9,11.0
23477,1,5,99,5,1,60.0,0,N,MELB_URBAN,ROAD,9,9.0
23478,1,6,130,5,1,60.0,0,N,MELB_URBAN,FREEWAY,9,13.0
23479,2,5,100,1,1,50.0,0,I,SMALL_CITIES,STREET,9,12.0
23480,1,6,121,3,1,60.0,0,N,TOWNS,ROAD,9,15.0
23481,1,6,99,5,1,50.0,0,N,SMALL_CITIES,ROAD,9,13.0
23482,1,6,130,5,1,70.0,0,N,MELB_URBAN,ROAD,9,15.0
23483,1,4,121,2,1,60.0,0,I,MELB_URBAN,ROAD,4,13.0
23484,4,6,173,5,1,50.0,0,N,RURAL_VICTORIA,AVENUE,9,13.0
23485,1,6,163,5,1,40.0,0,N,MELB_URBAN,ROAD,9,9.0
23486,4,4,181,5,1,80.0,0,N,MELB_URBAN,RAMP,9,17.0
23487,1,3,130,5,2,100.0,0,N,RURAL_VICTORIA,ROAD,9,17.0
23488,1,6,110,1,1,60.0,0,I,MELB_URBAN,ROAD,9,14.0
23489,1,6,110,1,1,50.0,0,I,MELB_URBAN,STREET,9,8.0
23490,1,6,160,5,1,60.0,0,N,MELB_URBAN,ROAD,9,6.0
23491,1,2,121,1,1,60.0,0,I,LARGE_PROVINCIAL_CITIES,STREET,7,15.0
23492,1,6,120,1,5,100.0,0,I,RURAL_VICTORIA,ROAD,9,5.0
23493,1,6,140,5,1,60.0,0,N,TOWNS,STREET,9,16.0
23494,1,2,130,5,2,100.0,0,N,MELB_URBAN,FREEWAY,9,6.0
23495,1,3,130,1,1,80.0,0,I,MELB_URBAN,ROAD,9,15.0
23496,1,6,130,5,2,80.0,0,N,MELB_URBAN,ROAD,9,17.0
23497,1,6,99,2,1,60.0,0,I,MELB_URBAN,ROAD,9,16.0
23498,2,6,100,1,3,70.0,0,N,MELB_URBAN,ROAD,9,17.0
23499,1,6,110,1,1,50.0,0,I,LARGE_PROVINCIAL_CITIES,STREET,9,18.0
23500,1,6,130,5,3,80.0,0,N,MELB_URBAN,ROAD,9,19.0
23501,1,2,147,2,2,80.0,0,I,MELB_URBAN,HIGHWAY,9,17.0
23502,1,4,130,2,2,60.0,0,I,MELB_URBAN,OTHER,5,16.0
23503,1,6,120,5,3,70.0,0,N,MELB_URBAN,ROAD,9,18.0
23504,1,6,121,3,3,70.0,0,N,MELB_URBAN,ROAD,9,20.0
23505,1,6,110,1,5,100.0,0,I,RURAL_VICTORIA,ROAD,9,19.0
23506,1,6,130,1,1,80.0,0,I,MELB_URBAN,ROAD,9,8.0
23507,1,6,113,2,3,80.0,0,I,MELB_URBAN,ROAD,9,22.0
23508,1,7,121,1,3,80.0,0,I,MELB_URBAN,HIGHWAY,9,1.0
23509,1,1,99,1,2,60.0,0,I,MELB_URBAN,ROAD,9,18.0
23510,2,4,102,1,3,60.0,0,I,MELB_URBAN,STREET,9,17.0
23511,4,6,171,5,1,100.0,0,N,RURAL_VICTORIA,ROAD,9,11.0
23512,4,7,171,5,3,50.0,0,N,MELB_URBAN,DRIVE,9,4.0
23513,2,3,100,5,1,60.0,0,N,MELB_URBAN,PARADE,8,15.0
23514,1,4,135,1,1,60.0,0,I,MELB_URBAN,STREET,9,8.0
23515,6,6,170,1,1,100.0,0,I,RURAL_VICTORIA,HIGHWAY,9,12.0
23516,1,7,121,2,1,70.0,0,I,MELB_URBAN,ROAD,9,9.0
23517,1,7,121,2,1,50.0,0,I,MELB_URBAN,OTHER,9,10.0
23518,1,6,130,5,1,80.0,0,N,MELB_URBAN,ROAD,9,8.0
23519,1,7,110,1,1,60.0,0,I,MELB_URBAN,ROAD,9,10.0
23520,1,7,116,2,1,50.0,0,I,MELB_URBAN,HIGHWAY,9,11.0
23521,4,7,181,5,3,60.0,1,N,TOWNS,STREET,9,5.0
23522,2,7,100,5,1,80.0,0,N,MELB_URBAN,ROAD,9,11.0
23523,1,6,121,1,1,70.0,0,I,SMALL_CITIES,ROAD,9,12.0
23524,1,6,130,5,1,100.0,0,N,MELB_URBAN,FREEWAY,9,16.0
23525,1,7,133,5,1,50.0,0,N,MELB_URBAN,AVENUE,9,13.0
23526,1,7,130,2,1,50.0,0,N,MELB_URBAN,OTHER,9,15.0
23527,1,7,120,5,1,50.0,0,N,MELB_URBAN,STREET,9,15.0
23528,4,1,183,2,1,100.0,0,N,RURAL_VICTORIA,ROAD,8,16.0
23529,8,6,170,2,3,50.0,0,I,SMALL_TOWNS,STREET,9,22.0
23530,1,7,121,2,1,70.0,0,I,MELB_URBAN,STREET,9,14.0
23531,4,7,173,2,1,70.0,0,I,MELB_URBAN,ROAD,9,15.0
23532,6,7,174,1,1,80.0,0,N,RURAL_VICTORIA,ROAD,9,11.0
23533,4,2,183,5,1,80.0,0,N,SMALL_CITIES,HIGHWAY,4,8.0
23534,1,7,121,1,3,50.0,0,I,MELB_URBAN,STREET,9,19.0
23535,1,7,121,2,5,70.0,0,I,SMALL_CITIES,ROAD,9,18.0
23536,1,6,130,5,5,100.0,0,N,RURAL_VICTORIA,ROAD,9,19.0
23537,1,6,130,1,3,70.0,0,I,LARGE_PROVINCIAL_CITIES,HIGHWAY,9,20.0
23538,1,7,121,1,3,60.0,0,I,MELB_URBAN,PARADE,9,19.0
23539,2,7,99,2,5,60.0,0,I,TOWNS,STREET,9,22.0
23540,1,7,121,1,3,70.0,0,I,MELB_URBAN,ROAD,9,23.0
23541,2,7,102,5,3,60.0,0,N,MELB_URBAN,ROAD,9,20.0
23542,2,1,102,1,3,60.0,0,I,SMALL_CITIES,STREET,9,2.0
23543,4,1,181,5,6,80.0,0,N,RURAL_VICTORIA,ROAD,9,3.0
23544,1,1,133,5,3,100.0,0,N,MELB_URBAN,ROAD,9,0.0
23545,2,1,99,2,5,70.0,0,I,MELB_URBAN,ROAD,9,3.0
23546,1,7,110,1,1,60.0,0,I,RURAL_VICTORIA,ROAD,9,13.0
23547,1,1,160,5,2,60.0,0,N,MELB_URBAN,HIGHWAY,9,6.0
23548,1,4,130,5,1,60.0,0,N,MELB_URBAN,BOULEVARD,9,11.0
23549,1,1,160,1,1,40.0,0,I,MELB_URBAN,PARADE,9,8.0
23550,1,6,121,2,3,60.0,0,I,MELB_URBAN,STREET,9,18.0
23551,1,1,111,2,1,80.0,0,I,RURAL_VICTORIA,ROAD,9,10.0
23552,2,5,99,5,3,50.0,0,N,MELB_URBAN,STREET,9,23.0
23553,1,1,120,5,1,60.0,0,N,RURAL_VICTORIA,ROAD,9,10.0
23554,2,7,99,5,1,50.0,0,N,MELB_URBAN,ROAD,9,16.0
23555,1,1,132,2,1,60.0,0,I,LARGE_PROVINCIAL_CITIES,STREET,9,11.0
23556,4,1,173,5,1,60.0,0,N,MELB_URBAN,AVENUE,9,7.0
23557,1,1,132,2,1,60.0,0,I,MELB_URBAN,ROAD,9,13.0
23558,1,4,130,5,1,60.0,0,N,MELB_URBAN,OTHER,9,17.0
23559,6,7,170,5,1,60.0,0,N,RURAL_VICTORIA,ROAD,9,15.0
23560,2,1,100,1,1,50.0,0,I,TOWNS,STREET,9,15.0
23561,2,1,99,1,1,80.0,0,I,LARGE_PROVINCIAL_CITIES,HIGHWAY,9,11.0
23562,4,6,171,5,1,60.0,0,N,MELB_URBAN,STREET,9,11.0
23563,1,1,120,5,1,90.0,1,N,RURAL_VICTORIA,HIGHWAY,9,9.0
23564,1,6,113,1,1,60.0,0,I,MELB_URBAN,HIGHWAY,9,13.0
23565,1,1,134,5,1,60.0,0,N,MELB_URBAN,ROAD,9,16.0
23566,1,1,130,5,1,40.0,0,N,MELB_URBAN,ROAD,9,16.0
23567,1,2,130,1,1,70.0,0,I,MELB_URBAN,ROAD,9,17.0
23568,1,4,121,1,3,60.0,0,I,SMALL_CITIES,STREET,9,18.0
23569,1,1,133,5,1,60.0,0,N,MELB_URBAN,ROAD,9,16.0
23570,1,1,135,2,1,60.0,0,I,MELB_URBAN,OTHER,9,17.0
23571,4,2,173,1,3,60.0,0,I,LARGE_PROVINCIAL_CITIES,STREET,9,0.0
23572,1,3,130,5,1,100.0,0,N,MELB_URBAN,FREEWAY,9,15.0
23573,1,2,130,5,1,100.0,0,N,MELB_URBAN,FREEWAY,9,7.0
23574,1,2,99,1,1,60.0,0,I,MELB_URBAN,ROAD,9,6.0
23575,1,7,110,4,1,60.0,0,N,MELB_URBAN,ROAD,9,14.0
23576,4,2,171,5,1,100.0,0,N,RURAL_VICTORIA,ROAD,9,7.0
23577,2,2,100,1,1,50.0,0,I,LARGE_PROVINCIAL_CITIES,STREET,9,7.0
23578,5,1,99,5,1,60.0,0,N,RURAL_VICTORIA,ROAD,9,11.0
23579,1,5,111,2,1,60.0,0,I,MELB_URBAN,ROAD,8,10.0
23580,1,2,160,2,1,50.0,0,I,MELB_URBAN,STREET,9,10.0
23581,1,2,110,1,1,50.0,0,I,SMALL_CITIES,STREET,9,8.0
23582,2,2,102,1,1,50.0,0,I,SMALL_CITIES,STREET,9,10.0
23583,1,2,130,2,1,60.0,0,I,MELB_URBAN,PARADE,7,8.0
23584,1,2,121,1,1,60.0,0,I,MELB_URBAN,ROAD,9,11.0
23585,1,7,113,2,2,60.0,0,I,MELB_URBAN,ROAD,9,7.0
23586,4,2,173,5,1,110.0,1,N,RURAL_VICTORIA,FREEWAY,9,6.0
23587,2,2,99,5,1,60.0,0,N,MELB_URBAN,STREET,9,9.0
23588,1,2,160,5,1,60.0,0,N,MELB_URBAN,ROAD,9,11.0
23589,2,2,99,2,1,50.0,0,I,MELB_URBAN,STREET,9,12.0
23590,1,1,130,5,9,80.0,0,N,MELB_URBAN,ROAD,9,17.0
23591,1,1,121,1,1,60.0,0,I,MELB_URBAN,HIGHWAY,9,12.0
23592,1,2,130,5,1,60.0,0,N,MELB_URBAN,ROAD,9,10.0
23593,2,4,99,4,1,40.0,0,I,MELB_URBAN,ROAD,9,13.0
23594,1,2,130,5,1,70.0,0,N,MELB_URBAN,ROAD,9,13.0
23595,1,2,135,1,1,60.0,0,I,MELB_URBAN,ROAD,9,12.0
23596,1,1,121,2,1,60.0,0,I,MELB_URBAN,ROAD,9,16.0
23597,1,2,130,2,1,60.0,0,I,MELB_URBAN,HIGHWAY,9,9.0
23598,2,2,99,5,1,40.0,0,N,MELBOURNE_CBD,STREET,9,15.0
23599,1,2,113,2,1,50.0,0,I,MELB_URBAN,ROAD,9,15.0
23600,4,1,99,5,1,40.0,0,N,MELBOURNE_CBD,STREET,9,16.0
23601,1,7,130,1,1,60.0,0,I,MELB_URBAN,STREET,8,17.0
23602,1,7,110,1,1,70.0,0,I,LARGE_PROVINCIAL_CITIES,HIGHWAY,9,14.0
23603,1,2,120,5,1,60.0,0,N,MELB_URBAN,ROAD,9,12.0
23604,1,2,130,2,1,60.0,0,I,MELB_URBAN,HIGHWAY,9,17.0
23605,1,1,130,1,1,80.0,0,I,LARGE_PROVINCIAL_CITIES,STREET,9,15.0
23606,1,6,130,5,3,80.0,0,N,MELB_URBAN,ROAD,9,20.0
23607,1,2,140,2,3,50.0,0,I,MELB_URBAN,OTHER,9,18.0
23608,2,2,99,2,3,50.0,0,I,MELB_URBAN,ROAD,9,20.0
23609,4,3,171,5,3,50.0,0,N,TOWNS,STREET,9,4.0
23610,1,3,110,1,3,60.0,0,I,MELB_URBAN,ROAD,4,19.0
23611,1,2,140,2,3,60.0,0,I,MELB_URBAN,ROAD,9,21.0
23612,1,2,160,2,3,60.0,0,I,MELB_URBAN,HIGHWAY,9,23.0
23613,1,3,110,1,1,40.0,0,I,MELBOURNE_CBD,STREET,9,7.0
23614,1,2,130,1,1,60.0,0,I,MELB_URBAN,OTHER,9,14.0
23615,1,3,121,1,1,60.0,0,I,SMALL_CITIES,OTHER,9,8.0
23616,1,3,121,2,1,60.0,0,I,MELB_URBAN,ROAD,9,9.0
23617,6,3,174,5,3,60.0,0,N,MELB_URBAN,OTHER,9,21.0
23618,1,3,110,1,1,50.0,0,I,MELB_URBAN,STREET,9,9.0
23619,1,3,130,1,1,80.0,0,N,MELB_URBAN,ROAD,9,7.0
23620,8,3,174,1,1,60.0,0,I,MELB_URBAN,STREET,9,9.0
23621,1,5,134,2,1,80.0,0,I,MELB_URBAN,ROAD,9,15.0
23622,1,5,110,1,6,60.0,0,I,MELB_URBAN,STREET,9,20.0
23623,4,2,181,5,3,80.0,0,N,RURAL_VICTORIA,ROAD,9,19.0
23624,1,2,130,1,3,70.0,0,I,MELB_URBAN,STREET,9,19.0
23625,1,1,116,2,1,100.0,0,I,RURAL_VICTORIA,HIGHWAY,9,14.0
23626,1,3,99,2,1,60.0,0,I,MELB_URBAN,ROAD,9,11.0
23627,1,2,132,1,1,60.0,0,I,MELB_URBAN,ROAD,9,13.0
23628,1,6,121,2,1,50.0,0,I,MELB_URBAN,STREET,4,8.0
23629,1,3,135,2,1,60.0,1,I,MELB_URBAN,ROAD,9,8.0
23630,1,3,130,1,1,60.0,0,I,MELB_URBAN,ROAD,9,10.0
23631,2,3,100,5,1,50.0,0,N,MELB_URBAN,STREET,9,10.0
23632,1,3,135,5,1,80.0,0,N,MELB_URBAN,FREEWAY,9,14.0
23633,1,2,121,1,2,80.0,0,I,MELB_URBAN,ROAD,9,6.0
23634,4,3,171,5,1,100.0,1,N,RURAL_VICTORIA,HIGHWAY,9,11.0
23635,1,4,130,5,1,50.0,0,N,MELB_URBAN,ROAD,8,16.0
23636,1,3,99,2,1,50.0,0,I,LARGE_PROVINCIAL_CITIES,STREET,9,16.0
23637,1,3,130,5,1,60.0,0,N,MELB_URBAN,STREET,9,15.0
23638,1,3,110,1,1,60.0,0,I,TOWNS,STREET,9,14.0
23639,8,3,174,5,1,70.0,0,N,RURAL_VICTORIA,ROAD,3,16.0
23640,4,3,173,5,1,100.0,0,N,RURAL_VICTORIA,FREEWAY,9,15.0
23641,1,3,121,1,1,40.0,0,I,MELB_URBAN,ROAD,9,15.0
23642,4,3,173,4,2,100.0,0,I,RURAL_VICTORIA,ROAD,9,17.0
23643,2,3,99,2,1,60.0,0,I,MELB_URBAN,STREET,9,18.0
23644,4,1,171,2,1,60.0,0,I,MELB_URBAN,ROAD,4,12.0
23645,4,3,99,5,2,50.0,0,N,LARGE_PROVINCIAL_CITIES,ROAD,9,17.0
23646,1,3,130,5,1,60.0,0,N,MELB_URBAN,ROAD,9,13.0
23647,1,3,133,2,3,60.0,0,I,MELB_URBAN,ROAD,9,19.0
23648,1,3,113,1,3,60.0,0,I,MELB_URBAN,ROAD,9,18.0
23649,1,3,160,5,3,60.0,0,I,LARGE_PROVINCIAL_CITIES,ROAD,9,20.0
23650,1,3,120,2,3,60.0,0,I,MELB_URBAN,PARADE,9,19.0
23651,4,3,181,5,6,50.0,0,N,MELB_URBAN,DRIVE,9,20.0
23652,1,3,121,1,1,50.0,0,I,MELB_URBAN,STREET,9,16.0
23653,4,3,173,5,5,100.0,1,N,RURAL_VICTORIA,HIGHWAY,9,23.0
23654,1,3,160,1,3,60.0,0,I,MELB_URBAN,ROAD,9,21.0
23655,1,3,130,5,2,100.0,0,N,MELB_URBAN,FREEWAY,9,7.0
23656,1,4,121,2,1,60.0,0,I,MELB_URBAN,ROAD,9,8.0
23657,4,4,99,5,1,80.0,0,N,MELB_URBAN,ROAD,9,7.0
23658,2,6,99,5,1,50.0,0,N,MELB_URBAN,AVENUE,9,7.0
23659,2,4,99,2,1,60.0,0,I,MELB_URBAN,ROAD,9,9.0
23660,1,4,130,5,1,60.0,0,N,MELB_URBAN,ROAD,9,11.0
23661,4,3,99,4,6,80.0,0,I,MELB_URBAN,ROAD,9,20.0
23662,6,6,174,5,1,80.0,0,N,MELB_URBAN,RAMP,9,14.0
23663,1,6,163,1,1,50.0,0,I,SMALL_CITIES,STREET,9,13.0
23664,1,4,113,2,1,70.0,0,I,LARGE_PROVINCIAL_CITIES,OTHER,9,10.0
23665,1,4,99,2,1,80.0,0,I,MELB_URBAN,ROAD,9,10.0
23666,1,4,99,2,1,60.0,0,I,LARGE_PROVINCIAL_CITIES,AVENUE,9,11.0
23667,8,4,184,3,1,100.0,0,I,RURAL_VICTORIA,STREET,9,10.0
23668,4,4,99,2,1,100.0,0,I,RURAL_VICTORIA,ROAD,9,11.0
23669,6,4,174,1,1,50.0,0,I,MELB_URBAN,STREET,9,11.0
23670,8,4,174,5,1,100.0,0,N,RURAL_VICTORIA,ROAD,9,11.0
23671,1,4,130,5,9,60.0,0,N,MELB_URBAN,BOULEVARD,9,22.0
23672,1,4,147,5,1,60.0,0,N,MELB_URBAN,ROAD,9,14.0
23673,1,4,99,5,1,50.0,0,N,MELB_URBAN,STREET,9,14.0
23674,1,4,99,2,1,60.0,0,I,MELB_URBAN,ROAD,9,14.0
23675,2,4,100,1,1,60.0,0,I,MELB_URBAN,STREET,9,13.0
23676,1,4,110,1,1,60.0,0,I,LARGE_PROVINCIAL_CITIES,STREET,9,16.0
23677,6,4,99,2,1,100.0,0,I,RURAL_VICTORIA,ROAD,9,16.0
23678,1,2,116,2,1,60.0,0,I,MELB_URBAN,STREET,9,8.0
23679,1,4,113,1,1,50.0,0,I,SMALL_CITIES,STREET,9,17.0
23680,1,4,132,5,1,60.0,0,N,MELB_URBAN,ROAD,9,17.0
23681,1,4,110,4,1,60.0,0,I,LARGE_PROVINCIAL_CITIES,OTHER,9,17.0
23682,1,4,110,1,3,60.0,0,I,MELB_URBAN,STREET,9,18.0
23683,1,4,147,5,1,60.0,0,N,MELB_URBAN,DRIVE,9,16.0
23684,4,1,173,5,5,100.0,0,N,RURAL_VICTORIA,HIGHWAY,9,1.0
23685,1,4,110,1,5,80.0,0,I,RURAL_VICTORIA,ROAD,9,19.0
23686,4,4,173,5,2,80.0,0,N,MELB_URBAN,UNKNOWN,9,18.0
23687,4,4,171,5,2,50.0,0,N,MELB_URBAN,ROAD,9,5.0
23688,1,4,110,1,3,70.0,0,I,MELB_URBAN,STREET,9,22.0
23689,1,4,130,5,1,70.0,0,N,MELB_URBAN,OTHER,8,9.0
23690,4,5,181,9,1,60.0,0,N,RURAL_VICTORIA,ROAD,4,14.0
23691,6,1,184,5,1,100.0,0,N,RURAL_VICTORIA,OTHER,6,13.0
23692,6,4,174,5,1,100.0,0,N,RURAL_VICTORIA,HIGHWAY,9,18.0
23693,1,4,130,5,1,60.0,0,N,MELB_URBAN,UNKNOWN,9,13.0
23694,4,4,171,5,1,50.0,0,N,MELB_URBAN,ROAD,9,9.0
23695,1,5,140,5,1,80.0,0,N,MELB_URBAN,HIGHWAY,9,9.0
23696,1,5,130,1,1,60.0,0,I,MELB_URBAN,STREET,9,14.0
23697,1,5,130,5,1,80.0,0,N,MELB_URBAN,ROAD,9,8.0
23698,1,3,132,5,1,60.0,0,N,TOWNS,STREET,9,14.0
23699,8,7,99,5,1,100.0,0,N,RURAL_VICTORIA,ROAD,9,15.0
23700,1,5,120,5,1,100.0,1,N,RURAL_VICTORIA,ROAD,9,6.0
23701,1,5,110,1,1,60.0,0,I,MELB_URBAN,ROAD,9,11.0
23702,1,5,116,1,1,60.0,0,I,LARGE_PROVINCIAL_CITIES,STREET,9,12.0
23703,8,3,174,5,1,100.0,0,N,MELB_URBAN,FREEWAY,9,7.0
23704,5,5,99,5,1,80.0,0,N,RURAL_VICTORIA,ROAD,9,11.0
23705,1,5,110,1,1,50.0,0,I,LARGE_PROVINCIAL_CITIES,STREET,9,9.0
23706,1,5,110,1,1,50.0,0,I,MELB_URBAN,AVENUE,9,13.0
23707,1,5,130,5,1,60.0,0,N,MELB_URBAN,OTHER,9,9.0
23708,1,5,140,5,1,40.0,0,N,LARGE_PROVINCIAL_CITIES,STREET,9,13.0
23709,2,5,99,5,1,50.0,0,N,MELB_URBAN,UNKNOWN,9,14.0
23710,4,5,173,2,1,70.0,0,I,MELB_URBAN,ROAD,9,14.0
23711,1,2,140,5,1,60.0,0,N,MELB_URBAN,STREET,9,16.0
23712,5,7,181,5,1,100.0,0,N,RURAL_VICTORIA,ROAD,9,14.0
23713,1,5,120,5,1,100.0,0,N,RURAL_VICTORIA,ROAD,9,9.0
23714,1,5,110,1,1,50.0,0,I,TOWNS,STREET,9,15.0
23715,1,7,140,5,1,60.0,0,N,MELB_URBAN,STREET,4,13.0
23716,1,1,99,5,1,60.0,0,N,MELB_URBAN,STREET,6,13.0
23717,1,7,140,1,3,60.0,0,I,MELB_URBAN,STREET,9,20.0
23718,6,1,174,1,1,80.0,0,I,MELB_URBAN,ROAD,9,14.0
23719,4,7,171,5,1,60.0,0,N,RURAL_VICTORIA,OTHER,9,10.0
23720,4,7,171,5,1,60.0,0,N,RURAL_VICTORIA,OTHER,5,15.0
23721,1,5,132,2,1,60.0,0,I,LARGE_PROVINCIAL_CITIES,STREET,9,18.0
23722,1,3,113,2,3,70.0,0,I,LARGE_PROVINCIAL_CITIES,ROAD,9,19.0
23723,5,5,99,5,1,100.0,0,N,RURAL_VICTORIA,ROAD,9,13.0
23724,1,5,160,5,3,60.0,0,N,MELB_URBAN,PARADE,9,19.0
23725,8,5,99,5,2,100.0,0,N,RURAL_VICTORIA,ROAD,9,19.0
23726,6,5,99,2,1,100.0,0,I,RURAL_VICTORIA,ROAD,9,10.0
23727,1,5,130,1,3,80.0,0,I,MELB_URBAN,ROAD,9,21.0
23728,4,6,173,5,3,80.0,0,N,MELB_URBAN,FREEWAY,9,3.0
23729,1,5,113,2,1,60.0,0,I,MELB_URBAN,ROAD,9,16.0
23730,6,4,174,5,1,100.0,0,N,RURAL_VICTORIA,ROAD,9,13.0
23731,1,6,130,5,1,100.0,0,N,MELB_URBAN,FREEWAY,9,8.0
23732,1,6,121,2,1,60.0,0,I,MELB_URBAN,OTHER,9,7.0
23733,2,3,99,1,2,70.0,0,I,MELB_URBAN,ROAD,9,18.0
23734,1,4,130,1,1,60.0,0,I,MELB_URBAN,ROAD,9,9.0
23735,1,7,130,5,1,60.0,0,N,MELB_URBAN,ROAD,9,17.0
23736,1,6,132,1,1,60.0,0,I,MELB_URBAN,STREET,9,9.0
23737,1,6,113,1,1,60.0,0,I,MELB_URBAN,STREET,9,9.0
23738,1,6,160,5,1,70.0,0,N,MELB_URBAN,ROAD,9,10.0
23739,1,2,113,2,2,50.0,0,I,MELB_URBAN,UNKNOWN,7,17.0
23740,1,6,110,1,1,60.0,0,I,MELB_URBAN,STREET,9,13.0
23741,1,4,130,2,3,70.0,0,I,MELB_URBAN,ROAD,9,18.0
23742,1,6,121,1,1,50.0,0,I,MELB_URBAN,STREET,9,15.0
23743,4,6,171,5,1,100.0,0,N,RURAL_VICTORIA,FREEWAY,9,15.0
23744,1,5,160,5,3,70.0,0,N,MELB_URBAN,ROAD,9,18.0
23745,1,6,130,1,1,60.0,0,I,SMALL_CITIES,STREET,9,17.0
23746,1,6,111,2,1,60.0,0,I,TOWNS,DRIVE,9,16.0
23747,4,6,181,5,1,100.0,0,N,RURAL_VICTORIA,HIGHWAY,9,16.0
23748,1,7,110,1,1,60.0,0,I,MELB_URBAN,ROAD,8,13.0
23749,1,2,147,2,9,50.0,0,I,MELB_URBAN,ROAD,9,17.0
23750,1,6,120,1,3,60.0,0,I,SMALL_CITIES,RAMP,9,19.0
23751,1,3,99,5,1,60.0,0,N,MELB_URBAN,ROAD,7,9.0
23752,1,6,130,5,1,70.0,0,N,MELB_URBAN,ROAD,9,17.0
23753,1,5,111,2,1,70.0,0,I,MELB_URBAN,ROAD,9,16.0
23754,1,6,113,2,3,100.0,0,I,RURAL_VICTORIA,ROAD,9,18.0
23755,1,6,120,5,2,100.0,0,N,MELB_URBAN,FREEWAY,9,18.0
23756,2,6,100,2,3,60.0,0,I,MELB_URBAN,PARADE,9,19.0
23757,1,3,130,2,1,80.0,0,I,MELB_URBAN,ROAD,9,16.0
23758,1,6,130,5,9,70.0,0,N,MELB_URBAN,HIGHWAY,9,5.0
23759,1,6,121,1,3,50.0,0,I,MELB_URBAN,STREET,9,19.0
23760,4,6,173,2,1,70.0,0,I,MELB_URBAN,AVENUE,9,15.0
23761,4,6,171,2,3,70.0,0,I,MELB_URBAN,ROAD,9,21.0
23762,1,6,130,4,1,50.0,0,I,LARGE_PROVINCIAL_CITIES,STREET,9,16.0
23763,1,6,99,2,5,50.0,0,I,MELB_URBAN,AVENUE,9,22.0
23764,4,6,171,2,3,60.0,0,I,MELB_URBAN,AVENUE,9,23.0
23765,4,5,181,2,3,50.0,0,I,MELB_URBAN,DRIVE,9,23.0
23766,4,6,173,5,3,80.0,0,N,MELB_URBAN,ROAD,9,4.0
23767,1,6,120,5,2,100.0,0,N,RURAL_VICTORIA,HIGHWAY,9,18.0
23768,2,7,99,1,3,40.0,0,I,MELBOURNE_CBD,STREET,9,2.0
23769,8,7,174,5,2,110.0,0,N,TOWNS,FREEWAY,9,5.0
23770,1,7,113,1,1,60.0,0,I,MELB_URBAN,ROAD,9,9.0
23771,4,7,99,2,1,60.0,0,I,MELB_URBAN,DRIVE,9,9.0
23772,2,7,99,5,1,50.0,0,N,MELB_URBAN,STREET,9,9.0
23773,1,7,130,2,1,70.0,0,I,MELB_URBAN,HIGHWAY,9,12.0
23774,1,7,121,1,1,80.0,0,I,MELB_URBAN,HIGHWAY,9,13.0
23775,2,7,102,1,1,60.0,0,I,MELB_URBAN,ROAD,9,9.0
23776,2,7,100,2,1,60.0,0,I,MELB_URBAN,ROAD,9,13.0
23777,2,7,100,1,1,60.0,0,I,MELB_URBAN,STREET,9,12.0
23778,1,7,121,2,1,80.0,0,N,MELB_URBAN,ROAD,9,16.0
23779,1,6,160,5,3,70.0,0,N,MELB_URBAN,ROAD,9,22.0
23780,1,7,113,2,1,60.0,0,I,MELB_URBAN,UNKNOWN,9,17.0
23781,1,7,121,1,1,60.0,0,I,MELB_URBAN,ROAD,9,14.0
23782,4,7,171,1,3,80.0,0,N,MELB_URBAN,HIGHWAY,9,1.0
23783,1,7,120,5,1,100.0,1,N,RURAL_VICTORIA,ROAD,9,15.0
23784,4,7,171,5,3,70.0,0,N,MELB_URBAN,ROAD,9,21.0
23785,4,7,171,5,1,80.0,0,N,SMALL_CITIES,ROAD,9,18.0
23786,4,7,173,1,3,60.0,0,I,LARGE_PROVINCIAL_CITIES,STREET,9,22.0
23787,1,7,140,2,5,60.0,0,I,MELB_URBAN,ROAD,9,21.0
23788,1,7,110,1,3,60.0,0,I,MELB_URBAN,ROAD,9,21.0
23789,1,7,140,2,1,70.0,1,I,TOWNS,ROAD,9,17.0
23790,1,1,99,5,3,50.0,0,N,MELB_URBAN,ROAD,9,2.0
23791,1,7,110,1,3,50.0,0,I,LARGE_PROVINCIAL_CITIES,STREET,9,23.0
23792,4,7,173,5,2,60.0,0,N,MELB_URBAN,ROAD,9,5.0