,accident_type,day_of_week,dca_code,road_geometry,light_condition,speed_zone,severity,node_type,deg_urban_name,road_type,month,hour
23793,1,1,130,1,3,50.0,0,I,LARGE_PROVINCIAL_CITIES,STREET,9,4.0
23794,4,7,171,5,1,80.0,0,N,RURAL_VICTORIA,ROAD,9,13.0
23795,1,1,134,5,1,60.0,0,N,MELB_URBAN,PARADE,9,10.0
23796,8,1,99,5,1,60.0,0,N,RURAL_VICTORIA,ROAD,9,8.0
23797,4,1,173,5,1,100.0,0,N,RURAL_VICTORIA,ROAD,9,8.0
23798,6,1,99,5,5,100.0,0,N,RURAL_VICTORIA,HIGHWAY,9,1.0
23799,6,1,99,5,1,100.0,0,N,RURAL_VICTORIA,ROAD,9,10.0
23800,2,7,100,2,1,60.0,0,I,MELB_URBAN,ROAD,9,12.0
23801,1,1,130,2,1,60.0,0,N,MELB_URBAN,ROAD,9,11.0
23802,1,1,113,3,1,60.0,0,I,MELB_URBAN,ROAD,9,7.0
23803,1,1,130,1,1,80.0,0,I,RURAL_VICTORIA,ROAD,9,12.0
23804,1,1,130,5,1,60.0,0,N,RURAL_VICTORIA,ROAD,9,13.0
23805,1,1,132,1,1,40.0,0,I,RURAL_VICTORIA,ROAD,9,12.0
23806,6,1,170,5,5,100.0,0,N,RURAL_VICTORIA,ROAD,9,2.0
23807,1,6,99,2,2,60.0,0,I,MELB_URBAN,ROAD,9,7.0
23808,1,1,130,5,1,80.0,0,N,MELB_URBAN,HIGHWAY,9,15.0
23809,1,1,130,2,1,60.0,0,I,MELB_URBAN,ROAD,9,16.0
23810,1,1,99,2,1,50.0,0,I,MELB_URBAN,ROAD,9,13.0
23811,2,1,99,2,1,50.0,0,I,MELB_URBAN,OTHER,9,13.0
23812,1,1,132,2,1,60.0,0,I,MELB_URBAN,AVENUE,9,14.0
23813,4,1,99,5,1,40.0,0,N,MELB_URBAN,OTHER,9,14.0
23814,1,1,130,5,1,60.0,0,N,MELB_URBAN,ROAD,9,16.0
23815,1,1,110,1,1,80.0,0,I,RURAL_VICTORIA,ROAD,9,16.0
23816,1,1,113,4,1,60.0,0,I,MELB_URBAN,RAMP,9,17.0
23817,1,1,113,1,1,80.0,0,I,MELB_URBAN,ROAD,9,17.0
23818,8,1,174,2,2,50.0,0,I,MELB_URBAN,ROAD,9,18.0
23819,6,1,99,5,1,100.0,0,N,RURAL_VICTORIA,ROAD,9,19.0
23820,8,7,99,5,1,80.0,0,N,RURAL_VICTORIA,ROAD,7,13.0
23821,1,1,121,2,3,60.0,0,I,TOWNS,STREET,9,19.0
23822,3,1,167,5,5,100.0,0,N,RURAL_VICTORIA,ROAD,9,18.0
23823,1,7,111,2,3,60.0,0,I,MELB_URBAN,STREET,7,19.0
23824,1,1,140,5,1,100.0,1,N,RURAL_VICTORIA,BOULEVARD,9,14.0
23825,1,1,110,1,2,50.0,0,I,MELB_URBAN,STREET,9,18.0
23826,8,1,174,1,3,50.0,0,I,LARGE_PROVINCIAL_CITIES,STREET,9,21.0
23827,2,1,102,1,3,60.0,0,N,MELB_URBAN,ROAD,9,2.0
23828,4,1,181,5,5,100.0,0,N,RURAL_VICTORIA,HIGHWAY,9,19.0
23829,6,1,170,2,5,100.0,0,I,RURAL_VICTORIA,FREEWAY,9,21.0
23830,4,1,181,5,5,80.0,0,N,MELB_URBAN,DRIVE,9,23.0
23831,9,2,99,5,3,60.0,0,N,MELB_URBAN,ROAD,9,2.0
23832,1,2,130,1,1,60.0,0,I,MELB_URBAN,HIGHWAY,9,6.0
23833,4,2,99,2,5,100.0,0,I,RURAL_VICTORIA,HIGHWAY,9,5.0
23834,1,7,130,1,2,60.0,0,I,MELB_URBAN,ROAD,8,17.0
23835,6,2,99,2,1,70.0,0,I,LARGE_PROVINCIAL_CITIES,STREET,9,9.0
23836,1,2,113,2,1,60.0,0,I,SMALL_CITIES,OTHER,9,10.0
23837,1,2,120,5,1,100.0,0,N,RURAL_VICTORIA,HIGHWAY,9,6.0
23838,1,5,140,2,1,80.0,0,I,MELB_URBAN,ROAD,6,11.0
23839,1,6,116,2,1,60.0,0,I,MELB_URBAN,ROAD,9,17.0
23840,1,2,113,2,1,60.0,0,I,MELB_URBAN,ROAD,9,7.0
23841,2,2,99,5,9,60.0,0,N,MELB_URBAN,STREET,9,12.0
23842,5,1,181,2,1,80.0,0,I,RURAL_VICTORIA,ROAD,9,11.0
23843,1,2,130,5,1,50.0,0,N,TOWNS,STREET,9,11.0
23844,1,1,99,2,1,60.0,0,I,MELB_URBAN,ROAD,9,11.0
23845,2,2,100,2,1,60.0,0,I,MELB_URBAN,HIGHWAY,9,9.0
23846,1,7,130,1,1,60.0,0,I,MELB_URBAN,ROAD,8,12.0
23847,5,4,99,5,2,60.0,0,N,RURAL_VICTORIA,OTHER,9,17.0
23848,4,2,181,2,1,60.0,0,I,RURAL_VICTORIA,ROAD,9,12.0
23849,4,6,181,5,3,100.0,0,N,RURAL_VICTORIA,ROAD,8,18.0
23850,1,5,120,2,1,100.0,0,I,RURAL_VICTORIA,ROAD,9,15.0
23851,1,3,121,1,1,80.0,0,I,MELB_URBAN,HIGHWAY,9,10.0
23852,8,2,99,2,1,100.0,0,I,RURAL_VICTORIA,ROAD,9,12.0
23853,1,2,120,5,1,80.0,0,N,RURAL_VICTORIA,ROAD,9,14.0
23854,4,2,181,5,1,100.0,0,N,RURAL_VICTORIA,UNKNOWN,9,12.0
23855,1,4,130,5,1,100.0,0,N,MELB_URBAN,ROAD,7,8.0
23856,1,2,121,1,1,70.0,0,N,MELB_URBAN,ROAD,9,16.0
23857,2,2,100,1,1,40.0,0,I,MELB_URBAN,STREET,9,12.0
23858,1,2,130,5,1,80.0,0,N,MELB_URBAN,FREEWAY,9,17.0
23859,4,6,171,5,1,100.0,0,N,SMALL_TOWNS,OTHER,9,16.0
23860,4,7,99,2,1,50.0,0,I,MELB_URBAN,ROAD,9,10.0
23861,3,1,167,5,1,80.0,0,N,RURAL_VICTORIA,HIGHWAY,9,15.0
23862,2,2,102,2,2,50.0,0,I,MELB_URBAN,OTHER,9,17.0
23863,6,2,174,2,6,60.0,0,I,MELB_URBAN,PARADE,9,1.0
23864,1,2,121,1,1,60.0,0,I,MELB_URBAN,STREET,9,16.0
23865,1,2,130,2,2,60.0,0,I,MELB_URBAN,ROAD,9,18.0
23866,8,2,174,2,1,60.0,0,I,MELB_URBAN,ROAD,9,14.0
23867,4,7,173,5,1,60.0,0,N,RURAL_VICTORIA,ROAD,9,16.0
23868,1,2,130,2,2,60.0,0,I,MELB_URBAN,STREET,9,19.0
23869,1,2,99,5,1,100.0,0,N,RURAL_VICTORIA,ROAD,9,17.0
23870,1,2,130,2,1,60.0,0,I,SMALL_CITIES,DRIVE,9,14.0
23871,1,2,120,5,2,70.0,0,N,MELB_URBAN,ROAD,9,19.0
23872,2,2,100,4,3,50.0,0,I,MELB_URBAN,AVENUE,9,19.0
23873,2,1,99,5,3,60.0,0,N,MELB_URBAN,ROAD,9,3.0
23874,1,2,110,1,3,60.0,0,I,MELB_URBAN,ROAD,9,18.0
23875,4,2,171,5,3,80.0,0,N,RURAL_VICTORIA,ROAD,9,22.0
23876,1,3,160,5,3,40.0,0,N,MELB_URBAN,ROAD,10,3.0
23877,1,5,130,2,1,70.0,0,N,LARGE_PROVINCIAL_CITIES,HIGHWAY,3,10.0
23878,4,2,173,5,5,100.0,0,N,RURAL_VICTORIA,HIGHWAY,9,20.0
23879,4,3,181,5,1,60.0,0,N,MELB_URBAN,ROAD,10,7.0
23880,8,1,174,5,1,80.0,0,N,MELB_URBAN,ROAD,9,10.0
23881,1,3,99,2,1,60.0,0,I,MELB_URBAN,ROAD,10,7.0
23882,1,6,134,5,1,80.0,0,N,MELB_URBAN,HIGHWAY,8,13.0
23883,1,7,132,2,1,60.0,0,I,MELB_URBAN,ROAD,9,14.0
23884,4,3,171,5,1,60.0,0,N,MELB_URBAN,ROAD,10,9.0
23885,1,2,130,1,1,60.0,0,I,MELB_URBAN,ROAD,9,15.0
23886,1,3,120,5,1,80.0,0,N,RURAL_VICTORIA,ROAD,10,9.0
23887,2,4,100,5,1,50.0,0,N,MELB_URBAN,STREET,7,15.0
23888,1,6,130,4,1,70.0,0,I,MELB_URBAN,ROAD,9,11.0
23889,1,7,110,1,3,60.0,0,I,MELB_URBAN,ROAD,9,0.0
23890,4,5,171,5,1,100.0,0,N,RURAL_VICTORIA,ROAD,9,11.0
23891,1,2,130,2,1,60.0,0,N,MELB_URBAN,ROAD,10,8.0
23892,1,3,133,5,1,30.0,0,N,MELBOURNE_CBD,STREET,10,8.0
23893,5,3,99,5,1,70.0,0,N,MELB_URBAN,ROAD,10,6.0
23894,2,3,100,2,1,60.0,0,I,LARGE_PROVINCIAL_CITIES,STREET,10,11.0
23895,8,2,184,5,1,50.0,0,N,RURAL_VICTORIA,ROAD,9,13.0
23896,1,3,99,2,1,50.0,0,I,MELB_URBAN,STREET,10,11.0
23897,1,4,99,1,1,60.0,0,I,MELB_URBAN,HIGHWAY,12,11.0
23898,1,3,130,2,1,60.0,0,I,MELB_URBAN,STREET,10,8.0
23899,1,3,120,5,1,100.0,0,N,RURAL_VICTORIA,HIGHWAY,10,11.0
23900,1,3,110,1,1,60.0,0,I,SMALL_CITIES,ROAD,10,9.0
23901,8,3,174,1,3,40.0,0,I,MELB_URBAN,STREET,10,6.0
23902,1,3,111,1,1,60.0,0,I,SMALL_CITIES,PARADE,10,12.0
23903,1,2,113,2,1,80.0,0,I,SMALL_CITIES,HIGHWAY,10,13.0
23904,1,1,130,5,1,40.0,0,N,MELBOURNE_CBD,STREET,9,8.0
23905,1,3,120,2,1,60.0,0,I,MELB_URBAN,STREET,10,13.0
23906,1,7,130,5,1,60.0,0,N,MELB_URBAN,ROAD,9,12.0
23907,1,3,110,1,1,60.0,0,I,MELB_URBAN,ROAD,10,14.0
23908,4,3,181,5,1,100.0,0,I,RURAL_VICTORIA,HIGHWAY,10,13.0
23909,1,3,130,1,1,70.0,0,I,MELB_URBAN,HIGHWAY,10,14.0
23910,2,3,100,1,1,70.0,0,I,MELB_URBAN,ROAD,10,14.0
23911,1,7,130,2,3,60.0,0,N,RURAL_VICTORIA,ROAD,10,21.0
23912,1,3,99,1,1,60.0,0,I,MELB_URBAN,ROAD,10,8.0
23913,4,7,173,2,2,60.0,0,I,MELB_URBAN,OTHER,9,5.0
23914,1,3,130,5,1,80.0,0,N,MELB_URBAN,HIGHWAY,10,15.0
23915,3,1,167,5,5,100.0,0,N,RURAL_VICTORIA,ROAD,9,19.0
23916,1,3,132,5,1,60.0,0,N,MELB_URBAN,ROAD,10,17.0
23917,1,3,130,1,2,50.0,0,I,MELBOURNE_CBD,STREET,10,16.0
23918,1,3,121,2,3,70.0,0,I,SMALL_CITIES,PARADE,10,19.0
23919,1,2,133,5,2,100.0,0,N,RURAL_VICTORIA,ROAD,10,17.0
23920,1,1,160,5,1,60.0,0,N,MELB_URBAN,ROAD,9,8.0
23921,1,1,130,1,1,70.0,0,N,MELB_URBAN,ROAD,9,15.0
23922,1,3,99,5,3,80.0,0,N,MELB_URBAN,HIGHWAY,10,20.0
23923,4,3,171,1,3,80.0,0,N,MELB_URBAN,ROAD,10,23.0
23924,4,3,171,5,3,50.0,0,N,TOWNS,STREET,10,23.0
23925,1,2,160,5,6,50.0,0,N,MELB_URBAN,STREET,9,23.0
23926,4,4,173,5,5,80.0,0,N,RURAL_VICTORIA,ROAD,10,0.0
23927,1,3,160,5,1,60.0,0,N,MELB_URBAN,BOULEVARD,10,15.0
23928,2,4,100,2,3,60.0,0,I,MELB_URBAN,ROAD,10,3.0
23929,1,4,110,1,2,40.0,0,I,MELBOURNE_CBD,STREET,10,5.0
23930,4,4,171,5,2,60.0,0,N,MELB_URBAN,ROAD,10,6.0
23931,8,3,174,2,1,80.0,0,N,MELB_URBAN,HIGHWAY,10,11.0
23932,1,4,110,1,1,50.0,0,I,SMALL_CITIES,STREET,10,7.0
23933,4,4,171,5,1,80.0,0,N,SMALL_CITIES,ROAD,10,7.0
23934,1,4,116,2,1,50.0,0,I,MELB_URBAN,STREET,10,8.0
23935,4,4,181,5,1,60.0,0,N,MELB_URBAN,ROAD,10,8.0
23936,6,3,170,5,1,100.0,0,N,RURAL_VICTORIA,HIGHWAY,10,8.0
23937,4,4,173,5,1,110.0,0,N,RURAL_VICTORIA,HIGHWAY,10,9.0
23938,1,4,130,4,1,50.0,0,I,MELB_URBAN,ROAD,9,9.0
23939,1,7,133,2,9,60.0,0,I,MELB_URBAN,ROAD,9,10.0
23940,1,4,120,5,1,60.0,0,N,MELB_URBAN,ROAD,10,9.0
23941,5,1,99,5,1,60.0,0,N,RURAL_VICTORIA,ROAD,9,12.0
23942,1,5,163,5,1,50.0,0,N,MELB_URBAN,AVENUE,5,11.0
23943,1,4,113,1,1,80.0,0,I,MELB_URBAN,OTHER,10,10.0
23944,5,3,99,5,5,100.0,0,N,RURAL_VICTORIA,ROAD,10,3.0
23945,1,4,130,5,1,60.0,0,N,MELB_URBAN,ROAD,10,10.0
23946,6,4,99,5,1,80.0,0,N,MELB_URBAN,ROAD,10,10.0
23947,1,4,99,1,1,50.0,0,I,LARGE_PROVINCIAL_CITIES,STREET,10,14.0
23948,1,1,110,1,1,50.0,0,I,TOWNS,STREET,9,17.0
23949,4,3,171,5,5,100.0,0,N,RURAL_VICTORIA,HIGHWAY,10,20.0
23950,2,1,99,5,3,50.0,0,N,SMALL_CITIES,STREET,8,21.0
23951,1,4,130,2,1,60.0,0,I,MELB_URBAN,ROAD,7,11.0
23952,2,4,99,5,1,50.0,0,N,MELB_URBAN,ROAD,10,15.0
23953,1,3,130,1,1,80.0,0,I,MELB_URBAN,ROAD,10,17.0
23954,5,4,99,2,1,100.0,0,I,RURAL_VICTORIA,ROAD,10,13.0
23955,1,1,130,1,1,60.0,0,N,MELB_URBAN,HIGHWAY,9,15.0
23956,1,4,130,2,1,60.0,0,I,LARGE_PROVINCIAL_CITIES,STREET,10,15.0
23957,1,4,120,5,1,100.0,0,N,RURAL_VICTORIA,ROAD,10,10.0
23958,4,4,173,2,1,80.0,0,N,MELB_URBAN,ROAD,10,16.0
23959,8,4,174,1,1,50.0,0,I,MELB_URBAN,ROAD,10,8.0
23960,2,4,99,1,1,40.0,0,I,MELB_URBAN,ROAD,10,17.0
23961,1,4,99,1,1,40.0,0,I,MELBOURNE_CBD,STREET,8,8.0
23962,1,4,130,5,1,100.0,0,N,MELB_URBAN,FREEWAY,10,16.0
23963,1,4,116,2,2,60.0,0,N,MELB_URBAN,DRIVE,10,17.0
23964,1,2,116,1,1,60.0,0,I,TOWNS,STREET,9,17.0
23965,1,4,116,1,1,60.0,0,I,MELB_URBAN,STREET,10,18.0
23966,1,4,110,1,1,60.0,0,I,MELB_URBAN,STREET,10,11.0
23967,1,4,140,5,2,80.0,0,N,MELB_URBAN,HIGHWAY,10,19.0
23968,4,3,99,5,3,60.0,0,N,MELB_URBAN,ROAD,10,22.0
23969,1,4,130,1,2,60.0,0,I,MELB_URBAN,STREET,10,17.0
23970,2,4,102,2,2,60.0,0,I,LARGE_PROVINCIAL_CITIES,STREET,10,19.0
23971,1,4,99,5,3,50.0,0,N,MELB_URBAN,STREET,10,21.0
23972,1,4,140,2,1,60.0,0,I,MELB_URBAN,STREET,10,14.0
23973,1,4,130,1,3,80.0,0,I,MELB_URBAN,HIGHWAY,10,23.0
23974,1,3,134,1,3,60.0,0,I,MELB_URBAN,ROAD,9,19.0
23975,1,5,120,5,1,70.0,0,N,MELB_URBAN,ROAD,10,7.0
23976,4,4,171,5,1,100.0,0,N,RURAL_VICTORIA,DRIVE,10,16.0
23977,1,4,110,1,3,70.0,0,I,SMALL_CITIES,PARADE,9,21.0
23978,1,5,130,5,1,100.0,0,N,MELB_URBAN,UNKNOWN,10,9.0
23979,1,5,110,1,1,60.0,0,I,MELB_URBAN,AVENUE,10,9.0
23980,8,1,174,5,1,100.0,0,N,RURAL_VICTORIA,ROAD,6,14.0
23981,1,2,130,1,1,60.0,0,I,SMALL_CITIES,STREET,9,9.0
23982,1,4,121,4,1,60.0,0,I,MELB_URBAN,ROAD,10,9.0
23983,1,3,160,5,1,40.0,0,N,MELB_URBAN,STREET,9,7.0
23984,1,5,130,1,1,70.0,0,I,MELB_URBAN,ROAD,10,10.0
23985,3,5,167,5,5,100.0,0,N,RURAL_VICTORIA,HIGHWAY,10,1.0
23986,1,6,130,1,1,60.0,0,I,MELB_URBAN,ROAD,8,8.0
23987,4,5,183,5,1,70.0,0,N,RURAL_VICTORIA,ROAD,10,11.0
23988,1,5,120,5,1,100.0,0,N,RURAL_VICTORIA,ROAD,10,11.0
23989,1,4,130,2,1,60.0,0,N,MELB_URBAN,HIGHWAY,10,16.0
23990,1,1,130,2,1,50.0,0,I,TOWNS,STREET,9,9.0
23991,1,4,130,2,3,60.0,0,I,LARGE_PROVINCIAL_CITIES,HIGHWAY,10,19.0
23992,4,1,183,5,1,60.0,0,N,RURAL_VICTORIA,ROAD,9,16.0
23993,4,5,171,5,1,60.0,0,N,MELB_URBAN,ROAD,10,13.0
23994,1,5,121,1,1,80.0,0,I,MELB_URBAN,HIGHWAY,10,13.0
23995,1,5,121,2,1,60.0,0,I,MELB_URBAN,STREET,10,11.0
23996,8,5,174,5,1,60.0,0,N,MELB_URBAN,STREET,10,12.0
23997,1,4,99,1,2,60.0,0,I,MELB_URBAN,ROAD,10,18.0
23998,1,7,99,5,1,50.0,0,N,MELB_URBAN,PARADE,9,11.0
23999,8,6,174,5,1,50.0,0,N,RURAL_VICTORIA,ROAD,8,12.0
24000,1,5,130,2,1,60.0,0,N,LARGE_PROVINCIAL_CITIES,HIGHWAY,10,17.0
24001,1,4,135,5,1,80.0,0,N,MELB_URBAN,FREEWAY,10,7.0
24002,1,5,121,4,1,60.0,0,I,MELB_URBAN,STREET,10,14.0
24003,1,4,121,1,1,70.0,0,I,MELB_URBAN,STREET,10,16.0
24004,5,3,99,5,2,90.0,0,N,RURAL_VICTORIA,ROAD,10,6.0
24005,4,5,173,5,2,50.0,0,N,MELB_URBAN,ROAD,10,17.0
24006,1,5,121,2,1,60.0,0,I,MELB_URBAN,ROAD,10,15.0
24007,1,5,130,5,3,100.0,0,N,MELB_URBAN,FREEWAY,10,19.0
24008,1,5,163,2,1,60.0,0,I,MELB_URBAN,ROAD,10,17.0
24009,1,5,99,2,1,60.0,0,I,MELB_URBAN,ROAD,10,9.0
24010,1,5,130,2,1,80.0,0,I,MELB_URBAN,HIGHWAY,10,11.0
24011,1,4,99,4,2,60.0,0,I,MELB_URBAN,ROAD,10,17.0
24012,1,5,110,1,9,60.0,0,I,MELB_URBAN,ROAD,10,21.0
24013,4,5,171,2,2,60.0,0,I,MELB_URBAN,ROAD,10,5.0
24014,8,5,170,1,3,50.0,0,I,MELB_URBAN,OTHER,10,21.0
24015,4,5,183,2,5,60.0,0,I,MELB_URBAN,UNKNOWN,10,23.0
24016,1,5,130,2,1,70.0,0,I,MELB_URBAN,ROAD,10,16.0
24017,1,2,133,5,2,60.0,0,N,MELBOURNE_CBD,STREET,9,16.0
24018,4,6,183,5,2,80.0,0,N,RURAL_VICTORIA,ROAD,10,7.0
24019,2,6,102,1,1,50.0,0,I,MELB_URBAN,ROAD,10,8.0
24020,1,5,121,2,1,60.0,0,I,LARGE_PROVINCIAL_CITIES,ROAD,10,16.0
24021,1,6,121,1,1,50.0,0,I,MELB_URBAN,ROAD,10,8.0
24022,2,6,102,5,1,60.0,1,N,MELB_URBAN,STREET,10,8.0
24023,4,6,183,2,2,60.0,0,I,MELB_URBAN,ROAD,10,7.0
24024,1,6,99,2,1,80.0,0,I,MELB_URBAN,ROAD,10,10.0
24025,1,6,121,4,1,60.0,0,I,MELB_URBAN,ROAD,10,8.0
24026,2,5,99,5,1,50.0,0,N,TOWNS,STREET,10,16.0
24027,1,6,120,5,1,60.0,0,N,RURAL_VICTORIA,ROAD,10,11.0
24028,1,5,110,1,1,60.0,0,I,MELB_URBAN,DRIVE,10,11.0
24029,1,5,130,2,1,60.0,0,I,LARGE_PROVINCIAL_CITIES,ROAD,10,17.0
24030,7,2,99,2,2,40.0,0,I,MELB_URBAN,STREET,9,17.0
24031,4,6,173,5,1,100.0,0,N,MELB_URBAN,ROAD,10,11.0
24032,4,1,171,5,1,80.0,0,N,MELB_URBAN,ROAD,9,15.0
24033,1,6,99,5,1,80.0,0,N,MELB_URBAN,ROAD,10,13.0
24034,6,6,184,2,1,100.0,0,N,RURAL_VICTORIA,HIGHWAY,10,13.0
24035,1,6,130,1,1,60.0,0,I,MELB_URBAN,PARADE,10,14.0
24036,6,6,99,5,1,100.0,0,N,RURAL_VICTORIA,ROAD,10,8.0
24037,1,2,121,1,1,80.0,0,I,MELB_URBAN,ROAD,5,8.0
24038,1,6,111,1,3,50.0,0,I,SMALL_CITIES,STREET,7,18.0
24039,4,6,173,5,1,50.0,0,N,SMALL_CITIES,OTHER,10,11.0
24040,1,6,160,2,1,50.0,0,I,MELB_URBAN,STREET,10,14.0
24041,1,6,121,1,1,50.0,0,I,MELB_URBAN,STREET,10,14.0
24042,1,6,110,1,1,60.0,0,I,LARGE_PROVINCIAL_CITIES,STREET,10,14.0
24043,1,5,116,1,2,70.0,0,I,LARGE_PROVINCIAL_CITIES,STREET,10,18.0
24044,1,6,113,2,1,70.0,0,I,MELB_URBAN,STREET,10,16.0
24045,2,6,102,5,1,70.0,0,N,MELB_URBAN,ROAD,10,12.0
24046,2,6,99,2,1,70.0,0,I,MELB_URBAN,ROAD,10,16.0
24047,1,5,130,1,1,80.0,0,I,SMALL_CITIES,HIGHWAY,10,15.0
24048,2,6,100,1,1,40.0,0,I,MELBOURNE_CBD,STREET,10,17.0
24049,2,6,99,2,1,50.0,0,I,MELB_URBAN,ROAD,8,11.0
24050,1,6,113,2,1,60.0,0,I,MELB_URBAN,BOULEVARD,10,14.0
24051,2,6,100,5,3,60.0,0,N,MELB_URBAN,ROAD,10,21.0
24052,4,6,173,5,3,50.0,0,N,MELB_URBAN,STREET,10,19.0
24053,1,6,120,1,2,80.0,0,I,SMALL_TOWNS,STREET,10,17.0
24054,4,6,173,2,5,100.0,0,N,RURAL_VICTORIA,ROAD,10,21.0
24055,1,6,99,1,2,50.0,0,I,MELB_URBAN,STREET,10,18.0
24056,4,6,173,2,3,60.0,0,I,SMALL_CITIES,STREET,10,22.0
24057,4,6,171,2,2,60.0,0,I,MELB_URBAN,ROAD,10,5.0
24058,1,7,121,2,3,70.0,0,I,MELB_URBAN,ROAD,10,0.0
24059,1,7,130,2,3,60.0,0,I,MELB_URBAN,ROAD,10,2.0
24060,1,6,113,1,1,80.0,0,I,MELB_URBAN,ROAD,10,15.0
24061,1,6,163,5,1,40.0,0,N,MELB_URBAN,ROAD,10,11.0
24062,1,4,140,5,1,60.0,0,N,MELB_URBAN,STREET,9,8.0
24063,4,7,173,5,2,80.0,0,N,MELB_URBAN,ROAD,10,6.0
24064,1,3,130,5,9,60.0,0,N,RURAL_VICTORIA,ROAD,12,7.0
24065,1,7,121,2,1,60.0,0,I,MELB_URBAN,ROAD,10,8.0
24066,1,4,110,1,1,80.0,0,I,MELB_URBAN,OTHER,10,16.0
24067,1,6,130,2,1,70.0,0,N,MELB_URBAN,ROAD,10,14.0
24068,1,4,99,5,1,60.0,0,N,LARGE_PROVINCIAL_CITIES,STREET,9,14.0
24069,1,6,130,1,1,80.0,0,I,RURAL_VICTORIA,HIGHWAY,10,14.0
24070,6,6,174,5,6,60.0,0,N,RURAL_VICTORIA,ROAD,10,23.0
24071,1,7,132,2,1,80.0,0,N,MELB_URBAN,ROAD,10,12.0
24072,1,4,99,2,2,50.0,0,I,MELB_URBAN,BOULEVARD,9,7.0
24073,4,7,99,5,1,100.0,0,N,RURAL_VICTORIA,HIGHWAY,10,12.0
24074,4,7,173,5,1,100.0,0,N,RURAL_VICTORIA,ROAD,10,12.0
24075,1,7,130,1,1,50.0,0,I,LARGE_PROVINCIAL_CITIES,ROAD,10,13.0
24076,1,6,121,1,1,50.0,0,I,MELB_URBAN,STREET,10,12.0
24077,4,7,173,5,1,100.0,1,N,TOWNS,ROAD,10,8.0
24078,1,6,99,2,1,100.0,0,I,RURAL_VICTORIA,HIGHWAY,10,16.0
24079,1,7,99,2,1,50.0,0,I,MELB_URBAN,DRIVE,10,11.0
24080,6,7,99,5,1,100.0,0,N,RURAL_VICTORIA,ROAD,10,11.0
24081,2,7,100,5,1,100.0,0,N,MELB_URBAN,UNKNOWN,10,13.0
24082,6,7,99,5,1,80.0,0,N,SMALL_TOWNS,DRIVE,10,13.0
24083,1,6,120,5,5,60.0,0,N,MELB_URBAN,ROAD,10,21.0
24084,1,7,99,2,1,60.0,0,I,MELB_URBAN,STREET,10,9.0
24085,1,7,99,2,1,40.0,0,I,MELB_URBAN,STREET,10,14.0
24086,2,7,102,1,1,50.0,0,I,MELB_URBAN,STREET,10,15.0
24087,6,7,174,5,1,60.0,0,N,RURAL_VICTORIA,ROAD,10,14.0
24088,1,5,121,2,2,80.0,0,I,RURAL_VICTORIA,ROAD,10,18.0
24089,4,4,183,1,1,100.0,0,I,RURAL_VICTORIA,HIGHWAY,10,15.0
24090,4,7,181,5,1,100.0,0,N,RURAL_VICTORIA,ROAD,10,14.0
24091,1,4,132,2,1,100.0,0,I,RURAL_VICTORIA,ROAD,10,13.0
24092,1,7,130,1,3,70.0,0,N,MELB_URBAN,ROAD,6,17.0
24093,4,7,173,2,1,70.0,0,I,MELB_URBAN,ROAD,10,17.0
24094,1,7,116,2,5,60.0,0,I,SMALL_CITIES,ROAD,10,19.0
24095,1,7,99,1,1,60.0,0,I,MELB_URBAN,ROAD,10,17.0
24096,1,7,133,1,1,50.0,0,I,MELB_URBAN,STREET,10,18.0
24097,4,7,171,5,2,60.0,0,N,MELB_URBAN,ROAD,10,20.0
24098,4,7,171,2,1,100.0,0,I,RURAL_VICTORIA,HIGHWAY,10,15.0
24099,4,7,183,5,5,70.0,0,N,RURAL_VICTORIA,ROAD,10,22.0
24100,1,7,130,1,3,60.0,0,I,MELB_URBAN,HIGHWAY,10,22.0
24101,1,7,113,2,3,70.0,0,I,MELB_URBAN,ROAD,10,19.0
24102,4,7,173,1,3,60.0,0,I,SMALL_CITIES,STREET,10,23.0
24103,4,1,181,5,5,100.0,0,N,MELB_URBAN,FREEWAY,10,6.0
24104,1,6,99,1,1,60.0,0,I,LARGE_PROVINCIAL_CITIES,OTHER,10,8.0
24105,1,6,113,2,3,70.0,0,I,MELB_URBAN,ROAD,10,5.0
24106,1,1,140,1,1,50.0,0,I,MELB_URBAN,STREET,10,9.0
24107,1,6,110,1,2,60.0,0,I,SMALL_CITIES,AVENUE,10,17.0
24108,4,1,171,5,1,60.0,0,N,MELB_URBAN,DRIVE,10,11.0
24109,1,1,130,2,1,70.0,0,I,MELB_URBAN,DRIVE,10,14.0
24110,6,7,99,5,5,100.0,0,N,RURAL_VICTORIA,AVENUE,10,23.0
24111,2,1,99,5,1,60.0,0,N,MELB_URBAN,OTHER,10,14.0
24112,4,1,173,5,1,100.0,1,N,RURAL_VICTORIA,ROAD,10,13.0
24113,1,1,130,5,1,100.0,0,N,MELB_URBAN,FREEWAY,10,15.0
24114,4,1,173,2,2,60.0,0,I,MELB_URBAN,ROAD,10,17.0
24115,1,1,113,2,1,60.0,0,I,MELB_URBAN,ROAD,10,17.0
24116,1,7,160,2,5,60.0,0,I,MELB_URBAN,ROAD,10,21.0
24117,4,1,183,5,2,80.0,0,N,RURAL_VICTORIA,HIGHWAY,10,20.0
24118,4,1,181,5,2,100.0,0,N,RURAL_VICTORIA,HIGHWAY,10,20.0
24119,1,7,160,2,2,60.0,0,I,MELB_URBAN,ROAD,10,19.0
24120,2,1,102,1,2,80.0,0,I,MELB_URBAN,ROAD,10,19.0