,accident_type,day_of_week,dca_code,road_geometry,light_condition,speed_zone,severity,node_type,deg_urban_name,road_type,month,hour
24121,1,1,116,4,1,80.0,0,N,MELB_URBAN,RAMP,10,17.0
24122,4,1,181,5,5,50.0,0,N,RURAL_VICTORIA,ROAD,10,3.0
24123,4,7,181,5,1,50.0,0,N,TOWNS,STREET,10,14.0
24124,6,6,174,5,1,50.0,0,N,MELB_URBAN,AVENUE,9,17.0
24125,1,1,130,5,2,110.0,0,N,RURAL_VICTORIA,FREEWAY,10,6.0
24126,1,2,121,2,1,80.0,0,I,MELB_URBAN,ROAD,10,8.0
24127,5,7,99,1,1,100.0,0,I,RURAL_VICTORIA,ROAD,10,14.0
24128,1,3,121,1,1,60.0,0,I,MELB_URBAN,STREET,9,8.0
24129,1,7,111,1,3,60.0,0,I,MELB_URBAN,BOULEVARD,10,22.0
24130,1,1,99,2,9,80.0,0,I,MELB_URBAN,HIGHWAY,5,9.0
24131,4,6,183,5,1,60.0,0,N,RURAL_VICTORIA,ROAD,9,7.0
24132,2,2,100,5,1,60.0,0,N,LARGE_PROVINCIAL_CITIES,AVENUE,10,8.0
24133,1,2,121,2,1,100.0,0,I,RURAL_VICTORIA,HIGHWAY,10,11.0
24134,1,4,99,5,1,100.0,0,N,RURAL_VICTORIA,HIGHWAY,9,15.0
24135,1,2,99,5,1,100.0,0,N,RURAL_VICTORIA,ROAD,10,11.0
24136,1,3,163,5,1,60.0,0,N,MELB_URBAN,STREET,9,13.0
24137,4,1,181,2,2,100.0,0,N,RURAL_VICTORIA,ROAD,10,17.0
24138,1,2,110,1,1,80.0,0,I,TOWNS,ROAD,10,15.0
24139,1,2,130,1,1,60.0,0,I,MELB_URBAN,ROAD,10,16.0
24140,4,2,171,5,1,50.0,0,N,MELB_URBAN,OTHER,10,13.0
24141,1,1,133,1,1,40.0,0,I,MELB_URBAN,STREET,10,14.0
24142,8,2,174,2,1,60.0,0,I,MELB_URBAN,ROAD,10,13.0
24143,1,2,147,5,1,60.0,0,N,SMALL_CITIES,STREET,10,17.0
24144,1,2,160,2,1,70.0,0,I,MELB_URBAN,ROAD,10,17.0
24145,1,2,116,2,2,60.0,0,I,MELB_URBAN,ROAD,10,18.0
24146,1,2,130,1,1,60.0,0,I,MELB_URBAN,STREET,10,18.0
24147,1,2,120,1,1,60.0,0,I,MELB_URBAN,ROAD,10,18.0
24148,1,2,130,5,1,80.0,0,N,MELB_URBAN,ROAD,10,15.0
24149,1,2,160,5,3,60.0,0,N,MELB_URBAN,ROAD,10,19.0
24150,7,1,99,2,5,80.0,0,I,RURAL_VICTORIA,ROAD,10,6.0
24151,1,2,113,1,2,60.0,0,I,MELB_URBAN,STREET,10,20.0
24152,2,4,102,5,1,50.0,0,N,MELB_URBAN,ROAD,7,8.0
24153,1,3,121,1,2,60.0,0,I,MELB_URBAN,ROAD,10,7.0
24154,1,3,132,2,1,60.0,0,I,MELB_URBAN,ROAD,10,7.0
24155,1,3,113,2,1,60.0,0,I,MELB_URBAN,ROAD,10,9.0
24156,1,3,99,2,1,60.0,0,I,LARGE_PROVINCIAL_CITIES,ROAD,10,8.0
24157,1,3,99,1,1,60.0,0,I,SMALL_CITIES,ROAD,10,8.0
24158,1,1,121,1,1,60.0,0,I,MELB_URBAN,PARADE,9,16.0
24159,1,3,121,1,1,70.0,0,I,MELB_URBAN,ROAD,10,8.0
24160,1,3,121,2,1,60.0,0,I,MELB_URBAN,ROAD,10,7.0
24161,1,3,121,2,1,80.0,0,I,MELB_URBAN,ROAD,10,9.0
24162,1,3,130,1,1,70.0,0,I,MELB_URBAN,ROAD,10,8.0
24163,6,3,174,1,9,60.0,0,I,MELB_URBAN,STREET,10,21.0
24164,4,3,171,1,2,60.0,0,I,MELB_URBAN,DRIVE,10,7.0
24165,1,5,121,1,4,80.0,0,I,MELB_URBAN,HIGHWAY,9,17.0
24166,1,3,130,1,1,60.0,0,I,MELB_URBAN,STREET,10,11.0
24167,8,7,174,2,1,60.0,0,I,MELB_URBAN,ROAD,9,14.0
24168,1,3,160,2,1,60.0,0,I,MELB_URBAN,ROAD,10,11.0
24169,1,6,130,1,1,60.0,0,I,MELB_URBAN,ROAD,10,10.0
24170,1,2,163,2,1,50.0,0,I,MELB_URBAN,ROAD,10,9.0
24171,1,3,99,5,3,50.0,0,N,MELB_URBAN,STREET,9,18.0
24172,2,3,100,1,1,60.0,0,I,MELB_URBAN,ROAD,10,8.0
24173,1,3,113,2,1,70.0,0,I,LARGE_PROVINCIAL_CITIES,STREET,10,10.0
24174,1,3,130,5,1,70.0,0,N,LARGE_PROVINCIAL_CITIES,HIGHWAY,10,12.0
24175,1,3,121,2,1,60.0,0,I,MELB_URBAN,PARADE,10,13.0
24176,1,3,132,1,1,60.0,0,I,MELB_URBAN,ROAD,10,13.0
24177,1,3,120,5,1,100.0,0,N,RURAL_VICTORIA,HIGHWAY,10,11.0
24178,1,3,130,1,1,80.0,0,I,MELB_URBAN,ROAD,10,9.0
24179,8,7,184,5,1,100.0,0,N,RURAL_VICTORIA,ROAD,10,17.0
24180,4,2,171,5,2,50.0,0,N,MELB_URBAN,STREET,10,18.0
24181,1,5,130,1,1,80.0,0,I,MELB_URBAN,HIGHWAY,4,12.0
24182,1,3,130,1,1,60.0,0,I,TOWNS,ROAD,10,16.0
24183,4,3,171,5,1,60.0,0,N,MELB_URBAN,ROAD,10,14.0
24184,4,7,173,5,3,60.0,0,N,MELB_URBAN,ROAD,10,23.0
24185,1,3,130,4,2,50.0,0,I,SMALL_CITIES,ROAD,10,17.0
24186,2,3,102,5,2,60.0,0,N,MELB_URBAN,ROAD,10,18.0
24187,6,3,99,2,1,100.0,0,I,RURAL_VICTORIA,HIGHWAY,10,17.0
24188,1,3,130,5,1,80.0,0,N,MELB_URBAN,HIGHWAY,10,18.0
24189,6,3,174,5,1,100.0,0,N,RURAL_VICTORIA,ROAD,10,16.0
24190,4,3,173,5,1,70.0,0,N,MELB_URBAN,ROAD,10,17.0
24191,1,7,133,5,9,60.0,0,N,MELB_URBAN,ROAD,7,17.0
24192,1,2,160,2,6,60.0,0,I,MELB_URBAN,ROAD,7,18.0
24193,4,3,171,1,2,60.0,0,I,SMALL_CITIES,STREET,10,19.0
24194,1,3,121,4,1,80.0,0,I,RURAL_VICTORIA,ROAD,10,15.0
24195,1,3,120,5,1,100.0,0,N,RURAL_VICTORIA,ROAD,10,17.0
24196,1,3,99,1,1,60.0,0,I,MELB_URBAN,OTHER,10,18.0
24197,1,3,130,2,9,70.0,0,I,MELB_URBAN,ROAD,10,22.0
24198,1,3,121,2,3,80.0,0,I,RURAL_VICTORIA,ROAD,10,21.0
24199,1,2,130,2,2,60.0,0,I,MELB_URBAN,ROAD,9,18.0
24200,2,4,100,2,1,50.0,0,I,MELB_URBAN,STREET,7,14.0
24201,1,3,130,2,9,60.0,0,I,MELB_URBAN,OTHER,9,17.0
24202,2,4,99,1,2,100.0,0,I,RURAL_VICTORIA,ROAD,10,6.0
24203,1,4,130,5,2,80.0,0,N,MELB_URBAN,HIGHWAY,10,6.0
24204,1,4,121,2,1,50.0,0,I,MELB_URBAN,ROAD,10,8.0
24205,1,4,121,2,1,60.0,0,I,MELB_URBAN,STREET,10,8.0
24206,1,4,130,5,2,60.0,0,N,MELB_URBAN,ROAD,10,7.0
24207,1,4,110,1,1,50.0,0,I,SMALL_CITIES,STREET,10,9.0
24208,1,3,130,1,1,70.0,0,I,MELB_URBAN,ROAD,10,9.0
24209,1,4,99,2,1,40.0,0,I,TOWNS,STREET,10,11.0
24210,1,4,130,1,1,60.0,0,I,MELB_URBAN,AVENUE,10,10.0
24211,1,4,99,5,1,50.0,0,N,MELB_URBAN,STREET,10,10.0
24212,8,2,170,5,6,100.0,0,N,RURAL_VICTORIA,HIGHWAY,8,22.0
24213,2,4,102,2,1,60.0,0,I,MELB_URBAN,ROAD,10,11.0
24214,1,7,99,5,3,60.0,0,N,MELB_URBAN,ROAD,10,21.0
24215,1,3,130,5,1,70.0,0,N,MELB_URBAN,ROAD,10,16.0
24216,8,1,174,2,2,50.0,0,I,MELB_URBAN,ROAD,9,18.0
24217,1,6,147,5,1,50.0,0,N,LARGE_PROVINCIAL_CITIES,ROAD,9,15.0
24218,1,4,130,5,1,80.0,0,N,MELB_URBAN,ROAD,10,9.0
24219,6,4,170,5,1,60.0,0,N,SMALL_CITIES,ROAD,10,13.0
24220,1,6,121,5,9,60.0,0,N,MELB_URBAN,ROAD,12,15.0
24221,8,0,174,2,1,100.0,0,N,RURAL_VICTORIA,OTHER,9,11.0
24222,1,5,130,1,9,70.0,0,I,MELB_URBAN,STREET,1,13.0
24223,7,4,99,5,1,70.0,0,N,RURAL_VICTORIA,ROAD,10,13.0
24224,1,3,99,1,1,60.0,0,I,RURAL_VICTORIA,STREET,10,13.0
24225,1,1,130,5,3,40.0,0,N,MELB_URBAN,ROAD,9,22.0
24226,1,7,111,1,1,60.0,0,N,RURAL_VICTORIA,ROAD,9,13.0
24227,1,7,130,1,1,60.0,0,I,SMALL_CITIES,ROAD,8,13.0
24228,2,3,102,5,1,40.0,0,N,RURAL_VICTORIA,DRIVE,10,15.0
24229,1,4,110,1,1,80.0,0,I,MELB_URBAN,ROAD,10,15.0
24230,1,4,160,5,1,70.0,0,N,MELB_URBAN,ROAD,10,14.0
24231,2,4,102,1,1,50.0,0,I,TOWNS,STREET,10,8.0
24232,4,4,183,5,1,80.0,0,N,RURAL_VICTORIA,ROAD,10,16.0
24233,1,4,132,2,1,60.0,0,I,SMALL_CITIES,STREET,10,17.0
24234,1,4,116,1,1,100.0,0,I,RURAL_VICTORIA,HIGHWAY,10,17.0
24235,1,4,130,5,1,80.0,0,N,MELB_URBAN,UNKNOWN,10,15.0
24236,1,4,121,2,1,60.0,0,I,MELB_URBAN,STREET,10,18.0
24237,1,4,110,1,1,50.0,0,I,MELB_URBAN,STREET,10,15.0
24238,8,4,174,5,1,40.0,0,N,MELB_URBAN,HIGHWAY,10,18.0
24239,2,1,102,1,2,40.0,0,I,MELB_URBAN,ROAD,10,19.0
24240,6,4,99,5,1,100.0,0,N,RURAL_VICTORIA,ROAD,10,18.0
24241,1,4,160,5,1,50.0,0,N,MELB_URBAN,AVENUE,10,18.0
24242,1,4,135,5,1,80.0,0,N,MELB_URBAN,STREET,10,16.0
24243,1,4,130,5,1,60.0,0,N,MELB_URBAN,OTHER,10,18.0
24244,1,4,132,1,3,60.0,0,I,MELB_URBAN,ROAD,10,21.0
24245,1,4,120,5,3,60.0,0,N,MELB_URBAN,ROAD,10,20.0
24246,6,4,99,5,5,80.0,0,N,RURAL_VICTORIA,ROAD,10,21.0
24247,1,4,110,1,9,60.0,0,I,MELB_URBAN,STREET,10,22.0
24248,1,3,133,5,3,70.0,0,N,MELB_URBAN,ROAD,10,1.0
24249,4,5,181,5,2,80.0,0,N,RURAL_VICTORIA,ROAD,10,7.0
24250,1,5,113,1,2,70.0,0,I,MELB_URBAN,ROAD,10,7.0
24251,1,3,110,4,2,60.0,0,N,MELB_URBAN,UNKNOWN,3,17.0
24252,1,5,99,2,1,50.0,0,I,MELB_URBAN,OTHER,10,8.0
24253,5,7,99,5,1,100.0,0,N,RURAL_VICTORIA,HIGHWAY,9,12.0
24254,1,5,110,1,1,100.0,0,I,RURAL_VICTORIA,ROAD,10,8.0
24255,7,6,99,2,1,60.0,0,I,MELB_URBAN,AVENUE,9,12.0
24256,1,5,113,2,1,60.0,0,I,MELB_URBAN,ROAD,10,10.0
24257,1,3,130,1,1,60.0,0,I,LARGE_PROVINCIAL_CITIES,STREET,10,10.0
24258,8,5,170,5,1,100.0,0,N,RURAL_VICTORIA,ROAD,10,10.0
24259,1,4,130,2,1,80.0,0,N,MELB_URBAN,HIGHWAY,10,17.0
24260,1,5,130,5,1,100.0,0,N,MELB_URBAN,FREEWAY,10,8.0
24261,1,5,110,1,1,50.0,0,I,MELB_URBAN,STREET,10,9.0
24262,1,4,130,5,2,60.0,0,N,MELB_URBAN,ROAD,10,17.0
24263,4,4,173,4,1,70.0,0,I,MELB_URBAN,RAMP,10,11.0
24264,6,4,99,5,1,80.0,0,N,RURAL_VICTORIA,ROAD,10,13.0
24265,1,5,147,5,1,60.0,0,N,MELB_URBAN,ROAD,10,7.0
24266,1,5,130,5,1,100.0,0,N,MELB_URBAN,FREEWAY,10,12.0
24267,1,5,110,1,1,50.0,0,I,LARGE_PROVINCIAL_CITIES,AVENUE,10,12.0
24268,1,5,110,1,1,50.0,0,I,MELB_URBAN,OTHER,10,9.0
24269,1,3,163,1,1,60.0,0,I,LARGE_PROVINCIAL_CITIES,STREET,10,13.0
24270,8,5,99,5,1,60.0,0,N,MELB_URBAN,DRIVE,9,11.0
24271,1,4,130,5,1,70.0,0,N,MELB_URBAN,ROAD,9,8.0
24272,8,5,99,2,1,110.0,0,I,RURAL_VICTORIA,FREEWAY,10,13.0
24273,2,5,100,2,1,60.0,0,I,MELB_URBAN,ROAD,10,11.0
24274,8,5,174,1,1,60.0,0,N,MELB_URBAN,ROAD,10,10.0
24275,1,5,163,2,1,60.0,0,I,MELB_URBAN,UNKNOWN,10,9.0
24276,1,5,113,2,1,60.0,0,I,MELB_URBAN,ROAD,10,12.0
24277,1,5,120,5,1,80.0,0,N,MELB_URBAN,ROAD,10,10.0
24278,1,5,130,1,1,80.0,0,I,MELB_URBAN,ROAD,10,15.0
24279,1,5,134,5,1,80.0,0,N,MELB_URBAN,FREEWAY,10,11.0
24280,8,3,174,1,1,60.0,0,I,MELB_URBAN,ROAD,10,13.0
24281,1,5,111,2,1,60.0,0,I,MELB_URBAN,ROAD,10,15.0
24282,4,5,183,5,1,60.0,0,N,TOWNS,STREET,10,15.0
24283,2,5,99,5,1,50.0,0,N,TOWNS,STREET,10,15.0
24284,1,5,121,2,1,50.0,0,I,LARGE_PROVINCIAL_CITIES,STREET,10,15.0
24285,4,5,173,5,2,100.0,0,N,RURAL_VICTORIA,ROAD,10,6.0
24286,1,5,130,5,1,80.0,0,N,RURAL_VICTORIA,HIGHWAY,10,18.0
24287,1,7,113,2,1,60.0,0,I,MELB_URBAN,ROAD,8,13.0
24288,1,5,110,1,1,60.0,0,I,LARGE_PROVINCIAL_CITIES,STREET,10,14.0
24289,1,5,132,2,2,60.0,0,I,MELB_URBAN,ROAD,10,17.0
24290,1,5,110,1,2,60.0,0,I,MELB_URBAN,STREET,10,17.0
24291,2,5,102,2,2,60.0,0,N,MELBOURNE_CBD,OTHER,10,20.0
24292,1,5,120,1,1,60.0,0,I,MELB_URBAN,HIGHWAY,10,15.0
24293,1,5,130,5,5,100.0,0,N,MELB_URBAN,FREEWAY,10,22.0
24294,4,5,171,5,5,100.0,0,N,RURAL_VICTORIA,HIGHWAY,10,22.0
24295,4,6,171,5,1,50.0,0,N,MELB_URBAN,DRIVE,10,6.0
24296,1,5,130,5,1,70.0,0,N,MELB_URBAN,ROAD,10,15.0
24297,1,6,160,5,2,40.0,0,N,MELB_URBAN,OTHER,10,6.0
24298,3,2,167,5,5,100.0,0,N,RURAL_VICTORIA,HIGHWAY,9,19.0
24299,1,6,99,2,2,50.0,0,I,MELB_URBAN,DRIVE,10,7.0
24300,1,6,130,5,1,100.0,0,N,MELB_URBAN,FREEWAY,6,17.0
24301,1,4,163,2,1,60.0,0,I,MELB_URBAN,ROAD,10,9.0
24302,1,6,130,2,2,60.0,0,I,MELB_URBAN,ROAD,10,7.0
24303,1,6,160,5,1,100.0,0,N,MELB_URBAN,ROAD,10,8.0
24304,1,1,121,1,3,70.0,0,I,MELB_URBAN,HIGHWAY,8,19.0
24305,6,5,174,4,1,60.0,0,I,MELB_URBAN,STREET,10,14.0
24306,1,6,110,1,2,60.0,0,I,MELB_URBAN,STREET,6,8.0
24307,1,3,130,1,1,80.0,0,I,MELB_URBAN,ROAD,10,15.0
24308,1,6,121,1,1,60.0,0,I,MELB_URBAN,ROAD,10,10.0
24309,1,6,113,2,1,50.0,0,I,MELB_URBAN,STREET,10,9.0
24310,2,6,100,2,1,50.0,0,I,MELB_URBAN,STREET,10,11.0
24311,4,6,171,5,1,60.0,0,N,MELB_URBAN,ROAD,10,8.0
24312,1,3,134,2,1,80.0,0,N,MELB_URBAN,HIGHWAY,10,12.0
24313,1,6,113,2,1,60.0,0,I,MELB_URBAN,ROAD,10,10.0
24314,4,1,171,2,2,60.0,0,I,SMALL_CITIES,STREET,10,19.0
24315,8,4,174,1,1,60.0,0,I,RURAL_VICTORIA,ROAD,10,15.0
24316,1,6,120,2,1,80.0,0,I,RURAL_VICTORIA,ROAD,10,12.0
24317,1,5,130,1,1,60.0,0,I,MELB_URBAN,STREET,10,15.0
24318,1,2,130,5,9,100.0,0,N,MELB_URBAN,FREEWAY,9,16.0
24319,2,2,99,5,1,50.0,0,N,MELB_URBAN,AVENUE,1,11.0
24320,5,3,99,5,3,50.0,0,N,LARGE_PROVINCIAL_CITIES,AVENUE,10,22.0
24321,1,6,113,2,1,70.0,0,I,MELB_URBAN,ROAD,10,12.0
24322,2,6,102,2,1,60.0,0,I,MELB_URBAN,STREET,10,13.0
24323,4,1,171,1,3,50.0,0,I,MELB_URBAN,ROAD,6,3.0
24324,1,5,130,2,1,60.0,0,I,MELB_URBAN,ROAD,10,14.0
24325,1,6,147,5,1,60.0,0,N,MELB_URBAN,ROAD,10,14.0
24326,1,5,130,5,1,60.0,0,N,MELB_URBAN,ROAD,10,13.0
24327,1,3,147,5,1,60.0,0,N,LARGE_PROVINCIAL_CITIES,STREET,8,8.0
24328,4,6,99,2,1,50.0,0,I,MELB_URBAN,OTHER,10,15.0
24329,1,6,99,2,1,40.0,0,I,MELB_URBAN,STREET,10,13.0
24330,1,1,130,2,1,70.0,0,I,MELB_URBAN,ROAD,10,13.0
24331,8,6,99,5,1,80.0,0,N,RURAL_VICTORIA,ROAD,10,12.0
24332,1,4,130,5,2,60.0,0,N,MELB_URBAN,ROAD,8,17.0
24333,4,7,183,5,2,100.0,0,N,RURAL_VICTORIA,ROAD,9,7.0
24334,1,6,130,5,1,100.0,0,N,MELB_URBAN,FREEWAY,10,14.0
24335,1,6,121,1,1,60.0,0,I,MELB_URBAN,ROAD,11,16.0
24336,1,6,110,1,1,60.0,0,I,MELB_URBAN,AVENUE,10,16.0
24337,1,6,130,5,1,80.0,0,N,MELB_URBAN,OTHER,10,17.0
24338,1,5,130,1,1,80.0,0,I,MELB_URBAN,HIGHWAY,9,14.0
24339,8,6,170,2,1,50.0,0,I,MELB_URBAN,STREET,10,11.0
24340,1,6,113,1,1,60.0,0,I,MELB_URBAN,ROAD,10,18.0
24341,1,4,110,1,1,60.0,0,I,MELB_URBAN,AVENUE,10,18.0
24342,2,6,102,2,1,60.0,0,I,MELB_URBAN,ROAD,10,15.0
24343,1,6,130,1,1,60.0,0,I,MELB_URBAN,STREET,10,9.0
24344,2,6,100,4,1,50.0,0,I,MELB_URBAN,STREET,10,17.0
24345,1,6,163,2,1,60.0,0,I,MELB_URBAN,STREET,10,17.0
24346,1,6,147,5,2,40.0,0,N,MELB_URBAN,STREET,10,18.0
24347,2,6,99,1,3,40.0,0,I,MELBOURNE_CBD,STREET,10,20.0
24348,8,7,174,1,3,40.0,0,I,MELB_URBAN,ROAD,10,0.0
24349,1,6,147,2,3,90.0,0,I,MELB_URBAN,ROAD,10,22.0
24350,4,7,181,2,5,80.0,0,N,RURAL_VICTORIA,OTHER,10,1.0
24351,4,7,171,5,3,80.0,0,N,MELB_URBAN,ROAD,10,2.0
24352,4,5,171,5,3,60.0,0,N,MELB_URBAN,ROAD,10,21.0
24353,1,7,121,2,3,60.0,0,N,MELB_URBAN,AVENUE,10,1.0
24354,4,6,181,2,5,100.0,0,I,RURAL_VICTORIA,DRIVE,10,22.0
24355,2,5,100,2,3,60.0,0,I,MELB_URBAN,ROAD,10,22.0
24356,1,0,130,1,1,70.0,0,I,MELB_URBAN,ROAD,10,13.0
24357,7,3,99,2,1,70.0,0,I,MELB_URBAN,ROAD,9,8.0
24358,1,7,160,2,9,60.0,0,I,LARGE_PROVINCIAL_CITIES,STREET,10,6.0
24359,1,7,99,1,1,40.0,0,N,MELB_URBAN,ROAD,10,15.0
24360,6,5,99,1,2,100.0,0,I,RURAL_VICTORIA,HIGHWAY,10,20.0
24361,1,7,160,2,2,50.0,0,I,MELB_URBAN,STREET,10,5.0
24362,1,6,99,2,1,70.0,0,I,LARGE_PROVINCIAL_CITIES,HIGHWAY,10,16.0
24363,1,7,147,5,1,50.0,0,N,MELB_URBAN,STREET,10,8.0
24364,2,6,99,5,1,50.0,0,N,SMALL_CITIES,STREET,10,11.0
24365,1,7,130,1,1,70.0,0,I,RURAL_VICTORIA,HIGHWAY,10,10.0
24366,1,7,110,1,1,50.0,0,I,LARGE_PROVINCIAL_CITIES,STREET,10,8.0
24367,1,5,130,1,1,60.0,0,I,LARGE_PROVINCIAL_CITIES,STREET,10,15.0
24368,1,6,99,1,1,60.0,0,I,MELB_URBAN,ROAD,10,10.0
24369,1,7,110,4,1,60.0,0,I,RURAL_VICTORIA,ROAD,10,11.0
24370,8,7,99,5,1,100.0,0,N,RURAL_VICTORIA,ROAD,10,10.0
24371,8,7,174,2,1,60.0,0,I,RURAL_VICTORIA,ROAD,9,11.0
24372,1,6,160,1,1,50.0,0,I,MELB_URBAN,AVENUE,10,17.0
24373,8,5,174,2,1,40.0,0,I,MELB_URBAN,STREET,9,16.0
24374,8,3,174,2,1,60.0,0,I,MELB_URBAN,ROAD,10,15.0
24375,1,7,110,1,1,100.0,0,I,RURAL_VICTORIA,ROAD,10,9.0
24376,1,7,160,1,1,60.0,0,N,LARGE_PROVINCIAL_CITIES,STREET,10,12.0
24377,1,7,132,1,1,60.0,0,I,MELB_URBAN,STREET,10,13.0
24378,2,4,102,5,1,50.0,0,N,MELB_URBAN,ROAD,10,15.0
24379,2,7,99,5,1,50.0,0,N,MELB_URBAN,STREET,10,12.0
24380,1,7,133,5,1,80.0,0,N,MELB_URBAN,FREEWAY,10,13.0
24381,1,7,133,5,2,100.0,1,N,RURAL_VICTORIA,ROAD,10,7.0
24382,1,7,130,5,1,60.0,0,N,MELB_URBAN,RAMP,10,13.0
24383,1,7,99,5,1,50.0,0,N,SMALL_CITIES,OTHER,10,13.0
24384,6,7,174,2,1,60.0,0,I,MELB_URBAN,ROAD,10,13.0
24385,6,7,174,5,1,60.0,0,N,RURAL_VICTORIA,ROAD,10,12.0
24386,8,7,174,2,1,60.0,0,I,MELB_URBAN,ROAD,10,16.0
24387,1,7,110,1,1,100.0,0,I,RURAL_VICTORIA,ROAD,10,14.0
24388,1,3,111,2,1,60.0,0,I,MELB_URBAN,ROAD,10,16.0
24389,1,6,120,2,1,80.0,0,I,RURAL_VICTORIA,ROAD,10,16.0
24390,1,7,110,1,3,40.0,0,I,MELB_URBAN,STREET,10,4.0
24391,1,6,99,4,3,50.0,0,I,MELB_URBAN,STREET,10,22.0
24392,4,7,181,5,1,100.0,0,N,RURAL_VICTORIA,HIGHWAY,10,14.0
24393,8,7,184,2,1,60.0,0,N,RURAL_VICTORIA,OTHER,10,14.0
24394,1,7,110,1,1,40.0,0,I,MELB_URBAN,AVENUE,10,16.0
24395,8,7,174,5,2,100.0,0,N,RURAL_VICTORIA,ROAD,10,18.0
24396,2,7,99,4,1,60.0,0,N,MELB_URBAN,ROAD,10,16.0
24397,1,7,113,2,1,100.0,0,I,RURAL_VICTORIA,ROAD,10,16.0
24398,2,7,102,5,3,60.0,0,N,MELB_URBAN,STREET,10,20.0
24399,2,7,102,1,1,60.0,0,I,MELB_URBAN,ROAD,10,17.0
24400,4,7,171,5,1,60.0,0,N,MELB_URBAN,ROAD,10,17.0
24401,1,7,130,5,3,40.0,0,N,MELB_URBAN,STREET,10,20.0
24402,1,7,160,5,6,50.0,0,N,MELB_URBAN,AVENUE,10,4.0
24403,2,7,100,2,3,50.0,0,I,TOWNS,OTHER,10,20.0
24404,4,1,181,5,3,60.0,0,N,LARGE_PROVINCIAL_CITIES,AVENUE,10,3.0
24405,1,7,130,1,3,80.0,0,I,MELB_URBAN,ROAD,10,4.0
24406,4,7,173,2,1,60.0,0,I,MELB_URBAN,ROAD,10,14.0
24407,1,7,121,1,6,50.0,0,I,MELB_URBAN,STREET,9,1.0
24408,1,6,160,2,1,50.0,0,I,MELB_URBAN,PARADE,10,14.0
24409,3,1,167,5,5,100.0,0,N,RURAL_VICTORIA,ROAD,10,0.0
24410,4,1,171,2,1,80.0,0,I,RURAL_VICTORIA,ROAD,10,8.0
24411,4,7,171,5,1,80.0,0,N,RURAL_VICTORIA,ROAD,10,17.0
24412,1,1,121,1,1,50.0,0,I,MELB_URBAN,STREET,10,10.0
24413,2,1,100,5,1,60.0,0,N,MELB_URBAN,ROAD,10,12.0
24414,1,1,111,2,1,50.0,0,I,MELB_URBAN,STREET,10,10.0
24415,1,2,130,5,1,60.0,0,N,MELB_URBAN,ROAD,5,8.0
24416,4,1,183,5,1,60.0,0,N,RURAL_VICTORIA,ROAD,10,10.0
24417,4,6,183,5,3,60.0,0,N,LARGE_PROVINCIAL_CITIES,STREET,10,23.0
24418,4,1,171,5,1,50.0,0,N,LARGE_PROVINCIAL_CITIES,ROAD,10,13.0
24419,1,7,160,5,3,60.0,0,N,MELB_URBAN,ROAD,10,20.0
24420,1,7,121,1,1,70.0,0,I,MELB_URBAN,ROAD,10,12.0
24421,2,1,100,1,1,70.0,0,I,LARGE_PROVINCIAL_CITIES,HIGHWAY,10,11.0
24422,4,6,181,5,5,50.0,0,N,RURAL_VICTORIA,ROAD,10,22.0
24423,6,1,99,5,1,100.0,0,N,RURAL_VICTORIA,ROAD,10,11.0
24424,4,1,181,5,1,100.0,1,N,RURAL_VICTORIA,ROAD,10,13.0
24425,4,1,171,5,1,100.0,0,N,RURAL_VICTORIA,ROAD,10,11.0
24426,1,1,120,5,1,60.0,0,N,MELB_URBAN,ROAD,10,13.0
24427,7,1,99,5,5,100.0,0,N,RURAL_VICTORIA,ROAD,10,0.0
24428,2,1,99,1,1,40.0,0,I,MELB_URBAN,AVENUE,10,14.0
24429,1,7,120,5,1,60.0,0,N,RURAL_VICTORIA,ROAD,10,14.0
24430,1,1,147,2,1,60.0,0,I,MELB_URBAN,ROAD,10,16.0
24431,1,1,110,1,1,60.0,0,I,MELB_URBAN,ROAD,10,15.0
24432,6,1,174,5,1,100.0,0,N,RURAL_VICTORIA,ROAD,10,15.0
24433,1,3,130,2,1,60.0,0,I,MELB_URBAN,ROAD,10,15.0
24434,1,1,120,5,1,100.0,0,N,RURAL_VICTORIA,HIGHWAY,10,14.0
24435,8,1,99,5,1,50.0,0,N,MELB_URBAN,OTHER,10,19.0
24436,1,1,120,5,2,100.0,0,N,RURAL_VICTORIA,HIGHWAY,10,6.0
24437,4,1,173,1,1,50.0,0,I,MELB_URBAN,ROAD,10,17.0
24438,1,1,160,5,3,70.0,0,N,MELB_URBAN,HIGHWAY,10,23.0
24439,1,5,130,2,2,60.0,0,I,MELB_URBAN,ROAD,10,18.0
24440,1,4,130,5,1,60.0,0,N,MELB_URBAN,UNKNOWN,10,17.0
24441,1,1,130,1,1,70.0,0,I,MELB_URBAN,ROAD,10,16.0
24442,2,5,99,2,1,60.0,0,I,MELB_URBAN,ROAD,10,9.0
24443,1,2,121,1,1,60.0,0,I,MELB_URBAN,ROAD,10,8.0
24444,1,2,116,2,1,60.0,0,I,MELB_URBAN,ROAD,10,8.0
24445,1,2,130,5,1,80.0,0,N,MELB_URBAN,ROAD,10,8.0
24446,1,2,121,2,2,60.0,0,N,MELB_URBAN,ROAD,10,7.0
24447,8,1,174,5,1,100.0,0,N,RURAL_VICTORIA,ROAD,10,10.0