,accident_type,day_of_week,dca_code,road_geometry,light_condition,speed_zone,severity,node_type,deg_urban_name,road_type,month,hour
24448,4,7,99,5,1,50.0,0,N,MELB_URBAN,STREET,10,14.0
24449,1,1,110,1,1,80.0,0,I,RURAL_VICTORIA,ROAD,2,11.0
24450,6,1,174,1,1,60.0,0,N,RURAL_VICTORIA,STREET,10,11.0
24451,1,2,99,1,1,50.0,0,N,TOWNS,ROAD,10,12.0
24452,1,2,120,5,1,60.0,0,N,MELB_URBAN,ROAD,10,10.0
24453,1,5,130,5,2,80.0,0,N,MELB_URBAN,HIGHWAY,6,17.0
24454,1,6,130,5,1,50.0,0,I,MELB_URBAN,ROAD,10,16.0
24455,2,2,100,2,1,50.0,0,I,MELB_URBAN,ROAD,10,9.0
24456,1,2,134,1,1,70.0,0,I,SMALL_CITIES,PARADE,10,11.0
24457,1,2,160,2,1,60.0,0,I,MELB_URBAN,ROAD,10,11.0
24458,3,7,167,5,5,100.0,0,N,RURAL_VICTORIA,FREEWAY,9,2.0
24459,1,2,113,1,1,60.0,0,I,LARGE_PROVINCIAL_CITIES,ROAD,10,15.0
24460,1,2,130,5,1,80.0,0,N,MELB_URBAN,HIGHWAY,10,16.0
24461,1,2,113,2,1,80.0,0,I,LARGE_PROVINCIAL_CITIES,HIGHWAY,10,16.0
24462,2,2,99,1,2,60.0,0,I,MELB_URBAN,STREET,10,7.0
24463,1,6,130,1,1,70.0,0,I,MELB_URBAN,UNKNOWN,10,14.0
24464,1,2,130,5,1,100.0,0,N,MELB_URBAN,UNKNOWN,10,16.0
24465,1,3,133,5,1,60.0,0,N,MELB_URBAN,RAMP,10,11.0
24466,4,1,181,5,1,100.0,0,N,RURAL_VICTORIA,ROAD,8,13.0
24467,1,5,113,2,1,60.0,0,I,MELB_URBAN,ROAD,10,18.0
24468,2,2,102,1,1,80.0,0,N,MELB_URBAN,HIGHWAY,10,16.0
24469,1,2,116,2,1,60.0,0,I,MELB_URBAN,PARADE,10,18.0
24470,1,2,130,2,1,70.0,0,I,MELB_URBAN,ROAD,10,17.0
24471,4,2,181,2,2,60.0,0,I,MELB_URBAN,STREET,10,19.0
24472,1,4,130,2,1,80.0,0,I,LARGE_PROVINCIAL_CITIES,HIGHWAY,9,8.0
24473,4,2,171,2,1,100.0,0,I,TOWNS,ROAD,10,18.0
24474,4,2,181,5,2,60.0,0,N,SMALL_CITIES,ROAD,10,18.0
24475,1,2,99,2,1,50.0,0,I,MELB_URBAN,STREET,10,16.0
24476,1,2,111,2,1,60.0,0,I,MELB_URBAN,ROAD,10,16.0
24477,1,5,130,2,1,80.0,0,I,MELB_URBAN,ROAD,5,15.0
24478,4,2,171,5,3,70.0,0,N,MELB_URBAN,ROAD,10,23.0
24479,1,3,113,2,3,60.0,0,I,MELB_URBAN,ROAD,10,0.0
24480,1,2,130,5,1,60.0,0,N,MELB_URBAN,HIGHWAY,10,18.0
24481,3,3,167,5,2,100.0,0,N,RURAL_VICTORIA,ROAD,10,6.0
24482,4,2,173,5,5,100.0,0,N,RURAL_VICTORIA,HIGHWAY,10,21.0
24483,4,3,171,2,1,100.0,0,I,RURAL_VICTORIA,ROAD,10,14.0
24484,1,3,99,1,1,60.0,0,I,MELB_URBAN,STREET,10,8.0
24485,2,3,99,5,1,60.0,0,N,SMALL_CITIES,STREET,9,16.0
24486,4,3,183,5,1,100.0,0,N,RURAL_VICTORIA,ROAD,10,10.0
24487,4,2,171,5,1,60.0,0,N,MELB_URBAN,ROAD,5,13.0
24488,1,3,121,1,1,60.0,0,I,MELB_URBAN,STREET,10,10.0
24489,4,2,171,5,5,80.0,0,N,SMALL_TOWNS,ROAD,10,1.0
24490,1,3,130,5,1,80.0,0,N,MELB_URBAN,RAMP,10,10.0
24491,1,2,130,5,1,80.0,0,N,MELB_URBAN,ROAD,10,15.0
24492,1,1,113,1,1,70.0,0,I,MELB_URBAN,HIGHWAY,10,14.0
24493,1,6,130,5,2,100.0,0,N,MELB_URBAN,FREEWAY,5,7.0
24494,1,3,113,2,1,70.0,0,I,MELB_URBAN,ROAD,10,9.0
24495,1,3,130,5,1,60.0,0,N,MELB_URBAN,ROAD,10,10.0
24496,6,7,174,2,1,50.0,0,I,MELB_URBAN,STREET,8,11.0
24497,1,7,113,2,3,60.0,0,I,MELB_URBAN,ROAD,10,21.0
24498,8,3,184,2,1,100.0,0,N,RURAL_VICTORIA,ROAD,10,13.0
24499,1,2,130,1,9,60.0,0,I,MELB_URBAN,STREET,10,8.0
24500,1,3,160,5,1,50.0,0,N,MELB_URBAN,ROAD,10,15.0
24501,1,6,130,1,1,60.0,0,I,MELB_URBAN,OTHER,10,14.0
24502,1,3,160,5,1,50.0,0,N,MELB_URBAN,DRIVE,10,15.0
24503,1,3,113,2,2,50.0,0,I,MELB_URBAN,ROAD,10,18.0
24504,1,3,130,1,1,50.0,0,I,MELB_URBAN,ROAD,10,17.0
24505,1,3,130,5,1,100.0,0,N,MELB_URBAN,FREEWAY,10,16.0
24506,1,2,133,1,1,50.0,0,I,MELB_URBAN,STREET,10,15.0
24507,1,3,121,2,1,60.0,0,I,MELB_URBAN,STREET,10,17.0
24508,1,3,99,1,1,100.0,0,I,RURAL_VICTORIA,HIGHWAY,10,16.0
24509,1,2,99,5,1,40.0,0,N,MELB_URBAN,ROAD,10,15.0
24510,8,3,170,5,1,100.0,0,N,RURAL_VICTORIA,ROAD,10,7.0
24511,8,1,174,5,1,60.0,0,N,RURAL_VICTORIA,ROAD,10,14.0
24512,4,2,181,5,1,80.0,0,N,RURAL_VICTORIA,HIGHWAY,10,16.0
24513,1,3,113,2,1,70.0,0,I,MELB_URBAN,ROAD,10,16.0
24514,1,7,130,2,1,60.0,0,N,MELB_URBAN,ROAD,10,13.0
24515,1,6,130,1,1,50.0,0,I,MELB_URBAN,STREET,10,13.0
24516,2,3,99,4,5,100.0,0,I,RURAL_VICTORIA,ROAD,10,21.0
24517,1,4,110,1,1,50.0,0,I,LARGE_PROVINCIAL_CITIES,STREET,10,6.0
24518,1,4,116,2,2,80.0,0,I,MELB_URBAN,ROAD,10,6.0
24519,6,3,99,2,5,100.0,0,I,RURAL_VICTORIA,ROAD,10,20.0
24520,1,4,121,1,1,60.0,0,I,MELB_URBAN,ROAD,10,8.0
24521,1,4,110,1,1,60.0,0,I,MELB_URBAN,OTHER,10,9.0
24522,4,3,99,5,9,60.0,0,N,MELB_URBAN,ROAD,3,11.0
24523,2,4,102,2,1,50.0,1,I,MELB_URBAN,ROAD,10,8.0
24524,1,1,113,1,3,50.0,0,I,LARGE_PROVINCIAL_CITIES,STREET,10,20.0
24525,1,4,110,1,1,40.0,0,I,MELBOURNE_CBD,STREET,10,8.0
24526,1,4,113,2,1,80.0,0,I,MELB_URBAN,HIGHWAY,10,11.0
24527,1,4,130,2,1,70.0,0,N,MELB_URBAN,ROAD,10,9.0
24528,6,4,99,5,1,100.0,0,N,RURAL_VICTORIA,ROAD,10,8.0
24529,4,4,181,2,2,50.0,0,I,MELB_URBAN,DRIVE,10,7.0
24530,1,4,99,2,1,60.0,0,N,MELB_URBAN,STREET,10,8.0
24531,6,3,184,5,1,50.0,0,N,SMALL_CITIES,DRIVE,10,17.0
24532,1,4,110,1,1,40.0,0,I,MELB_URBAN,STREET,10,9.0
24533,1,4,113,2,1,60.0,0,I,MELB_URBAN,ROAD,10,11.0
24534,1,3,130,1,1,60.0,0,I,MELB_URBAN,ROAD,10,16.0
24535,1,4,121,2,1,60.0,0,I,LARGE_PROVINCIAL_CITIES,ROAD,10,11.0
24536,6,7,174,4,1,80.0,0,I,RURAL_VICTORIA,ROAD,10,12.0
24537,1,7,147,5,1,60.0,0,N,MELB_URBAN,DRIVE,10,13.0
24538,1,4,110,1,1,100.0,0,N,RURAL_VICTORIA,ROAD,10,12.0
24539,1,4,113,1,1,80.0,0,I,MELB_URBAN,ROAD,10,12.0
24540,6,2,174,2,1,60.0,0,I,MELB_URBAN,ROAD,10,17.0
24541,1,4,110,1,1,60.0,0,I,SMALL_CITIES,STREET,10,13.0
24542,1,4,130,2,1,70.0,0,I,MELB_URBAN,ROAD,10,14.0
24543,4,3,171,5,1,100.0,0,N,RURAL_VICTORIA,ROAD,10,8.0
24544,4,4,99,6,1,60.0,0,N,MELB_URBAN,OTHER,10,14.0
24545,1,4,121,1,1,100.0,0,I,RURAL_VICTORIA,ROAD,10,13.0
24546,1,2,132,5,1,60.0,0,N,RURAL_VICTORIA,ROAD,10,18.0
24547,1,4,99,5,1,100.0,0,N,RURAL_VICTORIA,ROAD,10,14.0
24548,2,4,99,5,9,60.0,0,N,MELB_URBAN,ROAD,10,13.0
24549,1,4,110,1,1,50.0,0,I,LARGE_PROVINCIAL_CITIES,STREET,10,15.0
24550,1,4,130,2,1,80.0,0,I,MELB_URBAN,HIGHWAY,9,8.0
24551,1,4,121,2,1,60.0,0,I,MELB_URBAN,ROAD,10,12.0
24552,1,4,160,2,1,60.0,0,I,MELB_URBAN,AVENUE,10,14.0
24553,1,4,130,2,1,80.0,0,I,MELB_URBAN,HIGHWAY,10,12.0
24554,1,4,113,2,1,60.0,0,I,MELB_URBAN,ROAD,10,17.0
24555,1,4,99,1,1,60.0,0,I,MELB_URBAN,STREET,10,17.0
24556,4,2,173,5,9,100.0,0,N,RURAL_VICTORIA,HIGHWAY,9,18.0
24557,1,4,99,2,1,60.0,0,I,MELB_URBAN,STREET,10,16.0
24558,1,4,135,1,1,60.0,0,I,MELB_URBAN,ROAD,10,10.0
24559,1,4,130,1,1,60.0,0,I,MELB_URBAN,STREET,10,18.0
24560,1,4,130,5,1,60.0,0,N,RURAL_VICTORIA,ROAD,10,18.0
24561,1,3,130,5,1,80.0,0,N,MELB_URBAN,HIGHWAY,10,18.0
24562,1,4,113,2,9,60.0,0,I,MELB_URBAN,ROAD,10,21.0
24563,4,4,171,5,3,60.0,0,N,TOWNS,ROAD,10,23.0
24564,1,4,121,2,2,80.0,0,I,MELB_URBAN,ROAD,10,18.0
24565,1,6,130,5,1,80.0,0,N,MELB_URBAN,ROAD,5,13.0
24566,3,4,167,5,1,100.0,0,N,RURAL_VICTORIA,ROAD,10,18.0
24567,1,3,140,1,3,60.0,0,I,MELBOURNE_CBD,STREET,9,23.0
24568,1,5,111,1,1,60.0,0,I,SMALL_CITIES,AVENUE,10,8.0
24569,4,5,99,2,1,60.0,0,I,MELB_URBAN,ROAD,8,15.0
24570,2,5,100,5,1,50.0,0,N,MELB_URBAN,STREET,10,9.0
24571,2,3,102,1,1,60.0,0,N,MELB_URBAN,STREET,10,11.0
24572,8,1,174,5,1,80.0,0,N,RURAL_VICTORIA,ROAD,10,13.0
24573,1,3,121,1,3,60.0,0,I,MELB_URBAN,HIGHWAY,10,20.0
24574,4,5,171,1,3,70.0,0,I,MELB_URBAN,ROAD,10,7.0
24575,1,6,110,1,9,60.0,0,I,MELB_URBAN,STREET,9,18.0
24576,1,5,134,1,1,70.0,0,I,MELB_URBAN,ROAD,10,8.0
24577,1,4,130,5,1,100.0,0,N,RURAL_VICTORIA,FREEWAY,10,17.0
24578,6,5,184,2,1,100.0,0,I,RURAL_VICTORIA,HIGHWAY,10,10.0
24579,1,7,130,5,1,110.0,0,N,RURAL_VICTORIA,FREEWAY,10,8.0
24580,1,2,163,5,1,60.0,0,N,MELB_URBAN,STREET,10,14.0
24581,1,5,130,5,1,70.0,0,N,MELB_URBAN,STREET,10,11.0
24582,1,4,110,1,1,60.0,0,I,MELB_URBAN,STREET,10,17.0
24583,1,5,160,5,1,70.0,0,N,MELB_URBAN,AVENUE,10,12.0
24584,2,5,99,5,1,40.0,0,N,SMALL_CITIES,STREET,10,11.0
24585,1,5,147,2,1,40.0,0,I,MELB_URBAN,STREET,10,11.0
24586,1,5,113,2,1,80.0,0,I,TOWNS,HIGHWAY,10,8.0
24587,1,2,130,1,9,80.0,0,I,MELB_URBAN,OTHER,10,1.0
24588,1,5,121,1,1,40.0,0,I,MELB_URBAN,ROAD,10,12.0
24589,1,5,113,2,1,60.0,0,I,MELB_URBAN,STREET,10,12.0
24590,8,1,184,5,1,100.0,0,N,RURAL_VICTORIA,ROAD,10,15.0
24591,6,5,99,5,1,100.0,0,N,RURAL_VICTORIA,ROAD,10,11.0
24592,8,3,174,1,3,40.0,0,I,MELB_URBAN,ROAD,10,20.0
24593,8,7,184,5,1,100.0,0,N,RURAL_VICTORIA,OTHER,7,14.0
24594,1,1,130,1,2,70.0,0,I,MELB_URBAN,ROAD,7,7.0
24595,1,4,130,1,2,80.0,0,N,MELB_URBAN,ROAD,10,18.0
24596,1,6,99,5,3,60.0,0,N,MELB_URBAN,ROAD,7,18.0
24597,1,5,130,5,1,60.0,0,N,MELB_URBAN,ROAD,10,16.0
24598,1,5,130,2,1,70.0,0,I,RURAL_VICTORIA,ROAD,10,15.0
24599,1,5,130,5,1,100.0,1,N,RURAL_VICTORIA,HIGHWAY,10,15.0
24600,1,4,130,5,3,100.0,0,N,MELB_URBAN,ROAD,10,23.0
24601,1,5,147,5,1,80.0,0,N,MELB_URBAN,ROAD,10,15.0
24602,4,5,173,5,1,100.0,0,N,RURAL_VICTORIA,ROAD,10,17.0
24603,1,5,116,2,3,60.0,0,I,MELB_URBAN,ROAD,10,20.0
24604,1,5,113,2,2,60.0,0,I,MELB_URBAN,ROAD,10,19.0
24605,4,5,173,5,5,80.0,0,N,RURAL_VICTORIA,ROAD,10,20.0
24606,1,5,147,2,1,60.0,0,I,MELB_URBAN,ROAD,10,16.0
24607,1,7,130,5,9,100.0,0,N,MELB_URBAN,FREEWAY,8,13.0
24608,1,5,99,1,3,50.0,0,I,LARGE_PROVINCIAL_CITIES,STREET,10,21.0
24609,1,4,99,5,5,80.0,0,N,RURAL_VICTORIA,ROAD,10,21.0
24610,4,6,171,5,5,100.0,0,N,RURAL_VICTORIA,ROAD,10,0.0
24611,2,6,99,2,3,40.0,0,I,MELB_URBAN,ROAD,10,2.0
24612,1,5,130,1,1,80.0,0,I,MELB_URBAN,ROAD,12,16.0
24613,1,6,130,5,2,60.0,0,N,MELB_URBAN,STREET,10,6.0
24614,1,5,113,1,1,80.0,0,I,MELB_URBAN,ROAD,10,9.0
24615,1,6,130,5,1,80.0,0,N,MELB_URBAN,ROAD,10,7.0
24616,1,6,113,1,1,50.0,0,I,MELB_URBAN,STREET,10,11.0
24617,4,7,171,2,1,50.0,0,I,MELB_URBAN,ROAD,10,14.0
24618,1,6,110,1,1,100.0,0,I,RURAL_VICTORIA,ROAD,10,9.0
24619,1,3,110,1,1,50.0,0,I,MELB_URBAN,ROAD,10,18.0
24620,1,6,130,5,1,80.0,0,I,MELB_URBAN,FREEWAY,10,10.0
24621,4,6,173,5,2,100.0,0,N,RURAL_VICTORIA,FREEWAY,10,5.0
24622,1,6,113,1,1,80.0,0,I,MELB_URBAN,ROAD,10,14.0
24623,1,6,130,1,1,50.0,0,I,LARGE_PROVINCIAL_CITIES,STREET,10,13.0
24624,1,6,130,5,1,100.0,0,N,MELB_URBAN,ROAD,10,9.0
24625,1,6,99,1,1,50.0,0,I,LARGE_PROVINCIAL_CITIES,STREET,10,14.0
24626,2,6,100,1,1,50.0,0,I,SMALL_CITIES,STREET,10,15.0
24627,4,2,173,5,9,100.0,0,N,RURAL_VICTORIA,ROAD,7,11.0
24628,1,6,99,5,2,50.0,0,N,MELB_URBAN,OTHER,10,17.0
24629,4,5,181,5,5,40.0,0,N,SMALL_TOWNS,ROAD,10,22.0
24630,1,6,110,1,1,60.0,0,I,LARGE_PROVINCIAL_CITIES,STREET,10,18.0
24631,1,6,121,5,1,70.0,0,N,MELB_URBAN,HIGHWAY,10,16.0
24632,1,6,99,1,1,60.0,0,I,MELBOURNE_CBD,STREET,10,9.0
24633,1,6,121,5,1,60.0,0,N,MELB_URBAN,ROAD,10,16.0
24634,1,5,121,2,2,70.0,0,I,MELB_URBAN,ROAD,10,18.0
24635,1,6,113,2,1,60.0,0,I,MELB_URBAN,DRIVE,10,18.0
24636,1,6,130,1,1,60.0,0,I,SMALL_CITIES,ROAD,10,17.0
24637,1,3,130,5,1,80.0,0,N,MELB_URBAN,FREEWAY,10,16.0
24638,1,6,120,5,1,70.0,0,N,MELB_URBAN,ROAD,10,19.0
24639,4,6,173,2,1,70.0,0,I,MELB_URBAN,ROAD,10,20.0
24640,1,5,111,2,1,70.0,0,I,RURAL_VICTORIA,ROAD,10,15.0
24641,1,6,116,2,2,60.0,0,I,MELB_URBAN,OTHER,10,17.0
24642,3,6,167,5,5,110.0,0,N,RURAL_VICTORIA,FREEWAY,10,21.0
24643,6,6,174,1,3,60.0,0,I,RURAL_VICTORIA,STREET,10,21.0
24644,1,6,99,1,1,60.0,0,I,LARGE_PROVINCIAL_CITIES,STREET,10,9.0
24645,1,7,130,5,1,60.0,0,N,MELB_URBAN,ROAD,10,7.0
24646,8,6,184,5,1,80.0,0,N,RURAL_VICTORIA,ROAD,10,11.0
24647,1,6,110,1,1,50.0,0,I,MELB_URBAN,STREET,10,8.0
24648,4,7,181,5,2,60.0,0,N,LARGE_PROVINCIAL_CITIES,STREET,10,6.0
24649,2,7,99,2,9,60.0,0,I,MELB_URBAN,ROAD,10,19.0
24650,1,7,113,2,1,50.0,0,I,SMALL_CITIES,ROAD,10,9.0
24651,1,7,99,5,1,70.0,0,N,MELB_URBAN,ROAD,10,8.0
24652,1,7,133,1,1,60.0,0,I,TOWNS,ROAD,10,10.0
24653,1,7,110,1,1,60.0,0,I,MELB_URBAN,STREET,10,10.0
24654,1,7,130,1,1,70.0,0,I,MELB_URBAN,ROAD,10,12.0
24655,8,7,174,5,1,50.0,0,N,MELB_URBAN,STREET,10,12.0
24656,1,7,99,2,1,50.0,0,I,LARGE_PROVINCIAL_CITIES,STREET,10,11.0
24657,1,7,113,2,1,60.0,0,I,MELB_URBAN,ROAD,10,12.0
24658,2,2,102,1,1,60.0,0,I,MELB_URBAN,STREET,10,17.0
24659,1,7,132,1,1,60.0,0,I,LARGE_PROVINCIAL_CITIES,ROAD,10,11.0
24660,1,7,132,2,1,60.0,0,I,SMALL_CITIES,STREET,10,13.0
24661,1,7,134,2,1,80.0,0,I,MELB_URBAN,HIGHWAY,10,11.0
24662,1,5,133,1,1,60.0,0,I,SMALL_CITIES,ROAD,10,17.0
24663,1,7,113,1,1,70.0,0,I,TOWNS,ROAD,10,13.0
24664,5,7,99,5,1,100.0,0,N,RURAL_VICTORIA,ROAD,10,10.0
24665,1,7,130,5,1,80.0,0,N,MELB_URBAN,HIGHWAY,10,14.0
24666,1,7,130,5,1,100.0,0,N,MELB_URBAN,FREEWAY,10,12.0
24667,1,7,140,5,1,60.0,0,N,MELB_URBAN,STREET,10,14.0
24668,1,7,130,2,1,60.0,0,I,MELB_URBAN,ROAD,10,14.0
24669,1,7,135,5,1,40.0,0,N,MELB_URBAN,STREET,10,9.0
24670,1,7,133,5,1,100.0,0,N,MELB_URBAN,FREEWAY,10,16.0
24671,1,7,120,5,1,100.0,0,N,RURAL_VICTORIA,OTHER,10,16.0
24672,6,6,99,5,1,50.0,0,N,RURAL_VICTORIA,OTHER,10,17.0
24673,1,7,110,1,1,60.0,0,I,MELB_URBAN,ROAD,10,15.0
24674,1,7,120,5,1,80.0,0,N,RURAL_VICTORIA,ROAD,10,11.0
24675,8,7,99,5,1,100.0,0,N,RURAL_VICTORIA,ROAD,10,16.0
24676,1,7,113,1,1,80.0,0,I,MELB_URBAN,ROAD,10,18.0
24677,1,7,132,2,1,60.0,0,I,MELB_URBAN,ROAD,10,13.0
24678,6,7,170,5,2,70.0,0,N,RURAL_VICTORIA,ROAD,10,18.0
24679,1,7,110,1,1,50.0,0,I,MELB_URBAN,ROAD,10,17.0
24680,2,7,100,1,1,60.0,0,I,MELB_URBAN,STREET,10,16.0
24681,1,7,121,2,3,60.0,0,I,MELB_URBAN,ROAD,10,20.0
24682,1,1,99,5,3,50.0,0,N,MELB_URBAN,STREET,10,4.0
24683,2,1,100,5,2,60.0,0,N,MELB_URBAN,ROAD,10,6.0
24684,4,1,183,5,3,50.0,0,N,SMALL_CITIES,AVENUE,10,2.0
24685,1,7,99,5,1,80.0,0,N,MELB_URBAN,RAMP,10,13.0
24686,4,1,171,5,2,60.0,0,N,MELB_URBAN,ROAD,10,7.0
24687,1,1,113,1,1,60.0,0,I,MELB_URBAN,ROAD,10,9.0
24688,8,1,174,2,1,100.0,0,I,RURAL_VICTORIA,ROAD,10,9.0
24689,1,7,130,1,2,70.0,0,N,MELB_URBAN,AVENUE,10,19.0
24690,1,0,121,2,1,70.0,0,I,SMALL_CITIES,STREET,10,12.0
24691,5,1,99,5,1,100.0,0,N,MELB_URBAN,FREEWAY,10,12.0
24692,1,1,140,2,1,60.0,0,I,MELB_URBAN,PARADE,10,13.0
24693,1,7,110,1,1,80.0,0,I,RURAL_VICTORIA,HIGHWAY,10,15.0
24694,1,1,133,5,1,100.0,0,N,SMALL_CITIES,FREEWAY,10,13.0
24695,8,2,174,2,1,50.0,0,I,MELB_URBAN,STREET,10,9.0
24696,4,1,173,5,1,80.0,0,N,RURAL_VICTORIA,HIGHWAY,10,6.0
24697,1,6,160,5,3,100.0,0,N,MELB_URBAN,ROAD,10,21.0
24698,2,1,99,5,1,60.0,0,N,RURAL_VICTORIA,ROAD,10,11.0
24699,2,1,99,2,1,40.0,0,I,MELB_URBAN,STREET,10,13.0
24700,1,1,133,1,1,60.0,0,I,MELB_URBAN,ROAD,10,16.0
24701,1,1,99,2,1,40.0,0,I,MELB_URBAN,ROAD,10,15.0
24702,1,2,130,5,1,60.0,0,N,LARGE_PROVINCIAL_CITIES,HIGHWAY,8,10.0
24703,1,1,121,1,1,60.0,0,I,MELB_URBAN,ROAD,10,10.0
24704,1,1,160,5,1,60.0,0,N,LARGE_PROVINCIAL_CITIES,ROAD,10,17.0
24705,1,1,99,2,1,60.0,0,I,RURAL_VICTORIA,OTHER,10,14.0
24706,1,1,113,2,1,80.0,1,I,MELB_URBAN,ROAD,10,17.0
24707,1,1,163,5,2,60.0,0,N,MELB_URBAN,STREET,10,19.0
24708,4,1,171,1,2,50.0,0,I,SMALL_CITIES,STREET,10,20.0
24709,1,1,140,1,1,40.0,0,I,MELB_URBAN,STREET,10,16.0
24710,1,1,130,1,3,60.0,0,I,MELB_URBAN,STREET,10,21.0
24711,1,1,130,5,3,60.0,0,N,MELB_URBAN,STREET,10,20.0
24712,1,1,121,1,3,60.0,0,N,MELB_URBAN,STREET,10,22.0
24713,6,2,174,1,5,60.0,0,I,LARGE_PROVINCIAL_CITIES,ROAD,10,3.0
24714,4,1,99,2,1,50.0,0,I,MELB_URBAN,AVENUE,10,18.0
24715,4,1,183,5,5,100.0,0,N,RURAL_VICTORIA,ROAD,10,21.0
24716,1,1,130,2,3,50.0,0,I,MELB_URBAN,ROAD,10,19.0
24717,1,1,121,2,3,70.0,0,N,MELB_URBAN,ROAD,10,21.0
24718,1,7,121,2,1,60.0,0,I,MELB_URBAN,ROAD,10,17.0
24719,1,2,121,2,1,60.0,0,I,MELB_URBAN,STREET,10,7.0
24720,1,5,99,1,1,60.0,0,I,MELB_URBAN,STREET,10,9.0
24721,3,7,167,5,1,60.0,0,N,RURAL_VICTORIA,OTHER,10,13.0
24722,1,2,130,5,1,100.0,0,N,MELB_URBAN,FREEWAY,10,9.0
24723,1,4,130,1,1,60.0,0,I,MELB_URBAN,STREET,10,10.0
24724,2,2,102,2,1,40.0,0,I,MELBOURNE_CBD,STREET,10,12.0
24725,8,7,99,5,1,80.0,0,N,SMALL_TOWNS,ROAD,10,14.0
24726,1,1,121,1,3,60.0,0,I,MELB_URBAN,ROAD,10,21.0
24727,1,4,130,2,9,80.0,0,I,MELB_URBAN,HIGHWAY,3,17.0
24728,6,2,170,2,1,50.0,0,I,MELB_URBAN,STREET,10,12.0
24729,1,1,121,1,1,70.0,0,I,MELB_URBAN,ROAD,10,14.0
24730,1,2,130,1,1,50.0,0,I,SMALL_CITIES,STREET,10,13.0
24731,1,2,163,5,1,60.0,0,N,MELB_URBAN,ROAD,10,18.0
24732,1,2,110,1,1,100.0,0,I,RURAL_VICTORIA,ROAD,10,14.0
24733,4,2,173,5,1,60.0,0,N,MELB_URBAN,ROAD,10,16.0
24734,1,2,120,5,1,60.0,0,N,LARGE_PROVINCIAL_CITIES,DRIVE,10,17.0
24735,4,7,99,5,9,50.0,0,N,MELB_URBAN,OTHER,10,19.0
24736,2,6,99,5,1,60.0,0,N,MELB_URBAN,STREET,10,16.0
24737,8,1,174,2,1,60.0,0,I,RURAL_VICTORIA,ROAD,10,11.0
24738,6,2,174,5,1,100.0,0,N,MELB_URBAN,FREEWAY,10,15.0
24739,1,2,99,2,1,80.0,0,I,MELB_URBAN,ROAD,10,16.0
24740,1,1,135,5,2,100.0,0,N,MELB_URBAN,ROAD,10,18.0
24741,4,2,183,5,1,80.0,0,N,RURAL_VICTORIA,ROAD,10,14.0
24742,1,2,130,5,1,100.0,0,N,MELB_URBAN,ROAD,10,17.0
24743,6,2,99,5,1,80.0,0,N,RURAL_VICTORIA,ROAD,10,12.0
24744,4,2,183,5,1,80.0,0,N,RURAL_VICTORIA,ROAD,10,14.0
24745,1,2,110,1,1,80.0,0,I,MELB_URBAN,HIGHWAY,10,15.0
24746,8,1,174,5,1,100.0,0,N,RURAL_VICTORIA,ROAD,10,10.0
24747,1,3,110,1,1,40.0,0,I,MELB_URBAN,STREET,10,8.0
24748,1,1,120,2,5,60.0,0,I,RURAL_VICTORIA,ROAD,10,1.0
24749,4,2,173,1,3,80.0,0,I,RURAL_VICTORIA,ROAD,10,22.0
24750,1,3,130,5,1,100.0,0,N,MELB_URBAN,UNKNOWN,10,9.0
24751,8,5,170,1,1,60.0,0,I,MELB_URBAN,STREET,10,17.0
24752,1,2,133,5,1,50.0,0,N,MELB_URBAN,AVENUE,8,8.0
24753,1,3,130,5,9,60.0,0,N,MELB_URBAN,STREET,10,12.0
24754,1,7,130,1,1,70.0,0,I,MELB_URBAN,ROAD,10,13.0
24755,1,3,130,2,1,60.0,0,I,MELB_URBAN,PARADE,10,13.0
24756,1,3,113,2,1,60.0,0,I,MELB_URBAN,STREET,10,8.0
24757,1,2,130,1,1,70.0,0,I,LARGE_PROVINCIAL_CITIES,STREET,10,8.0
24758,1,1,130,2,1,60.0,0,N,MELB_URBAN,HIGHWAY,10,12.0
24759,4,3,171,2,2,80.0,0,I,RURAL_VICTORIA,ROAD,10,7.0
24760,1,3,130,5,1,80.0,0,N,MELB_URBAN,OTHER,10,13.0
24761,1,1,99,2,1,80.0,0,I,TOWNS,STREET,10,8.0
24762,8,3,174,1,1,50.0,0,I,MELB_URBAN,STREET,10,11.0
24763,1,3,110,1,1,100.0,0,I,RURAL_VICTORIA,ROAD,10,14.0
24764,4,3,171,2,1,70.0,0,I,MELB_URBAN,ROAD,10,15.0
24765,1,7,111,2,1,50.0,0,I,TOWNS,HIGHWAY,10,18.0
24766,3,1,167,2,1,60.0,0,N,MELB_URBAN,PARADE,10,8.0
24767,1,4,163,5,1,50.0,0,N,MELB_URBAN,STREET,10,8.0
24768,1,3,130,2,1,60.0,0,I,SMALL_CITIES,STREET,10,16.0
24769,1,1,111,2,1,60.0,0,I,MELB_URBAN,OTHER,10,16.0
24770,1,3,135,2,4,60.0,0,I,MELB_URBAN,STREET,10,18.0
24771,1,3,133,1,1,60.0,0,I,MELB_URBAN,HIGHWAY,10,17.0
24772,1,3,130,5,1,100.0,0,N,MELB_URBAN,FREEWAY,10,16.0