,accident_type,day_of_week,dca_code,road_geometry,light_condition,speed_zone,severity,node_type,deg_urban_name,road_type,month,hour
24773,1,2,130,2,1,60.0,0,N,MELB_URBAN,ROAD,10,15.0
24774,1,3,130,2,1,60.0,0,I,MELB_URBAN,STREET,10,17.0
24775,6,3,99,5,1,80.0,0,N,RURAL_VICTORIA,ROAD,10,17.0
24776,1,3,113,2,2,90.0,0,I,RURAL_VICTORIA,DRIVE,10,18.0
24777,1,3,147,5,1,60.0,0,N,MELB_URBAN,STREET,10,17.0
24778,1,1,99,1,3,60.0,0,I,MELB_URBAN,STREET,10,21.0
24779,1,3,130,2,3,70.0,0,I,MELB_URBAN,ROAD,10,19.0
24780,1,3,121,1,3,80.0,0,I,MELB_URBAN,ROAD,10,21.0
24781,4,3,171,5,9,60.0,0,N,MELB_URBAN,DRIVE,10,20.0
24782,1,3,99,5,1,100.0,0,N,MELB_URBAN,ROAD,10,17.0
24783,1,3,110,1,3,70.0,0,I,MELB_URBAN,ROAD,10,22.0
24784,1,2,130,2,2,60.0,0,I,MELB_URBAN,ROAD,7,16.0
24785,4,7,171,5,5,80.0,0,N,RURAL_VICTORIA,ROAD,9,21.0
24786,2,3,102,5,1,50.0,0,N,MELB_URBAN,DRIVE,10,16.0
24787,1,4,110,4,2,60.0,0,I,MELB_URBAN,ROAD,10,6.0
24788,1,4,135,5,1,80.0,0,N,MELB_URBAN,FREEWAY,10,8.0
24789,1,3,130,2,2,70.0,0,I,MELB_URBAN,ROAD,10,18.0
24790,1,4,120,1,1,60.0,0,I,LARGE_PROVINCIAL_CITIES,ROAD,10,8.0
24791,1,4,99,4,1,50.0,0,I,MELB_URBAN,RAMP,10,7.0
24792,1,3,113,2,1,50.0,0,I,MELB_URBAN,OTHER,10,18.0
24793,1,4,130,5,1,80.0,0,N,MELB_URBAN,HIGHWAY,10,9.0
24794,1,4,130,5,1,100.0,0,N,MELB_URBAN,FREEWAY,10,8.0
24795,1,3,99,1,1,50.0,0,I,MELB_URBAN,STREET,8,8.0
24796,1,3,110,1,1,60.0,0,I,MELB_URBAN,STREET,10,18.0
24797,1,5,132,2,1,60.0,0,I,LARGE_PROVINCIAL_CITIES,ROAD,10,11.0
24798,8,4,170,5,9,60.0,0,N,SMALL_CITIES,ROAD,10,12.0
24799,1,3,121,1,1,60.0,0,I,MELB_URBAN,STREET,10,11.0
24800,1,4,99,5,1,40.0,0,N,MELBOURNE_CBD,STREET,10,12.0
24801,6,3,184,5,3,70.0,0,N,RURAL_VICTORIA,ROAD,10,21.0
24802,2,4,100,2,1,60.0,1,I,MELB_URBAN,ROAD,10,11.0
24803,1,4,113,2,1,60.0,0,I,MELB_URBAN,ROAD,10,11.0
24804,1,1,130,2,1,60.0,0,I,MELB_URBAN,ROAD,10,16.0
24805,4,0,171,5,5,60.0,0,N,UNKNOWN,ROAD,10,0.0
24806,2,3,99,5,1,70.0,0,N,MELB_URBAN,ROAD,10,15.0
24807,1,4,110,1,1,80.0,0,I,MELB_URBAN,ROAD,10,15.0
24808,8,4,174,2,1,50.0,0,I,MELB_URBAN,ROAD,10,15.0
24809,1,4,121,2,1,60.0,0,I,MELB_URBAN,AVENUE,10,16.0
24810,6,4,170,5,1,80.0,0,N,MELB_URBAN,HIGHWAY,10,16.0
24811,1,4,120,5,1,70.0,0,N,MELB_URBAN,ROAD,10,15.0
24812,8,4,174,1,1,100.0,0,I,RURAL_VICTORIA,ROAD,10,18.0
24813,1,4,147,5,1,70.0,0,N,MELB_URBAN,ROAD,10,14.0
24814,1,4,160,5,1,50.0,0,N,MELB_URBAN,DRIVE,10,16.0
24815,1,2,121,2,2,60.0,0,I,MELB_URBAN,ROAD,9,18.0
24816,4,4,181,5,1,70.0,0,N,MELB_URBAN,HIGHWAY,10,16.0
24817,1,4,133,1,1,70.0,0,I,MELB_URBAN,ROAD,10,16.0
24818,1,4,130,5,1,60.0,0,N,MELB_URBAN,ROAD,10,17.0
24819,4,4,183,2,1,80.0,0,I,RURAL_VICTORIA,ROAD,10,18.0
24820,1,7,130,1,1,80.0,0,I,MELB_URBAN,ROAD,10,14.0
24821,4,3,171,5,3,60.0,0,N,MELB_URBAN,RAMP,10,19.0
24822,4,4,173,5,1,60.0,1,N,TOWNS,ROAD,10,15.0
24823,1,4,121,2,1,70.0,0,I,MELB_URBAN,STREET,10,17.0
24824,1,4,110,1,3,80.0,0,I,MELB_URBAN,ROAD,10,22.0
24825,1,4,133,5,4,60.0,0,N,MELB_URBAN,ROAD,10,22.0
24826,1,5,130,1,1,80.0,0,I,MELB_URBAN,ROAD,10,17.0
24827,1,4,121,1,3,50.0,0,I,MELB_URBAN,ROAD,10,21.0
24828,1,5,121,2,1,60.0,0,I,MELB_URBAN,ROAD,10,7.0
24829,1,4,140,5,1,50.0,0,N,MELB_URBAN,ROAD,10,15.0
24830,1,5,116,2,1,50.0,0,I,SMALL_CITIES,STREET,10,8.0
24831,4,5,171,5,1,80.0,0,N,MELB_URBAN,ROAD,10,8.0
24832,2,3,100,2,1,60.0,0,I,MELB_URBAN,ROAD,10,14.0
24833,1,4,99,1,1,80.0,0,I,MELB_URBAN,HIGHWAY,10,18.0
24834,1,5,121,2,1,60.0,0,I,MELB_URBAN,ROAD,10,8.0
24835,1,5,121,5,1,60.0,0,N,MELB_URBAN,ROAD,10,10.0
24836,1,5,163,2,1,60.0,0,I,MELB_URBAN,ROAD,10,11.0
24837,1,5,147,5,1,50.0,0,N,TOWNS,STREET,10,14.0
24838,1,4,130,2,1,60.0,0,I,SMALL_CITIES,STREET,10,16.0
24839,1,5,135,5,1,100.0,0,N,MELB_URBAN,FREEWAY,10,14.0
24840,1,5,110,1,1,50.0,0,I,MELB_URBAN,AVENUE,10,14.0
24841,1,5,134,5,1,100.0,0,N,MELB_URBAN,ROAD,10,8.0
24842,4,5,99,1,1,50.0,0,I,MELB_URBAN,STREET,10,14.0
24843,4,5,171,5,1,100.0,0,N,RURAL_VICTORIA,ROAD,10,14.0
24844,1,5,113,2,1,70.0,0,I,MELB_URBAN,ROAD,10,10.0
24845,1,5,99,1,2,100.0,0,N,MELB_URBAN,ROAD,10,17.0
24846,1,6,130,1,1,60.0,0,I,MELB_URBAN,ROAD,10,11.0
24847,1,5,132,1,1,60.0,0,I,MELB_URBAN,ROAD,10,16.0
24848,1,5,130,5,1,100.0,0,N,MELB_URBAN,ROAD,10,16.0
24849,1,5,130,2,1,80.0,0,I,MELB_URBAN,HIGHWAY,10,14.0
24850,4,5,173,5,1,100.0,0,N,RURAL_VICTORIA,HIGHWAY,10,15.0
24851,1,5,116,2,1,80.0,0,I,RURAL_VICTORIA,DRIVE,10,18.0
24852,1,5,121,5,1,50.0,0,N,MELB_URBAN,STREET,10,17.0
24853,4,5,171,2,3,60.0,0,N,MELB_URBAN,ROAD,10,0.0
24854,4,5,171,5,1,50.0,0,N,MELB_URBAN,OTHER,10,6.0
24855,1,6,121,1,1,60.0,0,I,MELB_URBAN,STREET,10,8.0
24856,1,6,121,2,1,50.0,0,I,MELB_URBAN,STREET,10,10.0
24857,1,6,120,5,1,100.0,0,N,RURAL_VICTORIA,ROAD,10,8.0
24858,1,1,130,1,1,60.0,0,I,SMALL_CITIES,AVENUE,9,13.0
24859,8,7,174,5,1,80.0,0,N,RURAL_VICTORIA,OTHER,10,14.0
24860,1,4,110,1,2,50.0,0,I,SMALL_CITIES,STREET,5,17.0
24861,1,5,130,1,1,50.0,0,I,MELB_URBAN,STREET,10,9.0
24862,6,5,170,5,1,100.0,0,N,RURAL_VICTORIA,OTHER,10,9.0
24863,1,5,99,2,2,60.0,0,I,MELB_URBAN,DRIVE,10,7.0
24864,4,1,173,5,1,50.0,0,N,MELB_URBAN,STREET,8,15.0
24865,1,6,140,2,1,70.0,0,I,MELB_URBAN,ROAD,10,13.0
24866,1,6,130,1,1,70.0,0,I,MELB_URBAN,STREET,10,14.0
24867,1,6,130,5,1,80.0,0,N,MELB_URBAN,RAMP,10,15.0
24868,1,6,130,2,1,60.0,0,I,MELB_URBAN,ROAD,10,15.0
24869,1,4,130,1,9,60.0,0,I,MELB_URBAN,ROAD,6,16.0
24870,1,6,130,5,1,60.0,0,N,MELB_URBAN,ROAD,10,14.0
24871,4,6,173,5,1,60.0,0,N,RURAL_VICTORIA,STREET,10,13.0
24872,1,5,160,5,3,50.0,0,N,MELB_URBAN,STREET,10,21.0
24873,1,6,130,1,1,80.0,0,I,MELB_URBAN,ROAD,10,16.0
24874,1,6,147,2,1,60.0,0,N,SMALL_CITIES,STREET,10,11.0
24875,1,1,99,5,3,60.0,0,N,MELB_URBAN,OTHER,10,1.0
24876,8,5,184,5,2,100.0,0,N,MELB_URBAN,FREEWAY,10,5.0
24877,1,6,99,2,1,60.0,0,I,MELB_URBAN,ROAD,10,16.0
24878,1,6,113,2,1,80.0,0,I,MELB_URBAN,ROAD,10,17.0
24879,6,6,170,5,1,100.0,0,N,RURAL_VICTORIA,ROAD,10,15.0
24880,3,4,167,5,2,60.0,0,N,RURAL_VICTORIA,ROAD,9,17.0
24881,1,6,113,2,1,100.0,0,N,RURAL_VICTORIA,HIGHWAY,10,16.0
24882,1,6,130,5,1,60.0,0,N,MELB_URBAN,STREET,10,17.0
24883,1,6,113,2,1,100.0,0,I,RURAL_VICTORIA,ROAD,10,17.0
24884,1,6,99,5,1,100.0,0,N,RURAL_VICTORIA,ROAD,10,18.0
24885,1,6,130,2,1,50.0,0,I,SMALL_CITIES,STREET,10,15.0
24886,1,3,147,5,1,60.0,0,N,MELB_URBAN,ROAD,10,13.0
24887,1,6,121,1,1,60.0,0,I,MELB_URBAN,STREET,10,18.0
24888,1,3,111,2,1,50.0,0,I,MELB_URBAN,STREET,10,12.0
24889,4,6,171,5,1,100.0,0,N,RURAL_VICTORIA,ROAD,10,17.0
24890,2,6,102,2,1,60.0,0,I,SMALL_CITIES,STREET,10,19.0
24891,4,2,171,2,3,50.0,0,I,MELB_URBAN,BOULEVARD,10,0.0
24892,4,6,183,5,3,50.0,0,N,SMALL_CITIES,ROAD,10,22.0
24893,4,7,171,5,5,100.0,0,N,RURAL_VICTORIA,HIGHWAY,10,1.0
24894,4,7,173,2,5,60.0,0,I,MELB_URBAN,ROAD,10,1.0
24895,2,7,102,1,3,60.0,0,I,MELB_URBAN,STREET,10,1.0
24896,4,7,171,5,1,60.0,0,N,LARGE_PROVINCIAL_CITIES,AVENUE,10,7.0
24897,1,7,110,1,1,50.0,0,I,SMALL_CITIES,STREET,10,8.0
24898,4,7,171,5,2,70.0,0,N,MELB_URBAN,ROAD,10,7.0
24899,2,7,99,2,1,60.0,0,I,MELB_URBAN,STREET,10,9.0
24900,1,7,140,5,1,60.0,0,N,MELB_URBAN,ROAD,10,12.0
24901,4,7,181,5,5,100.0,0,N,RURAL_VICTORIA,ROAD,10,2.0
24902,1,7,121,1,1,80.0,0,I,MELB_URBAN,ROAD,10,14.0
24903,1,7,160,5,1,70.0,0,N,MELB_URBAN,ROAD,10,12.0
24904,1,7,130,5,1,100.0,0,N,RURAL_VICTORIA,ROAD,10,12.0
24905,1,6,130,5,1,60.0,0,N,MELB_URBAN,ROAD,10,15.0
24906,1,7,99,1,1,50.0,0,I,MELB_URBAN,ROAD,10,15.0
24907,4,7,181,2,1,100.0,0,I,RURAL_VICTORIA,ROAD,10,15.0
24908,4,6,173,5,3,100.0,0,N,SMALL_TOWNS,STREET,10,23.0
24909,4,7,171,5,1,80.0,0,N,RURAL_VICTORIA,ROAD,10,15.0
24910,1,4,99,2,1,40.0,0,I,MELB_URBAN,STREET,8,13.0
24911,1,7,163,5,1,40.0,0,N,MELB_URBAN,ROAD,10,16.0
24912,4,7,173,5,1,100.0,0,N,RURAL_VICTORIA,HIGHWAY,10,14.0
24913,1,7,130,1,1,80.0,0,N,MELB_URBAN,HIGHWAY,10,15.0
24914,2,7,102,2,1,60.0,0,I,MELB_URBAN,ROAD,10,17.0
24915,1,6,130,5,1,60.0,0,N,MELB_URBAN,ROAD,10,15.0
24916,1,7,99,2,2,60.0,0,I,MELB_URBAN,ROAD,10,19.0
24917,1,7,99,2,1,50.0,0,N,MELB_URBAN,STREET,10,16.0
24918,1,7,121,1,3,70.0,0,I,MELB_URBAN,RAMP,10,20.0
24919,4,7,171,5,2,80.0,0,N,RURAL_VICTORIA,ROAD,10,19.0
24920,4,7,171,5,5,100.0,0,N,MELB_URBAN,HIGHWAY,10,21.0
24921,1,7,113,1,1,80.0,0,I,MELB_URBAN,HIGHWAY,8,12.0
24922,1,6,99,1,1,60.0,0,I,MELB_URBAN,ROAD,6,10.0
24923,4,1,99,5,1,50.0,0,N,RURAL_VICTORIA,OTHER,10,8.0
24924,1,1,113,4,1,70.0,0,N,MELB_URBAN,ROAD,10,11.0
24925,1,1,113,2,1,60.0,0,I,MELB_URBAN,ROAD,10,10.0
24926,1,1,99,2,1,70.0,0,I,MELB_URBAN,ROAD,10,13.0
24927,1,1,130,5,1,80.0,0,N,MELB_URBAN,FREEWAY,10,12.0
24928,1,1,110,1,1,40.0,0,I,MELBOURNE_CBD,STREET,10,13.0
24929,1,1,130,5,1,80.0,0,N,RURAL_VICTORIA,ROAD,10,14.0
24930,1,1,113,1,1,70.0,0,I,MELB_URBAN,ROAD,10,11.0
24931,4,1,181,5,2,80.0,0,N,RURAL_VICTORIA,ROAD,10,7.0
24932,1,1,113,1,1,100.0,0,I,RURAL_VICTORIA,HIGHWAY,10,12.0
24933,1,1,130,5,1,70.0,0,N,LARGE_PROVINCIAL_CITIES,OTHER,10,15.0
24934,1,1,140,2,1,60.0,0,I,MELB_URBAN,ROAD,10,16.0
24935,4,1,171,5,1,100.0,0,N,RURAL_VICTORIA,HIGHWAY,10,13.0
24936,4,1,181,5,1,100.0,0,N,RURAL_VICTORIA,ROAD,10,17.0
24937,1,1,113,2,1,60.0,0,I,MELB_URBAN,ROAD,10,18.0
24938,4,2,173,5,3,40.0,0,N,MELB_URBAN,STREET,8,2.0
24939,4,5,183,2,5,100.0,0,I,TOWNS,ROAD,5,19.0
24940,1,1,121,2,2,70.0,0,I,LARGE_PROVINCIAL_CITIES,STREET,10,19.0
24941,4,1,173,2,2,50.0,0,I,MELB_URBAN,STREET,10,19.0
24942,1,1,163,5,1,60.0,0,N,MELB_URBAN,STREET,10,9.0
24943,2,6,100,2,1,60.0,0,I,MELB_URBAN,ROAD,10,16.0
24944,1,1,121,2,3,80.0,0,N,MELB_URBAN,ROAD,10,22.0
24945,4,0,181,5,3,50.0,0,N,MELB_URBAN,OTHER,10,22.0
24946,4,2,171,5,5,70.0,0,N,RURAL_VICTORIA,ROAD,10,0.0
24947,1,2,113,2,2,70.0,0,I,RURAL_VICTORIA,ROAD,10,7.0
24948,1,2,111,2,2,60.0,0,I,LARGE_PROVINCIAL_CITIES,ROAD,10,7.0
24949,1,2,130,5,1,100.0,0,N,MELB_URBAN,FREEWAY,10,8.0
24950,2,2,102,1,1,60.0,0,I,MELB_URBAN,STREET,10,9.0
24951,1,2,132,2,1,60.0,0,I,MELB_URBAN,ROAD,8,13.0
24952,4,2,181,2,1,100.0,0,I,RURAL_VICTORIA,ROAD,10,7.0
24953,2,7,102,5,5,50.0,0,N,MELB_URBAN,DRIVE,10,21.0
24954,1,5,133,4,2,60.0,0,I,MELB_URBAN,STREET,4,7.0
24955,1,1,99,2,1,50.0,0,I,MELB_URBAN,DRIVE,10,8.0
24956,1,2,110,1,1,100.0,0,I,RURAL_VICTORIA,HIGHWAY,10,7.0
24957,1,2,113,2,1,80.0,0,I,MELB_URBAN,ROAD,10,11.0
24958,1,2,99,5,1,70.0,0,N,MELB_URBAN,ROAD,10,8.0
24959,1,2,99,1,1,100.0,0,I,RURAL_VICTORIA,ROAD,10,8.0
24960,8,2,174,1,1,50.0,0,I,MELB_URBAN,DRIVE,10,12.0
24961,1,2,113,2,1,80.0,0,I,MELB_URBAN,ROAD,10,12.0
24962,2,6,99,5,9,60.0,0,N,MELB_URBAN,ROAD,10,11.0
24963,1,2,116,1,1,50.0,0,I,MELB_URBAN,STREET,10,11.0
24964,8,1,184,2,1,70.0,0,I,RURAL_VICTORIA,ROAD,10,16.0
24965,8,3,174,5,1,60.0,0,N,MELB_URBAN,ROAD,10,15.0
24966,1,2,110,1,1,100.0,1,I,RURAL_VICTORIA,HIGHWAY,10,9.0
24967,1,2,132,2,1,80.0,0,I,RURAL_VICTORIA,HIGHWAY,10,10.0
24968,1,2,110,1,1,60.0,0,I,SMALL_CITIES,ROAD,10,13.0
24969,1,3,130,2,1,80.0,0,N,MELB_URBAN,ROAD,7,12.0
24970,4,6,173,5,5,100.0,0,N,MELB_URBAN,FREEWAY,8,4.0
24971,1,1,130,5,1,60.0,0,N,MELB_URBAN,ROAD,9,7.0
24972,3,6,167,5,2,90.0,0,N,RURAL_VICTORIA,ROAD,3,19.0
24973,1,2,140,1,1,70.0,0,I,LARGE_PROVINCIAL_CITIES,HIGHWAY,10,14.0
24974,1,2,110,1,1,60.0,0,I,TOWNS,STREET,10,15.0
24975,1,2,99,5,1,100.0,0,N,RURAL_VICTORIA,UNKNOWN,10,16.0
24976,1,2,121,2,1,60.0,0,I,MELB_URBAN,ROAD,10,17.0
24977,1,2,130,2,1,60.0,0,I,MELB_URBAN,ROAD,10,18.0
24978,4,2,181,5,1,60.0,0,N,MELB_URBAN,PARADE,10,18.0
24979,1,2,113,2,1,60.0,0,I,MELB_URBAN,ROAD,10,16.0
24980,4,2,171,2,3,70.0,0,N,MELB_URBAN,ROAD,10,20.0
24981,1,2,110,1,2,90.0,0,I,MELB_URBAN,ROAD,10,19.0
24982,1,2,121,1,1,80.0,0,I,MELB_URBAN,HIGHWAY,10,5.0
24983,1,5,113,2,1,50.0,0,I,TOWNS,STREET,10,16.0
24984,1,5,130,1,1,50.0,0,I,MELB_URBAN,STREET,10,16.0
24985,1,3,120,5,5,100.0,1,N,RURAL_VICTORIA,HIGHWAY,10,7.0
24986,2,5,100,1,1,60.0,0,I,MELB_URBAN,ROAD,6,10.0
24987,1,3,99,1,2,80.0,0,I,RURAL_VICTORIA,HIGHWAY,10,6.0
24988,1,5,130,2,1,60.0,0,I,LARGE_PROVINCIAL_CITIES,ROAD,8,17.0
24989,1,6,120,5,1,70.0,0,N,RURAL_VICTORIA,ROAD,10,18.0
24990,1,4,130,5,1,40.0,0,N,RURAL_VICTORIA,ROAD,9,17.0
24991,6,2,174,1,1,40.0,0,I,MELB_URBAN,STREET,10,7.0
24992,2,2,99,2,1,60.0,0,I,MELB_URBAN,STREET,10,18.0
24993,1,7,130,1,1,40.0,0,I,MELB_URBAN,ROAD,10,10.0
24994,1,2,130,5,1,60.0,0,N,MELB_URBAN,ROAD,10,10.0
24995,4,3,173,2,1,60.0,0,N,MELB_URBAN,STREET,10,9.0
24996,1,3,140,5,1,100.0,0,N,MELB_URBAN,FREEWAY,10,9.0
24997,1,3,110,1,1,60.0,0,I,MELB_URBAN,ROAD,10,11.0
24998,1,2,116,2,1,40.0,0,I,MELB_URBAN,STREET,10,8.0
24999,1,5,130,1,1,40.0,0,I,MELB_URBAN,STREET,5,8.0
25000,1,1,132,2,2,50.0,0,I,MELB_URBAN,STREET,10,4.0
25001,1,3,121,1,1,40.0,0,I,MELB_URBAN,STREET,10,11.0
25002,8,1,174,5,1,60.0,0,N,RURAL_VICTORIA,ROAD,10,11.0
25003,6,6,170,2,1,40.0,0,I,TOWNS,ROAD,9,14.0
25004,1,3,130,5,2,40.0,0,N,MELB_URBAN,ROAD,10,6.0
25005,4,3,171,2,2,50.0,0,I,MELB_URBAN,STREET,10,6.0
25006,1,3,121,2,1,70.0,0,I,MELB_URBAN,ROAD,10,10.0
25007,1,2,133,5,1,110.0,0,N,SMALL_CITIES,FREEWAY,9,15.0
25008,3,5,167,4,5,100.0,0,N,RURAL_VICTORIA,ROAD,9,22.0
25009,1,3,130,1,1,60.0,0,I,MELB_URBAN,ROAD,10,14.0
25010,4,3,171,5,1,110.0,0,N,RURAL_VICTORIA,FREEWAY,10,14.0
25011,8,5,184,5,1,100.0,0,N,RURAL_VICTORIA,ROAD,10,18.0
25012,1,3,130,5,1,80.0,0,N,MELB_URBAN,STREET,10,15.0
25013,6,5,170,1,1,100.0,0,I,RURAL_VICTORIA,ROAD,10,11.0
25014,6,5,174,5,1,60.0,0,N,RURAL_VICTORIA,OTHER,10,16.0
25015,8,2,170,5,2,60.0,0,N,LARGE_PROVINCIAL_CITIES,STREET,9,18.0
25016,4,3,171,5,1,60.0,0,N,MELB_URBAN,ROAD,10,16.0
25017,1,3,130,2,1,60.0,0,I,MELB_URBAN,ROAD,10,16.0
25018,2,3,99,5,1,50.0,0,N,MELB_URBAN,STREET,10,16.0
25019,8,2,99,5,1,60.0,0,N,RURAL_VICTORIA,ROAD,10,16.0
25020,1,3,110,1,1,60.0,0,I,MELB_URBAN,ROAD,10,10.0
25021,1,3,99,5,1,60.0,0,N,MELB_URBAN,STREET,10,17.0
25022,1,2,147,1,1,50.0,0,I,MELB_URBAN,ROAD,10,15.0
25023,6,3,99,5,1,110.0,0,N,RURAL_VICTORIA,HIGHWAY,10,16.0
25024,1,3,99,2,1,40.0,0,I,MELB_URBAN,STREET,10,18.0
25025,1,6,130,2,1,60.0,0,I,MELB_URBAN,ROAD,10,15.0
25026,1,3,147,5,2,50.0,0,N,SMALL_CITIES,STREET,10,19.0
25027,1,6,130,3,1,100.0,0,N,MELB_URBAN,RAMP,3,16.0
25028,1,3,113,2,1,60.0,0,I,MELB_URBAN,ROAD,10,17.0
25029,3,3,167,5,2,100.0,0,N,RURAL_VICTORIA,ROAD,10,5.0
25030,1,3,130,2,1,60.0,0,I,LARGE_PROVINCIAL_CITIES,ROAD,10,15.0
25031,4,3,171,5,5,100.0,0,N,RURAL_VICTORIA,ROAD,10,22.0
25032,1,3,121,1,3,80.0,0,I,MELB_URBAN,ROAD,10,21.0
25033,4,4,171,5,3,60.0,0,N,MELB_URBAN,ROAD,10,3.0
25034,1,3,113,2,1,60.0,0,I,MELB_URBAN,ROAD,10,16.0
25035,2,4,99,5,3,60.0,0,N,TOWNS,STREET,10,2.0
25036,1,3,120,5,5,100.0,0,N,RURAL_VICTORIA,HIGHWAY,10,21.0
25037,1,3,147,5,1,30.0,0,N,MELB_URBAN,ROAD,10,16.0
25038,2,4,99,5,1,60.0,0,N,TOWNS,ROAD,10,8.0
25039,1,3,130,1,1,80.0,0,I,MELB_URBAN,ROAD,10,11.0
25040,8,4,184,5,1,60.0,0,N,RURAL_VICTORIA,OTHER,10,16.0
25041,1,4,130,5,1,60.0,0,N,MELB_URBAN,ROAD,10,9.0
25042,1,4,130,1,1,70.0,0,I,LARGE_PROVINCIAL_CITIES,ROAD,10,8.0
25043,1,6,130,5,1,70.0,0,N,MELB_URBAN,ROAD,10,16.0
25044,1,7,130,2,1,40.0,0,I,LARGE_PROVINCIAL_CITIES,STREET,8,16.0
25045,1,1,140,2,9,60.0,0,I,MELB_URBAN,ROAD,10,12.0
25046,4,3,171,5,3,50.0,0,N,MELB_URBAN,ROAD,10,20.0
25047,1,3,120,5,1,60.0,0,N,MELB_URBAN,ROAD,10,17.0
25048,1,4,113,1,1,80.0,1,I,MELB_URBAN,HIGHWAY,10,11.0
25049,1,4,121,2,1,80.0,0,I,MELB_URBAN,ROAD,10,11.0
25050,1,4,99,2,1,50.0,0,I,MELB_URBAN,ROAD,10,8.0
25051,8,6,174,5,1,100.0,0,N,RURAL_VICTORIA,ROAD,10,18.0
25052,1,4,130,1,1,60.0,0,I,MELB_URBAN,ROAD,10,13.0
25053,4,4,99,2,1,50.0,0,I,MELB_URBAN,DRIVE,10,14.0
25054,1,1,135,5,1,80.0,0,N,MELB_URBAN,FREEWAY,10,15.0
25055,1,4,135,5,1,80.0,0,N,MELB_URBAN,FREEWAY,8,17.0
25056,1,4,99,5,1,60.0,0,N,MELB_URBAN,ROAD,10,14.0
25057,2,4,99,5,1,50.0,0,N,MELB_URBAN,STREET,10,16.0
25058,1,4,160,5,1,60.0,0,N,MELB_URBAN,PARADE,10,15.0
25059,1,4,99,1,1,50.0,0,I,MELB_URBAN,STREET,10,9.0
25060,1,4,163,5,1,40.0,0,N,MELB_URBAN,STREET,10,16.0
25061,1,4,121,2,1,70.0,0,I,MELB_URBAN,ROAD,10,16.0
25062,1,4,134,5,1,100.0,0,N,MELB_URBAN,ROAD,10,17.0
25063,1,4,121,1,1,60.0,0,I,MELB_URBAN,ROAD,10,15.0
25064,1,4,121,2,1,60.0,0,I,MELB_URBAN,ROAD,10,14.0
25065,1,4,130,2,1,80.0,0,I,MELB_URBAN,ROAD,10,18.0
25066,1,6,110,1,1,60.0,0,I,LARGE_PROVINCIAL_CITIES,STREET,10,19.0
25067,1,2,130,2,1,60.0,0,I,RURAL_VICTORIA,ROAD,12,10.0
25068,1,5,130,2,1,60.0,0,I,MELB_URBAN,STREET,10,16.0
25069,2,4,100,5,3,30.0,0,N,MELBOURNE_CBD,STREET,10,19.0
25070,2,4,100,5,1,50.0,0,N,MELB_URBAN,ROAD,10,15.0
25071,4,4,99,2,2,100.0,0,N,SMALL_TOWNS,STREET,10,20.0
25072,1,4,121,2,5,100.0,0,I,MELB_URBAN,FREEWAY,10,20.0
25073,8,4,99,5,5,100.0,0,N,RURAL_VICTORIA,ROAD,10,21.0
25074,1,4,113,2,2,80.0,0,I,RURAL_VICTORIA,ROAD,10,6.0
25075,1,4,99,5,3,50.0,0,N,MELB_URBAN,STREET,10,23.0
25076,2,4,99,5,3,60.0,0,N,MELB_URBAN,STREET,10,1.0
25077,1,5,130,5,1,60.0,0,N,MELB_URBAN,STREET,10,14.0
25078,2,5,99,5,1,50.0,0,N,MELB_URBAN,ROAD,10,7.0
25079,1,5,160,2,1,60.0,0,I,MELB_URBAN,ROAD,10,6.0
25080,1,5,113,2,1,60.0,0,I,MELB_URBAN,ROAD,10,8.0
25081,1,5,130,1,1,60.0,0,I,MELB_URBAN,ROAD,10,14.0
25082,1,5,147,5,1,60.0,0,N,MELB_URBAN,ROAD,10,7.0
25083,1,5,121,2,1,60.0,0,I,MELB_URBAN,OTHER,10,8.0
25084,1,5,135,5,1,40.0,0,N,MELBOURNE_CBD,STREET,10,9.0
25085,4,5,173,5,1,100.0,0,N,RURAL_VICTORIA,FREEWAY,10,8.0
25086,1,3,130,1,1,80.0,0,I,MELB_URBAN,ROAD,10,17.0
25087,1,4,130,2,3,60.0,0,I,MELB_URBAN,ROAD,9,22.0
25088,2,5,100,5,1,70.0,1,N,LARGE_PROVINCIAL_CITIES,HIGHWAY,10,10.0
25089,1,5,140,5,1,60.0,0,N,MELB_URBAN,STREET,10,8.0
25090,1,5,135,5,1,80.0,0,N,MELB_URBAN,HIGHWAY,10,12.0
25091,1,5,132,2,1,60.0,0,I,MELB_URBAN,ROAD,10,12.0
25092,5,5,99,5,1,70.0,0,N,MELB_URBAN,ROAD,10,11.0
25093,6,4,99,5,1,100.0,0,N,RURAL_VICTORIA,ROAD,10,16.0
25094,1,7,111,1,1,50.0,0,I,MELB_URBAN,ROAD,10,18.0
25095,1,5,113,2,1,60.0,0,I,MELB_URBAN,OTHER,10,15.0
25096,2,5,99,5,2,40.0,0,N,MELB_URBAN,ROAD,10,16.0
25097,1,3,116,2,1,50.0,0,I,MELB_URBAN,ROAD,10,11.0
25098,1,5,99,5,1,100.0,0,N,RURAL_VICTORIA,HIGHWAY,10,9.0
25099,8,3,99,5,2,100.0,0,N,RURAL_VICTORIA,RAMP,10,19.0
25100,2,5,100,5,1,40.0,0,N,MELB_URBAN,DRIVE,10,15.0
25101,1,5,121,1,1,50.0,0,I,SMALL_CITIES,STREET,10,16.0