,accident_type,day_of_week,dca_code,road_geometry,light_condition,speed_zone,severity,node_type,deg_urban_name,road_type,month,hour
25102,7,5,99,2,1,60.0,0,I,MELB_URBAN,STREET,10,17.0
25103,1,5,132,5,1,60.0,0,N,MELB_URBAN,ROAD,10,17.0
25104,1,1,147,5,1,70.0,0,N,MELB_URBAN,ROAD,10,11.0
25105,1,5,134,5,1,60.0,0,N,MELB_URBAN,ROAD,10,17.0
25106,1,5,147,5,1,60.0,0,N,MELB_URBAN,STREET,10,17.0
25107,4,5,171,5,1,100.0,0,N,RURAL_VICTORIA,ROAD,10,17.0
25108,1,5,163,5,1,50.0,0,N,MELB_URBAN,ROAD,10,13.0
25109,1,5,133,5,1,100.0,0,N,MELB_URBAN,FREEWAY,10,15.0
25110,1,5,121,1,2,50.0,0,I,MELB_URBAN,HIGHWAY,10,18.0
25111,1,5,121,1,1,60.0,0,I,MELB_URBAN,HIGHWAY,10,18.0
25112,1,5,132,2,1,80.0,0,I,RURAL_VICTORIA,ROAD,10,15.0
25113,1,6,140,5,1,60.0,0,N,MELB_URBAN,STREET,9,16.0
25114,1,5,130,5,1,80.0,0,N,MELB_URBAN,HIGHWAY,10,16.0
25115,1,5,99,5,2,50.0,0,N,TOWNS,STREET,10,20.0
25116,4,6,99,5,3,60.0,0,N,MELB_URBAN,ROAD,11,1.0
25117,2,5,99,2,1,50.0,0,I,SMALL_CITIES,STREET,10,15.0
25118,1,6,99,5,1,70.0,0,N,SMALL_CITIES,STREET,11,9.0
25119,1,6,110,1,1,110.0,0,N,RURAL_VICTORIA,ROAD,11,8.0
25120,1,5,130,5,1,60.0,0,N,LARGE_PROVINCIAL_CITIES,STREET,10,17.0
25121,1,2,163,5,1,40.0,0,N,MELB_URBAN,PARADE,10,8.0
25122,1,6,132,5,1,60.0,0,N,SMALL_CITIES,STREET,11,10.0
25123,1,6,113,1,1,60.0,0,I,MELB_URBAN,ROAD,11,9.0
25124,9,6,99,5,1,50.0,0,N,TOWNS,DRIVE,11,8.0
25125,1,2,113,2,1,80.0,0,I,MELB_URBAN,ROAD,9,12.0
25126,1,4,99,1,1,80.0,0,I,MELB_URBAN,HIGHWAY,10,10.0
25127,6,6,174,5,1,70.0,0,N,MELB_URBAN,STREET,11,13.0
25128,4,5,173,5,1,100.0,0,N,RURAL_VICTORIA,HIGHWAY,10,13.0
25129,1,6,160,5,1,60.0,0,N,MELB_URBAN,ROAD,11,12.0
25130,1,5,120,2,1,70.0,0,I,RURAL_VICTORIA,ROAD,10,15.0
25131,1,5,120,5,2,80.0,0,N,RURAL_VICTORIA,HIGHWAY,10,20.0
25132,1,6,130,5,1,60.0,0,N,MELB_URBAN,ROAD,11,13.0
25133,1,6,147,2,1,60.0,0,I,LARGE_PROVINCIAL_CITIES,STREET,11,8.0
25134,1,6,134,1,1,80.0,0,I,MELB_URBAN,ROAD,11,15.0
25135,1,6,99,2,1,60.0,0,I,SMALL_CITIES,ROAD,11,12.0
25136,6,1,170,5,9,60.0,0,N,RURAL_VICTORIA,ROAD,10,15.0
25137,1,6,113,2,1,60.0,0,I,MELB_URBAN,STREET,11,14.0
25138,8,3,174,4,1,70.0,0,N,MELB_URBAN,RAMP,10,9.0
25139,4,6,171,1,1,60.0,0,I,MELB_URBAN,ROAD,11,13.0
25140,6,6,99,5,1,100.0,0,N,RURAL_VICTORIA,ROAD,11,13.0
25141,1,6,130,5,1,60.0,0,N,SMALL_CITIES,STREET,11,15.0
25142,1,6,133,2,1,60.0,0,I,MELB_URBAN,ROAD,11,17.0
25143,1,5,121,5,1,60.0,0,N,LARGE_PROVINCIAL_CITIES,STREET,10,15.0
25144,4,6,181,5,1,100.0,0,N,RURAL_VICTORIA,HIGHWAY,11,10.0
25145,1,6,113,2,1,60.0,0,I,MELB_URBAN,STREET,11,17.0
25146,1,6,132,2,1,60.0,0,I,LARGE_PROVINCIAL_CITIES,ROAD,11,17.0
25147,1,6,121,4,1,60.0,0,N,MELB_URBAN,RAMP,11,16.0
25148,1,6,130,5,1,100.0,0,N,RURAL_VICTORIA,STREET,11,17.0
25149,8,2,174,2,1,60.0,0,I,MELB_URBAN,STREET,10,12.0
25150,1,6,120,5,1,60.0,0,N,RURAL_VICTORIA,ROAD,11,18.0
25151,1,6,120,5,1,100.0,0,N,RURAL_VICTORIA,ROAD,11,16.0
25152,2,6,99,5,1,60.0,0,N,MELB_URBAN,OTHER,11,7.0
25153,8,5,99,1,1,70.0,0,N,MELB_URBAN,STREET,10,11.0
25154,1,6,121,2,1,60.0,0,I,MELB_URBAN,ROAD,11,17.0
25155,4,7,173,1,3,80.0,0,I,MELB_URBAN,DRIVE,11,2.0
25156,4,7,181,2,5,100.0,0,N,RURAL_VICTORIA,ROAD,11,1.0
25157,4,7,171,5,5,100.0,0,N,RURAL_VICTORIA,HIGHWAY,11,5.0
25158,4,6,171,2,1,50.0,0,I,MELB_URBAN,AVENUE,11,12.0
25159,4,7,171,5,2,110.0,0,N,RURAL_VICTORIA,FREEWAY,11,7.0
25160,4,7,171,2,1,50.0,0,I,MELB_URBAN,AVENUE,11,9.0
25161,1,7,116,1,1,60.0,0,I,MELB_URBAN,ROAD,11,9.0
25162,6,7,174,2,1,60.0,0,I,MELB_URBAN,ROAD,10,10.0
25163,8,6,174,2,1,80.0,0,I,MELB_URBAN,HIGHWAY,11,9.0
25164,1,7,99,5,1,100.0,0,N,RURAL_VICTORIA,ROAD,11,10.0
25165,1,7,110,1,1,100.0,0,I,RURAL_VICTORIA,STREET,11,12.0
25166,1,7,99,5,1,100.0,0,N,LARGE_PROVINCIAL_CITIES,ROAD,11,11.0
25167,1,7,99,1,1,60.0,0,I,MELB_URBAN,STREET,11,8.0
25168,1,7,99,1,1,100.0,0,I,RURAL_VICTORIA,HIGHWAY,11,12.0
25169,1,6,160,5,3,60.0,0,N,MELB_URBAN,ROAD,11,23.0
25170,1,7,110,1,1,80.0,0,I,RURAL_VICTORIA,ROAD,11,11.0
25171,1,7,99,1,1,70.0,0,I,MELB_URBAN,ROAD,11,12.0
25172,1,7,99,2,1,60.0,1,I,MELB_URBAN,STREET,11,13.0
25173,1,7,147,5,1,60.0,0,N,SMALL_CITIES,ROAD,11,9.0
25174,1,3,130,2,1,60.0,0,I,MELB_URBAN,ROAD,10,16.0
25175,2,3,100,4,1,60.0,0,I,MELB_URBAN,ROAD,10,12.0
25176,8,7,99,5,1,100.0,0,N,RURAL_VICTORIA,ROAD,11,12.0
25177,1,7,163,2,1,60.0,0,I,MELB_URBAN,ROAD,11,15.0
25178,1,7,121,2,1,50.0,0,I,MELB_URBAN,ROAD,11,13.0
25179,2,2,99,4,1,60.0,0,I,LARGE_PROVINCIAL_CITIES,STREET,10,9.0
25180,1,7,110,1,1,100.0,0,I,RURAL_VICTORIA,HIGHWAY,11,9.0
25181,4,7,183,5,1,100.0,0,N,RURAL_VICTORIA,ROAD,11,13.0
25182,4,7,181,5,1,80.0,0,N,RURAL_VICTORIA,ROAD,11,14.0
25183,1,6,121,2,2,70.0,0,N,MELB_URBAN,ROAD,11,17.0
25184,4,7,99,4,1,50.0,0,I,LARGE_PROVINCIAL_CITIES,ROAD,11,17.0
25185,1,7,99,5,1,100.0,0,N,MELB_URBAN,ROAD,11,18.0
25186,1,7,113,2,1,80.0,0,I,MELB_URBAN,ROAD,11,18.0
25187,2,6,99,5,1,60.0,0,N,MELB_URBAN,STREET,11,12.0
25188,1,7,147,2,1,60.0,0,I,MELB_URBAN,UNKNOWN,11,7.0
25189,1,7,134,5,1,100.0,0,N,MELB_URBAN,FREEWAY,11,16.0
25190,2,7,99,2,2,60.0,0,I,MELB_URBAN,PARADE,11,7.0
25191,1,7,147,2,3,60.0,0,I,SMALL_CITIES,STREET,11,21.0
25192,1,7,121,4,3,80.0,0,I,MELB_URBAN,HIGHWAY,11,20.0
25193,4,7,171,2,1,60.0,0,I,MELB_URBAN,STREET,11,18.0
25194,4,7,99,5,4,40.0,0,N,MELB_URBAN,OTHER,11,21.0
25195,1,7,160,1,1,50.0,0,I,MELB_URBAN,STREET,11,16.0
25196,4,7,171,5,3,60.0,0,N,MELB_URBAN,ROAD,11,21.0
25197,1,7,121,2,3,80.0,0,I,TOWNS,ROAD,11,22.0
25198,4,7,173,5,3,50.0,0,N,LARGE_PROVINCIAL_CITIES,STREET,11,23.0
25199,4,1,173,1,3,80.0,0,I,MELB_URBAN,HIGHWAY,11,1.0
25200,1,1,110,1,3,50.0,0,I,MELB_URBAN,ROAD,11,4.0
25201,6,7,99,5,1,80.0,0,N,RURAL_VICTORIA,ROAD,11,14.0
25202,4,1,171,5,1,90.0,0,N,RURAL_VICTORIA,ROAD,11,9.0
25203,8,1,174,5,1,80.0,0,N,MELB_URBAN,HIGHWAY,10,14.0
25204,5,7,99,5,1,100.0,0,N,RURAL_VICTORIA,ROAD,11,15.0
25205,8,1,184,5,1,60.0,0,N,MELB_URBAN,ROAD,11,10.0
25206,1,1,130,5,1,60.0,0,N,MELB_URBAN,STREET,11,12.0
25207,4,1,181,2,1,110.0,0,I,RURAL_VICTORIA,RAMP,11,12.0
25208,4,1,171,2,1,60.0,0,I,MELB_URBAN,ROAD,11,12.0
25209,1,1,132,5,1,60.0,0,N,MELB_URBAN,ROAD,11,13.0
25210,4,1,171,1,1,60.0,0,I,LARGE_PROVINCIAL_CITIES,ROAD,11,14.0
25211,1,1,110,1,1,60.0,0,I,MELB_URBAN,STREET,11,12.0
25212,4,1,171,5,1,60.0,0,N,MELB_URBAN,PARADE,11,15.0
25213,6,1,99,9,1,100.0,0,N,RURAL_VICTORIA,OTHER,11,14.0
25214,4,1,183,5,1,50.0,0,N,SMALL_CITIES,STREET,11,13.0
25215,1,1,99,5,1,50.0,0,N,MELB_URBAN,STREET,11,17.0
25216,4,1,173,1,1,50.0,0,I,MELB_URBAN,ROAD,11,15.0
25217,2,7,102,1,1,60.0,0,I,MELB_URBAN,DRIVE,11,15.0
25218,4,1,173,5,1,50.0,0,N,MELB_URBAN,DRIVE,11,15.0
25219,1,1,99,5,1,100.0,0,N,MELB_URBAN,ROAD,11,16.0
25220,4,1,173,2,1,50.0,0,I,MELB_URBAN,DRIVE,11,15.0
25221,1,1,110,1,2,50.0,0,I,LARGE_PROVINCIAL_CITIES,AVENUE,11,17.0
25222,1,1,130,5,1,80.0,0,I,MELB_URBAN,ROAD,11,17.0
25223,1,1,120,5,1,60.0,1,N,MELB_URBAN,ROAD,11,14.0
25224,1,1,113,2,1,60.0,0,I,MELB_URBAN,ROAD,11,15.0
25225,4,1,183,5,1,110.0,0,N,SMALL_CITIES,FREEWAY,11,18.0
25226,1,1,135,5,1,80.0,0,N,MELB_URBAN,ROAD,11,8.0
25227,1,4,110,1,1,50.0,0,I,SMALL_CITIES,STREET,9,14.0
25228,2,1,102,5,2,60.0,0,N,MELB_URBAN,STREET,11,19.0
25229,8,1,184,2,3,50.0,0,I,MELB_URBAN,OTHER,11,22.0
25230,2,1,102,5,3,60.0,0,N,MELB_URBAN,BOULEVARD,11,20.0
25231,1,1,121,4,1,70.0,0,I,MELB_URBAN,RAMP,11,16.0
25232,4,1,173,2,3,60.0,0,I,MELB_URBAN,ROAD,11,21.0
25233,4,1,171,5,5,80.0,0,N,RURAL_VICTORIA,ROAD,11,22.0
25234,2,1,100,1,3,70.0,0,I,MELB_URBAN,ROAD,11,23.0
25235,2,4,100,5,1,60.0,0,N,MELB_URBAN,STREET,10,12.0
25236,1,5,110,1,1,60.0,0,I,SMALL_CITIES,STREET,11,11.0
25237,4,1,181,2,1,100.0,0,I,RURAL_VICTORIA,OTHER,11,18.0
25238,1,2,160,5,2,110.0,0,N,RURAL_VICTORIA,FREEWAY,11,6.0
25239,1,2,120,1,2,80.0,0,I,RURAL_VICTORIA,ROAD,11,6.0
25240,8,1,174,5,1,100.0,0,N,RURAL_VICTORIA,ROAD,11,14.0
25241,1,2,135,5,1,100.0,0,N,MELB_URBAN,FREEWAY,11,8.0
25242,1,2,130,2,1,100.0,0,I,RURAL_VICTORIA,HIGHWAY,11,10.0
25243,4,2,173,2,1,80.0,1,I,MELB_URBAN,HIGHWAY,11,5.0
25244,8,2,174,5,1,80.0,0,N,SMALL_TOWNS,ROAD,9,12.0
25245,2,4,99,2,1,50.0,0,I,TOWNS,STREET,10,19.0
25246,1,2,160,5,1,50.0,0,N,LARGE_PROVINCIAL_CITIES,STREET,11,8.0
25247,1,2,120,5,1,60.0,0,N,MELB_URBAN,ROAD,11,11.0
25248,4,7,171,5,1,100.0,0,N,RURAL_VICTORIA,ROAD,11,10.0
25249,1,2,99,5,1,60.0,0,N,MELB_URBAN,ROAD,11,12.0
25250,1,2,130,4,1,80.0,0,I,MELB_URBAN,RAMP,11,14.0
25251,2,7,102,5,2,50.0,0,N,MELB_URBAN,STREET,10,20.0
25252,1,5,111,1,1,60.0,0,I,TOWNS,ROAD,10,13.0
25253,5,7,99,5,1,60.0,0,N,RURAL_VICTORIA,ROAD,11,9.0
25254,5,5,99,5,3,50.0,0,N,MELB_URBAN,STREET,10,0.0
25255,1,2,120,5,1,60.0,1,N,TOWNS,ROAD,11,14.0
25256,5,1,99,5,1,60.0,0,N,RURAL_VICTORIA,ROAD,11,17.0
25257,1,2,110,4,1,50.0,0,I,MELB_URBAN,STREET,11,16.0
25258,8,3,174,2,1,60.0,0,I,RURAL_VICTORIA,ROAD,10,13.0
25259,2,2,100,1,1,80.0,0,I,MELB_URBAN,HIGHWAY,11,16.0
25260,8,2,174,5,1,60.0,0,N,RURAL_VICTORIA,STREET,11,15.0
25261,1,7,147,2,2,70.0,0,N,LARGE_PROVINCIAL_CITIES,HIGHWAY,11,18.0
25262,1,2,121,1,2,60.0,0,I,TOWNS,STREET,11,18.0
25263,1,2,121,1,1,60.0,0,I,SMALL_CITIES,ROAD,11,18.0
25264,1,2,130,2,1,40.0,0,I,MELB_URBAN,ROAD,11,18.0
25265,4,1,99,2,1,60.0,0,I,MELB_URBAN,ROAD,11,15.0
25266,4,2,181,5,1,100.0,0,N,RURAL_VICTORIA,ROAD,11,16.0
25267,1,5,121,2,1,60.0,0,I,MELB_URBAN,ROAD,10,15.0
25268,8,5,174,1,1,60.0,0,I,SMALL_CITIES,ROAD,9,17.0
25269,6,1,174,2,1,50.0,0,N,RURAL_VICTORIA,ROAD,9,14.0
25270,2,3,100,1,1,50.0,0,I,SMALL_CITIES,ROAD,11,11.0
25271,2,4,99,5,1,60.0,0,N,MELB_URBAN,AVENUE,10,11.0
25272,3,3,167,2,1,100.0,0,N,RURAL_VICTORIA,HIGHWAY,11,10.0
25273,2,3,100,5,1,60.0,0,N,MELB_URBAN,ROAD,11,12.0
25274,1,3,130,5,2,50.0,0,N,TOWNS,HIGHWAY,11,7.0
25275,6,3,99,5,1,50.0,0,N,RURAL_VICTORIA,ROAD,11,8.0
25276,1,3,140,5,1,50.0,0,N,MELB_URBAN,ROAD,11,13.0
25277,1,6,130,5,1,70.0,0,N,MELB_URBAN,STREET,11,13.0
25278,1,3,121,1,1,60.0,0,I,MELB_URBAN,BOULEVARD,11,13.0
25279,4,3,173,1,1,60.0,0,I,MELB_URBAN,DRIVE,11,14.0
25280,1,3,113,2,1,50.0,0,I,LARGE_PROVINCIAL_CITIES,UNKNOWN,11,10.0
25281,6,2,170,5,4,100.0,0,I,RURAL_VICTORIA,ROAD,11,22.0
25282,1,0,133,2,2,60.0,0,I,MELB_URBAN,STREET,10,17.0
25283,1,3,130,5,1,80.0,0,N,MELB_URBAN,ROAD,11,11.0
25284,1,3,110,1,1,60.0,0,I,MELB_URBAN,ROAD,11,15.0
25285,1,3,121,1,1,40.0,0,I,MELB_URBAN,STREET,11,15.0
25286,1,3,113,1,1,100.0,0,I,RURAL_VICTORIA,HIGHWAY,11,14.0
25287,4,3,171,5,1,90.0,0,N,MELB_URBAN,HIGHWAY,11,14.0
25288,8,3,99,5,1,100.0,0,N,RURAL_VICTORIA,ROAD,11,16.0
25289,1,2,163,2,1,40.0,0,I,MELB_URBAN,STREET,11,16.0
25290,2,3,99,2,1,60.0,0,I,SMALL_CITIES,STREET,11,16.0
25291,4,3,181,5,1,100.0,0,N,RURAL_VICTORIA,ROAD,11,17.0
25292,1,3,121,2,1,80.0,0,I,RURAL_VICTORIA,ROAD,11,17.0
25293,1,3,121,1,1,70.0,0,I,MELB_URBAN,HIGHWAY,11,16.0
25294,4,3,183,5,1,60.0,0,N,MELB_URBAN,STREET,11,18.0
25295,1,3,99,2,5,100.0,0,I,RURAL_VICTORIA,ROAD,11,20.0
25296,8,4,174,1,3,60.0,0,I,MELB_URBAN,STREET,11,0.0
25297,4,4,173,5,5,60.0,0,N,SMALL_CITIES,DRIVE,11,3.0
25298,4,3,181,5,5,80.0,1,N,RURAL_VICTORIA,AVENUE,11,23.0
25299,1,3,99,5,9,50.0,0,N,MELB_URBAN,AVENUE,11,23.0
25300,1,4,110,1,2,60.0,0,I,MELB_URBAN,ROAD,11,6.0
25301,8,1,184,2,1,60.0,0,I,RURAL_VICTORIA,ROAD,11,10.0
25302,4,4,173,5,2,100.0,0,N,RURAL_VICTORIA,HIGHWAY,11,6.0
25303,1,4,130,2,1,70.0,0,I,MELB_URBAN,ROAD,11,8.0
25304,6,3,99,2,1,80.0,0,I,RURAL_VICTORIA,DRIVE,11,17.0
25305,6,3,174,2,1,80.0,0,N,MELB_URBAN,FREEWAY,11,18.0
25306,1,4,140,5,1,60.0,0,N,MELB_URBAN,STREET,11,8.0
25307,1,4,121,2,1,70.0,0,I,MELB_URBAN,ROAD,11,9.0
25308,8,4,174,1,1,60.0,0,I,MELB_URBAN,ROAD,10,11.0
25309,1,4,160,5,2,50.0,0,N,MELB_URBAN,AVENUE,11,7.0
25310,1,4,130,5,1,70.0,0,N,MELB_URBAN,STREET,11,8.0
25311,1,4,121,2,3,60.0,0,I,MELB_URBAN,OTHER,8,4.0
25312,1,4,160,2,1,60.0,0,I,MELB_URBAN,ROAD,11,8.0
25313,1,3,113,2,1,60.0,0,I,MELB_URBAN,BOULEVARD,9,6.0
25314,1,3,130,4,6,60.0,0,I,MELB_URBAN,RAMP,11,22.0
25315,1,4,121,1,1,60.0,0,I,MELB_URBAN,STREET,11,10.0
25316,4,3,99,5,2,50.0,0,N,LARGE_PROVINCIAL_CITIES,OTHER,11,19.0
25317,1,4,160,1,1,50.0,0,I,SMALL_CITIES,UNKNOWN,11,11.0
25318,1,3,160,2,2,50.0,0,I,SMALL_CITIES,ROAD,11,20.0
25319,8,2,184,5,1,60.0,0,N,RURAL_VICTORIA,ROAD,11,16.0
25320,1,4,113,2,1,80.0,1,I,RURAL_VICTORIA,ROAD,11,9.0
25321,1,4,113,2,1,50.0,0,I,MELB_URBAN,STREET,11,12.0
25322,1,4,113,2,1,60.0,0,I,SMALL_CITIES,ROAD,11,13.0
25323,1,4,160,2,1,50.0,0,I,MELB_URBAN,STREET,11,14.0
25324,1,3,130,5,1,60.0,0,N,MELB_URBAN,ROAD,11,18.0
25325,4,4,183,5,1,100.0,0,N,SMALL_TOWNS,ROAD,11,12.0
25326,6,4,99,2,1,100.0,0,I,RURAL_VICTORIA,ROAD,11,13.0
25327,2,4,100,1,1,60.0,0,I,MELB_URBAN,AVENUE,11,11.0
25328,1,4,120,5,1,60.0,0,N,MELB_URBAN,ROAD,11,14.0
25329,1,3,130,5,1,100.0,0,N,MELB_URBAN,ROAD,12,14.0
25330,1,4,147,5,1,50.0,0,N,MELB_URBAN,STREET,11,14.0
25331,8,4,99,5,1,60.0,0,N,RURAL_VICTORIA,ROAD,11,16.0
25332,1,4,121,1,1,80.0,0,I,TOWNS,HIGHWAY,11,16.0
25333,1,4,130,2,1,70.0,0,I,MELB_URBAN,ROAD,11,8.0
25334,1,5,99,2,1,70.0,0,I,MELB_URBAN,ROAD,10,15.0
25335,1,3,99,5,5,100.0,0,N,MELB_URBAN,FREEWAY,11,20.0
25336,1,3,130,5,1,80.0,0,N,MELB_URBAN,ROAD,11,16.0
25337,1,3,132,5,1,100.0,0,N,RURAL_VICTORIA,OTHER,11,16.0
25338,4,6,181,5,1,60.0,0,N,RURAL_VICTORIA,ROAD,9,11.0
25339,1,4,130,5,1,70.0,0,N,MELB_URBAN,ROAD,11,17.0
25340,4,4,171,5,1,80.0,0,N,RURAL_VICTORIA,ROAD,11,16.0
25341,6,4,99,5,1,100.0,0,N,RURAL_VICTORIA,ROAD,11,17.0
25342,8,1,174,2,1,60.0,0,N,RURAL_VICTORIA,ROAD,11,9.0
25343,1,4,130,5,1,80.0,0,N,MELB_URBAN,ROAD,11,16.0
25344,4,4,171,2,1,50.0,0,I,MELB_URBAN,STREET,11,16.0
25345,1,3,134,5,1,40.0,0,N,MELBOURNE_CBD,STREET,11,18.0
25346,4,4,171,5,1,60.0,0,N,MELB_URBAN,DRIVE,11,16.0
25347,2,4,100,5,2,60.0,0,N,SMALL_CITIES,STREET,11,20.0
25348,8,4,174,2,3,50.0,0,I,MELB_URBAN,DRIVE,11,20.0
25349,6,4,99,5,2,60.0,0,N,RURAL_VICTORIA,ROAD,11,20.0
25350,1,7,99,1,1,60.0,0,I,TOWNS,ROAD,9,15.0
25351,3,4,167,2,5,100.0,0,I,RURAL_VICTORIA,ROAD,11,20.0
25352,1,2,110,1,1,100.0,0,I,RURAL_VICTORIA,ROAD,9,12.0
25353,4,5,181,5,3,50.0,0,N,SMALL_CITIES,ROAD,11,2.0
25354,2,5,99,5,5,50.0,0,N,MELB_URBAN,STREET,11,4.0
25355,1,4,110,1,1,50.0,0,I,MELB_URBAN,ROAD,11,15.0
25356,6,4,99,5,5,100.0,0,N,RURAL_VICTORIA,ROAD,11,21.0
25357,1,5,110,1,1,50.0,0,I,MELB_URBAN,STREET,11,8.0
25358,1,5,110,4,1,60.0,0,I,MELB_URBAN,STREET,11,9.0
25359,1,4,113,1,3,80.0,0,I,MELB_URBAN,HIGHWAY,10,22.0
25360,8,3,174,5,1,100.0,0,N,TOWNS,ROAD,10,12.0
25361,1,5,130,5,1,80.0,0,N,MELB_URBAN,ROAD,11,8.0
25362,2,5,99,5,1,50.0,0,N,MELB_URBAN,AVENUE,11,10.0
25363,1,5,134,1,1,60.0,0,I,MELB_URBAN,ROAD,11,11.0
25364,4,5,99,9,1,50.0,0,N,MELB_URBAN,ROAD,11,10.0
25365,1,5,160,5,1,50.0,0,N,MELB_URBAN,STREET,11,12.0
25366,6,5,99,5,1,60.0,0,N,RURAL_VICTORIA,ROAD,11,11.0
25367,4,6,173,1,1,80.0,0,I,MELB_URBAN,ROAD,11,11.0
25368,2,5,99,6,1,50.0,0,N,MELB_URBAN,AVENUE,11,13.0
25369,8,5,184,5,1,50.0,0,N,MELB_URBAN,DRIVE,11,13.0
25370,4,5,181,5,1,60.0,0,N,MELB_URBAN,DRIVE,11,12.0
25371,1,5,111,2,1,80.0,0,I,MELB_URBAN,ROAD,11,12.0
25372,6,3,174,5,1,80.0,0,N,MELB_URBAN,ROAD,11,15.0
25373,1,3,113,2,9,70.0,0,I,RURAL_VICTORIA,DRIVE,10,8.0
25374,4,7,183,5,1,60.0,0,N,RURAL_VICTORIA,ROAD,11,9.0
25375,1,5,99,2,1,60.0,0,I,MELB_URBAN,ROAD,11,12.0
25376,1,5,113,2,1,80.0,0,I,MELB_URBAN,ROAD,11,14.0
25377,8,5,174,5,3,60.0,0,N,MELB_URBAN,ROAD,10,23.0
25378,2,5,100,1,2,40.0,0,I,MELB_URBAN,OTHER,10,18.0
25379,1,5,147,1,1,80.0,0,I,MELB_URBAN,HIGHWAY,11,15.0
25380,1,3,130,2,1,60.0,0,I,MELB_URBAN,ROAD,10,17.0
25381,1,5,113,2,1,80.0,0,I,MELB_URBAN,ROAD,11,15.0
25382,1,3,121,1,9,60.0,0,I,MELB_URBAN,STREET,11,16.0
25383,1,1,116,2,1,80.0,0,I,MELB_URBAN,ROAD,9,12.0
25384,1,5,130,5,1,60.0,0,N,MELB_URBAN,PARADE,11,16.0
25385,1,5,99,1,1,60.0,0,I,MELB_URBAN,ROAD,11,17.0
25386,8,7,170,2,1,50.0,0,I,MELB_URBAN,ROAD,10,12.0
25387,1,4,116,2,2,60.0,0,I,MELB_URBAN,ROAD,11,7.0
25388,1,5,113,2,1,60.0,0,I,MELB_URBAN,ROAD,11,15.0
25389,2,6,102,2,2,60.0,0,I,MELB_URBAN,STREET,10,20.0
25390,1,7,140,2,3,60.0,0,N,MELB_URBAN,STREET,10,19.0
25391,1,4,113,2,3,70.0,0,I,LARGE_PROVINCIAL_CITIES,OTHER,9,19.0
25392,1,5,130,5,1,60.0,0,N,MELB_URBAN,ROAD,11,17.0
25393,1,5,160,5,1,50.0,0,N,MELB_URBAN,ROAD,11,18.0
25394,1,5,113,2,1,60.0,0,I,MELB_URBAN,ROAD,11,17.0
25395,3,6,167,5,2,100.0,0,N,RURAL_VICTORIA,HIGHWAY,11,5.0
25396,1,5,113,2,1,80.0,0,I,RURAL_VICTORIA,ROAD,11,14.0
25397,1,4,113,2,1,60.0,0,I,MELB_URBAN,BOULEVARD,11,17.0
25398,4,5,171,5,1,80.0,0,N,RURAL_VICTORIA,ROAD,11,18.0
25399,2,6,100,5,1,40.0,0,N,MELB_URBAN,ROAD,11,8.0
25400,1,6,130,5,1,100.0,0,N,MELB_URBAN,ROAD,11,8.0
25401,4,6,183,5,1,100.0,0,N,RURAL_VICTORIA,ROAD,11,8.0
25402,2,6,99,1,1,50.0,0,I,MELB_URBAN,STREET,11,9.0
25403,1,6,160,1,1,60.0,0,I,MELB_URBAN,STREET,11,9.0
25404,1,6,130,1,1,60.0,0,I,MELB_URBAN,ROAD,11,11.0
25405,4,5,171,5,1,100.0,0,N,RURAL_VICTORIA,ROAD,10,12.0
25406,6,2,170,2,1,100.0,0,I,RURAL_VICTORIA,ROAD,11,14.0
25407,2,6,99,5,1,60.0,0,N,RURAL_VICTORIA,FREEWAY,11,12.0
25408,1,6,130,5,1,100.0,0,N,RURAL_VICTORIA,HIGHWAY,11,13.0
25409,2,6,99,5,1,50.0,0,N,MELB_URBAN,STREET,11,9.0
25410,4,6,173,2,1,70.0,0,I,LARGE_PROVINCIAL_CITIES,HIGHWAY,11,14.0
25411,1,6,111,2,3,60.0,0,I,MELB_URBAN,ROAD,11,0.0
25412,1,6,140,5,1,60.0,0,N,MELB_URBAN,ROAD,11,10.0
25413,4,6,181,5,1,100.0,0,N,RURAL_VICTORIA,ROAD,11,13.0
25414,2,6,99,1,1,50.0,0,I,MELB_URBAN,STREET,11,11.0
25415,2,6,102,1,1,60.0,1,I,MELB_URBAN,STREET,11,16.0
25416,1,6,130,5,1,80.0,0,N,MELB_URBAN,ROAD,11,14.0
25417,4,6,183,5,1,100.0,0,N,MELB_URBAN,RAMP,11,17.0
25418,1,6,113,2,1,60.0,0,I,MELB_URBAN,ROAD,11,16.0
25419,5,4,99,2,9,60.0,0,I,RURAL_VICTORIA,OTHER,10,18.0
25420,1,6,130,5,1,60.0,0,N,MELB_URBAN,STREET,11,18.0
25421,4,6,173,5,1,80.0,0,N,MELB_URBAN,HIGHWAY,11,14.0
25422,1,6,130,5,1,60.0,0,N,MELB_URBAN,FREEWAY,11,18.0
25423,8,5,174,1,2,50.0,0,I,MELB_URBAN,OTHER,10,19.0
25424,1,6,130,2,1,70.0,0,N,MELB_URBAN,ROAD,11,13.0
25425,4,6,173,5,2,100.0,0,N,MELB_URBAN,DRIVE,11,19.0
25426,6,6,170,5,1,80.0,0,N,MELB_URBAN,HIGHWAY,11,19.0
25427,4,6,173,2,1,60.0,0,I,MELB_URBAN,ROAD,11,18.0