,accident_type,day_of_week,dca_code,road_geometry,light_condition,speed_zone,severity,node_type,deg_urban_name,road_type,month,hour
25428,6,3,174,1,1,60.0,0,I,MELB_URBAN,STREET,11,7.0
25429,1,6,121,1,3,70.0,0,I,MELB_URBAN,ROAD,11,21.0
25430,1,6,113,2,1,60.0,0,I,MELB_URBAN,AVENUE,11,16.0
25431,1,6,120,5,3,60.0,0,N,MELB_URBAN,ROAD,11,20.0
25432,1,6,99,5,5,70.0,0,N,RURAL_VICTORIA,ROAD,11,22.0
25433,2,5,100,1,3,50.0,0,I,TOWNS,STREET,11,23.0
25434,2,6,102,2,3,70.0,0,I,MELB_URBAN,ROAD,11,23.0
25435,4,6,183,5,5,100.0,0,N,RURAL_VICTORIA,ROAD,11,22.0
25436,1,6,120,2,3,60.0,0,I,MELB_URBAN,STREET,11,22.0
25437,4,7,171,5,3,70.0,0,N,MELB_URBAN,ROAD,11,0.0
25438,4,4,171,2,3,60.0,0,I,LARGE_PROVINCIAL_CITIES,HIGHWAY,11,4.0
25439,6,7,99,1,5,80.0,0,I,MELB_URBAN,ROAD,11,0.0
25440,1,4,130,5,9,110.0,0,N,MELB_URBAN,FREEWAY,11,8.0
25441,4,7,183,5,3,80.0,0,N,MELB_URBAN,HIGHWAY,11,1.0
25442,4,6,171,5,5,70.0,0,N,MELB_URBAN,STREET,11,2.0
25443,1,6,130,1,3,60.0,0,I,MELB_URBAN,ROAD,11,5.0
25444,6,7,170,5,5,100.0,0,N,RURAL_VICTORIA,ROAD,11,3.0
25445,1,3,110,1,1,60.0,0,I,MELB_URBAN,ROAD,11,13.0
25446,1,6,113,2,1,100.0,0,N,RURAL_VICTORIA,HIGHWAY,11,15.0
25447,1,7,113,2,1,60.0,0,I,MELB_URBAN,STREET,11,8.0
25448,4,7,173,5,1,110.0,0,N,RURAL_VICTORIA,FREEWAY,11,9.0
25449,1,6,130,2,1,60.0,0,I,MELB_URBAN,OTHER,11,12.0
25450,1,7,132,5,1,70.0,0,N,RURAL_VICTORIA,HIGHWAY,11,10.0
25451,4,7,183,5,1,100.0,0,N,RURAL_VICTORIA,HIGHWAY,11,11.0
25452,1,6,130,1,1,60.0,0,I,MELB_URBAN,ROAD,11,15.0
25453,7,7,99,2,1,60.0,0,I,MELB_URBAN,ROAD,11,7.0
25454,1,7,130,2,1,50.0,0,I,MELB_URBAN,ROAD,11,12.0
25455,2,7,100,2,1,60.0,0,I,MELB_URBAN,ROAD,11,8.0
25456,1,7,130,1,1,80.0,0,I,MELB_URBAN,ROAD,11,12.0
25457,4,7,171,5,3,80.0,0,N,MELB_URBAN,ROAD,11,1.0
25458,4,5,181,5,1,100.0,0,N,RURAL_VICTORIA,UNKNOWN,10,16.0
25459,2,6,102,1,3,60.0,0,I,MELB_URBAN,STREET,11,22.0
25460,1,2,121,1,1,60.0,0,I,SMALL_CITIES,ROAD,10,11.0
25461,1,5,140,2,1,60.0,0,I,MELB_URBAN,STREET,9,8.0
25462,4,7,173,5,1,100.0,1,N,RURAL_VICTORIA,ROAD,11,12.0
25463,1,6,163,1,1,50.0,0,I,MELB_URBAN,STREET,11,9.0
25464,1,7,121,2,1,60.0,0,I,MELB_URBAN,STREET,11,12.0
25465,1,7,132,2,1,50.0,0,N,MELB_URBAN,AVENUE,11,16.0
25466,4,7,173,5,1,80.0,0,N,MELB_URBAN,ROAD,11,16.0
25467,1,7,133,1,1,60.0,0,I,MELB_URBAN,ROAD,11,17.0
25468,6,7,174,5,1,100.0,0,N,RURAL_VICTORIA,HIGHWAY,11,18.0
25469,1,7,113,2,1,60.0,0,I,MELB_URBAN,ROAD,11,18.0
25470,1,7,99,5,2,40.0,0,N,MELB_URBAN,DRIVE,11,18.0
25471,8,6,99,5,1,100.0,0,N,MELB_URBAN,FREEWAY,11,18.0
25472,1,7,120,5,3,60.0,0,N,MELB_URBAN,BOULEVARD,11,20.0
25473,1,7,121,2,3,80.0,0,I,SMALL_CITIES,HIGHWAY,11,21.0
25474,4,7,181,2,2,60.0,0,I,LARGE_PROVINCIAL_CITIES,UNKNOWN,11,20.0
25475,4,7,183,5,1,80.0,0,N,RURAL_VICTORIA,ROAD,11,18.0
25476,2,7,102,2,3,60.0,0,I,MELB_URBAN,STREET,11,3.0
25477,4,7,171,1,3,70.0,0,I,MELB_URBAN,ROAD,11,22.0
25478,6,1,99,5,5,60.0,0,N,MELB_URBAN,ROAD,11,1.0
25479,1,1,110,1,3,60.0,0,I,MELB_URBAN,STREET,11,2.0
25480,2,6,99,2,1,40.0,0,I,MELBOURNE_CBD,OTHER,11,12.0
25481,6,7,99,2,1,80.0,0,I,MELB_URBAN,ROAD,11,17.0
25482,8,7,170,5,1,80.0,0,N,MELB_URBAN,ROAD,11,10.0
25483,6,7,99,5,1,100.0,0,N,RURAL_VICTORIA,ROAD,11,13.0
25484,6,1,99,5,1,80.0,0,N,RURAL_VICTORIA,ROAD,11,8.0
25485,8,7,174,5,1,60.0,0,N,RURAL_VICTORIA,OTHER,11,14.0
25486,1,1,116,2,1,80.0,0,I,MELB_URBAN,HIGHWAY,11,11.0
25487,8,1,99,5,1,100.0,0,N,RURAL_VICTORIA,HIGHWAY,11,12.0
25488,1,1,130,5,1,60.0,0,N,MELB_URBAN,ROAD,11,12.0
25489,9,6,184,5,1,100.0,0,N,RURAL_VICTORIA,ROAD,11,12.0
25490,1,1,110,1,1,50.0,0,I,TOWNS,STREET,11,13.0
25491,7,1,99,5,1,100.0,0,N,RURAL_VICTORIA,OTHER,11,11.0
25492,8,1,170,2,1,50.0,0,I,MELB_URBAN,STREET,11,16.0
25493,1,1,121,2,1,60.0,0,I,MELB_URBAN,ROAD,11,15.0
25494,6,2,174,2,1,100.0,0,I,RURAL_VICTORIA,ROAD,11,14.0
25495,2,1,99,5,1,60.0,0,N,MELB_URBAN,STREET,11,17.0
25496,8,7,174,5,1,80.0,0,N,RURAL_VICTORIA,ROAD,11,11.0
25497,1,1,160,5,1,60.0,0,N,MELB_URBAN,OTHER,11,18.0
25498,4,1,183,5,1,100.0,0,N,RURAL_VICTORIA,ROAD,11,16.0
25499,8,1,174,2,1,70.0,0,I,MELB_URBAN,OTHER,11,18.0
25500,1,1,121,2,1,60.0,0,I,MELB_URBAN,ROAD,11,17.0
25501,1,1,116,1,1,70.0,0,I,MELB_URBAN,STREET,11,18.0
25502,1,1,130,2,1,80.0,0,I,MELB_URBAN,OTHER,11,19.0
25503,1,1,120,5,1,100.0,1,N,SMALL_TOWNS,ROAD,11,15.0
25504,2,5,99,2,1,50.0,0,I,MELB_URBAN,STREET,11,13.0
25505,3,0,167,5,9,100.0,0,N,RURAL_VICTORIA,ROAD,11,11.0
25506,6,1,99,5,1,110.0,0,N,RURAL_VICTORIA,FREEWAY,11,14.0
25507,1,2,99,1,1,80.0,0,I,MELB_URBAN,HIGHWAY,10,13.0
25508,1,2,132,2,1,100.0,0,N,RURAL_VICTORIA,ROAD,11,9.0
25509,1,2,120,1,1,60.0,0,I,MELB_URBAN,ROAD,11,9.0
25510,1,6,121,1,1,60.0,0,N,MELB_URBAN,HIGHWAY,10,15.0
25511,1,2,130,1,1,60.0,0,I,MELB_URBAN,ROAD,8,13.0
25512,4,6,171,5,1,40.0,0,N,MELB_URBAN,ROAD,9,15.0
25513,1,2,130,2,1,60.0,0,I,MELB_URBAN,PARADE,11,11.0
25514,1,2,120,5,1,80.0,0,N,RURAL_VICTORIA,ROAD,11,12.0
25515,1,2,111,1,1,80.0,0,I,SMALL_CITIES,ROAD,11,13.0
25516,1,2,130,1,1,60.0,0,I,MELB_URBAN,STREET,11,11.0
25517,1,2,110,1,1,60.0,1,I,TOWNS,STREET,11,10.0
25518,2,2,99,5,1,60.0,0,N,SMALL_CITIES,ROAD,11,11.0
25519,6,6,99,5,1,100.0,0,N,RURAL_VICTORIA,ROAD,11,12.0
25520,1,2,130,5,1,100.0,0,N,MELB_URBAN,RAMP,11,13.0
25521,1,2,110,1,1,70.0,0,I,MELB_URBAN,ROAD,11,12.0
25522,5,2,99,5,1,50.0,0,N,MELB_URBAN,AVENUE,11,15.0
25523,1,2,110,1,2,50.0,0,I,MELB_URBAN,BOULEVARD,11,7.0
25524,1,2,110,1,1,50.0,0,I,MELB_URBAN,ROAD,9,14.0
25525,1,2,130,1,1,80.0,0,I,MELB_URBAN,HIGHWAY,11,16.0
25526,1,2,130,4,1,80.0,0,N,MELB_URBAN,HIGHWAY,11,15.0
25527,1,6,130,2,1,50.0,0,I,MELB_URBAN,DRIVE,8,13.0
25528,1,2,121,2,1,60.0,0,I,MELB_URBAN,ROAD,11,15.0
25529,1,2,130,2,1,60.0,0,I,MELB_URBAN,DRIVE,11,16.0
25530,1,2,120,5,1,100.0,0,N,RURAL_VICTORIA,DRIVE,11,15.0
25531,1,2,113,1,1,70.0,0,I,MELB_URBAN,ROAD,11,17.0
25532,1,2,111,1,1,60.0,0,I,MELB_URBAN,ROAD,11,13.0
25533,1,2,120,5,1,100.0,0,N,RURAL_VICTORIA,HIGHWAY,11,15.0
25534,1,2,130,5,9,100.0,0,N,MELB_URBAN,FREEWAY,9,7.0
25535,4,2,181,5,1,110.0,0,N,RURAL_VICTORIA,FREEWAY,11,17.0
25536,1,2,132,2,1,60.0,0,I,LARGE_PROVINCIAL_CITIES,ROAD,11,15.0
25537,4,2,171,5,2,60.0,0,N,MELB_URBAN,STREET,11,19.0
25538,1,2,121,2,3,70.0,0,I,MELB_URBAN,ROAD,11,21.0
25539,6,2,99,2,5,100.0,0,N,RURAL_VICTORIA,ROAD,11,4.0
25540,1,1,130,5,1,80.0,0,N,RURAL_VICTORIA,ROAD,11,15.0
25541,4,2,171,5,2,100.0,0,N,TOWNS,HIGHWAY,11,20.0
25542,4,5,171,2,1,50.0,0,I,MELB_URBAN,AVENUE,9,14.0
25543,4,1,171,5,5,90.0,0,N,RURAL_VICTORIA,ROAD,11,2.0
25544,1,3,121,1,1,60.0,0,I,MELB_URBAN,ROAD,11,8.0
25545,1,3,130,2,9,60.0,0,I,MELB_URBAN,OTHER,10,10.0
25546,1,3,121,2,1,80.0,0,I,MELB_URBAN,HIGHWAY,11,10.0
25547,4,3,171,5,2,100.0,0,N,RURAL_VICTORIA,ROAD,11,6.0
25548,4,3,99,5,1,50.0,0,N,MELB_URBAN,ROAD,11,8.0
25549,3,3,167,5,1,110.0,0,N,RURAL_VICTORIA,FREEWAY,11,8.0
25550,1,2,135,2,1,60.0,0,I,MELB_URBAN,STREET,11,8.0
25551,6,3,174,1,9,60.0,0,I,MELB_URBAN,ROAD,11,13.0
25552,1,2,163,2,2,60.0,0,I,MELB_URBAN,PARADE,11,7.0
25553,1,3,99,2,1,100.0,0,I,RURAL_VICTORIA,ROAD,11,11.0
25554,1,3,130,5,9,60.0,0,N,MELB_URBAN,ROAD,11,14.0
25555,1,5,130,5,1,60.0,0,N,MELB_URBAN,ROAD,9,17.0
25556,1,3,130,5,1,60.0,0,N,MELB_URBAN,ROAD,11,12.0
25557,8,7,99,2,1,60.0,0,I,MELB_URBAN,OTHER,11,7.0
25558,8,1,184,5,1,60.0,0,N,RURAL_VICTORIA,ROAD,11,14.0
25559,1,3,110,1,1,50.0,0,I,SMALL_TOWNS,STREET,11,12.0
25560,2,3,100,2,1,40.0,0,I,MELB_URBAN,ROAD,11,13.0
25561,1,4,163,1,1,40.0,0,I,MELBOURNE_CBD,STREET,10,13.0
25562,1,2,113,2,1,60.0,0,I,RURAL_VICTORIA,ROAD,11,9.0
25563,1,3,99,5,1,40.0,0,N,SMALL_CITIES,ROAD,11,15.0
25564,4,3,171,2,1,100.0,0,I,RURAL_VICTORIA,ROAD,11,12.0
25565,1,2,110,1,2,80.0,0,I,MELB_URBAN,ROAD,11,16.0
25566,2,3,99,1,1,40.0,0,I,MELB_URBAN,STREET,11,14.0
25567,1,7,130,4,1,60.0,0,I,MELB_URBAN,ROAD,10,12.0
25568,1,3,110,1,1,50.0,0,I,MELB_URBAN,AVENUE,11,16.0
25569,1,3,130,1,1,70.0,0,I,MELB_URBAN,ROAD,11,15.0
25570,2,3,100,1,1,50.0,0,I,MELB_URBAN,AVENUE,11,15.0
25571,1,3,113,2,2,50.0,0,I,MELB_URBAN,STREET,11,17.0
25572,1,3,121,2,1,70.0,0,I,MELB_URBAN,STREET,11,17.0
25573,4,3,183,5,1,110.0,0,N,RURAL_VICTORIA,FREEWAY,11,18.0
25574,1,2,140,5,5,60.0,0,N,MELB_URBAN,ROAD,11,17.0
25575,1,6,160,2,6,60.0,0,I,MELB_URBAN,STREET,10,22.0
25576,1,3,110,1,1,50.0,0,I,SMALL_CITIES,STREET,11,8.0
25577,4,3,181,5,1,70.0,0,N,RURAL_VICTORIA,ROAD,11,18.0
25578,1,3,110,1,1,100.0,0,I,RURAL_VICTORIA,ROAD,11,19.0
25579,1,3,110,1,3,50.0,0,I,LARGE_PROVINCIAL_CITIES,STREET,11,21.0
25580,2,3,100,5,2,70.0,0,N,MELB_URBAN,ROAD,11,20.0
25581,7,1,99,2,9,60.0,0,I,SMALL_CITIES,STREET,11,22.0
25582,2,3,100,2,2,40.0,0,I,MELBOURNE_CBD,STREET,11,20.0
25583,1,3,99,2,3,80.0,0,I,MELB_URBAN,ROAD,11,22.0
25584,1,3,120,5,5,60.0,0,N,RURAL_VICTORIA,ROAD,11,20.0
25585,1,3,110,1,1,50.0,0,I,MELB_URBAN,STREET,11,18.0
25586,1,2,110,1,3,70.0,0,I,MELB_URBAN,ROAD,11,22.0
25587,1,3,121,2,1,60.0,0,I,MELB_URBAN,ROAD,11,18.0
25588,1,6,110,1,9,60.0,0,I,MELB_URBAN,STREET,5,15.0
25589,1,3,99,1,1,50.0,0,I,MELB_URBAN,STREET,11,14.0
25590,1,4,110,1,3,60.0,0,I,MELB_URBAN,ROAD,11,4.0
25591,1,3,113,2,2,80.0,0,I,MELB_URBAN,ROAD,11,18.0
25592,1,3,132,2,1,60.0,0,I,LARGE_PROVINCIAL_CITIES,STREET,11,14.0
25593,1,4,130,5,1,100.0,0,N,MELB_URBAN,FREEWAY,11,8.0
25594,8,3,174,5,2,50.0,0,N,MELB_URBAN,STREET,8,7.0
25595,4,7,99,2,1,50.0,0,I,TOWNS,ROAD,11,16.0
25596,1,7,147,5,1,60.0,0,N,MELB_URBAN,STREET,11,10.0
25597,1,4,120,5,1,70.0,0,N,RURAL_VICTORIA,ROAD,11,8.0
25598,1,6,130,4,3,60.0,0,N,MELB_URBAN,OTHER,11,4.0
25599,1,3,130,5,2,70.0,0,N,RURAL_VICTORIA,ROAD,6,8.0
25600,4,4,171,5,1,100.0,0,N,MELB_URBAN,FREEWAY,11,12.0
25601,1,4,121,1,1,60.0,0,I,MELB_URBAN,ROAD,11,9.0
25602,4,4,173,1,1,60.0,0,I,LARGE_PROVINCIAL_CITIES,STREET,11,13.0
25603,2,3,100,1,3,40.0,0,I,MELBOURNE_CBD,STREET,11,23.0
25604,1,4,120,1,1,70.0,0,I,MELB_URBAN,HIGHWAY,11,10.0
25605,1,4,160,2,1,80.0,0,I,MELB_URBAN,HIGHWAY,11,13.0
25606,8,7,184,5,1,60.0,0,N,RURAL_VICTORIA,ROAD,11,17.0
25607,4,4,183,5,1,70.0,0,N,RURAL_VICTORIA,ROAD,11,12.0
25608,1,5,147,5,1,70.0,0,N,MELB_URBAN,ROAD,11,17.0
25609,6,4,99,5,1,100.0,0,N,RURAL_VICTORIA,ROAD,11,10.0
25610,4,4,171,5,1,100.0,0,N,RURAL_VICTORIA,ROAD,11,13.0
25611,6,4,174,2,3,40.0,0,I,MELB_URBAN,STREET,5,20.0
25612,8,4,174,5,2,100.0,0,N,RURAL_VICTORIA,ROAD,11,5.0
25613,1,4,121,1,1,70.0,0,I,MELB_URBAN,ROAD,11,15.0
25614,1,2,130,5,1,100.0,0,N,MELB_URBAN,FREEWAY,11,15.0
25615,5,1,99,5,1,100.0,0,N,RURAL_VICTORIA,ROAD,6,14.0
25616,1,2,130,5,2,100.0,0,N,MELB_URBAN,RAMP,11,17.0
25617,1,4,111,2,1,60.0,0,I,MELB_URBAN,ROAD,11,17.0
25618,1,4,99,1,1,50.0,0,I,TOWNS,STREET,11,17.0
25619,1,2,134,5,1,100.0,0,N,MELB_URBAN,UNKNOWN,11,14.0
25620,1,4,113,2,1,50.0,0,N,SMALL_CITIES,STREET,11,17.0
25621,1,4,140,5,1,50.0,0,N,MELB_URBAN,STREET,11,16.0
25622,1,4,113,2,1,60.0,0,I,LARGE_PROVINCIAL_CITIES,STREET,11,16.0
25623,1,4,116,1,1,60.0,0,I,MELB_URBAN,STREET,11,18.0
25624,1,4,132,2,1,80.0,0,I,MELB_URBAN,STREET,11,17.0
25625,1,4,130,5,1,80.0,0,N,RURAL_VICTORIA,ROAD,11,17.0
25626,6,4,99,5,1,80.0,0,N,RURAL_VICTORIA,OTHER,11,17.0
25627,1,4,113,2,2,80.0,0,I,MELB_URBAN,ROAD,11,19.0
25628,1,5,134,2,1,60.0,0,N,MELB_URBAN,ROAD,5,16.0
25629,4,3,173,2,2,70.0,0,N,MELB_URBAN,ROAD,11,18.0
25630,1,4,130,2,2,70.0,0,I,MELB_URBAN,ROAD,11,21.0
25631,1,4,111,2,3,60.0,0,I,MELB_URBAN,ROAD,11,21.0
25632,1,4,111,1,2,60.0,0,I,MELB_URBAN,ROAD,11,19.0
25633,8,3,174,4,3,60.0,0,I,MELB_URBAN,ROAD,11,23.0
25634,1,5,130,5,3,80.0,0,N,MELB_URBAN,ROAD,11,3.0
25635,6,2,99,5,2,80.0,0,N,MELB_URBAN,RAMP,11,19.0
25636,1,4,113,2,1,60.0,0,I,MELB_URBAN,DRIVE,11,8.0
25637,4,4,171,5,1,80.0,0,N,RURAL_VICTORIA,ROAD,11,17.0
25638,4,5,183,5,2,100.0,0,N,RURAL_VICTORIA,HIGHWAY,11,7.0
25639,1,4,130,2,1,60.0,0,I,SMALL_CITIES,AVENUE,6,16.0
25640,2,3,102,5,3,40.0,0,N,MELB_URBAN,STREET,10,20.0
25641,1,5,130,5,1,100.0,0,N,RURAL_VICTORIA,ROAD,11,8.0
25642,2,5,99,5,1,70.0,0,N,MELB_URBAN,ROAD,11,8.0
25643,1,5,110,1,1,80.0,0,I,SMALL_CITIES,ROAD,11,9.0
25644,1,5,113,1,1,50.0,0,I,LARGE_PROVINCIAL_CITIES,STREET,11,7.0
25645,1,5,130,5,1,80.0,0,N,MELB_URBAN,FREEWAY,11,8.0
25646,1,5,110,1,1,100.0,0,I,RURAL_VICTORIA,ROAD,11,8.0
25647,2,5,100,1,1,50.0,0,I,LARGE_PROVINCIAL_CITIES,STREET,11,11.0
25648,1,5,135,5,1,70.0,0,N,MELB_URBAN,ROAD,11,11.0
25649,1,3,130,1,2,50.0,0,I,MELB_URBAN,STREET,11,19.0
25650,4,5,171,5,1,80.0,0,N,RURAL_VICTORIA,ROAD,11,8.0
25651,1,5,110,1,1,60.0,0,I,MELB_URBAN,ROAD,11,11.0
25652,1,5,110,1,3,60.0,0,I,MELB_URBAN,STREET,11,20.0
25653,1,3,113,2,1,60.0,0,I,MELB_URBAN,ROAD,11,17.0
25654,8,1,174,5,1,60.0,0,N,RURAL_VICTORIA,ROAD,10,9.0
25655,1,5,130,5,1,60.0,0,N,LARGE_PROVINCIAL_CITIES,STREET,11,8.0
25656,1,5,147,2,1,60.0,0,I,MELB_URBAN,ROAD,11,13.0
25657,1,5,130,1,1,60.0,0,I,MELB_URBAN,ROAD,11,8.0
25658,1,5,113,2,1,70.0,0,N,SMALL_CITIES,STREET,11,11.0
25659,6,1,184,5,1,60.0,0,N,RURAL_VICTORIA,ROAD,11,10.0
25660,2,5,100,2,1,50.0,0,I,MELB_URBAN,AVENUE,11,14.0
25661,4,5,181,5,1,100.0,0,N,RURAL_VICTORIA,ROAD,11,13.0
25662,1,4,99,5,2,100.0,0,N,RURAL_VICTORIA,ROAD,11,19.0
25663,1,5,135,4,1,80.0,0,I,MELB_URBAN,HIGHWAY,11,13.0
25664,6,4,174,5,2,60.0,0,N,MELB_URBAN,ROAD,11,19.0
25665,2,5,100,2,1,50.0,0,I,MELB_URBAN,OTHER,11,16.0
25666,1,5,99,2,1,60.0,0,I,MELB_URBAN,STREET,11,8.0
25667,8,3,99,5,1,50.0,0,N,MELB_URBAN,DRIVE,8,7.0
25668,1,5,121,2,1,60.0,0,I,MELB_URBAN,ROAD,11,15.0
25669,6,1,184,5,1,60.0,0,N,RURAL_VICTORIA,ROAD,9,12.0
25670,8,3,174,1,1,60.0,0,I,MELB_URBAN,DRIVE,11,11.0
25671,1,5,135,5,1,60.0,0,N,MELB_URBAN,RAMP,11,16.0
25672,1,6,130,5,1,60.0,0,N,MELB_URBAN,ROAD,11,15.0
25673,1,4,130,2,1,60.0,0,I,MELB_URBAN,FREEWAY,11,8.0
25674,2,5,102,5,1,60.0,0,N,MELB_URBAN,ROAD,11,17.0
25675,7,6,99,5,9,60.0,0,N,MELB_URBAN,STREET,10,13.0
25676,4,5,99,2,1,100.0,0,I,RURAL_VICTORIA,HIGHWAY,11,15.0
25677,1,5,99,1,1,40.0,0,I,MELB_URBAN,ROAD,11,17.0
25678,1,5,99,5,1,50.0,0,N,MELB_URBAN,STREET,11,17.0
25679,1,5,110,1,1,50.0,0,I,MELB_URBAN,STREET,11,15.0
25680,1,7,130,1,9,60.0,0,I,MELB_URBAN,ROAD,1,20.0
25681,4,5,171,5,1,70.0,0,N,MELB_URBAN,ROAD,11,18.0
25682,6,5,99,5,1,60.0,0,N,MELB_URBAN,ROAD,9,11.0
25683,1,5,130,2,1,80.0,0,I,MELB_URBAN,ROAD,11,18.0
25684,6,5,99,5,2,70.0,0,N,LARGE_PROVINCIAL_CITIES,ROAD,11,19.0
25685,4,5,183,5,1,100.0,0,N,RURAL_VICTORIA,ROAD,11,19.0
25686,2,5,99,5,1,50.0,0,N,MELB_URBAN,STREET,11,8.0
25687,1,3,110,1,1,50.0,0,I,MELB_URBAN,STREET,11,12.0
25688,4,6,173,4,3,50.0,0,I,TOWNS,STREET,11,4.0
25689,2,3,99,1,1,60.0,0,I,MELB_URBAN,ROAD,3,15.0
25690,1,4,121,1,3,70.0,0,I,MELB_URBAN,ROAD,11,21.0
25691,1,5,130,5,3,60.0,0,N,MELB_URBAN,STREET,11,23.0
25692,1,4,160,5,3,50.0,0,N,MELB_URBAN,STREET,11,23.0
25693,1,4,99,2,1,50.0,0,I,SMALL_CITIES,OTHER,11,15.0
25694,1,4,99,1,2,60.0,0,I,MELB_URBAN,ROAD,6,18.0
25695,1,4,130,1,1,80.0,0,N,MELB_URBAN,ROAD,11,17.0
25696,1,5,110,1,1,100.0,0,I,RURAL_VICTORIA,HIGHWAY,10,16.0
25697,1,2,121,5,1,60.0,0,N,SMALL_CITIES,STREET,11,8.0
25698,1,3,121,2,1,40.0,0,I,MELB_URBAN,STREET,6,10.0
25699,8,1,174,2,1,60.0,0,I,MELB_URBAN,ROAD,10,12.0
25700,1,6,111,2,1,60.0,0,I,MELB_URBAN,ROAD,11,11.0
25701,1,6,160,5,1,50.0,0,N,MELB_URBAN,AVENUE,11,10.0
25702,8,6,174,5,1,60.0,0,N,RURAL_VICTORIA,OTHER,11,14.0
25703,1,6,120,5,2,110.0,1,N,SMALL_CITIES,FREEWAY,11,5.0
25704,1,6,163,5,2,50.0,0,N,MELBOURNE_CBD,STREET,11,7.0
25705,1,6,113,2,1,70.0,0,I,MELB_URBAN,HIGHWAY,11,14.0
25706,1,4,130,2,4,100.0,0,I,MELB_URBAN,FREEWAY,11,22.0
25707,1,6,147,5,1,50.0,0,N,SMALL_CITIES,STREET,11,15.0
25708,1,6,147,2,1,60.0,0,N,MELB_URBAN,ROAD,11,9.0
25709,6,6,170,5,1,100.0,0,N,RURAL_VICTORIA,ROAD,11,12.0
25710,1,2,130,1,1,80.0,0,I,MELB_URBAN,HIGHWAY,11,9.0
25711,2,6,100,2,1,60.0,0,I,MELB_URBAN,ROAD,11,15.0
25712,1,1,113,1,2,60.0,0,I,RURAL_VICTORIA,HIGHWAY,11,19.0
25713,2,6,100,5,1,50.0,0,N,LARGE_PROVINCIAL_CITIES,AVENUE,11,17.0
25714,1,6,130,2,1,60.0,0,I,MELB_URBAN,ROAD,10,15.0
25715,1,1,113,2,3,60.0,0,I,SMALL_CITIES,ROAD,9,20.0
25716,1,5,121,2,1,70.0,0,I,MELB_URBAN,ROAD,11,14.0
25717,1,6,99,5,1,80.0,0,N,RURAL_VICTORIA,ROAD,11,17.0
25718,1,6,130,5,1,100.0,0,N,RURAL_VICTORIA,ROAD,11,17.0
25719,1,6,121,1,1,50.0,0,I,LARGE_PROVINCIAL_CITIES,STREET,11,14.0
25720,1,6,130,2,1,60.0,0,N,MELB_URBAN,ROAD,11,16.0
25721,1,2,99,2,1,60.0,0,I,MELB_URBAN,ROAD,7,15.0
25722,8,6,174,5,3,80.0,0,N,MELB_URBAN,ROAD,11,21.0
25723,2,6,99,2,3,50.0,0,I,MELB_URBAN,OTHER,11,23.0
25724,4,7,171,1,3,80.0,0,I,MELB_URBAN,ROAD,11,1.0
25725,4,7,173,1,3,60.0,0,I,MELB_URBAN,STREET,11,3.0
25726,4,7,171,5,3,60.0,0,N,MELB_URBAN,ROAD,11,1.0
25727,1,6,111,1,1,50.0,0,I,TOWNS,STREET,7,12.0
25728,1,1,140,5,2,60.0,0,N,MELB_URBAN,ROAD,10,18.0
25729,1,7,120,5,1,80.0,0,N,RURAL_VICTORIA,ROAD,11,8.0
25730,1,6,163,5,1,50.0,0,N,MELB_URBAN,STREET,11,12.0
25731,1,7,130,1,1,50.0,0,I,MELB_URBAN,STREET,10,17.0
25732,2,6,100,5,3,80.0,0,N,MELB_URBAN,ROAD,11,23.0
25733,1,7,130,1,1,60.0,0,I,MELB_URBAN,ROAD,11,18.0
25734,2,5,100,2,6,50.0,0,I,MELB_URBAN,HIGHWAY,11,21.0
25735,4,7,183,2,1,50.0,0,I,MELB_URBAN,DRIVE,11,10.0
25736,1,7,130,2,1,80.0,0,I,MELB_URBAN,HIGHWAY,11,8.0
25737,1,7,110,1,1,50.0,0,I,MELB_URBAN,AVENUE,11,11.0
25738,1,7,99,1,1,70.0,0,I,LARGE_PROVINCIAL_CITIES,HIGHWAY,11,12.0
25739,1,7,99,1,1,60.0,0,I,MELB_URBAN,STREET,11,11.0
25740,2,7,99,5,1,80.0,0,N,MELB_URBAN,ROAD,11,13.0
25741,2,7,99,5,1,50.0,0,N,SMALL_TOWNS,AVENUE,11,12.0
25742,1,6,113,2,9,70.0,0,I,RURAL_VICTORIA,ROAD,11,22.0
25743,1,7,130,5,1,60.0,0,N,TOWNS,ROAD,11,14.0
25744,1,7,130,2,1,50.0,0,I,MELB_URBAN,ROAD,11,15.0
25745,1,7,121,2,1,60.0,0,I,MELB_URBAN,ROAD,11,11.0
25746,2,6,99,1,3,40.0,0,I,MELB_URBAN,STREET,11,21.0
25747,6,7,99,5,1,100.0,0,N,RURAL_VICTORIA,ROAD,11,14.0
25748,1,6,121,2,3,60.0,0,I,MELB_URBAN,STREET,11,21.0
25749,6,7,174,2,1,60.0,0,I,RURAL_VICTORIA,OTHER,11,14.0
25750,8,7,99,5,1,50.0,0,N,TOWNS,STREET,11,18.0
25751,1,7,113,1,1,80.0,0,I,RURAL_VICTORIA,ROAD,11,15.0
25752,2,7,100,1,2,60.0,0,I,MELB_URBAN,ROAD,11,19.0
25753,1,7,130,2,3,60.0,0,I,MELB_URBAN,ROAD,11,21.0
25754,1,7,113,1,2,80.0,0,I,MELB_URBAN,HIGHWAY,11,20.0
25755,3,7,167,5,5,100.0,0,N,RURAL_VICTORIA,ROAD,11,3.0