,accident_type,day_of_week,dca_code,road_geometry,light_condition,speed_zone,severity,node_type,deg_urban_name,road_type,month,hour
25756,1,1,130,1,2,60.0,0,I,MELB_URBAN,ROAD,11,7.0
25757,1,6,134,5,1,100.0,0,N,MELB_URBAN,FREEWAY,11,17.0
25758,2,1,100,5,1,80.0,1,N,MELB_URBAN,ROAD,11,8.0
25759,1,1,160,5,2,60.0,0,N,MELB_URBAN,ROAD,11,7.0
25760,4,1,173,5,1,60.0,0,N,MELB_URBAN,ROAD,11,9.0
25761,1,1,99,1,1,50.0,0,I,MELB_URBAN,ROAD,11,11.0
25762,1,1,110,1,1,50.0,0,I,TOWNS,STREET,11,11.0
25763,1,1,120,5,1,100.0,0,N,RURAL_VICTORIA,OTHER,11,10.0
25764,1,1,133,2,1,90.0,0,I,MELB_URBAN,HIGHWAY,11,11.0
25765,4,1,173,5,1,80.0,0,N,RURAL_VICTORIA,ROAD,11,11.0
25766,1,1,110,1,1,60.0,0,I,MELB_URBAN,HIGHWAY,11,10.0
25767,4,7,171,5,1,100.0,0,N,RURAL_VICTORIA,ROAD,11,17.0
25768,4,1,183,5,1,100.0,0,N,RURAL_VICTORIA,ROAD,11,12.0
25769,5,1,171,5,5,100.0,0,N,TOWNS,HIGHWAY,11,1.0
25770,1,1,147,5,1,50.0,0,N,MELB_URBAN,AVENUE,11,11.0
25771,1,1,134,5,1,70.0,0,N,MELB_URBAN,STREET,11,14.0
25772,1,1,99,1,1,40.0,0,I,MELBOURNE_CBD,STREET,11,14.0
25773,4,1,183,5,1,100.0,0,N,RURAL_VICTORIA,ROAD,11,17.0
25774,8,1,184,5,1,100.0,0,N,RURAL_VICTORIA,OTHER,11,14.0
25775,4,0,173,1,1,70.0,0,N,MELB_URBAN,OTHER,11,15.0
25776,1,1,121,1,1,60.0,0,I,MELB_URBAN,ROAD,11,18.0
25777,1,1,110,1,1,100.0,0,I,RURAL_VICTORIA,ROAD,11,16.0
25778,4,1,173,5,2,50.0,0,N,MELB_URBAN,DRIVE,11,6.0
25779,4,1,181,5,3,50.0,0,N,MELB_URBAN,STREET,11,22.0
25780,1,1,116,1,2,70.0,0,I,SMALL_CITIES,HIGHWAY,11,5.0
25781,4,2,173,1,3,80.0,0,I,MELB_URBAN,HIGHWAY,11,0.0
25782,4,1,173,2,3,50.0,0,I,MELB_URBAN,OTHER,11,22.0
25783,1,7,163,5,1,40.0,0,N,MELB_URBAN,ROAD,11,10.0
25784,4,1,181,5,5,100.0,0,N,RURAL_VICTORIA,ROAD,11,22.0
25785,3,6,167,5,5,100.0,0,N,RURAL_VICTORIA,ROAD,11,22.0
25786,1,3,163,5,1,50.0,0,N,MELB_URBAN,STREET,10,14.0
25787,1,1,113,2,1,60.0,0,I,MELB_URBAN,ROAD,11,13.0
25788,1,2,113,2,2,70.0,0,I,MELB_URBAN,ROAD,11,6.0
25789,6,5,174,2,2,60.0,0,I,MELB_URBAN,STREET,10,17.0
25790,1,2,99,5,2,50.0,0,N,MELB_URBAN,STREET,11,7.0
25791,1,3,110,1,2,50.0,0,I,MELB_URBAN,ROAD,9,17.0
25792,1,2,121,5,1,60.0,0,N,MELB_URBAN,STREET,11,10.0
25793,1,1,130,1,1,50.0,0,I,MELB_URBAN,PARADE,11,11.0
25794,8,2,174,5,1,60.0,0,N,RURAL_VICTORIA,OTHER,11,11.0
25795,2,7,100,5,9,60.0,0,N,MELB_URBAN,ROAD,10,14.0
25796,1,2,110,1,1,80.0,0,I,MELB_URBAN,ROAD,11,11.0
25797,8,7,174,1,3,60.0,0,I,MELB_URBAN,STREET,11,21.0
25798,4,2,181,5,1,80.0,0,N,RURAL_VICTORIA,ROAD,11,11.0
25799,4,2,171,5,1,60.0,0,N,SMALL_CITIES,ROAD,11,11.0
25800,1,6,130,1,1,60.0,0,I,LARGE_PROVINCIAL_CITIES,ROAD,10,15.0
25801,6,2,99,2,1,100.0,0,N,RURAL_VICTORIA,ROAD,11,9.0
25802,1,2,160,5,1,60.0,0,N,MELB_URBAN,ROAD,11,13.0
25803,8,6,184,5,1,100.0,0,N,RURAL_VICTORIA,HIGHWAY,11,11.0
25804,1,2,121,1,1,50.0,0,I,MELB_URBAN,STREET,11,13.0
25805,8,2,174,5,1,80.0,0,N,RURAL_VICTORIA,ROAD,11,10.0
25806,1,6,130,5,2,90.0,0,N,MELB_URBAN,ROAD,11,7.0
25807,1,2,130,5,1,80.0,0,N,MELB_URBAN,HIGHWAY,11,13.0
25808,1,4,130,5,1,60.0,0,N,MELB_URBAN,ROAD,11,15.0
25809,1,3,163,2,1,60.0,0,I,MELB_URBAN,ROAD,9,18.0
25810,4,2,171,5,1,100.0,0,N,RURAL_VICTORIA,ROAD,11,13.0
25811,1,1,130,1,2,60.0,0,I,MELB_URBAN,ROAD,9,18.0
25812,1,2,111,1,1,60.0,0,I,MELB_URBAN,ROAD,11,14.0
25813,1,2,113,2,1,60.0,0,I,MELB_URBAN,PARADE,11,15.0
25814,8,2,174,5,1,100.0,0,N,RURAL_VICTORIA,ROAD,11,13.0
25815,1,2,130,2,1,60.0,0,I,MELB_URBAN,ROAD,11,15.0
25816,1,2,121,1,9,60.0,0,I,MELB_URBAN,ROAD,11,16.0
25817,1,2,113,2,1,60.0,0,I,LARGE_PROVINCIAL_CITIES,AVENUE,9,16.0
25818,1,4,130,2,2,70.0,0,I,MELB_URBAN,DRIVE,11,6.0
25819,2,2,99,4,1,40.0,0,I,MELB_URBAN,STREET,11,16.0
25820,4,2,171,2,5,100.0,0,I,RURAL_VICTORIA,ROAD,11,3.0
25821,1,2,99,2,1,60.0,0,I,MELB_URBAN,ROAD,11,16.0
25822,1,1,99,1,1,50.0,0,I,MELB_URBAN,HIGHWAY,11,17.0
25823,2,2,100,2,1,50.0,0,I,MELB_URBAN,OTHER,11,16.0
25824,1,2,121,2,1,60.0,0,I,MELB_URBAN,STREET,11,17.0
25825,1,4,110,1,1,50.0,0,I,MELB_URBAN,STREET,11,18.0
25826,1,2,132,2,1,100.0,0,I,RURAL_VICTORIA,HIGHWAY,11,17.0
25827,1,2,121,2,1,40.0,0,I,MELBOURNE_CBD,STREET,11,18.0
25828,2,2,100,1,2,60.0,0,I,MELB_URBAN,ROAD,11,19.0
25829,1,2,111,2,1,50.0,0,I,MELB_URBAN,ROAD,11,19.0
25830,1,2,147,5,1,60.0,0,N,SMALL_CITIES,ROAD,11,13.0
25831,1,1,99,2,1,70.0,0,I,MELB_URBAN,ROAD,11,14.0
25832,1,2,110,1,1,80.0,0,I,RURAL_VICTORIA,AVENUE,11,16.0
25833,1,2,130,2,1,70.0,0,I,MELB_URBAN,ROAD,11,17.0
25834,1,2,120,5,5,100.0,0,N,RURAL_VICTORIA,ROAD,11,21.0
25835,3,2,167,5,2,100.0,0,N,RURAL_VICTORIA,ROAD,11,6.0
25836,1,5,130,2,1,80.0,0,N,MELB_URBAN,HIGHWAY,10,16.0
25837,1,2,113,2,3,100.0,0,N,RURAL_VICTORIA,HIGHWAY,11,23.0
25838,8,3,174,5,5,60.0,0,N,RURAL_VICTORIA,ROAD,11,2.0
25839,1,2,130,2,9,60.0,0,I,MELB_URBAN,ROAD,3,18.0
25840,1,3,130,1,1,80.0,0,N,MELB_URBAN,HIGHWAY,11,8.0
25841,1,3,147,5,1,70.0,0,N,MELB_URBAN,ROAD,11,8.0
25842,6,4,174,5,2,60.0,0,N,RURAL_VICTORIA,ROAD,11,19.0
25843,1,3,130,1,1,70.0,0,I,MELB_URBAN,ROAD,11,9.0
25844,1,3,135,5,2,100.0,0,N,MELB_URBAN,FREEWAY,11,7.0
25845,1,7,120,5,1,100.0,0,N,RURAL_VICTORIA,ROAD,11,15.0
25846,1,3,121,1,1,60.0,0,I,MELB_URBAN,STREET,11,10.0
25847,1,1,130,2,9,60.0,0,I,SMALL_CITIES,STREET,11,16.0
25848,1,3,121,5,1,60.0,0,N,MELB_URBAN,ROAD,11,9.0
25849,1,3,111,1,2,60.0,0,I,MELB_URBAN,STREET,11,6.0
25850,1,7,121,2,1,60.0,0,I,MELB_URBAN,STREET,10,16.0
25851,1,4,130,2,3,60.0,0,I,MELB_URBAN,ROAD,7,6.0
25852,1,3,110,1,1,80.0,0,I,MELB_URBAN,HIGHWAY,8,10.0
25853,1,3,99,2,1,50.0,0,I,MELB_URBAN,HIGHWAY,11,12.0
25854,1,3,130,2,1,60.0,0,I,MELB_URBAN,ROAD,11,12.0
25855,1,3,99,1,1,60.0,0,I,MELB_URBAN,OTHER,11,15.0
25856,1,3,130,1,1,50.0,0,I,LARGE_PROVINCIAL_CITIES,STREET,11,15.0
25857,8,7,99,2,1,50.0,0,I,SMALL_CITIES,DRIVE,10,13.0
25858,8,3,99,5,1,50.0,0,N,LARGE_PROVINCIAL_CITIES,STREET,11,16.0
25859,1,3,120,1,1,60.0,0,I,MELB_URBAN,ROAD,11,15.0
25860,1,3,121,1,1,60.0,0,I,MELB_URBAN,ROAD,11,17.0
25861,1,3,120,5,1,100.0,0,N,RURAL_VICTORIA,HIGHWAY,11,16.0
25862,1,3,121,2,1,70.0,0,I,MELB_URBAN,ROAD,11,15.0
25863,8,3,174,2,1,50.0,0,I,MELB_URBAN,STREET,11,12.0
25864,1,3,147,2,1,80.0,0,I,MELB_URBAN,HIGHWAY,11,17.0
25865,4,3,171,5,3,60.0,0,N,MELB_URBAN,STREET,11,21.0
25866,1,2,99,1,2,80.0,0,I,MELB_URBAN,HIGHWAY,11,6.0
25867,4,3,181,2,1,50.0,0,I,MELB_URBAN,DRIVE,11,17.0
25868,1,4,130,5,3,60.0,0,N,MELB_URBAN,ROAD,11,0.0
25869,4,6,99,6,1,50.0,0,N,MELB_URBAN,DRIVE,11,16.0
25870,1,4,99,5,3,50.0,0,N,MELB_URBAN,AVENUE,11,4.0
25871,1,2,130,1,1,60.0,0,I,MELB_URBAN,ROAD,11,15.0
25872,8,6,174,5,1,40.0,0,N,MELB_URBAN,ROAD,9,16.0
25873,1,4,110,1,2,60.0,0,I,MELB_URBAN,ROAD,11,7.0
25874,1,4,130,5,1,100.0,0,N,MELB_URBAN,FREEWAY,11,8.0
25875,8,1,174,5,1,60.0,0,N,RURAL_VICTORIA,ROAD,11,13.0
25876,1,4,110,1,2,70.0,0,I,MELB_URBAN,ROAD,11,7.0
25877,1,7,130,5,9,40.0,0,N,MELB_URBAN,STREET,11,13.0
25878,4,3,183,5,5,100.0,1,N,RURAL_VICTORIA,ROAD,11,23.0
25879,6,5,174,1,9,60.0,0,I,MELB_URBAN,ROAD,11,11.0
25880,1,2,132,2,1,60.0,0,N,MELB_URBAN,ROAD,10,8.0
25881,8,3,174,5,9,70.0,0,N,MELB_URBAN,ROAD,11,17.0
25882,1,1,130,5,1,60.0,0,N,MELB_URBAN,OTHER,11,15.0
25883,6,3,170,5,1,100.0,0,N,RURAL_VICTORIA,HIGHWAY,11,13.0
25884,4,6,171,5,9,60.0,0,N,MELB_URBAN,ROAD,6,21.0
25885,1,4,99,2,1,60.0,0,I,MELBOURNE_CBD,STREET,11,9.0
25886,8,6,99,5,1,80.0,0,N,RURAL_VICTORIA,ROAD,10,9.0
25887,1,3,147,5,1,60.0,0,N,MELB_URBAN,AVENUE,11,16.0
25888,4,4,173,5,1,100.0,0,N,MELB_URBAN,FREEWAY,11,9.0
25889,7,3,99,5,1,60.0,0,N,MELB_URBAN,STREET,11,10.0
25890,8,3,174,1,1,60.0,0,I,MELB_URBAN,STREET,11,12.0
25891,4,4,173,5,1,110.0,0,N,RURAL_VICTORIA,FREEWAY,11,13.0
25892,6,3,99,5,5,100.0,0,N,RURAL_VICTORIA,HIGHWAY,11,21.0
25893,2,4,99,1,1,50.0,0,I,TOWNS,OTHER,11,12.0
25894,1,4,134,2,1,60.0,0,I,MELB_URBAN,ROAD,11,13.0
25895,4,5,171,5,5,110.0,0,N,RURAL_VICTORIA,FREEWAY,7,19.0
25896,1,5,160,5,1,60.0,0,N,MELB_URBAN,ROAD,11,13.0
25897,1,2,121,2,1,60.0,0,I,MELB_URBAN,ROAD,8,8.0
25898,2,4,102,1,1,50.0,0,I,MELB_URBAN,AVENUE,11,16.0
25899,1,4,121,2,1,60.0,0,I,MELB_URBAN,STREET,11,15.0
25900,1,7,130,1,3,60.0,0,I,MELB_URBAN,STREET,10,0.0
25901,1,4,160,2,1,40.0,0,I,MELB_URBAN,DRIVE,11,16.0
25902,6,4,99,2,1,100.0,0,I,RURAL_VICTORIA,ROAD,11,16.0
25903,4,4,171,5,1,70.0,0,N,MELB_URBAN,ROAD,11,19.0
25904,1,4,121,1,2,60.0,0,I,MELB_URBAN,ROAD,11,19.0
25905,1,4,121,2,2,60.0,0,I,MELB_URBAN,ROAD,11,7.0
25906,1,4,120,5,1,50.0,0,N,MELB_URBAN,AVENUE,11,14.0
25907,1,4,147,5,2,60.0,0,N,MELB_URBAN,ROAD,11,19.0
25908,1,5,121,1,3,70.0,0,I,MELB_URBAN,RAMP,11,4.0
25909,8,4,99,5,1,60.0,0,N,RURAL_VICTORIA,ROAD,11,17.0
25910,1,3,130,2,1,60.0,0,I,RURAL_VICTORIA,HIGHWAY,11,16.0
25911,1,5,110,1,1,70.0,0,I,RURAL_VICTORIA,ROAD,11,9.0
25912,1,6,130,5,1,80.0,0,N,MELB_URBAN,ROAD,9,14.0
25913,1,7,113,4,2,80.0,0,N,MELB_URBAN,RAMP,11,17.0
25914,1,6,130,2,1,80.0,0,I,MELB_URBAN,ROAD,10,16.0
25915,1,5,130,1,1,50.0,0,I,MELB_URBAN,ROAD,11,10.0
25916,2,4,99,2,1,50.0,0,I,TOWNS,OTHER,11,8.0
25917,8,1,174,2,1,60.0,0,N,RURAL_VICTORIA,ROAD,11,10.0
25918,1,4,130,3,1,60.0,0,N,MELB_URBAN,STREET,10,16.0
25919,4,5,171,5,1,60.0,0,N,MELB_URBAN,ROAD,11,12.0
25920,4,3,181,5,3,60.0,0,N,MELB_URBAN,DRIVE,11,22.0
25921,1,4,121,1,1,60.0,0,I,MELB_URBAN,STREET,11,16.0
25922,1,5,110,1,1,50.0,0,I,MELB_URBAN,OTHER,11,11.0
25923,4,5,183,5,3,80.0,0,N,MELB_URBAN,RAMP,11,2.0
25924,1,5,147,2,1,80.0,0,I,MELB_URBAN,HIGHWAY,11,13.0
25925,4,6,171,5,1,80.0,0,N,MELB_URBAN,UNKNOWN,11,9.0
25926,1,5,130,5,1,40.0,0,N,RURAL_VICTORIA,HIGHWAY,11,14.0
25927,4,3,171,5,5,70.0,0,N,MELB_URBAN,DRIVE,10,0.0
25928,1,5,130,5,1,80.0,0,N,MELB_URBAN,ROAD,11,12.0
25929,1,5,113,1,1,50.0,0,I,MELB_URBAN,STREET,3,10.0
25930,1,1,130,2,3,60.0,0,I,MELB_URBAN,STREET,11,21.0
25931,1,5,110,1,1,60.0,0,I,MELB_URBAN,STREET,11,18.0
25932,1,5,130,1,1,50.0,0,I,SMALL_CITIES,STREET,11,14.0
25933,1,5,130,5,1,60.0,0,N,LARGE_PROVINCIAL_CITIES,ROAD,11,16.0
25934,2,5,99,5,1,50.0,0,N,TOWNS,STREET,11,16.0
25935,2,6,100,1,1,40.0,0,I,MELBOURNE_CBD,STREET,11,17.0
25936,1,5,147,5,1,50.0,0,N,MELB_URBAN,STREET,11,15.0
25937,1,5,99,5,1,50.0,0,I,MELB_URBAN,STREET,11,17.0
25938,8,7,99,1,2,50.0,0,I,MELB_URBAN,UNKNOWN,3,17.0
25939,1,5,121,1,1,50.0,0,I,MELB_URBAN,STREET,11,18.0
25940,1,3,130,2,1,40.0,0,I,MELB_URBAN,STREET,11,14.0
25941,1,5,133,5,1,60.0,0,N,MELB_URBAN,DRIVE,11,17.0
25942,1,5,110,1,1,60.0,0,I,MELB_URBAN,STREET,11,17.0
25943,1,5,111,2,3,60.0,0,I,MELB_URBAN,AVENUE,11,21.0
25944,1,1,163,2,1,40.0,0,I,MELB_URBAN,ROAD,11,13.0
25945,1,5,130,1,9,60.0,0,I,MELB_URBAN,ROAD,11,21.0
25946,4,5,171,1,2,60.0,0,I,MELB_URBAN,ROAD,11,20.0
25947,1,5,110,1,2,50.0,0,I,LARGE_PROVINCIAL_CITIES,STREET,11,20.0
25948,1,5,130,1,3,80.0,0,I,MELB_URBAN,ROAD,10,21.0
25949,8,5,99,2,5,100.0,0,N,RURAL_VICTORIA,ROAD,11,21.0
25950,1,5,113,2,2,80.0,0,I,MELB_URBAN,ROAD,11,5.0
25951,2,6,100,5,3,40.0,0,N,MELB_URBAN,STREET,11,0.0
25952,4,6,183,5,3,70.0,0,N,MELB_URBAN,ROAD,11,2.0
25953,8,6,184,5,1,100.0,0,N,RURAL_VICTORIA,ROAD,11,16.0
25954,1,5,130,5,1,60.0,0,N,MELB_URBAN,ROAD,11,17.0
25955,1,6,110,1,2,60.0,0,I,MELB_URBAN,ROAD,11,6.0
25956,1,6,132,2,1,60.0,0,I,SMALL_TOWNS,HIGHWAY,11,11.0
25957,2,6,99,5,1,60.0,0,N,MELB_URBAN,DRIVE,11,10.0
25958,1,6,120,5,1,110.0,1,N,RURAL_VICTORIA,HIGHWAY,11,9.0
25959,1,6,99,2,1,60.0,0,I,MELB_URBAN,STREET,11,14.0
25960,1,6,120,5,1,100.0,0,N,RURAL_VICTORIA,ROAD,11,12.0
25961,8,6,184,5,1,100.0,0,N,RURAL_VICTORIA,ROAD,10,17.0
25962,1,4,130,1,1,70.0,0,I,MELB_URBAN,HIGHWAY,11,16.0
25963,1,4,130,5,1,80.0,0,N,MELB_URBAN,HIGHWAY,11,12.0
25964,8,6,99,5,1,60.0,0,N,SMALL_TOWNS,ROAD,11,13.0
25965,1,6,121,1,1,50.0,0,I,MELB_URBAN,STREET,11,13.0
25966,1,2,110,1,3,60.0,0,I,LARGE_PROVINCIAL_CITIES,ROAD,11,21.0
25967,4,6,181,5,1,80.0,1,N,MELB_URBAN,ROAD,11,13.0
25968,1,6,111,1,1,80.0,0,I,RURAL_VICTORIA,ROAD,11,10.0
25969,8,3,99,5,1,60.0,0,N,RURAL_VICTORIA,OTHER,11,15.0
25970,1,5,130,5,1,80.0,0,N,MELB_URBAN,FREEWAY,11,11.0
25971,2,3,100,1,1,60.0,0,I,MELB_URBAN,ROAD,11,17.0
25972,6,6,99,5,1,100.0,0,N,RURAL_VICTORIA,HIGHWAY,11,10.0
25973,8,1,174,5,1,60.0,0,N,RURAL_VICTORIA,OTHER,11,12.0
25974,1,6,121,1,1,80.0,0,I,MELB_URBAN,ROAD,11,16.0
25975,1,6,140,5,1,100.0,0,N,RURAL_VICTORIA,HIGHWAY,11,15.0
25976,6,4,99,5,1,100.0,0,N,RURAL_VICTORIA,ROAD,10,12.0
25977,1,6,130,5,2,100.0,0,N,MELB_URBAN,FREEWAY,11,19.0
25978,1,5,110,1,1,50.0,0,I,MELB_URBAN,STREET,11,17.0
25979,1,6,130,2,9,50.0,0,I,MELB_URBAN,AVENUE,11,21.0
25980,1,6,130,5,2,100.0,0,N,MELB_URBAN,FREEWAY,11,7.0
25981,2,6,102,2,1,50.0,0,I,MELB_URBAN,ROAD,11,18.0
25982,1,6,110,1,1,60.0,0,I,SMALL_CITIES,STREET,11,18.0
25983,1,6,130,1,3,60.0,0,I,MELB_URBAN,ROAD,11,21.0
25984,1,6,130,1,1,60.0,0,I,RURAL_VICTORIA,HIGHWAY,11,17.0
25985,1,7,116,1,3,60.0,0,I,MELB_URBAN,ROAD,11,2.0
25986,1,2,130,5,2,100.0,0,N,MELB_URBAN,ROAD,7,7.0
25987,4,7,171,5,3,50.0,0,N,MELB_URBAN,STREET,11,2.0
25988,1,6,110,1,5,110.0,1,I,RURAL_VICTORIA,FREEWAY,11,22.0
25989,2,1,99,2,3,40.0,0,I,MELB_URBAN,STREET,9,2.0
25990,1,7,134,2,2,60.0,0,I,MELB_URBAN,ROAD,11,7.0
25991,1,7,120,5,2,60.0,0,N,MELB_URBAN,ROAD,11,7.0
25992,1,7,121,2,1,40.0,0,I,MELB_URBAN,STREET,11,9.0
25993,1,3,99,4,3,60.0,0,I,MELB_URBAN,RAMP,11,22.0
25994,4,7,173,2,1,50.0,0,I,MELB_URBAN,AVENUE,11,9.0
25995,1,6,130,2,3,60.0,0,I,MELB_URBAN,ROAD,9,19.0
25996,1,6,113,1,1,60.0,0,I,SMALL_CITIES,AVENUE,11,12.0
25997,1,3,110,1,3,50.0,0,I,SMALL_CITIES,STREET,7,22.0
25998,1,2,130,1,1,50.0,0,I,LARGE_PROVINCIAL_CITIES,STREET,10,13.0
25999,1,7,113,2,1,100.0,0,I,RURAL_VICTORIA,HIGHWAY,11,12.0
26000,1,7,121,2,1,80.0,0,I,MELB_URBAN,ROAD,11,11.0
26001,4,6,173,1,1,50.0,0,I,MELB_URBAN,STREET,11,12.0
26002,1,7,110,1,1,50.0,0,I,MELB_URBAN,STREET,11,12.0
26003,2,7,100,5,1,50.0,0,N,TOWNS,STREET,11,13.0
26004,1,7,113,1,1,100.0,0,I,RURAL_VICTORIA,ROAD,11,14.0
26005,1,7,140,5,1,60.0,0,N,MELB_URBAN,ROAD,11,14.0
26006,6,7,99,5,1,110.0,0,N,RURAL_VICTORIA,RAMP,11,15.0
26007,4,7,183,5,1,100.0,0,N,RURAL_VICTORIA,ROAD,11,14.0
26008,2,6,99,5,1,60.0,0,N,MELB_URBAN,STREET,11,18.0
26009,1,7,140,5,1,80.0,0,N,RURAL_VICTORIA,ROAD,11,18.0
26010,1,7,130,1,1,80.0,0,N,MELB_URBAN,AVENUE,11,18.0
26011,4,7,171,5,1,100.0,0,N,RURAL_VICTORIA,ROAD,11,17.0
26012,1,7,130,1,1,50.0,0,I,MELB_URBAN,HIGHWAY,11,10.0
26013,4,7,183,5,2,80.0,0,N,RURAL_VICTORIA,HIGHWAY,11,19.0
26014,4,7,171,5,1,60.0,0,N,LARGE_PROVINCIAL_CITIES,AVENUE,11,14.0
26015,8,7,174,5,2,50.0,0,N,MELB_URBAN,AVENUE,11,20.0
26016,1,6,121,1,1,60.0,0,I,LARGE_PROVINCIAL_CITIES,ROAD,11,15.0
26017,8,1,184,5,1,60.0,0,N,RURAL_VICTORIA,ROAD,11,9.0
26018,1,7,130,2,2,50.0,0,I,MELB_URBAN,STREET,11,20.0
26019,1,7,121,2,3,100.0,0,I,MELB_URBAN,FREEWAY,11,22.0
26020,1,7,130,2,3,60.0,0,I,MELB_URBAN,ROAD,11,4.0
26021,2,1,100,5,3,40.0,0,N,MELB_URBAN,STREET,11,2.0
26022,2,1,100,2,3,60.0,0,I,MELB_URBAN,PARADE,11,1.0
26023,1,0,121,1,3,80.0,0,I,MELB_URBAN,ROAD,11,5.0
26024,4,1,181,5,5,100.0,0,N,RURAL_VICTORIA,ROAD,11,5.0
26025,1,6,111,2,1,50.0,0,I,MELB_URBAN,ROAD,11,13.0
26026,4,1,181,2,2,60.0,0,I,SMALL_TOWNS,STREET,11,5.0
26027,1,1,120,2,1,60.0,0,N,RURAL_VICTORIA,ROAD,11,8.0
26028,8,7,174,5,1,100.0,0,N,RURAL_VICTORIA,OTHER,11,15.0
26029,4,5,171,5,1,60.0,0,N,RURAL_VICTORIA,ROAD,10,14.0
26030,4,0,171,2,3,50.0,0,I,TOWNS,OTHER,11,3.0
26031,4,1,173,2,1,60.0,0,I,SMALL_CITIES,ROAD,11,10.0
26032,8,6,99,2,1,100.0,0,I,RURAL_VICTORIA,OTHER,11,11.0
26033,4,0,181,5,1,80.0,0,N,MELB_URBAN,RAMP,11,9.0
26034,4,1,173,5,1,80.0,0,N,RURAL_VICTORIA,ROAD,11,11.0
26035,1,1,99,2,1,60.0,0,I,MELB_URBAN,HIGHWAY,11,13.0
26036,1,7,160,5,3,50.0,0,N,MELB_URBAN,STREET,11,21.0
26037,4,7,171,5,1,110.0,0,N,RURAL_VICTORIA,FREEWAY,11,18.0
26038,4,1,181,5,1,100.0,0,N,MELB_URBAN,RAMP,11,14.0
26039,6,1,99,5,1,50.0,0,N,MELB_URBAN,ROAD,11,14.0
26040,6,1,170,5,1,110.0,0,N,RURAL_VICTORIA,FREEWAY,11,16.0
26041,6,1,99,2,1,70.0,0,N,MELB_URBAN,ROAD,11,15.0
26042,1,2,99,5,1,30.0,0,N,MELB_URBAN,STREET,11,13.0
26043,1,1,121,1,1,40.0,0,I,MELB_URBAN,STREET,11,16.0
26044,4,1,181,5,1,100.0,0,N,RURAL_VICTORIA,ROAD,11,16.0
26045,4,7,171,3,1,60.0,0,N,RURAL_VICTORIA,DRIVE,11,17.0
26046,4,1,171,2,1,60.0,0,I,LARGE_PROVINCIAL_CITIES,STREET,11,18.0
26047,4,1,181,5,1,100.0,0,N,RURAL_VICTORIA,ROAD,11,18.0
26048,2,1,102,2,1,70.0,0,I,MELB_URBAN,ROAD,11,15.0
26049,1,1,99,2,1,80.0,0,I,RURAL_VICTORIA,ROAD,11,17.0
26050,1,3,163,5,1,50.0,0,N,MELB_URBAN,STREET,10,8.0
26051,1,2,160,5,3,50.0,0,N,MELB_URBAN,ROAD,11,2.0
26052,1,2,130,1,1,80.0,0,I,MELB_URBAN,ROAD,11,6.0
26053,6,1,174,5,1,100.0,0,N,RURAL_VICTORIA,ROAD,11,17.0
26054,6,2,99,5,2,60.0,0,N,RURAL_VICTORIA,ROAD,11,7.0
26055,1,2,130,5,1,60.0,0,N,MELB_URBAN,ROAD,11,9.0
26056,4,2,181,5,1,80.0,0,N,RURAL_VICTORIA,ROAD,11,9.0
26057,1,6,147,2,1,70.0,0,N,MELB_URBAN,STREET,11,16.0
26058,2,2,99,5,1,50.0,0,N,MELB_URBAN,STREET,11,8.0
26059,1,6,120,5,1,100.0,1,N,RURAL_VICTORIA,HIGHWAY,11,14.0
26060,1,6,130,1,1,50.0,0,I,LARGE_PROVINCIAL_CITIES,STREET,11,17.0
26061,1,2,113,2,1,60.0,0,I,MELB_URBAN,HIGHWAY,11,12.0
26062,9,7,184,5,1,100.0,0,N,RURAL_VICTORIA,HIGHWAY,10,12.0
26063,8,7,99,1,1,60.0,0,I,MELB_URBAN,OTHER,11,8.0
26064,1,6,121,2,1,60.0,0,I,MELB_URBAN,ROAD,11,15.0
26065,4,2,171,5,1,100.0,1,N,RURAL_VICTORIA,HIGHWAY,11,9.0
26066,2,2,100,1,1,70.0,0,I,MELB_URBAN,ROAD,11,13.0
26067,1,2,121,2,1,80.0,0,I,MELB_URBAN,ROAD,11,14.0
26068,4,2,173,5,1,100.0,0,N,RURAL_VICTORIA,HIGHWAY,11,13.0
26069,1,1,121,1,3,50.0,0,I,MELB_URBAN,ROAD,11,21.0
26070,4,7,173,5,1,60.0,0,N,RURAL_VICTORIA,ROAD,11,10.0
26071,1,1,130,2,1,70.0,0,I,MELB_URBAN,AVENUE,11,12.0
26072,8,7,174,5,1,60.0,0,N,RURAL_VICTORIA,OTHER,11,13.0
26073,6,6,184,5,1,100.0,0,N,RURAL_VICTORIA,ROAD,11,11.0
26074,1,1,130,2,1,60.0,0,I,MELB_URBAN,ROAD,11,11.0
26075,1,2,147,5,2,60.0,0,N,MELB_URBAN,AVENUE,8,7.0
26076,1,5,130,1,1,50.0,0,I,MELB_URBAN,STREET,11,16.0
26077,1,4,120,2,2,50.0,0,I,MELB_URBAN,ROAD,11,20.0
26078,1,2,113,2,1,60.0,0,I,MELB_URBAN,ROAD,11,15.0
26079,4,6,181,5,1,60.0,0,N,RURAL_VICTORIA,ROAD,11,13.0
26080,1,2,121,2,1,60.0,0,I,MELB_URBAN,ROAD,11,18.0
26081,1,2,130,5,1,80.0,0,N,MELB_URBAN,ROAD,11,18.0