,accident_type,day_of_week,dca_code,road_geometry,light_condition,speed_zone,severity,node_type,deg_urban_name,road_type,month,hour
26082,1,1,134,1,1,60.0,0,I,MELB_URBAN,STREET,11,13.0
26083,1,2,110,1,1,60.0,0,I,MELB_URBAN,STREET,11,16.0
26084,4,2,173,5,3,50.0,0,N,MELB_URBAN,STREET,11,23.0
26085,4,2,171,5,5,80.0,0,N,RURAL_VICTORIA,ROAD,11,20.0
26086,1,2,173,2,3,70.0,0,I,MELB_URBAN,ROAD,11,23.0
26087,1,2,110,1,1,60.0,0,I,LARGE_PROVINCIAL_CITIES,AVENUE,11,15.0
26088,1,3,121,5,2,60.0,0,N,MELB_URBAN,ROAD,11,6.0
26089,1,5,121,5,1,70.0,0,N,MELB_URBAN,ROAD,11,18.0
26090,1,3,130,5,2,100.0,0,N,RURAL_VICTORIA,ROAD,11,6.0
26091,4,6,171,2,2,70.0,0,I,MELB_URBAN,ROAD,10,5.0
26092,1,3,99,1,2,50.0,0,I,MELB_URBAN,ROAD,11,7.0
26093,8,7,174,2,2,40.0,0,I,MELBOURNE_CBD,STREET,11,7.0
26094,1,3,130,5,1,100.0,0,N,MELB_URBAN,FREEWAY,11,9.0
26095,1,3,113,1,1,50.0,0,I,MELB_URBAN,AVENUE,11,8.0
26096,1,2,110,1,1,50.0,0,I,LARGE_PROVINCIAL_CITIES,STREET,8,15.0
26097,6,3,174,5,1,100.0,0,N,RURAL_VICTORIA,ROAD,11,12.0
26098,1,6,130,5,1,80.0,0,N,MELB_URBAN,ROAD,11,15.0
26099,1,3,111,2,2,60.0,0,I,MELB_URBAN,ROAD,11,6.0
26100,2,2,100,2,1,50.0,0,I,MELB_URBAN,AVENUE,10,16.0
26101,1,3,116,2,2,80.0,0,I,MELB_URBAN,AVENUE,11,6.0
26102,1,3,110,1,1,110.0,1,I,RURAL_VICTORIA,FREEWAY,11,8.0
26103,4,2,171,5,1,80.0,0,N,MELB_URBAN,ROAD,11,16.0
26104,4,3,171,2,1,50.0,0,I,MELB_URBAN,STREET,11,12.0
26105,1,3,121,2,1,80.0,0,I,MELB_URBAN,HIGHWAY,11,11.0
26106,1,3,130,5,1,100.0,0,N,MELB_URBAN,FREEWAY,11,9.0
26107,4,3,171,5,1,80.0,0,N,RURAL_VICTORIA,ROAD,11,11.0
26108,1,2,160,5,2,60.0,0,N,MELB_URBAN,ROAD,11,19.0
26109,4,6,171,2,2,60.0,0,I,MELB_URBAN,OTHER,11,21.0
26110,2,6,99,5,1,50.0,0,N,SMALL_CITIES,STREET,8,11.0
26111,1,6,130,5,1,50.0,0,N,SMALL_CITIES,AVENUE,11,10.0
26112,1,6,130,5,1,60.0,0,N,MELB_URBAN,ROAD,11,12.0
26113,1,3,130,5,1,60.0,0,N,MELB_URBAN,ROAD,11,9.0
26114,4,3,99,5,1,60.0,0,N,MELB_URBAN,ROAD,11,11.0
26115,1,3,110,1,1,50.0,0,I,LARGE_PROVINCIAL_CITIES,STREET,11,9.0
26116,1,5,130,1,1,80.0,0,N,MELB_URBAN,ROAD,11,14.0
26117,1,3,130,2,1,50.0,0,I,LARGE_PROVINCIAL_CITIES,STREET,11,15.0
26118,4,3,171,1,1,70.0,0,I,MELB_URBAN,ROAD,11,14.0
26119,1,7,132,2,1,60.0,0,N,MELB_URBAN,DRIVE,11,12.0
26120,1,6,130,1,1,60.0,0,I,MELB_URBAN,ROAD,11,16.0
26121,2,3,102,5,1,60.0,0,N,LARGE_PROVINCIAL_CITIES,ROAD,11,15.0
26122,1,3,147,2,1,50.0,0,I,MELB_URBAN,OTHER,11,16.0
26123,1,3,130,1,1,80.0,0,N,MELB_URBAN,ROAD,11,17.0
26124,1,3,110,1,1,60.0,0,I,MELB_URBAN,STREET,11,15.0
26125,4,3,173,5,1,80.0,0,N,RURAL_VICTORIA,ROAD,11,18.0
26126,1,2,134,2,1,60.0,0,I,MELB_URBAN,ROAD,11,17.0
26127,1,3,130,2,1,60.0,0,I,MELB_URBAN,ROAD,11,18.0
26128,4,3,181,5,1,60.0,0,N,MELB_URBAN,ROAD,11,18.0
26129,1,3,121,1,3,50.0,0,I,MELB_URBAN,ROAD,11,22.0
26130,1,3,111,2,3,50.0,0,I,MELB_URBAN,OTHER,11,21.0
26131,8,4,174,2,3,70.0,0,I,MELB_URBAN,ROAD,11,0.0
26132,1,3,130,5,3,80.0,1,N,MELB_URBAN,HIGHWAY,11,21.0
26133,3,4,167,5,5,100.0,0,N,RURAL_VICTORIA,ROAD,11,4.0
26134,1,3,120,5,1,60.0,0,N,MELB_URBAN,STREET,11,14.0
26135,4,6,171,2,1,80.0,0,I,RURAL_VICTORIA,ROAD,11,13.0
26136,4,4,171,5,2,60.0,0,N,MELB_URBAN,ROAD,11,6.0
26137,4,4,181,5,2,110.0,0,N,RURAL_VICTORIA,FREEWAY,11,5.0
26138,1,2,99,5,1,60.0,0,N,MELB_URBAN,ROAD,11,16.0
26139,1,3,130,2,1,80.0,0,I,MELB_URBAN,HIGHWAY,11,13.0
26140,1,4,110,1,2,100.0,0,I,RURAL_VICTORIA,HIGHWAY,11,6.0
26141,1,4,120,5,1,50.0,0,N,MELB_URBAN,OTHER,11,8.0
26142,2,4,100,5,1,60.0,0,N,SMALL_CITIES,AVENUE,11,11.0
26143,1,4,99,2,1,50.0,0,I,MELB_URBAN,ROAD,11,8.0
26144,1,4,120,5,2,100.0,0,N,RURAL_VICTORIA,ROAD,11,7.0
26145,6,3,170,2,1,100.0,0,I,RURAL_VICTORIA,ROAD,11,16.0
26146,1,7,130,5,1,40.0,0,N,RURAL_VICTORIA,ROAD,11,13.0
26147,1,4,160,5,1,50.0,0,N,MELB_URBAN,DRIVE,11,10.0
26148,1,4,110,1,1,50.0,0,I,MELB_URBAN,STREET,11,8.0
26149,1,3,99,5,1,50.0,0,N,MELB_URBAN,ROAD,11,10.0
26150,6,4,99,2,1,80.0,0,N,RURAL_VICTORIA,ROAD,11,12.0
26151,1,4,160,2,1,60.0,0,I,MELB_URBAN,ROAD,11,8.0
26152,1,2,160,5,1,40.0,0,N,MELB_URBAN,ROAD,11,14.0
26153,1,4,99,1,1,50.0,0,I,MELB_URBAN,ROAD,11,8.0
26154,2,2,99,2,1,40.0,0,I,TOWNS,ROAD,11,16.0
26155,8,4,174,5,1,100.0,0,N,RURAL_VICTORIA,ROAD,11,14.0
26156,1,3,132,1,1,60.0,0,I,MELB_URBAN,ROAD,11,18.0
26157,1,4,113,2,1,50.0,0,I,MELB_URBAN,AVENUE,11,13.0
26158,2,4,99,2,1,50.0,0,I,LARGE_PROVINCIAL_CITIES,STREET,11,13.0
26159,1,7,130,4,1,80.0,0,I,MELB_URBAN,ROAD,11,9.0
26160,1,4,113,1,1,70.0,0,I,MELB_URBAN,ROAD,11,15.0
26161,1,4,110,1,1,60.0,0,I,MELB_URBAN,DRIVE,11,12.0
26162,8,1,174,5,2,60.0,0,N,RURAL_VICTORIA,ROAD,11,18.0
26163,1,3,121,5,1,60.0,0,N,MELB_URBAN,ROAD,11,17.0
26164,8,3,99,1,1,60.0,0,N,RURAL_VICTORIA,ROAD,9,14.0
26165,6,1,184,5,1,50.0,0,N,LARGE_PROVINCIAL_CITIES,STREET,11,10.0
26166,1,3,121,1,1,60.0,0,I,MELB_URBAN,HIGHWAY,11,16.0
26167,1,4,99,2,1,60.0,0,I,MELB_URBAN,PARADE,11,17.0
26168,1,6,110,1,3,60.0,0,I,TOWNS,HIGHWAY,8,22.0
26169,1,4,120,2,2,60.0,0,I,SMALL_CITIES,ROAD,11,20.0
26170,6,0,174,2,1,60.0,0,I,RURAL_VICTORIA,ROAD,11,10.0
26171,4,6,171,5,9,50.0,0,N,MELB_URBAN,DRIVE,9,19.0
26172,1,3,120,5,1,60.0,0,N,MELB_URBAN,STREET,10,8.0
26173,4,4,99,2,5,100.0,0,I,RURAL_VICTORIA,HIGHWAY,11,21.0
26174,1,5,120,1,2,70.0,0,I,MELB_URBAN,HIGHWAY,11,7.0
26175,4,3,181,5,1,50.0,0,N,MELB_URBAN,STREET,11,13.0
26176,1,5,132,2,1,60.0,0,I,MELB_URBAN,ROAD,11,9.0
26177,8,2,99,5,1,80.0,0,N,MELB_URBAN,ROAD,11,17.0
26178,1,5,113,2,2,60.0,0,I,SMALL_TOWNS,ROAD,11,6.0
26179,1,5,130,4,1,80.0,0,N,MELB_URBAN,ROAD,11,10.0
26180,1,4,130,5,1,50.0,0,N,LARGE_PROVINCIAL_CITIES,STREET,11,16.0
26181,1,2,116,2,1,60.0,0,I,SMALL_CITIES,AVENUE,10,12.0
26182,1,3,130,2,1,60.0,0,I,MELB_URBAN,ROAD,7,10.0
26183,1,4,110,1,1,50.0,0,I,MELB_URBAN,STREET,11,14.0
26184,1,5,110,1,1,60.0,0,I,MELB_URBAN,ROAD,11,9.0
26185,1,5,147,5,1,60.0,0,N,LARGE_PROVINCIAL_CITIES,STREET,11,12.0
26186,4,5,181,5,1,70.0,0,N,MELB_URBAN,ROAD,11,12.0
26187,1,5,120,1,1,60.0,0,I,MELB_URBAN,STREET,11,10.0
26188,1,5,99,1,1,40.0,0,I,MELB_URBAN,STREET,11,13.0
26189,4,4,181,5,1,60.0,0,N,MELB_URBAN,RAMP,11,13.0
26190,1,4,121,2,1,60.0,0,I,MELB_URBAN,STREET,11,12.0
26191,1,5,121,1,1,70.0,0,I,MELB_URBAN,ROAD,11,8.0
26192,1,5,130,2,1,70.0,0,I,MELB_URBAN,ROAD,11,13.0
26193,1,5,120,5,1,100.0,0,N,RURAL_VICTORIA,ROAD,11,8.0
26194,4,5,171,5,1,70.0,0,N,MELB_URBAN,HIGHWAY,11,11.0
26195,1,3,121,2,1,60.0,0,I,MELB_URBAN,STREET,11,18.0
26196,1,3,147,2,1,60.0,0,I,MELB_URBAN,ROAD,11,16.0
26197,1,5,135,5,1,60.0,0,N,MELB_URBAN,ROAD,11,11.0
26198,1,5,120,5,1,60.0,0,N,MELB_URBAN,DRIVE,11,15.0
26199,4,5,181,2,1,100.0,0,N,RURAL_VICTORIA,HIGHWAY,11,17.0
26200,1,2,130,1,1,60.0,0,I,MELB_URBAN,DRIVE,11,16.0
26201,4,4,173,5,3,40.0,0,N,MELB_URBAN,STREET,11,22.0
26202,1,5,130,2,1,60.0,0,I,MELB_URBAN,STREET,11,16.0
26203,1,5,163,5,1,60.0,0,N,MELB_URBAN,ROAD,11,16.0
26204,1,5,147,5,1,100.0,0,N,MELB_URBAN,HIGHWAY,11,16.0
26205,1,4,133,5,2,60.0,0,N,RURAL_VICTORIA,ROAD,11,18.0
26206,1,4,130,5,1,60.0,0,N,LARGE_PROVINCIAL_CITIES,STREET,11,16.0
26207,1,5,99,2,2,60.0,0,I,MELB_URBAN,STREET,11,18.0
26208,1,5,135,5,1,70.0,0,N,MELB_URBAN,ROAD,11,17.0
26209,2,5,99,5,1,60.0,0,N,MELB_URBAN,ROAD,11,15.0
26210,1,5,121,2,2,40.0,0,I,MELB_URBAN,ROAD,11,17.0
26211,4,5,173,5,1,100.0,0,N,RURAL_VICTORIA,ROAD,11,17.0
26212,4,3,183,5,5,100.0,0,N,RURAL_VICTORIA,ROAD,11,22.0
26213,1,5,121,1,2,60.0,0,I,MELB_URBAN,ROAD,11,19.0
26214,1,5,121,2,1,80.0,0,I,MELB_URBAN,ROAD,11,18.0
26215,1,5,110,1,1,50.0,0,I,MELB_URBAN,ROAD,11,18.0
26216,1,5,140,5,1,40.0,0,N,MELBOURNE_CBD,STREET,11,15.0
26217,4,5,181,5,2,80.0,0,N,RURAL_VICTORIA,ROAD,11,20.0
26218,1,5,121,2,3,60.0,0,I,MELB_URBAN,ROAD,11,21.0
26219,1,7,130,1,1,50.0,0,I,SMALL_CITIES,STREET,10,11.0
26220,1,5,110,1,2,70.0,0,I,LARGE_PROVINCIAL_CITIES,ROAD,11,20.0
26221,4,5,173,5,5,100.0,0,N,RURAL_VICTORIA,ROAD,11,22.0
26222,4,5,173,2,3,80.0,0,I,MELB_URBAN,STREET,11,23.0
26223,4,6,171,5,5,80.0,0,N,MELB_URBAN,ROAD,11,1.0
26224,4,6,173,5,5,100.0,0,N,RURAL_VICTORIA,FREEWAY,11,2.0
26225,1,3,120,2,1,60.0,0,I,RURAL_VICTORIA,STREET,11,13.0
26226,1,6,147,5,2,60.0,0,N,MELB_URBAN,ROAD,11,5.0
26227,1,6,110,1,1,50.0,0,I,SMALL_CITIES,STREET,11,7.0
26228,1,1,99,1,1,60.0,0,I,MELB_URBAN,STREET,11,8.0
26229,1,4,130,1,1,60.0,0,I,MELB_URBAN,STREET,11,16.0
26230,4,6,173,5,5,100.0,0,N,RURAL_VICTORIA,HIGHWAY,11,2.0
26231,8,2,174,5,1,80.0,0,N,RURAL_VICTORIA,OTHER,11,19.0
26232,1,5,121,1,1,60.0,0,I,LARGE_PROVINCIAL_CITIES,STREET,10,13.0
26233,1,2,135,5,9,80.0,0,N,MELB_URBAN,OTHER,9,8.0
26234,1,4,110,1,1,80.0,0,I,MELB_URBAN,ROAD,11,17.0
26235,6,1,99,5,1,60.0,0,N,MELB_URBAN,ROAD,11,14.0
26236,1,4,130,1,3,60.0,0,I,MELB_URBAN,HIGHWAY,12,21.0
26237,4,6,171,1,1,60.0,0,I,LARGE_PROVINCIAL_CITIES,STREET,11,11.0
26238,1,4,140,2,1,80.0,0,I,MELB_URBAN,HIGHWAY,11,15.0
26239,4,6,181,5,1,100.0,0,N,RURAL_VICTORIA,ROAD,11,10.0
26240,1,4,130,5,1,80.0,0,N,MELB_URBAN,ROAD,11,16.0
26241,1,6,130,2,1,60.0,0,I,LARGE_PROVINCIAL_CITIES,STREET,11,12.0
26242,4,6,173,9,1,100.0,0,I,RURAL_VICTORIA,ROAD,11,9.0
26243,1,3,160,5,1,60.0,0,N,SMALL_CITIES,ROAD,11,14.0
26244,4,5,171,5,1,80.0,0,N,MELB_URBAN,ROAD,11,9.0
26245,8,7,184,2,1,50.0,0,I,RURAL_VICTORIA,ROAD,11,10.0
26246,1,5,110,1,1,60.0,0,I,LARGE_PROVINCIAL_CITIES,ROAD,11,15.0
26247,1,6,130,2,1,50.0,0,I,MELB_URBAN,STREET,11,14.0
26248,1,5,110,1,1,60.0,0,I,MELB_URBAN,HIGHWAY,11,15.0
26249,1,1,147,2,1,60.0,0,I,LARGE_PROVINCIAL_CITIES,OTHER,9,10.0
26250,8,5,174,5,1,40.0,0,N,MELB_URBAN,ROAD,11,16.0
26251,1,6,120,5,1,100.0,0,N,RURAL_VICTORIA,HIGHWAY,11,13.0
26252,1,3,130,4,1,60.0,0,I,MELB_URBAN,HIGHWAY,11,16.0
26253,1,5,130,5,1,60.0,0,N,MELB_URBAN,ROAD,11,16.0
26254,4,6,181,5,1,100.0,0,N,RURAL_VICTORIA,ROAD,11,15.0
26255,8,6,174,5,1,100.0,0,N,RURAL_VICTORIA,ROAD,11,14.0
26256,1,6,121,2,1,70.0,0,I,MELB_URBAN,ROAD,11,16.0
26257,1,5,160,2,1,60.0,0,N,MELB_URBAN,ROAD,11,10.0
26258,4,6,183,2,1,100.0,1,I,RURAL_VICTORIA,ROAD,11,12.0
26259,1,6,132,5,1,60.0,0,N,MELB_URBAN,ROAD,11,18.0
26260,1,6,110,1,3,80.0,0,N,MELB_URBAN,ROAD,11,3.0
26261,1,6,135,5,1,100.0,0,N,MELB_URBAN,ROAD,11,17.0
26262,1,6,110,1,3,60.0,0,I,SMALL_CITIES,AVENUE,11,21.0
26263,1,6,121,1,1,80.0,0,I,MELB_URBAN,ROAD,11,18.0
26264,1,6,130,2,1,70.0,0,I,MELB_URBAN,ROAD,11,16.0
26265,2,7,102,1,3,60.0,0,I,MELB_URBAN,STREET,11,0.0
26266,8,6,99,6,3,50.0,0,N,SMALL_CITIES,OTHER,11,22.0
26267,4,6,171,5,3,80.0,0,N,MELB_URBAN,HIGHWAY,11,23.0
26268,1,7,130,1,5,50.0,0,I,MELB_URBAN,STREET,11,2.0
26269,4,6,173,5,3,40.0,0,N,MELB_URBAN,AVENUE,11,23.0
26270,4,7,183,5,3,80.0,0,N,MELB_URBAN,ROAD,11,1.0
26271,7,7,99,5,5,100.0,0,N,RURAL_VICTORIA,ROAD,11,1.0
26272,1,7,110,1,2,60.0,0,I,TOWNS,STREET,11,7.0
26273,7,6,174,5,1,100.0,0,N,RURAL_VICTORIA,ROAD,11,15.0
26274,4,7,171,2,2,60.0,0,I,MELB_URBAN,ROAD,11,6.0
26275,1,5,130,1,1,70.0,0,I,LARGE_PROVINCIAL_CITIES,STREET,11,11.0
26276,1,7,130,2,1,80.0,0,I,RURAL_VICTORIA,AVENUE,11,9.0
26277,1,7,121,1,1,50.0,0,I,MELB_URBAN,STREET,11,12.0
26278,2,7,99,5,1,60.0,0,N,SMALL_CITIES,STREET,11,13.0
26279,4,6,171,5,1,50.0,0,N,MELB_URBAN,STREET,11,12.0
26280,1,7,163,1,1,50.0,0,I,SMALL_CITIES,STREET,11,13.0
26281,6,7,99,5,2,100.0,0,N,RURAL_VICTORIA,HIGHWAY,11,6.0
26282,6,7,184,5,1,100.0,0,N,RURAL_VICTORIA,OTHER,11,15.0
26283,2,7,100,1,1,50.0,0,I,MELB_URBAN,DRIVE,11,11.0
26284,7,7,174,5,1,50.0,0,I,SMALL_CITIES,OTHER,11,14.0
26285,1,7,120,5,1,100.0,0,N,RURAL_VICTORIA,OTHER,11,13.0
26286,4,7,183,5,1,100.0,0,N,RURAL_VICTORIA,ROAD,11,15.0
26287,4,7,171,2,1,50.0,0,I,MELB_URBAN,ROAD,11,16.0
26288,6,6,99,5,5,70.0,0,N,MELB_URBAN,DRIVE,11,23.0
26289,1,7,130,2,1,70.0,0,I,MELB_URBAN,ROAD,11,16.0
26290,1,7,130,2,1,50.0,0,I,MELB_URBAN,ROAD,11,16.0
26291,2,6,102,5,2,50.0,0,N,SMALL_CITIES,DRIVE,11,19.0
26292,1,7,140,2,1,60.0,0,I,SMALL_CITIES,STREET,11,18.0
26293,4,7,173,5,1,60.0,0,N,RURAL_VICTORIA,OTHER,11,17.0
26294,1,7,134,5,3,60.0,0,N,MELB_URBAN,ROAD,11,21.0
26295,4,7,173,1,3,60.0,0,I,TOWNS,ROAD,11,3.0
26296,1,6,110,1,2,50.0,0,I,MELB_URBAN,ROAD,11,19.0
26297,1,7,160,2,4,60.0,0,I,MELB_URBAN,OTHER,11,21.0
26298,1,7,130,2,1,60.0,0,I,MELB_URBAN,ROAD,11,18.0
26299,4,7,171,1,5,60.0,0,I,MELB_URBAN,ROAD,11,22.0
26300,1,1,132,2,3,60.0,0,I,MELB_URBAN,AVENUE,12,0.0
26301,7,1,99,5,3,50.0,0,N,MELB_URBAN,UNKNOWN,12,2.0
26302,1,1,130,2,3,60.0,0,I,MELB_URBAN,STREET,12,0.0
26303,3,1,167,2,3,60.0,0,I,MELB_URBAN,STREET,12,3.0
26304,4,1,173,1,2,60.0,0,I,SMALL_CITIES,AVENUE,12,4.0
26305,1,7,130,5,1,60.0,0,N,MELB_URBAN,HIGHWAY,11,14.0
26306,1,1,113,2,1,60.0,0,I,MELB_URBAN,ROAD,12,9.0
26307,1,7,160,5,1,100.0,0,N,MELB_URBAN,FREEWAY,11,16.0
26308,1,1,113,2,1,40.0,0,I,RURAL_VICTORIA,RAMP,12,12.0
26309,7,6,99,2,6,50.0,0,I,MELB_URBAN,STREET,11,21.0
26310,1,3,120,5,1,50.0,0,N,MELB_URBAN,OTHER,11,15.0
26311,1,4,130,2,1,70.0,0,I,MELB_URBAN,HIGHWAY,11,14.0
26312,1,1,121,1,1,70.0,0,I,MELB_URBAN,OTHER,12,10.0
26313,1,1,99,2,1,100.0,0,I,RURAL_VICTORIA,HIGHWAY,12,12.0
26314,4,6,171,2,1,60.0,0,I,MELB_URBAN,STREET,11,17.0
26315,4,1,173,5,9,100.0,0,N,RURAL_VICTORIA,HIGHWAY,12,15.0
26316,4,1,171,5,3,60.0,0,N,MELB_URBAN,STREET,12,2.0
26317,1,3,140,5,1,40.0,0,N,MELB_URBAN,ROAD,11,16.0
26318,4,1,171,5,1,100.0,0,N,RURAL_VICTORIA,ROAD,12,14.0
26319,7,1,99,5,1,50.0,0,N,MELB_URBAN,STREET,12,14.0
26320,1,1,130,2,1,60.0,0,I,MELB_URBAN,STREET,12,13.0
26321,1,1,140,5,1,50.0,0,N,MELB_URBAN,STREET,12,9.0
26322,1,1,130,5,1,80.0,0,N,MELB_URBAN,UNKNOWN,12,14.0
26323,1,1,160,5,5,100.0,0,N,MELB_URBAN,FREEWAY,12,1.0
26324,1,1,120,5,1,60.0,0,I,MELB_URBAN,ROAD,12,17.0
26325,4,1,183,5,1,80.0,0,N,RURAL_VICTORIA,ROAD,12,13.0
26326,1,1,140,5,1,60.0,0,N,MELB_URBAN,ROAD,12,15.0
26327,1,1,110,1,3,80.0,0,I,MELB_URBAN,ROAD,12,22.0
26328,1,6,130,2,1,60.0,0,I,LARGE_PROVINCIAL_CITIES,OTHER,11,11.0
26329,4,2,173,1,3,70.0,0,I,MELB_URBAN,STREET,12,0.0
26330,4,1,183,5,2,60.0,0,N,SMALL_CITIES,ROAD,12,6.0
26331,1,1,110,1,1,60.0,0,I,MELB_URBAN,STREET,12,13.0
26332,8,1,174,5,1,60.0,0,N,RURAL_VICTORIA,ROAD,11,14.0
26333,1,1,130,2,1,70.0,0,I,LARGE_PROVINCIAL_CITIES,HIGHWAY,12,12.0
26334,1,5,130,5,2,50.0,0,N,MELB_URBAN,STREET,4,7.0
26335,1,2,120,2,1,60.0,0,I,MELB_URBAN,ROAD,12,7.0
26336,1,1,113,2,1,100.0,0,I,RURAL_VICTORIA,ROAD,12,17.0
26337,1,0,113,2,1,60.0,0,N,MELB_URBAN,ROAD,12,7.0
26338,1,6,130,1,1,60.0,0,I,MELB_URBAN,STREET,11,18.0
26339,4,2,173,5,1,100.0,0,N,RURAL_VICTORIA,ROAD,12,7.0
26340,2,2,99,5,1,50.0,0,N,MELB_URBAN,DRIVE,12,7.0
26341,8,7,174,5,1,60.0,0,N,RURAL_VICTORIA,OTHER,11,11.0
26342,1,2,99,1,1,40.0,0,I,MELB_URBAN,STREET,12,8.0
26343,1,2,140,2,1,60.0,0,I,MELB_URBAN,ROAD,12,8.0
26344,6,2,99,5,1,100.0,0,N,RURAL_VICTORIA,ROAD,12,11.0
26345,1,6,99,1,2,60.0,0,I,MELB_URBAN,STREET,11,7.0
26346,1,2,110,1,1,50.0,0,I,MELB_URBAN,STREET,12,12.0
26347,2,2,99,5,1,50.0,0,N,MELB_URBAN,STREET,12,13.0
26348,1,3,113,2,1,60.0,0,I,MELB_URBAN,ROAD,2,19.0
26349,1,4,99,1,9,50.0,0,I,MELBOURNE_CBD,STREET,11,22.0
26350,1,2,130,1,1,50.0,0,I,SMALL_CITIES,STREET,11,17.0
26351,1,2,99,5,1,70.0,0,N,MELB_URBAN,ROAD,12,7.0
26352,6,2,174,5,1,50.0,0,N,RURAL_VICTORIA,OTHER,12,12.0
26353,1,2,121,2,1,100.0,0,I,TOWNS,HIGHWAY,12,13.0
26354,1,4,121,2,1,60.0,0,I,MELB_URBAN,ROAD,11,17.0
26355,4,1,173,5,1,100.0,0,N,RURAL_VICTORIA,ROAD,12,13.0
26356,1,3,121,1,9,40.0,0,I,MELB_URBAN,STREET,11,17.0
26357,6,2,99,5,1,100.0,0,N,RURAL_VICTORIA,ROAD,12,13.0
26358,4,2,173,2,1,60.0,0,I,MELB_URBAN,ROAD,11,13.0
26359,1,2,133,5,1,80.0,0,N,MELB_URBAN,ROAD,12,13.0
26360,1,2,121,5,1,60.0,0,N,MELB_URBAN,ROAD,12,13.0
26361,1,2,110,1,1,50.0,0,I,SMALL_CITIES,STREET,12,15.0
26362,2,1,99,6,1,50.0,0,N,LARGE_PROVINCIAL_CITIES,OTHER,12,14.0
26363,1,6,99,2,1,70.0,0,I,RURAL_VICTORIA,OTHER,11,7.0
26364,1,2,130,1,1,100.0,0,I,MELB_URBAN,ROAD,12,15.0
26365,1,2,116,2,1,70.0,0,I,MELB_URBAN,HIGHWAY,12,17.0
26366,1,2,135,5,1,100.0,0,N,MELB_URBAN,ROAD,12,17.0
26367,4,2,171,5,1,100.0,0,N,RURAL_VICTORIA,HIGHWAY,12,13.0
26368,1,6,160,5,1,50.0,0,N,MELB_URBAN,STREET,10,15.0
26369,2,2,100,1,1,60.0,0,I,MELB_URBAN,HIGHWAY,12,17.0
26370,4,2,173,5,1,100.0,0,N,RURAL_VICTORIA,HIGHWAY,12,17.0
26371,1,2,130,5,1,50.0,0,N,MELB_URBAN,STREET,12,16.0
26372,1,2,110,1,1,50.0,0,I,TOWNS,STREET,12,17.0
26373,3,2,167,5,1,100.0,0,N,RURAL_VICTORIA,ROAD,12,16.0
26374,1,2,121,1,1,40.0,0,I,MELB_URBAN,STREET,12,15.0
26375,4,3,173,5,3,50.0,0,N,SMALL_CITIES,STREET,12,0.0
26376,4,3,173,5,3,80.0,0,N,SMALL_CITIES,OTHER,12,3.0
26377,1,1,130,5,4,60.0,0,N,MELB_URBAN,UNKNOWN,12,1.0
26378,4,3,171,5,5,110.0,0,N,RURAL_VICTORIA,FREEWAY,12,0.0
26379,1,3,121,2,2,80.0,0,I,RURAL_VICTORIA,ROAD,12,6.0
26380,4,5,171,5,1,100.0,0,N,RURAL_VICTORIA,ROAD,11,16.0
26381,1,2,121,2,1,60.0,0,I,MELB_URBAN,STREET,12,14.0
26382,4,2,171,2,1,60.0,0,I,MELB_URBAN,STREET,12,15.0
26383,1,2,130,5,1,80.0,0,N,RURAL_VICTORIA,ROAD,11,15.0
26384,2,3,100,2,1,60.0,0,I,MELB_URBAN,STREET,12,8.0
26385,4,3,171,5,1,80.0,0,N,MELB_URBAN,ROAD,12,7.0
26386,1,7,163,1,1,40.0,0,I,MELB_URBAN,STREET,11,12.0
26387,4,2,171,5,1,60.0,0,N,MELB_URBAN,ROAD,12,10.0
26388,1,3,113,2,1,50.0,0,I,MELB_URBAN,STREET,12,9.0
26389,8,7,174,5,1,80.0,0,N,RURAL_VICTORIA,ROAD,11,16.0
26390,4,3,171,5,1,60.0,0,N,MELB_URBAN,ROAD,11,13.0
26391,1,3,130,5,1,100.0,0,N,MELB_URBAN,FREEWAY,12,8.0
26392,1,3,113,2,1,70.0,0,I,LARGE_PROVINCIAL_CITIES,STREET,12,10.0
26393,1,3,110,1,1,50.0,0,I,SMALL_CITIES,STREET,12,10.0
26394,8,7,174,2,9,50.0,0,I,MELB_URBAN,ROAD,11,17.0
26395,1,3,130,5,1,60.0,0,N,MELB_URBAN,ROAD,12,9.0
26396,1,4,130,1,1,60.0,0,I,MELB_URBAN,ROAD,11,15.0
26397,1,4,130,5,1,80.0,0,N,RURAL_VICTORIA,ROAD,11,8.0
26398,1,3,110,1,1,60.0,0,I,RURAL_VICTORIA,OTHER,12,11.0
26399,1,3,121,2,1,100.0,0,I,SMALL_TOWNS,ROAD,12,8.0
26400,8,1,174,5,1,100.0,0,N,RURAL_VICTORIA,ROAD,12,11.0
26401,1,3,121,2,1,60.0,0,I,MELB_URBAN,ROAD,6,7.0
26402,6,3,174,5,1,100.0,0,N,RURAL_VICTORIA,FREEWAY,12,10.0
26403,4,3,173,5,1,60.0,1,N,MELB_URBAN,ROAD,12,14.0
26404,4,2,171,5,5,100.0,0,N,RURAL_VICTORIA,ROAD,12,22.0
26405,1,3,147,2,1,60.0,0,I,MELB_URBAN,ROAD,11,11.0
26406,1,3,163,5,1,60.0,0,N,MELB_URBAN,STREET,12,9.0