,accident_type,day_of_week,dca_code,road_geometry,light_condition,speed_zone,severity,node_type,deg_urban_name,road_type,month,hour
26407,1,5,130,4,1,60.0,0,I,MELB_URBAN,ROAD,10,7.0
26408,4,1,99,6,1,50.0,0,N,TOWNS,AVENUE,11,10.0
26409,4,5,183,5,1,60.0,0,N,MELB_URBAN,DRIVE,11,15.0
26410,1,3,132,1,1,60.0,0,I,MELB_URBAN,STREET,12,15.0
26411,1,2,121,4,1,60.0,0,I,MELB_URBAN,RAMP,12,17.0
26412,1,2,99,2,2,60.0,0,I,MELB_URBAN,ROAD,12,19.0
26413,1,7,130,1,1,60.0,0,I,MELB_URBAN,ROAD,11,9.0
26414,1,3,99,2,1,60.0,0,I,MELB_URBAN,ROAD,12,16.0
26415,1,3,113,2,1,70.0,1,I,SMALL_CITIES,ROAD,12,15.0
26416,2,3,100,1,1,40.0,0,I,MELB_URBAN,ROAD,12,19.0
26417,1,3,130,2,1,80.0,0,I,MELB_URBAN,ROAD,12,7.0
26418,1,3,130,2,2,60.0,0,I,MELB_URBAN,ROAD,11,6.0
26419,4,3,181,5,1,100.0,0,N,RURAL_VICTORIA,ROAD,12,17.0
26420,1,3,121,2,3,80.0,0,I,SMALL_CITIES,HIGHWAY,12,20.0
26421,1,2,130,5,3,100.0,0,N,MELB_URBAN,ROAD,9,21.0
26422,4,3,183,5,2,50.0,0,N,MELB_URBAN,OTHER,12,20.0
26423,4,3,183,5,3,60.0,0,N,MELB_URBAN,ROAD,12,22.0
26424,1,2,133,5,2,100.0,0,N,RURAL_VICTORIA,FREEWAY,12,6.0
26425,1,3,116,1,3,60.0,0,I,MELB_URBAN,STREET,12,23.0
26426,1,3,132,5,1,50.0,0,N,MELB_URBAN,STREET,12,17.0
26427,4,3,183,5,5,100.0,0,N,RURAL_VICTORIA,ROAD,12,22.0
26428,1,3,130,5,1,70.0,0,N,MELB_URBAN,STREET,12,15.0
26429,1,3,120,5,5,100.0,0,N,RURAL_VICTORIA,ROAD,12,20.0
26430,1,3,111,2,3,60.0,0,I,MELB_URBAN,ROAD,12,23.0
26431,1,3,121,2,1,60.0,0,I,MELB_URBAN,ROAD,12,16.0
26432,1,3,121,4,1,60.0,0,I,SMALL_CITIES,RAMP,12,14.0
26433,1,4,99,4,9,70.0,0,I,MELB_URBAN,DRIVE,12,6.0
26434,1,6,113,2,3,80.0,0,I,SMALL_CITIES,HIGHWAY,11,22.0
26435,1,4,171,5,1,50.0,0,N,MELB_URBAN,AVENUE,12,7.0
26436,8,2,184,5,1,100.0,0,N,RURAL_VICTORIA,ROAD,11,14.0
26437,6,4,99,5,2,60.0,0,N,RURAL_VICTORIA,HIGHWAY,12,6.0
26438,1,4,120,5,2,50.0,0,N,RURAL_VICTORIA,ROAD,12,6.0
26439,1,4,163,5,1,50.0,0,N,MELB_URBAN,ROAD,12,8.0
26440,1,4,110,1,1,80.0,0,I,RURAL_VICTORIA,ROAD,12,7.0
26441,1,4,120,5,2,60.0,1,N,RURAL_VICTORIA,OTHER,12,6.0
26442,1,2,121,1,3,80.0,0,I,MELB_URBAN,ROAD,12,21.0
26443,2,4,99,5,1,50.0,0,N,TOWNS,PARADE,12,9.0
26444,6,4,174,1,1,60.0,0,I,MELB_URBAN,HIGHWAY,12,10.0
26445,2,3,100,2,1,60.0,0,I,MELB_URBAN,ROAD,12,18.0
26446,4,4,171,5,1,60.0,0,N,SMALL_CITIES,ROAD,12,11.0
26447,1,3,130,2,1,60.0,0,I,MELB_URBAN,ROAD,10,14.0
26448,1,3,113,2,9,60.0,0,I,MELB_URBAN,ROAD,11,7.0
26449,2,4,100,1,2,80.0,1,I,MELB_URBAN,ROAD,12,6.0
26450,2,4,100,1,1,40.0,0,I,MELBOURNE_CBD,STREET,12,12.0
26451,1,4,147,5,1,50.0,0,N,MELB_URBAN,ROAD,12,12.0
26452,1,4,132,5,1,60.0,0,N,TOWNS,STREET,12,12.0
26453,1,4,130,5,9,80.0,0,N,MELB_URBAN,FREEWAY,12,8.0
26454,4,4,171,5,1,100.0,0,N,RURAL_VICTORIA,FREEWAY,12,12.0
26455,1,3,163,1,1,60.0,0,I,MELB_URBAN,STREET,12,18.0
26456,2,4,102,2,1,70.0,0,I,MELB_URBAN,DRIVE,12,10.0
26457,1,5,110,1,2,50.0,0,I,MELB_URBAN,STREET,9,17.0
26458,1,7,121,1,1,60.0,0,I,MELB_URBAN,ROAD,11,18.0
26459,2,4,100,1,1,80.0,0,I,MELB_URBAN,ROAD,12,13.0
26460,4,4,171,5,1,60.0,0,N,MELB_URBAN,ROAD,12,13.0
26461,1,7,130,9,1,60.0,0,I,MELB_URBAN,DRIVE,11,11.0
26462,4,4,173,5,1,60.0,0,N,TOWNS,STREET,12,9.0
26463,1,4,110,1,1,60.0,0,I,MELB_URBAN,STREET,12,13.0
26464,1,4,140,2,1,60.0,0,I,MELB_URBAN,ROAD,12,15.0
26465,1,5,130,5,3,70.0,0,N,MELB_URBAN,HIGHWAY,11,20.0
26466,1,4,111,4,1,50.0,0,I,MELB_URBAN,STREET,12,16.0
26467,1,4,99,1,1,60.0,0,I,MELB_URBAN,AVENUE,12,15.0
26468,2,4,100,1,1,40.0,0,I,LARGE_PROVINCIAL_CITIES,STREET,12,15.0
26469,4,4,171,1,1,50.0,0,I,MELB_URBAN,ROAD,12,15.0
26470,1,4,99,5,1,50.0,0,N,SMALL_CITIES,STREET,12,13.0
26471,1,3,160,5,1,60.0,0,N,MELB_URBAN,ROAD,1,9.0
26472,1,4,130,1,1,50.0,0,I,MELB_URBAN,STREET,12,16.0
26473,1,4,160,5,1,60.0,0,N,MELB_URBAN,STREET,12,15.0
26474,2,4,100,2,1,60.0,0,I,MELB_URBAN,ROAD,12,15.0
26475,1,4,120,2,1,60.0,0,I,MELB_URBAN,ROAD,12,17.0
26476,1,4,113,1,1,60.0,0,I,MELB_URBAN,ROAD,12,15.0
26477,1,4,99,2,1,70.0,0,I,MELB_URBAN,ROAD,12,17.0
26478,8,7,174,5,1,60.0,0,N,RURAL_VICTORIA,OTHER,8,15.0
26479,1,4,110,1,1,70.0,0,I,MELB_URBAN,ROAD,12,16.0
26480,1,4,133,5,1,60.0,0,N,MELB_URBAN,ROAD,12,17.0
26481,1,4,110,1,3,60.0,0,I,TOWNS,STREET,12,21.0
26482,1,4,120,5,3,60.0,0,N,LARGE_PROVINCIAL_CITIES,ROAD,12,21.0
26483,5,4,99,5,2,100.0,0,N,RURAL_VICTORIA,ROAD,12,5.0
26484,1,4,110,1,5,60.0,0,I,MELB_URBAN,ROAD,12,0.0
26485,1,4,121,1,3,80.0,0,N,MELB_URBAN,HIGHWAY,12,23.0
26486,4,4,181,5,1,100.0,0,N,RURAL_VICTORIA,HIGHWAY,12,15.0
26487,1,6,113,1,1,100.0,0,I,RURAL_VICTORIA,FREEWAY,11,13.0
26488,1,4,116,1,3,50.0,0,I,MELB_URBAN,OTHER,12,21.0
26489,1,4,120,5,5,100.0,1,N,RURAL_VICTORIA,HIGHWAY,12,23.0
26490,1,3,130,5,1,60.0,0,N,MELB_URBAN,ROAD,11,15.0
26491,2,5,102,5,1,60.0,0,N,MELB_URBAN,PARADE,12,8.0
26492,1,4,130,1,1,70.0,0,I,MELB_URBAN,ROAD,12,17.0
26493,4,6,173,2,3,80.0,0,I,MELB_URBAN,ROAD,7,1.0
26494,1,5,121,2,1,40.0,0,I,MELB_URBAN,ROAD,12,12.0
26495,1,5,110,1,1,50.0,0,I,SMALL_CITIES,STREET,12,9.0
26496,6,5,174,2,1,60.0,0,I,MELB_URBAN,ROAD,11,17.0
26497,2,6,100,1,9,40.0,0,I,MELBOURNE_CBD,STREET,11,17.0
26498,1,5,163,5,1,40.0,0,N,MELB_URBAN,ROAD,12,11.0
26499,2,5,99,5,1,50.0,0,N,MELB_URBAN,ROAD,12,13.0
26500,1,5,147,5,1,60.0,0,N,MELB_URBAN,ROAD,12,12.0
26501,1,5,140,5,1,80.0,0,N,MELB_URBAN,HIGHWAY,12,13.0
26502,1,5,99,1,1,80.0,0,I,MELB_URBAN,HIGHWAY,12,9.0
26503,1,4,135,5,1,80.0,0,N,MELB_URBAN,FREEWAY,12,14.0
26504,1,4,99,5,1,40.0,0,N,RURAL_VICTORIA,ROAD,9,11.0
26505,1,5,130,5,1,60.0,0,N,MELB_URBAN,ROAD,12,14.0
26506,1,5,113,2,1,60.0,0,I,SMALL_CITIES,STREET,12,13.0
26507,1,5,133,5,1,100.0,0,N,MELB_URBAN,FREEWAY,12,13.0
26508,6,4,174,5,1,60.0,0,N,MELB_URBAN,OTHER,11,17.0
26509,1,6,130,1,9,60.0,0,I,LARGE_PROVINCIAL_CITIES,STREET,11,22.0
26510,1,5,120,5,1,50.0,0,N,MELB_URBAN,STREET,12,15.0
26511,1,4,99,2,1,80.0,0,N,MELB_URBAN,ROAD,12,14.0
26512,1,4,134,2,1,50.0,0,N,MELB_URBAN,AVENUE,12,13.0
26513,1,4,130,1,1,60.0,0,I,MELB_URBAN,ROAD,11,17.0
26514,1,5,160,5,1,110.0,0,N,RURAL_VICTORIA,FREEWAY,12,15.0
26515,1,5,130,5,1,60.0,0,N,MELB_URBAN,ROAD,12,14.0
26516,6,5,174,5,1,100.0,0,N,MELB_URBAN,UNKNOWN,12,13.0
26517,2,5,100,5,1,60.0,0,N,MELB_URBAN,ROAD,12,15.0
26518,1,5,99,5,1,60.0,0,N,MELB_URBAN,ROAD,12,16.0
26519,1,5,110,1,1,60.0,0,I,LARGE_PROVINCIAL_CITIES,STREET,12,15.0
26520,4,5,183,2,1,100.0,0,I,RURAL_VICTORIA,ROAD,12,17.0
26521,1,5,130,2,1,60.0,0,I,MELB_URBAN,HIGHWAY,12,17.0
26522,1,5,113,2,1,60.0,0,I,MELB_URBAN,ROAD,12,17.0
26523,4,2,99,2,1,100.0,0,N,RURAL_VICTORIA,HIGHWAY,12,14.0
26524,1,5,99,2,1,50.0,0,I,SMALL_CITIES,DRIVE,12,18.0
26525,4,5,171,5,2,100.0,0,N,RURAL_VICTORIA,ROAD,12,17.0
26526,1,5,130,5,2,80.0,0,N,MELB_URBAN,ROAD,12,17.0
26527,4,5,171,5,1,100.0,0,N,RURAL_VICTORIA,HIGHWAY,12,18.0
26528,1,5,130,1,3,60.0,0,I,MELB_URBAN,STREET,12,21.0
26529,1,5,99,2,1,40.0,0,I,MELB_URBAN,STREET,12,18.0
26530,8,5,174,5,3,50.0,0,N,TOWNS,STREET,12,23.0
26531,4,5,99,1,3,60.0,0,I,MELB_URBAN,ROAD,12,22.0
26532,1,2,121,2,1,40.0,0,I,MELB_URBAN,ROAD,10,8.0
26533,1,6,130,2,1,70.0,0,I,LARGE_PROVINCIAL_CITIES,ROAD,10,18.0
26534,1,6,120,5,1,60.0,0,N,RURAL_VICTORIA,ROAD,12,7.0
26535,1,2,130,2,1,60.0,0,I,LARGE_PROVINCIAL_CITIES,ROAD,12,14.0
26536,6,6,174,1,1,60.0,0,I,MELB_URBAN,STREET,12,9.0
26537,1,6,121,1,1,60.0,0,I,MELB_URBAN,ROAD,12,8.0
26538,8,6,99,5,1,100.0,0,N,RURAL_VICTORIA,ROAD,12,8.0
26539,1,5,110,1,2,50.0,0,I,MELB_URBAN,OTHER,12,20.0
26540,4,5,171,5,1,110.0,0,N,RURAL_VICTORIA,FREEWAY,12,16.0
26541,1,6,99,2,1,60.0,0,I,MELB_URBAN,PARADE,12,7.0
26542,4,6,183,5,1,80.0,0,N,RURAL_VICTORIA,HIGHWAY,12,11.0
26543,6,6,184,1,1,80.0,0,N,MELB_URBAN,ROAD,12,8.0
26544,1,6,130,2,1,70.0,0,I,MELB_URBAN,ROAD,12,10.0
26545,1,6,121,5,1,50.0,0,N,MELB_URBAN,AVENUE,12,11.0
26546,1,6,135,5,1,100.0,0,N,MELB_URBAN,ROAD,12,11.0
26547,1,6,120,2,1,50.0,0,I,SMALL_CITIES,AVENUE,12,12.0
26548,1,6,113,2,1,60.0,0,I,MELB_URBAN,ROAD,12,13.0
26549,1,5,99,2,1,60.0,0,I,MELB_URBAN,ROAD,12,8.0
26550,1,5,121,2,1,50.0,0,N,MELB_URBAN,STREET,12,18.0
26551,4,6,173,5,1,70.0,0,N,MELB_URBAN,ROAD,12,11.0
26552,8,6,170,5,1,60.0,0,N,MELB_URBAN,STREET,11,13.0
26553,1,6,121,2,1,60.0,0,I,MELB_URBAN,STREET,12,16.0
26554,4,6,173,5,1,100.0,0,N,RURAL_VICTORIA,ROAD,12,15.0
26555,8,5,170,5,1,100.0,0,N,RURAL_VICTORIA,ROAD,12,13.0
26556,1,5,133,5,1,60.0,0,N,MELB_URBAN,AVENUE,12,9.0
26557,8,2,174,4,1,60.0,0,I,SMALL_CITIES,RAMP,11,8.0
26558,1,1,113,2,3,60.0,0,I,MELB_URBAN,STREET,12,22.0
26559,1,5,116,1,9,80.0,0,N,MELB_URBAN,ROAD,10,10.0
26560,1,6,135,2,1,70.0,0,I,MELB_URBAN,ROAD,12,8.0
26561,1,6,130,5,1,100.0,0,N,MELB_URBAN,ROAD,12,17.0
26562,1,6,130,5,1,70.0,0,N,TOWNS,HIGHWAY,12,17.0
26563,8,6,170,2,1,50.0,0,I,MELB_URBAN,OTHER,12,15.0
26564,6,6,184,5,1,60.0,0,N,RURAL_VICTORIA,OTHER,12,16.0
26565,1,6,130,5,1,80.0,0,N,MELB_URBAN,FREEWAY,12,17.0
26566,1,6,130,1,1,80.0,0,I,MELB_URBAN,ROAD,12,15.0
26567,1,3,110,1,9,60.0,0,I,MELB_URBAN,STREET,12,20.0
26568,1,6,130,2,1,70.0,0,I,LARGE_PROVINCIAL_CITIES,ROAD,12,16.0
26569,1,6,120,5,2,60.0,0,N,MELB_URBAN,ROAD,12,19.0
26570,4,6,171,5,1,60.0,0,N,MELB_URBAN,ROAD,12,19.0
26571,1,6,130,2,1,60.0,0,I,MELB_URBAN,AVENUE,12,17.0
26572,1,6,147,5,1,50.0,0,N,MELB_URBAN,ROAD,11,17.0
26573,1,6,133,5,3,60.0,0,N,MELB_URBAN,ROAD,12,20.0
26574,1,6,130,5,1,100.0,0,N,MELB_URBAN,FREEWAY,12,15.0
26575,4,6,173,5,2,100.0,0,N,RURAL_VICTORIA,HIGHWAY,12,20.0
26576,2,6,100,5,3,60.0,0,N,MELB_URBAN,ROAD,12,21.0
26577,1,6,160,5,3,50.0,0,N,MELB_URBAN,STREET,12,22.0
26578,4,6,171,5,5,100.0,0,N,RURAL_VICTORIA,ROAD,12,22.0
26579,1,6,160,5,3,60.0,0,N,MELB_URBAN,DRIVE,12,23.0
26580,2,7,99,1,3,40.0,0,I,MELBOURNE_CBD,STREET,12,2.0
26581,1,4,130,5,2,100.0,0,N,MELB_URBAN,UNKNOWN,9,7.0
26582,5,6,99,5,1,50.0,0,N,MELB_URBAN,ROAD,10,9.0
26583,4,6,183,5,1,50.0,0,N,MELB_URBAN,DRIVE,12,15.0
26584,1,5,130,2,1,30.0,0,I,MELB_URBAN,ROAD,9,14.0
26585,1,7,160,5,1,60.0,0,N,MELB_URBAN,ROAD,12,7.0
26586,1,4,130,5,1,80.0,0,N,MELB_URBAN,HIGHWAY,9,8.0
26587,1,7,130,5,1,100.0,0,N,RURAL_VICTORIA,ROAD,12,9.0
26588,4,5,181,5,1,80.0,0,N,RURAL_VICTORIA,ROAD,12,15.0
26589,1,7,130,5,1,60.0,0,N,MELB_URBAN,STREET,12,12.0
26590,2,7,99,5,1,50.0,0,N,MELB_URBAN,DRIVE,12,11.0
26591,6,7,184,5,1,100.0,0,N,RURAL_VICTORIA,ROAD,12,12.0
26592,2,7,99,5,1,40.0,0,N,MELBOURNE_CBD,STREET,12,9.0
26593,8,7,174,2,1,50.0,0,I,TOWNS,STREET,12,12.0
26594,7,7,99,1,2,100.0,0,I,RURAL_VICTORIA,ROAD,12,5.0
26595,1,4,132,2,1,80.0,0,I,RURAL_VICTORIA,ROAD,12,17.0
26596,4,7,171,5,1,100.0,0,N,RURAL_VICTORIA,ROAD,12,10.0
26597,4,7,173,5,1,110.0,0,N,RURAL_VICTORIA,FREEWAY,12,12.0
26598,1,6,130,5,1,80.0,0,N,MELB_URBAN,HIGHWAY,10,14.0
26599,1,7,113,2,1,90.0,0,I,RURAL_VICTORIA,HIGHWAY,12,13.0
26600,1,7,121,1,1,60.0,0,I,MELB_URBAN,ROAD,12,15.0
26601,2,7,99,5,1,50.0,0,N,LARGE_PROVINCIAL_CITIES,STREET,12,17.0
26602,2,7,99,2,1,50.0,0,I,MELB_URBAN,ROAD,12,10.0
26603,1,7,121,1,1,70.0,0,N,MELB_URBAN,ROAD,12,16.0
26604,8,7,170,5,1,100.0,0,N,RURAL_VICTORIA,ROAD,12,15.0
26605,1,7,120,2,1,50.0,0,I,TOWNS,STREET,12,18.0
26606,1,7,111,1,1,80.0,0,I,LARGE_PROVINCIAL_CITIES,HIGHWAY,12,17.0
26607,1,7,99,2,2,60.0,0,I,SMALL_CITIES,DRIVE,12,19.0
26608,1,7,113,2,1,60.0,0,I,MELB_URBAN,ROAD,12,14.0
26609,1,5,130,5,1,70.0,0,I,MELB_URBAN,STREET,12,12.0
26610,8,7,99,5,2,60.0,0,N,MELB_URBAN,ROAD,12,20.0
26611,1,7,99,2,2,50.0,0,I,MELB_URBAN,STREET,12,20.0
26612,6,7,184,5,1,80.0,0,N,RURAL_VICTORIA,ROAD,12,16.0
26613,6,7,99,6,5,60.0,0,N,MELB_URBAN,ROAD,12,21.0
26614,1,7,121,2,3,80.0,0,I,MELB_URBAN,STREET,12,22.0
26615,4,1,181,5,5,80.0,0,N,RURAL_VICTORIA,ROAD,12,0.0
26616,2,1,99,5,3,50.0,1,N,MELB_URBAN,STREET,12,2.0
26617,1,1,116,2,1,70.0,0,I,MELB_URBAN,ROAD,12,7.0
26618,1,7,120,5,2,50.0,0,N,LARGE_PROVINCIAL_CITIES,STREET,12,20.0
26619,1,7,132,2,1,60.0,0,I,MELB_URBAN,ROAD,12,13.0
26620,1,1,160,5,1,50.0,0,N,MELB_URBAN,AVENUE,12,8.0
26621,1,1,110,1,1,60.0,0,I,SMALL_CITIES,ROAD,12,9.0
26622,1,1,99,2,1,50.0,0,I,SMALL_CITIES,AVENUE,12,8.0
26623,1,1,99,2,1,60.0,0,I,MELB_URBAN,STREET,12,10.0
26624,2,1,102,5,1,40.0,0,N,MELB_URBAN,OTHER,12,10.0
26625,4,1,99,5,1,60.0,0,I,RURAL_VICTORIA,ROAD,11,13.0
26626,4,1,173,2,2,70.0,0,N,MELB_URBAN,STREET,12,6.0
26627,1,1,121,1,1,60.0,0,I,MELB_URBAN,STREET,12,11.0
26628,2,7,99,2,3,60.0,0,I,MELB_URBAN,STREET,12,22.0
26629,8,1,99,5,1,100.0,0,N,RURAL_VICTORIA,ROAD,12,9.0
26630,4,1,181,5,1,100.0,0,N,RURAL_VICTORIA,ROAD,12,8.0
26631,1,5,121,2,1,70.0,0,I,MELB_URBAN,ROAD,11,18.0
26632,1,1,147,5,1,60.0,0,N,MELB_URBAN,ROAD,12,12.0
26633,1,1,99,2,1,50.0,0,I,RURAL_VICTORIA,STREET,12,11.0
26634,1,1,116,2,1,50.0,0,I,MELB_URBAN,OTHER,12,13.0
26635,4,5,173,5,1,60.0,0,N,RURAL_VICTORIA,ROAD,9,13.0
26636,2,1,99,2,3,40.0,0,I,MELB_URBAN,STREET,12,3.0
26637,1,1,99,5,1,70.0,0,N,RURAL_VICTORIA,HIGHWAY,12,14.0
26638,1,5,110,1,9,60.0,0,I,MELB_URBAN,STREET,2,17.0
26639,4,1,171,1,1,100.0,0,I,RURAL_VICTORIA,ROAD,12,16.0
26640,1,1,130,2,9,50.0,0,I,SMALL_CITIES,STREET,12,16.0
26641,1,1,120,1,1,60.0,0,I,MELB_URBAN,STREET,12,16.0
26642,4,1,171,5,1,60.0,0,N,LARGE_PROVINCIAL_CITIES,ROAD,12,16.0
26643,1,1,113,2,3,60.0,0,I,MELB_URBAN,STREET,12,21.0
26644,4,1,173,5,1,50.0,0,N,MELB_URBAN,ROAD,12,18.0
26645,4,1,173,5,5,70.0,0,N,MELB_URBAN,ROAD,12,21.0
26646,1,1,130,2,3,60.0,0,I,MELB_URBAN,ROAD,12,22.0
26647,2,2,99,5,3,60.0,0,N,LARGE_PROVINCIAL_CITIES,STREET,12,1.0
26648,4,2,173,5,3,80.0,0,N,MELB_URBAN,ROAD,12,2.0
26649,1,2,113,4,3,80.0,0,I,MELB_URBAN,ROAD,12,0.0
26650,1,0,121,2,1,50.0,0,I,MELB_URBAN,AVENUE,12,14.0
26651,1,1,110,1,3,60.0,0,I,LARGE_PROVINCIAL_CITIES,STREET,12,23.0
26652,5,2,99,5,2,100.0,0,N,MELB_URBAN,FREEWAY,12,6.0
26653,4,7,171,5,1,50.0,0,N,MELB_URBAN,STREET,12,18.0
26654,8,7,174,1,1,50.0,0,I,RURAL_VICTORIA,ROAD,12,7.0
26655,1,2,130,2,1,80.0,0,N,MELB_URBAN,ROAD,12,8.0
26656,4,2,171,5,1,100.0,0,N,RURAL_VICTORIA,ROAD,12,8.0
26657,2,2,100,2,1,50.0,0,I,MELB_URBAN,AVENUE,12,9.0
26658,8,1,174,5,1,70.0,0,N,LARGE_PROVINCIAL_CITIES,ROAD,12,14.0
26659,8,2,174,5,1,60.0,0,N,MELB_URBAN,ROAD,12,11.0
26660,1,5,130,5,2,80.0,0,N,MELB_URBAN,STREET,12,6.0
26661,1,2,111,2,1,70.0,0,I,MELB_URBAN,ROAD,12,11.0
26662,8,6,174,5,3,40.0,0,N,MELB_URBAN,STREET,9,19.0
26663,1,6,130,4,1,60.0,0,I,MELB_URBAN,STREET,11,10.0
26664,4,2,181,5,1,50.0,0,N,MELB_URBAN,STREET,12,12.0
26665,1,2,121,2,1,60.0,0,I,MELB_URBAN,STREET,12,9.0
26666,1,2,116,1,1,80.0,0,I,MELB_URBAN,ROAD,12,11.0
26667,1,2,113,2,1,80.0,0,I,MELB_URBAN,HIGHWAY,12,12.0
26668,1,2,99,1,1,70.0,0,I,LARGE_PROVINCIAL_CITIES,HIGHWAY,12,8.0
26669,4,2,173,2,1,60.0,0,I,MELB_URBAN,ROAD,12,12.0
26670,1,6,130,5,1,80.0,0,N,MELB_URBAN,ROAD,12,16.0
26671,1,2,130,2,1,60.0,0,I,MELB_URBAN,ROAD,12,13.0
26672,1,2,113,2,1,70.0,0,I,MELB_URBAN,ROAD,12,13.0
26673,4,2,183,5,1,50.0,0,N,MELB_URBAN,AVENUE,12,11.0
26674,1,2,120,5,1,60.0,0,N,MELB_URBAN,ROAD,12,10.0
26675,1,2,147,5,1,80.0,0,N,RURAL_VICTORIA,HIGHWAY,12,10.0
26676,1,4,163,2,1,40.0,0,I,MELB_URBAN,STREET,12,18.0
26677,3,4,167,5,2,80.0,0,N,RURAL_VICTORIA,ROAD,12,7.0
26678,4,2,173,5,1,100.0,0,N,RURAL_VICTORIA,HIGHWAY,12,15.0
26679,5,7,99,5,1,60.0,0,N,RURAL_VICTORIA,ROAD,11,13.0
26680,1,2,121,2,1,70.0,0,I,RURAL_VICTORIA,HIGHWAY,12,15.0
26681,1,1,110,1,1,60.0,0,I,LARGE_PROVINCIAL_CITIES,ROAD,12,14.0
26682,1,6,110,1,2,50.0,0,I,MELB_URBAN,STREET,11,6.0
26683,1,5,113,1,1,60.0,0,I,MELB_URBAN,STREET,10,16.0
26684,1,2,99,2,1,60.0,0,I,LARGE_PROVINCIAL_CITIES,ROAD,12,16.0
26685,1,2,120,5,1,50.0,0,N,MELB_URBAN,DRIVE,12,16.0
26686,1,2,130,5,1,50.0,0,N,LARGE_PROVINCIAL_CITIES,STREET,12,12.0
26687,4,2,181,5,2,80.0,0,N,MELB_URBAN,RAMP,12,17.0
26688,2,6,99,5,3,60.0,0,N,MELB_URBAN,ROAD,11,21.0
26689,1,2,120,1,1,60.0,0,I,MELB_URBAN,ROAD,12,16.0
26690,1,4,130,1,1,60.0,0,I,MELB_URBAN,ROAD,11,16.0
26691,1,2,99,5,2,50.0,0,N,MELB_URBAN,DRIVE,12,19.0
26692,4,2,171,5,1,50.0,0,N,MELB_URBAN,STREET,12,16.0
26693,2,2,99,1,1,80.0,0,I,MELB_URBAN,HIGHWAY,12,18.0
26694,8,3,99,5,1,60.0,0,N,MELB_URBAN,STREET,12,8.0
26695,1,2,121,1,2,40.0,0,I,MELBOURNE_CBD,STREET,12,21.0
26696,1,2,133,5,1,100.0,0,N,MELB_URBAN,FREEWAY,12,19.0
26697,2,3,100,1,2,40.0,0,I,MELB_URBAN,ROAD,8,7.0
26698,1,2,120,5,2,100.0,0,N,RURAL_VICTORIA,ROAD,12,20.0
26699,1,2,99,2,3,60.0,0,I,MELB_URBAN,PARADE,12,21.0
26700,6,2,99,5,2,100.0,0,N,RURAL_VICTORIA,HIGHWAY,12,20.0
26701,7,2,99,1,3,60.0,0,I,LARGE_PROVINCIAL_CITIES,STREET,12,21.0
26702,8,3,99,5,6,60.0,0,N,MELB_URBAN,BOULEVARD,12,0.0
26703,1,3,160,5,3,60.0,0,N,MELB_URBAN,STREET,12,0.0
26704,1,3,99,1,1,70.0,0,I,MELB_URBAN,ROAD,12,7.0
26705,2,2,100,5,1,50.0,0,N,MELB_URBAN,ROAD,12,15.0
26706,8,7,174,5,1,60.0,0,N,RURAL_VICTORIA,ROAD,11,12.0
26707,1,3,120,5,1,60.0,0,N,MELB_URBAN,DRIVE,12,7.0
26708,1,2,133,5,1,110.0,0,N,RURAL_VICTORIA,FREEWAY,12,15.0
26709,1,3,121,2,1,70.0,0,I,SMALL_CITIES,STREET,12,7.0
26710,1,3,147,5,1,60.0,0,N,MELB_URBAN,STREET,12,8.0
26711,1,3,111,1,1,80.0,0,I,RURAL_VICTORIA,FREEWAY,12,9.0
26712,1,6,140,5,2,60.0,0,N,LARGE_PROVINCIAL_CITIES,STREET,12,19.0
26713,1,2,130,4,1,60.0,0,N,MELB_URBAN,STREET,11,14.0
26714,2,3,100,1,1,40.0,0,I,MELB_URBAN,ROAD,12,7.0
26715,1,1,110,1,1,60.0,0,I,TOWNS,STREET,11,10.0
26716,4,3,171,5,2,100.0,1,N,RURAL_VICTORIA,HIGHWAY,12,4.0
26717,1,3,99,5,1,80.0,0,N,RURAL_VICTORIA,ROAD,12,11.0
26718,4,6,181,5,1,60.0,0,N,RURAL_VICTORIA,ROAD,11,18.0
26719,1,3,116,2,1,70.0,0,I,MELB_URBAN,HIGHWAY,12,11.0
26720,8,5,174,5,1,60.0,0,N,RURAL_VICTORIA,ROAD,11,17.0
26721,1,3,130,2,1,70.0,0,I,LARGE_PROVINCIAL_CITIES,HIGHWAY,12,14.0
26722,1,7,130,5,6,60.0,0,N,MELB_URBAN,OTHER,12,23.0
26723,4,1,171,5,1,50.0,0,N,MELB_URBAN,ROAD,2,18.0
26724,1,3,113,1,1,50.0,0,I,SMALL_CITIES,STREET,12,13.0
26725,4,3,183,2,1,100.0,0,I,RURAL_VICTORIA,ROAD,12,14.0
26726,1,3,140,1,1,60.0,0,I,LARGE_PROVINCIAL_CITIES,STREET,12,16.0
26727,1,2,130,5,1,100.0,0,N,RURAL_VICTORIA,HIGHWAY,12,14.0
26728,1,3,130,2,1,60.0,0,I,MELB_URBAN,ROAD,12,8.0
26729,1,3,99,1,1,40.0,0,I,SMALL_CITIES,STREET,12,11.0
26730,2,2,99,1,1,60.0,0,I,MELB_URBAN,ROAD,12,15.0
26731,1,3,99,1,1,40.0,0,I,MELB_URBAN,STREET,12,18.0
26732,1,2,130,5,1,60.0,0,N,MELB_URBAN,STREET,7,16.0