,accident_type,day_of_week,dca_code,road_geometry,light_condition,speed_zone,severity,node_type,deg_urban_name,road_type,month,hour
26733,2,3,99,2,5,60.0,0,I,MELB_URBAN,STREET,12,19.0
26734,1,3,121,2,3,50.0,0,I,MELB_URBAN,STREET,12,22.0
26735,1,3,121,2,3,80.0,0,I,RURAL_VICTORIA,ROAD,12,21.0
26736,4,4,173,2,3,70.0,0,I,MELB_URBAN,ROAD,12,2.0
26737,4,4,171,5,3,60.0,0,N,MELB_URBAN,ROAD,12,0.0
26738,1,6,130,5,9,100.0,0,N,MELB_URBAN,UNKNOWN,6,18.0
26739,1,4,130,1,1,60.0,0,I,MELB_URBAN,ROAD,12,8.0
26740,1,4,99,1,1,50.0,0,I,MELB_URBAN,STREET,12,8.0
26741,1,6,130,2,1,70.0,0,I,MELB_URBAN,ROAD,6,13.0
26742,8,1,184,5,1,100.0,0,N,RURAL_VICTORIA,ROAD,12,9.0
26743,1,2,133,1,1,40.0,0,I,MELB_URBAN,ROAD,12,17.0
26744,1,7,130,4,1,50.0,0,N,MELB_URBAN,ROAD,12,9.0
26745,1,4,130,5,1,100.0,0,N,MELB_URBAN,FREEWAY,12,10.0
26746,8,1,99,2,1,60.0,0,I,RURAL_VICTORIA,ROAD,12,10.0
26747,1,6,130,1,9,60.0,0,I,MELB_URBAN,ROAD,11,16.0
26748,1,2,121,1,1,60.0,0,I,MELB_URBAN,ROAD,12,15.0
26749,4,3,183,5,5,100.0,0,N,RURAL_VICTORIA,ROAD,12,22.0
26750,1,4,130,2,2,60.0,0,I,MELB_URBAN,STREET,12,6.0
26751,2,3,99,2,1,50.0,0,I,TOWNS,ROAD,12,15.0
26752,1,3,120,5,1,50.0,0,N,MELB_URBAN,OTHER,12,16.0
26753,2,6,99,2,9,60.0,0,I,MELB_URBAN,STREET,8,16.0
26754,1,5,130,5,1,80.0,0,N,MELB_URBAN,FREEWAY,3,8.0
26755,6,1,174,1,1,80.0,0,N,LARGE_PROVINCIAL_CITIES,HIGHWAY,12,13.0
26756,1,4,121,1,1,50.0,0,I,MELB_URBAN,ROAD,12,8.0
26757,4,4,171,5,1,100.0,0,N,RURAL_VICTORIA,ROAD,12,11.0
26758,1,4,130,5,1,50.0,0,N,LARGE_PROVINCIAL_CITIES,STREET,12,14.0
26759,1,2,130,5,1,100.0,0,N,RURAL_VICTORIA,ROAD,12,15.0
26760,2,6,99,2,1,60.0,0,I,MELB_URBAN,ROAD,12,16.0
26761,1,4,121,2,1,60.0,0,I,MELB_URBAN,DRIVE,12,14.0
26762,1,2,130,2,1,60.0,0,N,MELB_URBAN,HIGHWAY,9,9.0
26763,1,3,130,5,2,60.0,0,N,MELB_URBAN,STREET,12,6.0
26764,1,4,130,5,1,60.0,0,N,LARGE_PROVINCIAL_CITIES,STREET,12,16.0
26765,1,4,110,1,1,50.0,0,I,MELB_URBAN,STREET,12,17.0
26766,1,3,134,2,1,60.0,0,I,MELB_URBAN,ROAD,11,18.0
26767,6,4,170,5,1,100.0,0,N,RURAL_VICTORIA,ROAD,12,10.0
26768,1,4,130,5,1,80.0,0,N,MELB_URBAN,HIGHWAY,12,16.0
26769,1,4,130,5,1,70.0,0,N,MELB_URBAN,ROAD,12,16.0
26770,1,2,99,1,1,80.0,0,I,MELB_URBAN,HIGHWAY,12,14.0
26771,1,4,113,2,1,80.0,0,I,RURAL_VICTORIA,ROAD,12,15.0
26772,1,4,130,5,1,60.0,0,N,MELB_URBAN,ROAD,12,17.0
26773,1,4,120,2,1,80.0,1,I,MELB_URBAN,ROAD,12,14.0
26774,1,4,121,1,2,60.0,0,I,MELB_URBAN,ROAD,12,20.0
26775,4,4,173,5,1,90.0,1,N,RURAL_VICTORIA,HIGHWAY,12,17.0
26776,1,4,110,1,3,50.0,0,I,MELB_URBAN,STREET,12,21.0
26777,4,4,171,1,2,50.0,0,I,LARGE_PROVINCIAL_CITIES,STREET,12,19.0
26778,1,4,140,5,9,60.0,0,N,SMALL_CITIES,STREET,12,21.0
26779,1,4,121,2,1,60.0,0,I,MELB_URBAN,ROAD,12,18.0
26780,1,1,130,5,1,110.0,0,N,SMALL_CITIES,FREEWAY,11,9.0
26781,4,5,183,5,5,110.0,0,N,RURAL_VICTORIA,FREEWAY,12,4.0
26782,4,4,183,5,2,100.0,0,N,RURAL_VICTORIA,ROAD,12,19.0
26783,1,5,113,2,1,60.0,0,I,MELB_URBAN,OTHER,12,7.0
26784,1,6,99,1,9,50.0,0,I,MELB_URBAN,STREET,9,5.0
26785,3,7,167,2,1,80.0,0,I,RURAL_VICTORIA,ROAD,12,18.0
26786,2,5,102,2,1,40.0,0,I,MELB_URBAN,ROAD,12,8.0
26787,6,5,99,5,1,100.0,0,N,RURAL_VICTORIA,ROAD,12,8.0
26788,1,4,130,5,1,60.0,0,N,MELB_URBAN,STREET,12,17.0
26789,1,5,147,5,1,60.0,0,N,MELB_URBAN,AVENUE,12,8.0
26790,1,5,110,1,1,100.0,0,I,RURAL_VICTORIA,FREEWAY,12,9.0
26791,1,4,99,1,1,60.0,0,I,RURAL_VICTORIA,ROAD,12,16.0
26792,8,7,174,5,1,60.0,0,N,RURAL_VICTORIA,ROAD,12,16.0
26793,1,5,121,2,1,60.0,0,I,MELB_URBAN,ROAD,12,9.0
26794,1,4,130,5,1,60.0,0,N,MELB_URBAN,STREET,11,18.0
26795,1,5,132,2,1,60.0,1,I,MELB_URBAN,ROAD,12,10.0
26796,8,3,174,2,1,60.0,0,I,MELB_URBAN,ROAD,12,8.0
26797,1,5,120,5,1,100.0,1,N,RURAL_VICTORIA,HIGHWAY,12,8.0
26798,1,5,121,2,1,40.0,0,I,MELB_URBAN,STREET,12,8.0
26799,1,5,130,2,1,60.0,0,I,MELB_URBAN,ROAD,12,13.0
26800,1,5,140,5,1,40.0,0,N,MELB_URBAN,STREET,12,14.0
26801,6,3,174,2,1,100.0,0,I,RURAL_VICTORIA,ROAD,10,15.0
26802,1,4,121,1,3,60.0,0,I,MELB_URBAN,HIGHWAY,12,22.0
26803,1,5,121,1,1,60.0,0,I,MELB_URBAN,DRIVE,12,15.0
26804,1,5,113,2,1,60.0,0,I,MELB_URBAN,OTHER,12,16.0
26805,1,5,130,2,1,60.0,0,I,MELB_URBAN,ROAD,12,7.0
26806,1,5,110,1,1,60.0,0,I,RURAL_VICTORIA,ROAD,12,18.0
26807,1,5,135,5,2,100.0,0,N,MELB_URBAN,ROAD,12,20.0
26808,1,5,99,1,1,60.0,0,I,MELB_URBAN,ROAD,12,18.0
26809,1,5,110,1,3,50.0,0,I,LARGE_PROVINCIAL_CITIES,AVENUE,12,20.0
26810,1,5,110,1,2,60.0,0,I,MELB_URBAN,DRIVE,12,20.0
26811,2,5,102,1,3,70.0,1,I,MELB_URBAN,ROAD,12,21.0
26812,1,5,99,2,3,50.0,0,I,MELB_URBAN,ROAD,12,21.0
26813,4,6,173,2,5,60.0,0,I,RURAL_VICTORIA,HIGHWAY,12,4.0
26814,1,3,132,5,1,60.0,0,N,MELB_URBAN,ROAD,12,8.0
26815,1,4,99,1,1,50.0,0,I,LARGE_PROVINCIAL_CITIES,STREET,12,14.0
26816,1,2,135,1,1,70.0,0,I,MELB_URBAN,ROAD,12,15.0
26817,8,5,174,1,1,50.0,0,I,MELB_URBAN,STREET,12,18.0
26818,8,1,174,5,1,100.0,0,N,RURAL_VICTORIA,ROAD,12,14.0
26819,3,6,167,2,5,100.0,0,I,RURAL_VICTORIA,OTHER,12,0.0
26820,2,6,99,5,1,50.0,0,N,TOWNS,STREET,12,8.0
26821,1,7,147,5,1,70.0,0,N,MELB_URBAN,ROAD,11,17.0
26822,4,6,171,2,1,80.0,0,I,MELB_URBAN,HIGHWAY,12,9.0
26823,1,0,160,5,2,50.0,0,N,MELB_URBAN,BOULEVARD,11,7.0
26824,1,6,110,1,1,60.0,0,I,TOWNS,STREET,12,11.0
26825,8,7,184,5,1,60.0,0,N,RURAL_VICTORIA,ROAD,11,12.0
26826,1,6,110,1,1,50.0,0,I,TOWNS,STREET,12,8.0
26827,4,5,173,5,1,100.0,0,N,MELB_URBAN,HIGHWAY,12,17.0
26828,1,6,160,5,1,50.0,0,N,SMALL_CITIES,STREET,12,12.0
26829,1,6,99,5,1,50.0,0,N,MELB_URBAN,UNKNOWN,12,11.0
26830,1,5,130,5,1,40.0,0,N,MELB_URBAN,STREET,11,18.0
26831,1,6,99,5,9,60.0,0,N,SMALL_CITIES,STREET,9,14.0
26832,4,6,183,5,4,80.0,0,N,RURAL_VICTORIA,OTHER,12,6.0
26833,1,6,160,5,1,50.0,0,N,MELB_URBAN,STREET,12,12.0
26834,8,6,174,1,1,80.0,0,I,MELB_URBAN,ROAD,12,11.0
26835,4,6,183,5,1,100.0,1,N,RURAL_VICTORIA,ROAD,12,7.0
26836,4,6,171,2,1,50.0,0,I,MELB_URBAN,STREET,12,10.0
26837,1,5,130,5,1,80.0,0,N,MELB_URBAN,RAMP,12,8.0
26838,1,6,113,2,1,60.0,0,I,MELB_URBAN,ROAD,12,12.0
26839,8,6,174,4,1,60.0,0,N,MELB_URBAN,ROAD,12,11.0
26840,4,6,99,1,1,60.0,0,I,MELB_URBAN,STREET,12,14.0
26841,1,5,113,1,3,60.0,0,I,SMALL_CITIES,ROAD,12,21.0
26842,1,5,121,1,1,40.0,0,I,MELB_URBAN,STREET,12,17.0
26843,1,6,130,1,1,70.0,0,I,MELB_URBAN,ROAD,12,16.0
26844,1,6,113,2,1,80.0,0,I,MELB_URBAN,ROAD,12,15.0
26845,1,6,121,2,1,50.0,0,I,MELB_URBAN,STREET,12,16.0
26846,1,5,121,2,1,70.0,0,I,MELB_URBAN,ROAD,12,15.0
26847,4,6,173,5,1,100.0,0,N,RURAL_VICTORIA,ROAD,12,15.0
26848,1,6,130,5,1,100.0,0,N,MELB_URBAN,FREEWAY,12,16.0
26849,1,6,110,1,1,50.0,0,I,MELB_URBAN,PARADE,12,17.0
26850,1,4,110,1,3,60.0,0,I,SMALL_CITIES,STREET,11,22.0
26851,1,5,130,2,1,60.0,0,I,MELB_URBAN,ROAD,12,17.0
26852,1,4,121,2,1,60.0,0,I,SMALL_CITIES,ROAD,11,14.0
26853,1,6,121,5,1,70.0,0,N,MELB_URBAN,ROAD,12,16.0
26854,1,5,121,2,1,60.0,0,I,MELB_URBAN,STREET,12,19.0
26855,1,5,99,5,1,60.0,0,N,LARGE_PROVINCIAL_CITIES,STREET,12,18.0
26856,1,6,130,5,1,70.0,0,N,MELB_URBAN,ROAD,12,16.0
26857,1,6,121,5,1,50.0,0,N,MELB_URBAN,ROAD,12,16.0
26858,1,6,140,5,5,110.0,0,N,RURAL_VICTORIA,FREEWAY,12,21.0
26859,1,6,110,1,2,100.0,0,I,RURAL_VICTORIA,ROAD,12,20.0
26860,1,6,110,1,3,60.0,0,I,MELB_URBAN,STREET,12,22.0
26861,2,7,100,1,3,60.0,0,I,MELB_URBAN,HIGHWAY,12,0.0
26862,1,6,110,1,3,80.0,0,I,MELB_URBAN,HIGHWAY,12,23.0
26863,4,7,183,5,3,80.0,1,N,MELB_URBAN,RAMP,12,0.0
26864,6,7,99,5,5,80.0,0,N,RURAL_VICTORIA,ROAD,12,3.0
26865,4,2,171,5,3,90.0,0,N,LARGE_PROVINCIAL_CITIES,HIGHWAY,11,22.0
26866,1,6,130,2,2,80.0,0,I,MELB_URBAN,STREET,11,17.0
26867,1,6,99,5,5,100.0,0,N,RURAL_VICTORIA,HIGHWAY,12,21.0
26868,1,7,110,1,1,70.0,0,I,RURAL_VICTORIA,HIGHWAY,12,7.0
26869,1,3,121,1,3,60.0,0,I,MELB_URBAN,HIGHWAY,12,21.0
26870,1,6,160,5,1,60.0,0,N,TOWNS,STREET,12,14.0
26871,1,3,130,2,1,60.0,0,I,MELB_URBAN,STREET,12,16.0
26872,1,7,99,1,1,50.0,0,I,MELB_URBAN,ROAD,12,8.0
26873,1,7,130,5,1,70.0,0,N,MELB_URBAN,STREET,12,11.0
26874,2,6,102,5,1,60.0,0,N,MELB_URBAN,ROAD,12,12.0
26875,1,7,99,5,1,100.0,0,N,RURAL_VICTORIA,ROAD,12,9.0
26876,2,7,99,5,1,50.0,0,N,MELB_URBAN,ROAD,12,10.0
26877,1,3,130,5,1,100.0,0,N,MELB_URBAN,FREEWAY,12,11.0
26878,1,7,121,2,1,60.0,0,I,MELB_URBAN,ROAD,12,11.0
26879,1,7,130,5,1,60.0,0,N,MELB_URBAN,ROAD,12,12.0
26880,1,7,147,5,1,50.0,0,N,MELB_URBAN,STREET,12,13.0
26881,1,7,130,1,9,60.0,0,I,MELB_URBAN,ROAD,12,12.0
26882,1,7,130,1,1,70.0,0,N,MELB_URBAN,ROAD,12,9.0
26883,1,6,133,5,1,110.0,0,N,RURAL_VICTORIA,HIGHWAY,12,10.0
26884,1,7,121,1,1,60.0,0,I,SMALL_CITIES,STREET,12,15.0
26885,1,6,140,5,2,50.0,0,N,MELB_URBAN,STREET,12,20.0
26886,4,7,99,5,1,50.0,0,N,MELB_URBAN,AVENUE,12,15.0
26887,1,7,120,4,1,60.0,0,I,MELB_URBAN,STREET,12,17.0
26888,1,7,121,2,1,80.0,0,N,MELB_URBAN,ROAD,12,16.0
26889,1,7,134,5,1,50.0,0,N,LARGE_PROVINCIAL_CITIES,STREET,12,16.0
26890,1,7,110,1,1,100.0,0,I,RURAL_VICTORIA,FREEWAY,12,16.0
26891,1,7,130,5,1,80.0,0,N,MELB_URBAN,FREEWAY,12,17.0
26892,1,7,121,2,2,50.0,0,I,MELB_URBAN,STREET,12,19.0
26893,4,7,171,5,1,60.0,0,N,MELB_URBAN,ROAD,12,19.0
26894,1,7,116,2,1,80.0,0,I,RURAL_VICTORIA,ROAD,12,18.0
26895,4,7,171,5,2,60.0,0,N,MELB_URBAN,ROAD,12,19.0
26896,8,7,174,2,1,60.0,0,I,MELB_URBAN,ROAD,12,13.0
26897,4,7,181,5,1,100.0,0,N,RURAL_VICTORIA,ROAD,12,16.0
26898,6,7,174,5,1,100.0,0,N,RURAL_VICTORIA,OTHER,12,17.0
26899,1,7,130,2,1,80.0,0,I,MELB_URBAN,ROAD,12,15.0
26900,1,7,140,5,2,60.0,0,N,MELB_URBAN,DRIVE,12,19.0
26901,6,7,99,5,1,100.0,0,N,RURAL_VICTORIA,ROAD,12,18.0
26902,4,1,173,5,3,40.0,0,N,MELB_URBAN,ROAD,12,0.0
26903,1,1,99,2,3,60.0,0,I,MELB_URBAN,STREET,12,1.0
26904,4,1,171,5,5,100.0,0,N,RURAL_VICTORIA,ROAD,12,1.0
26905,2,1,100,1,3,60.0,0,I,MELBOURNE_CBD,STREET,12,4.0
26906,6,1,170,5,5,100.0,0,N,RURAL_VICTORIA,HIGHWAY,12,5.0
26907,1,7,120,5,1,60.0,0,N,MELB_URBAN,ROAD,12,14.0
26908,3,1,167,5,5,100.0,0,N,MELB_URBAN,FREEWAY,12,2.0
26909,1,1,113,2,1,70.0,0,I,MELB_URBAN,ROAD,12,7.0
26910,1,1,110,1,1,60.0,0,I,MELB_URBAN,ROAD,12,8.0
26911,1,1,113,2,3,50.0,0,I,MELB_URBAN,ROAD,12,5.0
26912,8,2,174,4,1,60.0,0,I,LARGE_PROVINCIAL_CITIES,STREET,12,9.0
26913,1,1,113,2,1,80.0,0,N,MELB_URBAN,ROAD,12,9.0
26914,8,7,99,5,1,100.0,0,N,RURAL_VICTORIA,ROAD,12,13.0
26915,1,6,130,1,9,70.0,0,I,LARGE_PROVINCIAL_CITIES,HIGHWAY,12,17.0
26916,1,1,110,1,1,70.0,0,I,MELB_URBAN,ROAD,12,8.0
26917,1,4,121,1,1,50.0,0,I,MELB_URBAN,ROAD,12,16.0
26918,1,1,147,5,1,40.0,0,N,MELB_URBAN,STREET,12,12.0
26919,1,1,147,5,1,80.0,0,N,MELB_URBAN,HIGHWAY,12,12.0
26920,4,1,183,5,1,80.0,0,N,RURAL_VICTORIA,ROAD,12,12.0
26921,4,1,171,5,6,80.0,0,N,RURAL_VICTORIA,ROAD,12,0.0
26922,1,1,121,2,1,100.0,0,I,RURAL_VICTORIA,HIGHWAY,12,13.0
26923,1,7,121,1,1,60.0,0,I,MELB_URBAN,ROAD,12,18.0
26924,6,1,99,1,1,100.0,0,I,RURAL_VICTORIA,HIGHWAY,12,10.0
26925,1,1,130,2,1,80.0,0,I,MELB_URBAN,ROAD,12,15.0
26926,1,1,160,5,1,50.0,0,N,LARGE_PROVINCIAL_CITIES,OTHER,12,14.0
26927,2,1,99,5,1,50.0,0,N,MELB_URBAN,STREET,12,15.0
26928,1,1,121,2,1,60.0,0,I,MELB_URBAN,ROAD,12,17.0
26929,1,6,163,2,2,50.0,0,I,MELB_URBAN,OTHER,12,17.0
26930,2,4,100,2,1,50.0,0,I,MELB_URBAN,STREET,12,12.0
26931,1,1,130,2,1,70.0,0,I,MELB_URBAN,ROAD,12,13.0
26932,1,1,99,5,2,40.0,0,N,MELBOURNE_CBD,STREET,12,20.0
26933,1,1,133,4,1,40.0,0,I,MELB_URBAN,STREET,12,16.0
26934,6,1,99,2,2,80.0,0,I,RURAL_VICTORIA,ROAD,12,21.0
26935,4,1,181,5,1,70.0,0,N,MELB_URBAN,ROAD,12,17.0
26936,4,1,171,5,2,100.0,0,N,RURAL_VICTORIA,HIGHWAY,12,19.0
26937,1,3,163,1,9,60.0,0,I,MELB_URBAN,STREET,12,16.0
26938,1,1,113,2,1,60.0,0,I,MELB_URBAN,AVENUE,12,19.0
26939,6,1,99,5,2,100.0,0,N,RURAL_VICTORIA,HIGHWAY,12,19.0
26940,1,1,160,5,5,50.0,0,N,MELB_URBAN,DRIVE,12,21.0
26941,1,1,110,1,3,50.0,0,I,MELB_URBAN,ROAD,12,22.0
26942,1,1,110,1,2,50.0,0,I,MELB_URBAN,STREET,12,4.0
26943,1,2,121,1,1,60.0,0,I,MELB_URBAN,ROAD,12,7.0
26944,4,1,181,5,5,100.0,0,N,RURAL_VICTORIA,ROAD,12,21.0
26945,1,2,163,5,1,60.0,0,N,MELB_URBAN,ROAD,12,9.0
26946,6,2,99,5,1,100.0,0,N,RURAL_VICTORIA,ROAD,12,8.0
26947,2,6,100,2,1,60.0,0,I,MELB_URBAN,STREET,12,9.0
26948,1,6,133,5,5,110.0,0,N,RURAL_VICTORIA,FREEWAY,12,1.0
26949,8,6,99,5,1,80.0,0,N,RURAL_VICTORIA,ROAD,12,17.0
26950,4,6,171,5,1,100.0,0,N,RURAL_VICTORIA,ROAD,12,8.0
26951,1,2,121,1,1,70.0,0,I,MELB_URBAN,ROAD,12,11.0
26952,1,2,134,5,2,100.0,0,N,MELB_URBAN,FREEWAY,12,6.0
26953,4,7,183,4,5,100.0,0,I,RURAL_VICTORIA,ROAD,12,22.0
26954,7,7,99,5,1,60.0,0,N,MELB_URBAN,STREET,12,14.0
26955,1,6,121,2,2,50.0,0,I,MELB_URBAN,STREET,7,17.0
26956,2,2,100,1,2,50.0,1,I,TOWNS,STREET,12,7.0
26957,5,2,99,5,1,60.0,0,N,MELB_URBAN,HIGHWAY,12,14.0
26958,4,2,173,5,1,60.0,0,N,SMALL_CITIES,DRIVE,12,12.0
26959,1,7,120,5,1,60.0,0,N,MELB_URBAN,ROAD,12,16.0
26960,1,2,121,1,1,60.0,0,I,MELB_URBAN,DRIVE,12,11.0
26961,7,3,99,5,9,60.0,0,N,MELB_URBAN,ROAD,12,16.0
26962,1,3,99,2,1,50.0,0,I,SMALL_CITIES,STREET,11,10.0
26963,1,7,140,2,1,60.0,0,I,MELB_URBAN,ROAD,11,18.0
26964,1,2,113,2,1,60.0,0,I,SMALL_CITIES,ROAD,12,14.0
26965,1,5,113,1,1,60.0,0,I,MELB_URBAN,ROAD,12,14.0
26966,1,2,121,1,1,50.0,0,I,MELB_URBAN,STREET,12,15.0
26967,1,7,130,5,3,100.0,0,N,MELB_URBAN,FREEWAY,12,23.0
26968,1,2,130,1,1,60.0,0,I,LARGE_PROVINCIAL_CITIES,STREET,12,9.0
26969,1,2,120,5,1,100.0,0,N,RURAL_VICTORIA,HIGHWAY,12,15.0
26970,1,2,99,2,1,60.0,0,I,MELB_URBAN,ROAD,12,15.0
26971,1,6,130,2,2,60.0,0,I,RURAL_VICTORIA,STREET,12,5.0
26972,1,2,163,5,1,60.0,0,N,MELB_URBAN,ROAD,12,17.0
26973,4,2,171,5,1,60.0,0,N,RURAL_VICTORIA,ROAD,12,18.0
26974,1,2,121,4,2,60.0,0,I,MELB_URBAN,STREET,12,19.0
26975,1,2,130,2,1,60.0,0,I,MELB_URBAN,PARADE,12,7.0
26976,1,2,113,2,1,60.0,0,I,MELB_URBAN,ROAD,12,18.0
26977,1,2,120,2,1,70.0,0,I,MELB_URBAN,ROAD,12,17.0
26978,4,2,171,5,1,60.0,0,N,MELB_URBAN,ROAD,12,15.0
26979,1,4,147,5,1,70.0,0,N,LARGE_PROVINCIAL_CITIES,ROAD,12,12.0
26980,1,5,130,5,1,50.0,0,N,MELB_URBAN,STREET,11,16.0
26981,1,3,160,5,3,50.0,0,N,MELB_URBAN,ROAD,12,1.0
26982,4,3,173,1,3,60.0,0,I,MELB_URBAN,PARADE,12,0.0
26983,4,2,173,5,1,100.0,1,N,RURAL_VICTORIA,ROAD,12,17.0
26984,1,2,121,1,3,70.0,0,I,MELB_URBAN,OTHER,12,23.0
26985,1,2,130,1,1,80.0,0,I,MELB_URBAN,ROAD,12,17.0
26986,1,6,121,1,1,80.0,0,I,MELB_URBAN,HIGHWAY,12,12.0
26987,1,3,121,1,1,50.0,0,I,MELB_URBAN,STREET,12,7.0
26988,1,3,99,2,2,60.0,0,I,MELB_URBAN,HIGHWAY,12,6.0
26989,1,7,130,1,1,50.0,0,I,SMALL_CITIES,STREET,12,15.0
26990,1,3,121,1,1,60.0,0,I,MELB_URBAN,ROAD,12,7.0
26991,1,3,113,2,1,40.0,0,I,MELB_URBAN,STREET,12,8.0
26992,8,6,184,5,1,100.0,0,N,RURAL_VICTORIA,ROAD,11,13.0
26993,1,3,110,1,1,50.0,0,I,MELB_URBAN,STREET,12,11.0
26994,1,5,99,4,1,50.0,0,I,MELB_URBAN,STREET,12,12.0
26995,4,5,173,5,1,110.0,0,N,SMALL_CITIES,FREEWAY,11,17.0
26996,1,7,99,5,1,110.0,0,N,RURAL_VICTORIA,FREEWAY,12,12.0
26997,8,6,99,5,9,60.0,0,N,MELB_URBAN,ROAD,11,14.0
26998,1,2,116,1,2,50.0,0,I,MELB_URBAN,STREET,12,20.0
26999,4,3,171,2,1,70.0,0,I,MELB_URBAN,HIGHWAY,12,11.0
27000,2,2,102,2,5,50.0,0,I,SMALL_CITIES,STREET,10,21.0
27001,1,3,130,5,1,60.0,0,N,MELB_URBAN,STREET,12,15.0
27002,1,3,132,5,1,60.0,0,N,LARGE_PROVINCIAL_CITIES,ROAD,12,16.0
27003,1,3,99,5,1,40.0,0,N,MELB_URBAN,AVENUE,12,16.0
27004,1,3,113,2,1,50.0,0,I,MELB_URBAN,STREET,12,16.0
27005,1,4,135,5,1,100.0,0,N,SMALL_CITIES,FREEWAY,11,18.0
27006,6,1,174,6,1,50.0,0,N,MELB_URBAN,OTHER,11,12.0
27007,1,3,130,5,1,60.0,0,N,MELB_URBAN,ROAD,12,18.0
27008,4,2,171,1,1,60.0,0,I,SMALL_CITIES,ROAD,11,18.0
27009,1,3,130,5,2,100.0,0,N,MELB_URBAN,FREEWAY,12,17.0
27010,1,3,130,1,1,80.0,0,I,RURAL_VICTORIA,STREET,12,16.0
27011,1,3,132,5,1,60.0,0,N,MELB_URBAN,ROAD,12,18.0
27012,1,3,140,2,1,50.0,0,I,MELB_URBAN,ROAD,12,17.0
27013,1,3,99,1,1,50.0,0,I,MELB_URBAN,STREET,12,17.0
27014,1,3,110,1,2,60.0,0,I,MELB_URBAN,OTHER,12,19.0
27015,2,3,102,1,3,40.0,0,I,MELBOURNE_CBD,OTHER,12,22.0
27016,1,3,110,1,3,80.0,0,I,MELB_URBAN,ROAD,12,21.0
27017,7,4,99,2,3,60.0,0,I,MELB_URBAN,ROAD,12,1.0
27018,4,4,171,5,5,60.0,0,N,RURAL_VICTORIA,ROAD,12,4.0
27019,2,2,100,5,1,60.0,0,N,MELB_URBAN,HIGHWAY,12,14.0
27020,1,4,130,2,1,50.0,0,I,MELB_URBAN,UNKNOWN,12,7.0
27021,1,4,135,5,1,60.0,0,N,MELB_URBAN,ROAD,12,8.0
27022,1,7,135,5,1,60.0,0,N,MELB_URBAN,STREET,12,16.0
27023,1,3,160,5,1,50.0,0,N,LARGE_PROVINCIAL_CITIES,AVENUE,12,19.0
27024,5,3,99,5,1,80.0,0,N,MELB_URBAN,UNKNOWN,12,13.0
27025,4,4,99,1,2,50.0,0,I,MELB_URBAN,OTHER,11,7.0
27026,8,7,174,5,1,60.0,0,N,MELB_URBAN,HIGHWAY,12,9.0
27027,8,3,174,2,1,100.0,0,I,RURAL_VICTORIA,ROAD,11,15.0
27028,1,4,130,1,9,50.0,0,I,MELB_URBAN,STREET,12,13.0
27029,1,4,110,1,1,60.0,0,I,TOWNS,HIGHWAY,12,10.0
27030,1,1,163,5,1,40.0,0,N,MELB_URBAN,OTHER,12,7.0
27031,8,3,99,2,1,100.0,0,I,RURAL_VICTORIA,ROAD,12,16.0
27032,1,2,132,2,3,60.0,0,I,MELB_URBAN,ROAD,10,21.0
27033,1,4,113,1,1,60.0,0,I,MELB_URBAN,ROAD,12,12.0
27034,1,6,147,5,1,50.0,0,N,LARGE_PROVINCIAL_CITIES,PARADE,11,8.0
27035,1,4,132,2,1,60.0,0,I,MELB_URBAN,ROAD,12,14.0
27036,1,4,130,5,1,70.0,0,N,MELB_URBAN,ROAD,12,14.0
27037,1,2,110,1,1,60.0,0,I,LARGE_PROVINCIAL_CITIES,STREET,12,15.0
27038,1,4,110,1,1,50.0,0,I,MELB_URBAN,STREET,12,15.0
27039,1,2,140,5,1,50.0,0,N,LARGE_PROVINCIAL_CITIES,STREET,12,13.0
27040,1,4,121,1,1,60.0,0,I,SMALL_CITIES,STREET,12,14.0
27041,1,4,111,1,1,100.0,0,I,RURAL_VICTORIA,DRIVE,12,16.0
27042,2,4,102,2,1,60.0,0,I,MELB_URBAN,STREET,12,17.0
27043,1,4,130,5,1,80.0,0,N,MELB_URBAN,ROAD,12,17.0
27044,1,4,130,5,1,60.0,0,N,MELB_URBAN,ROAD,12,17.0
27045,1,4,110,1,1,50.0,0,I,MELB_URBAN,STREET,12,17.0
27046,1,4,120,2,1,60.0,0,I,RURAL_VICTORIA,OTHER,12,15.0
27047,1,4,121,2,2,60.0,0,I,MELB_URBAN,ROAD,12,19.0
27048,1,7,147,2,1,60.0,0,I,MELB_URBAN,ROAD,12,15.0
27049,4,4,181,5,2,80.0,0,N,RURAL_VICTORIA,HIGHWAY,12,19.0
27050,1,6,130,5,1,80.0,0,N,MELB_URBAN,OTHER,12,18.0
27051,4,4,181,5,1,80.0,1,N,RURAL_VICTORIA,ROAD,12,15.0
27052,4,4,173,5,1,80.0,0,N,RURAL_VICTORIA,ROAD,12,16.0
27053,1,4,121,1,2,60.0,0,I,TOWNS,STREET,12,19.0
27054,1,4,133,5,1,60.0,0,N,RURAL_VICTORIA,STREET,12,16.0
27055,8,4,174,1,3,50.0,0,I,SMALL_CITIES,AVENUE,12,23.0
27056,1,5,135,5,2,70.0,0,N,MELB_URBAN,OTHER,12,6.0
27057,1,3,130,1,1,80.0,0,I,MELB_URBAN,ROAD,12,17.0