,accident_type,day_of_week,dca_code,road_geometry,light_condition,speed_zone,severity,node_type,deg_urban_name,road_type,month,hour
27058,6,1,170,5,5,100.0,0,N,RURAL_VICTORIA,ROAD,11,1.0
27059,1,4,130,5,2,80.0,0,N,MELB_URBAN,UNKNOWN,12,19.0
27060,8,1,184,5,1,100.0,0,N,RURAL_VICTORIA,ROAD,12,17.0
27061,1,5,113,2,1,80.0,0,I,MELB_URBAN,ROAD,12,7.0
27062,3,5,167,5,1,100.0,0,N,RURAL_VICTORIA,ROAD,12,7.0
27063,4,1,173,1,1,60.0,0,I,MELB_URBAN,AVENUE,12,8.0
27064,1,5,133,5,1,100.0,0,N,MELB_URBAN,FREEWAY,12,8.0
27065,1,5,132,1,1,50.0,0,I,LARGE_PROVINCIAL_CITIES,STREET,12,8.0
27066,1,4,121,4,2,60.0,0,I,LARGE_PROVINCIAL_CITIES,ROAD,10,17.0
27067,1,5,160,2,1,60.0,0,I,MELB_URBAN,ROAD,12,9.0
27068,1,5,121,1,1,60.0,0,I,MELB_URBAN,STREET,12,8.0
27069,2,4,99,5,1,60.0,0,N,MELB_URBAN,ROAD,12,15.0
27070,1,3,130,5,1,80.0,0,N,MELB_URBAN,HIGHWAY,12,18.0
27071,1,4,99,2,2,60.0,0,N,MELB_URBAN,ROAD,12,19.0
27072,1,5,147,5,1,60.0,0,N,LARGE_PROVINCIAL_CITIES,STREET,12,12.0
27073,1,3,130,2,1,50.0,0,I,MELB_URBAN,ROAD,11,9.0
27074,1,3,130,2,2,60.0,0,I,MELB_URBAN,ROAD,12,5.0
27075,2,1,99,5,1,50.0,0,N,MELB_URBAN,STREET,12,18.0
27076,4,5,183,5,1,100.0,0,N,RURAL_VICTORIA,HIGHWAY,12,11.0
27077,1,5,120,2,1,50.0,0,I,MELB_URBAN,STREET,12,12.0
27078,2,5,100,1,2,50.0,0,I,MELB_URBAN,STREET,12,6.0
27079,6,5,99,2,1,100.0,0,N,RURAL_VICTORIA,HIGHWAY,12,8.0
27080,1,5,130,5,1,70.0,0,N,SMALL_CITIES,HIGHWAY,12,8.0
27081,1,5,133,5,1,100.0,0,N,MELB_URBAN,ROAD,12,9.0
27082,4,5,173,5,1,60.0,0,N,MELB_URBAN,ROAD,12,12.0
27083,4,5,181,5,1,100.0,1,N,RURAL_VICTORIA,ROAD,12,9.0
27084,1,5,99,1,1,50.0,0,N,MELB_URBAN,AVENUE,12,10.0
27085,4,5,171,1,1,60.0,0,I,RURAL_VICTORIA,ROAD,12,10.0
27086,4,5,181,5,1,60.0,0,N,SMALL_TOWNS,ROAD,12,13.0
27087,1,5,99,5,1,40.0,0,N,MELB_URBAN,STREET,12,16.0
27088,1,5,147,2,1,60.0,0,N,SMALL_CITIES,DRIVE,12,17.0
27089,1,4,121,1,3,60.0,0,I,MELB_URBAN,OTHER,11,0.0
27090,1,5,116,1,1,60.0,0,I,MELB_URBAN,STREET,12,17.0
27091,1,5,121,2,1,50.0,0,I,MELB_URBAN,STREET,12,16.0
27092,4,5,171,5,1,50.0,0,N,RURAL_VICTORIA,OTHER,12,17.0
27093,1,4,132,2,2,60.0,0,I,SMALL_CITIES,DRIVE,11,5.0
27094,4,5,99,5,1,50.0,0,N,MELB_URBAN,STREET,12,16.0
27095,1,5,113,2,1,60.0,0,I,MELB_URBAN,STREET,12,15.0
27096,1,5,120,5,1,100.0,1,N,RURAL_VICTORIA,HIGHWAY,12,11.0
27097,1,4,121,2,2,60.0,0,I,SMALL_CITIES,DRIVE,12,20.0
27098,1,4,110,1,1,80.0,0,I,MELB_URBAN,ROAD,12,18.0
27099,1,5,130,5,1,70.0,0,N,LARGE_PROVINCIAL_CITIES,ROAD,12,16.0
27100,1,5,120,2,2,60.0,0,I,MELB_URBAN,ROAD,12,19.0
27101,1,5,132,1,1,60.0,0,I,LARGE_PROVINCIAL_CITIES,HIGHWAY,12,16.0
27102,1,5,120,5,1,60.0,0,N,TOWNS,HIGHWAY,12,16.0
27103,1,5,99,5,1,50.0,0,N,SMALL_CITIES,STREET,12,15.0
27104,2,5,100,5,1,40.0,0,N,LARGE_PROVINCIAL_CITIES,STREET,12,15.0
27105,1,4,130,2,1,60.0,0,I,MELB_URBAN,ROAD,12,17.0
27106,2,5,100,2,1,40.0,0,N,MELB_URBAN,STREET,12,15.0
27107,1,2,130,5,1,40.0,0,N,LARGE_PROVINCIAL_CITIES,STREET,12,15.0
27108,1,5,99,5,2,50.0,0,N,MELB_URBAN,DRIVE,12,6.0
27109,1,3,135,1,2,50.0,0,I,MELB_URBAN,STREET,10,17.0
27110,2,5,99,5,5,60.0,0,N,RURAL_VICTORIA,FREEWAY,12,23.0
27111,1,6,111,1,3,60.0,0,I,MELB_URBAN,ROAD,12,2.0
27112,1,6,121,1,3,70.0,0,I,MELB_URBAN,ROAD,12,4.0
27113,2,6,102,1,3,60.0,0,I,MELB_URBAN,STREET,12,2.0
27114,4,6,171,5,3,60.0,0,N,MELB_URBAN,ROAD,12,0.0
27115,1,5,110,1,1,80.0,0,I,RURAL_VICTORIA,ROAD,12,13.0
27116,1,5,130,5,1,100.0,0,N,MELB_URBAN,FREEWAY,12,13.0
27117,1,3,130,2,1,60.0,0,I,MELB_URBAN,ROAD,11,18.0
27118,1,5,116,4,1,60.0,0,I,MELB_URBAN,DRIVE,12,7.0
27119,1,6,134,5,1,60.0,0,N,MELB_URBAN,ROAD,12,7.0
27120,7,7,99,2,1,50.0,0,I,TOWNS,DRIVE,12,14.0
27121,1,6,99,5,1,80.0,0,N,MELB_URBAN,FREEWAY,12,8.0
27122,4,7,181,2,1,60.0,0,I,TOWNS,ROAD,11,16.0
27123,1,6,110,1,1,50.0,0,I,MELB_URBAN,ROAD,12,8.0
27124,1,4,133,2,6,50.0,0,I,MELB_URBAN,STREET,12,22.0
27125,1,4,147,5,1,50.0,0,N,TOWNS,ROAD,11,15.0
27126,1,6,132,2,1,60.0,0,I,MELB_URBAN,ROAD,12,10.0
27127,1,7,121,2,1,70.0,0,I,MELB_URBAN,ROAD,11,11.0
27128,1,6,121,2,1,60.0,0,I,MELB_URBAN,ROAD,12,11.0
27129,1,6,99,2,1,60.0,0,I,MELB_URBAN,ROAD,12,11.0
27130,1,6,110,1,1,60.0,0,I,SMALL_CITIES,STREET,12,10.0
27131,4,4,171,5,5,60.0,0,N,MELB_URBAN,ROAD,9,4.0
27132,1,2,130,1,1,60.0,0,I,LARGE_PROVINCIAL_CITIES,STREET,12,16.0
27133,1,3,99,2,1,60.0,0,I,MELB_URBAN,ROAD,12,18.0
27134,1,3,116,1,1,60.0,0,N,MELB_URBAN,ROAD,12,16.0
27135,1,5,99,2,9,60.0,0,N,MELB_URBAN,STREET,12,12.0
27136,2,6,102,1,2,70.0,0,I,MELB_URBAN,ROAD,12,6.0
27137,1,6,121,2,1,60.0,0,I,MELB_URBAN,ROAD,12,13.0
27138,1,6,121,1,1,80.0,0,I,MELB_URBAN,HIGHWAY,12,9.0
27139,1,7,121,1,9,60.0,0,I,MELB_URBAN,HIGHWAY,10,19.0
27140,1,6,113,2,1,50.0,0,I,SMALL_CITIES,ROAD,12,12.0
27141,1,6,99,1,1,100.0,0,I,RURAL_VICTORIA,ROAD,12,14.0
27142,1,2,140,5,1,100.0,0,N,RURAL_VICTORIA,ROAD,12,7.0
27143,1,4,130,5,1,80.0,0,N,RURAL_VICTORIA,ROAD,12,16.0
27144,8,1,174,5,1,100.0,0,N,RURAL_VICTORIA,ROAD,12,11.0
27145,1,6,121,2,1,60.0,0,I,MELB_URBAN,ROAD,12,16.0
27146,1,6,110,1,1,60.0,0,I,SMALL_CITIES,STREET,12,17.0
27147,1,6,121,2,1,60.0,0,I,MELB_URBAN,ROAD,12,16.0
27148,1,6,130,2,1,70.0,0,I,MELB_URBAN,ROAD,12,16.0
27149,1,6,135,1,1,60.0,0,I,MELB_URBAN,OTHER,12,13.0
27150,5,6,99,5,1,100.0,0,N,MELB_URBAN,FREEWAY,12,15.0
27151,2,6,102,2,1,40.0,0,I,MELBOURNE_CBD,STREET,12,15.0
27152,1,6,113,1,1,50.0,0,I,MELB_URBAN,STREET,12,16.0
27153,2,6,99,5,1,50.0,0,N,MELB_URBAN,STREET,12,17.0
27154,4,6,173,5,1,100.0,0,N,RURAL_VICTORIA,ROAD,12,17.0
27155,1,6,160,5,1,50.0,0,N,MELB_URBAN,ROAD,12,14.0
27156,1,5,163,5,1,40.0,0,N,MELB_URBAN,STREET,12,17.0
27157,1,6,111,2,1,80.0,0,I,MELB_URBAN,ROAD,12,18.0
27158,2,1,99,5,1,60.0,0,N,RURAL_VICTORIA,ROAD,12,12.0
27159,1,6,120,5,1,100.0,1,N,RURAL_VICTORIA,ROAD,12,16.0
27160,2,6,99,5,1,60.0,0,N,MELB_URBAN,STREET,12,16.0
27161,1,6,110,1,1,60.0,0,I,LARGE_PROVINCIAL_CITIES,ROAD,12,19.0
27162,2,6,99,5,1,50.0,0,N,MELB_URBAN,STREET,12,17.0
27163,1,7,121,2,1,60.0,0,I,MELB_URBAN,STREET,12,9.0
27164,1,5,134,2,1,60.0,0,I,MELB_URBAN,PARADE,12,11.0
27165,1,7,116,2,1,50.0,0,I,MELB_URBAN,DRIVE,12,9.0
27166,2,5,99,1,2,60.0,0,I,MELB_URBAN,ROAD,11,19.0
27167,5,3,99,5,1,100.0,0,N,RURAL_VICTORIA,HIGHWAY,12,15.0
27168,1,4,130,1,1,70.0,0,I,MELB_URBAN,ROAD,12,10.0
27169,1,7,121,2,1,60.0,0,I,MELB_URBAN,STREET,12,10.0
27170,6,7,174,5,1,100.0,0,N,RURAL_VICTORIA,HIGHWAY,12,11.0
27171,8,7,99,5,1,100.0,0,N,RURAL_VICTORIA,ROAD,12,9.0
27172,1,7,130,1,1,60.0,0,I,MELB_URBAN,ROAD,12,12.0
27173,4,7,171,5,1,80.0,0,N,RURAL_VICTORIA,ROAD,12,12.0
27174,1,7,99,5,1,60.0,0,N,MELB_URBAN,STREET,12,13.0
27175,1,7,130,1,1,70.0,0,I,SMALL_CITIES,PARADE,12,11.0
27176,1,7,121,2,1,40.0,0,I,MELB_URBAN,ROAD,12,13.0
27177,1,7,132,2,1,100.0,0,I,RURAL_VICTORIA,HIGHWAY,12,13.0
27178,8,7,99,5,1,100.0,0,N,RURAL_VICTORIA,ROAD,12,12.0
27179,4,7,181,5,1,100.0,0,N,RURAL_VICTORIA,ROAD,12,15.0
27180,4,7,173,2,3,60.0,0,I,MELB_URBAN,ROAD,12,1.0
27181,1,7,110,1,1,50.0,0,I,MELB_URBAN,STREET,12,15.0
27182,1,7,134,1,1,60.0,0,I,LARGE_PROVINCIAL_CITIES,STREET,12,16.0
27183,6,1,174,5,2,40.0,0,N,MELB_URBAN,DRIVE,10,17.0
27184,4,7,173,2,2,60.0,0,I,MELB_URBAN,ROAD,12,20.0
27185,4,7,171,5,2,100.0,0,N,RURAL_VICTORIA,FREEWAY,12,19.0
27186,5,7,99,5,1,100.0,0,N,RURAL_VICTORIA,ROAD,12,14.0
27187,1,7,113,2,1,60.0,0,I,MELB_URBAN,ROAD,12,15.0
27188,2,7,99,5,5,100.0,1,N,MELB_URBAN,ROAD,12,3.0
27189,1,7,130,5,1,60.0,0,N,MELB_URBAN,ROAD,12,18.0
27190,6,7,170,5,5,100.0,0,N,RURAL_VICTORIA,ROAD,12,23.0
27191,1,7,130,5,3,60.0,0,N,MELB_URBAN,ROAD,12,22.0
27192,5,1,99,5,5,100.0,0,N,RURAL_VICTORIA,HIGHWAY,12,0.0
27193,1,7,121,1,3,70.0,0,I,LARGE_PROVINCIAL_CITIES,ROAD,12,23.0
27194,1,1,110,1,1,50.0,0,I,MELB_URBAN,AVENUE,12,8.0
27195,1,1,110,1,1,50.0,0,I,SMALL_CITIES,STREET,12,9.0
27196,4,7,171,2,2,80.0,0,I,RURAL_VICTORIA,ROAD,12,19.0
27197,1,1,130,2,1,80.0,0,I,MELB_URBAN,HIGHWAY,12,8.0
27198,1,1,147,5,1,70.0,0,N,MELB_URBAN,ROAD,12,9.0
27199,8,1,184,5,1,100.0,0,N,RURAL_VICTORIA,OTHER,12,12.0
27200,4,1,173,2,1,60.0,0,I,LARGE_PROVINCIAL_CITIES,ROAD,12,10.0
27201,1,1,120,5,1,60.0,0,N,LARGE_PROVINCIAL_CITIES,ROAD,12,11.0
27202,4,7,99,1,1,60.0,0,I,RURAL_VICTORIA,ROAD,12,17.0
27203,7,2,99,2,3,60.0,0,I,MELB_URBAN,ROAD,9,4.0
27204,1,1,130,1,1,80.0,0,I,MELB_URBAN,ROAD,12,13.0
27205,1,1,110,1,1,60.0,0,I,MELB_URBAN,ROAD,12,8.0
27206,1,5,99,2,1,50.0,0,I,MELB_URBAN,STREET,12,17.0
27207,1,1,120,5,1,100.0,0,N,RURAL_VICTORIA,HIGHWAY,12,12.0
27208,1,1,130,1,1,70.0,0,I,MELB_URBAN,ROAD,12,11.0
27209,8,1,174,5,1,80.0,0,N,RURAL_VICTORIA,HIGHWAY,12,16.0
27210,1,1,113,2,1,100.0,0,N,RURAL_VICTORIA,ROAD,12,16.0
27211,1,1,130,5,1,50.0,0,N,MELB_URBAN,STREET,12,16.0
27212,1,1,130,1,1,60.0,0,I,LARGE_PROVINCIAL_CITIES,HIGHWAY,12,17.0
27213,4,1,173,5,2,70.0,0,N,MELB_URBAN,ROAD,12,20.0
27214,2,3,100,1,1,60.0,0,I,MELB_URBAN,STREET,9,17.0
27215,4,1,171,2,3,70.0,0,I,MELB_URBAN,DRIVE,12,21.0
27216,4,1,183,5,2,100.0,1,N,RURAL_VICTORIA,ROAD,12,20.0
27217,4,1,171,5,3,90.0,0,N,MELB_URBAN,ROAD,12,22.0
27218,4,2,183,2,3,80.0,0,I,RURAL_VICTORIA,ROAD,12,0.0
27219,3,2,167,5,5,100.0,0,N,RURAL_VICTORIA,HIGHWAY,12,3.0
27220,5,2,99,5,1,40.0,0,N,RURAL_VICTORIA,ROAD,12,17.0
27221,1,7,130,2,1,60.0,0,I,MELB_URBAN,ROAD,12,12.0
27222,1,2,130,5,2,110.0,0,N,RURAL_VICTORIA,FREEWAY,12,6.0
27223,8,7,174,5,1,100.0,0,N,RURAL_VICTORIA,OTHER,11,15.0
27224,1,2,113,2,1,60.0,0,I,MELB_URBAN,ROAD,12,8.0
27225,2,6,100,1,1,50.0,0,I,MELB_URBAN,STREET,12,15.0
27226,1,2,120,5,1,70.0,0,N,RURAL_VICTORIA,ROAD,12,9.0
27227,1,1,113,1,1,100.0,0,I,RURAL_VICTORIA,ROAD,10,16.0
27228,1,6,132,2,1,60.0,0,I,MELB_URBAN,STREET,11,18.0
27229,4,2,181,5,1,100.0,0,N,RURAL_VICTORIA,ROAD,12,10.0
27230,2,2,102,2,1,40.0,0,I,MELB_URBAN,ROAD,12,11.0
27231,6,1,184,5,1,100.0,0,N,RURAL_VICTORIA,ROAD,12,12.0
27232,4,2,183,5,1,80.0,0,N,RURAL_VICTORIA,ROAD,12,10.0
27233,1,7,160,5,3,50.0,0,N,SMALL_CITIES,ROAD,12,0.0
27234,1,3,99,5,1,70.0,0,N,MELB_URBAN,STREET,12,17.0
27235,1,1,121,1,1,60.0,0,I,MELB_URBAN,ROAD,12,11.0
27236,2,2,99,5,2,60.0,0,N,LARGE_PROVINCIAL_CITIES,STREET,12,5.0
27237,4,2,181,5,1,100.0,0,N,RURAL_VICTORIA,ROAD,12,12.0
27238,6,2,170,1,1,60.0,0,I,MELB_URBAN,ROAD,12,10.0
27239,1,2,163,5,1,40.0,0,N,MELB_URBAN,STREET,12,13.0
27240,4,2,183,5,1,100.0,0,N,RURAL_VICTORIA,ROAD,12,12.0
27241,8,3,99,5,1,100.0,0,N,RURAL_VICTORIA,ROAD,12,11.0
27242,7,2,99,5,1,100.0,0,N,RURAL_VICTORIA,HIGHWAY,12,13.0
27243,1,6,130,2,1,60.0,0,I,MELB_URBAN,ROAD,12,11.0
27244,1,2,110,1,1,50.0,0,I,MELB_URBAN,STREET,12,13.0
27245,4,2,171,2,1,60.0,0,I,MELB_URBAN,DRIVE,12,8.0
27246,1,2,134,5,1,110.0,0,N,RURAL_VICTORIA,FREEWAY,9,13.0
27247,1,2,113,2,1,50.0,0,I,MELB_URBAN,OTHER,12,15.0
27248,1,6,130,5,1,60.0,0,N,MELB_URBAN,ROAD,12,15.0
27249,1,1,133,5,1,60.0,0,N,RURAL_VICTORIA,RAMP,12,14.0
27250,1,2,130,1,1,70.0,0,I,MELB_URBAN,STREET,12,18.0
27251,1,2,113,2,1,70.0,0,I,RURAL_VICTORIA,ROAD,12,16.0
27252,1,1,130,5,1,70.0,0,N,MELB_URBAN,ROAD,12,15.0
27253,5,2,99,5,1,100.0,0,N,RURAL_VICTORIA,HIGHWAY,12,15.0
27254,1,2,134,5,1,60.0,0,N,MELB_URBAN,ROAD,12,16.0
27255,1,2,130,5,1,100.0,0,N,RURAL_VICTORIA,ROAD,12,18.0
27256,2,5,100,2,2,60.0,0,I,LARGE_PROVINCIAL_CITIES,ROAD,12,19.0
27257,2,2,100,5,3,40.0,0,N,MELB_URBAN,BOULEVARD,12,2.0
27258,1,3,99,2,2,60.0,0,I,MELB_URBAN,STREET,12,4.0
27259,1,2,130,2,1,60.0,0,I,MELB_URBAN,ROAD,12,10.0
27260,1,2,120,5,1,110.0,1,N,RURAL_VICTORIA,HIGHWAY,12,12.0
27261,1,3,110,1,1,30.0,0,I,LARGE_PROVINCIAL_CITIES,STREET,12,7.0
27262,1,2,113,2,1,60.0,0,I,MELB_URBAN,AVENUE,12,12.0
27263,1,2,120,5,1,80.0,0,N,RURAL_VICTORIA,ROAD,12,13.0
27264,1,5,113,1,1,100.0,0,I,RURAL_VICTORIA,ROAD,12,7.0
27265,6,1,170,5,1,100.0,0,N,RURAL_VICTORIA,ROAD,12,8.0
27266,1,2,110,1,1,60.0,0,I,LARGE_PROVINCIAL_CITIES,ROAD,12,14.0
27267,6,2,184,5,1,60.0,0,N,RURAL_VICTORIA,ROAD,12,15.0
27268,4,3,183,5,2,50.0,0,N,MELB_URBAN,AVENUE,12,6.0
27269,1,2,147,5,9,60.0,0,N,MELB_URBAN,STREET,4,18.0
27270,1,2,130,5,1,60.0,0,N,MELB_URBAN,ROAD,12,15.0
27271,5,6,171,1,1,100.0,0,I,RURAL_VICTORIA,ROAD,12,15.0
27272,3,3,167,5,1,100.0,0,N,RURAL_VICTORIA,ROAD,12,8.0
27273,1,4,110,1,1,60.0,0,I,MELB_URBAN,STREET,12,18.0
27274,1,3,110,1,1,50.0,0,I,MELB_URBAN,STREET,12,10.0
27275,2,3,100,1,1,60.0,0,I,SMALL_CITIES,STREET,12,10.0
27276,6,2,174,1,1,60.0,0,I,MELB_URBAN,STREET,12,11.0
27277,4,7,183,5,3,100.0,0,N,RURAL_VICTORIA,HIGHWAY,12,3.0
27278,1,3,113,2,1,50.0,0,I,MELB_URBAN,STREET,12,11.0
27279,1,3,121,1,1,60.0,0,I,MELB_URBAN,HIGHWAY,12,11.0
27280,1,3,130,1,1,60.0,0,I,MELB_URBAN,ROAD,12,12.0
27281,7,6,99,5,3,40.0,0,N,MELBOURNE_CBD,OTHER,12,20.0
27282,1,3,121,2,1,80.0,0,I,RURAL_VICTORIA,ROAD,12,11.0
27283,1,3,110,1,1,50.0,0,I,MELB_URBAN,STREET,12,11.0
27284,1,3,113,2,1,60.0,0,I,MELB_URBAN,ROAD,12,11.0
27285,1,3,121,2,1,60.0,0,I,MELB_URBAN,ROAD,12,11.0
27286,1,5,130,5,2,70.0,0,N,MELB_URBAN,ROAD,10,19.0
27287,1,3,120,5,1,100.0,0,N,TOWNS,HIGHWAY,12,9.0
27288,4,3,181,5,1,80.0,0,N,RURAL_VICTORIA,ROAD,12,10.0
27289,1,3,120,5,1,100.0,0,N,RURAL_VICTORIA,HIGHWAY,12,13.0
27290,1,3,130,1,1,60.0,0,I,MELB_URBAN,STREET,12,12.0
27291,1,3,121,1,1,60.0,0,I,MELB_URBAN,ROAD,12,13.0
27292,1,3,121,1,1,60.0,0,I,SMALL_CITIES,HIGHWAY,12,14.0
27293,8,3,99,2,1,100.0,0,I,RURAL_VICTORIA,ROAD,12,11.0
27294,1,3,130,2,1,60.0,0,I,MELB_URBAN,STREET,12,13.0
27295,1,3,110,1,1,50.0,0,I,SMALL_TOWNS,STREET,12,12.0
27296,4,3,173,5,1,100.0,0,N,MELB_URBAN,UNKNOWN,12,7.0
27297,4,3,183,5,1,100.0,0,N,LARGE_PROVINCIAL_CITIES,STREET,12,14.0
27298,4,3,173,2,1,100.0,0,I,RURAL_VICTORIA,FREEWAY,12,15.0
27299,1,3,121,5,1,60.0,0,N,MELB_URBAN,STREET,12,16.0
27300,1,3,113,2,1,50.0,0,I,MELB_URBAN,AVENUE,12,17.0
27301,4,3,171,5,1,80.0,0,N,MELB_URBAN,ROAD,12,18.0
27302,4,4,171,2,3,60.0,0,I,MELB_URBAN,OTHER,12,1.0
27303,1,3,110,1,3,50.0,0,I,MELB_URBAN,AVENUE,12,23.0
27304,1,4,120,5,1,70.0,0,N,MELB_URBAN,ROAD,12,7.0
27305,1,4,132,5,1,60.0,0,N,MELB_URBAN,ROAD,12,10.0
27306,4,6,181,5,1,100.0,0,N,RURAL_VICTORIA,RAMP,11,8.0
27307,1,4,121,1,1,50.0,0,I,MELB_URBAN,STREET,12,13.0
27308,2,4,100,1,1,40.0,0,I,MELBOURNE_CBD,STREET,12,13.0
27309,4,4,171,1,1,50.0,0,I,LARGE_PROVINCIAL_CITIES,STREET,12,13.0
27310,1,4,110,1,1,100.0,0,I,RURAL_VICTORIA,ROAD,12,12.0
27311,1,3,121,5,1,60.0,0,N,MELB_URBAN,ROAD,12,11.0
27312,4,4,181,5,1,80.0,0,N,RURAL_VICTORIA,ROAD,12,15.0
27313,1,4,121,2,1,60.0,0,I,MELB_URBAN,ROAD,12,17.0
27314,4,4,183,5,1,80.0,0,N,RURAL_VICTORIA,ROAD,12,17.0
27315,2,4,100,5,2,50.0,0,N,MELB_URBAN,STREET,12,20.0
27316,4,5,171,5,9,60.0,0,N,RURAL_VICTORIA,ROAD,8,10.0
27317,4,4,173,2,5,60.0,1,I,RURAL_VICTORIA,ROAD,12,22.0
27318,4,4,171,2,3,50.0,0,I,MELB_URBAN,STREET,12,23.0
27319,1,5,113,4,3,70.0,0,I,MELB_URBAN,ROAD,12,2.0
27320,1,4,134,5,1,100.0,0,N,MELB_URBAN,FREEWAY,12,17.0
27321,4,5,181,5,2,80.0,0,N,RURAL_VICTORIA,ROAD,12,6.0
27322,4,3,99,5,1,40.0,0,N,LARGE_PROVINCIAL_CITIES,STREET,12,13.0
27323,1,5,121,2,1,60.0,0,I,MELB_URBAN,ROAD,12,10.0
27324,1,4,113,2,1,60.0,0,I,MELB_URBAN,ROAD,12,11.0
27325,4,5,173,5,1,110.0,0,N,RURAL_VICTORIA,HIGHWAY,12,7.0
27326,4,5,183,2,5,100.0,0,I,RURAL_VICTORIA,HIGHWAY,12,1.0
27327,4,4,171,5,5,100.0,0,N,RURAL_VICTORIA,HIGHWAY,12,23.0
27328,4,5,171,5,1,60.0,0,N,MELB_URBAN,STREET,12,8.0
27329,6,5,99,5,1,100.0,0,N,RURAL_VICTORIA,ROAD,12,11.0
27330,1,5,130,1,1,80.0,0,I,MELB_URBAN,HIGHWAY,12,12.0
27331,1,4,130,2,2,60.0,0,I,MELB_URBAN,ROAD,12,19.0
27332,6,5,170,5,1,100.0,0,N,RURAL_VICTORIA,ROAD,12,12.0
27333,1,4,121,1,1,60.0,0,I,TOWNS,STREET,12,18.0
27334,1,7,130,1,1,70.0,0,I,MELB_URBAN,ROAD,12,13.0
27335,1,5,121,1,1,80.0,0,I,MELB_URBAN,ROAD,12,11.0
27336,1,5,110,1,1,100.0,0,I,RURAL_VICTORIA,OTHER,12,16.0
27337,1,5,130,5,1,60.0,0,N,MELB_URBAN,ROAD,12,16.0
27338,1,5,99,5,1,80.0,0,N,RURAL_VICTORIA,ROAD,12,15.0
27339,1,5,121,1,1,50.0,0,I,MELB_URBAN,STREET,12,17.0
27340,1,1,160,5,3,50.0,0,N,MELB_URBAN,STREET,9,0.0
27341,1,5,120,5,1,60.0,0,N,TOWNS,HIGHWAY,12,17.0
27342,1,5,113,2,6,70.0,0,I,SMALL_CITIES,ROAD,12,20.0
27343,2,6,99,2,1,50.0,0,I,MELB_URBAN,STREET,12,14.0
27344,1,4,99,5,2,60.0,0,N,MELB_URBAN,ROAD,12,5.0
27345,1,5,121,2,5,80.0,0,N,SMALL_CITIES,HIGHWAY,12,21.0
27346,1,5,110,1,3,60.0,0,I,MELB_URBAN,AVENUE,12,21.0
27347,6,6,99,2,2,60.0,0,I,MELB_URBAN,ROAD,12,7.0
27348,8,1,184,5,1,70.0,0,N,RURAL_VICTORIA,ROAD,12,16.0
27349,5,5,99,5,1,60.0,0,N,RURAL_VICTORIA,ROAD,12,12.0
27350,1,3,130,2,1,60.0,0,I,MELB_URBAN,STREET,12,14.0
27351,3,5,167,5,5,100.0,0,N,RURAL_VICTORIA,ROAD,12,22.0
27352,4,5,171,5,1,60.0,0,N,TOWNS,ROAD,12,12.0
27353,1,6,120,4,1,60.0,0,I,MELB_URBAN,STREET,12,9.0
27354,1,5,99,5,5,100.0,0,N,RURAL_VICTORIA,ROAD,12,22.0
27355,1,6,110,1,1,60.0,0,I,TOWNS,ROAD,12,13.0
27356,1,6,113,2,1,70.0,0,I,MELB_URBAN,ROAD,12,13.0
27357,1,6,134,2,1,70.0,0,I,MELB_URBAN,ROAD,12,13.0
27358,4,7,171,2,3,50.0,0,I,TOWNS,OTHER,12,22.0
27359,8,6,99,5,1,100.0,0,N,RURAL_VICTORIA,ROAD,12,14.0
27360,1,6,121,2,1,80.0,0,I,SMALL_CITIES,ROAD,12,10.0
27361,1,6,140,5,1,90.0,0,N,RURAL_VICTORIA,ROAD,12,13.0
27362,1,5,99,1,1,80.0,0,I,RURAL_VICTORIA,ROAD,12,11.0
27363,1,6,110,1,1,50.0,0,I,TOWNS,STREET,12,18.0
27364,4,4,181,5,1,60.0,0,N,RURAL_VICTORIA,ROAD,12,12.0
27365,2,6,100,1,1,60.0,0,I,MELB_URBAN,ROAD,12,18.0
27366,2,6,99,2,1,50.0,0,I,TOWNS,STREET,12,17.0
27367,1,6,113,2,1,100.0,0,N,RURAL_VICTORIA,HIGHWAY,12,19.0
27368,1,6,110,1,2,70.0,0,I,MELB_URBAN,ROAD,12,19.0
27369,1,6,132,2,3,70.0,0,I,MELB_URBAN,ROAD,12,22.0
27370,1,6,160,5,3,60.0,0,N,MELB_URBAN,ROAD,12,23.0
27371,6,7,99,5,5,100.0,0,N,RURAL_VICTORIA,AVENUE,12,3.0
27372,1,7,134,5,1,50.0,0,N,MELB_URBAN,STREET,12,11.0
27373,1,7,110,1,1,60.0,0,I,MELB_URBAN,STREET,12,10.0
27374,1,7,130,5,1,60.0,0,N,MELB_URBAN,ROAD,12,12.0
27375,2,7,100,5,1,60.0,0,N,MELB_URBAN,ROAD,12,13.0
27376,1,5,113,2,1,100.0,0,I,RURAL_VICTORIA,HIGHWAY,12,13.0
27377,1,7,113,1,1,60.0,0,I,MELB_URBAN,ROAD,12,13.0
27378,1,6,130,5,1,80.0,0,N,MELB_URBAN,HIGHWAY,12,13.0
27379,8,7,99,2,1,60.0,0,I,MELB_URBAN,ROAD,12,12.0
27380,4,7,171,5,1,50.0,0,N,LARGE_PROVINCIAL_CITIES,STREET,12,13.0