,accident_type,day_of_week,dca_code,road_geometry,light_condition,speed_zone,severity,node_type,deg_urban_name,road_type,month,hour
27381,4,7,181,5,1,70.0,0,N,TOWNS,ROAD,12,13.0
27382,1,7,110,1,1,50.0,0,I,MELB_URBAN,ROAD,12,14.0
27383,2,7,102,1,1,40.0,0,I,MELB_URBAN,STREET,12,11.0
27384,4,7,173,5,1,100.0,0,N,RURAL_VICTORIA,OTHER,12,15.0
27385,4,4,171,5,1,100.0,0,N,RURAL_VICTORIA,ROAD,12,11.0
27386,1,7,116,2,1,60.0,0,N,MELB_URBAN,STREET,12,17.0
27387,1,7,120,5,1,80.0,0,N,RURAL_VICTORIA,ROAD,12,11.0
27388,1,7,133,2,1,60.0,0,I,MELB_URBAN,STREET,12,18.0
27389,6,7,99,5,1,80.0,0,N,RURAL_VICTORIA,ROAD,12,12.0
27390,4,7,171,5,2,80.0,0,N,MELB_URBAN,ROAD,12,5.0
27391,1,1,130,5,3,80.0,0,N,MELB_URBAN,HIGHWAY,12,0.0
27392,7,1,99,2,3,50.0,0,I,MELB_URBAN,STREET,12,0.0
27393,1,1,110,1,3,60.0,0,I,MELB_URBAN,ROAD,12,2.0
27394,4,1,99,2,5,60.0,0,I,TOWNS,HIGHWAY,12,2.0
27395,4,7,183,5,5,100.0,0,N,RURAL_VICTORIA,ROAD,12,1.0
27396,2,3,100,2,1,60.0,0,I,MELB_URBAN,ROAD,12,14.0
27397,1,4,130,1,1,60.0,0,I,MELB_URBAN,PARADE,12,14.0
27398,1,5,121,2,1,80.0,0,I,RURAL_VICTORIA,ROAD,12,13.0
27399,1,7,120,5,1,100.0,0,N,RURAL_VICTORIA,ROAD,12,15.0
27400,1,1,132,5,1,60.0,0,N,MELB_URBAN,DRIVE,12,9.0
27401,8,1,170,1,1,60.0,0,I,MELB_URBAN,ROAD,12,10.0
27402,4,1,171,5,1,90.0,0,N,RURAL_VICTORIA,ROAD,12,12.0
27403,4,4,183,4,1,60.0,0,I,MELB_URBAN,ROAD,12,11.0
27404,4,1,181,2,1,50.0,0,I,LARGE_PROVINCIAL_CITIES,OTHER,12,14.0
27405,4,1,171,5,1,100.0,0,N,MELB_URBAN,FREEWAY,12,14.0
27406,2,7,99,1,3,40.0,0,I,MELB_URBAN,STREET,10,2.0
27407,4,7,171,5,1,60.0,0,N,MELB_URBAN,ROAD,12,15.0
27408,1,1,110,1,1,100.0,0,I,RURAL_VICTORIA,ROAD,12,16.0
27409,1,7,110,1,3,50.0,0,I,MELB_URBAN,AVENUE,12,22.0
27410,8,4,99,5,3,40.0,0,N,MELB_URBAN,STREET,12,0.0
27411,4,1,181,5,1,100.0,0,N,RURAL_VICTORIA,HIGHWAY,12,13.0
27412,1,1,160,5,1,50.0,0,N,MELB_URBAN,DRIVE,12,11.0
27413,6,1,99,5,1,60.0,0,N,MELB_URBAN,HIGHWAY,12,17.0
27414,1,1,121,1,1,60.0,0,I,MELB_URBAN,ROAD,12,14.0
27415,1,1,121,1,2,60.0,0,N,MELB_URBAN,PARADE,12,19.0
27416,2,1,100,5,1,60.0,0,N,MELB_URBAN,ROAD,12,18.0
27417,1,1,121,1,2,50.0,0,I,MELB_URBAN,STREET,12,20.0
27418,4,1,171,2,1,80.0,0,I,RURAL_VICTORIA,ROAD,12,16.0
27419,2,7,100,2,1,50.0,0,I,MELB_URBAN,ROAD,12,18.0
27420,1,7,135,2,9,60.0,0,I,MELB_URBAN,ROAD,12,19.0
27421,1,1,174,1,3,60.0,1,I,MELB_URBAN,STREET,12,21.0
27422,1,1,121,2,1,50.0,0,I,LARGE_PROVINCIAL_CITIES,STREET,12,9.0
27423,1,2,133,5,1,60.0,0,N,MELB_URBAN,ROAD,12,7.0
27424,4,2,171,5,2,100.0,0,N,RURAL_VICTORIA,HIGHWAY,12,6.0
27425,1,2,130,1,1,80.0,0,I,MELB_URBAN,HIGHWAY,12,10.0
27426,8,5,174,1,1,60.0,0,I,MELB_URBAN,PARADE,12,17.0
27427,1,2,135,5,1,80.0,0,N,RURAL_VICTORIA,HIGHWAY,12,8.0
27428,8,2,99,5,1,70.0,0,N,MELB_URBAN,ROAD,12,11.0
27429,8,1,184,5,1,80.0,0,N,RURAL_VICTORIA,ROAD,12,9.0
27430,4,2,171,5,1,60.0,0,N,LARGE_PROVINCIAL_CITIES,ROAD,12,13.0
27431,1,2,113,1,1,70.0,0,I,SMALL_CITIES,OTHER,12,12.0
27432,1,2,110,1,1,50.0,0,I,MELB_URBAN,AVENUE,12,12.0
27433,6,2,174,5,1,110.0,0,N,RURAL_VICTORIA,FREEWAY,12,13.0
27434,1,2,140,2,1,60.0,0,I,MELB_URBAN,ROAD,12,13.0
27435,4,2,181,5,1,100.0,0,N,RURAL_VICTORIA,HIGHWAY,12,11.0
27436,3,1,167,5,9,100.0,0,N,RURAL_VICTORIA,ROAD,12,6.0
27437,1,2,121,1,1,60.0,0,I,MELB_URBAN,ROAD,12,16.0
27438,1,2,113,2,1,60.0,0,I,MELB_URBAN,ROAD,12,11.0
27439,4,2,173,5,1,100.0,0,N,RURAL_VICTORIA,ROAD,12,17.0
27440,1,2,110,1,1,80.0,0,I,RURAL_VICTORIA,HIGHWAY,12,19.0
27441,1,2,113,2,1,90.0,0,I,MELB_URBAN,HIGHWAY,12,15.0
27442,8,2,174,4,2,60.0,0,I,SMALL_CITIES,AVENUE,12,20.0
27443,1,2,99,5,2,80.0,0,N,RURAL_VICTORIA,ROAD,12,19.0
27444,4,2,171,5,2,70.0,0,N,MELB_URBAN,ROAD,12,20.0
27445,8,2,174,5,1,100.0,0,N,RURAL_VICTORIA,ROAD,12,13.0
27446,8,2,174,4,3,50.0,0,I,MELB_URBAN,DRIVE,12,22.0
27447,4,2,173,5,5,60.0,0,N,RURAL_VICTORIA,ROAD,12,22.0
27448,4,6,181,5,1,50.0,0,N,MELB_URBAN,ROAD,11,16.0
27449,4,4,171,5,1,100.0,0,N,RURAL_VICTORIA,ROAD,1,16.0
27450,1,3,132,5,1,60.0,0,N,MELB_URBAN,STREET,12,9.0
27451,1,3,121,4,1,70.0,0,N,MELB_URBAN,ROAD,12,9.0
27452,4,5,171,2,1,90.0,0,I,MELB_URBAN,ROAD,12,12.0
27453,1,2,99,5,1,100.0,0,N,MELB_URBAN,FREEWAY,12,12.0
27454,1,5,110,1,1,60.0,0,I,TOWNS,ROAD,12,14.0
27455,5,1,183,5,1,60.0,0,N,RURAL_VICTORIA,AVENUE,12,17.0
27456,1,2,121,1,1,50.0,0,I,SMALL_CITIES,STREET,12,16.0
27457,8,7,174,5,9,60.0,0,N,MELB_URBAN,ROAD,12,1.0
27458,4,3,181,5,1,60.0,0,N,RURAL_VICTORIA,ROAD,12,7.0
27459,1,3,163,5,1,60.0,0,N,MELB_URBAN,STREET,12,10.0
27460,8,3,99,5,1,50.0,0,N,LARGE_PROVINCIAL_CITIES,ROAD,12,12.0
27461,1,3,130,5,1,60.0,0,N,LARGE_PROVINCIAL_CITIES,STREET,12,13.0
27462,7,6,99,5,9,50.0,0,N,MELB_URBAN,ROAD,12,22.0
27463,1,3,121,2,1,80.0,0,I,MELB_URBAN,HIGHWAY,12,15.0
27464,1,3,99,5,1,90.0,0,N,RURAL_VICTORIA,ROAD,12,15.0
27465,2,3,102,5,1,60.0,0,N,MELB_URBAN,ROAD,12,15.0
27466,1,3,121,1,1,70.0,0,N,MELB_URBAN,ROAD,12,16.0
27467,1,3,110,1,1,50.0,0,I,MELB_URBAN,STREET,12,14.0
27468,1,3,160,5,1,50.0,0,N,TOWNS,STREET,12,19.0
27469,1,3,110,1,2,70.0,0,N,MELB_URBAN,ROAD,12,19.0
27470,4,3,171,5,1,100.0,0,N,RURAL_VICTORIA,ROAD,12,15.0
27471,1,3,110,1,5,60.0,0,I,MELB_URBAN,ROAD,12,23.0
27472,4,3,173,5,5,50.0,0,N,MELB_URBAN,AVENUE,12,21.0
27473,6,4,99,5,3,60.0,0,N,MELB_URBAN,ROAD,1,0.0
27474,4,4,171,5,5,100.0,0,N,RURAL_VICTORIA,ROAD,1,1.0
27475,1,4,110,1,3,60.0,0,I,MELB_URBAN,ROAD,1,3.0
27476,4,3,99,2,3,50.0,0,N,UNKNOWN,ROAD,1,1.0
27477,1,4,160,2,3,50.0,0,I,MELB_URBAN,BOULEVARD,1,3.0
27478,1,5,130,5,2,100.0,0,N,MELB_URBAN,ROAD,6,6.0
27479,1,4,160,5,1,60.0,0,N,MELB_URBAN,STREET,1,8.0
27480,1,4,111,2,1,100.0,0,I,RURAL_VICTORIA,ROAD,1,10.0
27481,4,4,171,5,1,100.0,0,N,RURAL_VICTORIA,HIGHWAY,1,9.0
27482,1,4,133,1,1,70.0,0,I,MELB_URBAN,HIGHWAY,1,11.0
27483,1,2,130,1,1,50.0,0,I,MELB_URBAN,OTHER,12,8.0
27484,4,4,171,2,1,60.0,0,I,MELB_URBAN,ROAD,1,12.0
27485,4,3,181,5,1,100.0,0,N,RURAL_VICTORIA,HIGHWAY,12,16.0
27486,4,2,173,5,3,60.0,0,N,MELB_URBAN,ROAD,12,22.0
27487,1,4,120,2,1,60.0,0,I,TOWNS,ROAD,1,11.0
27488,4,4,173,5,1,70.0,0,N,RURAL_VICTORIA,ROAD,1,14.0
27489,1,4,121,1,1,60.0,0,I,SMALL_CITIES,PARADE,1,15.0
27490,4,4,183,5,1,80.0,0,N,RURAL_VICTORIA,ROAD,1,14.0
27491,6,4,99,5,1,100.0,0,N,RURAL_VICTORIA,ROAD,1,15.0
27492,1,4,120,5,1,60.0,0,N,LARGE_PROVINCIAL_CITIES,DRIVE,1,16.0
27493,8,4,174,5,1,40.0,0,N,MELB_URBAN,STREET,1,15.0
27494,1,4,121,1,1,60.0,0,I,SMALL_CITIES,STREET,1,15.0
27495,1,4,113,2,5,80.0,0,I,RURAL_VICTORIA,ROAD,1,19.0
27496,1,4,120,5,1,80.0,0,N,MELB_URBAN,HIGHWAY,1,19.0
27497,4,3,181,5,1,100.0,0,N,RURAL_VICTORIA,ROAD,1,18.0
27498,1,4,130,2,1,60.0,0,I,MELB_URBAN,ROAD,1,16.0
27499,1,2,173,5,1,60.0,0,N,TOWNS,STREET,12,16.0
27500,1,2,111,1,2,60.0,0,I,MELB_URBAN,STREET,12,20.0
27501,1,4,113,2,3,70.0,0,I,MELB_URBAN,ROAD,1,22.0
27502,4,5,171,1,3,80.0,0,I,MELB_URBAN,ROAD,1,4.0
27503,4,1,173,5,2,60.0,0,N,RURAL_VICTORIA,ROAD,12,4.0
27504,1,4,130,5,1,100.0,0,N,RURAL_VICTORIA,ROAD,1,14.0
27505,1,7,130,1,1,80.0,0,I,MELB_URBAN,OTHER,11,9.0
27506,1,2,99,1,1,50.0,0,I,SMALL_CITIES,STREET,12,14.0
27507,1,5,130,5,1,80.0,0,N,RURAL_VICTORIA,HIGHWAY,1,10.0
27508,4,5,173,5,1,100.0,0,N,MELB_URBAN,FREEWAY,1,10.0
27509,8,3,99,5,1,60.0,0,N,RURAL_VICTORIA,ROAD,12,15.0
27510,6,3,184,2,1,50.0,0,I,MELB_URBAN,UNKNOWN,12,16.0
27511,4,5,99,5,1,70.0,0,N,MELB_URBAN,ROAD,1,9.0
27512,4,5,181,5,1,100.0,0,N,RURAL_VICTORIA,ROAD,1,10.0
27513,8,1,174,5,1,100.0,0,N,RURAL_VICTORIA,ROAD,12,12.0
27514,8,1,174,5,1,60.0,0,N,LARGE_PROVINCIAL_CITIES,BOULEVARD,12,9.0
27515,1,5,130,5,1,80.0,0,N,RURAL_VICTORIA,OTHER,1,11.0
27516,1,5,113,3,1,50.0,0,I,TOWNS,STREET,1,10.0
27517,4,4,183,5,1,80.0,0,N,RURAL_VICTORIA,ROAD,1,16.0
27518,1,5,130,5,1,80.0,0,N,MELB_URBAN,ROAD,1,14.0
27519,4,5,173,5,1,80.0,0,N,TOWNS,ROAD,1,11.0
27520,1,2,163,5,1,40.0,0,N,MELB_URBAN,STREET,12,14.0
27521,2,5,100,5,1,60.0,0,N,LARGE_PROVINCIAL_CITIES,STREET,1,12.0
27522,8,7,184,5,1,100.0,0,N,RURAL_VICTORIA,ROAD,12,14.0
27523,8,5,184,5,1,100.0,0,N,RURAL_VICTORIA,ROAD,1,13.0
27524,1,5,130,5,1,50.0,0,N,SMALL_CITIES,STREET,1,16.0
27525,1,5,130,2,1,70.0,0,I,MELB_URBAN,ROAD,1,14.0
27526,1,5,121,4,1,60.0,0,I,MELB_URBAN,RAMP,1,13.0
27527,1,5,120,5,1,60.0,0,N,RURAL_VICTORIA,ROAD,1,17.0
27528,1,5,121,1,1,60.0,0,I,MELB_URBAN,PARADE,1,16.0
27529,3,5,167,1,1,70.0,0,I,MELB_URBAN,STREET,1,18.0
27530,4,5,173,5,1,60.0,0,N,TOWNS,STREET,1,17.0
27531,1,5,120,5,1,50.0,0,N,SMALL_TOWNS,STREET,1,18.0
27532,1,5,132,2,1,70.0,0,I,RURAL_VICTORIA,ROAD,1,15.0
27533,1,5,130,2,1,60.0,0,I,MELB_URBAN,ROAD,1,18.0
27534,1,5,147,5,2,50.0,0,N,MELB_URBAN,PARADE,1,19.0
27535,1,5,110,1,1,70.0,0,N,RURAL_VICTORIA,ROAD,1,17.0
27536,4,5,171,5,2,50.0,0,N,MELB_URBAN,STREET,1,19.0
27537,8,1,174,5,1,60.0,0,N,RURAL_VICTORIA,ROAD,12,10.0
27538,2,5,99,5,1,60.0,0,N,MELB_URBAN,STREET,1,16.0
27539,1,4,160,5,6,50.0,0,N,MELB_URBAN,UNKNOWN,1,22.0
27540,1,5,99,5,1,100.0,0,N,TOWNS,STREET,1,17.0
27541,2,5,100,1,3,50.0,0,I,MELB_URBAN,HIGHWAY,1,22.0
27542,1,5,99,5,3,50.0,0,N,MELB_URBAN,STREET,1,23.0
27543,6,6,99,5,5,100.0,0,N,RURAL_VICTORIA,ROAD,1,0.0
27544,6,6,170,5,5,110.0,0,N,RURAL_VICTORIA,HIGHWAY,1,3.0
27545,6,5,184,5,1,100.0,0,N,RURAL_VICTORIA,ROAD,1,11.0
27546,8,4,184,5,1,60.0,0,N,MELB_URBAN,ROAD,1,15.0
27547,4,6,183,5,1,80.0,0,N,RURAL_VICTORIA,ROAD,12,18.0
27548,1,2,113,1,1,70.0,0,I,LARGE_PROVINCIAL_CITIES,STREET,3,11.0
27549,1,6,99,2,1,100.0,0,I,RURAL_VICTORIA,ROAD,1,10.0
27550,1,6,140,2,1,60.0,0,I,SMALL_CITIES,OTHER,1,10.0
27551,1,5,147,5,1,60.0,0,N,MELB_URBAN,ROAD,12,7.0
27552,6,2,170,5,1,100.0,0,N,RURAL_VICTORIA,ROAD,12,12.0
27553,1,2,135,5,1,80.0,0,N,MELB_URBAN,FREEWAY,12,14.0
27554,1,4,121,2,2,60.0,0,I,MELB_URBAN,ROAD,12,19.0
27555,1,6,113,2,1,60.0,0,I,MELB_URBAN,ROAD,1,10.0
27556,1,6,121,1,1,50.0,0,I,MELB_URBAN,ROAD,1,14.0
27557,1,7,160,1,1,50.0,0,I,MELB_URBAN,STREET,4,12.0
27558,2,6,99,2,9,60.0,0,I,RURAL_VICTORIA,HIGHWAY,1,15.0
27559,6,6,99,5,1,80.0,0,N,RURAL_VICTORIA,ROAD,1,15.0
27560,1,6,121,2,1,70.0,0,I,MELB_URBAN,ROAD,1,16.0
27561,1,6,132,2,1,60.0,0,I,SMALL_CITIES,ROAD,1,16.0
27562,4,5,171,1,1,60.0,0,I,MELB_URBAN,DRIVE,12,13.0
27563,1,4,130,2,1,60.0,0,I,MELB_URBAN,ROAD,12,9.0
27564,4,1,183,5,9,100.0,0,N,RURAL_VICTORIA,ROAD,10,8.0
27565,1,6,99,2,1,50.0,0,I,MELB_URBAN,ROAD,1,18.0
27566,1,6,113,2,1,100.0,0,I,RURAL_VICTORIA,HIGHWAY,1,18.0
27567,1,3,120,2,1,60.0,0,I,MELB_URBAN,ROAD,12,11.0
27568,4,7,183,5,3,60.0,0,N,LARGE_PROVINCIAL_CITIES,ROAD,1,0.0
27569,4,6,183,5,3,60.0,0,N,MELB_URBAN,DRIVE,1,22.0
27570,4,7,171,5,2,70.0,0,N,MELB_URBAN,ROAD,1,6.0
27571,8,4,174,1,1,60.0,0,I,LARGE_PROVINCIAL_CITIES,STREET,1,14.0
27572,1,5,160,2,1,60.0,0,N,MELB_URBAN,HIGHWAY,1,7.0
27573,1,4,140,5,1,60.0,0,N,RURAL_VICTORIA,ROAD,1,9.0
27574,6,7,184,5,1,30.0,0,N,RURAL_VICTORIA,ROAD,1,10.0
27575,1,7,130,5,1,70.0,0,N,SMALL_CITIES,PARADE,1,12.0
27576,5,2,99,5,1,100.0,0,N,RURAL_VICTORIA,ROAD,12,14.0
27577,1,7,121,2,1,80.0,0,I,MELB_URBAN,HIGHWAY,1,12.0
27578,1,6,130,2,1,70.0,0,I,MELB_URBAN,ROAD,1,13.0
27579,1,7,160,5,1,40.0,0,N,MELB_URBAN,ROAD,1,13.0
27580,8,7,174,5,1,80.0,0,N,SMALL_TOWNS,AVENUE,1,12.0
27581,1,7,121,2,1,50.0,0,I,MELB_URBAN,STREET,1,14.0
27582,1,7,99,2,1,100.0,0,N,RURAL_VICTORIA,ROAD,1,13.0
27583,1,7,110,1,1,100.0,0,I,RURAL_VICTORIA,HIGHWAY,1,13.0
27584,1,7,147,5,1,50.0,0,N,MELB_URBAN,STREET,1,14.0
27585,1,7,121,1,1,60.0,0,I,MELB_URBAN,ROAD,1,13.0
27586,1,7,121,1,1,60.0,0,I,MELB_URBAN,ROAD,1,16.0
27587,1,4,147,5,1,60.0,0,N,RURAL_VICTORIA,ROAD,1,11.0
27588,1,7,160,5,1,80.0,0,N,MELB_URBAN,UNKNOWN,1,16.0
27589,4,7,171,5,1,60.0,0,N,LARGE_PROVINCIAL_CITIES,ROAD,1,17.0
27590,2,6,99,2,1,60.0,0,I,MELBOURNE_CBD,STREET,1,16.0
27591,6,7,170,5,1,80.0,0,N,RURAL_VICTORIA,ROAD,1,16.0
27592,8,7,99,5,1,100.0,0,N,RURAL_VICTORIA,ROAD,1,18.0
27593,1,7,132,5,2,60.0,0,N,LARGE_PROVINCIAL_CITIES,ROAD,1,19.0
27594,4,7,183,5,2,100.0,0,N,RURAL_VICTORIA,ROAD,1,19.0
27595,4,7,171,2,3,50.0,0,I,SMALL_CITIES,ROAD,1,23.0
27596,1,2,113,2,1,80.0,0,I,RURAL_VICTORIA,ROAD,12,17.0
27597,4,7,171,2,3,50.0,0,I,MELB_URBAN,ROAD,1,23.0
27598,1,7,120,5,5,60.0,0,N,MELB_URBAN,ROAD,1,22.0
27599,1,7,111,2,6,40.0,0,I,MELB_URBAN,STREET,1,22.0
27600,4,1,171,5,5,100.0,0,N,RURAL_VICTORIA,ROAD,1,0.0
27601,1,7,120,5,1,100.0,0,N,RURAL_VICTORIA,ROAD,1,14.0
27602,1,1,113,1,1,60.0,0,I,LARGE_PROVINCIAL_CITIES,STREET,1,9.0
27603,4,1,171,1,1,50.0,0,I,SMALL_CITIES,DRIVE,1,10.0
27604,3,7,167,5,1,100.0,0,N,RURAL_VICTORIA,ROAD,1,13.0
27605,8,1,184,5,1,100.0,0,N,RURAL_VICTORIA,ROAD,1,13.0
27606,1,1,99,5,1,80.0,0,N,MELB_URBAN,ROAD,1,9.0
27607,8,6,170,5,1,60.0,0,N,MELB_URBAN,ROAD,1,18.0
27608,4,6,173,5,1,100.0,0,N,RURAL_VICTORIA,HIGHWAY,1,18.0
27609,1,1,132,2,1,80.0,0,I,RURAL_VICTORIA,HIGHWAY,1,14.0
27610,6,1,174,2,1,100.0,0,I,RURAL_VICTORIA,ROAD,11,9.0
27611,1,3,130,5,1,100.0,0,N,RURAL_VICTORIA,ROAD,11,18.0
27612,6,1,99,5,1,100.0,0,N,SMALL_CITIES,ROAD,1,15.0
27613,4,0,181,1,1,60.0,0,N,MELB_URBAN,PARADE,1,16.0
27614,6,2,99,2,2,100.0,0,I,RURAL_VICTORIA,ROAD,12,6.0
27615,1,1,121,2,1,100.0,0,I,MELB_URBAN,ROAD,1,16.0
27616,6,1,99,5,1,100.0,0,N,MELB_URBAN,ROAD,1,16.0
27617,7,1,181,5,1,100.0,0,N,RURAL_VICTORIA,ROAD,1,16.0
27618,6,1,99,5,1,100.0,0,N,RURAL_VICTORIA,HIGHWAY,1,18.0
27619,1,1,99,5,1,60.0,0,N,SMALL_CITIES,AVENUE,1,16.0
27620,1,1,132,5,1,60.0,0,N,MELB_URBAN,ROAD,1,15.0
27621,1,1,116,2,3,50.0,0,I,MELB_URBAN,ROAD,1,21.0
27622,7,1,99,5,2,110.0,0,N,RURAL_VICTORIA,FREEWAY,1,20.0
27623,4,1,171,5,2,100.0,0,N,RURAL_VICTORIA,ROAD,1,19.0
27624,4,1,181,5,5,100.0,0,N,RURAL_VICTORIA,HIGHWAY,1,22.0
27625,1,2,133,2,1,60.0,0,N,MELB_URBAN,ROAD,1,7.0
27626,4,2,173,5,1,60.0,0,N,MELB_URBAN,ROAD,1,7.0
27627,4,2,173,2,1,80.0,0,I,RURAL_VICTORIA,ROAD,1,11.0
27628,1,2,121,2,1,60.0,0,I,MELB_URBAN,ROAD,1,8.0
27629,1,7,99,2,1,60.0,0,I,MELB_URBAN,STREET,12,12.0
27630,1,2,147,5,1,60.0,0,N,TOWNS,HIGHWAY,1,9.0
27631,2,2,100,4,1,50.0,0,I,MELB_URBAN,STREET,12,15.0
27632,4,1,99,1,2,50.0,0,I,MELB_URBAN,STREET,1,20.0
27633,8,2,174,2,1,60.0,0,I,LARGE_PROVINCIAL_CITIES,ROAD,1,12.0
27634,8,1,174,1,1,80.0,0,I,RURAL_VICTORIA,ROAD,1,11.0
27635,1,1,130,2,1,80.0,0,I,MELB_URBAN,HIGHWAY,1,13.0
27636,8,3,99,2,1,80.0,0,I,MELB_URBAN,ROAD,12,16.0
27637,1,1,110,1,1,80.0,0,I,MELB_URBAN,ROAD,1,17.0
27638,1,2,130,5,1,60.0,0,N,MELB_URBAN,ROAD,1,13.0
27639,1,5,130,2,9,80.0,0,N,MELB_URBAN,HIGHWAY,8,18.0
27640,4,2,171,5,1,100.0,0,N,RURAL_VICTORIA,HIGHWAY,1,13.0
27641,1,2,160,5,1,50.0,0,N,MELB_URBAN,PARADE,1,15.0
27642,1,2,121,2,1,40.0,0,I,MELBOURNE_CBD,STREET,1,8.0
27643,8,3,184,2,3,50.0,0,I,MELB_URBAN,DRIVE,12,1.0
27644,4,2,171,5,3,60.0,0,N,MELB_URBAN,STREET,1,21.0
27645,1,2,121,2,3,60.0,0,I,MELB_URBAN,ROAD,1,21.0
27646,4,2,173,5,2,110.0,0,N,RURAL_VICTORIA,FREEWAY,1,6.0
27647,4,1,173,2,2,50.0,0,I,MELB_URBAN,STREET,1,20.0
27648,1,7,99,5,1,60.0,0,N,MELB_URBAN,ROAD,12,15.0
27649,1,3,113,2,1,50.0,0,I,RURAL_VICTORIA,STREET,1,8.0
27650,4,3,171,5,1,50.0,0,N,MELB_URBAN,OTHER,1,8.0
27651,2,5,99,5,1,60.0,0,N,TOWNS,AVENUE,12,11.0
27652,3,1,167,5,1,100.0,0,N,RURAL_VICTORIA,HIGHWAY,12,19.0
27653,4,4,171,5,2,100.0,0,N,RURAL_VICTORIA,HIGHWAY,11,7.0
27654,1,7,130,1,1,50.0,0,I,SMALL_CITIES,STREET,12,14.0
27655,1,1,99,5,1,80.0,0,N,TOWNS,ROAD,1,12.0
27656,1,4,132,5,2,60.0,0,N,SMALL_CITIES,ROAD,12,19.0
27657,1,3,130,2,1,70.0,0,I,MELB_URBAN,ROAD,1,7.0
27658,4,3,171,2,1,100.0,0,N,RURAL_VICTORIA,HIGHWAY,1,9.0
27659,4,3,183,5,1,100.0,0,N,RURAL_VICTORIA,ROAD,1,11.0
27660,1,3,110,1,1,60.0,0,I,SMALL_CITIES,STREET,1,11.0
27661,3,5,167,5,2,100.0,0,N,RURAL_VICTORIA,HIGHWAY,12,5.0
27662,1,3,132,5,1,80.0,0,N,RURAL_VICTORIA,ROAD,1,10.0
27663,6,3,174,2,1,100.0,0,I,RURAL_VICTORIA,HIGHWAY,1,16.0
27664,1,3,121,1,1,80.0,0,N,MELB_URBAN,ROAD,1,15.0
27665,1,3,120,5,1,80.0,0,N,SMALL_CITIES,OTHER,1,13.0
27666,1,7,130,3,1,50.0,0,I,SMALL_CITIES,ROAD,12,18.0
27667,1,3,140,5,1,50.0,0,N,MELB_URBAN,STREET,1,15.0
27668,1,3,130,5,1,80.0,0,N,MELB_URBAN,ROAD,1,16.0
27669,1,3,120,5,1,80.0,0,N,RURAL_VICTORIA,ROAD,1,16.0
27670,1,6,130,2,1,80.0,0,N,MELB_URBAN,STREET,12,17.0
27671,1,3,132,5,1,50.0,0,N,MELB_URBAN,ROAD,1,18.0
27672,1,4,147,5,1,100.0,0,N,RURAL_VICTORIA,ROAD,12,16.0
27673,6,3,174,2,2,70.0,0,I,MELB_URBAN,ROAD,1,19.0
27674,1,3,121,2,9,40.0,0,I,MELB_URBAN,STREET,1,17.0
27675,4,3,183,2,1,50.0,0,N,MELB_URBAN,DRIVE,1,15.0
27676,4,3,171,4,1,80.0,0,N,MELB_URBAN,ROAD,1,20.0
27677,4,4,183,5,1,60.0,0,N,MELB_URBAN,DRIVE,11,17.0
27678,1,4,99,1,6,60.0,0,I,MELB_URBAN,ROAD,1,5.0
27679,8,3,174,5,1,60.0,0,N,MELB_URBAN,STREET,1,8.0
27680,1,3,110,1,1,60.0,0,I,LARGE_PROVINCIAL_CITIES,STREET,1,8.0
27681,8,3,174,5,1,60.0,0,N,MELB_URBAN,STREET,1,15.0
27682,1,3,99,2,6,60.0,0,I,MELB_URBAN,DRIVE,12,22.0
27683,1,2,135,5,1,60.0,0,N,MELB_URBAN,HIGHWAY,1,15.0
27684,8,2,174,5,1,50.0,0,N,SMALL_CITIES,STREET,11,8.0
27685,4,4,173,5,1,60.0,0,N,SMALL_CITIES,HIGHWAY,1,11.0
27686,1,6,130,4,9,60.0,0,I,MELB_URBAN,ROAD,1,16.0
27687,1,7,130,5,1,60.0,0,N,MELB_URBAN,STREET,11,12.0
27688,1,3,130,5,1,70.0,0,N,MELB_URBAN,ROAD,10,16.0
27689,1,4,147,5,1,50.0,0,N,TOWNS,ROAD,1,11.0
27690,6,1,174,5,2,40.0,0,N,MELB_URBAN,AVENUE,12,20.0
27691,1,7,160,5,2,60.0,0,N,SMALL_CITIES,ROAD,1,19.0
27692,1,5,130,5,6,100.0,0,N,MELB_URBAN,FREEWAY,11,23.0
27693,1,4,130,1,1,80.0,0,I,MELB_URBAN,BOULEVARD,1,12.0
27694,1,4,113,2,1,60.0,0,I,LARGE_PROVINCIAL_CITIES,ROAD,1,12.0
27695,1,4,113,2,1,60.0,0,I,MELB_URBAN,STREET,1,13.0
27696,8,1,99,5,2,70.0,0,N,RURAL_VICTORIA,ROAD,7,16.0
27697,1,4,121,2,1,60.0,0,I,MELB_URBAN,ROAD,1,13.0
27698,1,4,110,1,1,60.0,0,I,TOWNS,STREET,1,14.0
27699,1,3,130,2,1,60.0,0,I,MELB_URBAN,ROAD,1,17.0
27700,4,4,99,2,1,60.0,0,I,MELB_URBAN,OTHER,1,15.0
27701,6,7,174,5,9,60.0,0,N,RURAL_VICTORIA,OTHER,11,7.0
27702,4,6,173,5,6,50.0,0,N,MELB_URBAN,OTHER,12,23.0
27703,1,4,121,1,1,50.0,0,I,MELB_URBAN,DRIVE,1,14.0
27704,4,6,183,2,1,60.0,0,N,RURAL_VICTORIA,ROAD,1,17.0
27705,6,4,99,5,1,100.0,0,N,RURAL_VICTORIA,HIGHWAY,1,15.0
27706,1,4,140,5,1,80.0,0,N,MELB_URBAN,HIGHWAY,1,16.0
27707,5,4,99,5,1,80.0,0,N,RURAL_VICTORIA,ROAD,1,13.0
27708,1,4,140,2,1,80.0,0,N,RURAL_VICTORIA,ROAD,1,16.0