,accident_type,day_of_week,dca_code,road_geometry,light_condition,speed_zone,severity,node_type,deg_urban_name,road_type,month,hour
27709,1,1,99,2,2,40.0,0,I,MELB_URBAN,ROAD,1,21.0
27710,1,4,120,5,1,60.0,1,N,TOWNS,ROAD,1,15.0
27711,4,6,181,4,3,50.0,0,I,MELB_URBAN,UNKNOWN,11,2.0
27712,9,4,99,2,2,50.0,0,I,MELB_URBAN,UNKNOWN,1,19.0
27713,1,4,121,1,3,60.0,0,I,MELB_URBAN,ROAD,8,22.0
27714,4,3,173,5,1,100.0,0,N,RURAL_VICTORIA,ROAD,12,12.0
27715,1,4,121,2,2,60.0,0,I,MELB_URBAN,ROAD,1,20.0
27716,2,7,102,5,1,50.0,0,N,MELB_URBAN,STREET,1,15.0
27717,1,4,140,4,1,80.0,0,N,MELB_URBAN,ROAD,1,15.0
27718,4,4,173,5,5,100.0,0,N,RURAL_VICTORIA,HIGHWAY,1,22.0
27719,1,4,120,5,3,70.0,1,N,MELB_URBAN,HIGHWAY,1,22.0
27720,1,6,135,5,1,80.0,0,N,MELB_URBAN,HIGHWAY,12,14.0
27721,2,5,99,5,1,40.0,0,N,MELB_URBAN,STREET,12,13.0
27722,4,4,173,5,1,100.0,0,N,RURAL_VICTORIA,ROAD,1,14.0
27723,4,5,183,5,1,100.0,0,N,RURAL_VICTORIA,ROAD,1,7.0
27724,1,5,121,2,1,60.0,0,I,MELB_URBAN,ROAD,1,7.0
27725,6,2,99,5,1,100.0,0,N,RURAL_VICTORIA,ROAD,12,16.0
27726,6,3,99,2,1,100.0,0,I,RURAL_VICTORIA,ROAD,1,9.0
27727,1,5,130,5,2,60.0,0,N,MELB_URBAN,ROAD,12,17.0
27728,2,5,99,5,1,50.0,0,N,MELB_URBAN,STREET,1,11.0
27729,2,5,102,5,1,40.0,0,N,MELB_URBAN,PARADE,1,7.0
27730,6,4,174,2,3,60.0,0,I,MELB_URBAN,ROAD,12,21.0
27731,8,4,99,2,2,50.0,0,I,MELB_URBAN,STREET,1,20.0
27732,4,5,181,5,1,100.0,0,N,RURAL_VICTORIA,HIGHWAY,1,12.0
27733,1,4,130,1,1,60.0,0,I,MELB_URBAN,STREET,12,16.0
27734,1,5,121,2,1,80.0,0,I,MELB_URBAN,DRIVE,1,10.0
27735,1,5,113,2,1,60.0,0,I,MELB_URBAN,ROAD,1,13.0
27736,8,5,170,1,1,60.0,0,I,MELBOURNE_CBD,STREET,1,19.0
27737,1,4,163,1,9,40.0,0,I,MELB_URBAN,ROAD,1,17.0
27738,8,3,184,5,1,100.0,0,N,RURAL_VICTORIA,ROAD,1,10.0
27739,4,5,171,1,1,80.0,0,I,MELB_URBAN,ROAD,1,13.0
27740,4,5,171,5,1,80.0,0,N,MELB_URBAN,HIGHWAY,1,15.0
27741,1,5,110,1,1,60.0,0,I,MELB_URBAN,STREET,1,12.0
27742,1,5,135,5,1,80.0,0,N,MELB_URBAN,UNKNOWN,1,17.0
27743,8,5,174,5,1,50.0,0,N,SMALL_CITIES,AVENUE,1,17.0
27744,1,5,130,2,1,70.0,0,I,MELB_URBAN,STREET,1,16.0
27745,1,4,163,5,1,60.0,0,N,MELB_URBAN,STREET,1,17.0
27746,6,5,99,5,1,100.0,0,N,LARGE_PROVINCIAL_CITIES,ROAD,1,15.0
27747,1,5,99,5,1,40.0,0,N,MELBOURNE_CBD,STREET,1,15.0
27748,1,5,160,1,1,40.0,0,I,MELBOURNE_CBD,STREET,1,16.0
27749,1,5,113,2,1,50.0,0,I,MELB_URBAN,STREET,1,17.0
27750,8,4,170,5,1,100.0,0,N,MELB_URBAN,FREEWAY,1,15.0
27751,4,5,183,5,1,110.0,0,N,RURAL_VICTORIA,FREEWAY,1,15.0
27752,1,4,133,5,9,60.0,0,N,MELB_URBAN,ROAD,9,17.0
27753,1,5,130,2,3,60.0,0,N,MELB_URBAN,HIGHWAY,1,21.0
27754,1,6,99,5,1,60.0,0,N,MELB_URBAN,STREET,1,13.0
27755,4,5,171,5,3,60.0,0,N,MELB_URBAN,AVENUE,1,22.0
27756,1,5,130,2,3,60.0,0,I,SMALL_CITIES,ROAD,1,23.0
27757,1,5,130,5,9,60.0,0,N,MELB_URBAN,RAMP,10,18.0
27758,1,4,163,5,1,60.0,0,N,MELB_URBAN,ROAD,1,12.0
27759,1,2,130,5,1,60.0,0,N,MELB_URBAN,RAMP,12,15.0
27760,6,5,99,2,1,100.0,0,I,RURAL_VICTORIA,ROAD,1,15.0
27761,1,6,110,1,1,50.0,0,I,MELB_URBAN,DRIVE,1,7.0
27762,1,6,147,5,1,40.0,0,N,MELB_URBAN,STREET,12,16.0
27763,1,5,130,1,3,70.0,0,I,MELB_URBAN,HIGHWAY,1,21.0
27764,1,6,132,2,1,60.0,0,I,MELB_URBAN,STREET,1,9.0
27765,1,5,130,1,1,60.0,0,I,MELBOURNE_CBD,STREET,1,11.0
27766,7,2,99,2,1,70.0,0,I,MELB_URBAN,ROAD,1,12.0
27767,1,6,140,2,1,60.0,0,I,MELB_URBAN,UNKNOWN,1,10.0
27768,4,6,173,5,1,60.0,0,N,MELB_URBAN,DRIVE,1,8.0
27769,1,3,130,1,1,70.0,0,I,MELB_URBAN,ROAD,1,17.0
27770,4,1,99,5,1,60.0,0,N,RURAL_VICTORIA,ROAD,12,14.0
27771,4,5,181,5,1,100.0,0,N,RURAL_VICTORIA,ROAD,1,16.0
27772,8,7,174,5,1,60.0,0,N,RURAL_VICTORIA,OTHER,1,15.0
27773,1,6,110,1,1,60.0,0,I,SMALL_CITIES,STREET,1,9.0
27774,1,6,130,2,1,70.0,0,I,MELB_URBAN,OTHER,1,11.0
27775,1,6,113,2,1,60.0,0,I,MELB_URBAN,ROAD,1,12.0
27776,2,6,102,5,1,60.0,0,N,MELB_URBAN,ROAD,1,12.0
27777,1,6,130,5,1,100.0,0,N,MELB_URBAN,ROAD,1,10.0
27778,8,3,174,5,1,50.0,0,N,MELB_URBAN,DRIVE,12,16.0
27779,1,6,120,1,1,60.0,0,I,MELB_URBAN,ROAD,1,10.0
27780,4,3,173,5,1,100.0,0,N,RURAL_VICTORIA,ROAD,1,13.0
27781,1,6,99,5,1,80.0,0,N,RURAL_VICTORIA,ROAD,1,15.0
27782,1,6,99,2,1,100.0,0,N,RURAL_VICTORIA,ROAD,1,14.0
27783,2,6,102,5,1,80.0,0,N,MELB_URBAN,ROAD,1,16.0
27784,1,7,130,1,6,80.0,0,I,RURAL_VICTORIA,ROAD,12,23.0
27785,2,6,100,2,1,70.0,0,I,MELB_URBAN,STREET,1,17.0
27786,1,6,160,5,1,60.0,0,N,MELB_URBAN,ROAD,1,15.0
27787,1,5,130,5,1,80.0,0,N,TOWNS,ROAD,1,16.0
27788,1,6,120,5,1,100.0,0,N,RURAL_VICTORIA,ROAD,1,12.0
27789,2,6,102,5,1,50.0,0,N,MELB_URBAN,ROAD,1,19.0
27790,1,6,116,2,1,100.0,0,N,MELB_URBAN,ROAD,1,18.0
27791,1,6,130,5,1,60.0,0,N,SMALL_CITIES,STREET,1,15.0
27792,8,6,174,5,1,80.0,0,N,MELB_URBAN,FREEWAY,1,17.0
27793,1,6,132,5,1,50.0,0,N,MELB_URBAN,STREET,1,16.0
27794,1,6,99,5,2,50.0,0,N,MELB_URBAN,DRIVE,1,20.0
27795,6,6,174,4,1,50.0,0,N,SMALL_CITIES,STREET,1,11.0
27796,7,5,99,5,3,50.0,0,N,TOWNS,DRIVE,1,21.0
27797,1,6,132,5,5,60.0,0,N,MELB_URBAN,STREET,1,22.0
27798,1,6,121,2,3,80.0,0,I,MELB_URBAN,ROAD,1,22.0
27799,1,6,160,5,3,70.0,0,N,MELB_URBAN,ROAD,1,23.0
27800,4,7,171,2,3,50.0,0,I,MELB_URBAN,DRIVE,1,3.0
27801,1,5,99,1,1,80.0,0,I,MELB_URBAN,ROAD,1,18.0
27802,1,6,130,1,1,60.0,0,I,MELB_URBAN,ROAD,1,17.0
27803,1,7,110,1,1,60.0,0,I,MELB_URBAN,STREET,1,11.0
27804,6,7,99,5,5,100.0,0,N,RURAL_VICTORIA,ROAD,1,3.0
27805,1,7,110,1,1,50.0,0,I,MELB_URBAN,UNKNOWN,1,12.0
27806,4,6,171,1,3,80.0,0,I,MELB_URBAN,ROAD,1,23.0
27807,6,7,170,5,1,110.0,0,N,RURAL_VICTORIA,FREEWAY,1,12.0
27808,5,7,99,2,1,80.0,0,I,RURAL_VICTORIA,ROAD,1,12.0
27809,1,5,133,5,1,100.0,0,N,RURAL_VICTORIA,ROAD,1,13.0
27810,1,6,99,1,1,40.0,0,I,MELB_URBAN,STREET,1,10.0
27811,1,7,116,1,1,60.0,0,I,MELB_URBAN,ROAD,1,14.0
27812,1,7,110,1,1,100.0,0,I,RURAL_VICTORIA,ROAD,1,12.0
27813,1,7,140,5,1,100.0,0,N,RURAL_VICTORIA,ROAD,1,12.0
27814,4,2,171,5,9,60.0,0,I,MELB_URBAN,OTHER,12,9.0
27815,1,7,130,1,1,60.0,0,I,MELB_URBAN,STREET,1,13.0
27816,4,7,173,5,1,60.0,0,N,MELB_URBAN,ROAD,1,16.0
27817,4,7,173,5,1,100.0,0,N,RURAL_VICTORIA,ROAD,1,16.0
27818,1,7,113,2,1,100.0,0,I,TOWNS,ROAD,1,16.0
27819,1,7,147,5,1,50.0,0,N,SMALL_CITIES,STREET,1,15.0
27820,4,7,181,5,1,100.0,0,N,RURAL_VICTORIA,ROAD,1,14.0
27821,1,7,121,2,1,60.0,0,I,MELB_URBAN,BOULEVARD,1,17.0
27822,2,7,99,3,1,60.0,0,I,MELB_URBAN,ROAD,1,16.0
27823,1,4,113,1,1,100.0,0,I,RURAL_VICTORIA,HIGHWAY,11,11.0
27824,8,7,99,2,1,60.0,0,I,RURAL_VICTORIA,ROAD,1,9.0
27825,2,7,99,5,1,50.0,0,N,MELB_URBAN,ROAD,1,14.0
27826,1,7,121,2,1,60.0,0,I,MELB_URBAN,ROAD,1,16.0
27827,4,7,171,5,2,100.0,0,N,RURAL_VICTORIA,ROAD,1,20.0
27828,1,7,130,2,1,70.0,0,I,MELB_URBAN,ROAD,1,17.0
27829,2,7,100,1,2,80.0,0,I,MELB_URBAN,ROAD,1,20.0
27830,4,7,183,5,2,100.0,0,N,RURAL_VICTORIA,ROAD,1,19.0
27831,4,7,173,2,2,50.0,0,I,MELB_URBAN,STREET,1,17.0
27832,4,7,183,2,2,100.0,0,I,RURAL_VICTORIA,ROAD,1,19.0
27833,4,7,173,5,3,100.0,0,N,MELB_URBAN,FREEWAY,1,3.0
27834,6,7,99,5,1,60.0,0,N,RURAL_VICTORIA,ROAD,1,18.0
27835,1,7,130,5,1,60.0,0,N,LARGE_PROVINCIAL_CITIES,ROAD,1,9.0
27836,1,1,160,5,3,60.0,0,N,LARGE_PROVINCIAL_CITIES,ROAD,1,0.0
27837,4,1,173,2,5,50.0,0,I,MELB_URBAN,STREET,1,2.0
27838,1,1,140,2,1,60.0,0,I,LARGE_PROVINCIAL_CITIES,STREET,1,7.0
27839,1,1,111,2,1,80.0,0,I,MELB_URBAN,ROAD,1,9.0
27840,1,1,132,5,1,100.0,0,N,RURAL_VICTORIA,ROAD,1,10.0
27841,1,7,147,5,2,60.0,0,N,MELB_URBAN,ROAD,3,18.0
27842,8,7,174,1,6,60.0,0,I,MELB_URBAN,STREET,5,21.0
27843,1,1,111,1,1,70.0,0,I,MELB_URBAN,ROAD,1,12.0
27844,1,1,116,2,1,80.0,0,I,MELB_URBAN,RAMP,1,14.0
27845,2,1,100,1,1,50.0,0,I,MELB_URBAN,STREET,1,14.0
27846,1,4,130,2,1,80.0,0,I,RURAL_VICTORIA,ROAD,11,16.0
27847,1,1,121,4,1,60.0,0,I,SMALL_CITIES,RAMP,1,14.0
27848,1,1,110,1,1,60.0,0,I,TOWNS,STREET,1,15.0
27849,1,4,130,1,2,80.0,0,I,RURAL_VICTORIA,ROAD,5,16.0
27850,1,1,130,1,1,70.0,0,I,LARGE_PROVINCIAL_CITIES,HIGHWAY,1,16.0
27851,1,7,134,5,1,60.0,0,N,MELB_URBAN,ROAD,1,17.0
27852,4,1,181,2,5,100.0,0,I,RURAL_VICTORIA,HIGHWAY,1,2.0
27853,1,1,120,5,1,100.0,0,N,RURAL_VICTORIA,ROAD,1,14.0
27854,4,1,171,5,1,100.0,0,N,RURAL_VICTORIA,ROAD,1,10.0
27855,1,7,110,1,3,60.0,0,I,MELB_URBAN,ROAD,1,20.0
27856,1,1,120,5,1,100.0,0,N,RURAL_VICTORIA,ROAD,1,16.0
27857,1,1,99,2,1,60.0,0,I,MELB_URBAN,ROAD,1,17.0
27858,4,1,171,5,2,60.0,0,N,MELB_URBAN,ROAD,1,19.0
27859,1,0,111,4,1,60.0,0,I,MELB_URBAN,ROAD,1,16.0
27860,1,1,135,5,2,100.0,0,N,MELB_URBAN,FREEWAY,1,19.0
27861,3,1,167,5,1,100.0,0,N,RURAL_VICTORIA,ROAD,1,18.0
27862,4,1,173,5,2,110.0,0,N,RURAL_VICTORIA,FREEWAY,1,19.0
27863,4,1,171,5,1,100.0,0,N,RURAL_VICTORIA,HIGHWAY,1,16.0
27864,4,1,183,5,1,90.0,0,N,RURAL_VICTORIA,ROAD,1,18.0
27865,2,1,99,5,1,50.0,0,N,MELB_URBAN,AVENUE,1,16.0
27866,1,1,121,2,2,100.0,0,I,MELB_URBAN,ROAD,1,19.0
27867,1,6,130,1,1,60.0,0,I,MELB_URBAN,ROAD,2,13.0
27868,4,1,171,5,3,60.0,0,N,MELB_URBAN,ROAD,1,23.0
27869,2,2,99,2,2,50.0,0,N,MELB_URBAN,OTHER,1,6.0
27870,8,5,184,5,2,100.0,0,N,RURAL_VICTORIA,ROAD,12,19.0
27871,1,2,130,1,1,100.0,0,I,MELB_URBAN,ROAD,1,7.0
27872,1,6,140,5,1,60.0,0,N,MELB_URBAN,ROAD,11,10.0
27873,6,1,174,4,3,60.0,0,I,MELB_URBAN,STREET,12,3.0
27874,3,1,167,5,1,60.0,0,N,RURAL_VICTORIA,ROAD,12,9.0
27875,2,2,102,1,1,40.0,0,I,MELBOURNE_CBD,STREET,1,8.0
27876,2,2,100,5,1,60.0,0,N,MELB_URBAN,ROAD,1,9.0
27877,4,2,173,5,1,100.0,0,N,RURAL_VICTORIA,ROAD,1,9.0
27878,5,1,99,5,1,60.0,0,N,RURAL_VICTORIA,OTHER,1,12.0
27879,2,1,100,1,3,80.0,1,I,MELB_URBAN,ROAD,1,23.0
27880,2,2,100,2,1,60.0,0,I,LARGE_PROVINCIAL_CITIES,ROAD,1,9.0
27881,1,2,120,2,1,100.0,0,I,MELB_URBAN,FREEWAY,1,10.0
27882,8,5,174,5,1,80.0,0,N,TOWNS,ROAD,1,16.0
27883,6,6,99,5,1,80.0,0,N,SMALL_CITIES,OTHER,1,17.0
27884,1,7,130,5,1,70.0,0,N,MELB_URBAN,ROAD,1,13.0
27885,2,2,99,2,1,40.0,0,I,MELB_URBAN,STREET,1,13.0
27886,1,6,130,1,1,80.0,0,I,MELB_URBAN,ROAD,1,16.0
27887,1,2,135,5,1,60.0,0,N,MELB_URBAN,ROAD,1,13.0
27888,8,0,174,5,1,60.0,0,N,RURAL_VICTORIA,ROAD,1,11.0
27889,1,2,135,5,1,100.0,0,N,MELB_URBAN,FREEWAY,1,12.0
27890,2,2,100,2,1,60.0,0,I,MELB_URBAN,ROAD,1,13.0
27891,1,2,160,5,1,50.0,0,N,MELB_URBAN,PARADE,1,13.0
27892,1,2,130,5,1,70.0,0,N,MELB_URBAN,ROAD,1,13.0
27893,1,2,147,2,1,60.0,0,I,SMALL_CITIES,DRIVE,2,17.0
27894,1,5,99,1,1,50.0,0,I,MELB_URBAN,STREET,12,10.0
27895,1,5,130,5,1,60.0,0,N,MELB_URBAN,ROAD,1,13.0
27896,1,2,99,5,2,60.0,0,N,MELB_URBAN,DRIVE,9,17.0
27897,4,6,173,5,5,50.0,0,N,MELB_URBAN,AVENUE,1,23.0
27898,6,2,170,5,1,100.0,1,N,RURAL_VICTORIA,ROAD,1,18.0
27899,1,2,140,5,1,50.0,0,N,TOWNS,STREET,1,14.0
27900,1,2,140,5,1,100.0,0,N,RURAL_VICTORIA,HIGHWAY,1,16.0
27901,1,1,130,1,1,60.0,0,I,MELB_URBAN,PARADE,7,10.0
27902,7,2,99,5,2,110.0,0,N,RURAL_VICTORIA,FREEWAY,1,21.0
27903,1,2,121,2,1,80.0,0,I,MELB_URBAN,ROAD,1,19.0
27904,1,2,130,2,2,60.0,0,I,MELB_URBAN,STREET,1,20.0
27905,1,2,116,2,2,60.0,0,I,TOWNS,STREET,1,20.0
27906,1,2,120,5,3,50.0,0,N,MELB_URBAN,BOULEVARD,1,21.0
27907,1,2,116,2,3,60.0,0,I,MELB_URBAN,OTHER,1,22.0
27908,4,2,181,5,5,80.0,0,N,RURAL_VICTORIA,STREET,1,22.0
27909,4,3,171,5,3,60.0,0,N,MELB_URBAN,BOULEVARD,1,0.0
27910,1,2,110,1,3,70.0,0,I,MELB_URBAN,ROAD,1,23.0
27911,1,3,121,2,2,50.0,0,I,LARGE_PROVINCIAL_CITIES,ROAD,1,6.0
27912,1,3,120,5,1,40.0,0,N,MELBOURNE_CBD,STREET,1,8.0
27913,1,3,99,1,1,70.0,0,I,MELB_URBAN,HIGHWAY,1,8.0
27914,4,3,171,5,1,100.0,0,N,RURAL_VICTORIA,ROAD,1,7.0
27915,4,3,181,5,4,100.0,0,N,RURAL_VICTORIA,HIGHWAY,1,5.0
27916,6,2,99,5,1,100.0,0,N,RURAL_VICTORIA,HIGHWAY,1,13.0
27917,8,5,174,5,1,60.0,0,N,SMALL_TOWNS,ROAD,1,11.0
27918,2,3,100,5,6,50.0,0,N,TOWNS,STREET,7,18.0
27919,1,3,135,2,1,80.0,0,I,MELB_URBAN,HIGHWAY,1,10.0
27920,1,3,133,5,2,60.0,0,N,MELB_URBAN,ROAD,1,6.0
27921,1,3,113,2,1,40.0,0,I,SMALL_CITIES,ROAD,1,10.0
27922,4,3,183,5,1,100.0,0,N,RURAL_VICTORIA,ROAD,1,12.0
27923,1,7,130,5,1,60.0,0,N,MELB_URBAN,AVENUE,1,12.0
27924,6,1,184,5,1,80.0,0,N,RURAL_VICTORIA,ROAD,1,18.0
27925,1,3,130,5,1,60.0,0,N,MELB_URBAN,ROAD,1,14.0
27926,4,3,171,5,1,100.0,1,N,RURAL_VICTORIA,ROAD,1,11.0
27927,1,2,140,5,1,70.0,0,N,MELB_URBAN,ROAD,1,18.0
27928,4,3,171,5,1,60.0,0,N,MELB_URBAN,ROAD,1,13.0
27929,1,3,120,5,1,100.0,0,N,RURAL_VICTORIA,ROAD,1,14.0
27930,1,3,130,5,1,80.0,0,N,MELB_URBAN,OTHER,1,13.0
27931,8,5,174,5,1,60.0,0,N,RURAL_VICTORIA,OTHER,12,14.0
27932,4,3,183,5,1,100.0,0,N,RURAL_VICTORIA,ROAD,1,17.0
27933,4,3,171,5,1,100.0,0,N,RURAL_VICTORIA,ROAD,1,17.0
27934,1,3,140,5,2,80.0,0,N,MELB_URBAN,HIGHWAY,1,5.0
27935,1,3,121,1,1,60.0,0,I,MELB_URBAN,STREET,1,18.0
27936,1,3,147,5,1,50.0,0,N,TOWNS,ROAD,1,15.0
27937,1,3,121,2,1,60.0,0,I,MELB_URBAN,DRIVE,1,17.0
27938,4,3,173,5,1,80.0,0,N,LARGE_PROVINCIAL_CITIES,ROAD,1,15.0
27939,4,3,181,5,3,60.0,0,N,TOWNS,ROAD,1,23.0
27940,4,4,181,2,3,80.0,0,I,MELB_URBAN,ROAD,1,3.0
27941,1,4,110,1,1,60.0,0,I,LARGE_PROVINCIAL_CITIES,STREET,1,7.0
27942,1,1,110,1,1,60.0,0,I,MELB_URBAN,ROAD,12,13.0
27943,6,5,99,5,1,70.0,0,N,RURAL_VICTORIA,ROAD,1,11.0
27944,1,4,99,2,2,60.0,0,I,MELB_URBAN,ROAD,3,7.0
27945,8,4,174,5,1,70.0,0,N,MELB_URBAN,ROAD,1,8.0
27946,4,4,171,5,1,70.0,0,N,RURAL_VICTORIA,ROAD,1,11.0
27947,1,2,163,2,1,60.0,0,I,MELB_URBAN,OTHER,1,16.0
27948,1,7,160,5,1,70.0,0,N,MELB_URBAN,ROAD,1,14.0
27949,4,2,173,5,1,60.0,0,N,SMALL_CITIES,ROAD,1,13.0
27950,4,4,173,5,1,70.0,0,N,RURAL_VICTORIA,ROAD,1,10.0
27951,4,3,171,5,5,60.0,0,N,RURAL_VICTORIA,ROAD,1,21.0
27952,1,4,120,5,1,100.0,0,N,RURAL_VICTORIA,ROAD,1,7.0
27953,1,3,163,5,1,60.0,0,N,MELB_URBAN,STREET,1,16.0
27954,4,4,173,5,1,100.0,0,N,RURAL_VICTORIA,ROAD,1,11.0
27955,1,5,111,1,1,80.0,0,I,MELB_URBAN,AVENUE,12,14.0
27956,1,4,130,5,1,60.0,0,N,MELB_URBAN,STREET,1,15.0
27957,8,4,174,5,1,40.0,0,N,MELBOURNE_CBD,STREET,1,8.0
27958,8,1,174,5,1,100.0,0,N,RURAL_VICTORIA,ROAD,12,14.0
27959,4,4,173,5,5,50.0,0,N,RURAL_VICTORIA,ROAD,1,0.0
27960,1,3,130,5,3,60.0,0,N,MELB_URBAN,DRIVE,1,22.0
27961,1,3,99,5,3,50.0,0,N,MELB_URBAN,ROAD,11,4.0
27962,4,4,171,5,1,100.0,0,N,RURAL_VICTORIA,ROAD,1,16.0
27963,1,3,163,5,1,40.0,0,N,MELBOURNE_CBD,STREET,1,17.0
27964,4,4,181,5,1,80.0,0,N,SMALL_CITIES,HIGHWAY,1,18.0
27965,2,4,99,2,1,60.0,0,I,MELB_URBAN,ROAD,1,17.0
27966,4,4,173,5,1,100.0,0,N,SMALL_TOWNS,DRIVE,1,18.0
27967,1,4,130,5,3,80.0,0,N,MELB_URBAN,FREEWAY,1,23.0
27968,2,4,99,5,3,60.0,0,N,MELB_URBAN,ROAD,1,22.0
27969,1,4,121,2,3,60.0,0,I,MELB_URBAN,ROAD,1,21.0
27970,1,7,130,1,2,60.0,0,I,MELB_URBAN,ROAD,1,20.0
27971,4,5,171,2,3,50.0,0,I,SMALL_CITIES,STREET,1,0.0
27972,1,5,160,2,1,60.0,0,I,MELB_URBAN,STREET,1,7.0
27973,1,3,130,5,1,100.0,0,N,MELB_URBAN,UNKNOWN,1,18.0
27974,7,4,99,1,2,60.0,0,I,LARGE_PROVINCIAL_CITIES,ROAD,10,18.0
27975,1,5,121,2,1,80.0,0,N,TOWNS,STREET,1,8.0
27976,1,5,99,2,1,60.0,0,I,MELB_URBAN,ROAD,1,9.0
27977,1,5,121,2,1,50.0,0,I,MELB_URBAN,ROAD,1,9.0
27978,5,5,99,5,1,100.0,0,N,RURAL_VICTORIA,ROAD,1,8.0
27979,1,4,130,5,1,80.0,0,N,MELB_URBAN,RAMP,1,9.0
27980,4,5,183,5,1,80.0,0,N,RURAL_VICTORIA,HIGHWAY,1,10.0
27981,2,3,100,5,1,60.0,0,N,SMALL_CITIES,STREET,1,16.0
27982,1,5,121,5,1,70.0,0,N,TOWNS,ROAD,1,11.0
27983,8,5,174,5,1,100.0,0,N,RURAL_VICTORIA,OTHER,1,14.0
27984,1,5,121,2,1,60.0,0,I,MELB_URBAN,ROAD,1,10.0
27985,1,4,99,5,1,50.0,0,N,TOWNS,OTHER,1,12.0
27986,1,4,121,2,1,50.0,0,N,MELB_URBAN,STREET,1,18.0
27987,8,5,174,5,1,100.0,0,N,RURAL_VICTORIA,HIGHWAY,1,12.0
27988,7,3,99,5,6,60.0,0,N,MELB_URBAN,ROAD,12,21.0
27989,1,4,147,5,3,60.0,0,N,MELB_URBAN,ROAD,1,22.0
27990,6,4,99,5,1,100.0,0,N,RURAL_VICTORIA,ROAD,1,12.0
27991,1,3,99,1,1,50.0,0,I,SMALL_CITIES,AVENUE,1,9.0
27992,1,5,147,2,1,60.0,0,I,MELB_URBAN,ROAD,1,9.0
27993,1,4,110,1,1,50.0,0,I,SMALL_CITIES,STREET,1,13.0
27994,1,5,163,5,1,40.0,0,N,MELBOURNE_CBD,STREET,1,15.0
27995,1,5,121,1,1,60.0,0,I,LARGE_PROVINCIAL_CITIES,STREET,1,7.0
27996,1,4,130,5,1,40.0,0,N,MELB_URBAN,ROAD,1,8.0
27997,4,5,171,2,1,60.0,0,I,MELB_URBAN,ROAD,1,14.0
27998,1,5,121,1,1,50.0,0,I,MELB_URBAN,ROAD,1,16.0
27999,1,5,110,1,1,80.0,0,I,MELB_URBAN,HIGHWAY,1,17.0
28000,1,5,121,2,1,70.0,0,I,MELB_URBAN,STREET,1,17.0
28001,4,5,171,1,1,80.0,0,I,MELB_URBAN,ROAD,1,17.0
28002,2,5,99,5,1,50.0,0,N,MELB_URBAN,ROAD,1,18.0
28003,2,5,99,2,2,50.0,0,I,MELB_URBAN,STREET,1,19.0
28004,4,5,173,5,1,100.0,0,N,RURAL_VICTORIA,HIGHWAY,1,16.0
28005,1,3,121,2,1,50.0,0,I,MELB_URBAN,STREET,12,16.0
28006,6,5,99,5,1,100.0,0,N,RURAL_VICTORIA,ROAD,1,18.0
28007,1,5,135,5,1,100.0,0,N,MELB_URBAN,FREEWAY,1,15.0
28008,2,6,100,2,9,50.0,0,I,MELB_URBAN,STREET,8,18.0
28009,4,5,173,5,1,100.0,1,N,RURAL_VICTORIA,ROAD,1,15.0
28010,4,6,171,2,6,70.0,0,I,MELB_URBAN,ROAD,1,1.0
28011,4,6,181,5,5,80.0,0,N,RURAL_VICTORIA,ROAD,1,0.0
28012,4,6,171,5,3,50.0,0,N,LARGE_PROVINCIAL_CITIES,AVENUE,1,4.0
28013,4,6,173,5,5,60.0,0,N,MELB_URBAN,ROAD,1,4.0
28014,1,1,121,4,1,60.0,0,I,MELB_URBAN,ROAD,9,8.0
28015,1,6,130,5,2,70.0,0,I,MELB_URBAN,STREET,1,5.0
28016,4,6,173,2,2,50.0,0,I,MELB_URBAN,DRIVE,1,7.0
28017,4,6,173,2,3,60.0,0,I,MELB_URBAN,ROAD,1,4.0
28018,4,6,173,5,3,60.0,0,N,MELB_URBAN,DRIVE,1,5.0
28019,1,5,130,5,1,100.0,0,N,MELB_URBAN,FREEWAY,1,14.0
28020,4,6,171,5,1,60.0,0,N,SMALL_CITIES,ROAD,1,8.0
28021,5,5,99,5,1,110.0,0,N,RURAL_VICTORIA,FREEWAY,1,17.0
28022,1,5,130,5,1,80.0,0,N,RURAL_VICTORIA,ROAD,1,18.0
28023,1,4,110,1,1,60.0,0,I,RURAL_VICTORIA,STREET,7,13.0
28024,1,6,130,5,1,80.0,0,N,MELB_URBAN,ROAD,12,7.0
28025,8,6,99,5,1,50.0,0,N,SMALL_CITIES,STREET,1,9.0
28026,1,6,132,2,1,60.0,0,I,MELB_URBAN,ROAD,1,8.0
28027,2,1,102,1,6,80.0,0,I,MELB_URBAN,ROAD,12,2.0
28028,4,1,181,5,1,60.0,0,N,RURAL_VICTORIA,ROAD,1,12.0
28029,4,6,173,5,1,80.0,0,N,MELB_URBAN,FREEWAY,1,11.0
28030,1,6,99,2,1,80.0,0,I,MELB_URBAN,HIGHWAY,1,12.0
28031,4,6,173,1,1,60.0,0,I,RURAL_VICTORIA,ROAD,1,7.0
28032,1,6,110,1,1,60.0,0,I,LARGE_PROVINCIAL_CITIES,STREET,1,14.0
28033,1,6,110,1,1,60.0,0,I,MELB_URBAN,ROAD,1,13.0
28034,6,1,174,5,1,60.0,0,N,RURAL_VICTORIA,ROAD,1,12.0
28035,2,4,99,5,1,50.0,0,N,MELB_URBAN,STREET,1,8.0
28036,4,6,181,5,1,100.0,0,N,RURAL_VICTORIA,ROAD,1,9.0
28037,1,6,113,4,1,50.0,0,I,MELB_URBAN,AVENUE,1,14.0
28038,1,2,99,2,9,60.0,0,I,MELB_URBAN,AVENUE,1,12.0
28039,1,6,120,5,1,100.0,0,N,RURAL_VICTORIA,HIGHWAY,1,11.0