,accident_type,day_of_week,dca_code,road_geometry,light_condition,speed_zone,severity,node_type,deg_urban_name,road_type,month,hour
28040,1,7,163,5,1,40.0,0,N,MELB_URBAN,STREET,1,14.0
28041,1,6,121,1,1,60.0,0,I,MELB_URBAN,HIGHWAY,1,18.0
28042,1,6,110,1,2,50.0,0,I,MELB_URBAN,ROAD,1,20.0
28043,4,6,173,1,1,100.0,0,N,RURAL_VICTORIA,ROAD,1,18.0
28044,8,6,99,5,1,50.0,0,N,MELB_URBAN,BOULEVARD,1,17.0
28045,6,6,184,5,1,100.0,0,N,RURAL_VICTORIA,ROAD,1,17.0
28046,1,6,130,5,1,60.0,0,N,MELB_URBAN,ROAD,1,18.0
28047,4,6,173,5,2,100.0,0,N,RURAL_VICTORIA,ROAD,1,19.0
28048,1,6,110,1,2,50.0,0,I,MELB_URBAN,STREET,1,19.0
28049,1,6,130,1,1,80.0,0,I,MELB_URBAN,HIGHWAY,1,16.0
28050,2,7,100,2,3,40.0,0,I,MELB_URBAN,STREET,1,0.0
28051,2,6,99,5,5,110.0,1,N,RURAL_VICTORIA,FREEWAY,1,21.0
28052,1,6,130,5,1,60.0,0,N,MELB_URBAN,ROAD,1,14.0
28053,4,7,173,5,3,60.0,0,N,SMALL_CITIES,STREET,1,3.0
28054,1,7,121,2,1,60.0,0,I,MELB_URBAN,AVENUE,1,9.0
28055,1,4,99,1,9,60.0,0,I,MELB_URBAN,STREET,7,7.0
28056,1,7,99,5,1,60.0,0,N,MELB_URBAN,HIGHWAY,1,8.0
28057,1,3,121,2,1,60.0,0,I,MELB_URBAN,ROAD,12,8.0
28058,4,6,171,5,2,100.0,0,N,SMALL_TOWNS,STREET,1,19.0
28059,1,6,111,1,1,60.0,0,I,SMALL_CITIES,STREET,1,11.0
28060,4,7,173,2,2,50.0,1,N,MELB_URBAN,ROAD,1,6.0
28061,1,7,121,1,1,60.0,0,I,MELB_URBAN,BOULEVARD,1,9.0
28062,1,7,130,5,1,60.0,0,N,MELB_URBAN,STREET,1,9.0
28063,4,7,173,5,1,50.0,0,N,MELB_URBAN,ROAD,1,11.0
28064,3,5,167,5,1,60.0,0,N,TOWNS,STREET,1,7.0
28065,1,6,135,5,1,60.0,0,N,MELB_URBAN,STREET,1,10.0
28066,1,2,130,2,1,60.0,0,I,MELB_URBAN,ROAD,11,14.0
28067,1,1,99,5,9,100.0,0,N,RURAL_VICTORIA,HIGHWAY,1,14.0
28068,2,7,99,5,3,60.0,0,N,MELB_URBAN,ROAD,12,1.0
28069,1,5,130,2,1,40.0,0,I,MELB_URBAN,STREET,1,18.0
28070,1,7,130,2,1,60.0,0,I,MELB_URBAN,ROAD,1,11.0
28071,1,7,130,2,1,70.0,0,I,MELB_URBAN,FREEWAY,1,14.0
28072,6,7,184,5,1,100.0,0,N,RURAL_VICTORIA,ROAD,1,14.0
28073,1,5,130,2,1,60.0,0,N,MELB_URBAN,DRIVE,11,15.0
28074,1,7,99,5,1,100.0,0,N,RURAL_VICTORIA,ROAD,1,16.0
28075,4,7,181,5,1,100.0,0,N,RURAL_VICTORIA,ROAD,1,15.0
28076,2,3,100,2,1,50.0,0,I,MELB_URBAN,ROAD,1,17.0
28077,8,7,99,5,1,100.0,0,N,RURAL_VICTORIA,ROAD,1,13.0
28078,1,7,99,2,1,60.0,0,I,LARGE_PROVINCIAL_CITIES,STREET,1,17.0
28079,4,6,173,5,2,50.0,0,N,MELB_URBAN,DRIVE,1,20.0
28080,6,6,99,5,1,100.0,0,N,RURAL_VICTORIA,ROAD,1,14.0
28081,2,1,102,1,3,60.0,0,I,MELB_URBAN,ROAD,1,3.0
28082,1,1,130,1,3,60.0,0,I,LARGE_PROVINCIAL_CITIES,STREET,1,1.0
28083,2,1,99,5,3,60.0,0,N,MELB_URBAN,PARADE,1,2.0
28084,4,7,171,5,2,70.0,0,N,MELB_URBAN,ROAD,1,19.0
28085,1,7,130,5,1,60.0,0,N,MELB_URBAN,OTHER,1,14.0
28086,8,1,184,5,1,50.0,0,N,MELB_URBAN,ROAD,1,8.0
28087,5,7,99,5,2,100.0,0,N,RURAL_VICTORIA,ROAD,1,19.0
28088,6,1,99,5,1,100.0,0,N,RURAL_VICTORIA,ROAD,1,8.0
28089,2,1,99,5,6,60.0,0,N,MELB_URBAN,STREET,1,1.0
28090,4,1,181,5,1,70.0,0,N,RURAL_VICTORIA,ROAD,1,10.0
28091,1,2,130,2,1,60.0,0,I,MELB_URBAN,ROAD,10,16.0
28092,1,1,99,2,1,60.0,0,I,MELB_URBAN,ROAD,1,15.0
28093,1,1,130,5,1,60.0,0,N,MELB_URBAN,DRIVE,1,14.0
28094,1,1,99,5,1,60.0,0,N,MELB_URBAN,ROAD,1,15.0
28095,6,1,99,5,1,100.0,0,N,RURAL_VICTORIA,ROAD,1,15.0
28096,1,1,160,5,1,50.0,1,N,MELB_URBAN,AVENUE,1,15.0
28097,1,5,132,5,5,100.0,0,N,RURAL_VICTORIA,ROAD,1,21.0
28098,4,1,181,5,1,100.0,0,N,RURAL_VICTORIA,ROAD,1,12.0
28099,4,1,171,5,1,50.0,0,N,MELB_URBAN,OTHER,1,16.0
28100,2,1,102,5,1,60.0,0,N,MELB_URBAN,HIGHWAY,1,17.0
28101,1,1,120,5,1,100.0,0,N,RURAL_VICTORIA,ROAD,1,15.0
28102,2,6,100,1,3,60.0,0,I,MELB_URBAN,STREET,1,0.0
28103,2,5,99,5,1,60.0,0,N,MELB_URBAN,STREET,1,16.0
28104,4,1,173,5,1,60.0,0,N,RURAL_VICTORIA,OTHER,1,18.0
28105,1,1,99,1,3,60.0,0,I,MELB_URBAN,STREET,1,23.0
28106,2,1,102,2,3,60.0,0,N,MELB_URBAN,ROAD,1,22.0
28107,4,2,171,5,3,50.0,0,N,MELB_URBAN,STREET,1,0.0
28108,2,1,100,1,3,50.0,0,I,SMALL_CITIES,STREET,1,4.0
28109,4,1,173,5,2,100.0,0,N,RURAL_VICTORIA,HIGHWAY,1,19.0
28110,2,4,99,2,1,60.0,0,I,MELB_URBAN,ROAD,1,16.0
28111,1,3,121,1,1,60.0,0,I,MELB_URBAN,ROAD,12,17.0
28112,1,2,163,5,1,40.0,0,N,MELB_URBAN,STREET,1,9.0
28113,4,2,171,2,1,60.0,0,I,LARGE_PROVINCIAL_CITIES,DRIVE,1,8.0
28114,1,5,120,5,1,100.0,0,N,RURAL_VICTORIA,OTHER,1,12.0
28115,1,2,130,5,1,80.0,0,N,MELB_URBAN,HIGHWAY,1,11.0
28116,1,7,130,1,2,80.0,0,I,MELB_URBAN,ROAD,11,20.0
28117,1,2,110,1,1,60.0,0,I,MELB_URBAN,ROAD,1,11.0
28118,1,1,99,5,1,80.0,0,N,RURAL_VICTORIA,ROAD,12,17.0
28119,1,2,121,2,1,60.0,0,I,MELB_URBAN,STREET,1,12.0
28120,2,2,99,5,1,60.0,0,N,LARGE_PROVINCIAL_CITIES,STREET,1,11.0
28121,1,7,130,5,1,60.0,0,N,MELB_URBAN,ROAD,1,17.0
28122,4,2,181,5,1,80.0,0,N,RURAL_VICTORIA,ROAD,1,10.0
28123,1,5,130,2,1,60.0,0,I,MELB_URBAN,ROAD,9,8.0
28124,1,4,135,5,1,80.0,0,N,MELB_URBAN,UNKNOWN,1,18.0
28125,1,2,147,5,1,50.0,0,N,MELB_URBAN,STREET,1,9.0
28126,1,2,147,5,1,50.0,0,N,MELB_URBAN,ROAD,1,14.0
28127,5,0,173,5,1,50.0,0,N,MELB_URBAN,ROAD,1,18.0
28128,1,2,130,2,1,60.0,0,I,MELB_URBAN,ROAD,1,15.0
28129,1,2,121,1,1,50.0,0,I,MELB_URBAN,ROAD,1,14.0
28130,1,1,120,5,1,50.0,0,N,MELB_URBAN,STREET,1,17.0
28131,1,1,110,1,3,80.0,0,I,MELB_URBAN,ROAD,1,23.0
28132,1,2,130,1,1,60.0,0,I,MELB_URBAN,ROAD,1,15.0
28133,1,1,121,1,1,50.0,0,I,MELB_URBAN,STREET,1,10.0
28134,1,1,121,2,1,60.0,0,I,MELB_URBAN,ROAD,1,17.0
28135,1,2,130,1,1,60.0,0,I,MELB_URBAN,STREET,1,18.0
28136,1,2,99,1,2,60.0,0,I,MELB_URBAN,ROAD,1,19.0
28137,1,4,130,5,1,80.0,0,N,MELB_URBAN,ROAD,1,8.0
28138,1,2,113,4,2,70.0,0,I,LARGE_PROVINCIAL_CITIES,ROAD,1,19.0
28139,1,2,130,5,1,80.0,0,N,MELB_URBAN,UNKNOWN,1,17.0
28140,1,6,120,5,1,100.0,0,N,RURAL_VICTORIA,ROAD,1,15.0
28141,1,2,111,2,1,70.0,0,I,MELB_URBAN,ROAD,1,15.0
28142,1,3,110,1,1,50.0,0,I,SMALL_CITIES,STREET,12,14.0
28143,1,5,121,2,1,60.0,0,I,MELB_URBAN,ROAD,1,7.0
28144,1,5,130,2,1,60.0,0,I,MELB_URBAN,ROAD,1,11.0
28145,1,1,121,4,3,60.0,0,I,MELB_URBAN,ROAD,1,22.0
28146,1,2,116,2,3,60.0,0,I,MELB_URBAN,ROAD,1,1.0
28147,4,1,173,5,5,60.0,0,N,MELB_URBAN,ROAD,1,2.0
28148,4,2,171,5,3,60.0,0,N,MELB_URBAN,ROAD,1,23.0
28149,1,6,99,5,1,40.0,0,N,MELB_URBAN,ROAD,1,8.0
28150,4,2,171,5,3,80.0,0,N,MELB_URBAN,HIGHWAY,1,23.0
28151,1,4,130,1,9,60.0,0,I,MELB_URBAN,ROAD,12,10.0
28152,1,1,130,5,1,80.0,0,N,MELB_URBAN,FREEWAY,1,8.0
28153,1,3,135,2,1,60.0,0,I,MELB_URBAN,PARADE,1,7.0
28154,1,3,99,1,1,50.0,0,I,MELBOURNE_CBD,OTHER,1,7.0
28155,1,4,120,5,1,100.0,0,N,RURAL_VICTORIA,ROAD,9,9.0
28156,1,3,130,1,1,80.0,0,I,MELB_URBAN,ROAD,1,8.0
28157,1,3,121,2,1,100.0,0,I,MELB_URBAN,ROAD,1,9.0
28158,8,6,184,9,1,60.0,0,N,RURAL_VICTORIA,OTHER,1,12.0
28159,2,3,99,2,1,50.0,0,I,SMALL_CITIES,OTHER,1,9.0
28160,8,1,174,1,1,60.0,0,I,RURAL_VICTORIA,ROAD,1,12.0
28161,4,4,173,4,1,80.0,0,N,SMALL_CITIES,ROAD,11,12.0
28162,4,2,171,5,3,60.0,0,N,RURAL_VICTORIA,ROAD,1,19.0
28163,1,3,121,1,1,60.0,0,I,MELB_URBAN,STREET,1,11.0
28164,1,3,130,5,1,110.0,0,N,RURAL_VICTORIA,FREEWAY,1,12.0
28165,7,7,99,5,3,60.0,0,N,MELB_URBAN,STREET,1,23.0
28166,1,4,116,2,1,40.0,0,I,MELB_URBAN,STREET,1,9.0
28167,6,3,99,5,1,110.0,0,N,RURAL_VICTORIA,FREEWAY,1,9.0
28168,1,3,121,4,1,80.0,0,I,MELB_URBAN,ROAD,12,18.0
28169,2,3,100,5,1,50.0,0,N,SMALL_CITIES,STREET,1,14.0
28170,8,5,99,5,1,60.0,0,N,RURAL_VICTORIA,OTHER,1,14.0
28171,4,1,173,5,1,70.0,0,N,MELB_URBAN,ROAD,1,12.0
28172,6,3,99,5,1,60.0,0,N,SMALL_TOWNS,ROAD,1,14.0
28173,1,3,140,5,1,50.0,0,N,MELB_URBAN,STREET,1,17.0
28174,1,3,121,1,1,60.0,0,I,MELB_URBAN,HIGHWAY,1,18.0
28175,5,2,99,5,1,100.0,0,N,RURAL_VICTORIA,ROAD,1,12.0
28176,2,3,99,5,1,40.0,0,N,MELB_URBAN,PARADE,1,13.0
28177,1,3,99,1,1,40.0,1,I,MELB_URBAN,STREET,1,16.0
28178,1,3,121,1,2,60.0,0,I,MELB_URBAN,STREET,1,21.0
28179,1,3,130,5,3,60.0,0,N,MELB_URBAN,ROAD,1,0.0
28180,1,3,140,1,3,50.0,0,I,MELB_URBAN,AVENUE,1,23.0
28181,4,3,181,5,3,60.0,0,N,MELB_URBAN,OTHER,1,23.0
28182,2,4,100,2,1,50.0,0,I,MELB_URBAN,ROAD,1,7.0
28183,4,4,171,5,6,100.0,0,N,RURAL_VICTORIA,HIGHWAY,1,0.0
28184,8,3,174,5,1,100.0,0,N,RURAL_VICTORIA,ROAD,1,15.0
28185,1,4,147,5,1,50.0,0,N,MELB_URBAN,ROAD,1,10.0
28186,1,4,116,2,1,70.0,0,I,MELB_URBAN,ROAD,1,11.0
28187,1,4,147,5,1,60.0,0,N,LARGE_PROVINCIAL_CITIES,ROAD,1,7.0
28188,1,4,132,2,1,60.0,0,I,LARGE_PROVINCIAL_CITIES,ROAD,1,12.0
28189,1,4,130,5,1,80.0,0,N,MELB_URBAN,FREEWAY,1,9.0
28190,1,3,99,5,1,100.0,0,N,RURAL_VICTORIA,ROAD,1,15.0
28191,1,4,160,5,1,50.0,0,N,SMALL_TOWNS,STREET,1,12.0
28192,2,4,99,5,1,60.0,0,N,MELB_URBAN,STREET,1,12.0
28193,8,4,184,5,1,80.0,0,N,RURAL_VICTORIA,HIGHWAY,1,13.0
28194,1,4,121,2,1,60.0,0,I,MELB_URBAN,STREET,1,8.0
28195,1,4,121,2,1,80.0,0,I,MELB_URBAN,ROAD,1,8.0
28196,1,3,130,5,1,80.0,0,N,MELB_URBAN,HIGHWAY,1,18.0
28197,1,4,110,1,1,60.0,0,I,TOWNS,ROAD,1,14.0
28198,1,4,140,5,1,50.0,0,N,TOWNS,STREET,1,13.0
28199,2,5,99,5,1,60.0,0,N,MELB_URBAN,STREET,1,11.0
28200,1,4,132,1,1,50.0,0,I,MELB_URBAN,STREET,1,12.0
28201,1,3,163,5,1,60.0,0,N,MELB_URBAN,PARADE,1,7.0
28202,1,4,130,5,1,60.0,0,N,TOWNS,STREET,1,10.0
28203,4,6,181,5,1,100.0,0,N,RURAL_VICTORIA,ROAD,12,10.0
28204,1,4,160,5,1,40.0,0,N,MELB_URBAN,STREET,1,15.0
28205,1,4,110,1,1,50.0,0,I,LARGE_PROVINCIAL_CITIES,STREET,1,17.0
28206,2,4,100,2,2,50.0,0,N,MELB_URBAN,AVENUE,1,18.0
28207,1,4,99,5,1,40.0,0,N,MELBOURNE_CBD,STREET,1,17.0
28208,1,4,130,5,1,80.0,0,N,MELB_URBAN,FREEWAY,1,15.0
28209,8,3,174,1,2,60.0,0,I,RURAL_VICTORIA,DRIVE,12,18.0
28210,1,4,110,1,2,50.0,0,I,MELB_URBAN,STREET,1,20.0
28211,1,4,99,2,1,60.0,0,I,MELB_URBAN,ROAD,1,16.0
28212,1,4,99,5,1,40.0,0,N,MELB_URBAN,ROAD,1,17.0
28213,1,4,130,5,1,100.0,0,N,MELB_URBAN,FREEWAY,1,15.0
28214,6,5,174,2,9,60.0,0,N,MELB_URBAN,ROAD,1,2.0
28215,4,5,171,5,3,60.0,0,N,MELB_URBAN,AVENUE,1,2.0
28216,4,4,183,5,3,50.0,1,N,TOWNS,STREET,1,23.0
28217,4,5,171,1,3,50.0,0,I,MELB_URBAN,STREET,1,3.0
28218,4,5,173,5,5,100.0,1,N,RURAL_VICTORIA,ROAD,1,3.0
28219,1,5,121,2,1,60.0,0,I,MELB_URBAN,STREET,1,7.0
28220,4,5,181,5,5,100.0,0,N,RURAL_VICTORIA,ROAD,1,4.0
28221,1,5,130,5,2,100.0,0,N,MELB_URBAN,FREEWAY,12,17.0
28222,1,5,99,1,1,60.0,0,I,MELB_URBAN,OTHER,1,10.0
28223,1,5,120,1,1,60.0,0,I,MELB_URBAN,ROAD,1,9.0
28224,1,3,99,2,1,60.0,0,I,MELB_URBAN,STREET,1,16.0
28225,1,3,121,1,1,60.0,0,I,MELB_URBAN,ROAD,1,14.0
28226,1,1,132,1,1,60.0,0,I,MELB_URBAN,ROAD,12,16.0
28227,1,2,113,4,1,70.0,0,I,RURAL_VICTORIA,RAMP,1,17.0
28228,1,5,110,1,1,60.0,0,I,MELB_URBAN,STREET,1,8.0
28229,1,7,130,5,1,80.0,0,N,MELB_URBAN,FREEWAY,1,9.0
28230,1,6,130,1,1,50.0,0,I,LARGE_PROVINCIAL_CITIES,STREET,1,14.0
28231,1,4,110,1,2,50.0,0,I,TOWNS,STREET,1,6.0
28232,4,4,181,5,1,100.0,0,N,RURAL_VICTORIA,ROAD,1,18.0
28233,1,5,99,1,1,60.0,0,I,MELB_URBAN,ROAD,1,11.0
28234,1,4,163,5,1,50.0,0,N,MELB_URBAN,STREET,1,19.0
28235,4,5,171,5,1,60.0,0,N,TOWNS,ROAD,1,12.0
28236,1,6,147,5,3,50.0,0,N,MELB_URBAN,ROAD,1,22.0
28237,1,5,134,2,1,80.0,0,I,RURAL_VICTORIA,HIGHWAY,1,14.0
28238,1,4,135,5,1,60.0,0,N,MELB_URBAN,ROAD,1,15.0
28239,1,5,134,5,1,60.0,0,N,MELB_URBAN,ROAD,1,12.0
28240,1,7,130,5,1,100.0,0,N,RURAL_VICTORIA,HIGHWAY,1,17.0
28241,2,4,99,5,1,50.0,0,N,MELB_URBAN,STREET,1,15.0
28242,6,1,174,1,1,60.0,0,I,LARGE_PROVINCIAL_CITIES,STREET,1,7.0
28243,1,5,130,5,1,100.0,0,N,MELB_URBAN,FREEWAY,1,8.0
28244,3,3,167,2,1,100.0,0,N,RURAL_VICTORIA,ROAD,1,11.0
28245,1,5,99,4,1,60.0,0,I,LARGE_PROVINCIAL_CITIES,ROAD,1,12.0
28246,6,4,174,2,1,70.0,0,I,LARGE_PROVINCIAL_CITIES,ROAD,1,13.0
28247,1,5,130,5,1,60.0,0,N,RURAL_VICTORIA,ROAD,1,12.0
28248,1,4,130,5,1,80.0,0,N,MELB_URBAN,FREEWAY,1,15.0
28249,1,5,132,2,1,80.0,0,I,SMALL_CITIES,ROAD,1,14.0
28250,1,5,121,1,1,60.0,0,I,MELB_URBAN,ROAD,1,15.0
28251,3,4,167,5,2,100.0,0,N,RURAL_VICTORIA,HIGHWAY,3,6.0
28252,1,5,121,5,1,60.0,0,N,MELB_URBAN,ROAD,1,13.0
28253,2,5,99,5,1,50.0,0,N,MELB_URBAN,STREET,1,15.0
28254,4,5,173,5,1,100.0,0,N,MELB_URBAN,UNKNOWN,1,8.0
28255,1,6,130,1,1,60.0,0,I,MELB_URBAN,AVENUE,10,15.0
28256,5,6,99,5,2,100.0,0,N,RURAL_VICTORIA,ROAD,1,19.0
28257,1,5,121,2,1,60.0,0,I,MELB_URBAN,ROAD,1,16.0
28258,6,5,174,2,1,50.0,0,I,MELB_URBAN,OTHER,1,17.0
28259,3,5,167,5,1,50.0,0,N,TOWNS,STREET,1,17.0
28260,1,5,133,5,1,60.0,0,N,MELB_URBAN,ROAD,1,17.0
28261,1,2,163,2,1,40.0,0,I,MELB_URBAN,STREET,1,17.0
28262,1,5,130,5,1,100.0,0,N,MELB_URBAN,FREEWAY,1,17.0
28263,1,5,110,1,1,60.0,0,I,MELB_URBAN,STREET,1,17.0
28264,1,5,120,2,1,60.0,0,I,MELB_URBAN,ROAD,1,18.0
28265,1,5,113,1,1,70.0,0,I,MELB_URBAN,ROAD,1,18.0
28266,1,5,130,5,1,80.0,0,N,MELB_URBAN,ROAD,1,17.0
28267,1,5,113,2,1,80.0,0,I,MELB_URBAN,ROAD,1,18.0
28268,8,1,174,2,1,60.0,0,I,MELB_URBAN,ROAD,1,19.0
28269,1,5,99,5,1,100.0,0,N,RURAL_VICTORIA,ROAD,1,17.0
28270,4,5,171,5,2,100.0,0,N,RURAL_VICTORIA,ROAD,1,19.0
28271,1,5,130,5,3,100.0,0,N,MELB_URBAN,UNKNOWN,1,21.0
28272,1,5,110,1,3,50.0,0,I,MELB_URBAN,AVENUE,1,22.0
28273,1,5,130,5,2,100.0,0,N,RURAL_VICTORIA,HIGHWAY,1,6.0
28274,1,5,113,2,1,80.0,0,I,MELB_URBAN,ROAD,1,17.0
28275,2,3,102,5,2,100.0,0,N,MELB_URBAN,FREEWAY,9,6.0
28276,2,6,99,5,3,50.0,0,N,MELB_URBAN,STREET,1,1.0
28277,1,7,99,2,6,60.0,0,I,MELB_URBAN,HIGHWAY,1,22.0
28278,4,6,171,2,2,60.0,0,I,SMALL_CITIES,ROAD,1,6.0
28279,1,3,130,5,2,100.0,0,I,MELB_URBAN,FREEWAY,9,7.0
28280,1,7,130,2,1,70.0,0,N,MELB_URBAN,ROAD,12,17.0
28281,1,6,99,5,1,50.0,0,N,MELB_URBAN,DRIVE,1,8.0
28282,2,6,100,5,1,80.0,0,N,MELB_URBAN,ROAD,1,9.0
28283,1,6,130,2,1,80.0,0,I,RURAL_VICTORIA,HIGHWAY,1,9.0
28284,4,6,171,5,1,60.0,0,N,MELB_URBAN,ROAD,1,10.0
28285,1,2,130,5,2,80.0,0,N,MELB_URBAN,FREEWAY,1,17.0
28286,1,6,110,1,1,60.0,0,I,LARGE_PROVINCIAL_CITIES,STREET,1,10.0
28287,2,6,100,5,1,50.0,0,N,MELB_URBAN,ROAD,1,11.0
28288,1,6,130,4,1,70.0,0,I,MELB_URBAN,RAMP,1,11.0
28289,4,6,181,5,1,70.0,0,N,RURAL_VICTORIA,ROAD,1,10.0
28290,1,6,120,5,1,70.0,0,N,MELB_URBAN,ROAD,1,10.0
28291,4,6,181,5,1,70.0,0,N,RURAL_VICTORIA,ROAD,1,12.0
28292,1,6,160,2,1,50.0,0,I,MELB_URBAN,OTHER,1,13.0
28293,1,6,110,1,9,60.0,0,I,MELB_URBAN,STREET,1,1.0
28294,1,6,110,1,1,60.0,0,I,MELB_URBAN,ROAD,1,12.0
28295,1,6,120,5,1,80.0,0,N,SMALL_CITIES,HIGHWAY,1,12.0
28296,1,6,99,2,1,60.0,0,I,MELB_URBAN,ROAD,1,14.0
28297,6,6,170,5,1,100.0,0,N,RURAL_VICTORIA,HIGHWAY,1,14.0
28298,1,6,147,2,1,60.0,0,I,MELB_URBAN,ROAD,1,16.0
28299,1,6,110,1,1,100.0,0,I,RURAL_VICTORIA,AVENUE,1,15.0
28300,4,6,183,5,1,100.0,1,N,RURAL_VICTORIA,ROAD,1,11.0
28301,1,6,130,5,1,110.0,0,N,RURAL_VICTORIA,ROAD,1,15.0
28302,1,6,99,1,1,40.0,0,I,MELB_URBAN,ROAD,1,16.0
28303,1,6,140,1,1,60.0,0,I,MELB_URBAN,HIGHWAY,1,16.0
28304,1,6,121,2,1,60.0,0,I,MELB_URBAN,ROAD,1,17.0
28305,1,6,99,1,1,50.0,0,I,MELB_URBAN,ROAD,1,13.0
28306,1,6,132,2,1,60.0,0,I,MELB_URBAN,ROAD,1,13.0
28307,1,6,110,1,1,50.0,0,I,MELB_URBAN,AVENUE,1,19.0
28308,1,2,133,2,2,40.0,0,I,MELB_URBAN,STREET,10,17.0
28309,1,6,121,5,1,80.0,0,N,MELB_URBAN,ROAD,1,18.0
28310,4,6,181,5,2,100.0,0,N,RURAL_VICTORIA,ROAD,1,19.0
28311,4,6,173,5,5,100.0,0,N,RURAL_VICTORIA,HIGHWAY,1,22.0
28312,3,6,167,5,5,100.0,0,N,RURAL_VICTORIA,ROAD,1,21.0
28313,1,6,121,1,3,60.0,0,I,MELB_URBAN,ROAD,1,22.0
28314,7,6,99,2,5,100.0,0,I,RURAL_VICTORIA,ROAD,1,23.0
28315,1,6,110,1,1,50.0,0,I,MELB_URBAN,AVENUE,1,17.0
28316,1,6,121,5,1,60.0,0,N,MELB_URBAN,ROAD,1,13.0
28317,1,6,121,1,3,60.0,0,I,MELB_URBAN,ROAD,1,21.0
28318,1,6,130,5,1,60.0,0,N,MELB_URBAN,ROAD,10,11.0
28319,1,7,130,5,1,80.0,0,N,RURAL_VICTORIA,ROAD,1,10.0
28320,1,7,130,2,1,70.0,0,I,MELB_URBAN,STREET,1,10.0
28321,1,7,111,1,1,60.0,0,I,MELB_URBAN,ROAD,1,11.0
28322,4,7,171,5,1,80.0,0,N,MELB_URBAN,ROAD,1,11.0
28323,1,6,130,5,1,80.0,0,N,MELB_URBAN,ROAD,1,14.0
28324,1,7,130,5,1,50.0,0,N,LARGE_PROVINCIAL_CITIES,STREET,1,13.0
28325,1,7,147,5,1,70.0,1,N,MELB_URBAN,ROAD,1,10.0
28326,1,7,140,5,1,50.0,0,N,SMALL_CITIES,AVENUE,1,13.0
28327,1,7,113,4,1,60.0,0,N,MELB_URBAN,RAMP,1,13.0
28328,1,5,130,5,2,100.0,0,I,MELB_URBAN,FREEWAY,1,18.0
28329,1,7,110,1,1,60.0,0,I,LARGE_PROVINCIAL_CITIES,STREET,1,13.0
28330,1,7,99,1,1,60.0,0,I,MELB_URBAN,STREET,1,13.0
28331,4,7,171,2,1,60.0,0,I,MELB_URBAN,ROAD,1,13.0
28332,1,7,113,2,1,60.0,0,I,MELB_URBAN,ROAD,1,12.0
28333,4,7,181,5,1,100.0,0,N,RURAL_VICTORIA,HIGHWAY,1,14.0
28334,4,7,171,5,1,100.0,0,N,MELB_URBAN,ROAD,1,15.0
28335,1,7,130,5,1,70.0,0,N,MELB_URBAN,HIGHWAY,1,15.0
28336,1,7,160,5,1,60.0,0,N,TOWNS,ROAD,1,16.0
28337,1,7,130,2,1,60.0,0,I,MELB_URBAN,ROAD,1,17.0
28338,1,7,121,1,1,80.0,0,I,MELB_URBAN,ROAD,1,16.0
28339,1,6,99,2,6,70.0,0,I,MELB_URBAN,ROAD,1,23.0
28340,1,7,121,2,2,80.0,0,I,SMALL_CITIES,HIGHWAY,1,19.0
28341,1,7,110,1,3,40.0,0,I,MELBOURNE_CBD,STREET,1,5.0
28342,4,7,171,5,2,100.0,0,N,TOWNS,HIGHWAY,1,20.0
28343,4,7,99,2,1,50.0,0,I,MELB_URBAN,DRIVE,1,20.0
28344,6,7,99,5,3,80.0,0,N,MELB_URBAN,RAMP,1,23.0
28345,4,1,173,5,5,100.0,0,N,RURAL_VICTORIA,HIGHWAY,1,3.0
28346,1,5,116,2,1,50.0,0,I,MELB_URBAN,ROAD,1,18.0
28347,1,7,134,2,1,60.0,0,N,MELB_URBAN,OTHER,1,11.0
28348,4,1,171,5,2,100.0,0,N,RURAL_VICTORIA,ROAD,1,5.0
28349,6,1,99,5,5,100.0,0,N,RURAL_VICTORIA,ROAD,1,1.0
28350,6,1,99,5,9,100.0,1,N,RURAL_VICTORIA,ROAD,1,1.0
28351,1,6,130,5,1,80.0,0,N,RURAL_VICTORIA,FREEWAY,1,10.0
28352,6,1,99,5,1,100.0,0,N,RURAL_VICTORIA,ROAD,1,7.0
28353,4,7,183,5,1,100.0,0,N,RURAL_VICTORIA,ROAD,1,12.0
28354,4,7,181,5,1,100.0,1,N,RURAL_VICTORIA,ROAD,1,15.0
28355,1,1,140,5,1,60.0,0,N,SMALL_CITIES,STREET,1,12.0
28356,1,1,120,2,1,50.0,0,I,LARGE_PROVINCIAL_CITIES,OTHER,1,9.0
28357,6,1,174,5,1,100.0,0,N,RURAL_VICTORIA,OTHER,1,12.0
28358,6,1,174,5,1,100.0,0,N,MELB_URBAN,FREEWAY,1,13.0
28359,2,1,100,2,1,50.0,0,I,TOWNS,HIGHWAY,1,14.0
28360,4,1,183,5,1,60.0,0,N,RURAL_VICTORIA,ROAD,1,12.0
28361,1,1,113,2,1,80.0,0,I,RURAL_VICTORIA,ROAD,1,14.0
28362,7,7,99,5,5,100.0,1,N,RURAL_VICTORIA,OTHER,1,23.0
28363,4,1,171,1,1,100.0,0,I,RURAL_VICTORIA,ROAD,1,15.0
28364,1,1,110,1,1,60.0,0,I,MELB_URBAN,STREET,1,16.0
28365,4,7,99,5,1,100.0,0,N,RURAL_VICTORIA,ROAD,1,13.0
28366,1,1,134,5,1,100.0,0,N,MELB_URBAN,FREEWAY,1,16.0
28367,1,0,147,5,1,50.0,0,N,TOWNS,ROAD,1,17.0
28368,4,1,173,5,1,100.0,0,N,RURAL_VICTORIA,ROAD,1,16.0
28369,1,4,135,2,1,60.0,0,I,MELB_URBAN,STREET,1,18.0
28370,1,1,99,5,1,50.0,0,N,MELB_URBAN,STREET,1,18.0
28371,1,1,133,5,1,100.0,0,N,MELB_URBAN,FREEWAY,1,18.0