,accident_type,day_of_week,dca_code,road_geometry,light_condition,speed_zone,severity,node_type,deg_urban_name,road_type,month,hour
28372,4,1,173,5,1,80.0,0,N,MELB_URBAN,ROAD,1,18.0
28373,1,1,113,2,1,60.0,0,I,LARGE_PROVINCIAL_CITIES,ROAD,1,18.0
28374,1,1,99,5,1,60.0,0,I,MELB_URBAN,UNKNOWN,1,18.0
28375,1,1,132,2,2,60.0,0,I,MELB_URBAN,ROAD,1,19.0
28376,4,1,173,2,3,60.0,0,I,MELB_URBAN,ROAD,1,23.0
28377,4,1,171,5,3,50.0,0,I,MELB_URBAN,OTHER,1,22.0
28378,1,2,171,2,3,50.0,0,I,MELB_URBAN,OTHER,1,1.0
28379,1,2,116,2,3,60.0,0,I,MELB_URBAN,ROAD,1,0.0
28380,1,2,120,5,3,60.0,0,N,MELB_URBAN,ROAD,1,2.0
28381,1,1,130,1,3,80.0,0,N,MELB_URBAN,ROAD,1,22.0
28382,1,2,113,2,3,60.0,0,I,MELB_URBAN,ROAD,1,3.0
28383,2,1,99,1,5,100.0,1,I,RURAL_VICTORIA,HIGHWAY,1,0.0
28384,4,1,173,5,1,60.0,0,N,MELB_URBAN,UNKNOWN,1,13.0
28385,2,1,99,5,2,50.0,0,N,MELB_URBAN,OTHER,1,19.0
28386,6,1,99,5,1,100.0,0,N,RURAL_VICTORIA,ROAD,1,13.0
28387,6,5,174,5,1,50.0,0,N,TOWNS,STREET,1,12.0
28388,4,1,181,5,1,100.0,0,N,RURAL_VICTORIA,ROAD,1,14.0
28389,1,1,121,5,1,80.0,0,N,RURAL_VICTORIA,ROAD,1,12.0
28390,8,1,174,2,1,100.0,0,I,RURAL_VICTORIA,ROAD,11,15.0
28391,8,5,174,9,1,60.0,0,N,LARGE_PROVINCIAL_CITIES,ROAD,1,15.0
28392,1,1,130,1,2,80.0,0,I,MELB_URBAN,ROAD,1,19.0
28393,6,2,170,1,1,100.0,0,I,RURAL_VICTORIA,ROAD,1,10.0
28394,4,2,173,5,1,100.0,0,N,RURAL_VICTORIA,ROAD,1,9.0
28395,8,1,174,5,1,60.0,0,N,RURAL_VICTORIA,ROAD,1,15.0
28396,4,2,173,5,1,100.0,0,N,LARGE_PROVINCIAL_CITIES,ROAD,1,10.0
28397,1,2,113,1,1,50.0,0,I,SMALL_CITIES,STREET,1,12.0
28398,4,2,183,5,1,60.0,0,N,MELB_URBAN,ROAD,1,10.0
28399,1,2,130,1,1,100.0,0,I,RURAL_VICTORIA,ROAD,1,10.0
28400,4,2,181,5,1,100.0,0,N,RURAL_VICTORIA,ROAD,1,10.0
28401,6,2,170,5,1,80.0,0,N,SMALL_TOWNS,HIGHWAY,1,8.0
28402,6,2,99,5,1,100.0,0,N,RURAL_VICTORIA,ROAD,1,10.0
28403,1,1,99,5,1,50.0,0,N,MELB_URBAN,STREET,1,14.0
28404,8,2,170,2,1,40.0,0,I,SMALL_CITIES,ROAD,1,15.0
28405,1,2,130,5,1,60.0,0,N,MELB_URBAN,ROAD,1,15.0
28406,1,1,130,5,3,60.0,0,N,MELB_URBAN,ROAD,1,22.0
28407,1,2,133,5,3,80.0,0,N,MELB_URBAN,OTHER,1,14.0
28408,2,2,100,1,1,80.0,0,I,MELB_URBAN,HIGHWAY,1,15.0
28409,8,2,99,2,1,60.0,0,I,MELB_URBAN,ROAD,1,18.0
28410,2,2,100,5,9,50.0,0,N,MELB_URBAN,STREET,1,19.0
28411,4,1,171,5,1,100.0,0,N,RURAL_VICTORIA,ROAD,1,18.0
28412,6,2,174,2,2,70.0,0,I,TOWNS,ROAD,1,19.0
28413,1,2,116,2,1,80.0,0,I,MELB_URBAN,ROAD,1,15.0
28414,1,2,121,1,3,60.0,0,I,MELB_URBAN,ROAD,1,22.0
28415,1,2,99,5,3,60.0,0,N,MELB_URBAN,ROAD,1,21.0
28416,1,2,160,5,1,50.0,0,N,LARGE_PROVINCIAL_CITIES,STREET,1,18.0
28417,3,2,167,5,5,100.0,0,N,RURAL_VICTORIA,ROAD,1,23.0
28418,1,2,99,5,1,80.0,0,N,RURAL_VICTORIA,ROAD,1,18.0
28419,1,3,130,1,3,70.0,0,I,LARGE_PROVINCIAL_CITIES,OTHER,1,3.0
28420,1,1,99,1,1,80.0,0,I,MELB_URBAN,ROAD,1,10.0
28421,2,2,99,5,3,50.0,0,N,TOWNS,OTHER,1,0.0
28422,1,3,130,1,1,60.0,0,I,MELB_URBAN,HIGHWAY,1,7.0
28423,1,2,132,2,1,70.0,0,I,MELB_URBAN,BOULEVARD,1,7.0
28424,1,5,147,5,1,70.0,0,N,MELB_URBAN,STREET,9,16.0
28425,1,2,121,4,1,60.0,0,I,MELB_URBAN,ROAD,1,7.0
28426,1,1,135,5,1,70.0,0,N,MELB_URBAN,ROAD,1,12.0
28427,1,3,140,5,1,60.0,0,N,LARGE_PROVINCIAL_CITIES,STREET,1,9.0
28428,8,3,174,1,1,70.0,0,I,MELB_URBAN,HIGHWAY,1,7.0
28429,1,2,130,5,1,100.0,0,N,MELB_URBAN,FREEWAY,1,8.0
28430,1,3,163,5,1,50.0,0,N,MELB_URBAN,STREET,1,17.0
28431,8,7,99,2,1,60.0,0,N,RURAL_VICTORIA,ROAD,1,12.0
28432,1,3,121,1,1,40.0,0,I,MELB_URBAN,STREET,1,9.0
28433,1,3,110,1,9,80.0,0,I,MELB_URBAN,STREET,1,10.0
28434,3,4,167,5,5,100.0,0,N,RURAL_VICTORIA,ROAD,7,5.0
28435,1,4,121,2,1,60.0,0,I,MELB_URBAN,ROAD,2,15.0
28436,1,3,130,4,9,60.0,0,I,MELB_URBAN,ROAD,1,12.0
28437,1,2,110,1,2,60.0,0,I,MELB_URBAN,FREEWAY,1,18.0
28438,1,3,134,1,1,60.0,0,I,MELB_URBAN,ROAD,1,9.0
28439,1,6,130,1,1,60.0,0,I,MELB_URBAN,STREET,1,10.0
28440,8,7,184,5,1,80.0,0,N,RURAL_VICTORIA,ROAD,1,15.0
28441,1,7,113,2,1,50.0,0,I,MELB_URBAN,ROAD,1,15.0
28442,4,6,173,5,1,110.0,0,N,RURAL_VICTORIA,HIGHWAY,1,13.0
28443,8,3,99,5,1,100.0,0,N,RURAL_VICTORIA,ROAD,1,14.0
28444,1,3,147,5,1,50.0,0,N,MELB_URBAN,OTHER,1,11.0
28445,1,5,130,2,1,60.0,0,I,MELB_URBAN,ROAD,5,13.0
28446,1,3,121,2,1,70.0,0,I,MELB_URBAN,ROAD,1,12.0
28447,8,5,174,1,1,60.0,0,N,SMALL_TOWNS,ROAD,1,18.0
28448,1,1,130,5,2,100.0,0,N,MELB_URBAN,FREEWAY,1,19.0
28449,1,3,147,5,1,50.0,0,N,MELB_URBAN,AVENUE,1,12.0
28450,1,3,113,1,1,60.0,0,I,MELB_URBAN,STREET,1,13.0
28451,1,5,130,2,1,60.0,0,I,MELB_URBAN,ROAD,1,7.0
28452,5,1,99,5,1,60.0,0,N,RURAL_VICTORIA,ROAD,1,12.0
28453,1,3,147,5,1,50.0,0,N,LARGE_PROVINCIAL_CITIES,STREET,1,14.0
28454,6,2,174,5,1,80.0,0,N,RURAL_VICTORIA,ROAD,1,14.0
28455,6,3,99,5,1,100.0,0,N,RURAL_VICTORIA,ROAD,1,15.0
28456,4,2,181,5,1,100.0,0,N,RURAL_VICTORIA,ROAD,1,13.0
28457,1,3,147,5,1,70.0,0,N,MELB_URBAN,ROAD,1,16.0
28458,4,3,183,5,1,60.0,0,N,RURAL_VICTORIA,OTHER,1,12.0
28459,1,3,110,1,1,60.0,0,I,SMALL_CITIES,STREET,1,16.0
28460,4,3,171,5,1,60.0,0,N,MELB_URBAN,ROAD,1,18.0
28461,1,3,110,1,1,50.0,0,I,MELBOURNE_CBD,STREET,1,15.0
28462,2,3,100,5,3,40.0,0,N,MELB_URBAN,STREET,1,20.0
28463,1,7,163,5,1,50.0,0,N,MELB_URBAN,STREET,1,9.0
28464,1,3,121,1,3,70.0,0,I,MELB_URBAN,ROAD,1,22.0
28465,8,7,174,5,1,60.0,0,N,MELB_URBAN,STREET,1,17.0
28466,4,4,171,5,3,60.0,0,N,MELB_URBAN,STREET,1,0.0
28467,1,2,133,1,1,60.0,0,I,MELB_URBAN,ROAD,1,17.0
28468,1,4,110,1,1,80.0,0,I,RURAL_VICTORIA,ROAD,1,7.0
28469,8,7,184,2,1,60.0,0,I,RURAL_VICTORIA,OTHER,1,12.0
28470,4,1,183,5,1,60.0,0,N,RURAL_VICTORIA,ROAD,1,14.0
28471,6,1,170,5,1,100.0,0,N,RURAL_VICTORIA,ROAD,12,16.0
28472,7,3,99,4,1,60.0,0,I,MELB_URBAN,STREET,1,8.0
28473,3,2,167,5,5,80.0,0,N,RURAL_VICTORIA,ROAD,1,21.0
28474,8,3,99,5,1,50.0,0,N,SMALL_TOWNS,AVENUE,1,10.0
28475,2,4,99,1,1,60.0,0,I,LARGE_PROVINCIAL_CITIES,STREET,1,8.0
28476,1,4,133,5,1,60.0,0,N,MELB_URBAN,ROAD,1,11.0
28477,8,1,99,2,1,60.0,0,I,TOWNS,STREET,1,14.0
28478,2,4,99,5,1,60.0,0,N,MELB_URBAN,ROAD,1,11.0
28479,6,1,170,5,9,60.0,0,N,RURAL_VICTORIA,ROAD,12,12.0
28480,1,4,110,1,1,70.0,0,I,MELB_URBAN,ROAD,1,7.0
28481,1,4,140,5,1,50.0,0,N,MELB_URBAN,ROAD,1,11.0
28482,1,4,110,1,1,50.0,0,I,MELB_URBAN,HIGHWAY,1,9.0
28483,1,4,116,1,2,60.0,0,I,LARGE_PROVINCIAL_CITIES,STREET,1,7.0
28484,1,4,130,5,1,60.0,0,N,MELB_URBAN,ROAD,1,14.0
28485,1,2,130,2,1,60.0,0,I,MELB_URBAN,ROAD,5,8.0
28486,1,6,130,1,1,60.0,0,I,SMALL_CITIES,PARADE,1,12.0
28487,4,4,173,5,1,100.0,0,N,RURAL_VICTORIA,ROAD,1,14.0
28488,6,1,184,5,1,60.0,0,N,SMALL_TOWNS,ROAD,1,10.0
28489,1,4,147,5,1,60.0,0,N,MELB_URBAN,ROAD,1,13.0
28490,1,4,147,5,1,60.0,0,N,MELB_URBAN,ROAD,1,15.0
28491,1,4,110,1,1,100.0,0,I,RURAL_VICTORIA,DRIVE,1,17.0
28492,1,4,132,5,1,80.0,0,N,RURAL_VICTORIA,ROAD,1,17.0
28493,1,4,130,5,1,70.0,0,N,MELB_URBAN,ROAD,1,18.0
28494,1,4,99,1,1,60.0,0,I,MELB_URBAN,STREET,1,17.0
28495,1,4,121,1,1,60.0,0,I,MELB_URBAN,STREET,1,18.0
28496,1,4,121,2,2,60.0,0,I,MELB_URBAN,HIGHWAY,1,19.0
28497,4,4,173,2,1,100.0,0,I,RURAL_VICTORIA,ROAD,1,17.0
28498,6,6,174,5,1,80.0,0,N,RURAL_VICTORIA,ROAD,1,12.0
28499,1,4,110,1,2,40.0,0,I,MELB_URBAN,STREET,1,20.0
28500,6,4,99,5,1,100.0,0,N,RURAL_VICTORIA,ROAD,1,17.0
28501,1,4,110,1,2,60.0,0,I,TOWNS,STREET,1,19.0
28502,1,4,160,5,3,60.0,0,N,MELB_URBAN,ROAD,1,22.0
28503,1,2,130,4,1,70.0,0,I,MELB_URBAN,HIGHWAY,10,15.0
28504,1,4,120,5,1,60.0,0,N,MELB_URBAN,DRIVE,1,17.0
28505,4,4,181,5,2,100.0,0,N,RURAL_VICTORIA,ROAD,1,19.0
28506,1,5,121,2,1,60.0,0,I,MELB_URBAN,ROAD,1,8.0
28507,1,5,121,1,1,80.0,0,I,MELB_URBAN,ROAD,1,8.0
28508,4,5,99,2,1,50.0,0,I,MELB_URBAN,BOULEVARD,1,9.0
28509,7,5,99,5,1,80.0,0,N,SMALL_CITIES,OTHER,1,9.0
28510,8,1,174,5,1,100.0,0,N,RURAL_VICTORIA,ROAD,1,13.0
28511,4,5,173,5,1,60.0,0,N,RURAL_VICTORIA,ROAD,1,11.0
28512,5,1,99,5,1,60.0,0,N,RURAL_VICTORIA,OTHER,12,14.0
28513,1,4,120,5,1,100.0,0,N,RURAL_VICTORIA,HIGHWAY,1,17.0
28514,8,1,184,5,1,60.0,0,N,RURAL_VICTORIA,ROAD,11,16.0
28515,1,6,130,2,1,60.0,0,I,MELB_URBAN,ROAD,1,14.0
28516,1,3,110,1,1,50.0,0,I,MELB_URBAN,STREET,1,8.0
28517,1,5,121,1,1,60.0,0,I,MELB_URBAN,ROAD,1,12.0
28518,6,4,99,5,2,50.0,0,N,LARGE_PROVINCIAL_CITIES,PARADE,1,20.0
28519,1,6,130,1,1,60.0,0,I,SMALL_CITIES,ROAD,1,17.0
28520,1,5,130,5,1,50.0,0,N,MELB_URBAN,STREET,1,11.0
28521,4,5,183,5,1,100.0,0,N,RURAL_VICTORIA,ROAD,1,9.0
28522,1,5,110,1,1,60.0,0,N,SMALL_CITIES,STREET,1,12.0
28523,1,5,99,2,1,50.0,0,I,MELB_URBAN,ROAD,1,8.0
28524,1,5,140,5,1,60.0,0,N,MELB_URBAN,HIGHWAY,1,11.0
28525,2,5,100,2,1,50.0,0,I,MELB_URBAN,ROAD,1,15.0
28526,2,2,102,1,1,60.0,0,I,SMALL_CITIES,HIGHWAY,1,18.0
28527,6,2,174,1,9,60.0,0,I,MELB_URBAN,STREET,12,11.0
28528,4,5,171,5,1,80.0,0,N,LARGE_PROVINCIAL_CITIES,STREET,1,14.0
28529,1,5,130,5,1,60.0,0,N,MELB_URBAN,STREET,1,15.0
28530,1,5,130,5,1,60.0,0,N,SMALL_CITIES,ROAD,1,16.0
28531,1,5,130,1,1,60.0,0,I,MELB_URBAN,STREET,1,17.0
28532,4,5,171,5,1,110.0,0,N,RURAL_VICTORIA,FREEWAY,1,11.0
28533,4,5,171,1,1,100.0,0,I,RURAL_VICTORIA,ROAD,1,17.0
28534,1,4,135,5,1,80.0,0,N,MELB_URBAN,FREEWAY,1,16.0
28535,1,5,130,2,1,60.0,0,I,MELB_URBAN,STREET,1,16.0
28536,1,5,121,1,2,80.0,0,I,MELB_URBAN,ROAD,1,19.0
28537,1,5,99,5,1,110.0,0,N,RURAL_VICTORIA,FREEWAY,1,14.0
28538,1,5,110,1,3,60.0,0,I,MELB_URBAN,STREET,1,20.0
28539,1,2,130,5,1,60.0,0,N,MELB_URBAN,ROAD,12,18.0
28540,1,5,110,1,1,50.0,0,I,MELB_URBAN,ROAD,1,18.0
28541,1,5,130,2,1,50.0,0,I,MELB_URBAN,STREET,1,18.0
28542,4,5,183,5,2,80.0,0,N,MELB_URBAN,UNKNOWN,1,19.0
28543,4,5,181,5,5,50.0,0,N,MELB_URBAN,ROAD,1,22.0
28544,8,5,99,2,3,60.0,0,I,SMALL_TOWNS,RAMP,1,22.0
28545,1,4,99,5,5,50.0,0,N,MELB_URBAN,STREET,1,23.0
28546,1,6,99,2,3,60.0,0,N,MELB_URBAN,OTHER,1,5.0
28547,1,5,134,5,1,100.0,0,N,MELB_URBAN,FREEWAY,1,17.0
28548,4,7,171,5,1,60.0,0,N,LARGE_PROVINCIAL_CITIES,STREET,11,13.0
28549,6,6,174,2,1,80.0,0,I,MELB_URBAN,ROAD,1,10.0
28550,1,4,132,2,1,60.0,0,I,SMALL_CITIES,ROAD,1,15.0
28551,4,6,171,5,1,100.0,0,N,RURAL_VICTORIA,ROAD,1,8.0
28552,2,5,102,5,3,50.0,0,N,TOWNS,PARADE,1,22.0
28553,6,3,184,5,1,100.0,0,N,RURAL_VICTORIA,ROAD,1,13.0
28554,1,1,121,1,2,70.0,0,I,LARGE_PROVINCIAL_CITIES,ROAD,1,20.0
28555,6,5,99,5,5,80.0,0,N,RURAL_VICTORIA,ROAD,1,22.0
28556,1,5,110,1,1,50.0,0,I,MELB_URBAN,STREET,11,14.0
28557,1,4,132,1,1,60.0,0,I,SMALL_CITIES,STREET,1,15.0
28558,1,6,133,5,1,80.0,1,N,MELB_URBAN,ROAD,1,9.0
28559,1,5,132,5,1,50.0,0,N,MELB_URBAN,PARADE,1,17.0
28560,1,6,116,2,2,50.0,0,I,MELB_URBAN,ROAD,1,6.0
28561,1,6,99,2,1,50.0,0,I,MELB_URBAN,STREET,1,12.0
28562,2,6,99,5,1,40.0,0,N,MELBOURNE_CBD,STREET,1,14.0
28563,2,6,100,1,1,40.0,0,I,MELBOURNE_CBD,STREET,1,10.0
28564,1,6,147,5,1,50.0,0,N,LARGE_PROVINCIAL_CITIES,STREET,1,16.0
28565,1,7,163,5,1,50.0,0,N,MELB_URBAN,OTHER,1,10.0
28566,8,6,99,5,1,60.0,0,N,LARGE_PROVINCIAL_CITIES,ROAD,1,15.0
28567,1,6,160,2,1,50.0,0,I,MELB_URBAN,STREET,1,15.0
28568,4,6,173,5,1,100.0,0,N,RURAL_VICTORIA,ROAD,1,17.0
28569,1,6,134,3,1,100.0,0,N,RURAL_VICTORIA,HIGHWAY,1,14.0
28570,1,1,140,2,1,50.0,0,I,LARGE_PROVINCIAL_CITIES,AVENUE,12,15.0
28571,1,6,130,5,1,80.0,0,N,MELB_URBAN,FREEWAY,1,18.0
28572,5,6,99,5,2,100.0,0,N,RURAL_VICTORIA,ROAD,1,19.0
28573,1,5,130,5,1,70.0,0,N,MELB_URBAN,ROAD,1,17.0
28574,1,5,121,2,3,60.0,0,I,MELB_URBAN,ROAD,1,21.0
28575,2,6,102,5,1,80.0,0,N,MELB_URBAN,ROAD,1,16.0
28576,1,6,99,1,1,50.0,0,I,MELB_URBAN,STREET,1,18.0
28577,1,5,121,2,3,80.0,0,I,MELB_URBAN,HIGHWAY,1,21.0
28578,4,6,171,5,2,50.0,0,N,LARGE_PROVINCIAL_CITIES,ROAD,1,20.0
28579,1,6,130,2,1,60.0,0,I,MELB_URBAN,DRIVE,1,18.0
28580,1,6,120,5,1,100.0,1,N,RURAL_VICTORIA,HIGHWAY,1,17.0
28581,1,6,130,5,1,100.0,0,N,MELB_URBAN,FREEWAY,1,16.0
28582,2,7,102,5,3,60.0,0,N,MELB_URBAN,OTHER,2,0.0
28583,1,6,99,1,3,60.0,0,I,MELB_URBAN,HIGHWAY,1,21.0
28584,4,6,181,5,1,100.0,1,N,RURAL_VICTORIA,BOULEVARD,1,15.0
28585,2,6,102,1,3,60.0,0,I,MELB_URBAN,STREET,1,22.0
28586,4,6,171,5,3,50.0,0,N,MELB_URBAN,DRIVE,1,23.0
28587,4,6,173,5,3,50.0,0,N,MELB_URBAN,ROAD,1,0.0
28588,2,7,100,5,3,40.0,0,N,MELB_URBAN,STREET,2,2.0
28589,2,7,102,1,2,60.0,0,I,MELB_URBAN,STREET,2,7.0
28590,4,5,171,1,2,60.0,0,I,LARGE_PROVINCIAL_CITIES,ROAD,1,20.0
28591,1,6,130,2,1,70.0,0,I,MELB_URBAN,ROAD,1,17.0
28592,1,7,116,2,1,60.0,0,I,MELB_URBAN,ROAD,2,8.0
28593,1,7,99,2,1,60.0,0,I,MELB_URBAN,ROAD,2,8.0
28594,1,5,130,2,1,60.0,0,I,MELB_URBAN,STREET,1,13.0
28595,1,7,132,2,1,60.0,0,N,TOWNS,HIGHWAY,2,9.0
28596,4,7,171,5,1,60.0,0,N,RURAL_VICTORIA,ROAD,2,9.0
28597,1,2,132,5,1,60.0,0,N,TOWNS,STREET,11,12.0
28598,1,7,140,5,1,60.0,0,N,MELB_URBAN,ROAD,2,9.0
28599,8,7,174,2,1,50.0,0,I,MELB_URBAN,ROAD,2,9.0
28600,1,7,140,5,1,60.0,0,N,LARGE_PROVINCIAL_CITIES,STREET,2,12.0
28601,4,7,171,2,1,50.0,0,N,MELB_URBAN,AVENUE,2,11.0
28602,1,7,113,2,1,80.0,0,I,SMALL_CITIES,ROAD,2,13.0
28603,1,7,113,2,2,70.0,0,I,MELB_URBAN,ROAD,2,7.0
28604,1,7,160,5,1,50.0,0,N,MELB_URBAN,OTHER,2,12.0
28605,6,6,174,1,1,60.0,0,I,MELB_URBAN,ROAD,1,14.0
28606,1,3,140,5,1,50.0,0,N,MELB_URBAN,AVENUE,1,16.0
28607,1,4,130,2,1,60.0,0,I,MELB_URBAN,ROAD,1,8.0
28608,1,7,121,2,1,70.0,1,I,MELB_URBAN,ROAD,2,10.0
28609,1,7,110,1,1,100.0,0,I,RURAL_VICTORIA,ROAD,2,11.0
28610,1,5,130,5,1,60.0,0,N,MELB_URBAN,ROAD,1,18.0
28611,4,7,171,5,1,50.0,0,N,SMALL_CITIES,AVENUE,2,16.0
28612,1,7,110,1,1,50.0,0,I,LARGE_PROVINCIAL_CITIES,PARADE,2,15.0
28613,6,7,99,5,1,100.0,0,N,RURAL_VICTORIA,HIGHWAY,2,16.0
28614,1,7,130,5,1,80.0,0,N,MELB_URBAN,HIGHWAY,2,17.0
28615,1,7,120,2,1,80.0,0,I,RURAL_VICTORIA,ROAD,2,14.0
28616,4,7,171,5,1,70.0,0,N,RURAL_VICTORIA,ROAD,2,17.0
28617,1,7,99,1,1,50.0,0,I,MELB_URBAN,ROAD,2,9.0
28618,1,7,134,5,1,60.0,0,N,LARGE_PROVINCIAL_CITIES,STREET,2,17.0
28619,1,7,110,1,1,100.0,0,I,RURAL_VICTORIA,ROAD,2,17.0
28620,1,7,133,5,2,40.0,0,N,MELBOURNE_CBD,STREET,2,19.0
28621,1,7,120,5,1,100.0,1,N,RURAL_VICTORIA,ROAD,2,15.0
28622,4,7,181,2,1,40.0,0,I,MELB_URBAN,ROAD,2,18.0
28623,4,7,99,5,6,60.0,0,I,SMALL_CITIES,OTHER,2,23.0
28624,2,1,102,2,3,60.0,0,I,MELB_URBAN,STREET,2,0.0
28625,1,7,99,2,3,60.0,0,I,MELB_URBAN,ROAD,2,22.0
28626,1,1,121,2,3,80.0,0,I,MELB_URBAN,ROAD,2,2.0
28627,6,7,99,5,5,100.0,0,N,RURAL_VICTORIA,ROAD,2,23.0
28628,2,1,99,5,6,60.0,0,N,MELB_URBAN,STREET,2,4.0
28629,1,1,110,1,2,80.0,0,I,RURAL_VICTORIA,HIGHWAY,2,7.0
28630,1,2,140,1,1,50.0,0,I,MELB_URBAN,STREET,1,16.0
28631,1,4,130,2,1,60.0,0,I,MELB_URBAN,AVENUE,1,17.0
28632,1,5,132,1,1,70.0,0,I,MELB_URBAN,ROAD,1,8.0
28633,1,1,116,2,1,50.0,0,I,MELB_URBAN,ROAD,2,11.0
28634,1,1,111,2,1,60.0,0,I,MELB_URBAN,DRIVE,2,11.0
28635,4,1,173,5,1,100.0,0,N,RURAL_VICTORIA,ROAD,2,11.0
28636,4,6,171,5,1,60.0,0,N,TOWNS,HIGHWAY,1,13.0
28637,4,1,173,5,1,100.0,0,N,RURAL_VICTORIA,ROAD,2,10.0
28638,1,1,110,1,1,60.0,0,I,MELB_URBAN,STREET,2,9.0
28639,1,7,147,5,3,80.0,0,N,MELB_URBAN,ROAD,2,21.0
28640,1,1,110,1,1,70.0,0,I,MELB_URBAN,ROAD,2,10.0
28641,1,1,132,2,1,70.0,0,I,MELB_URBAN,ROAD,2,13.0
28642,4,7,171,5,5,100.0,0,N,RURAL_VICTORIA,ROAD,2,0.0
28643,1,7,132,5,1,60.0,0,N,MELB_URBAN,HIGHWAY,2,14.0
28644,1,1,99,2,1,60.0,0,I,MELB_URBAN,ROAD,2,16.0
28645,1,1,113,2,1,80.0,0,I,SMALL_CITIES,HIGHWAY,2,15.0
28646,1,1,160,5,1,110.0,0,N,LARGE_PROVINCIAL_CITIES,FREEWAY,2,15.0
28647,1,2,120,5,1,40.0,0,N,RURAL_VICTORIA,ROAD,12,10.0
28648,1,1,110,1,1,80.0,0,I,RURAL_VICTORIA,ROAD,2,17.0
28649,1,1,130,2,1,80.0,0,I,MELB_URBAN,ROAD,2,12.0
28650,2,1,99,5,1,60.0,0,I,MELB_URBAN,STREET,2,17.0
28651,1,5,121,2,1,60.0,0,I,MELB_URBAN,ROAD,11,13.0
28652,6,1,99,2,6,60.0,0,N,TOWNS,STREET,2,2.0
28653,2,1,99,2,3,70.0,0,I,MELB_URBAN,ROAD,10,17.0
28654,4,1,183,5,2,50.0,0,N,SMALL_CITIES,STREET,2,19.0
28655,4,1,171,5,2,80.0,0,N,RURAL_VICTORIA,ROAD,2,20.0
28656,1,1,99,2,1,70.0,0,I,LARGE_PROVINCIAL_CITIES,HIGHWAY,2,16.0
28657,4,2,173,5,2,50.0,0,N,MELB_URBAN,STREET,2,5.0
28658,1,2,130,5,3,70.0,0,N,MELB_URBAN,ROAD,2,4.0
28659,6,2,174,1,2,50.0,0,I,MELB_URBAN,STREET,2,7.0
28660,1,4,163,5,1,40.0,0,N,MELBOURNE_CBD,STREET,1,14.0
28661,1,2,99,1,1,50.0,0,I,MELB_URBAN,STREET,2,8.0
28662,1,2,121,2,2,80.0,0,I,MELB_URBAN,ROAD,2,7.0
28663,1,2,130,5,1,80.0,0,N,MELB_URBAN,FREEWAY,2,8.0
28664,1,2,130,2,1,60.0,0,N,MELB_URBAN,ROAD,2,8.0
28665,1,2,130,1,1,50.0,0,N,TOWNS,STREET,2,10.0
28666,1,7,130,5,3,60.0,0,N,MELB_URBAN,RAMP,2,3.0
28667,1,4,130,2,2,50.0,0,I,MELB_URBAN,ROAD,1,20.0
28668,1,2,130,4,9,60.0,0,I,MELB_URBAN,HIGHWAY,1,10.0
28669,4,2,171,5,1,100.0,0,N,RURAL_VICTORIA,ROAD,2,9.0
28670,1,2,130,5,1,60.0,0,N,MELB_URBAN,ROAD,2,9.0
28671,8,3,174,5,1,50.0,0,N,SMALL_TOWNS,STREET,1,11.0
28672,1,2,99,5,1,50.0,0,N,MELB_URBAN,DRIVE,2,11.0
28673,1,1,130,1,9,60.0,0,I,MELB_URBAN,ROAD,2,11.0
28674,3,5,167,5,1,110.0,0,N,RURAL_VICTORIA,FREEWAY,1,8.0
28675,2,2,99,5,1,60.0,0,N,MELB_URBAN,ROAD,1,12.0
28676,6,5,174,2,1,50.0,0,I,MELB_URBAN,STREET,1,16.0
28677,1,7,130,1,1,60.0,0,I,LARGE_PROVINCIAL_CITIES,STREET,2,17.0
28678,1,2,130,5,1,80.0,0,N,MELB_URBAN,FREEWAY,2,14.0
28679,1,4,113,2,3,60.0,0,I,MELB_URBAN,HIGHWAY,1,21.0
28680,1,2,130,1,1,60.0,0,N,MELB_URBAN,HIGHWAY,2,16.0
28681,6,1,184,5,1,60.0,0,N,TOWNS,ROAD,11,10.0
28682,1,7,132,2,1,60.0,0,I,MELB_URBAN,STREET,2,10.0
28683,1,2,110,1,1,60.0,0,I,MELB_URBAN,AVENUE,2,16.0
28684,2,2,100,5,1,60.0,0,N,MELB_URBAN,ROAD,2,17.0
28685,1,2,121,2,1,40.0,0,I,MELB_URBAN,STREET,2,15.0
28686,1,2,110,1,1,60.0,0,I,MELB_URBAN,ROAD,2,16.0
28687,1,2,120,5,1,50.0,0,N,MELB_URBAN,STREET,2,18.0
28688,1,2,99,2,1,60.0,0,I,MELB_URBAN,ROAD,2,8.0
28689,1,1,130,1,1,80.0,0,N,MELB_URBAN,ROAD,2,11.0
28690,1,2,121,1,1,60.0,0,I,MELB_URBAN,ROAD,2,18.0
28691,4,2,183,5,2,50.0,0,N,MELB_URBAN,DRIVE,2,20.0
28692,1,3,163,5,9,60.0,0,N,LARGE_PROVINCIAL_CITIES,ROAD,3,17.0
28693,1,3,134,5,2,80.0,0,N,MELB_URBAN,OTHER,2,7.0
28694,4,2,171,2,1,100.0,0,I,RURAL_VICTORIA,HIGHWAY,2,15.0
28695,1,1,130,5,1,60.0,0,N,MELB_URBAN,ROAD,12,13.0
28696,3,5,167,5,1,100.0,0,N,RURAL_VICTORIA,ROAD,12,9.0
28697,1,2,121,2,1,100.0,0,I,TOWNS,HIGHWAY,2,17.0
28698,6,2,170,2,1,100.0,0,I,RURAL_VICTORIA,ROAD,2,10.0
28699,1,1,140,2,3,60.0,0,N,MELB_URBAN,ROAD,2,22.0
28700,3,2,167,5,1,50.0,0,N,MELB_URBAN,DRIVE,2,10.0
28701,1,3,130,1,2,60.0,0,I,MELB_URBAN,HIGHWAY,2,7.0
28702,8,3,170,5,1,60.0,0,N,LARGE_PROVINCIAL_CITIES,HIGHWAY,2,9.0