,accident_type,day_of_week,dca_code,road_geometry,light_condition,speed_zone,severity,node_type,deg_urban_name,road_type,month,hour
28703,2,3,99,5,1,60.0,0,N,MELB_URBAN,ROAD,2,12.0
28704,1,3,130,5,1,100.0,0,N,MELB_URBAN,FREEWAY,2,11.0
28705,7,3,99,5,9,60.0,0,N,MELB_URBAN,ROAD,2,14.0
28706,1,3,130,5,1,60.0,0,N,MELB_URBAN,ROAD,1,9.0
28707,2,7,100,5,5,100.0,0,N,MELB_URBAN,ROAD,2,22.0
28708,4,3,171,5,1,40.0,0,N,RURAL_VICTORIA,ROAD,2,13.0
28709,8,6,174,5,2,60.0,0,N,RURAL_VICTORIA,ROAD,1,19.0
28710,4,3,171,5,1,100.0,0,N,RURAL_VICTORIA,ROAD,2,11.0
28711,4,1,171,5,2,100.0,0,N,RURAL_VICTORIA,ROAD,12,6.0
28712,4,3,173,5,1,50.0,1,N,MELB_URBAN,STREET,2,14.0
28713,8,3,174,2,1,50.0,0,I,MELB_URBAN,STREET,2,9.0
28714,1,3,147,5,1,100.0,1,N,RURAL_VICTORIA,ROAD,2,10.0
28715,2,3,100,1,1,60.0,0,I,MELB_URBAN,ROAD,2,15.0
28716,1,3,99,5,1,50.0,0,N,TOWNS,STREET,2,16.0
28717,8,7,99,5,1,60.0,0,N,RURAL_VICTORIA,ROAD,1,8.0
28718,1,6,130,1,1,70.0,0,I,MELB_URBAN,ROAD,1,16.0
28719,6,2,170,5,1,100.0,0,N,RURAL_VICTORIA,ROAD,2,15.0
28720,1,3,147,5,1,60.0,0,N,RURAL_VICTORIA,ROAD,2,17.0
28721,6,3,170,5,1,80.0,0,N,RURAL_VICTORIA,FREEWAY,2,16.0
28722,1,3,130,5,1,60.0,0,N,MELB_URBAN,ROAD,2,16.0
28723,1,7,130,4,1,60.0,0,I,MELB_URBAN,ROAD,11,12.0
28724,1,3,121,2,1,70.0,0,I,MELB_URBAN,ROAD,2,18.0
28725,6,3,184,5,2,60.0,0,N,MELB_URBAN,RAMP,2,19.0
28726,1,3,133,5,1,60.0,0,N,MELB_URBAN,STREET,2,17.0
28727,1,3,130,2,1,70.0,0,N,MELB_URBAN,ROAD,2,18.0
28728,5,7,99,5,1,60.0,0,N,RURAL_VICTORIA,ROAD,1,12.0
28729,6,3,99,5,1,100.0,0,N,RURAL_VICTORIA,HIGHWAY,2,18.0
28730,1,3,160,5,2,50.0,0,N,MELB_URBAN,STREET,2,17.0
28731,1,3,111,1,1,60.0,0,I,MELB_URBAN,ROAD,2,16.0
28732,1,3,121,2,1,60.0,0,N,MELB_URBAN,UNKNOWN,2,18.0
28733,1,2,121,2,3,80.0,0,I,MELB_URBAN,HIGHWAY,2,21.0
28734,5,2,99,5,5,90.0,0,N,RURAL_VICTORIA,DRIVE,2,23.0
28735,1,3,120,5,5,100.0,0,N,RURAL_VICTORIA,ROAD,2,3.0
28736,1,3,110,1,3,50.0,0,I,LARGE_PROVINCIAL_CITIES,UNKNOWN,2,23.0
28737,5,4,99,5,5,80.0,0,N,RURAL_VICTORIA,ROAD,2,4.0
28738,1,4,120,5,1,70.0,0,N,RURAL_VICTORIA,ROAD,1,8.0
28739,5,4,99,2,5,100.0,0,I,RURAL_VICTORIA,ROAD,2,5.0
28740,1,4,99,5,2,60.0,0,N,MELB_URBAN,ROAD,2,7.0
28741,8,4,174,5,1,40.0,0,N,MELB_URBAN,STREET,2,8.0
28742,1,4,121,1,2,60.0,0,I,MELB_URBAN,ROAD,2,7.0
28743,1,4,99,1,2,60.0,0,I,MELB_URBAN,STREET,2,7.0
28744,6,3,99,2,3,80.0,0,I,RURAL_VICTORIA,ROAD,2,21.0
28745,1,5,120,5,2,100.0,0,N,RURAL_VICTORIA,ROAD,3,17.0
28746,1,4,113,2,1,60.0,0,I,MELB_URBAN,ROAD,2,8.0
28747,1,7,130,2,1,50.0,0,N,MELB_URBAN,ROAD,2,16.0
28748,2,4,99,5,1,60.0,0,N,MELB_URBAN,ROAD,2,8.0
28749,1,4,113,2,1,50.0,0,I,SMALL_CITIES,DRIVE,2,8.0
28750,1,4,130,1,1,70.0,0,I,LARGE_PROVINCIAL_CITIES,HIGHWAY,2,11.0
28751,8,6,174,5,1,60.0,0,N,MELB_URBAN,ROAD,1,14.0
28752,1,2,130,1,1,60.0,0,I,MELB_URBAN,ROAD,1,8.0
28753,1,4,135,1,1,50.0,0,I,MELB_URBAN,STREET,1,17.0
28754,1,4,130,2,1,60.0,0,I,MELB_URBAN,ROAD,2,10.0
28755,8,6,174,5,1,60.0,0,N,MELB_URBAN,ROAD,1,8.0
28756,1,4,130,1,1,60.0,0,I,MELB_URBAN,BOULEVARD,2,9.0
28757,1,4,121,2,1,80.0,0,I,MELB_URBAN,STREET,2,11.0
28758,1,4,110,1,1,60.0,0,I,MELB_URBAN,STREET,2,14.0
28759,6,4,170,5,1,100.0,0,N,RURAL_VICTORIA,ROAD,2,15.0
28760,6,4,174,5,1,60.0,0,N,RURAL_VICTORIA,HIGHWAY,2,14.0
28761,1,4,120,5,1,50.0,0,N,LARGE_PROVINCIAL_CITIES,DRIVE,1,16.0
28762,1,4,99,5,1,100.0,1,N,RURAL_VICTORIA,ROAD,2,11.0
28763,1,4,113,2,1,80.0,0,I,MELB_URBAN,ROAD,2,15.0
28764,1,4,120,5,1,110.0,0,N,RURAL_VICTORIA,HIGHWAY,2,11.0
28765,1,4,99,1,1,70.0,0,I,MELB_URBAN,ROAD,2,16.0
28766,1,4,130,5,1,100.0,0,N,MELB_URBAN,UNKNOWN,1,17.0
28767,2,4,99,5,1,60.0,0,N,LARGE_PROVINCIAL_CITIES,STREET,2,12.0
28768,1,6,130,5,1,100.0,0,N,MELB_URBAN,UNKNOWN,1,16.0
28769,1,4,130,5,1,70.0,0,N,MELB_URBAN,ROAD,2,8.0
28770,1,4,160,5,1,50.0,0,N,SMALL_CITIES,AVENUE,2,17.0
28771,1,4,113,2,1,60.0,0,I,MELB_URBAN,ROAD,2,18.0
28772,1,4,130,5,1,100.0,0,N,MELB_URBAN,FREEWAY,2,17.0
28773,1,4,121,2,1,40.0,0,I,MELB_URBAN,ROAD,2,16.0
28774,1,4,130,5,1,60.0,0,N,MELB_URBAN,DRIVE,2,16.0
28775,1,4,121,1,1,50.0,0,I,MELB_URBAN,STREET,2,16.0
28776,1,3,130,2,1,80.0,0,I,MELB_URBAN,ROAD,1,17.0
28777,7,5,99,5,1,60.0,0,N,RURAL_VICTORIA,ROAD,12,15.0
28778,1,4,130,5,1,60.0,0,N,RURAL_VICTORIA,HIGHWAY,2,18.0
28779,1,4,130,1,1,60.0,0,I,MELB_URBAN,ROAD,2,12.0
28780,2,4,99,5,2,50.0,0,N,TOWNS,DRIVE,2,19.0
28781,1,4,116,2,2,50.0,0,I,SMALL_CITIES,STREET,2,20.0
28782,1,4,121,1,1,100.0,0,I,RURAL_VICTORIA,HIGHWAY,2,17.0
28783,4,4,171,5,1,100.0,0,N,RURAL_VICTORIA,ROAD,2,18.0
28784,1,4,130,2,1,70.0,0,I,LARGE_PROVINCIAL_CITIES,HIGHWAY,2,18.0
28785,6,7,174,4,1,70.0,0,I,MELB_URBAN,STREET,1,15.0
28786,1,4,130,5,1,60.0,0,N,MELB_URBAN,ROAD,2,18.0
28787,1,4,99,2,1,60.0,0,N,SMALL_CITIES,ROAD,2,15.0
28788,1,4,121,2,1,50.0,0,I,MELB_URBAN,STREET,2,17.0
28789,4,5,171,5,5,60.0,0,N,LARGE_PROVINCIAL_CITIES,AVENUE,2,0.0
28790,4,4,181,5,3,50.0,0,N,MELB_URBAN,DRIVE,2,23.0
28791,1,1,130,2,1,50.0,0,I,MELB_URBAN,UNKNOWN,2,16.0
28792,8,5,174,1,3,60.0,0,I,MELB_URBAN,DRIVE,2,0.0
28793,1,3,113,2,1,40.0,0,N,MELB_URBAN,ROAD,2,13.0
28794,1,5,121,2,1,40.0,0,I,MELB_URBAN,ROAD,2,8.0
28795,1,1,147,5,1,60.0,0,N,MELB_URBAN,STREET,2,13.0
28796,1,4,99,2,1,50.0,0,I,MELB_URBAN,STREET,2,9.0
28797,1,1,130,1,6,60.0,0,I,MELB_URBAN,OTHER,1,0.0
28798,1,5,130,5,1,70.0,0,N,MELB_URBAN,AVENUE,1,10.0
28799,1,3,99,1,1,60.0,0,I,MELB_URBAN,STREET,2,17.0
28800,2,5,100,2,1,50.0,0,I,MELB_URBAN,ROAD,2,11.0
28801,1,5,116,2,1,60.0,0,I,MELB_URBAN,ROAD,2,10.0
28802,1,4,160,5,2,50.0,0,N,SMALL_CITIES,DRIVE,2,19.0
28803,6,4,170,5,5,60.0,0,N,MELB_URBAN,ROAD,2,20.0
28804,1,2,130,5,1,70.0,0,N,MELB_URBAN,ROAD,12,13.0
28805,1,5,113,1,1,50.0,0,I,MELB_URBAN,STREET,2,10.0
28806,1,4,110,1,2,50.0,0,I,MELB_URBAN,STREET,2,19.0
28807,1,5,121,2,1,100.0,0,I,MELB_URBAN,ROAD,2,12.0
28808,1,5,135,5,1,60.0,0,N,MELB_URBAN,STREET,2,14.0
28809,2,4,99,2,9,60.0,0,I,MELB_URBAN,STREET,1,11.0
28810,1,1,133,2,2,60.0,0,I,RURAL_VICTORIA,ROAD,2,7.0
28811,4,5,171,5,1,60.0,0,N,MELB_URBAN,ROAD,2,14.0
28812,8,1,99,5,1,80.0,0,N,RURAL_VICTORIA,ROAD,11,12.0
28813,1,6,130,1,1,60.0,0,I,MELB_URBAN,OTHER,1,11.0
28814,1,1,130,1,1,60.0,0,I,MELB_URBAN,ROAD,5,16.0
28815,1,6,130,1,1,60.0,0,I,MELB_URBAN,ROAD,1,8.0
28816,1,5,134,2,1,70.0,0,I,MELB_URBAN,STREET,2,15.0
28817,2,5,99,5,1,50.0,0,N,MELB_URBAN,STREET,2,17.0
28818,8,4,174,2,9,60.0,0,I,RURAL_VICTORIA,ROAD,12,13.0
28819,1,7,99,1,1,100.0,0,I,RURAL_VICTORIA,OTHER,2,13.0
28820,1,5,135,2,1,60.0,0,I,MELB_URBAN,STREET,2,17.0
28821,1,5,130,5,1,60.0,0,N,MELB_URBAN,ROAD,2,17.0
28822,1,5,99,2,1,60.0,0,I,MELB_URBAN,STREET,2,16.0
28823,2,5,99,2,1,60.0,0,I,MELB_URBAN,ROAD,2,11.0
28824,6,5,99,5,1,80.0,0,N,RURAL_VICTORIA,HIGHWAY,2,16.0
28825,1,4,121,1,2,60.0,0,I,MELB_URBAN,ROAD,2,20.0
28826,4,5,173,2,2,80.0,0,I,MELB_URBAN,ROAD,2,19.0
28827,2,4,100,1,1,40.0,0,I,MELB_URBAN,STREET,2,14.0
28828,2,5,100,1,1,60.0,0,I,MELB_URBAN,STREET,2,16.0
28829,4,5,99,2,1,50.0,0,I,MELB_URBAN,ROAD,2,18.0
28830,1,4,140,1,1,100.0,0,I,RURAL_VICTORIA,ROAD,2,16.0
28831,1,6,130,5,1,70.0,0,N,MELB_URBAN,ROAD,1,15.0
28832,1,6,121,2,2,60.0,0,I,MELB_URBAN,ROAD,2,7.0
28833,2,6,99,1,1,40.0,0,I,MELB_URBAN,STREET,2,8.0
28834,1,7,99,5,1,60.0,0,N,MELB_URBAN,ROAD,1,12.0
28835,1,6,111,2,1,80.0,0,I,MELB_URBAN,HIGHWAY,2,7.0
28836,1,6,99,5,1,50.0,0,N,MELB_URBAN,STREET,2,8.0
28837,1,5,140,2,3,60.0,0,I,MELB_URBAN,ROAD,1,23.0
28838,1,6,99,1,2,60.0,0,I,MELB_URBAN,PARADE,2,7.0
28839,1,6,147,5,2,80.0,0,N,RURAL_VICTORIA,ROAD,2,6.0
28840,1,6,130,2,1,80.0,0,I,MELB_URBAN,ROAD,2,8.0
28841,1,2,113,2,1,60.0,0,I,MELB_URBAN,ROAD,2,12.0
28842,1,4,110,1,2,100.0,0,I,RURAL_VICTORIA,ROAD,2,7.0
28843,1,6,120,5,1,60.0,0,N,MELB_URBAN,STREET,12,15.0
28844,1,6,160,5,1,80.0,0,N,MELB_URBAN,ROAD,2,11.0
28845,8,7,174,2,1,60.0,0,N,RURAL_VICTORIA,ROAD,1,13.0
28846,1,6,130,1,1,80.0,0,I,MELB_URBAN,ROAD,2,11.0
28847,4,5,171,2,5,50.0,0,I,SMALL_CITIES,STREET,2,21.0
28848,4,5,173,5,1,60.0,0,N,RURAL_VICTORIA,OTHER,2,17.0
28849,1,6,132,2,1,60.0,0,I,MELB_URBAN,ROAD,2,10.0
28850,3,5,167,5,5,100.0,0,N,RURAL_VICTORIA,ROAD,2,6.0
28851,1,2,130,5,1,80.0,0,N,MELB_URBAN,FREEWAY,2,9.0
28852,1,2,147,5,2,60.0,0,N,SMALL_CITIES,STREET,2,19.0
28853,8,4,99,1,3,80.0,0,I,MELB_URBAN,ROAD,2,22.0
28854,1,6,121,2,1,60.0,0,I,MELB_URBAN,ROAD,2,15.0
28855,1,6,120,2,1,50.0,0,I,MELB_URBAN,BOULEVARD,2,17.0
28856,8,6,99,2,1,60.0,0,I,MELB_URBAN,STREET,2,17.0
28857,2,3,99,5,1,50.0,0,N,MELB_URBAN,STREET,2,14.0
28858,1,6,99,5,1,60.0,0,N,MELB_URBAN,ROAD,2,13.0
28859,1,5,99,2,1,60.0,0,I,MELB_URBAN,STREET,2,18.0
28860,1,6,130,1,1,60.0,0,I,MELB_URBAN,ROAD,2,13.0
28861,4,6,99,5,1,50.0,0,N,SMALL_CITIES,STREET,2,17.0
28862,4,6,173,5,1,50.0,0,N,MELB_URBAN,STREET,2,14.0
28863,4,6,171,5,5,80.0,0,N,RURAL_VICTORIA,ROAD,2,20.0
28864,1,6,130,5,1,60.0,0,N,MELB_URBAN,ROAD,2,16.0
28865,1,6,121,1,1,60.0,0,I,MELB_URBAN,ROAD,2,15.0
28866,1,6,140,5,1,40.0,0,N,MELB_URBAN,ROAD,2,18.0
28867,4,6,173,5,1,100.0,0,N,RURAL_VICTORIA,ROAD,2,16.0
28868,1,6,113,2,1,50.0,0,I,MELB_URBAN,ROAD,2,15.0
28869,4,6,171,5,3,60.0,0,N,MELB_URBAN,ROAD,2,22.0
28870,4,6,183,5,3,70.0,0,N,MELB_URBAN,ROAD,2,23.0
28871,1,6,160,5,3,60.0,0,N,MELB_URBAN,ROAD,2,23.0
28872,4,7,171,1,3,40.0,0,I,MELBOURNE_CBD,STREET,2,1.0
28873,1,7,135,5,3,100.0,0,N,MELB_URBAN,FREEWAY,2,2.0
28874,4,7,99,5,3,50.0,0,N,MELB_URBAN,UNKNOWN,2,4.0
28875,1,5,135,2,1,50.0,0,I,MELB_URBAN,STREET,2,9.0
28876,1,5,113,2,9,70.0,0,I,MELB_URBAN,ROAD,1,8.0
28877,8,6,99,1,9,60.0,0,I,MELB_URBAN,HIGHWAY,12,17.0
28878,1,7,121,2,1,70.0,0,I,MELB_URBAN,ROAD,2,8.0
28879,6,7,99,5,1,100.0,0,N,RURAL_VICTORIA,ROAD,2,8.0
28880,1,7,99,5,5,50.0,0,N,MELB_URBAN,AVENUE,2,4.0
28881,1,6,116,4,1,70.0,0,I,MELB_URBAN,ROAD,2,9.0
28882,4,1,171,5,1,60.0,0,N,RURAL_VICTORIA,ROAD,11,7.0
28883,8,7,174,5,1,50.0,0,N,MELB_URBAN,ROAD,2,10.0
28884,1,7,116,2,2,80.0,0,I,MELB_URBAN,ROAD,2,7.0
28885,1,7,113,1,1,80.0,0,I,MELB_URBAN,HIGHWAY,2,10.0
28886,1,7,160,5,1,50.0,0,N,MELB_URBAN,AVENUE,2,11.0
28887,2,7,99,6,1,50.0,0,N,MELB_URBAN,OTHER,2,12.0
28888,1,6,140,5,1,60.0,0,N,TOWNS,STREET,2,9.0
28889,4,7,183,5,1,60.0,0,N,RURAL_VICTORIA,ROAD,2,14.0
28890,1,6,135,5,1,100.0,0,N,MELB_URBAN,ROAD,2,14.0
28891,1,5,113,1,2,70.0,0,I,MELB_URBAN,ROAD,2,19.0
28892,6,7,174,1,3,40.0,0,I,MELBOURNE_CBD,STREET,2,0.0
28893,1,7,130,1,1,60.0,0,I,MELB_URBAN,ROAD,2,15.0
28894,1,6,130,5,1,70.0,0,N,MELB_URBAN,ROAD,2,17.0
28895,1,7,147,4,1,80.0,0,N,MELB_URBAN,ROAD,2,16.0
28896,1,6,130,1,1,60.0,0,N,MELB_URBAN,STREET,2,12.0
28897,1,5,130,1,1,50.0,0,N,MELB_URBAN,STREET,2,9.0
28898,6,7,99,5,1,90.0,0,N,RURAL_VICTORIA,ROAD,2,16.0
28899,4,7,173,2,1,50.0,0,I,MELB_URBAN,DRIVE,2,16.0
28900,1,1,133,2,9,50.0,0,I,MELB_URBAN,STREET,8,9.0
28901,1,7,130,2,1,90.0,0,I,MELB_URBAN,ROAD,2,18.0
28902,2,7,102,5,1,40.0,0,N,MELB_URBAN,UNKNOWN,2,16.0
28903,1,1,130,5,2,80.0,0,N,MELB_URBAN,ROAD,2,5.0
28904,4,5,171,2,1,50.0,0,I,MELB_URBAN,OTHER,2,16.0
28905,4,7,183,5,2,100.0,0,N,RURAL_VICTORIA,ROAD,2,20.0
28906,4,7,171,5,1,100.0,0,N,MELB_URBAN,ROAD,2,18.0
28907,4,6,99,2,3,60.0,0,I,SMALL_CITIES,STREET,2,23.0
28908,4,1,99,5,3,60.0,0,N,MELB_URBAN,ROAD,2,3.0
28909,6,7,170,5,3,100.0,0,N,RURAL_VICTORIA,ROAD,2,23.0
28910,2,1,99,5,5,100.0,1,N,RURAL_VICTORIA,FREEWAY,2,0.0
28911,1,7,110,1,1,80.0,0,I,RURAL_VICTORIA,FREEWAY,2,12.0
28912,1,2,99,5,1,40.0,0,N,MELB_URBAN,ROAD,2,9.0
28913,1,1,160,2,2,60.0,0,I,MELB_URBAN,ROAD,2,7.0
28914,1,1,110,1,2,70.0,0,I,MELB_URBAN,ROAD,2,7.0
28915,6,7,99,5,1,80.0,0,N,RURAL_VICTORIA,ROAD,2,16.0
28916,1,5,130,1,2,80.0,0,N,RURAL_VICTORIA,ROAD,9,6.0
28917,6,1,99,5,1,100.0,0,N,RURAL_VICTORIA,ROAD,2,10.0
28918,1,1,121,1,1,60.0,0,I,MELB_URBAN,ROAD,2,6.0
28919,4,1,171,5,9,50.0,0,N,SMALL_CITIES,STREET,2,12.0
28920,1,5,134,5,3,40.0,0,N,MELBOURNE_CBD,STREET,2,20.0
28921,2,1,100,5,1,60.0,0,N,MELB_URBAN,ROAD,11,9.0
28922,1,7,130,2,1,70.0,0,I,MELB_URBAN,ROAD,2,13.0
28923,1,5,110,1,1,100.0,0,I,MELB_URBAN,ROAD,2,8.0
28924,1,7,121,5,2,60.0,0,N,LARGE_PROVINCIAL_CITIES,STREET,2,7.0
28925,4,1,181,5,1,100.0,0,N,RURAL_VICTORIA,ROAD,2,15.0
28926,1,1,130,5,1,100.0,0,N,RURAL_VICTORIA,HIGHWAY,2,17.0
28927,6,5,99,5,1,80.0,0,N,RURAL_VICTORIA,ROAD,2,12.0
28928,1,1,99,5,1,60.0,0,N,MELB_URBAN,ROAD,2,17.0
28929,4,1,181,5,1,100.0,0,N,MELB_URBAN,FREEWAY,2,16.0
28930,1,1,160,5,2,50.0,0,N,MELB_URBAN,DRIVE,2,19.0
28931,1,1,99,4,2,50.0,0,I,MELB_URBAN,STREET,2,19.0
28932,1,1,120,5,1,100.0,0,N,RURAL_VICTORIA,ROAD,2,18.0
28933,1,1,135,2,3,80.0,0,I,MELB_URBAN,FREEWAY,2,20.0
28934,2,1,99,5,1,60.0,0,N,MELB_URBAN,PARADE,2,16.0
28935,1,4,132,2,1,60.0,0,I,MELB_URBAN,ROAD,2,15.0
28936,1,4,130,5,1,70.0,0,N,MELB_URBAN,ROAD,2,9.0
28937,2,2,99,5,2,60.0,0,N,SMALL_CITIES,STREET,2,6.0
28938,8,2,184,5,5,100.0,0,N,RURAL_VICTORIA,ROAD,2,4.0
28939,5,1,99,5,1,100.0,0,N,RURAL_VICTORIA,ROAD,2,13.0
28940,1,2,121,2,2,50.0,0,I,MELB_URBAN,ROAD,2,7.0
28941,1,1,116,1,3,50.0,0,I,MELB_URBAN,STREET,2,4.0
28942,1,6,121,2,1,60.0,0,I,TOWNS,STREET,1,9.0
28943,3,7,167,5,2,100.0,0,N,RURAL_VICTORIA,OTHER,2,20.0
28944,1,2,113,2,1,60.0,0,I,LARGE_PROVINCIAL_CITIES,STREET,2,8.0
28945,1,2,110,1,1,60.0,0,I,MELB_URBAN,ROAD,2,8.0
28946,1,2,130,2,2,60.0,0,I,MELB_URBAN,ROAD,2,7.0
28947,1,2,121,2,1,60.0,0,I,MELB_URBAN,STREET,2,8.0
28948,1,6,130,2,2,60.0,0,I,LARGE_PROVINCIAL_CITIES,STREET,2,19.0
28949,4,2,171,5,1,50.0,0,N,MELB_URBAN,STREET,2,10.0
28950,1,1,130,2,1,60.0,0,N,LARGE_PROVINCIAL_CITIES,HIGHWAY,8,10.0
28951,1,6,163,1,1,60.0,0,I,MELB_URBAN,OTHER,2,18.0
28952,1,7,130,2,1,80.0,0,I,MELB_URBAN,ROAD,2,11.0
28953,1,7,110,1,1,100.0,0,I,RURAL_VICTORIA,ROAD,2,16.0
28954,4,2,173,5,1,100.0,0,N,RURAL_VICTORIA,ROAD,2,8.0
28955,6,5,174,9,1,60.0,0,I,MELB_URBAN,ROAD,2,8.0
28956,1,5,132,2,1,60.0,0,I,MELB_URBAN,ROAD,12,9.0
28957,9,1,99,1,1,60.0,0,I,MELB_URBAN,STREET,2,9.0
28958,1,2,120,5,1,90.0,0,N,RURAL_VICTORIA,ROAD,2,9.0
28959,1,2,130,2,1,50.0,0,I,RURAL_VICTORIA,ROAD,2,8.0
28960,1,7,116,2,2,60.0,0,I,LARGE_PROVINCIAL_CITIES,STREET,2,7.0
28961,1,5,130,5,1,80.0,0,N,MELB_URBAN,ROAD,2,16.0
28962,4,1,171,5,3,60.0,0,N,MELB_URBAN,ROAD,2,21.0
28963,1,2,135,5,1,60.0,0,N,MELB_URBAN,ROAD,2,8.0
28964,1,2,110,1,1,60.0,0,I,MELB_URBAN,ROAD,2,9.0
28965,1,2,113,2,1,60.0,0,I,SMALL_CITIES,ROAD,2,13.0
28966,1,2,135,1,1,40.0,0,I,MELB_URBAN,ROAD,2,13.0
28967,1,2,111,1,1,60.0,0,I,MELB_URBAN,ROAD,2,14.0
28968,1,1,130,5,6,60.0,0,N,TOWNS,ROAD,2,1.0
28969,1,2,121,1,1,60.0,0,I,MELB_URBAN,STREET,2,13.0
28970,1,2,110,1,1,80.0,0,I,MELB_URBAN,ROAD,2,11.0
28971,1,6,130,5,2,60.0,0,N,MELB_URBAN,ROAD,9,17.0
28972,4,1,171,5,5,80.0,0,N,RURAL_VICTORIA,HIGHWAY,2,0.0
28973,4,1,181,5,1,80.0,0,N,RURAL_VICTORIA,ROAD,2,9.0
28974,1,1,130,5,1,60.0,0,N,MELB_URBAN,AVENUE,2,15.0
28975,1,2,113,2,1,70.0,0,I,SMALL_CITIES,STREET,2,9.0
28976,4,2,99,2,1,80.0,0,I,MELB_URBAN,ROAD,2,15.0
28977,6,7,99,5,1,80.0,0,N,RURAL_VICTORIA,ROAD,2,9.0
28978,4,2,183,5,1,70.0,1,N,RURAL_VICTORIA,ROAD,2,11.0
28979,1,2,160,5,1,60.0,0,N,MELB_URBAN,ROAD,2,17.0
28980,1,2,121,1,1,50.0,0,I,TOWNS,STREET,2,15.0
28981,6,2,99,5,1,80.0,0,N,MELB_URBAN,RAMP,2,14.0
28982,1,6,121,2,1,60.0,0,I,MELB_URBAN,ROAD,2,18.0
28983,8,2,170,2,1,60.0,0,I,LARGE_PROVINCIAL_CITIES,ROAD,2,17.0
28984,1,2,130,4,1,50.0,0,I,LARGE_PROVINCIAL_CITIES,STREET,2,15.0
28985,1,2,111,2,2,60.0,0,I,MELB_URBAN,ROAD,2,20.0
28986,1,2,121,1,1,60.0,0,I,MELB_URBAN,ROAD,2,15.0
28987,1,5,99,2,1,60.0,0,I,MELB_URBAN,STREET,1,16.0
28988,1,2,163,5,1,50.0,0,N,MELB_URBAN,AVENUE,2,18.0
28989,4,2,173,2,3,70.0,1,I,MELB_URBAN,ROAD,2,0.0
28990,1,2,99,5,1,80.0,0,N,MELB_URBAN,ROAD,2,15.0
28991,3,2,167,5,5,110.0,0,N,RURAL_VICTORIA,FREEWAY,2,3.0
28992,1,2,121,2,2,40.0,0,I,MELB_URBAN,ROAD,2,6.0
28993,4,2,171,5,5,80.0,0,N,MELB_URBAN,HIGHWAY,2,22.0
28994,2,6,99,5,1,60.0,0,N,SMALL_CITIES,STREET,2,14.0
28995,1,3,121,1,2,60.0,0,I,MELB_URBAN,ROAD,2,7.0
28996,1,3,130,1,2,80.0,0,I,MELB_URBAN,ROAD,2,5.0
28997,1,2,130,5,1,100.0,0,N,MELB_URBAN,FREEWAY,2,8.0
28998,1,2,121,5,1,60.0,0,N,SMALL_CITIES,STREET,2,14.0
28999,1,3,121,2,1,60.0,0,I,MELB_URBAN,STREET,2,8.0
29000,1,2,110,1,1,60.0,0,I,MELB_URBAN,ROAD,2,12.0
29001,1,2,130,5,1,60.0,0,N,MELB_URBAN,ROAD,2,17.0
29002,1,3,121,1,1,60.0,0,I,MELB_URBAN,ROAD,2,8.0
29003,1,2,130,5,2,100.0,0,N,MELB_URBAN,FREEWAY,2,6.0
29004,1,3,130,5,1,100.0,0,N,MELB_URBAN,FREEWAY,2,9.0
29005,1,5,130,1,6,50.0,0,I,MELB_URBAN,STREET,2,23.0
29006,1,3,130,1,2,80.0,0,I,MELB_URBAN,ROAD,2,5.0
29007,1,3,130,1,1,60.0,0,N,MELB_URBAN,ROAD,12,14.0
29008,1,5,132,1,9,60.0,0,I,MELB_URBAN,ROAD,1,13.0
29009,1,3,111,2,1,80.0,0,I,MELB_URBAN,HIGHWAY,2,10.0
29010,1,3,130,5,1,50.0,0,N,SMALL_CITIES,STREET,2,8.0
29011,1,2,130,1,1,80.0,0,N,MELB_URBAN,FREEWAY,2,8.0
29012,1,3,130,1,1,60.0,0,I,MELB_URBAN,ROAD,2,14.0
29013,1,3,133,1,2,40.0,0,I,MELB_URBAN,STREET,2,5.0
29014,1,3,130,2,1,80.0,0,I,MELB_URBAN,ROAD,2,10.0
29015,2,3,100,5,1,50.0,0,N,TOWNS,STREET,2,14.0
29016,8,5,174,5,9,60.0,0,N,MELB_URBAN,HIGHWAY,12,17.0
29017,1,7,130,2,9,60.0,0,I,MELB_URBAN,UNKNOWN,12,11.0
29018,1,3,140,2,1,70.0,0,N,MELB_URBAN,OTHER,2,16.0
29019,1,3,121,2,1,60.0,0,I,MELB_URBAN,PARADE,2,14.0
29020,2,4,100,1,1,60.0,0,I,MELB_URBAN,ROAD,2,17.0
29021,6,3,99,5,1,60.0,0,N,RURAL_VICTORIA,ROAD,2,11.0
29022,1,3,130,2,1,60.0,0,N,MELB_URBAN,ROAD,2,15.0
29023,1,7,140,5,1,60.0,0,N,TOWNS,OTHER,2,12.0
29024,1,3,130,5,1,70.0,0,N,MELB_URBAN,ROAD,2,17.0
29025,4,3,181,5,1,80.0,0,N,RURAL_VICTORIA,ROAD,2,17.0
29026,1,3,160,5,1,60.0,0,N,MELB_URBAN,STREET,2,14.0
29027,1,3,99,5,1,60.0,0,N,SMALL_CITIES,STREET,2,17.0
29028,1,3,135,5,1,90.0,0,N,RURAL_VICTORIA,FREEWAY,2,17.0
29029,1,3,99,2,1,60.0,0,I,MELB_URBAN,STREET,2,17.0
29030,2,2,100,1,1,40.0,0,I,MELB_URBAN,STREET,6,15.0
29031,1,3,160,5,1,50.0,0,N,MELB_URBAN,DRIVE,2,18.0
29032,1,4,110,1,3,60.0,0,I,MELB_URBAN,ROAD,11,22.0
29033,1,4,111,1,2,50.0,0,I,MELB_URBAN,STREET,2,6.0
29034,1,3,110,1,1,50.0,0,I,SMALL_CITIES,STREET,2,14.0
29035,4,2,171,5,1,60.0,0,N,LARGE_PROVINCIAL_CITIES,DRIVE,1,10.0
29036,1,3,132,5,1,50.0,0,N,LARGE_PROVINCIAL_CITIES,PARADE,2,18.0