,accident_type,day_of_week,dca_code,road_geometry,light_condition,speed_zone,severity,node_type,deg_urban_name,road_type,month,hour
29037,1,3,121,5,1,60.0,0,N,MELB_URBAN,STREET,2,16.0
29038,6,4,99,5,1,100.0,0,N,RURAL_VICTORIA,ROAD,2,8.0
29039,1,6,130,5,1,50.0,0,N,SMALL_CITIES,STREET,1,15.0
29040,1,6,110,1,3,60.0,0,N,MELB_URBAN,ROAD,7,21.0
29041,1,3,99,1,1,40.0,0,I,MELB_URBAN,ROAD,2,15.0
29042,1,4,110,1,1,80.0,0,I,RURAL_VICTORIA,STREET,2,9.0
29043,4,4,173,5,5,100.0,0,N,RURAL_VICTORIA,ROAD,2,2.0
29044,1,4,113,2,1,80.0,0,I,MELB_URBAN,ROAD,2,10.0
29045,1,2,130,2,1,50.0,0,I,MELB_URBAN,ROAD,2,17.0
29046,1,4,160,2,1,60.0,0,I,MELB_URBAN,UNKNOWN,2,10.0
29047,1,4,99,2,1,60.0,0,I,MELB_URBAN,ROAD,2,11.0
29048,1,4,99,4,1,50.0,0,I,MELB_URBAN,ROAD,2,8.0
29049,2,3,102,5,1,50.0,0,N,MELB_URBAN,OTHER,10,15.0
29050,1,4,121,2,1,60.0,0,I,LARGE_PROVINCIAL_CITIES,ROAD,2,8.0
29051,1,4,121,2,1,60.0,0,I,MELB_URBAN,ROAD,2,9.0
29052,2,4,99,2,1,40.0,0,I,MELBOURNE_CBD,STREET,2,10.0
29053,1,2,121,2,2,60.0,0,I,MELB_URBAN,ROAD,2,7.0
29054,1,3,130,5,1,80.0,0,N,MELB_URBAN,ROAD,2,17.0
29055,8,4,174,5,3,50.0,0,N,MELB_URBAN,OTHER,1,1.0
29056,1,2,130,1,1,60.0,0,N,LARGE_PROVINCIAL_CITIES,ROAD,11,17.0
29057,1,4,160,1,1,50.0,0,N,MELB_URBAN,STREET,2,14.0
29058,4,4,171,5,1,80.0,0,N,MELB_URBAN,ROAD,2,13.0
29059,1,4,113,2,2,80.0,0,I,MELB_URBAN,HIGHWAY,1,18.0
29060,1,2,130,5,9,60.0,0,N,MELB_URBAN,STREET,2,8.0
29061,2,4,100,5,1,50.0,0,N,MELB_URBAN,STREET,2,14.0
29062,8,4,174,5,2,60.0,0,N,RURAL_VICTORIA,ROAD,1,20.0
29063,1,6,130,1,1,60.0,0,I,MELB_URBAN,OTHER,12,14.0
29064,4,3,99,5,1,60.0,0,N,SMALL_TOWNS,STREET,2,9.0
29065,1,4,130,2,1,50.0,0,I,SMALL_CITIES,ROAD,2,17.0
29066,1,4,113,1,1,60.0,1,I,MELB_URBAN,STREET,2,14.0
29067,1,3,130,2,1,50.0,0,I,MELB_URBAN,STREET,2,16.0
29068,1,4,130,5,1,80.0,0,N,MELB_URBAN,HIGHWAY,2,17.0
29069,1,1,130,1,1,60.0,0,I,MELB_URBAN,ROAD,2,18.0
29070,1,4,130,5,1,80.0,0,N,MELB_URBAN,ROAD,2,15.0
29071,1,3,130,2,1,60.0,0,I,MELB_URBAN,STREET,2,12.0
29072,1,4,121,5,2,60.0,0,N,MELB_URBAN,ROAD,2,19.0
29073,1,4,147,5,1,50.0,0,N,MELB_URBAN,DRIVE,2,18.0
29074,1,4,130,5,1,80.0,0,N,MELB_URBAN,HIGHWAY,2,16.0
29075,1,4,110,1,3,70.0,0,I,MELB_URBAN,ROAD,2,23.0
29076,4,5,99,1,3,60.0,0,I,MELB_URBAN,STREET,2,3.0
29077,1,3,130,2,2,70.0,0,I,MELB_URBAN,ROAD,2,6.0
29078,1,5,113,2,1,60.0,0,I,MELB_URBAN,ROAD,2,8.0
29079,1,7,160,5,6,60.0,0,N,LARGE_PROVINCIAL_CITIES,STREET,12,21.0
29080,1,4,121,2,1,60.0,0,I,MELB_URBAN,ROAD,2,17.0
29081,1,5,130,2,1,60.0,0,I,MELB_URBAN,STREET,1,14.0
29082,1,5,130,5,1,60.0,0,N,MELB_URBAN,STREET,12,18.0
29083,2,5,99,1,1,50.0,0,I,MELB_URBAN,ROAD,2,8.0
29084,8,2,99,5,1,80.0,0,N,MELB_URBAN,ROAD,2,8.0
29085,1,2,130,1,1,60.0,0,I,MELB_URBAN,STREET,2,8.0
29086,1,4,163,1,2,50.0,0,I,MELB_URBAN,STREET,2,20.0
29087,1,4,133,5,1,80.0,0,N,MELB_URBAN,RAMP,2,12.0
29088,5,2,99,5,1,60.0,0,N,RURAL_VICTORIA,ROAD,2,10.0
29089,6,5,99,5,1,100.0,0,N,RURAL_VICTORIA,HIGHWAY,2,11.0
29090,1,3,130,5,1,60.0,0,N,MELB_URBAN,ROAD,2,15.0
29091,4,3,183,5,1,100.0,0,N,RURAL_VICTORIA,HIGHWAY,2,9.0
29092,1,5,113,2,1,60.0,0,I,MELB_URBAN,ROAD,2,12.0
29093,1,5,110,1,1,80.0,0,I,SMALL_CITIES,AVENUE,2,13.0
29094,1,4,110,1,1,50.0,0,I,MELB_URBAN,AVENUE,8,14.0
29095,1,5,99,5,1,50.0,0,N,MELB_URBAN,ROAD,2,16.0
29096,1,1,116,2,1,70.0,0,I,MELB_URBAN,ROAD,1,15.0
29097,2,5,99,5,1,50.0,0,N,SMALL_CITIES,STREET,2,16.0
29098,2,5,99,2,1,40.0,0,I,MELBOURNE_CBD,OTHER,2,14.0
29099,1,5,130,5,1,60.0,0,N,MELB_URBAN,ROAD,2,15.0
29100,8,4,184,5,1,60.0,0,N,RURAL_VICTORIA,ROAD,1,8.0
29101,1,4,130,2,1,60.0,0,I,MELB_URBAN,ROAD,2,18.0
29102,2,5,99,5,1,50.0,0,N,LARGE_PROVINCIAL_CITIES,ROAD,2,8.0
29103,8,7,174,3,1,60.0,0,I,RURAL_VICTORIA,OTHER,11,14.0
29104,1,2,120,2,1,60.0,0,N,TOWNS,ROAD,2,11.0
29105,1,5,113,2,1,60.0,0,I,MELB_URBAN,AVENUE,2,16.0
29106,1,5,130,5,1,40.0,0,I,MELB_URBAN,STREET,2,17.0
29107,8,1,174,5,1,60.0,0,N,RURAL_VICTORIA,OTHER,1,15.0
29108,2,5,99,5,1,50.0,0,N,MELB_URBAN,STREET,2,13.0
29109,1,5,110,1,1,50.0,0,I,MELB_URBAN,ROAD,2,16.0
29110,8,2,184,5,1,60.0,0,N,LARGE_PROVINCIAL_CITIES,STREET,10,16.0
29111,1,5,130,5,1,80.0,0,N,MELB_URBAN,FREEWAY,2,17.0
29112,7,3,99,2,3,70.0,0,I,MELB_URBAN,HIGHWAY,2,22.0
29113,3,5,167,5,5,100.0,0,N,RURAL_VICTORIA,ROAD,2,20.0
29114,2,5,102,5,1,40.0,0,N,MELBOURNE_CBD,STREET,2,15.0
29115,1,5,132,1,1,80.0,0,I,RURAL_VICTORIA,ROAD,2,9.0
29116,1,1,113,1,1,60.0,0,I,MELB_URBAN,ROAD,1,11.0
29117,8,6,174,5,3,60.0,0,N,MELB_URBAN,ROAD,2,0.0
29118,1,5,120,5,4,80.0,1,N,TOWNS,ROAD,2,21.0
29119,1,5,121,2,3,100.0,0,I,RURAL_VICTORIA,HIGHWAY,2,23.0
29120,6,3,170,1,5,100.0,0,I,RURAL_VICTORIA,ROAD,2,21.0
29121,6,6,170,5,5,80.0,1,N,RURAL_VICTORIA,ROAD,2,1.0
29122,2,4,99,5,1,50.0,0,N,MELB_URBAN,STREET,2,16.0
29123,1,6,111,4,2,60.0,0,I,MELB_URBAN,FREEWAY,2,7.0
29124,1,6,147,5,2,50.0,0,N,MELB_URBAN,ROAD,2,7.0
29125,1,4,130,5,1,100.0,0,N,MELB_URBAN,ROAD,2,15.0
29126,1,6,110,1,2,50.0,0,I,LARGE_PROVINCIAL_CITIES,STREET,2,7.0
29127,4,6,183,5,1,60.0,0,N,MELB_URBAN,PARADE,2,8.0
29128,1,5,121,2,1,60.0,0,I,MELB_URBAN,ROAD,2,8.0
29129,1,2,147,2,1,60.0,0,I,MELB_URBAN,ROAD,2,15.0
29130,1,4,140,5,2,50.0,0,N,MELB_URBAN,STREET,8,21.0
29131,1,6,121,2,1,80.0,0,I,MELB_URBAN,HIGHWAY,2,9.0
29132,1,6,121,1,1,60.0,0,I,MELB_URBAN,UNKNOWN,2,9.0
29133,6,4,174,1,1,50.0,0,I,MELB_URBAN,STREET,2,18.0
29134,1,6,121,1,1,70.0,0,I,MELB_URBAN,ROAD,2,10.0
29135,4,7,183,5,5,90.0,0,N,RURAL_VICTORIA,ROAD,2,0.0
29136,4,6,173,5,1,100.0,0,N,RURAL_VICTORIA,ROAD,2,8.0
29137,8,4,184,5,1,60.0,0,N,RURAL_VICTORIA,ROAD,1,15.0
29138,4,7,171,1,1,80.0,0,N,MELB_URBAN,ROAD,1,13.0
29139,1,3,99,5,1,50.0,0,N,MELB_URBAN,ROAD,1,9.0
29140,1,6,163,5,1,40.0,0,N,MELB_URBAN,ROAD,2,12.0
29141,7,1,174,5,1,60.0,0,N,RURAL_VICTORIA,OTHER,2,13.0
29142,4,2,99,2,1,70.0,0,N,MELB_URBAN,ROAD,10,14.0
29143,1,1,121,4,1,60.0,0,I,MELB_URBAN,ROAD,10,15.0
29144,5,4,171,5,1,100.0,0,N,RURAL_VICTORIA,ROAD,12,12.0
29145,1,6,160,2,1,60.0,0,I,MELB_URBAN,STREET,2,8.0
29146,2,6,100,1,1,50.0,0,I,MELB_URBAN,STREET,2,13.0
29147,1,4,116,2,1,100.0,0,I,RURAL_VICTORIA,ROAD,1,9.0
29148,1,5,111,2,1,60.0,0,I,MELB_URBAN,DRIVE,10,17.0
29149,8,2,174,5,2,60.0,0,N,RURAL_VICTORIA,OTHER,2,19.0
29150,1,3,130,2,1,50.0,0,I,MELB_URBAN,STREET,2,17.0
29151,1,4,130,1,1,70.0,0,I,MELB_URBAN,STREET,2,8.0
29152,4,7,181,5,1,60.0,0,N,RURAL_VICTORIA,HIGHWAY,1,16.0
29153,4,3,171,5,1,50.0,0,N,MELB_URBAN,STREET,2,17.0
29154,1,6,130,5,1,60.0,0,N,SMALL_CITIES,ROAD,2,15.0
29155,1,6,121,5,1,60.0,0,N,LARGE_PROVINCIAL_CITIES,ROAD,2,12.0
29156,1,6,130,5,9,50.0,0,N,MELB_URBAN,ROAD,2,0.0
29157,2,6,100,5,1,70.0,0,N,LARGE_PROVINCIAL_CITIES,HIGHWAY,2,16.0
29158,1,6,160,5,1,60.0,0,N,MELB_URBAN,ROAD,2,17.0
29159,2,6,99,5,2,60.0,0,N,MELB_URBAN,STREET,2,7.0
29160,1,6,130,5,1,60.0,0,N,SMALL_CITIES,STREET,2,16.0
29161,1,6,130,2,1,60.0,0,I,MELB_URBAN,STREET,2,18.0
29162,1,5,113,1,2,50.0,0,I,MELB_URBAN,ROAD,2,6.0
29163,4,6,171,5,1,100.0,0,N,RURAL_VICTORIA,ROAD,2,15.0
29164,1,7,116,2,3,80.0,0,I,MELB_URBAN,ROAD,9,0.0
29165,1,6,163,5,1,60.0,0,N,MELBOURNE_CBD,STREET,2,17.0
29166,8,6,99,5,1,100.0,0,N,SMALL_TOWNS,ROAD,2,17.0
29167,1,6,140,5,1,80.0,0,N,MELB_URBAN,HIGHWAY,2,18.0
29168,1,6,121,5,1,60.0,0,N,MELB_URBAN,ROAD,2,17.0
29169,2,6,100,1,1,50.0,0,I,MELB_URBAN,STREET,2,17.0
29170,1,6,134,5,5,100.0,0,N,RURAL_VICTORIA,HIGHWAY,2,21.0
29171,1,6,130,5,3,50.0,0,N,MELB_URBAN,ROAD,2,22.0
29172,6,6,174,1,1,80.0,0,I,RURAL_VICTORIA,UNKNOWN,2,15.0
29173,1,6,120,5,1,70.0,0,N,MELB_URBAN,ROAD,2,17.0
29174,1,7,110,1,1,80.0,0,I,MELB_URBAN,ROAD,2,9.0
29175,4,6,171,1,3,60.0,0,I,MELB_URBAN,STREET,2,23.0
29176,1,3,110,1,1,50.0,0,I,LARGE_PROVINCIAL_CITIES,ROAD,1,18.0
29177,4,7,171,2,3,60.0,0,I,LARGE_PROVINCIAL_CITIES,STREET,2,0.0
29178,1,7,130,5,3,100.0,0,N,MELB_URBAN,FREEWAY,2,0.0
29179,4,1,171,5,5,50.0,0,N,MELB_URBAN,OTHER,1,23.0
29180,1,2,121,2,1,60.0,0,I,MELB_URBAN,ROAD,2,8.0
29181,1,6,99,5,3,60.0,0,N,MELB_URBAN,ROAD,2,22.0
29182,1,6,110,1,1,50.0,0,I,SMALL_CITIES,AVENUE,2,13.0
29183,2,5,102,1,3,60.0,0,I,MELB_URBAN,ROAD,2,21.0
29184,4,7,171,5,2,70.0,0,N,LARGE_PROVINCIAL_CITIES,HIGHWAY,2,6.0
29185,1,6,163,2,1,50.0,0,I,MELB_URBAN,STREET,2,13.0
29186,1,5,121,2,2,60.0,0,I,TOWNS,ROAD,10,7.0
29187,1,7,130,2,1,80.0,0,I,MELB_URBAN,ROAD,2,8.0
29188,8,6,174,5,1,80.0,0,N,SMALL_TOWNS,HIGHWAY,2,9.0
29189,4,7,181,5,2,100.0,0,N,RURAL_VICTORIA,ROAD,2,7.0
29190,1,7,110,1,1,60.0,0,I,MELB_URBAN,STREET,2,9.0
29191,1,2,130,1,9,80.0,0,I,MELB_URBAN,ROAD,1,18.0
29192,1,7,120,2,1,100.0,0,I,RURAL_VICTORIA,ROAD,2,11.0
29193,8,7,184,5,1,100.0,0,N,RURAL_VICTORIA,ROAD,2,9.0
29194,1,6,110,1,1,50.0,0,I,MELB_URBAN,STREET,2,18.0
29195,1,7,99,5,1,70.0,0,N,SMALL_CITIES,STREET,2,12.0
29196,1,6,135,5,1,100.0,0,N,MELB_URBAN,FREEWAY,2,18.0
29197,4,7,171,5,1,60.0,0,N,LARGE_PROVINCIAL_CITIES,ROAD,2,12.0
29198,1,7,120,5,1,70.0,0,N,MELB_URBAN,ROAD,2,13.0
29199,1,7,120,5,1,100.0,0,N,RURAL_VICTORIA,OTHER,2,13.0
29200,1,7,120,5,1,80.0,1,N,RURAL_VICTORIA,ROAD,2,8.0
29201,1,7,110,1,1,50.0,0,I,MELB_URBAN,STREET,2,14.0
29202,1,7,121,2,1,60.0,0,I,MELB_URBAN,ROAD,2,16.0
29203,4,7,181,5,1,110.0,0,N,RURAL_VICTORIA,FREEWAY,2,16.0
29204,1,7,120,2,1,50.0,0,I,MELB_URBAN,STREET,2,16.0
29205,1,7,113,2,1,100.0,0,N,RURAL_VICTORIA,HIGHWAY,2,17.0
29206,1,7,121,1,1,60.0,0,I,MELB_URBAN,ROAD,2,17.0
29207,1,7,110,1,1,60.0,0,I,MELB_URBAN,STREET,2,17.0
29208,4,7,183,5,1,100.0,0,N,RURAL_VICTORIA,ROAD,2,13.0
29209,3,7,167,5,1,60.0,0,N,RURAL_VICTORIA,ROAD,2,18.0
29210,6,6,174,2,3,50.0,0,I,MELB_URBAN,STREET,2,21.0
29211,4,7,183,5,2,80.0,0,N,TOWNS,ROAD,2,18.0
29212,1,7,120,5,1,70.0,0,N,MELB_URBAN,ROAD,2,17.0
29213,4,7,183,5,1,60.0,0,N,RURAL_VICTORIA,ROAD,2,17.0
29214,1,7,160,5,2,70.0,0,N,MELB_URBAN,ROAD,2,19.0
29215,2,7,99,5,1,60.0,0,N,MELB_URBAN,ROAD,2,15.0
29216,1,4,99,1,1,50.0,0,I,TOWNS,STREET,2,13.0
29217,1,7,140,1,1,70.0,0,I,LARGE_PROVINCIAL_CITIES,ROAD,2,18.0
29218,2,1,100,1,3,60.0,0,I,MELB_URBAN,ROAD,2,1.0
29219,2,7,100,5,5,50.0,0,N,MELB_URBAN,ROAD,2,23.0
29220,8,1,174,1,3,50.0,0,I,SMALL_CITIES,STREET,2,1.0
29221,4,1,173,1,3,60.0,0,I,MELB_URBAN,STREET,2,1.0
29222,4,1,173,5,3,50.0,0,N,MELB_URBAN,OTHER,2,1.0
29223,1,3,121,2,1,60.0,0,I,MELB_URBAN,ROAD,1,8.0
29224,4,1,181,5,5,80.0,0,N,RURAL_VICTORIA,HIGHWAY,2,2.0
29225,1,7,113,2,1,60.0,0,N,MELB_URBAN,OTHER,2,13.0
29226,4,7,183,5,1,100.0,0,N,RURAL_VICTORIA,ROAD,2,10.0
29227,4,7,99,5,1,100.0,1,N,RURAL_VICTORIA,ROAD,2,11.0
29228,1,1,110,1,2,70.0,0,I,MELB_URBAN,ROAD,2,6.0
29229,1,1,116,2,1,60.0,0,N,MELB_URBAN,ROAD,2,11.0
29230,4,7,171,5,1,100.0,0,N,RURAL_VICTORIA,HIGHWAY,2,8.0
29231,8,6,99,1,1,60.0,0,I,SMALL_CITIES,STREET,2,12.0
29232,1,5,121,5,2,50.0,0,N,SMALL_CITIES,STREET,2,19.0
29233,4,1,173,5,1,80.0,0,N,RURAL_VICTORIA,ROAD,2,11.0
29234,1,1,113,2,1,80.0,0,I,MELB_URBAN,ROAD,2,12.0
29235,4,1,171,5,1,50.0,0,N,SMALL_CITIES,PARADE,2,14.0
29236,4,1,173,4,1,50.0,0,I,MELB_URBAN,STREET,2,13.0
29237,4,7,171,5,2,60.0,0,N,SMALL_CITIES,STREET,2,21.0
29238,1,1,130,1,3,50.0,0,I,MELB_URBAN,STREET,2,3.0
29239,1,1,99,5,1,50.0,0,N,LARGE_PROVINCIAL_CITIES,STREET,2,16.0
29240,6,1,174,5,1,100.0,0,N,RURAL_VICTORIA,ROAD,2,15.0
29241,4,1,181,5,1,60.0,0,N,MELB_URBAN,HIGHWAY,2,15.0
29242,8,7,170,5,2,60.0,0,N,RURAL_VICTORIA,ROAD,2,19.0
29243,2,1,102,1,2,80.0,0,I,MELB_URBAN,ROAD,2,19.0
29244,1,1,113,2,1,60.0,0,I,MELB_URBAN,ROAD,2,18.0
29245,1,6,121,5,1,60.0,0,N,MELB_URBAN,ROAD,2,18.0
29246,1,1,110,1,2,60.0,0,I,LARGE_PROVINCIAL_CITIES,OTHER,2,19.0
29247,1,1,110,1,3,50.0,0,I,MELB_URBAN,ROAD,2,20.0
29248,1,1,110,1,3,50.0,0,I,MELB_URBAN,STREET,2,20.0
29249,8,1,174,1,1,100.0,0,I,RURAL_VICTORIA,ROAD,2,17.0
29250,1,2,110,1,2,60.0,0,I,LARGE_PROVINCIAL_CITIES,STREET,2,5.0
29251,4,0,181,5,2,70.0,0,N,RURAL_VICTORIA,ROAD,2,6.0
29252,1,7,130,1,1,60.0,0,I,MELB_URBAN,ROAD,2,15.0
29253,1,2,110,1,3,60.0,0,I,MELB_URBAN,ROAD,11,23.0
29254,4,3,173,5,2,80.0,0,N,MELB_URBAN,ROAD,2,19.0
29255,1,5,147,5,1,60.0,0,N,MELB_URBAN,ROAD,10,9.0
29256,1,6,130,5,1,80.0,0,N,LARGE_PROVINCIAL_CITIES,HIGHWAY,2,16.0
29257,1,2,130,5,2,60.0,0,N,MELB_URBAN,ROAD,2,7.0
29258,6,3,99,2,1,100.0,0,N,RURAL_VICTORIA,ROAD,2,13.0
29259,1,2,99,5,1,100.0,0,N,MELB_URBAN,ROAD,12,14.0
29260,2,2,102,5,1,50.0,0,N,MELB_URBAN,STREET,2,10.0
29261,1,2,99,5,1,40.0,0,N,MELB_URBAN,ROAD,2,9.0
29262,1,7,110,1,1,50.0,0,I,LARGE_PROVINCIAL_CITIES,STREET,2,18.0
29263,1,2,160,5,1,60.0,0,N,MELB_URBAN,ROAD,2,11.0
29264,6,5,174,1,9,50.0,0,I,RURAL_VICTORIA,DRIVE,2,0.0
29265,1,6,121,5,1,80.0,0,N,MELB_URBAN,ROAD,2,16.0
29266,1,4,130,9,1,50.0,0,I,LARGE_PROVINCIAL_CITIES,ROAD,2,11.0
29267,2,2,100,2,1,60.0,0,I,MELB_URBAN,OTHER,2,11.0
29268,1,2,130,1,1,50.0,0,I,MELB_URBAN,DRIVE,2,12.0
29269,1,2,99,4,2,60.0,0,I,MELB_URBAN,RAMP,2,7.0
29270,1,2,134,1,1,60.0,0,I,MELB_URBAN,ROAD,2,9.0
29271,7,7,99,2,1,50.0,0,I,MELB_URBAN,STREET,2,10.0
29272,1,2,110,1,1,50.0,0,I,MELB_URBAN,AVENUE,2,11.0
29273,4,2,181,5,1,100.0,0,N,RURAL_VICTORIA,ROAD,2,12.0
29274,1,2,140,5,1,60.0,0,N,MELB_URBAN,ROAD,2,13.0
29275,1,2,110,1,1,50.0,0,I,MELB_URBAN,STREET,2,11.0
29276,5,4,99,5,5,80.0,0,N,RURAL_VICTORIA,ROAD,12,5.0
29277,4,2,183,5,1,100.0,0,N,RURAL_VICTORIA,ROAD,2,9.0
29278,1,2,120,5,1,80.0,0,N,RURAL_VICTORIA,ROAD,2,14.0
29279,4,2,173,5,1,100.0,1,N,MELB_URBAN,FREEWAY,2,14.0
29280,1,2,160,2,1,50.0,0,I,MELB_URBAN,DRIVE,2,16.0
29281,1,1,120,2,1,50.0,0,I,MELB_URBAN,ROAD,2,12.0
29282,1,2,133,5,1,50.0,0,N,MELB_URBAN,ROAD,2,15.0
29283,1,6,130,5,6,50.0,0,N,MELB_URBAN,STREET,2,22.0
29284,1,4,130,5,1,80.0,0,N,MELB_URBAN,HIGHWAY,2,15.0
29285,1,2,121,1,1,60.0,0,I,MELB_URBAN,STREET,2,17.0
29286,1,2,130,5,1,100.0,0,N,MELB_URBAN,FREEWAY,2,18.0
29287,1,3,130,1,1,60.0,0,I,MELB_URBAN,STREET,1,15.0
29288,4,2,99,4,1,50.0,0,I,TOWNS,STREET,2,17.0
29289,3,2,167,5,1,100.0,0,N,RURAL_VICTORIA,HIGHWAY,2,16.0
29290,1,3,99,2,9,60.0,0,I,MELB_URBAN,ROAD,12,9.0
29291,1,2,121,1,3,80.0,0,I,MELB_URBAN,HIGHWAY,2,4.0
29292,8,2,99,2,5,60.0,0,I,MELB_URBAN,ROAD,2,22.0
29293,2,3,99,5,3,40.0,0,N,MELB_URBAN,ROAD,2,2.0
29294,1,3,121,2,3,80.0,0,N,MELB_URBAN,HIGHWAY,2,0.0
29295,4,2,181,5,1,100.0,0,N,RURAL_VICTORIA,HIGHWAY,2,12.0
29296,1,3,113,1,2,60.0,0,I,MELB_URBAN,ROAD,2,7.0
29297,1,6,130,1,1,40.0,0,I,MELB_URBAN,ROAD,2,10.0
29298,2,3,100,2,1,50.0,0,I,MELB_URBAN,ROAD,2,9.0
29299,3,3,167,5,1,80.0,0,N,SMALL_TOWNS,HIGHWAY,2,8.0
29300,1,7,130,1,1,50.0,0,I,MELB_URBAN,PARADE,1,17.0
29301,1,3,135,2,1,60.0,0,I,MELB_URBAN,ROAD,2,9.0
29302,4,3,99,2,1,50.0,0,I,MELB_URBAN,OTHER,2,8.0
29303,4,3,173,5,1,100.0,0,N,RURAL_VICTORIA,ROAD,2,9.0
29304,1,3,130,1,1,60.0,0,I,MELB_URBAN,STREET,2,11.0
29305,1,3,121,2,1,60.0,0,I,MELB_URBAN,ROAD,2,8.0
29306,1,3,121,2,1,70.0,0,N,MELB_URBAN,DRIVE,2,9.0
29307,1,2,130,2,1,70.0,0,I,MELB_URBAN,ROAD,2,11.0
29308,1,2,135,2,1,70.0,0,I,MELB_URBAN,ROAD,2,15.0
29309,1,1,121,5,1,60.0,0,N,MELB_URBAN,ROAD,1,18.0
29310,2,2,99,5,1,40.0,0,N,MELBOURNE_CBD,STREET,2,9.0
29311,1,3,130,2,1,80.0,0,I,MELB_URBAN,ROAD,2,12.0
29312,1,3,113,2,1,50.0,0,I,MELB_URBAN,ROAD,2,13.0
29313,2,2,102,1,1,50.0,0,I,MELB_URBAN,ROAD,2,8.0
29314,2,3,102,5,1,60.0,0,N,MELB_URBAN,ROAD,2,14.0
29315,1,1,110,1,3,50.0,0,I,MELBOURNE_CBD,STREET,2,2.0
29316,1,3,111,2,1,50.0,0,I,MELB_URBAN,ROAD,2,16.0
29317,1,3,130,5,1,70.0,0,N,LARGE_PROVINCIAL_CITIES,HIGHWAY,2,9.0
29318,1,3,133,1,1,60.0,0,I,MELB_URBAN,BOULEVARD,2,16.0
29319,1,2,130,5,1,70.0,0,N,MELB_URBAN,ROAD,2,15.0
29320,1,3,121,1,1,40.0,0,I,MELB_URBAN,STREET,2,14.0
29321,4,6,181,5,1,60.0,0,N,RURAL_VICTORIA,ROAD,12,9.0
29322,8,3,99,2,1,60.0,0,I,MELB_URBAN,ROAD,2,15.0
29323,1,3,99,5,1,70.0,0,N,MELB_URBAN,ROAD,2,15.0
29324,1,3,135,5,1,70.0,0,N,MELB_URBAN,ROAD,2,16.0
29325,1,3,110,1,1,40.0,0,I,MELBOURNE_CBD,STREET,2,14.0
29326,4,3,173,5,1,100.0,0,N,RURAL_VICTORIA,ROAD,2,16.0
29327,1,2,130,1,1,80.0,0,I,MELB_URBAN,ROAD,2,14.0
29328,1,3,140,5,1,100.0,0,N,TOWNS,ROAD,2,16.0
29329,1,3,116,2,1,50.0,0,I,MELB_URBAN,STREET,2,17.0
29330,1,3,99,2,2,50.0,0,N,MELB_URBAN,ROAD,2,20.0
29331,1,3,121,1,2,60.0,0,I,MELB_URBAN,ROAD,2,19.0
29332,1,7,130,5,1,60.0,0,N,MELB_URBAN,ROAD,12,12.0
29333,1,3,147,5,3,60.0,0,N,MELB_URBAN,ROAD,2,21.0
29334,4,4,171,5,5,100.0,0,N,RURAL_VICTORIA,FREEWAY,2,3.0
29335,1,3,120,5,3,60.0,0,N,MELB_URBAN,STREET,2,22.0
29336,4,3,171,5,2,100.0,0,N,RURAL_VICTORIA,ROAD,2,20.0
29337,1,5,130,2,1,60.0,0,I,MELB_URBAN,ROAD,2,17.0
29338,1,7,130,5,1,60.0,0,N,MELB_URBAN,ROAD,2,17.0
29339,1,4,116,2,1,50.0,0,I,SMALL_CITIES,STREET,2,8.0
29340,1,3,130,5,1,70.0,0,N,MELB_URBAN,ROAD,2,15.0
29341,1,4,99,1,1,60.0,0,I,MELB_URBAN,ROAD,2,8.0
29342,8,3,174,5,1,60.0,0,N,MELB_URBAN,STREET,2,17.0
29343,4,4,99,5,1,50.0,0,N,MELB_URBAN,STREET,2,10.0
29344,5,4,99,5,1,60.0,0,N,TOWNS,STREET,2,9.0
29345,1,4,120,5,1,60.0,0,N,SMALL_CITIES,ROAD,2,10.0
29346,1,4,121,1,1,80.0,0,I,MELB_URBAN,ROAD,2,11.0
29347,1,3,130,5,2,60.0,0,N,MELB_URBAN,ROAD,2,7.0
29348,3,3,167,5,1,100.0,0,N,RURAL_VICTORIA,ROAD,2,17.0
29349,2,5,99,5,1,40.0,0,N,MELB_URBAN,OTHER,2,15.0
29350,1,1,110,1,1,60.0,0,N,MELB_URBAN,ROAD,11,10.0
29351,4,4,181,5,1,70.0,0,N,MELB_URBAN,ROAD,2,13.0
29352,1,2,130,5,1,100.0,0,N,MELB_URBAN,FREEWAY,2,9.0
29353,8,1,99,5,3,60.0,0,N,MELB_URBAN,HIGHWAY,2,21.0
29354,6,4,99,2,1,100.0,0,I,RURAL_VICTORIA,OTHER,2,16.0
29355,1,4,130,2,1,60.0,0,I,MELB_URBAN,STREET,2,16.0
29356,2,4,100,2,2,50.0,0,I,MELB_URBAN,STREET,2,17.0
29357,1,4,120,5,1,80.0,0,N,RURAL_VICTORIA,ROAD,2,17.0
29358,4,4,171,5,2,100.0,0,N,RURAL_VICTORIA,ROAD,2,17.0
29359,4,4,181,5,1,100.0,0,N,RURAL_VICTORIA,ROAD,2,17.0
29360,1,1,130,1,1,70.0,0,I,MELB_URBAN,ROAD,2,15.0
29361,1,4,120,5,1,40.0,0,N,RURAL_VICTORIA,ROAD,2,18.0
29362,1,4,130,5,1,60.0,0,N,MELB_URBAN,ROAD,2,17.0
29363,4,4,173,4,3,60.0,0,N,MELB_URBAN,ROAD,2,19.0
29364,6,4,184,5,3,50.0,0,N,MELB_URBAN,STREET,2,20.0
29365,2,4,99,2,1,60.0,0,I,MELB_URBAN,PARADE,2,17.0
29366,1,4,121,2,2,60.0,0,I,MELB_URBAN,STREET,2,18.0
29367,4,4,173,1,3,80.0,0,I,MELB_URBAN,HIGHWAY,2,20.0
29368,4,4,171,5,5,100.0,0,N,RURAL_VICTORIA,ROAD,2,20.0
29369,1,4,130,5,9,60.0,0,N,MELB_URBAN,ROAD,2,23.0