,accident_type,day_of_week,dca_code,road_geometry,light_condition,speed_zone,severity,node_type,deg_urban_name,road_type,month,hour
29370,4,4,173,5,3,60.0,0,N,MELB_URBAN,ROAD,2,22.0
29371,1,5,160,2,3,60.0,0,I,MELB_URBAN,ROAD,2,1.0
29372,4,4,171,2,6,60.0,0,I,MELB_URBAN,STREET,2,23.0
29373,1,4,160,2,3,70.0,0,I,MELB_URBAN,ROAD,2,21.0
29374,1,4,110,1,2,50.0,0,I,MELB_URBAN,AVENUE,10,19.0
29375,1,5,121,2,3,60.0,0,I,MELB_URBAN,ROAD,2,0.0
29376,1,4,110,1,3,60.0,0,I,MELB_URBAN,STREET,2,23.0
29377,6,4,174,2,1,50.0,0,I,MELB_URBAN,STREET,2,14.0
29378,4,4,183,5,1,100.0,0,N,RURAL_VICTORIA,ROAD,2,16.0
29379,3,5,167,5,2,110.0,0,N,RURAL_VICTORIA,HIGHWAY,2,6.0
29380,1,6,147,2,1,60.0,0,N,RURAL_VICTORIA,ROAD,2,11.0
29381,1,5,121,5,1,70.0,0,N,MELB_URBAN,ROAD,2,8.0
29382,1,5,163,2,1,40.0,0,I,MELB_URBAN,ROAD,2,8.0
29383,2,2,99,5,1,60.0,0,N,MELB_URBAN,STREET,2,8.0
29384,1,6,130,5,1,60.0,0,N,MELB_URBAN,ROAD,2,16.0
29385,4,5,171,5,1,100.0,0,N,SMALL_CITIES,FREEWAY,2,8.0
29386,1,5,130,5,1,60.0,0,N,MELB_URBAN,ROAD,2,8.0
29387,1,5,130,5,1,60.0,0,N,MELB_URBAN,ROAD,2,8.0
29388,4,5,171,5,1,100.0,0,N,RURAL_VICTORIA,ROAD,8,15.0
29389,1,3,130,5,5,100.0,0,N,RURAL_VICTORIA,ROAD,2,21.0
29390,1,5,113,2,1,70.0,0,I,RURAL_VICTORIA,ROAD,2,8.0
29391,1,5,113,2,1,80.0,0,I,MELB_URBAN,ROAD,2,11.0
29392,1,5,130,5,2,60.0,0,N,MELB_URBAN,ROAD,2,7.0
29393,4,3,183,5,1,100.0,0,N,RURAL_VICTORIA,ROAD,2,10.0
29394,1,5,99,5,1,60.0,0,N,MELB_URBAN,ROAD,2,10.0
29395,8,7,99,5,9,60.0,0,N,MELB_URBAN,RAMP,2,15.0
29396,8,4,184,5,1,80.0,0,N,RURAL_VICTORIA,ROAD,2,15.0
29397,1,4,130,5,1,70.0,0,N,MELB_URBAN,ROAD,2,17.0
29398,1,1,130,5,1,60.0,0,N,MELB_URBAN,STREET,2,18.0
29399,6,5,99,5,1,100.0,0,N,RURAL_VICTORIA,HIGHWAY,2,12.0
29400,2,4,99,1,3,40.0,0,I,MELB_URBAN,STREET,2,20.0
29401,1,6,113,1,1,50.0,0,I,MELB_URBAN,STREET,2,17.0
29402,4,4,183,5,1,80.0,0,N,RURAL_VICTORIA,ROAD,2,11.0
29403,6,3,174,1,2,60.0,0,I,LARGE_PROVINCIAL_CITIES,ROAD,2,19.0
29404,1,5,113,2,1,60.0,0,I,MELB_URBAN,ROAD,2,13.0
29405,8,4,99,5,1,100.0,0,N,RURAL_VICTORIA,ROAD,2,13.0
29406,1,5,147,5,1,40.0,0,N,MELB_URBAN,STREET,2,14.0
29407,1,6,130,2,1,60.0,0,I,MELB_URBAN,ROAD,2,12.0
29408,1,2,121,1,1,60.0,0,I,TOWNS,STREET,2,14.0
29409,1,4,130,5,2,80.0,0,N,MELB_URBAN,ROAD,2,17.0
29410,2,5,102,2,1,40.0,0,N,MELB_URBAN,ROAD,2,15.0
29411,6,4,174,5,1,100.0,0,N,RURAL_VICTORIA,OTHER,1,12.0
29412,1,5,130,5,1,60.0,0,N,MELB_URBAN,ROAD,2,15.0
29413,1,5,121,1,1,50.0,0,I,MELB_URBAN,ROAD,2,15.0
29414,1,5,110,1,2,60.0,0,I,MELB_URBAN,ROAD,2,7.0
29415,8,7,174,5,1,60.0,0,N,RURAL_VICTORIA,ROAD,2,9.0
29416,1,5,99,2,1,60.0,0,I,LARGE_PROVINCIAL_CITIES,AVENUE,2,16.0
29417,1,5,121,2,1,70.0,0,I,MELB_URBAN,ROAD,2,17.0
29418,1,5,113,2,1,70.0,0,I,MELB_URBAN,STREET,2,17.0
29419,1,5,130,1,3,70.0,0,I,MELB_URBAN,ROAD,2,1.0
29420,1,5,130,5,1,70.0,0,N,MELB_URBAN,ROAD,2,8.0
29421,8,5,174,2,1,60.0,0,I,MELB_URBAN,ROAD,2,18.0
29422,1,6,130,2,1,60.0,0,I,MELB_URBAN,ROAD,2,14.0
29423,2,5,99,5,2,60.0,0,N,MELB_URBAN,ROAD,2,19.0
29424,2,5,102,5,2,50.0,0,N,TOWNS,ROAD,2,19.0
29425,1,4,135,5,1,40.0,0,N,MELB_URBAN,ROAD,2,15.0
29426,1,5,121,1,1,60.0,0,I,MELB_URBAN,ROAD,2,17.0
29427,2,4,99,5,3,60.0,0,N,MELB_URBAN,AVENUE,1,21.0
29428,4,5,183,5,1,100.0,0,N,RURAL_VICTORIA,ROAD,2,16.0
29429,4,5,183,5,5,60.0,0,N,RURAL_VICTORIA,ROAD,2,5.0
29430,1,7,113,2,1,60.0,0,I,MELB_URBAN,ROAD,1,18.0
29431,1,6,130,2,1,60.0,0,I,MELB_URBAN,ROAD,1,17.0
29432,4,1,173,1,1,40.0,0,I,MELB_URBAN,STREET,2,12.0
29433,4,5,171,2,1,60.0,0,I,MELB_URBAN,ROAD,11,10.0
29434,1,4,147,2,1,60.0,0,N,SMALL_CITIES,ROAD,10,15.0
29435,1,5,121,1,1,80.0,0,I,LARGE_PROVINCIAL_CITIES,HIGHWAY,2,17.0
29436,1,6,99,5,2,60.0,0,N,MELB_URBAN,UNKNOWN,2,7.0
29437,1,5,99,5,1,50.0,0,N,MELB_URBAN,STREET,2,13.0
29438,6,6,174,5,1,60.0,0,N,RURAL_VICTORIA,ROAD,11,10.0
29439,4,5,171,5,2,60.0,0,N,RURAL_VICTORIA,DRIVE,2,7.0
29440,4,6,173,5,1,100.0,0,N,RURAL_VICTORIA,ROAD,2,9.0
29441,4,5,99,5,1,60.0,0,N,MELB_URBAN,ROAD,2,15.0
29442,4,6,171,2,2,80.0,0,I,MELB_URBAN,ROAD,2,7.0
29443,1,7,110,1,2,50.0,0,I,LARGE_PROVINCIAL_CITIES,STREET,1,19.0
29444,1,6,121,2,1,60.0,0,I,MELB_URBAN,ROAD,2,11.0
29445,2,5,99,1,1,40.0,0,I,MELB_URBAN,HIGHWAY,2,15.0
29446,1,3,99,2,1,60.0,0,I,MELB_URBAN,STREET,2,9.0
29447,1,6,147,2,1,60.0,0,I,MELB_URBAN,ROAD,2,9.0
29448,2,6,99,5,1,60.0,0,N,MELB_URBAN,ROAD,2,12.0
29449,1,2,163,1,1,50.0,0,I,MELB_URBAN,STREET,2,18.0
29450,4,6,99,5,1,70.0,0,N,MELB_URBAN,ROAD,2,12.0
29451,6,5,99,5,1,100.0,0,N,RURAL_VICTORIA,ROAD,2,15.0
29452,4,6,99,1,1,50.0,0,I,MELB_URBAN,STREET,2,11.0
29453,1,5,116,2,1,70.0,0,I,MELB_URBAN,ROAD,2,18.0
29454,4,6,173,5,1,70.0,0,N,RURAL_VICTORIA,ROAD,2,14.0
29455,1,5,147,5,9,50.0,0,N,MELB_URBAN,STREET,2,12.0
29456,1,6,130,1,1,70.0,0,I,MELB_URBAN,ROAD,2,15.0
29457,1,2,140,2,9,50.0,0,I,MELB_URBAN,STREET,2,17.0
29458,1,3,140,5,1,50.0,0,N,MELBOURNE_CBD,STREET,8,11.0
29459,4,6,181,5,1,100.0,0,N,RURAL_VICTORIA,ROAD,2,16.0
29460,1,6,160,2,1,60.0,0,I,MELB_URBAN,DRIVE,2,16.0
29461,1,6,132,1,1,60.0,0,I,SMALL_TOWNS,STREET,2,17.0
29462,1,4,110,1,2,60.0,0,I,MELB_URBAN,ROAD,2,20.0
29463,6,6,174,5,1,100.0,0,N,RURAL_VICTORIA,ROAD,2,16.0
29464,1,6,147,5,1,50.0,0,N,MELB_URBAN,ROAD,2,17.0
29465,2,6,100,1,1,50.0,0,I,MELB_URBAN,ROAD,2,18.0
29466,8,3,99,5,1,80.0,0,N,MELB_URBAN,UNKNOWN,2,15.0
29467,1,6,135,2,2,60.0,0,I,MELB_URBAN,STREET,2,19.0
29468,1,6,147,5,1,60.0,0,N,MELB_URBAN,ROAD,2,16.0
29469,4,6,171,5,9,80.0,0,N,RURAL_VICTORIA,RAMP,11,18.0
29470,4,6,99,5,1,60.0,0,N,MELB_URBAN,DRIVE,2,17.0
29471,1,6,121,2,3,70.0,0,I,MELB_URBAN,HIGHWAY,2,21.0
29472,1,6,121,2,3,60.0,0,I,MELB_URBAN,PARADE,2,23.0
29473,4,3,99,5,5,60.0,0,N,RURAL_VICTORIA,HIGHWAY,2,2.0
29474,1,6,130,5,1,60.0,0,N,MELB_URBAN,AVENUE,2,17.0
29475,4,7,173,5,5,70.0,0,N,RURAL_VICTORIA,ROAD,2,0.0
29476,4,7,171,5,3,60.0,0,N,MELB_URBAN,ROAD,2,4.0
29477,1,7,147,5,3,60.0,0,N,MELB_URBAN,STREET,2,4.0
29478,1,7,113,2,2,60.0,0,I,LARGE_PROVINCIAL_CITIES,ROAD,2,6.0
29479,6,7,174,2,1,50.0,0,I,MELB_URBAN,BOULEVARD,2,10.0
29480,4,7,171,4,1,60.0,0,I,MELB_URBAN,PARADE,2,9.0
29481,1,7,160,5,1,60.0,0,N,MELB_URBAN,ROAD,2,10.0
29482,1,7,140,5,1,70.0,0,N,MELB_URBAN,ROAD,2,10.0
29483,1,7,147,5,1,50.0,0,N,MELB_URBAN,STREET,2,12.0
29484,4,7,181,5,1,80.0,0,N,RURAL_VICTORIA,ROAD,2,12.0
29485,1,1,160,5,1,70.0,0,N,MELB_URBAN,ROAD,10,16.0
29486,4,7,181,5,1,80.0,0,N,RURAL_VICTORIA,ROAD,2,8.0
29487,1,7,110,1,1,100.0,0,I,RURAL_VICTORIA,ROAD,2,12.0
29488,4,6,183,5,1,100.0,0,N,SMALL_TOWNS,ROAD,2,15.0
29489,1,7,111,4,1,80.0,0,N,MELB_URBAN,ROAD,2,10.0
29490,1,7,121,1,1,60.0,0,I,MELB_URBAN,ROAD,2,13.0
29491,4,7,99,5,1,50.0,0,N,MELB_URBAN,STREET,2,14.0
29492,4,6,171,2,2,60.0,0,I,MELB_URBAN,ROAD,2,19.0
29493,1,6,121,2,1,60.0,0,I,MELB_URBAN,STREET,2,16.0
29494,2,5,99,2,3,60.0,0,I,MELBOURNE_CBD,STREET,2,4.0
29495,1,7,99,1,1,80.0,0,I,MELB_URBAN,HIGHWAY,2,12.0
29496,1,7,110,1,1,50.0,0,I,MELB_URBAN,STREET,2,14.0
29497,1,7,121,5,1,60.0,0,N,MELB_URBAN,ROAD,2,16.0
29498,4,7,173,5,1,100.0,0,N,RURAL_VICTORIA,HIGHWAY,2,15.0
29499,4,7,183,5,1,100.0,0,N,RURAL_VICTORIA,ROAD,2,14.0
29500,1,3,147,2,1,60.0,0,I,MELB_URBAN,STREET,2,16.0
29501,1,7,121,1,1,60.0,0,I,MELB_URBAN,STREET,2,15.0
29502,1,7,110,1,1,40.0,0,I,MELB_URBAN,STREET,2,14.0
29503,1,7,121,2,1,70.0,0,I,MELB_URBAN,ROAD,2,17.0
29504,1,6,147,5,1,50.0,0,N,MELB_URBAN,ROAD,12,10.0
29505,4,7,171,5,1,50.0,0,N,MELB_URBAN,ROAD,2,17.0
29506,1,7,130,2,1,60.0,0,I,MELB_URBAN,ROAD,2,14.0
29507,1,7,110,1,1,70.0,0,I,MELB_URBAN,ROAD,2,16.0
29508,1,7,120,5,1,100.0,1,N,RURAL_VICTORIA,HIGHWAY,2,16.0
29509,1,7,160,5,2,60.0,0,N,MELB_URBAN,ROAD,2,21.0
29510,1,5,147,5,1,60.0,0,N,MELB_URBAN,STREET,2,12.0
29511,1,7,120,5,5,40.0,0,N,MELB_URBAN,STREET,2,23.0
29512,2,1,102,5,3,80.0,0,N,RURAL_VICTORIA,HIGHWAY,2,0.0
29513,6,1,99,5,3,50.0,0,N,MELB_URBAN,AVENUE,2,3.0
29514,2,1,102,2,3,60.0,0,I,MELB_URBAN,ROAD,2,3.0
29515,1,1,110,1,1,60.0,0,I,MELB_URBAN,ROAD,2,8.0
29516,1,5,130,5,1,100.0,0,N,MELB_URBAN,ROAD,10,13.0
29517,1,0,99,5,1,60.0,0,N,MELB_URBAN,STREET,2,10.0
29518,1,1,116,2,1,50.0,0,I,LARGE_PROVINCIAL_CITIES,STREET,2,9.0
29519,1,7,130,5,1,60.0,0,N,MELB_URBAN,ROAD,2,14.0
29520,1,1,110,1,1,80.0,0,I,MELB_URBAN,ROAD,2,10.0
29521,1,1,132,2,1,60.0,0,I,TOWNS,ROAD,2,12.0
29522,2,1,100,1,2,60.0,0,I,MELB_URBAN,ROAD,2,6.0
29523,1,1,160,5,1,60.0,0,N,MELB_URBAN,ROAD,2,13.0
29524,1,1,130,1,1,70.0,0,I,MELB_URBAN,ROAD,2,11.0
29525,4,1,173,2,1,60.0,0,I,MELB_URBAN,STREET,2,10.0
29526,1,4,121,1,1,60.0,0,I,MELB_URBAN,ROAD,2,15.0
29527,1,1,121,5,1,60.0,0,N,MELB_URBAN,ROAD,2,12.0
29528,1,1,120,5,1,40.0,0,N,MELB_URBAN,STREET,2,12.0
29529,4,1,173,5,1,60.0,0,N,MELB_URBAN,STREET,2,14.0
29530,1,1,113,4,1,60.0,0,I,MELB_URBAN,DRIVE,2,13.0
29531,8,0,99,5,1,100.0,0,N,RURAL_VICTORIA,FREEWAY,2,14.0
29532,4,1,183,5,3,60.0,0,N,MELB_URBAN,RAMP,2,1.0
29533,1,5,130,5,1,80.0,0,N,MELB_URBAN,ROAD,12,17.0
29534,6,1,99,5,1,100.0,0,N,RURAL_VICTORIA,ROAD,2,13.0
29535,1,1,110,1,1,60.0,0,I,LARGE_PROVINCIAL_CITIES,ROAD,2,15.0
29536,1,1,120,5,1,60.0,0,N,LARGE_PROVINCIAL_CITIES,ROAD,2,17.0
29537,1,1,140,2,1,60.0,0,I,MELB_URBAN,ROAD,2,16.0
29538,1,4,121,2,3,60.0,0,I,MELB_URBAN,ROAD,2,22.0
29539,1,1,133,2,1,80.0,0,N,MELB_URBAN,ROAD,2,18.0
29540,4,1,171,2,1,60.0,0,I,MELB_URBAN,OTHER,2,18.0
29541,1,1,160,5,1,50.0,0,N,LARGE_PROVINCIAL_CITIES,STREET,2,18.0
29542,1,1,147,4,2,80.0,0,N,MELB_URBAN,ROAD,2,19.0
29543,1,1,130,4,2,60.0,0,I,MELB_URBAN,HIGHWAY,2,19.0
29544,4,0,99,5,2,50.0,0,N,MELB_URBAN,ROAD,2,19.0
29545,4,1,171,1,1,60.0,0,I,SMALL_CITIES,STREET,2,18.0
29546,1,1,160,5,3,60.0,0,N,MELB_URBAN,ROAD,2,22.0
29547,3,1,167,5,5,100.0,0,N,RURAL_VICTORIA,ROAD,2,21.0
29548,7,1,99,1,1,60.0,0,I,SMALL_CITIES,ROAD,2,16.0
29549,1,1,160,5,1,50.0,0,N,MELB_URBAN,OTHER,2,12.0
29550,5,2,171,2,3,60.0,0,I,MELB_URBAN,ROAD,2,2.0
29551,1,4,120,5,1,60.0,0,N,LARGE_PROVINCIAL_CITIES,ROAD,2,15.0
29552,4,7,173,5,2,60.0,0,N,MELB_URBAN,ROAD,2,5.0
29553,1,6,110,1,1,50.0,0,I,MELB_URBAN,STREET,2,13.0
29554,1,4,130,2,1,60.0,0,N,MELB_URBAN,HIGHWAY,2,11.0
29555,1,4,140,2,3,60.0,0,N,LARGE_PROVINCIAL_CITIES,ROAD,2,21.0
29556,1,2,132,2,2,60.0,0,I,MELB_URBAN,ROAD,2,7.0
29557,1,1,130,5,1,80.0,0,N,MELB_URBAN,HIGHWAY,2,7.0
29558,1,2,134,5,1,60.0,0,N,MELB_URBAN,ROAD,2,9.0
29559,1,5,135,5,1,60.0,0,N,MELB_URBAN,FREEWAY,2,15.0
29560,1,2,113,2,1,70.0,0,I,RURAL_VICTORIA,ROAD,2,8.0
29561,1,1,111,2,1,50.0,0,I,MELB_URBAN,ROAD,2,18.0
29562,1,4,130,5,1,80.0,0,N,MELB_URBAN,FREEWAY,2,17.0
29563,1,2,130,5,1,100.0,0,N,MELB_URBAN,FREEWAY,4,12.0
29564,1,2,110,1,1,60.0,0,I,TOWNS,STREET,2,8.0
29565,4,2,99,5,1,60.0,0,N,MELB_URBAN,ROAD,2,9.0
29566,1,2,110,1,1,40.0,0,I,MELB_URBAN,STREET,2,8.0
29567,1,3,99,2,9,60.0,0,I,MELB_URBAN,ROAD,2,15.0
29568,8,2,184,5,1,100.0,0,N,RURAL_VICTORIA,ROAD,2,9.0
29569,1,3,130,5,2,60.0,0,N,MELB_URBAN,FREEWAY,2,17.0
29570,1,3,130,1,3,70.0,0,N,MELB_URBAN,ROAD,2,5.0
29571,1,1,130,5,1,70.0,0,N,MELB_URBAN,ROAD,2,18.0
29572,1,2,99,5,1,40.0,0,N,MELB_URBAN,AVENUE,2,9.0
29573,1,1,130,1,1,60.0,0,I,MELB_URBAN,STREET,2,17.0
29574,4,1,181,5,1,100.0,0,N,RURAL_VICTORIA,ROAD,2,12.0
29575,1,3,99,5,3,70.0,0,N,MELB_URBAN,HIGHWAY,2,22.0
29576,1,2,130,5,2,100.0,0,N,RURAL_VICTORIA,ROAD,2,7.0
29577,6,1,174,2,2,50.0,0,I,MELB_URBAN,STREET,2,7.0
29578,8,6,99,2,1,100.0,0,I,RURAL_VICTORIA,ROAD,2,12.0
29579,4,2,171,5,1,100.0,0,N,RURAL_VICTORIA,ROAD,2,8.0
29580,1,2,116,2,9,80.0,0,I,MELB_URBAN,PARADE,2,14.0
29581,1,2,111,2,1,70.0,0,I,MELB_URBAN,ROAD,2,12.0
29582,1,3,120,5,1,100.0,0,N,RURAL_VICTORIA,ROAD,2,10.0
29583,6,6,99,5,1,100.0,0,N,RURAL_VICTORIA,HIGHWAY,1,13.0
29584,2,2,102,1,1,60.0,0,I,MELB_URBAN,ROAD,2,12.0
29585,4,2,181,5,1,80.0,0,N,RURAL_VICTORIA,ROAD,2,16.0
29586,1,2,120,5,1,100.0,0,N,RURAL_VICTORIA,ROAD,2,14.0
29587,1,6,130,1,1,80.0,0,I,MELB_URBAN,ROAD,2,14.0
29588,1,6,130,5,2,60.0,0,N,MELB_URBAN,ROAD,10,17.0
29589,4,2,99,2,1,50.0,0,I,MELB_URBAN,STREET,2,18.0
29590,1,2,110,1,1,60.0,0,I,MELB_URBAN,ROAD,12,10.0
29591,1,2,99,6,1,50.0,0,N,MELB_URBAN,OTHER,2,17.0
29592,1,2,130,5,1,60.0,0,N,LARGE_PROVINCIAL_CITIES,ROAD,2,17.0
29593,6,2,174,5,1,100.0,0,N,RURAL_VICTORIA,ROAD,2,17.0
29594,1,2,130,2,1,80.0,0,I,RURAL_VICTORIA,HIGHWAY,2,16.0
29595,1,2,160,5,1,50.0,0,N,MELB_URBAN,DRIVE,2,16.0
29596,1,3,130,2,1,60.0,0,I,MELB_URBAN,HIGHWAY,2,8.0
29597,8,2,184,5,1,100.0,0,N,RURAL_VICTORIA,HIGHWAY,2,13.0
29598,1,3,135,5,1,80.0,0,N,MELB_URBAN,ROAD,9,12.0
29599,8,5,99,2,1,60.0,0,I,SMALL_TOWNS,OTHER,2,9.0
29600,4,3,171,5,3,80.0,0,N,RURAL_VICTORIA,ROAD,2,0.0
29601,4,1,183,5,1,100.0,0,N,RURAL_VICTORIA,ROAD,1,14.0
29602,4,3,181,5,5,100.0,1,N,RURAL_VICTORIA,ROAD,2,2.0
29603,1,2,147,5,9,60.0,0,N,MELB_URBAN,STREET,1,11.0
29604,2,3,102,5,2,60.0,0,N,MELB_URBAN,DRIVE,2,6.0
29605,2,5,99,5,5,50.0,0,N,SMALL_TOWNS,STREET,2,21.0
29606,1,3,130,5,2,100.0,0,N,MELB_URBAN,FREEWAY,2,7.0
29607,1,3,99,4,2,60.0,0,I,MELB_URBAN,ROAD,2,7.0
29608,1,4,99,5,2,50.0,0,N,MELB_URBAN,ROAD,2,19.0
29609,1,5,132,2,1,60.0,0,I,TOWNS,ROAD,1,13.0
29610,1,3,132,2,2,60.0,0,I,MELB_URBAN,ROAD,2,7.0
29611,8,1,174,5,1,60.0,0,N,TOWNS,DRIVE,2,18.0
29612,1,3,130,5,2,100.0,0,N,RURAL_VICTORIA,FREEWAY,2,7.0
29613,1,5,160,5,1,50.0,0,N,MELB_URBAN,AVENUE,1,15.0
29614,8,1,174,5,1,100.0,0,N,RURAL_VICTORIA,ROAD,1,11.0
29615,1,5,121,5,1,60.0,0,N,MELB_URBAN,STREET,11,12.0
29616,1,6,120,2,2,60.0,0,I,RURAL_VICTORIA,DRIVE,2,19.0
29617,1,3,121,2,1,60.0,0,I,MELB_URBAN,ROAD,2,8.0
29618,6,2,170,5,2,100.0,0,N,RURAL_VICTORIA,ROAD,2,19.0
29619,1,7,134,5,1,60.0,0,N,LARGE_PROVINCIAL_CITIES,STREET,2,12.0
29620,1,3,130,5,3,80.0,0,N,RURAL_VICTORIA,ROAD,2,5.0
29621,1,3,130,5,1,100.0,0,N,MELB_URBAN,ROAD,2,9.0
29622,8,2,174,1,2,100.0,0,I,RURAL_VICTORIA,ROAD,2,5.0
29623,1,5,130,2,1,60.0,0,I,MELB_URBAN,STREET,1,18.0
29624,1,3,130,5,2,100.0,0,N,MELB_URBAN,HIGHWAY,2,6.0
29625,1,6,132,2,1,60.0,0,I,MELB_URBAN,AVENUE,1,17.0
29626,4,1,173,5,5,110.0,0,N,RURAL_VICTORIA,FREEWAY,1,21.0
29627,1,2,111,2,1,50.0,0,I,MELB_URBAN,OTHER,2,16.0
29628,1,5,110,1,1,100.0,0,I,RURAL_VICTORIA,ROAD,12,15.0
29629,1,2,130,4,1,50.0,0,I,LARGE_PROVINCIAL_CITIES,ROAD,12,8.0
29630,1,4,130,2,1,70.0,0,I,MELB_URBAN,ROAD,12,13.0
29631,4,3,183,5,1,100.0,0,N,RURAL_VICTORIA,ROAD,2,18.0
29632,4,3,99,5,1,50.0,0,N,TOWNS,STREET,2,17.0
29633,2,5,100,2,1,60.0,0,N,MELB_URBAN,ROAD,2,11.0
29634,1,3,135,5,1,100.0,0,N,MELB_URBAN,ROAD,2,16.0
29635,1,3,121,2,1,60.0,0,I,MELB_URBAN,STREET,2,18.0
29636,1,3,113,2,1,60.0,0,I,MELB_URBAN,ROAD,2,16.0
29637,1,2,130,1,3,60.0,0,I,MELB_URBAN,STREET,2,22.0
29638,1,3,140,2,3,50.0,0,I,SMALL_CITIES,AVENUE,2,22.0
29639,4,4,171,5,3,60.0,0,N,MELB_URBAN,ROAD,2,2.0
29640,4,4,173,5,3,80.0,0,N,RURAL_VICTORIA,ROAD,2,3.0
29641,1,2,130,1,1,60.0,0,I,MELB_URBAN,ROAD,2,16.0
29642,1,6,130,2,1,60.0,0,I,MELB_URBAN,ROAD,2,18.0
29643,4,3,99,5,3,60.0,0,N,MELB_URBAN,ROAD,2,20.0
29644,1,6,116,2,1,60.0,0,I,MELB_URBAN,ROAD,2,13.0
29645,4,4,171,5,6,50.0,0,N,MELB_URBAN,PARADE,2,5.0
29646,1,4,110,1,1,60.0,0,I,MELB_URBAN,AVENUE,2,16.0
29647,1,4,113,2,2,50.0,0,I,MELB_URBAN,OTHER,2,7.0
29648,1,3,130,2,1,50.0,0,I,LARGE_PROVINCIAL_CITIES,STREET,2,9.0
29649,1,7,130,1,1,70.0,0,I,MELB_URBAN,STREET,2,9.0
29650,4,4,171,2,1,70.0,0,I,MELB_URBAN,ROAD,2,15.0
29651,2,4,102,2,2,50.0,0,I,MELB_URBAN,STREET,2,7.0
29652,1,4,130,5,2,110.0,0,N,RURAL_VICTORIA,FREEWAY,2,7.0
29653,4,4,171,5,1,50.0,0,N,SMALL_CITIES,STREET,2,8.0
29654,4,4,99,2,2,100.0,0,I,RURAL_VICTORIA,ROAD,2,6.0
29655,6,4,174,2,1,60.0,0,I,MELB_URBAN,ROAD,2,10.0
29656,4,3,181,5,1,100.0,0,N,RURAL_VICTORIA,ROAD,2,14.0
29657,1,5,113,2,2,60.0,0,I,MELB_URBAN,ROAD,2,18.0
29658,8,4,170,5,1,60.0,0,N,RURAL_VICTORIA,ROAD,2,11.0
29659,1,1,110,1,1,50.0,0,I,MELB_URBAN,STREET,2,8.0
29660,1,3,130,5,1,60.0,0,N,MELB_URBAN,ROAD,2,8.0
29661,5,1,99,5,1,60.0,0,N,RURAL_VICTORIA,ROAD,2,11.0
29662,1,4,110,1,1,50.0,0,I,TOWNS,STREET,2,18.0
29663,1,4,130,5,1,60.0,0,N,MELB_URBAN,ROAD,2,13.0
29664,6,7,99,5,2,100.0,0,N,RURAL_VICTORIA,ROAD,2,5.0
29665,1,4,130,5,1,70.0,0,N,LARGE_PROVINCIAL_CITIES,STREET,2,8.0
29666,3,2,167,5,2,70.0,0,N,MELB_URBAN,ROAD,2,19.0
29667,1,4,130,5,1,40.0,0,N,MELB_URBAN,ROAD,2,12.0
29668,1,4,130,5,1,60.0,0,N,MELB_URBAN,ROAD,2,13.0
29669,4,4,171,5,2,60.0,0,N,LARGE_PROVINCIAL_CITIES,STREET,2,6.0
29670,1,4,113,2,1,60.0,0,I,MELB_URBAN,ROAD,2,13.0
29671,5,4,99,5,1,70.0,0,N,LARGE_PROVINCIAL_CITIES,ROAD,2,10.0
29672,1,4,111,1,1,50.0,0,I,SMALL_CITIES,STREET,2,15.0
29673,1,4,147,5,1,50.0,0,N,MELB_URBAN,ROAD,2,15.0
29674,1,4,113,1,1,60.0,0,I,TOWNS,STREET,2,16.0
29675,1,4,120,5,1,100.0,0,N,RURAL_VICTORIA,UNKNOWN,2,15.0
29676,1,4,140,5,1,100.0,0,N,MELB_URBAN,FREEWAY,2,17.0
29677,1,2,130,5,2,50.0,0,N,MELB_URBAN,ROAD,2,18.0
29678,1,4,99,5,1,100.0,0,N,RURAL_VICTORIA,ROAD,2,16.0
29679,1,4,130,5,1,70.0,0,N,MELB_URBAN,ROAD,2,18.0
29680,1,4,99,2,1,80.0,0,N,MELB_URBAN,ROAD,2,17.0
29681,1,4,111,1,1,60.0,0,I,SMALL_TOWNS,ROAD,12,8.0
29682,4,4,171,5,3,60.0,0,N,MELB_URBAN,AVENUE,2,19.0
29683,1,4,121,2,1,100.0,0,I,RURAL_VICTORIA,HIGHWAY,2,17.0
29684,1,4,121,2,1,50.0,0,I,MELB_URBAN,DRIVE,2,17.0
29685,2,3,99,5,5,60.0,0,N,MELB_URBAN,OTHER,2,23.0
29686,1,5,113,2,1,70.0,0,I,MELB_URBAN,PARADE,2,10.0
29687,6,4,99,5,1,100.0,0,N,RURAL_VICTORIA,HIGHWAY,1,12.0
29688,1,5,135,2,1,60.0,0,I,MELB_URBAN,ROAD,2,8.0
29689,1,5,110,1,1,50.0,0,I,LARGE_PROVINCIAL_CITIES,STREET,2,8.0
29690,1,4,110,1,1,50.0,0,I,SMALL_CITIES,STREET,2,18.0
29691,5,6,99,2,1,60.0,0,I,RURAL_VICTORIA,OTHER,1,12.0
29692,1,1,110,1,1,50.0,0,I,SMALL_CITIES,STREET,2,10.0
29693,2,5,100,1,1,50.0,0,I,MELB_URBAN,STREET,2,10.0
29694,8,1,174,5,1,60.0,0,N,RURAL_VICTORIA,UNKNOWN,2,11.0
29695,8,2,184,2,1,50.0,0,I,LARGE_PROVINCIAL_CITIES,STREET,2,18.0
29696,1,4,113,2,2,60.0,0,I,SMALL_CITIES,HIGHWAY,2,7.0
29697,2,3,99,5,1,60.0,0,N,MELB_URBAN,ROAD,1,14.0
29698,1,4,130,1,1,50.0,0,I,MELB_URBAN,STREET,1,18.0
29699,8,4,174,5,1,50.0,0,N,MELB_URBAN,STREET,2,17.0
29700,1,5,110,1,1,60.0,0,I,TOWNS,ROAD,2,13.0
29701,2,5,102,2,1,60.0,0,I,MELB_URBAN,ROAD,2,12.0
29702,1,4,130,5,1,70.0,0,N,MELB_URBAN,STREET,2,17.0