,accident_type,day_of_week,dca_code,road_geometry,light_condition,speed_zone,severity,node_type,deg_urban_name,road_type,month,hour
29703,1,5,110,1,1,60.0,0,I,LARGE_PROVINCIAL_CITIES,STREET,2,12.0
29704,1,5,99,5,1,80.0,0,N,SMALL_TOWNS,STREET,2,11.0
29705,1,6,132,2,2,60.0,0,I,MELB_URBAN,ROAD,5,7.0
29706,1,5,121,2,1,70.0,0,I,MELB_URBAN,ROAD,2,15.0
29707,2,4,99,2,3,50.0,0,I,MELB_URBAN,OTHER,2,22.0
29708,2,5,100,2,1,60.0,0,I,MELB_URBAN,STREET,2,15.0
29709,1,3,130,5,9,60.0,0,N,MELB_URBAN,STREET,2,18.0
29710,1,5,99,5,1,50.0,0,N,MELB_URBAN,ROAD,2,17.0
29711,1,5,99,1,1,60.0,0,I,MELB_URBAN,ROAD,2,17.0
29712,1,5,99,2,1,80.0,0,I,MELB_URBAN,ROAD,2,16.0
29713,1,5,110,1,1,60.0,0,I,MELB_URBAN,ROAD,2,15.0
29714,1,5,130,5,1,80.0,0,N,SMALL_TOWNS,HIGHWAY,2,16.0
29715,1,5,130,2,1,70.0,0,I,MELB_URBAN,ROAD,2,18.0
29716,2,5,100,5,1,50.0,0,N,MELB_URBAN,ROAD,2,18.0
29717,1,5,132,2,1,60.0,0,I,MELB_URBAN,ROAD,2,17.0
29718,1,5,130,5,1,80.0,0,N,MELB_URBAN,HIGHWAY,2,16.0
29719,8,5,174,5,1,50.0,0,N,MELB_URBAN,STREET,2,15.0
29720,1,5,121,2,1,60.0,0,I,MELB_URBAN,ROAD,2,17.0
29721,4,5,181,5,2,100.0,0,N,RURAL_VICTORIA,ROAD,2,19.0
29722,8,5,99,2,2,50.0,0,I,MELB_URBAN,ROAD,2,19.0
29723,1,5,121,2,3,60.0,0,N,MELB_URBAN,OTHER,2,20.0
29724,1,4,147,5,2,60.0,0,N,MELB_URBAN,OTHER,2,7.0
29725,8,2,174,2,9,30.0,0,N,MELBOURNE_CBD,STREET,2,22.0
29726,1,5,99,5,1,80.0,0,N,MELB_URBAN,HIGHWAY,2,16.0
29727,4,4,173,5,1,80.0,0,N,RURAL_VICTORIA,ROAD,2,9.0
29728,8,5,174,5,2,60.0,0,N,MELB_URBAN,AVENUE,2,19.0
29729,1,5,121,1,3,50.0,0,I,MELB_URBAN,HIGHWAY,2,22.0
29730,1,5,121,1,3,40.0,0,I,MELB_URBAN,ROAD,2,21.0
29731,2,5,99,5,3,50.0,0,N,MELB_URBAN,AVENUE,2,22.0
29732,2,6,99,5,2,50.0,0,N,MELB_URBAN,STREET,2,7.0
29733,2,6,102,5,1,60.0,0,N,MELB_URBAN,STREET,2,8.0
29734,8,4,174,5,1,100.0,0,N,RURAL_VICTORIA,ROAD,11,18.0
29735,1,2,133,5,2,60.0,0,N,MELB_URBAN,ROAD,2,7.0
29736,2,5,102,2,1,40.0,0,I,MELBOURNE_CBD,STREET,2,9.0
29737,1,5,134,5,1,50.0,0,N,MELB_URBAN,ROAD,2,9.0
29738,4,6,181,5,1,100.0,0,N,RURAL_VICTORIA,ROAD,2,9.0
29739,1,3,130,1,1,60.0,0,I,MELB_URBAN,ROAD,2,10.0
29740,1,6,135,5,1,100.0,0,N,MELB_URBAN,ROAD,2,11.0
29741,1,5,130,2,1,60.0,0,N,MELB_URBAN,ROAD,2,15.0
29742,2,6,99,1,1,40.0,0,I,MELB_URBAN,AVENUE,2,11.0
29743,1,6,121,1,1,60.0,0,N,MELB_URBAN,ROAD,2,8.0
29744,6,1,174,2,1,80.0,0,I,MELB_URBAN,DRIVE,2,12.0
29745,1,6,110,1,1,100.0,1,I,RURAL_VICTORIA,ROAD,2,8.0
29746,6,6,99,5,1,80.0,0,N,RURAL_VICTORIA,ROAD,2,14.0
29747,2,6,100,5,1,60.0,0,N,MELB_URBAN,ROAD,2,15.0
29748,1,6,130,1,1,80.0,0,I,MELB_URBAN,ROAD,2,15.0
29749,8,7,174,2,1,50.0,0,I,SMALL_CITIES,OTHER,2,13.0
29750,1,6,130,2,1,60.0,0,I,MELB_URBAN,AVENUE,2,16.0
29751,1,6,130,1,1,80.0,0,I,MELB_URBAN,ROAD,2,16.0
29752,2,6,102,1,1,60.0,0,I,MELB_URBAN,STREET,2,15.0
29753,1,6,113,2,1,60.0,0,N,SMALL_CITIES,STREET,2,17.0
29754,1,6,130,5,1,70.0,0,N,MELB_URBAN,ROAD,2,15.0
29755,1,2,130,1,1,60.0,0,I,MELB_URBAN,STREET,2,15.0
29756,1,6,121,2,1,80.0,0,N,MELB_URBAN,HIGHWAY,2,17.0
29757,1,6,113,2,1,80.0,0,N,RURAL_VICTORIA,ROAD,2,15.0
29758,1,6,121,2,1,60.0,0,N,RURAL_VICTORIA,STREET,2,8.0
29759,1,6,99,2,1,60.0,0,I,MELB_URBAN,STREET,2,17.0
29760,1,6,130,5,1,100.0,0,N,MELB_URBAN,FREEWAY,2,16.0
29761,1,6,111,1,1,80.0,0,I,RURAL_VICTORIA,ROAD,2,15.0
29762,4,6,173,5,2,60.0,0,N,MELB_URBAN,STREET,2,19.0
29763,4,6,99,5,5,50.0,0,N,TOWNS,STREET,2,22.0
29764,1,6,121,1,3,60.0,0,I,MELB_URBAN,ROAD,2,22.0
29765,1,6,130,5,9,70.0,0,N,MELB_URBAN,ROAD,2,23.0
29766,1,7,160,2,3,60.0,0,I,LARGE_PROVINCIAL_CITIES,ROAD,3,0.0
29767,1,7,130,2,3,60.0,0,I,MELB_URBAN,ROAD,3,0.0
29768,2,7,99,5,5,100.0,0,N,RURAL_VICTORIA,ROAD,3,1.0
29769,6,7,174,5,5,50.0,0,N,SMALL_CITIES,STREET,3,1.0
29770,4,7,171,5,3,60.0,0,N,SMALL_CITIES,STREET,3,1.0
29771,1,6,133,5,1,60.0,0,N,MELB_URBAN,ROAD,2,12.0
29772,1,6,113,2,2,60.0,0,I,MELB_URBAN,ROAD,2,8.0
29773,1,6,113,2,1,60.0,0,I,LARGE_PROVINCIAL_CITIES,ROAD,2,9.0
29774,1,7,121,1,3,70.0,0,I,MELB_URBAN,ROAD,3,0.0
29775,1,6,99,1,2,60.0,0,I,MELB_URBAN,OTHER,2,7.0
29776,7,5,99,2,9,60.0,0,I,MELB_URBAN,ROAD,10,13.0
29777,1,7,110,1,2,100.0,0,I,RURAL_VICTORIA,ROAD,3,7.0
29778,1,7,110,1,1,50.0,0,I,MELB_URBAN,STREET,3,9.0
29779,1,7,113,2,2,50.0,0,I,MELB_URBAN,STREET,3,7.0
29780,1,4,99,2,2,30.0,0,I,MELB_URBAN,UNKNOWN,2,6.0
29781,8,7,184,5,1,80.0,0,N,RURAL_VICTORIA,ROAD,3,12.0
29782,1,7,171,5,1,60.0,0,N,MELB_URBAN,ROAD,3,8.0
29783,1,7,99,5,1,60.0,0,N,MELB_URBAN,ROAD,3,11.0
29784,4,7,173,5,1,60.0,0,N,MELB_URBAN,PARADE,3,12.0
29785,4,7,173,5,3,80.0,0,N,MELB_URBAN,ROAD,3,6.0
29786,1,7,130,1,1,80.0,0,I,MELB_URBAN,ROAD,3,13.0
29787,1,7,120,5,1,80.0,0,N,SMALL_CITIES,ROAD,3,10.0
29788,2,7,102,2,1,60.0,0,I,MELB_URBAN,ROAD,3,15.0
29789,1,7,147,5,1,70.0,0,N,LARGE_PROVINCIAL_CITIES,STREET,3,16.0
29790,4,7,173,4,1,80.0,0,N,MELB_URBAN,ROAD,3,16.0
29791,2,7,100,2,1,60.0,0,I,MELB_URBAN,STREET,3,17.0
29792,1,7,130,2,1,80.0,0,I,MELB_URBAN,ROAD,3,14.0
29793,4,7,183,5,1,100.0,0,N,RURAL_VICTORIA,HIGHWAY,3,15.0
29794,6,7,174,5,2,100.0,0,N,RURAL_VICTORIA,ROAD,3,17.0
29795,1,7,130,4,2,60.0,0,I,MELB_URBAN,ROAD,3,20.0
29796,4,7,173,5,2,100.0,0,N,MELB_URBAN,FREEWAY,3,19.0
29797,1,7,110,1,1,80.0,0,I,RURAL_VICTORIA,ROAD,3,13.0
29798,4,7,173,1,2,50.0,0,I,MELB_URBAN,STREET,3,18.0
29799,2,7,102,1,2,40.0,0,I,MELBOURNE_CBD,STREET,3,17.0
29800,1,7,99,5,2,100.0,0,N,RURAL_VICTORIA,ROAD,3,6.0
29801,4,7,173,2,2,100.0,0,I,RURAL_VICTORIA,ROAD,3,20.0
29802,4,7,171,5,5,50.0,0,N,TOWNS,STREET,3,22.0
29803,6,7,170,5,5,100.0,0,N,RURAL_VICTORIA,ROAD,3,23.0
29804,1,1,130,2,3,60.0,0,N,MELB_URBAN,ROAD,3,1.0
29805,4,7,173,5,3,60.0,0,N,MELB_URBAN,ROAD,3,22.0
29806,1,7,121,1,2,80.0,0,I,MELB_URBAN,ROAD,3,20.0
29807,1,0,110,1,2,60.0,0,I,MELB_URBAN,ROAD,3,7.0
29808,1,2,135,1,1,60.0,0,I,MELB_URBAN,STREET,2,8.0
29809,2,7,99,2,1,60.0,0,I,MELB_URBAN,OTHER,9,11.0
29810,1,4,120,5,2,60.0,0,N,LARGE_PROVINCIAL_CITIES,ROAD,10,7.0
29811,1,1,113,2,2,60.0,0,I,MELB_URBAN,ROAD,3,7.0
29812,1,0,133,1,1,40.0,0,I,MELB_URBAN,ROAD,3,8.0
29813,1,3,121,1,1,60.0,0,I,MELB_URBAN,ROAD,1,7.0
29814,1,6,110,1,1,50.0,0,I,MELB_URBAN,STREET,1,8.0
29815,1,1,163,5,1,50.0,0,N,MELB_URBAN,STREET,3,9.0
29816,1,5,135,5,1,80.0,0,N,MELB_URBAN,ROAD,2,17.0
29817,1,7,132,2,2,100.0,0,I,RURAL_VICTORIA,HIGHWAY,3,18.0
29818,1,7,99,2,2,60.0,0,I,MELB_URBAN,STREET,3,20.0
29819,1,1,140,5,1,50.0,0,N,MELB_URBAN,STREET,3,14.0
29820,1,1,132,2,1,60.0,0,I,MELB_URBAN,STREET,3,14.0
29821,1,1,121,1,1,60.0,0,I,MELB_URBAN,STREET,3,11.0
29822,1,5,130,1,1,60.0,0,I,MELB_URBAN,ROAD,2,14.0
29823,4,1,181,5,1,60.0,0,N,MELB_URBAN,ROAD,3,12.0
29824,1,1,163,5,1,40.0,0,N,MELBOURNE_CBD,STREET,3,15.0
29825,1,1,130,5,1,60.0,0,N,RURAL_VICTORIA,ROAD,3,14.0
29826,1,7,99,1,2,60.0,0,I,MELB_URBAN,ROAD,3,18.0
29827,4,1,171,5,1,100.0,0,N,RURAL_VICTORIA,ROAD,3,16.0
29828,1,0,121,2,2,80.0,0,I,MELB_URBAN,HIGHWAY,3,17.0
29829,1,7,113,2,2,70.0,0,I,MELB_URBAN,STREET,3,17.0
29830,1,7,130,5,5,100.0,1,N,TOWNS,HIGHWAY,3,23.0
29831,4,1,173,5,2,80.0,0,N,MELB_URBAN,ROAD,3,17.0
29832,2,1,100,5,1,40.0,0,N,MELB_URBAN,STREET,3,16.0
29833,1,7,134,5,1,80.0,0,N,MELB_URBAN,RAMP,3,15.0
29834,1,1,110,1,2,50.0,0,I,SMALL_CITIES,STREET,3,17.0
29835,1,1,113,2,2,50.0,0,I,LARGE_PROVINCIAL_CITIES,STREET,3,17.0
29836,1,1,99,2,2,60.0,0,I,MELB_URBAN,ROAD,3,19.0
29837,1,1,110,1,2,60.0,0,I,MELB_URBAN,ROAD,3,18.0
29838,1,1,121,2,2,60.0,0,I,LARGE_PROVINCIAL_CITIES,STREET,3,17.0
29839,4,1,99,5,2,100.0,0,N,RURAL_VICTORIA,ROAD,3,17.0
29840,4,1,171,5,2,100.0,0,N,RURAL_VICTORIA,ROAD,3,17.0
29841,1,1,121,2,3,50.0,0,N,MELB_URBAN,PARADE,3,21.0
29842,1,6,130,5,1,60.0,0,N,RURAL_VICTORIA,ROAD,2,17.0
29843,1,1,173,2,2,50.0,0,I,MELB_URBAN,OTHER,3,19.0
29844,4,1,173,2,3,80.0,0,I,MELB_URBAN,ROAD,3,22.0
29845,1,1,130,5,3,40.0,0,N,MELB_URBAN,ROAD,3,23.0
29846,2,2,99,5,1,60.0,0,N,MELB_URBAN,STREET,2,16.0
29847,1,1,113,2,2,80.0,0,I,MELB_URBAN,STREET,3,19.0
29848,4,1,99,2,2,60.0,0,I,LARGE_PROVINCIAL_CITIES,ROAD,3,17.0
29849,1,2,147,5,2,60.0,0,N,MELB_URBAN,STREET,3,6.0
29850,1,2,113,1,2,60.0,0,I,TOWNS,STREET,3,6.0
29851,4,1,171,5,5,100.0,0,N,RURAL_VICTORIA,ROAD,3,22.0
29852,1,1,99,1,1,60.0,0,I,MELB_URBAN,ROAD,3,16.0
29853,4,2,173,5,2,110.0,0,N,RURAL_VICTORIA,FREEWAY,3,6.0
29854,4,2,173,5,1,100.0,0,N,RURAL_VICTORIA,ROAD,3,8.0
29855,1,2,111,2,2,50.0,0,I,MELB_URBAN,AVENUE,3,7.0
29856,1,2,121,1,1,80.0,0,I,MELB_URBAN,ROAD,3,9.0
29857,1,1,113,2,2,70.0,0,I,MELB_URBAN,ROAD,1,19.0
29858,1,4,116,1,1,60.0,0,I,LARGE_PROVINCIAL_CITIES,STREET,1,17.0
29859,7,7,99,2,3,50.0,0,I,MELB_URBAN,AVENUE,3,0.0
29860,1,2,130,5,2,60.0,0,N,MELB_URBAN,STREET,3,7.0
29861,1,4,99,2,1,60.0,0,I,MELB_URBAN,ROAD,10,13.0
29862,1,2,121,1,1,60.0,0,I,MELB_URBAN,STREET,3,8.0
29863,2,2,99,5,1,50.0,0,N,LARGE_PROVINCIAL_CITIES,STREET,3,10.0
29864,6,2,170,5,1,100.0,0,N,RURAL_VICTORIA,ROAD,3,12.0
29865,8,2,174,5,1,50.0,0,N,MELB_URBAN,OTHER,3,12.0
29866,1,2,160,5,1,50.0,0,N,MELB_URBAN,STREET,3,13.0
29867,2,2,99,1,2,60.0,0,I,MELB_URBAN,PARADE,3,7.0
29868,1,2,130,1,1,80.0,0,I,MELB_URBAN,OTHER,3,10.0
29869,4,2,171,2,1,50.0,0,I,MELB_URBAN,ROAD,3,9.0
29870,1,2,134,1,1,60.0,0,N,MELB_URBAN,ROAD,3,12.0
29871,4,1,181,5,1,100.0,0,N,RURAL_VICTORIA,ROAD,3,12.0
29872,1,2,130,5,2,100.0,0,N,MELB_URBAN,FREEWAY,3,6.0
29873,1,2,99,1,1,50.0,0,I,SMALL_CITIES,STREET,3,14.0
29874,1,2,110,1,1,80.0,0,I,MELB_URBAN,ROAD,3,15.0
29875,1,2,130,2,1,60.0,0,I,MELB_URBAN,STREET,3,12.0
29876,1,2,99,5,1,60.0,0,N,MELB_URBAN,ROAD,3,17.0
29877,1,2,130,5,2,60.0,0,N,MELB_URBAN,ROAD,3,18.0
29878,2,2,102,1,2,50.0,0,I,LARGE_PROVINCIAL_CITIES,STREET,3,17.0
29879,2,2,102,1,2,50.0,0,I,MELB_URBAN,ROAD,3,19.0
29880,1,2,130,1,1,80.0,0,I,MELB_URBAN,ROAD,3,15.0
29881,6,2,99,1,2,100.0,0,I,RURAL_VICTORIA,ROAD,3,19.0
29882,5,5,99,5,1,80.0,0,N,RURAL_VICTORIA,ROAD,1,18.0
29883,1,2,160,5,2,50.0,0,N,MELB_URBAN,OTHER,3,19.0
29884,1,2,130,2,1,60.0,0,I,MELB_URBAN,ROAD,3,15.0
29885,1,2,130,2,2,60.0,0,I,MELB_URBAN,ROAD,3,5.0
29886,4,2,99,5,2,60.0,0,N,RURAL_VICTORIA,ROAD,3,20.0
29887,1,2,121,1,2,80.0,0,I,MELB_URBAN,ROAD,3,20.0
29888,4,1,173,1,9,60.0,0,I,MELB_URBAN,ROAD,3,11.0
29889,1,5,99,1,1,70.0,0,I,MELB_URBAN,RAMP,2,11.0
29890,1,6,133,5,1,100.0,0,N,MELB_URBAN,ROAD,12,8.0
29891,2,3,102,5,2,60.0,0,N,MELB_URBAN,ROAD,3,5.0
29892,4,4,171,5,3,60.0,0,N,MELB_URBAN,ROAD,2,23.0
29893,4,2,99,5,5,30.0,0,N,RURAL_VICTORIA,ROAD,3,21.0
29894,1,4,110,1,3,50.0,0,I,MELB_URBAN,BOULEVARD,9,19.0
29895,1,1,130,1,1,80.0,0,I,RURAL_VICTORIA,FREEWAY,3,12.0
29896,1,3,160,5,2,50.0,0,N,MELB_URBAN,STREET,3,7.0
29897,4,0,183,5,1,100.0,0,N,RURAL_VICTORIA,ROAD,3,13.0
29898,1,3,130,5,1,100.0,0,N,MELB_URBAN,FREEWAY,3,10.0
29899,1,3,116,2,1,50.0,0,I,SMALL_CITIES,STREET,3,8.0
29900,1,3,147,5,2,60.0,0,N,MELB_URBAN,ROAD,4,18.0
29901,1,7,121,1,1,60.0,0,I,MELB_URBAN,STREET,3,13.0
29902,4,1,171,5,5,110.0,0,N,RURAL_VICTORIA,FREEWAY,3,22.0
29903,1,3,121,5,2,70.0,0,N,MELB_URBAN,ROAD,3,7.0
29904,1,7,99,1,1,60.0,0,I,MELB_URBAN,ROAD,2,12.0
29905,6,3,170,2,1,90.0,0,I,RURAL_VICTORIA,ROAD,3,12.0
29906,1,6,130,1,1,70.0,0,N,MELB_URBAN,ROAD,2,18.0
29907,1,1,121,2,1,50.0,0,I,MELB_URBAN,STREET,3,10.0
29908,1,3,120,5,1,50.0,0,N,MELB_URBAN,ROAD,3,9.0
29909,1,3,113,2,1,70.0,0,I,LARGE_PROVINCIAL_CITIES,STREET,3,8.0
29910,8,3,170,2,1,60.0,0,I,MELB_URBAN,STREET,3,10.0
29911,4,3,99,2,1,60.0,0,I,RURAL_VICTORIA,UNKNOWN,3,13.0
29912,2,3,102,2,1,70.0,0,I,LARGE_PROVINCIAL_CITIES,OTHER,3,13.0
29913,1,4,116,1,1,50.0,0,I,MELB_URBAN,ROAD,2,15.0
29914,1,6,110,1,3,50.0,0,I,TOWNS,STREET,2,21.0
29915,1,3,99,1,1,50.0,0,I,SMALL_CITIES,DRIVE,3,11.0
29916,3,5,167,2,2,80.0,0,N,RURAL_VICTORIA,ROAD,2,6.0
29917,1,7,130,1,1,50.0,0,I,MELB_URBAN,ROAD,2,15.0
29918,4,7,171,5,1,100.0,0,N,RURAL_VICTORIA,ROAD,1,17.0
29919,1,2,133,1,1,50.0,0,I,MELB_URBAN,STREET,1,7.0
29920,1,1,133,2,2,50.0,0,I,MELB_URBAN,STREET,3,17.0
29921,1,2,110,1,2,60.0,0,I,MELB_URBAN,STREET,2,19.0
29922,2,1,100,2,3,60.0,0,I,MELB_URBAN,ROAD,3,20.0
29923,8,1,99,5,1,80.0,0,N,RURAL_VICTORIA,ROAD,3,13.0
29924,1,7,110,1,6,60.0,0,I,MELB_URBAN,ROAD,2,21.0
29925,1,3,99,5,2,40.0,0,N,MELB_URBAN,STREET,3,17.0
29926,1,3,120,5,2,60.0,0,N,RURAL_VICTORIA,ROAD,3,17.0
29927,1,3,132,2,2,60.0,0,I,MELB_URBAN,ROAD,3,18.0
29928,1,3,121,1,2,60.0,0,I,MELB_URBAN,STREET,3,18.0
29929,2,3,100,1,1,60.0,0,I,MELB_URBAN,STREET,3,16.0
29930,4,3,171,2,2,60.0,0,I,MELB_URBAN,STREET,10,19.0
29931,1,3,121,1,2,60.0,0,I,LARGE_PROVINCIAL_CITIES,STREET,3,18.0
29932,1,2,130,2,1,60.0,0,I,MELB_URBAN,ROAD,3,16.0
29933,2,7,99,5,1,40.0,0,N,MELB_URBAN,STREET,3,12.0
29934,1,3,147,5,2,80.0,0,N,MELB_URBAN,ROAD,3,18.0
29935,2,3,102,1,2,50.0,0,I,MELB_URBAN,ROAD,3,19.0
29936,5,4,99,5,1,80.0,0,N,MELB_URBAN,RAMP,2,8.0
29937,7,6,99,5,1,80.0,0,N,MELB_URBAN,ROAD,1,18.0
29938,1,1,113,1,1,70.0,0,I,MELB_URBAN,ROAD,3,12.0
29939,1,1,130,5,3,80.0,0,N,MELB_URBAN,ROAD,7,19.0
29940,1,3,99,2,1,50.0,0,N,LARGE_PROVINCIAL_CITIES,STREET,3,15.0
29941,1,4,121,2,2,100.0,0,I,RURAL_VICTORIA,ROAD,3,7.0
29942,1,3,113,1,1,60.0,0,I,MELB_URBAN,ROAD,3,10.0
29943,8,4,170,2,1,60.0,0,I,MELB_URBAN,ROAD,3,9.0
29944,4,4,171,5,1,100.0,0,N,RURAL_VICTORIA,HIGHWAY,3,9.0
29945,1,4,113,2,3,60.0,0,I,MELB_URBAN,STREET,3,6.0
29946,1,7,130,1,1,60.0,0,I,MELB_URBAN,ROAD,2,8.0
29947,1,6,130,1,1,70.0,0,I,MELB_URBAN,ROAD,2,17.0
29948,1,4,111,1,1,50.0,0,I,MELB_URBAN,DRIVE,3,11.0
29949,2,4,99,5,1,70.0,0,N,SMALL_CITIES,PARADE,3,13.0
29950,1,4,110,1,1,60.0,0,I,MELB_URBAN,ROAD,3,11.0
29951,1,4,121,2,1,100.0,0,I,RURAL_VICTORIA,HIGHWAY,3,14.0
29952,1,4,99,1,1,70.0,0,I,MELB_URBAN,PARADE,3,9.0
29953,1,6,135,5,1,100.0,0,N,MELB_URBAN,ROAD,2,13.0
29954,3,3,167,5,1,80.0,0,N,RURAL_VICTORIA,DRIVE,2,16.0
29955,1,4,120,5,1,60.0,0,N,MELB_URBAN,ROAD,3,15.0
29956,1,6,113,2,1,80.0,0,I,MELB_URBAN,ROAD,2,15.0
29957,1,4,135,5,1,100.0,0,N,MELB_URBAN,FREEWAY,3,13.0
29958,1,5,130,5,6,60.0,0,N,MELB_URBAN,ROAD,2,21.0
29959,8,7,184,5,1,100.0,0,N,RURAL_VICTORIA,ROAD,3,11.0
29960,2,7,99,5,3,50.0,0,N,MELBOURNE_CBD,OTHER,2,21.0
29961,1,3,130,5,9,60.0,0,N,MELB_URBAN,HIGHWAY,2,15.0
29962,1,4,120,5,1,100.0,0,N,RURAL_VICTORIA,ROAD,3,11.0
29963,1,4,130,5,2,60.0,0,N,MELB_URBAN,STREET,3,17.0
29964,1,1,147,5,1,60.0,0,N,MELB_URBAN,STREET,3,16.0
29965,1,4,121,1,2,60.0,0,I,MELB_URBAN,ROAD,3,18.0
29966,8,4,99,5,2,100.0,0,N,RURAL_VICTORIA,HIGHWAY,3,17.0
29967,1,2,121,1,1,80.0,0,I,SMALL_CITIES,ROAD,3,15.0
29968,1,4,99,1,1,40.0,0,I,MELB_URBAN,STREET,2,8.0
29969,1,4,121,1,2,60.0,0,I,MELB_URBAN,STREET,3,18.0
29970,1,4,113,2,2,100.0,0,I,RURAL_VICTORIA,ROAD,3,17.0
29971,1,4,121,1,2,60.0,0,I,TOWNS,ROAD,3,17.0
29972,1,5,130,5,2,70.0,0,N,RURAL_VICTORIA,ROAD,2,6.0
29973,1,4,147,5,2,60.0,0,N,TOWNS,ROAD,3,18.0
29974,2,4,100,5,1,60.0,0,N,MELB_URBAN,ROAD,3,15.0
29975,1,4,147,2,2,60.0,0,N,MELB_URBAN,ROAD,3,17.0
29976,1,1,99,2,9,60.0,0,I,MELB_URBAN,BOULEVARD,12,23.0
29977,4,4,183,5,3,50.0,0,N,MELB_URBAN,OTHER,3,5.0
29978,1,6,130,2,1,60.0,0,I,MELB_URBAN,ROAD,2,16.0
29979,1,6,132,2,2,60.0,0,I,MELB_URBAN,ROAD,2,19.0
29980,1,2,130,4,2,80.0,0,N,MELB_URBAN,OTHER,2,6.0
29981,1,5,110,1,2,50.0,0,I,MELB_URBAN,STREET,3,7.0
29982,1,4,111,1,2,50.0,0,I,MELB_URBAN,STREET,1,18.0
29983,1,5,160,5,3,50.0,0,N,LARGE_PROVINCIAL_CITIES,STREET,1,0.0
29984,1,5,130,5,2,100.0,0,N,MELB_URBAN,UNKNOWN,3,7.0
29985,1,5,110,1,1,50.0,0,I,MELB_URBAN,STREET,3,8.0
29986,3,5,167,2,2,100.0,0,I,RURAL_VICTORIA,ROAD,3,7.0
29987,2,5,100,5,1,40.0,0,N,SMALL_CITIES,STREET,3,8.0
29988,1,5,130,2,1,80.0,0,I,MELB_URBAN,ROAD,3,9.0
29989,1,5,116,2,1,60.0,0,I,MELB_URBAN,ROAD,3,8.0
29990,1,5,130,2,1,80.0,0,I,MELB_URBAN,ROAD,3,9.0
29991,1,5,99,2,1,100.0,0,I,RURAL_VICTORIA,HIGHWAY,3,9.0
29992,2,5,99,5,1,40.0,0,N,SMALL_CITIES,STREET,3,11.0
29993,1,5,121,2,1,60.0,0,I,MELB_URBAN,STREET,3,9.0
29994,1,5,121,2,1,60.0,0,I,MELB_URBAN,ROAD,3,10.0
29995,1,4,130,2,2,60.0,0,I,SMALL_CITIES,ROAD,3,18.0
29996,2,5,102,5,1,60.0,1,N,MELB_URBAN,PARADE,3,8.0
29997,1,6,99,2,1,50.0,0,N,MELB_URBAN,HIGHWAY,2,17.0
29998,1,4,163,1,1,50.0,0,I,SMALL_CITIES,STREET,3,8.0
29999,1,6,121,1,1,60.0,0,I,MELB_URBAN,ROAD,2,17.0
30000,1,5,121,5,1,60.0,0,N,MELB_URBAN,ROAD,3,12.0
30001,1,5,121,1,2,60.0,0,I,MELB_URBAN,STREET,3,7.0
30002,1,4,110,1,1,80.0,0,I,MELB_URBAN,ROAD,3,9.0
30003,8,4,184,5,1,100.0,0,N,RURAL_VICTORIA,HIGHWAY,3,16.0
30004,1,5,110,1,1,60.0,0,N,MELB_URBAN,UNKNOWN,3,11.0
30005,6,5,99,5,1,80.0,0,N,RURAL_VICTORIA,ROAD,3,13.0
30006,1,5,130,5,2,100.0,0,N,MELB_URBAN,FREEWAY,3,7.0
30007,1,4,132,2,2,60.0,0,I,MELB_URBAN,ROAD,3,19.0
30008,1,3,130,5,2,70.0,0,N,MELB_URBAN,ROAD,2,7.0
30009,4,4,99,5,2,50.0,0,N,MELB_URBAN,STREET,3,17.0
30010,1,7,132,2,6,60.0,0,I,MELB_URBAN,ROAD,3,22.0
30011,1,5,116,2,2,60.0,0,I,MELB_URBAN,STREET,3,19.0
30012,1,4,99,1,2,80.0,0,N,MELB_URBAN,ROAD,3,17.0
30013,1,5,99,5,2,100.0,0,N,RURAL_VICTORIA,ROAD,3,18.0
30014,1,5,130,2,1,50.0,0,I,LARGE_PROVINCIAL_CITIES,STREET,3,15.0
30015,4,5,99,5,1,60.0,0,N,MELB_URBAN,ROAD,3,16.0
30016,1,1,121,2,2,60.0,0,I,MELB_URBAN,AVENUE,3,6.0
30017,6,5,170,5,2,100.0,0,N,RURAL_VICTORIA,ROAD,3,20.0
30018,1,5,130,5,1,60.0,0,N,MELB_URBAN,STREET,3,16.0
30019,1,5,160,5,4,60.0,0,N,MELB_URBAN,OTHER,3,22.0
30020,6,5,99,5,2,60.0,0,N,RURAL_VICTORIA,OTHER,3,17.0
30021,1,2,140,2,3,60.0,0,I,MELB_URBAN,ROAD,1,0.0
30022,1,6,160,5,3,50.0,0,N,MELB_URBAN,STREET,3,2.0
30023,1,6,134,3,3,60.0,0,N,MELB_URBAN,ROAD,3,2.0
30024,4,5,173,5,1,50.0,0,N,MELB_URBAN,OTHER,2,15.0
30025,4,6,183,5,2,80.0,0,N,LARGE_PROVINCIAL_CITIES,ROAD,3,6.0
30026,5,5,99,2,1,60.0,0,I,MELB_URBAN,STREET,3,13.0
30027,1,3,116,2,1,70.0,0,I,MELB_URBAN,ROAD,3,16.0
30028,1,5,130,5,1,70.0,0,N,SMALL_CITIES,PARADE,3,8.0
30029,3,5,167,5,1,60.0,0,N,RURAL_VICTORIA,ROAD,3,9.0
30030,4,6,173,4,2,100.0,0,N,RURAL_VICTORIA,ROAD,3,7.0
30031,1,6,113,2,1,60.0,0,I,MELB_URBAN,ROAD,3,8.0
30032,1,3,99,2,1,100.0,0,I,RURAL_VICTORIA,ROAD,3,15.0
30033,1,4,130,5,9,80.0,0,N,MELB_URBAN,ROAD,2,1.0
30034,4,6,183,5,1,80.0,0,N,RURAL_VICTORIA,ROAD,3,10.0
30035,1,6,132,1,1,70.0,0,I,MELB_URBAN,STREET,3,9.0
30036,1,6,99,2,1,80.0,0,I,SMALL_CITIES,HIGHWAY,3,11.0