,accident_type,day_of_week,dca_code,road_geometry,light_condition,speed_zone,severity,node_type,deg_urban_name,road_type,month,hour
30037,1,5,130,2,3,60.0,0,I,MELB_URBAN,ROAD,3,6.0
30038,1,2,134,5,2,70.0,0,N,MELB_URBAN,ROAD,3,17.0
30039,4,1,181,5,1,100.0,0,N,RURAL_VICTORIA,ROAD,11,11.0
30040,1,6,116,2,1,50.0,0,I,LARGE_PROVINCIAL_CITIES,ROAD,3,8.0
30041,1,6,130,5,1,100.0,0,N,RURAL_VICTORIA,HIGHWAY,3,10.0
30042,1,5,120,2,1,50.0,0,N,MELB_URBAN,OTHER,3,12.0
30043,1,6,130,1,1,80.0,0,I,MELB_URBAN,HIGHWAY,3,13.0
30044,2,6,102,1,1,50.0,0,I,MELB_URBAN,ROAD,3,13.0
30045,1,6,140,1,1,40.0,0,I,MELBOURNE_CBD,STREET,3,13.0
30046,1,6,130,2,1,60.0,0,I,MELB_URBAN,ROAD,3,13.0
30047,4,6,181,5,1,50.0,0,N,MELB_URBAN,DRIVE,3,14.0
30048,1,6,140,5,1,100.0,0,N,RURAL_VICTORIA,ROAD,3,14.0
30049,1,5,130,5,1,80.0,0,N,MELB_URBAN,OTHER,3,14.0
30050,1,6,113,2,1,70.0,0,I,MELB_URBAN,ROAD,3,15.0
30051,1,6,121,2,1,60.0,0,I,MELB_URBAN,ROAD,3,15.0
30052,1,6,99,5,1,60.0,0,N,MELB_URBAN,STREET,3,16.0
30053,5,6,99,5,1,100.0,0,N,TOWNS,ROAD,3,15.0
30054,4,6,173,5,1,100.0,0,N,RURAL_VICTORIA,ROAD,3,16.0
30055,1,6,160,5,1,50.0,0,N,LARGE_PROVINCIAL_CITIES,ROAD,3,13.0
30056,1,6,147,5,1,60.0,0,N,MELB_URBAN,ROAD,3,16.0
30057,6,6,99,5,2,100.0,0,N,RURAL_VICTORIA,ROAD,3,17.0
30058,6,4,174,5,2,60.0,0,N,MELB_URBAN,ROAD,2,18.0
30059,1,6,135,5,2,100.0,0,N,MELB_URBAN,ROAD,3,18.0
30060,6,6,184,5,1,80.0,0,N,RURAL_VICTORIA,ROAD,3,12.0
30061,1,6,121,1,1,60.0,0,I,MELB_URBAN,STREET,3,8.0
30062,6,6,174,1,2,60.0,0,I,MELB_URBAN,ROAD,3,20.0
30063,1,6,99,5,1,80.0,0,N,MELB_URBAN,ROAD,4,8.0
30064,1,6,110,1,2,100.0,0,I,RURAL_VICTORIA,ROAD,3,19.0
30065,6,6,99,5,2,80.0,0,N,RURAL_VICTORIA,ROAD,3,18.0
30066,1,6,163,5,1,50.0,0,N,MELB_URBAN,ROAD,3,15.0
30067,1,6,110,1,3,60.0,0,I,MELB_URBAN,ROAD,3,21.0
30068,1,6,99,5,1,50.0,0,N,MELB_URBAN,STREET,3,16.0
30069,1,6,130,1,9,80.0,0,I,MELB_URBAN,ROAD,2,15.0
30070,1,6,110,1,3,60.0,0,I,RURAL_VICTORIA,ROAD,3,22.0
30071,1,6,110,1,5,70.0,0,I,MELB_URBAN,ROAD,3,21.0
30072,2,7,99,5,5,50.0,0,N,TOWNS,STREET,3,1.0
30073,4,7,99,2,3,40.0,0,I,MELB_URBAN,STREET,3,2.0
30074,4,7,173,2,2,100.0,0,I,RURAL_VICTORIA,ROAD,3,6.0
30075,1,7,99,5,2,50.0,0,N,MELB_URBAN,ROAD,3,6.0
30076,1,7,135,2,2,60.0,0,I,MELB_URBAN,ROAD,3,7.0
30077,1,4,130,2,1,50.0,0,I,MELB_URBAN,ROAD,1,16.0
30078,4,7,183,5,5,100.0,0,N,RURAL_VICTORIA,ROAD,3,0.0
30079,1,4,130,5,9,60.0,0,N,MELB_URBAN,FREEWAY,1,19.0
30080,2,7,99,5,1,60.0,0,N,MELB_URBAN,STREET,3,8.0
30081,1,7,130,2,2,60.0,0,I,MELB_URBAN,ROAD,3,7.0
30082,1,7,113,2,1,80.0,0,N,RURAL_VICTORIA,HIGHWAY,3,9.0
30083,8,1,174,5,1,60.0,0,N,RURAL_VICTORIA,OTHER,2,16.0
30084,1,7,121,5,1,50.0,0,N,TOWNS,AVENUE,3,8.0
30085,1,7,121,2,1,60.0,0,I,MELB_URBAN,HIGHWAY,3,8.0
30086,6,5,174,5,2,100.0,0,N,RURAL_VICTORIA,AVENUE,3,19.0
30087,1,6,110,1,3,70.0,0,I,MELB_URBAN,ROAD,3,20.0
30088,1,7,130,5,1,80.0,0,N,MELB_URBAN,ROAD,3,9.0
30089,1,7,99,5,1,60.0,0,N,MELB_URBAN,ROAD,3,10.0
30090,6,7,99,2,1,100.0,0,I,RURAL_VICTORIA,ROAD,3,10.0
30091,1,7,99,5,1,40.0,0,N,MELB_URBAN,STREET,3,11.0
30092,6,7,99,5,1,100.0,0,N,RURAL_VICTORIA,HIGHWAY,3,11.0
30093,1,1,130,1,2,60.0,0,I,MELB_URBAN,ROAD,3,18.0
30094,1,7,130,5,1,60.0,0,N,RURAL_VICTORIA,ROAD,3,9.0
30095,1,6,120,2,1,80.0,0,I,RURAL_VICTORIA,ROAD,3,15.0
30096,1,5,130,5,2,100.0,0,N,MELB_URBAN,FREEWAY,3,17.0
30097,1,6,121,2,2,60.0,0,I,MELB_URBAN,ROAD,3,19.0
30098,4,4,171,5,5,50.0,0,N,MELB_URBAN,OTHER,2,23.0
30099,8,7,99,5,1,100.0,0,N,RURAL_VICTORIA,ROAD,3,12.0
30100,8,7,174,5,1,60.0,0,N,RURAL_VICTORIA,OTHER,3,11.0
30101,4,7,171,5,1,100.0,0,N,RURAL_VICTORIA,ROAD,3,14.0
30102,4,7,99,5,1,50.0,0,N,MELB_URBAN,DRIVE,3,12.0
30103,1,7,140,5,1,100.0,0,N,RURAL_VICTORIA,HIGHWAY,3,8.0
30104,4,7,181,5,1,100.0,0,N,RURAL_VICTORIA,ROAD,3,15.0
30105,1,7,160,5,1,60.0,0,N,TOWNS,PARADE,3,15.0
30106,1,3,133,2,2,60.0,0,I,MELB_URBAN,ROAD,2,19.0
30107,1,7,121,1,2,60.0,0,I,MELB_URBAN,STREET,3,18.0
30108,2,7,100,1,1,60.0,0,I,LARGE_PROVINCIAL_CITIES,STREET,3,16.0
30109,4,7,171,5,1,100.0,1,N,RURAL_VICTORIA,ROAD,3,11.0
30110,1,7,113,2,2,80.0,0,I,MELB_URBAN,HIGHWAY,3,17.0
30111,4,7,171,5,5,80.0,0,N,RURAL_VICTORIA,ROAD,3,20.0
30112,4,7,171,2,2,60.0,0,I,TOWNS,STREET,3,18.0
30113,8,7,99,5,2,100.0,0,N,RURAL_VICTORIA,OTHER,3,18.0
30114,4,7,183,5,3,80.0,0,N,MELB_URBAN,RAMP,3,20.0
30115,4,7,171,5,3,60.0,0,N,MELB_URBAN,ROAD,3,23.0
30116,3,7,167,5,5,100.0,0,N,RURAL_VICTORIA,ROAD,3,21.0
30117,1,7,160,5,3,60.0,0,N,MELB_URBAN,ROAD,3,23.0
30118,1,6,130,5,1,50.0,0,N,MELB_URBAN,ROAD,3,12.0
30119,1,7,121,5,1,60.0,0,N,MELB_URBAN,ROAD,3,13.0
30120,1,1,121,1,1,60.0,0,I,MELB_URBAN,STREET,3,8.0
30121,1,1,113,2,1,90.0,0,I,TOWNS,HIGHWAY,3,10.0
30122,4,1,173,5,1,50.0,0,N,LARGE_PROVINCIAL_CITIES,STREET,3,11.0
30123,8,1,174,5,1,60.0,0,N,RURAL_VICTORIA,ROAD,3,11.0
30124,1,7,120,5,5,100.0,1,N,RURAL_VICTORIA,ROAD,3,21.0
30125,2,1,102,5,1,70.0,0,N,MELB_URBAN,STREET,3,12.0
30126,1,7,110,1,2,100.0,0,I,RURAL_VICTORIA,ROAD,3,17.0
30127,1,1,99,1,1,60.0,0,I,TOWNS,ROAD,3,12.0
30128,1,1,110,1,1,40.0,0,I,MELBOURNE_CBD,STREET,3,10.0
30129,1,1,130,1,1,70.0,0,I,RURAL_VICTORIA,HIGHWAY,3,13.0
30130,1,7,121,1,2,60.0,0,I,MELB_URBAN,STREET,3,19.0
30131,1,1,121,1,1,80.0,0,I,MELB_URBAN,ROAD,3,13.0
30132,1,1,121,4,1,80.0,0,N,MELB_URBAN,ROAD,3,14.0
30133,4,1,173,5,1,100.0,0,N,RURAL_VICTORIA,HIGHWAY,3,13.0
30134,8,1,174,5,1,100.0,0,N,RURAL_VICTORIA,OTHER,3,13.0
30135,1,5,99,2,1,60.0,0,I,MELB_URBAN,ROAD,4,16.0
30136,1,1,130,2,2,60.0,0,I,MELB_URBAN,STREET,3,17.0
30137,1,1,130,2,3,70.0,0,I,MELB_URBAN,ROAD,3,0.0
30138,1,1,99,5,2,100.0,0,N,RURAL_VICTORIA,HIGHWAY,3,17.0
30139,1,1,130,1,2,80.0,0,I,MELB_URBAN,ROAD,3,17.0
30140,6,1,99,2,2,100.0,0,I,RURAL_VICTORIA,ROAD,3,18.0
30141,4,1,173,5,1,100.0,1,N,RURAL_VICTORIA,ROAD,3,15.0
30142,1,3,130,1,1,60.0,0,I,MELB_URBAN,ROAD,2,14.0
30143,1,1,113,2,3,50.0,0,I,LARGE_PROVINCIAL_CITIES,ROAD,3,22.0
30144,1,6,130,5,1,100.0,0,N,MELB_URBAN,FREEWAY,2,16.0
30145,1,1,113,2,3,70.0,1,I,RURAL_VICTORIA,ROAD,3,23.0
30146,1,2,120,5,1,100.0,0,N,RURAL_VICTORIA,HIGHWAY,3,8.0
30147,1,5,121,1,1,60.0,0,I,MELB_URBAN,STREET,2,17.0
30148,1,7,113,2,1,60.0,0,I,SMALL_CITIES,STREET,3,8.0
30149,1,1,116,1,1,60.0,0,I,MELB_URBAN,STREET,3,9.0
30150,1,2,99,2,2,60.0,0,I,MELB_URBAN,ROAD,3,7.0
30151,1,1,113,1,1,60.0,0,I,MELB_URBAN,ROAD,3,9.0
30152,1,3,121,2,1,60.0,0,I,MELB_URBAN,ROAD,12,18.0
30153,1,2,120,5,1,80.0,0,N,RURAL_VICTORIA,ROAD,3,11.0
30154,1,2,99,5,1,60.0,0,N,MELB_URBAN,STREET,3,12.0
30155,1,7,113,2,1,50.0,0,I,MELB_URBAN,STREET,3,16.0
30156,1,2,110,1,1,80.0,0,I,MELB_URBAN,ROAD,3,12.0
30157,1,2,130,2,1,60.0,0,I,RURAL_VICTORIA,HIGHWAY,3,11.0
30158,1,2,121,1,1,60.0,0,I,SMALL_CITIES,ROAD,3,12.0
30159,1,7,147,5,1,50.0,0,N,MELB_URBAN,AVENUE,3,12.0
30160,1,2,133,5,1,50.0,0,N,RURAL_VICTORIA,ROAD,3,12.0
30161,1,3,132,2,1,60.0,0,I,MELB_URBAN,ROAD,2,17.0
30162,6,2,170,5,1,60.0,0,N,RURAL_VICTORIA,ROAD,3,14.0
30163,1,1,130,4,1,50.0,0,I,TOWNS,OTHER,3,12.0
30164,5,1,99,5,1,60.0,0,N,RURAL_VICTORIA,OTHER,3,12.0
30165,1,2,110,1,2,100.0,0,I,RURAL_VICTORIA,FREEWAY,3,17.0
30166,1,2,110,1,1,100.0,1,I,RURAL_VICTORIA,FREEWAY,3,14.0
30167,1,2,110,1,1,100.0,0,N,RURAL_VICTORIA,ROAD,3,15.0
30168,1,2,99,5,2,60.0,0,N,MELB_URBAN,UNKNOWN,3,19.0
30169,1,1,111,4,2,60.0,0,I,MELB_URBAN,RAMP,3,19.0
30170,4,2,171,5,2,50.0,0,N,RURAL_VICTORIA,ROAD,3,19.0
30171,1,2,121,1,3,40.0,0,I,MELB_URBAN,ROAD,3,22.0
30172,1,2,147,5,3,60.0,0,N,MELB_URBAN,ROAD,3,22.0
30173,1,3,121,2,1,70.0,0,I,MELB_URBAN,ROAD,12,7.0
30174,1,2,171,5,5,80.0,0,N,MELB_URBAN,ROAD,3,20.0
30175,2,6,100,5,1,60.0,0,N,MELB_URBAN,PARADE,3,16.0
30176,8,1,174,5,3,50.0,0,N,LARGE_PROVINCIAL_CITIES,STREET,3,23.0
30177,2,2,99,5,3,50.0,0,N,MELB_URBAN,DRIVE,3,22.0
30178,1,5,110,1,2,60.0,0,I,MELB_URBAN,AVENUE,2,7.0
30179,4,3,173,5,2,100.0,0,N,RURAL_VICTORIA,ROAD,3,7.0
30180,1,3,113,2,2,80.0,0,I,MELB_URBAN,ROAD,3,7.0
30181,1,3,121,1,2,80.0,0,N,MELB_URBAN,HIGHWAY,3,7.0
30182,1,3,130,5,1,80.0,0,N,MELB_URBAN,FREEWAY,2,11.0
30183,1,2,132,2,1,60.0,0,I,MELB_URBAN,ROAD,3,16.0
30184,1,3,111,2,2,60.0,0,I,MELB_URBAN,ROAD,3,7.0
30185,1,4,110,1,1,60.0,0,I,MELB_URBAN,ROAD,2,10.0
30186,1,4,130,2,2,50.0,0,N,MELB_URBAN,ROAD,2,19.0
30187,4,3,181,5,1,80.0,0,N,RURAL_VICTORIA,ROAD,3,11.0
30188,1,5,130,5,1,60.0,0,N,SMALL_CITIES,STREET,2,16.0
30189,1,3,99,1,1,50.0,0,I,MELB_URBAN,STREET,3,10.0
30190,8,7,184,5,9,60.0,0,N,RURAL_VICTORIA,ROAD,3,15.0
30191,2,3,102,1,1,60.0,0,I,MELB_URBAN,PARADE,3,11.0
30192,1,3,130,5,1,60.0,0,N,MELB_URBAN,STREET,12,13.0
30193,1,3,99,2,1,60.0,0,I,MELB_URBAN,STREET,3,11.0
30194,1,3,99,5,1,60.0,0,N,MELB_URBAN,STREET,3,12.0
30195,4,6,181,5,1,100.0,0,N,RURAL_VICTORIA,ROAD,3,15.0
30196,1,3,113,1,1,40.0,0,I,MELB_URBAN,ROAD,3,8.0
30197,6,2,170,5,2,80.0,0,N,RURAL_VICTORIA,ROAD,3,19.0
30198,8,3,174,4,1,60.0,0,I,MELB_URBAN,DRIVE,3,10.0
30199,8,1,99,5,1,100.0,0,N,RURAL_VICTORIA,ROAD,3,12.0
30200,4,7,173,5,1,110.0,0,N,RURAL_VICTORIA,HIGHWAY,3,8.0
30201,4,3,171,5,1,70.0,0,N,MELB_URBAN,ROAD,3,10.0
30202,8,3,174,2,1,60.0,0,I,MELB_URBAN,ROAD,3,14.0
30203,4,1,173,5,2,60.0,0,N,MELB_URBAN,ROAD,3,19.0
30204,2,6,99,5,2,60.0,0,N,TOWNS,STREET,12,19.0
30205,1,3,120,5,1,80.0,0,N,MELB_URBAN,HIGHWAY,3,14.0
30206,2,5,99,5,1,40.0,0,N,SMALL_TOWNS,ROAD,2,11.0
30207,1,3,110,1,1,50.0,0,I,MELB_URBAN,ROAD,3,16.0
30208,1,3,130,2,2,60.0,0,I,MELB_URBAN,ROAD,3,17.0
30209,1,3,121,1,2,60.0,0,I,MELB_URBAN,STREET,3,17.0
30210,1,3,110,1,1,80.0,0,I,LARGE_PROVINCIAL_CITIES,HIGHWAY,3,16.0
30211,1,3,110,1,2,100.0,0,I,RURAL_VICTORIA,ROAD,3,17.0
30212,1,3,130,5,2,60.0,0,N,MELB_URBAN,STREET,3,17.0
30213,1,3,130,2,2,60.0,0,I,MELB_URBAN,STREET,3,18.0
30214,1,3,130,5,2,80.0,0,N,MELB_URBAN,ROAD,3,17.0
30215,4,3,171,5,3,60.0,0,N,LARGE_PROVINCIAL_CITIES,ROAD,10,4.0
30216,1,3,99,2,3,60.0,0,I,MELB_URBAN,ROAD,3,22.0
30217,4,2,171,5,3,80.0,0,N,MELB_URBAN,ROAD,3,23.0
30218,1,4,110,1,3,80.0,0,N,MELB_URBAN,ROAD,3,0.0
30219,1,3,133,5,2,100.0,0,N,MELB_URBAN,FREEWAY,3,6.0
30220,1,2,140,5,1,100.0,0,N,RURAL_VICTORIA,HIGHWAY,2,10.0
30221,1,4,160,5,2,70.0,0,N,LARGE_PROVINCIAL_CITIES,STREET,3,6.0
30222,1,3,121,2,2,70.0,0,I,MELB_URBAN,ROAD,3,18.0
30223,2,7,99,1,3,50.0,0,I,MELB_URBAN,ROAD,3,21.0
30224,6,3,184,5,5,60.0,0,N,RURAL_VICTORIA,ROAD,3,22.0
30225,3,5,167,5,2,100.0,0,N,RURAL_VICTORIA,ROAD,3,20.0
30226,6,4,170,1,2,80.0,0,I,MELB_URBAN,ROAD,2,6.0
30227,1,4,133,5,1,70.0,0,N,MELB_URBAN,ROAD,3,9.0
30228,1,3,183,4,2,50.0,0,I,MELB_URBAN,ROAD,3,19.0
30229,1,3,121,1,1,60.0,0,I,MELB_URBAN,STREET,3,9.0
30230,1,4,110,1,2,100.0,1,I,RURAL_VICTORIA,ROAD,3,7.0
30231,4,4,171,5,1,80.0,0,N,MELB_URBAN,ROAD,3,9.0
30232,1,4,130,1,1,60.0,0,I,MELB_URBAN,ROAD,3,9.0
30233,1,4,130,2,1,80.0,0,I,MELB_URBAN,HIGHWAY,3,12.0
30234,8,4,174,5,1,40.0,0,I,MELB_URBAN,STREET,3,11.0
30235,2,4,99,5,1,50.0,0,N,MELB_URBAN,STREET,3,12.0
30236,1,7,130,5,2,70.0,0,N,MELB_URBAN,ROAD,3,17.0
30237,1,3,110,1,2,80.0,0,I,MELB_URBAN,HIGHWAY,3,17.0
30238,1,5,130,2,1,60.0,0,I,MELB_URBAN,ROAD,5,8.0
30239,1,5,99,1,2,60.0,0,I,MELB_URBAN,AVENUE,3,17.0
30240,6,4,174,2,2,60.0,0,I,MELB_URBAN,ROAD,8,17.0
30241,4,4,171,5,1,60.0,0,N,TOWNS,ROAD,3,14.0
30242,1,7,130,1,2,60.0,0,I,MELB_URBAN,STREET,1,20.0
30243,2,4,99,2,1,40.0,0,I,MELB_URBAN,STREET,3,8.0
30244,1,4,121,5,1,50.0,0,N,TOWNS,STREET,3,15.0
30245,4,4,173,5,2,70.0,0,N,MELB_URBAN,ROAD,3,17.0
30246,1,2,163,5,1,60.0,0,N,MELB_URBAN,ROAD,3,9.0
30247,2,4,100,2,1,40.0,0,N,LARGE_PROVINCIAL_CITIES,ROAD,3,15.0
30248,1,4,99,5,1,80.0,0,N,MELB_URBAN,HIGHWAY,3,16.0
30249,5,7,99,5,1,60.0,0,N,RURAL_VICTORIA,OTHER,3,15.0
30250,1,4,113,2,2,70.0,0,I,MELB_URBAN,ROAD,3,19.0
30251,1,5,130,1,9,60.0,0,I,MELB_URBAN,ROAD,1,17.0
30252,1,4,113,2,2,60.0,0,I,MELB_URBAN,ROAD,3,18.0
30253,1,4,121,5,2,50.0,0,N,TOWNS,ROAD,3,19.0
30254,1,4,121,2,2,50.0,0,I,MELB_URBAN,STREET,3,18.0
30255,1,4,120,5,2,70.0,0,N,MELB_URBAN,ROAD,3,20.0
30256,6,4,170,5,2,100.0,0,N,RURAL_VICTORIA,ROAD,3,20.0
30257,1,7,134,1,2,80.0,0,I,MELB_URBAN,ROAD,2,7.0
30258,1,4,121,2,3,70.0,0,I,LARGE_PROVINCIAL_CITIES,HIGHWAY,3,21.0
30259,1,4,130,2,2,60.0,0,N,MELB_URBAN,DRIVE,3,17.0
30260,3,5,167,2,5,80.0,0,I,RURAL_VICTORIA,ROAD,3,0.0
30261,4,1,171,2,3,50.0,0,I,SMALL_CITIES,STREET,2,3.0
30262,4,5,171,1,3,60.0,0,I,LARGE_PROVINCIAL_CITIES,AVENUE,3,2.0
30263,6,4,99,4,3,80.0,0,I,MELB_URBAN,HIGHWAY,3,23.0
30264,1,5,113,2,3,60.0,0,I,MELB_URBAN,STREET,3,6.0
30265,1,5,99,5,5,100.0,0,N,RURAL_VICTORIA,HIGHWAY,3,3.0
30266,1,5,99,5,2,50.0,0,N,MELB_URBAN,AVENUE,3,7.0
30267,4,4,171,5,5,80.0,0,N,RURAL_VICTORIA,STREET,3,22.0
30268,1,5,113,2,1,60.0,0,I,SMALL_CITIES,AVENUE,3,8.0
30269,8,1,184,5,1,60.0,0,N,RURAL_VICTORIA,ROAD,3,14.0
30270,1,1,99,1,1,60.0,0,N,MELB_URBAN,STREET,3,11.0
30271,6,7,174,2,1,60.0,0,N,RURAL_VICTORIA,OTHER,3,12.0
30272,1,1,130,2,1,60.0,0,I,MELB_URBAN,ROAD,3,15.0
30273,1,5,130,5,1,100.0,0,N,MELB_URBAN,FREEWAY,3,8.0
30274,1,4,110,1,1,50.0,0,I,MELB_URBAN,ROAD,3,11.0
30275,2,5,99,5,1,50.0,0,N,MELB_URBAN,STREET,3,9.0
30276,1,4,113,2,2,60.0,0,I,MELB_URBAN,ROAD,3,7.0
30277,1,7,110,1,1,60.0,0,I,RURAL_VICTORIA,ROAD,3,14.0
30278,1,5,113,2,1,100.0,0,I,RURAL_VICTORIA,HIGHWAY,3,8.0
30279,5,5,99,5,1,100.0,0,N,RURAL_VICTORIA,ROAD,3,12.0
30280,1,6,130,5,9,60.0,0,N,MELB_URBAN,ROAD,3,12.0
30281,1,5,163,5,1,60.0,0,N,MELB_URBAN,ROAD,3,10.0
30282,1,5,132,1,1,60.0,0,I,MELB_URBAN,STREET,3,8.0
30283,1,5,130,1,1,60.0,0,I,LARGE_PROVINCIAL_CITIES,ROAD,3,8.0
30284,1,7,113,1,1,60.0,0,I,SMALL_CITIES,STREET,3,15.0
30285,1,6,140,5,9,60.0,0,N,MELB_URBAN,STREET,3,17.0
30286,4,4,171,5,1,110.0,0,N,RURAL_VICTORIA,HIGHWAY,3,12.0
30287,6,2,99,5,2,60.0,0,N,RURAL_VICTORIA,ROAD,3,16.0
30288,1,5,110,1,1,100.0,0,I,RURAL_VICTORIA,ROAD,3,13.0
30289,1,1,99,1,1,70.0,0,I,SMALL_CITIES,ROAD,2,12.0
30290,1,6,121,1,2,50.0,0,I,MELB_URBAN,AVENUE,3,17.0
30291,1,3,163,2,2,60.0,0,I,MELB_URBAN,STREET,3,17.0
30292,2,5,100,2,1,60.0,0,I,MELB_URBAN,ROAD,3,15.0
30293,2,5,100,5,1,50.0,0,N,MELB_URBAN,HIGHWAY,3,15.0
30294,2,5,102,5,1,40.0,0,N,MELB_URBAN,AVENUE,3,15.0
30295,1,5,130,2,2,50.0,0,I,MELB_URBAN,STREET,3,19.0
30296,1,5,130,2,2,70.0,0,I,MELB_URBAN,ROAD,3,17.0
30297,1,5,110,1,1,50.0,0,I,MELB_URBAN,STREET,3,16.0
30298,1,5,130,2,2,60.0,0,I,SMALL_CITIES,DRIVE,3,17.0
30299,1,5,134,5,2,60.0,0,N,MELB_URBAN,OTHER,3,17.0
30300,1,5,113,2,2,100.0,0,I,RURAL_VICTORIA,HIGHWAY,3,17.0
30301,1,4,130,4,1,80.0,0,I,MELB_URBAN,ROAD,3,9.0
30302,4,5,99,2,1,100.0,0,I,RURAL_VICTORIA,HIGHWAY,3,16.0
30303,2,5,100,5,2,60.0,0,N,MELB_URBAN,ROAD,3,17.0
30304,1,5,130,2,2,60.0,0,I,MELB_URBAN,STREET,3,17.0
30305,1,5,130,2,2,80.0,0,I,MELB_URBAN,ROAD,3,17.0
30306,1,5,140,5,2,60.0,0,N,MELB_URBAN,ROAD,3,18.0
30307,1,5,132,2,2,60.0,0,I,MELB_URBAN,STREET,3,20.0
30308,1,5,130,5,2,100.0,0,N,MELB_URBAN,ROAD,3,18.0
30309,1,5,121,1,3,70.0,0,I,MELB_URBAN,ROAD,3,22.0
30310,2,5,99,5,1,50.0,0,N,MELB_URBAN,AVENUE,3,12.0
30311,1,5,111,1,2,50.0,0,N,MELB_URBAN,STREET,3,21.0
30312,3,6,167,5,5,100.0,0,N,RURAL_VICTORIA,ROAD,3,2.0
30313,4,6,173,5,5,100.0,0,N,RURAL_VICTORIA,ROAD,3,4.0
30314,4,6,171,5,2,100.0,0,I,MELB_URBAN,FREEWAY,3,5.0
30315,1,6,160,2,3,70.0,0,N,MELB_URBAN,ROAD,3,4.0
30316,4,5,171,5,5,100.0,0,N,RURAL_VICTORIA,HIGHWAY,3,20.0
30317,1,6,147,5,2,60.0,0,N,MELB_URBAN,STREET,3,6.0
30318,1,3,130,1,1,60.0,0,N,MELB_URBAN,STREET,3,9.0
30319,1,6,121,1,1,60.0,0,I,MELB_URBAN,ROAD,3,8.0
30320,1,5,130,1,1,40.0,0,N,MELB_URBAN,ROAD,3,9.0
30321,1,6,121,1,1,80.0,0,N,MELB_URBAN,HIGHWAY,3,8.0
30322,1,3,171,2,1,50.0,0,I,MELB_URBAN,STREET,3,11.0
30323,1,3,140,5,1,60.0,0,N,MELB_URBAN,STREET,2,16.0
30324,2,6,100,2,2,60.0,1,I,MELB_URBAN,ROAD,3,6.0
30325,1,6,130,2,1,60.0,0,I,MELB_URBAN,STREET,2,16.0
30326,6,6,99,5,1,100.0,0,N,RURAL_VICTORIA,ROAD,3,10.0
30327,1,6,134,5,1,60.0,0,N,LARGE_PROVINCIAL_CITIES,ROAD,3,10.0
30328,2,6,102,1,1,70.0,0,I,MELB_URBAN,ROAD,3,12.0
30329,1,6,99,5,1,60.0,0,N,MELB_URBAN,ROAD,3,10.0
30330,2,6,102,2,1,50.0,0,N,MELB_URBAN,PARADE,3,11.0
30331,1,6,121,5,1,50.0,0,N,LARGE_PROVINCIAL_CITIES,STREET,3,10.0
30332,1,6,111,1,1,60.0,0,I,SMALL_CITIES,ROAD,3,12.0
30333,1,6,113,2,1,60.0,0,I,MELB_URBAN,ROAD,3,10.0
30334,8,3,184,2,1,60.0,0,N,RURAL_VICTORIA,ROAD,3,10.0
30335,1,4,121,2,1,60.0,0,I,MELB_URBAN,STREET,3,8.0
30336,2,6,102,2,1,50.0,0,I,TOWNS,STREET,3,15.0
30337,1,6,121,2,2,40.0,0,I,MELB_URBAN,ROAD,3,17.0
30338,1,6,110,1,1,60.0,0,I,LARGE_PROVINCIAL_CITIES,ROAD,3,16.0
30339,1,2,113,2,9,60.0,0,I,MELB_URBAN,ROAD,11,18.0
30340,4,6,173,5,2,80.0,0,N,MELB_URBAN,ROAD,3,18.0
30341,1,6,110,1,1,80.0,0,I,MELB_URBAN,ROAD,3,16.0
30342,1,6,110,1,1,80.0,0,N,MELB_URBAN,ROAD,3,16.0
30343,2,6,100,2,1,50.0,0,I,MELB_URBAN,ROAD,3,15.0
30344,1,6,121,5,1,60.0,0,N,MELB_URBAN,ROAD,3,16.0
30345,1,6,121,2,1,60.0,0,I,MELB_URBAN,ROAD,3,14.0
30346,1,6,121,2,2,70.0,0,I,MELB_URBAN,ROAD,3,18.0
30347,1,6,99,2,2,60.0,0,I,MELB_URBAN,ROAD,3,17.0
30348,1,6,110,1,3,50.0,0,I,MELB_URBAN,STREET,3,20.0
30349,6,6,99,5,2,110.0,0,N,RURAL_VICTORIA,HIGHWAY,3,18.0
30350,1,7,160,5,3,50.0,0,N,MELB_URBAN,STREET,3,1.0
30351,1,7,147,5,1,50.0,0,N,MELB_URBAN,ROAD,3,8.0
30352,3,7,167,5,2,100.0,0,N,RURAL_VICTORIA,ROAD,3,6.0
30353,1,7,110,1,1,50.0,0,I,SMALL_TOWNS,STREET,3,9.0
30354,4,6,181,5,1,100.0,0,N,RURAL_VICTORIA,ROAD,3,16.0
30355,1,5,130,1,1,50.0,0,I,MELB_URBAN,STREET,3,16.0
30356,1,7,99,5,1,80.0,0,N,MELB_URBAN,ROAD,3,8.0
30357,4,7,171,1,5,80.0,0,N,LARGE_PROVINCIAL_CITIES,PARADE,3,7.0
30358,4,6,173,5,1,100.0,0,N,TOWNS,HIGHWAY,3,16.0
30359,2,7,100,2,2,50.0,0,I,MELB_URBAN,DRIVE,3,7.0
30360,1,7,130,2,1,60.0,0,I,MELB_URBAN,ROAD,3,12.0
30361,1,2,99,5,2,60.0,0,I,MELB_URBAN,ROAD,3,7.0
30362,1,7,132,2,1,60.0,0,N,MELB_URBAN,ROAD,3,13.0
30363,1,7,120,5,1,100.0,0,N,RURAL_VICTORIA,ROAD,3,11.0
30364,8,7,174,5,1,60.0,0,N,MELB_URBAN,ROAD,3,11.0
30365,4,7,171,2,1,60.0,0,I,SMALL_CITIES,STREET,3,10.0
30366,8,7,184,5,1,100.0,0,N,RURAL_VICTORIA,HIGHWAY,3,13.0
30367,1,7,120,5,1,50.0,0,N,MELB_URBAN,ROAD,3,15.0
30368,7,7,99,1,1,80.0,0,I,MELB_URBAN,HIGHWAY,3,11.0
30369,1,7,111,1,2,50.0,0,I,SMALL_CITIES,STREET,3,17.0