,accident_type,day_of_week,dca_code,road_geometry,light_condition,speed_zone,severity,node_type,deg_urban_name,road_type,month,hour
30370,4,5,183,5,1,100.0,0,N,RURAL_VICTORIA,ROAD,3,11.0
30371,2,6,102,2,2,60.0,0,I,LARGE_PROVINCIAL_CITIES,STREET,3,17.0
30372,1,7,99,1,2,60.0,0,I,SMALL_CITIES,STREET,3,18.0
30373,4,7,173,5,1,100.0,0,N,RURAL_VICTORIA,ROAD,3,12.0
30374,1,7,110,1,1,60.0,0,I,MELB_URBAN,STREET,3,18.0
30375,8,7,99,5,2,60.0,0,N,RURAL_VICTORIA,ROAD,3,17.0
30376,4,7,171,5,3,60.0,0,N,MELB_URBAN,ROAD,3,20.0
30377,1,7,163,2,2,50.0,0,I,MELB_URBAN,STREET,3,17.0
30378,4,7,173,2,3,60.0,0,I,MELB_URBAN,STREET,3,23.0
30379,1,7,110,1,3,60.0,0,I,MELB_URBAN,STREET,3,21.0
30380,1,7,160,5,3,60.0,0,N,LARGE_PROVINCIAL_CITIES,ROAD,3,20.0
30381,1,7,110,1,3,60.0,0,I,MELB_URBAN,ROAD,3,23.0
30382,8,1,99,5,3,60.0,0,N,MELB_URBAN,ROAD,3,23.0
30383,1,1,120,5,5,70.0,0,N,MELB_URBAN,ROAD,3,1.0
30384,4,1,173,5,3,60.0,0,N,MELB_URBAN,STREET,3,0.0
30385,1,1,110,1,3,60.0,0,I,MELB_URBAN,ROAD,3,1.0
30386,2,6,99,5,3,50.0,0,N,MELB_URBAN,STREET,3,21.0
30387,1,7,130,1,1,60.0,0,I,LARGE_PROVINCIAL_CITIES,STREET,3,12.0
30388,8,3,174,5,1,60.0,0,N,LARGE_PROVINCIAL_CITIES,ROAD,12,11.0
30389,1,4,99,5,2,60.0,0,N,MELB_URBAN,AVENUE,3,7.0
30390,1,1,116,3,1,60.0,0,I,MELB_URBAN,ROAD,3,11.0
30391,1,1,160,5,1,40.0,0,N,MELB_URBAN,STREET,3,12.0
30392,8,7,99,5,1,100.0,0,N,RURAL_VICTORIA,ROAD,3,14.0
30393,1,4,130,1,9,80.0,0,I,MELB_URBAN,HIGHWAY,12,12.0
30394,4,1,181,5,1,100.0,0,N,RURAL_VICTORIA,ROAD,3,10.0
30395,1,1,130,2,1,80.0,0,I,RURAL_VICTORIA,ROAD,3,12.0
30396,8,1,170,5,1,100.0,0,N,RURAL_VICTORIA,OTHER,3,12.0
30397,4,1,171,5,1,80.0,0,N,RURAL_VICTORIA,ROAD,3,14.0
30398,1,1,130,5,1,100.0,0,N,RURAL_VICTORIA,FREEWAY,3,14.0
30399,4,1,181,5,1,60.0,0,N,RURAL_VICTORIA,ROAD,3,16.0
30400,4,1,171,5,1,100.0,0,N,RURAL_VICTORIA,ROAD,3,16.0
30401,2,1,99,5,3,50.0,0,N,LARGE_PROVINCIAL_CITIES,STREET,3,4.0
30402,1,1,147,5,2,40.0,0,N,MELBOURNE_CBD,STREET,3,17.0
30403,1,1,113,1,2,60.0,0,I,MELB_URBAN,ROAD,3,19.0
30404,1,1,113,2,2,70.0,0,I,RURAL_VICTORIA,ROAD,3,18.0
30405,1,1,130,1,1,50.0,0,I,LARGE_PROVINCIAL_CITIES,STREET,3,8.0
30406,2,1,99,2,1,60.0,0,I,MELB_URBAN,STREET,3,15.0
30407,1,1,130,5,2,70.0,0,N,MELB_URBAN,ROAD,3,18.0
30408,1,6,130,2,1,80.0,0,I,MELB_URBAN,HIGHWAY,1,16.0
30409,1,1,130,1,2,70.0,0,I,MELB_URBAN,ROAD,3,20.0
30410,4,7,171,5,3,70.0,0,N,MELB_URBAN,ROAD,3,23.0
30411,2,2,100,1,3,50.0,0,I,MELB_URBAN,STREET,3,5.0
30412,1,1,130,2,1,60.0,0,I,MELB_URBAN,ROAD,3,9.0
30413,1,1,130,5,1,80.0,0,N,MELB_URBAN,HIGHWAY,3,13.0
30414,1,1,120,5,1,100.0,0,N,RURAL_VICTORIA,ROAD,3,14.0
30415,1,2,134,5,2,60.0,0,N,MELB_URBAN,ROAD,3,7.0
30416,1,2,99,2,1,50.0,0,I,SMALL_CITIES,STREET,3,8.0
30417,1,3,140,5,1,90.0,0,N,RURAL_VICTORIA,HIGHWAY,10,15.0
30418,1,6,130,1,1,60.0,0,I,MELB_URBAN,STREET,3,13.0
30419,1,2,130,5,1,80.0,0,N,MELB_URBAN,ROAD,3,8.0
30420,1,2,99,2,1,40.0,0,I,MELB_URBAN,AVENUE,3,8.0
30421,2,2,102,1,2,60.0,0,I,LARGE_PROVINCIAL_CITIES,ROAD,3,6.0
30422,4,1,171,1,2,100.0,0,I,RURAL_VICTORIA,FREEWAY,3,19.0
30423,4,7,183,5,1,100.0,0,N,RURAL_VICTORIA,ROAD,3,15.0
30424,8,7,174,2,1,60.0,0,I,RURAL_VICTORIA,ROAD,3,11.0
30425,1,2,110,4,1,50.0,0,I,LARGE_PROVINCIAL_CITIES,STREET,3,11.0
30426,6,7,184,3,1,60.0,0,I,RURAL_VICTORIA,OTHER,3,13.0
30427,1,2,132,5,2,80.0,0,N,MELB_URBAN,ROAD,3,7.0
30428,1,2,113,1,1,50.0,0,I,MELB_URBAN,ROAD,3,11.0
30429,3,2,167,5,9,100.0,0,N,RURAL_VICTORIA,ROAD,3,12.0
30430,4,1,173,5,1,80.0,0,N,RURAL_VICTORIA,ROAD,3,16.0
30431,8,7,170,1,1,100.0,0,N,RURAL_VICTORIA,ROAD,3,15.0
30432,4,2,181,5,1,70.0,0,N,MELB_URBAN,ROAD,3,14.0
30433,8,7,174,5,1,60.0,0,N,RURAL_VICTORIA,OTHER,3,12.0
30434,1,2,99,5,1,50.0,0,N,MELB_URBAN,ROAD,3,13.0
30435,4,2,171,5,1,100.0,0,N,RURAL_VICTORIA,ROAD,3,11.0
30436,6,7,99,5,1,60.0,0,N,RURAL_VICTORIA,DRIVE,3,11.0
30437,8,2,174,5,2,100.0,0,N,RURAL_VICTORIA,ROAD,3,7.0
30438,2,6,100,2,1,60.0,0,I,MELB_URBAN,ROAD,1,11.0
30439,1,2,130,2,1,80.0,0,I,MELB_URBAN,ROAD,3,15.0
30440,1,2,130,5,1,60.0,0,N,RURAL_VICTORIA,AVENUE,1,16.0
30441,5,1,99,5,1,100.0,0,N,RURAL_VICTORIA,ROAD,3,13.0
30442,7,6,99,5,5,100.0,0,N,RURAL_VICTORIA,ROAD,3,1.0
30443,4,1,181,5,5,50.0,0,I,MELB_URBAN,DRIVE,3,3.0
30444,8,7,174,1,3,60.0,0,I,MELB_URBAN,ROAD,3,21.0
30445,1,2,113,2,2,60.0,0,I,MELB_URBAN,ROAD,3,17.0
30446,1,2,134,2,2,60.0,0,I,MELB_URBAN,ROAD,3,17.0
30447,1,2,147,5,2,50.0,0,N,LARGE_PROVINCIAL_CITIES,ROAD,3,18.0
30448,2,2,99,5,1,50.0,0,N,MELB_URBAN,STREET,3,16.0
30449,1,2,99,2,2,60.0,0,I,MELB_URBAN,STREET,3,18.0
30450,1,2,113,2,1,60.0,0,N,MELB_URBAN,UNKNOWN,3,16.0
30451,4,2,173,5,2,80.0,0,N,RURAL_VICTORIA,ROAD,3,20.0
30452,4,2,171,5,3,50.0,0,N,MELB_URBAN,AVENUE,3,22.0
30453,1,2,163,1,1,70.0,0,I,MELB_URBAN,ROAD,3,16.0
30454,1,1,130,5,3,40.0,0,N,MELB_URBAN,STREET,3,3.0
30455,3,3,167,5,5,80.0,1,N,RURAL_VICTORIA,ROAD,3,4.0
30456,1,3,110,1,2,60.0,0,I,MELB_URBAN,STREET,3,7.0
30457,1,3,130,5,1,60.0,0,N,MELB_URBAN,PARADE,2,13.0
30458,1,3,99,5,1,50.0,0,N,MELB_URBAN,STREET,3,9.0
30459,8,7,174,5,1,60.0,0,N,TOWNS,ROAD,3,10.0
30460,1,3,99,5,2,40.0,0,N,MELBOURNE_CBD,STREET,3,7.0
30461,1,2,140,5,1,70.0,0,N,RURAL_VICTORIA,HIGHWAY,3,14.0
30462,1,3,99,5,1,50.0,0,N,MELB_URBAN,STREET,3,8.0
30463,1,3,121,5,1,50.0,0,N,TOWNS,ROAD,3,9.0
30464,1,7,121,1,1,80.0,0,I,SMALL_CITIES,ROAD,1,14.0
30465,4,3,173,5,1,100.0,0,N,RURAL_VICTORIA,ROAD,3,8.0
30466,8,1,184,5,1,100.0,0,N,RURAL_VICTORIA,ROAD,3,13.0
30467,1,7,130,5,1,100.0,0,N,MELB_URBAN,ROAD,2,16.0
30468,1,3,130,5,2,100.0,0,N,MELB_URBAN,ROAD,2,7.0
30469,8,3,99,2,1,70.0,0,I,RURAL_VICTORIA,STREET,3,11.0
30470,1,3,140,2,1,60.0,0,I,MELB_URBAN,ROAD,2,10.0
30471,1,3,160,5,3,60.0,0,N,MELB_URBAN,ROAD,9,23.0
30472,1,2,130,5,1,100.0,0,N,RURAL_VICTORIA,FREEWAY,3,14.0
30473,1,3,116,2,1,70.0,0,I,MELB_URBAN,ROAD,3,13.0
30474,1,3,121,2,1,60.0,0,I,LARGE_PROVINCIAL_CITIES,STREET,3,13.0
30475,1,3,120,5,1,80.0,0,N,RURAL_VICTORIA,ROAD,3,13.0
30476,4,3,171,5,1,80.0,0,N,RURAL_VICTORIA,ROAD,3,15.0
30477,1,3,113,1,1,60.0,0,I,TOWNS,STREET,3,14.0
30478,4,6,183,5,1,80.0,0,N,RURAL_VICTORIA,ROAD,3,15.0
30479,1,5,135,2,2,60.0,0,I,MELB_URBAN,ROAD,3,17.0
30480,1,3,110,1,1,50.0,0,I,LARGE_PROVINCIAL_CITIES,STREET,3,15.0
30481,1,7,130,5,1,60.0,0,N,RURAL_VICTORIA,ROAD,1,12.0
30482,1,3,99,5,1,60.0,0,N,MELB_URBAN,ROAD,3,16.0
30483,1,2,121,5,2,50.0,0,N,SMALL_CITIES,DRIVE,3,18.0
30484,4,3,171,5,2,80.0,0,N,MELB_URBAN,ROAD,3,18.0
30485,1,3,160,5,2,50.0,0,N,TOWNS,STREET,3,19.0
30486,1,1,147,5,1,50.0,0,N,SMALL_CITIES,ROAD,3,16.0
30487,2,2,100,2,2,60.0,0,I,MELB_URBAN,ROAD,3,18.0
30488,1,3,121,2,1,80.0,0,I,MELB_URBAN,ROAD,3,16.0
30489,1,7,130,1,1,50.0,0,I,MELB_URBAN,ROAD,1,15.0
30490,1,3,121,1,3,70.0,0,I,MELB_URBAN,ROAD,3,21.0
30491,4,3,173,5,5,100.0,0,N,RURAL_VICTORIA,ROAD,3,19.0
30492,1,3,121,2,1,80.0,0,I,MELB_URBAN,ROAD,3,16.0
30493,1,7,110,1,1,60.0,0,I,TOWNS,STREET,3,16.0
30494,1,7,121,2,1,60.0,0,I,RURAL_VICTORIA,STREET,9,9.0
30495,2,4,99,5,2,50.0,0,N,SMALL_CITIES,AVENUE,3,7.0
30496,1,5,110,1,1,50.0,0,I,MELB_URBAN,STREET,2,10.0
30497,4,3,173,2,3,50.0,0,I,MELB_URBAN,DRIVE,3,21.0
30498,1,4,130,5,1,60.0,0,N,TOWNS,STREET,3,9.0
30499,1,3,130,5,1,110.0,0,N,SMALL_CITIES,FREEWAY,3,8.0
30500,1,4,130,2,2,60.0,0,I,MELB_URBAN,STREET,3,6.0
30501,3,3,167,5,5,80.0,0,N,RURAL_VICTORIA,ROAD,3,22.0
30502,8,5,174,5,1,60.0,0,N,MELB_URBAN,STREET,3,15.0
30503,1,4,121,2,1,70.0,0,I,MELB_URBAN,OTHER,3,8.0
30504,1,4,121,1,1,50.0,0,I,SMALL_CITIES,STREET,3,9.0
30505,8,7,99,2,2,60.0,0,I,RURAL_VICTORIA,STREET,3,18.0
30506,4,4,183,5,1,100.0,0,N,RURAL_VICTORIA,ROAD,3,8.0
30507,1,4,111,2,1,50.0,0,I,MELB_URBAN,BOULEVARD,3,8.0
30508,1,4,130,2,9,50.0,0,I,MELB_URBAN,BOULEVARD,3,11.0
30509,1,4,110,1,1,70.0,0,I,MELB_URBAN,HIGHWAY,3,12.0
30510,1,3,110,1,1,50.0,0,I,TOWNS,STREET,3,12.0
30511,1,2,121,1,1,60.0,0,N,MELB_URBAN,ROAD,3,13.0
30512,8,4,184,4,9,60.0,0,I,MELB_URBAN,OTHER,3,14.0
30513,1,4,113,2,1,60.0,0,I,MELB_URBAN,ROAD,3,14.0
30514,1,4,99,4,5,70.0,0,N,MELB_URBAN,ROAD,3,6.0
30515,4,3,181,5,1,60.0,0,N,MELB_URBAN,ROAD,3,16.0
30516,1,2,140,5,1,60.0,0,N,MELB_URBAN,ROAD,3,8.0
30517,4,4,181,5,1,100.0,0,N,MELB_URBAN,RAMP,3,13.0
30518,1,4,130,2,1,70.0,0,I,MELB_URBAN,ROAD,3,13.0
30519,1,4,110,1,1,60.0,0,I,LARGE_PROVINCIAL_CITIES,STREET,3,16.0
30520,2,4,100,2,1,60.0,0,I,MELB_URBAN,ROAD,3,15.0
30521,1,4,110,1,1,60.0,0,I,TOWNS,ROAD,3,16.0
30522,1,4,99,2,2,70.0,0,I,MELB_URBAN,ROAD,3,17.0
30523,2,4,99,5,1,40.0,0,N,MELB_URBAN,STREET,3,13.0
30524,1,4,140,5,1,110.0,0,N,SMALL_TOWNS,FREEWAY,3,15.0
30525,2,4,99,5,1,50.0,1,N,MELB_URBAN,ROAD,3,15.0
30526,1,4,121,2,1,70.0,0,I,MELB_URBAN,ROAD,3,15.0
30527,1,4,133,5,2,80.0,0,N,MELB_URBAN,ROAD,3,19.0
30528,2,4,100,1,1,50.0,0,I,MELBOURNE_CBD,STREET,3,9.0
30529,4,4,183,5,2,100.0,0,N,RURAL_VICTORIA,HIGHWAY,3,18.0
30530,1,4,121,1,3,60.0,0,I,LARGE_PROVINCIAL_CITIES,ROAD,3,19.0
30531,1,5,99,1,2,50.0,0,I,MELBOURNE_CBD,STREET,3,17.0
30532,1,4,111,2,3,60.0,0,I,MELB_URBAN,ROAD,3,20.0
30533,4,4,171,2,3,60.0,0,I,MELB_URBAN,ROAD,3,23.0
30534,1,5,133,4,9,60.0,0,N,MELB_URBAN,ROAD,6,22.0
30535,6,5,170,5,3,80.0,0,N,MELB_URBAN,HIGHWAY,3,0.0
30536,1,5,160,5,2,60.0,0,N,MELB_URBAN,STREET,3,7.0
30537,1,5,130,2,1,60.0,0,N,MELB_URBAN,ROAD,3,13.0
30538,1,4,110,1,1,90.0,0,I,RURAL_VICTORIA,ROAD,3,13.0
30539,2,5,99,2,1,50.0,0,I,TOWNS,HIGHWAY,3,8.0
30540,1,4,130,5,2,60.0,0,N,MELB_URBAN,ROAD,3,19.0
30541,4,2,171,5,1,50.0,0,N,LARGE_PROVINCIAL_CITIES,OTHER,3,8.0
30542,1,5,130,2,1,60.0,0,I,MELB_URBAN,ROAD,3,9.0
30543,1,7,181,5,3,80.0,0,N,MELB_URBAN,ROAD,3,20.0
30544,1,4,163,5,1,60.0,0,N,MELB_URBAN,STREET,3,19.0
30545,2,4,100,4,1,60.0,0,N,MELB_URBAN,ROAD,3,8.0
30546,2,5,99,5,1,50.0,0,N,MELB_URBAN,STREET,3,12.0
30547,1,5,120,5,2,50.0,0,N,MELB_URBAN,ROAD,3,7.0
30548,1,5,110,1,1,50.0,0,I,MELB_URBAN,STREET,3,11.0
30549,1,5,121,1,1,80.0,0,I,MELB_URBAN,ROAD,3,10.0
30550,1,4,99,2,1,40.0,0,I,MELBOURNE_CBD,OTHER,3,14.0
30551,8,5,174,2,2,60.0,0,I,MELB_URBAN,STREET,3,7.0
30552,1,5,140,5,1,60.0,0,N,MELB_URBAN,STREET,12,7.0
30553,1,5,130,5,1,80.0,0,N,MELB_URBAN,FREEWAY,12,16.0
30554,1,5,99,1,1,60.0,0,I,RURAL_VICTORIA,ROAD,3,13.0
30555,1,2,110,1,1,50.0,0,I,MELB_URBAN,BOULEVARD,3,9.0
30556,1,5,121,1,1,60.0,0,I,MELB_URBAN,ROAD,3,12.0
30557,8,1,99,1,1,40.0,0,I,MELBOURNE_CBD,STREET,3,11.0
30558,1,5,113,1,1,50.0,0,I,MELB_URBAN,STREET,3,10.0
30559,6,3,174,5,5,50.0,0,N,RURAL_VICTORIA,STREET,3,20.0
30560,7,0,99,5,1,50.0,0,N,MELB_URBAN,DRIVE,1,15.0
30561,4,5,173,5,1,100.0,0,N,RURAL_VICTORIA,ROAD,3,8.0
30562,4,5,171,2,1,80.0,0,I,MELB_URBAN,ROAD,3,11.0
30563,1,5,120,2,1,60.0,0,N,MELB_URBAN,ROAD,3,14.0
30564,1,4,130,2,2,50.0,0,I,MELB_URBAN,ROAD,2,17.0
30565,3,5,167,5,5,100.0,0,N,RURAL_VICTORIA,ROAD,3,0.0
30566,1,5,121,2,1,60.0,0,I,MELB_URBAN,STREET,3,15.0
30567,1,5,113,2,1,50.0,0,I,MELB_URBAN,ROAD,3,16.0
30568,8,5,174,5,2,100.0,0,N,RURAL_VICTORIA,ROAD,3,7.0
30569,1,5,120,5,2,100.0,0,N,RURAL_VICTORIA,ROAD,3,7.0
30570,1,5,99,2,1,40.0,0,I,MELB_URBAN,STREET,3,14.0
30571,1,6,140,5,1,60.0,0,N,MELB_URBAN,ROAD,3,12.0
30572,1,5,110,1,2,60.0,0,I,MELB_URBAN,ROAD,3,17.0
30573,6,7,170,5,1,100.0,0,N,RURAL_VICTORIA,ROAD,3,16.0
30574,2,5,99,2,2,40.0,0,I,MELB_URBAN,STREET,3,18.0
30575,1,5,163,5,2,40.0,0,N,MELB_URBAN,STREET,3,19.0
30576,1,5,160,1,2,60.0,0,I,MELB_URBAN,STREET,3,19.0
30577,1,6,140,2,2,60.0,0,I,MELB_URBAN,ROAD,3,18.0
30578,2,5,99,5,1,60.0,0,N,MELB_URBAN,STREET,3,14.0
30579,1,5,99,2,2,60.0,0,I,SMALL_CITIES,STREET,3,17.0
30580,1,5,130,5,1,100.0,0,N,MELB_URBAN,FREEWAY,3,16.0
30581,1,5,121,1,3,60.0,0,I,MELB_URBAN,ROAD,3,21.0
30582,1,5,99,1,2,40.0,0,I,MELBOURNE_CBD,OTHER,3,21.0
30583,1,5,99,5,2,60.0,0,N,MELB_URBAN,ROAD,3,18.0
30584,4,5,173,5,5,60.0,0,N,MELB_URBAN,ROAD,3,4.0
30585,1,4,135,2,1,60.0,0,I,MELB_URBAN,ROAD,3,15.0
30586,1,5,110,1,2,60.0,0,I,MELB_URBAN,STREET,3,20.0
30587,1,6,130,5,2,60.0,0,N,MELB_URBAN,ROAD,3,6.0
30588,6,5,99,5,2,80.0,0,N,MELB_URBAN,HIGHWAY,3,7.0
30589,4,5,183,5,2,80.0,0,N,RURAL_VICTORIA,ROAD,3,18.0
30590,1,6,130,2,1,60.0,0,I,MELB_URBAN,STREET,3,16.0
30591,1,2,121,4,3,60.0,0,I,MELB_URBAN,ROAD,7,18.0
30592,1,4,120,9,9,60.0,0,N,RURAL_VICTORIA,OTHER,3,18.0
30593,1,2,163,2,1,60.0,0,I,MELB_URBAN,OTHER,3,8.0
30594,1,6,130,5,2,60.0,0,N,RURAL_VICTORIA,ROAD,3,6.0
30595,2,6,99,1,1,60.0,0,I,MELB_URBAN,STREET,3,12.0
30596,1,6,130,1,1,60.0,0,I,MELB_URBAN,HIGHWAY,3,9.0
30597,1,6,121,1,1,40.0,0,I,MELB_URBAN,STREET,3,11.0
30598,1,6,135,5,1,110.0,0,N,TOWNS,FREEWAY,3,11.0
30599,4,6,183,5,1,100.0,0,N,RURAL_VICTORIA,ROAD,3,11.0
30600,1,6,130,2,1,60.0,0,I,MELB_URBAN,STREET,3,9.0
30601,4,6,171,5,2,100.0,0,N,RURAL_VICTORIA,ROAD,3,7.0
30602,1,5,121,2,2,80.0,0,I,MELB_URBAN,ROAD,3,18.0
30603,4,6,171,5,1,60.0,0,N,MELB_URBAN,STREET,3,11.0
30604,4,6,99,5,1,60.0,0,N,MELB_URBAN,STREET,3,12.0
30605,1,6,134,5,1,60.0,0,N,MELB_URBAN,ROAD,3,11.0
30606,1,6,130,1,1,60.0,0,I,LARGE_PROVINCIAL_CITIES,STREET,3,14.0
30607,4,6,173,5,1,100.0,0,N,RURAL_VICTORIA,ROAD,3,14.0
30608,1,7,130,2,1,60.0,0,I,MELB_URBAN,ROAD,4,12.0
30609,1,6,113,2,1,70.0,0,I,MELB_URBAN,ROAD,3,15.0
30610,1,6,121,2,1,70.0,0,I,LARGE_PROVINCIAL_CITIES,STREET,3,15.0
30611,1,6,113,2,2,60.0,0,N,MELB_URBAN,ROAD,3,17.0
30612,1,5,130,1,1,60.0,0,I,MELB_URBAN,OTHER,3,14.0
30613,1,6,113,2,1,80.0,0,I,MELB_URBAN,ROAD,3,15.0
30614,8,4,174,5,9,50.0,0,N,MELB_URBAN,STREET,3,17.0
30615,3,6,167,5,2,100.0,0,N,RURAL_VICTORIA,ROAD,3,17.0
30616,1,6,113,2,2,70.0,0,I,MELB_URBAN,ROAD,3,17.0
30617,1,6,121,5,1,60.0,0,N,MELB_URBAN,OTHER,3,16.0
30618,1,1,121,2,1,60.0,0,I,MELB_URBAN,ROAD,3,15.0
30619,6,6,170,5,2,100.0,0,N,RURAL_VICTORIA,ROAD,3,19.0
30620,6,6,170,5,2,60.0,0,N,MELB_URBAN,STREET,3,19.0
30621,1,6,147,5,2,60.0,0,N,MELB_URBAN,ROAD,3,18.0
30622,4,3,173,2,1,80.0,0,I,RURAL_VICTORIA,ROAD,3,13.0
30623,1,6,99,5,3,70.0,0,N,MELB_URBAN,ROAD,3,21.0
30624,1,6,130,5,1,70.0,0,N,MELB_URBAN,ROAD,2,16.0
30625,1,6,140,2,2,60.0,0,I,MELB_URBAN,HIGHWAY,3,17.0
30626,1,4,130,2,1,80.0,0,N,MELB_URBAN,ROAD,3,11.0
30627,1,6,99,2,2,100.0,0,I,RURAL_VICTORIA,HIGHWAY,3,20.0
30628,6,6,99,5,2,100.0,0,N,RURAL_VICTORIA,ROAD,3,20.0
30629,1,7,130,5,1,60.0,0,N,MELB_URBAN,HIGHWAY,3,12.0
30630,1,6,116,1,3,60.0,0,I,MELB_URBAN,ROAD,3,22.0
30631,6,7,99,5,5,60.0,0,N,RURAL_VICTORIA,ROAD,3,0.0
30632,1,6,160,5,3,60.0,0,N,SMALL_CITIES,STREET,3,22.0
30633,1,7,160,1,3,40.0,0,I,MELBOURNE_CBD,STREET,3,2.0
30634,4,7,171,2,3,60.0,0,I,MELB_URBAN,STREET,3,4.0
30635,2,6,99,5,9,60.0,0,N,MELB_URBAN,STREET,3,13.0
30636,4,6,173,5,5,80.0,0,N,RURAL_VICTORIA,PARADE,3,22.0
30637,1,4,110,1,2,60.0,0,I,MELB_URBAN,STREET,3,17.0
30638,1,6,99,2,2,60.0,0,I,MELB_URBAN,ROAD,3,7.0
30639,1,6,130,1,9,60.0,0,I,MELB_URBAN,BOULEVARD,3,14.0
30640,4,7,173,5,3,70.0,0,N,MELB_URBAN,STREET,3,1.0
30641,4,7,173,5,3,80.0,0,N,MELB_URBAN,ROAD,3,7.0
30642,1,7,111,1,1,60.0,0,I,MELB_URBAN,STREET,3,9.0
30643,1,7,132,1,1,100.0,0,I,RURAL_VICTORIA,ROAD,3,8.0
30644,1,7,99,5,6,50.0,0,N,MELB_URBAN,DRIVE,3,6.0
30645,1,6,130,5,1,60.0,0,N,MELB_URBAN,ROAD,3,12.0
30646,1,7,160,5,1,50.0,0,N,MELB_URBAN,ROAD,3,11.0
30647,1,7,121,1,1,60.0,0,I,MELB_URBAN,STREET,3,11.0
30648,6,1,99,5,1,100.0,0,N,RURAL_VICTORIA,ROAD,3,14.0
30649,8,1,184,5,1,80.0,0,N,RURAL_VICTORIA,ROAD,3,11.0
30650,1,7,121,2,1,40.0,0,I,MELB_URBAN,STREET,3,9.0
30651,1,7,140,5,1,50.0,0,N,TOWNS,STREET,3,13.0
30652,1,7,99,1,1,40.0,0,I,MELBOURNE_CBD,STREET,3,14.0
30653,1,4,99,5,2,60.0,0,N,MELB_URBAN,ROAD,3,17.0
30654,2,5,100,1,1,60.0,0,I,MELB_URBAN,ROAD,3,16.0
30655,9,4,99,5,1,50.0,0,N,MELB_URBAN,ROAD,3,11.0
30656,1,7,99,2,1,60.0,0,I,MELB_URBAN,DRIVE,3,14.0
30657,4,7,181,5,1,100.0,0,N,RURAL_VICTORIA,OTHER,3,15.0
30658,1,7,160,5,1,60.0,0,N,MELB_URBAN,ROAD,3,15.0
30659,1,7,99,1,2,40.0,0,I,MELBOURNE_CBD,OTHER,3,17.0
30660,8,7,99,5,1,100.0,0,N,RURAL_VICTORIA,ROAD,3,16.0
30661,2,7,102,1,1,60.0,0,I,MELB_URBAN,ROAD,3,15.0
30662,1,5,120,5,3,70.0,0,N,MELB_URBAN,ROAD,3,20.0
30663,1,7,99,4,1,80.0,0,N,MELB_URBAN,ROAD,3,15.0
30664,1,7,121,1,2,80.0,0,I,MELB_URBAN,HIGHWAY,3,17.0
30665,1,7,99,2,1,70.0,1,I,MELB_URBAN,OTHER,3,12.0
30666,8,7,174,5,1,50.0,0,N,RURAL_VICTORIA,ROAD,3,13.0
30667,1,7,99,2,2,60.0,0,I,MELB_URBAN,ROAD,3,18.0
30668,1,7,121,1,3,80.0,0,I,SMALL_CITIES,HIGHWAY,3,20.0
30669,1,7,99,5,1,60.0,0,N,MELB_URBAN,STREET,3,16.0
30670,1,7,99,2,2,40.0,0,I,MELB_URBAN,STREET,3,17.0
30671,1,1,120,5,3,60.0,0,N,MELB_URBAN,ROAD,3,0.0
30672,1,1,99,4,3,60.0,0,I,MELB_URBAN,ROAD,3,2.0
30673,1,1,121,1,3,70.0,0,N,MELB_URBAN,PARADE,3,2.0
30674,1,7,120,1,3,60.0,0,I,MELB_URBAN,ROAD,3,21.0
30675,1,6,132,1,1,60.0,0,I,LARGE_PROVINCIAL_CITIES,ROAD,3,9.0
30676,4,1,173,5,1,60.0,0,N,MELB_URBAN,ROAD,3,8.0
30677,1,1,130,5,1,100.0,0,N,MELB_URBAN,FREEWAY,3,11.0
30678,1,6,110,1,2,100.0,0,N,MELB_URBAN,ROAD,3,7.0
30679,4,1,171,1,1,60.0,0,I,MELB_URBAN,ROAD,3,12.0
30680,1,2,130,2,1,100.0,0,I,RURAL_VICTORIA,HIGHWAY,3,12.0
30681,2,7,102,1,3,60.0,0,I,MELB_URBAN,STREET,3,22.0
30682,4,7,173,1,5,100.0,0,I,RURAL_VICTORIA,FREEWAY,3,20.0
30683,1,7,111,2,2,50.0,0,I,MELB_URBAN,OTHER,3,18.0
30684,1,3,130,5,2,60.0,0,N,MELB_URBAN,ROAD,3,18.0
30685,1,1,121,2,1,50.0,0,I,MELB_URBAN,STREET,3,11.0
30686,6,1,99,5,1,100.0,0,N,RURAL_VICTORIA,ROAD,3,12.0
30687,4,1,171,5,1,80.0,0,N,MELB_URBAN,ROAD,3,11.0
30688,1,7,113,2,1,60.0,0,I,MELB_URBAN,ROAD,3,15.0
30689,1,1,113,1,1,60.0,0,I,MELB_URBAN,ROAD,3,13.0
30690,4,1,99,4,1,50.0,0,N,LARGE_PROVINCIAL_CITIES,ROAD,3,13.0
30691,1,1,130,5,1,80.0,0,N,RURAL_VICTORIA,ROAD,3,13.0
30692,4,1,173,1,3,60.0,0,I,MELB_URBAN,ROAD,3,3.0
30693,1,1,132,2,1,80.0,0,I,TOWNS,HIGHWAY,3,15.0
30694,1,2,160,5,1,60.0,0,N,MELB_URBAN,UNKNOWN,3,13.0
30695,6,1,170,5,1,100.0,0,N,RURAL_VICTORIA,ROAD,3,15.0
30696,4,1,171,5,2,80.0,0,N,RURAL_VICTORIA,ROAD,3,17.0
30697,4,1,173,2,1,80.0,0,I,RURAL_VICTORIA,ROAD,3,16.0
30698,1,1,130,1,2,40.0,0,I,MELBOURNE_CBD,STREET,3,18.0
30699,1,1,121,5,2,50.0,0,N,MELB_URBAN,ROAD,3,20.0
30700,4,1,183,5,3,60.0,0,N,MELB_URBAN,DRIVE,3,22.0
30701,4,1,171,5,2,60.0,0,N,MELB_URBAN,STREET,3,6.0