,accident_type,day_of_week,dca_code,road_geometry,light_condition,speed_zone,severity,node_type,deg_urban_name,road_type,month,hour
30702,4,2,171,5,3,80.0,0,N,RURAL_VICTORIA,ROAD,3,1.0
30703,1,3,121,2,4,60.0,0,N,MELB_URBAN,ROAD,12,3.0
30704,1,7,130,1,1,80.0,0,I,MELB_URBAN,ROAD,3,10.0
30705,1,2,121,1,2,30.0,0,I,MELBOURNE_CBD,STREET,3,7.0
30706,1,2,135,5,3,100.0,0,I,MELB_URBAN,UNKNOWN,3,5.0
30707,2,2,100,1,1,60.0,0,I,SMALL_CITIES,DRIVE,3,8.0
30708,8,6,99,5,1,100.0,0,N,RURAL_VICTORIA,HIGHWAY,3,14.0
30709,2,7,99,5,1,50.0,0,N,TOWNS,STREET,3,11.0
30710,8,2,170,1,1,40.0,0,I,MELB_URBAN,STREET,3,12.0
30711,8,2,170,1,1,70.0,0,I,RURAL_VICTORIA,UNKNOWN,3,10.0
30712,1,4,130,2,1,70.0,0,I,RURAL_VICTORIA,DRIVE,3,14.0
30713,1,2,130,2,2,60.0,0,I,MELB_URBAN,ROAD,3,7.0
30714,1,2,110,1,2,60.0,0,I,MELB_URBAN,STREET,3,7.0
30715,2,2,100,2,1,60.0,0,I,MELB_URBAN,STREET,3,11.0
30716,3,1,167,5,1,90.0,0,N,RURAL_VICTORIA,HIGHWAY,3,15.0
30717,1,3,130,5,1,60.0,0,N,MELB_URBAN,ROAD,6,13.0
30718,1,2,110,1,1,60.0,0,I,LARGE_PROVINCIAL_CITIES,STREET,3,11.0
30719,4,2,173,5,2,80.0,0,N,RURAL_VICTORIA,ROAD,3,7.0
30720,1,2,160,5,1,50.0,0,N,LARGE_PROVINCIAL_CITIES,STREET,3,12.0
30721,6,7,174,5,3,80.0,0,N,MELB_URBAN,ROAD,3,2.0
30722,1,2,133,5,1,80.0,0,N,MELB_URBAN,ROAD,3,12.0
30723,8,4,174,2,2,50.0,0,I,MELB_URBAN,DRIVE,3,18.0
30724,1,2,140,1,1,80.0,0,I,RURAL_VICTORIA,HIGHWAY,3,12.0
30725,1,2,99,2,1,80.0,0,I,SMALL_CITIES,STREET,3,13.0
30726,1,2,113,2,1,60.0,0,I,TOWNS,ROAD,3,9.0
30727,1,3,99,1,1,60.0,0,N,MELB_URBAN,ROAD,3,12.0
30728,1,2,130,1,1,80.0,0,N,LARGE_PROVINCIAL_CITIES,HIGHWAY,3,10.0
30729,1,2,110,1,1,50.0,0,I,MELB_URBAN,STREET,3,15.0
30730,8,6,99,5,5,100.0,0,N,RURAL_VICTORIA,HIGHWAY,3,23.0
30731,1,2,111,2,1,60.0,0,I,MELB_URBAN,STREET,3,15.0
30732,1,2,99,2,1,50.0,0,I,SMALL_CITIES,STREET,3,16.0
30733,1,6,130,5,2,80.0,0,N,MELB_URBAN,OTHER,3,19.0
30734,1,7,130,2,1,60.0,0,I,MELB_URBAN,STREET,3,13.0
30735,1,3,130,4,1,60.0,0,I,MELB_URBAN,ROAD,3,14.0
30736,1,1,121,1,2,60.0,0,I,MELB_URBAN,ROAD,3,17.0
30737,1,2,113,1,1,60.0,0,I,MELB_URBAN,ROAD,3,16.0
30738,2,1,100,2,1,70.0,0,N,LARGE_PROVINCIAL_CITIES,ROAD,3,15.0
30739,2,5,99,2,3,40.0,0,I,MELB_URBAN,ROAD,3,21.0
30740,1,2,113,2,2,70.0,0,I,MELB_URBAN,ROAD,3,17.0
30741,1,2,121,2,2,60.0,0,I,MELB_URBAN,ROAD,3,19.0
30742,4,2,173,5,2,100.0,0,N,RURAL_VICTORIA,ROAD,3,18.0
30743,1,7,99,1,9,40.0,0,I,MELB_URBAN,STREET,11,10.0
30744,8,5,174,5,2,60.0,0,N,MELB_URBAN,STREET,3,17.0
30745,1,0,130,5,3,60.0,0,N,MELB_URBAN,FREEWAY,3,0.0
30746,6,2,99,5,2,100.0,0,N,RURAL_VICTORIA,ROAD,3,6.0
30747,4,2,173,5,2,60.0,0,N,RURAL_VICTORIA,OTHER,3,5.0
30748,4,2,171,2,2,100.0,0,N,MELB_URBAN,HIGHWAY,3,20.0
30749,2,2,100,2,3,50.0,0,I,MELB_URBAN,ROAD,3,23.0
30750,1,5,121,1,2,50.0,0,I,MELB_URBAN,STREET,3,6.0
30751,1,6,133,1,1,60.0,0,I,MELB_URBAN,ROAD,3,16.0
30752,1,2,116,1,1,60.0,0,I,SMALL_TOWNS,STREET,3,11.0
30753,2,3,99,5,1,50.0,0,N,MELB_URBAN,STREET,3,9.0
30754,3,5,167,5,2,50.0,0,N,RURAL_VICTORIA,DRIVE,3,19.0
30755,8,3,99,1,1,60.0,0,I,LARGE_PROVINCIAL_CITIES,STREET,3,8.0
30756,8,1,174,5,1,60.0,0,N,RURAL_VICTORIA,ROAD,3,11.0
30757,1,3,130,1,1,60.0,0,I,LARGE_PROVINCIAL_CITIES,HIGHWAY,9,15.0
30758,2,6,102,2,1,40.0,0,I,MELB_URBAN,STREET,2,8.0
30759,4,3,171,5,1,100.0,0,N,RURAL_VICTORIA,HIGHWAY,3,10.0
30760,8,3,174,5,1,60.0,0,N,MELB_URBAN,STREET,3,9.0
30761,4,3,173,5,1,60.0,0,N,MELB_URBAN,ROAD,3,10.0
30762,1,3,130,5,1,60.0,0,N,SMALL_CITIES,AVENUE,3,13.0
30763,1,7,147,5,1,60.0,0,N,MELB_URBAN,STREET,3,15.0
30764,6,5,99,5,2,110.0,0,N,RURAL_VICTORIA,FREEWAY,3,18.0
30765,1,3,121,5,1,60.0,0,N,MELB_URBAN,HIGHWAY,3,10.0
30766,1,7,121,1,2,50.0,0,I,LARGE_PROVINCIAL_CITIES,STREET,3,19.0
30767,1,7,130,2,2,60.0,0,I,MELB_URBAN,ROAD,3,19.0
30768,1,3,130,2,1,80.0,0,I,MELB_URBAN,HIGHWAY,3,11.0
30769,6,3,99,5,1,110.0,0,N,LARGE_PROVINCIAL_CITIES,FREEWAY,3,15.0
30770,1,2,130,2,1,60.0,0,I,MELB_URBAN,STREET,10,15.0
30771,1,6,140,2,2,70.0,0,I,MELB_URBAN,ROAD,11,6.0
30772,1,3,99,5,1,100.0,0,N,MELB_URBAN,ROAD,3,15.0
30773,1,6,121,2,1,60.0,0,I,MELB_URBAN,ROAD,3,10.0
30774,2,3,99,1,1,60.0,0,I,MELB_URBAN,STREET,3,15.0
30775,1,3,110,9,1,50.0,0,I,LARGE_PROVINCIAL_CITIES,STREET,3,16.0
30776,6,3,170,5,2,100.0,0,N,RURAL_VICTORIA,ROAD,3,17.0
30777,1,2,99,2,2,50.0,0,I,MELB_URBAN,STREET,3,17.0
30778,1,4,130,5,1,50.0,0,N,MELB_URBAN,DRIVE,3,15.0
30779,1,2,130,2,1,60.0,0,I,TOWNS,STREET,3,16.0
30780,1,3,130,2,2,60.0,0,I,MELB_URBAN,STREET,3,17.0
30781,6,3,174,5,2,100.0,0,N,RURAL_VICTORIA,ROAD,3,17.0
30782,4,3,171,2,2,50.0,0,I,MELB_URBAN,OTHER,3,18.0
30783,8,7,174,5,1,60.0,0,N,RURAL_VICTORIA,OTHER,3,9.0
30784,4,1,99,2,9,50.0,0,I,MELB_URBAN,OTHER,3,13.0
30785,1,3,116,2,2,60.0,0,I,MELB_URBAN,STREET,3,19.0
30786,8,3,174,5,1,60.0,0,N,MELB_URBAN,ROAD,3,15.0
30787,1,5,130,2,1,70.0,0,I,MELB_URBAN,ROAD,3,9.0
30788,1,3,130,2,1,70.0,0,I,MELB_URBAN,ROAD,3,13.0
30789,1,3,121,1,3,40.0,0,I,MELBOURNE_CBD,STREET,3,22.0
30790,1,4,130,4,2,80.0,0,I,RURAL_VICTORIA,RAMP,2,19.0
30791,6,3,184,2,2,60.0,0,N,MELB_URBAN,OTHER,3,18.0
30792,1,4,171,1,3,50.0,0,I,MELB_URBAN,STREET,3,3.0
30793,1,4,99,2,2,50.0,0,I,MELB_URBAN,STREET,3,6.0
30794,6,3,99,5,1,80.0,0,N,RURAL_VICTORIA,ROAD,3,16.0
30795,1,3,130,1,1,100.0,0,N,MELB_URBAN,ROAD,3,16.0
30796,1,7,163,5,1,40.0,0,N,MELB_URBAN,STREET,3,12.0
30797,1,4,121,1,1,50.0,0,I,SMALL_CITIES,STREET,3,10.0
30798,8,7,174,5,1,60.0,0,N,MELB_URBAN,STREET,12,11.0
30799,4,4,171,5,1,60.0,0,N,SMALL_CITIES,STREET,3,11.0
30800,4,4,171,5,3,60.0,1,N,MELB_URBAN,ROAD,3,5.0
30801,1,4,116,2,1,100.0,0,I,SMALL_CITIES,DRIVE,3,8.0
30802,1,4,130,5,1,80.0,0,N,RURAL_VICTORIA,ROAD,3,11.0
30803,1,4,160,5,2,50.0,0,N,MELB_URBAN,ROAD,3,6.0
30804,1,4,130,1,1,60.0,0,I,MELB_URBAN,STREET,3,10.0
30805,1,4,113,2,1,90.0,0,I,RURAL_VICTORIA,HIGHWAY,3,10.0
30806,1,1,171,2,1,60.0,0,I,MELB_URBAN,OTHER,2,18.0
30807,1,4,121,2,1,60.0,0,I,MELB_URBAN,DRIVE,3,11.0
30808,1,4,99,4,1,60.0,0,I,MELB_URBAN,STREET,3,9.0
30809,1,4,135,5,2,100.0,0,N,MELB_URBAN,FREEWAY,3,7.0
30810,6,2,170,5,1,40.0,0,N,MELB_URBAN,ROAD,3,10.0
30811,1,4,120,5,1,100.0,1,N,RURAL_VICTORIA,ROAD,3,9.0
30812,8,6,174,2,2,60.0,0,I,MELB_URBAN,DRIVE,3,18.0
30813,1,4,133,2,1,50.0,0,I,MELB_URBAN,OTHER,3,10.0
30814,1,4,120,5,1,60.0,0,N,MELB_URBAN,ROAD,3,14.0
30815,1,7,99,5,1,70.0,0,N,MELB_URBAN,ROAD,11,13.0
30816,1,3,110,1,2,100.0,0,I,RURAL_VICTORIA,ROAD,3,17.0
30817,2,4,99,5,5,100.0,1,N,RURAL_VICTORIA,ROAD,3,6.0
30818,1,4,110,1,1,70.0,0,N,MELB_URBAN,ROAD,3,15.0
30819,1,3,99,1,1,60.0,0,N,MELB_URBAN,ROAD,3,13.0
30820,1,4,133,1,1,60.0,0,I,MELB_URBAN,STREET,3,16.0
30821,1,4,120,5,1,60.0,0,N,RURAL_VICTORIA,ROAD,3,17.0
30822,1,7,130,5,2,50.0,0,N,MELBOURNE_CBD,STREET,3,18.0
30823,1,4,113,1,1,50.0,0,I,MELB_URBAN,ROAD,3,16.0
30824,4,4,171,5,1,100.0,0,N,RURAL_VICTORIA,ROAD,3,16.0
30825,1,4,121,5,2,50.0,0,N,LARGE_PROVINCIAL_CITIES,STREET,3,17.0
30826,1,4,163,5,1,50.0,0,N,MELB_URBAN,STREET,3,8.0
30827,1,4,147,5,2,70.0,0,N,MELB_URBAN,HIGHWAY,3,18.0
30828,2,4,99,2,2,60.0,0,I,SMALL_CITIES,DRIVE,3,18.0
30829,4,3,171,1,1,60.0,0,N,MELB_URBAN,STREET,3,15.0
30830,1,4,140,5,3,60.0,0,N,MELB_URBAN,ROAD,3,19.0
30831,1,4,121,2,3,50.0,0,I,MELB_URBAN,STREET,3,20.0
30832,1,4,171,5,2,60.0,0,N,MELB_URBAN,ROAD,3,19.0
30833,1,4,99,5,1,40.0,0,N,MELB_URBAN,STREET,3,10.0
30834,1,4,121,2,2,60.0,0,I,MELB_URBAN,ROAD,3,20.0
30835,1,4,99,2,3,50.0,0,N,LARGE_PROVINCIAL_CITIES,UNKNOWN,3,19.0
30836,1,3,130,5,2,100.0,0,N,MELB_URBAN,FREEWAY,3,6.0
30837,4,4,173,5,3,70.0,0,N,MELB_URBAN,ROAD,3,23.0
30838,4,4,171,2,3,50.0,0,I,MELB_URBAN,OTHER,3,23.0
30839,4,4,171,5,3,60.0,0,N,MELB_URBAN,ROAD,3,23.0
30840,1,3,99,5,3,50.0,0,N,MELB_URBAN,STREET,3,23.0
30841,4,5,171,1,3,60.0,0,I,MELB_URBAN,STREET,3,2.0
30842,1,5,110,1,3,60.0,0,I,MELB_URBAN,STREET,3,1.0
30843,1,5,130,5,1,60.0,0,N,MELB_URBAN,ROAD,2,9.0
30844,4,5,171,5,3,60.0,0,N,MELB_URBAN,ROAD,3,3.0
30845,1,2,132,2,1,60.0,0,I,MELB_URBAN,ROAD,3,16.0
30846,4,3,173,5,2,50.0,0,N,MELB_URBAN,ROAD,3,20.0
30847,4,4,181,5,2,100.0,0,N,RURAL_VICTORIA,HIGHWAY,3,18.0
30848,6,4,174,2,2,60.0,0,I,LARGE_PROVINCIAL_CITIES,STREET,3,7.0
30849,2,5,99,2,1,50.0,0,I,SMALL_CITIES,STREET,3,9.0
30850,1,6,110,1,3,60.0,0,I,MELB_URBAN,RAMP,3,23.0
30851,4,5,183,5,1,80.0,0,N,SMALL_CITIES,HIGHWAY,3,8.0
30852,1,5,130,5,2,80.0,0,N,MELB_URBAN,FREEWAY,3,6.0
30853,1,4,140,5,2,50.0,0,N,MELB_URBAN,AVENUE,3,18.0
30854,2,4,99,5,1,40.0,0,N,MELBOURNE_CBD,STREET,3,13.0
30855,1,5,120,5,1,80.0,0,N,MELB_URBAN,ROAD,3,9.0
30856,1,5,130,5,2,70.0,0,N,MELB_URBAN,ROAD,3,7.0
30857,4,5,181,5,2,80.0,0,N,MELB_URBAN,FREEWAY,3,7.0
30858,1,5,130,5,1,60.0,0,N,MELB_URBAN,ROAD,3,9.0
30859,2,5,100,1,1,60.0,0,I,MELB_URBAN,STREET,3,8.0
30860,4,5,173,5,1,110.0,0,N,RURAL_VICTORIA,HIGHWAY,3,9.0
30861,4,4,181,5,1,80.0,0,N,MELB_URBAN,RAMP,3,10.0
30862,4,4,181,5,1,100.0,0,N,RURAL_VICTORIA,HIGHWAY,3,16.0
30863,1,6,99,2,1,60.0,0,I,SMALL_CITIES,ROAD,3,16.0
30864,1,4,99,2,1,40.0,0,I,MELBOURNE_CBD,UNKNOWN,3,9.0
30865,4,4,171,5,5,100.0,0,N,RURAL_VICTORIA,ROAD,3,21.0
30866,4,5,171,1,1,50.0,0,I,MELB_URBAN,STREET,3,9.0
30867,1,3,130,5,1,60.0,0,N,MELB_URBAN,ROAD,3,10.0
30868,1,5,130,2,1,60.0,0,I,TOWNS,OTHER,3,12.0
30869,4,5,181,5,1,100.0,0,N,RURAL_VICTORIA,HIGHWAY,3,8.0
30870,4,2,171,5,1,80.0,0,N,MELB_URBAN,HIGHWAY,3,8.0
30871,8,4,99,2,5,100.0,0,I,RURAL_VICTORIA,ROAD,3,21.0
30872,1,6,110,1,1,80.0,0,I,LARGE_PROVINCIAL_CITIES,ROAD,3,10.0
30873,1,5,171,5,1,40.0,0,N,MELB_URBAN,ROAD,3,13.0
30874,1,4,130,2,1,80.0,0,I,MELB_URBAN,HIGHWAY,3,8.0
30875,1,5,99,5,1,60.0,0,N,MELB_URBAN,ROAD,3,16.0
30876,1,5,121,5,2,60.0,0,N,MELB_URBAN,ROAD,3,17.0
30877,1,7,130,1,1,80.0,0,I,MELB_URBAN,AVENUE,11,9.0
30878,1,1,120,5,1,100.0,0,N,RURAL_VICTORIA,HIGHWAY,3,16.0
30879,2,5,99,5,1,60.0,0,N,MELB_URBAN,ROAD,3,16.0
30880,6,5,99,5,1,100.0,0,N,RURAL_VICTORIA,ROAD,3,16.0
30881,4,5,173,5,1,100.0,0,N,RURAL_VICTORIA,ROAD,3,16.0
30882,1,5,130,2,2,70.0,0,I,LARGE_PROVINCIAL_CITIES,HIGHWAY,3,17.0
30883,5,5,99,5,2,60.0,0,N,MELB_URBAN,ROAD,2,6.0
30884,1,5,121,1,2,70.0,0,N,MELB_URBAN,PARADE,3,19.0
30885,1,5,140,5,2,50.0,0,N,MELB_URBAN,STREET,3,18.0
30886,4,5,173,5,2,50.0,0,N,MELB_URBAN,STREET,3,19.0
30887,1,5,163,5,3,40.0,0,N,MELB_URBAN,STREET,3,22.0
30888,1,4,121,4,3,70.0,0,I,MELB_URBAN,RAMP,3,23.0
30889,4,5,171,2,2,50.0,0,N,TOWNS,STREET,3,6.0
30890,1,5,113,1,3,60.0,0,I,MELB_URBAN,HIGHWAY,3,22.0
30891,1,5,130,5,2,110.0,0,N,SMALL_CITIES,FREEWAY,3,6.0
30892,1,6,110,1,3,40.0,0,I,MELBOURNE_CBD,STREET,3,0.0
30893,1,5,113,1,2,70.0,0,I,MELB_URBAN,ROAD,3,21.0
30894,1,4,130,1,1,60.0,0,I,MELB_URBAN,HIGHWAY,3,10.0
30895,1,4,130,5,2,100.0,0,N,MELB_URBAN,FREEWAY,3,18.0
30896,1,6,130,5,2,100.0,0,N,MELB_URBAN,FREEWAY,3,7.0
30897,4,4,171,5,5,100.0,0,N,RURAL_VICTORIA,ROAD,3,5.0
30898,1,6,134,5,3,60.0,0,N,MELB_URBAN,ROAD,3,2.0
30899,8,2,174,2,3,60.0,0,I,MELB_URBAN,ROAD,3,22.0
30900,1,6,121,1,1,60.0,0,I,MELB_URBAN,STREET,3,10.0
30901,2,5,100,1,2,40.0,0,I,MELBOURNE_CBD,STREET,3,18.0
30902,1,6,120,5,1,80.0,0,N,RURAL_VICTORIA,ROAD,3,8.0
30903,8,6,99,5,1,60.0,0,N,SMALL_CITIES,AVENUE,3,11.0
30904,1,7,116,2,1,60.0,0,I,MELB_URBAN,ROAD,3,12.0
30905,6,6,99,5,1,100.0,0,N,RURAL_VICTORIA,HIGHWAY,3,9.0
30906,1,6,121,2,1,60.0,0,I,MELB_URBAN,ROAD,3,11.0
30907,1,2,99,1,3,60.0,0,I,MELB_URBAN,PARADE,3,0.0
30908,1,6,110,1,1,50.0,0,I,SMALL_CITIES,STREET,3,13.0
30909,1,6,110,1,1,80.0,0,I,MELB_URBAN,ROAD,3,12.0
30910,1,6,121,1,1,70.0,0,I,MELB_URBAN,ROAD,3,9.0
30911,1,3,120,2,2,60.0,0,I,MELB_URBAN,STREET,3,18.0
30912,1,5,130,2,1,60.0,0,I,MELB_URBAN,ROAD,3,16.0
30913,1,6,120,5,2,100.0,1,N,RURAL_VICTORIA,ROAD,3,6.0
30914,4,3,181,5,1,60.0,0,N,RURAL_VICTORIA,ROAD,3,13.0
30915,1,3,130,5,2,80.0,0,N,MELB_URBAN,HIGHWAY,3,7.0
30916,1,3,130,5,2,100.0,0,N,MELB_URBAN,ROAD,3,17.0
30917,1,6,121,2,1,80.0,0,I,RURAL_VICTORIA,HIGHWAY,3,15.0
30918,1,6,110,1,1,60.0,0,I,LARGE_PROVINCIAL_CITIES,HIGHWAY,3,16.0
30919,1,6,160,5,1,50.0,0,N,SMALL_CITIES,STREET,3,16.0
30920,4,6,173,5,1,70.0,0,N,RURAL_VICTORIA,ROAD,2,18.0
30921,1,4,99,5,1,50.0,0,N,SMALL_CITIES,AVENUE,3,13.0
30922,4,5,173,5,1,60.0,0,N,LARGE_PROVINCIAL_CITIES,STREET,3,16.0
30923,1,6,110,1,2,60.0,0,I,LARGE_PROVINCIAL_CITIES,STREET,3,17.0
30924,1,6,113,1,2,50.0,0,I,LARGE_PROVINCIAL_CITIES,STREET,3,19.0
30925,1,6,116,2,1,50.0,0,I,MELB_URBAN,ROAD,3,14.0
30926,1,6,130,5,2,70.0,0,N,MELB_URBAN,ROAD,3,18.0
30927,1,6,110,1,2,60.0,0,I,SMALL_CITIES,AVENUE,3,17.0
30928,1,6,130,5,1,80.0,0,N,MELB_URBAN,HIGHWAY,3,16.0
30929,4,5,173,5,2,50.0,0,N,TOWNS,STREET,3,21.0
30930,1,6,132,5,2,50.0,0,N,MELB_URBAN,ROAD,3,19.0
30931,1,4,163,1,2,60.0,0,I,MELB_URBAN,STREET,3,17.0
30932,1,6,163,5,2,60.0,0,N,MELB_URBAN,ROAD,3,20.0
30933,1,6,120,5,1,60.0,0,N,MELB_URBAN,ROAD,3,16.0
30934,2,6,100,1,1,40.0,0,I,MELBOURNE_CBD,STREET,3,16.0
30935,1,1,113,2,1,60.0,0,I,MELB_URBAN,OTHER,3,16.0
30936,2,6,100,2,2,60.0,0,I,MELB_URBAN,PARADE,3,17.0
30937,2,6,100,5,2,50.0,1,N,MELB_URBAN,STREET,3,19.0
30938,4,6,171,5,5,80.0,0,N,MELB_URBAN,ROAD,3,22.0
30939,4,6,171,5,5,50.0,0,N,SMALL_CITIES,STREET,3,22.0
30940,1,7,110,1,1,50.0,0,I,MELB_URBAN,STREET,3,13.0
30941,1,6,121,2,2,60.0,0,I,MELB_URBAN,ROAD,3,20.0
30942,7,7,99,1,1,80.0,0,I,MELB_URBAN,ROAD,2,15.0
30943,4,6,171,5,2,100.0,0,N,RURAL_VICTORIA,ROAD,3,5.0
30944,4,6,171,5,2,60.0,0,N,MELB_URBAN,STREET,3,6.0
30945,2,7,100,4,3,80.0,0,I,MELB_URBAN,ROAD,3,1.0
30946,1,7,160,5,1,60.0,0,N,MELB_URBAN,HIGHWAY,3,8.0
30947,2,7,100,1,1,50.0,0,I,MELB_URBAN,STREET,3,9.0
30948,1,7,121,1,1,60.0,0,I,MELB_URBAN,ROAD,3,9.0
30949,1,6,130,5,1,60.0,0,N,MELB_URBAN,ROAD,3,16.0
30950,1,7,130,5,1,80.0,0,N,MELB_URBAN,FREEWAY,3,9.0
30951,1,5,110,1,1,50.0,0,I,MELB_URBAN,AVENUE,3,10.0
30952,4,6,183,5,1,100.0,0,N,RURAL_VICTORIA,HIGHWAY,3,12.0
30953,4,6,171,5,1,100.0,0,N,MELB_URBAN,RAMP,3,7.0
30954,1,7,121,5,1,60.0,0,N,MELB_URBAN,ROAD,3,13.0
30955,1,6,110,1,1,60.0,0,I,MELB_URBAN,STREET,3,13.0
30956,8,1,174,5,1,100.0,0,N,MELB_URBAN,ROAD,2,14.0
30957,1,7,99,2,1,50.0,0,I,MELB_URBAN,STREET,3,16.0
30958,6,7,184,5,1,100.0,0,N,RURAL_VICTORIA,ROAD,3,14.0
30959,2,7,100,5,2,50.0,0,N,TOWNS,STREET,3,17.0
30960,1,7,121,2,2,50.0,0,I,MELB_URBAN,PARADE,3,17.0
30961,1,7,121,1,1,60.0,0,I,MELB_URBAN,STREET,3,15.0
30962,1,7,110,1,2,50.0,0,I,MELB_URBAN,AVENUE,3,17.0
30963,2,7,99,1,2,60.0,0,I,MELB_URBAN,ROAD,3,17.0
30964,4,7,171,5,2,100.0,0,N,RURAL_VICTORIA,ROAD,3,17.0
30965,4,7,171,5,1,100.0,0,N,MELB_URBAN,RAMP,3,14.0
30966,2,7,100,1,2,40.0,0,I,MELB_URBAN,ROAD,3,18.0
30967,2,7,99,5,2,40.0,0,N,MELB_URBAN,ROAD,3,18.0
30968,4,7,181,5,2,100.0,1,N,RURAL_VICTORIA,ROAD,3,17.0
30969,6,7,174,5,5,50.0,0,N,MELB_URBAN,STREET,3,19.0
30970,1,7,121,1,3,60.0,0,I,SMALL_CITIES,OTHER,3,21.0
30971,1,7,121,1,9,80.0,0,I,MELB_URBAN,ROAD,3,22.0
30972,1,7,110,1,6,60.0,0,I,SMALL_CITIES,ROAD,3,20.0
30973,1,7,99,5,2,50.0,0,N,MELB_URBAN,ROAD,3,17.0
30974,4,1,173,5,3,60.0,0,N,MELB_URBAN,STREET,3,0.0
30975,4,7,181,2,5,60.0,0,N,RURAL_VICTORIA,ROAD,3,1.0
30976,1,1,113,2,6,100.0,0,I,RURAL_VICTORIA,ROAD,3,0.0
30977,2,1,99,5,3,60.0,0,N,MELB_URBAN,DRIVE,3,3.0
30978,1,0,121,1,3,60.0,0,I,MELB_URBAN,STREET,3,3.0
30979,1,7,130,5,1,60.0,0,N,LARGE_PROVINCIAL_CITIES,ROAD,3,13.0
30980,8,7,174,1,1,60.0,0,I,RURAL_VICTORIA,ROAD,3,10.0
30981,1,7,130,1,1,60.0,0,I,MELB_URBAN,DRIVE,3,12.0
30982,2,5,99,5,1,50.0,0,N,MELB_URBAN,AVENUE,3,16.0
30983,4,1,171,5,5,100.0,0,N,RURAL_VICTORIA,ROAD,3,4.0
30984,1,1,121,1,1,60.0,0,I,MELB_URBAN,STREET,3,10.0
30985,4,1,99,2,2,100.0,0,N,RURAL_VICTORIA,ROAD,3,6.0
30986,1,1,140,5,1,50.0,0,N,MELB_URBAN,ROAD,3,11.0
30987,1,5,130,5,1,50.0,0,N,SMALL_CITIES,STREET,3,11.0
30988,4,7,183,5,1,100.0,0,N,RURAL_VICTORIA,ROAD,3,15.0
30989,4,1,173,5,1,100.0,0,N,RURAL_VICTORIA,ROAD,3,13.0
30990,1,1,160,5,2,50.0,0,N,MELB_URBAN,STREET,3,6.0
30991,4,1,181,5,5,100.0,0,N,RURAL_VICTORIA,ROAD,3,0.0
30992,1,7,121,1,2,60.0,0,I,LARGE_PROVINCIAL_CITIES,STREET,3,20.0
30993,6,1,99,5,1,100.0,0,N,RURAL_VICTORIA,ROAD,3,13.0
30994,1,1,130,2,1,50.0,0,I,MELB_URBAN,ROAD,3,12.0
30995,1,1,121,5,1,80.0,0,N,RURAL_VICTORIA,HIGHWAY,3,9.0
30996,1,1,132,4,1,50.0,0,I,MELB_URBAN,STREET,3,15.0
30997,4,1,171,5,1,100.0,0,N,RURAL_VICTORIA,ROAD,3,9.0
30998,4,1,181,5,1,100.0,0,N,RURAL_VICTORIA,ROAD,3,14.0
30999,4,1,173,5,1,50.0,0,N,MELB_URBAN,STREET,3,14.0
31000,1,1,121,2,1,50.0,0,I,MELB_URBAN,AVENUE,3,16.0
31001,4,1,181,5,1,80.0,0,N,RURAL_VICTORIA,ROAD,3,16.0
31002,1,1,111,2,2,80.0,0,I,MELB_URBAN,OTHER,3,17.0
31003,1,1,130,5,2,60.0,0,N,MELB_URBAN,ROAD,3,18.0
31004,8,7,174,2,2,70.0,0,I,MELB_URBAN,ROAD,3,20.0
31005,1,1,113,1,2,60.0,0,N,MELB_URBAN,ROAD,3,20.0
31006,1,1,160,5,1,50.0,0,N,MELB_URBAN,OTHER,3,14.0
31007,1,1,130,5,3,60.0,0,N,MELB_URBAN,STREET,3,21.0
31008,1,1,160,5,2,40.0,0,N,MELB_URBAN,STREET,3,19.0
31009,1,1,121,1,3,60.0,0,I,MELB_URBAN,ROAD,3,21.0
31010,1,1,130,5,3,80.0,0,N,MELB_URBAN,FREEWAY,3,22.0
31011,6,1,174,2,3,60.0,0,I,MELB_URBAN,AVENUE,3,0.0
31012,1,2,121,5,3,40.0,0,N,MELB_URBAN,STREET,3,6.0
31013,1,4,130,5,1,80.0,0,N,MELB_URBAN,HIGHWAY,2,17.0
31014,1,2,111,1,2,50.0,0,I,LARGE_PROVINCIAL_CITIES,ROAD,3,7.0
31015,2,2,100,1,1,50.0,0,I,MELB_URBAN,STREET,3,8.0
31016,1,1,99,6,2,50.0,0,N,MELB_URBAN,OTHER,3,18.0
31017,1,1,99,1,1,80.0,0,I,MELB_URBAN,ROAD,3,16.0
31018,1,1,120,5,1,100.0,1,N,RURAL_VICTORIA,HIGHWAY,3,12.0
31019,1,6,171,5,1,50.0,0,N,MELB_URBAN,ROAD,1,9.0
31020,1,6,113,2,1,50.0,0,I,TOWNS,ROAD,3,14.0
31021,1,2,110,1,3,60.0,0,I,MELB_URBAN,BOULEVARD,3,21.0
31022,1,2,111,2,1,50.0,0,I,TOWNS,STREET,2,10.0
31023,2,1,99,1,1,80.0,0,I,RURAL_VICTORIA,ROAD,3,14.0
31024,6,2,99,5,2,100.0,0,N,RURAL_VICTORIA,ROAD,3,5.0
31025,4,1,183,5,1,100.0,0,N,RURAL_VICTORIA,HIGHWAY,1,11.0
31026,1,1,121,2,1,50.0,0,I,LARGE_PROVINCIAL_CITIES,STREET,3,8.0
31027,1,1,163,5,1,60.0,0,N,MELB_URBAN,STREET,3,13.0
31028,1,2,110,1,1,60.0,0,N,SMALL_CITIES,AVENUE,3,10.0
31029,1,3,110,1,1,50.0,0,I,SMALL_CITIES,UNKNOWN,3,16.0
31030,1,6,99,1,9,60.0,0,N,MELB_URBAN,ROAD,9,9.0
31031,1,2,120,5,1,60.0,0,N,MELB_URBAN,ROAD,3,8.0
31032,6,6,99,5,2,80.0,0,N,MELB_URBAN,ROAD,3,18.0