,accident_type,day_of_week,dca_code,road_geometry,light_condition,speed_zone,severity,node_type,deg_urban_name,road_type,month,hour
31033,1,2,134,1,1,80.0,0,I,MELB_URBAN,ROAD,3,8.0
31034,1,2,134,5,1,70.0,0,N,LARGE_PROVINCIAL_CITIES,HIGHWAY,3,11.0
31035,1,2,113,1,1,80.0,1,I,MELB_URBAN,HIGHWAY,3,8.0
31036,1,2,130,5,1,70.0,0,N,MELB_URBAN,ROAD,3,12.0
31037,8,7,174,5,1,80.0,0,N,RURAL_VICTORIA,OTHER,3,10.0
31038,1,2,99,3,1,60.0,0,I,MELB_URBAN,STREET,3,9.0
31039,4,6,173,5,3,50.0,0,N,MELB_URBAN,AVENUE,3,22.0
31040,1,2,121,1,1,60.0,0,N,MELB_URBAN,ROAD,3,15.0
31041,1,1,163,2,2,60.0,0,I,MELB_URBAN,OTHER,3,19.0
31042,2,5,102,2,1,60.0,0,I,MELB_URBAN,ROAD,3,8.0
31043,1,3,110,1,1,110.0,0,N,RURAL_VICTORIA,FREEWAY,2,13.0
31044,1,2,130,2,1,60.0,0,I,MELB_URBAN,ROAD,3,15.0
31045,1,3,130,1,1,60.0,0,I,MELB_URBAN,STREET,3,13.0
31046,1,2,110,1,2,60.0,0,I,MELB_URBAN,STREET,3,17.0
31047,8,2,174,2,1,60.0,0,I,MELB_URBAN,ROAD,3,10.0
31048,2,2,102,1,1,60.0,0,I,MELB_URBAN,STREET,3,14.0
31049,4,2,181,5,1,100.0,1,N,RURAL_VICTORIA,ROAD,3,15.0
31050,1,2,113,2,2,80.0,0,I,MELB_URBAN,ROAD,3,17.0
31051,1,3,130,1,1,40.0,0,I,LARGE_PROVINCIAL_CITIES,STREET,2,14.0
31052,4,2,181,5,1,100.0,0,N,RURAL_VICTORIA,ROAD,3,15.0
31053,1,2,113,2,2,70.0,0,I,MELB_URBAN,ROAD,3,17.0
31054,1,2,130,5,1,60.0,0,N,SMALL_CITIES,STREET,3,15.0
31055,8,7,174,1,1,50.0,0,I,MELB_URBAN,ROAD,3,15.0
31056,1,2,110,1,5,80.0,0,I,RURAL_VICTORIA,ROAD,3,19.0
31057,1,2,160,5,3,60.0,0,N,LARGE_PROVINCIAL_CITIES,STREET,3,23.0
31058,4,5,173,2,9,60.0,0,I,MELB_URBAN,STREET,2,3.0
31059,4,3,171,5,3,50.0,0,N,MELB_URBAN,STREET,4,0.0
31060,1,3,121,4,3,80.0,0,I,MELB_URBAN,RAMP,4,3.0
31061,1,2,121,1,1,80.0,0,I,MELB_URBAN,ROAD,3,12.0
31062,1,2,113,2,1,60.0,0,I,RURAL_VICTORIA,ROAD,3,16.0
31063,1,3,99,5,2,60.0,0,N,MELB_URBAN,ROAD,4,6.0
31064,1,6,110,1,1,60.0,0,I,MELB_URBAN,STREET,3,9.0
31065,1,3,130,2,1,80.0,0,I,MELB_URBAN,RAMP,4,9.0
31066,4,3,171,5,2,60.0,0,N,MELB_URBAN,BOULEVARD,3,17.0
31067,1,3,121,2,2,60.0,0,N,MELB_URBAN,ROAD,4,7.0
31068,1,2,121,2,2,60.0,0,I,MELB_URBAN,ROAD,3,17.0
31069,1,4,99,2,1,60.0,0,I,MELB_URBAN,ROAD,2,12.0
31070,1,6,132,2,1,70.0,0,I,LARGE_PROVINCIAL_CITIES,HIGHWAY,3,14.0
31071,1,3,120,5,2,50.0,0,N,MELB_URBAN,STREET,4,7.0
31072,1,7,121,1,2,50.0,0,I,SMALL_CITIES,AVENUE,3,17.0
31073,5,7,183,5,1,100.0,0,N,RURAL_VICTORIA,ROAD,3,12.0
31074,1,5,130,5,1,80.0,0,N,MELB_URBAN,ROAD,12,11.0
31075,8,7,174,2,1,80.0,0,I,RURAL_VICTORIA,OTHER,3,11.0
31076,1,3,130,5,1,70.0,0,N,MELB_URBAN,ROAD,4,9.0
31077,2,3,99,5,1,40.0,0,N,TOWNS,STREET,4,10.0
31078,4,3,171,4,1,60.0,0,N,MELB_URBAN,ROAD,4,8.0
31079,2,3,99,1,1,40.0,0,I,MELB_URBAN,OTHER,4,10.0
31080,1,3,110,1,1,60.0,0,I,TOWNS,STREET,4,9.0
31081,2,1,99,2,2,40.0,0,I,MELB_URBAN,ROAD,8,18.0
31082,1,3,163,5,1,50.0,0,N,MELB_URBAN,OTHER,4,9.0
31083,1,5,130,1,1,80.0,0,I,MELB_URBAN,HIGHWAY,3,12.0
31084,4,3,173,2,1,60.0,0,I,MELB_URBAN,ROAD,4,11.0
31085,2,2,102,1,1,60.0,0,I,MELB_URBAN,ROAD,3,16.0
31086,1,3,130,1,2,80.0,0,I,MELB_URBAN,ROAD,3,18.0
31087,1,3,130,5,1,60.0,0,N,MELB_URBAN,ROAD,4,11.0
31088,1,3,135,5,1,100.0,0,N,MELB_URBAN,HIGHWAY,4,8.0
31089,1,3,116,1,1,60.0,0,I,MELB_URBAN,STREET,4,8.0
31090,1,6,121,1,1,60.0,0,I,LARGE_PROVINCIAL_CITIES,STREET,3,16.0
31091,1,3,99,2,3,50.0,0,I,MELB_URBAN,ROAD,4,5.0
31092,4,4,171,1,1,60.0,0,I,MELB_URBAN,OTHER,3,15.0
31093,1,7,133,5,1,50.0,0,N,MELB_URBAN,OTHER,12,8.0
31094,8,7,174,5,1,100.0,0,N,RURAL_VICTORIA,OTHER,3,13.0
31095,1,3,130,2,1,70.0,0,I,MELB_URBAN,ROAD,4,9.0
31096,1,3,110,1,1,50.0,0,I,MELB_URBAN,STREET,4,11.0
31097,2,3,99,5,1,40.0,0,N,MELB_URBAN,STREET,4,14.0
31098,1,3,140,5,1,70.0,0,N,MELB_URBAN,ROAD,4,15.0
31099,4,3,99,2,1,60.0,0,I,MELB_URBAN,ROAD,4,15.0
31100,4,3,171,5,1,50.0,0,N,MELB_URBAN,OTHER,4,16.0
31101,8,1,174,5,1,60.0,0,N,MELB_URBAN,AVENUE,7,13.0
31102,1,2,140,1,2,60.0,0,I,MELB_URBAN,ROAD,3,17.0
31103,1,3,130,5,1,80.0,0,N,MELB_URBAN,ROAD,3,14.0
31104,8,5,174,1,2,60.0,0,I,MELB_URBAN,ROAD,3,6.0
31105,6,1,184,5,1,100.0,0,N,RURAL_VICTORIA,ROAD,3,10.0
31106,8,3,174,1,3,60.0,0,I,MELB_URBAN,PARADE,4,20.0
31107,1,3,160,5,5,50.0,0,N,SMALL_CITIES,OTHER,4,20.0
31108,1,6,130,5,5,100.0,0,N,RURAL_VICTORIA,FREEWAY,2,2.0
31109,1,3,171,5,1,50.0,0,N,MELB_URBAN,ROAD,4,14.0
31110,4,4,171,5,3,70.0,0,N,MELB_URBAN,STREET,4,3.0
31111,4,4,171,2,3,50.0,0,I,MELB_URBAN,OTHER,4,3.0
31112,8,4,99,5,1,60.0,0,N,MELB_URBAN,ROAD,4,9.0
31113,1,1,130,5,3,40.0,0,N,MELB_URBAN,STREET,3,21.0
31114,1,4,130,5,2,100.0,0,N,MELB_URBAN,FREEWAY,4,7.0
31115,1,4,163,5,1,60.0,0,N,MELB_URBAN,ROAD,4,8.0
31116,4,4,181,5,1,110.0,0,N,LARGE_PROVINCIAL_CITIES,RAMP,4,8.0
31117,1,5,116,1,1,60.0,0,I,MELB_URBAN,AVENUE,3,8.0
31118,1,2,99,5,1,50.0,0,N,SMALL_CITIES,STREET,3,11.0
31119,1,3,110,1,1,70.0,0,I,MELB_URBAN,BOULEVARD,4,8.0
31120,2,4,102,2,2,60.0,0,I,MELB_URBAN,STREET,4,7.0
31121,1,4,121,2,1,70.0,0,I,MELB_URBAN,STREET,4,9.0
31122,2,4,100,2,1,40.0,0,I,MELB_URBAN,STREET,4,9.0
31123,2,5,102,5,1,50.0,0,N,MELB_URBAN,UNKNOWN,3,11.0
31124,1,6,121,2,1,50.0,0,I,MELB_URBAN,ROAD,3,16.0
31125,8,4,99,1,1,40.0,0,I,MELB_URBAN,STREET,4,10.0
31126,1,4,113,2,1,100.0,0,I,RURAL_VICTORIA,FREEWAY,4,8.0
31127,1,4,113,1,1,100.0,0,I,MELB_URBAN,ROAD,4,8.0
31128,3,5,167,5,2,100.0,0,N,RURAL_VICTORIA,ROAD,3,18.0
31129,4,4,99,5,1,50.0,0,N,MELB_URBAN,DRIVE,4,10.0
31130,4,4,171,5,1,100.0,0,N,RURAL_VICTORIA,ROAD,4,12.0
31131,1,6,121,2,2,80.0,0,I,MELB_URBAN,ROAD,3,17.0
31132,4,1,171,5,2,80.0,0,N,LARGE_PROVINCIAL_CITIES,ROAD,3,7.0
31133,1,4,113,1,1,60.0,0,I,SMALL_CITIES,ROAD,4,8.0
31134,8,2,174,1,1,60.0,0,I,MELB_URBAN,STREET,3,9.0
31135,1,3,99,5,1,50.0,0,N,MELB_URBAN,STREET,4,14.0
31136,4,4,171,2,1,80.0,0,I,RURAL_VICTORIA,ROAD,4,11.0
31137,4,4,171,1,1,80.0,0,I,MELB_URBAN,HIGHWAY,4,10.0
31138,1,3,130,5,1,80.0,0,N,MELB_URBAN,ROAD,1,10.0
31139,4,6,173,5,9,60.0,0,N,RURAL_VICTORIA,ROAD,11,23.0
31140,1,4,132,2,2,60.0,0,I,MELB_URBAN,STREET,3,7.0
31141,3,4,167,5,9,100.0,0,N,RURAL_VICTORIA,ROAD,4,16.0
31142,6,4,170,5,1,80.0,0,N,MELB_URBAN,ROAD,4,14.0
31143,1,4,113,2,1,60.0,0,I,MELB_URBAN,ROAD,3,8.0
31144,4,7,183,5,5,60.0,0,N,LARGE_PROVINCIAL_CITIES,ROAD,1,4.0
31145,1,5,113,2,2,60.0,0,I,MELB_URBAN,ROAD,3,7.0
31146,6,3,99,5,1,70.0,0,N,RURAL_VICTORIA,ROAD,4,15.0
31147,1,4,130,5,1,100.0,0,N,MELB_URBAN,ROAD,4,16.0
31148,1,3,130,2,2,60.0,0,I,MELB_URBAN,STREET,4,17.0
31149,1,4,147,5,1,50.0,0,N,MELB_URBAN,ROAD,3,16.0
31150,1,5,163,1,1,40.0,0,I,MELB_URBAN,STREET,3,15.0
31151,1,4,130,5,1,60.0,0,N,MELB_URBAN,ROAD,4,16.0
31152,1,2,99,2,1,60.0,0,I,MELB_URBAN,STREET,3,16.0
31153,1,1,121,1,3,70.0,0,I,MELB_URBAN,ROAD,3,0.0
31154,2,4,102,5,2,40.0,0,N,MELB_URBAN,STREET,4,19.0
31155,1,4,110,1,1,80.0,0,I,MELB_URBAN,ROAD,4,15.0
31156,8,4,170,5,2,60.0,0,N,MELB_URBAN,STREET,3,7.0
31157,1,1,130,1,2,60.0,0,I,MELB_URBAN,PARADE,3,17.0
31158,3,4,167,5,5,100.0,0,N,RURAL_VICTORIA,ROAD,4,20.0
31159,2,4,100,1,3,60.0,0,I,MELB_URBAN,ROAD,4,23.0
31160,1,3,130,5,1,50.0,0,N,MELB_URBAN,ROAD,1,8.0
31161,2,7,99,2,1,50.0,0,I,MELB_URBAN,AVENUE,3,13.0
31162,1,4,113,2,1,100.0,1,I,RURAL_VICTORIA,ROAD,4,16.0
31163,1,7,134,5,1,80.0,0,N,MELB_URBAN,ROAD,3,13.0
31164,1,7,130,5,1,80.0,0,N,MELB_URBAN,FREEWAY,12,12.0
31165,4,4,183,5,5,80.0,0,N,RURAL_VICTORIA,ROAD,4,2.0
31166,1,4,130,2,1,80.0,0,I,MELB_URBAN,HIGHWAY,8,14.0
31167,2,4,99,5,2,60.0,0,N,MELB_URBAN,ROAD,4,17.0
31168,1,4,120,5,1,100.0,1,N,RURAL_VICTORIA,ROAD,4,14.0
31169,1,5,113,2,2,60.0,0,I,MELB_URBAN,ROAD,4,6.0
31170,1,3,133,5,1,70.0,0,N,MELB_URBAN,ROAD,2,11.0
31171,1,4,110,1,1,60.0,0,I,SMALL_CITIES,STREET,4,15.0
31172,1,5,133,5,1,60.0,0,N,MELB_URBAN,STREET,4,8.0
31173,1,5,130,5,2,80.0,0,N,MELB_URBAN,FREEWAY,4,7.0
31174,1,5,120,5,1,50.0,0,N,MELB_URBAN,AVENUE,4,8.0
31175,1,5,120,2,1,60.0,0,I,SMALL_CITIES,ROAD,4,9.0
31176,1,3,121,4,1,60.0,0,I,MELB_URBAN,ROAD,11,16.0
31177,4,7,173,5,1,60.0,0,N,SMALL_TOWNS,ROAD,3,10.0
31178,1,4,130,2,1,60.0,0,I,MELB_URBAN,ROAD,4,15.0
31179,1,5,147,4,1,50.0,0,N,MELB_URBAN,ROAD,4,10.0
31180,1,4,130,1,1,80.0,0,I,MELB_URBAN,ROAD,2,12.0
31181,1,2,99,2,1,40.0,0,I,MELB_URBAN,ROAD,3,8.0
31182,8,1,99,9,1,60.0,0,N,RURAL_VICTORIA,ROAD,3,15.0
31183,4,5,181,5,1,60.0,0,N,SMALL_CITIES,ROAD,4,11.0
31184,1,5,130,5,1,100.0,0,N,RURAL_VICTORIA,HIGHWAY,4,10.0
31185,1,5,99,2,2,50.0,0,I,MELB_URBAN,ROAD,4,7.0
31186,4,5,171,5,1,60.0,0,N,RURAL_VICTORIA,ROAD,4,8.0
31187,2,5,100,1,1,40.0,0,I,MELB_URBAN,ROAD,4,8.0
31188,1,5,130,5,2,100.0,0,N,MELB_URBAN,FREEWAY,4,7.0
31189,1,5,132,2,1,50.0,0,I,MELB_URBAN,ROAD,4,9.0
31190,8,7,99,5,5,100.0,0,N,RURAL_VICTORIA,ROAD,7,19.0
31191,1,5,163,5,1,50.0,0,N,MELB_URBAN,STREET,4,14.0
31192,1,5,134,5,1,40.0,0,N,MELBOURNE_CBD,STREET,4,11.0
31193,1,3,110,1,1,70.0,0,I,MELB_URBAN,ROAD,4,15.0
31194,2,5,99,5,1,50.0,0,N,MELB_URBAN,STREET,4,13.0
31195,2,4,100,2,1,40.0,0,I,MELB_URBAN,ROAD,4,8.0
31196,1,4,147,5,2,50.0,0,N,MELB_URBAN,STREET,3,6.0
31197,8,1,99,1,1,40.0,0,I,TOWNS,STREET,3,11.0
31198,1,5,110,1,2,50.0,0,I,MELB_URBAN,AVENUE,4,7.0
31199,1,4,132,5,1,50.0,0,N,LARGE_PROVINCIAL_CITIES,STREET,4,9.0
31200,6,4,170,5,5,60.0,0,N,RURAL_VICTORIA,ROAD,4,21.0
31201,2,5,102,5,1,30.0,0,N,MELB_URBAN,STREET,4,14.0
31202,7,5,99,2,1,60.0,0,I,RURAL_VICTORIA,STREET,4,11.0
31203,1,5,110,1,1,50.0,0,I,MELB_URBAN,STREET,4,16.0
31204,6,5,99,5,1,80.0,0,N,RURAL_VICTORIA,ROAD,4,15.0
31205,8,1,174,5,1,60.0,0,N,RURAL_VICTORIA,ROAD,3,14.0
31206,6,5,170,5,2,100.0,0,N,RURAL_VICTORIA,HIGHWAY,4,17.0
31207,1,5,130,5,1,100.0,0,N,RURAL_VICTORIA,ROAD,4,16.0
31208,1,5,130,1,2,60.0,0,I,MELB_URBAN,STREET,4,18.0
31209,2,5,99,5,6,60.0,0,N,MELB_URBAN,ROAD,4,20.0
31210,1,3,120,2,2,50.0,0,I,MELB_URBAN,OTHER,3,7.0
31211,1,6,130,5,2,100.0,0,N,MELB_URBAN,FREEWAY,4,7.0
31212,1,4,130,1,2,70.0,0,I,MELB_URBAN,ROAD,3,7.0
31213,2,7,102,2,1,60.0,0,N,MELB_URBAN,ROAD,3,10.0
31214,1,4,121,2,1,60.0,0,I,MELB_URBAN,STREET,4,10.0
31215,3,5,167,5,6,60.0,0,N,MELB_URBAN,BOULEVARD,4,0.0
31216,1,5,130,5,1,60.0,0,N,MELB_URBAN,STREET,4,13.0
31217,1,2,99,1,1,60.0,0,I,MELB_URBAN,ROAD,1,9.0
31218,1,6,134,2,2,60.0,1,I,MELB_URBAN,ROAD,4,7.0
31219,1,6,130,2,1,80.0,0,I,MELB_URBAN,HIGHWAY,4,10.0
31220,1,2,130,1,1,60.0,0,I,MELB_URBAN,ROAD,3,16.0
31221,1,6,130,5,1,60.0,0,N,MELB_URBAN,ROAD,4,8.0
31222,1,5,163,5,1,50.0,0,N,MELB_URBAN,STREET,10,15.0
31223,1,4,99,2,1,60.0,0,I,MELB_URBAN,OTHER,2,11.0
31224,1,7,130,5,1,80.0,0,N,MELB_URBAN,ROAD,3,16.0
31225,2,6,100,1,1,60.0,0,I,TOWNS,STREET,4,12.0
31226,1,6,171,5,1,100.0,0,N,RURAL_VICTORIA,FREEWAY,4,8.0
31227,1,6,113,2,1,60.0,0,I,MELB_URBAN,ROAD,4,13.0
31228,2,3,102,2,1,60.0,0,I,MELB_URBAN,ROAD,4,15.0
31229,1,6,121,1,1,80.0,0,I,SMALL_CITIES,HIGHWAY,4,16.0
31230,1,3,99,2,2,60.0,0,I,TOWNS,ROAD,3,7.0
31231,1,7,160,5,2,60.0,0,N,MELB_URBAN,STREET,3,7.0
31232,1,6,130,5,1,40.0,0,N,MELB_URBAN,ROAD,4,14.0
31233,1,6,110,1,1,50.0,0,I,TOWNS,STREET,4,16.0
31234,4,6,171,5,1,80.0,0,N,RURAL_VICTORIA,ROAD,4,14.0
31235,1,6,99,5,1,80.0,0,N,MELB_URBAN,HIGHWAY,4,16.0
31236,1,4,99,5,3,50.0,0,N,TOWNS,STREET,4,20.0
31237,2,6,99,5,2,60.0,0,N,MELB_URBAN,STREET,4,19.0
31238,1,6,99,2,1,50.0,0,I,LARGE_PROVINCIAL_CITIES,AVENUE,4,15.0
31239,1,4,110,1,3,50.0,0,I,LARGE_PROVINCIAL_CITIES,STREET,3,22.0
31240,2,6,100,1,2,40.0,0,I,MELBOURNE_CBD,STREET,4,20.0
31241,1,6,113,2,3,60.0,0,I,MELB_URBAN,ROAD,4,20.0
31242,1,6,111,2,2,60.0,0,I,MELB_URBAN,AVENUE,4,17.0
31243,1,6,130,5,1,50.0,0,N,MELB_URBAN,STREET,4,16.0
31244,4,6,173,5,2,100.0,0,N,RURAL_VICTORIA,ROAD,4,18.0
31245,4,6,171,1,2,60.0,0,I,MELB_URBAN,STREET,4,19.0
31246,1,6,160,2,3,50.0,0,I,MELB_URBAN,STREET,4,22.0
31247,4,7,173,5,3,50.0,0,N,MELB_URBAN,DRIVE,4,0.0
31248,1,4,99,2,1,60.0,0,N,MELB_URBAN,ROAD,3,13.0
31249,1,7,120,5,3,50.0,0,N,MELB_URBAN,ROAD,4,3.0
31250,1,7,110,1,3,60.0,0,I,MELB_URBAN,STREET,4,1.0
31251,1,7,130,1,3,60.0,0,I,MELB_URBAN,STREET,4,3.0
31252,1,6,121,1,2,70.0,0,I,MELB_URBAN,ROAD,4,8.0
31253,2,7,99,1,3,80.0,0,I,MELB_URBAN,ROAD,3,4.0
31254,1,5,130,5,1,60.0,0,N,MELB_URBAN,ROAD,3,9.0
31255,1,2,116,2,1,70.0,0,I,SMALL_CITIES,STREET,3,16.0
31256,1,7,110,1,1,80.0,0,I,MELB_URBAN,STREET,4,8.0
31257,1,4,130,5,2,100.0,0,N,MELB_URBAN,FREEWAY,2,7.0
31258,8,4,174,2,1,60.0,0,I,MELB_URBAN,STREET,4,15.0
31259,4,7,173,1,1,50.0,0,I,TOWNS,STREET,4,10.0
31260,1,7,110,1,1,60.0,0,I,LARGE_PROVINCIAL_CITIES,ROAD,4,10.0
31261,6,6,174,1,1,50.0,0,I,TOWNS,STREET,3,9.0
31262,1,5,121,1,3,60.0,0,I,MELB_URBAN,ROAD,3,22.0
31263,1,7,130,5,1,60.0,0,N,MELB_URBAN,ROAD,4,12.0
31264,4,7,183,5,1,100.0,0,N,RURAL_VICTORIA,ROAD,4,13.0
31265,4,7,173,5,1,80.0,0,N,RURAL_VICTORIA,ROAD,4,10.0
31266,1,7,120,5,1,100.0,0,N,RURAL_VICTORIA,HIGHWAY,4,10.0
31267,1,7,130,5,1,80.0,0,N,MELB_URBAN,ROAD,4,13.0
31268,1,7,121,1,1,60.0,0,I,MELB_URBAN,OTHER,4,13.0
31269,1,7,130,2,1,70.0,0,I,MELB_URBAN,ROAD,4,14.0
31270,1,7,110,1,1,80.0,0,I,MELB_URBAN,ROAD,4,14.0
31271,6,7,99,5,1,100.0,0,N,RURAL_VICTORIA,ROAD,4,14.0
31272,8,7,174,5,1,100.0,0,N,RURAL_VICTORIA,ROAD,4,12.0
31273,1,7,113,3,1,80.0,0,I,RURAL_VICTORIA,RAMP,4,9.0
31274,8,2,99,5,1,50.0,0,N,TOWNS,ROAD,3,15.0
31275,1,6,130,2,1,100.0,0,I,MELB_URBAN,FREEWAY,4,16.0
31276,4,7,173,5,2,60.0,0,N,SMALL_CITIES,STREET,4,18.0
31277,1,7,113,2,2,50.0,0,I,LARGE_PROVINCIAL_CITIES,DRIVE,4,18.0
31278,4,7,171,5,2,70.0,0,N,MELB_URBAN,ROAD,4,17.0
31279,1,7,121,1,2,40.0,0,I,MELB_URBAN,STREET,4,18.0
31280,8,7,99,5,1,80.0,0,N,RURAL_VICTORIA,ROAD,4,14.0
31281,6,6,184,5,1,100.0,0,I,RURAL_VICTORIA,ROAD,4,12.0
31282,1,7,113,2,2,80.0,0,I,MELB_URBAN,ROAD,4,19.0
31283,1,7,130,5,1,60.0,0,N,MELB_URBAN,OTHER,4,15.0
31284,1,7,113,2,2,50.0,0,I,MELB_URBAN,ROAD,4,17.0
31285,1,7,99,5,2,40.0,0,N,MELBOURNE_CBD,STREET,4,17.0
31286,1,7,99,5,1,50.0,0,N,MELB_URBAN,AVENUE,3,12.0
31287,1,4,121,1,1,40.0,0,I,MELBOURNE_CBD,STREET,1,8.0
31288,1,7,110,1,3,80.0,0,I,RURAL_VICTORIA,FREEWAY,4,20.0
31289,1,7,111,1,3,60.0,0,I,MELB_URBAN,STREET,4,21.0
31290,1,6,99,1,1,60.0,0,I,MELB_URBAN,STREET,3,13.0
31291,4,7,171,2,3,50.0,0,I,LARGE_PROVINCIAL_CITIES,DRIVE,4,22.0
31292,1,1,121,1,3,60.0,0,I,MELB_URBAN,ROAD,4,0.0
31293,4,1,171,5,4,50.0,0,N,SMALL_CITIES,STREET,4,1.0
31294,1,3,121,1,1,60.0,0,I,LARGE_PROVINCIAL_CITIES,ROAD,3,12.0
31295,4,1,99,5,3,60.0,0,N,MELB_URBAN,ROAD,4,2.0
31296,4,7,171,5,5,80.0,0,N,RURAL_VICTORIA,ROAD,4,21.0
31297,1,4,130,4,1,70.0,0,I,MELB_URBAN,HIGHWAY,4,8.0
31298,4,7,181,5,2,100.0,0,N,RURAL_VICTORIA,ROAD,4,17.0
31299,3,1,167,5,5,100.0,0,N,RURAL_VICTORIA,ROAD,4,6.0
31300,1,1,113,2,1,60.0,0,I,MELB_URBAN,ROAD,4,10.0
31301,1,7,130,5,1,40.0,0,N,MELB_URBAN,ROAD,4,15.0
31302,4,1,171,5,9,100.0,0,N,RURAL_VICTORIA,ROAD,4,6.0
31303,6,0,174,5,1,50.0,0,N,MELB_URBAN,STREET,4,10.0
31304,1,1,120,5,1,70.0,0,N,MELB_URBAN,ROAD,4,11.0
31305,1,2,140,2,2,60.0,0,I,SMALL_CITIES,STREET,3,17.0
31306,1,1,140,5,1,60.0,0,N,LARGE_PROVINCIAL_CITIES,STREET,4,12.0
31307,1,7,113,2,1,60.0,0,I,MELB_URBAN,HIGHWAY,4,10.0
31308,6,1,99,5,1,100.0,0,N,RURAL_VICTORIA,ROAD,4,13.0
31309,1,6,113,2,1,50.0,0,I,MELB_URBAN,ROAD,3,10.0
31310,8,1,184,5,1,80.0,0,N,RURAL_VICTORIA,ROAD,4,14.0
31311,1,1,160,2,1,50.0,0,I,MELB_URBAN,OTHER,4,15.0
31312,1,6,130,2,2,50.0,0,I,MELB_URBAN,OTHER,3,6.0
31313,1,1,113,2,1,60.0,0,I,MELB_URBAN,ROAD,4,15.0
31314,1,7,113,2,2,60.0,0,I,MELB_URBAN,STREET,4,18.0
31315,1,3,133,5,1,60.0,0,N,MELB_URBAN,PARADE,12,8.0
31316,1,0,147,5,2,60.0,0,I,MELB_URBAN,ROAD,4,17.0
31317,1,1,135,5,3,80.0,0,N,MELB_URBAN,HIGHWAY,4,19.0
31318,1,1,111,1,2,50.0,0,I,SMALL_CITIES,STREET,4,17.0
31319,1,1,130,5,1,100.0,0,N,RURAL_VICTORIA,HIGHWAY,4,15.0
31320,1,1,130,1,2,80.0,0,I,MELB_URBAN,ROAD,4,18.0
31321,6,1,184,5,3,60.0,0,N,MELB_URBAN,AVENUE,4,20.0
31322,1,1,160,5,3,50.0,0,N,RURAL_VICTORIA,ROAD,4,22.0
31323,1,2,110,1,3,60.0,0,I,MELB_URBAN,ROAD,4,2.0
31324,1,2,121,2,2,60.0,0,I,MELB_URBAN,ROAD,4,6.0
31325,1,2,121,2,2,60.0,0,I,MELB_URBAN,STREET,4,5.0
31326,1,7,113,2,2,60.0,0,I,MELB_URBAN,DRIVE,4,17.0
31327,1,1,163,1,1,60.0,0,I,MELB_URBAN,STREET,4,9.0
31328,1,2,116,2,2,70.0,0,I,MELB_URBAN,ROAD,4,7.0
31329,1,0,99,2,1,60.0,0,I,TOWNS,ROAD,4,11.0
31330,1,2,133,2,2,80.0,0,I,RURAL_VICTORIA,HIGHWAY,4,7.0
31331,1,7,147,5,1,80.0,0,N,RURAL_VICTORIA,HIGHWAY,4,14.0
31332,1,1,130,1,9,60.0,0,I,MELB_URBAN,ROAD,12,14.0
31333,1,2,163,5,1,50.0,0,N,MELB_URBAN,STREET,4,9.0
31334,6,1,99,5,5,100.0,1,N,RURAL_VICTORIA,HIGHWAY,4,19.0
31335,1,2,120,5,2,60.0,0,N,TOWNS,STREET,4,7.0
31336,1,2,171,2,2,80.0,0,I,RURAL_VICTORIA,HIGHWAY,4,7.0
31337,1,2,147,5,9,50.0,0,N,MELB_URBAN,PARADE,3,12.0
31338,1,6,99,2,2,80.0,0,I,MELB_URBAN,HIGHWAY,4,19.0
31339,1,2,113,1,1,60.0,0,I,MELB_URBAN,ROAD,4,12.0
31340,1,2,130,5,2,100.0,0,N,MELB_URBAN,FREEWAY,4,7.0
31341,1,2,121,2,1,60.0,0,I,MELB_URBAN,ROAD,4,12.0
31342,1,5,130,5,2,100.0,0,N,MELB_URBAN,FREEWAY,6,7.0
31343,1,2,130,5,1,60.0,0,N,MELB_URBAN,ROAD,4,13.0
31344,1,5,121,1,3,70.0,0,I,MELB_URBAN,ROAD,4,21.0
31345,1,7,120,5,1,60.0,0,N,MELB_URBAN,ROAD,4,9.0
31346,3,6,167,5,2,100.0,0,N,RURAL_VICTORIA,HIGHWAY,4,19.0
31347,1,6,130,4,1,80.0,0,I,MELB_URBAN,HIGHWAY,2,16.0
31348,8,2,99,2,1,50.0,0,I,MELB_URBAN,ROAD,4,16.0
31349,4,2,171,1,1,60.0,0,I,MELB_URBAN,STREET,4,16.0
31350,1,2,160,1,1,40.0,0,I,MELB_URBAN,STREET,4,16.0
31351,1,2,110,1,2,50.0,0,I,TOWNS,STREET,4,17.0
31352,1,2,113,2,2,50.0,0,I,MELB_URBAN,STREET,4,17.0
31353,1,2,121,5,3,60.0,0,N,MELB_URBAN,ROAD,4,18.0
31354,1,6,135,5,2,60.0,0,N,MELB_URBAN,ROAD,4,19.0
31355,1,1,99,5,5,100.0,0,N,RURAL_VICTORIA,ROAD,4,19.0
31356,1,2,116,1,3,60.0,0,I,MELB_URBAN,BOULEVARD,4,20.0
31357,2,2,99,5,5,100.0,1,N,RURAL_VICTORIA,ROAD,4,18.0
31358,4,2,183,5,3,70.0,0,N,MELB_URBAN,ROAD,4,19.0
31359,4,2,171,5,5,60.0,0,N,TOWNS,ROAD,4,4.0
31360,1,6,121,2,2,70.0,0,I,MELB_URBAN,ROAD,4,7.0
31361,4,3,171,2,3,60.0,0,I,MELB_URBAN,ROAD,4,1.0
31362,1,3,99,2,1,70.0,0,I,MELB_URBAN,STREET,4,9.0
31363,1,1,132,5,1,60.0,0,N,RURAL_VICTORIA,ROAD,4,16.0
31364,4,3,173,5,1,100.0,0,N,RURAL_VICTORIA,ROAD,4,8.0
31365,1,2,116,1,2,60.0,0,I,MELB_URBAN,ROAD,4,18.0
31366,1,3,130,5,1,60.0,0,N,MELB_URBAN,ROAD,4,10.0
31367,1,3,110,1,1,60.0,0,I,LARGE_PROVINCIAL_CITIES,STREET,4,11.0