,accident_type,day_of_week,dca_code,road_geometry,light_condition,speed_zone,severity,node_type,deg_urban_name,road_type,month,hour
31368,1,3,132,2,1,60.0,0,I,MELB_URBAN,ROAD,4,10.0
31369,2,2,99,2,1,40.0,0,I,MELBOURNE_CBD,STREET,4,12.0
31370,1,6,130,5,1,60.0,0,N,MELB_URBAN,ROAD,1,9.0
31371,1,3,147,5,1,60.0,0,N,MELB_URBAN,ROAD,4,12.0
31372,1,3,113,2,1,60.0,0,N,MELB_URBAN,ROAD,4,13.0
31373,8,5,174,2,3,60.0,0,I,MELB_URBAN,ROAD,3,21.0
31374,1,3,135,5,1,70.0,0,N,MELB_URBAN,ROAD,4,13.0
31375,1,3,113,2,1,60.0,0,I,MELB_URBAN,ROAD,4,14.0
31376,1,6,113,2,2,60.0,0,I,MELB_URBAN,ROAD,10,17.0
31377,5,1,99,5,1,60.0,0,N,RURAL_VICTORIA,OTHER,4,11.0
31378,1,3,110,1,1,60.0,0,I,MELB_URBAN,ROAD,4,14.0
31379,4,2,173,5,5,100.0,0,N,RURAL_VICTORIA,HIGHWAY,4,20.0
31380,1,2,130,5,1,110.0,0,N,RURAL_VICTORIA,FREEWAY,4,13.0
31381,1,7,130,5,1,100.0,0,N,RURAL_VICTORIA,ROAD,4,10.0
31382,4,3,183,5,1,80.0,0,N,RURAL_VICTORIA,RAMP,4,16.0
31383,1,2,113,1,1,50.0,0,I,SMALL_CITIES,STREET,4,15.0
31384,1,3,120,5,1,60.0,0,N,MELB_URBAN,ROAD,4,15.0
31385,1,3,120,5,1,60.0,0,N,MELB_URBAN,ROAD,4,14.0
31386,4,3,181,5,1,100.0,0,N,RURAL_VICTORIA,ROAD,4,15.0
31387,1,3,121,2,2,40.0,0,I,MELB_URBAN,ROAD,4,17.0
31388,1,3,120,5,1,70.0,1,N,MELB_URBAN,ROAD,4,15.0
31389,4,3,171,1,2,60.0,0,I,MELB_URBAN,ROAD,4,17.0
31390,1,7,130,5,2,70.0,0,N,MELB_URBAN,ROAD,4,17.0
31391,1,2,140,2,2,80.0,0,I,MELB_URBAN,ROAD,4,17.0
31392,1,3,121,1,2,40.0,0,I,MELB_URBAN,STREET,4,17.0
31393,4,3,99,2,1,50.0,0,I,LARGE_PROVINCIAL_CITIES,STREET,4,16.0
31394,2,3,102,1,2,80.0,0,I,MELB_URBAN,HIGHWAY,4,17.0
31395,6,1,174,5,2,100.0,0,N,MELB_URBAN,ROAD,4,17.0
31396,1,3,130,5,2,100.0,0,N,MELB_URBAN,FREEWAY,4,18.0
31397,1,2,99,2,2,60.0,0,I,MELB_URBAN,OTHER,3,7.0
31398,1,3,134,5,2,70.0,0,N,MELB_URBAN,ROAD,4,18.0
31399,1,3,130,5,1,60.0,0,N,MELB_URBAN,PARADE,4,14.0
31400,1,3,130,5,5,80.0,0,N,MELB_URBAN,ROAD,4,20.0
31401,1,3,121,1,2,70.0,0,I,MELB_URBAN,ROAD,4,18.0
31402,1,3,121,1,3,60.0,0,N,LARGE_PROVINCIAL_CITIES,ROAD,4,20.0
31403,4,3,99,2,3,60.0,0,I,LARGE_PROVINCIAL_CITIES,STREET,4,20.0
31404,1,3,130,1,2,60.0,0,I,MELB_URBAN,DRIVE,4,18.0
31405,2,3,100,5,3,50.0,0,N,SMALL_CITIES,STREET,4,17.0
31406,4,6,173,5,1,100.0,0,N,RURAL_VICTORIA,ROAD,3,10.0
31407,1,3,120,5,5,100.0,1,N,RURAL_VICTORIA,HIGHWAY,4,19.0
31408,1,3,113,2,1,70.0,0,I,MELB_URBAN,ROAD,2,17.0
31409,4,3,173,5,3,80.0,0,N,MELB_URBAN,ROAD,4,22.0
31410,1,2,130,1,9,80.0,0,I,MELB_URBAN,ROAD,3,11.0
31411,2,4,102,2,2,60.0,0,I,MELB_URBAN,ROAD,4,7.0
31412,8,4,174,1,2,60.0,0,I,MELB_URBAN,ROAD,4,7.0
31413,8,2,184,2,1,60.0,0,I,RURAL_VICTORIA,ROAD,4,13.0
31414,8,4,174,2,1,40.0,0,I,MELB_URBAN,ROAD,4,8.0
31415,8,3,99,5,3,40.0,0,N,MELB_URBAN,STREET,3,19.0
31416,1,4,130,5,1,100.0,0,N,RURAL_VICTORIA,HIGHWAY,4,9.0
31417,1,4,113,2,1,100.0,0,I,RURAL_VICTORIA,ROAD,4,8.0
31418,1,1,130,5,2,100.0,0,N,MELB_URBAN,FREEWAY,4,17.0
31419,1,3,99,5,1,40.0,0,N,MELBOURNE_CBD,STREET,3,9.0
31420,4,4,183,5,2,80.0,0,N,RURAL_VICTORIA,ROAD,4,6.0
31421,1,2,163,1,1,40.0,0,I,MELBOURNE_CBD,STREET,1,8.0
31422,1,4,130,2,1,40.0,0,I,MELB_URBAN,STREET,4,8.0
31423,1,4,113,2,1,60.0,0,I,MELB_URBAN,ROAD,4,9.0
31424,6,2,99,2,2,100.0,0,I,RURAL_VICTORIA,ROAD,4,17.0
31425,1,6,121,2,1,60.0,0,I,LARGE_PROVINCIAL_CITIES,STREET,3,12.0
31426,8,4,174,3,1,60.0,0,N,MELB_URBAN,OTHER,4,8.0
31427,1,6,130,5,1,100.0,0,N,MELB_URBAN,FREEWAY,3,9.0
31428,1,3,130,5,2,60.0,0,N,MELB_URBAN,ROAD,4,18.0
31429,2,4,102,1,1,50.0,0,I,LARGE_PROVINCIAL_CITIES,STREET,4,9.0
31430,1,4,121,2,1,60.0,0,I,LARGE_PROVINCIAL_CITIES,STREET,4,10.0
31431,4,4,99,5,1,60.0,0,N,MELB_URBAN,STREET,4,11.0
31432,8,4,174,1,3,60.0,0,I,MELB_URBAN,STREET,4,0.0
31433,1,5,121,2,1,70.0,0,I,LARGE_PROVINCIAL_CITIES,STREET,3,11.0
31434,1,4,113,2,1,60.0,0,I,SMALL_CITIES,STREET,4,12.0
31435,1,6,99,5,2,60.0,0,N,MELB_URBAN,ROAD,3,19.0
31436,1,4,130,1,1,60.0,0,I,LARGE_PROVINCIAL_CITIES,STREET,4,13.0
31437,1,4,121,2,1,70.0,0,I,MELB_URBAN,ROAD,4,11.0
31438,1,4,130,5,1,80.0,0,N,RURAL_VICTORIA,ROAD,4,14.0
31439,1,2,163,5,3,40.0,0,N,MELB_URBAN,STREET,4,19.0
31440,1,3,110,1,3,60.0,0,I,MELB_URBAN,STREET,4,6.0
31441,4,4,171,2,1,50.0,0,I,MELB_URBAN,ROAD,4,14.0
31442,1,4,133,5,1,80.0,0,N,MELB_URBAN,FREEWAY,4,13.0
31443,4,4,171,5,1,60.0,0,N,MELB_URBAN,ROAD,4,14.0
31444,1,4,132,2,1,60.0,0,I,SMALL_CITIES,STREET,4,15.0
31445,2,1,99,2,1,60.0,0,I,MELB_URBAN,OTHER,12,9.0
31446,4,4,181,5,1,80.0,0,I,MELB_URBAN,OTHER,4,15.0
31447,1,4,147,5,1,50.0,0,N,MELB_URBAN,ROAD,4,15.0
31448,1,6,99,5,1,50.0,0,N,MELB_URBAN,ROAD,12,10.0
31449,1,3,113,1,3,60.0,0,I,MELB_URBAN,ROAD,4,18.0
31450,4,4,183,5,1,80.0,0,N,MELB_URBAN,ROAD,4,14.0
31451,1,4,120,5,3,40.0,0,N,MELB_URBAN,ROAD,4,18.0
31452,1,4,99,5,1,50.0,0,N,MELB_URBAN,ROAD,4,15.0
31453,1,4,132,2,2,60.0,0,I,MELB_URBAN,ROAD,4,17.0
31454,4,4,173,5,2,100.0,0,N,RURAL_VICTORIA,ROAD,4,17.0
31455,2,4,102,1,2,80.0,0,I,MELB_URBAN,ROAD,4,18.0
31456,1,5,130,5,1,60.0,0,N,MELB_URBAN,ROAD,3,8.0
31457,1,4,135,5,1,80.0,0,N,MELB_URBAN,ROAD,4,16.0
31458,4,4,99,5,5,100.0,0,N,RURAL_VICTORIA,ROAD,4,17.0
31459,1,4,147,5,2,60.0,0,N,MELB_URBAN,ROAD,4,19.0
31460,1,4,99,2,1,80.0,0,I,MELB_URBAN,HIGHWAY,4,16.0
31461,1,4,134,2,2,80.0,0,I,MELB_URBAN,HIGHWAY,4,17.0
31462,4,4,171,5,3,60.0,0,N,MELB_URBAN,ROAD,4,3.0
31463,1,4,130,1,1,80.0,0,I,MELB_URBAN,ROAD,4,16.0
31464,2,4,102,1,9,60.0,0,I,MELB_URBAN,STREET,4,22.0
31465,2,4,100,2,3,40.0,0,I,MELBOURNE_CBD,STREET,4,22.0
31466,4,5,99,2,3,70.0,0,I,MELB_URBAN,ROAD,4,0.0
31467,6,4,173,5,9,110.0,0,N,RURAL_VICTORIA,FREEWAY,4,11.0
31468,1,4,132,2,1,60.0,0,I,MELB_URBAN,ROAD,4,12.0
31469,1,4,160,5,3,60.0,0,N,MELB_URBAN,ROAD,4,21.0
31470,6,4,99,5,1,100.0,0,N,RURAL_VICTORIA,ROAD,4,13.0
31471,1,6,132,2,2,60.0,0,I,MELB_URBAN,ROAD,10,17.0
31472,1,5,113,2,2,60.0,0,I,MELB_URBAN,STREET,4,7.0
31473,8,3,174,5,9,60.0,0,N,MELB_URBAN,ROAD,4,14.0
31474,6,5,170,5,2,100.0,0,N,RURAL_VICTORIA,HIGHWAY,4,5.0
31475,3,5,167,5,5,100.0,0,N,RURAL_VICTORIA,ROAD,4,5.0
31476,4,5,183,5,1,100.0,0,N,RURAL_VICTORIA,ROAD,4,9.0
31477,1,4,130,5,1,60.0,0,N,SMALL_CITIES,ROAD,4,10.0
31478,1,2,99,1,1,60.0,0,I,LARGE_PROVINCIAL_CITIES,OTHER,3,8.0
31479,1,5,120,1,2,80.0,0,I,MELB_URBAN,OTHER,4,6.0
31480,2,6,99,1,1,60.0,0,I,MELB_URBAN,STREET,3,10.0
31481,1,4,130,5,2,80.0,0,N,MELB_URBAN,HIGHWAY,4,7.0
31482,8,5,99,5,1,80.0,0,N,RURAL_VICTORIA,ROAD,4,8.0
31483,1,5,121,2,2,70.0,0,I,MELB_URBAN,ROAD,4,7.0
31484,1,2,130,5,2,60.0,0,N,LARGE_PROVINCIAL_CITIES,OTHER,4,7.0
31485,1,5,134,4,1,60.0,0,I,MELB_URBAN,STREET,4,11.0
31486,2,4,100,1,3,60.0,0,I,MELB_URBAN,STREET,4,21.0
31487,2,5,99,1,1,60.0,0,I,MELB_URBAN,ROAD,4,12.0
31488,1,5,147,2,1,50.0,0,I,TOWNS,STREET,4,12.0
31489,8,1,174,5,1,60.0,0,N,RURAL_VICTORIA,OTHER,4,16.0
31490,4,5,181,5,2,80.0,0,N,MELB_URBAN,UNKNOWN,4,7.0
31491,4,5,99,2,2,80.0,0,I,MELB_URBAN,HIGHWAY,4,6.0
31492,1,4,99,5,2,80.0,0,N,MELB_URBAN,ROAD,4,19.0
31493,1,6,130,5,1,80.0,0,N,MELB_URBAN,ROAD,1,11.0
31494,1,5,130,5,1,80.0,0,N,MELB_URBAN,ROAD,3,16.0
31495,3,5,167,5,1,100.0,0,N,RURAL_VICTORIA,ROAD,4,10.0
31496,1,6,130,5,1,60.0,0,N,MELB_URBAN,ROAD,2,8.0
31497,1,3,121,1,3,80.0,0,I,MELB_URBAN,ROAD,4,22.0
31498,1,5,130,1,1,80.0,0,I,LARGE_PROVINCIAL_CITIES,HIGHWAY,4,13.0
31499,1,5,130,5,1,40.0,0,N,MELB_URBAN,STREET,3,16.0
31500,1,5,121,2,1,60.0,0,I,SMALL_CITIES,STREET,4,14.0
31501,8,5,99,5,1,100.0,0,N,RURAL_VICTORIA,HIGHWAY,4,9.0
31502,1,5,113,2,1,70.0,0,I,SMALL_CITIES,STREET,4,11.0
31503,1,5,120,5,1,60.0,0,N,MELB_URBAN,ROAD,4,14.0
31504,1,3,130,2,1,80.0,0,N,MELB_URBAN,HIGHWAY,4,12.0
31505,1,2,130,1,1,60.0,0,I,MELB_URBAN,ROAD,12,11.0
31506,1,4,130,5,3,100.0,0,N,MELB_URBAN,ROAD,4,23.0
31507,1,7,99,2,2,80.0,0,I,MELB_URBAN,ROAD,3,17.0
31508,1,5,130,2,9,60.0,0,I,MELB_URBAN,ROAD,4,14.0
31509,1,2,130,1,1,60.0,0,I,MELB_URBAN,OTHER,4,14.0
31510,1,5,130,5,1,60.0,0,N,MELB_URBAN,ROAD,3,8.0
31511,1,5,130,4,1,70.0,0,I,MELB_URBAN,ROAD,4,13.0
31512,4,1,171,5,3,60.0,0,N,MELB_URBAN,ROAD,4,2.0
31513,1,3,130,2,2,80.0,0,I,MELB_URBAN,HIGHWAY,4,17.0
31514,2,1,100,5,3,50.0,0,N,MELB_URBAN,STREET,4,1.0
31515,1,5,120,5,2,60.0,0,N,SMALL_CITIES,ROAD,4,18.0
31516,2,5,100,1,3,70.0,0,I,MELB_URBAN,ROAD,4,19.0
31517,8,4,174,2,2,50.0,0,I,MELB_URBAN,STREET,4,17.0
31518,1,5,130,5,3,80.0,0,N,SMALL_CITIES,ROAD,4,18.0
31519,2,5,99,1,2,60.0,0,I,MELB_URBAN,ROAD,4,18.0
31520,3,4,167,5,2,100.0,0,N,RURAL_VICTORIA,ROAD,4,5.0
31521,1,5,121,1,3,60.0,0,I,MELB_URBAN,PARADE,4,19.0
31522,4,5,171,5,5,100.0,0,N,RURAL_VICTORIA,ROAD,4,4.0
31523,1,4,110,1,5,50.0,0,I,MELB_URBAN,STREET,3,6.0
31524,1,5,120,5,2,60.0,0,N,SMALL_CITIES,STREET,4,18.0
31525,4,6,173,5,5,100.0,0,N,RURAL_VICTORIA,FREEWAY,4,0.0
31526,2,6,102,5,5,100.0,1,N,RURAL_VICTORIA,FREEWAY,4,0.0
31527,1,5,110,1,3,50.0,0,I,MELB_URBAN,ROAD,4,22.0
31528,1,6,113,2,2,60.0,0,I,MELB_URBAN,ROAD,4,6.0
31529,1,5,110,1,1,40.0,0,I,MELB_URBAN,STREET,3,14.0
31530,1,4,130,1,1,60.0,0,I,MELB_URBAN,HIGHWAY,4,9.0
31531,4,6,173,5,1,100.0,0,N,MELB_URBAN,FREEWAY,4,8.0
31532,1,5,130,5,1,60.0,0,N,MELB_URBAN,ROAD,4,16.0
31533,2,4,99,5,1,50.0,0,N,TOWNS,STREET,4,12.0
31534,6,7,170,2,1,100.0,0,I,RURAL_VICTORIA,OTHER,3,14.0
31535,1,6,116,2,3,60.0,0,I,MELB_URBAN,ROAD,4,5.0
31536,1,6,113,1,1,60.0,0,I,MELB_URBAN,ROAD,4,10.0
31537,4,4,171,5,1,60.0,0,N,MELB_URBAN,ROAD,4,9.0
31538,1,6,130,1,1,70.0,0,I,MELB_URBAN,ROAD,4,8.0
31539,1,2,130,1,1,70.0,0,I,MELB_URBAN,ROAD,3,12.0
31540,2,7,100,5,3,60.0,0,N,MELB_URBAN,ROAD,3,20.0
31541,1,4,110,1,2,50.0,0,I,MELB_URBAN,STREET,4,18.0
31542,1,6,130,2,1,80.0,0,I,MELB_URBAN,HIGHWAY,4,11.0
31543,1,5,130,1,9,60.0,0,I,MELB_URBAN,ROAD,4,15.0
31544,8,5,174,5,1,60.0,0,N,MELB_URBAN,ROAD,4,8.0
31545,8,5,174,1,1,40.0,0,I,MELBOURNE_CBD,STREET,3,9.0
31546,8,6,170,5,1,100.0,0,N,RURAL_VICTORIA,ROAD,4,9.0
31547,1,6,130,2,9,70.0,0,I,MELB_URBAN,STREET,4,14.0
31548,4,6,171,5,2,60.0,0,N,MELB_URBAN,ROAD,9,6.0
31549,4,6,99,5,1,50.0,0,N,TOWNS,ROAD,4,12.0
31550,1,5,163,2,2,60.0,0,I,MELB_URBAN,ROAD,4,16.0
31551,1,6,130,5,1,80.0,0,N,RURAL_VICTORIA,FREEWAY,4,15.0
31552,2,6,99,6,1,50.0,0,N,SMALL_CITIES,OTHER,4,14.0
31553,1,3,163,5,2,50.0,0,N,MELB_URBAN,PARADE,4,17.0
31554,1,6,140,5,2,80.0,0,N,MELB_URBAN,HIGHWAY,4,17.0
31555,1,6,135,1,2,60.0,0,I,MELB_URBAN,ROAD,4,19.0
31556,1,5,130,2,6,60.0,0,I,MELB_URBAN,STREET,4,19.0
31557,1,6,121,1,2,40.0,0,I,MELB_URBAN,STREET,4,18.0
31558,1,6,121,1,2,50.0,0,I,MELB_URBAN,STREET,4,17.0
31559,1,6,121,2,3,70.0,0,I,MELB_URBAN,ROAD,4,18.0
31560,4,6,171,3,2,60.0,0,I,MELB_URBAN,ROAD,4,19.0
31561,1,6,160,5,5,110.0,0,N,RURAL_VICTORIA,FREEWAY,4,23.0
31562,4,6,183,5,1,100.0,0,N,RURAL_VICTORIA,HIGHWAY,4,14.0
31563,6,6,99,5,5,100.0,0,N,RURAL_VICTORIA,HIGHWAY,4,20.0
31564,1,6,110,1,3,50.0,0,I,MELB_URBAN,AVENUE,4,21.0
31565,4,7,173,5,3,60.0,0,N,LARGE_PROVINCIAL_CITIES,STREET,4,0.0
31566,1,5,130,5,2,100.0,0,N,MELB_URBAN,FREEWAY,4,7.0
31567,1,6,99,2,3,60.0,0,I,MELB_URBAN,PARADE,4,23.0
31568,9,3,99,1,2,60.0,0,I,MELB_URBAN,DRIVE,4,18.0
31569,8,3,174,2,1,80.0,0,I,MELB_URBAN,HIGHWAY,4,16.0
31570,1,7,120,5,2,50.0,0,N,MELB_URBAN,STREET,4,7.0
31571,1,3,113,1,2,60.0,0,I,MELB_URBAN,STREET,4,17.0
31572,1,7,113,2,2,60.0,0,I,MELB_URBAN,ROAD,4,6.0
31573,1,6,147,5,1,60.0,0,N,SMALL_CITIES,AVENUE,3,12.0
31574,1,7,147,2,1,30.0,0,N,MELB_URBAN,STREET,4,8.0
31575,6,7,184,5,1,70.0,0,N,MELB_URBAN,HIGHWAY,4,9.0
31576,4,7,171,5,5,100.0,0,N,RURAL_VICTORIA,HIGHWAY,4,3.0
31577,1,7,113,2,1,70.0,1,I,MELB_URBAN,ROAD,4,11.0
31578,1,7,116,2,1,60.0,0,I,MELB_URBAN,STREET,4,12.0
31579,2,7,99,5,1,50.0,0,N,MELB_URBAN,AVENUE,4,12.0
31580,6,4,170,5,2,100.0,0,N,RURAL_VICTORIA,UNKNOWN,3,18.0
31581,7,7,99,5,1,100.0,0,N,MELB_URBAN,FREEWAY,4,12.0
31582,1,2,121,3,1,60.0,0,I,MELB_URBAN,ROAD,4,11.0
31583,8,2,174,2,9,60.0,0,I,RURAL_VICTORIA,OTHER,12,15.0
31584,4,7,171,2,3,60.0,0,I,MELB_URBAN,OTHER,4,0.0
31585,1,4,147,5,1,60.0,0,N,MELB_URBAN,STREET,4,15.0
31586,1,6,132,2,1,60.0,0,I,MELB_URBAN,STREET,4,15.0
31587,2,7,99,2,1,60.0,0,I,MELB_URBAN,STREET,4,14.0
31588,1,7,121,2,1,50.0,0,I,MELB_URBAN,OTHER,4,15.0
31589,6,7,99,5,1,100.0,0,N,RURAL_VICTORIA,ROAD,4,15.0
31590,4,7,173,5,1,100.0,0,N,RURAL_VICTORIA,ROAD,4,12.0
31591,2,6,100,2,2,60.0,0,I,MELB_URBAN,PARADE,4,18.0
31592,4,7,183,5,1,100.0,0,N,RURAL_VICTORIA,HIGHWAY,4,11.0
31593,1,7,130,2,1,50.0,0,I,MELB_URBAN,HIGHWAY,4,12.0
31594,8,7,170,5,2,100.0,0,N,RURAL_VICTORIA,HIGHWAY,4,19.0
31595,1,7,110,1,3,70.0,0,I,MELB_URBAN,HIGHWAY,4,18.0
31596,4,7,183,2,3,60.0,0,I,MELB_URBAN,STREET,4,20.0
31597,4,7,171,5,1,100.0,0,N,RURAL_VICTORIA,HIGHWAY,4,16.0
31598,1,7,113,2,3,70.0,0,N,MELB_URBAN,ROAD,4,20.0
31599,3,7,167,5,5,100.0,0,N,RURAL_VICTORIA,OTHER,4,21.0
31600,1,1,99,2,6,60.0,0,I,LARGE_PROVINCIAL_CITIES,AVENUE,4,1.0
31601,1,1,130,5,3,70.0,0,N,MELB_URBAN,ROAD,4,2.0
31602,1,1,160,5,5,100.0,0,N,MELB_URBAN,ROAD,4,3.0
31603,1,7,99,4,3,60.0,0,I,MELB_URBAN,ROAD,4,23.0
31604,4,1,173,5,2,60.0,0,N,MELB_URBAN,ROAD,4,5.0
31605,4,1,99,5,2,100.0,0,N,RURAL_VICTORIA,ROAD,4,5.0
31606,1,7,99,2,1,80.0,0,N,MELB_URBAN,ROAD,4,12.0
31607,4,1,173,2,1,50.0,0,I,SMALL_CITIES,STREET,4,8.0
31608,1,1,130,2,1,70.0,0,N,MELB_URBAN,ROAD,4,9.0
31609,1,3,113,1,2,70.0,0,I,MELB_URBAN,STREET,4,7.0
31610,1,6,132,2,2,60.0,0,I,MELB_URBAN,ROAD,4,17.0
31611,6,1,99,2,1,100.0,0,I,RURAL_VICTORIA,ROAD,4,12.0
31612,1,1,111,2,1,60.0,0,I,MELB_URBAN,STREET,4,13.0
31613,1,7,110,1,1,60.0,0,I,MELB_URBAN,ROAD,4,16.0
31614,7,7,184,5,1,100.0,0,N,RURAL_VICTORIA,ROAD,4,14.0
31615,1,1,120,5,1,80.0,0,N,RURAL_VICTORIA,OTHER,4,13.0
31616,1,5,163,5,2,60.0,0,I,MELB_URBAN,ROAD,3,17.0
31617,1,1,147,5,1,60.0,0,N,MELB_URBAN,PARADE,4,14.0
31618,4,1,181,2,1,100.0,0,N,RURAL_VICTORIA,ROAD,4,14.0
31619,1,2,130,1,1,60.0,0,I,MELB_URBAN,ROAD,2,8.0
31620,1,0,121,2,1,80.0,0,N,MELB_URBAN,ROAD,4,14.0
31621,8,1,184,5,1,100.0,0,N,RURAL_VICTORIA,ROAD,4,15.0
31622,1,1,99,1,1,40.0,0,I,MELBOURNE_CBD,STREET,4,16.0
31623,1,7,110,1,1,70.0,0,I,MELB_URBAN,HIGHWAY,4,13.0
31624,1,1,113,2,2,70.0,0,I,MELB_URBAN,ROAD,4,17.0
31625,2,1,100,1,2,50.0,0,I,LARGE_PROVINCIAL_CITIES,STREET,4,18.0
31626,4,4,171,5,1,50.0,0,N,MELB_URBAN,ROAD,4,16.0
31627,1,1,121,2,1,100.0,1,N,RURAL_VICTORIA,ROAD,4,14.0
31628,1,1,147,5,2,70.0,0,N,LARGE_PROVINCIAL_CITIES,ROAD,4,17.0
31629,4,1,171,5,2,100.0,0,N,RURAL_VICTORIA,ROAD,4,19.0
31630,4,1,171,5,1,60.0,0,N,LARGE_PROVINCIAL_CITIES,HIGHWAY,4,15.0
31631,1,5,99,1,1,60.0,0,I,LARGE_PROVINCIAL_CITIES,ROAD,2,16.0
31632,1,1,147,2,3,70.0,0,N,MELB_URBAN,ROAD,4,18.0
31633,1,7,121,2,3,60.0,0,I,MELB_URBAN,ROAD,4,19.0
31634,1,1,147,5,2,60.0,0,N,MELB_URBAN,STREET,4,18.0
31635,8,0,170,5,1,80.0,0,N,SMALL_TOWNS,HIGHWAY,4,19.0
31636,1,0,135,1,1,60.0,0,I,MELB_URBAN,ROAD,4,14.0
31637,4,1,183,5,2,80.0,0,N,RURAL_VICTORIA,ROAD,4,19.0
31638,2,2,99,5,1,60.0,0,N,MELB_URBAN,STREET,4,12.0
31639,1,6,99,5,1,30.0,0,N,MELB_URBAN,STREET,4,13.0
31640,2,2,100,2,2,60.0,0,N,MELB_URBAN,ROAD,4,6.0
31641,1,2,147,5,2,60.0,0,N,MELB_URBAN,STREET,4,7.0
31642,1,1,116,1,1,80.0,0,I,RURAL_VICTORIA,ROAD,4,13.0
31643,1,2,147,5,1,60.0,0,N,MELB_URBAN,STREET,4,9.0
31644,6,6,170,2,1,60.0,0,I,TOWNS,ROAD,4,10.0
31645,6,2,170,2,1,60.0,0,I,MELB_URBAN,ROAD,4,11.0
31646,1,3,130,5,2,100.0,0,N,MELB_URBAN,RAMP,3,17.0
31647,1,2,99,1,1,60.0,0,I,MELB_URBAN,ROAD,4,10.0
31648,1,2,147,5,1,60.0,0,N,LARGE_PROVINCIAL_CITIES,STREET,4,12.0
31649,1,2,113,2,1,80.0,0,I,MELB_URBAN,ROAD,4,8.0
31650,1,2,130,1,1,50.0,0,I,MELB_URBAN,STREET,4,10.0
31651,2,2,99,2,1,40.0,0,I,MELB_URBAN,ROAD,4,12.0
31652,4,7,171,2,3,60.0,0,I,LARGE_PROVINCIAL_CITIES,STREET,3,22.0
31653,6,2,99,5,1,100.0,0,N,RURAL_VICTORIA,ROAD,4,10.0
31654,1,1,99,5,6,50.0,0,N,MELB_URBAN,ROAD,4,22.0
31655,1,2,121,1,1,60.0,0,I,LARGE_PROVINCIAL_CITIES,ROAD,4,12.0
31656,1,2,147,1,1,50.0,0,N,MELB_URBAN,STREET,4,14.0
31657,2,2,100,1,1,50.0,0,I,MELB_URBAN,ROAD,4,14.0
31658,1,2,160,5,1,50.0,0,N,SMALL_CITIES,DRIVE,4,15.0
31659,4,7,171,5,1,60.0,0,N,LARGE_PROVINCIAL_CITIES,STREET,4,16.0
31660,1,4,130,1,2,70.0,0,I,LARGE_PROVINCIAL_CITIES,ROAD,4,17.0
31661,1,2,99,2,1,60.0,0,I,MELB_URBAN,ROAD,4,14.0
31662,1,2,130,5,1,100.0,0,N,MELB_URBAN,FREEWAY,4,15.0
31663,2,2,99,5,2,50.0,0,N,MELB_URBAN,OTHER,4,17.0
31664,1,2,110,1,1,50.0,0,I,MELB_URBAN,ROAD,4,16.0
31665,1,2,130,1,2,80.0,0,I,MELB_URBAN,HIGHWAY,4,18.0
31666,1,2,99,5,5,100.0,0,N,SMALL_TOWNS,FREEWAY,4,18.0
31667,1,2,99,1,1,60.0,0,I,MELB_URBAN,ROAD,4,13.0
31668,2,1,102,1,2,60.0,0,I,MELB_URBAN,ROAD,4,19.0
31669,1,2,134,2,1,40.0,0,I,MELB_URBAN,ROAD,4,15.0
31670,1,2,113,2,3,60.0,0,I,MELB_URBAN,ROAD,4,20.0
31671,8,2,99,5,5,80.0,0,N,MELB_URBAN,ROAD,4,5.0
31672,6,3,184,5,6,50.0,0,N,MELB_URBAN,DRIVE,4,20.0
31673,2,2,99,5,3,60.0,0,N,MELB_URBAN,ROAD,4,23.0
31674,1,1,110,1,1,60.0,0,I,MELB_URBAN,ROAD,4,14.0
31675,1,2,130,1,1,60.0,0,I,MELB_URBAN,ROAD,4,13.0
31676,4,3,99,2,1,60.0,0,I,SMALL_CITIES,ROAD,4,10.0
31677,1,5,130,5,1,60.0,0,N,MELB_URBAN,ROAD,4,16.0
31678,2,5,99,5,1,60.0,0,N,MELB_URBAN,OTHER,3,11.0
31679,4,1,171,5,1,80.0,0,N,MELB_URBAN,ROAD,12,11.0
31680,1,3,134,1,1,60.0,0,I,MELB_URBAN,STREET,4,10.0
31681,6,7,99,5,1,80.0,0,N,RURAL_VICTORIA,HIGHWAY,3,16.0
31682,4,1,181,5,5,100.0,0,N,RURAL_VICTORIA,ROAD,1,4.0
31683,1,2,130,5,2,60.0,0,N,TOWNS,STREET,4,6.0
31684,1,1,130,2,1,60.0,0,I,MELB_URBAN,ROAD,4,12.0
31685,1,3,120,5,1,70.0,0,N,RURAL_VICTORIA,ROAD,4,10.0
31686,1,2,110,1,1,50.0,0,I,TOWNS,STREET,3,8.0
31687,1,3,113,2,1,50.0,0,I,MELB_URBAN,ROAD,4,12.0
31688,1,3,130,1,2,80.0,0,I,MELB_URBAN,ROAD,4,17.0
31689,1,3,130,1,1,50.0,0,I,MELB_URBAN,STREET,4,13.0
31690,1,3,130,5,1,60.0,0,N,MELB_URBAN,ROAD,4,13.0
31691,1,5,130,1,1,60.0,0,I,MELB_URBAN,ROAD,3,11.0
31692,1,3,110,1,1,60.0,0,I,SMALL_CITIES,STREET,4,8.0
31693,8,3,174,1,1,40.0,0,I,MELBOURNE_CBD,STREET,4,14.0
31694,1,3,133,1,1,70.0,0,I,SMALL_CITIES,ROAD,4,14.0
31695,4,2,171,5,3,70.0,0,N,MELB_URBAN,ROAD,4,20.0
31696,1,4,130,4,2,80.0,0,I,MELB_URBAN,RAMP,3,5.0
31697,1,3,113,2,1,80.0,0,I,MELB_URBAN,ROAD,4,14.0
31698,2,3,99,5,1,50.0,0,N,SMALL_CITIES,OTHER,4,15.0
31699,1,3,110,1,9,50.0,0,I,MELB_URBAN,AVENUE,4,16.0