,accident_type,day_of_week,dca_code,road_geometry,light_condition,speed_zone,severity,node_type,deg_urban_name,road_type,month,hour
31700,2,6,99,5,2,40.0,0,N,MELB_URBAN,ROAD,3,19.0
31701,1,3,130,5,1,100.0,1,N,MELB_URBAN,ROAD,4,14.0
31702,1,3,99,1,2,80.0,0,I,MELB_URBAN,ROAD,4,17.0
31703,1,2,130,1,1,60.0,0,I,MELB_URBAN,ROAD,4,16.0
31704,1,6,140,2,3,40.0,0,I,MELB_URBAN,STREET,4,6.0
31705,2,2,102,1,3,60.0,0,I,MELB_URBAN,ROAD,4,22.0
31706,1,3,110,1,2,50.0,0,I,MELB_URBAN,ROAD,4,18.0
31707,1,3,130,5,2,100.0,0,N,MELB_URBAN,ROAD,4,18.0
31708,1,3,120,5,1,60.0,0,N,MELB_URBAN,ROAD,4,15.0
31709,1,4,147,5,3,80.0,0,N,MELB_URBAN,ROAD,4,3.0
31710,1,6,110,1,2,90.0,0,I,RURAL_VICTORIA,DRIVE,4,7.0
31711,8,4,170,5,5,100.0,0,N,RURAL_VICTORIA,ROAD,4,3.0
31712,6,5,99,5,1,60.0,0,N,RURAL_VICTORIA,ROAD,4,10.0
31713,1,3,110,1,1,80.0,0,I,MELB_URBAN,ROAD,4,10.0
31714,1,4,110,1,2,40.0,0,I,MELB_URBAN,STREET,4,7.0
31715,1,5,132,2,1,60.0,0,I,MELB_URBAN,ROAD,4,16.0
31716,8,0,184,5,1,60.0,0,N,RURAL_VICTORIA,ROAD,4,14.0
31717,1,7,110,1,1,100.0,0,I,RURAL_VICTORIA,ROAD,2,16.0
31718,5,6,99,5,5,100.0,0,N,RURAL_VICTORIA,ROAD,3,7.0
31719,1,4,120,5,1,50.0,0,N,MELB_URBAN,ROAD,4,10.0
31720,1,4,111,2,6,70.0,0,I,MELB_URBAN,STREET,4,21.0
31721,1,4,99,5,1,40.0,0,N,MELBOURNE_CBD,STREET,4,11.0
31722,1,4,99,5,1,60.0,0,N,MELB_URBAN,BOULEVARD,4,10.0
31723,1,4,130,1,1,60.0,0,I,MELB_URBAN,ROAD,2,17.0
31724,1,2,130,2,2,80.0,0,I,MELB_URBAN,HIGHWAY,3,6.0
31725,4,5,183,5,1,80.0,0,N,RURAL_VICTORIA,ROAD,4,14.0
31726,1,6,130,1,1,40.0,0,I,LARGE_PROVINCIAL_CITIES,ROAD,3,13.0
31727,1,4,120,5,1,100.0,0,N,RURAL_VICTORIA,HIGHWAY,4,11.0
31728,1,6,130,2,1,60.0,0,I,MELB_URBAN,ROAD,4,8.0
31729,1,6,99,2,2,40.0,0,I,MELB_URBAN,STREET,3,7.0
31730,1,4,116,2,1,70.0,0,N,MELB_URBAN,ROAD,4,13.0
31731,1,3,121,2,2,60.0,0,I,SMALL_CITIES,STREET,4,18.0
31732,1,4,113,1,1,80.0,0,I,MELB_URBAN,HIGHWAY,4,14.0
31733,1,4,99,1,1,60.0,0,I,RURAL_VICTORIA,STREET,4,16.0
31734,1,4,130,5,2,60.0,0,N,MELB_URBAN,ROAD,4,16.0
31735,4,4,99,5,1,100.0,0,N,RURAL_VICTORIA,ROAD,4,14.0
31736,2,5,99,5,2,80.0,0,N,MELB_URBAN,ROAD,4,17.0
31737,4,4,99,2,1,50.0,0,I,MELB_URBAN,ROAD,4,15.0
31738,1,4,113,2,1,100.0,0,I,MELB_URBAN,HIGHWAY,4,16.0
31739,8,4,174,5,2,50.0,0,N,MELB_URBAN,STREET,4,17.0
31740,4,4,183,5,1,50.0,0,N,SMALL_CITIES,STREET,4,16.0
31741,1,4,130,1,1,70.0,0,N,MELB_URBAN,ROAD,4,15.0
31742,2,3,100,2,1,60.0,0,I,MELB_URBAN,ROAD,4,17.0
31743,4,4,181,5,2,100.0,0,N,RURAL_VICTORIA,ROAD,4,17.0
31744,1,4,121,2,1,80.0,0,I,SMALL_CITIES,DRIVE,4,15.0
31745,4,4,183,5,5,110.0,0,N,RURAL_VICTORIA,HIGHWAY,4,20.0
31746,2,4,99,5,3,60.0,0,N,MELB_URBAN,STREET,4,21.0
31747,3,5,167,5,5,100.0,0,N,RURAL_VICTORIA,HIGHWAY,4,0.0
31748,4,5,171,5,3,50.0,0,N,LARGE_PROVINCIAL_CITIES,STREET,4,4.0
31749,4,4,171,1,1,70.0,0,I,SMALL_CITIES,STREET,4,14.0
31750,4,5,171,5,5,100.0,0,N,RURAL_VICTORIA,ROAD,4,5.0
31751,1,4,130,5,5,110.0,0,N,RURAL_VICTORIA,FREEWAY,4,21.0
31752,4,5,183,5,1,100.0,0,N,RURAL_VICTORIA,ROAD,4,8.0
31753,2,5,100,1,1,50.0,0,I,MELB_URBAN,STREET,4,8.0
31754,6,5,184,5,1,100.0,0,N,TOWNS,ROAD,3,9.0
31755,1,5,120,2,2,60.0,0,I,MELB_URBAN,ROAD,4,7.0
31756,1,3,111,1,2,60.0,0,I,MELB_URBAN,ROAD,3,18.0
31757,2,5,100,2,1,40.0,0,I,MELB_URBAN,ROAD,4,10.0
31758,4,5,99,5,1,50.0,0,N,SMALL_CITIES,STREET,4,15.0
31759,4,5,173,2,1,40.0,0,I,SMALL_CITIES,OTHER,4,10.0
31760,1,4,130,2,3,70.0,0,N,MELB_URBAN,ROAD,4,19.0
31761,1,2,130,5,1,60.0,0,N,MELB_URBAN,ROAD,4,9.0
31762,1,5,113,2,1,70.0,0,I,MELB_URBAN,ROAD,4,13.0
31763,1,5,110,1,1,60.0,0,I,MELB_URBAN,PARADE,4,13.0
31764,2,5,99,5,1,50.0,0,N,MELB_URBAN,AVENUE,4,8.0
31765,1,2,99,5,1,50.0,0,N,LARGE_PROVINCIAL_CITIES,STREET,3,13.0
31766,1,5,130,4,1,80.0,0,N,MELB_URBAN,HIGHWAY,4,14.0
31767,1,5,147,5,1,60.0,0,N,MELB_URBAN,ROAD,4,14.0
31768,1,2,147,5,1,50.0,0,N,TOWNS,STREET,4,14.0
31769,2,5,99,1,1,40.0,0,I,MELBOURNE_CBD,OTHER,4,13.0
31770,1,4,99,5,1,40.0,0,N,MELBOURNE_CBD,OTHER,3,16.0
31771,1,5,116,1,2,50.0,0,I,MELB_URBAN,DRIVE,4,5.0
31772,8,4,184,5,1,100.0,0,N,RURAL_VICTORIA,ROAD,11,10.0
31773,1,6,130,5,1,70.0,0,N,MELB_URBAN,ROAD,4,10.0
31774,1,5,111,1,2,100.0,0,I,RURAL_VICTORIA,STREET,4,17.0
31775,8,5,99,2,1,50.0,0,I,MELB_URBAN,STREET,4,16.0
31776,1,6,110,1,2,50.0,0,I,MELB_URBAN,ROAD,4,7.0
31777,1,5,121,1,1,80.0,0,I,MELB_URBAN,ROAD,4,16.0
31778,4,5,99,2,1,70.0,0,N,MELB_URBAN,ROAD,4,15.0
31779,1,5,130,5,1,100.0,0,N,MELB_URBAN,UNKNOWN,4,15.0
31780,1,5,132,2,2,60.0,0,I,TOWNS,ROAD,4,18.0
31781,1,5,99,5,2,100.0,0,N,MELB_URBAN,ROAD,4,17.0
31782,4,5,171,5,2,100.0,0,N,RURAL_VICTORIA,ROAD,4,17.0
31783,4,5,171,5,2,60.0,0,N,MELB_URBAN,ROAD,4,18.0
31784,1,5,120,5,5,100.0,0,N,RURAL_VICTORIA,ROAD,4,20.0
31785,1,5,99,5,2,60.0,0,N,MELB_URBAN,ROAD,4,6.0
31786,1,5,111,1,3,80.0,0,I,MELB_URBAN,ROAD,4,23.0
31787,7,5,99,1,3,70.0,0,I,MELB_URBAN,ROAD,4,21.0
31788,3,6,167,5,5,100.0,0,N,RURAL_VICTORIA,ROAD,4,1.0
31789,4,6,171,5,5,80.0,0,N,RURAL_VICTORIA,ROAD,4,3.0
31790,1,4,133,1,2,50.0,0,I,MELB_URBAN,STREET,3,17.0
31791,8,5,170,5,1,60.0,0,N,RURAL_VICTORIA,ROAD,4,13.0
31792,4,5,181,5,5,100.0,0,N,RURAL_VICTORIA,ROAD,4,22.0
31793,3,4,167,5,1,100.0,0,N,RURAL_VICTORIA,ROAD,4,14.0
31794,8,6,184,5,1,60.0,0,N,RURAL_VICTORIA,ROAD,4,10.0
31795,1,7,163,5,9,60.0,0,N,MELB_URBAN,STREET,4,12.0
31796,1,6,110,1,1,100.0,0,I,RURAL_VICTORIA,OTHER,4,10.0
31797,4,6,173,5,1,100.0,0,N,RURAL_VICTORIA,ROAD,4,13.0
31798,1,5,130,5,3,100.0,0,N,MELB_URBAN,FREEWAY,4,19.0
31799,4,6,183,5,1,80.0,0,N,RURAL_VICTORIA,ROAD,4,12.0
31800,1,5,130,5,1,100.0,0,N,MELB_URBAN,UNKNOWN,4,12.0
31801,4,6,183,5,1,60.0,0,N,RURAL_VICTORIA,ROAD,4,11.0
31802,6,1,174,5,1,60.0,0,N,TOWNS,ROAD,2,16.0
31803,4,6,183,5,1,70.0,0,N,RURAL_VICTORIA,ROAD,4,12.0
31804,1,6,110,1,1,60.0,0,I,LARGE_PROVINCIAL_CITIES,STREET,4,13.0
31805,1,5,116,1,2,60.0,0,I,MELB_URBAN,UNKNOWN,4,19.0
31806,2,1,100,2,1,50.0,0,I,LARGE_PROVINCIAL_CITIES,ROAD,1,17.0
31807,1,5,130,5,1,60.0,0,N,SMALL_CITIES,STREET,4,10.0
31808,1,5,111,2,1,60.0,0,N,MELB_URBAN,ROAD,4,15.0
31809,2,6,99,5,5,60.0,0,N,RURAL_VICTORIA,ROAD,4,5.0
31810,1,1,121,1,3,80.0,0,I,MELB_URBAN,ROAD,4,19.0
31811,1,6,113,1,1,80.0,0,I,RURAL_VICTORIA,ROAD,4,14.0
31812,1,6,110,1,1,70.0,0,I,MELB_URBAN,ROAD,4,14.0
31813,1,5,163,5,1,50.0,0,N,MELB_URBAN,STREET,4,15.0
31814,4,6,173,2,2,60.0,0,I,MELB_URBAN,ROAD,4,17.0
31815,1,5,130,1,1,100.0,0,N,RURAL_VICTORIA,ROAD,4,15.0
31816,1,6,121,2,3,60.0,0,I,MELB_URBAN,ROAD,4,21.0
31817,1,6,110,1,3,60.0,0,I,MELB_URBAN,STREET,4,22.0
31818,1,6,110,1,3,40.0,0,I,MELB_URBAN,STREET,4,23.0
31819,4,6,183,5,3,80.0,0,N,MELB_URBAN,ROAD,4,23.0
31820,4,7,171,1,3,50.0,0,I,MELB_URBAN,PARADE,4,1.0
31821,4,7,181,2,3,60.0,0,I,TOWNS,STREET,4,1.0
31822,4,7,99,5,2,60.0,0,N,MELB_URBAN,ROAD,4,5.0
31823,4,7,173,2,3,80.0,0,I,MELB_URBAN,HIGHWAY,4,4.0
31824,1,2,110,1,1,60.0,0,N,LARGE_PROVINCIAL_CITIES,STREET,4,9.0
31825,4,7,171,1,2,60.0,0,I,MELB_URBAN,BOULEVARD,4,6.0
31826,4,7,181,5,1,60.0,0,N,MELB_URBAN,UNKNOWN,4,8.0
31827,4,7,181,5,2,100.0,0,N,RURAL_VICTORIA,ROAD,4,7.0
31828,8,7,99,5,1,60.0,0,N,MELB_URBAN,OTHER,2,9.0
31829,1,5,130,1,1,80.0,0,I,LARGE_PROVINCIAL_CITIES,HIGHWAY,4,8.0
31830,2,4,100,1,1,60.0,0,I,MELB_URBAN,HIGHWAY,4,9.0
31831,3,7,167,5,5,100.0,0,N,RURAL_VICTORIA,ROAD,4,0.0
31832,1,7,160,5,1,60.0,0,N,MELB_URBAN,DRIVE,4,9.0
31833,1,7,130,2,1,80.0,0,I,MELB_URBAN,ROAD,4,12.0
31834,1,4,130,5,1,70.0,0,N,MELB_URBAN,ROAD,4,15.0
31835,4,7,181,5,1,70.0,0,N,RURAL_VICTORIA,ROAD,4,10.0
31836,6,6,99,5,5,100.0,0,N,RURAL_VICTORIA,HIGHWAY,4,20.0
31837,1,7,113,2,1,80.0,0,I,MELB_URBAN,HIGHWAY,4,14.0
31838,1,7,99,1,1,40.0,0,I,MELBOURNE_CBD,STREET,4,15.0
31839,1,7,113,2,1,60.0,0,I,MELB_URBAN,ROAD,4,15.0
31840,4,7,183,5,1,100.0,0,N,RURAL_VICTORIA,ROAD,4,14.0
31841,8,7,184,5,1,80.0,0,N,RURAL_VICTORIA,ROAD,4,11.0
31842,1,6,130,5,2,80.0,0,N,MELB_URBAN,ROAD,4,18.0
31843,1,7,121,2,1,60.0,0,I,MELB_URBAN,AVENUE,4,12.0
31844,4,7,171,5,1,50.0,0,N,MELB_URBAN,AVENUE,4,13.0
31845,4,7,183,5,2,80.0,0,N,RURAL_VICTORIA,ROAD,4,18.0
31846,1,6,132,2,2,60.0,0,I,MELB_URBAN,ROAD,4,19.0
31847,4,7,171,5,3,50.0,0,N,MELB_URBAN,OTHER,4,17.0
31848,4,7,171,5,1,100.0,0,N,RURAL_VICTORIA,ROAD,4,13.0
31849,4,7,173,1,1,40.0,0,I,MELB_URBAN,STREET,4,14.0
31850,4,6,183,5,1,50.0,0,N,LARGE_PROVINCIAL_CITIES,ROAD,3,16.0
31851,1,7,130,2,3,70.0,0,N,MELB_URBAN,ROAD,4,22.0
31852,3,7,167,5,5,100.0,0,N,RURAL_VICTORIA,HIGHWAY,4,22.0
31853,4,1,173,5,3,60.0,0,N,LARGE_PROVINCIAL_CITIES,ROAD,4,1.0
31854,1,1,140,1,3,60.0,0,N,MELB_URBAN,ROAD,4,3.0
31855,2,1,99,5,3,60.0,1,N,MELB_URBAN,ROAD,4,0.0
31856,3,7,167,5,1,100.0,0,N,RURAL_VICTORIA,HIGHWAY,4,14.0
31857,1,1,160,5,2,60.0,0,N,MELB_URBAN,ROAD,4,7.0
31858,1,2,140,5,2,50.0,0,N,SMALL_CITIES,STREET,4,17.0
31859,4,1,173,5,1,80.0,0,N,MELB_URBAN,OTHER,4,8.0
31860,4,1,171,5,1,80.0,0,N,MELB_URBAN,ROAD,4,10.0
31861,4,1,99,5,1,60.0,0,N,MELB_URBAN,ROAD,4,9.0
31862,1,6,121,1,2,70.0,0,I,MELB_URBAN,ROAD,4,17.0
31863,4,1,171,5,1,80.0,0,N,RURAL_VICTORIA,ROAD,4,10.0
31864,4,1,171,2,1,70.0,0,I,TOWNS,HIGHWAY,4,12.0
31865,1,5,121,1,2,60.0,0,I,MELB_URBAN,ROAD,3,21.0
31866,2,1,102,5,1,60.0,0,N,SMALL_CITIES,ROAD,4,15.0
31867,1,1,132,2,1,60.0,0,I,LARGE_PROVINCIAL_CITIES,ROAD,4,15.0
31868,4,1,173,5,1,100.0,0,N,RURAL_VICTORIA,OTHER,4,11.0
31869,1,1,111,2,1,50.0,0,N,MELB_URBAN,STREET,4,15.0
31870,1,1,140,5,1,80.0,0,N,MELB_URBAN,ROAD,4,16.0
31871,1,1,113,2,2,60.0,0,I,MELB_URBAN,OTHER,4,19.0
31872,4,1,173,5,1,60.0,0,N,RURAL_VICTORIA,OTHER,4,16.0
31873,1,1,113,2,3,60.0,0,N,MELB_URBAN,OTHER,4,21.0
31874,1,7,113,2,2,60.0,0,I,MELB_URBAN,ROAD,4,19.0
31875,4,2,171,5,3,80.0,0,N,MELB_URBAN,ROAD,4,2.0
31876,1,2,120,6,3,50.0,0,N,MELB_URBAN,OTHER,4,3.0
31877,4,1,173,5,1,50.0,0,N,MELB_URBAN,STREET,4,14.0
31878,1,1,99,5,2,100.0,0,N,RURAL_VICTORIA,ROAD,4,17.0
31879,1,2,99,1,1,60.0,0,I,MELB_URBAN,AVENUE,4,9.0
31880,1,2,99,5,1,80.0,0,N,RURAL_VICTORIA,ROAD,4,10.0
31881,1,2,130,2,1,60.0,0,I,SMALL_CITIES,STREET,4,12.0
31882,1,2,130,5,1,60.0,0,N,RURAL_VICTORIA,ROAD,4,10.0
31883,1,2,116,9,1,70.0,0,I,MELB_URBAN,ROAD,4,10.0
31884,8,0,99,5,1,100.0,0,N,RURAL_VICTORIA,OTHER,4,16.0
31885,6,7,99,5,9,60.0,0,N,RURAL_VICTORIA,ROAD,4,21.0
31886,1,2,133,5,2,70.0,0,N,MELB_URBAN,ROAD,4,7.0
31887,1,2,132,5,1,80.0,0,N,RURAL_VICTORIA,ROAD,4,14.0
31888,6,2,174,1,1,40.0,0,I,MELB_URBAN,ROAD,4,14.0
31889,1,4,140,5,1,60.0,0,N,SMALL_CITIES,ROAD,10,11.0
31890,2,2,99,5,1,50.0,0,N,SMALL_CITIES,STREET,4,14.0
31891,1,1,121,1,1,80.0,0,I,MELB_URBAN,ROAD,4,11.0
31892,1,2,110,1,1,50.0,0,I,MELB_URBAN,STREET,4,14.0
31893,1,2,121,2,9,60.0,0,I,MELB_URBAN,ROAD,3,16.0
31894,7,2,174,2,2,50.0,0,I,MELB_URBAN,ROAD,4,17.0
31895,1,2,163,1,2,40.0,0,I,MELB_URBAN,STREET,4,18.0
31896,4,1,183,5,1,100.0,0,N,RURAL_VICTORIA,ROAD,4,16.0
31897,1,2,121,1,2,40.0,0,I,MELBOURNE_CBD,STREET,4,18.0
31898,4,2,173,5,1,110.0,0,N,RURAL_VICTORIA,HIGHWAY,4,13.0
31899,1,2,130,1,1,100.0,0,I,RURAL_VICTORIA,FREEWAY,4,16.0
31900,1,2,110,1,5,100.0,0,I,RURAL_VICTORIA,ROAD,4,19.0
31901,1,4,130,5,2,60.0,0,N,MELB_URBAN,ROAD,4,7.0
31902,1,2,110,1,2,40.0,0,I,MELB_URBAN,ROAD,4,19.0
31903,4,2,171,2,2,100.0,0,I,RURAL_VICTORIA,HIGHWAY,4,5.0
31904,4,2,173,5,5,100.0,0,N,RURAL_VICTORIA,ROAD,4,20.0
31905,1,7,130,2,9,80.0,0,I,MELB_URBAN,HIGHWAY,2,12.0
31906,1,3,99,5,3,60.0,0,N,MELB_URBAN,HIGHWAY,4,1.0
31907,1,3,110,1,3,60.0,0,I,MELB_URBAN,ROAD,4,4.0
31908,8,4,174,5,2,80.0,0,N,MELB_URBAN,ROAD,4,18.0
31909,1,3,121,2,1,60.0,0,I,MELB_URBAN,ROAD,4,8.0
31910,1,3,99,2,1,60.0,0,I,MELB_URBAN,STREET,4,8.0
31911,6,2,99,5,2,110.0,0,N,RURAL_VICTORIA,FREEWAY,4,19.0
31912,1,5,130,1,1,50.0,0,I,LARGE_PROVINCIAL_CITIES,STREET,4,16.0
31913,2,3,99,5,1,60.0,0,N,SMALL_CITIES,STREET,4,9.0
31914,1,3,135,5,1,100.0,0,N,MELB_URBAN,ROAD,4,11.0
31915,1,3,135,5,1,40.0,0,N,MELB_URBAN,ROAD,4,11.0
31916,1,2,130,1,1,60.0,0,I,MELB_URBAN,STREET,4,13.0
31917,8,5,174,2,3,50.0,0,I,MELB_URBAN,STREET,4,20.0
31918,1,3,110,1,1,50.0,0,I,SMALL_CITIES,ROAD,4,13.0
31919,1,2,130,2,1,60.0,0,I,RURAL_VICTORIA,HIGHWAY,4,8.0
31920,3,3,167,5,1,80.0,0,N,RURAL_VICTORIA,HIGHWAY,4,13.0
31921,1,7,130,5,1,60.0,0,N,MELB_URBAN,BOULEVARD,4,16.0
31922,1,3,99,2,1,80.0,0,I,MELB_URBAN,ROAD,4,13.0
31923,1,5,132,2,1,60.0,0,I,MELB_URBAN,STREET,3,11.0
31924,1,3,121,2,1,80.0,0,I,MELB_URBAN,ROAD,4,14.0
31925,4,3,171,5,1,100.0,0,N,MELB_URBAN,ROAD,4,13.0
31926,8,7,174,2,4,100.0,0,I,RURAL_VICTORIA,ROAD,4,20.0
31927,1,3,130,9,1,70.0,0,N,RURAL_VICTORIA,ROAD,4,16.0
31928,2,3,102,5,2,60.0,0,N,MELB_URBAN,ROAD,4,17.0
31929,1,3,147,5,2,40.0,0,N,SMALL_CITIES,OTHER,4,17.0
31930,1,3,163,2,1,60.0,0,I,MELB_URBAN,ROAD,4,16.0
31931,7,6,174,3,1,60.0,0,I,RURAL_VICTORIA,ROAD,4,14.0
31932,3,3,167,5,1,50.0,0,N,TOWNS,STREET,4,16.0
31933,1,3,110,1,1,50.0,0,I,MELB_URBAN,OTHER,4,8.0
31934,1,5,130,1,2,60.0,0,I,MELB_URBAN,STREET,4,19.0
31935,1,3,121,2,1,50.0,0,N,MELB_URBAN,ROAD,2,9.0
31936,1,3,130,1,3,70.0,0,I,MELB_URBAN,ROAD,4,21.0
31937,4,3,183,2,5,100.0,0,I,RURAL_VICTORIA,HIGHWAY,4,19.0
31938,1,3,121,2,2,80.0,0,I,MELB_URBAN,ROAD,4,18.0
31939,1,1,113,2,1,70.0,0,I,MELB_URBAN,ROAD,4,14.0
31940,1,4,113,1,2,100.0,0,I,MELB_URBAN,ROAD,4,6.0
31941,1,2,130,5,1,60.0,0,N,SMALL_CITIES,STREET,4,14.0
31942,1,4,121,5,1,70.0,0,N,MELB_URBAN,ROAD,4,8.0
31943,1,4,160,5,2,50.0,0,N,TOWNS,OTHER,4,7.0
31944,1,4,121,5,1,60.0,0,N,MELB_URBAN,ROAD,4,8.0
31945,2,6,100,1,1,50.0,0,I,MELB_URBAN,STREET,7,10.0
31946,1,4,130,5,1,80.0,0,N,SMALL_CITIES,HIGHWAY,4,9.0
31947,1,4,130,2,1,40.0,0,I,MELB_URBAN,HIGHWAY,4,9.0
31948,4,4,173,1,2,50.0,0,I,TOWNS,STREET,4,7.0
31949,6,4,174,5,2,100.0,0,N,RURAL_VICTORIA,ROAD,4,5.0
31950,6,1,184,5,1,100.0,0,N,RURAL_VICTORIA,ROAD,3,14.0
31951,1,3,130,1,1,60.0,0,I,MELB_URBAN,ROAD,4,14.0
31952,4,6,171,5,1,100.0,0,N,RURAL_VICTORIA,ROAD,4,12.0
31953,1,7,130,1,1,60.0,0,I,MELB_URBAN,ROAD,7,15.0
31954,1,4,113,2,1,60.0,0,I,MELB_URBAN,STREET,4,9.0
31955,1,4,134,2,1,60.0,0,N,MELB_URBAN,ROAD,4,10.0
31956,1,4,120,1,1,100.0,0,I,RURAL_VICTORIA,HIGHWAY,4,11.0
31957,1,1,121,1,1,80.0,0,I,MELB_URBAN,ROAD,4,11.0
31958,1,7,130,1,1,60.0,0,I,MELB_URBAN,ROAD,2,16.0
31959,1,1,130,5,2,80.0,0,N,MELB_URBAN,UNKNOWN,4,19.0
31960,1,5,99,2,3,60.0,0,I,MELB_URBAN,ROAD,4,21.0
31961,5,6,99,5,1,60.0,0,N,RURAL_VICTORIA,ROAD,4,9.0
31962,1,4,113,2,1,60.0,0,I,MELB_URBAN,STREET,4,14.0
31963,8,4,99,5,1,70.0,0,N,MELB_URBAN,ROAD,4,14.0
31964,1,3,133,2,2,70.0,0,I,MELB_URBAN,ROAD,4,18.0
31965,4,3,171,5,1,100.0,0,N,RURAL_VICTORIA,ROAD,4,13.0
31966,6,1,184,5,1,60.0,0,N,RURAL_VICTORIA,ROAD,4,12.0
31967,2,4,102,1,6,60.0,0,I,MELB_URBAN,STREET,1,23.0
31968,1,3,130,1,3,60.0,0,I,MELB_URBAN,ROAD,4,21.0
31969,1,3,130,5,1,80.0,0,N,MELB_URBAN,ROAD,4,11.0
31970,1,4,133,5,1,100.0,0,N,MELB_URBAN,FREEWAY,4,14.0
31971,1,3,121,2,2,60.0,0,I,MELB_URBAN,ROAD,4,18.0
31972,1,4,130,1,1,70.0,0,I,MELB_URBAN,STREET,4,10.0
31973,1,4,132,2,1,100.0,0,I,RURAL_VICTORIA,HIGHWAY,4,15.0
31974,8,4,174,2,1,60.0,0,I,RURAL_VICTORIA,ROAD,4,10.0
31975,1,4,99,2,1,40.0,0,I,MELB_URBAN,STREET,4,11.0
31976,6,0,184,5,1,60.0,0,N,RURAL_VICTORIA,ROAD,3,11.0
31977,8,1,170,5,1,100.0,0,N,RURAL_VICTORIA,ROAD,2,9.0
31978,4,4,181,5,1,100.0,0,N,RURAL_VICTORIA,ROAD,4,15.0
31979,2,4,100,2,3,40.0,0,I,MELB_URBAN,STREET,4,17.0
31980,5,1,99,5,1,100.0,0,N,RURAL_VICTORIA,OTHER,4,15.0
31981,1,4,99,4,3,90.0,0,I,MELB_URBAN,ROAD,4,19.0
31982,1,2,99,1,2,50.0,0,I,MELB_URBAN,STREET,3,18.0
31983,1,4,110,1,1,60.0,0,I,MELB_URBAN,STREET,4,16.0
31984,4,1,173,5,5,60.0,0,N,MELB_URBAN,STREET,6,6.0
31985,1,4,116,1,2,70.0,0,I,MELB_URBAN,ROAD,4,18.0
31986,5,4,99,5,3,100.0,0,N,MELB_URBAN,ROAD,4,4.0
31987,1,5,130,1,2,60.0,0,I,MELB_URBAN,ROAD,4,6.0
31988,1,5,130,5,1,60.0,0,N,MELB_URBAN,ROAD,10,8.0
31989,1,4,130,5,1,60.0,0,I,MELB_URBAN,HIGHWAY,4,12.0
31990,1,2,163,1,1,40.0,0,I,MELB_URBAN,ROAD,2,18.0
31991,7,3,99,5,1,80.0,0,N,RURAL_VICTORIA,ROAD,4,15.0
31992,2,5,100,1,2,70.0,0,I,MELB_URBAN,HIGHWAY,4,6.0
31993,4,7,99,2,1,60.0,0,I,MELB_URBAN,BOULEVARD,3,11.0
31994,1,3,113,2,1,80.0,0,I,MELB_URBAN,HIGHWAY,4,12.0
31995,1,5,147,5,1,60.0,0,N,MELB_URBAN,ROAD,4,8.0
31996,1,5,113,2,1,60.0,0,I,MELB_URBAN,ROAD,4,8.0
31997,8,5,174,5,1,100.0,0,N,MELB_URBAN,FREEWAY,2,14.0
31998,1,5,121,5,1,40.0,0,N,MELB_URBAN,STREET,4,9.0
31999,1,5,160,5,1,50.0,0,N,MELB_URBAN,STREET,4,11.0
32000,1,3,121,1,2,50.0,0,I,LARGE_PROVINCIAL_CITIES,STREET,4,19.0
32001,1,4,130,5,2,80.0,0,N,RURAL_VICTORIA,HIGHWAY,4,19.0
32002,1,5,130,2,1,60.0,0,I,MELB_URBAN,ROAD,4,8.0
32003,1,5,110,1,1,100.0,0,I,RURAL_VICTORIA,HIGHWAY,4,9.0
32004,1,4,135,5,2,40.0,0,N,MELB_URBAN,ROAD,4,17.0
32005,1,5,135,5,1,60.0,0,N,MELB_URBAN,ROAD,4,12.0
32006,1,4,130,2,1,60.0,0,I,LARGE_PROVINCIAL_CITIES,STREET,4,16.0
32007,1,3,130,3,1,60.0,0,I,MELB_URBAN,ROAD,4,14.0
32008,1,5,111,2,1,80.0,0,I,RURAL_VICTORIA,HIGHWAY,4,13.0
32009,1,2,113,2,1,60.0,0,I,MELB_URBAN,ROAD,11,13.0
32010,2,5,99,5,1,60.0,0,N,MELB_URBAN,STREET,4,14.0
32011,1,4,110,1,1,60.0,0,I,MELB_URBAN,ROAD,3,8.0
32012,1,5,163,5,1,60.0,0,N,MELB_URBAN,ROAD,4,13.0
32013,1,5,147,5,1,40.0,0,N,MELB_URBAN,HIGHWAY,4,15.0
32014,1,5,110,1,1,50.0,0,I,MELB_URBAN,STREET,4,16.0
32015,1,6,113,1,3,80.0,0,N,MELB_URBAN,HIGHWAY,4,21.0
32016,1,4,130,2,1,60.0,0,I,MELB_URBAN,OTHER,4,15.0
32017,1,5,130,5,1,40.0,0,N,SMALL_CITIES,ROAD,4,16.0
32018,1,5,121,2,1,60.0,0,I,MELB_URBAN,ROAD,4,18.0
32019,1,7,163,5,1,60.0,0,N,MELB_URBAN,STREET,1,11.0
32020,1,5,121,1,1,80.0,0,I,MELB_URBAN,ROAD,2,8.0
32021,6,5,184,5,2,100.0,0,N,RURAL_VICTORIA,HIGHWAY,4,17.0
32022,1,6,120,2,6,60.0,0,I,MELB_URBAN,ROAD,3,23.0
32023,1,5,113,2,1,100.0,1,I,RURAL_VICTORIA,ROAD,4,12.0
32024,1,5,140,1,2,40.0,0,I,MELB_URBAN,STREET,4,18.0
32025,1,3,130,1,1,60.0,0,I,MELB_URBAN,STREET,2,14.0
32026,1,5,110,1,2,50.0,0,I,SMALL_CITIES,AVENUE,4,17.0
32027,1,5,132,2,3,60.0,0,I,MELB_URBAN,ROAD,4,20.0
32028,1,4,121,5,1,60.0,0,N,MELB_URBAN,ROAD,4,6.0
32029,4,5,99,2,3,50.0,0,I,SMALL_CITIES,DRIVE,4,21.0
32030,4,5,171,2,3,60.0,0,I,MELB_URBAN,ROAD,4,21.0
32031,1,5,99,2,2,60.0,0,I,MELB_URBAN,ROAD,4,18.0
32032,1,6,130,2,3,70.0,0,I,MELB_URBAN,AVENUE,6,22.0