,accident_type,day_of_week,dca_code,road_geometry,light_condition,speed_zone,severity,node_type,deg_urban_name,road_type,month,hour
32033,6,5,170,5,5,100.0,0,N,RURAL_VICTORIA,ROAD,4,21.0
32034,6,3,174,1,2,50.0,0,I,MELB_URBAN,STREET,4,17.0
32035,1,6,163,5,1,50.0,0,N,MELB_URBAN,ROAD,4,9.0
32036,1,6,99,1,1,80.0,0,I,MELB_URBAN,ROAD,4,9.0
32037,1,6,120,5,1,60.0,0,N,RURAL_VICTORIA,ROAD,4,9.0
32038,1,5,130,5,1,80.0,0,N,MELB_URBAN,ROAD,4,11.0
32039,4,6,173,5,1,80.0,0,N,RURAL_VICTORIA,ROAD,4,10.0
32040,8,2,184,5,1,80.0,0,N,RURAL_VICTORIA,ROAD,4,12.0
32041,1,6,134,4,1,70.0,0,I,RURAL_VICTORIA,ROAD,4,10.0
32042,2,6,100,2,1,50.0,0,I,MELB_URBAN,HIGHWAY,4,8.0
32043,8,1,174,4,1,80.0,0,I,MELB_URBAN,HIGHWAY,3,8.0
32044,1,6,121,2,1,80.0,0,I,MELB_URBAN,HIGHWAY,4,12.0
32045,7,6,99,2,1,50.0,0,I,MELB_URBAN,HIGHWAY,4,14.0
32046,1,4,130,1,1,60.0,0,I,MELB_URBAN,STREET,4,15.0
32047,8,6,174,5,1,60.0,0,N,MELB_URBAN,ROAD,4,15.0
32048,4,6,183,5,1,100.0,0,N,RURAL_VICTORIA,ROAD,4,11.0
32049,4,5,171,5,5,100.0,0,N,RURAL_VICTORIA,ROAD,4,4.0
32050,6,6,99,5,1,80.0,0,N,RURAL_VICTORIA,ROAD,4,12.0
32051,1,6,120,5,1,100.0,0,N,RURAL_VICTORIA,ROAD,4,12.0
32052,2,6,100,2,1,50.0,0,I,SMALL_CITIES,STREET,4,15.0
32053,1,4,130,2,9,60.0,0,I,MELB_URBAN,ROAD,3,14.0
32054,1,5,120,5,1,60.0,0,N,SMALL_TOWNS,ROAD,4,14.0
32055,8,6,174,2,1,60.0,0,N,RURAL_VICTORIA,ROAD,4,16.0
32056,2,6,100,2,1,50.0,0,I,MELB_URBAN,STREET,4,10.0
32057,2,6,100,2,2,60.0,0,I,MELB_URBAN,ROAD,4,18.0
32058,4,6,181,2,3,60.0,0,I,TOWNS,ROAD,4,18.0
32059,1,5,130,5,1,100.0,0,N,MELB_URBAN,FREEWAY,4,9.0
32060,8,5,99,5,5,100.0,0,N,RURAL_VICTORIA,ROAD,4,21.0
32061,1,5,130,4,1,60.0,0,I,MELB_URBAN,RAMP,12,16.0
32062,1,6,130,5,3,60.0,0,N,MELB_URBAN,ROAD,4,23.0
32063,4,7,181,5,5,80.0,1,N,TOWNS,AVENUE,4,0.0
32064,1,7,130,5,2,80.0,0,N,MELB_URBAN,FREEWAY,4,6.0
32065,1,7,121,1,1,60.0,0,I,MELB_URBAN,ROAD,4,9.0
32066,4,7,171,5,3,60.0,0,N,MELB_URBAN,ROAD,4,2.0
32067,1,4,132,1,1,60.0,0,I,MELB_URBAN,ROAD,3,12.0
32068,3,1,167,5,1,100.0,0,N,RURAL_VICTORIA,ROAD,3,10.0
32069,1,7,113,2,1,100.0,0,I,RURAL_VICTORIA,HIGHWAY,4,11.0
32070,1,7,130,2,1,80.0,0,I,MELB_URBAN,ROAD,4,12.0
32071,4,7,181,5,1,80.0,0,N,RURAL_VICTORIA,ROAD,4,11.0
32072,4,7,181,5,1,100.0,0,N,RURAL_VICTORIA,ROAD,4,11.0
32073,6,7,174,5,1,60.0,0,N,RURAL_VICTORIA,OTHER,3,10.0
32074,2,6,100,5,3,70.0,0,N,MELB_URBAN,ROAD,4,20.0
32075,1,7,130,5,1,80.0,0,N,MELB_URBAN,HIGHWAY,4,12.0
32076,1,7,130,3,1,60.0,0,I,RURAL_VICTORIA,ROAD,4,11.0
32077,6,6,174,5,1,40.0,0,N,RURAL_VICTORIA,HIGHWAY,4,9.0
32078,4,7,171,5,1,50.0,0,N,MELB_URBAN,STREET,4,11.0
32079,8,6,184,2,2,60.0,0,I,MELB_URBAN,ROAD,4,7.0
32080,6,7,170,2,1,50.0,0,I,MELB_URBAN,STREET,4,14.0
32081,1,7,99,1,1,60.0,0,I,MELB_URBAN,STREET,4,11.0
32082,1,7,99,5,1,80.0,0,N,RURAL_VICTORIA,ROAD,4,14.0
32083,6,6,99,5,5,100.0,0,N,RURAL_VICTORIA,ROAD,4,20.0
32084,4,7,181,5,1,100.0,0,N,RURAL_VICTORIA,ROAD,4,16.0
32085,1,7,99,5,1,70.0,0,N,RURAL_VICTORIA,ROAD,4,13.0
32086,1,7,121,2,2,80.0,0,N,MELB_URBAN,HIGHWAY,4,18.0
32087,1,7,130,5,3,60.0,0,N,MELB_URBAN,ROAD,4,19.0
32088,1,7,110,1,3,60.0,0,I,MELB_URBAN,ROAD,4,20.0
32089,1,7,99,1,3,60.0,0,I,MELB_URBAN,ROAD,4,20.0
32090,1,7,121,2,9,80.0,0,N,MELB_URBAN,HIGHWAY,4,9.0
32091,4,1,171,2,3,60.0,0,I,MELB_URBAN,ROAD,4,6.0
32092,4,1,173,2,2,50.0,0,N,MELB_URBAN,PARADE,4,7.0
32093,8,1,174,2,2,60.0,0,I,MELB_URBAN,ROAD,4,6.0
32094,4,7,183,5,1,100.0,0,N,RURAL_VICTORIA,ROAD,4,11.0
32095,8,1,174,5,1,100.0,0,N,RURAL_VICTORIA,ROAD,4,10.0
32096,2,4,102,1,1,70.0,0,I,MELB_URBAN,ROAD,4,15.0
32097,1,1,120,5,1,80.0,0,N,RURAL_VICTORIA,HIGHWAY,4,9.0
32098,1,2,116,2,1,70.0,0,I,LARGE_PROVINCIAL_CITIES,HIGHWAY,4,11.0
32099,1,1,110,1,1,80.0,0,I,MELB_URBAN,ROAD,4,10.0
32100,1,6,147,5,1,60.0,0,N,SMALL_CITIES,STREET,4,16.0
32101,6,1,184,5,1,100.0,0,N,RURAL_VICTORIA,ROAD,4,12.0
32102,4,1,183,2,1,100.0,0,N,RURAL_VICTORIA,HIGHWAY,4,10.0
32103,4,1,99,1,1,50.0,0,I,SMALL_CITIES,STREET,4,13.0
32104,2,1,99,5,1,50.0,0,N,MELB_URBAN,HIGHWAY,4,12.0
32105,6,1,99,5,1,100.0,0,N,RURAL_VICTORIA,ROAD,4,9.0
32106,1,1,120,5,1,80.0,0,N,RURAL_VICTORIA,ROAD,4,15.0
32107,1,1,121,5,2,60.0,0,N,SMALL_CITIES,STREET,4,17.0
32108,8,1,174,4,1,60.0,0,N,MELB_URBAN,UNKNOWN,4,16.0
32109,4,7,99,5,1,60.0,0,N,RURAL_VICTORIA,OTHER,4,12.0
32110,4,4,99,4,3,50.0,0,I,MELB_URBAN,OTHER,1,5.0
32111,1,5,110,1,1,60.0,0,I,SMALL_CITIES,ROAD,4,16.0
32112,1,1,113,2,2,80.0,0,N,SMALL_TOWNS,ROAD,4,19.0
32113,4,7,99,5,5,60.0,0,N,RURAL_VICTORIA,ROAD,4,1.0
32114,1,1,121,2,2,60.0,0,I,MELB_URBAN,ROAD,4,19.0
32115,4,6,171,2,1,50.0,0,I,MELB_URBAN,STREET,4,11.0
32116,4,6,173,5,3,60.0,0,N,MELB_URBAN,STREET,4,1.0
32117,7,2,99,5,3,50.0,0,N,MELB_URBAN,AVENUE,4,0.0
32118,2,2,99,5,3,60.0,0,N,MELB_URBAN,ROAD,4,2.0
32119,1,2,130,5,3,100.0,0,N,MELB_URBAN,FREEWAY,4,4.0
32120,1,3,147,1,1,60.0,0,I,MELB_URBAN,STREET,4,8.0
32121,1,6,110,1,2,60.0,0,I,MELB_URBAN,HIGHWAY,4,5.0
32122,1,1,99,2,1,60.0,0,I,SMALL_CITIES,DRIVE,4,14.0
32123,2,2,100,1,1,50.0,0,I,MELB_URBAN,STREET,4,8.0
32124,8,4,99,5,1,50.0,0,N,MELB_URBAN,PARADE,4,15.0
32125,1,2,99,2,2,60.0,0,I,MELB_URBAN,ROAD,4,7.0
32126,1,2,121,1,1,60.0,0,I,MELB_URBAN,ROAD,4,16.0
32127,8,7,174,5,1,60.0,0,N,RURAL_VICTORIA,ROAD,4,14.0
32128,2,1,102,5,1,50.0,0,N,MELB_URBAN,STREET,4,11.0
32129,1,5,130,5,1,60.0,0,N,MELB_URBAN,HIGHWAY,4,10.0
32130,1,1,121,2,1,60.0,0,N,MELB_URBAN,AVENUE,4,10.0
32131,4,6,183,5,9,60.0,0,N,RURAL_VICTORIA,ROAD,4,11.0
32132,1,6,130,1,1,70.0,0,I,MELB_URBAN,HIGHWAY,4,10.0
32133,1,1,113,1,1,70.0,0,I,MELB_URBAN,ROAD,1,13.0
32134,1,2,130,2,1,90.0,0,N,MELB_URBAN,ROAD,4,9.0
32135,1,7,130,2,1,60.0,0,N,MELB_URBAN,ROAD,4,10.0
32136,1,4,130,2,1,60.0,0,I,MELB_URBAN,ROAD,4,11.0
32137,1,4,130,1,1,50.0,0,I,MELB_URBAN,PARADE,4,11.0
32138,6,2,184,2,1,100.0,0,N,RURAL_VICTORIA,ROAD,4,10.0
32139,8,6,174,1,1,80.0,0,I,SMALL_TOWNS,ROAD,4,12.0
32140,2,4,99,5,2,40.0,0,N,MELBOURNE_CBD,STREET,4,17.0
32141,1,1,99,5,1,60.0,0,N,MELB_URBAN,ROAD,4,10.0
32142,1,2,134,5,4,70.0,0,N,MELB_URBAN,ROAD,4,21.0
32143,1,2,163,5,1,40.0,0,N,MELB_URBAN,STREET,4,13.0
32144,4,2,181,5,1,100.0,0,N,RURAL_VICTORIA,ROAD,4,13.0
32145,2,2,100,2,1,60.0,0,I,MELB_URBAN,ROAD,4,12.0
32146,1,2,110,1,1,50.0,0,I,MELB_URBAN,STREET,4,12.0
32147,2,2,99,2,1,50.0,0,I,MELB_URBAN,ROAD,4,14.0
32148,2,1,99,2,1,50.0,0,I,TOWNS,STREET,4,15.0
32149,1,2,135,1,1,40.0,0,I,MELB_URBAN,ROAD,4,12.0
32150,4,2,181,5,5,100.0,0,N,RURAL_VICTORIA,ROAD,4,0.0
32151,7,7,99,5,1,60.0,0,N,SMALL_TOWNS,ROAD,4,14.0
32152,1,2,130,5,2,60.0,0,N,MELB_URBAN,ROAD,4,16.0
32153,5,2,99,5,1,100.0,0,N,RURAL_VICTORIA,ROAD,4,16.0
32154,1,2,132,2,1,80.0,0,I,TOWNS,ROAD,4,16.0
32155,1,6,130,2,1,30.0,0,I,MELB_URBAN,HIGHWAY,2,11.0
32156,2,2,100,1,3,70.0,0,I,MELB_URBAN,ROAD,4,17.0
32157,1,2,121,2,1,60.0,0,I,MELB_URBAN,ROAD,4,16.0
32158,1,2,130,2,1,60.0,0,I,RURAL_VICTORIA,OTHER,4,15.0
32159,1,2,120,5,1,100.0,0,N,RURAL_VICTORIA,ROAD,4,14.0
32160,1,2,130,2,2,60.0,0,I,MELB_URBAN,ROAD,4,18.0
32161,1,2,130,5,1,100.0,0,N,MELB_URBAN,FREEWAY,4,14.0
32162,2,2,100,5,2,60.0,0,N,MELB_URBAN,STREET,4,17.0
32163,1,2,99,5,1,60.0,0,N,MELB_URBAN,STREET,4,15.0
32164,8,3,174,5,6,50.0,0,N,MELB_URBAN,STREET,4,0.0
32165,8,5,174,2,1,60.0,0,I,MELB_URBAN,ROAD,3,13.0
32166,7,2,99,5,3,50.0,0,N,MELBOURNE_CBD,STREET,4,0.0
32167,1,1,99,5,1,50.0,0,N,MELB_URBAN,STREET,4,12.0
32168,1,7,110,1,2,80.0,0,I,SMALL_CITIES,STREET,4,7.0
32169,8,6,174,1,2,60.0,0,I,MELB_URBAN,ROAD,3,7.0
32170,1,2,130,5,1,60.0,0,N,MELB_URBAN,ROAD,4,16.0
32171,1,3,121,4,1,80.0,0,N,MELB_URBAN,HIGHWAY,4,14.0
32172,1,3,121,2,1,60.0,0,I,MELB_URBAN,STREET,4,9.0
32173,1,7,113,2,2,80.0,0,I,MELB_URBAN,OTHER,4,19.0
32174,1,4,113,2,2,60.0,0,I,MELB_URBAN,ROAD,4,5.0
32175,4,3,181,5,1,100.0,0,N,RURAL_VICTORIA,ROAD,4,8.0
32176,4,6,183,5,2,80.0,0,N,TOWNS,HIGHWAY,4,7.0
32177,1,3,130,5,1,80.0,0,N,SMALL_CITIES,HIGHWAY,4,9.0
32178,1,3,110,1,1,100.0,0,I,RURAL_VICTORIA,ROAD,4,11.0
32179,2,2,99,5,2,40.0,0,N,MELB_URBAN,ROAD,4,19.0
32180,1,2,99,2,2,60.0,0,I,MELB_URBAN,HIGHWAY,12,20.0
32181,5,7,99,5,1,70.0,0,N,MELB_URBAN,HIGHWAY,4,12.0
32182,4,2,181,5,2,80.0,0,N,RURAL_VICTORIA,ROAD,4,19.0
32183,1,2,121,1,3,80.0,0,I,MELB_URBAN,HIGHWAY,4,20.0
32184,2,6,99,5,6,50.0,0,N,MELB_URBAN,UNKNOWN,3,3.0
32185,1,3,140,2,1,80.0,0,I,MELB_URBAN,HIGHWAY,4,10.0
32186,4,5,173,5,2,100.0,0,N,RURAL_VICTORIA,ROAD,4,17.0
32187,1,5,130,1,3,80.0,0,I,MELB_URBAN,ROAD,2,22.0
32188,4,1,183,5,2,100.0,0,N,RURAL_VICTORIA,OTHER,4,7.0
32189,1,3,130,2,1,60.0,0,I,SMALL_CITIES,STREET,4,8.0
32190,4,2,171,5,1,100.0,0,N,RURAL_VICTORIA,ROAD,4,15.0
32191,8,7,184,5,1,60.0,0,N,RURAL_VICTORIA,ROAD,4,15.0
32192,1,3,130,5,2,60.0,0,N,MELB_URBAN,ROAD,4,7.0
32193,1,6,130,5,1,100.0,0,N,MELB_URBAN,FREEWAY,2,8.0
32194,6,3,99,5,1,100.0,0,N,RURAL_VICTORIA,ROAD,4,11.0
32195,4,2,181,5,1,100.0,0,N,RURAL_VICTORIA,HIGHWAY,4,14.0
32196,1,5,113,1,2,50.0,0,I,TOWNS,STREET,4,19.0
32197,1,3,113,1,1,100.0,0,I,RURAL_VICTORIA,ROAD,4,14.0
32198,1,3,133,1,1,70.0,0,I,MELB_URBAN,DRIVE,4,11.0
32199,1,3,130,5,1,100.0,0,N,MELB_URBAN,ROAD,4,16.0
32200,1,3,113,2,1,60.0,0,I,MELB_URBAN,STREET,4,13.0
32201,4,2,171,5,2,100.0,0,N,RURAL_VICTORIA,HIGHWAY,4,17.0
32202,1,3,140,5,1,40.0,0,N,SMALL_CITIES,STREET,4,15.0
32203,1,3,111,1,2,60.0,0,I,MELB_URBAN,ROAD,4,16.0
32204,1,3,130,2,2,70.0,0,I,MELB_URBAN,ROAD,4,17.0
32205,1,2,110,1,1,60.0,0,I,MELB_URBAN,STREET,4,12.0
32206,1,3,110,1,1,50.0,0,I,MELB_URBAN,STREET,4,16.0
32207,1,3,110,1,3,60.0,0,I,SMALL_CITIES,STREET,4,18.0
32208,1,3,134,5,3,60.0,0,N,MELB_URBAN,STREET,4,18.0
32209,2,2,102,5,2,40.0,0,N,MELB_URBAN,DRIVE,4,17.0
32210,4,3,171,2,3,60.0,0,I,MELB_URBAN,DRIVE,4,18.0
32211,1,3,99,5,2,50.0,0,N,MELB_URBAN,OTHER,4,19.0
32212,1,3,111,2,3,80.0,0,N,MELB_URBAN,HIGHWAY,4,19.0
32213,4,3,183,5,5,60.0,0,N,RURAL_VICTORIA,ROAD,4,18.0
32214,1,3,130,5,2,40.0,0,N,MELB_URBAN,ROAD,4,15.0
32215,1,3,130,2,1,60.0,0,I,MELB_URBAN,STREET,4,15.0
32216,1,3,135,5,3,100.0,0,N,MELB_URBAN,FREEWAY,4,22.0
32217,4,3,173,5,3,80.0,0,N,MELB_URBAN,ROAD,4,23.0
32218,1,3,163,5,3,60.0,0,N,MELB_URBAN,ROAD,4,18.0
32219,4,4,173,5,5,80.0,0,N,RURAL_VICTORIA,FREEWAY,4,0.0
32220,1,3,110,1,1,50.0,0,I,MELB_URBAN,STREET,3,8.0
32221,8,4,174,2,2,60.0,0,I,MELB_URBAN,ROAD,4,6.0
32222,1,3,99,5,1,50.0,0,N,MELB_URBAN,ROAD,2,12.0
32223,4,3,181,5,1,80.0,0,N,MELB_URBAN,RAMP,3,16.0
32224,1,3,121,1,1,60.0,0,I,MELB_URBAN,STREET,4,8.0
32225,1,3,116,2,1,50.0,0,I,MELB_URBAN,OTHER,4,8.0
32226,1,3,130,2,2,80.0,0,I,MELB_URBAN,HIGHWAY,4,19.0
32227,1,4,147,2,2,60.0,0,I,MELB_URBAN,ROAD,4,7.0
32228,1,4,140,2,1,50.0,0,I,MELB_URBAN,STREET,4,8.0
32229,1,4,113,2,1,70.0,0,I,LARGE_PROVINCIAL_CITIES,HIGHWAY,4,8.0
32230,2,4,102,5,1,60.0,0,I,MELB_URBAN,OTHER,4,10.0
32231,1,4,121,5,1,80.0,0,N,MELB_URBAN,HIGHWAY,4,9.0
32232,1,4,120,5,1,80.0,0,N,MELB_URBAN,ROAD,4,9.0
32233,4,4,171,2,1,80.0,0,N,TOWNS,ROAD,4,9.0
32234,4,3,181,5,5,100.0,0,N,RURAL_VICTORIA,HIGHWAY,4,23.0
32235,3,1,167,5,1,100.0,0,N,RURAL_VICTORIA,ROAD,4,16.0
32236,1,4,99,4,1,60.0,0,I,MELB_URBAN,ROAD,2,12.0
32237,1,4,113,2,1,50.0,0,I,MELB_URBAN,DRIVE,4,9.0
32238,4,3,183,5,1,50.0,0,N,SMALL_CITIES,STREET,12,17.0
32239,1,4,121,2,1,70.0,0,I,SMALL_CITIES,BOULEVARD,4,11.0
32240,1,4,110,1,2,50.0,0,I,MELB_URBAN,ROAD,4,6.0
32241,1,4,110,1,1,50.0,0,I,MELB_URBAN,STREET,4,8.0
32242,1,3,121,4,1,60.0,0,I,MELB_URBAN,ROAD,4,12.0
32243,1,3,130,5,1,100.0,0,N,MELB_URBAN,UNKNOWN,4,12.0
32244,4,4,183,5,1,80.0,0,N,RURAL_VICTORIA,ROAD,4,8.0
32245,4,4,171,5,1,50.0,0,N,TOWNS,STREET,4,13.0
32246,1,4,130,5,1,60.0,0,N,SMALL_CITIES,ROAD,4,12.0
32247,1,4,99,2,1,60.0,0,I,MELB_URBAN,ROAD,4,13.0
32248,2,4,99,5,1,100.0,0,N,RURAL_VICTORIA,ROAD,4,11.0
32249,1,3,113,1,1,80.0,0,I,MELB_URBAN,ROAD,4,11.0
32250,1,4,120,5,1,80.0,0,N,RURAL_VICTORIA,HIGHWAY,4,9.0
32251,1,4,130,1,1,80.0,0,I,MELB_URBAN,ROAD,4,8.0
32252,2,1,102,5,3,60.0,0,N,MELB_URBAN,ROAD,4,2.0
32253,1,6,121,2,2,80.0,0,I,SMALL_TOWNS,HIGHWAY,3,19.0
32254,1,4,173,2,1,50.0,0,N,MELB_URBAN,OTHER,4,15.0
32255,1,3,130,5,1,75.0,0,N,MELB_URBAN,ROAD,4,15.0
32256,4,3,173,5,3,80.0,0,N,MELB_URBAN,HIGHWAY,4,21.0
32257,8,1,184,5,1,60.0,0,N,RURAL_VICTORIA,ROAD,4,13.0
32258,1,4,99,1,1,60.0,0,I,MELB_URBAN,ROAD,4,16.0
32259,8,4,174,5,1,60.0,0,N,RURAL_VICTORIA,ROAD,4,14.0
32260,1,4,133,5,1,80.0,0,N,RURAL_VICTORIA,ROAD,4,16.0
32261,1,4,113,2,1,60.0,0,I,MELB_URBAN,STREET,4,8.0
32262,1,4,113,2,2,60.0,0,I,MELB_URBAN,BOULEVARD,4,18.0
32263,1,4,121,1,1,60.0,0,I,RURAL_VICTORIA,ROAD,4,15.0
32264,1,4,121,2,2,50.0,0,I,MELB_URBAN,ROAD,4,17.0
32265,1,4,130,2,2,80.0,0,I,MELB_URBAN,ROAD,4,17.0
32266,1,4,130,1,1,70.0,0,I,MELB_URBAN,ROAD,4,16.0
32267,1,2,134,2,2,60.0,0,I,MELB_URBAN,ROAD,12,17.0
32268,2,4,102,1,1,50.0,0,I,MELB_URBAN,ROAD,4,15.0
32269,1,4,130,5,1,50.0,0,N,MELB_URBAN,ROAD,4,16.0
32270,1,2,110,1,1,50.0,0,I,MELB_URBAN,STREET,3,9.0
32271,1,3,160,5,1,70.0,0,N,MELB_URBAN,AVENUE,3,8.0
32272,4,4,181,2,3,50.0,0,I,LARGE_PROVINCIAL_CITIES,OTHER,4,21.0
32273,1,6,110,1,2,50.0,0,I,TOWNS,STREET,4,18.0
32274,2,4,100,5,2,50.0,0,N,MELB_URBAN,STREET,4,17.0
32275,1,1,160,5,3,40.0,0,N,MELB_URBAN,STREET,3,3.0
32276,4,4,173,5,5,100.0,0,N,RURAL_VICTORIA,HIGHWAY,4,21.0
32277,1,5,163,5,1,40.0,0,N,MELB_URBAN,ROAD,4,12.0
32278,1,4,140,5,3,60.0,0,N,MELB_URBAN,ROAD,4,21.0
32279,1,5,113,1,3,70.0,0,I,MELB_URBAN,ROAD,5,5.0
32280,1,7,130,5,2,60.0,0,N,MELB_URBAN,OTHER,3,19.0
32281,1,5,99,4,2,60.0,0,I,MELB_URBAN,STREET,5,6.0
32282,1,3,116,2,2,60.0,0,I,TOWNS,STREET,4,17.0
32283,4,4,173,5,1,80.0,0,N,RURAL_VICTORIA,ROAD,4,8.0
32284,1,5,130,5,1,100.0,0,N,MELB_URBAN,FREEWAY,5,8.0
32285,1,5,116,1,2,60.0,0,I,MELB_URBAN,STREET,5,7.0
32286,1,5,130,1,1,60.0,0,I,MELB_URBAN,STREET,5,10.0
32287,1,5,160,5,1,60.0,0,N,MELB_URBAN,ROAD,5,11.0
32288,8,7,174,5,9,60.0,0,N,RURAL_VICTORIA,OTHER,4,10.0
32289,4,5,99,5,1,50.0,0,N,LARGE_PROVINCIAL_CITIES,STREET,5,12.0
32290,1,5,113,2,2,60.0,0,I,MELB_URBAN,ROAD,4,18.0
32291,4,5,171,5,1,100.0,0,N,MELB_URBAN,UNKNOWN,5,8.0
32292,1,5,121,2,1,60.0,0,I,MELB_URBAN,DRIVE,5,8.0
32293,1,3,130,5,9,50.0,0,N,SMALL_CITIES,STREET,3,14.0
32294,1,5,120,5,2,100.0,0,N,RURAL_VICTORIA,ROAD,5,7.0
32295,4,1,173,2,6,80.0,0,I,MELB_URBAN,ROAD,3,3.0
32296,1,5,99,2,1,60.0,0,I,MELB_URBAN,OTHER,5,13.0
32297,1,5,121,2,1,60.0,0,I,MELB_URBAN,ROAD,5,11.0
32298,1,4,121,1,3,80.0,0,I,MELB_URBAN,OTHER,4,22.0
32299,1,5,130,2,1,60.0,0,N,MELB_URBAN,ROAD,5,9.0
32300,2,4,99,5,1,50.0,0,N,MELB_URBAN,AVENUE,4,16.0
32301,1,4,132,2,1,70.0,0,N,MELB_URBAN,ROAD,4,16.0
32302,2,5,100,1,1,60.0,1,I,MELB_URBAN,STREET,5,10.0
32303,1,4,121,1,1,70.0,0,I,MELB_URBAN,ROAD,4,16.0
32304,4,3,173,2,5,60.0,0,N,RURAL_VICTORIA,DRIVE,4,20.0
32305,6,5,174,1,1,60.0,0,I,MELB_URBAN,ROAD,5,13.0
32306,1,3,113,2,1,60.0,0,I,MELB_URBAN,DRIVE,4,8.0
32307,1,5,110,1,3,50.0,0,I,MELB_URBAN,ROAD,4,20.0
32308,1,2,113,2,1,80.0,0,I,MELB_URBAN,ROAD,3,15.0
32309,1,4,99,1,2,60.0,0,I,MELB_URBAN,ROAD,4,18.0
32310,1,5,130,1,2,80.0,0,I,MELB_URBAN,ROAD,5,16.0
32311,2,5,100,2,2,60.0,0,N,MELB_URBAN,STREET,5,17.0
32312,1,3,134,2,2,40.0,0,I,MELB_URBAN,HIGHWAY,4,16.0
32313,1,6,110,1,3,60.0,0,I,MELB_URBAN,ROAD,11,23.0
32314,1,5,140,5,2,60.0,0,N,MELB_URBAN,ROAD,5,18.0
32315,1,5,130,1,2,80.0,0,I,RURAL_VICTORIA,ROAD,5,17.0
32316,1,3,130,1,1,60.0,0,I,MELB_URBAN,ROAD,4,11.0
32317,2,5,102,2,3,50.0,0,I,MELB_URBAN,STREET,5,19.0
32318,1,5,160,5,2,50.0,0,N,MELB_URBAN,AVENUE,5,18.0
32319,1,5,130,2,2,60.0,0,I,MELB_URBAN,ROAD,5,16.0
32320,1,5,130,2,2,60.0,0,I,MELB_URBAN,ROAD,5,16.0
32321,1,5,113,2,2,60.0,0,I,LARGE_PROVINCIAL_CITIES,ROAD,5,18.0
32322,6,1,174,5,1,60.0,0,N,RURAL_VICTORIA,HIGHWAY,2,15.0
32323,1,6,121,1,1,70.0,0,I,MELB_URBAN,STREET,4,9.0
32324,1,5,130,5,6,60.0,0,N,MELB_URBAN,ROAD,5,17.0
32325,8,7,184,5,1,60.0,0,N,RURAL_VICTORIA,ROAD,4,11.0
32326,4,5,171,1,9,50.0,0,N,MELB_URBAN,DRIVE,5,11.0
32327,1,4,160,2,1,50.0,0,I,MELB_URBAN,DRIVE,4,15.0
32328,4,6,181,2,5,50.0,0,N,LARGE_PROVINCIAL_CITIES,ROAD,5,3.0
32329,1,5,99,5,3,60.0,0,N,MELB_URBAN,OTHER,5,23.0
32330,4,5,171,2,5,80.0,0,I,RURAL_VICTORIA,HIGHWAY,5,23.0
32331,4,6,183,5,5,100.0,0,N,RURAL_VICTORIA,ROAD,5,0.0
32332,1,5,110,1,1,50.0,0,I,MELB_URBAN,STREET,5,12.0
32333,8,4,99,2,3,60.0,0,I,MELB_URBAN,STREET,4,22.0
32334,1,6,121,2,2,60.0,0,I,MELB_URBAN,ROAD,5,6.0
32335,4,5,171,5,1,60.0,0,N,MELB_URBAN,STREET,5,13.0
32336,1,5,130,5,5,90.0,0,N,RURAL_VICTORIA,HIGHWAY,5,21.0
32337,1,4,130,1,2,80.0,0,I,MELB_URBAN,ROAD,4,7.0
32338,1,7,99,1,1,50.0,0,I,LARGE_PROVINCIAL_CITIES,STREET,3,12.0
32339,1,5,130,2,1,70.0,0,I,LARGE_PROVINCIAL_CITIES,OTHER,5,8.0
32340,4,4,173,5,3,60.0,0,N,MELB_URBAN,STREET,4,22.0
32341,1,5,130,5,9,80.0,0,N,MELB_URBAN,HIGHWAY,5,18.0
32342,1,6,113,2,1,60.0,0,I,LARGE_PROVINCIAL_CITIES,ROAD,5,8.0
32343,1,6,132,2,1,50.0,0,I,MELB_URBAN,DRIVE,5,10.0
32344,1,4,130,5,2,60.0,0,N,MELB_URBAN,HIGHWAY,4,17.0
32345,1,6,130,5,1,60.0,0,N,MELB_URBAN,ROAD,5,8.0
32346,6,6,99,5,5,100.0,0,N,RURAL_VICTORIA,ROAD,5,4.0
32347,1,6,140,2,2,100.0,0,I,RURAL_VICTORIA,ROAD,5,7.0
32348,1,5,130,1,1,70.0,0,N,MELB_URBAN,ROAD,5,10.0
32349,1,6,110,1,2,60.0,0,I,MELB_URBAN,STREET,5,7.0
32350,1,6,113,2,1,80.0,0,I,MELB_URBAN,ROAD,5,10.0
32351,1,6,110,1,1,50.0,0,I,MELB_URBAN,STREET,5,8.0
32352,1,4,130,2,1,70.0,0,I,MELB_URBAN,ROAD,4,11.0
32353,1,5,120,2,6,50.0,0,I,MELB_URBAN,STREET,5,22.0
32354,1,6,163,5,1,40.0,0,N,MELBOURNE_CBD,STREET,5,12.0
32355,4,6,171,5,1,100.0,0,N,RURAL_VICTORIA,ROAD,5,11.0
32356,1,6,121,1,1,80.0,0,N,MELB_URBAN,ROAD,5,11.0
32357,1,6,99,5,2,80.0,1,N,RURAL_VICTORIA,HIGHWAY,5,6.0
32358,1,5,163,5,6,40.0,0,N,MELB_URBAN,ROAD,5,20.0
32359,6,6,99,5,1,100.0,0,N,RURAL_VICTORIA,ROAD,5,14.0
32360,1,6,130,1,1,80.0,0,I,MELB_URBAN,ROAD,5,14.0
32361,4,6,183,5,1,100.0,0,N,RURAL_VICTORIA,HIGHWAY,5,11.0
32362,4,6,171,2,1,70.0,0,I,MELB_URBAN,ROAD,5,14.0
32363,1,6,163,5,1,60.0,0,N,MELB_URBAN,STREET,5,15.0
32364,2,6,99,5,1,50.0,0,N,MELB_URBAN,OTHER,5,14.0
32365,2,6,100,1,1,40.0,0,I,SMALL_CITIES,STREET,5,15.0
32366,6,5,174,5,2,100.0,0,N,RURAL_VICTORIA,ROAD,5,16.0