,accident_type,day_of_week,dca_code,road_geometry,light_condition,speed_zone,severity,node_type,deg_urban_name,road_type,month,hour
32367,1,6,121,1,1,60.0,0,I,MELB_URBAN,STREET,5,15.0
32368,2,6,100,2,1,60.0,0,I,MELB_URBAN,HIGHWAY,5,15.0
32369,1,6,99,5,3,60.0,0,N,MELB_URBAN,PARADE,5,18.0
32370,1,6,130,5,3,80.0,0,N,MELB_URBAN,ROAD,5,18.0
32371,1,6,113,2,1,100.0,0,I,TOWNS,HIGHWAY,5,14.0
32372,1,6,130,1,1,70.0,0,I,MELB_URBAN,ROAD,5,14.0
32373,2,6,102,5,2,60.0,0,N,MELB_URBAN,ROAD,5,18.0
32374,1,6,140,2,2,60.0,0,I,MELB_URBAN,ROAD,5,7.0
32375,1,6,121,2,3,60.0,0,I,MELB_URBAN,STREET,5,18.0
32376,1,6,130,5,2,60.0,0,N,MELB_URBAN,ROAD,5,7.0
32377,1,6,140,2,3,60.0,0,I,MELB_URBAN,PARADE,5,21.0
32378,1,6,120,5,5,50.0,0,N,MELB_URBAN,DRIVE,5,21.0
32379,1,6,116,1,2,60.0,0,I,MELB_URBAN,STREET,5,17.0
32380,1,6,133,1,3,70.0,0,I,MELB_URBAN,ROAD,5,21.0
32381,1,6,110,1,3,70.0,1,I,MELB_URBAN,ROAD,5,22.0
32382,1,4,130,5,1,80.0,0,N,RURAL_VICTORIA,HIGHWAY,4,13.0
32383,2,5,100,2,9,50.0,0,I,MELB_URBAN,STREET,5,21.0
32384,8,2,174,5,1,60.0,0,N,RURAL_VICTORIA,OTHER,4,10.0
32385,1,6,121,1,1,50.0,0,I,SMALL_CITIES,ROAD,1,7.0
32386,1,7,147,5,1,60.0,0,N,MELB_URBAN,UNKNOWN,5,8.0
32387,2,7,99,1,1,50.0,0,N,LARGE_PROVINCIAL_CITIES,STREET,5,11.0
32388,1,3,130,5,9,60.0,0,N,MELB_URBAN,FREEWAY,3,6.0
32389,1,7,130,5,1,80.0,0,N,MELB_URBAN,ROAD,5,12.0
32390,1,7,121,2,1,60.0,0,I,TOWNS,STREET,5,11.0
32391,1,7,135,5,1,60.0,0,N,MELB_URBAN,STREET,5,12.0
32392,1,7,130,1,1,60.0,0,I,MELB_URBAN,HIGHWAY,5,12.0
32393,1,1,111,1,3,50.0,0,I,MELBOURNE_CBD,STREET,4,0.0
32394,1,4,99,2,2,80.0,0,I,SMALL_CITIES,HIGHWAY,4,18.0
32395,1,7,130,5,1,60.0,0,N,MELB_URBAN,ROAD,5,11.0
32396,1,6,130,2,1,60.0,0,I,MELB_URBAN,ROAD,9,16.0
32397,4,6,171,2,1,100.0,0,N,RURAL_VICTORIA,ROAD,5,12.0
32398,1,7,120,5,1,80.0,0,N,MELB_URBAN,HIGHWAY,5,15.0
32399,1,7,140,5,1,60.0,0,N,MELB_URBAN,STREET,5,14.0
32400,1,7,134,2,2,100.0,0,N,MELB_URBAN,FREEWAY,5,16.0
32401,1,7,121,1,1,60.0,0,I,MELB_URBAN,ROAD,5,11.0
32402,1,6,121,1,2,60.0,0,I,MELB_URBAN,PARADE,5,18.0
32403,2,7,99,5,3,50.0,0,I,MELB_URBAN,ROAD,5,18.0
32404,1,7,121,1,3,60.0,0,I,MELB_URBAN,ROAD,5,17.0
32405,1,7,130,2,1,70.0,0,I,MELB_URBAN,ROAD,5,15.0
32406,1,7,130,5,5,100.0,0,N,RURAL_VICTORIA,HIGHWAY,5,23.0
32407,1,6,121,1,3,60.0,0,I,MELB_URBAN,ROAD,5,22.0
32408,4,1,99,2,3,50.0,0,I,MELB_URBAN,ROAD,5,0.0
32409,4,1,173,5,3,50.0,0,N,MELB_URBAN,ROAD,5,1.0
32410,3,7,167,5,5,80.0,0,N,RURAL_VICTORIA,ROAD,5,22.0
32411,8,1,174,2,3,60.0,0,I,MELB_URBAN,ROAD,5,4.0
32412,1,7,121,2,1,40.0,0,I,MELB_URBAN,STREET,5,11.0
32413,4,1,173,5,5,50.0,0,I,MELB_URBAN,OTHER,5,0.0
32414,4,7,183,5,1,60.0,0,N,RURAL_VICTORIA,ROAD,5,13.0
32415,1,7,99,5,6,50.0,0,N,MELB_URBAN,ROAD,5,23.0
32416,4,1,183,5,1,110.0,0,N,SMALL_CITIES,FREEWAY,5,8.0
32417,1,1,110,1,1,60.0,0,I,RURAL_VICTORIA,ROAD,5,8.0
32418,1,0,140,4,1,80.0,0,I,MELB_URBAN,HIGHWAY,5,10.0
32419,3,6,167,5,1,100.0,0,N,RURAL_VICTORIA,OTHER,5,10.0
32420,8,1,174,5,1,60.0,0,N,RURAL_VICTORIA,OTHER,5,10.0
32421,1,1,111,2,1,70.0,0,I,MELB_URBAN,BOULEVARD,5,12.0
32422,1,1,121,2,1,80.0,0,I,MELB_URBAN,HIGHWAY,5,12.0
32423,4,1,181,5,1,60.0,0,N,SMALL_CITIES,ROAD,5,12.0
32424,1,1,140,5,1,60.0,0,N,MELB_URBAN,ROAD,5,11.0
32425,1,1,121,1,1,70.0,0,I,MELB_URBAN,STREET,5,11.0
32426,1,7,163,1,1,60.0,0,I,MELB_URBAN,STREET,5,13.0
32427,3,5,167,5,5,100.0,0,N,RURAL_VICTORIA,ROAD,5,17.0
32428,4,1,173,1,1,70.0,0,I,MELB_URBAN,ROAD,5,14.0
32429,8,1,184,5,9,60.0,0,N,RURAL_VICTORIA,ROAD,4,15.0
32430,8,1,184,5,1,60.0,0,N,RURAL_VICTORIA,ROAD,5,13.0
32431,4,1,173,5,1,50.0,0,N,MELB_URBAN,DRIVE,5,15.0
32432,4,1,173,2,2,60.0,0,N,SMALL_CITIES,ROAD,5,16.0
32433,1,1,113,2,2,70.0,0,I,MELB_URBAN,DRIVE,5,16.0
32434,1,1,110,1,1,70.0,0,I,TOWNS,ROAD,5,15.0
32435,8,1,99,5,2,60.0,0,N,MELB_URBAN,ROAD,5,18.0
32436,1,4,121,2,3,60.0,0,I,MELB_URBAN,STREET,5,18.0
32437,8,6,99,5,1,60.0,0,N,RURAL_VICTORIA,OTHER,4,12.0
32438,1,1,110,1,3,80.0,0,I,RURAL_VICTORIA,ROAD,5,17.0
32439,4,1,173,5,2,110.0,0,N,RURAL_VICTORIA,FREEWAY,5,17.0
32440,1,5,147,5,1,60.0,0,N,SMALL_CITIES,STREET,11,15.0
32441,1,1,121,2,2,60.0,0,I,MELB_URBAN,ROAD,5,18.0
32442,1,1,110,1,6,40.0,0,I,MELB_URBAN,STREET,5,19.0
32443,1,1,130,2,3,60.0,0,I,MELB_URBAN,ROAD,5,18.0
32444,4,1,183,5,3,50.0,0,N,MELB_URBAN,STREET,5,18.0
32445,8,1,174,2,3,60.0,0,I,MELB_URBAN,PARADE,5,21.0
32446,4,1,171,5,5,100.0,0,N,RURAL_VICTORIA,ROAD,5,21.0
32447,1,1,110,1,3,50.0,0,I,MELB_URBAN,AVENUE,5,22.0
32448,4,2,171,5,2,40.0,0,N,RURAL_VICTORIA,ROAD,5,6.0
32449,4,2,171,5,5,100.0,0,N,RURAL_VICTORIA,ROAD,5,4.0
32450,4,2,173,1,1,70.0,0,I,MELB_URBAN,ROAD,5,8.0
32451,2,2,99,5,1,50.0,0,N,MELB_URBAN,AVENUE,5,8.0
32452,8,5,99,5,1,100.0,0,N,RURAL_VICTORIA,ROAD,5,12.0
32453,1,2,132,2,2,80.0,0,N,MELB_URBAN,ROAD,5,17.0
32454,1,2,121,1,1,60.0,0,I,MELB_URBAN,ROAD,5,9.0
32455,1,7,121,1,1,40.0,0,I,MELB_URBAN,ROAD,5,13.0
32456,1,2,163,1,1,40.0,0,I,MELB_URBAN,STREET,5,9.0
32457,1,4,120,2,5,100.0,0,I,RURAL_VICTORIA,ROAD,4,20.0
32458,1,2,121,2,1,40.0,0,I,MELB_URBAN,ROAD,5,10.0
32459,1,6,130,5,9,100.0,0,N,MELB_URBAN,ROAD,5,12.0
32460,1,2,140,5,1,50.0,0,N,LARGE_PROVINCIAL_CITIES,STREET,5,8.0
32461,2,2,100,1,1,60.0,0,I,MELB_URBAN,ROAD,5,10.0
32462,4,2,181,5,1,80.0,0,N,SMALL_TOWNS,ROAD,5,11.0
32463,1,4,130,5,1,50.0,0,N,SMALL_CITIES,ROAD,4,15.0
32464,1,2,113,2,1,60.0,0,I,MELB_URBAN,ROAD,5,13.0
32465,1,2,110,1,1,60.0,0,I,MELB_URBAN,ROAD,5,13.0
32466,4,1,171,5,2,80.0,0,N,MELB_URBAN,HIGHWAY,5,18.0
32467,3,7,167,5,1,60.0,0,N,TOWNS,HIGHWAY,4,14.0
32468,4,0,171,2,1,50.0,0,I,MELB_URBAN,STREET,5,14.0
32469,1,1,130,5,5,100.0,0,N,RURAL_VICTORIA,HIGHWAY,5,18.0
32470,8,1,99,5,1,100.0,0,N,RURAL_VICTORIA,ROAD,4,9.0
32471,6,2,99,5,1,100.0,0,N,MELB_URBAN,ROAD,5,9.0
32472,1,1,121,1,2,60.0,0,I,MELB_URBAN,ROAD,5,18.0
32473,1,2,130,5,1,60.0,0,N,MELB_URBAN,FREEWAY,5,14.0
32474,1,6,130,5,2,70.0,0,N,LARGE_PROVINCIAL_CITIES,HIGHWAY,8,17.0
32475,1,2,130,2,1,70.0,0,I,SMALL_CITIES,DRIVE,5,15.0
32476,1,7,130,5,1,50.0,0,N,MELB_URBAN,ROAD,4,15.0
32477,8,1,184,5,1,80.0,0,N,RURAL_VICTORIA,ROAD,5,12.0
32478,4,2,173,5,1,100.0,0,N,RURAL_VICTORIA,HIGHWAY,5,13.0
32479,1,2,160,5,2,60.0,0,N,MELB_URBAN,ROAD,5,17.0
32480,2,2,102,5,1,40.0,0,N,MELB_URBAN,ROAD,5,15.0
32481,1,2,99,2,3,40.0,0,I,MELBOURNE_CBD,OTHER,5,17.0
32482,1,6,130,2,1,90.0,0,I,MELB_URBAN,FREEWAY,3,16.0
32483,2,2,100,5,1,70.0,0,N,MELB_URBAN,ROAD,5,15.0
32484,1,2,121,2,2,80.0,0,I,RURAL_VICTORIA,STREET,5,16.0
32485,8,2,99,1,2,60.0,0,I,MELB_URBAN,ROAD,5,16.0
32486,4,1,173,5,5,100.0,0,N,RURAL_VICTORIA,ROAD,5,23.0
32487,1,2,113,2,3,70.0,0,I,RURAL_VICTORIA,HIGHWAY,5,17.0
32488,6,1,184,5,2,100.0,0,O,RURAL_VICTORIA,UNKNOWN,5,16.0
32489,1,2,130,5,2,50.0,0,N,MELB_URBAN,AVENUE,5,17.0
32490,1,2,130,2,5,70.0,0,N,MELB_URBAN,ROAD,5,18.0
32491,1,1,147,5,1,50.0,0,N,MELB_URBAN,AVENUE,4,14.0
32492,1,2,130,2,1,60.0,0,I,MELB_URBAN,STREET,5,15.0
32493,1,3,160,5,3,60.0,0,N,MELB_URBAN,STREET,5,0.0
32494,1,6,130,1,3,100.0,0,I,MELB_URBAN,ROAD,4,20.0
32495,1,3,121,4,2,70.0,0,N,MELB_URBAN,ROAD,5,7.0
32496,1,3,160,5,2,60.0,0,N,MELB_URBAN,ROAD,5,7.0
32497,1,2,120,5,3,70.0,0,N,MELB_URBAN,STREET,5,18.0
32498,1,1,121,2,3,80.0,0,I,MELB_URBAN,HIGHWAY,2,20.0
32499,1,3,147,5,1,60.0,0,N,SMALL_CITIES,BOULEVARD,5,8.0
32500,6,5,170,5,1,100.0,0,N,RURAL_VICTORIA,ROAD,11,8.0
32501,1,3,130,5,2,80.0,0,N,MELB_URBAN,ROAD,4,17.0
32502,1,3,121,5,1,60.0,0,N,MELB_URBAN,ROAD,5,12.0
32503,2,3,100,2,1,60.0,0,I,MELB_URBAN,STREET,5,8.0
32504,2,2,99,5,2,100.0,0,N,SMALL_CITIES,FREEWAY,5,7.0
32505,1,2,111,1,1,60.0,0,I,MELB_URBAN,ROAD,5,10.0
32506,1,3,110,1,1,80.0,0,I,MELB_URBAN,ROAD,5,11.0
32507,1,3,110,1,1,60.0,0,I,LARGE_PROVINCIAL_CITIES,ROAD,5,13.0
32508,1,3,130,1,1,60.0,0,I,MELB_URBAN,ROAD,7,13.0
32509,1,2,134,2,1,50.0,0,I,TOWNS,AVENUE,5,14.0
32510,1,3,99,2,1,50.0,0,I,MELB_URBAN,STREET,5,10.0
32511,1,3,120,5,1,60.0,0,N,MELB_URBAN,ROAD,5,11.0
32512,1,3,160,5,1,50.0,0,N,MELB_URBAN,DRIVE,5,13.0
32513,1,3,130,2,2,50.0,0,I,MELB_URBAN,ROAD,5,7.0
32514,4,3,173,5,1,100.0,0,N,RURAL_VICTORIA,ROAD,5,9.0
32515,1,2,110,1,2,50.0,0,I,MELB_URBAN,STREET,5,16.0
32516,1,3,99,1,2,60.0,0,I,TOWNS,STREET,5,16.0
32517,1,5,147,2,1,60.0,0,I,MELB_URBAN,HIGHWAY,5,12.0
32518,4,3,173,5,1,100.0,0,N,RURAL_VICTORIA,ROAD,5,15.0
32519,1,2,163,1,1,60.0,0,I,MELB_URBAN,STREET,3,9.0
32520,4,3,171,5,1,100.0,0,N,RURAL_VICTORIA,ROAD,5,14.0
32521,1,5,130,4,1,60.0,0,I,MELB_URBAN,RAMP,2,16.0
32522,4,3,171,5,1,60.0,0,N,LARGE_PROVINCIAL_CITIES,STREET,5,16.0
32523,1,3,121,1,2,60.0,0,I,LARGE_PROVINCIAL_CITIES,STREET,5,17.0
32524,4,2,99,1,2,60.0,0,I,MELB_URBAN,STREET,5,16.0
32525,1,3,99,5,2,100.0,0,N,RURAL_VICTORIA,HIGHWAY,5,17.0
32526,1,3,130,1,1,60.0,0,I,MELB_URBAN,ROAD,5,11.0
32527,1,2,130,5,1,60.0,0,N,MELB_URBAN,STREET,4,14.0
32528,1,3,116,2,3,70.0,0,N,MELB_URBAN,ROAD,5,19.0
32529,1,3,120,5,3,50.0,0,N,MELB_URBAN,STREET,5,18.0
32530,1,3,121,2,1,60.0,0,I,MELB_URBAN,ROAD,5,11.0
32531,1,3,121,1,3,60.0,0,I,MELB_URBAN,ROAD,5,18.0
32532,1,3,121,5,2,60.0,0,N,MELB_URBAN,ROAD,5,17.0
32533,1,3,121,1,3,60.0,0,I,MELB_URBAN,ROAD,5,22.0
32534,1,4,134,2,1,60.0,0,I,MELB_URBAN,STREET,4,12.0
32535,1,3,110,1,3,50.0,0,I,MELB_URBAN,STREET,5,21.0
32536,1,3,160,5,3,50.0,0,N,MELB_URBAN,STREET,5,23.0
32537,4,3,171,1,3,50.0,0,I,MELB_URBAN,ROAD,5,23.0
32538,1,4,99,2,1,60.0,0,I,MELB_URBAN,ROAD,4,16.0
32539,2,4,100,1,1,60.0,0,I,MELB_URBAN,STREET,5,8.0
32540,4,3,171,2,1,50.0,0,I,MELB_URBAN,AVENUE,5,13.0
32541,2,4,99,1,1,60.0,0,I,MELB_URBAN,ROAD,5,9.0
32542,1,3,130,1,3,80.0,0,I,RURAL_VICTORIA,ROAD,5,20.0
32543,1,4,135,1,1,50.0,0,I,MELB_URBAN,ROAD,5,9.0
32544,4,2,171,5,1,100.0,0,N,RURAL_VICTORIA,ROAD,2,12.0
32545,4,3,99,5,3,50.0,0,N,MELB_URBAN,STREET,5,17.0
32546,1,3,99,5,1,60.0,0,N,MELB_URBAN,STREET,5,12.0
32547,1,4,121,1,1,60.0,0,I,SMALL_CITIES,PARADE,5,11.0
32548,1,3,110,1,1,60.0,0,I,MELB_URBAN,ROAD,5,14.0
32549,4,6,171,5,3,60.0,0,N,MELB_URBAN,ROAD,5,21.0
32550,2,4,99,5,2,60.0,0,N,MELB_URBAN,ROAD,5,7.0
32551,1,4,120,5,1,80.0,0,N,RURAL_VICTORIA,ROAD,5,10.0
32552,1,6,130,1,2,60.0,0,I,MELB_URBAN,STREET,3,17.0
32553,1,4,130,2,1,60.0,0,N,LARGE_PROVINCIAL_CITIES,ROAD,5,12.0
32554,1,5,132,2,1,60.0,0,I,MELB_URBAN,ROAD,4,15.0
32555,4,3,99,2,5,50.0,0,I,TOWNS,STREET,5,21.0
32556,2,3,102,1,3,70.0,0,I,MELB_URBAN,STREET,5,19.0
32557,1,4,130,1,1,50.0,0,I,LARGE_PROVINCIAL_CITIES,STREET,5,11.0
32558,1,2,130,2,2,60.0,0,I,MELB_URBAN,DRIVE,4,18.0
32559,1,4,134,5,1,50.0,0,N,MELB_URBAN,STREET,5,8.0
32560,4,6,183,2,1,100.0,0,I,RURAL_VICTORIA,ROAD,4,15.0
32561,1,4,130,1,1,70.0,0,I,MELB_URBAN,ROAD,5,14.0
32562,1,6,147,5,1,80.0,0,N,RURAL_VICTORIA,ROAD,4,10.0
32563,1,4,110,1,1,60.0,0,I,LARGE_PROVINCIAL_CITIES,STREET,5,15.0
32564,1,3,140,5,1,50.0,0,N,MELB_URBAN,STREET,9,8.0
32565,1,4,135,5,1,100.0,0,N,MELB_URBAN,UNKNOWN,5,15.0
32566,1,4,110,1,1,80.0,0,I,MELB_URBAN,ROAD,5,14.0
32567,1,4,121,1,1,50.0,0,I,LARGE_PROVINCIAL_CITIES,STREET,5,15.0
32568,1,3,130,5,1,60.0,0,N,MELB_URBAN,ROAD,5,13.0
32569,1,4,113,2,1,80.0,0,I,MELB_URBAN,ROAD,5,14.0
32570,1,4,113,1,1,100.0,1,I,RURAL_VICTORIA,ROAD,5,13.0
32571,1,4,130,5,2,70.0,0,N,SMALL_CITIES,STREET,5,17.0
32572,1,6,99,1,1,60.0,0,I,MELB_URBAN,STREET,5,17.0
32573,1,4,121,2,3,60.0,0,I,MELB_URBAN,STREET,5,17.0
32574,1,4,99,1,1,60.0,0,I,LARGE_PROVINCIAL_CITIES,HIGHWAY,2,10.0
32575,1,4,133,1,2,80.0,0,I,MELB_URBAN,HIGHWAY,5,16.0
32576,1,3,130,5,2,80.0,0,N,MELB_URBAN,FREEWAY,5,18.0
32577,1,4,99,1,2,60.0,0,I,MELB_URBAN,OTHER,5,16.0
32578,1,4,130,5,2,100.0,0,N,MELB_URBAN,FREEWAY,5,18.0
32579,1,4,130,5,2,100.0,0,N,RURAL_VICTORIA,ROAD,5,17.0
32580,6,3,99,1,1,80.0,0,I,MELB_URBAN,HIGHWAY,4,16.0
32581,4,5,171,5,3,50.0,0,N,MELB_URBAN,UNKNOWN,5,1.0
32582,6,4,99,5,1,50.0,0,I,TOWNS,STREET,1,13.0
32583,1,4,130,1,1,50.0,0,I,SMALL_CITIES,STREET,5,13.0
32584,1,5,120,5,2,60.0,0,I,LARGE_PROVINCIAL_CITIES,OTHER,5,6.0
32585,4,5,99,5,1,50.0,0,N,MELB_URBAN,AVENUE,5,8.0
32586,2,4,99,5,2,50.0,0,N,TOWNS,OTHER,5,16.0
32587,1,4,130,2,1,60.0,0,I,MELB_URBAN,ROAD,5,7.0
32588,1,5,160,5,1,60.0,0,N,MELB_URBAN,ROAD,5,9.0
32589,1,5,130,5,1,80.0,0,N,SMALL_CITIES,ROAD,5,8.0
32590,2,5,100,1,2,60.0,0,I,MELB_URBAN,ROAD,5,7.0
32591,1,5,116,2,1,60.0,0,I,MELB_URBAN,ROAD,5,9.0
32592,1,4,130,1,2,60.0,0,I,SMALL_CITIES,STREET,5,16.0
32593,3,3,167,5,2,100.0,0,N,RURAL_VICTORIA,ROAD,5,18.0
32594,1,3,130,5,2,100.0,0,N,MELB_URBAN,ROAD,5,17.0
32595,1,5,110,1,1,50.0,0,I,LARGE_PROVINCIAL_CITIES,ROAD,5,9.0
32596,2,5,100,5,1,50.0,0,N,MELB_URBAN,STREET,5,8.0
32597,1,5,130,5,1,70.0,0,N,MELB_URBAN,ROAD,5,8.0
32598,1,5,99,2,1,50.0,0,I,MELB_URBAN,PARADE,5,11.0
32599,1,5,160,5,1,60.0,0,N,MELB_URBAN,ROAD,5,8.0
32600,1,5,121,2,1,40.0,0,I,MELB_URBAN,STREET,5,12.0
32601,1,4,99,5,1,60.0,0,N,MELB_URBAN,DRIVE,5,12.0
32602,8,6,174,5,1,60.0,0,N,RURAL_VICTORIA,ROAD,4,14.0
32603,4,5,173,5,1,110.0,0,N,RURAL_VICTORIA,ROAD,5,12.0
32604,1,5,130,1,1,60.0,0,I,MELB_URBAN,ROAD,5,9.0
32605,1,5,99,2,1,60.0,0,I,MELB_URBAN,STREET,5,11.0
32606,2,5,102,2,1,60.0,1,I,MELB_URBAN,ROAD,5,10.0
32607,2,5,100,2,1,60.0,1,I,MELB_URBAN,ROAD,5,13.0
32608,8,3,99,2,5,80.0,0,I,RURAL_VICTORIA,ROAD,10,3.0
32609,1,6,113,2,9,90.0,0,I,RURAL_VICTORIA,HIGHWAY,5,16.0
32610,1,5,132,2,2,80.0,0,N,MELB_URBAN,ROAD,5,16.0
32611,1,5,113,2,2,100.0,0,I,RURAL_VICTORIA,ROAD,5,16.0
32612,1,4,99,1,1,60.0,0,I,MELB_URBAN,STREET,5,14.0
32613,2,5,102,2,2,60.0,0,I,MELB_URBAN,STREET,5,18.0
32614,1,5,130,5,2,60.0,0,N,MELB_URBAN,ROAD,5,17.0
32615,1,5,110,1,2,50.0,0,I,MELB_URBAN,STREET,5,17.0
32616,4,6,99,5,1,50.0,0,N,LARGE_PROVINCIAL_CITIES,STREET,5,17.0
32617,4,5,171,5,1,100.0,0,N,RURAL_VICTORIA,HIGHWAY,5,13.0
32618,1,6,99,5,3,50.0,0,N,MELB_URBAN,OTHER,5,4.0
32619,4,4,173,5,3,50.0,0,N,SMALL_CITIES,STREET,5,2.0
32620,1,5,120,5,5,60.0,0,N,RURAL_VICTORIA,ROAD,5,21.0
32621,1,5,147,2,1,50.0,0,I,MELB_URBAN,STREET,5,8.0
32622,1,5,120,5,3,50.0,0,N,MELB_URBAN,STREET,5,21.0
32623,4,5,99,2,2,80.0,0,N,MELB_URBAN,ROAD,5,16.0
32624,1,5,130,5,1,60.0,0,N,MELB_URBAN,ROAD,5,11.0
32625,1,5,110,1,1,60.0,0,I,TOWNS,STREET,5,15.0
32626,6,3,174,5,2,60.0,0,N,MELB_URBAN,ROAD,5,16.0
32627,1,6,133,5,1,40.0,0,N,TOWNS,STREET,5,8.0
32628,1,5,130,1,1,50.0,0,I,MELB_URBAN,STREET,5,11.0
32629,1,6,160,5,1,50.0,0,N,MELB_URBAN,AVENUE,5,11.0
32630,2,6,100,1,1,50.0,0,I,MELB_URBAN,ROAD,5,8.0
32631,1,5,130,1,1,60.0,0,I,MELB_URBAN,ROAD,4,13.0
32632,1,5,130,5,2,60.0,0,N,MELB_URBAN,ROAD,5,7.0
32633,4,6,171,5,1,40.0,0,N,MELB_URBAN,STREET,5,11.0
32634,1,6,130,2,1,60.0,0,I,MELB_URBAN,ROAD,5,10.0
32635,1,5,130,5,2,80.0,0,N,MELB_URBAN,ROAD,5,17.0
32636,1,6,99,5,1,80.0,0,N,MELB_URBAN,ROAD,5,13.0
32637,8,6,174,4,1,60.0,0,I,MELB_URBAN,ROAD,5,15.0
32638,2,5,102,1,1,50.0,0,I,MELB_URBAN,STREET,5,12.0
32639,1,3,99,4,1,60.0,0,N,MELB_URBAN,ROAD,5,10.0
32640,1,7,163,5,9,60.0,0,N,MELB_URBAN,STREET,4,16.0
32641,6,0,99,5,1,60.0,0,N,RURAL_VICTORIA,ROAD,2,15.0
32642,1,6,121,2,1,40.0,0,I,MELB_URBAN,ROAD,5,15.0
32643,4,3,173,5,1,100.0,0,N,RURAL_VICTORIA,ROAD,5,11.0
32644,1,5,160,5,3,60.0,0,N,MELB_URBAN,PARADE,5,22.0
32645,4,5,173,5,5,100.0,0,N,RURAL_VICTORIA,ROAD,5,20.0
32646,1,6,130,2,1,80.0,0,I,MELB_URBAN,ROAD,5,11.0
32647,1,2,140,2,1,50.0,0,I,MELB_URBAN,STREET,3,13.0
32648,2,6,102,5,1,40.0,0,N,TOWNS,STREET,5,15.0
32649,1,6,99,2,9,80.0,0,I,MELB_URBAN,ROAD,3,16.0
32650,1,6,147,2,2,60.0,0,N,MELB_URBAN,ROAD,5,16.0
32651,1,6,163,2,9,60.0,0,I,MELB_URBAN,STREET,5,12.0
32652,1,6,140,2,2,50.0,0,I,MELB_URBAN,DRIVE,5,17.0
32653,1,5,113,2,1,50.0,0,I,MELB_URBAN,ROAD,4,12.0
32654,1,6,130,1,2,60.0,0,I,MELB_URBAN,ROAD,5,16.0
32655,4,6,171,5,2,70.0,0,N,LARGE_PROVINCIAL_CITIES,HIGHWAY,5,18.0
32656,1,6,113,2,2,50.0,0,I,SMALL_CITIES,OTHER,5,17.0
32657,1,6,110,1,2,100.0,0,I,RURAL_VICTORIA,ROAD,5,17.0
32658,1,4,130,2,2,50.0,0,I,MELB_URBAN,STREET,3,6.0
32659,1,6,130,1,2,60.0,0,I,MELB_URBAN,ROAD,5,17.0
32660,1,3,113,2,3,80.0,0,I,MELB_URBAN,ROAD,5,22.0
32661,1,6,135,5,2,100.0,0,N,RURAL_VICTORIA,FREEWAY,5,17.0
32662,1,6,113,2,2,70.0,0,I,MELB_URBAN,BOULEVARD,5,6.0
32663,1,7,160,5,3,60.0,0,N,MELB_URBAN,ROAD,5,1.0
32664,2,7,102,2,3,40.0,0,I,MELB_URBAN,OTHER,5,0.0
32665,4,7,183,5,5,80.0,0,N,RURAL_VICTORIA,STREET,4,23.0
32666,1,7,135,5,2,80.0,0,N,MELB_URBAN,FREEWAY,5,7.0
32667,8,7,174,5,1,60.0,0,N,MELB_URBAN,ROAD,5,8.0
32668,4,7,171,5,2,40.0,0,N,RURAL_VICTORIA,ROAD,5,7.0
32669,1,7,110,1,1,100.0,0,I,RURAL_VICTORIA,ROAD,5,14.0
32670,5,1,99,5,1,60.0,0,N,RURAL_VICTORIA,ROAD,3,10.0
32671,6,6,170,5,2,100.0,0,N,RURAL_VICTORIA,ROAD,3,17.0
32672,1,7,110,1,1,60.0,0,I,LARGE_PROVINCIAL_CITIES,STREET,5,10.0
32673,6,3,99,5,5,60.0,0,N,RURAL_VICTORIA,ROAD,5,22.0
32674,1,5,130,1,1,60.0,0,I,MELB_URBAN,HIGHWAY,3,10.0
32675,1,2,130,5,2,100.0,0,N,MELB_URBAN,FREEWAY,3,17.0
32676,1,7,99,5,1,50.0,0,N,MELB_URBAN,STREET,5,12.0
32677,4,7,183,5,1,100.0,0,N,RURAL_VICTORIA,ROAD,5,11.0
32678,1,7,130,1,1,70.0,0,I,MELB_URBAN,ROAD,5,12.0
32679,1,7,135,1,1,50.0,0,I,MELB_URBAN,STREET,5,10.0
32680,4,2,181,5,1,100.0,0,N,RURAL_VICTORIA,ROAD,5,10.0
32681,4,7,183,5,9,100.0,1,N,RURAL_VICTORIA,DRIVE,5,8.0
32682,8,6,170,5,1,100.0,0,N,RURAL_VICTORIA,ROAD,5,11.0
32683,1,7,110,1,1,60.0,0,I,MELB_URBAN,ROAD,5,13.0
32684,1,4,130,5,2,100.0,0,N,MELB_URBAN,FREEWAY,4,18.0
32685,3,7,167,5,5,90.0,0,N,RURAL_VICTORIA,FREEWAY,5,1.0
32686,1,5,130,2,2,70.0,0,I,MELB_URBAN,ROAD,3,6.0
32687,4,7,171,1,1,40.0,0,I,MELB_URBAN,OTHER,5,14.0
32688,4,7,171,2,2,60.0,0,I,MELB_URBAN,ROAD,5,16.0
32689,1,7,113,2,2,60.0,0,I,MELB_URBAN,ROAD,5,17.0
32690,4,7,173,5,2,50.0,0,N,MELB_URBAN,STREET,5,16.0
32691,1,7,130,1,2,80.0,0,I,MELB_URBAN,ROAD,5,16.0
32692,1,7,121,1,2,60.0,0,I,MELB_URBAN,HIGHWAY,5,17.0
32693,1,2,147,5,1,70.0,0,N,MELB_URBAN,ROAD,4,15.0
32694,4,7,183,5,2,100.0,0,N,RURAL_VICTORIA,ROAD,5,16.0
32695,1,7,130,5,3,60.0,0,N,MELB_URBAN,ROAD,5,19.0
32696,1,6,163,2,1,60.0,0,I,MELB_URBAN,STREET,5,12.0
32697,1,7,130,2,3,60.0,0,I,MELB_URBAN,STREET,5,21.0
32698,1,7,130,2,3,70.0,0,I,MELB_URBAN,ROAD,5,23.0
32699,1,2,130,1,1,60.0,0,I,MELB_URBAN,STREET,4,14.0