,accident_type,day_of_week,dca_code,road_geometry,light_condition,speed_zone,severity,node_type,deg_urban_name,road_type,month,hour
32700,4,1,173,5,5,60.0,0,N,RURAL_VICTORIA,ROAD,5,2.0
32701,1,1,110,1,3,60.0,0,I,MELB_URBAN,ROAD,5,6.0
32702,1,1,121,2,3,60.0,0,I,MELB_URBAN,ROAD,5,5.0
32703,5,1,99,5,5,110.0,0,N,RURAL_VICTORIA,FREEWAY,5,5.0
32704,4,7,183,5,1,110.0,0,N,RURAL_VICTORIA,FREEWAY,5,13.0
32705,1,3,130,2,2,100.0,0,N,MELB_URBAN,ROAD,3,6.0
32706,1,7,110,1,2,60.0,0,I,MELB_URBAN,STREET,5,17.0
32707,1,3,130,2,1,80.0,0,N,MELB_URBAN,STREET,4,8.0
32708,1,1,110,4,1,60.0,0,I,MELB_URBAN,ROAD,5,8.0
32709,1,1,110,1,1,50.0,0,I,SMALL_CITIES,ROAD,5,9.0
32710,1,7,130,5,1,70.0,0,N,TOWNS,ROAD,5,14.0
32711,2,3,99,1,3,60.0,0,I,MELB_URBAN,ROAD,5,20.0
32712,1,1,160,5,1,70.0,0,N,MELB_URBAN,ROAD,5,10.0
32713,4,1,173,2,3,50.0,0,I,SMALL_TOWNS,STREET,5,3.0
32714,1,1,120,1,1,60.0,0,I,MELB_URBAN,STREET,5,8.0
32715,1,1,130,5,1,80.0,0,N,MELB_URBAN,FREEWAY,5,11.0
32716,1,1,130,5,1,70.0,0,I,MELB_URBAN,STREET,5,12.0
32717,1,1,113,2,1,50.0,0,I,MELB_URBAN,STREET,5,12.0
32718,4,1,183,5,1,100.0,0,N,RURAL_VICTORIA,ROAD,5,14.0
32719,2,5,99,5,2,50.0,0,N,MELB_URBAN,ROAD,5,16.0
32720,1,0,113,4,1,60.0,0,I,MELB_URBAN,RAMP,5,14.0
32721,1,1,121,1,1,60.0,0,I,SMALL_CITIES,HIGHWAY,5,13.0
32722,4,1,171,5,1,80.0,0,N,MELB_URBAN,HIGHWAY,5,11.0
32723,4,1,173,5,1,100.0,0,N,RURAL_VICTORIA,ROAD,5,15.0
32724,4,1,181,5,1,100.0,0,N,RURAL_VICTORIA,ROAD,5,13.0
32725,1,1,121,2,2,50.0,0,I,MELB_URBAN,ROAD,5,17.0
32726,4,1,181,5,2,80.0,0,N,RURAL_VICTORIA,ROAD,5,17.0
32727,1,1,130,5,2,100.0,0,N,MELB_URBAN,FREEWAY,5,16.0
32728,6,1,174,5,3,60.0,0,N,MELB_URBAN,ROAD,5,19.0
32729,6,1,99,5,2,100.0,0,N,RURAL_VICTORIA,HIGHWAY,5,18.0
32730,1,1,121,1,2,80.0,0,I,SMALL_TOWNS,STREET,5,17.0
32731,1,1,130,1,3,70.0,0,I,MELB_URBAN,ROAD,5,20.0
32732,1,1,160,5,3,60.0,0,N,MELB_URBAN,ROAD,5,19.0
32733,4,1,171,5,5,80.0,0,N,RURAL_VICTORIA,ROAD,5,22.0
32734,1,3,130,2,1,50.0,0,I,MELB_URBAN,STREET,4,9.0
32735,1,4,130,5,2,60.0,0,N,MELB_URBAN,ROAD,4,18.0
32736,4,5,171,5,5,80.0,0,N,RURAL_VICTORIA,ROAD,4,4.0
32737,1,2,110,1,2,60.0,0,I,MELB_URBAN,BOULEVARD,5,7.0
32738,1,2,116,1,2,60.0,0,I,MELB_URBAN,ROAD,5,7.0
32739,1,2,121,1,2,60.0,0,I,MELB_URBAN,PARADE,5,7.0
32740,1,3,121,5,1,50.0,0,N,SMALL_TOWNS,STREET,5,8.0
32741,1,2,130,5,1,80.0,0,N,MELB_URBAN,HIGHWAY,5,8.0
32742,1,2,132,5,1,100.0,0,N,RURAL_VICTORIA,ROAD,4,16.0
32743,4,6,173,5,1,80.0,0,N,MELB_URBAN,HIGHWAY,5,13.0
32744,8,7,174,1,9,60.0,0,I,RURAL_VICTORIA,ROAD,3,11.0
32745,1,3,130,5,1,60.0,0,N,MELB_URBAN,HIGHWAY,4,15.0
32746,1,2,120,5,1,100.0,0,N,RURAL_VICTORIA,ROAD,5,8.0
32747,1,2,132,2,1,100.0,0,I,RURAL_VICTORIA,ROAD,5,9.0
32748,4,2,171,5,1,80.0,0,N,MELB_URBAN,ROAD,5,9.0
32749,1,2,130,5,2,100.0,0,N,MELB_URBAN,FREEWAY,5,7.0
32750,4,7,183,5,1,60.0,0,N,RURAL_VICTORIA,OTHER,5,14.0
32751,1,3,99,2,2,50.0,0,I,MELB_URBAN,DRIVE,3,7.0
32752,1,2,130,5,1,100.0,0,N,RURAL_VICTORIA,HIGHWAY,5,12.0
32753,8,2,99,2,5,100.0,0,I,RURAL_VICTORIA,ROAD,5,7.0
32754,1,6,130,1,6,60.0,0,I,MELB_URBAN,HIGHWAY,5,17.0
32755,2,7,102,1,3,60.0,0,I,MELB_URBAN,ROAD,5,21.0
32756,1,4,160,2,1,50.0,0,I,MELB_URBAN,STREET,5,8.0
32757,1,2,160,5,1,50.0,0,N,MELB_URBAN,STREET,5,14.0
32758,2,2,99,6,1,50.0,0,N,LARGE_PROVINCIAL_CITIES,OTHER,5,11.0
32759,1,2,121,1,1,40.0,0,I,MELB_URBAN,ROAD,5,12.0
32760,2,4,99,1,2,60.0,0,I,MELB_URBAN,STREET,5,16.0
32761,4,1,171,5,1,100.0,0,N,RURAL_VICTORIA,ROAD,5,11.0
32762,4,5,99,5,2,50.0,0,N,MELB_URBAN,STREET,4,18.0
32763,6,5,174,2,1,60.0,0,I,MELB_URBAN,ROAD,3,8.0
32764,1,1,120,5,2,50.0,0,N,MELB_URBAN,DRIVE,4,17.0
32765,1,2,130,1,1,50.0,0,I,MELB_URBAN,STREET,5,15.0
32766,1,2,163,2,1,50.0,0,I,MELB_URBAN,OTHER,5,16.0
32767,1,2,140,2,3,60.0,0,I,MELB_URBAN,ROAD,5,17.0
32768,4,2,171,5,1,110.0,0,N,RURAL_VICTORIA,FREEWAY,5,15.0
32769,4,2,99,2,1,60.0,0,I,RURAL_VICTORIA,ROAD,5,14.0
32770,4,6,99,5,1,60.0,0,N,MELB_URBAN,STREET,5,11.0
32771,1,2,116,2,1,60.0,0,I,LARGE_PROVINCIAL_CITIES,ROAD,5,15.0
32772,1,2,160,5,1,60.0,0,N,MELB_URBAN,ROAD,5,16.0
32773,1,2,99,2,1,60.0,0,I,MELB_URBAN,ROAD,5,14.0
32774,2,2,102,2,2,60.0,0,I,MELB_URBAN,STREET,5,17.0
32775,1,3,121,1,1,60.0,0,I,MELB_URBAN,ROAD,5,11.0
32776,8,2,174,2,1,50.0,0,I,SMALL_CITIES,OTHER,5,8.0
32777,1,2,121,2,3,80.0,0,I,MELB_URBAN,HIGHWAY,5,19.0
32778,1,2,99,5,3,40.0,0,N,MELBOURNE_CBD,STREET,5,20.0
32779,1,2,160,2,1,50.0,0,I,MELB_URBAN,STREET,5,17.0
32780,1,6,130,2,3,80.0,0,I,MELB_URBAN,ROAD,5,19.0
32781,8,1,174,5,1,60.0,0,N,RURAL_VICTORIA,ROAD,4,12.0
32782,1,4,111,2,1,50.0,0,I,MELB_URBAN,DRIVE,4,12.0
32783,8,3,99,5,3,70.0,0,N,MELB_URBAN,ROAD,5,0.0
32784,1,3,160,5,3,40.0,0,N,MELB_URBAN,ROAD,5,4.0
32785,1,2,110,1,1,100.0,0,I,RURAL_VICTORIA,ROAD,5,14.0
32786,1,3,110,1,2,70.0,0,I,MELB_URBAN,HIGHWAY,5,6.0
32787,1,3,121,2,2,60.0,0,I,MELB_URBAN,ROAD,5,7.0
32788,2,3,102,1,1,80.0,0,I,MELB_URBAN,ROAD,5,8.0
32789,1,3,99,2,1,50.0,0,I,MELB_URBAN,HIGHWAY,5,9.0
32790,8,3,174,5,1,60.0,0,N,MELB_URBAN,ROAD,5,17.0
32791,1,7,147,5,1,60.0,0,N,MELB_URBAN,ROAD,5,9.0
32792,4,3,171,9,2,100.0,0,I,RURAL_VICTORIA,ROAD,5,6.0
32793,1,2,121,1,3,60.0,0,I,MELB_URBAN,ROAD,5,20.0
32794,1,3,113,1,1,60.0,0,I,MELB_URBAN,STREET,5,8.0
32795,1,3,121,2,1,60.0,0,I,MELB_URBAN,OTHER,5,9.0
32796,4,3,99,5,3,60.0,0,N,MELB_URBAN,ROAD,5,1.0
32797,6,3,174,5,1,50.0,0,N,MELB_URBAN,STREET,5,8.0
32798,1,3,130,4,2,80.0,0,I,RURAL_VICTORIA,ROAD,11,17.0
32799,1,3,99,5,2,70.0,0,N,MELB_URBAN,ROAD,5,7.0
32800,1,2,130,1,1,80.0,0,N,MELB_URBAN,ROAD,5,8.0
32801,1,3,121,4,1,60.0,0,I,MELB_URBAN,ROAD,5,10.0
32802,5,1,99,5,9,60.0,0,N,RURAL_VICTORIA,OTHER,5,11.0
32803,1,3,130,5,1,80.0,0,N,MELB_URBAN,ROAD,5,11.0
32804,8,3,174,6,1,50.0,0,N,MELB_URBAN,OTHER,5,8.0
32805,1,3,130,5,1,40.0,0,N,SMALL_CITIES,STREET,5,11.0
32806,2,6,100,1,1,60.0,0,I,MELB_URBAN,ROAD,5,15.0
32807,1,2,130,5,1,80.0,0,N,MELB_URBAN,HIGHWAY,5,15.0
32808,1,2,113,1,2,40.0,0,I,MELB_URBAN,STREET,5,7.0
32809,1,3,110,1,1,60.0,0,I,MELB_URBAN,ROAD,5,12.0
32810,1,3,116,2,1,50.0,0,I,MELB_URBAN,STREET,5,13.0
32811,1,5,99,1,1,50.0,0,I,TOWNS,STREET,5,15.0
32812,2,3,100,2,1,40.0,0,I,MELB_URBAN,STREET,5,12.0
32813,1,2,111,1,1,70.0,0,I,LARGE_PROVINCIAL_CITIES,ROAD,5,13.0
32814,1,3,130,2,1,60.0,0,I,MELB_URBAN,RAMP,5,9.0
32815,1,0,130,1,1,50.0,0,I,MELB_URBAN,STREET,5,13.0
32816,8,3,174,5,1,60.0,0,N,MELB_URBAN,DRIVE,5,14.0
32817,1,3,130,1,1,60.0,0,I,MELB_URBAN,ROAD,5,14.0
32818,1,0,130,1,1,70.0,0,I,MELB_URBAN,HIGHWAY,5,15.0
32819,1,3,121,2,2,60.0,0,I,LARGE_PROVINCIAL_CITIES,ROAD,5,16.0
32820,1,3,99,5,1,60.0,0,N,MELB_URBAN,ROAD,5,15.0
32821,2,3,102,2,1,60.0,0,I,MELB_URBAN,ROAD,2,18.0
32822,1,3,130,5,2,80.0,0,N,MELB_URBAN,HIGHWAY,5,16.0
32823,1,3,160,1,1,60.0,0,I,MELB_URBAN,STREET,5,15.0
32824,1,3,130,5,2,100.0,0,N,MELB_URBAN,FREEWAY,5,16.0
32825,2,3,102,5,2,40.0,0,N,MELB_URBAN,STREET,5,17.0
32826,1,3,121,2,2,50.0,0,I,LARGE_PROVINCIAL_CITIES,AVENUE,5,17.0
32827,1,3,121,1,2,60.0,0,I,TOWNS,ROAD,5,17.0
32828,2,3,100,5,5,60.0,0,N,MELB_URBAN,ROAD,5,19.0
32829,1,3,121,1,2,60.0,0,I,MELB_URBAN,ROAD,5,18.0
32830,1,3,160,5,1,60.0,0,N,MELB_URBAN,ROAD,5,15.0
32831,1,3,113,2,3,60.0,0,I,MELB_URBAN,ROAD,5,19.0
32832,6,3,99,5,1,100.0,0,N,RURAL_VICTORIA,ROAD,5,14.0
32833,1,3,111,2,2,60.0,0,I,MELB_URBAN,ROAD,5,16.0
32834,8,3,174,2,3,60.0,0,I,MELB_URBAN,STREET,5,21.0
32835,1,3,130,5,3,60.0,0,N,SMALL_CITIES,STREET,5,20.0
32836,1,3,130,5,2,60.0,0,N,RURAL_VICTORIA,ROAD,5,16.0
32837,1,3,160,5,3,60.0,0,N,TOWNS,STREET,5,3.0
32838,2,3,99,5,3,50.0,0,N,MELB_URBAN,OTHER,5,23.0
32839,1,5,130,2,3,60.0,0,I,MELB_URBAN,ROAD,4,18.0
32840,4,4,173,5,3,80.0,0,N,MELB_URBAN,ROAD,5,2.0
32841,8,2,174,2,1,70.0,0,I,MELB_URBAN,OTHER,5,8.0
32842,8,2,184,5,1,100.0,0,N,RURAL_VICTORIA,ROAD,5,11.0
32843,1,4,99,2,2,60.0,0,I,MELB_URBAN,ROAD,5,7.0
32844,1,4,140,5,2,60.0,0,N,MELB_URBAN,ROAD,5,7.0
32845,8,7,184,5,1,80.0,0,N,RURAL_VICTORIA,ROAD,4,10.0
32846,1,4,99,4,2,60.0,0,I,MELB_URBAN,ROAD,5,6.0
32847,1,4,130,5,1,60.0,0,N,MELB_URBAN,ROAD,5,8.0
32848,1,4,130,1,1,60.0,0,I,MELB_URBAN,STREET,5,8.0
32849,1,4,110,1,1,50.0,0,I,LARGE_PROVINCIAL_CITIES,STREET,5,9.0
32850,1,5,121,1,1,60.0,0,I,MELB_URBAN,ROAD,4,12.0
32851,1,4,99,2,1,60.0,0,I,RURAL_VICTORIA,ROAD,5,10.0
32852,1,1,113,2,2,70.0,0,I,RURAL_VICTORIA,ROAD,2,19.0
32853,1,4,99,5,1,50.0,0,N,MELB_URBAN,STREET,5,10.0
32854,3,6,167,5,2,80.0,0,N,RURAL_VICTORIA,ROAD,4,6.0
32855,1,4,147,5,2,60.0,0,N,MELB_URBAN,STREET,5,7.0
32856,8,3,174,5,2,60.0,0,N,MELB_URBAN,ROAD,4,18.0
32857,1,7,130,2,3,70.0,0,I,MELB_URBAN,ROAD,5,17.0
32858,1,3,130,1,2,50.0,0,N,SMALL_CITIES,STREET,5,17.0
32859,1,4,130,5,1,60.0,0,N,LARGE_PROVINCIAL_CITIES,STREET,5,8.0
32860,1,4,160,1,1,60.0,0,I,TOWNS,STREET,5,13.0
32861,4,4,181,5,1,100.0,0,N,RURAL_VICTORIA,HIGHWAY,5,12.0
32862,6,7,174,2,1,100.0,0,I,RURAL_VICTORIA,ROAD,7,10.0
32863,1,5,130,1,1,70.0,0,I,MELB_URBAN,ROAD,5,12.0
32864,4,4,99,2,1,50.0,0,I,LARGE_PROVINCIAL_CITIES,STREET,5,14.0
32865,1,3,121,2,3,60.0,0,I,MELB_URBAN,STREET,4,18.0
32866,1,4,130,5,2,60.0,0,N,LARGE_PROVINCIAL_CITIES,STREET,5,16.0
32867,1,5,130,2,1,50.0,0,N,LARGE_PROVINCIAL_CITIES,HIGHWAY,4,8.0
32868,1,4,110,1,2,60.0,0,I,SMALL_CITIES,ROAD,5,16.0
32869,1,4,121,1,2,60.0,0,I,SMALL_CITIES,ROAD,5,16.0
32870,1,4,132,2,1,100.0,0,I,RURAL_VICTORIA,ROAD,5,15.0
32871,4,4,173,5,2,50.0,0,N,SMALL_CITIES,STREET,5,16.0
32872,1,4,121,5,2,60.0,0,N,MELB_URBAN,STREET,5,18.0
32873,1,4,113,2,2,60.0,0,I,MELB_URBAN,ROAD,5,17.0
32874,1,4,160,5,2,50.0,0,N,SMALL_CITIES,STREET,5,16.0
32875,1,4,121,1,1,60.0,0,I,LARGE_PROVINCIAL_CITIES,STREET,5,14.0
32876,1,4,130,5,2,60.0,0,N,MELB_URBAN,AVENUE,5,17.0
32877,1,4,133,5,1,80.0,0,N,MELB_URBAN,FREEWAY,5,15.0
32878,1,5,99,1,2,50.0,0,I,TOWNS,ROAD,5,16.0
32879,1,4,113,2,2,50.0,0,I,MELB_URBAN,ROAD,5,18.0
32880,1,4,130,5,2,100.0,0,N,MELB_URBAN,FREEWAY,5,18.0
32881,4,4,171,2,3,60.0,0,I,SMALL_CITIES,HIGHWAY,5,18.0
32882,1,4,130,5,2,100.0,0,N,MELB_URBAN,FREEWAY,5,18.0
32883,2,3,102,5,2,50.0,0,N,MELB_URBAN,STREET,5,6.0
32884,5,5,99,5,1,60.0,0,N,RURAL_VICTORIA,OTHER,4,13.0
32885,4,4,99,2,2,80.0,0,I,RURAL_VICTORIA,ROAD,5,18.0
32886,1,4,132,2,3,60.0,0,I,MELB_URBAN,STREET,5,18.0
32887,1,4,147,5,5,60.0,0,N,MELB_URBAN,OTHER,5,0.0
32888,1,3,121,1,3,60.0,0,I,MELB_URBAN,ROAD,5,22.0
32889,2,4,99,5,5,80.0,1,N,RURAL_VICTORIA,ROAD,5,18.0
32890,1,3,130,5,2,100.0,0,N,MELB_URBAN,FREEWAY,4,18.0
32891,1,4,130,5,2,70.0,0,N,MELB_URBAN,ROAD,5,18.0
32892,4,5,173,1,3,60.0,0,I,MELB_URBAN,ROAD,5,3.0
32893,1,6,113,2,1,60.0,0,I,SMALL_CITIES,DRIVE,3,9.0
32894,1,5,140,5,1,60.0,0,N,MELB_URBAN,ROAD,5,8.0
32895,1,5,99,5,2,60.0,0,N,MELB_URBAN,STREET,5,7.0
32896,2,5,102,1,1,70.0,0,I,MELB_URBAN,ROAD,5,8.0
32897,1,3,110,1,1,50.0,0,I,TOWNS,STREET,5,15.0
32898,1,3,130,2,1,70.0,0,I,MELB_URBAN,ROAD,5,12.0
32899,1,5,130,5,2,70.0,0,N,RURAL_VICTORIA,ROAD,5,6.0
32900,2,2,99,1,3,40.0,0,I,MELBOURNE_CBD,STREET,5,18.0
32901,2,7,99,5,3,60.0,0,N,MELB_URBAN,BOULEVARD,5,1.0
32902,1,5,121,2,1,60.0,0,I,MELB_URBAN,ROAD,5,8.0
32903,1,4,160,5,6,50.0,0,N,MELB_URBAN,STREET,5,0.0
32904,4,4,183,2,5,60.0,0,I,RURAL_VICTORIA,ROAD,5,19.0
32905,2,5,102,2,1,60.0,0,I,MELB_URBAN,HIGHWAY,5,10.0
32906,1,5,160,5,1,60.0,0,N,MELB_URBAN,ROAD,5,10.0
32907,2,4,102,5,6,50.0,0,N,SMALL_CITIES,DRIVE,5,19.0
32908,1,5,163,5,1,40.0,0,N,MELB_URBAN,ROAD,5,11.0
32909,4,3,171,1,5,80.0,0,N,RURAL_VICTORIA,ROAD,4,20.0
32910,1,4,130,2,1,60.0,0,I,MELB_URBAN,STREET,5,13.0
32911,1,6,133,5,2,80.0,0,N,MELB_URBAN,HIGHWAY,5,16.0
32912,8,6,174,1,1,60.0,0,I,MELB_URBAN,ROAD,5,10.0
32913,3,5,167,5,1,100.0,0,N,RURAL_VICTORIA,ROAD,5,10.0
32914,1,5,116,2,1,70.0,0,I,MELB_URBAN,ROAD,5,13.0
32915,1,5,110,1,1,50.0,0,I,SMALL_CITIES,STREET,5,14.0
32916,8,7,99,2,1,60.0,0,I,SMALL_TOWNS,STREET,3,14.0
32917,1,2,130,2,1,60.0,0,I,MELB_URBAN,ROAD,5,8.0
32918,4,2,181,3,2,70.0,0,I,RURAL_VICTORIA,OTHER,5,7.0
32919,1,4,132,5,2,80.0,0,N,RURAL_VICTORIA,OTHER,5,16.0
32920,1,4,130,1,1,80.0,0,N,MELB_URBAN,ROAD,5,14.0
32921,1,4,130,5,1,50.0,0,N,MELB_URBAN,STREET,5,14.0
32922,1,5,110,1,2,50.0,0,I,SMALL_CITIES,STREET,5,17.0
32923,1,3,110,1,2,50.0,0,I,MELB_URBAN,STREET,5,6.0
32924,8,1,99,5,2,50.0,0,N,MELB_URBAN,DRIVE,4,18.0
32925,1,5,130,2,1,50.0,0,I,MELB_URBAN,ROAD,5,15.0
32926,1,5,99,5,2,100.0,0,N,RURAL_VICTORIA,ROAD,5,16.0
32927,8,1,99,5,9,50.0,0,N,MELB_URBAN,STREET,5,17.0
32928,6,2,174,1,1,60.0,0,I,MELB_URBAN,ROAD,12,13.0
32929,1,5,134,1,2,70.0,0,I,MELB_URBAN,PARADE,5,16.0
32930,1,5,130,5,1,100.0,0,N,MELB_URBAN,FREEWAY,4,16.0
32931,2,5,99,2,1,40.0,0,I,MELB_URBAN,ROAD,5,14.0
32932,1,5,130,5,3,80.0,0,N,MELB_URBAN,ROAD,5,18.0
32933,4,5,181,5,2,60.0,0,N,MELB_URBAN,OTHER,5,17.0
32934,1,5,121,2,2,60.0,0,I,MELB_URBAN,ROAD,5,16.0
32935,1,5,121,1,2,50.0,0,I,MELB_URBAN,STREET,5,16.0
32936,1,5,113,1,3,60.0,0,I,MELB_URBAN,ROAD,5,0.0
32937,4,6,183,5,2,100.0,0,N,RURAL_VICTORIA,HIGHWAY,5,6.0
32938,2,6,100,1,2,80.0,0,I,MELB_URBAN,HIGHWAY,5,7.0
32939,8,6,174,2,1,60.0,0,I,MELB_URBAN,ROAD,5,8.0
32940,1,6,113,2,2,80.0,0,I,RURAL_VICTORIA,HIGHWAY,5,7.0
32941,8,5,170,4,1,60.0,0,I,MELB_URBAN,STREET,5,9.0
32942,1,6,147,5,1,60.0,0,N,MELB_URBAN,ROAD,5,10.0
32943,1,6,99,5,1,50.0,0,N,MELB_URBAN,STREET,5,8.0
32944,1,5,99,1,1,70.0,0,N,RURAL_VICTORIA,HIGHWAY,5,8.0
32945,1,6,130,5,1,60.0,0,N,MELB_URBAN,HIGHWAY,5,9.0
32946,1,6,121,2,1,100.0,0,I,MELB_URBAN,ROAD,5,11.0
32947,4,6,173,5,1,50.0,0,N,MELB_URBAN,STREET,5,11.0
32948,2,6,100,1,1,50.0,0,I,SMALL_CITIES,STREET,5,9.0
32949,1,4,110,1,1,60.0,0,I,MELB_URBAN,ROAD,2,10.0
32950,1,6,130,5,1,70.0,0,N,MELB_URBAN,ROAD,5,12.0
32951,1,5,130,1,2,60.0,0,I,MELB_URBAN,ROAD,5,16.0
32952,1,6,110,1,1,60.0,0,I,MELB_URBAN,ROAD,5,12.0
32953,1,3,110,1,1,60.0,0,I,SMALL_CITIES,ROAD,5,8.0
32954,6,6,174,5,1,60.0,0,N,RURAL_VICTORIA,ROAD,5,10.0
32955,1,6,121,2,1,60.0,0,I,MELB_URBAN,ROAD,5,15.0
32956,1,5,121,5,1,60.0,0,N,LARGE_PROVINCIAL_CITIES,ROAD,5,13.0
32957,8,1,174,5,1,60.0,0,N,MELB_URBAN,AVENUE,5,14.0
32958,1,6,130,1,9,60.0,0,I,MELB_URBAN,ROAD,3,20.0
32959,1,6,147,5,2,60.0,0,N,MELB_URBAN,ROAD,5,16.0
32960,6,5,170,5,5,100.0,0,N,RURAL_VICTORIA,ROAD,5,23.0
32961,1,6,130,2,2,80.0,0,I,MELB_URBAN,ROAD,5,16.0
32962,4,6,171,4,2,50.0,0,I,MELB_URBAN,AVENUE,5,16.0
32963,1,6,113,1,2,50.0,0,I,MELB_URBAN,STREET,5,17.0
32964,1,6,163,5,2,40.0,0,N,MELB_URBAN,STREET,5,18.0
32965,1,6,163,2,3,50.0,0,I,MELB_URBAN,STREET,5,19.0
32966,1,6,99,2,3,50.0,0,I,MELB_URBAN,ROAD,5,21.0
32967,1,7,130,1,9,60.0,0,I,MELB_URBAN,ROAD,5,6.0
32968,1,6,130,5,2,100.0,0,N,MELB_URBAN,ROAD,5,18.0
32969,1,6,111,1,3,60.0,0,I,MELB_URBAN,AVENUE,5,22.0
32970,2,5,102,5,1,80.0,0,N,TOWNS,HIGHWAY,5,10.0
32971,1,7,111,1,2,60.0,0,I,MELB_URBAN,STREET,5,6.0
32972,1,3,130,5,2,80.0,0,N,MELB_URBAN,HIGHWAY,5,16.0
32973,1,6,113,2,1,50.0,0,I,SMALL_CITIES,ROAD,5,12.0
32974,1,5,130,1,1,60.0,0,I,MELB_URBAN,STREET,5,12.0
32975,1,7,110,1,1,60.0,0,I,MELB_URBAN,STREET,5,9.0
32976,4,6,171,5,1,100.0,0,N,MELB_URBAN,UNKNOWN,5,10.0
32977,2,6,100,1,1,50.0,0,I,MELB_URBAN,STREET,5,12.0
32978,1,7,130,2,1,60.0,0,I,MELB_URBAN,HIGHWAY,5,7.0
32979,1,7,132,5,1,100.0,0,N,RURAL_VICTORIA,HIGHWAY,5,11.0
32980,1,7,130,5,1,70.0,0,N,MELB_URBAN,STREET,5,11.0
32981,1,4,134,2,3,40.0,0,I,MELB_URBAN,ROAD,5,17.0
32982,1,6,111,2,1,60.0,0,I,MELB_URBAN,ROAD,5,8.0
32983,1,7,113,2,1,90.0,0,I,LARGE_PROVINCIAL_CITIES,HIGHWAY,5,13.0
32984,1,6,130,5,1,100.0,0,N,MELB_URBAN,FREEWAY,5,15.0
32985,1,6,99,2,1,40.0,0,I,MELB_URBAN,ROAD,5,14.0
32986,1,6,130,5,2,100.0,0,N,MELB_URBAN,FREEWAY,5,18.0
32987,1,7,110,1,1,50.0,0,I,TOWNS,STREET,5,13.0
32988,1,4,135,2,1,60.0,0,I,MELB_URBAN,STREET,5,15.0
32989,1,5,120,5,5,100.0,0,N,RURAL_VICTORIA,OTHER,5,17.0
32990,1,7,130,1,1,50.0,0,I,LARGE_PROVINCIAL_CITIES,STREET,5,12.0
32991,1,6,121,2,1,70.0,0,I,MELB_URBAN,ROAD,5,15.0
32992,1,2,130,2,2,80.0,0,I,MELB_URBAN,ROAD,3,17.0
32993,1,7,121,5,2,60.0,0,N,MELB_URBAN,ROAD,5,16.0
32994,8,7,174,1,1,60.0,0,I,LARGE_PROVINCIAL_CITIES,STREET,5,15.0
32995,1,5,163,5,1,40.0,0,N,MELB_URBAN,STREET,5,14.0
32996,7,7,99,5,2,60.0,0,N,MELB_URBAN,PARADE,5,17.0
32997,1,7,120,5,2,100.0,0,N,RURAL_VICTORIA,HIGHWAY,5,17.0
32998,6,7,99,5,2,100.0,0,N,RURAL_VICTORIA,ROAD,5,18.0
32999,1,7,140,5,2,60.0,0,N,MELB_URBAN,ROAD,5,16.0
33000,4,7,171,1,3,60.0,0,I,LARGE_PROVINCIAL_CITIES,STREET,5,22.0
33001,2,1,99,2,3,60.0,0,I,MELB_URBAN,STREET,5,2.0
33002,1,1,120,5,3,60.0,0,N,MELB_URBAN,ROAD,5,2.0
33003,6,1,170,5,5,110.0,0,N,RURAL_VICTORIA,FREEWAY,5,4.0
33004,1,0,110,1,1,60.0,0,I,RURAL_VICTORIA,ROAD,5,10.0
33005,1,1,130,5,1,80.0,0,N,MELB_URBAN,ROAD,5,9.0
33006,4,1,173,5,1,80.0,0,N,RURAL_VICTORIA,HIGHWAY,5,9.0
33007,1,5,163,1,1,60.0,0,I,MELB_URBAN,ROAD,5,9.0
33008,1,1,121,1,1,60.0,0,I,MELB_URBAN,HIGHWAY,5,10.0
33009,1,4,135,5,2,100.0,0,N,MELB_URBAN,FREEWAY,5,17.0
33010,1,6,121,2,3,40.0,0,I,MELBOURNE_CBD,STREET,5,18.0
33011,1,1,120,5,1,100.0,0,N,RURAL_VICTORIA,ROAD,5,10.0
33012,1,3,163,5,1,50.0,0,N,TOWNS,HIGHWAY,5,9.0
33013,1,1,116,2,1,80.0,0,I,MELB_URBAN,HIGHWAY,5,14.0
33014,1,5,113,2,1,60.0,0,I,MELB_URBAN,HIGHWAY,3,8.0
33015,8,2,174,1,2,60.0,0,I,TOWNS,STREET,5,17.0
33016,1,1,110,1,1,60.0,0,I,MELB_URBAN,ROAD,5,11.0
33017,4,1,181,5,1,100.0,0,N,RURAL_VICTORIA,ROAD,5,11.0
33018,6,1,99,5,5,100.0,0,N,RURAL_VICTORIA,ROAD,5,0.0
33019,1,1,121,2,1,80.0,0,I,MELB_URBAN,ROAD,5,15.0
33020,6,1,170,5,1,100.0,0,N,RURAL_VICTORIA,HIGHWAY,5,13.0
33021,1,1,134,1,9,80.0,0,I,MELB_URBAN,ROAD,5,8.0
33022,1,3,140,5,1,60.0,0,N,MELB_URBAN,ROAD,3,9.0
33023,4,1,181,5,1,100.0,0,N,RURAL_VICTORIA,ROAD,5,15.0
33024,6,1,99,5,2,100.0,0,I,RURAL_VICTORIA,AVENUE,5,17.0
33025,1,1,121,1,2,60.0,0,I,MELB_URBAN,STREET,5,17.0
33026,1,1,110,1,3,60.0,0,I,MELB_URBAN,STREET,5,19.0
33027,1,1,130,1,3,60.0,0,I,LARGE_PROVINCIAL_CITIES,STREET,5,19.0
33028,1,1,99,2,2,60.0,0,N,MELB_URBAN,ROAD,5,18.0
33029,1,1,111,2,1,50.0,0,I,MELB_URBAN,ROAD,5,13.0
33030,1,1,121,5,5,100.0,0,N,RURAL_VICTORIA,HIGHWAY,5,19.0
33031,1,1,130,5,1,80.0,0,N,MELB_URBAN,HIGHWAY,5,21.0
33032,1,1,121,2,5,50.0,0,I,SMALL_CITIES,AVENUE,5,20.0
33033,1,1,99,5,2,80.0,0,N,RURAL_VICTORIA,ROAD,5,18.0