,accident_type,day_of_week,dca_code,road_geometry,light_condition,speed_zone,severity,node_type,deg_urban_name,road_type,month,hour
33034,1,2,130,5,9,60.0,0,N,MELB_URBAN,ROAD,5,18.0
33035,1,3,130,5,1,60.0,0,N,MELB_URBAN,STREET,5,10.0
33036,1,1,163,5,1,60.0,0,N,MELB_URBAN,STREET,5,12.0
33037,4,1,171,5,3,80.0,0,N,MELB_URBAN,ROAD,5,23.0
33038,4,2,171,1,3,60.0,0,I,MELB_URBAN,ROAD,5,1.0
33039,4,4,171,5,3,50.0,0,N,TOWNS,PARADE,5,22.0
33040,4,1,99,2,3,60.0,1,I,MELB_URBAN,STREET,5,20.0
33041,1,2,130,5,3,80.0,0,N,MELB_URBAN,HIGHWAY,5,5.0
33042,2,2,102,5,1,50.0,0,N,MELB_URBAN,AVENUE,5,8.0
33043,1,5,99,5,2,60.0,0,N,LARGE_PROVINCIAL_CITIES,STREET,5,16.0
33044,4,2,99,5,1,60.0,0,N,MELB_URBAN,OTHER,5,10.0
33045,2,2,100,1,1,40.0,0,I,LARGE_PROVINCIAL_CITIES,ROAD,5,8.0
33046,1,2,120,5,1,60.0,0,N,MELB_URBAN,ROAD,5,10.0
33047,7,1,174,2,1,100.0,0,I,RURAL_VICTORIA,ROAD,5,13.0
33048,1,3,99,1,2,60.0,0,I,LARGE_PROVINCIAL_CITIES,STREET,4,17.0
33049,1,7,113,2,3,80.0,0,I,MELB_URBAN,HIGHWAY,5,6.0
33050,1,2,99,5,1,50.0,0,N,MELB_URBAN,STREET,5,10.0
33051,1,2,135,5,1,80.0,0,N,MELB_URBAN,HIGHWAY,5,12.0
33052,4,5,173,2,1,50.0,0,I,MELB_URBAN,AVENUE,3,13.0
33053,4,2,171,4,1,80.0,0,N,MELB_URBAN,ROAD,5,12.0
33054,1,2,113,2,1,80.0,0,I,TOWNS,HIGHWAY,5,13.0
33055,1,2,130,1,1,70.0,0,I,MELB_URBAN,STREET,5,13.0
33056,1,2,111,1,1,50.0,0,I,LARGE_PROVINCIAL_CITIES,STREET,5,11.0
33057,1,2,121,2,1,60.0,0,I,MELB_URBAN,ROAD,5,13.0
33058,1,2,130,2,1,70.0,0,I,RURAL_VICTORIA,HIGHWAY,4,12.0
33059,1,2,130,1,1,80.0,0,N,MELB_URBAN,ROAD,5,15.0
33060,2,2,100,5,1,50.0,0,N,SMALL_CITIES,STREET,5,13.0
33061,8,2,174,1,1,60.0,0,I,LARGE_PROVINCIAL_CITIES,ROAD,5,13.0
33062,1,2,121,1,1,80.0,0,I,MELB_URBAN,ROAD,5,15.0
33063,7,7,99,5,1,100.0,0,N,RURAL_VICTORIA,ROAD,5,13.0
33064,1,2,113,2,1,70.0,0,I,MELB_URBAN,ROAD,5,15.0
33065,1,2,130,5,1,60.0,0,N,LARGE_PROVINCIAL_CITIES,AVENUE,5,8.0
33066,1,2,130,1,2,60.0,0,I,MELB_URBAN,RAMP,5,17.0
33067,1,2,121,5,2,60.0,0,N,MELB_URBAN,ROAD,5,16.0
33068,4,2,171,5,1,80.0,0,N,MELB_URBAN,ROAD,5,15.0
33069,1,2,121,2,1,60.0,0,I,MELB_URBAN,ROAD,5,15.0
33070,2,2,102,1,2,60.0,0,I,MELB_URBAN,STREET,5,16.0
33071,1,6,130,5,2,60.0,0,N,SMALL_CITIES,AVENUE,5,17.0
33072,2,2,102,2,2,40.0,0,I,MELB_URBAN,STREET,5,18.0
33073,1,2,121,2,1,60.0,0,I,MELB_URBAN,ROAD,5,14.0
33074,1,2,130,5,2,80.0,0,N,LARGE_PROVINCIAL_CITIES,ROAD,5,17.0
33075,1,1,110,1,2,50.0,0,I,TOWNS,STREET,5,17.0
33076,1,2,132,2,2,70.0,0,I,MELB_URBAN,ROAD,5,16.0
33077,4,2,181,5,5,100.0,0,N,RURAL_VICTORIA,HIGHWAY,5,18.0
33078,1,1,121,2,2,40.0,0,I,MELB_URBAN,ROAD,5,16.0
33079,1,2,121,1,2,60.0,0,I,MELB_URBAN,ROAD,5,17.0
33080,1,2,120,5,2,40.0,0,N,MELB_URBAN,STREET,5,18.0
33081,1,2,110,1,2,50.0,0,I,MELB_URBAN,DRIVE,5,18.0
33082,1,2,140,5,1,60.0,0,N,MELB_URBAN,PARADE,5,11.0
33083,1,2,116,1,3,60.0,0,I,SMALL_CITIES,ROAD,5,19.0
33084,1,2,110,1,2,100.0,1,I,RURAL_VICTORIA,ROAD,5,16.0
33085,1,2,120,5,5,100.0,0,N,RURAL_VICTORIA,ROAD,5,1.0
33086,1,3,147,5,3,60.0,0,N,MELB_URBAN,ROAD,5,5.0
33087,1,2,121,2,3,80.0,0,I,MELB_URBAN,HIGHWAY,5,20.0
33088,2,3,99,5,3,70.0,1,N,MELB_URBAN,ROAD,5,5.0
33089,1,4,130,5,1,60.0,0,N,MELB_URBAN,HIGHWAY,4,8.0
33090,1,1,113,2,1,100.0,0,I,SMALL_TOWNS,HIGHWAY,5,14.0
33091,1,3,160,5,2,60.0,0,N,MELB_URBAN,ROAD,5,7.0
33092,2,3,99,5,1,60.0,0,N,MELB_URBAN,ROAD,5,8.0
33093,2,3,99,1,1,60.0,0,I,MELBOURNE_CBD,STREET,5,7.0
33094,1,3,113,4,1,60.0,0,I,MELB_URBAN,ROAD,5,8.0
33095,4,5,99,5,1,60.0,0,N,MELB_URBAN,STREET,10,12.0
33096,1,3,132,2,1,60.0,0,I,MELB_URBAN,ROAD,5,10.0
33097,2,5,99,1,2,60.0,0,I,MELB_URBAN,STREET,4,19.0
33098,1,3,99,2,2,50.0,0,I,MELB_URBAN,STREET,5,7.0
33099,1,3,99,2,1,70.0,0,I,LARGE_PROVINCIAL_CITIES,OTHER,5,8.0
33100,1,3,116,2,1,60.0,0,I,MELB_URBAN,OTHER,5,9.0
33101,2,2,100,1,9,50.0,0,I,MELB_URBAN,ROAD,5,17.0
33102,4,3,173,5,1,100.0,0,N,RURAL_VICTORIA,ROAD,5,14.0
33103,2,2,100,1,9,50.0,0,I,MELB_URBAN,STREET,4,18.0
33104,1,3,121,2,1,60.0,0,I,MELB_URBAN,ROAD,5,13.0
33105,1,5,130,5,1,80.0,0,N,MELB_URBAN,RAMP,5,15.0
33106,1,3,120,4,1,100.0,0,I,RURAL_VICTORIA,HIGHWAY,5,14.0
33107,7,2,99,1,1,60.0,0,I,MELB_URBAN,ROAD,5,12.0
33108,1,2,99,2,1,60.0,0,I,MELB_URBAN,ROAD,5,13.0
33109,2,1,99,5,1,60.0,0,N,SMALL_CITIES,DRIVE,5,9.0
33110,1,2,121,5,1,40.0,0,N,MELB_URBAN,STREET,5,15.0
33111,1,3,130,5,1,80.0,0,N,MELB_URBAN,HIGHWAY,5,15.0
33112,2,3,102,2,1,60.0,0,I,MELB_URBAN,AVENUE,5,16.0
33113,6,3,99,5,1,100.0,0,N,RURAL_VICTORIA,HIGHWAY,5,13.0
33114,8,2,174,1,2,60.0,0,I,MELB_URBAN,ROAD,5,16.0
33115,2,3,99,5,1,60.0,0,N,MELB_URBAN,STREET,5,14.0
33116,2,3,99,5,2,50.0,0,N,SMALL_CITIES,STREET,5,16.0
33117,2,3,100,2,2,50.0,0,I,SMALL_CITIES,STREET,5,17.0
33118,1,3,113,2,1,70.0,0,I,MELB_URBAN,ROAD,5,15.0
33119,2,3,99,5,2,60.0,0,N,TOWNS,AVENUE,5,17.0
33120,1,3,160,5,2,50.0,0,N,MELB_URBAN,DRIVE,5,16.0
33121,1,2,110,4,2,50.0,0,I,MELB_URBAN,RAMP,5,18.0
33122,1,3,140,5,2,100.0,0,N,MELB_URBAN,FREEWAY,5,16.0
33123,1,3,130,2,3,60.0,0,I,MELB_URBAN,HIGHWAY,5,18.0
33124,1,3,99,4,1,60.0,0,I,MELB_URBAN,STREET,5,15.0
33125,4,3,99,5,3,50.0,0,N,MELB_URBAN,AVENUE,5,19.0
33126,2,3,100,5,1,60.0,0,N,MELB_URBAN,ROAD,5,14.0
33127,2,3,100,2,5,50.0,0,I,MELB_URBAN,STREET,5,18.0
33128,4,6,173,5,2,70.0,0,N,RURAL_VICTORIA,STREET,5,6.0
33129,1,3,130,5,1,40.0,0,N,MELB_URBAN,ROAD,5,15.0
33130,4,4,173,5,3,60.0,0,N,SMALL_CITIES,STREET,5,0.0
33131,1,2,132,5,2,60.0,0,N,MELB_URBAN,ROAD,5,5.0
33132,1,2,99,1,6,60.0,0,I,MELB_URBAN,ROAD,5,17.0
33133,2,4,102,1,2,60.0,0,N,TOWNS,STREET,5,6.0
33134,1,4,130,5,2,100.0,0,N,RURAL_VICTORIA,FREEWAY,5,16.0
33135,1,4,130,5,1,70.0,0,N,MELB_URBAN,STREET,5,15.0
33136,8,6,174,5,2,60.0,0,N,MELB_URBAN,STREET,5,16.0
33137,6,4,170,5,1,100.0,0,N,RURAL_VICTORIA,HIGHWAY,5,8.0
33138,1,3,110,4,1,60.0,0,I,MELB_URBAN,ROAD,5,9.0
33139,1,6,121,2,1,60.0,0,I,MELB_URBAN,ROAD,5,11.0
33140,2,4,102,1,1,70.0,0,I,MELB_URBAN,HIGHWAY,5,9.0
33141,6,7,174,5,2,60.0,0,N,SMALL_TOWNS,ROAD,5,16.0
33142,1,5,163,5,2,60.0,0,N,MELB_URBAN,DRIVE,5,16.0
33143,1,4,110,1,1,50.0,0,I,MELB_URBAN,STREET,5,8.0
33144,1,3,130,2,1,80.0,0,I,MELB_URBAN,HIGHWAY,5,8.0
33145,4,3,181,5,1,80.0,0,N,RURAL_VICTORIA,ROAD,5,14.0
33146,1,3,130,5,1,60.0,0,N,LARGE_PROVINCIAL_CITIES,ROAD,5,15.0
33147,1,4,121,2,1,70.0,0,I,MELB_URBAN,ROAD,5,12.0
33148,1,4,113,2,1,80.0,0,I,MELB_URBAN,HIGHWAY,5,12.0
33149,2,4,100,1,1,40.0,0,I,MELB_URBAN,STREET,5,14.0
33150,2,4,99,2,1,40.0,0,I,MELB_URBAN,STREET,5,12.0
33151,1,3,116,2,2,60.0,0,N,MELB_URBAN,ROAD,4,18.0
33152,1,3,110,1,1,50.0,0,I,MELB_URBAN,STREET,5,15.0
33153,2,5,100,5,2,60.0,0,N,MELB_URBAN,ROAD,5,17.0
33154,5,3,99,5,5,100.0,0,N,RURAL_VICTORIA,ROAD,5,17.0
33155,1,4,121,2,2,80.0,0,N,MELB_URBAN,ROAD,5,7.0
33156,6,3,99,2,1,100.0,0,I,RURAL_VICTORIA,ROAD,5,8.0
33157,1,4,110,1,2,50.0,0,I,SMALL_CITIES,STREET,5,16.0
33158,8,4,174,5,1,60.0,0,N,RURAL_VICTORIA,ROAD,9,13.0
33159,2,4,99,5,1,40.0,0,N,SMALL_TOWNS,STREET,5,15.0
33160,1,4,116,1,1,70.0,0,I,MELB_URBAN,STREET,5,13.0
33161,1,6,130,5,1,70.0,0,N,MELB_URBAN,STREET,5,15.0
33162,8,1,174,5,1,60.0,0,N,MELB_URBAN,ROAD,5,12.0
33163,1,4,120,2,1,100.0,0,I,RURAL_VICTORIA,ROAD,5,13.0
33164,4,2,181,5,1,80.0,0,N,MELB_URBAN,ROAD,5,12.0
33165,1,4,130,1,2,60.0,0,I,MELB_URBAN,STREET,5,16.0
33166,1,4,147,5,1,60.0,0,N,SMALL_CITIES,STREET,5,15.0
33167,1,4,132,5,1,80.0,0,N,SMALL_CITIES,AVENUE,5,13.0
33168,8,2,174,5,2,40.0,0,N,MELB_URBAN,ROAD,5,18.0
33169,4,7,181,5,2,100.0,0,N,RURAL_VICTORIA,ROAD,5,16.0
33170,1,4,130,1,2,80.0,0,I,MELB_URBAN,ROAD,5,18.0
33171,1,4,130,2,2,70.0,0,I,MELB_URBAN,ROAD,5,17.0
33172,1,4,113,2,2,50.0,0,I,MELB_URBAN,STREET,5,18.0
33173,4,4,181,5,2,60.0,0,N,RURAL_VICTORIA,ROAD,5,18.0
33174,1,4,121,1,2,60.0,0,I,MELB_URBAN,DRIVE,5,18.0
33175,1,3,130,5,2,80.0,0,N,MELB_URBAN,RAMP,5,18.0
33176,1,4,130,2,9,100.0,0,I,MELB_URBAN,FREEWAY,5,21.0
33177,1,4,135,5,2,100.0,0,N,MELB_URBAN,FREEWAY,5,17.0
33178,1,3,130,5,3,60.0,0,N,MELB_URBAN,DRIVE,5,17.0
33179,2,4,100,1,4,80.0,1,N,MELB_URBAN,ROAD,5,19.0
33180,1,4,130,5,2,70.0,0,N,MELB_URBAN,ROAD,5,17.0
33181,1,4,120,2,3,60.0,0,I,MELB_URBAN,AVENUE,5,21.0
33182,6,4,174,5,1,60.0,0,N,RURAL_VICTORIA,OTHER,5,15.0
33183,1,4,120,5,2,80.0,0,N,RURAL_VICTORIA,ROAD,5,18.0
33184,1,4,130,5,4,60.0,0,N,MELB_URBAN,ROAD,5,18.0
33185,6,4,170,5,5,100.0,0,N,RURAL_VICTORIA,ROAD,5,23.0
33186,1,5,130,1,1,80.0,0,I,MELB_URBAN,HIGHWAY,5,8.0
33187,3,5,167,5,1,100.0,0,N,RURAL_VICTORIA,ROAD,5,9.0
33188,1,5,113,2,1,70.0,0,I,MELB_URBAN,ROAD,5,8.0
33189,6,5,99,5,1,80.0,0,N,RURAL_VICTORIA,ROAD,5,9.0
33190,1,6,130,1,1,80.0,0,I,MELB_URBAN,HIGHWAY,5,12.0
33191,4,5,183,5,2,110.0,0,N,RURAL_VICTORIA,HIGHWAY,5,6.0
33192,4,5,171,2,2,60.0,0,I,MELB_URBAN,ROAD,5,7.0
33193,1,4,135,5,1,60.0,0,N,MELB_URBAN,ROAD,5,15.0
33194,1,5,110,1,2,50.0,0,I,MELB_URBAN,STREET,5,7.0
33195,1,4,130,5,2,100.0,0,N,RURAL_VICTORIA,HIGHWAY,5,7.0
33196,1,5,130,5,2,70.0,0,N,MELB_URBAN,DRIVE,5,8.0
33197,1,5,130,5,1,60.0,0,N,LARGE_PROVINCIAL_CITIES,ROAD,5,9.0
33198,8,7,174,5,1,60.0,0,N,RURAL_VICTORIA,OTHER,5,14.0
33199,1,3,160,5,5,60.0,0,N,MELB_URBAN,ROAD,3,5.0
33200,1,2,99,2,1,80.0,0,I,MELB_URBAN,ROAD,5,11.0
33201,1,5,113,2,1,60.0,0,I,MELB_URBAN,ROAD,5,13.0
33202,1,5,130,1,1,60.0,0,I,MELB_URBAN,STREET,5,14.0
33203,6,5,170,5,1,100.0,0,N,RURAL_VICTORIA,HIGHWAY,5,13.0
33204,4,4,171,5,2,100.0,0,N,RURAL_VICTORIA,HIGHWAY,5,18.0
33205,4,5,173,5,1,50.0,0,N,RURAL_VICTORIA,ROAD,5,13.0
33206,1,5,130,5,1,60.0,0,N,MELB_URBAN,HIGHWAY,5,14.0
33207,1,5,134,5,1,60.0,0,N,MELB_URBAN,ROAD,5,11.0
33208,1,7,130,5,1,60.0,0,N,MELB_URBAN,STREET,5,15.0
33209,1,5,130,5,3,60.0,0,N,MELB_URBAN,HIGHWAY,5,0.0
33210,6,6,174,5,1,60.0,0,N,MELB_URBAN,BOULEVARD,5,14.0
33211,2,5,100,2,2,60.0,0,I,MELB_URBAN,ROAD,5,18.0
33212,4,5,99,2,2,50.0,0,I,MELB_URBAN,PARADE,5,17.0
33213,1,5,121,2,1,60.0,0,I,MELB_URBAN,STREET,5,15.0
33214,1,5,163,5,1,40.0,0,N,MELBOURNE_CBD,STREET,5,9.0
33215,1,3,130,2,2,50.0,0,I,MELB_URBAN,ROAD,5,16.0
33216,2,5,102,5,2,60.0,0,N,MELB_URBAN,ROAD,5,18.0
33217,1,5,147,2,2,60.0,0,I,MELB_URBAN,ROAD,5,18.0
33218,1,4,130,5,3,60.0,0,N,MELB_URBAN,PARADE,4,21.0
33219,2,4,100,1,1,40.0,0,I,MELB_URBAN,STREET,5,8.0
33220,1,5,147,5,2,100.0,0,N,RURAL_VICTORIA,ROAD,5,17.0
33221,2,5,99,5,2,60.0,0,N,MELB_URBAN,ROAD,5,18.0
33222,4,5,171,5,3,60.0,0,N,LARGE_PROVINCIAL_CITIES,ROAD,5,21.0
33223,2,5,99,2,5,50.0,1,I,RURAL_VICTORIA,STREET,5,18.0
33224,1,5,113,1,3,80.0,0,N,RURAL_VICTORIA,ROAD,5,20.0
33225,1,5,116,1,5,70.0,0,N,MELB_URBAN,ROAD,5,21.0
33226,4,5,171,5,9,80.0,0,N,RURAL_VICTORIA,ROAD,5,19.0
33227,1,5,160,5,1,50.0,0,N,MELB_URBAN,DRIVE,5,12.0
33228,4,6,99,5,3,60.0,0,N,MELB_URBAN,PARADE,5,5.0
33229,2,6,102,2,3,50.0,0,I,TOWNS,STREET,5,7.0
33230,1,6,120,5,5,60.0,0,N,SMALL_CITIES,ROAD,5,5.0
33231,1,6,160,5,2,70.0,0,N,MELB_URBAN,HIGHWAY,5,6.0
33232,1,6,121,1,2,70.0,0,N,MELB_URBAN,STREET,5,7.0
33233,6,6,174,2,1,60.0,0,I,MELB_URBAN,ROAD,5,8.0
33234,1,6,147,5,2,60.0,0,N,MELB_URBAN,ROAD,5,7.0
33235,1,5,133,5,1,100.0,0,N,MELB_URBAN,UNKNOWN,5,10.0
33236,8,7,99,5,1,60.0,0,N,RURAL_VICTORIA,ROAD,2,12.0
33237,4,6,173,2,5,100.0,0,I,RURAL_VICTORIA,ROAD,5,1.0
33238,1,4,113,4,1,60.0,0,I,MELB_URBAN,AVENUE,4,13.0
33239,4,6,183,5,1,60.0,0,N,MELB_URBAN,ROAD,5,9.0
33240,1,6,116,2,1,70.0,0,I,MELB_URBAN,ROAD,5,9.0
33241,1,2,130,5,1,100.0,0,N,MELB_URBAN,FREEWAY,5,11.0
33242,1,6,147,5,1,30.0,0,N,MELB_URBAN,DRIVE,5,11.0
33243,8,7,174,1,1,60.0,0,I,RURAL_VICTORIA,AVENUE,5,11.0
33244,2,5,102,2,1,60.0,0,I,MELB_URBAN,STREET,5,11.0
33245,1,6,121,2,1,50.0,0,I,MELB_URBAN,STREET,5,10.0
33246,8,3,170,5,1,40.0,0,N,SMALL_TOWNS,HIGHWAY,5,14.0
33247,1,7,130,2,1,80.0,0,N,MELB_URBAN,ROAD,5,12.0
33248,1,6,133,5,1,100.0,0,N,MELB_URBAN,ROAD,5,10.0
33249,4,5,173,5,2,100.0,0,N,RURAL_VICTORIA,ROAD,5,16.0
33250,1,4,113,1,1,60.0,0,I,SMALL_CITIES,STREET,5,15.0
33251,1,6,113,2,1,70.0,0,I,SMALL_CITIES,HIGHWAY,5,11.0
33252,4,6,171,5,1,100.0,0,N,RURAL_VICTORIA,ROAD,5,11.0
33253,4,2,173,2,2,50.0,0,I,MELB_URBAN,OTHER,5,6.0
33254,1,7,134,1,1,80.0,0,I,MELB_URBAN,ROAD,2,17.0
33255,1,5,130,1,2,60.0,0,I,MELB_URBAN,STREET,5,17.0
33256,1,3,130,5,1,50.0,0,N,MELB_URBAN,ROAD,4,16.0
33257,1,6,99,2,1,50.0,0,I,MELB_URBAN,ROAD,5,15.0
33258,1,6,113,2,2,80.0,0,I,MELB_URBAN,HIGHWAY,5,16.0
33259,1,6,130,5,1,90.0,0,N,RURAL_VICTORIA,HIGHWAY,5,15.0
33260,4,6,181,5,1,80.0,0,N,MELB_URBAN,RAMP,4,12.0
33261,8,6,174,1,1,50.0,0,I,MELB_URBAN,STREET,5,10.0
33262,4,5,99,5,2,50.0,0,N,MELB_URBAN,OTHER,5,17.0
33263,1,6,99,5,2,50.0,0,N,MELB_URBAN,STREET,5,17.0
33264,1,7,130,5,1,60.0,0,N,SMALL_CITIES,HIGHWAY,4,12.0
33265,1,6,130,5,5,100.0,0,N,RURAL_VICTORIA,FREEWAY,5,18.0
33266,1,1,121,2,1,80.0,0,I,MELB_URBAN,ROAD,4,14.0
33267,4,6,171,2,1,60.0,0,I,LARGE_PROVINCIAL_CITIES,ROAD,5,12.0
33268,6,6,170,5,5,110.0,0,N,RURAL_VICTORIA,FREEWAY,5,17.0
33269,1,4,99,1,1,80.0,0,I,MELB_URBAN,HIGHWAY,5,11.0
33270,1,6,160,5,5,50.0,0,N,MELB_URBAN,ROAD,5,20.0
33271,1,6,120,5,2,100.0,0,N,RURAL_VICTORIA,HIGHWAY,5,17.0
33272,1,7,160,5,3,50.0,0,N,MELB_URBAN,OTHER,5,3.0
33273,4,7,171,2,3,60.0,0,I,MELB_URBAN,ROAD,5,5.0
33274,1,7,111,2,2,60.0,0,I,MELB_URBAN,STREET,5,7.0
33275,2,6,99,5,1,50.0,0,N,SMALL_CITIES,STREET,5,15.0
33276,5,6,99,5,2,100.0,0,N,RURAL_VICTORIA,ROAD,5,17.0
33277,4,7,181,2,1,60.0,0,I,MELB_URBAN,ROAD,5,9.0
33278,1,7,130,4,1,70.0,0,I,MELB_URBAN,ROAD,5,10.0
33279,1,6,121,4,1,80.0,0,I,MELB_URBAN,HIGHWAY,5,10.0
33280,4,7,171,5,1,60.0,0,N,MELB_URBAN,ROAD,5,12.0
33281,2,7,100,5,1,50.0,0,I,MELB_URBAN,OTHER,5,12.0
33282,1,5,99,2,3,60.0,0,I,SMALL_CITIES,STREET,5,19.0
33283,1,7,113,1,1,60.0,0,I,MELB_URBAN,STREET,5,11.0
33284,1,7,132,5,1,50.0,0,N,MELB_URBAN,STREET,5,13.0
33285,1,6,130,1,1,60.0,0,I,MELB_URBAN,BOULEVARD,5,9.0
33286,1,7,113,2,1,60.0,0,I,LARGE_PROVINCIAL_CITIES,ROAD,5,13.0
33287,1,7,147,2,1,60.0,0,I,MELB_URBAN,STREET,5,13.0
33288,4,7,173,5,5,80.0,0,N,TOWNS,ROAD,5,4.0
33289,4,7,173,2,1,70.0,0,I,MELB_URBAN,STREET,5,10.0
33290,1,7,134,5,2,60.0,0,N,TOWNS,HIGHWAY,5,16.0
33291,2,7,100,2,2,60.0,0,I,MELB_URBAN,ROAD,5,16.0
33292,1,6,121,5,1,60.0,0,N,MELB_URBAN,STREET,5,15.0
33293,1,2,99,2,2,60.0,0,I,MELB_URBAN,ROAD,5,18.0
33294,4,6,173,2,3,60.0,0,I,MELB_URBAN,ROAD,5,22.0
33295,1,4,130,1,1,60.0,0,N,MELB_URBAN,ROAD,4,16.0
33296,3,4,167,5,2,80.0,0,N,RURAL_VICTORIA,ROAD,4,17.0
33297,1,7,121,1,1,80.0,0,I,MELB_URBAN,ROAD,5,14.0
33298,4,6,173,5,3,50.0,0,N,TOWNS,STREET,5,22.0
33299,1,7,130,5,2,100.0,0,N,MELB_URBAN,ROAD,5,16.0
33300,6,7,99,5,5,110.0,0,N,RURAL_VICTORIA,FREEWAY,5,3.0
33301,4,7,183,2,5,100.0,0,N,RURAL_VICTORIA,ROAD,5,22.0
33302,2,1,99,5,4,60.0,0,N,MELB_URBAN,ROAD,5,2.0
33303,4,7,173,1,3,60.0,0,I,SMALL_CITIES,ROAD,5,3.0
33304,2,6,102,2,1,50.0,0,I,MELB_URBAN,STREET,5,10.0
33305,1,1,135,1,1,50.0,0,N,MELB_URBAN,OTHER,5,9.0
33306,8,1,174,2,1,60.0,0,I,MELB_URBAN,ROAD,5,8.0
33307,4,1,171,5,1,110.0,0,N,RURAL_VICTORIA,FREEWAY,5,9.0
33308,1,1,130,5,1,70.0,0,N,MELB_URBAN,ROAD,5,9.0
33309,1,7,140,5,1,60.0,0,I,MELB_URBAN,ROAD,5,9.0
33310,4,1,171,5,5,80.0,0,N,MELB_URBAN,HIGHWAY,5,1.0
33311,2,7,102,5,3,50.0,0,N,MELB_URBAN,ROAD,5,19.0
33312,4,1,99,2,1,80.0,0,I,SMALL_TOWNS,ROAD,5,9.0
33313,1,1,160,5,1,50.0,0,N,MELB_URBAN,AVENUE,5,10.0
33314,1,7,113,2,3,60.0,0,I,MELB_URBAN,DRIVE,5,22.0
33315,4,1,183,1,1,100.0,0,I,RURAL_VICTORIA,ROAD,5,8.0
33316,1,1,140,2,1,60.0,0,I,MELB_URBAN,ROAD,5,11.0
33317,2,1,99,5,2,100.0,1,N,RURAL_VICTORIA,ROAD,5,6.0
33318,1,1,121,2,1,60.0,0,I,LARGE_PROVINCIAL_CITIES,UNKNOWN,5,13.0
33319,4,1,173,1,1,70.0,0,I,RURAL_VICTORIA,ROAD,5,14.0
33320,1,1,120,5,1,100.0,0,N,RURAL_VICTORIA,ROAD,5,12.0
33321,1,1,110,1,1,60.0,0,I,TOWNS,STREET,5,14.0
33322,1,1,110,1,1,50.0,0,I,MELB_URBAN,STREET,5,10.0
33323,2,5,99,2,9,60.0,0,I,MELB_URBAN,STREET,5,7.0
33324,1,1,110,1,2,80.0,0,I,RURAL_VICTORIA,FREEWAY,5,16.0
33325,4,1,171,5,1,60.0,0,N,RURAL_VICTORIA,ROAD,5,15.0
33326,1,7,99,5,3,50.0,0,N,MELB_URBAN,STREET,5,19.0
33327,1,1,160,5,2,50.0,0,N,MELB_URBAN,STREET,5,17.0
33328,1,1,147,5,2,60.0,0,N,MELB_URBAN,ROAD,5,18.0
33329,1,1,110,1,2,80.0,0,I,RURAL_VICTORIA,HIGHWAY,5,18.0
33330,1,0,133,2,2,80.0,0,N,MELB_URBAN,ROAD,5,18.0
33331,1,4,99,2,2,50.0,0,I,MELB_URBAN,AVENUE,3,18.0
33332,1,4,121,1,1,50.0,0,I,MELB_URBAN,STREET,5,8.0
33333,1,1,121,5,3,60.0,0,N,MELB_URBAN,DRIVE,5,19.0
33334,4,1,181,2,5,60.0,0,N,SMALL_CITIES,ROAD,5,20.0
33335,1,2,132,1,2,110.0,0,N,RURAL_VICTORIA,STREET,4,17.0
33336,1,5,132,2,1,40.0,0,I,MELB_URBAN,DRIVE,5,8.0
33337,1,4,130,1,1,70.0,0,I,SMALL_CITIES,ROAD,5,12.0
33338,1,3,99,5,9,60.0,0,N,MELB_URBAN,PARADE,5,14.0
33339,4,2,181,5,5,40.0,0,N,LARGE_PROVINCIAL_CITIES,ROAD,5,4.0
33340,1,5,132,4,1,80.0,0,N,TOWNS,HIGHWAY,5,12.0
33341,1,2,113,2,3,60.0,0,I,MELB_URBAN,STREET,5,6.0
33342,1,1,121,2,1,60.0,0,I,MELB_URBAN,HIGHWAY,5,14.0
33343,8,1,184,5,1,80.0,0,N,RURAL_VICTORIA,ROAD,5,14.0
33344,1,2,135,5,1,80.0,0,N,MELB_URBAN,ROAD,5,9.0
33345,1,3,116,2,3,70.0,0,I,MELB_URBAN,HIGHWAY,4,20.0
33346,1,2,113,2,3,80.0,0,I,MELB_URBAN,ROAD,5,6.0
33347,1,5,130,5,1,60.0,0,N,SMALL_CITIES,OTHER,5,13.0
33348,1,2,130,5,1,60.0,0,N,LARGE_PROVINCIAL_CITIES,STREET,5,8.0
33349,1,2,113,2,1,100.0,0,I,MELB_URBAN,HIGHWAY,5,8.0
33350,1,2,134,5,2,80.0,0,N,MELB_URBAN,OTHER,5,6.0
33351,1,5,120,2,1,60.0,0,I,MELB_URBAN,ROAD,4,11.0
33352,1,2,113,2,1,70.0,0,I,MELB_URBAN,ROAD,5,9.0
33353,1,4,171,5,1,60.0,0,N,TOWNS,STREET,11,13.0
33354,1,3,147,2,1,40.0,0,I,MELBOURNE_CBD,STREET,4,8.0
33355,2,2,102,2,1,70.0,0,I,MELB_URBAN,ROAD,5,8.0
33356,2,2,100,5,1,50.0,0,I,LARGE_PROVINCIAL_CITIES,STREET,5,11.0
33357,6,2,184,1,1,50.0,0,I,SMALL_CITIES,DRIVE,5,12.0
33358,1,2,121,1,1,60.0,0,I,SMALL_CITIES,STREET,5,10.0
33359,1,2,163,5,1,60.0,1,N,MELB_URBAN,ROAD,5,12.0
33360,8,3,99,1,1,50.0,0,I,MELB_URBAN,STREET,5,14.0
33361,6,2,99,5,2,100.0,0,N,RURAL_VICTORIA,ROAD,5,7.0
33362,1,2,134,5,1,60.0,0,N,MELB_URBAN,ROAD,5,10.0
33363,6,1,174,1,2,60.0,0,I,MELB_URBAN,ROAD,4,17.0
33364,2,1,99,5,1,50.0,0,N,MELB_URBAN,ROAD,5,13.0
33365,1,6,130,5,6,80.0,0,N,MELB_URBAN,RAMP,5,19.0
33366,6,2,99,5,1,100.0,0,N,RURAL_VICTORIA,ROAD,5,14.0