,accident_type,day_of_week,dca_code,road_geometry,light_condition,speed_zone,severity,node_type,deg_urban_name,road_type,month,hour
33367,5,7,99,5,1,60.0,0,N,RURAL_VICTORIA,ROAD,4,12.0
33368,4,6,173,5,5,100.0,0,N,RURAL_VICTORIA,HIGHWAY,5,6.0
33369,4,2,173,5,1,100.0,1,N,RURAL_VICTORIA,ROAD,5,13.0
33370,1,3,130,1,1,80.0,0,I,MELB_URBAN,ROAD,5,12.0
33371,2,2,100,1,3,50.0,0,I,MELB_URBAN,STREET,5,18.0
33372,4,7,171,2,1,60.0,0,I,RURAL_VICTORIA,ROAD,5,12.0
33373,4,2,181,2,2,50.0,0,I,MELB_URBAN,ROAD,5,17.0
33374,1,2,113,2,2,50.0,0,I,MELB_URBAN,ROAD,5,17.0
33375,1,2,113,1,2,80.0,0,I,RURAL_VICTORIA,HIGHWAY,5,17.0
33376,1,2,116,2,2,60.0,0,I,MELB_URBAN,ROAD,5,18.0
33377,1,2,110,1,1,60.0,0,I,MELB_URBAN,STREET,5,9.0
33378,1,2,130,1,3,80.0,0,I,RURAL_VICTORIA,HIGHWAY,5,18.0
33379,4,2,173,5,1,100.0,1,N,RURAL_VICTORIA,ROAD,5,15.0
33380,2,7,99,5,5,80.0,0,N,MELB_URBAN,HIGHWAY,5,0.0
33381,4,2,181,5,5,60.0,0,N,RURAL_VICTORIA,ROAD,5,23.0
33382,1,2,160,2,3,50.0,0,I,MELB_URBAN,ROAD,5,21.0
33383,1,2,130,1,1,60.0,0,I,MELB_URBAN,STREET,5,16.0
33384,4,3,171,5,5,60.0,0,N,TOWNS,AVENUE,5,6.0
33385,1,2,113,2,1,60.0,0,I,LARGE_PROVINCIAL_CITIES,ROAD,5,15.0
33386,4,2,183,5,2,100.0,0,N,RURAL_VICTORIA,ROAD,5,17.0
33387,1,1,130,1,3,80.0,0,N,MELB_URBAN,RAMP,5,0.0
33388,1,4,99,5,9,50.0,0,N,MELB_URBAN,STREET,5,16.0
33389,1,3,130,1,1,50.0,0,I,TOWNS,STREET,4,12.0
33390,1,3,160,5,1,60.0,0,N,MELB_URBAN,ROAD,5,8.0
33391,1,2,163,2,1,50.0,0,I,MELB_URBAN,ROAD,5,10.0
33392,1,3,99,5,1,50.0,0,N,MELB_URBAN,STREET,5,11.0
33393,4,3,171,5,1,100.0,0,N,RURAL_VICTORIA,ROAD,5,8.0
33394,4,3,173,5,1,110.0,0,N,RURAL_VICTORIA,FREEWAY,5,10.0
33395,2,3,99,5,1,50.0,0,N,LARGE_PROVINCIAL_CITIES,STREET,5,10.0
33396,4,7,171,5,5,50.0,0,N,MELB_URBAN,AVENUE,5,0.0
33397,8,3,174,5,1,50.0,0,N,MELB_URBAN,ROAD,5,12.0
33398,1,2,130,5,2,60.0,0,N,RURAL_VICTORIA,ROAD,5,17.0
33399,1,2,130,2,1,60.0,0,I,MELB_URBAN,ROAD,3,9.0
33400,1,2,140,5,3,60.0,0,N,MELB_URBAN,STREET,5,6.0
33401,1,3,113,2,1,100.0,0,N,RURAL_VICTORIA,ROAD,5,11.0
33402,2,3,102,1,1,50.0,0,I,LARGE_PROVINCIAL_CITIES,STREET,5,11.0
33403,1,3,113,2,1,50.0,0,I,SMALL_TOWNS,STREET,5,12.0
33404,8,1,99,5,1,50.0,0,N,LARGE_PROVINCIAL_CITIES,HIGHWAY,5,13.0
33405,2,3,100,4,1,50.0,0,I,MELB_URBAN,ROAD,5,8.0
33406,1,1,132,2,3,60.0,0,I,MELB_URBAN,ROAD,5,18.0
33407,1,3,121,1,1,70.0,0,I,MELB_URBAN,HIGHWAY,5,15.0
33408,8,3,99,2,4,60.0,0,I,MELB_URBAN,ROAD,5,1.0
33409,1,3,132,5,1,60.0,0,N,MELB_URBAN,ROAD,5,14.0
33410,1,2,121,1,3,50.0,0,I,MELB_URBAN,BOULEVARD,5,18.0
33411,2,3,99,5,2,50.0,0,N,SMALL_CITIES,AVENUE,5,16.0
33412,1,3,113,2,3,50.0,0,I,MELB_URBAN,ROAD,5,17.0
33413,1,3,121,2,3,70.0,0,I,MELB_URBAN,OTHER,5,17.0
33414,1,3,121,1,3,80.0,0,I,MELB_URBAN,ROAD,5,18.0
33415,1,3,99,5,1,40.0,0,N,MELB_URBAN,STREET,4,10.0
33416,1,3,120,2,3,60.0,0,I,MELB_URBAN,HIGHWAY,5,18.0
33417,1,4,160,5,2,80.0,0,N,SMALL_TOWNS,HIGHWAY,5,16.0
33418,1,3,130,5,1,70.0,1,N,RURAL_VICTORIA,ROAD,5,15.0
33419,1,3,121,1,3,60.0,0,I,MELB_URBAN,ROAD,5,19.0
33420,8,5,170,5,3,40.0,0,N,MELB_URBAN,ROAD,5,22.0
33421,1,3,113,2,3,60.0,0,I,MELB_URBAN,ROAD,5,20.0
33422,7,1,99,1,3,60.0,0,I,SMALL_CITIES,STREET,3,3.0
33423,1,4,160,5,3,80.0,0,N,MELB_URBAN,ROAD,5,2.0
33424,1,4,113,2,3,70.0,0,I,RURAL_VICTORIA,ROAD,5,6.0
33425,1,4,140,5,1,60.0,0,N,MELB_URBAN,ROAD,5,8.0
33426,1,4,130,5,2,60.0,0,N,MELB_URBAN,ROAD,5,7.0
33427,1,4,121,1,1,60.0,0,I,MELB_URBAN,ROAD,5,8.0
33428,4,1,171,5,2,60.0,0,N,RURAL_VICTORIA,ROAD,7,8.0
33429,1,3,130,5,1,100.0,0,N,MELB_URBAN,FREEWAY,4,16.0
33430,4,6,171,5,1,60.0,0,N,RURAL_VICTORIA,ROAD,5,15.0
33431,4,4,173,5,5,100.0,0,N,RURAL_VICTORIA,ROAD,5,1.0
33432,1,3,121,2,3,80.0,0,I,RURAL_VICTORIA,HIGHWAY,5,17.0
33433,1,7,140,5,9,50.0,0,N,TOWNS,ROAD,5,10.0
33434,1,3,121,2,2,60.0,0,I,MELB_URBAN,STREET,5,16.0
33435,1,5,121,2,1,60.0,0,I,MELB_URBAN,ROAD,5,11.0
33436,1,7,130,2,1,60.0,0,I,MELB_URBAN,ROAD,5,13.0
33437,1,6,99,2,2,70.0,0,I,LARGE_PROVINCIAL_CITIES,STREET,5,6.0
33438,1,3,120,5,1,100.0,0,N,RURAL_VICTORIA,ROAD,4,14.0
33439,1,6,130,5,2,100.0,0,N,RURAL_VICTORIA,ROAD,5,7.0
33440,2,4,100,5,1,60.0,0,N,MELB_URBAN,STREET,5,13.0
33441,1,4,130,5,1,60.0,0,N,MELB_URBAN,ROAD,4,16.0
33442,1,4,99,5,1,70.0,0,N,MELB_URBAN,RAMP,5,13.0
33443,1,4,121,2,3,50.0,0,I,MELB_URBAN,STREET,5,17.0
33444,8,4,174,1,3,70.0,0,I,MELB_URBAN,ROAD,5,17.0
33445,3,6,167,5,2,100.0,0,N,RURAL_VICTORIA,HIGHWAY,5,18.0
33446,1,4,130,2,2,70.0,0,I,MELB_URBAN,ROAD,5,17.0
33447,1,6,163,2,2,60.0,0,I,MELB_URBAN,OTHER,5,18.0
33448,2,1,99,1,3,60.0,0,N,MELB_URBAN,PARADE,5,19.0
33449,1,3,99,5,5,70.0,0,N,MELB_URBAN,ROAD,5,20.0
33450,1,4,130,5,2,80.0,0,N,MELB_URBAN,ROAD,5,7.0
33451,1,4,133,1,2,50.0,0,I,SMALL_CITIES,ROAD,5,16.0
33452,1,4,130,5,2,100.0,0,N,MELB_URBAN,FREEWAY,5,18.0
33453,3,4,167,5,3,50.0,0,N,MELB_URBAN,STREET,5,20.0
33454,1,4,130,2,3,60.0,0,I,MELB_URBAN,STREET,5,21.0
33455,1,4,130,5,3,70.0,0,N,MELB_URBAN,ROAD,5,20.0
33456,1,4,113,4,3,80.0,0,I,MELB_URBAN,ROAD,5,19.0
33457,1,6,99,5,2,60.0,0,N,MELB_URBAN,ROAD,5,16.0
33458,1,3,130,1,1,60.0,0,I,MELB_URBAN,ROAD,5,13.0
33459,1,5,113,2,2,60.0,0,I,MELB_URBAN,ROAD,5,7.0
33460,4,4,171,5,3,70.0,0,N,MELB_URBAN,ROAD,5,6.0
33461,2,2,100,2,1,60.0,0,I,MELB_URBAN,ROAD,5,14.0
33462,1,6,130,5,2,60.0,0,N,MELB_URBAN,STREET,5,16.0
33463,4,5,99,2,1,60.0,0,I,MELB_URBAN,ROAD,5,14.0
33464,1,5,113,2,1,50.0,0,I,MELB_URBAN,ROAD,5,9.0
33465,2,2,99,5,1,50.0,0,N,MELB_URBAN,STREET,2,15.0
33466,1,4,147,5,5,50.0,0,N,SMALL_CITIES,ROAD,5,21.0
33467,1,2,121,1,3,60.0,0,I,MELB_URBAN,ROAD,5,19.0
33468,3,5,167,5,2,100.0,1,N,RURAL_VICTORIA,HIGHWAY,5,6.0
33469,6,1,174,2,2,50.0,0,I,MELB_URBAN,AVENUE,5,16.0
33470,1,5,121,1,1,60.0,0,I,MELB_URBAN,ROAD,5,9.0
33471,1,2,147,5,1,70.0,0,N,MELB_URBAN,ROAD,4,13.0
33472,1,4,130,2,1,60.0,0,I,MELB_URBAN,STREET,12,12.0
33473,1,5,130,1,1,40.0,0,I,MELB_URBAN,STREET,5,9.0
33474,1,3,130,5,2,80.0,0,N,MELB_URBAN,ROAD,4,18.0
33475,1,2,130,2,1,60.0,0,I,MELB_URBAN,ROAD,4,10.0
33476,4,5,181,3,1,50.0,0,I,TOWNS,ROAD,5,9.0
33477,4,5,171,5,1,50.0,0,N,TOWNS,STREET,5,11.0
33478,2,6,99,5,6,40.0,0,N,MELBOURNE_CBD,STREET,3,22.0
33479,1,5,99,1,9,60.0,0,I,MELBOURNE_CBD,STREET,3,8.0
33480,1,5,163,5,1,60.0,0,N,MELB_URBAN,STREET,5,8.0
33481,1,2,110,1,1,60.0,0,I,TOWNS,STREET,9,16.0
33482,1,5,130,5,1,60.0,0,N,MELB_URBAN,ROAD,5,8.0
33483,1,4,130,5,2,100.0,0,N,MELB_URBAN,FREEWAY,5,16.0
33484,1,4,121,2,1,60.0,0,I,MELB_URBAN,STREET,5,8.0
33485,1,3,130,5,3,80.0,0,N,LARGE_PROVINCIAL_CITIES,ROAD,5,17.0
33486,6,5,174,5,1,80.0,0,N,SMALL_TOWNS,ROAD,5,15.0
33487,1,3,163,5,6,50.0,0,N,MELB_URBAN,ROAD,5,19.0
33488,1,5,163,5,1,40.0,0,N,MELB_URBAN,ROAD,5,14.0
33489,2,6,102,1,9,40.0,0,I,MELBOURNE_CBD,STREET,5,5.0
33490,8,0,170,5,1,60.0,0,N,RURAL_VICTORIA,OTHER,5,12.0
33491,4,5,183,5,1,80.0,0,N,RURAL_VICTORIA,ROAD,5,9.0
33492,1,5,130,5,3,100.0,0,N,MELB_URBAN,FREEWAY,5,18.0
33493,1,5,110,1,1,60.0,0,I,MELB_URBAN,STREET,5,8.0
33494,1,4,99,2,1,60.0,0,I,MELB_URBAN,ROAD,5,14.0
33495,1,5,99,5,3,60.0,0,N,MELB_URBAN,ROAD,5,20.0
33496,1,5,110,1,1,100.0,1,I,RURAL_VICTORIA,ROAD,5,14.0
33497,1,5,113,1,3,60.0,0,I,MELB_URBAN,STREET,5,19.0
33498,2,5,100,2,3,60.0,0,I,MELB_URBAN,STREET,5,19.0
33499,4,5,181,5,5,100.0,0,N,RURAL_VICTORIA,ROAD,5,21.0
33500,4,6,171,1,5,110.0,0,I,RURAL_VICTORIA,FREEWAY,5,0.0
33501,4,6,171,5,5,100.0,0,N,RURAL_VICTORIA,ROAD,5,5.0
33502,4,3,171,5,1,100.0,0,N,RURAL_VICTORIA,ROAD,5,9.0
33503,6,7,184,5,1,60.0,0,N,RURAL_VICTORIA,ROAD,5,14.0
33504,1,5,130,5,2,60.0,0,N,RURAL_VICTORIA,ROAD,5,17.0
33505,1,6,130,5,2,70.0,0,N,MELB_URBAN,ROAD,5,7.0
33506,1,6,99,1,1,60.0,0,I,MELB_URBAN,UNKNOWN,5,9.0
33507,6,6,170,5,2,100.0,0,N,RURAL_VICTORIA,ROAD,5,7.0
33508,2,6,102,2,1,60.0,0,I,MELB_URBAN,ROAD,5,9.0
33509,1,4,133,1,2,60.0,0,I,MELB_URBAN,ROAD,5,17.0
33510,1,5,113,2,1,80.0,0,I,RURAL_VICTORIA,HIGHWAY,5,8.0
33511,1,6,130,5,1,70.0,0,N,MELB_URBAN,ROAD,5,8.0
33512,1,3,130,5,2,100.0,0,N,MELB_URBAN,FREEWAY,4,18.0
33513,1,6,110,1,2,50.0,0,I,MELB_URBAN,AVENUE,5,16.0
33514,4,6,183,5,5,100.0,1,N,RURAL_VICTORIA,ROAD,5,2.0
33515,4,6,171,5,1,80.0,0,N,RURAL_VICTORIA,ROAD,5,12.0
33516,1,6,130,1,9,60.0,0,I,MELB_URBAN,ROAD,5,8.0
33517,1,6,110,1,1,50.0,0,I,MELB_URBAN,STREET,5,12.0
33518,8,6,174,2,1,50.0,0,I,MELB_URBAN,ROAD,5,11.0
33519,1,6,121,1,1,50.0,0,I,MELB_URBAN,STREET,5,9.0
33520,1,5,111,2,1,50.0,0,I,MELB_URBAN,ROAD,5,14.0
33521,1,6,130,5,1,80.0,0,N,MELB_URBAN,UNKNOWN,5,14.0
33522,1,6,111,2,1,50.0,0,I,MELB_URBAN,ROAD,5,14.0
33523,1,6,110,1,1,100.0,0,I,RURAL_VICTORIA,ROAD,5,14.0
33524,1,6,110,1,2,60.0,0,I,MELB_URBAN,BOULEVARD,5,16.0
33525,2,6,100,2,1,50.0,0,I,MELB_URBAN,STREET,5,15.0
33526,1,6,130,5,2,100.0,0,N,MELB_URBAN,FREEWAY,5,6.0
33527,1,4,130,5,1,60.0,0,N,MELB_URBAN,ROAD,5,9.0
33528,1,5,113,2,3,60.0,0,I,MELB_URBAN,ROAD,5,6.0
33529,1,4,110,1,3,60.0,0,I,MELB_URBAN,ROAD,5,18.0
33530,6,6,184,5,1,60.0,0,N,RURAL_VICTORIA,ROAD,5,15.0
33531,1,6,110,1,5,50.0,0,I,SMALL_CITIES,STREET,7,21.0
33532,1,6,113,1,1,60.0,0,I,MELB_URBAN,ROAD,5,14.0
33533,1,2,132,2,2,40.0,0,I,MELB_URBAN,ROAD,5,6.0
33534,4,6,171,1,2,60.0,0,N,MELB_URBAN,ROAD,5,18.0
33535,8,6,170,4,9,60.0,0,I,LARGE_PROVINCIAL_CITIES,AVENUE,5,19.0
33536,1,6,110,1,1,70.0,0,I,MELB_URBAN,ROAD,5,13.0
33537,1,6,133,1,2,80.0,0,I,MELB_URBAN,ROAD,5,17.0
33538,1,6,130,5,2,100.0,0,N,MELB_URBAN,FREEWAY,5,18.0
33539,1,6,130,1,2,60.0,0,I,MELB_URBAN,ROAD,5,16.0
33540,1,2,130,1,3,60.0,0,I,MELB_URBAN,ROAD,4,20.0
33541,2,6,100,2,2,50.0,0,I,MELB_URBAN,STREET,5,17.0
33542,2,6,102,2,5,50.0,0,I,LARGE_PROVINCIAL_CITIES,STREET,5,19.0
33543,2,6,102,1,3,60.0,0,I,LARGE_PROVINCIAL_CITIES,STREET,5,19.0
33544,1,6,99,2,1,60.0,0,I,MELB_URBAN,PARADE,5,15.0
33545,1,6,121,1,3,60.0,0,I,MELB_URBAN,ROAD,5,19.0
33546,1,4,130,5,1,60.0,0,N,LARGE_PROVINCIAL_CITIES,STREET,5,15.0
33547,2,6,100,1,3,50.0,0,I,MELB_URBAN,STREET,5,21.0
33548,1,6,99,2,1,60.0,0,I,MELB_URBAN,STREET,5,15.0
33549,1,6,113,2,5,100.0,0,I,RURAL_VICTORIA,HIGHWAY,5,20.0
33550,1,6,163,1,3,40.0,0,I,MELBOURNE_CBD,STREET,5,23.0
33551,1,6,135,1,1,60.0,0,I,MELB_URBAN,STREET,5,15.0
33552,2,6,100,5,2,60.0,0,N,MELB_URBAN,AVENUE,5,16.0
33553,1,7,132,2,1,60.0,0,I,SMALL_CITIES,ROAD,5,9.0
33554,1,7,130,5,1,40.0,0,N,RURAL_VICTORIA,ROAD,5,8.0
33555,2,5,99,5,1,60.0,0,N,MELB_URBAN,STREET,5,15.0
33556,1,7,113,2,2,60.0,0,I,MELB_URBAN,ROAD,5,7.0
33557,1,5,121,2,2,60.0,0,I,MELB_URBAN,AVENUE,5,17.0
33558,1,4,130,5,3,60.0,0,N,MELB_URBAN,ROAD,5,19.0
33559,7,7,99,5,1,100.0,0,N,RURAL_VICTORIA,ROAD,5,11.0
33560,2,3,102,1,1,60.0,0,I,MELB_URBAN,ROAD,4,12.0
33561,1,7,130,2,1,60.0,0,I,MELB_URBAN,ROAD,5,14.0
33562,1,6,120,5,3,70.0,0,N,MELB_URBAN,AVENUE,2,23.0
33563,4,7,181,5,1,60.0,0,N,RURAL_VICTORIA,ROAD,5,11.0
33564,4,4,183,5,1,50.0,0,N,MELB_URBAN,DRIVE,5,14.0
33565,8,7,174,5,1,50.0,0,N,SMALL_CITIES,DRIVE,5,15.0
33566,2,7,100,1,1,50.0,0,I,MELB_URBAN,ROAD,5,14.0
33567,1,7,132,1,1,60.0,0,I,MELB_URBAN,STREET,5,15.0
33568,8,7,99,1,1,40.0,0,I,MELB_URBAN,ROAD,5,15.0
33569,8,7,174,5,2,100.0,0,N,MELB_URBAN,FREEWAY,5,17.0
33570,1,7,130,5,3,60.0,0,N,MELB_URBAN,ROAD,5,17.0
33571,1,6,171,5,3,60.0,0,N,MELB_URBAN,ROAD,5,22.0
33572,1,7,130,5,5,80.0,0,N,RURAL_VICTORIA,ROAD,5,17.0
33573,1,5,130,1,1,60.0,0,I,MELB_URBAN,ROAD,5,10.0
33574,6,7,174,5,3,60.0,0,N,MELB_URBAN,STREET,5,21.0
33575,1,7,121,1,1,80.0,1,I,RURAL_VICTORIA,ROAD,5,14.0
33576,1,7,130,5,3,70.0,0,N,MELB_URBAN,ROAD,5,17.0
33577,4,7,173,1,5,100.0,0,N,RURAL_VICTORIA,ROAD,5,23.0
33578,1,7,121,1,3,80.0,0,I,MELB_URBAN,ROAD,5,22.0
33579,1,7,121,1,3,80.0,0,I,MELB_URBAN,HIGHWAY,5,21.0
33580,2,7,102,1,3,60.0,0,I,LARGE_PROVINCIAL_CITIES,ROAD,5,18.0
33581,6,1,184,5,5,100.0,0,N,RURAL_VICTORIA,ROAD,6,1.0
33582,2,1,99,5,3,50.0,0,N,MELB_URBAN,STREET,6,3.0
33583,6,1,174,5,3,40.0,0,N,MELB_URBAN,STREET,6,2.0
33584,4,1,173,2,3,70.0,0,I,MELB_URBAN,ROAD,6,3.0
33585,1,5,160,5,1,60.0,0,N,MELB_URBAN,ROAD,3,15.0
33586,1,6,130,5,1,80.0,0,N,MELB_URBAN,HIGHWAY,5,15.0
33587,2,7,102,1,2,60.0,0,I,MELB_URBAN,HIGHWAY,5,18.0
33588,1,7,130,5,1,80.0,0,N,RURAL_VICTORIA,ROAD,5,13.0
33589,1,1,110,1,1,60.0,0,I,MELB_URBAN,ROAD,6,11.0
33590,6,1,99,5,1,100.0,0,N,MELB_URBAN,FREEWAY,6,12.0
33591,1,1,135,5,1,100.0,0,N,MELB_URBAN,UNKNOWN,6,11.0
33592,6,0,170,5,1,100.0,0,N,RURAL_VICTORIA,ROAD,6,12.0
33593,4,5,171,4,6,80.0,0,N,MELB_URBAN,ROAD,5,4.0
33594,1,1,130,5,1,80.0,0,N,MELB_URBAN,FREEWAY,6,12.0
33595,1,1,110,1,1,50.0,0,I,MELB_URBAN,STREET,6,13.0
33596,1,1,130,5,1,80.0,0,N,MELB_URBAN,FREEWAY,6,11.0
33597,1,1,110,1,1,70.0,0,I,MELB_URBAN,ROAD,6,13.0
33598,1,1,99,2,1,50.0,0,I,MELB_URBAN,STREET,6,12.0
33599,1,1,121,1,1,100.0,0,I,RURAL_VICTORIA,ROAD,6,12.0
33600,1,1,140,5,3,60.0,0,N,MELB_URBAN,ROAD,5,5.0
33601,1,1,121,2,1,80.0,0,I,TOWNS,HIGHWAY,6,14.0
33602,1,1,130,2,1,60.0,0,I,MELB_URBAN,ROAD,6,14.0
33603,2,1,102,5,1,60.0,0,N,MELB_URBAN,ROAD,6,14.0
33604,1,1,120,5,1,80.0,0,N,MELB_URBAN,ROAD,6,15.0
33605,1,1,163,2,2,60.0,0,I,MELB_URBAN,STREET,6,16.0
33606,2,5,100,1,2,60.0,0,I,MELB_URBAN,ROAD,5,17.0
33607,4,1,171,5,2,60.0,0,N,MELB_URBAN,STREET,6,16.0
33608,1,1,135,5,3,80.0,0,N,MELB_URBAN,FREEWAY,6,18.0
33609,4,1,171,2,3,60.0,0,I,MELB_URBAN,ROAD,6,18.0
33610,4,1,171,5,2,60.0,0,N,MELB_URBAN,ROAD,6,18.0
33611,1,1,110,1,3,50.0,0,I,MELB_URBAN,ROAD,6,19.0
33612,4,1,183,5,2,100.0,1,N,RURAL_VICTORIA,ROAD,6,16.0
33613,1,1,130,1,2,80.0,0,I,RURAL_VICTORIA,HIGHWAY,6,16.0
33614,1,1,121,1,6,50.0,0,I,MELB_URBAN,ROAD,6,18.0
33615,1,1,132,2,3,60.0,0,I,MELB_URBAN,ROAD,6,20.0
33616,4,1,173,5,6,50.0,0,N,MELB_URBAN,ROAD,6,22.0
33617,1,2,113,1,3,50.0,0,I,MELB_URBAN,STREET,6,0.0
33618,4,2,171,5,3,60.0,0,N,LARGE_PROVINCIAL_CITIES,STREET,6,0.0
33619,1,2,110,1,2,50.0,0,I,MELB_URBAN,STREET,6,6.0
33620,8,2,99,5,2,50.0,0,N,MELB_URBAN,OTHER,6,7.0
33621,1,1,130,1,1,60.0,0,N,MELB_URBAN,ROAD,6,14.0
33622,4,2,171,5,2,60.0,0,N,SMALL_CITIES,STREET,6,7.0
33623,1,2,111,2,1,60.0,0,I,MELB_URBAN,ROAD,6,10.0
33624,1,5,130,1,1,60.0,0,I,MELB_URBAN,STREET,5,13.0
33625,2,2,102,2,1,50.0,0,I,MELB_URBAN,ROAD,6,10.0
33626,2,7,100,2,1,60.0,0,I,MELB_URBAN,HIGHWAY,5,9.0
33627,1,2,99,5,1,50.0,0,N,SMALL_CITIES,STREET,6,13.0
33628,6,1,174,5,1,50.0,0,N,RURAL_VICTORIA,ROAD,6,14.0
33629,1,2,121,1,1,40.0,0,I,MELB_URBAN,STREET,6,11.0
33630,2,5,99,5,1,60.0,0,N,MELB_URBAN,ROAD,5,13.0
33631,4,2,173,2,1,80.0,0,I,MELB_URBAN,ROAD,6,11.0
33632,4,2,181,5,1,100.0,0,N,RURAL_VICTORIA,ROAD,6,9.0
33633,4,2,171,2,1,60.0,0,N,MELB_URBAN,ROAD,6,15.0
33634,4,1,173,5,1,110.0,0,N,RURAL_VICTORIA,FREEWAY,6,12.0
33635,2,2,100,2,1,60.0,0,I,MELB_URBAN,ROAD,6,15.0
33636,2,2,100,2,1,60.0,0,I,MELB_URBAN,ROAD,6,12.0
33637,1,2,130,5,1,60.0,0,N,MELB_URBAN,ROAD,6,15.0
33638,8,2,99,5,1,80.0,0,N,RURAL_VICTORIA,ROAD,6,15.0
33639,1,2,121,2,1,40.0,0,I,MELB_URBAN,ROAD,5,8.0
33640,1,1,121,4,2,60.0,0,I,MELB_URBAN,ROAD,6,16.0
33641,1,2,147,5,2,60.0,0,N,MELB_URBAN,AVENUE,6,16.0
33642,4,2,183,5,1,100.0,0,N,MELB_URBAN,ROAD,6,11.0
33643,1,4,121,2,1,60.0,0,I,MELB_URBAN,ROAD,5,15.0
33644,2,2,102,1,2,40.0,0,I,MELB_URBAN,ROAD,6,17.0
33645,1,2,110,1,2,60.0,0,I,MELB_URBAN,STREET,6,18.0
33646,4,2,99,5,2,50.0,0,N,MELB_URBAN,STREET,6,17.0
33647,1,5,130,1,9,60.0,0,I,MELB_URBAN,HIGHWAY,4,7.0
33648,1,1,121,1,3,40.0,0,I,MELB_URBAN,OTHER,5,19.0
33649,1,2,121,1,9,60.0,0,I,MELB_URBAN,STREET,5,7.0
33650,1,2,132,2,2,100.0,0,I,RURAL_VICTORIA,HIGHWAY,6,18.0
33651,1,2,99,2,2,50.0,0,I,SMALL_CITIES,OTHER,6,16.0
33652,1,2,120,5,2,80.0,0,N,MELB_URBAN,ROAD,6,16.0
33653,2,2,99,5,5,100.0,0,N,RURAL_VICTORIA,ROAD,6,20.0
33654,1,1,130,1,1,60.0,0,N,MELB_URBAN,ROAD,2,13.0
33655,2,3,102,5,3,60.0,0,N,MELB_URBAN,ROAD,6,6.0
33656,1,5,130,5,2,50.0,0,N,MELB_URBAN,HIGHWAY,3,17.0
33657,1,3,121,1,6,80.0,0,I,MELB_URBAN,UNKNOWN,6,5.0
33658,1,3,121,1,3,80.0,0,I,MELB_URBAN,ROAD,6,6.0
33659,1,3,140,5,2,100.0,0,N,RURAL_VICTORIA,ROAD,6,7.0
33660,2,1,99,2,6,50.0,0,I,MELB_URBAN,ROAD,5,1.0
33661,1,3,113,1,2,60.0,0,I,MELB_URBAN,ROAD,6,8.0
33662,1,6,130,1,2,80.0,0,I,MELB_URBAN,HIGHWAY,6,17.0
33663,8,7,174,5,1,50.0,0,N,TOWNS,STREET,5,9.0
33664,1,3,113,1,1,60.0,0,I,MELB_URBAN,STREET,6,9.0
33665,1,7,130,3,9,60.0,0,N,MELB_URBAN,OTHER,5,13.0
33666,1,3,130,5,1,60.0,0,N,LARGE_PROVINCIAL_CITIES,STREET,6,9.0
33667,1,3,120,5,2,60.0,0,N,RURAL_VICTORIA,ROAD,6,8.0
33668,1,3,130,4,1,60.0,0,I,MELB_URBAN,ROAD,6,11.0
33669,1,2,99,1,2,60.0,0,I,MELB_URBAN,ROAD,6,18.0
33670,1,4,121,5,9,50.0,0,N,LARGE_PROVINCIAL_CITIES,STREET,5,9.0
33671,4,4,171,5,2,80.0,0,N,RURAL_VICTORIA,ROAD,3,19.0
33672,1,2,130,1,9,50.0,0,I,LARGE_PROVINCIAL_CITIES,STREET,6,9.0
33673,1,3,130,2,1,100.0,0,I,RURAL_VICTORIA,FREEWAY,6,13.0
33674,1,6,130,5,1,60.0,0,N,LARGE_PROVINCIAL_CITIES,STREET,5,15.0
33675,1,1,130,5,2,60.0,0,N,MELB_URBAN,ROAD,6,17.0
33676,1,3,130,2,1,70.0,0,N,MELB_URBAN,ROAD,6,13.0
33677,1,3,130,2,1,80.0,0,I,MELB_URBAN,HIGHWAY,5,8.0
33678,1,3,99,1,1,70.0,0,I,MELB_URBAN,OTHER,6,14.0
33679,1,5,130,1,2,50.0,0,I,MELB_URBAN,ROAD,5,17.0
33680,1,3,121,1,2,60.0,0,I,MELBOURNE_CBD,STREET,6,17.0
33681,2,3,100,2,2,70.0,0,I,MELB_URBAN,ROAD,6,18.0
33682,1,3,130,1,2,60.0,0,I,MELB_URBAN,ROAD,6,17.0
33683,1,2,111,2,2,60.0,0,I,MELB_URBAN,ROAD,6,16.0
33684,1,4,130,2,1,60.0,0,I,MELB_URBAN,STREET,5,8.0
33685,1,3,130,1,1,70.0,0,I,LARGE_PROVINCIAL_CITIES,ROAD,6,15.0
33686,1,3,160,5,1,50.0,0,N,MELB_URBAN,STREET,6,15.0
33687,1,3,113,2,3,60.0,0,I,MELB_URBAN,ROAD,6,19.0
33688,4,3,171,5,2,50.0,0,N,MELB_URBAN,ROAD,6,16.0
33689,4,3,173,5,1,100.0,0,N,TOWNS,ROAD,6,14.0
33690,1,3,121,1,3,60.0,0,I,MELB_URBAN,ROAD,6,19.0
33691,1,3,130,5,3,60.0,0,N,SMALL_CITIES,STREET,6,17.0
33692,2,3,100,2,3,60.0,0,I,MELB_URBAN,ROAD,6,21.0
33693,4,3,171,2,5,100.0,0,I,RURAL_VICTORIA,HIGHWAY,6,22.0
33694,1,6,113,1,3,70.0,0,I,MELB_URBAN,ROAD,5,21.0
33695,4,4,171,5,5,70.0,0,N,RURAL_VICTORIA,ROAD,6,3.0
33696,1,4,135,5,1,100.0,0,N,RURAL_VICTORIA,ROAD,5,13.0
33697,1,4,99,2,2,70.0,0,I,MELB_URBAN,ROAD,6,6.0
33698,2,4,102,1,2,60.0,0,I,MELB_URBAN,STREET,6,7.0
33699,2,2,100,1,1,60.0,0,I,MELB_URBAN,ROAD,5,16.0
33700,1,4,111,1,2,60.0,0,I,TOWNS,STREET,6,6.0