,accident_type,day_of_week,dca_code,road_geometry,light_condition,speed_zone,severity,node_type,deg_urban_name,road_type,month,hour
33701,1,6,130,2,1,70.0,0,I,MELB_URBAN,ROAD,4,8.0
33702,2,4,99,5,1,60.0,0,N,MELB_URBAN,STREET,6,9.0
33703,1,4,130,1,2,60.0,0,I,MELB_URBAN,ROAD,6,8.0
33704,1,2,99,5,2,50.0,0,N,MELB_URBAN,PARADE,1,6.0
33705,8,3,174,2,2,60.0,0,I,MELB_URBAN,ROAD,5,7.0
33706,1,4,113,2,1,40.0,0,I,MELB_URBAN,ROAD,6,9.0
33707,1,4,130,5,3,80.0,0,N,MELB_URBAN,ROAD,6,6.0
33708,1,3,99,1,3,60.0,0,I,LARGE_PROVINCIAL_CITIES,ROAD,4,22.0
33709,4,4,173,2,2,60.0,0,I,MELB_URBAN,ROAD,6,8.0
33710,1,4,99,1,1,60.0,0,I,MELB_URBAN,AVENUE,6,14.0
33711,1,4,120,5,1,60.0,0,N,MELB_URBAN,ROAD,6,9.0
33712,2,7,99,1,1,50.0,0,I,LARGE_PROVINCIAL_CITIES,STREET,5,11.0
33713,1,3,121,2,2,50.0,0,I,MELB_URBAN,STREET,6,8.0
33714,1,4,160,5,1,50.0,0,N,MELB_URBAN,OTHER,6,12.0
33715,1,4,110,1,1,50.0,0,I,LARGE_PROVINCIAL_CITIES,STREET,6,12.0
33716,1,4,113,1,1,80.0,0,I,MELB_URBAN,ROAD,6,13.0
33717,1,4,130,5,1,80.0,0,N,MELB_URBAN,FREEWAY,6,12.0
33718,1,4,120,5,2,100.0,0,N,RURAL_VICTORIA,ROAD,6,8.0
33719,1,4,163,5,2,40.0,0,N,MELB_URBAN,STREET,6,16.0
33720,1,4,121,1,1,60.0,0,I,MELB_URBAN,ROAD,6,15.0
33721,1,2,135,5,1,100.0,0,N,MELB_URBAN,FREEWAY,3,13.0
33722,1,3,116,2,2,40.0,0,I,LARGE_PROVINCIAL_CITIES,STREET,6,8.0
33723,1,1,99,1,9,60.0,0,I,LARGE_PROVINCIAL_CITIES,STREET,5,21.0
33724,2,4,102,5,2,100.0,0,N,MELB_URBAN,FREEWAY,6,17.0
33725,1,2,130,1,3,80.0,0,I,MELB_URBAN,ROAD,6,17.0
33726,1,1,121,2,1,70.0,0,I,MELB_URBAN,ROAD,3,12.0
33727,1,7,130,5,9,70.0,0,N,MELB_URBAN,ROAD,5,12.0
33728,1,4,113,2,3,60.0,0,N,LARGE_PROVINCIAL_CITIES,ROAD,6,17.0
33729,1,3,130,5,2,100.0,0,N,RURAL_VICTORIA,HIGHWAY,6,17.0
33730,2,4,100,1,2,60.0,0,I,MELB_URBAN,ROAD,6,17.0
33731,3,4,167,2,5,90.0,0,I,RURAL_VICTORIA,ROAD,6,18.0
33732,1,4,121,2,2,70.0,0,I,MELB_URBAN,STREET,6,16.0
33733,1,4,121,2,2,70.0,0,I,MELB_URBAN,ROAD,6,18.0
33734,1,4,135,5,3,80.0,0,N,MELB_URBAN,FREEWAY,6,20.0
33735,4,4,99,5,5,100.0,0,N,RURAL_VICTORIA,ROAD,6,20.0
33736,1,3,130,5,9,60.0,0,N,MELB_URBAN,STREET,5,18.0
33737,4,4,171,6,3,50.0,0,N,MELB_URBAN,OTHER,6,19.0
33738,1,4,130,5,2,40.0,0,N,MELB_URBAN,DRIVE,6,16.0
33739,1,4,130,2,3,80.0,0,I,MELB_URBAN,HIGHWAY,6,22.0
33740,6,5,174,2,3,60.0,0,I,MELB_URBAN,ROAD,6,0.0
33741,1,4,130,1,3,70.0,0,I,MELB_URBAN,AVENUE,6,18.0
33742,1,3,120,5,5,100.0,0,N,MELB_URBAN,ROAD,6,17.0
33743,1,4,130,5,3,70.0,1,N,MELB_URBAN,HIGHWAY,6,21.0
33744,1,4,120,5,3,60.0,0,N,MELB_URBAN,AVENUE,6,23.0
33745,1,5,130,4,3,60.0,0,N,MELB_URBAN,RAMP,6,6.0
33746,1,4,130,5,1,40.0,0,N,MELB_URBAN,ROAD,6,9.0
33747,1,6,130,5,1,80.0,0,N,MELB_URBAN,FREEWAY,5,9.0
33748,1,2,130,5,1,80.0,0,N,MELB_URBAN,FREEWAY,4,11.0
33749,8,5,174,1,3,50.0,0,I,MELB_URBAN,AVENUE,5,22.0
33750,1,5,130,5,1,100.0,0,N,MELB_URBAN,FREEWAY,5,14.0
33751,1,5,121,1,1,60.0,0,I,MELB_URBAN,HIGHWAY,6,10.0
33752,1,5,130,1,1,60.0,0,I,SMALL_CITIES,HIGHWAY,6,9.0
33753,1,5,147,5,2,60.0,0,N,TOWNS,ROAD,6,8.0
33754,1,2,99,1,1,40.0,0,I,MELB_URBAN,STREET,5,11.0
33755,1,4,163,2,9,50.0,0,I,MELB_URBAN,ROAD,6,17.0
33756,1,3,130,5,1,60.0,0,N,MELB_URBAN,ROAD,6,15.0
33757,1,4,99,2,2,60.0,0,I,MELB_URBAN,STREET,9,19.0
33758,1,5,130,5,1,50.0,0,N,MELB_URBAN,ROAD,6,9.0
33759,2,5,99,5,1,50.0,0,N,MELB_URBAN,STREET,6,12.0
33760,1,5,132,2,1,70.0,0,I,TOWNS,HIGHWAY,6,9.0
33761,1,4,130,5,2,80.0,0,N,MELB_URBAN,FREEWAY,6,17.0
33762,1,5,110,1,1,60.0,0,I,RURAL_VICTORIA,ROAD,6,12.0
33763,1,5,130,5,1,50.0,0,N,MELB_URBAN,PARADE,6,13.0
33764,6,5,99,5,1,100.0,0,N,RURAL_VICTORIA,ROAD,6,13.0
33765,1,5,121,1,1,80.0,0,I,RURAL_VICTORIA,HIGHWAY,6,13.0
33766,5,5,99,5,1,60.0,0,N,RURAL_VICTORIA,ROAD,5,15.0
33767,6,6,99,5,2,60.0,0,N,RURAL_VICTORIA,OTHER,3,20.0
33768,1,5,110,1,2,60.0,0,N,RURAL_VICTORIA,ROAD,6,6.0
33769,6,4,174,5,9,60.0,0,N,RURAL_VICTORIA,ROAD,3,12.0
33770,4,5,173,5,1,60.0,0,N,TOWNS,STREET,6,15.0
33771,8,5,99,1,1,50.0,0,I,SMALL_CITIES,STREET,6,14.0
33772,6,5,99,2,2,80.0,0,I,RURAL_VICTORIA,ROAD,6,16.0
33773,1,5,121,2,2,50.0,0,I,MELB_URBAN,STREET,6,16.0
33774,1,5,110,1,1,60.0,0,I,MELB_URBAN,ROAD,6,14.0
33775,1,5,99,2,3,60.0,0,I,MELB_URBAN,ROAD,6,17.0
33776,1,5,147,5,1,50.0,0,N,MELB_URBAN,STREET,6,15.0
33777,4,5,173,5,1,50.0,0,N,MELB_URBAN,HIGHWAY,6,15.0
33778,2,4,99,2,1,60.0,0,I,MELB_URBAN,ROAD,6,15.0
33779,1,5,99,1,3,40.0,0,I,MELB_URBAN,OTHER,6,17.0
33780,1,5,121,2,3,60.0,0,N,MELB_URBAN,ROAD,6,19.0
33781,1,5,121,1,1,60.0,0,I,MELB_URBAN,STREET,6,14.0
33782,1,4,99,2,2,70.0,0,I,MELB_URBAN,BOULEVARD,6,16.0
33783,1,5,110,1,3,50.0,0,I,LARGE_PROVINCIAL_CITIES,STREET,6,18.0
33784,4,5,173,2,3,50.0,0,I,MELB_URBAN,ROAD,6,20.0
33785,2,5,100,2,1,40.0,0,I,MELB_URBAN,STREET,6,15.0
33786,1,4,121,2,3,70.0,0,I,MELB_URBAN,ROAD,6,21.0
33787,1,2,99,1,9,60.0,0,I,MELB_URBAN,OTHER,5,8.0
33788,1,5,135,5,3,80.0,0,I,MELB_URBAN,HIGHWAY,6,23.0
33789,4,6,171,5,3,70.0,0,N,MELB_URBAN,ROAD,6,0.0
33790,1,6,113,1,3,50.0,0,I,TOWNS,STREET,6,6.0
33791,1,5,130,2,3,60.0,0,I,MELB_URBAN,STREET,7,18.0
33792,2,5,99,5,1,40.0,0,N,MELB_URBAN,HIGHWAY,6,10.0
33793,1,6,140,4,2,60.0,0,N,MELB_URBAN,OTHER,6,7.0
33794,1,3,147,5,2,60.0,0,N,MELB_URBAN,ROAD,5,17.0
33795,1,6,121,2,1,50.0,0,I,MELB_URBAN,ROAD,5,10.0
33796,1,6,160,5,2,60.0,0,N,SMALL_CITIES,ROAD,6,8.0
33797,1,6,113,2,2,60.0,0,I,MELB_URBAN,ROAD,6,8.0
33798,1,6,99,5,2,40.0,0,N,MELBOURNE_CBD,STREET,6,7.0
33799,2,6,102,1,2,80.0,0,I,MELB_URBAN,ROAD,6,8.0
33800,1,6,130,5,2,100.0,0,N,MELB_URBAN,ROAD,6,7.0
33801,1,7,99,1,1,60.0,0,I,MELB_URBAN,UNKNOWN,5,9.0
33802,2,6,102,5,3,60.0,0,N,MELB_URBAN,ROAD,6,6.0
33803,4,5,171,5,5,100.0,0,N,RURAL_VICTORIA,ROAD,6,20.0
33804,1,3,130,1,1,60.0,0,I,LARGE_PROVINCIAL_CITIES,STREET,5,15.0
33805,1,5,121,1,2,60.0,0,I,MELB_URBAN,ROAD,6,16.0
33806,1,6,130,5,2,60.0,0,N,TOWNS,STREET,6,8.0
33807,1,6,121,2,1,80.0,0,N,MELB_URBAN,ROAD,6,11.0
33808,1,6,160,5,1,50.0,0,N,TOWNS,STREET,6,10.0
33809,1,4,130,5,9,80.0,0,N,LARGE_PROVINCIAL_CITIES,HIGHWAY,5,10.0
33810,1,6,99,5,1,50.0,0,N,MELB_URBAN,STREET,6,11.0
33811,1,4,130,2,2,60.0,0,I,LARGE_PROVINCIAL_CITIES,STREET,5,17.0
33812,1,4,120,5,3,40.0,0,N,MELB_URBAN,STREET,6,19.0
33813,6,5,174,5,1,50.0,0,N,MELB_URBAN,OTHER,6,11.0
33814,2,6,99,1,1,60.0,0,N,MELB_URBAN,ROAD,6,10.0
33815,1,6,113,1,9,60.0,0,I,MELB_URBAN,STREET,6,11.0
33816,1,6,121,5,1,50.0,0,N,LARGE_PROVINCIAL_CITIES,STREET,6,12.0
33817,1,6,99,4,1,60.0,0,I,MELB_URBAN,STREET,6,10.0
33818,1,5,130,5,2,70.0,0,N,MELB_URBAN,HIGHWAY,6,18.0
33819,1,3,99,5,1,100.0,0,N,RURAL_VICTORIA,ROAD,5,11.0
33820,4,3,171,1,1,80.0,0,N,MELB_URBAN,ROAD,6,10.0
33821,4,6,171,5,1,40.0,0,N,MELB_URBAN,STREET,6,12.0
33822,1,6,134,5,1,70.0,0,N,MELB_URBAN,ROAD,6,11.0
33823,1,6,113,2,1,60.0,0,I,MELB_URBAN,ROAD,6,12.0
33824,4,6,173,5,1,100.0,0,N,MELB_URBAN,FREEWAY,6,11.0
33825,2,6,102,2,1,50.0,0,I,MELB_URBAN,UNKNOWN,6,13.0
33826,1,6,121,2,1,50.0,0,I,MELB_URBAN,OTHER,6,12.0
33827,1,5,110,1,1,50.0,0,I,TOWNS,STREET,6,11.0
33828,1,5,130,1,3,60.0,0,I,RURAL_VICTORIA,HIGHWAY,5,20.0
33829,1,6,121,2,1,60.0,0,I,MELB_URBAN,ROAD,6,14.0
33830,1,1,130,2,1,80.0,0,I,MELB_URBAN,HIGHWAY,6,14.0
33831,1,2,121,2,6,50.0,0,I,LARGE_PROVINCIAL_CITIES,OTHER,6,6.0
33832,4,6,99,5,1,50.0,0,N,MELB_URBAN,OTHER,6,15.0
33833,8,1,174,5,9,60.0,0,N,RURAL_VICTORIA,ROAD,5,14.0
33834,1,6,147,5,5,80.0,0,I,SMALL_CITIES,HIGHWAY,6,18.0
33835,1,6,163,5,2,40.0,0,N,MELB_URBAN,STREET,6,18.0
33836,1,4,135,5,9,100.0,0,N,SMALL_CITIES,FREEWAY,6,17.0
33837,1,5,121,2,1,60.0,0,I,MELB_URBAN,STREET,6,15.0
33838,1,6,130,5,2,80.0,0,N,MELB_URBAN,FREEWAY,6,18.0
33839,2,6,99,5,3,50.0,0,N,MELB_URBAN,STREET,6,19.0
33840,2,6,99,5,3,60.0,0,N,MELB_URBAN,ROAD,6,17.0
33841,1,6,110,1,2,60.0,0,I,TOWNS,STREET,6,20.0
33842,3,6,167,2,5,100.0,0,I,RURAL_VICTORIA,ROAD,6,19.0
33843,4,6,181,5,6,50.0,0,N,LARGE_PROVINCIAL_CITIES,PARADE,6,21.0
33844,1,6,110,1,3,50.0,0,I,LARGE_PROVINCIAL_CITIES,STREET,5,17.0
33845,8,5,174,1,3,50.0,0,I,MELB_URBAN,STREET,6,19.0
33846,4,6,173,5,5,100.0,0,N,RURAL_VICTORIA,HIGHWAY,6,23.0
33847,1,4,110,1,3,50.0,0,I,LARGE_PROVINCIAL_CITIES,STREET,6,22.0
33848,1,7,121,1,2,70.0,0,I,MELB_URBAN,STREET,6,6.0
33849,1,3,130,5,3,60.0,0,N,MELB_URBAN,ROAD,5,18.0
33850,1,6,113,1,1,60.0,0,I,MELB_URBAN,DRIVE,6,13.0
33851,1,6,160,5,1,60.0,0,N,MELB_URBAN,ROAD,6,9.0
33852,1,7,130,1,1,60.0,0,I,MELB_URBAN,HIGHWAY,6,10.0
33853,1,7,130,2,1,60.0,0,I,TOWNS,AVENUE,6,11.0
33854,1,7,110,1,2,70.0,0,I,MELB_URBAN,ROAD,6,6.0
33855,1,4,132,2,2,40.0,0,I,MELB_URBAN,STREET,5,18.0
33856,1,7,99,5,1,50.0,0,N,MELB_URBAN,DRIVE,6,10.0
33857,1,7,130,2,1,80.0,0,I,MELB_URBAN,ROAD,6,13.0
33858,1,7,160,5,1,60.0,0,N,SMALL_CITIES,ROAD,6,12.0
33859,2,6,102,2,3,50.0,0,I,MELB_URBAN,STREET,6,18.0
33860,1,7,113,1,1,60.0,0,I,MELB_URBAN,ROAD,6,14.0
33861,6,7,99,5,5,80.0,0,N,RURAL_VICTORIA,ROAD,6,1.0
33862,1,7,132,2,1,100.0,0,I,RURAL_VICTORIA,ROAD,6,14.0
33863,4,7,183,5,1,60.0,0,N,SMALL_TOWNS,ROAD,6,14.0
33864,1,6,121,1,2,60.0,0,I,MELB_URBAN,STREET,6,18.0
33865,4,7,181,5,1,100.0,0,N,RURAL_VICTORIA,HIGHWAY,6,14.0
33866,2,7,102,5,2,50.0,0,N,MELB_URBAN,ROAD,5,18.0
33867,4,7,181,5,2,50.0,0,N,MELB_URBAN,AVENUE,6,16.0
33868,1,6,130,2,3,60.0,0,I,MELB_URBAN,ROAD,6,20.0
33869,1,7,110,1,5,50.0,0,I,TOWNS,STREET,6,17.0
33870,2,7,100,2,3,60.0,0,I,MELB_URBAN,ROAD,6,17.0
33871,4,7,183,5,2,100.0,0,N,MELB_URBAN,FREEWAY,6,17.0
33872,1,7,130,5,1,60.0,0,N,MELB_URBAN,DRIVE,6,9.0
33873,2,7,100,5,3,50.0,0,N,TOWNS,STREET,6,4.0
33874,4,7,183,5,3,70.0,1,N,SMALL_CITIES,STREET,6,18.0
33875,1,7,121,1,3,60.0,0,I,MELB_URBAN,HIGHWAY,6,20.0
33876,1,7,160,5,3,50.0,0,N,SMALL_CITIES,STREET,6,21.0
33877,1,7,99,2,3,50.0,0,I,MELB_URBAN,HIGHWAY,6,19.0
33878,1,4,140,5,2,60.0,0,N,SMALL_CITIES,ROAD,6,16.0
33879,1,1,130,1,3,60.0,0,I,MELB_URBAN,PARADE,6,5.0
33880,4,7,171,5,5,100.0,0,N,RURAL_VICTORIA,HIGHWAY,6,17.0
33881,1,7,113,2,1,80.0,0,I,TOWNS,HIGHWAY,6,15.0
33882,4,1,171,5,2,110.0,0,N,RURAL_VICTORIA,FREEWAY,6,7.0
33883,4,1,183,5,5,100.0,0,N,RURAL_VICTORIA,ROAD,6,5.0
33884,8,1,174,2,1,50.0,0,I,MELB_URBAN,STREET,6,10.0
33885,1,1,99,5,1,50.0,0,N,TOWNS,STREET,6,10.0
33886,1,1,111,2,1,60.0,0,I,MELB_URBAN,ROAD,6,12.0
33887,1,1,132,2,1,60.0,0,I,MELB_URBAN,ROAD,6,13.0
33888,1,6,99,2,3,50.0,0,I,MELB_URBAN,STREET,6,18.0
33889,8,1,184,5,1,100.0,0,N,RURAL_VICTORIA,ROAD,6,13.0
33890,1,1,121,2,1,60.0,0,I,MELB_URBAN,UNKNOWN,5,10.0
33891,1,1,99,1,2,60.0,0,I,MELB_URBAN,ROAD,6,18.0
33892,1,2,130,4,2,60.0,0,N,MELB_URBAN,ROAD,5,17.0
33893,8,7,99,5,1,60.0,0,N,RURAL_VICTORIA,ROAD,5,10.0
33894,6,7,99,5,2,100.0,0,N,RURAL_VICTORIA,OTHER,6,16.0
33895,1,1,110,1,1,60.0,0,I,LARGE_PROVINCIAL_CITIES,STREET,6,15.0
33896,1,1,110,1,1,100.0,0,I,RURAL_VICTORIA,OTHER,6,15.0
33897,1,1,130,5,2,80.0,0,N,MELB_URBAN,HIGHWAY,6,16.0
33898,4,2,183,5,5,60.0,0,N,SMALL_TOWNS,ROAD,3,23.0
33899,1,1,121,2,3,80.0,0,I,MELB_URBAN,ROAD,6,17.0
33900,1,1,130,2,3,60.0,0,I,MELB_URBAN,ROAD,6,1.0
33901,1,1,121,2,2,80.0,0,I,SMALL_TOWNS,HIGHWAY,6,16.0
33902,6,0,174,5,1,60.0,0,N,RURAL_VICTORIA,ROAD,6,13.0
33903,4,1,171,5,3,60.0,0,N,SMALL_CITIES,ROAD,6,18.0
33904,8,1,174,1,1,50.0,0,I,MELB_URBAN,ROAD,6,14.0
33905,2,1,99,5,3,70.0,0,N,MELB_URBAN,HIGHWAY,6,21.0
33906,4,1,181,2,3,50.0,0,I,MELB_URBAN,DRIVE,6,23.0
33907,4,7,173,5,1,100.0,0,N,RURAL_VICTORIA,ROAD,6,14.0
33908,4,2,173,5,5,100.0,0,N,RURAL_VICTORIA,FREEWAY,6,4.0
33909,4,2,173,1,3,50.0,0,I,MELB_URBAN,STREET,6,3.0
33910,1,2,121,1,3,60.0,0,I,MELB_URBAN,STREET,6,3.0
33911,6,2,170,5,3,60.0,0,N,SMALL_CITIES,DRIVE,6,1.0
33912,1,2,110,1,3,60.0,0,I,MELB_URBAN,ROAD,6,5.0
33913,2,2,99,1,1,40.0,0,I,MELB_URBAN,PARADE,6,9.0
33914,1,2,99,5,1,50.0,0,N,TOWNS,STREET,6,9.0
33915,5,1,99,5,5,100.0,0,N,RURAL_VICTORIA,ROAD,6,18.0
33916,2,2,99,1,1,60.0,0,I,MELB_URBAN,STREET,6,14.0
33917,6,4,174,5,3,60.0,0,N,MELB_URBAN,ROAD,6,20.0
33918,8,2,174,5,1,100.0,0,N,RURAL_VICTORIA,HIGHWAY,6,11.0
33919,1,2,130,2,3,60.0,0,I,MELB_URBAN,OTHER,6,20.0
33920,2,2,99,5,1,50.0,0,N,MELB_URBAN,ROAD,6,12.0
33921,8,2,174,2,2,60.0,0,I,MELB_URBAN,ROAD,6,8.0
33922,4,3,181,5,5,40.0,0,N,RURAL_VICTORIA,ROAD,11,23.0
33923,1,2,160,5,1,50.0,0,N,MELB_URBAN,UNKNOWN,6,13.0
33924,2,5,102,5,3,70.0,0,N,MELB_URBAN,ROAD,6,18.0
33925,8,2,174,1,1,100.0,0,I,RURAL_VICTORIA,HIGHWAY,6,15.0
33926,1,7,132,5,1,60.0,0,N,SMALL_CITIES,AVENUE,5,15.0
33927,4,2,99,5,1,50.0,0,N,SMALL_CITIES,STREET,6,13.0
33928,4,2,99,5,1,100.0,0,N,RURAL_VICTORIA,HIGHWAY,6,13.0
33929,4,2,181,2,1,100.0,0,I,RURAL_VICTORIA,ROAD,6,12.0
33930,1,1,130,2,1,60.0,0,I,MELB_URBAN,STREET,6,12.0
33931,4,2,183,5,1,100.0,0,N,RURAL_VICTORIA,ROAD,6,13.0
33932,4,2,183,5,1,100.0,0,N,RURAL_VICTORIA,ROAD,6,14.0
33933,4,2,173,5,1,50.0,0,N,MELB_URBAN,BOULEVARD,6,15.0
33934,8,2,174,5,1,100.0,0,N,RURAL_VICTORIA,OTHER,6,13.0
33935,1,2,121,1,1,60.0,0,I,TOWNS,HIGHWAY,6,15.0
33936,2,2,99,5,1,50.0,0,N,MELB_URBAN,PARADE,6,14.0
33937,1,5,130,1,2,50.0,0,I,SMALL_CITIES,STREET,6,7.0
33938,1,2,121,2,2,60.0,0,I,MELB_URBAN,STREET,6,18.0
33939,1,2,121,1,2,60.0,0,I,MELB_URBAN,ROAD,6,17.0
33940,4,1,99,2,2,60.0,0,I,MELB_URBAN,RAMP,6,18.0
33941,1,1,120,5,5,70.0,0,N,MELB_URBAN,ROAD,6,21.0
33942,1,6,110,1,3,50.0,0,I,MELB_URBAN,STREET,5,6.0
33943,3,2,167,5,2,100.0,0,N,RURAL_VICTORIA,HIGHWAY,6,18.0
33944,4,3,171,5,3,60.0,0,N,MELB_URBAN,ROAD,6,1.0
33945,2,3,99,2,1,50.0,0,I,MELB_URBAN,AVENUE,2,12.0
33946,1,3,130,5,1,70.0,0,N,MELB_URBAN,ROAD,6,9.0
33947,1,2,121,2,2,60.0,0,I,MELB_URBAN,AVENUE,6,8.0
33948,1,2,113,2,2,60.0,0,I,SMALL_CITIES,ROAD,6,7.0
33949,1,2,130,5,2,80.0,0,N,MELB_URBAN,UNKNOWN,6,17.0
33950,1,3,120,5,5,100.0,1,N,RURAL_VICTORIA,HIGHWAY,6,5.0
33951,1,7,130,5,9,100.0,0,N,MELB_URBAN,FREEWAY,5,17.0
33952,1,3,130,5,2,100.0,0,N,MELB_URBAN,ROAD,6,8.0
33953,6,3,174,5,2,100.0,0,I,RURAL_VICTORIA,ROAD,6,8.0
33954,1,5,130,2,1,70.0,0,I,MELB_URBAN,ROAD,6,15.0
33955,1,6,110,1,1,40.0,0,I,MELB_URBAN,STREET,4,9.0
33956,8,5,99,5,1,100.0,0,N,RURAL_VICTORIA,FREEWAY,5,19.0
33957,1,3,163,5,2,60.0,0,N,MELB_URBAN,PARADE,6,8.0
33958,1,3,130,5,2,100.0,0,N,MELB_URBAN,UNKNOWN,6,7.0
33959,1,3,147,5,1,60.0,0,N,SMALL_CITIES,STREET,6,11.0
33960,2,3,100,1,1,60.0,0,I,LARGE_PROVINCIAL_CITIES,ROAD,6,11.0
33961,1,3,113,1,1,70.0,0,N,MELB_URBAN,ROAD,6,12.0
33962,4,2,171,5,1,100.0,0,N,RURAL_VICTORIA,HIGHWAY,6,14.0
33963,1,6,130,1,3,50.0,0,I,MELB_URBAN,DRIVE,6,5.0
33964,1,7,130,5,1,70.0,0,N,MELB_URBAN,ROAD,5,12.0
33965,2,3,102,5,2,60.0,0,N,TOWNS,ROAD,6,8.0
33966,4,3,171,5,2,100.0,0,N,RURAL_VICTORIA,ROAD,6,8.0
33967,8,1,174,5,1,50.0,0,N,MELB_URBAN,ROAD,6,9.0
33968,1,7,130,5,1,60.0,0,N,SMALL_CITIES,AVENUE,4,12.0
33969,1,7,130,1,1,60.0,0,I,MELB_URBAN,HIGHWAY,6,15.0
33970,1,3,130,2,1,100.0,0,N,MELB_URBAN,FREEWAY,6,11.0
33971,1,3,99,1,2,70.0,0,I,MELB_URBAN,HIGHWAY,6,17.0
33972,1,3,116,2,2,50.0,0,I,MELB_URBAN,DRIVE,6,17.0
33973,1,3,121,9,2,60.0,0,I,MELB_URBAN,ROAD,6,16.0
33974,8,3,174,2,2,50.0,0,I,MELB_URBAN,OTHER,6,17.0
33975,1,3,147,5,2,60.0,0,N,MELB_URBAN,ROAD,6,17.0
33976,1,3,130,5,2,60.0,0,N,MELB_URBAN,ROAD,6,18.0
33977,6,3,170,5,1,100.0,0,N,RURAL_VICTORIA,ROAD,6,15.0
33978,1,3,121,1,3,70.0,0,I,LARGE_PROVINCIAL_CITIES,STREET,6,21.0
33979,1,3,110,1,2,50.0,0,I,TOWNS,STREET,6,16.0
33980,1,3,140,2,3,80.0,0,I,MELB_URBAN,STREET,6,3.0
33981,1,3,99,1,1,50.0,0,I,MELB_URBAN,BOULEVARD,6,15.0
33982,1,3,110,1,2,50.0,0,I,MELB_URBAN,STREET,6,16.0
33983,8,3,99,1,1,40.0,0,I,SMALL_CITIES,STREET,6,14.0
33984,2,5,102,5,1,40.0,0,N,MELB_URBAN,ROAD,3,13.0
33985,4,4,171,5,3,80.0,0,N,MELB_URBAN,HIGHWAY,6,0.0
33986,4,4,183,5,5,80.0,0,N,MELB_URBAN,UNKNOWN,6,4.0
33987,2,4,99,5,3,40.0,0,N,MELB_URBAN,DRIVE,6,4.0
33988,1,4,163,5,6,60.0,0,N,MELB_URBAN,STREET,5,18.0
33989,6,4,170,5,5,100.0,0,N,RURAL_VICTORIA,AVENUE,6,7.0
33990,1,4,99,2,2,60.0,0,I,MELB_URBAN,STREET,6,7.0
33991,1,4,113,2,2,100.0,0,I,RURAL_VICTORIA,ROAD,6,6.0
33992,6,4,174,5,2,60.0,0,N,TOWNS,STREET,6,7.0
33993,1,5,130,2,1,60.0,0,I,MELB_URBAN,STREET,5,12.0
33994,1,1,130,1,1,70.0,0,I,MELB_URBAN,OTHER,5,13.0
33995,1,2,116,2,1,60.0,0,N,MELB_URBAN,ROAD,6,12.0
33996,1,7,130,2,1,70.0,0,I,LARGE_PROVINCIAL_CITIES,STREET,6,12.0
33997,5,7,99,2,1,60.0,0,I,RURAL_VICTORIA,OTHER,5,11.0
33998,4,4,181,5,1,100.0,0,N,MELB_URBAN,RAMP,6,9.0
33999,1,4,113,2,1,80.0,0,I,MELB_URBAN,ROAD,6,9.0
34000,8,4,174,1,1,40.0,0,I,MELB_URBAN,ROAD,6,11.0
34001,8,3,174,5,1,70.0,0,N,RURAL_VICTORIA,ROAD,4,8.0
34002,4,4,171,5,1,100.0,0,N,RURAL_VICTORIA,ROAD,6,9.0
34003,1,4,130,2,1,80.0,0,I,MELB_URBAN,ROAD,6,10.0
34004,1,4,99,5,2,40.0,0,N,MELB_URBAN,STREET,6,8.0
34005,4,4,173,5,2,100.0,0,N,MELB_URBAN,ROAD,6,8.0
34006,1,4,121,2,2,40.0,0,I,MELB_URBAN,STREET,6,8.0
34007,2,7,100,2,1,60.0,0,I,MELB_URBAN,STREET,5,14.0
34008,1,4,130,5,1,100.0,0,N,MELB_URBAN,ROAD,6,9.0
34009,5,1,99,5,1,100.0,0,N,RURAL_VICTORIA,ROAD,6,11.0
34010,7,4,99,5,2,50.0,0,N,MELB_URBAN,STREET,5,16.0
34011,1,4,113,1,2,50.0,0,I,MELB_URBAN,STREET,6,6.0
34012,1,1,116,2,1,60.0,0,I,MELB_URBAN,STREET,5,13.0
34013,1,4,133,5,1,100.0,0,N,MELB_URBAN,FREEWAY,6,12.0
34014,1,5,140,5,2,60.0,0,N,MELB_URBAN,ROAD,6,18.0
34015,1,4,110,1,1,50.0,0,I,MELB_URBAN,HIGHWAY,6,12.0
34016,1,4,113,2,1,70.0,0,I,MELB_URBAN,ROAD,6,11.0
34017,1,4,113,2,1,100.0,0,I,RURAL_VICTORIA,ROAD,6,12.0
34018,8,4,99,5,2,100.0,0,N,RURAL_VICTORIA,HIGHWAY,6,6.0
34019,1,5,130,2,2,60.0,0,I,SMALL_CITIES,STREET,5,18.0
34020,1,4,121,1,1,60.0,0,I,MELB_URBAN,HIGHWAY,6,13.0
34021,3,2,167,5,5,100.0,0,N,RURAL_VICTORIA,ROAD,6,21.0
34022,1,4,121,2,2,60.0,0,I,MELB_URBAN,ROAD,5,16.0
34023,1,4,116,2,2,60.0,0,I,MELB_URBAN,ROAD,6,16.0
34024,1,4,110,1,1,50.0,0,I,MELB_URBAN,DRIVE,6,14.0
34025,4,4,171,2,1,80.0,0,I,RURAL_VICTORIA,ROAD,6,14.0
34026,4,3,99,2,6,100.0,0,I,RURAL_VICTORIA,ROAD,6,20.0
34027,1,4,110,1,2,80.0,0,I,RURAL_VICTORIA,ROAD,6,17.0
34028,1,4,135,1,2,80.0,0,I,MELB_URBAN,HIGHWAY,6,17.0
34029,1,4,120,5,2,80.0,0,N,MELB_URBAN,ROAD,6,18.0
34030,1,4,130,5,2,80.0,0,N,MELB_URBAN,HIGHWAY,6,16.0
34031,1,4,130,2,6,80.0,0,I,MELB_URBAN,HIGHWAY,5,20.0
34032,1,4,120,5,1,100.0,0,N,RURAL_VICTORIA,ROAD,6,14.0
34033,1,4,121,1,2,100.0,0,I,RURAL_VICTORIA,ROAD,6,18.0