,accident_type,day_of_week,dca_code,road_geometry,light_condition,speed_zone,severity,node_type,deg_urban_name,road_type,month,hour
34034,1,2,130,1,1,60.0,0,I,MELB_URBAN,ROAD,6,13.0
34035,1,4,110,1,1,70.0,0,I,LARGE_PROVINCIAL_CITIES,ROAD,6,14.0
34036,1,4,99,5,3,60.0,0,N,MELB_URBAN,HIGHWAY,6,21.0
34037,1,4,110,1,3,60.0,0,I,SMALL_CITIES,ROAD,6,22.0
34038,1,5,140,1,3,60.0,0,I,MELB_URBAN,STREET,6,7.0
34039,1,3,130,1,1,60.0,0,I,MELB_URBAN,PARADE,6,9.0
34040,1,5,133,1,2,50.0,0,I,MELB_URBAN,ROAD,6,7.0
34041,1,5,113,2,2,60.0,0,I,MELB_URBAN,STREET,6,7.0
34042,1,5,135,5,2,100.0,0,N,MELB_URBAN,FREEWAY,6,7.0
34043,1,5,130,5,2,100.0,0,N,MELB_URBAN,FREEWAY,6,7.0
34044,1,5,147,5,1,60.0,0,N,MELB_URBAN,STREET,6,9.0
34045,1,4,121,4,3,50.0,0,I,MELB_URBAN,RAMP,6,18.0
34046,1,2,99,2,1,50.0,0,I,MELB_URBAN,ROAD,5,12.0
34047,1,7,163,5,1,50.0,0,N,MELB_URBAN,STREET,6,14.0
34048,4,6,173,5,2,100.0,0,N,RURAL_VICTORIA,ROAD,5,7.0
34049,4,2,171,5,1,100.0,0,N,RURAL_VICTORIA,HIGHWAY,6,11.0
34050,1,5,132,1,1,40.0,0,I,MELB_URBAN,ROAD,6,9.0
34051,1,4,99,5,1,100.0,0,N,RURAL_VICTORIA,ROAD,6,15.0
34052,1,5,110,1,1,60.0,0,I,MELB_URBAN,ROAD,6,11.0
34053,1,4,116,2,1,60.0,0,O,SMALL_CITIES,UNKNOWN,6,11.0
34054,1,5,121,1,1,60.0,0,I,MELB_URBAN,ROAD,6,12.0
34055,1,1,163,5,9,60.0,0,N,MELB_URBAN,ROAD,11,16.0
34056,2,4,100,1,2,50.0,0,I,MELB_URBAN,ROAD,6,7.0
34057,8,4,174,1,1,60.0,0,I,MELB_URBAN,STREET,6,10.0
34058,4,5,171,5,1,100.0,0,N,MELB_URBAN,ROAD,6,9.0
34059,1,5,130,5,1,80.0,0,N,MELB_URBAN,ROAD,6,13.0
34060,2,5,102,2,1,50.0,0,I,MELB_URBAN,ROAD,6,13.0
34061,1,1,130,5,1,60.0,0,N,SMALL_CITIES,BOULEVARD,4,12.0
34062,1,5,135,5,1,80.0,0,N,MELB_URBAN,STREET,6,13.0
34063,1,5,113,2,1,80.0,0,I,MELB_URBAN,ROAD,6,15.0
34064,1,5,140,4,5,80.0,0,N,RURAL_VICTORIA,RAMP,6,17.0
34065,4,5,171,5,2,100.0,0,N,RURAL_VICTORIA,HIGHWAY,6,16.0
34066,1,5,130,5,3,100.0,0,N,MELB_URBAN,FREEWAY,6,17.0
34067,1,5,120,5,2,50.0,0,N,MELB_URBAN,ROAD,6,17.0
34068,1,3,99,3,3,60.0,0,I,MELB_URBAN,ROAD,6,19.0
34069,1,5,134,5,9,60.0,0,N,MELB_URBAN,ROAD,5,19.0
34070,2,5,102,2,2,50.0,0,I,MELB_URBAN,STREET,6,18.0
34071,8,1,174,5,2,60.0,0,N,RURAL_VICTORIA,ROAD,6,16.0
34072,1,5,140,5,3,60.0,0,N,SMALL_CITIES,ROAD,6,19.0
34073,1,5,147,5,1,80.0,0,N,MELB_URBAN,ROAD,6,15.0
34074,1,5,110,1,3,50.0,0,I,SMALL_CITIES,STREET,6,19.0
34075,1,5,120,1,3,40.0,0,N,MELB_URBAN,ROAD,6,19.0
34076,1,5,134,5,6,100.0,0,N,MELB_URBAN,FREEWAY,6,17.0
34077,4,7,171,5,2,80.0,0,N,RURAL_VICTORIA,ROAD,5,17.0
34078,4,5,173,5,5,80.0,0,N,TOWNS,ROAD,6,20.0
34079,1,5,130,2,3,70.0,0,I,MELB_URBAN,ROAD,6,21.0
34080,4,6,171,5,4,70.0,0,N,MELB_URBAN,ROAD,6,0.0
34081,1,6,130,5,3,100.0,0,N,MELB_URBAN,RAMP,6,0.0
34082,1,5,99,5,3,60.0,0,N,LARGE_PROVINCIAL_CITIES,STREET,6,23.0
34083,1,6,113,2,3,60.0,0,N,MELB_URBAN,ROAD,6,2.0
34084,4,5,173,2,3,60.0,0,I,MELB_URBAN,STREET,6,5.0
34085,1,6,134,5,2,80.0,0,N,MELB_URBAN,UNKNOWN,6,7.0
34086,1,6,116,2,1,50.0,0,I,MELB_URBAN,OTHER,6,9.0
34087,1,6,113,2,2,60.0,0,I,LARGE_PROVINCIAL_CITIES,STREET,6,8.0
34088,8,6,174,5,2,60.0,0,N,MELB_URBAN,ROAD,6,8.0
34089,8,2,174,2,2,50.0,0,I,MELB_URBAN,ROAD,6,16.0
34090,2,6,102,1,1,60.0,0,I,MELB_URBAN,STREET,6,10.0
34091,4,6,173,1,1,50.0,0,I,MELB_URBAN,STREET,6,9.0
34092,1,6,110,1,1,60.0,0,I,MELB_URBAN,ROAD,6,9.0
34093,1,5,130,1,1,60.0,0,I,LARGE_PROVINCIAL_CITIES,STREET,6,10.0
34094,1,6,130,5,1,60.0,0,N,MELB_URBAN,ROAD,6,11.0
34095,4,6,181,5,1,100.0,0,N,RURAL_VICTORIA,ROAD,6,10.0
34096,1,6,121,1,1,60.0,0,I,MELB_URBAN,HIGHWAY,6,12.0
34097,1,1,99,2,1,60.0,0,N,MELB_URBAN,HIGHWAY,3,15.0
34098,1,4,130,1,9,60.0,0,I,MELB_URBAN,ROAD,4,11.0
34099,1,6,130,2,1,80.0,0,I,MELB_URBAN,HIGHWAY,6,15.0
34100,1,6,160,5,1,60.0,0,N,MELB_URBAN,STREET,6,15.0
34101,2,5,102,1,3,40.0,0,I,MELB_URBAN,ROAD,6,17.0
34102,2,6,99,2,3,60.0,0,I,MELB_URBAN,STREET,6,18.0
34103,1,6,130,5,3,60.0,0,N,MELB_URBAN,STREET,6,18.0
34104,8,6,174,2,2,60.0,0,I,MELB_URBAN,STREET,6,17.0
34105,1,6,110,1,1,60.0,0,I,MELB_URBAN,STREET,6,15.0
34106,1,6,110,1,2,60.0,0,I,MELB_URBAN,ROAD,6,17.0
34107,1,6,116,2,2,60.0,0,I,MELB_URBAN,ROAD,6,17.0
34108,1,6,135,5,3,100.0,0,N,MELB_URBAN,FREEWAY,6,17.0
34109,1,6,130,1,3,70.0,0,I,MELB_URBAN,ROAD,6,20.0
34110,2,6,99,5,3,50.0,0,N,MELB_URBAN,AVENUE,6,18.0
34111,1,6,121,1,3,60.0,0,I,MELB_URBAN,ROAD,6,22.0
34112,1,6,121,1,3,60.0,0,I,MELB_URBAN,ROAD,5,19.0
34113,1,4,135,5,9,80.0,0,N,MELB_URBAN,ROAD,5,15.0
34114,1,6,121,1,1,60.0,0,I,MELB_URBAN,STREET,6,8.0
34115,1,6,113,2,1,70.0,0,I,MELB_URBAN,ROAD,6,14.0
34116,2,3,100,5,1,40.0,0,N,MELB_URBAN,AVENUE,6,15.0
34117,1,6,110,1,1,50.0,0,I,MELB_URBAN,ROAD,6,13.0
34118,4,7,173,5,2,70.0,0,N,MELB_URBAN,ROAD,6,6.0
34119,8,7,174,5,1,60.0,0,N,RURAL_VICTORIA,ROAD,6,10.0
34120,2,7,100,5,2,50.0,0,N,MELB_URBAN,ROAD,6,7.0
34121,1,6,130,5,2,100.0,0,N,MELB_URBAN,FREEWAY,5,17.0
34122,4,7,171,5,1,100.0,0,N,MELB_URBAN,FREEWAY,6,8.0
34123,2,7,100,1,1,40.0,0,I,MELBOURNE_CBD,STREET,6,9.0
34124,1,7,113,2,1,60.0,0,I,MELB_URBAN,ROAD,6,9.0
34125,1,7,113,2,1,100.0,0,I,RURAL_VICTORIA,ROAD,6,9.0
34126,1,7,130,1,1,80.0,0,I,MELB_URBAN,ROAD,6,10.0
34127,4,7,181,5,1,100.0,0,N,RURAL_VICTORIA,HIGHWAY,6,11.0
34128,1,7,121,5,1,60.0,0,N,MELB_URBAN,ROAD,6,11.0
34129,1,6,110,1,1,60.0,0,N,MELB_URBAN,ROAD,6,8.0
34130,1,6,120,5,5,60.0,0,N,TOWNS,ROAD,6,21.0
34131,1,3,147,5,1,50.0,0,N,SMALL_CITIES,STREET,9,15.0
34132,1,6,147,5,2,60.0,0,N,MELB_URBAN,ROAD,6,16.0
34133,1,7,121,1,1,70.0,0,I,RURAL_VICTORIA,ROAD,6,10.0
34134,1,5,140,5,5,60.0,0,N,MELB_URBAN,ROAD,6,20.0
34135,7,7,174,5,1,60.0,0,N,RURAL_VICTORIA,ROAD,6,15.0
34136,1,4,160,2,2,60.0,0,I,MELB_URBAN,ROAD,5,18.0
34137,1,3,134,4,9,60.0,0,I,MELB_URBAN,ROAD,5,12.0
34138,4,7,183,5,1,70.0,0,N,RURAL_VICTORIA,ROAD,6,12.0
34139,1,7,130,2,1,60.0,0,I,MELB_URBAN,ROAD,6,12.0
34140,1,7,99,2,1,60.0,0,I,MELB_URBAN,OTHER,6,12.0
34141,1,7,121,1,1,80.0,0,I,MELB_URBAN,ROAD,6,13.0
34142,4,7,181,5,1,100.0,0,N,RURAL_VICTORIA,ROAD,6,11.0
34143,1,5,130,1,1,70.0,0,I,MELB_URBAN,ROAD,2,14.0
34144,2,7,99,5,1,50.0,0,N,MELB_URBAN,HIGHWAY,6,13.0
34145,1,7,163,2,2,50.0,0,I,MELB_URBAN,STREET,3,17.0
34146,1,6,160,5,3,70.0,0,N,LARGE_PROVINCIAL_CITIES,HIGHWAY,6,19.0
34147,1,1,140,5,1,50.0,0,N,MELB_URBAN,STREET,2,17.0
34148,2,7,100,1,1,50.0,0,I,MELB_URBAN,STREET,6,15.0
34149,1,7,99,1,1,70.0,0,I,MELB_URBAN,ROAD,6,16.0
34150,2,6,100,5,6,60.0,0,N,MELB_URBAN,AVENUE,6,21.0
34151,1,7,121,2,3,70.0,0,I,MELB_URBAN,ROAD,6,18.0
34152,2,7,102,5,3,60.0,0,N,MELB_URBAN,ROAD,6,21.0
34153,2,7,100,1,3,60.0,0,I,MELB_URBAN,ROAD,6,21.0
34154,1,7,111,2,3,50.0,0,I,MELB_URBAN,STREET,6,20.0
34155,1,7,160,5,3,70.0,0,N,MELB_URBAN,ROAD,6,22.0
34156,1,3,130,5,1,80.0,0,N,MELB_URBAN,HIGHWAY,5,15.0
34157,2,1,99,5,3,60.0,0,N,MELB_URBAN,OTHER,6,1.0
34158,2,1,100,1,3,60.0,0,I,MELB_URBAN,ROAD,6,0.0
34159,1,1,110,1,3,40.0,0,I,MELB_URBAN,ROAD,6,1.0
34160,4,1,171,5,3,60.0,0,N,MELB_URBAN,ROAD,6,3.0
34161,1,6,173,2,3,50.0,0,N,MELB_URBAN,DRIVE,6,1.0
34162,2,1,99,5,3,50.0,0,N,MELB_URBAN,OTHER,6,4.0
34163,1,4,110,1,1,50.0,0,I,MELB_URBAN,STREET,6,12.0
34164,1,1,111,2,2,50.0,0,I,TOWNS,STREET,6,7.0
34165,1,7,147,2,3,60.0,0,I,SMALL_CITIES,STREET,6,19.0
34166,1,1,113,2,1,60.0,0,I,MELB_URBAN,ROAD,6,10.0
34167,1,1,99,2,1,50.0,0,I,MELB_URBAN,ROAD,6,10.0
34168,1,1,99,5,1,50.0,0,N,SMALL_CITIES,STREET,6,12.0
34169,1,1,132,1,1,60.0,0,I,MELB_URBAN,ROAD,6,9.0
34170,1,7,113,2,3,50.0,0,I,SMALL_CITIES,STREET,6,20.0
34171,1,1,132,5,1,50.0,0,N,MELB_URBAN,DRIVE,6,13.0
34172,4,1,173,5,2,100.0,0,N,RURAL_VICTORIA,ROAD,6,8.0
34173,1,0,121,2,1,60.0,0,I,MELB_URBAN,ROAD,6,14.0
34174,1,0,133,5,1,100.0,0,N,RURAL_VICTORIA,ROAD,6,12.0
34175,1,7,130,2,2,70.0,0,I,MELB_URBAN,ROAD,6,18.0
34176,1,2,116,2,2,70.0,0,I,MELB_URBAN,ROAD,6,8.0
34177,2,1,100,1,2,80.0,0,I,MELB_URBAN,ROAD,6,16.0
34178,1,1,132,5,1,100.0,0,N,RURAL_VICTORIA,ROAD,6,14.0
34179,2,1,100,1,2,60.0,0,I,MELB_URBAN,ROAD,6,18.0
34180,2,1,100,1,1,60.0,0,I,MELB_URBAN,ROAD,6,15.0
34181,1,1,121,1,3,60.0,0,I,MELB_URBAN,ROAD,6,21.0
34182,2,1,100,5,3,60.0,0,N,SMALL_CITIES,STREET,6,21.0
34183,4,1,181,5,1,100.0,1,N,RURAL_VICTORIA,HIGHWAY,6,9.0
34184,2,1,100,5,3,50.0,0,N,SMALL_CITIES,ROAD,6,20.0
34185,4,2,181,5,3,50.0,0,N,MELB_URBAN,DRIVE,6,1.0
34186,1,2,130,5,2,80.0,0,N,MELB_URBAN,FREEWAY,6,5.0
34187,1,2,132,5,5,100.0,0,N,MELB_URBAN,ROAD,6,6.0
34188,1,2,130,5,2,100.0,0,N,MELB_URBAN,FREEWAY,6,6.0
34189,1,2,121,2,3,80.0,0,N,MELB_URBAN,ROAD,6,6.0
34190,1,2,110,1,2,60.0,0,I,SMALL_TOWNS,STREET,6,7.0
34191,1,6,130,5,2,80.0,0,N,MELB_URBAN,FREEWAY,6,17.0
34192,2,2,99,5,1,50.0,0,N,MELB_URBAN,OTHER,6,11.0
34193,4,6,173,2,1,60.0,0,I,RURAL_VICTORIA,ROAD,5,10.0
34194,8,7,174,5,1,60.0,0,N,RURAL_VICTORIA,ROAD,5,14.0
34195,1,2,110,1,1,60.0,0,I,MELB_URBAN,STREET,6,10.0
34196,1,1,133,2,1,50.0,0,I,MELB_URBAN,STREET,6,8.0
34197,1,2,130,1,2,60.0,0,I,MELB_URBAN,ROAD,6,8.0
34198,1,5,135,1,1,40.0,0,I,MELB_URBAN,STREET,6,15.0
34199,1,3,99,2,3,50.0,0,I,MELB_URBAN,ROAD,4,18.0
34200,2,2,102,1,1,60.0,0,I,MELB_URBAN,STREET,6,11.0
34201,1,2,140,5,1,50.0,0,N,MELB_URBAN,AVENUE,6,13.0
34202,1,1,130,2,1,70.0,0,I,MELB_URBAN,DRIVE,6,14.0
34203,8,2,99,2,1,100.0,0,I,RURAL_VICTORIA,ROAD,6,10.0
34204,1,2,140,5,1,60.0,0,N,MELB_URBAN,ROAD,6,14.0
34205,1,2,111,2,2,60.0,0,I,MELB_URBAN,ROAD,6,16.0
34206,4,2,173,5,1,110.0,0,N,TOWNS,FREEWAY,6,15.0
34207,1,2,130,5,1,100.0,0,N,MELB_URBAN,ROAD,6,15.0
34208,8,3,174,5,2,50.0,0,N,MELBOURNE_CBD,STREET,5,7.0
34209,1,2,120,5,1,70.0,0,N,MELB_URBAN,ROAD,6,15.0
34210,1,2,132,2,2,100.0,0,I,RURAL_VICTORIA,HIGHWAY,6,16.0
34211,1,1,120,5,5,100.0,0,N,RURAL_VICTORIA,HIGHWAY,6,17.0
34212,1,2,113,2,4,60.0,0,I,MELB_URBAN,ROAD,6,19.0
34213,1,2,113,1,2,70.0,0,I,MELB_URBAN,STREET,6,17.0
34214,8,6,99,2,3,60.0,0,I,MELB_URBAN,STREET,5,19.0
34215,1,2,130,5,2,50.0,0,N,MELB_URBAN,STREET,6,17.0
34216,2,2,99,5,2,60.0,0,N,MELB_URBAN,STREET,6,17.0
34217,1,5,113,1,1,60.0,0,I,MELB_URBAN,STREET,5,11.0
34218,1,2,110,1,3,40.0,0,I,MELB_URBAN,STREET,6,22.0
34219,1,4,121,1,3,40.0,0,I,MELBOURNE_CBD,STREET,6,6.0
34220,1,3,113,1,2,80.0,0,I,MELB_URBAN,HIGHWAY,6,7.0
34221,2,3,100,1,2,40.0,0,I,MELB_URBAN,STREET,6,8.0
34222,1,3,113,2,2,80.0,0,I,MELB_URBAN,ROAD,6,7.0
34223,1,3,99,2,2,80.0,0,I,RURAL_VICTORIA,ROAD,6,8.0
34224,1,3,134,2,2,100.0,0,I,MELB_URBAN,FREEWAY,6,7.0
34225,1,3,140,5,1,50.0,0,N,MELB_URBAN,STREET,6,9.0
34226,1,5,130,2,1,60.0,0,I,MELB_URBAN,ROAD,5,8.0
34227,1,3,121,2,2,80.0,0,I,MELB_URBAN,ROAD,6,8.0
34228,1,3,134,5,1,100.0,0,N,MELB_URBAN,FREEWAY,6,10.0
34229,8,7,174,5,1,60.0,0,N,RURAL_VICTORIA,OTHER,6,12.0
34230,1,3,130,5,1,80.0,0,N,MELB_URBAN,ROAD,6,9.0
34231,5,4,99,5,2,60.0,0,N,MELB_URBAN,ROAD,6,17.0
34232,1,2,110,1,1,80.0,0,I,SMALL_CITIES,ROAD,6,13.0
34233,4,3,171,2,1,80.0,0,I,MELB_URBAN,OTHER,6,9.0
34234,1,7,111,2,9,50.0,0,N,MELB_URBAN,DRIVE,6,15.0
34235,1,3,110,1,1,60.0,0,I,MELB_URBAN,ROAD,6,9.0
34236,1,3,130,2,1,60.0,0,I,MELB_URBAN,ROAD,6,13.0
34237,1,3,121,2,1,70.0,0,I,MELB_URBAN,ROAD,6,12.0
34238,2,6,100,2,2,60.0,0,I,MELB_URBAN,ROAD,5,18.0
34239,3,2,167,5,5,100.0,0,N,RURAL_VICTORIA,ROAD,4,18.0
34240,1,2,130,4,3,70.0,0,I,MELB_URBAN,DRIVE,6,19.0
34241,1,2,113,2,3,70.0,0,I,SMALL_CITIES,STREET,6,5.0
34242,2,3,100,5,1,50.0,1,N,LARGE_PROVINCIAL_CITIES,STREET,6,12.0
34243,1,3,116,2,1,60.0,0,I,MELB_URBAN,ROAD,6,15.0
34244,1,3,130,5,3,80.0,0,N,MELB_URBAN,OTHER,6,17.0
34245,8,3,99,5,2,100.0,0,N,MELB_URBAN,FREEWAY,6,6.0
34246,1,3,121,1,2,60.0,0,I,MELB_URBAN,STREET,6,17.0
34247,1,3,132,5,1,50.0,0,N,LARGE_PROVINCIAL_CITIES,STREET,6,15.0
34248,1,3,121,2,3,40.0,0,N,MELB_URBAN,AVENUE,6,17.0
34249,1,3,99,5,3,60.0,0,N,MELB_URBAN,ROAD,6,17.0
34250,1,3,121,2,2,60.0,0,I,MELB_URBAN,ROAD,6,8.0
34251,1,3,121,2,3,60.0,0,I,MELB_URBAN,ROAD,6,20.0
34252,1,3,121,1,3,60.0,0,I,MELB_URBAN,DRIVE,6,20.0
34253,1,3,113,2,3,60.0,0,I,MELB_URBAN,ROAD,6,22.0
34254,1,3,113,2,5,70.0,0,I,RURAL_VICTORIA,ROAD,6,22.0
34255,8,4,99,2,3,80.0,0,N,MELB_URBAN,PARADE,6,1.0
34256,4,1,171,1,3,60.0,0,I,MELB_URBAN,ROAD,5,21.0
34257,4,6,181,5,1,50.0,0,N,MELB_URBAN,ROAD,8,14.0
34258,4,4,171,5,2,50.0,0,N,MELB_URBAN,ROAD,6,7.0
34259,2,4,102,2,1,60.0,0,I,MELB_URBAN,STREET,6,9.0
34260,9,4,99,5,1,60.0,0,N,MELB_URBAN,ROAD,6,11.0
34261,1,4,110,1,1,60.0,0,I,MELB_URBAN,ROAD,6,10.0
34262,2,1,99,5,2,50.0,0,N,SMALL_TOWNS,STREET,2,19.0
34263,1,3,110,4,1,60.0,0,I,MELB_URBAN,ROAD,6,11.0
34264,4,4,171,5,2,70.0,0,N,RURAL_VICTORIA,ROAD,6,7.0
34265,1,4,130,5,2,60.0,0,N,MELB_URBAN,ROAD,6,6.0
34266,4,4,173,5,1,50.0,0,N,MELB_URBAN,STREET,6,11.0
34267,5,4,99,5,5,60.0,0,N,RURAL_VICTORIA,ROAD,6,7.0
34268,2,4,99,1,2,50.0,0,I,MELBOURNE_CBD,STREET,6,8.0
34269,6,4,170,5,2,100.0,0,N,RURAL_VICTORIA,ROAD,6,7.0
34270,1,4,130,5,2,70.0,0,N,MELB_URBAN,ROAD,6,8.0
34271,8,3,174,5,2,40.0,0,N,MELB_URBAN,STREET,6,8.0
34272,8,6,174,5,1,70.0,0,N,MELB_URBAN,DRIVE,4,8.0
34273,4,4,183,5,1,100.0,0,N,RURAL_VICTORIA,ROAD,6,11.0
34274,1,4,121,2,1,60.0,0,I,MELB_URBAN,ROAD,6,15.0
34275,1,4,121,5,1,70.0,0,N,MELB_URBAN,ROAD,6,14.0
34276,1,4,130,1,2,60.0,0,I,MELB_URBAN,ROAD,6,19.0
34277,1,4,110,1,2,100.0,0,I,MELB_URBAN,ROAD,6,16.0
34278,2,4,102,5,3,60.0,0,N,MELB_URBAN,ROAD,6,18.0
34279,1,4,134,5,3,100.0,0,N,MELB_URBAN,FREEWAY,6,17.0
34280,1,4,130,5,2,80.0,0,N,RURAL_VICTORIA,ROAD,6,17.0
34281,1,4,111,2,2,80.0,0,I,MELB_URBAN,ROAD,6,18.0
34282,1,4,121,1,2,40.0,0,I,MELB_URBAN,STREET,6,18.0
34283,1,4,130,2,3,80.0,0,I,MELB_URBAN,STREET,6,20.0
34284,1,4,147,2,1,50.0,0,N,MELB_URBAN,ROAD,6,15.0
34285,1,4,121,1,2,50.0,0,I,MELB_URBAN,ROAD,6,17.0
34286,8,5,174,1,2,60.0,0,I,LARGE_PROVINCIAL_CITIES,AVENUE,6,16.0
34287,4,4,99,2,3,50.0,0,I,TOWNS,STREET,6,18.0
34288,1,4,120,3,3,80.0,0,I,MELB_URBAN,ROAD,6,22.0
34289,1,5,134,5,3,60.0,0,N,MELB_URBAN,ROAD,5,2.0
34290,1,5,147,5,2,60.0,0,N,MELB_URBAN,ROAD,6,18.0
34291,1,5,116,1,2,60.0,0,I,MELB_URBAN,ROAD,6,6.0
34292,1,5,99,5,2,60.0,0,N,MELB_URBAN,ROAD,6,6.0
34293,1,5,110,1,2,50.0,0,I,MELB_URBAN,ROAD,6,8.0
34294,1,3,135,2,1,60.0,0,N,MELB_URBAN,UNKNOWN,6,14.0
34295,1,4,99,5,1,50.0,0,N,MELB_URBAN,OTHER,6,15.0
34296,1,5,130,5,2,80.0,0,N,MELB_URBAN,ROAD,6,8.0
34297,1,5,121,2,1,60.0,0,I,MELB_URBAN,ROAD,6,9.0
34298,4,5,171,5,2,100.0,0,N,RURAL_VICTORIA,ROAD,6,8.0
34299,1,4,163,2,2,60.0,0,I,MELB_URBAN,ROAD,6,8.0
34300,1,5,120,5,2,80.0,0,N,MELB_URBAN,ROAD,6,8.0
34301,1,4,121,2,1,80.0,0,I,RURAL_VICTORIA,ROAD,6,11.0
34302,1,6,120,2,2,80.0,0,I,MELB_URBAN,ROAD,6,8.0
34303,1,5,120,5,2,70.0,0,N,MELB_URBAN,ROAD,6,7.0
34304,1,4,163,5,3,40.0,0,N,MELB_URBAN,STREET,6,17.0
34305,1,5,135,5,1,100.0,0,N,MELB_URBAN,ROAD,6,12.0
34306,1,5,99,4,3,60.0,0,I,MELB_URBAN,ROAD,6,6.0
34307,4,5,173,5,5,100.0,0,N,RURAL_VICTORIA,HIGHWAY,6,5.0
34308,8,4,174,1,2,50.0,0,I,MELB_URBAN,ROAD,6,7.0
34309,1,5,99,5,1,50.0,0,N,MELB_URBAN,STREET,6,9.0
34310,1,7,130,1,2,80.0,0,I,RURAL_VICTORIA,HIGHWAY,6,18.0
34311,1,2,99,2,2,60.0,0,N,MELB_URBAN,ROAD,6,8.0
34312,2,5,100,2,1,50.0,0,I,SMALL_CITIES,STREET,6,14.0
34313,4,5,99,2,1,50.0,0,I,MELB_URBAN,STREET,6,13.0
34314,2,4,100,5,2,60.0,0,N,MELB_URBAN,ROAD,6,17.0
34315,1,5,110,1,1,60.0,0,I,SMALL_CITIES,STREET,6,15.0
34316,1,4,99,2,1,60.0,0,I,MELB_URBAN,STREET,6,15.0
34317,1,6,130,1,1,70.0,0,I,MELB_URBAN,STREET,4,14.0
34318,4,2,181,5,1,100.0,0,N,RURAL_VICTORIA,ROAD,6,9.0
34319,4,5,173,5,2,70.0,1,N,SMALL_TOWNS,ROAD,6,16.0
34320,1,5,110,1,2,60.0,0,I,MELB_URBAN,ROAD,6,16.0
34321,1,5,121,2,2,70.0,0,I,MELB_URBAN,ROAD,6,17.0
34322,2,2,102,2,3,50.0,0,I,MELB_URBAN,STREET,6,19.0
34323,1,5,163,5,2,40.0,0,N,MELB_URBAN,STREET,6,17.0
34324,1,5,111,2,3,50.0,0,I,MELB_URBAN,AVENUE,6,17.0
34325,1,4,99,5,2,100.0,0,N,RURAL_VICTORIA,ROAD,6,18.0
34326,1,5,121,2,1,60.0,0,I,MELB_URBAN,DRIVE,6,15.0
34327,2,5,100,2,2,60.0,0,I,MELB_URBAN,ROAD,6,18.0
34328,1,5,130,5,3,60.0,0,N,MELB_URBAN,ROAD,6,19.0
34329,2,5,100,1,1,60.0,0,I,MELB_URBAN,ROAD,6,15.0
34330,1,5,130,5,3,80.0,0,N,MELB_URBAN,ROAD,6,19.0
34331,4,5,171,5,3,60.0,0,N,MELB_URBAN,ROAD,6,20.0
34332,2,5,99,2,3,60.0,0,I,MELB_URBAN,ROAD,6,22.0
34333,1,5,130,5,2,80.0,0,N,MELB_URBAN,ROAD,6,17.0
34334,1,5,130,5,3,100.0,0,N,MELB_URBAN,FREEWAY,6,18.0
34335,1,5,140,1,5,70.0,0,I,RURAL_VICTORIA,HIGHWAY,6,19.0
34336,1,2,120,5,2,60.0,0,N,MELB_URBAN,STREET,4,17.0
34337,1,6,130,5,3,100.0,0,N,MELB_URBAN,FREEWAY,6,4.0
34338,1,4,130,2,1,80.0,0,N,MELB_URBAN,HIGHWAY,6,13.0
34339,1,5,130,2,1,60.0,0,I,MELB_URBAN,STREET,2,17.0
34340,6,5,99,2,2,100.0,0,I,RURAL_VICTORIA,ROAD,6,18.0
34341,1,4,130,5,3,60.0,0,N,MELB_URBAN,OTHER,6,19.0
34342,1,1,130,5,9,100.0,0,N,RURAL_VICTORIA,ROAD,3,16.0
34343,1,6,110,1,1,60.0,0,I,MELB_URBAN,ROAD,6,9.0
34344,8,2,174,5,1,80.0,0,N,RURAL_VICTORIA,ROAD,5,12.0
34345,1,6,99,2,1,60.0,0,I,SMALL_TOWNS,ROAD,6,9.0
34346,1,6,110,1,2,70.0,0,I,MELB_URBAN,ROAD,6,7.0
34347,1,3,147,5,2,60.0,0,N,MELB_URBAN,ROAD,5,7.0
34348,1,6,110,1,1,100.0,0,I,RURAL_VICTORIA,ROAD,6,10.0
34349,1,6,121,2,1,80.0,0,I,RURAL_VICTORIA,ROAD,6,8.0
34350,1,6,130,5,1,60.0,0,N,MELB_URBAN,ROAD,6,12.0
34351,4,6,173,5,1,80.0,0,N,MELB_URBAN,ROAD,6,10.0
34352,1,6,121,1,2,60.0,0,I,MELB_URBAN,ROAD,6,8.0
34353,1,3,130,2,9,60.0,0,I,LARGE_PROVINCIAL_CITIES,ROAD,6,16.0
34354,1,6,130,5,1,70.0,0,N,MELB_URBAN,ROAD,6,11.0
34355,1,6,110,1,1,70.0,0,I,MELB_URBAN,ROAD,6,9.0
34356,1,6,110,1,2,80.0,0,I,RURAL_VICTORIA,ROAD,6,8.0
34357,1,6,99,5,1,60.0,0,N,MELB_URBAN,ROAD,6,9.0
34358,1,5,130,5,2,100.0,0,N,MELB_URBAN,ROAD,6,17.0
34359,1,2,113,2,1,70.0,0,I,LARGE_PROVINCIAL_CITIES,HIGHWAY,6,11.0
34360,8,5,99,5,5,60.0,0,N,RURAL_VICTORIA,ROAD,6,19.0
34361,1,6,110,1,1,50.0,0,I,LARGE_PROVINCIAL_CITIES,ROAD,6,14.0
34362,1,6,160,5,1,50.0,0,N,MELB_URBAN,STREET,6,13.0
34363,1,6,134,4,1,80.0,0,N,MELB_URBAN,ROAD,6,14.0
34364,1,6,110,1,1,50.0,0,I,LARGE_PROVINCIAL_CITIES,STREET,6,14.0
34365,4,6,173,4,1,60.0,0,I,MELB_URBAN,ROAD,6,10.0
34366,6,4,99,5,5,60.0,0,N,RURAL_VICTORIA,ROAD,3,20.0
34367,4,7,173,5,3,60.0,0,N,SMALL_TOWNS,DRIVE,4,1.0
34368,1,6,121,2,1,100.0,0,I,RURAL_VICTORIA,HIGHWAY,6,15.0
34369,8,1,170,5,1,60.0,0,N,SMALL_CITIES,ROAD,6,15.0