,accident_type,day_of_week,dca_code,road_geometry,light_condition,speed_zone,severity,node_type,deg_urban_name,road_type,month,hour
34370,2,6,102,2,3,60.0,0,I,MELB_URBAN,ROAD,6,17.0
34371,1,6,130,5,2,70.0,0,N,LARGE_PROVINCIAL_CITIES,ROAD,6,17.0
34372,4,6,173,5,2,60.0,0,N,MELB_URBAN,STREET,6,17.0
34373,8,6,174,5,2,40.0,0,N,MELBOURNE_CBD,STREET,6,16.0
34374,6,6,174,5,2,50.0,0,N,MELB_URBAN,STREET,6,16.0
34375,1,6,99,2,3,50.0,0,I,MELB_URBAN,DRIVE,6,19.0
34376,1,6,120,5,2,60.0,0,N,TOWNS,STREET,6,17.0
34377,1,6,121,1,2,60.0,0,I,MELB_URBAN,ROAD,6,18.0
34378,1,6,113,2,3,70.0,0,I,MELB_URBAN,ROAD,6,18.0
34379,4,7,99,2,3,80.0,0,N,MELB_URBAN,HIGHWAY,6,0.0
34380,1,3,130,1,3,80.0,0,I,MELB_URBAN,ROAD,5,22.0
34381,1,6,147,5,2,60.0,0,N,MELB_URBAN,ROAD,6,18.0
34382,2,7,100,2,3,60.0,0,I,MELB_URBAN,ROAD,6,0.0
34383,1,7,130,5,2,60.0,0,N,MELB_URBAN,OTHER,6,6.0
34384,1,7,110,1,2,60.0,0,I,MELB_URBAN,ROAD,6,8.0
34385,1,7,99,2,1,80.0,0,I,RURAL_VICTORIA,ROAD,6,10.0
34386,1,4,130,2,1,80.0,0,I,MELB_URBAN,ROAD,12,16.0
34387,1,7,121,2,1,70.0,0,I,MELB_URBAN,ROAD,6,10.0
34388,8,6,174,5,3,60.0,0,N,MELB_URBAN,STREET,6,0.0
34389,1,6,113,2,1,60.0,0,I,MELB_URBAN,ROAD,6,11.0
34390,8,7,174,1,2,60.0,0,I,MELB_URBAN,ROAD,6,8.0
34391,8,7,174,4,1,60.0,0,I,MELB_URBAN,STREET,6,11.0
34392,4,7,171,2,1,60.0,0,I,MELB_URBAN,ROAD,6,11.0
34393,1,7,140,5,1,100.0,0,N,RURAL_VICTORIA,ROAD,6,10.0
34394,1,2,132,2,3,50.0,0,I,MELB_URBAN,OTHER,6,18.0
34395,1,7,113,2,1,80.0,0,I,RURAL_VICTORIA,ROAD,6,11.0
34396,4,7,99,5,1,80.0,0,N,MELB_URBAN,ROAD,6,12.0
34397,8,3,174,4,9,50.0,0,I,LARGE_PROVINCIAL_CITIES,STREET,6,6.0
34398,1,6,130,5,1,80.0,0,N,MELB_URBAN,UNKNOWN,6,13.0
34399,1,7,130,5,1,60.0,0,N,MELB_URBAN,ROAD,6,13.0
34400,1,7,130,5,1,80.0,0,N,MELB_URBAN,ROAD,6,9.0
34401,1,6,130,5,1,60.0,0,N,TOWNS,STREET,6,14.0
34402,1,6,134,5,1,70.0,0,N,MELB_URBAN,ROAD,6,12.0
34403,4,7,181,5,1,80.0,0,N,RURAL_VICTORIA,ROAD,6,13.0
34404,6,7,174,5,1,100.0,0,N,RURAL_VICTORIA,ROAD,6,15.0
34405,6,7,174,5,1,60.0,0,N,RURAL_VICTORIA,UNKNOWN,6,15.0
34406,2,7,99,5,1,60.0,0,N,LARGE_PROVINCIAL_CITIES,STREET,6,14.0
34407,1,7,130,5,1,50.0,0,N,MELB_URBAN,STREET,6,13.0
34408,4,7,171,5,1,50.0,0,N,MELB_URBAN,AVENUE,6,15.0
34409,4,7,183,5,5,110.0,0,N,RURAL_VICTORIA,FREEWAY,6,18.0
34410,1,7,130,5,3,80.0,0,N,MELB_URBAN,FREEWAY,6,19.0
34411,1,7,130,5,2,80.0,0,N,MELB_URBAN,FREEWAY,6,18.0
34412,1,7,130,5,3,40.0,0,I,MELB_URBAN,STREET,6,20.0
34413,1,7,130,1,3,80.0,0,I,MELB_URBAN,HIGHWAY,6,2.0
34414,1,7,160,5,3,60.0,0,N,MELB_URBAN,ROAD,6,21.0
34415,1,1,99,5,3,50.0,0,N,SMALL_CITIES,OTHER,6,3.0
34416,1,1,160,5,3,60.0,0,N,MELB_URBAN,ROAD,6,5.0
34417,8,7,174,2,1,80.0,0,I,MELB_URBAN,STREET,6,10.0
34418,1,1,160,5,2,60.0,0,N,MELB_URBAN,ROAD,6,8.0
34419,2,1,102,1,1,60.0,0,I,MELB_URBAN,HIGHWAY,6,9.0
34420,1,1,121,2,1,60.0,0,I,SMALL_CITIES,HIGHWAY,6,10.0
34421,1,1,163,5,1,40.0,0,N,MELB_URBAN,STREET,6,11.0
34422,1,3,110,1,1,60.0,0,I,LARGE_PROVINCIAL_CITIES,ROAD,6,11.0
34423,1,4,110,1,1,60.0,0,I,LARGE_PROVINCIAL_CITIES,STREET,6,13.0
34424,1,1,120,5,1,100.0,0,N,RURAL_VICTORIA,ROAD,6,11.0
34425,1,1,160,2,1,50.0,0,I,MELB_URBAN,STREET,6,11.0
34426,8,1,174,5,1,50.0,0,N,MELB_URBAN,DRIVE,6,13.0
34427,4,1,171,5,9,60.0,0,N,MELB_URBAN,ROAD,6,1.0
34428,6,6,99,2,1,60.0,0,I,MELB_URBAN,ROAD,6,7.0
34429,1,1,160,5,1,50.0,0,N,MELB_URBAN,AVENUE,6,13.0
34430,6,1,99,5,1,100.0,0,N,RURAL_VICTORIA,ROAD,6,11.0
34431,1,1,121,2,1,70.0,0,I,MELB_URBAN,ROAD,6,14.0
34432,1,1,110,1,1,50.0,0,I,MELB_URBAN,STREET,6,13.0
34433,1,1,99,5,1,50.0,0,N,MELB_URBAN,ROAD,6,13.0
34434,2,1,99,5,5,100.0,1,N,RURAL_VICTORIA,ROAD,6,6.0
34435,1,1,130,5,2,80.0,0,N,MELB_URBAN,STREET,6,17.0
34436,4,1,173,5,5,50.0,0,N,RURAL_VICTORIA,ROAD,6,0.0
34437,1,1,99,5,5,100.0,0,N,RURAL_VICTORIA,HIGHWAY,6,18.0
34438,1,7,140,5,2,60.0,0,N,MELB_URBAN,STREET,6,18.0
34439,4,1,171,5,2,60.0,0,N,TOWNS,STREET,6,7.0
34440,8,1,184,5,9,60.0,0,N,RURAL_VICTORIA,ROAD,4,16.0
34441,4,1,173,2,2,100.0,0,I,RURAL_VICTORIA,ROAD,6,18.0
34442,9,1,99,5,3,50.0,0,N,MELB_URBAN,STREET,6,5.0
34443,1,4,130,5,1,80.0,0,N,MELB_URBAN,ROAD,6,15.0
34444,1,6,130,2,2,60.0,0,I,TOWNS,STREET,3,7.0
34445,4,2,171,5,5,80.0,0,N,RURAL_VICTORIA,ROAD,6,0.0
34446,2,6,99,5,6,50.0,0,N,MELB_URBAN,ROAD,6,18.0
34447,8,2,99,5,2,80.0,0,N,RURAL_VICTORIA,HIGHWAY,6,7.0
34448,1,1,121,1,3,50.0,0,I,LARGE_PROVINCIAL_CITIES,STREET,6,21.0
34449,4,2,183,2,2,50.0,0,N,TOWNS,OTHER,6,7.0
34450,1,2,110,1,2,50.0,0,I,MELB_URBAN,STREET,6,6.0
34451,1,4,130,5,1,60.0,0,N,MELB_URBAN,ROAD,11,15.0
34452,1,2,99,5,1,60.0,0,N,MELB_URBAN,ROAD,6,9.0
34453,1,2,110,1,2,50.0,0,I,MELB_URBAN,AVENUE,6,8.0
34454,4,2,181,5,1,100.0,0,N,RURAL_VICTORIA,ROAD,6,10.0
34455,1,3,130,2,9,60.0,0,I,MELB_URBAN,ROAD,3,8.0
34456,1,7,121,2,3,70.0,0,I,MELB_URBAN,BOULEVARD,6,20.0
34457,1,2,99,1,1,60.0,0,I,MELB_URBAN,STREET,6,10.0
34458,1,3,130,1,1,60.0,0,I,MELB_URBAN,STREET,5,15.0
34459,1,2,130,1,1,80.0,0,I,MELB_URBAN,HIGHWAY,6,12.0
34460,1,2,130,5,1,60.0,0,N,LARGE_PROVINCIAL_CITIES,STREET,6,9.0
34461,1,2,121,2,1,60.0,0,I,MELB_URBAN,STREET,6,9.0
34462,1,1,130,5,1,60.0,0,N,MELB_URBAN,BOULEVARD,6,11.0
34463,6,1,174,1,2,60.0,0,I,MELB_URBAN,ROAD,6,17.0
34464,4,2,171,5,1,70.0,0,N,MELB_URBAN,ROAD,6,9.0
34465,4,2,171,2,3,70.0,0,I,MELB_URBAN,ROAD,6,5.0
34466,2,2,100,2,1,40.0,0,I,SMALL_CITIES,ROAD,6,15.0
34467,4,2,181,5,1,100.0,0,N,RURAL_VICTORIA,ROAD,6,15.0
34468,8,2,174,5,1,60.0,0,N,MELB_URBAN,STREET,6,15.0
34469,1,2,163,5,2,40.0,0,N,MELBOURNE_CBD,STREET,6,17.0
34470,2,6,102,5,3,40.0,0,N,MELB_URBAN,STREET,6,23.0
34471,4,2,171,5,2,50.0,0,N,MELB_URBAN,ROAD,6,17.0
34472,1,2,113,2,2,60.0,0,N,MELB_URBAN,ROAD,6,16.0
34473,1,1,130,1,9,40.0,0,I,LARGE_PROVINCIAL_CITIES,STREET,6,16.0
34474,1,2,110,1,1,50.0,0,I,MELB_URBAN,AVENUE,6,15.0
34475,1,1,121,2,2,60.0,0,I,MELB_URBAN,ROAD,6,18.0
34476,2,2,102,1,2,50.0,0,I,MELB_URBAN,UNKNOWN,6,17.0
34477,2,4,102,1,1,50.0,0,I,MELB_URBAN,STREET,1,9.0
34478,1,2,99,1,3,50.0,0,I,MELB_URBAN,STREET,6,19.0
34479,4,2,99,5,2,60.0,0,N,MELB_URBAN,ROAD,6,16.0
34480,1,2,130,5,3,60.0,0,N,MELB_URBAN,HIGHWAY,6,17.0
34481,1,2,135,5,3,80.0,0,N,MELB_URBAN,FREEWAY,6,19.0
34482,2,2,100,1,3,60.0,0,I,MELB_URBAN,STREET,6,21.0
34483,1,7,121,1,3,40.0,0,I,MELB_URBAN,PARADE,5,21.0
34484,1,2,130,5,5,110.0,0,N,RURAL_VICTORIA,FREEWAY,6,20.0
34485,4,2,173,5,1,100.0,0,N,RURAL_VICTORIA,ROAD,6,16.0
34486,1,6,147,5,1,60.0,0,N,MELB_URBAN,STREET,6,9.0
34487,4,2,171,2,3,60.0,0,I,MELB_URBAN,ROAD,6,21.0
34488,1,1,110,1,1,60.0,0,I,MELB_URBAN,AVENUE,6,15.0
34489,4,2,173,5,3,60.0,0,N,MELB_URBAN,ROAD,6,5.0
34490,1,2,121,1,3,70.0,0,N,MELB_URBAN,STREET,6,19.0
34491,1,2,130,5,5,70.0,0,N,RURAL_VICTORIA,ROAD,6,5.0
34492,8,6,174,5,1,60.0,0,N,MELB_URBAN,STREET,6,9.0
34493,6,7,170,5,5,60.0,0,N,LARGE_PROVINCIAL_CITIES,OTHER,4,2.0
34494,1,3,121,2,2,80.0,0,I,MELB_URBAN,ROAD,6,6.0
34495,2,3,102,1,2,60.0,0,I,MELB_URBAN,ROAD,6,7.0
34496,1,5,110,1,3,60.0,0,I,MELB_URBAN,STREET,6,19.0
34497,1,3,130,5,2,60.0,0,N,MELB_URBAN,ROAD,6,7.0
34498,3,5,167,5,5,100.0,0,N,RURAL_VICTORIA,HIGHWAY,5,22.0
34499,1,3,110,1,2,50.0,0,I,MELB_URBAN,STREET,6,8.0
34500,1,1,121,1,2,50.0,0,I,SMALL_CITIES,STREET,6,16.0
34501,1,5,147,5,1,60.0,0,N,MELB_URBAN,HIGHWAY,2,14.0
34502,4,2,171,5,2,100.0,0,N,LARGE_PROVINCIAL_CITIES,ROAD,6,8.0
34503,1,3,120,5,1,60.0,0,N,TOWNS,ROAD,6,9.0
34504,1,7,147,5,1,50.0,0,N,MELB_URBAN,HIGHWAY,2,12.0
34505,8,7,174,5,2,50.0,0,N,TOWNS,ROAD,5,16.0
34506,8,7,184,5,1,60.0,0,N,RURAL_VICTORIA,ROAD,6,12.0
34507,5,3,99,2,1,60.0,0,I,MELB_URBAN,HIGHWAY,6,11.0
34508,4,3,183,5,1,100.0,0,N,RURAL_VICTORIA,HIGHWAY,6,11.0
34509,1,3,133,5,1,60.0,0,N,MELB_URBAN,ROAD,6,12.0
34510,1,3,113,2,1,80.0,0,I,MELB_URBAN,ROAD,6,12.0
34511,4,3,173,5,1,60.0,0,N,RURAL_VICTORIA,OTHER,6,9.0
34512,1,3,121,1,1,60.0,0,I,MELB_URBAN,ROAD,6,14.0
34513,1,2,140,1,2,80.0,0,I,MELB_URBAN,HIGHWAY,6,17.0
34514,4,3,171,5,1,80.0,0,N,RURAL_VICTORIA,ROAD,6,14.0
34515,6,1,174,5,2,40.0,0,N,MELB_URBAN,STREET,5,16.0
34516,4,3,181,5,1,60.0,0,N,MELB_URBAN,ROAD,6,14.0
34517,5,1,99,5,1,60.0,0,N,RURAL_VICTORIA,ROAD,6,10.0
34518,1,3,134,2,3,60.0,0,N,MELB_URBAN,ROAD,6,17.0
34519,8,2,99,5,2,40.0,0,N,MELB_URBAN,ROAD,6,16.0
34520,1,3,121,1,2,60.0,0,I,MELB_URBAN,RAMP,6,16.0
34521,1,2,110,1,2,50.0,0,I,LARGE_PROVINCIAL_CITIES,STREET,6,8.0
34522,1,3,130,2,3,60.0,0,I,MELB_URBAN,STREET,6,19.0
34523,1,3,110,1,3,60.0,0,I,SMALL_CITIES,ROAD,6,20.0
34524,1,7,113,2,1,60.0,0,I,MELB_URBAN,ROAD,6,13.0
34525,4,3,173,1,3,50.0,0,I,MELB_URBAN,BOULEVARD,5,22.0
34526,1,3,121,4,3,60.0,0,I,MELB_URBAN,ROAD,6,21.0
34527,4,4,99,5,3,40.0,0,N,MELB_URBAN,STREET,6,3.0
34528,4,4,171,5,5,110.0,0,N,RURAL_VICTORIA,HIGHWAY,6,4.0
34529,1,5,110,1,1,50.0,0,I,MELB_URBAN,STREET,5,15.0
34530,8,4,184,3,2,50.0,0,I,MELB_URBAN,OTHER,6,8.0
34531,1,4,121,2,2,60.0,0,I,MELB_URBAN,ROAD,6,8.0
34532,2,4,100,5,3,50.0,0,N,MELB_URBAN,STREET,6,7.0
34533,1,4,121,5,1,60.0,0,N,MELB_URBAN,STREET,6,9.0
34534,1,3,130,5,2,100.0,0,N,MELB_URBAN,FREEWAY,6,8.0
34535,1,3,130,1,2,70.0,0,I,MELB_URBAN,HIGHWAY,6,18.0
34536,1,6,163,5,1,60.0,0,N,MELB_URBAN,STREET,5,9.0
34537,1,4,113,3,2,50.0,0,N,SMALL_CITIES,STREET,6,8.0
34538,1,4,113,1,1,70.0,0,I,RURAL_VICTORIA,ROAD,6,10.0
34539,1,4,113,1,1,60.0,0,I,MELB_URBAN,STREET,6,9.0
34540,8,7,174,1,2,40.0,0,I,MELBOURNE_CBD,STREET,6,17.0
34541,1,4,121,2,1,80.0,0,I,RURAL_VICTORIA,STREET,6,11.0
34542,1,4,121,2,1,60.0,0,N,MELB_URBAN,ROAD,6,11.0
34543,1,4,120,5,3,40.0,0,N,TOWNS,STREET,6,6.0
34544,1,4,113,2,1,50.0,0,I,MELB_URBAN,AVENUE,6,11.0
34545,1,4,121,1,2,60.0,0,I,MELB_URBAN,ROAD,6,8.0
34546,1,3,110,1,2,50.0,0,I,MELB_URBAN,STREET,6,16.0
34547,2,7,99,5,9,60.0,0,N,MELB_URBAN,HIGHWAY,5,15.0
34548,1,4,99,5,1,50.0,0,N,MELB_URBAN,STREET,6,12.0
34549,1,4,121,2,2,80.0,0,I,MELB_URBAN,ROAD,6,8.0
34550,1,3,130,4,1,60.0,0,I,MELB_URBAN,ROAD,6,12.0
34551,1,4,121,1,1,50.0,0,I,SMALL_CITIES,STREET,6,13.0
34552,1,4,113,2,1,50.0,0,I,MELB_URBAN,ROAD,6,14.0
34553,1,3,147,5,1,40.0,0,N,SMALL_CITIES,STREET,6,15.0
34554,4,4,183,5,1,60.0,0,N,SMALL_TOWNS,ROAD,6,14.0
34555,4,4,181,5,2,80.0,0,N,MELB_URBAN,UNKNOWN,6,8.0
34556,2,4,99,5,2,60.0,0,N,MELB_URBAN,PARADE,6,16.0
34557,2,4,99,5,1,40.0,0,N,MELBOURNE_CBD,STREET,6,13.0
34558,1,1,121,4,2,70.0,0,I,RURAL_VICTORIA,ROAD,3,16.0
34559,4,4,173,5,5,100.0,0,N,RURAL_VICTORIA,HIGHWAY,6,3.0
34560,1,4,110,1,1,50.0,0,I,MELB_URBAN,AVENUE,6,14.0
34561,1,1,130,5,1,60.0,0,N,LARGE_PROVINCIAL_CITIES,ROAD,4,14.0
34562,1,1,120,5,1,60.0,0,N,RURAL_VICTORIA,OTHER,3,14.0
34563,1,4,121,1,2,60.0,0,I,LARGE_PROVINCIAL_CITIES,ROAD,6,7.0
34564,1,3,130,2,1,60.0,0,I,MELB_URBAN,ROAD,6,12.0
34565,8,7,174,5,1,100.0,0,N,RURAL_VICTORIA,ROAD,3,10.0
34566,1,4,134,5,3,60.0,0,N,MELB_URBAN,OTHER,6,18.0
34567,8,4,170,5,2,100.0,0,N,RURAL_VICTORIA,ROAD,6,16.0
34568,1,4,116,2,3,60.0,0,I,MELB_URBAN,STREET,6,18.0
34569,1,4,130,5,2,70.0,0,N,MELB_URBAN,ROAD,6,17.0
34570,1,4,110,1,5,100.0,0,N,RURAL_VICTORIA,ROAD,6,18.0
34571,8,7,99,5,9,50.0,0,N,SMALL_CITIES,DRIVE,5,20.0
34572,1,4,121,1,3,60.0,0,I,TOWNS,HIGHWAY,6,19.0
34573,2,4,102,1,3,60.0,0,I,MELB_URBAN,STREET,6,19.0
34574,1,4,121,2,3,80.0,0,I,MELB_URBAN,ROAD,6,20.0
34575,4,6,171,5,2,100.0,0,N,RURAL_VICTORIA,ROAD,6,16.0
34576,1,4,130,2,1,80.0,0,I,RURAL_VICTORIA,ROAD,6,10.0
34577,4,3,181,5,5,60.0,0,N,MELB_URBAN,ROAD,6,5.0
34578,4,4,183,5,5,100.0,0,N,RURAL_VICTORIA,HIGHWAY,6,20.0
34579,1,4,121,1,2,60.0,0,I,LARGE_PROVINCIAL_CITIES,STREET,6,18.0
34580,1,5,121,1,3,60.0,0,I,MELB_URBAN,HIGHWAY,4,20.0
34581,1,5,116,2,3,60.0,0,I,SMALL_CITIES,AVENUE,6,6.0
34582,4,2,183,5,1,60.0,0,N,RURAL_VICTORIA,ROAD,6,12.0
34583,3,5,167,5,5,80.0,0,N,RURAL_VICTORIA,ROAD,6,6.0
34584,1,5,113,2,2,60.0,0,I,MELB_URBAN,STREET,6,7.0
34585,1,4,121,1,3,60.0,0,I,MELB_URBAN,ROAD,6,18.0
34586,1,5,130,5,2,60.0,0,N,MELB_URBAN,ROAD,6,8.0
34587,1,4,130,2,1,60.0,0,I,MELB_URBAN,ROAD,6,13.0
34588,1,5,110,1,2,50.0,0,I,RURAL_VICTORIA,STREET,6,8.0
34589,1,5,130,2,1,70.0,0,I,MELB_URBAN,ROAD,6,11.0
34590,8,5,174,5,1,110.0,0,N,RURAL_VICTORIA,FREEWAY,6,12.0
34591,1,4,113,1,2,60.0,0,I,MELB_URBAN,ROAD,6,8.0
34592,1,5,130,5,1,100.0,0,N,MELB_URBAN,FREEWAY,6,11.0
34593,1,1,130,1,2,40.0,0,I,MELB_URBAN,STREET,6,17.0
34594,2,5,100,5,1,60.0,0,N,MELB_URBAN,STREET,6,10.0
34595,1,5,120,2,1,100.0,0,I,RURAL_VICTORIA,ROAD,6,10.0
34596,1,2,99,5,1,60.0,0,N,MELB_URBAN,AVENUE,6,13.0
34597,4,4,181,2,5,100.0,1,I,RURAL_VICTORIA,HIGHWAY,6,21.0
34598,1,3,111,1,1,50.0,0,I,TOWNS,STREET,4,14.0
34599,1,3,113,2,1,60.0,0,I,MELB_URBAN,ROAD,6,12.0
34600,1,4,130,1,1,60.0,0,I,SMALL_CITIES,AVENUE,6,15.0
34601,8,5,170,5,9,80.0,0,N,MELB_URBAN,HIGHWAY,11,16.0
34602,2,5,99,5,5,100.0,1,N,RURAL_VICTORIA,FREEWAY,6,5.0
34603,1,6,147,5,1,60.0,0,N,MELB_URBAN,STREET,5,8.0
34604,2,7,100,5,9,60.0,0,N,MELB_URBAN,PARADE,2,11.0
34605,1,6,132,2,1,60.0,0,I,SMALL_TOWNS,STREET,6,11.0
34606,1,2,130,5,1,50.0,0,N,UNKNOWN,FREEWAY,6,18.0
34607,1,5,99,2,1,70.0,0,I,MELB_URBAN,ROAD,6,14.0
34608,8,5,99,5,1,40.0,0,N,TOWNS,STREET,6,15.0
34609,1,5,99,5,1,50.0,0,N,SMALL_CITIES,STREET,6,15.0
34610,1,5,113,1,1,60.0,0,N,LARGE_PROVINCIAL_CITIES,ROAD,6,14.0
34611,1,3,130,2,2,80.0,0,I,MELB_URBAN,ROAD,6,18.0
34612,1,5,121,1,2,60.0,0,I,MELB_URBAN,ROAD,6,17.0
34613,4,5,181,5,5,80.0,0,N,SMALL_CITIES,HIGHWAY,6,18.0
34614,4,5,181,2,3,70.0,0,I,RURAL_VICTORIA,ROAD,7,5.0
34615,1,5,130,5,5,60.0,0,N,MELB_URBAN,ROAD,6,19.0
34616,2,6,99,5,5,80.0,0,N,MELB_URBAN,HIGHWAY,6,0.0
34617,1,5,130,5,1,100.0,1,N,RURAL_VICTORIA,ROAD,6,13.0
34618,8,5,99,5,5,100.0,0,N,RURAL_VICTORIA,HIGHWAY,6,1.0
34619,8,2,99,2,1,50.0,0,I,MELB_URBAN,ROAD,12,8.0
34620,2,4,102,2,2,50.0,0,I,MELB_URBAN,ROAD,6,18.0
34621,1,5,111,2,1,60.0,0,I,MELB_URBAN,ROAD,6,10.0
34622,8,4,174,5,1,60.0,0,N,SMALL_TOWNS,ROAD,1,17.0
34623,2,6,100,3,1,50.0,0,I,SMALL_CITIES,STREET,6,11.0
34624,1,6,110,1,2,80.0,0,I,MELB_URBAN,ROAD,6,7.0
34625,1,6,113,2,2,60.0,0,I,MELB_URBAN,ROAD,6,8.0
34626,6,5,170,5,9,100.0,0,N,RURAL_VICTORIA,ROAD,6,18.0
34627,1,6,116,1,1,60.0,0,I,MELB_URBAN,ROAD,6,13.0
34628,1,6,133,1,1,40.0,0,I,MELB_URBAN,STREET,6,14.0
34629,1,5,130,5,2,100.0,0,N,MELB_URBAN,FREEWAY,6,16.0
34630,4,6,173,2,2,60.0,0,I,RURAL_VICTORIA,RAMP,6,8.0
34631,1,6,130,5,1,60.0,0,N,LARGE_PROVINCIAL_CITIES,AVENUE,6,11.0
34632,6,6,174,5,1,110.0,0,N,RURAL_VICTORIA,FREEWAY,6,10.0
34633,1,4,121,5,1,70.0,0,I,MELB_URBAN,ROAD,6,11.0
34634,3,5,167,5,2,80.0,0,N,MELB_URBAN,OTHER,6,18.0
34635,8,6,99,5,1,60.0,0,N,MELB_URBAN,ROAD,6,11.0
34636,8,1,174,2,1,60.0,0,N,RURAL_VICTORIA,ROAD,6,10.0
34637,4,1,173,5,1,60.0,0,N,RURAL_VICTORIA,UNKNOWN,6,13.0
34638,4,6,181,5,1,50.0,0,N,MELB_URBAN,OTHER,6,14.0
34639,1,6,121,4,3,60.0,0,I,MELB_URBAN,ROAD,1,21.0
34640,4,6,183,5,1,50.0,0,N,MELB_URBAN,UNKNOWN,6,13.0
34641,2,6,99,5,1,60.0,0,N,LARGE_PROVINCIAL_CITIES,AVENUE,6,14.0
34642,7,7,99,1,1,50.0,0,I,MELB_URBAN,DRIVE,4,15.0
34643,1,6,113,2,1,100.0,0,I,RURAL_VICTORIA,HIGHWAY,6,15.0
34644,1,7,163,2,1,60.0,0,I,MELB_URBAN,ROAD,6,14.0
34645,8,7,174,5,1,60.0,0,N,RURAL_VICTORIA,ROAD,6,10.0
34646,2,6,100,2,1,50.0,0,I,MELB_URBAN,PARADE,6,15.0
34647,1,6,130,5,1,40.0,0,N,MELB_URBAN,ROAD,6,15.0
34648,2,6,100,5,2,50.0,0,N,MELB_URBAN,STREET,6,18.0
34649,1,6,130,5,2,110.0,0,N,TOWNS,FREEWAY,6,17.0
34650,1,5,130,5,2,80.0,0,N,MELB_URBAN,UNKNOWN,6,18.0
34651,1,6,99,5,1,80.0,0,N,MELB_URBAN,ROAD,6,14.0
34652,2,6,99,5,3,60.0,0,N,MELB_URBAN,OTHER,6,18.0
34653,1,6,110,1,1,70.0,0,I,MELB_URBAN,ROAD,6,15.0
34654,4,6,171,5,5,100.0,0,N,RURAL_VICTORIA,HIGHWAY,6,17.0
34655,1,6,135,5,1,60.0,0,N,MELB_URBAN,ROAD,6,14.0
34656,1,1,110,1,2,60.0,0,I,SMALL_CITIES,STREET,6,18.0
34657,6,6,174,5,3,50.0,0,N,MELB_URBAN,DRIVE,6,20.0
34658,4,6,173,5,2,60.0,0,N,MELB_URBAN,ROAD,6,16.0
34659,1,6,147,5,1,60.0,0,N,MELB_URBAN,STREET,6,15.0
34660,1,6,113,2,3,60.0,0,I,MELB_URBAN,ROAD,6,21.0
34661,2,6,100,5,4,70.0,0,N,MELB_URBAN,ROAD,6,18.0
34662,1,6,110,1,3,60.0,0,I,LARGE_PROVINCIAL_CITIES,STREET,6,22.0
34663,1,6,147,5,6,60.0,0,N,MELB_URBAN,HIGHWAY,6,22.0
34664,4,6,181,5,3,60.0,0,N,TOWNS,ROAD,6,22.0
34665,4,7,173,4,3,60.0,0,I,MELB_URBAN,ROAD,6,1.0
34666,5,6,99,5,5,100.0,1,N,RURAL_VICTORIA,ROAD,6,21.0
34667,1,3,130,1,3,80.0,0,I,MELB_URBAN,ROAD,6,23.0
34668,1,3,130,5,1,80.0,0,N,MELB_URBAN,ROAD,6,13.0
34669,1,5,130,1,3,60.0,0,I,MELB_URBAN,ROAD,6,19.0
34670,1,1,99,5,1,60.0,0,N,LARGE_PROVINCIAL_CITIES,ROAD,6,9.0
34671,1,1,116,1,2,60.0,0,I,MELB_URBAN,ROAD,6,8.0
34672,1,6,130,1,1,60.0,0,I,LARGE_PROVINCIAL_CITIES,ROAD,6,13.0
34673,1,4,113,2,2,60.0,0,I,MELB_URBAN,ROAD,6,18.0
34674,1,7,147,5,1,70.0,0,N,MELB_URBAN,ROAD,6,12.0
34675,4,7,171,5,1,50.0,0,N,LARGE_PROVINCIAL_CITIES,DRIVE,6,11.0
34676,4,7,171,5,1,40.0,0,N,MELB_URBAN,STREET,6,14.0
34677,1,6,110,1,1,100.0,0,I,RURAL_VICTORIA,ROAD,6,13.0
34678,1,7,147,5,1,60.0,0,N,MELB_URBAN,ROAD,6,13.0
34679,1,7,110,1,1,80.0,0,I,RURAL_VICTORIA,STREET,6,13.0
34680,1,7,130,1,1,80.0,0,I,MELB_URBAN,ROAD,6,13.0
34681,1,5,121,1,2,70.0,0,I,MELB_URBAN,ROAD,6,16.0
34682,1,7,110,1,1,100.0,0,I,TOWNS,ROAD,6,11.0
34683,1,6,130,5,2,60.0,0,N,MELB_URBAN,HIGHWAY,6,16.0
34684,1,2,130,5,2,50.0,0,N,MELB_URBAN,STREET,6,18.0
34685,1,7,130,1,1,60.0,0,I,MELB_URBAN,STREET,6,15.0
34686,1,1,163,5,1,50.0,0,N,MELB_URBAN,ROAD,4,9.0
34687,4,7,171,5,1,100.0,0,N,RURAL_VICTORIA,ROAD,6,15.0
34688,1,2,130,5,1,60.0,0,N,MELB_URBAN,ROAD,6,14.0
34689,4,7,173,2,5,100.0,1,I,RURAL_VICTORIA,ROAD,6,5.0
34690,1,7,113,2,2,80.0,0,I,MELB_URBAN,STREET,6,17.0
34691,1,7,121,1,3,70.0,0,I,MELB_URBAN,ROAD,6,17.0
34692,4,7,99,2,2,80.0,0,I,MELB_URBAN,FREEWAY,6,16.0
34693,1,7,113,1,3,40.0,0,I,MELB_URBAN,STREET,6,17.0
34694,1,7,120,5,5,100.0,0,N,RURAL_VICTORIA,ROAD,6,19.0
34695,1,7,99,5,3,70.0,0,N,MELB_URBAN,ROAD,6,20.0
34696,2,7,102,1,3,40.0,0,I,MELBOURNE_CBD,STREET,6,21.0
34697,1,7,99,2,5,80.0,0,I,RURAL_VICTORIA,ROAD,6,20.0
34698,4,5,173,4,5,80.0,0,I,MELB_URBAN,ROAD,6,1.0
34699,2,1,102,5,3,60.0,0,N,MELB_URBAN,ROAD,6,0.0
34700,1,1,120,5,3,60.0,0,N,MELB_URBAN,ROAD,6,4.0
34701,4,0,171,5,3,60.0,0,N,MELB_URBAN,ROAD,6,3.0
34702,4,7,171,5,1,80.0,0,N,MELB_URBAN,ROAD,6,11.0