,accident_type,day_of_week,dca_code,road_geometry,light_condition,speed_zone,severity,node_type,deg_urban_name,road_type,month,hour
34703,1,1,113,2,1,80.0,0,I,LARGE_PROVINCIAL_CITIES,ROAD,6,9.0
34704,8,6,174,5,1,100.0,0,N,RURAL_VICTORIA,ROAD,6,10.0
34705,1,6,130,5,3,80.0,0,N,MELB_URBAN,HIGHWAY,6,18.0
34706,1,1,181,5,1,50.0,0,N,MELB_URBAN,DRIVE,6,12.0
34707,1,5,130,5,1,100.0,0,N,MELB_URBAN,RAMP,6,9.0
34708,1,1,120,5,1,100.0,0,N,RURAL_VICTORIA,HIGHWAY,6,11.0
34709,1,1,130,2,1,60.0,0,I,MELB_URBAN,ROAD,6,12.0
34710,1,1,160,5,1,60.0,0,N,SMALL_TOWNS,STREET,6,10.0
34711,1,1,130,5,1,60.0,0,N,TOWNS,STREET,6,10.0
34712,1,7,132,2,2,60.0,0,I,LARGE_PROVINCIAL_CITIES,ROAD,6,16.0
34713,1,1,121,1,1,50.0,0,I,LARGE_PROVINCIAL_CITIES,STREET,6,13.0
34714,1,4,130,1,2,80.0,0,I,MELB_URBAN,HIGHWAY,6,16.0
34715,1,1,110,1,1,80.0,0,I,RURAL_VICTORIA,HIGHWAY,6,15.0
34716,2,1,99,2,1,50.0,0,I,MELB_URBAN,STREET,6,15.0
34717,2,1,100,1,2,40.0,0,I,MELBOURNE_CBD,STREET,6,16.0
34718,4,0,171,5,1,60.0,0,N,MELB_URBAN,ROAD,6,15.0
34719,1,1,110,1,9,60.0,0,I,MELB_URBAN,STREET,6,13.0
34720,1,1,120,5,2,70.0,0,N,LARGE_PROVINCIAL_CITIES,ROAD,6,16.0
34721,4,0,183,5,1,100.0,0,N,RURAL_VICTORIA,ROAD,6,12.0
34722,4,1,183,5,2,60.0,0,N,MELB_URBAN,PARADE,6,17.0
34723,1,1,121,2,1,60.0,0,I,MELB_URBAN,ROAD,6,15.0
34724,4,1,173,2,5,100.0,0,I,RURAL_VICTORIA,HIGHWAY,6,18.0
34725,1,0,120,5,3,60.0,0,N,MELB_URBAN,ROAD,6,17.0
34726,4,1,171,2,3,50.0,0,I,MELB_URBAN,OTHER,6,19.0
34727,1,1,111,4,3,60.0,0,I,MELB_URBAN,ROAD,6,20.0
34728,1,1,160,5,2,60.0,0,N,MELB_URBAN,ROAD,6,17.0
34729,1,6,99,2,1,100.0,0,I,RURAL_VICTORIA,ROAD,6,11.0
34730,6,1,174,1,3,60.0,0,I,MELB_URBAN,STREET,6,21.0
34731,4,1,183,5,3,60.0,0,N,MELB_URBAN,ROAD,6,21.0
34732,2,2,102,2,1,60.0,0,I,MELB_URBAN,DRIVE,6,13.0
34733,1,2,121,5,2,60.0,0,I,MELB_URBAN,ROAD,6,7.0
34734,4,6,171,2,1,70.0,0,I,MELB_URBAN,ROAD,12,8.0
34735,1,2,99,2,2,50.0,0,I,MELB_URBAN,STREET,6,8.0
34736,4,2,173,5,2,100.0,0,N,MELB_URBAN,FREEWAY,6,7.0
34737,1,1,120,5,2,80.0,0,N,RURAL_VICTORIA,ROAD,6,16.0
34738,1,5,132,2,1,60.0,0,I,MELB_URBAN,ROAD,6,14.0
34739,1,6,113,1,1,60.0,0,I,MELB_URBAN,DRIVE,6,13.0
34740,1,6,132,2,2,60.0,0,I,MELB_URBAN,ROAD,6,18.0
34741,4,2,181,5,2,100.0,0,N,RURAL_VICTORIA,HIGHWAY,6,7.0
34742,1,2,120,5,1,60.0,0,N,MELB_URBAN,ROAD,2,9.0
34743,2,2,99,5,1,60.0,0,N,MELB_URBAN,STREET,6,10.0
34744,8,2,174,2,1,40.0,0,I,MELB_URBAN,ROAD,6,12.0
34745,1,2,99,5,1,60.0,0,N,MELB_URBAN,ROAD,6,10.0
34746,4,4,171,2,2,70.0,0,I,MELB_URBAN,ROAD,6,6.0
34747,8,7,174,2,1,60.0,0,I,MELB_URBAN,ROAD,6,10.0
34748,6,2,170,5,1,100.0,0,N,RURAL_VICTORIA,ROAD,6,11.0
34749,1,4,130,2,3,70.0,0,I,MELB_URBAN,STREET,6,18.0
34750,1,5,130,5,1,40.0,0,N,MELB_URBAN,ROAD,4,14.0
34751,1,2,130,5,1,80.0,0,N,MELB_URBAN,OTHER,6,12.0
34752,1,7,130,5,2,60.0,0,N,TOWNS,HIGHWAY,6,17.0
34753,1,1,110,1,3,60.0,0,I,SMALL_CITIES,AVENUE,6,18.0
34754,1,2,121,1,1,60.0,0,I,MELB_URBAN,HIGHWAY,6,13.0
34755,1,7,134,5,2,60.0,0,N,MELB_URBAN,BOULEVARD,6,18.0
34756,1,2,121,2,1,80.0,0,I,MELB_URBAN,HIGHWAY,6,12.0
34757,1,1,110,1,2,50.0,0,I,LARGE_PROVINCIAL_CITIES,STREET,6,17.0
34758,4,2,183,5,1,80.0,0,N,RURAL_VICTORIA,ROAD,6,13.0
34759,1,1,121,4,3,60.0,0,N,MELB_URBAN,ROAD,6,21.0
34760,1,2,130,5,1,40.0,0,N,RURAL_VICTORIA,HIGHWAY,6,14.0
34761,4,2,173,1,1,50.0,0,N,MELB_URBAN,ROAD,6,14.0
34762,1,6,134,5,1,60.0,0,N,MELB_URBAN,STREET,6,15.0
34763,1,2,147,5,2,80.0,0,N,MELB_URBAN,ROAD,6,16.0
34764,1,1,120,1,2,50.0,0,I,MELB_URBAN,HIGHWAY,6,19.0
34765,1,1,121,5,2,60.0,0,N,MELB_URBAN,ROAD,6,17.0
34766,8,1,174,5,1,60.0,0,N,MELB_URBAN,AVENUE,6,14.0
34767,1,2,113,2,1,100.0,0,I,RURAL_VICTORIA,HIGHWAY,6,15.0
34768,1,2,121,1,3,60.0,0,N,MELB_URBAN,ROAD,6,17.0
34769,1,2,121,1,2,60.0,0,I,MELB_URBAN,ROAD,6,18.0
34770,7,1,99,5,2,100.0,0,N,RURAL_VICTORIA,ROAD,6,17.0
34771,8,1,174,5,1,60.0,0,N,RURAL_VICTORIA,ROAD,6,12.0
34772,1,5,121,1,1,60.0,0,I,MELB_URBAN,HIGHWAY,6,13.0
34773,4,7,171,2,4,50.0,0,N,MELB_URBAN,ROAD,6,3.0
34774,2,2,100,5,3,60.0,0,N,TOWNS,STREET,6,17.0
34775,4,2,173,5,5,60.0,0,N,RURAL_VICTORIA,ROAD,6,20.0
34776,4,2,173,5,2,100.0,1,N,RURAL_VICTORIA,HIGHWAY,6,16.0
34777,4,2,171,2,5,60.0,0,N,SMALL_CITIES,ROAD,6,21.0
34778,5,2,99,5,5,60.0,0,N,MELB_URBAN,ROAD,6,21.0
34779,4,2,183,5,5,100.0,0,N,RURAL_VICTORIA,ROAD,6,4.0
34780,1,7,99,5,1,60.0,0,N,MELB_URBAN,STREET,6,11.0
34781,4,3,171,5,3,60.0,1,N,MELB_URBAN,ROAD,7,1.0
34782,1,3,130,5,1,60.0,0,N,MELB_URBAN,PARADE,1,11.0
34783,1,3,113,2,2,60.0,0,I,MELB_URBAN,ROAD,7,7.0
34784,1,3,110,1,1,40.0,0,I,MELB_URBAN,STREET,7,7.0
34785,2,1,99,5,2,60.0,0,N,MELB_URBAN,STREET,6,8.0
34786,1,2,113,2,3,60.0,0,I,MELB_URBAN,ROAD,6,21.0
34787,1,6,130,1,1,60.0,0,I,MELB_URBAN,ROAD,6,12.0
34788,1,3,113,2,3,60.0,0,I,MELB_URBAN,ROAD,7,6.0
34789,1,3,110,1,1,50.0,0,I,MELB_URBAN,STREET,7,12.0
34790,1,2,113,2,2,60.0,0,I,MELB_URBAN,STREET,6,16.0
34791,1,3,99,2,1,40.0,0,I,MELB_URBAN,STREET,7,12.0
34792,1,3,121,2,1,60.0,0,N,LARGE_PROVINCIAL_CITIES,ROAD,6,14.0
34793,1,2,110,1,1,50.0,0,I,MELB_URBAN,STREET,6,9.0
34794,1,2,99,2,1,80.0,0,I,MELB_URBAN,ROAD,7,14.0
34795,1,4,147,5,2,60.0,0,N,MELB_URBAN,ROAD,5,6.0
34796,2,1,102,2,1,60.0,0,I,MELB_URBAN,HIGHWAY,6,15.0
34797,1,1,121,1,1,70.0,0,I,MELB_URBAN,ROAD,12,11.0
34798,1,6,135,2,1,60.0,0,I,MELB_URBAN,ROAD,10,11.0
34799,1,7,130,5,9,80.0,0,N,MELB_URBAN,FREEWAY,5,18.0
34800,1,6,130,5,2,80.0,0,N,MELB_URBAN,ROAD,6,16.0
34801,2,3,102,5,3,50.0,0,N,TOWNS,OTHER,7,17.0
34802,1,3,99,2,3,50.0,0,I,MELB_URBAN,ROAD,7,17.0
34803,1,3,130,1,2,80.0,0,I,MELB_URBAN,HIGHWAY,7,17.0
34804,2,3,100,2,3,60.0,0,I,MELB_URBAN,ROAD,7,18.0
34805,2,3,99,2,1,60.0,0,I,MELB_URBAN,ROAD,7,13.0
34806,1,2,130,2,3,60.0,0,I,MELB_URBAN,STREET,6,20.0
34807,1,2,134,5,2,60.0,0,N,MELB_URBAN,ROAD,6,16.0
34808,1,5,130,5,9,40.0,0,N,MELB_URBAN,STREET,6,0.0
34809,2,3,100,2,2,60.0,0,I,MELB_URBAN,ROAD,7,17.0
34810,1,5,99,2,2,50.0,0,I,MELB_URBAN,STREET,6,8.0
34811,1,4,140,5,3,60.0,0,N,MELB_URBAN,ROAD,7,0.0
34812,1,2,130,5,3,100.0,0,N,RURAL_VICTORIA,FREEWAY,6,17.0
34813,4,4,173,5,5,110.0,0,N,TOWNS,FREEWAY,7,3.0
34814,1,3,111,2,1,60.0,0,I,MELB_URBAN,STREET,6,14.0
34815,1,4,113,2,1,60.0,0,I,LARGE_PROVINCIAL_CITIES,ROAD,6,10.0
34816,1,1,121,5,2,60.0,0,N,MELB_URBAN,ROAD,6,18.0
34817,1,6,120,2,2,60.0,0,I,MELB_URBAN,ROAD,6,17.0
34818,8,3,174,2,1,60.0,0,I,SMALL_CITIES,ROAD,1,15.0
34819,5,4,99,5,2,50.0,0,N,MELB_URBAN,ROAD,7,8.0
34820,6,4,170,5,1,100.0,0,N,RURAL_VICTORIA,ROAD,7,7.0
34821,1,4,110,1,9,60.0,0,I,MELB_URBAN,ROAD,7,10.0
34822,1,3,116,2,1,60.0,0,I,MELB_URBAN,ROAD,4,8.0
34823,2,3,100,2,3,60.0,0,N,MELB_URBAN,ROAD,7,19.0
34824,1,3,113,2,4,80.0,0,I,MELB_URBAN,ROAD,7,20.0
34825,1,4,121,1,1,60.0,0,I,MELB_URBAN,ROAD,7,9.0
34826,1,2,130,1,3,80.0,0,I,MELB_URBAN,HIGHWAY,6,19.0
34827,1,1,130,1,1,80.0,0,I,MELB_URBAN,ROAD,3,15.0
34828,1,4,130,2,6,100.0,0,I,RURAL_VICTORIA,ROAD,6,22.0
34829,8,3,170,5,9,100.0,0,I,RURAL_VICTORIA,ROAD,1,11.0
34830,1,7,130,5,2,60.0,0,N,MELB_URBAN,UNKNOWN,6,18.0
34831,4,4,181,5,1,40.0,0,N,MELB_URBAN,DRIVE,7,12.0
34832,8,4,174,5,1,70.0,0,N,MELB_URBAN,ROAD,7,11.0
34833,1,4,147,5,1,50.0,0,N,MELB_URBAN,STREET,7,13.0
34834,1,3,135,5,3,100.0,0,N,MELB_URBAN,FREEWAY,7,18.0
34835,1,4,121,1,1,50.0,0,I,MELB_URBAN,STREET,7,13.0
34836,8,1,174,1,1,60.0,0,I,MELB_URBAN,BOULEVARD,6,13.0
34837,1,3,99,5,5,60.0,0,N,MELB_URBAN,ROAD,6,6.0
34838,2,4,102,5,1,50.0,0,N,MELB_URBAN,ROAD,7,10.0
34839,1,4,130,5,1,80.0,0,N,MELB_URBAN,ROAD,7,14.0
34840,4,4,171,5,1,50.0,0,N,MELB_URBAN,DRIVE,7,15.0
34841,1,4,121,1,1,60.0,0,I,MELB_URBAN,AVENUE,7,14.0
34842,8,4,184,5,2,60.0,0,N,LARGE_PROVINCIAL_CITIES,STREET,6,16.0
34843,1,4,99,5,1,50.0,1,N,LARGE_PROVINCIAL_CITIES,STREET,7,15.0
34844,1,7,147,5,3,60.0,0,N,MELB_URBAN,STREET,6,19.0
34845,1,4,110,1,1,60.0,0,I,MELB_URBAN,ROAD,7,16.0
34846,4,4,171,5,1,100.0,0,N,MELB_URBAN,RAMP,7,15.0
34847,1,4,130,5,1,70.0,0,N,MELB_URBAN,STREET,7,16.0
34848,4,4,171,5,1,80.0,0,N,RURAL_VICTORIA,ROAD,4,9.0
34849,1,6,113,2,2,100.0,0,I,RURAL_VICTORIA,HIGHWAY,5,17.0
34850,1,4,113,1,3,60.0,0,I,MELB_URBAN,STREET,7,18.0
34851,1,4,147,5,2,80.0,0,N,MELB_URBAN,ROAD,7,16.0
34852,4,4,181,5,2,80.0,0,N,RURAL_VICTORIA,HIGHWAY,7,16.0
34853,1,4,130,1,1,80.0,0,I,MELB_URBAN,HIGHWAY,7,11.0
34854,1,4,113,2,2,60.0,0,N,MELB_URBAN,ROAD,7,18.0
34855,4,4,173,5,2,100.0,0,N,RURAL_VICTORIA,ROAD,7,17.0
34856,1,3,113,2,2,50.0,0,I,MELB_URBAN,STREET,7,18.0
34857,4,4,173,5,3,60.0,0,N,MELB_URBAN,BOULEVARD,7,20.0
34858,2,4,100,1,1,50.0,0,I,SMALL_CITIES,STREET,7,15.0
34859,2,4,102,1,3,50.0,0,I,MELB_URBAN,ROAD,7,20.0
34860,4,5,99,2,3,50.0,0,N,SMALL_TOWNS,OTHER,7,1.0
34861,1,3,130,5,2,60.0,0,N,MELB_URBAN,AVENUE,6,8.0
34862,1,5,133,5,2,100.0,0,N,RURAL_VICTORIA,HIGHWAY,7,8.0
34863,2,5,102,5,1,50.0,0,N,MELB_URBAN,STREET,6,14.0
34864,1,5,130,5,1,60.0,0,N,MELB_URBAN,ROAD,7,8.0
34865,8,4,99,5,1,80.0,0,N,RURAL_VICTORIA,ROAD,7,14.0
34866,1,6,99,1,1,60.0,0,I,MELB_URBAN,AVENUE,3,12.0
34867,1,4,116,4,1,60.0,0,I,MELB_URBAN,ROAD,7,9.0
34868,1,5,132,2,2,60.0,0,I,LARGE_PROVINCIAL_CITIES,STREET,7,8.0
34869,1,3,135,5,1,100.0,0,N,MELB_URBAN,FREEWAY,5,9.0
34870,1,5,110,1,2,50.0,0,I,TOWNS,STREET,7,7.0
34871,2,5,102,1,1,60.0,0,I,SMALL_CITIES,STREET,7,11.0
34872,1,5,130,5,9,100.0,0,N,MELB_URBAN,ROAD,5,12.0
34873,1,5,121,5,1,50.0,0,I,MELB_URBAN,DRIVE,7,13.0
34874,1,4,110,1,1,60.0,0,I,MELB_URBAN,STREET,7,12.0
34875,5,5,99,5,1,100.0,0,N,RURAL_VICTORIA,HIGHWAY,7,14.0
34876,2,5,100,1,1,60.0,0,I,MELB_URBAN,ROAD,7,14.0
34877,4,5,171,1,1,60.0,0,I,TOWNS,STREET,7,12.0
34878,4,5,171,5,1,60.0,0,N,MELB_URBAN,STREET,7,13.0
34879,8,5,99,1,1,60.0,0,I,MELBOURNE_CBD,STREET,7,11.0
34880,1,5,163,5,1,40.0,0,N,MELBOURNE_CBD,STREET,7,14.0
34881,1,4,121,2,1,50.0,0,N,MELB_URBAN,OTHER,6,15.0
34882,8,7,174,5,1,100.0,0,N,RURAL_VICTORIA,ROAD,4,12.0
34883,1,5,120,1,1,50.0,0,N,MELB_URBAN,STREET,7,14.0
34884,3,2,167,5,5,100.0,0,N,MELB_URBAN,RAMP,9,4.0
34885,1,5,130,5,1,80.0,0,N,MELB_URBAN,HIGHWAY,7,15.0
34886,1,2,130,5,1,60.0,0,N,MELB_URBAN,ROAD,6,10.0
34887,1,5,121,1,2,60.0,0,I,MELB_URBAN,ROAD,7,17.0
34888,1,5,110,1,1,60.0,0,I,LARGE_PROVINCIAL_CITIES,STREET,7,10.0
34889,1,5,121,1,2,60.0,0,I,MELB_URBAN,STREET,7,17.0
34890,1,5,121,1,1,40.0,0,I,MELB_URBAN,STREET,7,14.0
34891,1,5,130,5,1,60.0,0,N,MELB_URBAN,ROAD,7,15.0
34892,2,5,99,5,3,50.0,0,N,MELB_URBAN,STREET,7,18.0
34893,1,5,130,5,3,50.0,0,N,LARGE_PROVINCIAL_CITIES,STREET,7,19.0
34894,1,5,130,2,3,80.0,0,I,MELB_URBAN,ROAD,7,19.0
34895,1,5,110,1,3,50.0,0,I,SMALL_CITIES,STREET,7,20.0
34896,1,4,113,2,2,60.0,0,I,SMALL_CITIES,DRIVE,7,17.0
34897,2,7,100,5,3,40.0,0,N,MELB_URBAN,ROAD,5,23.0
34898,1,3,130,5,2,70.0,0,N,MELB_URBAN,ROAD,12,18.0
34899,1,5,120,5,1,50.0,0,N,MELB_URBAN,AVENUE,7,15.0
34900,6,5,174,2,3,60.0,0,I,MELB_URBAN,ROAD,7,22.0
34901,1,5,171,4,3,60.0,0,I,SMALL_CITIES,ROAD,7,20.0
34902,2,5,99,5,5,80.0,0,N,SMALL_CITIES,STREET,7,23.0
34903,1,7,130,5,2,60.0,0,N,MELB_URBAN,ROAD,6,17.0
34904,2,5,100,1,2,60.0,0,I,MELB_URBAN,ROAD,7,6.0
34905,1,5,120,5,5,100.0,0,N,RURAL_VICTORIA,HIGHWAY,7,20.0
34906,4,5,171,5,5,50.0,0,N,MELB_URBAN,BOULEVARD,7,22.0
34907,1,6,130,2,1,60.0,0,I,MELB_URBAN,STREET,6,11.0
34908,8,2,174,2,2,60.0,0,I,MELB_URBAN,STREET,6,17.0
34909,1,3,134,2,2,60.0,0,I,MELB_URBAN,ROAD,6,8.0
34910,1,1,130,1,1,60.0,0,I,MELB_URBAN,ROAD,5,10.0
34911,2,6,99,5,1,50.0,0,N,MELB_URBAN,STREET,7,9.0
34912,4,5,181,5,2,60.0,0,N,MELB_URBAN,DRIVE,7,8.0
34913,4,6,173,5,3,70.0,1,N,MELB_URBAN,ROAD,7,4.0
34914,1,6,130,1,1,70.0,0,I,LARGE_PROVINCIAL_CITIES,HIGHWAY,7,11.0
34915,1,6,110,1,2,60.0,0,I,MELB_URBAN,ROAD,6,8.0
34916,2,5,99,5,1,50.0,0,N,MELB_URBAN,PARADE,7,12.0
34917,1,6,99,5,1,80.0,0,N,MELB_URBAN,ROAD,7,12.0
34918,1,6,121,2,1,50.0,0,I,MELB_URBAN,ROAD,7,10.0
34919,2,5,100,2,1,60.0,0,I,MELB_URBAN,OTHER,5,11.0
34920,1,6,99,2,1,50.0,0,I,RURAL_VICTORIA,ROAD,7,13.0
34921,1,6,130,1,1,60.0,0,I,MELB_URBAN,ROAD,12,16.0
34922,6,2,184,5,1,60.0,0,N,RURAL_VICTORIA,ROAD,12,13.0
34923,1,1,147,2,1,50.0,0,I,MELB_URBAN,STREET,6,13.0
34924,1,6,99,1,1,60.0,0,I,MELB_URBAN,ROAD,6,13.0
34925,1,6,130,5,1,60.0,0,N,MELB_URBAN,ROAD,7,13.0
34926,2,6,102,1,1,60.0,0,I,MELB_URBAN,ROAD,7,15.0
34927,1,4,132,1,1,60.0,0,I,MELB_URBAN,HIGHWAY,7,12.0
34928,2,6,99,1,2,60.0,0,I,MELB_URBAN,ROAD,7,17.0
34929,1,7,130,5,2,80.0,0,N,SMALL_CITIES,RAMP,5,17.0
34930,8,5,174,2,2,50.0,0,I,MELB_URBAN,STREET,7,17.0
34931,1,6,99,2,3,70.0,0,I,MELB_URBAN,ROAD,7,17.0
34932,1,6,120,2,2,70.0,0,N,MELB_URBAN,ROAD,7,16.0
34933,2,6,100,1,2,50.0,0,I,MELB_URBAN,ROAD,7,18.0
34934,1,6,130,5,2,80.0,0,N,MELB_URBAN,FREEWAY,7,18.0
34935,6,6,174,5,5,60.0,0,N,RURAL_VICTORIA,ROAD,7,19.0
34936,4,6,173,5,3,70.0,0,N,MELB_URBAN,ROAD,7,21.0
34937,4,6,181,5,5,80.0,0,N,RURAL_VICTORIA,ROAD,7,22.0
34938,1,4,130,5,1,60.0,0,N,MELB_URBAN,ROAD,7,15.0
34939,1,5,121,1,3,40.0,0,I,MELBOURNE_CBD,STREET,7,23.0
34940,4,7,171,5,3,50.0,0,N,TOWNS,STREET,7,0.0
34941,1,6,99,2,3,100.0,0,I,RURAL_VICTORIA,ROAD,7,22.0
34942,4,6,171,5,5,100.0,0,N,RURAL_VICTORIA,ROAD,7,6.0
34943,1,2,130,2,1,80.0,0,I,MELB_URBAN,ROAD,5,14.0
34944,1,6,130,5,1,60.0,0,N,MELB_URBAN,AVENUE,7,10.0
34945,4,7,173,5,3,60.0,0,N,MELB_URBAN,STREET,7,5.0
34946,4,7,183,5,3,60.0,1,I,MELB_URBAN,STREET,7,4.0
34947,6,6,174,1,1,60.0,0,I,MELB_URBAN,STREET,5,12.0
34948,1,7,160,5,3,60.0,0,N,MELB_URBAN,ROAD,7,6.0
34949,1,7,130,5,1,80.0,0,N,RURAL_VICTORIA,ROAD,7,9.0
34950,1,6,130,1,2,80.0,0,N,MELB_URBAN,ROAD,6,8.0
34951,1,7,130,2,1,60.0,0,I,SMALL_CITIES,STREET,7,9.0
34952,7,1,99,5,6,60.0,0,N,SMALL_CITIES,ROAD,6,4.0
34953,4,7,173,5,1,80.0,0,N,RURAL_VICTORIA,ROAD,7,11.0
34954,4,7,181,5,1,60.0,0,N,SMALL_TOWNS,STREET,7,12.0
34955,1,7,130,5,3,100.0,1,N,MELB_URBAN,FREEWAY,7,4.0
34956,1,7,121,2,1,70.0,0,I,MELB_URBAN,ROAD,7,13.0
34957,6,1,184,5,2,60.0,0,N,RURAL_VICTORIA,ROAD,5,16.0
34958,1,1,121,1,1,80.0,0,I,MELB_URBAN,ROAD,6,12.0
34959,1,2,113,2,2,50.0,0,I,MELB_URBAN,OTHER,6,8.0
34960,6,7,184,5,1,100.0,0,N,RURAL_VICTORIA,ROAD,7,10.0
34961,2,4,100,2,2,50.0,0,I,MELB_URBAN,ROAD,6,17.0
34962,1,3,130,1,1,80.0,0,I,MELB_URBAN,ROAD,6,12.0
34963,1,7,130,5,1,100.0,0,N,MELB_URBAN,FREEWAY,7,14.0
34964,6,7,99,5,1,100.0,0,N,RURAL_VICTORIA,HIGHWAY,7,13.0
34965,1,1,130,5,2,80.0,0,N,MELB_URBAN,HIGHWAY,6,16.0
34966,4,7,171,5,2,50.0,0,N,RURAL_VICTORIA,ROAD,7,16.0
34967,1,7,130,5,3,70.0,0,N,MELB_URBAN,ROAD,7,17.0
34968,1,3,130,1,1,60.0,0,I,RURAL_VICTORIA,FREEWAY,3,11.0
34969,1,7,120,5,1,100.0,0,N,RURAL_VICTORIA,ROAD,7,14.0
34970,1,7,160,5,2,60.0,0,N,LARGE_PROVINCIAL_CITIES,ROAD,7,16.0
34971,1,7,110,1,1,100.0,0,I,RURAL_VICTORIA,ROAD,7,15.0
34972,6,6,170,5,5,110.0,0,N,RURAL_VICTORIA,FREEWAY,7,23.0
34973,1,7,130,5,3,60.0,0,N,MELB_URBAN,ROAD,7,17.0
34974,4,6,183,5,5,100.0,0,N,RURAL_VICTORIA,ROAD,7,6.0
34975,2,7,100,2,3,50.0,0,I,MELB_URBAN,ROAD,7,18.0
34976,1,7,160,1,3,50.0,0,I,LARGE_PROVINCIAL_CITIES,STREET,7,18.0
34977,1,7,121,2,3,60.0,0,I,MELB_URBAN,ROAD,7,17.0
34978,1,7,121,1,2,70.0,0,I,MELB_URBAN,ROAD,7,18.0
34979,1,7,99,2,3,60.0,0,I,MELB_URBAN,ROAD,7,18.0
34980,1,7,130,5,1,80.0,0,N,MELB_URBAN,FREEWAY,7,12.0
34981,1,4,120,5,1,110.0,0,N,RURAL_VICTORIA,FREEWAY,7,15.0
34982,1,7,130,2,3,80.0,0,I,MELB_URBAN,ROAD,7,23.0
34983,2,1,102,1,3,60.0,0,I,SMALL_CITIES,STREET,7,2.0
34984,3,1,167,5,5,110.0,0,N,RURAL_VICTORIA,FREEWAY,7,3.0
34985,1,7,113,2,1,60.0,0,I,MELB_URBAN,ROAD,7,12.0
34986,2,5,99,5,1,50.0,0,N,SMALL_CITIES,STREET,7,10.0
34987,1,2,130,5,1,70.0,0,N,MELB_URBAN,ROAD,5,12.0
34988,1,1,130,2,1,60.0,0,I,MELB_URBAN,ROAD,7,9.0
34989,1,3,121,1,9,40.0,0,I,MELB_URBAN,ROAD,7,19.0
34990,6,7,99,5,5,100.0,0,N,RURAL_VICTORIA,HIGHWAY,7,19.0
34991,4,6,183,5,5,80.0,0,N,RURAL_VICTORIA,ROAD,7,21.0
34992,1,1,130,1,2,60.0,0,I,MELB_URBAN,STREET,7,6.0
34993,1,1,99,5,1,50.0,0,N,MELB_URBAN,STREET,7,9.0
34994,1,0,99,2,1,40.0,0,I,MELBOURNE_CBD,STREET,7,11.0
34995,4,1,173,5,5,60.0,0,N,LARGE_PROVINCIAL_CITIES,ROAD,7,5.0
34996,1,1,130,5,2,100.0,0,N,MELB_URBAN,FREEWAY,7,7.0
34997,1,1,130,5,1,40.0,0,N,SMALL_CITIES,STREET,7,12.0
34998,6,1,174,5,1,80.0,0,N,RURAL_VICTORIA,ROAD,7,11.0
34999,1,1,130,5,1,80.0,0,N,MELB_URBAN,FREEWAY,7,11.0
35000,7,5,99,2,1,60.0,0,I,MELB_URBAN,STREET,7,10.0
35001,1,1,135,1,1,60.0,0,I,MELB_URBAN,ROAD,7,15.0
35002,1,5,99,5,2,60.0,0,N,MELB_URBAN,ROAD,7,18.0
35003,4,1,181,5,1,60.0,0,N,MELB_URBAN,RAMP,7,15.0
35004,1,1,130,1,3,60.0,0,I,MELB_URBAN,ROAD,5,20.0
35005,2,5,99,1,1,60.0,0,I,MELB_URBAN,STREET,6,10.0
35006,8,1,174,1,5,100.0,0,I,MELB_URBAN,ROAD,7,17.0
35007,1,3,121,5,9,60.0,0,N,MELB_URBAN,ROAD,6,8.0
35008,1,5,130,2,2,50.0,0,I,MELB_URBAN,OTHER,7,18.0
35009,1,1,113,1,3,60.0,0,I,MELB_URBAN,ROAD,7,19.0
35010,1,1,99,1,3,60.0,0,I,LARGE_PROVINCIAL_CITIES,STREET,7,21.0
35011,8,7,174,2,1,60.0,0,I,RURAL_VICTORIA,ROAD,5,11.0
35012,2,2,102,2,2,60.0,0,I,MELB_URBAN,ROAD,7,6.0
35013,1,3,130,2,2,60.0,0,N,MELB_URBAN,STREET,7,7.0
35014,1,5,121,5,2,60.0,0,N,MELB_URBAN,ROAD,6,17.0
35015,1,6,130,5,1,100.0,0,N,MELB_URBAN,FREEWAY,7,15.0
35016,1,7,132,2,1,60.0,0,I,MELB_URBAN,STREET,2,11.0
35017,1,2,110,1,1,50.0,0,I,MELB_URBAN,STREET,7,12.0
35018,1,7,110,1,2,100.0,0,I,MELB_URBAN,ROAD,4,18.0
35019,1,5,130,5,1,60.0,0,N,MELB_URBAN,STREET,2,8.0
35020,4,6,171,5,3,80.0,0,N,MELB_URBAN,HIGHWAY,7,0.0
35021,1,2,130,2,1,60.0,0,I,MELB_URBAN,ROAD,7,13.0
35022,1,7,99,2,1,60.0,0,N,MELB_URBAN,ROAD,7,10.0
35023,1,5,135,5,2,60.0,0,N,MELB_URBAN,ROAD,6,17.0
35024,1,1,121,2,1,80.0,0,I,MELB_URBAN,ROAD,7,9.0
35025,1,1,121,1,1,60.0,0,I,MELB_URBAN,ROAD,7,12.0
35026,4,5,181,5,1,80.0,0,N,TOWNS,ROAD,7,10.0
35027,1,5,116,1,3,60.0,0,I,MELB_URBAN,STREET,5,19.0
35028,1,6,130,5,1,60.0,0,N,MELB_URBAN,ROAD,2,13.0
35029,8,1,174,5,1,60.0,0,N,RURAL_VICTORIA,ROAD,7,9.0
35030,1,2,132,2,2,60.0,0,I,SMALL_CITIES,AVENUE,7,16.0
35031,4,2,99,5,2,50.0,0,N,MELB_URBAN,OTHER,7,16.0
35032,4,2,171,2,3,70.0,0,I,MELB_URBAN,ROAD,7,17.0
35033,1,6,130,5,1,80.0,0,I,MELB_URBAN,ROAD,9,10.0
35034,1,2,130,5,3,80.0,0,N,MELB_URBAN,HIGHWAY,5,21.0
35035,2,2,99,5,2,60.0,0,N,MELB_URBAN,DRIVE,7,17.0