,accident_type,day_of_week,dca_code,road_geometry,light_condition,speed_zone,severity,node_type,deg_urban_name,road_type,month,hour
35036,1,2,121,1,2,40.0,0,I,MELB_URBAN,ROAD,7,18.0
35037,2,2,102,5,3,60.0,1,N,MELB_URBAN,ROAD,7,19.0
35038,1,2,130,5,2,100.0,0,N,MELB_URBAN,RAMP,7,18.0
35039,1,2,120,5,3,50.0,0,N,SMALL_CITIES,DRIVE,7,23.0
35040,1,2,130,5,3,100.0,0,N,MELB_URBAN,FREEWAY,7,17.0
35041,4,3,173,5,3,80.0,0,N,MELB_URBAN,STREET,7,1.0
35042,4,2,171,5,1,50.0,0,N,MELB_URBAN,AVENUE,7,13.0
35043,1,3,130,1,2,80.0,0,N,MELB_URBAN,ROAD,7,6.0
35044,1,1,130,5,5,80.0,0,N,LARGE_PROVINCIAL_CITIES,ROAD,7,5.0
35045,1,2,135,5,2,100.0,0,N,MELB_URBAN,ROAD,6,16.0
35046,1,2,116,2,3,70.0,0,I,MELB_URBAN,HIGHWAY,7,20.0
35047,4,3,173,5,2,60.0,0,N,MELB_URBAN,ROAD,7,7.0
35048,1,1,111,1,1,60.0,0,I,SMALL_TOWNS,STREET,7,9.0
35049,2,3,100,1,1,50.0,0,I,MELB_URBAN,STREET,7,9.0
35050,1,2,121,1,2,40.0,0,I,MELB_URBAN,STREET,7,8.0
35051,1,2,160,2,2,50.0,0,I,MELB_URBAN,DRIVE,6,18.0
35052,2,7,99,5,1,50.0,0,N,SMALL_CITIES,OTHER,7,10.0
35053,8,1,174,2,6,60.0,0,I,MELB_URBAN,ROAD,7,6.0
35054,1,4,130,1,9,70.0,0,I,RURAL_VICTORIA,ROAD,6,17.0
35055,1,4,113,2,1,80.0,0,I,RURAL_VICTORIA,ROAD,5,10.0
35056,1,3,163,1,2,60.0,0,I,MELB_URBAN,ROAD,7,8.0
35057,8,6,174,5,1,60.0,0,N,MELB_URBAN,ROAD,7,11.0
35058,1,3,147,5,1,60.0,0,N,MELB_URBAN,ROAD,7,13.0
35059,1,3,130,1,1,60.0,0,I,MELB_URBAN,ROAD,7,14.0
35060,8,7,174,5,1,80.0,0,N,RURAL_VICTORIA,ROAD,6,14.0
35061,1,5,130,5,2,100.0,0,N,MELB_URBAN,FREEWAY,6,18.0
35062,1,6,160,5,9,70.0,0,N,MELB_URBAN,ROAD,6,18.0
35063,1,3,99,2,1,50.0,0,I,MELB_URBAN,ROAD,5,15.0
35064,1,3,99,1,1,50.0,0,I,LARGE_PROVINCIAL_CITIES,STREET,7,12.0
35065,1,3,120,5,1,80.0,0,N,RURAL_VICTORIA,ROAD,7,13.0
35066,1,3,135,5,1,100.0,0,N,MELB_URBAN,ROAD,7,13.0
35067,6,3,174,5,1,100.0,0,N,RURAL_VICTORIA,HIGHWAY,7,14.0
35068,1,3,110,1,2,50.0,0,I,MELB_URBAN,UNKNOWN,7,16.0
35069,1,3,130,2,9,60.0,0,I,MELB_URBAN,ROAD,3,8.0
35070,1,2,130,1,1,40.0,0,I,RURAL_VICTORIA,ROAD,7,15.0
35071,1,6,130,5,1,80.0,0,N,MELB_URBAN,HIGHWAY,7,15.0
35072,4,2,99,5,2,50.0,0,N,MELB_URBAN,AVENUE,7,18.0
35073,2,3,102,5,3,70.0,0,N,MELB_URBAN,ROAD,7,19.0
35074,1,3,121,5,3,80.0,0,N,MELB_URBAN,ROAD,7,20.0
35075,1,5,135,5,2,60.0,0,I,MELB_URBAN,ROAD,7,7.0
35076,1,3,134,5,3,100.0,0,N,MELB_URBAN,FREEWAY,7,20.0
35077,1,7,130,2,9,50.0,0,I,MELB_URBAN,OTHER,3,18.0
35078,2,4,100,2,3,60.0,0,I,MELB_URBAN,STREET,7,5.0
35079,1,4,130,5,3,100.0,0,N,MELB_URBAN,FREEWAY,7,3.0
35080,1,7,110,1,1,60.0,0,I,MELB_URBAN,AVENUE,7,15.0
35081,1,3,130,1,1,60.0,0,I,MELB_URBAN,STREET,7,14.0
35082,8,3,174,2,1,100.0,0,I,RURAL_VICTORIA,ROAD,7,13.0
35083,1,5,130,1,1,50.0,0,N,LARGE_PROVINCIAL_CITIES,STREET,6,12.0
35084,1,6,147,5,1,60.0,0,N,SMALL_TOWNS,STREET,7,11.0
35085,1,1,99,2,1,60.0,0,I,LARGE_PROVINCIAL_CITIES,ROAD,6,10.0
35086,1,4,116,2,1,60.0,0,I,MELB_URBAN,STREET,7,10.0
35087,1,4,160,5,2,50.0,0,N,TOWNS,UNKNOWN,7,8.0
35088,1,5,99,5,3,70.0,0,N,MELB_URBAN,ROAD,4,19.0
35089,1,4,121,2,1,70.0,0,I,MELB_URBAN,HIGHWAY,7,10.0
35090,1,3,121,5,1,60.0,0,N,MELB_URBAN,ROAD,7,9.0
35091,2,2,102,4,1,60.0,0,I,MELB_URBAN,ROAD,7,12.0
35092,6,7,174,5,1,100.0,0,N,RURAL_VICTORIA,ROAD,6,11.0
35093,1,6,147,5,2,60.0,0,N,LARGE_PROVINCIAL_CITIES,STREET,7,17.0
35094,1,7,130,5,1,60.0,0,N,MELB_URBAN,ROAD,6,12.0
35095,1,6,110,1,2,50.0,0,I,MELBOURNE_CBD,STREET,7,8.0
35096,1,2,130,5,1,70.0,0,N,MELB_URBAN,STREET,12,8.0
35097,5,1,99,5,2,70.0,0,N,MELB_URBAN,ROAD,6,6.0
35098,1,7,132,1,1,60.0,0,I,MELB_URBAN,STREET,6,13.0
35099,1,5,130,1,3,60.0,0,I,MELB_URBAN,OTHER,6,3.0
35100,1,4,130,5,2,100.0,0,N,MELB_URBAN,FREEWAY,7,8.0
35101,1,6,130,2,2,60.0,0,I,MELB_URBAN,ROAD,7,19.0
35102,6,4,99,5,1,100.0,0,N,RURAL_VICTORIA,ROAD,7,9.0
35103,2,4,100,5,1,60.0,1,N,LARGE_PROVINCIAL_CITIES,ROAD,7,10.0
35104,1,5,130,5,1,60.0,0,N,MELB_URBAN,ROAD,9,12.0
35105,1,0,99,5,1,60.0,0,N,SMALL_CITIES,ROAD,1,10.0
35106,1,4,110,1,1,100.0,0,I,RURAL_VICTORIA,ROAD,7,13.0
35107,1,4,113,2,1,60.0,0,I,SMALL_CITIES,ROAD,7,15.0
35108,1,4,110,1,1,50.0,0,I,MELB_URBAN,STREET,7,15.0
35109,2,3,102,2,3,60.0,0,I,MELB_URBAN,PARADE,7,19.0
35110,1,4,121,2,1,60.0,0,I,MELB_URBAN,STREET,7,15.0
35111,1,3,130,5,2,90.0,0,N,SMALL_TOWNS,FREEWAY,7,18.0
35112,4,4,171,5,1,110.0,1,N,RURAL_VICTORIA,FREEWAY,7,14.0
35113,1,4,130,5,2,80.0,0,N,MELB_URBAN,HIGHWAY,7,17.0
35114,4,4,171,5,2,70.0,0,N,MELB_URBAN,ROAD,7,17.0
35115,1,4,130,5,2,100.0,0,N,MELB_URBAN,FREEWAY,7,16.0
35116,1,4,113,2,5,60.0,0,I,MELB_URBAN,STREET,7,18.0
35117,2,4,102,1,2,50.0,0,I,MELB_URBAN,STREET,7,18.0
35118,1,4,121,1,2,50.0,0,I,MELB_URBAN,STREET,7,18.0
35119,1,4,147,5,1,60.0,0,N,MELB_URBAN,ROAD,7,20.0
35120,1,4,130,1,3,60.0,0,N,MELB_URBAN,ROAD,7,19.0
35121,4,3,173,5,5,60.0,0,N,MELB_URBAN,ROAD,7,20.0
35122,4,4,183,5,5,80.0,0,N,RURAL_VICTORIA,ROAD,7,19.0
35123,1,4,160,5,3,50.0,0,N,SMALL_CITIES,STREET,7,18.0
35124,4,4,171,1,3,60.0,0,I,MELB_URBAN,ROAD,7,20.0
35125,2,4,102,1,1,40.0,0,I,MELB_URBAN,ROAD,7,15.0
35126,4,4,173,5,2,80.0,1,N,MELB_URBAN,ROAD,7,18.0
35127,1,4,121,2,3,80.0,0,N,MELB_URBAN,HIGHWAY,7,21.0
35128,4,4,173,5,3,60.0,0,N,MELB_URBAN,ROAD,7,23.0
35129,1,5,110,1,2,50.0,0,I,MELB_URBAN,STREET,7,7.0
35130,2,5,99,2,9,60.0,0,N,MELB_URBAN,ROAD,7,7.0
35131,1,4,160,1,1,50.0,0,I,MELB_URBAN,STREET,7,9.0
35132,1,5,121,1,1,60.0,0,I,MELB_URBAN,ROAD,7,9.0
35133,1,4,130,1,2,80.0,0,I,MELB_URBAN,HIGHWAY,4,17.0
35134,1,4,160,5,1,60.0,0,N,MELB_URBAN,STREET,5,14.0
35135,1,5,121,1,1,50.0,0,I,MELB_URBAN,ROAD,7,10.0
35136,8,5,174,5,2,80.0,0,N,MELB_URBAN,ROAD,7,8.0
35137,8,4,99,5,2,50.0,0,N,MELB_URBAN,DRIVE,7,17.0
35138,1,6,130,5,1,70.0,0,N,MELB_URBAN,ROAD,2,8.0
35139,1,5,130,2,2,70.0,0,I,MELB_URBAN,ROAD,7,6.0
35140,1,2,130,5,2,60.0,0,N,MELB_URBAN,ROAD,5,17.0
35141,4,5,171,5,2,100.0,1,N,RURAL_VICTORIA,HIGHWAY,7,6.0
35142,1,5,113,2,1,70.0,0,I,MELB_URBAN,HIGHWAY,7,12.0
35143,1,4,110,1,6,60.0,0,I,MELB_URBAN,AVENUE,7,19.0
35144,2,5,99,5,1,60.0,0,N,MELB_URBAN,ROAD,7,14.0
35145,1,3,120,5,1,60.0,0,N,MELB_URBAN,STREET,7,13.0
35146,6,5,170,2,1,60.0,0,N,RURAL_VICTORIA,ROAD,7,9.0
35147,4,5,171,5,1,50.0,0,N,SMALL_CITIES,PARADE,7,11.0
35148,1,5,121,1,2,60.0,0,I,MELB_URBAN,ROAD,6,18.0
35149,3,2,167,5,2,100.0,0,N,RURAL_VICTORIA,ROAD,6,7.0
35150,1,3,160,5,6,60.0,0,N,MELB_URBAN,ROAD,7,6.0
35151,1,3,147,5,1,60.0,0,N,MELB_URBAN,STREET,4,8.0
35152,1,4,121,1,1,60.0,0,I,MELB_URBAN,UNKNOWN,7,15.0
35153,4,5,171,2,2,60.0,0,N,TOWNS,ROAD,7,16.0
35154,1,5,120,5,1,50.0,1,N,LARGE_PROVINCIAL_CITIES,ROAD,7,14.0
35155,1,0,130,1,1,60.0,0,I,MELB_URBAN,ROAD,7,13.0
35156,4,4,183,5,2,100.0,0,N,RURAL_VICTORIA,ROAD,7,16.0
35157,1,7,130,1,1,60.0,0,I,LARGE_PROVINCIAL_CITIES,HIGHWAY,5,14.0
35158,4,5,173,5,1,100.0,0,N,RURAL_VICTORIA,HIGHWAY,7,15.0
35159,1,5,121,1,3,60.0,0,I,MELB_URBAN,ROAD,7,19.0
35160,3,5,167,5,2,100.0,0,N,RURAL_VICTORIA,HIGHWAY,7,17.0
35161,2,5,99,2,1,40.0,0,I,MELB_URBAN,STREET,7,15.0
35162,2,5,100,2,6,50.0,0,I,MELB_URBAN,ROAD,7,18.0
35163,1,5,147,5,2,50.0,0,N,MELB_URBAN,STREET,7,17.0
35164,1,5,173,2,3,50.0,0,I,TOWNS,OTHER,7,21.0
35165,4,5,171,5,3,80.0,0,N,MELB_URBAN,FREEWAY,7,5.0
35166,1,6,140,5,3,60.0,0,N,MELB_URBAN,OTHER,7,5.0
35167,1,6,113,2,2,90.0,0,I,LARGE_PROVINCIAL_CITIES,HIGHWAY,6,8.0
35168,2,3,99,2,2,60.0,0,I,MELB_URBAN,PARADE,7,7.0
35169,4,6,173,5,2,60.0,0,N,SMALL_CITIES,STREET,7,8.0
35170,1,6,134,1,1,60.0,0,N,MELB_URBAN,STREET,7,9.0
35171,1,5,140,5,1,70.0,0,N,SMALL_CITIES,HIGHWAY,7,12.0
35172,4,6,171,5,1,70.0,0,N,MELB_URBAN,HIGHWAY,7,9.0
35173,1,6,130,5,1,80.0,0,N,MELB_URBAN,FREEWAY,7,9.0
35174,4,6,173,5,2,80.0,0,N,TOWNS,HIGHWAY,7,7.0
35175,4,3,171,1,5,50.0,0,I,SMALL_TOWNS,ROAD,7,20.0
35176,8,4,174,5,1,60.0,0,N,RURAL_VICTORIA,ROAD,5,14.0
35177,1,5,135,5,5,110.0,0,N,RURAL_VICTORIA,FREEWAY,7,19.0
35178,1,6,99,2,1,60.0,0,I,TOWNS,STREET,7,12.0
35179,1,6,121,1,1,80.0,0,I,MELB_URBAN,HIGHWAY,7,12.0
35180,4,6,171,5,1,100.0,0,N,RURAL_VICTORIA,ROAD,7,12.0
35181,1,6,147,5,1,50.0,0,N,LARGE_PROVINCIAL_CITIES,STREET,7,10.0
35182,1,6,130,5,1,70.0,0,N,MELB_URBAN,STREET,7,10.0
35183,4,6,171,2,1,50.0,0,I,MELB_URBAN,AVENUE,7,11.0
35184,2,6,102,5,1,60.0,0,N,MELB_URBAN,ROAD,7,13.0
35185,1,5,130,2,2,60.0,0,I,MELB_URBAN,STREET,7,8.0
35186,1,5,130,5,2,100.0,0,N,MELB_URBAN,ROAD,6,17.0
35187,1,6,132,5,1,60.0,0,N,MELB_URBAN,ROAD,7,14.0
35188,6,6,174,5,1,100.0,0,N,RURAL_VICTORIA,ROAD,7,14.0
35189,9,7,99,5,9,60.0,0,N,MELB_URBAN,ROAD,6,21.0
35190,1,6,110,1,1,100.0,0,I,RURAL_VICTORIA,OTHER,7,13.0
35191,1,5,130,5,1,100.0,0,N,MELB_URBAN,FREEWAY,7,15.0
35192,1,6,121,2,1,60.0,0,I,MELB_URBAN,STREET,7,15.0
35193,1,4,121,2,2,40.0,0,I,MELB_URBAN,ROAD,7,16.0
35194,2,6,100,1,1,60.0,0,I,MELB_URBAN,ROAD,7,14.0
35195,1,5,121,2,1,50.0,0,I,MELB_URBAN,STREET,7,14.0
35196,1,6,110,1,2,60.0,0,I,MELB_URBAN,ROAD,7,16.0
35197,1,6,130,5,1,70.0,0,N,MELB_URBAN,ROAD,7,15.0
35198,1,5,121,4,2,60.0,0,I,MELB_URBAN,ROAD,7,18.0
35199,5,6,171,5,2,50.0,0,N,MELB_URBAN,STREET,7,18.0
35200,2,3,100,1,9,60.0,0,I,MELB_URBAN,ROAD,7,16.0
35201,2,6,102,2,2,60.0,0,I,MELB_URBAN,ROAD,7,18.0
35202,1,6,121,2,2,60.0,0,I,MELB_URBAN,ROAD,7,17.0
35203,4,6,173,5,2,60.0,0,N,MELB_URBAN,STREET,7,16.0
35204,1,6,140,5,2,40.0,0,N,MELB_URBAN,STREET,7,8.0
35205,1,6,121,2,3,50.0,0,I,MELB_URBAN,AVENUE,7,17.0
35206,1,6,130,1,1,60.0,0,I,LARGE_PROVINCIAL_CITIES,STREET,7,9.0
35207,1,6,113,2,3,50.0,0,I,TOWNS,STREET,7,20.0
35208,1,6,130,5,3,100.0,0,N,MELB_URBAN,FREEWAY,7,18.0
35209,1,6,110,1,3,50.0,0,I,LARGE_PROVINCIAL_CITIES,STREET,7,19.0
35210,1,5,116,2,9,70.0,0,I,MELB_URBAN,ROAD,6,8.0
35211,1,6,130,5,2,100.0,0,N,MELB_URBAN,FREEWAY,7,17.0
35212,4,6,173,5,1,70.0,0,N,MELB_URBAN,ROAD,7,15.0
35213,1,5,135,5,3,80.0,0,N,MELB_URBAN,UNKNOWN,7,19.0
35214,2,6,102,1,3,60.0,0,N,LARGE_PROVINCIAL_CITIES,STREET,7,19.0
35215,1,6,132,2,3,60.0,0,I,LARGE_PROVINCIAL_CITIES,ROAD,7,21.0
35216,1,7,110,1,1,80.0,0,I,RURAL_VICTORIA,ROAD,7,11.0
35217,1,6,130,2,1,80.0,0,I,RURAL_VICTORIA,RAMP,7,10.0
35218,6,5,174,1,2,60.0,0,I,MELB_URBAN,ROAD,7,8.0
35219,1,7,130,4,1,80.0,0,I,MELB_URBAN,ROAD,5,14.0
35220,1,6,130,5,1,50.0,0,N,MELB_URBAN,STREET,7,11.0
35221,1,4,130,5,2,80.0,0,N,MELB_URBAN,RAMP,7,7.0
35222,2,7,102,1,2,60.0,0,I,MELB_URBAN,STREET,7,8.0
35223,1,7,130,5,1,60.0,0,N,RURAL_VICTORIA,ROAD,7,13.0
35224,1,2,130,5,2,70.0,0,N,MELB_URBAN,ROAD,7,16.0
35225,1,6,130,5,3,100.0,0,N,MELB_URBAN,FREEWAY,7,18.0
35226,8,7,184,5,1,100.0,0,N,RURAL_VICTORIA,ROAD,8,10.0
35227,1,7,110,1,1,50.0,0,I,MELB_URBAN,ROAD,7,9.0
35228,1,2,135,5,2,100.0,0,N,MELB_URBAN,ROAD,3,21.0
35229,1,6,140,2,1,50.0,0,I,MELB_URBAN,DRIVE,7,13.0
35230,4,7,183,5,1,100.0,0,N,RURAL_VICTORIA,ROAD,7,12.0
35231,4,7,171,5,1,60.0,0,N,RURAL_VICTORIA,OTHER,7,11.0
35232,1,7,132,5,1,60.0,0,N,LARGE_PROVINCIAL_CITIES,ROAD,7,13.0
35233,4,7,171,5,1,50.0,0,N,MELB_URBAN,OTHER,7,15.0
35234,1,7,130,5,1,60.0,0,N,MELB_URBAN,ROAD,7,14.0
35235,4,7,183,5,1,100.0,1,N,RURAL_VICTORIA,ROAD,7,12.0
35236,1,7,99,2,2,60.0,0,I,MELB_URBAN,ROAD,7,16.0
35237,8,6,174,2,1,40.0,0,I,MELB_URBAN,STREET,4,11.0
35238,8,7,174,1,1,40.0,0,I,MELBOURNE_CBD,STREET,7,14.0
35239,1,7,99,1,3,50.0,0,I,MELB_URBAN,ROAD,7,17.0
35240,4,7,171,5,2,50.0,0,N,MELB_URBAN,OTHER,7,16.0
35241,1,6,113,2,3,60.0,0,I,MELB_URBAN,ROAD,7,19.0
35242,1,7,130,2,2,60.0,0,I,MELB_URBAN,HIGHWAY,7,16.0
35243,4,7,99,5,2,50.0,0,N,TOWNS,STREET,7,17.0
35244,1,5,121,1,2,60.0,0,I,MELB_URBAN,STREET,1,21.0
35245,1,7,160,2,3,40.0,0,I,MELB_URBAN,STREET,7,20.0
35246,1,7,130,2,2,60.0,0,I,MELB_URBAN,ROAD,7,18.0
35247,1,7,121,2,3,60.0,0,I,MELB_URBAN,ROAD,7,21.0
35248,1,7,134,5,3,70.0,0,N,MELB_URBAN,ROAD,7,20.0
35249,4,7,171,5,3,60.0,0,N,TOWNS,STREET,7,21.0
35250,1,7,113,1,3,60.0,0,I,MELB_URBAN,STREET,7,21.0
35251,1,7,130,5,3,100.0,0,N,MELB_URBAN,FREEWAY,7,22.0
35252,4,7,99,2,5,100.0,0,I,RURAL_VICTORIA,ROAD,7,2.0
35253,1,1,130,2,3,70.0,0,I,MELB_URBAN,STREET,7,0.0
35254,1,7,130,5,1,80.0,0,N,MELB_URBAN,FREEWAY,7,12.0
35255,1,6,121,2,1,50.0,0,I,MELB_URBAN,STREET,7,12.0
35256,1,5,99,2,2,50.0,0,I,MELB_URBAN,AVENUE,7,18.0
35257,1,7,130,1,3,60.0,0,I,MELB_URBAN,ROAD,4,19.0
35258,6,4,174,5,2,60.0,0,N,MELB_URBAN,PARADE,6,7.0
35259,1,1,130,5,1,80.0,0,N,MELB_URBAN,ROAD,7,10.0
35260,4,1,99,2,1,60.0,0,I,MELB_URBAN,STREET,7,12.0
35261,1,0,130,5,1,110.0,0,N,RURAL_VICTORIA,FREEWAY,7,12.0
35262,1,1,99,1,1,60.0,0,I,MELB_URBAN,ROAD,7,12.0
35263,1,1,130,5,1,70.0,0,N,MELB_URBAN,ROAD,7,13.0
35264,1,1,121,1,1,40.0,0,I,MELBOURNE_CBD,STREET,7,14.0
35265,1,7,110,1,3,80.0,0,I,MELB_URBAN,ROAD,7,19.0
35266,1,6,130,5,1,60.0,0,N,MELB_URBAN,STREET,7,12.0
35267,1,1,147,5,1,60.0,0,N,MELB_URBAN,ROAD,7,13.0
35268,8,1,184,5,1,60.0,0,N,RURAL_VICTORIA,OTHER,7,11.0
35269,1,1,163,5,1,40.0,0,N,MELB_URBAN,ROAD,7,14.0
35270,8,1,99,5,1,100.0,0,N,RURAL_VICTORIA,ROAD,7,9.0
35271,8,1,99,2,1,100.0,0,I,RURAL_VICTORIA,ROAD,7,11.0
35272,4,7,99,2,2,80.0,0,I,RURAL_VICTORIA,ROAD,7,17.0
35273,1,1,130,5,2,60.0,0,I,MELB_URBAN,ROAD,7,17.0
35274,1,1,147,2,3,80.0,0,I,MELB_URBAN,ROAD,5,0.0
35275,1,1,110,1,3,80.0,0,I,MELB_URBAN,HIGHWAY,7,20.0
35276,1,1,140,5,5,80.0,0,N,RURAL_VICTORIA,HIGHWAY,7,20.0
35277,1,1,99,5,2,60.0,0,N,MELB_URBAN,STREET,6,16.0
35278,1,7,130,1,1,80.0,0,I,MELB_URBAN,ROAD,7,12.0
35279,4,2,173,5,3,60.0,0,N,MELB_URBAN,ROAD,12,21.0
35280,1,6,130,1,3,60.0,0,I,LARGE_PROVINCIAL_CITIES,ROAD,7,22.0
35281,4,5,173,2,3,80.0,0,I,RURAL_VICTORIA,STREET,7,22.0
35282,2,7,100,1,3,40.0,0,I,MELB_URBAN,STREET,7,2.0
35283,1,1,121,2,1,60.0,0,N,MELB_URBAN,ROAD,7,15.0
35284,1,3,121,1,3,40.0,0,I,MELB_URBAN,STREET,7,20.0
35285,8,1,174,5,2,60.0,0,N,RURAL_VICTORIA,OTHER,7,16.0
35286,1,4,99,2,1,60.0,0,I,LARGE_PROVINCIAL_CITIES,ROAD,7,10.0
35287,8,7,174,5,1,60.0,0,N,RURAL_VICTORIA,OTHER,7,11.0
35288,4,1,171,5,2,100.0,0,N,RURAL_VICTORIA,ROAD,7,17.0
35289,1,2,160,1,2,50.0,0,N,MELB_URBAN,STREET,7,8.0
35290,1,2,99,2,1,90.0,0,I,MELB_URBAN,ROAD,7,10.0
35291,1,2,130,2,2,80.0,0,I,MELB_URBAN,ROAD,7,8.0
35292,1,1,133,5,3,60.0,0,N,MELB_URBAN,STREET,12,2.0
35293,4,2,181,5,1,60.0,0,N,SMALL_CITIES,STREET,7,10.0
35294,1,3,130,2,1,60.0,0,I,MELB_URBAN,STREET,7,12.0
35295,1,2,163,5,1,60.0,0,N,MELB_URBAN,ROAD,7,9.0
35296,1,2,130,1,2,60.0,0,I,MELB_URBAN,ROAD,6,16.0
35297,1,6,130,2,1,60.0,0,I,MELB_URBAN,ROAD,6,9.0
35298,1,2,116,1,1,60.0,0,I,LARGE_PROVINCIAL_CITIES,ROAD,7,13.0
35299,1,2,135,5,1,100.0,0,N,MELB_URBAN,ROAD,7,13.0
35300,6,2,174,2,1,60.0,0,I,MELB_URBAN,FREEWAY,7,12.0
35301,1,7,116,1,6,60.0,0,I,MELB_URBAN,PARADE,7,19.0
35302,1,2,99,5,1,70.0,0,N,RURAL_VICTORIA,ROAD,7,14.0
35303,1,5,110,1,3,50.0,0,I,SMALL_CITIES,AVENUE,7,21.0
35304,6,2,99,5,1,100.0,0,N,RURAL_VICTORIA,ROAD,7,15.0
35305,6,7,184,5,1,60.0,0,N,RURAL_VICTORIA,OTHER,7,11.0
35306,1,6,130,5,3,70.0,0,N,MELB_URBAN,ROAD,7,21.0
35307,1,1,121,5,1,80.0,0,N,MELB_URBAN,HIGHWAY,7,13.0
35308,1,7,160,5,6,50.0,0,N,TOWNS,DRIVE,8,18.0
35309,1,5,130,5,1,60.0,0,N,MELB_URBAN,ROAD,7,10.0
35310,1,2,110,1,1,90.0,0,I,RURAL_VICTORIA,ROAD,7,15.0
35311,2,6,99,1,1,60.0,0,I,MELB_URBAN,HIGHWAY,7,13.0
35312,1,2,160,5,3,60.0,0,N,LARGE_PROVINCIAL_CITIES,ROAD,7,0.0
35313,8,2,174,5,2,60.0,0,N,MELB_URBAN,ROAD,7,17.0
35314,1,2,99,5,3,50.0,0,N,MELB_URBAN,ROAD,7,17.0
35315,1,7,147,5,1,50.0,0,N,TOWNS,STREET,7,12.0
35316,4,2,181,5,1,60.0,0,N,RURAL_VICTORIA,ROAD,7,15.0
35317,4,4,181,5,1,110.0,0,N,RURAL_VICTORIA,FREEWAY,7,15.0
35318,4,6,183,5,5,60.0,0,N,RURAL_VICTORIA,OTHER,7,20.0
35319,4,2,171,5,2,70.0,0,N,MELB_URBAN,ROAD,7,18.0
35320,1,2,160,2,3,60.0,0,I,MELB_URBAN,STREET,7,21.0
35321,4,2,173,5,1,110.0,0,N,RURAL_VICTORIA,FREEWAY,6,13.0
35322,4,5,171,1,3,60.0,0,I,MELB_URBAN,STREET,7,5.0
35323,1,3,99,5,3,60.0,0,N,MELB_URBAN,DRIVE,7,5.0
35324,1,5,99,5,2,70.0,0,N,TOWNS,ROAD,7,16.0
35325,1,2,121,2,2,60.0,0,I,MELB_URBAN,ROAD,7,6.0
35326,5,3,99,4,1,80.0,0,N,MELB_URBAN,HIGHWAY,6,13.0
35327,1,3,121,2,2,40.0,0,I,MELB_URBAN,STREET,7,8.0
35328,3,5,167,5,5,100.0,0,N,RURAL_VICTORIA,FREEWAY,7,5.0
35329,2,3,102,5,1,40.0,0,N,MELB_URBAN,STREET,7,9.0
35330,2,2,102,5,1,60.0,0,N,MELB_URBAN,ROAD,7,8.0
35331,1,5,130,5,1,60.0,0,N,MELB_URBAN,ROAD,7,15.0
35332,1,3,99,5,1,60.0,0,N,MELB_URBAN,STREET,7,12.0
35333,8,4,174,5,2,100.0,0,N,RURAL_VICTORIA,ROAD,7,8.0
35334,1,7,147,5,2,60.0,0,N,MELB_URBAN,ROAD,7,19.0
35335,2,3,100,5,1,60.0,0,N,MELB_URBAN,STREET,7,9.0
35336,1,3,140,2,1,60.0,0,I,MELB_URBAN,ROAD,7,10.0
35337,1,3,130,5,2,80.0,0,N,RURAL_VICTORIA,FREEWAY,7,7.0
35338,1,3,135,5,1,60.0,0,N,MELB_URBAN,ROAD,6,11.0
35339,1,4,121,2,1,40.0,0,I,MELB_URBAN,ROAD,12,14.0
35340,1,3,130,5,2,100.0,0,N,MELB_URBAN,ROAD,6,17.0
35341,1,1,130,1,2,70.0,0,I,MELB_URBAN,ROAD,7,17.0
35342,1,3,147,5,1,50.0,0,N,TOWNS,STREET,7,14.0
35343,1,4,111,2,1,70.0,0,I,MELB_URBAN,ROAD,11,17.0
35344,6,1,99,5,1,60.0,0,N,RURAL_VICTORIA,ROAD,4,13.0
35345,1,3,116,2,2,50.0,0,I,MELB_URBAN,OTHER,7,18.0
35346,2,3,102,1,3,60.0,0,I,MELB_URBAN,ROAD,7,19.0
35347,4,3,171,1,3,50.0,0,I,MELB_URBAN,ROAD,7,19.0
35348,1,4,130,1,2,60.0,0,I,MELB_URBAN,ROAD,6,6.0
35349,1,2,130,5,3,60.0,0,N,MELB_URBAN,HIGHWAY,7,18.0
35350,1,3,160,2,2,50.0,0,I,MELB_URBAN,STREET,7,18.0
35351,1,3,113,2,1,60.0,0,I,MELB_URBAN,ROAD,7,15.0
35352,4,3,173,5,5,60.0,0,N,MELB_URBAN,ROAD,7,23.0
35353,2,4,99,1,2,40.0,0,I,MELB_URBAN,ROAD,7,8.0
35354,4,1,173,2,3,50.0,0,I,MELB_URBAN,STREET,8,23.0
35355,1,7,120,5,1,60.0,0,N,TOWNS,ROAD,12,11.0
35356,8,3,174,1,2,60.0,0,I,MELB_URBAN,STREET,7,8.0
35357,1,4,133,5,1,60.0,0,N,MELB_URBAN,ROAD,7,9.0
35358,2,7,100,1,2,50.0,0,I,MELB_URBAN,HIGHWAY,6,18.0
35359,1,4,99,5,1,70.0,0,N,MELB_URBAN,ROAD,5,15.0
35360,1,4,121,5,1,60.0,0,N,MELB_URBAN,ROAD,7,9.0
35361,1,4,110,1,2,50.0,0,I,MELB_URBAN,AVENUE,7,8.0
35362,1,4,134,5,1,80.0,0,N,MELB_URBAN,FREEWAY,7,9.0
35363,1,3,130,2,2,60.0,0,N,MELB_URBAN,ROAD,7,16.0
35364,1,4,130,5,2,70.0,0,N,MELB_URBAN,RAMP,4,17.0
35365,2,4,100,5,1,60.0,0,N,SMALL_CITIES,STREET,7,11.0
35366,1,4,130,5,2,80.0,0,N,MELB_URBAN,HIGHWAY,7,7.0
35367,2,4,102,1,1,60.0,0,I,LARGE_PROVINCIAL_CITIES,STREET,7,9.0
35368,8,1,174,1,3,80.0,0,I,MELB_URBAN,RAMP,6,0.0
35369,2,1,100,1,1,50.0,0,I,MELB_URBAN,STREET,7,11.0