,accident_type,day_of_week,dca_code,road_geometry,light_condition,speed_zone,severity,node_type,deg_urban_name,road_type,month,hour
35370,1,4,113,2,1,60.0,0,I,MELB_URBAN,ROAD,7,11.0
35371,1,2,111,1,2,80.0,0,I,MELB_URBAN,ROAD,7,7.0
35372,1,3,135,5,1,60.0,0,N,MELB_URBAN,ROAD,6,13.0
35373,1,4,130,5,1,60.0,0,N,LARGE_PROVINCIAL_CITIES,ROAD,7,11.0
35374,4,4,171,5,9,60.0,0,N,MELB_URBAN,OTHER,7,1.0
35375,1,4,133,2,1,100.0,0,N,MELB_URBAN,UNKNOWN,7,11.0
35376,4,4,171,5,2,100.0,0,N,RURAL_VICTORIA,HIGHWAY,7,6.0
35377,4,5,171,5,1,60.0,0,N,MELB_URBAN,RAMP,5,10.0
35378,3,5,167,5,2,60.0,0,N,RURAL_VICTORIA,ROAD,5,18.0
35379,1,4,135,5,1,100.0,0,N,MELB_URBAN,FREEWAY,7,9.0
35380,6,4,170,5,1,100.0,0,N,RURAL_VICTORIA,ROAD,7,13.0
35381,1,4,121,1,1,50.0,0,I,MELB_URBAN,STREET,7,15.0
35382,1,4,121,2,1,50.0,0,I,MELB_URBAN,OTHER,7,10.0
35383,1,4,163,5,2,60.0,0,N,MELB_URBAN,STREET,7,17.0
35384,2,4,99,5,2,40.0,0,N,MELB_URBAN,STREET,7,17.0
35385,1,4,130,5,2,60.0,0,N,LARGE_PROVINCIAL_CITIES,STREET,7,17.0
35386,4,4,181,5,2,100.0,0,N,RURAL_VICTORIA,ROAD,7,16.0
35387,1,4,135,5,2,80.0,0,N,MELB_URBAN,HIGHWAY,7,16.0
35388,1,5,130,1,1,60.0,0,I,MELB_URBAN,HIGHWAY,5,8.0
35389,1,4,130,5,1,60.0,0,N,MELB_URBAN,ROAD,2,13.0
35390,1,4,130,2,2,80.0,0,I,MELB_URBAN,ROAD,7,16.0
35391,1,4,130,5,2,100.0,0,N,MELB_URBAN,ROAD,7,18.0
35392,1,3,113,2,2,80.0,0,I,SMALL_CITIES,ROAD,7,17.0
35393,1,4,120,5,1,80.0,0,N,MELB_URBAN,ROAD,7,12.0
35394,1,4,113,2,2,80.0,0,I,MELB_URBAN,ROAD,7,7.0
35395,1,4,121,1,3,70.0,0,I,MELB_URBAN,ROAD,7,17.0
35396,1,4,121,2,2,70.0,0,I,MELB_URBAN,ROAD,7,17.0
35397,1,4,99,5,3,70.0,0,N,MELB_URBAN,ROAD,7,19.0
35398,1,4,120,5,2,80.0,0,N,RURAL_VICTORIA,ROAD,7,17.0
35399,4,4,181,5,3,80.0,0,N,RURAL_VICTORIA,ROAD,7,20.0
35400,1,4,120,5,2,70.0,0,N,MELB_URBAN,ROAD,7,16.0
35401,1,4,130,5,2,60.0,0,N,MELB_URBAN,STREET,7,17.0
35402,1,4,130,5,3,80.0,0,N,MELB_URBAN,UNKNOWN,7,18.0
35403,1,4,116,2,2,80.0,0,N,MELB_URBAN,ROAD,7,17.0
35404,4,4,99,5,3,50.0,0,N,MELB_URBAN,ROAD,7,23.0
35405,4,4,171,5,5,60.0,0,N,RURAL_VICTORIA,ROAD,7,23.0
35406,4,5,171,5,3,70.0,1,N,MELB_URBAN,ROAD,7,2.0
35407,2,3,99,1,1,60.0,0,I,MELB_URBAN,ROAD,7,10.0
35408,1,1,147,5,1,50.0,0,N,MELB_URBAN,ROAD,7,13.0
35409,4,4,173,5,5,110.0,0,N,RURAL_VICTORIA,ROAD,7,5.0
35410,1,3,132,2,2,60.0,0,I,MELB_URBAN,STREET,7,16.0
35411,1,2,111,2,1,50.0,0,I,MELB_URBAN,STREET,4,11.0
35412,4,4,173,5,1,60.0,0,N,RURAL_VICTORIA,STREET,7,15.0
35413,1,2,121,2,2,50.0,0,I,SMALL_CITIES,ROAD,7,6.0
35414,1,5,135,2,2,100.0,0,N,MELB_URBAN,UNKNOWN,7,6.0
35415,6,3,174,1,1,70.0,0,N,MELB_URBAN,ROAD,4,15.0
35416,8,4,174,5,1,100.0,0,N,RURAL_VICTORIA,ROAD,7,13.0
35417,1,5,113,2,2,60.0,0,I,MELB_URBAN,STREET,7,7.0
35418,1,4,130,5,2,80.0,0,N,MELB_URBAN,HIGHWAY,6,7.0
35419,1,5,110,1,1,80.0,0,I,RURAL_VICTORIA,HIGHWAY,7,9.0
35420,1,5,132,2,2,60.0,0,N,SMALL_CITIES,AVENUE,7,8.0
35421,1,5,133,5,2,40.0,0,N,SMALL_TOWNS,FREEWAY,7,8.0
35422,1,5,140,2,1,80.0,0,I,MELB_URBAN,HIGHWAY,7,9.0
35423,1,4,130,1,1,60.0,0,I,MELB_URBAN,STREET,7,14.0
35424,8,2,99,5,2,60.0,0,N,MELB_URBAN,STREET,6,17.0
35425,1,5,130,5,2,100.0,0,N,MELB_URBAN,FREEWAY,7,8.0
35426,1,5,99,5,1,60.0,0,N,TOWNS,UNKNOWN,7,10.0
35427,8,1,174,5,1,80.0,0,N,RURAL_VICTORIA,ROAD,6,11.0
35428,1,5,147,5,1,60.0,0,N,MELB_URBAN,ROAD,7,11.0
35429,1,5,110,1,1,80.0,0,I,RURAL_VICTORIA,FREEWAY,7,12.0
35430,1,5,113,2,2,80.0,0,I,MELB_URBAN,ROAD,7,7.0
35431,2,5,100,2,1,50.0,0,I,MELB_URBAN,ROAD,7,11.0
35432,1,5,140,1,1,60.0,0,I,LARGE_PROVINCIAL_CITIES,ROAD,7,9.0
35433,1,5,147,2,1,60.0,0,I,MELB_URBAN,ROAD,7,14.0
35434,1,5,99,1,1,50.0,0,I,MELB_URBAN,ROAD,7,14.0
35435,2,5,100,2,1,60.0,0,I,MELB_URBAN,PARADE,7,10.0
35436,1,3,130,2,1,80.0,0,I,RURAL_VICTORIA,STREET,5,8.0
35437,1,4,132,5,2,60.0,0,N,MELB_URBAN,ROAD,6,16.0
35438,4,1,171,5,1,50.0,0,N,MELB_URBAN,DRIVE,6,13.0
35439,1,5,130,5,1,80.0,0,N,MELB_URBAN,ROAD,7,15.0
35440,1,5,121,2,2,50.0,0,I,MELB_URBAN,ROAD,7,16.0
35441,1,4,130,5,3,100.0,0,N,MELB_URBAN,FREEWAY,7,7.0
35442,1,5,121,1,3,60.0,0,N,MELB_URBAN,ROAD,7,19.0
35443,1,5,134,5,1,40.0,0,N,MELBOURNE_CBD,STREET,7,15.0
35444,8,4,174,2,1,40.0,0,I,MELB_URBAN,STREET,7,13.0
35445,1,5,160,1,3,60.0,0,I,MELB_URBAN,STREET,7,19.0
35446,1,5,121,2,2,80.0,0,N,RURAL_VICTORIA,HIGHWAY,7,18.0
35447,2,5,99,5,5,80.0,0,I,MELB_URBAN,FREEWAY,7,22.0
35448,7,6,99,2,1,30.0,0,N,MELB_URBAN,DRIVE,5,8.0
35449,1,3,160,5,3,50.0,0,N,MELB_URBAN,STREET,7,18.0
35450,1,5,113,2,3,60.0,0,I,LARGE_PROVINCIAL_CITIES,ROAD,7,18.0
35451,2,6,100,2,3,60.0,0,I,MELB_URBAN,ROAD,7,6.0
35452,1,6,111,2,2,80.0,0,I,MELB_URBAN,ROAD,7,8.0
35453,4,6,173,5,5,100.0,0,N,RURAL_VICTORIA,ROAD,7,6.0
35454,1,5,116,1,1,80.0,0,I,LARGE_PROVINCIAL_CITIES,HIGHWAY,7,9.0
35455,1,6,110,1,2,80.0,0,I,LARGE_PROVINCIAL_CITIES,HIGHWAY,7,7.0
35456,1,7,130,1,3,50.0,0,I,MELB_URBAN,STREET,7,18.0
35457,1,6,99,1,9,50.0,0,I,MELB_URBAN,ROAD,7,7.0
35458,1,6,99,1,1,60.0,0,I,MELB_URBAN,ROAD,7,10.0
35459,1,5,116,2,1,80.0,0,I,RURAL_VICTORIA,RAMP,7,9.0
35460,4,5,173,5,5,100.0,0,N,RURAL_VICTORIA,ROAD,7,19.0
35461,1,6,110,1,1,60.0,0,I,MELB_URBAN,ROAD,7,10.0
35462,1,2,163,5,1,60.0,0,N,MELB_URBAN,STREET,2,12.0
35463,8,1,174,5,1,60.0,0,N,RURAL_VICTORIA,ROAD,5,15.0
35464,1,6,130,5,1,40.0,0,N,LARGE_PROVINCIAL_CITIES,ROAD,7,9.0
35465,1,5,99,2,2,40.0,0,I,MELB_URBAN,STREET,7,17.0
35466,1,6,160,5,2,50.0,0,N,MELB_URBAN,ROAD,7,8.0
35467,2,6,100,5,1,60.0,0,N,MELB_URBAN,OTHER,7,13.0
35468,1,6,99,2,1,70.0,0,I,MELB_URBAN,ROAD,7,9.0
35469,2,6,100,5,1,50.0,0,N,LARGE_PROVINCIAL_CITIES,STREET,7,14.0
35470,8,5,170,5,3,70.0,0,N,MELB_URBAN,ROAD,7,20.0
35471,1,7,113,2,1,50.0,0,I,MELB_URBAN,OTHER,6,14.0
35472,1,6,110,1,1,100.0,0,I,RURAL_VICTORIA,ROAD,7,15.0
35473,1,6,130,5,2,60.0,0,N,RURAL_VICTORIA,HIGHWAY,7,17.0
35474,1,6,99,2,1,100.0,0,I,RURAL_VICTORIA,ROAD,7,15.0
35475,1,6,99,2,1,50.0,0,I,MELB_URBAN,OTHER,7,15.0
35476,8,4,184,5,1,100.0,0,N,RURAL_VICTORIA,ROAD,12,14.0
35477,4,6,173,5,3,50.0,0,N,SMALL_CITIES,DRIVE,7,17.0
35478,2,6,102,2,3,50.0,0,I,MELB_URBAN,STREET,7,19.0
35479,1,5,99,5,2,60.0,0,N,MELB_URBAN,STREET,7,17.0
35480,1,6,113,2,2,60.0,1,I,SMALL_CITIES,STREET,7,17.0
35481,4,6,173,5,3,60.0,0,N,MELB_URBAN,STREET,7,20.0
35482,4,6,171,5,5,80.0,0,N,RURAL_VICTORIA,ROAD,7,21.0
35483,1,4,130,5,2,80.0,0,N,MELB_URBAN,ROAD,7,7.0
35484,1,4,99,2,2,50.0,0,I,MELB_URBAN,ROAD,7,18.0
35485,1,7,120,5,3,70.0,0,N,MELB_URBAN,ROAD,7,0.0
35486,1,6,130,5,3,60.0,0,N,MELB_URBAN,ROAD,7,22.0
35487,1,6,130,5,3,80.0,0,N,MELB_URBAN,ROAD,7,23.0
35488,4,7,171,5,3,60.0,0,N,MELB_URBAN,ROAD,7,3.0
35489,1,5,121,4,3,60.0,0,I,MELB_URBAN,ROAD,7,22.0
35490,6,7,184,5,2,100.0,0,N,RURAL_VICTORIA,AVENUE,7,6.0
35491,8,7,174,5,2,40.0,0,N,MELB_URBAN,STREET,7,8.0
35492,1,6,132,2,1,70.0,0,I,MELB_URBAN,ROAD,7,14.0
35493,1,7,147,5,1,60.0,0,N,SMALL_CITIES,STREET,7,10.0
35494,2,7,99,2,1,50.0,0,N,MELB_URBAN,ROAD,7,10.0
35495,4,7,183,5,2,60.0,0,N,MELB_URBAN,ROAD,7,8.0
35496,8,1,174,5,1,60.0,0,N,RURAL_VICTORIA,ROAD,6,12.0
35497,2,6,102,1,3,60.0,0,I,MELB_URBAN,UNKNOWN,7,21.0
35498,1,7,130,5,1,60.0,0,N,MELB_URBAN,STREET,7,12.0
35499,1,1,99,5,1,60.0,0,N,MELB_URBAN,STREET,3,13.0
35500,2,2,99,5,1,50.0,0,N,MELB_URBAN,DRIVE,6,12.0
35501,4,7,173,5,1,80.0,0,N,MELB_URBAN,HIGHWAY,7,9.0
35502,1,7,132,5,1,60.0,0,N,MELB_URBAN,ROAD,7,12.0
35503,1,7,113,2,1,60.0,0,I,MELB_URBAN,ROAD,7,9.0
35504,1,7,121,1,1,40.0,0,I,MELBOURNE_CBD,STREET,7,9.0
35505,1,7,130,5,1,60.0,0,N,MELB_URBAN,RAMP,7,13.0
35506,1,7,99,2,1,60.0,0,I,MELB_URBAN,ROAD,7,9.0
35507,1,6,116,1,2,50.0,0,I,MELB_URBAN,STREET,7,17.0
35508,1,7,130,5,1,80.0,0,N,MELB_URBAN,ROAD,7,13.0
35509,8,7,174,5,1,60.0,0,N,LARGE_PROVINCIAL_CITIES,ROAD,7,10.0
35510,1,4,130,2,2,80.0,0,N,MELB_URBAN,ROAD,6,18.0
35511,1,7,121,2,2,50.0,0,I,SMALL_CITIES,STREET,7,17.0
35512,8,7,99,5,1,50.0,0,N,RURAL_VICTORIA,ROAD,7,14.0
35513,1,7,99,5,2,70.0,0,N,LARGE_PROVINCIAL_CITIES,OTHER,7,17.0
35514,1,7,113,2,1,70.0,1,I,MELB_URBAN,ROAD,7,15.0
35515,1,7,163,5,3,60.0,0,N,MELB_URBAN,ROAD,7,19.0
35516,1,5,111,1,3,50.0,0,I,MELB_URBAN,STREET,7,20.0
35517,1,3,116,2,2,60.0,0,I,MELB_URBAN,ROAD,7,17.0
35518,1,7,120,5,2,100.0,0,N,RURAL_VICTORIA,ROAD,7,16.0
35519,1,7,130,5,5,40.0,0,N,RURAL_VICTORIA,ROAD,7,19.0
35520,1,7,140,5,3,50.0,0,N,MELB_URBAN,PARADE,7,19.0
35521,4,7,173,5,5,80.0,0,N,RURAL_VICTORIA,ROAD,7,20.0
35522,1,7,134,5,3,80.0,0,N,MELB_URBAN,HIGHWAY,7,21.0
35523,1,6,121,1,4,60.0,0,I,MELB_URBAN,ROAD,7,23.0
35524,6,7,174,5,1,50.0,0,N,MELB_URBAN,OTHER,7,12.0
35525,4,2,171,5,1,50.0,0,N,SMALL_CITIES,STREET,3,12.0
35526,1,1,110,1,2,60.0,0,I,TOWNS,STREET,7,8.0
35527,6,1,184,5,2,70.0,0,N,RURAL_VICTORIA,ROAD,7,8.0
35528,1,3,130,1,9,40.0,0,I,MELB_URBAN,ROAD,5,12.0
35529,1,1,99,2,2,60.0,0,I,MELB_URBAN,PARADE,7,8.0
35530,1,1,121,1,1,40.0,0,I,MELB_URBAN,STREET,7,9.0
35531,1,5,99,1,1,50.0,0,I,MELB_URBAN,OTHER,7,11.0
35532,1,1,163,5,1,40.0,0,N,MELB_URBAN,ROAD,7,12.0
35533,6,1,174,5,1,80.0,0,N,MELB_URBAN,ROAD,7,11.0
35534,1,1,110,1,1,60.0,0,I,LARGE_PROVINCIAL_CITIES,STREET,7,13.0
35535,4,1,173,5,2,100.0,0,N,RURAL_VICTORIA,ROAD,7,7.0
35536,4,1,171,1,1,60.0,0,I,MELB_URBAN,STREET,7,14.0
35537,1,1,113,1,1,60.0,0,I,MELB_URBAN,AVENUE,7,13.0
35538,4,7,173,2,3,50.0,0,I,MELB_URBAN,STREET,7,20.0
35539,1,1,140,5,1,60.0,0,N,MELB_URBAN,STREET,7,15.0
35540,1,1,134,5,1,80.0,0,N,MELB_URBAN,FREEWAY,7,15.0
35541,6,1,174,5,1,50.0,0,N,SMALL_TOWNS,STREET,7,14.0
35542,4,7,171,5,5,60.0,0,N,SMALL_CITIES,STREET,7,21.0
35543,1,1,132,5,5,100.0,0,N,RURAL_VICTORIA,ROAD,7,18.0
35544,1,1,121,1,3,60.0,0,I,MELB_URBAN,ROAD,7,18.0
35545,1,7,130,1,1,50.0,0,I,MELB_URBAN,STREET,7,11.0
35546,1,1,132,2,3,60.0,0,I,MELB_URBAN,ROAD,7,22.0
35547,1,1,113,2,3,70.0,0,I,MELB_URBAN,ROAD,7,20.0
35548,1,1,135,5,5,100.0,0,N,RURAL_VICTORIA,FREEWAY,7,19.0
35549,4,1,181,5,3,50.0,0,N,MELB_URBAN,STREET,7,4.0
35550,1,1,121,1,2,70.0,0,I,MELB_URBAN,ROAD,3,17.0
35551,8,3,174,5,2,60.0,0,N,MELB_URBAN,ROAD,5,17.0
35552,2,2,102,1,3,80.0,0,I,MELB_URBAN,ROAD,7,7.0
35553,1,1,160,5,3,50.0,0,N,MELB_URBAN,DRIVE,7,22.0
35554,4,2,171,2,1,50.0,0,I,MELB_URBAN,STREET,7,9.0
35555,1,2,160,5,1,50.0,0,N,MELB_URBAN,STREET,7,9.0
35556,1,2,121,2,2,80.0,0,N,MELB_URBAN,ROAD,7,8.0
35557,1,2,130,5,1,70.0,0,N,SMALL_CITIES,PARADE,7,10.0
35558,2,2,99,5,2,50.0,0,N,MELB_URBAN,STREET,7,7.0
35559,1,4,130,1,1,50.0,0,I,LARGE_PROVINCIAL_CITIES,STREET,7,10.0
35560,1,7,163,5,6,60.0,0,N,MELB_URBAN,STREET,7,0.0
35561,1,2,110,1,1,50.0,0,I,MELB_URBAN,STREET,7,13.0
35562,1,6,130,2,1,60.0,0,N,MELB_URBAN,STREET,7,11.0
35563,1,7,130,5,1,60.0,0,N,MELB_URBAN,STREET,7,12.0
35564,1,7,113,2,1,50.0,0,I,SMALL_CITIES,AVENUE,7,11.0
35565,1,2,130,5,1,60.0,0,N,MELB_URBAN,PARADE,7,14.0
35566,5,6,99,5,1,100.0,0,N,RURAL_VICTORIA,ROAD,6,13.0
35567,8,7,174,2,1,50.0,0,I,RURAL_VICTORIA,OTHER,7,12.0
35568,1,1,110,1,1,50.0,0,I,LARGE_PROVINCIAL_CITIES,STREET,6,15.0
35569,1,1,99,5,3,40.0,0,N,MELB_URBAN,STREET,7,19.0
35570,8,2,174,5,3,60.0,0,N,MELB_URBAN,HIGHWAY,7,17.0
35571,1,2,130,2,1,80.0,0,I,MELB_URBAN,HIGHWAY,7,15.0
35572,1,2,121,2,2,60.0,0,I,MELB_URBAN,PARADE,7,17.0
35573,1,2,160,5,2,50.0,0,N,MELB_URBAN,OTHER,7,16.0
35574,1,2,130,5,6,40.0,0,N,MELB_URBAN,ROAD,7,17.0
35575,1,2,110,1,2,50.0,0,I,MELB_URBAN,STREET,7,17.0
35576,1,4,116,2,2,60.0,0,I,MELB_URBAN,ROAD,7,6.0
35577,1,2,116,2,3,70.0,0,I,MELB_URBAN,HIGHWAY,7,19.0
35578,4,2,181,5,2,40.0,0,N,MELB_URBAN,ROAD,7,16.0
35579,3,2,167,5,2,100.0,0,N,RURAL_VICTORIA,ROAD,7,18.0
35580,1,2,110,1,3,50.0,0,I,TOWNS,STREET,7,19.0
35581,1,2,120,1,3,60.0,0,I,TOWNS,STREET,7,20.0
35582,2,2,99,5,2,40.0,0,N,MELB_URBAN,STREET,7,18.0
35583,1,2,130,2,1,60.0,0,I,MELB_URBAN,AVENUE,7,13.0
35584,4,4,171,5,1,100.0,0,N,RURAL_VICTORIA,HIGHWAY,7,11.0
35585,1,1,116,1,3,100.0,0,I,RURAL_VICTORIA,ROAD,7,19.0
35586,8,3,184,5,2,100.0,0,N,MELB_URBAN,FREEWAY,7,7.0
35587,1,2,121,1,1,80.0,0,N,MELB_URBAN,HIGHWAY,7,13.0
35588,1,4,121,1,3,60.0,0,N,SMALL_CITIES,STREET,7,0.0
35589,1,7,116,2,1,60.0,0,I,SMALL_CITIES,ROAD,7,15.0
35590,1,3,130,5,1,70.0,0,N,MELB_URBAN,ROAD,8,15.0
35591,1,3,130,5,2,100.0,0,N,MELB_URBAN,FREEWAY,7,7.0
35592,4,3,171,5,2,50.0,0,N,MELB_URBAN,DRIVE,7,7.0
35593,1,3,132,1,2,90.0,0,I,RURAL_VICTORIA,ROAD,7,7.0
35594,1,3,130,5,1,100.0,0,N,MELB_URBAN,FREEWAY,7,9.0
35595,4,1,181,5,1,80.0,0,N,TOWNS,ROAD,10,11.0
35596,1,3,110,1,1,100.0,0,I,RURAL_VICTORIA,ROAD,7,9.0
35597,4,3,173,5,2,80.0,0,N,RURAL_VICTORIA,ROAD,7,5.0
35598,9,2,99,5,2,30.0,0,N,SMALL_TOWNS,ROAD,7,16.0
35599,2,3,99,5,1,40.0,0,N,MELB_URBAN,STREET,7,10.0
35600,1,2,110,1,2,80.0,0,N,RURAL_VICTORIA,ROAD,7,8.0
35601,6,3,174,5,1,100.0,0,N,RURAL_VICTORIA,ROAD,7,15.0
35602,1,2,113,2,1,50.0,0,I,MELB_URBAN,OTHER,7,11.0
35603,6,3,174,5,1,50.0,0,N,MELB_URBAN,STREET,7,10.0
35604,1,3,121,1,1,60.0,0,I,MELB_URBAN,STREET,7,9.0
35605,4,2,183,5,1,100.0,0,N,RURAL_VICTORIA,HIGHWAY,7,15.0
35606,1,3,99,1,1,60.0,0,I,SMALL_CITIES,STREET,7,9.0
35607,6,3,170,5,2,110.0,0,N,RURAL_VICTORIA,FREEWAY,7,6.0
35608,1,3,130,1,1,60.0,0,I,MELB_URBAN,OTHER,7,15.0
35609,1,3,121,2,1,50.0,0,I,MELB_URBAN,OTHER,7,13.0
35610,2,3,100,5,1,60.0,0,N,SMALL_CITIES,ROAD,7,14.0
35611,1,3,110,1,2,50.0,0,I,LARGE_PROVINCIAL_CITIES,STREET,7,16.0
35612,1,3,99,2,1,70.0,0,I,MELB_URBAN,ROAD,7,11.0
35613,1,6,121,1,1,80.0,0,I,SMALL_TOWNS,ROAD,6,15.0
35614,1,3,116,2,2,50.0,0,I,MELB_URBAN,DRIVE,7,16.0
35615,2,3,102,5,2,30.0,0,N,MELB_URBAN,ROAD,7,16.0
35616,1,2,121,2,2,80.0,0,I,MELB_URBAN,ROAD,7,17.0
35617,1,3,113,2,2,60.0,0,I,MELB_URBAN,ROAD,7,18.0
35618,1,2,121,1,3,60.0,0,I,SMALL_CITIES,ROAD,7,18.0
35619,1,3,121,1,3,60.0,0,I,MELB_URBAN,ROAD,7,18.0
35620,4,2,171,2,3,80.0,0,I,MELB_URBAN,HIGHWAY,6,22.0
35621,4,3,171,5,2,50.0,0,N,MELB_URBAN,OTHER,7,18.0
35622,4,3,173,5,1,100.0,0,N,RURAL_VICTORIA,ROAD,7,15.0
35623,1,3,99,1,2,70.0,0,I,MELB_URBAN,ROAD,6,6.0
35624,1,3,110,1,1,50.0,0,I,SMALL_CITIES,STREET,7,15.0
35625,1,3,121,1,3,60.0,0,I,MELB_URBAN,ROAD,7,21.0
35626,8,3,99,5,2,50.0,0,N,MELB_URBAN,AVENUE,7,18.0
35627,1,3,120,5,1,50.0,0,N,MELB_URBAN,DRIVE,7,9.0
35628,4,3,171,5,3,100.0,0,I,MELB_URBAN,FREEWAY,7,23.0
35629,4,4,171,5,5,70.0,0,N,RURAL_VICTORIA,ROAD,7,5.0
35630,8,6,174,5,5,90.0,0,N,RURAL_VICTORIA,ROAD,7,20.0
35631,1,3,99,2,2,60.0,0,I,MELB_URBAN,DRIVE,7,8.0
35632,4,4,183,5,2,100.0,0,N,RURAL_VICTORIA,ROAD,7,8.0
35633,1,6,163,5,1,40.0,0,N,MELB_URBAN,STREET,6,12.0
35634,1,5,130,2,6,50.0,0,I,MELB_URBAN,AVENUE,6,23.0
35635,1,3,121,1,3,60.0,0,I,MELB_URBAN,ROAD,7,19.0
35636,6,4,99,5,1,80.0,0,N,RURAL_VICTORIA,ROAD,7,10.0
35637,4,3,173,5,5,100.0,0,N,RURAL_VICTORIA,ROAD,7,5.0
35638,1,5,130,1,1,60.0,0,I,RURAL_VICTORIA,ROAD,7,13.0
35639,1,4,134,5,1,40.0,0,N,MELBOURNE_CBD,STREET,7,11.0
35640,1,3,163,5,2,40.0,0,N,MELB_URBAN,STREET,7,17.0
35641,6,6,174,2,1,50.0,0,I,MELB_URBAN,STREET,4,9.0
35642,2,4,99,5,1,60.0,0,N,MELB_URBAN,ROAD,7,12.0
35643,1,4,121,2,2,100.0,0,I,RURAL_VICTORIA,OTHER,7,8.0
35644,1,3,132,2,1,80.0,0,I,MELB_URBAN,ROAD,7,11.0
35645,4,3,173,5,1,50.0,0,N,RURAL_VICTORIA,BOULEVARD,7,12.0
35646,4,7,173,5,9,60.0,0,N,RURAL_VICTORIA,OTHER,5,6.0
35647,1,4,147,5,1,60.0,0,N,MELB_URBAN,STREET,7,14.0
35648,1,2,110,1,2,50.0,0,I,MELB_URBAN,ROAD,3,17.0
35649,2,1,99,5,3,60.0,0,N,MELB_URBAN,UNKNOWN,5,20.0
35650,6,4,174,2,1,70.0,0,N,MELB_URBAN,STREET,7,19.0
35651,1,4,121,2,1,60.0,0,I,MELB_URBAN,ROAD,7,15.0
35652,8,6,174,5,2,60.0,0,N,RURAL_VICTORIA,ROAD,7,16.0
35653,1,4,130,5,2,60.0,0,N,SMALL_CITIES,STREET,7,17.0
35654,4,3,171,5,3,50.0,0,N,MELB_URBAN,STREET,7,18.0
35655,1,4,116,1,3,60.0,0,I,MELB_URBAN,STREET,7,19.0
35656,1,4,120,5,2,100.0,1,N,MELB_URBAN,FREEWAY,7,17.0
35657,1,2,120,5,5,80.0,0,N,MELB_URBAN,ROAD,7,5.0
35658,4,1,181,5,5,60.0,0,N,RURAL_VICTORIA,ROAD,7,5.0
35659,2,5,99,5,2,50.0,0,N,MELB_URBAN,HIGHWAY,7,8.0
35660,1,5,130,5,2,100.0,0,N,RURAL_VICTORIA,FREEWAY,7,7.0
35661,4,1,173,4,1,40.0,0,I,MELB_URBAN,ROAD,7,13.0
35662,1,5,113,2,2,60.0,0,I,MELB_URBAN,ROAD,7,8.0
35663,1,5,130,5,1,60.0,0,N,MELB_URBAN,ROAD,7,9.0
35664,1,5,120,5,2,60.0,0,N,LARGE_PROVINCIAL_CITIES,ROAD,7,8.0
35665,1,5,110,1,1,60.0,0,I,LARGE_PROVINCIAL_CITIES,STREET,7,10.0
35666,1,5,130,2,2,60.0,0,I,MELB_URBAN,ROAD,7,8.0
35667,1,2,116,2,1,60.0,0,N,MELB_URBAN,ROAD,7,10.0
35668,4,5,183,5,5,100.0,0,N,RURAL_VICTORIA,HIGHWAY,6,23.0
35669,8,5,174,2,2,50.0,0,I,MELB_URBAN,OTHER,7,8.0
35670,1,5,130,5,1,80.0,0,N,MELB_URBAN,ROAD,7,11.0
35671,1,5,132,5,1,60.0,0,N,MELB_URBAN,ROAD,7,11.0
35672,1,6,147,5,3,70.0,0,N,MELB_URBAN,ROAD,7,21.0
35673,1,4,99,5,1,40.0,0,N,MELB_URBAN,ROAD,7,9.0
35674,1,4,160,5,1,50.0,0,N,SMALL_CITIES,AVENUE,7,10.0
35675,4,7,181,5,1,80.0,0,N,RURAL_VICTORIA,ROAD,7,11.0
35676,1,7,121,1,2,40.0,0,I,SMALL_CITIES,STREET,7,17.0
35677,2,5,100,2,2,60.0,0,I,MELB_URBAN,ROAD,7,8.0
35678,1,3,147,5,3,70.0,0,N,MELB_URBAN,ROAD,4,18.0
35679,1,3,121,2,2,80.0,0,I,MELB_URBAN,ROAD,7,17.0
35680,1,7,120,5,1,60.0,0,N,RURAL_VICTORIA,OTHER,3,15.0
35681,1,5,121,1,1,50.0,0,I,MELB_URBAN,PARADE,7,14.0
35682,8,5,174,5,1,40.0,0,N,MELB_URBAN,ROAD,7,15.0
35683,1,6,133,5,2,100.0,0,N,MELB_URBAN,FREEWAY,7,16.0
35684,4,5,183,5,1,80.0,1,N,RURAL_VICTORIA,ROAD,7,13.0
35685,1,4,135,1,6,40.0,0,I,MELBOURNE_CBD,STREET,7,23.0
35686,1,5,99,5,2,50.0,0,N,MELB_URBAN,ROAD,7,17.0
35687,4,4,183,5,9,100.0,0,N,RURAL_VICTORIA,ROAD,7,12.0
35688,2,2,99,5,1,60.0,0,N,SMALL_CITIES,OTHER,7,15.0
35689,1,3,160,5,9,40.0,0,N,MELB_URBAN,STREET,7,15.0
35690,2,5,100,2,2,60.0,0,I,MELB_URBAN,ROAD,7,16.0
35691,1,5,130,1,2,80.0,0,N,MELB_URBAN,ROAD,7,18.0
35692,1,5,99,5,3,40.0,0,N,MELB_URBAN,STREET,7,17.0
35693,1,5,120,5,1,80.0,0,N,MELB_URBAN,ROAD,7,15.0
35694,1,5,134,1,2,60.0,0,N,MELB_URBAN,ROAD,7,16.0
35695,1,2,130,1,2,50.0,0,I,MELBOURNE_CBD,STREET,4,17.0
35696,1,5,130,5,3,80.0,0,N,MELB_URBAN,FREEWAY,7,17.0
35697,1,5,111,1,1,100.0,0,N,RURAL_VICTORIA,ROAD,7,15.0
35698,1,5,110,1,1,60.0,0,I,MELB_URBAN,STREET,7,15.0
35699,1,5,113,2,3,60.0,0,I,MELB_URBAN,DRIVE,7,19.0
35700,1,5,99,2,1,60.0,0,I,MELB_URBAN,FREEWAY,7,14.0
35701,1,5,110,1,1,60.0,0,I,MELB_URBAN,ROAD,7,10.0
35702,2,6,99,5,3,50.0,0,N,MELB_URBAN,STREET,7,0.0