,accident_type,day_of_week,dca_code,road_geometry,light_condition,speed_zone,severity,node_type,deg_urban_name,road_type,month,hour
35703,1,6,99,5,3,100.0,0,N,MELB_URBAN,ROAD,7,2.0
35704,1,5,130,5,3,80.0,0,N,MELB_URBAN,FREEWAY,7,4.0
35705,1,5,130,1,1,60.0,0,I,MELB_URBAN,ROAD,7,13.0
35706,1,6,121,2,2,60.0,0,I,LARGE_PROVINCIAL_CITIES,STREET,7,6.0
35707,1,6,134,2,2,100.0,0,I,MELB_URBAN,ROAD,7,7.0
35708,2,6,102,2,1,50.0,0,I,MELB_URBAN,ROAD,7,8.0
35709,1,6,99,1,1,60.0,0,I,MELB_URBAN,ROAD,7,8.0
35710,1,6,130,5,2,80.0,0,N,RURAL_VICTORIA,HIGHWAY,7,8.0
35711,1,5,110,1,2,50.0,0,I,MELB_URBAN,STREET,7,8.0
35712,8,0,184,2,1,80.0,0,I,RURAL_VICTORIA,ROAD,7,13.0
35713,4,3,171,5,1,50.0,0,N,MELB_URBAN,ROAD,7,10.0
35714,1,3,130,5,3,70.0,0,N,MELB_URBAN,ROAD,7,18.0
35715,1,6,99,5,1,60.0,0,N,MELB_URBAN,HIGHWAY,7,10.0
35716,1,6,121,1,1,60.0,0,N,MELB_URBAN,STREET,7,12.0
35717,1,5,160,5,5,60.0,0,N,SMALL_CITIES,ROAD,7,22.0
35718,3,4,167,5,2,100.0,0,N,RURAL_VICTORIA,ROAD,3,7.0
35719,1,5,160,5,1,40.0,0,N,MELB_URBAN,DRIVE,7,15.0
35720,1,6,134,1,2,40.0,0,N,MELB_URBAN,STREET,6,7.0
35721,1,6,99,1,1,60.0,0,I,MELB_URBAN,ROAD,7,12.0
35722,4,6,173,5,1,60.0,0,N,TOWNS,ROAD,7,12.0
35723,1,6,113,2,1,60.0,0,I,SMALL_CITIES,ROAD,7,11.0
35724,1,6,163,5,1,50.0,0,N,MELB_URBAN,DRIVE,7,12.0
35725,2,6,102,5,1,40.0,0,N,MELBOURNE_CBD,STREET,7,9.0
35726,1,5,135,4,2,80.0,0,N,MELB_URBAN,ROAD,7,16.0
35727,1,6,147,5,1,60.0,0,N,MELB_URBAN,ROAD,7,13.0
35728,7,6,99,5,1,50.0,0,N,MELB_URBAN,BOULEVARD,4,12.0
35729,1,4,116,2,1,50.0,0,I,MELB_URBAN,STREET,7,14.0
35730,1,1,130,4,2,80.0,0,N,MELB_URBAN,ROAD,12,0.0
35731,6,4,174,5,5,60.0,0,N,RURAL_VICTORIA,ROAD,7,5.0
35732,4,6,183,5,1,100.0,0,N,RURAL_VICTORIA,ROAD,7,15.0
35733,6,4,174,5,3,50.0,0,N,MELBOURNE_CBD,STREET,7,18.0
35734,1,6,110,1,1,50.0,0,I,MELB_URBAN,STREET,7,15.0
35735,1,6,132,5,2,60.0,0,N,MELB_URBAN,ROAD,7,16.0
35736,1,6,130,5,1,60.0,0,N,MELB_URBAN,ROAD,7,15.0
35737,1,5,99,5,2,60.0,0,N,MELB_URBAN,STREET,10,17.0
35738,1,6,110,1,3,50.0,0,I,SMALL_CITIES,STREET,7,17.0
35739,1,6,113,2,2,60.0,0,I,MELB_URBAN,ROAD,7,17.0
35740,4,6,99,5,3,80.0,0,N,MELB_URBAN,ROAD,7,18.0
35741,1,6,99,2,3,60.0,0,I,MELB_URBAN,ROAD,7,19.0
35742,1,6,121,2,2,100.0,0,I,RURAL_VICTORIA,ROAD,7,17.0
35743,1,6,130,1,3,60.0,0,I,MELB_URBAN,ROAD,7,18.0
35744,1,6,132,5,5,100.0,0,N,RURAL_VICTORIA,HIGHWAY,7,19.0
35745,1,6,140,5,3,70.0,0,N,MELB_URBAN,HIGHWAY,7,19.0
35746,8,6,99,5,1,100.0,0,N,RURAL_VICTORIA,ROAD,7,14.0
35747,1,6,110,1,3,60.0,0,I,MELB_URBAN,STREET,7,21.0
35748,1,6,121,2,3,70.0,0,I,MELB_URBAN,ROAD,7,20.0
35749,1,7,121,5,5,100.0,0,N,RURAL_VICTORIA,ROAD,7,0.0
35750,1,6,130,5,3,70.0,0,N,MELB_URBAN,ROAD,7,23.0
35751,4,6,173,5,5,60.0,0,N,RURAL_VICTORIA,ROAD,7,23.0
35752,3,7,167,5,2,80.0,0,N,RURAL_VICTORIA,ROAD,7,6.0
35753,4,7,173,5,5,100.0,0,N,RURAL_VICTORIA,ROAD,7,6.0
35754,3,7,167,5,2,80.0,0,N,RURAL_VICTORIA,HIGHWAY,7,8.0
35755,1,7,110,1,2,60.0,0,N,RURAL_VICTORIA,ROAD,7,6.0
35756,2,1,99,1,6,60.0,0,I,MELB_URBAN,PARADE,7,0.0
35757,1,7,130,5,1,60.0,0,N,MELB_URBAN,ROAD,7,11.0
35758,1,7,110,1,1,50.0,0,I,MELB_URBAN,STREET,7,11.0
35759,2,7,100,5,1,60.0,0,N,MELB_URBAN,AVENUE,7,10.0
35760,8,7,170,5,1,80.0,0,N,RURAL_VICTORIA,HIGHWAY,7,13.0
35761,1,7,113,2,1,70.0,0,I,MELB_URBAN,ROAD,7,10.0
35762,1,2,130,1,2,70.0,0,I,MELB_URBAN,ROAD,7,6.0
35763,2,7,102,1,1,60.0,0,I,MELB_URBAN,ROAD,7,13.0
35764,1,3,121,1,2,60.0,0,I,MELB_URBAN,ROAD,7,7.0
35765,1,7,113,2,1,80.0,0,I,MELB_URBAN,HIGHWAY,7,12.0
35766,6,7,184,5,1,100.0,0,N,RURAL_VICTORIA,AVENUE,7,15.0
35767,2,7,102,5,1,60.0,0,N,MELB_URBAN,UNKNOWN,7,13.0
35768,1,3,130,1,9,60.0,0,I,MELB_URBAN,ROAD,7,13.0
35769,1,6,132,1,1,50.0,0,I,MELB_URBAN,STREET,7,15.0
35770,8,7,99,5,1,100.0,0,N,RURAL_VICTORIA,ROAD,7,11.0
35771,1,7,135,1,2,60.0,0,I,MELB_URBAN,ROAD,7,16.0
35772,6,7,170,5,1,100.0,0,N,RURAL_VICTORIA,ROAD,7,11.0
35773,1,7,110,1,1,60.0,0,I,MELB_URBAN,ROAD,7,13.0
35774,1,7,134,2,1,70.0,0,I,MELB_URBAN,ROAD,7,17.0
35775,8,5,170,5,2,100.0,0,N,RURAL_VICTORIA,ROAD,7,17.0
35776,1,7,130,5,3,100.0,0,N,MELB_URBAN,FREEWAY,7,17.0
35777,4,7,173,5,3,60.0,0,N,MELB_URBAN,ROAD,7,17.0
35778,1,7,130,1,3,60.0,0,I,MELB_URBAN,ROAD,7,18.0
35779,6,7,99,5,2,80.0,0,N,MELB_URBAN,ROAD,7,16.0
35780,2,7,100,4,3,60.0,0,I,MELB_URBAN,ROAD,7,19.0
35781,4,7,171,5,3,60.0,0,N,SMALL_CITIES,STREET,7,18.0
35782,2,7,100,2,2,50.0,0,I,MELB_URBAN,DRIVE,7,18.0
35783,1,7,113,2,3,60.0,0,I,MELB_URBAN,STREET,7,19.0
35784,4,7,99,5,3,50.0,0,I,MELB_URBAN,OTHER,7,23.0
35785,1,7,130,2,3,60.0,0,I,MELB_URBAN,HIGHWAY,7,23.0
35786,1,1,130,5,3,100.0,0,N,MELB_URBAN,RAMP,7,0.0
35787,1,1,160,5,3,50.0,0,N,MELB_URBAN,STREET,7,0.0
35788,4,7,171,5,3,70.0,0,N,MELB_URBAN,STREET,7,23.0
35789,2,7,100,5,3,60.0,0,N,MELB_URBAN,STREET,7,20.0
35790,4,7,181,5,5,60.0,0,N,LARGE_PROVINCIAL_CITIES,AVENUE,7,23.0
35791,1,1,110,1,3,60.0,0,I,SMALL_CITIES,STREET,7,3.0
35792,1,7,110,1,1,80.0,0,I,MELB_URBAN,ROAD,7,9.0
35793,1,2,99,2,2,60.0,0,I,MELB_URBAN,ROAD,9,18.0
35794,6,1,99,5,5,100.0,0,N,RURAL_VICTORIA,ROAD,7,0.0
35795,1,1,132,5,1,60.0,0,N,MELB_URBAN,ROAD,7,10.0
35796,1,1,163,5,1,50.0,0,N,MELB_URBAN,ROAD,7,10.0
35797,1,6,120,5,6,60.0,0,N,RURAL_VICTORIA,ROAD,7,17.0
35798,2,1,99,2,1,50.0,0,I,MELB_URBAN,ROAD,7,11.0
35799,4,1,171,5,1,70.0,0,N,MELB_URBAN,STREET,7,11.0
35800,1,1,110,1,1,80.0,0,I,MELB_URBAN,ROAD,7,11.0
35801,4,1,171,5,1,100.0,0,I,RURAL_VICTORIA,FREEWAY,7,12.0
35802,4,7,181,5,3,50.0,0,N,MELB_URBAN,STREET,7,20.0
35803,1,5,130,1,1,60.0,0,I,MELB_URBAN,ROAD,1,16.0
35804,4,1,173,5,1,100.0,0,N,RURAL_VICTORIA,ROAD,7,11.0
35805,8,3,99,5,2,80.0,0,N,RURAL_VICTORIA,ROAD,4,17.0
35806,1,1,113,2,1,100.0,0,I,RURAL_VICTORIA,HIGHWAY,7,12.0
35807,1,1,113,2,1,90.0,0,I,RURAL_VICTORIA,DRIVE,7,10.0
35808,1,1,160,5,1,60.0,0,N,MELB_URBAN,UNKNOWN,7,15.0
35809,1,1,121,2,2,60.0,0,I,MELB_URBAN,ROAD,7,16.0
35810,1,4,147,5,1,60.0,0,N,MELB_URBAN,STREET,7,15.0
35811,4,4,99,2,3,40.0,0,I,MELB_URBAN,STREET,7,20.0
35812,2,1,100,2,1,50.0,0,I,MELB_URBAN,ROAD,7,11.0
35813,1,1,121,2,2,70.0,0,I,MELB_URBAN,STREET,7,16.0
35814,4,1,183,5,2,50.0,0,N,MELB_URBAN,DRIVE,7,17.0
35815,1,0,99,1,3,60.0,0,I,MELB_URBAN,STREET,7,17.0
35816,4,1,171,5,3,70.0,0,N,RURAL_VICTORIA,ROAD,7,21.0
35817,1,1,160,5,5,80.0,0,N,MELB_URBAN,ROAD,7,21.0
35818,4,1,171,5,3,60.0,0,N,MELB_URBAN,ROAD,7,21.0
35819,4,1,173,5,5,100.0,0,N,RURAL_VICTORIA,HIGHWAY,7,1.0
35820,6,7,174,2,2,60.0,0,N,RURAL_VICTORIA,ROAD,7,16.0
35821,1,4,113,4,3,60.0,0,N,LARGE_PROVINCIAL_CITIES,ROAD,6,22.0
35822,4,2,183,5,5,100.0,0,N,RURAL_VICTORIA,ROAD,7,0.0
35823,1,2,130,5,2,60.0,0,N,MELB_URBAN,STREET,7,18.0
35824,1,2,116,1,3,60.0,0,I,LARGE_PROVINCIAL_CITIES,STREET,7,6.0
35825,2,2,99,5,1,30.0,0,N,MELB_URBAN,DRIVE,7,12.0
35826,6,1,174,2,1,60.0,0,I,MELB_URBAN,ROAD,7,13.0
35827,1,2,132,2,1,60.0,0,I,MELB_URBAN,ROAD,7,9.0
35828,1,6,130,5,2,40.0,0,N,MELB_URBAN,STREET,7,16.0
35829,1,2,120,5,2,80.0,0,N,MELB_URBAN,HIGHWAY,7,7.0
35830,1,4,130,1,1,60.0,0,I,MELB_URBAN,ROAD,5,11.0
35831,4,1,99,2,2,100.0,0,I,RURAL_VICTORIA,ROAD,7,7.0
35832,1,1,130,5,1,50.0,0,N,MELB_URBAN,STREET,7,13.0
35833,1,7,130,5,1,60.0,0,N,MELB_URBAN,AVENUE,7,12.0
35834,1,2,160,5,1,60.0,0,N,MELB_URBAN,ROAD,7,11.0
35835,1,2,113,1,1,60.0,0,I,MELB_URBAN,STREET,7,9.0
35836,6,1,99,5,1,100.0,0,N,RURAL_VICTORIA,ROAD,7,15.0
35837,4,2,181,5,1,100.0,0,N,RURAL_VICTORIA,HIGHWAY,7,10.0
35838,4,2,171,2,1,60.0,0,I,SMALL_CITIES,STREET,7,12.0
35839,1,7,121,1,1,50.0,0,I,MELBOURNE_CBD,STREET,7,13.0
35840,1,5,160,5,2,50.0,0,N,MELB_URBAN,ROAD,7,16.0
35841,4,2,171,5,1,100.0,0,N,RURAL_VICTORIA,HIGHWAY,7,13.0
35842,6,2,174,1,1,60.0,0,I,LARGE_PROVINCIAL_CITIES,STREET,7,11.0
35843,1,2,130,2,1,60.0,0,I,MELB_URBAN,STREET,7,9.0
35844,1,2,134,5,1,70.0,0,N,MELB_URBAN,BOULEVARD,7,13.0
35845,1,2,120,5,1,60.0,0,N,MELB_URBAN,ROAD,7,12.0
35846,4,2,171,5,1,80.0,0,N,MELB_URBAN,STREET,7,11.0
35847,1,5,99,5,2,50.0,0,N,MELB_URBAN,DRIVE,7,16.0
35848,1,5,130,5,2,100.0,0,N,MELB_URBAN,ROAD,7,8.0
35849,1,2,135,5,1,50.0,0,N,MELB_URBAN,STREET,7,10.0
35850,1,2,121,2,1,60.0,0,I,MELB_URBAN,ROAD,7,14.0
35851,2,7,99,5,1,50.0,0,N,MELB_URBAN,AVENUE,7,14.0
35852,8,2,174,2,1,60.0,0,I,MELB_URBAN,DRIVE,7,13.0
35853,1,2,110,1,1,50.0,0,I,MELB_URBAN,STREET,7,9.0
35854,1,2,113,2,1,80.0,0,I,RURAL_VICTORIA,RAMP,7,14.0
35855,8,1,184,5,2,80.0,0,N,RURAL_VICTORIA,ROAD,7,16.0
35856,4,2,181,5,1,100.0,0,N,RURAL_VICTORIA,ROAD,7,15.0
35857,1,5,130,2,1,60.0,0,I,LARGE_PROVINCIAL_CITIES,HIGHWAY,7,9.0
35858,1,2,113,1,1,60.0,0,I,MELB_URBAN,STREET,7,13.0
35859,1,3,147,5,1,60.0,0,N,MELB_URBAN,ROAD,7,13.0
35860,8,3,174,5,2,50.0,0,N,MELB_URBAN,ROAD,7,18.0
35861,2,2,102,1,2,60.0,0,I,MELB_URBAN,STREET,7,17.0
35862,8,1,174,5,1,60.0,0,N,MELB_URBAN,ROAD,7,12.0
35863,6,1,174,5,5,110.0,0,N,RURAL_VICTORIA,HIGHWAY,7,21.0
35864,1,2,130,5,1,60.0,0,N,MELB_URBAN,ROAD,7,15.0
35865,1,2,99,2,2,60.0,0,I,MELB_URBAN,ROAD,7,17.0
35866,4,2,173,5,2,100.0,0,N,RURAL_VICTORIA,ROAD,7,18.0
35867,1,2,121,2,3,60.0,0,I,MELB_URBAN,ROAD,7,19.0
35868,1,2,99,5,3,60.0,0,N,MELB_URBAN,ROAD,7,19.0
35869,1,2,110,1,2,50.0,0,I,LARGE_PROVINCIAL_CITIES,STREET,7,17.0
35870,2,2,99,5,3,50.0,0,N,SMALL_CITIES,OTHER,7,20.0
35871,1,2,134,5,2,100.0,0,N,MELB_URBAN,FREEWAY,7,16.0
35872,8,2,170,2,3,50.0,0,I,MELB_URBAN,OTHER,7,19.0
35873,1,7,99,2,1,60.0,0,I,MELB_URBAN,ROAD,7,13.0
35874,2,2,99,5,3,60.0,0,N,MELB_URBAN,ROAD,7,23.0
35875,8,3,174,2,1,60.0,0,I,MELB_URBAN,ROAD,7,15.0
35876,1,2,121,2,2,60.0,0,I,MELB_URBAN,STREET,7,16.0
35877,1,6,130,2,1,60.0,0,I,MELB_URBAN,ROAD,7,12.0
35878,1,2,140,5,1,60.0,0,N,MELB_URBAN,STREET,7,10.0
35879,1,2,110,1,1,50.0,0,I,TOWNS,STREET,7,13.0
35880,1,3,99,5,5,80.0,0,N,RURAL_VICTORIA,ROAD,7,6.0
35881,4,1,181,5,1,100.0,0,N,RURAL_VICTORIA,ROAD,7,15.0
35882,1,5,113,2,1,60.0,0,I,RURAL_VICTORIA,HIGHWAY,7,15.0
35883,1,3,110,1,1,50.0,0,I,MELB_URBAN,STREET,7,9.0
35884,4,2,173,2,5,100.0,0,I,RURAL_VICTORIA,ROAD,7,22.0
35885,1,3,121,2,2,60.0,0,I,MELB_URBAN,ROAD,7,7.0
35886,7,3,99,5,2,40.0,0,N,TOWNS,STREET,7,8.0
35887,1,7,130,5,1,100.0,0,N,RURAL_VICTORIA,HIGHWAY,4,15.0
35888,1,3,113,2,1,60.0,0,I,MELB_URBAN,PARADE,7,12.0
35889,1,3,110,1,1,50.0,0,I,MELB_URBAN,ROAD,7,10.0
35890,8,7,174,5,1,60.0,0,N,RURAL_VICTORIA,UNKNOWN,7,12.0
35891,1,3,130,5,1,80.0,0,N,MELB_URBAN,ROAD,7,12.0
35892,2,3,102,4,1,60.0,0,I,LARGE_PROVINCIAL_CITIES,STREET,7,9.0
35893,1,3,110,1,9,100.0,0,I,RURAL_VICTORIA,ROAD,5,15.0
35894,1,3,121,2,1,60.0,0,I,MELB_URBAN,ROAD,7,9.0
35895,1,3,134,5,1,100.0,0,N,SMALL_TOWNS,FREEWAY,7,12.0
35896,1,2,99,4,2,60.0,0,I,MELB_URBAN,STREET,7,16.0
35897,1,3,121,1,1,60.0,0,N,MELB_URBAN,STREET,7,13.0
35898,1,3,133,4,1,60.0,0,I,MELB_URBAN,RAMP,7,12.0
35899,4,1,171,1,3,60.0,0,I,MELB_URBAN,ROAD,7,4.0
35900,1,3,113,2,2,60.0,0,I,MELB_URBAN,ROAD,7,16.0
35901,1,3,121,1,3,60.0,0,I,MELB_URBAN,HIGHWAY,7,18.0
35902,8,2,99,2,1,80.0,0,I,RURAL_VICTORIA,ROAD,7,13.0
35903,1,3,99,5,1,60.0,0,N,MELB_URBAN,AVENUE,7,15.0
35904,1,3,116,1,3,60.0,0,I,SMALL_CITIES,OTHER,7,18.0
35905,2,3,100,1,3,60.0,1,I,MELB_URBAN,ROAD,7,18.0
35906,2,5,99,5,9,40.0,0,N,MELB_URBAN,STREET,8,11.0
35907,8,5,174,5,1,60.0,0,N,MELB_URBAN,AVENUE,1,16.0
35908,1,2,116,2,2,70.0,0,N,MELB_URBAN,DRIVE,7,17.0
35909,4,3,183,5,3,60.0,0,N,RURAL_VICTORIA,ROAD,7,19.0
35910,1,7,160,5,1,50.0,0,N,MELB_URBAN,STREET,7,13.0
35911,1,1,130,5,5,80.0,0,N,MELB_URBAN,FREEWAY,7,18.0
35912,1,4,110,1,1,60.0,0,I,TOWNS,STREET,7,9.0
35913,6,2,174,2,2,50.0,0,I,TOWNS,ROAD,7,8.0
35914,1,4,163,5,1,60.0,0,N,MELB_URBAN,ROAD,7,9.0
35915,1,7,160,5,2,50.0,0,N,MELB_URBAN,UNKNOWN,7,8.0
35916,6,4,170,1,1,50.0,0,I,MELB_URBAN,STREET,7,9.0
35917,2,4,99,5,1,60.0,0,N,LARGE_PROVINCIAL_CITIES,STREET,7,10.0
35918,1,5,121,1,2,60.0,0,I,MELB_URBAN,ROAD,5,7.0
35919,1,4,130,2,1,80.0,0,I,MELB_URBAN,ROAD,7,8.0
35920,1,4,110,1,1,100.0,0,I,RURAL_VICTORIA,ROAD,7,10.0
35921,1,4,134,1,9,60.0,0,I,MELB_URBAN,ROAD,7,18.0
35922,3,6,167,2,5,100.0,0,I,RURAL_VICTORIA,ROAD,7,22.0
35923,4,4,171,5,1,100.0,0,N,RURAL_VICTORIA,HIGHWAY,7,9.0
35924,4,3,173,5,5,110.0,0,N,RURAL_VICTORIA,FREEWAY,7,17.0
35925,1,6,130,5,2,100.0,0,N,MELB_URBAN,FREEWAY,5,17.0
35926,1,4,120,5,2,80.0,0,N,RURAL_VICTORIA,HIGHWAY,7,7.0
35927,1,1,116,2,1,50.0,0,I,LARGE_PROVINCIAL_CITIES,OTHER,7,12.0
35928,4,7,171,1,3,60.0,0,I,MELB_URBAN,STREET,7,21.0
35929,1,5,99,2,2,60.0,0,I,MELB_URBAN,STREET,7,7.0
35930,1,4,113,2,1,50.0,0,I,MELB_URBAN,STREET,7,10.0
35931,1,3,132,5,1,60.0,0,N,LARGE_PROVINCIAL_CITIES,ROAD,7,15.0
35932,6,3,174,1,1,50.0,0,I,MELB_URBAN,STREET,7,12.0
35933,1,4,130,5,3,80.0,0,N,MELB_URBAN,ROAD,7,18.0
35934,1,5,99,1,1,60.0,0,I,MELB_URBAN,ROAD,6,14.0
35935,1,4,113,2,1,80.0,0,I,MELB_URBAN,ROAD,7,15.0
35936,4,4,171,2,2,80.0,0,I,SMALL_TOWNS,STREET,7,17.0
35937,3,1,167,2,1,60.0,0,I,RURAL_VICTORIA,ROAD,7,13.0
35938,1,4,133,5,3,60.0,0,N,MELB_URBAN,STREET,7,18.0
35939,1,5,130,1,1,60.0,0,N,MELB_URBAN,ROAD,6,13.0
35940,1,4,99,3,3,60.0,0,I,MELB_URBAN,ROAD,7,18.0
35941,1,5,110,1,2,60.0,0,I,TOWNS,STREET,8,17.0
35942,1,3,121,5,3,60.0,0,N,MELB_URBAN,STREET,7,17.0
35943,1,1,130,5,3,80.0,0,N,MELB_URBAN,FREEWAY,7,19.0
35944,1,4,121,2,3,60.0,0,I,MELB_URBAN,ROAD,7,18.0
35945,4,4,181,5,1,80.0,0,N,MELB_URBAN,ROAD,7,15.0
35946,4,4,171,5,3,60.0,0,N,MELB_URBAN,STREET,7,21.0
35947,1,4,113,2,3,60.0,0,I,MELB_URBAN,DRIVE,7,21.0
35948,1,1,99,4,3,60.0,0,I,MELB_URBAN,ROAD,7,20.0
35949,1,5,99,5,5,80.0,0,N,LARGE_PROVINCIAL_CITIES,ROAD,3,6.0
35950,1,5,113,2,3,50.0,0,I,MELB_URBAN,STREET,7,5.0
35951,4,3,173,5,3,100.0,0,N,RURAL_VICTORIA,FREEWAY,7,21.0
35952,1,7,110,1,1,50.0,0,I,MELB_URBAN,STREET,7,12.0
35953,1,1,130,4,1,80.0,0,I,MELB_URBAN,RAMP,7,13.0
35954,2,5,99,1,1,40.0,0,I,MELB_URBAN,STREET,7,13.0
35955,2,5,102,1,6,80.0,1,I,MELB_URBAN,ROAD,7,6.0
35956,8,6,174,1,3,80.0,0,I,MELB_URBAN,ROAD,5,19.0
35957,4,5,171,5,2,110.0,0,N,RURAL_VICTORIA,FREEWAY,7,7.0
35958,1,3,130,5,2,60.0,0,N,MELB_URBAN,ROAD,7,17.0
35959,1,4,130,5,1,60.0,0,N,MELB_URBAN,ROAD,7,12.0
35960,6,5,99,5,5,60.0,0,N,RURAL_VICTORIA,ROAD,7,3.0
35961,5,5,99,5,2,100.0,0,N,RURAL_VICTORIA,HIGHWAY,7,7.0
35962,5,5,99,5,1,100.0,0,N,RURAL_VICTORIA,ROAD,7,10.0
35963,8,4,174,5,1,60.0,0,N,RURAL_VICTORIA,ROAD,7,11.0
35964,1,5,132,2,1,100.0,0,I,RURAL_VICTORIA,HIGHWAY,7,11.0
35965,1,6,147,5,1,60.0,0,N,MELB_URBAN,STREET,7,11.0
35966,1,1,130,5,3,70.0,0,N,MELB_URBAN,ROAD,7,20.0
35967,1,5,130,1,1,60.0,0,I,MELB_URBAN,PARADE,7,13.0
35968,2,5,100,2,1,60.0,0,I,MELB_URBAN,STREET,7,13.0
35969,1,5,135,5,1,60.0,0,N,MELB_URBAN,STREET,7,14.0
35970,1,4,110,5,1,80.0,0,N,MELB_URBAN,HIGHWAY,7,15.0
35971,1,4,135,5,3,80.0,0,N,MELB_URBAN,ROAD,5,18.0
35972,4,4,181,5,1,60.0,0,N,SMALL_TOWNS,STREET,7,12.0
35973,1,5,99,2,1,50.0,0,I,MELB_URBAN,OTHER,7,15.0
35974,1,2,130,1,6,60.0,0,I,MELB_URBAN,ROAD,3,22.0
35975,2,5,99,5,1,60.0,1,N,MELB_URBAN,HIGHWAY,7,12.0
35976,1,5,110,1,3,60.0,0,I,LARGE_PROVINCIAL_CITIES,STREET,7,17.0
35977,2,5,100,1,3,60.0,0,I,MELB_URBAN,ROAD,7,18.0
35978,4,5,181,5,3,80.0,0,N,RURAL_VICTORIA,HIGHWAY,7,17.0
35979,1,5,113,1,3,50.0,0,I,MELB_URBAN,STREET,7,17.0
35980,2,5,102,1,2,60.0,0,I,MELB_URBAN,STREET,7,17.0
35981,1,6,99,2,2,80.0,0,I,MELB_URBAN,ROAD,7,19.0
35982,1,5,121,2,3,60.0,0,I,MELB_URBAN,STREET,7,19.0
35983,1,5,110,1,3,50.0,0,I,MELB_URBAN,AVENUE,7,18.0
35984,1,5,113,2,1,60.0,0,I,MELB_URBAN,ROAD,7,15.0
35985,1,5,160,5,3,50.0,0,N,MELB_URBAN,ROAD,7,19.0
35986,1,4,130,5,3,50.0,0,N,SMALL_CITIES,STREET,7,23.0
35987,1,6,130,1,1,60.0,0,I,MELB_URBAN,STREET,7,15.0
35988,2,6,100,1,1,60.0,0,I,LARGE_PROVINCIAL_CITIES,STREET,8,8.0
35989,1,6,134,5,2,50.0,0,N,LARGE_PROVINCIAL_CITIES,STREET,7,17.0
35990,1,3,140,5,3,40.0,0,N,MELB_URBAN,STREET,7,7.0
35991,1,5,110,1,1,70.0,0,N,MELB_URBAN,ROAD,8,11.0
35992,1,6,160,5,1,60.0,0,N,MELB_URBAN,ROAD,8,12.0
35993,2,5,100,4,1,60.0,0,I,MELB_URBAN,ROAD,7,15.0
35994,4,6,171,5,1,50.0,0,N,MELB_URBAN,STREET,8,12.0
35995,8,5,174,5,1,60.0,0,N,RURAL_VICTORIA,ROAD,7,14.0
35996,4,5,181,5,3,50.0,0,N,RURAL_VICTORIA,DRIVE,7,20.0
35997,1,5,110,1,3,50.0,0,I,MELB_URBAN,ROAD,7,18.0
35998,1,5,130,5,1,60.0,0,N,MELB_URBAN,ROAD,7,14.0
35999,1,6,99,2,5,50.0,0,I,TOWNS,STREET,8,0.0
36000,3,6,167,5,1,80.0,0,N,MELB_URBAN,ROAD,8,15.0
36001,1,6,121,2,1,70.0,1,I,MELB_URBAN,ROAD,8,14.0
36002,1,6,120,5,1,60.0,0,N,MELB_URBAN,ROAD,8,14.0
36003,1,6,99,2,1,40.0,0,I,MELBOURNE_CBD,STREET,8,16.0
36004,1,1,111,2,9,60.0,0,I,MELB_URBAN,ROAD,6,20.0
36005,1,6,120,1,2,60.0,0,I,RURAL_VICTORIA,ROAD,8,17.0
36006,1,6,113,2,1,80.0,0,I,MELB_URBAN,ROAD,8,14.0
36007,1,6,116,2,2,70.0,0,I,MELB_URBAN,STREET,8,17.0
36008,1,6,121,1,1,60.0,0,I,MELB_URBAN,STREET,8,16.0
36009,4,6,171,5,1,110.0,0,N,RURAL_VICTORIA,FREEWAY,8,12.0
36010,2,6,100,5,3,60.0,0,N,MELB_URBAN,ROAD,8,18.0
36011,4,2,173,5,1,80.0,0,N,MELB_URBAN,FREEWAY,6,12.0
36012,1,5,130,2,1,60.0,0,I,MELBOURNE_CBD,PARADE,7,13.0
36013,8,6,184,5,2,50.0,0,N,MELB_URBAN,RAMP,8,18.0
36014,4,6,183,5,2,100.0,0,N,RURAL_VICTORIA,ROAD,8,16.0
36015,1,6,147,5,1,50.0,0,N,MELB_URBAN,ROAD,8,15.0
36016,1,6,99,4,1,60.0,0,I,MELB_URBAN,ROAD,8,16.0
36017,1,6,130,2,1,50.0,0,I,MELB_URBAN,BOULEVARD,8,16.0
36018,2,6,99,5,5,50.0,0,N,MELB_URBAN,OTHER,8,18.0
36019,1,6,130,1,1,70.0,0,I,MELB_URBAN,ROAD,7,14.0
36020,1,6,120,5,3,60.0,0,N,MELB_URBAN,ROAD,8,19.0
36021,1,6,120,5,3,70.0,0,N,MELB_URBAN,HIGHWAY,8,20.0
36022,1,6,110,1,3,50.0,0,I,MELB_URBAN,STREET,8,19.0
36023,1,6,121,2,3,60.0,0,I,MELB_URBAN,ROAD,8,18.0
36024,7,1,99,1,1,60.0,0,I,MELB_URBAN,AVENUE,7,14.0
36025,2,6,102,2,3,60.0,0,I,MELB_URBAN,ROAD,8,21.0
36026,1,6,116,2,3,60.0,0,I,MELB_URBAN,STREET,8,20.0
36027,4,7,173,5,5,80.0,0,N,RURAL_VICTORIA,ROAD,8,0.0
36028,4,6,183,2,3,80.0,0,I,RURAL_VICTORIA,STREET,8,23.0
36029,4,7,173,5,5,100.0,0,N,RURAL_VICTORIA,ROAD,8,3.0
36030,4,7,171,5,5,110.0,0,N,RURAL_VICTORIA,FREEWAY,8,5.0
36031,1,5,120,5,1,100.0,0,N,RURAL_VICTORIA,HIGHWAY,8,15.0
36032,6,5,174,5,1,100.0,0,N,LARGE_PROVINCIAL_CITIES,ROAD,7,13.0
36033,4,7,173,5,5,100.0,0,N,RURAL_VICTORIA,HIGHWAY,8,5.0
36034,8,6,99,5,1,100.0,0,N,RURAL_VICTORIA,ROAD,12,13.0