,accident_type,day_of_week,dca_code,road_geometry,light_condition,speed_zone,severity,node_type,deg_urban_name,road_type,month,hour
36035,1,7,110,1,1,60.0,0,I,MELB_URBAN,STREET,8,9.0
36036,6,6,174,5,5,100.0,0,N,RURAL_VICTORIA,ROAD,8,21.0
36037,1,2,130,2,3,80.0,0,I,MELB_URBAN,ROAD,7,18.0
36038,4,7,171,5,1,100.0,0,N,RURAL_VICTORIA,HIGHWAY,8,8.0
36039,1,7,130,1,1,80.0,0,I,MELB_URBAN,HIGHWAY,8,11.0
36040,2,7,102,5,1,50.0,0,N,SMALL_CITIES,STREET,8,9.0
36041,2,7,100,5,1,60.0,0,N,LARGE_PROVINCIAL_CITIES,STREET,8,11.0
36042,1,5,120,5,3,60.0,0,N,MELB_URBAN,ROAD,6,21.0
36043,4,7,183,5,1,100.0,0,N,RURAL_VICTORIA,HIGHWAY,8,15.0
36044,1,7,130,5,1,100.0,0,N,RURAL_VICTORIA,ROAD,8,12.0
36045,1,6,140,2,6,50.0,0,I,MELB_URBAN,STREET,8,18.0
36046,1,7,160,5,1,60.0,0,N,MELB_URBAN,STREET,8,14.0
36047,4,7,181,5,1,100.0,0,N,RURAL_VICTORIA,ROAD,8,14.0
36048,1,7,130,5,1,50.0,0,N,MELB_URBAN,DRIVE,8,16.0
36049,1,7,121,2,1,90.0,0,I,RURAL_VICTORIA,ROAD,8,15.0
36050,4,7,171,4,3,60.0,0,I,MELB_URBAN,ROAD,8,1.0
36051,2,5,99,5,1,60.0,0,N,MELB_URBAN,OTHER,7,8.0
36052,1,7,120,5,1,100.0,0,N,RURAL_VICTORIA,HIGHWAY,8,15.0
36053,1,7,130,5,3,70.0,0,N,MELB_URBAN,ROAD,8,18.0
36054,1,7,99,5,1,80.0,0,N,RURAL_VICTORIA,ROAD,8,16.0
36055,2,5,100,1,2,80.0,0,I,SMALL_CITIES,HIGHWAY,7,17.0
36056,4,7,171,5,3,50.0,0,N,MELB_URBAN,ROAD,8,19.0
36057,1,7,130,5,2,60.0,0,N,RURAL_VICTORIA,ROAD,8,17.0
36058,1,7,121,4,3,60.0,0,I,MELB_URBAN,RAMP,8,18.0
36059,1,7,99,5,2,50.0,0,N,MELB_URBAN,STREET,8,17.0
36060,3,7,167,5,5,100.0,0,N,RURAL_VICTORIA,ROAD,8,18.0
36061,4,7,173,5,5,100.0,0,N,RURAL_VICTORIA,ROAD,8,21.0
36062,4,7,173,5,5,110.0,0,N,LARGE_PROVINCIAL_CITIES,FREEWAY,8,5.0
36063,4,7,171,5,3,60.0,0,N,MELB_URBAN,ROAD,8,21.0
36064,1,7,140,5,3,60.0,0,N,MELB_URBAN,STREET,8,22.0
36065,1,1,121,2,3,60.0,0,I,MELB_URBAN,STREET,8,1.0
36066,4,1,171,5,3,60.0,0,N,MELB_URBAN,ROAD,8,3.0
36067,4,3,173,5,3,50.0,0,N,LARGE_PROVINCIAL_CITIES,AVENUE,10,19.0
36068,1,6,99,2,1,50.0,0,I,MELB_URBAN,ROAD,8,13.0
36069,1,7,99,5,5,100.0,0,N,RURAL_VICTORIA,ROAD,8,21.0
36070,6,7,174,5,5,110.0,0,N,RURAL_VICTORIA,FREEWAY,8,21.0
36071,1,1,121,1,1,60.0,0,N,MELB_URBAN,STREET,8,9.0
36072,1,1,116,1,1,50.0,0,I,SMALL_CITIES,ROAD,8,10.0
36073,8,4,170,5,2,80.0,0,N,MELB_URBAN,ROAD,7,17.0
36074,1,1,160,5,1,60.0,0,N,MELB_URBAN,ROAD,8,11.0
36075,8,7,99,5,1,60.0,0,N,RURAL_VICTORIA,ROAD,8,14.0
36076,2,1,99,5,1,50.0,0,N,MELB_URBAN,STREET,8,13.0
36077,4,1,171,5,1,60.0,0,N,SMALL_CITIES,ROAD,8,11.0
36078,1,1,121,4,1,80.0,0,I,MELB_URBAN,RAMP,8,11.0
36079,4,1,99,5,1,50.0,0,N,MELB_URBAN,STREET,8,11.0
36080,4,1,173,5,1,80.0,0,N,RURAL_VICTORIA,ROAD,8,13.0
36081,1,7,99,5,3,50.0,0,N,MELB_URBAN,DRIVE,8,18.0
36082,1,1,99,5,1,50.0,0,N,MELB_URBAN,OTHER,8,13.0
36083,1,1,116,1,1,50.0,0,I,MELB_URBAN,ROAD,8,9.0
36084,1,5,99,2,3,60.0,0,I,MELB_URBAN,ROAD,4,23.0
36085,1,1,130,5,1,50.0,0,N,MELB_URBAN,ROAD,8,12.0
36086,1,3,147,5,1,60.0,0,N,RURAL_VICTORIA,OTHER,4,8.0
36087,6,1,174,1,1,80.0,0,I,MELB_URBAN,ROAD,7,9.0
36088,4,1,183,5,3,50.0,0,N,LARGE_PROVINCIAL_CITIES,ROAD,8,0.0
36089,2,1,102,5,1,50.0,0,N,MELB_URBAN,ROAD,8,16.0
36090,1,0,120,5,1,50.0,0,N,MELB_URBAN,ROAD,8,15.0
36091,1,1,110,1,3,100.0,0,I,TOWNS,ROAD,8,18.0
36092,1,1,113,1,1,60.0,0,I,MELB_URBAN,STREET,8,14.0
36093,1,0,110,1,1,60.0,0,I,SMALL_TOWNS,ROAD,8,17.0
36094,4,7,173,5,5,50.0,0,N,RURAL_VICTORIA,HIGHWAY,8,22.0
36095,4,1,171,5,1,110.0,0,N,RURAL_VICTORIA,FREEWAY,8,14.0
36096,2,1,99,2,1,60.0,0,I,MELB_URBAN,PARADE,8,15.0
36097,1,1,135,5,3,100.0,0,N,MELB_URBAN,FREEWAY,8,19.0
36098,1,1,121,1,3,60.0,0,I,TOWNS,STREET,8,21.0
36099,1,4,133,5,1,60.0,0,N,MELB_URBAN,ROAD,7,15.0
36100,1,4,130,1,3,60.0,0,I,MELB_URBAN,ROAD,7,23.0
36101,1,3,130,1,9,60.0,0,I,MELB_URBAN,ROAD,7,16.0
36102,1,1,163,5,1,60.0,0,N,MELB_URBAN,STREET,8,12.0
36103,3,6,167,5,5,100.0,0,N,RURAL_VICTORIA,ROAD,8,5.0
36104,4,6,171,5,1,100.0,0,N,RURAL_VICTORIA,ROAD,8,11.0
36105,1,2,121,1,2,60.0,0,I,MELB_URBAN,ROAD,8,6.0
36106,4,4,183,5,5,100.0,0,N,RURAL_VICTORIA,ROAD,4,1.0
36107,1,5,130,1,2,80.0,0,I,MELB_URBAN,ROAD,7,8.0
36108,2,2,100,2,1,40.0,0,I,MELB_URBAN,ROAD,8,9.0
36109,1,1,130,2,3,60.0,0,I,MELB_URBAN,STREET,8,19.0
36110,1,4,160,5,1,50.0,0,N,TOWNS,STREET,7,10.0
36111,1,7,130,2,1,80.0,0,I,RURAL_VICTORIA,ROAD,8,8.0
36112,1,2,121,5,1,60.0,0,N,MELB_URBAN,STREET,8,9.0
36113,1,6,121,2,2,80.0,0,I,MELB_URBAN,HIGHWAY,3,17.0
36114,4,1,181,5,9,100.0,0,N,RURAL_VICTORIA,ROAD,8,13.0
36115,1,3,130,5,9,60.0,0,N,MELB_URBAN,STREET,7,17.0
36116,8,7,174,1,1,60.0,0,I,SMALL_CITIES,STREET,8,8.0
36117,6,2,184,2,1,60.0,0,I,RURAL_VICTORIA,ROAD,8,13.0
36118,1,2,120,2,1,50.0,0,I,MELB_URBAN,AVENUE,8,14.0
36119,4,1,171,5,1,110.0,0,N,RURAL_VICTORIA,FREEWAY,7,10.0
36120,1,6,99,1,1,70.0,0,I,MELB_URBAN,HIGHWAY,6,15.0
36121,1,2,116,1,2,100.0,0,I,RURAL_VICTORIA,HIGHWAY,2,19.0
36122,1,6,130,1,3,50.0,0,I,TOWNS,STREET,6,20.0
36123,1,2,130,5,1,70.0,0,I,SMALL_CITIES,STREET,5,9.0
36124,1,2,110,1,1,50.0,0,I,LARGE_PROVINCIAL_CITIES,STREET,8,14.0
36125,1,2,160,2,1,60.0,0,I,MELB_URBAN,STREET,7,13.0
36126,1,5,130,5,6,100.0,0,N,MELB_URBAN,FREEWAY,5,18.0
36127,1,7,110,1,1,60.0,0,I,MELB_URBAN,ROAD,1,15.0
36128,1,2,130,5,1,60.0,0,N,SMALL_CITIES,STREET,8,15.0
36129,1,1,116,2,3,60.0,0,N,MELB_URBAN,ROAD,8,18.0
36130,1,5,130,5,3,100.0,0,N,MELB_URBAN,ROAD,7,18.0
36131,1,2,130,1,2,60.0,0,I,SMALL_CITIES,STREET,8,17.0
36132,2,2,99,5,3,40.0,0,N,MELBOURNE_CBD,STREET,8,19.0
36133,1,4,130,5,3,60.0,0,N,MELB_URBAN,ROAD,4,18.0
36134,1,4,130,5,2,80.0,0,N,MELB_URBAN,HIGHWAY,7,17.0
36135,1,2,130,2,1,70.0,0,I,MELB_URBAN,STREET,8,16.0
36136,1,3,130,5,2,80.0,0,N,MELB_URBAN,ROAD,7,7.0
36137,4,2,99,5,5,60.0,0,N,RURAL_VICTORIA,ROAD,8,22.0
36138,1,2,99,5,3,50.0,0,N,MELB_URBAN,AVENUE,8,21.0
36139,1,5,132,2,1,50.0,0,I,MELB_URBAN,STREET,7,13.0
36140,1,3,99,2,3,50.0,0,I,SMALL_CITIES,STREET,8,5.0
36141,6,2,174,2,1,80.0,0,I,MELB_URBAN,ROAD,8,16.0
36142,4,3,171,5,5,70.0,0,N,MELB_URBAN,ROAD,6,18.0
36143,1,5,130,5,2,60.0,0,N,MELB_URBAN,ROAD,7,16.0
36144,1,3,130,1,2,80.0,0,I,MELB_URBAN,HIGHWAY,8,7.0
36145,1,3,130,5,1,100.0,0,N,MELB_URBAN,FREEWAY,8,9.0
36146,3,3,167,5,1,100.0,0,N,RURAL_VICTORIA,HIGHWAY,8,9.0
36147,8,7,174,2,1,50.0,0,I,MELB_URBAN,DRIVE,4,8.0
36148,2,2,102,2,1,60.0,0,N,SMALL_CITIES,STREET,8,15.0
36149,1,3,121,1,3,60.0,0,I,LARGE_PROVINCIAL_CITIES,ROAD,7,21.0
36150,4,3,173,5,1,60.0,0,N,LARGE_PROVINCIAL_CITIES,ROAD,8,10.0
36151,1,3,160,5,9,60.0,0,N,MELB_URBAN,HIGHWAY,7,17.0
36152,1,1,130,5,2,60.0,0,N,MELB_URBAN,ROAD,7,8.0
36153,1,3,113,2,1,60.0,0,I,LARGE_PROVINCIAL_CITIES,STREET,8,10.0
36154,1,1,130,2,1,60.0,0,I,MELB_URBAN,OTHER,8,11.0
36155,1,3,110,1,1,100.0,0,I,RURAL_VICTORIA,HIGHWAY,8,14.0
36156,1,2,147,5,1,60.0,0,N,MELB_URBAN,ROAD,8,11.0
36157,4,3,171,5,1,50.0,0,N,TOWNS,STREET,8,14.0
36158,1,3,121,1,1,80.0,0,I,MELB_URBAN,HIGHWAY,8,9.0
36159,4,2,171,5,2,100.0,0,N,RURAL_VICTORIA,ROAD,8,17.0
36160,1,3,99,1,1,60.0,0,I,MELB_URBAN,ROAD,8,13.0
36161,1,3,113,2,1,80.0,0,I,MELB_URBAN,ROAD,8,13.0
36162,1,2,130,5,2,60.0,0,N,MELB_URBAN,AVENUE,7,16.0
36163,1,3,121,5,1,60.0,0,I,MELB_URBAN,ROAD,8,16.0
36164,1,3,135,5,1,70.0,0,N,MELB_URBAN,ROAD,8,16.0
36165,4,3,171,5,1,60.0,0,N,LARGE_PROVINCIAL_CITIES,UNKNOWN,8,15.0
36166,1,3,110,1,1,50.0,0,I,MELB_URBAN,STREET,8,15.0
36167,1,3,121,2,1,60.0,0,I,MELB_URBAN,STREET,8,15.0
36168,8,7,174,5,1,60.0,0,N,LARGE_PROVINCIAL_CITIES,ROAD,8,11.0
36169,1,3,130,2,2,60.0,0,I,MELB_URBAN,ROAD,8,17.0
36170,4,3,173,5,1,100.0,0,N,RURAL_VICTORIA,HIGHWAY,8,16.0
36171,1,3,134,5,1,80.0,0,N,MELB_URBAN,HIGHWAY,8,15.0
36172,2,3,100,5,3,80.0,0,N,MELB_URBAN,ROAD,8,18.0
36173,4,3,173,5,5,100.0,0,N,TOWNS,HIGHWAY,8,18.0
36174,1,3,121,1,3,60.0,0,I,MELB_URBAN,PARADE,8,18.0
36175,4,3,171,5,1,100.0,0,N,RURAL_VICTORIA,ROAD,8,11.0
36176,1,3,120,5,1,80.0,1,N,SMALL_TOWNS,HIGHWAY,8,11.0
36177,1,3,113,4,3,60.0,0,I,MELB_URBAN,ROAD,8,20.0
36178,1,3,147,5,1,50.0,0,N,MELB_URBAN,ROAD,8,10.0
36179,1,3,147,5,2,60.0,0,N,TOWNS,STREET,8,17.0
36180,1,3,120,5,1,60.0,0,N,LARGE_PROVINCIAL_CITIES,ROAD,8,15.0
36181,1,5,113,2,1,60.0,0,I,MELB_URBAN,ROAD,1,16.0
36182,1,3,130,5,1,80.0,0,N,MELB_URBAN,HIGHWAY,8,16.0
36183,1,3,130,1,3,60.0,0,I,MELB_URBAN,STREET,8,22.0
36184,1,7,121,2,9,60.0,0,I,MELB_URBAN,ROAD,7,10.0
36185,1,2,130,5,1,60.0,0,N,MELB_URBAN,ROAD,8,9.0
36186,4,4,173,5,3,60.0,0,N,MELB_URBAN,BOULEVARD,8,1.0
36187,4,4,173,5,5,110.0,0,N,RURAL_VICTORIA,FREEWAY,8,4.0
36188,1,2,113,2,1,60.0,0,I,MELB_URBAN,ROAD,7,13.0
36189,2,4,100,5,1,40.0,0,N,MELB_URBAN,ROAD,8,7.0
36190,2,3,100,5,1,60.0,0,N,MELB_URBAN,PARADE,8,10.0
36191,1,4,110,1,3,50.0,0,I,LARGE_PROVINCIAL_CITIES,STREET,7,18.0
36192,1,3,132,4,1,60.0,0,I,MELB_URBAN,RAMP,8,7.0
36193,1,1,110,4,2,60.0,0,I,MELB_URBAN,ROAD,7,8.0
36194,1,7,130,5,2,80.0,0,N,MELB_URBAN,FREEWAY,6,17.0
36195,1,1,130,2,3,60.0,0,I,MELB_URBAN,ROAD,5,19.0
36196,1,4,134,5,1,70.0,0,N,LARGE_PROVINCIAL_CITIES,HIGHWAY,8,11.0
36197,1,2,140,2,1,50.0,0,I,MELB_URBAN,AVENUE,5,17.0
36198,8,2,174,5,1,100.0,0,N,RURAL_VICTORIA,ROAD,8,16.0
36199,2,3,100,5,1,60.0,0,I,MELB_URBAN,STREET,8,12.0
36200,1,2,99,2,1,60.0,0,I,MELB_URBAN,STREET,8,8.0
36201,1,4,147,5,1,100.0,0,N,RURAL_VICTORIA,HIGHWAY,8,11.0
36202,1,4,133,5,1,100.0,0,N,RURAL_VICTORIA,ROAD,8,13.0
36203,4,3,173,5,1,60.0,0,N,MELB_URBAN,ROAD,8,11.0
36204,1,4,163,5,1,40.0,0,N,MELB_URBAN,ROAD,8,14.0
36205,4,4,173,5,2,60.0,0,N,SMALL_CITIES,ROAD,8,7.0
36206,2,4,99,5,1,50.0,0,N,MELB_URBAN,STREET,8,12.0
36207,1,3,110,1,1,60.0,0,I,MELB_URBAN,ROAD,7,15.0
36208,6,1,174,5,2,100.0,0,N,RURAL_VICTORIA,ROAD,7,16.0
36209,1,4,121,2,1,60.0,0,I,MELB_URBAN,ROAD,8,15.0
36210,1,4,111,1,1,60.0,0,I,LARGE_PROVINCIAL_CITIES,ROAD,8,15.0
36211,1,4,121,1,1,60.0,0,I,MELB_URBAN,STREET,4,15.0
36212,1,6,130,2,1,70.0,0,N,MELB_URBAN,ROAD,6,15.0
36213,1,4,121,2,2,80.0,0,I,MELB_URBAN,HIGHWAY,8,17.0
36214,1,4,113,2,2,60.0,0,I,MELB_URBAN,ROAD,8,17.0
36215,2,1,99,5,1,50.0,0,N,MELB_URBAN,STREET,4,12.0
36216,4,4,171,2,3,60.0,0,I,SMALL_CITIES,STREET,8,19.0
36217,1,4,113,2,3,60.0,0,I,MELB_URBAN,STREET,8,18.0
36218,4,3,99,2,1,50.0,0,I,SMALL_CITIES,OTHER,7,9.0
36219,2,4,102,5,3,60.0,0,N,MELB_URBAN,ROAD,8,21.0
36220,1,4,163,2,3,40.0,0,I,MELB_URBAN,STREET,8,18.0
36221,1,5,147,5,3,70.0,0,N,MELB_URBAN,ROAD,7,19.0
36222,1,4,132,1,9,80.0,0,I,MELB_URBAN,ROAD,4,16.0
36223,2,5,100,5,3,50.0,0,N,SMALL_CITIES,AVENUE,8,4.0
36224,1,4,147,5,3,60.0,0,N,MELB_URBAN,STREET,8,23.0
36225,3,3,167,5,2,100.0,0,N,RURAL_VICTORIA,HIGHWAY,8,6.0
36226,4,5,173,2,3,80.0,0,N,MELB_URBAN,HIGHWAY,8,2.0
36227,8,1,174,5,1,60.0,0,N,RURAL_VICTORIA,OTHER,8,12.0
36228,1,4,121,2,3,80.0,0,I,MELB_URBAN,ROAD,8,20.0
36229,1,5,130,5,2,80.0,0,N,RURAL_VICTORIA,ROAD,8,7.0
36230,4,5,171,2,2,70.0,0,I,MELB_URBAN,ROAD,8,7.0
36231,1,5,121,1,1,70.0,0,N,MELB_URBAN,STREET,8,8.0
36232,1,5,110,1,1,40.0,0,I,MELB_URBAN,STREET,8,8.0
36233,1,5,121,2,1,60.0,0,I,MELB_URBAN,ROAD,1,7.0
36234,1,5,130,5,2,70.0,0,N,SMALL_CITIES,ROAD,8,7.0
36235,1,7,130,5,1,100.0,0,N,MELB_URBAN,FREEWAY,7,12.0
36236,1,5,130,2,1,60.0,0,N,MELB_URBAN,STREET,8,10.0
36237,1,7,120,5,1,80.0,0,N,SMALL_TOWNS,ROAD,8,14.0
36238,1,6,130,5,1,70.0,0,N,MELB_URBAN,ROAD,3,9.0
36239,1,5,121,2,1,70.0,0,I,LARGE_PROVINCIAL_CITIES,OTHER,8,10.0
36240,1,3,130,5,3,80.0,0,N,MELB_URBAN,FREEWAY,4,18.0
36241,1,5,130,5,1,70.0,0,N,MELB_URBAN,HIGHWAY,8,10.0
36242,1,3,113,2,2,60.0,0,I,RURAL_VICTORIA,ROAD,6,17.0
36243,1,5,147,5,1,50.0,0,N,MELB_URBAN,DRIVE,8,11.0
36244,1,5,120,5,1,80.0,0,N,RURAL_VICTORIA,STREET,8,9.0
36245,1,4,99,1,1,60.0,0,I,MELB_URBAN,ROAD,7,15.0
36246,1,2,121,5,1,60.0,0,N,MELB_URBAN,ROAD,3,15.0
36247,1,3,99,5,3,100.0,0,N,MELB_URBAN,RAMP,8,21.0
36248,1,5,130,5,1,80.0,0,N,MELB_URBAN,HIGHWAY,8,9.0
36249,1,2,110,1,3,60.0,0,I,MELB_URBAN,ROAD,8,17.0
36250,1,4,163,5,1,50.0,0,N,SMALL_CITIES,STREET,8,13.0
36251,2,5,99,5,1,40.0,0,N,MELB_URBAN,ROAD,8,13.0
36252,1,4,130,5,3,60.0,0,N,MELB_URBAN,RAMP,8,18.0
36253,1,6,130,5,3,80.0,0,N,MELB_URBAN,ROAD,6,18.0
36254,1,4,130,1,3,60.0,0,I,LARGE_PROVINCIAL_CITIES,ROAD,8,17.0
36255,1,3,130,5,1,70.0,0,N,SMALL_CITIES,HIGHWAY,4,8.0
36256,1,5,163,5,1,40.0,0,N,MELB_URBAN,STREET,8,8.0
36257,1,5,132,5,1,60.0,0,N,MELB_URBAN,HIGHWAY,8,12.0
36258,1,5,160,5,1,60.0,0,N,MELB_URBAN,ROAD,8,15.0
36259,8,5,174,2,1,60.0,0,I,MELB_URBAN,ROAD,8,12.0
36260,1,2,130,2,1,60.0,0,N,MELB_URBAN,ROAD,8,8.0
36261,1,5,135,5,1,110.0,0,N,SMALL_CITIES,FREEWAY,8,16.0
36262,1,5,121,5,2,60.0,0,N,MELB_URBAN,STREET,8,17.0
36263,1,5,116,2,2,50.0,0,I,MELB_URBAN,STREET,8,17.0
36264,1,5,121,1,1,50.0,0,I,MELB_URBAN,STREET,8,16.0
36265,1,5,116,2,3,60.0,0,I,MELB_URBAN,STREET,8,18.0
36266,1,5,113,1,3,60.0,0,I,MELB_URBAN,STREET,8,18.0
36267,1,5,113,2,3,60.0,0,I,MELB_URBAN,ROAD,8,18.0
36268,1,5,113,2,2,60.0,0,I,MELB_URBAN,BOULEVARD,8,18.0
36269,1,5,120,5,1,100.0,1,N,RURAL_VICTORIA,ROAD,8,8.0
36270,1,5,130,5,3,80.0,0,N,MELB_URBAN,HIGHWAY,8,18.0
36271,1,5,99,5,3,50.0,0,N,MELB_URBAN,ROAD,8,18.0
36272,1,6,147,5,1,50.0,0,N,SMALL_CITIES,STREET,8,15.0
36273,2,5,100,2,3,40.0,0,I,MELB_URBAN,ROAD,8,19.0
36274,3,5,167,5,5,100.0,0,N,RURAL_VICTORIA,HIGHWAY,8,20.0
36275,2,5,100,2,3,50.0,0,I,MELB_URBAN,ROAD,8,20.0
36276,4,5,183,5,3,80.0,0,N,MELB_URBAN,UNKNOWN,8,18.0
36277,1,3,121,4,3,80.0,0,I,MELB_URBAN,ROAD,8,6.0
36278,4,6,173,5,5,60.0,0,N,RURAL_VICTORIA,ROAD,8,0.0
36279,1,3,113,2,3,70.0,0,I,RURAL_VICTORIA,ROAD,7,18.0
36280,4,7,181,5,1,60.0,0,N,RURAL_VICTORIA,ROAD,8,11.0
36281,2,6,100,5,3,60.0,0,I,LARGE_PROVINCIAL_CITIES,ROAD,8,6.0
36282,4,6,183,2,3,60.0,0,I,MELB_URBAN,ROAD,6,23.0
36283,1,3,132,2,3,60.0,0,I,MELB_URBAN,ROAD,8,18.0
36284,1,6,113,1,1,50.0,0,N,LARGE_PROVINCIAL_CITIES,STREET,8,13.0
36285,2,6,100,2,1,50.0,0,I,MELB_URBAN,STREET,8,9.0
36286,1,6,113,1,1,40.0,0,I,MELB_URBAN,STREET,8,8.0
36287,1,2,99,5,6,50.0,0,N,MELB_URBAN,OTHER,8,18.0
36288,4,6,99,5,1,50.0,0,N,LARGE_PROVINCIAL_CITIES,STREET,8,11.0
36289,1,6,135,5,1,60.0,0,N,MELB_URBAN,HIGHWAY,8,9.0
36290,1,5,130,2,1,60.0,0,I,MELB_URBAN,ROAD,8,8.0
36291,1,5,113,2,1,80.0,0,I,MELB_URBAN,ROAD,8,12.0
36292,5,2,99,5,1,100.0,0,N,RURAL_VICTORIA,ROAD,3,10.0
36293,4,6,99,5,1,50.0,0,N,MELB_URBAN,STREET,8,8.0
36294,4,6,173,5,5,110.0,0,N,LARGE_PROVINCIAL_CITIES,FREEWAY,7,19.0
36295,1,6,113,2,1,80.0,0,N,MELB_URBAN,HIGHWAY,8,9.0
36296,8,2,99,1,6,50.0,0,I,MELB_URBAN,STREET,7,3.0
36297,1,6,147,5,1,50.0,0,N,MELB_URBAN,AVENUE,8,9.0
36298,1,2,110,1,2,50.0,0,I,MELB_URBAN,PARADE,8,7.0
36299,1,6,121,2,1,60.0,0,I,MELB_URBAN,ROAD,8,14.0
36300,1,6,111,2,1,50.0,0,I,MELB_URBAN,PARADE,8,9.0
36301,1,6,99,1,1,60.0,0,I,SMALL_CITIES,ROAD,8,15.0
36302,1,6,121,1,2,60.0,0,I,MELB_URBAN,ROAD,8,16.0
36303,1,5,130,2,2,80.0,0,I,MELB_URBAN,ROAD,8,17.0
36304,4,6,183,2,3,50.0,0,I,MELB_URBAN,UNKNOWN,8,18.0
36305,2,6,102,2,3,50.0,0,I,MELB_URBAN,STREET,8,18.0
36306,1,6,111,1,3,80.0,0,I,MELB_URBAN,ROAD,8,18.0
36307,4,6,171,5,1,60.0,0,N,MELB_URBAN,DRIVE,8,15.0
36308,2,6,102,2,3,50.0,0,I,MELB_URBAN,AVENUE,8,18.0
36309,1,6,140,2,3,70.0,0,I,MELB_URBAN,ROAD,8,18.0
36310,8,1,174,2,2,100.0,0,N,RURAL_VICTORIA,OTHER,5,16.0
36311,1,6,130,2,1,80.0,0,I,MELB_URBAN,HIGHWAY,8,16.0
36312,1,6,121,1,3,60.0,0,I,MELB_URBAN,STREET,8,18.0
36313,4,6,183,2,5,100.0,0,N,RURAL_VICTORIA,HIGHWAY,8,20.0
36314,1,6,113,2,3,80.0,0,I,SMALL_TOWNS,HIGHWAY,8,19.0
36315,1,6,113,2,1,60.0,0,I,MELB_URBAN,ROAD,8,15.0
36316,1,6,160,5,3,50.0,0,N,MELB_URBAN,OTHER,8,21.0
36317,1,1,134,5,3,60.0,0,N,MELB_URBAN,ROAD,7,17.0
36318,1,6,130,5,3,70.0,0,N,MELB_URBAN,ROAD,8,20.0
36319,1,7,99,1,3,60.0,0,I,MELB_URBAN,ROAD,8,2.0
36320,1,6,130,5,1,70.0,0,N,MELB_URBAN,PARADE,8,14.0
36321,4,7,181,5,1,50.0,0,N,MELB_URBAN,ROAD,8,9.0
36322,1,7,130,2,1,80.0,0,N,MELB_URBAN,HIGHWAY,8,9.0
36323,1,4,121,5,3,60.0,0,N,MELB_URBAN,STREET,7,20.0
36324,1,7,130,5,1,40.0,0,N,MELB_URBAN,ROAD,8,11.0
36325,1,7,147,2,1,50.0,0,I,MELB_URBAN,ROAD,8,11.0
36326,1,5,116,2,3,50.0,0,I,MELB_URBAN,AVENUE,8,17.0
36327,1,7,121,1,1,50.0,0,I,MELB_URBAN,STREET,8,12.0
36328,4,7,171,5,1,60.0,0,N,MELB_URBAN,ROAD,8,14.0
36329,8,7,174,1,1,60.0,0,I,MELB_URBAN,ROAD,8,15.0
36330,1,4,130,5,3,100.0,0,N,MELB_URBAN,UNKNOWN,8,18.0
36331,1,6,132,2,9,60.0,0,I,MELB_URBAN,HIGHWAY,8,13.0
36332,1,7,130,5,1,60.0,0,N,MELB_URBAN,STREET,8,13.0
36333,4,7,171,1,2,60.0,0,I,MELB_URBAN,DRIVE,8,17.0
36334,1,7,130,5,2,80.0,0,N,MELB_URBAN,ROAD,8,17.0
36335,4,7,183,5,2,60.0,0,N,MELB_URBAN,ROAD,8,17.0
36336,4,7,171,5,5,100.0,0,N,RURAL_VICTORIA,ROAD,8,2.0
36337,4,5,99,5,9,50.0,0,N,MELB_URBAN,OTHER,7,12.0
36338,1,7,132,2,5,100.0,0,I,RURAL_VICTORIA,ROAD,8,19.0
36339,1,7,121,1,3,60.0,0,I,MELBOURNE_CBD,STREET,8,19.0
36340,4,7,181,5,5,50.0,0,N,SMALL_TOWNS,UNKNOWN,8,21.0
36341,1,7,120,5,2,80.0,0,N,RURAL_VICTORIA,ROAD,8,17.0
36342,1,7,120,5,5,70.0,0,N,MELB_URBAN,ROAD,8,23.0
36343,4,1,181,5,5,80.0,0,N,MELB_URBAN,HIGHWAY,8,0.0
36344,1,7,120,5,1,50.0,0,N,MELB_URBAN,RAMP,8,15.0
36345,4,7,173,2,3,60.0,0,I,MELB_URBAN,ROAD,8,22.0
36346,1,1,160,5,3,60.0,0,N,MELB_URBAN,ROAD,8,3.0
36347,1,1,110,1,3,60.0,0,I,MELB_URBAN,STREET,8,4.0
36348,6,1,170,5,3,70.0,0,N,MELB_URBAN,ROAD,8,5.0
36349,1,1,130,5,2,60.0,0,N,MELB_URBAN,ROAD,8,7.0
36350,4,5,171,5,1,100.0,0,N,RURAL_VICTORIA,ROAD,8,16.0
36351,1,1,113,2,1,70.0,0,I,MELB_URBAN,ROAD,8,8.0
36352,1,4,135,5,3,60.0,0,N,MELB_URBAN,ROAD,7,18.0
36353,6,1,174,5,1,40.0,0,N,MELB_URBAN,ROAD,8,12.0
36354,8,7,184,5,1,60.0,0,N,RURAL_VICTORIA,ROAD,8,10.0
36355,1,6,121,1,1,70.0,0,I,MELB_URBAN,ROAD,8,14.0
36356,2,1,102,1,1,40.0,0,I,MELB_URBAN,ROAD,8,12.0
36357,4,1,183,5,1,40.0,1,N,MELB_URBAN,AVENUE,8,10.0
36358,2,0,100,5,2,60.0,0,N,LARGE_PROVINCIAL_CITIES,ROAD,8,6.0
36359,1,4,132,2,1,60.0,0,I,MELB_URBAN,STREET,7,14.0
36360,4,1,181,5,1,60.0,0,N,RURAL_VICTORIA,ROAD,8,14.0
36361,2,1,100,5,3,60.0,0,N,MELB_URBAN,STREET,8,2.0
36362,1,7,113,2,3,60.0,0,I,MELB_URBAN,ROAD,8,18.0
36363,2,7,100,1,3,50.0,0,I,MELB_URBAN,STREET,8,23.0
36364,4,1,183,2,1,100.0,0,I,RURAL_VICTORIA,ROAD,8,14.0
36365,1,1,163,2,1,40.0,0,I,MELB_URBAN,ROAD,8,16.0
36366,4,1,181,5,1,100.0,0,N,RURAL_VICTORIA,HIGHWAY,8,14.0