,accident_type,day_of_week,dca_code,road_geometry,light_condition,speed_zone,severity,node_type,deg_urban_name,road_type,month,hour
36367,1,7,134,5,3,40.0,0,N,MELBOURNE_CBD,STREET,8,19.0
36368,1,6,99,2,3,60.0,0,I,SMALL_TOWNS,HIGHWAY,8,20.0
36369,1,2,130,5,2,80.0,0,N,MELB_URBAN,HIGHWAY,7,8.0
36370,1,1,130,5,2,100.0,0,N,RURAL_VICTORIA,HIGHWAY,8,17.0
36371,4,7,171,5,3,60.0,0,N,MELB_URBAN,ROAD,6,19.0
36372,4,1,173,5,3,60.0,0,N,MELB_URBAN,PARADE,8,19.0
36373,1,1,121,1,1,40.0,0,I,MELB_URBAN,ROAD,8,15.0
36374,1,1,134,5,3,80.0,0,N,MELB_URBAN,HIGHWAY,8,19.0
36375,1,1,99,1,3,50.0,0,I,MELB_URBAN,STREET,8,19.0
36376,4,1,99,2,5,100.0,0,I,RURAL_VICTORIA,OTHER,8,20.0
36377,6,6,174,2,9,60.0,0,I,MELB_URBAN,STREET,7,19.0
36378,1,1,113,2,1,100.0,0,I,MELB_URBAN,ROAD,8,15.0
36379,2,1,102,5,3,50.0,0,N,MELB_URBAN,ROAD,8,21.0
36380,1,1,160,5,6,50.0,0,N,MELB_URBAN,ROAD,8,22.0
36381,1,1,120,2,2,50.0,0,N,MELB_URBAN,ROAD,8,6.0
36382,1,6,120,5,1,40.0,0,N,MELB_URBAN,BOULEVARD,7,11.0
36383,1,2,99,1,1,40.0,0,I,MELB_URBAN,STREET,8,8.0
36384,2,2,102,2,2,60.0,0,I,MELB_URBAN,ROAD,8,6.0
36385,1,4,147,5,2,60.0,0,N,LARGE_PROVINCIAL_CITIES,ROAD,7,16.0
36386,1,6,147,5,3,50.0,0,N,MELB_URBAN,STREET,8,18.0
36387,4,2,171,5,1,70.0,0,N,MELB_URBAN,DRIVE,8,10.0
36388,4,6,181,5,5,100.0,0,N,RURAL_VICTORIA,ROAD,7,23.0
36389,1,7,110,1,1,60.0,0,I,LARGE_PROVINCIAL_CITIES,STREET,8,10.0
36390,1,6,111,1,9,60.0,0,I,MELB_URBAN,OTHER,8,9.0
36391,1,7,147,2,1,80.0,0,I,MELB_URBAN,ROAD,8,14.0
36392,1,2,120,5,1,70.0,0,N,RURAL_VICTORIA,ROAD,8,10.0
36393,6,7,184,2,9,60.0,0,I,RURAL_VICTORIA,ROAD,7,14.0
36394,5,2,99,5,1,40.0,0,N,MELB_URBAN,ROAD,8,14.0
36395,1,1,120,5,1,60.0,0,N,MELB_URBAN,ROAD,8,16.0
36396,1,2,120,5,2,100.0,0,N,RURAL_VICTORIA,HIGHWAY,8,7.0
36397,1,2,120,5,1,50.0,0,N,MELB_URBAN,ROAD,8,13.0
36398,2,2,100,2,1,50.0,0,I,MELB_URBAN,STREET,8,9.0
36399,1,2,140,5,2,50.0,0,N,MELB_URBAN,STREET,8,7.0
36400,2,2,100,5,1,70.0,0,N,MELB_URBAN,ROAD,8,8.0
36401,1,2,163,5,1,50.0,0,N,MELB_URBAN,STREET,8,10.0
36402,1,7,130,5,2,60.0,0,N,SMALL_CITIES,ROAD,7,17.0
36403,4,2,99,2,1,60.0,0,N,LARGE_PROVINCIAL_CITIES,ROAD,8,15.0
36404,1,2,99,2,1,70.0,0,I,MELB_URBAN,ROAD,8,14.0
36405,1,2,99,2,1,50.0,0,I,LARGE_PROVINCIAL_CITIES,DRIVE,8,17.0
36406,1,2,121,2,1,50.0,0,I,MELB_URBAN,ROAD,8,15.0
36407,1,2,113,2,2,60.0,0,I,SMALL_TOWNS,STREET,8,17.0
36408,2,2,102,2,1,50.0,0,I,MELB_URBAN,ROAD,8,15.0
36409,1,2,110,1,3,50.0,0,I,MELB_URBAN,STREET,8,18.0
36410,1,5,130,2,3,80.0,0,I,LARGE_PROVINCIAL_CITIES,STREET,7,7.0
36411,1,2,113,2,1,70.0,0,I,RURAL_VICTORIA,ROAD,8,15.0
36412,1,2,120,5,3,60.0,0,N,MELB_URBAN,ROAD,8,18.0
36413,1,2,147,5,3,60.0,0,N,MELB_URBAN,ROAD,8,19.0
36414,1,2,113,2,1,100.0,0,I,RURAL_VICTORIA,ROAD,8,16.0
36415,1,2,120,5,2,100.0,0,N,RURAL_VICTORIA,ROAD,8,17.0
36416,1,2,113,4,3,60.0,0,N,MELB_URBAN,ROAD,8,21.0
36417,1,2,121,1,3,60.0,0,I,MELB_URBAN,HIGHWAY,8,18.0
36418,1,2,135,2,3,60.0,0,I,MELB_URBAN,STREET,8,21.0
36419,1,4,130,2,1,60.0,0,I,SMALL_CITIES,STREET,8,14.0
36420,4,3,173,5,5,100.0,0,N,RURAL_VICTORIA,ROAD,8,0.0
36421,8,1,174,5,1,100.0,0,N,RURAL_VICTORIA,ROAD,7,14.0
36422,4,2,173,5,3,60.0,0,N,SMALL_CITIES,PARADE,8,22.0
36423,4,1,183,5,1,100.0,0,N,RURAL_VICTORIA,ROAD,8,15.0
36424,1,7,121,1,3,60.0,0,I,MELB_URBAN,STREET,8,21.0
36425,1,2,99,5,1,80.0,0,N,MELB_URBAN,ROAD,8,10.0
36426,1,3,99,2,2,60.0,0,I,MELB_URBAN,OTHER,8,7.0
36427,1,3,121,2,2,80.0,0,N,MELB_URBAN,ROAD,8,7.0
36428,3,1,167,5,5,100.0,0,N,RURAL_VICTORIA,ROAD,7,17.0
36429,1,3,130,5,2,100.0,0,N,RURAL_VICTORIA,ROAD,8,7.0
36430,1,7,99,5,1,50.0,0,N,MELB_URBAN,STREET,8,12.0
36431,1,3,130,2,9,60.0,0,I,MELB_URBAN,ROAD,7,18.0
36432,1,3,130,5,1,70.0,0,N,LARGE_PROVINCIAL_CITIES,HIGHWAY,8,9.0
36433,1,3,110,1,1,50.0,0,I,MELB_URBAN,STREET,8,9.0
36434,1,2,130,5,1,100.0,0,N,MELB_URBAN,ROAD,8,10.0
36435,1,2,132,2,2,100.0,0,I,RURAL_VICTORIA,ROAD,7,17.0
36436,1,1,113,2,3,60.0,0,I,MELB_URBAN,ROAD,8,17.0
36437,1,3,99,2,1,40.0,0,I,MELB_URBAN,STREET,8,8.0
36438,1,3,134,1,1,70.0,0,N,MELB_URBAN,ROAD,8,10.0
36439,3,5,167,5,5,100.0,0,N,RURAL_VICTORIA,ROAD,8,18.0
36440,1,2,121,1,1,60.0,0,I,MELB_URBAN,ROAD,8,13.0
36441,1,3,147,5,2,80.0,0,N,MELB_URBAN,ROAD,8,7.0
36442,4,6,99,5,1,50.0,0,N,MELB_URBAN,AVENUE,7,14.0
36443,1,3,130,5,1,70.0,0,N,MELB_URBAN,ROAD,8,14.0
36444,1,3,121,2,1,100.0,0,I,RURAL_VICTORIA,HIGHWAY,8,13.0
36445,1,0,111,1,1,50.0,0,I,TOWNS,STREET,8,10.0
36446,1,3,111,2,2,60.0,0,I,MELB_URBAN,STREET,7,8.0
36447,1,3,130,1,9,60.0,0,I,MELB_URBAN,ROAD,7,18.0
36448,1,3,130,1,1,50.0,0,I,LARGE_PROVINCIAL_CITIES,STREET,8,15.0
36449,8,5,170,2,1,60.0,0,I,RURAL_VICTORIA,STREET,7,11.0
36450,1,2,130,5,1,70.0,0,N,MELB_URBAN,ROAD,8,14.0
36451,1,3,121,2,3,70.0,0,I,MELB_URBAN,ROAD,8,19.0
36452,2,3,102,5,3,50.0,0,N,MELB_URBAN,OTHER,8,18.0
36453,1,3,99,5,1,50.0,0,N,MELB_URBAN,STREET,8,16.0
36454,1,3,130,5,3,100.0,0,N,MELB_URBAN,UNKNOWN,8,18.0
36455,1,3,110,1,3,50.0,0,I,MELB_URBAN,ROAD,8,20.0
36456,1,3,121,5,3,50.0,0,N,MELB_URBAN,STREET,8,17.0
36457,1,2,121,2,1,60.0,0,I,MELB_URBAN,ROAD,8,14.0
36458,1,3,130,5,3,60.0,0,N,MELB_URBAN,UNKNOWN,8,19.0
36459,1,3,132,2,3,100.0,0,I,RURAL_VICTORIA,ROAD,8,18.0
36460,1,3,130,5,1,70.0,0,N,MELB_URBAN,STREET,8,15.0
36461,1,3,120,2,3,60.0,0,I,MELB_URBAN,ROAD,8,19.0
36462,4,3,181,5,3,40.0,0,N,MELB_URBAN,STREET,8,18.0
36463,2,1,99,5,5,50.0,0,N,LARGE_PROVINCIAL_CITIES,ROAD,8,21.0
36464,4,1,99,5,5,80.0,0,N,MELB_URBAN,ROAD,8,21.0
36465,1,4,130,5,2,80.0,0,N,MELB_URBAN,ROAD,8,6.0
36466,2,5,100,5,1,40.0,0,N,MELB_URBAN,OTHER,7,10.0
36467,4,3,183,5,5,100.0,0,N,RURAL_VICTORIA,HIGHWAY,8,20.0
36468,6,7,174,5,1,60.0,0,N,RURAL_VICTORIA,ROAD,8,13.0
36469,1,4,110,1,2,40.0,0,I,MELB_URBAN,ROAD,8,7.0
36470,1,4,163,5,1,40.0,0,N,MELB_URBAN,ROAD,8,9.0
36471,1,1,130,1,2,60.0,0,I,SMALL_CITIES,AVENUE,6,16.0
36472,4,4,171,5,2,60.0,0,N,SMALL_CITIES,STREET,8,7.0
36473,1,4,130,5,1,60.0,0,N,MELB_URBAN,ROAD,8,12.0
36474,1,3,130,5,1,70.0,0,N,MELB_URBAN,ROAD,7,10.0
36475,6,4,99,5,1,100.0,0,N,RURAL_VICTORIA,HIGHWAY,8,8.0
36476,1,4,121,1,1,110.0,0,N,RURAL_VICTORIA,FREEWAY,8,11.0
36477,1,5,99,5,1,60.0,0,N,MELB_URBAN,ROAD,8,11.0
36478,1,4,99,5,1,100.0,0,N,MELB_URBAN,UNKNOWN,8,10.0
36479,1,4,130,5,1,60.0,0,N,MELB_URBAN,STREET,8,12.0
36480,1,5,130,5,2,60.0,0,N,LARGE_PROVINCIAL_CITIES,STREET,7,17.0
36481,1,3,130,2,1,60.0,0,I,MELB_URBAN,STREET,8,14.0
36482,1,4,121,1,1,80.0,0,N,MELB_URBAN,ROAD,8,10.0
36483,8,2,99,5,1,40.0,0,N,MELB_URBAN,STREET,7,14.0
36484,4,4,181,5,1,70.0,0,N,MELB_URBAN,HIGHWAY,8,14.0
36485,1,4,99,2,1,90.0,0,I,RURAL_VICTORIA,OTHER,8,15.0
36486,2,6,99,5,9,60.0,0,N,MELB_URBAN,STREET,7,21.0
36487,1,4,110,1,1,60.0,0,I,SMALL_CITIES,STREET,8,14.0
36488,2,4,100,2,3,40.0,0,I,MELBOURNE_CBD,STREET,7,5.0
36489,2,4,102,5,1,50.0,0,N,MELB_URBAN,ROAD,8,16.0
36490,1,3,163,5,1,40.0,0,N,MELB_URBAN,ROAD,8,14.0
36491,1,4,132,2,1,60.0,0,N,MELB_URBAN,STREET,8,16.0
36492,1,3,99,5,1,50.0,0,N,SMALL_CITIES,DRIVE,8,15.0
36493,1,4,110,1,3,50.0,0,I,MELB_URBAN,AVENUE,8,19.0
36494,4,4,173,5,1,50.0,0,N,TOWNS,STREET,8,14.0
36495,8,3,174,5,2,60.0,0,N,RURAL_VICTORIA,OTHER,8,19.0
36496,6,6,170,5,3,60.0,0,N,MELB_URBAN,ROAD,7,18.0
36497,1,4,130,5,2,50.0,0,N,MELB_URBAN,AVENUE,8,6.0
36498,8,5,174,2,1,40.0,0,I,MELB_URBAN,STREET,7,15.0
36499,2,4,100,1,5,60.0,0,I,TOWNS,STREET,8,18.0
36500,4,4,171,5,6,100.0,0,N,RURAL_VICTORIA,FREEWAY,5,2.0
36501,1,4,121,4,3,80.0,0,N,MELB_URBAN,RAMP,8,20.0
36502,1,4,113,2,2,60.0,0,I,MELB_URBAN,ROAD,8,17.0
36503,2,4,102,2,3,80.0,1,I,MELB_URBAN,ROAD,8,18.0
36504,4,5,173,5,3,60.0,0,N,MELB_URBAN,ROAD,8,3.0
36505,1,5,160,5,1,60.0,0,N,MELB_URBAN,ROAD,7,10.0
36506,1,6,130,2,1,80.0,0,I,MELB_URBAN,ROAD,8,16.0
36507,8,2,174,5,1,60.0,0,N,RURAL_VICTORIA,ROAD,5,11.0
36508,1,5,130,5,2,100.0,0,N,MELB_URBAN,FREEWAY,8,6.0
36509,1,3,140,5,2,60.0,0,N,MELB_URBAN,DRIVE,8,6.0
36510,1,5,99,2,1,70.0,0,I,MELB_URBAN,ROAD,8,8.0
36511,8,5,99,5,1,60.0,0,N,MELB_URBAN,STREET,8,8.0
36512,1,3,121,1,1,60.0,0,I,MELB_URBAN,HIGHWAY,8,15.0
36513,2,5,100,2,1,60.0,0,I,MELB_URBAN,ROAD,8,8.0
36514,1,5,163,5,1,50.0,0,N,MELB_URBAN,STREET,8,9.0
36515,1,5,132,1,1,80.0,0,I,MELB_URBAN,ROAD,8,10.0
36516,4,4,173,5,1,100.0,1,N,RURAL_VICTORIA,HIGHWAY,8,9.0
36517,1,4,99,5,1,60.0,0,N,MELB_URBAN,ROAD,8,10.0
36518,1,4,99,5,3,100.0,0,N,MELB_URBAN,ROAD,4,19.0
36519,1,5,121,1,1,60.0,0,I,MELB_URBAN,STREET,8,8.0
36520,1,5,121,1,1,80.0,0,I,MELB_URBAN,HIGHWAY,8,12.0
36521,6,5,174,2,1,80.0,0,I,MELB_URBAN,HIGHWAY,8,10.0
36522,1,4,121,2,1,50.0,0,I,MELB_URBAN,STREET,8,11.0
36523,1,5,130,5,5,80.0,0,N,TOWNS,STREET,8,6.0
36524,2,5,100,2,1,40.0,0,I,MELB_URBAN,ROAD,8,11.0
36525,4,5,181,5,1,100.0,0,N,RURAL_VICTORIA,ROAD,8,12.0
36526,4,3,181,5,1,80.0,0,N,RURAL_VICTORIA,HIGHWAY,8,14.0
36527,6,7,174,2,3,60.0,0,I,MELB_URBAN,ROAD,2,21.0
36528,1,5,110,1,1,60.0,0,I,MELB_URBAN,ROAD,8,13.0
36529,2,1,102,2,2,50.0,0,I,LARGE_PROVINCIAL_CITIES,STREET,8,17.0
36530,2,5,99,2,1,50.0,0,I,LARGE_PROVINCIAL_CITIES,STREET,8,16.0
36531,1,5,132,2,1,40.0,0,I,MELB_URBAN,ROAD,8,16.0
36532,1,3,116,1,3,80.0,0,I,MELB_URBAN,ROAD,8,19.0
36533,1,5,113,1,1,60.0,0,I,MELB_URBAN,STREET,8,17.0
36534,6,5,174,5,3,50.0,0,N,SMALL_CITIES,STREET,8,20.0
36535,3,5,167,5,5,100.0,0,N,RURAL_VICTORIA,ROAD,8,18.0
36536,1,5,130,1,2,60.0,0,I,MELB_URBAN,STREET,8,18.0
36537,4,5,99,2,5,100.0,0,N,RURAL_VICTORIA,OTHER,8,22.0
36538,1,3,130,1,3,40.0,0,I,MELBOURNE_CBD,STREET,7,2.0
36539,1,5,121,1,3,60.0,0,I,MELB_URBAN,STREET,8,23.0
36540,1,6,99,4,3,60.0,0,I,MELB_URBAN,PARADE,8,2.0
36541,1,6,160,5,3,60.0,0,N,MELB_URBAN,STREET,8,4.0
36542,1,4,163,5,3,40.0,0,N,MELB_URBAN,STREET,7,18.0
36543,4,6,99,2,2,80.0,0,I,RURAL_VICTORIA,ROAD,8,7.0
36544,8,6,174,5,2,60.0,0,N,RURAL_VICTORIA,OTHER,8,7.0
36545,1,6,113,2,1,60.0,0,I,MELB_URBAN,ROAD,8,8.0
36546,1,6,113,2,1,60.0,0,I,MELB_URBAN,ROAD,8,8.0
36547,1,4,130,1,9,60.0,0,I,LARGE_PROVINCIAL_CITIES,STREET,7,0.0
36548,1,6,130,5,1,40.0,0,N,MELBOURNE_CBD,STREET,8,9.0
36549,6,6,170,1,1,60.0,0,I,MELB_URBAN,DRIVE,8,9.0
36550,1,1,110,1,3,60.0,0,I,MELB_URBAN,STREET,8,20.0
36551,8,7,99,5,1,60.0,0,N,RURAL_VICTORIA,ROAD,8,13.0
36552,8,5,184,2,1,60.0,0,I,MELB_URBAN,STREET,8,16.0
36553,2,6,100,5,1,60.0,0,N,MELB_URBAN,ROAD,8,10.0
36554,8,6,174,5,2,60.0,0,N,MELB_URBAN,ROAD,8,7.0
36555,2,6,100,2,1,50.0,0,I,LARGE_PROVINCIAL_CITIES,STREET,8,13.0
36556,4,3,171,5,1,40.0,0,N,MELB_URBAN,ROAD,8,8.0
36557,2,6,102,1,1,60.0,0,I,MELB_URBAN,ROAD,8,10.0
36558,1,2,130,5,3,70.0,0,N,MELB_URBAN,ROAD,7,18.0
36559,1,4,120,2,3,60.0,0,I,RURAL_VICTORIA,HIGHWAY,8,22.0
36560,4,5,171,2,2,50.0,0,I,MELB_URBAN,ROAD,8,18.0
36561,1,5,130,5,1,60.0,0,N,MELB_URBAN,ROAD,8,16.0
36562,1,5,130,5,3,60.0,0,N,MELB_URBAN,OTHER,1,0.0
36563,1,6,113,2,1,80.0,0,I,MELB_URBAN,HIGHWAY,8,15.0
36564,1,2,133,5,1,80.0,0,N,MELB_URBAN,STREET,11,14.0
36565,1,6,120,5,1,100.0,1,N,RURAL_VICTORIA,ROAD,8,11.0
36566,1,6,140,2,1,80.0,0,I,MELB_URBAN,ROAD,8,15.0
36567,2,5,99,5,3,40.0,0,N,MELB_URBAN,STREET,5,18.0
36568,8,6,174,5,2,50.0,0,N,MELB_URBAN,OTHER,7,17.0
36569,1,6,99,2,1,50.0,0,I,MELB_URBAN,ROAD,8,16.0
36570,1,3,99,1,1,60.0,0,I,MELB_URBAN,ROAD,8,13.0
36571,1,5,121,5,2,60.0,0,I,MELB_URBAN,ROAD,8,7.0
36572,4,6,173,5,1,100.0,0,N,RURAL_VICTORIA,HIGHWAY,8,15.0
36573,4,6,171,5,1,80.0,1,N,RURAL_VICTORIA,ROAD,8,13.0
36574,1,6,99,2,2,70.0,0,I,MELB_URBAN,HIGHWAY,8,17.0
36575,1,6,110,1,2,100.0,0,I,RURAL_VICTORIA,HIGHWAY,8,17.0
36576,2,6,102,1,1,60.0,0,I,MELB_URBAN,ROAD,8,15.0
36577,1,6,121,4,3,70.0,0,I,MELB_URBAN,RAMP,8,18.0
36578,1,6,99,1,3,70.0,0,I,MELB_URBAN,ROAD,8,18.0
36579,1,6,140,5,5,100.0,0,N,LARGE_PROVINCIAL_CITIES,HIGHWAY,8,19.0
36580,4,6,173,2,3,40.0,0,I,MELB_URBAN,ROAD,8,21.0
36581,1,6,110,1,2,60.0,0,I,LARGE_PROVINCIAL_CITIES,STREET,8,17.0
36582,1,6,99,1,3,40.0,0,I,MELBOURNE_CBD,STREET,8,20.0
36583,6,7,174,5,1,80.0,0,N,MELB_URBAN,HIGHWAY,8,10.0
36584,4,6,181,5,5,100.0,0,N,RURAL_VICTORIA,ROAD,8,19.0
36585,1,6,110,1,3,60.0,0,I,MELB_URBAN,ROAD,8,17.0
36586,1,6,121,1,3,80.0,0,I,MELB_URBAN,HIGHWAY,8,20.0
36587,4,6,99,4,3,50.0,0,I,MELB_URBAN,ROAD,8,21.0
36588,4,5,183,5,5,110.0,0,N,SMALL_CITIES,FREEWAY,8,4.0
36589,1,3,140,5,6,60.0,0,N,MELB_URBAN,ROAD,5,18.0
36590,4,6,173,2,3,60.0,0,N,MELB_URBAN,PARADE,8,1.0
36591,4,7,171,5,5,110.0,0,N,RURAL_VICTORIA,FREEWAY,8,1.0
36592,4,7,171,2,3,60.0,0,I,MELB_URBAN,OTHER,8,2.0
36593,1,7,110,1,3,60.0,0,I,MELB_URBAN,STREET,8,3.0
36594,6,6,174,5,1,100.0,0,I,MELB_URBAN,FREEWAY,8,13.0
36595,6,6,174,5,5,110.0,1,N,RURAL_VICTORIA,FREEWAY,8,23.0
36596,4,5,171,5,5,80.0,0,N,MELB_URBAN,ROAD,6,3.0
36597,1,6,130,4,1,70.0,0,I,MELB_URBAN,RAMP,8,16.0
36598,1,7,121,2,1,60.0,0,I,MELB_URBAN,ROAD,8,10.0
36599,1,6,110,1,2,60.0,0,I,MELB_URBAN,ROAD,8,17.0
36600,4,6,181,5,1,40.0,0,N,MELB_URBAN,STREET,8,16.0
36601,1,7,116,2,1,60.0,0,I,MELB_URBAN,ROAD,8,11.0
36602,1,7,113,2,1,60.0,0,I,MELB_URBAN,ROAD,8,9.0
36603,1,6,99,5,2,70.0,0,N,MELB_URBAN,HIGHWAY,8,18.0
36604,1,6,110,1,1,60.0,0,I,MELB_URBAN,PARADE,8,16.0
36605,8,7,174,2,1,100.0,0,I,RURAL_VICTORIA,OTHER,8,12.0
36606,1,7,130,5,1,80.0,0,N,MELB_URBAN,ROAD,8,11.0
36607,1,7,140,5,1,60.0,0,N,MELB_URBAN,ROAD,8,12.0
36608,1,6,110,1,3,80.0,0,I,SMALL_CITIES,PARADE,8,21.0
36609,8,6,99,5,2,80.0,0,N,LARGE_PROVINCIAL_CITIES,ROAD,8,17.0
36610,4,7,173,5,1,110.0,0,N,RURAL_VICTORIA,HIGHWAY,8,13.0
36611,1,3,99,5,1,60.0,0,N,MELB_URBAN,AVENUE,8,12.0
36612,1,7,110,1,1,70.0,0,I,MELB_URBAN,STREET,8,15.0
36613,1,7,110,1,1,50.0,0,I,LARGE_PROVINCIAL_CITIES,STREET,8,12.0
36614,1,7,130,2,2,60.0,0,I,LARGE_PROVINCIAL_CITIES,STREET,8,17.0
36615,1,3,133,5,1,110.0,0,N,SMALL_CITIES,RAMP,8,8.0
36616,2,6,100,4,3,60.0,0,I,MELB_URBAN,ROAD,8,19.0
36617,1,7,110,1,6,60.0,0,I,TOWNS,STREET,8,18.0
36618,1,7,99,5,1,60.0,0,N,MELB_URBAN,HIGHWAY,8,12.0
36619,2,7,100,4,6,60.0,0,N,MELB_URBAN,ROAD,8,19.0
36620,1,7,147,5,1,60.0,0,N,MELB_URBAN,STREET,8,15.0
36621,1,4,121,1,2,60.0,0,I,MELB_URBAN,STREET,7,7.0
36622,1,7,99,5,3,50.0,0,N,MELB_URBAN,ROAD,8,20.0
36623,6,7,174,5,5,100.0,0,N,RURAL_VICTORIA,HIGHWAY,8,2.0
36624,1,1,130,2,3,70.0,0,I,MELB_URBAN,STREET,8,1.0
36625,1,7,133,5,9,40.0,0,N,MELB_URBAN,STREET,8,20.0
36626,4,7,181,5,3,50.0,0,N,MELB_URBAN,DRIVE,8,0.0
36627,1,5,113,1,3,70.0,0,I,LARGE_PROVINCIAL_CITIES,ROAD,7,22.0
36628,1,1,163,1,1,40.0,0,I,MELBOURNE_CBD,STREET,8,13.0
36629,1,7,120,2,1,80.0,0,N,RURAL_VICTORIA,ROAD,8,9.0
36630,1,5,113,2,1,60.0,0,I,MELB_URBAN,ROAD,8,8.0
36631,1,6,130,2,3,80.0,0,I,MELB_URBAN,ROAD,8,19.0
36632,1,1,110,1,2,60.0,0,I,MELB_URBAN,STREET,8,7.0
36633,1,3,130,5,1,80.0,0,N,MELB_URBAN,ROAD,8,12.0
36634,4,1,173,5,2,80.0,0,N,MELB_URBAN,HIGHWAY,8,7.0
36635,6,1,99,5,2,80.0,0,N,RURAL_VICTORIA,ROAD,8,7.0
36636,1,1,135,2,1,60.0,0,I,MELB_URBAN,ROAD,8,10.0
36637,4,1,171,5,1,80.0,0,N,RURAL_VICTORIA,ROAD,8,10.0
36638,4,7,181,5,5,80.0,0,N,RURAL_VICTORIA,ROAD,8,20.0
36639,1,1,130,2,1,60.0,0,I,MELB_URBAN,ROAD,8,11.0
36640,1,1,121,1,1,60.0,0,I,MELB_URBAN,STREET,8,12.0
36641,1,7,120,5,2,100.0,0,N,RURAL_VICTORIA,HIGHWAY,8,7.0
36642,2,7,99,2,2,50.0,0,I,MELB_URBAN,DRIVE,3,19.0
36643,1,6,130,5,1,60.0,0,N,SMALL_CITIES,UNKNOWN,8,8.0
36644,1,1,140,5,1,60.0,0,N,SMALL_CITIES,ROAD,8,10.0
36645,6,7,99,5,3,60.0,0,N,MELB_URBAN,ROAD,8,1.0
36646,2,7,102,5,3,50.0,0,N,MELB_URBAN,STREET,8,19.0
36647,1,1,110,1,1,60.0,0,I,MELB_URBAN,ROAD,8,14.0
36648,4,6,173,5,2,100.0,0,N,RURAL_VICTORIA,ROAD,8,7.0
36649,1,6,99,1,3,40.0,0,I,MELBOURNE_CBD,STREET,8,21.0
36650,6,1,99,5,1,100.0,0,N,RURAL_VICTORIA,AVENUE,8,16.0
36651,1,6,130,5,3,50.0,0,N,SMALL_CITIES,STREET,8,23.0
36652,1,1,116,1,1,60.0,0,I,MELB_URBAN,AVENUE,8,15.0
36653,6,7,99,5,1,100.0,0,N,RURAL_VICTORIA,ROAD,8,9.0
36654,1,1,99,5,3,50.0,0,N,MELB_URBAN,STREET,8,18.0
36655,1,1,99,1,3,40.0,0,I,MELBOURNE_CBD,STREET,8,20.0
36656,2,1,100,5,3,80.0,0,I,MELB_URBAN,FREEWAY,8,21.0
36657,5,1,99,5,6,60.0,0,N,SMALL_CITIES,STREET,8,18.0
36658,4,1,171,2,3,50.0,0,I,MELB_URBAN,STREET,8,3.0
36659,1,2,171,1,3,60.0,0,I,LARGE_PROVINCIAL_CITIES,STREET,8,2.0
36660,1,6,130,5,3,70.0,0,N,MELB_URBAN,ROAD,8,18.0
36661,1,4,116,2,2,60.0,0,I,MELB_URBAN,ROAD,8,18.0
36662,1,1,121,2,1,60.0,0,I,SMALL_CITIES,AVENUE,8,8.0
36663,2,6,102,2,1,60.0,0,I,MELB_URBAN,STREET,8,11.0
36664,1,6,99,2,9,60.0,0,I,SMALL_CITIES,PARADE,8,17.0
36665,1,2,121,5,1,60.0,0,N,MELB_URBAN,ROAD,8,9.0
36666,1,2,140,5,1,60.0,0,N,MELB_URBAN,STREET,8,10.0
36667,1,2,110,1,1,60.0,0,I,MELB_URBAN,STREET,8,9.0
36668,1,2,160,5,1,100.0,0,N,RURAL_VICTORIA,HIGHWAY,8,10.0
36669,8,7,170,5,1,60.0,0,N,RURAL_VICTORIA,ROAD,8,13.0
36670,1,6,130,5,1,80.0,0,N,MELB_URBAN,ROAD,8,16.0
36671,1,2,120,5,1,100.0,0,N,TOWNS,HIGHWAY,8,9.0
36672,4,7,171,5,5,100.0,0,N,RURAL_VICTORIA,HIGHWAY,8,23.0
36673,1,4,130,2,1,40.0,0,I,MELB_URBAN,ROAD,8,13.0
36674,1,2,121,1,1,60.0,0,I,MELB_URBAN,ROAD,8,13.0
36675,4,1,181,5,1,80.0,0,N,RURAL_VICTORIA,ROAD,8,8.0
36676,1,2,130,1,1,40.0,0,I,MELB_URBAN,ROAD,8,12.0
36677,1,2,121,4,1,60.0,0,I,MELB_URBAN,ROAD,8,12.0
36678,8,6,174,5,2,60.0,0,N,MELB_URBAN,AVENUE,8,18.0
36679,6,1,174,5,9,50.0,0,N,LARGE_PROVINCIAL_CITIES,STREET,7,16.0
36680,1,6,140,5,3,60.0,0,N,MELB_URBAN,ROAD,8,19.0
36681,1,2,99,2,2,60.0,0,N,MELB_URBAN,ROAD,8,7.0
36682,1,3,121,2,1,60.0,0,N,LARGE_PROVINCIAL_CITIES,ROAD,8,10.0
36683,4,2,173,5,1,100.0,0,N,RURAL_VICTORIA,ROAD,8,11.0
36684,1,6,140,5,6,60.0,0,N,MELB_URBAN,ROAD,8,23.0
36685,1,4,130,1,1,40.0,0,I,MELB_URBAN,ROAD,5,8.0
36686,1,2,130,5,3,60.0,0,N,MELB_URBAN,PARADE,8,18.0
36687,4,2,171,5,1,100.0,0,N,RURAL_VICTORIA,ROAD,8,11.0
36688,2,2,99,2,1,60.0,0,I,MELB_URBAN,ROAD,8,15.0
36689,1,3,130,2,3,50.0,0,I,MELB_URBAN,STREET,7,17.0
36690,4,2,173,5,1,100.0,0,N,RURAL_VICTORIA,ROAD,8,16.0
36691,1,2,160,5,3,70.0,0,N,MELB_URBAN,ROAD,8,19.0
36692,6,7,174,5,9,60.0,0,N,RURAL_VICTORIA,OTHER,8,13.0
36693,4,7,171,5,1,60.0,0,N,MELB_URBAN,STREET,8,12.0
36694,2,2,102,2,3,50.0,0,I,MELB_URBAN,ROAD,8,18.0
36695,1,2,121,1,3,60.0,0,I,MELB_URBAN,ROAD,8,20.0
36696,1,2,130,5,3,100.0,0,N,MELB_URBAN,FREEWAY,8,18.0
36697,1,2,130,5,2,70.0,0,N,MELB_URBAN,ROAD,8,17.0