,accident_type,day_of_week,dca_code,road_geometry,light_condition,speed_zone,severity,node_type,deg_urban_name,road_type,month,hour
36698,1,2,121,2,3,60.0,0,I,MELB_URBAN,STREET,8,20.0
36699,2,4,100,1,2,60.0,0,I,MELB_URBAN,HIGHWAY,8,16.0
36700,1,2,121,1,1,60.0,0,I,LARGE_PROVINCIAL_CITIES,HIGHWAY,8,8.0
36701,1,2,120,5,3,60.0,0,N,MELB_URBAN,ROAD,8,22.0
36702,4,2,181,5,5,80.0,0,N,RURAL_VICTORIA,ROAD,8,5.0
36703,1,1,120,5,1,60.0,0,N,MELB_URBAN,ROAD,8,15.0
36704,4,2,173,5,3,80.0,0,N,MELB_URBAN,HIGHWAY,8,22.0
36705,1,2,121,2,1,40.0,0,I,MELB_URBAN,ROAD,8,9.0
36706,1,3,134,5,1,80.0,0,N,MELB_URBAN,ROAD,8,8.0
36707,1,3,120,5,1,60.0,0,N,MELB_URBAN,ROAD,8,8.0
36708,2,3,100,2,2,50.0,0,I,TOWNS,OTHER,8,7.0
36709,1,1,99,5,9,50.0,0,N,MELB_URBAN,STREET,1,19.0
36710,1,3,140,2,1,50.0,0,N,MELB_URBAN,STREET,8,9.0
36711,1,3,130,5,1,80.0,0,N,MELB_URBAN,UNKNOWN,8,9.0
36712,4,3,171,5,1,50.0,0,N,SMALL_CITIES,STREET,8,10.0
36713,1,1,133,5,3,80.0,0,N,MELB_URBAN,ROAD,9,20.0
36714,4,4,171,5,3,50.0,0,N,MELB_URBAN,STREET,1,23.0
36715,1,3,113,2,2,70.0,0,I,MELB_URBAN,ROAD,8,7.0
36716,1,3,130,5,1,60.0,0,N,MELB_URBAN,ROAD,8,8.0
36717,1,2,130,2,6,100.0,0,N,RURAL_VICTORIA,HIGHWAY,8,22.0
36718,6,2,99,5,1,100.0,0,N,RURAL_VICTORIA,HIGHWAY,8,15.0
36719,8,1,184,5,1,60.0,0,N,RURAL_VICTORIA,ROAD,8,10.0
36720,1,3,133,1,1,50.0,0,I,MELB_URBAN,STREET,8,13.0
36721,1,3,121,2,2,60.0,0,I,SMALL_CITIES,HIGHWAY,6,7.0
36722,1,2,132,1,1,60.0,0,I,MELB_URBAN,STREET,8,13.0
36723,4,7,183,5,1,60.0,0,N,RURAL_VICTORIA,ROAD,4,14.0
36724,1,5,130,1,1,60.0,0,I,MELB_URBAN,ROAD,4,16.0
36725,5,1,99,5,1,100.0,0,N,RURAL_VICTORIA,ROAD,8,16.0
36726,1,0,130,1,1,80.0,0,I,MELB_URBAN,ROAD,8,16.0
36727,8,3,174,5,1,60.0,0,N,MELB_URBAN,ROAD,8,15.0
36728,6,3,170,5,1,100.0,0,N,RURAL_VICTORIA,ROAD,8,15.0
36729,1,3,163,5,1,50.0,0,N,MELB_URBAN,OTHER,8,8.0
36730,1,3,130,5,2,60.0,0,N,MELB_URBAN,ROAD,8,17.0
36731,1,3,130,5,2,100.0,0,N,MELB_URBAN,FREEWAY,8,17.0
36732,1,3,130,5,2,80.0,0,N,MELB_URBAN,RAMP,8,17.0
36733,8,6,174,5,3,40.0,0,N,MELBOURNE_CBD,STREET,8,2.0
36734,1,5,113,4,9,60.0,0,I,MELB_URBAN,ROAD,8,16.0
36735,1,3,121,2,3,60.0,0,I,MELB_URBAN,ROAD,8,18.0
36736,4,3,173,5,5,80.0,0,N,SMALL_TOWNS,ROAD,8,19.0
36737,8,3,174,5,3,60.0,0,N,MELB_URBAN,ROAD,8,19.0
36738,1,3,120,5,5,100.0,0,N,RURAL_VICTORIA,ROAD,8,20.0
36739,2,3,100,2,2,60.0,0,I,MELB_URBAN,ROAD,8,6.0
36740,1,4,130,1,3,60.0,0,I,MELB_URBAN,ROAD,8,0.0
36741,4,3,183,5,5,110.0,0,N,SMALL_CITIES,FREEWAY,8,23.0
36742,1,3,121,2,2,50.0,0,I,LARGE_PROVINCIAL_CITIES,STREET,8,17.0
36743,1,2,130,5,1,60.0,0,N,MELB_URBAN,ROAD,7,12.0
36744,1,3,160,2,2,50.0,0,I,MELB_URBAN,STREET,4,18.0
36745,6,4,170,5,5,100.0,0,N,RURAL_VICTORIA,HIGHWAY,8,4.0
36746,1,4,99,1,1,60.0,0,I,MELB_URBAN,ROAD,8,8.0
36747,1,4,121,2,2,70.0,0,I,MELB_URBAN,ROAD,8,7.0
36748,1,4,120,5,5,100.0,1,N,RURAL_VICTORIA,ROAD,8,6.0
36749,1,3,121,2,2,60.0,0,N,MELB_URBAN,ROAD,8,7.0
36750,1,4,99,5,9,60.0,0,N,MELB_URBAN,ROAD,8,17.0
36751,1,1,116,2,1,60.0,0,N,MELB_URBAN,ROAD,8,12.0
36752,8,4,174,2,2,60.0,0,I,MELB_URBAN,ROAD,6,6.0
36753,1,4,121,2,1,60.0,0,I,MELB_URBAN,ROAD,8,8.0
36754,8,2,174,5,1,100.0,0,N,RURAL_VICTORIA,ROAD,8,13.0
36755,1,4,121,1,1,80.0,0,I,MELB_URBAN,HIGHWAY,8,8.0
36756,1,4,130,5,1,80.0,0,N,MELB_URBAN,UNKNOWN,8,10.0
36757,1,6,99,1,1,60.0,0,I,MELB_URBAN,ROAD,8,10.0
36758,1,4,121,2,1,70.0,0,I,MELB_URBAN,STREET,8,13.0
36759,1,4,130,5,1,70.0,0,N,RURAL_VICTORIA,HIGHWAY,8,14.0
36760,8,7,174,5,1,60.0,0,N,MELB_URBAN,STREET,8,14.0
36761,1,4,130,5,1,40.0,0,N,TOWNS,ROAD,8,13.0
36762,1,4,99,2,1,60.0,0,I,MELB_URBAN,STREET,8,9.0
36763,2,6,100,5,3,60.0,0,N,MELB_URBAN,ROAD,5,3.0
36764,4,6,99,5,1,30.0,0,N,MELB_URBAN,OTHER,5,12.0
36765,1,4,99,5,1,60.0,0,N,MELB_URBAN,STREET,8,13.0
36766,2,3,99,5,1,50.0,0,N,MELB_URBAN,STREET,8,9.0
36767,1,4,147,5,1,60.0,0,N,MELB_URBAN,STREET,8,16.0
36768,2,4,99,1,6,60.0,0,I,MELB_URBAN,STREET,8,18.0
36769,1,4,163,5,9,60.0,0,N,MELB_URBAN,ROAD,8,15.0
36770,1,4,121,1,1,60.0,0,I,MELB_URBAN,ROAD,8,13.0
36771,2,4,102,1,3,40.0,0,I,MELBOURNE_CBD,STREET,8,18.0
36772,1,4,130,5,3,80.0,0,N,MELB_URBAN,FREEWAY,7,18.0
36773,1,4,116,4,3,70.0,0,N,MELB_URBAN,ROAD,8,19.0
36774,1,2,130,1,3,80.0,0,I,RURAL_VICTORIA,ROAD,8,18.0
36775,1,4,121,2,6,50.0,0,I,MELB_URBAN,ROAD,8,17.0
36776,1,2,160,5,3,70.0,0,N,MELB_URBAN,ROAD,8,22.0
36777,4,4,171,5,1,110.0,1,N,TOWNS,FREEWAY,8,16.0
36778,1,3,130,1,3,60.0,0,I,MELB_URBAN,STREET,8,19.0
36779,1,6,121,1,1,40.0,0,I,MELB_URBAN,STREET,8,9.0
36780,2,4,99,5,1,50.0,0,N,TOWNS,STREET,8,10.0
36781,1,5,116,1,2,60.0,0,I,MELB_URBAN,ROAD,8,6.0
36782,8,4,174,1,3,60.0,0,I,MELB_URBAN,STREET,8,18.0
36783,4,5,171,5,9,100.0,0,N,MELB_URBAN,FREEWAY,5,16.0
36784,1,5,147,5,1,50.0,0,N,MELB_URBAN,HIGHWAY,8,8.0
36785,2,5,100,2,1,50.0,0,I,MELB_URBAN,ROAD,8,9.0
36786,1,5,130,5,1,80.0,0,N,MELB_URBAN,UNKNOWN,8,9.0
36787,1,4,147,5,1,60.0,0,N,MELB_URBAN,ROAD,8,7.0
36788,1,5,120,5,1,80.0,0,N,RURAL_VICTORIA,ROAD,8,9.0
36789,1,5,99,5,1,60.0,0,N,MELB_URBAN,ROAD,8,9.0
36790,1,5,130,5,1,60.0,0,N,MELB_URBAN,ROAD,8,10.0
36791,1,5,130,2,1,60.0,0,I,MELB_URBAN,ROAD,8,11.0
36792,1,5,134,5,1,40.0,0,N,MELBOURNE_CBD,STREET,8,9.0
36793,1,5,120,5,1,70.0,0,N,MELB_URBAN,ROAD,8,11.0
36794,1,6,130,5,2,60.0,0,N,MELB_URBAN,FREEWAY,8,17.0
36795,6,3,174,5,1,100.0,0,N,RURAL_VICTORIA,ROAD,8,10.0
36796,8,4,99,1,1,60.0,0,I,MELB_URBAN,ROAD,8,9.0
36797,2,5,102,1,1,40.0,0,I,MELBOURNE_CBD,OTHER,8,13.0
36798,1,5,130,5,1,60.0,0,N,MELB_URBAN,ROAD,8,9.0
36799,1,5,110,1,1,60.0,0,I,MELB_URBAN,STREET,8,13.0
36800,6,5,99,5,1,100.0,0,N,RURAL_VICTORIA,ROAD,8,13.0
36801,1,1,132,2,1,60.0,0,I,RURAL_VICTORIA,HIGHWAY,8,14.0
36802,1,5,130,1,2,60.0,0,I,MELB_URBAN,ROAD,7,16.0
36803,1,5,110,1,1,60.0,0,I,SMALL_CITIES,STREET,8,15.0
36804,1,5,110,1,1,60.0,0,I,MELB_URBAN,ROAD,8,16.0
36805,1,7,116,2,1,60.0,0,N,MELB_URBAN,ROAD,8,16.0
36806,1,5,99,1,1,70.0,0,I,MELB_URBAN,ROAD,8,16.0
36807,1,5,130,5,1,60.0,0,N,MELB_URBAN,ROAD,8,15.0
36808,1,5,120,5,2,80.0,0,N,RURAL_VICTORIA,HIGHWAY,8,17.0
36809,1,6,120,5,1,80.0,0,N,MELB_URBAN,ROAD,4,11.0
36810,2,5,102,1,5,50.0,0,I,LARGE_PROVINCIAL_CITIES,STREET,8,20.0
36811,6,5,170,5,3,60.0,0,N,MELB_URBAN,ROAD,8,20.0
36812,1,4,132,5,1,80.0,0,N,MELB_URBAN,ROAD,8,16.0
36813,1,5,99,1,2,60.0,0,I,MELB_URBAN,ROAD,8,6.0
36814,6,5,174,5,3,60.0,0,N,MELB_URBAN,ROAD,8,22.0
36815,8,4,174,1,2,50.0,0,I,MELB_URBAN,STREET,8,17.0
36816,1,5,99,2,1,60.0,0,I,MELB_URBAN,STREET,7,15.0
36817,1,6,110,1,1,100.0,0,I,RURAL_VICTORIA,ROAD,8,9.0
36818,6,4,99,5,5,100.0,0,N,RURAL_VICTORIA,HIGHWAY,8,5.0
36819,1,6,130,2,1,70.0,0,I,MELB_URBAN,HIGHWAY,8,9.0
36820,8,6,174,5,9,60.0,0,N,MELB_URBAN,ROAD,8,6.0
36821,1,5,130,5,3,100.0,0,N,MELB_URBAN,FREEWAY,6,18.0
36822,8,6,174,5,1,60.0,0,N,MELB_URBAN,ROAD,8,10.0
36823,1,4,99,2,3,60.0,0,I,MELB_URBAN,ROAD,4,17.0
36824,1,6,113,1,1,50.0,0,I,MELB_URBAN,ROAD,8,12.0
36825,8,5,174,2,1,60.0,0,I,MELB_URBAN,ROAD,8,14.0
36826,4,6,173,5,1,50.0,0,N,TOWNS,STREET,8,11.0
36827,8,5,170,5,5,100.0,0,N,RURAL_VICTORIA,ROAD,8,21.0
36828,8,6,174,2,1,60.0,0,I,MELB_URBAN,ROAD,8,8.0
36829,1,6,110,1,1,50.0,0,I,MELB_URBAN,STREET,8,11.0
36830,1,5,130,5,3,50.0,0,N,MELB_URBAN,AVENUE,8,18.0
36831,8,6,174,5,1,60.0,0,N,RURAL_VICTORIA,ROAD,8,10.0
36832,2,6,99,1,1,40.0,0,I,MELB_URBAN,STREET,8,16.0
36833,1,6,120,5,1,100.0,0,N,RURAL_VICTORIA,ROAD,8,16.0
36834,4,6,181,2,1,100.0,0,I,RURAL_VICTORIA,HIGHWAY,8,14.0
36835,1,6,113,2,2,70.0,0,I,MELB_URBAN,ROAD,8,17.0
36836,1,7,132,1,1,70.0,0,I,MELB_URBAN,ROAD,8,16.0
36837,1,6,130,2,1,60.0,0,I,MELB_URBAN,ROAD,8,16.0
36838,1,6,130,5,1,60.0,0,N,MELB_URBAN,ROAD,8,14.0
36839,1,5,121,2,2,80.0,0,I,RURAL_VICTORIA,ROAD,8,18.0
36840,1,6,113,2,3,60.0,0,N,SMALL_CITIES,STREET,8,17.0
36841,1,6,116,1,9,60.0,0,I,MELB_URBAN,OTHER,8,6.0
36842,1,6,140,5,3,70.0,0,N,MELB_URBAN,ROAD,8,19.0
36843,1,6,110,1,3,60.0,0,I,MELB_URBAN,STREET,8,20.0
36844,1,5,140,5,5,100.0,0,N,LARGE_PROVINCIAL_CITIES,HIGHWAY,8,22.0
36845,1,5,130,1,1,80.0,0,I,MELB_URBAN,ROAD,8,15.0
36846,1,6,130,2,3,70.0,0,I,MELB_URBAN,ROAD,8,18.0
36847,2,6,100,1,3,60.0,0,I,MELB_URBAN,STREET,8,22.0
36848,1,6,130,5,3,70.0,0,N,MELB_URBAN,ROAD,8,21.0
36849,1,6,147,5,1,60.0,0,N,MELB_URBAN,ROAD,8,16.0
36850,4,6,173,5,5,80.0,0,N,RURAL_VICTORIA,DRIVE,8,23.0
36851,1,6,130,5,3,60.0,0,N,MELB_URBAN,ROAD,8,18.0
36852,1,4,110,1,3,60.0,0,I,MELB_URBAN,ROAD,8,22.0
36853,4,7,183,5,5,60.0,0,N,MELB_URBAN,ROAD,8,2.0
36854,1,5,130,1,2,60.0,0,I,LARGE_PROVINCIAL_CITIES,HIGHWAY,7,16.0
36855,2,7,100,1,1,40.0,0,I,MELB_URBAN,STREET,8,8.0
36856,1,7,111,1,1,60.0,0,I,MELB_URBAN,ROAD,8,8.0
36857,1,6,130,1,1,70.0,0,I,LARGE_PROVINCIAL_CITIES,OTHER,8,10.0
36858,1,6,99,2,1,60.0,0,I,MELB_URBAN,STREET,8,14.0
36859,1,7,110,1,1,60.0,0,I,MELB_URBAN,ROAD,8,11.0
36860,1,7,110,1,1,50.0,0,I,MELB_URBAN,STREET,8,11.0
36861,1,7,130,2,1,60.0,0,I,MELB_URBAN,DRIVE,8,14.0
36862,1,7,121,2,1,80.0,0,I,MELB_URBAN,ROAD,8,13.0
36863,2,7,99,5,1,80.0,0,N,RURAL_VICTORIA,ROAD,8,13.0
36864,1,6,110,1,1,50.0,0,I,TOWNS,STREET,8,10.0
36865,4,7,183,5,1,100.0,0,N,RURAL_VICTORIA,ROAD,8,11.0
36866,3,7,167,5,1,100.0,0,N,RURAL_VICTORIA,HIGHWAY,8,13.0
36867,4,7,173,5,1,100.0,0,N,RURAL_VICTORIA,ROAD,8,13.0
36868,2,7,102,2,1,60.0,0,I,MELB_URBAN,STREET,8,15.0
36869,1,5,130,5,9,100.0,0,N,MELB_URBAN,UNKNOWN,5,7.0
36870,1,7,130,5,1,70.0,0,N,RURAL_VICTORIA,ROAD,8,11.0
36871,6,3,170,5,1,100.0,0,N,RURAL_VICTORIA,ROAD,7,12.0
36872,1,7,111,2,1,50.0,0,I,MELB_URBAN,STREET,8,14.0
36873,1,6,140,5,1,60.0,0,N,MELB_URBAN,ROAD,8,15.0
36874,1,7,121,2,2,60.0,0,I,MELB_URBAN,ROAD,8,17.0
36875,4,7,99,5,3,50.0,0,N,LARGE_PROVINCIAL_CITIES,ROAD,8,17.0
36876,1,7,120,5,1,90.0,1,N,RURAL_VICTORIA,ROAD,8,16.0
36877,4,7,171,1,3,50.0,0,I,MELB_URBAN,AVENUE,8,18.0
36878,1,7,120,5,2,100.0,0,N,RURAL_VICTORIA,ROAD,8,17.0
36879,4,6,173,5,5,100.0,0,N,RURAL_VICTORIA,ROAD,6,22.0
36880,1,7,132,2,1,100.0,0,I,RURAL_VICTORIA,ROAD,8,13.0
36881,1,7,113,2,1,80.0,0,I,RURAL_VICTORIA,ROAD,8,13.0
36882,1,6,130,5,1,50.0,0,N,MELB_URBAN,OTHER,8,14.0
36883,1,5,130,5,2,80.0,0,N,MELB_URBAN,HIGHWAY,8,7.0
36884,1,7,121,2,3,60.0,0,I,MELB_URBAN,STREET,8,19.0
36885,8,6,99,4,2,60.0,0,I,RURAL_VICTORIA,RAMP,8,17.0
36886,4,1,171,5,5,60.0,0,N,RURAL_VICTORIA,AVENUE,8,0.0
36887,4,7,171,5,3,60.0,0,N,MELB_URBAN,ROAD,8,23.0
36888,6,1,99,5,3,50.0,0,N,MELB_URBAN,DRIVE,8,2.0
36889,4,1,171,1,3,70.0,0,I,RURAL_VICTORIA,ROAD,8,3.0
36890,4,1,171,2,3,50.0,0,I,SMALL_CITIES,STREET,8,3.0
36891,1,3,116,2,1,60.0,0,I,MELB_URBAN,STREET,8,15.0
36892,1,3,147,5,2,60.0,0,N,SMALL_CITIES,STREET,6,16.0
36893,1,1,110,1,1,60.0,0,I,MELB_URBAN,STREET,8,8.0
36894,1,1,130,2,1,60.0,0,I,MELB_URBAN,OTHER,8,9.0
36895,8,5,174,2,1,60.0,0,I,MELB_URBAN,DRIVE,4,13.0
36896,6,1,99,5,1,100.0,0,N,RURAL_VICTORIA,HIGHWAY,8,10.0
36897,1,1,130,5,1,60.0,0,N,LARGE_PROVINCIAL_CITIES,STREET,8,13.0
36898,1,1,121,4,1,70.0,0,I,MELB_URBAN,ROAD,8,12.0
36899,4,7,183,5,1,60.0,0,N,MELB_URBAN,ROAD,8,14.0
36900,8,6,99,2,1,100.0,0,I,RURAL_VICTORIA,ROAD,8,11.0
36901,1,1,130,5,1,60.0,0,N,MELB_URBAN,ROAD,8,13.0
36902,1,5,113,2,1,60.0,0,I,MELB_URBAN,ROAD,8,8.0
36903,1,1,140,5,1,100.0,0,N,RURAL_VICTORIA,ROAD,8,14.0
36904,1,1,110,1,1,70.0,0,I,MELB_URBAN,STREET,8,14.0
36905,4,1,171,5,1,60.0,0,N,TOWNS,DRIVE,8,15.0
36906,1,1,121,1,3,70.0,0,I,MELB_URBAN,ROAD,8,17.0
36907,4,4,171,5,5,60.0,0,N,RURAL_VICTORIA,ROAD,8,22.0
36908,4,0,181,5,1,60.0,0,N,MELB_URBAN,ROAD,8,14.0
36909,8,1,184,5,1,60.0,0,N,RURAL_VICTORIA,ROAD,8,12.0
36910,1,1,121,2,1,100.0,0,I,RURAL_VICTORIA,HIGHWAY,8,14.0
36911,1,1,130,5,1,60.0,0,N,MELB_URBAN,ROAD,8,16.0
36912,2,1,99,5,3,60.0,0,N,SMALL_CITIES,ROAD,8,19.0
36913,1,1,121,1,3,60.0,0,I,MELB_URBAN,ROAD,8,20.0
36914,4,1,181,5,1,100.0,1,N,RURAL_VICTORIA,HIGHWAY,8,16.0
36915,1,7,110,1,3,60.0,0,I,MELB_URBAN,STREET,8,22.0
36916,1,1,135,5,3,80.0,0,N,MELB_URBAN,OTHER,8,22.0
36917,4,2,183,5,5,60.0,0,N,LARGE_PROVINCIAL_CITIES,STREET,8,1.0
36918,2,1,99,5,5,100.0,0,N,MELB_URBAN,FREEWAY,8,4.0
36919,7,7,99,5,1,80.0,0,N,MELB_URBAN,ROAD,8,14.0
36920,6,7,184,2,1,100.0,0,I,RURAL_VICTORIA,ROAD,8,15.0
36921,1,7,110,4,1,60.0,0,I,MELB_URBAN,AVENUE,8,16.0
36922,4,2,171,2,2,50.0,0,I,TOWNS,STREET,8,7.0
36923,4,2,173,5,2,100.0,0,N,MELB_URBAN,FREEWAY,8,7.0
36924,1,2,130,5,1,70.0,0,N,LARGE_PROVINCIAL_CITIES,ROAD,8,8.0
36925,1,2,99,5,1,40.0,0,N,MELBOURNE_CBD,STREET,8,10.0
36926,1,1,133,5,1,40.0,0,N,MELBOURNE_CBD,STREET,8,9.0
36927,1,2,121,1,1,50.0,0,I,MELB_URBAN,STREET,8,8.0
36928,1,5,133,5,1,50.0,0,N,MELB_URBAN,AVENUE,8,8.0
36929,1,2,120,5,2,80.0,0,N,MELB_URBAN,ROAD,8,6.0
36930,3,5,167,5,9,100.0,0,N,RURAL_VICTORIA,ROAD,8,18.0
36931,4,2,171,5,1,60.0,0,N,MELB_URBAN,ROAD,8,10.0
36932,6,1,99,5,2,80.0,0,N,RURAL_VICTORIA,ROAD,8,17.0
36933,1,2,147,5,1,50.0,0,N,SMALL_CITIES,STREET,8,11.0
36934,1,5,113,2,1,60.0,0,I,MELB_URBAN,AVENUE,8,9.0
36935,1,2,160,5,1,50.0,0,N,MELB_URBAN,STREET,8,11.0
36936,8,6,99,5,1,100.0,0,N,RURAL_VICTORIA,ROAD,8,13.0
36937,1,3,130,1,1,100.0,0,I,RURAL_VICTORIA,ROAD,3,8.0
36938,1,2,163,5,1,50.0,0,N,MELB_URBAN,STREET,8,12.0
36939,1,6,121,2,1,80.0,0,I,RURAL_VICTORIA,HIGHWAY,8,8.0
36940,1,2,110,1,1,50.0,0,I,MELB_URBAN,DRIVE,8,12.0
36941,1,6,147,5,1,60.0,0,N,MELB_URBAN,DRIVE,8,12.0
36942,1,5,130,1,1,60.0,0,I,MELB_URBAN,ROAD,4,15.0
36943,8,2,174,5,1,60.0,0,N,RURAL_VICTORIA,ROAD,8,13.0
36944,8,5,99,5,5,70.0,0,N,RURAL_VICTORIA,HIGHWAY,10,22.0
36945,1,2,120,2,1,80.0,0,N,MELB_URBAN,HIGHWAY,8,13.0
36946,1,2,130,1,2,60.0,0,I,MELB_URBAN,ROAD,8,20.0
36947,4,2,181,5,1,100.0,0,N,RURAL_VICTORIA,ROAD,8,13.0
36948,1,2,121,1,1,80.0,0,I,MELB_URBAN,ROAD,8,15.0
36949,1,2,130,5,1,80.0,0,N,MELB_URBAN,ROAD,8,16.0
36950,8,6,99,5,1,100.0,0,N,RURAL_VICTORIA,ROAD,8,16.0
36951,1,2,130,5,1,60.0,0,N,MELB_URBAN,ROAD,8,12.0
36952,1,4,132,2,6,70.0,0,I,MELB_URBAN,ROAD,7,23.0
36953,1,2,147,5,3,60.0,0,N,MELB_URBAN,ROAD,8,18.0
36954,1,2,160,5,1,40.0,0,N,MELB_URBAN,PARADE,8,16.0
36955,1,2,130,5,2,80.0,0,N,MELB_URBAN,HIGHWAY,8,17.0
36956,1,1,130,5,1,60.0,0,N,MELB_URBAN,ROAD,8,16.0
36957,1,2,134,5,3,80.0,0,N,MELB_URBAN,FREEWAY,8,18.0
36958,1,7,99,2,1,60.0,0,I,MELB_URBAN,PARADE,8,12.0
36959,4,2,171,5,3,50.0,0,N,LARGE_PROVINCIAL_CITIES,STREET,8,20.0
36960,6,2,99,2,2,80.0,0,I,RURAL_VICTORIA,ROAD,8,6.0
36961,1,2,130,1,1,80.0,0,I,MELB_URBAN,HIGHWAY,8,16.0
36962,1,2,130,5,2,60.0,0,N,MELB_URBAN,FREEWAY,8,17.0
36963,4,2,173,5,3,50.0,0,N,MELB_URBAN,STREET,8,22.0
36964,1,2,111,1,2,110.0,0,I,RURAL_VICTORIA,STREET,8,6.0
36965,8,2,174,2,3,40.0,0,I,MELB_URBAN,STREET,8,18.0
36966,4,3,173,1,3,60.0,0,I,MELB_URBAN,ROAD,8,3.0
36967,1,3,110,1,3,60.0,0,I,MELB_URBAN,ROAD,8,3.0
36968,1,2,140,5,1,60.0,0,N,SMALL_CITIES,ROAD,8,14.0
36969,9,3,99,5,2,60.0,0,N,MELB_URBAN,STREET,8,6.0
36970,1,3,113,2,1,60.0,0,I,MELB_URBAN,ROAD,8,8.0
36971,1,3,140,2,2,40.0,0,N,MELB_URBAN,STREET,8,7.0
36972,7,3,174,5,1,60.0,0,N,RURAL_VICTORIA,OTHER,8,8.0
36973,1,2,99,2,3,50.0,0,I,MELB_URBAN,OTHER,8,22.0
36974,1,2,130,2,5,100.0,0,I,RURAL_VICTORIA,HIGHWAY,8,19.0
36975,1,3,110,1,2,50.0,0,I,MELB_URBAN,UNKNOWN,8,7.0
36976,4,6,173,5,5,110.0,0,N,RURAL_VICTORIA,FREEWAY,7,20.0
36977,1,3,130,5,1,60.0,0,N,SMALL_TOWNS,HIGHWAY,8,8.0
36978,1,6,99,5,1,100.0,0,N,MELB_URBAN,ROAD,8,11.0
36979,1,3,121,2,1,70.0,0,I,MELB_URBAN,ROAD,8,10.0
36980,4,3,173,5,1,60.0,0,N,SMALL_CITIES,STREET,8,9.0
36981,2,4,102,2,3,60.0,0,I,MELB_URBAN,ROAD,8,20.0
36982,1,3,99,1,2,60.0,0,I,MELB_URBAN,ROAD,8,7.0
36983,4,3,181,5,1,80.0,0,N,RURAL_VICTORIA,HIGHWAY,8,9.0
36984,4,2,171,1,1,100.0,0,N,RURAL_VICTORIA,ROAD,4,15.0
36985,4,4,171,5,1,70.0,0,N,MELB_URBAN,ROAD,7,7.0
36986,1,1,130,5,1,80.0,0,N,MELB_URBAN,ROAD,8,13.0
36987,4,3,171,5,6,80.0,0,N,MELB_URBAN,ROAD,7,17.0
36988,1,3,113,2,1,60.0,0,I,MELB_URBAN,ROAD,8,11.0
36989,1,3,113,2,1,60.0,0,I,MELB_URBAN,ROAD,8,13.0
36990,1,2,130,2,1,80.0,0,I,MELB_URBAN,ROAD,8,14.0
36991,1,3,130,2,1,60.0,0,I,MELB_URBAN,PARADE,8,15.0
36992,1,3,111,2,1,60.0,0,I,MELB_URBAN,ROAD,8,15.0
36993,1,2,163,1,1,50.0,0,I,MELB_URBAN,ROAD,8,8.0
36994,1,3,135,5,2,40.0,0,N,MELBOURNE_CBD,STREET,8,17.0
36995,8,3,174,2,2,50.0,0,I,TOWNS,ROAD,8,17.0
36996,1,3,111,1,2,60.0,0,I,MELB_URBAN,ROAD,8,17.0
36997,8,1,174,2,1,80.0,0,N,RURAL_VICTORIA,RAMP,8,13.0
36998,6,3,99,5,1,100.0,0,N,RURAL_VICTORIA,ROAD,8,15.0
36999,1,3,130,5,1,110.0,0,N,RURAL_VICTORIA,FREEWAY,8,16.0
37000,2,3,100,5,2,50.0,0,N,TOWNS,STREET,8,17.0
37001,1,3,163,5,1,60.0,0,N,MELB_URBAN,PARADE,8,16.0
37002,6,3,174,5,2,80.0,0,N,MELB_URBAN,ROAD,8,17.0
37003,1,3,130,5,3,100.0,0,N,MELB_URBAN,FREEWAY,8,18.0
37004,8,2,174,1,2,70.0,0,N,MELB_URBAN,ROAD,8,17.0
37005,1,3,160,5,2,60.0,0,N,MELB_URBAN,ROAD,8,6.0
37006,2,4,100,5,5,50.0,0,N,MELB_URBAN,STREET,8,0.0
37007,1,3,133,5,3,100.0,0,N,MELB_URBAN,ROAD,8,22.0
37008,1,2,160,5,6,50.0,0,N,MELB_URBAN,ROAD,8,23.0
37009,1,1,121,1,5,80.0,0,I,SMALL_CITIES,ROAD,8,20.0
37010,4,4,171,5,5,100.0,0,N,RURAL_VICTORIA,ROAD,8,4.0
37011,1,3,132,1,2,60.0,0,I,MELB_URBAN,ROAD,8,17.0
37012,2,4,100,1,1,60.0,0,I,MELB_URBAN,ROAD,8,9.0
37013,1,4,132,5,1,100.0,0,N,RURAL_VICTORIA,HIGHWAY,8,9.0
37014,2,4,99,5,1,50.0,0,N,MELB_URBAN,STREET,8,8.0
37015,1,6,130,1,6,80.0,0,I,MELB_URBAN,ROAD,8,20.0
37016,2,4,100,5,1,50.0,0,N,MELB_URBAN,STREET,8,10.0
37017,1,4,121,2,1,60.0,0,I,LARGE_PROVINCIAL_CITIES,ROAD,8,11.0
37018,1,7,99,5,3,80.0,0,N,MELB_URBAN,ROAD,8,18.0
37019,1,4,130,2,1,60.0,0,I,MELB_URBAN,ROAD,8,8.0
37020,1,3,121,2,1,60.0,0,I,MELB_URBAN,STREET,8,12.0
37021,8,1,174,2,1,100.0,0,I,RURAL_VICTORIA,ROAD,8,12.0
37022,1,6,99,5,1,50.0,0,N,MELB_URBAN,DRIVE,8,15.0
37023,1,2,99,1,1,50.0,0,I,MELB_URBAN,STREET,8,8.0
37024,1,4,130,5,1,100.0,0,N,MELB_URBAN,FREEWAY,8,8.0
37025,1,2,113,2,1,80.0,0,I,MELB_URBAN,ROAD,6,15.0
37026,1,4,140,5,1,60.0,1,N,MELB_URBAN,ROAD,8,12.0
37027,8,4,174,5,1,80.0,0,N,MELB_URBAN,ROAD,8,8.0
37028,1,4,121,5,1,60.0,0,N,MELB_URBAN,ROAD,8,13.0
37029,8,7,99,5,1,80.0,0,N,RURAL_VICTORIA,ROAD,8,12.0
37030,8,5,174,9,1,60.0,0,N,RURAL_VICTORIA,ROAD,8,16.0
37031,4,4,173,1,1,50.0,0,I,MELB_URBAN,DRIVE,8,10.0