,accident_type,day_of_week,dca_code,road_geometry,light_condition,speed_zone,severity,node_type,deg_urban_name,road_type,month,hour
37032,1,4,121,2,1,80.0,0,N,MELB_URBAN,HIGHWAY,8,13.0
37033,1,4,132,2,1,60.0,0,I,RURAL_VICTORIA,STREET,8,12.0
37034,1,4,99,2,1,80.0,0,I,RURAL_VICTORIA,HIGHWAY,8,8.0
37035,8,4,174,1,1,60.0,0,I,LARGE_PROVINCIAL_CITIES,ROAD,8,14.0
37036,8,4,174,1,1,60.0,0,I,MELB_URBAN,ROAD,8,11.0
37037,4,3,173,5,2,100.0,0,N,RURAL_VICTORIA,ROAD,8,17.0
37038,1,2,130,5,1,60.0,0,N,MELB_URBAN,ROAD,4,8.0
37039,3,1,167,5,1,60.0,0,N,RURAL_VICTORIA,ROAD,8,13.0
37040,1,4,130,1,2,80.0,0,I,MELB_URBAN,HIGHWAY,7,16.0
37041,1,4,116,2,1,60.0,0,I,LARGE_PROVINCIAL_CITIES,ROAD,8,15.0
37042,1,3,133,2,9,80.0,0,I,MELB_URBAN,ROAD,8,19.0
37043,1,4,147,5,1,40.0,0,N,MELB_URBAN,STREET,8,15.0
37044,4,4,99,5,1,60.0,0,N,SMALL_CITIES,ROAD,8,13.0
37045,1,4,113,2,1,70.0,0,I,LARGE_PROVINCIAL_CITIES,DRIVE,8,16.0
37046,6,4,174,1,1,60.0,0,I,SMALL_CITIES,STREET,8,13.0
37047,4,4,173,5,2,70.0,0,N,MELB_URBAN,ROAD,8,17.0
37048,1,4,99,1,1,80.0,0,I,SMALL_CITIES,ROAD,8,16.0
37049,1,3,130,5,1,70.0,0,N,MELB_URBAN,ROAD,8,8.0
37050,1,4,99,2,1,40.0,0,I,MELBOURNE_CBD,STREET,8,8.0
37051,1,4,121,2,1,60.0,0,I,MELB_URBAN,ROAD,8,16.0
37052,1,5,113,2,1,60.0,0,I,MELB_URBAN,STREET,5,14.0
37053,1,4,110,1,3,60.0,0,I,MELB_URBAN,AVENUE,8,19.0
37054,1,4,134,5,3,100.0,0,N,MELB_URBAN,FREEWAY,8,18.0
37055,1,2,147,2,2,60.0,0,I,MELB_URBAN,ROAD,8,7.0
37056,1,4,99,5,1,40.0,0,N,MELB_URBAN,ROAD,8,8.0
37057,1,4,130,1,3,80.0,0,I,MELB_URBAN,ROAD,4,19.0
37058,1,5,135,5,5,110.0,0,N,SMALL_TOWNS,FREEWAY,8,1.0
37059,4,5,173,5,3,80.0,0,N,MELB_URBAN,ROAD,8,2.0
37060,1,4,113,4,1,70.0,0,N,MELB_URBAN,ROAD,8,13.0
37061,4,5,171,5,3,60.0,0,N,MELB_URBAN,ROAD,8,5.0
37062,1,5,99,4,3,60.0,0,I,MELB_URBAN,STREET,8,5.0
37063,1,4,121,1,2,60.0,0,I,LARGE_PROVINCIAL_CITIES,ROAD,8,17.0
37064,1,5,130,5,1,60.0,0,N,LARGE_PROVINCIAL_CITIES,ROAD,6,11.0
37065,4,2,99,2,2,100.0,0,I,RURAL_VICTORIA,ROAD,7,6.0
37066,6,4,174,1,2,80.0,0,I,MELB_URBAN,ROAD,8,17.0
37067,1,1,135,5,3,80.0,0,N,MELB_URBAN,ROAD,8,4.0
37068,1,5,110,1,1,50.0,0,I,TOWNS,STREET,8,8.0
37069,1,5,99,1,1,60.0,0,I,MELB_URBAN,ROAD,7,16.0
37070,3,3,167,5,5,100.0,0,N,RURAL_VICTORIA,ROAD,8,21.0
37071,1,4,121,2,2,50.0,0,I,MELB_URBAN,ROAD,8,17.0
37072,8,5,174,5,2,100.0,0,N,RURAL_VICTORIA,ROAD,8,6.0
37073,1,2,99,5,1,70.0,0,I,SMALL_CITIES,HIGHWAY,8,13.0
37074,1,5,130,5,1,70.0,0,N,MELB_URBAN,ROAD,8,8.0
37075,1,5,133,5,1,100.0,0,N,MELB_URBAN,ROAD,8,11.0
37076,4,4,171,5,5,80.0,0,N,RURAL_VICTORIA,HIGHWAY,8,22.0
37077,1,5,160,5,1,50.0,0,N,MELB_URBAN,DRIVE,8,10.0
37078,8,7,184,5,1,60.0,0,N,RURAL_VICTORIA,ROAD,8,16.0
37079,1,5,132,2,1,60.0,0,I,MELB_URBAN,ROAD,8,8.0
37080,1,3,130,1,6,60.0,0,I,MELB_URBAN,ROAD,2,20.0
37081,1,1,113,2,1,100.0,0,I,SMALL_CITIES,ROAD,8,15.0
37082,1,5,113,2,1,60.0,0,I,MELB_URBAN,ROAD,8,13.0
37083,2,5,99,5,1,40.0,0,N,TOWNS,STREET,8,8.0
37084,1,4,130,5,2,70.0,0,N,MELB_URBAN,ROAD,8,17.0
37085,1,5,160,5,1,50.0,0,N,MELB_URBAN,STREET,8,12.0
37086,1,5,99,5,1,40.0,0,N,MELB_URBAN,STREET,8,14.0
37087,2,4,102,5,3,60.0,0,N,MELB_URBAN,STREET,8,21.0
37088,1,2,121,2,1,70.0,0,N,MELB_URBAN,ROAD,8,8.0
37089,1,4,113,2,1,80.0,0,I,RURAL_VICTORIA,HIGHWAY,8,13.0
37090,1,4,130,2,3,60.0,0,I,MELB_URBAN,ROAD,8,21.0
37091,1,5,160,5,1,60.0,0,N,MELB_URBAN,ROAD,8,14.0
37092,1,4,130,2,2,70.0,0,I,MELB_URBAN,ROAD,8,17.0
37093,1,1,111,2,6,60.0,0,I,MELB_URBAN,STREET,8,22.0
37094,2,5,99,5,1,60.0,0,N,MELB_URBAN,ROAD,8,15.0
37095,4,5,173,2,2,100.0,0,I,RURAL_VICTORIA,HIGHWAY,8,17.0
37096,8,3,184,2,9,60.0,0,I,MELB_URBAN,ROAD,3,7.0
37097,1,5,163,2,3,40.0,0,I,MELB_URBAN,STREET,8,18.0
37098,1,4,130,5,3,80.0,0,N,MELB_URBAN,UNKNOWN,8,18.0
37099,1,2,130,5,1,80.0,0,N,MELB_URBAN,ROAD,8,8.0
37100,1,5,147,5,1,50.0,0,N,SMALL_CITIES,STREET,8,15.0
37101,1,5,99,5,1,50.0,0,N,MELB_URBAN,OTHER,8,16.0
37102,1,5,121,2,3,60.0,0,I,MELB_URBAN,PARADE,8,19.0
37103,1,5,110,1,3,60.0,0,I,LARGE_PROVINCIAL_CITIES,ROAD,8,19.0
37104,2,4,99,5,3,60.0,0,N,TOWNS,ROAD,8,19.0
37105,1,5,121,2,2,60.0,0,I,MELB_URBAN,OTHER,8,17.0
37106,1,5,121,1,3,80.0,0,I,MELB_URBAN,ROAD,8,21.0
37107,1,5,116,2,3,60.0,0,N,MELB_URBAN,ROAD,7,23.0
37108,4,5,171,5,3,70.0,0,N,MELB_URBAN,ROAD,8,22.0
37109,1,6,121,5,2,100.0,0,N,RURAL_VICTORIA,ROAD,8,17.0
37110,4,6,171,5,3,60.0,0,N,MELB_URBAN,ROAD,8,1.0
37111,1,4,110,1,1,50.0,0,I,MELB_URBAN,STREET,8,12.0
37112,1,4,110,1,1,60.0,0,I,LARGE_PROVINCIAL_CITIES,STREET,8,16.0
37113,4,6,171,5,5,100.0,0,N,RURAL_VICTORIA,HIGHWAY,8,5.0
37114,1,5,130,5,1,60.0,0,N,MELB_URBAN,ROAD,8,14.0
37115,1,6,110,1,1,60.0,0,N,MELB_URBAN,ROAD,8,8.0
37116,4,6,171,5,2,50.0,0,N,MELB_URBAN,DRIVE,8,6.0
37117,1,4,130,5,2,100.0,0,N,MELB_URBAN,ROAD,8,7.0
37118,1,5,130,5,1,70.0,0,N,MELB_URBAN,ROAD,8,15.0
37119,1,4,130,5,2,60.0,0,N,SMALL_TOWNS,ROAD,8,16.0
37120,2,6,99,5,1,40.0,0,N,MELB_URBAN,STREET,8,11.0
37121,1,6,130,5,2,50.0,0,N,MELB_URBAN,STREET,8,17.0
37122,1,6,130,1,1,60.0,0,N,MELB_URBAN,STREET,8,8.0
37123,1,6,130,5,1,100.0,0,N,MELB_URBAN,FREEWAY,8,8.0
37124,1,6,132,5,1,60.0,0,N,MELB_URBAN,ROAD,8,15.0
37125,3,3,167,5,2,90.0,0,N,LARGE_PROVINCIAL_CITIES,HIGHWAY,8,6.0
37126,4,6,173,5,1,50.0,0,N,MELB_URBAN,STREET,8,16.0
37127,8,4,174,2,2,60.0,0,I,RURAL_VICTORIA,OTHER,8,17.0
37128,1,1,140,5,1,70.0,0,N,MELB_URBAN,ROAD,8,15.0
37129,6,6,174,5,1,50.0,0,N,MELB_URBAN,STREET,8,16.0
37130,1,6,130,5,2,60.0,0,N,MELB_URBAN,ROAD,8,18.0
37131,1,6,110,1,3,80.0,0,I,MELB_URBAN,ROAD,8,18.0
37132,4,6,181,5,3,80.0,0,N,MELB_URBAN,RAMP,8,19.0
37133,3,5,167,5,3,100.0,0,N,RURAL_VICTORIA,FREEWAY,8,20.0
37134,1,6,130,5,3,80.0,0,N,MELB_URBAN,UNKNOWN,8,19.0
37135,2,4,100,4,1,60.0,0,I,MELB_URBAN,STREET,8,16.0
37136,6,6,174,5,3,50.0,0,N,MELB_URBAN,DRIVE,8,19.0
37137,2,6,100,1,3,60.0,0,I,MELB_URBAN,ROAD,8,18.0
37138,4,6,171,5,5,50.0,0,N,MELB_URBAN,STREET,8,19.0
37139,1,6,110,1,3,50.0,0,I,SMALL_CITIES,STREET,8,21.0
37140,1,6,130,5,1,100.0,0,N,MELB_URBAN,FREEWAY,8,15.0
37141,1,6,110,1,3,40.0,0,I,MELB_URBAN,STREET,8,18.0
37142,4,6,173,5,5,100.0,0,N,RURAL_VICTORIA,ROAD,8,3.0
37143,6,7,99,4,3,60.0,0,I,MELB_URBAN,ROAD,8,0.0
37144,2,6,102,5,3,60.0,0,N,MELB_URBAN,STREET,8,19.0
37145,2,5,100,2,2,50.0,0,I,MELB_URBAN,STREET,8,6.0
37146,6,7,99,5,3,80.0,0,N,MELB_URBAN,ROAD,8,1.0
37147,1,7,147,5,3,60.0,0,N,MELB_URBAN,ROAD,8,1.0
37148,1,6,130,5,2,80.0,0,N,SMALL_CITIES,STREET,8,5.0
37149,1,6,99,1,1,50.0,0,I,TOWNS,STREET,8,15.0
37150,8,1,170,5,1,60.0,0,N,RURAL_VICTORIA,OTHER,8,14.0
37151,1,7,130,5,2,70.0,0,N,LARGE_PROVINCIAL_CITIES,ROAD,8,7.0
37152,8,7,174,5,1,60.0,0,N,MELB_URBAN,ROAD,8,8.0
37153,1,7,121,1,1,40.0,0,I,MELB_URBAN,ROAD,8,10.0
37154,1,7,110,1,1,50.0,0,I,TOWNS,STREET,8,12.0
37155,6,7,184,5,1,80.0,0,N,MELB_URBAN,ROAD,8,11.0
37156,1,7,132,2,1,60.0,0,I,MELB_URBAN,ROAD,8,13.0
37157,1,7,113,2,1,80.0,0,I,MELB_URBAN,HIGHWAY,8,13.0
37158,8,7,170,5,1,100.0,0,N,RURAL_VICTORIA,ROAD,8,11.0
37159,1,5,130,5,3,60.0,0,N,TOWNS,HIGHWAY,6,18.0
37160,3,5,167,5,6,60.0,0,N,TOWNS,BOULEVARD,8,18.0
37161,1,7,132,2,1,60.0,0,I,MELB_URBAN,STREET,8,15.0
37162,6,7,174,5,2,100.0,0,N,RURAL_VICTORIA,ROAD,8,7.0
37163,1,7,130,2,1,80.0,0,I,MELB_URBAN,ROAD,8,14.0
37164,1,7,130,5,1,80.0,0,N,MELB_URBAN,ROAD,8,13.0
37165,5,7,99,5,1,100.0,0,N,RURAL_VICTORIA,OTHER,8,13.0
37166,1,7,132,2,1,60.0,0,I,MELB_URBAN,ROAD,8,13.0
37167,1,7,113,2,1,60.0,0,I,MELB_URBAN,ROAD,8,15.0
37168,6,7,184,5,1,60.0,0,N,RURAL_VICTORIA,OTHER,8,13.0
37169,2,7,102,1,3,60.0,0,I,MELB_URBAN,ROAD,8,1.0
37170,4,7,171,5,1,100.0,0,N,RURAL_VICTORIA,ROAD,8,15.0
37171,4,7,183,5,3,50.0,0,N,TOWNS,STREET,8,17.0
37172,1,7,113,2,1,60.0,0,I,MELB_URBAN,ROAD,8,16.0
37173,1,7,113,2,1,80.0,0,I,RURAL_VICTORIA,ROAD,8,14.0
37174,6,7,170,5,1,100.0,0,N,RURAL_VICTORIA,ROAD,8,16.0
37175,1,7,110,1,3,80.0,0,I,LARGE_PROVINCIAL_CITIES,ROAD,8,18.0
37176,1,7,99,5,3,60.0,0,N,SMALL_CITIES,STREET,8,19.0
37177,1,7,130,2,3,60.0,0,I,MELB_URBAN,ROAD,8,3.0
37178,1,5,130,5,1,80.0,0,N,MELB_URBAN,HIGHWAY,8,10.0
37179,4,7,171,5,3,50.0,0,N,MELB_URBAN,STREET,8,18.0
37180,2,7,100,5,2,60.0,1,N,MELB_URBAN,STREET,8,18.0
37181,1,1,121,2,3,60.0,0,I,MELB_URBAN,STREET,8,0.0
37182,1,6,132,2,3,60.0,0,N,MELB_URBAN,ROAD,8,4.0
37183,1,7,110,1,3,60.0,0,I,MELB_URBAN,ROAD,8,22.0
37184,1,1,110,1,3,60.0,0,I,MELB_URBAN,ROAD,8,2.0
37185,1,1,99,5,3,80.0,1,N,MELB_URBAN,HIGHWAY,8,1.0
37186,8,7,184,5,1,60.0,0,N,RURAL_VICTORIA,ROAD,8,11.0
37187,6,7,174,5,1,60.0,0,N,RURAL_VICTORIA,OTHER,8,11.0
37188,6,1,174,5,1,60.0,0,N,RURAL_VICTORIA,ROAD,8,10.0
37189,1,7,113,2,1,50.0,0,I,MELB_URBAN,AVENUE,8,12.0
37190,1,2,130,5,2,100.0,0,N,MELB_URBAN,ROAD,6,8.0
37191,1,1,99,1,1,70.0,0,I,LARGE_PROVINCIAL_CITIES,STREET,8,12.0
37192,1,1,130,1,1,60.0,0,I,RURAL_VICTORIA,DRIVE,8,14.0
37193,1,1,147,2,1,60.0,0,I,MELB_URBAN,ROAD,8,13.0
37194,1,1,121,2,1,60.0,0,N,MELB_URBAN,ROAD,8,12.0
37195,1,7,110,1,3,80.0,0,I,SMALL_CITIES,HIGHWAY,8,22.0
37196,1,1,110,1,1,100.0,0,N,RURAL_VICTORIA,HIGHWAY,8,16.0
37197,4,1,173,5,1,110.0,0,N,RURAL_VICTORIA,HIGHWAY,8,15.0
37198,1,1,163,5,1,60.0,0,N,MELB_URBAN,ROAD,8,12.0
37199,1,1,110,1,1,100.0,1,I,RURAL_VICTORIA,ROAD,8,11.0
37200,1,7,133,5,1,100.0,0,N,RURAL_VICTORIA,ROAD,8,10.0
37201,1,1,120,5,2,100.0,0,N,RURAL_VICTORIA,HIGHWAY,8,17.0
37202,4,1,173,5,1,60.0,0,N,TOWNS,STREET,8,16.0
37203,1,1,130,1,2,70.0,0,N,LARGE_PROVINCIAL_CITIES,ROAD,8,18.0
37204,1,0,132,2,3,60.0,0,I,MELB_URBAN,OTHER,8,18.0
37205,1,1,132,1,2,70.0,0,I,MELB_URBAN,BOULEVARD,8,17.0
37206,4,1,171,5,5,100.0,1,N,RURAL_VICTORIA,ROAD,8,19.0
37207,1,4,160,5,3,60.0,0,N,MELB_URBAN,ROAD,8,18.0
37208,1,6,116,2,3,60.0,0,I,MELB_URBAN,ROAD,7,22.0
37209,4,1,171,5,3,60.0,0,N,MELB_URBAN,ROAD,8,0.0
37210,1,2,130,5,3,80.0,0,N,MELB_URBAN,ROAD,9,4.0
37211,1,2,130,5,2,100.0,0,N,RURAL_VICTORIA,FREEWAY,9,6.0
37212,1,2,120,5,2,40.0,0,N,MELB_URBAN,ROAD,9,7.0
37213,1,2,140,5,2,100.0,0,N,RURAL_VICTORIA,HIGHWAY,9,7.0
37214,8,1,184,5,1,60.0,0,N,RURAL_VICTORIA,ROAD,8,11.0
37215,1,4,130,1,9,60.0,0,I,MELB_URBAN,ROAD,8,9.0
37216,1,7,130,1,3,60.0,0,I,MELB_URBAN,ROAD,8,18.0
37217,1,2,116,2,1,40.0,0,I,MELB_URBAN,STREET,9,10.0
37218,1,5,99,1,2,60.0,0,I,MELB_URBAN,ROAD,8,18.0
37219,1,2,130,5,2,100.0,0,N,MELB_URBAN,FREEWAY,9,6.0
37220,1,6,130,2,2,70.0,0,I,LARGE_PROVINCIAL_CITIES,HIGHWAY,7,16.0
37221,1,2,99,2,1,80.0,0,N,MELB_URBAN,ROAD,9,10.0
37222,4,2,171,5,1,100.0,0,N,RURAL_VICTORIA,ROAD,9,9.0
37223,1,2,99,5,1,70.0,0,N,RURAL_VICTORIA,ROAD,9,11.0
37224,1,1,130,2,1,50.0,0,I,SMALL_CITIES,AVENUE,9,10.0
37225,1,4,135,5,1,60.0,0,N,SMALL_CITIES,STREET,8,12.0
37226,1,2,121,4,1,80.0,0,I,MELB_URBAN,HIGHWAY,9,11.0
37227,1,5,160,2,1,50.0,0,I,MELB_URBAN,STREET,8,15.0
37228,6,2,174,5,1,60.0,0,N,MELB_URBAN,ROAD,9,12.0
37229,6,6,174,2,1,60.0,0,I,RURAL_VICTORIA,OTHER,8,14.0
37230,8,7,174,5,1,100.0,0,N,RURAL_VICTORIA,OTHER,8,15.0
37231,4,7,181,5,1,100.0,0,N,RURAL_VICTORIA,ROAD,8,14.0
37232,4,2,171,5,1,50.0,0,N,MELB_URBAN,DRIVE,9,15.0
37233,1,2,99,5,1,60.0,0,N,SMALL_CITIES,STREET,9,15.0
37234,1,2,113,2,1,60.0,0,I,MELB_URBAN,ROAD,9,15.0
37235,4,2,181,5,1,60.0,0,N,SMALL_CITIES,RAMP,9,15.0
37236,4,2,183,5,1,100.0,0,N,RURAL_VICTORIA,ROAD,9,15.0
37237,1,2,130,5,2,60.0,0,N,MELB_URBAN,OTHER,9,17.0
37238,1,2,113,2,1,60.0,0,I,MELB_URBAN,STREET,9,15.0
37239,1,2,130,1,2,60.0,0,I,MELB_URBAN,ROAD,8,17.0
37240,4,2,171,5,2,60.0,0,N,MELB_URBAN,STREET,9,17.0
37241,1,2,147,5,1,40.0,0,N,MELB_URBAN,STREET,9,15.0
37242,1,2,130,1,1,80.0,0,I,RURAL_VICTORIA,ROAD,9,16.0
37243,2,2,102,2,3,50.0,0,I,MELB_URBAN,OTHER,9,18.0
37244,3,1,167,5,5,80.0,0,N,RURAL_VICTORIA,ROAD,9,19.0
37245,2,2,100,1,3,60.0,0,I,MELB_URBAN,ROAD,9,19.0
37246,8,2,174,1,1,50.0,0,I,SMALL_CITIES,STREET,9,14.0
37247,1,2,120,5,9,100.0,1,N,RURAL_VICTORIA,HIGHWAY,9,23.0
37248,4,2,173,5,3,100.0,0,N,MELB_URBAN,FREEWAY,9,23.0
37249,1,2,111,2,5,80.0,0,I,RURAL_VICTORIA,ROAD,9,23.0
37250,1,1,160,2,1,50.0,0,I,MELB_URBAN,DRIVE,8,16.0
37251,4,3,99,5,3,60.0,0,N,MELB_URBAN,ROAD,9,3.0
37252,4,3,181,2,2,60.0,0,I,TOWNS,HIGHWAY,9,6.0
37253,8,1,174,2,1,60.0,0,I,RURAL_VICTORIA,ROAD,8,12.0
37254,1,2,135,5,2,60.0,0,N,MELB_URBAN,ROAD,9,17.0
37255,1,5,163,5,3,60.0,0,N,MELB_URBAN,STREET,8,7.0
37256,4,3,171,1,1,70.0,0,I,MELB_URBAN,ROAD,9,8.0
37257,4,6,173,5,3,60.0,0,N,MELB_URBAN,STREET,6,3.0
37258,1,3,130,5,1,80.0,0,N,MELB_URBAN,ROAD,9,8.0
37259,1,6,130,1,1,60.0,0,I,LARGE_PROVINCIAL_CITIES,STREET,8,16.0
37260,1,2,130,4,1,60.0,0,I,MELB_URBAN,RAMP,9,8.0
37261,4,3,183,5,1,80.0,0,N,RURAL_VICTORIA,HIGHWAY,9,9.0
37262,6,3,174,5,1,60.0,0,N,MELB_URBAN,ROAD,9,9.0
37263,2,3,99,5,1,50.0,0,N,LARGE_PROVINCIAL_CITIES,AVENUE,9,9.0
37264,4,2,183,5,1,60.0,0,N,MELB_URBAN,ROAD,9,13.0
37265,1,3,116,1,1,60.0,0,I,MELB_URBAN,STREET,9,9.0
37266,1,3,110,1,1,60.0,0,I,MELB_URBAN,STREET,9,10.0
37267,1,3,110,1,1,60.0,0,I,MELB_URBAN,UNKNOWN,9,8.0
37268,1,3,147,5,1,60.0,0,N,LARGE_PROVINCIAL_CITIES,AVENUE,9,8.0
37269,1,4,130,4,2,60.0,0,I,MELB_URBAN,ROAD,8,7.0
37270,1,6,130,1,2,70.0,0,I,MELB_URBAN,STREET,8,18.0
37271,4,3,99,5,1,50.0,0,N,MELB_URBAN,STREET,9,10.0
37272,1,3,121,1,1,60.0,0,I,MELB_URBAN,HIGHWAY,9,11.0
37273,4,3,183,5,1,80.0,0,N,RURAL_VICTORIA,ROAD,9,9.0
37274,1,3,113,2,1,60.0,0,N,MELB_URBAN,ROAD,9,12.0
37275,2,2,99,5,1,50.0,0,N,MELB_URBAN,ROAD,9,13.0
37276,1,3,121,5,9,50.0,0,N,MELB_URBAN,ROAD,9,11.0
37277,1,2,130,2,1,60.0,0,I,MELB_URBAN,ROAD,9,15.0
37278,1,3,113,2,1,60.0,0,I,MELB_URBAN,STREET,10,16.0
37279,8,1,184,5,1,80.0,0,N,RURAL_VICTORIA,HIGHWAY,8,12.0
37280,6,1,99,2,1,80.0,0,I,RURAL_VICTORIA,ROAD,8,16.0
37281,8,1,174,5,1,60.0,0,N,RURAL_VICTORIA,ROAD,8,11.0
37282,2,3,99,5,1,40.0,0,N,MELB_URBAN,STREET,9,15.0
37283,2,3,100,2,1,50.0,0,I,MELB_URBAN,ROAD,9,16.0
37284,1,3,132,2,1,80.0,0,I,MELB_URBAN,ROAD,9,16.0
37285,4,7,173,2,1,60.0,0,N,RURAL_VICTORIA,ROAD,8,13.0
37286,1,3,121,1,1,50.0,0,I,MELB_URBAN,STREET,9,16.0
37287,1,3,110,1,3,60.0,0,I,MELB_URBAN,STREET,9,18.0
37288,1,2,130,2,3,60.0,0,I,MELB_URBAN,ROAD,9,19.0
37289,1,3,121,2,3,40.0,0,I,MELB_URBAN,ROAD,9,18.0
37290,4,3,171,5,5,100.0,0,N,RURAL_VICTORIA,ROAD,9,21.0
37291,4,3,171,5,3,60.0,0,N,MELB_URBAN,STREET,9,0.0
37292,4,3,173,5,5,60.0,0,N,MELB_URBAN,DRIVE,9,2.0
37293,1,3,132,5,1,60.0,0,N,MELB_URBAN,ROAD,9,14.0
37294,1,4,121,2,1,40.0,0,I,MELBOURNE_CBD,STREET,9,8.0
37295,1,4,120,5,2,60.0,0,N,MELB_URBAN,ROAD,9,7.0
37296,1,5,113,1,2,40.0,0,I,MELB_URBAN,STREET,8,17.0
37297,2,4,102,2,1,40.0,0,I,MELB_URBAN,ROAD,9,9.0
37298,4,4,183,5,1,100.0,0,N,RURAL_VICTORIA,ROAD,9,8.0
37299,1,4,130,5,2,80.0,0,N,MELB_URBAN,HIGHWAY,9,7.0
37300,1,4,121,1,1,50.0,0,I,MELB_URBAN,STREET,9,11.0
37301,6,4,99,5,1,60.0,0,N,MELB_URBAN,ROAD,9,8.0
37302,8,3,99,5,1,110.0,0,N,RURAL_VICTORIA,FREEWAY,9,14.0
37303,1,4,130,5,1,60.0,0,I,MELB_URBAN,ROAD,9,11.0
37304,1,2,111,1,6,60.0,0,I,SMALL_CITIES,STREET,8,19.0
37305,6,2,99,5,5,100.0,0,N,RURAL_VICTORIA,ROAD,9,19.0
37306,1,3,132,2,1,60.0,0,I,MELB_URBAN,HIGHWAY,9,7.0
37307,1,4,130,5,1,100.0,0,N,MELB_URBAN,FREEWAY,9,9.0
37308,1,4,130,1,1,70.0,0,I,MELB_URBAN,HIGHWAY,9,12.0
37309,1,5,130,4,1,80.0,0,I,MELB_URBAN,RAMP,8,15.0
37310,1,4,110,1,1,50.0,0,I,MELB_URBAN,STREET,9,8.0
37311,1,4,110,1,1,50.0,0,I,MELB_URBAN,DRIVE,9,14.0
37312,1,4,130,2,1,70.0,0,I,RURAL_VICTORIA,DRIVE,9,13.0
37313,2,4,99,5,1,60.0,0,N,MELB_URBAN,ROAD,9,12.0
37314,1,7,132,2,1,60.0,0,I,MELB_URBAN,ROAD,7,13.0
37315,1,4,116,2,1,80.0,0,I,MELB_URBAN,ROAD,9,15.0
37316,4,4,173,5,1,100.0,0,N,RURAL_VICTORIA,ROAD,9,15.0
37317,1,6,110,1,1,60.0,0,I,MELB_URBAN,STREET,8,8.0
37318,1,4,130,2,3,50.0,0,I,MELB_URBAN,ROAD,9,6.0
37319,1,4,113,2,3,60.0,0,I,MELB_URBAN,ROAD,9,18.0
37320,6,4,174,5,1,50.0,0,N,SMALL_TOWNS,STREET,9,12.0
37321,6,0,174,5,1,60.0,0,N,RURAL_VICTORIA,ROAD,9,14.0
37322,4,4,181,5,1,80.0,0,N,MELB_URBAN,AVENUE,9,16.0
37323,1,4,116,1,2,80.0,0,I,RURAL_VICTORIA,HIGHWAY,9,18.0
37324,4,4,171,5,2,80.0,0,N,RURAL_VICTORIA,ROAD,9,18.0
37325,4,4,173,5,5,110.0,0,N,RURAL_VICTORIA,FREEWAY,9,20.0
37326,1,4,140,5,3,60.0,0,N,MELB_URBAN,ROAD,9,22.0
37327,4,4,171,2,3,80.0,0,I,MELB_URBAN,ROAD,9,22.0
37328,1,4,110,1,2,80.0,0,I,SMALL_CITIES,STREET,9,17.0
37329,1,4,120,5,5,100.0,0,N,RURAL_VICTORIA,HIGHWAY,9,5.0
37330,1,5,160,5,3,60.0,0,N,SMALL_CITIES,STREET,9,2.0
37331,1,3,132,1,1,60.0,0,I,MELB_URBAN,ROAD,9,13.0
37332,1,5,130,2,1,60.0,0,I,MELB_URBAN,ROAD,9,8.0
37333,1,5,130,5,1,80.0,0,N,MELB_URBAN,UNKNOWN,8,16.0
37334,6,5,174,1,1,50.0,0,I,SMALL_CITIES,STREET,9,11.0
37335,1,6,132,5,1,60.0,0,N,MELB_URBAN,ROAD,8,16.0
37336,1,5,121,1,1,60.0,0,N,LARGE_PROVINCIAL_CITIES,STREET,9,9.0
37337,1,4,130,2,1,60.0,0,I,MELB_URBAN,ROAD,5,12.0
37338,1,5,99,1,1,60.0,0,N,SMALL_TOWNS,ROAD,9,12.0
37339,1,5,130,5,1,60.0,0,N,MELB_URBAN,ROAD,9,8.0
37340,4,1,173,5,5,100.0,0,N,TOWNS,ROAD,8,4.0
37341,1,6,130,2,2,60.0,0,I,MELB_URBAN,ROAD,7,18.0
37342,1,5,99,1,1,100.0,0,I,RURAL_VICTORIA,ROAD,9,13.0
37343,4,3,183,5,1,70.0,0,N,RURAL_VICTORIA,ROAD,9,11.0
37344,5,1,99,5,1,40.0,0,N,RURAL_VICTORIA,ROAD,8,14.0
37345,1,5,130,2,1,60.0,0,I,MELB_URBAN,ROAD,9,13.0
37346,1,3,130,1,9,70.0,0,I,MELB_URBAN,ROAD,9,18.0
37347,1,5,160,5,1,60.0,0,N,TOWNS,STREET,9,14.0
37348,8,1,174,5,1,100.0,0,N,RURAL_VICTORIA,ROAD,4,10.0
37349,1,1,130,2,3,60.0,0,I,MELB_URBAN,ROAD,8,22.0
37350,1,6,130,2,2,80.0,0,I,MELB_URBAN,OTHER,7,22.0
37351,1,5,113,2,1,60.0,0,I,MELB_URBAN,ROAD,9,16.0
37352,4,5,171,5,1,100.0,0,N,RURAL_VICTORIA,ROAD,9,16.0
37353,4,4,171,5,2,50.0,0,N,MELB_URBAN,STREET,9,17.0
37354,1,5,99,2,1,50.0,0,I,SMALL_CITIES,STREET,9,15.0
37355,1,5,110,1,2,60.0,0,I,MELB_URBAN,STREET,9,17.0
37356,1,4,110,1,1,50.0,0,I,MELB_URBAN,STREET,9,15.0
37357,1,5,147,2,1,50.0,0,I,MELB_URBAN,DRIVE,9,16.0
37358,1,5,121,2,2,40.0,0,I,MELB_URBAN,STREET,9,17.0
37359,1,5,99,1,2,50.0,0,I,MELB_URBAN,OTHER,9,17.0
37360,6,5,174,1,1,80.0,0,I,MELB_URBAN,ROAD,9,15.0
37361,1,5,160,5,1,100.0,0,N,MELB_URBAN,UNKNOWN,9,15.0
37362,1,5,113,2,3,60.0,0,I,MELB_URBAN,ROAD,9,18.0
37363,1,5,121,1,3,100.0,0,I,RURAL_VICTORIA,HIGHWAY,9,18.0
37364,1,5,120,2,5,50.0,0,I,SMALL_CITIES,AVENUE,9,19.0
37365,1,5,163,5,1,60.0,0,N,MELB_URBAN,STREET,9,15.0