,accident_type,day_of_week,dca_code,road_geometry,light_condition,speed_zone,severity,node_type,deg_urban_name,road_type,month,hour
37366,8,5,174,5,3,70.0,0,N,MELB_URBAN,HIGHWAY,9,18.0
37367,1,5,130,2,6,50.0,0,I,MELB_URBAN,AVENUE,9,18.0
37368,1,4,160,5,1,50.0,0,N,MELB_URBAN,OTHER,9,8.0
37369,1,4,121,1,3,60.0,0,I,MELB_URBAN,BOULEVARD,9,20.0
37370,1,5,99,5,1,60.0,0,N,MELB_URBAN,STREET,8,16.0
37371,2,5,102,1,3,60.0,0,I,MELB_URBAN,STREET,9,22.0
37372,1,4,130,5,3,60.0,0,N,MELB_URBAN,RAMP,9,18.0
37373,4,5,171,5,3,60.0,0,N,MELB_URBAN,STREET,9,23.0
37374,6,6,99,5,5,100.0,0,N,RURAL_VICTORIA,ROAD,9,2.0
37375,4,5,171,2,3,60.0,0,I,MELB_URBAN,BOULEVARD,9,3.0
37376,1,6,110,1,2,50.0,0,I,MELB_URBAN,STREET,9,6.0
37377,6,5,99,5,1,60.0,0,N,RURAL_VICTORIA,UNKNOWN,9,13.0
37378,4,6,181,5,2,100.0,0,N,RURAL_VICTORIA,ROAD,9,7.0
37379,1,6,121,5,2,90.0,0,N,MELB_URBAN,ROAD,9,7.0
37380,1,6,130,2,3,60.0,0,I,MELB_URBAN,AVENUE,4,18.0
37381,5,7,99,5,1,60.0,0,N,RURAL_VICTORIA,ROAD,8,14.0
37382,1,7,130,1,3,60.0,0,I,MELB_URBAN,HIGHWAY,8,18.0
37383,2,6,102,5,1,50.0,0,N,TOWNS,STREET,9,10.0
37384,1,2,99,1,1,100.0,0,I,RURAL_VICTORIA,HIGHWAY,9,13.0
37385,4,6,171,5,1,80.0,0,N,MELB_URBAN,ROAD,9,9.0
37386,1,6,160,5,1,60.0,0,N,MELB_URBAN,ROAD,9,10.0
37387,7,7,99,5,1,50.0,0,N,MELB_URBAN,STREET,8,11.0
37388,4,5,173,1,1,60.0,0,I,SMALL_CITIES,STREET,9,9.0
37389,1,4,120,5,1,100.0,0,N,RURAL_VICTORIA,ROAD,9,14.0
37390,8,5,174,1,1,60.0,0,I,MELB_URBAN,STREET,9,8.0
37391,1,6,130,5,1,60.0,0,N,MELB_URBAN,ROAD,9,12.0
37392,1,6,130,5,1,80.0,0,N,SMALL_CITIES,OTHER,9,11.0
37393,1,6,113,2,1,50.0,0,I,MELB_URBAN,BOULEVARD,9,8.0
37394,8,1,174,2,1,50.0,0,I,MELB_URBAN,ROAD,8,9.0
37395,4,6,181,5,1,80.0,0,N,RURAL_VICTORIA,ROAD,9,13.0
37396,4,7,181,5,1,60.0,0,N,RURAL_VICTORIA,ROAD,8,12.0
37397,6,7,174,5,1,50.0,0,N,SMALL_CITIES,STREET,8,16.0
37398,4,6,171,5,1,50.0,0,N,SMALL_CITIES,STREET,9,14.0
37399,6,6,184,5,1,60.0,0,N,RURAL_VICTORIA,UNKNOWN,9,13.0
37400,2,6,100,2,1,60.0,0,I,MELB_URBAN,STREET,9,12.0
37401,1,6,120,5,2,60.0,0,N,RURAL_VICTORIA,ROAD,5,17.0
37402,1,6,160,5,2,50.0,0,N,MELB_URBAN,OTHER,9,17.0
37403,1,2,130,5,1,60.0,0,N,MELB_URBAN,ROAD,8,15.0
37404,1,6,130,5,2,80.0,0,N,MELB_URBAN,ROAD,9,17.0
37405,1,6,113,2,2,80.0,0,I,MELB_URBAN,HIGHWAY,9,17.0
37406,1,6,111,2,2,60.0,0,I,MELB_URBAN,HIGHWAY,9,17.0
37407,1,6,121,1,3,60.0,0,I,MELB_URBAN,STREET,9,18.0
37408,1,6,120,5,1,100.0,0,N,RURAL_VICTORIA,HIGHWAY,9,16.0
37409,1,6,130,5,1,60.0,0,N,MELB_URBAN,ROAD,9,16.0
37410,2,6,100,2,1,60.0,0,I,MELB_URBAN,ROAD,9,15.0
37411,1,6,120,5,1,60.0,0,N,MELB_URBAN,ROAD,9,16.0
37412,1,6,130,5,3,70.0,0,N,MELB_URBAN,ROAD,9,19.0
37413,3,6,167,5,5,100.0,0,N,RURAL_VICTORIA,ROAD,9,18.0
37414,1,6,130,5,6,70.0,0,N,MELB_URBAN,ROAD,9,19.0
37415,1,6,121,2,1,60.0,0,I,MELB_URBAN,ROAD,9,16.0
37416,2,6,102,4,3,60.0,0,I,MELB_URBAN,ROAD,9,21.0
37417,1,6,132,1,3,60.0,0,I,MELB_URBAN,ROAD,9,22.0
37418,1,6,110,1,1,80.0,0,I,MELB_URBAN,HIGHWAY,9,15.0
37419,1,6,130,5,5,100.0,0,N,RURAL_VICTORIA,FREEWAY,9,22.0
37420,1,6,120,5,2,80.0,0,N,MELB_URBAN,ROAD,9,17.0
37421,1,6,121,1,1,60.0,0,I,MELB_URBAN,BOULEVARD,9,15.0
37422,1,6,99,2,3,50.0,1,I,MELB_URBAN,AVENUE,9,20.0
37423,1,7,99,5,3,70.0,0,N,MELB_URBAN,HIGHWAY,9,1.0
37424,1,3,130,1,1,60.0,0,I,LARGE_PROVINCIAL_CITIES,STREET,9,11.0
37425,8,7,174,1,1,50.0,0,I,MELB_URBAN,ROAD,9,12.0
37426,8,7,174,2,1,100.0,0,N,RURAL_VICTORIA,OTHER,9,11.0
37427,2,7,102,5,1,60.0,0,N,MELB_URBAN,BOULEVARD,9,12.0
37428,2,7,100,5,1,50.0,0,N,MELB_URBAN,ROAD,9,13.0
37429,1,7,130,1,1,60.0,0,I,RURAL_VICTORIA,HIGHWAY,9,12.0
37430,7,7,99,1,1,60.0,0,I,MELB_URBAN,STREET,9,11.0
37431,5,7,99,5,1,100.0,0,N,LARGE_PROVINCIAL_CITIES,HIGHWAY,7,13.0
37432,1,7,160,5,1,50.0,0,N,MELB_URBAN,ROAD,9,13.0
37433,1,6,160,5,1,50.0,0,N,MELB_URBAN,DRIVE,9,7.0
37434,1,7,99,5,1,50.0,0,N,TOWNS,ROAD,9,13.0
37435,1,4,132,2,1,60.0,0,I,MELB_URBAN,HIGHWAY,8,11.0
37436,8,7,184,2,1,60.0,0,I,MELB_URBAN,ROAD,9,16.0
37437,4,7,181,5,1,50.0,0,N,LARGE_PROVINCIAL_CITIES,DRIVE,9,14.0
37438,1,6,99,2,6,60.0,0,I,MELB_URBAN,STREET,9,22.0
37439,8,7,174,5,5,50.0,0,N,SMALL_TOWNS,STREET,9,0.0
37440,4,7,171,5,2,80.0,0,N,RURAL_VICTORIA,ROAD,9,17.0
37441,1,6,121,1,3,60.0,0,I,MELB_URBAN,ROAD,9,18.0
37442,1,7,130,5,2,80.0,0,N,MELB_URBAN,FREEWAY,9,17.0
37443,2,7,99,1,2,50.0,0,I,MELB_URBAN,STREET,9,17.0
37444,4,7,173,5,3,100.0,0,N,MELB_URBAN,FREEWAY,9,18.0
37445,1,7,121,2,1,60.0,0,I,MELB_URBAN,ROAD,9,16.0
37446,1,7,99,5,2,50.0,0,N,LARGE_PROVINCIAL_CITIES,STREET,9,18.0
37447,1,7,110,1,1,60.0,0,I,MELB_URBAN,OTHER,9,16.0
37448,4,7,171,1,3,110.0,0,N,TOWNS,HIGHWAY,9,2.0
37449,2,6,99,5,3,40.0,0,N,MELB_URBAN,ROAD,9,20.0
37450,3,7,167,2,5,80.0,0,I,RURAL_VICTORIA,ROAD,9,23.0
37451,4,4,171,5,1,50.0,0,N,MELB_URBAN,OTHER,8,16.0
37452,1,1,113,1,3,60.0,0,I,MELB_URBAN,ROAD,9,4.0
37453,2,1,100,5,3,50.0,0,N,SMALL_CITIES,STREET,9,3.0
37454,1,7,130,5,1,100.0,0,N,RURAL_VICTORIA,ROAD,9,16.0
37455,1,7,130,5,1,50.0,0,N,TOWNS,STREET,9,15.0
37456,1,7,116,1,1,80.0,0,I,MELB_URBAN,ROAD,9,11.0
37457,1,1,110,1,1,50.0,0,I,RURAL_VICTORIA,STREET,9,11.0
37458,4,7,171,5,3,100.0,0,N,MELB_URBAN,FREEWAY,9,20.0
37459,1,1,121,5,1,60.0,0,N,MELB_URBAN,PARADE,9,11.0
37460,1,1,99,5,1,60.0,0,N,MELB_URBAN,STREET,9,12.0
37461,1,6,110,1,1,80.0,0,I,RURAL_VICTORIA,HIGHWAY,9,10.0
37462,1,7,160,5,5,50.0,0,N,MELB_URBAN,DRIVE,9,18.0
37463,1,5,132,2,1,60.0,0,I,MELB_URBAN,ROAD,9,14.0
37464,4,1,181,5,1,60.0,0,N,MELB_URBAN,HIGHWAY,9,14.0
37465,1,6,99,1,1,60.0,0,I,MELB_URBAN,ROAD,9,15.0
37466,1,1,120,5,1,100.0,1,N,RURAL_VICTORIA,ROAD,9,13.0
37467,4,7,183,5,3,60.0,0,N,MELB_URBAN,OTHER,9,18.0
37468,6,5,170,5,6,60.0,0,N,SMALL_CITIES,AVENUE,8,21.0
37469,6,1,184,5,1,100.0,0,N,RURAL_VICTORIA,ROAD,9,15.0
37470,2,1,100,2,2,40.0,0,I,MELB_URBAN,STREET,9,17.0
37471,1,1,132,5,1,60.0,0,N,MELB_URBAN,ROAD,9,16.0
37472,1,1,99,5,1,100.0,0,N,RURAL_VICTORIA,HIGHWAY,9,16.0
37473,2,1,100,2,1,50.0,0,I,MELB_URBAN,ROAD,9,13.0
37474,2,7,99,5,2,50.0,0,N,MELB_URBAN,ROAD,9,18.0
37475,1,1,160,5,3,50.0,0,N,MELB_URBAN,STREET,9,18.0
37476,1,1,116,1,2,90.0,0,I,MELB_URBAN,FREEWAY,9,17.0
37477,2,1,100,5,2,40.0,0,N,MELB_URBAN,ROAD,9,17.0
37478,1,1,121,1,3,70.0,0,I,MELB_URBAN,ROAD,9,19.0
37479,1,1,120,5,5,100.0,0,N,RURAL_VICTORIA,ROAD,9,20.0
37480,4,1,99,2,3,50.0,0,I,MELB_URBAN,ROAD,9,23.0
37481,1,7,130,5,1,50.0,0,N,SMALL_CITIES,BOULEVARD,9,13.0
37482,8,3,99,1,1,50.0,0,I,MELB_URBAN,STREET,7,13.0
37483,1,2,133,5,1,100.0,0,N,MELB_URBAN,FREEWAY,9,8.0
37484,4,1,171,5,1,50.0,0,N,MELB_URBAN,ROAD,8,11.0
37485,4,1,181,5,5,100.0,0,N,RURAL_VICTORIA,ROAD,9,21.0
37486,4,2,173,5,2,70.0,0,N,MELB_URBAN,HIGHWAY,2,19.0
37487,2,2,100,5,1,60.0,0,N,MELB_URBAN,STREET,9,8.0
37488,1,5,130,5,3,80.0,0,I,MELB_URBAN,RAMP,11,21.0
37489,1,6,99,1,1,60.0,0,I,MELB_URBAN,STREET,8,8.0
37490,1,2,147,5,2,60.0,0,N,MELB_URBAN,ROAD,9,6.0
37491,4,2,171,5,5,80.0,1,N,MELB_URBAN,ROAD,9,5.0
37492,6,1,174,5,1,60.0,0,N,RURAL_VICTORIA,ROAD,8,12.0
37493,1,6,130,1,1,80.0,0,I,RURAL_VICTORIA,ROAD,9,14.0
37494,6,1,174,5,1,60.0,0,N,RURAL_VICTORIA,ROAD,8,8.0
37495,4,6,183,5,1,60.0,0,N,RURAL_VICTORIA,ROAD,9,12.0
37496,1,7,120,5,1,60.0,0,N,RURAL_VICTORIA,ROAD,9,10.0
37497,1,7,99,1,2,70.0,0,I,RURAL_VICTORIA,ROAD,8,17.0
37498,4,6,181,5,1,80.0,0,N,RURAL_VICTORIA,ROAD,9,16.0
37499,4,1,173,5,5,100.0,0,N,RURAL_VICTORIA,ROAD,9,5.0
37500,4,2,181,5,1,100.0,0,N,RURAL_VICTORIA,ROAD,9,9.0
37501,1,2,99,1,1,60.0,0,I,MELB_URBAN,ROAD,9,15.0
37502,6,7,174,1,2,50.0,0,I,LARGE_PROVINCIAL_CITIES,ROAD,7,17.0
37503,1,0,130,1,1,60.0,0,I,LARGE_PROVINCIAL_CITIES,STREET,9,12.0
37504,1,7,121,2,1,60.0,0,I,MELB_URBAN,ROAD,9,12.0
37505,1,3,130,2,3,80.0,0,I,MELB_URBAN,HIGHWAY,8,19.0
37506,6,3,174,2,1,40.0,0,N,MELB_URBAN,ROAD,8,11.0
37507,1,2,160,5,1,70.0,0,N,MELB_URBAN,ROAD,9,16.0
37508,6,1,184,5,1,100.0,0,N,RURAL_VICTORIA,ROAD,9,16.0
37509,1,7,113,4,9,60.0,0,I,MELB_URBAN,RAMP,8,8.0
37510,8,1,170,2,3,60.0,0,I,MELB_URBAN,ROAD,6,20.0
37511,4,2,181,5,1,40.0,0,N,RURAL_VICTORIA,ROAD,9,15.0
37512,4,7,183,5,5,100.0,0,N,MELB_URBAN,RAMP,8,18.0
37513,1,2,140,5,3,50.0,0,N,MELB_URBAN,ROAD,9,18.0
37514,4,2,171,5,1,100.0,1,N,RURAL_VICTORIA,ROAD,9,16.0
37515,1,2,110,1,1,40.0,0,I,MELB_URBAN,STREET,9,14.0
37516,4,2,173,5,5,100.0,1,N,RURAL_VICTORIA,ROAD,9,20.0
37517,1,3,99,5,2,60.0,0,N,MELB_URBAN,ROAD,9,17.0
37518,4,2,99,2,3,60.0,0,I,MELB_URBAN,AVENUE,9,5.0
37519,1,3,110,1,3,50.0,0,I,MELB_URBAN,AVENUE,9,5.0
37520,4,3,183,5,5,60.0,0,N,MELB_URBAN,ROAD,9,0.0
37521,1,3,120,5,1,60.0,0,N,MELB_URBAN,ROAD,9,7.0
37522,1,3,99,1,1,50.0,0,I,MELB_URBAN,STREET,9,9.0
37523,4,2,173,5,5,100.0,0,N,RURAL_VICTORIA,HIGHWAY,9,22.0
37524,1,7,130,4,1,70.0,0,N,MELB_URBAN,ROAD,8,14.0
37525,1,3,99,2,3,50.0,0,I,MELB_URBAN,ROAD,9,23.0
37526,1,2,110,1,1,50.0,0,I,SMALL_TOWNS,STREET,9,10.0
37527,8,1,174,4,6,60.0,0,I,MELB_URBAN,ROAD,4,3.0
37528,1,2,121,1,3,60.0,0,I,MELB_URBAN,HIGHWAY,9,20.0
37529,1,5,99,2,1,60.0,0,I,MELB_URBAN,ROAD,9,14.0
37530,4,3,173,5,1,100.0,0,N,RURAL_VICTORIA,HIGHWAY,9,14.0
37531,4,3,183,5,1,80.0,0,N,RURAL_VICTORIA,HIGHWAY,9,13.0
37532,8,3,174,5,1,100.0,0,N,RURAL_VICTORIA,ROAD,9,10.0
37533,6,3,99,5,1,100.0,0,N,RURAL_VICTORIA,HIGHWAY,9,12.0
37534,1,3,130,2,1,60.0,0,I,SMALL_CITIES,DRIVE,9,15.0
37535,1,3,134,2,1,60.0,0,I,MELB_URBAN,ROAD,9,14.0
37536,1,2,160,5,3,50.0,0,N,MELB_URBAN,DRIVE,9,22.0
37537,4,3,171,5,3,60.0,0,N,SMALL_CITIES,STREET,9,18.0
37538,1,3,120,5,1,100.0,0,N,RURAL_VICTORIA,ROAD,9,16.0
37539,1,6,99,5,3,40.0,0,N,MELB_URBAN,ROAD,8,19.0
37540,1,3,130,5,1,60.0,0,N,MELB_URBAN,ROAD,9,16.0
37541,1,1,121,1,9,60.0,0,I,MELB_URBAN,STREET,8,22.0
37542,4,3,183,5,5,100.0,0,N,RURAL_VICTORIA,ROAD,9,21.0
37543,1,6,113,1,1,80.0,0,I,MELB_URBAN,HIGHWAY,8,16.0
37544,1,3,130,5,3,60.0,0,N,MELB_URBAN,AVENUE,9,19.0
37545,1,3,111,1,3,70.0,0,I,MELB_URBAN,ROAD,9,21.0
37546,1,3,130,1,3,70.0,0,I,MELB_URBAN,ROAD,9,23.0
37547,1,3,99,5,1,70.0,0,N,MELB_URBAN,ROAD,9,13.0
37548,1,4,121,2,2,60.0,0,I,MELB_URBAN,ROAD,9,6.0
37549,1,3,113,2,1,80.0,0,I,MELB_URBAN,DRIVE,9,13.0
37550,1,4,147,5,2,50.0,0,N,MELB_URBAN,DRIVE,9,6.0
37551,6,3,99,5,1,100.0,0,N,RURAL_VICTORIA,ROAD,9,16.0
37552,6,3,184,5,1,50.0,0,N,LARGE_PROVINCIAL_CITIES,PARADE,6,9.0
37553,1,7,133,1,1,80.0,0,I,MELB_URBAN,ROAD,9,16.0
37554,1,4,130,5,1,40.0,0,N,LARGE_PROVINCIAL_CITIES,STREET,9,8.0
37555,4,4,171,5,2,100.0,0,N,RURAL_VICTORIA,ROAD,9,5.0
37556,6,3,174,5,1,100.0,0,N,RURAL_VICTORIA,HIGHWAY,9,11.0
37557,2,4,100,5,1,50.0,0,N,MELB_URBAN,ROAD,9,9.0
37558,1,4,121,2,1,50.0,0,I,MELB_URBAN,OTHER,9,9.0
37559,1,4,132,5,1,60.0,0,N,SMALL_CITIES,ROAD,9,8.0
37560,1,4,111,2,3,50.0,0,I,MELB_URBAN,STREET,9,20.0
37561,8,6,99,2,1,60.0,0,N,RURAL_VICTORIA,OTHER,9,15.0
37562,2,4,99,5,1,60.0,0,N,MELB_URBAN,OTHER,9,12.0
37563,1,3,132,2,1,60.0,0,I,SMALL_CITIES,ROAD,9,11.0
37564,4,3,181,5,3,80.0,0,N,MELB_URBAN,RAMP,9,20.0
37565,1,4,99,2,1,50.0,0,I,MELB_URBAN,AVENUE,9,12.0
37566,1,5,130,4,1,60.0,0,I,MELB_URBAN,RAMP,7,10.0
37567,1,4,135,2,2,80.0,0,N,MELB_URBAN,HIGHWAY,9,7.0
37568,1,4,132,5,1,60.0,0,N,MELB_URBAN,ROAD,9,11.0
37569,1,3,116,2,2,60.0,0,I,MELB_URBAN,ROAD,9,7.0
37570,1,1,130,5,1,60.0,0,N,MELB_URBAN,OTHER,8,15.0
37571,1,4,132,5,1,100.0,0,N,RURAL_VICTORIA,ROAD,9,11.0
37572,1,4,99,1,1,80.0,0,I,MELB_URBAN,HIGHWAY,9,14.0
37573,5,4,99,5,1,60.0,0,N,RURAL_VICTORIA,OTHER,4,16.0
37574,1,2,99,5,2,60.0,0,N,MELB_URBAN,ROAD,6,8.0
37575,1,4,99,1,2,60.0,0,I,MELB_URBAN,STREET,7,8.0
37576,8,5,170,5,2,50.0,0,N,LARGE_PROVINCIAL_CITIES,STREET,9,7.0
37577,1,4,130,5,9,60.0,0,N,MELB_URBAN,RAMP,9,18.0
37578,1,4,147,5,1,60.0,0,N,MELB_URBAN,ROAD,8,9.0
37579,1,4,110,1,3,50.0,0,I,LARGE_PROVINCIAL_CITIES,STREET,9,18.0
37580,1,3,130,1,9,70.0,0,N,MELB_URBAN,ROAD,4,15.0
37581,6,4,99,5,5,100.0,0,N,RURAL_VICTORIA,ROAD,9,18.0
37582,1,4,110,1,1,60.0,0,I,RURAL_VICTORIA,ROAD,9,16.0
37583,8,1,184,5,1,60.0,0,N,RURAL_VICTORIA,UNKNOWN,9,15.0
37584,1,4,116,2,1,40.0,0,I,MELB_URBAN,STREET,9,14.0
37585,1,7,121,1,1,60.0,0,I,MELB_URBAN,ROAD,7,12.0
37586,1,3,99,5,1,60.0,0,N,MELB_URBAN,STREET,9,11.0
37587,1,4,121,1,3,60.0,0,I,LARGE_PROVINCIAL_CITIES,STREET,9,21.0
37588,4,4,173,5,3,50.0,0,I,MELB_URBAN,ROAD,9,21.0
37589,1,4,113,2,1,60.0,0,I,MELB_URBAN,DRIVE,9,10.0
37590,1,5,140,5,3,70.0,0,I,MELB_URBAN,ROAD,9,0.0
37591,4,5,183,5,5,110.0,0,N,RURAL_VICTORIA,FREEWAY,9,2.0
37592,4,7,171,5,2,60.0,0,N,MELB_URBAN,ROAD,8,7.0
37593,4,4,181,5,1,100.0,0,N,RURAL_VICTORIA,OTHER,9,9.0
37594,6,3,174,5,1,60.0,0,N,LARGE_PROVINCIAL_CITIES,ROAD,9,9.0
37595,8,5,174,1,1,60.0,0,I,RURAL_VICTORIA,ROAD,9,13.0
37596,1,4,130,2,1,60.0,0,I,MELB_URBAN,ROAD,9,8.0
37597,1,5,132,5,1,60.0,0,N,LARGE_PROVINCIAL_CITIES,STREET,9,9.0
37598,1,5,121,1,1,60.0,0,I,LARGE_PROVINCIAL_CITIES,AVENUE,9,8.0
37599,2,7,99,5,3,60.0,0,N,MELB_URBAN,STREET,5,4.0
37600,1,4,130,5,2,50.0,0,N,MELB_URBAN,DRIVE,9,17.0
37601,1,5,130,5,1,60.0,0,N,MELB_URBAN,ROAD,9,9.0
37602,8,4,184,5,1,100.0,1,N,RURAL_VICTORIA,OTHER,9,13.0
37603,1,5,132,2,1,50.0,0,I,MELB_URBAN,STREET,9,9.0
37604,1,5,130,5,1,40.0,0,N,MELB_URBAN,STREET,9,12.0
37605,8,4,174,5,2,80.0,0,N,MELB_URBAN,ROAD,8,7.0
37606,2,5,99,2,1,60.0,0,I,MELB_URBAN,ROAD,9,10.0
37607,2,5,99,2,1,60.0,1,I,MELB_URBAN,STREET,9,11.0
37608,1,6,110,1,1,50.0,0,I,MELB_URBAN,STREET,9,16.0
37609,1,5,132,2,1,60.0,0,I,LARGE_PROVINCIAL_CITIES,STREET,9,13.0
37610,1,5,130,5,1,100.0,0,N,RURAL_VICTORIA,HIGHWAY,9,8.0
37611,1,6,113,2,9,60.0,0,I,MELB_URBAN,ROAD,8,18.0
37612,1,5,130,5,2,80.0,0,N,MELB_URBAN,ROAD,7,16.0
37613,1,2,99,5,2,50.0,0,N,MELB_URBAN,STREET,8,17.0
37614,4,2,171,5,5,100.0,0,N,TOWNS,HIGHWAY,9,20.0
37615,1,5,133,5,1,60.0,0,N,MELB_URBAN,ROAD,9,16.0
37616,1,6,130,5,9,60.0,0,N,MELB_URBAN,ROAD,6,7.0
37617,1,4,130,5,1,100.0,0,N,MELB_URBAN,UNKNOWN,9,9.0
37618,1,5,140,5,2,50.0,0,N,MELB_URBAN,STREET,9,17.0
37619,6,5,99,5,1,80.0,0,N,RURAL_VICTORIA,ROAD,9,16.0
37620,1,5,130,2,1,60.0,0,I,MELB_URBAN,ROAD,9,16.0
37621,2,5,100,1,3,60.0,0,I,MELB_URBAN,ROAD,9,20.0
37622,1,4,121,2,2,50.0,0,I,MELB_URBAN,ROAD,9,17.0
37623,1,5,130,5,3,100.0,0,N,MELB_URBAN,FREEWAY,9,18.0
37624,1,5,99,2,6,40.0,0,I,MELB_URBAN,STREET,9,20.0
37625,4,5,173,5,5,60.0,0,N,TOWNS,UNKNOWN,9,18.0
37626,8,5,174,2,2,80.0,0,I,MELB_URBAN,HIGHWAY,9,17.0
37627,1,7,110,1,2,60.0,0,I,TOWNS,ROAD,8,17.0
37628,1,6,113,2,3,70.0,0,I,MELB_URBAN,ROAD,9,4.0
37629,1,6,121,1,2,60.0,0,I,MELB_URBAN,STREET,9,5.0
37630,1,6,99,5,2,100.0,0,N,MELB_URBAN,FREEWAY,9,6.0
37631,8,3,184,5,1,60.0,0,N,RURAL_VICTORIA,ROAD,9,14.0
37632,1,1,99,5,1,60.0,0,N,MELB_URBAN,BOULEVARD,9,11.0
37633,4,6,171,5,2,50.0,0,N,MELB_URBAN,OTHER,9,7.0
37634,1,6,99,1,1,70.0,0,I,MELB_URBAN,ROAD,9,8.0
37635,1,4,130,2,2,80.0,0,I,MELB_URBAN,ROAD,9,17.0
37636,4,6,171,5,5,100.0,0,N,RURAL_VICTORIA,ROAD,9,6.0
37637,1,5,132,1,2,60.0,0,I,MELB_URBAN,STREET,9,7.0
37638,1,2,120,5,1,60.0,0,N,MELB_URBAN,ROAD,9,9.0
37639,1,6,99,2,1,40.0,0,I,MELB_URBAN,ROAD,9,8.0
37640,1,5,120,5,2,60.0,0,N,LARGE_PROVINCIAL_CITIES,STREET,9,17.0
37641,1,6,121,1,1,60.0,0,I,LARGE_PROVINCIAL_CITIES,ROAD,9,9.0
37642,1,5,130,2,1,80.0,0,I,MELB_URBAN,ROAD,9,8.0
37643,1,5,121,2,3,80.0,0,I,MELB_URBAN,ROAD,9,20.0
37644,4,6,99,5,1,50.0,0,N,MELB_URBAN,ROAD,9,14.0
37645,2,6,100,5,1,50.0,0,N,TOWNS,STREET,9,15.0
37646,1,6,132,5,1,60.0,0,N,MELB_URBAN,HIGHWAY,9,16.0
37647,1,6,113,2,1,100.0,0,I,RURAL_VICTORIA,HIGHWAY,9,15.0
37648,1,6,140,5,1,60.0,0,N,LARGE_PROVINCIAL_CITIES,STREET,9,15.0
37649,1,6,130,5,1,100.0,0,N,MELB_URBAN,FREEWAY,9,16.0
37650,1,6,110,4,3,50.0,0,I,MELB_URBAN,STREET,9,18.0
37651,1,6,121,2,2,70.0,0,I,MELB_URBAN,ROAD,9,17.0
37652,1,5,133,5,2,60.0,0,N,MELB_URBAN,ROAD,9,18.0
37653,1,6,130,2,2,50.0,0,I,MELB_URBAN,AVENUE,9,17.0
37654,1,6,130,5,1,70.0,0,N,MELB_URBAN,ROAD,9,16.0
37655,1,6,99,2,1,60.0,0,I,MELB_URBAN,ROAD,9,14.0
37656,1,6,130,5,3,100.0,0,N,MELB_URBAN,FREEWAY,9,18.0
37657,1,5,111,2,1,60.0,0,I,MELB_URBAN,STREET,9,15.0
37658,2,6,102,5,3,60.0,0,N,TOWNS,ROAD,9,21.0
37659,4,6,171,5,2,60.0,0,N,MELB_URBAN,ROAD,9,17.0
37660,6,6,99,5,3,100.0,0,N,MELB_URBAN,RAMP,9,20.0
37661,4,6,173,5,1,100.0,1,N,RURAL_VICTORIA,HIGHWAY,9,15.0
37662,2,6,102,5,3,50.0,0,N,MELB_URBAN,AVENUE,9,18.0
37663,1,5,121,2,1,60.0,0,N,MELB_URBAN,ROAD,9,16.0
37664,1,6,110,1,3,40.0,0,I,MELBOURNE_CBD,STREET,9,21.0
37665,1,4,110,1,3,60.0,0,I,MELB_URBAN,ROAD,9,18.0
37666,1,6,110,1,3,60.0,0,I,SMALL_CITIES,ROAD,9,21.0
37667,4,7,181,5,5,80.0,0,N,RURAL_VICTORIA,ROAD,9,0.0
37668,6,7,170,5,3,60.0,0,N,MELB_URBAN,STREET,9,1.0
37669,4,7,173,2,3,80.0,0,I,MELB_URBAN,ROAD,9,0.0
37670,4,6,171,5,5,100.0,0,N,RURAL_VICTORIA,HIGHWAY,9,23.0
37671,3,7,167,5,3,100.0,0,N,RURAL_VICTORIA,ROAD,9,6.0
37672,1,7,110,1,2,60.0,0,I,MELB_URBAN,ROAD,9,6.0
37673,1,7,140,5,1,50.0,0,N,TOWNS,STREET,9,9.0
37674,1,7,160,5,6,60.0,0,I,MELB_URBAN,STREET,9,2.0
37675,1,5,130,5,1,50.0,0,N,LARGE_PROVINCIAL_CITIES,STREET,9,15.0
37676,1,5,130,1,9,60.0,0,I,MELB_URBAN,HIGHWAY,9,16.0
37677,1,7,134,5,1,70.0,0,N,MELB_URBAN,ROAD,9,12.0
37678,1,1,130,1,2,80.0,0,I,MELB_URBAN,STREET,9,18.0
37679,1,7,130,5,1,80.0,0,N,MELB_URBAN,ROAD,9,14.0
37680,2,7,100,1,1,50.0,0,I,MELB_URBAN,HIGHWAY,9,13.0
37681,6,7,174,5,1,80.0,0,N,MELB_URBAN,HIGHWAY,9,12.0
37682,6,6,174,2,2,60.0,0,I,MELB_URBAN,ROAD,9,6.0
37683,6,3,174,5,5,80.0,0,N,RURAL_VICTORIA,ROAD,9,20.0
37684,1,7,121,1,1,60.0,0,I,MELB_URBAN,ROAD,9,11.0
37685,1,7,130,5,1,80.0,0,N,RURAL_VICTORIA,ROAD,9,12.0
37686,1,7,120,5,1,60.0,0,N,SMALL_CITIES,ROAD,9,14.0
37687,4,7,171,5,1,60.0,0,N,LARGE_PROVINCIAL_CITIES,ROAD,9,12.0
37688,8,6,174,1,1,60.0,0,I,MELB_URBAN,ROAD,9,14.0
37689,1,7,110,1,2,60.0,0,I,SMALL_CITIES,STREET,9,17.0
37690,1,7,121,1,3,70.0,0,N,MELB_URBAN,HIGHWAY,9,19.0
37691,1,7,132,5,1,60.0,0,N,MELB_URBAN,ROAD,9,15.0
37692,4,6,171,5,5,100.0,0,N,RURAL_VICTORIA,ROAD,8,0.0
37693,1,7,121,1,1,60.0,0,I,MELB_URBAN,ROAD,9,15.0
37694,1,7,121,4,3,100.0,0,I,MELB_URBAN,RAMP,9,23.0
37695,1,1,121,2,3,60.0,0,N,MELB_URBAN,DRIVE,9,0.0
37696,4,1,183,5,3,60.0,0,N,MELB_URBAN,STREET,9,0.0
37697,1,1,113,2,3,60.0,0,I,MELB_URBAN,HIGHWAY,9,1.0