,accident_type,day_of_week,dca_code,road_geometry,light_condition,speed_zone,severity,node_type,deg_urban_name,road_type,month,hour
37698,4,7,173,2,5,80.0,0,N,RURAL_VICTORIA,ROAD,9,21.0
37699,1,6,163,5,1,40.0,0,N,MELB_URBAN,STREET,9,13.0
37700,1,7,120,5,1,100.0,0,N,RURAL_VICTORIA,ROAD,9,14.0
37701,1,1,99,2,2,40.0,0,I,MELB_URBAN,DRIVE,9,7.0
37702,1,1,147,5,1,60.0,0,N,MELB_URBAN,STREET,9,8.0
37703,1,1,130,5,2,80.0,0,N,RURAL_VICTORIA,ROAD,9,7.0
37704,1,5,130,5,1,50.0,0,N,MELB_URBAN,STREET,8,11.0
37705,1,0,110,1,1,50.0,0,I,MELB_URBAN,BOULEVARD,9,9.0
37706,1,1,120,5,1,60.0,0,N,MELB_URBAN,ROAD,9,9.0
37707,1,3,130,2,9,60.0,0,I,LARGE_PROVINCIAL_CITIES,STREET,2,19.0
37708,4,1,99,5,1,60.0,0,I,SMALL_CITIES,ROAD,9,10.0
37709,1,1,121,1,1,70.0,0,I,MELB_URBAN,HIGHWAY,9,11.0
37710,2,6,99,2,1,60.0,0,I,MELB_URBAN,ROAD,9,14.0
37711,1,1,121,1,1,60.0,0,I,MELB_URBAN,ROAD,9,12.0
37712,1,1,110,1,1,50.0,0,I,MELB_URBAN,ROAD,9,12.0
37713,1,1,99,1,1,80.0,0,I,MELB_URBAN,ROAD,9,12.0
37714,4,1,171,5,2,110.0,0,N,RURAL_VICTORIA,FREEWAY,9,7.0
37715,1,1,121,2,1,50.0,0,I,MELB_URBAN,ROAD,9,13.0
37716,2,1,102,5,1,40.0,0,N,MELB_URBAN,ROAD,9,12.0
37717,1,1,130,5,1,50.0,0,N,MELB_URBAN,STREET,9,11.0
37718,4,1,181,5,1,100.0,0,N,RURAL_VICTORIA,ROAD,9,11.0
37719,1,4,147,5,2,60.0,0,N,MELB_URBAN,STREET,7,8.0
37720,1,0,121,1,1,60.0,0,I,MELB_URBAN,ROAD,9,12.0
37721,1,1,113,1,1,60.0,0,I,MELB_URBAN,ROAD,9,14.0
37722,8,6,174,5,1,50.0,0,N,MELB_URBAN,STREET,9,8.0
37723,1,1,99,2,1,60.0,0,I,MELB_URBAN,DRIVE,9,11.0
37724,1,7,110,1,1,80.0,0,I,RURAL_VICTORIA,ROAD,9,13.0
37725,1,0,110,1,3,60.0,0,I,MELB_URBAN,ROAD,9,18.0
37726,1,4,130,1,1,40.0,0,I,MELB_URBAN,ROAD,10,16.0
37727,4,1,171,5,3,50.0,0,N,LARGE_PROVINCIAL_CITIES,STREET,9,18.0
37728,2,1,99,5,5,100.0,0,N,RURAL_VICTORIA,ROAD,9,19.0
37729,6,1,170,5,1,100.0,0,N,RURAL_VICTORIA,ROAD,9,10.0
37730,1,1,120,5,3,60.0,0,N,MELB_URBAN,ROAD,9,20.0
37731,4,1,171,2,3,60.0,0,I,MELB_URBAN,STREET,9,23.0
37732,4,2,173,5,2,60.0,0,N,RURAL_VICTORIA,ROAD,9,6.0
37733,1,2,121,4,2,80.0,0,N,MELB_URBAN,ROAD,9,5.0
37734,4,2,173,5,2,100.0,0,N,RURAL_VICTORIA,ROAD,9,6.0
37735,1,2,147,5,1,60.0,0,N,MELB_URBAN,ROAD,9,7.0
37736,1,2,130,5,1,70.0,0,N,MELB_URBAN,ROAD,8,15.0
37737,1,6,130,1,1,60.0,0,I,MELB_URBAN,HIGHWAY,9,13.0
37738,1,3,121,1,2,60.0,0,I,MELB_URBAN,ROAD,7,8.0
37739,4,2,171,5,5,100.0,0,N,RURAL_VICTORIA,ROAD,9,5.0
37740,1,2,111,2,1,70.0,0,I,MELB_URBAN,ROAD,9,10.0
37741,1,2,110,1,1,50.0,0,I,SMALL_CITIES,STREET,9,9.0
37742,1,3,111,1,1,70.0,0,I,MELB_URBAN,ROAD,8,15.0
37743,1,1,113,1,2,60.0,0,I,MELB_URBAN,ROAD,9,18.0
37744,2,2,99,5,1,40.0,0,N,MELB_URBAN,STREET,9,11.0
37745,4,2,183,5,1,100.0,0,N,RURAL_VICTORIA,ROAD,9,9.0
37746,1,1,133,4,1,60.0,0,I,MELB_URBAN,ROAD,9,15.0
37747,1,2,163,5,1,50.0,0,N,MELB_URBAN,ROAD,9,12.0
37748,1,2,132,1,2,60.0,0,I,MELB_URBAN,ROAD,9,7.0
37749,1,7,99,5,1,60.0,0,N,RURAL_VICTORIA,ROAD,8,15.0
37750,1,2,130,1,1,80.0,0,I,MELB_URBAN,HIGHWAY,9,12.0
37751,2,2,99,5,1,40.0,0,N,MELB_URBAN,ROAD,9,11.0
37752,1,3,130,2,3,60.0,0,I,TOWNS,HIGHWAY,9,22.0
37753,1,2,110,1,1,50.0,0,I,MELB_URBAN,STREET,9,10.0
37754,1,1,132,1,3,60.0,0,I,MELB_URBAN,STREET,9,19.0
37755,1,4,113,1,2,70.0,0,I,MELB_URBAN,ROAD,9,18.0
37756,6,2,174,1,1,50.0,0,I,TOWNS,STREET,9,11.0
37757,1,6,113,1,4,60.0,0,I,MELB_URBAN,STREET,9,19.0
37758,1,7,120,5,1,100.0,0,N,RURAL_VICTORIA,ROAD,9,15.0
37759,1,7,130,1,1,80.0,0,I,MELB_URBAN,ROAD,8,16.0
37760,8,6,174,5,1,60.0,0,N,RURAL_VICTORIA,ROAD,9,15.0
37761,2,2,99,2,1,50.0,0,I,SMALL_CITIES,DRIVE,9,15.0
37762,1,2,120,5,1,80.0,0,N,MELB_URBAN,FREEWAY,9,15.0
37763,1,2,110,1,1,50.0,0,I,MELB_URBAN,STREET,9,16.0
37764,2,2,102,2,3,50.0,0,I,MELB_URBAN,PARADE,9,18.0
37765,1,2,110,1,2,80.0,0,I,MELB_URBAN,ROAD,9,18.0
37766,8,3,99,2,5,50.0,0,N,MELB_URBAN,OTHER,2,3.0
37767,1,2,130,5,3,80.0,0,N,MELB_URBAN,HIGHWAY,9,18.0
37768,1,2,121,1,3,80.0,0,I,SMALL_CITIES,HIGHWAY,9,19.0
37769,1,7,130,4,2,60.0,0,I,MELB_URBAN,RAMP,9,6.0
37770,1,2,110,1,1,60.0,0,I,SMALL_CITIES,AVENUE,9,16.0
37771,1,2,130,5,3,80.0,0,N,MELB_URBAN,ROAD,9,20.0
37772,1,5,121,1,3,60.0,0,I,MELB_URBAN,ROAD,9,18.0
37773,8,2,170,1,3,50.0,0,I,MELB_URBAN,ROAD,9,19.0
37774,1,3,120,5,1,60.0,0,N,RURAL_VICTORIA,ROAD,9,8.0
37775,1,3,121,1,1,50.0,0,I,SMALL_CITIES,STREET,9,8.0
37776,1,3,121,1,1,40.0,0,I,SMALL_CITIES,STREET,9,8.0
37777,1,1,113,2,1,60.0,0,I,MELB_URBAN,ROAD,9,14.0
37778,1,1,113,2,3,60.0,0,I,RURAL_VICTORIA,ROAD,9,0.0
37779,1,3,130,5,1,40.0,0,N,RURAL_VICTORIA,HIGHWAY,9,10.0
37780,1,3,130,2,1,60.0,0,N,MELB_URBAN,ROAD,9,11.0
37781,1,3,121,2,1,60.0,0,I,MELB_URBAN,ROAD,9,10.0
37782,1,3,121,2,2,60.0,0,I,MELB_URBAN,STREET,9,7.0
37783,6,6,174,1,1,60.0,0,I,RURAL_VICTORIA,UNKNOWN,8,14.0
37784,8,7,184,5,1,100.0,0,N,RURAL_VICTORIA,OTHER,8,15.0
37785,2,3,102,1,1,50.0,0,I,MELB_URBAN,ROAD,9,14.0
37786,1,3,120,5,1,60.0,0,N,MELB_URBAN,ROAD,9,13.0
37787,1,1,121,4,2,60.0,0,N,MELB_URBAN,ROAD,9,18.0
37788,1,3,130,5,1,80.0,0,N,SMALL_CITIES,DRIVE,9,14.0
37789,1,2,99,4,1,40.0,0,I,MELB_URBAN,ROAD,9,9.0
37790,6,3,184,5,1,60.0,0,N,MELB_URBAN,HIGHWAY,9,15.0
37791,1,3,160,5,1,50.0,0,N,MELB_URBAN,AVENUE,9,16.0
37792,2,3,100,2,2,60.0,0,I,MELB_URBAN,ROAD,9,17.0
37793,1,3,140,2,2,80.0,0,I,MELB_URBAN,ROAD,9,18.0
37794,1,3,121,5,1,60.0,0,N,MELB_URBAN,ROAD,9,17.0
37795,1,5,110,1,2,50.0,0,I,MELB_URBAN,ROAD,8,7.0
37796,8,2,174,5,1,60.0,0,N,RURAL_VICTORIA,ROAD,9,11.0
37797,1,5,130,5,1,60.0,0,N,MELB_URBAN,ROAD,9,8.0
37798,4,6,181,5,2,100.0,0,N,RURAL_VICTORIA,ROAD,9,5.0
37799,2,3,100,2,5,50.0,0,I,MELB_URBAN,STREET,9,19.0
37800,1,5,130,5,2,100.0,0,N,MELB_URBAN,FREEWAY,9,7.0
37801,2,3,102,2,1,60.0,0,I,MELB_URBAN,ROAD,9,16.0
37802,1,3,160,5,3,60.0,0,N,MELB_URBAN,STREET,9,20.0
37803,1,3,110,1,5,100.0,0,I,RURAL_VICTORIA,ROAD,9,19.0
37804,8,7,174,2,1,60.0,0,I,LARGE_PROVINCIAL_CITIES,ROAD,8,12.0
37805,2,3,99,5,1,50.0,0,N,MELBOURNE_CBD,OTHER,9,14.0
37806,1,6,99,1,1,50.0,0,I,LARGE_PROVINCIAL_CITIES,STREET,8,10.0
37807,1,3,110,1,1,100.0,0,I,RURAL_VICTORIA,ROAD,9,15.0
37808,1,6,121,5,1,60.0,0,N,MELB_URBAN,UNKNOWN,8,16.0
37809,1,4,99,5,1,60.0,0,N,MELB_URBAN,ROAD,9,8.0
37810,4,2,183,5,1,60.0,0,N,MELB_URBAN,ROAD,9,15.0
37811,1,3,130,5,1,70.0,0,N,MELB_URBAN,OTHER,9,11.0
37812,8,3,174,2,1,60.0,0,I,MELB_URBAN,ROAD,9,16.0
37813,1,4,130,5,1,80.0,0,N,MELB_URBAN,HIGHWAY,9,8.0
37814,1,4,121,2,2,60.0,0,I,MELB_URBAN,ROAD,9,6.0
37815,1,4,140,2,1,60.0,0,I,RURAL_VICTORIA,OTHER,9,9.0
37816,4,4,173,5,1,100.0,0,N,MELB_URBAN,ROAD,9,9.0
37817,1,2,140,5,1,60.0,0,N,LARGE_PROVINCIAL_CITIES,STREET,9,10.0
37818,2,4,99,5,1,40.0,0,N,MELB_URBAN,OTHER,9,9.0
37819,4,4,183,5,1,100.0,0,N,RURAL_VICTORIA,ROAD,9,8.0
37820,6,7,184,5,1,60.0,0,N,RURAL_VICTORIA,ROAD,9,14.0
37821,1,4,133,5,1,40.0,0,N,MELB_URBAN,STREET,9,13.0
37822,1,4,99,5,1,80.0,0,N,MELB_URBAN,HIGHWAY,9,12.0
37823,1,4,134,4,1,50.0,0,I,MELB_URBAN,ROAD,9,10.0
37824,1,4,130,1,1,80.0,0,I,MELB_URBAN,STREET,9,15.0
37825,1,4,130,5,1,80.0,0,N,MELB_URBAN,HIGHWAY,9,15.0
37826,1,4,99,5,1,60.0,0,N,SMALL_CITIES,STREET,9,14.0
37827,1,4,113,2,1,60.0,0,I,MELB_URBAN,ROAD,9,15.0
37828,8,3,174,5,6,70.0,0,N,RURAL_VICTORIA,ROAD,9,18.0
37829,1,4,130,5,1,80.0,0,N,MELB_URBAN,UNKNOWN,9,16.0
37830,1,4,120,2,1,60.0,0,I,MELB_URBAN,ROAD,9,15.0
37831,4,3,99,2,1,50.0,0,I,MELB_URBAN,ROAD,9,16.0
37832,6,3,99,5,1,70.0,0,N,LARGE_PROVINCIAL_CITIES,RAMP,9,14.0
37833,4,4,99,2,2,60.0,0,I,RURAL_VICTORIA,ROAD,9,18.0
37834,4,4,173,5,3,60.0,0,N,MELB_URBAN,ROAD,9,21.0
37835,4,5,171,5,5,100.0,0,N,RURAL_VICTORIA,ROAD,9,5.0
37836,1,4,130,2,1,70.0,0,I,MELB_URBAN,HIGHWAY,9,8.0
37837,1,7,135,5,1,100.0,0,N,MELB_URBAN,FREEWAY,9,13.0
37838,2,4,100,5,1,70.0,0,N,MELB_URBAN,STREET,9,15.0
37839,8,5,174,5,1,60.0,0,N,MELB_URBAN,ROAD,9,10.0
37840,1,4,130,1,1,60.0,0,I,MELB_URBAN,ROAD,9,9.0
37841,4,4,181,5,1,50.0,0,N,MELB_URBAN,DRIVE,9,8.0
37842,4,5,171,2,1,50.0,0,I,MELB_URBAN,STREET,9,9.0
37843,1,5,120,5,2,80.0,0,N,RURAL_VICTORIA,ROAD,9,7.0
37844,1,3,130,5,1,80.0,0,N,MELB_URBAN,ROAD,9,11.0
37845,1,3,130,5,1,100.0,0,N,MELB_URBAN,FREEWAY,9,10.0
37846,4,5,181,5,1,60.0,0,N,RURAL_VICTORIA,ROAD,9,10.0
37847,1,5,110,1,1,50.0,0,I,LARGE_PROVINCIAL_CITIES,STREET,9,11.0
37848,2,5,102,1,1,80.0,0,I,MELB_URBAN,ROAD,9,11.0
37849,1,5,113,2,1,60.0,0,I,MELB_URBAN,ROAD,9,9.0
37850,1,4,121,2,3,70.0,0,I,MELB_URBAN,HIGHWAY,9,20.0
37851,1,5,110,1,1,60.0,0,I,MELB_URBAN,ROAD,9,12.0
37852,1,5,121,2,1,60.0,1,I,MELB_URBAN,ROAD,9,13.0
37853,1,5,120,5,1,50.0,0,N,MELB_URBAN,AVENUE,9,11.0
37854,4,5,183,5,1,100.0,1,N,RURAL_VICTORIA,ROAD,9,8.0
37855,4,5,171,5,1,60.0,0,N,MELB_URBAN,ROAD,9,13.0
37856,1,5,121,2,1,50.0,0,I,MELB_URBAN,BOULEVARD,9,13.0
37857,1,3,130,5,1,80.0,0,N,MELB_URBAN,ROAD,9,16.0
37858,1,7,130,1,1,70.0,0,I,LARGE_PROVINCIAL_CITIES,STREET,7,15.0
37859,1,4,134,2,2,60.0,0,I,MELB_URBAN,ROAD,9,17.0
37860,1,7,135,5,1,60.0,0,N,MELB_URBAN,STREET,8,11.0
37861,1,5,130,5,1,60.0,0,N,MELB_URBAN,ROAD,9,15.0
37862,4,5,171,5,1,60.0,0,N,MELB_URBAN,ROAD,9,15.0
37863,1,5,163,5,1,60.0,0,N,MELB_URBAN,STREET,9,15.0
37864,8,4,99,2,1,60.0,0,I,MELB_URBAN,ROAD,9,15.0
37865,1,3,163,5,2,40.0,0,N,MELB_URBAN,STREET,3,6.0
37866,4,5,171,5,1,50.0,0,N,RURAL_VICTORIA,STREET,9,14.0
37867,1,5,113,2,1,60.0,0,I,MELB_URBAN,ROAD,9,15.0
37868,1,5,130,1,1,70.0,0,I,MELB_URBAN,HIGHWAY,9,9.0
37869,1,5,147,5,2,60.0,0,I,SMALL_CITIES,AVENUE,9,18.0
37870,1,5,113,4,1,80.0,0,I,MELB_URBAN,DRIVE,9,16.0
37871,1,5,160,5,2,60.0,0,N,MELB_URBAN,ROAD,9,18.0
37872,1,5,110,1,3,60.0,0,I,SMALL_CITIES,HIGHWAY,9,19.0
37873,2,5,102,5,3,60.0,0,N,MELB_URBAN,ROAD,9,20.0
37874,1,5,160,5,5,60.0,0,N,SMALL_CITIES,ROAD,9,19.0
37875,4,5,171,2,3,60.0,0,I,MELB_URBAN,STREET,9,18.0
37876,1,5,135,2,3,60.0,0,I,MELB_URBAN,ROAD,9,20.0
37877,4,5,171,5,3,100.0,1,N,MELB_URBAN,UNKNOWN,9,18.0
37878,1,1,133,1,1,60.0,0,I,SMALL_CITIES,AVENUE,8,15.0
37879,8,5,174,1,1,60.0,0,I,MELB_URBAN,ROAD,9,12.0
37880,4,5,171,5,3,60.0,0,N,MELB_URBAN,DRIVE,9,21.0
37881,1,5,130,2,9,60.0,0,I,MELB_URBAN,STREET,9,21.0
37882,1,5,121,1,3,70.0,0,I,MELB_URBAN,ROAD,9,18.0
37883,8,1,174,1,9,60.0,0,I,MELB_URBAN,ROAD,9,8.0
37884,1,6,130,5,1,60.0,0,N,LARGE_PROVINCIAL_CITIES,ROAD,9,9.0
37885,1,4,111,2,2,50.0,0,I,MELB_URBAN,OTHER,9,7.0
37886,1,6,111,3,1,60.0,0,I,MELB_URBAN,ROAD,9,11.0
37887,1,6,121,2,1,60.0,0,I,MELB_URBAN,ROAD,9,10.0
37888,1,6,113,1,1,60.0,0,I,MELB_URBAN,STREET,9,11.0
37889,1,3,147,5,1,70.0,0,N,MELB_URBAN,ROAD,5,12.0
37890,2,3,102,1,1,60.0,0,I,MELB_URBAN,STREET,9,12.0
37891,1,6,110,1,1,40.0,0,I,MELB_URBAN,STREET,9,9.0
37892,1,6,140,2,1,40.0,0,I,MELBOURNE_CBD,STREET,9,12.0
37893,2,6,102,1,1,50.0,0,I,MELB_URBAN,ROAD,9,11.0
37894,6,5,99,3,5,50.0,0,I,RURAL_VICTORIA,DRIVE,9,20.0
37895,1,5,130,5,1,70.0,0,N,MELB_URBAN,ROAD,9,8.0
37896,1,6,140,5,1,40.0,0,N,MELB_URBAN,HIGHWAY,9,11.0
37897,2,6,100,5,1,60.0,0,N,MELB_URBAN,ROAD,9,13.0
37898,1,6,147,5,1,60.0,0,N,LARGE_PROVINCIAL_CITIES,STREET,9,12.0
37899,1,4,134,4,1,70.0,0,I,RURAL_VICTORIA,ROAD,9,15.0
37900,1,3,121,2,1,60.0,0,N,MELB_URBAN,HIGHWAY,9,11.0
37901,1,6,140,2,2,80.0,0,I,MELB_URBAN,HIGHWAY,9,7.0
37902,4,2,181,2,2,60.0,0,I,MELB_URBAN,ROAD,9,17.0
37903,1,6,99,5,2,60.0,0,N,MELB_URBAN,STREET,9,17.0
37904,1,3,121,1,1,50.0,0,I,SMALL_CITIES,STREET,9,9.0
37905,3,6,167,5,5,100.0,0,N,RURAL_VICTORIA,ROAD,9,19.0
37906,1,6,110,1,2,60.0,0,I,LARGE_PROVINCIAL_CITIES,STREET,9,17.0
37907,2,6,100,5,3,80.0,0,N,MELB_URBAN,HIGHWAY,9,20.0
37908,1,6,121,5,3,80.0,0,N,TOWNS,HIGHWAY,9,20.0
37909,1,6,113,2,3,60.0,0,I,MELB_URBAN,HIGHWAY,9,23.0
37910,2,7,102,1,3,60.0,0,I,MELB_URBAN,ROAD,9,1.0
37911,4,7,171,5,4,50.0,0,N,RURAL_VICTORIA,ROAD,9,2.0
37912,4,7,173,5,5,60.0,0,N,SMALL_CITIES,STREET,9,2.0
37913,4,6,173,5,3,80.0,0,N,MELB_URBAN,HIGHWAY,9,4.0
37914,1,6,130,1,1,80.0,0,I,MELB_URBAN,ROAD,9,14.0
37915,1,7,120,5,1,50.0,0,N,MELB_URBAN,ROAD,9,8.0
37916,1,7,110,1,1,50.0,0,I,LARGE_PROVINCIAL_CITIES,STREET,9,8.0
37917,1,3,121,2,9,60.0,0,I,MELB_URBAN,AVENUE,9,17.0
37918,1,7,121,1,1,50.0,0,I,MELB_URBAN,PARADE,9,8.0
37919,4,7,181,5,1,100.0,0,N,RURAL_VICTORIA,HIGHWAY,9,8.0
37920,1,7,110,1,1,80.0,0,I,MELB_URBAN,HIGHWAY,9,12.0
37921,1,6,130,5,1,70.0,0,N,MELB_URBAN,ROAD,9,11.0
37922,2,6,102,1,3,70.0,0,I,MELB_URBAN,HIGHWAY,9,21.0
37923,1,7,113,2,1,60.0,0,I,MELB_URBAN,ROAD,9,12.0
37924,4,7,181,5,1,60.0,0,N,MELB_URBAN,ROAD,9,13.0
37925,6,6,99,2,2,60.0,0,I,LARGE_PROVINCIAL_CITIES,ROAD,9,17.0
37926,8,7,99,5,1,80.0,0,N,RURAL_VICTORIA,ROAD,9,10.0
37927,1,7,130,1,1,60.0,0,I,MELB_URBAN,ROAD,9,11.0
37928,4,7,171,5,1,60.0,0,N,SMALL_CITIES,ROAD,9,14.0
37929,2,7,100,5,1,60.0,0,N,SMALL_CITIES,OTHER,9,8.0
37930,1,4,130,5,3,80.0,0,N,MELB_URBAN,ROAD,9,20.0
37931,4,7,171,5,1,60.0,0,N,MELB_URBAN,ROAD,9,10.0
37932,1,7,99,1,1,40.0,0,I,MELBOURNE_CBD,STREET,9,15.0
37933,2,7,99,5,1,50.0,0,N,MELB_URBAN,OTHER,9,16.0
37934,1,7,135,1,1,60.0,0,I,MELB_URBAN,STREET,9,12.0
37935,1,7,120,5,2,60.0,0,N,MELB_URBAN,ROAD,9,17.0
37936,2,7,102,2,3,70.0,0,I,MELB_URBAN,ROAD,9,19.0
37937,4,7,173,5,2,60.0,0,N,SMALL_CITIES,DRIVE,9,18.0
37938,1,7,130,5,1,60.0,0,N,MELB_URBAN,ROAD,9,15.0
37939,1,6,113,2,5,100.0,0,I,SMALL_CITIES,STREET,9,22.0
37940,4,7,173,5,3,50.0,0,N,SMALL_CITIES,STREET,9,19.0
37941,1,7,160,5,5,80.0,0,N,MELB_URBAN,ROAD,9,23.0
37942,1,7,110,1,3,60.0,0,I,MELB_URBAN,STREET,9,20.0
37943,2,7,102,5,3,80.0,0,N,MELB_URBAN,HIGHWAY,9,23.0
37944,1,1,130,1,2,80.0,0,I,MELB_URBAN,OTHER,9,7.0
37945,6,7,174,5,1,100.0,0,N,RURAL_VICTORIA,HIGHWAY,9,13.0
37946,1,7,163,5,1,60.0,0,N,LARGE_PROVINCIAL_CITIES,STREET,9,13.0
37947,4,1,173,5,1,50.0,0,N,MELB_URBAN,OTHER,9,9.0
37948,1,1,110,1,1,60.0,0,I,SMALL_CITIES,ROAD,9,9.0
37949,1,6,130,2,6,60.0,0,I,MELB_URBAN,ROAD,9,18.0
37950,1,5,130,5,1,60.0,0,N,TOWNS,HIGHWAY,9,16.0
37951,1,6,121,1,1,60.0,0,I,MELB_URBAN,STREET,9,16.0
37952,1,1,99,1,1,100.0,0,I,RURAL_VICTORIA,ROAD,9,11.0
37953,1,1,130,5,1,80.0,0,N,MELB_URBAN,ROAD,9,11.0
37954,6,1,99,5,2,60.0,0,N,TOWNS,HIGHWAY,9,6.0
37955,1,1,110,1,1,60.0,0,I,SMALL_CITIES,STREET,9,12.0
37956,6,1,170,5,1,100.0,0,N,RURAL_VICTORIA,HIGHWAY,9,11.0
37957,1,1,120,1,1,60.0,0,I,MELB_URBAN,ROAD,9,13.0
37958,1,1,113,2,1,100.0,0,I,TOWNS,HIGHWAY,9,13.0
37959,2,1,100,2,1,50.0,0,I,MELB_URBAN,STREET,9,13.0
37960,1,0,110,1,1,60.0,0,I,TOWNS,STREET,9,15.0
37961,1,1,132,2,1,100.0,0,I,RURAL_VICTORIA,ROAD,9,10.0
37962,1,7,130,5,1,80.0,0,N,MELB_URBAN,HIGHWAY,9,11.0
37963,1,1,99,2,1,40.0,0,I,MELB_URBAN,STREET,9,11.0
37964,6,1,99,2,1,100.0,0,I,RURAL_VICTORIA,HIGHWAY,9,13.0
37965,1,0,110,1,1,50.0,0,I,MELB_URBAN,STREET,9,17.0
37966,1,1,130,5,1,80.0,0,N,MELB_URBAN,ROAD,9,16.0
37967,2,1,102,5,1,80.0,1,N,MELB_URBAN,ROAD,9,15.0
37968,4,1,99,2,1,80.0,0,I,RURAL_VICTORIA,ROAD,9,14.0
37969,1,1,113,2,2,80.0,0,I,MELB_URBAN,ROAD,9,17.0
37970,1,1,99,2,3,40.0,0,I,MELB_URBAN,STREET,9,20.0
37971,4,7,173,2,1,100.0,0,I,RURAL_VICTORIA,ROAD,9,14.0
37972,4,1,171,2,3,50.0,0,I,MELB_URBAN,STREET,9,22.0
37973,4,7,171,5,2,80.0,0,N,MELB_URBAN,ROAD,9,17.0
37974,1,6,130,5,1,50.0,0,N,MELB_URBAN,PARADE,8,12.0
37975,1,2,160,5,3,50.0,0,N,MELB_URBAN,STREET,9,5.0
37976,1,2,121,4,2,60.0,0,I,LARGE_PROVINCIAL_CITIES,ROAD,9,6.0
37977,1,2,121,4,1,60.0,0,I,MELB_URBAN,STREET,9,9.0
37978,1,2,130,5,2,100.0,0,N,MELB_URBAN,UNKNOWN,9,7.0
37979,4,7,99,2,3,60.0,0,I,MELB_URBAN,ROAD,9,23.0
37980,8,1,99,5,1,100.0,0,N,RURAL_VICTORIA,OTHER,9,16.0
37981,4,0,171,2,5,100.0,0,I,RURAL_VICTORIA,ROAD,9,21.0
37982,6,7,99,5,1,60.0,0,N,RURAL_VICTORIA,OTHER,9,13.0
37983,1,2,110,1,1,60.0,0,I,MELB_URBAN,STREET,9,9.0
37984,1,1,130,5,6,70.0,0,N,MELB_URBAN,HIGHWAY,7,20.0
37985,1,4,130,5,3,80.0,0,N,MELB_URBAN,RAMP,9,22.0
37986,8,7,174,5,1,60.0,0,N,RURAL_VICTORIA,ROAD,9,16.0
37987,2,2,102,2,1,60.0,0,I,MELB_URBAN,ROAD,9,11.0
37988,1,1,113,2,1,60.0,0,I,MELB_URBAN,STREET,9,13.0
37989,1,6,130,4,1,80.0,0,N,MELB_URBAN,RAMP,8,14.0
37990,1,2,130,5,1,50.0,0,N,MELB_URBAN,ROAD,9,13.0
37991,1,4,160,5,1,50.0,0,N,MELB_URBAN,ROAD,4,15.0
37992,1,2,113,2,1,100.0,0,I,RURAL_VICTORIA,ROAD,9,13.0
37993,1,2,130,5,1,70.0,0,N,MELB_URBAN,ROAD,9,16.0
37994,4,2,171,5,5,110.0,0,N,RURAL_VICTORIA,HIGHWAY,9,3.0
37995,1,2,113,2,1,80.0,0,I,MELB_URBAN,ROAD,9,14.0
37996,4,2,171,5,1,100.0,0,N,RURAL_VICTORIA,ROAD,9,13.0
37997,1,1,130,5,1,70.0,0,N,MELB_URBAN,ROAD,9,15.0
37998,1,2,110,1,1,90.0,0,I,RURAL_VICTORIA,ROAD,9,15.0
37999,1,4,130,1,1,70.0,0,N,MELB_URBAN,ROAD,8,8.0
38000,8,1,99,5,1,60.0,0,N,RURAL_VICTORIA,HIGHWAY,9,15.0
38001,1,2,113,2,1,100.0,1,I,RURAL_VICTORIA,ROAD,9,16.0
38002,9,5,99,5,6,50.0,1,N,MELB_URBAN,ROAD,9,22.0
38003,4,2,173,5,1,50.0,0,N,MELB_URBAN,ROAD,9,13.0
38004,1,2,130,2,2,60.0,0,I,MELB_URBAN,ROAD,9,17.0
38005,1,6,113,1,1,80.0,0,I,MELB_URBAN,ROAD,9,13.0
38006,1,3,133,5,2,60.0,0,N,MELB_URBAN,ROAD,9,7.0
38007,1,6,121,5,2,50.0,0,N,MELB_URBAN,ROAD,9,17.0
38008,1,3,135,2,1,60.0,0,I,MELB_URBAN,ROAD,9,8.0
38009,1,3,113,1,1,80.0,0,N,RURAL_VICTORIA,ROAD,9,8.0
38010,4,2,171,5,1,80.0,0,N,MELB_URBAN,ROAD,6,15.0
38011,1,6,130,1,1,80.0,0,I,MELB_URBAN,ROAD,9,8.0
38012,1,3,99,5,1,80.0,0,N,RURAL_VICTORIA,ROAD,9,9.0
38013,1,3,130,4,1,50.0,0,N,SMALL_CITIES,STREET,9,10.0
38014,1,3,111,1,1,70.0,0,I,MELB_URBAN,ROAD,9,8.0
38015,1,2,121,2,1,100.0,0,I,MELB_URBAN,HIGHWAY,9,9.0
38016,1,3,99,5,1,50.0,0,N,MELB_URBAN,ROAD,9,8.0
38017,2,3,99,5,1,50.0,0,N,MELB_URBAN,STREET,9,10.0
38018,1,3,113,2,1,60.0,0,I,MELB_URBAN,UNKNOWN,9,11.0
38019,1,3,113,2,1,60.0,0,I,MELB_URBAN,ROAD,9,12.0
38020,4,3,171,2,1,70.0,1,I,MELB_URBAN,STREET,9,12.0
38021,1,3,99,2,1,50.0,0,N,LARGE_PROVINCIAL_CITIES,STREET,9,13.0
38022,6,6,184,5,1,60.0,0,N,RURAL_VICTORIA,ROAD,9,15.0
38023,8,3,170,1,1,100.0,0,I,RURAL_VICTORIA,ROAD,9,12.0
38024,5,2,99,5,1,100.0,0,N,RURAL_VICTORIA,OTHER,9,9.0
38025,1,3,163,5,1,60.0,0,N,MELB_URBAN,ROAD,9,16.0
38026,6,7,174,2,1,60.0,0,I,MELB_URBAN,ROAD,9,11.0
38027,1,6,135,5,1,100.0,0,N,MELB_URBAN,FREEWAY,8,9.0
38028,5,2,99,5,1,60.0,0,N,MELB_URBAN,HIGHWAY,9,16.0
38029,1,3,121,2,1,60.0,0,I,MELB_URBAN,STREET,9,15.0
38030,1,3,132,2,1,60.0,0,I,MELB_URBAN,STREET,9,11.0