,accident_type,day_of_week,dca_code,road_geometry,light_condition,speed_zone,severity,node_type,deg_urban_name,road_type,month,hour
38031,1,3,121,4,1,80.0,0,I,MELB_URBAN,ROAD,9,16.0
38032,2,3,99,5,1,50.0,0,N,SMALL_CITIES,STREET,9,15.0
38033,1,3,135,5,2,60.0,0,N,MELB_URBAN,STREET,9,17.0
38034,1,1,99,5,2,50.0,0,N,MELB_URBAN,STREET,9,18.0
38035,1,3,130,5,1,70.0,0,N,MELB_URBAN,HIGHWAY,9,15.0
38036,1,3,121,2,1,60.0,0,I,MELB_URBAN,ROAD,9,14.0
38037,1,5,163,5,3,40.0,0,N,MELB_URBAN,ROAD,8,6.0
38038,1,3,160,5,3,60.0,0,N,LARGE_PROVINCIAL_CITIES,STREET,9,19.0
38039,1,3,130,5,3,40.0,0,N,MELB_URBAN,STREET,9,19.0
38040,1,3,121,1,3,80.0,0,I,MELB_URBAN,ROAD,9,20.0
38041,1,4,99,2,6,50.0,0,I,MELB_URBAN,ROAD,7,19.0
38042,6,3,99,5,5,100.0,0,N,RURAL_VICTORIA,ROAD,9,22.0
38043,1,1,130,2,3,60.0,0,I,MELB_URBAN,HIGHWAY,9,21.0
38044,2,7,100,2,6,60.0,0,I,MELB_URBAN,STREET,9,3.0
38045,1,4,147,5,2,80.0,0,N,MELB_URBAN,ROAD,9,7.0
38046,1,1,130,5,9,60.0,0,N,MELB_URBAN,RAMP,9,8.0
38047,1,4,130,5,2,60.0,0,N,MELB_URBAN,ROAD,9,6.0
38048,3,3,167,5,5,110.0,0,N,RURAL_VICTORIA,FREEWAY,9,21.0
38049,1,3,130,5,1,60.0,0,N,MELB_URBAN,ROAD,9,9.0
38050,1,2,121,2,5,60.0,0,I,MELB_URBAN,OTHER,9,4.0
38051,8,4,184,5,1,80.0,0,N,RURAL_VICTORIA,OTHER,9,11.0
38052,1,4,110,1,1,80.0,0,I,MELB_URBAN,ROAD,9,11.0
38053,2,4,102,5,1,60.0,0,N,LARGE_PROVINCIAL_CITIES,STREET,9,10.0
38054,1,3,111,2,2,60.0,0,I,MELB_URBAN,ROAD,9,17.0
38055,1,7,130,5,3,80.0,0,N,MELB_URBAN,HIGHWAY,9,19.0
38056,1,4,130,2,1,60.0,0,I,MELB_URBAN,STREET,9,11.0
38057,1,4,99,2,1,50.0,0,I,SMALL_CITIES,STREET,9,11.0
38058,4,3,183,5,2,100.0,0,N,RURAL_VICTORIA,ROAD,9,18.0
38059,1,4,135,2,1,70.0,0,I,MELB_URBAN,STREET,9,11.0
38060,1,4,120,5,1,60.0,0,N,MELB_URBAN,ROAD,9,13.0
38061,2,2,99,5,9,50.0,0,N,MELB_URBAN,STREET,9,11.0
38062,4,4,171,2,1,60.0,0,I,MELB_URBAN,ROAD,9,13.0
38063,8,7,174,5,2,60.0,0,N,MELB_URBAN,ROAD,9,18.0
38064,1,4,140,5,1,40.0,0,N,MELB_URBAN,STREET,9,15.0
38065,1,4,110,1,1,80.0,0,I,MELB_URBAN,ROAD,9,13.0
38066,1,6,130,5,1,60.0,0,N,MELB_URBAN,ROAD,8,15.0
38067,2,3,100,5,1,60.0,0,I,MELB_URBAN,STREET,9,15.0
38068,4,4,181,5,1,100.0,0,N,MELB_URBAN,ROAD,9,10.0
38069,2,4,100,1,1,60.0,0,I,MELB_URBAN,STREET,9,15.0
38070,1,4,130,5,1,60.0,0,N,SMALL_CITIES,STREET,9,17.0
38071,1,4,130,2,2,70.0,0,I,SMALL_CITIES,ROAD,9,17.0
38072,1,4,120,2,1,100.0,0,I,RURAL_VICTORIA,ROAD,9,16.0
38073,1,4,130,1,9,60.0,0,I,MELB_URBAN,ROAD,9,17.0
38074,1,4,116,2,1,50.0,0,I,MELB_URBAN,AVENUE,9,16.0
38075,1,4,130,1,2,60.0,0,I,SMALL_CITIES,STREET,9,17.0
38076,8,5,99,1,1,70.0,0,I,SMALL_CITIES,PARADE,9,16.0
38077,1,4,110,1,2,60.0,0,I,TOWNS,ROAD,9,18.0
38078,2,4,99,5,1,60.0,0,N,LARGE_PROVINCIAL_CITIES,STREET,9,15.0
38079,1,5,135,5,3,40.0,0,N,MELB_URBAN,STREET,9,23.0
38080,6,4,174,5,2,60.0,0,N,MELB_URBAN,ROAD,9,17.0
38081,1,4,130,2,2,60.0,0,I,MELB_URBAN,ROAD,9,17.0
38082,1,3,140,2,3,60.0,0,I,MELB_URBAN,ROAD,9,19.0
38083,4,4,173,5,5,80.0,0,N,MELB_URBAN,ROAD,9,20.0
38084,2,4,100,1,3,60.0,0,I,MELB_URBAN,OTHER,9,19.0
38085,2,3,100,1,3,60.0,0,I,MELB_URBAN,ROAD,9,21.0
38086,4,4,183,5,1,60.0,0,N,MELB_URBAN,RAMP,9,16.0
38087,1,4,113,2,3,60.0,0,I,MELB_URBAN,ROAD,9,18.0
38088,4,4,171,5,3,50.0,0,N,MELB_URBAN,STREET,9,21.0
38089,1,4,121,1,2,60.0,0,I,MELB_URBAN,ROAD,9,5.0
38090,6,4,184,5,1,70.0,0,N,MELB_URBAN,ROAD,9,16.0
38091,4,4,181,5,5,60.0,0,N,RURAL_VICTORIA,ROAD,9,3.0
38092,2,4,99,5,3,60.0,0,N,RURAL_VICTORIA,ROAD,9,23.0
38093,2,4,99,5,3,50.0,0,N,TOWNS,DRIVE,9,22.0
38094,2,3,100,1,1,60.0,0,I,MELB_URBAN,ROAD,9,16.0
38095,4,5,171,5,3,60.0,0,N,MELB_URBAN,BOULEVARD,9,5.0
38096,8,1,174,1,1,60.0,0,I,SMALL_CITIES,STREET,9,10.0
38097,1,5,130,5,2,60.0,0,N,MELB_URBAN,ROAD,9,7.0
38098,1,4,110,1,3,50.0,0,I,MELB_URBAN,STREET,9,19.0
38099,1,5,130,1,2,50.0,0,I,LARGE_PROVINCIAL_CITIES,STREET,9,17.0
38100,1,4,113,2,1,50.0,0,I,LARGE_PROVINCIAL_CITIES,STREET,9,10.0
38101,6,1,99,5,1,60.0,0,I,RURAL_VICTORIA,OTHER,9,10.0
38102,1,5,121,1,1,60.0,0,I,LARGE_PROVINCIAL_CITIES,STREET,9,10.0
38103,1,3,99,1,2,50.0,0,I,MELB_URBAN,STREET,9,17.0
38104,1,5,121,5,2,60.0,0,N,MELB_URBAN,DRIVE,9,17.0
38105,1,5,135,1,1,60.0,0,I,SMALL_CITIES,STREET,9,9.0
38106,1,5,110,1,1,60.0,0,I,SMALL_CITIES,STREET,9,12.0
38107,1,5,130,5,1,60.0,0,N,MELB_URBAN,ROAD,9,11.0
38108,6,2,99,5,1,100.0,0,N,RURAL_VICTORIA,ROAD,9,9.0
38109,4,5,181,5,1,100.0,0,N,RURAL_VICTORIA,ROAD,9,10.0
38110,1,4,135,5,1,80.0,0,N,MELB_URBAN,UNKNOWN,9,12.0
38111,1,5,110,1,1,60.0,0,I,LARGE_PROVINCIAL_CITIES,STREET,9,13.0
38112,8,4,99,5,2,60.0,0,N,MELB_URBAN,ROAD,9,7.0
38113,1,5,110,1,1,50.0,0,I,MELB_URBAN,STREET,9,15.0
38114,1,5,130,5,1,70.0,0,N,MELB_URBAN,ROAD,9,15.0
38115,1,5,113,2,1,60.0,0,I,MELB_URBAN,ROAD,9,14.0
38116,1,4,99,1,1,60.0,0,I,MELB_URBAN,ROAD,9,16.0
38117,1,3,130,5,6,80.0,0,N,MELB_URBAN,HIGHWAY,9,20.0
38118,1,5,160,2,1,60.0,0,I,MELB_URBAN,DRIVE,9,16.0
38119,1,5,130,5,2,70.0,0,N,MELB_URBAN,ROAD,9,17.0
38120,1,5,111,2,1,40.0,0,I,MELB_URBAN,STREET,9,16.0
38121,1,5,130,5,3,80.0,0,N,MELB_URBAN,ROAD,9,18.0
38122,8,5,174,5,1,60.0,0,N,RURAL_VICTORIA,OTHER,9,13.0
38123,3,0,167,5,1,60.0,0,N,RURAL_VICTORIA,ROAD,1,10.0
38124,1,5,110,1,3,110.0,0,N,RURAL_VICTORIA,STREET,9,19.0
38125,4,5,183,5,1,80.0,0,N,MELB_URBAN,RAMP,9,15.0
38126,2,3,100,1,3,40.0,0,I,MELB_URBAN,ROAD,9,23.0
38127,2,5,99,5,5,100.0,0,N,RURAL_VICTORIA,ROAD,9,22.0
38128,1,5,160,5,3,50.0,0,N,MELB_URBAN,DRIVE,9,20.0
38129,1,5,113,2,3,60.0,0,I,MELB_URBAN,DRIVE,9,20.0
38130,4,5,181,5,5,80.0,0,N,RURAL_VICTORIA,ROAD,9,22.0
38131,2,5,100,1,1,70.0,0,I,MELB_URBAN,ROAD,9,13.0
38132,1,3,132,2,1,60.0,0,I,MELB_URBAN,STREET,9,10.0
38133,1,6,110,1,1,50.0,0,I,MELB_URBAN,DRIVE,9,8.0
38134,4,6,99,2,3,50.0,0,I,SMALL_TOWNS,STREET,9,0.0
38135,1,5,120,5,1,80.0,0,N,MELB_URBAN,OTHER,9,11.0
38136,6,7,170,5,3,100.0,0,N,MELB_URBAN,FREEWAY,5,5.0
38137,1,1,130,5,1,60.0,0,N,MELB_URBAN,UNKNOWN,9,12.0
38138,1,1,110,1,1,60.0,0,I,MELB_URBAN,ROAD,9,16.0
38139,1,6,111,1,1,60.0,0,I,MELB_URBAN,ROAD,9,10.0
38140,1,5,130,1,1,60.0,0,I,MELB_URBAN,ROAD,9,9.0
38141,2,4,100,4,1,60.0,0,I,MELB_URBAN,HIGHWAY,9,12.0
38142,1,6,120,5,1,60.0,0,N,TOWNS,STREET,9,10.0
38143,1,6,121,1,1,80.0,0,I,MELB_URBAN,ROAD,9,12.0
38144,1,5,120,2,2,60.0,0,N,MELB_URBAN,ROAD,9,7.0
38145,1,2,147,5,1,100.0,0,N,RURAL_VICTORIA,DRIVE,9,16.0
38146,1,6,121,2,1,50.0,0,I,MELB_URBAN,STREET,9,13.0
38147,1,4,130,4,9,60.0,0,I,MELB_URBAN,RAMP,9,2.0
38148,1,6,113,1,1,70.0,0,I,MELB_URBAN,STREET,9,13.0
38149,1,5,110,1,1,60.0,0,I,TOWNS,STREET,9,13.0
38150,1,2,99,4,1,60.0,0,I,MELB_URBAN,ROAD,9,15.0
38151,1,5,121,2,1,80.0,0,I,MELB_URBAN,ROAD,9,9.0
38152,8,4,184,2,1,100.0,0,I,RURAL_VICTORIA,ROAD,9,15.0
38153,2,4,99,1,9,60.0,0,I,MELB_URBAN,OTHER,9,21.0
38154,6,7,99,5,1,100.0,0,N,RURAL_VICTORIA,ROAD,9,12.0
38155,1,6,110,1,1,50.0,0,I,SMALL_CITIES,STREET,9,12.0
38156,1,6,133,2,1,80.0,0,I,MELB_URBAN,HIGHWAY,9,16.0
38157,1,6,110,1,1,80.0,0,I,RURAL_VICTORIA,AVENUE,9,11.0
38158,1,6,99,5,2,60.0,0,N,MELB_URBAN,ROAD,9,17.0
38159,1,4,132,5,3,60.0,0,N,MELB_URBAN,ROAD,9,21.0
38160,1,6,121,4,1,60.0,0,I,MELB_URBAN,STREET,9,15.0
38161,1,5,132,5,2,60.0,0,N,LARGE_PROVINCIAL_CITIES,STREET,9,6.0
38162,4,6,173,5,2,60.0,0,N,TOWNS,ROAD,9,17.0
38163,1,6,121,1,1,60.0,0,I,MELB_URBAN,HIGHWAY,9,16.0
38164,4,6,99,2,2,50.0,0,I,MELB_URBAN,DRIVE,9,17.0
38165,1,5,121,1,3,60.0,0,I,MELB_URBAN,ROAD,9,20.0
38166,1,6,99,1,6,60.0,0,I,SMALL_CITIES,STREET,9,22.0
38167,1,6,121,2,3,60.0,0,I,MELB_URBAN,ROAD,9,19.0
38168,1,6,130,5,3,60.0,0,N,MELB_URBAN,ROAD,9,19.0
38169,1,6,111,4,3,60.0,0,I,MELB_URBAN,ROAD,9,22.0
38170,1,6,121,1,3,80.0,0,I,MELB_URBAN,ROAD,9,23.0
38171,4,6,171,5,3,60.0,0,N,MELB_URBAN,ROAD,9,23.0
38172,6,6,174,1,3,80.0,0,I,MELB_URBAN,RAMP,9,4.0
38173,1,6,110,1,1,110.0,0,N,RURAL_VICTORIA,FREEWAY,9,14.0
38174,8,1,184,5,1,60.0,0,N,RURAL_VICTORIA,ROAD,9,15.0
38175,6,7,99,5,1,100.0,0,N,RURAL_VICTORIA,ROAD,9,9.0
38176,1,7,140,5,1,60.0,0,N,MELB_URBAN,ROAD,9,9.0
38177,1,7,130,5,1,100.0,0,N,RURAL_VICTORIA,ROAD,9,10.0
38178,8,1,184,5,1,60.0,0,N,RURAL_VICTORIA,ROAD,9,12.0
38179,1,6,130,2,1,60.0,0,I,MELB_URBAN,ROAD,8,16.0
38180,1,7,147,5,1,60.0,0,N,MELB_URBAN,ROAD,9,11.0
38181,8,7,174,5,1,60.0,0,N,MELB_URBAN,HIGHWAY,9,11.0
38182,1,6,113,4,1,100.0,0,I,RURAL_VICTORIA,RAMP,9,10.0
38183,4,7,171,1,2,60.0,0,I,LARGE_PROVINCIAL_CITIES,STREET,9,6.0
38184,1,7,147,5,1,60.0,0,N,MELB_URBAN,STREET,9,12.0
38185,1,3,130,1,1,60.0,0,I,MELB_URBAN,ROAD,9,12.0
38186,1,7,99,5,1,40.0,0,I,MELBOURNE_CBD,STREET,9,11.0
38187,2,7,100,1,1,70.0,0,I,MELB_URBAN,ROAD,9,9.0
38188,1,7,121,2,9,60.0,0,I,MELB_URBAN,ROAD,9,14.0
38189,2,6,100,2,3,60.0,0,I,MELB_URBAN,STREET,9,19.0
38190,1,7,99,2,1,60.0,0,I,MELB_URBAN,UNKNOWN,9,10.0
38191,4,1,181,5,1,60.0,0,N,RURAL_VICTORIA,ROAD,8,15.0
38192,1,2,99,1,1,60.0,0,N,MELB_URBAN,ROAD,6,10.0
38193,6,6,170,5,2,100.0,0,N,RURAL_VICTORIA,ROAD,9,7.0
38194,1,5,130,4,1,80.0,0,N,MELB_URBAN,ROAD,9,16.0
38195,1,2,163,2,1,70.0,0,I,MELB_URBAN,STREET,9,13.0
38196,4,7,173,1,1,60.0,0,N,MELB_URBAN,ROAD,9,13.0
38197,8,7,174,1,2,50.0,0,I,MELB_URBAN,STREET,9,17.0
38198,1,7,134,2,1,70.0,0,N,MELB_URBAN,HIGHWAY,9,15.0
38199,6,1,99,5,1,60.0,0,N,RURAL_VICTORIA,ROAD,9,10.0
38200,5,7,99,5,1,100.0,0,N,RURAL_VICTORIA,ROAD,9,16.0
38201,1,7,110,1,1,60.0,0,I,MELB_URBAN,STREET,9,15.0
38202,1,7,121,1,2,60.0,0,I,MELB_URBAN,ROAD,9,19.0
38203,8,7,99,5,1,100.0,0,N,RURAL_VICTORIA,OTHER,9,15.0
38204,2,5,102,5,1,60.0,0,N,MELB_URBAN,ROAD,9,14.0
38205,8,7,99,5,5,60.0,0,N,RURAL_VICTORIA,OTHER,9,19.0
38206,1,6,160,5,3,50.0,0,N,MELB_URBAN,DRIVE,9,18.0
38207,4,7,181,2,2,60.0,0,I,MELB_URBAN,ROAD,9,18.0
38208,1,7,160,5,3,60.0,0,N,SMALL_CITIES,DRIVE,9,20.0
38209,2,7,102,2,9,60.0,0,I,MELB_URBAN,STREET,9,21.0
38210,1,3,130,5,1,60.0,0,N,SMALL_CITIES,ROAD,11,15.0
38211,8,7,174,5,5,50.0,0,N,SMALL_CITIES,STREET,9,23.0
38212,2,7,102,5,3,60.0,0,N,MELB_URBAN,ROAD,9,21.0
38213,1,7,130,2,1,80.0,0,I,MELB_URBAN,ROAD,9,11.0
38214,1,5,99,2,2,80.0,0,I,LARGE_PROVINCIAL_CITIES,STREET,9,17.0
38215,4,1,171,5,3,50.0,0,N,TOWNS,STREET,9,3.0
38216,1,6,121,5,1,60.0,0,N,MELB_URBAN,STREET,9,13.0
38217,1,5,130,1,9,60.0,0,I,MELB_URBAN,ROAD,7,5.0
38218,1,2,130,1,1,60.0,0,I,MELB_URBAN,ROAD,9,8.0
38219,4,1,181,5,1,80.0,0,I,RURAL_VICTORIA,ROAD,9,10.0
38220,4,1,173,5,1,100.0,0,N,RURAL_VICTORIA,ROAD,9,12.0
38221,4,1,181,5,1,100.0,0,N,RURAL_VICTORIA,ROAD,9,11.0
38222,1,1,113,1,1,60.0,0,I,MELB_URBAN,ROAD,9,8.0
38223,1,1,130,5,1,60.0,0,N,MELB_URBAN,ROAD,9,11.0
38224,8,1,170,5,1,90.0,0,N,RURAL_VICTORIA,HIGHWAY,9,14.0
38225,4,1,171,5,1,60.0,0,N,RURAL_VICTORIA,ROAD,9,14.0
38226,4,1,173,5,1,100.0,0,N,LARGE_PROVINCIAL_CITIES,FREEWAY,9,12.0
38227,1,1,113,2,1,70.0,0,I,MELB_URBAN,ROAD,9,15.0
38228,8,1,174,1,1,60.0,0,I,MELB_URBAN,STREET,9,8.0
38229,1,6,121,2,9,80.0,0,I,MELB_URBAN,ROAD,9,10.0
38230,4,1,171,5,3,60.0,0,N,MELB_URBAN,STREET,9,21.0
38231,1,3,110,1,2,60.0,0,I,MELB_URBAN,ROAD,9,6.0
38232,1,2,133,5,5,80.0,0,N,RURAL_VICTORIA,ROAD,9,4.0
38233,4,1,173,5,2,100.0,1,N,RURAL_VICTORIA,ROAD,9,19.0
38234,6,1,99,2,1,100.0,0,I,RURAL_VICTORIA,ROAD,9,12.0
38235,1,1,110,1,1,100.0,0,I,RURAL_VICTORIA,ROAD,9,16.0
38236,4,1,171,1,1,60.0,0,I,SMALL_CITIES,STREET,9,14.0
38237,6,1,99,5,1,100.0,0,N,RURAL_VICTORIA,ROAD,9,16.0
38238,1,2,121,5,1,60.0,0,N,MELB_URBAN,DRIVE,9,9.0
38239,4,4,183,5,5,80.0,0,N,RURAL_VICTORIA,ROAD,9,22.0
38240,5,2,99,5,1,100.0,0,N,RURAL_VICTORIA,ROAD,9,10.0
38241,1,1,130,5,1,60.0,0,N,MELB_URBAN,ROAD,9,11.0
38242,1,7,130,5,2,60.0,0,N,MELB_URBAN,ROAD,9,17.0
38243,4,5,171,2,3,60.0,0,I,MELB_URBAN,ROAD,9,21.0
38244,4,6,171,5,1,100.0,0,N,SMALL_CITIES,FREEWAY,9,16.0
38245,4,7,173,2,3,60.0,0,I,LARGE_PROVINCIAL_CITIES,STREET,9,1.0
38246,1,2,132,2,1,60.0,0,I,MELB_URBAN,STREET,9,11.0
38247,1,2,99,2,1,80.0,0,I,SMALL_TOWNS,ROAD,9,13.0
38248,1,1,110,1,3,50.0,0,I,MELB_URBAN,STREET,9,18.0
38249,4,2,173,5,1,100.0,0,N,RURAL_VICTORIA,HIGHWAY,9,10.0
38250,4,2,173,5,1,100.0,0,N,RURAL_VICTORIA,ROAD,9,13.0
38251,1,4,99,1,3,40.0,0,I,MELBOURNE_CBD,STREET,9,22.0
38252,1,2,113,2,1,50.0,0,I,TOWNS,ROAD,9,14.0
38253,1,2,160,5,1,60.0,0,N,MELB_URBAN,ROAD,9,14.0
38254,5,1,99,5,1,70.0,0,N,TOWNS,ROAD,9,12.0
38255,1,6,130,5,9,60.0,0,N,MELB_URBAN,ROAD,5,18.0
38256,6,1,174,5,1,50.0,0,N,RURAL_VICTORIA,ROAD,9,10.0
38257,6,3,174,4,1,60.0,0,I,LARGE_PROVINCIAL_CITIES,ROAD,9,13.0
38258,1,6,147,5,1,60.0,0,N,MELB_URBAN,ROAD,9,16.0
38259,1,7,99,2,1,60.0,0,I,MELB_URBAN,ROAD,9,12.0
38260,1,2,147,2,1,60.0,0,I,MELB_URBAN,ROAD,9,14.0
38261,1,6,121,2,2,60.0,0,I,MELB_URBAN,ROAD,9,17.0
38262,2,2,100,2,2,60.0,0,I,MELB_URBAN,STREET,9,18.0
38263,1,2,121,2,3,60.0,0,I,MELB_URBAN,ROAD,9,18.0
38264,4,2,171,5,2,100.0,0,N,RURAL_VICTORIA,ROAD,9,17.0
38265,1,2,99,2,1,60.0,0,I,MELB_URBAN,STREET,9,17.0
38266,1,4,99,5,1,60.0,0,N,MELB_URBAN,ROAD,9,13.0
38267,1,2,113,2,3,60.0,0,I,MELB_URBAN,ROAD,9,20.0
38268,1,2,140,5,3,40.0,0,N,MELB_URBAN,STREET,9,22.0
38269,4,6,171,2,1,60.0,0,I,MELB_URBAN,ROAD,9,14.0
38270,1,3,134,5,3,70.0,0,N,MELB_URBAN,ROAD,9,0.0
38271,1,7,130,5,1,60.0,0,N,MELB_URBAN,ROAD,9,12.0
38272,6,4,184,5,1,80.0,0,N,RURAL_VICTORIA,ROAD,9,13.0
38273,1,3,99,4,1,60.0,0,I,MELB_URBAN,ROAD,9,9.0
38274,1,3,99,2,1,70.0,0,I,MELB_URBAN,ROAD,9,9.0
38275,1,3,147,5,1,60.0,0,N,MELB_URBAN,ROAD,9,8.0
38276,1,2,113,2,2,50.0,0,I,MELB_URBAN,AVENUE,9,18.0
38277,1,3,121,2,1,100.0,0,I,RURAL_VICTORIA,ROAD,9,11.0
38278,1,4,121,2,2,60.0,0,I,MELB_URBAN,ROAD,8,17.0
38279,6,1,181,5,1,60.0,0,N,RURAL_VICTORIA,ROAD,9,16.0
38280,1,2,111,1,1,60.0,0,I,MELB_URBAN,ROAD,9,13.0
38281,4,2,171,5,5,100.0,0,N,RURAL_VICTORIA,ROAD,9,5.0
38282,1,3,120,5,1,100.0,1,N,RURAL_VICTORIA,HIGHWAY,9,12.0
38283,1,4,110,1,1,100.0,0,I,RURAL_VICTORIA,ROAD,9,14.0
38284,1,3,140,5,1,60.0,0,N,MELB_URBAN,ROAD,9,14.0
38285,1,1,132,2,3,60.0,0,I,LARGE_PROVINCIAL_CITIES,STREET,9,19.0
38286,4,1,181,5,1,60.0,0,N,RURAL_VICTORIA,ROAD,9,15.0
38287,1,3,132,5,1,100.0,0,N,RURAL_VICTORIA,ROAD,9,13.0
38288,4,3,181,5,1,100.0,0,N,RURAL_VICTORIA,ROAD,9,14.0
38289,1,3,130,1,1,60.0,0,I,SMALL_CITIES,STREET,9,14.0
38290,8,7,174,5,1,60.0,0,N,RURAL_VICTORIA,ROAD,9,10.0
38291,1,3,130,5,2,80.0,0,N,MELB_URBAN,HIGHWAY,9,17.0
38292,4,3,183,2,2,60.0,0,I,MELB_URBAN,ROAD,9,17.0
38293,7,3,99,5,1,60.0,0,N,MELB_URBAN,ROAD,9,15.0
38294,1,4,130,1,1,60.0,0,I,MELB_URBAN,ROAD,9,13.0
38295,1,3,130,2,3,50.0,0,I,MELB_URBAN,STREET,9,18.0
38296,2,3,99,5,1,60.0,0,N,LARGE_PROVINCIAL_CITIES,STREET,9,10.0
38297,1,3,130,1,1,70.0,0,I,MELB_URBAN,ROAD,9,11.0
38298,4,3,171,5,2,60.0,1,N,RURAL_VICTORIA,ROAD,9,17.0
38299,1,3,130,1,9,60.0,0,I,MELB_URBAN,ROAD,9,17.0
38300,1,7,147,5,1,50.0,0,N,MELB_URBAN,STREET,8,12.0
38301,4,3,171,5,1,100.0,0,N,RURAL_VICTORIA,ROAD,9,16.0
38302,4,3,173,2,2,60.0,0,I,MELB_URBAN,ROAD,9,6.0
38303,3,4,167,5,5,100.0,0,N,RURAL_VICTORIA,ROAD,9,21.0
38304,4,3,173,5,5,100.0,0,N,RURAL_VICTORIA,ROAD,9,23.0
38305,1,3,110,1,3,70.0,0,I,MELB_URBAN,ROAD,9,23.0
38306,1,2,110,1,2,50.0,0,I,SMALL_CITIES,STREET,9,17.0
38307,1,4,113,2,3,60.0,0,I,MELB_URBAN,AVENUE,8,19.0
38308,2,1,102,5,1,60.0,0,N,MELB_URBAN,STREET,9,17.0
38309,1,4,163,5,2,40.0,0,N,MELBOURNE_CBD,STREET,10,7.0
38310,4,4,173,1,1,60.0,0,I,RURAL_VICTORIA,HIGHWAY,10,8.0
38311,1,2,99,5,9,60.0,0,N,MELB_URBAN,ROAD,9,16.0
38312,1,3,121,1,2,40.0,0,I,MELB_URBAN,STREET,10,7.0
38313,1,4,121,1,1,70.0,0,I,MELB_URBAN,ROAD,10,8.0
38314,1,5,121,1,9,60.0,0,I,MELB_URBAN,STREET,9,17.0
38315,1,4,110,1,2,60.0,0,I,MELB_URBAN,ROAD,10,7.0
38316,1,4,121,1,1,40.0,0,I,MELB_URBAN,ROAD,10,8.0
38317,1,3,133,5,1,100.0,0,N,MELB_URBAN,FREEWAY,9,8.0
38318,1,6,121,2,1,60.0,0,I,LARGE_PROVINCIAL_CITIES,ROAD,9,15.0
38319,6,1,99,4,2,50.0,0,I,RURAL_VICTORIA,ROAD,9,18.0
38320,1,4,130,5,1,80.0,0,N,MELB_URBAN,RAMP,10,9.0
38321,1,7,130,1,1,60.0,0,I,MELB_URBAN,ROAD,9,12.0
38322,1,3,110,1,1,60.0,0,I,LARGE_PROVINCIAL_CITIES,ROAD,8,14.0
38323,1,4,121,1,1,40.0,0,I,MELB_URBAN,STREET,10,8.0
38324,2,3,100,5,1,40.0,0,N,MELB_URBAN,STREET,9,11.0
38325,1,4,147,5,2,60.0,0,N,MELB_URBAN,ROAD,10,7.0
38326,6,4,170,5,1,100.0,0,N,RURAL_VICTORIA,HIGHWAY,10,8.0
38327,1,4,132,5,1,60.0,0,N,TOWNS,OTHER,10,9.0
38328,1,6,147,5,2,60.0,0,N,MELB_URBAN,STREET,9,7.0
38329,1,1,130,1,1,60.0,0,I,MELB_URBAN,STREET,9,12.0
38330,8,4,99,5,1,80.0,0,N,RURAL_VICTORIA,ROAD,10,11.0
38331,1,7,121,2,1,60.0,0,N,MELB_URBAN,ROAD,9,16.0
38332,1,3,147,5,1,60.0,0,N,MELB_URBAN,STREET,10,13.0
38333,1,4,120,5,1,60.0,0,N,MELB_URBAN,ROAD,10,9.0
38334,1,3,130,5,1,80.0,0,N,MELB_URBAN,ROAD,10,8.0
38335,1,2,130,1,9,70.0,0,I,MELB_URBAN,ROAD,9,15.0
38336,1,4,110,1,2,50.0,0,I,MELB_URBAN,STREET,10,6.0
38337,1,3,130,2,1,60.0,0,I,MELB_URBAN,OTHER,10,13.0
38338,1,3,130,5,1,80.0,0,N,MELB_URBAN,HIGHWAY,8,9.0
38339,1,4,130,5,9,60.0,0,N,MELB_URBAN,STREET,10,16.0
38340,1,2,99,2,1,50.0,0,I,MELB_URBAN,AVENUE,9,8.0
38341,1,4,135,5,1,40.0,0,N,MELB_URBAN,ROAD,10,11.0
38342,1,4,113,2,1,60.0,0,I,LARGE_PROVINCIAL_CITIES,ROAD,10,15.0
38343,1,4,130,5,1,80.0,0,N,MELB_URBAN,HIGHWAY,10,16.0
38344,1,4,99,1,1,60.0,0,N,MELB_URBAN,STREET,10,16.0
38345,3,0,167,5,5,100.0,0,N,RURAL_VICTORIA,HIGHWAY,8,20.0
38346,1,4,99,5,3,50.0,0,N,MELB_URBAN,STREET,10,18.0
38347,1,4,120,5,1,80.0,0,N,RURAL_VICTORIA,ROAD,10,16.0
38348,1,4,132,2,2,60.0,0,I,SMALL_CITIES,PARADE,10,17.0
38349,1,4,113,2,6,70.0,0,I,MELB_URBAN,ROAD,10,20.0
38350,2,4,102,2,3,60.0,0,I,LARGE_PROVINCIAL_CITIES,ROAD,10,21.0
38351,1,3,111,3,2,50.0,0,I,MELB_URBAN,STREET,10,17.0
38352,1,4,147,5,3,60.0,0,N,MELB_URBAN,ROAD,10,22.0
38353,4,5,171,5,3,70.0,0,N,MELB_URBAN,ROAD,10,2.0
38354,1,5,110,1,2,100.0,0,I,RURAL_VICTORIA,HIGHWAY,10,6.0
38355,3,5,167,5,1,30.0,0,N,RURAL_VICTORIA,ROAD,10,8.0
38356,6,7,99,5,5,50.0,0,N,RURAL_VICTORIA,ROAD,9,0.0
38357,1,5,160,5,3,60.0,0,N,MELB_URBAN,ROAD,10,3.0
38358,1,5,113,1,1,80.0,0,I,RURAL_VICTORIA,HIGHWAY,10,8.0
38359,1,5,110,1,1,50.0,0,I,SMALL_CITIES,STREET,10,11.0
38360,1,6,130,1,1,60.0,0,I,MELB_URBAN,HIGHWAY,9,8.0
38361,2,5,99,5,1,50.0,0,N,SMALL_CITIES,DRIVE,10,11.0
38362,1,3,135,5,1,100.0,0,N,MELB_URBAN,FREEWAY,9,16.0
38363,4,5,183,5,1,60.0,0,N,MELB_URBAN,ROAD,10,11.0