,accident_type,day_of_week,dca_code,road_geometry,light_condition,speed_zone,severity,node_type,deg_urban_name,road_type,month,hour
38364,1,5,160,5,1,50.0,0,N,TOWNS,STREET,10,12.0
38365,2,5,100,1,1,60.0,0,I,MELB_URBAN,STREET,10,12.0
38366,1,5,99,1,1,60.0,0,N,MELB_URBAN,STREET,10,13.0
38367,2,5,99,5,1,100.0,0,N,RURAL_VICTORIA,HIGHWAY,10,12.0
38368,8,7,174,2,9,80.0,0,I,RURAL_VICTORIA,ROAD,9,12.0
38369,1,5,130,5,1,80.0,0,N,MELB_URBAN,ROAD,10,14.0
38370,2,5,100,5,1,60.0,1,N,MELB_URBAN,ROAD,10,8.0
38371,5,4,99,5,1,70.0,0,N,MELB_URBAN,ROAD,10,15.0
38372,8,5,99,5,5,100.0,0,N,RURAL_VICTORIA,ROAD,8,2.0
38373,8,1,174,5,9,60.0,0,N,RURAL_VICTORIA,ROAD,9,10.0
38374,4,4,181,5,9,80.0,0,N,RURAL_VICTORIA,ROAD,9,13.0
38375,1,5,130,5,1,60.0,0,N,RURAL_VICTORIA,ROAD,10,14.0
38376,1,5,121,1,1,50.0,0,I,LARGE_PROVINCIAL_CITIES,STREET,10,15.0
38377,1,2,130,5,3,60.0,0,N,MELB_URBAN,ROAD,8,18.0
38378,1,5,130,5,1,70.0,0,N,RURAL_VICTORIA,ROAD,10,16.0
38379,1,5,147,2,1,50.0,0,I,MELB_URBAN,ROAD,10,15.0
38380,4,3,171,1,1,50.0,0,I,LARGE_PROVINCIAL_CITIES,AVENUE,9,14.0
38381,1,5,147,5,1,60.0,0,N,MELB_URBAN,STREET,10,15.0
38382,6,7,184,5,1,60.0,0,N,RURAL_VICTORIA,ROAD,9,10.0
38383,4,4,171,5,6,100.0,0,N,MELB_URBAN,UNKNOWN,10,2.0
38384,6,7,99,5,1,60.0,0,N,RURAL_VICTORIA,OTHER,8,16.0
38385,4,5,173,1,2,70.0,0,I,MELB_URBAN,OTHER,10,17.0
38386,4,5,171,5,2,60.0,0,N,RURAL_VICTORIA,ROAD,10,17.0
38387,1,4,110,1,2,50.0,0,I,MELB_URBAN,STREET,10,18.0
38388,4,5,99,5,3,60.0,0,N,MELB_URBAN,STREET,10,19.0
38389,1,5,130,2,1,50.0,0,I,MELB_URBAN,ROAD,10,15.0
38390,4,5,181,5,5,80.0,0,N,RURAL_VICTORIA,ROAD,10,22.0
38391,6,5,184,2,5,80.0,0,I,MELB_URBAN,ROAD,10,23.0
38392,7,6,99,5,5,60.0,0,N,MELB_URBAN,UNKNOWN,10,5.0
38393,4,5,173,5,5,100.0,0,N,RURAL_VICTORIA,FREEWAY,10,23.0
38394,4,6,171,1,3,60.0,0,N,MELB_URBAN,ROAD,10,3.0
38395,4,6,173,5,5,100.0,0,N,RURAL_VICTORIA,ROAD,10,4.0
38396,1,5,130,2,1,80.0,0,I,MELB_URBAN,ROAD,10,14.0
38397,4,1,181,2,1,60.0,0,I,RURAL_VICTORIA,ROAD,9,11.0
38398,1,5,130,1,1,80.0,0,I,MELB_URBAN,HIGHWAY,10,16.0
38399,1,6,120,2,1,80.0,0,I,MELB_URBAN,ROAD,10,8.0
38400,5,0,99,2,1,100.0,0,I,RURAL_VICTORIA,ROAD,9,12.0
38401,4,5,173,5,5,80.0,0,N,RURAL_VICTORIA,ROAD,10,21.0
38402,1,6,130,1,2,70.0,0,I,MELB_URBAN,ROAD,10,7.0
38403,1,6,130,5,1,80.0,0,N,RURAL_VICTORIA,ROAD,10,9.0
38404,4,6,181,5,1,60.0,0,N,SMALL_TOWNS,ROAD,10,11.0
38405,1,5,110,1,1,50.0,0,I,MELB_URBAN,STREET,10,13.0
38406,1,4,130,5,1,70.0,0,N,MELB_URBAN,ROAD,9,15.0
38407,1,6,160,5,1,70.0,0,N,MELB_URBAN,ROAD,10,12.0
38408,1,4,99,1,1,60.0,0,I,MELB_URBAN,STREET,10,16.0
38409,2,6,102,5,1,60.0,0,N,MELB_URBAN,ROAD,10,13.0
38410,4,5,99,5,3,50.0,0,N,MELB_URBAN,ROAD,9,18.0
38411,1,5,111,1,1,50.0,0,I,MELB_URBAN,STREET,10,9.0
38412,1,6,113,2,1,60.0,0,I,SMALL_CITIES,STREET,10,12.0
38413,1,5,130,1,1,80.0,0,I,MELB_URBAN,HIGHWAY,10,14.0
38414,1,1,135,4,1,100.0,0,N,MELB_URBAN,FREEWAY,8,11.0
38415,1,6,99,5,1,50.0,0,N,MELB_URBAN,UNKNOWN,10,15.0
38416,4,4,173,5,1,80.0,0,N,RURAL_VICTORIA,ROAD,10,12.0
38417,2,1,102,2,1,40.0,0,I,MELB_URBAN,HIGHWAY,9,14.0
38418,1,6,130,5,1,70.0,0,N,SMALL_CITIES,AVENUE,9,14.0
38419,2,6,102,5,2,60.0,0,N,MELB_URBAN,ROAD,10,18.0
38420,6,5,170,5,5,100.0,0,N,RURAL_VICTORIA,ROAD,10,20.0
38421,6,6,170,5,3,50.0,0,N,MELB_URBAN,AVENUE,10,20.0
38422,4,1,171,5,3,60.0,0,N,RURAL_VICTORIA,ROAD,9,1.0
38423,1,6,113,2,2,50.0,0,I,MELB_URBAN,STREET,10,17.0
38424,2,6,100,5,3,70.0,0,N,MELB_URBAN,STREET,10,22.0
38425,1,6,116,2,3,60.0,0,I,MELB_URBAN,ROAD,10,21.0
38426,1,7,160,5,3,60.0,0,N,MELB_URBAN,ROAD,10,3.0
38427,2,7,102,5,3,60.0,0,N,MELB_URBAN,ROAD,10,2.0
38428,4,7,173,5,5,80.0,0,N,RURAL_VICTORIA,ROAD,10,5.0
38429,4,7,171,5,3,60.0,0,N,MELB_URBAN,ROAD,10,3.0
38430,1,5,121,2,2,60.0,0,I,MELB_URBAN,ROAD,6,17.0
38431,1,6,111,1,1,70.0,0,I,MELB_URBAN,BOULEVARD,10,12.0
38432,1,7,99,2,1,60.0,0,I,SMALL_CITIES,DRIVE,10,10.0
38433,1,7,99,2,1,50.0,0,I,SMALL_CITIES,STREET,10,9.0
38434,6,7,99,5,1,80.0,0,N,MELB_URBAN,HIGHWAY,10,10.0
38435,2,6,100,2,1,50.0,0,I,MELB_URBAN,STREET,10,14.0
38436,4,7,171,5,1,70.0,0,N,RURAL_VICTORIA,ROAD,10,10.0
38437,1,7,130,1,1,70.0,0,I,MELB_URBAN,ROAD,10,11.0
38438,1,7,132,2,1,60.0,0,I,MELB_URBAN,ROAD,10,12.0
38439,4,7,181,5,1,70.0,0,N,RURAL_VICTORIA,ROAD,10,12.0
38440,4,7,171,5,1,110.0,0,N,RURAL_VICTORIA,FREEWAY,10,12.0
38441,8,7,174,5,1,60.0,0,N,RURAL_VICTORIA,OTHER,10,10.0
38442,1,6,130,5,1,60.0,0,N,MELB_URBAN,STREET,10,13.0
38443,3,7,167,5,1,100.0,0,N,RURAL_VICTORIA,ROAD,10,11.0
38444,1,7,121,2,1,60.0,0,I,MELB_URBAN,ROAD,10,13.0
38445,2,7,102,1,1,60.0,0,I,MELB_URBAN,ROAD,10,9.0
38446,6,7,99,5,1,100.0,0,N,RURAL_VICTORIA,ROAD,10,13.0
38447,4,7,171,5,1,100.0,0,N,RURAL_VICTORIA,ROAD,10,14.0
38448,2,7,100,5,1,100.0,1,N,SMALL_TOWNS,ROAD,10,11.0
38449,1,7,121,2,1,60.0,0,I,MELB_URBAN,ROAD,10,15.0
38450,4,7,181,5,1,100.0,0,N,RURAL_VICTORIA,ROAD,10,13.0
38451,1,7,130,5,1,110.0,0,N,RURAL_VICTORIA,FREEWAY,10,16.0
38452,1,7,99,5,1,100.0,0,N,RURAL_VICTORIA,HIGHWAY,10,14.0
38453,2,7,100,2,1,60.0,0,I,MELB_URBAN,STREET,10,16.0
38454,1,7,110,1,2,60.0,0,I,LARGE_PROVINCIAL_CITIES,STREET,10,17.0
38455,8,3,99,5,1,110.0,0,N,RURAL_VICTORIA,FREEWAY,9,9.0
38456,1,7,130,5,2,100.0,0,N,RURAL_VICTORIA,ROAD,10,17.0
38457,1,7,99,4,2,60.0,0,N,MELB_URBAN,ROAD,10,17.0
38458,1,7,130,5,3,50.0,0,N,LARGE_PROVINCIAL_CITIES,STREET,10,20.0
38459,1,7,121,2,3,80.0,0,N,MELB_URBAN,HIGHWAY,10,20.0
38460,1,7,121,5,5,100.0,0,N,RURAL_VICTORIA,ROAD,10,21.0
38461,1,7,110,1,1,50.0,0,I,SMALL_CITIES,STREET,10,11.0
38462,4,1,171,5,1,70.0,0,N,MELB_URBAN,DRIVE,2,16.0
38463,2,7,99,5,2,60.0,0,N,MELB_URBAN,ROAD,10,19.0
38464,1,7,140,2,3,80.0,0,I,MELB_URBAN,HIGHWAY,10,1.0
38465,4,1,183,5,3,70.0,0,N,MELB_URBAN,HIGHWAY,10,4.0
38466,1,7,113,2,1,50.0,0,I,MELB_URBAN,ROAD,10,13.0
38467,2,1,100,5,2,60.0,0,N,MELB_URBAN,ROAD,10,7.0
38468,1,4,134,2,1,50.0,0,I,MELB_URBAN,ROAD,9,16.0
38469,4,1,173,5,1,100.0,0,N,MELB_URBAN,ROAD,10,7.0
38470,4,7,171,2,1,60.0,0,I,MELB_URBAN,ROAD,10,14.0
38471,1,1,163,5,1,60.0,0,N,MELB_URBAN,ROAD,10,9.0
38472,4,7,181,5,1,100.0,0,N,RURAL_VICTORIA,ROAD,10,14.0
38473,8,1,174,5,2,60.0,0,N,RURAL_VICTORIA,ROAD,10,7.0
38474,1,1,110,1,1,60.0,0,I,RURAL_VICTORIA,ROAD,10,11.0
38475,6,1,184,5,1,100.0,0,N,RURAL_VICTORIA,ROAD,10,13.0
38476,4,1,173,5,1,60.0,0,N,RURAL_VICTORIA,OTHER,10,8.0
38477,1,1,121,2,1,60.0,0,I,MELB_URBAN,ROAD,10,14.0
38478,1,1,121,4,1,80.0,0,I,MELB_URBAN,RAMP,10,14.0
38479,1,0,132,2,1,40.0,0,I,MELB_URBAN,ROAD,10,13.0
38480,4,1,181,5,1,80.0,0,N,RURAL_VICTORIA,HIGHWAY,10,12.0
38481,1,1,99,3,1,80.0,0,I,MELB_URBAN,ROAD,10,11.0
38482,4,1,183,5,1,100.0,0,N,RURAL_VICTORIA,ROAD,10,14.0
38483,1,1,110,1,1,50.0,0,I,SMALL_CITIES,STREET,10,15.0
38484,4,0,181,5,1,100.0,0,N,RURAL_VICTORIA,ROAD,10,12.0
38485,1,0,113,2,1,50.0,0,I,MELB_URBAN,AVENUE,10,14.0
38486,1,1,113,2,1,50.0,0,I,MELB_URBAN,ROAD,10,15.0
38487,8,1,99,5,1,50.0,0,N,MELB_URBAN,STREET,10,14.0
38488,1,1,110,1,2,40.0,0,I,MELB_URBAN,STREET,10,19.0
38489,4,1,181,5,1,100.0,0,N,RURAL_VICTORIA,FREEWAY,10,18.0
38490,4,1,173,5,2,100.0,0,N,RURAL_VICTORIA,ROAD,10,19.0
38491,4,1,171,5,1,70.0,0,N,MELB_URBAN,HIGHWAY,10,16.0
38492,1,1,99,5,2,50.0,0,N,MELB_URBAN,OTHER,10,18.0
38493,2,1,99,5,1,60.0,0,N,TOWNS,STREET,10,16.0
38494,4,0,183,5,5,100.0,0,N,SMALL_TOWNS,ROAD,10,21.0
38495,4,1,99,5,3,50.0,0,N,MELB_URBAN,DRIVE,10,22.0
38496,1,2,160,5,3,50.0,0,N,MELB_URBAN,OTHER,10,1.0
38497,1,6,110,1,1,60.0,0,I,SMALL_CITIES,STREET,9,11.0
38498,4,1,173,5,2,60.0,0,N,MELB_URBAN,ROAD,10,6.0
38499,1,1,130,4,1,100.0,0,I,RURAL_VICTORIA,ROAD,10,11.0
38500,1,7,99,1,1,60.0,0,I,MELB_URBAN,STREET,10,14.0
38501,1,2,130,5,1,100.0,0,N,MELB_URBAN,FREEWAY,10,8.0
38502,2,2,99,2,1,40.0,0,N,MELB_URBAN,STREET,10,9.0
38503,2,1,102,2,1,60.0,0,I,TOWNS,STREET,9,16.0
38504,1,1,147,5,1,60.0,0,N,MELB_URBAN,ROAD,8,12.0
38505,4,2,173,2,1,60.0,0,I,LARGE_PROVINCIAL_CITIES,ROAD,10,9.0
38506,8,7,184,5,1,80.0,0,N,RURAL_VICTORIA,ROAD,10,10.0
38507,1,4,130,5,1,80.0,0,N,MELB_URBAN,ROAD,10,17.0
38508,1,7,134,5,1,100.0,0,N,RURAL_VICTORIA,OTHER,9,13.0
38509,1,2,111,1,1,60.0,0,I,LARGE_PROVINCIAL_CITIES,AVENUE,10,10.0
38510,2,2,100,1,1,60.0,0,I,MELB_URBAN,STREET,10,10.0
38511,1,2,121,2,1,50.0,0,I,TOWNS,STREET,10,11.0
38512,1,4,135,5,2,100.0,0,N,MELB_URBAN,FREEWAY,9,6.0
38513,4,2,181,5,1,100.0,0,N,RURAL_VICTORIA,ROAD,10,9.0
38514,1,2,120,5,1,100.0,0,N,RURAL_VICTORIA,HIGHWAY,10,12.0
38515,1,2,121,2,1,60.0,0,I,MELB_URBAN,STREET,10,13.0
38516,4,2,181,5,2,100.0,0,N,MELB_URBAN,RAMP,10,6.0
38517,1,1,135,5,5,110.0,0,N,RURAL_VICTORIA,FREEWAY,10,20.0
38518,1,2,130,5,1,100.0,0,N,MELB_URBAN,FREEWAY,10,15.0
38519,4,7,173,5,5,100.0,0,N,RURAL_VICTORIA,HIGHWAY,10,3.0
38520,1,2,110,1,1,60.0,0,I,MELB_URBAN,ROAD,10,15.0
38521,1,2,113,2,2,50.0,0,I,MELB_URBAN,STREET,10,18.0
38522,6,2,184,5,1,60.0,0,N,MELB_URBAN,AVENUE,10,16.0
38523,4,2,183,5,1,80.0,0,N,MELB_URBAN,UNKNOWN,10,17.0
38524,4,1,171,5,1,100.0,0,N,RURAL_VICTORIA,HIGHWAY,10,14.0
38525,1,5,130,1,1,80.0,0,I,MELB_URBAN,ROAD,10,14.0
38526,1,2,99,2,3,60.0,0,I,MELB_URBAN,PARADE,10,19.0
38527,1,6,121,5,3,50.0,0,N,MELB_URBAN,AVENUE,10,19.0
38528,1,2,130,5,1,80.0,0,N,MELB_URBAN,ROAD,10,15.0
38529,1,1,113,2,3,60.0,0,I,MELB_URBAN,ROAD,10,1.0
38530,1,2,110,1,2,50.0,0,I,MELB_URBAN,UNKNOWN,10,18.0
38531,1,2,116,2,9,40.0,0,I,MELB_URBAN,STREET,10,23.0
38532,2,2,102,1,3,60.0,0,I,MELB_URBAN,ROAD,10,22.0
38533,4,3,181,1,3,60.0,0,N,RURAL_VICTORIA,ROAD,10,0.0
38534,1,3,110,1,3,60.0,0,I,SMALL_CITIES,ROAD,10,6.0
38535,8,2,170,1,1,50.0,0,I,LARGE_PROVINCIAL_CITIES,STREET,10,16.0
38536,1,6,163,4,1,60.0,0,I,MELB_URBAN,OTHER,10,13.0
38537,1,3,135,5,2,100.0,0,N,MELB_URBAN,UNKNOWN,10,7.0
38538,1,3,130,5,2,100.0,0,N,MELB_URBAN,UNKNOWN,10,7.0
38539,4,3,171,5,2,60.0,0,N,MELB_URBAN,ROAD,10,7.0
38540,1,3,140,5,1,60.0,0,N,MELB_URBAN,ROAD,10,8.0
38541,1,3,135,5,1,60.0,0,N,MELB_URBAN,ROAD,10,7.0
38542,1,3,99,5,1,60.0,0,N,MELB_URBAN,ROAD,10,9.0
38543,6,0,184,5,1,100.0,0,N,RURAL_VICTORIA,ROAD,9,12.0
38544,4,6,181,5,1,100.0,0,I,RURAL_VICTORIA,ROAD,10,15.0
38545,5,3,99,5,1,90.0,0,N,RURAL_VICTORIA,ROAD,10,9.0
38546,8,2,174,1,3,60.0,0,I,MELB_URBAN,DRIVE,9,0.0
38547,1,3,140,5,1,50.0,0,N,TOWNS,STREET,10,11.0
38548,1,3,120,5,1,100.0,0,N,RURAL_VICTORIA,HIGHWAY,10,9.0
38549,1,3,147,5,1,80.0,0,N,RURAL_VICTORIA,ROAD,10,11.0
38550,1,3,121,2,1,60.0,0,I,MELB_URBAN,STREET,10,13.0
38551,4,2,181,5,1,80.0,0,N,RURAL_VICTORIA,ROAD,10,12.0
38552,1,2,132,5,2,100.0,0,N,RURAL_VICTORIA,HIGHWAY,10,7.0
38553,2,3,100,2,1,50.0,0,I,MELB_URBAN,ROAD,10,14.0
38554,4,2,183,5,1,80.0,0,N,RURAL_VICTORIA,ROAD,10,13.0
38555,8,3,99,5,1,100.0,0,N,RURAL_VICTORIA,ROAD,10,12.0
38556,6,1,174,2,1,60.0,0,I,RURAL_VICTORIA,ROAD,10,13.0
38557,8,3,99,2,5,100.0,0,I,RURAL_VICTORIA,ROAD,10,5.0
38558,4,3,171,5,1,100.0,0,N,RURAL_VICTORIA,ROAD,10,15.0
38559,1,3,99,5,1,40.0,0,N,MELBOURNE_CBD,STREET,10,15.0
38560,1,3,121,2,2,60.0,0,I,MELB_URBAN,ROAD,10,18.0
38561,4,3,171,5,1,100.0,1,N,MELB_URBAN,FREEWAY,10,16.0
38562,1,3,132,5,1,80.0,0,N,SMALL_CITIES,UNKNOWN,10,16.0
38563,2,3,100,1,2,60.0,0,I,MELB_URBAN,ROAD,10,18.0
38564,4,3,173,5,2,100.0,0,N,RURAL_VICTORIA,ROAD,10,18.0
38565,1,3,134,5,1,80.0,0,N,MELB_URBAN,ROAD,10,13.0
38566,8,2,174,1,1,60.0,0,I,MELB_URBAN,STREET,9,16.0
38567,8,1,174,5,1,80.0,0,N,RURAL_VICTORIA,ROAD,10,11.0
38568,8,3,170,2,3,60.0,0,I,TOWNS,AVENUE,10,20.0
38569,4,3,173,5,2,100.0,0,N,RURAL_VICTORIA,ROAD,10,18.0
38570,1,3,130,5,1,50.0,0,N,MELB_URBAN,STREET,10,16.0
38571,2,3,99,5,2,50.0,0,N,MELB_URBAN,ROAD,10,17.0
38572,4,4,171,5,3,60.0,0,N,MELB_URBAN,ROAD,10,3.0
38573,1,1,130,5,2,60.0,0,N,MELB_URBAN,ROAD,9,17.0
38574,4,6,183,5,1,100.0,0,N,RURAL_VICTORIA,ROAD,10,12.0
38575,1,1,110,1,1,50.0,0,I,MELB_URBAN,STREET,9,17.0
38576,1,3,130,2,2,50.0,0,I,MELB_URBAN,ROAD,8,7.0
38577,1,4,160,5,2,50.0,0,N,MELB_URBAN,STREET,10,7.0
38578,6,4,174,2,1,50.0,0,I,TOWNS,STREET,10,8.0
38579,1,4,130,5,1,100.0,0,N,MELB_URBAN,FREEWAY,10,8.0
38580,1,4,132,2,1,60.0,0,I,MELB_URBAN,STREET,10,9.0
38581,6,4,170,1,1,80.0,0,I,MELB_URBAN,HIGHWAY,10,9.0
38582,1,5,110,1,1,60.0,0,I,MELB_URBAN,AVENUE,8,15.0
38583,1,4,130,5,1,60.0,0,N,MELB_URBAN,ROAD,10,8.0
38584,1,4,99,2,1,70.0,0,I,LARGE_PROVINCIAL_CITIES,DRIVE,10,9.0
38585,1,5,110,1,2,50.0,0,I,MELB_URBAN,STREET,4,5.0
38586,6,4,174,2,2,60.0,0,I,MELB_URBAN,ROAD,10,7.0
38587,1,1,130,2,1,60.0,0,I,MELB_URBAN,STREET,9,12.0
38588,1,4,121,5,1,50.0,0,N,MELB_URBAN,ROAD,10,10.0
38589,1,4,113,1,1,50.0,0,I,MELB_URBAN,STREET,10,8.0
38590,4,4,181,2,1,80.0,0,I,RURAL_VICTORIA,ROAD,10,9.0
38591,4,4,173,5,1,100.0,1,N,RURAL_VICTORIA,ROAD,10,11.0
38592,1,7,110,1,5,100.0,0,I,RURAL_VICTORIA,ROAD,10,19.0
38593,4,1,181,5,1,100.0,0,N,RURAL_VICTORIA,ROAD,10,15.0
38594,4,4,181,5,1,50.0,0,N,TOWNS,ROAD,10,15.0
38595,8,3,99,5,1,50.0,0,N,SMALL_CITIES,OTHER,9,16.0
38596,1,4,99,5,1,60.0,0,N,MELB_URBAN,ROAD,10,16.0
38597,4,4,173,5,1,100.0,0,N,RURAL_VICTORIA,ROAD,10,16.0
38598,1,4,111,2,1,80.0,0,I,MELB_URBAN,ROAD,10,16.0
38599,1,4,99,2,2,60.0,0,I,MELB_URBAN,STREET,10,18.0
38600,1,4,160,5,1,70.0,0,N,MELB_URBAN,ROAD,10,14.0
38601,1,4,130,5,1,70.0,0,N,MELB_URBAN,ROAD,10,16.0
38602,4,4,173,1,1,70.0,0,I,MELB_URBAN,BOULEVARD,10,16.0
38603,6,4,99,5,2,100.0,0,N,RURAL_VICTORIA,ROAD,10,18.0
38604,1,4,130,1,2,80.0,0,I,MELB_URBAN,HIGHWAY,10,17.0
38605,2,4,99,5,9,50.0,0,N,LARGE_PROVINCIAL_CITIES,STREET,10,22.0
38606,1,3,130,2,1,100.0,0,I,RURAL_VICTORIA,HIGHWAY,9,13.0
38607,8,4,170,5,3,80.0,0,I,MELB_URBAN,ROAD,10,21.0
38608,1,4,116,1,3,80.0,0,I,MELB_URBAN,ROAD,10,6.0
38609,1,4,130,1,3,80.0,0,I,MELB_URBAN,HIGHWAY,10,22.0
38610,1,4,113,4,3,60.0,0,I,MELB_URBAN,RAMP,10,22.0
38611,2,4,99,5,6,50.0,0,N,MELB_URBAN,ROAD,10,21.0
38612,1,5,121,1,2,70.0,0,I,MELB_URBAN,ROAD,10,7.0
38613,1,4,130,1,1,80.0,0,N,MELB_URBAN,ROAD,10,11.0
38614,1,5,99,1,1,60.0,0,I,SMALL_CITIES,AVENUE,10,9.0
38615,4,5,173,2,1,80.0,0,I,RURAL_VICTORIA,ROAD,10,8.0
38616,1,5,110,1,1,50.0,0,I,MELB_URBAN,OTHER,10,8.0
38617,1,5,120,5,2,100.0,0,N,RURAL_VICTORIA,ROAD,10,7.0
38618,1,5,110,1,1,50.0,0,I,MELB_URBAN,STREET,10,8.0
38619,1,3,130,2,9,60.0,0,N,MELB_URBAN,UNKNOWN,10,18.0
38620,1,4,130,1,1,60.0,0,I,MELB_URBAN,OTHER,10,10.0
38621,1,3,99,2,1,40.0,0,I,MELB_URBAN,STREET,10,14.0
38622,1,5,160,5,2,60.0,0,N,MELB_URBAN,AVENUE,10,7.0
38623,8,3,174,5,2,100.0,0,N,MELB_URBAN,FREEWAY,9,7.0
38624,1,5,121,2,1,70.0,0,I,MELB_URBAN,ROAD,10,11.0
38625,1,1,130,5,1,80.0,0,N,MELB_URBAN,ROAD,9,10.0
38626,1,5,121,2,1,60.0,0,I,LARGE_PROVINCIAL_CITIES,STREET,10,12.0
38627,1,5,130,5,1,100.0,0,N,MELB_URBAN,FREEWAY,10,8.0
38628,8,5,174,1,1,40.0,0,I,MELBOURNE_CBD,OTHER,10,12.0
38629,4,5,99,5,1,70.0,0,N,RURAL_VICTORIA,HIGHWAY,10,13.0
38630,8,1,99,5,1,80.0,0,N,RURAL_VICTORIA,ROAD,10,15.0
38631,1,3,132,2,6,60.0,0,I,MELB_URBAN,AVENUE,10,20.0
38632,4,6,173,5,1,100.0,0,N,RURAL_VICTORIA,ROAD,10,14.0
38633,1,5,120,5,1,70.0,0,N,RURAL_VICTORIA,ROAD,10,12.0
38634,1,5,135,5,1,100.0,0,N,MELB_URBAN,ROAD,10,15.0
38635,1,4,130,1,1,70.0,0,I,MELB_URBAN,BOULEVARD,8,8.0
38636,1,5,121,2,1,50.0,0,I,SMALL_CITIES,STREET,10,15.0
38637,1,5,130,2,1,60.0,0,N,SMALL_CITIES,AVENUE,10,15.0
38638,6,5,99,5,1,100.0,0,N,RURAL_VICTORIA,ROAD,10,15.0
38639,1,5,110,1,1,60.0,0,I,TOWNS,STREET,10,16.0
38640,1,2,130,2,1,60.0,0,I,MELB_URBAN,HIGHWAY,9,12.0
38641,4,4,171,5,2,50.0,0,I,SMALL_CITIES,STREET,10,17.0
38642,4,5,183,5,2,100.0,0,N,RURAL_VICTORIA,HIGHWAY,10,18.0
38643,1,5,99,2,2,50.0,0,I,MELB_URBAN,STREET,10,18.0
38644,2,4,99,2,2,40.0,0,I,MELBOURNE_CBD,STREET,10,17.0
38645,2,5,102,1,2,50.0,0,I,MELB_URBAN,ROAD,10,18.0
38646,2,3,102,5,1,50.0,0,N,MELB_URBAN,STREET,10,10.0
38647,1,5,121,2,2,60.0,0,I,MELB_URBAN,STREET,10,17.0
38648,4,5,173,1,2,100.0,0,I,RURAL_VICTORIA,ROAD,10,18.0
38649,4,4,99,5,1,50.0,0,N,MELB_URBAN,STREET,10,10.0
38650,1,6,130,1,1,80.0,0,I,MELB_URBAN,HIGHWAY,8,16.0
38651,1,5,110,1,2,100.0,1,I,RURAL_VICTORIA,OTHER,10,17.0
38652,1,5,113,2,2,60.0,0,I,MELB_URBAN,AVENUE,10,19.0
38653,1,2,99,5,1,70.0,0,N,MELB_URBAN,ROAD,7,13.0
38654,1,5,121,2,3,80.0,0,I,LARGE_PROVINCIAL_CITIES,HIGHWAY,10,22.0
38655,4,4,183,5,1,50.0,0,N,MELB_URBAN,RAMP,10,16.0
38656,1,5,160,5,2,50.0,0,N,TOWNS,AVENUE,10,20.0
38657,2,5,99,1,1,60.0,0,I,MELB_URBAN,STREET,10,14.0
38658,4,5,181,5,2,100.0,1,N,MELB_URBAN,ROAD,10,19.0
38659,4,6,173,5,3,50.0,0,N,MELB_URBAN,ROAD,10,3.0
38660,1,5,99,5,1,40.0,0,N,MELB_URBAN,ROAD,10,14.0
38661,1,6,160,5,3,50.0,0,N,MELB_URBAN,STREET,10,5.0
38662,8,5,174,2,1,50.0,0,I,MELB_URBAN,ROAD,10,15.0
38663,1,6,140,5,1,60.0,0,N,MELB_URBAN,ROAD,10,8.0
38664,7,5,99,2,3,50.0,0,I,SMALL_CITIES,OTHER,10,21.0
38665,1,4,130,2,1,60.0,0,I,MELB_URBAN,STREET,10,15.0
38666,1,6,121,2,1,60.0,0,I,MELB_URBAN,ROAD,10,8.0
38667,6,6,99,5,2,100.0,0,N,RURAL_VICTORIA,HIGHWAY,10,7.0
38668,1,5,130,5,1,60.0,0,N,MELB_URBAN,ROAD,10,9.0
38669,1,6,110,1,1,50.0,0,I,MELB_URBAN,AVENUE,10,11.0
38670,1,6,110,1,1,60.0,0,I,SMALL_CITIES,ROAD,10,11.0
38671,1,6,140,5,1,60.0,0,N,MELB_URBAN,ROAD,10,11.0
38672,1,5,99,5,2,100.0,0,N,MELB_URBAN,UNKNOWN,10,18.0
38673,3,6,167,5,1,100.0,0,N,RURAL_VICTORIA,ROAD,10,8.0
38674,8,7,174,5,1,60.0,0,N,RURAL_VICTORIA,ROAD,9,15.0
38675,1,4,135,5,1,70.0,0,N,MELB_URBAN,ROAD,11,13.0
38676,1,5,113,1,1,80.0,0,I,RURAL_VICTORIA,HIGHWAY,10,15.0
38677,1,6,120,5,1,60.0,0,N,MELB_URBAN,ROAD,10,9.0
38678,1,3,116,2,1,60.0,0,I,MELB_URBAN,AVENUE,10,10.0
38679,4,5,181,5,2,50.0,0,N,MELB_URBAN,BOULEVARD,10,18.0
38680,1,2,120,1,1,60.0,0,I,MELB_URBAN,ROAD,9,13.0
38681,1,6,130,1,1,50.0,0,I,MELB_URBAN,STREET,10,15.0
38682,1,6,130,5,1,60.0,0,N,MELB_URBAN,ROAD,10,15.0
38683,1,6,110,1,1,60.0,0,I,MELB_URBAN,ROAD,10,14.0
38684,1,6,121,1,1,70.0,0,I,MELB_URBAN,ROAD,10,15.0
38685,1,5,130,2,1,60.0,0,I,MELB_URBAN,ROAD,10,11.0
38686,1,4,163,5,3,50.0,0,N,MELB_URBAN,STREET,10,20.0
38687,1,6,134,5,1,80.0,0,I,MELB_URBAN,ROAD,10,16.0
38688,1,7,110,1,1,60.0,0,I,MELB_URBAN,STREET,9,14.0
38689,1,6,160,5,2,50.0,0,N,SMALL_CITIES,STREET,10,17.0