,accident_type,day_of_week,dca_code,road_geometry,light_condition,speed_zone,severity,node_type,deg_urban_name,road_type,month,hour
38690,2,6,102,1,2,50.0,0,I,MELB_URBAN,STREET,10,18.0
38691,4,6,173,5,2,110.0,0,N,RURAL_VICTORIA,FREEWAY,10,19.0
38692,1,6,110,1,3,60.0,0,I,MELB_URBAN,ROAD,10,20.0
38693,4,5,173,2,1,50.0,0,N,MELB_URBAN,ROAD,10,13.0
38694,4,6,181,5,1,100.0,1,N,RURAL_VICTORIA,ROAD,10,15.0
38695,3,6,167,5,2,100.0,0,N,RURAL_VICTORIA,ROAD,10,20.0
38696,1,6,130,5,4,100.0,0,N,MELB_URBAN,FREEWAY,10,21.0
38697,4,4,183,5,3,50.0,0,N,TOWNS,OTHER,10,0.0
38698,5,3,99,5,1,70.0,0,N,MELB_URBAN,ROAD,9,16.0
38699,8,7,174,5,3,60.0,0,N,MELB_URBAN,ROAD,10,5.0
38700,1,7,99,2,2,50.0,0,I,TOWNS,STREET,10,6.0
38701,4,7,173,5,1,60.0,0,N,MELB_URBAN,AVENUE,10,9.0
38702,1,6,132,2,1,70.0,0,I,MELB_URBAN,ROAD,10,16.0
38703,1,7,99,5,1,50.0,0,N,MELB_URBAN,STREET,10,8.0
38704,1,7,121,5,1,60.0,0,N,MELB_URBAN,ROAD,10,8.0
38705,1,7,160,5,1,60.0,0,N,MELB_URBAN,ROAD,10,8.0
38706,1,5,121,2,1,60.0,0,N,MELB_URBAN,RAMP,6,9.0
38707,1,7,110,1,1,70.0,0,I,MELB_URBAN,ROAD,10,10.0
38708,1,6,130,2,1,60.0,0,I,MELB_URBAN,STREET,10,13.0
38709,6,7,99,5,2,60.0,0,N,MELB_URBAN,ROAD,10,6.0
38710,6,2,174,2,1,60.0,0,I,MELB_URBAN,ROAD,8,8.0
38711,2,7,102,5,1,70.0,0,N,MELB_URBAN,ROAD,10,13.0
38712,1,7,130,2,1,70.0,0,I,MELB_URBAN,ROAD,10,14.0
38713,1,7,130,5,1,80.0,0,N,RURAL_VICTORIA,HIGHWAY,10,13.0
38714,1,7,130,3,1,60.0,0,N,MELB_URBAN,ROAD,10,10.0
38715,1,7,99,2,1,70.0,0,I,MELB_URBAN,OTHER,10,13.0
38716,1,7,116,2,1,70.0,0,I,MELB_URBAN,ROAD,10,12.0
38717,1,7,140,5,1,80.0,0,N,LARGE_PROVINCIAL_CITIES,HIGHWAY,10,15.0
38718,4,7,183,5,1,80.0,1,N,LARGE_PROVINCIAL_CITIES,ROAD,10,14.0
38719,1,7,113,2,1,100.0,0,I,RURAL_VICTORIA,HIGHWAY,10,15.0
38720,6,7,174,1,3,80.0,0,I,MELB_URBAN,HIGHWAY,10,1.0
38721,1,4,130,1,1,60.0,0,I,MELB_URBAN,ROAD,9,16.0
38722,4,7,171,5,1,80.0,0,N,MELB_URBAN,ROAD,10,14.0
38723,6,6,170,5,1,60.0,0,N,LARGE_PROVINCIAL_CITIES,STREET,10,15.0
38724,1,7,121,1,2,80.0,0,I,RURAL_VICTORIA,ROAD,10,19.0
38725,2,7,99,5,3,50.0,0,N,SMALL_CITIES,STREET,10,3.0
38726,1,7,110,1,3,60.0,0,I,SMALL_CITIES,STREET,10,19.0
38727,1,5,113,1,1,60.0,0,I,MELB_URBAN,ROAD,10,10.0
38728,2,7,99,5,2,40.0,0,N,MELB_URBAN,STREET,10,18.0
38729,1,7,134,5,1,50.0,0,N,MELB_URBAN,ROAD,10,15.0
38730,1,7,121,1,2,60.0,0,I,MELB_URBAN,STREET,10,17.0
38731,2,7,102,5,1,50.0,0,N,MELB_URBAN,ROAD,10,16.0
38732,6,5,174,5,3,60.0,0,N,MELB_URBAN,ROAD,6,20.0
38733,4,7,183,5,5,60.0,0,N,RURAL_VICTORIA,ROAD,10,21.0
38734,1,7,121,1,3,50.0,0,I,MELB_URBAN,ROAD,10,21.0
38735,6,7,184,5,5,100.0,0,N,RURAL_VICTORIA,ROAD,10,23.0
38736,4,7,173,5,5,100.0,0,N,RURAL_VICTORIA,HIGHWAY,10,22.0
38737,1,6,113,2,1,50.0,0,I,MELB_URBAN,DRIVE,10,9.0
38738,1,7,121,2,1,50.0,0,I,MELB_URBAN,DRIVE,10,9.0
38739,4,1,173,1,2,80.0,0,I,MELB_URBAN,ROAD,10,6.0
38740,1,0,113,1,2,60.0,0,I,MELB_URBAN,ROAD,10,7.0
38741,6,7,99,5,1,80.0,0,N,RURAL_VICTORIA,ROAD,10,14.0
38742,6,1,184,5,1,50.0,0,N,TOWNS,PARADE,10,9.0
38743,2,4,100,2,4,60.0,0,I,MELB_URBAN,ROAD,9,17.0
38744,2,1,100,2,1,50.0,0,I,MELB_URBAN,OTHER,10,11.0
38745,4,7,99,5,2,100.0,0,N,RURAL_VICTORIA,FREEWAY,10,19.0
38746,1,1,160,5,1,50.0,0,N,SMALL_CITIES,STREET,10,10.0
38747,6,1,174,5,1,100.0,1,N,RURAL_VICTORIA,ROAD,10,10.0
38748,1,1,110,1,1,60.0,0,I,MELB_URBAN,ROAD,10,8.0
38749,3,1,167,5,5,100.0,0,N,RURAL_VICTORIA,HIGHWAY,10,0.0
38750,1,7,110,1,1,40.0,0,I,MELB_URBAN,STREET,10,15.0
38751,5,1,99,5,1,60.0,0,N,RURAL_VICTORIA,OTHER,10,12.0
38752,1,1,99,5,1,50.0,0,N,LARGE_PROVINCIAL_CITIES,ROAD,10,12.0
38753,1,1,99,2,1,60.0,0,I,MELB_URBAN,STREET,10,13.0
38754,1,1,120,5,1,40.0,0,N,RURAL_VICTORIA,HIGHWAY,10,15.0
38755,1,0,120,2,1,40.0,0,I,MELB_URBAN,STREET,10,15.0
38756,4,1,183,5,1,80.0,0,N,RURAL_VICTORIA,ROAD,10,15.0
38757,6,1,99,5,1,100.0,0,N,RURAL_VICTORIA,ROAD,10,14.0
38758,4,1,183,5,2,100.0,0,N,RURAL_VICTORIA,ROAD,10,17.0
38759,1,1,133,5,2,60.0,0,N,MELB_URBAN,STREET,10,18.0
38760,1,1,110,1,2,50.0,0,I,TOWNS,STREET,10,18.0
38761,4,1,171,5,3,50.0,0,N,MELB_URBAN,STREET,10,20.0
38762,6,1,174,2,1,60.0,0,I,MELB_URBAN,ROAD,10,16.0
38763,1,1,113,2,2,60.0,0,I,MELB_URBAN,ROAD,10,18.0
38764,4,7,171,5,3,60.0,0,N,MELB_URBAN,STREET,10,22.0
38765,4,1,99,5,2,100.0,1,N,RURAL_VICTORIA,ROAD,10,17.0
38766,1,1,163,5,3,50.0,0,N,MELB_URBAN,ROAD,10,22.0
38767,1,1,160,5,3,50.0,0,N,MELB_URBAN,OTHER,10,22.0
38768,1,2,120,5,5,100.0,0,N,RURAL_VICTORIA,ROAD,10,0.0
38769,4,1,181,5,2,50.0,0,N,MELB_URBAN,DRIVE,10,19.0
38770,2,2,102,2,2,50.0,0,I,MELB_URBAN,OTHER,10,5.0
38771,1,1,99,4,1,60.0,0,I,MELB_URBAN,ROAD,10,13.0
38772,1,5,132,2,2,60.0,0,I,MELB_URBAN,ROAD,10,7.0
38773,2,4,102,5,1,50.0,0,N,SMALL_CITIES,DRIVE,10,16.0
38774,1,7,121,1,2,60.0,0,I,MELB_URBAN,STREET,10,17.0
38775,1,4,130,5,1,80.0,0,N,MELB_URBAN,HIGHWAY,10,16.0
38776,2,2,102,5,1,60.0,0,N,MELB_URBAN,STREET,10,8.0
38777,4,1,171,5,1,80.0,0,N,SMALL_CITIES,ROAD,10,12.0
38778,1,2,110,1,1,50.0,0,I,LARGE_PROVINCIAL_CITIES,STREET,10,9.0
38779,1,2,110,1,1,80.0,0,I,RURAL_VICTORIA,HIGHWAY,10,8.0
38780,4,2,173,1,1,60.0,0,N,MELB_URBAN,ROAD,10,9.0
38781,1,1,147,5,1,60.0,0,N,MELB_URBAN,STREET,10,12.0
38782,1,1,111,2,1,80.0,0,I,MELB_URBAN,ROAD,10,9.0
38783,8,7,174,5,1,60.0,0,N,RURAL_VICTORIA,ROAD,10,11.0
38784,8,2,99,5,1,60.0,0,N,RURAL_VICTORIA,OTHER,10,13.0
38785,1,6,130,5,3,80.0,0,N,MELB_URBAN,FREEWAY,8,17.0
38786,4,2,171,2,1,50.0,0,I,MELB_URBAN,ROAD,10,13.0
38787,1,1,160,5,2,60.0,0,N,SMALL_CITIES,AVENUE,10,17.0
38788,1,2,110,1,1,100.0,0,I,RURAL_VICTORIA,ROAD,10,12.0
38789,1,2,160,5,1,60.0,0,N,MELB_URBAN,ROAD,10,15.0
38790,8,7,174,5,1,60.0,0,N,RURAL_VICTORIA,ROAD,9,14.0
38791,1,2,110,1,9,60.0,0,I,MELB_URBAN,STREET,8,15.0
38792,4,2,181,5,1,80.0,0,N,RURAL_VICTORIA,ROAD,10,10.0
38793,2,2,99,5,1,60.0,0,N,MELB_URBAN,STREET,10,12.0
38794,1,2,147,5,1,80.0,0,N,MELB_URBAN,ROAD,10,15.0
38795,4,6,173,5,2,80.0,0,N,RURAL_VICTORIA,ROAD,10,17.0
38796,1,2,130,5,1,80.0,0,N,LARGE_PROVINCIAL_CITIES,ROAD,10,15.0
38797,1,2,99,5,2,50.0,0,N,MELB_URBAN,STREET,10,18.0
38798,1,2,140,5,2,60.0,0,N,MELB_URBAN,ROAD,10,17.0
38799,2,1,99,9,1,60.0,0,N,MELB_URBAN,OTHER,10,11.0
38800,1,2,110,1,2,60.0,0,I,SMALL_CITIES,STREET,10,19.0
38801,6,1,174,2,1,60.0,0,I,MELB_URBAN,ROAD,10,16.0
38802,1,1,110,1,3,60.0,0,I,MELB_URBAN,ROAD,10,22.0
38803,1,2,110,1,1,60.0,0,I,SMALL_TOWNS,ROAD,10,13.0
38804,1,3,130,1,1,80.0,0,I,MELB_URBAN,HIGHWAY,10,16.0
38805,1,4,130,5,1,60.0,0,N,MELB_URBAN,ROAD,9,10.0
38806,4,2,183,5,5,100.0,0,N,RURAL_VICTORIA,HIGHWAY,10,21.0
38807,1,3,134,5,1,60.0,0,N,MELB_URBAN,ROAD,10,9.0
38808,1,3,130,1,1,60.0,0,I,LARGE_PROVINCIAL_CITIES,ROAD,10,12.0
38809,6,7,99,5,1,60.0,0,N,RURAL_VICTORIA,OTHER,9,14.0
38810,4,3,171,5,1,100.0,0,N,RURAL_VICTORIA,OTHER,10,11.0
38811,9,3,99,5,1,60.0,0,N,MELB_URBAN,STREET,10,9.0
38812,1,3,99,2,2,40.0,0,I,MELB_URBAN,ROAD,10,7.0
38813,1,4,132,2,2,60.0,0,I,MELB_URBAN,ROAD,10,19.0
38814,1,3,130,5,1,90.0,0,N,RURAL_VICTORIA,ROAD,10,8.0
38815,1,3,147,5,1,60.0,0,N,MELB_URBAN,ROAD,9,16.0
38816,8,4,174,5,6,60.0,0,N,MELB_URBAN,BOULEVARD,4,0.0
38817,4,2,171,5,1,60.0,0,N,RURAL_VICTORIA,OTHER,6,11.0
38818,1,2,110,1,1,50.0,0,I,MELB_URBAN,STREET,9,9.0
38819,1,1,113,2,1,70.0,0,I,LARGE_PROVINCIAL_CITIES,STREET,7,13.0
38820,8,5,99,2,3,60.0,0,I,MELB_URBAN,STREET,8,23.0
38821,6,7,174,1,1,60.0,0,I,MELB_URBAN,ROAD,10,13.0
38822,1,2,160,5,1,60.0,0,N,MELB_URBAN,STREET,10,16.0
38823,1,3,113,1,2,60.0,0,I,MELB_URBAN,ROAD,10,17.0
38824,6,1,99,5,5,60.0,0,N,RURAL_VICTORIA,ROAD,10,20.0
38825,1,3,113,2,1,50.0,0,I,MELB_URBAN,BOULEVARD,10,16.0
38826,2,3,102,5,2,60.0,0,N,MELB_URBAN,STREET,10,18.0
38827,1,3,134,5,2,100.0,0,N,MELB_URBAN,ROAD,10,18.0
38828,1,3,130,5,2,70.0,0,N,MELB_URBAN,ROAD,10,18.0
38829,1,3,147,5,2,40.0,0,N,MELBOURNE_CBD,STREET,10,17.0
38830,4,3,171,5,2,110.0,0,N,RURAL_VICTORIA,FREEWAY,10,19.0
38831,1,3,99,5,1,50.0,0,N,MELB_URBAN,OTHER,10,16.0
38832,1,3,121,2,2,80.0,0,I,MELB_URBAN,ROAD,10,20.0
38833,1,3,160,5,3,70.0,0,N,MELB_URBAN,HIGHWAY,10,20.0
38834,1,3,116,4,2,90.0,0,I,MELB_URBAN,RAMP,10,18.0
38835,8,7,174,5,1,60.0,0,N,RURAL_VICTORIA,ROAD,10,12.0
38836,2,3,99,5,1,60.0,0,N,SMALL_TOWNS,AVENUE,9,8.0
38837,1,1,130,5,1,60.0,0,N,MELB_URBAN,ROAD,9,10.0
38838,1,7,130,5,2,70.0,0,N,MELB_URBAN,ROAD,10,17.0
38839,4,4,173,5,2,110.0,0,N,RURAL_VICTORIA,FREEWAY,10,7.0
38840,1,4,120,5,1,60.0,0,N,MELB_URBAN,PARADE,10,9.0
38841,2,3,100,2,1,50.0,0,I,MELB_URBAN,ROAD,10,9.0
38842,4,4,173,5,1,100.0,0,N,TOWNS,HIGHWAY,10,10.0
38843,1,4,135,4,1,70.0,0,N,MELB_URBAN,ROAD,10,8.0
38844,4,4,173,5,1,60.0,0,N,TOWNS,UNKNOWN,10,8.0
38845,2,4,102,1,1,50.0,0,I,MELB_URBAN,STREET,10,8.0
38846,8,6,170,2,2,50.0,0,I,MELB_URBAN,STREET,10,19.0
38847,5,1,99,2,2,60.0,0,N,RURAL_VICTORIA,OTHER,10,18.0
38848,6,4,174,5,1,60.0,0,N,LARGE_PROVINCIAL_CITIES,STREET,10,9.0
38849,1,4,113,2,1,80.0,0,I,MELB_URBAN,ROAD,10,13.0
38850,1,4,135,5,1,80.0,0,N,MELB_URBAN,FREEWAY,10,13.0
38851,2,4,99,5,1,40.0,0,N,TOWNS,STREET,10,15.0
38852,1,4,99,2,1,50.0,0,I,MELB_URBAN,ROAD,10,12.0
38853,4,4,173,5,1,60.0,0,N,RURAL_VICTORIA,ROAD,10,10.0
38854,1,2,132,2,2,60.0,0,I,MELB_URBAN,ROAD,9,18.0
38855,1,4,130,5,1,100.0,0,N,MELB_URBAN,FREEWAY,10,9.0
38856,4,3,173,5,1,100.0,0,N,MELB_URBAN,UNKNOWN,10,14.0
38857,1,4,121,2,1,60.0,0,I,MELB_URBAN,ROAD,10,15.0
38858,1,4,121,2,2,60.0,0,I,MELB_URBAN,ROAD,10,17.0
38859,1,4,110,1,2,50.0,0,I,TOWNS,STREET,10,17.0
38860,1,4,132,5,2,50.0,0,N,SMALL_CITIES,ROAD,10,17.0
38861,1,4,130,5,2,80.0,0,N,MELB_URBAN,FREEWAY,10,17.0
38862,2,4,100,5,1,70.0,0,N,MELB_URBAN,ROAD,10,16.0
38863,1,3,113,2,1,60.0,0,I,LARGE_PROVINCIAL_CITIES,ROAD,9,13.0
38864,6,6,174,1,2,40.0,0,I,MELB_URBAN,STREET,6,18.0
38865,4,4,173,5,1,100.0,0,N,RURAL_VICTORIA,HIGHWAY,10,15.0
38866,1,4,147,5,2,60.0,0,N,TOWNS,STREET,10,20.0
38867,1,4,163,5,9,40.0,0,N,MELB_URBAN,STREET,10,11.0
38868,1,6,130,5,2,80.0,0,N,MELB_URBAN,HIGHWAY,5,17.0
38869,1,4,130,1,3,60.0,0,I,MELB_URBAN,ROAD,10,20.0
38870,1,4,160,5,1,60.0,0,N,MELB_URBAN,ROAD,10,17.0
38871,1,4,132,5,1,80.0,0,N,RURAL_VICTORIA,ROAD,10,14.0
38872,1,4,110,1,3,50.0,0,I,MELB_URBAN,AVENUE,10,21.0
38873,4,4,173,5,5,60.0,0,N,TOWNS,ROAD,10,23.0
38874,1,5,121,2,3,60.0,0,I,MELB_URBAN,ROAD,10,6.0
38875,1,3,130,4,2,60.0,0,I,MELB_URBAN,ROAD,10,17.0
38876,1,5,120,5,1,50.0,0,N,MELB_URBAN,AVENUE,10,8.0
38877,1,3,110,1,1,50.0,0,I,MELB_URBAN,STREET,10,13.0
38878,1,4,140,5,2,100.0,0,N,RURAL_VICTORIA,ROAD,10,19.0
38879,1,4,121,1,3,60.0,0,I,MELB_URBAN,PARADE,10,3.0
38880,1,5,113,1,1,60.0,0,I,MELB_URBAN,ROAD,10,8.0
38881,1,5,113,2,1,80.0,0,I,RURAL_VICTORIA,ROAD,10,9.0
38882,4,5,99,5,1,50.0,0,N,MELB_URBAN,OTHER,10,10.0
38883,8,1,184,5,1,60.0,0,N,RURAL_VICTORIA,OTHER,10,12.0
38884,1,5,110,1,1,50.0,0,I,LARGE_PROVINCIAL_CITIES,STREET,10,9.0
38885,8,1,174,5,1,60.0,0,N,RURAL_VICTORIA,ROAD,10,16.0
38886,8,5,174,1,2,50.0,0,I,MELB_URBAN,DRIVE,10,7.0
38887,1,5,113,2,2,80.0,0,I,RURAL_VICTORIA,HIGHWAY,10,17.0
38888,1,6,130,5,2,100.0,0,N,RURAL_VICTORIA,FREEWAY,7,17.0
38889,1,4,113,2,1,60.0,0,I,MELB_URBAN,ROAD,10,16.0
38890,1,5,99,2,1,60.0,0,I,MELB_URBAN,STREET,10,11.0
38891,1,2,163,5,3,60.0,0,N,MELB_URBAN,ROAD,9,19.0
38892,1,3,132,5,1,60.0,0,N,MELB_URBAN,ROAD,10,14.0
38893,4,5,173,5,1,100.0,0,N,RURAL_VICTORIA,HIGHWAY,10,10.0
38894,2,5,100,1,1,50.0,0,I,LARGE_PROVINCIAL_CITIES,STREET,10,9.0
38895,1,2,147,5,1,60.0,0,N,MELB_URBAN,ROAD,3,12.0
38896,1,4,113,2,9,60.0,0,I,MELB_URBAN,ROAD,10,14.0
38897,1,2,130,2,9,50.0,0,I,MELB_URBAN,STREET,10,17.0
38898,1,5,120,5,1,60.0,0,N,MELB_URBAN,HIGHWAY,10,13.0
38899,4,1,173,5,2,60.0,0,N,MELB_URBAN,ROAD,8,6.0
38900,4,2,171,5,2,70.0,0,N,LARGE_PROVINCIAL_CITIES,HIGHWAY,10,7.0
38901,1,5,121,2,1,60.0,0,I,MELB_URBAN,ROAD,10,16.0
38902,1,5,130,2,1,50.0,0,I,MELB_URBAN,ROAD,10,11.0
38903,1,5,130,5,2,40.0,0,N,RURAL_VICTORIA,FREEWAY,10,5.0
38904,1,5,130,2,2,60.0,0,I,MELB_URBAN,ROAD,10,17.0
38905,4,5,171,1,2,50.0,0,I,LARGE_PROVINCIAL_CITIES,STREET,10,19.0
38906,1,5,130,2,2,60.0,0,I,MELB_URBAN,AVENUE,10,17.0
38907,1,5,99,5,1,60.0,0,N,MELB_URBAN,STREET,10,17.0
38908,1,5,130,1,1,80.0,0,I,MELB_URBAN,HIGHWAY,10,14.0
38909,1,4,130,5,1,50.0,0,N,LARGE_PROVINCIAL_CITIES,STREET,10,17.0
38910,1,6,130,5,1,60.0,0,N,MELB_URBAN,ROAD,7,15.0
38911,8,3,99,5,1,60.0,0,N,RURAL_VICTORIA,ROAD,10,13.0
38912,6,1,174,5,1,100.0,0,N,RURAL_VICTORIA,ROAD,9,15.0
38913,2,5,100,2,3,40.0,0,I,MELBOURNE_CBD,STREET,10,23.0
38914,4,5,171,1,2,50.0,0,I,MELB_URBAN,ROAD,10,18.0
38915,4,6,183,5,5,80.0,0,N,SMALL_CITIES,ROAD,10,0.0
38916,4,5,183,5,1,100.0,0,N,RURAL_VICTORIA,HIGHWAY,10,13.0
38917,4,6,99,5,2,50.0,0,N,SMALL_TOWNS,STREET,10,18.0
38918,1,3,99,4,2,50.0,0,I,MELB_URBAN,BOULEVARD,10,7.0
38919,1,6,134,5,1,100.0,0,N,MELB_URBAN,FREEWAY,10,9.0
38920,1,6,110,1,2,50.0,0,I,MELB_URBAN,ROAD,10,7.0
38921,1,4,134,5,1,50.0,0,N,LARGE_PROVINCIAL_CITIES,STREET,10,11.0
38922,1,6,121,1,1,60.0,0,I,MELB_URBAN,STREET,10,10.0
38923,1,7,130,2,1,60.0,0,N,MELB_URBAN,AVENUE,10,14.0
38924,2,5,99,5,1,60.0,0,N,MELB_URBAN,STREET,10,11.0
38925,1,5,121,2,3,60.0,0,I,MELB_URBAN,ROAD,10,21.0
38926,4,6,173,2,1,70.0,0,I,MELB_URBAN,ROAD,10,12.0
38927,1,5,130,5,1,60.0,0,N,MELB_URBAN,RAMP,10,15.0
38928,1,6,99,5,1,40.0,0,N,MELBOURNE_CBD,STREET,10,8.0
38929,1,6,113,2,1,70.0,0,I,MELB_URBAN,ROAD,10,12.0
38930,1,6,121,1,1,70.0,0,I,MELB_URBAN,ROAD,10,11.0
38931,1,1,110,1,1,60.0,0,I,MELB_URBAN,ROAD,10,16.0
38932,8,5,174,5,1,60.0,0,N,MELB_URBAN,ROAD,10,16.0
38933,1,5,99,1,1,70.0,0,I,SMALL_CITIES,PARADE,10,13.0
38934,4,6,171,5,1,60.0,0,N,MELB_URBAN,ROAD,10,10.0
38935,1,6,113,2,1,60.0,0,N,TOWNS,OTHER,10,10.0
38936,1,5,130,2,2,80.0,0,I,MELB_URBAN,OTHER,10,17.0
38937,4,5,171,2,1,50.0,0,I,MELB_URBAN,ROAD,10,12.0
38938,1,6,110,1,1,60.0,0,I,LARGE_PROVINCIAL_CITIES,STREET,10,15.0
38939,1,6,130,2,1,60.0,0,I,MELB_URBAN,ROAD,10,12.0
38940,1,6,130,2,1,40.0,0,I,MELB_URBAN,STREET,10,16.0
38941,6,6,170,5,1,100.0,0,N,RURAL_VICTORIA,HIGHWAY,10,14.0
38942,4,6,171,5,1,60.0,0,N,MELB_URBAN,STREET,10,16.0
38943,1,6,121,2,1,60.0,0,I,LARGE_PROVINCIAL_CITIES,ROAD,10,18.0
38944,2,6,99,5,1,50.0,0,N,MELB_URBAN,STREET,10,16.0
38945,1,6,113,2,2,60.0,0,I,MELB_URBAN,STREET,10,18.0
38946,1,6,121,2,2,70.0,0,I,MELB_URBAN,ROAD,10,17.0
38947,1,6,121,1,1,60.0,0,I,MELB_URBAN,ROAD,10,16.0
38948,2,6,100,4,1,60.0,0,I,MELB_URBAN,STREET,10,15.0
38949,1,1,130,1,9,70.0,0,I,MELB_URBAN,ROAD,9,9.0
38950,1,6,130,5,2,60.0,0,N,MELB_URBAN,STREET,10,7.0
38951,4,1,171,5,2,60.0,0,N,LARGE_PROVINCIAL_CITIES,STREET,7,5.0
38952,1,6,130,5,1,100.0,0,N,MELB_URBAN,ROAD,10,17.0
38953,1,6,130,2,1,70.0,0,N,MELB_URBAN,ROAD,10,16.0
38954,1,6,132,5,2,60.0,0,N,MELB_URBAN,ROAD,10,19.0
38955,1,6,147,5,3,60.0,0,N,MELB_URBAN,ROAD,10,21.0
38956,1,7,99,5,5,110.0,0,N,SMALL_CITIES,FREEWAY,10,3.0
38957,3,6,167,5,3,100.0,0,N,RURAL_VICTORIA,FREEWAY,10,22.0
38958,4,7,173,5,5,60.0,0,N,RURAL_VICTORIA,ROAD,10,1.0
38959,1,7,99,5,1,90.0,0,N,RURAL_VICTORIA,HIGHWAY,10,9.0
38960,1,6,147,5,1,80.0,0,N,MELB_URBAN,ROAD,10,9.0
38961,8,5,170,2,1,60.0,0,O,SMALL_CITIES,UNKNOWN,10,16.0
38962,4,5,183,2,2,100.0,0,I,RURAL_VICTORIA,ROAD,10,17.0
38963,4,7,173,5,1,80.0,0,N,MELB_URBAN,ROAD,10,10.0
38964,1,7,160,5,1,60.0,0,N,MELB_URBAN,OTHER,10,12.0
38965,3,6,167,5,1,80.0,0,N,RURAL_VICTORIA,ROAD,10,10.0
38966,4,6,181,2,2,60.0,0,N,RURAL_VICTORIA,ROAD,8,19.0
38967,1,7,121,2,1,80.0,0,I,MELB_URBAN,ROAD,10,10.0
38968,1,7,133,2,1,60.0,0,N,MELB_URBAN,ROAD,10,13.0
38969,1,7,121,1,1,70.0,0,I,MELB_URBAN,ROAD,10,11.0
38970,3,7,167,5,1,100.0,0,N,RURAL_VICTORIA,ROAD,10,12.0
38971,1,7,140,5,1,100.0,0,N,RURAL_VICTORIA,HIGHWAY,10,12.0
38972,1,7,147,5,1,50.0,0,N,LARGE_PROVINCIAL_CITIES,STREET,9,16.0
38973,1,6,130,5,2,70.0,0,N,MELB_URBAN,ROAD,10,18.0
38974,1,6,132,2,2,60.0,0,I,MELB_URBAN,ROAD,10,19.0
38975,1,7,147,5,1,60.0,0,N,MELB_URBAN,ROAD,10,12.0
38976,4,7,171,2,1,60.0,0,I,MELB_URBAN,ROAD,10,15.0
38977,1,7,113,2,2,60.0,0,I,SMALL_TOWNS,STREET,10,17.0
38978,1,7,113,1,2,60.0,0,I,LARGE_PROVINCIAL_CITIES,STREET,10,17.0
38979,1,7,121,2,1,80.0,0,I,SMALL_TOWNS,ROAD,10,16.0
38980,1,7,130,1,1,80.0,0,I,MELB_URBAN,ROAD,10,14.0
38981,1,5,147,2,1,60.0,0,I,SMALL_CITIES,STREET,10,15.0
38982,4,7,173,1,3,60.0,0,I,SMALL_CITIES,STREET,10,19.0
38983,1,7,120,5,2,50.0,0,N,MELB_URBAN,ROAD,10,18.0
38984,1,7,113,2,1,70.0,0,I,MELB_URBAN,BOULEVARD,10,14.0
38985,1,6,99,5,5,50.0,0,N,MELB_URBAN,STREET,10,19.0
38986,2,7,102,5,3,60.0,0,N,MELB_URBAN,ROAD,10,21.0
38987,2,7,100,1,1,60.0,0,I,MELB_URBAN,PARADE,10,15.0
38988,8,7,174,1,3,40.0,0,I,MELBOURNE_CBD,STREET,10,21.0
38989,4,7,173,5,1,60.0,0,N,MELB_URBAN,ROAD,10,15.0
38990,1,7,130,1,3,80.0,0,I,LARGE_PROVINCIAL_CITIES,HIGHWAY,10,22.0
38991,2,7,100,5,5,80.0,0,N,MELB_URBAN,ROAD,10,21.0
38992,2,1,100,5,3,40.0,0,N,MELB_URBAN,STREET,10,0.0
38993,4,1,183,5,5,60.0,0,N,RURAL_VICTORIA,ROAD,10,1.0
38994,1,1,130,5,3,60.0,0,N,MELB_URBAN,ROAD,10,1.0
38995,6,1,99,5,5,100.0,0,N,RURAL_VICTORIA,HIGHWAY,10,5.0
38996,6,1,99,5,2,100.0,0,N,RURAL_VICTORIA,HIGHWAY,10,5.0
38997,4,1,183,5,2,100.0,0,N,RURAL_VICTORIA,ROAD,10,7.0
38998,1,1,120,2,1,60.0,0,I,SMALL_CITIES,STREET,10,10.0
38999,1,1,147,5,1,50.0,0,N,MELB_URBAN,STREET,10,10.0
39000,1,1,99,2,1,100.0,0,I,RURAL_VICTORIA,HIGHWAY,10,9.0
39001,6,1,99,5,1,100.0,0,N,RURAL_VICTORIA,ROAD,10,10.0
39002,1,1,113,2,1,80.0,0,I,MELB_URBAN,ROAD,10,11.0
39003,4,1,173,5,2,60.0,0,N,MELB_URBAN,DRIVE,10,6.0
39004,1,0,133,1,2,50.0,0,I,MELB_URBAN,STREET,9,17.0
39005,1,1,121,1,1,60.0,0,I,MELB_URBAN,ROAD,10,10.0
39006,4,1,181,5,1,100.0,0,N,RURAL_VICTORIA,ROAD,10,11.0
39007,4,7,183,5,5,70.0,0,N,MELB_URBAN,ROAD,10,21.0
39008,1,1,120,3,2,50.0,0,I,MELB_URBAN,STREET,10,6.0
39009,1,1,99,1,1,70.0,0,I,LARGE_PROVINCIAL_CITIES,HIGHWAY,10,12.0
39010,1,7,130,5,1,60.0,0,N,MELB_URBAN,ROAD,10,16.0
39011,2,1,99,5,1,60.0,0,N,MELB_URBAN,OTHER,10,11.0
39012,1,7,99,4,1,80.0,0,I,MELB_URBAN,HIGHWAY,10,16.0
39013,8,1,174,5,1,100.0,0,N,RURAL_VICTORIA,ROAD,10,13.0
39014,1,4,110,1,9,70.0,0,I,TOWNS,HIGHWAY,2,16.0
39015,1,1,121,1,1,60.0,0,I,MELB_URBAN,STREET,10,12.0