,accident_type,day_of_week,dca_code,road_geometry,light_condition,speed_zone,severity,node_type,deg_urban_name,road_type,month,hour
39016,4,1,171,5,1,50.0,0,N,RURAL_VICTORIA,ROAD,10,12.0
39017,1,3,99,2,1,50.0,0,I,MELB_URBAN,OTHER,10,12.0
39018,1,4,130,5,1,70.0,0,N,MELB_URBAN,ROAD,10,8.0
39019,1,1,130,5,1,90.0,0,N,TOWNS,HIGHWAY,10,15.0
39020,1,1,140,2,1,40.0,0,I,MELB_URBAN,STREET,10,15.0
39021,1,1,110,1,1,60.0,0,I,MELB_URBAN,ROAD,10,15.0
39022,1,5,130,5,1,80.0,0,N,MELB_URBAN,ROAD,10,16.0
39023,1,1,130,5,2,60.0,0,N,MELB_URBAN,STREET,10,17.0
39024,4,1,181,5,2,50.0,0,N,LARGE_PROVINCIAL_CITIES,DRIVE,10,17.0
39025,4,1,171,5,1,60.0,0,N,MELB_URBAN,STREET,10,18.0
39026,1,0,133,5,1,60.0,0,N,MELB_URBAN,STREET,10,15.0
39027,1,1,110,1,2,50.0,0,I,MELB_URBAN,STREET,10,17.0
39028,6,2,174,2,2,60.0,0,N,MELB_URBAN,OTHER,10,18.0
39029,1,3,130,1,2,60.0,0,I,MELB_URBAN,STREET,10,7.0
39030,1,1,160,5,2,70.0,0,N,MELB_URBAN,ROAD,10,17.0
39031,1,1,99,2,2,60.0,0,I,MELB_URBAN,ROAD,10,18.0
39032,1,6,133,5,2,50.0,0,N,MELB_URBAN,STREET,10,18.0
39033,1,1,130,1,1,80.0,0,I,MELB_URBAN,HIGHWAY,10,17.0
39034,4,1,183,2,5,80.0,0,I,RURAL_VICTORIA,ROAD,10,20.0
39035,1,1,99,5,1,50.0,0,N,MELB_URBAN,STREET,10,16.0
39036,1,1,183,5,3,50.0,0,N,MELB_URBAN,OTHER,10,19.0
39037,1,2,163,5,9,40.0,0,N,MELB_URBAN,ROAD,10,4.0
39038,5,6,99,5,1,60.0,0,N,RURAL_VICTORIA,OTHER,11,11.0
39039,1,2,121,5,1,50.0,0,N,MELB_URBAN,ROAD,10,8.0
39040,1,1,111,2,1,60.0,0,I,MELB_URBAN,ROAD,4,14.0
39041,1,2,163,5,1,60.0,0,N,MELB_URBAN,ROAD,10,9.0
39042,6,2,174,5,2,110.0,0,N,RURAL_VICTORIA,FREEWAY,10,7.0
39043,4,2,183,5,9,100.0,0,N,RURAL_VICTORIA,ROAD,10,5.0
39044,1,1,160,5,2,50.0,0,N,SMALL_CITIES,OTHER,10,6.0
39045,1,2,99,5,1,40.0,0,N,MELBOURNE_CBD,STREET,10,8.0
39046,1,2,130,5,1,60.0,0,N,MELB_URBAN,ROAD,10,8.0
39047,1,2,99,1,2,50.0,0,I,MELB_URBAN,STREET,10,7.0
39048,2,2,100,5,1,50.0,0,N,LARGE_PROVINCIAL_CITIES,STREET,10,11.0
39049,1,2,132,2,1,60.0,0,I,MELB_URBAN,PARADE,10,8.0
39050,1,7,130,1,1,60.0,0,I,MELB_URBAN,STREET,10,10.0
39051,1,2,130,5,1,60.0,0,N,MELBOURNE_CBD,STREET,10,11.0
39052,1,2,113,2,1,60.0,0,I,MELB_URBAN,STREET,10,10.0
39053,1,7,147,2,9,60.0,0,N,MELB_URBAN,UNKNOWN,10,14.0
39054,8,0,184,5,1,100.0,0,N,RURAL_VICTORIA,ROAD,9,12.0
39055,1,2,130,5,1,60.0,0,N,MELB_URBAN,ROAD,10,8.0
39056,1,2,130,2,1,80.0,0,I,MELB_URBAN,HIGHWAY,10,12.0
39057,4,2,181,5,1,100.0,0,N,RURAL_VICTORIA,ROAD,10,11.0
39058,6,4,174,5,2,40.0,0,N,MELBOURNE_CBD,STREET,9,7.0
39059,1,2,130,2,1,50.0,0,I,TOWNS,STREET,10,12.0
39060,2,2,99,5,2,50.0,0,N,MELB_URBAN,STREET,10,17.0
39061,1,2,113,2,1,50.0,0,I,MELB_URBAN,STREET,10,14.0
39062,6,6,174,1,9,60.0,0,I,MELB_URBAN,OTHER,10,9.0
39063,4,2,171,5,1,100.0,0,N,RURAL_VICTORIA,ROAD,10,15.0
39064,2,2,100,5,1,60.0,0,N,MELB_URBAN,ROAD,10,13.0
39065,1,2,130,5,1,60.0,0,N,SMALL_CITIES,ROAD,10,12.0
39066,1,2,121,1,1,50.0,0,I,MELB_URBAN,STREET,10,14.0
39067,4,2,173,5,1,100.0,0,N,RURAL_VICTORIA,ROAD,10,14.0
39068,8,1,174,1,1,80.0,0,I,RURAL_VICTORIA,ROAD,10,15.0
39069,1,2,110,1,2,50.0,0,I,MELB_URBAN,OTHER,10,17.0
39070,1,2,160,5,1,60.0,0,N,LARGE_PROVINCIAL_CITIES,STREET,10,16.0
39071,4,2,173,2,2,100.0,0,I,MELB_URBAN,ROAD,10,18.0
39072,1,5,121,2,1,40.0,0,I,MELB_URBAN,ROAD,10,8.0
39073,1,2,113,2,2,60.0,0,I,MELB_URBAN,STREET,10,18.0
39074,1,2,121,2,2,80.0,0,I,SMALL_CITIES,HIGHWAY,10,18.0
39075,1,2,130,1,2,60.0,0,I,LARGE_PROVINCIAL_CITIES,STREET,10,17.0
39076,1,2,130,2,2,80.0,0,N,MELB_URBAN,ROAD,10,17.0
39077,4,1,171,2,2,50.0,0,I,MELB_URBAN,ROAD,10,18.0
39078,1,2,121,2,1,60.0,0,I,MELB_URBAN,ROAD,10,8.0
39079,4,1,171,3,1,60.0,0,I,RURAL_VICTORIA,ROAD,10,10.0
39080,2,2,99,5,2,60.0,0,N,MELBOURNE_CBD,STREET,10,19.0
39081,2,2,100,1,1,60.0,0,I,MELB_URBAN,PARADE,10,16.0
39082,1,1,99,5,2,50.0,0,N,MELB_URBAN,AVENUE,10,17.0
39083,8,2,184,5,1,80.0,0,N,RURAL_VICTORIA,ROAD,10,14.0
39084,1,5,130,5,3,100.0,0,N,MELB_URBAN,FREEWAY,6,20.0
39085,1,1,130,5,1,80.0,0,N,MELB_URBAN,STREET,10,17.0
39086,1,3,113,2,2,70.0,0,I,MELB_URBAN,ROAD,10,6.0
39087,8,3,174,1,2,60.0,0,I,MELB_URBAN,ROAD,10,6.0
39088,1,3,116,2,1,60.0,0,N,MELB_URBAN,ROAD,10,8.0
39089,1,3,140,1,1,70.0,0,I,MELB_URBAN,ROAD,10,8.0
39090,1,3,132,5,5,80.0,0,N,RURAL_VICTORIA,ROAD,10,0.0
39091,1,3,134,5,1,100.0,0,N,MELB_URBAN,FREEWAY,10,7.0
39092,8,3,99,5,1,60.0,0,N,MELBOURNE_CBD,STREET,10,8.0
39093,1,6,130,5,2,70.0,0,N,MELB_URBAN,ROAD,9,17.0
39094,1,2,130,5,1,40.0,0,N,MELB_URBAN,STREET,10,13.0
39095,1,3,121,5,1,60.0,0,N,MELB_URBAN,ROAD,10,10.0
39096,1,2,132,2,1,50.0,0,N,MELB_URBAN,AVENUE,10,9.0
39097,4,3,171,5,1,70.0,0,N,MELB_URBAN,ROAD,10,10.0
39098,6,3,174,5,1,80.0,0,N,MELB_URBAN,HIGHWAY,10,12.0
39099,1,3,132,5,1,70.0,0,N,MELB_URBAN,ROAD,10,10.0
39100,8,7,99,5,1,100.0,0,N,RURAL_VICTORIA,ROAD,10,11.0
39101,4,3,171,5,5,80.0,0,N,RURAL_VICTORIA,ROAD,10,4.0
39102,1,3,99,1,1,60.0,0,I,MELB_URBAN,STREET,10,8.0
39103,1,3,111,1,1,100.0,0,I,RURAL_VICTORIA,ROAD,10,11.0
39104,1,2,121,1,1,80.0,0,I,MELB_URBAN,ROAD,10,12.0
39105,5,2,99,5,1,60.0,0,N,MELB_URBAN,ROAD,10,14.0
39106,1,4,163,5,2,40.0,0,N,MELB_URBAN,STREET,10,17.0
39107,1,2,130,2,2,80.0,0,I,MELB_URBAN,ROAD,10,7.0
39108,8,3,99,2,1,50.0,0,I,LARGE_PROVINCIAL_CITIES,DRIVE,10,15.0
39109,6,3,174,1,1,80.0,0,I,MELB_URBAN,ROAD,10,16.0
39110,1,2,163,5,1,50.0,0,N,MELB_URBAN,STREET,10,13.0
39111,4,7,171,5,3,50.0,0,N,MELB_URBAN,DRIVE,10,0.0
39112,3,3,167,5,1,110.0,0,N,RURAL_VICTORIA,HIGHWAY,10,15.0
39113,1,2,130,1,2,50.0,0,I,LARGE_PROVINCIAL_CITIES,STREET,10,17.0
39114,1,6,99,5,1,50.0,0,N,MELB_URBAN,OTHER,5,15.0
39115,1,3,110,1,2,50.0,0,I,MELB_URBAN,STREET,10,17.0
39116,1,3,160,5,1,80.0,0,N,RURAL_VICTORIA,ROAD,10,15.0
39117,1,3,110,1,2,60.0,0,I,LARGE_PROVINCIAL_CITIES,STREET,10,18.0
39118,6,3,170,5,1,60.0,0,N,MELB_URBAN,STREET,10,13.0
39119,1,3,132,5,1,60.0,0,N,TOWNS,ROAD,10,15.0
39120,1,3,116,1,2,70.0,0,I,SMALL_CITIES,PARADE,10,17.0
39121,8,7,99,4,1,50.0,0,I,MELB_URBAN,ROAD,10,10.0
39122,1,3,132,2,1,60.0,0,I,SMALL_CITIES,AVENUE,10,15.0
39123,1,3,130,5,1,50.0,0,N,MELB_URBAN,STREET,10,15.0
39124,1,3,113,2,1,70.0,0,I,LARGE_PROVINCIAL_CITIES,STREET,10,15.0
39125,6,3,99,5,2,60.0,0,N,MELB_URBAN,UNKNOWN,10,4.0
39126,1,4,116,2,5,50.0,0,I,MELB_URBAN,STREET,10,1.0
39127,1,5,121,1,9,60.0,0,I,MELB_URBAN,ROAD,9,19.0
39128,1,3,110,1,1,50.0,0,I,SMALL_CITIES,STREET,10,11.0
39129,4,3,183,2,1,60.0,0,I,SMALL_TOWNS,ROAD,10,15.0
39130,1,6,135,5,1,100.0,0,N,MELB_URBAN,FREEWAY,9,15.0
39131,1,4,121,2,1,60.0,0,I,MELB_URBAN,ROAD,10,9.0
39132,1,3,130,1,1,60.0,0,N,MELB_URBAN,ROAD,10,9.0
39133,1,3,130,5,1,70.0,0,N,MELB_URBAN,ROAD,6,13.0
39134,7,5,99,5,2,60.0,0,N,SMALL_CITIES,STREET,10,18.0
39135,1,4,113,2,1,80.0,0,I,MELB_URBAN,ROAD,10,8.0
39136,1,3,99,2,1,60.0,0,I,MELB_URBAN,ROAD,10,17.0
39137,8,4,170,5,1,80.0,0,N,RURAL_VICTORIA,ROAD,10,11.0
39138,4,4,171,5,2,100.0,1,N,RURAL_VICTORIA,ROAD,10,7.0
39139,2,5,100,5,1,40.0,0,N,MELB_URBAN,STREET,10,13.0
39140,4,2,171,5,5,100.0,0,N,RURAL_VICTORIA,HIGHWAY,5,6.0
39141,1,6,134,2,2,60.0,0,I,MELB_URBAN,ROAD,10,17.0
39142,1,4,132,1,1,70.0,0,I,MELB_URBAN,ROAD,10,13.0
39143,1,3,121,2,1,60.0,0,I,MELB_URBAN,ROAD,10,11.0
39144,6,4,99,5,2,100.0,0,N,RURAL_VICTORIA,ROAD,10,6.0
39145,1,4,99,2,1,60.0,0,I,MELB_URBAN,STREET,10,14.0
39146,1,4,130,1,1,60.0,0,I,MELB_URBAN,STREET,10,9.0
39147,1,6,121,2,9,60.0,0,I,MELB_URBAN,PARADE,10,17.0
39148,1,4,130,1,1,60.0,0,I,MELB_URBAN,ROAD,10,16.0
39149,1,4,160,5,1,60.0,0,N,MELB_URBAN,HIGHWAY,10,15.0
39150,4,4,181,5,1,100.0,0,N,RURAL_VICTORIA,HIGHWAY,10,14.0
39151,1,4,130,4,9,60.0,0,I,MELB_URBAN,ROAD,10,19.0
39152,1,7,163,5,2,60.0,0,N,MELB_URBAN,ROAD,10,6.0
39153,1,4,130,1,1,60.0,0,I,MELB_URBAN,STREET,10,16.0
39154,1,3,130,5,1,60.0,0,N,MELB_URBAN,ROAD,10,15.0
39155,1,4,121,2,2,50.0,0,I,MELB_URBAN,DRIVE,10,17.0
39156,1,4,99,2,2,50.0,0,I,MELB_URBAN,STREET,10,18.0
39157,2,4,99,1,2,50.0,0,I,MELB_URBAN,STREET,10,18.0
39158,1,3,130,4,1,60.0,0,I,MELB_URBAN,ROAD,10,8.0
39159,1,4,132,5,1,60.0,0,N,MELB_URBAN,ROAD,10,15.0
39160,1,4,113,1,2,60.0,0,I,LARGE_PROVINCIAL_CITIES,ROAD,10,18.0
39161,1,4,113,2,1,60.0,0,I,MELB_URBAN,ROAD,10,14.0
39162,1,4,160,5,1,60.0,0,N,SMALL_CITIES,ROAD,10,15.0
39163,1,4,130,5,2,60.0,0,N,MELB_URBAN,ROAD,10,17.0
39164,6,3,184,5,1,100.0,0,N,RURAL_VICTORIA,HIGHWAY,10,11.0
39165,4,4,99,2,2,50.0,0,I,MELB_URBAN,OTHER,10,18.0
39166,4,4,99,5,2,50.0,0,N,TOWNS,OTHER,10,19.0
39167,1,3,130,5,1,70.0,0,N,MELB_URBAN,ROAD,10,15.0
39168,1,3,130,5,1,60.0,0,N,MELB_URBAN,ROAD,10,15.0
39169,8,1,184,5,1,60.0,0,N,RURAL_VICTORIA,UNKNOWN,10,13.0
39170,1,4,130,5,6,60.0,0,N,MELB_URBAN,ROAD,10,23.0
39171,4,5,171,5,3,50.0,0,N,MELB_URBAN,DRIVE,10,0.0
39172,1,5,135,5,3,100.0,0,N,MELB_URBAN,ROAD,10,5.0
39173,1,4,120,5,1,80.0,0,N,RURAL_VICTORIA,HIGHWAY,10,14.0
39174,1,2,130,1,1,80.0,0,I,MELB_URBAN,HIGHWAY,10,15.0
39175,1,5,113,2,2,60.0,0,I,MELB_URBAN,ROAD,10,7.0
39176,1,4,130,5,1,80.0,0,N,MELB_URBAN,STREET,10,12.0
39177,1,5,130,5,1,60.0,0,N,SMALL_CITIES,ROAD,10,8.0
39178,8,1,174,5,1,100.0,0,N,RURAL_VICTORIA,ROAD,10,13.0
39179,1,6,160,5,1,40.0,0,N,MELB_URBAN,STREET,10,15.0
39180,2,4,100,2,1,40.0,0,N,MELB_URBAN,HIGHWAY,10,9.0
39181,1,5,160,5,1,60.0,0,N,MELB_URBAN,STREET,10,9.0
39182,1,3,110,1,2,80.0,0,I,MELB_URBAN,ROAD,10,18.0
39183,1,3,130,2,2,60.0,0,I,MELB_URBAN,ROAD,10,17.0
39184,1,4,130,1,2,60.0,0,I,MELB_URBAN,ROAD,10,17.0
39185,1,1,121,1,2,60.0,0,I,MELB_URBAN,ROAD,10,17.0
39186,1,5,110,1,1,60.0,0,I,MELB_URBAN,ROAD,10,10.0
39187,1,2,130,2,1,80.0,0,I,RURAL_VICTORIA,ROAD,10,15.0
39188,1,5,113,1,1,60.0,0,I,MELB_URBAN,ROAD,10,12.0
39189,8,3,174,5,1,60.0,0,N,MELB_URBAN,ROAD,10,8.0
39190,1,2,110,1,2,50.0,0,I,MELB_URBAN,STREET,10,17.0
39191,1,2,110,1,1,70.0,0,I,RURAL_VICTORIA,ROAD,9,13.0
39192,1,5,130,5,2,100.0,0,N,RURAL_VICTORIA,FREEWAY,10,6.0
39193,1,6,130,1,3,80.0,0,I,MELB_URBAN,ROAD,10,23.0
39194,1,4,99,2,1,60.0,0,I,MELB_URBAN,HIGHWAY,10,8.0
39195,1,5,121,1,1,60.0,0,I,MELB_URBAN,ROAD,10,12.0
39196,2,5,99,5,1,60.0,0,N,MELB_URBAN,ROAD,10,11.0
39197,1,3,130,5,1,60.0,0,N,MELB_URBAN,HIGHWAY,10,8.0
39198,4,2,171,2,2,50.0,0,I,MELB_URBAN,STREET,10,7.0
39199,1,5,160,5,2,110.0,0,N,RURAL_VICTORIA,FREEWAY,10,6.0
39200,6,1,174,5,1,60.0,0,N,RURAL_VICTORIA,UNKNOWN,9,16.0
39201,1,4,130,5,1,70.0,0,N,MELB_URBAN,ROAD,9,16.0
39202,1,5,121,5,1,60.0,0,N,MELB_URBAN,ROAD,10,15.0
39203,1,5,132,5,1,80.0,0,N,RURAL_VICTORIA,HIGHWAY,10,16.0
39204,6,5,170,5,1,100.0,0,N,RURAL_VICTORIA,ROAD,10,15.0
39205,1,5,99,2,2,60.0,0,I,MELB_URBAN,STREET,10,17.0
39206,8,2,99,5,1,100.0,0,N,RURAL_VICTORIA,ROAD,8,12.0
39207,6,5,174,5,1,110.0,1,N,RURAL_VICTORIA,FREEWAY,10,15.0
39208,1,5,130,5,1,80.0,0,N,MELB_URBAN,HIGHWAY,10,16.0
39209,2,4,100,2,2,40.0,0,I,MELB_URBAN,STREET,10,18.0
39210,1,5,133,5,1,80.0,0,N,MELB_URBAN,ROAD,10,12.0
39211,4,5,181,5,1,100.0,0,N,RURAL_VICTORIA,ROAD,10,15.0
39212,1,5,111,2,2,50.0,0,I,MELB_URBAN,STREET,10,18.0
39213,1,5,113,1,3,50.0,0,I,MELB_URBAN,ROAD,10,20.0
39214,1,4,130,2,3,60.0,0,I,SMALL_CITIES,ROAD,10,20.0
39215,4,5,181,5,1,100.0,0,N,RURAL_VICTORIA,ROAD,10,16.0
39216,1,5,121,2,3,60.0,0,I,MELB_URBAN,STREET,10,20.0
39217,1,5,113,2,2,50.0,0,I,MELB_URBAN,ROAD,10,18.0
39218,3,5,167,1,5,100.0,0,I,RURAL_VICTORIA,HIGHWAY,10,22.0
39219,2,4,102,5,1,50.0,0,N,MELB_URBAN,DRIVE,10,15.0
39220,6,4,170,5,5,100.0,0,N,RURAL_VICTORIA,ROAD,10,22.0
39221,6,6,174,5,3,100.0,0,N,MELB_URBAN,UNKNOWN,10,0.0
39222,1,5,110,1,3,40.0,0,I,SMALL_CITIES,ROAD,10,6.0
39223,8,3,174,1,2,70.0,0,I,MELB_URBAN,ROAD,10,7.0
39224,4,5,173,5,5,100.0,0,N,RURAL_VICTORIA,ROAD,10,20.0
39225,6,2,99,5,1,100.0,0,N,RURAL_VICTORIA,HIGHWAY,10,15.0
39226,3,5,167,5,5,70.0,0,N,MELB_URBAN,HIGHWAY,10,6.0
39227,1,6,130,5,1,60.0,0,N,MELB_URBAN,ROAD,10,8.0
39228,1,6,121,5,1,60.0,0,N,TOWNS,STREET,10,9.0
39229,5,1,99,5,1,60.0,0,N,RURAL_VICTORIA,ROAD,10,14.0
39230,1,5,132,2,1,60.0,0,I,MELB_URBAN,ROAD,10,14.0
39231,1,6,121,1,1,80.0,0,I,MELB_URBAN,ROAD,10,10.0
39232,1,6,99,5,1,60.0,0,N,MELB_URBAN,STREET,10,10.0
39233,6,4,174,1,1,60.0,0,I,MELB_URBAN,ROAD,5,7.0
39234,4,6,173,5,1,50.0,0,N,SMALL_CITIES,STREET,10,11.0
39235,1,6,111,2,1,50.0,0,I,MELB_URBAN,STREET,10,10.0
39236,2,3,100,1,1,60.0,0,I,MELB_URBAN,STREET,8,9.0
39237,2,6,100,1,1,40.0,0,I,MELB_URBAN,STREET,10,12.0
39238,1,7,147,5,2,50.0,0,N,MELB_URBAN,STREET,10,18.0
39239,2,5,102,5,1,30.0,0,N,MELB_URBAN,STREET,10,13.0
39240,2,6,100,1,1,70.0,0,I,MELB_URBAN,DRIVE,10,13.0
39241,1,3,130,2,1,100.0,0,I,MELB_URBAN,UNKNOWN,9,12.0
39242,1,1,147,5,1,50.0,0,N,SMALL_CITIES,STREET,8,14.0
39243,1,6,140,5,1,60.0,0,N,MELB_URBAN,STREET,10,11.0
39244,1,6,130,1,1,60.0,0,I,LARGE_PROVINCIAL_CITIES,ROAD,10,11.0
39245,1,6,99,5,1,60.0,0,N,MELB_URBAN,ROAD,10,14.0
39246,6,6,174,5,1,60.0,0,N,MELB_URBAN,ROAD,10,15.0
39247,1,3,130,5,1,70.0,0,N,MELB_URBAN,HIGHWAY,10,8.0
39248,6,1,174,5,1,50.0,0,N,RURAL_VICTORIA,ROAD,10,11.0
39249,2,6,100,5,1,60.0,0,N,MELB_URBAN,STREET,10,15.0
39250,4,6,171,2,1,50.0,0,I,MELB_URBAN,STREET,10,14.0
39251,1,4,130,5,1,60.0,0,N,MELB_URBAN,ROAD,10,9.0
39252,1,6,110,1,1,60.0,0,I,SMALL_CITIES,STREET,10,15.0
39253,1,5,99,2,3,80.0,0,I,MELB_URBAN,HIGHWAY,10,20.0
39254,6,5,174,5,2,60.0,0,N,RURAL_VICTORIA,ROAD,10,18.0
39255,1,6,130,1,1,60.0,0,I,MELB_URBAN,ROAD,10,16.0
39256,1,5,99,5,2,50.0,0,N,MELB_URBAN,OTHER,10,17.0
39257,1,6,130,1,1,40.0,0,I,MELBOURNE_CBD,STREET,10,15.0
39258,1,6,130,5,1,80.0,0,N,MELB_URBAN,FREEWAY,10,16.0
39259,1,4,135,1,1,60.0,0,I,MELB_URBAN,ROAD,10,15.0
39260,1,5,130,2,2,60.0,0,N,MELB_URBAN,PARADE,10,18.0
39261,2,6,100,2,1,40.0,0,I,MELB_URBAN,STREET,10,12.0
39262,1,5,130,5,2,60.0,0,N,MELB_URBAN,ROAD,10,17.0
39263,1,4,140,2,1,50.0,0,N,MELB_URBAN,DRIVE,10,13.0
39264,6,6,99,5,2,100.0,0,N,RURAL_VICTORIA,ROAD,10,19.0
39265,2,6,100,1,3,60.0,0,I,MELB_URBAN,BOULEVARD,10,20.0
39266,1,6,133,5,3,100.0,0,N,MELB_URBAN,ROAD,10,5.0
39267,4,6,173,1,3,70.0,0,I,MELB_URBAN,ROAD,10,3.0
39268,1,5,130,5,6,100.0,0,N,MELB_URBAN,ROAD,10,21.0
39269,1,6,147,2,3,80.0,0,I,MELB_URBAN,ROAD,10,23.0
39270,2,6,102,5,3,80.0,1,N,MELB_URBAN,HIGHWAY,10,22.0
39271,2,7,100,5,3,40.0,0,N,MELB_URBAN,STREET,10,1.0
39272,1,7,110,1,3,60.0,0,I,TOWNS,STREET,10,1.0
39273,2,7,100,5,3,60.0,0,N,MELB_URBAN,ROAD,10,3.0
39274,1,7,160,5,3,60.0,0,N,LARGE_PROVINCIAL_CITIES,STREET,10,3.0
39275,2,7,99,5,5,100.0,0,N,RURAL_VICTORIA,HIGHWAY,10,3.0
39276,6,4,174,5,9,60.0,0,N,MELB_URBAN,ROAD,4,7.0
39277,6,7,99,5,2,60.0,0,N,MELB_URBAN,ROAD,10,7.0
39278,8,7,99,5,1,60.0,0,N,SMALL_CITIES,ROAD,10,8.0
39279,1,5,163,5,1,40.0,0,N,MELB_URBAN,ROAD,10,12.0
39280,1,7,130,5,1,80.0,0,N,MELB_URBAN,FREEWAY,10,8.0
39281,6,7,99,5,1,100.0,0,N,RURAL_VICTORIA,ROAD,10,9.0
39282,1,6,99,2,1,60.0,0,I,MELB_URBAN,AVENUE,10,16.0
39283,1,7,110,1,1,60.0,0,I,MELB_URBAN,STREET,10,11.0
39284,8,1,174,5,1,60.0,0,N,RURAL_VICTORIA,ROAD,10,16.0
39285,2,7,102,2,1,50.0,0,N,MELB_URBAN,DRIVE,10,11.0
39286,1,1,160,5,3,50.0,0,N,MELB_URBAN,STREET,9,18.0
39287,1,7,133,5,1,100.0,0,N,RURAL_VICTORIA,ROAD,10,11.0
39288,1,7,111,1,1,60.0,0,I,MELB_URBAN,ROAD,10,9.0
39289,8,7,174,5,1,60.0,0,N,RURAL_VICTORIA,ROAD,10,10.0
39290,4,7,171,5,5,80.0,0,N,SMALL_TOWNS,HIGHWAY,10,4.0
39291,1,7,111,2,1,50.0,0,I,MELB_URBAN,STREET,10,12.0
39292,4,7,181,5,1,90.0,0,N,RURAL_VICTORIA,HIGHWAY,10,11.0
39293,1,7,160,5,1,70.0,0,N,MELB_URBAN,ROAD,10,10.0
39294,1,7,160,5,1,50.0,0,N,MELB_URBAN,OTHER,10,10.0
39295,1,6,99,2,1,60.0,0,N,MELB_URBAN,UNKNOWN,10,16.0
39296,2,3,99,5,1,50.0,0,N,LARGE_PROVINCIAL_CITIES,STREET,10,9.0
39297,4,7,171,5,1,80.0,0,N,RURAL_VICTORIA,HIGHWAY,10,11.0
39298,4,7,173,3,1,50.0,0,I,MELB_URBAN,STREET,10,10.0
39299,1,7,110,1,1,50.0,0,I,SMALL_CITIES,ROAD,10,12.0
39300,4,7,171,2,1,50.0,0,I,MELB_URBAN,DRIVE,10,12.0
39301,4,7,183,2,1,100.0,0,I,RURAL_VICTORIA,ROAD,10,11.0
39302,2,7,99,5,1,40.0,0,N,MELB_URBAN,OTHER,10,15.0
39303,4,7,99,5,1,50.0,0,N,MELB_URBAN,STREET,10,14.0
39304,1,7,121,2,1,80.0,0,I,MELB_URBAN,ROAD,10,13.0
39305,1,7,110,1,1,100.0,0,I,RURAL_VICTORIA,FREEWAY,10,14.0
39306,1,3,130,5,1,100.0,0,N,MELB_URBAN,UNKNOWN,10,11.0
39307,1,6,121,1,2,60.0,0,I,MELB_URBAN,STREET,10,19.0
39308,1,7,99,5,1,80.0,0,N,MELB_URBAN,ROAD,10,8.0
39309,1,7,99,5,3,50.0,0,N,MELB_URBAN,ROAD,10,5.0
39310,1,7,130,5,2,80.0,0,N,MELB_URBAN,FREEWAY,10,17.0
39311,1,6,110,1,3,60.0,0,I,LARGE_PROVINCIAL_CITIES,ROAD,10,20.0
39312,4,7,173,1,2,50.0,0,I,MELB_URBAN,DRIVE,10,17.0
39313,4,7,171,5,3,100.0,0,N,MELB_URBAN,UNKNOWN,10,2.0
39314,1,7,99,2,1,60.0,0,I,MELB_URBAN,STREET,10,15.0
39315,1,5,130,2,1,60.0,0,I,MELB_URBAN,BOULEVARD,10,8.0
39316,1,7,121,1,3,80.0,0,I,MELB_URBAN,ROAD,10,21.0
39317,4,1,173,5,3,60.0,0,N,MELB_URBAN,ROAD,10,0.0
39318,1,1,120,5,5,100.0,1,N,RURAL_VICTORIA,ROAD,10,0.0
39319,1,7,99,5,3,50.0,0,N,MELB_URBAN,UNKNOWN,10,23.0
39320,1,5,121,2,1,40.0,0,I,MELB_URBAN,STREET,10,9.0
39321,4,1,173,5,3,50.0,0,N,MELB_URBAN,AVENUE,10,1.0
39322,4,1,173,5,5,100.0,1,N,RURAL_VICTORIA,ROAD,10,3.0
39323,1,1,110,1,2,60.0,0,I,SMALL_CITIES,ROAD,10,7.0
39324,4,1,173,5,1,50.0,0,N,MELB_URBAN,STREET,10,10.0
39325,4,7,171,5,5,100.0,0,N,RURAL_VICTORIA,ROAD,10,6.0
39326,6,7,184,9,1,60.0,0,N,RURAL_VICTORIA,OTHER,10,13.0
39327,4,1,171,5,5,80.0,1,N,RURAL_VICTORIA,HIGHWAY,10,3.0
39328,1,0,163,2,1,60.0,0,I,MELB_URBAN,STREET,10,10.0
39329,5,1,99,5,1,60.0,0,N,RURAL_VICTORIA,OTHER,8,13.0
39330,1,1,130,1,1,60.0,0,I,MELB_URBAN,ROAD,10,12.0
39331,1,1,130,5,1,100.0,0,N,MELB_URBAN,FREEWAY,10,12.0
39332,1,6,121,2,2,70.0,0,N,MELB_URBAN,STREET,10,17.0
39333,4,7,171,5,1,60.0,0,N,MELB_URBAN,HIGHWAY,10,16.0
39334,1,7,121,4,3,80.0,0,I,MELB_URBAN,RAMP,10,22.0
39335,4,1,171,5,1,100.0,0,N,MELB_URBAN,FREEWAY,10,12.0
39336,1,1,130,2,1,60.0,0,I,MELB_URBAN,ROAD,10,13.0
39337,1,1,121,2,1,60.0,0,I,MELB_URBAN,ROAD,10,12.0
39338,4,1,183,5,1,80.0,0,N,RURAL_VICTORIA,ROAD,10,13.0
39339,1,1,130,5,1,60.0,0,N,MELB_URBAN,PARADE,10,12.0
39340,1,1,113,1,3,50.0,0,I,MELB_URBAN,STREET,10,4.0
39341,1,1,120,5,1,100.0,1,N,RURAL_VICTORIA,HIGHWAY,10,11.0
39342,1,0,113,2,1,40.0,0,I,MELB_URBAN,ROAD,10,15.0
39343,1,4,163,5,1,40.0,0,N,MELBOURNE_CBD,STREET,10,13.0