,accident_type,day_of_week,dca_code,road_geometry,light_condition,speed_zone,severity,node_type,deg_urban_name,road_type,month,hour
39344,1,7,113,2,2,60.0,0,I,MELB_URBAN,ROAD,10,18.0
39345,6,1,184,5,1,70.0,0,N,MELB_URBAN,ROAD,10,15.0
39346,1,1,132,2,1,60.0,0,I,RURAL_VICTORIA,ROAD,10,15.0
39347,2,1,99,5,2,60.0,0,N,SMALL_CITIES,ROAD,10,17.0
39348,1,1,110,1,1,60.0,1,I,SMALL_CITIES,ROAD,10,14.0
39349,1,3,130,5,1,60.0,0,N,MELB_URBAN,ROAD,10,15.0
39350,4,7,181,5,1,60.0,0,N,RURAL_VICTORIA,ROAD,10,10.0
39351,1,1,121,1,2,60.0,0,I,MELB_URBAN,STREET,10,18.0
39352,1,1,120,1,2,60.0,0,I,LARGE_PROVINCIAL_CITIES,ROAD,10,19.0
39353,1,1,110,1,2,50.0,0,I,MELB_URBAN,ROAD,10,18.0
39354,1,1,130,1,2,60.0,0,I,MELB_URBAN,ROAD,10,19.0
39355,2,1,100,1,3,40.0,0,I,MELBOURNE_CBD,STREET,10,22.0
39356,6,1,170,5,5,100.0,0,N,RURAL_VICTORIA,HIGHWAY,10,22.0
39357,1,2,130,1,3,70.0,0,I,MELB_URBAN,ROAD,8,17.0
39358,4,2,171,2,3,60.0,0,I,SMALL_CITIES,DRIVE,10,7.0
39359,1,1,113,1,3,90.0,0,I,SMALL_TOWNS,HIGHWAY,10,6.0
39360,5,1,99,5,2,80.0,0,N,RURAL_VICTORIA,ROAD,10,6.0
39361,4,2,173,5,2,50.0,0,N,LARGE_PROVINCIAL_CITIES,DRIVE,10,7.0
39362,4,2,173,5,1,50.0,0,N,MELB_URBAN,DRIVE,10,9.0
39363,8,2,99,5,1,60.0,0,N,MELB_URBAN,OTHER,10,10.0
39364,1,2,121,1,1,60.0,0,I,MELB_URBAN,STREET,10,8.0
39365,1,1,110,1,2,50.0,0,I,MELB_URBAN,STREET,10,17.0
39366,1,2,120,5,1,50.0,0,N,MELB_URBAN,ROAD,10,10.0
39367,1,4,120,5,1,50.0,0,N,SMALL_CITIES,OTHER,10,16.0
39368,2,2,99,5,1,60.0,0,N,MELB_URBAN,ROAD,10,10.0
39369,1,2,120,5,1,70.0,0,N,RURAL_VICTORIA,ROAD,10,10.0
39370,1,2,132,2,1,60.0,0,N,TOWNS,ROAD,10,11.0
39371,8,4,184,5,1,100.0,0,N,RURAL_VICTORIA,ROAD,10,13.0
39372,4,2,183,5,1,100.0,0,N,RURAL_VICTORIA,ROAD,10,11.0
39373,8,7,174,5,1,60.0,0,N,MELB_URBAN,ROAD,10,12.0
39374,1,1,99,5,1,100.0,0,N,RURAL_VICTORIA,ROAD,10,12.0
39375,2,1,102,1,1,50.0,0,I,TOWNS,AVENUE,10,14.0
39376,1,2,132,5,1,100.0,0,N,RURAL_VICTORIA,HIGHWAY,10,11.0
39377,1,2,99,5,1,80.0,0,N,MELB_URBAN,ROAD,9,16.0
39378,2,2,99,2,1,60.0,0,N,MELB_URBAN,ROAD,10,16.0
39379,1,1,130,1,1,60.0,0,I,MELB_URBAN,DRIVE,10,11.0
39380,4,1,183,5,1,100.0,0,N,RURAL_VICTORIA,HIGHWAY,10,15.0
39381,8,0,174,5,2,80.0,0,N,MELB_URBAN,HIGHWAY,10,18.0
39382,1,2,160,5,1,60.0,0,N,MELB_URBAN,ROAD,10,15.0
39383,1,6,135,1,2,80.0,0,I,MELB_URBAN,ROAD,10,7.0
39384,1,1,121,4,1,60.0,0,I,MELB_URBAN,ROAD,10,16.0
39385,1,2,160,5,1,50.0,0,N,MELB_URBAN,OTHER,10,15.0
39386,1,2,110,1,2,60.0,0,I,TOWNS,STREET,10,18.0
39387,1,2,113,2,1,70.0,0,I,MELB_URBAN,ROAD,10,16.0
39388,2,1,99,5,3,60.0,0,N,LARGE_PROVINCIAL_CITIES,STREET,10,0.0
39389,1,1,133,5,6,60.0,0,N,MELB_URBAN,OTHER,10,21.0
39390,2,2,100,2,2,60.0,0,I,MELB_URBAN,ROAD,10,18.0
39391,6,2,174,5,2,60.0,0,N,RURAL_VICTORIA,ROAD,10,19.0
39392,1,2,121,1,2,50.0,0,I,SMALL_CITIES,STREET,10,18.0
39393,4,2,183,5,2,100.0,0,N,RURAL_VICTORIA,ROAD,10,7.0
39394,2,2,100,5,3,60.0,0,N,MELB_URBAN,AVENUE,10,20.0
39395,4,1,171,5,6,60.0,0,N,SMALL_CITIES,STREET,10,22.0
39396,1,3,130,2,1,60.0,0,I,MELB_URBAN,ROAD,10,15.0
39397,4,1,171,5,5,100.0,0,N,RURAL_VICTORIA,ROAD,10,20.0
39398,4,2,171,5,6,60.0,0,N,MELB_URBAN,ROAD,10,1.0
39399,1,6,130,5,1,70.0,0,N,RURAL_VICTORIA,ROAD,10,14.0
39400,2,2,100,2,3,60.0,0,N,MELB_URBAN,ROAD,10,21.0
39401,4,3,171,5,3,60.0,0,N,MELB_URBAN,ROAD,10,3.0
39402,1,2,132,5,1,80.0,0,N,RURAL_VICTORIA,ROAD,10,14.0
39403,1,5,130,4,2,70.0,0,I,MELB_URBAN,RAMP,10,18.0
39404,1,2,110,1,1,60.0,0,I,LARGE_PROVINCIAL_CITIES,STREET,10,13.0
39405,2,3,102,5,1,50.0,0,N,MELB_URBAN,DRIVE,10,8.0
39406,1,3,130,1,1,80.0,0,I,MELB_URBAN,HIGHWAY,9,12.0
39407,2,2,99,5,1,60.0,0,N,MELB_URBAN,AVENUE,10,8.0
39408,1,3,110,1,1,60.0,0,I,TOWNS,STREET,10,8.0
39409,1,3,120,5,2,80.0,0,N,MELB_URBAN,HIGHWAY,10,6.0
39410,4,3,173,5,1,100.0,0,N,RURAL_VICTORIA,ROAD,10,9.0
39411,1,3,120,5,1,60.0,0,N,MELB_URBAN,STREET,10,9.0
39412,6,3,174,5,1,40.0,0,N,MELB_URBAN,ROAD,10,10.0
39413,2,7,102,1,3,60.0,0,I,MELB_URBAN,PARADE,10,20.0
39414,8,6,174,2,5,100.0,0,I,RURAL_VICTORIA,ROAD,9,6.0
39415,1,4,163,5,1,40.0,0,N,LARGE_PROVINCIAL_CITIES,STREET,8,9.0
39416,1,1,130,5,2,60.0,0,N,MELB_URBAN,ROAD,9,17.0
39417,1,2,130,1,2,60.0,0,I,MELB_URBAN,ROAD,10,17.0
39418,1,7,121,2,1,40.0,0,I,MELB_URBAN,ROAD,10,9.0
39419,1,3,99,5,1,50.0,0,N,MELB_URBAN,ROAD,10,11.0
39420,1,3,130,5,1,60.0,0,N,MELB_URBAN,STREET,10,10.0
39421,8,7,174,5,1,80.0,0,N,RURAL_VICTORIA,OTHER,10,11.0
39422,4,3,181,5,1,60.0,0,N,RURAL_VICTORIA,ROAD,10,12.0
39423,5,1,99,5,1,60.0,0,N,RURAL_VICTORIA,OTHER,6,12.0
39424,1,2,120,5,2,60.0,0,N,MELB_URBAN,AVENUE,10,7.0
39425,4,3,173,5,1,100.0,0,N,RURAL_VICTORIA,ROAD,10,10.0
39426,1,3,120,5,1,80.0,0,N,SMALL_CITIES,OTHER,10,12.0
39427,1,3,110,1,1,50.0,0,I,MELB_URBAN,STREET,10,11.0
39428,2,3,102,1,1,50.0,0,I,SMALL_CITIES,STREET,10,14.0
39429,4,7,171,5,3,50.0,0,N,MELB_URBAN,ROAD,10,21.0
39430,1,3,99,5,1,70.0,0,N,TOWNS,ROAD,10,12.0
39431,1,3,132,2,1,60.0,0,I,MELB_URBAN,ROAD,10,15.0
39432,1,3,99,5,1,60.0,0,N,MELB_URBAN,HIGHWAY,10,12.0
39433,1,3,130,5,1,60.0,0,N,SMALL_CITIES,STREET,10,15.0
39434,1,2,130,5,1,80.0,0,N,SMALL_CITIES,ROAD,10,15.0
39435,1,3,130,5,1,70.0,0,N,RURAL_VICTORIA,ROAD,10,16.0
39436,1,3,120,5,1,50.0,0,N,MELB_URBAN,DRIVE,10,15.0
39437,1,3,121,1,2,60.0,0,I,MELB_URBAN,ROAD,10,17.0
39438,1,3,160,5,2,50.0,0,N,LARGE_PROVINCIAL_CITIES,DRIVE,10,17.0
39439,1,2,147,5,1,70.0,0,I,MELB_URBAN,ROAD,10,15.0
39440,4,2,181,5,2,100.0,0,N,RURAL_VICTORIA,ROAD,10,7.0
39441,1,3,130,1,1,80.0,0,I,MELB_URBAN,ROAD,10,16.0
39442,1,3,116,2,2,70.0,0,I,MELB_URBAN,STREET,10,17.0
39443,1,3,130,2,1,60.0,0,I,LARGE_PROVINCIAL_CITIES,AVENUE,10,18.0
39444,1,3,113,2,1,80.0,0,I,MELB_URBAN,HIGHWAY,10,15.0
39445,1,3,130,5,1,70.0,0,N,LARGE_PROVINCIAL_CITIES,HIGHWAY,10,15.0
39446,1,3,113,2,1,60.0,0,I,MELB_URBAN,ROAD,10,16.0
39447,1,3,135,5,1,60.0,0,N,RURAL_VICTORIA,FREEWAY,10,14.0
39448,1,3,133,5,1,100.0,0,N,MELB_URBAN,HIGHWAY,10,15.0
39449,1,3,130,5,3,60.0,0,N,MELB_URBAN,ROAD,10,20.0
39450,1,3,163,5,2,40.0,0,N,MELBOURNE_CBD,STREET,10,19.0
39451,4,3,173,5,2,100.0,0,N,RURAL_VICTORIA,ROAD,10,20.0
39452,1,3,130,2,9,110.0,0,N,MELB_URBAN,ROAD,10,22.0
39453,4,3,171,5,3,50.0,0,N,MELB_URBAN,ROAD,10,23.0
39454,1,3,121,2,1,50.0,0,I,MELB_URBAN,STREET,10,9.0
39455,1,3,110,1,1,50.0,0,I,TOWNS,STREET,10,15.0
39456,1,2,130,1,1,60.0,0,I,LARGE_PROVINCIAL_CITIES,STREET,10,16.0
39457,4,4,171,1,2,80.0,0,I,MELB_URBAN,ROAD,10,7.0
39458,1,2,121,1,2,80.0,0,I,MELB_URBAN,ROAD,8,6.0
39459,1,2,130,5,1,100.0,0,N,MELB_URBAN,FREEWAY,10,10.0
39460,8,0,184,5,1,60.0,0,N,RURAL_VICTORIA,ROAD,10,13.0
39461,1,7,130,5,1,60.0,0,N,LARGE_PROVINCIAL_CITIES,STREET,10,11.0
39462,1,6,110,1,1,80.0,0,I,TOWNS,ROAD,9,15.0
39463,6,2,99,2,1,80.0,0,I,RURAL_VICTORIA,ROAD,10,14.0
39464,1,4,130,2,2,50.0,0,N,MELB_URBAN,ROAD,4,17.0
39465,1,6,133,1,1,60.0,0,I,MELB_URBAN,ROAD,10,10.0
39466,1,4,130,5,1,80.0,0,N,MELB_URBAN,ROAD,10,8.0
39467,1,4,99,1,1,70.0,0,N,MELB_URBAN,ROAD,10,8.0
39468,1,4,121,2,1,60.0,0,I,MELB_URBAN,OTHER,10,8.0
39469,2,4,102,5,1,50.0,0,N,MELB_URBAN,OTHER,10,8.0
39470,1,5,121,1,1,100.0,0,I,RURAL_VICTORIA,ROAD,10,14.0
39471,1,6,135,5,1,80.0,0,N,MELB_URBAN,RAMP,10,12.0
39472,2,3,102,5,1,50.0,0,N,MELB_URBAN,ROAD,10,8.0
39473,1,4,99,5,1,50.0,0,N,MELB_URBAN,ROAD,10,10.0
39474,2,4,99,5,1,40.0,0,N,MELB_URBAN,DRIVE,10,11.0
39475,1,1,99,5,1,60.0,0,N,RURAL_VICTORIA,ROAD,10,10.0
39476,1,4,99,1,1,40.0,0,I,MELBOURNE_CBD,STREET,10,8.0
39477,4,4,171,5,1,80.0,0,N,MELB_URBAN,UNKNOWN,10,10.0
39478,1,5,121,2,2,60.0,0,I,MELB_URBAN,PARADE,10,7.0
39479,4,3,181,5,1,80.0,0,N,RURAL_VICTORIA,ROAD,10,13.0
39480,1,3,111,2,3,50.0,0,I,MELB_URBAN,AVENUE,10,21.0
39481,1,3,120,5,1,60.0,0,N,MELB_URBAN,STREET,10,19.0
39482,1,4,110,1,1,60.0,0,I,MELB_URBAN,OTHER,10,13.0
39483,1,3,130,2,1,50.0,0,I,MELB_URBAN,HIGHWAY,11,13.0
39484,4,4,171,5,1,80.0,0,N,MELB_URBAN,ROAD,10,11.0
39485,2,3,99,5,1,60.0,0,N,SMALL_CITIES,OTHER,10,11.0
39486,1,4,110,1,1,60.0,0,I,MELB_URBAN,STREET,10,10.0
39487,1,4,130,2,1,80.0,0,N,MELB_URBAN,RAMP,10,14.0
39488,1,4,116,1,1,50.0,0,I,LARGE_PROVINCIAL_CITIES,STREET,10,15.0
39489,1,4,99,5,1,50.0,0,N,LARGE_PROVINCIAL_CITIES,AVENUE,10,16.0
39490,6,4,174,5,1,110.0,0,N,RURAL_VICTORIA,FREEWAY,10,15.0
39491,4,4,171,5,1,100.0,0,N,RURAL_VICTORIA,HIGHWAY,10,14.0
39492,1,2,130,5,1,80.0,0,N,MELB_URBAN,HIGHWAY,4,12.0
39493,1,7,130,5,1,50.0,0,N,MELB_URBAN,ROAD,10,13.0
39494,2,4,100,5,2,60.0,0,N,MELB_URBAN,ROAD,10,18.0
39495,1,3,113,2,2,60.0,0,I,MELB_URBAN,ROAD,10,18.0
39496,1,5,121,1,1,40.0,0,I,MELBOURNE_CBD,STREET,9,12.0
39497,1,2,140,5,2,60.0,0,N,RURAL_VICTORIA,ROAD,10,17.0
39498,1,3,99,1,2,70.0,0,I,MELB_URBAN,ROAD,10,18.0
39499,1,4,110,1,2,60.0,0,I,MELB_URBAN,BOULEVARD,10,18.0
39500,1,4,130,1,1,60.0,0,I,SMALL_CITIES,STREET,10,16.0
39501,1,2,130,5,2,40.0,0,N,MELB_URBAN,STREET,10,17.0
39502,1,1,130,5,1,60.0,0,N,MELB_URBAN,OTHER,10,18.0
39503,1,5,130,5,2,60.0,0,N,MELB_URBAN,ROAD,10,7.0
39504,4,4,181,5,5,40.0,0,N,MELB_URBAN,DRIVE,10,21.0
39505,1,4,99,5,3,50.0,0,N,LARGE_PROVINCIAL_CITIES,STREET,10,22.0
39506,2,3,100,2,1,50.0,0,I,RURAL_VICTORIA,ROAD,8,15.0
39507,1,6,130,5,1,70.0,0,N,MELB_URBAN,ROAD,10,12.0
39508,6,6,184,5,1,100.0,0,N,RURAL_VICTORIA,ROAD,5,11.0
39509,1,4,113,1,1,60.0,0,I,SMALL_CITIES,DRIVE,10,12.0
39510,1,4,130,5,1,50.0,0,N,MELB_URBAN,ROAD,10,15.0
39511,1,4,130,5,2,40.0,0,N,MELB_URBAN,ROAD,10,7.0
39512,1,5,116,2,1,80.0,0,I,MELB_URBAN,HIGHWAY,10,8.0
39513,8,3,184,1,6,60.0,0,I,MELB_URBAN,ROAD,10,5.0
39514,4,5,99,5,1,100.0,0,N,RURAL_VICTORIA,ROAD,10,10.0
39515,8,7,170,1,1,60.0,0,I,SMALL_CITIES,AVENUE,9,9.0
39516,1,4,120,2,1,60.0,0,I,MELB_URBAN,ROAD,10,10.0
39517,6,1,184,5,1,60.0,0,N,RURAL_VICTORIA,ROAD,10,10.0
39518,1,5,121,2,2,60.0,0,N,MELB_URBAN,HIGHWAY,10,6.0
39519,1,5,134,5,1,70.0,0,N,MELB_URBAN,ROAD,9,14.0
39520,1,5,110,1,1,50.0,0,I,MELB_URBAN,STREET,10,13.0
39521,8,7,174,2,9,60.0,0,I,MELB_URBAN,STREET,9,10.0
39522,1,5,121,4,1,80.0,0,N,MELB_URBAN,ROAD,10,12.0
39523,1,4,110,1,2,60.0,0,I,MELB_URBAN,ROAD,10,7.0
39524,6,4,174,5,9,50.0,0,N,MELB_URBAN,STREET,10,22.0
39525,1,5,130,5,1,80.0,0,N,RURAL_VICTORIA,ROAD,10,8.0
39526,1,6,130,5,1,80.0,0,N,MELB_URBAN,ROAD,10,13.0
39527,1,5,99,2,1,50.0,0,I,MELB_URBAN,STREET,10,15.0
39528,8,1,99,1,1,50.0,0,N,SMALL_CITIES,STREET,10,12.0
39529,4,4,171,5,1,100.0,0,N,MELB_URBAN,FREEWAY,10,16.0
39530,2,5,100,5,1,60.0,0,N,MELB_URBAN,ROAD,10,16.0
39531,1,3,130,5,1,60.0,0,N,MELB_URBAN,ROAD,10,8.0
39532,1,5,121,2,1,60.0,0,I,MELB_URBAN,HIGHWAY,10,16.0
39533,1,5,121,1,2,60.0,0,I,MELB_URBAN,STREET,10,17.0
39534,2,5,100,1,2,40.0,0,I,MELB_URBAN,STREET,10,17.0
39535,4,5,181,5,1,80.0,0,N,MELB_URBAN,ROAD,10,16.0
39536,1,5,121,5,1,60.0,0,N,MELB_URBAN,ROAD,10,15.0
39537,1,5,160,5,2,40.0,0,N,SMALL_CITIES,STREET,10,17.0
39538,4,5,181,5,5,100.0,0,N,RURAL_VICTORIA,ROAD,10,20.0
39539,1,5,140,4,3,60.0,0,I,MELB_URBAN,ROAD,10,21.0
39540,1,5,130,5,3,50.0,0,N,MELB_URBAN,BOULEVARD,10,2.0
39541,8,4,99,5,9,100.0,0,N,RURAL_VICTORIA,ROAD,10,12.0
39542,4,5,183,5,5,100.0,1,N,RURAL_VICTORIA,ROAD,10,22.0
39543,4,6,181,5,3,50.0,0,N,MELB_URBAN,PARADE,10,0.0
39544,1,5,99,5,1,60.0,0,N,MELB_URBAN,ROAD,10,13.0
39545,1,6,130,2,2,60.0,0,I,MELB_URBAN,ROAD,10,7.0
39546,4,1,171,5,3,50.0,0,N,MELB_URBAN,STREET,10,3.0
39547,8,6,174,5,1,50.0,0,N,MELB_URBAN,PARADE,10,8.0
39548,1,6,113,2,1,60.0,0,I,MELB_URBAN,ROAD,10,9.0
39549,1,6,110,1,2,100.0,0,I,RURAL_VICTORIA,ROAD,10,6.0
39550,1,6,121,1,1,80.0,0,I,MELB_URBAN,ROAD,10,8.0
39551,1,5,147,5,2,50.0,0,N,MELB_URBAN,ROAD,8,7.0
39552,1,6,113,2,1,60.0,0,I,MELB_URBAN,ROAD,10,9.0
39553,1,5,130,2,1,50.0,0,I,LARGE_PROVINCIAL_CITIES,STREET,10,8.0
39554,6,6,99,5,2,70.0,0,N,MELB_URBAN,RAMP,10,6.0
39555,7,1,99,5,9,40.0,0,N,MELB_URBAN,OTHER,9,16.0
39556,1,5,130,5,2,100.0,0,N,MELB_URBAN,RAMP,10,17.0
39557,1,6,163,5,1,40.0,0,N,MELB_URBAN,STREET,10,12.0
39558,2,6,100,1,1,50.0,0,I,MELB_URBAN,STREET,10,9.0
39559,1,6,130,2,1,60.0,0,I,MELB_URBAN,ROAD,9,15.0
39560,1,0,121,2,1,50.0,0,I,SMALL_CITIES,STREET,5,9.0
39561,1,6,99,1,2,60.0,0,I,MELB_URBAN,ROAD,10,7.0
39562,1,6,130,5,1,80.0,0,N,MELB_URBAN,HIGHWAY,10,8.0
39563,1,7,110,1,1,60.0,0,I,TOWNS,STREET,10,16.0
39564,1,6,130,5,1,80.0,0,N,MELB_URBAN,RAMP,10,13.0
39565,1,6,113,2,1,50.0,0,I,LARGE_PROVINCIAL_CITIES,AVENUE,10,14.0
39566,1,2,130,5,2,60.0,0,N,MELB_URBAN,ROAD,10,6.0
39567,1,6,130,2,1,70.0,0,N,MELB_URBAN,STREET,10,12.0
39568,8,7,174,2,1,60.0,0,I,RURAL_VICTORIA,ROAD,10,13.0
39569,1,6,140,1,1,80.0,0,I,MELB_URBAN,ROAD,10,10.0
39570,4,1,183,5,5,100.0,0,N,RURAL_VICTORIA,ROAD,10,5.0
39571,1,6,134,5,1,80.0,0,N,MELB_URBAN,UNKNOWN,10,16.0
39572,1,6,160,5,1,50.0,0,N,MELB_URBAN,STREET,10,16.0
39573,1,5,113,2,1,60.0,0,I,MELB_URBAN,ROAD,10,12.0
39574,6,5,174,5,1,60.0,0,N,MELB_URBAN,STREET,10,14.0
39575,1,3,130,1,2,60.0,0,I,MELB_URBAN,STREET,10,19.0
39576,1,6,113,2,1,60.0,0,I,MELB_URBAN,ROAD,10,16.0
39577,1,6,130,1,2,60.0,0,I,MELB_URBAN,ROAD,10,17.0
39578,1,6,110,1,1,60.0,0,I,RURAL_VICTORIA,ROAD,10,15.0
39579,1,6,132,5,1,70.0,0,N,LARGE_PROVINCIAL_CITIES,STREET,10,16.0
39580,1,5,130,5,1,80.0,0,N,MELB_URBAN,ROAD,10,13.0
39581,1,6,113,2,2,60.0,0,I,MELB_URBAN,ROAD,10,18.0
39582,1,6,140,2,2,80.0,0,I,SMALL_CITIES,HIGHWAY,10,18.0
39583,2,5,99,5,2,60.0,0,N,MELB_URBAN,AVENUE,10,18.0
39584,4,6,171,5,2,60.0,0,N,MELB_URBAN,ROAD,10,17.0
39585,1,6,121,2,1,60.0,0,I,MELB_URBAN,STREET,10,15.0
39586,1,5,110,1,1,50.0,0,I,MELB_URBAN,STREET,10,10.0
39587,1,6,113,2,2,60.0,0,I,MELB_URBAN,ROAD,10,7.0
39588,1,6,163,5,1,40.0,0,N,MELB_URBAN,STREET,10,15.0
39589,4,6,171,5,2,100.0,0,N,RURAL_VICTORIA,HIGHWAY,10,17.0
39590,1,6,134,1,3,60.0,0,I,LARGE_PROVINCIAL_CITIES,STREET,10,21.0
39591,4,6,181,5,1,70.0,0,N,RURAL_VICTORIA,OTHER,10,16.0
39592,1,3,113,2,3,60.0,0,I,MELB_URBAN,ROAD,10,18.0
39593,4,7,171,5,5,80.0,0,N,RURAL_VICTORIA,DRIVE,11,1.0
39594,4,7,171,6,3,60.0,0,I,MELB_URBAN,ROAD,11,0.0
39595,1,6,121,1,3,60.0,0,I,MELB_URBAN,STREET,10,22.0
39596,1,6,133,5,2,60.0,0,N,MELB_URBAN,ROAD,10,17.0
39597,2,7,100,5,2,60.0,1,N,MELB_URBAN,ROAD,11,6.0
39598,4,7,181,5,1,60.0,0,N,SMALL_CITIES,ROAD,11,8.0
39599,6,7,99,5,1,100.0,0,N,RURAL_VICTORIA,ROAD,11,8.0
39600,4,7,171,5,1,60.0,0,N,MELB_URBAN,STREET,11,9.0
39601,1,5,140,5,1,80.0,0,N,MELB_URBAN,HIGHWAY,10,16.0
39602,4,7,171,5,1,100.0,0,N,RURAL_VICTORIA,ROAD,11,8.0
39603,2,6,99,2,1,60.0,0,I,MELB_URBAN,STREET,10,16.0
39604,2,7,100,5,3,60.0,0,N,MELB_URBAN,ROAD,8,0.0
39605,1,6,130,1,2,60.0,0,I,MELB_URBAN,STREET,10,17.0
39606,6,7,99,5,1,70.0,0,N,MELB_URBAN,ROAD,11,9.0
39607,4,1,173,5,1,50.0,0,N,MELB_URBAN,STREET,10,12.0
39608,1,6,99,5,1,60.0,0,N,MELB_URBAN,ROAD,11,12.0
39609,1,7,110,1,1,40.0,0,I,MELB_URBAN,STREET,11,12.0
39610,8,7,174,2,1,60.0,0,N,MELB_URBAN,ROAD,11,12.0
39611,4,6,183,5,5,110.0,0,N,RURAL_VICTORIA,FREEWAY,10,23.0
39612,4,7,183,5,5,100.0,0,N,RURAL_VICTORIA,ROAD,11,3.0
39613,1,7,121,1,1,60.0,0,I,RURAL_VICTORIA,ROAD,11,14.0
39614,4,7,183,5,1,100.0,0,N,RURAL_VICTORIA,HIGHWAY,11,11.0
39615,1,7,130,5,1,60.0,0,N,MELB_URBAN,ROAD,11,14.0
39616,2,7,99,5,1,60.0,0,N,SMALL_CITIES,STREET,11,12.0
39617,4,6,171,5,1,60.0,0,N,MELB_URBAN,ROAD,11,16.0
39618,1,2,130,2,1,70.0,0,I,MELB_URBAN,ROAD,10,8.0
39619,8,7,184,5,1,100.0,0,N,RURAL_VICTORIA,ROAD,11,14.0
39620,6,7,174,1,2,60.0,0,I,MELB_URBAN,ROAD,11,18.0
39621,4,7,171,5,1,100.0,0,N,RURAL_VICTORIA,ROAD,11,16.0
39622,1,6,113,2,3,70.0,0,I,MELB_URBAN,ROAD,10,23.0
39623,4,6,173,5,5,100.0,0,N,RURAL_VICTORIA,ROAD,10,23.0
39624,1,7,121,1,2,60.0,0,I,MELB_URBAN,STREET,11,19.0
39625,1,7,121,1,3,60.0,0,I,MELB_URBAN,STREET,11,22.0
39626,1,7,110,1,1,60.0,0,I,LARGE_PROVINCIAL_CITIES,STREET,11,18.0
39627,1,7,110,4,1,70.0,0,I,LARGE_PROVINCIAL_CITIES,ROAD,11,17.0
39628,1,7,160,5,1,50.0,0,N,MELB_URBAN,STREET,11,18.0
39629,1,7,111,2,3,70.0,0,I,MELB_URBAN,ROAD,11,23.0
39630,4,1,173,5,3,60.0,0,N,LARGE_PROVINCIAL_CITIES,ROAD,11,3.0
39631,4,7,173,5,1,100.0,0,N,MELB_URBAN,FREEWAY,11,10.0
39632,1,6,132,2,1,70.0,0,I,LARGE_PROVINCIAL_CITIES,ROAD,10,13.0
39633,8,7,174,2,1,80.0,0,I,RURAL_VICTORIA,PARADE,11,17.0
39634,1,1,121,1,2,80.0,0,I,MELB_URBAN,HIGHWAY,11,7.0
39635,1,1,160,5,1,60.0,0,N,MELB_URBAN,ROAD,11,8.0
39636,2,7,99,5,2,50.0,0,N,TOWNS,STREET,11,19.0
39637,6,1,99,2,1,100.0,0,I,RURAL_VICTORIA,HIGHWAY,11,11.0
39638,1,1,110,1,1,60.0,0,I,MELB_URBAN,ROAD,11,8.0
39639,4,1,171,5,1,90.0,0,N,RURAL_VICTORIA,ROAD,11,9.0
39640,1,1,110,1,1,70.0,0,N,MELB_URBAN,ROAD,11,12.0
39641,5,0,99,5,1,100.0,0,N,RURAL_VICTORIA,ROAD,11,11.0
39642,1,1,110,1,1,80.0,0,I,MELB_URBAN,ROAD,11,16.0
39643,2,1,100,1,1,60.0,0,I,MELB_URBAN,ROAD,11,14.0
39644,1,1,99,2,1,50.0,0,I,MELB_URBAN,STREET,11,18.0
39645,4,0,181,5,1,100.0,0,I,RURAL_VICTORIA,ROAD,11,16.0
39646,6,1,170,5,1,60.0,0,N,RURAL_VICTORIA,ROAD,11,14.0
39647,1,1,163,2,9,60.0,0,I,MELB_URBAN,ROAD,11,14.0
39648,4,1,171,5,1,70.0,0,N,MELB_URBAN,ROAD,11,18.0
39649,1,1,99,5,1,50.0,0,N,MELB_URBAN,BOULEVARD,11,17.0
39650,1,0,130,1,3,60.0,0,I,MELB_URBAN,UNKNOWN,11,23.0
39651,4,1,173,9,3,60.0,0,N,MELB_URBAN,STREET,11,23.0
39652,1,2,110,1,3,80.0,0,I,MELB_URBAN,ROAD,11,5.0
39653,1,2,130,5,5,100.0,0,N,RURAL_VICTORIA,FREEWAY,11,5.0
39654,1,1,160,5,1,60.0,0,N,SMALL_CITIES,STREET,11,11.0
39655,1,5,99,5,1,60.0,0,N,MELB_URBAN,ROAD,10,16.0
39656,2,2,99,5,1,50.0,0,N,SMALL_CITIES,AVENUE,11,9.0
39657,6,2,174,5,1,80.0,0,N,MELB_URBAN,ROAD,11,10.0
39658,1,1,130,1,1,60.0,0,I,MELB_URBAN,ROAD,11,12.0
39659,2,2,100,5,1,60.0,0,N,MELB_URBAN,ROAD,11,8.0
39660,1,1,132,1,1,80.0,0,I,SMALL_CITIES,ROAD,11,11.0
39661,6,1,174,5,1,60.0,0,N,RURAL_VICTORIA,ROAD,10,12.0
39662,6,1,184,2,1,60.0,0,I,RURAL_VICTORIA,OTHER,11,11.0
39663,6,2,170,5,1,100.0,0,N,RURAL_VICTORIA,ROAD,11,13.0
39664,1,4,130,2,1,60.0,0,I,MELB_URBAN,ROAD,10,8.0
39665,2,6,100,1,6,40.0,0,I,MELB_URBAN,ROAD,10,20.0
39666,1,1,120,5,1,100.0,0,N,RURAL_VICTORIA,ROAD,11,12.0
39667,1,2,121,1,1,50.0,0,I,MELB_URBAN,STREET,11,14.0
39668,1,2,133,1,1,50.0,0,I,MELB_URBAN,AVENUE,11,14.0
39669,1,2,99,2,1,60.0,0,I,SMALL_CITIES,AVENUE,10,12.0