,accident_type,day_of_week,dca_code,road_geometry,light_condition,speed_zone,severity,node_type,deg_urban_name,road_type,month,hour
39670,1,1,121,2,1,80.0,0,I,MELB_URBAN,HIGHWAY,11,15.0
39671,1,4,110,1,3,50.0,0,I,SMALL_CITIES,STREET,10,21.0
39672,1,2,99,5,1,100.0,0,N,MELB_URBAN,ROAD,11,15.0
39673,1,2,110,1,1,100.0,0,I,RURAL_VICTORIA,ROAD,11,13.0
39674,4,2,183,5,1,100.0,0,N,RURAL_VICTORIA,ROAD,11,14.0
39675,2,2,100,1,1,40.0,0,I,MELBOURNE_CBD,STREET,11,16.0
39676,4,2,171,5,1,60.0,0,N,MELB_URBAN,ROAD,11,18.0
39677,1,3,130,1,3,50.0,0,I,MELB_URBAN,STREET,10,21.0
39678,1,2,110,1,1,60.0,0,I,LARGE_PROVINCIAL_CITIES,STREET,11,12.0
39679,6,2,184,5,1,100.0,0,N,RURAL_VICTORIA,OTHER,11,17.0
39680,1,2,147,5,2,60.0,0,N,MELB_URBAN,ROAD,11,19.0
39681,4,3,181,5,2,100.0,0,N,RURAL_VICTORIA,ROAD,4,5.0
39682,1,2,140,2,1,60.0,0,I,MELB_URBAN,DRIVE,11,18.0
39683,4,2,173,5,2,100.0,0,N,RURAL_VICTORIA,ROAD,11,19.0
39684,1,2,121,2,3,70.0,0,I,MELB_URBAN,ROAD,11,22.0
39685,2,2,100,5,3,40.0,0,N,MELB_URBAN,STREET,11,20.0
39686,2,3,102,5,3,70.0,0,N,MELB_URBAN,ROAD,11,0.0
39687,6,6,99,2,6,60.0,0,I,RURAL_VICTORIA,AVENUE,10,23.0
39688,6,3,170,5,5,100.0,0,N,RURAL_VICTORIA,HIGHWAY,11,3.0
39689,4,3,171,2,3,50.0,0,I,MELB_URBAN,OTHER,11,0.0
39690,5,7,99,5,1,60.0,0,N,RURAL_VICTORIA,OTHER,11,11.0
39691,1,6,135,4,1,80.0,0,I,MELB_URBAN,ROAD,9,8.0
39692,1,3,121,2,1,50.0,0,N,MELB_URBAN,ROAD,11,7.0
39693,1,3,116,2,2,70.0,0,I,MELB_URBAN,ROAD,9,19.0
39694,1,5,130,5,1,100.0,0,N,MELB_URBAN,FREEWAY,4,12.0
39695,1,3,110,1,1,60.0,0,I,TOWNS,STREET,11,10.0
39696,1,3,160,5,1,60.0,0,N,MELB_URBAN,ROAD,11,10.0
39697,1,6,130,5,1,80.0,0,N,MELB_URBAN,UNKNOWN,10,12.0
39698,1,3,130,5,1,60.0,0,N,LARGE_PROVINCIAL_CITIES,ROAD,11,12.0
39699,1,6,120,2,1,60.0,0,I,MELB_URBAN,ROAD,11,18.0
39700,1,3,111,1,1,60.0,0,I,LARGE_PROVINCIAL_CITIES,STREET,11,13.0
39701,1,3,121,1,1,60.0,0,I,MELB_URBAN,ROAD,11,12.0
39702,2,3,99,5,1,50.0,0,N,MELB_URBAN,AVENUE,11,10.0
39703,8,7,174,1,1,80.0,0,I,MELB_URBAN,ROAD,11,9.0
39704,2,3,99,5,1,60.0,0,N,MELB_URBAN,ROAD,11,14.0
39705,6,3,99,5,1,60.0,0,N,MELB_URBAN,ROAD,11,10.0
39706,4,3,181,5,5,60.0,0,N,MELB_URBAN,ROAD,11,4.0
39707,1,2,113,2,3,60.0,0,I,MELB_URBAN,ROAD,11,22.0
39708,1,3,110,1,1,100.0,0,I,RURAL_VICTORIA,AVENUE,11,15.0
39709,6,2,174,5,1,100.0,0,N,RURAL_VICTORIA,HIGHWAY,11,14.0
39710,4,3,173,5,1,90.0,0,N,RURAL_VICTORIA,ROAD,11,16.0
39711,8,2,174,1,1,60.0,0,I,MELB_URBAN,ROAD,11,8.0
39712,1,2,130,5,1,60.0,0,N,MELB_URBAN,STREET,10,8.0
39713,1,3,116,2,1,50.0,0,I,SMALL_CITIES,DRIVE,11,6.0
39714,7,3,99,1,1,110.0,0,N,RURAL_VICTORIA,FREEWAY,11,14.0
39715,1,3,121,1,1,50.0,0,I,MELB_URBAN,STREET,11,18.0
39716,8,7,174,5,1,60.0,0,N,RURAL_VICTORIA,OTHER,11,15.0
39717,4,1,181,5,1,80.0,0,N,RURAL_VICTORIA,ROAD,11,14.0
39718,1,3,111,1,3,70.0,0,N,MELB_URBAN,DRIVE,11,21.0
39719,1,3,121,2,3,60.0,0,I,MELB_URBAN,OTHER,11,22.0
39720,1,3,99,2,3,60.0,0,I,MELB_URBAN,ROAD,11,22.0
39721,4,3,171,5,3,60.0,0,N,MELB_URBAN,STREET,11,23.0
39722,8,7,184,5,1,60.0,0,N,RURAL_VICTORIA,ROAD,10,15.0
39723,2,3,99,5,1,50.0,0,I,LARGE_PROVINCIAL_CITIES,ROAD,11,8.0
39724,1,4,99,2,1,50.0,0,I,MELB_URBAN,STREET,11,8.0
39725,8,2,99,2,9,80.0,0,I,RURAL_VICTORIA,ROAD,11,11.0
39726,8,6,174,5,1,50.0,0,N,LARGE_PROVINCIAL_CITIES,ROAD,9,11.0
39727,1,6,130,5,2,100.0,0,N,MELB_URBAN,FREEWAY,10,17.0
39728,1,4,121,4,1,70.0,0,I,MELB_URBAN,ROAD,11,10.0
39729,8,4,174,5,2,100.0,0,N,RURAL_VICTORIA,HIGHWAY,11,7.0
39730,1,3,130,5,1,60.0,0,N,MELB_URBAN,ROAD,11,9.0
39731,1,4,130,2,1,80.0,0,I,MELB_URBAN,ROAD,11,11.0
39732,1,6,130,2,2,60.0,0,I,MELB_URBAN,OTHER,10,17.0
39733,1,1,160,5,3,60.0,0,N,MELB_URBAN,OTHER,11,20.0
39734,1,4,120,5,1,100.0,0,N,RURAL_VICTORIA,ROAD,11,9.0
39735,1,3,110,1,2,40.0,0,I,MELBOURNE_CBD,OTHER,11,19.0
39736,1,3,140,5,2,50.0,0,N,MELB_URBAN,STREET,7,18.0
39737,6,2,99,5,1,100.0,0,N,RURAL_VICTORIA,ROAD,11,13.0
39738,1,4,147,5,1,70.0,0,N,MELB_URBAN,ROAD,11,13.0
39739,1,7,130,5,1,60.0,0,N,MELB_URBAN,UNKNOWN,11,11.0
39740,1,4,135,5,1,60.0,0,N,MELB_URBAN,HIGHWAY,11,16.0
39741,2,3,99,2,1,60.0,0,I,MELB_URBAN,ROAD,11,12.0
39742,1,4,121,1,1,60.0,0,N,MELB_URBAN,ROAD,11,14.0
39743,8,4,170,5,1,60.0,0,N,MELB_URBAN,HIGHWAY,11,7.0
39744,8,3,184,5,1,100.0,0,N,RURAL_VICTORIA,ROAD,11,13.0
39745,1,4,147,2,9,50.0,0,I,TOWNS,STREET,11,19.0
39746,4,3,171,2,3,70.0,0,N,MELB_URBAN,ROAD,7,23.0
39747,6,3,174,2,1,60.0,0,I,TOWNS,STREET,11,14.0
39748,1,4,121,2,3,50.0,0,I,MELB_URBAN,STREET,11,20.0
39749,1,4,113,4,3,60.0,0,I,MELB_URBAN,RAMP,11,20.0
39750,4,4,171,1,2,100.0,0,I,RURAL_VICTORIA,ROAD,10,18.0
39751,4,4,173,5,3,60.0,0,N,MELB_URBAN,STREET,11,22.0
39752,4,5,171,5,3,60.0,0,N,MELB_URBAN,DRIVE,11,0.0
39753,1,4,147,5,3,60.0,0,N,MELB_URBAN,ROAD,11,23.0
39754,2,2,102,5,2,100.0,0,N,MELB_URBAN,FREEWAY,10,7.0
39755,1,4,113,1,1,40.0,0,I,MELB_URBAN,STREET,11,8.0
39756,1,4,121,1,1,70.0,0,I,MELB_URBAN,HIGHWAY,11,13.0
39757,1,3,163,5,1,50.0,0,I,MELB_URBAN,ROAD,11,12.0
39758,1,5,130,5,2,70.0,0,N,MELB_URBAN,ROAD,11,6.0
39759,8,5,174,1,1,40.0,0,I,MELB_URBAN,STREET,11,8.0
39760,2,5,99,1,2,60.0,0,I,MELB_URBAN,ROAD,11,7.0
39761,1,4,132,2,2,60.0,0,I,MELB_URBAN,ROAD,10,5.0
39762,6,4,184,5,1,60.0,0,N,LARGE_PROVINCIAL_CITIES,STREET,11,16.0
39763,4,4,171,5,1,60.0,0,N,MELB_URBAN,PARADE,11,15.0
39764,4,1,99,5,1,60.0,0,N,RURAL_VICTORIA,ROAD,11,9.0
39765,4,7,171,5,3,60.0,0,N,MELB_URBAN,ROAD,10,3.0
39766,2,5,102,5,1,40.0,0,N,MELB_URBAN,ROAD,11,10.0
39767,8,3,170,5,1,50.0,0,N,TOWNS,STREET,11,16.0
39768,4,5,173,5,1,100.0,0,N,MELB_URBAN,FREEWAY,11,11.0
39769,4,4,173,5,2,100.0,0,N,RURAL_VICTORIA,HIGHWAY,11,6.0
39770,1,4,130,2,1,60.0,0,N,MELB_URBAN,STREET,10,13.0
39771,4,5,171,5,1,110.0,0,N,RURAL_VICTORIA,FREEWAY,11,11.0
39772,1,5,121,2,1,50.0,0,I,MELB_URBAN,ROAD,11,8.0
39773,8,5,174,2,1,60.0,0,I,RURAL_VICTORIA,HIGHWAY,11,12.0
39774,2,4,99,5,1,60.0,0,N,MELB_URBAN,ROAD,11,10.0
39775,1,3,116,1,9,60.0,0,I,MELB_URBAN,DRIVE,7,16.0
39776,1,5,130,5,1,100.0,0,N,RURAL_VICTORIA,FREEWAY,10,15.0
39777,1,5,132,5,1,60.0,0,N,SMALL_CITIES,ROAD,11,14.0
39778,1,4,99,5,1,50.0,0,N,MELB_URBAN,OTHER,11,14.0
39779,8,5,174,2,3,50.0,0,I,MELB_URBAN,ROAD,7,19.0
39780,1,5,121,2,1,50.0,0,I,MELB_URBAN,OTHER,11,13.0
39781,1,5,140,2,1,50.0,0,I,MELB_URBAN,STREET,11,15.0
39782,1,3,110,1,9,50.0,0,I,LARGE_PROVINCIAL_CITIES,STREET,5,16.0
39783,1,3,121,3,1,60.0,0,I,MELB_URBAN,ROAD,9,9.0
39784,1,5,110,1,1,50.0,0,I,LARGE_PROVINCIAL_CITIES,STREET,11,16.0
39785,1,5,133,5,1,60.0,0,N,MELB_URBAN,ROAD,11,18.0
39786,1,4,99,4,1,60.0,0,I,MELB_URBAN,ROAD,11,9.0
39787,1,5,113,2,1,60.0,0,I,MELB_URBAN,ROAD,11,15.0
39788,1,5,147,5,1,60.0,0,N,MELB_URBAN,ROAD,11,17.0
39789,1,5,99,5,1,50.0,0,N,LARGE_PROVINCIAL_CITIES,STREET,11,18.0
39790,2,5,99,5,1,50.0,0,N,MELB_URBAN,STREET,11,15.0
39791,7,4,99,5,1,60.0,0,N,RURAL_VICTORIA,HIGHWAY,11,16.0
39792,1,1,116,2,1,60.0,0,I,MELB_URBAN,STREET,9,15.0
39793,4,5,173,2,1,50.0,0,I,MELB_URBAN,STREET,11,17.0
39794,1,5,160,5,3,50.0,0,N,MELB_URBAN,STREET,11,23.0
39795,8,5,174,1,2,50.0,0,I,MELB_URBAN,ROAD,11,19.0
39796,1,6,121,1,3,60.0,0,I,MELB_URBAN,STREET,11,2.0
39797,1,5,130,5,1,60.0,0,N,MELB_URBAN,ROAD,11,10.0
39798,1,6,160,5,2,50.0,0,N,MELB_URBAN,DRIVE,11,7.0
39799,1,5,130,3,1,60.0,0,I,SMALL_CITIES,ROAD,10,15.0
39800,1,6,147,5,2,60.0,1,N,MELB_URBAN,STREET,11,5.0
39801,6,7,184,2,1,40.0,0,I,RURAL_VICTORIA,ROAD,11,14.0
39802,8,5,174,2,1,60.0,0,I,MELB_URBAN,ROAD,11,14.0
39803,1,6,130,5,1,70.0,0,N,MELB_URBAN,ROAD,11,8.0
39804,8,4,174,5,2,60.0,0,N,MELB_URBAN,ROAD,10,18.0
39805,4,6,173,2,1,80.0,0,I,MELB_URBAN,ROAD,11,10.0
39806,1,6,132,2,2,50.0,0,I,MELB_URBAN,STREET,11,7.0
39807,1,6,135,1,1,60.0,0,I,MELB_URBAN,OTHER,11,8.0
39808,1,6,111,2,1,70.0,0,I,MELB_URBAN,ROAD,11,11.0
39809,4,6,171,5,1,60.0,0,N,MELB_URBAN,ROAD,11,13.0
39810,1,6,116,4,1,50.0,0,I,MELB_URBAN,ROAD,11,12.0
39811,1,3,99,2,1,40.0,0,I,MELB_URBAN,ROAD,10,8.0
39812,1,6,135,2,2,100.0,0,N,RURAL_VICTORIA,RAMP,11,7.0
39813,4,5,173,5,5,90.0,0,N,RURAL_VICTORIA,ROAD,11,20.0
39814,6,6,99,2,1,50.0,0,I,TOWNS,STREET,11,14.0
39815,5,5,99,5,1,60.0,0,N,RURAL_VICTORIA,ROAD,11,13.0
39816,8,7,99,5,1,100.0,0,N,RURAL_VICTORIA,ROAD,10,9.0
39817,1,5,135,5,1,40.0,0,N,MELB_URBAN,STREET,10,13.0
39818,1,6,121,1,1,60.0,0,I,MELB_URBAN,ROAD,11,16.0
39819,2,5,100,1,2,40.0,0,I,MELB_URBAN,ROAD,11,17.0
39820,2,6,102,5,1,60.0,0,N,MELB_URBAN,PARADE,11,18.0
39821,1,6,121,1,1,80.0,0,I,MELB_URBAN,ROAD,11,17.0
39822,1,6,110,1,1,50.0,0,I,MELB_URBAN,STREET,11,18.0
39823,1,6,120,5,1,100.0,0,N,RURAL_VICTORIA,ROAD,11,15.0
39824,1,6,130,2,1,60.0,0,I,MELB_URBAN,ROAD,11,15.0
39825,1,6,110,1,1,50.0,0,I,SMALL_CITIES,STREET,11,16.0
39826,1,6,116,2,2,50.0,0,N,MELB_URBAN,HIGHWAY,11,7.0
39827,1,6,132,2,3,60.0,0,I,MELB_URBAN,ROAD,11,21.0
39828,1,5,121,1,3,50.0,0,I,MELB_URBAN,STREET,11,21.0
39829,4,6,99,2,5,100.0,0,I,RURAL_VICTORIA,ROAD,11,20.0
39830,2,7,99,2,6,50.0,0,N,MELB_URBAN,AVENUE,11,0.0
39831,4,6,173,5,3,70.0,0,N,MELB_URBAN,ROAD,11,23.0
39832,2,7,99,5,3,50.0,0,N,MELB_URBAN,STREET,11,2.0
39833,1,1,113,2,1,80.0,0,I,MELB_URBAN,ROAD,11,15.0
39834,1,6,130,5,5,80.0,0,N,RURAL_VICTORIA,ROAD,11,21.0
39835,1,1,130,1,2,60.0,0,I,MELB_URBAN,AVENUE,10,17.0
39836,1,6,121,2,1,60.0,0,I,MELB_URBAN,ROAD,11,9.0
39837,4,7,99,5,1,50.0,0,N,MELB_URBAN,ROAD,11,10.0
39838,1,7,121,2,1,50.0,0,I,MELB_URBAN,STREET,11,9.0
39839,1,7,120,5,1,100.0,0,N,RURAL_VICTORIA,HIGHWAY,11,10.0
39840,1,4,121,1,2,40.0,0,I,MELB_URBAN,UNKNOWN,10,6.0
39841,1,7,130,1,1,80.0,0,I,MELB_URBAN,HIGHWAY,11,12.0
39842,4,7,173,5,1,80.0,0,N,SMALL_CITIES,ROAD,11,9.0
39843,1,7,130,5,1,80.0,0,N,MELB_URBAN,ROAD,11,8.0
39844,1,7,130,2,1,70.0,0,I,MELB_URBAN,ROAD,11,12.0
39845,1,7,130,5,1,100.0,0,N,MELB_URBAN,FREEWAY,11,13.0
39846,1,6,130,2,2,50.0,0,I,MELB_URBAN,ROAD,11,19.0
39847,4,7,171,5,1,100.0,1,N,RURAL_VICTORIA,OTHER,11,12.0
39848,1,7,110,1,1,100.0,1,I,RURAL_VICTORIA,HIGHWAY,11,12.0
39849,1,7,121,3,1,70.0,0,N,MELB_URBAN,UNKNOWN,11,16.0
39850,4,7,173,2,1,100.0,0,I,RURAL_VICTORIA,HIGHWAY,11,16.0
39851,1,7,130,5,1,60.0,0,N,TOWNS,ROAD,11,14.0
39852,1,7,121,1,1,50.0,0,I,MELB_URBAN,STREET,11,14.0
39853,4,7,181,2,1,50.0,0,I,MELB_URBAN,STREET,11,18.0
39854,1,7,160,5,1,50.0,0,N,MELB_URBAN,DRIVE,11,17.0
39855,4,7,173,5,2,100.0,0,N,SMALL_TOWNS,FREEWAY,11,19.0
39856,4,7,171,5,5,80.0,0,N,RURAL_VICTORIA,DRIVE,11,22.0
39857,4,1,173,1,3,50.0,0,I,SMALL_CITIES,ROAD,11,1.0
39858,1,6,160,5,9,50.0,0,N,MELB_URBAN,STREET,11,21.0
39859,1,6,99,2,2,50.0,0,I,MELB_URBAN,STREET,10,17.0
39860,1,5,99,4,2,60.0,0,I,MELB_URBAN,ROAD,11,19.0
39861,4,1,171,5,1,70.0,0,N,MELB_URBAN,ROAD,11,8.0
39862,4,1,173,1,1,70.0,0,I,MELB_URBAN,ROAD,11,9.0
39863,1,1,99,5,1,100.0,0,N,RURAL_VICTORIA,ROAD,11,10.0
39864,1,1,130,5,1,60.0,0,N,SMALL_CITIES,ROAD,11,11.0
39865,1,1,121,2,1,60.0,0,I,MELB_URBAN,ROAD,11,11.0
39866,4,1,183,5,1,60.0,0,N,RURAL_VICTORIA,ROAD,11,9.0
39867,1,1,113,2,1,60.0,0,I,MELB_URBAN,ROAD,11,9.0
39868,1,1,116,2,1,70.0,0,I,MELB_URBAN,AVENUE,11,11.0
39869,1,1,121,2,1,70.0,0,I,MELB_URBAN,ROAD,11,10.0
39870,1,1,110,1,1,60.0,0,I,TOWNS,STREET,11,13.0
39871,1,1,130,5,1,70.0,0,N,MELB_URBAN,ROAD,11,12.0
39872,6,1,170,5,1,60.0,0,N,RURAL_VICTORIA,ROAD,11,13.0
39873,6,0,174,1,1,60.0,0,I,RURAL_VICTORIA,ROAD,11,13.0
39874,1,1,121,1,1,60.0,0,I,MELB_URBAN,ROAD,11,15.0
39875,4,1,183,5,1,100.0,0,N,RURAL_VICTORIA,ROAD,11,13.0
39876,1,1,132,5,1,100.0,0,N,RURAL_VICTORIA,ROAD,11,15.0
39877,4,5,99,5,1,50.0,0,N,MELB_URBAN,STREET,11,9.0
39878,2,0,102,5,1,60.0,0,N,SMALL_CITIES,ROAD,11,17.0
39879,1,1,120,5,1,100.0,0,N,RURAL_VICTORIA,ROAD,11,14.0
39880,4,1,173,5,1,60.0,0,N,MELB_URBAN,ROAD,11,17.0
39881,1,1,110,1,1,100.0,0,I,RURAL_VICTORIA,HIGHWAY,11,16.0
39882,1,1,121,5,1,60.0,0,N,MELB_URBAN,STREET,11,16.0
39883,1,1,116,1,1,70.0,0,N,MELB_URBAN,ROAD,11,18.0
39884,1,1,134,5,1,60.0,0,N,MELB_URBAN,STREET,11,14.0
39885,1,1,140,5,2,50.0,0,N,MELB_URBAN,ROAD,11,19.0
39886,8,2,184,4,2,50.0,0,I,MELB_URBAN,STREET,11,19.0
39887,1,1,160,5,2,50.0,0,N,MELB_URBAN,STREET,11,19.0
39888,6,1,170,5,5,100.0,0,N,RURAL_VICTORIA,HIGHWAY,11,22.0
39889,2,5,100,5,3,50.0,0,N,MELB_URBAN,STREET,11,2.0
39890,2,2,100,5,3,60.0,0,N,MELB_URBAN,ROAD,11,3.0
39891,4,2,171,5,5,60.0,0,N,RURAL_VICTORIA,ROAD,11,0.0
39892,4,3,99,2,1,60.0,0,I,RURAL_VICTORIA,ROAD,11,10.0
39893,1,2,130,2,1,40.0,0,I,SMALL_CITIES,DRIVE,11,9.0
39894,2,2,99,2,1,40.0,0,I,MELB_URBAN,STREET,11,8.0
39895,1,2,130,5,1,80.0,0,N,MELB_URBAN,ROAD,11,9.0
39896,1,6,130,5,1,100.0,0,N,MELB_URBAN,UNKNOWN,11,16.0
39897,1,7,121,5,1,60.0,0,N,MELB_URBAN,ROAD,11,12.0
39898,1,5,121,5,1,60.0,0,N,MELB_URBAN,ROAD,11,10.0
39899,8,7,99,5,3,50.0,0,N,MELB_URBAN,STREET,10,21.0
39900,6,2,170,5,1,80.0,0,N,MELB_URBAN,ROAD,11,10.0
39901,6,2,174,5,1,50.0,0,N,MELB_URBAN,STREET,11,11.0
39902,1,1,130,5,1,80.0,0,N,MELB_URBAN,ROAD,11,8.0
39903,1,2,121,2,1,60.0,0,I,MELB_URBAN,ROAD,11,10.0
39904,1,5,130,5,1,80.0,0,N,MELB_URBAN,ROAD,11,16.0
39905,4,1,173,5,1,60.0,0,N,LARGE_PROVINCIAL_CITIES,STREET,11,18.0
39906,2,2,99,5,1,40.0,0,N,TOWNS,UNKNOWN,11,11.0
39907,2,2,102,5,1,50.0,0,N,MELB_URBAN,STREET,11,12.0
39908,1,5,130,5,1,100.0,0,N,MELB_URBAN,FREEWAY,11,15.0
39909,6,7,99,5,1,60.0,0,N,RURAL_VICTORIA,ROAD,11,14.0
39910,1,6,130,1,1,50.0,0,I,MELB_URBAN,DRIVE,11,10.0
39911,1,2,121,1,1,100.0,1,I,RURAL_VICTORIA,HIGHWAY,11,8.0
39912,2,2,102,5,1,60.0,0,N,MELB_URBAN,STREET,11,13.0
39913,1,7,120,5,5,50.0,0,N,MELB_URBAN,BOULEVARD,11,23.0
39914,1,2,111,2,1,60.0,0,I,MELB_URBAN,ROAD,11,13.0
39915,1,7,116,1,3,80.0,0,I,MELB_URBAN,DRIVE,11,22.0
39916,6,6,99,5,1,30.0,0,N,RURAL_VICTORIA,ROAD,11,16.0
39917,4,2,183,5,1,100.0,0,N,RURAL_VICTORIA,ROAD,11,10.0
39918,1,2,160,5,1,50.0,0,N,MELB_URBAN,ROAD,11,14.0
39919,2,2,102,5,2,50.0,0,N,LARGE_PROVINCIAL_CITIES,DRIVE,10,17.0
39920,1,2,133,5,2,80.0,0,N,MELB_URBAN,HIGHWAY,11,7.0
39921,1,3,110,1,3,50.0,0,I,MELB_URBAN,STREET,8,23.0
39922,1,6,99,2,1,60.0,0,I,MELB_URBAN,ROAD,10,14.0
39923,1,1,110,1,1,50.0,0,I,LARGE_PROVINCIAL_CITIES,ROAD,11,12.0
39924,1,2,116,1,1,50.0,0,I,MELB_URBAN,STREET,11,18.0
39925,1,2,130,5,1,60.0,0,N,MELB_URBAN,STREET,11,15.0
39926,1,2,147,2,1,80.0,0,I,MELB_URBAN,HIGHWAY,11,18.0
39927,1,2,99,5,2,50.0,0,N,MELB_URBAN,PARADE,11,7.0
39928,8,5,174,5,2,60.0,0,N,MELB_URBAN,BOULEVARD,11,19.0
39929,1,2,113,3,1,60.0,0,I,SMALL_CITIES,ROAD,11,18.0
39930,1,2,120,5,1,60.0,0,N,MELB_URBAN,DRIVE,11,16.0
39931,1,1,130,5,1,100.0,0,N,MELB_URBAN,FREEWAY,11,15.0
39932,1,2,121,1,2,80.0,0,N,MELB_URBAN,HIGHWAY,11,19.0
39933,1,1,130,5,1,100.0,0,N,MELB_URBAN,FREEWAY,11,18.0
39934,4,2,173,5,3,80.0,0,N,SMALL_CITIES,HIGHWAY,11,22.0
39935,4,1,171,5,3,80.0,0,N,MELB_URBAN,ROAD,11,22.0
39936,4,2,183,5,5,80.0,1,N,RURAL_VICTORIA,ROAD,11,23.0
39937,1,1,130,5,1,40.0,0,N,MELB_URBAN,ROAD,11,18.0
39938,1,4,130,1,1,70.0,0,I,MELB_URBAN,ROAD,10,15.0
39939,6,3,170,5,5,100.0,1,N,RURAL_VICTORIA,ROAD,11,1.0
39940,6,1,170,2,1,70.0,0,I,MELB_URBAN,ROAD,11,15.0
39941,1,2,110,1,1,60.0,0,I,LARGE_PROVINCIAL_CITIES,STREET,11,8.0
39942,6,2,99,5,1,60.0,0,N,MELB_URBAN,STREET,11,8.0
39943,1,2,120,5,5,100.0,0,N,RURAL_VICTORIA,ROAD,11,21.0
39944,2,3,100,1,1,40.0,0,I,MELB_URBAN,STREET,11,8.0
39945,2,2,99,5,1,60.0,0,N,MELB_URBAN,DRIVE,10,16.0
39946,1,3,130,1,1,50.0,0,I,LARGE_PROVINCIAL_CITIES,UNKNOWN,10,13.0
39947,1,1,110,1,1,70.0,0,I,LARGE_PROVINCIAL_CITIES,STREET,10,16.0
39948,1,2,130,5,1,80.0,0,N,MELB_URBAN,RAMP,11,10.0
39949,2,1,100,1,3,60.0,0,I,MELB_URBAN,ROAD,11,3.0
39950,1,3,134,5,1,60.0,0,N,SMALL_CITIES,ROAD,11,11.0
39951,8,3,174,5,1,60.0,0,N,MELB_URBAN,ROAD,10,8.0
39952,1,3,110,1,1,50.0,0,I,SMALL_CITIES,STREET,11,11.0
39953,1,3,113,1,1,60.0,0,I,MELB_URBAN,AVENUE,11,11.0
39954,1,3,147,5,1,60.0,0,N,MELB_URBAN,STREET,11,8.0
39955,1,4,130,5,2,100.0,0,N,MELB_URBAN,FREEWAY,10,18.0
39956,8,7,174,5,1,60.0,0,N,RURAL_VICTORIA,ROAD,5,9.0
39957,1,3,130,5,1,100.0,0,N,MELB_URBAN,UNKNOWN,11,13.0
39958,4,3,173,5,1,80.0,0,N,MELB_URBAN,RAMP,11,13.0
39959,1,3,140,2,1,50.0,0,I,SMALL_CITIES,STREET,11,13.0
39960,1,3,99,5,1,60.0,0,N,MELB_URBAN,ROAD,11,12.0
39961,4,3,171,5,1,100.0,0,N,RURAL_VICTORIA,ROAD,11,10.0
39962,1,2,121,1,3,40.0,0,I,MELBOURNE_CBD,STREET,11,23.0
39963,6,3,174,2,1,60.0,0,I,RURAL_VICTORIA,ROAD,11,15.0
39964,1,3,121,2,1,40.0,0,I,MELB_URBAN,STREET,11,17.0
39965,1,3,121,1,1,60.0,0,I,MELB_URBAN,ROAD,11,17.0
39966,1,3,113,2,1,80.0,0,I,RURAL_VICTORIA,AVENUE,11,17.0
39967,2,3,102,2,1,70.0,0,I,MELB_URBAN,ROAD,11,18.0
39968,1,3,130,5,1,100.0,0,N,MELB_URBAN,FREEWAY,11,18.0
39969,1,3,135,5,1,80.0,0,N,MELB_URBAN,ROAD,11,18.0
39970,2,3,99,5,2,80.0,0,N,MELB_URBAN,ROAD,11,7.0
39971,1,3,110,1,2,60.0,0,I,SMALL_CITIES,STREET,11,19.0
39972,2,3,99,2,1,50.0,1,I,MELB_URBAN,STREET,11,17.0
39973,1,3,130,5,1,100.0,0,N,MELB_URBAN,UNKNOWN,11,15.0
39974,8,3,174,5,1,60.0,0,N,MELB_URBAN,ROAD,11,18.0
39975,1,3,134,5,1,60.0,0,N,MELB_URBAN,STREET,11,15.0
39976,1,3,133,5,1,80.0,0,N,MELB_URBAN,HIGHWAY,11,17.0
39977,1,3,130,2,1,60.0,0,I,MELB_URBAN,ROAD,11,16.0
39978,6,3,99,5,1,100.0,0,N,RURAL_VICTORIA,ROAD,11,17.0
39979,1,3,121,1,3,60.0,0,I,MELB_URBAN,ROAD,11,23.0
39980,1,3,121,1,2,60.0,0,I,MELB_URBAN,ROAD,11,19.0
39981,2,2,102,1,1,60.0,0,I,LARGE_PROVINCIAL_CITIES,STREET,11,10.0
39982,4,4,181,5,5,100.0,0,N,RURAL_VICTORIA,ROAD,10,0.0
39983,1,4,113,2,3,60.0,0,I,MELB_URBAN,ROAD,11,1.0
39984,1,5,132,5,2,60.0,0,N,LARGE_PROVINCIAL_CITIES,ROAD,10,18.0
39985,1,4,110,1,2,60.0,0,I,MELB_URBAN,ROAD,11,6.0
39986,1,5,110,1,1,50.0,0,I,MELB_URBAN,STREET,11,14.0
39987,8,4,174,2,1,80.0,0,I,MELB_URBAN,ROAD,11,8.0
39988,1,4,121,1,1,60.0,0,I,MELB_URBAN,ROAD,11,8.0
39989,2,2,99,5,1,60.0,0,N,MELB_URBAN,ROAD,11,11.0
39990,1,4,121,1,1,40.0,0,I,MELB_URBAN,STREET,11,8.0
39991,6,1,184,5,1,100.0,0,N,RURAL_VICTORIA,OTHER,11,14.0
39992,4,4,171,5,2,100.0,0,N,RURAL_VICTORIA,ROAD,11,7.0
39993,1,6,130,1,2,60.0,0,I,LARGE_PROVINCIAL_CITIES,STREET,10,18.0
39994,1,3,132,2,1,60.0,0,I,MELB_URBAN,HIGHWAY,11,15.0
39995,1,4,130,5,1,100.0,0,N,MELB_URBAN,RAMP,11,11.0
39996,1,3,99,5,2,40.0,0,N,MELB_URBAN,ROAD,7,16.0