,accident_type,day_of_week,dca_code,road_geometry,light_condition,speed_zone,severity,node_type,deg_urban_name,road_type,month,hour
39997,1,3,140,5,1,60.0,0,N,MELB_URBAN,ROAD,11,17.0
39998,1,4,99,5,1,80.0,0,N,RURAL_VICTORIA,ROAD,11,12.0
39999,1,2,130,4,1,80.0,0,I,MELB_URBAN,RAMP,11,15.0
40000,4,4,173,5,2,80.0,0,N,MELB_URBAN,HIGHWAY,11,7.0
40001,1,4,121,1,1,80.0,0,I,MELB_URBAN,ROAD,11,10.0
40002,8,2,174,5,1,60.0,0,N,RURAL_VICTORIA,ROAD,11,15.0
40003,1,4,121,1,1,60.0,0,I,LARGE_PROVINCIAL_CITIES,STREET,11,10.0
40004,1,4,130,5,1,100.0,0,N,MELB_URBAN,FREEWAY,11,15.0
40005,1,3,130,2,1,60.0,0,I,MELB_URBAN,STREET,11,17.0
40006,1,4,132,2,1,60.0,0,I,MELB_URBAN,ROAD,11,13.0
40007,4,4,173,2,1,50.0,0,I,MELB_URBAN,ROAD,11,15.0
40008,8,1,184,5,1,50.0,0,N,RURAL_VICTORIA,OTHER,11,10.0
40009,1,3,132,5,1,80.0,0,N,RURAL_VICTORIA,HIGHWAY,11,12.0
40010,1,4,130,5,1,80.0,0,N,MELB_URBAN,ROAD,11,17.0
40011,1,2,133,1,9,40.0,0,N,MELB_URBAN,STREET,11,17.0
40012,1,5,121,2,3,70.0,0,I,MELB_URBAN,DRIVE,11,21.0
40013,1,4,99,2,1,50.0,0,I,MELB_URBAN,STREET,11,17.0
40014,1,4,132,2,1,60.0,0,I,MELB_URBAN,ROAD,11,16.0
40015,1,4,99,5,2,40.0,0,N,LARGE_PROVINCIAL_CITIES,PARADE,11,19.0
40016,1,4,113,2,1,70.0,0,I,MELB_URBAN,ROAD,11,14.0
40017,2,4,99,1,1,60.0,0,I,MELB_URBAN,PARADE,11,18.0
40018,1,4,130,5,1,100.0,0,N,RURAL_VICTORIA,ROAD,11,17.0
40019,1,4,130,5,1,100.0,1,N,RURAL_VICTORIA,ROAD,11,11.0
40020,1,7,130,1,1,70.0,0,I,MELB_URBAN,ROAD,7,11.0
40021,1,4,110,1,3,80.0,1,N,MELB_URBAN,ROAD,11,2.0
40022,1,4,160,2,3,60.0,0,I,SMALL_CITIES,ROAD,11,23.0
40023,4,3,99,5,3,80.0,0,N,RURAL_VICTORIA,HIGHWAY,11,23.0
40024,6,6,99,5,1,40.0,0,N,RURAL_VICTORIA,ROAD,11,16.0
40025,6,5,99,2,5,80.0,0,I,RURAL_VICTORIA,ROAD,11,4.0
40026,1,2,130,5,1,100.0,0,N,MELB_URBAN,FREEWAY,10,16.0
40027,1,4,130,5,1,80.0,0,N,MELB_URBAN,HIGHWAY,11,12.0
40028,8,5,99,5,3,100.0,0,N,MELB_URBAN,ROAD,11,4.0
40029,1,3,110,1,1,60.0,0,I,TOWNS,HIGHWAY,11,10.0
40030,1,2,130,2,1,60.0,0,I,SMALL_CITIES,DRIVE,11,15.0
40031,1,4,130,5,1,100.0,0,N,RURAL_VICTORIA,ROAD,11,17.0
40032,1,3,130,5,1,80.0,0,N,MELB_URBAN,ROAD,11,16.0
40033,1,5,130,5,1,80.0,0,N,MELB_URBAN,ROAD,11,9.0
40034,1,6,130,5,1,60.0,0,N,MELB_URBAN,ROAD,11,16.0
40035,4,5,173,5,1,100.0,0,N,RURAL_VICTORIA,ROAD,11,9.0
40036,1,5,110,1,1,60.0,0,I,MELB_URBAN,ROAD,11,8.0
40037,6,6,99,5,1,60.0,0,N,RURAL_VICTORIA,ROAD,11,12.0
40038,1,4,121,2,1,100.0,0,N,RURAL_VICTORIA,ROAD,11,8.0
40039,1,5,130,5,1,100.0,1,N,MELB_URBAN,RAMP,11,8.0
40040,1,5,111,2,1,50.0,0,I,MELB_URBAN,ROAD,11,9.0
40041,1,3,121,5,1,50.0,0,N,MELB_URBAN,STREET,11,13.0
40042,1,5,160,5,1,50.0,0,N,MELB_URBAN,DRIVE,11,11.0
40043,1,4,132,2,1,60.0,0,I,RURAL_VICTORIA,ROAD,11,18.0
40044,1,4,147,5,1,60.0,0,N,MELB_URBAN,ROAD,11,9.0
40045,1,4,120,2,1,80.0,0,I,RURAL_VICTORIA,HIGHWAY,11,17.0
40046,5,7,99,5,1,100.0,0,N,RURAL_VICTORIA,OTHER,10,12.0
40047,1,5,130,5,1,100.0,0,N,MELB_URBAN,FREEWAY,11,10.0
40048,2,3,99,5,1,60.0,0,N,MELB_URBAN,STREET,11,10.0
40049,4,4,173,5,5,100.0,0,N,RURAL_VICTORIA,ROAD,11,21.0
40050,6,5,174,5,1,100.0,0,N,RURAL_VICTORIA,ROAD,11,11.0
40051,1,4,130,1,3,80.0,0,I,RURAL_VICTORIA,ROAD,11,22.0
40052,6,5,174,5,1,60.0,0,N,SMALL_TOWNS,STREET,11,14.0
40053,4,5,181,5,6,100.0,0,N,RURAL_VICTORIA,ROAD,9,0.0
40054,5,5,99,5,1,100.0,0,N,RURAL_VICTORIA,OTHER,11,11.0
40055,4,5,171,5,1,80.0,0,N,RURAL_VICTORIA,FREEWAY,11,15.0
40056,8,4,174,5,1,60.0,0,N,RURAL_VICTORIA,ROAD,11,11.0
40057,1,5,99,1,1,70.0,0,I,MELB_URBAN,ROAD,11,7.0
40058,6,1,174,2,5,100.0,0,N,RURAL_VICTORIA,ROAD,6,17.0
40059,1,5,110,1,1,60.0,0,I,LARGE_PROVINCIAL_CITIES,STREET,11,17.0
40060,2,5,99,5,1,50.0,0,N,SMALL_TOWNS,ROAD,11,16.0
40061,1,3,121,2,9,60.0,0,I,MELB_URBAN,ROAD,11,8.0
40062,4,7,99,5,1,60.0,0,N,RURAL_VICTORIA,ROAD,11,9.0
40063,1,3,113,2,1,60.0,0,I,MELB_URBAN,ROAD,9,12.0
40064,6,5,99,5,1,100.0,0,N,RURAL_VICTORIA,OTHER,11,17.0
40065,1,5,99,5,1,40.0,0,N,MELB_URBAN,ROAD,11,17.0
40066,1,5,147,5,1,50.0,0,N,MELB_URBAN,STREET,11,15.0
40067,2,5,102,1,1,60.0,0,I,TOWNS,STREET,11,16.0
40068,6,5,170,5,1,100.0,0,N,RURAL_VICTORIA,ROAD,11,12.0
40069,6,5,170,5,1,100.0,0,N,RURAL_VICTORIA,ROAD,11,18.0
40070,1,5,110,1,1,50.0,0,I,MELB_URBAN,AVENUE,11,17.0
40071,2,5,99,2,1,40.0,0,I,MELB_URBAN,ROAD,11,16.0
40072,1,6,121,1,3,60.0,0,N,MELB_URBAN,ROAD,10,20.0
40073,1,5,130,5,1,60.0,0,N,MELB_URBAN,ROAD,11,17.0
40074,1,4,130,5,1,70.0,0,N,MELB_URBAN,ROAD,11,9.0
40075,1,2,130,5,1,60.0,0,N,MELB_URBAN,ROAD,11,17.0
40076,1,5,120,5,1,100.0,0,N,RURAL_VICTORIA,ROAD,11,18.0
40077,4,4,171,5,3,60.0,0,N,MELB_URBAN,ROAD,11,22.0
40078,1,5,113,2,3,50.0,0,I,MELB_URBAN,ROAD,11,21.0
40079,1,6,99,5,3,60.0,0,N,MELB_URBAN,STREET,11,3.0
40080,1,5,99,2,2,60.0,0,I,RURAL_VICTORIA,HIGHWAY,11,7.0
40081,1,3,130,5,2,70.0,0,I,MELB_URBAN,HIGHWAY,7,17.0
40082,4,6,171,5,2,50.0,0,N,MELB_URBAN,STREET,11,6.0
40083,4,6,181,5,2,100.0,0,N,RURAL_VICTORIA,HIGHWAY,11,6.0
40084,2,5,100,5,1,40.0,0,N,TOWNS,UNKNOWN,11,15.0
40085,1,6,130,5,2,100.0,0,N,MELB_URBAN,FREEWAY,11,6.0
40086,1,5,130,5,1,100.0,0,N,MELB_URBAN,FREEWAY,11,8.0
40087,1,6,130,2,1,80.0,0,I,MELB_URBAN,HIGHWAY,11,8.0
40088,1,4,121,1,1,80.0,0,I,MELB_URBAN,ROAD,11,13.0
40089,5,2,99,5,1,60.0,0,N,RURAL_VICTORIA,ROAD,11,11.0
40090,1,5,99,2,1,60.0,0,I,LARGE_PROVINCIAL_CITIES,ROAD,10,8.0
40091,1,5,163,5,1,60.0,0,N,MELB_URBAN,ROAD,11,12.0
40092,1,5,163,5,1,40.0,0,N,MELB_URBAN,ROAD,11,16.0
40093,1,4,99,5,1,70.0,0,N,MELB_URBAN,ROAD,11,16.0
40094,4,5,181,2,1,100.0,0,N,RURAL_VICTORIA,ROAD,11,17.0
40095,1,6,111,2,1,70.0,0,I,MELB_URBAN,ROAD,11,9.0
40096,5,1,99,5,1,60.0,0,N,RURAL_VICTORIA,OTHER,10,13.0
40097,9,6,99,2,1,60.0,0,I,MELB_URBAN,PARADE,8,15.0
40098,1,6,120,2,1,50.0,0,I,MELB_URBAN,STREET,11,7.0
40099,1,6,132,2,1,60.0,0,I,MELB_URBAN,ROAD,11,12.0
40100,1,6,99,5,1,50.0,0,N,MELB_URBAN,UNKNOWN,11,8.0
40101,1,5,130,5,2,40.0,0,N,MELB_URBAN,ROAD,11,7.0
40102,1,5,163,5,1,60.0,0,N,MELB_URBAN,ROAD,11,15.0
40103,1,6,116,1,1,70.0,0,I,SMALL_CITIES,PARADE,11,12.0
40104,1,6,113,2,1,80.0,0,I,MELB_URBAN,ROAD,11,9.0
40105,1,6,110,1,2,50.0,0,I,MELB_URBAN,AVENUE,11,6.0
40106,1,6,160,5,1,60.0,0,N,MELB_URBAN,STREET,11,12.0
40107,6,6,170,5,1,100.0,0,N,RURAL_VICTORIA,ROAD,11,13.0
40108,1,0,130,5,1,60.0,0,N,MELB_URBAN,ROAD,11,14.0
40109,1,6,113,1,1,60.0,0,I,MELB_URBAN,STREET,11,16.0
40110,2,5,99,5,1,40.0,0,N,MELB_URBAN,ROAD,11,10.0
40111,1,6,130,5,1,40.0,0,N,MELB_URBAN,STREET,11,15.0
40112,1,4,121,1,1,60.0,0,I,MELB_URBAN,BOULEVARD,11,14.0
40113,4,6,173,2,1,80.0,0,I,SMALL_TOWNS,ROAD,11,15.0
40114,1,6,120,5,2,60.0,0,N,RURAL_VICTORIA,OTHER,10,19.0
40115,4,6,173,5,1,80.0,0,N,MELB_URBAN,HIGHWAY,11,13.0
40116,1,6,110,1,1,100.0,0,I,RURAL_VICTORIA,HIGHWAY,11,15.0
40117,1,6,121,1,1,80.0,0,N,MELB_URBAN,ROAD,11,15.0
40118,8,3,99,4,2,70.0,0,I,MELB_URBAN,ROAD,11,19.0
40119,4,4,173,5,1,100.0,0,N,RURAL_VICTORIA,ROAD,11,14.0
40120,2,6,100,1,1,70.0,0,I,MELB_URBAN,ROAD,11,15.0
40121,1,6,121,1,2,60.0,0,I,MELB_URBAN,STREET,11,19.0
40122,1,6,99,5,1,60.0,0,N,MELB_URBAN,ROAD,11,15.0
40123,1,6,113,2,3,70.0,0,I,MELB_URBAN,DRIVE,11,21.0
40124,8,7,174,2,1,60.0,0,I,RURAL_VICTORIA,ROAD,11,15.0
40125,6,5,174,5,2,100.0,0,N,RURAL_VICTORIA,ROAD,11,19.0
40126,1,6,121,1,3,70.0,0,I,RURAL_VICTORIA,ROAD,11,21.0
40127,2,6,102,4,3,60.0,0,N,MELB_URBAN,ROAD,11,23.0
40128,1,6,121,1,1,60.0,0,I,MELB_URBAN,STREET,11,18.0
40129,4,6,99,6,1,50.0,0,N,MELB_URBAN,OTHER,11,17.0
40130,2,6,100,1,1,40.0,0,I,MELB_URBAN,ROAD,11,16.0
40131,1,7,110,1,3,50.0,0,I,MELB_URBAN,STREET,11,0.0
40132,4,7,171,5,3,80.0,0,N,LARGE_PROVINCIAL_CITIES,ROAD,11,1.0
40133,4,7,171,5,3,60.0,0,N,LARGE_PROVINCIAL_CITIES,STREET,11,4.0
40134,4,7,173,5,5,110.0,0,N,RURAL_VICTORIA,FREEWAY,11,3.0
40135,1,7,160,5,3,50.0,0,N,MELB_URBAN,STREET,11,3.0
40136,4,6,181,5,1,80.0,0,N,RURAL_VICTORIA,ROAD,11,18.0
40137,4,7,99,2,1,60.0,0,I,MELB_URBAN,ROAD,11,9.0
40138,8,3,174,1,9,60.0,0,I,MELB_URBAN,STREET,11,16.0
40139,1,7,121,5,1,60.0,0,N,MELB_URBAN,ROAD,11,12.0
40140,1,7,120,5,1,100.0,0,N,SMALL_TOWNS,ROAD,11,10.0
40141,4,7,183,5,1,100.0,0,N,RURAL_VICTORIA,ROAD,11,13.0
40142,1,6,116,2,1,60.0,0,I,MELB_URBAN,ROAD,11,15.0
40143,1,7,110,1,1,50.0,0,I,TOWNS,STREET,11,12.0
40144,1,7,130,5,1,70.0,0,N,MELB_URBAN,RAMP,11,17.0
40145,1,3,130,5,1,80.0,0,N,MELB_URBAN,ROAD,4,16.0
40146,1,7,121,2,1,50.0,0,I,MELB_URBAN,OTHER,11,10.0
40147,1,7,140,5,1,60.0,0,N,LARGE_PROVINCIAL_CITIES,STREET,11,16.0
40148,1,7,113,1,1,60.0,0,I,MELB_URBAN,STREET,11,17.0
40149,4,7,171,5,1,100.0,0,N,RURAL_VICTORIA,ROAD,11,10.0
40150,2,7,99,2,1,60.0,0,I,MELB_URBAN,STREET,11,15.0
40151,4,7,171,5,3,60.0,0,N,LARGE_PROVINCIAL_CITIES,ROAD,11,20.0
40152,4,7,171,5,3,60.0,0,N,MELB_URBAN,HIGHWAY,11,20.0
40153,4,7,171,9,3,60.0,0,N,MELB_URBAN,ROAD,11,21.0
40154,1,7,121,2,3,50.0,0,I,LARGE_PROVINCIAL_CITIES,STREET,11,22.0
40155,2,6,99,5,5,60.0,0,N,SMALL_TOWNS,DRIVE,11,23.0
40156,1,7,99,1,3,60.0,0,I,MELB_URBAN,ROAD,11,21.0
40157,4,7,171,2,5,110.0,0,I,RURAL_VICTORIA,HIGHWAY,11,22.0
40158,4,7,183,5,5,60.0,0,N,RURAL_VICTORIA,ROAD,11,20.0
40159,1,7,147,5,3,70.0,0,N,MELB_URBAN,ROAD,11,21.0
40160,4,1,173,5,3,60.0,0,N,MELB_URBAN,ROAD,11,0.0
40161,4,1,183,5,5,100.0,0,N,RURAL_VICTORIA,HIGHWAY,11,1.0
40162,1,1,120,5,3,50.0,0,N,MELB_URBAN,BOULEVARD,11,0.0
40163,1,1,121,2,2,60.0,0,I,MELB_URBAN,ROAD,11,7.0
40164,4,1,171,5,1,50.0,0,N,MELB_URBAN,ROAD,11,8.0
40165,4,7,183,5,1,100.0,0,N,RURAL_VICTORIA,ROAD,11,16.0
40166,4,1,181,5,1,100.0,0,N,MELB_URBAN,FREEWAY,11,8.0
40167,1,4,113,2,1,60.0,0,I,LARGE_PROVINCIAL_CITIES,ROAD,11,18.0
40168,4,1,173,1,1,60.0,0,N,MELB_URBAN,ROAD,11,10.0
40169,6,1,99,5,1,50.0,0,N,TOWNS,AVENUE,11,9.0
40170,1,1,120,5,1,70.0,0,N,RURAL_VICTORIA,ROAD,11,10.0
40171,1,0,110,1,1,70.0,0,I,MELB_URBAN,ROAD,11,11.0
40172,8,1,99,5,1,40.0,0,N,MELB_URBAN,ROAD,11,9.0
40173,1,0,132,5,1,80.0,0,N,SMALL_CITIES,ROAD,11,11.0
40174,1,7,130,5,3,100.0,0,N,MELB_URBAN,RAMP,11,21.0
40175,1,0,121,1,1,50.0,0,I,MELB_URBAN,STREET,11,13.0
40176,4,1,181,5,1,80.0,0,N,RURAL_VICTORIA,AVENUE,11,12.0
40177,2,3,99,5,9,60.0,0,N,MELB_URBAN,STREET,11,20.0
40178,1,5,113,2,1,50.0,0,I,MELB_URBAN,AVENUE,11,17.0
40179,8,1,174,4,1,60.0,0,I,RURAL_VICTORIA,ROAD,11,10.0
40180,1,1,140,5,1,50.0,0,N,TOWNS,STREET,11,16.0
40181,6,1,99,1,3,50.0,0,I,LARGE_PROVINCIAL_CITIES,STREET,11,4.0
40182,1,1,99,2,1,60.0,0,I,MELB_URBAN,UNKNOWN,11,16.0
40183,1,1,121,1,3,70.0,0,I,MELB_URBAN,ROAD,11,22.0
40184,1,0,130,5,1,60.0,0,N,MELB_URBAN,ROAD,11,17.0
40185,1,1,120,5,1,60.0,0,N,TOWNS,ROAD,11,16.0
40186,1,0,99,6,1,50.0,0,N,MELB_URBAN,ROAD,11,18.0
40187,1,1,121,1,1,60.0,0,I,MELB_URBAN,ROAD,11,15.0
40188,2,1,99,5,1,50.0,1,N,MELB_URBAN,OTHER,11,17.0
40189,1,1,111,1,1,60.0,0,I,MELB_URBAN,STREET,11,15.0
40190,1,0,116,2,1,50.0,0,I,MELB_URBAN,STREET,11,16.0
40191,4,1,173,1,2,60.0,0,I,MELB_URBAN,STREET,11,19.0
40192,6,0,170,5,5,50.0,0,N,RURAL_VICTORIA,ROAD,11,22.0
40193,1,7,133,5,5,80.0,0,N,MELB_URBAN,ROAD,11,23.0
40194,1,7,99,5,3,50.0,0,N,MELB_URBAN,ROAD,11,3.0
40195,4,1,173,2,3,80.0,0,I,MELB_URBAN,ROAD,11,22.0
40196,5,1,99,5,3,60.0,0,N,MELB_URBAN,OTHER,11,21.0
40197,2,2,102,5,2,60.0,0,N,MELB_URBAN,ROAD,10,7.0
40198,1,2,120,5,2,100.0,0,N,RURAL_VICTORIA,ROAD,11,5.0
40199,1,2,130,5,2,80.0,0,N,MELB_URBAN,HIGHWAY,11,6.0
40200,1,2,130,5,2,100.0,0,N,RURAL_VICTORIA,HIGHWAY,11,6.0
40201,1,1,147,5,1,40.0,0,N,MELB_URBAN,STREET,11,12.0
40202,1,7,132,2,1,60.0,0,I,SMALL_CITIES,STREET,11,16.0
40203,1,2,132,2,2,60.0,0,I,MELB_URBAN,ROAD,11,7.0
40204,8,0,184,5,1,100.0,0,N,RURAL_VICTORIA,OTHER,11,13.0
40205,1,1,121,5,2,60.0,0,N,MELB_URBAN,STREET,11,7.0
40206,8,5,174,5,1,60.0,0,N,RURAL_VICTORIA,OTHER,11,11.0
40207,1,2,130,1,1,80.0,0,I,SMALL_CITIES,HIGHWAY,11,11.0
40208,1,4,130,5,9,60.0,0,N,MELB_URBAN,ROAD,11,9.0
40209,1,2,110,1,1,50.0,0,I,LARGE_PROVINCIAL_CITIES,STREET,11,9.0
40210,1,2,110,1,1,60.0,0,I,LARGE_PROVINCIAL_CITIES,STREET,11,9.0
40211,1,0,130,4,3,60.0,0,I,MELB_URBAN,RAMP,11,1.0
40212,1,4,130,1,2,80.0,0,I,MELB_URBAN,ROAD,10,18.0
40213,1,2,140,5,1,60.0,0,N,MELBOURNE_CBD,STREET,11,12.0
40214,4,1,181,5,1,90.0,0,N,RURAL_VICTORIA,ROAD,11,12.0
40215,8,7,170,2,1,60.0,0,N,RURAL_VICTORIA,OTHER,11,12.0
40216,1,5,130,2,2,60.0,0,I,LARGE_PROVINCIAL_CITIES,STREET,10,18.0
40217,1,2,134,5,1,40.0,0,N,MELBOURNE_CBD,STREET,11,10.0
40218,1,2,163,5,9,40.0,0,N,MELB_URBAN,STREET,11,9.0
40219,8,1,99,5,1,60.0,0,N,RURAL_VICTORIA,OTHER,11,11.0
40220,4,2,171,5,1,100.0,0,N,SMALL_TOWNS,FREEWAY,11,11.0
40221,1,2,130,5,1,80.0,1,N,MELB_URBAN,UNKNOWN,11,8.0
40222,1,2,111,2,1,100.0,0,I,RURAL_VICTORIA,ROAD,11,10.0
40223,4,2,173,5,1,100.0,0,N,RURAL_VICTORIA,ROAD,11,10.0
40224,1,5,110,1,2,80.0,0,I,RURAL_VICTORIA,HIGHWAY,10,18.0
40225,2,2,102,5,1,80.0,0,N,MELB_URBAN,ROAD,11,9.0
40226,8,6,174,9,1,60.0,0,N,RURAL_VICTORIA,OTHER,11,11.0
40227,1,4,147,2,1,60.0,0,I,MELB_URBAN,ROAD,9,12.0
40228,6,2,170,5,1,100.0,0,N,RURAL_VICTORIA,HIGHWAY,11,12.0
40229,1,2,130,5,1,60.0,0,N,MELB_URBAN,ROAD,11,14.0
40230,1,1,130,5,1,100.0,0,N,RURAL_VICTORIA,FREEWAY,11,13.0
40231,1,2,99,5,1,100.0,1,N,MELB_URBAN,FREEWAY,11,13.0
40232,1,6,130,2,9,60.0,0,I,MELB_URBAN,ROAD,9,16.0
40233,1,2,130,5,1,100.0,0,I,MELB_URBAN,FREEWAY,11,12.0
40234,1,2,121,1,1,60.0,0,I,MELB_URBAN,ROAD,11,17.0
40235,1,6,130,5,1,100.0,0,N,MELB_URBAN,RAMP,11,17.0
40236,2,1,100,2,1,60.0,0,N,MELB_URBAN,ROAD,11,18.0
40237,1,4,121,5,1,60.0,0,N,MELB_URBAN,ROAD,11,17.0
40238,1,2,110,1,1,80.0,0,I,MELB_URBAN,ROAD,11,17.0
40239,1,5,130,5,1,60.0,0,N,MELB_URBAN,STREET,11,12.0
40240,1,2,160,5,3,60.0,0,N,MELB_URBAN,AVENUE,11,21.0
40241,6,3,170,5,5,110.0,0,N,RURAL_VICTORIA,FREEWAY,11,2.0
40242,1,6,110,1,3,60.0,0,I,MELB_URBAN,ROAD,11,20.0
40243,1,4,132,2,1,60.0,0,I,LARGE_PROVINCIAL_CITIES,ROAD,10,11.0
40244,1,4,113,2,9,60.0,0,I,MELB_URBAN,UNKNOWN,10,18.0
40245,1,1,130,5,1,100.0,0,N,MELB_URBAN,FREEWAY,9,15.0
40246,1,2,120,5,1,50.0,0,N,MELB_URBAN,AVENUE,11,15.0
40247,8,3,174,5,1,40.0,0,N,MELB_URBAN,ROAD,11,9.0
40248,1,3,110,1,1,40.0,0,I,MELB_URBAN,STREET,11,9.0
40249,1,3,140,5,1,70.0,0,N,MELB_URBAN,ROAD,11,8.0
40250,8,6,174,2,1,60.0,0,I,MELB_URBAN,ROAD,11,9.0
40251,8,1,174,5,3,60.0,0,N,MELB_URBAN,ROAD,8,1.0
40252,1,7,130,1,1,60.0,0,I,LARGE_PROVINCIAL_CITIES,STREET,11,11.0
40253,4,3,173,5,1,100.0,0,N,RURAL_VICTORIA,ROAD,11,9.0
40254,2,3,99,5,1,50.0,0,N,MELB_URBAN,ROAD,11,8.0
40255,4,3,173,2,1,50.0,0,I,MELB_URBAN,UNKNOWN,11,8.0
40256,1,6,99,5,1,40.0,0,N,MELB_URBAN,ROAD,11,8.0
40257,8,1,174,5,1,60.0,0,N,MELB_URBAN,STREET,11,18.0
40258,1,3,130,2,1,60.0,0,I,MELB_URBAN,ROAD,11,12.0
40259,4,3,173,5,1,80.0,0,N,RURAL_VICTORIA,ROAD,11,10.0
40260,1,2,99,5,2,60.0,0,N,MELB_URBAN,PARADE,11,7.0
40261,1,3,120,5,1,100.0,0,N,RURAL_VICTORIA,ROAD,11,11.0
40262,1,3,130,5,1,60.0,0,N,MELB_URBAN,ROAD,11,9.0
40263,1,3,132,2,1,60.0,0,I,MELB_URBAN,ROAD,11,9.0
40264,4,3,171,5,1,100.0,0,N,RURAL_VICTORIA,ROAD,11,8.0
40265,1,3,130,5,1,60.0,0,I,MELB_URBAN,ROAD,11,14.0
40266,8,3,174,5,2,60.0,0,N,MELB_URBAN,BOULEVARD,11,5.0
40267,8,3,99,5,1,100.0,0,N,RURAL_VICTORIA,ROAD,10,14.0
40268,4,2,171,5,5,100.0,0,N,RURAL_VICTORIA,HIGHWAY,11,22.0
40269,1,3,121,2,1,60.0,0,I,MELB_URBAN,ROAD,11,14.0
40270,1,3,130,5,1,80.0,0,N,MELB_URBAN,ROAD,11,14.0
40271,1,3,113,2,1,80.0,0,I,RURAL_VICTORIA,ROAD,11,13.0
40272,4,1,173,5,1,60.0,0,N,RURAL_VICTORIA,ROAD,11,11.0
40273,8,2,174,5,1,50.0,0,N,MELB_URBAN,STREET,11,17.0
40274,1,3,121,2,2,70.0,0,I,MELB_URBAN,ROAD,11,18.0
40275,1,3,99,2,1,70.0,0,I,MELB_URBAN,ROAD,11,18.0
40276,2,3,102,5,1,40.0,0,N,MELB_URBAN,STREET,11,16.0
40277,6,3,99,5,1,100.0,0,N,RURAL_VICTORIA,ROAD,11,17.0
40278,1,3,130,5,1,90.0,0,N,MELB_URBAN,ROAD,11,15.0
40279,1,3,120,5,3,70.0,0,N,MELB_URBAN,HIGHWAY,11,20.0
40280,1,7,147,5,2,60.0,0,N,MELB_URBAN,ROAD,10,18.0
40281,1,3,99,2,1,60.0,0,I,SMALL_CITIES,AVENUE,11,17.0
40282,8,3,174,1,1,60.0,0,I,MELB_URBAN,ROAD,11,11.0
40283,4,3,183,2,3,50.0,0,I,SMALL_CITIES,OTHER,11,22.0
40284,4,4,183,5,2,100.0,0,N,RURAL_VICTORIA,HIGHWAY,11,6.0
40285,6,3,99,5,1,100.0,0,N,RURAL_VICTORIA,HIGHWAY,11,9.0
40286,1,4,130,2,1,80.0,0,I,MELB_URBAN,ROAD,11,14.0
40287,1,4,140,2,2,60.0,0,I,MELB_URBAN,AVENUE,11,7.0
40288,1,2,130,5,2,100.0,0,N,MELB_URBAN,FREEWAY,11,7.0
40289,2,3,102,5,1,60.0,0,N,MELB_URBAN,STREET,11,13.0
40290,1,1,163,5,1,50.0,0,N,LARGE_PROVINCIAL_CITIES,STREET,11,18.0
40291,1,4,160,2,1,50.0,0,I,MELB_URBAN,STREET,11,8.0
40292,5,7,99,5,1,60.0,0,N,RURAL_VICTORIA,OTHER,11,11.0
40293,1,3,130,4,1,80.0,0,I,MELB_URBAN,HIGHWAY,11,8.0
40294,1,0,116,2,1,60.0,0,I,MELB_URBAN,ROAD,10,9.0
40295,1,4,116,2,1,60.0,0,I,MELB_URBAN,ROAD,11,9.0
40296,2,4,100,1,1,60.0,0,I,MELB_URBAN,ROAD,11,11.0
40297,1,4,110,1,1,60.0,0,I,MELB_URBAN,ROAD,11,11.0
40298,8,4,170,5,2,80.0,0,N,MELB_URBAN,STREET,11,7.0
40299,1,6,110,1,1,60.0,0,I,MELB_URBAN,STREET,10,9.0
40300,1,4,121,2,1,80.0,0,I,MELB_URBAN,ROAD,11,10.0
40301,1,4,113,2,9,60.0,0,I,MELB_URBAN,ROAD,9,8.0
40302,2,4,100,5,1,50.0,0,N,MELB_URBAN,STREET,11,14.0
40303,4,6,171,5,1,70.0,0,N,MELB_URBAN,ROAD,11,15.0
40304,1,4,147,5,1,40.0,0,N,MELB_URBAN,OTHER,11,9.0
40305,1,4,120,5,1,60.0,0,N,SMALL_TOWNS,ROAD,11,13.0
40306,1,4,121,2,1,70.0,0,I,MELB_URBAN,STREET,11,14.0
40307,1,2,130,5,1,60.0,0,N,MELB_URBAN,STREET,11,16.0
40308,1,4,130,5,1,80.0,0,N,MELB_URBAN,RAMP,11,13.0
40309,1,3,120,5,1,100.0,0,N,RURAL_VICTORIA,ROAD,11,11.0
40310,1,3,130,1,1,40.0,0,I,MELB_URBAN,ROAD,11,15.0
40311,1,4,120,5,1,60.0,0,N,MELB_URBAN,ROAD,11,15.0
40312,4,4,173,5,1,100.0,0,N,RURAL_VICTORIA,ROAD,11,15.0
40313,1,3,130,2,1,50.0,0,I,MELB_URBAN,STREET,11,8.0
40314,1,4,130,5,1,60.0,0,N,MELB_URBAN,ROAD,11,15.0
40315,1,5,121,2,2,70.0,0,I,MELB_URBAN,ROAD,11,7.0
40316,8,4,174,2,1,40.0,0,I,MELB_URBAN,STREET,11,17.0
40317,1,3,120,5,1,100.0,0,N,RURAL_VICTORIA,HIGHWAY,11,15.0
40318,2,4,99,5,1,60.0,0,N,MELB_URBAN,ROAD,11,17.0
40319,1,3,135,5,1,50.0,0,N,LARGE_PROVINCIAL_CITIES,ROAD,10,13.0
40320,8,6,174,2,2,50.0,0,I,MELB_URBAN,OTHER,11,19.0
40321,8,1,99,5,1,60.0,0,N,RURAL_VICTORIA,ROAD,11,17.0
40322,1,4,130,5,1,80.0,0,N,MELB_URBAN,ROAD,11,16.0