,accident_type,day_of_week,dca_code,road_geometry,light_condition,speed_zone,severity,node_type,deg_urban_name,road_type,month,hour
40323,1,4,120,5,1,50.0,0,N,MELB_URBAN,BOULEVARD,11,18.0
40324,4,3,171,5,1,100.0,0,N,LARGE_PROVINCIAL_CITIES,ROAD,11,11.0
40325,1,4,130,5,2,100.0,0,N,MELB_URBAN,FREEWAY,11,6.0
40326,2,2,100,1,1,50.0,0,I,SMALL_CITIES,STREET,11,11.0
40327,1,7,130,1,1,60.0,0,I,MELB_URBAN,ROAD,9,15.0
40328,1,3,111,1,1,70.0,0,I,MELB_URBAN,ROAD,11,8.0
40329,4,4,171,5,1,80.0,0,N,MELB_URBAN,ROAD,11,13.0
40330,1,1,130,2,1,60.0,0,I,MELB_URBAN,ROAD,11,12.0
40331,6,1,99,5,1,60.0,0,N,RURAL_VICTORIA,OTHER,9,11.0
40332,1,5,130,5,2,100.0,0,N,MELB_URBAN,FREEWAY,11,6.0
40333,4,6,183,5,1,100.0,0,N,RURAL_VICTORIA,HIGHWAY,10,8.0
40334,1,5,121,4,2,60.0,0,N,TOWNS,STREET,11,7.0
40335,4,5,173,5,2,80.0,0,N,RURAL_VICTORIA,ROAD,11,6.0
40336,1,5,130,5,1,60.0,0,N,MELB_URBAN,ROAD,11,8.0
40337,1,5,99,5,1,50.0,0,N,LARGE_PROVINCIAL_CITIES,STREET,11,8.0
40338,1,6,99,5,1,50.0,0,N,MELB_URBAN,STREET,11,12.0
40339,1,5,120,5,2,100.0,0,N,RURAL_VICTORIA,ROAD,11,7.0
40340,2,5,102,2,1,60.0,0,I,MELB_URBAN,STREET,11,8.0
40341,4,5,171,5,5,100.0,0,N,RURAL_VICTORIA,HIGHWAY,7,1.0
40342,1,5,99,5,1,40.0,0,N,MELB_URBAN,ROAD,11,8.0
40343,1,5,147,5,1,60.0,0,N,MELB_URBAN,OTHER,11,8.0
40344,2,4,102,5,1,60.0,0,N,MELB_URBAN,ROAD,11,14.0
40345,2,5,100,1,1,40.0,0,I,MELB_URBAN,STREET,11,11.0
40346,1,5,130,5,1,60.0,0,N,MELB_URBAN,ROAD,11,9.0
40347,1,1,140,5,1,60.0,0,N,MELB_URBAN,ROAD,10,15.0
40348,1,3,121,5,1,60.0,0,N,MELB_URBAN,ROAD,11,16.0
40349,1,4,113,2,1,80.0,0,I,RURAL_VICTORIA,ROAD,11,11.0
40350,8,1,174,9,1,60.0,0,N,RURAL_VICTORIA,ROAD,10,13.0
40351,4,5,183,5,5,100.0,0,N,RURAL_VICTORIA,ROAD,11,0.0
40352,4,5,181,2,1,100.0,0,I,RURAL_VICTORIA,ROAD,11,13.0
40353,6,7,170,5,1,60.0,0,N,RURAL_VICTORIA,ROAD,11,16.0
40354,1,5,160,5,1,60.0,0,N,LARGE_PROVINCIAL_CITIES,STREET,11,12.0
40355,1,5,121,2,1,60.0,0,I,MELB_URBAN,ROAD,11,12.0
40356,1,5,121,5,1,50.0,0,N,MELB_URBAN,DRIVE,11,13.0
40357,1,5,147,5,1,50.0,0,N,SMALL_CITIES,STREET,11,15.0
40358,1,6,130,1,1,80.0,0,I,RURAL_VICTORIA,HIGHWAY,10,14.0
40359,1,5,99,5,1,80.0,0,N,RURAL_VICTORIA,ROAD,11,15.0
40360,1,5,111,2,1,60.0,0,I,TOWNS,ROAD,11,15.0
40361,1,5,160,5,1,50.0,0,N,SMALL_CITIES,OTHER,11,15.0
40362,1,5,120,5,1,60.0,0,N,MELB_URBAN,ROAD,11,15.0
40363,1,5,135,5,1,70.0,0,N,MELB_URBAN,AVENUE,11,15.0
40364,1,5,110,1,1,50.0,0,I,MELB_URBAN,STREET,11,16.0
40365,1,5,130,5,2,60.0,0,I,MELB_URBAN,STREET,11,7.0
40366,1,5,110,1,1,60.0,0,I,SMALL_CITIES,AVENUE,11,18.0
40367,8,5,174,5,1,80.0,0,N,LARGE_PROVINCIAL_CITIES,STREET,11,17.0
40368,4,5,173,5,1,80.0,0,N,MELB_URBAN,ROAD,11,16.0
40369,1,5,130,4,1,40.0,0,I,MELB_URBAN,STREET,11,18.0
40370,1,2,130,2,1,60.0,0,I,LARGE_PROVINCIAL_CITIES,STREET,11,8.0
40371,1,3,110,1,2,60.0,0,I,SMALL_CITIES,STREET,11,19.0
40372,1,5,110,1,1,50.0,0,I,TOWNS,STREET,11,12.0
40373,1,5,111,2,1,60.0,0,I,LARGE_PROVINCIAL_CITIES,STREET,11,16.0
40374,1,5,121,1,2,40.0,0,I,MELB_URBAN,STREET,11,19.0
40375,4,4,173,5,2,80.0,0,N,RURAL_VICTORIA,ROAD,11,19.0
40376,1,5,130,2,1,80.0,0,N,MELB_URBAN,HIGHWAY,11,18.0
40377,1,4,110,1,1,80.0,0,I,RURAL_VICTORIA,ROAD,10,14.0
40378,4,5,171,3,6,80.0,0,I,TOWNS,STREET,11,20.0
40379,1,6,99,5,1,100.0,0,N,MELB_URBAN,ROAD,11,14.0
40380,4,5,181,5,1,80.0,0,N,RURAL_VICTORIA,ROAD,11,17.0
40381,1,6,110,1,3,50.0,0,I,MELB_URBAN,STREET,11,0.0
40382,4,6,171,5,3,40.0,0,N,MELB_URBAN,STREET,11,2.0
40383,6,6,170,5,3,80.0,0,N,MELB_URBAN,HIGHWAY,11,3.0
40384,1,5,121,2,2,50.0,0,I,MELB_URBAN,STREET,11,7.0
40385,6,6,99,2,3,60.0,0,I,RURAL_VICTORIA,ROAD,11,0.0
40386,4,6,181,5,5,100.0,0,N,RURAL_VICTORIA,HIGHWAY,11,4.0
40387,1,6,160,5,3,50.0,0,N,MELB_URBAN,STREET,11,0.0
40388,1,3,133,5,6,50.0,0,N,MELB_URBAN,STREET,11,2.0
40389,1,6,130,1,1,60.0,0,I,MELB_URBAN,PARADE,11,6.0
40390,6,5,174,2,2,60.0,0,I,MELB_URBAN,ROAD,11,17.0
40391,1,5,130,5,1,60.0,0,N,LARGE_PROVINCIAL_CITIES,ROAD,11,17.0
40392,2,6,102,2,1,40.0,0,I,MELB_URBAN,STREET,11,9.0
40393,4,6,181,5,1,100.0,0,N,RURAL_VICTORIA,HIGHWAY,11,8.0
40394,4,5,171,5,1,80.0,0,N,MELB_URBAN,ROAD,11,18.0
40395,1,6,113,2,1,80.0,0,I,RURAL_VICTORIA,ROAD,11,9.0
40396,2,2,99,5,1,40.0,0,N,MELB_URBAN,ROAD,10,14.0
40397,1,5,130,4,1,60.0,0,I,MELB_URBAN,RAMP,11,11.0
40398,1,5,99,5,1,60.0,0,N,MELB_URBAN,ROAD,11,17.0
40399,8,1,174,5,1,60.0,0,N,TOWNS,HIGHWAY,8,13.0
40400,6,1,174,1,2,60.0,0,I,MELB_URBAN,PARADE,11,20.0
40401,1,7,110,1,1,60.0,0,I,MELB_URBAN,ROAD,11,11.0
40402,1,6,110,1,1,40.0,0,I,SMALL_CITIES,DRIVE,11,9.0
40403,1,6,160,5,1,60.0,0,N,MELB_URBAN,ROAD,11,10.0
40404,1,1,99,2,1,50.0,0,I,MELB_URBAN,STREET,11,15.0
40405,6,1,99,5,1,60.0,0,N,RURAL_VICTORIA,ROAD,11,11.0
40406,1,6,130,5,1,60.0,0,N,MELB_URBAN,STREET,11,14.0
40407,1,6,121,2,1,60.0,0,I,MELB_URBAN,STREET,11,8.0
40408,1,5,130,2,1,60.0,0,I,MELB_URBAN,ROAD,11,12.0
40409,2,5,99,1,1,40.0,0,I,MELB_URBAN,STREET,11,13.0
40410,1,6,130,2,1,80.0,0,I,MELB_URBAN,HIGHWAY,11,12.0
40411,1,6,99,5,1,60.0,0,N,MELB_URBAN,ROAD,11,14.0
40412,6,6,170,5,1,100.0,0,N,MELB_URBAN,FREEWAY,11,15.0
40413,1,6,130,1,1,80.0,0,I,MELB_URBAN,ROAD,11,13.0
40414,4,1,183,5,1,100.0,0,N,RURAL_VICTORIA,ROAD,11,16.0
40415,2,6,100,1,1,50.0,0,I,MELB_URBAN,STREET,11,16.0
40416,4,6,171,5,1,100.0,0,N,RURAL_VICTORIA,ROAD,11,15.0
40417,1,6,113,2,1,90.0,0,I,RURAL_VICTORIA,HIGHWAY,11,16.0
40418,1,6,130,5,1,70.0,0,N,MELB_URBAN,ROAD,11,16.0
40419,4,6,183,5,1,100.0,0,N,RURAL_VICTORIA,ROAD,11,13.0
40420,1,6,121,1,1,60.0,0,I,MELB_URBAN,ROAD,11,15.0
40421,1,6,130,5,1,100.0,0,N,RURAL_VICTORIA,HIGHWAY,11,14.0
40422,1,6,110,1,1,60.0,0,I,SMALL_CITIES,STREET,11,15.0
40423,1,6,130,5,1,100.0,0,N,MELB_URBAN,FREEWAY,11,18.0
40424,4,6,171,5,1,60.0,0,N,MELB_URBAN,FREEWAY,11,15.0
40425,1,5,130,5,1,60.0,0,N,MELB_URBAN,ROAD,12,16.0
40426,1,6,130,5,1,100.0,0,N,MELB_URBAN,FREEWAY,11,18.0
40427,1,6,147,5,1,50.0,0,N,MELB_URBAN,AVENUE,11,15.0
40428,1,5,130,5,1,80.0,0,N,MELB_URBAN,HIGHWAY,11,17.0
40429,1,6,133,1,1,60.0,0,I,MELB_URBAN,OTHER,11,15.0
40430,6,6,174,5,1,60.0,0,N,RURAL_VICTORIA,OTHER,11,14.0
40431,1,6,99,5,1,50.0,0,N,LARGE_PROVINCIAL_CITIES,STREET,11,16.0
40432,1,6,160,5,2,60.0,0,N,TOWNS,STREET,11,20.0
40433,6,5,99,2,3,60.0,0,I,RURAL_VICTORIA,ROAD,11,22.0
40434,4,6,171,5,5,100.0,0,N,RURAL_VICTORIA,ROAD,11,21.0
40435,6,7,170,5,1,60.0,0,N,SMALL_CITIES,ROAD,11,12.0
40436,2,6,100,2,1,70.0,0,I,MELB_URBAN,ROAD,11,8.0
40437,1,5,147,3,1,70.0,0,I,MELB_URBAN,ROAD,11,15.0
40438,8,7,184,5,1,100.0,0,N,RURAL_VICTORIA,ROAD,11,11.0
40439,1,7,99,2,1,60.0,0,I,MELB_URBAN,STREET,11,10.0
40440,1,7,130,2,1,60.0,0,I,LARGE_PROVINCIAL_CITIES,ROAD,11,11.0
40441,4,7,171,5,1,50.0,0,N,MELB_URBAN,OTHER,11,10.0
40442,1,7,132,5,1,100.0,0,N,RURAL_VICTORIA,HIGHWAY,11,12.0
40443,1,6,130,5,1,60.0,0,N,LARGE_PROVINCIAL_CITIES,OTHER,11,13.0
40444,8,5,174,2,1,60.0,0,I,MELB_URBAN,ROAD,11,18.0
40445,1,7,110,1,1,50.0,0,I,MELB_URBAN,STREET,11,11.0
40446,1,7,111,1,1,80.0,0,I,MELB_URBAN,STREET,11,13.0
40447,1,7,130,5,1,60.0,0,N,MELB_URBAN,ROAD,11,13.0
40448,1,6,130,5,3,60.0,0,N,MELB_URBAN,ROAD,11,21.0
40449,1,5,121,1,1,60.0,0,I,LARGE_PROVINCIAL_CITIES,STREET,11,8.0
40450,1,7,110,1,1,100.0,0,I,RURAL_VICTORIA,HIGHWAY,11,13.0
40451,4,7,183,5,1,100.0,0,N,RURAL_VICTORIA,ROAD,11,12.0
40452,6,7,99,5,1,100.0,0,N,RURAL_VICTORIA,AVENUE,11,10.0
40453,4,6,173,5,1,100.0,0,N,RURAL_VICTORIA,ROAD,11,18.0
40454,2,7,102,2,1,60.0,0,I,MELB_URBAN,ROAD,11,14.0
40455,1,7,132,1,1,40.0,0,I,MELB_URBAN,STREET,11,14.0
40456,1,7,113,2,1,40.0,0,I,MELB_URBAN,STREET,11,17.0
40457,4,7,171,5,1,60.0,0,N,MELB_URBAN,ROAD,11,18.0
40458,1,7,130,1,1,70.0,0,N,MELB_URBAN,ROAD,11,16.0
40459,1,2,132,5,1,60.0,0,N,MELB_URBAN,BOULEVARD,10,9.0
40460,1,7,113,3,1,80.0,0,I,SMALL_TOWNS,ROAD,11,8.0
40461,8,6,99,5,3,50.0,0,N,SMALL_CITIES,OTHER,11,21.0
40462,1,6,110,1,2,80.0,0,I,MELB_URBAN,ROAD,11,19.0
40463,1,6,130,1,9,60.0,0,I,MELB_URBAN,HIGHWAY,11,10.0
40464,1,7,132,1,3,60.0,0,I,MELB_URBAN,ROAD,11,0.0
40465,1,2,111,2,2,50.0,0,I,MELB_URBAN,STREET,1,18.0
40466,4,7,173,5,1,100.0,0,N,RURAL_VICTORIA,ROAD,11,18.0
40467,1,7,121,2,2,60.0,0,I,MELB_URBAN,STREET,11,19.0
40468,1,6,132,1,1,60.0,0,I,MELB_URBAN,STREET,11,10.0
40469,1,7,140,5,1,60.0,0,N,MELB_URBAN,AVENUE,11,18.0
40470,1,5,130,2,1,60.0,0,I,RURAL_VICTORIA,ROAD,11,18.0
40471,1,7,121,1,1,50.0,0,I,MELB_URBAN,STREET,11,15.0
40472,1,6,121,1,3,80.0,0,I,MELB_URBAN,ROAD,11,23.0
40473,8,3,184,5,9,60.0,0,N,RURAL_VICTORIA,ROAD,11,17.0
40474,1,7,113,2,1,60.0,0,I,MELB_URBAN,ROAD,11,16.0
40475,4,7,171,5,5,100.0,0,N,RURAL_VICTORIA,HIGHWAY,11,22.0
40476,4,7,183,5,3,50.0,0,N,MELB_URBAN,STREET,11,20.0
40477,1,1,121,2,3,60.0,0,N,MELB_URBAN,ROAD,11,1.0
40478,4,1,99,5,3,60.0,0,N,MELB_URBAN,HIGHWAY,11,2.0
40479,6,6,99,5,1,100.0,0,N,RURAL_VICTORIA,ROAD,11,17.0
40480,4,6,99,5,1,40.0,0,N,LARGE_PROVINCIAL_CITIES,OTHER,10,15.0
40481,2,6,99,5,1,60.0,0,N,MELB_URBAN,DRIVE,11,17.0
40482,6,2,99,5,1,60.0,0,N,MELB_URBAN,ROAD,11,9.0
40483,4,1,173,5,2,60.0,0,N,MELB_URBAN,STREET,11,7.0
40484,1,1,147,5,1,60.0,0,N,SMALL_CITIES,BOULEVARD,11,10.0
40485,8,7,174,2,1,50.0,0,I,MELB_URBAN,STREET,10,11.0
40486,1,1,130,1,2,80.0,0,I,MELB_URBAN,ROAD,11,6.0
40487,1,0,121,1,1,70.0,0,N,MELB_URBAN,AVENUE,11,8.0
40488,1,4,99,5,9,50.0,0,N,MELBOURNE_CBD,STREET,11,17.0
40489,1,7,147,5,1,60.0,0,N,TOWNS,STREET,11,15.0
40490,1,1,99,5,1,90.0,0,N,RURAL_VICTORIA,ROAD,11,8.0
40491,1,1,99,5,1,60.0,0,N,RURAL_VICTORIA,ROAD,11,9.0
40492,1,1,130,2,1,70.0,0,I,MELB_URBAN,ROAD,10,10.0
40493,1,1,120,2,1,80.0,0,I,RURAL_VICTORIA,ROAD,11,12.0
40494,1,1,99,5,1,100.0,0,N,MELB_URBAN,ROAD,11,13.0
40495,4,1,99,9,1,50.0,0,N,LARGE_PROVINCIAL_CITIES,AVENUE,11,14.0
40496,1,4,130,1,1,70.0,0,I,MELB_URBAN,ROAD,11,17.0
40497,1,3,140,5,1,40.0,0,N,MELB_URBAN,UNKNOWN,11,17.0
40498,8,1,99,5,1,100.0,0,N,RURAL_VICTORIA,DRIVE,11,13.0
40499,6,1,184,5,5,100.0,0,N,RURAL_VICTORIA,ROAD,10,1.0
40500,1,1,130,5,1,70.0,0,N,MELB_URBAN,ROAD,11,13.0
40501,4,1,173,5,1,60.0,0,N,MELB_URBAN,ROAD,11,14.0
40502,1,0,135,2,1,60.0,0,I,MELB_URBAN,ROAD,11,12.0
40503,6,1,170,5,1,100.0,0,N,RURAL_VICTORIA,ROAD,11,11.0
40504,2,4,102,5,1,60.0,0,I,MELB_URBAN,ROAD,11,9.0
40505,1,6,130,1,1,60.0,0,I,MELB_URBAN,PARADE,10,10.0
40506,4,1,173,5,1,110.0,0,N,RURAL_VICTORIA,FREEWAY,11,15.0
40507,1,1,121,4,1,80.0,0,I,MELB_URBAN,RAMP,11,13.0
40508,1,1,116,1,1,70.0,0,I,MELB_URBAN,ROAD,11,11.0
40509,1,7,130,5,1,90.0,0,N,MELB_URBAN,ROAD,11,17.0
40510,6,1,170,5,1,100.0,0,N,RURAL_VICTORIA,ROAD,11,17.0
40511,1,1,130,1,1,60.0,0,I,MELB_URBAN,HIGHWAY,11,18.0
40512,1,1,110,1,1,100.0,0,I,RURAL_VICTORIA,ROAD,11,17.0
40513,1,0,120,5,1,100.0,0,N,RURAL_VICTORIA,ROAD,11,18.0
40514,4,1,181,5,5,100.0,0,N,RURAL_VICTORIA,HIGHWAY,11,20.0
40515,4,1,171,2,5,100.0,0,I,SMALL_TOWNS,ROAD,11,23.0
40516,1,1,99,2,1,60.0,0,I,MELB_URBAN,STREET,11,12.0
40517,1,1,121,2,3,70.0,0,I,MELB_URBAN,BOULEVARD,11,22.0
40518,1,1,160,5,3,50.0,0,N,MELB_URBAN,STREET,11,23.0
40519,4,1,171,2,2,60.0,0,I,MELB_URBAN,ROAD,11,5.0
40520,1,1,99,5,1,70.0,0,N,MELB_URBAN,ROAD,11,9.0
40521,4,1,171,5,3,80.0,0,N,RURAL_VICTORIA,HIGHWAY,10,1.0
40522,1,6,130,2,3,60.0,0,I,MELB_URBAN,ROAD,11,23.0
40523,6,2,184,4,2,50.0,0,I,MELB_URBAN,STREET,11,7.0
40524,1,7,99,5,1,70.0,0,N,MELB_URBAN,HIGHWAY,11,11.0
40525,1,4,130,2,3,80.0,0,I,MELB_URBAN,HIGHWAY,11,20.0
40526,1,2,147,5,1,60.0,0,N,MELB_URBAN,OTHER,11,8.0
40527,1,2,121,2,1,60.0,0,I,MELB_URBAN,STREET,11,10.0
40528,2,2,102,1,1,50.0,0,I,LARGE_PROVINCIAL_CITIES,STREET,11,11.0
40529,1,2,121,2,1,60.0,0,I,MELB_URBAN,ROAD,11,11.0
40530,1,2,130,5,1,70.0,0,N,MELB_URBAN,ROAD,11,8.0
40531,6,2,174,5,1,40.0,0,N,MELB_URBAN,ROAD,11,12.0
40532,1,2,113,2,1,50.0,0,I,MELB_URBAN,STREET,10,13.0
40533,1,2,130,5,1,60.0,0,N,MELB_URBAN,PARADE,11,15.0
40534,1,3,130,1,1,80.0,0,I,MELB_URBAN,ROAD,11,9.0
40535,1,1,160,5,3,50.0,0,N,MELB_URBAN,DRIVE,10,6.0
40536,6,7,174,5,9,60.0,0,N,RURAL_VICTORIA,ROAD,11,13.0
40537,1,2,120,5,1,100.0,0,N,RURAL_VICTORIA,HIGHWAY,11,11.0
40538,1,2,132,5,1,60.0,0,N,MELB_URBAN,ROAD,11,9.0
40539,2,2,100,1,1,40.0,0,I,SMALL_CITIES,STREET,11,15.0
40540,4,5,181,5,1,70.0,0,N,MELB_URBAN,BOULEVARD,11,18.0
40541,4,2,181,5,1,100.0,0,N,RURAL_VICTORIA,ROAD,11,14.0
40542,1,1,121,5,1,60.0,0,N,MELB_URBAN,ROAD,11,16.0
40543,4,5,183,5,1,100.0,0,N,RURAL_VICTORIA,HIGHWAY,11,14.0
40544,2,2,100,2,1,50.0,0,I,LARGE_PROVINCIAL_CITIES,OTHER,11,16.0
40545,1,7,130,5,3,100.0,0,N,MELB_URBAN,FREEWAY,11,5.0
40546,1,2,121,2,2,80.0,0,I,RURAL_VICTORIA,STREET,11,17.0
40547,1,2,171,5,1,80.0,0,N,MELB_URBAN,ROAD,11,15.0
40548,1,2,147,5,1,50.0,0,N,MELB_URBAN,STREET,11,8.0
40549,4,2,171,5,1,40.0,0,N,MELB_URBAN,ROAD,11,15.0
40550,1,2,130,5,1,60.0,0,N,SMALL_CITIES,HIGHWAY,11,15.0
40551,1,2,121,1,1,60.0,0,I,MELB_URBAN,ROAD,11,16.0
40552,1,2,130,5,1,60.0,0,N,MELB_URBAN,ROAD,11,16.0
40553,1,2,110,1,1,50.0,0,I,LARGE_PROVINCIAL_CITIES,STREET,11,17.0
40554,1,1,110,1,1,100.0,0,I,RURAL_VICTORIA,ROAD,11,17.0
40555,1,6,163,5,1,60.0,0,N,MELB_URBAN,ROAD,11,18.0
40556,8,6,174,1,2,40.0,0,I,MELB_URBAN,STREET,11,17.0
40557,4,0,183,5,1,60.0,0,N,RURAL_VICTORIA,ROAD,11,14.0
40558,8,2,99,5,1,50.0,0,N,LARGE_PROVINCIAL_CITIES,OTHER,11,17.0
40559,4,2,171,5,5,100.0,0,N,MELB_URBAN,FREEWAY,11,20.0
40560,1,2,99,5,5,110.0,1,N,RURAL_VICTORIA,FREEWAY,11,21.0
40561,7,2,99,5,1,40.0,0,N,MELBOURNE_CBD,STREET,11,14.0
40562,1,1,130,5,3,70.0,0,N,MELB_URBAN,ROAD,11,21.0
40563,1,5,130,5,1,60.0,0,N,MELB_URBAN,ROAD,11,13.0
40564,1,4,130,1,2,80.0,0,I,MELB_URBAN,ROAD,10,17.0
40565,1,3,110,1,1,60.0,0,I,SMALL_CITIES,STREET,11,8.0
40566,4,3,181,5,2,100.0,0,N,RURAL_VICTORIA,ROAD,11,6.0
40567,1,2,99,2,1,50.0,0,I,SMALL_CITIES,OTHER,11,8.0
40568,1,5,121,1,1,60.0,0,I,MELB_URBAN,ROAD,11,18.0
40569,1,7,120,5,1,50.0,0,N,MELB_URBAN,STREET,10,8.0
40570,1,6,130,5,1,60.0,0,I,MELB_URBAN,ROAD,11,16.0
40571,2,1,100,2,2,50.0,0,I,TOWNS,STREET,11,7.0
40572,1,5,130,1,9,60.0,0,I,MELB_URBAN,ROAD,10,13.0
40573,1,3,130,5,2,100.0,0,N,MELB_URBAN,FREEWAY,11,7.0
40574,3,6,167,2,1,100.0,0,I,RURAL_VICTORIA,OTHER,10,9.0
40575,1,3,121,2,1,70.0,0,I,MELB_URBAN,ROAD,11,10.0
40576,1,3,121,1,1,70.0,0,I,MELB_URBAN,ROAD,11,10.0
40577,2,3,99,5,1,50.0,0,N,MELB_URBAN,OTHER,11,12.0
40578,1,1,130,5,1,50.0,0,N,MELB_URBAN,BOULEVARD,11,14.0
40579,1,2,130,1,1,60.0,0,I,MELB_URBAN,ROAD,11,13.0
40580,1,5,135,2,1,80.0,0,I,LARGE_PROVINCIAL_CITIES,HIGHWAY,10,15.0
40581,1,3,140,5,1,50.0,0,N,MELB_URBAN,STREET,11,14.0
40582,4,1,99,5,1,50.0,0,N,MELB_URBAN,STREET,11,11.0
40583,1,3,113,2,1,80.0,1,I,MELB_URBAN,HIGHWAY,11,14.0
40584,4,2,171,5,1,40.0,0,N,SMALL_CITIES,ROAD,11,15.0
40585,1,1,130,2,1,60.0,0,I,MELB_URBAN,ROAD,11,14.0
40586,1,5,99,2,1,60.0,0,I,MELB_URBAN,STREET,11,8.0
40587,1,3,130,5,1,60.0,0,N,MELB_URBAN,ROAD,11,16.0
40588,1,3,111,2,1,40.0,0,I,MELB_URBAN,STREET,11,15.0
40589,1,1,99,2,1,50.0,0,I,MELB_URBAN,ROAD,10,9.0
40590,1,2,99,1,1,70.0,0,I,MELB_URBAN,ROAD,11,13.0
40591,1,3,160,5,1,60.0,0,N,MELB_URBAN,ROAD,11,16.0
40592,1,3,130,5,1,70.0,0,N,MELB_URBAN,STREET,11,17.0
40593,1,3,121,2,1,60.0,0,I,MELB_URBAN,ROAD,11,17.0
40594,1,2,110,1,1,60.0,0,I,MELB_URBAN,STREET,11,18.0
40595,4,3,173,5,1,100.0,1,N,RURAL_VICTORIA,HIGHWAY,11,18.0
40596,1,3,120,5,2,50.0,0,N,MELB_URBAN,OTHER,11,19.0
40597,3,3,167,5,5,100.0,0,N,RURAL_VICTORIA,ROAD,11,22.0
40598,1,3,110,1,3,80.0,0,I,MELB_URBAN,ROAD,11,22.0
40599,4,3,181,2,2,50.0,0,I,MELB_URBAN,ROAD,11,19.0
40600,8,4,184,5,2,80.0,0,N,MELB_URBAN,HIGHWAY,11,5.0
40601,1,3,130,1,1,70.0,0,I,LARGE_PROVINCIAL_CITIES,HIGHWAY,11,18.0
40602,1,4,99,5,2,40.0,0,N,MELBOURNE_CBD,STREET,11,7.0
40603,1,4,130,2,2,70.0,0,I,SMALL_CITIES,ROAD,11,7.0
40604,6,4,99,5,2,100.0,0,N,RURAL_VICTORIA,ROAD,11,7.0
40605,1,3,113,2,1,60.0,0,I,MELB_URBAN,ROAD,11,12.0
40606,1,3,163,5,1,60.0,0,N,MELB_URBAN,ROAD,11,10.0
40607,1,4,99,5,1,80.0,0,N,RURAL_VICTORIA,ROAD,11,8.0
40608,8,1,184,1,3,60.0,0,I,MELB_URBAN,ROAD,7,2.0
40609,1,4,171,5,5,100.0,0,N,MELB_URBAN,HIGHWAY,11,0.0
40610,1,4,134,5,1,60.0,0,N,MELB_URBAN,AVENUE,11,8.0
40611,1,3,113,2,1,80.0,0,I,MELB_URBAN,ROAD,11,8.0
40612,4,3,183,1,3,80.0,0,I,MELB_URBAN,ROAD,11,21.0
40613,1,4,120,5,1,40.0,0,N,MELB_URBAN,OTHER,11,11.0
40614,8,1,174,5,1,60.0,0,N,RURAL_VICTORIA,ROAD,11,11.0
40615,4,4,183,5,1,50.0,0,N,MELB_URBAN,DRIVE,11,11.0
40616,7,6,99,5,1,50.0,0,N,MELB_URBAN,ROAD,11,18.0
40617,1,3,130,5,1,80.0,0,I,MELB_URBAN,UNKNOWN,11,9.0
40618,3,4,167,5,2,100.0,0,N,RURAL_VICTORIA,ROAD,11,7.0
40619,2,4,99,5,1,50.0,0,N,MELB_URBAN,STREET,11,12.0
40620,1,4,134,2,1,80.0,0,I,MELB_URBAN,ROAD,11,13.0
40621,1,3,135,5,1,60.0,0,N,MELB_URBAN,ROAD,11,16.0
40622,8,4,174,5,1,60.0,0,N,MELB_URBAN,STREET,11,14.0
40623,1,4,130,1,1,70.0,0,I,MELB_URBAN,ROAD,11,13.0
40624,4,2,181,5,1,100.0,0,N,RURAL_VICTORIA,ROAD,11,14.0
40625,4,4,181,5,1,100.0,0,N,RURAL_VICTORIA,ROAD,11,13.0
40626,1,4,132,2,1,100.0,0,I,RURAL_VICTORIA,HIGHWAY,11,10.0
40627,1,4,130,5,1,80.0,0,N,MELB_URBAN,ROAD,11,14.0
40628,6,4,174,5,1,60.0,0,N,SMALL_CITIES,STREET,11,15.0
40629,1,2,113,2,1,50.0,0,I,RURAL_VICTORIA,ROAD,11,8.0
40630,1,4,130,2,1,50.0,0,N,MELB_URBAN,STREET,11,14.0
40631,1,3,130,1,1,80.0,0,N,MELB_URBAN,ROAD,5,14.0
40632,1,6,121,2,1,60.0,0,I,MELB_URBAN,ROAD,11,15.0
40633,1,3,132,5,1,60.0,0,N,MELB_URBAN,ROAD,11,15.0
40634,1,4,140,1,1,60.0,0,N,MELB_URBAN,ROAD,11,13.0
40635,1,4,147,5,1,60.0,0,N,MELB_URBAN,DRIVE,11,17.0
40636,1,4,163,5,1,40.0,0,N,MELB_URBAN,STREET,11,17.0
40637,1,4,110,1,3,60.0,0,I,MELB_URBAN,STREET,11,21.0
40638,8,2,174,1,3,60.0,0,I,MELB_URBAN,ROAD,11,22.0
40639,1,4,120,5,1,50.0,0,N,MELB_URBAN,DRIVE,11,17.0
40640,2,4,99,5,1,50.0,0,N,MELB_URBAN,ROAD,11,15.0
40641,1,4,99,2,1,100.0,0,I,RURAL_VICTORIA,ROAD,11,16.0
40642,1,3,130,4,1,60.0,0,I,MELB_URBAN,ROAD,11,17.0
40643,1,2,132,1,1,60.0,0,I,MELB_URBAN,ROAD,11,12.0
40644,1,4,110,1,1,50.0,0,I,MELB_URBAN,STREET,11,14.0
40645,1,4,110,1,2,60.0,0,I,MELB_URBAN,ROAD,11,19.0
40646,1,3,116,2,5,40.0,0,I,MELB_URBAN,STREET,11,21.0
40647,2,3,99,5,3,60.0,0,N,MELB_URBAN,ROAD,11,23.0