,accident_type,day_of_week,dca_code,road_geometry,light_condition,speed_zone,severity,node_type,deg_urban_name,road_type,month,hour
40648,2,4,100,1,3,60.0,0,I,MELB_URBAN,STREET,11,22.0
40649,1,4,99,2,1,60.0,0,I,MELB_URBAN,STREET,11,18.0
40650,1,5,113,2,3,60.0,0,I,MELB_URBAN,ROAD,11,1.0
40651,4,4,171,5,2,60.0,0,N,MELB_URBAN,ROAD,11,5.0
40652,2,4,99,5,6,50.0,0,N,MELB_URBAN,STREET,11,22.0
40653,4,5,171,2,2,80.0,0,I,MELB_URBAN,ROAD,11,7.0
40654,1,1,110,1,2,50.0,0,I,MELB_URBAN,ROAD,11,19.0
40655,1,3,130,5,1,80.0,0,N,MELB_URBAN,ROAD,11,16.0
40656,2,4,100,4,1,50.0,0,I,LARGE_PROVINCIAL_CITIES,STREET,11,8.0
40657,2,5,100,1,1,60.0,0,I,MELB_URBAN,STREET,11,12.0
40658,8,5,99,1,1,60.0,0,I,MELB_URBAN,STREET,11,8.0
40659,1,5,130,5,2,60.0,0,N,SMALL_CITIES,UNKNOWN,11,7.0
40660,1,5,121,5,1,60.0,0,N,MELB_URBAN,ROAD,11,9.0
40661,1,5,120,5,1,60.0,0,N,MELB_URBAN,ROAD,11,8.0
40662,1,5,130,2,1,50.0,0,I,MELB_URBAN,STREET,10,15.0
40663,6,5,99,5,1,100.0,0,N,RURAL_VICTORIA,HIGHWAY,11,11.0
40664,2,5,102,1,1,50.0,0,I,MELB_URBAN,STREET,11,8.0
40665,1,5,160,5,1,30.0,0,N,MELBOURNE_CBD,STREET,11,9.0
40666,1,5,130,5,1,80.0,0,N,MELB_URBAN,ROAD,11,11.0
40667,8,5,174,2,9,60.0,0,I,RURAL_VICTORIA,ROAD,11,12.0
40668,6,6,174,5,1,60.0,0,N,RURAL_VICTORIA,ROAD,11,9.0
40669,6,2,184,4,2,70.0,0,N,MELB_URBAN,ROAD,11,19.0
40670,1,0,130,2,1,60.0,0,I,MELB_URBAN,ROAD,10,13.0
40671,1,4,121,1,2,60.0,0,I,LARGE_PROVINCIAL_CITIES,STREET,11,18.0
40672,2,6,99,5,1,60.0,0,N,MELB_URBAN,STREET,11,12.0
40673,1,3,130,2,9,100.0,0,N,MELB_URBAN,FREEWAY,11,16.0
40674,1,3,130,5,1,60.0,0,N,MELB_URBAN,ROAD,8,15.0
40675,4,3,171,5,3,40.0,0,N,MELB_URBAN,STREET,11,22.0
40676,1,5,99,5,1,60.0,0,N,MELB_URBAN,ROAD,11,14.0
40677,4,5,183,5,1,60.0,0,N,RURAL_VICTORIA,ROAD,11,13.0
40678,1,5,135,5,1,100.0,0,N,MELB_URBAN,FREEWAY,11,13.0
40679,6,3,174,5,3,50.0,0,N,MELB_URBAN,OTHER,11,22.0
40680,1,5,121,2,1,70.0,0,I,MELB_URBAN,ROAD,11,15.0
40681,3,4,167,5,5,60.0,0,N,RURAL_VICTORIA,ROAD,11,21.0
40682,1,3,130,5,2,100.0,0,N,MELB_URBAN,FREEWAY,11,7.0
40683,4,5,183,5,1,60.0,0,N,MELB_URBAN,ROAD,11,16.0
40684,1,5,113,4,1,80.0,0,I,MELB_URBAN,ROAD,11,16.0
40685,1,4,130,5,1,70.0,0,N,MELB_URBAN,HIGHWAY,11,16.0
40686,1,5,160,5,1,50.0,0,N,MELB_URBAN,DRIVE,11,16.0
40687,1,3,130,1,1,60.0,0,I,MELB_URBAN,ROAD,11,10.0
40688,1,4,130,3,2,60.0,0,I,MELB_URBAN,ROAD,11,7.0
40689,1,4,110,1,1,50.0,0,I,TOWNS,STREET,11,18.0
40690,1,5,130,5,1,100.0,0,N,MELB_URBAN,FREEWAY,11,15.0
40691,8,7,174,5,1,60.0,0,N,RURAL_VICTORIA,ROAD,11,9.0
40692,2,4,100,1,2,70.0,0,I,MELB_URBAN,ROAD,11,19.0
40693,1,5,110,1,1,100.0,1,I,RURAL_VICTORIA,ROAD,11,11.0
40694,1,5,99,1,1,60.0,0,I,MELB_URBAN,STREET,11,16.0
40695,1,5,113,2,1,100.0,1,I,RURAL_VICTORIA,HIGHWAY,11,17.0
40696,1,5,121,1,3,60.0,0,I,MELB_URBAN,HIGHWAY,11,21.0
40697,4,5,171,5,9,80.0,0,N,MELB_URBAN,ROAD,11,11.0
40698,1,3,132,2,2,60.0,0,I,MELB_URBAN,STREET,11,6.0
40699,1,6,113,1,3,100.0,0,I,MELB_URBAN,ROAD,11,0.0
40700,4,6,171,5,3,60.0,1,N,TOWNS,STREET,11,2.0
40701,1,5,130,5,1,60.0,0,N,MELB_URBAN,ROAD,11,12.0
40702,1,5,111,2,1,60.0,0,I,MELB_URBAN,ROAD,11,17.0
40703,1,5,121,5,1,80.0,0,N,MELB_URBAN,ROAD,11,17.0
40704,4,5,173,5,1,100.0,0,N,MELB_URBAN,ROAD,11,17.0
40705,1,5,121,1,1,80.0,0,I,MELB_URBAN,HIGHWAY,11,8.0
40706,8,6,174,1,1,80.0,0,I,MELB_URBAN,ROAD,11,11.0
40707,4,6,171,5,1,60.0,0,N,SMALL_CITIES,AVENUE,11,9.0
40708,4,6,183,9,1,100.0,0,N,RURAL_VICTORIA,ROAD,11,9.0
40709,1,5,113,2,1,60.0,0,I,MELB_URBAN,ROAD,11,16.0
40710,4,5,183,5,1,100.0,0,N,RURAL_VICTORIA,ROAD,11,16.0
40711,1,6,110,1,1,50.0,0,I,TOWNS,STREET,11,12.0
40712,1,5,130,2,1,100.0,0,I,MELB_URBAN,FREEWAY,9,8.0
40713,7,3,99,5,1,50.0,0,N,MELB_URBAN,STREET,11,9.0
40714,1,1,130,5,1,60.0,0,N,MELB_URBAN,ROAD,11,14.0
40715,4,7,99,5,6,60.0,0,I,SMALL_CITIES,STREET,10,23.0
40716,1,5,140,5,1,60.0,0,N,SMALL_TOWNS,STREET,11,12.0
40717,1,6,160,5,1,60.0,0,N,MELB_URBAN,ROAD,11,14.0
40718,1,6,113,2,1,50.0,0,I,MELB_URBAN,DRIVE,11,14.0
40719,1,6,121,2,1,60.0,0,I,SMALL_TOWNS,STREET,11,14.0
40720,1,6,130,2,1,70.0,0,I,MELB_URBAN,ROAD,11,8.0
40721,1,6,99,2,1,40.0,0,I,SMALL_CITIES,DRIVE,11,15.0
40722,1,6,130,5,1,100.0,0,N,RURAL_VICTORIA,HIGHWAY,11,16.0
40723,1,6,121,2,1,70.0,0,I,MELB_URBAN,STREET,11,15.0
40724,5,6,99,5,1,60.0,0,N,RURAL_VICTORIA,ROAD,12,11.0
40725,1,5,110,1,1,110.0,0,N,RURAL_VICTORIA,STREET,11,17.0
40726,1,6,121,1,1,60.0,0,I,MELB_URBAN,ROAD,11,16.0
40727,7,6,99,5,1,100.0,0,N,RURAL_VICTORIA,ROAD,11,16.0
40728,1,6,99,1,2,40.0,0,I,MELB_URBAN,AVENUE,11,18.0
40729,1,6,130,5,1,80.0,0,N,MELB_URBAN,ROAD,11,17.0
40730,2,6,99,5,1,40.0,0,N,TOWNS,STREET,11,17.0
40731,1,6,163,5,1,60.0,0,N,MELB_URBAN,ROAD,11,9.0
40732,2,6,102,2,2,50.0,0,I,MELB_URBAN,AVENUE,11,19.0
40733,1,2,134,5,1,80.0,0,N,MELB_URBAN,HIGHWAY,11,18.0
40734,4,5,181,5,1,80.0,0,N,RURAL_VICTORIA,ROAD,11,18.0
40735,1,6,130,1,2,50.0,0,I,MELB_URBAN,STREET,11,19.0
40736,1,6,99,1,3,40.0,0,I,MELB_URBAN,ROAD,11,21.0
40737,1,6,113,2,1,100.0,1,I,TOWNS,HIGHWAY,11,17.0
40738,2,5,99,5,6,60.0,0,N,MELB_URBAN,STREET,11,22.0
40739,1,2,133,5,1,100.0,0,N,MELB_URBAN,FREEWAY,11,18.0
40740,8,6,174,1,2,50.0,0,I,MELB_URBAN,AVENUE,11,20.0
40741,4,7,183,5,3,60.0,0,N,TOWNS,STREET,11,3.0
40742,1,7,121,2,3,80.0,0,I,MELB_URBAN,HIGHWAY,11,2.0
40743,1,6,99,5,1,100.0,0,N,RURAL_VICTORIA,ROAD,11,13.0
40744,8,5,174,5,6,40.0,0,N,MELB_URBAN,ROAD,11,21.0
40745,1,7,99,5,1,60.0,0,N,TOWNS,PARADE,11,8.0
40746,4,6,171,5,2,100.0,0,N,RURAL_VICTORIA,ROAD,11,6.0
40747,1,7,110,1,1,70.0,0,I,MELB_URBAN,STREET,11,11.0
40748,6,6,184,5,2,80.0,0,N,RURAL_VICTORIA,ROAD,11,19.0
40749,1,7,121,2,1,60.0,1,I,MELB_URBAN,ROAD,11,8.0
40750,1,5,130,1,1,60.0,0,I,MELB_URBAN,ROAD,9,10.0
40751,3,7,167,5,1,100.0,0,N,RURAL_VICTORIA,OTHER,11,9.0
40752,4,7,173,5,2,100.0,0,N,RURAL_VICTORIA,HIGHWAY,11,6.0
40753,1,7,130,2,1,60.0,0,I,RURAL_VICTORIA,ROAD,11,12.0
40754,1,7,181,2,1,60.0,0,I,SMALL_CITIES,STREET,11,12.0
40755,1,7,130,1,1,60.0,0,I,MELB_URBAN,ROAD,11,13.0
40756,1,6,140,5,1,60.0,0,N,MELB_URBAN,HIGHWAY,11,12.0
40757,6,7,170,5,1,60.0,0,N,RURAL_VICTORIA,ROAD,11,13.0
40758,1,6,130,2,1,70.0,0,I,LARGE_PROVINCIAL_CITIES,ROAD,11,16.0
40759,4,7,181,5,1,50.0,0,N,MELB_URBAN,ROAD,11,15.0
40760,8,3,99,5,1,60.0,0,N,RURAL_VICTORIA,ROAD,11,14.0
40761,1,7,99,1,1,60.0,0,I,MELB_URBAN,HIGHWAY,11,15.0
40762,1,7,130,5,1,60.0,0,N,MELB_URBAN,ROAD,11,17.0
40763,1,7,130,2,1,60.0,0,I,MELB_URBAN,STREET,11,16.0
40764,1,7,130,5,1,80.0,0,I,MELB_URBAN,HIGHWAY,11,17.0
40765,1,7,99,5,1,50.0,0,N,MELB_URBAN,PARADE,11,18.0
40766,1,5,160,2,2,50.0,0,I,MELB_URBAN,ROAD,11,20.0
40767,1,7,110,1,1,90.0,1,I,RURAL_VICTORIA,ROAD,11,15.0
40768,1,7,133,5,1,80.0,0,N,MELB_URBAN,ROAD,11,17.0
40769,6,7,170,5,5,80.0,0,N,RURAL_VICTORIA,DRIVE,11,20.0
40770,4,7,171,5,2,100.0,0,N,RURAL_VICTORIA,ROAD,11,20.0
40771,1,7,110,1,3,50.0,0,I,LARGE_PROVINCIAL_CITIES,STREET,11,21.0
40772,1,7,160,5,2,60.0,0,N,MELB_URBAN,STREET,11,20.0
40773,4,7,183,5,5,80.0,0,N,RURAL_VICTORIA,ROAD,11,22.0
40774,1,6,121,1,3,60.0,0,I,MELB_URBAN,STREET,11,20.0
40775,8,2,170,5,2,60.0,0,N,MELB_URBAN,RAMP,4,7.0
40776,6,1,99,5,5,100.0,1,N,RURAL_VICTORIA,ROAD,11,0.0
40777,1,0,110,1,1,70.0,0,I,MELB_URBAN,OTHER,11,7.0
40778,1,3,99,4,1,60.0,0,N,MELB_URBAN,ROAD,11,18.0
40779,4,6,183,5,1,100.0,0,N,RURAL_VICTORIA,ROAD,11,11.0
40780,1,3,99,5,1,50.0,0,I,MELB_URBAN,ROAD,11,13.0
40781,4,1,171,5,2,80.0,0,N,RURAL_VICTORIA,HIGHWAY,11,6.0
40782,1,3,160,5,1,50.0,0,N,MELB_URBAN,ROAD,11,17.0
40783,4,1,173,5,1,50.0,0,N,MELB_URBAN,STREET,11,11.0
40784,1,2,121,5,9,60.0,0,N,MELB_URBAN,STREET,11,17.0
40785,6,3,99,5,5,100.0,0,N,RURAL_VICTORIA,OTHER,11,4.0
40786,8,1,99,5,1,100.0,0,N,RURAL_VICTORIA,RAMP,11,12.0
40787,1,7,111,2,1,60.0,0,I,SMALL_CITIES,STREET,11,11.0
40788,8,4,99,5,1,50.0,0,N,MELB_URBAN,AVENUE,11,17.0
40789,1,1,110,1,1,50.0,0,I,MELB_URBAN,STREET,11,13.0
40790,1,1,130,5,1,80.0,0,N,MELB_URBAN,ROAD,11,13.0
40791,1,0,110,1,1,100.0,0,I,RURAL_VICTORIA,ROAD,11,9.0
40792,1,1,110,1,1,60.0,0,I,LARGE_PROVINCIAL_CITIES,STREET,11,13.0
40793,1,1,140,2,1,80.0,0,I,MELB_URBAN,HIGHWAY,11,14.0
40794,2,3,99,5,1,50.0,0,N,MELB_URBAN,STREET,10,16.0
40795,1,1,140,5,1,70.0,0,N,LARGE_PROVINCIAL_CITIES,STREET,11,15.0
40796,1,1,99,2,1,100.0,0,I,RURAL_VICTORIA,ROAD,11,14.0
40797,8,1,170,5,1,70.0,0,N,RURAL_VICTORIA,ROAD,11,15.0
40798,1,1,120,5,1,100.0,0,N,RURAL_VICTORIA,ROAD,11,14.0
40799,1,1,121,1,1,60.0,0,I,SMALL_CITIES,STREET,11,15.0
40800,1,7,130,5,2,60.0,0,N,MELB_URBAN,STREET,11,19.0
40801,1,1,160,5,3,60.0,0,N,MELB_URBAN,ROAD,8,5.0
40802,1,1,130,2,1,50.0,0,I,LARGE_PROVINCIAL_CITIES,STREET,11,16.0
40803,4,1,181,5,1,80.0,0,N,RURAL_VICTORIA,ROAD,11,16.0
40804,1,1,132,2,1,60.0,0,I,LARGE_PROVINCIAL_CITIES,ROAD,11,17.0
40805,1,1,160,5,1,60.0,0,N,MELB_URBAN,ROAD,11,17.0
40806,2,1,100,1,1,60.0,1,I,MELB_URBAN,STREET,11,16.0
40807,4,1,181,5,1,80.0,0,N,MELB_URBAN,RAMP,11,17.0
40808,6,1,99,5,2,100.0,0,N,RURAL_VICTORIA,ROAD,11,20.0
40809,1,1,160,5,3,60.0,0,N,MELB_URBAN,ROAD,10,21.0
40810,4,7,171,5,1,70.0,0,N,MELB_URBAN,ROAD,11,18.0
40811,6,1,99,5,1,80.0,0,N,RURAL_VICTORIA,ROAD,11,15.0
40812,1,1,110,1,3,50.0,0,I,MELB_URBAN,STREET,11,21.0
40813,1,1,130,5,1,80.0,0,N,MELB_URBAN,ROAD,11,15.0
40814,4,1,171,5,5,80.0,0,N,RURAL_VICTORIA,ROAD,11,22.0
40815,3,2,167,5,5,90.0,0,N,MELB_URBAN,ROAD,12,3.0
40816,4,2,99,5,2,40.0,0,N,MELBOURNE_CBD,STREET,12,5.0
40817,1,4,130,2,9,60.0,0,I,MELB_URBAN,ROAD,11,14.0
40818,1,1,99,5,2,100.0,0,N,RURAL_VICTORIA,FREEWAY,11,5.0
40819,1,2,99,1,1,40.0,0,I,MELB_URBAN,ROAD,12,8.0
40820,1,2,147,5,1,50.0,0,N,LARGE_PROVINCIAL_CITIES,STREET,12,7.0
40821,8,4,184,5,1,75.0,0,N,RURAL_VICTORIA,ROAD,11,12.0
40822,1,2,130,5,1,80.0,0,N,MELB_URBAN,RAMP,12,8.0
40823,1,2,99,5,1,80.0,0,N,MELB_URBAN,ROAD,12,9.0
40824,1,2,130,2,1,60.0,0,I,MELB_URBAN,PARADE,12,9.0
40825,1,2,113,2,1,60.0,0,I,MELB_URBAN,ROAD,12,10.0
40826,6,2,99,5,1,100.0,0,N,RURAL_VICTORIA,HIGHWAY,12,7.0
40827,1,1,130,5,1,40.0,0,N,MELBOURNE_CBD,STREET,11,12.0
40828,1,1,121,4,1,50.0,0,N,MELB_URBAN,ROAD,12,8.0
40829,1,2,130,2,1,70.0,0,I,LARGE_PROVINCIAL_CITIES,OTHER,12,12.0
40830,1,1,121,2,1,60.0,0,I,SMALL_CITIES,ROAD,12,12.0
40831,1,2,121,5,1,60.0,0,N,MELB_URBAN,ROAD,12,9.0
40832,1,7,134,2,3,80.0,0,I,MELB_URBAN,RAMP,11,23.0
40833,4,2,183,5,1,100.0,0,N,RURAL_VICTORIA,ROAD,11,11.0
40834,4,2,171,5,1,50.0,0,N,SMALL_CITIES,OTHER,12,15.0
40835,1,3,110,1,1,50.0,0,I,MELB_URBAN,AVENUE,11,16.0
40836,4,2,171,1,1,60.0,0,I,MELB_URBAN,ROAD,12,16.0
40837,6,2,99,5,2,100.0,0,N,RURAL_VICTORIA,ROAD,12,6.0
40838,1,2,99,2,1,50.0,0,I,MELB_URBAN,AVENUE,12,16.0
40839,1,2,135,5,1,60.0,0,N,MELB_URBAN,ROAD,12,18.0
40840,1,2,113,1,9,60.0,0,I,MELB_URBAN,ROAD,12,16.0
40841,2,2,100,2,1,60.0,0,I,MELB_URBAN,ROAD,12,8.0
40842,2,2,99,5,2,50.0,0,N,SMALL_CITIES,STREET,12,20.0
40843,1,2,130,2,1,70.0,0,I,MELB_URBAN,ROAD,12,15.0
40844,1,2,99,1,1,80.0,0,I,MELB_URBAN,HIGHWAY,12,18.0
40845,1,2,113,1,2,80.0,0,I,MELB_URBAN,HIGHWAY,12,19.0
40846,1,2,160,5,1,60.0,0,N,SMALL_TOWNS,STREET,12,18.0
40847,1,2,147,5,1,70.0,0,N,RURAL_VICTORIA,ROAD,12,16.0
40848,8,2,99,5,2,40.0,0,N,MELB_URBAN,OTHER,12,5.0
40849,4,2,181,4,1,60.0,0,I,MELB_URBAN,ROAD,12,9.0
40850,1,3,111,1,1,50.0,0,I,MELB_URBAN,ROAD,12,8.0
40851,1,2,113,2,1,50.0,0,I,SMALL_CITIES,STREET,12,12.0
40852,1,2,130,4,1,60.0,0,I,MELB_URBAN,ROAD,11,13.0
40853,1,2,110,1,1,60.0,0,I,MELB_URBAN,STREET,12,8.0
40854,2,3,100,2,1,50.0,0,I,MELB_URBAN,STREET,12,11.0
40855,1,3,113,2,1,60.0,0,I,MELB_URBAN,ROAD,12,7.0
40856,1,3,135,5,1,60.0,0,N,MELB_URBAN,PARADE,12,12.0
40857,1,2,134,5,1,80.0,0,N,MELB_URBAN,FREEWAY,12,9.0
40858,1,4,121,2,1,60.0,0,I,MELB_URBAN,ROAD,11,9.0
40859,1,3,120,5,1,50.0,0,N,MELB_URBAN,AVENUE,12,12.0
40860,1,6,135,5,1,100.0,0,N,MELB_URBAN,ROAD,11,8.0
40861,1,3,99,1,1,100.0,0,I,RURAL_VICTORIA,ROAD,12,13.0
40862,1,3,121,2,1,60.0,0,I,MELB_URBAN,ROAD,12,11.0
40863,1,2,99,5,1,100.0,0,N,MELB_URBAN,RAMP,12,11.0
40864,1,3,147,5,1,60.0,0,I,MELB_URBAN,ROAD,12,11.0
40865,1,4,130,5,3,80.0,0,N,MELB_URBAN,ROAD,5,18.0
40866,1,3,135,2,1,60.0,0,I,MELB_URBAN,OTHER,12,13.0
40867,1,2,121,2,1,70.0,0,I,MELB_URBAN,ROAD,12,16.0
40868,1,3,113,2,1,50.0,0,I,MELB_URBAN,ROAD,12,16.0
40869,1,6,130,5,2,100.0,0,N,RURAL_VICTORIA,FREEWAY,11,6.0
40870,4,3,181,5,1,60.0,0,N,TOWNS,ROAD,12,18.0
40871,1,3,135,5,1,60.0,0,N,MELB_URBAN,ROAD,12,17.0
40872,1,3,99,1,1,60.0,0,I,MELB_URBAN,STREET,12,18.0
40873,2,3,100,1,1,70.0,0,I,MELB_URBAN,HIGHWAY,12,14.0
40874,1,3,121,2,2,60.0,0,I,MELB_URBAN,ROAD,12,19.0
40875,1,3,147,5,1,60.0,0,N,LARGE_PROVINCIAL_CITIES,STREET,12,15.0
40876,2,3,99,5,2,40.0,0,N,MELBOURNE_CBD,STREET,12,17.0
40877,4,3,181,5,2,100.0,0,N,RURAL_VICTORIA,ROAD,12,19.0
40878,4,3,181,5,2,100.0,0,N,RURAL_VICTORIA,ROAD,12,19.0
40879,8,2,170,5,3,80.0,0,N,MELB_URBAN,ROAD,12,21.0
40880,4,3,171,5,3,80.0,0,N,MELB_URBAN,ROAD,12,22.0
40881,1,6,113,2,2,80.0,0,I,MELB_URBAN,STREET,9,6.0
40882,1,4,121,1,2,60.0,0,I,MELB_URBAN,STREET,12,6.0
40883,1,4,121,2,3,80.0,1,I,MELB_URBAN,ROAD,12,1.0
40884,1,4,130,1,1,50.0,0,N,LARGE_PROVINCIAL_CITIES,STREET,12,8.0
40885,8,7,99,2,1,80.0,0,N,RURAL_VICTORIA,ROAD,11,16.0
40886,1,2,132,1,1,60.0,0,I,MELB_URBAN,ROAD,12,17.0
40887,1,3,133,5,1,70.0,0,N,MELB_URBAN,ROAD,12,17.0
40888,2,3,100,2,1,60.0,0,I,MELB_URBAN,PARADE,12,15.0
40889,1,3,121,4,1,80.0,0,I,MELB_URBAN,HIGHWAY,12,15.0
40890,1,2,130,1,1,60.0,0,N,MELB_URBAN,STREET,11,8.0
40891,8,0,184,5,1,40.0,0,N,RURAL_VICTORIA,ROAD,11,17.0
40892,1,1,99,2,1,50.0,0,I,MELB_URBAN,OTHER,11,18.0
40893,1,4,130,5,1,70.0,0,N,MELB_URBAN,ROAD,12,10.0
40894,1,4,113,2,1,60.0,0,I,SMALL_CITIES,OTHER,12,9.0
40895,8,5,174,5,2,40.0,0,N,MELB_URBAN,STREET,11,7.0
40896,2,4,102,2,1,50.0,0,I,MELB_URBAN,ROAD,12,13.0
40897,1,5,99,5,1,60.0,0,N,MELB_URBAN,ROAD,11,14.0
40898,1,4,132,1,9,80.0,0,I,RURAL_VICTORIA,ROAD,12,15.0
40899,4,4,99,2,1,100.0,0,I,RURAL_VICTORIA,ROAD,12,9.0
40900,4,4,181,5,1,50.0,0,N,RURAL_VICTORIA,ROAD,12,10.0
40901,8,7,174,5,9,60.0,0,N,RURAL_VICTORIA,OTHER,11,13.0
40902,4,4,183,5,1,60.0,0,N,MELB_URBAN,ROAD,12,13.0
40903,8,4,99,1,1,70.0,0,I,MELB_URBAN,ROAD,12,14.0
40904,1,5,130,2,1,60.0,0,I,LARGE_PROVINCIAL_CITIES,HIGHWAY,11,16.0
40905,3,3,167,5,2,100.0,0,N,RURAL_VICTORIA,ROAD,11,7.0
40906,4,4,99,5,1,40.0,0,N,MELB_URBAN,STREET,12,16.0
40907,4,4,171,5,1,100.0,0,N,RURAL_VICTORIA,ROAD,12,16.0
40908,1,4,99,5,1,100.0,1,N,RURAL_VICTORIA,ROAD,12,10.0
40909,6,2,174,5,1,60.0,0,N,RURAL_VICTORIA,ROAD,11,12.0
40910,1,4,110,1,1,50.0,0,I,MELB_URBAN,ROAD,12,17.0
40911,1,4,132,5,1,60.0,0,N,MELB_URBAN,ROAD,12,15.0
40912,1,4,140,5,1,60.0,0,N,LARGE_PROVINCIAL_CITIES,ROAD,12,15.0
40913,8,4,184,5,1,100.0,0,N,MELB_URBAN,ROAD,12,15.0
40914,6,4,99,5,1,100.0,0,N,RURAL_VICTORIA,ROAD,12,16.0
40915,8,4,174,2,1,60.0,0,I,MELB_URBAN,STREET,12,16.0
40916,8,5,174,1,1,80.0,0,I,MELB_URBAN,ROAD,9,8.0
40917,1,3,130,5,1,60.0,0,N,MELB_URBAN,OTHER,12,18.0
40918,1,6,130,1,9,60.0,0,I,MELB_URBAN,ROAD,11,17.0
40919,1,4,99,5,5,100.0,0,N,MELB_URBAN,FREEWAY,12,22.0
40920,2,4,102,1,3,40.0,0,I,MELB_URBAN,STREET,12,22.0
40921,4,5,171,5,3,70.0,0,N,MELB_URBAN,ROAD,12,2.0
40922,6,5,174,2,3,50.0,0,I,SMALL_CITIES,STREET,12,2.0
40923,4,4,171,5,5,80.0,0,N,RURAL_VICTORIA,ROAD,12,22.0
40924,1,4,134,5,5,100.0,0,N,MELB_URBAN,FREEWAY,12,22.0
40925,1,2,99,1,2,60.0,0,I,MELB_URBAN,PARADE,10,18.0
40926,1,5,116,2,2,60.0,0,I,SMALL_CITIES,STREET,12,7.0
40927,8,1,184,5,1,60.0,0,N,RURAL_VICTORIA,ROAD,11,10.0
40928,1,5,121,5,1,70.0,0,N,MELB_URBAN,ROAD,12,7.0
40929,1,3,130,5,1,70.0,0,N,MELB_URBAN,ROAD,12,10.0
40930,4,5,171,5,1,100.0,0,N,RURAL_VICTORIA,ROAD,12,7.0
40931,1,5,110,1,1,50.0,0,I,LARGE_PROVINCIAL_CITIES,STREET,12,8.0
40932,1,5,121,3,1,60.0,0,I,MELB_URBAN,ROAD,12,8.0
40933,4,5,171,2,2,60.0,0,I,MELB_URBAN,ROAD,12,6.0
40934,1,6,130,5,9,60.0,0,N,MELB_URBAN,STREET,11,16.0
40935,1,3,110,1,1,100.0,0,I,RURAL_VICTORIA,FREEWAY,12,11.0
40936,8,3,170,5,3,60.0,0,N,LARGE_PROVINCIAL_CITIES,STREET,11,23.0
40937,1,2,135,2,1,60.0,0,N,MELB_URBAN,STREET,12,17.0
40938,2,5,99,5,1,40.0,0,N,MELB_URBAN,OTHER,12,10.0
40939,1,5,99,2,2,60.0,0,N,MELB_URBAN,BOULEVARD,12,6.0
40940,1,4,160,5,3,60.0,0,N,LARGE_PROVINCIAL_CITIES,STREET,12,21.0
40941,8,3,174,1,1,100.0,0,I,RURAL_VICTORIA,ROAD,12,13.0
40942,1,5,130,5,1,60.0,0,N,MELB_URBAN,ROAD,12,11.0
40943,4,2,173,5,1,100.0,0,N,RURAL_VICTORIA,ROAD,11,10.0
40944,1,3,130,5,2,90.0,0,N,MELB_URBAN,FREEWAY,12,6.0
40945,6,2,174,5,1,40.0,0,N,MELB_URBAN,STREET,11,14.0
40946,1,4,130,1,1,80.0,0,I,MELB_URBAN,ROAD,11,8.0
40947,1,5,130,5,1,80.0,0,N,MELB_URBAN,HIGHWAY,11,17.0
40948,4,1,171,5,3,60.0,0,N,LARGE_PROVINCIAL_CITIES,ROAD,11,21.0
40949,1,5,121,2,1,40.0,0,I,MELB_URBAN,ROAD,12,13.0
40950,8,5,174,1,1,60.0,0,I,MELB_URBAN,STREET,12,7.0
40951,1,5,163,5,1,40.0,0,N,MELB_URBAN,STREET,12,10.0
40952,1,5,99,5,2,70.0,0,I,MELB_URBAN,ROAD,12,12.0
40953,1,5,99,2,1,60.0,0,I,MELB_URBAN,ROAD,12,11.0
40954,1,5,121,2,1,60.0,0,I,MELB_URBAN,ROAD,12,14.0
40955,1,5,160,5,1,60.0,0,N,MELB_URBAN,STREET,11,17.0
40956,1,5,113,2,1,60.0,0,I,MELB_URBAN,STREET,12,11.0
40957,1,5,147,5,1,80.0,0,N,MELB_URBAN,ROAD,12,14.0
40958,4,5,181,5,2,100.0,0,N,RURAL_VICTORIA,ROAD,11,19.0
40959,4,5,171,5,1,100.0,0,N,MELB_URBAN,FREEWAY,12,14.0
40960,1,1,110,1,1,50.0,0,I,MELB_URBAN,ROAD,11,8.0
40961,1,4,121,2,1,60.0,0,I,MELB_URBAN,ROAD,12,13.0
40962,1,4,130,5,1,100.0,0,N,MELB_URBAN,UNKNOWN,11,17.0
40963,1,5,130,2,1,60.0,0,I,MELB_URBAN,AVENUE,11,17.0
40964,4,1,181,5,1,60.0,0,N,RURAL_VICTORIA,ROAD,9,16.0
40965,1,6,111,2,2,50.0,0,I,MELB_URBAN,STREET,11,20.0
40966,1,5,121,2,1,80.0,0,I,MELB_URBAN,ROAD,12,18.0
40967,1,5,120,5,1,60.0,0,N,MELB_URBAN,ROAD,12,17.0
40968,1,5,130,5,1,70.0,0,N,MELB_URBAN,ROAD,12,18.0
40969,1,5,163,2,2,40.0,0,N,MELBOURNE_CBD,STREET,12,19.0
40970,1,5,120,5,1,100.0,0,N,RURAL_VICTORIA,ROAD,12,17.0
40971,4,1,183,5,1,60.0,0,N,RURAL_VICTORIA,ROAD,1,15.0
40972,6,5,174,5,1,40.0,0,N,MELB_URBAN,OTHER,11,16.0
40973,1,5,130,2,1,60.0,0,I,MELB_URBAN,STREET,12,13.0
40974,6,2,99,5,1,60.0,0,N,RURAL_VICTORIA,ROAD,12,12.0