,accident_type,day_of_week,dca_code,road_geometry,light_condition,speed_zone,severity,node_type,deg_urban_name,road_type,month,hour
40975,1,5,160,5,1,60.0,0,N,MELB_URBAN,ROAD,12,16.0
40976,1,4,110,1,1,40.0,0,I,MELB_URBAN,STREET,12,15.0
40977,1,5,121,4,1,80.0,0,I,MELB_URBAN,RAMP,12,18.0
40978,1,5,130,1,1,50.0,0,I,MELB_URBAN,STREET,12,17.0
40979,1,5,99,5,3,50.0,0,N,MELB_URBAN,OTHER,12,21.0
40980,1,4,120,1,1,60.0,0,I,MELB_URBAN,AVENUE,12,18.0
40981,4,5,181,5,3,60.0,0,N,MELB_URBAN,ROAD,12,23.0
40982,2,6,100,2,3,60.0,0,I,MELB_URBAN,STREET,12,0.0
40983,4,6,173,5,3,80.0,0,N,MELB_URBAN,ROAD,12,1.0
40984,2,6,100,1,2,40.0,0,I,MELB_URBAN,ROAD,12,6.0
40985,1,3,140,1,9,70.0,0,I,MELB_URBAN,ROAD,11,11.0
40986,4,5,171,5,2,80.0,0,N,RURAL_VICTORIA,ROAD,12,19.0
40987,4,2,171,5,1,80.0,0,N,RURAL_VICTORIA,HIGHWAY,10,8.0
40988,1,6,132,5,1,50.0,0,N,SMALL_CITIES,STREET,12,9.0
40989,1,6,130,1,1,40.0,0,I,MELB_URBAN,HIGHWAY,12,8.0
40990,1,2,133,5,2,100.0,0,N,MELB_URBAN,UNKNOWN,11,20.0
40991,1,6,121,2,1,60.0,0,I,MELB_URBAN,STREET,12,9.0
40992,1,2,132,1,1,50.0,0,I,MELB_URBAN,ROAD,11,15.0
40993,1,6,110,1,1,80.0,0,N,RURAL_VICTORIA,ROAD,12,11.0
40994,3,3,167,5,5,100.0,0,N,RURAL_VICTORIA,HIGHWAY,12,3.0
40995,1,6,147,5,1,50.0,0,N,MELB_URBAN,ROAD,12,10.0
40996,1,6,130,2,1,70.0,0,N,MELB_URBAN,ROAD,12,10.0
40997,4,6,173,5,2,100.0,1,N,RURAL_VICTORIA,ROAD,12,6.0
40998,1,6,160,5,1,50.0,0,N,MELB_URBAN,STREET,12,7.0
40999,1,6,121,1,1,60.0,0,I,MELB_URBAN,ROAD,12,12.0
41000,1,6,130,5,1,80.0,0,N,MELB_URBAN,ROAD,12,8.0
41001,2,6,100,2,1,60.0,1,N,SMALL_CITIES,STREET,12,8.0
41002,8,1,174,5,2,100.0,0,N,RURAL_VICTORIA,ROAD,11,7.0
41003,6,4,99,5,1,100.0,0,N,RURAL_VICTORIA,ROAD,11,17.0
41004,1,6,130,5,1,80.0,0,N,MELB_URBAN,ROAD,12,15.0
41005,4,6,181,5,9,100.0,0,N,RURAL_VICTORIA,ROAD,12,12.0
41006,6,5,174,2,1,50.0,0,I,MELB_URBAN,STREET,12,15.0
41007,1,6,110,1,1,60.0,0,I,SMALL_CITIES,STREET,12,14.0
41008,1,1,120,5,1,100.0,0,N,RURAL_VICTORIA,ROAD,11,13.0
41009,1,6,121,2,1,50.0,0,I,MELB_URBAN,STREET,12,8.0
41010,1,3,132,5,1,80.0,0,N,RURAL_VICTORIA,HIGHWAY,5,15.0
41011,4,6,171,5,1,50.0,0,N,MELB_URBAN,DRIVE,12,15.0
41012,4,6,173,5,3,80.0,0,N,MELB_URBAN,ROAD,12,20.0
41013,1,6,113,2,2,60.0,0,I,TOWNS,STREET,12,20.0
41014,1,6,110,1,3,50.0,0,I,MELB_URBAN,STREET,12,21.0
41015,1,7,133,5,3,40.0,0,N,MELBOURNE_CBD,OTHER,12,1.0
41016,1,6,113,2,3,60.0,0,I,TOWNS,STREET,12,23.0
41017,1,6,121,1,3,60.0,0,I,MELB_URBAN,ROAD,12,22.0
41018,4,7,173,5,3,100.0,0,N,MELB_URBAN,FREEWAY,12,2.0
41019,1,1,130,2,1,60.0,0,I,MELB_URBAN,ROAD,11,17.0
41020,4,7,171,2,3,50.0,0,I,LARGE_PROVINCIAL_CITIES,OTHER,12,4.0
41021,1,5,121,2,1,60.0,0,N,MELB_URBAN,ROAD,11,16.0
41022,6,0,170,5,1,80.0,0,N,RURAL_VICTORIA,ROAD,11,11.0
41023,2,7,99,5,1,60.0,0,N,MELB_URBAN,STREET,12,10.0
41024,1,6,99,5,1,60.0,0,I,MELB_URBAN,ROAD,12,7.0
41025,1,2,130,2,1,60.0,0,N,MELB_URBAN,OTHER,12,10.0
41026,4,7,173,5,1,80.0,0,N,RURAL_VICTORIA,ROAD,12,9.0
41027,4,4,171,5,1,60.0,0,N,TOWNS,STREET,11,16.0
41028,8,2,184,5,2,80.0,0,N,RURAL_VICTORIA,ROAD,3,18.0
41029,1,7,113,2,1,70.0,0,I,LARGE_PROVINCIAL_CITIES,STREET,12,9.0
41030,1,6,163,5,3,50.0,0,N,MELB_URBAN,STREET,10,5.0
41031,4,6,171,5,1,40.0,0,N,RURAL_VICTORIA,ROAD,12,13.0
41032,6,7,174,2,1,60.0,0,I,MELB_URBAN,FREEWAY,12,12.0
41033,1,4,99,2,2,80.0,0,I,RURAL_VICTORIA,ROAD,12,6.0
41034,1,7,147,5,1,40.0,0,N,MELB_URBAN,ROAD,12,13.0
41035,1,6,110,1,1,100.0,0,I,RURAL_VICTORIA,ROAD,12,11.0
41036,1,4,110,1,1,50.0,0,I,MELB_URBAN,ROAD,10,15.0
41037,1,5,130,5,1,80.0,0,N,MELB_URBAN,ROAD,12,15.0
41038,6,7,170,7,1,100.0,0,N,MELB_URBAN,FREEWAY,12,10.0
41039,1,7,121,1,1,60.0,0,I,MELB_URBAN,STREET,12,13.0
41040,4,7,171,5,1,100.0,0,N,RURAL_VICTORIA,ROAD,12,12.0
41041,4,7,173,2,1,110.0,0,I,RURAL_VICTORIA,FREEWAY,12,16.0
41042,1,7,132,2,1,100.0,0,I,RURAL_VICTORIA,HIGHWAY,12,15.0
41043,1,4,110,1,1,40.0,0,I,MELB_URBAN,STREET,12,7.0
41044,2,4,100,5,1,60.0,0,N,SMALL_CITIES,ROAD,11,14.0
41045,4,6,173,5,5,90.0,0,N,RURAL_VICTORIA,ROAD,12,4.0
41046,2,7,100,2,3,40.0,0,I,MELB_URBAN,ROAD,12,21.0
41047,1,7,99,5,3,100.0,0,N,MELB_URBAN,ROAD,12,21.0
41048,4,1,181,5,3,60.0,0,N,MELB_URBAN,ROAD,12,0.0
41049,1,1,140,1,3,80.0,0,I,MELB_URBAN,ROAD,12,0.0
41050,4,1,171,5,3,60.0,0,I,MELB_URBAN,ROAD,12,2.0
41051,2,1,99,5,3,40.0,0,N,MELB_URBAN,STREET,12,3.0
41052,1,1,160,5,3,60.0,0,N,MELB_URBAN,ROAD,12,4.0
41053,1,6,132,5,1,60.0,0,N,MELB_URBAN,AVENUE,12,10.0
41054,1,1,113,2,3,70.0,0,N,MELB_URBAN,ROAD,12,5.0
41055,4,7,183,5,1,100.0,0,N,RURAL_VICTORIA,ROAD,12,11.0
41056,1,1,120,5,1,80.0,0,N,MELB_URBAN,HIGHWAY,12,7.0
41057,6,1,174,2,1,60.0,0,I,MELB_URBAN,ROAD,12,10.0
41058,4,1,183,5,1,100.0,0,N,RURAL_VICTORIA,OTHER,12,9.0
41059,1,1,130,1,6,60.0,0,I,MELB_URBAN,HIGHWAY,12,0.0
41060,1,7,113,2,1,100.0,0,I,RURAL_VICTORIA,ROAD,12,14.0
41061,3,1,167,5,1,80.0,0,N,SMALL_CITIES,HIGHWAY,12,9.0
41062,4,1,183,4,1,50.0,0,I,MELB_URBAN,ROAD,12,10.0
41063,1,0,130,2,1,80.0,0,I,MELB_URBAN,HIGHWAY,12,10.0
41064,1,1,120,5,1,60.0,0,N,MELB_URBAN,ROAD,12,10.0
41065,6,6,170,5,2,100.0,0,N,RURAL_VICTORIA,ROAD,12,19.0
41066,1,7,135,5,1,80.0,0,N,MELB_URBAN,RAMP,12,18.0
41067,8,1,99,2,2,60.0,0,I,MELB_URBAN,ROAD,11,5.0
41068,1,1,130,5,1,80.0,0,N,MELB_URBAN,FREEWAY,12,12.0
41069,1,7,160,5,6,50.0,0,N,MELB_URBAN,STREET,11,2.0
41070,4,1,173,5,1,60.0,1,N,MELB_URBAN,ROAD,12,9.0
41071,2,6,99,5,5,60.0,0,N,MELB_URBAN,STREET,12,23.0
41072,4,1,171,2,2,100.0,0,N,MELB_URBAN,UNKNOWN,12,6.0
41073,1,7,130,2,2,80.0,0,I,RURAL_VICTORIA,HIGHWAY,12,19.0
41074,6,1,99,5,1,80.0,0,N,RURAL_VICTORIA,ROAD,12,15.0
41075,1,1,160,5,1,50.0,0,N,MELB_URBAN,DRIVE,12,17.0
41076,1,1,130,1,1,60.0,0,I,MELB_URBAN,ROAD,12,15.0
41077,2,1,100,2,2,60.0,0,I,MELB_URBAN,OTHER,12,19.0
41078,1,1,110,1,2,60.0,0,I,SMALL_CITIES,ROAD,12,20.0
41079,1,7,163,5,1,40.0,0,N,MELB_URBAN,STREET,11,10.0
41080,1,1,99,2,3,70.0,0,I,MELB_URBAN,STREET,12,21.0
41081,4,1,171,5,3,60.0,0,N,LARGE_PROVINCIAL_CITIES,ROAD,12,21.0
41082,4,1,181,5,5,80.0,0,N,RURAL_VICTORIA,ROAD,12,20.0
41083,4,1,171,1,3,100.0,0,I,MELB_URBAN,ROAD,12,20.0
41084,1,1,110,1,2,80.0,0,I,MELB_URBAN,ROAD,12,19.0
41085,2,1,102,2,3,50.0,0,I,MELB_URBAN,STREET,12,22.0
41086,1,6,160,5,5,50.0,0,N,MELB_URBAN,ROAD,12,21.0
41087,4,2,99,5,3,60.0,0,N,MELB_URBAN,ROAD,12,4.0
41088,4,1,181,5,1,80.0,0,N,MELB_URBAN,RAMP,12,9.0
41089,1,2,132,2,1,60.0,0,I,LARGE_PROVINCIAL_CITIES,STREET,12,7.0
41090,1,1,99,5,1,80.0,0,N,MELB_URBAN,ROAD,12,8.0
41091,4,1,171,5,1,60.0,0,N,RURAL_VICTORIA,OTHER,3,13.0
41092,4,1,171,5,1,70.0,0,N,MELB_URBAN,OTHER,12,8.0
41093,4,7,171,5,3,60.0,0,N,MELB_URBAN,ROAD,12,5.0
41094,1,2,130,5,1,60.0,0,N,MELB_URBAN,ROAD,12,10.0
41095,8,2,99,5,1,60.0,0,N,RURAL_VICTORIA,ROAD,12,10.0
41096,4,2,181,5,5,100.0,0,N,RURAL_VICTORIA,ROAD,12,3.0
41097,2,2,99,5,1,40.0,0,N,LARGE_PROVINCIAL_CITIES,STREET,12,12.0
41098,1,2,111,1,1,80.0,0,I,RURAL_VICTORIA,ROAD,12,11.0
41099,1,6,130,5,1,40.0,0,N,MELB_URBAN,STREET,12,10.0
41100,1,1,110,1,1,50.0,0,I,MELB_URBAN,OTHER,12,12.0
41101,1,2,121,1,1,50.0,0,I,MELB_URBAN,STREET,12,11.0
41102,1,2,110,1,2,60.0,0,I,SMALL_CITIES,STREET,12,6.0
41103,4,1,171,5,2,60.0,0,N,LARGE_PROVINCIAL_CITIES,ROAD,10,18.0
41104,1,2,160,2,1,60.0,0,I,MELB_URBAN,UNKNOWN,12,9.0
41105,1,7,163,5,9,40.0,0,N,MELB_URBAN,STREET,11,10.0
41106,4,1,171,5,1,60.0,0,N,RURAL_VICTORIA,ROAD,12,7.0
41107,4,2,171,5,1,50.0,0,N,MELB_URBAN,AVENUE,12,14.0
41108,4,2,171,5,1,100.0,0,N,RURAL_VICTORIA,ROAD,12,8.0
41109,1,2,120,5,1,60.0,0,N,MELB_URBAN,ROAD,12,9.0
41110,1,2,132,1,1,100.0,0,I,TOWNS,HIGHWAY,12,13.0
41111,8,4,174,1,1,40.0,0,I,MELB_URBAN,ROAD,12,15.0
41112,6,4,184,5,1,60.0,0,N,RURAL_VICTORIA,ROAD,12,13.0
41113,8,1,99,5,1,100.0,0,N,TOWNS,ROAD,11,15.0
41114,8,6,174,5,1,60.0,0,N,RURAL_VICTORIA,ROAD,11,12.0
41115,1,2,113,4,1,80.0,0,I,MELB_URBAN,RAMP,12,16.0
41116,1,2,120,5,1,100.0,0,N,MELB_URBAN,FREEWAY,12,15.0
41117,1,6,130,2,1,60.0,0,I,SMALL_CITIES,ROAD,12,12.0
41118,1,2,110,1,1,100.0,0,I,RURAL_VICTORIA,HIGHWAY,12,16.0
41119,1,7,130,1,1,40.0,0,I,MELB_URBAN,ROAD,12,15.0
41120,1,2,130,5,1,60.0,0,N,MELB_URBAN,HIGHWAY,12,16.0
41121,1,1,113,2,1,100.0,0,I,RURAL_VICTORIA,HIGHWAY,12,15.0
41122,1,1,99,2,2,60.0,0,I,MELB_URBAN,ROAD,12,19.0
41123,4,2,181,5,1,60.0,0,N,SMALL_CITIES,STREET,12,18.0
41124,1,2,99,5,2,100.0,0,N,MELB_URBAN,ROAD,12,18.0
41125,1,7,135,5,1,100.0,0,N,RURAL_VICTORIA,HIGHWAY,12,10.0
41126,1,2,130,2,1,60.0,0,I,MELB_URBAN,ROAD,12,18.0
41127,1,1,99,1,1,60.0,0,I,SMALL_CITIES,STREET,12,17.0
41128,1,1,130,1,1,60.0,0,I,LARGE_PROVINCIAL_CITIES,AVENUE,11,16.0
41129,4,1,171,5,3,50.0,0,N,MELB_URBAN,OTHER,12,0.0
41130,4,6,173,1,2,100.0,0,I,RURAL_VICTORIA,ROAD,12,5.0
41131,9,5,99,1,1,60.0,0,I,MELB_URBAN,STREET,10,10.0
41132,4,3,171,6,1,100.0,0,N,MELB_URBAN,RAMP,12,7.0
41133,1,3,130,5,1,50.0,0,N,TOWNS,STREET,12,9.0
41134,8,1,99,1,1,60.0,0,I,MELB_URBAN,ROAD,12,10.0
41135,6,2,184,5,1,100.0,0,N,RURAL_VICTORIA,ROAD,12,8.0
41136,1,3,110,1,1,50.0,0,I,SMALL_CITIES,ROAD,12,10.0
41137,1,3,113,2,1,60.0,0,N,MELB_URBAN,BOULEVARD,12,9.0
41138,6,2,99,5,2,100.0,0,N,RURAL_VICTORIA,ROAD,11,19.0
41139,4,2,171,5,1,50.0,0,N,MELB_URBAN,DRIVE,12,10.0
41140,4,2,171,1,1,80.0,0,I,MELB_URBAN,ROAD,12,8.0
41141,1,1,147,5,1,50.0,0,N,MELB_URBAN,HIGHWAY,11,17.0
41142,1,5,130,1,3,80.0,0,I,MELB_URBAN,ROAD,11,22.0
41143,1,1,132,1,1,60.0,0,I,MELB_URBAN,ROAD,11,15.0
41144,2,6,100,1,1,60.0,0,I,MELB_URBAN,ROAD,11,10.0
41145,1,6,134,5,1,80.0,0,N,MELB_URBAN,ROAD,12,17.0
41146,1,5,130,1,1,60.0,0,I,MELB_URBAN,ROAD,10,14.0
41147,1,1,130,5,1,60.0,0,N,SMALL_CITIES,ROAD,11,13.0
41148,6,3,170,5,1,100.0,0,N,RURAL_VICTORIA,ROAD,12,10.0
41149,1,2,140,2,3,50.0,0,I,MELB_URBAN,ROAD,12,21.0
41150,4,3,183,5,1,80.0,0,N,RURAL_VICTORIA,ROAD,12,10.0
41151,1,1,121,1,1,60.0,0,I,MELB_URBAN,ROAD,12,12.0
41152,6,3,99,5,1,100.0,0,N,RURAL_VICTORIA,ROAD,12,11.0
41153,1,3,130,5,1,60.0,0,N,MELB_URBAN,STREET,12,9.0
41154,1,3,99,5,1,70.0,0,N,MELB_URBAN,ROAD,12,13.0
41155,1,3,120,5,1,100.0,0,N,MELB_URBAN,RAMP,12,11.0
41156,1,5,111,2,3,80.0,0,I,MELB_URBAN,HIGHWAY,11,22.0
41157,1,3,99,5,1,60.0,0,N,MELBOURNE_CBD,STREET,10,16.0
41158,4,3,171,5,1,100.0,0,N,RURAL_VICTORIA,ROAD,12,16.0
41159,1,3,121,1,1,60.0,0,I,MELB_URBAN,STREET,12,15.0
41160,8,3,174,5,1,60.0,0,N,MELB_URBAN,ROAD,12,17.0
41161,1,3,130,5,1,80.0,0,N,MELB_URBAN,HIGHWAY,12,18.0
41162,4,3,171,5,1,60.0,0,N,MELB_URBAN,ROAD,9,16.0
41163,1,2,110,1,1,60.0,0,I,LARGE_PROVINCIAL_CITIES,STREET,12,9.0
41164,1,3,147,5,1,40.0,0,N,MELB_URBAN,STREET,12,17.0
41165,1,3,132,5,1,100.0,0,N,RURAL_VICTORIA,ROAD,12,17.0
41166,1,3,113,2,1,60.0,0,I,LARGE_PROVINCIAL_CITIES,ROAD,12,18.0
41167,8,3,99,1,2,80.0,0,N,MELB_URBAN,ROAD,12,19.0
41168,1,4,130,5,3,80.0,0,N,MELB_URBAN,HIGHWAY,12,0.0
41169,8,4,174,5,2,60.0,0,N,MELB_URBAN,ROAD,12,6.0
41170,1,4,116,2,1,60.0,0,I,MELB_URBAN,ROAD,12,7.0
41171,1,3,99,5,1,70.0,0,N,MELB_URBAN,DRIVE,12,7.0
41172,4,3,181,5,2,100.0,0,N,RURAL_VICTORIA,HIGHWAY,12,19.0
41173,1,2,130,1,1,80.0,0,I,MELB_URBAN,DRIVE,12,16.0
41174,1,3,130,2,2,60.0,0,I,MELB_URBAN,ROAD,11,17.0
41175,2,4,99,5,1,60.0,0,N,TOWNS,HIGHWAY,12,9.0
41176,1,4,130,5,1,60.0,0,N,MELB_URBAN,ROAD,12,8.0
41177,1,4,160,5,1,50.0,0,N,TOWNS,STREET,12,9.0
41178,4,4,183,5,2,100.0,0,N,RURAL_VICTORIA,ROAD,12,5.0
41179,2,3,99,5,3,50.0,0,N,MELB_URBAN,PARADE,12,22.0
41180,1,2,130,5,1,50.0,0,N,MELB_URBAN,STREET,12,15.0
41181,1,4,110,1,1,80.0,0,I,MELB_URBAN,ROAD,12,10.0
41182,1,4,130,5,1,70.0,0,N,MELB_URBAN,ROAD,12,12.0
41183,5,3,99,5,1,100.0,0,N,RURAL_VICTORIA,ROAD,12,18.0
41184,8,4,184,5,1,80.0,0,N,RURAL_VICTORIA,HIGHWAY,12,12.0
41185,1,4,135,5,1,60.0,0,N,MELB_URBAN,ROAD,12,8.0
41186,1,4,140,5,1,50.0,0,N,MELB_URBAN,STREET,12,13.0
41187,1,0,130,1,2,70.0,0,N,MELB_URBAN,AVENUE,12,19.0
41188,7,2,99,1,1,60.0,0,I,MELB_URBAN,HIGHWAY,12,18.0
41189,1,4,120,5,1,60.0,0,N,MELB_URBAN,STREET,12,15.0
41190,1,4,116,2,1,60.0,0,I,LARGE_PROVINCIAL_CITIES,ROAD,12,13.0
41191,4,1,171,5,1,70.0,0,N,MELB_URBAN,ROAD,12,10.0
41192,1,4,99,5,1,40.0,0,N,MELB_URBAN,ROAD,12,15.0
41193,1,4,147,5,1,60.0,0,N,MELB_URBAN,ROAD,12,15.0
41194,4,4,171,5,1,100.0,0,N,RURAL_VICTORIA,HIGHWAY,12,16.0
41195,1,3,110,1,1,80.0,0,I,MELB_URBAN,HIGHWAY,12,15.0
41196,1,4,120,5,1,80.0,0,N,RURAL_VICTORIA,ROAD,12,14.0
41197,1,4,113,2,1,60.0,0,I,MELB_URBAN,OTHER,12,16.0
41198,8,4,174,5,1,60.0,0,N,MELB_URBAN,ROAD,12,16.0
41199,1,4,130,5,1,80.0,0,N,LARGE_PROVINCIAL_CITIES,HIGHWAY,12,18.0
41200,4,4,171,2,1,70.0,0,I,MELB_URBAN,ROAD,12,18.0
41201,1,4,111,1,1,60.0,0,I,MELB_URBAN,STREET,12,17.0
41202,4,4,173,5,1,100.0,0,N,MELB_URBAN,FREEWAY,12,18.0
41203,8,4,174,5,1,50.0,0,N,MELB_URBAN,STREET,12,9.0
41204,1,4,133,5,1,60.0,0,N,MELB_URBAN,STREET,12,11.0
41205,4,4,181,5,5,100.0,0,N,RURAL_VICTORIA,ROAD,12,20.0
41206,4,3,181,5,2,60.0,0,N,TOWNS,ROAD,12,19.0
41207,1,4,130,5,3,100.0,0,N,MELB_URBAN,FREEWAY,12,21.0
41208,2,4,99,5,3,50.0,0,N,MELB_URBAN,STREET,12,21.0
41209,5,6,171,5,1,110.0,0,N,RURAL_VICTORIA,FREEWAY,11,9.0
41210,1,4,113,2,1,60.0,0,I,MELB_URBAN,ROAD,12,15.0
41211,4,4,173,5,3,50.0,0,N,MELB_URBAN,AVENUE,12,23.0
41212,1,4,121,1,1,40.0,0,I,MELB_URBAN,STREET,11,18.0
41213,8,2,174,1,1,40.0,0,I,MELB_URBAN,STREET,12,14.0
41214,8,4,174,1,1,60.0,0,I,SMALL_CITIES,STREET,12,15.0
41215,1,5,120,2,1,80.0,0,I,RURAL_VICTORIA,ROAD,12,7.0
41216,1,5,121,2,1,50.0,0,I,MELB_URBAN,AVENUE,12,8.0
41217,8,7,184,5,1,60.0,0,N,RURAL_VICTORIA,ROAD,11,16.0
41218,4,5,171,5,1,100.0,0,N,MELB_URBAN,FREEWAY,12,9.0
41219,1,5,113,2,1,60.0,0,I,MELB_URBAN,STREET,12,10.0
41220,1,3,116,2,1,60.0,0,I,MELB_URBAN,STREET,11,8.0
41221,1,5,130,5,1,80.0,0,N,MELB_URBAN,ROAD,11,17.0
41222,6,4,184,5,1,80.0,0,N,RURAL_VICTORIA,ROAD,12,18.0
41223,1,5,121,5,1,50.0,0,N,MELB_URBAN,ROAD,12,8.0
41224,2,5,99,1,1,50.0,0,I,TOWNS,STREET,12,8.0
41225,1,5,113,2,1,60.0,0,I,SMALL_CITIES,ROAD,12,11.0
41226,1,2,113,2,1,80.0,0,I,MELB_URBAN,HIGHWAY,12,12.0
41227,1,5,130,5,1,100.0,0,N,MELB_URBAN,FREEWAY,11,18.0
41228,1,5,130,1,1,50.0,0,I,MELB_URBAN,ROAD,12,8.0
41229,1,2,121,5,1,70.0,0,N,MELB_URBAN,DRIVE,12,17.0
41230,4,5,171,5,1,50.0,0,N,MELB_URBAN,DRIVE,12,15.0
41231,4,5,171,5,1,100.0,0,N,TOWNS,HIGHWAY,12,13.0
41232,1,4,113,2,1,80.0,0,I,MELB_URBAN,ROAD,12,16.0
41233,8,4,99,5,1,100.0,0,N,RURAL_VICTORIA,HIGHWAY,12,16.0
41234,6,6,174,1,1,50.0,0,I,SMALL_CITIES,STREET,12,16.0
41235,1,4,163,5,1,40.0,0,N,MELB_URBAN,ROAD,12,15.0
41236,1,5,99,2,1,60.0,0,I,SMALL_CITIES,AVENUE,12,16.0
41237,1,5,130,5,2,100.0,0,N,MELB_URBAN,UNKNOWN,12,16.0
41238,1,2,116,4,1,50.0,0,I,MELB_URBAN,ROAD,11,14.0
41239,8,4,174,2,3,50.0,0,I,MELB_URBAN,STREET,12,0.0
41240,1,5,121,2,1,60.0,0,I,MELB_URBAN,STREET,12,16.0
41241,6,2,170,5,1,60.0,0,N,RURAL_VICTORIA,ROAD,11,14.0
41242,1,5,110,1,2,80.0,0,I,RURAL_VICTORIA,ROAD,12,19.0
41243,1,3,134,5,2,100.0,0,N,MELB_URBAN,FREEWAY,12,6.0
41244,1,5,110,1,2,60.0,0,I,SMALL_CITIES,ROAD,12,19.0
41245,4,5,99,1,1,100.0,0,N,RURAL_VICTORIA,ROAD,12,17.0
41246,4,5,171,5,1,100.0,0,N,MELB_URBAN,FREEWAY,12,18.0
41247,2,5,99,5,2,50.0,0,N,MELB_URBAN,STREET,12,19.0
41248,1,3,132,2,1,60.0,0,I,MELB_URBAN,ROAD,12,17.0
41249,6,5,99,5,1,100.0,0,N,RURAL_VICTORIA,HIGHWAY,12,15.0
41250,4,5,173,5,1,60.0,0,N,RURAL_VICTORIA,ROAD,12,17.0
41251,1,5,113,2,1,80.0,0,I,MELB_URBAN,HIGHWAY,12,13.0
41252,2,5,102,2,3,60.0,0,I,MELB_URBAN,ROAD,12,22.0
41253,6,5,184,5,2,100.0,0,N,MELB_URBAN,FREEWAY,12,5.0
41254,1,5,99,2,2,80.0,0,N,MELB_URBAN,ROAD,12,6.0
41255,4,5,181,5,2,100.0,0,N,RURAL_VICTORIA,ROAD,12,5.0
41256,1,6,121,2,2,60.0,0,N,SMALL_CITIES,ROAD,12,5.0
41257,6,5,99,4,5,60.0,0,I,RURAL_VICTORIA,ROAD,12,23.0
41258,1,6,130,2,1,60.0,0,I,LARGE_PROVINCIAL_CITIES,RAMP,12,7.0
41259,8,1,174,5,1,50.0,0,I,MELB_URBAN,BOULEVARD,11,10.0
41260,5,5,99,5,1,100.0,0,N,MELB_URBAN,RAMP,12,11.0
41261,1,6,99,5,2,60.0,0,N,MELB_URBAN,ROAD,12,6.0
41262,1,6,130,5,1,70.0,0,N,MELB_URBAN,ROAD,12,9.0
41263,1,2,130,1,1,60.0,0,I,MELB_URBAN,ROAD,12,8.0
41264,1,5,132,1,1,100.0,0,I,RURAL_VICTORIA,ROAD,12,7.0
41265,2,5,99,5,1,60.0,0,N,MELB_URBAN,STREET,12,10.0
41266,1,4,130,1,1,40.0,0,I,MELB_URBAN,STREET,12,14.0
41267,2,6,100,1,1,60.0,0,I,SMALL_CITIES,ROAD,12,10.0
41268,1,6,160,5,1,60.0,0,N,MELB_URBAN,ROAD,12,11.0
41269,1,6,110,1,1,50.0,0,I,MELB_URBAN,STREET,12,8.0
41270,1,6,121,2,1,40.0,0,N,MELB_URBAN,STREET,12,8.0
41271,1,6,132,2,1,40.0,0,I,MELB_URBAN,STREET,12,11.0
41272,1,6,121,1,1,60.0,0,N,MELB_URBAN,ROAD,12,12.0
41273,1,6,133,2,1,80.0,0,I,MELB_URBAN,HIGHWAY,12,12.0
41274,1,4,121,2,1,60.0,0,I,MELB_URBAN,ROAD,12,17.0
41275,1,6,121,5,1,60.0,0,N,MELB_URBAN,ROAD,12,12.0
41276,1,2,130,5,1,80.0,0,N,MELB_URBAN,ROAD,12,15.0
41277,1,6,110,1,1,60.0,0,I,TOWNS,STREET,12,13.0
41278,1,2,160,5,1,50.0,0,N,MELB_URBAN,STREET,10,14.0
41279,6,5,170,5,1,100.0,0,N,RURAL_VICTORIA,ROAD,12,12.0
41280,1,5,130,1,3,70.0,0,I,MELB_URBAN,ROAD,12,21.0
41281,4,6,173,5,1,100.0,0,N,RURAL_VICTORIA,HIGHWAY,12,14.0
41282,4,6,171,5,1,50.0,0,N,MELB_URBAN,ROAD,12,14.0
41283,2,6,100,1,1,50.0,0,I,MELB_URBAN,STREET,9,15.0
41284,1,6,121,2,1,60.0,0,I,SMALL_CITIES,HIGHWAY,12,15.0
41285,6,5,99,5,1,100.0,0,N,RURAL_VICTORIA,HIGHWAY,12,16.0
41286,1,6,130,5,1,100.0,0,N,MELB_URBAN,ROAD,12,16.0
41287,6,5,99,5,1,60.0,0,N,MELB_URBAN,RAMP,12,14.0
41288,1,3,132,2,3,50.0,0,I,MELB_URBAN,ROAD,10,20.0
41289,4,5,171,2,2,60.0,0,I,MELB_URBAN,ROAD,12,19.0
41290,1,6,130,5,1,80.0,0,N,MELB_URBAN,HIGHWAY,12,16.0
41291,1,6,99,2,2,60.0,0,I,MELB_URBAN,ROAD,12,19.0
41292,1,4,121,1,1,60.0,0,I,MELB_URBAN,ROAD,12,17.0
41293,1,4,120,5,1,100.0,0,N,RURAL_VICTORIA,HIGHWAY,12,14.0
41294,1,6,99,5,1,60.0,0,N,MELB_URBAN,STREET,12,18.0
41295,4,2,171,5,2,60.0,0,N,RURAL_VICTORIA,ROAD,12,20.0
41296,8,6,174,1,1,60.0,0,I,SMALL_CITIES,STREET,12,18.0
41297,1,6,99,2,3,50.0,0,I,SMALL_CITIES,OTHER,12,21.0
41298,1,6,130,5,1,80.0,0,N,MELB_URBAN,HIGHWAY,12,13.0
41299,1,6,130,5,1,80.0,0,N,RURAL_VICTORIA,HIGHWAY,12,18.0
41300,1,6,113,2,1,80.0,0,I,RURAL_VICTORIA,ROAD,12,17.0
41301,1,5,121,1,1,60.0,0,I,RURAL_VICTORIA,ROAD,12,17.0