,accident_type,day_of_week,dca_code,road_geometry,light_condition,speed_zone,severity,node_type,deg_urban_name,road_type,month,hour
41302,4,5,173,5,3,100.0,0,N,MELB_URBAN,FREEWAY,12,20.0
41303,3,6,167,5,5,100.0,0,N,RURAL_VICTORIA,ROAD,12,21.0
41304,1,6,120,1,3,60.0,0,I,MELB_URBAN,ROAD,12,23.0
41305,1,6,130,5,3,80.0,0,N,LARGE_PROVINCIAL_CITIES,HIGHWAY,12,23.0
41306,1,6,130,5,1,100.0,0,N,MELB_URBAN,FREEWAY,12,15.0
41307,1,6,120,2,5,40.0,0,N,MELB_URBAN,ROAD,12,0.0
41308,1,7,99,5,3,50.0,0,N,SMALL_CITIES,AVENUE,12,1.0
41309,1,7,121,2,3,80.0,0,I,MELB_URBAN,HIGHWAY,12,1.0
41310,4,7,173,1,3,60.0,0,I,MELB_URBAN,RAMP,12,1.0
41311,1,7,130,5,5,100.0,0,N,MELB_URBAN,ROAD,12,3.0
41312,1,6,99,5,3,50.0,0,N,SMALL_CITIES,STREET,12,3.0
41313,1,5,135,5,1,60.0,0,N,MELB_URBAN,ROAD,12,9.0
41314,1,7,130,5,2,70.0,0,N,MELB_URBAN,ROAD,12,5.0
41315,1,7,160,5,3,50.0,0,N,MELB_URBAN,BOULEVARD,12,4.0
41316,7,6,99,1,2,40.0,0,I,MELB_URBAN,DRIVE,12,19.0
41317,1,6,110,1,1,50.0,0,I,MELB_URBAN,OTHER,12,15.0
41318,1,7,147,5,3,80.0,1,N,MELB_URBAN,ROAD,12,1.0
41319,6,7,99,5,1,60.0,0,N,RURAL_VICTORIA,ROAD,3,12.0
41320,2,7,100,2,1,60.0,0,I,MELB_URBAN,ROAD,12,11.0
41321,1,5,130,2,1,80.0,0,N,MELB_URBAN,ROAD,12,17.0
41322,1,7,130,5,1,100.0,0,N,MELB_URBAN,FREEWAY,12,12.0
41323,1,6,140,2,1,50.0,0,I,SMALL_CITIES,DRIVE,12,13.0
41324,1,5,99,2,1,80.0,0,I,MELB_URBAN,HIGHWAY,12,14.0
41325,1,5,163,5,1,60.0,0,N,MELB_URBAN,ROAD,12,16.0
41326,1,7,130,5,1,80.0,0,N,MELB_URBAN,ROAD,12,14.0
41327,1,7,99,5,6,50.0,0,N,MELB_URBAN,STREET,12,0.0
41328,4,7,181,5,1,80.0,0,N,RURAL_VICTORIA,ROAD,12,14.0
41329,1,7,121,1,1,60.0,0,I,MELB_URBAN,ROAD,12,17.0
41330,1,7,130,5,1,70.0,0,N,MELB_URBAN,ROAD,12,17.0
41331,1,7,160,5,1,50.0,0,N,MELB_URBAN,STREET,12,15.0
41332,1,7,160,2,1,40.0,0,I,MELB_URBAN,AVENUE,12,18.0
41333,1,7,110,1,2,60.0,0,I,MELB_URBAN,ROAD,12,19.0
41334,1,7,130,5,2,50.0,0,N,SMALL_CITIES,AVENUE,12,20.0
41335,8,7,174,5,1,60.0,0,N,RURAL_VICTORIA,UNKNOWN,12,17.0
41336,1,7,99,2,1,50.0,0,I,MELB_URBAN,STREET,12,15.0
41337,4,7,171,2,1,80.0,0,N,RURAL_VICTORIA,ROAD,12,15.0
41338,4,7,173,5,5,80.0,0,N,RURAL_VICTORIA,ROAD,12,21.0
41339,4,7,171,2,5,50.0,0,I,MELB_URBAN,AVENUE,12,22.0
41340,6,7,184,5,3,50.0,0,N,MELB_URBAN,DRIVE,12,22.0
41341,1,6,130,5,3,70.0,0,N,MELB_URBAN,STREET,12,23.0
41342,2,7,102,1,3,60.0,0,I,MELB_URBAN,ROAD,12,23.0
41343,1,1,113,2,2,40.0,0,I,MELBOURNE_CBD,STREET,12,5.0
41344,4,3,171,5,5,100.0,0,N,RURAL_VICTORIA,ROAD,11,2.0
41345,7,1,99,5,5,100.0,0,N,RURAL_VICTORIA,OTHER,12,2.0
41346,1,1,173,2,1,50.0,0,I,MELB_URBAN,ROAD,12,9.0
41347,4,1,171,5,1,60.0,0,N,MELB_URBAN,ROAD,12,10.0
41348,1,1,121,1,1,80.0,0,I,MELB_URBAN,STREET,12,9.0
41349,1,2,130,5,1,60.0,0,N,MELB_URBAN,ROAD,11,17.0
41350,6,1,99,5,1,60.0,0,N,RURAL_VICTORIA,ROAD,12,10.0
41351,1,5,120,1,3,60.0,0,I,MELB_URBAN,ROAD,8,20.0
41352,4,1,171,5,5,100.0,0,N,RURAL_VICTORIA,ROAD,12,4.0
41353,1,1,110,1,1,80.0,0,I,RURAL_VICTORIA,ROAD,12,10.0
41354,8,7,99,5,1,60.0,0,N,MELB_URBAN,STREET,12,11.0
41355,1,1,160,5,1,60.0,0,N,MELB_URBAN,ROAD,12,11.0
41356,6,1,99,5,1,100.0,0,N,RURAL_VICTORIA,ROAD,12,11.0
41357,8,1,99,5,1,70.0,0,N,MELB_URBAN,HIGHWAY,12,10.0
41358,1,7,110,1,1,50.0,0,I,SMALL_CITIES,STREET,10,15.0
41359,1,1,160,5,1,100.0,0,N,RURAL_VICTORIA,ROAD,12,12.0
41360,1,7,121,2,3,60.0,0,N,MELB_URBAN,ROAD,12,21.0
41361,1,1,113,2,1,100.0,0,I,RURAL_VICTORIA,HIGHWAY,12,12.0
41362,1,1,130,5,1,70.0,0,N,LARGE_PROVINCIAL_CITIES,HIGHWAY,12,13.0
41363,1,3,121,2,1,60.0,0,I,MELB_URBAN,ROAD,12,15.0
41364,4,1,171,5,2,100.0,0,N,RURAL_VICTORIA,HIGHWAY,12,6.0
41365,1,1,135,5,1,100.0,0,N,MELB_URBAN,HIGHWAY,12,14.0
41366,8,3,174,5,1,60.0,0,N,MELB_URBAN,STREET,11,17.0
41367,1,1,113,2,1,80.0,0,N,MELB_URBAN,ROAD,12,16.0
41368,1,6,130,5,1,60.0,0,N,MELB_URBAN,RAMP,11,17.0
41369,1,0,130,5,1,100.0,0,N,MELB_URBAN,FREEWAY,12,18.0
41370,4,1,173,5,1,100.0,1,N,RURAL_VICTORIA,ROAD,12,15.0
41371,1,0,130,5,9,60.0,0,N,MELB_URBAN,ROAD,11,17.0
41372,1,1,121,5,1,60.0,0,N,MELB_URBAN,STREET,12,15.0
41373,1,1,130,2,1,60.0,0,N,MELB_URBAN,ROAD,12,18.0
41374,1,1,99,5,1,100.0,0,N,RURAL_VICTORIA,ROAD,12,15.0
41375,1,1,130,5,1,80.0,0,N,MELB_URBAN,FREEWAY,12,16.0
41376,1,2,116,1,1,60.0,0,I,TOWNS,STREET,12,9.0
41377,8,1,174,5,1,50.0,0,N,LARGE_PROVINCIAL_CITIES,STREET,12,18.0
41378,1,1,113,2,3,60.0,0,I,MELB_URBAN,BOULEVARD,12,22.0
41379,4,1,171,5,5,80.0,0,N,RURAL_VICTORIA,ROAD,12,22.0
41380,1,2,160,5,3,60.0,0,N,MELB_URBAN,ROAD,12,0.0
41381,4,4,181,5,3,50.0,0,N,MELB_URBAN,ROAD,12,23.0
41382,1,1,130,5,3,70.0,0,N,MELB_URBAN,RAMP,12,22.0
41383,4,2,173,5,3,70.0,0,N,MELB_URBAN,ROAD,12,0.0
41384,1,2,113,4,5,80.0,0,I,LARGE_PROVINCIAL_CITIES,RAMP,12,2.0
41385,1,2,99,1,9,60.0,0,I,MELBOURNE_CBD,STREET,9,14.0
41386,1,1,133,5,5,110.0,0,N,RURAL_VICTORIA,FREEWAY,12,23.0
41387,4,2,171,5,3,50.0,0,N,MELB_URBAN,ROAD,12,1.0
41388,1,7,130,5,1,60.0,0,N,TOWNS,HIGHWAY,12,16.0
41389,1,2,121,2,2,60.0,0,I,MELB_URBAN,ROAD,12,6.0
41390,8,2,170,5,2,100.0,0,N,RURAL_VICTORIA,ROAD,12,6.0
41391,1,2,130,1,1,80.0,0,I,MELB_URBAN,ROAD,11,8.0
41392,8,5,174,1,1,60.0,0,I,TOWNS,STREET,12,9.0
41393,1,2,99,5,1,100.0,0,N,RURAL_VICTORIA,ROAD,12,10.0
41394,4,2,183,5,1,100.0,0,N,RURAL_VICTORIA,HIGHWAY,12,8.0
41395,4,2,183,5,1,100.0,0,N,RURAL_VICTORIA,ROAD,12,7.0
41396,1,2,110,1,1,100.0,0,I,RURAL_VICTORIA,ROAD,12,9.0
41397,1,2,121,2,1,80.0,0,I,MELB_URBAN,ROAD,12,10.0
41398,8,7,184,5,1,60.0,0,I,RURAL_VICTORIA,ROAD,12,9.0
41399,1,2,132,5,1,100.0,0,N,RURAL_VICTORIA,ROAD,12,10.0
41400,2,5,100,5,1,50.0,0,N,LARGE_PROVINCIAL_CITIES,STREET,12,16.0
41401,1,2,130,5,1,80.0,0,N,MELB_URBAN,UNKNOWN,12,10.0
41402,1,1,160,5,3,50.0,0,N,MELB_URBAN,ROAD,12,22.0
41403,1,4,130,1,1,60.0,0,I,LARGE_PROVINCIAL_CITIES,STREET,11,15.0
41404,1,0,132,2,1,60.0,0,N,MELB_URBAN,ROAD,11,16.0
41405,1,2,120,5,1,100.0,0,N,RURAL_VICTORIA,ROAD,12,12.0
41406,1,2,130,5,1,60.0,0,N,MELB_URBAN,ROAD,12,13.0
41407,1,2,130,2,1,70.0,0,I,RURAL_VICTORIA,ROAD,12,13.0
41408,2,4,99,1,1,50.0,0,I,MELB_URBAN,STREET,10,16.0
41409,1,0,132,1,1,60.0,0,I,MELB_URBAN,ROAD,12,12.0
41410,4,1,171,5,1,70.0,0,N,MELB_URBAN,ROAD,12,13.0
41411,4,2,183,5,1,100.0,0,N,RURAL_VICTORIA,ROAD,12,7.0
41412,1,0,130,1,1,60.0,0,I,MELB_URBAN,HIGHWAY,12,15.0
41413,8,3,170,2,6,60.0,0,I,MELB_URBAN,HIGHWAY,12,5.0
41414,8,7,174,3,1,60.0,0,I,RURAL_VICTORIA,ROAD,10,10.0
41415,1,2,130,1,1,110.0,0,N,RURAL_VICTORIA,STREET,12,11.0
41416,1,7,130,2,1,60.0,0,I,RURAL_VICTORIA,STREET,12,13.0
41417,2,1,100,1,1,60.0,0,I,MELB_URBAN,ROAD,12,15.0
41418,8,3,174,2,3,40.0,0,N,MELB_URBAN,STREET,11,21.0
41419,1,2,113,2,1,100.0,0,I,MELB_URBAN,ROAD,12,13.0
41420,1,2,99,2,1,60.0,0,I,MELB_URBAN,ROAD,12,17.0
41421,1,5,147,5,2,50.0,0,N,LARGE_PROVINCIAL_CITIES,STREET,10,17.0
41422,4,2,173,5,1,100.0,0,N,RURAL_VICTORIA,ROAD,12,13.0
41423,1,2,121,1,1,60.0,0,I,MELB_URBAN,ROAD,12,14.0
41424,1,2,121,1,1,50.0,0,I,LARGE_PROVINCIAL_CITIES,STREET,12,17.0
41425,1,2,99,1,2,80.0,0,I,MELB_URBAN,ROAD,12,19.0
41426,1,2,121,2,1,40.0,0,I,MELB_URBAN,STREET,12,18.0
41427,1,2,120,5,1,100.0,0,N,RURAL_VICTORIA,ROAD,12,18.0
41428,6,2,170,5,2,100.0,0,N,RURAL_VICTORIA,ROAD,12,18.0
41429,1,2,110,1,1,50.0,0,I,TOWNS,STREET,12,17.0
41430,1,2,163,5,2,60.0,0,N,MELB_URBAN,ROAD,12,20.0
41431,4,1,183,5,1,80.0,0,N,RURAL_VICTORIA,ROAD,12,18.0
41432,1,1,160,2,3,60.0,0,I,SMALL_CITIES,AVENUE,12,2.0
41433,1,2,134,5,1,80.0,1,N,RURAL_VICTORIA,STREET,12,15.0
41434,1,2,160,5,3,60.0,0,N,MELB_URBAN,ROAD,12,22.0
41435,4,3,181,5,5,100.0,0,N,RURAL_VICTORIA,ROAD,12,1.0
41436,4,1,99,5,1,50.0,0,N,TOWNS,STREET,12,14.0
41437,1,3,121,2,1,60.0,0,N,MELB_URBAN,ROAD,12,7.0
41438,1,3,130,2,1,60.0,0,N,MELB_URBAN,STREET,12,7.0
41439,1,2,130,5,1,60.0,0,N,SMALL_CITIES,ROAD,12,7.0
41440,6,3,174,5,1,50.0,0,N,MELB_URBAN,STREET,12,9.0
41441,1,2,130,5,1,40.0,0,N,MELB_URBAN,ROAD,12,18.0
41442,1,2,113,2,1,40.0,0,I,MELB_URBAN,ROAD,12,8.0
41443,1,3,99,5,1,40.0,0,N,MELB_URBAN,PARADE,12,9.0
41444,1,1,99,5,2,50.0,0,N,MELB_URBAN,OTHER,11,19.0
41445,1,3,160,5,2,70.0,0,N,MELB_URBAN,ROAD,12,6.0
41446,1,2,147,5,2,60.0,0,N,MELB_URBAN,ROAD,12,20.0
41447,1,3,113,2,1,60.0,0,I,LARGE_PROVINCIAL_CITIES,ROAD,12,11.0
41448,1,7,121,2,1,70.0,0,I,MELB_URBAN,HIGHWAY,12,11.0
41449,1,3,121,5,1,70.0,0,N,RURAL_VICTORIA,ROAD,12,12.0
41450,1,3,99,2,1,100.0,0,I,RURAL_VICTORIA,ROAD,12,11.0
41451,1,3,134,5,1,60.0,0,N,MELB_URBAN,STREET,12,11.0
41452,2,3,99,5,9,60.0,0,N,MELB_URBAN,STREET,12,13.0
41453,1,7,130,2,1,80.0,0,I,MELB_URBAN,ROAD,12,12.0
41454,8,4,174,5,1,100.0,0,N,RURAL_VICTORIA,OTHER,12,11.0
41455,1,2,130,5,1,100.0,0,N,MELB_URBAN,RAMP,12,11.0
41456,1,6,121,1,1,40.0,0,I,MELB_URBAN,ROAD,12,8.0
41457,1,5,147,2,3,50.0,0,I,MELB_URBAN,OTHER,9,0.0
41458,3,4,167,5,5,100.0,0,N,RURAL_VICTORIA,HIGHWAY,10,4.0
41459,1,1,110,1,1,50.0,0,I,MELB_URBAN,STREET,11,18.0
41460,8,3,174,1,9,60.0,0,I,MELB_URBAN,STREET,12,17.0
41461,1,4,135,5,1,60.0,0,N,MELB_URBAN,STREET,12,16.0
41462,1,2,130,2,1,80.0,0,I,MELB_URBAN,HIGHWAY,12,17.0
41463,1,3,130,5,1,60.0,0,N,MELB_URBAN,ROAD,12,17.0
41464,1,2,99,5,1,50.0,0,N,MELB_URBAN,ROAD,12,15.0
41465,5,3,99,2,1,80.0,0,I,RURAL_VICTORIA,HIGHWAY,12,16.0
41466,1,3,160,5,2,60.0,0,N,MELB_URBAN,AVENUE,12,19.0
41467,1,3,130,5,1,60.0,0,N,MELB_URBAN,DRIVE,12,15.0
41468,1,2,111,2,1,50.0,0,I,MELB_URBAN,DRIVE,12,10.0
41469,1,3,110,1,1,50.0,0,I,SMALL_CITIES,STREET,12,17.0
41470,4,3,173,5,3,100.0,0,N,MELB_URBAN,FREEWAY,12,23.0
41471,1,4,163,2,3,60.0,0,N,MELB_URBAN,ROAD,12,1.0
41472,1,4,99,5,3,50.0,0,N,MELB_URBAN,DRIVE,12,0.0
41473,1,4,130,5,1,60.0,0,N,MELB_URBAN,ROAD,12,12.0
41474,1,2,163,2,1,40.0,0,N,MELB_URBAN,STREET,12,15.0
41475,1,4,130,5,2,100.0,0,N,MELB_URBAN,FREEWAY,12,6.0
41476,1,4,99,5,2,50.0,0,N,MELB_URBAN,DRIVE,12,6.0
41477,1,4,113,2,1,60.0,0,I,LARGE_PROVINCIAL_CITIES,STREET,12,8.0
41478,1,4,121,1,1,60.0,0,I,MELB_URBAN,HIGHWAY,12,11.0
41479,1,3,121,2,1,60.0,0,I,MELB_URBAN,STREET,12,10.0
41480,8,4,174,1,1,50.0,0,I,MELB_URBAN,ROAD,12,10.0
41481,1,4,147,5,1,60.0,0,N,MELB_URBAN,ROAD,12,10.0
41482,1,3,110,1,1,80.0,0,I,SMALL_CITIES,ROAD,12,18.0
41483,1,4,132,2,1,40.0,0,I,MELB_URBAN,ROAD,12,7.0
41484,1,4,99,5,1,100.0,0,N,RURAL_VICTORIA,ROAD,12,11.0
41485,6,4,174,5,1,60.0,0,N,RURAL_VICTORIA,UNKNOWN,12,13.0
41486,1,3,110,1,1,60.0,0,I,MELB_URBAN,ROAD,12,11.0
41487,1,3,121,5,3,60.0,0,N,MELB_URBAN,ROAD,12,23.0
41488,1,6,130,5,9,60.0,0,N,MELB_URBAN,ROAD,11,15.0
41489,1,4,130,1,1,80.0,0,I,MELB_URBAN,HIGHWAY,12,12.0
41490,1,4,130,4,1,80.0,0,I,MELB_URBAN,RAMP,12,10.0
41491,1,3,110,1,1,50.0,0,I,MELB_URBAN,ROAD,12,12.0
41492,1,4,99,5,1,50.0,0,N,MELB_URBAN,STREET,12,12.0
41493,4,4,181,5,1,70.0,0,N,MELB_URBAN,STREET,12,13.0
41494,1,4,99,5,1,60.0,0,N,SMALL_CITIES,ROAD,12,14.0
41495,1,4,130,5,1,60.0,0,N,MELB_URBAN,ROAD,12,15.0
41496,6,7,170,2,1,80.0,0,I,RURAL_VICTORIA,ROAD,12,11.0
41497,1,3,130,2,1,60.0,0,I,MELB_URBAN,ROAD,12,16.0
41498,1,4,121,4,1,60.0,0,I,MELB_URBAN,AVENUE,12,11.0
41499,1,4,130,5,1,60.0,0,N,MELB_URBAN,ROAD,12,16.0
41500,1,4,120,5,1,100.0,1,N,RURAL_VICTORIA,HIGHWAY,12,8.0
41501,1,3,130,5,1,70.0,0,N,MELB_URBAN,ROAD,12,15.0
41502,1,4,113,2,1,80.0,0,I,MELB_URBAN,ROAD,12,17.0
41503,1,3,130,4,1,60.0,0,N,MELB_URBAN,STREET,12,18.0
41504,2,4,99,5,1,60.0,0,N,MELB_URBAN,ROAD,12,18.0
41505,1,4,130,5,1,60.0,0,N,SMALL_CITIES,STREET,12,17.0
41506,1,4,160,5,2,50.0,0,N,SMALL_CITIES,STREET,12,19.0
41507,1,4,130,1,1,50.0,0,I,LARGE_PROVINCIAL_CITIES,ROAD,12,18.0
41508,1,4,163,5,1,50.0,0,N,MELB_URBAN,STREET,12,18.0
41509,1,3,110,1,1,70.0,0,I,MELB_URBAN,ROAD,12,18.0
41510,1,3,121,1,1,60.0,0,I,MELB_URBAN,STREET,12,17.0
41511,1,3,163,5,1,40.0,0,N,MELBOURNE_CBD,STREET,12,16.0
41512,6,1,184,5,1,60.0,0,N,RURAL_VICTORIA,ROAD,12,12.0
41513,1,4,130,1,2,60.0,0,I,MELB_URBAN,OTHER,12,20.0
41514,1,4,110,1,3,80.0,0,I,MELB_URBAN,RAMP,12,21.0
41515,4,7,99,5,2,60.0,0,I,RURAL_VICTORIA,ROAD,12,7.0
41516,1,4,110,1,1,80.0,0,I,MELB_URBAN,ROAD,12,7.0
41517,1,3,130,5,1,70.0,0,N,MELB_URBAN,ROAD,12,17.0
41518,1,4,120,5,2,60.0,0,N,MELB_URBAN,UNKNOWN,12,19.0
41519,1,5,130,5,2,100.0,0,N,MELB_URBAN,FREEWAY,9,6.0
41520,1,5,132,5,3,50.0,0,N,MELB_URBAN,OTHER,12,0.0
41521,1,4,110,1,1,100.0,0,I,RURAL_VICTORIA,ROAD,12,13.0
41522,1,5,110,1,1,60.0,0,I,TOWNS,ROAD,12,7.0
41523,1,5,120,5,2,60.0,0,N,MELB_URBAN,ROAD,12,6.0
41524,1,3,130,5,1,60.0,0,N,MELB_URBAN,STREET,12,17.0
41525,4,5,173,5,1,60.0,0,N,MELB_URBAN,HIGHWAY,12,7.0
41526,1,5,121,1,1,40.0,0,I,MELB_URBAN,STREET,12,8.0
41527,1,4,130,1,1,80.0,0,N,MELB_URBAN,ROAD,12,12.0
41528,2,5,99,5,1,50.0,0,N,MELB_URBAN,DRIVE,12,8.0
41529,6,5,170,5,1,60.0,0,N,MELB_URBAN,ROAD,12,16.0
41530,4,5,173,5,1,40.0,0,N,MELB_URBAN,ROAD,12,9.0
41531,4,4,171,5,2,60.0,0,N,MELB_URBAN,PARADE,12,20.0
41532,1,5,133,2,1,80.0,0,N,SMALL_CITIES,HIGHWAY,12,10.0
41533,1,4,160,5,2,50.0,0,N,MELB_URBAN,STREET,12,19.0
41534,1,5,99,5,1,100.0,0,N,MELB_URBAN,FREEWAY,12,7.0
41535,1,5,99,5,9,40.0,0,N,MELBOURNE_CBD,STREET,11,18.0
41536,1,6,130,2,1,60.0,0,I,MELB_URBAN,ROAD,11,17.0
41537,1,7,99,2,1,60.0,0,I,MELB_URBAN,ROAD,12,13.0
41538,4,1,183,2,9,60.0,0,I,RURAL_VICTORIA,ROAD,12,20.0
41539,2,5,99,5,1,50.0,0,N,MELB_URBAN,STREET,2,12.0
41540,1,5,120,5,1,100.0,0,N,RURAL_VICTORIA,ROAD,12,9.0
41541,1,1,110,1,1,50.0,0,I,MELB_URBAN,STREET,1,14.0
41542,1,4,130,5,1,80.0,0,N,LARGE_PROVINCIAL_CITIES,HIGHWAY,12,8.0
41543,1,5,99,5,1,50.0,0,N,MELB_URBAN,AVENUE,12,11.0
41544,4,5,171,5,1,80.0,0,N,RURAL_VICTORIA,STREET,12,12.0
41545,1,4,121,1,1,80.0,0,I,SMALL_TOWNS,HIGHWAY,12,12.0
41546,1,5,130,2,1,50.0,0,I,MELB_URBAN,STREET,12,9.0
41547,1,5,121,1,1,60.0,0,N,MELB_URBAN,AVENUE,12,11.0
41548,1,5,121,2,1,70.0,0,I,MELB_URBAN,HIGHWAY,12,15.0
41549,1,4,99,1,1,40.0,0,I,MELB_URBAN,STREET,9,8.0
41550,6,7,174,5,1,50.0,0,N,MELB_URBAN,STREET,11,14.0
41551,2,5,99,5,1,40.0,0,N,MELBOURNE_CBD,STREET,12,13.0
41552,1,5,130,5,1,100.0,0,N,MELB_URBAN,ROAD,12,14.0
41553,1,6,135,5,2,70.0,0,N,MELB_URBAN,ROAD,11,7.0
41554,6,4,174,9,1,60.0,0,N,RURAL_VICTORIA,ROAD,12,11.0
41555,1,5,130,5,1,100.0,0,N,MELB_URBAN,FREEWAY,12,16.0
41556,1,5,113,2,1,50.0,0,I,MELB_URBAN,ROAD,12,17.0
41557,2,5,102,5,1,40.0,0,N,MELB_URBAN,ROAD,12,16.0
41558,2,5,99,5,1,50.0,0,N,MELB_URBAN,STREET,12,17.0
41559,4,5,173,2,1,60.0,0,I,MELB_URBAN,ROAD,12,16.0
41560,1,5,130,5,1,60.0,0,N,MELB_URBAN,ROAD,12,18.0
41561,1,4,130,2,1,60.0,0,I,MELB_URBAN,ROAD,12,10.0
41562,1,5,120,5,1,100.0,0,N,RURAL_VICTORIA,ROAD,12,16.0
41563,1,5,130,5,1,70.0,0,N,MELB_URBAN,ROAD,12,17.0
41564,1,5,130,5,1,80.0,0,N,RURAL_VICTORIA,ROAD,12,17.0
41565,1,7,132,2,1,60.0,0,I,MELB_URBAN,ROAD,11,13.0
41566,4,5,183,5,1,70.0,0,N,MELB_URBAN,ROAD,12,18.0
41567,6,5,99,5,5,80.0,0,N,RURAL_VICTORIA,ROAD,12,21.0
41568,1,4,110,1,1,40.0,0,I,MELB_URBAN,ROAD,12,8.0
41569,8,5,174,5,3,60.0,0,N,MELB_URBAN,ROAD,12,21.0
41570,6,5,99,5,2,80.0,0,N,RURAL_VICTORIA,ROAD,12,20.0
41571,4,6,173,5,5,80.0,0,N,MELB_URBAN,ROAD,12,1.0
41572,6,1,184,5,1,60.0,0,N,SMALL_TOWNS,ROAD,10,11.0
41573,1,4,130,1,6,50.0,0,I,MELB_URBAN,STREET,12,22.0
41574,1,5,121,2,1,50.0,0,I,SMALL_CITIES,STREET,12,14.0
41575,4,6,183,5,3,80.0,0,N,MELB_URBAN,ROAD,12,3.0
41576,4,4,181,5,2,60.0,0,N,MELB_URBAN,ROAD,12,19.0
41577,1,5,130,5,1,100.0,0,N,RURAL_VICTORIA,ROAD,12,15.0
41578,2,1,100,5,2,60.0,0,N,TOWNS,AVENUE,12,19.0
41579,1,5,99,5,5,50.0,0,N,MELB_URBAN,DRIVE,12,21.0
41580,1,7,130,2,2,80.0,0,I,MELB_URBAN,ROAD,11,19.0
41581,1,4,140,5,1,80.0,0,N,RURAL_VICTORIA,HIGHWAY,12,12.0
41582,6,1,174,2,6,60.0,0,I,MELB_URBAN,ROAD,12,23.0
41583,2,2,99,5,1,40.0,0,N,MELBOURNE_CBD,STREET,12,15.0
41584,4,5,171,5,1,50.0,0,N,MELB_URBAN,ROAD,12,11.0
41585,4,6,171,5,1,60.0,0,N,LARGE_PROVINCIAL_CITIES,ROAD,12,10.0
41586,1,6,99,5,1,60.0,0,N,MELB_URBAN,STREET,12,11.0
41587,1,6,147,5,1,60.0,0,N,LARGE_PROVINCIAL_CITIES,STREET,12,12.0
41588,1,6,130,5,1,60.0,0,N,MELB_URBAN,ROAD,12,8.0
41589,1,6,140,2,1,50.0,0,I,MELB_URBAN,STREET,12,13.0
41590,1,5,99,2,1,50.0,0,I,MELB_URBAN,ROAD,12,14.0
41591,1,3,120,5,1,60.0,0,N,RURAL_VICTORIA,ROAD,12,16.0
41592,4,5,171,5,1,50.0,0,N,MELB_URBAN,BOULEVARD,12,15.0
41593,1,5,110,1,1,60.0,0,I,MELB_URBAN,STREET,12,15.0
41594,1,5,147,5,3,80.0,0,N,MELB_URBAN,ROAD,12,21.0
41595,1,1,110,1,1,60.0,0,I,MELB_URBAN,DRIVE,12,7.0
41596,4,2,173,5,1,60.0,0,I,TOWNS,HIGHWAY,12,13.0
41597,1,6,99,5,1,100.0,0,N,RURAL_VICTORIA,ROAD,12,14.0
41598,1,5,121,2,1,40.0,0,I,MELB_URBAN,ROAD,12,15.0
41599,1,6,99,5,1,60.0,0,N,MELB_URBAN,ROAD,12,13.0
41600,1,6,140,5,1,60.0,0,N,MELB_URBAN,ROAD,12,15.0
41601,1,6,160,5,1,60.0,0,N,MELB_URBAN,ROAD,12,17.0
41602,1,6,121,2,1,60.0,0,I,MELB_URBAN,STREET,12,18.0
41603,4,6,173,5,2,100.0,0,N,RURAL_VICTORIA,ROAD,12,19.0
41604,4,5,183,5,1,50.0,0,N,SMALL_CITIES,DRIVE,12,17.0
41605,1,6,99,5,1,60.0,0,N,LARGE_PROVINCIAL_CITIES,ROAD,12,17.0
41606,1,6,120,5,1,100.0,0,N,RURAL_VICTORIA,ROAD,12,18.0
41607,1,6,110,1,2,60.0,0,I,MELB_URBAN,ROAD,12,19.0
41608,6,6,184,5,1,100.0,0,N,RURAL_VICTORIA,ROAD,12,17.0
41609,1,6,130,1,1,70.0,0,I,MELB_URBAN,HIGHWAY,12,9.0
41610,1,6,121,1,1,60.0,0,I,MELB_URBAN,ROAD,12,16.0
41611,1,6,133,2,1,60.0,0,I,MELB_URBAN,STREET,12,16.0
41612,4,6,173,5,5,100.0,0,N,RURAL_VICTORIA,ROAD,12,22.0
41613,4,7,171,1,3,80.0,0,I,MELB_URBAN,ROAD,12,2.0
41614,1,7,130,1,3,60.0,0,I,MELB_URBAN,ROAD,12,4.0
41615,1,7,160,5,3,60.0,0,N,MELB_URBAN,ROAD,12,2.0
41616,1,3,130,5,1,60.0,0,N,MELB_URBAN,STREET,12,16.0
41617,1,6,163,5,1,50.0,0,N,SMALL_CITIES,STREET,12,8.0
41618,1,4,130,1,1,70.0,0,I,MELB_URBAN,ROAD,12,11.0
41619,4,6,181,5,1,100.0,0,N,RURAL_VICTORIA,ROAD,12,7.0
41620,1,3,130,1,9,80.0,0,I,MELB_URBAN,HIGHWAY,9,14.0
41621,1,4,99,5,1,60.0,0,N,MELB_URBAN,ROAD,12,16.0
41622,1,7,121,4,1,60.0,0,I,MELB_URBAN,ROAD,12,7.0
41623,1,7,99,5,1,50.0,0,N,LARGE_PROVINCIAL_CITIES,STREET,12,8.0
41624,1,7,99,2,1,50.0,0,I,MELB_URBAN,STREET,12,10.0
41625,1,7,121,4,1,80.0,0,I,MELB_URBAN,HIGHWAY,12,11.0
41626,1,7,130,5,1,70.0,0,N,MELB_URBAN,ROAD,12,12.0
41627,1,7,130,5,1,100.0,0,N,MELB_URBAN,FREEWAY,12,9.0
41628,1,7,132,2,1,60.0,0,I,MELB_URBAN,STREET,12,9.0