,accident_type,day_of_week,dca_code,road_geometry,light_condition,speed_zone,severity,node_type,deg_urban_name,road_type,month,hour
41629,4,4,181,5,2,100.0,0,N,RURAL_VICTORIA,ROAD,10,17.0
41630,1,1,130,5,1,80.0,0,N,MELB_URBAN,HIGHWAY,12,10.0
41631,4,7,183,5,1,100.0,0,N,RURAL_VICTORIA,ROAD,12,12.0
41632,4,6,171,5,1,100.0,0,N,MELB_URBAN,ROAD,12,13.0
41633,2,5,99,5,1,50.0,0,N,TOWNS,ROAD,12,11.0
41634,1,6,121,2,1,60.0,0,I,MELB_URBAN,ROAD,12,16.0
41635,6,7,170,5,1,100.0,0,N,RURAL_VICTORIA,ROAD,12,12.0
41636,1,7,121,1,1,60.0,0,I,LARGE_PROVINCIAL_CITIES,STREET,12,14.0
41637,4,7,171,1,1,40.0,0,I,MELB_URBAN,STREET,12,15.0
41638,1,6,163,1,1,50.0,0,I,MELB_URBAN,STREET,12,8.0
41639,1,7,130,1,1,60.0,0,I,MELB_URBAN,ROAD,12,10.0
41640,1,7,132,2,1,50.0,0,I,MELB_URBAN,STREET,12,14.0
41641,1,6,121,1,1,60.0,0,I,MELB_URBAN,STREET,12,14.0
41642,4,7,171,5,1,60.0,0,N,MELB_URBAN,ROAD,12,16.0
41643,4,5,181,5,1,100.0,0,N,RURAL_VICTORIA,ROAD,12,14.0
41644,1,6,113,2,3,60.0,0,I,MELB_URBAN,ROAD,12,22.0
41645,4,7,173,5,1,100.0,0,N,MELB_URBAN,FREEWAY,12,16.0
41646,1,2,130,2,1,60.0,0,I,MELB_URBAN,ROAD,12,15.0
41647,1,7,130,5,1,80.0,0,N,MELB_URBAN,ROAD,12,17.0
41648,1,7,110,1,2,50.0,0,I,MELB_URBAN,STREET,12,19.0
41649,1,7,130,5,1,100.0,0,N,MELB_URBAN,FREEWAY,12,11.0
41650,1,6,110,1,1,60.0,0,I,MELB_URBAN,ROAD,12,16.0
41651,1,6,160,5,5,70.0,0,N,RURAL_VICTORIA,ROAD,12,4.0
41652,1,7,132,2,2,70.0,0,I,MELB_URBAN,ROAD,12,5.0
41653,1,7,121,4,3,60.0,0,I,MELB_URBAN,ROAD,12,22.0
41654,1,7,130,5,3,60.0,0,N,MELB_URBAN,ROAD,12,23.0
41655,4,7,171,5,2,110.0,0,N,RURAL_VICTORIA,FREEWAY,12,6.0
41656,1,7,160,5,3,50.0,0,N,MELB_URBAN,AVENUE,12,22.0
41657,2,1,99,5,3,50.0,0,N,LARGE_PROVINCIAL_CITIES,ROAD,12,0.0
41658,1,7,121,1,3,70.0,0,I,MELB_URBAN,HIGHWAY,12,22.0
41659,4,1,173,5,3,60.0,0,N,MELB_URBAN,DRIVE,12,4.0
41660,1,6,113,2,2,40.0,0,I,MELB_URBAN,ROAD,12,19.0
41661,1,7,140,5,1,60.0,0,N,MELB_URBAN,ROAD,12,18.0
41662,4,5,181,5,1,100.0,0,N,RURAL_VICTORIA,ROAD,12,14.0
41663,4,1,171,5,1,110.0,0,N,RURAL_VICTORIA,FREEWAY,12,8.0
41664,1,7,113,4,3,80.0,0,I,MELB_URBAN,ROAD,12,22.0
41665,1,1,111,1,1,60.0,0,I,LARGE_PROVINCIAL_CITIES,STREET,12,10.0
41666,4,1,171,5,1,80.0,0,N,RURAL_VICTORIA,ROAD,12,11.0
41667,1,5,113,2,3,60.0,0,I,MELB_URBAN,STREET,12,21.0
41668,2,3,99,5,1,50.0,0,N,MELB_URBAN,STREET,12,16.0
41669,8,5,174,1,1,70.0,0,N,RURAL_VICTORIA,HIGHWAY,12,15.0
41670,6,1,170,5,1,60.0,0,N,RURAL_VICTORIA,ROAD,12,11.0
41671,1,1,133,5,1,80.0,0,N,MELB_URBAN,HIGHWAY,12,10.0
41672,2,7,100,2,2,70.0,0,I,MELB_URBAN,ROAD,12,20.0
41673,6,1,174,5,1,100.0,0,N,RURAL_VICTORIA,ROAD,12,12.0
41674,6,7,99,2,1,40.0,0,N,RURAL_VICTORIA,ROAD,11,13.0
41675,6,1,170,5,1,80.0,0,N,RURAL_VICTORIA,ROAD,12,14.0
41676,8,1,184,5,1,100.0,0,N,RURAL_VICTORIA,ROAD,12,11.0
41677,1,1,121,2,1,80.0,0,N,MELB_URBAN,ROAD,12,12.0
41678,1,1,110,1,1,60.0,0,I,MELB_URBAN,ROAD,12,14.0
41679,1,3,130,1,9,60.0,0,I,MELB_URBAN,ROAD,11,6.0
41680,1,1,110,1,1,80.0,0,I,TOWNS,ROAD,12,15.0
41681,1,2,113,1,1,50.0,0,I,MELB_URBAN,STREET,12,16.0
41682,1,7,99,5,3,60.0,0,N,MELB_URBAN,ROAD,12,23.0
41683,4,1,181,5,1,100.0,0,N,RURAL_VICTORIA,ROAD,12,16.0
41684,4,0,173,5,1,100.0,0,N,RURAL_VICTORIA,ROAD,12,16.0
41685,1,5,110,1,1,60.0,0,I,MELB_URBAN,ROAD,12,8.0
41686,4,1,181,5,3,60.0,0,N,TOWNS,HIGHWAY,12,2.0
41687,1,5,99,5,1,40.0,0,N,MELB_URBAN,ROAD,12,9.0
41688,4,1,173,5,3,40.0,0,N,TOWNS,STREET,12,21.0
41689,4,1,173,5,2,60.0,0,N,TOWNS,ROAD,12,20.0
41690,1,1,110,1,2,60.0,0,I,MELB_URBAN,STREET,8,17.0
41691,7,2,99,2,3,50.0,0,N,MELB_URBAN,STREET,12,1.0
41692,1,5,130,2,1,70.0,0,I,MELB_URBAN,ROAD,12,12.0
41693,1,3,121,5,1,60.0,0,N,MELB_URBAN,ROAD,11,18.0
41694,1,2,135,2,2,100.0,0,I,MELB_URBAN,FREEWAY,12,6.0
41695,2,6,102,5,1,50.0,0,N,MELB_URBAN,ROAD,12,11.0
41696,1,1,121,5,1,60.0,0,N,MELB_URBAN,ROAD,7,11.0
41697,1,5,130,2,1,60.0,0,I,MELB_URBAN,ROAD,12,14.0
41698,1,3,130,4,1,80.0,0,N,MELB_URBAN,RAMP,12,12.0
41699,1,2,121,2,1,80.0,0,N,MELB_URBAN,ROAD,12,10.0
41700,1,5,130,5,2,80.0,0,N,MELB_URBAN,ROAD,12,17.0
41701,4,1,171,5,5,100.0,0,N,RURAL_VICTORIA,ROAD,12,22.0
41702,1,2,130,5,1,60.0,0,N,MELB_URBAN,FREEWAY,12,8.0
41703,6,2,174,1,1,80.0,0,N,RURAL_VICTORIA,ROAD,12,8.0
41704,1,7,132,2,1,60.0,0,I,MELB_URBAN,STREET,11,17.0
41705,1,2,99,5,1,50.0,0,N,MELB_URBAN,STREET,12,10.0
41706,1,2,110,1,1,50.0,0,I,TOWNS,AVENUE,12,10.0
41707,1,2,99,5,1,50.0,0,N,MELB_URBAN,STREET,12,9.0
41708,1,2,110,1,1,50.0,0,I,MELB_URBAN,STREET,12,9.0
41709,1,2,134,5,1,80.0,0,N,RURAL_VICTORIA,ROAD,12,8.0
41710,1,1,160,5,1,100.0,0,I,MELB_URBAN,FREEWAY,12,15.0
41711,2,2,99,5,1,60.0,0,N,MELB_URBAN,STREET,12,12.0
41712,1,2,130,5,1,70.0,0,N,MELB_URBAN,ROAD,12,12.0
41713,1,5,111,2,1,60.0,0,I,LARGE_PROVINCIAL_CITIES,ROAD,12,7.0
41714,1,1,121,2,1,60.0,0,N,MELB_URBAN,HIGHWAY,12,12.0
41715,1,2,113,2,1,80.0,1,I,MELB_URBAN,ROAD,12,11.0
41716,1,2,160,5,1,80.0,0,N,MELB_URBAN,RAMP,12,10.0
41717,1,2,110,1,1,60.0,0,I,MELB_URBAN,ROAD,12,13.0
41718,1,5,130,5,9,80.0,0,N,RURAL_VICTORIA,ROAD,8,15.0
41719,1,2,121,4,1,60.0,0,I,MELB_URBAN,ROAD,12,14.0
41720,4,2,171,5,1,70.0,0,N,MELB_URBAN,ROAD,12,7.0
41721,4,2,99,5,1,50.0,0,N,TOWNS,STREET,12,15.0
41722,6,2,174,5,1,50.0,0,N,MELB_URBAN,ROAD,12,13.0
41723,8,1,99,5,1,100.0,0,N,RURAL_VICTORIA,ROAD,11,16.0
41724,1,4,99,1,1,70.0,0,I,MELB_URBAN,ROAD,11,13.0
41725,1,1,140,5,1,50.0,0,N,MELB_URBAN,STREET,12,17.0
41726,1,1,130,5,2,70.0,0,N,RURAL_VICTORIA,ROAD,12,19.0
41727,4,2,181,2,1,60.0,0,I,MELB_URBAN,STREET,12,17.0
41728,1,2,130,1,1,60.0,0,I,SMALL_CITIES,ROAD,12,18.0
41729,1,2,99,2,1,50.0,0,I,MELB_URBAN,ROAD,12,13.0
41730,1,7,110,1,2,80.0,0,I,MELB_URBAN,ROAD,12,5.0
41731,1,2,120,5,1,60.0,0,N,MELB_URBAN,ROAD,12,17.0
41732,2,2,99,5,2,50.0,0,N,MELB_URBAN,STREET,12,19.0
41733,1,1,130,1,2,70.0,0,I,LARGE_PROVINCIAL_CITIES,ROAD,12,5.0
41734,1,2,110,1,3,50.0,0,I,TOWNS,STREET,12,20.0
41735,4,2,173,5,2,80.0,0,N,RURAL_VICTORIA,ROAD,12,19.0
41736,4,2,171,5,5,100.0,0,N,RURAL_VICTORIA,ROAD,12,20.0
41737,1,2,113,4,3,60.0,0,I,MELB_URBAN,STREET,12,22.0
41738,1,1,99,5,3,50.0,0,N,MELB_URBAN,AVENUE,12,22.0
41739,1,4,120,5,5,70.0,0,N,RURAL_VICTORIA,ROAD,11,21.0
41740,1,2,134,5,1,100.0,0,N,MELB_URBAN,FREEWAY,12,18.0
41741,4,3,181,5,1,100.0,0,N,RURAL_VICTORIA,ROAD,12,7.0
41742,1,3,116,1,1,50.0,0,I,SMALL_CITIES,ROAD,12,8.0
41743,1,2,116,2,1,80.0,0,I,MELB_URBAN,ROAD,7,13.0
41744,1,3,130,2,2,40.0,0,I,MELB_URBAN,PARADE,12,5.0
41745,1,3,111,1,1,80.0,0,I,RURAL_VICTORIA,ROAD,12,9.0
41746,4,3,173,4,1,60.0,0,I,RURAL_VICTORIA,ROAD,12,8.0
41747,1,2,121,1,1,60.0,0,I,MELB_URBAN,ROAD,12,13.0
41748,1,3,130,5,1,50.0,0,N,MELB_URBAN,ROAD,12,11.0
41749,1,4,130,5,1,70.0,0,N,MELB_URBAN,ROAD,11,8.0
41750,1,3,163,5,1,60.0,0,N,MELB_URBAN,ROAD,12,10.0
41751,1,2,160,5,3,70.0,0,N,MELB_URBAN,ROAD,12,21.0
41752,1,3,113,2,1,60.0,0,I,SMALL_CITIES,ROAD,12,11.0
41753,1,2,99,1,1,50.0,0,I,MELB_URBAN,STREET,12,15.0
41754,7,6,99,2,1,60.0,0,N,MELB_URBAN,STREET,11,13.0
41755,7,4,99,5,9,80.0,0,N,MELB_URBAN,HIGHWAY,12,15.0
41756,1,3,140,5,1,60.0,0,N,MELB_URBAN,ROAD,12,7.0
41757,1,3,113,2,1,100.0,0,I,RURAL_VICTORIA,HIGHWAY,12,11.0
41758,2,3,100,1,1,50.0,0,I,SMALL_CITIES,STREET,12,12.0
41759,1,3,99,2,1,60.0,0,I,SMALL_CITIES,ROAD,12,13.0
41760,1,7,99,2,1,60.0,0,I,MELB_URBAN,STREET,12,14.0
41761,1,3,130,3,1,60.0,0,N,MELB_URBAN,ROAD,12,12.0
41762,1,3,130,1,1,80.0,0,I,RURAL_VICTORIA,HIGHWAY,12,9.0
41763,1,7,121,2,1,80.0,0,I,MELB_URBAN,ROAD,8,14.0
41764,1,3,121,2,1,60.0,0,I,MELB_URBAN,ROAD,12,15.0
41765,1,7,130,4,6,80.0,0,I,MELB_URBAN,FREEWAY,12,23.0
41766,2,3,100,1,1,70.0,0,I,SMALL_CITIES,PARADE,12,10.0
41767,2,6,99,5,1,40.0,0,N,MELB_URBAN,ROAD,11,16.0
41768,6,3,99,5,1,100.0,0,N,RURAL_VICTORIA,HIGHWAY,12,15.0
41769,4,2,181,5,1,100.0,0,N,RURAL_VICTORIA,HIGHWAY,12,13.0
41770,1,3,160,5,1,50.0,0,N,LARGE_PROVINCIAL_CITIES,STREET,12,15.0
41771,8,3,99,6,1,50.0,0,N,MELB_URBAN,OTHER,12,12.0
41772,1,3,130,2,1,60.0,0,I,MELB_URBAN,ROAD,12,17.0
41773,1,3,130,1,1,60.0,0,I,LARGE_PROVINCIAL_CITIES,STREET,12,18.0
41774,2,2,99,5,2,50.0,0,N,MELB_URBAN,STREET,12,19.0
41775,6,3,184,5,2,40.0,0,N,SMALL_CITIES,DRIVE,12,19.0
41776,6,1,99,5,5,100.0,0,N,RURAL_VICTORIA,OTHER,12,23.0
41777,1,3,160,5,1,70.0,0,N,MELB_URBAN,ROAD,12,18.0
41778,1,2,121,1,1,80.0,0,I,MELB_URBAN,OTHER,12,11.0
41779,1,3,116,2,1,80.0,0,I,RURAL_VICTORIA,HIGHWAY,12,16.0
41780,4,3,171,5,1,100.0,0,N,RURAL_VICTORIA,HIGHWAY,12,18.0
41781,1,2,121,2,1,60.0,0,I,MELB_URBAN,ROAD,12,14.0
41782,1,3,130,5,1,60.0,0,N,MELB_URBAN,ROAD,12,17.0
41783,1,3,121,4,1,60.0,0,I,MELB_URBAN,ROAD,12,16.0
41784,1,3,121,5,3,60.0,0,N,MELB_URBAN,STREET,12,21.0
41785,4,3,181,5,2,100.0,0,N,RURAL_VICTORIA,HIGHWAY,12,20.0
41786,4,6,181,2,1,50.0,0,I,LARGE_PROVINCIAL_CITIES,DRIVE,12,15.0
41787,4,3,173,1,3,100.0,0,I,MELB_URBAN,ROAD,12,23.0
41788,1,2,99,1,1,60.0,0,I,MELB_URBAN,STREET,12,18.0
41789,2,3,99,1,3,100.0,0,I,MELB_URBAN,ROAD,12,23.0
41790,8,2,174,5,1,60.0,0,N,MELB_URBAN,STREET,12,8.0
41791,1,4,130,5,3,80.0,0,N,MELB_URBAN,ROAD,12,2.0
41792,7,6,99,5,1,60.0,0,N,MELB_URBAN,ROAD,10,11.0
41793,1,0,130,1,1,60.0,0,I,MELB_URBAN,STREET,12,12.0
41794,4,4,171,2,2,60.0,0,I,MELB_URBAN,ROAD,12,6.0
41795,1,3,116,1,1,50.0,0,I,MELB_URBAN,STREET,12,13.0
41796,1,6,147,5,1,60.0,0,N,MELB_URBAN,DRIVE,12,16.0
41797,4,2,181,5,2,60.0,0,N,RURAL_VICTORIA,ROAD,10,18.0
41798,8,0,184,5,1,60.0,0,N,RURAL_VICTORIA,ROAD,12,11.0
41799,1,4,111,2,1,70.0,0,I,MELB_URBAN,ROAD,12,8.0
41800,1,4,130,5,2,110.0,0,N,RURAL_VICTORIA,FREEWAY,12,6.0
41801,1,3,130,5,1,80.0,0,N,SMALL_CITIES,HIGHWAY,12,14.0
41802,1,2,147,5,1,70.0,0,N,MELB_URBAN,HIGHWAY,12,10.0
41803,3,7,167,5,1,100.0,0,N,RURAL_VICTORIA,ROAD,12,15.0
41804,1,4,120,5,1,50.0,0,N,MELB_URBAN,ROAD,12,8.0
41805,2,4,100,3,1,50.0,0,I,MELB_URBAN,ROAD,12,12.0
41806,8,7,99,5,2,70.0,0,N,RURAL_VICTORIA,ROAD,11,19.0
41807,1,6,130,1,9,60.0,0,I,MELB_URBAN,ROAD,12,17.0
41808,2,3,99,5,1,60.0,0,N,MELB_URBAN,STREET,12,10.0
41809,1,5,130,5,1,80.0,0,N,MELB_URBAN,ROAD,12,18.0
41810,1,1,110,1,2,50.0,0,I,SMALL_CITIES,STREET,12,19.0
41811,1,4,99,2,1,50.0,0,I,MELB_URBAN,OTHER,12,10.0
41812,1,4,130,5,1,60.0,0,N,MELB_URBAN,OTHER,12,15.0
41813,1,6,110,1,9,60.0,0,I,MELB_URBAN,ROAD,12,16.0
41814,1,3,121,1,1,70.0,0,I,MELB_URBAN,HIGHWAY,12,16.0
41815,4,4,173,5,9,100.0,0,N,RURAL_VICTORIA,ROAD,12,15.0
41816,7,3,99,2,2,50.0,0,I,SMALL_CITIES,STREET,11,19.0
41817,4,4,171,5,1,60.0,0,N,RURAL_VICTORIA,ROAD,12,16.0
41818,1,5,130,5,1,80.0,0,N,MELB_URBAN,STREET,12,17.0
41819,2,4,99,5,2,110.0,0,N,RURAL_VICTORIA,FREEWAY,12,19.0
41820,1,3,130,5,1,90.0,0,N,RURAL_VICTORIA,ROAD,12,16.0
41821,1,4,120,2,2,100.0,0,I,RURAL_VICTORIA,ROAD,12,19.0
41822,1,4,120,5,1,50.0,0,N,MELB_URBAN,DRIVE,12,16.0
41823,2,4,99,5,3,50.0,0,N,SMALL_CITIES,DRIVE,12,22.0
41824,2,5,99,5,3,40.0,0,N,MELB_URBAN,ROAD,12,3.0
41825,1,4,121,2,1,80.0,0,I,RURAL_VICTORIA,HIGHWAY,12,13.0
41826,1,4,110,1,1,60.0,0,I,MELB_URBAN,PARADE,12,12.0
41827,1,5,132,2,1,60.0,0,I,MELB_URBAN,ROAD,12,10.0
41828,1,7,121,2,1,70.0,0,I,MELB_URBAN,ROAD,12,17.0
41829,1,5,120,5,1,50.0,0,N,MELB_URBAN,STREET,12,11.0
41830,1,3,116,2,2,50.0,0,I,MELB_URBAN,STREET,12,19.0
41831,1,5,99,5,1,100.0,0,N,RURAL_VICTORIA,ROAD,12,10.0
41832,1,5,110,1,1,60.0,0,I,LARGE_PROVINCIAL_CITIES,STREET,12,16.0
41833,1,4,160,5,1,60.0,0,N,SMALL_TOWNS,AVENUE,12,14.0
41834,1,5,121,2,1,60.0,0,I,MELB_URBAN,PARADE,12,17.0
41835,2,5,102,5,1,60.0,0,N,MELB_URBAN,ROAD,12,18.0
41836,6,5,99,2,9,60.0,0,I,RURAL_VICTORIA,OTHER,12,12.0
41837,1,5,160,5,1,50.0,0,N,MELB_URBAN,OTHER,12,18.0
41838,1,4,99,1,1,60.0,0,I,MELB_URBAN,STREET,12,15.0
41839,1,5,110,1,2,100.0,0,I,RURAL_VICTORIA,ROAD,12,19.0
41840,4,5,173,5,3,80.0,0,N,MELB_URBAN,ROAD,12,2.0
41841,1,6,110,1,3,50.0,0,I,MELB_URBAN,ROAD,12,5.0
41842,4,6,171,5,3,50.0,0,N,MELB_URBAN,PARADE,12,3.0
41843,4,6,173,5,5,100.0,1,N,MELB_URBAN,FREEWAY,12,1.0
41844,1,6,130,5,1,100.0,0,I,MELB_URBAN,FREEWAY,12,7.0
41845,1,6,133,5,1,70.0,0,N,RURAL_VICTORIA,ROAD,12,8.0
41846,1,5,99,5,1,80.0,0,N,RURAL_VICTORIA,ROAD,12,18.0
41847,2,6,100,2,1,50.0,0,I,MELB_URBAN,ROAD,12,10.0
41848,4,5,183,5,1,100.0,0,N,RURAL_VICTORIA,HIGHWAY,12,11.0
41849,1,6,121,1,1,60.0,0,I,MELB_URBAN,UNKNOWN,12,10.0
41850,1,6,140,2,1,50.0,0,I,MELB_URBAN,ROAD,12,11.0
41851,4,6,183,2,1,50.0,0,I,MELB_URBAN,DRIVE,12,9.0
41852,8,6,174,5,1,80.0,0,N,RURAL_VICTORIA,ROAD,12,11.0
41853,1,6,110,1,1,50.0,0,I,SMALL_CITIES,STREET,12,15.0
41854,1,4,111,2,1,60.0,0,I,MELB_URBAN,ROAD,12,14.0
41855,1,6,113,2,1,50.0,0,I,MELB_URBAN,ROAD,12,16.0
41856,6,6,170,5,1,100.0,0,N,RURAL_VICTORIA,ROAD,12,17.0
41857,6,2,174,5,1,100.0,0,N,RURAL_VICTORIA,HIGHWAY,11,18.0
41858,1,6,130,2,1,60.0,0,I,MELB_URBAN,ROAD,12,18.0
41859,1,6,121,1,1,60.0,0,I,MELB_URBAN,ROAD,12,17.0
41860,1,6,99,5,3,50.0,0,N,SMALL_CITIES,STREET,12,22.0
41861,1,6,160,5,1,60.0,0,N,MELB_URBAN,ROAD,12,18.0
41862,8,6,99,5,3,60.0,0,N,MELB_URBAN,STREET,12,21.0
41863,1,6,113,2,3,60.0,0,I,MELB_URBAN,ROAD,12,21.0
41864,1,6,121,1,1,50.0,0,I,SMALL_CITIES,STREET,12,10.0
41865,1,6,160,5,2,60.0,0,N,MELB_URBAN,ROAD,12,6.0
41866,4,7,173,5,9,50.0,0,N,MELB_URBAN,STREET,12,0.0
41867,4,6,171,5,1,50.0,0,N,MELB_URBAN,STREET,12,7.0
41868,4,7,181,5,1,100.0,0,N,RURAL_VICTORIA,ROAD,12,7.0
41869,1,7,99,2,1,60.0,0,I,MELB_URBAN,STREET,12,7.0
41870,2,6,100,1,1,50.0,0,I,MELB_URBAN,STREET,12,9.0
41871,4,6,171,5,1,100.0,0,N,RURAL_VICTORIA,ROAD,12,7.0
41872,1,7,130,2,1,80.0,0,I,RURAL_VICTORIA,ROAD,12,8.0
41873,1,7,121,2,1,80.0,0,N,MELB_URBAN,HIGHWAY,12,9.0
41874,4,7,171,5,1,80.0,0,N,MELB_URBAN,ROAD,12,8.0
41875,1,7,99,2,1,60.0,0,I,MELB_URBAN,OTHER,12,10.0
41876,1,7,110,1,1,60.0,0,I,LARGE_PROVINCIAL_CITIES,STREET,12,11.0
41877,4,7,181,5,2,50.0,0,N,MELB_URBAN,DRIVE,12,6.0
41878,1,7,121,1,1,100.0,0,I,MELB_URBAN,ROAD,12,12.0
41879,3,6,167,2,1,100.0,0,I,RURAL_VICTORIA,ROAD,12,8.0
41880,1,7,121,2,1,60.0,0,I,MELB_URBAN,STREET,12,15.0
41881,1,4,110,1,1,60.0,0,I,MELB_URBAN,ROAD,12,7.0
41882,1,7,110,1,1,50.0,0,I,SMALL_CITIES,STREET,12,14.0
41883,4,7,181,5,1,100.0,0,N,RURAL_VICTORIA,ROAD,12,10.0
41884,1,6,130,5,1,60.0,0,N,MELB_URBAN,ROAD,10,11.0
41885,4,5,183,5,1,100.0,0,N,RURAL_VICTORIA,ROAD,12,13.0
41886,1,7,120,5,1,100.0,0,N,RURAL_VICTORIA,ROAD,12,12.0
41887,1,6,110,1,1,60.0,0,I,TOWNS,STREET,12,12.0
41888,1,6,163,5,3,50.0,0,N,MELB_URBAN,ROAD,12,22.0
41889,6,1,174,5,1,70.0,0,N,MELB_URBAN,ROAD,12,16.0
41890,4,7,171,5,1,40.0,0,N,RURAL_VICTORIA,ROAD,12,15.0
41891,4,7,173,5,1,50.0,0,N,MELB_URBAN,OTHER,12,15.0
41892,4,7,171,5,1,50.0,0,N,MELB_URBAN,AVENUE,12,15.0
41893,6,7,174,5,1,50.0,0,N,SMALL_CITIES,STREET,12,14.0
41894,4,7,171,5,1,80.0,0,N,MELB_URBAN,ROAD,12,16.0
41895,1,6,140,5,1,60.0,0,N,MELB_URBAN,STREET,12,19.0
41896,4,7,171,5,2,100.0,0,N,RURAL_VICTORIA,ROAD,12,19.0
41897,2,7,99,6,3,50.0,0,N,MELB_URBAN,OTHER,12,21.0
41898,2,6,99,2,2,60.0,0,N,SMALL_TOWNS,STREET,12,20.0
41899,4,1,173,5,5,100.0,0,N,RURAL_VICTORIA,HIGHWAY,12,3.0
41900,1,1,132,5,1,80.0,0,N,TOWNS,PARADE,12,10.0
41901,4,1,171,5,1,80.0,0,N,MELB_URBAN,ROAD,12,10.0
41902,8,1,184,5,1,80.0,0,N,RURAL_VICTORIA,ROAD,12,11.0
41903,8,1,174,1,1,50.0,1,I,MELB_URBAN,AVENUE,12,8.0
41904,1,1,147,5,1,60.0,0,N,MELB_URBAN,ROAD,12,9.0
41905,8,0,170,5,1,60.0,0,N,MELB_URBAN,ROAD,12,11.0
41906,2,1,99,1,1,50.0,0,I,MELB_URBAN,STREET,12,12.0
41907,1,1,121,1,1,70.0,0,I,LARGE_PROVINCIAL_CITIES,ROAD,12,12.0
41908,6,7,174,2,1,80.0,0,N,RURAL_VICTORIA,ROAD,12,16.0
41909,1,1,113,1,1,80.0,0,I,RURAL_VICTORIA,ROAD,12,10.0
41910,3,1,167,5,1,100.0,0,N,RURAL_VICTORIA,ROAD,12,12.0
41911,4,1,183,5,1,80.0,0,N,RURAL_VICTORIA,ROAD,12,13.0
41912,4,1,181,5,1,100.0,0,N,RURAL_VICTORIA,ROAD,12,12.0
41913,6,7,184,5,1,80.0,0,N,RURAL_VICTORIA,ROAD,12,14.0
41914,1,1,130,4,1,60.0,0,I,MELB_URBAN,AVENUE,12,13.0
41915,1,1,99,5,1,50.0,0,N,TOWNS,UNKNOWN,12,16.0
41916,6,0,99,5,1,100.0,0,N,RURAL_VICTORIA,ROAD,12,16.0
41917,4,1,181,5,1,100.0,0,N,RURAL_VICTORIA,ROAD,12,16.0
41918,4,1,173,2,3,50.0,0,I,LARGE_PROVINCIAL_CITIES,STREET,12,21.0
41919,6,1,99,5,1,100.0,0,N,RURAL_VICTORIA,ROAD,12,12.0
41920,4,1,181,5,2,100.0,0,N,RURAL_VICTORIA,ROAD,12,19.0
41921,1,1,111,2,5,60.0,0,I,TOWNS,ROAD,12,21.0
41922,1,1,99,5,1,50.0,0,N,MELB_URBAN,DRIVE,12,16.0
41923,8,1,99,2,3,60.0,0,I,MELB_URBAN,ROAD,12,22.0
41924,1,1,130,5,2,100.0,0,N,RURAL_VICTORIA,HIGHWAY,12,21.0
41925,1,1,121,3,1,100.0,0,I,RURAL_VICTORIA,HIGHWAY,12,18.0
41926,1,2,120,5,5,100.0,0,N,RURAL_VICTORIA,ROAD,12,2.0
41927,4,2,171,5,3,60.0,0,N,MELB_URBAN,STREET,12,3.0
41928,4,1,171,5,1,60.0,0,N,MELB_URBAN,STREET,8,14.0
41929,4,7,181,5,1,100.0,0,N,RURAL_VICTORIA,ROAD,12,12.0
41930,1,1,110,1,1,100.0,0,I,RURAL_VICTORIA,ROAD,12,16.0
41931,1,2,130,5,1,50.0,0,N,MELB_URBAN,STREET,12,7.0
41932,1,5,132,2,1,60.0,0,I,LARGE_PROVINCIAL_CITIES,STREET,12,13.0
41933,1,6,120,5,2,50.0,0,N,MELB_URBAN,DRIVE,12,20.0
41934,4,7,183,5,1,100.0,0,N,RURAL_VICTORIA,ROAD,12,17.0
41935,8,5,99,5,5,100.0,0,N,RURAL_VICTORIA,ROAD,11,1.0
41936,1,2,110,1,1,70.0,0,I,MELB_URBAN,ROAD,12,8.0
41937,6,6,99,5,1,100.0,0,N,RURAL_VICTORIA,ROAD,12,11.0
41938,1,0,110,1,1,60.0,0,I,MELB_URBAN,ROAD,12,18.0
41939,1,3,130,1,1,60.0,0,I,MELB_URBAN,ROAD,11,17.0
41940,5,2,99,5,1,60.0,0,N,SMALL_TOWNS,ROAD,12,13.0
41941,1,2,130,2,1,60.0,0,I,MELB_URBAN,HIGHWAY,12,9.0
41942,1,2,163,5,1,50.0,0,N,TOWNS,STREET,12,13.0
41943,4,2,173,5,1,100.0,0,N,RURAL_VICTORIA,HIGHWAY,12,8.0
41944,1,1,99,3,1,50.0,0,I,LARGE_PROVINCIAL_CITIES,STREET,12,13.0
41945,1,2,140,5,1,50.0,1,N,MELB_URBAN,ROAD,12,8.0
41946,1,1,121,1,1,60.0,0,I,MELB_URBAN,ROAD,12,14.0
41947,6,2,170,5,1,110.0,0,N,RURAL_VICTORIA,FREEWAY,12,14.0
41948,1,2,130,5,1,100.0,0,N,RURAL_VICTORIA,ROAD,12,14.0
41949,1,1,99,2,3,60.0,0,I,MELB_URBAN,ROAD,12,21.0
41950,1,2,99,5,1,100.0,0,N,MELB_URBAN,FREEWAY,12,12.0
41951,8,7,170,5,1,60.0,0,I,RURAL_VICTORIA,ROAD,12,12.0
41952,4,1,173,1,1,50.0,0,I,TOWNS,STREET,12,14.0
41953,4,2,173,5,1,80.0,0,N,MELB_URBAN,ROAD,12,14.0
41954,5,2,99,2,1,60.0,0,I,RURAL_VICTORIA,ROAD,12,11.0
41955,1,7,130,1,1,70.0,0,I,MELB_URBAN,ROAD,9,15.0