,accident_type,day_of_week,dca_code,road_geometry,light_condition,speed_zone,severity,node_type,deg_urban_name,road_type,month,hour
41956,1,0,130,2,1,60.0,0,I,MELB_URBAN,AVENUE,12,15.0
41957,1,2,110,1,1,70.0,0,I,MELB_URBAN,ROAD,12,14.0
41958,1,2,121,2,1,80.0,0,I,MELB_URBAN,HIGHWAY,12,15.0
41959,1,2,147,5,1,60.0,0,N,LARGE_PROVINCIAL_CITIES,STREET,12,13.0
41960,1,1,110,1,1,80.0,0,I,RURAL_VICTORIA,HIGHWAY,12,16.0
41961,1,1,147,5,1,50.0,0,N,MELB_URBAN,UNKNOWN,12,17.0
41962,1,1,163,2,1,40.0,0,N,MELB_URBAN,STREET,12,16.0
41963,6,2,170,5,1,110.0,0,N,RURAL_VICTORIA,FREEWAY,12,15.0
41964,1,6,99,2,1,50.0,0,N,MELB_URBAN,OTHER,12,13.0
41965,4,2,99,5,1,70.0,0,N,MELB_URBAN,ROAD,12,17.0
41966,1,2,99,5,1,80.0,0,N,MELB_URBAN,ROAD,12,18.0
41967,1,1,130,1,1,80.0,0,N,MELB_URBAN,STREET,12,14.0
41968,1,2,110,1,2,70.0,0,I,MELB_URBAN,ROAD,12,20.0
41969,5,2,99,5,1,60.0,0,N,RURAL_VICTORIA,OTHER,12,14.0
41970,4,2,171,5,2,100.0,0,N,RURAL_VICTORIA,ROAD,12,6.0
41971,4,2,171,5,3,60.0,0,N,MELB_URBAN,STREET,12,21.0
41972,4,1,171,5,1,60.0,0,N,MELB_URBAN,ROAD,12,15.0
41973,1,5,130,2,9,60.0,0,I,MELB_URBAN,HIGHWAY,12,12.0
41974,2,5,100,2,1,40.0,0,I,MELB_URBAN,ROAD,12,9.0
41975,1,2,110,1,1,50.0,0,I,MELB_URBAN,STREET,12,10.0
41976,8,7,174,5,1,80.0,0,N,SMALL_TOWNS,ROAD,12,10.0
41977,1,4,130,2,1,60.0,0,I,MELB_URBAN,STREET,12,8.0
41978,4,6,171,5,1,60.0,0,N,RURAL_VICTORIA,ROAD,12,12.0
41979,1,3,130,5,1,80.0,0,N,SMALL_CITIES,STREET,12,12.0
41980,2,2,99,5,1,60.0,0,N,SMALL_CITIES,ROAD,12,17.0
41981,1,3,140,5,1,60.0,0,N,MELB_URBAN,ROAD,12,11.0
41982,2,7,102,5,1,50.0,0,N,MELB_URBAN,STREET,12,12.0
41983,1,0,110,1,3,60.0,0,I,MELB_URBAN,ROAD,12,2.0
41984,1,4,130,1,1,80.0,0,I,MELB_URBAN,ROAD,11,14.0
41985,1,3,113,2,1,60.0,0,I,MELB_URBAN,STREET,12,12.0
41986,8,3,99,5,1,60.0,0,N,LARGE_PROVINCIAL_CITIES,STREET,12,12.0
41987,1,3,130,2,1,60.0,0,I,MELB_URBAN,ROAD,12,14.0
41988,1,3,99,2,1,60.0,0,I,MELB_URBAN,ROAD,12,12.0
41989,1,6,130,2,1,40.0,0,I,MELB_URBAN,DRIVE,12,16.0
41990,2,6,99,5,1,50.0,0,N,MELB_URBAN,STREET,12,12.0
41991,1,6,163,5,9,60.0,0,N,MELB_URBAN,PARADE,12,18.0
41992,4,3,181,5,1,100.0,0,N,RURAL_VICTORIA,ROAD,12,10.0
41993,1,3,99,4,1,50.0,0,I,MELB_URBAN,STREET,12,15.0
41994,1,5,110,1,1,50.0,0,I,MELB_URBAN,AVENUE,12,7.0
41995,1,3,111,1,1,80.0,0,I,MELB_URBAN,ROAD,12,14.0
41996,1,3,130,5,1,40.0,0,N,MELB_URBAN,STREET,12,17.0
41997,4,7,173,5,3,50.0,0,I,MELB_URBAN,PARADE,11,4.0
41998,5,3,99,5,1,80.0,0,N,RURAL_VICTORIA,ROAD,12,16.0
41999,1,3,134,5,1,60.0,0,N,MELB_URBAN,HIGHWAY,12,15.0
42000,1,2,130,1,1,60.0,0,I,MELB_URBAN,ROAD,9,12.0
42001,6,2,174,5,1,70.0,0,N,RURAL_VICTORIA,ROAD,12,16.0
42002,4,3,171,5,1,80.0,0,N,MELB_URBAN,HIGHWAY,12,14.0
42003,1,3,140,5,1,80.0,0,N,MELB_URBAN,HIGHWAY,12,15.0
42004,1,4,130,5,1,60.0,0,N,MELB_URBAN,ROAD,11,18.0
42005,1,2,110,1,1,60.0,0,I,MELB_URBAN,ROAD,12,18.0
42006,1,2,133,5,5,100.0,0,N,RURAL_VICTORIA,ROAD,12,23.0
42007,1,4,99,5,3,60.0,0,N,MELB_URBAN,ROAD,12,4.0
42008,6,1,174,5,1,60.0,0,N,RURAL_VICTORIA,ROAD,12,17.0
42009,1,5,147,5,1,60.0,0,N,MELB_URBAN,HIGHWAY,12,10.0
42010,1,3,133,5,1,100.0,0,N,MELB_URBAN,FREEWAY,12,8.0
42011,2,6,102,1,1,60.0,0,I,MELB_URBAN,PARADE,11,11.0
42012,1,4,134,5,1,100.0,0,N,MELB_URBAN,FREEWAY,11,10.0
42013,4,6,171,5,1,60.0,0,N,MELB_URBAN,ROAD,12,12.0
42014,1,4,147,5,1,50.0,0,N,MELB_URBAN,OTHER,12,10.0
42015,1,3,121,5,1,60.0,0,N,MELB_URBAN,ROAD,12,13.0
42016,6,4,99,5,1,100.0,0,N,RURAL_VICTORIA,ROAD,12,13.0
42017,1,4,130,2,1,60.0,0,N,MELB_URBAN,ROAD,12,15.0
42018,1,4,99,5,1,60.0,0,N,MELB_URBAN,STREET,12,12.0
42019,1,3,121,4,5,80.0,0,N,RURAL_VICTORIA,ROAD,12,22.0
42020,1,4,120,5,1,80.0,0,N,RURAL_VICTORIA,STREET,12,13.0
42021,1,3,110,1,1,60.0,0,I,MELB_URBAN,STREET,12,16.0
42022,1,4,110,1,1,60.0,0,I,LARGE_PROVINCIAL_CITIES,ROAD,12,16.0
42023,8,6,99,5,1,60.0,0,N,RURAL_VICTORIA,ROAD,11,16.0
42024,2,4,100,5,1,50.0,0,N,MELB_URBAN,STREET,12,15.0
42025,2,4,102,1,1,60.0,0,I,MELB_URBAN,STREET,12,17.0
42026,2,4,99,5,1,100.0,0,N,RURAL_VICTORIA,FREEWAY,12,18.0
42027,1,4,130,4,1,80.0,0,I,MELB_URBAN,RAMP,12,13.0
42028,2,4,100,5,1,50.0,0,N,MELB_URBAN,STREET,12,18.0
42029,5,2,99,5,5,100.0,0,N,RURAL_VICTORIA,HIGHWAY,12,23.0
42030,2,5,99,5,3,60.0,0,N,MELB_URBAN,ROAD,1,2.0
42031,4,5,173,5,3,50.0,0,N,LARGE_PROVINCIAL_CITIES,UNKNOWN,1,0.0
42032,1,5,120,5,5,100.0,1,N,RURAL_VICTORIA,ROAD,1,0.0
42033,6,5,99,5,5,100.0,0,N,RURAL_VICTORIA,ROAD,1,1.0
42034,8,5,99,5,1,100.0,0,N,RURAL_VICTORIA,HIGHWAY,1,7.0
42035,1,5,130,4,1,70.0,0,I,MELB_URBAN,ROAD,1,7.0
42036,4,5,173,1,2,70.0,1,N,MELB_URBAN,ROAD,1,6.0
42037,6,4,184,5,1,60.0,0,N,RURAL_VICTORIA,ROAD,1,11.0
42038,1,4,120,9,1,60.0,0,N,RURAL_VICTORIA,OTHER,12,17.0
42039,1,4,133,5,1,100.0,0,N,MELB_URBAN,FREEWAY,12,12.0
42040,1,3,110,1,1,50.0,0,I,MELB_URBAN,AVENUE,12,15.0
42041,1,5,135,5,1,100.0,0,N,MELB_URBAN,ROAD,1,7.0
42042,6,5,99,5,1,100.0,0,N,RURAL_VICTORIA,ROAD,1,16.0
42043,1,3,113,2,1,70.0,0,I,MELB_URBAN,ROAD,12,14.0
42044,4,5,171,5,1,60.0,0,N,MELB_URBAN,ROAD,1,17.0
42045,6,5,99,2,1,100.0,0,I,RURAL_VICTORIA,ROAD,1,18.0
42046,1,5,110,1,2,60.0,0,I,MELB_URBAN,ROAD,1,19.0
42047,1,5,110,1,2,50.0,0,I,TOWNS,STREET,1,20.0
42048,1,6,132,5,1,80.0,0,N,RURAL_VICTORIA,HIGHWAY,12,18.0
42049,3,5,167,5,2,100.0,0,N,RURAL_VICTORIA,ROAD,1,19.0
42050,1,5,130,1,1,70.0,0,I,LARGE_PROVINCIAL_CITIES,HIGHWAY,1,12.0
42051,8,5,184,2,2,60.0,0,I,RURAL_VICTORIA,ROAD,1,19.0
42052,4,3,183,5,2,80.0,0,N,RURAL_VICTORIA,ROAD,12,20.0
42053,2,5,99,5,5,50.0,0,N,RURAL_VICTORIA,OTHER,1,4.0
42054,1,5,121,1,3,60.0,0,I,MELB_URBAN,DRIVE,1,1.0
42055,4,6,99,5,4,60.0,0,N,RURAL_VICTORIA,ROAD,1,3.0
42056,2,4,99,2,3,60.0,0,N,MELBOURNE_CBD,STREET,1,4.0
42057,1,6,110,1,1,60.0,0,I,TOWNS,STREET,1,7.0
42058,8,7,174,5,2,50.0,0,N,TOWNS,ROAD,12,19.0
42059,1,6,110,1,1,60.0,0,I,TOWNS,STREET,1,8.0
42060,1,4,99,2,1,40.0,0,I,MELB_URBAN,STREET,12,8.0
42061,1,5,99,2,1,60.0,0,N,TOWNS,ROAD,1,18.0
42062,1,4,111,1,1,80.0,0,I,RURAL_VICTORIA,ROAD,12,16.0
42063,2,4,100,5,3,60.0,0,N,MELB_URBAN,HIGHWAY,12,22.0
42064,1,5,130,2,3,60.0,0,I,MELB_URBAN,ROAD,1,21.0
42065,1,5,130,4,1,80.0,0,I,MELB_URBAN,HIGHWAY,1,12.0
42066,1,6,130,5,1,100.0,0,N,RURAL_VICTORIA,ROAD,1,9.0
42067,1,4,121,5,1,40.0,0,N,MELBOURNE_CBD,STREET,12,17.0
42068,4,6,173,4,1,70.0,0,I,MELB_URBAN,ROAD,1,12.0
42069,1,6,130,5,1,80.0,0,N,LARGE_PROVINCIAL_CITIES,ROAD,1,15.0
42070,4,6,173,5,1,60.0,0,N,MELB_URBAN,ROAD,1,13.0
42071,6,3,184,5,2,60.0,0,N,RURAL_VICTORIA,ROAD,12,19.0
42072,8,6,174,1,9,60.0,0,I,MELBOURNE_CBD,STREET,1,12.0
42073,8,4,174,1,1,50.0,0,I,MELB_URBAN,STREET,12,7.0
42074,2,4,100,1,1,50.0,0,I,MELB_URBAN,BOULEVARD,12,17.0
42075,1,6,163,5,1,60.0,0,N,MELB_URBAN,ROAD,1,16.0
42076,4,6,171,5,1,100.0,0,N,RURAL_VICTORIA,ROAD,1,16.0
42077,1,6,130,5,2,60.0,0,N,MELB_URBAN,ROAD,1,19.0
42078,1,6,130,1,1,60.0,0,I,MELB_URBAN,STREET,1,17.0
42079,4,3,171,5,5,60.0,0,N,RURAL_VICTORIA,ROAD,12,0.0
42080,2,6,99,5,1,50.0,0,N,MELB_URBAN,AVENUE,1,18.0
42081,1,6,111,1,1,100.0,0,I,RURAL_VICTORIA,HIGHWAY,1,17.0
42082,4,6,173,5,1,100.0,0,N,RURAL_VICTORIA,HIGHWAY,1,16.0
42083,4,6,99,5,2,40.0,0,N,MELB_URBAN,STREET,1,20.0
42084,1,6,111,1,1,60.0,0,I,MELB_URBAN,PARADE,1,17.0
42085,8,6,170,5,2,60.0,0,N,SMALL_CITIES,ROAD,1,20.0
42086,1,6,121,1,3,60.0,0,I,MELB_URBAN,ROAD,1,22.0
42087,6,6,99,5,1,80.0,0,N,RURAL_VICTORIA,ROAD,12,14.0
42088,2,6,100,2,3,60.0,0,I,MELB_URBAN,PARADE,1,22.0
42089,1,6,121,2,1,80.0,0,I,MELB_URBAN,ROAD,1,16.0
42090,4,6,171,5,5,100.0,0,N,RURAL_VICTORIA,ROAD,1,22.0
42091,4,6,171,2,4,50.0,0,I,SMALL_CITIES,ROAD,1,23.0
42092,6,6,99,5,5,100.0,0,N,RURAL_VICTORIA,HIGHWAY,1,23.0
42093,4,7,99,6,3,50.0,0,N,LARGE_PROVINCIAL_CITIES,STREET,1,5.0
42094,1,6,110,1,1,80.0,0,I,MELB_URBAN,HIGHWAY,1,14.0
42095,1,7,147,2,1,50.0,0,I,TOWNS,STREET,1,12.0
42096,4,7,173,5,1,50.0,0,N,MELB_URBAN,ROAD,1,10.0
42097,1,7,121,2,1,50.0,0,I,MELB_URBAN,STREET,1,12.0
42098,2,7,100,1,1,50.0,0,I,MELB_URBAN,ROAD,1,7.0
42099,1,7,121,1,1,80.0,0,I,MELB_URBAN,HIGHWAY,1,8.0
42100,1,6,120,5,1,100.0,0,N,RURAL_VICTORIA,HIGHWAY,1,12.0
42101,5,6,99,1,1,80.0,0,N,MELB_URBAN,ROAD,1,13.0
42102,1,7,110,1,1,50.0,0,I,SMALL_CITIES,STREET,1,12.0
42103,4,7,183,5,3,80.0,0,N,MELB_URBAN,RAMP,10,0.0
42104,1,6,121,1,1,70.0,0,I,MELB_URBAN,ROAD,1,14.0
42105,2,7,102,2,6,60.0,0,I,MELB_URBAN,OTHER,1,0.0
42106,1,6,110,1,1,80.0,0,I,MELB_URBAN,HIGHWAY,1,15.0
42107,1,7,121,2,1,80.0,0,I,RURAL_VICTORIA,ROAD,1,13.0
42108,2,7,99,1,1,50.0,0,I,MELB_URBAN,STREET,1,12.0
42109,3,7,167,5,1,100.0,0,N,RURAL_VICTORIA,ROAD,1,14.0
42110,4,7,171,5,1,100.0,0,N,RURAL_VICTORIA,ROAD,1,11.0
42111,4,7,173,5,1,110.0,0,N,RURAL_VICTORIA,FREEWAY,1,15.0
42112,6,6,170,2,2,60.0,0,N,MELB_URBAN,ROAD,1,21.0
42113,4,7,173,5,1,60.0,0,N,MELB_URBAN,ROAD,1,15.0
42114,1,7,120,2,1,60.0,0,I,SMALL_CITIES,STREET,1,18.0
42115,6,7,170,5,1,100.0,0,N,RURAL_VICTORIA,ROAD,1,18.0
42116,1,7,130,5,1,70.0,0,N,MELB_URBAN,ROAD,1,17.0
42117,1,7,110,1,1,50.0,0,I,LARGE_PROVINCIAL_CITIES,STREET,1,18.0
42118,4,6,181,2,2,50.0,0,I,MELB_URBAN,AVENUE,1,19.0
42119,4,7,171,5,2,90.0,0,N,RURAL_VICTORIA,ROAD,1,19.0
42120,1,7,120,5,1,60.0,0,N,RURAL_VICTORIA,ROAD,1,10.0
42121,1,7,99,1,1,100.0,0,I,RURAL_VICTORIA,HIGHWAY,1,16.0
42122,4,7,171,5,2,80.0,0,N,MELB_URBAN,ROAD,1,5.0
42123,2,7,102,5,3,70.0,0,N,MELB_URBAN,ROAD,1,22.0
42124,6,1,184,1,3,40.0,0,I,MELB_URBAN,OTHER,1,1.0
42125,1,7,130,5,5,110.0,0,N,SMALL_CITIES,FREEWAY,1,22.0
42126,1,1,99,5,3,60.0,0,N,LARGE_PROVINCIAL_CITIES,STREET,1,0.0
42127,4,1,173,1,3,80.0,0,N,MELB_URBAN,HIGHWAY,1,0.0
42128,6,2,174,1,1,50.0,0,I,TOWNS,HIGHWAY,11,12.0
42129,4,0,173,1,1,80.0,0,I,MELB_URBAN,HIGHWAY,1,7.0
42130,1,1,99,5,1,60.0,0,N,MELB_URBAN,ROAD,1,9.0
42131,1,2,147,5,2,60.0,0,N,MELB_URBAN,ROAD,11,20.0
42132,1,1,113,1,1,70.0,0,I,MELB_URBAN,ROAD,1,9.0
42133,2,7,99,1,3,60.0,0,I,MELB_URBAN,ROAD,1,21.0
42134,4,1,171,5,1,60.0,0,N,MELB_URBAN,HIGHWAY,1,9.0
42135,8,1,184,5,1,60.0,0,N,RURAL_VICTORIA,OTHER,1,11.0
42136,1,0,121,1,1,80.0,0,I,MELB_URBAN,ROAD,1,10.0
42137,4,1,183,5,1,100.0,0,N,RURAL_VICTORIA,ROAD,1,10.0
42138,5,5,99,5,2,110.0,0,N,SMALL_CITIES,FREEWAY,10,18.0
42139,4,1,183,5,3,60.0,0,N,LARGE_PROVINCIAL_CITIES,STREET,10,21.0
42140,5,2,99,5,1,60.0,0,N,RURAL_VICTORIA,ROAD,12,14.0
42141,4,0,171,5,1,80.0,0,N,MELB_URBAN,ROAD,1,14.0
42142,1,1,99,5,1,40.0,0,N,MELB_URBAN,STREET,1,14.0
42143,1,1,132,2,1,60.0,0,I,MELB_URBAN,ROAD,1,14.0
42144,1,1,140,5,1,60.0,0,N,MELB_URBAN,ROAD,1,14.0
42145,8,1,170,5,1,60.0,0,N,MELB_URBAN,ROAD,1,16.0
42146,1,1,110,1,1,50.0,0,I,MELB_URBAN,ROAD,1,17.0
42147,1,1,147,5,1,60.0,0,N,MELB_URBAN,DRIVE,1,17.0
42148,8,3,174,5,1,60.0,0,N,MELB_URBAN,STREET,12,10.0
42149,1,1,99,5,1,40.0,0,N,MELB_URBAN,STREET,1,14.0
42150,8,1,99,5,1,100.0,0,N,RURAL_VICTORIA,ROAD,1,18.0
42151,4,1,181,5,5,100.0,0,N,RURAL_VICTORIA,ROAD,1,0.0
42152,1,1,120,5,5,50.0,0,N,MELB_URBAN,DRIVE,1,21.0
42153,4,1,171,5,5,80.0,0,N,MELB_URBAN,ROAD,1,21.0
42154,1,0,116,1,5,60.0,0,I,MELB_URBAN,RAMP,1,19.0
42155,4,1,173,5,2,100.0,0,N,RURAL_VICTORIA,HIGHWAY,1,20.0
42156,1,2,130,5,3,100.0,0,N,MELB_URBAN,ROAD,1,0.0
42157,4,1,181,5,5,60.0,0,N,RURAL_VICTORIA,ROAD,1,22.0
42158,4,2,171,5,3,40.0,0,N,MELB_URBAN,STREET,1,0.0
42159,2,2,99,5,1,50.0,0,N,MELB_URBAN,STREET,1,7.0
42160,1,2,120,5,5,100.0,0,N,RURAL_VICTORIA,HIGHWAY,1,1.0
42161,4,2,171,2,1,70.0,0,I,MELB_URBAN,ROAD,1,8.0
42162,1,2,130,5,1,100.0,0,N,MELB_URBAN,FREEWAY,1,9.0
42163,2,2,100,1,1,40.0,0,I,MELBOURNE_CBD,STREET,1,12.0
42164,1,2,130,5,1,60.0,0,N,MELB_URBAN,STREET,1,10.0
42165,1,1,121,2,1,60.0,0,I,MELB_URBAN,ROAD,9,10.0
42166,2,5,99,5,1,60.0,0,N,MELB_URBAN,ROAD,12,15.0
42167,1,1,113,2,1,60.0,0,I,MELB_URBAN,ROAD,1,14.0
42168,6,1,174,2,1,60.0,0,I,MELB_URBAN,AVENUE,1,15.0
42169,3,7,167,5,5,100.0,0,N,RURAL_VICTORIA,ROAD,1,23.0
42170,8,3,99,5,1,60.0,0,N,RURAL_VICTORIA,ROAD,12,10.0
42171,1,2,120,5,1,100.0,1,N,RURAL_VICTORIA,HIGHWAY,1,14.0
42172,1,2,110,1,1,80.0,0,I,MELB_URBAN,HIGHWAY,1,17.0
42173,1,2,110,1,1,50.0,0,I,MELB_URBAN,DRIVE,1,17.0
42174,6,4,99,5,1,60.0,0,I,RURAL_VICTORIA,ROAD,12,12.0
42175,1,2,113,2,1,80.0,0,I,MELB_URBAN,ROAD,1,14.0
42176,1,7,130,5,1,60.0,0,N,MELB_URBAN,ROAD,12,12.0
42177,1,2,163,5,1,40.0,0,N,MELBOURNE_CBD,STREET,1,17.0
42178,1,1,130,5,1,60.0,0,N,MELB_URBAN,UNKNOWN,1,14.0
42179,1,2,130,5,1,60.0,0,N,MELB_URBAN,DRIVE,1,17.0
42180,1,2,130,5,2,50.0,0,N,MELB_URBAN,AVENUE,1,6.0
42181,3,1,167,5,5,100.0,0,N,RURAL_VICTORIA,ROAD,12,3.0
42182,1,0,110,1,1,60.0,0,I,MELB_URBAN,AVENUE,1,19.0
42183,1,3,160,5,3,50.0,0,N,LARGE_PROVINCIAL_CITIES,STREET,1,0.0
42184,1,3,121,2,3,100.0,0,I,RURAL_VICTORIA,HIGHWAY,9,18.0
42185,8,2,174,2,1,100.0,0,N,RURAL_VICTORIA,OTHER,1,17.0
42186,1,2,130,2,1,60.0,0,I,MELB_URBAN,ROAD,1,14.0
42187,6,1,99,5,1,100.0,0,N,RURAL_VICTORIA,ROAD,10,13.0
42188,4,3,171,5,1,60.0,0,N,MELB_URBAN,ROAD,1,8.0
42189,1,2,140,5,1,60.0,0,N,SMALL_CITIES,ROAD,1,11.0
42190,1,3,99,5,1,60.0,0,N,MELB_URBAN,STREET,1,8.0
42191,4,4,171,5,1,110.0,0,N,RURAL_VICTORIA,FREEWAY,12,14.0
42192,1,3,99,5,1,90.0,0,N,RURAL_VICTORIA,HIGHWAY,1,8.0
42193,4,3,173,5,1,50.0,0,N,MELB_URBAN,STREET,1,11.0
42194,1,2,133,2,1,40.0,0,N,MELBOURNE_CBD,STREET,1,10.0
42195,8,4,170,5,9,50.0,0,N,MELB_URBAN,STREET,11,14.0
42196,1,3,111,1,1,60.0,0,I,SMALL_CITIES,ROAD,1,7.0
42197,1,2,130,2,1,80.0,0,I,MELB_URBAN,ROAD,1,9.0
42198,6,3,174,2,1,60.0,0,I,MELB_URBAN,ROAD,1,13.0
42199,5,7,99,5,1,100.0,0,N,RURAL_VICTORIA,ROAD,10,16.0
42200,1,1,130,2,1,60.0,0,I,LARGE_PROVINCIAL_CITIES,AVENUE,1,14.0
42201,2,3,99,5,1,60.0,0,N,MELB_URBAN,ROAD,1,12.0
42202,1,3,130,1,1,80.0,0,I,MELB_URBAN,ROAD,1,11.0
42203,1,5,110,1,1,60.0,0,I,MELB_URBAN,ROAD,1,13.0
42204,1,2,110,1,1,60.0,0,I,MELB_URBAN,STREET,1,10.0
42205,8,5,184,2,1,60.0,0,I,MELB_URBAN,ROAD,1,8.0
42206,1,6,120,5,1,60.0,0,N,RURAL_VICTORIA,ROAD,12,14.0
42207,1,1,163,5,3,50.0,0,N,MELB_URBAN,STREET,1,23.0
42208,1,2,111,2,1,60.0,0,I,MELB_URBAN,ROAD,1,15.0
42209,1,4,130,5,1,60.0,0,N,MELB_URBAN,STREET,12,15.0
42210,4,3,181,2,1,100.0,0,N,RURAL_VICTORIA,ROAD,1,13.0
42211,4,3,181,5,1,100.0,0,N,MELB_URBAN,RAMP,1,14.0
42212,1,2,130,5,1,100.0,0,N,MELB_URBAN,ROAD,12,17.0
42213,1,1,113,2,1,70.0,0,I,MELB_URBAN,ROAD,11,16.0
42214,1,3,110,1,1,110.0,0,I,RURAL_VICTORIA,FREEWAY,1,14.0
42215,4,3,171,2,1,50.0,0,I,RURAL_VICTORIA,OTHER,1,17.0
42216,1,3,140,1,1,50.0,0,I,MELB_URBAN,STREET,1,17.0
42217,1,3,113,2,1,90.0,0,I,RURAL_VICTORIA,ROAD,1,17.0
42218,1,3,99,5,1,60.0,0,N,MELB_URBAN,STREET,1,17.0
42219,1,3,99,5,1,60.0,0,N,MELB_URBAN,STREET,1,18.0
42220,1,3,99,5,1,60.0,0,N,MELB_URBAN,ROAD,1,17.0
42221,1,3,130,5,1,80.0,0,N,RURAL_VICTORIA,HIGHWAY,1,19.0
42222,1,3,160,5,1,60.0,0,N,MELB_URBAN,HIGHWAY,1,16.0
42223,4,2,173,5,5,100.0,0,N,RURAL_VICTORIA,OTHER,1,21.0
42224,4,3,173,5,3,50.0,0,N,MELB_URBAN,ROAD,1,20.0
42225,4,3,181,5,3,60.0,0,N,TOWNS,STREET,1,21.0
42226,1,3,130,5,1,100.0,0,N,RURAL_VICTORIA,FREEWAY,1,18.0
42227,4,3,99,5,1,60.0,0,N,MELB_URBAN,ROAD,1,17.0
42228,6,4,170,5,3,100.0,0,N,MELB_URBAN,UNKNOWN,1,0.0
42229,1,4,121,1,2,60.0,0,I,MELB_URBAN,ROAD,1,5.0
42230,4,3,173,5,1,80.0,0,N,MELB_URBAN,ROAD,12,13.0
42231,1,3,132,1,1,80.0,0,I,SMALL_TOWNS,HIGHWAY,1,7.0
42232,2,4,102,5,1,40.0,0,N,MELB_URBAN,STREET,1,8.0
42233,2,3,100,5,1,50.0,0,N,SMALL_CITIES,STREET,1,11.0
42234,1,4,120,5,1,80.0,0,N,RURAL_VICTORIA,ROAD,1,7.0
42235,4,4,181,5,1,100.0,0,N,RURAL_VICTORIA,ROAD,1,7.0
42236,5,2,99,5,1,60.0,0,N,RURAL_VICTORIA,OTHER,12,11.0
42237,4,2,183,5,2,100.0,0,N,RURAL_VICTORIA,ROAD,12,18.0
42238,2,4,100,1,1,50.0,0,I,SMALL_CITIES,STREET,1,10.0
42239,2,2,100,1,1,60.0,0,I,MELBOURNE_CBD,STREET,11,8.0
42240,1,2,121,1,1,60.0,0,I,SMALL_CITIES,STREET,1,15.0
42241,1,4,99,5,1,40.0,0,N,MELBOURNE_CBD,STREET,12,11.0
42242,1,1,111,2,1,60.0,0,I,MELB_URBAN,ROAD,12,13.0
42243,1,4,116,2,1,60.0,0,I,MELB_URBAN,ROAD,1,11.0
42244,1,1,130,5,1,60.0,0,N,MELB_URBAN,ROAD,1,12.0
42245,1,4,121,1,1,60.0,0,I,LARGE_PROVINCIAL_CITIES,STREET,1,11.0
42246,1,4,132,1,1,60.0,0,I,MELB_URBAN,ROAD,1,9.0
42247,1,3,134,5,1,80.0,0,N,MELB_URBAN,ROAD,1,12.0
42248,1,3,130,5,1,70.0,0,N,LARGE_PROVINCIAL_CITIES,OTHER,1,13.0
42249,1,4,132,2,1,80.0,0,I,RURAL_VICTORIA,ROAD,1,13.0
42250,1,4,147,5,1,60.0,0,N,MELB_URBAN,ROAD,1,10.0
42251,2,4,100,2,1,60.0,0,I,MELB_URBAN,ROAD,1,11.0
42252,1,4,135,5,1,100.0,0,N,MELB_URBAN,FREEWAY,1,13.0
42253,1,4,120,5,1,100.0,1,N,RURAL_VICTORIA,HIGHWAY,1,12.0
42254,1,4,110,1,1,60.0,0,I,MELB_URBAN,ROAD,1,13.0
42255,1,3,130,5,3,60.0,0,N,MELB_URBAN,STREET,1,21.0
42256,6,4,184,5,1,100.0,0,N,RURAL_VICTORIA,ROAD,1,9.0
42257,4,4,173,5,1,70.0,0,N,MELB_URBAN,ROAD,1,13.0
42258,4,4,173,5,1,70.0,0,N,MELB_URBAN,ROAD,1,12.0
42259,1,3,99,2,1,70.0,0,I,MELB_URBAN,ROAD,1,17.0
42260,4,4,183,5,1,110.0,0,N,RURAL_VICTORIA,FREEWAY,1,15.0
42261,1,4,120,5,1,60.0,0,N,MELB_URBAN,ROAD,1,10.0
42262,5,4,99,2,1,100.0,0,I,RURAL_VICTORIA,ROAD,1,17.0
42263,1,3,121,1,1,50.0,0,I,MELB_URBAN,STREET,1,18.0
42264,1,4,130,5,1,100.0,0,N,MELB_URBAN,ROAD,1,15.0
42265,4,4,171,5,1,100.0,0,N,RURAL_VICTORIA,HIGHWAY,1,19.0
42266,1,4,113,2,2,50.0,0,I,LARGE_PROVINCIAL_CITIES,AVENUE,1,19.0
42267,1,4,171,5,1,60.0,0,N,SMALL_CITIES,STREET,1,15.0
42268,1,4,121,2,1,80.0,0,N,MELB_URBAN,ROAD,1,16.0
42269,1,4,113,2,2,70.0,0,I,MELB_URBAN,ROAD,1,20.0
42270,1,4,130,5,1,80.0,0,N,MELB_URBAN,ROAD,1,14.0
42271,1,1,132,2,1,60.0,0,I,MELB_URBAN,OTHER,1,16.0
42272,1,4,99,2,3,50.0,0,I,LARGE_PROVINCIAL_CITIES,DRIVE,1,21.0
42273,1,5,160,5,6,50.0,0,N,MELB_URBAN,STREET,1,5.0
42274,1,5,132,2,1,60.0,0,N,SMALL_CITIES,ROAD,8,16.0
42275,4,3,171,5,9,100.0,0,N,RURAL_VICTORIA,ROAD,12,8.0
42276,1,3,121,2,1,60.0,0,I,MELB_URBAN,ROAD,1,8.0
42277,6,3,174,2,2,50.0,0,I,MELB_URBAN,OTHER,10,6.0
42278,1,4,130,5,5,100.0,0,N,RURAL_VICTORIA,ROAD,1,20.0
42279,5,4,99,2,1,60.0,0,I,RURAL_VICTORIA,ROAD,12,14.0
42280,1,5,113,1,1,40.0,0,I,MELB_URBAN,STREET,1,10.0
42281,1,5,130,5,1,100.0,0,N,RURAL_VICTORIA,HIGHWAY,1,9.0
42282,1,5,121,1,1,50.0,0,I,SMALL_CITIES,ROAD,1,13.0
42283,1,5,110,1,1,50.0,0,I,MELB_URBAN,STREET,1,13.0
42284,1,6,110,1,3,60.0,0,I,MELB_URBAN,ROAD,11,2.0