,accident_type,day_of_week,dca_code,road_geometry,light_condition,speed_zone,severity,node_type,deg_urban_name,road_type,month,hour
42285,2,5,100,5,1,50.0,0,N,MELB_URBAN,ROAD,1,13.0
42286,1,5,160,5,1,50.0,0,N,MELB_URBAN,ROAD,1,12.0
42287,2,5,100,2,1,60.0,0,I,MELB_URBAN,STREET,1,9.0
42288,1,4,134,5,1,80.0,0,N,MELB_URBAN,ROAD,10,8.0
42289,1,2,130,2,1,60.0,0,I,MELB_URBAN,STREET,12,17.0
42290,4,5,171,5,1,100.0,0,N,RURAL_VICTORIA,HIGHWAY,1,14.0
42291,2,4,99,5,3,50.0,0,N,SMALL_CITIES,AVENUE,1,21.0
42292,1,5,140,2,1,60.0,0,I,MELB_URBAN,HIGHWAY,1,14.0
42293,1,3,133,5,1,100.0,0,N,MELB_URBAN,UNKNOWN,1,14.0
42294,1,5,147,5,1,60.0,0,N,MELB_URBAN,ROAD,1,14.0
42295,6,5,170,5,1,100.0,0,N,MELB_URBAN,UNKNOWN,1,13.0
42296,1,5,120,5,1,80.0,0,N,LARGE_PROVINCIAL_CITIES,ROAD,1,13.0
42297,1,4,130,5,1,70.0,0,N,MELB_URBAN,ROAD,1,16.0
42298,6,5,99,5,1,100.0,0,N,RURAL_VICTORIA,ROAD,1,15.0
42299,1,5,111,2,1,60.0,0,I,MELB_URBAN,ROAD,1,15.0
42300,1,5,121,2,1,60.0,0,I,MELB_URBAN,STREET,1,16.0
42301,1,4,110,1,1,50.0,0,I,MELB_URBAN,STREET,1,16.0
42302,2,5,99,5,1,50.0,0,N,MELB_URBAN,DRIVE,1,13.0
42303,1,5,110,1,1,100.0,0,I,RURAL_VICTORIA,HIGHWAY,1,14.0
42304,1,5,113,2,1,50.0,0,I,RURAL_VICTORIA,ROAD,1,17.0
42305,6,5,174,2,1,50.0,0,I,MELB_URBAN,STREET,1,14.0
42306,1,5,140,2,1,100.0,0,N,RURAL_VICTORIA,HIGHWAY,1,14.0
42307,1,5,140,5,1,60.0,0,N,MELB_URBAN,ROAD,1,16.0
42308,1,4,130,5,1,50.0,0,N,MELB_URBAN,OTHER,1,18.0
42309,6,5,174,1,1,50.0,0,I,MELB_URBAN,STREET,1,10.0
42310,1,5,113,2,1,60.0,0,I,MELB_URBAN,ROAD,1,17.0
42311,1,5,130,2,2,50.0,0,I,MELB_URBAN,STREET,1,19.0
42312,2,5,99,2,1,50.0,0,I,MELB_URBAN,AVENUE,1,18.0
42313,1,5,120,5,1,100.0,0,N,RURAL_VICTORIA,HIGHWAY,1,16.0
42314,2,4,100,2,1,60.0,0,N,MELB_URBAN,ROAD,1,12.0
42315,6,5,184,5,9,60.0,0,N,MELB_URBAN,ROAD,1,15.0
42316,4,5,173,5,1,100.0,0,N,RURAL_VICTORIA,ROAD,1,18.0
42317,1,5,121,4,1,60.0,0,I,MELB_URBAN,ROAD,1,16.0
42318,1,4,130,2,1,60.0,0,I,MELB_URBAN,HIGHWAY,1,14.0
42319,8,4,174,5,6,60.0,0,N,MELB_URBAN,ROAD,1,3.0
42320,1,5,140,5,5,80.0,0,N,RURAL_VICTORIA,ROAD,1,22.0
42321,8,6,174,2,3,60.0,0,I,MELB_URBAN,ROAD,1,0.0
42322,4,6,173,5,3,60.0,0,N,MELB_URBAN,DRIVE,1,1.0
42323,4,6,171,5,3,60.0,0,N,MELB_URBAN,ROAD,1,3.0
42324,1,6,121,2,2,60.0,0,I,MELB_URBAN,ROAD,1,6.0
42325,4,6,173,1,1,70.0,0,I,LARGE_PROVINCIAL_CITIES,STREET,1,9.0
42326,1,2,130,1,1,80.0,0,I,MELB_URBAN,HIGHWAY,1,12.0
42327,2,6,100,5,1,50.0,0,N,MELBOURNE_CBD,STREET,1,10.0
42328,1,5,99,2,1,50.0,0,I,MELB_URBAN,ROAD,1,9.0
42329,1,6,134,2,1,70.0,0,I,MELB_URBAN,ROAD,1,9.0
42330,5,5,99,5,1,60.0,0,I,RURAL_VICTORIA,OTHER,1,16.0
42331,1,6,110,1,1,50.0,0,I,MELB_URBAN,STREET,1,7.0
42332,1,5,121,1,1,60.0,0,I,MELB_URBAN,HIGHWAY,1,18.0
42333,4,6,171,5,1,70.0,0,N,MELB_URBAN,STREET,1,10.0
42334,1,5,99,4,1,60.0,0,I,MELB_URBAN,STREET,1,15.0
42335,1,6,130,5,1,100.0,0,N,MELB_URBAN,FREEWAY,9,15.0
42336,4,6,181,5,1,80.0,0,N,RURAL_VICTORIA,ROAD,1,10.0
42337,6,1,174,5,1,60.0,0,N,MELB_URBAN,PARADE,12,8.0
42338,8,1,174,5,1,60.0,0,N,MELB_URBAN,DRIVE,11,15.0
42339,1,6,121,1,1,60.0,0,I,MELB_URBAN,ROAD,1,11.0
42340,1,1,113,1,1,60.0,0,I,RURAL_VICTORIA,ROAD,12,8.0
42341,1,5,130,1,2,60.0,0,I,MELB_URBAN,ROAD,1,19.0
42342,1,6,110,1,1,50.0,0,I,MELB_URBAN,ROAD,1,10.0
42343,1,6,121,5,1,60.0,0,N,MELB_URBAN,ROAD,1,13.0
42344,1,4,130,5,1,80.0,0,N,RURAL_VICTORIA,ROAD,1,11.0
42345,2,6,100,1,1,50.0,0,I,MELB_URBAN,DRIVE,1,12.0
42346,1,5,130,1,1,60.0,0,I,MELB_URBAN,ROAD,1,9.0
42347,4,6,171,5,1,80.0,0,N,SMALL_TOWNS,HIGHWAY,1,8.0
42348,4,6,99,5,1,40.0,0,N,TOWNS,STREET,1,15.0
42349,8,1,184,5,1,100.0,0,N,RURAL_VICTORIA,ROAD,12,14.0
42350,1,2,130,2,1,60.0,0,I,LARGE_PROVINCIAL_CITIES,HIGHWAY,12,8.0
42351,1,6,113,2,1,100.0,0,I,RURAL_VICTORIA,ROAD,1,15.0
42352,4,7,181,5,1,60.0,0,N,RURAL_VICTORIA,ROAD,12,13.0
42353,1,2,130,1,1,60.0,0,I,MELB_URBAN,ROAD,1,16.0
42354,4,6,171,2,1,60.0,0,I,MELB_URBAN,HIGHWAY,1,16.0
42355,1,6,135,5,1,100.0,0,N,MELB_URBAN,FREEWAY,1,17.0
42356,1,6,113,2,2,60.0,0,I,MELB_URBAN,ROAD,1,17.0
42357,8,4,170,5,5,60.0,0,N,LARGE_PROVINCIAL_CITIES,STREET,11,22.0
42358,1,6,147,5,1,50.0,0,N,MELB_URBAN,STREET,1,15.0
42359,1,6,171,5,1,50.0,0,N,MELB_URBAN,OTHER,1,18.0
42360,4,1,183,5,1,100.0,0,N,RURAL_VICTORIA,OTHER,8,10.0
42361,1,6,99,2,1,100.0,0,I,RURAL_VICTORIA,HIGHWAY,1,16.0
42362,1,5,121,1,1,60.0,0,I,MELB_URBAN,ROAD,1,18.0
42363,1,5,130,5,2,60.0,0,N,RURAL_VICTORIA,ROAD,1,20.0
42364,1,6,160,2,1,50.0,0,I,MELB_URBAN,ROAD,1,16.0
42365,6,1,99,5,9,100.0,0,N,RURAL_VICTORIA,HIGHWAY,12,1.0
42366,6,7,174,1,9,60.0,0,I,MELB_URBAN,STREET,12,15.0
42367,1,6,111,1,3,50.0,0,I,MELB_URBAN,STREET,1,20.0
42368,4,6,183,1,2,100.0,0,I,RURAL_VICTORIA,HIGHWAY,1,18.0
42369,2,6,102,1,3,40.0,0,I,MELB_URBAN,STREET,1,22.0
42370,1,6,135,5,3,80.0,0,N,MELB_URBAN,FREEWAY,1,19.0
42371,1,7,133,5,1,40.0,0,N,MELB_URBAN,STREET,12,11.0
42372,1,5,140,2,1,100.0,0,I,RURAL_VICTORIA,FREEWAY,1,18.0
42373,4,6,181,5,1,100.0,0,N,RURAL_VICTORIA,ROAD,1,18.0
42374,1,6,121,5,3,80.0,0,N,MELB_URBAN,ROAD,1,23.0
42375,1,7,130,5,3,60.0,0,N,MELB_URBAN,STREET,1,0.0
42376,8,7,99,2,6,70.0,0,I,MELB_URBAN,ROAD,1,0.0
42377,6,6,184,5,2,50.0,0,N,MELB_URBAN,HIGHWAY,1,19.0
42378,4,7,171,5,5,60.0,0,N,RURAL_VICTORIA,ROAD,1,2.0
42379,1,3,99,5,5,100.0,0,N,RURAL_VICTORIA,ROAD,1,21.0
42380,5,4,99,5,1,100.0,0,N,RURAL_VICTORIA,ROAD,1,9.0
42381,2,7,100,5,3,80.0,0,N,MELB_URBAN,ROAD,1,5.0
42382,6,4,174,5,1,60.0,0,N,MELB_URBAN,ROAD,12,16.0
42383,1,3,130,1,1,60.0,0,I,MELB_URBAN,ROAD,1,16.0
42384,4,6,171,2,1,70.0,0,N,MELB_URBAN,ROAD,1,7.0
42385,4,7,181,5,1,80.0,0,N,MELB_URBAN,RAMP,1,8.0
42386,1,7,113,4,1,80.0,0,I,MELB_URBAN,RAMP,1,10.0
42387,4,7,181,2,6,60.0,0,I,LARGE_PROVINCIAL_CITIES,PARADE,1,2.0
42388,2,7,100,5,1,60.0,0,N,LARGE_PROVINCIAL_CITIES,STREET,1,12.0
42389,8,7,174,1,1,60.0,0,I,MELB_URBAN,ROAD,1,11.0
42390,2,6,99,5,1,60.0,0,N,MELB_URBAN,STREET,1,12.0
42391,1,6,140,5,1,60.0,0,N,MELB_URBAN,ROAD,12,15.0
42392,4,7,181,5,1,80.0,0,N,RURAL_VICTORIA,ROAD,1,12.0
42393,1,6,121,1,3,60.0,0,I,MELB_URBAN,ROAD,1,22.0
42394,4,6,181,5,1,100.0,0,N,MELB_URBAN,RAMP,1,9.0
42395,4,6,99,2,1,60.0,0,I,MELB_URBAN,ROAD,1,12.0
42396,1,7,113,1,1,60.0,0,I,MELB_URBAN,ROAD,1,14.0
42397,6,7,99,5,1,100.0,0,N,RURAL_VICTORIA,ROAD,1,11.0
42398,1,7,130,1,1,60.0,0,I,LARGE_PROVINCIAL_CITIES,STREET,1,13.0
42399,8,7,170,5,1,100.0,0,N,RURAL_VICTORIA,HIGHWAY,1,11.0
42400,1,7,130,1,1,80.0,0,I,MELB_URBAN,HIGHWAY,1,16.0
42401,1,7,111,2,1,80.0,0,I,MELB_URBAN,HIGHWAY,1,16.0
42402,1,7,99,5,1,80.0,0,N,RURAL_VICTORIA,ROAD,1,8.0
42403,2,5,99,5,6,50.0,0,N,LARGE_PROVINCIAL_CITIES,STREET,1,21.0
42404,4,7,171,5,1,100.0,0,N,MELB_URBAN,UNKNOWN,1,17.0
42405,1,4,163,5,3,50.0,0,N,MELB_URBAN,STREET,12,21.0
42406,4,6,171,5,3,60.0,0,N,MELB_URBAN,ROAD,1,23.0
42407,4,7,173,5,1,50.0,1,N,MELB_URBAN,OTHER,1,14.0
42408,4,7,171,5,2,50.0,0,I,TOWNS,ROAD,1,20.0
42409,3,7,167,5,1,100.0,0,N,RURAL_VICTORIA,ROAD,1,15.0
42410,1,6,130,5,1,40.0,0,N,MELB_URBAN,STREET,12,9.0
42411,1,6,110,1,1,100.0,0,I,RURAL_VICTORIA,ROAD,1,15.0
42412,8,4,99,6,1,50.0,0,N,SMALL_CITIES,OTHER,10,14.0
42413,4,7,171,5,2,80.0,0,N,RURAL_VICTORIA,ROAD,1,5.0
42414,1,7,147,5,1,80.0,0,N,MELB_URBAN,ROAD,1,16.0
42415,4,7,171,5,2,100.0,0,N,RURAL_VICTORIA,ROAD,1,6.0
42416,4,7,99,5,1,50.0,0,N,LARGE_PROVINCIAL_CITIES,STREET,1,15.0
42417,4,1,173,5,5,100.0,1,N,RURAL_VICTORIA,ROAD,1,3.0
42418,4,3,171,5,3,50.0,0,N,MELB_URBAN,ROAD,12,23.0
42419,4,1,173,5,2,100.0,0,N,RURAL_VICTORIA,ROAD,1,5.0
42420,6,1,170,5,1,100.0,0,N,RURAL_VICTORIA,ROAD,12,17.0
42421,4,1,183,5,5,60.0,0,N,MELB_URBAN,ROAD,1,3.0
42422,1,0,121,2,1,60.0,0,I,SMALL_CITIES,STREET,1,10.0
42423,1,1,120,5,1,60.0,0,N,RURAL_VICTORIA,OTHER,1,9.0
42424,1,4,130,5,1,60.0,0,N,MELB_URBAN,ROAD,1,7.0
42425,1,1,147,5,1,50.0,0,N,MELB_URBAN,ROAD,1,13.0
42426,1,1,130,5,1,80.0,0,N,MELB_URBAN,FREEWAY,1,12.0
42427,6,1,170,5,5,100.0,1,N,RURAL_VICTORIA,ROAD,1,0.0
42428,8,1,184,5,1,80.0,0,N,RURAL_VICTORIA,ROAD,1,13.0
42429,1,1,121,2,1,80.0,0,I,RURAL_VICTORIA,ROAD,1,13.0
42430,1,1,120,5,1,100.0,0,N,RURAL_VICTORIA,ROAD,1,14.0
42431,1,1,130,5,1,80.0,0,N,MELB_URBAN,ROAD,1,15.0
42432,4,1,171,5,1,90.0,0,N,RURAL_VICTORIA,ROAD,1,9.0
42433,1,0,116,2,1,60.0,0,I,MELB_URBAN,HIGHWAY,1,14.0
42434,1,1,113,2,1,60.0,0,I,MELB_URBAN,ROAD,1,15.0
42435,4,1,171,5,1,100.0,0,N,MELB_URBAN,RAMP,1,16.0
42436,4,1,173,5,9,110.0,0,N,RURAL_VICTORIA,FREEWAY,1,13.0
42437,6,7,174,1,1,60.0,0,I,MELB_URBAN,HIGHWAY,9,16.0
42438,2,1,99,5,1,50.0,0,N,MELB_URBAN,UNKNOWN,1,18.0
42439,4,1,181,5,1,80.0,0,N,RURAL_VICTORIA,ROAD,1,18.0
42440,1,1,113,2,1,90.0,0,I,RURAL_VICTORIA,FREEWAY,1,17.0
42441,4,1,173,5,2,60.0,0,N,MELB_URBAN,OTHER,1,20.0
42442,1,1,113,4,1,80.0,0,I,MELB_URBAN,RAMP,1,15.0
42443,1,6,140,5,1,40.0,0,N,MELB_URBAN,STREET,1,7.0
42444,1,6,140,5,1,60.0,0,N,MELB_URBAN,STREET,1,12.0
42445,6,1,99,5,5,100.0,0,N,SMALL_TOWNS,ROAD,1,22.0
42446,4,2,183,5,5,110.0,0,N,RURAL_VICTORIA,FREEWAY,1,2.0
42447,1,5,111,1,1,80.0,0,I,MELB_URBAN,ROAD,1,8.0
42448,3,1,167,5,2,100.0,0,N,RURAL_VICTORIA,ROAD,1,4.0
42449,8,1,99,5,1,60.0,0,N,RURAL_VICTORIA,ROAD,1,13.0
42450,1,2,110,4,1,50.0,0,I,MELB_URBAN,AVENUE,1,7.0
42451,1,2,130,5,1,60.0,0,N,MELB_URBAN,HIGHWAY,1,7.0
42452,1,2,113,1,1,60.0,0,I,SMALL_CITIES,STREET,1,8.0
42453,1,1,121,2,1,60.0,0,I,MELB_URBAN,ROAD,1,10.0
42454,1,2,121,2,1,60.0,0,I,MELB_URBAN,ROAD,1,10.0
42455,1,2,130,5,1,80.0,0,N,MELB_URBAN,UNKNOWN,1,12.0
42456,2,2,99,5,1,70.0,0,N,MELB_URBAN,ROAD,1,12.0
42457,1,2,120,1,1,100.0,0,N,RURAL_VICTORIA,ROAD,1,12.0
42458,6,1,170,5,1,100.0,0,N,RURAL_VICTORIA,ROAD,8,8.0
42459,1,2,130,2,1,80.0,0,I,MELB_URBAN,ROAD,1,10.0
42460,1,2,130,5,1,110.0,0,N,TOWNS,FREEWAY,1,13.0
42461,1,1,110,1,3,60.0,0,I,MELB_URBAN,ROAD,1,23.0
42462,1,2,160,5,1,60.0,0,N,SMALL_CITIES,AVENUE,1,13.0
42463,1,2,133,5,1,60.0,0,N,MELB_URBAN,ROAD,1,14.0
42464,4,1,183,5,3,50.0,0,N,MELB_URBAN,OTHER,1,22.0
42465,8,2,174,5,1,60.0,0,N,MELB_URBAN,ROAD,1,10.0
42466,1,5,130,5,1,80.0,0,N,MELB_URBAN,ROAD,1,12.0
42467,1,2,130,5,1,80.0,0,N,MELB_URBAN,ROAD,12,15.0
42468,1,2,121,1,1,40.0,0,I,MELB_URBAN,STREET,1,15.0
42469,4,2,173,5,1,100.0,0,N,RURAL_VICTORIA,HIGHWAY,1,13.0
42470,1,2,130,5,1,100.0,0,N,MELB_URBAN,FREEWAY,1,16.0
42471,1,2,111,2,1,70.0,0,I,SMALL_CITIES,AVENUE,1,17.0
42472,1,6,140,2,1,60.0,0,I,LARGE_PROVINCIAL_CITIES,OTHER,11,8.0
42473,2,2,100,5,1,50.0,0,N,SMALL_CITIES,ROAD,1,17.0
42474,1,2,99,1,1,60.0,0,I,MELB_URBAN,ROAD,1,17.0
42475,1,2,163,5,1,40.0,0,N,MELB_URBAN,ROAD,1,18.0
42476,1,5,163,5,1,50.0,0,N,MELB_URBAN,ROAD,1,17.0
42477,4,4,181,5,1,80.0,0,N,RURAL_VICTORIA,ROAD,1,10.0
42478,1,1,130,5,1,80.0,0,N,RURAL_VICTORIA,ROAD,1,16.0
42479,1,2,130,1,1,60.0,0,I,MELB_URBAN,STREET,1,11.0
42480,1,2,121,2,1,60.0,0,I,MELB_URBAN,ROAD,1,16.0
42481,1,2,120,5,1,100.0,0,N,RURAL_VICTORIA,HIGHWAY,1,17.0
42482,4,2,181,5,2,70.0,0,N,RURAL_VICTORIA,ROAD,1,19.0
42483,1,2,99,5,1,60.0,0,I,MELB_URBAN,STREET,1,17.0
42484,1,2,121,1,1,70.0,0,I,MELB_URBAN,ROAD,1,18.0
42485,4,2,171,5,1,100.0,0,N,RURAL_VICTORIA,ROAD,1,16.0
42486,1,2,110,1,2,60.0,0,I,MELB_URBAN,ROAD,1,20.0
42487,8,1,170,5,1,60.0,0,N,MELB_URBAN,STREET,1,18.0
42488,1,2,130,2,1,80.0,0,N,MELB_URBAN,ROAD,1,15.0
42489,1,2,110,1,1,100.0,1,I,RURAL_VICTORIA,ROAD,1,14.0
42490,1,2,132,2,1,60.0,0,I,MELB_URBAN,ROAD,1,17.0
42491,1,1,130,1,1,80.0,0,I,MELB_URBAN,ROAD,1,18.0
42492,1,2,130,4,1,80.0,0,N,MELB_URBAN,DRIVE,1,16.0
42493,1,2,121,1,1,60.0,0,I,MELB_URBAN,ROAD,1,18.0
42494,1,2,120,5,1,100.0,1,N,RURAL_VICTORIA,HIGHWAY,1,18.0
42495,1,2,130,1,3,60.0,0,I,MELB_URBAN,ROAD,1,23.0
42496,1,7,99,5,6,50.0,0,N,MELB_URBAN,DRIVE,1,0.0
42497,1,3,110,1,1,80.0,0,I,TOWNS,ROAD,12,11.0
42498,1,2,121,2,1,70.0,0,I,MELB_URBAN,ROAD,1,16.0
42499,2,3,99,5,2,60.0,0,N,MELB_URBAN,ROAD,1,6.0
42500,8,2,99,5,1,100.0,0,N,RURAL_VICTORIA,ROAD,1,18.0
42501,1,5,130,1,1,60.0,0,I,MELB_URBAN,ROAD,12,19.0
42502,1,3,130,4,1,60.0,0,I,MELB_URBAN,ROAD,1,15.0
42503,1,4,147,5,1,60.0,0,N,LARGE_PROVINCIAL_CITIES,STREET,1,10.0
42504,1,7,121,1,1,80.0,0,I,MELB_URBAN,HIGHWAY,1,16.0
42505,1,5,130,1,1,60.0,0,I,MELB_URBAN,STREET,1,7.0
42506,4,2,171,2,1,110.0,0,N,LARGE_PROVINCIAL_CITIES,FREEWAY,1,9.0
42507,6,5,99,5,1,100.0,0,N,RURAL_VICTORIA,ROAD,1,16.0
42508,8,4,170,5,1,50.0,0,N,MELB_URBAN,ROAD,1,11.0
42509,1,2,120,5,1,80.0,0,N,MELB_URBAN,HIGHWAY,1,11.0
42510,1,3,130,2,1,70.0,0,I,MELB_URBAN,STREET,1,9.0
42511,2,3,99,5,1,40.0,0,N,MELB_URBAN,ROAD,1,12.0
42512,4,3,183,2,1,80.0,0,I,RURAL_VICTORIA,ROAD,1,12.0
42513,4,6,173,5,1,80.0,0,N,RURAL_VICTORIA,ROAD,1,13.0
42514,1,2,132,5,1,70.0,0,N,MELB_URBAN,ROAD,1,18.0
42515,1,2,132,2,1,60.0,0,I,MELB_URBAN,ROAD,1,12.0
42516,4,3,181,5,1,50.0,0,N,SMALL_CITIES,STREET,1,12.0
42517,1,2,110,1,1,60.0,0,I,LARGE_PROVINCIAL_CITIES,STREET,1,12.0
42518,1,3,130,2,1,60.0,0,I,MELB_URBAN,ROAD,12,14.0
42519,1,2,110,1,1,60.0,0,I,MELB_URBAN,STREET,1,13.0
42520,1,3,130,2,1,100.0,0,I,MELB_URBAN,FREEWAY,1,11.0
42521,2,1,100,5,2,40.0,0,N,MELB_URBAN,STREET,1,20.0
42522,4,2,171,2,1,60.0,0,I,MELB_URBAN,DRIVE,1,14.0
42523,3,6,167,5,5,100.0,0,N,RURAL_VICTORIA,HIGHWAY,11,21.0
42524,4,3,171,5,1,80.0,0,N,MELB_URBAN,AVENUE,1,14.0
42525,1,3,163,5,3,40.0,0,N,MELB_URBAN,STREET,12,21.0
42526,4,2,171,1,1,60.0,0,I,LARGE_PROVINCIAL_CITIES,STREET,1,12.0
42527,7,6,99,5,1,60.0,0,N,MELB_URBAN,DRIVE,12,12.0
42528,2,1,99,5,3,50.0,0,N,MELB_URBAN,AVENUE,1,22.0
42529,1,3,110,1,1,60.0,0,I,MELB_URBAN,STREET,1,10.0
42530,6,3,174,5,5,100.0,0,N,RURAL_VICTORIA,HIGHWAY,1,4.0
42531,1,6,121,1,3,60.0,0,I,MELB_URBAN,BOULEVARD,12,22.0
42532,6,3,99,5,1,100.0,0,N,RURAL_VICTORIA,ROAD,1,16.0
42533,1,3,99,5,1,60.0,0,N,LARGE_PROVINCIAL_CITIES,ROAD,1,17.0
42534,1,2,99,1,1,60.0,0,I,MELB_URBAN,ROAD,1,17.0
42535,9,3,99,5,1,100.0,0,N,RURAL_VICTORIA,ROAD,1,12.0
42536,1,2,160,5,1,50.0,0,N,TOWNS,AVENUE,1,17.0
42537,6,3,99,5,1,80.0,0,N,TOWNS,ROAD,1,15.0
42538,4,3,173,5,1,100.0,0,N,RURAL_VICTORIA,ROAD,1,16.0
42539,4,2,181,2,1,100.0,0,I,RURAL_VICTORIA,ROAD,1,17.0
42540,6,3,99,5,1,80.0,0,N,RURAL_VICTORIA,ROAD,1,17.0
42541,8,3,174,1,1,70.0,0,I,MELB_URBAN,ROAD,1,18.0
42542,4,2,181,5,1,100.0,0,N,RURAL_VICTORIA,HIGHWAY,1,14.0
42543,4,2,173,5,2,80.0,0,N,RURAL_VICTORIA,ROAD,1,20.0
42544,4,3,181,2,2,100.0,0,I,RURAL_VICTORIA,ROAD,1,19.0
42545,4,5,171,5,1,50.0,0,N,MELB_URBAN,OTHER,1,14.0
42546,6,3,99,5,2,100.0,0,N,RURAL_VICTORIA,ROAD,1,19.0
42547,1,3,147,5,3,60.0,0,I,MELB_URBAN,ROAD,1,19.0
42548,2,3,99,5,1,60.0,0,N,MELB_URBAN,ROAD,1,16.0
42549,3,3,167,5,5,100.0,0,N,RURAL_VICTORIA,ROAD,1,22.0
42550,1,3,120,2,1,50.0,0,I,MELB_URBAN,STREET,1,18.0
42551,1,3,120,5,3,50.0,1,N,SMALL_CITIES,STREET,1,23.0
42552,1,2,132,2,1,60.0,0,N,MELB_URBAN,ROAD,1,8.0
42553,1,3,116,2,1,80.0,0,N,MELB_URBAN,HIGHWAY,1,13.0
42554,4,4,173,5,1,80.0,0,N,RURAL_VICTORIA,ROAD,1,7.0
42555,1,3,130,1,1,60.0,0,I,MELB_URBAN,ROAD,1,16.0
42556,1,4,110,1,1,60.0,0,I,TOWNS,STREET,1,8.0
42557,5,4,171,1,1,60.0,0,I,MELB_URBAN,AVENUE,1,8.0
42558,4,4,183,5,1,100.0,0,N,RURAL_VICTORIA,ROAD,1,8.0
42559,1,7,130,5,2,100.0,0,N,MELB_URBAN,FREEWAY,8,7.0
42560,1,4,120,2,1,60.0,0,N,MELB_URBAN,ROAD,1,8.0
42561,6,3,174,5,3,60.0,0,N,MELB_URBAN,ROAD,1,21.0
42562,2,2,100,5,1,60.0,0,N,SMALL_CITIES,ROAD,1,18.0
42563,4,3,183,1,1,70.0,0,I,MELB_URBAN,ROAD,1,9.0
42564,6,4,174,5,1,60.0,0,N,MELB_URBAN,RAMP,1,9.0
42565,4,3,181,2,1,60.0,0,N,MELB_URBAN,ROAD,1,13.0
42566,1,4,121,1,1,60.0,0,I,MELB_URBAN,STREET,1,8.0
42567,1,4,113,1,1,50.0,0,I,MELB_URBAN,ROAD,1,9.0
42568,1,4,135,1,1,70.0,0,I,MELB_URBAN,ROAD,1,10.0
42569,1,2,130,1,1,70.0,0,I,MELB_URBAN,ROAD,1,14.0
42570,1,2,121,2,3,80.0,0,I,MELB_URBAN,HIGHWAY,1,22.0
42571,4,3,171,2,1,60.0,0,I,MELB_URBAN,ROAD,1,10.0
42572,1,3,130,2,1,60.0,0,N,MELB_URBAN,STREET,1,17.0
42573,1,4,120,1,1,80.0,0,I,MELB_URBAN,ROAD,1,14.0
42574,1,4,99,5,1,60.0,0,N,MELB_URBAN,AVENUE,1,11.0
42575,6,2,99,5,1,100.0,0,N,RURAL_VICTORIA,HIGHWAY,1,17.0
42576,4,2,173,5,1,100.0,0,N,RURAL_VICTORIA,ROAD,12,18.0
42577,1,4,133,5,1,80.0,0,N,RURAL_VICTORIA,ROAD,1,14.0
42578,1,4,113,2,1,80.0,0,N,SMALL_CITIES,STREET,1,16.0
42579,1,4,147,5,1,100.0,0,N,RURAL_VICTORIA,ROAD,1,10.0
42580,1,4,147,5,1,50.0,0,N,MELB_URBAN,AVENUE,1,16.0
42581,1,2,130,1,1,60.0,0,I,MELB_URBAN,ROAD,1,17.0
42582,2,4,99,5,1,50.0,0,N,MELB_URBAN,STREET,1,16.0
42583,1,6,99,1,1,60.0,0,N,MELB_URBAN,ROAD,1,18.0
42584,1,3,130,5,1,70.0,0,N,MELB_URBAN,OTHER,1,15.0
42585,1,7,111,1,3,80.0,0,I,MELB_URBAN,HIGHWAY,10,23.0
42586,1,4,130,1,1,60.0,0,I,MELB_URBAN,HIGHWAY,1,7.0
42587,1,6,130,5,2,50.0,0,N,MELB_URBAN,STREET,8,17.0
42588,1,4,111,2,1,60.0,0,I,MELB_URBAN,ROAD,1,17.0
42589,6,4,99,5,2,60.0,0,N,RURAL_VICTORIA,ROAD,1,20.0
42590,1,6,130,2,2,60.0,0,I,MELB_URBAN,ROAD,5,7.0
42591,1,3,130,5,1,60.0,0,N,MELB_URBAN,ROAD,1,17.0
42592,1,1,130,5,3,40.0,0,N,MELB_URBAN,STREET,1,22.0
42593,1,3,110,1,3,50.0,0,I,SMALL_CITIES,STREET,1,21.0
42594,4,2,171,5,2,60.0,0,N,MELB_URBAN,STREET,11,6.0
42595,1,4,99,5,3,60.0,0,N,LARGE_PROVINCIAL_CITIES,STREET,1,23.0
42596,1,4,121,2,1,60.0,0,I,MELB_URBAN,ROAD,1,13.0
42597,6,1,99,5,5,80.0,0,N,RURAL_VICTORIA,ROAD,6,0.0
42598,1,4,132,1,1,60.0,0,I,LARGE_PROVINCIAL_CITIES,STREET,10,8.0
42599,1,4,111,1,1,60.0,0,I,MELB_URBAN,ROAD,1,7.0
42600,1,6,99,5,2,100.0,0,N,MELB_URBAN,RAMP,10,18.0
42601,1,3,110,1,1,50.0,0,I,TOWNS,AVENUE,1,17.0
42602,2,3,99,5,1,40.0,0,N,MELB_URBAN,ROAD,1,10.0
42603,1,4,99,5,1,50.0,0,N,MELB_URBAN,STREET,1,11.0
42604,1,4,116,2,1,70.0,0,I,SMALL_CITIES,ROAD,1,17.0
42605,1,5,120,5,1,50.0,0,N,MELB_URBAN,ROAD,1,8.0
42606,1,5,110,1,1,60.0,0,I,MELB_URBAN,ROAD,1,8.0
42607,1,5,121,1,1,50.0,0,I,MELB_URBAN,STREET,1,8.0
42608,6,4,174,2,1,60.0,0,I,MELB_URBAN,ROAD,1,10.0
42609,1,5,120,5,1,70.0,0,N,MELB_URBAN,ROAD,1,12.0
42610,8,7,99,5,1,100.0,0,N,RURAL_VICTORIA,ROAD,10,11.0
42611,4,5,171,2,1,50.0,0,I,MELB_URBAN,STREET,1,12.0
42612,4,6,173,5,1,100.0,0,N,RURAL_VICTORIA,ROAD,12,14.0
42613,4,5,181,5,1,100.0,0,N,RURAL_VICTORIA,ROAD,1,11.0
42614,1,3,140,5,1,40.0,0,N,LARGE_PROVINCIAL_CITIES,STREET,1,17.0