,accident_type,day_of_week,dca_code,road_geometry,light_condition,speed_zone,severity,node_type,deg_urban_name,road_type,month,hour
42615,1,5,130,5,1,60.0,0,N,MELB_URBAN,STREET,1,12.0
42616,1,5,99,5,1,50.0,0,N,MELB_URBAN,ROAD,1,11.0
42617,1,5,135,5,1,100.0,0,N,MELB_URBAN,FREEWAY,1,11.0
42618,1,3,130,2,1,50.0,0,I,MELB_URBAN,ROAD,12,11.0
42619,1,5,120,5,1,100.0,1,N,RURAL_VICTORIA,ROAD,1,7.0
42620,1,2,130,5,1,80.0,0,N,RURAL_VICTORIA,HIGHWAY,1,16.0
42621,4,5,183,5,1,100.0,0,N,RURAL_VICTORIA,HIGHWAY,1,7.0
42622,1,7,160,5,1,60.0,0,N,MELB_URBAN,ROAD,1,7.0
42623,1,4,130,1,1,70.0,0,I,MELB_URBAN,ROAD,1,15.0
42624,1,5,132,5,1,80.0,0,N,RURAL_VICTORIA,HIGHWAY,1,14.0
42625,1,5,99,2,1,60.0,0,I,MELB_URBAN,STREET,12,14.0
42626,1,5,130,5,1,70.0,0,N,MELB_URBAN,DRIVE,1,14.0
42627,4,3,181,5,1,100.0,0,N,RURAL_VICTORIA,ROAD,1,16.0
42628,4,4,173,5,5,100.0,0,N,RURAL_VICTORIA,ROAD,1,20.0
42629,8,4,184,5,2,60.0,0,N,SMALL_CITIES,STREET,1,21.0
42630,1,5,121,1,1,60.0,0,I,LARGE_PROVINCIAL_CITIES,STREET,1,16.0
42631,2,5,99,2,1,60.0,0,I,MELB_URBAN,ROAD,1,16.0
42632,1,1,130,1,1,60.0,0,I,MELB_URBAN,ROAD,1,18.0
42633,1,5,140,5,1,60.0,0,N,MELB_URBAN,ROAD,1,17.0
42634,1,2,130,9,2,60.0,0,I,MELB_URBAN,ROAD,1,19.0
42635,4,5,181,5,1,100.0,0,N,RURAL_VICTORIA,ROAD,1,14.0
42636,8,2,184,5,1,100.0,0,N,RURAL_VICTORIA,ROAD,12,16.0
42637,4,4,171,5,1,60.0,0,N,LARGE_PROVINCIAL_CITIES,ROAD,1,17.0
42638,1,4,121,2,1,80.0,0,N,MELB_URBAN,HIGHWAY,1,16.0
42639,4,4,171,5,1,80.0,0,N,RURAL_VICTORIA,HIGHWAY,1,11.0
42640,1,6,130,1,1,60.0,0,I,MELBOURNE_CBD,STREET,1,17.0
42641,1,5,160,5,3,60.0,0,N,LARGE_PROVINCIAL_CITIES,STREET,1,22.0
42642,1,6,110,1,9,50.0,0,I,TOWNS,STREET,1,0.0
42643,6,6,170,5,3,50.0,0,N,MELB_URBAN,OTHER,1,0.0
42644,8,5,174,2,3,60.0,0,I,MELB_URBAN,STREET,1,23.0
42645,4,5,99,5,1,50.0,0,N,MELB_URBAN,ROAD,1,10.0
42646,4,6,171,5,3,60.0,1,N,MELB_URBAN,ROAD,1,3.0
42647,1,6,130,5,1,80.0,0,N,MELB_URBAN,ROAD,1,7.0
42648,1,3,130,2,1,60.0,0,I,MELB_URBAN,ROAD,10,8.0
42649,1,3,130,5,1,40.0,0,N,SMALL_CITIES,ROAD,1,12.0
42650,1,5,132,5,1,80.0,0,N,RURAL_VICTORIA,ROAD,1,9.0
42651,1,3,130,5,1,100.0,0,N,MELB_URBAN,RAMP,1,17.0
42652,1,6,130,5,1,40.0,0,N,RURAL_VICTORIA,ROAD,1,9.0
42653,1,6,130,5,1,100.0,0,N,MELB_URBAN,FREEWAY,1,7.0
42654,4,7,171,5,1,100.0,0,N,RURAL_VICTORIA,ROAD,8,15.0
42655,1,6,130,5,1,100.0,0,N,MELB_URBAN,FREEWAY,1,8.0
42656,2,6,100,1,1,60.0,0,I,MELB_URBAN,ROAD,1,10.0
42657,2,6,102,2,1,80.0,0,I,MELB_URBAN,ROAD,1,10.0
42658,2,5,102,5,1,40.0,0,N,MELB_URBAN,STREET,1,18.0
42659,7,6,99,5,3,50.0,0,N,TOWNS,STREET,1,4.0
42660,4,6,183,5,3,60.0,1,N,LARGE_PROVINCIAL_CITIES,STREET,1,5.0
42661,1,6,110,1,1,60.0,0,I,SMALL_CITIES,STREET,1,11.0
42662,1,6,113,4,1,80.0,0,I,MELB_URBAN,RAMP,1,14.0
42663,1,3,130,1,1,60.0,0,I,MELB_URBAN,ROAD,1,16.0
42664,1,6,110,1,1,80.0,0,I,TOWNS,HIGHWAY,1,14.0
42665,1,5,130,5,1,60.0,0,N,MELB_URBAN,ROAD,1,6.0
42666,1,6,120,5,1,60.0,0,N,LARGE_PROVINCIAL_CITIES,STREET,1,13.0
42667,4,5,99,9,1,100.0,0,N,RURAL_VICTORIA,HIGHWAY,1,16.0
42668,2,6,100,5,1,50.0,0,N,MELB_URBAN,STREET,1,14.0
42669,1,6,110,1,1,60.0,0,I,MELB_URBAN,DRIVE,1,13.0
42670,1,5,111,2,1,60.0,0,I,MELB_URBAN,ROAD,1,7.0
42671,1,6,121,2,1,70.0,0,I,LARGE_PROVINCIAL_CITIES,STREET,1,15.0
42672,1,6,130,5,1,80.0,0,N,MELB_URBAN,HIGHWAY,1,15.0
42673,1,5,130,2,1,60.0,0,I,RURAL_VICTORIA,ROAD,1,16.0
42674,1,2,130,2,1,60.0,0,I,MELB_URBAN,HIGHWAY,1,16.0
42675,1,3,130,2,1,60.0,0,I,MELB_URBAN,OTHER,1,14.0
42676,1,6,130,5,1,80.0,0,N,MELB_URBAN,ROAD,1,17.0
42677,1,6,113,2,1,80.0,0,I,RURAL_VICTORIA,ROAD,1,14.0
42678,7,6,184,5,1,60.0,0,N,RURAL_VICTORIA,ROAD,12,12.0
42679,4,6,171,5,1,100.0,0,N,RURAL_VICTORIA,FREEWAY,1,18.0
42680,1,6,130,5,1,60.0,0,N,MELB_URBAN,ROAD,1,13.0
42681,1,5,120,5,1,60.0,0,N,MELB_URBAN,AVENUE,1,13.0
42682,1,4,130,5,3,80.0,0,N,MELB_URBAN,FREEWAY,1,22.0
42683,4,6,171,5,2,100.0,0,N,RURAL_VICTORIA,ROAD,1,19.0
42684,1,5,113,2,1,70.0,0,I,RURAL_VICTORIA,ROAD,1,17.0
42685,1,6,116,2,1,70.0,0,I,MELB_URBAN,ROAD,1,7.0
42686,8,5,174,2,6,50.0,0,I,MELB_URBAN,OTHER,11,23.0
42687,1,6,130,5,1,60.0,0,N,RURAL_VICTORIA,RAMP,1,15.0
42688,1,4,133,1,9,80.0,0,I,MELB_URBAN,HIGHWAY,1,9.0
42689,3,6,167,5,5,100.0,0,N,RURAL_VICTORIA,HIGHWAY,1,23.0
42690,4,2,171,5,2,50.0,0,N,LARGE_PROVINCIAL_CITIES,STREET,11,7.0
42691,1,0,121,2,1,70.0,0,I,MELB_URBAN,BOULEVARD,1,19.0
42692,4,7,183,5,5,60.0,0,N,RURAL_VICTORIA,ROAD,1,2.0
42693,1,6,120,5,2,50.0,0,N,MELB_URBAN,ROAD,1,6.0
42694,1,6,110,1,1,80.0,0,I,MELB_URBAN,ROAD,1,13.0
42695,1,4,130,5,1,70.0,0,N,MELB_URBAN,ROAD,1,14.0
42696,4,4,171,5,1,60.0,0,N,RURAL_VICTORIA,ROAD,1,11.0
42697,8,7,99,2,3,60.0,0,I,MELB_URBAN,ROAD,1,3.0
42698,1,2,130,5,2,40.0,0,N,MELB_URBAN,DRIVE,1,19.0
42699,6,7,174,2,1,50.0,0,I,RURAL_VICTORIA,ROAD,1,8.0
42700,6,7,174,5,1,110.0,0,N,TOWNS,RAMP,1,10.0
42701,1,7,99,2,1,60.0,0,I,LARGE_PROVINCIAL_CITIES,STREET,1,10.0
42702,1,7,132,2,1,60.0,0,I,MELB_URBAN,ROAD,1,10.0
42703,8,7,174,1,1,60.0,0,N,RURAL_VICTORIA,ROAD,12,10.0
42704,6,7,184,5,1,60.0,0,N,RURAL_VICTORIA,OTHER,1,11.0
42705,5,7,99,5,1,100.0,0,N,RURAL_VICTORIA,UNKNOWN,1,12.0
42706,1,7,116,2,1,60.0,0,I,MELB_URBAN,ROAD,1,13.0
42707,1,6,133,5,2,60.0,0,N,MELB_URBAN,ROAD,6,17.0
42708,1,6,121,5,1,60.0,0,N,MELB_URBAN,ROAD,1,14.0
42709,1,7,121,1,1,80.0,0,I,SMALL_CITIES,ROAD,1,14.0
42710,1,7,113,4,1,80.0,0,N,MELB_URBAN,RAMP,1,14.0
42711,6,7,174,5,1,100.0,0,N,RURAL_VICTORIA,HIGHWAY,1,13.0
42712,1,7,116,2,1,50.0,0,I,MELB_URBAN,STREET,1,10.0
42713,1,7,121,2,1,50.0,0,N,MELB_URBAN,STREET,1,14.0
42714,1,7,130,5,1,60.0,0,N,SMALL_TOWNS,ROAD,1,15.0
42715,1,7,99,2,1,50.0,0,I,MELB_URBAN,STREET,1,9.0
42716,1,7,121,4,1,70.0,0,I,MELB_URBAN,ROAD,1,17.0
42717,1,7,121,2,1,50.0,0,I,MELB_URBAN,ROAD,1,12.0
42718,1,7,121,1,1,60.0,0,I,MELB_URBAN,ROAD,1,18.0
42719,1,7,134,5,1,100.0,0,N,RURAL_VICTORIA,HIGHWAY,1,17.0
42720,2,7,102,5,2,40.0,0,N,MELB_URBAN,STREET,1,20.0
42721,4,6,171,5,1,100.0,0,N,RURAL_VICTORIA,ROAD,1,17.0
42722,4,7,171,5,1,60.0,0,N,LARGE_PROVINCIAL_CITIES,ROAD,1,14.0
42723,4,1,173,5,3,80.0,0,N,MELB_URBAN,RAMP,1,0.0
42724,1,1,130,1,3,60.0,0,I,MELB_URBAN,AVENUE,1,0.0
42725,1,7,120,2,3,60.0,0,N,MELB_URBAN,DRIVE,1,23.0
42726,4,1,173,5,3,70.0,0,N,MELB_URBAN,ROAD,1,4.0
42727,6,1,170,2,3,100.0,0,I,RURAL_VICTORIA,HIGHWAY,1,2.0
42728,4,1,173,2,3,70.0,0,I,MELB_URBAN,ROAD,1,3.0
42729,7,1,99,5,3,70.0,0,N,MELB_URBAN,ROAD,1,5.0
42730,4,1,173,5,2,70.0,0,N,MELB_URBAN,ROAD,1,6.0
42731,6,7,99,5,1,110.0,0,N,RURAL_VICTORIA,FREEWAY,1,14.0
42732,1,5,130,2,1,80.0,0,I,TOWNS,HIGHWAY,1,17.0
42733,1,7,121,5,9,60.0,0,N,MELB_URBAN,ROAD,1,14.0
42734,1,6,120,5,1,60.0,0,N,MELB_URBAN,AVENUE,1,11.0
42735,1,1,120,5,1,80.0,0,N,SMALL_CITIES,HIGHWAY,1,8.0
42736,8,1,170,5,5,50.0,0,N,TOWNS,ROAD,11,23.0
42737,4,1,171,5,1,80.0,0,N,MELB_URBAN,ROAD,1,9.0
42738,1,1,113,2,1,60.0,0,I,MELB_URBAN,ROAD,1,11.0
42739,6,1,174,5,1,100.0,0,N,RURAL_VICTORIA,ROAD,1,10.0
42740,1,1,121,1,1,60.0,0,I,MELB_URBAN,ROAD,1,8.0
42741,1,1,130,5,1,60.0,0,N,MELB_URBAN,ROAD,1,13.0
42742,1,1,113,2,1,80.0,0,I,MELB_URBAN,ROAD,1,14.0
42743,6,1,99,5,1,100.0,0,N,RURAL_VICTORIA,HIGHWAY,1,13.0
42744,4,1,99,5,1,40.0,0,N,MELB_URBAN,STREET,1,14.0
42745,1,7,120,5,1,100.0,0,N,RURAL_VICTORIA,HIGHWAY,1,10.0
42746,2,1,99,5,1,60.0,0,N,MELB_URBAN,ROAD,1,15.0
42747,8,1,99,5,1,80.0,0,N,RURAL_VICTORIA,HIGHWAY,1,11.0
42748,7,7,99,5,1,60.0,0,N,SMALL_CITIES,ROAD,1,13.0
42749,8,1,99,5,1,40.0,0,N,LARGE_PROVINCIAL_CITIES,STREET,1,16.0
42750,1,1,130,5,1,70.0,0,N,RURAL_VICTORIA,HIGHWAY,1,12.0
42751,4,5,181,2,1,100.0,0,I,RURAL_VICTORIA,HIGHWAY,1,9.0
42752,2,1,102,5,1,50.0,0,N,SMALL_CITIES,OTHER,1,18.0
42753,4,1,171,5,2,60.0,0,N,MELB_URBAN,ROAD,1,20.0
42754,1,3,130,1,1,80.0,0,I,MELB_URBAN,HIGHWAY,1,14.0
42755,1,5,121,2,1,60.0,0,I,MELB_URBAN,ROAD,1,10.0
42756,1,1,147,5,6,60.0,0,N,MELB_URBAN,STREET,1,5.0
42757,1,6,132,1,1,60.0,0,I,MELB_URBAN,ROAD,1,9.0
42758,4,2,173,5,5,80.0,0,N,RURAL_VICTORIA,ROAD,1,4.0
42759,1,2,121,1,1,60.0,0,I,MELB_URBAN,STREET,1,7.0
42760,1,2,116,2,1,60.0,0,I,MELB_URBAN,ROAD,1,7.0
42761,4,2,181,5,1,50.0,0,N,MELB_URBAN,AVENUE,1,9.0
42762,1,6,130,2,1,40.0,0,I,MELB_URBAN,ROAD,1,17.0
42763,1,1,130,4,1,70.0,0,I,MELB_URBAN,ROAD,1,8.0
42764,8,1,99,5,1,60.0,0,N,SMALL_CITIES,STREET,1,15.0
42765,1,2,110,1,1,60.0,0,I,SMALL_CITIES,STREET,1,10.0
42766,8,1,99,5,1,100.0,0,N,RURAL_VICTORIA,ROAD,1,13.0
42767,4,2,173,5,1,100.0,0,N,RURAL_VICTORIA,FREEWAY,1,9.0
42768,4,2,171,5,1,60.0,0,N,MELB_URBAN,ROAD,1,12.0
42769,1,7,130,1,2,80.0,0,I,MELB_URBAN,HIGHWAY,12,20.0
42770,1,2,110,1,2,80.0,1,I,MELB_URBAN,ROAD,1,5.0
42771,1,2,116,2,1,60.0,0,I,MELB_URBAN,ROAD,1,8.0
42772,1,6,111,2,1,70.0,0,I,RURAL_VICTORIA,ROAD,9,10.0
42773,5,2,99,5,1,100.0,0,N,RURAL_VICTORIA,HIGHWAY,1,11.0
42774,4,1,183,5,1,40.0,0,O,MELB_URBAN,UNKNOWN,1,14.0
42775,1,2,160,5,1,50.0,0,N,MELB_URBAN,ROAD,1,13.0
42776,1,5,130,1,1,60.0,0,I,RURAL_VICTORIA,ROAD,1,16.0
42777,1,2,130,2,1,80.0,0,I,MELB_URBAN,STREET,1,8.0
42778,1,2,110,1,1,50.0,0,I,MELB_URBAN,STREET,1,15.0
42779,1,2,147,5,1,60.0,0,N,MELB_URBAN,ROAD,1,17.0
42780,6,2,184,2,1,60.0,0,I,MELB_URBAN,HIGHWAY,1,12.0
42781,8,2,174,1,9,50.0,0,I,MELB_URBAN,ROAD,11,6.0
42782,4,2,171,5,1,60.0,0,N,MELB_URBAN,BOULEVARD,1,14.0
42783,1,2,99,2,1,60.0,0,I,SMALL_CITIES,STREET,1,15.0
42784,1,2,135,2,1,60.0,0,I,MELB_URBAN,OTHER,1,17.0
42785,4,1,173,5,1,100.0,0,N,RURAL_VICTORIA,ROAD,1,14.0
42786,1,2,130,1,1,60.0,0,I,MELB_URBAN,ROAD,1,12.0
42787,6,2,174,5,1,70.0,0,N,MELB_URBAN,ROAD,1,16.0
42788,1,2,99,2,1,80.0,0,I,MELB_URBAN,FREEWAY,1,17.0
42789,4,2,171,2,5,70.0,0,I,MELB_URBAN,STREET,1,4.0
42790,1,2,121,1,1,50.0,0,I,LARGE_PROVINCIAL_CITIES,STREET,1,17.0
42791,1,2,99,2,1,60.0,0,I,MELB_URBAN,HIGHWAY,1,13.0
42792,1,6,130,5,1,60.0,0,N,MELB_URBAN,ROAD,1,17.0
42793,2,6,99,2,1,60.0,0,I,MELB_URBAN,STREET,1,19.0
42794,6,2,170,2,1,100.0,0,I,MELB_URBAN,FREEWAY,1,16.0
42795,1,2,134,5,1,80.0,0,N,MELB_URBAN,ROAD,1,17.0
42796,1,2,99,1,2,60.0,0,I,MELB_URBAN,STREET,1,19.0
42797,6,4,170,5,5,100.0,0,N,RURAL_VICTORIA,ROAD,12,2.0
42798,1,1,135,5,1,50.0,0,N,MELB_URBAN,STREET,1,17.0
42799,8,1,174,5,1,60.0,0,N,RURAL_VICTORIA,ROAD,1,10.0
42800,1,2,99,2,1,60.0,0,I,MELB_URBAN,HIGHWAY,1,18.0
42801,1,2,130,5,1,70.0,0,N,MELB_URBAN,ROAD,1,16.0
42802,1,2,132,2,2,60.0,0,I,MELB_URBAN,ROAD,1,20.0
42803,8,1,170,2,2,80.0,0,I,RURAL_VICTORIA,ROAD,1,19.0
42804,1,2,99,1,2,60.0,0,I,MELB_URBAN,DRIVE,1,20.0
42805,6,2,174,5,3,60.0,0,N,MELB_URBAN,OTHER,1,22.0
42806,4,2,171,2,1,60.0,0,N,MELB_URBAN,ROAD,1,16.0
42807,1,3,110,1,2,50.0,0,I,MELBOURNE_CBD,OTHER,1,6.0
42808,1,4,113,1,2,60.0,0,I,MELB_URBAN,ROAD,2,19.0
42809,8,6,99,5,1,80.0,0,N,RURAL_VICTORIA,ROAD,10,10.0
42810,1,3,121,1,1,60.0,0,I,MELB_URBAN,STREET,1,8.0
42811,1,3,130,5,1,100.0,0,N,MELB_URBAN,ROAD,1,7.0
42812,1,6,132,2,1,60.0,0,I,MELB_URBAN,ROAD,1,14.0
42813,1,3,110,1,1,90.0,0,I,RURAL_VICTORIA,ROAD,1,10.0
42814,2,3,99,5,1,70.0,0,N,MELB_URBAN,ROAD,1,8.0
42815,1,3,130,5,2,100.0,0,N,MELB_URBAN,FREEWAY,1,6.0
42816,2,2,100,5,1,70.0,0,N,MELB_URBAN,ROAD,1,8.0
42817,1,3,110,1,1,50.0,0,I,SMALL_CITIES,STREET,1,11.0
42818,5,7,99,5,1,80.0,0,N,RURAL_VICTORIA,ROAD,1,15.0
42819,1,3,160,5,1,40.0,0,I,MELB_URBAN,UNKNOWN,1,12.0
42820,1,2,113,2,1,60.0,0,I,MELB_URBAN,STREET,1,13.0
42821,1,3,130,1,1,60.0,0,I,LARGE_PROVINCIAL_CITIES,OTHER,1,13.0
42822,1,3,99,4,1,60.0,0,I,MELB_URBAN,ROAD,1,12.0
42823,4,3,173,5,1,50.0,0,N,TOWNS,OTHER,1,13.0
42824,4,2,183,2,1,100.0,0,N,RURAL_VICTORIA,ROAD,1,10.0
42825,4,4,99,5,1,80.0,0,N,RURAL_VICTORIA,ROAD,11,16.0
42826,1,3,121,1,1,50.0,0,I,SMALL_CITIES,STREET,1,13.0
42827,2,1,99,5,1,40.0,0,N,MELB_URBAN,STREET,1,12.0
42828,4,3,173,5,1,80.0,0,N,RURAL_VICTORIA,ROAD,1,14.0
42829,1,3,130,5,1,60.0,0,N,MELB_URBAN,ROAD,1,13.0
42830,1,3,132,2,1,60.0,0,I,MELB_URBAN,STREET,1,14.0
42831,1,3,110,1,1,60.0,0,I,TOWNS,ROAD,1,15.0
42832,1,3,110,1,1,100.0,1,I,RURAL_VICTORIA,HIGHWAY,1,9.0
42833,1,3,110,1,1,80.0,0,I,MELB_URBAN,ROAD,1,16.0
42834,1,3,121,1,1,80.0,0,I,MELB_URBAN,DRIVE,1,17.0
42835,4,4,171,5,9,100.0,0,N,MELB_URBAN,UNKNOWN,12,6.0
42836,1,3,121,2,1,60.0,0,I,MELB_URBAN,ROAD,1,17.0
42837,1,3,121,1,1,40.0,0,I,MELB_URBAN,ROAD,1,7.0
42838,6,3,184,5,1,100.0,0,N,RURAL_VICTORIA,HIGHWAY,1,16.0
42839,1,2,116,1,2,60.0,0,I,MELB_URBAN,STREET,1,20.0
42840,4,5,181,5,5,80.0,0,N,MELB_URBAN,RAMP,12,21.0
42841,4,3,171,5,5,80.0,0,N,RURAL_VICTORIA,HIGHWAY,1,21.0
42842,1,3,130,2,1,50.0,0,I,MELB_URBAN,ROAD,1,15.0
42843,1,3,132,2,1,80.0,0,I,RURAL_VICTORIA,ROAD,1,17.0
42844,4,3,171,5,2,100.0,0,N,RURAL_VICTORIA,OTHER,1,19.0
42845,2,4,99,5,1,40.0,0,N,MELB_URBAN,ROAD,1,13.0
42846,1,4,160,5,3,60.0,0,N,MELB_URBAN,ROAD,1,1.0
42847,6,3,170,5,5,60.0,0,N,LARGE_PROVINCIAL_CITIES,ROAD,1,22.0
42848,4,4,99,5,3,50.0,0,N,SMALL_CITIES,STREET,1,0.0
42849,2,3,100,1,1,50.0,0,I,MELB_URBAN,ROAD,1,18.0
42850,1,2,99,5,1,50.0,0,N,LARGE_PROVINCIAL_CITIES,STREET,1,10.0
42851,1,4,147,5,1,60.0,0,N,SMALL_CITIES,STREET,12,17.0
42852,4,4,181,5,1,100.0,0,N,RURAL_VICTORIA,ROAD,1,7.0
42853,1,4,99,5,1,60.0,0,N,SMALL_CITIES,STREET,1,8.0
42854,1,4,99,2,1,50.0,0,I,SMALL_CITIES,STREET,1,10.0
42855,1,4,130,1,1,60.0,0,I,SMALL_CITIES,STREET,1,10.0
42856,1,3,163,5,9,50.0,0,N,MELB_URBAN,STREET,1,18.0
42857,1,6,132,5,1,50.0,0,N,LARGE_PROVINCIAL_CITIES,STREET,10,14.0
42858,4,3,181,5,1,70.0,0,N,MELB_URBAN,ROAD,11,16.0
42859,1,3,99,5,1,50.0,0,N,MELB_URBAN,ROAD,1,17.0
42860,4,3,171,2,1,100.0,0,I,RURAL_VICTORIA,HIGHWAY,1,10.0
42861,1,3,130,4,3,60.0,0,N,LARGE_PROVINCIAL_CITIES,ROAD,1,22.0
42862,6,4,99,5,1,100.0,0,N,RURAL_VICTORIA,FREEWAY,1,14.0
42863,1,4,121,2,1,60.0,0,N,TOWNS,AVENUE,1,10.0
42864,4,6,173,5,1,100.0,0,N,LARGE_PROVINCIAL_CITIES,ROAD,12,15.0
42865,4,3,171,2,1,60.0,0,N,MELB_URBAN,ROAD,1,13.0
42866,4,4,171,5,1,50.0,0,N,MELB_URBAN,ROAD,1,11.0
42867,2,2,100,2,1,50.0,0,I,LARGE_PROVINCIAL_CITIES,STREET,1,16.0
42868,8,4,174,5,1,40.0,0,N,MELB_URBAN,ROAD,1,13.0
42869,2,4,100,1,1,50.0,0,I,MELB_URBAN,HIGHWAY,1,11.0
42870,6,4,99,5,1,100.0,0,N,RURAL_VICTORIA,ROAD,1,13.0
42871,1,4,130,5,2,80.0,0,N,MELB_URBAN,FREEWAY,1,6.0
42872,1,4,135,5,1,110.0,0,N,SMALL_CITIES,FREEWAY,1,16.0
42873,1,3,120,5,1,100.0,0,N,RURAL_VICTORIA,ROAD,1,17.0
42874,6,3,174,5,5,100.0,0,N,RURAL_VICTORIA,UNKNOWN,9,21.0
42875,1,1,130,1,9,60.0,0,I,MELB_URBAN,ROAD,10,21.0
42876,4,4,173,5,1,50.0,0,N,MELB_URBAN,STREET,1,16.0
42877,4,2,183,5,1,100.0,0,N,RURAL_VICTORIA,ROAD,9,15.0
42878,1,4,130,5,1,60.0,0,N,LARGE_PROVINCIAL_CITIES,ROAD,1,16.0
42879,4,4,171,5,1,60.0,0,N,MELB_URBAN,ROAD,1,13.0
42880,1,4,121,1,2,40.0,0,I,MELBOURNE_CBD,STREET,1,19.0
42881,1,4,121,2,2,50.0,0,I,MELB_URBAN,AVENUE,1,20.0
42882,4,4,171,2,1,50.0,0,I,MELB_URBAN,OTHER,1,16.0
42883,7,3,99,5,2,50.0,0,N,MELB_URBAN,DRIVE,1,19.0
42884,1,3,147,5,1,60.0,0,N,MELB_URBAN,ROAD,1,18.0
42885,1,4,116,2,1,50.0,0,I,MELB_URBAN,ROAD,1,6.0
42886,1,4,147,5,3,50.0,0,N,MELB_URBAN,STREET,1,23.0
42887,8,6,174,5,9,60.0,0,N,MELB_URBAN,ROAD,12,21.0
42888,1,4,110,1,5,100.0,0,I,RURAL_VICTORIA,ROAD,1,22.0
42889,2,5,100,1,3,50.0,0,I,MELB_URBAN,STREET,1,3.0
42890,1,2,130,5,9,60.0,0,N,MELB_URBAN,ROAD,1,15.0
42891,4,7,171,1,1,50.0,0,I,LARGE_PROVINCIAL_CITIES,STREET,12,9.0
42892,1,5,110,1,1,60.0,0,I,LARGE_PROVINCIAL_CITIES,STREET,1,7.0
42893,1,4,121,1,3,60.0,0,I,MELB_URBAN,ROAD,1,22.0
42894,6,5,174,5,1,60.0,0,N,RURAL_VICTORIA,ROAD,5,14.0
42895,1,5,130,5,1,80.0,0,I,MELB_URBAN,OTHER,1,7.0
42896,2,5,100,5,1,50.0,0,N,MELB_URBAN,AVENUE,1,8.0
42897,4,5,181,5,1,100.0,0,N,RURAL_VICTORIA,ROAD,11,14.0
42898,4,5,171,5,1,60.0,0,N,MELB_URBAN,ROAD,1,7.0
42899,1,5,132,1,1,40.0,0,I,RURAL_VICTORIA,ROAD,1,9.0
42900,1,5,113,2,1,80.0,0,I,RURAL_VICTORIA,DRIVE,1,9.0
42901,1,5,99,4,1,70.0,0,N,MELB_URBAN,ROAD,1,8.0
42902,2,5,102,2,1,60.0,0,I,MELB_URBAN,PARADE,1,9.0
42903,8,3,174,5,1,40.0,0,N,MELB_URBAN,STREET,1,14.0
42904,2,5,100,5,1,50.0,0,N,MELB_URBAN,ROAD,1,9.0
42905,1,4,140,5,1,60.0,0,N,MELB_URBAN,ROAD,1,10.0
42906,2,5,99,5,1,60.0,0,N,MELB_URBAN,DRIVE,1,11.0
42907,4,5,181,5,1,50.0,0,N,SMALL_CITIES,UNKNOWN,1,11.0
42908,1,5,132,2,1,60.0,0,I,MELB_URBAN,ROAD,1,9.0
42909,4,2,173,5,2,100.0,0,N,SMALL_TOWNS,FREEWAY,1,18.0
42910,1,4,130,5,1,40.0,0,N,RURAL_VICTORIA,HIGHWAY,1,12.0
42911,1,3,99,5,2,50.0,0,N,MELB_URBAN,STREET,1,19.0
42912,1,5,121,5,1,60.0,0,N,SMALL_CITIES,ROAD,1,8.0
42913,1,5,121,5,1,60.0,0,N,MELB_URBAN,ROAD,1,10.0
42914,1,5,120,5,1,60.0,0,N,MELB_URBAN,HIGHWAY,1,15.0
42915,1,4,133,5,2,60.0,0,N,MELB_URBAN,STREET,1,19.0
42916,1,2,130,5,1,60.0,0,N,MELB_URBAN,ROAD,1,17.0
42917,1,5,120,5,1,70.0,0,N,MELB_URBAN,ROAD,1,16.0
42918,1,4,140,2,1,60.0,0,N,MELB_URBAN,STREET,1,17.0
42919,2,5,102,1,1,50.0,0,I,LARGE_PROVINCIAL_CITIES,STREET,1,15.0
42920,1,4,133,1,1,60.0,0,I,MELB_URBAN,STREET,1,7.0
42921,1,5,130,2,1,70.0,0,I,SMALL_CITIES,DRIVE,1,11.0
42922,1,5,113,2,2,60.0,0,I,MELB_URBAN,OTHER,1,19.0
42923,6,5,184,5,1,100.0,0,N,RURAL_VICTORIA,ROAD,1,17.0
42924,1,5,130,2,2,60.0,0,I,MELB_URBAN,ROAD,1,19.0
42925,1,4,140,5,2,60.0,0,N,MELB_URBAN,ROAD,1,20.0
42926,1,4,99,1,1,50.0,0,I,MELB_URBAN,STREET,1,18.0
42927,1,5,121,2,1,60.0,0,I,MELB_URBAN,PARADE,1,18.0
42928,8,5,170,5,2,60.0,0,N,RURAL_VICTORIA,ROAD,1,6.0
42929,1,7,130,1,1,70.0,0,I,MELB_URBAN,ROAD,1,16.0
42930,1,2,130,1,1,60.0,0,I,LARGE_PROVINCIAL_CITIES,STREET,11,10.0
42931,1,5,130,5,3,100.0,0,I,MELB_URBAN,FREEWAY,1,22.0
42932,6,5,99,1,1,70.0,0,I,RURAL_VICTORIA,RAMP,1,18.0
42933,4,5,173,2,3,60.0,0,I,SMALL_CITIES,ROAD,1,22.0
42934,1,6,130,5,3,80.0,0,N,MELB_URBAN,FREEWAY,1,2.0
42935,1,6,130,5,5,100.0,0,N,MELB_URBAN,FREEWAY,1,2.0
42936,1,6,160,5,3,60.0,0,N,MELB_URBAN,STREET,1,3.0
42937,2,6,100,1,3,60.0,0,I,MELB_URBAN,ROAD,1,20.0
42938,1,6,99,1,1,60.0,0,I,MELB_URBAN,ROAD,1,15.0
42939,2,1,99,9,9,60.0,0,N,MELB_URBAN,ROAD,12,9.0
42940,1,5,121,4,1,60.0,0,I,MELB_URBAN,ROAD,1,12.0
42941,1,6,116,2,1,60.0,0,I,TOWNS,ROAD,1,13.0
42942,2,6,99,5,1,60.0,0,N,MELB_URBAN,STREET,1,8.0
42943,1,6,130,5,1,60.0,0,N,MELB_URBAN,ROAD,1,8.0
42944,4,6,171,5,1,70.0,0,N,LARGE_PROVINCIAL_CITIES,HIGHWAY,1,8.0