,accident_type,day_of_week,dca_code,road_geometry,light_condition,speed_zone,severity,node_type,deg_urban_name,road_type,month,hour
42945,6,4,99,5,1,100.0,0,N,RURAL_VICTORIA,ROAD,1,16.0
42946,1,5,130,1,1,60.0,0,I,MELB_URBAN,ROAD,1,10.0
42947,4,5,183,5,1,100.0,0,N,RURAL_VICTORIA,ROAD,1,16.0
42948,1,6,130,5,2,110.0,0,N,RURAL_VICTORIA,FREEWAY,1,6.0
42949,1,3,130,2,3,60.0,0,I,MELB_URBAN,ROAD,1,22.0
42950,2,6,102,1,1,60.0,0,I,MELB_URBAN,ROAD,1,8.0
42951,8,7,174,5,1,60.0,0,N,RURAL_VICTORIA,OTHER,1,11.0
42952,1,2,130,1,1,60.0,0,I,MELB_URBAN,ROAD,1,18.0
42953,8,7,174,5,3,50.0,0,N,MELB_URBAN,STREET,9,0.0
42954,4,6,171,5,1,60.0,0,N,RURAL_VICTORIA,HIGHWAY,1,12.0
42955,8,1,174,5,1,60.0,0,N,RURAL_VICTORIA,ROAD,1,13.0
42956,1,5,132,2,1,60.0,0,I,MELB_URBAN,ROAD,1,13.0
42957,1,6,134,5,1,60.0,0,N,MELB_URBAN,HIGHWAY,1,12.0
42958,3,5,167,5,5,60.0,0,N,RURAL_VICTORIA,ROAD,1,23.0
42959,1,6,110,1,1,100.0,0,N,RURAL_VICTORIA,HIGHWAY,1,15.0
42960,8,6,99,5,1,80.0,0,N,RURAL_VICTORIA,ROAD,1,11.0
42961,6,4,174,5,2,80.0,0,N,RURAL_VICTORIA,ROAD,6,18.0
42962,1,6,121,2,1,80.0,0,I,RURAL_VICTORIA,ROAD,1,14.0
42963,1,5,99,5,1,60.0,0,N,LARGE_PROVINCIAL_CITIES,ROAD,1,15.0
42964,2,6,102,2,1,70.0,0,I,MELB_URBAN,ROAD,1,17.0
42965,4,6,173,5,1,100.0,0,N,RURAL_VICTORIA,ROAD,1,18.0
42966,1,5,121,1,1,60.0,0,I,MELB_URBAN,ROAD,1,15.0
42967,1,6,160,5,1,60.0,0,N,MELB_URBAN,ROAD,1,15.0
42968,1,6,121,1,1,60.0,0,I,MELB_URBAN,PARADE,1,16.0
42969,1,6,121,1,1,60.0,0,I,MELB_URBAN,STREET,1,15.0
42970,1,6,130,1,9,60.0,0,I,MELB_URBAN,ROAD,11,11.0
42971,1,6,111,1,1,50.0,0,I,SMALL_CITIES,BOULEVARD,1,18.0
42972,6,6,174,5,2,50.0,0,N,MELB_URBAN,STREET,1,19.0
42973,1,6,120,5,1,80.0,0,N,MELB_URBAN,ROAD,1,16.0
42974,4,6,181,5,5,100.0,0,N,RURAL_VICTORIA,ROAD,1,5.0
42975,1,6,160,2,3,60.0,0,I,MELB_URBAN,STREET,1,20.0
42976,4,6,173,5,3,50.0,0,N,MELB_URBAN,AVENUE,1,20.0
42977,5,4,99,5,1,80.0,0,N,SMALL_TOWNS,ROAD,1,15.0
42978,8,6,174,2,2,60.0,0,I,MELB_URBAN,AVENUE,1,20.0
42979,1,5,121,1,1,60.0,0,I,MELB_URBAN,ROAD,1,15.0
42980,1,1,130,5,1,70.0,0,N,MELB_URBAN,ROAD,1,8.0
42981,2,6,99,5,5,50.0,0,N,TOWNS,PARADE,1,23.0
42982,1,6,99,2,3,60.0,0,I,MELB_URBAN,ROAD,1,23.0
42983,1,6,160,1,3,60.0,0,I,MELB_URBAN,ROAD,1,2.0
42984,4,6,173,5,3,60.0,0,N,MELB_URBAN,DRIVE,1,23.0
42985,6,7,99,5,5,60.0,0,N,RURAL_VICTORIA,ROAD,1,0.0
42986,4,7,173,5,3,60.0,0,N,MELB_URBAN,STREET,1,4.0
42987,1,6,111,2,1,60.0,0,I,LARGE_PROVINCIAL_CITIES,AVENUE,10,11.0
42988,1,7,163,5,1,60.0,0,N,MELB_URBAN,PARADE,1,8.0
42989,4,7,181,2,1,80.0,0,I,RURAL_VICTORIA,ROAD,1,7.0
42990,4,7,183,5,1,100.0,0,N,RURAL_VICTORIA,ROAD,1,9.0
42991,1,7,130,5,1,60.0,0,N,MELB_URBAN,ROAD,1,11.0
42992,1,5,130,5,1,100.0,0,N,MELB_URBAN,FREEWAY,1,16.0
42993,1,7,120,5,1,100.0,0,N,RURAL_VICTORIA,ROAD,1,8.0
42994,1,7,160,5,1,60.0,0,N,MELB_URBAN,ROAD,1,12.0
42995,4,7,171,2,1,70.0,0,I,MELB_URBAN,ROAD,1,12.0
42996,4,7,171,5,1,70.0,0,N,MELB_URBAN,ROAD,1,7.0
42997,2,7,99,5,2,60.0,0,N,MELBOURNE_CBD,STREET,1,6.0
42998,1,7,130,5,1,100.0,0,N,RURAL_VICTORIA,ROAD,1,13.0
42999,1,6,130,1,1,80.0,0,I,MELB_URBAN,ROAD,1,13.0
43000,1,7,160,5,1,60.0,0,N,MELB_URBAN,PARADE,1,12.0
43001,8,6,174,5,1,60.0,0,N,RURAL_VICTORIA,OTHER,1,10.0
43002,6,6,170,5,1,60.0,0,N,RURAL_VICTORIA,ROAD,1,10.0
43003,4,7,173,5,1,60.0,0,N,TOWNS,PARADE,1,14.0
43004,1,7,132,2,1,60.0,0,I,MELB_URBAN,STREET,1,16.0
43005,4,6,181,5,1,80.0,0,N,RURAL_VICTORIA,ROAD,1,11.0
43006,1,6,110,1,1,70.0,0,N,MELB_URBAN,ROAD,1,15.0
43007,4,7,173,5,1,60.0,0,N,RURAL_VICTORIA,ROAD,1,14.0
43008,4,6,181,5,5,80.0,0,N,RURAL_VICTORIA,ROAD,1,1.0
43009,6,6,99,1,1,100.0,0,I,RURAL_VICTORIA,HIGHWAY,1,16.0
43010,1,7,110,1,2,50.0,0,I,SMALL_CITIES,AVENUE,1,19.0
43011,4,7,173,2,2,80.0,0,I,MELB_URBAN,STREET,1,19.0
43012,4,7,173,5,1,50.0,0,N,MELB_URBAN,OTHER,1,18.0
43013,8,7,174,5,1,80.0,0,N,RURAL_VICTORIA,ROAD,1,15.0
43014,6,7,99,5,2,60.0,0,N,SMALL_TOWNS,HIGHWAY,1,19.0
43015,1,7,121,1,2,60.0,0,I,MELB_URBAN,DRIVE,1,19.0
43016,1,7,130,2,1,70.0,0,I,LARGE_PROVINCIAL_CITIES,HIGHWAY,1,15.0
43017,4,7,181,5,2,50.0,0,N,MELB_URBAN,OTHER,1,19.0
43018,8,0,170,2,3,50.0,0,I,TOWNS,UNKNOWN,1,1.0
43019,4,1,181,5,5,100.0,0,N,RURAL_VICTORIA,HIGHWAY,1,4.0
43020,6,1,170,5,1,60.0,0,N,MELB_URBAN,ROAD,1,8.0
43021,1,1,113,2,1,80.0,0,I,RURAL_VICTORIA,STREET,1,8.0
43022,8,1,99,5,1,80.0,0,N,RURAL_VICTORIA,ROAD,1,12.0
43023,6,1,170,5,1,100.0,0,N,RURAL_VICTORIA,ROAD,1,8.0
43024,1,1,121,1,1,80.0,0,I,MELB_URBAN,HIGHWAY,1,9.0
43025,1,1,110,1,1,60.0,0,I,MELB_URBAN,STREET,1,11.0
43026,1,1,120,5,1,100.0,0,N,RURAL_VICTORIA,ROAD,1,11.0
43027,1,0,133,5,1,100.0,0,N,MELB_URBAN,FREEWAY,1,12.0
43028,1,5,132,1,1,60.0,0,I,MELB_URBAN,HIGHWAY,12,10.0
43029,8,1,174,5,1,30.0,0,N,MELBOURNE_CBD,STREET,1,13.0
43030,1,1,99,2,1,60.0,0,I,MELB_URBAN,STREET,1,13.0
43031,1,0,113,2,1,60.0,0,I,MELB_URBAN,ROAD,1,13.0
43032,1,0,130,5,1,80.0,0,N,MELB_URBAN,ROAD,1,13.0
43033,1,1,163,5,1,50.0,0,N,MELB_URBAN,DRIVE,1,13.0
43034,1,1,121,1,1,60.0,0,I,MELB_URBAN,ROAD,1,13.0
43035,4,7,171,2,2,100.0,0,I,RURAL_VICTORIA,HIGHWAY,1,19.0
43036,6,7,99,5,5,60.0,0,N,RURAL_VICTORIA,ROAD,1,2.0
43037,1,2,121,5,1,60.0,0,N,MELB_URBAN,ROAD,1,15.0
43038,1,1,160,5,1,50.0,0,N,MELB_URBAN,AVENUE,1,12.0
43039,4,7,181,5,1,100.0,0,N,RURAL_VICTORIA,HIGHWAY,1,11.0
43040,1,5,130,5,1,100.0,0,N,MELB_URBAN,FREEWAY,1,18.0
43041,1,1,113,2,1,60.0,0,I,MELB_URBAN,ROAD,1,13.0
43042,1,1,130,5,1,80.0,0,N,MELB_URBAN,UNKNOWN,1,16.0
43043,6,3,174,5,1,40.0,0,N,MELB_URBAN,STREET,1,10.0
43044,1,1,121,1,2,50.0,0,I,LARGE_PROVINCIAL_CITIES,STREET,1,19.0
43045,1,1,130,5,3,60.0,0,N,MELB_URBAN,ROAD,1,22.0
43046,1,1,121,2,3,50.0,0,I,MELB_URBAN,ROAD,1,21.0
43047,1,1,130,2,2,60.0,0,I,MELB_URBAN,ROAD,1,20.0
43048,6,1,170,5,5,60.0,0,N,RURAL_VICTORIA,UNKNOWN,1,22.0
43049,2,1,100,5,3,60.0,0,N,MELB_URBAN,STREET,1,22.0
43050,4,2,183,5,3,60.0,0,N,MELB_URBAN,DRIVE,1,3.0
43051,1,1,130,2,5,50.0,0,N,MELB_URBAN,HIGHWAY,1,19.0
43052,4,2,181,5,3,60.0,0,N,MELB_URBAN,ROAD,1,2.0
43053,2,0,99,5,6,50.0,0,N,MELB_URBAN,STREET,3,22.0
43054,6,1,99,5,2,100.0,0,N,RURAL_VICTORIA,ROAD,1,19.0
43055,1,2,120,2,2,60.0,0,I,MELB_URBAN,STREET,1,6.0
43056,2,6,100,5,2,60.0,0,N,MELB_URBAN,ROAD,10,18.0
43057,1,7,130,5,3,60.0,0,N,MELB_URBAN,AVENUE,1,21.0
43058,3,2,167,5,1,100.0,0,N,RURAL_VICTORIA,HIGHWAY,1,8.0
43059,8,7,174,2,1,60.0,0,I,MELB_URBAN,ROAD,1,8.0
43060,1,2,111,1,1,60.0,0,I,MELB_URBAN,ROAD,1,9.0
43061,4,6,183,5,2,100.0,0,N,RURAL_VICTORIA,HIGHWAY,1,19.0
43062,2,2,100,1,1,50.0,0,I,MELB_URBAN,ROAD,1,12.0
43063,1,1,130,4,1,60.0,0,I,MELB_URBAN,RAMP,1,11.0
43064,1,2,113,2,1,60.0,0,I,MELB_URBAN,STREET,1,11.0
43065,1,2,110,1,1,60.0,0,I,RURAL_VICTORIA,ROAD,1,12.0
43066,4,2,183,5,1,100.0,0,N,RURAL_VICTORIA,ROAD,1,10.0
43067,1,2,120,5,1,80.0,0,N,RURAL_VICTORIA,ROAD,1,12.0
43068,2,2,100,5,1,50.0,0,N,MELB_URBAN,OTHER,1,15.0
43069,1,2,113,2,1,90.0,0,I,RURAL_VICTORIA,FREEWAY,1,15.0
43070,4,1,171,5,2,100.0,0,N,RURAL_VICTORIA,HIGHWAY,1,6.0
43071,4,2,183,5,1,100.0,1,N,RURAL_VICTORIA,HIGHWAY,1,12.0
43072,1,2,160,5,1,50.0,0,N,MELB_URBAN,HIGHWAY,1,11.0
43073,1,2,147,2,1,70.0,0,I,MELB_URBAN,ROAD,1,16.0
43074,1,2,121,1,1,70.0,0,I,MELB_URBAN,HIGHWAY,1,17.0
43075,6,2,174,5,9,100.0,0,N,RURAL_VICTORIA,OTHER,1,12.0
43076,4,2,173,5,1,100.0,0,N,RURAL_VICTORIA,HIGHWAY,1,15.0
43077,8,2,170,2,1,60.0,0,I,MELB_URBAN,ROAD,1,17.0
43078,4,2,183,5,2,80.0,0,N,RURAL_VICTORIA,ROAD,1,19.0
43079,1,5,130,5,1,60.0,0,N,MELB_URBAN,STREET,1,7.0
43080,4,2,183,2,2,60.0,0,I,MELB_URBAN,STREET,1,19.0
43081,1,2,147,5,1,60.0,0,N,MELB_URBAN,ROAD,1,16.0
43082,1,2,121,1,1,60.0,0,I,MELB_URBAN,DRIVE,1,18.0
43083,2,3,102,1,3,40.0,0,I,MELBOURNE_CBD,STREET,1,1.0
43084,4,2,173,5,4,80.0,0,N,SMALL_CITIES,OTHER,1,0.0
43085,1,5,130,3,1,60.0,0,I,MELB_URBAN,ROAD,1,18.0
43086,1,4,130,5,1,60.0,0,N,MELB_URBAN,ROAD,1,16.0
43087,3,2,167,5,5,100.0,0,N,RURAL_VICTORIA,HIGHWAY,12,4.0
43088,1,4,130,4,2,60.0,0,N,MELB_URBAN,UNKNOWN,1,6.0
43089,1,6,99,1,1,40.0,0,I,MELB_URBAN,STREET,1,16.0
43090,4,6,173,5,3,50.0,0,N,MELB_URBAN,STREET,6,21.0
43091,1,3,130,5,1,60.0,0,N,MELB_URBAN,ROAD,1,10.0
43092,1,0,130,2,1,60.0,0,I,MELB_URBAN,ROAD,9,15.0
43093,2,3,99,5,1,50.0,0,N,MELB_URBAN,STREET,1,8.0
43094,1,7,130,5,9,60.0,0,N,MELB_URBAN,STREET,10,16.0
43095,1,6,130,5,1,70.0,0,N,MELB_URBAN,STREET,1,15.0
43096,1,3,130,5,1,70.0,0,N,MELB_URBAN,ROAD,1,8.0
43097,1,2,130,5,1,40.0,0,N,MELB_URBAN,ROAD,1,13.0
43098,6,1,184,5,1,60.0,0,I,RURAL_VICTORIA,OTHER,1,11.0
43099,1,1,121,2,3,80.0,0,N,MELB_URBAN,HIGHWAY,1,21.0
43100,8,7,174,5,1,50.0,0,N,RURAL_VICTORIA,OTHER,1,13.0
43101,1,3,113,2,1,80.0,0,I,RURAL_VICTORIA,HIGHWAY,1,13.0
43102,1,6,132,2,1,80.0,0,I,MELB_URBAN,HIGHWAY,1,13.0
43103,8,6,174,2,9,80.0,0,I,MELB_URBAN,HIGHWAY,1,19.0
43104,4,7,171,5,9,60.0,0,N,RURAL_VICTORIA,ROAD,1,18.0
43105,1,1,130,1,3,60.0,0,I,MELB_URBAN,ROAD,1,22.0
43106,1,2,130,5,1,70.0,0,N,MELB_URBAN,HIGHWAY,1,16.0
43107,4,2,99,2,1,100.0,0,I,RURAL_VICTORIA,ROAD,1,16.0
43108,4,3,173,2,1,70.0,0,I,MELB_URBAN,ROAD,1,17.0
43109,3,3,167,5,5,100.0,0,N,RURAL_VICTORIA,HIGHWAY,9,21.0
43110,1,3,110,1,2,50.0,0,I,SMALL_CITIES,STREET,1,19.0
43111,4,3,173,5,1,100.0,0,N,RURAL_VICTORIA,ROAD,1,16.0
43112,6,3,99,5,1,80.0,0,N,RURAL_VICTORIA,ROAD,1,18.0
43113,1,3,132,5,3,60.0,0,N,MELB_URBAN,ROAD,1,20.0
43114,1,3,147,5,1,70.0,0,N,MELB_URBAN,ROAD,1,15.0
43115,4,3,171,5,9,70.0,0,N,MELB_URBAN,ROAD,1,10.0
43116,1,2,140,5,1,70.0,0,N,MELB_URBAN,ROAD,1,18.0
43117,1,3,121,5,1,50.0,0,N,MELB_URBAN,STREET,1,17.0
43118,8,3,170,5,3,60.0,0,N,MELB_URBAN,ROAD,1,3.0
43119,1,3,134,5,3,60.0,0,N,MELB_URBAN,ROAD,1,22.0
43120,4,3,171,5,3,80.0,0,N,MELB_URBAN,ROAD,1,4.0
43121,1,3,121,2,1,50.0,0,I,MELB_URBAN,AVENUE,1,14.0
43122,1,3,120,2,2,50.0,0,I,MELB_URBAN,DRIVE,1,20.0
43123,2,3,100,2,3,60.0,1,I,MELB_URBAN,ROAD,1,23.0
43124,2,4,99,5,1,30.0,0,N,MELB_URBAN,ROAD,1,8.0
43125,1,3,110,1,1,40.0,0,I,MELB_URBAN,STREET,1,8.0
43126,1,3,130,5,2,60.0,0,N,MELB_URBAN,ROAD,10,17.0
43127,1,4,121,2,1,60.0,0,I,TOWNS,ROAD,1,8.0
43128,8,4,174,5,2,80.0,0,N,MELB_URBAN,HIGHWAY,1,6.0
43129,4,4,183,5,2,100.0,1,N,RURAL_VICTORIA,HIGHWAY,1,6.0
43130,1,4,99,5,1,50.0,1,N,MELB_URBAN,ROAD,1,8.0
43131,6,2,174,4,1,40.0,0,I,MELB_URBAN,STREET,1,10.0
43132,1,4,163,5,1,40.0,0,N,MELB_URBAN,ROAD,1,9.0
43133,1,4,147,5,1,60.0,0,N,MELB_URBAN,ROAD,1,12.0
43134,4,3,173,5,1,100.0,0,N,RURAL_VICTORIA,ROAD,1,12.0
43135,1,4,99,2,1,60.0,0,N,SMALL_CITIES,STREET,1,12.0
43136,1,3,113,2,1,100.0,0,I,RURAL_VICTORIA,ROAD,1,13.0
43137,1,2,130,1,1,70.0,0,I,MELB_URBAN,ROAD,9,15.0
43138,1,4,110,1,1,100.0,0,I,RURAL_VICTORIA,ROAD,1,11.0
43139,2,3,100,2,1,60.0,0,I,MELB_URBAN,DRIVE,1,14.0
43140,1,4,130,5,1,100.0,0,N,MELB_URBAN,FREEWAY,1,11.0
43141,2,4,100,5,1,40.0,0,N,LARGE_PROVINCIAL_CITIES,OTHER,1,14.0
43142,1,5,130,1,1,60.0,0,I,MELB_URBAN,ROAD,1,16.0
43143,1,4,130,5,1,70.0,0,N,MELB_URBAN,ROAD,1,14.0
43144,1,4,99,5,1,50.0,0,N,MELB_URBAN,HIGHWAY,1,15.0
43145,1,4,99,2,1,100.0,0,I,TOWNS,ROAD,1,15.0
43146,4,4,171,2,3,80.0,0,N,MELB_URBAN,ROAD,1,2.0
43147,1,4,130,1,1,80.0,0,I,MELB_URBAN,ROAD,1,16.0
43148,8,7,174,2,2,70.0,0,I,RURAL_VICTORIA,ROAD,12,19.0
43149,6,4,99,5,1,60.0,0,N,RURAL_VICTORIA,ROAD,1,15.0
43150,1,4,130,2,1,60.0,0,I,LARGE_PROVINCIAL_CITIES,STREET,1,16.0
43151,1,4,99,2,1,80.0,0,I,MELB_URBAN,ROAD,1,16.0
43152,6,3,174,5,1,50.0,0,N,MELB_URBAN,RAMP,1,15.0
43153,1,4,133,5,1,70.0,0,N,MELB_URBAN,ROAD,1,18.0
43154,2,4,99,2,1,60.0,0,N,MELB_URBAN,PARADE,1,18.0
43155,1,4,113,2,2,80.0,0,I,MELB_URBAN,STREET,1,19.0
43156,1,4,120,1,1,60.0,0,N,RURAL_VICTORIA,ROAD,1,18.0
43157,4,4,183,5,1,100.0,0,N,MELB_URBAN,UNKNOWN,1,18.0
43158,1,4,116,2,2,60.0,0,I,MELB_URBAN,ROAD,1,19.0
43159,2,4,102,5,2,60.0,0,N,MELB_URBAN,DRIVE,1,19.0
43160,1,4,130,5,2,60.0,0,N,MELB_URBAN,ROAD,1,19.0
43161,4,4,181,5,1,100.0,0,N,RURAL_VICTORIA,ROAD,1,18.0
43162,3,3,167,5,2,90.0,0,N,LARGE_PROVINCIAL_CITIES,HIGHWAY,1,20.0
43163,2,3,102,1,1,50.0,0,I,MELB_URBAN,ROAD,1,15.0
43164,1,4,130,1,1,60.0,0,N,LARGE_PROVINCIAL_CITIES,STREET,1,18.0
43165,1,3,111,1,2,50.0,0,I,MELB_URBAN,ROAD,11,17.0
43166,1,5,130,1,1,60.0,0,I,MELB_URBAN,OTHER,1,16.0
43167,2,5,102,2,1,60.0,0,I,MELB_URBAN,STREET,1,7.0
43168,1,5,130,2,1,50.0,0,N,MELB_URBAN,STREET,1,8.0
43169,1,4,111,2,9,60.0,0,I,LARGE_PROVINCIAL_CITIES,STREET,9,6.0
43170,1,5,110,1,1,100.0,0,I,RURAL_VICTORIA,HIGHWAY,1,9.0
43171,1,5,130,1,1,60.0,0,N,MELB_URBAN,STREET,10,8.0
43172,1,5,110,1,1,100.0,0,I,RURAL_VICTORIA,ROAD,1,11.0
43173,6,1,174,5,1,60.0,0,N,RURAL_VICTORIA,UNKNOWN,1,15.0
43174,6,0,170,5,1,60.0,0,N,RURAL_VICTORIA,OTHER,1,15.0
43175,7,4,99,5,3,80.0,0,N,MELB_URBAN,ROAD,10,22.0
43176,5,5,99,5,1,100.0,0,N,RURAL_VICTORIA,HIGHWAY,1,17.0
43177,2,5,99,5,1,60.0,0,N,MELB_URBAN,ROAD,1,11.0
43178,1,3,130,5,1,60.0,0,N,MELB_URBAN,ROAD,1,17.0
43179,1,5,120,5,1,100.0,0,N,RURAL_VICTORIA,HIGHWAY,1,12.0
43180,4,5,171,2,1,60.0,0,I,SMALL_CITIES,ROAD,1,13.0
43181,1,5,121,2,2,80.0,0,I,MELB_URBAN,ROAD,1,6.0
43182,8,7,174,2,9,50.0,0,I,MELB_URBAN,ROAD,1,2.0
43183,1,3,130,1,1,60.0,0,I,MELB_URBAN,ROAD,11,10.0
43184,1,5,121,3,1,50.0,0,I,MELB_URBAN,ROAD,10,16.0
43185,1,5,130,5,1,60.0,0,N,MELB_URBAN,STREET,1,16.0
43186,1,5,121,2,1,60.0,0,I,MELB_URBAN,ROAD,1,15.0
43187,1,5,130,5,1,60.0,0,N,MELB_URBAN,ROAD,1,14.0
43188,1,5,99,1,1,80.0,0,I,MELB_URBAN,HIGHWAY,1,17.0
43189,6,0,174,5,1,60.0,0,N,RURAL_VICTORIA,ROAD,1,15.0
43190,1,5,130,5,1,50.0,0,N,MELB_URBAN,ROAD,1,11.0
43191,1,5,163,2,1,60.0,0,N,MELB_URBAN,STREET,1,14.0
43192,4,5,181,5,1,100.0,0,N,RURAL_VICTORIA,ROAD,1,18.0
43193,2,5,102,5,1,60.0,0,N,MELB_URBAN,ROAD,1,15.0
43194,1,4,99,5,1,40.0,0,N,MELBOURNE_CBD,STREET,1,18.0
43195,1,5,130,5,1,70.0,0,N,MELB_URBAN,ROAD,1,8.0
43196,1,5,110,1,2,50.0,0,I,TOWNS,STREET,1,19.0
43197,2,5,102,5,1,50.0,0,N,MELB_URBAN,STREET,1,18.0
43198,4,5,183,5,2,70.0,0,N,SMALL_CITIES,RAMP,1,19.0
43199,1,5,130,5,1,80.0,0,N,MELB_URBAN,FREEWAY,1,17.0
43200,1,5,130,1,1,50.0,0,I,TOWNS,STREET,1,18.0
43201,1,5,121,2,2,50.0,0,I,MELB_URBAN,STREET,1,20.0
43202,1,5,130,1,3,60.0,0,I,MELB_URBAN,ROAD,1,21.0
43203,7,5,99,1,1,60.0,0,I,MELB_URBAN,ROAD,1,18.0
43204,1,5,130,5,1,60.0,0,N,MELB_URBAN,STREET,1,13.0
43205,4,5,171,5,5,100.0,0,N,MELB_URBAN,FREEWAY,1,22.0
43206,2,5,100,5,3,60.0,1,N,MELB_URBAN,STREET,1,21.0
43207,1,6,160,5,3,50.0,0,N,MELB_URBAN,ROAD,1,1.0
43208,2,6,99,5,3,60.0,0,N,LARGE_PROVINCIAL_CITIES,ROAD,1,2.0
43209,5,3,99,5,1,80.0,0,N,RURAL_VICTORIA,ROAD,1,15.0
43210,1,2,130,5,1,80.0,0,I,MELB_URBAN,ROAD,1,17.0
43211,1,6,130,2,2,50.0,0,I,MELB_URBAN,DRIVE,1,5.0
43212,8,6,99,5,1,60.0,0,N,RURAL_VICTORIA,OTHER,1,10.0
43213,1,1,163,5,1,50.0,0,N,SMALL_CITIES,STREET,1,11.0
43214,1,5,140,2,1,60.0,0,I,SMALL_CITIES,ROAD,1,8.0
43215,1,6,160,5,1,60.0,0,N,SMALL_CITIES,ROAD,1,10.0
43216,6,2,99,5,1,60.0,0,N,RURAL_VICTORIA,ROAD,1,16.0
43217,1,6,110,1,1,80.0,0,I,MELB_URBAN,OTHER,1,10.0
43218,1,3,130,5,1,100.0,0,N,MELB_URBAN,FREEWAY,1,8.0
43219,2,6,102,2,1,60.0,0,I,MELB_URBAN,ROAD,1,11.0
43220,1,6,111,2,1,100.0,0,I,RURAL_VICTORIA,HIGHWAY,1,9.0
43221,1,5,121,2,1,50.0,0,I,MELB_URBAN,STREET,1,8.0
43222,1,6,133,5,1,50.0,0,N,MELB_URBAN,ROAD,1,8.0
43223,1,5,130,2,1,70.0,0,N,MELB_URBAN,ROAD,1,16.0
43224,1,6,147,5,1,60.0,0,N,MELB_URBAN,ROAD,1,9.0
43225,2,6,99,5,3,50.0,0,N,MELB_URBAN,STREET,8,0.0
43226,6,6,170,2,1,50.0,0,I,MELB_URBAN,UNKNOWN,1,13.0
43227,8,6,184,5,1,80.0,0,N,RURAL_VICTORIA,ROAD,1,7.0
43228,1,6,116,1,1,60.0,0,I,MELB_URBAN,ROAD,1,11.0
43229,1,6,121,1,1,70.0,0,I,MELB_URBAN,ROAD,1,11.0
43230,1,5,163,2,1,40.0,0,I,MELB_URBAN,STREET,1,14.0
43231,1,7,134,5,9,60.0,0,N,MELB_URBAN,ROAD,12,10.0
43232,2,4,100,5,1,50.0,0,N,MELB_URBAN,STREET,1,17.0
43233,2,6,99,2,1,50.0,0,I,MELB_URBAN,OTHER,1,12.0
43234,1,6,113,2,1,60.0,0,N,MELB_URBAN,ROAD,1,9.0
43235,6,6,99,5,1,100.0,0,N,RURAL_VICTORIA,OTHER,1,14.0
43236,8,3,174,5,1,60.0,0,N,RURAL_VICTORIA,ROAD,12,9.0
43237,6,1,174,1,3,50.0,0,I,MELB_URBAN,ROAD,1,1.0
43238,4,6,181,5,1,100.0,0,N,RURAL_VICTORIA,ROAD,1,15.0
43239,1,6,113,2,1,90.0,0,I,RURAL_VICTORIA,FREEWAY,1,15.0
43240,8,6,174,5,1,60.0,0,N,RURAL_VICTORIA,OTHER,1,13.0
43241,1,5,130,5,1,70.0,0,N,MELB_URBAN,STREET,1,16.0
43242,1,6,130,5,1,80.0,0,N,MELB_URBAN,ROAD,1,17.0
43243,1,6,132,5,1,60.0,0,N,MELB_URBAN,ROAD,1,16.0
43244,1,3,130,2,1,60.0,0,N,MELB_URBAN,ROAD,12,16.0
43245,1,5,130,1,1,50.0,0,I,MELB_URBAN,STREET,1,10.0
43246,1,5,130,1,1,50.0,0,I,SMALL_CITIES,STREET,1,16.0
43247,1,6,99,5,1,60.0,0,N,MELB_URBAN,ROAD,1,17.0
43248,1,6,113,2,2,60.0,0,I,MELB_URBAN,STREET,8,5.0
43249,1,5,121,1,1,60.0,0,I,MELB_URBAN,ROAD,1,9.0
43250,1,6,130,5,1,60.0,0,N,MELB_URBAN,ROAD,1,17.0
43251,1,4,130,5,1,80.0,0,N,MELB_URBAN,STREET,1,17.0
43252,1,6,132,2,1,80.0,0,I,RURAL_VICTORIA,ROAD,1,12.0
43253,1,6,147,5,3,80.0,0,N,MELB_URBAN,ROAD,1,23.0
43254,3,6,167,5,5,100.0,0,N,RURAL_VICTORIA,HIGHWAY,1,23.0
43255,1,3,130,5,1,50.0,0,N,TOWNS,STREET,1,17.0
43256,6,7,174,5,3,60.0,0,N,MELB_URBAN,PARADE,1,0.0
43257,4,6,171,5,3,70.0,0,N,MELB_URBAN,STREET,1,23.0
43258,6,6,174,2,1,60.0,0,I,MELB_URBAN,ROAD,1,16.0
43259,1,7,99,5,1,100.0,0,N,RURAL_VICTORIA,ROAD,1,9.0
43260,1,4,130,5,1,60.0,0,N,MELB_URBAN,STREET,1,18.0
43261,1,7,110,1,1,60.0,0,I,MELB_URBAN,RAMP,1,9.0
43262,4,0,171,2,1,50.0,0,N,MELB_URBAN,DRIVE,1,15.0
43263,1,6,130,5,1,80.0,0,N,MELB_URBAN,ROAD,1,12.0
43264,8,7,174,5,1,100.0,0,N,RURAL_VICTORIA,ROAD,1,11.0
43265,1,5,130,1,2,80.0,0,I,MELB_URBAN,ROAD,1,6.0
43266,4,4,181,5,5,100.0,0,N,RURAL_VICTORIA,DRIVE,1,22.0
43267,4,7,181,5,1,80.0,0,N,RURAL_VICTORIA,ROAD,1,12.0
43268,1,2,147,5,1,50.0,0,N,MELB_URBAN,STREET,1,9.0
43269,1,7,99,5,1,40.0,0,N,MELB_URBAN,STREET,1,15.0
43270,1,7,130,5,1,70.0,0,N,MELB_URBAN,STREET,1,18.0
43271,1,6,113,2,1,60.0,0,I,MELB_URBAN,STREET,1,18.0
43272,1,7,160,5,2,60.0,0,N,MELB_URBAN,STREET,1,19.0
43273,1,7,130,2,1,70.0,0,I,MELB_URBAN,ROAD,1,17.0
43274,2,7,100,1,3,60.0,0,I,MELB_URBAN,ROAD,1,21.0
43275,1,7,99,1,9,60.0,0,I,MELB_URBAN,STREET,1,16.0
43276,4,7,171,5,3,60.0,0,N,MELB_URBAN,ROAD,1,4.0
43277,4,7,173,5,6,60.0,0,N,TOWNS,STREET,1,22.0