,accident_type,day_of_week,dca_code,road_geometry,light_condition,speed_zone,severity,node_type,deg_urban_name,road_type,month,hour
43278,4,7,171,5,3,40.0,1,N,SMALL_CITIES,STREET,1,23.0
43279,2,7,99,5,1,60.0,0,N,MELB_URBAN,ROAD,1,13.0
43280,1,1,121,1,2,70.0,0,I,MELB_URBAN,ROAD,2,7.0
43281,1,5,116,2,1,60.0,0,I,MELB_URBAN,ROAD,1,18.0
43282,6,6,99,5,1,100.0,0,N,RURAL_VICTORIA,OTHER,1,14.0
43283,1,6,120,5,5,80.0,0,N,RURAL_VICTORIA,ROAD,1,22.0
43284,6,7,184,5,1,100.0,0,N,SMALL_TOWNS,ROAD,1,17.0
43285,4,1,183,2,3,60.0,0,N,MELB_URBAN,ROAD,2,3.0
43286,6,6,99,5,1,100.0,0,N,MELB_URBAN,FREEWAY,1,11.0
43287,1,1,121,2,1,60.0,0,I,MELB_URBAN,STREET,2,11.0
43288,4,1,171,2,1,60.0,0,I,LARGE_PROVINCIAL_CITIES,AVENUE,2,11.0
43289,4,1,183,5,1,100.0,0,N,SMALL_TOWNS,HIGHWAY,2,10.0
43290,1,1,140,5,1,60.0,0,N,TOWNS,STREET,2,10.0
43291,2,1,102,4,1,50.0,0,I,MELB_URBAN,ROAD,2,8.0
43292,1,1,99,5,1,60.0,0,N,MELB_URBAN,STREET,2,9.0
43293,4,1,181,5,1,60.0,0,N,MELB_URBAN,ROAD,2,11.0
43294,4,1,181,2,1,80.0,1,I,RURAL_VICTORIA,ROAD,2,12.0
43295,1,0,130,5,1,80.0,0,I,MELB_URBAN,FREEWAY,2,11.0
43296,1,1,99,1,1,60.0,0,I,MELB_URBAN,STREET,2,11.0
43297,1,1,130,5,1,80.0,0,N,MELB_URBAN,ROAD,2,14.0
43298,1,4,134,5,1,80.0,0,N,RURAL_VICTORIA,HIGHWAY,8,13.0
43299,4,1,171,5,5,80.0,0,N,RURAL_VICTORIA,ROAD,2,2.0
43300,1,0,110,1,1,60.0,0,I,MELB_URBAN,STREET,2,12.0
43301,4,1,173,5,1,100.0,0,N,RURAL_VICTORIA,ROAD,2,14.0
43302,1,7,99,5,1,60.0,0,N,LARGE_PROVINCIAL_CITIES,STREET,1,17.0
43303,1,1,120,5,1,80.0,0,N,RURAL_VICTORIA,HIGHWAY,2,15.0
43304,8,1,174,2,2,60.0,0,I,MELB_URBAN,ROAD,2,7.0
43305,4,1,171,5,1,80.0,0,N,MELB_URBAN,ROAD,2,16.0
43306,1,3,140,5,1,60.0,0,N,MELB_URBAN,ROAD,1,9.0
43307,1,7,113,4,1,80.0,0,I,MELB_URBAN,ROAD,1,16.0
43308,4,1,171,2,2,60.0,0,I,SMALL_CITIES,STREET,2,19.0
43309,4,1,171,5,1,110.0,0,N,RURAL_VICTORIA,FREEWAY,2,15.0
43310,4,1,171,5,2,100.0,0,N,MELB_URBAN,FREEWAY,2,19.0
43311,8,1,174,5,1,60.0,0,N,RURAL_VICTORIA,OTHER,2,12.0
43312,8,1,170,2,2,80.0,0,I,RURAL_VICTORIA,ROAD,2,20.0
43313,1,1,121,1,3,80.0,0,I,MELB_URBAN,STREET,2,0.0
43314,1,4,113,1,3,80.0,0,I,MELB_URBAN,HIGHWAY,1,23.0
43315,4,1,171,5,2,50.0,0,N,MELB_URBAN,STREET,2,19.0
43316,2,2,100,1,1,50.0,0,I,MELB_URBAN,ROAD,2,8.0
43317,6,7,170,5,1,100.0,0,N,RURAL_VICTORIA,HIGHWAY,1,12.0
43318,1,1,130,5,1,80.0,0,N,MELB_URBAN,ROAD,2,11.0
43319,1,5,132,5,1,100.0,0,N,RURAL_VICTORIA,HIGHWAY,1,17.0
43320,1,2,121,1,1,60.0,0,I,MELB_URBAN,STREET,2,11.0
43321,1,6,99,5,9,100.0,0,N,RURAL_VICTORIA,ROAD,1,10.0
43322,1,5,132,1,1,60.0,0,I,MELB_URBAN,AVENUE,1,9.0
43323,1,2,120,5,5,100.0,1,N,RURAL_VICTORIA,HIGHWAY,2,5.0
43324,4,2,99,5,1,60.0,0,N,MELB_URBAN,ROAD,2,13.0
43325,8,4,174,5,1,50.0,0,N,MELB_URBAN,OTHER,1,16.0
43326,1,1,130,5,1,50.0,0,N,MELB_URBAN,ROAD,9,13.0
43327,1,5,130,1,1,80.0,0,I,MELB_URBAN,ROAD,1,8.0
43328,6,6,174,5,1,60.0,0,N,RURAL_VICTORIA,OTHER,1,10.0
43329,3,1,167,5,1,60.0,0,N,RURAL_VICTORIA,OTHER,2,13.0
43330,1,2,147,5,1,60.0,0,N,MELB_URBAN,AVENUE,2,16.0
43331,1,2,132,2,1,60.0,0,I,MELB_URBAN,ROAD,2,13.0
43332,6,7,99,5,1,60.0,0,N,RURAL_VICTORIA,ROAD,12,14.0
43333,1,2,130,2,1,80.0,0,N,MELB_URBAN,ROAD,2,15.0
43334,1,2,130,5,1,70.0,0,N,MELB_URBAN,ROAD,2,16.0
43335,1,2,113,2,1,80.0,0,I,MELB_URBAN,ROAD,2,18.0
43336,4,2,171,5,1,100.0,0,N,RURAL_VICTORIA,ROAD,2,17.0
43337,4,3,99,6,9,60.0,0,N,MELB_URBAN,OTHER,1,21.0
43338,1,2,130,5,3,60.0,0,N,MELB_URBAN,STREET,2,21.0
43339,1,2,121,1,3,50.0,0,I,MELB_URBAN,ROAD,2,22.0
43340,1,2,121,2,2,60.0,0,I,MELB_URBAN,ROAD,2,19.0
43341,6,2,99,5,1,100.0,1,N,RURAL_VICTORIA,ROAD,2,18.0
43342,4,2,173,5,3,80.0,0,N,MELB_URBAN,ROAD,2,23.0
43343,4,2,181,5,5,80.0,0,N,RURAL_VICTORIA,ROAD,2,23.0
43344,4,3,171,2,3,60.0,0,I,MELB_URBAN,ROAD,2,2.0
43345,4,3,171,1,5,100.0,0,I,RURAL_VICTORIA,ROAD,2,0.0
43346,7,0,99,5,1,70.0,0,N,MELB_URBAN,HIGHWAY,2,15.0
43347,4,3,173,5,5,100.0,0,N,RURAL_VICTORIA,ROAD,2,5.0
43348,1,3,111,2,1,60.0,0,I,SMALL_CITIES,ROAD,2,8.0
43349,8,5,170,5,1,60.0,0,I,MELB_URBAN,FREEWAY,6,15.0
43350,1,0,110,1,3,40.0,0,I,MELB_URBAN,STREET,2,1.0
43351,1,3,130,5,1,60.0,0,N,MELB_URBAN,ROAD,2,9.0
43352,6,5,184,2,1,50.0,0,I,RURAL_VICTORIA,ROAD,10,11.0
43353,1,3,121,2,2,60.0,0,I,MELB_URBAN,STREET,2,7.0
43354,6,3,99,5,1,80.0,0,N,RURAL_VICTORIA,ROAD,2,11.0
43355,1,3,121,2,1,60.0,0,I,SMALL_CITIES,STREET,2,8.0
43356,1,6,121,2,1,40.0,0,I,MELB_URBAN,ROAD,9,14.0
43357,1,1,130,2,1,40.0,0,I,MELB_URBAN,STREET,12,16.0
43358,1,2,121,2,1,60.0,0,I,MELB_URBAN,ROAD,2,17.0
43359,1,2,130,5,1,40.0,0,N,RURAL_VICTORIA,HIGHWAY,2,15.0
43360,1,3,130,2,1,70.0,0,I,MELB_URBAN,ROAD,2,9.0
43361,1,5,113,1,1,60.0,0,I,MELB_URBAN,HIGHWAY,1,14.0
43362,1,5,160,5,3,50.0,0,N,MELB_URBAN,STREET,12,4.0
43363,1,3,130,2,1,60.0,0,N,MELB_URBAN,ROAD,2,9.0
43364,4,2,181,5,3,60.0,0,N,MELB_URBAN,ROAD,2,21.0
43365,1,4,130,2,1,60.0,0,N,MELB_URBAN,ROAD,8,14.0
43366,2,3,99,1,1,50.0,0,I,MELB_URBAN,AVENUE,12,12.0
43367,1,3,99,5,1,60.0,0,N,MELB_URBAN,ROAD,2,14.0
43368,1,2,130,2,2,80.0,0,I,MELB_URBAN,STREET,2,19.0
43369,1,3,121,2,1,50.0,0,I,MELB_URBAN,STREET,2,12.0
43370,1,2,110,1,1,50.0,0,I,LARGE_PROVINCIAL_CITIES,STREET,2,15.0
43371,6,6,174,1,6,50.0,0,I,LARGE_PROVINCIAL_CITIES,STREET,9,4.0
43372,3,1,167,5,1,100.0,0,N,RURAL_VICTORIA,ROAD,2,10.0
43373,6,1,99,5,2,60.0,0,N,RURAL_VICTORIA,ROAD,2,19.0
43374,1,2,130,1,1,60.0,0,I,MELB_URBAN,ROAD,2,12.0
43375,7,1,99,5,1,50.0,0,N,MELB_URBAN,OTHER,2,15.0
43376,6,1,184,5,1,100.0,0,N,RURAL_VICTORIA,ROAD,2,9.0
43377,1,2,121,2,1,70.0,0,I,MELB_URBAN,ROAD,2,15.0
43378,4,3,181,5,5,80.0,0,N,RURAL_VICTORIA,ROAD,6,3.0
43379,1,3,130,5,1,100.0,0,N,MELB_URBAN,FREEWAY,2,15.0
43380,4,3,171,5,1,80.0,0,N,RURAL_VICTORIA,HIGHWAY,2,15.0
43381,6,3,99,2,1,50.0,0,I,SMALL_CITIES,ROAD,2,16.0
43382,2,7,99,6,3,60.0,0,N,MELB_URBAN,OTHER,1,21.0
43383,1,3,130,2,1,80.0,0,N,MELB_URBAN,ROAD,2,15.0
43384,1,3,130,5,1,70.0,0,N,MELB_URBAN,ROAD,2,16.0
43385,1,3,130,5,1,60.0,0,N,MELB_URBAN,ROAD,2,17.0
43386,1,2,130,5,1,80.0,0,N,MELB_URBAN,RAMP,2,15.0
43387,1,3,110,1,1,80.0,0,N,MELB_URBAN,ROAD,1,10.0
43388,1,4,121,5,1,60.0,0,N,MELB_URBAN,UNKNOWN,1,16.0
43389,1,3,130,2,1,60.0,0,I,MELB_URBAN,ROAD,1,8.0
43390,4,7,99,5,1,50.0,0,N,TOWNS,STREET,1,16.0
43391,6,3,184,5,1,50.0,0,N,MELB_URBAN,OTHER,2,18.0
43392,1,2,121,1,1,60.0,0,I,MELB_URBAN,STREET,2,18.0
43393,1,3,130,2,1,100.0,0,I,MELB_URBAN,FREEWAY,2,17.0
43394,6,3,174,5,1,110.0,0,N,RURAL_VICTORIA,FREEWAY,2,18.0
43395,1,2,130,2,1,60.0,0,I,MELB_URBAN,STREET,2,16.0
43396,1,3,99,2,1,60.0,0,I,MELB_URBAN,STREET,2,17.0
43397,4,3,183,5,1,60.0,0,N,MELB_URBAN,OTHER,2,18.0
43398,1,3,110,1,1,50.0,0,I,MELB_URBAN,STREET,2,18.0
43399,1,2,110,1,2,80.0,0,I,RURAL_VICTORIA,ROAD,2,19.0
43400,1,3,120,5,1,100.0,0,N,RURAL_VICTORIA,ROAD,2,17.0
43401,1,3,130,4,2,80.0,0,I,MELB_URBAN,HIGHWAY,2,20.0
43402,1,3,140,5,1,40.0,0,N,MELB_URBAN,OTHER,2,15.0
43403,1,2,134,2,2,60.0,0,I,MELB_URBAN,ROAD,2,19.0
43404,3,3,167,5,5,100.0,0,N,MELB_URBAN,FREEWAY,2,21.0
43405,1,7,99,1,1,60.0,0,I,MELB_URBAN,HIGHWAY,1,10.0
43406,4,4,173,5,3,60.0,0,N,LARGE_PROVINCIAL_CITIES,STREET,2,2.0
43407,6,1,174,5,1,60.0,0,N,RURAL_VICTORIA,ROAD,6,15.0
43408,8,3,174,5,1,60.0,0,N,RURAL_VICTORIA,ROAD,2,18.0
43409,1,4,121,2,1,60.0,0,I,MELB_URBAN,ROAD,2,8.0
43410,1,4,135,5,1,80.0,0,N,MELB_URBAN,FREEWAY,2,8.0
43411,1,4,121,2,1,70.0,0,I,MELB_URBAN,ROAD,2,8.0
43412,1,4,110,1,2,40.0,0,I,MELBOURNE_CBD,STREET,2,6.0
43413,1,4,121,1,1,60.0,0,I,MELB_URBAN,STREET,2,8.0
43414,1,4,132,2,1,60.0,0,I,MELB_URBAN,ROAD,2,9.0
43415,2,3,102,5,1,60.0,0,N,MELB_URBAN,ROAD,1,13.0
43416,1,4,121,5,3,50.0,1,N,MELB_URBAN,ROAD,2,1.0
43417,1,4,163,5,1,60.0,0,N,MELB_URBAN,ROAD,2,8.0
43418,4,4,99,5,1,50.0,0,N,MELB_URBAN,STREET,2,8.0
43419,1,3,99,5,1,60.0,0,N,MELB_URBAN,ROAD,2,11.0
43420,1,4,147,5,1,80.0,0,N,MELB_URBAN,ROAD,2,12.0
43421,4,4,173,1,1,50.0,0,I,LARGE_PROVINCIAL_CITIES,STREET,2,11.0
43422,1,4,130,5,1,60.0,0,I,MELB_URBAN,FREEWAY,1,16.0
43423,2,6,99,1,1,60.0,0,I,SMALL_CITIES,HIGHWAY,12,8.0
43424,4,1,99,5,3,50.0,0,N,MELB_URBAN,STREET,11,1.0
43425,6,1,99,5,1,60.0,0,N,RURAL_VICTORIA,ROAD,1,11.0
43426,1,4,110,1,1,60.0,0,I,MELB_URBAN,STREET,2,10.0
43427,1,6,132,3,1,40.0,0,I,SMALL_CITIES,STREET,1,14.0
43428,2,4,99,2,1,50.0,0,I,MELB_URBAN,ROAD,2,15.0
43429,1,5,130,5,1,50.0,0,N,MELB_URBAN,STREET,12,13.0
43430,1,5,116,2,1,60.0,0,I,MELB_URBAN,ROAD,1,9.0
43431,1,3,147,5,1,50.0,0,N,MELB_URBAN,OTHER,12,18.0
43432,1,4,132,2,1,60.0,0,I,MELB_URBAN,ROAD,2,18.0
43433,1,4,121,1,1,60.0,0,I,MELB_URBAN,ROAD,2,18.0
43434,5,1,99,5,1,60.0,0,N,RURAL_VICTORIA,OTHER,2,11.0
43435,1,4,99,5,1,60.0,0,N,MELB_URBAN,ROAD,2,17.0
43436,2,4,100,5,1,60.0,0,N,TOWNS,STREET,2,15.0
43437,1,4,99,5,1,40.0,0,N,MELB_URBAN,STREET,2,17.0
43438,8,3,99,5,1,60.0,0,N,MELB_URBAN,STREET,1,11.0
43439,1,3,130,2,1,70.0,0,I,MELB_URBAN,ROAD,1,15.0
43440,1,4,113,2,1,80.0,0,I,RURAL_VICTORIA,ROAD,2,17.0
43441,4,4,171,2,1,60.0,0,I,MELB_URBAN,ROAD,2,17.0
43442,1,2,130,2,1,60.0,0,I,MELB_URBAN,ROAD,12,18.0
43443,1,4,160,5,3,50.0,0,N,MELB_URBAN,ROAD,2,23.0
43444,1,4,163,5,1,40.0,0,N,MELBOURNE_CBD,STREET,2,18.0
43445,1,4,121,2,1,70.0,0,I,LARGE_PROVINCIAL_CITIES,STREET,2,14.0
43446,1,4,130,5,2,100.0,0,N,MELB_URBAN,FREEWAY,2,7.0
43447,1,5,111,1,2,50.0,0,I,SMALL_CITIES,DRIVE,2,8.0
43448,1,5,130,5,2,80.0,0,N,MELB_URBAN,ROAD,2,6.0
43449,2,5,100,5,1,60.0,0,N,MELB_URBAN,ROAD,2,9.0
43450,1,5,99,5,2,50.0,0,N,LARGE_PROVINCIAL_CITIES,STREET,2,7.0
43451,1,5,113,2,1,60.0,0,I,MELB_URBAN,ROAD,2,8.0
43452,1,5,130,5,1,80.0,0,N,MELB_URBAN,ROAD,2,8.0
43453,2,5,100,1,2,60.0,0,I,MELB_URBAN,STREET,2,7.0
43454,1,7,99,5,1,80.0,0,N,SMALL_TOWNS,STREET,1,19.0
43455,5,3,99,5,6,80.0,0,N,RURAL_VICTORIA,STREET,11,5.0
43456,8,5,174,5,1,60.0,0,N,RURAL_VICTORIA,OTHER,2,10.0
43457,1,5,113,2,1,60.0,0,I,MELB_URBAN,STREET,2,10.0
43458,1,4,130,5,1,60.0,0,N,MELB_URBAN,BOULEVARD,2,9.0
43459,8,4,99,5,1,60.0,0,N,SMALL_CITIES,DRIVE,11,15.0
43460,1,4,130,2,1,60.0,0,I,MELB_URBAN,HIGHWAY,2,8.0
43461,1,4,130,5,1,100.0,0,N,MELB_URBAN,FREEWAY,12,18.0
43462,1,4,121,2,1,60.0,0,I,MELB_URBAN,ROAD,2,11.0
43463,1,4,163,5,1,60.0,0,N,MELB_URBAN,ROAD,12,13.0
43464,3,3,167,5,9,60.0,0,N,RURAL_VICTORIA,ROAD,1,5.0
43465,1,4,140,2,1,80.0,0,I,MELB_URBAN,ROAD,2,12.0
43466,1,6,99,5,1,100.0,0,I,RURAL_VICTORIA,HIGHWAY,12,8.0
43467,1,4,110,1,1,50.0,0,I,LARGE_PROVINCIAL_CITIES,STREET,2,9.0
43468,8,6,99,5,6,60.0,0,N,MELBOURNE_CBD,STREET,1,21.0
43469,4,5,173,5,1,80.0,0,N,RURAL_VICTORIA,ROAD,2,14.0
43470,1,2,120,2,1,50.0,0,I,TOWNS,OTHER,1,17.0
43471,1,5,121,2,1,60.0,0,I,MELB_URBAN,STREET,2,11.0
43472,1,4,113,2,2,80.0,0,I,MELB_URBAN,AVENUE,2,19.0
43473,1,3,140,5,1,40.0,0,N,MELB_URBAN,ROAD,2,10.0
43474,1,5,110,1,1,60.0,0,I,TOWNS,OTHER,2,14.0
43475,1,5,110,1,1,100.0,1,I,RURAL_VICTORIA,ROAD,2,10.0
43476,1,4,147,5,3,60.0,0,N,MELB_URBAN,STREET,2,22.0
43477,1,5,110,1,1,60.0,0,I,TOWNS,STREET,2,14.0
43478,1,2,130,5,1,60.0,0,N,MELB_URBAN,ROAD,2,18.0
43479,1,5,140,5,1,50.0,0,N,MELB_URBAN,DRIVE,2,14.0
43480,8,7,174,5,1,60.0,0,N,MELB_URBAN,UNKNOWN,1,14.0
43481,1,5,110,1,1,100.0,0,I,RURAL_VICTORIA,ROAD,2,14.0
43482,1,5,130,5,1,60.0,0,N,MELB_URBAN,ROAD,2,10.0
43483,1,5,130,5,1,60.0,0,N,MELB_URBAN,ROAD,2,18.0
43484,1,5,121,2,1,70.0,0,I,MELB_URBAN,ROAD,12,16.0
43485,1,5,130,5,1,80.0,0,N,MELB_URBAN,ROAD,2,17.0
43486,4,5,171,5,1,60.0,0,N,MELB_URBAN,ROAD,2,17.0
43487,1,5,116,2,2,60.0,0,N,MELB_URBAN,UNKNOWN,2,20.0
43488,1,5,132,2,1,50.0,0,I,TOWNS,STREET,2,17.0
43489,2,5,100,1,5,60.0,0,I,MELB_URBAN,STREET,2,20.0
43490,1,5,121,3,1,60.0,0,I,MELB_URBAN,ROAD,2,18.0
43491,6,5,99,5,2,100.0,0,I,MELB_URBAN,RAMP,2,19.0
43492,2,5,102,1,2,80.0,0,I,MELB_URBAN,ROAD,2,19.0
43493,1,5,163,5,9,60.0,0,N,MELB_URBAN,STREET,9,7.0
43494,4,6,171,5,5,80.0,0,N,RURAL_VICTORIA,ROAD,2,1.0
43495,4,6,181,5,3,50.0,0,N,MELB_URBAN,STREET,2,5.0
43496,1,5,110,1,2,80.0,0,I,LARGE_PROVINCIAL_CITIES,ROAD,2,7.0
43497,2,6,102,1,1,50.0,0,I,MELB_URBAN,OTHER,2,8.0
43498,5,6,171,5,2,50.0,0,N,MELB_URBAN,ROAD,2,7.0
43499,1,5,130,5,1,80.0,0,N,MELB_URBAN,ROAD,2,8.0
43500,2,6,100,2,2,60.0,0,I,MELB_URBAN,ROAD,1,6.0
43501,1,6,130,5,1,60.0,0,N,MELB_URBAN,ROAD,2,8.0
43502,8,6,170,5,1,50.0,0,N,MELB_URBAN,ROAD,2,10.0
43503,1,6,121,2,1,60.0,0,I,MELB_URBAN,ROAD,2,9.0
43504,1,4,130,1,1,80.0,0,N,MELB_URBAN,ROAD,2,8.0
43505,6,1,174,2,1,50.0,0,I,MELB_URBAN,ROAD,1,17.0
43506,6,4,170,5,5,80.0,0,N,RURAL_VICTORIA,ROAD,2,0.0
43507,1,6,113,2,1,80.0,0,I,LARGE_PROVINCIAL_CITIES,HIGHWAY,2,9.0
43508,1,6,130,1,1,60.0,0,I,MELB_URBAN,ROAD,1,15.0
43509,4,6,181,5,1,60.0,0,N,RURAL_VICTORIA,ROAD,2,11.0
43510,1,5,110,1,1,60.0,0,I,LARGE_PROVINCIAL_CITIES,ROAD,2,8.0
43511,1,5,120,5,1,80.0,0,N,RURAL_VICTORIA,ROAD,2,9.0
43512,1,6,135,5,2,100.0,0,N,MELB_URBAN,UNKNOWN,2,7.0
43513,1,6,110,1,1,60.0,0,I,LARGE_PROVINCIAL_CITIES,STREET,2,8.0
43514,1,6,121,1,1,80.0,0,I,MELB_URBAN,ROAD,2,13.0
43515,2,6,100,2,1,40.0,0,I,MELB_URBAN,ROAD,2,14.0
43516,1,4,163,2,6,50.0,0,N,MELB_URBAN,STREET,2,19.0
43517,1,6,140,2,1,80.0,0,I,MELB_URBAN,HIGHWAY,2,8.0
43518,8,1,174,5,1,50.0,0,N,MELB_URBAN,AVENUE,2,11.0
43519,1,6,99,5,1,60.0,0,N,MELB_URBAN,STREET,2,13.0
43520,4,5,183,5,5,100.0,0,N,RURAL_VICTORIA,ROAD,2,22.0
43521,1,2,130,1,1,40.0,0,I,MELB_URBAN,STREET,11,17.0
43522,1,6,99,5,1,100.0,0,N,MELB_URBAN,FREEWAY,2,14.0
43523,8,5,99,5,2,50.0,0,N,MELB_URBAN,STREET,2,19.0
43524,2,6,102,5,1,80.0,0,N,MELB_URBAN,ROAD,2,15.0
43525,1,5,110,1,3,60.0,0,I,MELB_URBAN,STREET,1,22.0
43526,1,7,130,4,1,60.0,0,N,MELB_URBAN,UNKNOWN,12,11.0
43527,1,6,147,5,1,50.0,0,N,MELB_URBAN,OTHER,2,12.0
43528,1,6,113,2,1,50.0,0,I,SMALL_CITIES,OTHER,2,16.0
43529,6,7,184,2,1,50.0,0,I,MELB_URBAN,STREET,1,11.0
43530,1,6,116,2,1,100.0,0,I,RURAL_VICTORIA,HIGHWAY,2,16.0
43531,1,6,130,5,1,100.0,0,N,MELB_URBAN,ROAD,2,9.0
43532,1,5,121,1,1,50.0,0,I,LARGE_PROVINCIAL_CITIES,STREET,2,17.0
43533,1,6,130,5,1,110.0,0,N,RURAL_VICTORIA,FREEWAY,2,14.0
43534,1,4,147,5,1,60.0,0,N,MELB_URBAN,STREET,2,18.0
43535,1,6,116,4,1,40.0,0,I,MELB_URBAN,STREET,2,8.0
43536,1,6,121,2,1,70.0,0,I,MELB_URBAN,ROAD,2,17.0
43537,4,6,173,5,1,100.0,0,N,RURAL_VICTORIA,BOULEVARD,2,16.0
43538,1,6,121,1,1,50.0,0,I,MELB_URBAN,STREET,2,17.0
43539,1,5,113,2,1,60.0,0,I,MELB_URBAN,STREET,1,10.0
43540,4,5,181,5,5,100.0,0,N,RURAL_VICTORIA,HIGHWAY,2,0.0
43541,6,5,99,5,1,100.0,0,N,RURAL_VICTORIA,HIGHWAY,2,13.0
43542,1,7,140,5,2,60.0,0,N,LARGE_PROVINCIAL_CITIES,ROAD,1,5.0
43543,4,6,183,5,1,70.0,1,N,MELB_URBAN,ROAD,2,14.0
43544,1,5,120,5,1,60.0,0,N,MELB_URBAN,ROAD,2,18.0
43545,1,6,113,2,1,70.0,0,I,MELB_URBAN,ROAD,2,17.0
43546,1,6,132,2,1,60.0,0,I,MELB_URBAN,AVENUE,2,18.0
43547,1,5,140,5,3,60.0,0,N,MELB_URBAN,ROAD,2,21.0
43548,4,6,183,5,5,100.0,0,N,RURAL_VICTORIA,ROAD,2,21.0
43549,4,6,183,5,2,50.0,0,N,SMALL_CITIES,STREET,2,20.0
43550,1,7,160,5,4,50.0,0,N,MELB_URBAN,ROAD,2,0.0
43551,4,6,173,5,5,60.0,0,N,MELB_URBAN,AVENUE,2,23.0
43552,1,7,160,5,3,60.0,0,N,SMALL_CITIES,STREET,2,0.0
43553,2,7,99,5,6,60.0,0,N,MELB_URBAN,ROAD,2,4.0
43554,1,5,130,5,1,60.0,0,N,MELB_URBAN,ROAD,2,16.0
43555,1,4,130,2,1,70.0,0,I,MELB_URBAN,ROAD,1,13.0
43556,1,6,130,5,1,70.0,0,N,LARGE_PROVINCIAL_CITIES,STREET,2,10.0
43557,4,6,171,5,1,80.0,0,N,LARGE_PROVINCIAL_CITIES,STREET,2,11.0
43558,1,7,173,5,1,50.0,0,I,SMALL_CITIES,ROAD,2,10.0
43559,1,6,121,5,1,50.0,0,N,TOWNS,DRIVE,2,13.0
43560,1,7,110,1,1,100.0,0,I,MELB_URBAN,ROAD,2,13.0
43561,1,7,130,5,1,80.0,0,N,MELB_URBAN,UNKNOWN,2,13.0
43562,1,7,130,5,1,80.0,0,N,MELB_URBAN,FREEWAY,2,14.0
43563,2,6,102,1,2,50.0,0,I,MELB_URBAN,OTHER,2,19.0
43564,1,6,99,2,1,60.0,0,I,MELB_URBAN,ROAD,2,8.0
43565,1,6,160,5,1,50.0,0,N,MELB_URBAN,STREET,2,15.0
43566,1,6,99,5,1,50.0,0,N,MELB_URBAN,STREET,2,17.0
43567,1,7,130,5,1,90.0,0,N,RURAL_VICTORIA,ROAD,2,17.0
43568,1,7,113,2,1,60.0,0,N,MELB_URBAN,ROAD,2,16.0
43569,6,7,99,5,1,50.0,0,N,TOWNS,STREET,2,16.0
43570,1,7,121,2,1,60.0,0,I,MELB_URBAN,STREET,2,15.0
43571,2,5,102,1,1,40.0,0,I,MELB_URBAN,STREET,1,8.0
43572,7,7,99,2,3,60.0,0,I,MELB_URBAN,STREET,2,21.0
43573,4,7,183,5,5,100.0,0,N,RURAL_VICTORIA,ROAD,2,21.0
43574,4,7,173,5,2,80.0,1,N,RURAL_VICTORIA,ROAD,2,19.0
43575,4,7,171,5,2,70.0,0,N,MELB_URBAN,ROAD,2,6.0
43576,4,6,173,5,5,60.0,0,N,RURAL_VICTORIA,HIGHWAY,2,23.0
43577,1,7,160,5,2,60.0,0,N,LARGE_PROVINCIAL_CITIES,ROAD,2,19.0
43578,2,1,102,5,2,60.0,0,N,MELB_URBAN,HIGHWAY,2,6.0
43579,4,7,171,2,3,60.0,0,I,MELB_URBAN,ROAD,2,23.0
43580,1,7,134,5,3,60.0,0,N,MELB_URBAN,ROAD,2,23.0
43581,1,7,130,5,9,70.0,0,N,LARGE_PROVINCIAL_CITIES,HIGHWAY,2,17.0
43582,4,7,171,1,1,80.0,0,I,MELB_URBAN,ROAD,2,13.0
43583,4,6,181,5,1,80.0,0,N,RURAL_VICTORIA,ROAD,2,12.0
43584,4,1,181,5,2,100.0,0,N,RURAL_VICTORIA,HIGHWAY,2,6.0
43585,4,1,181,5,5,100.0,0,N,RURAL_VICTORIA,HIGHWAY,2,1.0
43586,1,1,163,5,1,50.0,0,N,MELB_URBAN,ROAD,2,12.0
43587,1,1,121,1,1,60.0,0,I,MELB_URBAN,ROAD,2,9.0
43588,1,1,110,1,1,50.0,0,I,MELB_URBAN,AVENUE,2,12.0
43589,1,1,140,5,1,100.0,0,N,RURAL_VICTORIA,ROAD,2,12.0
43590,1,1,130,2,1,60.0,0,I,MELB_URBAN,ROAD,2,12.0
43591,4,1,173,5,5,80.0,0,N,RURAL_VICTORIA,ROAD,2,1.0
43592,1,0,120,5,1,100.0,0,N,RURAL_VICTORIA,ROAD,2,12.0
43593,1,7,113,2,1,60.0,0,I,MELB_URBAN,ROAD,2,18.0
43594,6,1,184,5,1,80.0,0,N,RURAL_VICTORIA,ROAD,2,14.0
43595,1,1,111,2,1,60.0,0,I,MELB_URBAN,AVENUE,2,16.0
43596,6,1,99,5,1,80.0,0,N,RURAL_VICTORIA,ROAD,2,11.0
43597,1,1,130,5,1,60.0,0,N,MELB_URBAN,ROAD,2,16.0
43598,1,1,120,5,1,80.0,0,N,RURAL_VICTORIA,ROAD,2,12.0
43599,8,1,174,2,1,60.0,0,I,MELB_URBAN,ROAD,2,9.0
43600,1,1,113,1,1,60.0,0,I,MELB_URBAN,STREET,2,15.0
43601,4,1,171,5,1,70.0,0,N,MELB_URBAN,ROAD,2,16.0
43602,1,3,130,5,1,80.0,0,N,MELB_URBAN,ROAD,2,15.0
43603,1,0,130,5,1,70.0,0,N,MELB_URBAN,HIGHWAY,2,15.0
43604,4,1,181,5,1,80.0,0,N,MELB_URBAN,FREEWAY,2,16.0
43605,1,0,121,2,1,70.0,0,I,MELB_URBAN,ROAD,2,17.0
43606,1,4,113,2,1,50.0,0,I,MELB_URBAN,ROAD,2,14.0
43607,1,1,99,5,1,60.0,0,N,SMALL_CITIES,AVENUE,2,15.0
43608,1,1,130,5,2,100.0,0,N,MELB_URBAN,FREEWAY,2,19.0
43609,4,1,171,5,2,100.0,0,N,MELB_URBAN,FREEWAY,2,19.0
43610,4,2,171,5,3,60.0,0,N,MELB_URBAN,ROAD,2,0.0