,accident_type,day_of_week,dca_code,road_geometry,light_condition,speed_zone,severity,node_type,deg_urban_name,road_type,month,hour
43611,4,1,171,5,3,60.0,0,N,MELB_URBAN,HIGHWAY,2,6.0
43612,4,2,181,5,3,60.0,0,N,MELB_URBAN,UNKNOWN,2,1.0
43613,1,2,116,2,3,60.0,0,I,SMALL_CITIES,HIGHWAY,2,6.0
43614,1,2,110,1,1,60.0,0,I,MELB_URBAN,ROAD,2,8.0
43615,8,1,174,1,1,60.0,0,I,LARGE_PROVINCIAL_CITIES,HIGHWAY,2,9.0
43616,1,7,134,5,1,60.0,0,N,MELB_URBAN,STREET,1,15.0
43617,1,2,99,2,1,50.0,0,I,MELB_URBAN,BOULEVARD,2,8.0
43618,2,2,102,5,1,40.0,0,N,MELB_URBAN,ROAD,2,8.0
43619,1,1,121,2,1,70.0,0,I,MELB_URBAN,ROAD,12,15.0
43620,6,1,99,5,1,80.0,0,N,RURAL_VICTORIA,ROAD,2,11.0
43621,4,2,173,5,2,60.0,0,N,MELB_URBAN,ROAD,2,7.0
43622,1,2,130,5,1,60.0,0,N,MELB_URBAN,STREET,2,10.0
43623,1,2,130,2,1,70.0,0,N,MELB_URBAN,ROAD,2,8.0
43624,1,7,132,5,1,60.0,0,N,MELB_URBAN,ROAD,2,15.0
43625,2,2,102,5,1,50.0,0,N,MELB_URBAN,STREET,2,8.0
43626,1,4,160,5,1,50.0,0,N,SMALL_CITIES,OTHER,12,12.0
43627,8,6,184,2,2,100.0,0,I,RURAL_VICTORIA,ROAD,1,19.0
43628,1,1,135,5,1,60.0,0,N,MELB_URBAN,STREET,2,13.0
43629,1,5,130,5,1,60.0,0,N,MELB_URBAN,ROAD,1,9.0
43630,4,2,173,5,1,80.0,0,N,RURAL_VICTORIA,ROAD,2,14.0
43631,1,2,113,2,1,90.0,0,I,RURAL_VICTORIA,HIGHWAY,2,14.0
43632,4,2,171,5,1,50.0,0,N,MELB_URBAN,STREET,2,13.0
43633,6,2,174,2,1,50.0,0,I,LARGE_PROVINCIAL_CITIES,STREET,2,15.0
43634,1,1,130,5,1,100.0,0,N,RURAL_VICTORIA,ROAD,2,12.0
43635,4,2,171,5,1,100.0,0,N,RURAL_VICTORIA,ROAD,2,14.0
43636,2,7,100,1,1,50.0,0,I,MELB_URBAN,ROAD,2,10.0
43637,3,0,167,5,1,100.0,0,N,RURAL_VICTORIA,ROAD,2,8.0
43638,1,2,130,5,1,100.0,0,N,MELB_URBAN,ROAD,2,15.0
43639,1,2,110,1,1,60.0,0,I,TOWNS,STREET,2,18.0
43640,4,6,181,5,1,60.0,0,N,RURAL_VICTORIA,ROAD,12,14.0
43641,1,2,113,2,1,60.0,0,I,MELB_URBAN,STREET,2,11.0
43642,1,2,110,1,1,100.0,0,I,RURAL_VICTORIA,ROAD,2,15.0
43643,1,2,130,5,1,80.0,0,N,MELB_URBAN,HIGHWAY,2,17.0
43644,4,2,171,1,1,60.0,0,I,TOWNS,STREET,2,16.0
43645,1,2,140,2,1,60.0,0,I,MELB_URBAN,ROAD,2,16.0
43646,1,5,130,1,1,60.0,0,I,MELB_URBAN,OTHER,2,16.0
43647,4,2,181,5,5,80.0,0,N,RURAL_VICTORIA,AVENUE,2,22.0
43648,1,1,140,5,3,60.0,0,N,MELB_URBAN,ROAD,2,5.0
43649,1,1,99,5,1,50.0,0,N,MELB_URBAN,STREET,2,15.0
43650,1,1,111,1,1,60.0,0,I,MELB_URBAN,ROAD,2,14.0
43651,1,3,130,5,2,100.0,0,N,MELB_URBAN,FREEWAY,2,6.0
43652,1,1,110,1,1,50.0,0,I,MELB_URBAN,STREET,2,8.0
43653,1,1,121,2,2,80.0,0,N,MELB_URBAN,HIGHWAY,2,7.0
43654,1,0,130,5,1,50.0,0,N,RURAL_VICTORIA,ROAD,2,16.0
43655,1,3,99,5,1,60.0,0,N,MELB_URBAN,ROAD,2,8.0
43656,2,1,100,1,1,60.0,0,I,MELB_URBAN,ROAD,2,13.0
43657,8,3,174,5,2,110.0,0,N,RURAL_VICTORIA,FREEWAY,2,7.0
43658,1,3,130,2,1,100.0,0,I,MELB_URBAN,UNKNOWN,2,8.0
43659,1,2,132,2,1,60.0,0,I,MELB_URBAN,STREET,2,17.0
43660,4,2,171,5,1,60.0,0,N,MELB_URBAN,ROAD,2,9.0
43661,1,4,130,5,1,100.0,0,I,MELB_URBAN,FREEWAY,1,18.0
43662,1,5,110,1,1,100.0,0,I,RURAL_VICTORIA,ROAD,2,15.0
43663,1,2,134,4,1,50.0,0,I,MELB_URBAN,STREET,2,8.0
43664,1,3,130,3,1,70.0,0,I,MELB_URBAN,STREET,2,9.0
43665,1,3,110,1,2,100.0,0,I,RURAL_VICTORIA,ROAD,2,7.0
43666,1,3,121,1,1,60.0,0,I,MELB_URBAN,ROAD,2,9.0
43667,4,3,173,5,1,100.0,0,N,RURAL_VICTORIA,ROAD,2,9.0
43668,1,2,110,1,1,50.0,0,I,LARGE_PROVINCIAL_CITIES,STREET,2,9.0
43669,1,5,140,5,1,60.0,0,N,MELB_URBAN,OTHER,1,17.0
43670,1,1,147,5,1,100.0,0,N,RURAL_VICTORIA,HIGHWAY,2,15.0
43671,1,3,130,5,1,80.0,0,N,MELB_URBAN,ROAD,2,8.0
43672,1,3,121,5,1,80.0,0,N,MELB_URBAN,HIGHWAY,2,12.0
43673,4,3,171,5,1,80.0,0,N,RURAL_VICTORIA,ROAD,2,12.0
43674,1,3,140,5,1,50.0,0,N,LARGE_PROVINCIAL_CITIES,STREET,2,8.0
43675,1,3,120,5,1,100.0,0,N,RURAL_VICTORIA,ROAD,2,12.0
43676,1,3,121,2,1,50.0,0,I,MELB_URBAN,HIGHWAY,2,13.0
43677,1,6,130,5,1,60.0,0,N,TOWNS,HIGHWAY,2,18.0
43678,1,2,121,5,1,80.0,0,N,MELB_URBAN,HIGHWAY,2,14.0
43679,1,3,130,5,1,70.0,0,N,MELB_URBAN,ROAD,2,15.0
43680,1,5,110,1,3,60.0,0,I,MELB_URBAN,UNKNOWN,2,21.0
43681,1,2,163,5,1,40.0,0,N,MELBOURNE_CBD,STREET,1,17.0
43682,1,3,132,2,1,60.0,0,I,MELB_URBAN,STREET,2,15.0
43683,1,2,121,2,1,40.0,0,I,MELB_URBAN,STREET,2,15.0
43684,1,3,110,1,1,60.0,0,I,MELB_URBAN,STREET,2,18.0
43685,1,2,147,5,1,60.0,0,N,MELB_URBAN,AVENUE,2,17.0
43686,1,2,130,1,1,70.0,0,I,MELB_URBAN,ROAD,2,17.0
43687,1,3,121,5,1,60.0,0,I,MELB_URBAN,ROAD,2,15.0
43688,1,3,160,5,1,60.0,0,N,LARGE_PROVINCIAL_CITIES,ROAD,2,18.0
43689,1,2,110,1,2,50.0,0,I,MELB_URBAN,STREET,2,19.0
43690,1,3,130,2,1,60.0,0,I,MELB_URBAN,ROAD,2,8.0
43691,4,3,181,5,1,100.0,0,N,RURAL_VICTORIA,ROAD,2,17.0
43692,2,3,99,5,1,50.0,0,N,MELB_URBAN,OTHER,2,18.0
43693,1,3,147,2,2,50.0,0,I,MELB_URBAN,DRIVE,2,19.0
43694,4,4,171,5,3,60.0,0,N,MELB_URBAN,ROAD,2,0.0
43695,4,3,171,5,5,100.0,0,N,RURAL_VICTORIA,ROAD,2,4.0
43696,4,3,183,5,6,60.0,0,N,MELB_URBAN,ROAD,2,23.0
43697,4,3,171,5,5,100.0,0,N,RURAL_VICTORIA,ROAD,2,1.0
43698,4,3,171,5,3,60.0,0,N,MELB_URBAN,STREET,2,4.0
43699,4,4,173,2,3,60.0,0,N,LARGE_PROVINCIAL_CITIES,STREET,2,6.0
43700,1,7,160,5,3,60.0,0,N,MELB_URBAN,ROAD,1,23.0
43701,1,4,99,5,2,40.0,0,N,MELB_URBAN,STREET,2,6.0
43702,1,5,113,2,1,70.0,0,I,MELB_URBAN,ROAD,2,10.0
43703,1,7,130,5,1,60.0,0,N,MELB_URBAN,ROAD,2,18.0
43704,1,4,116,1,1,80.0,0,I,MELB_URBAN,ROAD,2,8.0
43705,1,4,99,2,1,60.0,0,N,MELB_URBAN,AVENUE,2,8.0
43706,1,4,99,2,1,60.0,0,I,SMALL_CITIES,AVENUE,2,8.0
43707,1,5,147,5,1,60.0,0,N,MELB_URBAN,ROAD,2,17.0
43708,1,3,110,1,1,50.0,0,I,LARGE_PROVINCIAL_CITIES,STREET,2,9.0
43709,1,4,121,2,1,60.0,0,I,MELB_URBAN,ROAD,2,8.0
43710,1,4,147,5,1,50.0,0,N,MELB_URBAN,STREET,2,10.0
43711,1,2,113,2,9,60.0,0,I,MELB_URBAN,ROAD,11,18.0
43712,2,4,102,2,1,70.0,0,I,SMALL_CITIES,AVENUE,2,9.0
43713,1,4,116,2,1,60.0,0,I,TOWNS,AVENUE,2,8.0
43714,8,7,174,5,1,60.0,0,N,RURAL_VICTORIA,ROAD,2,15.0
43715,1,5,132,2,1,50.0,0,I,RURAL_VICTORIA,ROAD,1,14.0
43716,6,4,99,5,1,100.0,0,N,RURAL_VICTORIA,ROAD,2,10.0
43717,1,3,130,2,1,80.0,0,I,MELB_URBAN,ROAD,2,9.0
43718,1,2,133,5,1,110.0,0,N,RURAL_VICTORIA,FREEWAY,2,16.0
43719,1,3,130,5,2,100.0,0,N,MELB_URBAN,RAMP,5,7.0
43720,6,4,99,5,5,100.0,1,N,RURAL_VICTORIA,ROAD,2,3.0
43721,1,4,130,5,1,60.0,0,N,MELB_URBAN,ROAD,2,9.0
43722,8,2,174,2,2,60.0,0,I,MELB_URBAN,ROAD,12,6.0
43723,1,3,121,1,1,50.0,0,I,MELBOURNE_CBD,STREET,2,11.0
43724,1,4,130,5,1,60.0,0,N,MELB_URBAN,ROAD,2,14.0
43725,1,4,113,1,1,70.0,0,I,MELB_URBAN,ROAD,2,15.0
43726,8,3,99,5,1,60.0,0,N,TOWNS,STREET,1,13.0
43727,4,4,181,5,1,100.0,0,N,RURAL_VICTORIA,HIGHWAY,2,12.0
43728,8,4,174,4,1,40.0,0,I,MELB_URBAN,STREET,2,16.0
43729,1,4,130,2,1,100.0,0,I,RURAL_VICTORIA,HIGHWAY,2,17.0
43730,1,2,130,5,1,60.0,0,N,MELB_URBAN,STREET,2,16.0
43731,1,4,140,2,1,60.0,0,N,MELB_URBAN,STREET,2,17.0
43732,1,4,134,5,1,80.0,0,N,MELB_URBAN,ROAD,2,15.0
43733,1,2,130,5,1,60.0,0,N,MELB_URBAN,STREET,2,15.0
43734,1,6,99,5,1,100.0,0,N,MELB_URBAN,FREEWAY,1,15.0
43735,4,4,171,1,1,80.0,0,I,MELB_URBAN,ROAD,2,17.0
43736,1,4,120,5,1,100.0,0,N,RURAL_VICTORIA,ROAD,2,16.0
43737,1,4,134,5,1,70.0,0,N,LARGE_PROVINCIAL_CITIES,ROAD,2,16.0
43738,1,4,130,4,1,60.0,0,I,MELB_URBAN,RAMP,2,10.0
43739,6,4,170,5,1,100.0,0,N,RURAL_VICTORIA,ROAD,2,17.0
43740,1,4,121,5,1,70.0,0,N,MELB_URBAN,ROAD,2,18.0
43741,1,5,113,1,3,80.0,0,I,MELB_URBAN,HIGHWAY,2,0.0
43742,4,5,171,5,3,70.0,0,N,MELB_URBAN,ROAD,2,1.0
43743,1,4,160,5,1,50.0,0,N,MELB_URBAN,DRIVE,2,12.0
43744,1,1,99,5,1,50.0,0,N,LARGE_PROVINCIAL_CITIES,PARADE,2,16.0
43745,2,7,100,1,3,60.0,0,I,MELB_URBAN,STREET,1,22.0
43746,1,5,130,2,2,60.0,0,I,MELB_URBAN,ROAD,2,7.0
43747,8,5,174,5,5,100.0,0,N,RURAL_VICTORIA,ROAD,1,19.0
43748,8,4,184,5,2,60.0,0,N,MELB_URBAN,HIGHWAY,12,19.0
43749,1,5,130,5,1,60.0,0,N,RURAL_VICTORIA,ROAD,2,10.0
43750,1,5,121,2,1,60.0,0,I,MELB_URBAN,ROAD,2,10.0
43751,1,4,147,5,6,50.0,0,N,MELB_URBAN,OTHER,1,0.0
43752,1,6,121,2,3,80.0,0,I,MELB_URBAN,HIGHWAY,2,22.0
43753,4,5,181,5,1,100.0,0,N,RURAL_VICTORIA,HIGHWAY,2,8.0
43754,1,3,130,5,1,110.0,0,N,RURAL_VICTORIA,FREEWAY,2,17.0
43755,1,6,132,5,1,50.0,0,N,MELB_URBAN,STREET,2,11.0
43756,1,0,130,5,1,60.0,0,N,MELB_URBAN,ROAD,7,11.0
43757,1,5,99,5,1,100.0,0,N,RURAL_VICTORIA,ROAD,2,11.0
43758,1,4,130,2,1,60.0,0,I,MELB_URBAN,ROAD,2,16.0
43759,4,5,171,5,1,100.0,0,N,RURAL_VICTORIA,HIGHWAY,2,12.0
43760,1,3,130,1,1,60.0,0,I,MELB_URBAN,ROAD,2,9.0
43761,4,7,183,5,1,60.0,0,N,RURAL_VICTORIA,ROAD,1,13.0
43762,1,3,111,2,1,50.0,0,I,MELB_URBAN,DRIVE,2,18.0
43763,7,3,99,5,1,80.0,0,N,MELB_URBAN,ROAD,2,17.0
43764,1,5,121,1,1,60.0,0,I,TOWNS,HIGHWAY,2,16.0
43765,1,5,130,2,1,70.0,0,I,LARGE_PROVINCIAL_CITIES,STREET,2,14.0
43766,1,5,111,2,1,60.0,0,N,MELB_URBAN,AVENUE,2,8.0
43767,2,4,99,5,1,40.0,0,N,MELB_URBAN,ROAD,2,9.0
43768,1,5,130,5,1,100.0,0,N,MELB_URBAN,FREEWAY,2,12.0
43769,1,5,130,2,1,50.0,0,I,MELB_URBAN,STREET,2,17.0
43770,1,5,121,1,1,50.0,0,I,SMALL_CITIES,STREET,2,17.0
43771,1,3,163,5,1,60.0,0,N,MELB_URBAN,ROAD,2,18.0
43772,1,4,130,5,1,80.0,0,N,MELB_URBAN,FREEWAY,2,17.0
43773,1,7,147,5,1,50.0,0,N,MELB_URBAN,OTHER,2,15.0
43774,1,5,99,2,2,40.0,0,I,MELB_URBAN,STREET,2,7.0
43775,1,5,99,1,2,40.0,0,I,MELBOURNE_CBD,STREET,2,7.0
43776,1,5,121,1,1,50.0,0,I,LARGE_PROVINCIAL_CITIES,STREET,2,17.0
43777,5,4,99,5,1,60.0,0,N,MELB_URBAN,RAMP,2,14.0
43778,1,4,130,5,1,40.0,0,N,MELB_URBAN,STREET,2,19.0
43779,1,5,120,5,1,50.0,0,N,MELB_URBAN,ROAD,2,12.0
43780,1,5,113,2,1,60.0,0,I,MELB_URBAN,ROAD,2,18.0
43781,1,5,116,1,1,50.0,0,I,MELB_URBAN,STREET,2,17.0
43782,1,3,99,5,3,90.0,0,N,MELB_URBAN,FREEWAY,1,6.0
43783,4,5,183,5,1,80.0,0,N,RURAL_VICTORIA,ROAD,2,16.0
43784,1,5,110,1,1,50.0,0,I,LARGE_PROVINCIAL_CITIES,STREET,2,15.0
43785,1,5,121,1,1,60.0,0,I,MELB_URBAN,ROAD,2,8.0
43786,1,4,147,5,2,50.0,0,N,MELB_URBAN,AVENUE,2,19.0
43787,8,5,174,5,3,60.0,0,N,MELB_URBAN,STREET,2,20.0
43788,1,5,99,5,5,110.0,0,N,RURAL_VICTORIA,FREEWAY,2,22.0
43789,1,4,121,1,3,60.0,0,I,MELB_URBAN,ROAD,2,1.0
43790,1,3,121,2,1,60.0,0,I,MELB_URBAN,ROAD,2,15.0
43791,8,6,174,5,3,50.0,0,N,SMALL_CITIES,STREET,2,0.0
43792,3,5,167,5,5,100.0,0,N,RURAL_VICTORIA,ROAD,2,23.0
43793,1,5,135,5,3,70.0,0,N,MELB_URBAN,ROAD,2,23.0
43794,4,5,99,2,3,50.0,0,I,MELB_URBAN,DRIVE,2,3.0
43795,1,4,110,1,1,60.0,0,I,MELB_URBAN,ROAD,2,12.0
43796,6,5,99,5,1,80.0,0,N,RURAL_VICTORIA,HIGHWAY,2,12.0
43797,1,2,147,5,6,60.0,0,N,MELB_URBAN,ROAD,2,5.0
43798,1,4,99,2,1,60.0,0,I,MELB_URBAN,AVENUE,2,11.0
43799,1,6,120,5,2,60.0,0,N,MELB_URBAN,ROAD,2,6.0
43800,2,5,102,1,1,50.0,0,I,MELB_URBAN,OTHER,2,15.0
43801,1,5,132,2,1,60.0,0,I,MELB_URBAN,ROAD,2,16.0
43802,1,4,130,5,1,70.0,0,N,MELB_URBAN,ROAD,1,18.0
43803,1,6,99,5,1,40.0,0,N,TOWNS,ROAD,2,8.0
43804,1,5,116,2,2,50.0,0,I,RURAL_VICTORIA,AVENUE,2,7.0
43805,1,7,147,5,1,60.0,0,N,MELB_URBAN,ROAD,12,11.0
43806,2,6,100,1,2,50.0,0,I,MELB_URBAN,ROAD,2,7.0
43807,1,5,130,5,1,80.0,0,N,MELB_URBAN,ROAD,2,16.0
43808,2,6,100,5,1,40.0,0,N,MELB_URBAN,STREET,2,8.0
43809,1,6,113,2,1,60.0,0,I,MELB_URBAN,STREET,2,10.0
43810,4,6,99,2,1,50.0,0,I,LARGE_PROVINCIAL_CITIES,STREET,2,9.0
43811,1,7,99,2,1,60.0,0,I,MELB_URBAN,ROAD,2,8.0
43812,1,4,121,4,3,60.0,0,N,MELB_URBAN,ROAD,2,21.0
43813,1,5,160,5,1,50.0,0,N,MELB_URBAN,STREET,2,10.0
43814,4,5,181,5,1,100.0,0,N,RURAL_VICTORIA,ROAD,10,16.0
43815,4,6,171,1,1,100.0,0,I,RURAL_VICTORIA,ROAD,2,11.0
43816,1,5,130,2,2,60.0,0,I,MELB_URBAN,ROAD,2,7.0
43817,5,0,99,9,1,60.0,0,N,RURAL_VICTORIA,OTHER,5,12.0
43818,1,6,130,5,1,60.0,0,N,MELB_URBAN,ROAD,2,13.0
43819,1,3,130,2,3,80.0,0,I,MELB_URBAN,ROAD,2,1.0
43820,1,6,130,5,1,70.0,0,N,MELB_URBAN,ROAD,2,9.0
43821,1,5,132,1,1,60.0,0,I,LARGE_PROVINCIAL_CITIES,STREET,2,18.0
43822,3,1,167,5,1,100.0,0,N,RURAL_VICTORIA,ROAD,2,17.0
43823,1,5,113,2,1,60.0,0,I,MELB_URBAN,ROAD,2,14.0
43824,1,6,113,2,1,80.0,0,N,MELB_URBAN,ROAD,2,15.0
43825,1,4,121,2,1,50.0,0,I,LARGE_PROVINCIAL_CITIES,STREET,2,12.0
43826,1,5,110,1,1,60.0,0,I,LARGE_PROVINCIAL_CITIES,STREET,2,17.0
43827,1,6,133,5,1,80.0,0,N,MELB_URBAN,FREEWAY,2,14.0
43828,1,6,110,1,1,100.0,0,I,RURAL_VICTORIA,ROAD,2,17.0
43829,1,6,147,5,1,70.0,0,N,MELB_URBAN,ROAD,2,17.0
43830,1,6,99,2,1,60.0,0,N,MELB_URBAN,ROAD,2,15.0
43831,2,6,102,5,3,50.0,0,N,SMALL_CITIES,ROAD,2,21.0
43832,1,6,121,2,2,60.0,0,I,MELB_URBAN,ROAD,2,19.0
43833,4,5,183,5,1,100.0,0,N,RURAL_VICTORIA,HIGHWAY,2,16.0
43834,6,6,99,5,1,100.0,0,N,RURAL_VICTORIA,ROAD,2,16.0
43835,1,5,130,1,1,50.0,0,I,MELB_URBAN,DRIVE,2,9.0
43836,1,6,110,1,3,50.0,0,I,TOWNS,STREET,2,21.0
43837,1,6,130,1,1,80.0,0,I,MELB_URBAN,ROAD,2,17.0
43838,4,6,171,5,2,100.0,0,N,RURAL_VICTORIA,ROAD,2,19.0
43839,4,6,181,5,5,110.0,0,N,RURAL_VICTORIA,FREEWAY,2,20.0
43840,4,6,173,2,3,50.0,0,I,MELB_URBAN,PARADE,2,19.0
43841,2,1,99,5,1,50.0,0,N,MELB_URBAN,OTHER,2,10.0
43842,4,6,171,5,3,60.0,0,N,LARGE_PROVINCIAL_CITIES,STREET,2,23.0
43843,1,7,130,5,3,80.0,0,N,MELB_URBAN,ROAD,2,0.0
43844,4,5,99,2,3,60.0,0,I,MELB_URBAN,ROAD,2,23.0
43845,4,7,181,5,5,100.0,0,N,RURAL_VICTORIA,HIGHWAY,2,0.0
43846,4,7,181,5,3,60.0,0,N,SMALL_CITIES,DRIVE,2,2.0
43847,1,6,121,1,1,60.0,0,I,LARGE_PROVINCIAL_CITIES,STREET,2,8.0
43848,1,7,130,2,3,80.0,0,I,MELB_URBAN,HIGHWAY,2,5.0
43849,2,5,99,5,1,60.0,0,N,MELB_URBAN,ROAD,2,14.0
43850,1,6,120,5,3,60.0,0,N,MELB_URBAN,ROAD,2,21.0
43851,6,7,174,5,1,60.0,0,N,MELB_URBAN,ROAD,2,8.0
43852,6,7,99,5,2,80.0,0,N,MELB_URBAN,RAMP,2,7.0
43853,4,6,173,5,5,100.0,0,N,MELB_URBAN,FREEWAY,2,5.0
43854,1,7,160,5,2,60.0,0,N,MELB_URBAN,ROAD,2,7.0
43855,4,7,181,5,1,80.0,0,N,MELB_URBAN,RAMP,2,9.0
43856,4,7,183,5,1,100.0,0,N,RURAL_VICTORIA,ROAD,2,8.0
43857,5,5,99,5,1,60.0,0,N,TOWNS,ROAD,2,15.0
43858,1,6,110,1,1,50.0,0,I,SMALL_CITIES,STREET,2,9.0
43859,3,7,167,5,1,80.0,0,N,RURAL_VICTORIA,ROAD,2,10.0
43860,4,7,173,5,1,70.0,0,N,MELB_URBAN,ROAD,2,10.0
43861,3,7,167,5,1,100.0,0,N,RURAL_VICTORIA,ROAD,2,15.0
43862,1,7,130,5,1,60.0,0,N,MELB_URBAN,ROAD,2,11.0
43863,1,6,140,2,1,50.0,0,I,SMALL_CITIES,STREET,2,14.0
43864,6,1,174,2,2,60.0,0,I,MELB_URBAN,OTHER,2,20.0
43865,1,3,110,1,1,60.0,0,I,MELB_URBAN,STREET,2,11.0
43866,1,7,147,5,1,60.0,0,N,RURAL_VICTORIA,ROAD,2,11.0
43867,1,7,110,1,1,60.0,0,I,MELB_URBAN,STREET,2,8.0
43868,6,7,170,5,1,100.0,0,N,RURAL_VICTORIA,ROAD,2,11.0
43869,1,7,120,2,1,60.0,0,I,MELB_URBAN,ROAD,2,14.0
43870,1,7,113,2,1,50.0,0,I,LARGE_PROVINCIAL_CITIES,ROAD,2,15.0
43871,4,5,181,5,5,80.0,0,N,RURAL_VICTORIA,ROAD,2,22.0
43872,1,4,99,1,1,80.0,0,I,MELB_URBAN,HIGHWAY,2,14.0
43873,2,7,99,5,1,50.0,0,N,MELB_URBAN,ROAD,2,16.0
43874,1,7,132,2,1,50.0,0,I,MELB_URBAN,AVENUE,2,15.0
43875,8,6,174,5,1,50.0,0,N,SMALL_TOWNS,PARADE,2,18.0
43876,1,3,130,1,2,60.0,0,I,MELB_URBAN,ROAD,9,17.0
43877,2,7,102,5,1,50.0,0,N,MELB_URBAN,STREET,2,18.0
43878,1,7,130,5,2,80.0,0,N,MELB_URBAN,FREEWAY,2,19.0
43879,4,7,171,5,5,100.0,0,N,RURAL_VICTORIA,HIGHWAY,2,1.0
43880,4,7,181,5,5,60.0,0,N,MELB_URBAN,ROAD,2,18.0
43881,1,2,130,5,1,70.0,0,N,MELB_URBAN,ROAD,2,16.0
43882,1,6,110,1,2,80.0,0,I,RURAL_VICTORIA,ROAD,2,18.0
43883,4,7,99,5,2,50.0,0,N,MELB_URBAN,STREET,2,19.0
43884,1,7,121,5,3,60.0,0,N,MELB_URBAN,ROAD,2,21.0
43885,1,3,99,1,1,70.0,0,I,MELB_URBAN,ROAD,2,18.0
43886,1,7,140,5,2,60.0,0,N,LARGE_PROVINCIAL_CITIES,STREET,2,19.0
43887,7,7,99,1,3,50.0,0,I,LARGE_PROVINCIAL_CITIES,OTHER,2,20.0
43888,4,7,173,5,5,80.0,0,N,LARGE_PROVINCIAL_CITIES,ROAD,2,22.0
43889,2,1,100,1,3,60.0,0,I,MELB_URBAN,STREET,2,0.0
43890,4,7,181,5,1,80.0,0,N,RURAL_VICTORIA,HIGHWAY,2,9.0
43891,4,0,171,5,3,60.0,0,N,MELB_URBAN,ROAD,2,1.0
43892,1,1,160,5,3,50.0,0,N,MELB_URBAN,STREET,2,3.0
43893,4,1,99,2,3,50.0,0,I,MELB_URBAN,ROAD,2,2.0
43894,1,2,130,4,1,60.0,0,I,MELB_URBAN,ROAD,2,14.0
43895,1,7,110,1,9,60.0,0,I,MELB_URBAN,BOULEVARD,1,19.0
43896,1,0,110,1,1,60.0,0,I,MELB_URBAN,DRIVE,2,8.0
43897,4,0,99,2,2,60.0,0,N,SMALL_CITIES,ROAD,2,6.0
43898,4,7,181,5,1,80.0,0,N,RURAL_VICTORIA,HIGHWAY,2,11.0
43899,8,5,184,5,1,100.0,0,N,RURAL_VICTORIA,ROAD,2,14.0
43900,1,3,120,2,1,40.0,0,I,MELB_URBAN,ROAD,2,18.0
43901,5,1,99,5,5,100.0,0,N,RURAL_VICTORIA,ROAD,2,1.0
43902,1,7,113,2,1,100.0,0,I,RURAL_VICTORIA,ROAD,2,17.0
43903,4,7,171,5,1,80.0,0,N,RURAL_VICTORIA,HIGHWAY,2,12.0
43904,1,1,121,5,1,80.0,0,N,RURAL_VICTORIA,ROAD,2,11.0
43905,4,1,173,4,1,100.0,0,I,MELB_URBAN,ROAD,2,13.0
43906,1,0,110,1,1,50.0,0,I,MELB_URBAN,ROAD,2,9.0
43907,1,0,160,5,1,50.0,0,N,MELB_URBAN,BOULEVARD,2,12.0
43908,1,1,110,1,1,100.0,0,I,RURAL_VICTORIA,ROAD,2,12.0
43909,6,0,99,5,1,80.0,0,N,RURAL_VICTORIA,ROAD,2,12.0
43910,4,1,181,5,1,100.0,0,N,TOWNS,ROAD,2,12.0
43911,1,1,160,5,1,60.0,0,N,SMALL_CITIES,STREET,2,13.0
43912,1,0,130,5,1,80.0,0,N,MELB_URBAN,UNKNOWN,2,14.0
43913,6,0,99,5,1,110.0,0,N,RURAL_VICTORIA,HIGHWAY,2,9.0
43914,4,1,183,5,2,100.0,1,N,RURAL_VICTORIA,ROAD,2,6.0
43915,7,6,99,5,2,40.0,0,N,SMALL_TOWNS,ROAD,2,19.0
43916,1,0,120,5,1,100.0,0,N,RURAL_VICTORIA,ROAD,2,14.0
43917,1,1,130,5,1,60.0,0,N,MELB_URBAN,ROAD,2,16.0
43918,2,7,100,1,3,60.0,0,I,MELB_URBAN,STREET,2,22.0
43919,4,1,171,5,1,100.0,0,N,RURAL_VICTORIA,HIGHWAY,2,12.0
43920,1,1,130,1,1,70.0,0,I,MELB_URBAN,ROAD,2,10.0
43921,1,1,99,2,1,60.0,0,N,MELB_URBAN,ROAD,2,15.0
43922,1,6,130,5,9,60.0,0,N,MELB_URBAN,ROAD,2,17.0
43923,1,1,99,2,2,60.0,0,I,MELB_URBAN,STREET,2,19.0
43924,1,0,110,1,2,50.0,0,I,MELB_URBAN,STREET,2,19.0
43925,1,1,130,5,2,100.0,0,N,MELB_URBAN,FREEWAY,2,19.0
43926,1,1,110,1,1,60.0,0,I,SMALL_CITIES,STREET,2,18.0
43927,1,1,110,1,1,60.0,0,N,TOWNS,STREET,2,18.0
43928,4,1,171,1,2,60.0,0,I,MELB_URBAN,ROAD,2,20.0
43929,1,1,130,1,3,60.0,0,N,MELB_URBAN,ROAD,2,20.0
43930,2,1,100,5,5,110.0,0,N,RURAL_VICTORIA,FREEWAY,2,21.0
43931,1,1,160,5,3,60.0,0,N,MELB_URBAN,PARADE,2,23.0
43932,6,2,99,2,5,60.0,0,I,RURAL_VICTORIA,ROAD,2,0.0
43933,4,2,183,5,3,60.0,0,N,RURAL_VICTORIA,ROAD,2,2.0
43934,1,6,110,1,1,60.0,0,I,TOWNS,STREET,1,15.0
43935,1,5,135,5,9,60.0,0,N,MELB_URBAN,ROAD,12,17.0
43936,1,1,121,1,1,60.0,0,I,MELB_URBAN,STREET,2,13.0
43937,6,0,99,5,1,70.0,0,N,RURAL_VICTORIA,ROAD,2,18.0
43938,1,2,134,5,1,100.0,0,N,MELB_URBAN,FREEWAY,2,8.0
43939,1,4,130,5,1,70.0,0,N,MELB_URBAN,ROAD,12,10.0
43940,8,0,99,5,1,60.0,0,N,MELB_URBAN,HIGHWAY,2,10.0
43941,1,2,133,1,1,60.0,0,I,LARGE_PROVINCIAL_CITIES,ROAD,2,8.0