,accident_type,day_of_week,dca_code,road_geometry,light_condition,speed_zone,severity,node_type,deg_urban_name,road_type,month,hour
43942,1,2,99,5,1,50.0,0,N,MELB_URBAN,DRIVE,2,8.0
43943,1,2,110,1,1,100.0,0,I,RURAL_VICTORIA,ROAD,2,9.0
43944,1,2,120,5,1,100.0,0,N,RURAL_VICTORIA,HIGHWAY,2,9.0
43945,2,2,99,5,1,50.0,0,N,MELB_URBAN,STREET,2,9.0
43946,6,1,99,2,1,70.0,0,I,RURAL_VICTORIA,ROAD,2,10.0
43947,6,3,174,5,1,60.0,0,N,RURAL_VICTORIA,OTHER,11,12.0
43948,1,2,120,1,1,100.0,0,N,RURAL_VICTORIA,HIGHWAY,2,11.0
43949,2,5,99,5,1,60.0,0,N,MELB_URBAN,ROAD,2,14.0
43950,1,3,99,2,9,50.0,0,I,MELB_URBAN,STREET,12,12.0
43951,4,1,171,5,1,80.0,0,N,RURAL_VICTORIA,ROAD,2,8.0
43952,2,7,102,2,3,60.0,0,N,MELB_URBAN,ROAD,2,22.0
43953,1,2,121,5,1,60.0,0,N,MELB_URBAN,ROAD,2,14.0
43954,1,7,163,5,2,50.0,0,N,MELB_URBAN,STREET,2,19.0
43955,6,6,174,5,3,60.0,0,N,MELB_URBAN,ROAD,8,21.0
43956,6,1,174,5,1,50.0,0,N,MELB_URBAN,STREET,2,11.0
43957,1,2,130,2,1,60.0,0,I,MELB_URBAN,ROAD,2,15.0
43958,1,2,130,4,1,60.0,0,I,MELB_URBAN,ROAD,2,15.0
43959,8,1,184,5,1,60.0,0,N,RURAL_VICTORIA,ROAD,2,11.0
43960,2,2,100,1,1,50.0,1,I,LARGE_PROVINCIAL_CITIES,HIGHWAY,2,14.0
43961,1,2,130,5,1,70.0,0,N,MELB_URBAN,ROAD,2,16.0
43962,1,7,160,5,1,50.0,0,N,MELB_URBAN,STREET,2,14.0
43963,1,2,99,5,1,50.0,0,N,LARGE_PROVINCIAL_CITIES,ROAD,2,14.0
43964,2,2,99,5,1,60.0,0,N,TOWNS,STREET,2,15.0
43965,1,2,120,1,1,70.0,0,I,MELB_URBAN,ROAD,2,17.0
43966,4,2,171,5,1,100.0,0,N,RURAL_VICTORIA,ROAD,2,18.0
43967,6,2,174,1,1,50.0,0,I,TOWNS,STREET,2,16.0
43968,1,2,130,5,1,100.0,0,N,RURAL_VICTORIA,HIGHWAY,2,15.0
43969,1,2,160,5,1,40.0,0,N,MELB_URBAN,STREET,2,18.0
43970,6,2,99,5,2,100.0,0,N,RURAL_VICTORIA,ROAD,2,19.0
43971,1,2,134,5,1,60.0,0,N,MELB_URBAN,ROAD,2,8.0
43972,1,2,120,5,1,80.0,0,N,RURAL_VICTORIA,ROAD,2,18.0
43973,4,1,171,6,2,50.0,0,N,MELB_URBAN,OTHER,2,20.0
43974,1,2,121,2,3,80.0,0,N,MELB_URBAN,ROAD,2,23.0
43975,1,3,130,5,3,60.0,0,N,MELB_URBAN,FREEWAY,2,5.0
43976,8,1,99,5,1,80.0,0,N,MELB_URBAN,HIGHWAY,2,16.0
43977,4,2,181,5,2,80.0,0,N,RURAL_VICTORIA,STREET,2,7.0
43978,1,3,116,4,2,60.0,0,I,LARGE_PROVINCIAL_CITIES,STREET,2,7.0
43979,1,6,163,5,1,60.0,0,N,MELB_URBAN,PARADE,2,11.0
43980,2,3,99,5,3,80.0,1,N,MELB_URBAN,ROAD,2,1.0
43981,1,3,121,2,1,60.0,0,I,MELB_URBAN,STREET,2,8.0
43982,1,5,116,2,2,80.0,0,I,RURAL_VICTORIA,HIGHWAY,2,18.0
43983,8,5,174,2,1,100.0,0,I,RURAL_VICTORIA,ROAD,2,15.0
43984,1,2,121,2,1,60.0,0,I,MELB_URBAN,ROAD,2,16.0
43985,8,3,174,1,1,60.0,0,I,MELB_URBAN,AVENUE,2,9.0
43986,2,7,99,5,1,50.0,0,N,MELB_URBAN,ROAD,2,17.0
43987,1,4,113,2,3,60.0,0,I,MELB_URBAN,ROAD,2,20.0
43988,1,6,113,1,1,100.0,0,I,RURAL_VICTORIA,HIGHWAY,2,18.0
43989,1,6,113,2,1,50.0,0,I,MELB_URBAN,ROAD,2,9.0
43990,4,3,183,5,1,110.0,0,N,RURAL_VICTORIA,RAMP,2,8.0
43991,1,1,130,5,1,70.0,0,N,MELB_URBAN,HIGHWAY,2,15.0
43992,2,3,100,1,3,40.0,1,I,MELBOURNE_CBD,STREET,2,6.0
43993,6,3,174,4,1,80.0,0,N,RURAL_VICTORIA,RAMP,2,8.0
43994,1,3,147,5,1,50.0,0,N,SMALL_CITIES,STREET,2,11.0
43995,6,2,174,2,1,60.0,0,I,MELB_URBAN,ROAD,2,18.0
43996,7,1,99,1,6,40.0,0,I,MELB_URBAN,ROAD,1,21.0
43997,1,5,135,5,1,50.0,0,N,MELB_URBAN,STREET,1,17.0
43998,1,2,130,5,1,60.0,0,N,SMALL_CITIES,STREET,1,17.0
43999,1,3,121,1,1,60.0,0,I,LARGE_PROVINCIAL_CITIES,STREET,2,14.0
44000,1,3,160,5,2,100.0,0,N,MELB_URBAN,FREEWAY,2,6.0
44001,8,0,99,5,1,60.0,0,N,RURAL_VICTORIA,ROAD,2,8.0
44002,1,3,110,1,1,60.0,0,I,TOWNS,STREET,2,14.0
44003,6,3,99,5,1,110.0,0,N,RURAL_VICTORIA,FREEWAY,2,14.0
44004,1,5,130,5,1,60.0,0,N,LARGE_PROVINCIAL_CITIES,ROAD,2,17.0
44005,1,4,130,5,1,80.0,0,N,MELB_URBAN,ROAD,1,18.0
44006,1,3,140,5,2,60.0,0,N,MELB_URBAN,ROAD,2,6.0
44007,1,3,130,5,1,60.0,0,N,MELB_URBAN,STREET,2,15.0
44008,1,3,113,2,1,80.0,0,N,RURAL_VICTORIA,ROAD,2,16.0
44009,1,5,99,1,3,60.0,0,I,MELB_URBAN,ROAD,2,19.0
44010,6,1,99,9,1,80.0,0,N,RURAL_VICTORIA,ROAD,2,15.0
44011,1,3,132,2,1,60.0,0,I,MELB_URBAN,ROAD,2,15.0
44012,1,3,99,5,1,70.0,0,N,MELB_URBAN,ROAD,1,17.0
44013,1,2,110,1,1,40.0,0,I,MELB_URBAN,STREET,2,16.0
44014,1,3,110,4,1,60.0,0,I,SMALL_CITIES,STREET,2,16.0
44015,1,3,130,5,1,80.0,0,N,MELB_URBAN,ROAD,2,16.0
44016,1,3,130,5,1,60.0,0,N,MELB_URBAN,DRIVE,2,14.0
44017,1,2,113,2,1,80.0,0,I,MELB_URBAN,OTHER,2,17.0
44018,6,3,170,5,1,100.0,0,N,RURAL_VICTORIA,ROAD,2,15.0
44019,1,3,110,1,5,60.0,0,I,RURAL_VICTORIA,STREET,1,2.0
44020,1,3,116,1,1,80.0,0,N,MELB_URBAN,HIGHWAY,2,17.0
44021,1,3,120,5,1,90.0,0,N,TOWNS,HIGHWAY,2,15.0
44022,1,2,130,2,5,60.0,0,I,MELB_URBAN,ROAD,2,7.0
44023,1,6,130,1,1,60.0,0,I,MELB_URBAN,ROAD,2,8.0
44024,1,3,121,2,2,60.0,0,I,LARGE_PROVINCIAL_CITIES,STREET,2,19.0
44025,1,5,121,1,2,60.0,0,I,MELB_URBAN,ROAD,11,18.0
44026,4,0,171,5,5,100.0,0,N,RURAL_VICTORIA,ROAD,12,22.0
44027,1,2,110,1,1,60.0,0,I,MELB_URBAN,ROAD,1,11.0
44028,1,4,133,2,2,60.0,0,I,MELB_URBAN,STREET,2,6.0
44029,1,4,163,5,1,60.0,0,N,MELB_URBAN,ROAD,2,8.0
44030,1,3,110,1,1,60.0,0,I,SMALL_CITIES,ROAD,2,8.0
44031,1,6,130,5,1,60.0,0,N,MELB_URBAN,HIGHWAY,1,16.0
44032,6,2,170,1,1,60.0,0,I,MELB_URBAN,HIGHWAY,2,13.0
44033,1,6,130,1,1,60.0,0,I,MELB_URBAN,STREET,2,14.0
44034,1,4,121,1,1,60.0,0,I,MELB_URBAN,STREET,2,8.0
44035,1,2,121,4,1,80.0,0,I,MELB_URBAN,RAMP,2,14.0
44036,1,3,110,1,5,80.0,0,I,TOWNS,HIGHWAY,2,5.0
44037,1,4,120,5,1,100.0,0,N,RURAL_VICTORIA,ROAD,2,10.0
44038,2,3,100,1,1,60.0,0,I,MELB_URBAN,STREET,2,17.0
44039,1,4,99,5,2,60.0,0,N,MELB_URBAN,ROAD,2,7.0
44040,1,3,110,1,1,50.0,0,I,LARGE_PROVINCIAL_CITIES,STREET,2,11.0
44041,4,2,171,5,2,110.0,0,N,RURAL_VICTORIA,FREEWAY,2,20.0
44042,1,4,130,5,9,80.0,0,N,MELB_URBAN,ROAD,2,16.0
44043,1,5,130,5,2,50.0,0,N,MELB_URBAN,ROAD,2,16.0
44044,1,4,116,1,9,50.0,0,I,LARGE_PROVINCIAL_CITIES,STREET,2,11.0
44045,1,4,130,2,1,80.0,0,I,MELB_URBAN,HIGHWAY,2,12.0
44046,1,4,160,5,1,50.0,0,N,MELB_URBAN,DRIVE,2,12.0
44047,1,2,130,5,2,50.0,0,N,MELB_URBAN,OTHER,11,18.0
44048,1,4,130,5,1,70.0,0,N,MELB_URBAN,HIGHWAY,2,12.0
44049,1,2,99,5,3,70.0,0,N,MELB_URBAN,STREET,2,21.0
44050,1,4,121,1,1,60.0,0,I,MELB_URBAN,STREET,2,12.0
44051,1,2,130,1,1,50.0,0,I,MELB_URBAN,STREET,2,18.0
44052,4,4,171,2,1,60.0,0,N,LARGE_PROVINCIAL_CITIES,AVENUE,2,11.0
44053,1,4,135,5,1,100.0,0,N,MELB_URBAN,FREEWAY,2,14.0
44054,4,2,181,5,2,100.0,0,N,RURAL_VICTORIA,ROAD,2,19.0
44055,5,1,99,5,1,100.0,0,N,RURAL_VICTORIA,OTHER,2,9.0
44056,2,4,102,5,1,60.0,0,N,MELB_URBAN,STREET,2,14.0
44057,2,3,99,5,1,40.0,0,N,RURAL_VICTORIA,STREET,2,15.0
44058,1,4,110,1,1,80.0,0,I,RURAL_VICTORIA,ROAD,2,12.0
44059,1,4,130,1,1,50.0,0,I,LARGE_PROVINCIAL_CITIES,UNKNOWN,2,16.0
44060,1,4,130,2,1,60.0,0,I,MELB_URBAN,ROAD,2,15.0
44061,1,5,110,1,1,50.0,0,I,SMALL_CITIES,STREET,11,13.0
44062,2,2,99,2,1,50.0,0,N,MELB_URBAN,ROAD,2,13.0
44063,1,4,121,2,1,50.0,0,I,MELB_URBAN,DRIVE,2,17.0
44064,1,4,130,1,1,50.0,0,I,LARGE_PROVINCIAL_CITIES,STREET,2,18.0
44065,1,4,113,2,1,80.0,0,I,MELB_URBAN,HIGHWAY,2,13.0
44066,1,4,121,1,1,50.0,0,I,MELB_URBAN,ROAD,2,17.0
44067,1,4,130,5,5,70.0,0,N,MELB_URBAN,ROAD,2,22.0
44068,1,3,99,2,1,50.0,0,I,MELB_URBAN,ROAD,2,17.0
44069,1,1,132,1,9,50.0,0,I,MELB_URBAN,STREET,2,14.0
44070,1,4,99,4,2,50.0,0,I,LARGE_PROVINCIAL_CITIES,STREET,2,19.0
44071,1,5,130,5,3,80.0,0,N,MELB_URBAN,UNKNOWN,2,6.0
44072,4,4,173,5,1,50.0,0,N,MELB_URBAN,AVENUE,1,12.0
44073,1,5,130,5,2,80.0,0,N,SMALL_TOWNS,HIGHWAY,2,7.0
44074,2,5,99,5,1,50.0,0,N,MELB_URBAN,OTHER,2,8.0
44075,2,5,100,1,1,60.0,0,I,SMALL_CITIES,STREET,2,9.0
44076,4,5,173,5,2,60.0,0,N,MELB_URBAN,ROAD,2,6.0
44077,4,5,171,5,2,110.0,0,N,RURAL_VICTORIA,FREEWAY,2,7.0
44078,1,1,99,2,1,80.0,0,I,MELB_URBAN,ROAD,2,18.0
44079,8,5,174,1,1,60.0,0,I,MELB_URBAN,STREET,2,11.0
44080,1,5,121,2,2,60.0,0,I,MELB_URBAN,STREET,2,6.0
44081,1,5,110,1,1,100.0,0,I,RURAL_VICTORIA,ROAD,2,9.0
44082,1,3,130,2,1,60.0,0,I,MELB_URBAN,ROAD,2,8.0
44083,1,5,120,5,1,70.0,0,N,RURAL_VICTORIA,ROAD,2,9.0
44084,1,1,111,2,1,60.0,0,I,MELB_URBAN,ROAD,2,14.0
44085,1,5,130,2,1,60.0,0,I,MELB_URBAN,ROAD,2,14.0
44086,1,5,160,5,1,60.0,0,N,MELB_URBAN,ROAD,2,8.0
44087,1,0,135,4,2,60.0,0,N,MELB_URBAN,ROAD,2,18.0
44088,6,1,99,5,1,50.0,0,N,RURAL_VICTORIA,OTHER,2,13.0
44089,1,5,130,5,1,70.0,0,N,MELB_URBAN,OTHER,12,16.0
44090,1,1,130,2,1,40.0,0,N,MELB_URBAN,ROAD,2,8.0
44091,1,1,147,5,1,50.0,0,N,LARGE_PROVINCIAL_CITIES,STREET,2,16.0
44092,1,2,140,5,1,60.0,0,N,LARGE_PROVINCIAL_CITIES,STREET,2,15.0
44093,1,1,99,5,1,60.0,0,N,MELBOURNE_CBD,STREET,11,17.0
44094,1,6,130,2,1,60.0,0,N,MELB_URBAN,RAMP,2,12.0
44095,6,5,99,5,1,100.0,0,N,MELB_URBAN,FREEWAY,2,15.0
44096,1,3,130,5,2,60.0,0,N,MELB_URBAN,ROAD,2,7.0
44097,1,3,133,5,1,40.0,0,N,MELB_URBAN,STREET,2,17.0
44098,1,5,110,1,1,60.0,0,I,MELB_URBAN,STREET,2,15.0
44099,8,5,174,2,1,50.0,0,N,LARGE_PROVINCIAL_CITIES,AVENUE,1,10.0
44100,1,3,99,1,2,40.0,0,I,MELB_URBAN,STREET,2,19.0
44101,1,5,110,1,1,50.0,0,I,SMALL_CITIES,STREET,2,17.0
44102,6,5,99,5,1,100.0,0,N,RURAL_VICTORIA,ROAD,2,16.0
44103,1,5,99,2,1,60.0,0,I,MELB_URBAN,STREET,2,16.0
44104,1,4,110,1,1,50.0,0,I,LARGE_PROVINCIAL_CITIES,STREET,2,17.0
44105,1,2,130,1,1,80.0,0,I,MELB_URBAN,ROAD,2,16.0
44106,1,5,160,5,1,50.0,0,N,LARGE_PROVINCIAL_CITIES,STREET,2,16.0
44107,4,5,171,5,1,100.0,0,N,RURAL_VICTORIA,ROAD,2,16.0
44108,4,0,173,5,3,50.0,0,N,MELB_URBAN,PARADE,2,22.0
44109,1,5,113,2,1,80.0,0,I,MELB_URBAN,ROAD,2,17.0
44110,1,5,147,5,1,60.0,0,N,MELB_URBAN,ROAD,2,14.0
44111,4,5,173,5,1,50.0,0,N,MELB_URBAN,DRIVE,2,17.0
44112,1,5,130,2,1,60.0,0,N,MELB_URBAN,STREET,2,17.0
44113,1,5,121,2,1,100.0,0,I,TOWNS,ROAD,2,18.0
44114,1,5,130,5,1,60.0,0,N,LARGE_PROVINCIAL_CITIES,STREET,2,14.0
44115,8,5,174,2,1,60.0,0,I,MELB_URBAN,OTHER,2,14.0
44116,1,5,110,1,3,40.0,0,I,MELBOURNE_CBD,STREET,2,21.0
44117,4,2,171,5,1,100.0,0,N,TOWNS,FREEWAY,12,15.0
44118,1,5,99,5,3,60.0,0,N,LARGE_PROVINCIAL_CITIES,ROAD,2,23.0
44119,1,2,99,4,1,40.0,0,I,MELB_URBAN,STREET,1,11.0
44120,4,4,171,5,5,80.0,0,N,MELB_URBAN,ROAD,2,23.0
44121,6,2,99,5,1,100.0,0,N,RURAL_VICTORIA,ROAD,2,14.0
44122,1,6,121,2,1,60.0,0,I,MELB_URBAN,ROAD,2,8.0
44123,1,6,121,1,1,60.0,0,I,MELB_URBAN,ROAD,2,9.0
44124,1,6,130,2,2,40.0,0,I,MELB_URBAN,STREET,1,7.0
44125,1,6,113,2,1,60.0,0,I,LARGE_PROVINCIAL_CITIES,STREET,2,9.0
44126,1,5,113,1,1,60.0,0,I,MELB_URBAN,ROAD,2,9.0
44127,1,4,132,2,1,60.0,0,I,MELB_URBAN,ROAD,2,15.0
44128,1,5,116,2,1,100.0,0,I,RURAL_VICTORIA,ROAD,2,10.0
44129,1,6,140,5,2,60.0,0,N,MELB_URBAN,ROAD,2,7.0
44130,1,6,134,2,1,110.0,0,I,RURAL_VICTORIA,HIGHWAY,2,11.0
44131,1,6,163,5,1,60.0,0,N,LARGE_PROVINCIAL_CITIES,STREET,2,9.0
44132,1,5,113,2,1,60.0,0,I,MELB_URBAN,STREET,2,10.0
44133,1,6,130,5,1,80.0,0,N,MELB_URBAN,ROAD,2,14.0
44134,1,6,130,2,2,60.0,0,I,MELB_URBAN,ROAD,2,7.0
44135,1,5,99,5,3,50.0,0,N,MELB_URBAN,UNKNOWN,2,21.0
44136,1,6,134,5,1,100.0,0,N,MELB_URBAN,RAMP,2,10.0
44137,6,3,174,1,1,60.0,0,I,MELB_URBAN,ROAD,2,17.0
44138,1,7,110,1,2,60.0,0,I,MELB_URBAN,ROAD,4,7.0
44139,1,6,121,2,1,80.0,0,I,RURAL_VICTORIA,ROAD,2,11.0
44140,1,6,121,1,1,60.0,0,I,SMALL_CITIES,PARADE,2,12.0
44141,1,6,121,1,2,60.0,0,I,MELB_URBAN,ROAD,2,7.0
44142,4,6,173,5,1,80.0,0,N,RURAL_VICTORIA,ROAD,2,12.0
44143,1,3,130,5,2,80.0,0,N,MELB_URBAN,FREEWAY,2,18.0
44144,1,5,99,2,1,50.0,1,I,MELB_URBAN,PARADE,2,9.0
44145,8,3,174,5,2,60.0,0,N,RURAL_VICTORIA,OTHER,1,20.0
44146,1,6,99,5,1,60.0,0,N,MELB_URBAN,ROAD,2,12.0
44147,1,6,111,2,1,60.0,0,I,MELB_URBAN,ROAD,2,13.0
44148,1,5,121,1,3,60.0,0,I,MELB_URBAN,ROAD,2,22.0
44149,1,2,130,5,1,80.0,0,I,MELB_URBAN,FREEWAY,2,15.0
44150,8,6,174,2,1,40.0,1,I,MELB_URBAN,STREET,2,12.0
44151,1,4,147,5,1,50.0,0,N,TOWNS,STREET,2,15.0
44152,1,6,130,5,1,50.0,0,N,SMALL_CITIES,STREET,2,16.0
44153,1,6,130,5,1,40.0,0,N,RURAL_VICTORIA,HIGHWAY,2,15.0
44154,1,6,130,2,1,60.0,0,N,MELB_URBAN,ROAD,2,11.0
44155,6,6,99,1,1,100.0,0,I,RURAL_VICTORIA,ROAD,2,16.0
44156,1,5,130,1,1,50.0,0,I,LARGE_PROVINCIAL_CITIES,STREET,2,17.0
44157,1,6,130,5,1,60.0,0,N,MELB_URBAN,STREET,2,13.0
44158,1,5,133,2,2,80.0,0,I,MELB_URBAN,ROAD,2,19.0
44159,1,6,130,2,1,80.0,0,N,MELB_URBAN,ROAD,2,16.0
44160,1,3,99,5,1,60.0,0,N,TOWNS,HIGHWAY,2,9.0
44161,1,6,121,2,1,80.0,0,I,MELB_URBAN,ROAD,2,16.0
44162,1,6,147,2,1,50.0,0,I,MELB_URBAN,OTHER,2,18.0
44163,1,6,130,1,2,60.0,0,I,MELB_URBAN,STREET,2,19.0
44164,1,6,99,5,1,40.0,0,I,MELB_URBAN,ROAD,2,16.0
44165,1,6,160,5,3,60.0,0,N,MELB_URBAN,STREET,2,20.0
44166,1,5,113,2,2,60.0,0,I,SMALL_CITIES,AVENUE,2,19.0
44167,1,6,130,5,1,60.0,0,N,MELB_URBAN,OTHER,2,17.0
44168,1,6,121,2,3,80.0,0,I,LARGE_PROVINCIAL_CITIES,STREET,2,20.0
44169,1,6,121,1,3,80.0,0,I,MELB_URBAN,ROAD,2,22.0
44170,8,6,99,5,5,110.0,0,N,RURAL_VICTORIA,HIGHWAY,2,5.0
44171,4,7,99,2,3,50.0,0,I,LARGE_PROVINCIAL_CITIES,STREET,2,2.0
44172,8,6,99,2,5,100.0,0,I,RURAL_VICTORIA,ROAD,2,22.0
44173,1,0,130,1,3,60.0,0,I,MELB_URBAN,ROAD,11,21.0
44174,1,7,116,2,2,60.0,0,I,MELB_URBAN,ROAD,2,7.0
44175,1,6,173,5,1,70.0,0,N,MELB_URBAN,ROAD,2,8.0
44176,1,4,134,1,9,80.0,0,I,MELB_URBAN,OTHER,2,6.0
44177,8,5,170,2,1,60.0,0,I,MELB_URBAN,STREET,2,9.0
44178,1,5,147,5,1,50.0,0,N,LARGE_PROVINCIAL_CITIES,ROAD,2,15.0
44179,6,7,170,5,5,100.0,0,N,RURAL_VICTORIA,ROAD,2,4.0
44180,1,7,160,2,1,60.0,0,I,MELB_URBAN,ROAD,2,10.0
44181,1,7,140,5,1,50.0,0,N,LARGE_PROVINCIAL_CITIES,STREET,2,11.0
44182,1,3,135,5,1,40.0,0,N,MELB_URBAN,ROAD,1,15.0
44183,1,2,130,5,2,60.0,0,N,MELB_URBAN,STREET,2,6.0
44184,1,7,130,5,1,70.0,0,N,MELB_URBAN,ROAD,2,12.0
44185,1,7,99,2,1,50.0,0,I,MELB_URBAN,ROAD,2,12.0
44186,1,7,113,2,1,110.0,0,I,RURAL_VICTORIA,FREEWAY,2,12.0
44187,6,7,170,2,1,100.0,0,I,RURAL_VICTORIA,ROAD,2,12.0
44188,1,6,110,1,1,100.0,0,I,RURAL_VICTORIA,ROAD,2,13.0
44189,1,6,132,1,1,60.0,0,I,LARGE_PROVINCIAL_CITIES,STREET,2,17.0
44190,1,4,120,5,1,60.0,0,N,MELB_URBAN,AVENUE,2,8.0
44191,4,6,181,5,5,100.0,0,N,RURAL_VICTORIA,ROAD,2,22.0
44192,1,7,130,5,1,60.0,0,N,MELB_URBAN,ROAD,2,14.0
44193,1,7,121,2,2,60.0,0,I,MELB_URBAN,OTHER,2,19.0
44194,1,7,130,2,2,80.0,0,N,MELB_URBAN,HIGHWAY,2,19.0
44195,1,7,163,5,1,70.0,0,N,MELB_URBAN,ROAD,2,14.0
44196,1,6,130,5,1,60.0,0,N,MELB_URBAN,STREET,11,18.0
44197,1,7,135,2,1,50.0,0,I,MELB_URBAN,ROAD,2,17.0
44198,1,7,121,2,3,70.0,0,I,MELB_URBAN,ROAD,2,21.0
44199,4,7,99,1,3,50.0,1,I,MELB_URBAN,STREET,2,23.0
44200,4,7,171,2,3,50.0,0,N,MELB_URBAN,OTHER,2,22.0
44201,2,1,100,1,3,40.0,0,I,MELB_URBAN,STREET,2,21.0
44202,1,1,121,1,3,60.0,0,I,MELB_URBAN,HIGHWAY,2,0.0
44203,4,0,173,5,3,60.0,0,N,SMALL_CITIES,ROAD,2,5.0
44204,1,7,134,2,1,60.0,0,I,MELB_URBAN,ROAD,2,11.0
44205,1,7,130,5,1,60.0,0,N,MELB_URBAN,FREEWAY,2,18.0
44206,1,7,113,2,1,60.0,0,I,MELB_URBAN,ROAD,2,12.0
44207,1,7,130,5,1,70.0,0,N,MELB_URBAN,RAMP,2,11.0
44208,1,1,160,5,1,60.0,0,N,MELB_URBAN,ROAD,2,9.0
44209,6,1,99,6,1,50.0,0,N,MELB_URBAN,STREET,2,8.0
44210,1,0,110,1,1,60.0,0,I,LARGE_PROVINCIAL_CITIES,STREET,2,11.0
44211,6,1,99,5,1,60.0,0,N,RURAL_VICTORIA,ROAD,2,11.0
44212,1,1,99,2,1,70.0,0,N,MELB_URBAN,ROAD,2,9.0
44213,2,5,99,5,3,60.0,0,N,MELB_URBAN,ROAD,2,20.0
44214,2,1,99,2,1,60.0,0,I,MELB_URBAN,ROAD,2,12.0
44215,4,1,181,5,1,80.0,0,N,RURAL_VICTORIA,ROAD,2,8.0
44216,1,3,99,4,1,60.0,0,I,MELB_URBAN,RAMP,2,17.0
44217,1,1,130,2,1,50.0,0,I,MELB_URBAN,STREET,2,11.0
44218,4,7,181,5,1,60.0,0,N,SMALL_TOWNS,ROAD,2,17.0
44219,4,1,173,1,1,40.0,0,I,MELB_URBAN,STREET,2,12.0
44220,6,6,174,1,1,80.0,0,I,MELB_URBAN,ROAD,2,12.0
44221,1,1,130,5,1,80.0,0,N,MELB_URBAN,FREEWAY,2,13.0
44222,1,7,130,1,2,60.0,0,I,MELB_URBAN,ROAD,2,19.0
44223,1,7,120,5,5,80.0,0,N,RURAL_VICTORIA,ROAD,2,21.0
44224,1,1,99,1,1,50.0,0,I,LARGE_PROVINCIAL_CITIES,STREET,2,18.0
44225,1,1,113,2,1,60.0,0,I,MELB_URBAN,ROAD,2,17.0
44226,4,1,183,5,3,80.0,0,N,MELB_URBAN,RAMP,2,5.0
44227,4,1,183,5,1,100.0,0,N,RURAL_VICTORIA,ROAD,2,14.0
44228,4,1,183,5,1,100.0,0,N,RURAL_VICTORIA,ROAD,2,16.0
44229,4,1,181,5,1,100.0,0,N,RURAL_VICTORIA,ROAD,2,18.0
44230,4,1,181,5,1,60.0,0,N,RURAL_VICTORIA,ROAD,2,18.0
44231,4,1,99,5,2,60.0,0,N,MELB_URBAN,ROAD,2,19.0
44232,1,5,130,5,1,80.0,0,N,MELB_URBAN,FREEWAY,2,16.0
44233,1,6,130,4,1,70.0,0,I,MELB_URBAN,ROAD,2,16.0
44234,1,2,99,5,3,60.0,0,N,MELB_URBAN,ROAD,2,1.0
44235,4,6,173,5,2,50.0,0,N,MELB_URBAN,ROAD,2,5.0
44236,1,7,99,2,2,60.0,0,I,MELB_URBAN,ROAD,2,7.0
44237,4,1,183,5,1,100.0,0,N,RURAL_VICTORIA,ROAD,2,12.0
44238,4,0,171,5,1,80.0,0,N,TOWNS,ROAD,2,16.0
44239,1,1,130,1,2,60.0,0,I,MELB_URBAN,OTHER,2,7.0
44240,1,2,133,5,2,40.0,0,N,MELBOURNE_CBD,STREET,2,7.0
44241,8,7,174,5,9,60.0,0,N,MELB_URBAN,STREET,1,11.0
44242,8,7,184,5,1,40.0,0,N,MELB_URBAN,ROAD,2,9.0
44243,1,1,160,5,1,50.0,0,N,SMALL_CITIES,AVENUE,2,11.0
44244,1,3,132,2,1,60.0,0,I,MELB_URBAN,ROAD,2,16.0
44245,2,2,100,1,1,50.0,0,I,MELB_URBAN,STREET,2,8.0
44246,1,6,133,2,2,70.0,0,I,MELB_URBAN,ROAD,11,19.0
44247,1,5,130,5,3,70.0,0,N,MELB_URBAN,ROAD,8,19.0
44248,1,2,121,2,1,80.0,0,I,RURAL_VICTORIA,ROAD,2,9.0
44249,1,5,130,5,1,100.0,0,N,MELB_URBAN,FREEWAY,2,15.0
44250,6,7,184,5,1,60.0,0,N,SMALL_TOWNS,ROAD,2,15.0
44251,1,2,130,2,1,60.0,0,I,MELB_URBAN,ROAD,2,8.0
44252,1,2,134,2,1,80.0,0,N,MELB_URBAN,ROAD,2,11.0
44253,1,5,130,5,1,70.0,0,N,MELB_URBAN,ROAD,10,16.0
44254,4,7,171,5,1,100.0,0,N,RURAL_VICTORIA,ROAD,2,10.0
44255,1,4,110,1,2,80.0,0,I,SMALL_CITIES,AVENUE,1,19.0
44256,1,2,120,5,1,60.0,0,N,MELB_URBAN,AVENUE,2,13.0
44257,8,7,170,5,2,60.0,0,N,MELB_URBAN,AVENUE,8,20.0
44258,4,2,173,5,1,100.0,0,N,RURAL_VICTORIA,ROAD,2,15.0
44259,6,2,99,5,1,60.0,0,N,TOWNS,OTHER,2,13.0
44260,1,2,132,2,1,60.0,0,N,MELB_URBAN,ROAD,2,11.0
44261,1,2,130,2,1,60.0,0,I,MELB_URBAN,ROAD,12,17.0
44262,1,4,135,2,1,100.0,0,N,MELB_URBAN,RAMP,12,12.0
44263,4,2,183,5,1,80.0,0,N,RURAL_VICTORIA,ROAD,2,17.0
44264,1,2,113,2,1,100.0,0,I,RURAL_VICTORIA,ROAD,2,17.0
44265,1,1,116,1,2,80.0,0,I,MELB_URBAN,ROAD,2,18.0
44266,1,1,116,1,1,50.0,0,I,TOWNS,STREET,2,17.0
44267,4,2,181,5,1,80.0,0,N,RURAL_VICTORIA,ROAD,2,16.0
44268,4,2,183,5,1,100.0,0,N,RURAL_VICTORIA,ROAD,2,16.0
44269,1,1,120,5,1,60.0,0,N,MELB_URBAN,ROAD,2,18.0
44270,4,2,99,5,1,50.0,0,N,MELB_URBAN,STREET,2,15.0
44271,6,2,184,5,1,60.0,0,N,RURAL_VICTORIA,ROAD,2,12.0