,accident_type,day_of_week,dca_code,road_geometry,light_condition,speed_zone,severity,node_type,deg_urban_name,road_type,month,hour
44272,1,1,160,5,3,50.0,0,N,SMALL_CITIES,STREET,2,20.0
44273,1,2,120,5,1,60.0,0,N,MELB_URBAN,ROAD,2,16.0
44274,1,7,130,5,1,70.0,0,N,MELB_URBAN,ROAD,1,17.0
44275,1,2,132,5,3,60.0,0,N,MELB_URBAN,ROAD,2,23.0
44276,1,1,132,2,9,60.0,0,I,MELB_URBAN,STREET,2,14.0
44277,1,3,160,5,3,60.0,0,N,MELB_URBAN,ROAD,2,6.0
44278,1,3,130,5,1,80.0,0,N,MELB_URBAN,UNKNOWN,2,9.0
44279,1,2,121,1,1,80.0,0,I,MELB_URBAN,HIGHWAY,10,14.0
44280,1,2,110,1,3,80.0,0,N,MELB_URBAN,HIGHWAY,2,20.0
44281,1,3,99,5,2,60.0,0,N,MELB_URBAN,ROAD,2,7.0
44282,1,0,111,2,1,70.0,0,I,MELB_URBAN,DRIVE,2,8.0
44283,1,3,121,1,1,60.0,0,I,MELB_URBAN,STREET,2,9.0
44284,1,3,130,5,1,100.0,0,N,MELB_URBAN,UNKNOWN,2,9.0
44285,1,3,130,5,1,100.0,0,N,RURAL_VICTORIA,STREET,2,9.0
44286,3,3,167,2,2,90.0,0,I,RURAL_VICTORIA,HIGHWAY,2,6.0
44287,8,7,184,9,1,60.0,0,N,RURAL_VICTORIA,ROAD,1,9.0
44288,1,3,113,2,1,60.0,0,I,MELB_URBAN,ROAD,2,9.0
44289,1,7,121,4,3,60.0,0,I,LARGE_PROVINCIAL_CITIES,ROAD,2,22.0
44290,2,3,99,5,1,60.0,0,N,MELB_URBAN,ROAD,2,10.0
44291,1,1,130,4,1,60.0,0,I,MELB_URBAN,PARADE,2,13.0
44292,1,3,120,5,1,60.0,0,N,MELB_URBAN,ROAD,2,11.0
44293,1,3,130,5,1,50.0,0,N,MELB_URBAN,PARADE,2,13.0
44294,1,1,130,2,1,70.0,0,I,MELB_URBAN,ROAD,2,16.0
44295,1,3,110,1,1,50.0,0,I,MELB_URBAN,ROAD,2,10.0
44296,4,3,171,5,1,60.0,0,N,MELB_URBAN,ROAD,2,13.0
44297,4,2,171,5,3,100.0,0,N,RURAL_VICTORIA,ROAD,2,22.0
44298,1,3,121,2,1,60.0,0,I,MELB_URBAN,ROAD,2,10.0
44299,1,3,132,5,1,60.0,0,N,MELB_URBAN,ROAD,2,15.0
44300,4,2,171,5,1,100.0,0,N,RURAL_VICTORIA,HIGHWAY,2,16.0
44301,1,2,110,1,1,50.0,0,I,SMALL_CITIES,STREET,2,14.0
44302,8,7,99,2,1,100.0,0,I,RURAL_VICTORIA,ROAD,2,12.0
44303,1,6,130,5,1,80.0,0,N,MELB_URBAN,ROAD,2,14.0
44304,1,7,132,2,1,60.0,0,I,LARGE_PROVINCIAL_CITIES,STREET,2,12.0
44305,2,3,102,5,1,40.0,0,N,MELB_URBAN,ROAD,2,16.0
44306,1,3,130,2,1,70.0,0,N,MELB_URBAN,ROAD,2,15.0
44307,1,1,121,2,2,70.0,0,I,MELB_URBAN,STREET,2,19.0
44308,1,1,130,5,1,100.0,0,N,MELB_URBAN,FREEWAY,12,13.0
44309,1,7,120,5,3,60.0,0,N,MELB_URBAN,STREET,2,1.0
44310,1,4,130,2,9,60.0,0,I,MELB_URBAN,ROAD,1,8.0
44311,2,3,99,5,1,50.0,0,N,MELB_URBAN,STREET,2,16.0
44312,4,2,171,1,1,50.0,0,I,MELB_URBAN,AVENUE,2,17.0
44313,3,3,167,5,2,60.0,0,I,SMALL_TOWNS,STREET,2,6.0
44314,1,3,163,5,1,40.0,0,N,MELB_URBAN,STREET,2,8.0
44315,1,3,99,2,1,50.0,0,N,MELB_URBAN,HIGHWAY,2,18.0
44316,1,3,99,1,2,40.0,0,I,MELBOURNE_CBD,STREET,2,19.0
44317,1,4,99,1,1,60.0,0,I,MELB_URBAN,STREET,2,8.0
44318,8,3,99,5,3,50.0,0,N,LARGE_PROVINCIAL_CITIES,ROAD,2,22.0
44319,1,2,130,1,1,60.0,0,N,MELB_URBAN,ROAD,2,8.0
44320,4,2,173,2,3,60.0,0,I,MELB_URBAN,ROAD,2,22.0
44321,1,3,130,5,1,70.0,0,N,MELB_URBAN,STREET,1,14.0
44322,1,4,113,1,2,100.0,0,I,RURAL_VICTORIA,ROAD,2,6.0
44323,4,4,171,2,2,50.0,0,I,MELB_URBAN,UNKNOWN,2,7.0
44324,1,4,130,2,1,80.0,0,N,MELB_URBAN,ROAD,2,8.0
44325,1,4,130,1,1,60.0,0,I,MELB_URBAN,ROAD,2,9.0
44326,1,4,140,2,1,60.0,0,I,MELB_URBAN,ROAD,2,8.0
44327,1,3,130,2,1,60.0,0,I,MELB_URBAN,HIGHWAY,2,14.0
44328,1,4,121,2,2,80.0,0,I,MELB_URBAN,ROAD,2,7.0
44329,2,3,99,5,1,40.0,0,N,MELB_URBAN,HIGHWAY,2,13.0
44330,1,2,113,2,1,60.0,0,I,MELB_URBAN,ROAD,2,12.0
44331,1,5,130,2,1,50.0,0,I,MELB_URBAN,DRIVE,2,8.0
44332,4,4,173,5,1,100.0,0,N,MELB_URBAN,FREEWAY,2,9.0
44333,1,4,147,5,1,100.0,0,N,RURAL_VICTORIA,ROAD,2,10.0
44334,1,4,163,5,1,60.0,0,N,MELB_URBAN,ROAD,2,9.0
44335,1,3,110,1,1,50.0,0,I,MELB_URBAN,ROAD,10,9.0
44336,8,6,174,5,3,60.0,0,N,MELB_URBAN,ROAD,8,22.0
44337,6,4,170,2,1,100.0,0,I,RURAL_VICTORIA,ROAD,2,12.0
44338,2,4,102,1,1,40.0,0,I,MELBOURNE_CBD,STREET,2,10.0
44339,8,4,99,5,1,50.0,0,N,MELB_URBAN,BOULEVARD,2,14.0
44340,8,3,99,5,1,100.0,0,N,RURAL_VICTORIA,ROAD,2,16.0
44341,1,4,163,5,1,40.0,0,N,MELBOURNE_CBD,STREET,2,14.0
44342,1,3,99,5,1,80.0,0,N,MELB_URBAN,HIGHWAY,2,13.0
44343,1,4,113,2,1,50.0,0,I,MELB_URBAN,STREET,2,11.0
44344,1,4,160,5,1,60.0,0,N,LARGE_PROVINCIAL_CITIES,STREET,2,15.0
44345,2,4,102,5,1,50.0,0,N,MELB_URBAN,STREET,2,15.0
44346,1,2,121,2,1,40.0,0,I,MELB_URBAN,ROAD,2,8.0
44347,4,4,183,2,1,60.0,0,I,TOWNS,ROAD,2,14.0
44348,1,4,135,5,1,100.0,0,N,MELB_URBAN,FREEWAY,2,15.0
44349,8,3,170,1,1,60.0,0,I,MELB_URBAN,STREET,2,16.0
44350,1,4,113,1,1,70.0,0,I,MELB_URBAN,HIGHWAY,2,15.0
44351,1,4,121,2,1,60.0,0,I,LARGE_PROVINCIAL_CITIES,AVENUE,2,17.0
44352,1,4,111,1,1,50.0,0,I,MELB_URBAN,ROAD,2,14.0
44353,8,4,174,1,1,50.0,0,I,MELB_URBAN,STREET,2,12.0
44354,1,1,140,2,2,80.0,0,I,RURAL_VICTORIA,ROAD,2,19.0
44355,4,4,183,5,1,100.0,0,N,RURAL_VICTORIA,RAMP,2,14.0
44356,1,4,130,5,1,60.0,0,N,MELB_URBAN,ROAD,2,18.0
44357,1,4,133,1,1,50.0,0,I,MELB_URBAN,STREET,2,18.0
44358,4,7,173,5,2,100.0,0,N,RURAL_VICTORIA,ROAD,2,19.0
44359,1,2,130,5,2,100.0,0,N,MELB_URBAN,FREEWAY,2,7.0
44360,2,4,102,1,3,60.0,0,I,MELB_URBAN,ROAD,2,20.0
44361,1,5,134,5,6,80.0,0,N,RURAL_VICTORIA,FREEWAY,2,0.0
44362,1,4,99,2,1,50.0,0,I,MELB_URBAN,BOULEVARD,2,14.0
44363,6,5,170,5,3,100.0,0,N,MELB_URBAN,FREEWAY,2,2.0
44364,1,4,140,5,3,60.0,0,N,MELB_URBAN,ROAD,2,21.0
44365,1,4,173,5,2,60.0,0,N,MELB_URBAN,ROAD,2,5.0
44366,1,5,110,1,2,100.0,0,I,RURAL_VICTORIA,HIGHWAY,2,7.0
44367,1,3,130,5,1,60.0,0,N,MELB_URBAN,ROAD,2,8.0
44368,1,4,121,1,1,40.0,0,I,MELB_URBAN,STREET,2,8.0
44369,1,6,130,1,1,60.0,0,I,LARGE_PROVINCIAL_CITIES,STREET,12,8.0
44370,1,5,110,1,1,50.0,0,I,MELB_URBAN,PARADE,2,8.0
44371,6,5,99,5,2,100.0,0,N,RURAL_VICTORIA,ROAD,2,7.0
44372,1,4,130,2,1,60.0,0,I,MELB_URBAN,ROAD,2,13.0
44373,1,4,99,5,1,60.0,0,I,MELB_URBAN,STREET,2,16.0
44374,8,4,174,2,2,60.0,0,I,SMALL_CITIES,DRIVE,2,6.0
44375,1,5,121,5,2,60.0,0,N,MELB_URBAN,ROAD,2,7.0
44376,8,7,184,5,1,60.0,0,N,RURAL_VICTORIA,ROAD,2,9.0
44377,1,5,120,5,2,100.0,0,N,RURAL_VICTORIA,ROAD,2,7.0
44378,1,5,110,1,1,60.0,0,I,MELB_URBAN,ROAD,2,11.0
44379,1,6,130,2,1,80.0,0,I,RURAL_VICTORIA,ROAD,1,17.0
44380,1,1,130,5,1,100.0,0,N,SMALL_CITIES,FREEWAY,1,16.0
44381,1,5,99,2,1,60.0,0,I,MELB_URBAN,ROAD,2,8.0
44382,6,5,99,5,1,100.0,0,N,RURAL_VICTORIA,ROAD,2,12.0
44383,1,4,163,1,1,40.0,0,I,MELBOURNE_CBD,STREET,2,10.0
44384,1,1,140,2,1,80.0,0,I,MELB_URBAN,HIGHWAY,2,10.0
44385,1,4,163,5,1,40.0,0,N,MELBOURNE_CBD,STREET,2,11.0
44386,4,4,183,5,5,60.0,0,N,MELB_URBAN,ROAD,2,20.0
44387,2,5,100,2,1,40.0,0,I,MELB_URBAN,ROAD,2,10.0
44388,1,7,99,2,2,40.0,0,I,MELB_URBAN,STREET,2,7.0
44389,1,5,121,1,1,40.0,0,I,MELBOURNE_CBD,STREET,2,11.0
44390,1,4,130,5,1,60.0,0,N,MELB_URBAN,ROAD,2,17.0
44391,1,5,130,5,2,100.0,0,N,RURAL_VICTORIA,FREEWAY,2,6.0
44392,4,1,171,5,6,60.0,0,N,MELB_URBAN,DRIVE,2,2.0
44393,1,4,130,2,1,80.0,0,I,RURAL_VICTORIA,HIGHWAY,2,10.0
44394,1,5,121,5,1,80.0,0,I,MELB_URBAN,ROAD,2,16.0
44395,1,3,132,1,2,60.0,0,I,LARGE_PROVINCIAL_CITIES,ROAD,2,6.0
44396,1,5,116,1,1,50.0,0,I,MELB_URBAN,ROAD,2,16.0
44397,1,5,110,1,1,60.0,0,I,LARGE_PROVINCIAL_CITIES,STREET,2,16.0
44398,1,5,110,1,1,100.0,0,I,RURAL_VICTORIA,ROAD,2,16.0
44399,1,5,121,2,1,80.0,0,I,MELB_URBAN,ROAD,2,17.0
44400,1,5,132,1,1,60.0,0,I,SMALL_CITIES,STREET,2,17.0
44401,4,5,171,5,1,80.0,0,N,MELB_URBAN,FREEWAY,2,15.0
44402,6,5,170,5,2,60.0,0,N,MELB_URBAN,ROAD,2,7.0
44403,1,5,130,5,1,70.0,0,N,MELB_URBAN,ROAD,2,16.0
44404,1,5,99,5,1,100.0,0,N,RURAL_VICTORIA,ROAD,2,17.0
44405,1,5,130,2,1,70.0,0,I,MELB_URBAN,ROAD,2,16.0
44406,1,5,163,5,1,60.0,0,N,MELB_URBAN,STREET,2,16.0
44407,2,5,102,1,2,50.0,0,I,LARGE_PROVINCIAL_CITIES,STREET,2,20.0
44408,4,5,171,5,3,80.0,0,N,MELB_URBAN,HIGHWAY,2,21.0
44409,1,5,130,1,2,70.0,0,I,MELB_URBAN,ROAD,2,19.0
44410,4,5,173,2,3,70.0,0,I,MELB_URBAN,ROAD,2,5.0
44411,1,5,130,5,1,80.0,0,N,MELB_URBAN,ROAD,2,15.0
44412,4,5,181,5,5,60.0,0,N,RURAL_VICTORIA,ROAD,2,21.0
44413,4,4,183,5,5,110.0,0,N,RURAL_VICTORIA,FREEWAY,2,23.0
44414,1,5,99,1,1,60.0,0,I,MELB_URBAN,ROAD,2,14.0
44415,1,2,121,1,1,70.0,0,I,MELB_URBAN,OTHER,2,14.0
44416,6,4,99,5,1,50.0,0,N,MELB_URBAN,STREET,2,11.0
44417,4,6,181,5,5,80.0,0,N,RURAL_VICTORIA,ROAD,2,5.0
44418,1,7,99,5,1,60.0,0,N,MELB_URBAN,HIGHWAY,2,10.0
44419,6,1,174,5,1,60.0,0,N,RURAL_VICTORIA,ROAD,2,8.0
44420,1,4,121,2,2,60.0,0,I,MELB_URBAN,STREET,2,18.0
44421,1,4,113,1,2,60.0,0,I,MELB_URBAN,OTHER,2,7.0
44422,1,6,130,2,2,60.0,0,I,MELB_URBAN,ROAD,2,7.0
44423,1,6,116,2,1,40.0,0,I,MELB_URBAN,STREET,2,9.0
44424,1,5,99,2,1,60.0,0,I,MELB_URBAN,RAMP,2,9.0
44425,1,6,160,2,2,60.0,0,I,MELB_URBAN,STREET,2,6.0
44426,1,6,130,5,1,80.0,0,N,MELB_URBAN,HIGHWAY,2,10.0
44427,2,6,99,5,1,60.0,0,N,MELB_URBAN,STREET,11,11.0
44428,1,6,99,2,1,50.0,0,I,MELB_URBAN,ROAD,2,9.0
44429,4,5,171,5,1,100.0,0,N,RURAL_VICTORIA,ROAD,2,11.0
44430,1,6,130,5,1,60.0,0,N,MELB_URBAN,ROAD,2,8.0
44431,1,6,99,2,1,60.0,0,I,MELB_URBAN,ROAD,2,12.0
44432,1,5,130,5,1,60.0,0,N,MELB_URBAN,ROAD,2,9.0
44433,4,5,173,5,3,60.0,0,N,MELB_URBAN,ROAD,2,20.0
44434,2,6,99,5,1,50.0,0,N,MELB_URBAN,STREET,2,8.0
44435,1,6,160,5,2,50.0,0,N,MELB_URBAN,STREET,2,7.0
44436,8,1,174,5,1,60.0,0,N,RURAL_VICTORIA,ROAD,2,12.0
44437,1,4,130,3,1,60.0,0,N,MELB_URBAN,BOULEVARD,1,15.0
44438,1,2,135,2,1,40.0,0,N,MELBOURNE_CBD,STREET,2,16.0
44439,1,5,130,2,1,60.0,0,I,MELB_URBAN,ROAD,2,15.0
44440,1,6,140,5,1,80.0,0,N,MELB_URBAN,ROAD,2,10.0
44441,1,3,111,1,1,70.0,0,N,MELB_URBAN,STREET,2,15.0
44442,1,6,120,5,1,60.0,0,N,SMALL_CITIES,AVENUE,2,12.0
44443,1,6,99,5,1,40.0,0,N,SMALL_CITIES,STREET,2,14.0
44444,1,5,121,2,6,60.0,0,I,MELB_URBAN,ROAD,1,1.0
44445,3,5,167,5,2,100.0,0,N,RURAL_VICTORIA,ROAD,2,6.0
44446,1,1,130,1,3,60.0,0,I,LARGE_PROVINCIAL_CITIES,ROAD,2,22.0
44447,1,6,99,2,1,50.0,0,I,MELB_URBAN,STREET,2,15.0
44448,1,4,130,5,1,80.0,0,N,MELB_URBAN,FREEWAY,2,18.0
44449,2,5,99,5,1,50.0,0,N,TOWNS,STREET,2,14.0
44450,4,4,173,5,5,40.0,0,N,RURAL_VICTORIA,ROAD,2,21.0
44451,1,6,133,2,1,40.0,0,I,MELB_URBAN,STREET,2,16.0
44452,1,6,130,5,1,100.0,0,N,MELB_URBAN,FREEWAY,2,15.0
44453,1,7,130,2,9,60.0,0,I,MELB_URBAN,RAMP,2,11.0
44454,2,6,100,5,1,50.0,0,N,TOWNS,ROAD,2,15.0
44455,2,6,100,5,1,50.0,0,N,LARGE_PROVINCIAL_CITIES,STREET,2,17.0
44456,1,6,116,2,1,60.0,0,I,MELB_URBAN,ROAD,2,16.0
44457,1,6,130,5,1,80.0,0,I,MELB_URBAN,OTHER,2,15.0
44458,1,5,130,1,1,60.0,0,I,LARGE_PROVINCIAL_CITIES,STREET,2,11.0
44459,1,6,130,2,1,60.0,0,I,MELB_URBAN,ROAD,2,15.0
44460,1,6,163,5,1,40.0,1,N,MELB_URBAN,ROAD,2,16.0
44461,1,6,130,1,1,70.0,0,I,MELB_URBAN,ROAD,2,18.0
44462,8,2,174,9,1,60.0,0,N,RURAL_VICTORIA,OTHER,2,11.0
44463,1,6,121,5,2,60.0,0,N,MELB_URBAN,ROAD,2,19.0
44464,4,6,181,5,5,100.0,0,N,RURAL_VICTORIA,HIGHWAY,2,22.0
44465,1,6,130,5,1,110.0,0,N,RURAL_VICTORIA,FREEWAY,2,18.0
44466,1,5,130,5,1,80.0,0,N,MELB_URBAN,ROAD,2,18.0
44467,8,7,170,1,3,60.0,0,I,MELB_URBAN,ROAD,2,3.0
44468,1,7,130,5,5,100.0,0,N,TOWNS,HIGHWAY,2,1.0
44469,4,7,173,1,3,70.0,0,I,MELB_URBAN,STREET,2,2.0
44470,4,6,183,5,5,110.0,1,N,RURAL_VICTORIA,FREEWAY,2,23.0
44471,1,7,121,1,3,70.0,0,I,MELB_URBAN,ROAD,2,1.0
44472,4,7,181,5,5,80.0,0,N,RURAL_VICTORIA,ROAD,2,3.0
44473,1,7,130,1,2,60.0,0,I,MELB_URBAN,HIGHWAY,6,17.0
44474,1,6,113,2,1,60.0,0,I,MELB_URBAN,ROAD,2,12.0
44475,4,7,171,5,3,60.0,0,N,MELB_URBAN,ROAD,2,6.0
44476,1,2,99,5,1,40.0,0,N,SMALL_CITIES,STREET,12,10.0
44477,2,7,102,1,1,40.0,0,I,MELB_URBAN,STREET,2,8.0
44478,1,7,99,5,1,50.0,0,N,MELB_URBAN,PARADE,2,9.0
44479,1,7,110,1,1,60.0,0,I,LARGE_PROVINCIAL_CITIES,ROAD,2,8.0
44480,6,1,184,5,1,100.0,0,N,RURAL_VICTORIA,HIGHWAY,2,10.0
44481,1,7,121,2,1,60.0,0,I,SMALL_CITIES,STREET,2,10.0
44482,6,7,99,5,1,100.0,0,N,RURAL_VICTORIA,ROAD,2,13.0
44483,8,7,174,5,1,60.0,0,N,MELB_URBAN,ROAD,2,9.0
44484,1,7,130,1,1,60.0,0,I,LARGE_PROVINCIAL_CITIES,STREET,2,13.0
44485,1,7,134,2,1,80.0,0,I,RURAL_VICTORIA,ROAD,2,10.0
44486,1,6,99,2,1,50.0,0,N,MELB_URBAN,OTHER,2,17.0
44487,2,7,100,5,1,60.0,0,N,MELB_URBAN,ROAD,2,13.0
44488,1,7,130,1,1,60.0,0,I,RURAL_VICTORIA,ROAD,2,14.0
44489,1,7,120,5,1,100.0,0,N,RURAL_VICTORIA,ROAD,2,12.0
44490,4,7,181,5,1,100.0,0,N,RURAL_VICTORIA,HIGHWAY,2,13.0
44491,1,5,160,3,1,50.0,0,N,MELB_URBAN,AVENUE,2,12.0
44492,1,7,111,2,1,70.0,0,I,LARGE_PROVINCIAL_CITIES,HIGHWAY,2,14.0
44493,1,7,113,1,1,60.0,0,I,RURAL_VICTORIA,ROAD,2,11.0
44494,1,4,116,2,3,60.0,0,I,MELB_URBAN,STREET,2,23.0
44495,1,3,99,5,1,40.0,0,N,LARGE_PROVINCIAL_CITIES,STREET,2,17.0
44496,1,6,160,2,1,50.0,0,I,MELB_URBAN,STREET,2,9.0
44497,3,7,167,5,1,80.0,0,N,RURAL_VICTORIA,ROAD,2,17.0
44498,1,7,133,5,1,100.0,0,N,MELB_URBAN,ROAD,2,17.0
44499,8,7,99,5,1,80.0,0,N,MELB_URBAN,RAMP,2,14.0
44500,1,7,110,1,1,60.0,0,I,MELB_URBAN,ROAD,2,16.0
44501,1,7,130,1,1,70.0,0,I,SMALL_CITIES,PARADE,2,17.0
44502,1,7,130,5,3,60.0,0,N,MELB_URBAN,ROAD,1,23.0
44503,6,7,170,5,5,100.0,0,N,RURAL_VICTORIA,HIGHWAY,2,4.0
44504,1,7,171,2,3,60.0,0,I,LARGE_PROVINCIAL_CITIES,STREET,2,21.0
44505,1,7,163,5,1,40.0,0,N,MELBOURNE_CBD,STREET,2,13.0
44506,1,7,130,5,1,60.0,0,N,MELB_URBAN,RAMP,2,15.0
44507,2,7,102,1,3,60.0,0,I,MELB_URBAN,HIGHWAY,2,20.0
44508,5,7,99,5,2,60.0,0,N,SMALL_TOWNS,STREET,2,19.0
44509,2,7,99,5,3,50.0,0,N,MELB_URBAN,STREET,2,22.0
44510,1,6,121,1,3,60.0,0,I,MELB_URBAN,ROAD,2,6.0
44511,1,1,121,1,3,80.0,0,I,MELB_URBAN,ROAD,3,0.0
44512,1,7,120,5,2,100.0,1,N,RURAL_VICTORIA,ROAD,2,19.0
44513,4,7,173,5,3,60.0,0,N,LARGE_PROVINCIAL_CITIES,ROAD,2,22.0
44514,4,1,183,5,3,60.0,0,N,LARGE_PROVINCIAL_CITIES,ROAD,3,1.0
44515,1,1,121,1,3,40.0,0,I,MELB_URBAN,STREET,3,0.0
44516,1,0,140,2,3,40.0,0,I,MELB_URBAN,STREET,3,4.0
44517,1,1,110,1,2,60.0,0,I,MELB_URBAN,ROAD,3,7.0
44518,1,5,110,1,9,60.0,0,I,MELB_URBAN,ROAD,2,17.0
44519,1,1,110,1,1,70.0,0,I,RURAL_VICTORIA,ROAD,3,9.0
44520,1,6,110,1,1,50.0,0,I,SMALL_CITIES,STREET,2,12.0
44521,4,1,183,5,1,80.0,0,N,RURAL_VICTORIA,ROAD,3,8.0
44522,2,6,102,1,1,60.0,0,I,MELB_URBAN,ROAD,2,17.0
44523,4,1,173,5,1,110.0,0,N,RURAL_VICTORIA,FREEWAY,3,9.0
44524,1,6,147,5,1,60.0,0,N,RURAL_VICTORIA,ROAD,2,9.0
44525,4,1,173,5,1,60.0,0,N,SMALL_TOWNS,ROAD,2,11.0
44526,1,1,130,5,1,80.0,0,N,MELB_URBAN,RAMP,3,12.0
44527,1,3,110,1,1,50.0,0,I,MELB_URBAN,STREET,2,17.0
44528,8,1,174,1,1,40.0,0,I,MELB_URBAN,STREET,3,10.0
44529,4,1,183,5,1,100.0,0,N,MELB_URBAN,RAMP,3,12.0
44530,4,1,171,5,1,40.0,0,N,SMALL_CITIES,BOULEVARD,3,14.0
44531,4,1,173,1,1,50.0,0,I,SMALL_CITIES,BOULEVARD,3,16.0
44532,1,1,110,1,1,60.0,0,I,SMALL_TOWNS,STREET,3,14.0
44533,1,1,160,5,1,50.0,0,N,MELB_URBAN,STREET,3,16.0
44534,2,1,102,2,1,50.0,0,I,MELB_URBAN,STREET,3,15.0
44535,1,1,130,2,2,60.0,0,I,MELB_URBAN,ROAD,3,17.0
44536,1,1,121,1,2,60.0,0,I,MELB_URBAN,ROAD,3,17.0
44537,1,0,110,1,2,80.0,0,I,SMALL_CITIES,DRIVE,3,19.0
44538,6,1,99,5,2,40.0,0,N,RURAL_VICTORIA,ROAD,3,17.0
44539,3,1,167,5,2,80.0,0,N,RURAL_VICTORIA,ROAD,3,19.0
44540,1,0,130,5,1,40.0,0,N,MELB_URBAN,PARADE,2,15.0
44541,1,0,113,2,3,60.0,0,I,MELB_URBAN,ROAD,3,1.0
44542,4,1,171,5,9,60.0,0,N,MELB_URBAN,DRIVE,3,11.0
44543,4,0,183,5,3,100.0,0,N,MELB_URBAN,RAMP,3,3.0
44544,4,0,171,5,9,100.0,0,N,RURAL_VICTORIA,HIGHWAY,3,21.0
44545,4,2,171,5,5,110.0,0,N,RURAL_VICTORIA,FREEWAY,3,3.0
44546,8,2,170,5,3,80.0,0,N,MELB_URBAN,ROAD,3,6.0
44547,4,1,173,5,1,60.0,0,N,LARGE_PROVINCIAL_CITIES,STREET,3,13.0
44548,1,5,130,5,1,80.0,0,N,MELB_URBAN,RAMP,2,18.0
44549,4,1,173,5,4,100.0,1,N,MELB_URBAN,FREEWAY,3,21.0
44550,2,2,99,5,2,50.0,0,N,MELB_URBAN,STREET,3,6.0
44551,1,0,130,5,1,80.0,0,N,RURAL_VICTORIA,HIGHWAY,3,18.0
44552,1,2,99,5,2,70.0,0,N,MELB_URBAN,ROAD,3,7.0
44553,1,2,130,5,2,60.0,0,N,MELB_URBAN,STREET,3,7.0
44554,1,2,160,5,1,50.0,0,N,MELB_URBAN,STREET,3,8.0
44555,8,1,174,5,1,80.0,0,N,MELB_URBAN,ROAD,2,15.0
44556,4,6,183,5,5,80.0,0,N,RURAL_VICTORIA,ROAD,2,21.0
44557,1,2,130,5,1,40.0,0,N,MELB_URBAN,ROAD,1,14.0
44558,1,2,147,5,1,60.0,0,N,MELB_URBAN,ROAD,3,8.0
44559,1,4,147,5,1,70.0,0,N,MELB_URBAN,ROAD,2,18.0
44560,1,2,147,5,1,50.0,0,N,MELB_URBAN,STREET,3,11.0
44561,4,2,183,5,1,70.0,0,N,MELB_URBAN,ROAD,3,9.0
44562,1,1,99,1,1,60.0,0,I,MELB_URBAN,ROAD,3,12.0
44563,1,1,132,2,1,60.0,0,I,MELB_URBAN,ROAD,3,15.0
44564,1,5,130,5,1,50.0,0,N,MELB_URBAN,STREET,2,15.0
44565,1,2,110,1,2,80.0,0,I,SMALL_CITIES,PARADE,3,7.0
44566,1,2,130,5,2,80.0,0,N,MELB_URBAN,ROAD,3,7.0
44567,4,2,183,5,1,110.0,0,N,RURAL_VICTORIA,FREEWAY,3,11.0
44568,2,2,102,5,1,50.0,0,N,MELB_URBAN,OTHER,3,10.0
44569,2,2,99,5,1,50.0,0,N,MELB_URBAN,AVENUE,3,12.0
44570,1,1,130,5,1,50.0,0,N,MELB_URBAN,ROAD,3,9.0
44571,2,0,100,2,1,50.0,0,I,MELB_URBAN,ROAD,3,14.0
44572,4,2,181,5,1,100.0,0,N,RURAL_VICTORIA,ROAD,3,13.0
44573,1,2,113,4,1,80.0,0,I,MELB_URBAN,RAMP,3,14.0
44574,1,6,130,2,1,50.0,0,I,MELB_URBAN,ROAD,2,9.0
44575,1,2,147,5,1,60.0,0,N,SMALL_CITIES,ROAD,3,13.0
44576,1,1,140,5,1,60.0,0,N,MELB_URBAN,UNKNOWN,11,15.0
44577,8,4,99,5,1,60.0,0,N,RURAL_VICTORIA,ROAD,2,17.0
44578,8,6,174,5,5,60.0,0,N,MELB_URBAN,ROAD,1,0.0
44579,1,1,110,1,1,50.0,0,I,MELB_URBAN,ROAD,3,16.0
44580,1,1,120,5,1,100.0,0,N,RURAL_VICTORIA,ROAD,3,16.0
44581,6,7,99,5,5,100.0,0,N,RURAL_VICTORIA,ROAD,2,21.0
44582,1,1,130,1,1,60.0,0,I,MELB_URBAN,ROAD,3,16.0
44583,6,1,99,5,1,100.0,0,N,RURAL_VICTORIA,ROAD,3,10.0
44584,1,2,130,1,2,70.0,0,I,MELB_URBAN,ROAD,3,17.0
44585,8,1,170,1,1,50.0,0,I,MELB_URBAN,OTHER,2,11.0
44586,1,2,130,5,1,60.0,0,N,MELB_URBAN,ROAD,3,16.0
44587,1,2,130,5,1,80.0,0,N,SMALL_CITIES,HIGHWAY,3,16.0
44588,1,2,130,5,1,70.0,0,N,MELB_URBAN,DRIVE,3,16.0
44589,1,4,163,5,1,60.0,0,N,MELB_URBAN,STREET,12,13.0
44590,4,1,99,2,2,60.0,0,I,MELB_URBAN,ROAD,3,18.0
44591,1,2,113,2,1,80.0,0,I,RURAL_VICTORIA,HIGHWAY,3,16.0
44592,1,2,135,2,3,60.0,0,I,MELB_URBAN,ROAD,3,20.0
44593,4,3,171,5,3,60.0,0,N,MELB_URBAN,STREET,3,3.0
44594,1,6,121,1,3,60.0,0,I,LARGE_PROVINCIAL_CITIES,STREET,2,20.0
44595,1,3,121,2,3,60.0,0,I,MELB_URBAN,ROAD,3,6.0
44596,2,1,100,5,1,40.0,0,N,MELB_URBAN,ROAD,3,8.0
44597,1,3,120,5,2,100.0,0,N,TOWNS,HIGHWAY,3,7.0
44598,1,2,110,1,3,50.0,0,I,MELB_URBAN,AVENUE,3,21.0
44599,1,3,99,2,2,50.0,0,I,MELB_URBAN,ROAD,3,7.0
44600,1,6,132,2,1,100.0,0,I,RURAL_VICTORIA,HIGHWAY,2,17.0
44601,1,3,113,2,1,50.0,0,I,MELB_URBAN,STREET,3,8.0
44602,1,2,121,5,2,60.0,0,N,MELB_URBAN,ROAD,3,18.0
44603,4,2,99,5,2,50.0,0,O,MELB_URBAN,UNKNOWN,3,6.0