,accident_type,day_of_week,dca_code,road_geometry,light_condition,speed_zone,severity,node_type,deg_urban_name,road_type,month,hour
44604,1,3,163,5,1,60.0,0,N,MELB_URBAN,ROAD,3,9.0
44605,1,3,130,2,1,60.0,0,I,MELB_URBAN,ROAD,3,10.0
44606,1,6,160,5,1,50.0,0,N,MELB_URBAN,DRIVE,2,12.0
44607,1,7,130,1,1,60.0,0,I,MELB_URBAN,STREET,2,11.0
44608,3,3,167,2,2,100.0,0,N,RURAL_VICTORIA,ROAD,3,7.0
44609,1,3,147,2,1,60.0,0,I,SMALL_CITIES,STREET,3,11.0
44610,1,6,121,1,1,60.0,0,I,MELB_URBAN,STREET,2,15.0
44611,1,3,99,3,1,40.0,0,I,MELB_URBAN,STREET,3,12.0
44612,1,5,130,2,1,60.0,0,I,MELB_URBAN,STREET,11,10.0
44613,3,7,167,5,1,60.0,0,N,RURAL_VICTORIA,ROAD,1,11.0
44614,1,3,110,1,1,50.0,0,I,MELB_URBAN,STREET,3,10.0
44615,1,3,99,1,1,100.0,0,I,RURAL_VICTORIA,ROAD,3,13.0
44616,1,3,113,2,1,80.0,0,I,MELB_URBAN,HIGHWAY,3,9.0
44617,4,5,171,5,2,80.0,0,N,RURAL_VICTORIA,ROAD,2,7.0
44618,8,1,184,5,1,100.0,0,N,RURAL_VICTORIA,ROAD,3,10.0
44619,1,2,130,5,1,60.0,0,N,MELB_URBAN,STREET,3,8.0
44620,6,2,99,5,1,100.0,0,N,RURAL_VICTORIA,ROAD,2,11.0
44621,1,2,110,1,1,50.0,0,I,LARGE_PROVINCIAL_CITIES,STREET,3,10.0
44622,6,2,99,5,1,100.0,0,N,RURAL_VICTORIA,ROAD,1,16.0
44623,8,3,99,2,1,80.0,0,N,RURAL_VICTORIA,ROAD,3,14.0
44624,1,1,130,1,3,30.0,0,I,MELB_URBAN,AVENUE,3,2.0
44625,8,2,99,5,1,100.0,0,N,RURAL_VICTORIA,ROAD,3,14.0
44626,1,3,133,1,2,50.0,0,I,MELB_URBAN,STREET,3,7.0
44627,1,2,130,1,1,60.0,0,I,MELB_URBAN,ROAD,3,7.0
44628,1,3,111,1,1,60.0,0,I,MELB_URBAN,STREET,3,11.0
44629,1,3,132,2,1,60.0,0,I,MELB_URBAN,STREET,3,16.0
44630,1,6,121,1,3,70.0,0,I,MELB_URBAN,ROAD,2,20.0
44631,1,3,113,2,2,60.0,0,I,MELB_URBAN,ROAD,3,17.0
44632,2,3,99,5,1,60.0,0,N,SMALL_CITIES,STREET,3,15.0
44633,1,2,110,1,1,60.0,0,I,SMALL_CITIES,ROAD,3,16.0
44634,1,3,160,5,1,60.0,0,N,MELB_URBAN,STREET,3,15.0
44635,2,3,102,5,1,60.0,0,N,MELB_URBAN,ROAD,3,16.0
44636,1,3,121,2,2,60.0,0,I,MELB_URBAN,OTHER,3,19.0
44637,1,3,163,2,1,40.0,0,N,MELB_URBAN,STREET,3,16.0
44638,1,2,140,2,1,60.0,0,I,SMALL_CITIES,STREET,3,16.0
44639,1,3,134,2,2,80.0,0,N,MELB_URBAN,HIGHWAY,3,7.0
44640,1,3,130,2,3,60.0,0,I,LARGE_PROVINCIAL_CITIES,STREET,3,20.0
44641,1,3,132,2,1,100.0,0,I,RURAL_VICTORIA,HIGHWAY,3,19.0
44642,1,0,130,5,1,80.0,0,N,MELB_URBAN,FREEWAY,2,13.0
44643,1,3,110,1,2,60.0,0,I,SMALL_CITIES,STREET,3,19.0
44644,1,2,110,1,2,110.0,0,N,RURAL_VICTORIA,FREEWAY,3,17.0
44645,1,2,99,3,3,60.0,0,I,MELBOURNE_CBD,PARADE,3,20.0
44646,1,3,110,1,1,70.0,0,I,LARGE_PROVINCIAL_CITIES,ROAD,3,16.0
44647,4,3,99,2,3,60.0,0,I,MELB_URBAN,ROAD,3,21.0
44648,1,2,110,1,2,60.0,0,I,TOWNS,ROAD,3,19.0
44649,9,3,99,5,2,50.0,0,N,LARGE_PROVINCIAL_CITIES,STREET,3,19.0
44650,1,3,121,2,3,60.0,0,I,MELB_URBAN,ROAD,3,21.0
44651,1,6,130,5,1,60.0,0,N,MELB_URBAN,ROAD,2,17.0
44652,1,1,121,1,2,80.0,0,I,MELB_URBAN,ROAD,3,19.0
44653,8,3,170,5,3,100.0,0,N,RURAL_VICTORIA,ROAD,3,3.0
44654,1,3,99,1,5,60.0,0,I,MELB_URBAN,ROAD,3,6.0
44655,6,2,170,5,1,100.0,0,N,RURAL_VICTORIA,HIGHWAY,3,15.0
44656,1,1,120,2,1,80.0,0,I,MELB_URBAN,HIGHWAY,2,14.0
44657,1,3,121,2,2,70.0,0,I,MELB_URBAN,ROAD,3,19.0
44658,1,5,130,4,1,60.0,0,I,MELB_URBAN,ROAD,5,8.0
44659,1,2,130,5,2,60.0,0,N,MELB_URBAN,ROAD,3,7.0
44660,1,4,120,5,2,100.0,0,N,RURAL_VICTORIA,ROAD,3,7.0
44661,1,4,121,1,1,60.0,0,I,MELB_URBAN,ROAD,3,8.0
44662,1,4,116,2,1,60.0,0,I,MELB_URBAN,ROAD,3,10.0
44663,1,2,130,1,1,60.0,0,I,SMALL_CITIES,STREET,3,16.0
44664,1,4,147,5,1,40.0,0,N,MELB_URBAN,ROAD,3,8.0
44665,1,4,147,5,1,50.0,0,N,MELB_URBAN,STREET,3,10.0
44666,4,3,173,5,1,100.0,0,N,RURAL_VICTORIA,HIGHWAY,3,9.0
44667,2,4,100,5,1,40.0,0,N,MELB_URBAN,STREET,3,10.0
44668,2,4,102,1,1,60.0,0,I,MELB_URBAN,OTHER,3,12.0
44669,1,1,130,5,1,70.0,0,N,MELB_URBAN,ROAD,2,15.0
44670,1,4,147,5,1,60.0,0,N,MELB_URBAN,ROAD,3,11.0
44671,4,4,171,5,1,60.0,0,N,RURAL_VICTORIA,ROAD,3,8.0
44672,8,3,174,2,9,60.0,0,I,MELB_URBAN,ROAD,2,20.0
44673,1,4,160,5,1,100.0,0,I,MELB_URBAN,ROAD,3,10.0
44674,3,4,167,5,5,100.0,0,N,RURAL_VICTORIA,ROAD,3,0.0
44675,1,3,110,1,2,60.0,0,I,MELB_URBAN,ROAD,3,17.0
44676,4,3,181,5,1,100.0,0,N,RURAL_VICTORIA,HIGHWAY,3,13.0
44677,2,4,100,4,1,60.0,0,I,MELB_URBAN,STREET,3,9.0
44678,1,4,130,5,2,60.0,0,N,MELB_URBAN,OTHER,3,5.0
44679,1,1,130,1,2,80.0,0,I,MELB_URBAN,ROAD,3,6.0
44680,1,4,130,1,1,40.0,0,I,MELB_URBAN,STREET,3,14.0
44681,1,1,121,1,1,60.0,0,I,MELB_URBAN,STREET,1,14.0
44682,1,3,130,1,1,60.0,0,I,LARGE_PROVINCIAL_CITIES,STREET,3,8.0
44683,8,3,174,5,2,40.0,0,N,MELB_URBAN,ROAD,11,5.0
44684,1,4,99,5,1,40.0,0,N,MELB_URBAN,STREET,3,16.0
44685,1,4,135,5,1,100.0,0,N,MELB_URBAN,FREEWAY,3,16.0
44686,1,4,160,5,1,50.0,0,N,MELB_URBAN,STREET,3,16.0
44687,1,4,120,5,1,100.0,0,N,RURAL_VICTORIA,ROAD,3,16.0
44688,1,4,121,1,1,60.0,0,I,SMALL_CITIES,STREET,3,15.0
44689,4,4,183,5,2,70.0,0,N,RURAL_VICTORIA,ROAD,3,18.0
44690,1,3,130,1,1,80.0,0,I,MELB_URBAN,HIGHWAY,3,15.0
44691,1,4,130,5,2,100.0,0,N,MELB_URBAN,UNKNOWN,3,17.0
44692,1,3,130,1,1,50.0,0,I,LARGE_PROVINCIAL_CITIES,STREET,3,14.0
44693,1,3,147,2,2,60.0,0,N,TOWNS,STREET,3,19.0
44694,1,4,130,2,2,60.0,0,I,MELB_URBAN,ROAD,3,17.0
44695,1,4,130,1,2,60.0,0,I,MELB_URBAN,HIGHWAY,3,18.0
44696,4,4,173,5,2,80.0,0,N,MELB_URBAN,ROAD,3,20.0
44697,2,4,100,4,3,50.0,0,I,MELB_URBAN,STREET,3,21.0
44698,1,3,130,2,1,60.0,0,I,MELB_URBAN,ROAD,3,16.0
44699,1,3,113,2,3,60.0,0,I,MELB_URBAN,ROAD,3,20.0
44700,1,3,110,1,2,40.0,0,I,MELB_URBAN,ROAD,3,17.0
44701,1,4,99,4,2,40.0,0,I,MELB_URBAN,DRIVE,3,17.0
44702,6,3,174,5,3,70.0,0,N,MELB_URBAN,ROAD,3,20.0
44703,4,5,183,5,5,110.0,0,N,RURAL_VICTORIA,FREEWAY,3,1.0
44704,1,4,99,4,2,80.0,0,N,MELB_URBAN,ROAD,3,6.0
44705,1,5,110,1,2,60.0,0,I,LARGE_PROVINCIAL_CITIES,STREET,3,7.0
44706,1,3,163,5,9,60.0,0,N,MELB_URBAN,ROAD,3,17.0
44707,1,5,99,4,2,60.0,0,I,MELB_URBAN,ROAD,3,7.0
44708,1,5,147,5,1,60.0,0,N,MELB_URBAN,ROAD,3,8.0
44709,1,4,120,5,2,80.0,0,N,RURAL_VICTORIA,AVENUE,3,20.0
44710,1,4,99,1,2,60.0,0,I,MELB_URBAN,STREET,3,17.0
44711,1,4,113,2,2,80.0,0,I,MELB_URBAN,HIGHWAY,3,18.0
44712,1,5,121,5,2,80.0,0,N,MELB_URBAN,ROAD,3,7.0
44713,1,3,110,4,1,50.0,0,I,SMALL_CITIES,OTHER,3,14.0
44714,1,7,110,1,3,60.0,0,I,MELB_URBAN,ROAD,2,21.0
44715,1,5,133,5,2,60.0,0,N,MELB_URBAN,AVENUE,3,7.0
44716,1,5,130,5,1,70.0,0,N,MELB_URBAN,STREET,3,9.0
44717,4,5,99,5,1,100.0,0,N,RURAL_VICTORIA,HIGHWAY,3,10.0
44718,1,5,111,1,1,60.0,0,I,LARGE_PROVINCIAL_CITIES,STREET,2,15.0
44719,8,5,174,5,2,100.0,0,N,MELB_URBAN,UNKNOWN,3,7.0
44720,4,5,171,5,1,60.0,0,N,MELB_URBAN,ROAD,3,10.0
44721,1,5,99,2,1,30.0,0,N,MELB_URBAN,STREET,2,13.0
44722,1,5,147,5,2,50.0,0,N,MELB_URBAN,STREET,3,7.0
44723,4,5,183,5,1,100.0,0,N,RURAL_VICTORIA,ROAD,3,11.0
44724,1,5,130,1,9,60.0,0,I,MELB_URBAN,ROAD,3,12.0
44725,1,5,130,5,1,100.0,0,N,MELB_URBAN,FREEWAY,2,15.0
44726,1,5,121,4,1,50.0,0,I,MELB_URBAN,STREET,3,12.0
44727,1,4,113,2,2,80.0,0,I,MELB_URBAN,HIGHWAY,3,18.0
44728,1,5,130,5,1,100.0,0,N,MELB_URBAN,FREEWAY,3,9.0
44729,1,5,121,1,1,70.0,0,I,LARGE_PROVINCIAL_CITIES,ROAD,3,11.0
44730,1,4,99,5,3,100.0,0,N,MELB_URBAN,FREEWAY,3,21.0
44731,1,5,130,3,1,80.0,0,N,MELB_URBAN,ROAD,3,8.0
44732,2,5,99,5,1,50.0,1,N,MELB_URBAN,ROAD,3,11.0
44733,1,3,130,2,1,60.0,0,I,LARGE_PROVINCIAL_CITIES,ROAD,3,14.0
44734,4,5,171,5,1,60.0,0,N,MELB_URBAN,ROAD,3,14.0
44735,4,5,181,5,1,100.0,0,N,RURAL_VICTORIA,ROAD,3,9.0
44736,1,2,121,1,1,60.0,0,I,MELB_URBAN,ROAD,11,13.0
44737,1,3,130,5,2,70.0,0,N,MELB_URBAN,STREET,3,18.0
44738,1,4,134,5,1,80.0,0,N,MELB_URBAN,HIGHWAY,3,13.0
44739,1,4,120,5,5,100.0,0,N,RURAL_VICTORIA,HIGHWAY,3,21.0
44740,1,3,99,2,1,60.0,0,I,MELB_URBAN,PARADE,3,15.0
44741,1,5,121,2,1,40.0,0,I,MELB_URBAN,STREET,3,16.0
44742,1,5,163,5,1,60.0,0,N,MELB_URBAN,STREET,3,16.0
44743,1,4,130,1,1,50.0,0,I,TOWNS,HIGHWAY,2,6.0
44744,1,4,140,5,1,60.0,0,N,LARGE_PROVINCIAL_CITIES,STREET,12,17.0
44745,1,4,110,1,1,60.0,0,I,MELB_URBAN,STREET,3,16.0
44746,1,5,140,2,2,70.0,0,I,MELB_URBAN,ROAD,3,18.0
44747,1,5,130,1,2,80.0,0,N,MELB_URBAN,HIGHWAY,3,18.0
44748,1,5,99,1,2,60.0,0,I,MELB_URBAN,ROAD,2,7.0
44749,1,5,163,5,9,60.0,0,N,MELB_URBAN,STREET,1,8.0
44750,2,5,99,5,1,40.0,0,N,MELB_URBAN,ROAD,3,16.0
44751,1,5,130,1,9,50.0,0,I,LARGE_PROVINCIAL_CITIES,STREET,10,17.0
44752,1,5,110,1,1,50.0,0,I,MELB_URBAN,AVENUE,3,13.0
44753,1,5,120,5,1,80.0,0,N,RURAL_VICTORIA,HIGHWAY,3,16.0
44754,6,5,170,1,3,80.0,0,I,TOWNS,HIGHWAY,3,20.0
44755,1,5,147,5,2,70.0,0,N,MELB_URBAN,ROAD,3,18.0
44756,1,5,99,5,3,60.0,0,N,MELB_URBAN,STREET,3,20.0
44757,4,5,181,5,5,100.0,0,N,RURAL_VICTORIA,HIGHWAY,3,21.0
44758,4,5,171,5,5,80.0,0,N,RURAL_VICTORIA,ROAD,3,23.0
44759,1,4,110,1,3,80.0,0,I,MELB_URBAN,ROAD,3,23.0
44760,1,6,130,1,3,60.0,0,I,MELB_URBAN,ROAD,3,4.0
44761,1,5,121,1,1,60.0,0,I,MELB_URBAN,ROAD,3,13.0
44762,8,0,174,5,1,60.0,0,N,MELB_URBAN,ROAD,3,11.0
44763,1,6,130,1,2,50.0,0,I,MELB_URBAN,ROAD,3,7.0
44764,2,6,100,1,1,60.0,0,I,MELB_URBAN,STREET,3,8.0
44765,1,5,130,5,1,60.0,0,N,MELB_URBAN,ROAD,3,15.0
44766,1,7,132,2,1,60.0,0,I,MELB_URBAN,ROAD,2,18.0
44767,1,5,110,1,1,50.0,0,I,MELB_URBAN,STREET,4,8.0
44768,2,5,100,5,1,60.0,0,N,MELB_URBAN,UNKNOWN,3,8.0
44769,1,6,110,1,1,60.0,0,I,MELB_URBAN,ROAD,3,8.0
44770,1,7,140,4,3,60.0,0,I,MELB_URBAN,ROAD,2,22.0
44771,4,5,171,5,1,100.0,0,N,RURAL_VICTORIA,ROAD,3,9.0
44772,4,6,181,5,1,80.0,0,N,RURAL_VICTORIA,HIGHWAY,3,11.0
44773,1,3,132,5,1,60.0,0,N,RURAL_VICTORIA,ROAD,3,11.0
44774,8,5,174,1,2,70.0,0,I,MELB_URBAN,ROAD,3,17.0
44775,6,6,99,5,1,80.0,0,N,RURAL_VICTORIA,ROAD,3,10.0
44776,4,4,171,5,5,80.0,0,N,SMALL_TOWNS,ROAD,2,0.0
44777,1,6,130,4,1,60.0,0,I,MELB_URBAN,STREET,3,8.0
44778,7,1,99,5,3,60.0,0,N,MELB_URBAN,STREET,11,3.0
44779,1,6,121,2,6,60.0,0,I,MELB_URBAN,ROAD,3,6.0
44780,1,6,120,5,1,100.0,0,N,RURAL_VICTORIA,ROAD,3,9.0
44781,4,6,171,5,5,80.0,0,N,RURAL_VICTORIA,ROAD,3,3.0
44782,2,5,100,1,1,50.0,0,I,MELB_URBAN,STREET,2,11.0
44783,2,6,99,5,1,50.0,0,N,MELB_URBAN,STREET,3,11.0
44784,6,6,170,5,1,100.0,0,N,RURAL_VICTORIA,HIGHWAY,3,12.0
44785,1,5,121,1,2,60.0,0,I,MELB_URBAN,ROAD,3,7.0
44786,1,4,130,5,1,70.0,0,N,MELB_URBAN,ROAD,11,12.0
44787,1,5,110,1,1,50.0,0,I,MELB_URBAN,STREET,3,15.0
44788,4,6,171,2,1,100.0,0,I,RURAL_VICTORIA,ROAD,3,11.0
44789,4,6,183,5,1,80.0,0,N,MELB_URBAN,UNKNOWN,3,14.0
44790,1,5,110,1,1,50.0,0,I,TOWNS,STREET,3,15.0
44791,3,1,167,5,5,100.0,0,N,RURAL_VICTORIA,ROAD,1,22.0
44792,1,5,130,5,1,60.0,0,I,MELB_URBAN,STREET,3,15.0
44793,2,5,100,2,2,60.0,0,I,MELB_URBAN,ROAD,3,18.0
44794,1,5,99,2,1,40.0,0,I,MELB_URBAN,STREET,2,17.0
44795,1,6,120,5,1,60.0,0,N,RURAL_VICTORIA,ROAD,3,16.0
44796,1,6,121,1,3,50.0,0,I,MELB_URBAN,STREET,3,17.0
44797,4,2,171,5,1,60.0,0,N,MELB_URBAN,ROAD,3,12.0
44798,1,6,130,5,1,60.0,0,N,MELB_URBAN,FREEWAY,1,14.0
44799,1,3,130,2,1,60.0,0,I,MELB_URBAN,ROAD,1,18.0
44800,2,6,99,5,2,110.0,0,N,MELB_URBAN,OTHER,3,17.0
44801,1,6,110,1,2,60.0,0,I,MELB_URBAN,STREET,3,17.0
44802,4,6,181,5,1,100.0,0,N,RURAL_VICTORIA,ROAD,3,15.0
44803,1,6,113,2,2,60.0,0,I,MELB_URBAN,ROAD,3,17.0
44804,4,6,181,5,1,60.0,0,N,MELB_URBAN,DRIVE,3,16.0
44805,1,3,133,5,1,80.0,0,N,MELB_URBAN,ROAD,2,13.0
44806,1,2,135,5,1,100.0,0,N,MELB_URBAN,ROAD,2,13.0
44807,1,6,130,5,1,60.0,0,N,MELB_URBAN,STREET,3,16.0
44808,1,6,130,1,2,60.0,0,I,MELB_URBAN,HIGHWAY,3,19.0
44809,1,6,110,1,3,50.0,0,I,LARGE_PROVINCIAL_CITIES,AVENUE,3,19.0
44810,1,5,130,5,1,50.0,0,N,MELB_URBAN,STREET,3,18.0
44811,1,5,110,1,3,80.0,0,N,MELB_URBAN,HIGHWAY,3,19.0
44812,1,6,121,1,3,50.0,0,I,MELB_URBAN,STREET,3,21.0
44813,4,6,171,5,3,50.0,0,N,MELB_URBAN,STREET,3,19.0
44814,1,6,140,1,3,60.0,0,N,MELB_URBAN,STREET,3,23.0
44815,4,7,171,5,3,50.0,0,N,LARGE_PROVINCIAL_CITIES,STREET,3,1.0
44816,1,6,130,1,1,80.0,0,I,MELB_URBAN,ROAD,2,9.0
44817,4,7,173,2,3,60.0,0,I,SMALL_CITIES,HIGHWAY,3,2.0
44818,1,1,130,2,1,70.0,0,I,MELB_URBAN,ROAD,2,7.0
44819,4,7,173,5,5,80.0,1,N,RURAL_VICTORIA,ROAD,3,4.0
44820,2,7,99,5,5,110.0,1,N,TOWNS,FREEWAY,3,3.0
44821,1,7,130,5,1,60.0,0,N,MELB_URBAN,OTHER,3,8.0
44822,8,6,174,5,9,60.0,0,N,SMALL_TOWNS,OTHER,2,11.0
44823,6,7,99,5,5,100.0,0,N,RURAL_VICTORIA,FREEWAY,2,23.0
44824,1,6,120,5,1,100.0,0,N,RURAL_VICTORIA,HIGHWAY,3,16.0
44825,8,7,174,5,1,80.0,0,N,RURAL_VICTORIA,ROAD,3,9.0
44826,4,7,181,5,1,60.0,0,N,MELB_URBAN,ROAD,3,8.0
44827,1,3,147,5,2,60.0,0,N,MELB_URBAN,AVENUE,3,17.0
44828,1,7,130,1,2,70.0,0,I,MELB_URBAN,ROAD,3,7.0
44829,1,7,99,5,1,60.0,0,N,MELB_URBAN,ROAD,3,7.0
44830,1,6,99,1,1,60.0,0,I,MELB_URBAN,ROAD,3,9.0
44831,1,7,183,5,1,50.0,0,N,MELB_URBAN,OTHER,3,13.0
44832,1,7,133,5,1,50.0,0,N,MELB_URBAN,STREET,3,13.0
44833,3,6,167,5,1,100.0,0,N,RURAL_VICTORIA,HIGHWAY,3,11.0
44834,4,6,183,2,5,100.0,0,I,RURAL_VICTORIA,ROAD,3,20.0
44835,1,7,133,5,1,60.0,0,N,MELB_URBAN,ROAD,3,15.0
44836,1,1,130,5,2,70.0,0,N,MELB_URBAN,ROAD,2,6.0
44837,8,7,170,5,1,50.0,0,N,MELB_URBAN,STREET,3,8.0
44838,1,5,99,1,2,60.0,0,N,MELB_URBAN,ROAD,3,7.0
44839,4,7,183,5,1,100.0,0,N,RURAL_VICTORIA,ROAD,3,12.0
44840,4,7,171,5,1,60.0,0,N,MELB_URBAN,HIGHWAY,3,15.0
44841,1,7,121,2,1,60.0,0,I,MELB_URBAN,ROAD,3,16.0
44842,1,7,130,5,2,70.0,0,N,LARGE_PROVINCIAL_CITIES,HIGHWAY,3,17.0
44843,8,7,174,5,1,40.0,0,N,MELBOURNE_CBD,STREET,3,11.0
44844,4,6,173,5,2,80.0,0,N,MELB_URBAN,OTHER,3,17.0
44845,2,7,102,2,1,50.0,0,I,MELB_URBAN,STREET,3,15.0
44846,8,7,99,2,2,100.0,0,I,RURAL_VICTORIA,ROAD,3,17.0
44847,1,7,130,5,1,50.0,0,N,MELB_URBAN,STREET,3,15.0
44848,4,7,173,5,2,110.0,0,N,RURAL_VICTORIA,FREEWAY,3,19.0
44849,1,7,130,5,3,70.0,0,N,MELB_URBAN,ROAD,3,21.0
44850,6,6,174,5,3,50.0,0,N,MELB_URBAN,UNKNOWN,3,20.0
44851,1,7,113,1,3,60.0,0,I,MELB_URBAN,STREET,3,23.0
44852,2,7,99,4,3,60.0,0,N,MELB_URBAN,ROAD,3,23.0
44853,1,7,120,5,1,80.0,1,N,RURAL_VICTORIA,ROAD,3,12.0
44854,4,1,173,2,3,70.0,0,I,MELB_URBAN,ROAD,3,0.0
44855,4,1,183,5,3,50.0,0,N,MELB_URBAN,STREET,3,2.0
44856,1,1,130,2,3,50.0,0,I,MELB_URBAN,STREET,3,0.0
44857,6,0,99,2,5,50.0,0,I,MELB_URBAN,AVENUE,3,1.0
44858,4,7,173,5,5,60.0,0,N,RURAL_VICTORIA,ROAD,3,23.0
44859,1,0,130,5,1,80.0,0,N,RURAL_VICTORIA,HIGHWAY,3,9.0
44860,4,1,181,5,1,100.0,0,N,RURAL_VICTORIA,ROAD,3,10.0
44861,6,1,99,5,1,100.0,0,N,RURAL_VICTORIA,ROAD,3,8.0
44862,1,7,130,5,1,70.0,0,N,RURAL_VICTORIA,HIGHWAY,1,13.0
44863,1,6,130,4,2,60.0,0,I,MELB_URBAN,RAMP,3,7.0
44864,1,1,99,2,1,40.0,0,N,MELB_URBAN,STREET,3,12.0
44865,1,5,163,5,9,40.0,0,N,MELB_URBAN,STREET,2,12.0
44866,1,0,99,5,1,50.0,0,N,SMALL_CITIES,STREET,3,11.0
44867,1,1,99,5,1,60.0,0,N,MELB_URBAN,ROAD,3,11.0
44868,1,1,130,5,1,80.0,0,N,TOWNS,HIGHWAY,3,11.0
44869,6,1,174,5,1,100.0,0,N,RURAL_VICTORIA,ROAD,3,12.0
44870,1,1,99,5,1,60.0,0,N,MELB_URBAN,AVENUE,3,14.0
44871,1,2,130,4,2,60.0,0,I,MELB_URBAN,RAMP,3,18.0
44872,4,1,171,5,4,80.0,0,N,MELB_URBAN,HIGHWAY,3,3.0
44873,1,1,121,5,1,60.0,0,N,MELB_URBAN,ROAD,3,13.0
44874,1,7,121,5,1,60.0,0,N,MELB_URBAN,ROAD,3,15.0
44875,1,1,121,2,2,60.0,0,I,TOWNS,ROAD,3,17.0
44876,1,5,110,1,1,50.0,0,I,MELB_URBAN,STREET,3,15.0
44877,1,0,160,5,1,60.0,0,N,LARGE_PROVINCIAL_CITIES,STREET,3,13.0
44878,4,1,183,5,2,100.0,1,N,RURAL_VICTORIA,ROAD,3,18.0
44879,1,5,130,5,2,70.0,0,I,LARGE_PROVINCIAL_CITIES,ROAD,2,6.0
44880,4,1,183,5,5,60.0,0,N,RURAL_VICTORIA,ROAD,3,23.0
44881,4,2,173,5,3,80.0,0,N,MELB_URBAN,ROAD,3,6.0
44882,1,6,113,2,2,60.0,0,I,MELB_URBAN,ROAD,3,17.0
44883,1,1,160,5,1,70.0,0,N,MELB_URBAN,ROAD,3,13.0
44884,1,4,130,5,3,100.0,0,N,MELB_URBAN,FREEWAY,8,18.0
44885,1,1,130,1,1,70.0,0,I,RURAL_VICTORIA,ROAD,3,14.0
44886,1,1,130,2,1,80.0,0,N,MELB_URBAN,HIGHWAY,3,8.0
44887,4,6,171,5,1,80.0,0,N,RURAL_VICTORIA,ROAD,2,9.0
44888,4,1,183,2,1,100.0,0,I,RURAL_VICTORIA,ROAD,3,14.0
44889,2,6,100,1,3,50.0,0,I,MELBOURNE_CBD,STREET,3,22.0
44890,1,2,113,2,1,60.0,0,I,MELB_URBAN,ROAD,3,12.0
44891,4,1,173,5,1,100.0,0,N,RURAL_VICTORIA,ROAD,3,17.0
44892,1,0,130,1,1,80.0,0,N,MELB_URBAN,ROAD,3,18.0
44893,1,7,99,1,1,60.0,0,I,SMALL_CITIES,STREET,3,15.0
44894,1,1,130,5,1,70.0,0,N,MELB_URBAN,ROAD,3,15.0
44895,4,2,173,2,9,60.0,0,I,MELB_URBAN,ROAD,2,7.0
44896,4,2,183,5,1,100.0,1,N,RURAL_VICTORIA,HIGHWAY,3,14.0
44897,8,2,174,2,1,50.0,0,I,MELB_URBAN,STREET,3,14.0
44898,1,2,121,2,1,60.0,0,I,MELB_URBAN,STREET,3,11.0
44899,1,2,130,5,2,100.0,0,N,MELB_URBAN,FREEWAY,3,7.0
44900,8,2,184,5,1,50.0,0,N,RURAL_VICTORIA,ROAD,3,12.0
44901,1,1,130,2,1,60.0,0,I,MELB_URBAN,ROAD,3,16.0
44902,6,7,99,5,1,60.0,0,N,RURAL_VICTORIA,ROAD,3,12.0
44903,1,6,110,1,3,70.0,0,I,MELB_URBAN,ROAD,3,21.0
44904,4,2,171,5,2,60.0,0,N,MELB_URBAN,ROAD,3,17.0
44905,1,6,113,1,2,40.0,0,I,MELB_URBAN,ROAD,1,20.0
44906,4,2,171,5,1,100.0,0,N,MELB_URBAN,FREEWAY,12,16.0
44907,1,2,163,5,1,60.0,0,N,MELB_URBAN,STREET,3,12.0
44908,1,2,147,2,3,70.0,0,I,MELB_URBAN,HIGHWAY,3,19.0
44909,4,2,171,7,2,100.0,0,N,RURAL_VICTORIA,ROAD,3,17.0
44910,1,2,120,5,2,100.0,0,N,RURAL_VICTORIA,HIGHWAY,3,18.0
44911,4,2,173,5,5,80.0,0,N,RURAL_VICTORIA,ROAD,3,21.0
44912,5,1,99,5,2,70.0,0,N,MELB_URBAN,ROAD,3,19.0
44913,1,2,130,2,3,60.0,0,I,MELB_URBAN,ROAD,3,22.0
44914,1,0,120,5,3,60.0,0,N,MELB_URBAN,AVENUE,1,6.0
44915,1,3,160,5,1,50.0,0,N,MELB_URBAN,ROAD,3,9.0
44916,1,6,130,5,1,50.0,0,N,MELB_URBAN,STREET,2,9.0
44917,1,3,121,1,1,70.0,0,N,MELB_URBAN,STREET,3,9.0
44918,1,3,160,5,3,60.0,0,N,MELB_URBAN,ROAD,3,6.0
44919,1,6,130,5,1,80.0,0,N,MELB_URBAN,ROAD,2,15.0
44920,1,5,130,5,1,100.0,0,N,MELB_URBAN,FREEWAY,3,16.0
44921,1,3,135,5,1,60.0,0,N,MELB_URBAN,ROAD,3,8.0
44922,1,5,163,5,9,60.0,0,N,MELB_URBAN,STREET,2,21.0
44923,1,1,130,5,2,60.0,0,I,MELB_URBAN,PARADE,1,19.0
44924,1,2,99,2,2,80.0,0,I,MELB_URBAN,HIGHWAY,3,18.0
44925,1,3,110,1,1,60.0,0,I,MELB_URBAN,ROAD,3,9.0
44926,1,3,110,1,1,60.0,0,I,SMALL_CITIES,STREET,3,13.0
44927,2,3,99,5,1,50.0,0,N,LARGE_PROVINCIAL_CITIES,STREET,3,11.0
44928,1,2,113,1,1,60.0,0,I,MELB_URBAN,ROAD,2,7.0
44929,1,3,121,2,1,100.0,0,I,RURAL_VICTORIA,HIGHWAY,3,8.0
44930,1,7,133,1,2,60.0,0,I,MELB_URBAN,STREET,3,17.0
44931,1,2,130,6,1,50.0,0,N,LARGE_PROVINCIAL_CITIES,OTHER,3,12.0
44932,1,3,132,2,1,60.0,0,N,MELB_URBAN,ROAD,2,9.0
44933,8,3,99,5,1,60.0,0,N,RURAL_VICTORIA,UNKNOWN,3,13.0
44934,1,3,130,5,1,60.0,0,N,MELB_URBAN,ROAD,2,16.0