,accident_type,day_of_week,dca_code,road_geometry,light_condition,speed_zone,severity,node_type,deg_urban_name,road_type,month,hour
44935,8,0,184,5,1,60.0,0,N,RURAL_VICTORIA,ROAD,3,11.0
44936,1,3,130,5,1,70.0,0,N,LARGE_PROVINCIAL_CITIES,OTHER,3,12.0
44937,4,3,181,5,1,50.0,0,N,MELB_URBAN,DRIVE,3,14.0
44938,1,7,113,2,3,60.0,0,I,MELB_URBAN,ROAD,1,23.0
44939,1,3,99,5,1,70.0,0,N,LARGE_PROVINCIAL_CITIES,OTHER,3,14.0
44940,1,3,110,1,1,60.0,0,I,LARGE_PROVINCIAL_CITIES,OTHER,3,12.0
44941,1,3,121,2,1,70.0,0,I,MELB_URBAN,ROAD,3,15.0
44942,1,2,130,5,1,80.0,0,N,MELB_URBAN,FREEWAY,3,16.0
44943,1,3,110,1,1,50.0,0,I,MELB_URBAN,STREET,3,16.0
44944,1,3,120,5,1,50.0,0,N,LARGE_PROVINCIAL_CITIES,STREET,3,14.0
44945,1,3,130,5,1,100.0,0,N,MELB_URBAN,FREEWAY,3,15.0
44946,1,3,130,5,1,60.0,0,N,MELB_URBAN,ROAD,3,15.0
44947,1,3,147,5,1,40.0,0,N,MELB_URBAN,STREET,3,15.0
44948,1,3,113,2,1,80.0,0,I,MELB_URBAN,ROAD,3,8.0
44949,1,5,130,5,1,60.0,0,N,MELB_URBAN,OTHER,2,10.0
44950,1,3,113,2,2,60.0,0,I,MELB_URBAN,AVENUE,3,19.0
44951,1,2,99,2,2,50.0,0,I,MELB_URBAN,ROAD,3,18.0
44952,4,3,171,5,5,100.0,0,N,RURAL_VICTORIA,ROAD,3,20.0
44953,1,3,130,1,1,50.0,0,I,MELB_URBAN,ROAD,3,15.0
44954,1,5,147,5,2,50.0,0,N,MELB_URBAN,UNKNOWN,2,20.0
44955,1,3,99,5,5,100.0,0,N,RURAL_VICTORIA,ROAD,3,21.0
44956,8,1,170,5,1,60.0,0,N,MELB_URBAN,STREET,2,18.0
44957,2,3,99,1,3,60.0,0,I,MELB_URBAN,STREET,3,23.0
44958,1,4,121,1,3,80.0,0,N,MELB_URBAN,HIGHWAY,3,0.0
44959,6,4,99,5,3,60.0,0,N,TOWNS,HIGHWAY,3,0.0
44960,1,1,130,1,9,60.0,0,I,MELB_URBAN,OTHER,3,15.0
44961,1,4,121,1,2,60.0,0,I,MELB_URBAN,HIGHWAY,3,6.0
44962,1,7,130,1,9,70.0,0,N,MELB_URBAN,ROAD,12,19.0
44963,6,7,174,5,1,60.0,0,N,RURAL_VICTORIA,OTHER,2,11.0
44964,8,3,184,5,1,100.0,0,N,RURAL_VICTORIA,ROAD,3,16.0
44965,1,4,147,5,1,60.0,0,N,MELB_URBAN,ROAD,3,8.0
44966,8,4,174,2,2,60.0,0,I,MELB_URBAN,ROAD,3,6.0
44967,1,3,121,2,2,60.0,0,I,MELB_URBAN,PARADE,3,17.0
44968,1,3,110,1,1,60.0,0,I,SMALL_CITIES,STREET,3,9.0
44969,2,4,102,5,1,50.0,0,N,MELB_URBAN,ROAD,3,8.0
44970,1,0,130,2,1,60.0,0,I,MELB_URBAN,ROAD,3,13.0
44971,1,4,160,5,3,60.0,0,N,MELB_URBAN,ROAD,3,6.0
44972,1,3,121,2,5,60.0,0,I,MELB_URBAN,BOULEVARD,3,18.0
44973,8,2,174,5,1,60.0,0,N,RURAL_VICTORIA,ROAD,3,11.0
44974,5,1,99,5,1,60.0,0,N,RURAL_VICTORIA,ROAD,3,14.0
44975,1,4,121,1,1,60.0,0,I,MELB_URBAN,OTHER,3,10.0
44976,6,3,99,5,5,80.0,0,N,MELB_URBAN,ROAD,3,22.0
44977,1,4,147,5,1,50.0,0,N,SMALL_CITIES,STREET,3,10.0
44978,4,2,171,5,2,100.0,0,N,RURAL_VICTORIA,HIGHWAY,3,18.0
44979,1,3,121,2,1,60.0,0,I,MELB_URBAN,ROAD,3,11.0
44980,1,4,132,5,1,60.0,0,I,MELB_URBAN,ROAD,3,10.0
44981,1,4,130,5,1,80.0,0,N,MELB_URBAN,HIGHWAY,3,9.0
44982,8,6,184,5,1,100.0,0,N,RURAL_VICTORIA,HIGHWAY,3,9.0
44983,8,6,174,2,1,60.0,0,N,RURAL_VICTORIA,ROAD,3,11.0
44984,1,4,135,5,1,110.0,0,N,RURAL_VICTORIA,FREEWAY,3,12.0
44985,1,4,140,1,1,80.0,0,I,MELB_URBAN,ROAD,3,9.0
44986,1,2,130,5,1,100.0,0,N,MELB_URBAN,FREEWAY,2,16.0
44987,8,1,99,5,1,60.0,0,N,MELB_URBAN,STREET,2,14.0
44988,2,1,99,5,1,60.0,0,N,MELB_URBAN,ROAD,3,8.0
44989,2,4,102,2,2,50.0,1,I,SMALL_CITIES,STREET,3,7.0
44990,4,4,171,5,1,60.0,0,N,MELB_URBAN,ROAD,3,13.0
44991,1,3,110,1,1,40.0,0,I,TOWNS,STREET,3,8.0
44992,1,7,130,1,1,50.0,0,I,MELBOURNE_CBD,STREET,2,17.0
44993,1,0,121,2,1,70.0,0,I,MELB_URBAN,STREET,1,15.0
44994,6,4,99,5,1,100.0,0,N,RURAL_VICTORIA,ROAD,3,11.0
44995,2,3,100,2,2,50.0,0,I,MELB_URBAN,STREET,3,19.0
44996,2,4,102,2,1,60.0,0,N,MELB_URBAN,OTHER,3,13.0
44997,1,2,130,5,1,100.0,0,N,MELB_URBAN,FREEWAY,3,7.0
44998,1,4,110,1,1,80.0,0,I,MELB_URBAN,HIGHWAY,3,11.0
44999,1,4,121,1,1,70.0,1,I,MELB_URBAN,ROAD,3,11.0
45000,1,4,140,5,1,70.0,0,N,SMALL_CITIES,ROAD,3,13.0
45001,1,2,121,2,2,60.0,0,I,MELB_URBAN,STREET,1,19.0
45002,2,4,100,2,1,60.0,0,N,MELB_URBAN,ROAD,2,10.0
45003,8,6,184,5,1,60.0,0,N,MELB_URBAN,DRIVE,3,13.0
45004,4,4,173,5,1,100.0,0,N,RURAL_VICTORIA,ROAD,3,16.0
45005,2,5,100,5,1,50.0,0,N,MELB_URBAN,ROAD,2,17.0
45006,1,4,130,5,1,90.0,0,N,MELB_URBAN,ROAD,3,15.0
45007,4,4,171,5,1,70.0,0,N,RURAL_VICTORIA,ROAD,3,16.0
45008,2,4,99,2,2,40.0,0,I,MELB_URBAN,STREET,3,17.0
45009,1,4,140,2,1,70.0,0,I,MELB_URBAN,ROAD,3,16.0
45010,2,3,100,1,1,60.0,0,I,MELB_URBAN,STREET,3,15.0
45011,1,4,121,2,2,80.0,0,I,MELB_URBAN,ROAD,3,17.0
45012,1,5,99,2,9,60.0,0,I,MELB_URBAN,DRIVE,2,17.0
45013,2,4,99,4,2,50.0,0,N,MELB_URBAN,STREET,3,17.0
45014,1,3,121,2,1,60.0,0,I,TOWNS,ROAD,3,16.0
45015,1,4,121,1,3,60.0,0,I,MELB_URBAN,HIGHWAY,3,20.0
45016,1,3,121,2,1,70.0,0,I,MELB_URBAN,ROAD,3,17.0
45017,4,4,99,2,5,60.0,0,I,RURAL_VICTORIA,ROAD,3,23.0
45018,1,5,121,1,3,60.0,0,I,MELB_URBAN,STREET,3,5.0
45019,1,3,99,2,1,50.0,0,I,RURAL_VICTORIA,AVENUE,2,8.0
45020,8,6,184,2,1,60.0,0,O,RURAL_VICTORIA,UNKNOWN,3,15.0
45021,1,5,110,1,3,60.0,0,I,LARGE_PROVINCIAL_CITIES,STREET,3,6.0
45022,1,4,110,1,3,60.0,0,I,LARGE_PROVINCIAL_CITIES,STREET,3,7.0
45023,1,5,133,5,2,100.0,0,N,RURAL_VICTORIA,ROAD,3,6.0
45024,1,6,130,1,2,60.0,0,I,MELB_URBAN,ROAD,3,18.0
45025,1,4,113,2,2,80.0,0,I,MELB_URBAN,ROAD,2,19.0
45026,4,5,173,5,2,90.0,0,N,RURAL_VICTORIA,HIGHWAY,3,7.0
45027,8,1,184,2,5,50.0,0,N,MELB_URBAN,AVENUE,3,21.0
45028,6,5,99,5,1,100.0,0,N,RURAL_VICTORIA,ROAD,3,10.0
45029,1,2,116,1,2,60.0,0,I,LARGE_PROVINCIAL_CITIES,STREET,3,7.0
45030,1,5,147,5,1,50.0,0,N,TOWNS,STREET,3,10.0
45031,1,3,120,2,2,50.0,0,I,SMALL_CITIES,STREET,3,19.0
45032,1,4,130,2,1,60.0,0,I,MELB_URBAN,ROAD,2,17.0
45033,2,5,100,5,1,70.0,1,N,MELB_URBAN,HIGHWAY,3,9.0
45034,6,3,99,2,1,50.0,0,I,MELB_URBAN,ROAD,3,16.0
45035,1,5,130,1,9,60.0,0,I,MELB_URBAN,ROAD,3,7.0
45036,1,5,99,5,1,60.0,0,N,MELB_URBAN,STREET,3,9.0
45037,1,7,99,2,9,60.0,0,N,MELB_URBAN,AVENUE,11,14.0
45038,1,3,130,1,2,60.0,0,I,MELB_URBAN,ROAD,3,7.0
45039,1,5,99,2,1,40.0,0,I,MELB_URBAN,OTHER,3,9.0
45040,5,1,99,5,1,60.0,0,N,RURAL_VICTORIA,ROAD,3,14.0
45041,1,4,121,1,1,80.0,0,I,MELB_URBAN,ROAD,3,13.0
45042,1,5,163,5,1,40.0,0,N,MELBOURNE_CBD,STREET,3,12.0
45043,1,4,99,2,2,60.0,0,N,MELB_URBAN,STREET,3,7.0
45044,8,2,174,5,2,80.0,0,N,RURAL_VICTORIA,ROAD,3,19.0
45045,1,5,132,5,1,40.0,0,N,LARGE_PROVINCIAL_CITIES,HIGHWAY,3,10.0
45046,8,1,174,5,1,60.0,0,N,RURAL_VICTORIA,ROAD,3,11.0
45047,4,5,173,5,1,100.0,0,N,RURAL_VICTORIA,HIGHWAY,3,13.0
45048,1,5,99,5,1,50.0,0,N,MELB_URBAN,STREET,3,16.0
45049,2,5,99,2,1,40.0,0,I,MELB_URBAN,STREET,3,16.0
45050,8,4,174,5,1,60.0,0,N,RURAL_VICTORIA,ROAD,3,14.0
45051,1,5,135,5,1,60.0,0,N,MELB_URBAN,ROAD,3,9.0
45052,1,5,130,5,2,80.0,0,N,RURAL_VICTORIA,HIGHWAY,3,17.0
45053,1,5,130,5,1,80.0,0,N,MELB_URBAN,STREET,3,16.0
45054,2,5,100,2,2,60.0,0,I,MELB_URBAN,ROAD,3,17.0
45055,1,4,110,1,1,60.0,0,I,MELB_URBAN,DRIVE,3,15.0
45056,1,5,130,5,2,100.0,0,N,MELB_URBAN,ROAD,3,18.0
45057,8,7,99,5,1,60.0,0,N,SMALL_CITIES,ROAD,2,8.0
45058,1,5,160,5,2,60.0,0,N,MELB_URBAN,ROAD,3,17.0
45059,1,5,130,2,2,60.0,0,I,MELB_URBAN,ROAD,3,19.0
45060,1,5,130,5,3,70.0,0,N,MELB_URBAN,ROAD,3,19.0
45061,1,5,130,5,2,110.0,0,N,RURAL_VICTORIA,FREEWAY,3,19.0
45062,2,5,100,2,2,50.0,0,I,MELB_URBAN,ROAD,3,19.0
45063,1,5,121,4,2,80.0,0,I,MELB_URBAN,HIGHWAY,3,19.0
45064,1,5,121,1,3,50.0,0,I,MELB_URBAN,STREET,3,21.0
45065,1,2,110,1,1,60.0,0,I,MELB_URBAN,STREET,3,11.0
45066,1,5,132,2,1,80.0,0,I,RURAL_VICTORIA,ROAD,3,15.0
45067,7,5,99,5,3,50.0,0,N,MELB_URBAN,AVENUE,3,21.0
45068,8,6,184,1,3,60.0,0,I,MELB_URBAN,ROAD,3,2.0
45069,1,4,163,5,1,50.0,0,N,MELB_URBAN,STREET,3,13.0
45070,1,3,110,1,1,100.0,0,I,RURAL_VICTORIA,ROAD,3,10.0
45071,1,1,160,2,3,50.0,0,N,MELB_URBAN,DRIVE,11,3.0
45072,6,6,99,2,1,100.0,0,I,RURAL_VICTORIA,HIGHWAY,3,11.0
45073,1,1,130,1,2,60.0,0,I,MELB_URBAN,STREET,3,18.0
45074,2,5,99,5,1,50.0,0,N,TOWNS,ROAD,3,16.0
45075,1,4,110,1,3,60.0,0,I,MELB_URBAN,STREET,2,23.0
45076,1,5,130,1,1,80.0,0,I,SMALL_TOWNS,HIGHWAY,3,15.0
45077,1,5,121,1,1,60.0,0,I,LARGE_PROVINCIAL_CITIES,ROAD,3,8.0
45078,8,7,174,1,3,60.0,0,I,LARGE_PROVINCIAL_CITIES,STREET,2,22.0
45079,4,6,171,5,1,100.0,1,N,RURAL_VICTORIA,HIGHWAY,3,9.0
45080,7,4,99,1,1,60.0,0,N,MELB_URBAN,ROAD,3,14.0
45081,1,6,113,2,1,100.0,0,I,RURAL_VICTORIA,OTHER,3,10.0
45082,4,6,171,2,1,50.0,0,I,MELB_URBAN,STREET,3,12.0
45083,1,6,99,5,1,60.0,0,N,MELB_URBAN,STREET,3,12.0
45084,8,5,174,2,1,60.0,0,I,MELB_URBAN,STREET,3,14.0
45085,1,2,163,5,1,60.0,0,N,MELB_URBAN,ROAD,3,15.0
45086,8,6,174,5,1,40.0,0,N,MELB_URBAN,STREET,1,14.0
45087,4,4,171,5,2,60.0,0,N,MELB_URBAN,ROAD,3,17.0
45088,4,6,171,5,1,60.0,0,N,MELB_URBAN,STREET,3,13.0
45089,8,6,170,5,1,100.0,0,N,RURAL_VICTORIA,HIGHWAY,3,12.0
45090,1,6,113,2,1,80.0,0,I,MELB_URBAN,ROAD,3,14.0
45091,1,6,99,5,1,100.0,0,N,RURAL_VICTORIA,ROAD,3,12.0
45092,1,6,140,5,1,60.0,0,N,TOWNS,STREET,3,16.0
45093,1,6,130,1,1,70.0,0,I,MELB_URBAN,ROAD,3,14.0
45094,4,6,173,5,1,100.0,1,N,RURAL_VICTORIA,ROAD,3,14.0
45095,1,6,160,5,1,50.0,0,N,LARGE_PROVINCIAL_CITIES,AVENUE,3,16.0
45096,1,4,134,5,1,100.0,0,I,MELB_URBAN,UNKNOWN,3,8.0
45097,4,6,173,5,2,110.0,0,N,RURAL_VICTORIA,FREEWAY,3,17.0
45098,1,6,99,1,2,60.0,0,I,MELB_URBAN,STREET,3,17.0
45099,1,6,130,1,2,80.0,0,I,MELB_URBAN,HIGHWAY,3,17.0
45100,1,5,163,5,2,40.0,0,N,MELB_URBAN,ROAD,3,18.0
45101,1,2,121,1,1,60.0,0,N,MELB_URBAN,HIGHWAY,2,15.0
45102,4,6,171,5,1,100.0,0,N,RURAL_VICTORIA,HIGHWAY,3,15.0
45103,1,6,116,2,2,60.0,0,I,LARGE_PROVINCIAL_CITIES,STREET,3,19.0
45104,1,6,120,5,2,80.0,0,N,RURAL_VICTORIA,ROAD,3,17.0
45105,1,6,110,1,3,70.0,0,I,MELB_URBAN,ROAD,3,20.0
45106,1,5,121,4,3,60.0,0,I,SMALL_CITIES,RAMP,3,22.0
45107,6,6,174,5,3,60.0,0,N,MELB_URBAN,ROAD,3,20.0
45108,8,4,174,2,2,40.0,0,I,MELB_URBAN,ROAD,3,7.0
45109,2,7,100,5,1,60.0,0,N,LARGE_PROVINCIAL_CITIES,OTHER,3,9.0
45110,1,7,116,1,1,60.0,0,I,RURAL_VICTORIA,HIGHWAY,3,9.0
45111,1,7,110,1,1,50.0,0,I,MELB_URBAN,OTHER,3,8.0
45112,1,6,99,5,1,50.0,0,N,MELB_URBAN,AVENUE,3,14.0
45113,1,7,121,2,1,60.0,0,I,MELB_URBAN,ROAD,3,9.0
45114,4,1,183,5,9,60.0,0,N,RURAL_VICTORIA,ROAD,10,13.0
45115,1,1,130,5,1,80.0,0,N,RURAL_VICTORIA,ROAD,3,16.0
45116,1,7,130,5,1,80.0,0,I,MELB_URBAN,FREEWAY,3,10.0
45117,1,6,130,3,1,100.0,0,N,MELB_URBAN,FREEWAY,3,18.0
45118,1,6,130,5,2,110.0,0,N,RURAL_VICTORIA,FREEWAY,3,19.0
45119,1,4,130,2,1,80.0,0,I,MELB_URBAN,STREET,2,14.0
45120,1,7,130,1,1,70.0,0,I,MELB_URBAN,ROAD,3,12.0
45121,4,7,171,5,1,80.0,0,N,SMALL_TOWNS,ROAD,3,13.0
45122,2,7,100,2,1,60.0,0,I,MELB_URBAN,ROAD,3,14.0
45123,1,7,130,5,1,60.0,0,N,MELB_URBAN,ROAD,3,12.0
45124,1,7,121,1,1,60.0,0,I,MELB_URBAN,STREET,3,11.0
45125,3,4,167,5,2,100.0,0,N,RURAL_VICTORIA,ROAD,2,5.0
45126,1,6,110,1,1,50.0,0,I,SMALL_CITIES,STREET,3,15.0
45127,2,7,99,5,1,50.0,0,N,MELB_URBAN,STREET,3,14.0
45128,8,7,99,5,1,60.0,0,N,LARGE_PROVINCIAL_CITIES,ROAD,3,8.0
45129,6,6,170,5,2,100.0,0,N,RURAL_VICTORIA,ROAD,3,18.0
45130,4,6,171,2,2,50.0,0,I,MELB_URBAN,DRIVE,3,17.0
45131,4,7,171,5,1,50.0,0,N,MELB_URBAN,ROAD,3,11.0
45132,1,7,99,1,1,50.0,0,I,MELB_URBAN,STREET,3,14.0
45133,4,7,181,5,1,100.0,0,N,RURAL_VICTORIA,ROAD,3,15.0
45134,2,7,99,5,3,50.0,0,N,MELB_URBAN,STREET,3,19.0
45135,1,7,110,1,2,50.0,0,I,TOWNS,STREET,3,19.0
45136,1,7,110,1,2,50.0,0,I,MELB_URBAN,STREET,3,19.0
45137,1,7,130,2,3,60.0,0,I,MELB_URBAN,PARADE,3,21.0
45138,1,7,110,4,2,60.0,0,N,MELB_URBAN,ROAD,3,18.0
45139,1,7,121,2,3,60.0,0,I,SMALL_CITIES,STREET,3,22.0
45140,1,7,99,5,3,60.0,0,N,MELB_URBAN,ROAD,3,23.0
45141,1,7,110,1,3,60.0,0,I,LARGE_PROVINCIAL_CITIES,ROAD,3,23.0
45142,2,1,102,1,3,50.0,0,I,MELB_URBAN,ROAD,3,0.0
45143,8,7,174,5,3,60.0,0,N,MELB_URBAN,ROAD,3,22.0
45144,1,1,120,5,3,70.0,0,N,MELB_URBAN,ROAD,3,2.0
45145,1,1,160,5,3,60.0,0,N,RURAL_VICTORIA,ROAD,3,1.0
45146,6,7,99,5,5,80.0,0,N,SMALL_TOWNS,ROAD,3,20.0
45147,1,2,130,5,1,60.0,0,N,MELB_URBAN,STREET,3,15.0
45148,4,1,173,5,5,100.0,0,N,RURAL_VICTORIA,ROAD,3,3.0
45149,3,1,167,5,1,70.0,0,N,MELB_URBAN,ROAD,3,8.0
45150,1,1,110,1,2,50.0,0,I,LARGE_PROVINCIAL_CITIES,STREET,3,7.0
45151,1,7,113,2,1,70.0,0,N,MELB_URBAN,ROAD,3,8.0
45152,8,1,174,5,1,60.0,0,N,MELB_URBAN,ROAD,3,8.0
45153,1,1,111,1,1,60.0,0,I,MELB_URBAN,ROAD,3,9.0
45154,8,7,170,5,1,100.0,0,N,RURAL_VICTORIA,ROAD,3,13.0
45155,1,1,110,1,1,50.0,0,I,MELB_URBAN,ROAD,3,10.0
45156,8,1,184,2,1,80.0,0,I,RURAL_VICTORIA,ROAD,3,11.0
45157,4,1,173,5,1,100.0,0,N,RURAL_VICTORIA,ROAD,3,10.0
45158,1,1,121,1,1,40.0,0,I,MELB_URBAN,STREET,3,12.0
45159,1,1,113,2,1,60.0,0,I,RURAL_VICTORIA,ROAD,3,13.0
45160,4,1,171,5,9,50.0,0,N,TOWNS,STREET,3,8.0
45161,1,6,130,2,1,60.0,0,I,MELB_URBAN,ROAD,3,12.0
45162,1,6,130,1,1,60.0,0,I,LARGE_PROVINCIAL_CITIES,STREET,3,8.0
45163,6,6,170,5,5,100.0,0,N,RURAL_VICTORIA,HIGHWAY,3,0.0
45164,1,7,120,5,5,100.0,0,N,RURAL_VICTORIA,ROAD,3,21.0
45165,1,1,132,2,1,60.0,0,I,MELB_URBAN,ROAD,3,14.0
45166,4,1,171,5,1,100.0,0,N,RURAL_VICTORIA,ROAD,3,13.0
45167,1,0,110,1,1,60.0,0,I,RURAL_VICTORIA,ROAD,3,15.0
45168,1,0,134,5,1,100.0,0,N,MELB_URBAN,ROAD,3,15.0
45169,1,0,130,1,1,100.0,0,I,RURAL_VICTORIA,ROAD,3,15.0
45170,4,1,181,5,1,100.0,0,N,RURAL_VICTORIA,ROAD,3,16.0
45171,1,0,130,5,1,60.0,0,N,MELB_URBAN,STREET,3,17.0
45172,6,1,99,5,2,100.0,0,N,SMALL_CITIES,ROAD,3,18.0
45173,1,1,113,2,2,80.0,0,I,MELB_URBAN,ROAD,3,17.0
45174,1,1,120,5,1,60.0,0,N,MELB_URBAN,ROAD,3,13.0
45175,1,1,121,2,3,70.0,0,I,MELB_URBAN,ROAD,3,20.0
45176,1,1,132,5,2,60.0,0,N,MELB_URBAN,ROAD,3,17.0
45177,1,1,99,5,1,70.0,0,N,RURAL_VICTORIA,HIGHWAY,3,16.0
45178,1,0,99,5,1,60.0,0,N,MELB_URBAN,STREET,3,12.0
45179,1,6,121,5,1,60.0,0,I,MELB_URBAN,ROAD,3,15.0
45180,4,1,171,5,3,60.0,0,N,MELB_URBAN,ROAD,3,5.0
45181,1,1,134,5,1,70.0,0,N,MELB_URBAN,ROAD,3,16.0
45182,2,1,100,2,1,60.0,0,I,MELB_URBAN,ROAD,3,13.0
45183,1,2,132,2,2,60.0,0,I,MELB_URBAN,ROAD,3,7.0
45184,6,2,174,1,1,60.0,0,I,MELB_URBAN,STREET,3,9.0
45185,5,3,99,5,1,80.0,0,N,MELB_URBAN,ROAD,3,10.0
45186,1,2,99,1,1,50.0,0,I,MELB_URBAN,ROAD,3,8.0
45187,1,1,133,2,1,40.0,0,I,MELB_URBAN,STREET,3,10.0
45188,1,1,116,2,2,100.0,0,I,RURAL_VICTORIA,ROAD,3,17.0
45189,1,3,130,5,2,60.0,0,N,MELB_URBAN,ROAD,10,17.0
45190,5,1,99,5,1,100.0,0,N,RURAL_VICTORIA,ROAD,3,8.0
45191,8,6,174,1,1,50.0,0,I,MELB_URBAN,ROAD,3,9.0
45192,8,2,184,5,1,60.0,0,N,RURAL_VICTORIA,ROAD,3,12.0
45193,1,1,110,1,1,60.0,0,I,MELB_URBAN,ROAD,3,13.0
45194,6,3,170,5,3,60.0,0,N,MELB_URBAN,ROAD,2,22.0
45195,1,2,110,4,1,60.0,0,I,MELB_URBAN,STREET,3,8.0
45196,8,1,174,5,1,50.0,0,N,RURAL_VICTORIA,OTHER,1,11.0
45197,1,3,147,5,1,50.0,0,I,MELB_URBAN,ROAD,7,13.0
45198,1,6,133,5,6,50.0,0,N,MELB_URBAN,STREET,3,6.0
45199,4,1,173,5,1,100.0,0,N,RURAL_VICTORIA,ROAD,3,14.0
45200,1,1,134,5,1,110.0,0,N,MELB_URBAN,FREEWAY,3,10.0
45201,4,6,183,2,2,60.0,0,N,MELB_URBAN,ROAD,3,5.0
45202,1,2,121,1,2,70.0,0,I,SMALL_CITIES,PARADE,3,7.0
45203,1,4,110,4,1,80.0,0,I,MELB_URBAN,RAMP,2,10.0
45204,2,2,99,2,1,60.0,0,I,MELB_URBAN,ROAD,3,11.0
45205,4,2,173,5,1,60.0,0,N,LARGE_PROVINCIAL_CITIES,ROAD,3,13.0
45206,1,2,99,5,1,60.0,0,N,MELB_URBAN,ROAD,3,10.0
45207,1,2,111,2,1,70.0,0,N,MELB_URBAN,HIGHWAY,3,8.0
45208,1,2,130,1,1,60.0,0,I,MELB_URBAN,UNKNOWN,3,13.0
45209,1,1,113,4,1,60.0,0,N,MELB_URBAN,RAMP,3,15.0
45210,1,1,121,2,2,60.0,0,I,MELB_URBAN,ROAD,3,18.0
45211,1,7,121,1,3,70.0,0,I,LARGE_PROVINCIAL_CITIES,ROAD,3,22.0
45212,1,7,120,5,1,60.0,0,N,RURAL_VICTORIA,ROAD,3,13.0
45213,1,2,121,2,1,100.0,0,I,RURAL_VICTORIA,ROAD,3,16.0
45214,5,7,99,5,1,100.0,0,N,RURAL_VICTORIA,ROAD,2,18.0
45215,1,2,121,1,2,60.0,0,I,MELB_URBAN,ROAD,3,17.0
45216,1,2,113,2,1,50.0,0,I,MELB_URBAN,OTHER,3,16.0
45217,8,2,99,5,2,80.0,0,N,RURAL_VICTORIA,PARADE,3,17.0
45218,8,6,184,5,1,60.0,0,N,RURAL_VICTORIA,ROAD,3,11.0
45219,1,2,110,1,2,100.0,0,I,RURAL_VICTORIA,ROAD,3,17.0
45220,1,2,130,5,2,70.0,0,I,LARGE_PROVINCIAL_CITIES,STREET,3,18.0
45221,1,2,147,5,1,50.0,0,N,LARGE_PROVINCIAL_CITIES,STREET,3,8.0
45222,1,5,130,1,1,70.0,0,I,LARGE_PROVINCIAL_CITIES,ROAD,2,17.0
45223,1,2,130,4,9,60.0,0,N,MELB_URBAN,RAMP,3,2.0
45224,1,1,121,5,1,80.0,0,N,RURAL_VICTORIA,ROAD,3,8.0
45225,1,2,113,2,4,100.0,0,I,RURAL_VICTORIA,OTHER,3,23.0
45226,4,3,173,5,5,100.0,0,N,RURAL_VICTORIA,FREEWAY,3,1.0
45227,2,3,100,2,3,80.0,0,I,MELB_URBAN,ROAD,3,2.0
45228,1,7,116,2,6,60.0,0,I,MELB_URBAN,STREET,3,20.0
45229,1,6,130,5,1,60.0,0,N,MELB_URBAN,OTHER,2,8.0
45230,4,6,173,5,5,100.0,0,N,RURAL_VICTORIA,ROAD,2,5.0
45231,1,3,130,5,3,60.0,0,N,MELB_URBAN,HIGHWAY,3,6.0
45232,1,3,132,2,2,60.0,0,N,MELB_URBAN,ROAD,3,7.0
45233,1,3,99,4,2,80.0,0,I,MELB_URBAN,ROAD,3,7.0
45234,1,3,130,5,2,80.0,0,N,RURAL_VICTORIA,ROAD,3,7.0
45235,1,2,99,5,3,50.0,0,N,MELB_URBAN,OTHER,3,19.0
45236,1,3,147,5,1,50.0,0,N,MELB_URBAN,ROAD,3,8.0
45237,1,1,140,2,3,80.0,0,I,MELB_URBAN,ROAD,3,20.0
45238,8,5,174,5,9,60.0,0,N,MELB_URBAN,STREET,3,18.0
45239,1,3,110,1,1,60.0,0,I,SMALL_CITIES,STREET,3,9.0
45240,1,5,130,2,1,60.0,0,I,MELB_URBAN,HIGHWAY,2,9.0
45241,1,3,113,1,2,40.0,0,I,MELB_URBAN,STREET,3,7.0
45242,1,3,132,2,3,60.0,0,I,MELB_URBAN,ROAD,3,21.0
45243,1,3,130,5,1,70.0,0,N,MELB_URBAN,ROAD,3,8.0
45244,1,6,140,2,3,70.0,0,I,MELB_URBAN,STREET,3,23.0
45245,6,6,174,1,3,60.0,0,I,MELB_URBAN,ROAD,3,21.0
45246,8,1,99,5,1,60.0,0,N,RURAL_VICTORIA,HIGHWAY,3,12.0
45247,1,3,121,1,1,80.0,0,I,MELB_URBAN,ROAD,3,10.0
45248,1,3,140,5,1,70.0,0,I,MELB_URBAN,ROAD,3,9.0
45249,1,3,99,1,1,60.0,0,I,MELB_URBAN,ROAD,3,9.0
45250,1,3,121,4,3,60.0,0,I,MELB_URBAN,AVENUE,3,5.0
45251,1,3,132,2,1,60.0,0,I,MELB_URBAN,ROAD,3,11.0
45252,2,3,100,2,2,60.0,0,I,LARGE_PROVINCIAL_CITIES,ROAD,3,7.0
45253,1,5,99,1,1,60.0,0,I,MELB_URBAN,ROAD,3,9.0
45254,1,3,160,5,1,60.0,0,N,MELB_URBAN,ROAD,3,12.0
45255,1,6,113,2,2,60.0,0,I,TOWNS,HIGHWAY,3,17.0
45256,1,3,134,1,1,80.0,0,I,MELB_URBAN,ROAD,3,13.0
45257,1,3,99,5,1,100.0,0,N,MELB_URBAN,FREEWAY,3,11.0
45258,8,2,99,2,1,60.0,0,I,MELB_URBAN,STREET,3,8.0
45259,7,2,99,2,1,50.0,0,I,RURAL_VICTORIA,STREET,3,11.0
45260,1,3,99,5,1,40.0,0,N,MELB_URBAN,AVENUE,3,15.0
45261,4,3,171,5,1,50.0,0,N,MELB_URBAN,OTHER,3,14.0
45262,1,2,121,2,1,60.0,0,I,MELB_URBAN,ROAD,3,10.0
45263,1,1,130,5,1,60.0,0,N,MELB_URBAN,ROAD,7,9.0
45264,6,3,99,5,1,100.0,0,N,RURAL_VICTORIA,HIGHWAY,3,13.0
45265,1,3,132,2,2,50.0,0,I,LARGE_PROVINCIAL_CITIES,ROAD,3,17.0