,accident_type,day_of_week,dca_code,road_geometry,light_condition,speed_zone,severity,node_type,deg_urban_name,road_type,month,hour
45266,4,3,171,5,1,100.0,0,N,RURAL_VICTORIA,HIGHWAY,3,15.0
45267,1,6,110,1,2,50.0,0,I,MELB_URBAN,STREET,3,17.0
45268,1,3,130,2,1,60.0,0,I,SMALL_CITIES,STREET,3,14.0
45269,4,3,173,2,2,60.0,0,N,MELB_URBAN,ROAD,3,17.0
45270,1,3,113,2,2,40.0,0,I,MELB_URBAN,STREET,3,17.0
45271,6,4,174,5,2,50.0,0,N,MELB_URBAN,OTHER,3,7.0
45272,1,2,130,5,1,100.0,0,N,MELB_URBAN,FREEWAY,3,17.0
45273,8,4,99,5,2,100.0,0,N,RURAL_VICTORIA,ROAD,3,17.0
45274,8,1,184,5,1,60.0,0,N,RURAL_VICTORIA,ROAD,3,13.0
45275,1,3,113,1,3,60.0,0,I,MELB_URBAN,OTHER,3,19.0
45276,2,3,99,1,1,50.0,0,I,SMALL_CITIES,STREET,3,11.0
45277,8,5,170,5,1,80.0,0,N,RURAL_VICTORIA,ROAD,1,16.0
45278,1,3,130,1,3,50.0,0,I,MELB_URBAN,ROAD,3,20.0
45279,2,3,100,2,3,70.0,1,I,MELB_URBAN,ROAD,3,20.0
45280,1,2,130,2,2,70.0,0,I,LARGE_PROVINCIAL_CITIES,STREET,3,17.0
45281,1,6,163,5,6,60.0,0,N,MELB_URBAN,ROAD,3,6.0
45282,4,2,171,5,3,60.0,0,N,MELB_URBAN,ROAD,3,23.0
45283,4,5,171,5,5,100.0,0,N,RURAL_VICTORIA,ROAD,3,21.0
45284,8,7,184,5,1,60.0,0,N,RURAL_VICTORIA,ROAD,3,10.0
45285,1,6,147,5,3,70.0,0,I,MELB_URBAN,ROAD,10,21.0
45286,1,5,130,1,1,60.0,0,I,MELB_URBAN,ROAD,6,10.0
45287,1,1,130,4,1,60.0,0,I,MELB_URBAN,RAMP,3,14.0
45288,1,4,135,5,1,100.0,0,N,MELB_URBAN,ROAD,3,8.0
45289,1,4,132,5,1,50.0,0,N,TOWNS,STREET,3,8.0
45290,1,2,132,1,1,60.0,0,I,MELB_URBAN,STREET,2,15.0
45291,1,2,130,1,2,60.0,0,I,LARGE_PROVINCIAL_CITIES,AVENUE,3,17.0
45292,8,2,174,5,1,40.0,0,N,MELBOURNE_CBD,STREET,3,9.0
45293,8,3,174,2,1,60.0,0,I,MELB_URBAN,STREET,3,13.0
45294,1,3,110,4,1,60.0,0,I,TOWNS,ROAD,3,8.0
45295,1,4,99,2,1,60.0,0,I,MELB_URBAN,ROAD,3,8.0
45296,4,3,171,2,1,60.0,0,N,MELB_URBAN,ROAD,3,12.0
45297,1,4,130,5,1,60.0,0,N,MELB_URBAN,STREET,3,9.0
45298,4,3,99,5,1,50.0,0,N,RURAL_VICTORIA,OTHER,1,10.0
45299,1,4,160,5,1,80.0,0,N,MELB_URBAN,UNKNOWN,3,9.0
45300,1,6,130,2,9,60.0,0,N,MELB_URBAN,STREET,11,16.0
45301,2,3,100,5,1,60.0,0,N,MELB_URBAN,ROAD,3,11.0
45302,1,3,130,5,1,100.0,0,N,MELB_URBAN,RAMP,3,9.0
45303,8,6,174,5,1,90.0,0,N,RURAL_VICTORIA,ROAD,3,14.0
45304,1,4,135,5,1,80.0,0,N,MELB_URBAN,FREEWAY,3,10.0
45305,1,4,132,2,1,80.0,0,I,RURAL_VICTORIA,ROAD,3,11.0
45306,1,4,147,5,9,60.0,0,N,MELB_URBAN,ROAD,2,18.0
45307,7,4,99,1,1,80.0,0,I,MELB_URBAN,HIGHWAY,3,13.0
45308,8,6,184,5,1,80.0,0,N,RURAL_VICTORIA,ROAD,3,12.0
45309,1,4,133,5,1,100.0,0,N,MELB_URBAN,FREEWAY,3,8.0
45310,1,4,130,5,1,50.0,0,N,MELB_URBAN,STREET,3,13.0
45311,1,1,121,2,1,60.0,0,I,LARGE_PROVINCIAL_CITIES,STREET,3,14.0
45312,4,7,171,5,1,60.0,0,N,RURAL_VICTORIA,ROAD,3,11.0
45313,4,4,173,5,1,80.0,0,N,RURAL_VICTORIA,ROAD,3,14.0
45314,1,4,130,5,1,80.0,0,N,RURAL_VICTORIA,ROAD,3,16.0
45315,1,4,140,2,1,80.0,0,I,MELB_URBAN,ROAD,3,16.0
45316,1,4,163,5,1,60.0,0,N,MELB_URBAN,STREET,3,16.0
45317,1,1,121,1,1,60.0,0,I,MELB_URBAN,STREET,2,8.0
45318,1,4,113,2,2,60.0,0,I,MELB_URBAN,ROAD,3,17.0
45319,1,3,121,2,2,40.0,0,I,MELB_URBAN,STREET,3,18.0
45320,1,2,130,5,1,60.0,0,N,MELB_URBAN,ROAD,3,16.0
45321,1,4,113,2,2,70.0,0,I,MELB_URBAN,ROAD,3,17.0
45322,1,4,120,5,1,60.0,0,N,MELB_URBAN,ROAD,3,16.0
45323,1,4,171,1,2,60.0,0,I,MELB_URBAN,ROAD,3,19.0
45324,8,0,99,5,1,60.0,0,N,SMALL_TOWNS,ROAD,3,16.0
45325,8,4,99,4,3,60.0,0,I,MELB_URBAN,STREET,3,21.0
45326,1,4,135,5,3,100.0,0,N,MELB_URBAN,FREEWAY,3,22.0
45327,1,4,121,2,3,60.0,0,I,MELB_URBAN,ROAD,3,22.0
45328,1,3,99,2,9,50.0,0,I,MELB_URBAN,STREET,2,18.0
45329,4,5,173,2,3,80.0,0,I,MELB_URBAN,ROAD,3,1.0
45330,1,5,130,5,5,40.0,0,N,MELB_URBAN,RAMP,3,2.0
45331,4,4,173,1,3,70.0,0,I,LARGE_PROVINCIAL_CITIES,HIGHWAY,3,23.0
45332,1,4,111,1,3,60.0,0,I,MELB_URBAN,STREET,3,5.0
45333,1,4,110,1,3,60.0,0,I,MELB_URBAN,ROAD,3,0.0
45334,1,5,110,1,3,50.0,0,I,MELB_URBAN,STREET,3,6.0
45335,1,3,113,4,3,60.0,0,I,MELB_URBAN,RAMP,3,21.0
45336,1,7,130,5,1,50.0,0,N,MELB_URBAN,STREET,2,8.0
45337,1,5,99,1,1,70.0,0,I,MELB_URBAN,ROAD,2,13.0
45338,1,5,121,5,2,80.0,0,I,MELB_URBAN,ROAD,3,7.0
45339,1,3,130,1,1,70.0,0,I,LARGE_PROVINCIAL_CITIES,ROAD,2,8.0
45340,1,1,130,1,1,70.0,0,I,MELB_URBAN,ROAD,3,14.0
45341,2,5,100,2,1,60.0,0,N,MELB_URBAN,ROAD,3,9.0
45342,1,4,130,1,1,80.0,0,I,MELB_URBAN,HIGHWAY,3,9.0
45343,4,5,181,5,2,100.0,0,N,RURAL_VICTORIA,ROAD,3,7.0
45344,1,4,140,1,1,60.0,0,I,MELB_URBAN,ROAD,3,9.0
45345,1,4,110,1,1,60.0,0,I,SMALL_CITIES,STREET,3,15.0
45346,1,5,130,2,1,60.0,0,N,MELB_URBAN,ROAD,3,11.0
45347,1,5,130,5,1,80.0,0,N,MELB_URBAN,ROAD,3,10.0
45348,2,5,99,5,1,60.0,0,N,MELB_URBAN,STREET,3,8.0
45349,6,4,170,5,5,50.0,0,N,RURAL_VICTORIA,ROAD,3,20.0
45350,1,2,110,1,1,60.0,0,I,MELB_URBAN,STREET,3,8.0
45351,1,3,111,1,1,100.0,0,I,RURAL_VICTORIA,ROAD,3,14.0
45352,1,5,130,5,1,100.0,0,N,MELB_URBAN,FREEWAY,3,9.0
45353,1,4,99,4,3,50.0,0,I,SMALL_CITIES,OTHER,3,21.0
45354,1,5,133,5,1,80.0,0,N,MELB_URBAN,RAMP,3,8.0
45355,1,4,130,1,1,60.0,0,I,MELB_URBAN,ROAD,3,13.0
45356,8,7,184,5,2,80.0,0,N,RURAL_VICTORIA,ROAD,3,18.0
45357,1,4,130,5,1,100.0,0,N,MELB_URBAN,ROAD,1,7.0
45358,1,4,130,5,1,60.0,0,N,MELB_URBAN,ROAD,12,13.0
45359,1,5,130,5,1,60.0,0,N,MELB_URBAN,ROAD,3,8.0
45360,1,5,130,2,1,70.0,0,N,MELB_URBAN,ROAD,3,12.0
45361,6,2,174,5,1,100.0,0,N,RURAL_VICTORIA,ROAD,1,17.0
45362,1,1,121,2,1,60.0,0,I,MELB_URBAN,ROAD,3,16.0
45363,3,4,167,2,5,100.0,0,I,RURAL_VICTORIA,ROAD,3,23.0
45364,1,4,132,5,1,60.0,0,N,MELB_URBAN,ROAD,3,13.0
45365,1,5,132,1,1,100.0,0,I,RURAL_VICTORIA,ROAD,3,13.0
45366,3,4,167,5,5,80.0,0,N,RURAL_VICTORIA,ROAD,3,21.0
45367,1,4,121,2,3,60.0,0,I,MELB_URBAN,ROAD,3,21.0
45368,1,3,121,2,9,60.0,0,I,MELB_URBAN,STREET,3,17.0
45369,1,5,130,5,1,60.0,0,N,MELB_URBAN,ROAD,3,13.0
45370,2,5,99,5,1,50.0,0,N,MELB_URBAN,PARADE,3,15.0
45371,6,5,99,5,1,100.0,0,N,RURAL_VICTORIA,HIGHWAY,3,11.0
45372,1,6,130,1,1,60.0,0,I,MELB_URBAN,ROAD,2,15.0
45373,1,5,130,5,1,60.0,0,N,MELB_URBAN,ROAD,3,16.0
45374,1,4,130,5,1,60.0,0,N,MELB_URBAN,ROAD,3,15.0
45375,1,4,121,1,1,60.0,0,I,LARGE_PROVINCIAL_CITIES,STREET,3,15.0
45376,1,5,120,5,1,60.0,0,N,MELB_URBAN,DRIVE,3,16.0
45377,1,5,132,1,1,60.0,0,I,LARGE_PROVINCIAL_CITIES,STREET,3,15.0
45378,1,5,130,1,1,60.0,0,I,RURAL_VICTORIA,HIGHWAY,3,16.0
45379,1,5,121,2,1,70.0,0,I,MELB_URBAN,ROAD,3,15.0
45380,4,5,99,5,2,50.0,0,N,MELB_URBAN,STREET,3,17.0
45381,1,5,130,2,1,50.0,0,I,MELB_URBAN,STREET,3,15.0
45382,1,5,140,5,1,50.0,0,N,MELB_URBAN,STREET,3,15.0
45383,6,5,170,5,2,100.0,0,N,RURAL_VICTORIA,HIGHWAY,3,17.0
45384,1,5,130,5,2,80.0,0,N,MELB_URBAN,HIGHWAY,3,18.0
45385,8,2,174,4,2,60.0,0,N,MELB_URBAN,STREET,12,19.0
45386,1,5,135,5,5,100.0,0,N,MELB_URBAN,FREEWAY,3,20.0
45387,1,5,147,5,3,60.0,0,N,LARGE_PROVINCIAL_CITIES,ROAD,3,21.0
45388,4,5,173,5,5,100.0,0,N,RURAL_VICTORIA,ROAD,3,20.0
45389,1,5,113,2,3,50.0,0,I,MELB_URBAN,BOULEVARD,3,22.0
45390,2,4,100,1,3,60.0,0,I,MELB_URBAN,STREET,3,23.0
45391,3,5,167,5,5,80.0,0,N,RURAL_VICTORIA,ROAD,3,6.0
45392,4,6,171,2,3,80.0,0,I,RURAL_VICTORIA,HIGHWAY,3,0.0
45393,1,5,163,5,3,50.0,0,N,MELBOURNE_CBD,STREET,3,23.0
45394,4,6,171,5,3,60.0,0,N,MELB_URBAN,ROAD,3,2.0
45395,1,1,99,2,2,40.0,0,I,MELB_URBAN,STREET,3,17.0
45396,1,6,130,2,1,60.0,0,I,MELB_URBAN,RAMP,3,8.0
45397,1,6,135,2,1,110.0,0,I,RURAL_VICTORIA,FREEWAY,3,8.0
45398,1,4,121,2,1,60.0,0,I,MELB_URBAN,ROAD,3,12.0
45399,1,6,130,5,1,50.0,0,N,RURAL_VICTORIA,OTHER,3,14.0
45400,1,6,99,5,1,60.0,0,N,MELB_URBAN,ROAD,3,9.0
45401,1,5,121,1,1,60.0,0,I,MELB_URBAN,ROAD,3,9.0
45402,1,5,116,2,1,80.0,0,I,RURAL_VICTORIA,ROAD,3,10.0
45403,1,5,130,2,2,70.0,0,I,MELB_URBAN,ROAD,3,17.0
45404,1,6,99,2,1,40.0,0,I,MELB_URBAN,ROAD,3,8.0
45405,1,5,121,2,1,60.0,0,I,MELB_URBAN,ROAD,3,10.0
45406,1,5,113,2,2,80.0,0,I,MELB_URBAN,HIGHWAY,3,7.0
45407,1,6,130,1,1,60.0,0,I,MELB_URBAN,OTHER,3,13.0
45408,8,7,174,5,2,100.0,0,N,RURAL_VICTORIA,HIGHWAY,3,17.0
45409,6,6,99,5,1,50.0,0,N,LARGE_PROVINCIAL_CITIES,DRIVE,3,8.0
45410,1,5,110,1,1,60.0,0,I,MELB_URBAN,STREET,3,11.0
45411,4,1,181,5,2,80.0,0,N,RURAL_VICTORIA,ROAD,2,19.0
45412,1,4,113,2,1,70.0,0,I,MELB_URBAN,ROAD,12,16.0
45413,1,6,121,2,1,60.0,0,I,MELB_URBAN,ROAD,3,9.0
45414,1,5,130,5,1,70.0,0,N,MELB_URBAN,ROAD,2,17.0
45415,1,4,147,5,2,60.0,0,N,MELB_URBAN,OTHER,12,18.0
45416,1,6,121,2,1,60.0,0,I,MELB_URBAN,STREET,3,12.0
45417,1,5,121,1,1,60.0,0,I,MELB_URBAN,RAMP,3,13.0
45418,1,6,113,1,1,60.0,0,I,MELB_URBAN,ROAD,3,13.0
45419,6,1,174,5,1,60.0,0,N,RURAL_VICTORIA,OTHER,3,10.0
45420,1,6,130,2,1,80.0,0,I,MELB_URBAN,HIGHWAY,3,13.0
45421,1,5,121,2,1,60.0,0,I,MELB_URBAN,ROAD,3,11.0
45422,1,5,99,2,1,60.0,0,I,SMALL_CITIES,STREET,3,15.0
45423,1,3,130,5,1,70.0,0,N,MELB_URBAN,ROAD,3,16.0
45424,4,5,171,5,1,40.0,0,N,MELB_URBAN,ROAD,3,14.0
45425,4,2,99,5,6,50.0,0,N,MELB_URBAN,UNKNOWN,3,4.0
45426,1,5,140,5,3,80.0,0,N,RURAL_VICTORIA,HIGHWAY,3,22.0
45427,1,6,121,1,1,80.0,0,N,MELB_URBAN,ROAD,3,9.0
45428,1,4,130,1,1,50.0,0,I,MELB_URBAN,STREET,3,11.0
45429,4,6,173,5,5,110.0,0,N,RURAL_VICTORIA,HIGHWAY,3,4.0
45430,1,6,147,5,9,60.0,0,N,MELB_URBAN,AVENUE,11,8.0
45431,1,6,130,1,2,50.0,0,I,MELB_URBAN,STREET,3,17.0
45432,1,2,163,5,2,60.0,0,N,MELB_URBAN,STREET,3,7.0
45433,1,6,110,1,9,50.0,0,I,LARGE_PROVINCIAL_CITIES,STREET,3,16.0
45434,1,2,130,5,1,60.0,0,N,MELB_URBAN,ROAD,3,8.0
45435,1,6,110,4,2,80.0,0,I,MELB_URBAN,RAMP,3,17.0
45436,6,5,174,5,3,70.0,0,N,MELB_URBAN,HIGHWAY,3,21.0
45437,4,6,183,5,2,100.0,0,N,RURAL_VICTORIA,ROAD,3,17.0
45438,1,6,135,5,1,100.0,0,N,MELB_URBAN,ROAD,3,16.0
45439,1,6,130,1,1,70.0,0,I,MELB_URBAN,ROAD,2,8.0
45440,2,6,100,1,2,60.0,0,I,TOWNS,STREET,3,18.0
45441,1,6,130,5,2,100.0,0,N,MELB_URBAN,UNKNOWN,3,18.0
45442,1,5,121,2,1,50.0,0,I,MELB_URBAN,STREET,3,15.0
45443,1,6,121,2,9,80.0,0,N,MELB_URBAN,DRIVE,3,9.0
45444,4,6,173,5,5,100.0,0,N,RURAL_VICTORIA,ROAD,3,21.0
45445,4,6,173,2,3,50.0,0,I,MELB_URBAN,ROAD,3,23.0
45446,2,7,100,5,3,40.0,0,N,SMALL_CITIES,DRIVE,3,0.0
45447,1,7,121,1,3,70.0,0,I,MELB_URBAN,ROAD,3,2.0
45448,1,2,130,5,2,100.0,0,N,MELB_URBAN,FREEWAY,2,6.0
45449,4,7,99,2,5,100.0,0,I,RURAL_VICTORIA,ROAD,3,0.0
45450,8,7,174,1,3,50.0,0,I,MELB_URBAN,STREET,3,4.0
45451,1,6,121,1,1,60.0,0,I,MELB_URBAN,STREET,3,14.0
45452,1,4,160,5,6,60.0,0,N,MELB_URBAN,DRIVE,3,5.0
45453,8,7,184,5,1,60.0,0,N,RURAL_VICTORIA,ROAD,3,12.0
45454,8,7,99,5,1,60.0,0,N,RURAL_VICTORIA,ROAD,3,10.0
45455,1,7,130,1,1,50.0,0,I,SMALL_CITIES,ROAD,3,9.0
45456,1,5,132,5,1,60.0,0,N,SMALL_CITIES,STREET,3,13.0
45457,4,7,99,5,1,50.0,0,N,MELB_URBAN,AVENUE,3,10.0
45458,1,7,113,2,1,60.0,0,I,MELB_URBAN,ROAD,3,11.0
45459,1,7,147,5,1,80.0,0,N,MELB_URBAN,ROAD,3,12.0
45460,1,7,113,2,1,80.0,0,I,SMALL_CITIES,HIGHWAY,3,12.0
45461,1,6,110,1,1,50.0,0,I,TOWNS,ROAD,3,14.0
45462,1,7,99,1,1,60.0,0,I,MELB_URBAN,STREET,3,13.0
45463,1,7,130,1,1,60.0,0,I,LARGE_PROVINCIAL_CITIES,AVENUE,3,13.0
45464,5,7,99,5,1,100.0,0,N,RURAL_VICTORIA,OTHER,3,11.0
45465,4,7,171,1,1,60.0,0,I,MELB_URBAN,STREET,3,10.0
45466,1,6,132,1,1,80.0,0,I,MELB_URBAN,HIGHWAY,3,15.0
45467,1,6,113,2,2,60.0,0,N,MELB_URBAN,ROAD,3,17.0
45468,1,6,130,5,1,100.0,0,N,RURAL_VICTORIA,HIGHWAY,3,16.0
45469,1,6,163,5,2,60.0,0,N,MELB_URBAN,STREET,3,17.0
45470,6,7,99,5,1,100.0,0,N,RURAL_VICTORIA,ROAD,3,10.0
45471,1,7,130,5,1,60.0,0,N,MELB_URBAN,ROAD,3,15.0
45472,6,7,174,2,1,100.0,0,I,RURAL_VICTORIA,OTHER,3,15.0
45473,1,6,110,1,1,60.0,0,I,TOWNS,STREET,2,12.0
45474,1,6,134,1,1,60.0,0,I,MELB_URBAN,HIGHWAY,3,11.0
45475,1,6,133,5,3,100.0,0,N,MELB_URBAN,ROAD,3,22.0
45476,1,7,135,5,1,60.0,0,N,MELB_URBAN,UNKNOWN,3,14.0
45477,1,6,160,5,3,50.0,0,N,TOWNS,AVENUE,3,23.0
45478,4,7,171,5,1,60.0,0,N,RURAL_VICTORIA,ROAD,3,14.0
45479,1,7,120,5,1,70.0,0,N,RURAL_VICTORIA,ROAD,3,15.0
45480,1,7,99,2,4,60.0,0,I,MELB_URBAN,ROAD,3,20.0
45481,4,7,173,5,2,60.0,0,N,MELB_URBAN,DRIVE,3,18.0
45482,6,7,99,5,1,100.0,0,N,RURAL_VICTORIA,ROAD,3,14.0
45483,4,7,173,5,2,100.0,0,N,RURAL_VICTORIA,ROAD,3,18.0
45484,4,7,183,5,2,100.0,0,N,RURAL_VICTORIA,ROAD,3,17.0
45485,4,7,181,2,3,60.0,0,N,MELB_URBAN,UNKNOWN,3,22.0
45486,4,7,183,5,5,100.0,0,N,RURAL_VICTORIA,ROAD,3,23.0
45487,4,1,171,5,3,80.0,0,I,MELB_URBAN,ROAD,3,2.0
45488,1,7,99,1,3,60.0,0,I,SMALL_CITIES,STREET,3,23.0
45489,4,1,99,5,3,100.0,0,N,MELB_URBAN,RAMP,3,5.0
45490,8,7,174,5,1,60.0,0,N,RURAL_VICTORIA,OTHER,3,10.0
45491,1,7,160,5,1,60.0,0,N,MELB_URBAN,STREET,3,13.0
45492,1,1,121,1,1,60.0,0,I,MELB_URBAN,ROAD,3,10.0
45493,1,7,121,2,1,60.0,0,N,MELB_URBAN,STREET,3,10.0
45494,1,3,130,5,1,80.0,0,N,LARGE_PROVINCIAL_CITIES,HIGHWAY,3,13.0
45495,1,4,130,5,1,80.0,0,N,MELB_URBAN,HIGHWAY,9,9.0
45496,4,1,181,5,2,100.0,0,N,RURAL_VICTORIA,ROAD,3,6.0
45497,4,1,171,5,1,100.0,0,N,RURAL_VICTORIA,ROAD,3,11.0
45498,6,7,99,5,5,80.0,0,N,RURAL_VICTORIA,ROAD,3,22.0
45499,1,5,130,5,1,100.0,0,N,MELB_URBAN,UNKNOWN,3,8.0
45500,1,1,130,5,1,80.0,0,N,MELB_URBAN,HIGHWAY,3,12.0
45501,7,6,99,1,1,60.0,0,I,MELB_URBAN,OTHER,3,13.0
45502,8,1,99,5,1,100.0,0,N,RURAL_VICTORIA,HIGHWAY,3,10.0
45503,1,1,135,5,1,40.0,0,N,MELB_URBAN,STREET,3,14.0
45504,1,1,113,2,1,70.0,0,I,MELB_URBAN,ROAD,3,13.0
45505,8,1,184,5,1,80.0,0,N,RURAL_VICTORIA,ROAD,3,13.0
45506,4,4,171,2,1,50.0,0,I,MELB_URBAN,STREET,3,11.0
45507,1,2,99,2,1,40.0,0,I,MELB_URBAN,ROAD,3,8.0
45508,1,6,110,1,2,50.0,0,I,LARGE_PROVINCIAL_CITIES,ROAD,3,17.0
45509,4,1,173,5,1,50.0,0,N,RURAL_VICTORIA,OTHER,3,16.0
45510,1,0,121,1,1,60.0,0,I,MELB_URBAN,ROAD,3,16.0
45511,1,6,120,5,1,60.0,0,N,RURAL_VICTORIA,OTHER,3,16.0
45512,4,7,171,5,5,100.0,0,N,RURAL_VICTORIA,ROAD,3,19.0
45513,1,1,160,5,1,60.0,0,N,MELB_URBAN,ROAD,3,15.0
45514,1,7,99,2,1,100.0,0,I,RURAL_VICTORIA,ROAD,3,12.0
45515,4,1,171,5,1,100.0,0,N,RURAL_VICTORIA,ROAD,3,15.0
45516,6,1,99,5,1,100.0,0,N,SMALL_TOWNS,ROAD,3,14.0
45517,6,1,99,5,1,80.0,0,N,RURAL_VICTORIA,ROAD,3,16.0
45518,2,1,100,1,1,50.0,0,I,MELB_URBAN,ROAD,3,15.0
45519,1,1,99,5,1,50.0,0,N,MELB_URBAN,STREET,3,14.0
45520,8,1,174,5,1,80.0,0,N,RURAL_VICTORIA,DRIVE,3,16.0
45521,6,1,99,5,1,80.0,0,N,RURAL_VICTORIA,HIGHWAY,3,15.0
45522,1,1,116,1,1,70.0,0,I,LARGE_PROVINCIAL_CITIES,STREET,3,15.0
45523,1,1,160,5,2,40.0,0,N,MELB_URBAN,STREET,3,17.0
45524,1,1,133,5,3,100.0,0,N,MELB_URBAN,UNKNOWN,3,20.0
45525,4,5,181,5,1,50.0,0,N,RURAL_VICTORIA,STREET,2,11.0
45526,8,1,174,2,2,50.0,0,I,RURAL_VICTORIA,ROAD,3,19.0
45527,1,1,113,2,1,60.0,0,I,MELB_URBAN,ROAD,3,15.0
45528,1,0,99,5,3,100.0,0,N,MELB_URBAN,FREEWAY,3,22.0
45529,5,7,99,5,5,90.0,0,N,RURAL_VICTORIA,ROAD,2,20.0
45530,1,2,99,5,3,50.0,0,N,MELB_URBAN,OTHER,3,2.0
45531,4,7,99,5,1,60.0,0,N,MELB_URBAN,UNKNOWN,2,12.0
45532,4,2,171,5,5,100.0,0,N,RURAL_VICTORIA,ROAD,3,4.0
45533,1,1,113,2,3,60.0,0,I,MELB_URBAN,ROAD,3,0.0
45534,1,2,130,5,1,40.0,0,N,MELBOURNE_CBD,STREET,3,8.0
45535,1,5,130,2,1,40.0,0,I,MELB_URBAN,STREET,3,9.0
45536,8,7,174,5,1,60.0,0,N,RURAL_VICTORIA,OTHER,3,11.0
45537,1,7,121,2,1,70.0,0,I,MELB_URBAN,ROAD,3,12.0
45538,8,1,99,5,1,70.0,0,N,RURAL_VICTORIA,ROAD,3,12.0
45539,6,2,170,5,1,60.0,0,N,MELB_URBAN,HIGHWAY,3,10.0
45540,1,1,99,1,1,60.0,0,I,MELB_URBAN,PARADE,3,11.0
45541,1,2,110,1,1,50.0,0,I,MELB_URBAN,ROAD,3,12.0
45542,6,2,174,1,1,60.0,0,I,MELB_URBAN,STREET,3,12.0
45543,1,7,130,2,2,60.0,0,I,MELB_URBAN,HIGHWAY,3,17.0
45544,1,2,121,2,1,40.0,0,I,MELB_URBAN,STREET,3,8.0
45545,1,2,140,5,1,40.0,0,N,MELBOURNE_CBD,STREET,3,8.0
45546,2,2,100,1,1,60.0,0,I,MELB_URBAN,ROAD,3,9.0
45547,4,1,183,5,5,100.0,1,N,RURAL_VICTORIA,ROAD,3,22.0
45548,1,6,130,2,1,60.0,0,N,MELB_URBAN,ROAD,3,15.0
45549,4,2,171,2,1,80.0,0,N,TOWNS,HIGHWAY,3,11.0
45550,8,2,174,2,1,40.0,0,I,MELB_URBAN,STREET,3,12.0
45551,4,2,181,5,1,100.0,0,N,RURAL_VICTORIA,ROAD,3,13.0
45552,4,1,99,2,3,50.0,0,I,MELB_URBAN,AVENUE,3,20.0
45553,1,1,116,2,1,60.0,0,I,SMALL_CITIES,STREET,3,14.0
45554,5,5,99,5,3,60.0,0,N,MELB_URBAN,HIGHWAY,3,2.0
45555,1,2,116,1,1,60.0,0,I,SMALL_CITIES,STREET,3,14.0
45556,1,2,130,5,1,40.0,0,N,MELB_URBAN,STREET,3,11.0
45557,1,2,99,2,1,60.0,0,I,MELB_URBAN,ROAD,3,13.0
45558,4,1,173,1,1,60.0,0,I,MELB_URBAN,ROAD,3,15.0
45559,2,2,100,2,1,80.0,0,I,MELB_URBAN,HIGHWAY,3,15.0
45560,6,2,170,5,1,110.0,0,N,RURAL_VICTORIA,FREEWAY,3,14.0
45561,2,4,99,5,3,50.0,0,N,MELB_URBAN,HIGHWAY,1,21.0
45562,1,2,111,2,2,60.0,0,I,MELB_URBAN,OTHER,3,17.0
45563,1,2,99,2,1,60.0,0,N,MELB_URBAN,ROAD,3,15.0
45564,6,2,170,5,1,100.0,0,N,SMALL_TOWNS,ROAD,3,14.0
45565,1,3,130,1,3,60.0,0,I,MELB_URBAN,STREET,3,22.0
45566,1,6,120,5,2,60.0,0,N,RURAL_VICTORIA,ROAD,3,17.0
45567,1,2,120,5,1,100.0,0,N,RURAL_VICTORIA,ROAD,3,15.0
45568,4,5,183,5,1,50.0,0,N,RURAL_VICTORIA,ROAD,3,9.0
45569,1,2,121,5,2,60.0,0,N,MELB_URBAN,ROAD,3,17.0
45570,4,2,171,5,5,100.0,0,N,RURAL_VICTORIA,HIGHWAY,3,19.0
45571,1,2,120,5,2,100.0,0,N,RURAL_VICTORIA,ROAD,3,18.0
45572,4,2,171,5,3,60.0,0,N,MELB_URBAN,DRIVE,3,21.0
45573,2,2,99,5,3,50.0,0,N,SMALL_CITIES,STREET,3,22.0
45574,1,2,132,2,1,50.0,0,I,SMALL_CITIES,STREET,3,8.0
45575,4,2,173,2,5,60.0,0,I,MELB_URBAN,AVENUE,3,23.0
45576,1,3,121,2,1,60.0,0,I,MELB_URBAN,ROAD,2,17.0
45577,1,3,120,2,3,50.0,0,N,LARGE_PROVINCIAL_CITIES,STREET,3,6.0
45578,1,7,163,5,9,60.0,0,N,MELB_URBAN,STREET,3,18.0
45579,1,1,130,1,1,80.0,0,N,MELB_URBAN,STREET,3,15.0
45580,1,4,130,5,1,60.0,0,N,MELB_URBAN,ROAD,2,17.0
45581,1,1,130,1,1,80.0,0,I,MELB_URBAN,ROAD,2,16.0
45582,1,3,130,1,1,50.0,0,I,MELB_URBAN,ROAD,3,8.0
45583,1,2,130,5,1,60.0,0,N,MELB_URBAN,ROAD,3,10.0
45584,4,3,181,5,1,100.0,0,N,RURAL_VICTORIA,ROAD,3,8.0
45585,2,3,100,5,2,50.0,0,N,MELB_URBAN,OTHER,3,7.0
45586,6,2,99,5,2,100.0,0,N,RURAL_VICTORIA,ROAD,3,7.0
45587,1,3,130,5,1,100.0,0,N,MELB_URBAN,FREEWAY,3,9.0
45588,1,3,130,1,1,70.0,0,I,MELB_URBAN,ROAD,3,10.0
45589,1,2,110,1,2,60.0,0,I,MELB_URBAN,DRIVE,3,6.0
45590,1,6,130,5,1,100.0,0,N,MELB_URBAN,FREEWAY,3,13.0
45591,8,3,174,5,2,50.0,0,N,MELB_URBAN,STREET,3,7.0
45592,2,3,99,1,1,60.0,0,I,MELB_URBAN,ROAD,3,9.0
45593,1,3,113,2,1,50.0,0,I,SMALL_CITIES,OTHER,3,9.0
45594,1,2,163,5,1,70.0,0,N,MELB_URBAN,ROAD,3,10.0
45595,1,3,99,5,1,100.0,0,N,MELB_URBAN,ROAD,3,9.0
45596,1,1,99,1,1,80.0,0,I,MELB_URBAN,HIGHWAY,3,12.0
45597,2,3,100,2,1,80.0,0,I,MELB_URBAN,ROAD,3,10.0
45598,1,2,110,1,1,80.0,0,I,MELB_URBAN,ROAD,3,9.0