,accident_type,day_of_week,dca_code,road_geometry,light_condition,speed_zone,severity,node_type,deg_urban_name,road_type,month,hour
45599,1,3,130,5,1,60.0,0,N,MELB_URBAN,ROAD,1,15.0
45600,8,2,99,2,3,50.0,0,I,MELB_URBAN,STREET,3,22.0
45601,8,7,99,5,1,80.0,0,N,RURAL_VICTORIA,ROAD,3,10.0
45602,1,3,121,5,1,50.0,0,N,RURAL_VICTORIA,STREET,3,8.0
45603,1,3,113,2,5,50.0,0,I,MELB_URBAN,STREET,3,6.0
45604,1,2,132,1,9,40.0,0,I,MELB_URBAN,STREET,3,8.0
45605,1,4,110,1,3,80.0,0,I,MELB_URBAN,ROAD,8,20.0
45606,1,3,140,2,1,80.0,0,I,MELB_URBAN,HIGHWAY,3,8.0
45607,8,2,174,2,5,100.0,0,I,RURAL_VICTORIA,ROAD,3,22.0
45608,1,1,130,1,1,80.0,0,I,RURAL_VICTORIA,HIGHWAY,3,11.0
45609,2,3,102,1,1,60.0,0,I,MELB_URBAN,STREET,3,9.0
45610,1,2,121,2,1,60.0,0,I,MELB_URBAN,ROAD,3,14.0
45611,8,3,174,5,1,100.0,0,I,MELB_URBAN,FREEWAY,3,9.0
45612,1,3,130,5,2,100.0,0,N,MELB_URBAN,FREEWAY,3,7.0
45613,1,1,130,5,9,60.0,0,N,MELB_URBAN,ROAD,12,9.0
45614,4,3,181,5,1,80.0,0,N,RURAL_VICTORIA,HIGHWAY,3,15.0
45615,1,3,130,5,1,40.0,0,N,RURAL_VICTORIA,HIGHWAY,3,14.0
45616,1,4,160,5,2,60.0,0,N,MELB_URBAN,STREET,3,17.0
45617,1,6,147,5,6,60.0,0,N,MELB_URBAN,STREET,3,22.0
45618,8,1,174,5,1,60.0,0,N,MELB_URBAN,ROAD,3,12.0
45619,1,3,113,2,1,70.0,0,I,RURAL_VICTORIA,ROAD,3,16.0
45620,1,3,130,5,1,50.0,0,N,MELB_URBAN,PARADE,3,16.0
45621,1,3,113,2,2,40.0,0,I,SMALL_CITIES,STREET,3,17.0
45622,1,5,132,1,9,60.0,0,I,MELB_URBAN,STREET,3,18.0
45623,4,3,171,4,2,50.0,0,I,MELB_URBAN,STREET,3,17.0
45624,1,0,130,2,1,60.0,0,I,MELB_URBAN,ROAD,3,14.0
45625,1,2,111,2,1,70.0,0,I,MELB_URBAN,DRIVE,3,18.0
45626,1,2,121,1,1,80.0,0,N,MELB_URBAN,HIGHWAY,3,8.0
45627,1,3,113,1,2,50.0,0,I,MELB_URBAN,STREET,3,17.0
45628,1,3,110,1,2,50.0,0,I,MELB_URBAN,STREET,3,17.0
45629,1,3,110,1,2,100.0,0,I,RURAL_VICTORIA,ROAD,3,17.0
45630,4,2,183,5,1,100.0,0,N,RURAL_VICTORIA,ROAD,3,19.0
45631,2,3,100,5,3,60.0,0,N,MELB_URBAN,ROAD,3,20.0
45632,1,3,130,5,1,70.0,0,N,MELB_URBAN,ROAD,3,15.0
45633,1,3,130,1,1,50.0,0,I,MELB_URBAN,STREET,3,9.0
45634,1,2,130,5,3,60.0,0,N,MELB_URBAN,STREET,3,20.0
45635,1,4,99,5,1,50.0,0,N,MELB_URBAN,STREET,2,14.0
45636,6,3,99,5,5,100.0,0,N,RURAL_VICTORIA,ROAD,3,23.0
45637,1,3,147,2,1,70.0,0,N,MELB_URBAN,STREET,3,14.0
45638,4,3,171,2,2,80.0,0,I,RURAL_VICTORIA,ROAD,3,17.0
45639,6,3,170,5,2,100.0,0,N,RURAL_VICTORIA,HIGHWAY,3,7.0
45640,1,3,130,2,1,80.0,0,I,MELB_URBAN,HIGHWAY,3,8.0
45641,4,0,171,1,1,60.0,0,I,RURAL_VICTORIA,ROAD,3,11.0
45642,1,4,130,5,1,100.0,0,N,MELB_URBAN,FREEWAY,3,8.0
45643,1,4,121,5,1,60.0,0,N,MELB_URBAN,STREET,3,8.0
45644,1,4,130,5,1,70.0,0,N,MELB_URBAN,HIGHWAY,3,8.0
45645,1,4,113,2,1,60.0,0,I,MELB_URBAN,AVENUE,3,8.0
45646,1,3,163,5,3,40.0,0,N,MELB_URBAN,STREET,3,18.0
45647,2,5,99,5,9,50.0,0,N,MELB_URBAN,HIGHWAY,2,15.0
45648,1,1,130,5,1,80.0,0,N,MELB_URBAN,ROAD,3,16.0
45649,1,1,133,2,1,100.0,0,I,RURAL_VICTORIA,ROAD,3,13.0
45650,1,4,163,2,2,60.0,0,I,MELB_URBAN,STREET,3,7.0
45651,4,3,171,5,1,60.0,0,N,MELB_URBAN,STREET,12,13.0
45652,5,4,99,5,1,100.0,0,N,MELB_URBAN,FREEWAY,3,8.0
45653,1,4,121,2,1,60.0,0,I,MELB_URBAN,UNKNOWN,3,12.0
45654,2,4,100,2,1,40.0,0,N,MELB_URBAN,HIGHWAY,3,12.0
45655,1,4,130,5,1,80.0,0,N,MELB_URBAN,ROAD,3,9.0
45656,1,6,147,5,1,60.0,0,N,MELB_URBAN,ROAD,3,15.0
45657,1,4,120,5,1,100.0,0,N,RURAL_VICTORIA,ROAD,3,11.0
45658,1,4,130,5,1,60.0,0,N,MELB_URBAN,ROAD,3,16.0
45659,8,7,174,5,2,60.0,0,N,MELB_URBAN,PARADE,8,17.0
45660,1,4,147,5,1,60.0,0,N,MELB_URBAN,STREET,3,14.0
45661,1,1,130,5,1,100.0,0,N,MELB_URBAN,FREEWAY,3,8.0
45662,1,4,133,2,1,60.0,0,I,MELB_URBAN,ROAD,3,12.0
45663,3,4,167,5,2,100.0,0,N,RURAL_VICTORIA,HIGHWAY,2,20.0
45664,1,4,160,5,1,50.0,1,N,MELB_URBAN,STREET,3,13.0
45665,1,4,130,5,1,60.0,0,N,SMALL_CITIES,STREET,3,15.0
45666,1,4,130,2,1,60.0,0,I,TOWNS,STREET,3,16.0
45667,1,7,130,2,1,40.0,0,I,MELB_URBAN,ROAD,2,9.0
45668,1,4,130,2,2,60.0,0,N,MELB_URBAN,DRIVE,3,18.0
45669,1,4,130,5,1,50.0,0,N,LARGE_PROVINCIAL_CITIES,ROAD,3,16.0
45670,1,4,121,2,2,80.0,0,N,MELB_URBAN,DRIVE,3,17.0
45671,1,4,99,5,1,100.0,0,N,RURAL_VICTORIA,ROAD,3,16.0
45672,1,4,110,1,1,60.0,0,I,MELB_URBAN,ROAD,3,16.0
45673,1,3,110,1,2,50.0,0,I,MELB_URBAN,STREET,3,19.0
45674,1,4,135,2,1,60.0,0,N,MELB_URBAN,STREET,3,15.0
45675,1,4,121,1,3,60.0,0,I,RURAL_VICTORIA,ROAD,3,19.0
45676,1,4,163,5,2,60.0,0,N,MELB_URBAN,ROAD,3,19.0
45677,1,4,121,1,2,50.0,0,I,MELB_URBAN,STREET,3,18.0
45678,1,4,111,2,1,60.0,0,N,RURAL_VICTORIA,ROAD,3,15.0
45679,1,3,121,1,3,60.0,0,I,MELB_URBAN,ROAD,3,23.0
45680,2,4,99,5,1,60.0,0,N,MELB_URBAN,AVENUE,3,15.0
45681,4,3,171,5,3,60.0,0,N,MELB_URBAN,STREET,3,20.0
45682,4,4,183,5,1,60.0,0,N,RURAL_VICTORIA,ROAD,3,15.0
45683,1,4,113,2,2,40.0,0,N,MELB_URBAN,ROAD,3,17.0
45684,1,4,130,5,3,80.0,0,N,MELB_URBAN,HIGHWAY,3,20.0
45685,2,4,100,5,3,60.0,0,N,MELB_URBAN,STREET,3,21.0
45686,1,4,121,2,3,40.0,0,I,MELB_URBAN,ROAD,3,22.0
45687,1,4,147,5,1,60.0,0,N,MELB_URBAN,ROAD,3,11.0
45688,1,4,130,2,1,60.0,0,I,MELB_URBAN,HIGHWAY,3,9.0
45689,1,3,130,5,1,60.0,0,N,MELB_URBAN,DRIVE,3,16.0
45690,1,4,130,5,1,80.0,0,N,MELB_URBAN,ROAD,3,12.0
45691,1,5,110,4,1,60.0,0,I,SMALL_CITIES,STREET,3,8.0
45692,8,7,99,5,1,60.0,0,N,RURAL_VICTORIA,ROAD,12,11.0
45693,1,4,110,1,1,60.0,0,I,SMALL_CITIES,ROAD,3,8.0
45694,1,4,130,5,1,60.0,0,N,RURAL_VICTORIA,ROAD,1,11.0
45695,1,4,132,2,1,100.0,0,I,RURAL_VICTORIA,HIGHWAY,3,9.0
45696,3,5,167,5,5,100.0,0,N,RURAL_VICTORIA,ROAD,3,6.0
45697,1,1,116,2,1,60.0,0,I,MELB_URBAN,STREET,3,14.0
45698,1,7,130,5,1,50.0,0,N,MELB_URBAN,RAMP,3,12.0
45699,1,3,121,2,2,60.0,0,I,MELB_URBAN,PARADE,3,18.0
45700,1,1,110,1,1,60.0,0,I,MELB_URBAN,DRIVE,3,11.0
45701,8,4,174,1,2,50.0,0,I,MELB_URBAN,STREET,3,18.0
45702,4,4,183,5,1,100.0,0,N,RURAL_VICTORIA,HIGHWAY,3,13.0
45703,4,5,181,5,1,100.0,0,N,RURAL_VICTORIA,HIGHWAY,3,11.0
45704,1,7,99,2,1,60.0,0,I,MELB_URBAN,STREET,3,9.0
45705,1,4,140,5,2,60.0,0,N,MELB_URBAN,UNKNOWN,3,18.0
45706,1,5,99,5,1,100.0,0,N,RURAL_VICTORIA,HIGHWAY,3,8.0
45707,1,5,110,1,1,60.0,0,I,TOWNS,ROAD,3,12.0
45708,1,5,130,5,2,100.0,0,N,MELB_URBAN,FREEWAY,3,7.0
45709,1,5,113,2,1,80.0,0,I,MELB_URBAN,ROAD,3,13.0
45710,2,5,102,2,1,50.0,0,N,MELB_URBAN,ROAD,3,11.0
45711,1,5,99,2,1,60.0,0,I,MELB_URBAN,OTHER,3,10.0
45712,1,5,113,2,1,60.0,0,I,MELB_URBAN,ROAD,3,11.0
45713,1,4,130,5,1,80.0,0,I,MELB_URBAN,HIGHWAY,3,15.0
45714,1,0,163,1,2,60.0,0,N,MELB_URBAN,PARADE,3,18.0
45715,1,3,163,5,9,60.0,0,N,MELB_URBAN,ROAD,3,9.0
45716,1,5,116,1,1,80.0,0,N,MELB_URBAN,ROAD,3,13.0
45717,1,5,130,5,9,100.0,0,N,MELB_URBAN,FREEWAY,3,10.0
45718,1,5,130,2,2,70.0,0,I,RURAL_VICTORIA,ROAD,3,7.0
45719,6,5,99,5,1,100.0,0,N,RURAL_VICTORIA,HIGHWAY,3,13.0
45720,1,5,99,2,1,50.0,0,I,LARGE_PROVINCIAL_CITIES,STREET,3,16.0
45721,1,5,147,2,1,60.0,0,I,MELB_URBAN,STREET,3,15.0
45722,1,5,121,2,1,60.0,0,I,MELB_URBAN,ROAD,3,11.0
45723,1,3,110,1,1,60.0,0,I,SMALL_CITIES,ROAD,1,16.0
45724,4,5,171,5,1,50.0,0,N,SMALL_CITIES,UNKNOWN,3,15.0
45725,1,5,147,2,1,50.0,0,I,MELB_URBAN,STREET,3,16.0
45726,8,0,174,9,1,60.0,0,N,RURAL_VICTORIA,ROAD,3,11.0
45727,6,2,174,5,2,80.0,0,N,MELB_URBAN,HIGHWAY,3,18.0
45728,4,5,183,5,2,100.0,0,N,RURAL_VICTORIA,ROAD,3,18.0
45729,4,5,171,5,2,80.0,0,N,MELB_URBAN,ROAD,3,17.0
45730,1,2,130,2,1,80.0,0,I,MELB_URBAN,HIGHWAY,3,15.0
45731,1,4,130,5,1,100.0,0,N,RURAL_VICTORIA,FREEWAY,3,15.0
45732,1,5,99,5,3,60.0,0,N,MELB_URBAN,ROAD,3,20.0
45733,4,5,171,5,3,60.0,0,N,MELB_URBAN,STREET,3,22.0
45734,1,4,110,1,3,60.0,0,I,SMALL_CITIES,STREET,3,22.0
45735,1,5,130,5,3,60.0,0,N,MELB_URBAN,ROAD,3,20.0
45736,1,4,113,2,3,70.0,0,I,RURAL_VICTORIA,HIGHWAY,3,5.0
45737,1,5,133,1,3,70.0,0,I,MELB_URBAN,ROAD,3,0.0
45738,1,5,99,5,3,50.0,0,N,MELB_URBAN,AVENUE,3,22.0
45739,1,4,113,2,3,60.0,0,I,MELB_URBAN,ROAD,3,19.0
45740,1,6,147,5,6,80.0,0,N,RURAL_VICTORIA,ROAD,3,6.0
45741,1,5,140,2,1,60.0,0,I,MELB_URBAN,STREET,2,10.0
45742,1,6,116,1,3,80.0,0,I,MELB_URBAN,ROAD,2,20.0
45743,1,4,99,5,1,100.0,0,N,RURAL_VICTORIA,ROAD,3,14.0
45744,2,5,100,1,1,60.0,0,I,MELB_URBAN,STREET,3,16.0
45745,2,4,100,5,1,50.0,0,N,MELB_URBAN,ROAD,3,9.0
45746,1,3,110,1,3,60.0,0,I,MELB_URBAN,DRIVE,2,21.0
45747,1,4,130,5,9,60.0,0,N,MELB_URBAN,RAMP,3,16.0
45748,4,6,181,5,2,80.0,0,N,RURAL_VICTORIA,ROAD,3,7.0
45749,4,6,183,5,1,80.0,0,N,RURAL_VICTORIA,HIGHWAY,3,8.0
45750,4,6,181,5,2,100.0,0,N,RURAL_VICTORIA,ROAD,3,7.0
45751,4,6,181,5,1,80.0,0,N,RURAL_VICTORIA,ROAD,3,8.0
45752,6,5,170,4,1,60.0,0,I,RURAL_VICTORIA,RAMP,3,10.0
45753,1,2,113,4,1,60.0,0,I,MELB_URBAN,RAMP,11,12.0
45754,8,4,174,5,2,50.0,0,N,MELB_URBAN,UNKNOWN,3,17.0
45755,8,7,174,4,2,60.0,0,I,RURAL_VICTORIA,STREET,3,17.0
45756,1,4,113,2,2,50.0,0,I,MELB_URBAN,DRIVE,3,17.0
45757,1,5,99,1,1,60.0,0,I,SMALL_TOWNS,ROAD,3,15.0
45758,4,6,183,5,1,100.0,0,N,RURAL_VICTORIA,ROAD,3,10.0
45759,1,3,130,5,9,100.0,0,N,MELB_URBAN,FREEWAY,3,17.0
45760,1,5,130,5,2,70.0,0,N,MELB_URBAN,STREET,3,19.0
45761,2,6,102,5,1,60.0,0,N,MELB_URBAN,STREET,3,16.0
45762,1,5,130,5,1,60.0,0,N,MELB_URBAN,HIGHWAY,3,9.0
45763,1,3,160,5,2,60.0,0,N,MELB_URBAN,ROAD,3,18.0
45764,1,4,99,2,3,60.0,0,I,MELB_URBAN,ROAD,3,7.0
45765,1,2,130,1,2,70.0,0,I,MELB_URBAN,STREET,3,19.0
45766,1,6,121,2,1,80.0,0,I,MELB_URBAN,ROAD,3,12.0
45767,4,2,171,5,3,80.0,0,N,RURAL_VICTORIA,HIGHWAY,3,19.0
45768,1,5,130,4,2,60.0,0,I,MELB_URBAN,RAMP,3,20.0
45769,4,6,173,1,2,100.0,0,I,RURAL_VICTORIA,HIGHWAY,2,18.0
45770,4,6,173,5,1,100.0,0,N,RURAL_VICTORIA,HIGHWAY,3,14.0
45771,1,6,130,5,1,100.0,0,N,RURAL_VICTORIA,HIGHWAY,3,13.0
45772,4,6,183,5,1,100.0,0,N,RURAL_VICTORIA,ROAD,3,9.0
45773,1,4,130,5,2,100.0,0,N,RURAL_VICTORIA,ROAD,3,19.0
45774,4,6,183,5,1,80.0,0,N,RURAL_VICTORIA,ROAD,3,12.0
45775,1,5,99,5,1,40.0,0,N,SMALL_CITIES,AVENUE,2,12.0
45776,1,6,116,2,1,60.0,0,I,MELB_URBAN,ROAD,3,16.0
45777,1,6,99,5,1,50.0,0,N,MELB_URBAN,ROAD,3,14.0
45778,1,6,99,2,1,50.0,0,I,MELB_URBAN,OTHER,3,15.0
45779,3,5,167,2,1,100.0,0,I,RURAL_VICTORIA,HIGHWAY,3,15.0
45780,1,6,147,5,2,60.0,0,N,MELB_URBAN,ROAD,3,17.0
45781,1,6,135,5,1,80.0,0,N,MELB_URBAN,FREEWAY,3,15.0
45782,1,5,130,2,1,80.0,0,I,MELB_URBAN,ROAD,3,17.0
45783,1,6,160,5,2,60.0,0,N,MELB_URBAN,ROAD,3,18.0
45784,1,6,132,1,2,40.0,0,I,MELB_URBAN,PARADE,3,17.0
45785,2,6,100,1,4,60.0,1,I,MELB_URBAN,STREET,3,19.0
45786,1,4,140,5,2,40.0,0,N,MELB_URBAN,STREET,3,7.0
45787,1,6,130,5,3,100.0,0,N,MELB_URBAN,FREEWAY,3,19.0
45788,1,6,110,1,1,50.0,0,I,MELB_URBAN,STREET,3,17.0
45789,1,6,113,2,3,80.0,0,I,MELB_URBAN,ROAD,3,20.0
45790,4,5,173,5,5,60.0,0,N,RURAL_VICTORIA,ROAD,3,21.0
45791,2,6,102,2,3,60.0,0,I,MELB_URBAN,ROAD,3,21.0
45792,1,6,135,5,3,100.0,0,N,MELB_URBAN,FREEWAY,3,5.0
45793,1,6,121,2,1,80.0,0,I,MELB_URBAN,ROAD,3,14.0
45794,4,7,171,1,3,60.0,0,I,MELB_URBAN,ROAD,3,0.0
45795,1,1,111,1,1,60.0,0,I,SMALL_CITIES,ROAD,2,17.0
45796,6,7,99,5,5,100.0,0,N,RURAL_VICTORIA,HIGHWAY,3,2.0
45797,4,7,171,2,3,50.0,0,I,MELB_URBAN,DRIVE,3,1.0
45798,1,7,130,2,3,80.0,0,I,MELB_URBAN,ROAD,3,3.0
45799,1,4,130,5,1,60.0,0,N,MELB_URBAN,STREET,1,11.0
45800,4,7,171,2,3,60.0,0,I,MELB_URBAN,STREET,3,4.0
45801,1,7,113,1,3,80.0,0,I,MELB_URBAN,HIGHWAY,3,1.0
45802,1,4,110,1,1,50.0,0,I,TOWNS,STREET,3,15.0
45803,1,4,132,1,3,50.0,0,I,LARGE_PROVINCIAL_CITIES,OTHER,3,18.0
45804,4,6,183,5,5,100.0,0,N,RURAL_VICTORIA,ROAD,3,21.0
45805,4,6,171,5,2,100.0,0,N,RURAL_VICTORIA,ROAD,3,7.0
45806,1,5,130,5,2,60.0,0,N,MELB_URBAN,ROAD,3,7.0
45807,1,6,163,5,3,40.0,0,N,MELB_URBAN,STREET,3,23.0
45808,1,6,110,1,1,60.0,0,I,MELB_URBAN,STREET,3,10.0
45809,6,1,174,5,2,100.0,0,N,RURAL_VICTORIA,ROAD,8,6.0
45810,6,7,170,5,5,100.0,0,N,RURAL_VICTORIA,HIGHWAY,3,0.0
45811,1,6,130,1,9,60.0,0,I,MELB_URBAN,OTHER,3,18.0
45812,1,2,116,2,2,60.0,0,I,MELB_URBAN,ROAD,3,19.0
45813,1,7,147,5,1,50.0,0,N,MELB_URBAN,OTHER,3,12.0
45814,6,7,174,5,1,50.0,0,N,MELB_URBAN,STREET,3,12.0
45815,1,4,130,2,1,100.0,0,I,RURAL_VICTORIA,HIGHWAY,3,10.0
45816,1,7,130,2,1,60.0,0,I,MELB_URBAN,ROAD,3,11.0
45817,1,6,140,2,1,80.0,0,N,MELB_URBAN,HIGHWAY,3,13.0
45818,1,3,130,5,2,60.0,0,N,LARGE_PROVINCIAL_CITIES,ROAD,3,17.0
45819,1,3,130,5,1,80.0,0,N,MELB_URBAN,HIGHWAY,3,16.0
45820,2,5,102,5,2,70.0,0,N,MELB_URBAN,ROAD,3,18.0
45821,1,7,121,2,1,80.0,0,I,RURAL_VICTORIA,BOULEVARD,3,11.0
45822,8,7,174,2,1,100.0,0,I,RURAL_VICTORIA,OTHER,3,12.0
45823,4,7,181,5,1,100.0,0,N,RURAL_VICTORIA,ROAD,3,13.0
45824,4,7,171,5,1,80.0,0,N,RURAL_VICTORIA,ROAD,3,11.0
45825,1,7,113,4,1,100.0,0,I,RURAL_VICTORIA,ROAD,3,13.0
45826,1,7,110,1,1,50.0,0,I,MELB_URBAN,ROAD,3,16.0
45827,1,6,130,1,1,50.0,0,I,MELB_URBAN,AVENUE,3,13.0
45828,1,7,121,1,2,60.0,0,I,SMALL_CITIES,ROAD,3,18.0
45829,1,7,147,5,1,60.0,0,N,SMALL_CITIES,ROAD,3,15.0
45830,8,5,99,5,2,60.0,0,N,MELB_URBAN,ROAD,3,17.0
45831,8,7,170,5,2,40.0,0,N,SMALL_CITIES,AVENUE,3,19.0
45832,1,7,130,5,2,100.0,0,N,RURAL_VICTORIA,FREEWAY,3,17.0
45833,1,7,130,5,2,100.0,0,N,RURAL_VICTORIA,FREEWAY,3,17.0
45834,1,7,99,2,3,50.0,0,I,MELB_URBAN,STREET,3,19.0
45835,4,7,99,2,2,80.0,0,N,RURAL_VICTORIA,STREET,3,17.0
45836,1,7,121,2,2,60.0,0,I,MELB_URBAN,ROAD,3,19.0
45837,1,7,140,2,3,60.0,0,I,MELB_URBAN,ROAD,3,19.0
45838,2,7,102,5,3,60.0,0,N,MELB_URBAN,ROAD,3,22.0
45839,4,7,99,5,3,50.0,0,N,MELB_URBAN,ROAD,3,22.0
45840,8,7,174,5,3,80.0,0,N,MELB_URBAN,ROAD,3,20.0
45841,8,1,99,5,3,50.0,0,N,MELB_URBAN,STREET,3,1.0
45842,8,7,99,4,3,30.0,0,N,SMALL_CITIES,STREET,3,23.0
45843,4,1,173,5,3,60.0,0,N,SMALL_CITIES,ROAD,3,6.0
45844,1,1,110,1,3,70.0,0,I,MELB_URBAN,ROAD,3,0.0
45845,4,7,183,5,1,100.0,0,N,RURAL_VICTORIA,ROAD,3,15.0
45846,1,1,163,2,1,40.0,0,N,MELB_URBAN,STREET,3,10.0
45847,3,1,167,5,1,100.0,0,N,RURAL_VICTORIA,ROAD,3,8.0
45848,1,1,116,1,1,80.0,0,I,MELB_URBAN,ROAD,3,10.0
45849,1,1,110,1,1,50.0,0,I,MELB_URBAN,PARADE,3,11.0
45850,1,1,121,2,1,60.0,0,I,MELB_URBAN,ROAD,3,11.0
45851,1,7,99,1,2,60.0,0,I,MELB_URBAN,STREET,3,17.0
45852,1,1,130,5,1,80.0,0,N,MELB_URBAN,UNKNOWN,3,12.0
45853,1,0,121,1,1,80.0,0,I,MELB_URBAN,AVENUE,3,12.0
45854,2,1,99,5,1,60.0,0,N,MELB_URBAN,ROAD,3,11.0
45855,1,6,130,2,1,70.0,0,I,MELB_URBAN,HIGHWAY,3,12.0
45856,4,7,181,5,5,60.0,0,N,SMALL_TOWNS,ROAD,3,23.0
45857,4,1,173,5,1,100.0,0,N,RURAL_VICTORIA,ROAD,3,11.0
45858,1,1,110,1,1,80.0,0,I,MELB_URBAN,ROAD,3,12.0
45859,6,1,174,2,1,60.0,0,I,MELB_URBAN,STREET,3,13.0
45860,1,1,130,5,1,70.0,0,N,MELB_URBAN,STREET,3,12.0
45861,4,1,171,5,9,60.0,0,N,TOWNS,HIGHWAY,3,1.0
45862,4,1,171,5,1,60.0,0,N,MELB_URBAN,DRIVE,3,12.0
45863,1,0,113,2,1,80.0,0,I,MELB_URBAN,HIGHWAY,3,12.0
45864,1,6,120,4,9,60.0,0,I,MELB_URBAN,ROAD,12,7.0
45865,4,5,181,5,1,100.0,0,N,RURAL_VICTORIA,ROAD,3,13.0
45866,1,1,130,5,1,80.0,0,N,MELB_URBAN,ROAD,3,13.0
45867,8,7,174,5,1,60.0,0,N,RURAL_VICTORIA,ROAD,3,9.0
45868,1,1,130,2,3,40.0,0,I,MELB_URBAN,PARADE,3,3.0
45869,8,1,174,5,1,60.0,0,N,MELB_URBAN,ROAD,3,12.0
45870,1,1,135,5,1,60.0,0,N,MELB_URBAN,ROAD,3,15.0
45871,4,1,173,5,5,110.0,1,N,RURAL_VICTORIA,FREEWAY,3,5.0
45872,1,1,113,2,1,80.0,0,I,RURAL_VICTORIA,ROAD,3,15.0
45873,1,1,113,2,1,60.0,0,I,MELB_URBAN,HIGHWAY,3,12.0
45874,4,1,171,5,1,60.0,0,N,TOWNS,ROAD,3,15.0
45875,1,0,130,1,1,60.0,0,I,MELB_URBAN,ROAD,3,16.0
45876,1,1,110,1,1,70.0,0,I,LARGE_PROVINCIAL_CITIES,ROAD,3,16.0
45877,1,1,116,1,2,40.0,0,I,MELB_URBAN,STREET,3,17.0
45878,4,1,171,5,1,100.0,0,N,RURAL_VICTORIA,ROAD,3,15.0
45879,1,6,121,1,9,60.0,0,I,MELB_URBAN,STREET,3,9.0
45880,1,1,121,1,1,60.0,0,I,MELB_URBAN,ROAD,3,15.0
45881,8,1,174,5,2,60.0,0,N,RURAL_VICTORIA,DRIVE,3,17.0
45882,4,1,99,5,5,60.0,0,N,RURAL_VICTORIA,ROAD,3,20.0
45883,1,1,140,4,3,60.0,0,N,MELB_URBAN,ROAD,3,23.0
45884,4,2,171,5,5,100.0,0,N,RURAL_VICTORIA,HIGHWAY,3,1.0
45885,4,2,171,5,3,60.0,0,N,MELB_URBAN,ROAD,3,5.0
45886,1,1,110,1,3,60.0,0,I,LARGE_PROVINCIAL_CITIES,AVENUE,3,19.0
45887,1,2,130,5,2,60.0,1,N,MELB_URBAN,ROAD,3,6.0
45888,1,2,99,1,1,40.0,0,I,MELBOURNE_CBD,STREET,3,8.0
45889,1,3,130,5,1,100.0,0,N,MELB_URBAN,RAMP,3,8.0
45890,1,1,99,1,1,50.0,0,I,SMALL_CITIES,STREET,3,11.0
45891,1,2,121,1,1,80.0,0,N,MELB_URBAN,HIGHWAY,3,8.0
45892,1,1,99,2,1,70.0,0,I,MELB_URBAN,ROAD,3,8.0
45893,1,7,134,5,2,60.0,0,N,MELB_URBAN,STREET,3,17.0
45894,4,2,99,5,1,60.0,0,N,MELB_URBAN,ROAD,3,12.0
45895,1,2,130,1,1,80.0,0,I,MELB_URBAN,OTHER,3,12.0
45896,2,2,99,2,1,40.0,0,I,SMALL_CITIES,STREET,3,8.0
45897,1,2,99,5,1,60.0,0,N,MELB_URBAN,ROAD,3,11.0
45898,1,2,140,5,1,80.0,0,N,SMALL_TOWNS,ROAD,3,12.0
45899,1,2,133,5,1,80.0,0,N,MELB_URBAN,ROAD,3,10.0
45900,2,2,100,1,1,50.0,0,I,MELB_URBAN,ROAD,3,8.0
45901,6,2,99,5,1,100.0,0,N,RURAL_VICTORIA,HIGHWAY,3,8.0
45902,1,2,113,2,1,80.0,0,I,MELB_URBAN,HIGHWAY,3,13.0
45903,1,1,130,5,1,70.0,0,N,MELB_URBAN,RAMP,3,10.0
45904,4,2,171,5,1,50.0,0,N,TOWNS,STREET,3,14.0
45905,1,6,130,4,2,60.0,0,N,MELB_URBAN,ROAD,3,18.0
45906,2,2,100,2,1,40.0,0,I,MELB_URBAN,STREET,3,8.0
45907,1,2,120,5,1,60.0,0,N,RURAL_VICTORIA,ROAD,3,14.0
45908,1,2,121,1,1,60.0,0,I,TOWNS,ROAD,3,15.0
45909,1,5,130,5,9,100.0,0,N,RURAL_VICTORIA,OTHER,3,21.0
45910,1,1,130,5,1,80.0,0,N,RURAL_VICTORIA,ROAD,3,16.0
45911,1,6,130,5,2,50.0,0,N,MELB_URBAN,STREET,3,6.0
45912,1,2,130,5,2,50.0,0,N,SMALL_CITIES,ROAD,3,17.0
45913,4,2,183,5,1,80.0,1,N,RURAL_VICTORIA,ROAD,3,8.0
45914,1,2,121,4,1,80.0,0,I,MELB_URBAN,RAMP,3,15.0
45915,8,7,174,4,9,60.0,0,I,RURAL_VICTORIA,ROAD,3,11.0
45916,4,1,171,5,3,70.0,0,N,MELB_URBAN,ROAD,3,20.0
45917,1,7,99,2,3,60.0,0,N,MELB_URBAN,OTHER,2,21.0
45918,1,6,140,2,2,60.0,0,I,MELB_URBAN,STREET,3,18.0
45919,4,2,171,5,2,50.0,0,N,RURAL_VICTORIA,ROAD,3,17.0
45920,1,1,130,5,2,60.0,0,N,MELB_URBAN,ROAD,3,19.0
45921,1,2,110,4,2,50.0,0,N,SMALL_CITIES,DRIVE,3,19.0
45922,1,2,116,2,2,60.0,0,I,MELB_URBAN,ROAD,3,18.0
45923,1,4,130,5,1,80.0,0,N,MELB_URBAN,HIGHWAY,12,16.0
45924,2,2,100,1,2,60.0,0,I,MELB_URBAN,ROAD,3,18.0
45925,4,2,171,5,2,70.0,0,N,MELB_URBAN,ROAD,3,17.0
45926,4,2,173,5,5,50.0,0,N,RURAL_VICTORIA,ROAD,3,21.0
45927,1,2,130,5,3,60.0,0,N,MELB_URBAN,ROAD,3,23.0
45928,3,2,167,5,5,100.0,0,N,RURAL_VICTORIA,ROAD,3,23.0
45929,1,3,110,1,3,60.0,0,I,MELB_URBAN,ROAD,3,4.0
45930,1,2,110,1,1,50.0,0,I,SMALL_CITIES,STREET,3,14.0
45931,1,2,130,2,1,70.0,0,I,LARGE_PROVINCIAL_CITIES,ROAD,3,14.0