,accident_type,day_of_week,dca_code,road_geometry,light_condition,speed_zone,severity,node_type,deg_urban_name,road_type,month,hour
45932,4,2,181,5,5,50.0,0,N,TOWNS,ROAD,3,6.0
45933,1,7,113,2,2,50.0,0,I,SMALL_CITIES,ROAD,1,20.0
45934,1,2,110,1,1,50.0,0,I,LARGE_PROVINCIAL_CITIES,STREET,3,8.0
45935,1,3,116,2,2,60.0,0,I,MELB_URBAN,ROAD,3,17.0
45936,1,4,130,5,1,100.0,0,N,MELB_URBAN,FREEWAY,1,10.0
45937,4,3,173,5,1,110.0,0,N,RURAL_VICTORIA,FREEWAY,3,8.0
45938,1,2,130,5,1,50.0,0,N,SMALL_CITIES,STREET,2,15.0
45939,8,3,99,1,1,60.0,0,N,TOWNS,ROAD,3,8.0
45940,1,1,99,1,9,60.0,0,N,MELB_URBAN,ROAD,2,15.0
45941,8,3,174,2,1,60.0,0,I,RURAL_VICTORIA,STREET,3,10.0
45942,1,5,130,5,1,100.0,0,N,MELB_URBAN,FREEWAY,3,16.0
45943,4,4,171,2,1,50.0,0,I,MELB_URBAN,STREET,3,15.0
45944,1,1,121,4,1,80.0,0,I,MELB_URBAN,ROAD,3,13.0
45945,1,2,160,5,1,40.0,0,N,MELB_URBAN,STREET,3,15.0
45946,1,2,130,4,1,80.0,0,I,MELB_URBAN,RAMP,3,12.0
45947,2,3,102,5,1,60.0,0,N,MELB_URBAN,OTHER,3,11.0
45948,2,3,100,5,1,60.0,0,N,MELB_URBAN,STREET,3,9.0
45949,1,3,121,1,1,40.0,0,I,MELB_URBAN,STREET,3,13.0
45950,1,3,130,5,1,100.0,0,N,MELB_URBAN,FREEWAY,10,9.0
45951,1,5,130,2,1,60.0,0,I,RURAL_VICTORIA,HIGHWAY,3,10.0
45952,1,7,134,5,3,100.0,0,N,MELB_URBAN,ROAD,3,18.0
45953,2,3,99,5,3,60.0,0,N,MELB_URBAN,ROAD,3,7.0
45954,1,4,121,5,1,50.0,0,N,MELB_URBAN,ROAD,11,16.0
45955,1,3,130,5,1,60.0,0,N,MELB_URBAN,ROAD,3,10.0
45956,2,3,100,2,1,60.0,0,I,MELB_URBAN,ROAD,3,12.0
45957,1,3,121,1,1,60.0,0,I,LARGE_PROVINCIAL_CITIES,ROAD,3,13.0
45958,1,1,111,1,1,40.0,0,I,MELB_URBAN,ROAD,3,14.0
45959,1,3,121,1,1,60.0,0,I,MELB_URBAN,STREET,3,14.0
45960,4,2,181,5,1,50.0,0,N,MELB_URBAN,OTHER,3,14.0
45961,1,1,110,1,1,60.0,0,I,TOWNS,STREET,3,15.0
45962,1,3,160,5,1,50.0,0,N,TOWNS,STREET,3,15.0
45963,2,3,99,5,1,60.0,0,N,MELB_URBAN,ROAD,3,14.0
45964,1,3,130,5,1,60.0,0,N,MELB_URBAN,ROAD,3,11.0
45965,1,3,134,5,1,60.0,0,N,MELB_URBAN,ROAD,3,14.0
45966,1,2,113,2,1,50.0,0,I,MELB_URBAN,DRIVE,3,7.0
45967,1,3,110,1,1,80.0,0,N,MELB_URBAN,ROAD,3,11.0
45968,8,1,99,5,1,80.0,0,N,RURAL_VICTORIA,ROAD,3,12.0
45969,1,1,163,5,1,60.0,0,N,MELB_URBAN,STREET,3,16.0
45970,1,3,121,5,1,80.0,0,N,TOWNS,ROAD,3,16.0
45971,1,2,130,5,2,60.0,0,N,MELB_URBAN,ROAD,3,17.0
45972,1,3,130,5,1,100.0,0,N,MELB_URBAN,FREEWAY,3,15.0
45973,1,3,121,2,1,40.0,0,I,MELB_URBAN,ROAD,3,16.0
45974,1,3,121,1,2,60.0,0,I,MELB_URBAN,STREET,3,17.0
45975,1,3,132,2,2,60.0,0,I,MELB_URBAN,ROAD,3,18.0
45976,1,3,113,2,1,70.0,0,I,RURAL_VICTORIA,ROAD,3,15.0
45977,1,3,133,5,9,50.0,0,N,MELB_URBAN,ROAD,3,11.0
45978,1,3,132,2,1,100.0,0,I,RURAL_VICTORIA,ROAD,3,15.0
45979,1,2,121,1,2,60.0,0,I,MELB_URBAN,ROAD,3,17.0
45980,2,3,102,5,2,50.0,0,N,MELB_URBAN,AVENUE,3,19.0
45981,1,3,113,2,3,60.0,0,I,LARGE_PROVINCIAL_CITIES,STREET,3,20.0
45982,3,3,167,5,5,80.0,0,N,RURAL_VICTORIA,ROAD,3,22.0
45983,1,4,130,5,5,100.0,0,N,MELB_URBAN,ROAD,4,5.0
45984,1,4,121,1,2,60.0,0,N,MELB_URBAN,ROAD,4,6.0
45985,1,4,110,1,3,50.0,0,I,SMALL_CITIES,STREET,4,6.0
45986,1,4,113,2,1,60.0,0,I,MELB_URBAN,ROAD,4,8.0
45987,6,4,99,2,2,100.0,0,I,RURAL_VICTORIA,ROAD,4,6.0
45988,1,4,99,2,1,50.0,0,I,MELB_URBAN,DRIVE,4,8.0
45989,1,4,113,2,1,80.0,0,I,MELB_URBAN,HIGHWAY,4,9.0
45990,2,4,99,5,1,60.0,0,N,MELB_URBAN,STREET,4,10.0
45991,1,4,121,1,2,60.0,0,I,MELB_URBAN,OTHER,4,7.0
45992,2,4,99,5,1,50.0,0,N,MELB_URBAN,STREET,4,10.0
45993,1,4,120,5,5,80.0,0,N,SMALL_CITIES,ROAD,4,7.0
45994,1,3,130,5,2,60.0,0,N,MELB_URBAN,FREEWAY,3,17.0
45995,1,3,111,2,1,60.0,0,I,LARGE_PROVINCIAL_CITIES,STREET,3,14.0
45996,2,7,100,5,1,50.0,0,N,MELB_URBAN,OTHER,2,15.0
45997,1,3,130,5,1,110.0,0,N,TOWNS,FREEWAY,4,11.0
45998,6,4,99,5,2,60.0,0,N,RURAL_VICTORIA,ROAD,4,7.0
45999,4,4,173,2,1,60.0,0,I,MELB_URBAN,ROAD,4,12.0
46000,1,4,121,5,1,60.0,0,N,MELB_URBAN,ROAD,4,12.0
46001,1,4,140,5,1,60.0,0,N,MELB_URBAN,ROAD,4,14.0
46002,1,3,130,5,1,100.0,0,N,MELB_URBAN,FREEWAY,4,7.0
46003,8,4,174,5,3,80.0,0,N,MELB_URBAN,ROAD,3,21.0
46004,1,3,130,1,1,80.0,0,I,MELB_URBAN,HIGHWAY,4,12.0
46005,6,2,170,5,1,60.0,0,N,MELB_URBAN,ROAD,3,15.0
46006,3,1,167,3,2,100.0,0,I,RURAL_VICTORIA,HIGHWAY,3,20.0
46007,4,4,171,5,2,80.0,0,N,RURAL_VICTORIA,ROAD,4,7.0
46008,1,4,121,2,1,80.0,0,N,MELB_URBAN,HIGHWAY,4,14.0
46009,1,4,110,1,1,60.0,0,I,MELB_URBAN,ROAD,4,13.0
46010,1,4,130,2,1,60.0,0,N,MELB_URBAN,ROAD,4,14.0
46011,1,1,121,1,2,60.0,0,I,MELB_URBAN,ROAD,3,18.0
46012,2,4,99,5,1,40.0,0,N,MELB_URBAN,STREET,4,16.0
46013,2,4,100,5,1,60.0,0,N,MELB_URBAN,STREET,4,16.0
46014,1,4,99,5,1,100.0,0,N,RURAL_VICTORIA,HIGHWAY,4,15.0
46015,1,2,130,5,3,50.0,0,N,MELB_URBAN,UNKNOWN,3,22.0
46016,1,4,130,5,2,110.0,0,N,RURAL_VICTORIA,FREEWAY,4,17.0
46017,4,4,181,5,1,80.0,0,N,RURAL_VICTORIA,ROAD,4,15.0
46018,6,0,99,5,1,100.0,0,N,RURAL_VICTORIA,ROAD,3,10.0
46019,1,4,121,1,1,60.0,0,I,MELB_URBAN,ROAD,4,15.0
46020,8,4,184,5,1,80.0,0,N,RURAL_VICTORIA,ROAD,4,11.0
46021,1,4,130,2,3,60.0,0,N,SMALL_CITIES,AVENUE,4,19.0
46022,2,3,100,5,3,60.0,0,N,MELB_URBAN,ROAD,4,22.0
46023,1,4,130,5,5,110.0,0,N,RURAL_VICTORIA,FREEWAY,4,22.0
46024,8,5,170,5,2,60.0,0,N,MELB_URBAN,PARADE,4,7.0
46025,1,5,110,1,3,60.0,0,I,LARGE_PROVINCIAL_CITIES,STREET,4,7.0
46026,8,3,99,2,1,80.0,0,I,RURAL_VICTORIA,HIGHWAY,3,15.0
46027,6,3,184,5,2,80.0,0,N,SMALL_CITIES,ROAD,3,17.0
46028,4,5,181,5,2,70.0,0,N,MELB_URBAN,ROAD,4,7.0
46029,1,4,130,5,2,80.0,0,N,MELB_URBAN,ROAD,4,17.0
46030,1,6,130,5,1,60.0,0,N,MELB_URBAN,FREEWAY,1,8.0
46031,1,4,99,2,1,50.0,0,I,MELB_URBAN,STREET,4,10.0
46032,1,5,110,1,1,50.0,0,I,MELB_URBAN,STREET,4,10.0
46033,4,5,181,5,1,80.0,0,N,RURAL_VICTORIA,ROAD,4,9.0
46034,4,5,171,5,2,70.0,0,N,RURAL_VICTORIA,ROAD,1,4.0
46035,1,5,130,2,1,50.0,0,I,MELB_URBAN,ROAD,4,12.0
46036,4,2,171,5,2,100.0,0,N,MELB_URBAN,UNKNOWN,10,17.0
46037,8,5,99,5,1,80.0,0,N,SMALL_TOWNS,AVENUE,4,10.0
46038,1,5,130,1,1,80.0,0,N,RURAL_VICTORIA,HIGHWAY,4,12.0
46039,1,5,130,5,1,60.0,0,N,MELB_URBAN,ROAD,4,12.0
46040,8,5,174,5,1,60.0,0,N,RURAL_VICTORIA,OTHER,4,11.0
46041,1,5,140,2,1,60.0,0,I,MELB_URBAN,ROAD,4,12.0
46042,1,5,147,5,1,80.0,0,N,MELB_URBAN,ROAD,4,9.0
46043,1,7,130,5,1,60.0,0,N,MELB_URBAN,ROAD,3,15.0
46044,4,5,173,5,1,50.0,0,N,MELB_URBAN,STREET,4,13.0
46045,1,5,140,5,1,60.0,0,N,MELB_URBAN,ROAD,12,8.0
46046,4,5,99,5,1,60.0,0,N,MELB_URBAN,ROAD,4,14.0
46047,2,5,100,1,1,60.0,0,I,MELB_URBAN,ROAD,4,15.0
46048,1,4,130,1,1,80.0,0,I,MELB_URBAN,HIGHWAY,4,17.0
46049,8,5,99,5,1,50.0,0,N,MELB_URBAN,STREET,4,13.0
46050,8,3,170,2,1,60.0,0,I,MELB_URBAN,STREET,3,12.0
46051,4,5,171,5,2,100.0,0,N,MELB_URBAN,ROAD,4,18.0
46052,1,5,121,2,1,80.0,0,I,RURAL_VICTORIA,ROAD,4,15.0
46053,1,6,99,1,1,50.0,0,I,LARGE_PROVINCIAL_CITIES,AVENUE,3,18.0
46054,4,5,99,2,3,50.0,0,I,SMALL_CITIES,STREET,4,19.0
46055,3,5,167,5,2,80.0,0,N,RURAL_VICTORIA,ROAD,3,7.0
46056,6,5,174,1,3,50.0,0,I,MELB_URBAN,STREET,4,20.0
46057,3,5,167,2,5,100.0,0,I,RURAL_VICTORIA,HIGHWAY,4,20.0
46058,4,5,183,5,1,60.0,0,N,RURAL_VICTORIA,OTHER,4,8.0
46059,1,5,121,4,9,60.0,0,I,MELB_URBAN,ROAD,4,10.0
46060,1,5,163,1,2,40.0,0,I,MELB_URBAN,STREET,4,18.0
46061,4,6,183,5,3,70.0,0,N,MELB_URBAN,ROAD,4,4.0
46062,1,3,120,5,1,50.0,0,N,MELB_URBAN,STREET,3,13.0
46063,4,5,171,5,1,100.0,0,N,RURAL_VICTORIA,ROAD,4,16.0
46064,1,3,147,5,2,60.0,0,N,MELB_URBAN,ROAD,3,18.0
46065,4,6,181,5,4,50.0,0,N,MELB_URBAN,ROAD,4,7.0
46066,1,6,116,1,1,80.0,0,I,MELB_URBAN,ROAD,4,9.0
46067,1,5,99,5,1,60.0,0,N,MELB_URBAN,STREET,4,8.0
46068,4,6,173,5,1,100.0,0,N,RURAL_VICTORIA,ROAD,4,12.0
46069,8,6,184,5,1,100.0,0,N,RURAL_VICTORIA,ROAD,4,12.0
46070,1,2,130,1,9,60.0,0,I,MELB_URBAN,ROAD,3,15.0
46071,2,6,102,2,1,60.0,0,I,MELB_URBAN,STREET,4,8.0
46072,8,3,99,5,1,60.0,0,N,MELB_URBAN,ROAD,3,15.0
46073,1,6,130,2,1,60.0,0,I,MELB_URBAN,HIGHWAY,4,15.0
46074,1,7,121,2,2,40.0,0,I,MELB_URBAN,STREET,3,17.0
46075,6,6,170,5,1,60.0,0,N,MELB_URBAN,ROAD,4,13.0
46076,1,6,132,5,1,80.0,0,N,RURAL_VICTORIA,STREET,4,14.0
46077,8,5,174,5,1,60.0,0,N,TOWNS,ROAD,4,13.0
46078,8,6,184,5,1,100.0,0,N,RURAL_VICTORIA,ROAD,4,13.0
46079,1,6,130,5,1,100.0,0,N,RURAL_VICTORIA,ROAD,4,14.0
46080,8,6,184,5,1,100.0,0,N,RURAL_VICTORIA,ROAD,4,12.0
46081,1,6,110,1,1,50.0,0,I,TOWNS,STREET,4,13.0
46082,1,3,99,2,9,60.0,0,I,MELB_URBAN,STREET,3,8.0
46083,1,6,130,5,1,100.0,0,N,RURAL_VICTORIA,ROAD,4,14.0
46084,1,1,147,5,1,50.0,0,N,RURAL_VICTORIA,OTHER,3,11.0
46085,1,2,99,1,9,60.0,0,I,MELB_URBAN,STREET,3,13.0
46086,6,6,99,5,1,100.0,0,N,RURAL_VICTORIA,ROAD,4,14.0
46087,1,6,130,5,1,50.0,0,N,MELB_URBAN,BOULEVARD,4,15.0
46088,1,6,113,2,2,60.0,0,I,MELB_URBAN,ROAD,4,17.0
46089,1,5,160,5,1,50.0,0,N,MELB_URBAN,STREET,4,16.0
46090,1,5,113,2,2,60.0,0,I,LARGE_PROVINCIAL_CITIES,OTHER,4,18.0
46091,1,6,110,1,2,80.0,0,I,MELB_URBAN,ROAD,4,18.0
46092,1,6,110,1,2,100.0,0,I,RURAL_VICTORIA,HIGHWAY,4,18.0
46093,4,6,183,5,2,100.0,0,N,RURAL_VICTORIA,FREEWAY,4,18.0
46094,1,6,99,6,2,60.0,0,N,MELB_URBAN,OTHER,4,17.0
46095,1,5,130,5,1,80.0,0,N,MELB_URBAN,ROAD,4,15.0
46096,1,6,132,5,1,60.0,0,N,MELB_URBAN,ROAD,4,18.0
46097,6,6,99,5,1,100.0,0,N,RURAL_VICTORIA,ROAD,4,15.0
46098,1,4,130,5,1,60.0,0,N,MELB_URBAN,ROAD,4,15.0
46099,4,6,173,5,2,60.0,0,N,MELB_URBAN,STREET,4,19.0
46100,1,6,116,1,2,60.0,0,I,MELB_URBAN,STREET,4,17.0
46101,4,6,99,6,1,60.0,0,N,MELB_URBAN,OTHER,4,15.0
46102,4,6,173,5,5,60.0,0,N,RURAL_VICTORIA,ROAD,4,19.0
46103,8,6,174,5,9,60.0,0,N,RURAL_VICTORIA,ROAD,3,17.0
46104,1,2,99,1,1,40.0,0,I,MELB_URBAN,STREET,12,10.0
46105,4,7,183,5,5,50.0,0,N,MELB_URBAN,ROAD,4,1.0
46106,4,7,171,5,5,60.0,0,N,LARGE_PROVINCIAL_CITIES,DRIVE,4,0.0
46107,4,7,173,5,3,50.0,0,N,MELB_URBAN,AVENUE,4,2.0
46108,4,6,181,5,1,100.0,0,N,RURAL_VICTORIA,ROAD,4,14.0
46109,1,7,121,2,1,60.0,0,I,MELB_URBAN,ROAD,4,8.0
46110,1,7,110,1,1,80.0,0,I,MELB_URBAN,HIGHWAY,4,8.0
46111,1,6,140,5,1,40.0,0,N,MELB_URBAN,ROAD,4,11.0
46112,8,7,174,5,1,100.0,0,N,RURAL_VICTORIA,ROAD,4,11.0
46113,1,4,163,5,6,60.0,0,N,MELB_URBAN,ROAD,4,18.0
46114,1,7,113,2,1,80.0,0,I,MELB_URBAN,ROAD,4,9.0
46115,1,7,121,5,1,60.0,0,N,MELB_URBAN,ROAD,4,12.0
46116,1,7,110,1,1,50.0,0,I,SMALL_CITIES,STREET,4,12.0
46117,1,7,130,5,1,80.0,0,N,RURAL_VICTORIA,AVENUE,4,13.0
46118,8,6,184,5,1,80.0,0,I,RURAL_VICTORIA,ROAD,4,16.0
46119,8,7,99,5,1,60.0,0,N,MELB_URBAN,ROAD,4,13.0
46120,1,7,130,5,1,60.0,0,N,MELB_URBAN,HIGHWAY,4,12.0
46121,1,7,110,1,1,60.0,0,I,MELB_URBAN,HIGHWAY,4,14.0
46122,1,7,120,5,1,60.0,0,N,MELB_URBAN,ROAD,4,16.0
46123,2,7,99,5,1,50.0,0,N,MELB_URBAN,STREET,4,15.0
46124,1,7,135,5,2,60.0,0,N,MELB_URBAN,ROAD,4,18.0
46125,1,7,121,1,3,50.0,0,I,TOWNS,STREET,4,19.0
46126,1,7,120,5,1,100.0,0,N,RURAL_VICTORIA,ROAD,4,16.0
46127,4,7,181,5,2,50.0,1,N,MELB_URBAN,OTHER,4,19.0
46128,1,5,99,2,1,100.0,0,I,RURAL_VICTORIA,ROAD,3,14.0
46129,4,7,181,2,3,50.0,0,I,MELB_URBAN,ROAD,4,6.0
46130,1,1,99,5,3,50.0,0,N,MELB_URBAN,STREET,4,2.0
46131,1,7,130,5,1,80.0,0,N,RURAL_VICTORIA,FREEWAY,4,14.0
46132,4,1,181,2,5,100.0,0,I,RURAL_VICTORIA,ROAD,4,4.0
46133,1,1,110,4,2,60.0,0,I,MELB_URBAN,ROAD,4,7.0
46134,4,1,173,1,2,60.0,0,I,MELB_URBAN,OTHER,4,6.0
46135,1,6,130,5,1,60.0,0,N,RURAL_VICTORIA,HIGHWAY,4,13.0
46136,1,6,99,5,1,100.0,0,N,RURAL_VICTORIA,HIGHWAY,4,9.0
46137,1,4,130,1,1,70.0,0,I,MELB_URBAN,ROAD,1,13.0
46138,1,2,147,5,1,40.0,0,N,MELB_URBAN,ROAD,3,16.0
46139,1,1,130,1,1,60.0,0,I,MELB_URBAN,ROAD,4,10.0
46140,1,1,132,5,1,100.0,0,N,RURAL_VICTORIA,ROAD,4,11.0
46141,6,6,170,2,2,80.0,0,I,RURAL_VICTORIA,ROAD,4,18.0
46142,1,7,111,2,2,80.0,0,I,MELB_URBAN,HIGHWAY,4,17.0
46143,1,0,147,5,1,60.0,0,N,MELB_URBAN,ROAD,4,11.0
46144,4,1,173,1,3,70.0,0,I,MELB_URBAN,ROAD,4,5.0
46145,1,7,120,5,1,60.0,0,N,MELB_URBAN,ROAD,4,16.0
46146,1,1,120,5,1,100.0,0,N,RURAL_VICTORIA,ROAD,4,11.0
46147,1,0,99,5,1,60.0,0,N,RURAL_VICTORIA,OTHER,4,12.0
46148,1,1,110,1,1,50.0,0,I,MELB_URBAN,STREET,4,15.0
46149,2,1,100,5,1,60.0,0,N,MELB_URBAN,STREET,11,15.0
46150,4,1,99,2,1,50.0,0,I,MELB_URBAN,ROAD,4,14.0
46151,1,1,130,5,1,100.0,0,N,MELB_URBAN,ROAD,4,16.0
46152,3,1,167,5,2,100.0,0,N,RURAL_VICTORIA,ROAD,4,18.0
46153,6,1,170,5,2,80.0,0,N,MELB_URBAN,ROAD,4,17.0
46154,1,1,121,5,4,60.0,0,I,SMALL_CITIES,HIGHWAY,4,19.0
46155,2,1,99,1,3,60.0,0,I,MELB_URBAN,ROAD,4,19.0
46156,1,1,120,5,5,60.0,0,N,MELB_URBAN,ROAD,4,20.0
46157,8,6,99,5,1,60.0,0,N,MELB_URBAN,ROAD,3,10.0
46158,6,1,174,5,1,100.0,0,N,RURAL_VICTORIA,HIGHWAY,4,11.0
46159,8,7,99,5,1,100.0,0,N,RURAL_VICTORIA,ROAD,4,12.0
46160,4,2,173,5,3,60.0,0,N,TOWNS,STREET,4,5.0
46161,1,2,116,1,2,70.0,0,I,RURAL_VICTORIA,HIGHWAY,4,6.0
46162,1,7,133,5,1,60.0,0,N,MELB_URBAN,ROAD,4,9.0
46163,1,5,99,1,1,60.0,0,I,MELB_URBAN,PARADE,4,8.0
46164,2,2,99,5,1,50.0,0,N,MELB_URBAN,STREET,3,13.0
46165,1,1,110,1,1,100.0,0,N,RURAL_VICTORIA,OTHER,4,10.0
46166,4,2,183,5,1,100.0,0,N,RURAL_VICTORIA,ROAD,4,10.0
46167,1,4,130,5,3,80.0,0,N,SMALL_CITIES,HIGHWAY,4,21.0
46168,1,2,110,1,1,70.0,0,I,MELB_URBAN,ROAD,4,12.0
46169,2,6,99,5,1,60.0,0,N,LARGE_PROVINCIAL_CITIES,ROAD,1,12.0
46170,1,2,121,1,1,60.0,0,I,MELB_URBAN,STREET,4,13.0
46171,1,1,113,2,3,80.0,0,I,MELB_URBAN,ROAD,2,19.0
46172,1,1,163,5,1,60.0,0,N,MELB_URBAN,ROAD,4,12.0
46173,1,2,120,5,1,80.0,0,N,RURAL_VICTORIA,ROAD,4,11.0
46174,5,6,99,5,1,80.0,0,N,RURAL_VICTORIA,ROAD,4,14.0
46175,1,2,113,2,1,60.0,0,I,SMALL_CITIES,STREET,4,14.0
46176,1,1,140,5,1,100.0,0,N,RURAL_VICTORIA,ROAD,4,14.0
46177,1,2,99,5,1,100.0,1,N,RURAL_VICTORIA,HIGHWAY,4,9.0
46178,3,1,167,5,1,100.0,0,N,RURAL_VICTORIA,ROAD,4,12.0
46179,1,2,121,4,1,80.0,0,I,MELB_URBAN,RAMP,4,14.0
46180,1,2,120,5,3,50.0,0,N,MELB_URBAN,ROAD,4,0.0
46181,4,2,181,5,5,110.0,1,N,RURAL_VICTORIA,HIGHWAY,4,0.0
46182,1,5,133,1,9,60.0,0,I,MELB_URBAN,STREET,4,19.0
46183,1,2,134,5,1,80.0,0,N,MELB_URBAN,RAMP,2,12.0
46184,4,2,173,5,1,80.0,0,N,RURAL_VICTORIA,ROAD,4,15.0
46185,4,2,173,5,1,100.0,0,N,MELB_URBAN,ROAD,4,15.0
46186,4,2,171,5,1,100.0,1,N,RURAL_VICTORIA,ROAD,4,15.0
46187,4,7,183,5,1,60.0,0,N,RURAL_VICTORIA,OTHER,4,14.0
46188,2,2,99,5,2,50.0,0,N,RURAL_VICTORIA,AVENUE,4,17.0
46189,1,3,140,2,9,60.0,0,I,MELB_URBAN,DRIVE,12,7.0
46190,1,2,99,4,3,60.0,0,I,LARGE_PROVINCIAL_CITIES,HIGHWAY,4,21.0
46191,4,2,173,5,6,70.0,0,N,MELB_URBAN,ROAD,4,3.0
46192,4,3,171,5,5,100.0,0,N,RURAL_VICTORIA,ROAD,4,5.0
46193,4,2,171,5,1,100.0,0,N,RURAL_VICTORIA,ROAD,4,12.0
46194,4,4,171,5,3,80.0,0,N,MELB_URBAN,ROAD,5,20.0
46195,1,3,160,5,1,50.0,0,N,MELB_URBAN,ROAD,11,14.0
46196,1,2,140,5,1,50.0,0,N,MELB_URBAN,ROAD,4,8.0
46197,1,5,135,2,2,60.0,0,I,MELB_URBAN,STREET,3,17.0
46198,1,2,130,1,1,60.0,0,I,MELB_URBAN,ROAD,4,12.0
46199,1,2,130,1,1,70.0,0,I,MELB_URBAN,ROAD,12,13.0
46200,1,3,121,5,1,60.0,0,N,SMALL_CITIES,ROAD,4,10.0
46201,1,3,132,1,1,100.0,0,I,RURAL_VICTORIA,ROAD,4,9.0
46202,6,5,174,5,1,60.0,0,N,RURAL_VICTORIA,ROAD,4,16.0
46203,8,6,174,5,1,60.0,0,N,RURAL_VICTORIA,ROAD,4,14.0
46204,1,5,130,2,1,60.0,0,I,MELB_URBAN,ROAD,4,15.0
46205,8,2,174,5,1,100.0,0,N,RURAL_VICTORIA,ROAD,4,12.0
46206,2,3,100,5,1,60.0,0,N,MELB_URBAN,ROAD,4,9.0
46207,1,2,113,2,1,50.0,0,I,SMALL_CITIES,HIGHWAY,4,9.0
46208,8,3,99,2,1,60.0,0,N,RURAL_VICTORIA,ROAD,4,13.0
46209,4,2,181,5,1,80.0,0,N,RURAL_VICTORIA,ROAD,4,9.0
46210,8,2,184,5,1,60.0,0,N,RURAL_VICTORIA,ROAD,2,11.0
46211,4,3,171,1,1,60.0,0,I,MELB_URBAN,HIGHWAY,4,13.0
46212,8,7,174,2,1,60.0,0,I,RURAL_VICTORIA,ROAD,4,13.0
46213,2,3,102,2,1,60.0,0,I,MELB_URBAN,ROAD,4,14.0
46214,2,5,99,5,1,50.0,0,N,LARGE_PROVINCIAL_CITIES,OTHER,3,11.0
46215,1,3,132,5,1,100.0,0,N,RURAL_VICTORIA,ROAD,4,13.0
46216,1,3,121,2,1,80.0,1,I,MELB_URBAN,ROAD,4,12.0
46217,1,2,110,1,3,60.0,0,I,MELB_URBAN,ROAD,4,22.0
46218,4,3,181,5,1,100.0,0,N,RURAL_VICTORIA,ROAD,4,13.0
46219,4,0,183,2,1,60.0,0,N,RURAL_VICTORIA,ROAD,3,15.0
46220,1,3,160,5,1,40.0,0,N,MELB_URBAN,BOULEVARD,4,15.0
46221,1,5,121,2,1,60.0,0,I,MELB_URBAN,ROAD,2,16.0
46222,4,2,183,5,1,60.0,0,N,RURAL_VICTORIA,ROAD,3,16.0
46223,4,2,171,1,2,50.0,0,I,SMALL_CITIES,DRIVE,4,17.0
46224,8,2,170,5,1,60.0,0,N,MELB_URBAN,ROAD,4,16.0
46225,4,3,171,5,1,60.0,0,N,LARGE_PROVINCIAL_CITIES,STREET,4,15.0
46226,2,3,99,5,1,110.0,0,N,RURAL_VICTORIA,FREEWAY,4,16.0
46227,1,3,147,5,1,50.0,0,N,MELB_URBAN,ROAD,4,15.0
46228,8,3,174,2,1,60.0,0,I,MELB_URBAN,ROAD,4,10.0
46229,2,5,102,1,1,70.0,0,N,MELB_URBAN,ROAD,4,10.0
46230,5,1,99,5,1,60.0,0,N,RURAL_VICTORIA,OTHER,3,12.0
46231,1,3,140,5,2,40.0,0,N,MELB_URBAN,STREET,4,17.0
46232,1,3,160,5,3,60.0,0,N,MELB_URBAN,ROAD,4,18.0
46233,6,3,99,5,2,100.0,0,N,RURAL_VICTORIA,ROAD,4,18.0
46234,1,3,110,1,1,60.0,0,I,MELB_URBAN,ROAD,4,14.0
46235,4,3,171,5,1,100.0,0,N,RURAL_VICTORIA,FREEWAY,4,14.0
46236,4,3,99,5,5,100.0,0,N,RURAL_VICTORIA,ROAD,4,18.0
46237,4,2,171,5,3,60.0,0,N,MELB_URBAN,ROAD,4,17.0
46238,4,4,173,2,3,80.0,0,I,MELB_URBAN,ROAD,4,22.0
46239,1,3,160,5,1,60.0,0,N,MELB_URBAN,ROAD,4,16.0
46240,1,3,110,1,1,40.0,0,I,MELB_URBAN,STREET,4,16.0
46241,2,5,100,2,2,50.0,0,I,LARGE_PROVINCIAL_CITIES,STREET,2,17.0
46242,4,3,171,5,1,50.0,0,N,MELB_URBAN,STREET,4,15.0
46243,1,3,121,1,1,60.0,0,I,MELB_URBAN,ROAD,3,9.0
46244,1,4,130,5,5,100.0,0,N,RURAL_VICTORIA,FREEWAY,4,3.0
46245,1,3,120,5,3,80.0,0,N,LARGE_PROVINCIAL_CITIES,ROAD,4,20.0
46246,4,3,181,5,1,100.0,0,N,RURAL_VICTORIA,ROAD,4,14.0
46247,4,4,171,5,1,40.0,0,N,MELB_URBAN,AVENUE,4,8.0
46248,1,3,111,1,1,80.0,0,I,LARGE_PROVINCIAL_CITIES,HIGHWAY,4,9.0
46249,4,7,181,5,1,100.0,0,N,RURAL_VICTORIA,HIGHWAY,4,13.0
46250,2,3,99,5,9,60.0,0,I,LARGE_PROVINCIAL_CITIES,DRIVE,2,18.0
46251,4,4,171,5,1,100.0,0,N,RURAL_VICTORIA,ROAD,4,8.0
46252,4,4,171,5,1,60.0,0,N,SMALL_CITIES,STREET,4,11.0
46253,4,4,99,5,1,40.0,0,N,MELBOURNE_CBD,OTHER,4,8.0
46254,2,4,99,5,1,60.0,0,N,TOWNS,STREET,4,11.0
46255,1,4,130,4,3,60.0,0,I,MELB_URBAN,RAMP,4,19.0
46256,1,3,130,5,1,80.0,0,N,MELB_URBAN,FREEWAY,3,10.0
46257,1,4,120,2,1,60.0,0,N,MELB_URBAN,ROAD,4,10.0
46258,1,4,116,2,1,60.0,0,I,MELB_URBAN,ROAD,4,11.0
46259,8,4,184,5,1,60.0,0,N,RURAL_VICTORIA,ROAD,4,13.0
46260,4,4,171,5,1,100.0,0,N,MELB_URBAN,ROAD,4,10.0
46261,1,3,130,5,1,60.0,0,N,MELB_URBAN,ROAD,4,10.0
46262,4,4,183,5,1,80.0,0,N,RURAL_VICTORIA,HIGHWAY,4,11.0