,accident_type,day_of_week,dca_code,road_geometry,light_condition,speed_zone,severity,node_type,deg_urban_name,road_type,month,hour
46263,8,5,99,5,2,100.0,0,N,RURAL_VICTORIA,ROAD,3,18.0
46264,4,3,183,5,1,100.0,0,N,RURAL_VICTORIA,HIGHWAY,4,12.0
46265,1,4,121,4,1,60.0,0,I,MELB_URBAN,ROAD,4,14.0
46266,1,4,99,2,1,50.0,0,I,MELB_URBAN,UNKNOWN,4,11.0
46267,2,4,100,5,1,60.0,0,N,MELB_URBAN,ROAD,4,15.0
46268,1,4,110,1,1,50.0,0,I,MELB_URBAN,STREET,4,13.0
46269,1,4,130,5,1,80.0,0,N,MELB_URBAN,FREEWAY,4,15.0
46270,1,4,130,5,1,80.0,0,N,RURAL_VICTORIA,ROAD,4,16.0
46271,1,3,130,2,2,70.0,0,I,MELB_URBAN,ROAD,4,18.0
46272,2,4,102,5,3,50.0,0,N,MELB_URBAN,OTHER,4,18.0
46273,1,3,130,5,3,70.0,0,N,MELB_URBAN,ROAD,5,18.0
46274,2,4,100,2,2,40.0,0,I,SMALL_CITIES,STREET,4,17.0
46275,1,4,121,2,2,90.0,0,I,RURAL_VICTORIA,HIGHWAY,4,18.0
46276,1,4,121,2,3,80.0,0,I,MELB_URBAN,HIGHWAY,4,20.0
46277,4,4,171,5,2,100.0,0,N,RURAL_VICTORIA,ROAD,4,17.0
46278,1,6,130,5,1,80.0,0,N,MELB_URBAN,OTHER,3,16.0
46279,1,4,113,2,1,50.0,0,I,MELB_URBAN,ROAD,4,15.0
46280,1,4,130,5,2,80.0,0,N,MELB_URBAN,UNKNOWN,3,7.0
46281,4,4,173,2,3,80.0,0,I,MELB_URBAN,HIGHWAY,4,2.0
46282,4,5,99,5,5,100.0,0,N,RURAL_VICTORIA,ROAD,4,1.0
46283,1,6,121,2,1,80.0,0,I,MELB_URBAN,ROAD,9,12.0
46284,1,5,147,5,2,80.0,0,N,RURAL_VICTORIA,HIGHWAY,4,6.0
46285,1,5,133,5,2,60.0,0,N,MELB_URBAN,PARADE,4,7.0
46286,4,5,173,5,2,100.0,0,N,RURAL_VICTORIA,ROAD,4,6.0
46287,4,4,171,5,1,100.0,0,N,RURAL_VICTORIA,ROAD,4,8.0
46288,1,5,133,5,1,80.0,0,N,RURAL_VICTORIA,ROAD,4,8.0
46289,4,4,173,5,3,100.0,0,N,MELB_URBAN,FREEWAY,4,19.0
46290,1,5,130,5,2,60.0,0,N,MELB_URBAN,ROAD,4,7.0
46291,8,5,174,5,1,60.0,0,N,MELB_URBAN,AVENUE,4,9.0
46292,2,5,99,5,1,50.0,0,N,MELB_URBAN,STREET,4,11.0
46293,1,5,134,5,1,60.0,0,N,MELB_URBAN,ROAD,4,8.0
46294,2,2,100,5,1,50.0,0,N,SMALL_CITIES,STREET,4,11.0
46295,1,5,110,1,1,100.0,0,I,RURAL_VICTORIA,AVENUE,4,10.0
46296,1,3,113,2,3,80.0,0,I,MELB_URBAN,ROAD,4,19.0
46297,1,5,110,1,1,60.0,0,I,LARGE_PROVINCIAL_CITIES,STREET,2,16.0
46298,4,5,171,5,1,100.0,0,N,RURAL_VICTORIA,ROAD,4,10.0
46299,1,5,110,1,2,60.0,0,I,MELB_URBAN,ROAD,4,7.0
46300,4,5,173,5,1,50.0,0,N,MELB_URBAN,BOULEVARD,4,13.0
46301,4,4,181,5,1,80.0,0,N,RURAL_VICTORIA,ROAD,4,16.0
46302,1,5,99,5,1,50.0,0,N,MELB_URBAN,STREET,4,13.0
46303,1,5,130,5,1,80.0,0,N,MELB_URBAN,ROAD,4,13.0
46304,8,4,174,2,1,60.0,0,I,LARGE_PROVINCIAL_CITIES,AVENUE,4,13.0
46305,1,5,99,5,1,60.0,0,N,MELB_URBAN,PARADE,2,16.0
46306,1,4,99,5,2,40.0,0,N,MELBOURNE_CBD,STREET,4,17.0
46307,4,5,181,5,3,60.0,0,N,MELB_URBAN,ROAD,4,1.0
46308,1,5,130,1,1,80.0,0,I,MELB_URBAN,ROAD,4,11.0
46309,1,5,121,1,1,60.0,0,I,SMALL_CITIES,STREET,4,16.0
46310,1,2,130,5,1,60.0,0,N,MELB_URBAN,ROAD,8,12.0
46311,1,1,120,2,1,50.0,0,I,MELB_URBAN,ROAD,1,12.0
46312,4,5,173,2,1,60.0,0,I,MELB_URBAN,OTHER,4,16.0
46313,1,5,130,5,1,70.0,0,N,RURAL_VICTORIA,ROAD,4,15.0
46314,1,5,130,5,1,70.0,0,N,MELB_URBAN,ROAD,4,16.0
46315,8,5,174,1,3,50.0,0,I,MELB_URBAN,ROAD,4,19.0
46316,1,5,134,5,2,60.0,0,N,MELB_URBAN,ROAD,4,17.0
46317,1,5,113,2,3,50.0,0,I,MELB_URBAN,OTHER,4,19.0
46318,4,5,173,5,5,100.0,0,N,RURAL_VICTORIA,ROAD,4,19.0
46319,6,5,99,2,5,80.0,0,I,MELB_URBAN,ROAD,4,18.0
46320,1,5,140,5,3,60.0,0,N,MELB_URBAN,STREET,4,19.0
46321,1,5,110,1,2,40.0,0,I,MELB_URBAN,ROAD,4,17.0
46322,4,5,99,2,3,50.0,0,I,MELB_URBAN,STREET,4,20.0
46323,1,5,121,1,2,60.0,0,I,LARGE_PROVINCIAL_CITIES,ROAD,4,17.0
46324,1,6,120,5,1,60.0,0,N,SMALL_CITIES,ROAD,4,6.0
46325,1,1,110,1,1,50.0,0,I,MELB_URBAN,STREET,12,9.0
46326,2,5,100,1,1,60.0,0,N,MELB_URBAN,ROAD,4,9.0
46327,4,6,171,5,1,60.0,0,N,MELB_URBAN,ROAD,4,9.0
46328,1,3,99,1,1,60.0,0,I,MELB_URBAN,STREET,4,9.0
46329,1,5,121,1,1,60.0,0,I,MELB_URBAN,HIGHWAY,4,10.0
46330,1,6,99,2,1,60.0,0,I,MELB_URBAN,STREET,4,8.0
46331,1,6,99,5,1,60.0,0,N,MELB_URBAN,ROAD,4,10.0
46332,8,6,99,5,1,80.0,0,N,RURAL_VICTORIA,ROAD,4,12.0
46333,1,6,121,2,1,60.0,0,I,MELB_URBAN,STREET,4,8.0
46334,1,4,113,2,1,50.0,0,I,MELB_URBAN,STREET,3,10.0
46335,1,5,130,4,2,70.0,0,I,MELB_URBAN,STREET,4,17.0
46336,6,2,184,5,1,60.0,0,N,RURAL_VICTORIA,ROAD,4,11.0
46337,1,6,130,1,1,70.0,0,I,MELB_URBAN,ROAD,4,14.0
46338,1,7,147,4,5,60.0,0,N,TOWNS,ROAD,4,20.0
46339,1,4,99,2,1,60.0,0,N,MELB_URBAN,ROAD,4,8.0
46340,1,5,121,2,2,60.0,0,I,MELB_URBAN,STREET,4,18.0
46341,1,5,130,2,1,40.0,0,N,SMALL_CITIES,ROAD,4,15.0
46342,8,0,174,5,1,60.0,0,N,RURAL_VICTORIA,OTHER,4,12.0
46343,1,6,113,2,1,80.0,0,I,RURAL_VICTORIA,HIGHWAY,4,15.0
46344,1,6,130,1,2,80.0,0,I,MELB_URBAN,OTHER,4,17.0
46345,1,6,110,1,1,60.0,0,I,SMALL_CITIES,STREET,4,16.0
46346,1,6,147,5,1,60.0,0,N,MELB_URBAN,ROAD,4,12.0
46347,1,2,147,5,2,60.0,0,N,MELB_URBAN,ROAD,3,17.0
46348,1,5,130,2,1,70.0,0,I,MELB_URBAN,ROAD,4,15.0
46349,4,6,173,5,5,100.0,0,N,RURAL_VICTORIA,ROAD,4,1.0
46350,1,6,130,2,3,60.0,0,I,MELB_URBAN,ROAD,4,18.0
46351,1,5,130,1,1,50.0,0,I,MELB_URBAN,ROAD,4,15.0
46352,1,6,113,2,3,80.0,0,I,MELB_URBAN,HIGHWAY,4,18.0
46353,2,6,100,1,1,50.0,0,I,MELB_URBAN,ROAD,4,9.0
46354,1,6,130,1,3,100.0,0,I,MELB_URBAN,ROAD,4,19.0
46355,1,5,121,1,2,60.0,0,I,MELB_URBAN,HIGHWAY,4,6.0
46356,1,6,130,5,1,80.0,0,N,MELB_URBAN,ROAD,4,14.0
46357,4,7,181,2,5,60.0,0,I,MELB_URBAN,ROAD,4,0.0
46358,6,7,174,5,5,60.0,0,N,RURAL_VICTORIA,OTHER,4,0.0
46359,6,6,99,5,5,80.0,1,N,RURAL_VICTORIA,ROAD,4,23.0
46360,4,7,183,5,5,100.0,0,N,RURAL_VICTORIA,HIGHWAY,4,2.0
46361,4,7,99,5,3,50.0,1,N,MELB_URBAN,STREET,4,3.0
46362,1,3,99,5,1,50.0,0,N,MELB_URBAN,STREET,12,13.0
46363,2,7,100,1,1,50.0,0,I,SMALL_CITIES,STREET,4,10.0
46364,1,7,147,5,1,50.0,0,N,MELB_URBAN,AVENUE,4,9.0
46365,4,6,183,5,1,80.0,0,N,RURAL_VICTORIA,ROAD,4,16.0
46366,1,7,99,5,1,50.0,0,N,MELB_URBAN,ROAD,4,10.0
46367,8,7,174,5,1,60.0,0,N,MELB_URBAN,ROAD,4,10.0
46368,1,6,130,1,3,60.0,0,I,LARGE_PROVINCIAL_CITIES,STREET,4,18.0
46369,1,7,130,5,1,80.0,0,N,MELB_URBAN,FREEWAY,4,10.0
46370,6,1,184,5,1,100.0,0,N,RURAL_VICTORIA,ROAD,4,14.0
46371,1,7,173,5,1,60.0,0,N,MELB_URBAN,ROAD,4,8.0
46372,2,7,100,2,1,50.0,0,I,MELB_URBAN,ROAD,4,14.0
46373,1,7,110,1,1,100.0,0,I,RURAL_VICTORIA,ROAD,4,13.0
46374,6,7,99,5,1,100.0,0,N,RURAL_VICTORIA,ROAD,4,12.0
46375,8,6,184,1,1,60.0,0,I,RURAL_VICTORIA,ROAD,4,14.0
46376,8,7,170,5,1,60.0,0,N,TOWNS,ROAD,4,13.0
46377,1,7,110,1,1,60.0,0,I,MELB_URBAN,ROAD,4,11.0
46378,4,6,181,5,1,80.0,0,N,RURAL_VICTORIA,ROAD,4,13.0
46379,4,7,183,5,3,50.0,0,N,MELB_URBAN,ROAD,4,0.0
46380,1,7,132,2,1,60.0,0,I,MELB_URBAN,ROAD,4,14.0
46381,6,6,174,5,5,100.0,0,N,RURAL_VICTORIA,ROAD,4,20.0
46382,1,6,121,2,1,50.0,0,I,MELB_URBAN,AVENUE,4,16.0
46383,1,6,160,5,1,70.0,0,N,MELB_URBAN,STREET,4,14.0
46384,4,7,171,5,1,100.0,0,N,RURAL_VICTORIA,ROAD,4,14.0
46385,1,7,130,5,1,80.0,0,N,MELB_URBAN,OTHER,4,16.0
46386,2,7,100,2,2,50.0,0,I,MELB_URBAN,STREET,4,17.0
46387,1,5,130,2,1,60.0,0,I,MELB_URBAN,ROAD,4,12.0
46388,4,7,171,5,2,100.0,0,N,RURAL_VICTORIA,ROAD,4,17.0
46389,8,7,99,4,2,50.0,0,I,MELB_URBAN,AVENUE,4,17.0
46390,4,7,183,5,1,100.0,0,N,RURAL_VICTORIA,ROAD,4,16.0
46391,1,7,130,5,2,80.0,0,N,MELB_URBAN,ROAD,4,18.0
46392,1,7,121,1,1,60.0,0,I,MELB_URBAN,STREET,4,16.0
46393,2,6,99,5,1,40.0,0,N,MELB_URBAN,STREET,4,14.0
46394,1,7,130,2,1,60.0,0,I,MELB_URBAN,STREET,4,15.0
46395,2,7,102,5,3,40.0,0,N,MELB_URBAN,STREET,4,20.0
46396,1,7,99,5,3,50.0,0,N,MELB_URBAN,OTHER,4,21.0
46397,1,1,130,5,3,40.0,0,N,MELB_URBAN,STREET,4,0.0
46398,4,1,171,5,5,100.0,0,N,RURAL_VICTORIA,ROAD,4,2.0
46399,1,7,160,5,3,60.0,0,N,MELB_URBAN,ROAD,4,23.0
46400,1,1,110,1,3,60.0,0,I,LARGE_PROVINCIAL_CITIES,STREET,4,1.0
46401,4,1,171,5,6,60.0,0,N,LARGE_PROVINCIAL_CITIES,ROAD,4,2.0
46402,4,1,181,5,5,70.0,0,N,RURAL_VICTORIA,ROAD,4,0.0
46403,4,1,173,1,3,70.0,0,I,MELB_URBAN,ROAD,4,3.0
46404,1,1,110,4,3,60.0,0,I,MELB_URBAN,ROAD,4,0.0
46405,6,1,99,5,5,80.0,0,N,SMALL_TOWNS,ROAD,4,1.0
46406,2,7,102,5,1,50.0,0,N,MELB_URBAN,ROAD,4,11.0
46407,1,7,110,1,3,50.0,0,I,TOWNS,STREET,4,18.0
46408,1,1,121,1,2,60.0,0,N,MELB_URBAN,ROAD,4,7.0
46409,1,7,99,1,3,50.0,0,I,LARGE_PROVINCIAL_CITIES,AVENUE,4,21.0
46410,2,7,99,5,1,50.0,0,N,MELB_URBAN,STREET,4,10.0
46411,4,0,181,5,1,100.0,0,N,RURAL_VICTORIA,ROAD,4,9.0
46412,1,5,130,5,1,60.0,0,N,LARGE_PROVINCIAL_CITIES,STREET,3,14.0
46413,2,4,99,5,1,60.0,0,I,MELB_URBAN,PARADE,3,14.0
46414,8,1,174,5,1,60.0,0,N,RURAL_VICTORIA,ROAD,4,12.0
46415,2,1,100,1,3,50.0,0,I,LARGE_PROVINCIAL_CITIES,UNKNOWN,4,2.0
46416,1,1,133,5,1,60.0,0,N,MELB_URBAN,ROAD,4,12.0
46417,1,1,121,2,1,60.0,0,I,MELB_URBAN,ROAD,4,12.0
46418,8,7,99,2,5,60.0,0,I,MELB_URBAN,STREET,4,21.0
46419,4,6,183,5,1,80.0,0,N,RURAL_VICTORIA,ROAD,4,8.0
46420,8,1,99,5,1,100.0,0,N,RURAL_VICTORIA,ROAD,4,13.0
46421,1,1,130,1,1,80.0,0,I,MELB_URBAN,ROAD,4,15.0
46422,4,7,183,5,3,50.0,0,N,SMALL_CITIES,OTHER,4,21.0
46423,2,1,102,1,1,60.0,0,I,MELB_URBAN,ROAD,4,13.0
46424,8,1,174,5,1,100.0,0,N,RURAL_VICTORIA,ROAD,4,14.0
46425,1,1,121,5,1,60.0,0,N,TOWNS,STREET,4,15.0
46426,3,3,167,5,2,100.0,0,N,RURAL_VICTORIA,ROAD,3,6.0
46427,1,1,99,5,1,60.0,0,N,SMALL_TOWNS,ROAD,4,15.0
46428,1,1,116,2,3,40.0,0,I,MELB_URBAN,STREET,4,17.0
46429,1,1,121,4,3,80.0,0,N,MELB_URBAN,ROAD,4,19.0
46430,1,0,121,2,1,70.0,0,I,MELB_URBAN,ROAD,4,16.0
46431,1,1,99,1,3,80.0,0,I,MELB_URBAN,OTHER,4,21.0
46432,2,0,102,5,3,60.0,0,N,MELB_URBAN,ROAD,4,21.0
46433,4,2,183,5,5,70.0,0,N,MELB_URBAN,ROAD,4,5.0
46434,1,0,130,1,1,60.0,0,I,MELB_URBAN,STREET,4,12.0
46435,4,2,173,5,2,60.0,0,N,MELB_URBAN,ROAD,4,7.0
46436,4,2,173,5,2,100.0,0,N,MELB_URBAN,FREEWAY,4,7.0
46437,6,1,99,4,1,50.0,0,I,MELB_URBAN,STREET,4,9.0
46438,1,6,163,5,1,40.0,0,N,MELB_URBAN,STREET,4,14.0
46439,2,2,99,2,1,50.0,0,N,MELB_URBAN,ROAD,4,10.0
46440,1,5,130,5,3,60.0,0,N,MELB_URBAN,OTHER,4,18.0
46441,8,2,184,5,1,70.0,0,N,MELB_URBAN,ROAD,4,10.0
46442,3,7,167,5,1,60.0,0,N,RURAL_VICTORIA,ROAD,4,8.0
46443,4,2,171,1,3,80.0,0,I,MELB_URBAN,ROAD,4,1.0
46444,1,1,121,2,1,60.0,0,I,MELB_URBAN,STREET,4,11.0
46445,1,4,130,2,2,60.0,0,I,MELB_URBAN,ROAD,4,17.0
46446,1,1,110,1,1,60.0,0,I,LARGE_PROVINCIAL_CITIES,STREET,4,12.0
46447,6,6,184,5,2,60.0,0,N,RURAL_VICTORIA,ROAD,4,17.0
46448,1,2,120,2,1,70.0,0,N,MELB_URBAN,HIGHWAY,4,11.0
46449,4,2,171,1,1,50.0,0,I,MELB_URBAN,ROAD,4,12.0
46450,1,2,173,2,1,60.0,0,N,MELB_URBAN,HIGHWAY,4,12.0
46451,1,4,147,2,1,50.0,0,N,MELB_URBAN,STREET,2,16.0
46452,1,1,110,1,1,50.0,0,I,LARGE_PROVINCIAL_CITIES,STREET,4,10.0
46453,1,2,130,5,1,60.0,0,N,MELB_URBAN,OTHER,1,15.0
46454,4,2,171,5,1,80.0,0,N,RURAL_VICTORIA,ROAD,4,15.0
46455,1,2,140,5,1,60.0,0,N,MELB_URBAN,ROAD,8,16.0
46456,8,5,174,5,1,100.0,0,N,RURAL_VICTORIA,ROAD,4,16.0
46457,1,2,130,5,1,100.0,0,N,MELB_URBAN,ROAD,4,15.0
46458,1,2,110,1,1,100.0,0,I,RURAL_VICTORIA,ROAD,4,16.0
46459,3,2,167,5,1,100.0,0,N,RURAL_VICTORIA,ROAD,4,16.0
46460,8,2,174,1,3,60.0,0,I,MELB_URBAN,ROAD,4,18.0
46461,1,2,120,2,3,60.0,0,N,MELB_URBAN,ROAD,4,18.0
46462,1,2,99,2,3,60.0,0,N,MELB_URBAN,OTHER,4,21.0
46463,1,2,130,5,3,100.0,0,N,MELB_URBAN,ROAD,4,20.0
46464,1,2,130,5,1,60.0,0,N,MELB_URBAN,ROAD,4,15.0
46465,1,2,121,1,1,60.0,0,I,LARGE_PROVINCIAL_CITIES,STREET,4,8.0
46466,4,1,171,5,5,100.0,0,N,RURAL_VICTORIA,ROAD,4,18.0
46467,1,1,121,1,9,60.0,0,I,MELB_URBAN,ROAD,4,21.0
46468,1,1,116,2,1,40.0,0,I,MELB_URBAN,STREET,4,14.0
46469,4,1,171,5,3,60.0,0,N,MELB_URBAN,DRIVE,4,21.0
46470,1,2,113,4,3,60.0,0,I,LARGE_PROVINCIAL_CITIES,ROAD,4,21.0
46471,1,3,113,2,2,60.0,0,I,LARGE_PROVINCIAL_CITIES,STREET,4,6.0
46472,1,3,116,2,2,60.0,0,I,MELB_URBAN,ROAD,4,6.0
46473,1,3,110,1,2,60.0,0,I,MELB_URBAN,STREET,4,7.0
46474,4,6,183,5,5,100.0,0,N,RURAL_VICTORIA,ROAD,3,23.0
46475,1,3,121,2,1,40.0,0,I,MELB_URBAN,STREET,4,8.0
46476,1,3,160,5,2,70.0,0,N,MELB_URBAN,ROAD,4,7.0
46477,4,3,181,5,1,100.0,0,N,RURAL_VICTORIA,OTHER,4,8.0
46478,4,7,183,5,5,100.0,0,N,RURAL_VICTORIA,ROAD,4,23.0
46479,1,2,130,2,1,50.0,0,I,MELB_URBAN,DRIVE,4,9.0
46480,1,3,147,5,1,100.0,0,N,RURAL_VICTORIA,ROAD,4,8.0
46481,1,5,130,1,1,50.0,0,I,MELB_URBAN,AVENUE,3,13.0
46482,1,6,99,5,5,50.0,0,N,MELB_URBAN,ROAD,4,19.0
46483,1,3,120,2,2,60.0,0,N,MELB_URBAN,ROAD,4,7.0
46484,4,3,181,5,1,100.0,0,N,RURAL_VICTORIA,ROAD,4,9.0
46485,1,1,130,1,1,60.0,0,I,MELB_URBAN,HIGHWAY,2,14.0
46486,1,2,130,5,2,80.0,0,N,MELB_URBAN,ROAD,4,17.0
46487,1,6,130,1,1,50.0,0,I,MELB_URBAN,ROAD,4,11.0
46488,1,3,130,5,1,50.0,0,N,MELB_URBAN,STREET,4,8.0
46489,4,2,183,5,1,80.0,0,N,RURAL_VICTORIA,ROAD,4,10.0
46490,1,2,110,1,1,100.0,1,I,RURAL_VICTORIA,ROAD,4,16.0
46491,1,7,121,4,1,60.0,0,I,MELB_URBAN,ROAD,4,12.0
46492,4,2,173,5,1,60.0,0,N,RURAL_VICTORIA,ROAD,4,11.0
46493,8,2,184,2,1,100.0,0,I,RURAL_VICTORIA,HIGHWAY,4,15.0
46494,1,1,113,2,1,40.0,0,I,MELB_URBAN,STREET,4,16.0
46495,2,6,100,5,1,60.0,0,N,MELB_URBAN,ROAD,4,15.0
46496,2,3,100,1,1,40.0,0,I,MELB_URBAN,ROAD,4,12.0
46497,1,3,132,2,1,80.0,0,I,TOWNS,HIGHWAY,4,12.0
46498,1,3,130,5,1,80.0,0,I,RURAL_VICTORIA,HIGHWAY,4,9.0
46499,2,3,99,2,1,60.0,0,I,MELB_URBAN,AVENUE,4,10.0
46500,1,6,130,2,6,60.0,0,I,MELB_URBAN,STREET,4,22.0
46501,1,3,132,2,1,80.0,0,I,RURAL_VICTORIA,HIGHWAY,4,13.0
46502,1,7,130,1,2,80.0,0,I,MELB_URBAN,ROAD,3,17.0
46503,4,3,173,5,2,60.0,0,N,MELB_URBAN,ROAD,4,6.0
46504,1,2,130,5,9,80.0,0,N,MELB_URBAN,HIGHWAY,4,17.0
46505,6,1,184,5,1,60.0,0,N,MELB_URBAN,ROAD,4,14.0
46506,2,3,99,5,1,50.0,0,N,TOWNS,STREET,4,15.0
46507,5,3,99,5,1,100.0,0,N,RURAL_VICTORIA,OTHER,4,9.0
46508,1,3,140,5,1,60.0,0,N,MELB_URBAN,PARADE,4,12.0
46509,1,0,130,5,1,50.0,0,N,TOWNS,UNKNOWN,4,14.0
46510,4,3,173,5,1,100.0,0,N,MELB_URBAN,HIGHWAY,4,16.0
46511,1,1,110,1,2,80.0,0,I,SMALL_TOWNS,ROAD,3,17.0
46512,1,2,130,1,2,50.0,0,I,MELB_URBAN,STREET,4,17.0
46513,6,3,174,1,1,50.0,0,I,MELB_URBAN,STREET,4,16.0
46514,8,6,174,2,1,50.0,0,I,MELB_URBAN,OTHER,4,11.0
46515,4,3,183,5,1,100.0,0,N,RURAL_VICTORIA,ROAD,4,16.0
46516,1,3,110,1,2,100.0,0,I,RURAL_VICTORIA,ROAD,4,17.0
46517,1,3,121,2,2,60.0,0,I,MELB_URBAN,ROAD,4,17.0
46518,4,2,171,5,5,100.0,0,N,RURAL_VICTORIA,ROAD,4,18.0
46519,1,3,121,4,1,80.0,0,I,MELB_URBAN,HIGHWAY,4,16.0
46520,1,3,121,1,5,80.0,0,I,RURAL_VICTORIA,HIGHWAY,4,18.0
46521,1,4,130,2,2,60.0,0,I,MELB_URBAN,ROAD,3,16.0
46522,1,3,160,2,3,50.0,0,I,MELB_URBAN,ROAD,4,23.0
46523,2,3,102,2,2,40.0,0,I,MELBOURNE_CBD,STREET,4,17.0
46524,6,3,99,5,3,80.0,0,N,MELB_URBAN,ROAD,4,4.0
46525,2,2,100,5,3,60.0,1,I,MELB_URBAN,ROAD,4,19.0
46526,4,4,181,5,5,90.0,0,N,RURAL_VICTORIA,ROAD,4,5.0
46527,4,1,183,5,1,60.0,0,N,RURAL_VICTORIA,OTHER,4,14.0
46528,4,1,99,2,1,50.0,0,N,MELB_URBAN,STREET,4,15.0
46529,2,4,100,5,2,60.0,0,N,MELB_URBAN,ROAD,4,7.0
46530,2,6,99,5,2,60.0,0,N,MELB_URBAN,AVENUE,2,21.0
46531,1,3,130,5,1,100.0,0,N,RURAL_VICTORIA,ROAD,4,6.0
46532,2,4,99,5,1,50.0,0,N,MELB_URBAN,AVENUE,4,9.0
46533,2,4,102,4,1,50.0,0,N,MELB_URBAN,STREET,4,10.0
46534,2,3,100,5,1,60.0,0,N,MELB_URBAN,ROAD,4,10.0
46535,8,7,174,2,1,60.0,0,I,RURAL_VICTORIA,ROAD,4,12.0
46536,4,4,173,5,2,50.0,0,N,RURAL_VICTORIA,ROAD,4,7.0
46537,1,4,130,5,1,80.0,0,N,MELB_URBAN,HIGHWAY,4,9.0
46538,1,4,121,2,1,60.0,0,I,MELB_URBAN,STREET,4,9.0
46539,1,4,99,5,1,50.0,0,N,MELB_URBAN,STREET,4,10.0
46540,1,4,147,5,1,50.0,0,N,MELB_URBAN,AVENUE,4,10.0
46541,1,4,130,5,1,100.0,0,N,MELB_URBAN,UNKNOWN,4,9.0
46542,1,4,113,2,1,60.0,0,I,MELB_URBAN,ROAD,4,10.0
46543,1,4,116,1,2,50.0,0,I,MELB_URBAN,STREET,4,7.0
46544,1,4,110,1,1,60.0,0,I,SMALL_CITIES,ROAD,4,9.0
46545,1,1,130,5,9,60.0,0,N,MELB_URBAN,ROAD,1,12.0
46546,1,3,130,1,2,80.0,0,I,MELB_URBAN,ROAD,4,7.0
46547,6,4,99,5,1,100.0,0,N,RURAL_VICTORIA,ROAD,4,10.0
46548,6,4,99,5,1,100.0,0,N,RURAL_VICTORIA,ROAD,4,11.0
46549,1,4,110,1,1,60.0,0,I,LARGE_PROVINCIAL_CITIES,STREET,3,13.0
46550,1,4,130,5,1,100.0,0,N,MELB_URBAN,FREEWAY,4,8.0
46551,1,4,135,5,1,40.0,0,I,MELB_URBAN,STREET,4,9.0
46552,8,4,174,5,1,60.0,0,N,RURAL_VICTORIA,ROAD,4,12.0
46553,1,5,110,1,9,50.0,0,I,MELB_URBAN,ROAD,3,15.0
46554,1,4,113,2,1,60.0,0,I,SMALL_CITIES,STREET,4,13.0
46555,1,2,113,2,1,70.0,0,I,MELB_URBAN,ROAD,4,15.0
46556,1,3,99,2,1,60.0,0,I,MELB_URBAN,ROAD,4,16.0
46557,1,3,130,5,9,100.0,0,N,MELB_URBAN,FREEWAY,4,7.0
46558,4,5,181,5,1,30.0,0,N,RURAL_VICTORIA,ROAD,3,15.0
46559,1,3,147,5,2,60.0,0,N,MELB_URBAN,ROAD,4,17.0
46560,1,1,113,2,2,50.0,0,I,MELB_URBAN,DRIVE,2,7.0
46561,1,3,130,5,3,60.0,0,N,MELB_URBAN,STREET,4,21.0
46562,4,4,171,5,1,80.0,0,N,SMALL_CITIES,ROAD,4,15.0
46563,3,2,167,5,9,100.0,0,N,MELB_URBAN,ROAD,3,23.0
46564,4,4,171,5,1,100.0,1,N,RURAL_VICTORIA,HIGHWAY,4,13.0
46565,7,6,99,1,9,60.0,0,I,MELB_URBAN,STREET,4,22.0
46566,1,4,130,5,1,80.0,0,N,MELB_URBAN,ROAD,4,15.0
46567,8,1,184,5,1,60.0,0,N,RURAL_VICTORIA,AVENUE,3,10.0
46568,1,5,163,1,6,40.0,0,I,MELB_URBAN,STREET,4,20.0
46569,4,4,99,5,1,50.0,0,N,TOWNS,STREET,4,14.0
46570,1,3,130,1,1,50.0,0,I,MELB_URBAN,STREET,4,15.0
46571,1,3,130,1,1,80.0,0,I,MELB_URBAN,HIGHWAY,4,15.0
46572,1,3,121,5,2,50.0,0,N,MELB_URBAN,STREET,4,17.0
46573,1,4,121,1,2,60.0,0,I,MELB_URBAN,ROAD,4,17.0
46574,1,4,135,5,1,80.0,0,N,MELB_URBAN,HIGHWAY,4,16.0
46575,1,4,121,2,2,60.0,0,I,MELB_URBAN,ROAD,4,17.0
46576,1,4,99,2,3,60.0,0,I,MELB_URBAN,STREET,4,19.0
46577,1,4,99,2,1,80.0,0,I,MELB_URBAN,HIGHWAY,4,10.0
46578,1,3,130,5,1,70.0,0,N,MELB_URBAN,ROAD,4,15.0
46579,1,4,120,5,3,60.0,0,N,MELB_URBAN,ROAD,4,19.0
46580,1,4,130,5,3,80.0,0,N,MELB_URBAN,ROAD,4,18.0
46581,1,4,120,5,3,60.0,0,N,MELB_URBAN,STREET,4,20.0
46582,1,4,110,1,5,50.0,0,I,MELB_URBAN,AVENUE,4,20.0
46583,1,4,121,1,3,60.0,0,I,MELB_URBAN,ROAD,4,19.0
46584,1,4,99,5,3,90.0,0,N,LARGE_PROVINCIAL_CITIES,HIGHWAY,4,18.0
46585,1,3,130,5,1,60.0,0,N,RURAL_VICTORIA,ROAD,4,16.0
46586,8,4,99,5,1,100.0,0,N,RURAL_VICTORIA,HIGHWAY,4,13.0
46587,2,4,99,5,3,50.0,0,N,MELB_URBAN,ROAD,4,20.0
46588,1,5,163,2,1,50.0,0,N,TOWNS,AVENUE,4,12.0
46589,1,3,120,5,5,80.0,0,N,MELB_URBAN,ROAD,4,21.0
46590,1,4,121,2,2,60.0,0,I,MELB_URBAN,ROAD,4,17.0
46591,6,5,99,5,5,110.0,0,N,RURAL_VICTORIA,FREEWAY,4,4.0
46592,1,5,113,2,3,80.0,0,I,MELB_URBAN,ROAD,4,5.0
46593,4,5,181,5,2,40.0,0,N,MELB_URBAN,ROAD,4,6.0
46594,1,5,130,5,2,80.0,0,N,MELB_URBAN,ROAD,4,7.0
46595,1,3,120,5,3,60.0,0,N,MELB_URBAN,ROAD,4,18.0
46596,2,5,100,2,1,50.0,0,I,MELB_URBAN,STREET,4,9.0