,accident_type,day_of_week,dca_code,road_geometry,light_condition,speed_zone,severity,node_type,deg_urban_name,road_type,month,hour
46597,1,3,110,1,2,50.0,0,I,MELB_URBAN,ROAD,4,7.0
46598,8,7,174,5,1,60.0,0,N,RURAL_VICTORIA,OTHER,4,16.0
46599,1,5,110,1,1,50.0,0,I,SMALL_CITIES,STREET,4,11.0
46600,1,5,111,4,1,70.0,0,I,RURAL_VICTORIA,ROAD,4,8.0
46601,1,3,99,2,1,40.0,0,I,MELB_URBAN,STREET,4,8.0
46602,1,5,113,2,3,70.0,0,I,MELB_URBAN,PARADE,4,6.0
46603,2,5,99,2,1,40.0,0,N,MELBOURNE_CBD,OTHER,4,9.0
46604,8,5,99,5,1,100.0,0,N,RURAL_VICTORIA,ROAD,4,9.0
46605,1,5,113,4,1,100.0,0,I,RURAL_VICTORIA,ROAD,4,12.0
46606,1,5,110,1,1,100.0,0,I,RURAL_VICTORIA,HIGHWAY,4,10.0
46607,4,5,171,5,5,100.0,0,N,RURAL_VICTORIA,HIGHWAY,4,6.0
46608,1,3,130,5,1,60.0,0,N,MELB_URBAN,ROAD,3,8.0
46609,1,5,110,1,1,80.0,0,I,MELB_URBAN,ROAD,4,10.0
46610,1,1,140,5,1,50.0,0,N,LARGE_PROVINCIAL_CITIES,STREET,3,8.0
46611,1,5,110,1,2,60.0,0,I,LARGE_PROVINCIAL_CITIES,STREET,4,6.0
46612,1,2,130,5,1,100.0,0,N,RURAL_VICTORIA,HIGHWAY,4,14.0
46613,4,5,181,5,1,100.0,0,N,RURAL_VICTORIA,ROAD,4,13.0
46614,1,4,130,5,1,80.0,0,N,MELB_URBAN,ROAD,4,9.0
46615,1,5,120,5,2,100.0,0,N,RURAL_VICTORIA,ROAD,4,7.0
46616,1,5,99,2,1,50.0,0,I,MELB_URBAN,AVENUE,4,15.0
46617,1,5,120,5,1,100.0,1,N,RURAL_VICTORIA,ROAD,4,11.0
46618,6,5,99,5,1,100.0,0,N,RURAL_VICTORIA,ROAD,4,7.0
46619,1,4,130,2,2,60.0,0,I,MELB_URBAN,ROAD,4,6.0
46620,1,5,121,2,1,60.0,0,I,MELB_URBAN,ROAD,4,14.0
46621,2,5,99,5,1,40.0,0,N,MELB_URBAN,STREET,4,13.0
46622,1,6,130,2,1,60.0,0,I,MELB_URBAN,ROAD,3,15.0
46623,1,5,132,2,1,60.0,0,I,MELB_URBAN,ROAD,4,16.0
46624,1,5,130,5,1,80.0,0,N,RURAL_VICTORIA,ROAD,4,12.0
46625,1,5,116,2,2,60.0,0,I,MELB_URBAN,ROAD,4,17.0
46626,8,5,170,2,2,60.0,0,I,MELB_URBAN,ROAD,4,17.0
46627,1,4,130,5,3,60.0,0,N,MELB_URBAN,ROAD,4,18.0
46628,1,5,99,2,5,100.0,0,I,RURAL_VICTORIA,ROAD,4,18.0
46629,1,5,132,5,2,60.0,0,N,MELB_URBAN,ROAD,4,17.0
46630,2,5,99,5,1,50.0,0,N,MELB_URBAN,STREET,4,15.0
46631,1,4,120,5,1,80.0,0,N,RURAL_VICTORIA,HIGHWAY,4,16.0
46632,1,1,130,1,1,60.0,0,I,MELB_URBAN,DRIVE,1,11.0
46633,1,5,120,5,1,90.0,0,N,TOWNS,HIGHWAY,4,16.0
46634,1,5,113,2,3,60.0,0,I,MELB_URBAN,ROAD,4,21.0
46635,1,1,110,1,1,50.0,0,I,MELB_URBAN,STREET,3,12.0
46636,4,5,171,5,3,50.0,0,N,MELB_URBAN,STREET,4,22.0
46637,1,5,130,5,1,80.0,0,N,MELB_URBAN,ROAD,4,11.0
46638,4,5,173,2,1,60.0,0,I,SMALL_CITIES,AVENUE,4,10.0
46639,6,6,170,5,3,60.0,1,N,MELB_URBAN,ROAD,4,2.0
46640,2,5,100,5,5,60.0,0,N,LARGE_PROVINCIAL_CITIES,STREET,4,5.0
46641,1,7,130,2,9,60.0,0,I,MELB_URBAN,RAMP,1,14.0
46642,1,1,116,2,1,60.0,0,I,MELB_URBAN,STREET,4,12.0
46643,1,1,110,1,3,80.0,0,I,MELB_URBAN,ROAD,10,21.0
46644,8,6,99,1,1,60.0,0,N,MELB_URBAN,ROAD,4,14.0
46645,1,1,130,1,2,80.0,0,I,RURAL_VICTORIA,ROAD,3,17.0
46646,1,6,130,5,1,100.0,0,N,MELB_URBAN,ROAD,4,8.0
46647,8,6,174,2,1,40.0,0,I,MELB_URBAN,STREET,4,9.0
46648,4,6,173,5,5,80.0,0,N,RURAL_VICTORIA,ROAD,4,5.0
46649,8,1,174,1,2,50.0,0,I,MELB_URBAN,DRIVE,4,18.0
46650,1,6,130,5,1,100.0,0,N,MELB_URBAN,FREEWAY,4,11.0
46651,4,6,99,6,1,50.0,0,N,MELB_URBAN,OTHER,4,9.0
46652,4,6,181,5,2,100.0,0,N,RURAL_VICTORIA,ROAD,4,6.0
46653,1,6,160,5,1,60.0,0,N,MELB_URBAN,ROAD,4,11.0
46654,4,6,171,1,1,50.0,0,I,MELB_URBAN,ROAD,4,9.0
46655,8,4,174,5,2,40.0,0,N,MELB_URBAN,PARADE,3,7.0
46656,8,3,99,2,9,60.0,0,I,RURAL_VICTORIA,STREET,8,10.0
46657,1,6,121,1,1,60.0,0,I,MELB_URBAN,ROAD,4,11.0
46658,1,6,130,5,1,100.0,0,N,MELB_URBAN,ROAD,4,9.0
46659,2,6,99,2,1,60.0,0,N,MELB_URBAN,OTHER,4,8.0
46660,4,6,181,5,2,100.0,0,N,RURAL_VICTORIA,ROAD,4,7.0
46661,6,6,99,5,1,80.0,0,N,RURAL_VICTORIA,ROAD,4,14.0
46662,8,6,174,5,1,110.0,0,N,RURAL_VICTORIA,FREEWAY,4,14.0
46663,1,5,140,5,1,60.0,0,N,TOWNS,ROAD,4,12.0
46664,4,6,171,5,5,100.0,0,N,RURAL_VICTORIA,ROAD,4,3.0
46665,4,6,183,5,2,50.0,0,N,MELB_URBAN,DRIVE,4,16.0
46666,3,3,167,5,5,100.0,0,N,RURAL_VICTORIA,ROAD,3,20.0
46667,1,4,147,2,1,70.0,0,I,MELB_URBAN,ROAD,4,11.0
46668,4,5,173,5,1,100.0,0,N,RURAL_VICTORIA,ROAD,4,14.0
46669,1,6,110,1,1,50.0,0,I,MELB_URBAN,STREET,4,15.0
46670,1,4,132,2,1,60.0,0,I,MELB_URBAN,ROAD,4,13.0
46671,1,5,121,1,3,60.0,0,I,MELB_URBAN,ROAD,4,19.0
46672,4,6,181,5,1,100.0,0,N,RURAL_VICTORIA,HIGHWAY,4,16.0
46673,1,6,121,2,2,80.0,0,I,MELB_URBAN,ROAD,4,17.0
46674,2,5,100,1,1,60.0,0,I,MELB_URBAN,ROAD,4,15.0
46675,4,6,171,5,1,50.0,0,N,SMALL_CITIES,OTHER,4,16.0
46676,6,5,184,3,1,60.0,0,I,MELB_URBAN,ROAD,4,15.0
46677,1,6,121,1,2,60.0,0,I,MELB_URBAN,ROAD,4,17.0
46678,1,6,130,5,3,80.0,0,N,MELB_URBAN,FREEWAY,4,19.0
46679,1,5,130,5,1,50.0,0,N,MELB_URBAN,STREET,4,16.0
46680,8,6,174,2,1,60.0,0,N,MELB_URBAN,ROAD,4,16.0
46681,4,5,173,1,3,50.0,0,I,MELB_URBAN,AVENUE,4,18.0
46682,2,6,100,5,1,40.0,0,N,MELB_URBAN,STREET,4,15.0
46683,1,6,134,1,1,40.0,0,I,MELBOURNE_CBD,STREET,4,16.0
46684,1,5,121,4,3,80.0,0,I,MELB_URBAN,HIGHWAY,4,21.0
46685,1,5,163,5,2,60.0,0,N,MELB_URBAN,STREET,4,18.0
46686,1,6,110,1,3,50.0,0,I,MELB_URBAN,STREET,4,18.0
46687,1,6,130,5,1,70.0,0,N,MELB_URBAN,STREET,4,16.0
46688,1,6,130,5,3,50.0,0,N,TOWNS,ROAD,4,21.0
46689,1,6,120,5,2,60.0,0,N,MELB_URBAN,ROAD,4,6.0
46690,4,5,99,2,5,50.0,0,I,SMALL_CITIES,OTHER,4,22.0
46691,1,6,121,2,3,40.0,0,N,MELB_URBAN,ROAD,4,17.0
46692,1,6,113,4,3,60.0,0,I,MELB_URBAN,ROAD,4,23.0
46693,1,6,99,5,3,40.0,0,N,MELBOURNE_CBD,STREET,4,23.0
46694,2,6,102,1,3,40.0,0,I,MELB_URBAN,AVENUE,4,21.0
46695,1,7,121,1,3,40.0,0,I,MELB_URBAN,STREET,4,3.0
46696,1,7,160,2,3,60.0,0,I,MELB_URBAN,ROAD,4,2.0
46697,8,5,170,5,1,100.0,0,N,RURAL_VICTORIA,ROAD,4,10.0
46698,4,7,173,5,3,70.0,0,N,MELB_URBAN,ROAD,4,4.0
46699,1,6,116,2,6,70.0,0,I,MELB_URBAN,ROAD,4,22.0
46700,1,6,130,2,9,80.0,0,I,MELB_URBAN,HIGHWAY,4,18.0
46701,4,6,171,5,2,60.0,0,N,MELB_URBAN,ROAD,4,17.0
46702,8,7,174,5,1,60.0,0,N,MELB_URBAN,ROAD,4,8.0
46703,1,7,110,1,2,60.0,0,I,MELB_URBAN,ROAD,4,7.0
46704,1,7,110,1,1,80.0,0,I,MELB_URBAN,OTHER,4,9.0
46705,1,6,135,5,6,100.0,0,N,MELB_URBAN,FREEWAY,4,6.0
46706,1,7,121,2,1,60.0,0,I,MELB_URBAN,HIGHWAY,4,10.0
46707,4,7,183,5,2,50.0,0,N,TOWNS,HIGHWAY,4,6.0
46708,1,4,113,2,1,50.0,0,I,MELB_URBAN,ROAD,4,13.0
46709,1,7,135,5,1,60.0,0,N,MELB_URBAN,ROAD,4,10.0
46710,4,7,171,5,1,100.0,0,N,RURAL_VICTORIA,ROAD,4,11.0
46711,1,6,111,2,1,80.0,0,I,MELB_URBAN,ROAD,4,12.0
46712,8,3,174,1,3,60.0,0,I,MELB_URBAN,ROAD,3,19.0
46713,2,7,100,2,1,60.0,0,I,SMALL_CITIES,AVENUE,4,11.0
46714,2,6,100,2,1,60.0,0,I,MELB_URBAN,PARADE,4,15.0
46715,2,7,99,5,1,50.0,0,N,MELB_URBAN,ROAD,4,13.0
46716,6,6,99,5,1,100.0,0,N,RURAL_VICTORIA,ROAD,4,15.0
46717,1,6,130,5,1,80.0,0,N,MELB_URBAN,ROAD,4,12.0
46718,1,7,121,2,1,60.0,0,I,MELB_URBAN,ROAD,4,10.0
46719,1,6,130,5,3,80.0,0,I,MELB_URBAN,RAMP,4,19.0
46720,1,7,130,5,1,60.0,0,N,MELB_URBAN,ROAD,4,13.0
46721,1,6,121,4,1,60.0,0,I,MELB_URBAN,ROAD,4,14.0
46722,1,7,113,2,1,60.0,0,N,MELB_URBAN,ROAD,4,11.0
46723,1,7,110,1,1,100.0,0,N,RURAL_VICTORIA,HIGHWAY,4,14.0
46724,1,7,110,1,1,60.0,0,I,MELB_URBAN,BOULEVARD,4,10.0
46725,1,7,121,2,3,50.0,0,I,MELB_URBAN,STREET,4,19.0
46726,1,5,99,1,2,60.0,0,I,MELB_URBAN,ROAD,4,16.0
46727,7,7,99,5,1,80.0,0,N,RURAL_VICTORIA,UNKNOWN,4,15.0
46728,1,2,110,1,1,50.0,0,I,MELB_URBAN,STREET,3,14.0
46729,1,6,113,1,2,40.0,0,I,SMALL_CITIES,STREET,4,17.0
46730,1,7,140,5,1,80.0,0,N,MELB_URBAN,HIGHWAY,4,13.0
46731,4,7,173,1,1,50.0,0,I,SMALL_CITIES,STREET,4,15.0
46732,1,7,130,1,1,60.0,0,I,MELB_URBAN,ROAD,4,15.0
46733,1,7,120,5,1,100.0,0,N,RURAL_VICTORIA,ROAD,4,16.0
46734,1,7,110,1,1,60.0,0,I,MELB_URBAN,ROAD,4,16.0
46735,1,6,120,5,5,100.0,0,N,RURAL_VICTORIA,ROAD,4,20.0
46736,1,7,163,5,2,40.0,0,N,MELB_URBAN,STREET,4,17.0
46737,4,7,171,5,1,110.0,0,N,LARGE_PROVINCIAL_CITIES,FREEWAY,4,16.0
46738,2,7,99,2,3,60.0,0,N,MELB_URBAN,ROAD,4,19.0
46739,2,7,100,5,3,50.0,0,N,MELB_URBAN,UNKNOWN,4,19.0
46740,1,7,121,1,3,50.0,0,I,MELB_URBAN,STREET,4,21.0
46741,1,7,160,5,3,50.0,0,N,MELB_URBAN,OTHER,4,20.0
46742,1,7,120,5,3,60.0,0,N,MELB_URBAN,ROAD,4,20.0
46743,2,7,100,2,3,60.0,0,I,MELB_URBAN,ROAD,4,19.0
46744,4,7,173,5,5,110.0,0,N,RURAL_VICTORIA,FREEWAY,4,4.0
46745,1,1,110,1,3,60.0,0,I,MELB_URBAN,ROAD,4,2.0
46746,1,6,130,2,1,60.0,0,N,MELB_URBAN,ROAD,4,13.0
46747,2,1,99,5,2,40.0,0,N,MELB_URBAN,DRIVE,4,6.0
46748,4,1,183,5,2,70.0,1,N,RURAL_VICTORIA,ROAD,4,7.0
46749,4,1,171,5,2,70.0,0,N,MELB_URBAN,STREET,4,7.0
46750,1,1,147,5,1,60.0,0,N,MELB_URBAN,BOULEVARD,4,10.0
46751,1,1,110,1,1,60.0,0,I,SMALL_CITIES,STREET,4,9.0
46752,2,7,100,1,3,40.0,0,I,MELBOURNE_CBD,STREET,4,22.0
46753,1,1,130,5,1,60.0,0,N,MELB_URBAN,STREET,4,10.0
46754,1,1,121,1,1,70.0,0,I,LARGE_PROVINCIAL_CITIES,ROAD,4,9.0
46755,4,1,181,5,5,100.0,1,N,RURAL_VICTORIA,ROAD,4,6.0
46756,6,1,99,5,1,100.0,0,N,RURAL_VICTORIA,HIGHWAY,4,9.0
46757,1,1,130,5,1,80.0,0,N,MELB_URBAN,HIGHWAY,4,12.0
46758,4,1,183,5,1,110.0,0,N,RURAL_VICTORIA,FREEWAY,4,10.0
46759,1,1,121,2,1,70.0,0,I,LARGE_PROVINCIAL_CITIES,ROAD,4,12.0
46760,1,1,132,2,1,60.0,0,I,MELB_URBAN,ROAD,4,11.0
46761,1,3,121,2,3,60.0,0,I,MELB_URBAN,STREET,4,19.0
46762,1,1,113,2,1,60.0,0,I,TOWNS,HIGHWAY,4,12.0
46763,1,0,99,5,1,50.0,0,N,TOWNS,STREET,4,13.0
46764,1,1,113,2,1,60.0,0,I,MELB_URBAN,ROAD,4,12.0
46765,4,7,183,5,1,100.0,0,N,RURAL_VICTORIA,ROAD,4,9.0
46766,4,1,171,5,1,60.0,0,N,MELB_URBAN,ROAD,4,14.0
46767,1,4,160,2,5,60.0,0,N,MELB_URBAN,STREET,12,21.0
46768,1,1,133,5,1,40.0,0,N,LARGE_PROVINCIAL_CITIES,ROAD,3,11.0
46769,1,5,113,2,2,50.0,0,I,MELB_URBAN,ROAD,4,19.0
46770,4,1,171,5,1,60.0,0,N,RURAL_VICTORIA,OTHER,4,14.0
46771,1,1,110,1,1,70.0,0,I,SMALL_CITIES,STREET,4,12.0
46772,4,1,171,1,2,100.0,0,I,RURAL_VICTORIA,ROAD,4,16.0
46773,8,6,174,5,1,50.0,0,N,MELB_URBAN,DRIVE,4,9.0
46774,1,3,121,5,1,60.0,0,N,MELB_URBAN,STREET,4,8.0
46775,1,6,163,5,3,60.0,0,N,MELBOURNE_CBD,STREET,4,18.0
46776,1,1,110,1,2,60.0,0,I,MELB_URBAN,ROAD,4,17.0
46777,2,1,99,5,1,90.0,0,N,RURAL_VICTORIA,ROAD,4,8.0
46778,3,1,171,5,5,90.0,0,N,RURAL_VICTORIA,ROAD,4,18.0
46779,1,1,110,1,3,60.0,0,I,MELB_URBAN,STREET,4,17.0
46780,4,1,171,1,3,50.0,0,I,MELB_URBAN,DRIVE,4,19.0
46781,1,3,130,2,9,60.0,0,I,MELB_URBAN,HIGHWAY,4,7.0
46782,4,1,171,5,3,50.0,0,N,MELB_URBAN,STREET,4,23.0
46783,1,2,121,2,2,60.0,0,I,MELB_URBAN,STREET,4,6.0
46784,4,2,183,5,1,100.0,0,N,RURAL_VICTORIA,ROAD,4,8.0
46785,2,2,100,2,1,50.0,0,I,MELB_URBAN,ROAD,4,8.0
46786,1,2,130,5,1,80.0,0,I,MELB_URBAN,ROAD,4,9.0
46787,1,7,121,1,3,60.0,0,I,MELB_URBAN,HIGHWAY,4,20.0
46788,1,6,140,2,1,70.0,0,I,MELB_URBAN,STREET,4,14.0
46789,4,5,181,5,2,100.0,0,N,RURAL_VICTORIA,ROAD,4,6.0
46790,2,2,100,2,1,50.0,0,I,MELB_URBAN,ROAD,4,10.0
46791,2,3,99,5,1,60.0,0,N,MELB_URBAN,ROAD,4,10.0
46792,4,4,173,5,1,100.0,0,N,RURAL_VICTORIA,ROAD,12,10.0
46793,4,2,181,5,2,100.0,0,N,RURAL_VICTORIA,ROAD,4,7.0
46794,1,4,130,5,2,60.0,0,N,MELB_URBAN,ROAD,4,17.0
46795,4,1,181,5,2,60.0,0,N,SMALL_TOWNS,ROAD,4,18.0
46796,1,2,116,1,1,60.0,0,I,MELB_URBAN,STREET,4,9.0
46797,3,1,167,5,1,60.0,0,O,RURAL_VICTORIA,OTHER,4,13.0
46798,1,2,121,1,1,50.0,0,I,MELBOURNE_CBD,STREET,3,14.0
46799,1,6,111,1,1,60.0,0,I,TOWNS,ROAD,4,9.0
46800,8,5,174,5,2,50.0,0,N,MELB_URBAN,STREET,4,6.0
46801,1,1,130,5,1,60.0,0,N,MELB_URBAN,ROAD,4,14.0
46802,1,5,130,1,2,60.0,0,I,SMALL_CITIES,PARADE,3,17.0
46803,3,2,167,5,1,100.0,0,N,RURAL_VICTORIA,HIGHWAY,4,10.0
46804,1,6,121,1,1,50.0,0,I,SMALL_CITIES,STREET,4,10.0
46805,1,2,121,2,1,60.0,0,I,MELB_URBAN,ROAD,4,16.0
46806,4,2,173,5,1,80.0,0,N,MELB_URBAN,ROAD,4,16.0
46807,1,7,99,5,1,60.0,0,N,MELB_URBAN,DRIVE,4,16.0
46808,2,2,100,5,1,50.0,0,N,MELB_URBAN,STREET,4,15.0
46809,1,2,130,5,1,70.0,0,N,MELB_URBAN,ROAD,4,16.0
46810,1,2,113,2,1,60.0,0,I,TOWNS,STREET,4,15.0
46811,1,2,113,2,2,70.0,0,I,MELB_URBAN,ROAD,4,7.0
46812,1,2,99,5,1,80.0,0,N,MELB_URBAN,HIGHWAY,4,16.0
46813,8,1,184,5,1,60.0,0,N,MELB_URBAN,AVENUE,4,10.0
46814,1,2,99,1,1,60.0,0,I,MELB_URBAN,STREET,4,12.0
46815,2,2,100,5,1,60.0,0,N,MELB_URBAN,STREET,4,16.0
46816,4,1,171,1,3,60.0,0,I,LARGE_PROVINCIAL_CITIES,ROAD,4,20.0
46817,1,2,135,5,2,100.0,0,N,RURAL_VICTORIA,FREEWAY,4,17.0
46818,2,5,100,5,1,60.0,0,N,MELB_URBAN,STREET,4,14.0
46819,1,2,160,5,5,50.0,0,N,MELB_URBAN,ROAD,4,19.0
46820,6,2,184,5,1,70.0,0,N,MELB_URBAN,ROAD,4,16.0
46821,1,2,121,1,3,80.0,0,I,MELB_URBAN,ROAD,4,21.0
46822,4,2,171,5,3,60.0,0,N,MELB_URBAN,STREET,4,21.0
46823,4,2,173,5,5,100.0,0,N,RURAL_VICTORIA,ROAD,4,4.0
46824,2,3,100,5,3,50.0,0,N,MELB_URBAN,ROAD,4,5.0
46825,2,2,99,5,1,50.0,0,N,MELB_URBAN,STREET,4,14.0
46826,1,2,121,2,1,60.0,0,I,MELB_URBAN,STREET,4,9.0
46827,8,7,99,5,1,100.0,0,N,RURAL_VICTORIA,ROAD,3,12.0
46828,1,3,113,2,1,50.0,0,I,MELB_URBAN,AVENUE,4,8.0
46829,6,1,174,5,1,60.0,0,N,RURAL_VICTORIA,OTHER,4,12.0
46830,1,3,121,1,1,60.0,0,I,MELB_URBAN,HIGHWAY,4,8.0
46831,1,3,99,2,1,50.0,0,I,MELB_URBAN,STREET,4,11.0
46832,1,3,110,1,1,50.0,0,I,SMALL_CITIES,STREET,4,9.0
46833,1,1,160,5,1,50.0,0,N,LARGE_PROVINCIAL_CITIES,AVENUE,3,16.0
46834,1,7,99,2,1,60.0,0,I,MELB_URBAN,ROAD,8,14.0
46835,1,4,113,2,9,60.0,0,I,MELB_URBAN,ROAD,1,17.0
46836,1,1,110,1,3,60.0,0,I,MELB_URBAN,STREET,4,0.0
46837,1,2,130,5,1,100.0,0,N,MELB_URBAN,FREEWAY,2,8.0
46838,1,3,130,5,1,60.0,0,N,MELB_URBAN,ROAD,4,8.0
46839,1,1,130,5,1,100.0,0,N,RURAL_VICTORIA,ROAD,4,16.0
46840,1,3,113,2,1,90.0,0,I,LARGE_PROVINCIAL_CITIES,HIGHWAY,4,9.0
46841,4,3,171,5,1,80.0,0,N,MELB_URBAN,ROAD,4,12.0
46842,1,3,130,5,1,110.0,0,N,RURAL_VICTORIA,FREEWAY,4,11.0
46843,2,3,100,1,1,80.0,0,I,MELB_URBAN,ROAD,4,11.0
46844,4,3,183,5,1,80.0,0,N,RURAL_VICTORIA,ROAD,4,8.0
46845,1,3,132,2,1,60.0,0,I,MELB_URBAN,ROAD,4,9.0
46846,2,3,100,5,1,80.0,0,N,MELB_URBAN,ROAD,4,13.0
46847,1,2,111,2,1,60.0,0,N,SMALL_CITIES,ROAD,4,9.0
46848,1,6,121,1,1,60.0,0,I,MELB_URBAN,ROAD,4,16.0
46849,1,6,130,5,2,80.0,0,N,MELB_URBAN,HIGHWAY,3,17.0
46850,1,3,160,5,1,50.0,0,N,MELB_URBAN,STREET,4,15.0
46851,1,3,134,5,1,60.0,0,N,MELB_URBAN,ROAD,4,15.0
46852,1,3,110,1,1,50.0,0,I,TOWNS,STREET,1,8.0
46853,8,4,174,5,1,60.0,0,N,MELB_URBAN,STREET,3,14.0
46854,1,7,133,1,1,70.0,0,I,MELB_URBAN,OTHER,1,13.0
46855,1,3,160,5,1,60.0,0,N,MELB_URBAN,DRIVE,4,15.0
46856,1,3,121,2,1,60.0,0,I,MELB_URBAN,ROAD,4,16.0
46857,1,3,132,2,2,80.0,0,I,RURAL_VICTORIA,AVENUE,4,17.0
46858,2,3,100,1,1,50.0,0,I,LARGE_PROVINCIAL_CITIES,STREET,4,15.0
46859,1,3,121,2,1,60.0,0,I,MELB_URBAN,ROAD,4,15.0
46860,1,3,147,5,3,50.0,0,N,MELB_URBAN,STREET,4,18.0
46861,1,3,120,5,2,70.0,0,N,MELB_URBAN,ROAD,4,17.0
46862,1,3,120,5,1,80.0,0,N,RURAL_VICTORIA,ROAD,4,16.0
46863,1,3,160,5,3,60.0,0,N,MELB_URBAN,STREET,4,19.0
46864,3,3,167,5,5,110.0,0,N,RURAL_VICTORIA,HIGHWAY,4,19.0
46865,1,1,160,5,3,60.0,0,N,MELB_URBAN,PARADE,1,3.0
46866,1,3,121,1,1,60.0,0,I,MELB_URBAN,STREET,4,16.0
46867,1,3,110,1,3,50.0,0,I,MELB_URBAN,STREET,4,18.0
46868,6,3,174,5,1,40.0,0,N,MELB_URBAN,STREET,4,7.0
46869,1,2,130,5,1,80.0,0,N,MELB_URBAN,UNKNOWN,4,16.0
46870,1,3,121,1,1,60.0,0,I,MELB_URBAN,ROAD,4,15.0
46871,3,7,167,5,2,100.0,0,N,RURAL_VICTORIA,ROAD,4,18.0
46872,1,3,121,4,5,60.0,0,I,MELB_URBAN,HIGHWAY,4,6.0
46873,8,4,174,2,2,80.0,0,I,MELB_URBAN,HIGHWAY,4,7.0
46874,1,3,130,5,1,60.0,0,N,MELB_URBAN,ROAD,4,7.0
46875,4,4,181,5,2,50.0,0,N,MELB_URBAN,DRIVE,4,6.0
46876,1,2,121,2,1,40.0,0,I,MELB_URBAN,HIGHWAY,4,16.0
46877,1,4,121,2,1,60.0,0,I,MELB_URBAN,ROAD,4,9.0
46878,1,4,130,5,2,60.0,0,N,MELB_URBAN,FREEWAY,4,6.0
46879,1,4,147,5,1,80.0,0,N,RURAL_VICTORIA,ROAD,4,8.0
46880,1,2,120,5,5,80.0,0,N,MELB_URBAN,DRIVE,4,17.0
46881,1,3,130,1,3,60.0,0,I,MELB_URBAN,ROAD,4,18.0
46882,1,1,121,1,9,80.0,0,I,MELB_URBAN,ROAD,4,15.0
46883,1,6,163,5,1,40.0,0,N,MELB_URBAN,ROAD,4,14.0
46884,2,4,99,2,1,40.0,0,I,TOWNS,ROAD,4,8.0
46885,1,3,132,5,6,60.0,0,N,MELB_URBAN,ROAD,4,18.0
46886,1,6,110,1,3,60.0,0,I,LARGE_PROVINCIAL_CITIES,ROAD,4,21.0
46887,1,4,130,1,2,70.0,0,N,MELB_URBAN,ROAD,4,17.0
46888,1,3,121,5,5,100.0,0,N,RURAL_VICTORIA,ROAD,4,21.0
46889,1,1,113,2,9,70.0,0,I,MELB_URBAN,ROAD,3,17.0
46890,8,4,170,5,1,100.0,0,N,RURAL_VICTORIA,ROAD,4,9.0
46891,1,4,130,5,1,40.0,0,N,MELB_URBAN,HIGHWAY,4,14.0
46892,1,4,121,4,1,80.0,0,I,MELB_URBAN,RAMP,4,11.0
46893,1,6,110,1,1,80.0,0,I,RURAL_VICTORIA,ROAD,4,12.0
46894,8,4,174,5,1,100.0,0,N,RURAL_VICTORIA,ROAD,4,13.0
46895,1,1,99,5,1,50.0,0,N,TOWNS,STREET,4,11.0
46896,1,5,99,5,9,60.0,0,N,LARGE_PROVINCIAL_CITIES,STREET,4,15.0
46897,1,4,121,2,1,60.0,0,I,MELB_URBAN,ROAD,4,16.0
46898,8,3,184,5,9,60.0,0,N,SMALL_TOWNS,ROAD,4,12.0
46899,2,6,99,5,6,70.0,0,N,MELB_URBAN,ROAD,4,19.0
46900,8,4,184,5,1,50.0,0,N,TOWNS,STREET,4,14.0
46901,2,4,99,5,1,80.0,1,N,MELB_URBAN,ROAD,4,12.0
46902,1,4,110,1,5,50.0,0,I,LARGE_PROVINCIAL_CITIES,STREET,2,21.0
46903,1,4,130,5,1,60.0,0,N,MELB_URBAN,BOULEVARD,12,12.0
46904,1,6,130,5,1,40.0,0,N,MELB_URBAN,STREET,4,11.0
46905,1,3,99,2,3,70.0,0,I,MELB_URBAN,ROAD,4,18.0
46906,1,4,120,5,1,60.0,0,N,MELB_URBAN,ROAD,4,16.0
46907,1,4,160,5,3,60.0,0,N,MELB_URBAN,AVENUE,4,20.0
46908,1,4,121,1,4,60.0,0,I,MELB_URBAN,STREET,4,20.0
46909,1,4,113,2,2,60.0,0,I,MELB_URBAN,ROAD,4,18.0
46910,1,4,130,1,2,60.0,0,N,MELB_URBAN,ROAD,4,7.0
46911,4,4,183,5,3,80.0,0,N,SMALL_CITIES,HIGHWAY,4,22.0
46912,4,3,181,5,6,60.0,0,N,MELB_URBAN,ROAD,4,23.0
46913,1,0,160,2,3,60.0,0,N,MELB_URBAN,ROAD,4,19.0
46914,1,1,130,5,1,70.0,0,I,MELB_URBAN,ROAD,4,10.0
46915,1,1,130,5,9,60.0,0,N,RURAL_VICTORIA,HIGHWAY,3,10.0
46916,2,4,100,1,1,80.0,0,I,MELB_URBAN,ROAD,4,11.0
46917,1,5,110,1,1,50.0,0,I,MELB_URBAN,ROAD,4,8.0
46918,1,7,110,1,2,60.0,0,I,MELB_URBAN,STREET,8,17.0
46919,1,3,116,1,1,50.0,0,I,LARGE_PROVINCIAL_CITIES,STREET,4,15.0
46920,4,3,183,5,2,60.0,0,N,RURAL_VICTORIA,ROAD,4,17.0
46921,4,1,181,5,1,60.0,0,N,RURAL_VICTORIA,ROAD,4,13.0
46922,1,4,99,5,1,50.0,0,N,SMALL_CITIES,STREET,4,9.0
46923,1,6,120,2,3,60.0,0,N,MELB_URBAN,STREET,12,19.0
46924,1,5,116,2,1,80.0,0,I,MELB_URBAN,OTHER,4,10.0
46925,1,5,99,1,2,60.0,0,I,TOWNS,STREET,4,7.0
46926,1,3,181,1,1,100.0,0,N,RURAL_VICTORIA,ROAD,1,12.0
46927,1,5,130,5,1,80.0,0,N,MELB_URBAN,ROAD,3,8.0
46928,2,5,100,5,1,50.0,0,N,SMALL_TOWNS,UNKNOWN,4,13.0
46929,1,5,130,1,1,80.0,0,N,MELB_URBAN,ROAD,4,8.0