,accident_type,day_of_week,dca_code,road_geometry,light_condition,speed_zone,severity,node_type,deg_urban_name,road_type,month,hour
46930,2,5,100,2,1,60.0,0,I,MELB_URBAN,ROAD,4,8.0
46931,1,5,110,1,2,60.0,0,I,MELB_URBAN,ROAD,4,7.0
46932,1,5,99,2,1,60.0,0,I,MELB_URBAN,ROAD,4,9.0
46933,1,3,121,1,3,80.0,0,I,MELB_URBAN,HIGHWAY,4,21.0
46934,1,6,130,1,1,60.0,0,N,MELB_URBAN,ROAD,4,16.0
46935,1,6,130,5,1,60.0,0,N,MELB_URBAN,STREET,4,12.0
46936,1,6,130,1,1,60.0,0,I,MELB_URBAN,STREET,10,11.0
46937,2,5,99,5,1,50.0,0,N,LARGE_PROVINCIAL_CITIES,STREET,4,12.0
46938,1,5,147,5,3,60.0,0,N,MELB_URBAN,ROAD,3,21.0
46939,1,7,130,5,1,70.0,0,N,LARGE_PROVINCIAL_CITIES,HIGHWAY,1,12.0
46940,2,7,99,5,9,60.0,0,N,MELB_URBAN,STREET,4,18.0
46941,1,4,147,2,1,60.0,0,I,SMALL_CITIES,PARADE,3,15.0
46942,2,5,100,2,1,50.0,0,I,MELB_URBAN,STREET,4,12.0
46943,8,1,184,5,1,80.0,0,N,RURAL_VICTORIA,STREET,1,11.0
46944,6,1,170,5,5,100.0,0,N,RURAL_VICTORIA,ROAD,3,21.0
46945,4,5,173,5,2,100.0,0,N,RURAL_VICTORIA,ROAD,4,7.0
46946,1,5,120,5,1,60.0,0,N,MELB_URBAN,ROAD,4,13.0
46947,8,4,174,5,1,60.0,0,N,RURAL_VICTORIA,OTHER,4,12.0
46948,8,5,174,5,1,100.0,0,N,MELB_URBAN,FREEWAY,4,9.0
46949,1,3,130,5,1,60.0,0,N,MELB_URBAN,ROAD,4,8.0
46950,6,5,184,5,1,100.0,0,N,RURAL_VICTORIA,ROAD,4,13.0
46951,8,3,174,5,1,60.0,0,N,RURAL_VICTORIA,ROAD,4,12.0
46952,1,4,110,1,1,60.0,0,I,SMALL_CITIES,ROAD,4,15.0
46953,1,4,99,2,2,70.0,0,I,MELB_URBAN,STREET,4,7.0
46954,1,5,110,1,6,60.0,0,I,MELB_URBAN,ROAD,4,22.0
46955,7,3,99,5,2,60.0,0,N,MELB_URBAN,DRIVE,12,21.0
46956,1,5,130,5,3,80.0,0,N,LARGE_PROVINCIAL_CITIES,ROAD,4,17.0
46957,4,5,171,5,4,80.0,0,N,RURAL_VICTORIA,ROAD,4,17.0
46958,1,5,140,2,1,70.0,0,I,MELB_URBAN,ROAD,4,16.0
46959,4,4,171,5,2,60.0,0,N,TOWNS,ROAD,4,17.0
46960,4,5,173,5,5,70.0,0,N,LARGE_PROVINCIAL_CITIES,ROAD,4,18.0
46961,1,5,113,2,3,60.0,0,I,MELB_URBAN,ROAD,4,18.0
46962,1,4,130,5,1,100.0,0,N,MELB_URBAN,ROAD,3,7.0
46963,1,5,140,5,3,80.0,0,N,MELB_URBAN,HIGHWAY,4,19.0
46964,1,6,130,5,2,80.0,0,N,MELB_URBAN,HIGHWAY,3,7.0
46965,2,5,99,5,3,60.0,0,N,MELB_URBAN,ROAD,4,19.0
46966,1,5,110,1,1,60.0,0,I,MELB_URBAN,ROAD,2,16.0
46967,4,5,99,2,3,50.0,0,I,LARGE_PROVINCIAL_CITIES,STREET,4,22.0
46968,4,5,181,5,3,60.0,0,N,MELB_URBAN,ROAD,4,23.0
46969,1,6,130,1,3,40.0,0,I,MELB_URBAN,HIGHWAY,4,1.0
46970,1,5,110,4,3,60.0,0,I,MELB_URBAN,ROAD,4,22.0
46971,1,6,130,5,9,80.0,0,N,MELB_URBAN,HIGHWAY,4,6.0
46972,1,6,147,5,1,60.0,0,N,MELB_URBAN,ROAD,4,7.0
46973,4,6,181,5,1,90.0,0,N,RURAL_VICTORIA,ROAD,2,10.0
46974,1,2,99,2,1,60.0,0,I,MELB_URBAN,STREET,3,15.0
46975,1,5,113,2,1,60.0,0,I,MELB_URBAN,ROAD,2,11.0
46976,6,6,99,5,1,60.0,0,N,MELB_URBAN,ROAD,3,13.0
46977,2,6,99,5,6,60.0,0,N,SMALL_CITIES,ROAD,4,2.0
46978,2,6,100,2,1,50.0,0,I,MELB_URBAN,STREET,4,9.0
46979,1,5,99,5,3,50.0,0,N,MELB_URBAN,PARADE,4,21.0
46980,1,3,130,5,1,100.0,0,N,SMALL_TOWNS,FREEWAY,12,7.0
46981,1,6,99,2,9,50.0,0,N,MELB_URBAN,ROAD,4,11.0
46982,1,6,130,5,1,100.0,0,N,RURAL_VICTORIA,HIGHWAY,3,11.0
46983,4,1,181,5,1,100.0,0,N,RURAL_VICTORIA,HIGHWAY,4,9.0
46984,1,6,99,5,1,50.0,0,N,MELB_URBAN,OTHER,4,11.0
46985,1,6,113,2,1,50.0,0,I,MELB_URBAN,STREET,4,9.0
46986,1,4,160,5,1,60.0,0,N,MELB_URBAN,STREET,2,15.0
46987,1,4,130,2,1,60.0,0,I,MELB_URBAN,STREET,4,11.0
46988,1,1,120,5,1,60.0,0,N,RURAL_VICTORIA,ROAD,4,12.0
46989,1,6,132,2,1,60.0,0,I,MELB_URBAN,ROAD,4,13.0
46990,1,6,130,5,1,60.0,0,N,SMALL_CITIES,ROAD,4,13.0
46991,1,2,99,5,5,60.0,0,N,RURAL_VICTORIA,ROAD,4,22.0
46992,6,5,174,5,1,100.0,0,N,RURAL_VICTORIA,ROAD,4,15.0
46993,1,4,130,1,1,60.0,0,I,MELB_URBAN,HIGHWAY,4,15.0
46994,1,6,110,1,1,40.0,0,I,MELB_URBAN,AVENUE,4,15.0
46995,1,3,121,2,1,80.0,0,I,MELB_URBAN,HIGHWAY,4,13.0
46996,1,7,120,2,2,50.0,0,I,MELB_URBAN,DRIVE,4,17.0
46997,1,6,133,5,1,60.0,0,N,MELB_URBAN,STREET,4,17.0
46998,1,6,130,5,1,70.0,0,N,RURAL_VICTORIA,HIGHWAY,4,16.0
46999,1,6,121,2,2,60.0,0,N,MELB_URBAN,ROAD,4,17.0
47000,1,6,130,5,1,70.0,0,N,MELB_URBAN,STREET,4,15.0
47001,1,6,130,5,1,60.0,0,N,SMALL_CITIES,STREET,4,16.0
47002,2,5,102,5,3,50.0,0,N,SMALL_CITIES,STREET,4,18.0
47003,1,3,111,1,2,60.0,0,I,SMALL_CITIES,ROAD,3,17.0
47004,1,6,113,2,3,60.0,0,N,MELB_URBAN,ROAD,4,18.0
47005,1,6,132,2,5,80.0,0,I,RURAL_VICTORIA,HIGHWAY,4,18.0
47006,1,6,130,5,2,60.0,0,N,LARGE_PROVINCIAL_CITIES,ROAD,4,17.0
47007,8,1,174,5,1,60.0,0,N,RURAL_VICTORIA,ROAD,3,16.0
47008,1,6,99,2,2,70.0,0,I,MELB_URBAN,ROAD,4,6.0
47009,1,6,110,1,2,100.0,0,I,RURAL_VICTORIA,FREEWAY,4,17.0
47010,1,6,147,5,1,60.0,0,N,MELB_URBAN,ROAD,4,16.0
47011,2,6,100,5,3,50.0,0,N,MELB_URBAN,STREET,4,18.0
47012,1,6,163,5,1,50.0,0,N,MELB_URBAN,AVENUE,2,8.0
47013,1,6,99,1,3,50.0,0,I,LARGE_PROVINCIAL_CITIES,STREET,4,21.0
47014,1,6,113,1,3,60.0,0,I,LARGE_PROVINCIAL_CITIES,STREET,4,18.0
47015,1,6,160,5,3,50.0,0,N,MELB_URBAN,STREET,4,19.0
47016,1,6,121,2,3,50.0,0,I,MELB_URBAN,STREET,4,18.0
47017,1,6,130,1,3,80.0,0,I,MELB_URBAN,AVENUE,4,23.0
47018,1,6,113,2,3,80.0,0,I,MELB_URBAN,ROAD,4,21.0
47019,1,6,130,1,6,60.0,0,I,MELB_URBAN,HIGHWAY,4,21.0
47020,4,5,173,5,3,60.0,0,N,MELB_URBAN,ROAD,4,20.0
47021,1,7,130,2,2,70.0,0,I,MELB_URBAN,ROAD,3,17.0
47022,2,7,100,4,3,60.0,0,I,MELB_URBAN,ROAD,4,6.0
47023,1,7,110,1,3,80.0,0,I,MELB_URBAN,ROAD,4,4.0
47024,1,1,130,5,1,70.0,0,N,MELB_URBAN,ROAD,4,11.0
47025,1,5,130,2,1,60.0,0,I,MELB_URBAN,ROAD,4,14.0
47026,2,6,99,5,1,60.0,1,N,SMALL_CITIES,STREET,4,11.0
47027,1,6,113,2,1,60.0,0,I,MELB_URBAN,STREET,4,16.0
47028,1,6,132,2,1,60.0,0,I,MELB_URBAN,ROAD,4,10.0
47029,1,7,121,1,2,70.0,0,N,MELB_URBAN,ROAD,4,7.0
47030,4,7,181,5,3,60.0,0,N,TOWNS,OTHER,4,4.0
47031,1,6,110,1,2,60.0,0,I,MELB_URBAN,STREET,3,17.0
47032,1,6,120,5,1,80.0,0,N,RURAL_VICTORIA,ROAD,4,10.0
47033,2,7,99,5,2,40.0,0,N,TOWNS,STREET,4,6.0
47034,4,7,183,5,1,80.0,0,N,RURAL_VICTORIA,ROAD,4,11.0
47035,2,6,102,5,3,50.0,0,N,MELB_URBAN,STREET,4,20.0
47036,1,7,121,2,1,60.0,0,I,MELB_URBAN,ROAD,4,13.0
47037,1,7,120,5,1,40.0,0,N,MELB_URBAN,ROAD,4,10.0
47038,7,7,99,1,1,60.0,0,I,MELB_URBAN,ROAD,4,13.0
47039,1,7,160,5,1,50.0,0,N,SMALL_CITIES,DRIVE,4,12.0
47040,1,6,110,1,1,60.0,0,I,MELB_URBAN,ROAD,4,10.0
47041,1,7,130,1,1,50.0,0,I,MELB_URBAN,DRIVE,4,12.0
47042,1,5,133,5,3,80.0,0,N,MELB_URBAN,HIGHWAY,4,22.0
47043,1,7,113,2,1,60.0,0,I,MELB_URBAN,ROAD,4,12.0
47044,1,7,140,5,1,100.0,0,N,RURAL_VICTORIA,ROAD,4,11.0
47045,2,7,100,2,1,40.0,0,I,MELB_URBAN,STREET,4,12.0
47046,4,6,181,5,1,60.0,0,N,RURAL_VICTORIA,ROAD,4,16.0
47047,4,6,181,2,1,50.0,0,I,LARGE_PROVINCIAL_CITIES,PARADE,4,14.0
47048,1,5,130,1,1,80.0,0,I,MELB_URBAN,HIGHWAY,4,9.0
47049,1,2,121,5,2,60.0,0,N,MELB_URBAN,ROAD,4,18.0
47050,1,7,113,4,2,80.0,0,I,MELB_URBAN,RAMP,4,16.0
47051,4,7,171,2,1,50.0,0,I,MELB_URBAN,ROAD,4,16.0
47052,6,7,170,5,1,100.0,0,N,RURAL_VICTORIA,ROAD,4,15.0
47053,1,7,160,5,1,60.0,0,N,LARGE_PROVINCIAL_CITIES,ROAD,4,15.0
47054,1,7,110,1,3,50.0,0,I,MELB_URBAN,ROAD,4,18.0
47055,1,7,130,5,3,60.0,0,N,MELB_URBAN,STREET,4,19.0
47056,6,7,170,5,3,80.0,0,N,MELB_URBAN,ROAD,4,18.0
47057,1,2,113,2,1,60.0,0,I,MELB_URBAN,AVENUE,4,8.0
47058,4,7,99,5,5,50.0,0,N,MELB_URBAN,OTHER,4,17.0
47059,4,7,99,2,5,100.0,0,I,RURAL_VICTORIA,ROAD,4,5.0
47060,4,7,181,2,5,100.0,1,I,RURAL_VICTORIA,ROAD,4,18.0
47061,1,6,110,1,3,60.0,0,I,MELB_URBAN,STREET,4,23.0
47062,1,6,130,1,2,70.0,0,I,SMALL_CITIES,PARADE,3,18.0
47063,4,7,181,5,5,100.0,0,N,RURAL_VICTORIA,ROAD,4,23.0
47064,4,1,171,5,5,110.0,0,N,TOWNS,FREEWAY,4,2.0
47065,4,1,183,5,5,100.0,0,N,RURAL_VICTORIA,HIGHWAY,4,2.0
47066,2,7,100,5,3,50.0,0,N,SMALL_CITIES,STREET,4,23.0
47067,1,3,130,5,1,60.0,0,N,MELB_URBAN,STREET,2,9.0
47068,1,6,130,2,1,60.0,0,I,MELB_URBAN,STREET,4,16.0
47069,1,0,110,1,1,60.0,0,I,LARGE_PROVINCIAL_CITIES,STREET,4,7.0
47070,1,6,163,5,1,60.0,0,N,MELB_URBAN,ROAD,4,15.0
47071,1,4,130,5,3,60.0,0,N,MELB_URBAN,FREEWAY,3,22.0
47072,1,5,130,2,1,70.0,0,I,MELB_URBAN,ROAD,12,16.0
47073,4,1,183,5,1,100.0,0,N,RURAL_VICTORIA,ROAD,4,8.0
47074,1,6,130,5,2,70.0,0,N,MELB_URBAN,ROAD,4,18.0
47075,1,1,110,4,1,80.0,0,N,MELB_URBAN,ROAD,4,11.0
47076,6,1,99,5,1,100.0,0,N,RURAL_VICTORIA,ROAD,4,9.0
47077,4,1,171,5,2,100.0,1,N,RURAL_VICTORIA,ROAD,4,7.0
47078,1,1,113,2,1,60.0,0,I,MELB_URBAN,STREET,4,12.0
47079,1,7,121,1,3,60.0,0,I,LARGE_PROVINCIAL_CITIES,ROAD,4,19.0
47080,4,1,181,5,1,80.0,0,N,RURAL_VICTORIA,ROAD,4,11.0
47081,1,6,130,5,3,60.0,0,N,MELB_URBAN,STREET,4,18.0
47082,4,1,173,5,1,50.0,0,N,MELB_URBAN,BOULEVARD,4,10.0
47083,4,6,173,5,3,50.0,0,N,MELB_URBAN,STREET,4,17.0
47084,2,6,99,5,2,60.0,0,N,TOWNS,STREET,4,20.0
47085,3,1,167,5,5,80.0,0,N,RURAL_VICTORIA,ROAD,4,18.0
47086,4,1,171,5,5,100.0,0,N,RURAL_VICTORIA,ROAD,4,20.0
47087,1,5,130,5,2,60.0,0,N,LARGE_PROVINCIAL_CITIES,ROAD,4,17.0
47088,4,2,99,2,3,60.0,0,I,MELB_URBAN,ROAD,4,0.0
47089,1,2,147,5,1,60.0,0,N,MELB_URBAN,ROAD,4,16.0
47090,1,2,110,1,1,60.0,0,I,LARGE_PROVINCIAL_CITIES,ROAD,2,9.0
47091,1,1,130,2,1,60.0,0,I,MELB_URBAN,ROAD,4,13.0
47092,1,7,160,5,1,50.0,0,N,MELB_URBAN,STREET,3,12.0
47093,1,0,121,2,3,60.0,0,I,MELB_URBAN,ROAD,4,3.0
47094,8,2,174,1,1,60.0,0,N,MELB_URBAN,ROAD,4,8.0
47095,4,2,181,5,5,100.0,0,N,RURAL_VICTORIA,ROAD,4,6.0
47096,1,2,121,2,1,60.0,0,I,MELB_URBAN,ROAD,4,8.0
47097,1,1,120,2,3,60.0,0,I,MELB_URBAN,ROAD,4,21.0
47098,1,5,130,5,3,50.0,0,N,MELB_URBAN,ROAD,4,19.0
47099,1,7,130,5,3,100.0,0,N,MELB_URBAN,FREEWAY,4,17.0
47100,1,2,130,5,1,100.0,0,N,MELB_URBAN,UNKNOWN,4,9.0
47101,1,1,113,2,1,50.0,0,I,TOWNS,HIGHWAY,4,11.0
47102,1,1,121,1,3,60.0,0,I,MELB_URBAN,STREET,4,18.0
47103,1,6,130,1,3,80.0,0,I,MELB_URBAN,ROAD,4,22.0
47104,4,2,173,5,1,100.0,1,N,RURAL_VICTORIA,HIGHWAY,4,11.0
47105,4,2,183,5,1,100.0,0,N,RURAL_VICTORIA,OTHER,4,9.0
47106,3,2,167,5,9,100.0,0,I,RURAL_VICTORIA,ROAD,3,17.0
47107,4,7,99,5,3,60.0,0,N,MELB_URBAN,ROAD,4,19.0
47108,8,1,170,5,1,80.0,0,N,MELB_URBAN,HIGHWAY,4,16.0
47109,1,1,110,1,1,50.0,0,I,MELB_URBAN,AVENUE,4,8.0
47110,4,1,171,2,1,70.0,0,I,MELB_URBAN,ROAD,4,12.0
47111,1,3,130,5,1,70.0,0,N,LARGE_PROVINCIAL_CITIES,HIGHWAY,3,15.0
47112,6,3,99,5,9,80.0,0,N,RURAL_VICTORIA,AVENUE,4,20.0
47113,4,1,173,5,5,100.0,0,N,RURAL_VICTORIA,HIGHWAY,4,5.0
47114,4,3,99,2,2,50.0,0,I,LARGE_PROVINCIAL_CITIES,DRIVE,4,18.0
47115,1,2,130,5,1,70.0,0,N,LARGE_PROVINCIAL_CITIES,HIGHWAY,4,12.0
47116,4,2,183,5,1,60.0,0,N,MELB_URBAN,ROAD,4,15.0
47117,1,1,135,5,1,60.0,0,N,LARGE_PROVINCIAL_CITIES,STREET,4,13.0
47118,4,2,171,5,1,80.0,0,N,RURAL_VICTORIA,HIGHWAY,4,16.0
47119,1,2,110,1,1,100.0,0,I,RURAL_VICTORIA,ROAD,4,15.0
47120,1,2,130,4,1,80.0,0,I,MELB_URBAN,RAMP,4,8.0
47121,1,2,121,1,1,60.0,0,I,MELB_URBAN,STREET,4,15.0
47122,1,2,99,1,3,40.0,0,I,MELBOURNE_CBD,STREET,4,18.0
47123,1,2,121,2,2,60.0,0,I,MELB_URBAN,STREET,4,17.0
47124,1,2,140,5,3,50.0,0,N,MELB_URBAN,OTHER,4,19.0
47125,4,2,171,5,3,70.0,0,N,SMALL_CITIES,HIGHWAY,4,19.0
47126,1,2,110,1,1,60.0,0,I,LARGE_PROVINCIAL_CITIES,STREET,4,14.0
47127,4,2,181,5,5,100.0,0,N,RURAL_VICTORIA,ROAD,4,18.0
47128,3,2,167,5,5,100.0,0,N,RURAL_VICTORIA,HIGHWAY,4,21.0
47129,4,1,171,2,2,40.0,0,N,LARGE_PROVINCIAL_CITIES,ROAD,4,17.0
47130,4,2,171,5,6,60.0,0,N,MELB_URBAN,ROAD,4,23.0
47131,4,2,183,5,3,50.0,0,N,MELB_URBAN,AVENUE,4,22.0
47132,1,7,121,5,1,70.0,0,I,MELB_URBAN,HIGHWAY,4,12.0
47133,1,3,110,1,1,60.0,0,I,MELB_URBAN,ROAD,4,8.0
47134,3,1,167,5,3,80.0,0,N,RURAL_VICTORIA,ROAD,2,5.0
47135,1,6,130,5,2,100.0,0,N,MELB_URBAN,FREEWAY,4,6.0
47136,6,3,99,5,2,80.0,0,N,MELB_URBAN,HIGHWAY,4,6.0
47137,1,3,111,1,2,50.0,0,I,MELB_URBAN,STREET,4,7.0
47138,1,2,130,5,3,60.0,0,N,MELB_URBAN,ROAD,4,18.0
47139,8,3,174,5,1,70.0,0,N,MELB_URBAN,ROAD,4,10.0
47140,1,6,130,2,2,60.0,0,I,MELB_URBAN,ROAD,4,20.0
47141,1,3,147,5,1,50.0,0,N,LARGE_PROVINCIAL_CITIES,ROAD,4,11.0
47142,6,1,174,9,1,60.0,0,N,RURAL_VICTORIA,ROAD,4,11.0
47143,4,3,183,5,1,100.0,0,N,RURAL_VICTORIA,ROAD,3,12.0
47144,6,2,184,5,1,30.0,0,N,RURAL_VICTORIA,ROAD,4,11.0
47145,1,3,130,5,1,60.0,0,N,MELB_URBAN,PARADE,4,8.0
47146,2,6,99,5,1,60.0,0,N,MELB_URBAN,ROAD,4,11.0
47147,4,3,173,5,1,110.0,0,N,RURAL_VICTORIA,FREEWAY,4,12.0
47148,1,3,134,5,1,80.0,0,N,MELB_URBAN,UNKNOWN,4,13.0
47149,1,3,99,5,1,60.0,0,N,MELB_URBAN,ROAD,4,14.0
47150,1,3,121,2,3,60.0,0,I,MELB_URBAN,ROAD,4,22.0
47151,1,6,99,1,1,60.0,0,I,MELB_URBAN,STREET,4,15.0
47152,1,3,130,1,1,60.0,0,I,MELB_URBAN,ROAD,3,15.0
47153,1,4,110,1,2,60.0,0,I,MELB_URBAN,ROAD,4,6.0
47154,8,3,99,1,2,60.0,0,I,MELB_URBAN,STREET,4,6.0
47155,1,3,160,1,1,60.0,0,I,MELB_URBAN,STREET,4,12.0
47156,2,3,99,5,1,50.0,0,N,MELB_URBAN,DRIVE,4,16.0
47157,7,1,99,5,3,50.0,0,N,MELB_URBAN,OTHER,12,22.0
47158,1,3,99,2,1,50.0,0,I,SMALL_CITIES,OTHER,4,15.0
47159,1,7,147,5,1,40.0,0,N,MELB_URBAN,STREET,4,16.0
47160,1,3,132,2,2,70.0,0,I,MELB_URBAN,ROAD,4,17.0
47161,1,3,130,1,1,80.0,0,I,MELB_URBAN,ROAD,4,13.0
47162,2,3,102,1,3,60.0,0,N,MELB_URBAN,ROAD,4,18.0
47163,4,2,183,5,5,60.0,0,N,RURAL_VICTORIA,ROAD,4,18.0
47164,2,3,102,1,3,60.0,0,I,MELB_URBAN,ROAD,4,20.0
47165,1,4,113,4,3,60.0,0,N,MELB_URBAN,OTHER,4,0.0
47166,4,7,181,5,1,100.0,0,N,RURAL_VICTORIA,HIGHWAY,3,15.0
47167,4,3,171,5,5,100.0,0,N,RURAL_VICTORIA,ROAD,4,5.0
47168,1,4,113,1,2,60.0,0,I,TOWNS,HIGHWAY,4,7.0
47169,1,4,99,5,1,60.0,0,N,MELB_URBAN,ROAD,3,10.0
47170,2,4,100,1,1,60.0,0,I,MELB_URBAN,ROAD,4,8.0
47171,1,4,140,5,3,50.0,0,N,MELB_URBAN,ROAD,4,6.0
47172,1,4,99,5,1,60.0,0,N,MELB_URBAN,ROAD,4,8.0
47173,1,6,130,5,1,100.0,0,N,RURAL_VICTORIA,ROAD,3,10.0
47174,1,0,130,2,1,80.0,0,I,RURAL_VICTORIA,HIGHWAY,4,10.0
47175,8,1,99,5,1,80.0,0,N,RURAL_VICTORIA,ROAD,4,12.0
47176,1,4,111,2,2,50.0,0,I,MELB_URBAN,DRIVE,4,7.0
47177,1,4,134,1,1,60.0,0,I,MELB_URBAN,ROAD,4,9.0
47178,1,4,147,5,1,100.0,0,N,RURAL_VICTORIA,ROAD,4,8.0
47179,1,3,130,1,1,60.0,0,I,MELB_URBAN,ROAD,4,12.0
47180,1,4,130,5,1,100.0,0,N,RURAL_VICTORIA,HIGHWAY,4,8.0
47181,1,4,110,1,1,60.0,0,I,MELB_URBAN,STREET,4,10.0
47182,1,7,121,1,1,40.0,0,I,MELB_URBAN,STREET,4,9.0
47183,1,4,147,5,1,50.0,0,N,SMALL_CITIES,STREET,3,9.0
47184,1,3,130,1,1,80.0,0,I,MELB_URBAN,HIGHWAY,4,10.0
47185,1,4,113,4,1,50.0,0,I,MELB_URBAN,RAMP,4,13.0
47186,1,4,147,5,1,50.0,0,N,MELB_URBAN,OTHER,4,12.0
47187,2,4,100,2,1,60.0,0,I,MELB_URBAN,ROAD,4,12.0
47188,1,5,99,5,1,80.0,0,N,RURAL_VICTORIA,ROAD,4,9.0
47189,1,4,99,5,1,50.0,0,N,MELB_URBAN,ROAD,4,12.0
47190,6,3,170,5,1,100.0,0,N,RURAL_VICTORIA,HIGHWAY,4,10.0
47191,1,4,130,5,1,80.0,0,N,MELB_URBAN,ROAD,4,12.0
47192,1,4,130,5,1,80.0,0,N,MELB_URBAN,UNKNOWN,4,10.0
47193,1,7,130,2,1,60.0,0,I,MELB_URBAN,ROAD,2,15.0
47194,1,6,99,4,6,60.0,0,I,MELB_URBAN,RAMP,4,20.0
47195,6,2,174,2,3,60.0,0,I,MELB_URBAN,ROAD,4,22.0
47196,1,5,130,1,1,60.0,0,I,MELB_URBAN,ROAD,10,12.0
47197,2,4,100,1,1,40.0,0,I,MELBOURNE_CBD,STREET,4,16.0
47198,1,4,110,1,1,60.0,0,I,TOWNS,STREET,4,8.0
47199,1,2,99,2,3,60.0,0,I,MELB_URBAN,PARADE,4,21.0
47200,1,4,130,4,2,60.0,0,I,MELB_URBAN,RAMP,4,5.0
47201,1,4,130,5,1,60.0,0,N,MELB_URBAN,STREET,4,16.0
47202,2,4,99,5,1,50.0,0,N,MELB_URBAN,ROAD,4,15.0
47203,8,4,184,5,1,60.0,0,N,RURAL_VICTORIA,ROAD,4,11.0
47204,1,3,110,1,6,50.0,0,I,LARGE_PROVINCIAL_CITIES,STREET,4,18.0
47205,1,3,140,5,1,100.0,0,N,RURAL_VICTORIA,HIGHWAY,4,12.0
47206,2,4,100,2,5,50.0,0,I,SMALL_CITIES,STREET,4,18.0
47207,1,6,135,2,1,70.0,0,I,MELB_URBAN,ROAD,6,10.0
47208,1,4,130,5,3,100.0,0,N,MELB_URBAN,ROAD,4,18.0
47209,1,4,130,2,1,60.0,0,I,MELB_URBAN,ROAD,4,10.0
47210,1,3,130,5,3,60.0,0,N,MELB_URBAN,ROAD,4,20.0
47211,1,3,99,5,1,50.0,0,N,LARGE_PROVINCIAL_CITIES,UNKNOWN,4,14.0
47212,8,4,174,2,2,60.0,0,I,MELB_URBAN,PARADE,4,17.0
47213,1,3,147,5,6,40.0,0,N,MELB_URBAN,ROAD,4,19.0
47214,1,7,130,1,9,60.0,0,I,MELB_URBAN,ROAD,4,12.0
47215,1,4,130,5,3,80.0,0,N,MELB_URBAN,ROAD,4,22.0
47216,4,5,171,5,3,60.0,0,N,MELB_URBAN,ROAD,4,1.0
47217,1,5,160,5,3,60.0,0,N,MELB_URBAN,ROAD,4,0.0
47218,1,5,110,1,3,60.0,0,I,MELB_URBAN,ROAD,4,1.0
47219,1,4,160,5,3,60.0,0,N,MELB_URBAN,STREET,4,3.0
47220,1,4,130,1,1,70.0,0,N,MELB_URBAN,ROAD,4,12.0
47221,1,5,130,5,2,60.0,0,N,MELB_URBAN,STREET,4,7.0
47222,1,5,113,1,3,60.0,0,I,MELB_URBAN,ROAD,4,20.0
47223,2,5,100,1,1,60.0,0,I,MELB_URBAN,ROAD,4,9.0
47224,1,5,140,5,1,100.0,0,N,RURAL_VICTORIA,HIGHWAY,4,8.0
47225,1,4,135,2,1,60.0,0,I,MELB_URBAN,ROAD,4,8.0
47226,1,4,130,1,1,60.0,0,I,MELB_URBAN,ROAD,4,11.0
47227,1,1,130,1,1,70.0,0,I,MELB_URBAN,ROAD,3,15.0
47228,1,1,130,2,1,50.0,0,I,MELB_URBAN,ROAD,3,11.0
47229,1,2,130,5,2,80.0,0,N,RURAL_VICTORIA,ROAD,4,18.0
47230,1,4,130,5,1,100.0,0,N,MELB_URBAN,ROAD,4,13.0
47231,2,2,102,1,6,80.0,0,I,MELB_URBAN,HIGHWAY,4,22.0
47232,2,5,99,5,1,50.0,0,N,TOWNS,STREET,4,10.0
47233,1,5,99,2,3,50.0,0,I,MELB_URBAN,ROAD,4,6.0
47234,1,4,113,2,1,70.0,0,I,MELB_URBAN,ROAD,4,10.0
47235,4,3,171,5,5,60.0,0,N,RURAL_VICTORIA,ROAD,4,19.0
47236,1,4,134,5,1,60.0,0,N,MELB_URBAN,ROAD,4,8.0
47237,1,4,99,2,2,40.0,0,I,MELB_URBAN,STREET,4,18.0
47238,1,5,121,2,1,60.0,0,I,MELB_URBAN,ROAD,4,16.0
47239,4,5,171,2,1,100.0,0,I,RURAL_VICTORIA,ROAD,4,12.0
47240,1,3,99,5,1,60.0,0,N,MELB_URBAN,ROAD,4,15.0
47241,1,4,140,5,1,100.0,0,N,RURAL_VICTORIA,HIGHWAY,4,11.0
47242,4,3,171,5,3,100.0,0,N,RURAL_VICTORIA,ROAD,4,20.0
47243,1,2,132,2,2,60.0,0,I,SMALL_CITIES,STREET,4,17.0
47244,5,0,99,5,2,100.0,0,N,RURAL_VICTORIA,ROAD,4,18.0
47245,1,5,113,2,1,90.0,0,I,LARGE_PROVINCIAL_CITIES,HIGHWAY,4,12.0
47246,1,1,160,5,1,60.0,0,N,SMALL_CITIES,ROAD,3,15.0
47247,1,4,140,5,1,50.0,0,N,SMALL_CITIES,STREET,4,14.0
47248,1,4,130,5,1,100.0,0,N,RURAL_VICTORIA,HIGHWAY,4,15.0
47249,1,5,110,1,1,80.0,0,I,LARGE_PROVINCIAL_CITIES,OTHER,4,12.0
47250,1,5,99,1,1,40.0,0,I,MELB_URBAN,STREET,4,9.0
47251,4,5,171,5,1,80.0,0,N,RURAL_VICTORIA,ROAD,4,16.0
47252,1,5,121,1,1,40.0,0,I,MELB_URBAN,STREET,4,16.0
47253,1,5,113,2,2,60.0,0,I,MELB_URBAN,HIGHWAY,4,17.0
47254,1,6,130,2,1,60.0,0,I,MELB_URBAN,STREET,1,9.0
47255,1,4,99,2,1,50.0,0,I,SMALL_CITIES,OTHER,4,15.0
47256,1,2,133,1,2,60.0,0,I,MELB_URBAN,BOULEVARD,4,17.0
47257,1,4,121,2,3,60.0,0,I,MELB_URBAN,HIGHWAY,4,18.0
47258,1,4,140,5,3,60.0,0,N,MELB_URBAN,ROAD,4,17.0
47259,1,4,133,5,3,100.0,0,N,MELB_URBAN,ROAD,4,18.0
47260,1,5,110,4,3,60.0,0,I,LARGE_PROVINCIAL_CITIES,ROAD,4,19.0