,accident_type,day_of_week,dca_code,road_geometry,light_condition,speed_zone,severity,node_type,deg_urban_name,road_type,month,hour
47261,1,5,132,2,3,60.0,0,I,MELB_URBAN,ROAD,4,19.0
47262,2,5,102,5,3,60.0,0,N,MELB_URBAN,ROAD,4,22.0
47263,1,5,130,5,3,60.0,0,N,SMALL_CITIES,ROAD,4,18.0
47264,1,4,135,5,3,100.0,0,N,MELB_URBAN,RAMP,4,18.0
47265,1,2,113,2,2,60.0,0,I,LARGE_PROVINCIAL_CITIES,STREET,4,17.0
47266,1,6,121,5,3,50.0,0,N,TOWNS,STREET,5,6.0
47267,2,7,100,2,1,40.0,0,I,MELB_URBAN,ROAD,4,16.0
47268,1,6,130,5,1,60.0,0,N,MELB_URBAN,ROAD,5,8.0
47269,1,6,121,2,3,70.0,0,I,MELB_URBAN,ROAD,4,22.0
47270,1,2,130,2,1,60.0,0,N,MELB_URBAN,STREET,3,11.0
47271,1,6,130,2,1,80.0,0,I,MELB_URBAN,HIGHWAY,5,8.0
47272,4,7,181,5,1,60.0,0,N,RURAL_VICTORIA,ROAD,3,11.0
47273,1,5,113,2,1,60.0,0,N,MELB_URBAN,STREET,5,9.0
47274,2,6,99,5,1,50.0,0,N,MELB_URBAN,ROAD,5,9.0
47275,1,6,130,1,2,40.0,0,I,MELB_URBAN,ROAD,5,7.0
47276,6,5,99,5,5,100.0,0,N,RURAL_VICTORIA,HIGHWAY,4,19.0
47277,4,6,173,5,1,80.0,0,N,MELB_URBAN,ROAD,5,10.0
47278,4,6,171,5,1,60.0,0,N,RURAL_VICTORIA,ROAD,5,10.0
47279,1,6,130,4,1,80.0,0,I,MELB_URBAN,HIGHWAY,3,8.0
47280,4,6,181,5,1,50.0,0,N,MELB_URBAN,OTHER,5,11.0
47281,1,6,130,1,1,80.0,0,I,MELB_URBAN,AVENUE,5,12.0
47282,1,5,113,2,1,80.0,0,I,MELB_URBAN,HIGHWAY,5,12.0
47283,8,6,184,4,1,60.0,0,N,MELB_URBAN,STREET,5,13.0
47284,1,6,121,2,1,60.0,0,I,MELB_URBAN,ROAD,5,13.0
47285,1,5,163,5,3,40.0,0,N,MELBOURNE_CBD,STREET,4,18.0
47286,4,6,171,4,1,60.0,0,I,SMALL_TOWNS,RAMP,1,15.0
47287,1,5,116,2,1,70.0,0,I,MELB_URBAN,STREET,4,16.0
47288,1,6,110,1,1,100.0,0,I,RURAL_VICTORIA,FREEWAY,5,14.0
47289,1,6,130,5,1,100.0,0,N,MELB_URBAN,ROAD,5,8.0
47290,4,3,173,5,5,100.0,0,N,RURAL_VICTORIA,ROAD,4,19.0
47291,1,6,121,2,1,60.0,0,I,MELB_URBAN,ROAD,5,9.0
47292,1,6,110,1,2,50.0,0,I,MELB_URBAN,STREET,5,17.0
47293,1,6,110,1,2,80.0,0,I,RURAL_VICTORIA,ROAD,5,17.0
47294,1,5,110,1,1,50.0,0,I,MELB_URBAN,STREET,5,16.0
47295,1,6,132,5,3,60.0,0,N,MELB_URBAN,ROAD,5,17.0
47296,1,6,99,1,2,60.0,0,I,RURAL_VICTORIA,ROAD,5,16.0
47297,1,6,121,1,3,50.0,0,I,SMALL_CITIES,STREET,5,18.0
47298,1,6,132,5,3,60.0,0,N,MELB_URBAN,ROAD,5,18.0
47299,1,6,113,4,4,60.0,0,N,MELB_URBAN,ROAD,5,19.0
47300,6,5,174,4,1,80.0,0,N,MELB_URBAN,ROAD,4,15.0
47301,1,6,160,4,2,50.0,0,I,LARGE_PROVINCIAL_CITIES,PARADE,5,17.0
47302,1,6,121,2,3,60.0,0,I,MELB_URBAN,STREET,5,20.0
47303,1,5,121,1,3,60.0,0,I,MELB_URBAN,ROAD,5,19.0
47304,4,6,173,5,3,60.0,0,N,MELB_URBAN,ROAD,5,20.0
47305,1,3,121,4,1,60.0,0,I,SMALL_CITIES,RAMP,4,13.0
47306,4,6,171,5,3,100.0,0,N,RURAL_VICTORIA,ROAD,5,2.0
47307,1,7,113,2,1,50.0,0,I,MELB_URBAN,STREET,4,8.0
47308,4,7,181,5,5,100.0,1,N,RURAL_VICTORIA,ROAD,5,0.0
47309,1,2,121,2,2,90.0,0,I,RURAL_VICTORIA,HIGHWAY,4,17.0
47310,2,7,100,5,1,50.0,0,I,MELB_URBAN,HIGHWAY,5,9.0
47311,1,6,140,2,1,60.0,0,I,MELB_URBAN,STREET,5,8.0
47312,1,7,130,1,1,60.0,0,I,MELB_URBAN,ROAD,4,8.0
47313,1,7,113,2,1,60.0,0,I,TOWNS,ROAD,5,10.0
47314,1,6,133,5,1,60.0,0,N,MELB_URBAN,HIGHWAY,5,11.0
47315,1,6,160,5,6,50.0,0,N,SMALL_CITIES,STREET,5,5.0
47316,1,7,116,1,1,70.0,0,I,MELB_URBAN,STREET,5,13.0
47317,1,6,110,1,1,60.0,0,I,SMALL_CITIES,ROAD,5,12.0
47318,1,7,99,5,1,80.0,0,N,MELB_URBAN,ROAD,5,13.0
47319,2,7,102,5,1,50.0,0,N,MELB_URBAN,STREET,5,13.0
47320,6,7,99,5,1,100.0,0,N,RURAL_VICTORIA,ROAD,5,13.0
47321,2,5,99,2,2,60.0,0,I,MELBOURNE_CBD,OTHER,4,17.0
47322,1,7,121,1,1,60.0,0,I,MELB_URBAN,OTHER,5,14.0
47323,2,6,100,5,1,60.0,0,N,MELB_URBAN,ROAD,5,13.0
47324,1,5,130,1,2,60.0,0,I,MELB_URBAN,ROAD,4,17.0
47325,1,7,113,4,1,80.0,0,N,MELB_URBAN,ROAD,5,15.0
47326,1,6,130,2,2,80.0,0,I,MELB_URBAN,HIGHWAY,5,17.0
47327,1,7,99,2,2,50.0,0,N,MELB_URBAN,BOULEVARD,5,16.0
47328,1,7,113,2,2,60.0,0,I,TOWNS,HIGHWAY,5,17.0
47329,1,7,113,2,3,60.0,0,I,MELB_URBAN,ROAD,5,17.0
47330,1,6,113,1,2,60.0,0,I,MELB_URBAN,HIGHWAY,2,7.0
47331,4,7,171,2,2,60.0,0,I,RURAL_VICTORIA,ROAD,5,16.0
47332,4,7,173,5,5,100.0,0,N,RURAL_VICTORIA,ROAD,5,19.0
47333,1,7,121,1,1,60.0,0,I,MELB_URBAN,STREET,5,15.0
47334,1,7,133,2,3,80.0,0,N,MELB_URBAN,HIGHWAY,5,20.0
47335,4,7,171,5,3,60.0,0,N,SMALL_CITIES,ROAD,5,20.0
47336,1,4,99,2,3,60.0,0,I,TOWNS,STREET,4,18.0
47337,6,7,170,5,2,100.0,0,N,RURAL_VICTORIA,HIGHWAY,5,17.0
47338,1,0,130,1,1,60.0,0,I,MELB_URBAN,ROAD,4,10.0
47339,2,1,102,1,3,60.0,0,I,MELB_URBAN,ROAD,5,1.0
47340,1,7,110,1,1,100.0,0,I,RURAL_VICTORIA,ROAD,5,14.0
47341,4,1,171,2,2,60.0,0,I,MELB_URBAN,ROAD,5,7.0
47342,1,1,121,1,1,60.0,0,I,MELB_URBAN,ROAD,5,9.0
47343,2,6,100,5,1,40.0,0,N,MELB_URBAN,STREET,5,15.0
47344,6,1,174,2,1,60.0,0,I,MELB_URBAN,ROAD,5,8.0
47345,2,7,100,2,6,60.0,0,I,MELB_URBAN,AVENUE,5,19.0
47346,1,1,130,5,1,80.0,0,N,MELB_URBAN,HIGHWAY,5,12.0
47347,1,7,99,2,3,60.0,0,I,MELB_URBAN,ROAD,5,19.0
47348,6,1,99,5,1,100.0,0,N,RURAL_VICTORIA,OTHER,5,9.0
47349,1,1,130,4,2,80.0,0,I,MELB_URBAN,RAMP,5,7.0
47350,8,1,99,5,1,100.0,0,N,RURAL_VICTORIA,ROAD,5,13.0
47351,1,1,99,5,1,60.0,0,N,SMALL_CITIES,ROAD,5,10.0
47352,4,1,99,2,1,80.0,0,I,MELB_URBAN,HIGHWAY,5,14.0
47353,6,1,99,2,1,70.0,0,I,RURAL_VICTORIA,OTHER,5,11.0
47354,1,6,110,1,1,60.0,0,I,RURAL_VICTORIA,ROAD,5,8.0
47355,1,1,132,1,1,60.0,0,I,SMALL_CITIES,STREET,5,14.0
47356,1,1,130,2,1,60.0,0,I,MELB_URBAN,ROAD,5,8.0
47357,4,1,181,5,1,80.0,0,N,RURAL_VICTORIA,ROAD,5,13.0
47358,1,1,113,1,1,100.0,0,I,RURAL_VICTORIA,ROAD,5,14.0
47359,1,7,130,1,2,60.0,0,I,MELB_URBAN,ROAD,5,17.0
47360,6,1,99,5,1,100.0,0,N,RURAL_VICTORIA,HIGHWAY,5,8.0
47361,1,6,130,2,3,60.0,0,I,MELB_URBAN,ROAD,5,19.0
47362,1,1,120,5,1,100.0,1,N,RURAL_VICTORIA,HIGHWAY,5,10.0
47363,1,1,121,2,2,70.0,0,I,MELB_URBAN,ROAD,5,16.0
47364,1,1,110,1,3,50.0,0,I,MELB_URBAN,STREET,5,18.0
47365,4,1,173,5,2,100.0,0,N,RURAL_VICTORIA,ROAD,5,17.0
47366,1,1,130,5,3,40.0,0,N,MELB_URBAN,STREET,5,19.0
47367,1,1,99,2,3,60.0,0,I,LARGE_PROVINCIAL_CITIES,STREET,5,21.0
47368,1,1,99,5,5,50.0,0,N,LARGE_PROVINCIAL_CITIES,STREET,5,4.0
47369,1,1,111,1,2,100.0,0,I,RURAL_VICTORIA,ROAD,5,16.0
47370,1,6,130,5,3,80.0,0,N,SMALL_CITIES,HIGHWAY,5,19.0
47371,4,2,171,5,3,80.0,0,N,MELB_URBAN,HIGHWAY,5,3.0
47372,1,2,160,5,3,60.0,0,N,SMALL_CITIES,DRIVE,5,5.0
47373,1,2,99,1,3,50.0,0,I,MELB_URBAN,BOULEVARD,5,6.0
47374,1,2,130,5,3,50.0,0,N,LARGE_PROVINCIAL_CITIES,STREET,5,6.0
47375,1,2,130,2,2,60.0,0,I,MELB_URBAN,HIGHWAY,5,6.0
47376,1,1,121,5,1,60.0,0,N,MELB_URBAN,ROAD,5,12.0
47377,1,2,113,2,3,60.0,0,I,MELB_URBAN,STREET,5,6.0
47378,1,2,99,5,5,40.0,0,N,RURAL_VICTORIA,HIGHWAY,5,6.0
47379,1,0,130,5,1,80.0,0,N,MELB_URBAN,UNKNOWN,5,14.0
47380,1,2,130,2,1,60.0,0,I,LARGE_PROVINCIAL_CITIES,STREET,4,9.0
47381,1,2,121,5,1,60.0,0,N,MELB_URBAN,STREET,5,10.0
47382,1,5,130,1,2,50.0,0,I,MELB_URBAN,OTHER,5,5.0
47383,1,7,130,2,1,60.0,0,I,SMALL_CITIES,HIGHWAY,3,9.0
47384,1,2,130,5,2,100.0,0,N,MELB_URBAN,FREEWAY,5,7.0
47385,1,2,111,2,5,80.0,0,I,RURAL_VICTORIA,ROAD,5,6.0
47386,4,6,173,5,6,60.0,0,N,RURAL_VICTORIA,ROAD,4,18.0
47387,1,4,135,5,2,70.0,0,N,MELB_URBAN,ROAD,4,17.0
47388,1,5,121,1,9,70.0,0,I,LARGE_PROVINCIAL_CITIES,HIGHWAY,4,11.0
47389,1,4,130,2,2,70.0,0,N,MELB_URBAN,ROAD,4,17.0
47390,1,6,113,2,3,60.0,0,I,MELB_URBAN,STREET,7,19.0
47391,1,2,113,2,1,60.0,0,I,MELB_URBAN,STREET,5,13.0
47392,1,1,130,5,1,100.0,0,N,MELB_URBAN,ROAD,5,8.0
47393,1,2,110,1,1,80.0,0,I,MELB_URBAN,ROAD,5,8.0
47394,1,4,130,5,1,60.0,0,N,MELB_URBAN,ROAD,4,15.0
47395,1,2,130,1,1,60.0,0,I,MELB_URBAN,ROAD,5,13.0
47396,1,2,99,2,1,50.0,0,I,MELB_URBAN,ROAD,5,14.0
47397,1,7,99,5,5,100.0,0,N,RURAL_VICTORIA,ROAD,5,19.0
47398,2,2,100,2,2,50.0,0,I,MELB_URBAN,OTHER,5,7.0
47399,1,2,121,2,2,100.0,0,I,RURAL_VICTORIA,ROAD,5,16.0
47400,1,2,132,2,1,50.0,0,I,MELB_URBAN,STREET,5,10.0
47401,1,4,130,5,9,60.0,0,N,MELB_URBAN,ROAD,4,17.0
47402,1,2,113,2,1,60.0,0,I,LARGE_PROVINCIAL_CITIES,STREET,5,15.0
47403,1,2,130,5,3,80.0,0,N,MELB_URBAN,UNKNOWN,5,17.0
47404,1,2,134,5,1,60.0,0,N,MELB_URBAN,ROAD,5,14.0
47405,4,3,173,5,1,80.0,0,N,MELB_URBAN,ROAD,4,16.0
47406,5,3,99,5,1,60.0,0,N,RURAL_VICTORIA,OTHER,4,14.0
47407,1,5,130,5,1,40.0,0,N,MELB_URBAN,ROAD,4,15.0
47408,4,2,183,5,5,100.0,0,N,RURAL_VICTORIA,ROAD,5,17.0
47409,8,1,184,5,1,60.0,0,N,RURAL_VICTORIA,OTHER,5,10.0
47410,1,2,130,2,3,60.0,0,I,MELB_URBAN,ROAD,5,18.0
47411,1,2,163,5,3,50.0,0,N,MELBOURNE_CBD,STREET,5,21.0
47412,1,2,110,1,2,50.0,0,I,MELB_URBAN,STREET,5,6.0
47413,1,4,99,2,1,40.0,0,N,MELB_URBAN,STREET,4,16.0
47414,1,5,140,5,1,60.0,0,N,MELB_URBAN,STREET,4,16.0
47415,1,2,130,5,2,60.0,0,N,MELB_URBAN,ROAD,5,16.0
47416,6,2,174,2,3,60.0,0,N,MELB_URBAN,STREET,5,23.0
47417,3,3,167,5,5,100.0,0,N,RURAL_VICTORIA,ROAD,5,1.0
47418,1,4,130,5,3,70.0,0,N,MELB_URBAN,ROAD,4,6.0
47419,1,3,99,2,3,60.0,0,I,MELB_URBAN,PARADE,5,6.0
47420,6,2,170,5,1,100.0,0,N,RURAL_VICTORIA,OTHER,5,9.0
47421,1,6,110,5,3,80.0,0,I,MELB_URBAN,ROAD,5,23.0
47422,1,3,113,2,1,50.0,0,I,SMALL_CITIES,ROAD,4,8.0
47423,2,3,100,2,3,60.0,0,I,MELB_URBAN,ROAD,5,6.0
47424,1,3,135,5,1,100.0,0,N,MELB_URBAN,ROAD,4,9.0
47425,1,3,130,5,1,60.0,0,N,MELB_URBAN,ROAD,5,8.0
47426,4,3,183,5,1,60.0,0,N,MELB_URBAN,ROAD,5,8.0
47427,1,3,110,1,2,60.0,0,I,MELB_URBAN,ROAD,5,6.0
47428,2,3,99,1,1,40.0,0,I,MELB_URBAN,STREET,4,12.0
47429,4,3,171,2,1,70.0,0,N,MELB_URBAN,ROAD,5,10.0
47430,1,2,113,2,1,50.0,0,I,MELB_URBAN,STREET,5,8.0
47431,1,2,130,2,1,70.0,0,I,MELB_URBAN,ROAD,5,11.0
47432,1,3,133,5,4,110.0,0,N,RURAL_VICTORIA,FREEWAY,5,5.0
47433,1,3,99,5,1,60.0,0,N,MELB_URBAN,OTHER,5,9.0
47434,1,6,99,2,3,50.0,0,I,SMALL_CITIES,STREET,4,19.0
47435,7,1,99,2,9,60.0,0,I,MELB_URBAN,OTHER,4,11.0
47436,1,2,121,1,1,60.0,0,I,SMALL_CITIES,ROAD,5,11.0
47437,1,4,132,5,9,60.0,0,N,MELB_URBAN,ROAD,4,16.0
47438,1,5,130,5,2,70.0,0,N,MELB_URBAN,ROAD,4,18.0
47439,6,3,99,5,1,80.0,0,N,RURAL_VICTORIA,ROAD,5,12.0
47440,4,4,99,5,1,50.0,0,N,MELB_URBAN,OTHER,4,17.0
47441,5,1,99,5,1,60.0,0,N,RURAL_VICTORIA,OTHER,5,15.0
47442,1,3,130,1,2,60.0,0,I,MELB_URBAN,ROAD,5,7.0
47443,1,5,130,5,1,60.0,0,N,MELB_URBAN,STREET,4,11.0
47444,4,7,99,2,6,60.0,0,I,RURAL_VICTORIA,ROAD,3,20.0
47445,8,6,184,5,2,50.0,0,N,MELB_URBAN,AVENUE,4,18.0
47446,1,5,110,1,1,60.0,0,I,LARGE_PROVINCIAL_CITIES,STREET,9,8.0
47447,1,5,130,1,1,60.0,0,I,LARGE_PROVINCIAL_CITIES,ROAD,5,12.0
47448,1,3,113,2,1,70.0,0,N,MELB_URBAN,ROAD,5,15.0
47449,1,2,130,5,1,80.0,0,N,RURAL_VICTORIA,HIGHWAY,5,15.0
47450,1,3,130,5,1,80.0,0,N,MELB_URBAN,HIGHWAY,5,15.0
47451,2,3,102,5,5,50.0,0,N,MELB_URBAN,OTHER,5,18.0
47452,5,3,99,5,1,60.0,0,N,RURAL_VICTORIA,ROAD,5,10.0
47453,1,2,99,2,2,50.0,0,I,MELB_URBAN,OTHER,5,17.0
47454,2,3,102,2,3,60.0,0,I,MELBOURNE_CBD,STREET,5,18.0
47455,4,2,171,5,1,40.0,0,N,MELB_URBAN,ROAD,3,8.0
47456,1,3,130,5,3,60.0,0,N,MELB_URBAN,ROAD,5,18.0
47457,1,2,135,2,1,80.0,0,I,MELB_URBAN,ROAD,5,12.0
47458,1,1,130,1,2,60.0,0,I,MELB_URBAN,ROAD,5,17.0
47459,9,3,99,1,3,60.0,0,I,MELB_URBAN,ROAD,5,19.0
47460,4,3,99,2,3,60.0,0,I,MELB_URBAN,DRIVE,5,5.0
47461,1,3,132,2,1,60.0,0,I,MELB_URBAN,ROAD,5,9.0
47462,1,3,110,1,3,80.0,0,I,MELB_URBAN,ROAD,5,5.0
47463,1,4,121,1,2,70.0,0,I,MELB_URBAN,ROAD,5,6.0
47464,1,3,130,1,1,60.0,0,I,MELB_URBAN,OTHER,5,13.0
47465,2,5,99,5,1,50.0,0,I,LARGE_PROVINCIAL_CITIES,STREET,11,15.0
47466,1,4,113,2,2,70.0,0,I,MELB_URBAN,ROAD,5,7.0
47467,1,4,110,1,1,50.0,0,I,SMALL_CITIES,STREET,5,8.0
47468,2,4,100,1,1,60.0,0,I,MELB_URBAN,ROAD,5,9.0
47469,4,4,173,5,1,40.0,0,N,LARGE_PROVINCIAL_CITIES,DRIVE,5,8.0
47470,4,4,171,5,1,50.0,0,N,SMALL_CITIES,DRIVE,5,9.0
47471,2,4,102,1,1,40.0,0,I,MELB_URBAN,STREET,5,10.0
47472,1,4,130,5,2,80.0,0,N,RURAL_VICTORIA,ROAD,5,7.0
47473,4,2,171,5,2,80.0,0,N,MELB_URBAN,HIGHWAY,3,18.0
47474,4,3,173,5,1,100.0,0,N,RURAL_VICTORIA,ROAD,5,8.0
47475,8,4,184,5,1,60.0,0,N,MELB_URBAN,OTHER,5,9.0
47476,1,4,116,2,1,60.0,0,I,MELB_URBAN,ROAD,5,8.0
47477,8,2,174,5,1,60.0,0,N,RURAL_VICTORIA,ROAD,4,10.0
47478,1,4,99,5,1,50.0,0,N,SMALL_CITIES,DRIVE,5,11.0
47479,2,2,99,5,1,50.0,0,N,MELB_URBAN,STREET,5,14.0
47480,2,4,100,2,1,50.0,0,I,MELB_URBAN,STREET,5,8.0
47481,1,6,147,5,1,70.0,0,N,SMALL_CITIES,STREET,12,16.0
47482,6,4,174,2,2,60.0,0,I,MELB_URBAN,ROAD,3,6.0
47483,1,4,130,1,1,80.0,0,I,MELB_URBAN,HIGHWAY,5,8.0
47484,1,3,99,5,5,100.0,0,N,RURAL_VICTORIA,ROAD,5,19.0
47485,2,4,99,5,1,50.0,0,N,MELB_URBAN,STREET,5,9.0
47486,1,6,133,5,5,100.0,0,N,MELB_URBAN,ROAD,2,21.0
47487,4,4,171,5,1,80.0,0,N,RURAL_VICTORIA,ROAD,5,12.0
47488,8,3,174,2,3,50.0,0,I,MELB_URBAN,AVENUE,5,20.0
47489,1,4,99,2,1,40.0,0,I,MELB_URBAN,STREET,5,8.0
47490,6,4,99,5,1,80.0,0,N,RURAL_VICTORIA,ROAD,5,11.0
47491,1,5,130,2,1,50.0,0,I,MELB_URBAN,STREET,3,14.0
47492,1,4,133,5,1,100.0,0,N,MELB_URBAN,RAMP,5,9.0
47493,1,4,130,1,2,60.0,0,I,TOWNS,STREET,5,16.0
47494,1,4,99,2,1,70.0,0,I,MELB_URBAN,ROAD,5,15.0
47495,6,7,99,5,2,60.0,0,N,RURAL_VICTORIA,OTHER,5,16.0
47496,4,4,173,5,2,60.0,0,N,MELB_URBAN,ROAD,5,16.0
47497,1,6,99,5,1,60.0,0,N,MELB_URBAN,ROAD,5,8.0
47498,1,4,132,2,2,70.0,0,I,MELB_URBAN,ROAD,5,16.0
47499,1,3,121,1,2,60.0,0,I,MELB_URBAN,DRIVE,4,19.0
47500,1,4,130,5,3,50.0,0,N,MELB_URBAN,HIGHWAY,5,18.0
47501,1,4,147,5,5,70.0,0,N,MELB_URBAN,ROAD,5,17.0
47502,1,4,121,2,1,40.0,0,I,MELB_URBAN,STREET,5,15.0
47503,1,3,130,1,9,60.0,0,I,MELB_URBAN,HIGHWAY,1,17.0
47504,1,4,130,5,5,100.0,0,N,MELB_URBAN,FREEWAY,5,18.0
47505,1,4,121,2,3,60.0,0,I,MELB_URBAN,ROAD,5,19.0
47506,1,4,134,5,5,100.0,0,N,MELB_URBAN,FREEWAY,5,17.0
47507,1,4,130,5,3,60.0,0,N,MELB_URBAN,STREET,5,18.0
47508,1,3,147,5,3,60.0,0,N,MELB_URBAN,ROAD,5,19.0
47509,4,4,171,2,4,100.0,0,I,RURAL_VICTORIA,ROAD,5,18.0
47510,2,4,102,1,2,80.0,0,I,MELB_URBAN,HIGHWAY,5,17.0
47511,1,4,110,1,3,50.0,0,I,MELB_URBAN,STREET,5,17.0
47512,4,3,173,5,1,80.0,0,N,RURAL_VICTORIA,ROAD,5,16.0
47513,1,4,130,5,3,80.0,0,N,MELB_URBAN,HIGHWAY,5,19.0
47514,6,4,184,5,5,110.0,0,N,RURAL_VICTORIA,UNKNOWN,5,21.0
47515,2,3,100,5,1,40.0,0,N,MELB_URBAN,STREET,5,12.0
47516,1,4,160,5,1,60.0,0,N,MELB_URBAN,ROAD,5,15.0
47517,2,1,99,5,2,50.0,0,N,MELB_URBAN,PARADE,5,16.0
47518,7,4,99,1,1,60.0,0,I,MELB_URBAN,ROAD,4,13.0
47519,1,5,130,5,1,80.0,0,N,RURAL_VICTORIA,ROAD,11,16.0
47520,1,4,120,5,3,60.0,0,N,LARGE_PROVINCIAL_CITIES,ROAD,5,2.0
47521,4,5,171,5,5,100.0,0,N,RURAL_VICTORIA,FREEWAY,5,1.0
47522,1,5,99,5,3,60.0,0,N,MELB_URBAN,RAMP,5,1.0
47523,1,4,163,5,1,60.0,0,N,MELB_URBAN,ROAD,5,9.0
47524,2,5,100,1,1,60.0,0,I,MELB_URBAN,ROAD,5,8.0
47525,4,5,171,5,5,80.0,1,N,RURAL_VICTORIA,ROAD,5,4.0
47526,1,3,130,5,1,60.0,0,N,TOWNS,STREET,3,15.0
47527,1,5,130,1,1,70.0,0,I,MELB_URBAN,ROAD,5,8.0
47528,6,2,174,5,1,50.0,0,N,RURAL_VICTORIA,OTHER,12,16.0
47529,1,7,147,5,2,60.0,0,N,MELB_URBAN,ROAD,3,19.0
47530,1,5,130,5,1,70.0,0,N,LARGE_PROVINCIAL_CITIES,ROAD,5,8.0
47531,8,7,174,5,9,60.0,0,N,RURAL_VICTORIA,ROAD,4,15.0
47532,1,5,130,5,1,60.0,0,N,MELB_URBAN,ROAD,3,15.0
47533,1,1,130,2,1,80.0,0,I,RURAL_VICTORIA,ROAD,10,9.0
47534,1,5,135,5,1,60.0,0,N,MELB_URBAN,ROAD,5,11.0
47535,1,6,99,2,2,50.0,0,I,SMALL_CITIES,OTHER,5,17.0
47536,1,5,130,5,1,40.0,0,N,RURAL_VICTORIA,FREEWAY,5,9.0
47537,1,5,113,2,1,70.0,0,I,MELB_URBAN,ROAD,5,12.0
47538,1,5,130,5,2,100.0,0,N,MELB_URBAN,FREEWAY,5,7.0
47539,1,5,133,1,1,60.0,0,I,MELB_URBAN,PARADE,5,10.0
47540,1,5,130,5,1,60.0,0,N,MELB_URBAN,RAMP,5,13.0
47541,1,5,110,1,1,50.0,0,I,TOWNS,PARADE,5,13.0
47542,1,3,99,2,5,50.0,0,I,MELB_URBAN,UNKNOWN,4,18.0
47543,4,5,173,5,1,100.0,0,N,RURAL_VICTORIA,HIGHWAY,5,13.0
47544,1,2,130,1,1,40.0,0,I,MELB_URBAN,ROAD,3,16.0
47545,4,3,171,1,1,60.0,0,I,MELB_URBAN,AVENUE,4,16.0
47546,1,4,130,5,1,60.0,0,N,MELB_URBAN,ROAD,5,13.0
47547,1,4,130,1,1,80.0,0,N,MELB_URBAN,ROAD,5,8.0
47548,1,5,130,1,1,60.0,0,I,LARGE_PROVINCIAL_CITIES,ROAD,5,15.0
47549,6,5,174,5,1,100.0,0,N,RURAL_VICTORIA,ROAD,5,10.0
47550,1,4,113,1,2,60.0,0,I,MELB_URBAN,STREET,5,17.0
47551,1,5,140,5,1,60.0,0,N,MELB_URBAN,ROAD,5,15.0
47552,1,5,147,5,1,80.0,0,N,MELB_URBAN,ROAD,5,15.0
47553,4,6,183,5,2,60.0,0,N,MELB_URBAN,DRIVE,4,16.0
47554,1,5,110,1,3,60.0,0,I,MELB_URBAN,ROAD,5,17.0
47555,1,4,111,1,1,50.0,0,I,RURAL_VICTORIA,OTHER,5,15.0
47556,6,5,170,5,5,100.0,0,N,RURAL_VICTORIA,OTHER,4,22.0
47557,2,5,102,5,5,80.0,0,N,MELB_URBAN,ROAD,5,18.0
47558,1,4,99,1,3,60.0,0,I,MELB_URBAN,ROAD,5,17.0
47559,1,5,99,2,2,50.0,0,I,MELB_URBAN,STREET,5,17.0
47560,2,5,100,5,3,60.0,0,N,LARGE_PROVINCIAL_CITIES,ROAD,5,20.0
47561,1,5,110,1,3,60.0,0,I,SMALL_CITIES,AVENUE,5,20.0
47562,1,5,121,1,1,60.0,0,I,MELB_URBAN,ROAD,5,15.0
47563,1,5,113,2,3,100.0,0,I,RURAL_VICTORIA,ROAD,5,19.0
47564,1,5,116,1,3,40.0,0,I,MELB_URBAN,STREET,5,22.0
47565,1,5,110,1,2,60.0,0,I,MELB_URBAN,ROAD,5,5.0
47566,4,5,171,5,3,40.0,0,N,MELBOURNE_CBD,STREET,5,1.0
47567,4,5,171,5,5,80.0,0,N,TOWNS,STREET,5,22.0
47568,1,6,99,5,2,60.0,0,N,MELB_URBAN,STREET,5,6.0
47569,1,5,160,5,3,60.0,0,N,MELB_URBAN,ROAD,5,22.0
47570,2,4,100,5,1,50.0,0,N,TOWNS,ROAD,5,13.0
47571,8,5,174,2,1,60.0,0,N,MELB_URBAN,STREET,5,8.0
47572,2,5,100,5,1,60.0,0,N,MELB_URBAN,STREET,5,7.0
47573,1,6,135,5,1,80.0,0,N,MELB_URBAN,RAMP,5,8.0
47574,1,4,130,5,2,70.0,0,N,LARGE_PROVINCIAL_CITIES,HIGHWAY,4,16.0
47575,4,6,99,5,1,50.0,0,N,RURAL_VICTORIA,ROAD,5,8.0
47576,1,6,120,5,1,60.0,0,N,MELB_URBAN,ROAD,5,8.0
47577,1,6,135,2,1,60.0,0,I,MELB_URBAN,STREET,5,10.0
47578,1,6,113,2,1,80.0,0,I,MELB_URBAN,HIGHWAY,5,10.0
47579,1,5,160,5,3,50.0,0,N,MELB_URBAN,ROAD,5,19.0
47580,8,5,174,5,1,60.0,0,N,MELB_URBAN,STREET,5,12.0
47581,1,2,99,4,1,60.0,0,I,MELB_URBAN,STREET,3,9.0
47582,1,6,130,5,1,60.0,0,N,MELB_URBAN,ROAD,5,10.0
47583,1,6,113,2,1,60.0,0,I,MELB_URBAN,BOULEVARD,5,12.0
47584,8,4,174,5,3,60.0,0,N,MELB_URBAN,HIGHWAY,5,21.0
47585,4,6,171,5,9,80.0,0,N,MELB_URBAN,ROAD,5,5.0
47586,8,2,174,5,1,60.0,0,N,MELB_URBAN,STREET,2,14.0
47587,8,7,99,5,1,100.0,0,N,RURAL_VICTORIA,ROAD,3,11.0
47588,1,6,140,5,1,60.0,0,N,MELB_URBAN,ROAD,5,12.0
47589,1,4,121,5,3,70.0,0,N,MELB_URBAN,UNKNOWN,5,19.0
47590,1,6,132,2,1,60.0,0,I,SMALL_CITIES,STREET,5,9.0
47591,8,2,174,1,1,40.0,0,I,MELB_URBAN,OTHER,4,10.0
47592,1,6,99,2,1,60.0,0,I,MELB_URBAN,ROAD,4,8.0
47593,8,1,184,5,2,70.0,0,N,RURAL_VICTORIA,ROAD,5,16.0
47594,1,6,130,5,1,60.0,0,N,LARGE_PROVINCIAL_CITIES,STREET,5,15.0