,accident_type,day_of_week,dca_code,road_geometry,light_condition,speed_zone,severity,node_type,deg_urban_name,road_type,month,hour
47595,1,5,111,2,1,80.0,0,I,MELB_URBAN,ROAD,5,14.0
47596,1,1,120,5,1,60.0,0,N,RURAL_VICTORIA,OTHER,5,10.0
47597,1,6,121,4,1,80.0,0,I,MELB_URBAN,RAMP,5,10.0
47598,8,6,174,2,5,80.0,0,N,MELB_URBAN,HIGHWAY,4,18.0
47599,2,6,99,5,1,50.0,0,N,MELB_URBAN,HIGHWAY,5,15.0
47600,1,3,130,5,2,100.0,0,N,MELB_URBAN,FREEWAY,3,7.0
47601,1,6,132,2,2,70.0,0,I,MELB_URBAN,HIGHWAY,5,17.0
47602,1,5,130,5,1,60.0,0,N,MELB_URBAN,STREET,5,14.0
47603,1,4,121,1,1,70.0,0,I,MELB_URBAN,ROAD,4,8.0
47604,1,6,99,5,3,50.0,0,N,SMALL_CITIES,STREET,5,20.0
47605,1,6,130,5,2,80.0,0,N,MELB_URBAN,ROAD,5,16.0
47606,1,6,130,5,3,70.0,0,N,MELB_URBAN,ROAD,5,20.0
47607,1,6,99,5,5,100.0,0,N,RURAL_VICTORIA,HIGHWAY,5,19.0
47608,5,1,99,5,1,60.0,0,N,TOWNS,ROAD,5,11.0
47609,4,6,181,5,5,100.0,0,N,RURAL_VICTORIA,ROAD,5,21.0
47610,4,6,183,5,5,100.0,0,N,RURAL_VICTORIA,HIGHWAY,5,19.0
47611,1,4,121,5,1,60.0,0,N,MELB_URBAN,OTHER,2,9.0
47612,4,7,171,2,3,80.0,1,N,MELB_URBAN,ROAD,5,0.0
47613,4,6,173,5,5,100.0,0,N,RURAL_VICTORIA,ROAD,5,23.0
47614,1,6,133,2,3,60.0,0,I,MELB_URBAN,STREET,5,23.0
47615,1,5,99,5,1,60.0,0,N,MELB_URBAN,ROAD,4,8.0
47616,8,7,170,5,5,100.0,0,N,MELB_URBAN,ROAD,5,4.0
47617,1,7,147,5,3,80.0,1,N,MELB_URBAN,ROAD,5,4.0
47618,1,5,130,4,6,60.0,0,I,MELB_URBAN,ROAD,5,20.0
47619,1,5,116,1,1,60.0,0,I,MELB_URBAN,BOULEVARD,5,9.0
47620,1,6,130,5,1,80.0,0,N,MELB_URBAN,ROAD,3,12.0
47621,1,7,113,4,1,60.0,0,I,MELB_URBAN,RAMP,5,9.0
47622,1,7,121,1,1,60.0,0,I,MELB_URBAN,ROAD,5,9.0
47623,2,2,102,5,2,50.0,0,N,MELB_URBAN,STREET,5,16.0
47624,6,7,184,5,1,60.0,0,N,MELB_URBAN,STREET,5,9.0
47625,2,7,99,5,1,60.0,0,N,MELB_URBAN,ROAD,5,12.0
47626,1,7,120,5,1,100.0,0,N,RURAL_VICTORIA,ROAD,5,9.0
47627,1,7,140,5,1,40.0,0,N,MELB_URBAN,AVENUE,5,11.0
47628,1,7,110,1,1,80.0,0,I,SMALL_TOWNS,ROAD,5,12.0
47629,1,5,132,5,2,60.0,0,N,SMALL_CITIES,OTHER,5,16.0
47630,1,7,140,5,1,60.0,0,N,MELB_URBAN,STREET,5,13.0
47631,4,7,171,5,1,100.0,0,N,LARGE_PROVINCIAL_CITIES,ROAD,5,12.0
47632,8,6,174,1,3,60.0,0,I,MELB_URBAN,STREET,5,20.0
47633,2,6,100,1,1,70.0,0,I,MELB_URBAN,ROAD,5,15.0
47634,4,7,173,5,1,100.0,0,N,RURAL_VICTORIA,ROAD,5,15.0
47635,1,6,130,5,1,80.0,0,N,MELB_URBAN,ROAD,5,13.0
47636,4,6,171,5,2,100.0,0,N,RURAL_VICTORIA,ROAD,5,17.0
47637,1,7,130,2,3,60.0,0,N,MELB_URBAN,ROAD,5,18.0
47638,1,5,130,4,2,80.0,0,I,MELB_URBAN,RAMP,4,17.0
47639,3,7,167,5,5,100.0,0,N,RURAL_VICTORIA,ROAD,5,17.0
47640,1,6,121,1,1,50.0,0,I,SMALL_CITIES,STREET,5,15.0
47641,1,6,132,2,3,60.0,0,I,MELB_URBAN,ROAD,5,18.0
47642,8,7,99,1,2,80.0,0,I,RURAL_VICTORIA,HIGHWAY,5,16.0
47643,2,7,102,1,2,40.0,0,I,MELBOURNE_CBD,STREET,5,18.0
47644,1,7,113,2,1,100.0,0,I,RURAL_VICTORIA,ROAD,5,15.0
47645,2,7,102,1,3,60.0,0,I,MELB_URBAN,ROAD,5,20.0
47646,1,4,134,2,1,80.0,0,I,MELB_URBAN,ROAD,4,16.0
47647,1,7,111,2,2,100.0,0,N,RURAL_VICTORIA,HIGHWAY,5,6.0
47648,1,6,160,5,3,60.0,0,N,MELB_URBAN,ROAD,5,0.0
47649,4,7,171,2,1,80.0,0,N,MELB_URBAN,ROAD,5,15.0
47650,1,7,160,5,3,50.0,0,N,MELB_URBAN,DRIVE,5,19.0
47651,7,6,99,5,6,100.0,0,N,MELB_URBAN,FREEWAY,5,22.0
47652,4,7,171,5,3,60.0,0,N,MELB_URBAN,ROAD,5,20.0
47653,4,7,183,5,5,100.0,0,N,RURAL_VICTORIA,ROAD,5,19.0
47654,4,7,171,5,3,50.0,0,N,MELB_URBAN,STREET,5,21.0
47655,1,1,110,1,3,40.0,0,I,MELBOURNE_CBD,OTHER,5,0.0
47656,1,6,121,1,3,60.0,0,I,MELB_URBAN,BOULEVARD,5,23.0
47657,4,1,183,4,3,50.0,0,I,SMALL_CITIES,AVENUE,5,1.0
47658,1,1,99,2,3,50.0,0,N,SMALL_CITIES,STREET,5,4.0
47659,1,6,130,2,2,60.0,0,N,MELB_URBAN,ROAD,5,7.0
47660,8,5,170,5,1,100.0,0,N,RURAL_VICTORIA,ROAD,4,10.0
47661,1,1,132,2,1,60.0,0,I,MELB_URBAN,ROAD,5,10.0
47662,8,1,174,5,1,40.0,0,N,MELBOURNE_CBD,STREET,5,9.0
47663,4,1,183,5,1,100.0,0,N,MELB_URBAN,RAMP,5,11.0
47664,1,1,121,2,1,60.0,0,I,MELB_URBAN,ROAD,5,11.0
47665,1,3,130,1,3,40.0,0,I,MELB_URBAN,STREET,2,22.0
47666,1,7,99,1,3,60.0,0,I,MELB_URBAN,ROAD,4,18.0
47667,1,1,113,2,1,80.0,0,I,MELB_URBAN,STREET,4,11.0
47668,1,0,121,2,1,60.0,0,I,MELB_URBAN,ROAD,5,14.0
47669,1,1,120,5,1,90.0,0,N,MELB_URBAN,FREEWAY,5,14.0
47670,4,1,181,5,1,80.0,0,N,SMALL_TOWNS,ROAD,5,14.0
47671,2,1,102,1,1,50.0,0,I,LARGE_PROVINCIAL_CITIES,STREET,5,15.0
47672,1,1,113,1,1,60.0,0,I,MELB_URBAN,ROAD,5,15.0
47673,1,1,116,2,1,100.0,1,I,RURAL_VICTORIA,ROAD,5,14.0
47674,6,1,99,5,5,100.0,0,N,RURAL_VICTORIA,ROAD,5,17.0
47675,1,5,99,1,1,60.0,0,I,MELB_URBAN,STREET,5,9.0
47676,4,1,173,5,5,100.0,0,N,RURAL_VICTORIA,ROAD,5,18.0
47677,1,0,121,2,1,60.0,0,I,MELB_URBAN,STREET,5,14.0
47678,1,1,130,5,3,100.0,0,N,MELB_URBAN,FREEWAY,5,19.0
47679,1,1,120,5,1,100.0,1,N,RURAL_VICTORIA,HIGHWAY,5,15.0
47680,1,0,160,5,1,50.0,0,N,MELB_URBAN,AVENUE,5,15.0
47681,1,1,130,5,3,80.0,0,N,MELB_URBAN,RAMP,5,18.0
47682,4,2,99,4,3,50.0,0,I,MELB_URBAN,STREET,5,1.0
47683,1,2,130,5,3,70.0,0,N,RURAL_VICTORIA,ROAD,5,6.0
47684,1,4,130,5,2,80.0,0,N,MELB_URBAN,UNKNOWN,4,18.0
47685,1,1,110,1,9,50.0,0,I,SMALL_CITIES,STREET,5,18.0
47686,1,2,110,1,1,60.0,0,I,MELB_URBAN,ROAD,5,9.0
47687,8,1,174,5,1,60.0,0,N,RURAL_VICTORIA,ROAD,5,14.0
47688,1,5,99,5,1,60.0,0,N,TOWNS,ROAD,2,13.0
47689,1,1,121,2,1,60.0,0,I,LARGE_PROVINCIAL_CITIES,ROAD,4,15.0
47690,4,6,181,5,1,100.0,0,N,RURAL_VICTORIA,ROAD,5,12.0
47691,1,4,130,1,1,60.0,0,I,SMALL_CITIES,STREET,3,12.0
47692,8,7,174,5,3,60.0,0,N,MELB_URBAN,STREET,4,4.0
47693,4,2,99,1,1,40.0,0,I,MELB_URBAN,STREET,5,8.0
47694,1,5,130,5,2,80.0,0,N,MELB_URBAN,FREEWAY,5,17.0
47695,8,2,174,5,2,100.0,0,N,MELB_URBAN,FREEWAY,5,7.0
47696,2,2,99,2,1,50.0,0,I,MELB_URBAN,OTHER,5,12.0
47697,1,5,130,5,1,50.0,0,N,MELB_URBAN,ROAD,4,8.0
47698,1,2,132,2,1,60.0,0,I,MELB_URBAN,ROAD,5,12.0
47699,1,2,130,1,9,80.0,0,I,MELB_URBAN,ROAD,5,14.0
47700,1,7,130,5,1,60.0,0,N,MELB_URBAN,STREET,4,11.0
47701,4,2,99,6,5,100.0,0,N,RURAL_VICTORIA,ROAD,5,1.0
47702,2,1,100,5,1,50.0,0,N,MELB_URBAN,ROAD,5,12.0
47703,1,2,121,1,1,40.0,0,I,SMALL_CITIES,STREET,5,15.0
47704,1,1,130,5,1,80.0,0,N,MELB_URBAN,UNKNOWN,5,16.0
47705,1,5,121,2,1,50.0,0,I,MELB_URBAN,STREET,1,15.0
47706,1,2,110,1,1,80.0,0,I,RURAL_VICTORIA,ROAD,5,16.0
47707,1,5,130,5,3,80.0,0,N,MELB_URBAN,FREEWAY,5,21.0
47708,1,1,130,5,3,80.0,0,N,MELB_URBAN,ROAD,5,18.0
47709,1,2,132,1,2,80.0,0,I,RURAL_VICTORIA,ROAD,5,16.0
47710,2,2,100,1,2,60.0,0,I,MELB_URBAN,PARADE,5,6.0
47711,1,2,130,5,2,70.0,0,N,MELB_URBAN,ROAD,5,16.0
47712,1,2,110,1,1,80.0,0,I,MELB_URBAN,ROAD,5,15.0
47713,4,5,171,5,1,80.0,0,N,MELB_URBAN,ROAD,7,15.0
47714,1,1,110,1,3,60.0,0,I,TOWNS,STREET,5,18.0
47715,1,2,110,4,3,60.0,0,I,MELB_URBAN,ROAD,5,18.0
47716,2,6,99,5,6,50.0,0,N,LARGE_PROVINCIAL_CITIES,STREET,4,22.0
47717,2,2,102,1,2,60.0,0,I,MELB_URBAN,ROAD,5,16.0
47718,1,2,99,5,3,100.0,0,N,MELB_URBAN,ROAD,5,21.0
47719,1,5,130,5,1,40.0,0,N,MELB_URBAN,STREET,5,16.0
47720,1,2,99,5,5,100.0,0,N,MELB_URBAN,ROAD,5,20.0
47721,2,2,99,5,1,40.0,0,N,LARGE_PROVINCIAL_CITIES,ROAD,5,10.0
47722,1,2,110,1,3,60.0,0,I,MELB_URBAN,AVENUE,5,4.0
47723,1,2,110,1,1,50.0,0,I,SMALL_CITIES,STREET,5,7.0
47724,1,2,110,1,1,60.0,0,I,MELB_URBAN,STREET,5,8.0
47725,8,2,121,2,1,60.0,0,I,MELB_URBAN,STREET,5,9.0
47726,1,1,132,1,1,80.0,0,I,MELB_URBAN,ROAD,4,13.0
47727,1,2,99,1,1,50.0,0,I,MELB_URBAN,AVENUE,5,8.0
47728,2,2,100,5,1,40.0,0,N,MELB_URBAN,STREET,5,9.0
47729,3,6,167,5,1,50.0,0,N,MELB_URBAN,OTHER,4,15.0
47730,2,3,102,2,9,50.0,0,I,MELB_URBAN,STREET,5,11.0
47731,1,2,116,2,1,60.0,0,N,MELB_URBAN,ROAD,5,11.0
47732,6,2,174,5,1,60.0,0,N,MELB_URBAN,ROAD,5,13.0
47733,1,3,132,2,1,60.0,0,I,MELB_URBAN,ROAD,5,8.0
47734,1,3,130,5,1,80.0,0,N,MELB_URBAN,HIGHWAY,5,15.0
47735,4,3,171,5,1,100.0,0,N,RURAL_VICTORIA,ROAD,5,11.0
47736,1,4,147,5,6,60.0,0,N,MELB_URBAN,PARADE,5,18.0
47737,1,2,111,1,1,60.0,0,I,MELB_URBAN,ROAD,5,12.0
47738,2,5,99,5,1,50.0,0,N,LARGE_PROVINCIAL_CITIES,STREET,4,15.0
47739,1,7,130,2,1,80.0,0,I,MELB_URBAN,HIGHWAY,12,13.0
47740,2,3,100,1,1,40.0,1,I,MELB_URBAN,ROAD,5,9.0
47741,1,3,110,1,2,60.0,0,I,TOWNS,STREET,5,16.0
47742,1,3,130,5,1,40.0,0,N,RURAL_VICTORIA,ROAD,5,14.0
47743,2,1,100,5,9,50.0,0,N,MELB_URBAN,STREET,5,8.0
47744,6,6,174,5,3,60.0,0,N,MELB_URBAN,ROAD,4,3.0
47745,1,3,113,2,1,80.0,0,I,RURAL_VICTORIA,HIGHWAY,5,17.0
47746,1,3,130,1,1,50.0,0,N,MELB_URBAN,RAMP,2,14.0
47747,2,3,102,2,2,60.0,0,N,MELB_URBAN,ROAD,5,16.0
47748,1,6,163,5,9,40.0,0,N,MELB_URBAN,ROAD,5,21.0
47749,1,5,130,4,1,60.0,0,I,SMALL_CITIES,OTHER,4,13.0
47750,2,1,100,2,3,70.0,0,I,MELB_URBAN,ROAD,5,18.0
47751,1,3,121,5,3,60.0,0,N,MELB_URBAN,STREET,5,18.0
47752,1,5,130,2,1,60.0,0,I,MELB_URBAN,ROAD,12,8.0
47753,1,3,130,2,1,50.0,0,I,MELB_URBAN,OTHER,5,16.0
47754,4,4,171,1,3,80.0,0,I,MELB_URBAN,ROAD,5,1.0
47755,4,4,173,5,5,100.0,0,N,RURAL_VICTORIA,HIGHWAY,5,3.0
47756,1,1,99,1,1,60.0,0,I,SMALL_CITIES,STREET,5,11.0
47757,2,4,100,1,2,60.0,0,I,MELB_URBAN,ROAD,5,7.0
47758,1,5,163,5,1,60.0,0,N,MELB_URBAN,ROAD,4,16.0
47759,1,4,121,1,1,100.0,0,I,RURAL_VICTORIA,ROAD,5,8.0
47760,1,3,110,1,1,60.0,0,I,SMALL_CITIES,STREET,4,10.0
47761,4,4,171,5,1,100.0,0,N,RURAL_VICTORIA,ROAD,5,8.0
47762,4,6,173,1,1,50.0,0,I,MELB_URBAN,BOULEVARD,5,11.0
47763,1,4,130,5,3,60.0,0,N,MELB_URBAN,RAMP,5,5.0
47764,1,4,134,5,1,50.0,0,N,MELB_URBAN,STREET,5,10.0
47765,1,3,130,1,9,50.0,0,I,MELB_URBAN,STREET,5,12.0
47766,4,7,181,5,5,80.0,0,N,LARGE_PROVINCIAL_CITIES,ROAD,1,5.0
47767,6,4,174,2,1,50.0,0,I,MELB_URBAN,ROAD,5,10.0
47768,1,4,116,2,1,80.0,0,I,MELB_URBAN,ROAD,5,10.0
47769,1,3,110,1,1,60.0,0,I,SMALL_CITIES,ROAD,5,11.0
47770,1,4,160,5,1,40.0,0,N,MELB_URBAN,ROAD,5,12.0
47771,1,5,113,4,1,80.0,0,I,RURAL_VICTORIA,RAMP,5,13.0
47772,2,4,100,1,1,40.0,0,I,MELBOURNE_CBD,STREET,5,9.0
47773,1,6,99,1,1,60.0,0,I,MELB_URBAN,STREET,5,13.0
47774,1,6,120,5,1,100.0,0,N,RURAL_VICTORIA,HIGHWAY,5,14.0
47775,2,7,99,5,1,50.0,0,N,MELB_URBAN,STREET,3,12.0
47776,2,2,100,1,3,60.0,0,I,SMALL_CITIES,STREET,5,17.0
47777,1,4,121,4,1,60.0,0,I,MELB_URBAN,ROAD,5,13.0
47778,1,4,120,5,5,100.0,0,N,RURAL_VICTORIA,HIGHWAY,5,5.0
47779,1,3,147,5,1,60.0,0,N,LARGE_PROVINCIAL_CITIES,STREET,4,15.0
47780,4,4,171,5,1,80.0,0,N,RURAL_VICTORIA,ROAD,5,9.0
47781,1,4,140,5,1,100.0,0,N,RURAL_VICTORIA,HIGHWAY,5,11.0
47782,8,7,99,2,2,60.0,0,I,MELB_URBAN,PARADE,5,7.0
47783,1,3,130,5,3,80.0,0,N,MELB_URBAN,ROAD,5,19.0
47784,1,3,130,5,1,70.0,0,N,MELB_URBAN,ROAD,5,13.0
47785,1,5,99,1,2,60.0,0,I,MELB_URBAN,ROAD,4,17.0
47786,1,4,160,5,1,60.0,0,N,MELB_URBAN,ROAD,5,13.0
47787,1,1,130,4,1,60.0,0,I,MELB_URBAN,DRIVE,12,13.0
47788,1,7,130,1,3,60.0,0,I,MELB_URBAN,STREET,5,23.0
47789,2,7,100,2,1,60.0,0,I,MELB_URBAN,ROAD,3,15.0
47790,1,4,130,5,1,80.0,0,N,MELB_URBAN,RAMP,5,13.0
47791,1,4,147,2,1,60.0,0,N,MELB_URBAN,ROAD,5,14.0
47792,1,3,130,1,9,60.0,0,I,MELB_URBAN,ROAD,4,16.0
47793,4,4,171,5,2,80.0,0,N,RURAL_VICTORIA,HIGHWAY,5,17.0
47794,1,4,130,2,1,70.0,0,N,MELB_URBAN,ROAD,5,8.0
47795,1,3,121,5,1,60.0,0,N,MELB_URBAN,ROAD,5,8.0
47796,1,4,120,5,1,100.0,1,N,RURAL_VICTORIA,ROAD,5,14.0
47797,1,4,121,1,3,80.0,0,I,MELB_URBAN,HIGHWAY,5,18.0
47798,2,4,100,5,2,50.0,0,N,MELB_URBAN,ROAD,5,17.0
47799,1,1,113,2,1,80.0,0,I,SMALL_CITIES,RAMP,4,12.0
47800,1,3,121,1,3,60.0,0,I,MELB_URBAN,ROAD,5,20.0
47801,1,4,120,5,5,80.0,0,N,RURAL_VICTORIA,ROAD,5,19.0
47802,1,4,130,1,3,70.0,0,I,MELB_URBAN,ROAD,3,22.0
47803,1,4,116,2,1,60.0,0,I,RURAL_VICTORIA,STREET,5,14.0
47804,1,5,160,5,3,60.0,0,N,MELB_URBAN,ROAD,5,0.0
47805,4,3,171,5,3,80.0,0,N,RURAL_VICTORIA,ROAD,5,23.0
47806,1,5,160,5,5,50.0,0,N,SMALL_TOWNS,ROAD,5,0.0
47807,1,1,121,1,1,60.0,0,I,MELB_URBAN,HIGHWAY,3,12.0
47808,4,5,171,5,2,80.0,0,N,TOWNS,HIGHWAY,5,6.0
47809,1,5,111,2,3,80.0,0,I,MELB_URBAN,ROAD,5,6.0
47810,1,5,99,2,1,60.0,0,I,MELB_URBAN,ROAD,5,8.0
47811,8,7,99,5,1,60.0,0,N,RURAL_VICTORIA,ROAD,5,14.0
47812,1,3,111,2,1,60.0,0,I,MELB_URBAN,DRIVE,5,12.0
47813,4,4,173,5,1,70.0,0,N,MELB_URBAN,RAMP,5,13.0
47814,1,7,121,2,1,60.0,0,I,MELB_URBAN,STREET,12,12.0
47815,7,3,99,2,1,50.0,0,I,MELB_URBAN,PARADE,5,17.0
47816,4,5,173,5,2,100.0,0,N,RURAL_VICTORIA,HIGHWAY,5,7.0
47817,1,5,99,2,1,40.0,0,I,MELB_URBAN,STREET,5,9.0
47818,1,5,181,5,2,50.0,0,N,MELB_URBAN,OTHER,4,18.0
47819,6,0,174,5,2,60.0,0,N,RURAL_VICTORIA,ROAD,5,16.0
47820,4,5,171,5,1,60.0,0,N,MELB_URBAN,ROAD,5,9.0
47821,1,5,130,5,2,60.0,0,N,MELB_URBAN,ROAD,5,6.0
47822,3,1,167,5,5,100.0,0,N,RURAL_VICTORIA,ROAD,4,21.0
47823,6,5,99,5,1,100.0,0,N,RURAL_VICTORIA,HIGHWAY,5,9.0
47824,4,5,173,5,2,60.0,0,N,MELB_URBAN,ROAD,5,7.0
47825,1,5,110,1,1,50.0,0,I,MELB_URBAN,STREET,5,8.0
47826,8,3,170,1,1,40.0,0,I,MELBOURNE_CBD,STREET,5,8.0
47827,6,5,174,2,1,60.0,0,I,MELB_URBAN,STREET,5,12.0
47828,1,5,116,2,9,60.0,0,I,MELB_URBAN,ROAD,4,16.0
47829,4,4,173,5,3,50.0,0,N,MELB_URBAN,ROAD,5,19.0
47830,1,5,130,5,1,80.0,0,N,MELB_URBAN,FREEWAY,5,11.0
47831,2,5,100,1,3,50.0,0,I,MELB_URBAN,ROAD,5,6.0
47832,1,5,121,1,1,60.0,0,I,MELB_URBAN,ROAD,5,11.0
47833,1,5,130,2,1,60.0,0,N,SMALL_CITIES,HIGHWAY,5,13.0
47834,1,5,133,5,1,40.0,0,N,MELBOURNE_CBD,STREET,5,12.0
47835,1,2,160,5,1,40.0,0,N,LARGE_PROVINCIAL_CITIES,ROAD,3,14.0
47836,8,4,174,5,1,60.0,0,N,MELB_URBAN,ROAD,5,12.0
47837,1,0,130,2,1,60.0,0,I,MELB_URBAN,STREET,5,12.0
47838,4,2,171,5,1,100.0,0,N,RURAL_VICTORIA,ROAD,11,13.0
47839,4,5,173,5,2,80.0,0,N,MELB_URBAN,HIGHWAY,5,16.0
47840,1,2,130,1,1,80.0,0,N,MELB_URBAN,ROAD,4,8.0
47841,2,4,99,2,5,50.0,0,I,LARGE_PROVINCIAL_CITIES,STREET,5,18.0
47842,1,4,121,2,3,60.0,0,I,SMALL_CITIES,STREET,5,19.0
47843,1,5,121,1,3,60.0,0,I,MELB_URBAN,STREET,5,17.0
47844,1,5,121,2,3,40.0,0,N,MELBOURNE_CBD,STREET,5,18.0
47845,1,4,130,5,1,70.0,0,N,MELB_URBAN,ROAD,5,16.0
47846,1,5,135,2,2,50.0,0,I,LARGE_PROVINCIAL_CITIES,PARADE,5,17.0
47847,1,5,110,1,2,40.0,0,I,SMALL_TOWNS,STREET,5,16.0
47848,2,5,102,1,3,80.0,0,I,MELB_URBAN,STREET,5,18.0
47849,8,1,99,5,1,100.0,0,N,RURAL_VICTORIA,HIGHWAY,5,14.0
47850,1,3,163,1,2,50.0,0,I,MELB_URBAN,ROAD,5,16.0
47851,1,5,130,5,3,100.0,0,N,MELB_URBAN,FREEWAY,5,18.0
47852,1,3,160,5,2,50.0,0,N,SMALL_CITIES,STREET,12,19.0
47853,1,6,163,5,1,50.0,0,N,MELB_URBAN,ROAD,5,17.0
47854,1,4,99,2,1,40.0,0,I,MELB_URBAN,STREET,5,9.0
47855,1,5,121,2,3,50.0,0,I,MELB_URBAN,OTHER,5,19.0
47856,4,5,171,5,3,60.0,0,N,MELB_URBAN,ROAD,5,22.0
47857,1,5,132,1,3,100.0,1,I,RURAL_VICTORIA,HIGHWAY,5,18.0
47858,1,5,121,2,2,60.0,0,I,MELB_URBAN,DRIVE,5,6.0
47859,4,5,171,5,5,100.0,0,N,MELB_URBAN,ROAD,5,23.0
47860,4,6,99,5,3,60.0,0,N,MELB_URBAN,ROAD,5,0.0
47861,1,5,113,1,2,80.0,0,I,MELB_URBAN,HIGHWAY,5,6.0
47862,4,6,173,5,5,100.0,0,N,RURAL_VICTORIA,FREEWAY,5,2.0
47863,1,3,130,5,2,80.0,0,N,MELB_URBAN,FREEWAY,5,17.0
47864,1,6,113,1,3,60.0,0,I,MELB_URBAN,ROAD,5,1.0
47865,1,6,110,5,3,60.0,0,I,MELB_URBAN,PARADE,4,2.0
47866,1,1,130,2,3,60.0,0,I,LARGE_PROVINCIAL_CITIES,STREET,4,20.0
47867,1,6,113,2,3,90.0,0,I,LARGE_PROVINCIAL_CITIES,HIGHWAY,5,18.0
47868,1,3,121,2,1,60.0,0,I,MELB_URBAN,STREET,4,9.0
47869,2,6,99,5,2,50.0,0,N,TOWNS,AVENUE,5,7.0
47870,1,6,121,2,1,60.0,0,I,MELB_URBAN,ROAD,5,8.0
47871,1,6,110,1,3,60.0,0,I,MELB_URBAN,STREET,5,4.0
47872,1,1,140,5,9,60.0,0,N,MELB_URBAN,ROAD,2,8.0
47873,1,6,113,4,1,60.0,0,I,TOWNS,STREET,5,9.0
47874,1,6,113,1,1,60.0,0,I,MELB_URBAN,ROAD,5,8.0
47875,1,5,130,5,1,60.0,0,N,MELB_URBAN,ROAD,5,9.0
47876,1,6,99,2,1,60.0,0,I,MELB_URBAN,ROAD,5,9.0
47877,1,3,99,5,9,60.0,0,N,MELBOURNE_CBD,STREET,5,15.0
47878,1,6,130,5,1,60.0,0,N,MELB_URBAN,UNKNOWN,5,9.0
47879,8,5,174,5,1,60.0,0,N,RURAL_VICTORIA,OTHER,5,11.0
47880,2,5,99,5,1,40.0,0,N,MELBOURNE_CBD,OTHER,5,15.0
47881,4,6,134,5,1,80.0,0,N,MELB_URBAN,UNKNOWN,5,8.0
47882,4,1,171,2,5,60.0,0,I,TOWNS,ROAD,3,23.0
47883,1,6,111,2,1,60.0,0,I,MELB_URBAN,DRIVE,5,11.0
47884,8,6,174,5,1,60.0,0,N,RURAL_VICTORIA,OTHER,5,11.0
47885,1,7,111,1,1,60.0,0,I,MELB_URBAN,ROAD,4,15.0
47886,1,6,160,5,1,60.0,0,N,MELB_URBAN,UNKNOWN,5,10.0
47887,1,5,135,5,1,70.0,0,N,MELB_URBAN,STREET,5,15.0
47888,1,6,130,5,1,80.0,0,N,MELB_URBAN,ROAD,5,10.0
47889,8,6,184,5,1,60.0,0,N,RURAL_VICTORIA,OTHER,10,12.0
47890,1,3,130,1,1,60.0,0,I,MELB_URBAN,ROAD,4,14.0
47891,1,6,121,2,2,60.0,0,I,MELB_URBAN,DRIVE,5,7.0
47892,1,5,130,1,1,60.0,0,I,MELB_URBAN,ROAD,4,9.0
47893,1,6,99,5,1,60.0,0,N,MELB_URBAN,ROAD,5,13.0
47894,1,4,130,1,1,80.0,0,N,MELB_URBAN,ROAD,5,10.0
47895,2,6,102,5,1,40.0,0,N,MELB_URBAN,AVENUE,5,15.0
47896,6,2,170,5,5,80.0,0,N,RURAL_VICTORIA,ROAD,2,21.0
47897,1,4,121,2,1,80.0,0,I,SMALL_CITIES,HIGHWAY,5,10.0
47898,1,6,120,5,2,50.0,0,N,MELB_URBAN,DRIVE,5,16.0
47899,1,4,110,5,1,60.0,0,I,MELB_URBAN,ROAD,5,8.0
47900,1,6,110,1,1,60.0,0,I,MELB_URBAN,ROAD,5,13.0
47901,1,2,130,1,1,60.0,0,I,MELB_URBAN,ROAD,5,8.0
47902,7,6,99,4,5,50.0,0,N,SMALL_CITIES,STREET,2,3.0
47903,2,6,102,2,6,50.0,0,I,MELB_URBAN,STREET,5,17.0
47904,1,5,130,2,6,60.0,0,I,SMALL_CITIES,STREET,5,17.0
47905,1,5,130,1,3,80.0,0,I,RURAL_VICTORIA,ROAD,5,19.0
47906,2,6,102,5,3,60.0,0,N,MELB_URBAN,ROAD,5,19.0
47907,1,5,121,1,3,60.0,0,I,SMALL_CITIES,ROAD,5,20.0
47908,1,6,121,1,3,80.0,0,I,MELB_URBAN,HIGHWAY,5,20.0
47909,1,6,130,2,1,60.0,0,I,MELB_URBAN,STREET,4,13.0
47910,1,6,110,4,3,80.0,0,N,MELB_URBAN,ROAD,5,21.0
47911,1,7,99,2,1,30.0,0,I,RURAL_VICTORIA,ROAD,5,9.0
47912,1,6,116,2,2,60.0,0,I,MELB_URBAN,ROAD,5,6.0
47913,1,7,160,5,3,60.0,0,N,MELB_URBAN,ROAD,5,3.0
47914,1,7,160,5,3,50.0,0,N,TOWNS,STREET,5,0.0
47915,8,6,99,1,3,60.0,0,I,MELB_URBAN,ROAD,5,23.0
47916,2,1,100,5,2,50.0,0,N,MELB_URBAN,ROAD,5,16.0
47917,1,7,130,5,1,80.0,0,N,MELB_URBAN,ROAD,5,12.0
47918,1,5,130,5,2,100.0,0,N,MELB_URBAN,FREEWAY,5,17.0
47919,1,2,113,2,3,50.0,0,I,MELB_URBAN,AVENUE,5,18.0
47920,2,7,99,2,2,60.0,0,N,TOWNS,STREET,5,7.0
47921,1,7,130,1,1,60.0,0,I,MELB_URBAN,ROAD,5,15.0
47922,4,1,173,5,3,70.0,0,N,MELB_URBAN,HIGHWAY,4,1.0
47923,1,7,116,2,2,60.0,0,I,MELB_URBAN,ROAD,5,7.0
47924,8,0,184,5,1,60.0,0,N,RURAL_VICTORIA,OTHER,4,14.0
47925,1,7,113,2,1,50.0,0,I,MELB_URBAN,ROAD,5,9.0
47926,8,7,99,5,1,100.0,0,N,RURAL_VICTORIA,ROAD,5,12.0
47927,4,7,173,5,1,70.0,0,N,RURAL_VICTORIA,ROAD,5,10.0
47928,1,7,110,1,1,50.0,0,I,MELB_URBAN,ROAD,5,11.0