,accident_type,day_of_week,dca_code,road_geometry,light_condition,speed_zone,severity,node_type,deg_urban_name,road_type,month,hour
47929,7,7,99,5,1,50.0,0,N,TOWNS,STREET,5,13.0
47930,2,7,99,5,1,50.0,0,N,MELB_URBAN,STREET,5,9.0
47931,1,7,130,5,9,60.0,0,N,MELB_URBAN,STREET,5,6.0
47932,4,7,173,5,1,80.0,0,N,MELB_URBAN,HIGHWAY,5,14.0
47933,8,4,174,2,1,70.0,0,I,MELB_URBAN,ROAD,5,8.0
47934,1,7,110,1,1,60.0,0,I,MELB_URBAN,STREET,5,15.0
47935,1,3,120,2,3,50.0,0,I,MELB_URBAN,ROAD,5,18.0
47936,1,5,116,1,1,60.0,0,I,MELB_URBAN,ROAD,5,8.0
47937,5,7,99,5,1,100.0,0,N,RURAL_VICTORIA,OTHER,5,10.0
47938,1,4,113,2,1,80.0,0,I,MELB_URBAN,ROAD,2,7.0
47939,1,6,99,1,1,50.0,0,I,MELB_URBAN,AVENUE,5,16.0
47940,1,7,147,5,3,70.0,0,I,MELB_URBAN,ROAD,5,18.0
47941,2,7,100,5,1,40.0,0,N,MELB_URBAN,STREET,5,15.0
47942,1,7,130,2,3,80.0,0,I,MELB_URBAN,HIGHWAY,5,17.0
47943,1,7,130,5,1,60.0,0,N,LARGE_PROVINCIAL_CITIES,HIGHWAY,5,15.0
47944,1,7,120,5,2,60.0,0,N,MELB_URBAN,BOULEVARD,5,17.0
47945,6,7,184,2,5,60.0,0,I,SMALL_TOWNS,ROAD,5,19.0
47946,1,7,130,2,2,50.0,0,N,MELB_URBAN,DRIVE,5,17.0
47947,1,7,110,1,2,50.0,0,I,MELB_URBAN,AVENUE,5,16.0
47948,8,7,184,5,2,100.0,0,N,RURAL_VICTORIA,ROAD,5,16.0
47949,2,7,100,5,3,60.0,0,N,MELB_URBAN,ROAD,5,20.0
47950,1,7,99,5,2,100.0,1,N,RURAL_VICTORIA,HIGHWAY,5,17.0
47951,6,5,170,5,1,70.0,0,N,RURAL_VICTORIA,ROAD,3,9.0
47952,1,6,121,1,3,60.0,0,I,MELB_URBAN,STREET,5,21.0
47953,1,7,160,5,3,50.0,0,N,MELB_URBAN,UNKNOWN,5,18.0
47954,1,7,110,1,3,50.0,0,I,MELB_URBAN,STREET,5,22.0
47955,1,7,135,5,3,60.0,0,N,MELB_URBAN,HIGHWAY,5,22.0
47956,1,7,130,5,5,100.0,0,N,MELB_URBAN,FREEWAY,5,18.0
47957,1,7,160,5,3,80.0,0,N,MELB_URBAN,HIGHWAY,5,1.0
47958,4,7,171,5,5,80.0,0,N,MELB_URBAN,OTHER,5,22.0
47959,4,0,171,1,3,60.0,0,I,MELB_URBAN,ROAD,5,3.0
47960,2,1,100,5,3,50.0,0,N,SMALL_CITIES,STREET,5,2.0
47961,1,7,130,5,1,80.0,0,N,MELB_URBAN,OTHER,5,12.0
47962,4,1,99,2,3,50.0,0,I,MELB_URBAN,OTHER,5,4.0
47963,1,1,160,5,3,60.0,0,N,MELB_URBAN,STREET,5,4.0
47964,4,1,171,5,3,50.0,0,N,LARGE_PROVINCIAL_CITIES,ROAD,5,6.0
47965,4,7,173,5,1,60.0,0,N,TOWNS,OTHER,5,12.0
47966,1,1,130,1,2,80.0,0,I,MELB_URBAN,ROAD,5,7.0
47967,6,1,174,2,1,50.0,0,N,MELB_URBAN,ROAD,5,8.0
47968,6,0,99,5,2,60.0,0,O,RURAL_VICTORIA,UNKNOWN,5,16.0
47969,1,1,110,1,1,100.0,0,I,RURAL_VICTORIA,ROAD,5,8.0
47970,4,0,171,2,2,80.0,0,N,MELB_URBAN,HIGHWAY,5,7.0
47971,8,7,174,5,1,60.0,0,N,MELB_URBAN,ROAD,5,11.0
47972,4,1,183,5,1,100.0,0,N,SMALL_TOWNS,ROAD,5,11.0
47973,1,1,163,5,1,40.0,0,N,MELB_URBAN,STREET,5,8.0
47974,4,1,181,5,1,100.0,0,N,RURAL_VICTORIA,ROAD,5,12.0
47975,4,1,171,5,1,70.0,0,N,MELB_URBAN,STREET,5,10.0
47976,1,0,133,5,1,60.0,0,N,MELB_URBAN,STREET,5,13.0
47977,1,1,120,5,1,100.0,0,N,RURAL_VICTORIA,ROAD,5,11.0
47978,4,7,171,5,2,60.0,0,N,MELB_URBAN,STREET,5,16.0
47979,4,1,171,5,2,100.0,0,N,RURAL_VICTORIA,HIGHWAY,5,16.0
47980,1,1,135,5,2,100.0,0,N,MELB_URBAN,FREEWAY,5,16.0
47981,1,1,121,1,1,60.0,0,I,MELB_URBAN,ROAD,5,16.0
47982,6,7,99,9,2,100.0,0,N,RURAL_VICTORIA,HIGHWAY,5,17.0
47983,4,1,181,5,1,100.0,0,N,RURAL_VICTORIA,ROAD,5,14.0
47984,1,7,130,2,3,60.0,0,I,MELB_URBAN,AVENUE,5,19.0
47985,4,1,171,5,2,100.0,0,N,RURAL_VICTORIA,HIGHWAY,5,17.0
47986,6,5,170,5,5,100.0,0,N,RURAL_VICTORIA,ROAD,5,19.0
47987,1,1,147,5,2,60.0,0,N,MELB_URBAN,STREET,5,16.0
47988,2,1,99,5,3,60.0,0,N,MELB_URBAN,BOULEVARD,5,17.0
47989,3,1,167,5,1,60.0,0,N,RURAL_VICTORIA,ROAD,5,15.0
47990,5,1,99,5,1,60.0,0,N,RURAL_VICTORIA,OTHER,5,14.0
47991,4,1,181,5,2,100.0,0,N,RURAL_VICTORIA,ROAD,5,16.0
47992,1,1,121,2,3,70.0,0,I,MELB_URBAN,ROAD,5,21.0
47993,1,5,121,2,1,40.0,0,I,MELB_URBAN,STREET,5,11.0
47994,2,2,102,2,3,40.0,0,I,MELB_URBAN,STREET,5,20.0
47995,1,2,130,5,3,100.0,0,N,MELB_URBAN,FREEWAY,5,0.0
47996,4,1,173,5,3,100.0,0,N,MELB_URBAN,FREEWAY,5,5.0
47997,1,2,99,5,3,60.0,0,N,MELB_URBAN,ROAD,5,5.0
47998,4,2,171,5,1,60.0,0,N,MELB_URBAN,AVENUE,4,9.0
47999,1,6,99,5,1,50.0,0,N,SMALL_CITIES,STREET,8,16.0
48000,1,7,110,1,1,60.0,0,I,SMALL_CITIES,STREET,5,14.0
48001,8,7,99,5,1,60.0,0,N,RURAL_VICTORIA,ROAD,5,15.0
48002,1,1,163,2,3,60.0,0,N,MELB_URBAN,STREET,5,19.0
48003,6,2,99,5,2,100.0,0,N,RURAL_VICTORIA,ROAD,5,7.0
48004,2,2,100,1,1,50.0,0,I,LARGE_PROVINCIAL_CITIES,STREET,5,9.0
48005,4,2,171,1,9,60.0,0,I,MELB_URBAN,STREET,5,1.0
48006,6,2,170,5,1,100.0,0,N,RURAL_VICTORIA,ROAD,5,8.0
48007,3,2,167,5,9,100.0,0,N,RURAL_VICTORIA,ROAD,4,11.0
48008,1,2,130,1,2,60.0,0,I,MELB_URBAN,DRIVE,5,7.0
48009,1,2,111,2,1,50.0,0,I,MELB_URBAN,ROAD,5,8.0
48010,1,2,147,2,1,50.0,0,N,MELB_URBAN,STREET,5,8.0
48011,4,2,173,5,1,60.0,0,N,RURAL_VICTORIA,ROAD,5,10.0
48012,8,1,184,5,1,60.0,0,N,MELB_URBAN,STREET,5,8.0
48013,1,3,130,2,1,60.0,0,I,MELB_URBAN,ROAD,4,8.0
48014,2,2,99,5,1,40.0,0,N,SMALL_CITIES,STREET,5,8.0
48015,1,3,130,1,1,80.0,0,I,MELB_URBAN,ROAD,12,12.0
48016,1,2,99,5,1,60.0,0,N,MELB_URBAN,DRIVE,5,11.0
48017,4,1,99,2,1,50.0,0,I,MELB_URBAN,UNKNOWN,5,14.0
48018,4,2,173,5,1,50.0,0,N,MELB_URBAN,DRIVE,5,13.0
48019,8,6,174,5,1,60.0,0,N,RURAL_VICTORIA,ROAD,5,11.0
48020,1,5,130,1,2,80.0,0,I,MELB_URBAN,ROAD,4,17.0
48021,1,2,130,5,1,100.0,0,N,MELB_URBAN,FREEWAY,5,8.0
48022,1,1,121,5,1,50.0,0,N,MELB_URBAN,ROAD,5,9.0
48023,1,1,113,2,3,60.0,0,I,MELB_URBAN,ROAD,5,20.0
48024,8,7,174,2,1,60.0,0,I,RURAL_VICTORIA,ROAD,5,14.0
48025,4,2,173,5,1,100.0,0,N,RURAL_VICTORIA,HIGHWAY,5,13.0
48026,5,7,99,5,1,60.0,0,N,RURAL_VICTORIA,OTHER,1,13.0
48027,1,2,130,5,2,60.0,0,N,MELB_URBAN,STREET,5,16.0
48028,1,4,121,2,3,70.0,0,I,MELB_URBAN,ROAD,4,22.0
48029,1,1,130,5,9,60.0,0,N,MELB_URBAN,AVENUE,5,15.0
48030,1,2,99,5,1,60.0,0,N,RURAL_VICTORIA,ROAD,5,11.0
48031,1,1,110,1,3,50.0,0,I,MELB_URBAN,STREET,5,17.0
48032,4,2,171,5,1,70.0,0,N,MELB_URBAN,ROAD,5,9.0
48033,1,2,147,5,3,60.0,0,N,SMALL_CITIES,STREET,5,17.0
48034,4,2,99,2,2,30.0,0,I,MELB_URBAN,STREET,5,16.0
48035,8,2,174,5,1,40.0,0,N,MELB_URBAN,ROAD,5,12.0
48036,6,2,174,1,1,60.0,0,I,MELB_URBAN,HIGHWAY,5,14.0
48037,1,2,163,5,3,40.0,0,N,MELBOURNE_CBD,STREET,5,18.0
48038,1,2,120,5,2,80.0,0,N,RURAL_VICTORIA,ROAD,5,16.0
48039,2,1,100,5,1,50.0,0,N,MELB_URBAN,STREET,5,15.0
48040,1,2,121,2,3,60.0,0,I,MELB_URBAN,ROAD,5,17.0
48041,1,2,140,5,2,60.0,0,N,MELB_URBAN,OTHER,5,17.0
48042,4,2,173,5,1,100.0,0,N,RURAL_VICTORIA,ROAD,5,15.0
48043,1,2,121,2,1,50.0,0,I,MELB_URBAN,DRIVE,5,14.0
48044,1,2,160,5,3,40.0,0,N,MELB_URBAN,STREET,5,19.0
48045,1,2,130,5,2,60.0,0,N,MELB_URBAN,ROAD,5,16.0
48046,1,2,99,1,3,50.0,0,I,MELB_URBAN,STREET,5,18.0
48047,1,2,163,5,1,40.0,0,N,MELB_URBAN,STREET,5,15.0
48048,1,0,130,5,1,60.0,0,N,MELB_URBAN,ROAD,5,11.0
48049,4,2,171,5,1,100.0,0,N,RURAL_VICTORIA,FREEWAY,5,16.0
48050,1,2,133,1,2,60.0,0,I,RURAL_VICTORIA,HIGHWAY,5,6.0
48051,2,2,99,5,3,60.0,0,N,MELB_URBAN,BOULEVARD,5,21.0
48052,1,4,134,5,2,80.0,0,N,MELB_URBAN,HIGHWAY,4,7.0
48053,2,2,99,5,3,40.0,0,N,MELB_URBAN,STREET,5,23.0
48054,1,3,110,1,3,80.0,0,I,RURAL_VICTORIA,ROAD,5,5.0
48055,1,4,99,1,6,60.0,0,I,MELB_URBAN,ROAD,5,18.0
48056,1,1,110,1,1,70.0,0,I,LARGE_PROVINCIAL_CITIES,OTHER,4,11.0
48057,1,6,130,5,1,70.0,0,N,MELB_URBAN,ROAD,5,14.0
48058,2,1,99,5,9,40.0,0,N,MELB_URBAN,STREET,5,16.0
48059,1,3,130,1,2,60.0,0,I,MELB_URBAN,ROAD,5,7.0
48060,1,3,130,1,3,60.0,0,N,MELB_URBAN,ROAD,4,17.0
48061,1,3,121,1,1,60.0,0,I,MELB_URBAN,UNKNOWN,5,10.0
48062,1,4,111,1,1,70.0,0,I,MELB_URBAN,HIGHWAY,4,14.0
48063,1,2,163,5,1,60.0,0,N,MELB_URBAN,ROAD,5,8.0
48064,4,3,99,2,1,50.0,0,I,MELB_URBAN,STREET,5,9.0
48065,1,3,130,2,1,60.0,0,I,MELB_URBAN,ROAD,5,9.0
48066,1,7,130,2,1,60.0,0,I,SMALL_CITIES,STREET,4,12.0
48067,5,3,99,5,1,60.0,0,N,MELB_URBAN,ROAD,4,9.0
48068,1,3,120,2,1,100.0,0,N,RURAL_VICTORIA,ROAD,5,8.0
48069,8,2,99,5,1,60.0,0,N,TOWNS,STREET,4,8.0
48070,1,3,113,2,1,100.0,0,I,RURAL_VICTORIA,ROAD,5,9.0
48071,4,3,173,5,1,60.0,0,N,MELB_URBAN,OTHER,5,9.0
48072,1,3,120,5,1,100.0,0,N,RURAL_VICTORIA,ROAD,5,11.0
48073,1,1,160,5,2,60.0,0,N,LARGE_PROVINCIAL_CITIES,STREET,5,17.0
48074,6,2,99,5,2,100.0,0,N,RURAL_VICTORIA,ROAD,5,6.0
48075,1,2,130,2,1,80.0,0,I,LARGE_PROVINCIAL_CITIES,HIGHWAY,5,9.0
48076,1,3,121,2,1,80.0,0,I,MELB_URBAN,AVENUE,5,12.0
48077,1,3,99,2,1,60.0,0,N,MELB_URBAN,ROAD,5,9.0
48078,8,5,174,2,1,50.0,0,I,MELB_URBAN,OTHER,5,15.0
48079,4,3,171,5,1,70.0,0,N,MELB_URBAN,ROAD,5,12.0
48080,1,2,147,5,1,60.0,0,N,MELB_URBAN,OTHER,5,13.0
48081,1,6,99,1,1,60.0,0,I,MELB_URBAN,OTHER,5,8.0
48082,1,3,121,2,1,60.0,0,I,MELB_URBAN,ROAD,5,8.0
48083,1,3,120,5,1,50.0,0,N,MELB_URBAN,DRIVE,5,9.0
48084,1,3,135,5,1,80.0,0,N,MELB_URBAN,FREEWAY,5,14.0
48085,4,3,171,4,1,80.0,0,I,RURAL_VICTORIA,ROAD,5,14.0
48086,1,5,130,5,1,80.0,0,N,MELB_URBAN,ROAD,4,15.0
48087,1,0,121,1,3,60.0,0,I,MELB_URBAN,ROAD,5,23.0
48088,1,3,147,5,2,70.0,0,N,SMALL_CITIES,STREET,5,16.0
48089,1,3,121,1,1,60.0,0,I,MELB_URBAN,OTHER,5,12.0
48090,1,3,147,5,1,50.0,0,N,SMALL_CITIES,STREET,5,11.0
48091,1,6,130,2,3,80.0,0,I,MELB_URBAN,HIGHWAY,3,22.0
48092,4,3,173,5,1,60.0,0,N,MELB_URBAN,ROAD,5,15.0
48093,6,1,174,5,5,100.0,0,N,RURAL_VICTORIA,HIGHWAY,5,22.0
48094,1,3,113,2,2,60.0,0,I,MELB_URBAN,ROAD,5,16.0
48095,1,3,163,5,3,40.0,0,N,MELBOURNE_CBD,STREET,5,19.0
48096,1,3,121,2,2,60.0,0,I,LARGE_PROVINCIAL_CITIES,ROAD,5,16.0
48097,1,3,130,5,3,80.0,0,N,MELB_URBAN,ROAD,5,18.0
48098,1,3,110,1,3,50.0,0,I,MELB_URBAN,STREET,5,17.0
48099,1,2,120,4,1,50.0,0,I,MELB_URBAN,ROAD,3,11.0
48100,1,2,160,1,1,60.0,0,I,MELB_URBAN,STREET,5,15.0
48101,1,3,130,1,3,70.0,0,I,MELB_URBAN,ROAD,5,18.0
48102,1,2,130,2,1,80.0,0,I,MELB_URBAN,FREEWAY,5,8.0
48103,4,3,99,5,2,80.0,0,N,MELB_URBAN,UNKNOWN,5,17.0
48104,1,3,130,5,3,100.0,0,N,MELB_URBAN,FREEWAY,5,18.0
48105,1,3,99,2,1,60.0,0,I,MELB_URBAN,STREET,5,15.0
48106,1,2,130,4,3,80.0,0,I,MELB_URBAN,ROAD,5,18.0
48107,1,3,130,1,3,60.0,0,I,MELB_URBAN,ROAD,5,21.0
48108,1,1,130,5,1,80.0,0,N,MELB_URBAN,ROAD,5,8.0
48109,1,3,99,2,1,60.0,0,I,LARGE_PROVINCIAL_CITIES,STREET,5,11.0
48110,1,3,160,5,3,40.0,0,N,MELB_URBAN,STREET,5,21.0
48111,4,3,181,5,3,60.0,0,N,RURAL_VICTORIA,DRIVE,5,22.0
48112,1,3,160,5,3,60.0,0,N,MELB_URBAN,ROAD,5,1.0
48113,4,4,171,5,3,80.0,0,N,RURAL_VICTORIA,ROAD,5,1.0
48114,7,4,99,1,3,40.0,0,I,MELB_URBAN,STREET,5,0.0
48115,1,1,130,5,2,110.0,0,N,RURAL_VICTORIA,HIGHWAY,3,20.0
48116,8,2,170,5,1,60.0,0,N,RURAL_VICTORIA,ROAD,2,18.0
48117,1,3,160,2,1,50.0,0,N,MELB_URBAN,OTHER,5,13.0
48118,4,4,171,5,5,100.0,1,N,RURAL_VICTORIA,ROAD,5,2.0
48119,1,3,121,2,2,80.0,0,I,MELB_URBAN,ROAD,5,7.0
48120,1,6,130,5,1,100.0,0,N,MELB_URBAN,FREEWAY,3,15.0
48121,4,3,171,5,1,50.0,0,N,MELB_URBAN,STREET,5,8.0
48122,1,4,121,2,1,60.0,0,I,MELB_URBAN,STREET,5,9.0
48123,1,4,121,5,1,50.0,0,N,MELB_URBAN,STREET,5,9.0
48124,1,2,121,2,3,60.0,0,I,MELB_URBAN,STREET,4,17.0
48125,1,4,130,5,1,100.0,0,N,MELB_URBAN,FREEWAY,5,8.0
48126,1,6,130,2,1,60.0,0,N,MELB_URBAN,ROAD,5,14.0
48127,8,4,174,5,5,100.0,0,N,RURAL_VICTORIA,HIGHWAY,4,3.0
48128,4,2,181,5,5,60.0,0,N,MELB_URBAN,ROAD,5,2.0
48129,4,4,181,5,1,70.0,0,N,MELB_URBAN,HIGHWAY,5,13.0
48130,1,3,163,2,2,50.0,0,I,MELB_URBAN,DRIVE,5,17.0
48131,2,7,100,1,3,40.0,0,I,MELB_URBAN,ROAD,5,20.0
48132,1,3,113,2,1,60.0,0,I,LARGE_PROVINCIAL_CITIES,AVENUE,5,12.0
48133,1,4,110,1,1,60.0,0,I,LARGE_PROVINCIAL_CITIES,STREET,5,10.0
48134,1,4,110,1,1,60.0,0,I,SMALL_CITIES,STREET,5,11.0
48135,1,1,121,5,2,60.0,0,N,MELB_URBAN,ROAD,5,16.0
48136,1,7,130,1,1,60.0,0,I,MELB_URBAN,STREET,5,14.0
48137,1,4,113,2,2,100.0,0,I,RURAL_VICTORIA,ROAD,5,6.0
48138,1,4,110,1,1,60.0,0,I,TOWNS,STREET,5,14.0
48139,1,4,130,5,1,100.0,0,N,RURAL_VICTORIA,ROAD,5,10.0
48140,1,3,99,5,1,70.0,0,N,LARGE_PROVINCIAL_CITIES,ROAD,5,13.0
48141,1,4,130,4,1,40.0,0,I,MELB_URBAN,ROAD,5,14.0
48142,4,6,181,5,3,50.0,0,N,MELB_URBAN,AVENUE,5,19.0
48143,1,3,130,2,1,80.0,0,I,SMALL_CITIES,ROAD,5,12.0
48144,8,4,170,1,1,80.0,0,I,MELB_URBAN,ROAD,5,8.0
48145,4,4,181,5,1,100.0,0,N,RURAL_VICTORIA,ROAD,5,10.0
48146,1,4,113,2,1,60.0,0,I,MELB_URBAN,ROAD,5,13.0
48147,2,4,100,5,1,60.0,0,N,MELB_URBAN,UNKNOWN,5,12.0
48148,8,1,174,5,1,60.0,0,N,RURAL_VICTORIA,OTHER,5,11.0
48149,1,2,130,5,2,100.0,0,N,MELB_URBAN,FREEWAY,5,17.0
48150,1,3,132,2,1,60.0,0,I,MELB_URBAN,ROAD,5,10.0
48151,2,4,100,2,1,50.0,0,I,MELB_URBAN,STREET,5,14.0
48152,1,7,130,5,1,80.0,0,N,MELB_URBAN,UNKNOWN,5,8.0
48153,1,6,110,1,1,60.0,0,I,LARGE_PROVINCIAL_CITIES,STREET,4,12.0
48154,1,4,130,5,1,100.0,0,N,MELB_URBAN,ROAD,5,8.0
48155,4,4,173,5,1,100.0,0,N,RURAL_VICTORIA,HIGHWAY,5,15.0
48156,1,4,99,2,1,60.0,0,N,MELB_URBAN,ROAD,5,11.0
48157,8,4,99,5,1,50.0,0,N,RURAL_VICTORIA,OTHER,5,15.0
48158,1,7,130,2,3,60.0,0,I,MELB_URBAN,ROAD,5,20.0
48159,1,3,130,2,1,60.0,0,I,MELB_URBAN,ROAD,5,13.0
48160,1,4,130,5,2,60.0,0,N,LARGE_PROVINCIAL_CITIES,STREET,5,17.0
48161,8,7,174,5,1,60.0,0,N,RURAL_VICTORIA,OTHER,5,10.0
48162,1,4,110,1,3,60.0,0,I,TOWNS,STREET,5,17.0
48163,1,2,110,1,1,40.0,0,I,MELB_URBAN,STREET,5,11.0
48164,1,4,113,2,3,70.0,0,I,LARGE_PROVINCIAL_CITIES,HIGHWAY,5,17.0
48165,1,2,130,5,1,50.0,0,N,MELB_URBAN,STREET,5,14.0
48166,1,4,99,1,3,60.0,0,I,MELB_URBAN,ROAD,5,19.0
48167,1,2,130,2,2,50.0,0,I,MELB_URBAN,ROAD,5,16.0
48168,4,4,171,5,3,60.0,0,N,MELB_URBAN,ROAD,5,19.0
48169,1,5,160,5,1,50.0,0,N,SMALL_CITIES,ROAD,4,15.0
48170,2,4,99,1,3,60.0,0,I,MELB_URBAN,ROAD,5,18.0
48171,1,3,147,5,1,60.0,0,N,MELB_URBAN,ROAD,5,8.0
48172,1,4,132,5,3,60.0,0,N,SMALL_CITIES,ROAD,5,19.0
48173,1,4,110,1,1,50.0,0,I,LARGE_PROVINCIAL_CITIES,STREET,5,14.0
48174,1,4,130,5,3,100.0,0,N,MELB_URBAN,ROAD,5,18.0
48175,1,3,130,2,3,50.0,0,I,MELB_URBAN,STREET,5,21.0
48176,4,4,171,5,5,110.0,1,N,RURAL_VICTORIA,FREEWAY,5,19.0
48177,1,3,110,1,2,50.0,0,I,MELB_URBAN,STREET,5,16.0
48178,4,4,173,5,3,50.0,0,N,TOWNS,STREET,5,20.0
48179,1,4,121,1,3,70.0,0,I,MELB_URBAN,ROAD,5,23.0
48180,1,5,147,5,1,60.0,0,N,MELB_URBAN,ROAD,4,8.0
48181,4,4,99,5,6,50.0,0,N,MELB_URBAN,BOULEVARD,5,1.0
48182,1,5,121,2,3,60.0,0,I,MELB_URBAN,ROAD,5,18.0
48183,1,5,121,4,3,80.0,0,I,MELB_URBAN,ROAD,5,6.0
48184,1,3,130,5,2,100.0,0,N,MELB_URBAN,FREEWAY,5,16.0
48185,3,5,167,5,5,100.0,0,N,RURAL_VICTORIA,ROAD,5,5.0
48186,1,1,135,5,3,40.0,0,N,MELB_URBAN,FREEWAY,5,22.0
48187,1,5,147,5,1,60.0,0,N,MELB_URBAN,ROAD,5,8.0
48188,1,5,116,2,1,50.0,0,I,TOWNS,STREET,5,9.0
48189,1,4,130,5,3,60.0,0,N,MELB_URBAN,ROAD,5,19.0
48190,1,5,99,2,2,40.0,0,I,MELB_URBAN,STREET,4,7.0
48191,8,1,174,5,1,60.0,0,N,RURAL_VICTORIA,OTHER,5,9.0
48192,1,4,147,5,3,60.0,0,N,TOWNS,STREET,5,19.0
48193,1,2,120,5,1,80.0,0,N,RURAL_VICTORIA,ROAD,5,13.0
48194,4,4,171,5,3,80.0,0,N,MELB_URBAN,ROAD,5,1.0
48195,1,6,133,1,3,80.0,0,N,MELB_URBAN,ROAD,4,18.0
48196,4,4,183,5,1,100.0,0,N,RURAL_VICTORIA,ROAD,5,9.0
48197,1,5,116,1,2,60.0,0,I,MELB_URBAN,ROAD,5,7.0
48198,1,4,99,5,5,50.0,0,N,MELB_URBAN,ROAD,5,21.0
48199,1,1,99,2,1,60.0,0,I,MELB_URBAN,STREET,4,11.0
48200,1,5,113,2,1,70.0,0,I,LARGE_PROVINCIAL_CITIES,OTHER,5,12.0
48201,1,3,163,5,6,40.0,0,N,MELB_URBAN,STREET,5,19.0
48202,2,4,102,1,3,80.0,0,I,MELB_URBAN,HIGHWAY,5,21.0
48203,1,4,130,5,1,80.0,0,I,MELB_URBAN,ROAD,5,10.0
48204,8,1,99,5,1,60.0,0,N,RURAL_VICTORIA,ROAD,3,12.0
48205,1,4,113,2,2,80.0,0,I,MELB_URBAN,ROAD,5,16.0
48206,6,5,174,5,1,80.0,0,N,MELB_URBAN,ROAD,5,9.0
48207,3,2,167,5,2,100.0,0,N,RURAL_VICTORIA,ROAD,4,17.0
48208,1,5,99,2,1,60.0,0,I,MELB_URBAN,ROAD,5,9.0
48209,4,4,181,5,1,60.0,0,N,RURAL_VICTORIA,ROAD,4,16.0
48210,4,4,171,5,1,70.0,0,N,MELB_URBAN,STREET,5,9.0
48211,1,6,99,1,1,60.0,0,I,MELB_URBAN,ROAD,4,12.0
48212,2,4,99,5,1,50.0,0,N,MELB_URBAN,DRIVE,5,15.0
48213,1,5,120,5,1,80.0,1,N,RURAL_VICTORIA,HIGHWAY,5,12.0
48214,1,2,110,1,1,80.0,0,I,MELB_URBAN,ROAD,9,15.0
48215,8,3,99,5,2,60.0,0,N,MELB_URBAN,STREET,5,17.0
48216,1,4,130,5,2,100.0,0,N,MELB_URBAN,FREEWAY,5,7.0
48217,2,5,99,5,1,40.0,0,N,MELB_URBAN,ROAD,5,15.0
48218,1,5,132,2,2,60.0,0,I,MELB_URBAN,ROAD,5,16.0
48219,1,5,99,1,2,40.0,0,I,MELBOURNE_CBD,STREET,5,16.0
48220,1,5,160,5,3,60.0,0,N,MELB_URBAN,ROAD,5,17.0
48221,2,5,100,1,1,40.0,0,I,MELB_URBAN,PARADE,5,15.0
48222,1,5,132,5,2,60.0,0,N,MELB_URBAN,ROAD,5,16.0
48223,1,5,121,2,3,70.0,0,I,MELB_URBAN,ROAD,5,19.0
48224,1,4,130,2,3,60.0,0,N,MELB_URBAN,ROAD,5,18.0
48225,1,5,134,5,9,60.0,0,N,MELB_URBAN,STREET,5,18.0
48226,1,5,121,2,3,60.0,0,I,MELB_URBAN,STREET,5,17.0
48227,4,5,171,5,5,80.0,0,N,RURAL_VICTORIA,ROAD,5,19.0
48228,1,5,130,2,1,70.0,0,I,MELB_URBAN,ROAD,5,15.0
48229,1,4,110,1,5,50.0,0,I,MELB_URBAN,STREET,5,18.0
48230,2,5,99,5,3,50.0,0,N,MELB_URBAN,STREET,5,21.0
48231,4,5,171,5,2,100.0,0,N,RURAL_VICTORIA,ROAD,5,16.0
48232,2,5,102,1,3,40.0,0,I,MELB_URBAN,STREET,5,21.0
48233,1,5,120,5,5,80.0,0,N,RURAL_VICTORIA,ROAD,5,5.0
48234,1,4,113,2,3,60.0,0,I,MELB_URBAN,STREET,5,22.0
48235,1,3,160,5,1,60.0,0,N,MELB_URBAN,STREET,1,11.0
48236,1,2,113,2,1,60.0,0,I,MELB_URBAN,ROAD,5,10.0
48237,1,3,130,5,3,60.0,0,N,MELB_URBAN,ROAD,5,19.0
48238,4,5,171,5,1,50.0,0,N,MELB_URBAN,OTHER,5,12.0
48239,1,4,120,5,3,50.0,0,N,LARGE_PROVINCIAL_CITIES,STREET,5,21.0
48240,1,5,121,2,1,60.0,0,I,MELB_URBAN,ROAD,5,8.0
48241,4,4,173,5,1,80.0,0,N,MELB_URBAN,RAMP,5,8.0
48242,1,6,140,5,1,50.0,0,N,SMALL_CITIES,STREET,5,10.0
48243,1,6,121,1,1,60.0,0,I,MELB_URBAN,ROAD,5,9.0
48244,1,6,130,5,1,60.0,0,N,MELB_URBAN,ROAD,5,9.0
48245,1,5,132,4,1,60.0,0,I,SMALL_CITIES,STREET,5,10.0
48246,1,6,130,5,1,70.0,0,N,MELB_URBAN,ROAD,5,9.0
48247,2,6,99,5,1,50.0,0,N,TOWNS,STREET,5,10.0
48248,1,6,140,5,3,60.0,0,N,MELB_URBAN,STREET,5,6.0
48249,1,5,99,5,1,60.0,0,N,MELB_URBAN,STREET,5,8.0
48250,1,6,99,2,1,60.0,0,I,SMALL_CITIES,PARADE,5,12.0
48251,1,6,147,5,1,60.0,0,N,TOWNS,OTHER,5,11.0
48252,1,6,163,5,1,60.0,0,N,MELB_URBAN,ROAD,5,9.0
48253,1,6,130,5,1,50.0,0,N,TOWNS,ROAD,5,10.0
48254,1,5,130,5,2,40.0,0,N,RURAL_VICTORIA,ROAD,5,17.0
48255,1,5,113,1,1,50.0,0,I,TOWNS,STREET,5,12.0
48256,1,6,99,1,1,60.0,0,I,MELB_URBAN,AVENUE,5,11.0
48257,1,1,130,5,1,70.0,0,N,LARGE_PROVINCIAL_CITIES,OTHER,5,12.0
48258,1,5,113,1,1,60.0,0,I,MELB_URBAN,ROAD,5,13.0
48259,1,6,132,2,1,50.0,0,N,LARGE_PROVINCIAL_CITIES,STREET,5,12.0
48260,2,6,99,5,1,60.0,0,N,MELB_URBAN,ROAD,5,13.0
48261,2,6,100,2,1,70.0,0,I,MELB_URBAN,ROAD,5,8.0