,accident_type,day_of_week,dca_code,road_geometry,light_condition,speed_zone,severity,node_type,deg_urban_name,road_type,month,hour
48262,1,6,121,5,1,60.0,0,N,MELB_URBAN,HIGHWAY,5,12.0
48263,2,6,100,2,1,50.0,0,I,MELB_URBAN,ROAD,5,8.0
48264,8,1,184,5,1,100.0,0,N,RURAL_VICTORIA,ROAD,5,14.0
48265,1,2,113,2,2,80.0,0,I,MELB_URBAN,HIGHWAY,4,17.0
48266,1,7,113,2,1,80.0,0,I,RURAL_VICTORIA,DRIVE,5,14.0
48267,1,6,113,2,1,60.0,0,I,MELB_URBAN,ROAD,5,15.0
48268,4,6,173,5,1,110.0,0,N,RURAL_VICTORIA,FREEWAY,5,15.0
48269,7,2,99,5,1,40.0,0,N,MELB_URBAN,STREET,4,15.0
48270,2,1,99,5,3,40.0,0,N,MELBOURNE_CBD,STREET,5,2.0
48271,1,7,99,5,5,100.0,0,N,RURAL_VICTORIA,ROAD,5,22.0
48272,1,6,130,5,3,80.0,0,N,MELB_URBAN,FREEWAY,5,17.0
48273,4,1,171,5,3,60.0,0,N,MELB_URBAN,DRIVE,1,23.0
48274,1,6,130,5,3,80.0,0,N,MELB_URBAN,FREEWAY,5,18.0
48275,1,4,130,5,9,80.0,0,N,MELB_URBAN,RAMP,5,18.0
48276,1,3,121,2,3,90.0,0,I,MELB_URBAN,ROAD,5,19.0
48277,1,7,121,1,3,60.0,0,I,MELB_URBAN,STREET,5,20.0
48278,1,2,113,2,1,50.0,0,I,MELB_URBAN,ROAD,11,17.0
48279,2,6,99,2,1,40.0,0,I,MELB_URBAN,ROAD,5,15.0
48280,4,6,99,2,3,50.0,0,N,LARGE_PROVINCIAL_CITIES,AVENUE,5,20.0
48281,1,5,130,1,3,60.0,0,I,MELB_URBAN,ROAD,5,21.0
48282,4,6,173,5,3,80.0,0,N,MELB_URBAN,ROAD,5,1.0
48283,2,7,100,1,6,60.0,0,I,MELB_URBAN,ROAD,5,1.0
48284,1,5,120,5,3,60.0,0,N,MELB_URBAN,ROAD,4,18.0
48285,1,7,147,5,9,60.0,0,N,MELB_URBAN,ROAD,3,16.0
48286,2,1,99,1,3,60.0,0,I,MELB_URBAN,ROAD,5,20.0
48287,1,7,121,1,2,60.0,0,I,MELB_URBAN,HIGHWAY,5,7.0
48288,4,5,171,5,1,90.0,0,N,RURAL_VICTORIA,ROAD,5,13.0
48289,1,7,99,2,1,60.0,0,I,MELB_URBAN,PARADE,5,9.0
48290,1,7,130,5,1,80.0,0,N,MELB_URBAN,HIGHWAY,5,10.0
48291,1,7,121,2,1,60.0,0,I,SMALL_CITIES,ROAD,5,12.0
48292,1,6,135,5,3,60.0,0,N,MELB_URBAN,ROAD,5,23.0
48293,1,7,133,1,1,60.0,0,I,MELB_URBAN,ROAD,5,11.0
48294,1,6,147,5,2,60.0,0,N,LARGE_PROVINCIAL_CITIES,ROAD,5,16.0
48295,1,7,99,5,1,100.0,0,N,RURAL_VICTORIA,ROAD,5,10.0
48296,1,7,163,5,1,40.0,0,N,MELB_URBAN,STREET,5,10.0
48297,1,7,113,2,2,60.0,0,I,MELB_URBAN,ROAD,5,10.0
48298,1,6,121,1,2,60.0,0,I,MELB_URBAN,STREET,5,7.0
48299,1,6,116,1,3,60.0,0,I,MELB_URBAN,PARADE,4,23.0
48300,1,3,99,5,1,60.0,0,N,MELB_URBAN,ROAD,5,12.0
48301,1,4,147,2,9,50.0,0,I,MELB_URBAN,STREET,4,7.0
48302,4,7,181,5,1,100.0,0,N,RURAL_VICTORIA,ROAD,5,13.0
48303,4,6,181,5,1,100.0,0,N,RURAL_VICTORIA,ROAD,5,14.0
48304,2,2,102,1,6,70.0,0,I,MELB_URBAN,ROAD,5,21.0
48305,2,7,102,1,2,70.0,0,I,MELB_URBAN,ROAD,5,16.0
48306,1,6,99,1,1,60.0,0,I,SMALL_CITIES,STREET,5,8.0
48307,8,1,170,5,1,60.0,0,N,RURAL_VICTORIA,ROAD,5,14.0
48308,1,7,99,5,3,50.0,0,N,MELB_URBAN,OTHER,5,17.0
48309,1,5,130,5,1,60.0,0,N,MELB_URBAN,ROAD,5,8.0
48310,3,6,167,5,5,100.0,0,N,RURAL_VICTORIA,ROAD,5,18.0
48311,1,6,130,5,3,70.0,0,N,MELB_URBAN,ROAD,5,19.0
48312,1,7,130,2,3,60.0,0,I,MELB_URBAN,ROAD,5,19.0
48313,1,7,120,5,5,80.0,0,N,RURAL_VICTORIA,ROAD,5,19.0
48314,1,5,130,1,2,60.0,0,I,MELB_URBAN,OTHER,5,18.0
48315,4,7,181,4,3,50.0,0,N,MELB_URBAN,DRIVE,5,19.0
48316,1,7,121,1,3,80.0,0,I,MELB_URBAN,OTHER,5,18.0
48317,2,7,99,5,3,60.0,0,N,MELB_URBAN,PARADE,5,22.0
48318,2,7,100,2,3,50.0,0,I,MELB_URBAN,ROAD,5,19.0
48319,1,7,160,5,3,60.0,0,N,LARGE_PROVINCIAL_CITIES,STREET,5,23.0
48320,8,1,99,5,5,60.0,0,N,SMALL_TOWNS,ROAD,5,0.0
48321,1,7,121,4,3,70.0,0,N,MELB_URBAN,RAMP,5,19.0
48322,1,6,134,1,3,50.0,0,N,MELB_URBAN,STREET,5,20.0
48323,1,1,130,5,4,60.0,0,N,MELB_URBAN,ROAD,5,2.0
48324,1,5,111,4,3,60.0,0,I,MELB_URBAN,ROAD,5,5.0
48325,1,7,113,2,1,60.0,0,I,MELB_URBAN,ROAD,5,11.0
48326,1,6,163,5,9,40.0,0,N,MELB_URBAN,STREET,5,15.0
48327,6,7,99,5,5,100.0,1,N,RURAL_VICTORIA,ROAD,5,21.0
48328,1,3,130,2,3,60.0,0,N,LARGE_PROVINCIAL_CITIES,ROAD,5,18.0
48329,1,7,130,2,1,70.0,0,N,MELB_URBAN,ROAD,5,12.0
48330,1,1,121,1,1,60.0,0,I,MELB_URBAN,ROAD,5,11.0
48331,1,0,113,2,1,60.0,0,I,SMALL_CITIES,STREET,5,12.0
48332,1,1,113,1,1,80.0,0,I,MELB_URBAN,ROAD,5,11.0
48333,2,3,99,5,2,50.0,0,N,MELB_URBAN,ROAD,5,16.0
48334,1,6,121,1,3,70.0,0,I,MELB_URBAN,ROAD,5,20.0
48335,1,1,116,1,1,50.0,0,I,MELB_URBAN,STREET,5,13.0
48336,4,7,99,5,5,100.0,0,N,RURAL_VICTORIA,ROAD,5,21.0
48337,1,1,140,5,1,60.0,0,N,MELB_URBAN,STREET,5,13.0
48338,1,3,130,5,2,80.0,0,N,MELB_URBAN,HIGHWAY,4,6.0
48339,2,1,100,5,1,70.0,0,N,MELB_URBAN,ROAD,5,10.0
48340,1,4,130,2,1,60.0,0,I,MELB_URBAN,ROAD,4,14.0
48341,4,1,181,5,5,80.0,0,N,RURAL_VICTORIA,ROAD,5,6.0
48342,1,0,130,5,1,60.0,0,N,MELB_URBAN,STREET,5,13.0
48343,4,1,183,5,1,100.0,0,N,RURAL_VICTORIA,ROAD,5,14.0
48344,1,1,130,2,2,80.0,0,N,MELB_URBAN,HIGHWAY,5,16.0
48345,1,1,130,4,1,80.0,0,I,MELB_URBAN,HIGHWAY,5,14.0
48346,2,1,100,2,3,50.0,0,I,MELB_URBAN,ROAD,5,18.0
48347,1,1,116,2,5,60.0,0,N,MELB_URBAN,ROAD,5,19.0
48348,1,1,121,1,3,60.0,0,I,MELB_URBAN,STREET,5,18.0
48349,4,1,171,2,3,50.0,0,I,SMALL_CITIES,STREET,5,20.0
48350,1,1,110,1,3,60.0,0,I,RURAL_VICTORIA,ROAD,5,18.0
48351,1,0,140,2,2,60.0,0,I,MELB_URBAN,ROAD,5,18.0
48352,6,7,99,5,5,80.0,0,N,RURAL_VICTORIA,ROAD,5,22.0
48353,4,1,183,5,5,80.0,0,N,RURAL_VICTORIA,HIGHWAY,5,19.0
48354,6,3,174,2,2,70.0,0,N,MELB_URBAN,ROAD,4,7.0
48355,2,6,102,2,3,50.0,0,I,MELB_URBAN,STREET,5,17.0
48356,1,1,132,2,2,60.0,0,I,SMALL_CITIES,ROAD,5,17.0
48357,2,1,102,1,3,40.0,0,I,MELBOURNE_CBD,STREET,5,22.0
48358,1,1,116,2,3,80.0,0,I,MELB_URBAN,FREEWAY,5,19.0
48359,4,1,171,5,3,80.0,0,N,MELB_URBAN,STREET,5,2.0
48360,8,7,184,5,1,60.0,0,N,RURAL_VICTORIA,ROAD,3,14.0
48361,4,1,173,5,3,60.0,0,N,MELB_URBAN,BOULEVARD,5,6.0
48362,8,3,184,5,1,60.0,0,I,RURAL_VICTORIA,OTHER,4,13.0
48363,1,7,132,1,3,60.0,0,I,MELB_URBAN,ROAD,5,18.0
48364,1,4,135,5,2,80.0,0,N,MELB_URBAN,HIGHWAY,5,17.0
48365,1,1,147,5,1,40.0,0,N,MELB_URBAN,ROAD,5,8.0
48366,1,2,113,2,1,70.0,0,N,MELB_URBAN,PARADE,5,8.0
48367,6,7,99,5,5,60.0,0,N,MELB_URBAN,HIGHWAY,5,20.0
48368,1,0,116,2,1,70.0,0,I,MELB_URBAN,ROAD,4,13.0
48369,1,4,130,5,2,60.0,0,N,MELB_URBAN,ROAD,5,16.0
48370,1,2,147,5,1,40.0,0,N,MELB_URBAN,ROAD,5,9.0
48371,6,1,184,5,1,80.0,0,I,RURAL_VICTORIA,ROAD,5,13.0
48372,1,2,99,5,1,40.0,0,I,MELB_URBAN,STREET,5,10.0
48373,1,2,110,1,1,100.0,0,I,RURAL_VICTORIA,ROAD,5,9.0
48374,1,1,121,4,1,70.0,0,I,MELB_URBAN,ROAD,5,10.0
48375,1,2,140,5,1,50.0,0,N,SMALL_CITIES,STREET,3,13.0
48376,1,2,130,5,1,40.0,0,N,MELBOURNE_CBD,STREET,5,11.0
48377,6,1,174,5,1,60.0,0,N,MELB_URBAN,ROAD,3,15.0
48378,1,4,147,5,1,50.0,0,N,SMALL_CITIES,ROAD,4,8.0
48379,1,2,113,2,2,60.0,0,I,RURAL_VICTORIA,DRIVE,5,7.0
48380,4,2,171,5,5,100.0,0,N,RURAL_VICTORIA,ROAD,5,1.0
48381,1,2,113,1,1,50.0,0,I,MELB_URBAN,AVENUE,5,12.0
48382,8,2,99,5,1,60.0,0,N,SMALL_CITIES,UNKNOWN,5,11.0
48383,1,2,120,5,1,60.0,0,N,RURAL_VICTORIA,HIGHWAY,5,11.0
48384,6,1,174,2,2,60.0,0,I,RURAL_VICTORIA,ROAD,5,7.0
48385,1,2,113,2,2,60.0,0,I,MELB_URBAN,ROAD,5,7.0
48386,1,2,160,5,1,50.0,0,N,MELB_URBAN,STREET,5,13.0
48387,1,2,120,5,1,60.0,0,N,MELB_URBAN,ROAD,5,10.0
48388,6,1,99,4,5,60.0,0,I,RURAL_VICTORIA,OTHER,5,2.0
48389,1,2,147,5,1,100.0,0,N,RURAL_VICTORIA,ROAD,5,13.0
48390,1,2,121,2,1,60.0,0,I,MELB_URBAN,STREET,5,8.0
48391,1,4,130,5,6,70.0,0,N,MELB_URBAN,ROAD,10,20.0
48392,1,1,110,4,1,60.0,0,I,MELB_URBAN,ROAD,5,13.0
48393,1,2,147,5,1,60.0,0,N,MELB_URBAN,ROAD,5,13.0
48394,6,3,174,2,2,60.0,0,I,MELB_URBAN,ROAD,4,5.0
48395,1,1,135,5,1,70.0,0,N,MELB_URBAN,DRIVE,5,15.0
48396,6,2,99,5,1,100.0,1,N,RURAL_VICTORIA,ROAD,5,13.0
48397,1,2,113,2,1,50.0,0,I,MELB_URBAN,ROAD,5,15.0
48398,1,2,130,1,3,80.0,0,I,MELB_URBAN,HIGHWAY,5,18.0
48399,1,2,113,2,3,60.0,0,I,MELB_URBAN,ROAD,5,18.0
48400,1,2,160,2,3,50.0,0,N,MELB_URBAN,OTHER,5,18.0
48401,4,1,171,5,5,100.0,0,N,RURAL_VICTORIA,HIGHWAY,5,20.0
48402,1,2,99,2,3,50.0,0,I,MELB_URBAN,STREET,5,19.0
48403,1,4,130,1,1,60.0,0,I,MELB_URBAN,ROAD,11,15.0
48404,1,3,147,5,1,60.0,0,N,SMALL_CITIES,STREET,5,12.0
48405,1,5,163,2,3,60.0,0,N,MELB_URBAN,STREET,5,19.0
48406,1,2,130,5,3,80.0,0,N,MELB_URBAN,HIGHWAY,5,18.0
48407,2,2,102,2,3,60.0,0,I,MELB_URBAN,ROAD,5,18.0
48408,1,2,147,5,3,60.0,0,N,MELB_URBAN,DRIVE,5,19.0
48409,1,1,130,5,3,80.0,0,N,MELB_URBAN,HIGHWAY,5,22.0
48410,1,3,130,1,1,60.0,0,I,MELB_URBAN,HIGHWAY,3,8.0
48411,2,2,99,5,1,50.0,0,N,SMALL_CITIES,STREET,5,12.0
48412,2,5,102,2,5,60.0,0,I,MELB_URBAN,ROAD,5,18.0
48413,6,3,170,4,3,60.0,0,N,MELB_URBAN,ROAD,5,6.0
48414,1,5,130,1,2,60.0,0,I,MELB_URBAN,DRIVE,5,17.0
48415,1,2,116,2,3,40.0,0,I,MELB_URBAN,STREET,5,18.0
48416,1,2,110,1,2,50.0,0,I,MELB_URBAN,ROAD,5,16.0
48417,4,2,171,1,3,60.0,0,I,SMALL_CITIES,STREET,5,20.0
48418,1,3,130,5,1,80.0,0,N,RURAL_VICTORIA,ROAD,5,8.0
48419,4,6,171,5,1,50.0,0,N,TOWNS,STREET,5,15.0
48420,6,7,174,5,1,40.0,0,N,MELB_URBAN,STREET,5,11.0
48421,1,3,121,2,1,60.0,0,I,MELB_URBAN,ROAD,5,8.0
48422,1,7,120,5,1,80.0,0,N,RURAL_VICTORIA,ROAD,5,15.0
48423,1,3,99,2,2,40.0,0,I,MELBOURNE_CBD,OTHER,5,7.0
48424,1,3,130,2,1,60.0,0,I,MELB_URBAN,ROAD,5,8.0
48425,2,3,99,5,1,40.0,0,N,MELB_URBAN,OTHER,5,8.0
48426,1,2,130,5,1,100.0,0,N,MELB_URBAN,ROAD,5,8.0
48427,1,6,130,2,2,60.0,0,I,SMALL_CITIES,STREET,5,16.0
48428,4,2,173,5,1,100.0,0,N,SMALL_CITIES,OTHER,5,12.0
48429,1,4,147,5,3,60.0,0,N,MELB_URBAN,ROAD,5,19.0
48430,1,6,160,2,2,50.0,0,N,LARGE_PROVINCIAL_CITIES,STREET,3,6.0
48431,1,3,110,1,1,70.0,0,I,LARGE_PROVINCIAL_CITIES,ROAD,5,10.0
48432,2,3,102,5,1,40.0,0,N,MELB_URBAN,STREET,5,12.0
48433,1,3,130,5,1,60.0,0,N,MELB_URBAN,ROAD,5,14.0
48434,1,5,99,1,3,40.0,0,I,MELBOURNE_CBD,STREET,4,0.0
48435,1,2,121,5,1,70.0,0,N,MELB_URBAN,ROAD,5,14.0
48436,1,1,113,1,1,80.0,0,I,MELB_URBAN,RAMP,3,15.0
48437,8,6,170,5,3,40.0,0,N,MELB_URBAN,STREET,5,21.0
48438,1,3,113,2,1,60.0,0,I,LARGE_PROVINCIAL_CITIES,ROAD,5,12.0
48439,1,3,110,1,1,100.0,0,I,RURAL_VICTORIA,HIGHWAY,5,13.0
48440,1,1,130,5,2,80.0,0,N,MELB_URBAN,ROAD,10,17.0
48441,1,7,99,1,3,60.0,0,I,RURAL_VICTORIA,ROAD,5,19.0
48442,1,1,130,5,1,80.0,0,N,MELB_URBAN,ROAD,5,15.0
48443,6,3,99,5,1,100.0,0,N,RURAL_VICTORIA,HIGHWAY,5,15.0
48444,1,3,110,1,2,60.0,0,I,LARGE_PROVINCIAL_CITIES,STREET,5,16.0
48445,6,3,99,5,2,100.0,0,N,RURAL_VICTORIA,ROAD,5,16.0
48446,1,3,130,4,1,50.0,0,I,MELB_URBAN,ROAD,5,13.0
48447,4,6,99,2,2,60.0,0,I,RURAL_VICTORIA,ROAD,5,6.0
48448,8,4,184,5,1,50.0,0,N,MELB_URBAN,BOULEVARD,5,8.0
48449,1,3,130,5,3,70.0,0,N,MELB_URBAN,ROAD,5,18.0
48450,4,3,171,2,1,40.0,0,N,MELB_URBAN,STREET,5,15.0
48451,1,3,99,2,3,60.0,0,N,MELB_URBAN,DRIVE,5,20.0
48452,1,2,130,5,1,60.0,0,N,LARGE_PROVINCIAL_CITIES,STREET,5,15.0
48453,1,3,130,5,2,100.0,0,I,MELB_URBAN,FREEWAY,5,16.0
48454,1,3,110,1,3,50.0,0,I,SMALL_CITIES,STREET,5,18.0
48455,1,3,160,5,3,50.0,0,N,MELB_URBAN,DRIVE,5,20.0
48456,1,5,130,1,1,60.0,0,N,MELB_URBAN,ROAD,4,15.0
48457,2,7,99,5,1,50.0,0,N,TOWNS,ROAD,5,10.0
48458,1,3,130,5,3,80.0,0,N,MELB_URBAN,ROAD,5,5.0
48459,1,4,130,5,2,80.0,0,N,MELB_URBAN,HIGHWAY,5,18.0
48460,3,3,167,5,5,80.0,0,N,RURAL_VICTORIA,ROAD,5,18.0
48461,6,3,99,2,1,100.0,0,N,RURAL_VICTORIA,ROAD,5,14.0
48462,1,4,133,5,2,60.0,0,N,MELB_URBAN,ROAD,5,7.0
48463,1,4,130,5,1,60.0,0,N,TOWNS,OTHER,5,8.0
48464,6,3,99,5,1,60.0,0,N,RURAL_VICTORIA,ROAD,5,15.0
48465,2,3,99,5,6,60.0,0,N,MELB_URBAN,UNKNOWN,5,6.0
48466,1,1,147,5,1,50.0,0,N,MELB_URBAN,ROAD,5,9.0
48467,1,4,140,5,1,80.0,0,N,SMALL_CITIES,HIGHWAY,5,9.0
48468,1,3,110,1,1,60.0,0,I,TOWNS,ROAD,5,8.0
48469,1,4,130,2,1,50.0,0,I,SMALL_CITIES,STREET,5,13.0
48470,1,3,130,4,9,60.0,0,I,MELB_URBAN,ROAD,5,11.0
48471,1,1,120,5,1,50.0,0,N,MELB_URBAN,UNKNOWN,2,17.0
48472,6,3,170,5,5,100.0,0,N,RURAL_VICTORIA,ROAD,5,19.0
48473,4,3,173,5,1,60.0,0,N,RURAL_VICTORIA,ROAD,5,11.0
48474,1,3,130,1,1,80.0,0,I,MELB_URBAN,ROAD,5,9.0
48475,7,5,99,2,2,60.0,0,I,MELB_URBAN,ROAD,12,6.0
48476,2,4,100,1,1,40.0,0,I,MELB_URBAN,STREET,5,14.0
48477,8,4,174,1,1,40.0,0,I,MELB_URBAN,ROAD,5,14.0
48478,1,3,130,5,1,80.0,0,N,MELB_URBAN,FREEWAY,5,9.0
48479,1,4,132,2,1,80.0,0,I,TOWNS,ROAD,5,13.0
48480,1,2,160,2,3,40.0,0,N,MELBOURNE_CBD,STREET,5,17.0
48481,1,4,113,2,1,80.0,0,I,MELB_URBAN,ROAD,5,15.0
48482,1,4,116,2,1,60.0,0,I,MELB_URBAN,ROAD,5,8.0
48483,1,4,130,5,1,80.0,0,N,MELB_URBAN,STREET,5,15.0
48484,2,3,99,5,2,40.0,0,N,MELB_URBAN,AVENUE,5,16.0
48485,1,6,130,2,1,60.0,0,I,MELB_URBAN,ROAD,4,14.0
48486,1,4,130,2,2,60.0,0,I,MELB_URBAN,ROAD,7,8.0
48487,1,3,130,5,1,50.0,0,N,MELB_URBAN,ROAD,12,8.0
48488,1,3,121,2,6,60.0,0,I,MELB_URBAN,ROAD,5,18.0
48489,2,4,100,1,2,50.0,0,I,MELB_URBAN,STREET,5,16.0
48490,1,4,99,2,1,80.0,0,I,MELB_URBAN,HIGHWAY,5,15.0
48491,4,4,181,5,4,50.0,0,N,MELB_URBAN,ROAD,5,18.0
48492,1,4,130,5,1,60.0,0,N,LARGE_PROVINCIAL_CITIES,STREET,5,15.0
48493,1,4,111,1,2,100.0,0,N,RURAL_VICTORIA,HIGHWAY,5,16.0
48494,1,4,110,1,1,60.0,0,I,LARGE_PROVINCIAL_CITIES,STREET,5,14.0
48495,1,4,160,5,3,60.0,0,N,MELB_URBAN,ROAD,5,20.0
48496,1,4,110,1,3,100.0,0,I,RURAL_VICTORIA,ROAD,5,19.0
48497,2,2,100,2,1,70.0,0,I,MELB_URBAN,ROAD,5,10.0
48498,4,5,171,5,5,100.0,0,N,RURAL_VICTORIA,ROAD,5,0.0
48499,1,5,110,1,3,60.0,0,I,MELB_URBAN,PARADE,5,3.0
48500,4,5,173,2,2,50.0,0,I,MELB_URBAN,STREET,5,6.0
48501,1,4,121,2,3,70.0,0,I,MELB_URBAN,ROAD,5,17.0
48502,1,5,110,1,1,50.0,0,I,SMALL_CITIES,STREET,5,8.0
48503,1,1,110,1,1,60.0,0,I,LARGE_PROVINCIAL_CITIES,STREET,5,8.0
48504,1,4,110,1,3,60.0,0,I,SMALL_CITIES,STREET,5,19.0
48505,1,4,130,1,2,50.0,0,I,SMALL_CITIES,PARADE,5,17.0
48506,1,5,110,1,1,50.0,0,I,SMALL_CITIES,STREET,5,9.0
48507,1,3,140,5,3,80.0,0,N,MELB_URBAN,ROAD,5,18.0
48508,1,3,120,5,1,50.0,0,N,MELB_URBAN,OTHER,4,8.0
48509,4,5,171,5,5,60.0,0,N,RURAL_VICTORIA,ROAD,5,17.0
48510,1,5,110,1,1,100.0,0,I,RURAL_VICTORIA,ROAD,5,8.0
48511,1,2,130,5,1,60.0,0,N,LARGE_PROVINCIAL_CITIES,STREET,4,16.0
48512,2,5,99,1,1,50.0,0,I,MELB_URBAN,STREET,5,9.0
48513,1,2,130,2,1,40.0,0,N,MELB_URBAN,ROAD,5,11.0
48514,2,5,100,2,9,60.0,0,I,MELB_URBAN,ROAD,4,17.0
48515,8,5,174,4,6,60.0,0,I,MELB_URBAN,STREET,1,19.0
48516,1,3,120,5,5,100.0,0,N,RURAL_VICTORIA,HIGHWAY,5,21.0
48517,1,7,130,5,2,60.0,0,N,MELB_URBAN,ROAD,4,17.0
48518,1,5,120,2,1,60.0,0,I,MELB_URBAN,ROAD,5,10.0
48519,1,5,121,2,2,80.0,0,I,RURAL_VICTORIA,HIGHWAY,5,6.0
48520,1,5,110,1,1,60.0,0,I,TOWNS,ROAD,5,11.0
48521,2,5,102,1,1,60.0,0,I,MELB_URBAN,ROAD,5,12.0
48522,4,4,173,5,1,50.0,0,N,MELB_URBAN,STREET,5,12.0
48523,8,5,184,5,1,60.0,0,N,TOWNS,HIGHWAY,5,13.0
48524,1,2,132,2,9,60.0,0,N,MELB_URBAN,ROAD,5,19.0
48525,1,5,130,5,1,80.0,0,N,MELB_URBAN,ROAD,5,12.0
48526,3,4,167,5,5,100.0,0,N,RURAL_VICTORIA,HIGHWAY,5,20.0
48527,1,5,130,5,2,100.0,0,N,MELB_URBAN,RAMP,5,7.0
48528,4,4,171,5,1,100.0,0,N,RURAL_VICTORIA,ROAD,4,9.0
48529,1,3,130,5,1,100.0,0,N,MELB_URBAN,FREEWAY,5,8.0
48530,8,5,174,5,1,60.0,0,N,RURAL_VICTORIA,OTHER,5,11.0
48531,1,5,160,5,1,60.0,0,N,TOWNS,ROAD,5,14.0
48532,1,5,132,2,1,60.0,0,I,MELB_URBAN,ROAD,5,14.0
48533,1,5,110,1,1,50.0,0,I,MELB_URBAN,STREET,5,13.0
48534,1,6,113,2,3,60.0,0,I,MELB_URBAN,ROAD,5,18.0
48535,2,5,102,2,2,70.0,0,I,TOWNS,HIGHWAY,5,16.0
48536,2,5,102,5,2,50.0,0,N,MELB_URBAN,ROAD,5,16.0
48537,1,5,135,5,2,100.0,0,I,MELB_URBAN,FREEWAY,5,6.0
48538,8,5,99,5,1,100.0,0,N,RURAL_VICTORIA,ROAD,5,13.0
48539,2,5,99,5,1,50.0,0,N,TOWNS,STREET,5,15.0
48540,4,5,171,5,1,100.0,0,N,RURAL_VICTORIA,HIGHWAY,5,15.0
48541,1,4,130,2,1,60.0,0,I,MELB_URBAN,ROAD,3,9.0
48542,1,6,130,1,1,60.0,0,I,LARGE_PROVINCIAL_CITIES,STREET,11,11.0
48543,6,5,99,5,1,80.0,0,N,RURAL_VICTORIA,ROAD,5,9.0
48544,1,5,130,5,2,100.0,0,N,MELB_URBAN,ROAD,5,16.0
48545,1,5,130,2,3,60.0,0,N,LARGE_PROVINCIAL_CITIES,STREET,5,17.0
48546,4,3,181,5,3,60.0,0,N,LARGE_PROVINCIAL_CITIES,STREET,5,3.0
48547,1,2,130,5,1,60.0,0,N,MELB_URBAN,STREET,6,9.0
48548,1,5,130,5,3,80.0,0,N,MELB_URBAN,HIGHWAY,5,17.0
48549,1,5,130,5,2,60.0,0,N,MELB_URBAN,ROAD,5,17.0
48550,1,5,130,5,1,100.0,0,N,MELB_URBAN,FREEWAY,5,6.0
48551,1,4,130,5,2,60.0,0,N,TOWNS,FREEWAY,5,16.0
48552,2,5,102,5,3,50.0,0,N,TOWNS,STREET,5,18.0
48553,1,6,130,5,3,60.0,0,N,MELB_URBAN,ROAD,5,21.0
48554,1,5,130,5,3,70.0,0,N,MELB_URBAN,ROAD,5,17.0
48555,1,5,99,1,1,60.0,0,I,MELB_URBAN,HIGHWAY,5,13.0
48556,1,5,113,2,3,60.0,0,I,LARGE_PROVINCIAL_CITIES,STREET,5,18.0
48557,1,5,147,5,1,60.0,0,N,MELB_URBAN,STREET,5,15.0
48558,2,5,100,2,2,50.0,0,I,MELB_URBAN,HIGHWAY,5,16.0
48559,8,1,174,5,1,50.0,0,N,RURAL_VICTORIA,STREET,5,15.0
48560,2,4,100,5,3,50.0,0,N,MELB_URBAN,STREET,5,19.0
48561,1,3,132,1,1,70.0,0,I,MELB_URBAN,ROAD,3,18.0
48562,4,6,181,5,6,100.0,0,N,RURAL_VICTORIA,ROAD,5,0.0
48563,2,5,102,1,3,60.0,0,I,MELB_URBAN,STREET,5,6.0
48564,1,4,130,5,2,100.0,0,N,MELB_URBAN,FREEWAY,5,6.0
48565,4,6,173,5,3,60.0,1,N,MELB_URBAN,ROAD,5,2.0
48566,1,1,130,5,9,60.0,0,N,MELB_URBAN,ROAD,1,12.0
48567,1,6,130,1,3,60.0,0,I,MELB_URBAN,ROAD,5,6.0
48568,1,6,99,1,2,100.0,0,I,RURAL_VICTORIA,HIGHWAY,5,6.0
48569,1,1,130,5,1,60.0,0,N,MELB_URBAN,ROAD,3,11.0
48570,2,6,100,1,9,40.0,0,I,MELBOURNE_CBD,STREET,5,5.0
48571,2,4,99,1,2,60.0,0,I,MELB_URBAN,STREET,5,6.0
48572,6,5,170,5,9,60.0,0,N,RURAL_VICTORIA,ROAD,5,9.0
48573,1,7,110,1,1,60.0,0,I,MELB_URBAN,STREET,5,11.0
48574,1,3,130,4,2,60.0,0,I,LARGE_PROVINCIAL_CITIES,RAMP,3,17.0
48575,1,7,132,5,1,60.0,0,N,MELB_URBAN,ROAD,4,10.0
48576,1,4,121,2,3,80.0,0,I,MELB_URBAN,HIGHWAY,5,19.0
48577,1,6,147,5,2,100.0,0,N,RURAL_VICTORIA,ROAD,5,7.0
48578,4,6,171,5,5,100.0,0,N,RURAL_VICTORIA,ROAD,5,4.0
48579,1,6,110,1,1,80.0,0,N,MELB_URBAN,ROAD,5,10.0
48580,2,6,100,1,1,50.0,0,I,SMALL_CITIES,STREET,5,10.0
48581,6,2,174,5,1,40.0,0,N,MELBOURNE_CBD,STREET,3,11.0
48582,1,4,130,5,3,80.0,0,N,MELB_URBAN,ROAD,5,18.0
48583,1,6,130,5,1,110.0,0,N,RURAL_VICTORIA,FREEWAY,5,11.0
48584,1,5,99,2,1,40.0,0,I,MELB_URBAN,STREET,5,8.0
48585,1,6,130,2,1,50.0,0,I,MELB_URBAN,HIGHWAY,5,8.0
48586,4,5,181,5,3,80.0,0,N,MELB_URBAN,HIGHWAY,5,22.0
48587,1,5,130,5,1,80.0,0,N,MELB_URBAN,ROAD,5,9.0
48588,4,6,173,5,1,60.0,0,N,MELB_URBAN,AVENUE,5,11.0
48589,1,6,99,5,1,60.0,0,N,MELB_URBAN,ROAD,5,12.0
48590,1,5,116,1,1,50.0,0,I,MELB_URBAN,STREET,5,9.0
48591,6,1,99,5,1,60.0,0,N,RURAL_VICTORIA,ROAD,5,12.0
48592,6,4,99,5,1,60.0,0,N,RURAL_VICTORIA,ROAD,3,12.0
48593,1,5,130,5,1,70.0,0,N,MELB_URBAN,ROAD,5,8.0
48594,1,5,111,2,1,50.0,0,I,MELB_URBAN,AVENUE,1,15.0