,accident_type,day_of_week,dca_code,road_geometry,light_condition,speed_zone,severity,node_type,deg_urban_name,road_type,month,hour
48595,1,6,134,5,1,70.0,0,N,MELB_URBAN,ROAD,5,13.0
48596,2,6,99,5,1,40.0,0,N,MELB_URBAN,UNKNOWN,5,10.0
48597,2,6,99,2,1,50.0,0,I,MELB_URBAN,STREET,5,13.0
48598,1,4,130,5,9,40.0,0,N,MELB_URBAN,ROAD,1,11.0
48599,1,6,135,5,1,60.0,0,N,MELB_URBAN,ROAD,5,8.0
48600,4,5,171,5,2,60.0,0,N,MELB_URBAN,ROAD,5,16.0
48601,2,6,100,2,1,60.0,0,I,MELB_URBAN,ROAD,5,9.0
48602,1,4,130,2,1,60.0,0,I,MELB_URBAN,ROAD,5,14.0
48603,1,6,113,1,1,40.0,0,I,TOWNS,ROAD,5,15.0
48604,1,5,130,5,1,80.0,0,N,MELB_URBAN,ROAD,5,16.0
48605,4,6,171,5,5,100.0,0,N,RURAL_VICTORIA,ROAD,5,17.0
48606,4,1,181,2,1,80.0,0,I,RURAL_VICTORIA,ROAD,5,11.0
48607,8,4,174,5,1,100.0,0,N,RURAL_VICTORIA,ROAD,5,15.0
48608,8,5,99,5,1,60.0,0,N,RURAL_VICTORIA,ROAD,5,12.0
48609,1,5,130,5,1,60.0,0,N,MELB_URBAN,ROAD,5,15.0
48610,1,3,134,5,3,60.0,0,N,MELB_URBAN,ROAD,5,18.0
48611,1,6,121,1,3,60.0,0,I,MELB_URBAN,ROAD,5,18.0
48612,2,5,99,5,6,50.0,0,N,MELB_URBAN,STREET,5,18.0
48613,6,6,184,5,1,100.0,0,N,RURAL_VICTORIA,OTHER,5,9.0
48614,1,6,121,1,2,40.0,0,I,MELB_URBAN,STREET,5,17.0
48615,1,6,110,1,2,100.0,1,I,MELB_URBAN,ROAD,5,17.0
48616,1,6,130,5,3,70.0,0,N,MELB_URBAN,HIGHWAY,5,21.0
48617,5,6,99,5,3,50.0,0,N,MELB_URBAN,STREET,5,23.0
48618,3,4,167,2,5,80.0,0,I,MELB_URBAN,DRIVE,5,23.0
48619,1,6,110,1,3,50.0,0,I,MELB_URBAN,AVENUE,5,23.0
48620,1,7,140,5,3,80.0,0,N,MELB_URBAN,HIGHWAY,5,0.0
48621,1,4,130,5,1,40.0,0,N,LARGE_PROVINCIAL_CITIES,HIGHWAY,5,12.0
48622,1,3,121,2,9,80.0,0,N,MELB_URBAN,ROAD,5,6.0
48623,1,7,147,5,1,80.0,0,N,MELB_URBAN,HIGHWAY,5,8.0
48624,8,5,174,1,1,50.0,0,I,MELB_URBAN,ROAD,5,12.0
48625,6,7,99,5,1,100.0,0,N,RURAL_VICTORIA,ROAD,5,10.0
48626,1,7,121,2,1,60.0,0,I,MELB_URBAN,ROAD,5,12.0
48627,1,4,110,1,2,50.0,0,I,MELB_URBAN,OTHER,5,17.0
48628,1,1,130,5,1,60.0,0,N,MELB_URBAN,STREET,11,16.0
48629,1,7,130,1,1,80.0,0,I,MELB_URBAN,HIGHWAY,5,8.0
48630,1,7,113,2,1,60.0,0,I,LARGE_PROVINCIAL_CITIES,STREET,5,14.0
48631,1,6,110,1,1,50.0,0,I,MELB_URBAN,STREET,5,8.0
48632,2,3,99,5,1,60.0,0,N,MELB_URBAN,PARADE,5,10.0
48633,1,7,113,2,1,60.0,0,I,MELB_URBAN,ROAD,5,10.0
48634,4,7,183,2,1,100.0,0,I,RURAL_VICTORIA,ROAD,5,14.0
48635,4,7,183,5,1,60.0,0,N,RURAL_VICTORIA,ROAD,5,14.0
48636,1,6,116,2,6,50.0,0,I,MELB_URBAN,ROAD,4,22.0
48637,1,7,111,1,1,50.0,0,I,MELB_URBAN,STREET,5,14.0
48638,1,6,116,2,1,80.0,0,I,MELB_URBAN,ROAD,5,15.0
48639,1,7,130,5,3,80.0,0,N,MELB_URBAN,FREEWAY,5,17.0
48640,2,7,102,2,3,60.0,0,N,LARGE_PROVINCIAL_CITIES,STREET,5,17.0
48641,1,7,121,5,3,70.0,0,N,SMALL_CITIES,HIGHWAY,5,17.0
48642,1,7,130,5,3,80.0,0,N,MELB_URBAN,ROAD,5,22.0
48643,1,7,120,2,2,100.0,1,N,RURAL_VICTORIA,ROAD,5,16.0
48644,1,6,99,2,1,40.0,0,N,MELB_URBAN,STREET,5,15.0
48645,1,1,121,1,3,80.0,0,I,MELB_URBAN,ROAD,5,0.0
48646,1,1,110,1,3,50.0,0,I,LARGE_PROVINCIAL_CITIES,STREET,5,1.0
48647,4,7,173,5,3,60.0,0,I,LARGE_PROVINCIAL_CITIES,ROAD,5,22.0
48648,4,1,173,5,3,50.0,0,N,MELB_URBAN,STREET,5,1.0
48649,4,1,171,4,3,60.0,0,I,MELB_URBAN,ROAD,5,1.0
48650,1,1,116,1,3,60.0,0,I,MELB_URBAN,ROAD,5,3.0
48651,4,1,173,5,3,100.0,0,N,MELB_URBAN,RAMP,5,2.0
48652,4,7,181,5,3,50.0,1,N,MELB_URBAN,PARADE,5,23.0
48653,1,6,130,1,1,60.0,0,I,MELB_URBAN,STREET,5,13.0
48654,1,4,110,1,1,60.0,0,I,LARGE_PROVINCIAL_CITIES,STREET,10,13.0
48655,1,3,163,2,3,50.0,0,I,MELB_URBAN,UNKNOWN,5,19.0
48656,6,7,184,1,1,60.0,0,I,MELB_URBAN,OTHER,5,13.0
48657,1,7,110,1,9,70.0,0,I,RURAL_VICTORIA,ROAD,5,11.0
48658,1,5,130,5,1,60.0,0,N,MELB_URBAN,ROAD,7,15.0
48659,4,3,171,5,2,80.0,0,N,RURAL_VICTORIA,STREET,5,17.0
48660,1,5,121,1,1,60.0,0,I,RURAL_VICTORIA,ROAD,5,15.0
48661,2,1,102,1,1,50.0,0,I,MELB_URBAN,STREET,5,11.0
48662,1,7,132,2,9,60.0,0,I,MELB_URBAN,ROAD,5,13.0
48663,1,1,147,5,1,60.0,0,N,RURAL_VICTORIA,DRIVE,5,12.0
48664,1,1,111,1,1,60.0,0,I,MELB_URBAN,ROAD,5,12.0
48665,1,1,113,2,1,100.0,0,I,RURAL_VICTORIA,HIGHWAY,5,10.0
48666,1,7,120,5,2,60.0,0,N,RURAL_VICTORIA,ROAD,5,16.0
48667,5,6,99,5,1,60.0,0,N,RURAL_VICTORIA,OTHER,5,14.0
48668,1,0,120,5,1,80.0,0,N,RURAL_VICTORIA,ROAD,5,14.0
48669,1,7,130,5,3,60.0,0,N,MELB_URBAN,ROAD,5,20.0
48670,4,0,181,5,2,100.0,0,N,RURAL_VICTORIA,HIGHWAY,5,16.0
48671,1,6,113,2,1,70.0,0,I,MELB_URBAN,ROAD,5,13.0
48672,6,1,170,5,2,100.0,0,N,MELB_URBAN,FREEWAY,5,16.0
48673,4,1,181,5,2,80.0,0,N,RURAL_VICTORIA,ROAD,5,16.0
48674,4,1,171,1,3,70.0,0,I,MELB_URBAN,BOULEVARD,5,18.0
48675,1,1,113,2,3,70.0,0,N,MELB_URBAN,ROAD,5,19.0
48676,1,1,121,1,3,80.0,0,I,MELB_URBAN,ROAD,5,21.0
48677,1,1,110,1,3,80.0,0,I,MELB_URBAN,ROAD,5,22.0
48678,1,1,113,4,1,60.0,0,I,LARGE_PROVINCIAL_CITIES,STREET,5,11.0
48679,1,2,130,4,2,80.0,0,I,MELB_URBAN,ROAD,5,7.0
48680,1,2,121,1,3,60.0,0,I,MELB_URBAN,OTHER,6,6.0
48681,4,4,181,5,1,100.0,0,N,RURAL_VICTORIA,ROAD,5,15.0
48682,1,2,110,1,1,50.0,0,I,MELB_URBAN,STREET,6,7.0
48683,1,2,120,5,5,80.0,0,N,LARGE_PROVINCIAL_CITIES,HIGHWAY,6,6.0
48684,1,2,121,2,2,60.0,0,I,MELB_URBAN,ROAD,6,8.0
48685,1,2,130,5,2,100.0,0,N,MELB_URBAN,UNKNOWN,6,8.0
48686,1,1,132,2,1,60.0,0,I,SMALL_CITIES,ROAD,3,14.0
48687,4,2,181,5,1,80.0,0,N,RURAL_VICTORIA,ROAD,6,10.0
48688,1,2,120,5,1,80.0,0,N,RURAL_VICTORIA,ROAD,6,9.0
48689,4,2,181,5,5,80.0,0,N,SMALL_TOWNS,ROAD,6,5.0
48690,8,6,170,5,2,60.0,0,N,RURAL_VICTORIA,ROAD,5,7.0
48691,1,6,130,2,1,60.0,0,I,MELB_URBAN,ROAD,5,13.0
48692,1,5,130,5,3,70.0,0,N,MELB_URBAN,ROAD,4,19.0
48693,4,2,173,5,1,60.0,0,N,MELB_URBAN,ROAD,6,10.0
48694,1,2,130,2,1,70.0,0,I,MELB_URBAN,ROAD,6,10.0
48695,1,6,130,5,9,70.0,0,N,MELB_URBAN,ROAD,4,1.0
48696,1,7,111,4,1,60.0,0,N,MELB_URBAN,FREEWAY,5,13.0
48697,4,2,171,5,1,60.0,0,N,MELB_URBAN,DRIVE,6,9.0
48698,1,2,121,4,1,60.0,0,I,MELB_URBAN,RAMP,6,11.0
48699,6,7,174,5,1,60.0,0,N,RURAL_VICTORIA,OTHER,4,11.0
48700,4,2,183,5,1,60.0,0,N,RURAL_VICTORIA,ROAD,5,15.0
48701,1,4,110,1,1,60.0,0,I,MELB_URBAN,HIGHWAY,4,13.0
48702,1,6,130,1,3,60.0,0,I,MELB_URBAN,ROAD,5,1.0
48703,1,5,130,5,2,60.0,0,N,MELB_URBAN,ROAD,5,16.0
48704,1,2,121,2,1,40.0,0,I,MELB_URBAN,STREET,6,15.0
48705,1,2,113,2,1,70.0,0,I,MELB_URBAN,ROAD,6,9.0
48706,1,7,130,5,2,100.0,0,N,RURAL_VICTORIA,OTHER,5,17.0
48707,8,6,99,5,5,70.0,0,N,RURAL_VICTORIA,ROAD,5,1.0
48708,1,5,130,5,1,70.0,0,N,MELB_URBAN,ROAD,5,15.0
48709,1,2,132,2,1,50.0,0,I,LARGE_PROVINCIAL_CITIES,STREET,5,15.0
48710,1,2,121,1,2,60.0,0,I,MELB_URBAN,STREET,6,16.0
48711,1,2,121,2,2,70.0,0,I,MELB_URBAN,ROAD,6,16.0
48712,6,6,99,5,1,100.0,0,N,RURAL_VICTORIA,ROAD,5,8.0
48713,1,2,130,5,2,80.0,0,N,MELB_URBAN,ROAD,6,16.0
48714,1,7,99,3,1,60.0,0,I,MELB_URBAN,ROAD,3,13.0
48715,1,2,132,2,2,60.0,0,N,SMALL_CITIES,STREET,6,17.0
48716,1,1,140,5,1,60.0,0,N,MELB_URBAN,ROAD,5,15.0
48717,1,1,121,1,3,60.0,0,I,MELB_URBAN,ROAD,5,21.0
48718,4,4,173,2,1,50.0,0,I,LARGE_PROVINCIAL_CITIES,STREET,4,8.0
48719,1,2,99,4,2,60.0,0,N,MELB_URBAN,RAMP,6,8.0
48720,4,2,171,5,5,100.0,0,N,RURAL_VICTORIA,HIGHWAY,6,18.0
48721,1,2,132,2,3,60.0,0,I,MELB_URBAN,ROAD,6,17.0
48722,1,7,130,5,1,60.0,0,N,MELB_URBAN,DRIVE,5,14.0
48723,1,2,171,5,1,50.0,0,N,MELB_URBAN,STREET,6,14.0
48724,4,3,171,5,2,100.0,0,N,RURAL_VICTORIA,ROAD,2,7.0
48725,1,2,130,2,3,70.0,0,I,MELB_URBAN,ROAD,6,19.0
48726,1,7,110,4,1,60.0,0,N,MELB_URBAN,ROAD,5,12.0
48727,1,1,110,1,3,60.0,0,I,SMALL_CITIES,STREET,6,18.0
48728,4,2,183,5,3,50.0,0,N,MELB_URBAN,ROAD,6,20.0
48729,1,2,135,5,3,80.0,0,N,MELB_URBAN,UNKNOWN,6,18.0
48730,1,2,110,1,3,60.0,0,I,MELB_URBAN,STREET,6,21.0
48731,1,1,130,5,3,100.0,0,N,MELB_URBAN,RAMP,6,18.0
48732,2,2,102,2,3,60.0,0,I,MELB_URBAN,ROAD,6,20.0
48733,1,4,113,2,1,80.0,0,I,MELB_URBAN,ROAD,4,15.0
48734,8,2,174,5,3,70.0,0,N,MELB_URBAN,HIGHWAY,6,23.0
48735,1,4,121,1,2,40.0,0,I,MELB_URBAN,STREET,5,16.0
48736,4,7,171,5,2,60.0,0,N,MELB_URBAN,ROAD,5,7.0
48737,1,4,133,5,1,60.0,0,N,MELB_URBAN,STREET,5,14.0
48738,1,1,116,4,3,50.0,0,I,MELB_URBAN,STREET,4,23.0
48739,1,1,99,5,6,80.0,0,N,RURAL_VICTORIA,STREET,5,18.0
48740,1,2,132,2,3,60.0,0,I,MELB_URBAN,ROAD,6,6.0
48741,1,1,130,5,1,60.0,0,N,MELB_URBAN,PARADE,5,14.0
48742,6,3,174,5,2,50.0,0,N,MELB_URBAN,ROAD,6,8.0
48743,1,3,130,1,2,60.0,0,I,MELB_URBAN,ROAD,6,6.0
48744,1,1,130,1,1,60.0,0,I,MELB_URBAN,ROAD,2,19.0
48745,1,5,113,2,1,70.0,0,I,MELB_URBAN,ROAD,5,14.0
48746,1,3,99,2,1,80.0,0,I,MELB_URBAN,ROAD,6,9.0
48747,1,3,147,5,2,60.0,0,N,LARGE_PROVINCIAL_CITIES,ROAD,5,16.0
48748,1,3,130,5,1,60.0,0,N,MELB_URBAN,ROAD,6,10.0
48749,1,3,130,2,1,70.0,0,I,MELB_URBAN,ROAD,6,10.0
48750,1,2,130,5,2,80.0,0,N,MELB_URBAN,ROAD,6,6.0
48751,1,1,130,5,1,80.0,0,N,SMALL_CITIES,HIGHWAY,5,14.0
48752,4,3,173,5,1,60.0,0,N,MELB_URBAN,ROAD,6,11.0
48753,4,2,171,5,9,60.0,0,N,SMALL_CITIES,ROAD,6,10.0
48754,1,3,113,4,1,80.0,0,I,RURAL_VICTORIA,ROAD,6,11.0
48755,2,1,102,2,9,60.0,0,N,MELB_URBAN,ROAD,5,20.0
48756,1,3,120,5,2,80.0,0,N,TOWNS,HIGHWAY,6,8.0
48757,8,1,174,5,1,60.0,0,N,RURAL_VICTORIA,ROAD,5,15.0
48758,1,4,132,5,5,60.0,0,N,MELB_URBAN,ROAD,5,6.0
48759,1,3,130,5,1,80.0,0,N,MELB_URBAN,ROAD,6,15.0
48760,4,4,171,5,5,100.0,0,N,RURAL_VICTORIA,ROAD,4,18.0
48761,1,2,140,5,3,70.0,0,N,MELB_URBAN,ROAD,6,19.0
48762,8,3,174,1,1,60.0,0,N,LARGE_PROVINCIAL_CITIES,STREET,6,15.0
48763,1,3,120,5,1,50.0,0,N,MELB_URBAN,AVENUE,6,15.0
48764,1,1,113,2,3,50.0,0,I,MELB_URBAN,ROAD,5,18.0
48765,1,3,116,2,2,80.0,0,I,MELB_URBAN,HIGHWAY,6,16.0
48766,1,2,116,2,3,60.0,0,I,MELB_URBAN,ROAD,6,21.0
48767,8,6,174,5,1,60.0,0,N,RURAL_VICTORIA,OTHER,5,15.0
48768,1,6,130,5,2,80.0,0,N,MELB_URBAN,ROAD,5,17.0
48769,1,3,99,1,2,60.0,0,I,MELB_URBAN,STREET,6,8.0
48770,1,3,120,1,5,80.0,0,I,MELB_URBAN,ROAD,6,18.0
48771,1,3,130,5,2,70.0,0,N,MELB_URBAN,ROAD,6,16.0
48772,2,3,102,2,3,40.0,0,I,MELB_URBAN,ROAD,6,21.0
48773,8,3,174,5,2,80.0,0,N,RURAL_VICTORIA,OTHER,5,17.0
48774,6,6,170,1,1,60.0,0,I,MELB_URBAN,ROAD,5,13.0
48775,4,3,173,5,5,100.0,0,N,RURAL_VICTORIA,HIGHWAY,6,23.0
48776,1,1,121,5,1,60.0,0,N,SMALL_CITIES,STREET,5,10.0
48777,4,7,171,1,3,60.0,0,I,MELB_URBAN,ROAD,4,3.0
48778,3,3,167,5,5,100.0,0,N,RURAL_VICTORIA,ROAD,6,3.0
48779,2,4,102,5,3,60.0,0,N,SMALL_CITIES,STREET,6,5.0
48780,1,4,132,2,2,50.0,0,N,MELB_URBAN,STREET,6,7.0
48781,4,4,173,5,5,100.0,0,N,RURAL_VICTORIA,ROAD,6,6.0
48782,1,4,132,2,2,60.0,0,I,MELB_URBAN,STREET,5,16.0
48783,2,1,100,2,1,60.0,0,I,MELB_URBAN,STREET,5,14.0
48784,8,7,174,5,1,60.0,0,N,RURAL_VICTORIA,ROAD,5,15.0
48785,1,4,121,2,2,60.0,0,I,MELB_URBAN,OTHER,6,7.0
48786,2,6,102,5,3,50.0,0,N,LARGE_PROVINCIAL_CITIES,STREET,5,23.0
48787,1,2,99,5,1,60.0,0,N,RURAL_VICTORIA,HIGHWAY,5,12.0
48788,2,4,99,5,2,60.0,0,N,SMALL_CITIES,ROAD,6,8.0
48789,1,4,99,5,1,50.0,0,N,MELB_URBAN,STREET,6,10.0
48790,1,4,111,4,1,60.0,0,N,MELB_URBAN,FREEWAY,6,12.0
48791,4,2,99,5,1,50.0,0,I,MELB_URBAN,AVENUE,2,16.0
48792,1,4,160,5,1,60.0,0,N,MELB_URBAN,ROAD,6,12.0
48793,1,3,130,2,1,60.0,0,N,MELB_URBAN,HIGHWAY,6,12.0
48794,4,7,173,5,1,50.0,0,N,MELB_URBAN,OTHER,5,8.0
48795,4,4,171,5,2,100.0,0,N,RURAL_VICTORIA,ROAD,6,6.0
48796,1,2,130,5,2,60.0,0,N,MELB_URBAN,ROAD,5,17.0
48797,1,4,121,4,1,60.0,0,I,SMALL_CITIES,ROAD,6,12.0
48798,1,4,147,5,1,60.0,0,N,LARGE_PROVINCIAL_CITIES,ROAD,6,13.0
48799,8,3,99,5,1,60.0,0,N,RURAL_VICTORIA,ROAD,11,13.0
48800,4,4,183,5,1,60.0,0,N,MELB_URBAN,RAMP,6,13.0
48801,4,4,171,5,1,50.0,0,N,MELB_URBAN,ROAD,6,14.0
48802,1,4,130,5,1,70.0,0,N,MELB_URBAN,ROAD,6,15.0
48803,2,4,100,5,1,50.0,0,N,MELB_URBAN,ROAD,6,14.0
48804,1,4,132,2,1,60.0,0,I,MELB_URBAN,ROAD,6,12.0
48805,1,4,132,2,2,60.0,0,I,LARGE_PROVINCIAL_CITIES,ROAD,6,17.0
48806,6,3,170,5,2,70.0,0,N,RURAL_VICTORIA,ROAD,6,6.0
48807,1,4,130,1,3,60.0,0,I,LARGE_PROVINCIAL_CITIES,STREET,6,18.0
48808,8,7,174,2,1,60.0,0,I,RURAL_VICTORIA,ROAD,4,11.0
48809,1,4,110,1,1,60.0,0,I,RURAL_VICTORIA,STREET,6,15.0
48810,1,4,116,2,3,60.0,0,I,SMALL_CITIES,DRIVE,6,17.0
48811,2,3,100,2,2,40.0,0,I,MELB_URBAN,STREET,6,8.0
48812,1,4,99,5,2,60.0,0,N,MELB_URBAN,ROAD,6,7.0
48813,4,4,171,5,1,80.0,0,N,MELB_URBAN,ROAD,6,15.0
48814,1,4,130,2,3,60.0,0,I,MELB_URBAN,ROAD,6,18.0
48815,1,4,116,2,3,60.0,0,I,MELB_URBAN,ROAD,6,18.0
48816,8,3,174,1,1,40.0,0,I,MELB_URBAN,ROAD,5,9.0
48817,1,4,120,5,3,60.0,0,N,MELB_URBAN,ROAD,6,20.0
48818,1,3,130,5,3,70.0,0,N,MELB_URBAN,ROAD,6,18.0
48819,4,4,171,5,5,100.0,0,N,RURAL_VICTORIA,ROAD,6,5.0
48820,1,4,147,2,3,50.0,0,I,MELB_URBAN,OTHER,6,18.0
48821,4,4,171,1,3,60.0,0,I,MELB_URBAN,HIGHWAY,6,22.0
48822,1,4,99,2,3,70.0,0,I,MELB_URBAN,ROAD,6,23.0
48823,1,7,130,5,1,100.0,0,I,MELB_URBAN,FREEWAY,5,13.0
48824,1,6,130,5,1,60.0,0,N,SMALL_CITIES,STREET,4,16.0
48825,1,3,113,2,1,50.0,0,I,MELB_URBAN,BOULEVARD,6,9.0
48826,4,5,171,5,6,100.0,0,N,RURAL_VICTORIA,HIGHWAY,6,6.0
48827,7,6,99,1,2,50.0,0,I,MELB_URBAN,STREET,1,19.0
48828,1,5,130,1,1,50.0,0,I,MELB_URBAN,ROAD,5,14.0
48829,4,4,171,5,1,100.0,0,N,RURAL_VICTORIA,ROAD,6,13.0
48830,1,5,120,2,3,70.0,0,I,MELB_URBAN,ROAD,6,5.0
48831,1,2,110,1,3,60.0,0,I,SMALL_CITIES,AVENUE,6,18.0
48832,2,5,100,1,2,60.0,0,I,MELB_URBAN,ROAD,6,8.0
48833,2,5,102,2,2,80.0,0,I,MELB_URBAN,ROAD,6,7.0
48834,1,2,110,1,3,60.0,0,I,SMALL_CITIES,ROAD,5,23.0
48835,6,1,174,1,1,100.0,0,I,RURAL_VICTORIA,ROAD,5,12.0
48836,1,5,110,1,1,40.0,0,I,MELB_URBAN,STREET,6,9.0
48837,2,5,102,1,2,60.0,0,I,MELB_URBAN,ROAD,6,8.0
48838,1,2,116,2,3,80.0,0,I,LARGE_PROVINCIAL_CITIES,HIGHWAY,6,17.0
48839,1,5,147,5,1,80.0,0,N,RURAL_VICTORIA,ROAD,6,9.0
48840,1,5,130,2,6,80.0,0,I,MELB_URBAN,ROAD,5,18.0
48841,1,5,147,5,2,50.0,0,N,RURAL_VICTORIA,DRIVE,6,7.0
48842,1,4,160,5,1,50.0,0,N,MELB_URBAN,ROAD,6,10.0
48843,8,1,174,5,1,60.0,0,N,RURAL_VICTORIA,OTHER,5,13.0
48844,1,5,132,5,1,100.0,0,N,RURAL_VICTORIA,ROAD,6,12.0
48845,1,4,111,2,1,80.0,0,N,MELB_URBAN,ROAD,6,11.0
48846,1,2,130,1,6,80.0,0,I,MELB_URBAN,ROAD,6,17.0
48847,1,6,130,4,1,60.0,0,I,MELB_URBAN,RAMP,5,14.0
48848,4,5,173,1,2,50.0,0,I,SMALL_CITIES,ROAD,6,8.0
48849,1,4,130,1,2,80.0,0,I,MELB_URBAN,ROAD,6,7.0
48850,1,2,99,5,1,60.0,0,N,MELB_URBAN,DRIVE,6,11.0
48851,1,5,130,5,2,100.0,0,N,MELB_URBAN,RAMP,6,8.0
48852,1,1,171,2,1,50.0,0,I,SMALL_CITIES,OTHER,5,11.0
48853,1,6,130,5,3,60.0,0,N,MELB_URBAN,ROAD,5,19.0
48854,1,5,147,5,1,70.0,0,N,MELB_URBAN,ROAD,6,14.0
48855,1,4,99,1,2,60.0,0,N,MELB_URBAN,STREET,6,17.0
48856,4,4,171,5,3,50.0,0,N,MELB_URBAN,STREET,6,18.0
48857,1,5,110,1,1,60.0,0,I,LARGE_PROVINCIAL_CITIES,ROAD,6,14.0
48858,2,4,99,5,2,50.0,0,N,SMALL_CITIES,STREET,6,8.0
48859,4,5,173,5,1,100.0,0,N,RURAL_VICTORIA,ROAD,6,13.0
48860,4,5,181,5,1,100.0,0,N,RURAL_VICTORIA,ROAD,6,14.0
48861,2,4,99,5,1,50.0,0,N,LARGE_PROVINCIAL_CITIES,OTHER,6,12.0
48862,1,1,99,1,3,40.0,0,I,MELB_URBAN,STREET,5,18.0
48863,1,5,130,5,3,70.0,0,N,MELB_URBAN,ROAD,6,17.0
48864,1,5,110,1,3,100.0,0,I,RURAL_VICTORIA,HIGHWAY,6,17.0
48865,1,5,113,2,1,70.0,0,I,SMALL_TOWNS,HIGHWAY,6,15.0
48866,1,5,121,2,2,100.0,1,I,RURAL_VICTORIA,ROAD,6,16.0
48867,2,5,99,5,1,60.0,0,N,MELB_URBAN,STREET,4,9.0
48868,1,5,99,2,3,60.0,0,I,MELB_URBAN,ROAD,6,17.0
48869,1,5,130,1,1,50.0,0,I,MELB_URBAN,AVENUE,6,15.0
48870,1,5,121,2,2,60.0,0,I,MELB_URBAN,STREET,6,16.0
48871,1,5,130,1,1,50.0,0,I,LARGE_PROVINCIAL_CITIES,STREET,6,15.0
48872,1,5,132,2,3,60.0,0,I,MELB_URBAN,ROAD,6,19.0
48873,1,5,147,5,2,60.0,0,N,MELB_URBAN,STREET,6,16.0
48874,1,1,130,2,1,60.0,0,I,MELB_URBAN,STREET,3,14.0
48875,2,4,99,5,1,50.0,0,N,TOWNS,STREET,6,11.0
48876,1,5,120,5,3,50.0,0,N,TOWNS,AVENUE,6,18.0
48877,4,5,183,5,3,50.0,0,N,SMALL_CITIES,STREET,6,21.0
48878,1,5,132,2,3,60.0,0,I,SMALL_CITIES,STREET,6,18.0
48879,1,2,99,2,2,60.0,0,I,MELB_URBAN,ROAD,6,7.0
48880,1,5,121,1,3,60.0,0,N,LARGE_PROVINCIAL_CITIES,STREET,6,22.0
48881,4,2,99,2,2,60.0,0,I,RURAL_VICTORIA,ROAD,5,18.0
48882,1,5,121,2,3,60.0,0,I,MELB_URBAN,ROAD,6,21.0
48883,1,6,99,5,4,60.0,0,N,MELB_URBAN,HIGHWAY,6,2.0
48884,4,4,181,5,5,100.0,0,N,RURAL_VICTORIA,ROAD,6,23.0
48885,1,5,99,5,5,60.0,0,N,RURAL_VICTORIA,ROAD,6,22.0
48886,1,5,130,1,2,50.0,0,I,MELB_URBAN,ROAD,6,7.0
48887,1,6,110,1,2,50.0,0,I,MELB_URBAN,STREET,6,8.0
48888,1,6,110,1,1,50.0,0,I,SMALL_CITIES,STREET,4,13.0
48889,1,2,130,2,6,80.0,0,I,MELB_URBAN,ROAD,6,18.0
48890,1,4,130,2,1,60.0,0,I,MELB_URBAN,ROAD,6,9.0
48891,1,6,147,5,2,70.0,0,N,LARGE_PROVINCIAL_CITIES,HIGHWAY,5,8.0
48892,1,6,140,5,2,60.0,0,N,MELB_URBAN,PARADE,5,6.0
48893,3,4,167,5,5,110.0,0,N,SMALL_CITIES,FREEWAY,5,5.0
48894,1,6,160,5,1,50.0,0,N,MELB_URBAN,ROAD,6,12.0
48895,1,6,130,5,5,100.0,0,I,MELB_URBAN,FREEWAY,6,6.0
48896,6,6,174,2,1,60.0,0,I,MELB_URBAN,ROAD,4,15.0
48897,4,6,171,5,1,100.0,0,N,MELB_URBAN,FREEWAY,6,12.0
48898,1,6,121,2,1,60.0,0,I,MELB_URBAN,ROAD,6,10.0
48899,1,6,130,1,1,80.0,0,I,MELB_URBAN,HIGHWAY,6,13.0
48900,1,6,110,1,1,80.0,0,I,RURAL_VICTORIA,HIGHWAY,6,13.0
48901,4,1,171,5,9,70.0,0,N,MELB_URBAN,ROAD,5,15.0
48902,1,6,147,2,1,80.0,0,I,MELB_URBAN,ROAD,6,12.0
48903,1,2,130,2,2,60.0,0,I,SMALL_CITIES,HIGHWAY,6,17.0
48904,1,1,113,1,1,60.0,0,I,LARGE_PROVINCIAL_CITIES,OTHER,5,15.0
48905,4,6,183,5,1,100.0,0,N,RURAL_VICTORIA,HIGHWAY,6,13.0
48906,1,6,113,2,1,80.0,0,I,MELB_URBAN,ROAD,6,14.0
48907,1,6,132,5,1,80.0,0,N,RURAL_VICTORIA,ROAD,6,14.0
48908,1,5,130,5,1,70.0,0,N,MELB_URBAN,ROAD,5,8.0
48909,1,3,130,2,3,60.0,0,I,MELB_URBAN,STREET,5,22.0
48910,1,6,110,1,1,50.0,0,I,MELB_URBAN,DRIVE,6,14.0
48911,1,6,147,2,2,50.0,0,N,MELB_URBAN,STREET,6,17.0
48912,1,4,163,1,2,50.0,0,I,MELB_URBAN,STREET,11,19.0
48913,1,6,121,1,3,60.0,0,I,MELB_URBAN,STREET,6,18.0
48914,1,6,130,2,2,60.0,0,I,MELB_URBAN,ROAD,6,17.0
48915,1,6,121,2,2,60.0,0,N,SMALL_CITIES,ROAD,6,17.0
48916,2,6,100,1,3,60.0,0,I,MELB_URBAN,ROAD,6,17.0
48917,1,6,130,5,2,100.0,0,N,MELB_URBAN,UNKNOWN,6,16.0
48918,1,6,110,1,3,60.0,0,N,MELB_URBAN,ROAD,6,19.0
48919,1,6,120,5,2,80.0,0,N,MELB_URBAN,ROAD,6,16.0
48920,1,5,110,1,1,50.0,0,I,LARGE_PROVINCIAL_CITIES,STREET,6,16.0
48921,1,6,121,2,3,70.0,0,I,MELB_URBAN,ROAD,6,20.0
48922,2,6,99,5,5,60.0,1,N,TOWNS,ROAD,6,17.0
48923,1,6,130,5,3,100.0,0,N,MELB_URBAN,FREEWAY,6,18.0
48924,1,4,113,2,3,60.0,0,I,TOWNS,STREET,6,6.0
48925,4,6,171,5,5,100.0,0,N,RURAL_VICTORIA,ROAD,6,22.0
48926,4,6,99,2,3,50.0,0,I,MELB_URBAN,ROAD,6,22.0