,accident_type,day_of_week,dca_code,road_geometry,light_condition,speed_zone,severity,node_type,deg_urban_name,road_type,month,hour
48927,1,7,121,1,3,60.0,0,I,MELBOURNE_CBD,STREET,6,0.0
48928,1,5,130,5,2,60.0,0,N,MELB_URBAN,ROAD,4,17.0
48929,6,6,174,5,3,40.0,0,N,MELBOURNE_CBD,STREET,6,22.0
48930,4,7,171,5,5,100.0,0,N,RURAL_VICTORIA,ROAD,6,3.0
48931,6,7,170,5,5,50.0,0,N,MELB_URBAN,ROAD,6,4.0
48932,1,4,120,2,1,60.0,0,I,MELB_URBAN,STREET,6,9.0
48933,1,4,130,4,1,60.0,0,I,MELB_URBAN,RAMP,5,9.0
48934,1,7,121,1,3,60.0,0,I,MELB_URBAN,ROAD,6,6.0
48935,1,2,130,2,3,60.0,0,I,MELB_URBAN,STREET,5,18.0
48936,1,0,130,5,1,80.0,0,N,MELB_URBAN,ROAD,5,9.0
48937,6,7,174,1,1,60.0,0,I,MELB_URBAN,ROAD,6,9.0
48938,1,7,130,5,2,100.0,0,N,RURAL_VICTORIA,ROAD,6,7.0
48939,1,5,121,1,2,60.0,0,I,MELB_URBAN,ROAD,6,6.0
48940,2,7,99,5,1,50.0,0,N,SMALL_CITIES,STREET,6,9.0
48941,1,7,110,1,1,60.0,0,I,TOWNS,STREET,6,10.0
48942,4,7,99,6,1,50.0,0,N,SMALL_CITIES,OTHER,6,9.0
48943,1,6,135,5,2,100.0,0,N,MELB_URBAN,ROAD,5,17.0
48944,1,6,130,2,1,70.0,0,I,MELB_URBAN,ROAD,6,11.0
48945,1,5,133,1,2,70.0,0,I,MELB_URBAN,STREET,6,16.0
48946,1,7,99,2,1,60.0,0,N,MELB_URBAN,ROAD,6,12.0
48947,5,6,99,5,1,60.0,0,N,RURAL_VICTORIA,OTHER,6,12.0
48948,1,7,160,5,1,50.0,0,N,MELB_URBAN,BOULEVARD,6,13.0
48949,1,7,99,2,1,60.0,0,I,LARGE_PROVINCIAL_CITIES,STREET,6,14.0
48950,1,4,130,5,2,60.0,0,N,MELB_URBAN,ROAD,6,18.0
48951,1,7,113,1,1,100.0,1,I,RURAL_VICTORIA,HIGHWAY,6,11.0
48952,1,7,99,2,2,80.0,0,I,MELB_URBAN,OTHER,6,16.0
48953,1,6,121,1,2,50.0,0,I,MELB_URBAN,ROAD,6,17.0
48954,1,7,130,2,1,60.0,0,I,MELB_URBAN,ROAD,6,13.0
48955,6,7,99,5,5,60.0,0,N,RURAL_VICTORIA,ROAD,6,18.0
48956,1,7,121,2,3,80.0,0,N,MELB_URBAN,ROAD,6,18.0
48957,1,7,134,2,3,60.0,0,I,MELB_URBAN,ROAD,6,19.0
48958,1,7,120,5,2,60.0,0,N,MELB_URBAN,HIGHWAY,6,16.0
48959,2,7,100,5,3,50.0,0,N,MELB_URBAN,DRIVE,6,18.0
48960,1,7,99,2,2,50.0,0,I,MELB_URBAN,AVENUE,6,17.0
48961,4,6,171,5,5,60.0,0,N,RURAL_VICTORIA,HIGHWAY,6,20.0
48962,1,7,99,1,3,80.0,0,I,MELB_URBAN,ROAD,6,21.0
48963,4,7,181,5,1,100.0,0,N,RURAL_VICTORIA,ROAD,5,12.0
48964,1,7,113,2,3,50.0,0,I,MELB_URBAN,STREET,6,22.0
48965,1,7,99,5,3,50.0,0,N,MELB_URBAN,STREET,6,23.0
48966,4,1,171,5,2,110.0,0,N,RURAL_VICTORIA,FREEWAY,6,7.0
48967,4,5,183,5,5,60.0,0,N,RURAL_VICTORIA,ROAD,6,20.0
48968,1,1,120,5,9,60.0,0,N,MELB_URBAN,ROAD,6,9.0
48969,1,1,110,1,1,60.0,0,I,SMALL_CITIES,STREET,6,9.0
48970,4,1,171,5,3,80.0,0,N,LARGE_PROVINCIAL_CITIES,ROAD,6,5.0
48971,1,5,110,1,1,100.0,0,I,RURAL_VICTORIA,ROAD,3,12.0
48972,8,1,174,5,1,40.0,0,N,MELB_URBAN,STREET,6,12.0
48973,1,7,130,5,1,80.0,0,N,MELB_URBAN,ROAD,5,15.0
48974,6,1,99,5,1,50.0,0,N,RURAL_VICTORIA,ROAD,6,10.0
48975,1,0,99,2,1,60.0,0,I,MELB_URBAN,STREET,6,10.0
48976,1,1,130,5,1,80.0,0,N,MELB_URBAN,ROAD,6,12.0
48977,1,5,140,2,1,50.0,0,N,MELB_URBAN,STREET,4,12.0
48978,1,3,133,5,1,60.0,0,N,MELB_URBAN,ROAD,4,16.0
48979,1,6,130,1,1,60.0,0,I,MELB_URBAN,ROAD,6,13.0
48980,8,1,174,5,1,50.0,0,N,SMALL_TOWNS,STREET,6,12.0
48981,8,5,99,2,9,50.0,0,I,MELB_URBAN,STREET,6,18.0
48982,4,1,171,2,2,50.0,0,I,MELB_URBAN,STREET,6,16.0
48983,1,1,130,5,2,100.0,0,N,RURAL_VICTORIA,HIGHWAY,6,8.0
48984,7,1,99,5,5,50.0,0,N,MELB_URBAN,OTHER,6,2.0
48985,4,1,173,5,3,80.0,0,N,MELB_URBAN,ROAD,6,19.0
48986,4,1,171,5,1,100.0,0,N,RURAL_VICTORIA,ROAD,6,15.0
48987,4,1,181,5,5,100.0,0,N,RURAL_VICTORIA,HIGHWAY,6,20.0
48988,6,1,170,5,2,60.0,1,N,RURAL_VICTORIA,OTHER,6,16.0
48989,1,1,113,2,3,80.0,0,I,MELB_URBAN,ROAD,6,21.0
48990,2,1,99,5,5,60.0,0,N,TOWNS,ROAD,6,0.0
48991,1,1,110,1,1,80.0,0,I,MELB_URBAN,HIGHWAY,6,12.0
48992,8,7,174,5,2,50.0,0,N,MELB_URBAN,STREET,8,17.0
48993,1,6,113,2,1,50.0,0,I,MELB_URBAN,STREET,6,15.0
48994,4,7,173,1,1,70.0,0,I,MELB_URBAN,ROAD,6,12.0
48995,1,2,110,1,1,50.0,0,I,MELB_URBAN,STREET,6,11.0
48996,1,1,113,1,1,60.0,0,I,LARGE_PROVINCIAL_CITIES,STREET,6,9.0
48997,3,1,167,5,5,60.0,0,N,RURAL_VICTORIA,ROAD,5,18.0
48998,1,1,130,1,1,60.0,0,I,MELB_URBAN,ROAD,6,11.0
48999,2,2,100,1,1,50.0,0,I,MELB_URBAN,HIGHWAY,6,12.0
49000,4,1,173,5,5,100.0,0,N,RURAL_VICTORIA,HIGHWAY,6,22.0
49001,1,2,120,2,1,60.0,0,I,RURAL_VICTORIA,ROAD,6,13.0
49002,3,6,167,5,5,110.0,0,N,RURAL_VICTORIA,FREEWAY,6,6.0
49003,4,2,173,5,1,110.0,0,N,RURAL_VICTORIA,FREEWAY,6,13.0
49004,4,7,181,5,2,100.0,0,N,RURAL_VICTORIA,ROAD,5,17.0
49005,1,2,110,1,1,60.0,0,I,MELB_URBAN,ROAD,6,13.0
49006,6,7,174,5,1,60.0,0,N,RURAL_VICTORIA,OTHER,6,15.0
49007,1,3,140,5,3,50.0,0,N,MELB_URBAN,STREET,5,19.0
49008,1,2,130,5,3,60.0,0,N,MELB_URBAN,OTHER,6,18.0
49009,1,2,120,5,5,100.0,0,N,RURAL_VICTORIA,ROAD,6,18.0
49010,1,1,130,1,2,60.0,0,I,MELB_URBAN,HIGHWAY,6,17.0
49011,1,2,130,5,3,60.0,0,N,MELB_URBAN,ROAD,6,20.0
49012,5,2,99,5,5,100.0,0,N,RURAL_VICTORIA,ROAD,6,21.0
49013,4,2,173,1,5,80.0,0,I,RURAL_VICTORIA,ROAD,6,21.0
49014,4,2,171,5,3,50.0,0,N,MELB_URBAN,AVENUE,6,21.0
49015,1,1,121,1,3,80.0,0,I,MELB_URBAN,ROAD,6,22.0
49016,1,6,130,5,3,60.0,0,N,MELB_URBAN,ROAD,6,19.0
49017,1,4,160,5,1,60.0,0,N,MELB_URBAN,ROAD,4,12.0
49018,1,3,121,4,3,70.0,0,I,MELB_URBAN,ROAD,6,4.0
49019,2,3,102,5,3,60.0,0,N,MELB_URBAN,ROAD,6,6.0
49020,6,0,174,5,1,100.0,0,N,RURAL_VICTORIA,ROAD,5,11.0
49021,1,2,121,5,1,50.0,0,N,LARGE_PROVINCIAL_CITIES,STREET,6,9.0
49022,4,3,181,5,2,80.0,0,N,RURAL_VICTORIA,ROAD,6,8.0
49023,4,7,181,5,2,60.0,0,N,RURAL_VICTORIA,ROAD,6,16.0
49024,1,2,113,2,5,80.0,0,I,SMALL_CITIES,HIGHWAY,6,6.0
49025,4,6,173,4,3,60.0,0,I,MELB_URBAN,ROAD,6,3.0
49026,8,6,174,5,1,60.0,0,N,RURAL_VICTORIA,ROAD,5,13.0
49027,1,7,121,1,9,60.0,0,N,MELB_URBAN,STREET,5,13.0
49028,1,3,113,2,2,100.0,0,I,RURAL_VICTORIA,HIGHWAY,6,8.0
49029,1,2,160,5,3,50.0,0,N,MELB_URBAN,AVENUE,6,19.0
49030,8,3,174,4,1,60.0,0,I,MELB_URBAN,STREET,6,9.0
49031,1,3,130,2,1,60.0,0,I,MELB_URBAN,ROAD,4,14.0
49032,6,7,184,5,1,60.0,0,N,RURAL_VICTORIA,OTHER,6,11.0
49033,8,7,184,5,1,60.0,0,N,RURAL_VICTORIA,ROAD,5,11.0
49034,1,3,163,2,1,50.0,0,N,LARGE_PROVINCIAL_CITIES,STREET,6,10.0
49035,1,3,130,5,1,50.0,0,N,SMALL_CITIES,STREET,6,11.0
49036,2,3,99,5,1,70.0,0,N,MELB_URBAN,STREET,6,10.0
49037,8,7,184,5,2,50.0,0,N,RURAL_VICTORIA,ROAD,5,17.0
49038,1,6,110,1,1,50.0,0,I,MELB_URBAN,STREET,3,9.0
49039,4,1,181,5,1,100.0,0,N,RURAL_VICTORIA,ROAD,6,15.0
49040,1,3,110,1,1,80.0,0,I,SMALL_CITIES,STREET,6,13.0
49041,1,3,116,2,1,60.0,0,I,LARGE_PROVINCIAL_CITIES,ROAD,6,13.0
49042,1,3,140,5,2,70.0,0,N,MELB_URBAN,STREET,6,8.0
49043,1,6,121,4,1,60.0,0,I,MELB_URBAN,ROAD,1,17.0
49044,6,5,174,1,3,60.0,0,I,MELB_URBAN,STREET,5,6.0
49045,1,4,99,4,1,80.0,0,N,MELB_URBAN,HIGHWAY,5,8.0
49046,1,5,130,2,1,70.0,0,I,MELB_URBAN,DRIVE,5,11.0
49047,1,1,130,5,1,80.0,0,N,MELB_URBAN,HIGHWAY,6,13.0
49048,1,2,130,5,2,100.0,0,N,MELB_URBAN,FREEWAY,6,8.0
49049,1,3,121,2,2,70.0,0,I,MELB_URBAN,ROAD,6,16.0
49050,4,3,171,5,2,100.0,0,N,MELB_URBAN,ROAD,6,16.0
49051,1,5,130,2,1,60.0,0,I,MELB_URBAN,ROAD,1,15.0
49052,4,3,99,5,1,60.0,0,N,MELB_URBAN,AVENUE,6,14.0
49053,1,1,140,1,1,40.0,0,I,MELB_URBAN,STREET,6,10.0
49054,4,3,181,1,2,60.0,0,I,LARGE_PROVINCIAL_CITIES,STREET,6,16.0
49055,1,3,99,5,5,100.0,0,N,MELB_URBAN,FREEWAY,6,21.0
49056,1,2,130,2,1,60.0,0,I,MELB_URBAN,STREET,6,13.0
49057,1,4,130,5,3,100.0,0,N,RURAL_VICTORIA,FREEWAY,6,5.0
49058,1,6,110,1,1,60.0,0,I,SMALL_CITIES,STREET,5,10.0
49059,1,4,132,5,2,100.0,0,N,RURAL_VICTORIA,HIGHWAY,6,8.0
49060,1,3,110,1,1,50.0,0,I,MELB_URBAN,DRIVE,6,8.0
49061,1,4,147,5,1,40.0,0,N,SMALL_CITIES,ROAD,6,9.0
49062,1,3,99,2,9,60.0,0,I,MELB_URBAN,ROAD,6,12.0
49063,8,7,174,5,2,50.0,0,N,MELB_URBAN,STREET,6,17.0
49064,1,4,134,5,3,100.0,0,N,MELB_URBAN,FREEWAY,6,6.0
49065,4,4,183,5,1,100.0,0,N,SMALL_TOWNS,ROAD,6,10.0
49066,1,4,147,5,1,80.0,0,N,RURAL_VICTORIA,ROAD,6,11.0
49067,6,1,99,5,2,40.0,0,N,MELB_URBAN,ROAD,5,16.0
49068,1,3,110,1,1,50.0,0,I,MELB_URBAN,STREET,6,11.0
49069,8,4,174,2,1,60.0,0,I,MELB_URBAN,ROAD,5,10.0
49070,4,5,173,5,1,100.0,0,N,RURAL_VICTORIA,HIGHWAY,4,11.0
49071,1,4,121,1,1,60.0,0,I,MELB_URBAN,STREET,6,11.0
49072,1,4,130,5,1,100.0,0,N,MELB_URBAN,FREEWAY,6,9.0
49073,1,3,163,5,2,60.0,0,N,MELB_URBAN,ROAD,6,17.0
49074,1,4,130,5,1,100.0,0,N,MELB_URBAN,FREEWAY,6,13.0
49075,2,4,100,5,1,60.0,0,N,MELB_URBAN,ROAD,6,9.0
49076,2,4,99,1,1,60.0,0,I,SMALL_CITIES,HIGHWAY,6,15.0
49077,8,2,99,5,1,50.0,0,N,RURAL_VICTORIA,OTHER,6,14.0
49078,1,4,110,1,1,50.0,0,I,SMALL_CITIES,STREET,6,15.0
49079,5,1,99,5,1,60.0,0,N,RURAL_VICTORIA,ROAD,6,13.0
49080,1,1,163,5,3,40.0,0,N,MELB_URBAN,STREET,6,22.0
49081,1,3,140,5,3,80.0,0,N,MELB_URBAN,ROAD,6,19.0
49082,1,3,130,5,2,70.0,0,N,MELB_URBAN,HIGHWAY,6,18.0
49083,2,4,102,5,2,50.0,0,N,MELB_URBAN,ROAD,6,16.0
49084,1,6,111,2,6,80.0,0,I,MELB_URBAN,HIGHWAY,6,7.0
49085,1,4,99,5,2,60.0,0,N,MELB_URBAN,ROAD,6,8.0
49086,1,4,130,5,3,60.0,0,N,MELB_URBAN,ROAD,6,18.0
49087,5,4,99,2,1,60.0,0,I,RURAL_VICTORIA,OTHER,6,9.0
49088,1,3,135,5,5,110.0,0,N,RURAL_VICTORIA,FREEWAY,6,22.0
49089,1,4,130,5,3,100.0,0,N,MELB_URBAN,FREEWAY,6,6.0
49090,6,4,99,5,5,60.0,0,N,LARGE_PROVINCIAL_CITIES,DRIVE,6,21.0
49091,1,1,120,5,1,60.0,0,N,MELB_URBAN,ROAD,6,10.0
49092,1,3,147,2,3,60.0,0,I,MELB_URBAN,STREET,6,18.0
49093,1,5,110,1,3,80.0,0,I,MELB_URBAN,HIGHWAY,6,6.0
49094,8,5,170,5,1,50.0,0,N,MELB_URBAN,DRIVE,5,8.0
49095,2,6,99,5,1,40.0,0,N,MELB_URBAN,STREET,6,15.0
49096,1,4,120,2,3,70.0,0,N,MELB_URBAN,HIGHWAY,6,19.0
49097,1,1,130,2,9,60.0,0,I,RURAL_VICTORIA,ROAD,5,14.0
49098,1,5,113,2,1,80.0,0,I,MELB_URBAN,ROAD,6,10.0
49099,1,5,99,5,2,50.0,0,N,MELB_URBAN,PARADE,6,7.0
49100,8,5,170,5,1,60.0,0,N,MELB_URBAN,STREET,6,7.0
49101,1,2,130,5,9,60.0,0,N,MELB_URBAN,PARADE,8,13.0
49102,5,1,183,5,1,60.0,0,N,RURAL_VICTORIA,ROAD,5,10.0
49103,1,4,99,5,1,50.0,0,N,TOWNS,HIGHWAY,6,11.0
49104,4,0,171,5,1,60.0,0,N,RURAL_VICTORIA,AVENUE,5,15.0
49105,1,5,121,2,2,60.0,0,I,MELB_URBAN,ROAD,6,6.0
49106,1,5,121,2,1,80.0,0,I,RURAL_VICTORIA,HIGHWAY,6,12.0
49107,1,4,116,2,3,60.0,0,N,MELB_URBAN,ROAD,6,21.0
49108,8,7,184,5,1,60.0,0,N,RURAL_VICTORIA,ROAD,6,11.0
49109,1,5,121,2,1,80.0,0,I,MELB_URBAN,ROAD,6,15.0
49110,8,5,174,5,5,100.0,1,N,RURAL_VICTORIA,ROAD,6,7.0
49111,1,5,130,2,1,60.0,0,I,MELB_URBAN,ROAD,6,14.0
49112,1,5,121,1,2,60.0,0,I,MELB_URBAN,ROAD,6,16.0
49113,1,5,121,2,1,40.0,0,I,MELB_URBAN,ROAD,6,15.0
49114,1,5,130,5,1,60.0,0,N,LARGE_PROVINCIAL_CITIES,STREET,6,15.0
49115,1,2,110,1,1,60.0,0,I,SMALL_CITIES,STREET,5,12.0
49116,2,5,99,5,1,50.0,0,N,SMALL_CITIES,STREET,6,16.0
49117,1,5,121,2,1,60.0,0,I,MELB_URBAN,ROAD,6,9.0
49118,6,5,99,5,1,80.0,0,N,RURAL_VICTORIA,ROAD,6,15.0
49119,1,5,121,2,3,80.0,0,I,MELB_URBAN,ROAD,6,17.0
49120,1,5,113,2,2,60.0,0,I,MELB_URBAN,ROAD,6,17.0
49121,2,5,102,1,3,60.0,0,I,MELB_URBAN,ROAD,6,17.0
49122,1,5,121,1,1,50.0,0,I,MELB_URBAN,BOULEVARD,6,15.0
49123,1,5,130,5,2,100.0,0,N,MELB_URBAN,FREEWAY,6,16.0
49124,6,5,170,5,5,100.0,0,N,MELB_URBAN,RAMP,6,17.0
49125,1,4,121,2,3,60.0,0,I,LARGE_PROVINCIAL_CITIES,STREET,6,17.0
49126,1,4,130,5,3,80.0,0,N,MELB_URBAN,ROAD,6,18.0
49127,1,5,113,1,1,80.0,0,I,MELB_URBAN,ROAD,6,15.0
49128,1,4,130,2,3,60.0,0,I,MELB_URBAN,STREET,6,22.0
49129,1,4,130,5,2,60.0,0,N,MELB_URBAN,RAMP,6,17.0
49130,1,1,130,2,1,50.0,0,I,MELB_URBAN,STREET,11,14.0
49131,8,2,174,2,6,50.0,0,I,LARGE_PROVINCIAL_CITIES,AVENUE,4,20.0
49132,1,4,111,1,1,80.0,0,I,MELB_URBAN,ROAD,6,15.0
49133,2,5,100,5,5,60.0,0,N,MELB_URBAN,STREET,6,18.0
49134,1,5,120,5,1,100.0,1,N,RURAL_VICTORIA,ROAD,6,15.0
49135,1,5,132,1,3,60.0,0,I,MELB_URBAN,ROAD,6,21.0
49136,6,6,170,1,3,70.0,0,I,RURAL_VICTORIA,ROAD,6,0.0
49137,2,5,99,2,3,60.0,0,I,MELB_URBAN,STREET,6,3.0
49138,6,1,99,5,1,100.0,0,N,RURAL_VICTORIA,ROAD,3,15.0
49139,1,5,135,5,2,100.0,0,N,MELB_URBAN,FREEWAY,6,7.0
49140,1,6,99,2,2,40.0,0,I,MELB_URBAN,STREET,6,8.0
49141,1,4,130,5,3,50.0,0,N,MELB_URBAN,STREET,5,17.0
49142,1,6,147,5,2,50.0,0,N,MELB_URBAN,HIGHWAY,6,8.0
49143,1,6,130,5,1,60.0,0,N,MELB_URBAN,STREET,5,11.0
49144,1,5,110,1,3,70.0,0,I,MELB_URBAN,ROAD,6,21.0
49145,8,1,174,5,1,60.0,0,N,RURAL_VICTORIA,ROAD,6,11.0
49146,1,6,113,2,1,60.0,0,I,MELB_URBAN,ROAD,6,9.0
49147,8,3,174,5,9,40.0,0,N,MELB_URBAN,STREET,5,11.0
49148,1,6,133,1,1,40.0,0,I,MELB_URBAN,PARADE,6,10.0
49149,1,3,130,5,5,100.0,0,N,MELB_URBAN,ROAD,6,18.0
49150,1,6,110,1,1,50.0,0,I,MELB_URBAN,STREET,6,10.0
49151,1,2,130,2,1,80.0,0,I,MELB_URBAN,HIGHWAY,4,14.0
49152,1,6,113,2,1,60.0,0,I,SMALL_CITIES,ROAD,6,11.0
49153,1,6,130,2,1,60.0,0,I,MELB_URBAN,ROAD,6,10.0
49154,8,6,174,5,1,50.0,0,N,MELB_URBAN,DRIVE,6,12.0
49155,1,2,110,1,3,60.0,0,I,SMALL_CITIES,STREET,5,21.0
49156,1,6,134,5,2,60.0,0,N,SMALL_CITIES,HIGHWAY,6,6.0
49157,1,5,110,4,3,60.0,0,I,MELB_URBAN,RAMP,6,6.0
49158,8,1,174,5,1,60.0,0,N,RURAL_VICTORIA,ROAD,6,13.0
49159,4,6,171,5,1,60.0,0,N,MELB_URBAN,ROAD,6,12.0
49160,1,6,147,5,1,60.0,0,N,LARGE_PROVINCIAL_CITIES,ROAD,6,10.0
49161,1,6,121,1,2,60.0,0,I,MELB_URBAN,ROAD,6,8.0
49162,4,5,173,5,1,100.0,0,N,MELB_URBAN,UNKNOWN,6,13.0
49163,1,5,110,1,1,60.0,0,I,MELB_URBAN,STREET,4,10.0
49164,1,6,99,5,1,50.0,0,N,MELB_URBAN,DRIVE,6,12.0
49165,1,6,147,5,1,70.0,0,N,MELB_URBAN,ROAD,6,12.0
49166,1,6,130,5,1,80.0,0,N,MELB_URBAN,RAMP,6,12.0
49167,1,6,121,1,1,100.0,0,I,SMALL_TOWNS,STREET,6,13.0
49168,6,5,99,3,1,100.0,0,N,RURAL_VICTORIA,HIGHWAY,6,10.0
49169,2,6,102,1,1,50.0,0,I,SMALL_CITIES,STREET,6,9.0
49170,1,4,130,5,2,60.0,0,N,MELB_URBAN,ROAD,5,18.0
49171,8,7,99,5,1,60.0,0,N,RURAL_VICTORIA,ROAD,6,11.0
49172,1,6,121,1,1,60.0,0,I,MELB_URBAN,STREET,6,15.0
49173,1,5,130,1,3,70.0,0,I,MELB_URBAN,HIGHWAY,3,6.0
49174,1,6,130,5,1,50.0,0,N,MELB_URBAN,ROAD,6,13.0
49175,3,6,167,5,1,100.0,0,N,RURAL_VICTORIA,ROAD,2,14.0
49176,1,6,121,5,1,80.0,0,I,MELB_URBAN,ROAD,5,8.0
49177,2,6,100,5,3,50.0,0,N,SMALL_CITIES,STREET,6,19.0
49178,1,6,147,5,2,100.0,0,N,RURAL_VICTORIA,HIGHWAY,6,16.0
49179,1,6,121,1,2,50.0,0,I,MELB_URBAN,STREET,6,17.0
49180,6,0,170,5,5,80.0,0,N,RURAL_VICTORIA,ROAD,4,22.0
49181,3,2,167,5,5,100.0,0,N,RURAL_VICTORIA,ROAD,5,23.0
49182,1,6,99,1,3,70.0,0,I,LARGE_PROVINCIAL_CITIES,HIGHWAY,6,19.0
49183,4,6,99,5,3,50.0,0,N,MELB_URBAN,OTHER,6,17.0
49184,1,3,130,2,2,60.0,0,N,MELB_URBAN,RAMP,5,16.0
49185,1,5,121,1,2,60.0,0,I,MELB_URBAN,STREET,6,16.0
49186,1,6,130,5,5,100.0,0,N,RURAL_VICTORIA,ROAD,6,18.0
49187,3,4,167,5,1,50.0,0,N,RURAL_VICTORIA,ROAD,6,13.0
49188,1,7,110,1,1,50.0,0,I,SMALL_CITIES,ROAD,5,15.0
49189,1,6,110,1,2,100.0,1,I,RURAL_VICTORIA,ROAD,6,16.0
49190,2,4,100,5,2,60.0,0,N,SMALL_CITIES,UNKNOWN,5,6.0
49191,1,5,111,2,3,50.0,0,I,MELB_URBAN,PARADE,6,18.0
49192,1,7,121,4,3,60.0,0,I,MELB_URBAN,STREET,1,23.0
49193,2,6,102,1,3,60.0,0,I,MELB_URBAN,STREET,6,18.0
49194,2,6,99,5,5,60.0,0,N,TOWNS,ROAD,6,23.0
49195,2,6,102,5,9,60.0,0,N,MELB_URBAN,OTHER,6,9.0
49196,1,6,116,2,3,60.0,0,I,MELB_URBAN,ROAD,6,0.0
49197,8,7,184,5,1,60.0,0,N,RURAL_VICTORIA,OTHER,2,10.0
49198,4,6,173,5,3,60.0,0,I,TOWNS,ROAD,6,22.0
49199,1,6,134,5,5,100.0,0,N,RURAL_VICTORIA,HIGHWAY,6,23.0
49200,1,7,120,5,5,110.0,1,N,RURAL_VICTORIA,HIGHWAY,6,0.0
49201,1,7,110,1,3,60.0,0,I,LARGE_PROVINCIAL_CITIES,STREET,6,6.0
49202,1,6,130,5,1,100.0,0,N,MELB_URBAN,FREEWAY,5,11.0
49203,1,7,110,1,2,60.0,0,I,MELB_URBAN,ROAD,6,8.0
49204,2,7,99,5,1,50.0,0,N,SMALL_CITIES,STREET,6,11.0
49205,1,7,110,1,2,60.0,0,I,MELB_URBAN,DRIVE,6,8.0
49206,4,7,99,5,1,80.0,0,N,TOWNS,ROAD,6,10.0
49207,4,6,181,5,1,100.0,0,N,RURAL_VICTORIA,ROAD,6,10.0
49208,1,6,99,5,3,40.0,0,N,MELB_URBAN,STREET,6,18.0
49209,1,6,113,2,3,60.0,0,I,MELB_URBAN,STREET,5,22.0
49210,6,7,174,1,1,60.0,0,I,MELB_URBAN,ROAD,6,14.0
49211,8,1,174,2,1,50.0,0,I,MELB_URBAN,OTHER,5,8.0
49212,1,7,121,2,1,60.0,0,I,MELB_URBAN,ROAD,6,11.0
49213,2,3,100,1,6,60.0,0,I,MELB_URBAN,ROAD,6,5.0
49214,1,4,133,2,1,60.0,0,N,MELB_URBAN,ROAD,6,9.0
49215,1,5,130,3,1,50.0,0,N,MELB_URBAN,BOULEVARD,6,16.0
49216,1,6,121,5,2,50.0,0,N,LARGE_PROVINCIAL_CITIES,STREET,5,16.0
49217,2,6,100,5,1,60.0,0,N,LARGE_PROVINCIAL_CITIES,ROAD,6,15.0
49218,4,7,171,5,1,100.0,0,N,RURAL_VICTORIA,HIGHWAY,6,15.0
49219,1,7,130,2,1,80.0,0,I,MELB_URBAN,HIGHWAY,6,9.0
49220,1,7,147,5,1,60.0,0,N,MELB_URBAN,OTHER,6,10.0
49221,8,1,174,5,1,60.0,0,N,RURAL_VICTORIA,ROAD,5,10.0
49222,6,7,174,5,5,50.0,0,N,TOWNS,AVENUE,6,17.0
49223,1,7,130,5,2,60.0,0,N,MELB_URBAN,ROAD,6,16.0
49224,1,7,121,1,1,80.0,0,I,MELB_URBAN,HIGHWAY,6,15.0
49225,2,7,100,1,2,40.0,0,I,MELBOURNE_CBD,STREET,6,16.0
49226,8,5,99,5,1,60.0,0,N,RURAL_VICTORIA,ROAD,6,12.0
49227,1,7,160,5,1,60.0,0,N,MELB_URBAN,ROAD,6,13.0
49228,6,7,174,2,2,50.0,0,I,MELB_URBAN,STREET,6,16.0
49229,2,7,99,5,3,50.0,0,N,SMALL_CITIES,OTHER,6,21.0
49230,1,7,99,5,5,50.0,0,N,TOWNS,STREET,6,21.0
49231,1,7,134,1,2,50.0,0,I,LARGE_PROVINCIAL_CITIES,ROAD,6,17.0
49232,4,7,171,5,3,70.0,0,I,MELB_URBAN,ROAD,6,22.0
49233,1,5,120,5,3,50.0,0,N,MELB_URBAN,PARADE,5,21.0
49234,1,7,163,5,2,40.0,0,N,MELB_URBAN,STREET,6,6.0
49235,1,1,130,5,3,60.0,0,N,MELB_URBAN,STREET,6,2.0
49236,4,1,173,1,3,40.0,0,I,MELB_URBAN,STREET,6,3.0
49237,1,0,160,5,6,50.0,0,N,MELB_URBAN,STREET,6,0.0
49238,1,1,160,5,3,50.0,0,N,MELB_URBAN,ROAD,6,1.0
49239,4,6,99,5,1,80.0,0,N,LARGE_PROVINCIAL_CITIES,ROAD,6,7.0
49240,1,7,116,1,2,50.0,0,I,MELB_URBAN,STREET,6,16.0
49241,1,4,121,1,3,60.0,0,I,MELB_URBAN,ROAD,6,22.0
49242,1,3,140,5,2,40.0,0,N,TOWNS,AVENUE,6,8.0
49243,1,5,121,2,3,60.0,0,I,MELB_URBAN,ROAD,6,21.0
49244,1,1,120,5,2,70.0,0,N,RURAL_VICTORIA,ROAD,6,7.0
49245,1,5,130,5,3,100.0,0,N,MELB_URBAN,UNKNOWN,6,17.0
49246,1,1,147,5,1,30.0,0,N,MELB_URBAN,PARADE,6,10.0
49247,2,7,99,5,1,40.0,0,N,MELB_URBAN,STREET,6,15.0
49248,1,1,132,2,1,60.0,0,I,MELB_URBAN,ROAD,6,11.0
49249,1,1,120,5,1,100.0,0,N,RURAL_VICTORIA,ROAD,6,11.0
49250,1,0,110,1,1,50.0,0,I,MELB_URBAN,STREET,6,11.0
49251,4,1,99,5,1,60.0,0,N,SMALL_CITIES,ROAD,6,11.0
49252,1,1,130,5,1,60.0,0,N,MELB_URBAN,STREET,6,13.0
49253,1,1,99,1,1,50.0,0,N,MELB_URBAN,STREET,6,9.0
49254,1,1,116,2,1,80.0,0,N,MELB_URBAN,ROAD,6,10.0
49255,1,1,140,5,1,100.0,0,N,RURAL_VICTORIA,ROAD,6,14.0
49256,1,1,130,5,1,70.0,0,N,MELB_URBAN,ROAD,6,14.0
49257,6,7,174,1,3,40.0,0,I,MELB_URBAN,STREET,5,20.0
49258,1,2,130,1,1,60.0,0,I,MELB_URBAN,ROAD,5,17.0