,accident_type,day_of_week,dca_code,road_geometry,light_condition,speed_zone,severity,node_type,deg_urban_name,road_type,month,hour
49259,6,1,170,1,1,100.0,0,I,RURAL_VICTORIA,ROAD,6,15.0
49260,1,0,121,1,1,60.0,0,I,LARGE_PROVINCIAL_CITIES,STREET,6,16.0
49261,4,0,183,5,2,60.0,0,N,RURAL_VICTORIA,ROAD,6,16.0
49262,1,1,140,2,2,60.0,0,I,MELB_URBAN,ROAD,6,16.0
49263,3,4,167,5,5,100.0,0,N,RURAL_VICTORIA,ROAD,6,18.0
49264,2,1,100,5,5,80.0,0,N,MELB_URBAN,ROAD,6,17.0
49265,4,1,173,5,1,60.0,0,N,MELB_URBAN,ROAD,6,14.0
49266,4,1,173,5,5,100.0,0,N,RURAL_VICTORIA,ROAD,6,21.0
49267,4,1,183,5,3,80.0,0,N,MELB_URBAN,ROAD,6,21.0
49268,1,3,130,5,2,100.0,0,N,MELB_URBAN,ROAD,5,5.0
49269,1,1,121,1,3,60.0,0,I,MELB_URBAN,STREET,6,23.0
49270,1,1,130,5,1,100.0,0,N,MELB_URBAN,RAMP,6,13.0
49271,4,0,173,2,3,50.0,0,N,LARGE_PROVINCIAL_CITIES,ROAD,6,3.0
49272,1,1,99,5,1,60.0,0,N,MELB_URBAN,ROAD,6,8.0
49273,1,2,113,2,2,50.0,0,I,MELB_URBAN,STREET,6,8.0
49274,1,2,140,2,2,80.0,0,I,MELB_URBAN,HIGHWAY,6,7.0
49275,2,1,100,5,2,60.0,0,N,MELB_URBAN,DRIVE,6,7.0
49276,1,2,99,4,2,60.0,0,I,TOWNS,ROAD,5,7.0
49277,1,6,130,2,1,60.0,0,I,MELB_URBAN,ROAD,6,14.0
49278,2,2,100,2,1,50.0,0,I,MELB_URBAN,HIGHWAY,6,11.0
49279,1,3,130,5,2,80.0,0,N,MELB_URBAN,HIGHWAY,5,6.0
49280,1,2,130,5,2,100.0,0,N,RURAL_VICTORIA,ROAD,6,7.0
49281,2,2,100,1,1,50.0,0,I,MELB_URBAN,STREET,6,10.0
49282,4,5,171,5,1,60.0,0,N,MELB_URBAN,DRIVE,6,14.0
49283,1,2,147,5,1,80.0,1,N,MELB_URBAN,HIGHWAY,6,10.0
49284,8,1,99,5,1,60.0,0,N,RURAL_VICTORIA,ROAD,6,13.0
49285,1,2,121,1,9,80.0,0,I,SMALL_TOWNS,HIGHWAY,6,9.0
49286,6,7,184,5,1,60.0,0,N,RURAL_VICTORIA,ROAD,6,11.0
49287,2,2,99,2,2,60.0,0,N,MELB_URBAN,STREET,6,8.0
49288,6,1,174,2,1,100.0,0,I,SMALL_TOWNS,ROAD,5,12.0
49289,4,6,173,5,2,100.0,0,N,RURAL_VICTORIA,ROAD,6,7.0
49290,1,4,147,5,1,40.0,0,N,MELB_URBAN,STREET,6,10.0
49291,1,3,110,1,6,60.0,0,I,MELB_URBAN,ROAD,6,5.0
49292,3,5,167,5,5,60.0,0,N,SMALL_TOWNS,ROAD,6,19.0
49293,2,1,102,1,5,60.0,0,I,MELB_URBAN,STREET,6,6.0
49294,4,2,99,5,1,40.0,0,N,MELB_URBAN,ROAD,6,13.0
49295,1,2,140,5,1,60.0,0,N,MELB_URBAN,STREET,6,14.0
49296,1,2,130,2,1,60.0,0,I,TOWNS,STREET,6,14.0
49297,1,2,130,1,1,80.0,0,I,SMALL_TOWNS,ROAD,6,15.0
49298,8,1,184,5,1,60.0,0,N,RURAL_VICTORIA,OTHER,6,12.0
49299,1,2,110,1,3,60.0,0,I,LARGE_PROVINCIAL_CITIES,STREET,6,17.0
49300,1,2,130,5,3,100.0,0,N,MELB_URBAN,FREEWAY,6,6.0
49301,1,2,113,4,3,80.0,0,I,MELB_URBAN,RAMP,6,18.0
49302,2,2,102,5,5,80.0,0,N,RURAL_VICTORIA,HIGHWAY,6,18.0
49303,1,1,110,1,3,50.0,0,I,LARGE_PROVINCIAL_CITIES,STREET,6,17.0
49304,1,2,121,2,3,70.0,0,I,MELB_URBAN,ROAD,6,17.0
49305,8,2,174,5,2,60.0,0,N,MELB_URBAN,ROAD,6,17.0
49306,1,6,140,2,1,60.0,0,I,MELB_URBAN,ROAD,6,9.0
49307,4,2,183,5,3,50.0,0,N,TOWNS,STREET,6,21.0
49308,1,2,110,1,3,60.0,0,I,MELB_URBAN,ROAD,6,23.0
49309,1,2,111,2,5,100.0,0,I,RURAL_VICTORIA,ROAD,6,6.0
49310,4,2,181,5,3,60.0,0,N,MELB_URBAN,ROAD,6,22.0
49311,1,2,130,2,1,60.0,0,I,LARGE_PROVINCIAL_CITIES,ROAD,6,13.0
49312,4,3,99,5,3,40.0,0,N,MELB_URBAN,STREET,6,2.0
49313,8,4,174,5,1,40.0,0,N,MELB_URBAN,STREET,6,11.0
49314,4,2,181,5,6,50.0,0,N,MELB_URBAN,DRIVE,6,20.0
49315,4,3,171,5,2,100.0,0,N,RURAL_VICTORIA,HIGHWAY,6,6.0
49316,1,7,110,1,2,50.0,0,I,SMALL_CITIES,STREET,6,16.0
49317,1,1,116,2,1,50.0,0,I,MELB_URBAN,ROAD,5,11.0
49318,1,3,130,5,1,80.0,0,N,MELB_URBAN,ROAD,6,9.0
49319,1,7,130,5,1,100.0,0,N,MELB_URBAN,FREEWAY,6,11.0
49320,4,7,171,5,2,60.0,0,N,RURAL_VICTORIA,ROAD,5,16.0
49321,1,3,110,1,1,60.0,0,I,TOWNS,STREET,6,9.0
49322,2,2,100,1,1,60.0,0,I,MELB_URBAN,STREET,6,9.0
49323,6,5,99,5,1,80.0,0,N,RURAL_VICTORIA,ROAD,6,12.0
49324,2,3,102,1,2,40.0,0,I,MELBOURNE_CBD,STREET,6,7.0
49325,4,3,99,5,1,50.0,0,N,MELB_URBAN,ROAD,6,11.0
49326,4,4,173,5,1,100.0,0,N,RURAL_VICTORIA,HIGHWAY,5,9.0
49327,4,1,173,5,5,100.0,0,N,RURAL_VICTORIA,ROAD,6,19.0
49328,1,7,130,1,3,80.0,0,I,MELB_URBAN,ROAD,5,22.0
49329,6,0,174,5,1,50.0,0,N,RURAL_VICTORIA,ROAD,4,11.0
49330,3,1,167,5,5,80.0,0,N,RURAL_VICTORIA,ROAD,5,22.0
49331,1,3,134,2,1,60.0,0,I,MELB_URBAN,OTHER,6,13.0
49332,4,4,99,5,3,40.0,0,N,MELB_URBAN,OTHER,6,18.0
49333,1,2,121,1,3,80.0,0,I,RURAL_VICTORIA,HIGHWAY,6,19.0
49334,2,3,99,5,1,40.0,0,N,MELB_URBAN,ROAD,6,13.0
49335,1,3,160,2,1,60.0,0,I,MELB_URBAN,ROAD,6,9.0
49336,1,3,120,2,1,60.0,0,I,MELB_URBAN,STREET,6,14.0
49337,1,2,113,4,2,80.0,0,I,MELB_URBAN,RAMP,6,8.0
49338,2,3,100,1,1,50.0,0,I,SMALL_CITIES,STREET,6,15.0
49339,1,5,130,4,1,60.0,0,I,LARGE_PROVINCIAL_CITIES,ROAD,6,9.0
49340,6,3,174,2,2,50.0,0,I,MELB_URBAN,ROAD,6,8.0
49341,1,3,130,5,1,70.0,0,N,MELB_URBAN,ROAD,6,15.0
49342,1,3,134,5,1,60.0,0,N,MELB_URBAN,ROAD,6,14.0
49343,1,6,130,5,6,100.0,0,N,MELB_URBAN,ROAD,4,20.0
49344,4,1,173,5,2,100.0,0,N,RURAL_VICTORIA,ROAD,5,16.0
49345,4,3,173,5,1,70.0,0,N,MELB_URBAN,ROAD,6,14.0
49346,2,3,100,2,1,40.0,0,I,MELB_URBAN,AVENUE,6,15.0
49347,2,6,99,5,1,60.0,0,N,TOWNS,ROAD,6,9.0
49348,4,3,99,2,5,100.0,0,I,RURAL_VICTORIA,ROAD,6,18.0
49349,4,3,173,2,3,70.0,0,I,MELB_URBAN,ROAD,6,19.0
49350,1,6,121,2,2,80.0,0,I,MELB_URBAN,ROAD,5,7.0
49351,1,7,121,2,3,60.0,0,I,MELB_URBAN,ROAD,4,19.0
49352,1,2,160,5,3,40.0,0,N,MELB_URBAN,STREET,6,23.0
49353,6,3,99,5,5,100.0,0,N,RURAL_VICTORIA,ROAD,6,1.0
49354,1,3,160,5,3,50.0,0,N,MELB_URBAN,AVENUE,6,22.0
49355,6,3,99,2,5,100.0,0,I,MELB_URBAN,HIGHWAY,6,3.0
49356,1,2,113,2,1,60.0,0,I,MELB_URBAN,ROAD,6,11.0
49357,4,4,171,5,3,70.0,0,N,MELB_URBAN,ROAD,6,4.0
49358,1,3,99,2,3,80.0,0,I,MELB_URBAN,HIGHWAY,6,23.0
49359,6,6,184,5,1,60.0,0,N,RURAL_VICTORIA,OTHER,3,15.0
49360,4,4,183,5,6,60.0,0,N,MELB_URBAN,RAMP,5,21.0
49361,1,4,110,1,2,50.0,0,I,MELB_URBAN,STREET,6,7.0
49362,1,4,130,2,3,60.0,0,I,MELB_URBAN,ROAD,6,6.0
49363,4,4,173,5,2,100.0,0,N,RURAL_VICTORIA,ROAD,6,8.0
49364,1,4,132,5,2,60.0,0,I,SMALL_CITIES,STREET,6,8.0
49365,1,3,132,5,1,100.0,0,N,RURAL_VICTORIA,HIGHWAY,6,8.0
49366,4,5,181,5,1,100.0,0,N,RURAL_VICTORIA,ROAD,6,10.0
49367,2,4,100,1,1,50.0,0,I,SMALL_CITIES,STREET,6,11.0
49368,1,4,132,5,1,60.0,0,N,SMALL_CITIES,ROAD,6,12.0
49369,1,1,130,1,3,80.0,0,I,MELB_URBAN,ROAD,5,21.0
49370,1,6,121,2,2,40.0,0,I,MELB_URBAN,STREET,6,17.0
49371,4,4,183,5,5,60.0,0,N,MELB_URBAN,ROAD,6,3.0
49372,2,4,99,5,1,60.0,0,N,MELB_URBAN,STREET,6,10.0
49373,1,4,110,1,2,60.0,0,I,SMALL_CITIES,STREET,6,8.0
49374,4,2,173,5,1,110.0,0,N,RURAL_VICTORIA,FREEWAY,6,15.0
49375,1,4,130,1,1,100.0,0,N,RURAL_VICTORIA,HIGHWAY,6,13.0
49376,4,4,181,5,1,100.0,0,N,RURAL_VICTORIA,ROAD,6,11.0
49377,1,6,121,1,3,60.0,0,I,MELB_URBAN,ROAD,6,20.0
49378,1,3,160,5,3,50.0,0,N,MELB_URBAN,OTHER,6,22.0
49379,1,4,140,5,2,100.0,0,N,RURAL_VICTORIA,HIGHWAY,6,7.0
49380,6,4,99,2,1,50.0,0,N,TOWNS,HIGHWAY,6,13.0
49381,4,4,173,1,1,50.0,0,I,TOWNS,STREET,6,13.0
49382,1,7,132,2,2,60.0,0,I,MELB_URBAN,ROAD,6,8.0
49383,2,5,99,5,2,60.0,0,N,MELB_URBAN,STREET,4,18.0
49384,4,4,99,1,1,60.0,0,I,MELB_URBAN,AVENUE,6,15.0
49385,4,4,181,5,1,80.0,0,N,RURAL_VICTORIA,ROAD,6,14.0
49386,4,4,181,5,1,60.0,0,N,MELB_URBAN,ROAD,6,14.0
49387,1,3,121,2,2,80.0,0,I,MELB_URBAN,ROAD,6,16.0
49388,1,4,113,1,1,60.0,1,I,MELB_URBAN,HIGHWAY,6,12.0
49389,1,2,130,1,1,60.0,0,I,MELB_URBAN,ROAD,4,8.0
49390,8,1,184,5,1,60.0,0,N,RURAL_VICTORIA,OTHER,3,14.0
49391,1,4,120,5,2,110.0,0,N,RURAL_VICTORIA,FREEWAY,6,16.0
49392,9,4,99,2,2,70.0,0,N,LARGE_PROVINCIAL_CITIES,STREET,6,17.0
49393,4,4,171,5,2,80.0,0,N,RURAL_VICTORIA,ROAD,6,17.0
49394,1,4,110,1,2,100.0,0,I,RURAL_VICTORIA,ROAD,6,16.0
49395,2,4,102,1,3,50.0,0,I,LARGE_PROVINCIAL_CITIES,STREET,6,20.0
49396,1,4,135,5,3,70.0,0,N,MELB_URBAN,ROAD,6,19.0
49397,2,4,102,5,5,60.0,0,N,SMALL_CITIES,AVENUE,6,18.0
49398,2,4,100,5,3,40.0,0,N,MELB_URBAN,STREET,6,18.0
49399,1,4,130,5,3,60.0,0,N,MELB_URBAN,ROAD,6,18.0
49400,4,4,171,5,3,50.0,0,N,MELB_URBAN,STREET,6,20.0
49401,4,4,171,1,3,50.0,0,I,SMALL_CITIES,STREET,6,22.0
49402,1,4,120,5,3,80.0,0,N,MELB_URBAN,ROAD,6,21.0
49403,1,4,130,5,3,60.0,0,N,MELB_URBAN,ROAD,6,22.0
49404,1,6,130,5,1,50.0,0,N,MELB_URBAN,OTHER,6,15.0
49405,1,3,110,1,1,60.0,0,I,SMALL_CITIES,AVENUE,1,7.0
49406,2,5,102,5,3,50.0,0,N,MELB_URBAN,ROAD,6,5.0
49407,8,1,174,5,1,50.0,0,N,RURAL_VICTORIA,OTHER,5,11.0
49408,1,5,134,2,3,50.0,0,I,MELB_URBAN,STREET,6,5.0
49409,1,2,140,5,1,40.0,0,N,MELB_URBAN,STREET,6,15.0
49410,4,5,173,5,5,100.0,0,N,RURAL_VICTORIA,HIGHWAY,6,5.0
49411,1,4,130,5,2,60.0,0,N,MELB_URBAN,ROAD,6,7.0
49412,1,4,99,2,1,50.0,0,I,SMALL_CITIES,STREET,6,14.0
49413,1,3,130,1,2,80.0,0,I,MELB_URBAN,ROAD,6,16.0
49414,1,5,130,5,2,100.0,0,N,MELB_URBAN,ROAD,6,7.0
49415,7,1,99,5,2,60.0,0,N,MELB_URBAN,STREET,6,18.0
49416,4,5,181,5,2,100.0,0,N,RURAL_VICTORIA,ROAD,6,8.0
49417,4,4,171,5,3,80.0,0,N,MELB_URBAN,ROAD,6,21.0
49418,1,5,121,2,3,40.0,0,I,MELBOURNE_CBD,STREET,6,7.0
49419,1,4,130,2,1,70.0,0,I,LARGE_PROVINCIAL_CITIES,ROAD,6,8.0
49420,1,5,99,2,2,40.0,0,N,MELB_URBAN,ROAD,6,7.0
49421,1,5,110,1,1,50.0,0,I,LARGE_PROVINCIAL_CITIES,STREET,6,10.0
49422,1,5,120,5,1,60.0,0,N,MELB_URBAN,AVENUE,6,9.0
49423,1,4,130,5,3,60.0,0,N,MELB_URBAN,STREET,6,17.0
49424,1,5,111,1,2,100.0,0,I,RURAL_VICTORIA,ROAD,6,8.0
49425,1,5,121,2,1,80.0,0,I,MELB_URBAN,ROAD,6,9.0
49426,1,5,110,1,1,100.0,0,I,RURAL_VICTORIA,ROAD,6,10.0
49427,1,5,130,5,2,40.0,0,N,RURAL_VICTORIA,FREEWAY,6,8.0
49428,2,5,99,5,1,50.0,0,N,MELB_URBAN,STREET,6,11.0
49429,1,4,110,1,1,50.0,0,I,LARGE_PROVINCIAL_CITIES,STREET,6,8.0
49430,4,4,181,5,1,70.0,0,N,MELB_URBAN,HIGHWAY,6,12.0
49431,4,5,181,5,1,100.0,0,N,RURAL_VICTORIA,ROAD,6,9.0
49432,1,5,130,2,1,60.0,0,N,MELB_URBAN,ROAD,6,14.0
49433,4,5,181,2,1,80.0,0,I,RURAL_VICTORIA,ROAD,6,13.0
49434,4,5,183,5,1,100.0,0,N,RURAL_VICTORIA,HIGHWAY,6,14.0
49435,4,5,173,5,1,100.0,0,N,RURAL_VICTORIA,ROAD,6,14.0
49436,1,5,147,2,1,60.0,0,I,MELB_URBAN,ROAD,6,14.0
49437,4,4,181,5,5,100.0,1,N,RURAL_VICTORIA,ROAD,6,21.0
49438,1,5,130,5,1,70.0,0,N,MELB_URBAN,ROAD,6,14.0
49439,6,4,174,5,2,50.0,0,N,MELB_URBAN,AVENUE,6,17.0
49440,4,5,171,5,1,70.0,0,N,MELB_URBAN,ROAD,6,15.0
49441,1,5,110,1,2,50.0,0,I,MELB_URBAN,STREET,6,16.0
49442,1,3,113,2,2,60.0,0,I,MELB_URBAN,ROAD,10,18.0
49443,6,6,184,5,1,100.0,0,N,RURAL_VICTORIA,ROAD,6,13.0
49444,1,5,121,1,2,60.0,0,I,MELB_URBAN,ROAD,6,17.0
49445,4,5,183,5,2,100.0,0,N,RURAL_VICTORIA,ROAD,6,16.0
49446,1,5,121,2,3,80.0,0,I,RURAL_VICTORIA,HIGHWAY,6,18.0
49447,1,5,121,2,3,60.0,0,I,MELB_URBAN,ROAD,6,17.0
49448,1,5,130,2,3,60.0,0,I,MELB_URBAN,ROAD,6,17.0
49449,4,6,171,5,5,100.0,0,N,RURAL_VICTORIA,OTHER,6,21.0
49450,1,4,113,2,3,50.0,0,I,MELB_URBAN,DRIVE,5,18.0
49451,1,3,121,2,1,60.0,0,I,MELB_URBAN,ROAD,6,9.0
49452,1,5,130,2,3,60.0,0,I,MELB_URBAN,ROAD,6,18.0
49453,1,4,130,1,1,60.0,0,I,MELB_URBAN,ROAD,6,13.0
49454,1,5,113,2,1,60.0,0,I,MELB_URBAN,STREET,6,9.0
49455,1,4,121,2,2,60.0,0,I,TOWNS,HIGHWAY,6,16.0
49456,1,4,130,5,2,100.0,0,N,MELB_URBAN,FREEWAY,6,17.0
49457,5,4,99,5,5,100.0,0,N,RURAL_VICTORIA,HIGHWAY,6,18.0
49458,1,5,130,5,3,60.0,0,N,MELB_URBAN,ROAD,6,20.0
49459,1,4,113,1,2,40.0,0,I,MELB_URBAN,STREET,6,16.0
49460,4,5,173,5,3,100.0,0,N,MELB_URBAN,RAMP,6,22.0
49461,1,5,110,1,3,60.0,0,I,MELB_URBAN,ROAD,6,22.0
49462,1,6,113,2,3,60.0,0,I,MELB_URBAN,ROAD,6,5.0
49463,2,6,100,2,3,50.0,0,I,MELB_URBAN,ROAD,6,6.0
49464,1,5,130,5,1,60.0,0,N,SMALL_CITIES,ROAD,1,17.0
49465,1,5,113,2,2,90.0,0,I,MELB_URBAN,ROAD,6,7.0
49466,1,6,147,5,2,50.0,0,N,MELB_URBAN,STREET,6,8.0
49467,8,7,174,5,1,60.0,0,N,RURAL_VICTORIA,OTHER,6,12.0
49468,1,5,113,2,1,70.0,0,I,MELB_URBAN,ROAD,6,9.0
49469,4,6,171,2,2,60.0,0,I,MELB_URBAN,ROAD,6,7.0
49470,1,5,130,5,2,80.0,0,N,MELB_URBAN,ROAD,6,8.0
49471,2,6,102,2,2,40.0,0,N,MELBOURNE_CBD,STREET,6,8.0
49472,4,6,173,5,2,100.0,0,N,RURAL_VICTORIA,ROAD,6,8.0
49473,8,2,174,5,2,60.0,0,N,MELB_URBAN,STREET,6,16.0
49474,1,6,113,2,2,60.0,0,I,MELB_URBAN,STREET,6,8.0
49475,1,3,163,5,2,40.0,0,N,MELBOURNE_CBD,STREET,6,17.0
49476,1,6,130,5,1,50.0,0,N,RURAL_VICTORIA,STREET,6,11.0
49477,4,6,173,5,1,100.0,0,N,RURAL_VICTORIA,ROAD,6,10.0
49478,1,4,132,2,3,50.0,0,I,MELB_URBAN,STREET,6,19.0
49479,1,6,130,1,3,80.0,0,I,RURAL_VICTORIA,ROAD,1,21.0
49480,2,5,99,5,1,80.0,0,N,MELB_URBAN,ROAD,6,12.0
49481,1,3,110,4,3,60.0,0,I,MELB_URBAN,ROAD,6,19.0
49482,2,6,100,5,1,50.0,0,N,MELB_URBAN,STREET,6,12.0
49483,2,6,102,2,1,50.0,0,I,MELB_URBAN,STREET,6,11.0
49484,1,6,140,5,1,90.0,0,N,SMALL_CITIES,HIGHWAY,6,13.0
49485,1,0,110,1,1,60.0,0,I,SMALL_TOWNS,HIGHWAY,2,14.0
49486,4,6,171,5,1,50.0,0,N,MELB_URBAN,STREET,6,13.0
49487,1,6,110,1,1,50.0,0,I,MELB_URBAN,STREET,6,13.0
49488,1,1,113,2,1,60.0,0,I,MELB_URBAN,ROAD,3,16.0
49489,1,6,130,5,1,80.0,0,N,MELB_URBAN,ROAD,6,10.0
49490,1,5,130,5,1,50.0,0,N,MELB_URBAN,ROAD,6,8.0
49491,1,1,130,2,1,60.0,0,I,MELB_URBAN,ROAD,5,11.0
49492,1,5,99,5,1,80.0,0,N,MELB_URBAN,HIGHWAY,6,14.0
49493,2,6,102,2,1,70.0,0,I,MELB_URBAN,ROAD,6,14.0
49494,1,4,130,5,5,100.0,0,N,RURAL_VICTORIA,HIGHWAY,4,19.0
49495,1,6,99,5,1,100.0,0,N,RURAL_VICTORIA,HIGHWAY,6,12.0
49496,1,6,113,2,1,60.0,0,I,MELB_URBAN,ROAD,6,15.0
49497,1,7,130,5,1,110.0,0,N,RURAL_VICTORIA,FREEWAY,6,12.0
49498,1,5,130,2,1,70.0,0,I,MELB_URBAN,ROAD,6,14.0
49499,1,5,121,1,6,50.0,0,I,MELB_URBAN,STREET,6,20.0
49500,1,4,147,5,9,60.0,0,N,MELB_URBAN,OTHER,5,11.0
49501,2,6,99,1,3,60.0,0,I,MELB_URBAN,STREET,6,18.0
49502,1,6,160,5,3,60.0,0,N,LARGE_PROVINCIAL_CITIES,STREET,6,17.0
49503,4,5,183,5,5,100.0,0,N,RURAL_VICTORIA,ROAD,6,19.0
49504,1,5,130,1,6,80.0,0,I,MELB_URBAN,HIGHWAY,6,18.0
49505,1,2,116,2,2,60.0,0,I,MELB_URBAN,ROAD,6,6.0
49506,1,5,121,1,2,80.0,0,I,MELB_URBAN,ROAD,6,17.0
49507,1,5,121,1,2,50.0,0,I,MELB_URBAN,OTHER,6,17.0
49508,4,6,173,5,5,50.0,0,N,MELB_URBAN,STREET,6,17.0
49509,1,5,116,2,6,60.0,0,I,MELB_URBAN,STREET,6,18.0
49510,1,6,110,1,3,80.0,0,I,RURAL_VICTORIA,ROAD,6,18.0
49511,1,6,121,1,3,60.0,0,I,LARGE_PROVINCIAL_CITIES,STREET,6,18.0
49512,1,6,113,2,3,60.0,0,I,MELB_URBAN,ROAD,6,17.0
49513,1,6,121,2,3,50.0,0,I,MELB_URBAN,STREET,6,18.0
49514,1,4,130,5,2,60.0,0,N,MELB_URBAN,ROAD,5,7.0
49515,1,6,99,5,5,60.0,0,N,LARGE_PROVINCIAL_CITIES,ROAD,6,18.0
49516,8,5,174,5,3,60.0,0,N,MELB_URBAN,ROAD,6,17.0
49517,4,6,173,5,3,60.0,0,N,LARGE_PROVINCIAL_CITIES,STREET,6,21.0
49518,1,6,121,1,3,60.0,1,I,MELB_URBAN,ROAD,6,19.0
49519,1,6,135,5,5,100.0,0,N,RURAL_VICTORIA,FREEWAY,6,17.0
49520,1,6,130,5,5,110.0,0,N,RURAL_VICTORIA,FREEWAY,6,17.0
49521,1,7,121,2,3,60.0,0,I,MELB_URBAN,PARADE,6,2.0
49522,4,7,171,5,3,40.0,0,N,MELB_URBAN,ROAD,6,4.0
49523,1,6,110,1,2,40.0,0,I,MELB_URBAN,STREET,6,8.0
49524,1,1,111,2,6,50.0,0,I,MELB_URBAN,OTHER,5,18.0
49525,1,6,130,1,1,60.0,0,I,MELB_URBAN,OTHER,4,11.0
49526,4,7,183,5,5,50.0,0,N,MELB_URBAN,AVENUE,6,2.0
49527,1,7,130,1,3,40.0,0,I,MELBOURNE_CBD,STREET,6,21.0
49528,1,7,110,1,2,50.0,0,I,TOWNS,STREET,6,8.0
49529,1,5,110,4,1,40.0,0,I,MELB_URBAN,STREET,6,15.0
49530,4,7,181,5,2,100.0,0,N,RURAL_VICTORIA,ROAD,6,7.0
49531,1,7,130,5,1,60.0,0,N,LARGE_PROVINCIAL_CITIES,ROAD,6,10.0
49532,1,7,99,2,1,50.0,0,I,MELB_URBAN,ROAD,6,10.0
49533,4,7,173,5,1,100.0,0,N,RURAL_VICTORIA,HIGHWAY,6,9.0
49534,1,7,121,1,2,80.0,0,I,MELB_URBAN,ROAD,6,7.0
49535,8,7,174,5,2,100.0,0,N,RURAL_VICTORIA,ROAD,6,8.0
49536,4,7,171,2,1,60.0,0,N,MELB_URBAN,ROAD,6,9.0
49537,1,7,113,2,1,70.0,0,I,MELB_URBAN,STREET,6,12.0
49538,1,7,130,5,1,80.0,0,N,MELB_URBAN,FREEWAY,6,12.0
49539,4,4,181,5,1,60.0,0,N,MELB_URBAN,DRIVE,6,15.0
49540,4,7,173,2,1,50.0,0,I,MELB_URBAN,OTHER,6,13.0
49541,4,7,173,5,1,100.0,0,N,RURAL_VICTORIA,ROAD,6,12.0
49542,1,7,130,1,1,60.0,0,I,MELB_URBAN,ROAD,6,13.0
49543,8,1,174,4,1,60.0,0,I,RURAL_VICTORIA,ROAD,6,12.0
49544,1,1,113,2,3,50.0,0,I,MELB_URBAN,OTHER,6,20.0
49545,1,7,113,2,1,60.0,0,I,MELB_URBAN,ROAD,6,10.0
49546,1,7,121,2,1,60.0,0,I,MELB_URBAN,STREET,6,15.0
49547,1,7,121,2,1,60.0,0,I,TOWNS,STREET,6,15.0
49548,4,7,171,5,1,50.0,0,N,MELB_URBAN,STREET,6,12.0
49549,2,7,99,1,6,50.0,0,I,MELB_URBAN,DRIVE,6,3.0
49550,1,6,110,1,2,50.0,0,I,SMALL_CITIES,STREET,6,17.0
49551,2,6,100,5,3,60.0,0,N,MELB_URBAN,ROAD,6,18.0
49552,1,7,121,1,3,80.0,0,I,MELB_URBAN,HIGHWAY,6,18.0
49553,1,7,134,5,2,80.0,0,N,MELB_URBAN,HIGHWAY,6,16.0
49554,1,7,140,2,3,60.0,0,N,MELB_URBAN,STREET,6,19.0
49555,2,7,100,1,2,60.0,0,I,MELB_URBAN,ROAD,6,18.0
49556,1,7,130,4,3,60.0,0,I,MELB_URBAN,RAMP,6,20.0
49557,4,7,181,5,5,80.0,0,N,RURAL_VICTORIA,ROAD,6,3.0
49558,1,6,121,2,3,60.0,0,I,MELB_URBAN,ROAD,6,23.0
49559,4,7,181,5,5,100.0,0,N,RURAL_VICTORIA,ROAD,6,18.0
49560,4,7,181,5,5,60.0,0,N,TOWNS,ROAD,6,23.0
49561,4,1,171,1,3,50.0,0,I,MELB_URBAN,HIGHWAY,6,1.0
49562,1,0,110,1,3,40.0,0,I,MELBOURNE_CBD,OTHER,6,4.0
49563,1,4,147,5,1,70.0,0,N,MELB_URBAN,ROAD,6,13.0
49564,1,6,130,5,1,60.0,0,N,MELB_URBAN,ROAD,6,13.0
49565,1,1,113,2,5,70.0,0,I,MELB_URBAN,ROAD,6,6.0
49566,1,6,113,2,3,80.0,0,I,MELB_URBAN,ROAD,5,18.0
49567,6,1,99,5,1,60.0,0,N,RURAL_VICTORIA,ROAD,6,9.0
49568,1,7,116,1,3,70.0,0,I,MELB_URBAN,ROAD,6,6.0
49569,4,1,183,2,1,100.0,0,I,RURAL_VICTORIA,RAMP,6,9.0
49570,2,2,100,2,3,50.0,0,I,MELB_URBAN,STREET,6,19.0
49571,1,1,110,1,3,60.0,0,I,MELB_URBAN,ROAD,6,0.0
49572,1,1,121,1,1,60.0,0,I,MELB_URBAN,STREET,6,12.0
49573,4,1,181,5,2,100.0,0,N,RURAL_VICTORIA,ROAD,6,8.0
49574,8,1,174,2,1,60.0,0,I,TOWNS,STREET,6,9.0
49575,8,1,174,5,1,100.0,0,N,RURAL_VICTORIA,ROAD,6,12.0
49576,1,3,130,5,2,60.0,0,N,LARGE_PROVINCIAL_CITIES,STREET,6,17.0
49577,1,7,130,5,1,70.0,0,N,MELB_URBAN,ROAD,6,13.0
49578,1,1,113,2,1,100.0,0,I,RURAL_VICTORIA,ROAD,6,14.0
49579,4,1,183,5,1,100.0,0,N,RURAL_VICTORIA,ROAD,6,14.0
49580,1,1,120,5,1,60.0,0,N,MELB_URBAN,STREET,6,14.0
49581,1,1,121,2,1,70.0,0,I,MELB_URBAN,ROAD,6,14.0
49582,1,1,110,1,2,40.0,0,I,MELB_URBAN,DRIVE,6,16.0
49583,1,1,110,1,1,50.0,0,I,MELB_URBAN,STREET,6,15.0
49584,1,1,121,1,2,60.0,0,I,MELB_URBAN,STREET,6,17.0
49585,1,1,140,5,2,100.0,0,N,RURAL_VICTORIA,HIGHWAY,6,16.0
49586,1,1,160,5,2,50.0,0,N,TOWNS,STREET,6,6.0
49587,2,1,102,2,3,50.0,0,I,TOWNS,STREET,6,17.0
49588,1,1,113,4,5,80.0,0,N,RURAL_VICTORIA,HIGHWAY,6,18.0
49589,8,1,174,2,2,60.0,0,I,MELB_URBAN,OTHER,6,16.0
49590,4,1,171,1,3,70.0,0,I,MELB_URBAN,ROAD,6,19.0