,accident_type,day_of_week,dca_code,road_geometry,light_condition,speed_zone,severity,node_type,deg_urban_name,road_type,month,hour
49591,1,1,99,5,3,50.0,0,N,MELB_URBAN,STREET,6,18.0
49592,1,1,120,5,5,100.0,0,N,RURAL_VICTORIA,HIGHWAY,6,18.0
49593,2,1,99,2,6,60.0,0,I,MELB_URBAN,ROAD,6,19.0
49594,4,1,181,5,1,100.0,0,N,RURAL_VICTORIA,ROAD,6,11.0
49595,1,1,120,5,1,60.0,0,N,RURAL_VICTORIA,ROAD,6,12.0
49596,1,2,130,5,3,70.0,0,I,MELB_URBAN,ROAD,6,6.0
49597,1,2,135,5,2,100.0,0,N,MELB_URBAN,UNKNOWN,6,6.0
49598,4,1,171,2,3,70.0,0,I,MELB_URBAN,ROAD,6,20.0
49599,4,2,183,5,2,60.0,0,N,SMALL_TOWNS,ROAD,6,7.0
49600,1,2,120,5,2,70.0,0,N,MELB_URBAN,DRIVE,6,8.0
49601,1,5,130,1,1,90.0,0,I,TOWNS,HIGHWAY,5,13.0
49602,1,2,130,5,1,50.0,0,N,MELB_URBAN,ROAD,6,10.0
49603,1,2,121,2,1,80.0,0,I,MELB_URBAN,ROAD,6,9.0
49604,2,2,99,5,1,50.0,0,N,MELB_URBAN,STREET,6,9.0
49605,1,2,121,5,1,40.0,0,N,MELB_URBAN,AVENUE,6,11.0
49606,1,5,130,1,2,50.0,0,N,MELB_URBAN,ROAD,6,8.0
49607,1,2,130,5,2,100.0,0,N,RURAL_VICTORIA,ROAD,6,8.0
49608,4,2,99,5,1,50.0,0,N,MELB_URBAN,STREET,6,12.0
49609,1,1,134,5,1,80.0,0,N,LARGE_PROVINCIAL_CITIES,HIGHWAY,6,9.0
49610,6,2,174,1,2,60.0,0,I,MELB_URBAN,PARADE,6,8.0
49611,1,1,160,5,1,60.0,0,N,MELB_URBAN,DRIVE,6,12.0
49612,1,1,121,2,2,80.0,0,I,SMALL_CITIES,ROAD,6,16.0
49613,1,2,132,2,1,80.0,0,N,RURAL_VICTORIA,HIGHWAY,6,13.0
49614,1,1,99,5,1,50.0,0,N,MELB_URBAN,OTHER,6,10.0
49615,8,6,174,2,1,100.0,0,I,RURAL_VICTORIA,ROAD,6,14.0
49616,4,1,171,6,1,50.0,0,N,SMALL_CITIES,OTHER,6,14.0
49617,4,2,99,5,1,50.0,0,N,MELB_URBAN,STREET,6,10.0
49618,1,2,147,5,9,100.0,0,N,RURAL_VICTORIA,ROAD,6,8.0
49619,8,2,174,5,1,60.0,0,N,RURAL_VICTORIA,OTHER,6,10.0
49620,1,6,110,1,1,60.0,0,I,SMALL_CITIES,STREET,6,15.0
49621,1,2,110,1,2,60.0,0,I,MELB_URBAN,AVENUE,6,16.0
49622,1,1,133,5,2,60.0,0,N,MELB_URBAN,RAMP,6,8.0
49623,2,2,99,5,2,50.0,0,N,MELB_URBAN,OTHER,6,8.0
49624,1,2,160,5,2,70.0,0,N,MELB_URBAN,ROAD,6,16.0
49625,3,2,167,5,5,100.0,0,N,RURAL_VICTORIA,ROAD,6,17.0
49626,1,2,99,2,2,80.0,0,I,RURAL_VICTORIA,HIGHWAY,6,16.0
49627,1,1,130,5,2,80.0,0,N,MELB_URBAN,HIGHWAY,6,17.0
49628,1,2,171,5,1,100.0,0,N,RURAL_VICTORIA,ROAD,6,15.0
49629,7,6,99,1,3,50.0,0,I,TOWNS,STREET,6,20.0
49630,1,2,147,5,2,60.0,0,N,LARGE_PROVINCIAL_CITIES,STREET,6,16.0
49631,1,2,130,5,3,60.0,0,N,MELB_URBAN,STREET,6,18.0
49632,8,2,174,2,2,60.0,0,N,MELB_URBAN,ROAD,6,16.0
49633,1,2,130,1,3,40.0,0,I,MELBOURNE_CBD,STREET,6,20.0
49634,6,2,99,5,5,100.0,0,N,MELB_URBAN,FREEWAY,6,17.0
49635,4,2,173,5,3,80.0,0,N,SMALL_TOWNS,ROAD,6,18.0
49636,1,2,110,1,1,80.0,0,I,MELB_URBAN,ROAD,6,15.0
49637,6,2,99,5,1,80.0,0,N,RURAL_VICTORIA,ROAD,6,13.0
49638,4,2,183,5,5,100.0,0,N,RURAL_VICTORIA,ROAD,6,18.0
49639,1,2,130,3,1,60.0,0,I,MELB_URBAN,HIGHWAY,6,14.0
49640,1,2,160,5,3,50.0,0,N,MELB_URBAN,OTHER,6,22.0
49641,4,2,183,5,5,80.0,0,N,RURAL_VICTORIA,ROAD,6,19.0
49642,4,2,183,5,5,100.0,0,N,RURAL_VICTORIA,ROAD,6,20.0
49643,1,1,121,2,3,60.0,0,I,MELB_URBAN,BOULEVARD,6,17.0
49644,6,2,170,5,5,80.0,0,N,RURAL_VICTORIA,HIGHWAY,6,23.0
49645,4,2,183,5,1,100.0,0,N,RURAL_VICTORIA,ROAD,6,14.0
49646,1,3,110,1,2,60.0,0,I,RURAL_VICTORIA,ROAD,6,6.0
49647,1,3,130,5,2,100.0,0,N,MELB_URBAN,UNKNOWN,6,8.0
49648,6,2,99,5,1,40.0,0,N,RURAL_VICTORIA,ROAD,6,14.0
49649,1,3,133,5,2,100.0,0,N,RURAL_VICTORIA,HIGHWAY,6,8.0
49650,1,3,113,2,1,50.0,0,I,MELB_URBAN,OTHER,6,9.0
49651,1,3,120,5,2,100.0,0,N,RURAL_VICTORIA,HIGHWAY,6,7.0
49652,6,7,174,1,2,80.0,0,I,MELB_URBAN,ROAD,12,19.0
49653,1,3,130,2,1,60.0,0,N,MELB_URBAN,STREET,6,11.0
49654,1,2,121,2,1,80.0,0,I,MELB_URBAN,HIGHWAY,6,9.0
49655,4,5,173,1,3,50.0,0,I,MELB_URBAN,AVENUE,6,17.0
49656,4,3,171,2,1,80.0,0,I,RURAL_VICTORIA,ROAD,6,11.0
49657,1,3,110,1,1,60.0,0,I,MELB_URBAN,STREET,6,15.0
49658,6,6,174,5,1,60.0,0,N,RURAL_VICTORIA,OTHER,6,15.0
49659,1,0,130,1,1,60.0,0,I,MELB_URBAN,ROAD,6,12.0
49660,6,7,174,5,1,60.0,0,N,RURAL_VICTORIA,ROAD,6,15.0
49661,1,5,160,5,5,50.0,0,N,MELB_URBAN,STREET,6,21.0
49662,1,3,140,2,2,80.0,0,N,MELB_URBAN,HIGHWAY,6,7.0
49663,4,3,171,5,2,60.0,0,N,MELB_URBAN,STREET,6,16.0
49664,1,2,120,5,3,50.0,0,N,MELB_URBAN,ROAD,6,17.0
49665,1,5,130,5,2,80.0,0,N,MELB_URBAN,ROAD,11,17.0
49666,1,3,121,2,2,60.0,0,I,MELB_URBAN,ROAD,6,18.0
49667,1,3,99,1,2,70.0,0,N,MELB_URBAN,STREET,6,16.0
49668,6,3,99,5,3,100.0,0,N,RURAL_VICTORIA,HIGHWAY,6,18.0
49669,4,3,183,5,5,100.0,0,N,RURAL_VICTORIA,ROAD,6,18.0
49670,6,3,174,5,3,80.0,0,N,LARGE_PROVINCIAL_CITIES,ROAD,6,17.0
49671,4,3,171,5,3,60.0,0,N,MELB_URBAN,STREET,6,19.0
49672,8,3,170,5,3,80.0,0,N,MELB_URBAN,HIGHWAY,6,19.0
49673,1,3,147,5,1,50.0,0,N,MELB_URBAN,OTHER,6,15.0
49674,1,4,135,5,3,100.0,0,N,MELB_URBAN,FREEWAY,4,5.0
49675,1,3,113,2,3,60.0,0,I,TOWNS,STREET,6,21.0
49676,5,2,99,2,1,60.0,0,I,RURAL_VICTORIA,ROAD,6,10.0
49677,1,5,120,5,5,100.0,0,N,RURAL_VICTORIA,HIGHWAY,6,17.0
49678,1,2,130,5,1,60.0,0,N,MELB_URBAN,ROAD,6,14.0
49679,1,4,110,1,3,50.0,0,I,MELB_URBAN,BOULEVARD,6,6.0
49680,1,4,99,2,2,100.0,0,I,RURAL_VICTORIA,HIGHWAY,6,6.0
49681,1,3,121,2,1,60.0,0,I,MELB_URBAN,STREET,6,8.0
49682,4,4,99,5,3,50.0,0,N,MELB_URBAN,OTHER,6,6.0
49683,4,6,181,5,5,70.0,0,N,RURAL_VICTORIA,ROAD,5,22.0
49684,4,4,181,2,2,100.0,0,N,RURAL_VICTORIA,ROAD,6,8.0
49685,4,4,181,5,1,100.0,0,N,RURAL_VICTORIA,ROAD,6,9.0
49686,2,3,100,5,2,50.0,0,N,SMALL_CITIES,ROAD,6,16.0
49687,6,2,174,5,3,40.0,0,N,MELB_URBAN,AVENUE,6,18.0
49688,1,1,130,5,2,80.0,0,N,MELB_URBAN,ROAD,6,18.0
49689,4,1,171,5,9,75.0,0,N,MELB_URBAN,AVENUE,6,4.0
49690,6,1,184,5,2,80.0,0,N,RURAL_VICTORIA,ROAD,6,16.0
49691,1,4,130,5,3,50.0,0,N,LARGE_PROVINCIAL_CITIES,STREET,6,6.0
49692,1,3,121,4,3,60.0,0,N,MELB_URBAN,STREET,6,22.0
49693,6,1,99,5,1,100.0,0,N,RURAL_VICTORIA,ROAD,6,14.0
49694,1,4,99,4,2,80.0,1,I,MELB_URBAN,RAMP,6,8.0
49695,1,4,134,5,1,100.0,0,N,MELB_URBAN,FREEWAY,6,12.0
49696,1,6,130,5,1,80.0,0,N,MELB_URBAN,HIGHWAY,2,9.0
49697,4,7,171,5,2,60.0,0,N,MELB_URBAN,ROAD,3,20.0
49698,1,2,111,1,3,50.0,0,I,MELB_URBAN,STREET,6,17.0
49699,1,6,130,5,1,100.0,0,N,MELB_URBAN,FREEWAY,6,15.0
49700,1,3,121,2,2,70.0,0,I,MELB_URBAN,ROAD,6,17.0
49701,4,4,171,5,1,40.0,0,N,TOWNS,STREET,6,14.0
49702,4,4,171,5,1,100.0,0,N,RURAL_VICTORIA,OTHER,6,11.0
49703,1,4,99,2,1,80.0,0,I,RURAL_VICTORIA,HIGHWAY,6,16.0
49704,8,3,174,5,1,50.0,0,N,MELB_URBAN,STREET,5,9.0
49705,1,4,113,4,3,50.0,0,I,MELB_URBAN,OTHER,6,17.0
49706,1,4,132,2,2,50.0,0,I,MELB_URBAN,STREET,6,17.0
49707,1,4,130,2,1,80.0,0,I,MELB_URBAN,STREET,6,15.0
49708,1,4,110,1,5,100.0,0,I,RURAL_VICTORIA,ROAD,6,18.0
49709,4,4,171,5,5,100.0,0,N,RURAL_VICTORIA,ROAD,6,18.0
49710,1,7,130,5,2,60.0,0,N,MELB_URBAN,ROAD,6,16.0
49711,1,4,130,5,1,60.0,0,N,MELB_URBAN,ROAD,6,15.0
49712,1,4,99,2,2,60.0,0,N,MELB_URBAN,ROAD,6,16.0
49713,1,4,110,1,3,50.0,0,I,LARGE_PROVINCIAL_CITIES,STREET,6,19.0
49714,2,4,100,5,5,60.0,0,N,MELB_URBAN,ROAD,6,19.0
49715,1,4,120,5,3,50.0,0,N,MELB_URBAN,BOULEVARD,6,22.0
49716,1,5,113,2,3,60.0,0,I,MELB_URBAN,DRIVE,4,4.0
49717,2,4,99,5,1,60.0,0,N,MELB_URBAN,ROAD,6,11.0
49718,2,3,99,5,2,50.0,0,N,TOWNS,ROAD,6,16.0
49719,1,4,130,5,2,80.0,0,N,MELB_URBAN,ROAD,6,6.0
49720,4,4,173,5,1,60.0,0,N,MELB_URBAN,HIGHWAY,6,12.0
49721,1,3,160,5,1,50.0,0,N,MELB_URBAN,DRIVE,6,13.0
49722,2,4,102,1,2,50.0,0,I,MELB_URBAN,STREET,6,8.0
49723,1,5,130,1,1,60.0,0,I,LARGE_PROVINCIAL_CITIES,STREET,6,15.0
49724,1,3,130,2,2,60.0,0,I,MELB_URBAN,ROAD,6,17.0
49725,1,3,116,1,1,60.0,0,I,MELB_URBAN,ROAD,6,7.0
49726,4,5,181,5,5,100.0,1,N,RURAL_VICTORIA,ROAD,6,6.0
49727,1,5,160,5,3,60.0,0,N,MELB_URBAN,ROAD,6,6.0
49728,1,6,130,5,1,60.0,0,N,MELB_URBAN,ROAD,6,13.0
49729,1,4,140,5,2,60.0,0,N,MELB_URBAN,STREET,6,8.0
49730,1,5,130,5,1,50.0,0,N,SMALL_CITIES,PARADE,6,9.0
49731,1,5,121,2,2,60.0,0,I,MELB_URBAN,STREET,6,8.0
49732,1,5,121,1,2,50.0,0,N,LARGE_PROVINCIAL_CITIES,STREET,6,7.0
49733,1,4,113,2,1,80.0,0,N,MELB_URBAN,ROAD,6,11.0
49734,1,6,99,1,1,60.0,0,I,MELB_URBAN,STREET,1,16.0
49735,1,5,134,2,1,60.0,0,N,MELB_URBAN,ROAD,6,12.0
49736,1,5,113,2,2,60.0,0,I,MELB_URBAN,ROAD,6,16.0
49737,1,5,132,2,1,60.0,0,I,MELB_URBAN,ROAD,6,12.0
49738,1,4,132,2,3,60.0,0,I,MELB_URBAN,ROAD,6,19.0
49739,1,2,130,5,3,50.0,0,N,MELB_URBAN,STREET,6,18.0
49740,1,5,116,2,3,50.0,0,I,MELB_URBAN,STREET,5,17.0
49741,1,4,133,5,2,70.0,0,N,MELB_URBAN,ROAD,4,17.0
49742,2,5,100,2,1,50.0,0,I,MELB_URBAN,STREET,6,13.0
49743,4,4,183,5,1,100.0,0,N,RURAL_VICTORIA,ROAD,6,15.0
49744,1,5,130,1,6,60.0,0,I,MELB_URBAN,ROAD,6,17.0
49745,1,4,120,5,5,60.0,0,N,MELB_URBAN,ROAD,6,18.0
49746,3,5,167,1,5,100.0,0,N,RURAL_VICTORIA,HIGHWAY,6,18.0
49747,1,5,132,5,3,60.0,0,N,MELB_URBAN,ROAD,6,21.0
49748,4,5,171,5,3,60.0,0,N,SMALL_CITIES,ROAD,6,19.0
49749,1,6,130,5,2,60.0,0,N,SMALL_CITIES,STREET,6,8.0
49750,1,4,110,1,3,50.0,0,I,MELB_URBAN,STREET,6,17.0
49751,4,6,183,5,5,80.0,0,N,RURAL_VICTORIA,ROAD,6,6.0
49752,1,5,130,2,3,60.0,0,I,MELB_URBAN,STREET,6,19.0
49753,1,4,130,5,3,80.0,0,N,MELB_URBAN,HIGHWAY,6,17.0
49754,1,5,120,5,1,100.0,0,N,RURAL_VICTORIA,ROAD,6,8.0
49755,8,4,174,5,2,40.0,0,N,MELB_URBAN,STREET,6,7.0
49756,1,0,110,1,1,50.0,0,I,SMALL_CITIES,STREET,6,12.0
49757,1,4,116,2,3,80.0,0,I,MELB_URBAN,ROAD,6,19.0
49758,1,4,132,5,5,100.0,0,N,RURAL_VICTORIA,ROAD,6,18.0
49759,5,5,99,5,1,50.0,0,N,RURAL_VICTORIA,ROAD,3,16.0
49760,4,5,173,5,3,100.0,0,N,MELB_URBAN,UNKNOWN,6,22.0
49761,1,6,120,2,1,60.0,0,I,MELB_URBAN,ROAD,6,10.0
49762,1,4,121,1,1,50.0,0,I,MELB_URBAN,ROAD,5,8.0
49763,1,6,160,5,1,60.0,0,N,MELB_URBAN,ROAD,6,13.0
49764,1,6,110,1,1,100.0,0,I,RURAL_VICTORIA,OTHER,6,12.0
49765,2,5,102,2,3,60.0,0,I,MELB_URBAN,HIGHWAY,6,19.0
49766,1,6,121,1,1,60.0,0,I,MELB_URBAN,ROAD,6,12.0
49767,2,6,99,5,1,40.0,0,N,TOWNS,STREET,6,15.0
49768,1,7,121,2,9,60.0,0,I,MELB_URBAN,ROAD,6,23.0
49769,1,6,121,1,2,60.0,0,I,MELB_URBAN,STREET,6,7.0
49770,1,6,130,5,1,60.0,0,N,RURAL_VICTORIA,ROAD,6,14.0
49771,1,6,140,5,1,60.0,0,N,MELB_URBAN,ROAD,6,15.0
49772,1,6,163,5,1,60.0,0,N,MELB_URBAN,STREET,6,14.0
49773,1,4,140,5,3,60.0,0,N,MELB_URBAN,ROAD,6,18.0
49774,1,6,110,1,2,50.0,0,I,TOWNS,STREET,6,16.0
49775,1,6,130,1,2,70.0,0,I,MELB_URBAN,ROAD,6,17.0
49776,1,6,110,1,2,60.0,0,I,MELB_URBAN,ROAD,6,16.0
49777,1,6,121,4,3,60.0,0,I,MELB_URBAN,RAMP,6,17.0
49778,1,5,110,1,2,50.0,0,I,MELB_URBAN,AVENUE,6,16.0
49779,1,5,132,5,2,70.0,0,N,MELB_URBAN,ROAD,6,18.0
49780,1,5,121,5,3,60.0,0,I,MELB_URBAN,ROAD,6,17.0
49781,1,5,130,4,3,60.0,0,N,TOWNS,ROAD,6,19.0
49782,4,6,173,5,3,100.0,0,N,MELB_URBAN,FREEWAY,6,19.0
49783,4,6,171,2,3,50.0,0,I,MELB_URBAN,DRIVE,6,21.0
49784,1,6,130,5,3,70.0,0,N,MELB_URBAN,ROAD,6,5.0
49785,8,6,174,2,3,60.0,0,I,MELB_URBAN,ROAD,6,18.0
49786,3,4,167,5,5,100.0,0,N,RURAL_VICTORIA,ROAD,6,5.0
49787,2,6,100,1,3,50.0,1,I,MELB_URBAN,AVENUE,6,18.0
49788,1,5,130,5,3,100.0,0,N,MELB_URBAN,FREEWAY,6,18.0
49789,1,6,110,1,3,60.0,1,I,MELB_URBAN,ROAD,6,21.0
49790,4,4,99,2,5,80.0,0,I,RURAL_VICTORIA,ROAD,6,5.0
49791,8,6,170,3,3,60.0,0,I,TOWNS,ROAD,6,23.0
49792,1,7,133,1,3,60.0,0,I,MELB_URBAN,STREET,5,19.0
49793,4,6,171,5,5,80.0,0,N,MELB_URBAN,HIGHWAY,6,5.0
49794,1,6,99,2,3,60.0,0,I,MELB_URBAN,OTHER,6,23.0
49795,1,6,160,2,3,60.0,0,N,MELB_URBAN,ROAD,6,4.0
49796,1,6,121,1,1,80.0,0,I,MELB_URBAN,OTHER,6,12.0
49797,1,7,130,1,2,70.0,0,I,MELB_URBAN,ROAD,6,8.0
49798,1,5,130,1,1,80.0,0,N,MELB_URBAN,HIGHWAY,3,12.0
49799,1,7,132,5,1,60.0,0,N,MELB_URBAN,ROAD,6,10.0
49800,1,7,99,5,2,50.0,0,N,MELB_URBAN,STREET,6,8.0
49801,1,6,121,2,1,60.0,0,I,MELB_URBAN,HIGHWAY,6,9.0
49802,3,1,167,5,2,110.0,0,N,RURAL_VICTORIA,FREEWAY,4,19.0
49803,6,7,174,1,1,50.0,0,I,TOWNS,STREET,6,12.0
49804,1,6,130,5,1,110.0,0,N,RURAL_VICTORIA,FREEWAY,6,14.0
49805,1,6,121,1,3,70.0,0,I,MELB_URBAN,HIGHWAY,6,17.0
49806,1,7,121,1,2,60.0,0,N,SMALL_CITIES,STREET,6,7.0
49807,1,4,99,1,1,70.0,0,I,MELB_URBAN,ROAD,5,14.0
49808,1,6,130,5,1,100.0,0,N,RURAL_VICTORIA,ROAD,6,10.0
49809,1,3,99,5,1,50.0,0,N,MELB_URBAN,STREET,6,10.0
49810,4,7,173,5,1,80.0,0,N,TOWNS,ROAD,6,15.0
49811,1,6,130,5,1,80.0,0,N,MELB_URBAN,ROAD,6,12.0
49812,1,7,120,2,1,60.0,1,I,MELB_URBAN,STREET,6,15.0
49813,1,7,130,5,1,50.0,0,N,MELB_URBAN,STREET,6,10.0
49814,6,6,170,5,5,100.0,0,N,RURAL_VICTORIA,ROAD,6,19.0
49815,2,7,102,5,3,40.0,0,N,MELB_URBAN,ROAD,6,19.0
49816,1,7,120,5,3,100.0,0,N,RURAL_VICTORIA,ROAD,6,19.0
49817,1,6,110,1,3,60.0,0,I,SMALL_CITIES,PARADE,6,19.0
49818,2,7,99,2,3,60.0,0,N,MELB_URBAN,ROAD,6,20.0
49819,1,7,140,5,4,70.0,0,N,MELB_URBAN,ROAD,6,23.0
49820,6,1,99,5,5,100.0,0,N,RURAL_VICTORIA,ROAD,6,3.0
49821,1,7,130,5,1,80.0,0,N,MELB_URBAN,FREEWAY,6,11.0
49822,1,2,132,2,1,60.0,0,I,MELB_URBAN,ROAD,6,13.0
49823,1,1,116,2,1,60.0,0,I,MELB_URBAN,ROAD,6,14.0
49824,4,1,173,5,6,50.0,0,N,SMALL_CITIES,OTHER,6,5.0
49825,1,5,110,1,1,50.0,0,I,LARGE_PROVINCIAL_CITIES,STREET,6,13.0
49826,1,7,110,1,1,60.0,0,I,LARGE_PROVINCIAL_CITIES,AVENUE,6,10.0
49827,1,3,130,1,2,60.0,0,N,LARGE_PROVINCIAL_CITIES,ROAD,6,17.0
49828,6,7,174,2,1,50.0,0,I,MELB_URBAN,ROAD,6,15.0
49829,1,1,147,5,1,60.0,0,N,MELB_URBAN,UNKNOWN,6,10.0
49830,2,1,102,1,1,80.0,0,I,MELB_URBAN,HIGHWAY,6,10.0
49831,1,7,121,2,1,60.0,0,I,MELB_URBAN,ROAD,6,11.0
49832,1,1,121,2,1,60.0,0,I,MELB_URBAN,ROAD,6,10.0
49833,1,3,130,1,2,60.0,0,I,MELB_URBAN,ROAD,6,16.0
49834,1,0,121,2,1,60.0,0,N,MELB_URBAN,STREET,6,12.0
49835,5,1,99,5,1,100.0,0,N,RURAL_VICTORIA,ROAD,6,11.0
49836,4,1,173,2,1,60.0,0,I,LARGE_PROVINCIAL_CITIES,ROAD,6,13.0
49837,1,2,116,4,1,70.0,0,I,MELB_URBAN,HIGHWAY,6,15.0
49838,6,1,99,5,1,100.0,0,N,RURAL_VICTORIA,ROAD,6,12.0
49839,8,7,184,5,1,100.0,0,N,RURAL_VICTORIA,ROAD,6,12.0
49840,1,3,135,1,3,70.0,0,I,MELB_URBAN,ROAD,6,1.0
49841,1,1,147,5,1,50.0,0,N,SMALL_CITIES,ROAD,6,15.0
49842,1,1,130,5,1,60.0,0,N,LARGE_PROVINCIAL_CITIES,ROAD,6,12.0
49843,1,1,134,5,2,80.0,0,N,MELB_URBAN,ROAD,6,16.0
49844,1,1,120,5,1,60.0,0,N,MELB_URBAN,STREET,6,13.0
49845,1,1,99,2,1,70.0,0,I,MELB_URBAN,ROAD,6,14.0
49846,1,1,121,5,3,70.0,0,N,MELB_URBAN,STREET,6,22.0
49847,4,2,173,5,5,100.0,0,N,RURAL_VICTORIA,ROAD,6,1.0
49848,1,1,130,4,2,60.0,0,I,MELB_URBAN,ROAD,6,17.0
49849,1,2,110,1,2,50.0,0,I,LARGE_PROVINCIAL_CITIES,ROAD,6,7.0
49850,1,2,130,1,2,60.0,0,I,MELB_URBAN,STREET,6,7.0
49851,1,2,132,2,2,100.0,0,I,RURAL_VICTORIA,HIGHWAY,6,7.0
49852,1,5,130,5,4,60.0,0,N,MELB_URBAN,ROAD,6,5.0
49853,1,2,130,5,2,80.0,0,N,MELB_URBAN,HIGHWAY,6,8.0
49854,1,4,147,5,1,60.0,0,N,MELB_URBAN,STREET,6,12.0
49855,1,2,99,2,1,60.0,0,I,MELB_URBAN,ROAD,6,9.0
49856,1,4,121,2,3,60.0,0,I,MELB_URBAN,AVENUE,6,19.0
49857,1,2,121,4,1,70.0,0,I,RURAL_VICTORIA,ROAD,6,11.0
49858,1,4,110,1,1,50.0,0,I,MELB_URBAN,STREET,6,14.0
49859,4,2,181,5,2,100.0,0,N,RURAL_VICTORIA,ROAD,6,7.0
49860,1,6,121,2,1,40.0,0,I,MELB_URBAN,STREET,6,14.0
49861,1,2,113,2,1,80.0,0,I,MELB_URBAN,ROAD,6,10.0
49862,1,1,130,5,1,60.0,0,I,MELB_URBAN,ROAD,5,15.0
49863,1,2,121,2,3,60.0,0,I,MELB_URBAN,ROAD,6,6.0
49864,1,2,130,2,1,40.0,0,I,MELB_URBAN,STREET,6,13.0
49865,1,2,120,2,1,60.0,0,N,MELB_URBAN,ROAD,6,13.0
49866,4,1,99,5,1,50.0,0,N,LARGE_PROVINCIAL_CITIES,ROAD,6,14.0
49867,1,4,130,5,3,60.0,0,I,MELB_URBAN,ROAD,6,17.0
49868,1,6,99,1,1,40.0,0,I,MELBOURNE_CBD,STREET,5,15.0
49869,1,4,130,5,1,70.0,0,N,MELB_URBAN,UNKNOWN,5,9.0
49870,1,6,130,5,2,50.0,0,N,MELB_URBAN,ROAD,6,16.0
49871,1,2,121,1,3,60.0,0,I,MELB_URBAN,STREET,6,18.0
49872,2,2,102,5,3,50.0,0,N,MELB_URBAN,STREET,6,17.0
49873,1,2,110,1,1,50.0,0,I,MELB_URBAN,STREET,6,15.0
49874,1,6,113,2,2,60.0,0,I,MELB_URBAN,ROAD,6,16.0
49875,8,2,174,2,3,60.0,0,I,MELB_URBAN,AVENUE,6,21.0
49876,6,5,170,5,2,50.0,0,N,MELB_URBAN,STREET,3,20.0
49877,6,7,99,5,5,50.0,0,N,RURAL_VICTORIA,ROAD,5,22.0
49878,1,2,110,1,1,50.0,0,I,MELB_URBAN,STREET,6,15.0
49879,4,2,171,5,3,80.0,0,N,MELB_URBAN,ROAD,6,22.0
49880,6,3,99,5,5,80.0,0,N,RURAL_VICTORIA,ROAD,6,0.0
49881,2,3,99,5,3,60.0,1,N,LARGE_PROVINCIAL_CITIES,STREET,6,0.0
49882,1,2,130,5,1,60.0,0,N,MELB_URBAN,ROAD,3,15.0
49883,6,3,99,5,2,110.0,0,N,RURAL_VICTORIA,FREEWAY,6,7.0
49884,1,5,147,5,1,60.0,0,N,MELB_URBAN,BOULEVARD,5,9.0
49885,1,2,130,1,1,80.0,0,I,MELB_URBAN,ROAD,5,12.0
49886,1,3,130,5,1,60.0,0,N,MELB_URBAN,UNKNOWN,6,10.0
49887,1,4,99,2,6,60.0,0,N,MELB_URBAN,STREET,6,20.0
49888,1,3,120,5,5,70.0,0,N,MELB_URBAN,ROAD,6,7.0
49889,4,2,171,1,3,60.0,0,I,MELB_URBAN,ROAD,6,1.0
49890,1,3,130,5,2,80.0,0,N,MELB_URBAN,ROAD,6,8.0
49891,1,7,132,2,1,80.0,0,I,TOWNS,HIGHWAY,5,15.0
49892,1,2,110,1,1,50.0,0,I,MELB_URBAN,STREET,6,11.0
49893,1,3,121,2,1,100.0,0,I,RURAL_VICTORIA,HIGHWAY,6,13.0
49894,1,3,116,1,1,100.0,0,I,RURAL_VICTORIA,FREEWAY,6,13.0
49895,1,5,121,1,3,80.0,0,I,MELB_URBAN,ROAD,6,18.0
49896,8,1,184,5,1,50.0,0,I,RURAL_VICTORIA,ROAD,5,10.0
49897,1,3,130,5,1,60.0,0,N,MELB_URBAN,STREET,6,15.0
49898,1,2,110,1,3,50.0,0,I,LARGE_PROVINCIAL_CITIES,STREET,6,18.0
49899,7,6,99,1,9,60.0,0,I,MELB_URBAN,ROAD,6,14.0
49900,1,2,147,5,3,70.0,0,N,MELB_URBAN,ROAD,6,21.0
49901,1,3,99,2,1,90.0,0,I,MELB_URBAN,ROAD,6,15.0
49902,4,3,183,5,1,70.0,0,N,RURAL_VICTORIA,ROAD,6,15.0
49903,1,2,99,5,1,60.0,0,N,MELB_URBAN,STREET,6,16.0
49904,2,3,99,5,1,50.0,0,N,TOWNS,STREET,6,15.0
49905,1,3,99,5,3,50.0,0,N,LARGE_PROVINCIAL_CITIES,STREET,6,18.0
49906,1,1,130,4,1,60.0,0,I,MELB_URBAN,RAMP,6,13.0
49907,1,2,99,2,2,80.0,0,I,MELB_URBAN,HIGHWAY,6,6.0
49908,1,2,163,5,6,60.0,0,N,MELB_URBAN,ROAD,6,18.0
49909,1,3,135,5,3,100.0,0,N,MELB_URBAN,FREEWAY,6,17.0
49910,1,3,130,5,2,100.0,0,N,MELB_URBAN,ROAD,6,16.0
49911,8,6,174,2,1,60.0,0,I,MELB_URBAN,STREET,6,15.0
49912,2,3,99,5,3,80.0,0,N,MELB_URBAN,HIGHWAY,6,20.0
49913,1,3,121,1,3,50.0,0,I,LARGE_PROVINCIAL_CITIES,STREET,6,21.0
49914,1,3,99,5,2,60.0,0,N,LARGE_PROVINCIAL_CITIES,STREET,6,17.0
49915,1,2,147,2,5,100.0,0,I,RURAL_VICTORIA,ROAD,6,19.0
49916,4,3,173,5,5,50.0,1,N,RURAL_VICTORIA,ROAD,6,17.0
49917,1,3,130,5,2,60.0,0,N,MELB_URBAN,DRIVE,3,18.0
49918,6,4,99,5,3,60.0,0,N,MELB_URBAN,ROAD,7,1.0
49919,4,6,171,1,3,60.0,0,I,RURAL_VICTORIA,ROAD,6,23.0
49920,4,3,99,2,5,100.0,0,I,RURAL_VICTORIA,ROAD,6,23.0
49921,4,4,99,5,3,60.0,0,N,LARGE_PROVINCIAL_CITIES,STREET,7,5.0
49922,1,4,130,5,2,100.0,0,N,MELB_URBAN,FREEWAY,7,7.0