,accident_type,day_of_week,dca_code,road_geometry,light_condition,speed_zone,severity,node_type,deg_urban_name,road_type,month,hour
49923,1,4,110,1,3,60.0,1,I,MELB_URBAN,ROAD,7,3.0
49924,1,2,120,5,3,60.0,0,N,LARGE_PROVINCIAL_CITIES,STREET,6,21.0
49925,6,3,170,5,1,100.0,0,N,RURAL_VICTORIA,ROAD,6,12.0
49926,1,4,110,1,1,50.0,0,I,MELB_URBAN,STREET,7,9.0
49927,1,4,99,2,1,50.0,0,N,MELB_URBAN,DRIVE,7,10.0
49928,1,4,110,1,2,50.0,0,I,MELB_URBAN,ROAD,7,7.0
49929,1,4,110,1,1,60.0,0,I,MELB_URBAN,ROAD,7,9.0
49930,1,4,116,2,1,50.0,0,I,MELB_URBAN,STREET,7,11.0
49931,1,2,147,5,1,60.0,0,N,MELB_URBAN,ROAD,6,10.0
49932,1,4,113,1,1,50.0,0,I,SMALL_CITIES,ROAD,7,12.0
49933,1,4,110,1,1,60.0,0,I,SMALL_CITIES,ROAD,7,9.0
49934,1,3,130,5,5,80.0,0,N,MELB_URBAN,ROAD,6,17.0
49935,1,5,130,2,3,60.0,0,I,MELB_URBAN,HIGHWAY,6,22.0
49936,1,4,120,5,1,80.0,0,N,MELB_URBAN,ROAD,7,13.0
49937,4,4,171,1,1,80.0,0,I,MELB_URBAN,ROAD,7,11.0
49938,2,4,99,5,1,60.0,0,N,MELB_URBAN,ROAD,7,12.0
49939,4,4,99,2,1,80.0,0,I,TOWNS,ROAD,7,13.0
49940,1,4,116,2,1,70.0,0,N,MELB_URBAN,DRIVE,7,14.0
49941,1,3,110,1,1,50.0,0,I,MELB_URBAN,STREET,7,13.0
49942,1,4,160,5,1,60.0,0,N,MELB_URBAN,ROAD,7,13.0
49943,2,4,100,1,3,40.0,0,I,MELBOURNE_CBD,STREET,7,17.0
49944,1,4,121,2,2,80.0,0,I,MELB_URBAN,OTHER,7,16.0
49945,1,4,130,2,2,60.0,0,I,MELB_URBAN,ROAD,7,16.0
49946,1,4,130,5,3,100.0,0,N,MELB_URBAN,FREEWAY,7,17.0
49947,1,2,99,5,2,50.0,0,N,MELB_URBAN,ROAD,6,8.0
49948,1,4,147,2,3,50.0,0,N,MELB_URBAN,OTHER,7,18.0
49949,1,4,130,5,3,100.0,0,I,MELB_URBAN,ROAD,6,18.0
49950,1,3,130,5,2,100.0,0,N,MELB_URBAN,ROAD,7,16.0
49951,4,4,171,5,2,60.0,0,N,LARGE_PROVINCIAL_CITIES,ROAD,7,16.0
49952,4,4,173,5,2,110.0,0,N,RURAL_VICTORIA,HIGHWAY,7,16.0
49953,1,5,130,5,2,70.0,0,N,LARGE_PROVINCIAL_CITIES,HIGHWAY,6,7.0
49954,1,4,121,2,3,80.0,0,I,MELB_URBAN,STREET,7,17.0
49955,1,4,110,1,3,50.0,0,I,LARGE_PROVINCIAL_CITIES,STREET,7,21.0
49956,4,3,181,5,5,50.0,0,N,TOWNS,ROAD,7,19.0
49957,1,4,113,2,3,80.0,0,I,MELB_URBAN,ROAD,7,19.0
49958,1,4,130,5,2,100.0,0,N,MELB_URBAN,FREEWAY,7,6.0
49959,4,4,181,5,5,60.0,0,N,MELB_URBAN,ROAD,7,21.0
49960,1,4,113,2,9,70.0,0,I,MELB_URBAN,ROAD,7,9.0
49961,1,2,121,2,1,60.0,0,N,MELB_URBAN,STREET,5,13.0
49962,1,4,130,5,5,100.0,0,N,RURAL_VICTORIA,HIGHWAY,7,6.0
49963,4,4,171,2,3,80.0,0,I,MELB_URBAN,ROAD,7,6.0
49964,4,4,173,5,9,50.0,0,N,SMALL_CITIES,STREET,7,11.0
49965,1,2,130,5,3,100.0,0,N,MELB_URBAN,FREEWAY,6,18.0
49966,1,5,116,2,2,80.0,0,I,MELB_URBAN,ROAD,7,7.0
49967,2,1,99,5,3,50.0,0,N,TOWNS,OTHER,6,18.0
49968,1,2,110,1,3,50.0,0,I,MELB_URBAN,DRIVE,6,18.0
49969,1,3,147,5,1,70.0,0,N,MELB_URBAN,ROAD,6,13.0
49970,1,4,147,5,1,60.0,0,N,MELB_URBAN,ROAD,7,11.0
49971,1,5,99,5,1,100.0,0,N,RURAL_VICTORIA,ROAD,7,10.0
49972,1,5,130,1,1,80.0,0,I,MELB_URBAN,HIGHWAY,7,11.0
49973,6,4,174,2,6,60.0,0,I,MELB_URBAN,OTHER,6,22.0
49974,1,5,133,5,1,60.0,0,N,SMALL_CITIES,STREET,7,12.0
49975,1,5,135,5,1,100.0,0,N,MELB_URBAN,FREEWAY,7,10.0
49976,6,5,99,5,1,100.0,0,N,RURAL_VICTORIA,ROAD,7,10.0
49977,1,5,99,1,6,50.0,0,I,MELB_URBAN,STREET,7,7.0
49978,1,5,110,1,2,80.0,0,I,RURAL_VICTORIA,ROAD,7,8.0
49979,1,6,130,1,1,60.0,0,I,MELB_URBAN,STREET,6,14.0
49980,1,5,99,2,1,60.0,0,I,MELB_URBAN,STREET,6,13.0
49981,1,5,147,2,1,50.0,0,I,MELB_URBAN,STREET,7,15.0
49982,1,5,160,5,1,60.0,0,N,MELB_URBAN,ROAD,7,14.0
49983,1,5,113,2,2,60.0,0,I,MELB_URBAN,STREET,7,16.0
49984,1,5,130,5,2,100.0,0,N,MELB_URBAN,FREEWAY,7,16.0
49985,1,3,147,5,1,60.0,0,N,MELB_URBAN,ROAD,6,15.0
49986,1,5,120,2,2,80.0,0,N,MELB_URBAN,ROAD,7,16.0
49987,1,5,147,5,3,60.0,0,N,MELB_URBAN,DRIVE,7,17.0
49988,2,5,102,5,3,40.0,0,N,MELB_URBAN,DRIVE,7,17.0
49989,1,5,99,5,3,50.0,0,N,LARGE_PROVINCIAL_CITIES,STREET,7,18.0
49990,1,5,120,5,1,100.0,1,N,RURAL_VICTORIA,HIGHWAY,7,14.0
49991,1,3,121,5,2,60.0,0,N,MELB_URBAN,STREET,3,17.0
49992,1,5,121,2,3,60.0,0,I,MELB_URBAN,ROAD,7,17.0
49993,4,5,183,2,3,60.0,0,I,MELB_URBAN,ROAD,7,19.0
49994,1,5,130,5,6,60.0,0,N,MELB_URBAN,STREET,7,18.0
49995,1,5,113,1,2,60.0,0,I,MELB_URBAN,STREET,6,7.0
49996,1,5,160,1,3,40.0,0,N,MELBOURNE_CBD,STREET,7,19.0
49997,2,5,99,5,1,50.0,0,N,MELB_URBAN,AVENUE,7,15.0
49998,1,5,134,5,3,80.0,0,N,MELB_URBAN,ROAD,7,20.0
49999,4,5,171,5,3,70.0,0,N,MELB_URBAN,ROAD,7,23.0
50000,2,6,100,1,2,80.0,0,I,MELB_URBAN,ROAD,7,7.0
50001,1,6,160,5,3,50.0,0,N,MELB_URBAN,ROAD,7,5.0
50002,1,6,121,1,2,80.0,0,I,MELB_URBAN,HIGHWAY,7,7.0
50003,1,6,132,2,2,60.0,0,I,TOWNS,HIGHWAY,7,7.0
50004,4,5,99,5,1,50.0,0,N,SMALL_CITIES,STREET,7,8.0
50005,1,4,113,2,5,60.0,0,I,MELB_URBAN,ROAD,7,17.0
50006,1,6,133,1,2,60.0,0,I,MELB_URBAN,STREET,7,6.0
50007,4,6,183,5,2,100.0,0,N,MELB_URBAN,RAMP,7,7.0
50008,1,2,160,5,1,40.0,0,N,MELB_URBAN,DRIVE,6,13.0
50009,6,5,99,5,5,100.0,0,N,RURAL_VICTORIA,ROAD,7,21.0
50010,1,6,121,2,1,80.0,0,I,MELB_URBAN,HIGHWAY,7,9.0
50011,1,6,99,5,5,50.0,0,I,MELB_URBAN,STREET,7,6.0
50012,4,5,171,5,5,100.0,0,N,RURAL_VICTORIA,ROAD,7,21.0
50013,4,6,171,2,1,50.0,0,I,LARGE_PROVINCIAL_CITIES,AVENUE,7,11.0
50014,4,6,183,5,2,100.0,0,N,RURAL_VICTORIA,ROAD,7,6.0
50015,1,6,99,1,1,40.0,0,I,MELB_URBAN,BOULEVARD,7,10.0
50016,1,6,134,5,1,100.0,0,N,MELB_URBAN,FREEWAY,7,11.0
50017,1,6,113,2,2,50.0,0,I,MELB_URBAN,STREET,6,17.0
50018,1,6,130,5,1,60.0,0,N,MELB_URBAN,ROAD,5,13.0
50019,1,5,130,1,1,70.0,0,I,MELB_URBAN,ROAD,7,10.0
50020,1,6,121,2,1,60.0,0,I,MELB_URBAN,ROAD,7,13.0
50021,1,6,121,2,1,60.0,0,I,MELB_URBAN,ROAD,7,10.0
50022,7,6,99,5,1,60.0,0,N,MELB_URBAN,HIGHWAY,7,12.0
50023,1,6,110,1,1,70.0,0,I,TOWNS,OTHER,7,13.0
50024,2,6,100,1,1,40.0,0,I,MELB_URBAN,STREET,7,14.0
50025,1,6,130,5,1,60.0,0,N,SMALL_CITIES,RAMP,7,13.0
50026,1,4,130,2,3,50.0,0,N,MELB_URBAN,STREET,7,18.0
50027,2,5,102,2,2,40.0,0,N,MELB_URBAN,STREET,7,16.0
50028,1,5,133,5,1,100.0,0,N,MELB_URBAN,ROAD,7,14.0
50029,3,6,167,5,5,100.0,0,N,RURAL_VICTORIA,ROAD,7,18.0
50030,3,6,167,5,3,60.0,0,N,RURAL_VICTORIA,BOULEVARD,7,18.0
50031,2,5,102,5,1,50.0,0,N,MELB_URBAN,ROAD,7,10.0
50032,1,6,140,5,3,40.0,0,N,MELB_URBAN,STREET,7,18.0
50033,1,5,130,5,5,80.0,0,N,RURAL_VICTORIA,HIGHWAY,7,18.0
50034,1,5,99,2,1,50.0,0,I,MELB_URBAN,ROAD,5,12.0
50035,1,6,99,1,3,60.0,0,I,SMALL_CITIES,ROAD,7,17.0
50036,1,6,99,4,1,60.0,1,I,TOWNS,ROAD,7,15.0
50037,1,6,130,4,3,60.0,0,N,MELB_URBAN,FREEWAY,7,18.0
50038,8,7,170,5,1,60.0,0,N,RURAL_VICTORIA,OTHER,5,15.0
50039,1,5,130,5,1,100.0,0,N,MELB_URBAN,ROAD,7,15.0
50040,1,6,113,2,3,80.0,0,N,MELB_URBAN,ROAD,7,20.0
50041,1,7,140,1,3,40.0,0,I,MELBOURNE_CBD,STREET,7,2.0
50042,1,6,121,1,3,60.0,0,I,MELB_URBAN,STREET,7,21.0
50043,1,6,99,5,3,100.0,0,N,MELB_URBAN,FREEWAY,7,23.0
50044,1,6,121,2,1,60.0,0,I,MELB_URBAN,ROAD,7,10.0
50045,1,5,99,2,2,60.0,0,I,MELB_URBAN,OTHER,6,8.0
50046,4,7,171,1,3,60.0,0,I,MELB_URBAN,ROAD,7,6.0
50047,1,7,121,1,3,60.0,0,I,MELBOURNE_CBD,OTHER,7,5.0
50048,1,7,147,5,1,80.0,0,N,MELB_URBAN,ROAD,7,9.0
50049,4,7,181,5,5,60.0,0,N,RURAL_VICTORIA,STREET,7,4.0
50050,4,7,171,5,1,80.0,0,N,MELB_URBAN,ROAD,7,10.0
50051,8,6,174,5,1,110.0,0,N,RURAL_VICTORIA,HIGHWAY,7,10.0
50052,4,7,181,5,1,100.0,0,N,RURAL_VICTORIA,ROAD,7,10.0
50053,1,7,130,5,1,80.0,0,I,MELB_URBAN,FREEWAY,7,12.0
50054,1,7,110,1,1,60.0,0,I,MELB_URBAN,STREET,7,12.0
50055,1,3,132,5,2,80.0,0,N,MELB_URBAN,STREET,6,16.0
50056,1,6,116,2,3,60.0,0,I,MELB_URBAN,ROAD,6,17.0
50057,1,7,132,2,1,60.0,0,I,MELB_URBAN,ROAD,7,11.0
50058,1,6,110,1,1,60.0,0,I,SMALL_CITIES,AVENUE,7,10.0
50059,1,2,135,2,1,70.0,0,I,MELB_URBAN,ROAD,6,15.0
50060,1,7,134,5,1,60.0,0,N,MELB_URBAN,STREET,7,10.0
50061,4,7,173,5,1,100.0,0,N,RURAL_VICTORIA,ROAD,7,11.0
50062,1,3,110,1,9,50.0,0,I,LARGE_PROVINCIAL_CITIES,STREET,5,16.0
50063,4,6,171,2,1,50.0,0,I,MELB_URBAN,OTHER,7,8.0
50064,3,1,167,5,5,100.0,0,N,RURAL_VICTORIA,ROAD,6,19.0
50065,4,4,183,5,1,60.0,0,N,RURAL_VICTORIA,ROAD,7,14.0
50066,1,7,113,2,1,80.0,0,I,MELB_URBAN,ROAD,7,14.0
50067,2,7,99,5,1,60.0,0,N,MELB_URBAN,STREET,7,14.0
50068,8,6,174,5,1,50.0,0,N,MELB_URBAN,PARADE,7,16.0
50069,4,7,171,5,2,100.0,0,N,RURAL_VICTORIA,ROAD,7,16.0
50070,1,7,133,5,1,110.0,1,N,RURAL_VICTORIA,FREEWAY,7,12.0
50071,1,7,99,2,3,60.0,0,I,MELB_URBAN,ROAD,7,18.0
50072,1,7,113,1,2,60.0,0,I,TOWNS,OTHER,7,4.0
50073,1,6,113,1,3,70.0,0,I,LARGE_PROVINCIAL_CITIES,HIGHWAY,7,18.0
50074,1,7,99,5,3,50.0,0,N,LARGE_PROVINCIAL_CITIES,STREET,7,19.0
50075,4,7,171,5,3,40.0,0,N,SMALL_CITIES,STREET,7,21.0
50076,4,7,171,5,5,80.0,0,N,MELB_URBAN,ROAD,7,20.0
50077,1,7,121,2,3,80.0,0,I,MELB_URBAN,ROAD,7,23.0
50078,2,7,99,1,3,70.0,0,I,MELB_URBAN,ROAD,7,20.0
50079,1,6,120,5,3,50.0,0,N,MELB_URBAN,ROAD,7,23.0
50080,1,7,120,2,3,50.0,0,I,MELB_URBAN,BOULEVARD,7,22.0
50081,4,1,181,5,5,100.0,1,N,RURAL_VICTORIA,HIGHWAY,7,1.0
50082,4,1,173,1,3,60.0,0,I,MELB_URBAN,OTHER,7,4.0
50083,1,1,120,5,5,80.0,0,N,RURAL_VICTORIA,ROAD,7,4.0
50084,4,1,183,5,3,60.0,0,N,SMALL_CITIES,DRIVE,7,5.0
50085,8,7,99,6,1,60.0,0,N,MELB_URBAN,ROAD,6,12.0
50086,1,1,110,1,1,60.0,0,I,MELB_URBAN,ROAD,7,9.0
50087,1,6,113,2,1,60.0,0,I,MELB_URBAN,ROAD,6,14.0
50088,1,1,140,2,1,50.0,0,N,LARGE_PROVINCIAL_CITIES,ROAD,7,10.0
50089,1,7,132,5,3,80.0,0,N,MELB_URBAN,STREET,7,20.0
50090,8,1,170,5,1,50.0,0,N,LARGE_PROVINCIAL_CITIES,OTHER,7,12.0
50091,1,0,121,2,1,60.0,0,I,MELB_URBAN,BOULEVARD,7,11.0
50092,1,1,99,5,1,50.0,0,N,MELB_URBAN,ROAD,7,14.0
50093,1,1,110,1,1,50.0,0,I,MELB_URBAN,STREET,7,14.0
50094,1,1,121,5,1,60.0,0,N,MELB_URBAN,ROAD,7,13.0
50095,6,1,99,5,1,60.0,0,N,RURAL_VICTORIA,ROAD,7,11.0
50096,1,1,121,2,1,80.0,0,I,MELB_URBAN,HIGHWAY,7,15.0
50097,1,1,113,2,2,50.0,0,I,MELB_URBAN,STREET,7,8.0
50098,1,1,130,5,2,60.0,0,N,MELB_URBAN,STREET,7,16.0
50099,1,1,130,2,1,80.0,0,I,RURAL_VICTORIA,HIGHWAY,7,15.0
50100,1,1,130,5,2,60.0,0,N,MELB_URBAN,ROAD,7,19.0
50101,1,0,110,1,3,50.0,0,I,MELB_URBAN,AVENUE,7,20.0
50102,1,2,130,5,3,100.0,0,N,MELB_URBAN,UNKNOWN,7,0.0
50103,1,1,110,1,3,70.0,0,I,MELB_URBAN,ROAD,7,23.0
50104,4,1,173,5,1,100.0,0,N,RURAL_VICTORIA,HIGHWAY,7,11.0
50105,8,1,174,5,3,60.0,0,N,MELB_URBAN,ROAD,7,6.0
50106,6,1,184,5,2,80.0,0,N,RURAL_VICTORIA,ROAD,6,16.0
50107,1,2,130,1,3,60.0,0,I,MELB_URBAN,HIGHWAY,7,6.0
50108,1,1,110,1,3,60.0,0,I,MELB_URBAN,ROAD,7,20.0
50109,4,6,171,5,3,50.0,0,N,MELB_URBAN,BOULEVARD,7,23.0
50110,8,0,174,1,1,60.0,0,I,MELB_URBAN,ROAD,7,12.0
50111,6,6,99,5,5,100.0,0,N,RURAL_VICTORIA,HIGHWAY,7,23.0
50112,1,4,140,5,9,50.0,0,N,MELB_URBAN,STREET,6,14.0
50113,1,6,130,1,2,80.0,0,I,MELB_URBAN,HIGHWAY,7,6.0
50114,2,2,102,1,2,80.0,0,I,MELB_URBAN,ROAD,7,7.0
50115,4,2,181,5,2,100.0,0,N,RURAL_VICTORIA,ROAD,7,8.0
50116,1,1,132,2,1,50.0,0,I,MELB_URBAN,OTHER,7,12.0
50117,1,2,110,1,1,50.0,0,I,LARGE_PROVINCIAL_CITIES,STREET,7,9.0
50118,4,7,171,5,3,60.0,0,N,MELB_URBAN,STREET,7,23.0
50119,1,6,113,2,1,60.0,0,I,MELB_URBAN,ROAD,4,18.0
50120,1,6,116,2,2,40.0,0,I,MELB_URBAN,STREET,6,16.0
50121,4,2,171,5,5,100.0,0,N,RURAL_VICTORIA,HIGHWAY,7,7.0
50122,1,0,110,1,3,50.0,0,I,SMALL_CITIES,STREET,6,18.0
50123,2,2,102,1,1,60.0,0,I,MELB_URBAN,ROAD,7,14.0
50124,4,2,173,2,1,40.0,0,N,MELB_URBAN,STREET,7,14.0
50125,1,2,160,5,1,40.0,0,N,MELB_URBAN,ROAD,7,9.0
50126,7,7,99,5,6,60.0,0,N,RURAL_VICTORIA,DRIVE,6,21.0
50127,1,1,130,5,1,50.0,0,N,MELB_URBAN,STREET,7,14.0
50128,4,5,183,5,5,60.0,0,N,SMALL_TOWNS,ROAD,7,21.0
50129,4,2,173,5,1,100.0,0,N,RURAL_VICTORIA,ROAD,7,15.0
50130,7,4,99,4,1,60.0,0,I,MELB_URBAN,STREET,6,13.0
50131,1,2,110,1,2,50.0,0,I,TOWNS,STREET,7,16.0
50132,1,2,121,4,1,60.0,0,N,MELB_URBAN,ROAD,7,15.0
50133,1,2,99,2,9,50.0,0,I,MELB_URBAN,DRIVE,7,12.0
50134,1,6,110,1,2,60.0,0,I,RURAL_VICTORIA,ROAD,7,6.0
50135,1,2,99,1,1,50.0,0,I,SMALL_CITIES,STREET,7,16.0
50136,1,2,130,5,1,100.0,0,N,MELB_URBAN,FREEWAY,7,9.0
50137,1,2,147,5,2,60.0,0,N,MELB_URBAN,ROAD,7,17.0
50138,4,2,183,5,2,100.0,0,N,RURAL_VICTORIA,ROAD,7,16.0
50139,2,2,102,2,3,50.0,0,I,MELB_URBAN,STREET,7,18.0
50140,1,2,121,1,2,60.0,0,I,MELB_URBAN,ROAD,7,17.0
50141,2,2,102,2,3,50.0,0,I,LARGE_PROVINCIAL_CITIES,AVENUE,7,17.0
50142,4,2,183,2,2,60.0,0,I,RURAL_VICTORIA,ROAD,7,16.0
50143,6,2,99,1,3,80.0,0,I,MELB_URBAN,ROAD,7,5.0
50144,4,2,171,5,3,50.0,0,N,MELB_URBAN,OTHER,7,20.0
50145,1,2,110,1,3,60.0,0,I,MELB_URBAN,STREET,7,21.0
50146,2,2,99,5,2,60.0,0,N,MELB_URBAN,ROAD,7,17.0
50147,2,2,100,1,3,50.0,0,I,LARGE_PROVINCIAL_CITIES,STREET,7,0.0
50148,1,4,130,5,3,60.0,0,N,MELB_URBAN,STREET,5,22.0
50149,1,2,130,1,3,80.0,0,I,LARGE_PROVINCIAL_CITIES,HIGHWAY,7,5.0
50150,8,3,174,5,3,60.0,0,N,MELB_URBAN,STREET,7,7.0
50151,1,5,130,1,1,50.0,0,I,SMALL_CITIES,STREET,7,11.0
50152,2,2,99,5,5,80.0,0,N,RURAL_VICTORIA,ROAD,6,17.0
50153,1,2,130,2,1,50.0,0,N,MELB_URBAN,STREET,7,9.0
50154,1,3,121,1,1,70.0,0,I,MELB_URBAN,ROAD,7,9.0
50155,1,3,110,1,1,70.0,0,N,MELB_URBAN,ROAD,7,9.0
50156,1,5,110,1,1,50.0,0,I,LARGE_PROVINCIAL_CITIES,STREET,7,10.0
50157,1,3,99,1,1,60.0,0,I,LARGE_PROVINCIAL_CITIES,STREET,7,10.0
50158,1,5,140,1,1,60.0,0,I,LARGE_PROVINCIAL_CITIES,STREET,3,15.0
50159,1,6,163,5,1,40.0,0,N,MELBOURNE_CBD,STREET,6,13.0
50160,1,3,147,5,2,50.0,0,N,SMALL_CITIES,STREET,7,8.0
50161,1,6,130,5,1,60.0,0,N,MELB_URBAN,STREET,4,16.0
50162,4,4,183,5,3,60.0,0,N,MELB_URBAN,STREET,7,19.0
50163,1,3,147,5,9,60.0,0,N,MELB_URBAN,ROAD,6,8.0
50164,1,3,135,5,1,50.0,0,N,LARGE_PROVINCIAL_CITIES,STREET,7,13.0
50165,1,2,121,1,3,60.0,0,I,MELB_URBAN,ROAD,7,20.0
50166,1,1,140,2,2,60.0,0,I,MELB_URBAN,ROAD,7,8.0
50167,1,2,110,1,1,50.0,0,I,MELB_URBAN,ROAD,7,13.0
50168,1,3,110,1,1,60.0,0,I,MELB_URBAN,STREET,7,12.0
50169,6,3,99,5,2,100.0,0,N,RURAL_VICTORIA,ROAD,7,8.0
50170,4,3,173,1,9,70.0,0,I,MELB_URBAN,ROAD,6,9.0
50171,1,3,132,2,1,60.0,0,I,MELB_URBAN,STREET,7,14.0
50172,2,3,100,1,1,60.0,0,I,MELB_URBAN,STREET,7,10.0
50173,4,3,173,5,1,60.0,0,N,RURAL_VICTORIA,OTHER,7,14.0
50174,8,2,170,5,1,60.0,0,N,LARGE_PROVINCIAL_CITIES,AVENUE,7,14.0
50175,8,7,174,5,1,60.0,0,N,RURAL_VICTORIA,OTHER,5,10.0
50176,2,3,102,5,2,50.0,0,N,MELB_URBAN,OTHER,7,17.0
50177,1,3,113,2,2,70.0,0,I,MELB_URBAN,ROAD,7,17.0
50178,2,3,100,5,1,50.0,0,N,MELB_URBAN,STREET,7,14.0
50179,4,3,181,5,1,100.0,1,N,RURAL_VICTORIA,HIGHWAY,7,15.0
50180,1,3,121,2,2,100.0,0,I,RURAL_VICTORIA,HIGHWAY,7,17.0
50181,1,3,132,5,1,60.0,0,N,TOWNS,HIGHWAY,7,15.0
50182,6,3,174,5,3,50.0,0,N,MELB_URBAN,STREET,7,17.0
50183,1,7,130,1,1,60.0,0,I,MELB_URBAN,STREET,4,13.0
50184,1,3,110,1,1,50.0,0,I,MELB_URBAN,STREET,7,14.0
50185,1,3,121,1,2,80.0,0,I,MELB_URBAN,ROAD,7,18.0
50186,1,6,147,5,3,40.0,0,N,MELB_URBAN,DRIVE,6,21.0
50187,4,3,173,5,5,100.0,0,N,RURAL_VICTORIA,ROAD,7,21.0
50188,4,2,173,5,5,100.0,0,N,RURAL_VICTORIA,FREEWAY,7,22.0
50189,1,2,132,5,4,60.0,0,N,MELB_URBAN,ROAD,7,20.0
50190,1,3,171,5,2,80.0,0,N,MELB_URBAN,ROAD,7,8.0
50191,1,4,113,2,2,60.0,0,I,SMALL_CITIES,AVENUE,7,7.0
50192,4,4,183,5,5,100.0,0,N,RURAL_VICTORIA,ROAD,7,6.0
50193,1,1,110,1,3,80.0,0,I,MELB_URBAN,HIGHWAY,7,21.0
50194,1,4,130,1,2,80.0,0,I,MELB_URBAN,ROAD,7,6.0
50195,1,7,132,2,9,60.0,0,I,MELB_URBAN,ROAD,7,19.0
50196,8,4,170,5,3,60.0,0,N,MELB_URBAN,ROAD,6,21.0
50197,2,4,100,2,1,50.0,0,I,LARGE_PROVINCIAL_CITIES,STREET,7,10.0
50198,1,3,99,1,1,60.0,0,I,MELB_URBAN,ROAD,7,11.0
50199,8,6,99,2,1,50.0,0,I,MELB_URBAN,OTHER,7,14.0
50200,4,7,173,5,2,100.0,0,N,MELB_URBAN,UNKNOWN,6,16.0
50201,1,4,130,5,1,70.0,0,N,MELB_URBAN,STREET,7,10.0
50202,2,4,100,1,1,60.0,0,I,SMALL_CITIES,STREET,7,11.0
50203,4,4,171,5,1,80.0,0,N,RURAL_VICTORIA,ROAD,7,11.0
50204,1,4,99,2,1,50.0,0,I,MELB_URBAN,STREET,7,12.0
50205,6,4,99,5,1,100.0,0,N,RURAL_VICTORIA,HIGHWAY,7,9.0
50206,1,4,99,5,1,60.0,0,N,TOWNS,AVENUE,7,13.0
50207,1,4,120,5,1,100.0,0,N,RURAL_VICTORIA,HIGHWAY,7,12.0
50208,1,4,130,2,1,60.0,0,I,MELB_URBAN,ROAD,7,13.0
50209,2,4,99,5,1,60.0,0,N,MELBOURNE_CBD,STREET,7,14.0
50210,6,1,99,4,1,60.0,0,I,RURAL_VICTORIA,ROAD,6,12.0
50211,1,4,120,5,1,100.0,0,N,RURAL_VICTORIA,HIGHWAY,7,11.0
50212,1,4,121,5,1,60.0,0,N,MELB_URBAN,STREET,7,13.0
50213,1,3,99,5,1,60.0,0,N,MELB_URBAN,ROAD,7,14.0
50214,1,4,116,1,1,50.0,0,I,LARGE_PROVINCIAL_CITIES,STREET,7,14.0
50215,1,4,121,1,2,60.0,0,I,MELB_URBAN,STREET,7,17.0
50216,1,4,121,2,1,70.0,0,I,MELB_URBAN,ROAD,7,12.0
50217,1,4,130,5,2,100.0,0,N,MELB_URBAN,ROAD,7,16.0
50218,1,3,110,1,1,60.0,0,I,MELB_URBAN,BOULEVARD,7,12.0
50219,5,1,99,5,1,60.0,0,N,RURAL_VICTORIA,OTHER,5,15.0
50220,4,1,181,5,2,50.0,0,N,LARGE_PROVINCIAL_CITIES,STREET,5,16.0
50221,1,4,121,2,2,50.0,0,I,MELB_URBAN,ROAD,7,17.0
50222,4,1,171,2,3,50.0,0,I,MELB_URBAN,STREET,6,19.0
50223,1,4,120,5,1,60.0,0,N,LARGE_PROVINCIAL_CITIES,STREET,7,13.0
50224,1,4,130,5,3,100.0,0,N,MELB_URBAN,RAMP,7,18.0
50225,4,3,99,1,2,50.0,0,I,MELB_URBAN,AVENUE,7,17.0
50226,4,3,171,5,2,60.0,0,N,RURAL_VICTORIA,HIGHWAY,7,16.0
50227,1,4,133,5,2,60.0,0,N,MELB_URBAN,ROAD,7,16.0
50228,1,3,130,2,1,50.0,0,I,LARGE_PROVINCIAL_CITIES,STREET,7,15.0
50229,4,3,181,5,5,80.0,0,N,RURAL_VICTORIA,ROAD,7,19.0
50230,1,4,130,1,2,70.0,0,I,MELB_URBAN,ROAD,7,16.0
50231,1,5,132,2,3,60.0,0,I,MELB_URBAN,ROAD,7,17.0
50232,1,4,130,5,2,60.0,0,N,SMALL_CITIES,STREET,7,16.0
50233,1,4,130,5,2,100.0,0,N,MELB_URBAN,ROAD,7,18.0
50234,1,4,121,2,3,100.0,0,I,RURAL_VICTORIA,HIGHWAY,7,19.0
50235,2,4,102,5,2,40.0,0,N,MELB_URBAN,ROAD,7,18.0
50236,1,3,120,5,1,50.0,0,N,MELB_URBAN,OTHER,7,14.0
50237,1,6,147,2,1,60.0,0,I,MELB_URBAN,ROAD,7,15.0
50238,1,4,140,4,3,80.0,0,I,MELB_URBAN,STREET,7,5.0
50239,4,5,171,5,5,60.0,0,N,RURAL_VICTORIA,ROAD,7,3.0
50240,6,5,170,5,3,110.0,0,N,SMALL_CITIES,RAMP,7,6.0
50241,1,4,163,5,6,50.0,0,N,MELB_URBAN,STREET,7,17.0
50242,2,4,99,5,5,50.0,0,N,RURAL_VICTORIA,ROAD,6,17.0
50243,4,4,171,2,2,50.0,0,I,MELB_URBAN,ROAD,7,16.0
50244,1,5,130,5,1,70.0,0,N,RURAL_VICTORIA,ROAD,7,15.0
50245,4,5,171,5,1,100.0,0,N,TOWNS,AVENUE,7,10.0
50246,1,7,130,5,3,60.0,0,N,MELB_URBAN,STREET,7,18.0
50247,1,5,147,5,1,60.0,0,N,MELB_URBAN,ROAD,7,12.0
50248,5,6,99,5,1,60.0,0,N,RURAL_VICTORIA,OTHER,5,13.0
50249,6,5,99,5,5,100.0,0,N,RURAL_VICTORIA,ROAD,7,22.0
50250,1,5,120,5,1,50.0,0,N,RURAL_VICTORIA,ROAD,7,13.0
50251,1,5,147,5,1,60.0,0,N,MELB_URBAN,ROAD,7,15.0
50252,1,5,132,5,1,60.0,0,I,MELB_URBAN,ROAD,7,13.0
50253,1,4,134,5,1,80.0,0,N,MELB_URBAN,HIGHWAY,7,14.0