,accident_type,day_of_week,dca_code,road_geometry,light_condition,speed_zone,severity,node_type,deg_urban_name,road_type,month,hour
50254,1,5,99,5,1,50.0,0,N,MELB_URBAN,STREET,7,15.0
50255,1,3,130,5,1,60.0,0,N,MELB_URBAN,STREET,6,14.0
50256,1,3,147,5,2,60.0,0,N,MELB_URBAN,OTHER,7,7.0
50257,1,4,130,5,2,60.0,0,N,MELB_URBAN,ROAD,7,16.0
50258,1,5,113,2,1,50.0,0,I,MELB_URBAN,AVENUE,7,15.0
50259,4,5,173,2,1,75.0,0,I,MELB_URBAN,HIGHWAY,7,14.0
50260,1,5,120,5,1,100.0,0,N,RURAL_VICTORIA,ROAD,7,15.0
50261,1,3,163,5,1,60.0,0,N,MELB_URBAN,ROAD,7,15.0
50262,1,5,113,2,3,60.0,0,I,MELB_URBAN,STREET,7,17.0
50263,1,5,121,1,2,80.0,0,I,MELB_URBAN,ROAD,7,17.0
50264,1,5,140,2,1,60.0,0,I,MELB_URBAN,STREET,7,14.0
50265,1,4,110,1,1,50.0,0,I,SMALL_TOWNS,STREET,7,15.0
50266,1,4,113,2,3,60.0,0,I,MELB_URBAN,ROAD,7,18.0
50267,6,1,184,5,9,80.0,0,N,RURAL_VICTORIA,ROAD,7,11.0
50268,1,3,110,1,9,60.0,0,I,RURAL_VICTORIA,ROAD,5,17.0
50269,1,4,110,1,2,100.0,0,I,RURAL_VICTORIA,HIGHWAY,7,16.0
50270,1,5,121,4,3,60.0,0,I,MELB_URBAN,ROAD,7,20.0
50271,2,5,100,1,3,40.0,0,I,MELB_URBAN,ROAD,7,17.0
50272,1,5,121,1,2,60.0,0,I,MELB_URBAN,ROAD,7,18.0
50273,1,5,121,2,3,60.0,0,I,MELB_URBAN,STREET,7,21.0
50274,3,6,167,5,5,80.0,0,N,RURAL_VICTORIA,ROAD,7,4.0
50275,1,6,110,1,2,60.0,0,I,SMALL_CITIES,STREET,7,7.0
50276,2,4,99,5,2,60.0,0,N,MELB_URBAN,ROAD,7,8.0
50277,1,5,121,1,3,60.0,0,I,MELB_URBAN,HIGHWAY,7,21.0
50278,1,5,132,5,1,60.0,0,N,MELB_URBAN,ROAD,7,12.0
50279,1,6,130,5,2,60.0,0,N,MELB_URBAN,ROAD,7,8.0
50280,4,6,171,5,2,50.0,0,N,MELB_URBAN,ROAD,7,7.0
50281,2,6,99,5,1,50.0,0,N,LARGE_PROVINCIAL_CITIES,STREET,7,10.0
50282,3,5,167,5,5,80.0,0,N,RURAL_VICTORIA,ROAD,9,23.0
50283,4,5,183,5,1,80.0,0,N,RURAL_VICTORIA,ROAD,7,8.0
50284,2,6,102,1,1,60.0,0,I,MELB_URBAN,STREET,7,9.0
50285,1,5,130,5,1,80.0,0,N,MELB_URBAN,UNKNOWN,7,11.0
50286,2,6,99,2,2,60.0,0,I,MELB_URBAN,ROAD,7,8.0
50287,6,3,99,5,1,80.0,0,N,MELB_URBAN,ROAD,6,11.0
50288,1,6,113,2,1,60.0,0,I,MELB_URBAN,ROAD,7,12.0
50289,1,6,130,5,1,60.0,0,N,MELB_URBAN,ROAD,7,12.0
50290,1,6,140,4,1,70.0,0,N,MELB_URBAN,HIGHWAY,7,12.0
50291,1,6,130,5,1,50.0,0,N,MELB_URBAN,STREET,7,12.0
50292,1,6,121,5,1,60.0,0,N,MELB_URBAN,ROAD,7,13.0
50293,1,5,113,2,1,60.0,0,I,MELB_URBAN,ROAD,7,13.0
50294,1,6,113,2,1,60.0,0,I,MELB_URBAN,STREET,7,11.0
50295,6,6,174,2,1,50.0,0,I,MELB_URBAN,DRIVE,6,12.0
50296,1,2,130,1,2,50.0,0,I,MELB_URBAN,PARADE,7,7.0
50297,1,6,130,2,1,60.0,0,I,MELB_URBAN,ROAD,6,15.0
50298,1,6,120,2,1,50.0,0,I,MELB_URBAN,DRIVE,7,10.0
50299,6,6,99,5,2,100.0,0,N,RURAL_VICTORIA,ROAD,7,7.0
50300,1,6,110,1,1,60.0,0,I,MELB_URBAN,ROAD,7,11.0
50301,6,5,99,5,1,100.0,0,N,RURAL_VICTORIA,OTHER,7,12.0
50302,1,5,130,2,2,60.0,0,I,MELB_URBAN,ROAD,7,7.0
50303,1,5,130,3,1,50.0,0,I,LARGE_PROVINCIAL_CITIES,STREET,7,15.0
50304,6,5,174,1,2,60.0,0,I,LARGE_PROVINCIAL_CITIES,STREET,7,16.0
50305,1,0,130,5,1,60.0,0,N,MELB_URBAN,ROAD,5,14.0
50306,1,1,160,5,1,50.0,0,N,SMALL_CITIES,DRIVE,5,15.0
50307,4,6,181,5,2,80.0,0,N,RURAL_VICTORIA,ROAD,7,16.0
50308,1,5,163,5,6,50.0,0,N,MELB_URBAN,STREET,7,17.0
50309,1,6,111,4,1,80.0,0,I,MELB_URBAN,ROAD,7,14.0
50310,1,6,121,2,3,80.0,0,I,MELB_URBAN,ROAD,7,17.0
50311,2,6,100,2,3,50.0,0,I,MELB_URBAN,ROAD,7,18.0
50312,1,5,130,5,3,100.0,0,N,MELB_URBAN,FREEWAY,7,17.0
50313,1,5,130,5,1,100.0,0,N,MELB_URBAN,FREEWAY,7,17.0
50314,6,6,99,1,5,100.0,0,I,TOWNS,ROAD,7,20.0
50315,4,6,173,5,5,100.0,0,N,MELB_URBAN,FREEWAY,7,20.0
50316,1,6,110,1,5,100.0,0,I,RURAL_VICTORIA,ROAD,7,18.0
50317,1,3,110,1,1,60.0,0,I,SMALL_CITIES,STREET,6,10.0
50318,1,6,121,1,3,40.0,0,I,MELB_URBAN,ROAD,7,22.0
50319,1,2,147,2,2,70.0,0,I,RURAL_VICTORIA,OTHER,5,7.0
50320,1,7,130,5,3,80.0,0,N,MELB_URBAN,UNKNOWN,7,1.0
50321,1,6,121,4,3,80.0,0,I,MELB_URBAN,HIGHWAY,7,23.0
50322,1,3,99,2,3,60.0,0,N,MELB_URBAN,ROAD,7,6.0
50323,1,5,147,5,1,50.0,0,N,MELB_URBAN,OTHER,6,12.0
50324,4,7,173,5,3,60.0,0,N,SMALL_CITIES,STREET,7,5.0
50325,1,7,111,2,3,80.0,0,I,MELB_URBAN,FREEWAY,7,6.0
50326,1,7,130,5,3,60.0,0,N,MELB_URBAN,ROAD,7,6.0
50327,1,6,130,5,1,80.0,0,N,RURAL_VICTORIA,ROAD,7,12.0
50328,1,4,121,1,2,60.0,0,I,MELB_URBAN,STREET,6,17.0
50329,1,7,113,2,1,80.0,0,I,MELB_URBAN,ROAD,7,10.0
50330,1,7,110,1,1,40.0,0,I,SMALL_CITIES,STREET,7,11.0
50331,1,7,121,4,1,70.0,0,I,MELB_URBAN,RAMP,7,10.0
50332,1,0,133,5,3,40.0,0,N,MELB_URBAN,ROAD,6,20.0
50333,8,6,174,2,2,50.0,0,I,MELB_URBAN,DRIVE,6,8.0
50334,4,7,173,5,1,70.0,0,N,MELB_URBAN,ROAD,7,14.0
50335,1,7,121,1,1,60.0,0,I,MELB_URBAN,ROAD,7,14.0
50336,8,7,174,5,1,60.0,0,I,RURAL_VICTORIA,ROAD,7,9.0
50337,1,7,130,1,3,60.0,0,I,MELB_URBAN,STREET,7,21.0
50338,4,7,173,5,1,110.0,0,N,RURAL_VICTORIA,FREEWAY,7,14.0
50339,1,7,99,2,1,100.0,0,I,RURAL_VICTORIA,HIGHWAY,7,13.0
50340,8,6,174,5,3,40.0,0,N,MELBOURNE_CBD,STREET,7,21.0
50341,1,7,120,5,5,100.0,0,N,RURAL_VICTORIA,ROAD,7,17.0
50342,4,1,171,5,6,60.0,0,N,MELB_URBAN,ROAD,6,22.0
50343,8,7,99,5,5,100.0,0,N,RURAL_VICTORIA,ROAD,7,17.0
50344,1,6,130,5,1,60.0,0,N,MELB_URBAN,ROAD,7,10.0
50345,1,6,132,1,2,60.0,0,I,MELB_URBAN,ROAD,6,8.0
50346,4,7,181,5,5,100.0,0,N,RURAL_VICTORIA,ROAD,7,22.0
50347,2,6,99,5,3,40.0,0,N,MELBOURNE_CBD,OTHER,7,21.0
50348,6,7,99,5,5,100.0,0,N,RURAL_VICTORIA,ROAD,7,22.0
50349,4,7,171,5,5,100.0,1,N,RURAL_VICTORIA,ROAD,7,21.0
50350,4,3,171,5,5,100.0,0,N,RURAL_VICTORIA,ROAD,7,23.0
50351,2,1,102,5,5,30.0,0,N,TOWNS,STREET,7,2.0
50352,1,7,121,1,3,60.0,0,I,MELB_URBAN,HIGHWAY,7,23.0
50353,8,7,170,5,2,60.0,0,N,MELB_URBAN,ROAD,7,8.0
50354,4,7,171,2,2,80.0,0,N,MELB_URBAN,HIGHWAY,7,8.0
50355,1,7,99,4,5,60.0,0,I,SMALL_CITIES,RAMP,7,22.0
50356,1,5,132,2,1,60.0,0,N,MELB_URBAN,ROAD,7,9.0
50357,1,7,130,1,1,60.0,0,I,MELB_URBAN,ROAD,7,11.0
50358,1,1,121,2,1,60.0,0,I,MELB_URBAN,DRIVE,7,9.0
50359,1,1,132,2,1,60.0,0,I,SMALL_CITIES,ROAD,7,11.0
50360,1,7,121,1,3,60.0,0,I,MELB_URBAN,STREET,7,18.0
50361,1,1,113,2,3,60.0,0,I,MELB_URBAN,HIGHWAY,6,6.0
50362,1,1,110,1,1,50.0,0,I,LARGE_PROVINCIAL_CITIES,STREET,7,10.0
50363,1,1,111,2,1,50.0,0,I,LARGE_PROVINCIAL_CITIES,AVENUE,7,13.0
50364,1,1,113,2,1,60.0,0,I,MELB_URBAN,DRIVE,7,11.0
50365,1,0,130,2,1,80.0,0,I,MELB_URBAN,ROAD,7,11.0
50366,4,6,99,2,5,50.0,0,I,MELB_URBAN,OTHER,7,21.0
50367,2,1,99,5,6,50.0,0,N,SMALL_TOWNS,OTHER,6,20.0
50368,1,5,130,5,4,60.0,0,N,RURAL_VICTORIA,ROAD,7,20.0
50369,4,1,183,5,1,80.0,0,N,MELB_URBAN,ROAD,7,10.0
50370,1,1,113,1,2,80.0,0,I,MELB_URBAN,HIGHWAY,6,16.0
50371,4,1,171,5,1,100.0,0,N,RURAL_VICTORIA,ROAD,7,13.0
50372,4,1,183,5,1,80.0,0,N,RURAL_VICTORIA,ROAD,7,12.0
50373,1,1,130,2,3,60.0,0,I,MELB_URBAN,ROAD,7,17.0
50374,1,0,116,2,3,60.0,0,I,TOWNS,ROAD,7,17.0
50375,2,7,102,5,3,60.0,0,N,MELB_URBAN,ROAD,7,19.0
50376,2,1,100,1,3,40.0,0,I,MELB_URBAN,ROAD,7,17.0
50377,4,1,171,5,2,100.0,0,N,RURAL_VICTORIA,ROAD,7,16.0
50378,1,1,130,2,6,50.0,0,I,MELB_URBAN,STREET,7,18.0
50379,1,0,130,5,3,60.0,0,N,MELB_URBAN,ROAD,7,17.0
50380,1,1,110,4,3,60.0,0,I,MELB_URBAN,RAMP,7,20.0
50381,8,7,184,5,1,80.0,0,N,RURAL_VICTORIA,ROAD,7,14.0
50382,6,2,174,5,1,60.0,0,N,MELB_URBAN,ROAD,7,10.0
50383,1,1,130,1,2,60.0,0,I,MELB_URBAN,STREET,7,8.0
50384,1,2,121,2,1,60.0,0,I,MELB_URBAN,STREET,7,9.0
50385,1,2,163,5,2,50.0,0,N,MELB_URBAN,STREET,7,8.0
50386,1,0,99,5,1,100.0,0,N,RURAL_VICTORIA,ROAD,6,15.0
50387,1,2,99,5,2,40.0,0,N,TOWNS,STREET,7,8.0
50388,2,2,102,1,2,60.0,0,I,MELB_URBAN,ROAD,7,6.0
50389,1,7,130,5,2,80.0,0,N,MELB_URBAN,ROAD,7,17.0
50390,1,6,121,1,1,60.0,0,N,MELB_URBAN,ROAD,12,11.0
50391,1,1,99,5,3,60.0,0,N,MELB_URBAN,DRIVE,6,20.0
50392,4,2,171,5,1,80.0,0,N,MELB_URBAN,FREEWAY,7,10.0
50393,4,2,173,5,1,60.0,0,N,LARGE_PROVINCIAL_CITIES,ROAD,7,11.0
50394,1,2,121,2,1,60.0,0,I,MELB_URBAN,ROAD,7,11.0
50395,4,1,181,5,1,70.0,0,N,MELB_URBAN,HIGHWAY,7,12.0
50396,4,1,173,1,2,50.0,0,I,MELB_URBAN,DRIVE,7,16.0
50397,1,2,121,1,1,60.0,0,I,MELB_URBAN,ROAD,7,15.0
50398,1,2,113,2,1,60.0,0,I,MELB_URBAN,ROAD,7,15.0
50399,1,2,120,5,1,50.0,0,N,MELB_URBAN,STREET,7,15.0
50400,1,2,130,5,2,100.0,0,N,MELB_URBAN,ROAD,7,17.0
50401,8,7,174,5,2,80.0,0,N,RURAL_VICTORIA,ROAD,7,16.0
50402,4,7,171,5,3,50.0,0,N,MELB_URBAN,OTHER,6,20.0
50403,2,1,102,5,3,70.0,0,N,MELB_URBAN,ROAD,7,17.0
50404,1,2,130,1,1,60.0,0,I,SMALL_CITIES,ROAD,7,15.0
50405,1,2,147,5,3,60.0,0,N,MELB_URBAN,ROAD,7,20.0
50406,1,2,130,1,3,80.0,0,I,MELB_URBAN,ROAD,7,19.0
50407,4,2,183,5,1,70.0,0,N,LARGE_PROVINCIAL_CITIES,ROAD,7,16.0
50408,1,2,121,1,3,50.0,0,I,MELB_URBAN,STREET,7,18.0
50409,2,2,100,5,1,50.0,0,N,MELB_URBAN,DRIVE,7,15.0
50410,1,1,130,5,5,60.0,0,N,RURAL_VICTORIA,ROAD,7,17.0
50411,1,2,110,1,3,60.0,0,I,MELB_URBAN,ROAD,7,21.0
50412,1,4,147,5,2,60.0,0,N,MELB_URBAN,OTHER,7,17.0
50413,2,1,99,5,3,60.0,0,N,MELB_URBAN,ROAD,7,23.0
50414,1,6,130,1,1,80.0,0,I,MELB_URBAN,ROAD,6,14.0
50415,1,3,160,5,4,40.0,0,N,MELB_URBAN,STREET,7,0.0
50416,1,2,130,1,3,80.0,0,I,MELB_URBAN,HIGHWAY,3,6.0
50417,4,3,173,5,2,100.0,0,N,RURAL_VICTORIA,ROAD,7,7.0
50418,1,2,130,5,1,60.0,0,N,MELB_URBAN,ROAD,7,9.0
50419,1,3,163,2,2,40.0,0,I,MELBOURNE_CBD,STREET,7,8.0
50420,4,2,171,5,5,80.0,0,N,RURAL_VICTORIA,ROAD,7,21.0
50421,1,1,160,5,3,60.0,0,N,MELB_URBAN,ROAD,7,18.0
50422,1,3,110,1,3,50.0,0,I,TOWNS,STREET,7,7.0
50423,6,3,174,5,1,40.0,0,N,MELBOURNE_CBD,STREET,7,10.0
50424,1,6,130,5,3,60.0,0,N,MELB_URBAN,ROAD,7,18.0
50425,1,4,130,1,9,60.0,0,I,MELB_URBAN,STREET,6,8.0
50426,6,6,99,5,1,50.0,0,N,MELB_URBAN,ROAD,5,13.0
50427,1,3,130,5,2,60.0,0,N,SMALL_CITIES,STREET,7,8.0
50428,1,3,110,1,1,100.0,0,I,RURAL_VICTORIA,AVENUE,7,10.0
50429,4,3,99,5,2,60.0,0,N,LARGE_PROVINCIAL_CITIES,STREET,7,8.0
50430,1,4,130,5,1,40.0,0,N,RURAL_VICTORIA,HIGHWAY,6,14.0
50431,1,3,140,5,1,60.0,0,N,MELB_URBAN,ROAD,7,9.0
50432,1,3,121,1,1,50.0,0,I,SMALL_CITIES,STREET,7,13.0
50433,1,3,130,5,2,100.0,0,N,MELB_URBAN,ROAD,7,7.0
50434,1,3,113,2,1,50.0,0,I,MELB_URBAN,ROAD,7,13.0
50435,1,6,113,2,2,60.0,0,I,MELB_URBAN,ROAD,6,17.0
50436,1,4,147,5,2,50.0,0,N,MELB_URBAN,ROAD,6,17.0
50437,4,1,171,5,2,100.0,0,N,RURAL_VICTORIA,ROAD,7,16.0
50438,4,3,171,5,1,80.0,0,N,MELB_URBAN,ROAD,7,9.0
50439,1,3,113,2,1,50.0,0,I,MELB_URBAN,ROAD,7,15.0
50440,2,3,102,5,2,50.0,0,N,SMALL_CITIES,STREET,7,16.0
50441,1,3,121,2,2,50.0,0,I,MELB_URBAN,AVENUE,7,16.0
50442,2,3,100,5,3,60.0,0,N,MELB_URBAN,ROAD,7,17.0
50443,1,7,120,5,5,70.0,0,N,MELB_URBAN,ROAD,7,17.0
50444,4,3,171,5,1,50.0,0,N,TOWNS,STREET,7,15.0
50445,1,3,120,5,2,60.0,0,N,RURAL_VICTORIA,HIGHWAY,7,16.0
50446,1,3,120,5,1,100.0,0,N,RURAL_VICTORIA,ROAD,7,12.0
50447,1,3,110,1,3,60.0,0,I,SMALL_CITIES,AVENUE,7,19.0
50448,1,2,110,1,3,50.0,0,I,MELB_URBAN,STREET,7,19.0
50449,1,0,110,1,3,70.0,0,I,MELB_URBAN,ROAD,6,1.0
50450,1,3,121,1,3,80.0,0,I,MELB_URBAN,ROAD,7,22.0
50451,1,3,116,2,3,50.0,0,I,MELB_URBAN,ROAD,7,19.0
50452,4,2,171,5,3,50.0,0,N,MELB_URBAN,STREET,7,23.0
50453,4,4,183,5,3,80.0,0,N,LARGE_PROVINCIAL_CITIES,HIGHWAY,7,5.0
50454,2,3,100,1,2,60.0,0,N,MELB_URBAN,STREET,7,16.0
50455,1,4,135,5,3,100.0,0,N,MELB_URBAN,FREEWAY,7,5.0
50456,1,3,140,2,3,60.0,0,I,MELB_URBAN,PARADE,7,21.0
50457,4,4,183,5,2,90.0,0,N,LARGE_PROVINCIAL_CITIES,HIGHWAY,7,6.0
50458,1,4,130,5,2,80.0,0,N,MELB_URBAN,FREEWAY,7,7.0
50459,1,6,130,1,3,60.0,0,I,MELB_URBAN,STREET,6,18.0
50460,4,6,173,5,1,60.0,0,N,RURAL_VICTORIA,OTHER,6,9.0
50461,1,4,135,2,1,60.0,0,I,MELB_URBAN,STREET,7,9.0
50462,1,4,130,1,2,50.0,0,I,MELB_URBAN,ROAD,7,8.0
50463,2,4,99,1,1,40.0,0,I,MELBOURNE_CBD,STREET,7,11.0
50464,1,4,120,5,2,80.0,0,N,RURAL_VICTORIA,ROAD,7,7.0
50465,1,4,113,2,2,60.0,0,I,MELB_URBAN,HIGHWAY,7,8.0
50466,1,4,130,5,2,100.0,0,N,MELB_URBAN,FREEWAY,7,7.0
50467,1,3,99,5,2,40.0,0,N,MELB_URBAN,STREET,7,8.0
50468,8,7,174,5,1,100.0,0,N,RURAL_VICTORIA,ROAD,7,10.0
50469,1,3,130,2,1,60.0,0,I,MELBOURNE_CBD,STREET,7,14.0
50470,1,3,121,2,2,80.0,0,I,MELB_URBAN,ROAD,7,17.0
50471,1,3,130,5,3,100.0,0,N,MELB_URBAN,FREEWAY,7,22.0
50472,1,4,99,2,1,60.0,0,N,MELB_URBAN,DRIVE,7,15.0
50473,5,1,99,5,1,60.0,0,N,RURAL_VICTORIA,OTHER,7,10.0
50474,1,4,130,5,3,70.0,0,N,MELB_URBAN,ROAD,7,17.0
50475,1,4,130,5,1,60.0,0,N,MELB_URBAN,PARADE,7,15.0
50476,2,2,102,1,3,70.0,0,I,MELB_URBAN,HIGHWAY,7,18.0
50477,1,4,130,5,2,60.0,0,N,MELB_URBAN,ROAD,7,17.0
50478,2,4,100,5,3,60.0,0,N,MELB_URBAN,ROAD,7,18.0
50479,8,1,174,5,1,60.0,0,N,TOWNS,ROAD,6,12.0
50480,1,4,121,1,3,60.0,0,I,MELB_URBAN,ROAD,7,18.0
50481,1,4,99,2,3,70.0,0,I,MELB_URBAN,ROAD,7,5.0
50482,1,6,133,5,2,100.0,0,N,RURAL_VICTORIA,FREEWAY,6,17.0
50483,1,4,130,1,2,60.0,0,I,MELB_URBAN,STREET,7,8.0
50484,3,6,167,5,5,100.0,0,N,RURAL_VICTORIA,ROAD,5,23.0
50485,1,6,110,1,1,60.0,0,I,MELB_URBAN,STREET,7,13.0
50486,1,6,113,2,1,80.0,0,I,MELB_URBAN,ROAD,7,14.0
50487,1,5,130,5,2,70.0,0,N,MELB_URBAN,ROAD,7,8.0
50488,2,5,100,1,2,60.0,0,I,TOWNS,STREET,7,6.0
50489,1,5,113,2,3,50.0,0,I,MELB_URBAN,AVENUE,6,19.0
50490,1,5,110,1,1,60.0,0,I,SMALL_CITIES,AVENUE,7,10.0
50491,1,3,110,1,3,60.0,0,I,SMALL_CITIES,STREET,7,6.0
50492,1,3,147,5,1,50.0,0,N,TOWNS,STREET,7,14.0
50493,1,7,130,1,1,70.0,0,I,MELB_URBAN,ROAD,5,14.0
50494,1,2,130,2,2,70.0,0,I,MELB_URBAN,ROAD,7,17.0
50495,8,2,174,1,1,80.0,0,I,MELB_URBAN,ROAD,12,8.0
50496,1,6,121,2,3,70.0,0,N,MELB_URBAN,ROAD,7,22.0
50497,1,5,140,5,1,40.0,0,N,MELB_URBAN,STREET,7,10.0
50498,1,4,110,1,3,80.0,0,I,MELB_URBAN,ROAD,7,21.0
50499,1,4,130,5,2,60.0,0,N,MELB_URBAN,ROAD,7,18.0
50500,1,2,133,1,1,70.0,0,N,MELB_URBAN,ROAD,7,14.0
50501,1,5,113,2,2,80.0,0,I,RURAL_VICTORIA,ROAD,7,8.0
50502,1,2,113,2,1,60.0,0,I,MELB_URBAN,ROAD,7,10.0
50503,1,5,120,5,1,80.0,0,N,SMALL_CITIES,HIGHWAY,7,13.0
50504,1,5,113,2,2,60.0,0,I,MELB_URBAN,BOULEVARD,7,7.0
50505,1,4,130,4,1,80.0,0,N,LARGE_PROVINCIAL_CITIES,HIGHWAY,10,16.0
50506,1,6,130,1,3,70.0,0,I,MELB_URBAN,HIGHWAY,6,18.0
50507,1,5,99,5,1,60.0,0,N,MELB_URBAN,ROAD,7,14.0
50508,1,7,99,5,5,100.0,0,N,MELB_URBAN,RAMP,7,18.0
50509,1,5,110,1,1,60.0,0,I,TOWNS,ROAD,7,14.0
50510,1,4,130,5,1,100.0,0,N,MELB_URBAN,ROAD,7,13.0
50511,1,4,130,5,1,80.0,0,N,MELB_URBAN,HIGHWAY,7,14.0
50512,1,5,113,2,1,60.0,0,I,MELB_URBAN,ROAD,7,15.0
50513,1,5,121,5,2,40.0,0,N,LARGE_PROVINCIAL_CITIES,STREET,7,16.0
50514,1,4,110,1,3,50.0,0,I,LARGE_PROVINCIAL_CITIES,STREET,7,17.0
50515,2,5,99,5,6,50.0,0,N,TOWNS,STREET,6,21.0
50516,1,5,121,2,3,60.0,0,I,MELB_URBAN,ROAD,7,18.0
50517,1,1,130,2,3,60.0,0,N,MELB_URBAN,BOULEVARD,7,18.0
50518,4,5,171,5,2,100.0,1,N,RURAL_VICTORIA,HIGHWAY,7,16.0
50519,3,5,167,5,5,100.0,0,N,RURAL_VICTORIA,ROAD,7,18.0
50520,6,3,184,5,1,80.0,0,N,RURAL_VICTORIA,OTHER,7,16.0
50521,1,5,121,2,1,50.0,0,I,MELB_URBAN,AVENUE,7,15.0
50522,2,4,99,5,1,50.0,0,N,MELB_URBAN,ROAD,7,15.0
50523,1,5,121,4,3,80.0,0,I,MELB_URBAN,RAMP,7,18.0
50524,1,4,130,5,2,100.0,0,N,MELB_URBAN,FREEWAY,7,16.0
50525,4,5,171,5,2,110.0,0,N,TOWNS,FREEWAY,7,16.0
50526,1,5,160,5,3,50.0,0,N,SMALL_CITIES,OTHER,7,21.0
50527,1,4,130,5,3,60.0,0,N,MELB_URBAN,ROAD,7,19.0
50528,1,5,121,1,2,60.0,0,I,MELB_URBAN,ROAD,7,18.0
50529,4,5,181,2,3,60.0,0,I,MELB_URBAN,HIGHWAY,7,22.0
50530,4,3,171,5,5,60.0,0,N,LARGE_PROVINCIAL_CITIES,STREET,7,19.0
50531,4,5,171,5,2,110.0,0,N,RURAL_VICTORIA,FREEWAY,7,16.0
50532,1,5,110,1,2,50.0,0,I,MELB_URBAN,STREET,7,16.0
50533,2,5,102,5,1,50.0,0,N,SMALL_CITIES,AVENUE,7,15.0
50534,1,5,113,2,1,100.0,0,I,RURAL_VICTORIA,ROAD,7,15.0
50535,1,6,130,5,2,100.0,0,N,MELB_URBAN,FREEWAY,7,8.0
50536,1,5,110,1,3,50.0,0,I,LARGE_PROVINCIAL_CITIES,STREET,7,22.0
50537,8,7,99,5,1,50.0,0,N,MELB_URBAN,AVENUE,6,11.0
50538,4,6,173,5,1,100.0,0,N,RURAL_VICTORIA,ROAD,7,9.0
50539,2,5,99,5,1,50.0,0,N,MELB_URBAN,BOULEVARD,7,9.0
50540,1,6,121,2,1,60.0,0,I,MELB_URBAN,ROAD,7,11.0
50541,1,6,130,5,1,80.0,0,N,MELB_URBAN,OTHER,7,9.0
50542,4,2,171,5,2,100.0,0,N,RURAL_VICTORIA,ROAD,7,8.0
50543,4,6,99,5,1,50.0,0,N,MELB_URBAN,STREET,7,10.0
50544,2,6,102,5,1,40.0,0,N,MELBOURNE_CBD,STREET,7,13.0
50545,1,6,113,2,3,70.0,0,I,MELB_URBAN,ROAD,7,6.0
50546,1,5,120,1,1,60.0,0,I,MELB_URBAN,STREET,7,10.0
50547,4,6,171,5,1,100.0,0,N,RURAL_VICTORIA,HIGHWAY,7,11.0
50548,1,4,130,1,2,60.0,0,N,MELB_URBAN,ROAD,7,8.0
50549,1,6,130,5,1,60.0,0,N,MELB_URBAN,ROAD,7,10.0
50550,4,6,173,5,1,100.0,0,N,RURAL_VICTORIA,ROAD,7,12.0
50551,4,6,183,5,1,100.0,0,N,RURAL_VICTORIA,HIGHWAY,7,11.0
50552,1,2,121,1,3,80.0,0,I,MELB_URBAN,HIGHWAY,7,20.0
50553,1,4,111,2,3,60.0,0,I,MELB_URBAN,AVENUE,7,21.0
50554,1,6,140,1,1,60.0,0,I,MELB_URBAN,ROAD,7,14.0
50555,8,6,174,5,1,70.0,0,N,MELB_URBAN,ROAD,7,15.0
50556,4,6,99,6,1,50.0,0,N,LARGE_PROVINCIAL_CITIES,OTHER,7,14.0
50557,1,6,173,2,1,80.0,0,I,MELB_URBAN,HIGHWAY,7,14.0
50558,1,1,121,1,2,70.0,0,I,RURAL_VICTORIA,ROAD,7,8.0
50559,2,5,99,5,2,60.0,0,N,MELB_URBAN,ROAD,7,8.0
50560,1,5,121,5,1,100.0,0,I,RURAL_VICTORIA,ROAD,7,13.0
50561,1,6,132,5,1,60.0,0,N,MELB_URBAN,ROAD,7,15.0
50562,6,6,174,5,1,60.0,0,N,RURAL_VICTORIA,ROAD,7,10.0
50563,1,5,121,2,2,60.0,0,I,MELB_URBAN,ROAD,7,16.0
50564,1,0,130,2,5,60.0,0,I,TOWNS,ROAD,5,0.0
50565,1,6,160,5,1,40.0,0,N,MELB_URBAN,STREET,7,14.0
50566,1,6,160,2,3,60.0,0,N,MELB_URBAN,ROAD,7,17.0
50567,8,5,99,5,2,80.0,0,N,LARGE_PROVINCIAL_CITIES,HIGHWAY,2,19.0
50568,1,6,113,2,2,70.0,0,I,MELB_URBAN,STREET,7,16.0
50569,4,6,171,5,1,100.0,0,N,RURAL_VICTORIA,ROAD,7,15.0
50570,1,5,132,1,2,80.0,0,I,RURAL_VICTORIA,ROAD,7,18.0
50571,1,6,121,4,3,60.0,0,I,MELB_URBAN,ROAD,7,18.0
50572,1,5,130,5,2,100.0,0,N,MELB_URBAN,FREEWAY,7,18.0
50573,1,6,120,5,3,60.0,0,N,MELB_URBAN,ROAD,7,0.0
50574,2,6,100,5,3,60.0,0,N,LARGE_PROVINCIAL_CITIES,STREET,7,21.0
50575,1,6,120,5,1,100.0,0,N,RURAL_VICTORIA,HIGHWAY,7,14.0
50576,4,6,171,5,5,100.0,0,N,RURAL_VICTORIA,ROAD,7,19.0
50577,6,6,170,5,3,60.0,0,N,LARGE_PROVINCIAL_CITIES,ROAD,7,21.0
50578,4,6,171,5,3,60.0,0,N,MELB_URBAN,PARADE,7,1.0
50579,1,6,135,5,3,80.0,0,N,MELB_URBAN,UNKNOWN,7,23.0
50580,4,7,171,5,3,60.0,0,N,RURAL_VICTORIA,STREET,7,2.0
50581,4,7,183,5,2,100.0,0,N,MELB_URBAN,FREEWAY,7,6.0
50582,4,7,171,5,5,100.0,0,N,RURAL_VICTORIA,ROAD,7,5.0
50583,4,6,181,4,3,60.0,0,I,RURAL_VICTORIA,OTHER,7,21.0
50584,1,6,113,1,1,60.0,0,I,MELB_URBAN,ROAD,7,13.0
50585,8,5,99,5,2,80.0,0,N,MELB_URBAN,STREET,4,17.0