,accident_type,day_of_week,dca_code,road_geometry,light_condition,speed_zone,severity,node_type,deg_urban_name,road_type,month,hour
50586,1,4,133,1,1,40.0,0,I,MELB_URBAN,STREET,7,15.0
50587,1,6,99,1,2,40.0,0,I,MELBOURNE_CBD,STREET,7,8.0
50588,1,7,113,2,2,60.0,0,I,MELB_URBAN,HIGHWAY,7,8.0
50589,1,0,160,5,3,50.0,0,N,MELB_URBAN,STREET,7,20.0
50590,6,3,174,5,3,50.0,0,N,MELB_URBAN,STREET,7,21.0
50591,1,6,110,1,1,60.0,0,I,LARGE_PROVINCIAL_CITIES,STREET,7,12.0
50592,1,7,99,5,1,100.0,0,N,RURAL_VICTORIA,ROAD,7,11.0
50593,1,7,110,1,1,70.0,0,I,SMALL_CITIES,PARADE,7,12.0
50594,1,7,160,5,1,60.0,0,N,SMALL_CITIES,STREET,7,11.0
50595,1,6,121,2,1,70.0,0,I,MELB_URBAN,ROAD,7,12.0
50596,1,7,120,5,1,60.0,0,N,MELB_URBAN,ROAD,7,12.0
50597,7,7,99,5,1,50.0,0,N,MELB_URBAN,DRIVE,7,13.0
50598,1,7,130,2,1,60.0,0,I,MELB_URBAN,ROAD,7,11.0
50599,1,2,130,2,3,60.0,0,I,MELB_URBAN,OTHER,7,7.0
50600,2,6,99,5,2,50.0,0,N,MELB_URBAN,ROAD,7,16.0
50601,1,7,110,1,1,50.0,0,I,MELB_URBAN,STREET,7,14.0
50602,4,6,183,5,2,100.0,0,N,TOWNS,ROAD,7,16.0
50603,1,7,110,1,3,100.0,0,I,RURAL_VICTORIA,ROAD,7,18.0
50604,1,7,147,2,1,60.0,0,N,MELB_URBAN,ROAD,7,15.0
50605,4,7,171,5,2,60.0,1,N,RURAL_VICTORIA,OTHER,7,16.0
50606,1,1,121,2,3,80.0,0,I,MELB_URBAN,HIGHWAY,7,22.0
50607,1,7,110,1,3,80.0,0,I,LARGE_PROVINCIAL_CITIES,HIGHWAY,7,23.0
50608,1,7,133,5,3,100.0,0,N,MELB_URBAN,FREEWAY,7,22.0
50609,1,6,121,2,3,60.0,0,I,MELB_URBAN,OTHER,7,23.0
50610,4,7,181,1,3,60.0,0,I,MELB_URBAN,OTHER,7,20.0
50611,4,7,181,5,5,80.0,0,N,SMALL_CITIES,ROAD,7,22.0
50612,4,1,181,5,5,80.0,0,N,RURAL_VICTORIA,ROAD,7,5.0
50613,1,5,130,1,1,50.0,0,I,MELB_URBAN,ROAD,7,11.0
50614,1,1,110,1,3,60.0,0,I,RURAL_VICTORIA,ROAD,7,6.0
50615,4,1,173,5,2,60.0,0,N,MELB_URBAN,ROAD,7,7.0
50616,2,1,102,2,2,70.0,0,I,MELB_URBAN,STREET,7,8.0
50617,1,1,113,1,1,60.0,0,I,MELB_URBAN,ROAD,7,9.0
50618,4,1,173,1,2,60.0,0,I,MELB_URBAN,STREET,7,7.0
50619,1,1,134,5,2,60.0,0,I,RURAL_VICTORIA,RAMP,7,8.0
50620,1,1,99,5,1,110.0,0,I,RURAL_VICTORIA,FREEWAY,7,10.0
50621,2,1,100,1,1,40.0,0,I,MELB_URBAN,STREET,7,9.0
50622,1,1,121,1,1,60.0,0,I,MELB_URBAN,ROAD,7,10.0
50623,1,6,110,1,1,100.0,0,I,RURAL_VICTORIA,HIGHWAY,7,14.0
50624,6,2,174,5,2,60.0,0,N,MELB_URBAN,ROAD,7,16.0
50625,4,7,181,5,5,100.0,0,N,RURAL_VICTORIA,ROAD,7,19.0
50626,2,6,100,2,9,50.0,0,I,MELB_URBAN,DRIVE,7,19.0
50627,6,1,170,5,1,50.0,0,N,MELB_URBAN,ROAD,7,13.0
50628,1,6,135,2,2,40.0,0,I,MELB_URBAN,ROAD,7,16.0
50629,6,1,99,5,1,100.0,0,N,RURAL_VICTORIA,ROAD,7,12.0
50630,4,1,183,5,1,60.0,0,N,RURAL_VICTORIA,ROAD,7,12.0
50631,1,6,130,2,2,60.0,0,N,MELB_URBAN,ROAD,7,8.0
50632,1,1,147,5,1,60.0,0,N,MELB_URBAN,ROAD,7,13.0
50633,1,1,110,1,1,50.0,0,I,SMALL_CITIES,STREET,7,12.0
50634,6,1,170,5,5,100.0,0,N,RURAL_VICTORIA,HIGHWAY,7,3.0
50635,1,1,134,2,1,80.0,0,I,MELB_URBAN,HIGHWAY,7,13.0
50636,1,1,110,1,1,50.0,0,I,MELB_URBAN,STREET,7,12.0
50637,1,1,120,5,1,50.0,0,N,MELB_URBAN,PARADE,7,14.0
50638,1,1,121,2,1,80.0,0,I,MELB_URBAN,ROAD,7,14.0
50639,4,1,171,5,2,100.0,0,N,RURAL_VICTORIA,HIGHWAY,7,6.0
50640,4,1,181,5,2,100.0,0,N,RURAL_VICTORIA,ROAD,7,17.0
50641,1,7,120,2,3,50.0,0,N,MELB_URBAN,BOULEVARD,7,21.0
50642,1,1,160,5,3,60.0,0,N,MELB_URBAN,STREET,7,17.0
50643,1,0,130,5,3,100.0,0,N,MELB_URBAN,FREEWAY,7,17.0
50644,1,1,130,2,1,50.0,0,I,SMALL_CITIES,ROAD,7,15.0
50645,1,6,99,2,3,60.0,0,N,MELB_URBAN,OTHER,7,1.0
50646,1,1,140,5,2,80.0,0,N,RURAL_VICTORIA,ROAD,7,17.0
50647,1,1,99,5,2,80.0,0,I,MELB_URBAN,FREEWAY,7,16.0
50648,4,1,173,2,1,70.0,0,I,LARGE_PROVINCIAL_CITIES,HIGHWAY,7,15.0
50649,1,5,121,5,1,80.0,0,N,MELB_URBAN,ROAD,7,12.0
50650,1,7,120,5,1,60.0,0,N,LARGE_PROVINCIAL_CITIES,STREET,7,11.0
50651,1,1,130,5,2,60.0,0,N,MELB_URBAN,HIGHWAY,7,16.0
50652,1,2,110,1,3,40.0,0,I,MELB_URBAN,STREET,7,6.0
50653,4,2,183,5,5,100.0,0,N,RURAL_VICTORIA,HIGHWAY,7,6.0
50654,2,5,102,2,1,50.0,0,N,MELB_URBAN,STREET,6,13.0
50655,1,2,130,5,2,60.0,0,N,SMALL_CITIES,STREET,7,8.0
50656,1,1,116,2,1,80.0,0,N,RURAL_VICTORIA,ROAD,7,15.0
50657,4,2,181,2,2,100.0,0,I,RURAL_VICTORIA,ROAD,7,6.0
50658,2,7,99,5,1,60.0,0,N,MELB_URBAN,STREET,7,14.0
50659,1,7,132,2,1,80.0,0,N,LARGE_PROVINCIAL_CITIES,AVENUE,7,13.0
50660,6,3,184,5,5,80.0,0,N,MELB_URBAN,ROAD,7,6.0
50661,1,2,130,5,1,100.0,0,N,MELB_URBAN,RAMP,7,11.0
50662,1,4,130,5,3,100.0,0,N,MELB_URBAN,ROAD,7,17.0
50663,8,1,184,2,1,60.0,0,I,MELB_URBAN,STREET,7,10.0
50664,1,6,163,5,3,60.0,0,N,MELB_URBAN,STREET,7,17.0
50665,4,2,181,5,1,100.0,1,N,RURAL_VICTORIA,ROAD,7,9.0
50666,4,2,99,2,1,60.0,0,N,MELB_URBAN,ROAD,7,10.0
50667,1,1,130,5,1,80.0,0,N,MELB_URBAN,RAMP,7,13.0
50668,1,2,130,5,1,80.0,0,N,MELB_URBAN,HIGHWAY,7,11.0
50669,1,2,121,1,1,100.0,0,I,RURAL_VICTORIA,HIGHWAY,7,13.0
50670,1,2,147,5,1,50.0,0,N,MELB_URBAN,ROAD,7,15.0
50671,4,1,171,5,1,100.0,0,N,MELB_URBAN,ROAD,7,14.0
50672,4,2,183,5,1,100.0,0,N,RURAL_VICTORIA,ROAD,7,13.0
50673,1,2,99,2,1,50.0,0,N,MELB_URBAN,STREET,7,12.0
50674,1,2,160,5,1,60.0,0,N,LARGE_PROVINCIAL_CITIES,ROAD,7,15.0
50675,1,2,140,5,1,100.0,0,N,RURAL_VICTORIA,HIGHWAY,7,10.0
50676,6,1,99,5,1,100.0,0,N,RURAL_VICTORIA,ROAD,7,15.0
50677,1,2,99,1,1,100.0,0,I,RURAL_VICTORIA,ROAD,7,14.0
50678,1,1,130,5,3,60.0,0,N,MELB_URBAN,OTHER,7,18.0
50679,4,1,171,5,1,80.0,0,N,MELB_URBAN,UNKNOWN,7,13.0
50680,1,2,99,1,2,70.0,0,I,MELB_URBAN,DRIVE,7,16.0
50681,1,2,121,5,3,60.0,0,N,MELB_URBAN,ROAD,7,17.0
50682,1,2,132,5,1,60.0,0,N,MELB_URBAN,ROAD,7,14.0
50683,1,4,121,1,3,60.0,0,I,MELB_URBAN,STREET,7,17.0
50684,6,3,174,5,2,40.0,0,N,MELB_URBAN,ROAD,7,16.0
50685,1,2,120,5,1,60.0,0,N,RURAL_VICTORIA,ROAD,7,15.0
50686,1,1,110,1,3,100.0,0,I,MELB_URBAN,ROAD,7,18.0
50687,8,2,170,2,2,80.0,0,I,RURAL_VICTORIA,ROAD,6,16.0
50688,2,2,102,1,1,60.0,0,I,MELB_URBAN,ROAD,7,15.0
50689,1,1,120,2,2,50.0,0,I,MELB_URBAN,STREET,7,17.0
50690,1,4,130,2,1,60.0,0,I,MELB_URBAN,ROAD,4,13.0
50691,1,2,130,2,2,40.0,0,I,MELB_URBAN,ROAD,7,16.0
50692,4,2,171,5,3,50.0,0,N,LARGE_PROVINCIAL_CITIES,STREET,7,4.0
50693,4,2,173,2,3,70.0,0,I,MELB_URBAN,ROAD,7,5.0
50694,4,3,99,5,5,100.0,0,N,RURAL_VICTORIA,ROAD,7,6.0
50695,1,3,130,5,2,80.0,0,N,MELB_URBAN,ROAD,7,6.0
50696,1,7,130,1,3,60.0,0,I,MELB_URBAN,ROAD,7,21.0
50697,4,2,173,2,5,80.0,0,I,RURAL_VICTORIA,ROAD,7,19.0
50698,1,3,132,1,2,50.0,0,I,MELB_URBAN,STREET,7,8.0
50699,1,3,121,2,2,60.0,0,I,MELB_URBAN,ROAD,7,8.0
50700,1,2,135,5,1,100.0,0,N,MELB_URBAN,RAMP,7,15.0
50701,5,3,99,5,1,40.0,0,N,MELBOURNE_CBD,STREET,7,10.0
50702,1,3,120,5,2,60.0,0,N,MELB_URBAN,ROAD,7,8.0
50703,1,2,121,2,2,60.0,0,I,MELB_URBAN,ROAD,7,8.0
50704,4,3,181,5,5,100.0,0,N,RURAL_VICTORIA,ROAD,7,6.0
50705,1,3,130,5,1,60.0,0,N,MELB_URBAN,BOULEVARD,7,10.0
50706,1,2,99,5,1,50.0,0,N,MELB_URBAN,DRIVE,7,15.0
50707,6,3,184,5,2,60.0,0,N,RURAL_VICTORIA,ROAD,7,7.0
50708,1,5,147,2,4,60.0,0,N,MELB_URBAN,ROAD,7,20.0
50709,1,3,130,5,1,80.0,0,I,MELB_URBAN,HIGHWAY,7,10.0
50710,1,2,110,1,1,60.0,0,I,RURAL_VICTORIA,ROAD,7,12.0
50711,1,3,99,1,1,80.0,0,N,MELB_URBAN,ROAD,7,11.0
50712,4,6,183,5,1,60.0,0,N,RURAL_VICTORIA,ROAD,4,14.0
50713,1,4,99,5,1,40.0,0,N,MELB_URBAN,ROAD,5,8.0
50714,1,3,130,5,1,50.0,0,N,LARGE_PROVINCIAL_CITIES,STREET,7,13.0
50715,4,3,181,5,1,100.0,0,N,RURAL_VICTORIA,HIGHWAY,7,11.0
50716,1,1,130,1,1,80.0,0,N,MELB_URBAN,ROAD,7,15.0
50717,6,3,170,5,1,100.0,0,N,RURAL_VICTORIA,HIGHWAY,7,13.0
50718,1,2,130,5,1,40.0,0,N,MELB_URBAN,ROAD,7,10.0
50719,8,1,174,1,1,50.0,0,I,MELB_URBAN,STREET,7,11.0
50720,1,3,110,1,1,100.0,0,I,RURAL_VICTORIA,HIGHWAY,7,13.0
50721,1,3,113,2,2,50.0,0,I,TOWNS,STREET,7,17.0
50722,4,2,171,5,5,100.0,0,N,RURAL_VICTORIA,ROAD,7,18.0
50723,1,3,111,1,2,60.0,0,I,MELB_URBAN,STREET,7,8.0
50724,1,3,121,1,4,60.0,0,I,MELB_URBAN,ROAD,7,19.0
50725,1,2,130,5,3,60.0,0,N,MELB_URBAN,STREET,7,18.0
50726,1,3,140,5,3,80.0,0,N,SMALL_CITIES,STREET,7,20.0
50727,1,3,121,2,2,70.0,0,I,LARGE_PROVINCIAL_CITIES,STREET,7,17.0
50728,2,3,102,5,3,50.0,0,N,SMALL_CITIES,ROAD,7,20.0
50729,1,2,110,1,1,50.0,0,I,MELB_URBAN,AVENUE,7,11.0
50730,1,3,130,5,3,80.0,0,N,MELB_URBAN,ROAD,7,17.0
50731,1,3,99,1,3,80.0,0,I,MELB_URBAN,HIGHWAY,7,22.0
50732,1,1,113,2,2,60.0,0,I,MELB_URBAN,ROAD,7,16.0
50733,4,4,173,4,3,80.0,0,I,MELB_URBAN,HIGHWAY,7,4.0
50734,6,4,174,2,2,60.0,0,I,MELB_URBAN,STREET,6,17.0
50735,1,6,130,5,1,50.0,0,N,MELB_URBAN,ROAD,7,15.0
50736,1,3,130,5,2,100.0,0,N,MELB_URBAN,FREEWAY,7,8.0
50737,4,3,171,1,2,60.0,0,I,TOWNS,ROAD,7,8.0
50738,4,3,99,5,1,60.0,0,N,SMALL_TOWNS,HIGHWAY,7,13.0
50739,1,2,130,1,2,60.0,0,I,LARGE_PROVINCIAL_CITIES,STREET,7,17.0
50740,1,4,99,4,1,70.0,0,I,MELB_URBAN,ROAD,7,9.0
50741,1,4,120,5,1,60.0,0,N,MELB_URBAN,ROAD,7,9.0
50742,1,6,130,1,1,60.0,0,I,MELB_URBAN,ROAD,5,15.0
50743,1,4,130,2,1,80.0,0,I,MELB_URBAN,ROAD,7,15.0
50744,6,4,174,5,1,60.0,0,N,LARGE_PROVINCIAL_CITIES,STREET,7,10.0
50745,1,4,99,5,1,50.0,0,N,MELB_URBAN,ROAD,7,9.0
50746,4,4,183,5,1,50.0,0,N,MELB_URBAN,OTHER,7,11.0
50747,1,1,132,2,1,50.0,0,I,LARGE_PROVINCIAL_CITIES,ROAD,4,16.0
50748,1,4,120,5,2,60.0,0,N,MELB_URBAN,ROAD,7,8.0
50749,1,4,99,5,1,50.0,0,N,MELB_URBAN,AVENUE,7,11.0
50750,1,0,110,1,1,60.0,0,I,LARGE_PROVINCIAL_CITIES,STREET,7,12.0
50751,5,4,99,5,1,100.0,0,N,RURAL_VICTORIA,UNKNOWN,7,13.0
50752,2,3,102,4,2,50.0,0,I,MELB_URBAN,ROAD,7,18.0
50753,1,4,130,2,1,60.0,0,I,RURAL_VICTORIA,ROAD,7,13.0
50754,1,3,134,4,2,50.0,0,I,MELB_URBAN,STREET,7,16.0
50755,2,4,100,2,1,50.0,0,I,TOWNS,STREET,7,12.0
50756,8,7,99,5,5,80.0,0,N,TOWNS,ROAD,7,20.0
50757,1,4,134,1,1,60.0,0,I,SMALL_CITIES,STREET,7,10.0
50758,1,4,113,2,1,60.0,0,I,MELB_URBAN,DRIVE,7,14.0
50759,2,6,100,5,1,60.0,0,N,MELB_URBAN,UNKNOWN,7,14.0
50760,4,4,99,2,3,60.0,0,I,MELB_URBAN,OTHER,7,2.0
50761,8,6,174,1,3,40.0,0,I,MELB_URBAN,AVENUE,4,21.0
50762,1,4,110,1,3,70.0,0,I,MELB_URBAN,HIGHWAY,7,17.0
50763,1,3,99,1,2,60.0,0,I,MELB_URBAN,STREET,7,8.0
50764,4,4,171,2,2,80.0,0,I,RURAL_VICTORIA,HIGHWAY,7,17.0
50765,1,4,99,1,2,80.0,0,N,MELB_URBAN,ROAD,7,16.0
50766,1,2,130,4,2,60.0,0,I,MELB_URBAN,UNKNOWN,7,16.0
50767,2,2,100,2,1,60.0,0,N,MELB_URBAN,AVENUE,7,14.0
50768,1,5,130,5,6,60.0,0,N,MELB_URBAN,UNKNOWN,6,19.0
50769,3,4,167,5,5,100.0,0,N,RURAL_VICTORIA,ROAD,7,18.0
50770,1,4,130,5,3,50.0,0,I,MELB_URBAN,STREET,7,18.0
50771,1,3,121,1,2,60.0,0,I,MELB_URBAN,ROAD,7,17.0
50772,1,4,121,1,3,70.0,0,I,MELB_URBAN,ROAD,7,21.0
50773,1,4,132,2,2,60.0,0,I,MELB_URBAN,OTHER,7,5.0
50774,1,4,110,1,3,50.0,0,I,MELB_URBAN,ROAD,7,20.0
50775,1,4,121,5,6,60.0,0,N,MELB_URBAN,ROAD,7,19.0
50776,1,4,130,5,2,100.0,0,I,MELB_URBAN,ROAD,7,17.0
50777,1,3,130,2,2,80.0,0,N,MELB_URBAN,ROAD,7,17.0
50778,1,4,147,5,3,80.0,0,N,MELB_URBAN,ROAD,7,20.0
50779,1,4,130,1,1,60.0,0,I,MELB_URBAN,FREEWAY,7,9.0
50780,1,6,121,5,2,60.0,0,N,MELB_URBAN,ROAD,7,16.0
50781,1,2,120,2,3,60.0,0,N,MELB_URBAN,ROAD,7,22.0
50782,1,2,113,2,3,70.0,0,I,MELB_URBAN,ROAD,7,21.0
50783,1,4,121,5,2,60.0,0,N,MELB_URBAN,ROAD,6,17.0
50784,2,5,99,5,2,60.0,0,N,MELB_URBAN,ROAD,7,7.0
50785,6,5,170,5,2,100.0,0,N,RURAL_VICTORIA,ROAD,7,7.0
50786,1,6,147,5,2,50.0,0,N,MELB_URBAN,STREET,7,17.0
50787,8,5,99,5,1,100.0,0,N,RURAL_VICTORIA,ROAD,7,9.0
50788,1,4,121,2,2,70.0,0,I,MELB_URBAN,HIGHWAY,7,6.0
50789,1,1,110,1,2,60.0,0,I,MELB_URBAN,ROAD,4,20.0
50790,1,5,110,1,1,50.0,0,I,MELB_URBAN,OTHER,7,9.0
50791,4,4,183,5,2,100.0,0,N,RURAL_VICTORIA,ROAD,7,8.0
50792,1,5,113,2,1,60.0,0,I,MELB_URBAN,HIGHWAY,7,9.0
50793,8,5,174,5,2,50.0,0,N,MELB_URBAN,STREET,7,7.0
50794,8,4,99,5,2,100.0,0,N,MELB_URBAN,FREEWAY,7,17.0
50795,1,5,132,2,1,100.0,0,I,RURAL_VICTORIA,ROAD,7,9.0
50796,1,7,121,5,2,60.0,0,N,MELB_URBAN,ROAD,7,16.0
50797,1,5,130,2,2,100.0,0,I,RURAL_VICTORIA,ROAD,7,8.0
50798,2,5,100,1,1,50.0,0,I,TOWNS,STREET,7,15.0
50799,1,5,132,2,1,100.0,0,I,RURAL_VICTORIA,HIGHWAY,7,9.0
50800,1,1,111,2,2,50.0,0,I,MELB_URBAN,STREET,7,5.0
50801,5,1,99,5,1,80.0,0,N,MELB_URBAN,ROAD,7,15.0
50802,1,1,130,5,3,60.0,0,N,MELB_URBAN,ROAD,4,18.0
50803,1,4,111,2,9,50.0,0,I,MELB_URBAN,DRIVE,7,19.0
50804,1,5,140,2,1,60.0,0,N,LARGE_PROVINCIAL_CITIES,STREET,7,13.0
50805,1,2,130,1,1,60.0,0,I,MELB_URBAN,ROAD,11,11.0
50806,4,5,183,5,1,100.0,0,N,MELB_URBAN,FREEWAY,7,9.0
50807,8,7,174,2,1,60.0,0,I,RURAL_VICTORIA,OTHER,5,14.0
50808,1,5,113,2,1,80.0,0,I,MELB_URBAN,ROAD,7,12.0
50809,8,5,184,5,1,100.0,0,N,RURAL_VICTORIA,ROAD,7,13.0
50810,1,5,147,5,1,80.0,0,N,MELB_URBAN,ROAD,7,15.0
50811,8,2,99,5,6,40.0,0,N,MELB_URBAN,STREET,7,19.0
50812,6,2,174,5,1,60.0,0,N,RURAL_VICTORIA,OTHER,7,12.0
50813,1,5,130,1,2,60.0,0,I,MELB_URBAN,UNKNOWN,7,16.0
50814,1,5,121,2,1,60.0,0,I,MELB_URBAN,ROAD,7,14.0
50815,1,5,110,1,2,60.0,0,I,TOWNS,ROAD,7,17.0
50816,2,5,100,1,1,60.0,0,I,MELB_URBAN,ROAD,7,14.0
50817,1,5,163,2,6,50.0,0,I,MELB_URBAN,STREET,7,18.0
50818,1,5,110,1,2,60.0,0,I,MELB_URBAN,ROAD,7,17.0
50819,2,5,100,1,2,60.0,0,I,MELB_URBAN,ROAD,7,16.0
50820,2,5,100,5,2,50.0,0,N,MELB_URBAN,STREET,7,16.0
50821,1,5,113,2,3,60.0,0,I,SMALL_CITIES,STREET,7,18.0
50822,2,4,100,1,3,60.0,0,I,MELB_URBAN,STREET,7,21.0
50823,1,5,121,2,2,60.0,0,I,SMALL_CITIES,STREET,7,18.0
50824,6,1,174,9,1,60.0,0,N,RURAL_VICTORIA,OTHER,7,14.0
50825,1,5,130,5,2,80.0,0,N,MELB_URBAN,HIGHWAY,7,17.0
50826,1,5,113,2,5,100.0,0,I,RURAL_VICTORIA,ROAD,7,18.0
50827,4,5,181,5,3,60.0,0,N,RURAL_VICTORIA,STREET,7,18.0
50828,1,3,121,1,3,70.0,0,I,MELB_URBAN,ROAD,7,22.0
50829,1,5,171,5,2,60.0,0,N,MELB_URBAN,DRIVE,7,17.0
50830,1,5,99,5,1,40.0,0,N,MELB_URBAN,STREET,7,15.0
50831,1,5,160,5,1,40.0,0,N,MELB_URBAN,OTHER,7,13.0
50832,1,7,130,2,6,60.0,0,I,MELB_URBAN,ROAD,4,19.0
50833,1,5,110,1,3,60.0,0,I,MELB_URBAN,ROAD,7,6.0
50834,1,4,113,2,3,60.0,0,I,MELB_URBAN,STREET,7,20.0
50835,6,5,170,5,3,50.0,0,N,MELB_URBAN,ROAD,7,18.0
50836,1,5,110,1,3,80.0,0,I,MELB_URBAN,ROAD,7,20.0
50837,1,6,121,1,3,80.0,0,I,MELB_URBAN,ROAD,7,1.0
50838,1,4,140,5,3,100.0,0,N,MELB_URBAN,ROAD,7,23.0
50839,4,6,181,5,5,100.0,0,N,RURAL_VICTORIA,ROAD,7,3.0
50840,2,5,100,1,1,60.0,0,I,MELB_URBAN,STREET,7,13.0
50841,1,5,130,5,1,80.0,0,N,MELB_URBAN,RAMP,7,14.0
50842,4,6,171,5,3,60.0,0,N,MELB_URBAN,ROAD,7,7.0
50843,6,6,99,2,2,60.0,0,I,TOWNS,ROAD,7,7.0
50844,1,5,130,1,3,60.0,0,I,MELB_URBAN,ROAD,7,18.0
50845,1,5,134,2,2,60.0,0,I,MELB_URBAN,HIGHWAY,6,17.0
50846,1,6,113,2,2,70.0,0,I,MELB_URBAN,ROAD,7,8.0
50847,1,6,130,5,2,100.0,0,N,RURAL_VICTORIA,FREEWAY,7,7.0
50848,1,5,130,5,9,60.0,0,N,MELB_URBAN,ROAD,7,17.0
50849,8,1,99,5,1,60.0,0,N,RURAL_VICTORIA,ROAD,2,11.0
50850,1,5,99,5,1,60.0,0,N,MELB_URBAN,ROAD,4,12.0
50851,1,6,133,5,1,100.0,0,N,MELB_URBAN,FREEWAY,7,10.0
50852,1,6,160,2,1,60.0,0,I,MELB_URBAN,AVENUE,7,9.0
50853,1,5,130,5,2,70.0,0,I,MELB_URBAN,ROAD,7,16.0
50854,4,6,171,5,2,100.0,0,N,RURAL_VICTORIA,FREEWAY,7,7.0
50855,4,6,183,5,1,60.0,0,N,MELB_URBAN,ROAD,7,9.0
50856,1,5,121,1,2,80.0,0,I,MELB_URBAN,ROAD,7,8.0
50857,1,5,121,2,1,80.0,0,I,MELB_URBAN,HIGHWAY,7,13.0
50858,1,5,130,1,9,60.0,0,I,MELB_URBAN,ROAD,7,17.0
50859,1,6,113,4,1,60.0,0,I,MELB_URBAN,STREET,7,14.0
50860,3,6,167,5,9,100.0,0,N,RURAL_VICTORIA,ROAD,7,17.0
50861,1,5,130,2,1,60.0,0,I,MELB_URBAN,STREET,7,9.0
50862,2,6,99,2,2,60.0,0,I,MELB_URBAN,ROAD,7,16.0
50863,1,6,147,5,1,80.0,0,N,RURAL_VICTORIA,ROAD,7,15.0
50864,4,4,173,5,3,50.0,0,N,MELB_URBAN,OTHER,7,22.0
50865,4,6,181,5,2,50.0,0,N,MELB_URBAN,PARADE,7,16.0
50866,1,2,111,1,3,60.0,0,I,LARGE_PROVINCIAL_CITIES,STREET,7,19.0
50867,1,5,147,5,1,50.0,0,N,MELB_URBAN,ROAD,7,15.0
50868,1,5,121,2,2,60.0,0,I,MELB_URBAN,ROAD,7,17.0
50869,1,5,121,1,3,50.0,0,I,MELB_URBAN,ROAD,7,18.0
50870,1,6,130,2,3,60.0,0,I,MELB_URBAN,ROAD,7,23.0
50871,1,6,120,5,1,60.0,0,N,MELB_URBAN,ROAD,7,14.0
50872,1,5,140,5,3,60.0,0,N,MELB_URBAN,STREET,7,19.0
50873,2,5,100,1,3,60.0,0,I,MELB_URBAN,STREET,7,18.0
50874,1,6,135,5,1,60.0,0,N,MELB_URBAN,STREET,7,15.0
50875,1,6,99,1,1,60.0,0,I,MELB_URBAN,ROAD,7,15.0
50876,4,6,99,5,3,50.0,0,N,TOWNS,STREET,7,19.0
50877,1,6,130,5,3,80.0,0,N,MELB_URBAN,FREEWAY,7,17.0
50878,1,6,130,5,3,80.0,0,N,MELB_URBAN,ROAD,7,19.0
50879,4,6,171,5,3,50.0,0,N,SMALL_CITIES,ROAD,7,19.0
50880,6,5,174,2,1,60.0,0,I,MELB_URBAN,ROAD,6,9.0
50881,4,6,183,5,3,60.0,0,N,MELB_URBAN,ROAD,7,19.0
50882,1,6,121,2,3,60.0,0,I,MELB_URBAN,ROAD,7,18.0
50883,5,6,99,5,5,100.0,0,N,RURAL_VICTORIA,OTHER,7,21.0
50884,4,6,173,5,1,50.0,0,N,MELB_URBAN,ROAD,7,15.0
50885,4,6,171,5,5,110.0,0,N,RURAL_VICTORIA,FREEWAY,7,18.0
50886,1,6,120,5,2,60.0,0,N,RURAL_VICTORIA,ROAD,7,16.0
50887,6,5,174,5,5,50.0,0,N,MELB_URBAN,DRIVE,7,18.0
50888,1,6,147,5,1,60.0,0,N,MELB_URBAN,ROAD,7,15.0
50889,1,6,132,5,5,100.0,0,N,RURAL_VICTORIA,ROAD,7,17.0
50890,1,6,116,2,3,60.0,0,I,MELB_URBAN,PARADE,7,18.0
50891,1,5,130,1,2,80.0,0,I,MELB_URBAN,ROAD,7,8.0
50892,1,6,130,5,3,80.0,0,N,MELB_URBAN,HIGHWAY,7,23.0
50893,1,7,113,2,3,60.0,0,I,MELB_URBAN,AVENUE,6,18.0
50894,1,2,130,5,2,50.0,0,N,SMALL_CITIES,STREET,7,16.0
50895,1,2,130,5,2,80.0,0,N,MELB_URBAN,HIGHWAY,7,8.0
50896,4,6,171,5,1,60.0,0,N,MELB_URBAN,UNKNOWN,7,12.0
50897,8,3,174,5,1,60.0,0,N,MELB_URBAN,ROAD,5,8.0
50898,1,4,121,2,3,60.0,0,I,MELB_URBAN,ROAD,7,18.0
50899,8,7,174,5,2,60.0,0,N,MELB_URBAN,ROAD,7,7.0
50900,1,7,113,2,1,60.0,0,I,MELB_URBAN,ROAD,7,10.0
50901,1,5,132,5,1,80.0,0,N,RURAL_VICTORIA,STREET,7,10.0
50902,6,6,99,5,2,100.0,0,N,RURAL_VICTORIA,HIGHWAY,7,16.0
50903,4,6,171,5,1,100.0,0,N,RURAL_VICTORIA,HIGHWAY,7,11.0
50904,1,6,121,1,1,60.0,0,I,MELB_URBAN,ROAD,7,13.0
50905,1,6,121,4,2,70.0,0,I,MELB_URBAN,RAMP,7,7.0
50906,5,5,99,2,6,40.0,0,I,MELB_URBAN,STREET,5,0.0
50907,1,5,134,5,1,80.0,0,N,SMALL_CITIES,HIGHWAY,7,15.0
50908,2,7,100,2,1,50.0,0,N,MELB_URBAN,STREET,7,12.0
50909,2,7,102,2,1,60.0,0,I,MELB_URBAN,HIGHWAY,7,13.0
50910,1,6,130,5,1,70.0,0,N,LARGE_PROVINCIAL_CITIES,HIGHWAY,7,14.0
50911,1,1,110,1,6,50.0,0,I,SMALL_CITIES,PARADE,7,18.0
50912,1,6,130,1,1,60.0,0,N,MELB_URBAN,BOULEVARD,7,15.0
50913,1,7,121,1,2,70.0,1,I,MELB_URBAN,ROAD,7,8.0
50914,1,7,99,5,1,100.0,0,N,RURAL_VICTORIA,HIGHWAY,7,14.0
50915,1,2,130,5,3,60.0,0,N,MELB_URBAN,ROAD,7,18.0
50916,1,7,147,5,1,40.0,0,N,MELB_URBAN,STREET,7,13.0
50917,1,7,110,1,1,60.0,0,I,MELB_URBAN,ROAD,7,14.0
50918,1,7,135,5,3,100.0,0,N,MELB_URBAN,FREEWAY,7,19.0