,accident_type,day_of_week,dca_code,road_geometry,light_condition,speed_zone,severity,node_type,deg_urban_name,road_type,month,hour
50919,1,7,99,1,2,60.0,0,I,SMALL_CITIES,STREET,7,17.0
50920,1,6,163,1,1,40.0,0,I,MELBOURNE_CBD,STREET,7,9.0
50921,1,7,160,5,3,50.0,0,N,MELB_URBAN,STREET,7,18.0
50922,1,7,133,5,3,60.0,0,N,MELB_URBAN,OTHER,7,20.0
50923,1,1,140,5,3,100.0,0,N,MELB_URBAN,HIGHWAY,7,1.0
50924,1,0,120,5,3,60.0,0,N,MELB_URBAN,STREET,7,2.0
50925,4,1,181,5,3,50.0,0,N,MELB_URBAN,DRIVE,7,4.0
50926,1,0,99,5,5,80.0,0,N,RURAL_VICTORIA,ROAD,7,1.0
50927,8,1,170,5,2,50.0,0,N,MELB_URBAN,STREET,7,8.0
50928,2,1,102,1,1,60.0,0,I,MELB_URBAN,AVENUE,7,9.0
50929,4,1,181,5,1,100.0,0,N,RURAL_VICTORIA,ROAD,5,15.0
50930,1,1,110,1,1,50.0,0,I,TOWNS,STREET,7,11.0
50931,6,1,99,5,5,80.0,0,N,MELB_URBAN,ROAD,7,2.0
50932,1,1,116,1,1,80.0,0,I,MELB_URBAN,ROAD,7,11.0
50933,8,7,174,5,1,30.0,0,N,RURAL_VICTORIA,ROAD,7,11.0
50934,1,1,130,1,1,60.0,0,I,MELB_URBAN,ROAD,7,11.0
50935,1,1,121,1,1,50.0,0,I,MELB_URBAN,STREET,7,12.0
50936,6,1,174,5,1,80.0,0,N,MELB_URBAN,HIGHWAY,7,12.0
50937,4,0,183,5,1,60.0,0,N,RURAL_VICTORIA,ROAD,7,10.0
50938,4,1,173,5,1,100.0,0,N,RURAL_VICTORIA,ROAD,7,12.0
50939,1,1,130,5,1,60.0,0,N,MELB_URBAN,STREET,7,12.0
50940,6,7,99,5,1,50.0,0,N,MELB_URBAN,STREET,5,14.0
50941,1,1,116,1,1,60.0,0,I,MELB_URBAN,ROAD,7,9.0
50942,1,1,99,1,1,50.0,0,I,MELB_URBAN,ROAD,7,14.0
50943,1,5,116,1,9,60.0,0,I,MELB_URBAN,STREET,7,6.0
50944,1,6,140,2,1,60.0,0,I,MELB_URBAN,ROAD,7,12.0
50945,1,1,130,5,9,60.0,0,N,MELB_URBAN,ROAD,7,17.0
50946,2,1,99,1,3,40.0,0,N,MELB_URBAN,STREET,7,17.0
50947,2,1,100,2,5,60.0,0,I,MELB_URBAN,ROAD,7,18.0
50948,3,1,167,5,2,100.0,0,N,RURAL_VICTORIA,HIGHWAY,7,18.0
50949,1,1,110,1,2,100.0,0,N,RURAL_VICTORIA,HIGHWAY,7,17.0
50950,1,0,130,5,3,50.0,0,N,MELB_URBAN,DRIVE,7,19.0
50951,1,1,121,1,3,80.0,0,I,MELB_URBAN,ROAD,7,18.0
50952,1,1,147,5,1,60.0,0,N,LARGE_PROVINCIAL_CITIES,STREET,5,16.0
50953,1,2,99,2,3,80.0,0,I,MELB_URBAN,ROAD,7,19.0
50954,2,1,99,2,3,50.0,1,I,MELB_URBAN,STREET,7,20.0
50955,4,2,173,5,3,100.0,0,N,MELB_URBAN,UNKNOWN,7,2.0
50956,6,3,99,5,2,60.0,0,N,MELB_URBAN,ROAD,7,16.0
50957,1,2,130,5,5,110.0,0,N,RURAL_VICTORIA,FREEWAY,7,5.0
50958,1,2,113,2,2,50.0,0,I,MELB_URBAN,BOULEVARD,7,8.0
50959,1,2,113,2,2,70.0,0,I,MELB_URBAN,OTHER,7,8.0
50960,1,2,99,5,1,60.0,0,N,MELB_URBAN,ROAD,7,9.0
50961,1,2,121,5,1,60.0,0,N,MELB_URBAN,ROAD,7,9.0
50962,1,2,120,5,5,100.0,0,N,RURAL_VICTORIA,ROAD,7,6.0
50963,1,1,132,5,3,60.0,0,N,SMALL_CITIES,STREET,7,6.0
50964,1,2,110,4,1,70.0,0,I,RURAL_VICTORIA,ROAD,7,10.0
50965,1,1,130,5,2,60.0,0,N,MELB_URBAN,ROAD,12,5.0
50966,4,2,171,5,2,100.0,0,N,RURAL_VICTORIA,ROAD,7,7.0
50967,1,7,121,2,1,50.0,0,I,MELB_URBAN,STREET,7,14.0
50968,7,1,99,5,1,50.0,0,N,SMALL_CITIES,STREET,7,14.0
50969,4,2,99,1,1,40.0,0,I,MELB_URBAN,STREET,7,9.0
50970,1,1,121,1,1,60.0,0,I,SMALL_CITIES,STREET,7,12.0
50971,1,2,130,5,1,70.0,0,N,MELB_URBAN,ROAD,7,13.0
50972,3,1,167,5,5,100.0,0,N,RURAL_VICTORIA,ROAD,7,20.0
50973,8,6,174,2,2,40.0,0,I,MELB_URBAN,STREET,7,16.0
50974,1,5,110,1,3,60.0,0,I,MELB_URBAN,STREET,7,20.0
50975,1,2,130,5,1,60.0,0,N,MELB_URBAN,AVENUE,7,13.0
50976,4,2,99,2,1,50.0,0,I,SMALL_CITIES,DRIVE,7,16.0
50977,1,5,130,5,1,70.0,0,N,MELB_URBAN,STREET,10,14.0
50978,6,7,99,5,1,60.0,0,N,RURAL_VICTORIA,ROAD,7,13.0
50979,1,5,147,5,1,60.0,0,N,MELB_URBAN,ROAD,7,15.0
50980,1,1,130,2,2,80.0,0,I,MELB_URBAN,STREET,7,8.0
50981,1,4,132,1,3,40.0,0,I,MELBOURNE_CBD,STREET,6,19.0
50982,2,2,99,5,2,60.0,0,N,MELB_URBAN,ROAD,7,7.0
50983,1,2,121,1,1,60.0,0,I,RURAL_VICTORIA,ROAD,7,15.0
50984,1,2,113,2,2,50.0,0,I,MELB_URBAN,STREET,7,16.0
50985,2,2,102,1,2,40.0,0,I,MELB_URBAN,STREET,7,16.0
50986,4,2,171,2,3,80.0,0,I,MELB_URBAN,ROAD,7,18.0
50987,1,2,133,5,3,80.0,0,N,MELB_URBAN,HIGHWAY,7,17.0
50988,1,2,160,2,3,70.0,0,N,MELB_URBAN,ROAD,7,20.0
50989,1,6,134,5,1,40.0,0,N,MELBOURNE_CBD,STREET,7,11.0
50990,6,2,99,2,3,50.0,0,I,MELB_URBAN,STREET,7,19.0
50991,4,2,171,1,3,60.0,0,I,MELB_URBAN,STREET,7,21.0
50992,2,2,102,5,3,60.0,0,N,LARGE_PROVINCIAL_CITIES,ROAD,7,22.0
50993,1,2,99,1,2,60.0,0,I,MELB_URBAN,HIGHWAY,7,17.0
50994,4,3,173,2,3,60.0,0,N,MELB_URBAN,OTHER,7,3.0
50995,4,5,171,5,1,80.0,0,N,RURAL_VICTORIA,ROAD,5,14.0
50996,1,3,121,1,3,60.0,0,I,MELB_URBAN,STREET,7,6.0
50997,3,7,167,5,2,100.0,0,N,RURAL_VICTORIA,ROAD,6,7.0
50998,1,3,110,1,1,60.0,0,I,MELB_URBAN,ROAD,7,9.0
50999,1,3,130,2,2,60.0,0,I,MELB_URBAN,ROAD,7,8.0
51000,1,3,121,1,1,60.0,0,I,MELB_URBAN,STREET,7,9.0
51001,1,6,135,1,3,80.0,0,I,MELB_URBAN,HIGHWAY,7,19.0
51002,1,3,147,5,9,60.0,0,N,SMALL_CITIES,ROAD,7,18.0
51003,8,5,174,3,1,60.0,0,N,MELB_URBAN,ROAD,7,15.0
51004,6,2,174,1,1,70.0,0,I,MELB_URBAN,HIGHWAY,5,8.0
51005,1,2,110,1,1,60.0,0,I,TOWNS,OTHER,7,9.0
51006,4,3,99,2,1,100.0,0,I,RURAL_VICTORIA,ROAD,7,11.0
51007,1,3,130,5,1,60.0,0,N,MELB_URBAN,ROAD,7,13.0
51008,1,5,113,2,3,50.0,0,I,MELB_URBAN,DRIVE,6,17.0
51009,1,3,121,1,1,50.0,0,I,MELB_URBAN,STREET,7,12.0
51010,1,3,130,5,1,70.0,0,N,MELB_URBAN,ROAD,7,13.0
51011,8,2,99,5,1,100.0,0,N,RURAL_VICTORIA,ROAD,7,9.0
51012,1,3,111,3,1,100.0,0,I,RURAL_VICTORIA,HIGHWAY,7,14.0
51013,1,7,160,5,9,60.0,0,N,RURAL_VICTORIA,ROAD,7,19.0
51014,1,3,116,2,2,70.0,0,I,MELB_URBAN,OTHER,7,8.0
51015,1,3,113,2,1,80.0,0,I,MELB_URBAN,ROAD,7,14.0
51016,1,6,99,5,9,60.0,0,N,MELB_URBAN,STREET,7,23.0
51017,1,6,130,5,2,80.0,0,N,MELB_URBAN,ROAD,7,8.0
51018,1,3,130,5,1,60.0,0,N,MELB_URBAN,ROAD,7,15.0
51019,1,3,130,2,9,60.0,0,I,MELB_URBAN,STREET,5,6.0
51020,1,3,140,5,1,60.0,0,N,MELB_URBAN,ROAD,7,15.0
51021,1,3,130,4,3,60.0,0,I,RURAL_VICTORIA,ROAD,7,18.0
51022,1,3,110,1,2,60.0,0,I,LARGE_PROVINCIAL_CITIES,ROAD,7,7.0
51023,1,3,130,5,1,70.0,0,N,MELB_URBAN,STREET,7,15.0
51024,1,2,130,5,1,60.0,0,N,MELB_URBAN,STREET,7,17.0
51025,2,3,100,1,5,50.0,0,I,LARGE_PROVINCIAL_CITIES,STREET,7,18.0
51026,1,3,130,1,2,60.0,0,N,MELB_URBAN,STREET,7,17.0
51027,1,3,99,1,1,50.0,0,I,MELB_URBAN,ROAD,7,15.0
51028,1,6,130,5,2,80.0,0,N,MELB_URBAN,OTHER,7,8.0
51029,1,6,99,5,1,40.0,0,N,LARGE_PROVINCIAL_CITIES,STREET,6,13.0
51030,4,2,173,5,5,100.0,0,N,RURAL_VICTORIA,HIGHWAY,7,18.0
51031,4,4,173,5,1,60.0,0,N,TOWNS,STREET,7,11.0
51032,1,2,116,2,3,60.0,0,I,LARGE_PROVINCIAL_CITIES,STREET,7,17.0
51033,1,6,130,1,3,60.0,0,I,MELB_URBAN,ROAD,7,22.0
51034,6,3,174,5,3,70.0,0,N,MELB_URBAN,ROAD,7,18.0
51035,1,3,121,1,3,80.0,0,I,MELB_URBAN,HIGHWAY,7,20.0
51036,2,3,100,5,3,50.0,0,N,MELB_URBAN,ROAD,7,18.0
51037,1,3,110,1,5,50.0,0,I,MELB_URBAN,OTHER,7,17.0
51038,4,4,171,5,3,60.0,0,N,MELB_URBAN,ROAD,7,0.0
51039,1,3,130,2,9,80.0,0,I,MELB_URBAN,HIGHWAY,6,18.0
51040,1,1,130,1,9,60.0,0,I,MELB_URBAN,ROAD,3,18.0
51041,4,3,173,5,1,100.0,0,N,RURAL_VICTORIA,ROAD,7,13.0
51042,1,2,110,1,3,50.0,0,I,MELB_URBAN,STREET,6,18.0
51043,4,3,173,5,3,100.0,0,N,MELB_URBAN,ROAD,7,6.0
51044,1,3,140,5,3,80.0,0,N,RURAL_VICTORIA,STREET,7,17.0
51045,1,3,120,5,1,60.0,0,N,SMALL_TOWNS,ROAD,7,11.0
51046,1,4,140,5,2,60.0,0,N,LARGE_PROVINCIAL_CITIES,ROAD,7,6.0
51047,1,4,99,5,3,100.0,0,N,MELB_URBAN,ROAD,7,6.0
51048,1,4,121,1,2,70.0,0,I,MELB_URBAN,ROAD,7,7.0
51049,3,2,167,5,1,100.0,0,N,RURAL_VICTORIA,HIGHWAY,3,8.0
51050,3,4,167,5,1,60.0,0,N,MELB_URBAN,ROAD,7,9.0
51051,4,1,171,1,3,60.0,0,I,MELB_URBAN,ROAD,5,0.0
51052,1,4,121,1,2,70.0,0,I,LARGE_PROVINCIAL_CITIES,ROAD,7,8.0
51053,1,4,120,5,1,50.0,0,N,SMALL_CITIES,ROAD,7,11.0
51054,1,3,130,2,1,70.0,0,I,LARGE_PROVINCIAL_CITIES,HIGHWAY,7,9.0
51055,8,3,170,5,5,110.0,0,N,RURAL_VICTORIA,FREEWAY,7,18.0
51056,1,4,140,5,1,60.0,0,N,SMALL_CITIES,STREET,7,9.0
51057,6,1,174,5,2,40.0,0,N,MELB_URBAN,ROAD,7,16.0
51058,1,1,110,1,2,80.0,0,I,TOWNS,HIGHWAY,7,17.0
51059,1,4,130,5,2,80.0,0,N,MELB_URBAN,HIGHWAY,7,7.0
51060,1,2,110,1,1,50.0,0,I,MELB_URBAN,STREET,7,15.0
51061,1,0,160,5,3,60.0,0,N,MELB_URBAN,ROAD,6,19.0
51062,4,6,99,2,2,100.0,0,I,RURAL_VICTORIA,ROAD,4,18.0
51063,4,4,173,5,1,70.0,0,N,RURAL_VICTORIA,ROAD,7,11.0
51064,4,4,173,1,1,70.0,0,N,MELB_URBAN,ROAD,7,12.0
51065,4,4,171,5,1,100.0,0,N,MELB_URBAN,UNKNOWN,7,12.0
51066,1,3,130,5,3,70.0,0,N,MELB_URBAN,ROAD,7,17.0
51067,1,5,121,1,1,60.0,0,I,LARGE_PROVINCIAL_CITIES,STREET,5,15.0
51068,1,2,130,5,1,50.0,0,N,SMALL_CITIES,ROAD,7,14.0
51069,1,4,140,5,1,60.0,0,N,MELB_URBAN,AVENUE,7,13.0
51070,1,4,130,5,9,60.0,0,N,MELB_URBAN,ROAD,10,16.0
51071,1,5,130,5,3,70.0,0,I,MELB_URBAN,ROAD,7,19.0
51072,1,3,113,1,6,60.0,0,N,MELB_URBAN,STREET,4,18.0
51073,1,4,140,5,1,60.0,0,N,MELB_URBAN,ROAD,7,15.0
51074,1,4,130,5,1,40.0,0,N,MELBOURNE_CBD,STREET,7,15.0
51075,4,4,173,6,1,50.0,0,N,LARGE_PROVINCIAL_CITIES,OTHER,7,14.0
51076,1,4,130,5,3,100.0,0,N,MELB_URBAN,UNKNOWN,7,18.0
51077,1,4,130,5,1,100.0,0,N,RURAL_VICTORIA,HIGHWAY,7,15.0
51078,4,4,171,5,2,50.0,0,N,MELB_URBAN,ROAD,7,16.0
51079,1,4,121,1,1,80.0,0,I,RURAL_VICTORIA,STREET,7,14.0
51080,4,4,173,5,2,110.0,0,N,RURAL_VICTORIA,FREEWAY,7,16.0
51081,1,3,130,5,1,60.0,0,N,MELB_URBAN,STREET,7,12.0
51082,1,3,110,1,2,60.0,0,I,LARGE_PROVINCIAL_CITIES,OTHER,7,17.0
51083,6,7,184,5,1,60.0,0,N,RURAL_VICTORIA,OTHER,7,14.0
51084,1,5,130,1,2,70.0,0,I,TOWNS,HIGHWAY,7,6.0
51085,1,4,113,2,3,60.0,0,I,MELB_URBAN,ROAD,7,18.0
51086,1,3,130,2,2,60.0,0,I,MELB_URBAN,ROAD,7,7.0
51087,1,4,120,5,1,80.0,1,N,RURAL_VICTORIA,ROAD,7,12.0
51088,1,3,99,5,2,100.0,0,N,MELB_URBAN,FREEWAY,7,6.0
51089,2,5,99,2,3,60.0,0,I,MELB_URBAN,OTHER,7,2.0
51090,3,4,167,5,5,100.0,0,N,RURAL_VICTORIA,HIGHWAY,7,23.0
51091,1,4,135,5,3,80.0,0,N,MELB_URBAN,OTHER,7,21.0
51092,2,2,100,1,1,40.0,0,I,MELB_URBAN,ROAD,7,12.0
51093,1,5,99,1,5,50.0,0,I,SMALL_CITIES,STREET,7,7.0
51094,3,5,167,5,5,100.0,0,N,RURAL_VICTORIA,ROAD,7,6.0
51095,3,5,167,5,2,100.0,0,N,RURAL_VICTORIA,ROAD,7,7.0
51096,1,5,130,5,1,60.0,0,N,MELB_URBAN,ROAD,6,15.0
51097,1,5,121,2,2,60.0,0,I,MELB_URBAN,ROAD,7,8.0
51098,1,5,116,2,2,50.0,0,I,MELB_URBAN,STREET,7,7.0
51099,1,4,99,5,3,60.0,0,N,MELB_URBAN,OTHER,7,18.0
51100,1,3,147,5,3,60.0,0,N,MELB_URBAN,ROAD,7,18.0
51101,1,1,130,5,1,80.0,0,N,MELB_URBAN,FREEWAY,7,13.0
51102,1,5,110,1,1,50.0,0,I,SMALL_CITIES,STREET,7,10.0
51103,1,5,130,2,1,60.0,0,I,TOWNS,HIGHWAY,7,10.0
51104,1,4,99,5,2,60.0,0,N,MELB_URBAN,ROAD,7,17.0
51105,1,7,130,5,1,50.0,0,N,MELB_URBAN,PARADE,2,12.0
51106,1,6,99,2,1,60.0,0,I,MELB_URBAN,STREET,7,14.0
51107,1,2,130,5,2,60.0,0,N,MELB_URBAN,STREET,7,8.0
51108,1,5,121,1,1,60.0,0,I,MELB_URBAN,ROAD,7,10.0
51109,1,5,134,5,1,100.0,0,N,MELB_URBAN,FREEWAY,7,10.0
51110,2,4,102,5,2,40.0,0,N,MELB_URBAN,ROAD,7,7.0
51111,1,5,132,2,1,60.0,0,I,MELB_URBAN,ROAD,7,14.0
51112,6,2,174,5,1,100.0,0,N,RURAL_VICTORIA,OTHER,5,10.0
51113,4,5,181,5,1,100.0,0,N,RURAL_VICTORIA,ROAD,7,13.0
51114,1,4,111,1,1,100.0,0,I,RURAL_VICTORIA,ROAD,7,15.0
51115,1,5,113,2,1,60.0,0,I,MELB_URBAN,ROAD,7,15.0
51116,5,5,99,5,2,100.0,0,N,MELB_URBAN,RAMP,7,6.0
51117,1,5,110,1,3,50.0,0,I,MELB_URBAN,STREET,7,18.0
51118,1,5,135,5,2,60.0,0,N,MELB_URBAN,OTHER,7,17.0
51119,4,5,181,5,3,100.0,0,N,MELB_URBAN,ROAD,7,18.0
51120,1,5,110,1,3,60.0,0,I,LARGE_PROVINCIAL_CITIES,AVENUE,7,20.0
51121,5,5,99,5,1,60.0,0,N,MELB_URBAN,STREET,7,11.0
51122,1,5,113,2,5,80.0,0,I,MELB_URBAN,ROAD,7,19.0
51123,1,5,121,1,3,60.0,0,I,MELB_URBAN,STREET,7,17.0
51124,4,5,173,5,1,100.0,1,N,RURAL_VICTORIA,ROAD,7,15.0
51125,2,5,102,5,3,60.0,1,N,MELB_URBAN,STREET,7,18.0
51126,1,6,160,5,3,60.0,0,N,MELB_URBAN,ROAD,7,4.0
51127,4,5,99,2,5,80.0,0,I,RURAL_VICTORIA,ROAD,7,22.0
51128,4,6,171,5,3,60.0,0,N,MELB_URBAN,ROAD,7,4.0
51129,6,6,99,5,5,60.0,0,N,RURAL_VICTORIA,STREET,7,6.0
51130,1,7,111,2,1,60.0,0,I,MELB_URBAN,ROAD,7,13.0
51131,4,6,173,5,3,80.0,0,N,MELB_URBAN,ROAD,7,6.0
51132,8,5,99,5,5,100.0,0,N,RURAL_VICTORIA,ROAD,5,23.0
51133,1,2,135,5,5,100.0,0,N,MELB_URBAN,FREEWAY,7,2.0
51134,4,6,171,5,2,110.0,0,N,RURAL_VICTORIA,FREEWAY,7,7.0
51135,4,5,171,2,3,60.0,0,I,SMALL_CITIES,ROAD,7,20.0
51136,1,2,121,2,2,80.0,0,N,MELB_URBAN,ROAD,7,16.0
51137,1,1,130,5,1,50.0,0,N,MELB_URBAN,STREET,5,9.0
51138,1,5,110,1,2,60.0,0,I,MELB_URBAN,ROAD,7,8.0
51139,6,4,174,2,3,60.0,0,I,LARGE_PROVINCIAL_CITIES,STREET,7,7.0
51140,1,6,130,2,2,60.0,0,I,MELB_URBAN,BOULEVARD,7,7.0
51141,4,6,173,5,1,40.0,0,N,MELB_URBAN,STREET,7,9.0
51142,1,6,110,1,2,60.0,0,I,SMALL_CITIES,HIGHWAY,7,8.0
51143,1,2,132,5,1,50.0,0,N,MELB_URBAN,STREET,7,13.0
51144,1,2,111,2,2,50.0,0,I,SMALL_CITIES,ROAD,7,8.0
51145,2,4,99,5,1,60.0,0,N,LARGE_PROVINCIAL_CITIES,STREET,7,12.0
51146,4,6,181,5,2,100.0,0,N,RURAL_VICTORIA,HIGHWAY,7,6.0
51147,4,5,171,5,5,80.0,0,N,RURAL_VICTORIA,ROAD,7,22.0
51148,2,6,100,1,1,50.0,0,I,MELB_URBAN,STREET,7,10.0
51149,4,6,173,5,2,60.0,0,N,RURAL_VICTORIA,ROAD,7,7.0
51150,4,6,171,5,2,60.0,0,N,RURAL_VICTORIA,ROAD,7,7.0
51151,1,6,130,5,2,100.0,0,N,MELB_URBAN,FREEWAY,6,18.0
51152,1,6,99,1,2,50.0,0,I,MELB_URBAN,STREET,7,8.0
51153,1,5,121,1,1,100.0,0,I,RURAL_VICTORIA,ROAD,7,12.0
51154,1,6,99,1,1,60.0,0,I,MELB_URBAN,ROAD,7,9.0
51155,1,6,121,2,1,60.0,0,I,MELB_URBAN,ROAD,7,13.0
51156,8,7,174,2,1,100.0,0,I,RURAL_VICTORIA,ROAD,6,13.0
51157,1,6,99,2,1,60.0,0,I,MELB_URBAN,ROAD,7,12.0
51158,8,6,170,1,2,60.0,0,I,SMALL_CITIES,STREET,7,7.0
51159,1,5,99,5,6,50.0,0,N,MELB_URBAN,ROAD,7,0.0
51160,8,4,174,5,1,100.0,0,N,RURAL_VICTORIA,ROAD,7,15.0
51161,1,6,130,5,1,100.0,0,N,SMALL_TOWNS,FREEWAY,7,13.0
51162,4,6,181,5,1,60.0,0,N,MELB_URBAN,ROAD,7,14.0
51163,1,6,121,2,1,80.0,0,I,SMALL_CITIES,HIGHWAY,7,12.0
51164,1,1,130,5,1,50.0,0,N,RURAL_VICTORIA,RAMP,7,9.0
51165,1,5,113,1,2,60.0,0,I,RURAL_VICTORIA,ROAD,7,6.0
51166,1,4,121,1,1,60.0,0,I,MELB_URBAN,ROAD,7,14.0
51167,1,6,113,2,1,60.0,0,I,MELB_URBAN,ROAD,7,15.0
51168,4,6,99,5,1,100.0,0,N,RURAL_VICTORIA,ROAD,7,13.0
51169,1,4,130,4,3,80.0,0,I,MELB_URBAN,HIGHWAY,7,18.0
51170,1,5,130,5,1,100.0,0,N,MELB_URBAN,FREEWAY,7,15.0
51171,4,6,181,5,2,60.0,0,N,RURAL_VICTORIA,ROAD,7,16.0
51172,2,6,102,5,2,60.0,0,N,MELB_URBAN,ROAD,7,16.0
51173,1,4,130,2,6,60.0,0,I,MELB_URBAN,ROAD,7,19.0
51174,2,6,102,1,2,60.0,0,I,MELB_URBAN,ROAD,7,17.0
51175,6,3,170,5,3,50.0,0,N,MELB_URBAN,AVENUE,7,18.0
51176,1,6,147,5,2,80.0,0,N,MELB_URBAN,HIGHWAY,7,16.0
51177,1,6,113,2,3,80.0,0,I,MELB_URBAN,ROAD,7,18.0
51178,1,6,132,5,5,100.0,0,N,RURAL_VICTORIA,ROAD,7,18.0
51179,1,4,132,5,1,60.0,0,N,MELB_URBAN,HIGHWAY,7,13.0
51180,1,6,147,2,1,60.0,0,N,MELB_URBAN,ROAD,7,13.0
51181,6,6,174,1,2,50.0,0,I,LARGE_PROVINCIAL_CITIES,STREET,7,17.0
51182,1,6,130,2,2,60.0,0,I,LARGE_PROVINCIAL_CITIES,STREET,7,17.0
51183,1,5,110,1,1,50.0,0,I,LARGE_PROVINCIAL_CITIES,STREET,7,14.0
51184,1,3,113,2,9,60.0,0,I,MELB_URBAN,DRIVE,4,17.0
51185,1,6,121,2,3,60.0,0,I,MELB_URBAN,ROAD,7,19.0
51186,1,6,120,5,5,100.0,0,N,RURAL_VICTORIA,HIGHWAY,7,17.0
51187,1,6,130,5,3,100.0,0,N,MELB_URBAN,FREEWAY,7,19.0
51188,1,6,160,5,3,50.0,0,N,SMALL_CITIES,OTHER,7,21.0
51189,1,6,160,5,3,50.0,0,N,MELB_URBAN,STREET,7,20.0
51190,1,6,99,5,3,40.0,0,N,MELB_URBAN,ROAD,7,19.0
51191,4,5,99,2,3,60.0,0,I,MELB_URBAN,RAMP,7,2.0
51192,1,6,99,5,1,80.0,1,N,RURAL_VICTORIA,ROAD,7,15.0
51193,1,6,121,2,1,60.0,0,I,MELB_URBAN,ROAD,7,15.0
51194,4,7,171,2,3,60.0,0,I,MELB_URBAN,ROAD,8,0.0
51195,1,6,132,1,3,60.0,0,I,MELB_URBAN,STREET,7,22.0
51196,1,5,99,1,1,80.0,0,I,MELB_URBAN,ROAD,7,12.0
51197,1,6,130,5,3,50.0,0,N,MELBOURNE_CBD,STREET,7,20.0
51198,1,7,99,5,3,60.0,0,N,MELB_URBAN,ROAD,8,0.0
51199,1,4,130,5,1,70.0,0,N,MELB_URBAN,ROAD,7,15.0
51200,1,6,130,5,1,50.0,0,N,SMALL_CITIES,STREET,7,11.0
51201,1,6,130,4,3,80.0,0,I,MELB_URBAN,ROAD,8,6.0
51202,1,7,121,1,1,70.0,0,I,MELB_URBAN,ROAD,8,9.0
51203,1,6,134,1,2,60.0,0,I,MELB_URBAN,ROAD,8,7.0
51204,4,6,171,5,1,70.0,0,N,MELB_URBAN,ROAD,8,9.0
51205,1,5,113,2,2,60.0,0,I,MELB_URBAN,ROAD,7,7.0
51206,1,7,113,1,1,60.0,0,I,RURAL_VICTORIA,ROAD,8,12.0
51207,2,7,100,5,1,60.0,1,N,MELB_URBAN,STREET,8,10.0
51208,1,7,113,4,1,60.0,0,I,MELB_URBAN,RAMP,8,12.0
51209,2,7,100,1,1,50.0,0,I,MELB_URBAN,STREET,8,13.0
51210,4,7,171,1,1,50.0,0,I,TOWNS,STREET,8,13.0
51211,6,6,170,5,6,60.0,0,N,RURAL_VICTORIA,ROAD,7,21.0
51212,2,4,100,1,2,50.0,0,I,MELB_URBAN,STREET,7,8.0
51213,1,6,147,5,3,70.0,0,N,MELB_URBAN,ROAD,7,18.0
51214,4,7,183,5,1,100.0,0,N,RURAL_VICTORIA,ROAD,8,10.0
51215,1,7,121,2,1,80.0,0,I,MELB_URBAN,ROAD,8,10.0
51216,4,7,171,5,1,80.0,0,N,RURAL_VICTORIA,ROAD,8,14.0
51217,1,7,160,5,1,50.0,0,N,MELB_URBAN,STREET,8,15.0
51218,1,7,130,5,5,100.0,0,N,RURAL_VICTORIA,HIGHWAY,8,18.0
51219,1,6,130,5,3,80.0,0,N,MELB_URBAN,FREEWAY,8,18.0
51220,1,7,160,2,2,60.0,0,N,MELB_URBAN,STREET,8,17.0
51221,1,7,160,5,3,60.0,0,N,MELB_URBAN,ROAD,8,20.0
51222,1,7,113,2,3,70.0,0,I,SMALL_CITIES,HIGHWAY,8,18.0
51223,1,7,99,2,3,60.0,0,N,MELB_URBAN,OTHER,8,21.0
51224,1,1,130,1,3,60.0,0,I,MELB_URBAN,STREET,8,0.0
51225,1,7,160,5,3,50.0,0,N,MELB_URBAN,STREET,8,22.0
51226,1,1,160,5,3,60.0,0,N,MELB_URBAN,ROAD,8,0.0
51227,1,1,99,1,2,100.0,0,I,MELB_URBAN,ROAD,8,7.0
51228,6,1,184,5,1,60.0,0,N,MELB_URBAN,RAMP,8,9.0
51229,1,1,111,2,1,60.0,0,N,MELB_URBAN,ROAD,8,10.0
51230,2,2,99,1,9,50.0,0,I,MELB_URBAN,STREET,7,7.0
51231,1,1,99,5,1,100.0,0,N,RURAL_VICTORIA,ROAD,8,11.0
51232,1,6,121,1,1,80.0,0,I,MELB_URBAN,HIGHWAY,7,14.0
51233,1,0,130,5,1,60.0,0,N,MELB_URBAN,ROAD,8,13.0
51234,2,1,99,5,1,60.0,0,N,MELB_URBAN,DRIVE,8,14.0
51235,1,7,147,5,9,60.0,0,N,MELB_URBAN,ROAD,8,15.0
51236,4,7,181,5,5,60.0,0,N,TOWNS,ROAD,8,18.0
51237,1,1,121,1,1,80.0,0,I,MELB_URBAN,ROAD,8,11.0
51238,1,6,130,5,1,60.0,0,N,MELB_URBAN,ROAD,7,13.0
51239,1,6,130,5,3,60.0,0,N,MELB_URBAN,ROAD,8,19.0
51240,8,3,174,1,2,70.0,0,I,MELB_URBAN,ROAD,7,7.0
51241,2,1,102,5,1,60.0,0,N,LARGE_PROVINCIAL_CITIES,STREET,8,15.0
51242,6,1,174,2,1,80.0,0,I,MELB_URBAN,ROAD,8,14.0
51243,4,6,183,5,2,60.0,0,N,RURAL_VICTORIA,ROAD,7,16.0
51244,6,1,170,5,1,100.0,0,N,RURAL_VICTORIA,HIGHWAY,8,15.0
51245,2,1,100,5,1,50.0,0,N,MELB_URBAN,ROAD,8,16.0
51246,2,1,102,1,1,50.0,0,I,TOWNS,HIGHWAY,8,16.0
51247,4,1,171,5,2,100.0,0,N,RURAL_VICTORIA,HIGHWAY,8,16.0
51248,8,1,170,5,1,100.0,0,N,RURAL_VICTORIA,ROAD,8,16.0
51249,2,1,102,1,3,60.0,0,I,MELB_URBAN,STREET,8,6.0
51250,4,1,99,2,3,50.0,0,N,MELB_URBAN,STREET,8,17.0