,accident_type,day_of_week,dca_code,road_geometry,light_condition,speed_zone,severity,node_type,deg_urban_name,road_type,month,hour
51251,1,3,111,1,2,50.0,0,I,TOWNS,STREET,7,16.0
51252,2,1,102,5,3,60.0,0,N,MELB_URBAN,STREET,8,18.0
51253,6,1,170,2,6,80.0,0,I,SMALL_CITIES,ROAD,8,18.0
51254,4,1,99,5,2,100.0,0,N,RURAL_VICTORIA,HIGHWAY,8,17.0
51255,1,2,111,2,1,50.0,0,I,MELB_URBAN,STREET,7,12.0
51256,1,0,110,1,1,40.0,0,I,MELB_URBAN,STREET,8,13.0
51257,1,1,121,2,3,70.0,0,I,MELB_URBAN,STREET,8,19.0
51258,1,1,110,1,3,80.0,0,I,MELB_URBAN,HIGHWAY,8,0.0
51259,2,4,99,5,3,70.0,0,N,MELB_URBAN,ROAD,7,17.0
51260,4,1,171,5,5,110.0,0,N,RURAL_VICTORIA,FREEWAY,8,23.0
51261,1,3,130,5,5,100.0,0,N,MELB_URBAN,RAMP,7,6.0
51262,1,2,130,5,2,70.0,0,N,MELB_URBAN,ROAD,8,6.0
51263,4,4,173,5,1,60.0,0,N,MELB_URBAN,STREET,7,9.0
51264,4,1,181,5,1,100.0,0,N,RURAL_VICTORIA,ROAD,8,14.0
51265,4,1,171,5,1,60.0,0,N,MELB_URBAN,ROAD,8,9.0
51266,1,2,130,5,1,80.0,0,N,MELB_URBAN,RAMP,8,8.0
51267,1,1,110,1,1,60.0,0,I,SMALL_TOWNS,STREET,8,12.0
51268,1,6,130,5,2,80.0,0,I,MELB_URBAN,HIGHWAY,7,17.0
51269,4,5,181,5,2,80.0,0,N,RURAL_VICTORIA,ROAD,6,8.0
51270,6,2,99,5,3,50.0,0,N,SMALL_CITIES,DRIVE,8,1.0
51271,1,2,130,5,1,40.0,0,N,MELB_URBAN,STREET,8,9.0
51272,2,2,102,5,1,50.0,0,N,MELB_URBAN,OTHER,8,10.0
51273,1,1,99,5,9,70.0,0,I,MELB_URBAN,ROAD,5,23.0
51274,8,2,174,5,3,40.0,0,N,MELBOURNE_CBD,STREET,7,18.0
51275,2,4,99,5,1,40.0,0,N,MELB_URBAN,ROAD,7,15.0
51276,1,2,130,5,1,50.0,0,N,LARGE_PROVINCIAL_CITIES,STREET,8,12.0
51277,4,1,171,5,1,50.0,0,N,MELB_URBAN,STREET,8,10.0
51278,2,2,100,5,2,50.0,0,N,MELB_URBAN,STREET,8,7.0
51279,1,2,133,5,2,100.0,0,N,MELB_URBAN,FREEWAY,8,7.0
51280,3,4,167,5,2,100.0,0,N,RURAL_VICTORIA,ROAD,7,7.0
51281,2,2,102,1,1,50.0,0,I,MELB_URBAN,ROAD,8,13.0
51282,4,0,173,5,1,100.0,0,N,RURAL_VICTORIA,HIGHWAY,8,13.0
51283,1,3,130,5,2,100.0,0,N,MELB_URBAN,UNKNOWN,7,17.0
51284,1,4,130,1,1,80.0,0,I,MELB_URBAN,ROAD,7,14.0
51285,1,5,130,1,9,60.0,0,I,MELB_URBAN,ROAD,7,13.0
51286,3,5,167,5,2,60.0,0,N,SMALL_TOWNS,ROAD,7,16.0
51287,4,7,173,5,3,50.0,0,N,MELB_URBAN,UNKNOWN,8,3.0
51288,8,6,99,5,1,100.0,0,N,RURAL_VICTORIA,HIGHWAY,7,9.0
51289,4,4,173,5,5,100.0,0,N,RURAL_VICTORIA,ROAD,7,21.0
51290,6,7,99,5,1,80.0,0,N,MELB_URBAN,ROAD,7,15.0
51291,8,5,174,5,1,100.0,0,N,RURAL_VICTORIA,ROAD,5,15.0
51292,1,2,121,5,1,60.0,0,I,MELB_URBAN,ROAD,8,16.0
51293,1,2,130,5,1,70.0,0,N,MELB_URBAN,ROAD,8,16.0
51294,4,1,171,5,1,100.0,0,N,RURAL_VICTORIA,HIGHWAY,8,15.0
51295,1,5,130,2,2,60.0,0,I,MELB_URBAN,ROAD,7,16.0
51296,1,3,130,1,1,80.0,0,I,MELB_URBAN,STREET,7,11.0
51297,4,4,171,5,5,110.0,0,N,RURAL_VICTORIA,FREEWAY,2,4.0
51298,1,2,130,1,1,60.0,0,I,MELB_URBAN,HIGHWAY,8,15.0
51299,6,2,99,5,1,100.0,0,N,RURAL_VICTORIA,ROAD,8,16.0
51300,8,6,174,5,1,50.0,0,N,MELB_URBAN,DRIVE,7,10.0
51301,1,2,160,2,6,50.0,0,I,MELB_URBAN,ROAD,8,20.0
51302,1,2,160,5,3,50.0,0,N,MELB_URBAN,STREET,8,19.0
51303,4,1,181,5,5,80.0,0,N,RURAL_VICTORIA,ROAD,8,22.0
51304,1,5,147,5,2,60.0,0,N,MELB_URBAN,PARADE,7,8.0
51305,1,5,110,1,3,50.0,0,I,MELB_URBAN,ROAD,5,17.0
51306,4,2,171,2,3,40.0,0,I,MELB_URBAN,ROAD,8,22.0
51307,4,3,173,1,3,60.0,0,N,MELB_URBAN,STREET,8,2.0
51308,8,6,174,1,2,60.0,0,N,MELB_URBAN,STREET,7,8.0
51309,1,1,130,5,1,60.0,0,N,MELB_URBAN,FREEWAY,8,12.0
51310,1,3,121,1,1,60.0,0,I,MELB_URBAN,ROAD,8,8.0
51311,1,2,99,5,5,50.0,0,N,MELB_URBAN,AVENUE,8,19.0
51312,1,7,130,1,1,60.0,0,I,MELB_URBAN,ROAD,8,14.0
51313,1,3,99,5,1,100.0,0,N,MELB_URBAN,ROAD,8,9.0
51314,1,2,160,1,3,50.0,0,I,MELB_URBAN,STREET,10,19.0
51315,1,2,99,5,1,50.0,0,N,MELB_URBAN,ROAD,7,10.0
51316,1,3,134,5,1,60.0,0,N,SMALL_CITIES,ROAD,8,8.0
51317,1,6,130,1,1,80.0,0,I,MELB_URBAN,HIGHWAY,7,13.0
51318,1,3,147,5,3,80.0,0,N,MELB_URBAN,ROAD,8,7.0
51319,1,2,121,2,1,60.0,0,I,MELB_URBAN,ROAD,8,9.0
51320,8,1,174,5,1,60.0,0,N,MELB_URBAN,ROAD,8,11.0
51321,2,3,99,5,1,40.0,0,N,MELB_URBAN,STREET,8,11.0
51322,1,3,132,5,1,60.0,0,N,MELB_URBAN,ROAD,8,13.0
51323,1,3,135,1,1,80.0,0,N,MELB_URBAN,DRIVE,8,14.0
51324,1,2,110,1,1,50.0,0,I,MELB_URBAN,ROAD,12,13.0
51325,1,3,99,4,1,60.0,0,I,MELB_URBAN,STREET,8,13.0
51326,2,6,99,5,2,60.0,0,N,MELB_URBAN,DRIVE,7,8.0
51327,1,3,130,2,1,80.0,0,N,MELB_URBAN,ROAD,4,16.0
51328,1,3,130,5,1,80.0,0,N,MELB_URBAN,STREET,8,15.0
51329,2,3,102,2,3,50.0,0,I,MELB_URBAN,ROAD,7,18.0
51330,4,3,183,5,1,80.0,0,N,RURAL_VICTORIA,RAMP,8,15.0
51331,1,2,99,5,1,50.0,0,N,MELB_URBAN,STREET,8,15.0
51332,1,3,121,2,1,60.0,0,I,MELB_URBAN,ROAD,8,13.0
51333,1,3,121,5,1,50.0,0,N,LARGE_PROVINCIAL_CITIES,ROAD,8,14.0
51334,1,6,121,2,3,60.0,0,I,MELB_URBAN,ROAD,7,18.0
51335,8,2,99,5,5,50.0,0,N,MELB_URBAN,ROAD,8,22.0
51336,1,2,133,5,1,100.0,0,N,MELB_URBAN,FREEWAY,8,16.0
51337,1,2,130,5,5,100.0,0,N,RURAL_VICTORIA,ROAD,8,18.0
51338,4,3,183,5,1,100.0,0,N,RURAL_VICTORIA,ROAD,8,13.0
51339,1,2,110,1,1,50.0,0,I,MELB_URBAN,STREET,8,16.0
51340,4,7,181,5,5,60.0,0,N,TOWNS,ROAD,4,21.0
51341,1,5,132,5,1,60.0,0,N,LARGE_PROVINCIAL_CITIES,STREET,6,9.0
51342,1,2,130,2,2,60.0,0,N,MELB_URBAN,ROAD,7,16.0
51343,1,4,130,2,9,60.0,0,I,MELB_URBAN,ROAD,6,15.0
51344,1,3,121,2,1,60.0,0,I,TOWNS,HIGHWAY,8,16.0
51345,1,2,134,5,2,60.0,0,N,MELB_URBAN,ROAD,7,16.0
51346,4,4,171,5,3,70.0,0,N,MELB_URBAN,ROAD,8,6.0
51347,1,0,110,1,1,60.0,0,I,LARGE_PROVINCIAL_CITIES,HIGHWAY,6,14.0
51348,4,0,171,2,1,60.0,0,N,MELB_URBAN,ROAD,8,8.0
51349,1,5,110,1,2,60.0,0,I,MELB_URBAN,ROAD,7,18.0
51350,1,3,113,2,1,60.0,0,I,MELB_URBAN,STREET,8,9.0
51351,2,4,102,1,1,80.0,0,I,MELB_URBAN,ROAD,8,9.0
51352,1,2,163,5,1,40.0,0,N,MELBOURNE_CBD,STREET,7,15.0
51353,1,4,134,5,1,110.0,0,N,RURAL_VICTORIA,FREEWAY,8,9.0
51354,6,2,184,5,2,80.0,0,N,RURAL_VICTORIA,ROAD,7,17.0
51355,1,4,147,5,1,60.0,0,N,LARGE_PROVINCIAL_CITIES,ROAD,8,10.0
51356,1,4,99,5,3,50.0,1,N,MELB_URBAN,STREET,8,4.0
51357,1,4,130,1,1,80.0,0,I,MELB_URBAN,HIGHWAY,8,11.0
51358,1,4,130,5,3,100.0,0,N,MELB_URBAN,FREEWAY,7,6.0
51359,1,5,147,2,2,60.0,0,N,MELB_URBAN,ROAD,7,16.0
51360,4,4,99,2,5,40.0,0,I,MELB_URBAN,ROAD,7,20.0
51361,5,4,99,1,1,50.0,0,I,LARGE_PROVINCIAL_CITIES,STREET,8,12.0
51362,8,4,174,1,1,70.0,0,I,LARGE_PROVINCIAL_CITIES,HIGHWAY,8,14.0
51363,6,3,174,1,3,50.0,0,I,LARGE_PROVINCIAL_CITIES,STREET,8,19.0
51364,1,4,121,2,1,80.0,0,I,MELB_URBAN,ROAD,8,9.0
51365,1,4,130,2,1,60.0,0,I,MELB_URBAN,ROAD,8,10.0
51366,5,1,99,5,1,60.0,0,N,RURAL_VICTORIA,OTHER,8,14.0
51367,8,1,174,5,1,50.0,0,N,RURAL_VICTORIA,ROAD,8,10.0
51368,1,5,121,5,3,60.0,0,N,MELB_URBAN,STREET,7,18.0
51369,8,4,174,5,2,60.0,0,N,MELB_URBAN,ROAD,8,17.0
51370,1,4,116,1,1,80.0,0,I,MELB_URBAN,HIGHWAY,8,16.0
51371,1,2,130,5,1,60.0,0,N,MELB_URBAN,HIGHWAY,8,13.0
51372,1,4,113,2,1,70.0,0,I,MELB_URBAN,ROAD,8,15.0
51373,2,4,102,2,2,40.0,0,I,MELB_URBAN,ROAD,8,17.0
51374,1,6,130,1,1,60.0,0,I,MELB_URBAN,STREET,7,11.0
51375,1,4,99,1,3,60.0,0,I,MELB_URBAN,STREET,8,18.0
51376,8,1,174,2,1,70.0,0,I,MELB_URBAN,ROAD,8,12.0
51377,1,4,99,5,3,70.0,0,N,SMALL_CITIES,ROAD,8,21.0
51378,1,3,130,5,1,80.0,0,N,MELB_URBAN,RAMP,8,16.0
51379,1,7,130,2,1,80.0,0,I,MELB_URBAN,HIGHWAY,6,12.0
51380,1,4,130,5,3,60.0,0,N,MELB_URBAN,PARADE,8,23.0
51381,4,4,171,5,3,100.0,0,N,LARGE_PROVINCIAL_CITIES,ROAD,8,22.0
51382,1,5,120,5,3,60.0,0,N,MELB_URBAN,ROAD,8,3.0
51383,2,4,100,2,1,80.0,0,I,MELB_URBAN,ROAD,8,13.0
51384,4,5,181,5,5,50.0,0,N,RURAL_VICTORIA,DRIVE,8,3.0
51385,2,5,102,1,3,50.0,0,I,MELB_URBAN,STREET,8,6.0
51386,1,4,147,5,5,80.0,0,I,MELB_URBAN,ROAD,8,20.0
51387,1,5,116,2,2,70.0,0,I,MELB_URBAN,ROAD,8,7.0
51388,1,6,99,5,2,60.0,0,N,MELB_URBAN,HIGHWAY,7,18.0
51389,4,5,181,5,5,100.0,0,N,RURAL_VICTORIA,HIGHWAY,8,5.0
51390,1,4,99,2,3,50.0,0,N,MELB_URBAN,OTHER,8,18.0
51391,2,3,99,2,1,50.0,0,N,MELB_URBAN,STREET,8,11.0
51392,4,1,173,5,2,100.0,0,N,RURAL_VICTORIA,HIGHWAY,8,7.0
51393,1,4,160,5,3,50.0,0,N,SMALL_CITIES,AVENUE,8,20.0
51394,4,0,183,5,1,60.0,0,N,RURAL_VICTORIA,ROAD,7,14.0
51395,8,5,174,5,1,100.0,0,N,MELB_URBAN,UNKNOWN,8,9.0
51396,1,5,113,2,1,50.0,0,I,MELB_URBAN,BOULEVARD,8,9.0
51397,1,3,110,1,2,60.0,0,I,LARGE_PROVINCIAL_CITIES,ROAD,8,18.0
51398,1,2,130,5,5,90.0,0,N,MELB_URBAN,ROAD,7,17.0
51399,4,5,171,5,1,100.0,0,N,RURAL_VICTORIA,ROAD,8,8.0
51400,4,7,171,5,1,100.0,0,N,RURAL_VICTORIA,ROAD,8,11.0
51401,1,5,130,2,1,60.0,0,I,MELB_URBAN,STREET,8,10.0
51402,4,5,183,5,2,100.0,0,N,RURAL_VICTORIA,ROAD,8,7.0
51403,1,2,110,1,1,50.0,0,I,MELB_URBAN,STREET,8,14.0
51404,1,4,140,2,1,60.0,0,I,MELB_URBAN,AVENUE,8,13.0
51405,4,2,183,5,6,50.0,0,N,MELB_URBAN,STREET,8,20.0
51406,1,5,99,1,1,70.0,0,I,MELB_URBAN,ROAD,8,9.0
51407,1,5,113,2,1,60.0,0,I,MELB_URBAN,ROAD,8,11.0
51408,4,6,183,5,5,60.0,0,N,RURAL_VICTORIA,ROAD,2,0.0
51409,1,4,110,1,1,50.0,0,I,LARGE_PROVINCIAL_CITIES,STREET,8,9.0
51410,1,5,130,2,3,60.0,0,N,MELB_URBAN,ROAD,8,5.0
51411,1,4,132,5,1,70.0,0,N,LARGE_PROVINCIAL_CITIES,ROAD,8,15.0
51412,4,5,99,5,1,80.0,0,N,RURAL_VICTORIA,ROAD,8,13.0
51413,1,4,134,5,1,60.0,0,N,MELB_URBAN,STREET,7,11.0
51414,8,3,174,1,3,60.0,0,I,MELB_URBAN,STREET,7,19.0
51415,1,5,147,5,1,60.0,0,N,MELB_URBAN,STREET,8,13.0
51416,1,5,111,1,1,80.0,0,I,MELB_URBAN,ROAD,8,13.0
51417,1,5,121,1,1,60.0,0,I,MELB_URBAN,ROAD,8,14.0
51418,1,3,130,1,1,60.0,0,I,MELB_URBAN,ROAD,7,16.0
51419,1,5,99,5,1,80.0,0,N,RURAL_VICTORIA,ROAD,8,14.0
51420,4,5,171,5,1,100.0,0,N,RURAL_VICTORIA,ROAD,8,15.0
51421,6,1,99,5,1,80.0,0,N,RURAL_VICTORIA,ROAD,7,15.0
51422,1,4,121,1,3,60.0,0,I,MELB_URBAN,STREET,8,18.0
51423,1,6,99,2,1,60.0,0,I,MELB_URBAN,STREET,7,9.0
51424,1,5,133,5,2,100.0,0,N,RURAL_VICTORIA,ROAD,8,17.0
51425,2,5,102,2,3,40.0,0,I,MELB_URBAN,STREET,8,19.0
51426,4,5,181,5,5,100.0,0,N,RURAL_VICTORIA,HIGHWAY,8,18.0
51427,1,5,110,1,3,60.0,0,I,TOWNS,STREET,8,21.0
51428,1,5,130,1,1,50.0,0,I,SMALL_CITIES,ROAD,8,15.0
51429,1,5,130,5,1,60.0,0,N,MELB_URBAN,ROAD,8,11.0
51430,2,5,102,2,5,50.0,0,I,LARGE_PROVINCIAL_CITIES,STREET,8,23.0
51431,4,5,171,5,3,50.0,0,N,MELB_URBAN,BOULEVARD,8,23.0
51432,4,5,181,5,3,60.0,0,N,MELB_URBAN,ROAD,8,23.0
51433,2,1,99,5,1,60.0,0,N,MELB_URBAN,DRIVE,8,10.0
51434,1,6,120,5,3,100.0,1,N,MELB_URBAN,FREEWAY,8,0.0
51435,1,5,130,1,1,60.0,0,I,SMALL_CITIES,STREET,8,9.0
51436,1,6,135,5,1,100.0,0,N,MELB_URBAN,FREEWAY,8,9.0
51437,1,6,130,1,1,60.0,0,I,MELB_URBAN,ROAD,8,8.0
51438,4,6,171,5,2,100.0,0,N,RURAL_VICTORIA,ROAD,8,7.0
51439,5,6,99,5,2,100.0,0,N,RURAL_VICTORIA,ROAD,8,6.0
51440,1,6,113,2,1,70.0,0,I,MELB_URBAN,ROAD,8,10.0
51441,4,6,173,2,1,60.0,0,I,MELB_URBAN,STREET,7,15.0
51442,1,5,130,5,1,40.0,0,N,MELB_URBAN,AVENUE,8,8.0
51443,1,4,132,5,2,60.0,0,N,MELB_URBAN,STREET,8,17.0
51444,1,5,130,5,1,80.0,0,N,MELB_URBAN,ROAD,8,11.0
51445,1,6,113,2,1,60.0,0,I,MELB_URBAN,ROAD,8,12.0
51446,1,4,130,5,3,60.0,0,N,MELB_URBAN,ROAD,8,18.0
51447,1,5,130,5,1,80.0,0,N,MELB_URBAN,FREEWAY,8,10.0
51448,1,6,130,5,1,60.0,0,N,MELB_URBAN,ROAD,8,13.0
51449,1,1,113,2,6,60.0,0,I,MELB_URBAN,STREET,8,17.0
51450,1,6,135,5,1,60.0,0,N,MELB_URBAN,STREET,8,13.0
51451,1,6,121,1,1,80.0,0,I,MELB_URBAN,HIGHWAY,8,12.0
51452,1,6,132,2,1,50.0,0,I,SMALL_CITIES,STREET,8,15.0
51453,1,4,140,5,1,70.0,0,N,SMALL_CITIES,STREET,8,10.0
51454,1,6,130,1,6,80.0,0,I,MELB_URBAN,HIGHWAY,8,6.0
51455,1,1,147,5,1,60.0,0,N,MELB_URBAN,ROAD,8,8.0
51456,1,6,99,2,1,70.0,0,I,MELB_URBAN,ROAD,8,16.0
51457,4,5,181,5,1,100.0,0,N,RURAL_VICTORIA,ROAD,8,15.0
51458,1,3,130,5,2,100.0,0,I,MELB_URBAN,FREEWAY,7,16.0
51459,1,6,121,2,1,40.0,0,I,MELB_URBAN,ROAD,8,16.0
51460,4,6,173,5,5,100.0,1,N,RURAL_VICTORIA,HIGHWAY,8,2.0
51461,4,6,181,5,1,60.0,0,N,SMALL_TOWNS,ROAD,8,15.0
51462,2,6,102,5,3,50.0,0,N,MELB_URBAN,DRIVE,8,18.0
51463,1,6,130,5,1,70.0,0,N,MELB_URBAN,ROAD,8,13.0
51464,1,5,113,2,1,60.0,0,I,MELB_URBAN,ROAD,8,14.0
51465,1,6,110,1,3,50.0,0,I,TOWNS,STREET,8,18.0
51466,4,6,171,5,3,60.0,0,N,MELB_URBAN,ROAD,8,18.0
51467,1,6,120,5,3,60.0,0,N,LARGE_PROVINCIAL_CITIES,STREET,8,18.0
51468,1,6,110,1,3,60.0,0,I,RURAL_VICTORIA,ROAD,8,18.0
51469,1,5,130,5,2,60.0,0,N,MELB_URBAN,STREET,8,17.0
51470,2,6,100,1,3,60.0,0,I,MELB_URBAN,STREET,8,21.0
51471,1,5,110,1,2,60.0,0,I,MELB_URBAN,ROAD,7,8.0
51472,6,6,170,5,5,100.0,0,N,RURAL_VICTORIA,ROAD,8,22.0
51473,4,7,181,5,5,100.0,0,N,RURAL_VICTORIA,ROAD,8,1.0
51474,4,6,173,5,3,60.0,0,N,MELB_URBAN,PARADE,8,19.0
51475,1,5,121,1,1,60.0,0,I,MELB_URBAN,ROAD,8,13.0
51476,1,7,121,2,1,40.0,0,I,MELB_URBAN,ROAD,8,8.0
51477,8,2,170,5,1,60.0,0,N,MELB_URBAN,ROAD,8,10.0
51478,1,6,110,1,1,80.0,0,I,SMALL_TOWNS,STREET,8,8.0
51479,4,7,171,2,2,60.0,0,I,SMALL_TOWNS,ROAD,8,7.0
51480,1,7,120,5,1,50.0,0,N,SMALL_CITIES,STREET,8,9.0
51481,1,2,121,2,3,60.0,0,I,MELB_URBAN,ROAD,8,19.0
51482,1,3,130,1,1,40.0,0,I,MELBOURNE_CBD,STREET,8,16.0
51483,1,7,121,2,1,60.0,0,I,MELB_URBAN,ROAD,8,11.0
51484,1,7,121,2,1,60.0,0,N,MELB_URBAN,ROAD,8,11.0
51485,1,2,130,1,1,60.0,0,I,RURAL_VICTORIA,HIGHWAY,8,8.0
51486,1,7,130,2,1,100.0,0,I,RURAL_VICTORIA,HIGHWAY,8,11.0
51487,8,2,174,5,2,100.0,0,N,RURAL_VICTORIA,ROAD,8,6.0
51488,1,7,140,5,2,60.0,0,N,SMALL_CITIES,STREET,8,17.0
51489,1,7,99,4,1,60.0,0,I,MELB_URBAN,ROAD,8,9.0
51490,1,7,130,2,1,60.0,0,I,MELB_URBAN,ROAD,8,10.0
51491,1,7,135,2,1,60.0,0,N,MELB_URBAN,STREET,8,10.0
51492,1,7,160,5,3,50.0,0,N,MELB_URBAN,OTHER,8,0.0
51493,2,7,99,2,1,50.0,0,I,MELB_URBAN,ROAD,8,12.0
51494,8,7,99,5,1,60.0,0,N,RURAL_VICTORIA,OTHER,8,12.0
51495,1,7,132,2,1,80.0,0,I,MELB_URBAN,ROAD,8,16.0
51496,4,7,181,5,1,70.0,0,N,RURAL_VICTORIA,ROAD,8,14.0
51497,4,7,173,5,1,100.0,0,N,RURAL_VICTORIA,ROAD,8,16.0
51498,1,7,160,5,2,80.0,0,N,MELB_URBAN,RAMP,8,18.0
51499,1,7,130,1,3,80.0,0,I,MELB_URBAN,HIGHWAY,8,18.0
51500,2,7,102,5,3,60.0,0,N,MELB_URBAN,AVENUE,8,18.0
51501,1,7,130,5,3,60.0,0,N,MELB_URBAN,UNKNOWN,8,18.0
51502,1,7,99,5,3,50.0,0,N,LARGE_PROVINCIAL_CITIES,ROAD,8,2.0
51503,2,5,99,5,9,60.0,0,N,MELB_URBAN,STREET,8,11.0
51504,4,6,173,5,2,50.0,0,N,MELB_URBAN,STREET,8,17.0
51505,1,7,99,2,3,60.0,1,I,MELB_URBAN,ROAD,8,20.0
51506,1,1,99,5,3,60.0,0,N,MELB_URBAN,ROAD,8,5.0
51507,4,7,171,5,1,50.0,0,N,MELB_URBAN,AVENUE,8,9.0
51508,4,1,183,5,5,100.0,0,N,RURAL_VICTORIA,ROAD,8,3.0
51509,1,5,111,1,3,60.0,0,I,MELB_URBAN,ROAD,6,18.0
51510,1,4,110,1,3,60.0,0,I,SMALL_CITIES,STREET,7,19.0
51511,4,2,183,5,3,100.0,0,N,MELB_URBAN,FREEWAY,7,23.0
51512,1,1,132,5,1,100.0,0,N,RURAL_VICTORIA,ROAD,8,9.0
51513,4,1,173,5,1,50.0,0,N,MELB_URBAN,STREET,8,10.0
51514,1,5,130,2,1,60.0,0,I,MELB_URBAN,STREET,8,12.0
51515,8,7,99,2,6,60.0,0,I,LARGE_PROVINCIAL_CITIES,PARADE,7,1.0
51516,1,1,130,1,1,50.0,0,I,LARGE_PROVINCIAL_CITIES,STREET,8,9.0
51517,3,0,167,5,1,100.0,0,N,RURAL_VICTORIA,ROAD,8,11.0
51518,5,5,99,5,5,80.0,0,N,RURAL_VICTORIA,ROAD,8,19.0
51519,1,6,121,2,1,70.0,0,I,MELB_URBAN,HIGHWAY,8,8.0
51520,8,1,170,2,1,60.0,0,I,MELB_URBAN,STREET,8,10.0
51521,4,1,183,5,1,100.0,0,N,RURAL_VICTORIA,ROAD,8,13.0
51522,4,1,183,5,1,50.0,0,N,MELB_URBAN,STREET,8,13.0
51523,1,1,113,2,1,80.0,0,I,RURAL_VICTORIA,DRIVE,8,11.0
51524,1,1,121,2,2,60.0,0,I,MELB_URBAN,OTHER,7,16.0
51525,1,0,121,1,2,60.0,0,I,MELB_URBAN,STREET,8,17.0
51526,2,1,99,5,3,60.0,0,N,MELB_URBAN,ROAD,8,18.0
51527,1,1,130,5,3,70.0,0,N,LARGE_PROVINCIAL_CITIES,STREET,8,18.0
51528,1,6,163,5,2,60.0,0,N,MELB_URBAN,STREET,6,17.0
51529,1,0,130,5,1,100.0,0,N,MELB_URBAN,FREEWAY,5,17.0
51530,1,1,99,1,2,80.0,0,I,RURAL_VICTORIA,ROAD,8,17.0
51531,1,6,99,1,2,60.0,0,N,MELB_URBAN,STREET,8,17.0
51532,1,1,147,5,3,50.0,0,N,MELB_URBAN,STREET,8,20.0
51533,1,2,110,1,3,40.0,0,I,MELBOURNE_CBD,STREET,8,1.0
51534,4,1,173,5,1,60.0,0,N,RURAL_VICTORIA,ROAD,8,14.0
51535,2,1,100,5,3,60.0,0,N,SMALL_CITIES,STREET,8,18.0
51536,1,5,130,5,1,60.0,0,N,LARGE_PROVINCIAL_CITIES,ROAD,7,11.0
51537,1,2,130,2,1,60.0,0,N,MELB_URBAN,ROAD,6,13.0
51538,1,2,121,2,2,60.0,0,I,MELB_URBAN,ROAD,8,7.0
51539,1,2,110,1,1,60.0,0,I,MELB_URBAN,ROAD,8,8.0
51540,8,1,170,2,1,60.0,0,I,TOWNS,STREET,8,9.0
51541,6,7,99,5,9,60.0,0,N,MELB_URBAN,ROAD,8,16.0
51542,2,1,102,1,1,70.0,0,I,SMALL_CITIES,STREET,8,11.0
51543,1,2,121,1,1,60.0,0,I,SMALL_CITIES,ROAD,8,11.0
51544,1,7,130,4,1,80.0,0,I,MELB_URBAN,RAMP,8,13.0
51545,1,2,121,5,1,60.0,0,N,LARGE_PROVINCIAL_CITIES,STREET,8,11.0
51546,1,1,110,1,1,60.0,0,I,SMALL_CITIES,STREET,8,12.0
51547,2,2,100,2,1,40.0,0,I,MELB_URBAN,ROAD,8,12.0
51548,1,2,113,2,1,100.0,0,I,RURAL_VICTORIA,HIGHWAY,8,11.0
51549,1,2,130,2,1,60.0,0,I,SMALL_CITIES,STREET,8,12.0
51550,1,2,171,5,1,50.0,0,N,LARGE_PROVINCIAL_CITIES,STREET,8,12.0
51551,1,7,110,1,1,50.0,0,I,MELB_URBAN,STREET,8,9.0
51552,6,5,174,5,3,60.0,0,N,MELB_URBAN,ROAD,8,21.0
51553,2,2,100,1,1,60.0,0,I,MELB_URBAN,ROAD,8,11.0
51554,1,1,121,1,1,80.0,0,I,MELB_URBAN,HIGHWAY,8,15.0
51555,3,2,167,5,5,60.0,0,N,RURAL_VICTORIA,HIGHWAY,6,1.0
51556,1,2,113,1,1,60.0,0,I,MELB_URBAN,ROAD,8,15.0
51557,4,2,171,5,1,60.0,0,N,TOWNS,DRIVE,8,11.0
51558,4,4,173,5,5,80.0,0,N,RURAL_VICTORIA,ROAD,8,23.0
51559,1,2,130,5,1,80.0,0,N,MELB_URBAN,ROAD,8,16.0
51560,1,0,130,1,2,60.0,0,I,MELB_URBAN,ROAD,7,17.0
51561,1,3,130,2,3,60.0,0,I,MELB_URBAN,ROAD,4,22.0
51562,1,1,130,5,1,80.0,0,N,MELB_URBAN,HIGHWAY,8,16.0
51563,3,2,167,5,2,100.0,0,N,RURAL_VICTORIA,HIGHWAY,8,18.0
51564,1,2,130,5,5,70.0,0,N,MELB_URBAN,ROAD,8,17.0
51565,1,2,110,1,3,60.0,0,I,MELB_URBAN,ROAD,8,18.0
51566,2,2,102,2,2,60.0,0,I,MELB_URBAN,ROAD,8,17.0
51567,1,3,99,5,6,60.0,0,N,MELB_URBAN,STREET,7,19.0
51568,1,2,160,5,3,50.0,0,N,LARGE_PROVINCIAL_CITIES,AVENUE,8,21.0
51569,1,7,130,4,1,70.0,0,N,MELB_URBAN,ROAD,8,11.0
51570,1,4,147,5,2,60.0,0,N,MELB_URBAN,STREET,8,17.0
51571,1,2,130,2,1,80.0,0,I,MELB_URBAN,ROAD,8,8.0
51572,1,3,135,5,3,60.0,0,N,MELB_URBAN,ROAD,8,3.0
51573,1,5,130,5,5,80.0,0,N,RURAL_VICTORIA,HIGHWAY,7,18.0
51574,1,6,135,5,1,60.0,0,N,LARGE_PROVINCIAL_CITIES,STREET,6,11.0
51575,1,3,130,5,2,60.0,0,N,MELB_URBAN,ROAD,7,8.0
51576,1,2,116,2,1,50.0,0,I,SMALL_CITIES,STREET,8,8.0
51577,1,3,121,5,1,80.0,0,N,MELB_URBAN,ROAD,8,9.0
51578,1,1,121,1,1,60.0,0,I,MELB_URBAN,STREET,8,16.0
51579,1,3,110,1,1,60.0,0,I,TOWNS,ROAD,8,10.0
51580,8,6,174,2,2,50.0,0,I,MELB_URBAN,ROAD,7,18.0
51581,1,4,130,5,1,100.0,0,N,MELB_URBAN,HIGHWAY,8,9.0
51582,1,7,130,4,2,60.0,0,I,MELB_URBAN,ROAD,8,17.0