,accident_type,day_of_week,dca_code,road_geometry,light_condition,speed_zone,severity,node_type,deg_urban_name,road_type,month,hour
51583,1,2,147,5,1,60.0,0,N,MELB_URBAN,ROAD,8,14.0
51584,1,2,163,5,1,50.0,0,N,MELB_URBAN,OTHER,7,11.0
51585,3,7,167,5,5,100.0,0,N,RURAL_VICTORIA,ROAD,8,18.0
51586,1,3,133,1,9,40.0,0,I,MELBOURNE_CBD,STREET,8,8.0
51587,1,5,130,5,1,70.0,0,N,MELB_URBAN,ROAD,7,10.0
51588,1,6,160,5,3,50.0,0,N,LARGE_PROVINCIAL_CITIES,DRIVE,4,22.0
51589,4,6,183,5,5,100.0,0,N,RURAL_VICTORIA,ROAD,8,2.0
51590,1,3,110,1,1,50.0,0,I,MELB_URBAN,STREET,8,14.0
51591,6,3,99,5,1,100.0,0,N,RURAL_VICTORIA,ROAD,8,11.0
51592,1,1,130,5,9,60.0,0,N,MELB_URBAN,FREEWAY,7,18.0
51593,4,3,173,5,1,100.0,1,N,RURAL_VICTORIA,ROAD,8,9.0
51594,1,2,110,1,1,50.0,0,I,TOWNS,STREET,8,8.0
51595,2,5,100,5,1,40.0,0,N,MELB_URBAN,ROAD,4,16.0
51596,3,3,167,5,2,100.0,0,N,RURAL_VICTORIA,HIGHWAY,8,6.0
51597,1,3,132,4,1,80.0,0,I,RURAL_VICTORIA,ROAD,8,15.0
51598,1,2,130,5,1,60.0,0,N,MELB_URBAN,ROAD,8,12.0
51599,1,2,147,5,1,40.0,0,N,MELB_URBAN,BOULEVARD,8,16.0
51600,2,3,100,5,3,40.0,0,N,MELB_URBAN,ROAD,8,18.0
51601,1,3,113,2,2,60.0,0,I,MELB_URBAN,ROAD,8,17.0
51602,1,3,110,1,1,60.0,0,I,MELB_URBAN,STREET,8,16.0
51603,1,2,147,5,2,60.0,0,N,MELB_URBAN,ROAD,8,17.0
51604,1,1,130,1,1,60.0,0,I,MELB_URBAN,HIGHWAY,5,12.0
51605,1,3,130,2,3,80.0,0,N,MELB_URBAN,ROAD,8,18.0
51606,1,3,130,2,1,80.0,0,I,MELB_URBAN,ROAD,8,16.0
51607,3,4,167,5,5,100.0,0,N,RURAL_VICTORIA,ROAD,8,21.0
51608,1,3,121,2,3,60.0,0,I,MELB_URBAN,ROAD,8,18.0
51609,1,3,132,2,1,80.0,0,N,MELB_URBAN,ROAD,7,17.0
51610,2,6,102,1,3,60.0,0,I,MELB_URBAN,PARADE,8,22.0
51611,4,3,171,5,3,80.0,0,N,SMALL_CITIES,HIGHWAY,8,20.0
51612,1,3,160,5,3,50.0,0,N,MELB_URBAN,ROAD,8,21.0
51613,1,4,130,5,2,60.0,0,N,MELB_URBAN,ROAD,8,7.0
51614,6,4,174,5,2,100.0,0,I,RURAL_VICTORIA,ROAD,8,7.0
51615,1,4,147,5,9,50.0,0,N,MELB_URBAN,OTHER,5,16.0
51616,4,5,173,2,2,110.0,0,I,RURAL_VICTORIA,HIGHWAY,8,7.0
51617,1,4,120,5,2,100.0,0,N,RURAL_VICTORIA,ROAD,8,7.0
51618,1,3,110,1,1,50.0,0,I,MELB_URBAN,STREET,8,9.0
51619,1,7,140,2,1,60.0,0,I,MELB_URBAN,STREET,8,14.0
51620,1,5,130,5,1,60.0,0,N,MELB_URBAN,ROAD,8,8.0
51621,1,4,113,2,1,80.0,0,I,MELB_URBAN,ROAD,8,10.0
51622,1,3,130,2,1,80.0,0,I,MELB_URBAN,HIGHWAY,8,16.0
51623,1,3,99,5,3,80.0,0,N,MELB_URBAN,HIGHWAY,8,21.0
51624,1,6,116,1,1,60.0,0,I,MELB_URBAN,STREET,8,15.0
51625,1,4,121,2,1,60.0,0,I,MELB_URBAN,ROAD,8,10.0
51626,1,4,110,1,1,50.0,0,I,TOWNS,STREET,7,13.0
51627,1,1,147,5,9,50.0,0,N,MELB_URBAN,STREET,3,7.0
51628,6,4,170,5,1,110.0,0,N,TOWNS,FREEWAY,8,11.0
51629,1,3,130,5,5,100.0,0,N,MELB_URBAN,FREEWAY,8,17.0
51630,1,3,113,2,1,60.0,0,I,MELB_URBAN,ROAD,8,11.0
51631,1,4,99,5,1,60.0,1,N,MELB_URBAN,ROAD,8,9.0
51632,1,4,116,2,1,40.0,0,I,MELB_URBAN,ROAD,8,11.0
51633,1,4,121,1,1,80.0,0,I,MELB_URBAN,ROAD,8,11.0
51634,1,4,113,2,1,40.0,0,I,MELB_URBAN,ROAD,8,8.0
51635,1,3,130,5,2,70.0,0,N,MELB_URBAN,ROAD,8,17.0
51636,4,4,173,5,1,100.0,0,N,RURAL_VICTORIA,ROAD,8,8.0
51637,1,4,99,1,2,50.0,0,I,MELB_URBAN,STREET,5,8.0
51638,2,4,99,6,1,40.0,0,N,LARGE_PROVINCIAL_CITIES,ROAD,8,14.0
51639,1,3,130,2,1,50.0,0,I,LARGE_PROVINCIAL_CITIES,STREET,8,15.0
51640,5,3,99,5,1,100.0,0,N,RURAL_VICTORIA,HIGHWAY,8,12.0
51641,1,4,99,2,1,100.0,0,I,RURAL_VICTORIA,ROAD,8,15.0
51642,4,4,181,5,1,100.0,0,N,RURAL_VICTORIA,ROAD,8,15.0
51643,1,6,147,5,1,60.0,0,N,MELB_URBAN,ROAD,8,16.0
51644,1,4,147,5,1,50.0,0,N,LARGE_PROVINCIAL_CITIES,STREET,8,8.0
51645,1,3,113,1,1,60.0,0,I,MELB_URBAN,STREET,8,16.0
51646,6,4,174,5,1,60.0,0,N,LARGE_PROVINCIAL_CITIES,STREET,8,16.0
51647,3,4,167,5,5,100.0,0,N,RURAL_VICTORIA,ROAD,8,19.0
51648,1,4,113,2,5,90.0,0,I,LARGE_PROVINCIAL_CITIES,HIGHWAY,8,19.0
51649,2,4,99,2,1,50.0,0,I,MELB_URBAN,STREET,8,16.0
51650,4,4,171,5,5,80.0,0,N,RURAL_VICTORIA,ROAD,8,20.0
51651,4,3,171,1,3,60.0,0,I,TOWNS,STREET,8,23.0
51652,1,4,110,1,3,60.0,0,I,SMALL_CITIES,STREET,8,6.0
51653,4,4,171,5,3,100.0,0,N,MELB_URBAN,ROAD,8,3.0
51654,6,4,170,5,3,100.0,1,N,MELB_URBAN,ROAD,8,22.0
51655,4,3,173,5,3,70.0,0,N,MELB_URBAN,ROAD,8,22.0
51656,1,5,113,2,3,70.0,0,I,MELB_URBAN,ROAD,8,1.0
51657,4,4,171,5,3,80.0,0,N,LARGE_PROVINCIAL_CITIES,STREET,8,23.0
51658,1,4,120,5,5,60.0,0,N,RURAL_VICTORIA,ROAD,8,22.0
51659,1,4,130,1,1,60.0,0,I,LARGE_PROVINCIAL_CITIES,ROAD,7,9.0
51660,1,4,130,5,2,100.0,0,N,MELB_URBAN,ROAD,8,6.0
51661,1,4,113,4,1,60.0,0,I,MELB_URBAN,RAMP,8,10.0
51662,1,5,130,2,1,60.0,0,I,MELB_URBAN,DRIVE,7,15.0
51663,1,3,130,5,1,100.0,0,N,MELB_URBAN,FREEWAY,8,16.0
51664,1,5,99,2,1,60.0,0,N,MELB_URBAN,ROAD,8,13.0
51665,1,5,121,5,1,60.0,0,N,MELB_URBAN,STREET,8,9.0
51666,1,4,130,5,2,60.0,0,N,MELB_URBAN,OTHER,8,18.0
51667,1,5,130,5,1,60.0,0,N,MELB_URBAN,ROAD,8,15.0
51668,8,2,99,5,3,50.0,0,N,TOWNS,STREET,4,0.0
51669,4,5,183,5,1,60.0,0,N,RURAL_VICTORIA,ROAD,8,9.0
51670,1,5,133,5,1,60.0,0,N,MELB_URBAN,ROAD,8,11.0
51671,1,3,110,1,1,40.0,0,I,MELB_URBAN,STREET,8,8.0
51672,1,5,116,2,1,60.0,0,I,MELB_URBAN,ROAD,8,9.0
51673,1,2,130,2,2,60.0,0,I,MELB_URBAN,ROAD,7,7.0
51674,1,6,130,5,1,60.0,0,N,MELB_URBAN,ROAD,7,14.0
51675,1,3,121,1,3,60.0,0,N,MELB_URBAN,STREET,7,20.0
51676,1,5,147,5,1,60.0,0,N,MELB_URBAN,ROAD,8,13.0
51677,6,1,184,5,1,60.0,0,N,RURAL_VICTORIA,ROAD,8,11.0
51678,1,4,116,2,2,50.0,0,I,MELB_URBAN,STREET,8,6.0
51679,4,5,171,2,1,100.0,0,I,RURAL_VICTORIA,ROAD,8,13.0
51680,4,5,183,5,1,100.0,0,N,MELB_URBAN,RAMP,8,13.0
51681,8,5,174,2,1,60.0,0,I,SMALL_CITIES,STREET,8,14.0
51682,2,5,100,5,1,80.0,1,N,LARGE_PROVINCIAL_CITIES,HIGHWAY,8,11.0
51683,1,4,130,5,1,60.0,0,N,MELB_URBAN,ROAD,8,14.0
51684,1,5,130,1,1,60.0,0,I,MELB_URBAN,STREET,8,8.0
51685,2,5,102,1,1,80.0,0,I,MELB_URBAN,ROAD,8,16.0
51686,1,4,121,1,1,50.0,0,I,SMALL_CITIES,STREET,8,16.0
51687,6,3,174,5,3,50.0,0,N,MELB_URBAN,STREET,7,19.0
51688,1,5,120,5,1,60.0,0,N,MELB_URBAN,ROAD,8,16.0
51689,1,5,130,5,3,60.0,0,N,TOWNS,STREET,8,17.0
51690,1,1,130,5,1,60.0,0,N,MELB_URBAN,ROAD,8,15.0
51691,1,3,130,5,1,60.0,0,N,LARGE_PROVINCIAL_CITIES,STREET,8,12.0
51692,1,5,147,5,2,50.0,0,N,LARGE_PROVINCIAL_CITIES,STREET,8,17.0
51693,1,4,130,2,2,60.0,0,I,LARGE_PROVINCIAL_CITIES,STREET,8,17.0
51694,5,7,99,5,9,60.0,0,N,RURAL_VICTORIA,ROAD,8,19.0
51695,4,5,171,5,2,100.0,0,N,RURAL_VICTORIA,HIGHWAY,8,17.0
51696,1,5,130,1,3,60.0,0,I,MELB_URBAN,ROAD,8,19.0
51697,2,4,100,4,3,60.0,0,I,MELB_URBAN,ROAD,8,19.0
51698,1,4,120,5,2,60.0,0,N,MELB_URBAN,ROAD,8,18.0
51699,2,5,99,2,3,60.0,0,N,LARGE_PROVINCIAL_CITIES,ROAD,8,21.0
51700,7,2,99,2,6,60.0,0,I,MELB_URBAN,ROAD,6,1.0
51701,6,6,174,5,5,60.0,0,N,SMALL_CITIES,ROAD,8,3.0
51702,1,4,121,1,1,50.0,0,I,MELB_URBAN,AVENUE,8,11.0
51703,1,4,130,2,2,50.0,0,I,MELB_URBAN,STREET,6,7.0
51704,4,2,171,5,3,70.0,0,N,LARGE_PROVINCIAL_CITIES,ROAD,4,22.0
51705,2,1,102,1,6,40.0,0,I,MELB_URBAN,STREET,7,18.0
51706,1,5,163,5,1,60.0,0,N,MELB_URBAN,STREET,8,13.0
51707,1,5,147,5,2,80.0,0,N,MELB_URBAN,ROAD,8,7.0
51708,1,6,132,5,1,40.0,0,N,MELB_URBAN,DRIVE,8,8.0
51709,1,7,111,2,9,60.0,0,I,SMALL_CITIES,HIGHWAY,6,16.0
51710,8,2,170,5,1,90.0,0,N,RURAL_VICTORIA,ROAD,8,16.0
51711,4,6,173,5,1,80.0,0,N,RURAL_VICTORIA,ROAD,8,9.0
51712,4,4,171,5,1,100.0,0,N,RURAL_VICTORIA,ROAD,8,15.0
51713,1,5,121,5,1,60.0,0,N,MELB_URBAN,STREET,8,15.0
51714,1,6,130,5,1,60.0,0,N,MELB_URBAN,OTHER,8,8.0
51715,1,5,130,1,1,60.0,0,I,MELB_URBAN,ROAD,7,11.0
51716,1,2,130,5,2,60.0,0,N,MELB_URBAN,ROAD,8,17.0
51717,4,5,171,5,1,60.0,0,I,LARGE_PROVINCIAL_CITIES,STREET,8,8.0
51718,8,6,174,5,1,60.0,0,N,RURAL_VICTORIA,ROAD,8,9.0
51719,1,4,160,2,2,50.0,0,I,MELB_URBAN,OTHER,8,6.0
51720,2,5,99,1,1,60.0,0,I,MELB_URBAN,STREET,8,13.0
51721,3,6,167,5,1,100.0,0,N,RURAL_VICTORIA,ROAD,8,9.0
51722,1,5,121,1,3,80.0,0,I,MELB_URBAN,HIGHWAY,7,19.0
51723,1,6,130,5,1,100.0,0,N,MELB_URBAN,FREEWAY,8,11.0
51724,1,6,130,5,1,80.0,0,N,RURAL_VICTORIA,ROAD,8,9.0
51725,2,7,99,5,6,50.0,0,N,MELB_URBAN,STREET,5,2.0
51726,1,6,130,5,1,100.0,0,I,MELB_URBAN,ROAD,8,12.0
51727,4,6,173,5,1,50.0,0,N,MELB_URBAN,ROAD,8,13.0
51728,1,4,99,5,1,50.0,0,N,LARGE_PROVINCIAL_CITIES,STREET,8,16.0
51729,1,6,130,1,1,60.0,0,I,MELB_URBAN,ROAD,8,14.0
51730,1,6,120,5,1,100.0,0,N,RURAL_VICTORIA,HIGHWAY,8,11.0
51731,1,6,113,2,1,60.0,0,N,MELB_URBAN,DRIVE,8,15.0
51732,1,6,147,2,1,60.0,0,N,MELB_URBAN,ROAD,8,16.0
51733,4,6,171,5,1,60.0,0,N,RURAL_VICTORIA,ROAD,8,16.0
51734,1,6,130,1,1,80.0,0,N,MELB_URBAN,OTHER,8,16.0
51735,1,2,130,2,1,60.0,0,I,MELB_URBAN,STREET,8,15.0
51736,2,6,102,5,1,60.0,1,N,MELB_URBAN,ROAD,8,16.0
51737,1,6,130,1,1,60.0,0,I,MELB_URBAN,ROAD,8,15.0
51738,1,6,111,2,5,60.0,0,I,MELB_URBAN,ROAD,8,19.0
51739,1,6,130,5,3,100.0,0,N,MELB_URBAN,FREEWAY,8,19.0
51740,1,4,130,1,9,80.0,0,I,MELB_URBAN,ROAD,8,19.0
51741,4,5,99,2,9,60.0,0,I,MELB_URBAN,ROAD,5,19.0
51742,6,6,170,5,3,60.0,0,N,MELB_URBAN,STREET,8,20.0
51743,1,6,121,2,3,60.0,0,I,MELB_URBAN,BOULEVARD,8,21.0
51744,1,2,130,2,3,70.0,0,I,MELB_URBAN,ROAD,7,17.0
51745,1,6,134,5,5,110.0,0,N,RURAL_VICTORIA,FREEWAY,8,18.0
51746,1,6,130,5,3,40.0,0,N,MELB_URBAN,ROAD,8,23.0
51747,4,6,171,5,3,60.0,0,N,MELB_URBAN,ROAD,8,22.0
51748,1,6,113,2,3,80.0,0,I,MELB_URBAN,ROAD,8,23.0
51749,5,7,171,5,5,80.0,0,N,RURAL_VICTORIA,ROAD,8,0.0
51750,2,7,100,1,3,40.0,0,I,MELB_URBAN,STREET,8,3.0
51751,1,3,135,5,1,80.0,0,N,MELB_URBAN,ROAD,8,9.0
51752,3,0,167,5,2,100.0,0,N,RURAL_VICTORIA,ROAD,8,16.0
51753,1,6,99,2,1,70.0,0,I,MELB_URBAN,ROAD,8,8.0
51754,1,5,110,1,1,40.0,0,I,MELB_URBAN,ROAD,8,13.0
51755,8,7,174,5,1,60.0,0,N,MELB_URBAN,ROAD,8,10.0
51756,1,7,140,2,1,100.0,0,I,RURAL_VICTORIA,HIGHWAY,8,9.0
51757,1,7,130,5,1,60.0,0,N,MELB_URBAN,ROAD,8,11.0
51758,1,5,130,5,3,60.0,0,N,MELB_URBAN,HIGHWAY,8,18.0
51759,1,6,121,1,1,60.0,0,I,LARGE_PROVINCIAL_CITIES,ROAD,8,12.0
51760,1,7,121,1,1,60.0,0,N,LARGE_PROVINCIAL_CITIES,STREET,8,9.0
51761,1,7,110,1,1,50.0,0,I,TOWNS,STREET,8,13.0
51762,1,6,130,2,1,60.0,0,I,MELB_URBAN,ROAD,8,12.0
51763,1,7,113,2,9,60.0,0,I,SMALL_CITIES,AVENUE,8,12.0
51764,4,7,173,5,1,100.0,1,N,RURAL_VICTORIA,ROAD,8,12.0
51765,6,7,170,5,1,60.0,0,N,MELB_URBAN,ROAD,8,12.0
51766,2,6,102,5,2,50.0,0,N,MELB_URBAN,ROAD,6,17.0
51767,1,6,147,5,3,60.0,0,N,MELB_URBAN,ROAD,8,20.0
51768,1,7,130,2,1,60.0,0,I,MELB_URBAN,ROAD,7,9.0
51769,1,6,110,4,1,50.0,0,I,TOWNS,STREET,8,16.0
51770,2,7,100,2,1,50.0,0,I,MELB_URBAN,ROAD,8,16.0
51771,1,7,110,1,1,60.0,0,I,MELB_URBAN,ROAD,8,16.0
51772,1,7,120,5,5,80.0,0,N,RURAL_VICTORIA,OTHER,8,17.0
51773,1,7,130,5,2,80.0,0,N,MELB_URBAN,FREEWAY,8,17.0
51774,4,7,171,5,1,80.0,0,N,MELB_URBAN,ROAD,8,16.0
51775,4,7,99,2,3,60.0,0,I,MELB_URBAN,STREET,8,18.0
51776,1,6,134,5,3,40.0,0,N,MELBOURNE_CBD,STREET,8,20.0
51777,6,7,99,2,1,60.0,0,I,RURAL_VICTORIA,ROAD,8,15.0
51778,1,7,160,5,1,60.0,0,N,MELB_URBAN,ROAD,8,15.0
51779,1,6,130,2,3,60.0,0,I,MELB_URBAN,AVENUE,8,18.0
51780,1,7,99,2,1,50.0,0,N,LARGE_PROVINCIAL_CITIES,ROAD,8,15.0
51781,2,3,102,1,9,80.0,0,I,MELB_URBAN,ROAD,7,19.0
51782,2,7,99,5,5,50.0,1,N,RURAL_VICTORIA,ROAD,8,18.0
51783,1,7,160,5,3,50.0,0,N,LARGE_PROVINCIAL_CITIES,DRIVE,8,20.0
51784,1,6,130,5,3,100.0,0,N,MELB_URBAN,ROAD,8,18.0
51785,4,7,173,1,3,80.0,0,I,MELB_URBAN,HIGHWAY,8,5.0
51786,4,7,171,5,5,80.0,0,N,RURAL_VICTORIA,ROAD,8,17.0
51787,1,5,130,5,1,70.0,0,N,MELB_URBAN,STREET,8,10.0
51788,1,7,130,5,3,100.0,0,N,MELB_URBAN,FREEWAY,8,23.0
51789,3,1,167,5,5,100.0,0,N,RURAL_VICTORIA,HIGHWAY,8,2.0
51790,1,1,130,2,3,80.0,0,I,MELB_URBAN,HIGHWAY,8,2.0
51791,1,1,160,5,3,60.0,0,N,SMALL_CITIES,STREET,8,3.0
51792,1,1,163,5,3,40.0,0,N,MELB_URBAN,STREET,8,5.0
51793,1,7,120,1,1,60.0,0,I,MELB_URBAN,STREET,8,15.0
51794,1,7,163,5,1,40.0,0,N,MELB_URBAN,ROAD,8,14.0
51795,4,1,173,2,2,70.0,0,N,MELB_URBAN,ROAD,8,7.0
51796,3,1,167,5,5,100.0,0,N,RURAL_VICTORIA,HIGHWAY,8,6.0
51797,1,5,121,1,1,60.0,0,N,LARGE_PROVINCIAL_CITIES,STREET,4,8.0
51798,1,6,134,5,1,80.0,0,N,SMALL_TOWNS,HIGHWAY,8,11.0
51799,7,0,99,4,1,40.0,0,I,MELB_URBAN,STREET,8,15.0
51800,8,1,174,5,1,70.0,0,N,MELB_URBAN,ROAD,8,9.0
51801,8,1,99,2,1,50.0,0,N,MELB_URBAN,ROAD,8,9.0
51802,1,2,147,1,2,50.0,0,N,MELB_URBAN,STREET,7,8.0
51803,4,0,171,1,1,80.0,0,I,RURAL_VICTORIA,RAMP,8,12.0
51804,1,0,132,5,1,100.0,0,N,RURAL_VICTORIA,ROAD,8,11.0
51805,8,1,174,5,1,80.0,0,N,MELB_URBAN,ROAD,8,13.0
51806,4,0,171,5,1,60.0,0,N,MELB_URBAN,BOULEVARD,8,14.0
51807,6,1,99,5,5,80.0,1,N,RURAL_VICTORIA,ROAD,8,3.0
51808,1,1,140,5,1,60.0,0,N,LARGE_PROVINCIAL_CITIES,STREET,8,13.0
51809,4,1,181,5,1,100.0,0,N,RURAL_VICTORIA,ROAD,8,8.0
51810,1,1,130,5,1,70.0,0,N,RURAL_VICTORIA,ROAD,8,15.0
51811,1,0,110,1,1,60.0,0,I,MELB_URBAN,AVENUE,8,15.0
51812,1,5,130,5,6,60.0,0,N,MELB_URBAN,ROAD,8,18.0
51813,1,1,133,5,1,80.0,0,N,MELB_URBAN,HIGHWAY,8,15.0
51814,1,1,113,2,3,60.0,0,N,MELB_URBAN,ROAD,8,17.0
51815,1,1,130,5,1,70.0,0,N,MELB_URBAN,RAMP,8,14.0
51816,1,1,121,1,1,50.0,0,I,MELB_URBAN,STREET,8,16.0
51817,1,1,120,5,5,100.0,0,N,RURAL_VICTORIA,ROAD,8,19.0
51818,8,7,174,4,6,50.0,0,I,LARGE_PROVINCIAL_CITIES,OTHER,7,21.0
51819,1,6,135,5,5,100.0,0,N,MELB_URBAN,FREEWAY,3,20.0
51820,1,2,163,5,1,60.0,0,N,MELBOURNE_CBD,STREET,8,16.0
51821,4,1,183,5,5,100.0,0,N,RURAL_VICTORIA,HIGHWAY,8,22.0
51822,3,3,167,5,5,80.0,0,N,RURAL_VICTORIA,ROAD,8,5.0
51823,1,1,173,5,5,60.0,0,N,RURAL_VICTORIA,ROAD,8,4.0
51824,8,1,99,5,1,100.0,0,N,RURAL_VICTORIA,ROAD,8,13.0
51825,2,0,100,5,3,50.0,0,N,SMALL_CITIES,AVENUE,8,0.0
51826,1,1,130,5,1,100.0,0,N,MELB_URBAN,FREEWAY,8,10.0
51827,4,2,181,5,2,80.0,0,N,RURAL_VICTORIA,ROAD,8,7.0
51828,1,2,130,5,1,80.0,0,N,MELB_URBAN,ROAD,8,9.0
51829,1,2,132,2,1,60.0,0,I,MELB_URBAN,ROAD,8,10.0
51830,1,2,140,5,1,60.0,0,N,MELB_URBAN,ROAD,8,10.0
51831,1,7,110,1,3,60.0,0,I,MELB_URBAN,STREET,8,19.0
51832,1,6,130,1,1,60.0,0,I,MELB_URBAN,ROAD,5,8.0
51833,4,2,171,5,1,100.0,0,N,MELB_URBAN,ROAD,8,8.0
51834,4,2,173,2,2,100.0,0,I,RURAL_VICTORIA,ROAD,8,7.0
51835,4,2,183,5,1,100.0,0,N,RURAL_VICTORIA,ROAD,8,8.0
51836,1,5,99,5,3,60.0,0,N,MELB_URBAN,ROAD,8,18.0
51837,3,4,167,5,5,70.0,0,N,MELB_URBAN,ROAD,7,4.0
51838,9,2,99,5,1,50.0,0,N,SMALL_CITIES,STREET,8,12.0
51839,4,2,99,5,1,50.0,0,N,MELB_URBAN,STREET,8,13.0
51840,4,2,99,5,1,40.0,0,N,MELBOURNE_CBD,OTHER,8,12.0
51841,1,2,130,5,1,110.0,0,N,RURAL_VICTORIA,FREEWAY,8,12.0
51842,1,2,99,2,1,50.0,0,I,MELB_URBAN,HIGHWAY,8,14.0
51843,1,5,130,5,1,100.0,0,N,MELB_URBAN,UNKNOWN,5,7.0
51844,6,2,99,5,1,100.0,0,N,RURAL_VICTORIA,ROAD,8,15.0
51845,1,2,110,1,1,50.0,0,I,MELB_URBAN,AVENUE,8,15.0
51846,1,7,121,1,3,60.0,0,I,MELB_URBAN,ROAD,5,23.0
51847,1,2,121,2,1,100.0,0,I,RURAL_VICTORIA,ROAD,8,16.0
51848,1,2,121,2,1,60.0,0,I,MELB_URBAN,ROAD,8,11.0
51849,4,1,173,5,1,60.0,0,N,RURAL_VICTORIA,ROAD,8,16.0
51850,1,2,113,2,2,60.0,0,I,MELB_URBAN,ROAD,8,17.0
51851,4,2,181,5,1,100.0,0,N,RURAL_VICTORIA,ROAD,8,15.0
51852,1,1,99,1,1,40.0,0,I,MELB_URBAN,ROAD,8,16.0
51853,4,2,173,5,1,100.0,0,N,RURAL_VICTORIA,HIGHWAY,8,14.0
51854,1,2,160,5,3,50.0,0,N,MELB_URBAN,AVENUE,7,23.0
51855,1,2,134,5,1,80.0,0,N,MELB_URBAN,UNKNOWN,8,16.0
51856,1,2,121,2,6,60.0,0,I,MELB_URBAN,ROAD,8,18.0
51857,4,2,171,5,1,100.0,1,N,RURAL_VICTORIA,HIGHWAY,8,15.0
51858,2,2,100,2,1,60.0,0,I,MELB_URBAN,ROAD,8,15.0
51859,8,2,170,1,1,60.0,0,I,MELB_URBAN,ROAD,8,16.0
51860,1,1,121,5,5,60.0,0,N,SMALL_TOWNS,STREET,8,19.0
51861,1,2,130,1,6,60.0,0,I,MELB_URBAN,ROAD,8,19.0
51862,1,2,110,1,1,60.0,0,I,RURAL_VICTORIA,ROAD,8,16.0
51863,1,1,121,2,3,60.0,0,I,MELB_URBAN,PARADE,8,21.0
51864,2,1,100,2,2,60.0,0,I,MELB_URBAN,ROAD,3,17.0
51865,2,6,102,1,3,70.0,0,N,MELB_URBAN,ROAD,8,19.0
51866,1,2,121,1,1,80.0,0,I,MELB_URBAN,HIGHWAY,8,16.0
51867,4,2,171,5,3,60.0,0,N,SMALL_CITIES,ROAD,8,20.0
51868,1,2,110,1,3,70.0,0,I,MELB_URBAN,ROAD,8,0.0
51869,1,3,110,1,3,60.0,0,I,MELB_URBAN,ROAD,8,4.0
51870,6,1,99,5,1,60.0,0,N,LARGE_PROVINCIAL_CITIES,OTHER,8,15.0
51871,1,4,99,2,1,80.0,0,I,MELB_URBAN,HIGHWAY,5,15.0
51872,8,3,174,5,1,60.0,0,N,MELB_URBAN,ROAD,8,8.0
51873,1,2,110,1,1,60.0,0,I,LARGE_PROVINCIAL_CITIES,ROAD,7,11.0
51874,1,2,110,1,1,50.0,0,I,LARGE_PROVINCIAL_CITIES,STREET,8,9.0
51875,1,1,130,2,1,60.0,0,N,MELB_URBAN,ROAD,8,10.0
51876,4,6,173,5,2,100.0,0,N,RURAL_VICTORIA,ROAD,7,17.0
51877,1,2,110,1,1,60.0,0,I,MELB_URBAN,ROAD,8,8.0
51878,1,3,113,2,1,60.0,0,I,MELB_URBAN,ROAD,8,9.0
51879,6,7,174,5,1,60.0,0,N,RURAL_VICTORIA,OTHER,8,15.0
51880,1,1,130,2,1,70.0,0,I,LARGE_PROVINCIAL_CITIES,STREET,6,13.0
51881,1,6,130,5,1,60.0,0,N,LARGE_PROVINCIAL_CITIES,STREET,1,14.0
51882,1,3,130,5,5,90.0,0,N,RURAL_VICTORIA,ROAD,7,18.0
51883,1,6,130,1,6,60.0,0,N,MELB_URBAN,ROAD,8,18.0
51884,1,0,99,1,1,60.0,0,N,MELB_URBAN,ROAD,8,10.0
51885,1,2,130,2,1,60.0,0,I,MELB_URBAN,ROAD,8,12.0
51886,6,2,99,5,5,100.0,0,N,RURAL_VICTORIA,ROAD,8,20.0
51887,1,2,130,1,1,80.0,0,I,RURAL_VICTORIA,ROAD,7,9.0
51888,6,2,170,5,1,100.0,0,N,RURAL_VICTORIA,HIGHWAY,8,9.0
51889,4,3,181,5,1,100.0,0,N,RURAL_VICTORIA,ROAD,8,12.0
51890,4,3,171,5,1,50.0,0,N,SMALL_CITIES,STREET,8,11.0
51891,1,3,121,2,1,60.0,0,I,MELB_URBAN,ROAD,8,14.0
51892,1,2,110,1,1,60.0,0,I,LARGE_PROVINCIAL_CITIES,STREET,8,14.0
51893,6,4,174,5,1,60.0,0,N,MELB_URBAN,ROAD,7,15.0
51894,1,3,113,2,1,100.0,0,I,RURAL_VICTORIA,ROAD,8,14.0
51895,1,3,110,1,1,50.0,0,I,TOWNS,STREET,8,15.0
51896,1,3,113,2,2,60.0,0,I,SMALL_CITIES,ROAD,8,17.0
51897,1,3,135,2,1,60.0,0,I,MELB_URBAN,ROAD,8,14.0
51898,1,3,130,5,1,100.0,0,N,MELB_URBAN,FREEWAY,8,16.0
51899,1,2,110,1,1,60.0,0,I,SMALL_CITIES,PARADE,8,17.0
51900,1,3,110,1,1,60.0,0,N,MELB_URBAN,OTHER,8,15.0
51901,1,3,147,5,1,60.0,0,N,MELB_URBAN,ROAD,8,8.0
51902,1,2,132,5,2,60.0,0,N,MELB_URBAN,ROAD,8,17.0
51903,2,3,102,5,1,50.0,0,N,LARGE_PROVINCIAL_CITIES,STREET,8,15.0
51904,1,3,121,5,3,50.0,0,N,MELB_URBAN,ROAD,8,18.0
51905,1,2,121,2,3,60.0,0,I,MELB_URBAN,ROAD,8,19.0
51906,2,3,99,5,4,60.0,0,N,MELB_URBAN,ROAD,8,19.0
51907,1,3,132,5,5,100.0,0,N,RURAL_VICTORIA,ROAD,8,20.0
51908,4,3,173,5,3,50.0,0,N,MELB_URBAN,BOULEVARD,8,20.0
51909,1,3,110,1,1,50.0,0,I,LARGE_PROVINCIAL_CITIES,STREET,8,15.0
51910,2,3,99,5,5,80.0,1,N,TOWNS,ROAD,8,20.0
51911,2,3,99,5,3,90.0,1,N,TOWNS,HIGHWAY,8,19.0
51912,1,3,110,1,2,50.0,0,I,MELB_URBAN,STREET,8,18.0