,accident_type,day_of_week,dca_code,road_geometry,light_condition,speed_zone,severity,node_type,deg_urban_name,road_type,month,hour
51913,8,4,99,1,2,40.0,0,N,MELBOURNE_CBD,STREET,4,6.0
51914,4,2,181,5,1,100.0,0,N,RURAL_VICTORIA,ROAD,8,16.0
51915,1,3,113,2,2,80.0,1,I,MELB_URBAN,ROAD,8,17.0
51916,1,3,130,5,1,90.0,0,N,LARGE_PROVINCIAL_CITIES,HIGHWAY,8,9.0
51917,1,4,110,1,1,50.0,0,I,MELB_URBAN,STREET,8,9.0
51918,2,3,102,1,3,60.0,0,I,MELB_URBAN,STREET,8,19.0
51919,1,0,130,5,6,60.0,0,N,MELB_URBAN,ROAD,8,19.0
51920,1,4,130,2,2,60.0,0,I,MELB_URBAN,ROAD,8,17.0
51921,5,2,99,5,5,80.0,0,N,MELB_URBAN,ROAD,8,18.0
51922,1,4,130,5,1,60.0,0,N,MELB_URBAN,STREET,8,11.0
51923,1,4,99,5,1,100.0,0,N,MELB_URBAN,ROAD,8,13.0
51924,1,5,99,5,2,40.0,0,N,MELB_URBAN,STREET,7,16.0
51925,1,2,113,2,1,60.0,0,I,MELB_URBAN,ROAD,8,14.0
51926,1,1,130,5,1,80.0,0,N,MELB_URBAN,FREEWAY,8,12.0
51927,2,4,102,2,1,40.0,0,N,MELB_URBAN,STREET,8,15.0
51928,1,4,99,5,1,50.0,0,N,TOWNS,HIGHWAY,8,15.0
51929,1,5,130,1,3,60.0,0,I,MELB_URBAN,ROAD,7,1.0
51930,1,5,99,5,2,60.0,0,N,MELB_URBAN,ROAD,8,18.0
51931,1,4,121,2,2,70.0,0,N,MELB_URBAN,ROAD,8,17.0
51932,1,5,160,5,3,50.0,0,N,MELB_URBAN,ROAD,6,6.0
51933,1,4,130,5,2,80.0,0,N,LARGE_PROVINCIAL_CITIES,ROAD,8,17.0
51934,1,4,130,2,2,60.0,0,I,MELB_URBAN,ROAD,8,17.0
51935,1,6,121,1,1,80.0,0,I,MELB_URBAN,OTHER,11,8.0
51936,2,4,100,1,1,50.0,0,I,MELB_URBAN,ROAD,8,16.0
51937,1,5,163,2,9,60.0,0,N,MELB_URBAN,STREET,8,8.0
51938,1,5,163,5,1,60.0,0,N,MELB_URBAN,STREET,7,11.0
51939,1,4,120,5,1,100.0,0,N,RURAL_VICTORIA,OTHER,8,16.0
51940,1,4,120,5,1,60.0,0,N,SMALL_CITIES,OTHER,8,15.0
51941,1,4,99,5,1,60.0,0,N,MELB_URBAN,ROAD,8,9.0
51942,4,3,181,5,5,100.0,0,N,RURAL_VICTORIA,ROAD,8,18.0
51943,4,3,171,5,5,100.0,0,N,RURAL_VICTORIA,HIGHWAY,8,18.0
51944,4,3,173,5,3,80.0,0,N,MELB_URBAN,ROAD,8,20.0
51945,4,5,171,5,6,60.0,0,N,MELB_URBAN,ROAD,8,3.0
51946,1,4,99,2,1,60.0,0,I,MELB_URBAN,ROAD,8,14.0
51947,1,5,133,1,9,80.0,0,I,RURAL_VICTORIA,ROAD,8,7.0
51948,1,5,121,1,2,60.0,0,I,MELB_URBAN,ROAD,7,18.0
51949,1,5,134,5,1,100.0,0,N,MELB_URBAN,FREEWAY,8,8.0
51950,1,5,110,1,1,40.0,0,I,MELB_URBAN,STREET,8,9.0
51951,1,5,160,5,1,60.0,0,N,MELB_URBAN,DRIVE,8,8.0
51952,1,5,110,1,2,100.0,0,I,RURAL_VICTORIA,ROAD,8,7.0
51953,1,4,130,5,3,60.0,0,N,SMALL_CITIES,OTHER,8,21.0
51954,1,5,160,5,1,70.0,0,N,MELB_URBAN,ROAD,8,9.0
51955,1,5,134,1,2,40.0,0,I,MELB_URBAN,ROAD,8,7.0
51956,1,5,121,5,1,60.0,0,N,MELB_URBAN,ROAD,8,11.0
51957,1,6,110,1,1,50.0,0,I,MELB_URBAN,STREET,8,12.0
51958,1,4,130,2,1,70.0,0,I,MELB_URBAN,ROAD,8,7.0
51959,4,1,171,5,3,60.0,0,N,MELB_URBAN,ROAD,5,3.0
51960,1,5,110,1,1,50.0,0,I,LARGE_PROVINCIAL_CITIES,STREET,8,13.0
51961,1,3,130,5,3,60.0,0,N,MELB_URBAN,ROAD,8,6.0
51962,1,5,110,1,1,100.0,0,I,RURAL_VICTORIA,HIGHWAY,8,10.0
51963,1,5,130,2,1,70.0,0,I,MELB_URBAN,ROAD,8,8.0
51964,1,5,113,2,1,60.0,0,I,SMALL_CITIES,STREET,8,10.0
51965,1,5,111,1,1,100.0,1,I,RURAL_VICTORIA,ROAD,8,11.0
51966,1,3,110,1,9,50.0,0,I,TOWNS,STREET,7,15.0
51967,4,4,171,5,1,100.0,0,N,MELB_URBAN,RAMP,8,15.0
51968,1,5,130,5,1,100.0,0,N,MELB_URBAN,FREEWAY,8,16.0
51969,1,5,110,1,2,50.0,0,I,MELB_URBAN,DRIVE,8,17.0
51970,6,5,174,5,1,60.0,0,N,MELB_URBAN,PARADE,8,16.0
51971,1,5,121,5,2,60.0,0,N,MELB_URBAN,STREET,8,17.0
51972,1,2,132,5,2,60.0,0,N,MELB_URBAN,HIGHWAY,8,17.0
51973,2,5,99,5,9,60.0,0,N,MELB_URBAN,STREET,7,13.0
51974,1,5,99,2,3,60.0,0,I,MELB_URBAN,ROAD,8,17.0
51975,2,5,102,1,3,60.0,0,I,MELB_URBAN,STREET,8,19.0
51976,1,5,130,5,1,70.0,0,N,LARGE_PROVINCIAL_CITIES,HIGHWAY,8,13.0
51977,1,5,130,2,3,80.0,0,I,MELB_URBAN,HIGHWAY,8,18.0
51978,1,6,110,1,1,60.0,0,I,MELB_URBAN,ROAD,7,14.0
51979,1,4,121,2,3,60.0,0,I,SMALL_CITIES,HIGHWAY,8,21.0
51980,1,5,130,5,3,80.0,0,N,MELB_URBAN,ROAD,8,21.0
51981,1,5,110,1,4,70.0,1,I,SMALL_CITIES,PARADE,8,20.0
51982,4,5,171,5,5,80.0,0,N,RURAL_VICTORIA,ROAD,8,21.0
51983,1,1,130,5,1,60.0,0,N,MELB_URBAN,ROAD,8,16.0
51984,2,6,99,5,5,80.0,0,N,MELB_URBAN,ROAD,8,0.0
51985,1,6,99,5,3,50.0,0,N,MELB_URBAN,STREET,8,0.0
51986,1,5,133,1,3,70.0,0,I,MELB_URBAN,ROAD,8,22.0
51987,1,2,99,5,2,60.0,0,N,MELB_URBAN,ROAD,8,16.0
51988,1,6,130,5,2,100.0,0,N,MELB_URBAN,ROAD,8,5.0
51989,1,2,160,5,1,60.0,0,N,MELB_URBAN,ROAD,5,11.0
51990,6,1,174,6,9,50.0,0,N,MELB_URBAN,STREET,7,11.0
51991,8,7,99,2,5,80.0,0,I,RURAL_VICTORIA,ROAD,7,21.0
51992,1,3,99,1,1,60.0,0,I,SMALL_CITIES,HIGHWAY,7,14.0
51993,1,6,99,1,1,60.0,0,I,MELB_URBAN,DRIVE,8,8.0
51994,1,6,121,2,1,50.0,0,I,SMALL_CITIES,STREET,8,10.0
51995,1,6,121,1,1,80.0,0,I,MELB_URBAN,ROAD,8,12.0
51996,1,5,121,1,2,80.0,0,I,RURAL_VICTORIA,HIGHWAY,8,17.0
51997,1,6,130,2,1,60.0,0,N,MELB_URBAN,ROAD,8,10.0
51998,1,6,130,1,1,80.0,0,I,MELB_URBAN,ROAD,8,9.0
51999,1,6,135,5,1,60.0,0,N,MELB_URBAN,ROAD,8,11.0
52000,1,6,99,1,1,80.0,0,I,RURAL_VICTORIA,ROAD,8,15.0
52001,4,6,181,5,1,100.0,0,N,RURAL_VICTORIA,ROAD,8,12.0
52002,1,4,111,2,1,80.0,0,N,MELB_URBAN,HIGHWAY,8,15.0
52003,1,6,121,5,1,60.0,0,N,MELB_URBAN,STREET,8,11.0
52004,1,4,130,2,3,60.0,0,I,MELB_URBAN,ROAD,8,18.0
52005,1,6,121,1,1,70.0,0,I,MELB_URBAN,ROAD,8,14.0
52006,1,6,120,5,1,100.0,0,N,RURAL_VICTORIA,HIGHWAY,8,13.0
52007,1,6,130,5,1,40.0,0,N,MELB_URBAN,STREET,8,15.0
52008,8,6,99,5,1,60.0,0,N,MELB_URBAN,STREET,7,12.0
52009,1,6,121,2,1,50.0,0,I,MELB_URBAN,ROAD,4,12.0
52010,8,5,174,2,1,60.0,0,I,MELB_URBAN,HIGHWAY,7,9.0
52011,1,5,110,1,1,50.0,0,I,LARGE_PROVINCIAL_CITIES,STREET,8,16.0
52012,2,6,99,5,1,50.0,0,N,MELB_URBAN,STREET,8,15.0
52013,1,6,113,2,2,80.0,0,I,TOWNS,HIGHWAY,8,17.0
52014,1,4,130,5,5,80.0,0,N,LARGE_PROVINCIAL_CITIES,ROAD,7,17.0
52015,2,6,100,5,1,80.0,0,N,MELB_URBAN,HIGHWAY,8,17.0
52016,1,6,132,2,3,60.0,0,I,MELB_URBAN,ROAD,8,18.0
52017,1,6,147,5,3,50.0,0,N,MELB_URBAN,DRIVE,8,19.0
52018,8,5,174,2,1,60.0,0,I,MELB_URBAN,STREET,8,16.0
52019,1,6,130,2,3,50.0,0,I,MELB_URBAN,HIGHWAY,8,19.0
52020,1,6,130,5,3,60.0,0,N,MELB_URBAN,ROAD,8,18.0
52021,1,6,121,1,3,60.0,0,I,MELB_URBAN,STREET,8,21.0
52022,8,6,170,5,3,80.0,0,N,MELB_URBAN,HIGHWAY,8,21.0
52023,1,6,140,5,5,100.0,0,N,RURAL_VICTORIA,HIGHWAY,8,23.0
52024,5,6,99,5,5,100.0,0,N,RURAL_VICTORIA,HIGHWAY,8,23.0
52025,1,6,130,5,3,80.0,0,N,MELB_URBAN,ROAD,8,19.0
52026,1,5,130,1,1,60.0,0,I,MELB_URBAN,ROAD,2,12.0
52027,4,6,171,5,5,100.0,0,N,RURAL_VICTORIA,ROAD,8,0.0
52028,1,7,120,5,3,60.0,0,N,MELB_URBAN,ROAD,8,2.0
52029,4,7,171,5,3,60.0,0,N,LARGE_PROVINCIAL_CITIES,STREET,8,4.0
52030,1,6,99,1,1,70.0,0,N,MELB_URBAN,STREET,8,13.0
52031,1,6,130,5,1,100.0,0,N,MELB_URBAN,FREEWAY,8,12.0
52032,1,6,99,5,1,60.0,0,N,MELB_URBAN,STREET,8,11.0
52033,2,5,100,1,1,40.0,0,I,MELBOURNE_CBD,STREET,8,13.0
52034,1,7,133,1,1,60.0,0,I,MELB_URBAN,OTHER,8,9.0
52035,1,6,135,4,1,60.0,0,I,MELB_URBAN,ROAD,8,10.0
52036,2,7,100,1,1,60.0,0,I,MELB_URBAN,PARADE,8,9.0
52037,1,5,121,1,9,50.0,0,I,MELB_URBAN,STREET,4,18.0
52038,1,7,140,2,1,60.0,0,N,MELB_URBAN,PARADE,8,11.0
52039,1,7,110,1,1,60.0,0,I,SMALL_TOWNS,STREET,8,9.0
52040,2,7,100,1,1,60.0,0,I,MELB_URBAN,STREET,8,11.0
52041,1,7,130,5,1,100.0,0,N,MELB_URBAN,FREEWAY,8,11.0
52042,1,5,130,2,1,60.0,0,I,MELB_URBAN,ROAD,7,13.0
52043,4,7,171,5,1,60.0,0,N,MELB_URBAN,ROAD,8,10.0
52044,1,6,110,1,1,50.0,0,I,SMALL_CITIES,STREET,8,12.0
52045,6,7,170,5,1,100.0,0,N,RURAL_VICTORIA,HIGHWAY,8,12.0
52046,1,4,121,1,2,60.0,0,I,MELB_URBAN,ROAD,8,17.0
52047,1,6,160,5,3,60.0,0,N,TOWNS,STREET,8,18.0
52048,1,4,130,5,3,100.0,0,N,MELB_URBAN,FREEWAY,8,19.0
52049,1,7,99,2,1,60.0,0,I,MELB_URBAN,ROAD,8,15.0
52050,1,7,111,1,1,60.0,0,I,MELB_URBAN,ROAD,8,15.0
52051,2,7,99,5,3,60.0,0,N,MELB_URBAN,AVENUE,8,18.0
52052,1,6,130,1,2,60.0,0,N,MELB_URBAN,ROAD,8,7.0
52053,1,7,99,1,1,60.0,0,I,MELB_URBAN,STREET,8,14.0
52054,1,7,110,1,2,60.0,0,I,RURAL_VICTORIA,ROAD,8,17.0
52055,6,6,174,1,3,60.0,0,I,SMALL_CITIES,ROAD,8,23.0
52056,1,7,130,5,2,80.0,0,N,MELB_URBAN,ROAD,8,17.0
52057,2,7,99,5,1,60.0,0,N,MELB_URBAN,STREET,8,16.0
52058,1,7,130,5,3,50.0,0,N,MELB_URBAN,STREET,8,20.0
52059,4,7,173,5,5,110.0,0,N,RURAL_VICTORIA,FREEWAY,8,22.0
52060,7,5,99,4,3,50.0,0,I,MELB_URBAN,ROAD,8,1.0
52061,1,1,99,5,5,100.0,0,N,MELB_URBAN,RAMP,8,5.0
52062,1,5,130,5,2,60.0,0,N,MELB_URBAN,ROAD,7,17.0
52063,4,1,181,5,2,100.0,0,N,MELB_URBAN,RAMP,8,6.0
52064,4,1,171,5,2,70.0,0,N,MELB_URBAN,ROAD,8,7.0
52065,4,1,171,2,1,80.0,0,I,MELB_URBAN,ROAD,8,8.0
52066,4,1,183,5,5,100.0,0,N,RURAL_VICTORIA,HIGHWAY,8,5.0
52067,1,1,133,5,1,40.0,0,N,MELB_URBAN,STREET,8,11.0
52068,1,1,113,2,1,80.0,0,I,MELB_URBAN,ROAD,8,12.0
52069,1,7,130,5,2,60.0,0,N,MELB_URBAN,OTHER,8,19.0
52070,1,2,111,1,1,60.0,0,I,MELB_URBAN,ROAD,7,9.0
52071,1,1,132,2,1,50.0,0,I,MELB_URBAN,ROAD,8,11.0
52072,1,6,133,5,1,60.0,0,N,MELB_URBAN,STREET,8,10.0
52073,1,7,121,2,5,60.0,0,I,MELB_URBAN,DRIVE,8,18.0
52074,4,1,181,5,1,100.0,0,N,RURAL_VICTORIA,ROAD,8,12.0
52075,1,0,130,2,1,60.0,0,I,MELB_URBAN,STREET,8,14.0
52076,8,1,174,2,2,60.0,0,I,MELB_URBAN,ROAD,8,7.0
52077,4,6,173,5,1,100.0,0,N,MELB_URBAN,HIGHWAY,6,10.0
52078,8,1,184,5,1,60.0,0,N,RURAL_VICTORIA,ROAD,8,8.0
52079,1,1,110,1,1,50.0,0,I,LARGE_PROVINCIAL_CITIES,STREET,8,13.0
52080,1,0,111,2,1,70.0,0,I,LARGE_PROVINCIAL_CITIES,HIGHWAY,8,10.0
52081,1,1,121,2,1,80.0,0,I,MELB_URBAN,HIGHWAY,8,16.0
52082,1,1,99,1,1,50.0,0,I,MELB_URBAN,STREET,8,16.0
52083,3,7,167,5,5,100.0,0,N,RURAL_VICTORIA,ROAD,5,20.0
52084,1,5,130,5,1,100.0,0,N,MELB_URBAN,RAMP,5,15.0
52085,1,1,99,2,1,60.0,0,I,MELB_URBAN,PARADE,8,16.0
52086,1,0,171,5,3,50.0,0,N,MELB_URBAN,DRIVE,8,20.0
52087,4,1,181,5,3,50.0,0,N,MELB_URBAN,AVENUE,8,21.0
52088,4,1,171,5,5,80.0,1,N,RURAL_VICTORIA,HIGHWAY,8,20.0
52089,1,2,160,5,2,60.0,0,N,MELB_URBAN,ROAD,8,6.0
52090,1,2,130,1,2,60.0,0,I,MELB_URBAN,ROAD,3,17.0
52091,1,6,99,2,1,50.0,0,I,LARGE_PROVINCIAL_CITIES,STREET,6,15.0
52092,1,2,110,1,1,50.0,0,I,MELB_URBAN,STREET,8,8.0
52093,2,2,102,2,3,70.0,0,N,MELB_URBAN,STREET,8,1.0
52094,1,5,121,1,1,80.0,0,I,MELB_URBAN,HIGHWAY,6,13.0
52095,4,1,171,1,3,80.0,0,I,MELB_URBAN,HIGHWAY,8,5.0
52096,1,5,113,1,2,60.0,0,I,MELB_URBAN,DRIVE,8,7.0
52097,1,6,160,5,3,60.0,0,N,LARGE_PROVINCIAL_CITIES,STREET,8,19.0
52098,1,2,99,5,1,50.0,0,N,MELB_URBAN,ROAD,8,12.0
52099,1,1,116,1,1,50.0,0,I,MELB_URBAN,ROAD,8,8.0
52100,8,1,174,5,1,100.0,0,N,RURAL_VICTORIA,ROAD,8,12.0
52101,1,4,121,2,1,80.0,0,I,MELB_URBAN,ROAD,7,15.0
52102,2,2,99,5,1,50.0,0,N,MELB_URBAN,HIGHWAY,8,10.0
52103,1,2,99,5,1,60.0,0,N,MELB_URBAN,STREET,8,14.0
52104,6,2,174,2,1,50.0,0,I,MELB_URBAN,ROAD,8,11.0
52105,1,5,121,1,4,80.0,0,I,MELB_URBAN,ROAD,8,19.0
52106,1,2,99,4,1,60.0,0,I,MELB_URBAN,ROAD,8,8.0
52107,1,2,99,2,2,40.0,0,I,MELB_URBAN,STREET,8,16.0
52108,4,1,181,5,2,100.0,0,N,RURAL_VICTORIA,ROAD,8,17.0
52109,1,2,110,1,2,60.0,0,I,SMALL_CITIES,ROAD,8,17.0
52110,2,2,100,2,1,50.0,0,I,MELB_URBAN,ROAD,8,15.0
52111,4,1,171,2,3,80.0,0,N,MELB_URBAN,ROAD,8,19.0
52112,1,1,120,5,1,60.0,0,N,SMALL_TOWNS,ROAD,8,10.0
52113,1,2,121,2,3,60.0,0,I,MELB_URBAN,BOULEVARD,8,19.0
52114,2,2,102,1,5,60.0,0,I,MELB_URBAN,ROAD,8,21.0
52115,1,2,113,1,3,80.0,0,I,MELB_URBAN,ROAD,8,18.0
52116,1,2,113,2,2,60.0,0,I,MELB_URBAN,ROAD,8,18.0
52117,6,1,99,5,5,100.0,0,N,RURAL_VICTORIA,HIGHWAY,8,5.0
52118,1,6,113,2,2,70.0,0,I,MELB_URBAN,OTHER,8,7.0
52119,1,5,116,1,2,70.0,0,I,MELB_URBAN,ROAD,7,8.0
52120,1,3,113,2,2,80.0,0,I,MELB_URBAN,ROAD,8,7.0
52121,1,3,130,5,2,100.0,0,N,MELB_URBAN,FREEWAY,8,7.0
52122,1,3,99,2,1,60.0,0,I,MELB_URBAN,STREET,8,9.0
52123,1,3,135,5,1,100.0,0,N,MELB_URBAN,RAMP,8,8.0
52124,1,3,120,2,3,50.0,0,N,MELB_URBAN,DRIVE,8,17.0
52125,1,3,130,5,1,100.0,0,N,RURAL_VICTORIA,HIGHWAY,12,12.0
52126,1,2,130,5,1,100.0,0,N,MELB_URBAN,FREEWAY,8,8.0
52127,1,3,121,2,1,40.0,0,I,MELB_URBAN,STREET,8,9.0
52128,1,3,120,5,2,60.0,0,N,RURAL_VICTORIA,DRIVE,8,7.0
52129,1,6,130,3,2,80.0,0,N,MELB_URBAN,ROAD,8,18.0
52130,1,3,121,5,1,50.0,0,N,SMALL_CITIES,STREET,8,9.0
52131,1,6,130,5,2,80.0,0,N,MELB_URBAN,HIGHWAY,6,17.0
52132,2,3,99,5,1,60.0,0,N,MELB_URBAN,STREET,8,8.0
52133,1,1,147,5,2,50.0,0,N,SMALL_CITIES,STREET,3,18.0
52134,1,3,121,5,1,60.0,0,N,MELB_URBAN,ROAD,8,11.0
52135,2,3,100,5,1,50.0,0,N,MELB_URBAN,ROAD,8,12.0
52136,1,3,130,1,1,80.0,0,N,MELB_URBAN,ROAD,8,10.0
52137,2,3,100,2,1,60.0,0,I,MELB_URBAN,ROAD,8,11.0
52138,1,3,130,1,1,60.0,0,I,LARGE_PROVINCIAL_CITIES,HIGHWAY,8,13.0
52139,1,3,130,1,1,50.0,0,I,MELB_URBAN,ROAD,8,12.0
52140,1,2,130,5,3,60.0,0,N,MELB_URBAN,ROAD,8,5.0
52141,1,3,99,2,1,60.0,0,I,SMALL_CITIES,STREET,8,14.0
52142,1,7,130,2,1,80.0,0,I,MELB_URBAN,FREEWAY,8,12.0
52143,1,3,147,5,1,60.0,0,N,LARGE_PROVINCIAL_CITIES,STREET,8,9.0
52144,1,3,113,2,3,60.0,0,I,MELB_URBAN,STREET,8,18.0
52145,2,3,100,2,3,70.0,0,I,MELB_URBAN,ROAD,8,18.0
52146,1,3,130,5,2,100.0,0,N,RURAL_VICTORIA,FREEWAY,8,17.0
52147,2,3,99,5,3,40.0,0,N,MELBOURNE_CBD,STREET,8,18.0
52148,1,3,111,2,1,80.0,0,I,MELB_URBAN,ROAD,8,12.0
52149,1,3,113,2,1,80.0,0,I,MELB_URBAN,ROAD,8,15.0
52150,1,3,121,1,3,70.0,0,I,MELB_URBAN,ROAD,8,20.0
52151,1,2,99,2,3,40.0,0,I,MELB_URBAN,STREET,8,19.0
52152,4,5,99,6,1,50.0,0,N,MELB_URBAN,OTHER,7,14.0
52153,1,4,130,1,1,80.0,0,I,MELB_URBAN,ROAD,8,15.0
52154,1,1,110,1,2,60.0,0,I,MELB_URBAN,STREET,8,17.0
52155,8,1,170,5,1,60.0,0,N,RURAL_VICTORIA,ROAD,8,9.0
52156,1,5,99,2,2,70.0,0,I,MELB_URBAN,STREET,8,17.0
52157,4,4,183,5,2,100.0,0,N,RURAL_VICTORIA,ROAD,8,7.0
52158,6,1,174,5,1,70.0,0,N,RURAL_VICTORIA,ROAD,8,12.0
52159,6,6,170,5,1,60.0,0,N,MELB_URBAN,HIGHWAY,7,8.0
52160,1,4,110,1,1,60.0,0,I,SMALL_CITIES,STREET,8,9.0
52161,2,1,99,5,2,50.0,0,N,MELB_URBAN,ROAD,8,17.0
52162,1,2,130,2,1,50.0,0,I,MELB_URBAN,ROAD,8,11.0
52163,6,1,184,2,1,100.0,0,I,RURAL_VICTORIA,OTHER,8,10.0
52164,4,3,171,5,1,100.0,0,N,RURAL_VICTORIA,ROAD,8,10.0
52165,6,7,174,5,1,100.0,0,N,RURAL_VICTORIA,ROAD,8,10.0
52166,1,6,130,1,2,80.0,0,I,MELB_URBAN,ROAD,8,7.0
52167,1,3,110,1,1,60.0,0,I,MELB_URBAN,STREET,8,13.0
52168,2,6,99,5,2,60.0,0,N,MELB_URBAN,ROAD,8,7.0
52169,1,4,121,1,1,50.0,0,I,MELB_URBAN,ROAD,8,10.0
52170,4,1,181,5,3,60.0,0,N,LARGE_PROVINCIAL_CITIES,STREET,8,18.0
52171,1,4,130,1,1,60.0,0,I,MELB_URBAN,ROAD,8,8.0
52172,4,4,173,4,1,50.0,0,I,MELB_URBAN,OTHER,8,11.0
52173,1,6,110,1,2,60.0,0,I,SMALL_CITIES,ROAD,8,6.0
52174,1,3,110,1,1,60.0,0,I,MELB_URBAN,ROAD,8,13.0
52175,1,4,113,2,1,100.0,0,I,RURAL_VICTORIA,ROAD,8,15.0
52176,4,3,183,5,1,60.0,0,N,RURAL_VICTORIA,ROAD,8,11.0
52177,1,4,110,1,1,50.0,0,I,MELB_URBAN,STREET,8,14.0
52178,1,5,130,5,1,80.0,0,N,MELB_URBAN,ROAD,8,15.0
52179,1,4,113,2,1,60.0,0,I,SMALL_CITIES,STREET,8,14.0
52180,1,4,133,5,1,50.0,0,N,MELB_URBAN,STREET,8,15.0
52181,1,4,113,2,1,70.0,0,I,MELB_URBAN,ROAD,8,14.0
52182,1,4,121,2,1,100.0,1,I,RURAL_VICTORIA,ROAD,8,13.0
52183,6,3,99,5,9,100.0,0,N,RURAL_VICTORIA,ROAD,8,10.0
52184,1,4,147,5,1,50.0,0,N,MELB_URBAN,STREET,8,16.0
52185,1,0,130,5,1,60.0,0,N,MELB_URBAN,ROAD,6,14.0
52186,1,4,147,5,1,80.0,0,N,MELB_URBAN,STREET,8,14.0
52187,2,4,100,2,1,60.0,0,I,MELB_URBAN,ROAD,8,14.0
52188,4,4,183,5,2,100.0,0,N,RURAL_VICTORIA,ROAD,8,17.0
52189,1,4,132,5,3,50.0,0,N,LARGE_PROVINCIAL_CITIES,STREET,8,18.0
52190,4,4,183,5,5,100.0,0,N,RURAL_VICTORIA,HIGHWAY,8,17.0
52191,1,4,110,1,2,40.0,0,I,MELB_URBAN,STREET,8,18.0
52192,1,4,110,1,3,60.0,0,I,MELB_URBAN,ROAD,8,18.0
52193,1,4,121,1,3,60.0,0,I,MELB_URBAN,ROAD,8,19.0
52194,4,3,181,5,1,60.0,0,N,RURAL_VICTORIA,ROAD,4,14.0
52195,1,4,116,2,1,50.0,0,I,MELB_URBAN,ROAD,8,15.0
52196,4,4,173,5,3,60.0,0,N,MELB_URBAN,ROAD,8,21.0
52197,4,4,171,5,3,100.0,0,N,MELB_URBAN,UNKNOWN,8,19.0
52198,1,4,130,5,3,100.0,0,N,MELB_URBAN,ROAD,8,22.0
52199,1,5,113,1,3,70.0,0,I,MELB_URBAN,ROAD,8,5.0
52200,1,7,130,2,1,80.0,0,N,MELB_URBAN,HIGHWAY,8,11.0
52201,4,5,171,5,2,60.0,0,N,SMALL_CITIES,ROAD,8,6.0
52202,8,2,174,5,2,60.0,0,N,MELB_URBAN,STREET,6,8.0
52203,1,5,135,5,1,100.0,0,N,MELB_URBAN,UNKNOWN,8,6.0
52204,4,4,173,5,1,100.0,0,N,RURAL_VICTORIA,ROAD,8,15.0
52205,8,4,174,5,1,70.0,0,N,MELB_URBAN,ROAD,8,13.0
52206,1,5,160,1,1,50.0,0,N,LARGE_PROVINCIAL_CITIES,STREET,8,10.0
52207,1,5,113,2,1,70.0,0,I,MELB_URBAN,ROAD,8,9.0
52208,2,2,100,2,2,60.0,0,I,MELB_URBAN,ROAD,7,17.0
52209,1,0,130,5,2,80.0,0,N,MELB_URBAN,HIGHWAY,8,18.0
52210,1,5,130,2,1,100.0,0,I,RURAL_VICTORIA,ROAD,8,8.0
52211,5,4,99,2,1,60.0,0,I,RURAL_VICTORIA,ROAD,8,11.0
52212,1,5,110,1,1,50.0,0,I,MELB_URBAN,STREET,8,12.0
52213,8,7,174,5,6,60.0,0,N,RURAL_VICTORIA,ROAD,8,22.0
52214,4,5,183,5,1,100.0,0,N,RURAL_VICTORIA,ROAD,8,9.0
52215,1,7,130,2,1,60.0,0,N,MELB_URBAN,ROAD,8,10.0
52216,4,5,183,5,1,80.0,0,N,RURAL_VICTORIA,FREEWAY,8,11.0
52217,1,5,130,5,1,70.0,0,N,MELB_URBAN,ROAD,8,8.0
52218,4,5,173,5,1,100.0,0,N,RURAL_VICTORIA,HIGHWAY,8,13.0
52219,1,5,113,2,1,60.0,0,I,MELB_URBAN,ROAD,8,9.0
52220,7,3,99,5,1,50.0,0,N,TOWNS,OTHER,6,9.0
52221,1,5,121,1,1,50.0,0,I,MELB_URBAN,STREET,8,13.0
52222,8,7,174,2,6,60.0,0,I,MELB_URBAN,BOULEVARD,8,20.0
52223,1,2,130,5,2,60.0,0,N,MELB_URBAN,STREET,7,17.0
52224,6,5,170,5,1,100.0,0,N,RURAL_VICTORIA,ROAD,8,14.0
52225,2,5,100,5,1,110.0,0,N,RURAL_VICTORIA,FREEWAY,8,14.0
52226,1,5,99,5,1,60.0,0,N,MELB_URBAN,ROAD,8,16.0
52227,1,4,121,5,1,50.0,0,N,MELB_URBAN,BOULEVARD,8,10.0
52228,1,4,110,1,1,50.0,0,I,MELB_URBAN,STREET,8,15.0
52229,1,5,110,1,1,40.0,0,I,MELB_URBAN,STREET,8,9.0
52230,1,5,110,1,1,60.0,0,I,TOWNS,STREET,8,16.0
52231,1,5,110,1,1,60.0,0,I,MELB_URBAN,ROAD,8,16.0
52232,2,1,99,5,3,40.0,0,N,MELB_URBAN,UNKNOWN,8,0.0
52233,2,5,99,5,1,50.0,0,N,MELB_URBAN,STREET,8,14.0
52234,5,5,99,5,3,60.0,0,N,MELB_URBAN,ROAD,8,18.0
52235,1,4,163,2,1,60.0,0,N,MELB_URBAN,ROAD,8,11.0
52236,1,4,130,5,9,60.0,0,N,MELB_URBAN,ROAD,8,16.0
52237,1,5,99,2,5,100.0,0,I,RURAL_VICTORIA,ROAD,8,18.0
52238,6,5,174,1,1,50.0,0,I,TOWNS,STREET,8,16.0
52239,8,5,99,5,5,100.0,0,N,RURAL_VICTORIA,HIGHWAY,8,20.0
52240,6,5,99,5,6,80.0,0,N,MELB_URBAN,RAMP,8,19.0
52241,4,5,99,5,1,110.0,0,N,RURAL_VICTORIA,FREEWAY,8,16.0
52242,2,5,100,1,3,70.0,1,I,MELB_URBAN,HIGHWAY,8,18.0
52243,1,5,133,2,3,60.0,0,I,MELB_URBAN,ROAD,8,18.0
52244,4,5,171,1,3,80.0,0,N,MELB_URBAN,OTHER,8,20.0
52245,1,4,110,4,3,70.0,0,I,MELB_URBAN,ROAD,8,6.0