,accident_type,day_of_week,dca_code,road_geometry,light_condition,speed_zone,severity,node_type,deg_urban_name,road_type,month,hour
52246,1,3,120,5,5,60.0,0,N,RURAL_VICTORIA,ROAD,8,20.0
52247,4,5,173,5,3,100.0,0,N,MELB_URBAN,UNKNOWN,8,21.0
52248,4,6,173,5,3,80.0,0,N,MELB_URBAN,ROAD,8,0.0
52249,1,6,99,5,2,100.0,0,N,MELB_URBAN,FREEWAY,8,5.0
52250,1,6,132,2,1,60.0,0,I,MELB_URBAN,ROAD,8,8.0
52251,1,6,132,1,2,60.0,0,I,LARGE_PROVINCIAL_CITIES,STREET,7,8.0
52252,1,4,99,2,2,40.0,0,I,MELB_URBAN,ROAD,8,7.0
52253,2,7,100,1,3,40.0,0,I,MELBOURNE_CBD,STREET,6,2.0
52254,1,2,130,5,1,60.0,0,N,MELB_URBAN,ROAD,8,9.0
52255,1,5,113,2,1,60.0,0,I,MELB_URBAN,ROAD,7,14.0
52256,6,1,170,5,1,80.0,0,N,RURAL_VICTORIA,ROAD,8,10.0
52257,1,2,132,2,1,50.0,0,N,MELB_URBAN,PARADE,8,11.0
52258,1,7,110,1,1,60.0,0,I,LARGE_PROVINCIAL_CITIES,STREET,7,14.0
52259,1,6,99,5,2,100.0,0,N,TOWNS,ROAD,8,6.0
52260,2,6,100,5,1,50.0,0,N,MELB_URBAN,STREET,8,12.0
52261,1,5,113,2,1,80.0,0,I,RURAL_VICTORIA,ROAD,8,16.0
52262,1,4,110,1,3,50.0,0,I,MELB_URBAN,AVENUE,8,19.0
52263,1,5,110,1,1,60.0,0,I,MELB_URBAN,PARADE,8,12.0
52264,1,4,121,1,1,60.0,0,I,MELB_URBAN,ROAD,8,16.0
52265,1,6,116,1,1,80.0,0,I,MELB_URBAN,HIGHWAY,8,12.0
52266,2,6,99,5,1,60.0,0,N,MELB_URBAN,ROAD,8,12.0
52267,2,6,100,2,1,40.0,0,N,MELB_URBAN,STREET,8,10.0
52268,5,5,99,5,2,100.0,0,N,RURAL_VICTORIA,ROAD,8,16.0
52269,8,1,174,2,1,60.0,0,I,RURAL_VICTORIA,ROAD,8,15.0
52270,1,6,135,1,1,60.0,0,I,MELB_URBAN,ROAD,8,13.0
52271,8,6,99,5,1,100.0,0,N,RURAL_VICTORIA,ROAD,8,12.0
52272,1,3,121,1,1,60.0,0,I,MELB_URBAN,HIGHWAY,5,19.0
52273,6,6,170,5,1,110.0,0,N,RURAL_VICTORIA,FREEWAY,8,14.0
52274,1,7,99,5,1,60.0,0,N,MELB_URBAN,ROAD,8,13.0
52275,4,4,99,5,1,50.0,0,N,SMALL_TOWNS,STREET,8,12.0
52276,8,7,174,5,1,50.0,0,N,MELB_URBAN,AVENUE,8,11.0
52277,1,6,140,2,1,60.0,0,I,TOWNS,STREET,8,15.0
52278,1,6,135,5,2,60.0,0,N,MELB_URBAN,FREEWAY,8,7.0
52279,1,6,110,1,2,70.0,0,I,MELB_URBAN,ROAD,8,17.0
52280,2,6,102,1,3,50.0,0,I,MELBOURNE_CBD,STREET,8,18.0
52281,1,4,121,1,2,60.0,0,I,MELB_URBAN,ROAD,8,7.0
52282,8,6,174,2,1,60.0,0,I,MELB_URBAN,ROAD,8,15.0
52283,1,6,113,2,3,70.0,0,I,RURAL_VICTORIA,HIGHWAY,8,21.0
52284,1,6,111,2,3,60.0,0,I,SMALL_CITIES,STREET,8,20.0
52285,1,6,140,1,1,60.0,0,I,MELB_URBAN,ROAD,8,15.0
52286,1,6,160,5,3,50.0,0,N,MELB_URBAN,DRIVE,8,22.0
52287,1,7,113,2,1,60.0,0,I,MELB_URBAN,ROAD,8,11.0
52288,4,6,181,5,3,50.0,1,N,MELB_URBAN,BOULEVARD,8,23.0
52289,1,6,130,1,3,40.0,0,I,MELB_URBAN,ROAD,8,2.0
52290,8,7,170,2,3,70.0,0,I,LARGE_PROVINCIAL_CITIES,AVENUE,8,3.0
52291,4,6,171,5,6,50.0,0,N,MELB_URBAN,STREET,8,22.0
52292,1,7,113,2,2,80.0,0,I,MELB_URBAN,ROAD,8,7.0
52293,1,7,121,2,1,60.0,0,I,MELB_URBAN,HIGHWAY,8,8.0
52294,6,7,99,2,1,100.0,0,N,RURAL_VICTORIA,HIGHWAY,8,11.0
52295,1,7,99,1,1,80.0,0,I,MELB_URBAN,ROAD,8,11.0
52296,4,6,183,2,1,80.0,0,I,RURAL_VICTORIA,ROAD,8,11.0
52297,1,7,113,2,1,60.0,0,I,MELB_URBAN,ROAD,8,12.0
52298,1,5,130,5,3,100.0,0,N,MELB_URBAN,FREEWAY,8,17.0
52299,4,7,171,5,1,60.0,0,N,SMALL_CITIES,AVENUE,8,11.0
52300,1,7,132,2,1,80.0,0,I,RURAL_VICTORIA,HIGHWAY,8,12.0
52301,1,6,130,5,1,60.0,0,N,SMALL_CITIES,STREET,8,13.0
52302,4,7,99,2,1,60.0,0,I,MELB_URBAN,ROAD,8,14.0
52303,2,7,99,5,1,60.0,0,N,MELB_URBAN,STREET,8,10.0
52304,1,7,121,2,1,60.0,0,I,MELB_URBAN,ROAD,8,14.0
52305,1,7,113,2,1,50.0,0,I,MELB_URBAN,STREET,8,14.0
52306,1,7,121,1,1,60.0,0,I,MELB_URBAN,ROAD,8,15.0
52307,1,7,110,1,1,100.0,0,I,RURAL_VICTORIA,ROAD,8,14.0
52308,4,7,181,5,1,100.0,0,N,RURAL_VICTORIA,OTHER,8,14.0
52309,1,7,99,5,2,100.0,0,N,MELB_URBAN,ROAD,8,6.0
52310,1,7,116,2,6,50.0,0,I,MELB_URBAN,STREET,8,17.0
52311,1,7,130,1,1,50.0,0,I,MELB_URBAN,STREET,8,15.0
52312,1,7,110,1,1,80.0,0,I,LARGE_PROVINCIAL_CITIES,ROAD,8,16.0
52313,1,6,133,5,1,100.0,0,N,RURAL_VICTORIA,ROAD,8,9.0
52314,1,6,99,5,9,60.0,0,N,MELB_URBAN,STREET,8,8.0
52315,1,7,134,2,3,80.0,0,I,MELB_URBAN,ROAD,8,1.0
52316,1,7,113,1,2,80.0,0,I,RURAL_VICTORIA,ROAD,8,17.0
52317,1,5,130,5,3,60.0,0,N,SMALL_CITIES,ROAD,8,18.0
52318,1,4,130,2,1,60.0,0,I,MELB_URBAN,ROAD,8,15.0
52319,1,7,113,2,1,60.0,0,I,MELB_URBAN,ROAD,8,16.0
52320,4,7,183,5,5,60.0,0,N,MELB_URBAN,FREEWAY,8,20.0
52321,1,7,113,2,3,50.0,0,I,MELB_URBAN,STREET,8,19.0
52322,1,7,113,1,2,100.0,0,I,RURAL_VICTORIA,ROAD,8,18.0
52323,1,7,110,1,3,60.0,0,I,MELB_URBAN,HIGHWAY,8,21.0
52324,2,7,99,6,1,50.0,0,N,MELB_URBAN,OTHER,8,16.0
52325,4,7,183,5,3,60.0,0,N,MELB_URBAN,ROAD,8,22.0
52326,8,7,174,5,3,60.0,0,N,MELB_URBAN,OTHER,8,21.0
52327,1,7,147,5,3,60.0,0,N,MELB_URBAN,BOULEVARD,8,18.0
52328,1,7,121,1,3,60.0,0,I,MELB_URBAN,ROAD,8,22.0
52329,1,1,140,5,3,60.0,0,N,MELB_URBAN,ROAD,8,0.0
52330,4,7,173,5,5,100.0,0,N,RURAL_VICTORIA,ROAD,8,5.0
52331,1,7,110,1,3,60.0,0,I,LARGE_PROVINCIAL_CITIES,ROAD,8,22.0
52332,4,7,99,5,2,40.0,0,N,MELB_URBAN,OTHER,8,5.0
52333,1,7,110,1,3,60.0,0,I,MELB_URBAN,PARADE,8,2.0
52334,2,7,102,2,1,60.0,0,I,MELB_URBAN,ROAD,8,10.0
52335,1,7,130,1,1,40.0,0,I,MELB_URBAN,STREET,8,14.0
52336,1,7,116,2,2,80.0,0,I,MELB_URBAN,ROAD,8,6.0
52337,1,0,99,5,1,70.0,0,N,MELB_URBAN,ROAD,8,12.0
52338,4,1,183,5,2,70.0,0,N,RURAL_VICTORIA,RAMP,8,7.0
52339,4,1,171,5,1,110.0,0,N,RURAL_VICTORIA,FREEWAY,8,9.0
52340,1,2,99,5,1,40.0,0,N,TOWNS,STREET,7,13.0
52341,1,1,113,1,1,60.0,0,I,MELB_URBAN,STREET,8,11.0
52342,4,1,171,5,1,100.0,0,N,RURAL_VICTORIA,ROAD,8,11.0
52343,1,1,163,5,1,50.0,0,N,SMALL_CITIES,STREET,8,12.0
52344,1,1,121,1,1,80.0,0,I,MELB_URBAN,HIGHWAY,8,13.0
52345,1,1,121,2,1,60.0,0,I,MELB_URBAN,ROAD,8,13.0
52346,1,0,121,1,1,50.0,0,I,MELB_URBAN,ROAD,8,14.0
52347,1,0,99,1,3,40.0,0,I,MELBOURNE_CBD,STREET,8,2.0
52348,1,1,130,1,1,60.0,0,I,MELB_URBAN,STREET,8,13.0
52349,4,1,171,5,3,60.0,0,N,MELB_URBAN,ROAD,8,0.0
52350,6,1,170,5,1,100.0,0,N,MELB_URBAN,FREEWAY,8,14.0
52351,2,6,102,1,3,40.0,0,I,MELB_URBAN,STREET,8,23.0
52352,1,7,130,1,3,60.0,0,I,MELB_URBAN,ROAD,8,21.0
52353,1,1,130,1,1,80.0,0,I,MELB_URBAN,HIGHWAY,8,14.0
52354,1,1,130,2,1,60.0,0,I,MELB_URBAN,ROAD,8,14.0
52355,4,1,181,5,1,70.0,0,N,TOWNS,ROAD,8,16.0
52356,1,1,132,1,1,60.0,0,I,MELB_URBAN,ROAD,8,15.0
52357,1,1,130,2,1,80.0,0,I,MELB_URBAN,ROAD,8,15.0
52358,2,1,100,1,1,60.0,0,I,MELB_URBAN,ROAD,8,15.0
52359,4,1,181,5,5,100.0,0,N,RURAL_VICTORIA,ROAD,8,19.0
52360,4,1,171,5,3,60.0,0,N,MELB_URBAN,ROAD,8,5.0
52361,1,1,110,1,3,50.0,0,I,MELB_URBAN,STREET,8,18.0
52362,1,0,110,1,1,50.0,0,I,MELB_URBAN,STREET,8,15.0
52363,4,7,171,2,3,80.0,0,I,MELB_URBAN,ROAD,8,23.0
52364,1,5,113,3,1,100.0,0,I,RURAL_VICTORIA,ROAD,8,13.0
52365,2,7,100,1,3,60.0,0,I,MELB_URBAN,BOULEVARD,8,2.0
52366,1,1,160,5,3,70.0,0,N,MELB_URBAN,ROAD,8,2.0
52367,5,1,181,2,5,100.0,0,I,RURAL_VICTORIA,ROAD,8,23.0
52368,1,2,99,5,3,40.0,0,N,MELB_URBAN,OTHER,8,1.0
52369,4,1,173,1,3,70.0,0,I,MELB_URBAN,RAMP,8,2.0
52370,6,6,99,5,1,100.0,0,N,RURAL_VICTORIA,ROAD,8,12.0
52371,1,1,121,1,3,80.0,0,I,MELB_URBAN,ROAD,8,19.0
52372,4,2,173,5,1,100.0,0,N,RURAL_VICTORIA,HIGHWAY,8,8.0
52373,4,0,181,5,1,70.0,0,N,RURAL_VICTORIA,ROAD,8,13.0
52374,1,3,113,2,3,60.0,0,I,MELB_URBAN,ROAD,6,22.0
52375,2,5,100,2,1,60.0,0,I,MELB_URBAN,ROAD,8,13.0
52376,1,2,130,5,1,70.0,0,N,MELB_URBAN,ROAD,8,9.0
52377,1,3,110,1,1,50.0,0,N,LARGE_PROVINCIAL_CITIES,STREET,8,15.0
52378,8,7,174,5,1,100.0,0,N,RURAL_VICTORIA,ROAD,8,9.0
52379,1,4,113,2,1,60.0,0,I,MELB_URBAN,ROAD,2,16.0
52380,1,1,121,1,1,80.0,0,I,RURAL_VICTORIA,HIGHWAY,8,14.0
52381,1,4,130,5,2,60.0,0,I,MELB_URBAN,ROAD,8,17.0
52382,1,1,130,1,1,70.0,0,I,MELB_URBAN,ROAD,8,9.0
52383,1,4,99,2,2,60.0,0,I,MELB_URBAN,ROAD,6,8.0
52384,2,2,100,2,1,60.0,0,I,MELB_URBAN,ROAD,8,11.0
52385,1,2,160,5,1,60.0,0,N,LARGE_PROVINCIAL_CITIES,STREET,8,10.0
52386,4,2,173,5,1,100.0,0,N,RURAL_VICTORIA,AVENUE,8,8.0
52387,1,2,99,5,1,60.0,0,N,LARGE_PROVINCIAL_CITIES,HIGHWAY,8,11.0
52388,4,6,181,5,2,60.0,0,N,RURAL_VICTORIA,ROAD,8,17.0
52389,2,2,99,5,1,60.0,0,N,MELB_URBAN,STREET,8,13.0
52390,1,2,110,1,1,100.0,0,I,RURAL_VICTORIA,ROAD,8,14.0
52391,1,5,147,5,9,40.0,0,N,MELB_URBAN,ROAD,8,15.0
52392,3,6,167,2,2,100.0,0,I,RURAL_VICTORIA,ROAD,8,17.0
52393,1,2,160,2,1,40.0,0,I,SMALL_TOWNS,ROAD,8,14.0
52394,4,2,171,5,1,40.0,0,N,MELB_URBAN,ROAD,8,15.0
52395,1,2,110,1,1,80.0,0,I,SMALL_CITIES,ROAD,8,15.0
52396,1,2,130,5,3,60.0,0,N,MELB_URBAN,ROAD,6,20.0
52397,1,2,116,2,3,80.0,0,I,MELB_URBAN,ROAD,8,17.0
52398,1,2,130,5,1,50.0,0,N,SMALL_CITIES,OTHER,8,15.0
52399,4,2,173,5,3,100.0,0,I,MELB_URBAN,FREEWAY,8,18.0
52400,4,7,171,5,5,80.0,0,N,RURAL_VICTORIA,ROAD,8,21.0
52401,1,2,120,5,2,100.0,1,N,RURAL_VICTORIA,ROAD,8,17.0
52402,2,2,100,5,3,80.0,1,N,MELB_URBAN,ROAD,8,19.0
52403,1,6,99,2,1,60.0,0,I,MELB_URBAN,ROAD,8,8.0
52404,1,3,121,2,3,60.0,0,I,LARGE_PROVINCIAL_CITIES,STREET,9,6.0
52405,4,6,171,3,1,100.0,0,N,MELB_URBAN,FREEWAY,7,16.0
52406,1,2,130,5,1,80.0,0,N,MELB_URBAN,ROAD,8,8.0
52407,1,7,99,1,1,50.0,0,I,MELB_URBAN,STREET,8,13.0
52408,1,3,113,2,2,50.0,0,I,MELB_URBAN,STREET,9,7.0
52409,6,2,174,2,3,50.0,0,I,MELB_URBAN,AVENUE,8,17.0
52410,1,5,130,1,1,50.0,0,I,MELB_URBAN,ROAD,8,15.0
52411,6,3,174,1,1,60.0,0,I,TOWNS,STREET,8,14.0
52412,6,2,184,5,1,100.0,0,N,RURAL_VICTORIA,OTHER,7,10.0
52413,6,1,99,5,1,50.0,0,N,TOWNS,STREET,8,14.0
52414,1,2,130,2,1,60.0,0,I,MELB_URBAN,ROAD,9,11.0
52415,1,3,130,1,2,60.0,0,I,MELB_URBAN,STREET,8,18.0
52416,6,0,99,5,1,60.0,0,N,RURAL_VICTORIA,ROAD,8,9.0
52417,1,1,130,5,1,100.0,0,N,RURAL_VICTORIA,ROAD,8,11.0
52418,1,2,121,4,2,60.0,0,I,RURAL_VICTORIA,ROAD,9,7.0
52419,4,3,181,5,1,100.0,0,N,RURAL_VICTORIA,ROAD,9,9.0
52420,1,3,113,2,1,50.0,0,I,MELB_URBAN,ROAD,9,12.0
52421,1,2,160,5,1,70.0,0,N,MELB_URBAN,ROAD,9,12.0
52422,4,0,183,5,2,60.0,0,N,RURAL_VICTORIA,ROAD,8,17.0
52423,8,7,174,5,1,100.0,0,N,RURAL_VICTORIA,OTHER,8,11.0
52424,1,2,121,5,1,50.0,0,N,MELBOURNE_CBD,STREET,9,11.0
52425,1,2,130,5,1,70.0,0,N,MELB_URBAN,ROAD,9,10.0
52426,1,3,99,1,1,80.0,0,I,MELB_URBAN,ROAD,9,9.0
52427,1,2,113,2,2,60.0,0,I,MELB_URBAN,STREET,8,18.0
52428,1,3,130,5,1,70.0,0,N,MELB_URBAN,HIGHWAY,3,16.0
52429,2,3,102,1,1,80.0,0,I,MELB_URBAN,HIGHWAY,9,13.0
52430,1,2,130,1,1,40.0,0,I,TOWNS,OTHER,9,15.0
52431,1,3,113,2,1,60.0,0,I,MELB_URBAN,ROAD,9,9.0
52432,1,3,130,1,1,70.0,0,N,MELB_URBAN,AVENUE,9,14.0
52433,4,4,171,5,1,80.0,0,N,RURAL_VICTORIA,ROAD,8,15.0
52434,1,2,147,6,1,50.0,0,N,MELB_URBAN,DRIVE,9,11.0
52435,1,3,147,5,1,60.0,0,N,LARGE_PROVINCIAL_CITIES,STREET,9,12.0
52436,1,4,130,5,2,100.0,0,N,MELB_URBAN,FREEWAY,8,6.0
52437,1,3,130,5,1,60.0,0,N,SMALL_CITIES,STREET,8,14.0
52438,4,3,171,5,1,50.0,0,N,MELB_URBAN,ROAD,9,15.0
52439,1,6,130,1,2,60.0,0,I,MELB_URBAN,ROAD,8,17.0
52440,1,2,130,2,6,60.0,0,I,MELB_URBAN,HIGHWAY,9,0.0
52441,2,3,102,2,1,60.0,0,I,MELB_URBAN,ROAD,9,15.0
52442,2,3,102,5,1,60.0,0,N,MELB_URBAN,ROAD,9,14.0
52443,4,2,99,1,1,60.0,0,N,MELB_URBAN,STREET,4,12.0
52444,1,3,130,5,1,60.0,0,N,MELB_URBAN,ROAD,9,15.0
52445,1,7,110,1,3,80.0,0,I,SMALL_CITIES,STREET,8,21.0
52446,1,3,99,2,2,60.0,0,I,LARGE_PROVINCIAL_CITIES,STREET,9,17.0
52447,2,2,100,2,3,70.0,0,I,MELB_URBAN,ROAD,9,18.0
52448,1,3,113,2,2,70.0,0,I,MELB_URBAN,ROAD,9,17.0
52449,1,2,116,2,2,60.0,0,I,LARGE_PROVINCIAL_CITIES,STREET,9,18.0
52450,1,3,121,2,3,50.0,0,I,MELB_URBAN,STREET,9,18.0
52451,4,3,171,5,1,50.0,0,N,MELB_URBAN,STREET,9,15.0
52452,4,3,183,5,5,60.0,0,N,RURAL_VICTORIA,ROAD,9,19.0
52453,2,4,99,5,2,50.0,0,O,MELB_URBAN,UNKNOWN,8,7.0
52454,2,3,102,1,3,60.0,0,I,MELB_URBAN,ROAD,9,18.0
52455,1,2,130,1,1,60.0,0,I,MELB_URBAN,STREET,9,9.0
52456,1,3,121,1,3,60.0,0,I,MELB_URBAN,ROAD,9,19.0
52457,1,3,110,1,2,60.0,0,I,MELB_URBAN,OTHER,7,8.0
52458,1,3,130,5,2,80.0,0,N,MELB_URBAN,HIGHWAY,9,6.0
52459,7,3,99,5,1,60.0,0,N,MELB_URBAN,PARADE,9,16.0
52460,4,3,171,5,1,80.0,0,N,MELB_URBAN,STREET,9,15.0
52461,1,3,147,5,3,50.0,0,N,MELB_URBAN,STREET,9,19.0
52462,1,3,120,5,2,100.0,0,N,RURAL_VICTORIA,ROAD,9,18.0
52463,1,3,133,1,3,40.0,0,I,MELBOURNE_CBD,STREET,9,23.0
52464,3,3,167,5,5,80.0,0,N,RURAL_VICTORIA,ROAD,9,23.0
52465,1,3,140,2,3,60.0,0,N,MELB_URBAN,ROAD,9,23.0
52466,1,2,132,2,1,60.0,0,N,SMALL_CITIES,ROAD,8,15.0
52467,4,3,173,2,5,80.0,0,I,RURAL_VICTORIA,ROAD,9,21.0
52468,1,6,130,5,2,60.0,0,N,MELB_URBAN,ROAD,7,8.0
52469,1,4,130,1,2,80.0,0,I,MELB_URBAN,HIGHWAY,9,7.0
52470,1,1,110,1,3,60.0,0,I,MELB_URBAN,ROAD,8,23.0
52471,1,4,135,5,1,100.0,0,N,MELB_URBAN,ROAD,9,8.0
52472,1,1,140,5,1,60.0,0,N,MELB_URBAN,ROAD,8,13.0
52473,8,4,174,5,1,60.0,0,N,MELB_URBAN,ROAD,9,9.0
52474,1,5,135,5,1,60.0,0,N,MELB_URBAN,ROAD,8,9.0
52475,8,4,99,1,1,60.0,0,I,MELB_URBAN,ROAD,9,8.0
52476,1,1,120,5,1,100.0,0,N,RURAL_VICTORIA,ROAD,8,13.0
52477,4,3,99,2,1,40.0,0,I,MELB_URBAN,STREET,9,10.0
52478,1,4,110,1,1,60.0,0,I,TOWNS,STREET,9,9.0
52479,4,4,99,6,1,40.0,0,N,MELBOURNE_CBD,OTHER,9,10.0
52480,4,4,99,5,1,60.0,0,N,MELB_URBAN,OTHER,9,11.0
52481,4,5,173,1,3,60.0,0,I,MELB_URBAN,ROAD,8,18.0
52482,1,3,121,1,3,80.0,0,I,MELB_URBAN,HIGHWAY,9,21.0
52483,1,4,132,1,1,100.0,0,I,RURAL_VICTORIA,ROAD,9,8.0
52484,1,4,130,2,2,60.0,0,I,MELB_URBAN,STREET,8,17.0
52485,1,3,121,5,1,50.0,0,N,MELB_URBAN,STREET,9,15.0
52486,1,5,130,5,2,60.0,0,N,MELB_URBAN,DRIVE,8,17.0
52487,1,4,99,2,1,60.0,0,I,SMALL_CITIES,ROAD,9,15.0
52488,1,4,121,1,2,50.0,0,I,LARGE_PROVINCIAL_CITIES,STREET,9,17.0
52489,1,4,130,5,2,80.0,0,N,MELB_URBAN,ROAD,9,17.0
52490,1,4,121,2,3,60.0,0,I,MELB_URBAN,ROAD,9,19.0
52491,4,4,183,5,3,50.0,0,N,MELB_URBAN,ROAD,9,17.0
52492,1,4,163,5,9,60.0,0,N,MELB_URBAN,PARADE,1,12.0
52493,1,4,130,1,3,60.0,0,I,MELB_URBAN,ROAD,9,18.0
52494,1,2,113,2,3,60.0,0,I,SMALL_CITIES,STREET,9,18.0
52495,4,4,99,2,1,60.0,0,I,MELB_URBAN,ROAD,9,15.0
52496,1,4,121,1,2,80.0,0,N,MELB_URBAN,ROAD,9,19.0
52497,1,4,99,5,3,100.0,0,N,MELB_URBAN,FREEWAY,9,20.0
52498,2,4,100,5,3,50.0,0,N,MELB_URBAN,STREET,9,17.0
52499,1,4,111,2,3,60.0,0,I,MELB_URBAN,ROAD,9,21.0
52500,1,3,111,1,3,50.0,0,I,MELB_URBAN,AVENUE,9,23.0
52501,1,4,116,1,3,60.0,0,I,MELB_URBAN,STREET,9,23.0
52502,1,5,121,2,1,50.0,0,I,SMALL_CITIES,OTHER,9,8.0
52503,1,4,121,1,1,60.0,0,I,MELB_URBAN,ROAD,9,9.0
52504,4,5,173,5,1,100.0,0,N,MELB_URBAN,FREEWAY,9,8.0
52505,4,4,183,5,2,60.0,0,N,MELB_URBAN,ROAD,9,7.0
52506,1,2,130,1,1,60.0,0,I,MELB_URBAN,STREET,9,12.0
52507,6,5,170,5,1,100.0,0,N,RURAL_VICTORIA,ROAD,2,16.0
52508,1,4,130,5,1,100.0,0,N,RURAL_VICTORIA,ROAD,9,8.0
52509,1,5,147,5,1,50.0,0,N,MELB_URBAN,STREET,9,8.0
52510,2,5,100,5,2,50.0,0,N,MELB_URBAN,DRIVE,8,18.0
52511,1,5,120,5,1,70.0,0,N,MELB_URBAN,ROAD,9,10.0
52512,1,5,121,1,1,80.0,0,I,MELB_URBAN,HIGHWAY,9,9.0
52513,2,5,100,1,1,50.0,0,I,SMALL_CITIES,STREET,9,11.0
52514,4,4,181,5,1,90.0,0,N,RURAL_VICTORIA,ROAD,9,9.0
52515,2,1,99,5,3,60.0,0,N,MELB_URBAN,STREET,5,20.0
52516,1,1,113,1,2,50.0,0,I,MELB_URBAN,STREET,8,16.0
52517,5,5,99,5,1,50.0,0,N,MELB_URBAN,ROAD,9,10.0
52518,1,4,121,1,1,70.0,0,I,MELB_URBAN,ROAD,6,14.0
52519,8,1,174,5,1,60.0,0,N,RURAL_VICTORIA,ROAD,5,14.0
52520,1,5,121,1,1,60.0,0,I,LARGE_PROVINCIAL_CITIES,ROAD,9,12.0
52521,1,4,110,1,1,60.0,0,I,MELB_URBAN,ROAD,8,11.0
52522,1,2,130,5,1,70.0,0,N,MELB_URBAN,ROAD,5,11.0
52523,1,5,121,2,1,50.0,0,I,MELB_URBAN,STREET,8,14.0
52524,1,4,147,5,1,60.0,0,N,MELB_URBAN,ROAD,9,13.0
52525,8,1,170,5,1,100.0,0,N,MELB_URBAN,ROAD,8,12.0
52526,4,5,173,5,3,50.0,0,N,MELB_URBAN,STREET,9,7.0
52527,1,5,121,2,1,70.0,0,I,MELB_URBAN,ROAD,9,15.0
52528,4,5,171,5,1,100.0,0,N,RURAL_VICTORIA,HIGHWAY,9,14.0
52529,1,4,130,4,1,60.0,0,I,MELB_URBAN,AVENUE,5,10.0
52530,1,5,99,5,1,60.0,0,N,MELB_URBAN,STREET,9,8.0
52531,8,5,99,1,2,80.0,0,I,RURAL_VICTORIA,ROAD,9,5.0
52532,4,5,171,5,1,100.0,0,N,RURAL_VICTORIA,ROAD,9,16.0
52533,1,5,130,5,2,100.0,0,N,MELB_URBAN,FREEWAY,9,17.0
52534,6,1,174,5,1,50.0,0,N,RURAL_VICTORIA,OTHER,8,9.0
52535,1,4,130,2,2,60.0,0,I,MELB_URBAN,AVENUE,9,17.0
52536,4,5,173,5,3,50.0,0,N,MELB_URBAN,OTHER,9,20.0
52537,1,5,113,2,3,80.0,0,I,MELB_URBAN,HIGHWAY,9,21.0
52538,1,5,113,1,5,80.0,0,I,RURAL_VICTORIA,ROAD,9,21.0
52539,1,5,130,1,3,80.0,0,I,MELB_URBAN,ROAD,9,19.0
52540,1,6,160,5,3,50.0,0,N,MELB_URBAN,STREET,9,1.0
52541,1,5,181,5,3,60.0,0,N,MELB_URBAN,DRIVE,9,0.0
52542,8,2,174,2,3,60.0,0,I,MELB_URBAN,ROAD,7,19.0
52543,1,6,130,5,1,60.0,0,N,MELB_URBAN,STREET,8,16.0
52544,1,4,130,5,1,60.0,0,N,MELB_URBAN,ROAD,9,13.0
52545,1,5,163,5,6,40.0,0,N,MELBOURNE_CBD,STREET,5,19.0
52546,1,7,130,5,1,60.0,0,N,MELB_URBAN,ROAD,8,15.0
52547,4,3,181,5,1,80.0,0,N,MELB_URBAN,ROAD,9,14.0
52548,1,6,110,1,1,60.0,0,I,MELB_URBAN,ROAD,9,9.0
52549,2,6,99,5,1,50.0,0,N,MELB_URBAN,STREET,7,9.0
52550,1,5,110,1,1,60.0,0,I,LARGE_PROVINCIAL_CITIES,STREET,9,10.0
52551,1,2,130,2,9,60.0,0,N,MELB_URBAN,ROAD,8,9.0
52552,1,6,121,2,1,60.0,0,I,MELB_URBAN,ROAD,9,8.0
52553,1,5,130,2,2,60.0,0,N,LARGE_PROVINCIAL_CITIES,ROAD,7,8.0
52554,1,6,160,5,1,50.0,0,N,MELB_URBAN,STREET,9,9.0
52555,1,6,147,5,1,40.0,0,N,MELB_URBAN,BOULEVARD,9,11.0
52556,1,6,163,5,1,40.0,0,N,MELB_URBAN,STREET,9,12.0
52557,1,6,110,1,1,50.0,0,I,MELB_URBAN,STREET,9,9.0
52558,2,6,99,1,1,50.0,0,I,MELB_URBAN,STREET,9,10.0
52559,1,6,160,2,1,50.0,0,N,MELB_URBAN,ROAD,9,12.0
52560,1,6,121,5,1,60.0,0,N,MELB_URBAN,BOULEVARD,9,12.0
52561,1,6,160,5,1,50.0,0,N,MELB_URBAN,ROAD,9,9.0
52562,4,4,171,5,2,50.0,0,N,TOWNS,STREET,9,17.0
52563,2,5,100,1,1,50.0,0,N,MELB_URBAN,STREET,9,13.0
52564,4,6,173,5,1,100.0,1,N,RURAL_VICTORIA,ROAD,9,12.0
52565,2,6,99,5,1,50.0,0,N,TOWNS,ROAD,9,9.0
52566,1,6,130,1,1,50.0,0,I,MELB_URBAN,AVENUE,9,11.0
52567,8,1,99,5,2,50.0,0,N,MELB_URBAN,DRIVE,8,17.0
52568,4,6,171,5,1,80.0,0,N,MELB_URBAN,HIGHWAY,9,13.0
52569,1,6,99,5,1,40.0,0,N,MELB_URBAN,STREET,9,14.0
52570,1,5,130,5,1,80.0,0,N,MELB_URBAN,STREET,4,12.0
52571,1,5,121,2,1,60.0,0,I,TOWNS,ROAD,9,14.0
52572,1,6,130,5,1,70.0,0,N,MELB_URBAN,ROAD,9,16.0
52573,1,6,160,5,1,50.0,0,N,MELB_URBAN,DRIVE,9,13.0
52574,1,7,116,1,1,60.0,0,I,MELB_URBAN,ROAD,8,8.0
52575,1,6,99,1,1,100.0,0,I,RURAL_VICTORIA,HIGHWAY,9,14.0
52576,1,4,110,1,3,60.0,0,I,MELB_URBAN,ROAD,9,19.0
52577,1,6,140,2,1,60.0,0,I,MELB_URBAN,DRIVE,9,15.0
52578,2,6,99,5,1,50.0,0,N,LARGE_PROVINCIAL_CITIES,STREET,9,15.0
52579,1,5,130,1,1,50.0,0,I,SMALL_CITIES,ROAD,8,16.0