,accident_type,day_of_week,dca_code,road_geometry,light_condition,speed_zone,severity,node_type,deg_urban_name,road_type,month,hour
52580,1,6,110,1,1,50.0,0,I,MELB_URBAN,STREET,9,15.0
52581,1,1,130,1,1,50.0,0,I,MELB_URBAN,ROAD,8,10.0
52582,6,6,99,5,2,60.0,0,N,MELB_URBAN,OTHER,8,18.0
52583,1,6,147,5,2,60.0,0,N,MELB_URBAN,ROAD,9,17.0
52584,1,5,130,5,1,100.0,0,N,MELB_URBAN,FREEWAY,9,14.0
52585,2,6,102,2,3,60.0,0,I,MELB_URBAN,ROAD,9,19.0
52586,1,6,147,5,3,80.0,0,N,MELB_URBAN,HIGHWAY,9,18.0
52587,1,6,99,5,3,80.0,0,N,MELB_URBAN,HIGHWAY,9,18.0
52588,4,6,171,5,5,110.0,0,N,RURAL_VICTORIA,FREEWAY,9,20.0
52589,1,6,110,1,1,50.0,0,I,LARGE_PROVINCIAL_CITIES,AVENUE,9,14.0
52590,1,6,121,1,1,60.0,0,I,SMALL_CITIES,STREET,9,15.0
52591,1,5,121,1,3,80.0,0,I,MELB_URBAN,RAMP,9,21.0
52592,2,7,99,5,3,80.0,0,N,RURAL_VICTORIA,ROAD,9,0.0
52593,1,7,121,4,3,60.0,0,I,MELB_URBAN,ROAD,9,4.0
52594,1,5,171,5,1,80.0,0,I,MELB_URBAN,OTHER,8,16.0
52595,4,7,171,5,5,100.0,0,N,RURAL_VICTORIA,FREEWAY,9,5.0
52596,1,6,160,2,1,50.0,0,N,MELB_URBAN,STREET,9,8.0
52597,1,7,110,1,1,60.0,0,I,MELB_URBAN,ROAD,9,9.0
52598,1,7,133,5,2,60.0,0,N,MELB_URBAN,HIGHWAY,9,7.0
52599,1,5,135,5,1,80.0,0,N,MELB_URBAN,HIGHWAY,8,8.0
52600,8,2,170,5,2,60.0,0,N,MELB_URBAN,STREET,8,17.0
52601,1,7,110,1,1,100.0,0,I,RURAL_VICTORIA,ROAD,9,8.0
52602,1,7,140,5,1,60.0,0,N,MELB_URBAN,ROAD,9,12.0
52603,1,7,99,2,1,50.0,0,I,MELB_URBAN,AVENUE,9,13.0
52604,1,6,121,4,1,60.0,0,I,MELB_URBAN,RAMP,9,11.0
52605,1,6,113,2,1,50.0,0,I,MELB_URBAN,OTHER,9,10.0
52606,1,7,130,2,1,80.0,0,N,MELB_URBAN,HIGHWAY,9,14.0
52607,1,4,130,5,2,50.0,0,N,LARGE_PROVINCIAL_CITIES,STREET,7,17.0
52608,1,6,130,2,3,60.0,0,N,LARGE_PROVINCIAL_CITIES,ROAD,9,18.0
52609,4,7,183,5,1,80.0,0,N,SMALL_TOWNS,ROAD,9,14.0
52610,1,7,120,5,1,60.0,0,N,RURAL_VICTORIA,ROAD,9,13.0
52611,4,7,181,5,1,100.0,1,N,RURAL_VICTORIA,ROAD,9,13.0
52612,1,7,130,5,1,60.0,0,N,LARGE_PROVINCIAL_CITIES,ROAD,9,16.0
52613,2,7,100,5,2,70.0,0,N,MELB_URBAN,ROAD,9,17.0
52614,1,6,121,1,3,60.0,0,I,MELB_URBAN,ROAD,9,22.0
52615,1,7,130,2,9,60.0,0,I,MELB_URBAN,STREET,9,13.0
52616,6,7,99,5,2,110.0,0,N,TOWNS,FREEWAY,9,17.0
52617,1,3,110,1,3,50.0,0,I,MELB_URBAN,STREET,9,18.0
52618,8,7,174,5,1,80.0,0,N,MELB_URBAN,FREEWAY,9,14.0
52619,4,7,171,5,3,50.0,0,N,MELB_URBAN,STREET,9,20.0
52620,1,7,160,5,3,60.0,0,N,SMALL_CITIES,AVENUE,9,21.0
52621,4,1,173,1,3,80.0,0,I,MELB_URBAN,ROAD,9,1.0
52622,1,7,132,1,3,60.0,0,I,MELB_URBAN,ROAD,9,22.0
52623,4,1,173,5,2,100.0,0,N,MELB_URBAN,FREEWAY,9,6.0
52624,1,1,163,5,1,40.0,0,N,MELB_URBAN,STREET,9,10.0
52625,1,7,116,2,1,40.0,0,I,MELB_URBAN,AVENUE,9,16.0
52626,1,1,116,2,1,60.0,0,I,MELB_URBAN,PARADE,9,11.0
52627,1,6,130,5,1,40.0,0,N,MELB_URBAN,FREEWAY,7,14.0
52628,2,1,99,5,1,60.0,0,N,MELB_URBAN,STREET,9,13.0
52629,1,0,160,5,1,60.0,0,N,MELB_URBAN,STREET,9,10.0
52630,1,1,130,2,1,60.0,0,I,MELB_URBAN,UNKNOWN,9,12.0
52631,1,5,121,2,2,60.0,0,I,MELB_URBAN,ROAD,9,19.0
52632,8,1,99,5,1,50.0,0,N,TOWNS,DRIVE,9,13.0
52633,6,1,99,2,1,80.0,0,N,RURAL_VICTORIA,ROAD,9,11.0
52634,1,0,160,5,3,40.0,0,N,MELB_URBAN,STREET,9,4.0
52635,4,1,171,5,1,80.0,0,N,RURAL_VICTORIA,ROAD,9,8.0
52636,2,0,100,2,1,60.0,0,N,MELB_URBAN,ROAD,9,13.0
52637,1,1,130,5,1,60.0,0,N,MELB_URBAN,STREET,8,16.0
52638,1,1,99,5,1,50.0,0,N,MELB_URBAN,STREET,9,15.0
52639,1,1,110,1,2,60.0,0,I,MELB_URBAN,STREET,9,17.0
52640,8,1,174,5,1,60.0,0,N,RURAL_VICTORIA,OTHER,9,15.0
52641,4,1,181,5,2,100.0,0,I,RURAL_VICTORIA,ROAD,9,17.0
52642,1,3,130,5,1,60.0,0,N,MELB_URBAN,ROAD,7,9.0
52643,1,1,113,2,3,60.0,0,N,SMALL_TOWNS,HIGHWAY,9,18.0
52644,1,0,121,1,3,60.0,0,I,MELB_URBAN,ROAD,9,18.0
52645,4,1,99,2,2,60.0,0,I,MELB_URBAN,ROAD,9,17.0
52646,1,1,121,1,1,60.0,0,I,MELB_URBAN,STREET,9,15.0
52647,1,1,121,1,3,60.0,0,I,MELB_URBAN,ROAD,9,21.0
52648,1,1,120,5,5,110.0,0,N,RURAL_VICTORIA,FREEWAY,9,21.0
52649,1,6,130,5,1,60.0,0,N,MELB_URBAN,STREET,8,10.0
52650,4,1,181,5,5,80.0,0,N,RURAL_VICTORIA,ROAD,9,23.0
52651,1,2,130,5,2,80.0,0,N,MELB_URBAN,FREEWAY,7,17.0
52652,1,2,121,4,2,70.0,0,I,MELB_URBAN,ROAD,9,6.0
52653,8,1,174,5,1,40.0,0,N,MELB_URBAN,STREET,9,8.0
52654,1,1,99,2,1,60.0,0,I,LARGE_PROVINCIAL_CITIES,STREET,8,15.0
52655,2,2,99,5,1,60.0,0,N,MELB_URBAN,ROAD,9,10.0
52656,6,2,99,5,5,60.0,0,N,RURAL_VICTORIA,ROAD,9,5.0
52657,1,7,110,1,1,50.0,0,I,LARGE_PROVINCIAL_CITIES,STREET,9,16.0
52658,6,2,174,2,1,60.0,0,I,MELB_URBAN,DRIVE,9,10.0
52659,1,5,111,2,1,50.0,0,I,MELB_URBAN,ROAD,7,9.0
52660,1,2,121,2,1,60.0,0,N,MELB_URBAN,HIGHWAY,9,13.0
52661,8,1,99,5,1,100.0,0,N,RURAL_VICTORIA,OTHER,9,16.0
52662,2,2,102,1,1,50.0,0,N,MELB_URBAN,STREET,9,11.0
52663,4,7,181,5,1,60.0,0,N,RURAL_VICTORIA,OTHER,9,13.0
52664,1,2,113,2,1,60.0,0,I,LARGE_PROVINCIAL_CITIES,STREET,9,15.0
52665,1,3,99,5,1,50.0,0,N,MELB_URBAN,DRIVE,9,16.0
52666,1,1,130,5,1,60.0,0,N,MELB_URBAN,ROAD,9,14.0
52667,1,2,132,2,1,60.0,0,I,LARGE_PROVINCIAL_CITIES,ROAD,9,15.0
52668,1,1,121,5,1,60.0,0,N,MELB_URBAN,DRIVE,9,15.0
52669,1,4,130,2,2,80.0,0,I,RURAL_VICTORIA,ROAD,8,6.0
52670,1,2,132,5,3,80.0,0,N,RURAL_VICTORIA,ROAD,9,17.0
52671,2,3,99,5,5,80.0,0,N,RURAL_VICTORIA,ROAD,6,20.0
52672,2,2,100,1,2,50.0,0,I,TOWNS,STREET,9,17.0
52673,1,1,121,1,3,70.0,0,I,LARGE_PROVINCIAL_CITIES,STREET,9,19.0
52674,1,1,110,1,6,50.0,0,I,MELB_URBAN,AVENUE,9,19.0
52675,1,2,134,2,1,60.0,0,N,MELB_URBAN,ROAD,9,16.0
52676,1,1,130,5,3,50.0,0,N,MELB_URBAN,STREET,9,18.0
52677,1,2,120,4,5,100.0,0,I,RURAL_VICTORIA,ROAD,9,19.0
52678,5,2,99,2,3,60.0,0,N,MELB_URBAN,ROAD,9,21.0
52679,1,2,147,5,5,100.0,0,N,RURAL_VICTORIA,ROAD,9,5.0
52680,4,2,173,2,3,70.0,0,I,MELB_URBAN,ROAD,9,23.0
52681,1,3,99,5,5,60.0,0,N,MELB_URBAN,ROAD,9,0.0
52682,4,2,171,1,3,70.0,0,I,MELB_URBAN,ROAD,9,23.0
52683,1,3,130,2,3,60.0,0,I,MELB_URBAN,ROAD,9,4.0
52684,1,6,130,5,1,80.0,0,N,MELB_URBAN,ROAD,9,12.0
52685,2,2,99,5,1,60.0,0,N,MELB_URBAN,OTHER,9,11.0
52686,1,2,130,1,1,80.0,0,N,MELB_URBAN,HIGHWAY,9,16.0
52687,1,3,113,2,1,60.0,0,I,MELB_URBAN,DRIVE,9,8.0
52688,1,3,99,2,2,70.0,0,I,MELB_URBAN,ROAD,9,4.0
52689,1,3,99,5,1,50.0,0,N,MELB_URBAN,ROAD,9,9.0
52690,1,3,130,5,2,60.0,0,N,MELB_URBAN,RAMP,9,7.0
52691,6,1,174,2,1,70.0,0,N,MELB_URBAN,ROAD,8,16.0
52692,1,3,130,2,1,60.0,0,I,MELB_URBAN,STREET,9,9.0
52693,1,2,147,5,1,60.0,0,N,MELB_URBAN,ROAD,9,9.0
52694,1,3,110,1,1,60.0,0,I,SMALL_CITIES,STREET,9,8.0
52695,1,3,121,2,2,60.0,0,I,MELB_URBAN,ROAD,9,7.0
52696,1,3,130,2,1,90.0,0,I,MELB_URBAN,ROAD,9,10.0
52697,8,3,99,2,1,60.0,0,N,MELB_URBAN,STREET,9,12.0
52698,1,3,147,5,1,60.0,0,N,MELB_URBAN,UNKNOWN,9,12.0
52699,1,3,130,1,1,60.0,0,I,MELB_URBAN,HIGHWAY,8,14.0
52700,1,6,130,1,1,60.0,0,I,MELB_URBAN,ROAD,9,14.0
52701,6,7,99,5,5,60.0,0,N,RURAL_VICTORIA,ROAD,9,22.0
52702,1,6,160,5,3,60.0,0,N,MELB_URBAN,ROAD,7,6.0
52703,6,3,99,2,1,50.0,0,I,TOWNS,STREET,9,12.0
52704,1,3,99,1,1,100.0,0,I,RURAL_VICTORIA,ROAD,9,11.0
52705,1,3,99,5,1,50.0,0,N,MELB_URBAN,STREET,9,8.0
52706,1,1,121,2,3,60.0,0,I,MELB_URBAN,DRIVE,9,18.0
52707,1,3,110,1,1,100.0,0,I,RURAL_VICTORIA,ROAD,9,11.0
52708,1,7,130,5,1,50.0,0,N,MELB_URBAN,ROAD,9,10.0
52709,1,3,130,5,1,50.0,0,N,MELB_URBAN,ROAD,9,16.0
52710,1,3,147,5,2,50.0,0,N,MELB_URBAN,ROAD,9,17.0
52711,1,3,147,5,1,60.0,0,N,MELB_URBAN,ROAD,9,16.0
52712,1,3,130,5,3,60.0,0,N,MELB_URBAN,ROAD,9,17.0
52713,1,3,130,5,1,60.0,0,N,MELB_URBAN,ROAD,9,15.0
52714,1,3,130,1,1,60.0,0,I,MELB_URBAN,ROAD,9,13.0
52715,1,1,130,5,1,60.0,0,N,MELB_URBAN,ROAD,9,11.0
52716,1,3,130,2,1,60.0,0,I,MELB_URBAN,ROAD,9,14.0
52717,1,3,121,2,3,80.0,0,I,MELB_URBAN,ROAD,9,19.0
52718,1,3,113,2,3,40.0,0,I,MELB_URBAN,ROAD,9,19.0
52719,8,3,174,2,3,80.0,0,I,MELB_URBAN,ROAD,9,19.0
52720,1,2,160,5,3,60.0,0,N,MELB_URBAN,ROAD,9,18.0
52721,1,3,99,5,1,80.0,0,N,MELB_URBAN,ROAD,9,15.0
52722,6,3,99,5,2,80.0,0,N,RURAL_VICTORIA,ROAD,9,16.0
52723,6,3,99,5,5,100.0,0,N,RURAL_VICTORIA,ROAD,9,22.0
52724,1,3,113,2,5,80.0,0,I,RURAL_VICTORIA,ROAD,9,23.0
52725,1,2,99,2,3,50.0,0,N,MELB_URBAN,DRIVE,9,23.0
52726,1,4,130,1,3,80.0,0,I,MELB_URBAN,HIGHWAY,9,5.0
52727,1,4,130,5,1,80.0,0,N,MELB_URBAN,ROAD,9,8.0
52728,1,3,121,4,2,70.0,0,I,MELB_URBAN,ROAD,8,6.0
52729,1,1,173,5,3,100.0,0,N,MELB_URBAN,FREEWAY,9,1.0
52730,4,3,171,5,1,80.0,0,N,MELB_URBAN,ROAD,9,9.0
52731,1,3,121,4,1,60.0,0,I,MELB_URBAN,ROAD,8,9.0
52732,1,4,110,1,2,60.0,0,I,MELB_URBAN,STREET,9,7.0
52733,1,4,160,5,1,80.0,0,N,MELB_URBAN,HIGHWAY,8,8.0
52734,1,4,121,1,1,60.0,0,I,MELB_URBAN,ROAD,9,9.0
52735,1,4,130,5,1,60.0,0,N,MELB_URBAN,ROAD,9,9.0
52736,2,6,100,5,1,60.0,0,N,LARGE_PROVINCIAL_CITIES,STREET,8,14.0
52737,1,5,130,4,3,60.0,0,I,MELB_URBAN,STREET,9,23.0
52738,4,6,181,5,1,100.0,0,N,RURAL_VICTORIA,ROAD,4,13.0
52739,2,4,100,5,1,60.0,0,N,MELB_URBAN,ROAD,9,12.0
52740,1,1,113,2,1,60.0,0,I,MELB_URBAN,ROAD,8,15.0
52741,1,3,121,2,1,70.0,0,I,MELB_URBAN,ROAD,9,12.0
52742,1,4,147,5,1,50.0,0,N,MELB_URBAN,ROAD,9,10.0
52743,4,4,173,2,1,80.0,0,I,RURAL_VICTORIA,ROAD,9,12.0
52744,1,4,140,2,1,60.0,0,I,MELB_URBAN,ROAD,9,12.0
52745,2,4,99,2,1,50.0,0,I,MELB_URBAN,STREET,9,12.0
52746,1,2,130,5,1,70.0,0,N,SMALL_CITIES,ROAD,7,15.0
52747,1,4,110,1,2,50.0,0,I,MELB_URBAN,ROAD,9,7.0
52748,1,4,160,5,1,60.0,0,N,TOWNS,STREET,9,12.0
52749,4,4,173,5,1,100.0,0,N,MELB_URBAN,FREEWAY,9,13.0
52750,1,6,113,1,2,70.0,0,I,RURAL_VICTORIA,ROAD,8,6.0
52751,1,3,134,5,1,70.0,0,N,MELB_URBAN,ROAD,7,10.0
52752,8,3,170,1,3,40.0,0,I,MELB_URBAN,STREET,9,18.0
52753,1,2,160,5,1,50.0,0,N,LARGE_PROVINCIAL_CITIES,OTHER,9,13.0
52754,5,6,99,5,5,80.0,0,N,SMALL_TOWNS,ROAD,8,20.0
52755,1,2,130,5,6,80.0,0,N,MELB_URBAN,OTHER,8,19.0
52756,1,4,160,5,1,60.0,0,N,TOWNS,STREET,9,14.0
52757,1,4,130,1,9,60.0,0,N,MELB_URBAN,ROAD,9,11.0
52758,1,4,99,2,1,60.0,0,I,MELB_URBAN,HIGHWAY,9,12.0
52759,4,4,181,5,1,100.0,0,N,RURAL_VICTORIA,ROAD,9,14.0
52760,2,4,102,1,1,60.0,0,I,LARGE_PROVINCIAL_CITIES,STREET,9,15.0
52761,1,4,121,1,1,40.0,0,I,MELB_URBAN,ROAD,9,15.0
52762,1,6,113,1,9,50.0,0,I,MELB_URBAN,ROAD,8,16.0
52763,1,4,121,1,2,80.0,0,I,MELB_URBAN,HIGHWAY,9,17.0
52764,1,4,130,5,1,100.0,0,N,MELB_URBAN,ROAD,9,16.0
52765,4,4,99,2,5,100.0,0,I,RURAL_VICTORIA,ROAD,9,19.0
52766,1,4,116,2,2,70.0,0,I,MELB_URBAN,STREET,9,17.0
52767,2,4,102,2,3,60.0,0,N,MELB_URBAN,ROAD,9,19.0
52768,1,4,130,5,3,60.0,0,N,MELB_URBAN,ROAD,9,21.0
52769,4,4,173,5,5,90.0,0,N,MELB_URBAN,ROAD,9,22.0
52770,4,7,99,5,1,60.0,0,N,RURAL_VICTORIA,ROAD,8,11.0
52771,1,4,130,2,2,60.0,0,I,MELB_URBAN,ROAD,9,7.0
52772,8,7,174,5,1,60.0,0,N,MELB_URBAN,ROAD,7,12.0
52773,1,0,130,1,3,60.0,0,I,MELB_URBAN,HIGHWAY,9,1.0
52774,6,5,170,1,1,60.0,0,I,TOWNS,ROAD,9,9.0
52775,1,4,147,5,1,50.0,0,N,MELB_URBAN,PARADE,9,16.0
52776,6,5,170,2,1,60.0,0,N,MELB_URBAN,ROAD,9,9.0
52777,1,3,110,1,3,50.0,0,I,SMALL_CITIES,STREET,9,19.0
52778,1,7,121,1,1,70.0,0,I,MELB_URBAN,ROAD,8,14.0
52779,1,5,130,5,1,80.0,0,N,MELB_URBAN,ROAD,9,11.0
52780,1,5,130,2,1,60.0,0,I,MELB_URBAN,ROAD,9,9.0
52781,4,1,183,5,1,60.0,0,N,RURAL_VICTORIA,ROAD,9,11.0
52782,4,4,181,5,1,80.0,0,N,RURAL_VICTORIA,ROAD,9,9.0
52783,1,2,130,5,6,70.0,0,N,MELB_URBAN,ROAD,9,23.0
52784,1,5,147,5,1,50.0,0,N,MELB_URBAN,ROAD,9,8.0
52785,1,4,130,1,1,60.0,0,I,MELB_URBAN,ROAD,9,10.0
52786,6,5,99,2,1,100.0,0,I,RURAL_VICTORIA,HIGHWAY,9,12.0
52787,1,5,130,5,1,80.0,0,N,MELB_URBAN,HIGHWAY,9,14.0
52788,1,5,110,1,1,60.0,0,I,MELB_URBAN,STREET,9,11.0
52789,1,1,110,1,1,100.0,0,I,RURAL_VICTORIA,OTHER,8,8.0
52790,1,3,130,5,1,80.0,0,N,MELB_URBAN,ROAD,9,8.0
52791,1,5,130,5,1,60.0,0,N,MELB_URBAN,ROAD,9,9.0
52792,5,6,99,5,1,60.0,0,N,RURAL_VICTORIA,ROAD,2,10.0
52793,4,4,171,5,1,100.0,0,N,RURAL_VICTORIA,ROAD,9,14.0
52794,1,5,99,2,1,100.0,0,I,RURAL_VICTORIA,HIGHWAY,9,15.0
52795,4,4,173,5,1,70.0,0,N,MELB_URBAN,DRIVE,9,11.0
52796,1,3,130,5,3,70.0,0,N,MELB_URBAN,ROAD,8,18.0
52797,1,5,147,5,1,80.0,0,N,MELB_URBAN,HIGHWAY,9,15.0
52798,4,5,173,5,1,50.0,0,N,MELB_URBAN,STREET,9,15.0
52799,6,5,99,5,1,100.0,0,N,RURAL_VICTORIA,ROAD,9,15.0
52800,1,5,132,2,1,60.0,0,I,MELB_URBAN,ROAD,9,16.0
52801,1,5,120,5,1,50.0,0,N,MELB_URBAN,AVENUE,9,16.0
52802,1,5,113,2,1,80.0,0,I,MELB_URBAN,HIGHWAY,9,16.0
52803,1,5,99,2,2,50.0,0,N,MELB_URBAN,BOULEVARD,9,18.0
52804,1,5,113,2,1,80.0,0,I,LARGE_PROVINCIAL_CITIES,ROAD,9,16.0
52805,1,4,160,5,1,60.0,0,N,SMALL_CITIES,STREET,9,16.0
52806,1,5,160,5,2,50.0,0,N,SMALL_CITIES,STREET,9,17.0
52807,1,5,130,1,2,70.0,0,I,MELB_URBAN,ROAD,9,17.0
52808,1,5,121,1,3,60.0,0,I,MELB_URBAN,ROAD,9,20.0
52809,1,5,134,5,3,100.0,0,N,MELB_URBAN,FREEWAY,9,19.0
52810,1,5,130,5,6,60.0,0,N,MELB_URBAN,ROAD,9,20.0
52811,1,3,130,1,2,60.0,0,N,MELB_URBAN,ROAD,9,6.0
52812,4,5,99,2,5,100.0,0,I,RURAL_VICTORIA,ROAD,9,22.0
52813,1,6,99,5,3,60.0,0,N,MELB_URBAN,ROAD,9,4.0
52814,8,5,174,5,2,50.0,0,N,MELB_URBAN,STREET,9,6.0
52815,1,6,121,2,2,60.0,0,I,TOWNS,AVENUE,9,6.0
52816,2,6,102,1,2,60.0,0,I,MELB_URBAN,ROAD,9,6.0
52817,1,6,99,5,1,60.0,0,N,MELB_URBAN,ROAD,9,8.0
52818,8,7,184,5,2,60.0,0,N,MELB_URBAN,ROAD,8,18.0
52819,1,6,113,2,2,70.0,0,I,MELB_URBAN,OTHER,9,6.0
52820,8,2,174,5,2,100.0,0,N,RURAL_VICTORIA,OTHER,9,17.0
52821,1,6,132,1,1,100.0,0,N,RURAL_VICTORIA,HIGHWAY,9,10.0
52822,1,6,130,5,1,60.0,0,N,LARGE_PROVINCIAL_CITIES,STREET,9,12.0
52823,1,6,113,2,1,60.0,0,I,MELB_URBAN,ROAD,9,12.0
52824,1,6,116,2,1,60.0,0,I,MELB_URBAN,DRIVE,8,9.0
52825,1,6,130,5,3,60.0,0,N,MELB_URBAN,AVENUE,9,5.0
52826,1,5,130,1,1,70.0,0,I,MELB_URBAN,ROAD,9,12.0
52827,1,6,99,5,1,50.0,0,N,SMALL_CITIES,STREET,9,15.0
52828,2,6,99,5,1,40.0,0,N,MELB_URBAN,ROAD,9,13.0
52829,1,6,110,1,1,70.0,0,I,MELB_URBAN,ROAD,9,14.0
52830,1,6,99,2,1,50.0,0,N,MELB_URBAN,STREET,9,15.0
52831,8,4,174,5,2,60.0,0,N,MELB_URBAN,ROAD,9,18.0
52832,4,6,171,2,1,60.0,0,I,MELB_URBAN,ROAD,9,15.0
52833,4,6,173,5,2,60.0,0,N,MELB_URBAN,ROAD,9,17.0
52834,1,6,99,5,3,70.0,0,N,MELB_URBAN,ROAD,9,18.0
52835,1,0,110,1,2,50.0,0,I,MELB_URBAN,STREET,8,17.0
52836,6,4,99,5,2,30.0,0,N,SMALL_CITIES,STREET,9,17.0
52837,1,6,121,1,2,70.0,0,I,MELB_URBAN,HIGHWAY,9,17.0
52838,1,6,99,2,3,60.0,0,I,MELB_URBAN,ROAD,9,19.0
52839,2,6,102,1,1,40.0,0,I,MELB_URBAN,STREET,9,15.0
52840,1,5,110,1,2,60.0,0,I,SMALL_CITIES,STREET,9,17.0
52841,1,6,130,5,1,70.0,0,N,MELB_URBAN,ROAD,9,15.0
52842,1,6,121,1,3,60.0,0,I,MELB_URBAN,ROAD,9,21.0
52843,1,6,130,2,2,60.0,0,I,MELB_URBAN,ROAD,9,19.0
52844,5,3,99,2,5,100.0,0,I,RURAL_VICTORIA,ROAD,9,19.0
52845,4,5,181,5,3,50.0,0,N,MELB_URBAN,DRIVE,9,21.0
52846,1,5,130,2,1,60.0,0,I,MELB_URBAN,HIGHWAY,5,11.0
52847,4,6,171,5,5,100.0,0,N,RURAL_VICTORIA,ROAD,9,22.0
52848,4,6,183,5,3,60.0,0,N,MELB_URBAN,HIGHWAY,9,23.0
52849,1,6,99,5,5,110.0,0,N,RURAL_VICTORIA,FREEWAY,9,23.0
52850,6,7,170,5,5,60.0,0,N,RURAL_VICTORIA,OTHER,9,0.0
52851,1,7,121,1,2,60.0,0,I,LARGE_PROVINCIAL_CITIES,STREET,9,6.0
52852,1,7,130,5,2,100.0,0,N,RURAL_VICTORIA,HIGHWAY,9,7.0
52853,1,7,147,5,1,50.0,0,N,MELB_URBAN,AVENUE,9,9.0
52854,1,7,130,5,2,100.0,1,N,MELB_URBAN,RAMP,9,7.0
52855,8,1,184,5,1,60.0,0,N,MELB_URBAN,FREEWAY,9,15.0
52856,1,1,132,2,1,80.0,0,I,RURAL_VICTORIA,HIGHWAY,8,16.0
52857,1,7,132,2,1,60.0,0,I,MELB_URBAN,ROAD,9,10.0
52858,1,7,130,5,2,80.0,0,N,TOWNS,HIGHWAY,9,6.0
52859,1,5,110,1,2,60.0,0,I,LARGE_PROVINCIAL_CITIES,ROAD,9,7.0
52860,4,7,181,5,1,100.0,0,N,RURAL_VICTORIA,ROAD,9,12.0
52861,1,7,99,1,1,80.0,0,I,MELB_URBAN,ROAD,9,13.0
52862,1,7,121,2,1,60.0,0,I,MELB_URBAN,ROAD,9,10.0
52863,8,4,174,5,1,60.0,0,N,RURAL_VICTORIA,ROAD,12,12.0
52864,4,7,171,5,1,100.0,0,N,RURAL_VICTORIA,ROAD,9,13.0
52865,1,7,130,5,1,60.0,0,N,LARGE_PROVINCIAL_CITIES,HIGHWAY,9,14.0
52866,1,6,133,1,1,80.0,0,I,MELB_URBAN,ROAD,8,11.0
52867,6,7,99,5,1,60.0,0,N,RURAL_VICTORIA,ROAD,9,10.0
52868,1,6,121,1,2,60.0,0,I,MELB_URBAN,STREET,7,17.0
52869,1,7,113,2,1,60.0,0,I,RURAL_VICTORIA,ROAD,9,16.0
52870,1,6,121,2,2,60.0,0,I,MELB_URBAN,STREET,9,17.0
52871,1,6,140,5,2,60.0,0,N,MELB_URBAN,ROAD,9,17.0
52872,1,2,130,5,1,70.0,0,N,MELB_URBAN,ROAD,6,11.0
52873,8,7,174,5,2,100.0,0,N,RURAL_VICTORIA,ROAD,9,17.0
52874,8,7,174,5,5,60.0,0,N,RURAL_VICTORIA,ROAD,9,19.0
52875,1,7,99,2,2,50.0,0,I,MELB_URBAN,STREET,9,18.0
52876,2,7,100,1,3,60.0,0,I,MELB_URBAN,ROAD,9,19.0
52877,1,7,99,5,3,50.0,0,N,MELB_URBAN,HIGHWAY,9,19.0
52878,1,7,111,2,3,80.0,0,N,RURAL_VICTORIA,HIGHWAY,9,18.0
52879,4,7,171,1,3,50.0,0,I,MELB_URBAN,ROAD,9,20.0
52880,1,7,140,2,3,60.0,0,I,MELB_URBAN,STREET,9,18.0
52881,1,7,160,5,3,70.0,0,N,MELB_URBAN,ROAD,9,19.0
52882,4,1,173,5,5,100.0,0,N,RURAL_VICTORIA,ROAD,9,3.0
52883,1,1,132,2,2,60.0,0,I,MELB_URBAN,ROAD,9,7.0
52884,8,1,174,5,1,50.0,0,N,MELB_URBAN,STREET,9,12.0
52885,1,1,130,2,1,60.0,0,I,MELB_URBAN,ROAD,9,11.0
52886,1,1,130,5,1,60.0,0,N,MELB_URBAN,ROAD,9,11.0
52887,1,1,121,2,1,40.0,0,I,MELB_URBAN,ROAD,9,13.0
52888,1,7,111,2,1,60.0,0,I,RURAL_VICTORIA,ROAD,9,15.0
52889,4,1,171,5,1,80.0,1,N,MELB_URBAN,HIGHWAY,9,8.0
52890,1,7,121,2,3,70.0,0,I,MELB_URBAN,ROAD,9,22.0
52891,1,1,121,1,1,80.0,0,I,MELB_URBAN,HIGHWAY,9,13.0
52892,1,4,130,4,1,60.0,0,I,MELB_URBAN,HIGHWAY,9,8.0
52893,1,1,163,5,1,40.0,0,N,MELB_URBAN,STREET,9,12.0
52894,1,1,121,2,1,50.0,0,I,MELB_URBAN,ROAD,9,12.0
52895,8,1,99,5,1,100.0,0,N,RURAL_VICTORIA,ROAD,9,13.0
52896,1,1,121,2,1,50.0,0,I,TOWNS,STREET,9,14.0
52897,1,1,113,2,1,60.0,0,I,MELB_URBAN,ROAD,9,9.0
52898,1,1,120,5,1,100.0,0,N,RURAL_VICTORIA,ROAD,9,13.0
52899,1,1,130,5,1,60.0,1,N,SMALL_CITIES,HIGHWAY,9,15.0
52900,1,1,99,5,1,40.0,0,N,MELB_URBAN,BOULEVARD,9,14.0
52901,1,7,121,1,1,50.0,0,I,MELB_URBAN,STREET,9,10.0
52902,1,0,110,1,1,60.0,0,I,MELB_URBAN,ROAD,9,16.0
52903,6,1,170,5,1,110.0,0,N,SMALL_CITIES,FREEWAY,9,16.0
52904,4,1,99,2,1,50.0,0,I,SMALL_CITIES,ROAD,9,16.0
52905,1,1,160,5,1,50.0,0,N,MELB_URBAN,ROAD,9,16.0
52906,1,1,113,2,1,60.0,0,I,LARGE_PROVINCIAL_CITIES,ROAD,9,16.0
52907,8,1,99,5,3,100.0,0,N,MELB_URBAN,RAMP,9,21.0
52908,1,2,160,5,3,70.0,0,N,MELB_URBAN,ROAD,9,1.0
52909,6,0,174,5,1,60.0,0,N,RURAL_VICTORIA,ROAD,9,11.0
52910,1,1,132,2,2,60.0,0,N,MELB_URBAN,ROAD,9,7.0
52911,1,2,113,2,2,60.0,0,I,MELB_URBAN,HIGHWAY,9,7.0
52912,1,2,130,5,1,60.0,0,N,MELB_URBAN,ROAD,9,9.0
52913,1,2,99,5,1,40.0,0,N,SMALL_CITIES,STREET,9,8.0