,accident_type,day_of_week,dca_code,road_geometry,light_condition,speed_zone,severity,node_type,deg_urban_name,road_type,month,hour
52914,6,1,184,5,1,60.0,0,N,RURAL_VICTORIA,ROAD,9,12.0
52915,6,7,184,5,9,60.0,0,N,RURAL_VICTORIA,OTHER,9,9.0
52916,6,2,170,4,2,60.0,0,I,SMALL_TOWNS,ROAD,8,16.0
52917,2,2,100,5,1,70.0,0,I,MELB_URBAN,ROAD,9,9.0
52918,1,6,121,2,2,60.0,0,I,LARGE_PROVINCIAL_CITIES,STREET,9,17.0
52919,1,2,121,2,1,80.0,0,N,MELB_URBAN,HIGHWAY,9,11.0
52920,1,1,121,1,1,70.0,0,I,MELB_URBAN,HIGHWAY,9,11.0
52921,1,5,130,5,3,100.0,0,N,MELB_URBAN,ROAD,9,18.0
52922,4,5,99,2,5,100.0,0,I,RURAL_VICTORIA,AVENUE,9,19.0
52923,4,2,173,5,1,80.0,0,N,MELB_URBAN,ROAD,9,11.0
52924,1,2,130,2,1,60.0,0,I,SMALL_CITIES,STREET,9,11.0
52925,1,2,99,5,1,60.0,0,N,MELB_URBAN,ROAD,9,13.0
52926,1,2,110,1,2,50.0,0,I,MELB_URBAN,ROAD,9,7.0
52927,1,5,132,2,1,50.0,0,I,MELB_URBAN,ROAD,9,16.0
52928,1,2,133,5,1,100.0,0,N,MELB_URBAN,ROAD,9,10.0
52929,1,1,99,1,1,60.0,0,N,MELB_URBAN,ROAD,9,14.0
52930,1,2,130,5,1,40.0,0,N,MELB_URBAN,STREET,9,15.0
52931,1,0,99,5,1,50.0,0,N,SMALL_CITIES,DRIVE,9,13.0
52932,2,2,100,5,1,60.0,0,N,MELB_URBAN,AVENUE,9,13.0
52933,6,2,174,2,1,50.0,0,I,TOWNS,ROAD,9,8.0
52934,5,1,99,5,1,60.0,0,N,RURAL_VICTORIA,OTHER,9,15.0
52935,1,1,130,5,1,40.0,0,N,MELB_URBAN,ROAD,9,14.0
52936,4,0,171,2,1,100.0,0,I,RURAL_VICTORIA,HIGHWAY,9,17.0
52937,2,2,102,5,1,60.0,0,N,MELB_URBAN,ROAD,9,15.0
52938,2,2,100,1,1,60.0,0,I,MELB_URBAN,ROAD,9,8.0
52939,1,2,99,5,1,60.0,0,N,MELB_URBAN,ROAD,9,15.0
52940,6,7,99,5,1,60.0,0,N,RURAL_VICTORIA,ROAD,9,9.0
52941,6,6,174,5,1,50.0,0,N,SMALL_CITIES,STREET,6,14.0
52942,1,1,130,2,1,60.0,0,I,MELB_URBAN,ROAD,9,15.0
52943,2,7,99,2,6,50.0,0,I,SMALL_CITIES,STREET,9,23.0
52944,1,2,99,1,1,100.0,0,I,RURAL_VICTORIA,FREEWAY,9,15.0
52945,1,2,121,2,1,100.0,0,I,RURAL_VICTORIA,DRIVE,9,16.0
52946,1,2,130,5,2,60.0,0,N,MELB_URBAN,ROAD,8,17.0
52947,1,2,99,2,1,60.0,0,I,LARGE_PROVINCIAL_CITIES,STREET,9,15.0
52948,1,2,121,2,2,60.0,0,I,MELB_URBAN,ROAD,9,16.0
52949,1,2,140,2,1,60.0,0,I,MELB_URBAN,ROAD,9,16.0
52950,1,7,130,5,1,40.0,0,N,MELB_URBAN,ROAD,9,12.0
52951,1,2,116,2,2,60.0,0,I,LARGE_PROVINCIAL_CITIES,STREET,9,17.0
52952,1,2,99,2,1,50.0,0,I,TOWNS,STREET,9,8.0
52953,6,1,174,5,5,110.0,0,N,RURAL_VICTORIA,FREEWAY,7,20.0
52954,1,2,121,1,3,60.0,0,I,MELB_URBAN,ROAD,9,19.0
52955,1,1,120,5,9,100.0,0,N,RURAL_VICTORIA,ROAD,9,16.0
52956,4,2,171,5,5,70.0,0,N,SMALL_CITIES,ROAD,9,22.0
52957,4,2,173,5,3,50.0,0,N,LARGE_PROVINCIAL_CITIES,STREET,9,22.0
52958,1,3,130,5,5,110.0,0,N,RURAL_VICTORIA,RAMP,9,5.0
52959,1,3,160,5,3,50.0,0,N,TOWNS,UNKNOWN,9,5.0
52960,1,1,130,1,1,60.0,0,I,SMALL_CITIES,HIGHWAY,9,10.0
52961,1,6,121,4,9,60.0,0,I,LARGE_PROVINCIAL_CITIES,ROAD,9,12.0
52962,3,1,167,5,1,60.0,0,N,RURAL_VICTORIA,OTHER,9,9.0
52963,1,3,121,1,2,100.0,0,I,RURAL_VICTORIA,HIGHWAY,9,6.0
52964,1,2,130,5,1,80.0,0,N,MELB_URBAN,ROAD,9,8.0
52965,1,5,130,1,2,60.0,0,I,MELB_URBAN,OTHER,9,17.0
52966,4,1,183,5,1,100.0,0,N,RURAL_VICTORIA,ROAD,9,12.0
52967,1,1,110,1,1,60.0,0,I,MELB_URBAN,ROAD,9,14.0
52968,1,0,113,2,3,60.0,0,I,TOWNS,STREET,9,19.0
52969,2,5,99,5,1,30.0,0,N,MELB_URBAN,UNKNOWN,9,15.0
52970,1,3,111,1,1,100.0,0,I,RURAL_VICTORIA,ROAD,9,8.0
52971,1,3,134,1,1,60.0,0,I,MELB_URBAN,ROAD,9,10.0
52972,1,3,110,1,1,100.0,0,I,RURAL_VICTORIA,DRIVE,9,10.0
52973,1,6,130,2,3,80.0,0,N,MELB_URBAN,OTHER,9,22.0
52974,1,5,110,1,1,50.0,0,I,MELB_URBAN,STREET,9,8.0
52975,1,7,130,2,3,60.0,0,I,MELB_URBAN,STREET,9,3.0
52976,1,6,130,2,9,60.0,0,I,MELB_URBAN,ROAD,7,16.0
52977,6,2,99,5,1,60.0,0,N,RURAL_VICTORIA,OTHER,9,10.0
52978,1,3,99,1,1,60.0,0,N,SMALL_CITIES,ROAD,9,13.0
52979,1,2,111,1,6,50.0,0,I,MELB_URBAN,STREET,5,18.0
52980,1,3,132,5,1,50.0,0,N,MELB_URBAN,STREET,9,13.0
52981,1,6,140,5,1,60.0,0,N,MELB_URBAN,STREET,8,9.0
52982,4,2,171,2,1,70.0,0,I,MELB_URBAN,ROAD,9,10.0
52983,1,2,110,1,1,60.0,0,I,MELB_URBAN,ROAD,9,12.0
52984,1,3,130,5,9,80.0,0,I,MELB_URBAN,FREEWAY,9,12.0
52985,2,1,100,1,3,60.0,0,I,MELB_URBAN,ROAD,8,18.0
52986,2,2,99,5,1,60.0,0,N,MELB_URBAN,ROAD,9,13.0
52987,2,3,100,1,1,60.0,0,I,MELB_URBAN,ROAD,9,14.0
52988,1,3,99,5,1,50.0,0,N,SMALL_CITIES,STREET,9,16.0
52989,1,5,134,2,3,70.0,0,I,MELB_URBAN,FREEWAY,8,19.0
52990,1,3,113,2,2,70.0,0,I,LARGE_PROVINCIAL_CITIES,HIGHWAY,9,17.0
52991,1,2,160,5,2,50.0,0,N,MELB_URBAN,ROAD,9,17.0
52992,1,3,113,2,2,80.0,0,I,MELB_URBAN,HIGHWAY,9,18.0
52993,1,3,110,1,2,50.0,0,I,MELB_URBAN,STREET,9,18.0
52994,1,2,130,5,2,100.0,0,N,MELB_URBAN,ROAD,9,18.0
52995,1,3,121,2,2,60.0,0,I,MELB_URBAN,STREET,9,17.0
52996,1,2,110,1,2,60.0,0,I,LARGE_PROVINCIAL_CITIES,STREET,9,18.0
52997,1,5,130,1,1,60.0,0,I,MELB_URBAN,PARADE,9,16.0
52998,1,4,121,1,3,50.0,0,I,MELB_URBAN,STREET,8,18.0
52999,1,2,121,1,3,60.0,0,I,MELB_URBAN,ROAD,9,19.0
53000,1,3,130,1,3,60.0,0,I,MELB_URBAN,ROAD,9,19.0
53001,8,3,99,5,5,110.0,0,N,RURAL_VICTORIA,FREEWAY,9,20.0
53002,1,3,110,1,1,60.0,0,I,MELB_URBAN,ROAD,9,15.0
53003,4,2,171,5,2,100.0,0,N,RURAL_VICTORIA,HIGHWAY,9,6.0
53004,6,3,99,5,5,80.0,0,N,MELB_URBAN,HIGHWAY,9,0.0
53005,1,3,130,5,1,100.0,0,N,MELB_URBAN,ROAD,9,7.0
53006,4,4,173,5,5,100.0,1,N,RURAL_VICTORIA,ROAD,9,5.0
53007,1,3,130,5,1,80.0,0,N,MELB_URBAN,ROAD,9,8.0
53008,1,2,140,5,1,50.0,0,N,MELB_URBAN,DRIVE,9,9.0
53009,2,3,100,2,1,60.0,0,I,MELB_URBAN,PARADE,9,8.0
53010,1,2,99,5,1,60.0,0,N,TOWNS,ROAD,8,16.0
53011,1,4,121,2,2,80.0,0,N,MELB_URBAN,HIGHWAY,9,6.0
53012,1,1,130,1,1,60.0,0,I,MELB_URBAN,ROAD,8,8.0
53013,1,2,130,2,1,60.0,0,I,MELB_URBAN,STREET,8,17.0
53014,1,3,130,5,2,60.0,0,N,MELB_URBAN,STREET,9,17.0
53015,1,3,99,4,1,60.0,0,I,MELB_URBAN,ROAD,9,8.0
53016,1,4,99,1,1,70.0,0,I,MELB_URBAN,ROAD,9,12.0
53017,8,1,99,5,6,60.0,0,N,MELB_URBAN,ROAD,8,18.0
53018,1,4,147,5,2,60.0,0,N,MELB_URBAN,ROAD,9,7.0
53019,1,3,121,4,1,60.0,0,N,LARGE_PROVINCIAL_CITIES,STREET,9,16.0
53020,1,1,110,1,1,100.0,0,I,RURAL_VICTORIA,ROAD,9,13.0
53021,2,4,100,1,1,60.0,0,I,MELB_URBAN,STREET,9,9.0
53022,8,5,99,5,1,50.0,0,N,LARGE_PROVINCIAL_CITIES,STREET,8,9.0
53023,1,3,121,2,2,100.0,0,N,RURAL_VICTORIA,ROAD,9,17.0
53024,1,4,99,5,1,40.0,0,N,MELB_URBAN,ROAD,9,14.0
53025,4,4,183,5,1,60.0,0,N,MELB_URBAN,ROAD,9,14.0
53026,1,4,110,1,1,50.0,0,I,MELB_URBAN,STREET,9,16.0
53027,1,4,130,1,1,70.0,0,I,MELB_URBAN,ROAD,9,8.0
53028,3,3,167,5,1,100.0,0,N,RURAL_VICTORIA,ROAD,9,12.0
53029,1,4,140,5,1,50.0,0,N,SMALL_CITIES,ROAD,9,15.0
53030,6,4,174,5,1,50.0,0,N,MELB_URBAN,STREET,9,13.0
53031,6,2,174,5,1,100.0,0,N,RURAL_VICTORIA,ROAD,9,8.0
53032,2,4,99,5,1,60.0,0,N,MELB_URBAN,ROAD,9,14.0
53033,1,4,110,1,2,50.0,0,I,MELB_URBAN,AVENUE,9,18.0
53034,4,7,183,5,1,100.0,0,N,RURAL_VICTORIA,ROAD,9,16.0
53035,1,3,130,1,9,60.0,0,I,RURAL_VICTORIA,ROAD,9,14.0
53036,2,4,100,5,3,40.0,0,N,MELBOURNE_CBD,STREET,9,19.0
53037,1,3,121,1,3,50.0,0,I,LARGE_PROVINCIAL_CITIES,STREET,9,19.0
53038,1,3,121,2,3,60.0,0,I,MELB_URBAN,ROAD,9,19.0
53039,1,4,121,1,1,80.0,0,I,MELB_URBAN,ROAD,9,16.0
53040,1,2,130,1,2,60.0,0,I,MELB_URBAN,ROAD,9,18.0
53041,1,4,130,5,3,80.0,0,N,MELB_URBAN,FREEWAY,9,18.0
53042,2,4,102,5,3,60.0,0,N,MELB_URBAN,ROAD,9,21.0
53043,8,0,170,5,1,100.0,0,N,RURAL_VICTORIA,ROAD,9,17.0
53044,1,5,121,1,3,80.0,0,I,MELB_URBAN,HIGHWAY,9,0.0
53045,1,5,99,5,2,80.0,0,N,MELB_URBAN,ROAD,9,6.0
53046,1,1,130,2,1,80.0,0,I,MELB_URBAN,ROAD,9,15.0
53047,1,5,121,2,1,70.0,0,I,MELB_URBAN,ROAD,9,8.0
53048,1,5,110,4,3,50.0,0,N,MELB_URBAN,ROAD,9,19.0
53049,1,3,99,1,3,60.0,0,N,MELB_URBAN,ROAD,9,18.0
53050,2,5,99,5,1,50.0,0,N,MELB_URBAN,AVENUE,9,8.0
53051,4,1,171,5,5,100.0,0,N,MELB_URBAN,FREEWAY,8,6.0
53052,1,7,111,1,1,80.0,0,I,MELB_URBAN,HIGHWAY,9,13.0
53053,1,4,130,5,3,70.0,0,N,MELB_URBAN,ROAD,9,19.0
53054,2,4,102,1,1,50.0,0,I,MELB_URBAN,ROAD,9,8.0
53055,1,5,113,1,1,70.0,0,I,LARGE_PROVINCIAL_CITIES,STREET,9,10.0
53056,1,6,99,2,3,60.0,0,I,MELB_URBAN,ROAD,9,3.0
53057,8,4,174,5,1,70.0,0,N,RURAL_VICTORIA,ROAD,9,11.0
53058,1,5,120,5,1,100.0,0,N,RURAL_VICTORIA,ROAD,9,14.0
53059,1,7,113,1,3,60.0,0,I,MELB_URBAN,ROAD,9,0.0
53060,1,5,130,5,1,100.0,0,N,SMALL_TOWNS,FREEWAY,9,13.0
53061,1,4,130,5,1,60.0,0,N,MELB_URBAN,ROAD,9,14.0
53062,6,5,170,5,1,100.0,0,N,SMALL_CITIES,ROAD,9,13.0
53063,1,5,121,5,1,40.0,0,N,MELBOURNE_CBD,STREET,9,15.0
53064,2,2,100,5,6,60.0,0,N,MELB_URBAN,OTHER,5,18.0
53065,1,5,132,2,1,80.0,0,I,RURAL_VICTORIA,HIGHWAY,9,15.0
53066,1,3,130,5,3,60.0,0,N,MELB_URBAN,OTHER,7,20.0
53067,1,5,120,5,1,60.0,0,N,MELB_URBAN,ROAD,9,15.0
53068,1,5,160,5,2,60.0,0,N,SMALL_CITIES,ROAD,9,16.0
53069,1,5,130,5,1,80.0,0,N,MELB_URBAN,HIGHWAY,9,14.0
53070,1,5,135,5,3,80.0,0,N,MELB_URBAN,HIGHWAY,9,17.0
53071,1,5,134,5,3,100.0,0,N,MELB_URBAN,UNKNOWN,9,19.0
53072,1,5,130,2,9,60.0,0,I,MELB_URBAN,STREET,6,14.0
53073,3,2,167,5,5,100.0,0,N,RURAL_VICTORIA,ROAD,9,21.0
53074,1,5,116,2,2,60.0,0,I,MELB_URBAN,ROAD,9,18.0
53075,1,2,121,4,1,60.0,0,I,MELB_URBAN,ROAD,9,7.0
53076,2,5,100,5,1,50.0,0,N,MELB_URBAN,DRIVE,9,14.0
53077,4,5,183,5,3,50.0,0,N,MELB_URBAN,DRIVE,9,22.0
53078,1,5,135,5,3,80.0,0,N,MELB_URBAN,HIGHWAY,9,22.0
53079,1,4,160,5,2,50.0,0,N,MELB_URBAN,ROAD,9,17.0
53080,1,6,110,1,1,60.0,0,I,SMALL_CITIES,ROAD,8,15.0
53081,1,1,130,5,2,100.0,0,N,MELB_URBAN,ROAD,9,17.0
53082,1,3,134,5,1,60.0,0,N,LARGE_PROVINCIAL_CITIES,STREET,7,12.0
53083,1,6,130,2,1,60.0,0,I,MELB_URBAN,ROAD,9,11.0
53084,2,6,100,5,2,100.0,0,N,RURAL_VICTORIA,ROAD,9,7.0
53085,4,2,99,5,1,60.0,0,N,MELB_URBAN,STREET,8,12.0
53086,1,6,130,5,1,80.0,0,N,MELB_URBAN,ROAD,9,13.0
53087,5,5,99,5,1,60.0,0,N,MELB_URBAN,ROAD,5,11.0
53088,1,4,116,2,1,60.0,0,I,SMALL_CITIES,ROAD,9,13.0
53089,4,6,183,5,1,100.0,0,N,RURAL_VICTORIA,ROAD,9,13.0
53090,1,6,160,5,1,50.0,0,N,MELB_URBAN,ROAD,9,13.0
53091,1,5,130,5,1,60.0,0,N,LARGE_PROVINCIAL_CITIES,STREET,9,14.0
53092,1,6,116,2,1,60.0,0,I,MELB_URBAN,ROAD,9,11.0
53093,1,6,111,2,1,60.0,0,I,MELB_URBAN,ROAD,9,8.0
53094,1,6,113,2,1,60.0,0,N,TOWNS,HIGHWAY,9,15.0
53095,1,5,130,5,1,50.0,0,N,MELB_URBAN,ROAD,8,13.0
53096,4,3,173,5,2,50.0,0,N,MELB_URBAN,OTHER,9,18.0
53097,6,6,99,5,1,100.0,0,N,RURAL_VICTORIA,ROAD,9,12.0
53098,1,3,130,1,9,60.0,0,I,MELB_URBAN,ROAD,9,15.0
53099,4,5,171,5,1,110.0,0,N,RURAL_VICTORIA,FREEWAY,9,13.0
53100,1,5,130,5,1,60.0,0,N,MELB_URBAN,ROAD,9,15.0
53101,4,2,173,1,2,60.0,0,I,LARGE_PROVINCIAL_CITIES,DRIVE,8,16.0
53102,6,4,99,5,2,60.0,0,N,RURAL_VICTORIA,ROAD,1,18.0
53103,2,6,99,5,1,60.0,0,N,SMALL_CITIES,OTHER,9,16.0
53104,1,6,130,5,1,60.0,0,N,MELB_URBAN,ROAD,9,15.0
53105,2,6,102,5,2,50.0,0,I,SMALL_CITIES,OTHER,9,17.0
53106,1,6,99,5,1,60.0,0,N,MELB_URBAN,STREET,9,15.0
53107,4,5,171,5,1,60.0,0,N,MELB_URBAN,ROAD,9,14.0
53108,1,5,133,5,1,40.0,0,N,MELB_URBAN,ROAD,9,14.0
53109,1,6,121,2,2,50.0,0,I,MELB_URBAN,STREET,9,17.0
53110,1,6,110,1,1,80.0,0,I,MELB_URBAN,ROAD,9,14.0
53111,1,5,110,1,1,60.0,0,I,MELB_URBAN,ROAD,9,15.0
53112,5,6,99,5,2,100.0,0,N,RURAL_VICTORIA,HIGHWAY,9,5.0
53113,1,6,147,5,3,50.0,0,N,MELB_URBAN,HIGHWAY,9,19.0
53114,1,6,121,5,3,60.0,0,N,SMALL_CITIES,STREET,9,21.0
53115,1,6,99,2,5,40.0,0,I,MELB_URBAN,OTHER,9,21.0
53116,2,6,102,1,3,40.0,0,I,MELB_URBAN,STREET,9,22.0
53117,1,6,130,2,3,80.0,0,I,LARGE_PROVINCIAL_CITIES,STREET,5,20.0
53118,1,7,130,5,1,100.0,0,N,RURAL_VICTORIA,FREEWAY,9,13.0
53119,1,7,110,1,3,50.0,0,I,MELB_URBAN,OTHER,9,1.0
53120,1,2,121,2,2,60.0,0,I,MELB_URBAN,ROAD,9,18.0
53121,1,7,110,1,3,60.0,0,I,MELB_URBAN,STREET,9,0.0
53122,1,5,116,2,1,60.0,0,I,MELB_URBAN,ROAD,9,13.0
53123,4,7,183,5,5,110.0,0,N,RURAL_VICTORIA,FREEWAY,9,3.0
53124,4,7,173,5,3,80.0,0,N,MELB_URBAN,HIGHWAY,9,2.0
53125,1,6,132,1,1,60.0,0,I,MELB_URBAN,STREET,8,13.0
53126,1,5,134,5,1,110.0,0,N,RURAL_VICTORIA,HIGHWAY,9,11.0
53127,1,6,163,2,1,60.0,0,N,MELB_URBAN,DRIVE,9,15.0
53128,1,6,116,4,2,60.0,0,I,MELB_URBAN,STREET,9,19.0
53129,2,7,100,1,1,40.0,0,I,MELBOURNE_CBD,STREET,9,10.0
53130,1,5,99,1,1,60.0,0,I,MELB_URBAN,ROAD,7,11.0
53131,1,4,130,5,1,60.0,0,N,MELB_URBAN,ROAD,8,9.0
53132,3,7,167,5,5,100.0,0,N,SMALL_TOWNS,HIGHWAY,9,4.0
53133,6,6,99,5,1,100.0,0,N,RURAL_VICTORIA,ROAD,9,15.0
53134,1,7,130,5,1,70.0,0,N,MELB_URBAN,ROAD,9,11.0
53135,8,5,174,2,3,60.0,0,I,SMALL_CITIES,STREET,9,19.0
53136,2,6,99,5,3,60.0,0,N,SMALL_CITIES,STREET,9,23.0
53137,1,7,121,5,1,100.0,0,N,RURAL_VICTORIA,ROAD,9,14.0
53138,1,7,130,5,1,100.0,0,N,RURAL_VICTORIA,HIGHWAY,9,13.0
53139,1,7,120,5,1,100.0,0,N,RURAL_VICTORIA,OTHER,9,13.0
53140,1,7,130,5,2,60.0,0,N,MELB_URBAN,ROAD,9,7.0
53141,1,5,120,2,1,50.0,0,I,MELB_URBAN,AVENUE,9,15.0
53142,6,7,174,5,1,60.0,0,N,RURAL_VICTORIA,OTHER,8,13.0
53143,1,7,135,5,1,60.0,0,N,MELB_URBAN,ROAD,9,16.0
53144,1,3,130,5,1,80.0,0,N,MELB_URBAN,FREEWAY,9,13.0
53145,1,3,110,1,3,60.0,0,I,MELB_URBAN,ROAD,4,19.0
53146,1,3,130,1,1,40.0,0,I,MELB_URBAN,ROAD,9,8.0
53147,4,7,183,5,2,50.0,0,N,MELB_URBAN,OTHER,9,17.0
53148,3,7,167,5,3,80.0,0,N,RURAL_VICTORIA,ROAD,9,19.0
53149,1,7,130,1,9,80.0,0,I,MELB_URBAN,OTHER,9,10.0
53150,2,7,99,5,3,60.0,0,I,MELB_URBAN,STREET,9,22.0
53151,2,7,99,5,2,50.0,0,N,MELB_URBAN,AVENUE,9,17.0
53152,4,7,171,5,1,100.0,0,N,MELB_URBAN,FREEWAY,9,15.0
53153,1,7,130,5,3,70.0,0,N,MELB_URBAN,ROAD,9,22.0
53154,1,4,99,5,1,50.0,0,N,MELB_URBAN,STREET,8,15.0
53155,1,1,130,2,3,80.0,0,I,MELB_URBAN,ROAD,9,3.0
53156,1,7,160,5,2,50.0,0,N,SMALL_CITIES,STREET,9,6.0
53157,1,7,130,1,1,70.0,0,I,MELB_URBAN,ROAD,9,12.0
53158,4,1,171,5,2,60.0,0,N,MELB_URBAN,ROAD,9,5.0
53159,3,1,167,5,1,110.0,0,N,RURAL_VICTORIA,FREEWAY,9,8.0
53160,3,1,167,5,2,110.0,0,N,RURAL_VICTORIA,FREEWAY,9,6.0
53161,1,1,130,1,2,80.0,0,N,MELB_URBAN,ROAD,9,6.0
53162,1,1,120,1,1,60.0,0,I,MELB_URBAN,ROAD,9,10.0
53163,1,6,130,1,3,80.0,0,I,MELB_URBAN,ROAD,9,18.0
53164,8,6,174,2,1,50.0,0,I,MELB_URBAN,OTHER,5,15.0
53165,4,1,99,1,1,100.0,0,I,RURAL_VICTORIA,ROAD,9,11.0
53166,4,1,173,5,3,50.0,0,N,TOWNS,STREET,9,2.0
53167,1,1,160,2,1,50.0,0,N,MELB_URBAN,ROAD,9,12.0
53168,1,0,99,4,1,60.0,0,I,MELB_URBAN,ROAD,9,13.0
53169,1,1,110,1,1,60.0,0,I,SMALL_CITIES,STREET,9,14.0
53170,1,0,132,2,1,60.0,0,I,MELB_URBAN,ROAD,9,14.0
53171,4,0,99,2,1,60.0,0,I,RURAL_VICTORIA,BOULEVARD,9,14.0
53172,1,1,135,5,1,100.0,0,N,RURAL_VICTORIA,HIGHWAY,9,14.0
53173,1,0,110,1,1,50.0,0,I,MELB_URBAN,ROAD,9,16.0
53174,1,1,113,1,1,80.0,0,I,MELB_URBAN,OTHER,9,15.0
53175,1,1,121,2,1,60.0,0,I,MELB_URBAN,ROAD,9,14.0
53176,1,5,130,5,9,60.0,0,N,MELB_URBAN,ROAD,7,17.0
53177,1,1,110,1,1,60.0,0,I,SMALL_CITIES,AVENUE,9,15.0
53178,1,1,120,5,1,100.0,1,N,RURAL_VICTORIA,HIGHWAY,9,13.0
53179,6,1,174,5,2,70.0,0,N,RURAL_VICTORIA,ROAD,9,17.0
53180,4,1,171,5,1,40.0,0,N,LARGE_PROVINCIAL_CITIES,STREET,9,16.0
53181,1,1,121,1,2,60.0,0,I,MELB_URBAN,STREET,9,17.0
53182,1,1,121,1,2,60.0,0,I,MELB_URBAN,ROAD,9,17.0
53183,1,1,120,5,1,70.0,0,N,MELB_URBAN,ROAD,9,16.0
53184,4,1,99,5,3,60.0,0,N,MELB_URBAN,ROAD,9,20.0
53185,2,1,99,5,2,50.0,0,N,MELB_URBAN,DRIVE,9,17.0
53186,8,3,99,5,5,100.0,0,N,TOWNS,ROAD,3,5.0
53187,4,2,171,2,3,60.0,0,N,MELB_URBAN,ROAD,9,1.0
53188,4,2,171,5,3,60.0,0,N,MELB_URBAN,ROAD,9,3.0
53189,1,3,130,4,3,60.0,0,I,MELB_URBAN,STREET,8,18.0
53190,1,2,113,1,2,80.0,0,I,MELB_URBAN,ROAD,9,6.0
53191,8,5,174,5,1,60.0,0,N,RURAL_VICTORIA,ROAD,9,11.0
53192,1,5,130,5,2,60.0,0,N,MELB_URBAN,HIGHWAY,4,18.0
53193,1,2,120,5,2,60.0,0,N,MELB_URBAN,ROAD,9,7.0
53194,1,1,121,2,1,80.0,0,I,MELB_URBAN,HIGHWAY,9,10.0
53195,1,1,163,5,1,40.0,0,N,MELB_URBAN,STREET,9,15.0
53196,2,2,99,5,1,40.0,0,N,SMALL_TOWNS,ROAD,9,11.0
53197,1,6,130,1,2,80.0,0,I,MELB_URBAN,AVENUE,9,17.0
53198,1,1,181,5,1,60.0,0,N,RURAL_VICTORIA,ROAD,8,13.0
53199,1,5,130,5,9,60.0,0,N,MELB_URBAN,ROAD,9,17.0
53200,6,7,99,5,1,60.0,0,N,RURAL_VICTORIA,OTHER,9,16.0
53201,1,5,163,5,3,30.0,0,N,MELBOURNE_CBD,STREET,8,20.0
53202,6,2,99,5,1,100.0,0,N,RURAL_VICTORIA,ROAD,9,8.0
53203,2,2,99,1,1,40.0,0,I,MELB_URBAN,STREET,9,14.0
53204,1,1,120,5,1,60.0,0,N,RURAL_VICTORIA,ROAD,9,15.0
53205,6,6,99,5,1,100.0,0,N,RURAL_VICTORIA,ROAD,9,14.0
53206,1,2,110,1,1,50.0,0,I,MELB_URBAN,STREET,9,16.0
53207,1,2,113,2,1,60.0,0,I,MELB_URBAN,STREET,9,15.0
53208,6,1,170,5,2,110.0,0,I,SMALL_CITIES,FREEWAY,9,17.0
53209,6,2,99,5,1,100.0,0,N,RURAL_VICTORIA,ROAD,9,15.0
53210,4,2,99,5,5,110.0,0,N,RURAL_VICTORIA,FREEWAY,9,19.0
53211,1,2,110,1,1,50.0,0,I,MELB_URBAN,ROAD,9,15.0
53212,1,5,130,5,3,100.0,0,N,MELB_URBAN,FREEWAY,7,18.0
53213,1,2,99,5,3,50.0,0,N,MELB_URBAN,OTHER,9,23.0
53214,1,5,121,1,1,60.0,0,I,MELB_URBAN,PARADE,4,13.0
53215,4,1,171,5,5,100.0,0,N,RURAL_VICTORIA,ROAD,9,19.0
53216,6,4,174,2,1,40.0,0,N,RURAL_VICTORIA,DRIVE,8,14.0
53217,1,3,99,5,2,50.0,0,N,MELB_URBAN,STREET,9,7.0
53218,6,6,184,5,1,80.0,0,N,RURAL_VICTORIA,ROAD,7,14.0
53219,4,2,171,5,1,100.0,0,N,RURAL_VICTORIA,ROAD,9,8.0
53220,1,3,130,5,1,60.0,0,N,TOWNS,STREET,9,8.0
53221,1,1,110,1,3,50.0,0,I,MELB_URBAN,STREET,9,0.0
53222,1,2,121,2,1,60.0,0,I,MELB_URBAN,HIGHWAY,9,8.0
53223,1,1,147,5,1,60.0,0,N,MELB_URBAN,ROAD,9,13.0
53224,1,1,111,2,3,80.0,0,I,MELB_URBAN,ROAD,9,23.0
53225,8,2,174,1,1,80.0,0,I,MELB_URBAN,ROAD,4,11.0
53226,1,3,132,2,1,60.0,0,I,MELB_URBAN,HIGHWAY,9,10.0
53227,1,7,110,1,1,50.0,0,I,MELB_URBAN,STREET,12,13.0
53228,1,3,130,5,2,100.0,0,N,MELB_URBAN,FREEWAY,9,7.0
53229,1,3,121,4,1,80.0,0,I,MELB_URBAN,ROAD,9,9.0
53230,1,3,147,5,1,60.0,0,N,MELB_URBAN,OTHER,9,11.0
53231,6,3,99,5,1,100.0,0,N,RURAL_VICTORIA,ROAD,9,10.0
53232,1,2,130,1,1,60.0,0,I,MELB_URBAN,ROAD,9,11.0
53233,4,3,183,5,1,80.0,0,N,RURAL_VICTORIA,RAMP,9,9.0
53234,4,3,171,2,2,60.0,0,I,MELB_URBAN,ROAD,9,6.0
53235,1,6,120,5,2,80.0,0,N,RURAL_VICTORIA,ROAD,3,7.0
53236,1,1,160,5,3,60.0,0,N,MELB_URBAN,ROAD,8,23.0
53237,2,6,99,5,1,60.0,0,N,MELB_URBAN,STREET,9,15.0
53238,1,1,163,1,1,60.0,0,I,MELB_URBAN,STREET,9,14.0
53239,1,3,120,5,1,70.0,0,N,RURAL_VICTORIA,ROAD,9,15.0
53240,1,4,99,5,2,60.0,0,N,SMALL_CITIES,STREET,9,17.0
53241,6,3,184,5,1,60.0,0,N,RURAL_VICTORIA,OTHER,9,12.0
53242,6,3,99,5,1,80.0,0,N,RURAL_VICTORIA,ROAD,9,14.0
53243,8,1,174,5,1,100.0,0,N,RURAL_VICTORIA,ROAD,9,11.0
53244,1,3,171,5,1,50.0,0,N,SMALL_CITIES,STREET,9,15.0
53245,4,3,171,1,3,60.0,0,I,MELB_URBAN,ROAD,9,21.0
53246,4,2,171,5,1,100.0,0,N,RURAL_VICTORIA,ROAD,9,8.0