,accident_type,day_of_week,dca_code,road_geometry,light_condition,speed_zone,severity,node_type,deg_urban_name,road_type,month,hour
53247,1,3,130,2,1,60.0,0,I,MELB_URBAN,STREET,9,9.0
53248,1,3,110,1,1,100.0,1,I,RURAL_VICTORIA,HIGHWAY,9,14.0
53249,1,3,130,5,1,100.0,0,N,MELB_URBAN,FREEWAY,9,16.0
53250,8,1,184,5,1,60.0,0,N,RURAL_VICTORIA,ROAD,9,12.0
53251,4,1,173,2,3,50.0,0,I,MELB_URBAN,OTHER,9,21.0
53252,5,3,99,5,1,60.0,0,N,RURAL_VICTORIA,ROAD,9,13.0
53253,4,3,171,5,2,50.0,0,N,MELB_URBAN,ROAD,9,18.0
53254,4,2,99,6,3,60.0,0,N,MELB_URBAN,ROAD,9,22.0
53255,1,3,110,1,1,50.0,0,I,MELB_URBAN,STREET,9,16.0
53256,6,1,99,5,1,60.0,0,N,RURAL_VICTORIA,ROAD,9,12.0
53257,1,0,121,1,1,80.0,0,I,MELB_URBAN,OTHER,9,15.0
53258,1,2,110,1,3,40.0,0,I,MELB_URBAN,STREET,9,22.0
53259,4,4,171,4,5,80.0,0,N,MELB_URBAN,ROAD,9,2.0
53260,1,3,121,1,3,60.0,0,I,MELB_URBAN,ROAD,9,20.0
53261,4,4,99,5,2,100.0,0,N,RURAL_VICTORIA,HIGHWAY,9,6.0
53262,1,4,99,2,1,70.0,0,I,MELB_URBAN,STREET,9,8.0
53263,1,4,121,1,1,70.0,0,I,LARGE_PROVINCIAL_CITIES,ROAD,9,7.0
53264,7,4,99,5,1,60.0,0,N,RURAL_VICTORIA,BOULEVARD,9,10.0
53265,1,2,130,5,1,60.0,0,N,MELB_URBAN,ROAD,12,14.0
53266,1,4,110,1,1,50.0,0,I,MELB_URBAN,ROAD,9,8.0
53267,1,4,110,1,1,60.0,0,I,SMALL_CITIES,ROAD,9,10.0
53268,4,3,173,5,5,80.0,0,N,RURAL_VICTORIA,ROAD,9,19.0
53269,1,1,110,1,1,60.0,0,I,MELB_URBAN,STREET,9,9.0
53270,2,4,100,1,1,50.0,0,I,MELB_URBAN,AVENUE,9,10.0
53271,1,1,133,1,1,60.0,0,I,MELB_URBAN,ROAD,9,10.0
53272,1,3,130,2,1,50.0,0,I,LARGE_PROVINCIAL_CITIES,STREET,9,8.0
53273,1,4,121,4,1,80.0,0,N,MELB_URBAN,ROAD,9,11.0
53274,1,2,163,5,2,60.0,0,N,MELB_URBAN,STREET,9,17.0
53275,1,2,130,5,1,80.0,0,N,MELB_URBAN,ROAD,9,8.0
53276,1,4,130,5,1,80.0,0,N,MELB_URBAN,FREEWAY,9,12.0
53277,1,1,130,2,1,40.0,0,I,MELB_URBAN,STREET,9,15.0
53278,8,7,174,5,1,40.0,0,N,SMALL_TOWNS,ROAD,9,16.0
53279,1,4,99,5,1,40.0,0,N,MELBOURNE_CBD,STREET,9,9.0
53280,3,4,167,5,2,100.0,0,N,RURAL_VICTORIA,ROAD,8,18.0
53281,1,6,113,2,3,60.0,0,I,RURAL_VICTORIA,HIGHWAY,5,18.0
53282,1,3,130,2,1,70.0,0,I,LARGE_PROVINCIAL_CITIES,HIGHWAY,9,12.0
53283,2,4,99,5,1,50.0,0,N,SMALL_CITIES,STREET,9,14.0
53284,1,4,130,2,1,60.0,0,I,MELB_URBAN,STREET,9,14.0
53285,1,3,110,1,1,100.0,0,I,RURAL_VICTORIA,ROAD,9,11.0
53286,1,4,135,5,1,100.0,0,N,MELB_URBAN,FREEWAY,9,11.0
53287,1,6,130,5,3,80.0,0,N,MELB_URBAN,FREEWAY,9,19.0
53288,1,4,121,1,1,60.0,0,I,MELB_URBAN,ROAD,9,16.0
53289,1,4,99,2,1,100.0,0,I,RURAL_VICTORIA,HIGHWAY,9,15.0
53290,1,4,130,5,2,60.0,0,N,MELB_URBAN,STREET,9,7.0
53291,1,4,130,5,1,80.0,0,N,MELB_URBAN,HIGHWAY,9,16.0
53292,1,4,121,2,1,60.0,0,I,MELB_URBAN,ROAD,9,16.0
53293,6,4,170,5,2,110.0,0,N,RURAL_VICTORIA,FREEWAY,9,17.0
53294,1,4,130,5,1,60.0,0,N,MELB_URBAN,ROAD,9,15.0
53295,1,4,135,5,1,70.0,0,N,LARGE_PROVINCIAL_CITIES,HIGHWAY,9,16.0
53296,4,4,183,5,5,60.0,0,N,RURAL_VICTORIA,ROAD,9,19.0
53297,1,4,113,1,3,40.0,0,I,MELB_URBAN,ROAD,9,18.0
53298,1,3,140,2,3,80.0,0,I,MELB_URBAN,ROAD,9,19.0
53299,1,4,121,1,3,60.0,0,I,LARGE_PROVINCIAL_CITIES,ROAD,9,20.0
53300,1,4,121,1,3,60.0,1,I,MELB_URBAN,STREET,9,18.0
53301,2,4,100,5,3,60.0,0,N,MELB_URBAN,PARADE,9,20.0
53302,1,4,134,5,3,70.0,0,N,LARGE_PROVINCIAL_CITIES,STREET,9,20.0
53303,3,3,167,5,5,100.0,0,N,RURAL_VICTORIA,ROAD,9,4.0
53304,1,4,120,5,3,50.0,0,N,MELB_URBAN,ROAD,9,21.0
53305,1,2,121,2,3,60.0,0,I,MELB_URBAN,ROAD,9,22.0
53306,4,4,181,5,2,100.0,1,N,RURAL_VICTORIA,ROAD,9,18.0
53307,1,3,113,2,3,60.0,0,I,LARGE_PROVINCIAL_CITIES,ROAD,9,19.0
53308,1,6,99,5,6,100.0,0,N,RURAL_VICTORIA,ROAD,6,19.0
53309,4,5,173,5,2,50.0,0,N,TOWNS,STREET,9,6.0
53310,1,5,160,5,2,60.0,0,N,MELB_URBAN,ROAD,9,7.0
53311,1,5,113,1,1,60.0,0,I,MELB_URBAN,ROAD,9,8.0
53312,4,2,99,2,5,100.0,0,I,RURAL_VICTORIA,ROAD,8,20.0
53313,6,5,99,5,1,80.0,0,N,RURAL_VICTORIA,ROAD,9,11.0
53314,1,2,130,1,1,60.0,0,I,MELB_URBAN,ROAD,1,13.0
53315,4,3,99,2,5,100.0,0,I,RURAL_VICTORIA,HIGHWAY,9,20.0
53316,6,5,99,2,1,60.0,0,O,TOWNS,UNKNOWN,9,12.0
53317,4,5,173,5,1,50.0,0,N,MELB_URBAN,STREET,9,10.0
53318,1,5,140,5,2,60.0,0,N,MELB_URBAN,STREET,9,6.0
53319,1,4,130,1,1,80.0,0,I,MELB_URBAN,ROAD,9,8.0
53320,1,4,121,1,3,60.0,0,I,MELB_URBAN,STREET,9,21.0
53321,4,3,171,5,1,60.0,0,N,MELB_URBAN,ROAD,9,14.0
53322,7,4,99,1,1,50.0,0,N,LARGE_PROVINCIAL_CITIES,STREET,9,13.0
53323,1,5,121,1,1,70.0,0,N,MELB_URBAN,ROAD,9,13.0
53324,1,3,111,2,1,80.0,0,I,MELB_URBAN,ROAD,9,9.0
53325,8,7,170,5,1,60.0,0,N,RURAL_VICTORIA,ROAD,9,14.0
53326,1,5,99,5,2,60.0,0,N,LARGE_PROVINCIAL_CITIES,ROAD,9,18.0
53327,1,4,113,2,1,80.0,0,I,RURAL_VICTORIA,HIGHWAY,9,13.0
53328,2,3,100,5,3,40.0,0,N,MELB_URBAN,STREET,9,21.0
53329,1,3,130,1,2,70.0,0,I,MELB_URBAN,ROAD,9,17.0
53330,1,5,121,1,1,60.0,0,I,LARGE_PROVINCIAL_CITIES,ROAD,9,16.0
53331,1,2,132,2,1,60.0,0,I,LARGE_PROVINCIAL_CITIES,STREET,9,13.0
53332,4,0,171,9,1,60.0,0,N,RURAL_VICTORIA,ROAD,9,10.0
53333,1,3,133,2,1,60.0,0,I,LARGE_PROVINCIAL_CITIES,HIGHWAY,9,11.0
53334,1,5,110,1,1,60.0,0,I,MELB_URBAN,ROAD,9,15.0
53335,1,5,99,5,3,80.0,0,N,MELB_URBAN,ROAD,9,19.0
53336,1,4,113,1,1,60.0,0,I,MELB_URBAN,STREET,8,9.0
53337,4,5,183,5,3,50.0,0,N,MELB_URBAN,ROAD,9,19.0
53338,4,5,173,2,3,70.0,1,I,MELB_URBAN,ROAD,9,21.0
53339,4,5,173,5,5,100.0,1,N,RURAL_VICTORIA,ROAD,9,19.0
53340,4,6,173,5,5,100.0,0,N,RURAL_VICTORIA,HIGHWAY,9,0.0
53341,3,5,167,5,5,80.0,0,N,RURAL_VICTORIA,ROAD,9,23.0
53342,1,5,99,4,1,60.0,0,I,MELB_URBAN,ROAD,9,9.0
53343,4,6,171,5,2,80.0,0,N,RURAL_VICTORIA,HIGHWAY,9,5.0
53344,1,5,120,5,1,50.0,0,N,MELB_URBAN,OTHER,9,12.0
53345,4,5,171,5,1,80.0,0,N,RURAL_VICTORIA,ROAD,9,9.0
53346,1,5,110,1,2,100.0,1,I,RURAL_VICTORIA,ROAD,9,7.0
53347,6,6,99,4,1,60.0,0,I,RURAL_VICTORIA,HIGHWAY,9,9.0
53348,1,6,130,5,1,70.0,0,N,MELB_URBAN,ROAD,8,12.0
53349,8,7,184,5,1,60.0,0,N,RURAL_VICTORIA,ROAD,9,10.0
53350,8,5,99,5,1,50.0,0,N,MELB_URBAN,BOULEVARD,9,13.0
53351,1,6,160,5,1,50.0,0,N,MELB_URBAN,STREET,9,12.0
53352,1,6,133,5,1,100.0,0,N,MELB_URBAN,UNKNOWN,9,14.0
53353,1,5,130,2,1,60.0,0,I,LARGE_PROVINCIAL_CITIES,ROAD,9,16.0
53354,1,6,121,2,1,60.0,0,I,MELB_URBAN,STREET,9,14.0
53355,1,6,130,5,1,80.0,0,N,MELB_URBAN,ROAD,9,13.0
53356,1,3,130,5,2,60.0,0,N,MELB_URBAN,ROAD,9,18.0
53357,1,6,132,5,1,80.0,0,N,RURAL_VICTORIA,HIGHWAY,9,14.0
53358,1,6,99,9,1,50.0,0,N,MELB_URBAN,BOULEVARD,9,14.0
53359,1,6,130,5,1,80.0,0,N,MELB_URBAN,ROAD,9,12.0
53360,8,6,174,5,1,100.0,0,N,RURAL_VICTORIA,AVENUE,9,13.0
53361,1,6,130,5,1,60.0,0,N,MELB_URBAN,STREET,9,16.0
53362,8,6,170,5,1,70.0,0,N,MELB_URBAN,ROAD,9,14.0
53363,1,6,120,5,1,100.0,0,N,MELB_URBAN,FREEWAY,9,17.0
53364,1,5,113,2,1,60.0,0,I,LARGE_PROVINCIAL_CITIES,ROAD,9,15.0
53365,1,6,99,2,1,50.0,0,I,MELB_URBAN,STREET,9,9.0
53366,1,5,130,5,1,100.0,0,N,MELB_URBAN,ROAD,9,16.0
53367,1,6,110,1,1,50.0,0,I,TOWNS,STREET,9,14.0
53368,1,6,121,5,2,60.0,0,N,MELB_URBAN,ROAD,9,17.0
53369,1,6,121,2,3,40.0,0,I,MELB_URBAN,ROAD,9,18.0
53370,2,0,99,5,1,60.0,0,N,MELB_URBAN,UNKNOWN,9,14.0
53371,4,6,171,5,2,100.0,0,N,RURAL_VICTORIA,ROAD,9,18.0
53372,1,6,121,2,3,60.0,0,I,MELB_URBAN,ROAD,9,19.0
53373,8,4,174,5,1,50.0,0,N,SMALL_CITIES,ROAD,8,9.0
53374,1,6,120,5,2,60.0,0,N,MELB_URBAN,ROAD,9,18.0
53375,2,4,99,5,1,60.0,0,N,MELB_URBAN,ROAD,9,10.0
53376,1,5,110,1,1,60.0,0,I,LARGE_PROVINCIAL_CITIES,STREET,9,16.0
53377,1,5,110,1,1,50.0,0,I,MELB_URBAN,STREET,9,16.0
53378,1,5,130,5,2,70.0,0,N,MELB_URBAN,RAMP,9,18.0
53379,1,6,160,5,1,60.0,0,N,MELB_URBAN,ROAD,9,16.0
53380,1,6,133,2,2,80.0,0,I,MELB_URBAN,ROAD,9,7.0
53381,1,6,99,2,3,50.0,0,I,MELB_URBAN,ROAD,9,21.0
53382,1,7,160,5,3,60.0,0,N,MELB_URBAN,DRIVE,9,1.0
53383,1,6,132,1,3,60.0,0,I,MELB_URBAN,STREET,9,2.0
53384,2,6,102,5,3,40.0,0,N,MELB_URBAN,STREET,9,23.0
53385,1,1,147,5,1,60.0,0,N,MELB_URBAN,ROAD,9,14.0
53386,1,7,121,5,1,60.0,0,N,SMALL_CITIES,UNKNOWN,9,8.0
53387,6,6,99,5,1,100.0,0,N,SMALL_TOWNS,ROAD,9,11.0
53388,1,5,130,2,3,60.0,0,I,MELB_URBAN,ROAD,9,18.0
53389,4,7,171,5,5,100.0,0,N,RURAL_VICTORIA,ROAD,9,2.0
53390,2,7,100,1,1,70.0,0,I,MELB_URBAN,ROAD,9,9.0
53391,6,6,99,5,5,100.0,0,N,RURAL_VICTORIA,ROAD,9,21.0
53392,1,7,113,2,1,70.0,0,N,MELB_URBAN,ROAD,9,9.0
53393,8,6,174,2,1,40.0,0,I,MELB_URBAN,STREET,9,10.0
53394,1,7,120,5,1,60.0,0,N,RURAL_VICTORIA,ROAD,9,10.0
53395,4,7,183,5,2,100.0,0,N,RURAL_VICTORIA,ROAD,9,6.0
53396,1,7,135,4,1,60.0,0,I,MELB_URBAN,ROAD,9,8.0
53397,1,7,140,5,1,50.0,0,N,MELB_URBAN,ROAD,9,11.0
53398,2,7,99,5,1,50.0,0,N,MELB_URBAN,OTHER,9,11.0
53399,1,6,160,5,1,60.0,0,N,LARGE_PROVINCIAL_CITIES,STREET,9,12.0
53400,1,7,130,5,1,60.0,0,N,MELB_URBAN,ROAD,9,12.0
53401,1,7,99,5,1,50.0,0,N,SMALL_CITIES,STREET,9,12.0
53402,1,7,130,5,1,50.0,0,N,LARGE_PROVINCIAL_CITIES,STREET,9,13.0
53403,8,7,99,5,1,50.0,0,N,MELB_URBAN,OTHER,9,15.0
53404,1,7,99,5,1,100.0,0,N,RURAL_VICTORIA,ROAD,9,15.0
53405,1,7,134,5,1,60.0,0,N,MELB_URBAN,ROAD,9,16.0
53406,1,7,134,5,1,60.0,0,N,MELB_URBAN,OTHER,9,15.0
53407,1,6,130,5,9,60.0,0,N,MELB_URBAN,STREET,9,16.0
53408,6,7,99,5,1,100.0,0,N,RURAL_VICTORIA,ROAD,9,13.0
53409,1,7,133,5,1,40.0,0,N,MELB_URBAN,ROAD,9,8.0
53410,1,7,113,2,2,80.0,0,I,MELB_URBAN,ROAD,9,17.0
53411,1,5,130,5,1,60.0,0,N,MELB_URBAN,ROAD,8,13.0
53412,2,7,102,2,3,60.0,0,I,MELB_URBAN,STREET,9,19.0
53413,1,7,99,2,2,60.0,0,I,LARGE_PROVINCIAL_CITIES,DRIVE,9,18.0
53414,2,6,100,5,2,60.0,0,N,TOWNS,STREET,9,18.0
53415,1,6,110,1,3,60.0,0,I,MELB_URBAN,STREET,9,20.0
53416,3,6,167,5,5,80.0,0,N,RURAL_VICTORIA,ROAD,9,19.0
53417,1,7,163,5,3,40.0,0,N,MELB_URBAN,STREET,9,18.0
53418,1,6,140,5,3,60.0,0,N,MELB_URBAN,PARADE,9,21.0
53419,1,7,110,1,3,60.0,0,I,MELB_URBAN,ROAD,9,23.0
53420,4,1,171,5,3,60.0,0,N,MELB_URBAN,ROAD,9,3.0
53421,1,1,110,1,3,60.0,0,I,MELB_URBAN,PARADE,9,5.0
53422,3,7,167,5,1,60.0,0,N,RURAL_VICTORIA,OTHER,9,16.0
53423,4,1,171,5,2,80.0,0,N,MELB_URBAN,HIGHWAY,9,5.0
53424,1,1,99,5,2,50.0,0,N,MELB_URBAN,DRIVE,9,7.0
53425,4,7,171,5,1,100.0,0,N,SMALL_TOWNS,ROAD,9,11.0
53426,4,7,181,5,1,80.0,0,N,RURAL_VICTORIA,ROAD,9,11.0
53427,1,1,110,1,1,80.0,0,I,MELB_URBAN,ROAD,9,10.0
53428,1,1,140,5,9,40.0,0,N,MELB_URBAN,ROAD,8,0.0
53429,4,1,181,5,3,50.0,0,N,SMALL_TOWNS,ROAD,9,2.0
53430,1,1,120,5,1,80.0,0,N,RURAL_VICTORIA,ROAD,9,11.0
53431,1,7,147,5,3,50.0,0,N,TOWNS,HIGHWAY,9,22.0
53432,1,1,121,1,1,60.0,0,I,MELB_URBAN,ROAD,9,14.0
53433,1,1,99,5,1,60.0,0,N,MELB_URBAN,ROAD,9,14.0
53434,6,1,174,2,1,50.0,0,I,MELB_URBAN,STREET,9,16.0
53435,1,1,110,1,1,60.0,0,I,MELB_URBAN,STREET,9,14.0
53436,4,1,181,5,2,60.0,0,N,SMALL_CITIES,ROAD,9,17.0
53437,3,1,167,5,5,80.0,0,N,RURAL_VICTORIA,ROAD,9,18.0
53438,4,1,181,2,3,60.0,0,I,MELB_URBAN,ROAD,9,20.0
53439,1,1,110,1,1,50.0,0,I,LARGE_PROVINCIAL_CITIES,ROAD,9,16.0
53440,1,1,133,5,1,100.0,0,N,RURAL_VICTORIA,ROAD,9,16.0
53441,1,1,110,1,3,50.0,0,I,LARGE_PROVINCIAL_CITIES,STREET,9,21.0
53442,4,1,181,5,2,100.0,0,N,RURAL_VICTORIA,HIGHWAY,9,17.0
53443,4,1,171,2,5,100.0,0,I,RURAL_VICTORIA,ROAD,9,20.0
53444,4,1,173,5,2,60.0,0,N,RURAL_VICTORIA,ROAD,9,17.0
53445,8,6,174,2,1,40.0,0,I,MELB_URBAN,STREET,6,9.0
53446,1,3,130,5,1,70.0,0,N,MELB_URBAN,ROAD,9,12.0
53447,1,6,130,5,2,80.0,0,N,RURAL_VICTORIA,ROAD,9,17.0
53448,1,2,110,1,1,50.0,0,I,MELB_URBAN,STREET,9,8.0
53449,1,2,132,1,1,60.0,0,I,LARGE_PROVINCIAL_CITIES,STREET,9,9.0
53450,1,2,99,2,2,60.0,0,I,MELB_URBAN,PARADE,9,7.0
53451,1,5,163,2,2,40.0,0,N,MELBOURNE_CBD,STREET,8,17.0
53452,1,2,130,1,1,80.0,0,I,MELB_URBAN,HIGHWAY,9,9.0
53453,1,1,135,2,1,60.0,0,N,MELB_URBAN,STREET,9,14.0
53454,1,2,130,5,1,60.0,0,N,MELB_URBAN,PARADE,9,10.0
53455,1,2,130,5,1,80.0,0,N,MELB_URBAN,UNKNOWN,9,11.0
53456,1,2,147,5,1,50.0,0,N,MELB_URBAN,STREET,9,11.0
53457,1,2,130,5,1,80.0,0,N,RURAL_VICTORIA,ROAD,9,10.0
53458,8,1,184,5,1,80.0,0,N,RURAL_VICTORIA,ROAD,8,15.0
53459,1,5,134,5,2,60.0,0,N,MELB_URBAN,ROAD,9,18.0
53460,4,2,171,5,5,100.0,1,N,RURAL_VICTORIA,HIGHWAY,9,5.0
53461,1,7,147,5,1,60.0,0,N,MELB_URBAN,ROAD,8,16.0
53462,2,6,102,5,3,40.0,0,N,MELB_URBAN,STREET,9,20.0
53463,2,2,100,2,1,40.0,0,I,MELB_URBAN,ROAD,9,12.0
53464,1,2,163,5,1,60.0,0,N,MELB_URBAN,ROAD,9,8.0
53465,1,3,130,5,1,60.0,0,N,LARGE_PROVINCIAL_CITIES,ROAD,9,17.0
53466,1,4,130,1,1,60.0,0,I,LARGE_PROVINCIAL_CITIES,STREET,8,12.0
53467,1,2,99,1,1,60.0,0,I,LARGE_PROVINCIAL_CITIES,STREET,9,14.0
53468,1,2,173,5,1,50.0,0,N,MELB_URBAN,OTHER,9,15.0
53469,1,1,132,2,1,80.0,0,N,MELB_URBAN,HIGHWAY,9,17.0
53470,1,2,113,2,1,100.0,0,I,SMALL_CITIES,HIGHWAY,9,15.0
53471,1,2,140,5,2,60.0,0,N,MELB_URBAN,STREET,8,17.0
53472,1,2,130,5,1,80.0,0,N,MELB_URBAN,ROAD,3,8.0
53473,4,2,181,5,1,60.0,0,N,RURAL_VICTORIA,ROAD,9,16.0
53474,1,2,130,5,1,60.0,0,N,TOWNS,HIGHWAY,9,16.0
53475,1,1,160,5,1,50.0,0,N,MELB_URBAN,STREET,9,16.0
53476,1,1,121,5,1,50.0,0,N,MELB_URBAN,STREET,9,13.0
53477,1,1,135,5,3,100.0,0,N,MELB_URBAN,RAMP,9,22.0
53478,2,2,99,5,3,50.0,0,N,MELB_URBAN,ROAD,9,21.0
53479,1,2,160,5,3,50.0,0,N,MELB_URBAN,ROAD,9,22.0
53480,1,2,99,2,3,70.0,0,I,MELB_URBAN,ROAD,8,19.0
53481,8,3,170,5,2,50.0,0,N,LARGE_PROVINCIAL_CITIES,STREET,8,6.0
53482,1,3,113,1,3,80.0,0,I,MELB_URBAN,ROAD,9,0.0
53483,1,3,133,5,3,100.0,0,N,MELB_URBAN,FREEWAY,9,3.0
53484,1,3,99,1,2,60.0,0,I,MELB_URBAN,HIGHWAY,9,6.0
53485,4,1,173,5,1,100.0,0,N,RURAL_VICTORIA,ROAD,9,13.0
53486,1,3,132,5,5,100.0,0,N,RURAL_VICTORIA,HIGHWAY,9,5.0
53487,1,3,133,5,2,40.0,0,N,MELB_URBAN,ROAD,9,7.0
53488,1,3,110,1,2,60.0,0,I,MELB_URBAN,STREET,9,7.0
53489,1,2,113,2,1,60.0,0,I,SMALL_CITIES,HIGHWAY,9,8.0
53490,6,3,174,5,5,100.0,0,N,RURAL_VICTORIA,STREET,8,18.0
53491,1,2,110,1,2,60.0,0,I,MELB_URBAN,OTHER,9,17.0
53492,4,6,171,5,1,80.0,0,N,RURAL_VICTORIA,ROAD,9,8.0
53493,1,6,140,5,9,50.0,0,N,MELB_URBAN,STREET,9,20.0
53494,4,2,99,5,1,60.0,0,N,MELB_URBAN,STREET,9,14.0
53495,1,7,130,2,1,60.0,0,I,MELB_URBAN,HIGHWAY,9,9.0
53496,1,2,132,2,1,50.0,0,I,MELB_URBAN,STREET,9,9.0
53497,2,3,102,5,1,60.0,0,N,MELB_URBAN,ROAD,9,12.0
53498,1,3,110,1,2,70.0,0,I,MELB_URBAN,ROAD,9,7.0
53499,1,3,110,1,1,50.0,0,I,SMALL_CITIES,STREET,9,12.0
53500,1,3,130,5,1,110.0,0,N,RURAL_VICTORIA,FREEWAY,9,13.0
53501,4,2,173,4,3,80.0,0,I,RURAL_VICTORIA,RAMP,9,21.0
53502,1,3,113,2,1,50.0,0,I,MELB_URBAN,STREET,9,13.0
53503,1,3,121,1,1,80.0,0,I,SMALL_TOWNS,HIGHWAY,9,14.0
53504,1,1,130,2,2,60.0,0,I,MELB_URBAN,FREEWAY,9,18.0
53505,1,3,160,5,1,70.0,0,N,MELB_URBAN,ROAD,9,16.0
53506,1,3,113,1,2,60.0,0,I,MELB_URBAN,ROAD,9,18.0
53507,1,3,113,2,2,50.0,0,I,SMALL_CITIES,ROAD,9,17.0
53508,2,3,102,5,2,40.0,0,N,MELB_URBAN,STREET,9,17.0
53509,1,2,110,1,3,60.0,0,I,MELB_URBAN,STREET,9,19.0
53510,4,2,171,5,3,60.0,0,N,MELB_URBAN,ROAD,9,20.0
53511,4,3,99,5,1,60.0,0,N,MELB_URBAN,STREET,9,15.0
53512,1,3,147,5,1,50.0,0,N,MELB_URBAN,ROAD,9,15.0
53513,1,7,147,5,1,60.0,0,N,MELB_URBAN,STREET,9,9.0
53514,1,1,116,2,1,60.0,0,I,MELB_URBAN,STREET,9,16.0
53515,1,3,110,1,3,70.0,0,I,MELB_URBAN,ROAD,9,23.0
53516,1,4,99,4,3,50.0,0,I,MELB_URBAN,STREET,9,2.0
53517,4,4,181,5,3,60.0,0,N,MELB_URBAN,ROAD,9,1.0
53518,4,4,171,5,4,80.0,0,N,MELB_URBAN,ROAD,9,2.0
53519,1,4,121,1,1,40.0,0,I,MELB_URBAN,ROAD,9,8.0
53520,2,4,102,2,2,60.0,0,I,MELB_URBAN,ROAD,9,7.0
53521,1,4,113,2,1,60.0,0,I,LARGE_PROVINCIAL_CITIES,ROAD,9,8.0
53522,1,3,116,2,3,60.0,0,I,MELB_URBAN,STREET,9,20.0
53523,1,4,130,2,9,60.0,0,I,MELB_URBAN,ROAD,9,20.0
53524,1,4,134,5,1,80.0,0,I,MELB_URBAN,ROAD,9,8.0
53525,1,3,113,1,6,60.0,0,I,MELB_URBAN,STREET,9,19.0
53526,1,2,132,2,1,60.0,0,I,LARGE_PROVINCIAL_CITIES,ROAD,8,8.0
53527,1,3,135,5,1,100.0,0,N,MELB_URBAN,UNKNOWN,9,9.0
53528,1,3,120,5,1,60.0,0,I,MELB_URBAN,ROAD,9,8.0
53529,1,7,130,4,1,60.0,0,I,SMALL_CITIES,ROAD,9,11.0
53530,1,4,130,5,1,60.0,0,N,MELB_URBAN,ROAD,9,12.0
53531,2,4,100,5,1,60.0,0,N,MELB_URBAN,ROAD,9,11.0
53532,4,3,173,2,1,50.0,0,I,MELB_URBAN,ROAD,9,17.0
53533,1,4,110,1,1,50.0,0,I,SMALL_CITIES,STREET,9,12.0
53534,1,4,116,2,1,60.0,0,I,MELB_URBAN,ROAD,9,12.0
53535,1,4,113,2,1,60.0,0,I,MELB_URBAN,ROAD,9,12.0
53536,8,7,184,2,1,60.0,0,I,RURAL_VICTORIA,OTHER,9,15.0
53537,1,4,113,2,1,60.0,0,I,MELB_URBAN,ROAD,9,13.0
53538,1,4,121,2,1,50.0,0,I,SMALL_CITIES,AVENUE,9,13.0
53539,4,3,181,2,1,60.0,0,I,RURAL_VICTORIA,ROAD,9,13.0
53540,4,2,171,2,3,60.0,0,I,MELB_URBAN,ROAD,5,0.0
53541,1,3,121,1,1,60.0,0,I,MELB_URBAN,ROAD,9,13.0
53542,1,4,120,5,1,80.0,0,N,RURAL_VICTORIA,HIGHWAY,9,13.0
53543,1,4,120,5,2,80.0,0,N,RURAL_VICTORIA,ROAD,9,7.0
53544,1,4,130,5,1,90.0,0,N,RURAL_VICTORIA,FREEWAY,9,16.0
53545,1,2,130,5,2,100.0,0,N,MELB_URBAN,FREEWAY,9,17.0
53546,1,6,133,5,2,80.0,0,N,MELB_URBAN,HIGHWAY,8,7.0
53547,3,1,167,5,5,100.0,0,N,RURAL_VICTORIA,ROAD,9,18.0
53548,1,4,140,1,1,60.0,0,I,MELB_URBAN,ROAD,9,15.0
53549,1,3,130,5,2,80.0,0,N,MELB_URBAN,HIGHWAY,9,17.0
53550,1,3,110,1,3,50.0,0,I,MELB_URBAN,STREET,9,19.0
53551,1,4,116,2,1,50.0,0,I,MELB_URBAN,STREET,9,14.0
53552,1,4,130,5,2,60.0,0,N,LARGE_PROVINCIAL_CITIES,STREET,9,17.0
53553,1,3,111,2,1,60.0,0,I,MELB_URBAN,ROAD,9,14.0
53554,6,4,99,5,1,80.0,0,N,RURAL_VICTORIA,ROAD,9,15.0
53555,6,6,170,5,1,60.0,0,N,RURAL_VICTORIA,ROAD,9,12.0
53556,1,4,110,1,2,50.0,0,N,LARGE_PROVINCIAL_CITIES,STREET,9,17.0
53557,1,3,99,5,1,60.0,0,N,LARGE_PROVINCIAL_CITIES,ROAD,5,12.0
53558,1,3,121,2,1,60.0,0,I,LARGE_PROVINCIAL_CITIES,ROAD,9,16.0
53559,1,4,121,1,3,60.0,0,I,MELB_URBAN,STREET,9,19.0
53560,1,3,130,5,1,60.0,0,N,MELB_URBAN,STREET,9,16.0
53561,1,4,160,5,3,50.0,0,N,MELB_URBAN,STREET,9,20.0
53562,6,4,170,3,1,60.0,0,I,MELB_URBAN,ROAD,9,11.0
53563,1,4,130,5,1,60.0,0,N,MELB_URBAN,ROAD,9,15.0
53564,1,4,99,5,3,50.0,0,N,SMALL_CITIES,DRIVE,9,3.0
53565,1,5,99,5,3,50.0,0,N,MELB_URBAN,DRIVE,10,2.0
53566,4,5,171,5,5,100.0,0,N,RURAL_VICTORIA,ROAD,10,0.0
53567,1,4,147,5,9,60.0,0,N,MELB_URBAN,DRIVE,8,8.0
53568,1,1,121,1,3,60.0,0,I,MELB_URBAN,STREET,1,21.0
53569,4,5,173,5,3,60.0,0,N,MELB_URBAN,STREET,10,2.0
53570,6,2,99,5,1,100.0,0,N,LARGE_PROVINCIAL_CITIES,FREEWAY,9,11.0
53571,1,6,132,5,1,60.0,0,N,MELB_URBAN,ROAD,3,12.0
53572,1,3,147,5,1,80.0,0,I,MELB_URBAN,HIGHWAY,9,13.0
53573,1,2,99,2,2,60.0,0,N,MELB_URBAN,STREET,9,18.0
53574,6,4,99,2,1,100.0,0,I,RURAL_VICTORIA,ROAD,9,16.0
53575,4,5,171,5,2,60.0,0,I,MELB_URBAN,ROAD,10,5.0