,accident_type,day_of_week,dca_code,road_geometry,light_condition,speed_zone,severity,node_type,deg_urban_name,road_type,month,hour
53576,1,6,130,1,1,50.0,0,I,LARGE_PROVINCIAL_CITIES,STREET,9,16.0
53577,1,5,130,2,1,110.0,0,I,RURAL_VICTORIA,HIGHWAY,10,8.0
53578,8,0,99,5,9,60.0,0,N,RURAL_VICTORIA,ROAD,8,15.0
53579,1,5,130,5,2,100.0,0,N,RURAL_VICTORIA,HIGHWAY,10,6.0
53580,1,4,130,1,3,60.0,0,I,MELB_URBAN,PARADE,9,21.0
53581,2,5,99,5,1,60.0,0,N,MELB_URBAN,ROAD,10,9.0
53582,1,5,110,1,1,60.0,0,I,MELB_URBAN,STREET,10,11.0
53583,3,5,167,5,1,60.0,0,N,RURAL_VICTORIA,OTHER,10,10.0
53584,4,5,171,5,1,110.0,0,N,RURAL_VICTORIA,HIGHWAY,10,9.0
53585,1,5,121,1,1,60.0,0,I,MELB_URBAN,ROAD,10,9.0
53586,1,1,130,5,1,70.0,0,N,MELB_URBAN,STREET,9,15.0
53587,1,5,135,5,1,100.0,0,N,MELB_URBAN,FREEWAY,10,13.0
53588,1,4,130,5,1,60.0,0,N,MELB_URBAN,ROAD,9,16.0
53589,1,4,130,2,1,60.0,0,I,MELB_URBAN,ROAD,10,12.0
53590,6,7,174,5,1,60.0,0,N,MELB_URBAN,ROAD,9,11.0
53591,1,5,99,2,1,50.0,0,I,SMALL_CITIES,STREET,9,14.0
53592,1,5,120,5,1,60.0,1,N,SMALL_CITIES,ROAD,10,15.0
53593,1,5,121,1,1,60.0,0,I,MELB_URBAN,PARADE,10,16.0
53594,1,5,130,4,1,80.0,0,I,MELB_URBAN,ROAD,10,15.0
53595,1,5,110,1,2,70.0,0,I,MELB_URBAN,HIGHWAY,10,18.0
53596,1,5,130,5,2,80.0,0,N,MELB_URBAN,STREET,10,17.0
53597,4,4,171,5,1,80.0,0,N,MELB_URBAN,ROAD,4,15.0
53598,1,5,120,5,1,60.0,0,N,MELB_URBAN,ROAD,10,16.0
53599,1,5,121,2,3,60.0,0,I,MELB_URBAN,STREET,10,18.0
53600,4,5,173,5,1,100.0,0,N,MELB_URBAN,HIGHWAY,10,15.0
53601,2,5,100,5,3,60.0,0,N,MELB_URBAN,ROAD,10,19.0
53602,1,5,181,2,3,50.0,0,I,MELB_URBAN,ROAD,10,18.0
53603,2,5,102,2,3,60.0,0,I,SMALL_CITIES,OTHER,10,19.0
53604,2,5,99,1,3,60.0,0,N,MELB_URBAN,STREET,10,19.0
53605,1,3,116,2,3,60.0,0,N,MELB_URBAN,HIGHWAY,8,18.0
53606,4,5,173,5,2,80.0,0,N,MELB_URBAN,ROAD,10,17.0
53607,2,5,100,1,3,40.0,0,I,MELBOURNE_CBD,STREET,10,20.0
53608,1,5,160,5,1,60.0,1,N,MELB_URBAN,ROAD,10,15.0
53609,2,5,100,1,3,60.0,0,I,MELB_URBAN,ROAD,10,20.0
53610,2,4,102,5,1,50.0,0,N,MELB_URBAN,STREET,9,11.0
53611,1,5,171,5,5,100.0,0,N,RURAL_VICTORIA,HIGHWAY,10,20.0
53612,1,5,99,1,3,50.0,0,I,MELB_URBAN,STREET,10,19.0
53613,1,5,147,5,2,40.0,0,N,MELB_URBAN,STREET,10,17.0
53614,1,5,121,2,1,60.0,0,N,MELB_URBAN,STREET,10,15.0
53615,1,4,130,5,2,110.0,0,N,RURAL_VICTORIA,FREEWAY,9,6.0
53616,1,5,120,5,5,100.0,0,N,RURAL_VICTORIA,HIGHWAY,10,22.0
53617,1,5,121,2,3,60.0,0,I,MELB_URBAN,ROAD,10,5.0
53618,1,6,120,5,3,60.0,0,N,MELB_URBAN,ROAD,10,1.0
53619,4,6,173,5,5,100.0,0,N,RURAL_VICTORIA,HIGHWAY,10,1.0
53620,1,6,99,2,2,60.0,0,I,MELB_URBAN,ROAD,9,6.0
53621,1,3,132,5,3,50.0,0,N,MELB_URBAN,STREET,9,20.0
53622,1,5,113,2,2,60.0,0,I,MELB_URBAN,ROAD,10,7.0
53623,1,2,99,1,1,60.0,0,I,MELB_URBAN,ROAD,9,13.0
53624,1,6,163,5,2,70.0,0,N,MELB_URBAN,ROAD,10,7.0
53625,4,5,171,5,3,60.0,0,N,MELB_URBAN,ROAD,10,20.0
53626,1,5,99,2,1,60.0,0,I,MELB_URBAN,ROAD,10,16.0
53627,1,6,135,2,1,70.0,0,N,MELB_URBAN,ROAD,10,10.0
53628,1,6,130,5,1,40.0,0,N,MELB_URBAN,ROAD,10,10.0
53629,3,1,167,5,5,100.0,0,N,RURAL_VICTORIA,ROAD,5,18.0
53630,1,6,99,5,1,60.0,0,N,MELB_URBAN,UNKNOWN,10,12.0
53631,4,0,173,5,5,60.0,0,N,SMALL_CITIES,ROAD,4,19.0
53632,1,5,110,1,1,50.0,0,I,SMALL_CITIES,STREET,10,14.0
53633,1,4,132,5,2,50.0,0,N,MELB_URBAN,STREET,9,17.0
53634,1,6,135,2,2,60.0,0,N,MELB_URBAN,ROAD,9,17.0
53635,1,6,113,2,1,100.0,0,I,TOWNS,HIGHWAY,10,14.0
53636,1,5,121,5,1,40.0,0,N,MELBOURNE_CBD,STREET,10,7.0
53637,1,6,140,5,1,70.0,0,N,MELB_URBAN,ROAD,10,15.0
53638,8,6,174,1,1,80.0,0,I,MELB_URBAN,HIGHWAY,10,12.0
53639,4,6,173,5,1,50.0,0,N,LARGE_PROVINCIAL_CITIES,STREET,10,14.0
53640,2,6,99,5,1,40.0,0,N,MELB_URBAN,ROAD,10,16.0
53641,1,6,133,5,1,100.0,0,N,MELB_URBAN,ROAD,10,16.0
53642,1,6,132,2,1,100.0,0,I,RURAL_VICTORIA,ROAD,10,15.0
53643,1,3,130,5,9,60.0,0,N,MELB_URBAN,RAMP,7,17.0
53644,4,1,171,5,3,100.0,0,N,MELB_URBAN,FREEWAY,8,4.0
53645,1,5,135,5,1,50.0,0,N,SMALL_CITIES,ROAD,10,15.0
53646,1,6,99,1,2,80.0,0,I,MELB_URBAN,ROAD,10,18.0
53647,1,6,130,5,2,60.0,0,N,MELB_URBAN,ROAD,10,17.0
53648,1,6,110,1,5,100.0,0,I,RURAL_VICTORIA,HIGHWAY,10,18.0
53649,8,5,174,5,1,100.0,0,N,RURAL_VICTORIA,OTHER,10,12.0
53650,1,6,160,5,3,40.0,0,N,MELB_URBAN,STREET,10,20.0
53651,1,6,130,5,1,70.0,0,N,LARGE_PROVINCIAL_CITIES,OTHER,6,10.0
53652,1,5,99,5,3,60.0,0,N,SMALL_CITIES,AVENUE,10,20.0
53653,1,2,135,5,2,60.0,0,N,MELB_URBAN,OTHER,9,17.0
53654,4,7,173,5,3,50.0,0,N,SMALL_CITIES,DRIVE,10,3.0
53655,4,6,99,4,5,60.0,0,I,RURAL_VICTORIA,ROAD,10,23.0
53656,4,7,171,5,5,100.0,0,N,RURAL_VICTORIA,ROAD,10,0.0
53657,1,6,147,5,1,80.0,0,N,MELB_URBAN,ROAD,10,14.0
53658,1,6,121,1,3,80.0,0,I,MELB_URBAN,ROAD,9,20.0
53659,4,7,99,2,6,50.0,0,I,MELB_URBAN,DRIVE,10,2.0
53660,1,5,121,2,2,60.0,0,I,SMALL_CITIES,DRIVE,10,17.0
53661,1,5,99,5,1,40.0,0,N,LARGE_PROVINCIAL_CITIES,PARADE,10,12.0
53662,1,6,110,4,1,60.0,0,I,MELB_URBAN,RAMP,10,8.0
53663,1,7,147,5,1,50.0,0,N,MELB_URBAN,STREET,10,10.0
53664,1,7,110,1,1,100.0,0,I,RURAL_VICTORIA,ROAD,10,9.0
53665,1,7,132,2,1,60.0,0,I,LARGE_PROVINCIAL_CITIES,OTHER,10,11.0
53666,6,5,174,5,1,100.0,0,N,RURAL_VICTORIA,ROAD,10,11.0
53667,1,7,140,5,1,50.0,0,N,LARGE_PROVINCIAL_CITIES,STREET,10,12.0
53668,8,5,99,5,5,100.0,0,N,RURAL_VICTORIA,ROAD,8,18.0
53669,2,7,102,5,1,60.0,0,N,MELB_URBAN,STREET,10,9.0
53670,1,5,163,5,1,60.0,0,N,MELB_URBAN,PARADE,1,17.0
53671,1,7,130,5,1,80.0,0,N,MELB_URBAN,ROAD,10,13.0
53672,1,6,132,2,1,40.0,0,I,MELB_URBAN,ROAD,10,16.0
53673,4,7,171,5,1,70.0,0,N,MELB_URBAN,ROAD,10,16.0
53674,1,7,130,5,1,80.0,0,N,MELB_URBAN,RAMP,10,16.0
53675,2,7,100,1,1,50.0,0,I,TOWNS,ROAD,10,15.0
53676,4,7,99,5,1,80.0,1,N,RURAL_VICTORIA,ROAD,10,12.0
53677,1,7,130,5,1,60.0,0,N,MELB_URBAN,ROAD,10,13.0
53678,4,7,171,5,1,60.0,0,N,RURAL_VICTORIA,ROAD,10,13.0
53679,1,7,120,5,1,100.0,0,N,RURAL_VICTORIA,ROAD,10,12.0
53680,2,7,99,2,3,60.0,0,N,MELB_URBAN,STREET,10,21.0
53681,1,7,121,1,3,80.0,0,I,MELB_URBAN,ROAD,10,19.0
53682,1,6,130,1,4,70.0,0,N,MELB_URBAN,ROAD,10,21.0
53683,1,7,110,1,1,60.0,0,I,RURAL_VICTORIA,AVENUE,10,16.0
53684,1,6,110,1,3,60.0,0,I,MELB_URBAN,ROAD,10,19.0
53685,1,1,99,1,1,60.0,0,I,MELB_URBAN,ROAD,9,14.0
53686,1,1,140,5,3,40.0,0,N,MELBOURNE_CBD,STREET,10,0.0
53687,1,7,110,1,3,80.0,0,I,MELB_URBAN,ROAD,10,23.0
53688,1,7,121,1,3,70.0,0,N,MELB_URBAN,STREET,10,22.0
53689,8,7,99,2,1,60.0,0,I,RURAL_VICTORIA,OTHER,7,12.0
53690,1,6,130,5,1,80.0,0,N,MELB_URBAN,ROAD,10,15.0
53691,1,0,130,5,2,100.0,0,N,RURAL_VICTORIA,FREEWAY,10,6.0
53692,2,3,99,5,1,60.0,0,N,TOWNS,STREET,9,10.0
53693,6,1,174,1,1,60.0,0,I,SMALL_CITIES,PARADE,10,9.0
53694,4,1,173,5,1,80.0,0,N,MELB_URBAN,HIGHWAY,10,9.0
53695,1,1,140,5,1,60.0,0,N,MELB_URBAN,ROAD,10,9.0
53696,1,7,99,4,1,60.0,0,I,MELB_URBAN,ROAD,10,11.0
53697,1,1,130,5,1,60.0,0,N,LARGE_PROVINCIAL_CITIES,HIGHWAY,10,11.0
53698,1,0,121,1,1,50.0,0,I,LARGE_PROVINCIAL_CITIES,STREET,10,11.0
53699,2,2,99,5,1,60.0,0,N,MELB_URBAN,STREET,9,12.0
53700,4,0,173,5,1,80.0,0,N,RURAL_VICTORIA,ROAD,10,11.0
53701,6,1,99,5,1,100.0,0,N,RURAL_VICTORIA,ROAD,10,13.0
53702,1,4,133,5,6,100.0,0,N,MELB_URBAN,ROAD,9,1.0
53703,1,1,121,2,1,50.0,0,I,MELB_URBAN,ROAD,10,10.0
53704,6,1,99,2,1,100.0,0,N,RURAL_VICTORIA,ROAD,10,13.0
53705,1,1,110,1,1,50.0,0,I,TOWNS,STREET,10,14.0
53706,1,1,121,4,1,60.0,0,I,SMALL_CITIES,RAMP,10,14.0
53707,2,1,99,1,3,60.0,0,I,MELB_URBAN,STREET,10,0.0
53708,1,1,121,5,2,60.0,0,N,MELB_URBAN,ROAD,9,17.0
53709,1,0,99,5,1,80.0,0,N,MELB_URBAN,ROAD,10,13.0
53710,1,1,121,2,1,50.0,0,I,TOWNS,STREET,10,14.0
53711,4,1,181,5,1,80.0,0,N,RURAL_VICTORIA,ROAD,10,16.0
53712,1,0,121,1,2,60.0,0,I,MELB_URBAN,STREET,10,17.0
53713,4,0,173,5,1,80.0,0,N,MELB_URBAN,HIGHWAY,10,7.0
53714,5,1,99,5,1,100.0,0,N,RURAL_VICTORIA,ROAD,10,14.0
53715,8,6,170,1,3,50.0,0,I,MELB_URBAN,STREET,10,20.0
53716,1,1,130,1,2,80.0,0,I,RURAL_VICTORIA,ROAD,10,17.0
53717,1,0,121,2,3,60.0,0,I,MELB_URBAN,ROAD,10,20.0
53718,4,1,173,5,1,50.0,0,N,SMALL_CITIES,AVENUE,10,16.0
53719,4,1,173,5,5,110.0,0,N,RURAL_VICTORIA,FREEWAY,10,19.0
53720,1,1,99,1,2,40.0,0,I,MELB_URBAN,STREET,10,18.0
53721,1,1,110,1,1,50.0,0,I,MELB_URBAN,AVENUE,10,16.0
53722,1,2,113,2,3,60.0,0,I,MELBOURNE_CBD,STREET,10,0.0
53723,1,2,121,1,3,60.0,0,N,MELB_URBAN,AVENUE,10,3.0
53724,1,1,121,2,3,80.0,0,I,RURAL_VICTORIA,ROAD,10,23.0
53725,4,2,171,1,3,50.0,0,I,MELB_URBAN,ROAD,10,5.0
53726,1,0,130,5,3,100.0,0,N,MELB_URBAN,FREEWAY,8,21.0
53727,1,5,132,5,9,60.0,0,N,MELB_URBAN,AVENUE,8,14.0
53728,4,2,173,5,2,60.0,0,N,MELB_URBAN,ROAD,10,7.0
53729,1,2,116,2,1,60.0,0,N,RURAL_VICTORIA,OTHER,10,9.0
53730,1,1,130,4,1,60.0,0,I,MELB_URBAN,OTHER,10,11.0
53731,2,2,102,1,2,50.0,0,I,MELB_URBAN,ROAD,10,7.0
53732,8,6,99,5,1,60.0,0,N,MELB_URBAN,STREET,9,10.0
53733,1,2,99,4,1,80.0,0,I,MELB_URBAN,HIGHWAY,10,9.0
53734,8,7,99,5,1,60.0,0,N,RURAL_VICTORIA,OTHER,10,11.0
53735,5,0,99,5,1,60.0,0,N,RURAL_VICTORIA,ROAD,10,14.0
53736,1,3,130,1,1,60.0,0,I,MELB_URBAN,ROAD,9,16.0
53737,1,2,130,5,1,40.0,0,N,MELBOURNE_CBD,STREET,10,10.0
53738,1,1,99,1,1,60.0,0,I,MELB_URBAN,STREET,5,12.0
53739,1,2,163,1,1,40.0,0,I,MELB_URBAN,STREET,10,8.0
53740,1,6,121,1,1,60.0,0,I,MELB_URBAN,STREET,2,11.0
53741,5,2,99,5,1,60.0,0,N,RURAL_VICTORIA,OTHER,10,12.0
53742,1,6,130,1,9,80.0,0,I,MELB_URBAN,HIGHWAY,10,15.0
53743,1,7,147,5,1,50.0,0,N,MELB_URBAN,DRIVE,9,13.0
53744,1,1,121,2,2,100.0,0,I,RURAL_VICTORIA,ROAD,10,7.0
53745,1,2,111,4,1,100.0,1,I,RURAL_VICTORIA,ROAD,10,10.0
53746,1,6,160,5,3,50.0,0,N,MELB_URBAN,ROAD,10,22.0
53747,1,1,147,5,3,80.0,0,N,MELB_URBAN,ROAD,10,1.0
53748,1,2,99,5,1,110.0,0,N,RURAL_VICTORIA,FREEWAY,10,8.0
53749,4,7,171,5,5,70.0,0,N,MELB_URBAN,ROAD,10,22.0
53750,4,2,171,5,1,100.0,0,N,RURAL_VICTORIA,ROAD,10,12.0
53751,1,2,113,2,2,60.0,0,I,MELB_URBAN,STREET,10,7.0
53752,6,1,99,2,1,80.0,0,I,RURAL_VICTORIA,ROAD,10,14.0
53753,1,3,132,2,1,60.0,0,I,MELB_URBAN,ROAD,8,12.0
53754,1,2,121,1,1,60.0,0,I,LARGE_PROVINCIAL_CITIES,ROAD,10,14.0
53755,1,2,140,5,1,60.0,0,N,MELB_URBAN,STREET,10,13.0
53756,6,6,99,5,1,100.0,0,N,RURAL_VICTORIA,ROAD,10,11.0
53757,1,5,110,1,1,50.0,0,I,MELB_URBAN,STREET,10,15.0
53758,1,2,99,2,1,70.0,0,I,MELB_URBAN,ROAD,10,15.0
53759,1,6,130,5,2,80.0,0,N,MELB_URBAN,ROAD,10,18.0
53760,1,2,113,2,1,60.0,0,I,MELB_URBAN,ROAD,10,15.0
53761,8,6,99,5,1,60.0,0,N,RURAL_VICTORIA,ROAD,10,10.0
53762,1,2,116,2,2,60.0,0,I,RURAL_VICTORIA,ROAD,10,17.0
53763,1,4,135,5,1,80.0,0,N,MELB_URBAN,FREEWAY,9,10.0
53764,1,1,120,5,2,60.0,0,N,RURAL_VICTORIA,ROAD,10,17.0
53765,1,1,111,2,2,60.0,0,I,MELB_URBAN,STREET,10,17.0
53766,1,2,130,2,1,60.0,0,N,MELB_URBAN,ROAD,10,16.0
53767,1,2,120,5,1,110.0,0,N,RURAL_VICTORIA,HIGHWAY,10,16.0
53768,6,2,174,5,2,100.0,0,N,MELB_URBAN,FREEWAY,10,18.0
53769,1,1,130,5,1,100.0,0,N,MELB_URBAN,FREEWAY,10,17.0
53770,1,2,99,2,1,80.0,0,N,SMALL_CITIES,AVENUE,10,15.0
53771,6,7,170,5,3,60.0,0,N,RURAL_VICTORIA,UNKNOWN,4,23.0
53772,1,1,160,5,5,50.0,0,N,MELB_URBAN,STREET,8,5.0
53773,4,3,183,2,2,60.0,0,I,MELB_URBAN,STREET,10,6.0
53774,6,1,170,5,1,110.0,0,N,RURAL_VICTORIA,FREEWAY,10,13.0
53775,1,2,99,5,2,110.0,0,N,RURAL_VICTORIA,FREEWAY,10,18.0
53776,1,1,160,5,9,60.0,0,N,SMALL_CITIES,ROAD,8,10.0
53777,1,2,113,2,1,60.0,0,I,MELB_URBAN,ROAD,10,15.0
53778,8,2,99,1,3,50.0,0,I,TOWNS,STREET,7,21.0
53779,4,2,173,5,1,100.0,0,N,RURAL_VICTORIA,HIGHWAY,10,12.0
53780,1,3,163,5,1,40.0,0,N,MELB_URBAN,STREET,10,9.0
53781,1,3,130,1,6,50.0,0,I,MELB_URBAN,STREET,9,4.0
53782,2,3,102,1,2,60.0,0,I,MELB_URBAN,ROAD,10,7.0
53783,1,5,130,5,2,50.0,0,N,LARGE_PROVINCIAL_CITIES,STREET,10,19.0
53784,2,3,102,5,1,50.0,0,N,MELB_URBAN,ROAD,10,8.0
53785,1,1,130,5,2,60.0,0,N,MELB_URBAN,ROAD,10,17.0
53786,1,3,130,5,1,60.0,0,N,MELB_URBAN,ROAD,10,9.0
53787,1,2,121,2,2,60.0,0,I,MELB_URBAN,BOULEVARD,10,18.0
53788,1,2,120,5,1,70.0,0,N,MELB_URBAN,STREET,10,10.0
53789,1,3,110,1,1,80.0,0,I,RURAL_VICTORIA,HIGHWAY,10,10.0
53790,1,3,99,5,1,80.0,0,N,SMALL_CITIES,HIGHWAY,10,8.0
53791,1,3,130,1,9,60.0,0,I,MELB_URBAN,STREET,10,11.0
53792,1,2,130,1,9,70.0,0,I,MELB_URBAN,ROAD,9,18.0
53793,2,3,102,5,1,50.0,0,N,MELB_URBAN,STREET,10,13.0
53794,8,7,184,5,1,60.0,0,N,RURAL_VICTORIA,OTHER,10,10.0
53795,1,3,130,2,1,60.0,0,I,MELB_URBAN,STREET,10,14.0
53796,1,2,130,2,1,60.0,0,I,MELB_URBAN,FREEWAY,9,9.0
53797,1,3,121,2,1,70.0,0,I,MELB_URBAN,ROAD,10,15.0
53798,1,3,99,4,1,40.0,0,I,SMALL_CITIES,STREET,10,16.0
53799,1,1,133,5,1,60.0,0,N,MELB_URBAN,ROAD,10,14.0
53800,5,2,99,5,1,100.0,0,N,MELB_URBAN,ROAD,10,14.0
53801,4,3,183,5,2,100.0,0,N,RURAL_VICTORIA,ROAD,10,17.0
53802,1,3,120,5,1,70.0,0,N,RURAL_VICTORIA,HIGHWAY,10,14.0
53803,6,3,99,5,1,100.0,0,N,MELB_URBAN,FREEWAY,10,15.0
53804,1,3,110,1,2,100.0,0,I,RURAL_VICTORIA,AVENUE,10,19.0
53805,5,3,99,5,2,100.0,0,N,RURAL_VICTORIA,ROAD,10,17.0
53806,2,3,102,1,3,60.0,0,I,MELB_URBAN,STREET,10,20.0
53807,8,2,184,2,2,60.0,0,I,MELB_URBAN,BOULEVARD,9,6.0
53808,1,3,132,2,3,60.0,0,I,MELB_URBAN,ROAD,10,19.0
53809,4,5,171,5,1,100.0,0,N,RURAL_VICTORIA,HIGHWAY,10,15.0
53810,1,3,113,2,1,100.0,0,I,RURAL_VICTORIA,ROAD,10,16.0
53811,6,3,99,5,2,50.0,0,N,SMALL_CITIES,STREET,10,17.0
53812,1,3,130,5,2,80.0,0,N,MELB_URBAN,ROAD,10,17.0
53813,1,3,130,5,3,100.0,0,N,MELB_URBAN,ROAD,10,21.0
53814,1,2,111,1,3,60.0,0,I,MELB_URBAN,ROAD,10,23.0
53815,1,3,120,2,1,60.0,1,N,MELB_URBAN,ROAD,10,18.0
53816,8,4,99,2,3,60.0,0,I,MELB_URBAN,ROAD,10,1.0
53817,4,3,173,5,6,50.0,0,N,LARGE_PROVINCIAL_CITIES,STREET,10,23.0
53818,1,1,99,5,3,50.0,0,N,TOWNS,OTHER,10,0.0
53819,1,4,99,5,2,60.0,0,N,MELB_URBAN,STREET,10,7.0
53820,1,4,99,2,1,40.0,0,I,MELB_URBAN,OTHER,10,8.0
53821,1,1,130,1,1,60.0,0,I,MELB_URBAN,STREET,9,11.0
53822,4,3,99,5,3,80.0,0,N,MELB_URBAN,FREEWAY,5,21.0
53823,1,2,99,1,3,70.0,0,I,MELB_URBAN,ROAD,9,19.0
53824,1,6,130,5,1,50.0,0,N,MELB_URBAN,ROAD,10,15.0
53825,1,4,113,2,1,60.0,0,I,MELB_URBAN,ROAD,10,10.0
53826,1,4,121,2,1,60.0,0,I,LARGE_PROVINCIAL_CITIES,STREET,10,12.0
53827,1,4,120,5,2,100.0,1,N,RURAL_VICTORIA,HIGHWAY,10,7.0
53828,2,3,102,5,1,40.0,0,N,MELB_URBAN,ROAD,10,15.0
53829,6,3,99,2,1,30.0,0,I,RURAL_VICTORIA,OTHER,10,11.0
53830,4,3,181,5,1,100.0,0,N,TOWNS,ROAD,10,18.0
53831,4,4,99,4,1,60.0,0,I,MELB_URBAN,ROAD,10,12.0
53832,2,4,100,1,1,60.0,0,I,SMALL_CITIES,STREET,10,14.0
53833,6,4,99,5,1,100.0,0,N,RURAL_VICTORIA,HIGHWAY,10,12.0
53834,1,3,116,1,1,60.0,0,I,MELB_URBAN,ROAD,10,13.0
53835,6,7,99,5,1,40.0,0,N,RURAL_VICTORIA,OTHER,10,15.0
53836,4,4,171,2,1,70.0,0,I,MELB_URBAN,ROAD,10,13.0
53837,1,4,120,5,1,100.0,1,N,RURAL_VICTORIA,HIGHWAY,10,12.0
53838,8,5,170,2,3,80.0,0,I,MELB_URBAN,STREET,9,20.0
53839,1,4,113,4,1,80.0,0,I,RURAL_VICTORIA,ROAD,10,16.0
53840,1,4,130,5,2,60.0,0,N,MELB_URBAN,ROAD,10,17.0
53841,4,3,171,5,2,60.0,0,N,RURAL_VICTORIA,ROAD,8,18.0
53842,1,4,132,1,1,100.0,0,I,RURAL_VICTORIA,HIGHWAY,10,16.0
53843,4,4,173,5,5,100.0,0,N,RURAL_VICTORIA,ROAD,10,19.0
53844,1,4,110,1,1,60.0,0,I,MELB_URBAN,STREET,10,16.0
53845,2,4,102,5,5,60.0,0,N,MELB_URBAN,ROAD,10,21.0
53846,1,4,130,5,2,100.0,0,N,MELB_URBAN,ROAD,10,18.0
53847,1,4,130,5,1,60.0,0,N,MELB_URBAN,AVENUE,10,9.0
53848,1,4,134,5,1,60.0,0,N,MELB_URBAN,ROAD,10,9.0
53849,1,4,113,1,2,50.0,0,I,MELB_URBAN,STREET,10,7.0
53850,1,5,113,2,2,50.0,0,I,MELB_URBAN,OTHER,10,6.0
53851,1,4,130,5,1,60.0,0,N,MELB_URBAN,ROAD,7,9.0
53852,1,5,130,1,2,60.0,0,I,MELB_URBAN,ROAD,9,6.0
53853,1,4,130,5,1,70.0,0,N,MELB_URBAN,ROAD,10,8.0
53854,1,5,121,2,1,60.0,0,I,MELB_URBAN,HIGHWAY,10,8.0
53855,1,4,99,5,2,70.0,0,N,MELB_URBAN,ROAD,10,7.0
53856,1,5,160,2,1,60.0,0,I,LARGE_PROVINCIAL_CITIES,STREET,3,14.0
53857,1,5,140,2,1,60.0,0,N,MELB_URBAN,DRIVE,10,9.0
53858,4,1,171,5,1,60.0,0,N,RURAL_VICTORIA,ROAD,8,12.0
53859,2,4,100,1,1,60.0,0,I,MELB_URBAN,ROAD,10,8.0
53860,4,1,183,5,5,60.0,0,N,RURAL_VICTORIA,ROAD,9,22.0
53861,1,5,130,2,2,60.0,0,I,MELB_URBAN,ROAD,10,7.0
53862,4,2,183,5,5,60.0,0,N,MELB_URBAN,HIGHWAY,9,0.0
53863,2,4,102,1,1,60.0,0,N,MELB_URBAN,STREET,10,8.0
53864,1,5,113,2,1,60.0,0,I,MELB_URBAN,BOULEVARD,10,11.0
53865,2,4,99,5,1,50.0,0,N,MELB_URBAN,STREET,10,14.0
53866,4,1,171,5,1,100.0,0,N,MELB_URBAN,UNKNOWN,9,11.0
53867,1,5,132,5,1,60.0,0,N,LARGE_PROVINCIAL_CITIES,STREET,10,14.0
53868,1,1,130,1,1,50.0,0,I,MELB_URBAN,AVENUE,5,12.0
53869,1,7,134,5,3,80.0,0,N,MELB_URBAN,ROAD,10,18.0
53870,1,7,134,5,6,70.0,0,N,RURAL_VICTORIA,ROAD,9,23.0
53871,1,5,135,5,1,80.0,1,N,RURAL_VICTORIA,ROAD,10,10.0
53872,1,5,130,1,1,50.0,0,I,TOWNS,STREET,10,15.0
53873,1,5,130,5,1,60.0,0,N,MELB_URBAN,ROAD,10,15.0
53874,4,5,171,5,1,60.0,0,N,MELB_URBAN,ROAD,10,15.0
53875,8,4,170,5,2,100.0,0,N,RURAL_VICTORIA,HIGHWAY,10,7.0
53876,2,5,99,5,1,50.0,0,N,MELB_URBAN,HIGHWAY,10,15.0
53877,1,5,120,5,1,60.0,0,N,MELB_URBAN,STREET,10,15.0
53878,1,5,120,5,1,70.0,1,N,MELB_URBAN,ROAD,10,15.0
53879,1,4,130,1,2,60.0,0,I,MELB_URBAN,ROAD,10,18.0
53880,8,4,174,5,2,50.0,0,N,MELB_URBAN,DRIVE,9,18.0
53881,1,4,121,2,2,60.0,0,I,MELB_URBAN,STREET,10,18.0
53882,2,5,102,5,1,40.0,0,N,MELB_URBAN,STREET,10,16.0
53883,1,4,135,5,1,80.0,0,N,MELB_URBAN,FREEWAY,9,6.0
53884,1,4,110,1,2,50.0,0,I,MELB_URBAN,STREET,10,18.0
53885,1,4,147,2,3,60.0,0,I,MELB_URBAN,AVENUE,10,20.0
53886,4,5,173,5,5,110.0,0,N,TOWNS,FREEWAY,10,23.0
53887,1,5,130,4,3,70.0,0,N,MELB_URBAN,ROAD,10,21.0
53888,1,3,130,5,5,80.0,0,N,RURAL_VICTORIA,ROAD,10,6.0
53889,4,4,171,5,3,100.0,0,N,MELB_URBAN,ROAD,10,2.0
53890,1,5,99,2,1,50.0,0,I,MELB_URBAN,OTHER,10,15.0
53891,1,6,110,1,3,50.0,0,I,MELBOURNE_CBD,STREET,10,4.0
53892,1,5,99,5,1,50.0,0,N,LARGE_PROVINCIAL_CITIES,STREET,10,11.0
53893,2,2,100,5,2,60.0,0,N,LARGE_PROVINCIAL_CITIES,HIGHWAY,9,17.0
53894,1,2,111,1,1,70.0,0,I,LARGE_PROVINCIAL_CITIES,ROAD,8,8.0
53895,4,7,173,2,1,50.0,0,I,TOWNS,STREET,9,16.0
53896,1,6,99,1,1,80.0,0,I,MELB_URBAN,ROAD,10,8.0
53897,2,5,99,5,1,60.0,0,N,LARGE_PROVINCIAL_CITIES,STREET,10,12.0
53898,1,7,99,5,1,60.0,0,N,MELB_URBAN,STREET,10,11.0
53899,2,5,100,5,2,60.0,0,N,MELB_URBAN,STREET,10,7.0
53900,4,5,171,5,1,60.0,0,N,MELB_URBAN,ROAD,5,11.0
53901,1,6,99,2,1,60.0,0,I,TOWNS,ROAD,10,8.0
53902,1,5,130,5,1,80.0,0,N,MELB_URBAN,RAMP,10,9.0