,accident_type,day_of_week,dca_code,road_geometry,light_condition,speed_zone,severity,node_type,deg_urban_name,road_type,month,hour
53903,1,6,130,5,1,100.0,0,N,MELB_URBAN,FREEWAY,10,10.0
53904,1,6,99,5,1,40.0,0,N,MELB_URBAN,ROAD,10,10.0
53905,1,6,130,5,1,100.0,0,N,MELB_URBAN,ROAD,10,9.0
53906,6,6,174,2,1,80.0,0,I,MELB_URBAN,ROAD,10,9.0
53907,1,6,111,1,9,50.0,0,I,MELB_URBAN,STREET,10,7.0
53908,1,4,130,1,1,80.0,0,I,MELB_URBAN,ROAD,2,11.0
53909,1,6,121,1,1,60.0,0,I,MELB_URBAN,HIGHWAY,10,12.0
53910,1,6,110,1,1,50.0,0,I,MELB_URBAN,AVENUE,10,9.0
53911,1,1,130,5,1,60.0,0,N,MELB_URBAN,STREET,5,15.0
53912,1,6,120,5,1,60.0,0,N,MELB_URBAN,ROAD,10,13.0
53913,1,2,130,5,1,40.0,0,N,MELB_URBAN,ROAD,10,8.0
53914,2,4,100,5,2,60.0,0,N,MELB_URBAN,BOULEVARD,10,16.0
53915,2,5,100,5,1,80.0,0,I,MELB_URBAN,ROAD,10,15.0
53916,1,6,130,5,1,60.0,0,N,MELB_URBAN,ROAD,10,16.0
53917,2,5,99,5,1,50.0,0,N,SMALL_CITIES,ROAD,10,15.0
53918,1,6,110,1,2,50.0,0,I,SMALL_CITIES,STREET,10,17.0
53919,1,6,110,1,1,50.0,0,I,SMALL_CITIES,STREET,10,12.0
53920,8,4,174,1,2,60.0,0,I,MELB_URBAN,ROAD,10,6.0
53921,1,5,130,2,1,60.0,0,I,MELB_URBAN,ROAD,10,15.0
53922,1,6,113,2,1,60.0,0,I,MELB_URBAN,ROAD,10,17.0
53923,1,6,130,5,1,100.0,0,N,MELB_URBAN,FREEWAY,10,16.0
53924,4,6,171,5,2,50.0,0,N,SMALL_CITIES,DRIVE,10,17.0
53925,1,6,120,2,1,80.0,0,I,MELB_URBAN,ROAD,10,16.0
53926,1,2,99,2,1,60.0,0,I,MELB_URBAN,ROAD,10,10.0
53927,4,6,173,5,1,50.0,0,N,MELB_URBAN,DRIVE,10,15.0
53928,4,6,181,5,1,100.0,0,N,RURAL_VICTORIA,ROAD,10,15.0
53929,1,2,130,2,1,50.0,0,I,LARGE_PROVINCIAL_CITIES,STREET,9,8.0
53930,1,6,121,2,2,80.0,0,I,MELB_URBAN,ROAD,10,18.0
53931,1,6,121,2,1,80.0,0,I,MELB_URBAN,DRIVE,10,15.0
53932,1,6,110,1,2,50.0,0,I,MELB_URBAN,AVENUE,10,18.0
53933,1,5,121,2,1,60.0,0,I,MELB_URBAN,AVENUE,10,16.0
53934,1,6,116,2,2,60.0,0,I,MELB_URBAN,AVENUE,10,18.0
53935,1,6,130,5,2,100.0,0,N,MELB_URBAN,FREEWAY,10,18.0
53936,1,6,130,5,1,60.0,0,N,MELB_URBAN,FREEWAY,10,16.0
53937,4,6,183,5,2,100.0,0,N,MELB_URBAN,RAMP,10,17.0
53938,1,6,130,5,3,60.0,0,N,MELB_URBAN,ROAD,10,23.0
53939,1,5,121,1,3,80.0,0,I,LARGE_PROVINCIAL_CITIES,HIGHWAY,10,23.0
53940,1,3,130,2,1,60.0,0,I,SMALL_CITIES,ROAD,10,18.0
53941,1,4,130,1,1,60.0,0,I,MELB_URBAN,ROAD,9,16.0
53942,1,6,147,2,2,80.0,0,I,MELB_URBAN,HIGHWAY,10,17.0
53943,7,3,99,5,1,60.0,0,N,MELB_URBAN,ROAD,10,16.0
53944,1,7,120,5,2,80.0,0,N,MELB_URBAN,ROAD,10,7.0
53945,4,6,173,5,5,100.0,0,N,RURAL_VICTORIA,ROAD,10,20.0
53946,4,7,171,5,2,60.0,0,N,MELB_URBAN,STREET,10,7.0
53947,1,3,110,1,2,50.0,0,I,MELB_URBAN,BOULEVARD,10,17.0
53948,4,7,99,5,1,60.0,0,N,SMALL_CITIES,ROAD,10,8.0
53949,1,6,113,1,1,60.0,0,I,SMALL_CITIES,HIGHWAY,10,10.0
53950,1,6,135,5,1,50.0,0,N,MELB_URBAN,ROAD,10,10.0
53951,1,5,130,2,1,70.0,0,I,MELB_URBAN,ROAD,9,16.0
53952,1,4,130,1,1,60.0,0,I,SMALL_CITIES,STREET,10,16.0
53953,4,6,173,5,2,60.0,0,N,SMALL_CITIES,STREET,10,7.0
53954,2,1,100,5,1,50.0,0,N,MELB_URBAN,STREET,9,13.0
53955,2,6,99,5,1,40.0,0,N,MELB_URBAN,STREET,10,10.0
53956,1,7,147,5,1,70.0,0,N,MELB_URBAN,ROAD,10,12.0
53957,1,5,121,2,2,60.0,0,I,MELB_URBAN,ROAD,10,18.0
53958,1,7,140,2,1,40.0,0,I,MELB_URBAN,ROAD,10,13.0
53959,1,7,113,2,1,40.0,0,I,MELB_URBAN,ROAD,10,10.0
53960,1,7,140,5,2,60.0,0,N,MELB_URBAN,HIGHWAY,10,6.0
53961,1,6,130,2,4,60.0,0,I,MELB_URBAN,STREET,9,18.0
53962,2,7,99,5,1,60.0,0,N,MELB_URBAN,STREET,10,15.0
53963,1,7,132,2,1,60.0,0,N,LARGE_PROVINCIAL_CITIES,ROAD,10,16.0
53964,1,7,120,5,2,50.0,0,I,MELB_URBAN,STREET,10,17.0
53965,1,6,99,2,1,50.0,0,I,MELB_URBAN,STREET,10,16.0
53966,1,2,130,5,1,80.0,0,N,MELB_URBAN,HIGHWAY,9,9.0
53967,1,7,121,2,3,60.0,0,I,MELB_URBAN,ROAD,10,21.0
53968,1,6,163,5,2,50.0,0,N,SMALL_CITIES,STREET,10,18.0
53969,6,6,174,5,3,60.0,0,N,MELB_URBAN,HIGHWAY,10,22.0
53970,1,7,121,1,3,40.0,0,I,MELB_URBAN,HIGHWAY,10,19.0
53971,4,7,173,1,1,60.0,0,I,MELB_URBAN,ROAD,10,18.0
53972,2,7,100,1,3,60.0,0,I,MELB_URBAN,STREET,10,21.0
53973,1,7,110,1,3,50.0,0,I,MELB_URBAN,STREET,10,21.0
53974,4,5,171,2,3,80.0,0,I,MELB_URBAN,ROAD,10,1.0
53975,4,7,171,2,3,70.0,0,I,LARGE_PROVINCIAL_CITIES,ROAD,10,23.0
53976,4,7,181,5,5,100.0,0,N,RURAL_VICTORIA,ROAD,10,22.0
53977,1,0,160,5,3,50.0,0,N,MELB_URBAN,STREET,10,1.0
53978,4,1,173,5,3,100.0,0,N,MELB_URBAN,FREEWAY,10,1.0
53979,1,7,160,5,3,50.0,0,N,SMALL_CITIES,AVENUE,10,22.0
53980,1,6,121,2,1,60.0,0,I,MELB_URBAN,ROAD,7,16.0
53981,1,7,130,5,1,80.0,0,N,MELB_URBAN,HIGHWAY,10,8.0
53982,8,7,174,5,1,100.0,0,N,RURAL_VICTORIA,ROAD,10,16.0
53983,1,2,99,5,1,60.0,0,N,MELB_URBAN,UNKNOWN,9,16.0
53984,8,7,99,5,1,100.0,0,N,RURAL_VICTORIA,ROAD,10,16.0
53985,1,1,110,1,1,60.0,0,I,MELB_URBAN,ROAD,10,8.0
53986,1,7,163,5,1,60.0,0,N,MELB_URBAN,STREET,10,16.0
53987,4,1,171,5,9,110.0,0,N,RURAL_VICTORIA,FREEWAY,10,7.0
53988,1,1,140,5,1,60.0,0,N,MELB_URBAN,ROAD,10,13.0
53989,8,1,99,2,1,60.0,0,I,MELB_URBAN,ROAD,10,12.0
53990,6,0,99,4,5,100.0,0,I,SMALL_TOWNS,ROAD,10,1.0
53991,4,1,173,5,1,60.0,0,N,MELB_URBAN,ROAD,10,13.0
53992,6,1,170,2,1,60.0,0,I,MELB_URBAN,STREET,10,14.0
53993,4,1,171,5,1,100.0,0,N,RURAL_VICTORIA,HIGHWAY,10,14.0
53994,1,1,113,1,1,80.0,0,I,MELB_URBAN,ROAD,10,15.0
53995,8,1,99,5,1,60.0,0,N,RURAL_VICTORIA,ROAD,10,13.0
53996,1,0,160,5,1,60.0,0,N,MELB_URBAN,HIGHWAY,10,15.0
53997,1,1,132,2,1,60.0,0,I,MELB_URBAN,ROAD,10,16.0
53998,1,1,121,2,1,100.0,0,I,RURAL_VICTORIA,FREEWAY,10,16.0
53999,1,1,111,1,1,60.0,0,I,MELB_URBAN,STREET,10,10.0
54000,1,1,121,1,1,50.0,0,I,MELB_URBAN,STREET,10,15.0
54001,1,1,121,2,2,60.0,0,I,MELB_URBAN,ROAD,10,17.0
54002,1,2,99,2,1,60.0,0,I,MELB_URBAN,STREET,10,9.0
54003,8,1,99,5,2,80.0,0,N,MELB_URBAN,RAMP,10,17.0
54004,4,1,183,1,1,60.0,0,I,SMALL_TOWNS,HIGHWAY,10,16.0
54005,8,2,99,5,3,60.0,0,N,LARGE_PROVINCIAL_CITIES,STREET,8,19.0
54006,1,5,121,2,2,60.0,0,I,MELB_URBAN,STREET,10,7.0
54007,4,1,171,2,1,60.0,0,N,MELB_URBAN,ROAD,10,12.0
54008,8,1,174,1,1,80.0,0,I,MELB_URBAN,HIGHWAY,10,14.0
54009,1,1,121,2,1,50.0,0,I,MELB_URBAN,STREET,10,15.0
54010,1,7,130,5,1,60.0,0,N,MELB_URBAN,STREET,9,10.0
54011,1,3,121,5,1,60.0,0,N,MELB_URBAN,ROAD,10,16.0
54012,4,1,171,5,3,80.0,0,N,MELB_URBAN,OTHER,10,21.0
54013,1,2,99,1,3,60.0,0,I,MELB_URBAN,STREET,10,4.0
54014,1,3,160,5,2,50.0,0,N,LARGE_PROVINCIAL_CITIES,STREET,9,17.0
54015,1,2,132,2,1,50.0,0,N,MELB_URBAN,ROAD,10,8.0
54016,1,1,130,5,1,70.0,0,N,LARGE_PROVINCIAL_CITIES,ROAD,10,8.0
54017,4,2,173,5,1,110.0,0,N,RURAL_VICTORIA,FREEWAY,10,8.0
54018,2,2,100,5,2,60.0,0,N,MELB_URBAN,STREET,10,7.0
54019,2,2,100,5,1,40.0,0,N,MELB_URBAN,DRIVE,10,8.0
54020,1,2,121,2,1,80.0,0,I,MELB_URBAN,ROAD,10,8.0
54021,1,2,99,9,1,90.0,0,N,TOWNS,HIGHWAY,10,8.0
54022,2,2,99,5,1,40.0,0,N,MELB_URBAN,ROAD,10,8.0
54023,4,2,173,2,1,80.0,0,I,RURAL_VICTORIA,ROAD,10,8.0
54024,1,7,130,5,2,60.0,0,N,MELB_URBAN,ROAD,10,20.0
54025,1,2,110,1,1,70.0,0,I,SMALL_CITIES,ROAD,10,11.0
54026,2,3,99,2,1,50.0,0,I,MELB_URBAN,STREET,10,9.0
54027,1,1,130,1,1,80.0,0,N,MELB_URBAN,ROAD,10,9.0
54028,1,2,147,5,1,60.0,0,N,SMALL_CITIES,STREET,10,9.0
54029,4,2,171,5,1,80.0,0,N,TOWNS,ROAD,10,8.0
54030,6,7,99,5,1,100.0,0,N,RURAL_VICTORIA,ROAD,10,15.0
54031,1,2,147,5,1,70.0,0,N,MELB_URBAN,ROAD,10,12.0
54032,5,2,171,5,1,100.0,0,N,RURAL_VICTORIA,ROAD,10,10.0
54033,1,6,130,1,1,80.0,0,I,MELB_URBAN,ROAD,9,16.0
54034,8,5,184,2,2,60.0,0,N,SMALL_CITIES,ROAD,10,18.0
54035,4,1,171,2,1,60.0,0,N,MELB_URBAN,DRIVE,10,8.0
54036,4,2,181,5,1,100.0,0,I,RURAL_VICTORIA,HIGHWAY,10,9.0
54037,1,2,130,2,1,80.0,0,N,MELB_URBAN,HIGHWAY,10,12.0
54038,8,1,174,5,1,60.0,0,N,RURAL_VICTORIA,ROAD,10,14.0
54039,4,1,173,5,1,60.0,0,N,RURAL_VICTORIA,ROAD,10,15.0
54040,1,6,121,2,3,80.0,0,I,SMALL_CITIES,ROAD,10,23.0
54041,4,2,181,5,1,80.0,0,N,RURAL_VICTORIA,ROAD,10,11.0
54042,1,5,110,1,1,60.0,0,I,MELB_URBAN,STREET,10,8.0
54043,2,1,102,2,1,60.0,0,I,MELB_URBAN,ROAD,10,15.0
54044,1,1,147,9,2,50.0,0,I,MELB_URBAN,AVENUE,10,17.0
54045,1,2,110,1,1,50.0,0,I,MELB_URBAN,STREET,10,14.0
54046,1,2,147,5,1,60.0,0,I,MELB_URBAN,ROAD,10,11.0
54047,1,2,147,2,1,50.0,0,I,MELB_URBAN,ROAD,10,14.0
54048,1,6,130,5,2,100.0,0,N,MELB_URBAN,FREEWAY,3,7.0
54049,2,2,99,5,1,60.0,0,N,LARGE_PROVINCIAL_CITIES,STREET,10,11.0
54050,2,2,102,5,1,50.0,0,N,MELB_URBAN,AVENUE,10,15.0
54051,8,6,170,4,3,60.0,0,I,SMALL_CITIES,ROAD,10,19.0
54052,1,1,130,5,3,40.0,0,N,MELBOURNE_CBD,STREET,9,19.0
54053,1,1,130,5,1,60.0,0,N,LARGE_PROVINCIAL_CITIES,ROAD,10,17.0
54054,1,4,130,5,3,70.0,0,N,MELB_URBAN,ROAD,10,19.0
54055,1,2,121,2,2,60.0,0,I,MELB_URBAN,STREET,10,18.0
54056,1,2,110,1,2,50.0,0,I,MELB_URBAN,STREET,10,17.0
54057,2,2,102,2,1,50.0,0,I,MELB_URBAN,STREET,10,16.0
54058,4,2,181,5,1,80.0,0,N,RURAL_VICTORIA,ROAD,10,13.0
54059,4,2,171,5,1,100.0,1,N,RURAL_VICTORIA,ROAD,10,14.0
54060,4,1,171,5,1,110.0,0,N,RURAL_VICTORIA,FREEWAY,10,15.0
54061,1,3,132,5,2,80.0,0,N,RURAL_VICTORIA,ROAD,10,6.0
54062,6,1,170,5,1,100.0,0,N,RURAL_VICTORIA,ROAD,10,11.0
54063,1,1,130,1,1,80.0,0,I,MELB_URBAN,ROAD,10,15.0
54064,4,3,171,5,2,100.0,0,N,RURAL_VICTORIA,HIGHWAY,10,6.0
54065,2,7,99,5,1,100.0,0,N,RURAL_VICTORIA,ROAD,8,12.0
54066,1,5,130,1,1,50.0,0,I,MELB_URBAN,STREET,10,12.0
54067,1,3,116,1,2,60.0,0,I,SMALL_CITIES,STREET,10,7.0
54068,1,3,130,4,2,70.0,0,I,RURAL_VICTORIA,ROAD,10,7.0
54069,1,3,147,2,1,70.0,0,I,LARGE_PROVINCIAL_CITIES,ROAD,10,9.0
54070,1,3,130,5,2,60.0,0,N,MELB_URBAN,ROAD,10,7.0
54071,1,2,120,5,1,100.0,0,N,RURAL_VICTORIA,ROAD,10,18.0
54072,1,6,99,4,1,80.0,0,I,MELB_URBAN,ROAD,10,14.0
54073,1,3,132,2,1,70.0,0,I,MELB_URBAN,STREET,10,8.0
54074,2,3,102,5,1,50.0,0,N,MELB_URBAN,ROAD,10,8.0
54075,1,3,130,2,2,60.0,0,I,MELB_URBAN,BOULEVARD,10,7.0
54076,1,3,121,2,1,50.0,0,I,SMALL_CITIES,OTHER,10,12.0
54077,1,4,130,2,1,100.0,0,I,MELB_URBAN,FREEWAY,7,13.0
54078,6,6,174,5,1,60.0,0,N,RURAL_VICTORIA,ROAD,10,8.0
54079,1,3,130,5,1,100.0,0,N,MELB_URBAN,UNKNOWN,10,10.0
54080,1,3,130,1,1,80.0,0,I,SMALL_CITIES,HIGHWAY,10,10.0
54081,1,3,121,4,1,70.0,0,I,MELB_URBAN,STREET,10,12.0
54082,1,1,133,5,2,80.0,0,N,MELB_URBAN,RAMP,9,17.0
54083,1,3,121,5,1,50.0,0,N,MELB_URBAN,STREET,10,9.0
54084,1,3,121,2,1,60.0,0,I,RURAL_VICTORIA,ROAD,10,12.0
54085,1,3,116,2,1,80.0,0,I,SMALL_CITIES,HIGHWAY,10,12.0
54086,1,1,140,5,1,60.0,0,N,MELB_URBAN,ROAD,9,16.0
54087,1,3,135,5,1,60.0,0,N,MELB_URBAN,STREET,10,8.0
54088,1,3,130,5,1,100.0,0,N,MELB_URBAN,FREEWAY,10,11.0
54089,1,1,130,4,1,60.0,0,N,SMALL_TOWNS,RAMP,4,9.0
54090,6,1,184,2,1,60.0,0,I,RURAL_VICTORIA,ROAD,10,16.0
54091,8,1,174,5,1,80.0,0,N,RURAL_VICTORIA,ROAD,9,14.0
54092,4,2,181,5,1,80.0,0,N,RURAL_VICTORIA,ROAD,10,15.0
54093,1,5,130,2,2,60.0,0,I,MELB_URBAN,ROAD,8,17.0
54094,1,3,121,5,1,80.0,0,N,TOWNS,ROAD,10,16.0
54095,7,1,99,5,9,60.0,0,N,MELB_URBAN,ROAD,10,4.0
54096,4,3,171,1,1,60.0,0,N,MELB_URBAN,STREET,10,13.0
54097,5,5,99,5,3,100.0,0,N,MELB_URBAN,ROAD,5,17.0
54098,6,3,99,5,2,100.0,0,N,RURAL_VICTORIA,HIGHWAY,10,7.0
54099,2,5,102,5,1,40.0,0,N,MELB_URBAN,STREET,10,15.0
54100,1,3,130,5,1,100.0,0,N,MELB_URBAN,ROAD,10,16.0
54101,1,6,130,1,1,50.0,0,I,MELB_URBAN,PARADE,9,14.0
54102,1,3,134,2,2,40.0,0,I,MELB_URBAN,STREET,10,18.0
54103,1,3,121,4,1,80.0,0,I,MELB_URBAN,HIGHWAY,10,15.0
54104,1,3,121,1,2,50.0,0,I,MELB_URBAN,AVENUE,10,18.0
54105,1,3,121,2,2,60.0,0,I,MELB_URBAN,AVENUE,10,19.0
54106,1,3,110,1,2,60.0,0,I,TOWNS,STREET,10,19.0
54107,2,3,102,5,2,60.0,0,N,MELB_URBAN,ROAD,10,17.0
54108,1,6,130,2,1,60.0,0,I,MELB_URBAN,ROAD,10,9.0
54109,1,6,120,5,1,60.0,0,N,MELB_URBAN,ROAD,8,15.0
54110,1,3,130,5,3,80.0,0,N,MELB_URBAN,ROAD,10,22.0
54111,1,3,130,1,3,70.0,0,I,MELB_URBAN,ROAD,10,23.0
54112,4,3,181,5,3,80.0,0,N,MELB_URBAN,ROAD,10,22.0
54113,1,4,160,5,3,60.0,0,N,LARGE_PROVINCIAL_CITIES,STREET,10,3.0
54114,1,4,163,5,1,40.0,0,N,MELBOURNE_CBD,STREET,9,8.0
54115,1,3,130,5,1,100.0,0,N,MELB_URBAN,FREEWAY,10,14.0
54116,1,5,163,5,1,40.0,0,N,MELB_URBAN,STREET,10,12.0
54117,1,6,130,5,1,80.0,0,N,MELB_URBAN,ROAD,10,14.0
54118,1,4,130,5,1,80.0,0,N,MELB_URBAN,HIGHWAY,10,8.0
54119,1,4,121,5,1,50.0,0,N,MELB_URBAN,STREET,10,10.0
54120,1,7,99,5,1,60.0,0,N,MELB_URBAN,ROAD,9,8.0
54121,1,4,99,1,1,60.0,0,I,SMALL_CITIES,STREET,10,11.0
54122,1,5,130,2,1,60.0,0,I,MELB_URBAN,HIGHWAY,10,15.0
54123,1,4,130,5,1,100.0,0,N,MELB_URBAN,UNKNOWN,10,11.0
54124,1,4,130,2,1,60.0,0,I,MELB_URBAN,ROAD,10,10.0
54125,1,2,121,2,1,60.0,0,I,MELB_URBAN,STREET,10,8.0
54126,1,4,130,2,2,70.0,0,I,MELB_URBAN,ROAD,10,7.0
54127,1,2,121,4,2,40.0,0,I,MELB_URBAN,STREET,10,18.0
54128,1,2,130,2,3,50.0,0,I,MELB_URBAN,AVENUE,9,19.0
54129,1,7,121,1,3,80.0,0,I,MELB_URBAN,ROAD,9,0.0
54130,1,6,140,2,9,60.0,0,I,MELB_URBAN,STREET,9,8.0
54131,1,4,147,5,2,60.0,0,N,MELB_URBAN,ROAD,10,6.0
54132,1,4,121,1,1,100.0,0,I,RURAL_VICTORIA,ROAD,10,11.0
54133,1,3,121,1,1,40.0,0,I,SMALL_CITIES,STREET,10,13.0
54134,4,3,173,5,1,80.0,0,N,RURAL_VICTORIA,ROAD,10,10.0
54135,1,4,111,2,1,60.0,0,I,MELB_URBAN,HIGHWAY,10,11.0
54136,4,1,183,5,1,100.0,0,N,RURAL_VICTORIA,ROAD,10,12.0
54137,1,3,130,1,1,60.0,0,I,MELB_URBAN,ROAD,10,9.0
54138,1,3,121,2,1,60.0,0,I,MELB_URBAN,ROAD,10,10.0
54139,1,3,147,2,1,60.0,0,N,MELB_URBAN,ROAD,10,13.0
54140,4,4,99,2,1,40.0,0,I,MELB_URBAN,ROAD,10,9.0
54141,4,0,171,5,2,110.0,0,N,RURAL_VICTORIA,FREEWAY,10,18.0
54142,4,4,171,5,1,110.0,0,N,RURAL_VICTORIA,FREEWAY,10,15.0
54143,1,4,132,2,1,70.0,0,I,LARGE_PROVINCIAL_CITIES,ROAD,10,16.0
54144,3,4,167,5,2,60.0,0,N,MELB_URBAN,BOULEVARD,10,17.0
54145,4,3,181,5,1,70.0,0,N,MELB_URBAN,HIGHWAY,10,16.0
54146,1,4,133,1,2,70.0,0,I,MELB_URBAN,ROAD,10,17.0
54147,4,3,171,5,1,90.0,0,N,RURAL_VICTORIA,HIGHWAY,10,16.0
54148,5,3,171,5,1,60.0,0,N,RURAL_VICTORIA,ROAD,9,11.0
54149,2,4,102,5,1,50.0,0,N,LARGE_PROVINCIAL_CITIES,STREET,10,16.0
54150,1,4,134,1,1,40.0,0,I,MELB_URBAN,ROAD,10,16.0
54151,4,4,183,5,2,80.0,0,N,RURAL_VICTORIA,ROAD,10,17.0
54152,8,4,170,2,2,40.0,0,I,MELBOURNE_CBD,STREET,8,6.0
54153,1,4,110,1,2,100.0,0,I,RURAL_VICTORIA,ROAD,10,17.0
54154,1,4,130,2,2,60.0,0,I,MELB_URBAN,HIGHWAY,10,19.0
54155,1,4,160,5,1,60.0,0,N,MELB_URBAN,ROAD,10,14.0
54156,1,4,110,1,2,50.0,0,I,MELB_URBAN,STREET,10,17.0
54157,1,4,116,4,3,100.0,0,I,RURAL_VICTORIA,ROAD,10,20.0
54158,1,4,113,2,1,80.0,1,I,TOWNS,ROAD,10,16.0
54159,1,4,130,5,1,80.0,0,N,MELB_URBAN,ROAD,10,16.0
54160,2,4,99,5,3,40.0,0,N,MELB_URBAN,STREET,10,20.0
54161,1,3,132,5,1,50.0,0,N,SMALL_CITIES,ROAD,10,9.0
54162,1,4,113,2,3,60.0,0,I,SMALL_CITIES,STREET,10,23.0
54163,6,5,99,5,5,110.0,0,N,RURAL_VICTORIA,FREEWAY,10,0.0
54164,7,4,99,5,1,60.0,0,N,MELB_URBAN,STREET,9,10.0
54165,1,4,120,5,5,60.0,0,N,MELB_URBAN,ROAD,10,22.0
54166,1,4,133,5,1,80.0,0,N,MELB_URBAN,FREEWAY,10,13.0
54167,1,5,110,1,3,60.0,0,I,MELB_URBAN,ROAD,10,5.0
54168,1,4,120,5,1,60.0,0,N,MELB_URBAN,STREET,10,16.0
54169,1,5,147,5,2,70.0,0,N,MELB_URBAN,ROAD,10,6.0
54170,2,5,100,1,1,60.0,0,I,MELB_URBAN,ROAD,10,15.0
54171,1,3,130,5,1,100.0,0,N,MELB_URBAN,UNKNOWN,10,16.0
54172,2,4,102,1,1,50.0,0,I,MELB_URBAN,ROAD,10,7.0
54173,1,5,130,5,2,100.0,0,N,MELB_URBAN,RAMP,10,6.0
54174,1,5,99,5,1,60.0,0,N,MELB_URBAN,ROAD,10,8.0
54175,1,5,130,2,1,70.0,0,N,MELB_URBAN,ROAD,10,8.0
54176,2,7,99,5,1,50.0,0,N,MELB_URBAN,OTHER,8,16.0
54177,1,1,99,2,1,60.0,0,I,MELB_URBAN,ROAD,10,14.0
54178,1,5,130,2,1,100.0,0,I,RURAL_VICTORIA,ROAD,10,8.0
54179,4,5,173,5,1,100.0,0,N,RURAL_VICTORIA,HIGHWAY,10,8.0
54180,1,5,130,5,1,100.0,0,N,MELB_URBAN,FREEWAY,10,8.0
54181,1,4,130,5,1,60.0,0,N,MELB_URBAN,ROAD,10,13.0
54182,1,5,130,5,1,60.0,0,N,MELB_URBAN,ROAD,10,12.0
54183,2,5,100,2,1,50.0,0,I,MELB_URBAN,HIGHWAY,10,9.0
54184,1,4,130,1,2,80.0,0,I,MELB_URBAN,HIGHWAY,10,18.0
54185,2,5,100,2,1,50.0,0,I,MELB_URBAN,ROAD,10,9.0
54186,1,3,121,1,1,80.0,0,I,MELB_URBAN,OTHER,10,14.0
54187,1,5,135,5,1,80.0,0,N,TOWNS,STREET,10,11.0
54188,1,5,116,2,1,60.0,0,N,MELB_URBAN,STREET,10,11.0
54189,1,5,130,1,1,70.0,0,I,MELB_URBAN,ROAD,10,9.0
54190,4,4,173,5,1,100.0,0,N,RURAL_VICTORIA,ROAD,10,9.0
54191,8,7,99,2,1,100.0,0,I,RURAL_VICTORIA,ROAD,9,14.0
54192,1,3,130,5,1,40.0,0,N,MELB_URBAN,ROAD,9,11.0
54193,1,5,110,1,1,60.0,0,I,MELB_URBAN,AVENUE,10,8.0
54194,1,4,113,2,1,60.0,0,I,SMALL_CITIES,DRIVE,10,8.0
54195,1,5,130,2,1,60.0,0,I,SMALL_CITIES,STREET,10,13.0
54196,1,4,132,5,1,80.0,0,N,RURAL_VICTORIA,HIGHWAY,10,13.0
54197,4,5,171,1,1,60.0,0,I,MELB_URBAN,OTHER,10,8.0
54198,1,5,99,5,1,40.0,0,N,MELB_URBAN,DRIVE,10,10.0
54199,2,6,99,5,1,60.0,0,N,MELB_URBAN,STREET,9,15.0
54200,1,4,134,2,2,60.0,0,I,MELB_URBAN,STREET,10,17.0
54201,1,4,111,2,3,30.0,0,I,MELB_URBAN,DRIVE,10,21.0
54202,2,5,100,1,1,80.0,0,I,MELB_URBAN,OTHER,10,15.0
54203,6,7,184,5,1,60.0,0,N,RURAL_VICTORIA,ROAD,10,14.0
54204,6,5,184,5,1,100.0,0,N,RURAL_VICTORIA,ROAD,10,14.0
54205,1,5,147,2,1,50.0,0,N,SMALL_CITIES,STREET,10,10.0
54206,8,5,99,5,1,100.0,0,N,RURAL_VICTORIA,ROAD,10,14.0
54207,1,5,140,5,1,60.0,0,N,LARGE_PROVINCIAL_CITIES,STREET,10,13.0
54208,1,5,130,5,1,60.0,0,N,MELB_URBAN,RAMP,10,16.0
54209,6,5,99,5,1,100.0,0,N,RURAL_VICTORIA,ROAD,10,15.0
54210,6,5,99,5,1,100.0,0,N,RURAL_VICTORIA,ROAD,10,16.0
54211,1,1,130,5,6,70.0,0,N,MELB_URBAN,STREET,9,19.0
54212,1,3,130,5,1,60.0,0,N,MELB_URBAN,ROAD,10,8.0
54213,1,5,130,5,1,90.0,0,N,MELB_URBAN,ROAD,10,14.0
54214,1,5,130,5,1,100.0,0,N,MELB_URBAN,FREEWAY,10,15.0
54215,1,5,110,1,3,60.0,0,I,LARGE_PROVINCIAL_CITIES,STREET,10,21.0
54216,4,6,181,5,2,100.0,0,N,RURAL_VICTORIA,OTHER,10,18.0
54217,1,5,99,5,2,50.0,0,N,SMALL_CITIES,DRIVE,10,17.0
54218,1,5,130,2,2,50.0,0,I,MELB_URBAN,ROAD,10,20.0
54219,4,5,173,5,1,50.0,0,N,MELB_URBAN,AVENUE,10,15.0
54220,1,5,110,1,3,60.0,0,I,SMALL_CITIES,ROAD,10,22.0
54221,3,4,167,5,2,100.0,0,N,RURAL_VICTORIA,ROAD,10,6.0
54222,6,5,99,5,5,100.0,0,N,MELB_URBAN,FREEWAY,10,5.0
54223,4,5,99,5,2,80.0,0,N,RURAL_VICTORIA,ROAD,10,6.0
54224,1,5,130,4,2,80.0,0,I,MELB_URBAN,RAMP,10,6.0
54225,1,7,113,2,1,60.0,0,I,MELB_URBAN,ROAD,9,13.0
54226,1,5,121,1,2,60.0,0,I,MELB_URBAN,ROAD,10,5.0
54227,1,6,113,4,1,50.0,0,I,MELB_URBAN,STREET,10,8.0
54228,1,6,134,5,2,50.0,0,N,MELB_URBAN,STREET,10,6.0
54229,1,6,121,1,3,70.0,0,I,MELB_URBAN,ROAD,8,23.0