,accident_type,day_of_week,dca_code,road_geometry,light_condition,speed_zone,severity,node_type,deg_urban_name,road_type,month,hour
54230,1,6,99,5,1,40.0,0,N,MELBOURNE_CBD,STREET,10,8.0
54231,8,6,174,5,1,60.0,0,N,MELB_URBAN,STREET,10,9.0
54232,6,5,99,5,5,100.0,0,N,RURAL_VICTORIA,ROAD,10,22.0
54233,1,3,130,1,2,80.0,0,I,MELB_URBAN,ROAD,10,7.0
54234,1,6,147,5,1,50.0,0,N,MELB_URBAN,ROAD,10,10.0
54235,1,6,160,2,1,50.0,0,I,MELB_URBAN,DRIVE,10,11.0
54236,1,1,181,5,5,60.0,0,N,MELB_URBAN,ROAD,9,21.0
54237,1,6,147,5,1,80.0,0,I,MELB_URBAN,ROAD,10,11.0
54238,1,6,130,5,2,100.0,0,N,MELB_URBAN,FREEWAY,10,7.0
54239,1,6,132,2,1,70.0,0,I,MELB_URBAN,ROAD,10,11.0
54240,2,6,99,2,1,40.0,0,I,MELB_URBAN,ROAD,10,8.0
54241,6,6,174,2,1,60.0,0,I,MELB_URBAN,STREET,10,12.0
54242,1,2,132,5,2,60.0,0,N,LARGE_PROVINCIAL_CITIES,AVENUE,9,7.0
54243,1,5,113,2,1,60.0,0,I,MELB_URBAN,STREET,10,9.0
54244,1,5,121,2,1,50.0,0,I,MELB_URBAN,STREET,10,13.0
54245,1,6,99,2,1,60.0,0,I,MELB_URBAN,STREET,10,13.0
54246,1,3,130,5,1,100.0,0,I,MELB_URBAN,FREEWAY,10,6.0
54247,1,6,116,2,1,60.0,0,I,MELB_URBAN,HIGHWAY,10,11.0
54248,1,3,130,1,1,60.0,0,I,SMALL_CITIES,HIGHWAY,7,9.0
54249,1,6,135,5,1,80.0,0,N,MELB_URBAN,FREEWAY,10,14.0
54250,1,5,160,5,1,70.0,0,N,MELB_URBAN,ROAD,10,14.0
54251,1,1,130,5,1,50.0,0,N,LARGE_PROVINCIAL_CITIES,STREET,10,12.0
54252,1,6,121,2,1,80.0,0,I,MELB_URBAN,DRIVE,10,14.0
54253,2,6,99,5,1,60.0,0,N,MELB_URBAN,ROAD,10,16.0
54254,1,1,120,2,1,80.0,0,I,RURAL_VICTORIA,ROAD,10,13.0
54255,4,7,171,5,6,70.0,0,N,RURAL_VICTORIA,ROAD,5,19.0
54256,1,5,120,2,1,70.0,0,I,MELB_URBAN,ROAD,10,18.0
54257,8,6,99,5,1,100.0,0,N,MELB_URBAN,RAMP,10,15.0
54258,1,6,110,1,2,60.0,0,I,MELB_URBAN,STREET,10,18.0
54259,1,6,130,5,1,100.0,0,N,MELB_URBAN,ROAD,10,16.0
54260,4,6,173,5,2,70.0,0,N,MELB_URBAN,ROAD,10,19.0
54261,1,6,130,5,1,60.0,0,N,MELB_URBAN,ROAD,10,16.0
54262,1,6,113,2,3,60.0,0,I,MELB_URBAN,ROAD,10,19.0
54263,1,4,116,2,2,70.0,0,I,MELB_URBAN,ROAD,10,5.0
54264,2,6,100,2,3,70.0,0,I,MELB_URBAN,ROAD,10,20.0
54265,1,6,160,5,2,60.0,0,N,MELB_URBAN,ROAD,10,17.0
54266,4,6,171,5,5,80.0,0,N,RURAL_VICTORIA,ROAD,10,20.0
54267,1,6,121,1,3,60.0,0,I,MELB_URBAN,ROAD,10,23.0
54268,4,5,171,5,5,60.0,0,N,RURAL_VICTORIA,OTHER,10,22.0
54269,4,1,171,5,2,80.0,0,N,MELB_URBAN,ROAD,10,19.0
54270,4,6,181,5,1,60.0,0,N,MELB_URBAN,ROAD,10,14.0
54271,1,6,99,5,3,50.0,0,N,MELB_URBAN,DRIVE,10,22.0
54272,1,2,132,5,1,60.0,0,N,MELB_URBAN,ROAD,10,15.0
54273,2,7,99,5,1,60.0,0,N,SMALL_CITIES,STREET,10,9.0
54274,1,4,130,5,2,70.0,0,N,MELB_URBAN,ROAD,10,17.0
54275,1,6,121,2,1,60.0,0,I,MELB_URBAN,ROAD,10,10.0
54276,1,5,133,1,1,70.0,0,I,MELB_URBAN,ROAD,10,15.0
54277,1,6,110,1,1,60.0,0,I,MELB_URBAN,HIGHWAY,10,12.0
54278,1,7,120,5,1,100.0,1,N,RURAL_VICTORIA,HIGHWAY,10,8.0
54279,1,6,111,1,1,60.0,0,I,MELB_URBAN,ROAD,10,14.0
54280,1,2,116,2,1,40.0,0,I,MELB_URBAN,STREET,10,8.0
54281,1,6,130,5,1,80.0,0,N,LARGE_PROVINCIAL_CITIES,ROAD,10,13.0
54282,6,6,99,5,1,60.0,0,N,SMALL_TOWNS,ROAD,10,14.0
54283,4,7,173,5,1,100.0,0,N,RURAL_VICTORIA,HIGHWAY,10,9.0
54284,2,5,99,5,3,60.0,1,N,MELB_URBAN,ROAD,10,22.0
54285,4,7,173,5,1,80.0,0,N,MELB_URBAN,ROAD,10,12.0
54286,4,7,173,5,1,100.0,0,N,RURAL_VICTORIA,ROAD,10,13.0
54287,2,7,100,1,1,50.0,0,I,MELB_URBAN,STREET,10,16.0
54288,4,7,183,2,1,80.0,0,N,RURAL_VICTORIA,ROAD,10,15.0
54289,1,6,133,5,1,70.0,0,N,MELB_URBAN,DRIVE,10,14.0
54290,2,7,99,5,2,50.0,0,N,MELB_URBAN,BOULEVARD,10,17.0
54291,1,7,113,2,1,60.0,0,I,SMALL_CITIES,ROAD,10,12.0
54292,1,7,110,1,2,50.0,0,I,MELB_URBAN,AVENUE,10,17.0
54293,3,7,167,5,3,80.0,0,N,MELB_URBAN,ROAD,10,5.0
54294,1,4,135,5,1,60.0,0,N,MELB_URBAN,ROAD,10,11.0
54295,1,3,132,2,2,60.0,0,I,MELB_URBAN,ROAD,10,17.0
54296,1,7,113,2,2,50.0,0,I,SMALL_CITIES,STREET,10,19.0
54297,6,7,99,4,1,50.0,0,I,MELB_URBAN,AVENUE,10,16.0
54298,1,7,130,1,2,60.0,0,I,LARGE_PROVINCIAL_CITIES,STREET,10,18.0
54299,1,7,130,5,1,50.0,0,N,MELB_URBAN,STREET,10,16.0
54300,1,7,130,5,1,40.0,0,N,MELB_URBAN,ROAD,10,16.0
54301,2,6,99,5,5,50.0,0,N,MELB_URBAN,OTHER,10,21.0
54302,4,7,171,5,5,100.0,0,N,RURAL_VICTORIA,ROAD,10,4.0
54303,1,5,99,1,3,60.0,0,I,MELB_URBAN,ROAD,10,20.0
54304,1,7,113,1,3,60.0,1,I,MELB_URBAN,ROAD,10,21.0
54305,1,6,110,1,3,60.0,0,I,MELB_URBAN,STREET,10,23.0
54306,1,1,120,5,5,60.0,0,N,MELB_URBAN,ROAD,10,0.0
54307,7,1,99,2,3,60.0,0,I,MELB_URBAN,ROAD,10,1.0
54308,1,6,110,1,3,60.0,0,I,MELB_URBAN,STREET,10,21.0
54309,1,1,135,5,3,60.0,0,N,MELB_URBAN,STREET,10,1.0
54310,2,7,99,5,5,80.0,0,N,LARGE_PROVINCIAL_CITIES,ROAD,10,22.0
54311,4,7,171,5,3,100.0,0,N,MELB_URBAN,FREEWAY,10,22.0
54312,1,7,132,2,1,60.0,0,I,SMALL_CITIES,STREET,10,11.0
54313,1,7,110,1,1,60.0,0,I,SMALL_TOWNS,HIGHWAY,10,14.0
54314,1,5,132,2,3,60.0,0,I,MELB_URBAN,DRIVE,8,18.0
54315,6,6,99,5,1,100.0,0,N,RURAL_VICTORIA,ROAD,10,14.0
54316,6,1,184,5,1,80.0,0,N,RURAL_VICTORIA,ROAD,10,9.0
54317,1,1,132,5,1,100.0,0,N,RURAL_VICTORIA,HIGHWAY,10,10.0
54318,4,1,183,5,1,60.0,0,N,MELB_URBAN,HIGHWAY,10,10.0
54319,8,1,99,5,1,100.0,0,N,RURAL_VICTORIA,HIGHWAY,10,10.0
54320,1,1,121,5,1,60.0,0,N,MELB_URBAN,ROAD,10,11.0
54321,1,1,134,5,1,80.0,0,N,MELB_URBAN,ROAD,10,12.0
54322,1,6,99,5,1,50.0,0,N,LARGE_PROVINCIAL_CITIES,STREET,10,10.0
54323,8,1,174,5,1,60.0,0,N,RURAL_VICTORIA,OTHER,10,10.0
54324,6,5,99,5,2,60.0,0,N,MELB_URBAN,AVENUE,10,7.0
54325,1,7,130,5,2,60.0,0,N,MELB_URBAN,ROAD,10,18.0
54326,4,1,171,1,9,60.0,0,N,RURAL_VICTORIA,OTHER,9,10.0
54327,1,6,111,1,1,40.0,0,I,MELB_URBAN,STREET,10,15.0
54328,1,6,110,1,1,80.0,0,I,MELB_URBAN,ROAD,10,17.0
54329,1,1,113,2,1,60.0,0,I,MELB_URBAN,STREET,10,15.0
54330,1,7,110,1,2,60.0,0,I,MELB_URBAN,STREET,10,18.0
54331,2,4,100,1,1,80.0,0,I,MELB_URBAN,HIGHWAY,10,10.0
54332,4,1,171,5,2,100.0,0,N,RURAL_VICTORIA,ROAD,10,17.0
54333,8,6,174,5,1,100.0,0,N,RURAL_VICTORIA,ROAD,10,15.0
54334,4,1,99,5,1,100.0,1,N,RURAL_VICTORIA,ROAD,10,12.0
54335,8,6,174,5,9,60.0,0,N,MELB_URBAN,STREET,10,23.0
54336,4,7,171,5,5,100.0,0,N,RURAL_VICTORIA,ROAD,10,22.0
54337,6,1,174,2,1,50.0,0,I,MELB_URBAN,STREET,10,10.0
54338,1,4,121,5,2,60.0,0,N,MELB_URBAN,ROAD,10,6.0
54339,8,1,174,5,1,100.0,0,N,RURAL_VICTORIA,ROAD,10,16.0
54340,1,1,113,2,2,60.0,0,I,MELB_URBAN,ROAD,10,18.0
54341,1,1,99,5,2,40.0,0,N,MELBOURNE_CBD,STREET,10,18.0
54342,1,1,99,2,2,60.0,0,I,MELB_URBAN,STREET,10,17.0
54343,1,5,99,5,2,60.0,0,N,MELB_URBAN,ROAD,10,17.0
54344,1,5,116,2,1,70.0,0,I,MELB_URBAN,ROAD,10,15.0
54345,1,1,110,1,1,50.0,0,I,MELB_URBAN,STREET,10,16.0
54346,1,6,99,1,2,60.0,0,I,MELB_URBAN,HIGHWAY,9,17.0
54347,1,1,130,5,1,70.0,0,N,MELB_URBAN,ROAD,10,15.0
54348,1,1,130,1,2,60.0,0,I,MELB_URBAN,DRIVE,10,17.0
54349,3,1,167,2,3,80.0,0,I,RURAL_VICTORIA,ROAD,10,0.0
54350,4,2,171,5,3,80.0,0,N,MELB_URBAN,HIGHWAY,10,1.0
54351,1,1,121,1,3,60.0,0,I,MELB_URBAN,STREET,10,23.0
54352,1,3,130,5,1,80.0,0,N,MELB_URBAN,ROAD,9,8.0
54353,1,2,160,5,2,50.0,0,N,MELB_URBAN,ROAD,10,7.0
54354,1,2,116,1,1,80.0,0,I,RURAL_VICTORIA,ROAD,10,8.0
54355,1,5,121,2,1,60.0,0,I,MELB_URBAN,ROAD,10,9.0
54356,4,7,181,5,1,100.0,0,N,RURAL_VICTORIA,ROAD,10,12.0
54357,1,2,130,2,1,60.0,0,I,MELB_URBAN,STREET,10,8.0
54358,8,7,99,2,1,60.0,0,I,MELB_URBAN,ROAD,10,14.0
54359,1,1,110,1,1,80.0,0,I,MELB_URBAN,ROAD,10,10.0
54360,1,2,130,5,1,60.0,0,N,MELB_URBAN,ROAD,10,9.0
54361,4,6,171,5,2,70.0,0,N,MELB_URBAN,ROAD,10,6.0
54362,1,5,130,5,1,40.0,0,N,MELB_URBAN,ROAD,10,15.0
54363,1,5,130,5,3,70.0,0,N,MELB_URBAN,ROAD,10,21.0
54364,1,2,99,2,1,60.0,0,I,MELB_URBAN,PARADE,10,8.0
54365,1,2,121,2,1,60.0,0,I,MELB_URBAN,ROAD,10,13.0
54366,8,4,174,5,2,40.0,0,N,MELB_URBAN,STREET,10,19.0
54367,1,5,120,2,1,50.0,0,I,MELB_URBAN,OTHER,8,16.0
54368,4,2,181,5,1,50.0,0,N,MELB_URBAN,STREET,10,8.0
54369,8,2,170,5,1,100.0,0,N,RURAL_VICTORIA,HIGHWAY,10,8.0
54370,6,2,184,5,1,100.0,0,N,RURAL_VICTORIA,ROAD,10,12.0
54371,4,2,171,5,1,60.0,0,N,MELB_URBAN,ROAD,10,10.0
54372,1,2,140,5,1,60.0,0,N,MELB_URBAN,ROAD,10,11.0
54373,1,2,111,1,1,50.0,0,I,MELB_URBAN,STREET,10,13.0
54374,1,5,130,5,1,60.0,0,N,SMALL_CITIES,ROAD,10,17.0
54375,1,1,113,2,1,60.0,0,I,MELB_URBAN,ROAD,10,16.0
54376,1,2,113,2,1,60.0,0,I,LARGE_PROVINCIAL_CITIES,ROAD,10,8.0
54377,1,2,121,1,1,60.0,0,I,MELB_URBAN,RAMP,10,16.0
54378,1,2,113,9,1,80.0,0,I,SMALL_CITIES,STREET,10,15.0
54379,1,6,130,5,1,100.0,0,N,MELB_URBAN,FREEWAY,10,10.0
54380,1,6,99,5,2,50.0,0,N,MELB_URBAN,STREET,9,17.0
54381,1,2,110,1,1,50.0,0,I,MELB_URBAN,ROAD,10,15.0
54382,1,1,163,1,9,60.0,0,I,MELB_URBAN,STREET,10,10.0
54383,1,2,147,5,2,50.0,0,N,MELB_URBAN,AVENUE,10,18.0
54384,8,1,174,5,1,60.0,0,N,RURAL_VICTORIA,OTHER,10,9.0
54385,1,1,147,5,3,50.0,0,N,MELB_URBAN,ROAD,10,20.0
54386,4,1,173,4,2,60.0,0,I,MELB_URBAN,AVENUE,10,7.0
54387,1,2,130,5,1,50.0,0,N,MELB_URBAN,ROAD,10,15.0
54388,1,3,130,1,9,60.0,0,I,MELB_URBAN,ROAD,10,23.0
54389,1,2,113,2,1,60.0,0,I,SMALL_CITIES,STREET,10,15.0
54390,2,2,99,2,3,60.0,0,I,MELB_URBAN,ROAD,10,21.0
54391,4,1,171,2,2,80.0,0,N,MELB_URBAN,ROAD,10,19.0
54392,4,1,173,5,5,60.0,0,N,MELB_URBAN,HIGHWAY,10,20.0
54393,1,2,130,5,2,80.0,0,N,LARGE_PROVINCIAL_CITIES,HIGHWAY,10,17.0
54394,1,5,130,5,9,50.0,0,N,MELB_URBAN,ROAD,1,12.0
54395,1,3,120,5,1,100.0,0,N,RURAL_VICTORIA,HIGHWAY,9,8.0
54396,1,4,135,5,1,40.0,0,N,MELB_URBAN,STREET,10,10.0
54397,1,6,163,5,1,60.0,0,N,MELB_URBAN,STREET,10,21.0
54398,2,3,100,2,1,60.0,0,N,MELB_URBAN,DRIVE,10,8.0
54399,4,4,181,5,1,100.0,0,N,RURAL_VICTORIA,ROAD,10,15.0
54400,1,2,116,4,1,40.0,0,I,SMALL_CITIES,DRIVE,10,9.0
54401,1,3,130,5,2,80.0,0,N,MELB_URBAN,ROAD,10,8.0
54402,1,3,99,2,1,60.0,0,I,SMALL_CITIES,ROAD,10,11.0
54403,1,3,133,5,9,80.0,0,N,RURAL_VICTORIA,ROAD,10,18.0
54404,1,3,99,5,1,60.0,0,N,MELB_URBAN,PARADE,10,9.0
54405,1,3,130,5,1,60.0,0,N,MELB_URBAN,PARADE,10,9.0
54406,1,3,110,1,1,60.0,0,I,TOWNS,STREET,10,8.0
54407,1,4,132,2,2,60.0,0,I,MELB_URBAN,OTHER,10,17.0
54408,1,7,130,5,2,60.0,0,N,MELB_URBAN,ROAD,10,19.0
54409,6,3,99,2,2,100.0,0,I,RURAL_VICTORIA,ROAD,10,7.0
54410,1,3,111,1,3,70.0,0,I,MELB_URBAN,ROAD,10,4.0
54411,1,2,99,2,1,50.0,0,I,MELB_URBAN,PARADE,10,12.0
54412,1,5,130,1,1,70.0,0,I,MELB_URBAN,HIGHWAY,10,17.0
54413,1,3,130,5,1,110.0,0,N,RURAL_VICTORIA,FREEWAY,10,13.0
54414,3,5,167,5,1,100.0,0,N,RURAL_VICTORIA,ROAD,10,15.0
54415,8,3,170,5,1,50.0,0,N,MELB_URBAN,BOULEVARD,10,9.0
54416,1,3,121,1,1,60.0,0,I,MELB_URBAN,ROAD,10,14.0
54417,1,2,130,1,1,60.0,0,I,MELB_URBAN,ROAD,10,15.0
54418,2,3,100,2,2,60.0,0,I,MELB_URBAN,DRIVE,10,7.0
54419,1,5,130,1,1,70.0,0,I,LARGE_PROVINCIAL_CITIES,HIGHWAY,1,12.0
54420,1,2,120,5,1,50.0,0,N,MELB_URBAN,DRIVE,10,8.0
54421,8,7,174,5,3,100.0,0,N,MELB_URBAN,FREEWAY,10,19.0
54422,8,1,170,5,1,70.0,0,I,SMALL_TOWNS,STREET,10,8.0
54423,8,3,174,5,1,60.0,0,N,MELB_URBAN,ROAD,10,11.0
54424,8,2,174,2,1,60.0,0,I,LARGE_PROVINCIAL_CITIES,STREET,9,12.0
54425,6,6,174,2,1,50.0,0,I,MELB_URBAN,ROAD,10,9.0
54426,1,3,99,5,1,50.0,0,N,TOWNS,STREET,10,14.0
54427,2,3,99,2,1,50.0,0,N,SMALL_TOWNS,STREET,10,10.0
54428,1,2,121,2,3,60.0,0,I,MELB_URBAN,ROAD,10,21.0
54429,1,1,121,1,3,70.0,0,I,MELB_URBAN,HIGHWAY,10,20.0
54430,1,3,110,1,1,50.0,0,I,MELB_URBAN,STREET,10,8.0
54431,1,3,121,5,1,60.0,0,N,MELB_URBAN,DRIVE,10,12.0
54432,1,3,130,5,1,80.0,0,N,RURAL_VICTORIA,STREET,10,16.0
54433,2,3,100,1,1,70.0,0,I,MELB_URBAN,ROAD,10,10.0
54434,1,3,121,2,2,60.0,0,I,MELB_URBAN,ROAD,10,17.0
54435,6,3,174,5,2,50.0,0,N,TOWNS,DRIVE,10,20.0
54436,4,3,171,5,2,60.0,0,N,MELB_URBAN,ROAD,10,17.0
54437,1,3,134,5,1,100.0,0,N,MELB_URBAN,FREEWAY,10,16.0
54438,1,3,121,2,2,60.0,0,I,MELB_URBAN,ROAD,10,17.0
54439,1,3,110,1,2,60.0,0,I,MELB_URBAN,ROAD,10,17.0
54440,1,3,130,5,2,100.0,0,N,MELB_URBAN,FREEWAY,10,17.0
54441,1,2,133,2,1,70.0,0,I,LARGE_PROVINCIAL_CITIES,HIGHWAY,10,15.0
54442,4,3,173,5,1,100.0,0,N,RURAL_VICTORIA,ROAD,10,15.0
54443,4,3,173,5,2,100.0,0,N,RURAL_VICTORIA,HIGHWAY,10,17.0
54444,2,4,100,2,1,60.0,0,I,MELB_URBAN,ROAD,10,16.0
54445,4,3,173,5,5,100.0,0,N,RURAL_VICTORIA,ROAD,10,20.0
54446,2,3,100,1,3,60.0,0,I,MELB_URBAN,STREET,10,20.0
54447,2,2,99,2,2,50.0,0,I,MELB_URBAN,OTHER,10,18.0
54448,1,3,120,5,1,100.0,1,N,RURAL_VICTORIA,ROAD,10,12.0
54449,4,3,181,5,1,100.0,0,N,RURAL_VICTORIA,ROAD,10,15.0
54450,1,3,140,5,3,60.0,0,N,MELB_URBAN,ROAD,10,21.0
54451,3,3,167,5,5,100.0,0,N,RURAL_VICTORIA,FREEWAY,10,22.0
54452,4,3,99,2,5,60.0,0,I,RURAL_VICTORIA,ROAD,10,4.0
54453,4,4,173,5,3,40.0,0,N,MELB_URBAN,OTHER,10,3.0
54454,1,3,160,5,1,60.0,0,N,MELB_URBAN,ROAD,10,10.0
54455,1,2,130,1,1,60.0,0,I,MELB_URBAN,ROAD,10,15.0
54456,1,4,120,5,1,50.0,0,N,MELB_URBAN,STREET,9,10.0
54457,1,4,113,2,1,60.0,0,I,MELB_URBAN,ROAD,10,8.0
54458,1,4,110,1,1,40.0,0,I,MELB_URBAN,STREET,10,9.0
54459,8,4,184,5,2,70.0,0,N,MELB_URBAN,ROAD,10,7.0
54460,1,4,120,5,1,100.0,0,N,RURAL_VICTORIA,ROAD,10,8.0
54461,8,3,170,5,1,60.0,0,N,SMALL_TOWNS,ROAD,9,11.0
54462,1,4,163,5,1,50.0,0,N,MELB_URBAN,STREET,10,9.0
54463,1,3,113,2,1,60.0,0,I,MELB_URBAN,ROAD,10,15.0
54464,6,4,174,2,1,60.0,0,I,MELB_URBAN,ROAD,10,9.0
54465,8,5,174,5,1,60.0,0,N,MELB_URBAN,HIGHWAY,9,16.0
54466,1,3,132,9,1,80.0,0,I,RURAL_VICTORIA,HIGHWAY,10,16.0
54467,4,3,171,5,2,70.0,0,N,MELB_URBAN,ROAD,10,6.0
54468,1,3,121,1,1,70.0,0,I,MELB_URBAN,ROAD,10,10.0
54469,1,3,130,5,1,60.0,0,N,MELB_URBAN,BOULEVARD,10,15.0
54470,4,4,181,5,1,100.0,0,N,RURAL_VICTORIA,ROAD,10,8.0
54471,1,3,130,5,1,80.0,0,N,MELB_URBAN,ROAD,10,15.0
54472,4,4,181,5,1,80.0,0,N,RURAL_VICTORIA,HIGHWAY,10,13.0
54473,1,4,130,5,1,100.0,0,N,MELB_URBAN,FREEWAY,10,16.0
54474,1,4,130,5,2,100.0,0,N,MELB_URBAN,FREEWAY,10,7.0
54475,1,7,130,2,1,60.0,0,I,MELB_URBAN,OTHER,8,10.0
54476,1,3,130,2,1,80.0,0,I,MELB_URBAN,HIGHWAY,10,16.0
54477,1,4,181,2,1,80.0,0,I,SMALL_CITIES,HIGHWAY,10,14.0
54478,8,5,170,2,2,60.0,0,I,MELB_URBAN,ROAD,10,7.0
54479,1,4,120,5,1,60.0,0,N,MELB_URBAN,DRIVE,10,15.0
54480,1,4,110,1,2,50.0,0,I,SMALL_CITIES,STREET,10,17.0
54481,1,4,110,1,2,60.0,0,I,MELB_URBAN,ROAD,10,17.0
54482,2,3,99,5,1,50.0,0,N,MELB_URBAN,STREET,10,14.0
54483,4,4,173,5,1,100.0,0,N,RURAL_VICTORIA,ROAD,10,16.0
54484,1,4,130,1,1,60.0,0,I,LARGE_PROVINCIAL_CITIES,STREET,10,15.0
54485,1,4,130,1,1,80.0,0,N,MELB_URBAN,ROAD,10,15.0
54486,1,4,121,4,2,60.0,0,I,MELB_URBAN,ROAD,10,19.0
54487,1,4,116,1,1,80.0,0,I,MELB_URBAN,OTHER,10,16.0
54488,1,4,130,2,1,60.0,0,I,MELB_URBAN,STREET,10,15.0
54489,4,4,171,2,3,50.0,0,I,MELB_URBAN,ROAD,10,20.0
54490,8,1,174,5,1,60.0,0,N,RURAL_VICTORIA,ROAD,10,15.0
54491,4,5,171,5,5,110.0,1,N,RURAL_VICTORIA,FREEWAY,10,0.0
54492,8,5,174,5,3,40.0,0,N,MELBOURNE_CBD,STREET,10,5.0
54493,1,4,130,5,1,70.0,0,N,MELB_URBAN,ROAD,10,12.0
54494,1,4,163,5,2,50.0,0,N,MELB_URBAN,STREET,10,17.0
54495,1,5,99,2,2,60.0,0,I,LARGE_PROVINCIAL_CITIES,STREET,9,19.0
54496,1,5,130,5,2,100.0,0,N,MELB_URBAN,FREEWAY,10,7.0
54497,1,1,130,2,2,60.0,0,I,MELB_URBAN,STREET,10,17.0
54498,1,4,130,5,1,100.0,0,N,MELB_URBAN,FREEWAY,10,15.0
54499,6,5,99,5,1,60.0,0,N,RURAL_VICTORIA,ROAD,10,8.0
54500,1,5,121,2,2,60.0,0,I,MELB_URBAN,STREET,10,7.0
54501,1,5,147,5,1,60.0,0,N,SMALL_CITIES,STREET,10,10.0
54502,6,5,174,2,2,60.0,0,N,MELB_URBAN,ROAD,10,6.0
54503,1,3,110,1,2,60.0,0,I,MELB_URBAN,ROAD,9,17.0
54504,4,5,183,5,1,100.0,0,N,RURAL_VICTORIA,ROAD,10,10.0
54505,1,4,130,1,1,60.0,0,I,LARGE_PROVINCIAL_CITIES,STREET,9,16.0
54506,4,5,181,2,1,80.0,0,I,RURAL_VICTORIA,ROAD,10,11.0
54507,1,5,110,1,1,60.0,0,I,MELB_URBAN,ROAD,10,9.0
54508,1,5,99,1,1,40.0,0,I,MELBOURNE_CBD,STREET,10,9.0
54509,1,6,130,2,1,60.0,0,I,MELB_URBAN,ROAD,10,15.0
54510,1,4,130,1,9,60.0,0,I,MELB_URBAN,DRIVE,10,12.0
54511,1,3,121,1,3,50.0,0,I,LARGE_PROVINCIAL_CITIES,STREET,10,18.0
54512,2,4,99,2,2,60.0,0,I,SMALL_CITIES,DRIVE,10,18.0
54513,4,5,173,5,1,60.0,0,N,MELB_URBAN,ROAD,10,13.0
54514,1,5,133,5,2,100.0,0,N,MELB_URBAN,FREEWAY,10,7.0
54515,2,6,102,5,1,100.0,0,N,RURAL_VICTORIA,ROAD,10,16.0
54516,1,2,147,5,1,60.0,0,N,MELB_URBAN,STREET,8,13.0
54517,1,5,163,5,1,40.0,0,N,MELB_URBAN,ROAD,10,12.0
54518,1,5,132,2,1,100.0,0,N,RURAL_VICTORIA,HIGHWAY,10,9.0
54519,1,7,130,5,2,70.0,0,I,MELB_URBAN,ROAD,10,18.0
54520,1,3,160,5,2,80.0,0,N,RURAL_VICTORIA,ROAD,10,6.0
54521,1,4,130,5,1,60.0,0,N,MELB_URBAN,ROAD,10,8.0
54522,1,4,130,5,1,60.0,0,N,LARGE_PROVINCIAL_CITIES,STREET,10,16.0
54523,1,5,113,1,1,80.0,0,I,MELB_URBAN,ROAD,10,15.0
54524,1,5,121,4,1,80.0,0,I,MELB_URBAN,HIGHWAY,10,15.0
54525,4,5,171,5,1,100.0,0,N,RURAL_VICTORIA,ROAD,10,15.0
54526,1,5,116,1,1,80.0,0,I,MELB_URBAN,ROAD,10,16.0
54527,4,5,171,5,1,50.0,0,N,MELB_URBAN,AVENUE,10,14.0
54528,1,5,99,5,1,80.0,0,N,MELB_URBAN,ROAD,10,16.0
54529,1,5,121,2,1,50.0,0,I,MELB_URBAN,STREET,10,15.0
54530,1,4,121,1,1,60.0,0,I,SMALL_CITIES,STREET,10,18.0
54531,1,4,130,5,2,50.0,0,N,SMALL_CITIES,STREET,10,17.0
54532,1,5,130,1,2,60.0,0,I,MELB_URBAN,OTHER,10,17.0
54533,4,5,171,2,1,60.0,0,I,MELB_URBAN,ROAD,10,15.0
54534,1,5,111,2,2,60.0,0,I,MELB_URBAN,ROAD,10,17.0
54535,1,5,110,1,2,50.0,0,I,SMALL_CITIES,STREET,10,17.0
54536,4,5,173,5,1,100.0,0,N,RURAL_VICTORIA,ROAD,10,14.0
54537,1,5,147,5,1,60.0,0,N,MELB_URBAN,ROAD,10,16.0
54538,1,5,132,2,2,60.0,0,I,MELB_URBAN,ROAD,10,18.0
54539,1,5,121,2,1,60.0,1,I,MELB_URBAN,ROAD,10,13.0
54540,1,6,130,1,2,50.0,0,I,MELB_URBAN,ROAD,10,18.0
54541,1,5,110,1,1,100.0,0,I,RURAL_VICTORIA,HIGHWAY,10,14.0
54542,5,5,99,5,6,50.0,0,I,MELB_URBAN,AVENUE,10,2.0
54543,4,2,171,5,1,100.0,0,N,RURAL_VICTORIA,ROAD,10,15.0
54544,2,4,99,4,3,60.0,0,I,MELB_URBAN,ROAD,10,21.0
54545,1,5,135,5,3,80.0,0,N,MELB_URBAN,FREEWAY,10,19.0
54546,1,2,130,1,1,80.0,0,I,SMALL_CITIES,HIGHWAY,9,8.0
54547,6,5,99,2,1,60.0,0,N,RURAL_VICTORIA,ROAD,10,9.0
54548,1,6,116,2,1,50.0,0,I,MELB_URBAN,STREET,10,9.0
54549,2,6,100,1,2,60.0,0,I,MELB_URBAN,ROAD,10,7.0
54550,2,5,102,5,2,60.0,0,N,MELB_URBAN,ROAD,10,7.0
54551,1,6,99,2,1,60.0,0,I,MELB_URBAN,HIGHWAY,10,8.0
54552,4,1,171,5,1,60.0,0,N,SMALL_TOWNS,OTHER,9,14.0
54553,1,6,130,2,2,60.0,0,I,MELB_URBAN,ROAD,10,7.0
54554,1,2,133,5,3,60.0,0,N,MELB_URBAN,STREET,10,20.0
54555,1,6,130,5,2,100.0,0,N,MELB_URBAN,FREEWAY,10,7.0
54556,1,6,99,2,2,60.0,0,I,MELB_URBAN,ROAD,10,7.0