,accident_type,day_of_week,dca_code,road_geometry,light_condition,speed_zone,severity,node_type,deg_urban_name,road_type,month,hour
54557,1,6,99,5,1,50.0,0,N,LARGE_PROVINCIAL_CITIES,STREET,10,11.0
54558,1,6,130,2,1,60.0,0,I,MELB_URBAN,ROAD,10,11.0
54559,4,6,183,5,2,80.0,1,N,MELB_URBAN,UNKNOWN,10,7.0
54560,1,6,130,5,1,60.0,0,N,MELB_URBAN,STREET,10,12.0
54561,2,6,102,2,1,60.0,0,I,MELB_URBAN,STREET,10,12.0
54562,1,5,111,1,2,50.0,0,I,MELB_URBAN,AVENUE,10,7.0
54563,6,6,184,5,1,80.0,0,N,RURAL_VICTORIA,ROAD,10,11.0
54564,1,6,132,2,1,60.0,0,I,SMALL_CITIES,STREET,10,9.0
54565,1,6,140,5,1,80.0,0,N,MELB_URBAN,ROAD,10,11.0
54566,1,7,99,2,2,60.0,0,I,MELB_URBAN,ROAD,10,6.0
54567,4,3,171,5,2,80.0,0,N,MELB_URBAN,ROAD,10,19.0
54568,1,6,121,2,1,60.0,0,I,SMALL_CITIES,ROAD,10,15.0
54569,1,6,130,1,1,60.0,0,I,MELB_URBAN,ROAD,10,14.0
54570,1,4,99,2,2,60.0,0,I,MELB_URBAN,ROAD,10,18.0
54571,1,5,130,5,1,60.0,0,N,MELB_URBAN,FREEWAY,10,14.0
54572,1,6,130,5,1,60.0,0,N,MELB_URBAN,ROAD,10,16.0
54573,1,4,99,5,1,60.0,0,N,MELB_URBAN,ROAD,10,9.0
54574,1,6,121,2,1,60.0,0,I,MELB_URBAN,DRIVE,10,15.0
54575,1,5,130,5,1,40.0,0,N,MELB_URBAN,ROAD,10,15.0
54576,1,6,113,2,2,60.0,0,I,MELB_URBAN,ROAD,10,19.0
54577,1,6,113,4,2,60.0,0,I,MELB_URBAN,ROAD,10,19.0
54578,4,6,171,5,5,100.0,0,N,RURAL_VICTORIA,ROAD,10,5.0
54579,4,4,173,5,5,110.0,0,N,RURAL_VICTORIA,FREEWAY,10,23.0
54580,1,6,120,5,2,60.0,1,N,MELB_URBAN,ROAD,10,17.0
54581,4,6,171,2,3,60.0,0,I,MELB_URBAN,ROAD,10,22.0
54582,1,4,160,5,3,60.0,0,N,MELB_URBAN,ROAD,10,23.0
54583,4,6,183,5,5,100.0,0,N,RURAL_VICTORIA,ROAD,10,21.0
54584,2,7,100,5,3,60.0,0,N,MELB_URBAN,ROAD,10,0.0
54585,1,7,110,1,3,70.0,1,I,MELB_URBAN,HIGHWAY,10,0.0
54586,1,2,163,5,9,40.0,0,N,MELB_URBAN,ROAD,10,7.0
54587,4,7,183,1,1,60.0,0,I,TOWNS,STREET,10,9.0
54588,1,6,147,5,1,60.0,0,N,MELB_URBAN,STREET,10,15.0
54589,1,6,121,2,1,60.0,0,I,MELB_URBAN,ROAD,10,12.0
54590,1,7,160,5,1,60.0,0,N,MELB_URBAN,ROAD,10,10.0
54591,1,7,135,2,1,50.0,0,N,MELB_URBAN,ROAD,10,11.0
54592,1,3,130,5,2,100.0,0,N,MELB_URBAN,FREEWAY,9,7.0
54593,1,7,130,5,2,100.0,0,N,MELB_URBAN,FREEWAY,10,18.0
54594,1,6,130,5,1,60.0,0,N,SMALL_CITIES,ROAD,10,13.0
54595,1,7,121,5,1,60.0,0,N,MELB_URBAN,ROAD,10,13.0
54596,4,7,181,5,1,100.0,0,N,RURAL_VICTORIA,UNKNOWN,10,9.0
54597,4,7,181,5,2,50.0,0,N,MELB_URBAN,OTHER,10,7.0
54598,2,6,99,5,1,30.0,0,N,MELB_URBAN,STREET,10,10.0
54599,1,7,130,2,1,70.0,0,I,LARGE_PROVINCIAL_CITIES,ROAD,10,12.0
54600,1,5,130,1,1,60.0,0,I,LARGE_PROVINCIAL_CITIES,STREET,10,14.0
54601,1,5,99,5,1,60.0,0,N,MELB_URBAN,STREET,10,8.0
54602,1,7,110,1,1,50.0,0,I,LARGE_PROVINCIAL_CITIES,STREET,10,14.0
54603,1,7,110,1,1,100.0,0,I,RURAL_VICTORIA,ROAD,10,11.0
54604,1,7,130,5,1,60.0,0,I,MELB_URBAN,HIGHWAY,10,13.0
54605,4,6,173,5,3,50.0,0,N,LARGE_PROVINCIAL_CITIES,STREET,10,19.0
54606,2,3,100,2,1,60.0,0,I,MELB_URBAN,ROAD,10,15.0
54607,1,6,121,1,2,60.0,0,I,MELB_URBAN,ROAD,10,18.0
54608,8,2,99,5,3,60.0,0,N,MELB_URBAN,DRIVE,10,23.0
54609,1,5,130,5,2,110.0,0,N,RURAL_VICTORIA,FREEWAY,10,18.0
54610,1,7,116,2,1,60.0,0,I,MELB_URBAN,HIGHWAY,10,16.0
54611,8,7,170,5,2,100.0,0,N,RURAL_VICTORIA,ROAD,10,17.0
54612,1,7,113,2,1,100.0,0,I,RURAL_VICTORIA,DRIVE,10,15.0
54613,1,7,121,2,2,60.0,0,I,MELB_URBAN,STREET,10,18.0
54614,5,7,171,5,2,50.0,0,N,MELB_URBAN,DRIVE,10,19.0
54615,1,5,130,5,2,80.0,0,N,MELB_URBAN,HIGHWAY,10,17.0
54616,4,5,183,2,5,100.0,0,I,RURAL_VICTORIA,AVENUE,10,4.0
54617,2,7,100,2,3,60.0,1,I,MELB_URBAN,ROAD,10,20.0
54618,1,7,130,5,2,70.0,0,N,MELB_URBAN,ROAD,10,19.0
54619,1,7,99,1,9,60.0,0,I,MELB_URBAN,ROAD,9,9.0
54620,1,6,130,5,1,60.0,0,N,MELB_URBAN,ROAD,10,13.0
54621,1,7,99,5,2,60.0,0,N,RURAL_VICTORIA,ROAD,10,18.0
54622,1,7,130,2,3,80.0,0,N,MELB_URBAN,HIGHWAY,10,23.0
54623,4,1,173,5,5,100.0,0,N,RURAL_VICTORIA,ROAD,10,1.0
54624,2,1,99,5,5,70.0,0,N,RURAL_VICTORIA,ROAD,10,1.0
54625,8,0,170,5,5,100.0,0,N,RURAL_VICTORIA,HIGHWAY,10,3.0
54626,2,1,100,5,5,50.0,0,N,MELB_URBAN,STREET,10,5.0
54627,2,7,102,2,2,70.0,0,I,MELB_URBAN,ROAD,10,18.0
54628,1,7,130,5,1,70.0,0,N,MELB_URBAN,ROAD,10,13.0
54629,4,3,171,5,1,80.0,0,N,MELB_URBAN,ROAD,8,13.0
54630,4,3,183,5,1,100.0,0,N,RURAL_VICTORIA,ROAD,9,14.0
54631,2,5,100,5,1,40.0,0,N,MELB_URBAN,ROAD,10,14.0
54632,9,7,99,5,1,100.0,0,N,RURAL_VICTORIA,ROAD,10,13.0
54633,1,1,133,1,1,40.0,0,I,MELB_URBAN,ROAD,10,8.0
54634,1,1,121,2,2,70.0,0,I,MELB_URBAN,ROAD,10,7.0
54635,2,1,100,2,1,60.0,0,I,MELB_URBAN,ROAD,10,10.0
54636,1,1,113,2,1,60.0,0,I,MELB_URBAN,STREET,10,11.0
54637,6,7,99,5,5,100.0,0,N,RURAL_VICTORIA,ROAD,10,21.0
54638,4,1,183,5,1,50.0,0,N,MELB_URBAN,AVENUE,10,13.0
54639,8,0,174,1,1,60.0,0,I,MELB_URBAN,ROAD,10,13.0
54640,1,1,132,2,1,100.0,0,I,RURAL_VICTORIA,ROAD,10,13.0
54641,8,1,184,5,1,60.0,0,N,MELB_URBAN,ROAD,10,8.0
54642,1,1,130,5,1,60.0,0,N,RURAL_VICTORIA,HIGHWAY,10,13.0
54643,1,5,160,5,1,40.0,0,N,TOWNS,STREET,10,13.0
54644,2,0,99,5,1,40.0,0,N,MELB_URBAN,ROAD,10,10.0
54645,1,3,130,2,1,60.0,0,I,MELB_URBAN,ROAD,10,18.0
54646,1,1,99,1,1,100.0,0,I,RURAL_VICTORIA,ROAD,10,9.0
54647,1,1,147,5,1,80.0,0,I,MELB_URBAN,ROAD,10,14.0
54648,6,1,174,5,1,100.0,0,N,RURAL_VICTORIA,OTHER,10,11.0
54649,1,3,113,2,1,50.0,0,I,MELB_URBAN,AVENUE,10,13.0
54650,6,1,99,5,1,100.0,0,N,RURAL_VICTORIA,ROAD,10,10.0
54651,1,1,163,5,1,40.0,0,N,MELB_URBAN,STREET,10,15.0
54652,1,0,130,2,1,60.0,0,I,MELB_URBAN,STREET,10,14.0
54653,1,7,110,1,3,60.0,0,I,MELB_URBAN,AVENUE,10,20.0
54654,4,1,181,5,1,100.0,0,N,RURAL_VICTORIA,HIGHWAY,10,16.0
54655,1,1,121,2,1,60.0,0,I,MELB_URBAN,AVENUE,10,13.0
54656,1,1,113,2,1,60.0,0,I,MELB_URBAN,BOULEVARD,10,16.0
54657,1,2,99,1,1,60.0,0,N,MELB_URBAN,OTHER,9,17.0
54658,2,1,99,5,6,60.0,0,N,MELB_URBAN,ROAD,10,2.0
54659,1,0,163,1,1,60.0,0,I,MELB_URBAN,STREET,10,15.0
54660,1,1,147,2,3,80.0,0,I,MELB_URBAN,ROAD,10,19.0
54661,1,1,110,1,1,100.0,0,I,RURAL_VICTORIA,HIGHWAY,10,15.0
54662,1,1,130,5,1,50.0,0,N,MELB_URBAN,DRIVE,10,13.0
54663,1,1,130,9,2,80.0,0,I,MELB_URBAN,ROAD,10,19.0
54664,1,1,120,5,1,90.0,0,N,RURAL_VICTORIA,ROAD,10,15.0
54665,1,3,121,2,2,80.0,0,I,MELB_URBAN,ROAD,10,18.0
54666,6,1,170,5,3,100.0,0,N,RURAL_VICTORIA,FREEWAY,10,23.0
54667,4,0,181,5,5,60.0,0,N,MELB_URBAN,ROAD,10,23.0
54668,4,1,181,5,5,60.0,0,N,SMALL_CITIES,ROAD,10,23.0
54669,4,2,173,5,5,100.0,0,N,RURAL_VICTORIA,ROAD,10,1.0
54670,4,2,171,5,2,80.0,0,N,LARGE_PROVINCIAL_CITIES,ROAD,10,6.0
54671,4,1,181,5,1,100.0,0,N,RURAL_VICTORIA,ROAD,10,13.0
54672,4,2,173,5,1,80.0,0,N,RURAL_VICTORIA,ROAD,10,8.0
54673,1,2,120,5,1,80.0,0,N,RURAL_VICTORIA,ROAD,10,8.0
54674,6,5,174,1,2,60.0,0,I,MELB_URBAN,ROAD,10,19.0
54675,6,2,99,5,1,100.0,0,N,RURAL_VICTORIA,FREEWAY,10,8.0
54676,5,2,99,5,3,50.0,0,N,MELB_URBAN,UNKNOWN,10,2.0
54677,6,7,174,2,2,50.0,0,I,TOWNS,ROAD,10,18.0
54678,4,2,181,5,1,80.0,0,N,RURAL_VICTORIA,ROAD,10,8.0
54679,6,1,99,5,1,50.0,0,N,TOWNS,STREET,9,13.0
54680,1,1,130,1,1,60.0,0,I,MELB_URBAN,ROAD,10,15.0
54681,1,2,147,5,1,60.0,0,N,MELB_URBAN,ROAD,10,9.0
54682,8,2,170,2,1,70.0,0,I,LARGE_PROVINCIAL_CITIES,OTHER,10,11.0
54683,4,6,99,5,2,100.0,0,N,RURAL_VICTORIA,ROAD,10,17.0
54684,1,4,130,2,1,60.0,0,I,MELB_URBAN,ROAD,4,8.0
54685,1,2,130,2,9,60.0,0,I,MELB_URBAN,ROAD,10,18.0
54686,1,2,121,2,1,60.0,0,I,MELB_URBAN,ROAD,10,11.0
54687,1,2,121,1,1,60.0,0,I,MELB_URBAN,STREET,10,12.0
54688,2,5,99,5,1,50.0,0,N,LARGE_PROVINCIAL_CITIES,STREET,10,14.0
54689,4,2,173,5,1,80.0,0,N,RURAL_VICTORIA,HIGHWAY,10,12.0
54690,1,1,147,5,1,100.0,0,N,RURAL_VICTORIA,HIGHWAY,10,14.0
54691,1,6,163,5,2,40.0,0,N,MELBOURNE_CBD,STREET,10,17.0
54692,1,2,113,4,1,80.0,0,N,MELB_URBAN,HIGHWAY,10,14.0
54693,1,2,99,5,1,100.0,0,N,RURAL_VICTORIA,HIGHWAY,10,14.0
54694,1,1,140,5,1,60.0,0,N,MELB_URBAN,STREET,6,14.0
54695,1,1,99,5,9,50.0,0,N,MELBOURNE_CBD,STREET,10,17.0
54696,4,2,173,5,1,100.0,1,N,RURAL_VICTORIA,ROAD,10,13.0
54697,1,2,113,2,1,70.0,0,I,RURAL_VICTORIA,HIGHWAY,10,16.0
54698,6,1,184,5,1,100.0,0,N,RURAL_VICTORIA,ROAD,10,15.0
54699,1,2,130,5,1,100.0,0,N,MELB_URBAN,ROAD,10,14.0
54700,1,1,110,1,1,110.0,0,N,RURAL_VICTORIA,ROAD,10,16.0
54701,1,2,147,5,2,50.0,0,N,MELB_URBAN,ROAD,10,17.0
54702,1,2,99,2,1,50.0,0,N,LARGE_PROVINCIAL_CITIES,STREET,10,16.0
54703,1,3,130,5,2,60.0,0,N,MELB_URBAN,ROAD,10,18.0
54704,1,2,147,5,2,50.0,0,N,SMALL_CITIES,STREET,10,17.0
54705,1,2,110,1,1,60.0,0,I,LARGE_PROVINCIAL_CITIES,STREET,10,13.0
54706,4,1,171,5,9,100.0,0,N,RURAL_VICTORIA,ROAD,10,16.0
54707,1,2,120,5,1,100.0,1,N,RURAL_VICTORIA,ROAD,10,12.0
54708,1,6,130,5,1,100.0,0,N,MELB_URBAN,FREEWAY,10,15.0
54709,8,2,184,5,1,60.0,0,N,RURAL_VICTORIA,OTHER,3,11.0
54710,1,3,130,5,1,100.0,0,N,MELB_URBAN,FREEWAY,10,9.0
54711,1,2,130,5,3,70.0,0,N,MELB_URBAN,ROAD,10,21.0
54712,4,2,181,5,1,100.0,0,N,RURAL_VICTORIA,OTHER,10,15.0
54713,1,2,99,5,1,50.0,0,N,MELB_URBAN,STREET,10,18.0
54714,4,1,171,5,5,50.0,0,N,MELB_URBAN,ROAD,10,21.0
54715,1,1,130,5,3,70.0,0,N,MELB_URBAN,ROAD,10,23.0
54716,6,1,99,5,1,60.0,0,N,RURAL_VICTORIA,ROAD,10,16.0
54717,1,7,121,1,1,60.0,0,I,MELB_URBAN,ROAD,10,13.0
54718,1,7,116,1,1,80.0,0,I,MELB_URBAN,HIGHWAY,10,9.0
54719,2,1,100,2,2,70.0,0,I,MELB_URBAN,ROAD,10,5.0
54720,1,4,133,5,3,60.0,0,N,MELB_URBAN,ROAD,10,21.0
54721,4,3,181,5,1,60.0,0,N,TOWNS,ROAD,10,8.0
54722,1,4,130,5,2,60.0,0,N,MELB_URBAN,ROAD,10,7.0
54723,4,0,99,2,1,50.0,0,N,MELB_URBAN,STREET,8,11.0
54724,1,2,130,5,2,100.0,0,N,MELB_URBAN,FREEWAY,10,7.0
54725,8,7,174,5,1,100.0,0,N,RURAL_VICTORIA,ROAD,10,8.0
54726,1,3,130,5,1,60.0,0,N,LARGE_PROVINCIAL_CITIES,ROAD,10,8.0
54727,1,2,130,5,1,60.0,0,N,MELB_URBAN,ROAD,10,16.0
54728,2,3,99,5,1,60.0,0,N,SMALL_CITIES,AVENUE,10,8.0
54729,4,2,171,5,1,100.0,0,N,MELB_URBAN,ROAD,10,14.0
54730,1,3,110,1,2,80.0,0,I,RURAL_VICTORIA,ROAD,10,7.0
54731,1,2,130,1,1,60.0,0,N,MELB_URBAN,ROAD,10,15.0
54732,1,2,160,5,1,60.0,0,N,MELB_URBAN,BOULEVARD,10,14.0
54733,8,6,184,5,1,80.0,0,N,RURAL_VICTORIA,ROAD,10,10.0
54734,1,2,132,5,1,60.0,0,N,LARGE_PROVINCIAL_CITIES,ROAD,10,8.0
54735,4,3,173,5,1,80.0,0,N,RURAL_VICTORIA,ROAD,10,9.0
54736,2,3,100,5,1,60.0,0,N,MELB_URBAN,ROAD,10,9.0
54737,1,3,132,2,1,50.0,0,I,SMALL_CITIES,OTHER,10,10.0
54738,1,3,132,2,1,60.0,0,I,MELB_URBAN,ROAD,10,8.0
54739,1,2,110,1,1,60.0,0,I,MELB_URBAN,ROAD,10,10.0
54740,4,6,171,5,1,80.0,0,N,RURAL_VICTORIA,ROAD,10,13.0
54741,1,3,130,5,1,50.0,0,N,MELB_URBAN,ROAD,10,7.0
54742,1,5,130,5,2,100.0,0,N,MELB_URBAN,FREEWAY,10,6.0
54743,1,3,130,5,1,100.0,0,N,RURAL_VICTORIA,ROAD,10,11.0
54744,1,3,120,5,1,60.0,0,N,MELB_URBAN,ROAD,10,12.0
54745,1,3,132,2,1,50.0,0,I,MELB_URBAN,DRIVE,10,11.0
54746,1,3,110,1,1,50.0,0,I,MELB_URBAN,AVENUE,10,14.0
54747,1,3,121,2,1,60.0,0,I,MELB_URBAN,PARADE,10,8.0
54748,1,7,130,5,1,100.0,0,N,MELB_URBAN,HIGHWAY,9,12.0
54749,1,2,121,1,1,60.0,0,I,MELB_URBAN,ROAD,10,14.0
54750,4,3,181,5,1,110.0,0,N,SMALL_CITIES,FREEWAY,10,14.0
54751,2,6,99,2,1,60.0,0,N,MELB_URBAN,ROAD,10,16.0
54752,1,6,163,5,9,40.0,0,N,MELB_URBAN,STREET,10,17.0
54753,1,5,121,5,1,60.0,0,N,SMALL_TOWNS,STREET,8,16.0
54754,1,3,121,4,1,80.0,0,I,MELB_URBAN,HIGHWAY,10,15.0
54755,1,5,121,1,3,60.0,0,I,MELB_URBAN,OTHER,10,20.0
54756,1,3,130,1,1,80.0,0,I,MELB_URBAN,ROAD,10,12.0
54757,4,3,173,5,1,60.0,0,N,RURAL_VICTORIA,FREEWAY,10,12.0
54758,4,1,171,1,3,60.0,0,N,MELB_URBAN,DRIVE,10,21.0
54759,1,3,121,1,2,60.0,0,I,RURAL_VICTORIA,ROAD,10,17.0
54760,6,7,99,5,9,100.0,0,N,RURAL_VICTORIA,OTHER,5,22.0
54761,4,3,171,5,1,80.0,0,N,RURAL_VICTORIA,ROAD,10,18.0
54762,1,3,113,2,1,80.0,0,I,SMALL_CITIES,ROAD,10,15.0
54763,4,3,99,2,2,50.0,0,I,MELB_URBAN,ROAD,10,17.0
54764,1,3,130,2,2,60.0,0,N,MELB_URBAN,DRIVE,10,17.0
54765,1,3,99,1,2,60.0,0,I,MELB_URBAN,OTHER,10,18.0
54766,1,3,160,5,1,100.0,0,N,MELB_URBAN,ROAD,10,16.0
54767,4,3,173,5,2,100.0,0,N,RURAL_VICTORIA,HIGHWAY,10,19.0
54768,6,3,174,1,2,60.0,0,I,MELB_URBAN,ROAD,10,19.0
54769,5,5,99,5,1,100.0,0,N,MELB_URBAN,UNKNOWN,11,13.0
54770,1,3,130,5,1,60.0,0,N,MELB_URBAN,STREET,10,16.0
54771,4,3,99,2,2,60.0,0,I,SMALL_TOWNS,AVENUE,10,18.0
54772,1,3,120,5,1,80.0,0,N,RURAL_VICTORIA,ROAD,10,15.0
54773,4,3,181,5,2,100.0,0,N,RURAL_VICTORIA,ROAD,10,17.0
54774,1,5,99,5,1,40.0,0,N,MELB_URBAN,STREET,10,16.0
54775,1,1,116,2,1,60.0,0,I,MELB_URBAN,ROAD,10,15.0
54776,3,4,167,5,2,100.0,0,N,RURAL_VICTORIA,ROAD,10,6.0
54777,1,3,99,5,1,80.0,0,N,MELB_URBAN,FREEWAY,10,6.0
54778,1,4,99,1,1,60.0,0,I,MELB_URBAN,ROAD,10,8.0
54779,1,4,110,1,2,60.0,0,I,MELB_URBAN,ROAD,10,7.0
54780,1,4,110,1,1,60.0,0,I,SMALL_CITIES,STREET,10,9.0
54781,1,4,113,2,1,50.0,0,I,MELB_URBAN,AVENUE,10,10.0
54782,1,3,130,5,2,80.0,0,N,MELB_URBAN,ROAD,10,7.0
54783,1,4,130,5,2,80.0,0,N,MELB_URBAN,FREEWAY,10,7.0
54784,1,2,121,5,1,60.0,0,N,MELB_URBAN,ROAD,10,15.0
54785,1,7,140,1,1,50.0,0,I,MELB_URBAN,STREET,10,12.0
54786,1,1,99,1,1,50.0,0,N,MELB_URBAN,ROAD,10,11.0
54787,1,2,134,5,1,60.0,0,N,SMALL_CITIES,STREET,10,11.0
54788,1,5,113,2,2,80.0,0,N,MELB_URBAN,HIGHWAY,10,20.0
54789,1,4,147,5,1,60.0,0,N,MELB_URBAN,STREET,10,15.0
54790,1,4,120,5,1,50.0,0,N,MELB_URBAN,AVENUE,10,16.0
54791,1,4,121,1,1,80.0,0,I,RURAL_VICTORIA,HIGHWAY,10,17.0
54792,5,4,99,5,2,110.0,0,N,RURAL_VICTORIA,OTHER,10,17.0
54793,1,4,121,1,2,40.0,0,I,MELB_URBAN,STREET,10,17.0
54794,1,4,130,5,2,100.0,0,N,MELB_URBAN,FREEWAY,10,17.0
54795,4,4,181,5,1,80.0,0,N,LARGE_PROVINCIAL_CITIES,HIGHWAY,10,15.0
54796,1,7,99,4,1,60.0,0,I,MELB_URBAN,STREET,10,8.0
54797,1,4,99,1,2,80.0,0,I,MELB_URBAN,HIGHWAY,10,18.0
54798,1,4,111,2,1,90.0,0,I,RURAL_VICTORIA,ROAD,10,15.0
54799,1,4,110,1,2,50.0,0,I,MELB_URBAN,STREET,10,18.0
54800,8,4,174,5,3,80.0,0,N,MELB_URBAN,ROAD,10,20.0
54801,1,4,99,1,2,70.0,0,I,MELB_URBAN,ROAD,10,17.0
54802,1,4,121,1,3,80.0,0,I,MELB_URBAN,DRIVE,10,20.0
54803,1,4,99,5,5,110.0,0,N,RURAL_VICTORIA,FREEWAY,10,22.0
54804,2,4,102,5,3,80.0,1,N,MELB_URBAN,OTHER,10,21.0
54805,1,5,113,2,1,100.0,0,I,RURAL_VICTORIA,HIGHWAY,10,16.0
54806,4,4,181,5,5,70.0,0,N,TOWNS,ROAD,10,23.0
54807,8,5,184,5,2,50.0,0,N,MELB_URBAN,BOULEVARD,10,17.0
54808,4,7,171,2,9,60.0,0,I,RURAL_VICTORIA,ROAD,10,12.0
54809,1,4,160,5,1,60.0,0,N,MELB_URBAN,ROAD,9,12.0
54810,1,3,116,1,3,70.0,0,I,MELB_URBAN,ROAD,7,20.0
54811,1,2,113,2,1,60.0,0,I,MELB_URBAN,STREET,10,9.0
54812,1,4,113,2,1,70.0,0,I,MELB_URBAN,ROAD,10,14.0
54813,4,4,173,5,1,90.0,0,N,RURAL_VICTORIA,ROAD,10,11.0
54814,8,5,99,5,1,80.0,0,N,RURAL_VICTORIA,ROAD,10,8.0
54815,1,5,110,1,2,50.0,0,I,MELB_URBAN,STREET,10,7.0
54816,6,7,174,2,1,100.0,0,I,RURAL_VICTORIA,ROAD,9,13.0
54817,1,5,121,2,2,80.0,0,I,SMALL_CITIES,HIGHWAY,10,6.0
54818,1,3,130,5,2,60.0,0,N,MELB_URBAN,ROAD,10,17.0
54819,2,5,100,1,1,60.0,0,I,MELB_URBAN,BOULEVARD,10,8.0
54820,1,5,147,5,1,60.0,0,N,MELB_URBAN,ROAD,10,8.0
54821,1,4,113,2,1,60.0,0,I,LARGE_PROVINCIAL_CITIES,STREET,10,9.0
54822,4,3,171,5,1,100.0,0,N,RURAL_VICTORIA,HIGHWAY,10,16.0
54823,1,4,160,5,2,60.0,0,N,MELB_URBAN,PARADE,10,20.0
54824,6,5,99,5,1,100.0,0,N,RURAL_VICTORIA,HIGHWAY,10,8.0
54825,1,5,113,1,1,50.0,0,I,MELB_URBAN,OTHER,10,9.0
54826,1,5,160,5,1,50.0,0,N,MELB_URBAN,ROAD,10,7.0
54827,1,5,163,5,1,40.0,0,N,MELB_URBAN,STREET,10,8.0
54828,4,5,99,5,2,80.0,1,N,MELB_URBAN,ROAD,10,7.0
54829,8,5,174,2,1,60.0,0,N,MELB_URBAN,ROAD,10,11.0
54830,1,5,130,1,1,70.0,0,I,MELB_URBAN,ROAD,10,8.0
54831,1,5,130,5,1,60.0,0,N,MELB_URBAN,STREET,10,13.0
54832,4,5,183,5,2,100.0,0,N,RURAL_VICTORIA,HIGHWAY,10,7.0
54833,1,5,135,5,1,80.0,0,N,MELB_URBAN,ROAD,10,13.0
54834,8,4,184,5,1,100.0,0,N,RURAL_VICTORIA,ROAD,10,16.0
54835,1,5,132,2,1,50.0,0,I,MELB_URBAN,STREET,10,15.0
54836,1,5,130,5,1,40.0,0,N,MELB_URBAN,STREET,10,14.0
54837,1,5,130,5,1,80.0,0,N,MELB_URBAN,ROAD,10,15.0
54838,4,3,173,5,1,100.0,0,N,RURAL_VICTORIA,HIGHWAY,9,14.0
54839,1,5,121,2,1,60.0,0,I,MELB_URBAN,ROAD,10,15.0
54840,1,3,130,1,1,80.0,0,I,MELB_URBAN,HIGHWAY,10,8.0
54841,1,4,121,2,1,50.0,0,I,TOWNS,STREET,10,15.0
54842,2,5,102,1,2,50.0,0,I,LARGE_PROVINCIAL_CITIES,STREET,10,18.0
54843,1,5,134,5,1,60.0,0,N,MELB_URBAN,DRIVE,10,16.0
54844,1,5,121,2,2,60.0,0,I,MELB_URBAN,ROAD,10,18.0
54845,1,5,135,5,1,100.0,0,N,MELB_URBAN,FREEWAY,10,16.0
54846,6,5,170,2,2,60.0,0,N,MELB_URBAN,STREET,10,17.0
54847,2,5,99,5,2,50.0,0,N,MELB_URBAN,STREET,10,18.0
54848,1,5,130,1,1,60.0,0,I,MELB_URBAN,STREET,10,11.0
54849,1,4,120,5,1,100.0,0,N,RURAL_VICTORIA,HIGHWAY,10,13.0
54850,4,5,183,5,2,60.0,0,N,RURAL_VICTORIA,ROAD,10,18.0
54851,4,5,171,5,3,100.0,0,N,MELB_URBAN,FREEWAY,10,21.0
54852,3,5,167,5,5,100.0,0,N,RURAL_VICTORIA,ROAD,10,21.0
54853,4,6,183,2,3,60.0,0,N,LARGE_PROVINCIAL_CITIES,PARADE,10,0.0
54854,1,5,140,5,3,60.0,0,N,MELB_URBAN,STREET,10,21.0
54855,4,5,183,5,3,50.0,0,N,MELB_URBAN,OTHER,10,23.0
54856,4,6,171,5,3,50.0,0,N,TOWNS,STREET,10,3.0
54857,1,2,134,5,1,80.0,0,N,MELB_URBAN,ROAD,10,16.0
54858,1,5,121,1,2,60.0,0,I,MELB_URBAN,STREET,10,17.0
54859,1,2,130,5,1,100.0,0,N,MELB_URBAN,ROAD,10,7.0
54860,8,7,184,5,1,60.0,0,N,SMALL_TOWNS,ROAD,10,16.0
54861,1,3,130,4,1,60.0,0,I,MELB_URBAN,ROAD,10,16.0
54862,6,6,99,5,1,80.0,0,N,RURAL_VICTORIA,ROAD,8,17.0
54863,1,6,113,2,1,60.0,0,I,RURAL_VICTORIA,ROAD,10,10.0
54864,6,3,174,5,1,60.0,0,N,RURAL_VICTORIA,ROAD,10,15.0
54865,1,5,135,5,1,100.0,0,N,RURAL_VICTORIA,FREEWAY,10,12.0
54866,4,5,171,5,2,60.0,0,N,MELB_URBAN,ROAD,10,7.0
54867,1,6,121,1,1,50.0,0,I,SMALL_CITIES,STREET,10,12.0
54868,1,6,121,5,1,60.0,0,N,MELB_URBAN,ROAD,10,15.0
54869,4,6,171,5,1,60.0,0,N,MELB_URBAN,ROAD,10,13.0
54870,5,6,99,5,1,100.0,0,N,RURAL_VICTORIA,ROAD,10,13.0
54871,1,5,130,2,1,60.0,0,I,MELB_URBAN,ROAD,10,7.0
54872,8,3,174,1,2,50.0,0,I,MELB_URBAN,STREET,8,6.0
54873,1,4,130,1,2,70.0,0,I,MELB_URBAN,ROAD,10,18.0
54874,2,7,100,1,6,40.0,0,I,MELBOURNE_CBD,STREET,9,4.0
54875,1,6,160,5,1,60.0,0,N,MELB_URBAN,ROAD,10,14.0
54876,1,6,130,5,1,80.0,0,N,RURAL_VICTORIA,HIGHWAY,10,15.0
54877,4,6,181,5,1,100.0,0,N,RURAL_VICTORIA,ROAD,10,13.0
54878,1,6,110,1,1,100.0,1,I,RURAL_VICTORIA,ROAD,10,12.0
54879,1,5,111,1,9,60.0,0,I,MELB_URBAN,UNKNOWN,10,0.0
54880,1,6,130,1,1,80.0,0,I,MELB_URBAN,ROAD,10,15.0
54881,1,6,121,5,1,70.0,0,N,MELB_URBAN,ROAD,10,15.0
54882,2,6,99,5,1,50.0,0,N,MELB_URBAN,ROAD,10,16.0