,accident_type,day_of_week,dca_code,road_geometry,light_condition,speed_zone,severity,node_type,deg_urban_name,road_type,month,hour
54883,1,2,132,5,3,60.0,0,N,LARGE_PROVINCIAL_CITIES,ROAD,9,20.0
54884,1,6,134,5,1,100.0,0,N,MELB_URBAN,FREEWAY,10,15.0
54885,1,6,116,2,2,50.0,0,I,MELB_URBAN,ROAD,10,18.0
54886,1,6,160,5,2,50.0,0,N,MELB_URBAN,ROAD,10,18.0
54887,4,6,181,5,1,100.0,0,N,RURAL_VICTORIA,ROAD,10,16.0
54888,1,6,113,1,2,50.0,0,I,SMALL_CITIES,BOULEVARD,10,18.0
54889,1,5,121,1,3,70.0,0,I,MELB_URBAN,ROAD,10,21.0
54890,1,6,130,1,1,70.0,0,I,MELB_URBAN,ROAD,10,18.0
54891,1,6,99,1,2,100.0,0,I,TOWNS,HIGHWAY,10,18.0
54892,1,5,130,4,2,60.0,0,I,MELB_URBAN,ROAD,10,18.0
54893,1,6,134,5,2,100.0,0,N,MELB_URBAN,FREEWAY,10,18.0
54894,1,6,130,5,2,80.0,0,I,MELB_URBAN,HIGHWAY,10,18.0
54895,2,5,99,5,2,60.0,0,N,MELB_URBAN,ROAD,10,17.0
54896,2,6,100,1,3,80.0,0,I,MELB_URBAN,HIGHWAY,10,21.0
54897,1,5,110,1,3,60.0,0,I,MELB_URBAN,STREET,10,20.0
54898,2,7,100,1,3,40.0,0,I,MELBOURNE_CBD,STREET,10,0.0
54899,1,6,121,2,2,60.0,0,I,MELB_URBAN,STREET,10,18.0
54900,1,5,121,2,1,60.0,0,I,MELB_URBAN,STREET,10,11.0
54901,1,7,160,1,3,60.0,0,I,MELB_URBAN,STREET,10,1.0
54902,1,3,121,1,1,60.0,0,I,MELB_URBAN,STREET,8,8.0
54903,6,6,99,5,5,100.0,0,N,RURAL_VICTORIA,ROAD,10,23.0
54904,4,7,183,5,3,50.0,0,N,MELB_URBAN,ROAD,10,2.0
54905,1,5,133,5,3,60.0,0,N,MELB_URBAN,HIGHWAY,10,20.0
54906,8,1,99,5,1,60.0,0,N,RURAL_VICTORIA,OTHER,10,10.0
54907,1,7,171,5,3,80.0,0,N,MELB_URBAN,FREEWAY,10,3.0
54908,2,6,102,1,1,40.0,0,I,MELB_URBAN,STREET,10,9.0
54909,4,6,181,2,3,60.0,0,I,MELB_URBAN,OTHER,10,2.0
54910,1,7,116,2,2,60.0,0,I,MELB_URBAN,ROAD,10,7.0
54911,1,7,99,5,2,100.0,0,N,RURAL_VICTORIA,ROAD,10,7.0
54912,1,7,120,5,2,70.0,0,N,MELB_URBAN,ROAD,10,6.0
54913,4,6,181,5,5,100.0,0,I,RURAL_VICTORIA,ROAD,10,20.0
54914,1,7,130,5,1,60.0,0,N,MELB_URBAN,ROAD,10,8.0
54915,2,7,99,5,1,50.0,0,N,SMALL_CITIES,ROAD,10,9.0
54916,1,6,133,5,6,50.0,0,N,MELB_URBAN,ROAD,10,20.0
54917,1,7,140,5,1,50.0,0,N,MELB_URBAN,DRIVE,10,9.0
54918,2,7,100,5,1,40.0,0,N,MELB_URBAN,STREET,10,10.0
54919,4,7,181,5,1,100.0,0,N,RURAL_VICTORIA,ROAD,10,10.0
54920,1,5,130,5,2,60.0,0,N,MELB_URBAN,ROAD,10,17.0
54921,4,6,181,5,1,100.0,0,N,RURAL_VICTORIA,ROAD,10,11.0
54922,1,7,116,2,1,100.0,0,I,RURAL_VICTORIA,ROAD,10,9.0
54923,6,1,99,5,1,60.0,0,N,RURAL_VICTORIA,ROAD,10,12.0
54924,2,7,99,5,1,60.0,0,N,MELB_URBAN,HIGHWAY,10,12.0
54925,8,7,99,5,1,100.0,0,N,RURAL_VICTORIA,ROAD,10,12.0
54926,4,7,181,5,1,80.0,0,N,RURAL_VICTORIA,HIGHWAY,10,10.0
54927,1,7,120,2,1,60.0,0,N,MELB_URBAN,ROAD,10,12.0
54928,1,7,120,5,1,70.0,0,N,MELB_URBAN,ROAD,10,11.0
54929,1,7,120,2,1,60.0,0,I,MELB_URBAN,ROAD,10,11.0
54930,4,7,171,4,1,80.0,0,N,MELB_URBAN,ROAD,10,13.0
54931,1,7,130,5,1,100.0,0,N,MELB_URBAN,UNKNOWN,10,10.0
54932,4,7,171,1,1,60.0,0,I,SMALL_CITIES,STREET,10,13.0
54933,4,7,181,5,1,100.0,0,N,RURAL_VICTORIA,ROAD,10,14.0
54934,1,6,133,4,1,60.0,0,I,MELB_URBAN,ROAD,10,14.0
54935,1,2,130,1,2,60.0,0,I,MELB_URBAN,ROAD,10,19.0
54936,2,5,102,5,2,40.0,0,N,MELB_URBAN,STREET,10,17.0
54937,1,5,121,2,1,40.0,0,I,MELB_URBAN,STREET,10,12.0
54938,6,7,174,5,5,60.0,0,N,RURAL_VICTORIA,ROAD,10,1.0
54939,1,7,130,5,1,60.0,0,N,MELB_URBAN,ROAD,10,10.0
54940,1,7,132,2,1,60.0,0,I,MELB_URBAN,ROAD,10,15.0
54941,1,6,113,1,1,80.0,0,I,MELB_URBAN,HIGHWAY,10,17.0
54942,4,7,181,5,2,100.0,0,N,RURAL_VICTORIA,ROAD,10,18.0
54943,4,7,173,5,2,80.0,0,N,RURAL_VICTORIA,ROAD,10,17.0
54944,4,7,181,5,2,60.0,0,N,MELB_URBAN,ROAD,10,17.0
54945,1,6,140,2,2,60.0,0,I,MELB_URBAN,STREET,10,17.0
54946,1,7,147,2,2,70.0,0,I,MELB_URBAN,ROAD,10,19.0
54947,6,7,99,5,1,100.0,0,N,RURAL_VICTORIA,HIGHWAY,10,16.0
54948,1,7,113,4,2,80.0,0,I,TOWNS,ROAD,10,18.0
54949,1,1,110,1,3,70.0,0,I,MELB_URBAN,ROAD,11,0.0
54950,1,1,140,5,3,40.0,0,N,MELB_URBAN,STREET,11,1.0
54951,8,1,174,5,3,80.0,0,N,MELB_URBAN,HIGHWAY,11,1.0
54952,4,7,181,5,5,80.0,0,N,RURAL_VICTORIA,ROAD,10,22.0
54953,4,1,171,2,3,80.0,0,I,MELB_URBAN,ROAD,11,1.0
54954,4,1,171,2,3,40.0,0,N,MELB_URBAN,AVENUE,11,1.0
54955,1,6,113,2,1,60.0,0,I,MELB_URBAN,ROAD,10,13.0
54956,1,1,160,5,2,100.0,0,N,MELB_URBAN,ROAD,11,6.0
54957,1,5,99,5,1,80.0,0,N,MELB_URBAN,HIGHWAY,10,12.0
54958,1,6,121,2,1,50.0,0,N,MELB_URBAN,STREET,10,9.0
54959,7,1,99,5,1,60.0,0,N,MELB_URBAN,DRIVE,10,15.0
54960,6,1,174,5,1,60.0,0,N,MELB_URBAN,ROAD,11,10.0
54961,1,1,130,5,1,60.0,0,N,MELB_URBAN,ROAD,11,11.0
54962,1,1,110,1,1,80.0,0,I,MELB_URBAN,ROAD,11,8.0
54963,1,1,99,5,1,60.0,0,N,MELB_URBAN,OTHER,11,12.0
54964,4,1,171,5,3,50.0,0,N,MELB_URBAN,AVENUE,11,0.0
54965,2,7,100,1,1,50.0,0,I,LARGE_PROVINCIAL_CITIES,STREET,10,10.0
54966,1,1,130,2,2,60.0,0,I,MELB_URBAN,FREEWAY,10,18.0
54967,1,1,130,2,1,60.0,0,I,SMALL_TOWNS,HIGHWAY,11,10.0
54968,4,1,173,5,1,100.0,0,N,RURAL_VICTORIA,ROAD,11,12.0
54969,8,1,174,5,1,100.0,0,N,RURAL_VICTORIA,ROAD,11,15.0
54970,1,1,120,5,1,70.0,0,N,MELB_URBAN,HIGHWAY,11,15.0
54971,1,4,130,5,1,100.0,0,N,MELB_URBAN,ROAD,10,8.0
54972,1,0,130,1,1,80.0,0,I,MELB_URBAN,HIGHWAY,11,16.0
54973,4,1,171,5,1,50.0,0,N,MELB_URBAN,OTHER,11,15.0
54974,1,1,113,2,1,60.0,0,I,LARGE_PROVINCIAL_CITIES,STREET,11,16.0
54975,1,3,130,2,1,60.0,0,I,MELB_URBAN,ROAD,10,10.0
54976,1,1,99,5,1,80.0,0,N,RURAL_VICTORIA,ROAD,11,15.0
54977,4,1,181,5,1,60.0,0,N,RURAL_VICTORIA,ROAD,11,17.0
54978,8,1,99,5,1,60.0,0,N,TOWNS,ROAD,11,18.0
54979,1,1,130,2,1,80.0,0,I,MELB_URBAN,ROAD,11,15.0
54980,1,1,121,2,3,60.0,0,I,TOWNS,HIGHWAY,11,21.0
54981,1,7,130,1,2,60.0,0,I,MELB_URBAN,AVENUE,10,19.0
54982,4,1,183,2,5,80.0,0,I,RURAL_VICTORIA,ROAD,11,21.0
54983,1,1,147,5,1,70.0,0,N,MELB_URBAN,ROAD,11,15.0
54984,1,1,113,2,3,70.0,0,I,MELB_URBAN,ROAD,11,23.0
54985,2,2,99,5,3,60.0,0,N,MELB_URBAN,ROAD,11,2.0
54986,4,1,181,2,1,50.0,0,I,MELB_URBAN,ROAD,11,14.0
54987,1,2,110,1,1,60.0,0,I,MELB_URBAN,STREET,11,8.0
54988,4,6,173,5,3,60.0,0,N,LARGE_PROVINCIAL_CITIES,STREET,10,22.0
54989,1,7,110,1,1,80.0,0,I,MELB_URBAN,HIGHWAY,9,12.0
54990,1,2,121,1,2,80.0,0,I,MELB_URBAN,HIGHWAY,11,7.0
54991,8,1,174,5,2,80.0,0,N,RURAL_VICTORIA,ROAD,11,19.0
54992,1,2,99,1,2,60.0,0,I,RURAL_VICTORIA,ROAD,11,8.0
54993,4,7,183,2,1,60.0,0,N,MELB_URBAN,ROAD,10,11.0
54994,2,2,102,1,1,50.0,0,N,TOWNS,STREET,11,8.0
54995,1,0,130,5,1,100.0,0,N,RURAL_VICTORIA,ROAD,11,13.0
54996,4,2,173,1,1,80.0,0,I,LARGE_PROVINCIAL_CITIES,HIGHWAY,11,9.0
54997,1,5,130,5,1,60.0,0,N,MELB_URBAN,HIGHWAY,2,15.0
54998,6,2,99,5,1,100.0,0,N,MELB_URBAN,ROAD,11,10.0
54999,5,2,99,2,1,40.0,0,N,TOWNS,STREET,11,9.0
55000,1,6,130,2,1,60.0,0,I,MELB_URBAN,PARADE,10,11.0
55001,1,2,120,5,1,60.0,0,N,RURAL_VICTORIA,ROAD,11,13.0
55002,6,2,99,5,1,100.0,0,N,RURAL_VICTORIA,HIGHWAY,11,10.0
55003,1,2,160,5,1,50.0,0,N,MELB_URBAN,DRIVE,11,14.0
55004,1,2,147,5,1,60.0,0,N,MELB_URBAN,STREET,11,15.0
55005,1,2,99,1,1,70.0,0,I,LARGE_PROVINCIAL_CITIES,HIGHWAY,11,17.0
55006,1,1,133,1,1,60.0,0,N,MELB_URBAN,PARADE,11,8.0
55007,6,4,99,5,1,100.0,0,N,RURAL_VICTORIA,ROAD,10,10.0
55008,5,1,99,5,6,60.0,0,N,LARGE_PROVINCIAL_CITIES,ROAD,11,5.0
55009,1,2,130,1,1,60.0,0,I,MELB_URBAN,PARADE,10,16.0
55010,1,6,130,5,2,100.0,0,N,MELB_URBAN,FREEWAY,10,18.0
55011,4,1,181,5,1,80.0,0,N,RURAL_VICTORIA,ROAD,11,17.0
55012,1,2,130,2,1,80.0,0,I,MELB_URBAN,HIGHWAY,11,13.0
55013,1,2,113,2,1,80.0,0,I,MELB_URBAN,ROAD,11,14.0
55014,5,2,99,5,2,100.0,0,N,SMALL_TOWNS,FREEWAY,11,19.0
55015,4,2,99,5,1,100.0,1,N,RURAL_VICTORIA,ROAD,11,18.0
55016,2,7,102,5,1,60.0,0,N,MELB_URBAN,STREET,9,15.0
55017,1,2,120,5,1,80.0,0,N,RURAL_VICTORIA,ROAD,11,17.0
55018,2,2,100,5,3,60.0,0,N,MELB_URBAN,AVENUE,11,21.0
55019,4,2,183,5,1,80.0,0,N,RURAL_VICTORIA,ROAD,11,14.0
55020,2,2,102,2,3,70.0,0,I,MELB_URBAN,HIGHWAY,11,21.0
55021,4,2,173,5,3,60.0,0,N,TOWNS,OTHER,11,22.0
55022,1,6,130,5,2,60.0,0,N,MELB_URBAN,ROAD,10,17.0
55023,2,3,99,5,5,80.0,0,N,LARGE_PROVINCIAL_CITIES,HIGHWAY,11,3.0
55024,1,4,135,5,1,80.0,0,N,MELB_URBAN,FREEWAY,10,18.0
55025,6,3,99,5,5,60.0,0,N,RURAL_VICTORIA,OTHER,10,21.0
55026,6,3,99,5,3,60.0,0,N,MELB_URBAN,STREET,10,23.0
55027,2,6,100,2,2,50.0,0,I,MELB_URBAN,STREET,10,17.0
55028,2,2,99,5,1,50.0,0,N,MELB_URBAN,STREET,9,13.0
55029,4,6,99,5,9,60.0,0,N,RURAL_VICTORIA,AVENUE,9,8.0
55030,4,2,171,5,2,80.0,0,N,RURAL_VICTORIA,ROAD,11,19.0
55031,1,3,130,5,1,70.0,0,I,MELB_URBAN,ROAD,11,9.0
55032,1,6,147,5,1,70.0,0,N,MELB_URBAN,ROAD,9,14.0
55033,1,3,171,5,1,100.0,0,N,MELB_URBAN,FREEWAY,11,10.0
55034,8,2,174,1,1,60.0,0,I,MELB_URBAN,ROAD,10,8.0
55035,8,7,99,5,1,80.0,0,N,RURAL_VICTORIA,ROAD,10,14.0
55036,1,3,110,1,1,50.0,0,I,MELB_URBAN,ROAD,11,11.0
55037,2,3,99,5,1,50.0,0,N,LARGE_PROVINCIAL_CITIES,OTHER,11,12.0
55038,4,1,183,5,3,60.0,0,N,MELB_URBAN,ROAD,11,22.0
55039,1,3,121,2,1,40.0,0,I,MELB_URBAN,STREET,11,11.0
55040,6,3,99,5,1,100.0,0,N,RURAL_VICTORIA,HIGHWAY,11,12.0
55041,1,2,121,1,1,70.0,0,I,LARGE_PROVINCIAL_CITIES,ROAD,11,15.0
55042,1,3,121,1,1,60.0,0,I,MELB_URBAN,HIGHWAY,11,14.0
55043,2,6,99,5,2,60.0,0,N,TOWNS,ROAD,10,18.0
55044,1,3,132,2,2,60.0,0,N,MELB_URBAN,STREET,7,8.0
55045,4,3,181,5,1,60.0,0,N,MELB_URBAN,DRIVE,11,15.0
55046,1,2,121,1,1,50.0,0,I,MELB_URBAN,ROAD,11,11.0
55047,1,3,130,1,1,80.0,0,I,MELB_URBAN,HIGHWAY,11,13.0
55048,2,3,100,1,1,40.0,0,I,MELB_URBAN,ROAD,11,14.0
55049,1,3,99,5,1,60.0,0,N,LARGE_PROVINCIAL_CITIES,STREET,11,15.0
55050,4,2,171,5,2,60.0,0,N,MELB_URBAN,ROAD,11,7.0
55051,4,4,171,5,3,70.0,0,N,MELB_URBAN,ROAD,10,21.0
55052,1,3,99,1,2,60.0,0,I,MELB_URBAN,STREET,11,19.0
55053,1,1,110,1,1,60.0,0,I,MELB_URBAN,ROAD,11,14.0
55054,1,2,110,1,1,50.0,0,I,MELB_URBAN,STREET,11,15.0
55055,4,3,171,2,3,80.0,0,I,SMALL_CITIES,ROAD,11,23.0
55056,1,3,130,5,1,80.0,0,N,MELB_URBAN,OTHER,10,16.0
55057,1,4,160,5,3,60.0,0,N,MELB_URBAN,ROAD,11,0.0
55058,1,4,160,5,2,60.0,0,N,SMALL_CITIES,ROAD,11,5.0
55059,1,7,130,5,2,80.0,0,N,MELB_URBAN,ROAD,10,17.0
55060,1,5,116,1,1,50.0,0,I,MELB_URBAN,STREET,10,8.0
55061,6,4,174,2,1,50.0,0,I,MELB_URBAN,OTHER,11,7.0
55062,8,7,174,2,1,60.0,0,N,MELB_URBAN,ROAD,3,12.0
55063,1,4,99,1,1,50.0,0,I,MELB_URBAN,ROAD,11,9.0
55064,1,3,99,5,9,50.0,0,N,LARGE_PROVINCIAL_CITIES,STREET,10,19.0
55065,4,4,181,5,1,100.0,0,N,RURAL_VICTORIA,ROAD,11,8.0
55066,1,4,113,2,1,60.0,0,N,MELB_URBAN,ROAD,11,8.0
55067,1,2,133,5,1,80.0,0,N,MELB_URBAN,ROAD,10,16.0
55068,2,4,100,1,1,40.0,0,I,LARGE_PROVINCIAL_CITIES,STREET,11,9.0
55069,2,4,99,5,1,60.0,0,N,MELB_URBAN,ROAD,11,10.0
55070,1,4,134,1,1,60.0,0,I,MELB_URBAN,ROAD,11,11.0
55071,1,3,130,2,1,100.0,0,I,TOWNS,ROAD,11,13.0
55072,6,1,184,5,1,100.0,0,N,RURAL_VICTORIA,ROAD,11,15.0
55073,1,1,130,5,3,70.0,0,N,MELB_URBAN,ROAD,7,20.0
55074,1,3,99,5,1,50.0,0,N,MELB_URBAN,PARADE,11,17.0
55075,1,4,99,5,1,50.0,0,N,MELB_URBAN,AVENUE,11,11.0
55076,1,3,133,5,1,80.0,0,N,MELB_URBAN,HIGHWAY,11,14.0
55077,1,4,120,5,1,100.0,0,N,MELB_URBAN,ROAD,11,10.0
55078,1,5,132,2,1,80.0,0,I,RURAL_VICTORIA,ROAD,10,12.0
55079,1,4,121,2,1,70.0,0,I,MELB_URBAN,ROAD,11,12.0
55080,1,4,113,1,1,50.0,0,I,MELB_URBAN,AVENUE,11,8.0
55081,4,4,173,5,1,100.0,0,N,RURAL_VICTORIA,ROAD,11,13.0
55082,1,1,130,5,1,60.0,0,I,MELB_URBAN,RAMP,10,16.0
55083,1,2,130,5,1,60.0,0,N,MELB_URBAN,ROAD,10,8.0
55084,1,4,130,5,2,60.0,0,N,LARGE_PROVINCIAL_CITIES,STREET,10,18.0
55085,1,4,113,2,1,60.0,0,N,LARGE_PROVINCIAL_CITIES,ROAD,11,14.0
55086,4,4,171,5,1,80.0,0,N,RURAL_VICTORIA,ROAD,11,8.0
55087,1,7,130,5,1,60.0,0,N,MELB_URBAN,ROAD,9,11.0
55088,8,2,174,5,1,60.0,0,N,RURAL_VICTORIA,ROAD,11,10.0
55089,2,4,100,2,1,40.0,0,I,MELB_URBAN,STREET,11,16.0
55090,8,4,174,5,1,40.0,0,N,MELB_URBAN,STREET,11,17.0
55091,1,4,120,5,1,50.0,0,N,MELB_URBAN,AVENUE,11,15.0
55092,5,1,99,5,1,60.0,0,N,RURAL_VICTORIA,OTHER,11,14.0
55093,1,3,140,1,1,60.0,0,I,SMALL_CITIES,ROAD,11,16.0
55094,1,4,130,5,1,80.0,0,N,RURAL_VICTORIA,ROAD,11,15.0
55095,6,4,99,5,1,100.0,0,N,RURAL_VICTORIA,HIGHWAY,11,14.0
55096,4,4,171,5,1,100.0,0,N,RURAL_VICTORIA,ROAD,11,18.0
55097,1,4,130,5,2,100.0,0,N,MELB_URBAN,UNKNOWN,11,19.0
55098,8,6,99,1,2,40.0,0,I,MELB_URBAN,STREET,10,18.0
55099,1,4,147,5,1,60.0,0,N,LARGE_PROVINCIAL_CITIES,STREET,11,15.0
55100,1,3,99,1,1,60.0,0,I,SMALL_CITIES,STREET,11,17.0
55101,1,3,120,5,3,60.0,0,N,MELB_URBAN,ROAD,11,21.0
55102,4,4,173,5,5,100.0,0,N,RURAL_VICTORIA,ROAD,11,20.0
55103,8,5,174,5,1,60.0,0,I,MELB_URBAN,STREET,10,12.0
55104,1,4,113,1,3,40.0,0,I,MELB_URBAN,STREET,11,21.0
55105,1,4,121,2,1,60.0,0,I,MELB_URBAN,ROAD,11,16.0
55106,1,3,121,1,3,40.0,0,I,MELB_URBAN,STREET,11,22.0
55107,2,4,100,1,3,40.0,0,I,MELB_URBAN,OTHER,11,23.0
55108,1,7,134,5,1,100.0,0,N,MELB_URBAN,FREEWAY,10,10.0
55109,4,4,171,4,3,70.0,0,I,RURAL_VICTORIA,ROAD,11,22.0
55110,1,5,99,2,9,60.0,0,N,MELB_URBAN,STREET,10,6.0
55111,2,5,100,2,2,60.0,0,I,MELB_URBAN,ROAD,11,6.0
55112,5,1,99,5,1,60.0,0,N,RURAL_VICTORIA,OTHER,11,10.0
55113,4,5,171,5,2,110.0,0,N,RURAL_VICTORIA,FREEWAY,11,7.0
55114,1,5,110,1,2,50.0,0,I,MELB_URBAN,STREET,11,7.0
55115,4,5,181,5,1,100.0,0,N,RURAL_VICTORIA,ROAD,11,8.0
55116,1,5,130,4,1,80.0,0,N,MELB_URBAN,ROAD,11,7.0
55117,1,4,140,5,1,100.0,0,N,RURAL_VICTORIA,ROAD,11,9.0
55118,1,5,130,5,1,40.0,0,N,MELB_URBAN,STREET,11,8.0
55119,4,7,171,5,1,80.0,0,N,RURAL_VICTORIA,HIGHWAY,10,10.0
55120,1,5,130,1,1,80.0,0,N,MELB_URBAN,ROAD,11,10.0
55121,6,5,174,4,1,50.0,0,I,LARGE_PROVINCIAL_CITIES,ROAD,11,9.0
55122,2,5,99,5,1,50.0,0,N,LARGE_PROVINCIAL_CITIES,HIGHWAY,11,10.0
55123,1,5,110,1,1,60.0,0,I,MELB_URBAN,ROAD,11,10.0
55124,4,5,181,5,1,100.0,0,N,RURAL_VICTORIA,HIGHWAY,11,9.0
55125,1,5,130,5,1,100.0,0,N,MELB_URBAN,FREEWAY,11,10.0
55126,1,4,140,1,1,60.0,0,I,MELB_URBAN,STREET,11,12.0
55127,4,4,181,5,1,100.0,0,N,RURAL_VICTORIA,ROAD,11,17.0
55128,1,5,113,2,1,60.0,0,I,MELB_URBAN,ROAD,11,10.0
55129,1,5,160,5,1,50.0,0,N,MELB_URBAN,DRIVE,11,10.0
55130,4,4,181,5,1,100.0,0,N,MELB_URBAN,ROAD,11,12.0
55131,1,4,130,1,1,80.0,0,I,MELB_URBAN,ROAD,11,13.0
55132,1,5,121,2,1,60.0,0,I,MELB_URBAN,RAMP,9,13.0
55133,1,5,160,5,1,60.0,0,N,MELB_URBAN,ROAD,11,8.0
55134,1,5,121,2,1,60.0,0,I,MELB_URBAN,ROAD,11,13.0
55135,6,7,184,5,1,50.0,0,N,RURAL_VICTORIA,ROAD,10,10.0
55136,1,5,134,1,1,80.0,0,I,RURAL_VICTORIA,HIGHWAY,11,11.0
55137,2,5,100,1,1,40.0,0,I,SMALL_CITIES,STREET,11,14.0
55138,7,4,99,2,1,60.0,0,I,MELB_URBAN,BOULEVARD,9,10.0
55139,1,4,135,5,3,80.0,0,N,MELB_URBAN,FREEWAY,11,20.0
55140,1,3,130,2,2,50.0,0,N,MELB_URBAN,STREET,11,18.0
55141,2,5,99,5,1,60.0,0,N,SMALL_CITIES,ROAD,11,14.0
55142,1,4,121,4,3,60.0,0,I,MELB_URBAN,RAMP,11,20.0
55143,1,3,140,5,2,70.0,0,N,MELB_URBAN,ROAD,7,18.0
55144,1,5,121,5,1,80.0,0,N,MELB_URBAN,ROAD,11,15.0
55145,2,7,99,5,3,50.0,0,N,SMALL_CITIES,STREET,10,0.0
55146,1,4,130,2,1,70.0,0,I,LARGE_PROVINCIAL_CITIES,OTHER,11,13.0
55147,2,1,99,5,2,60.0,0,N,SMALL_TOWNS,STREET,11,19.0
55148,4,5,183,5,1,100.0,0,N,RURAL_VICTORIA,ROAD,11,17.0
55149,1,5,113,1,1,60.0,0,I,LARGE_PROVINCIAL_CITIES,STREET,11,17.0
55150,1,4,110,1,1,50.0,0,I,MELB_URBAN,STREET,11,16.0
55151,1,5,130,1,1,80.0,0,I,MELB_URBAN,ROAD,11,16.0
55152,1,5,113,2,1,80.0,0,I,RURAL_VICTORIA,ROAD,11,17.0
55153,8,2,184,5,1,60.0,0,N,RURAL_VICTORIA,ROAD,4,15.0
55154,1,5,113,2,1,60.0,0,I,MELB_URBAN,ROAD,11,9.0
55155,7,3,99,5,6,50.0,0,N,MELB_URBAN,STREET,9,22.0
55156,2,4,99,5,1,50.0,0,N,LARGE_PROVINCIAL_CITIES,OTHER,11,16.0
55157,2,5,102,5,2,50.0,0,N,MELB_URBAN,OTHER,11,19.0
55158,1,4,130,1,1,50.0,0,I,MELB_URBAN,ROAD,11,17.0
55159,1,5,130,5,6,70.0,0,N,MELB_URBAN,STREET,10,22.0
55160,4,5,173,5,3,70.0,0,N,MELB_URBAN,ROAD,11,20.0
55161,1,4,110,1,2,70.0,0,I,MELB_URBAN,ROAD,11,5.0
55162,1,7,121,1,1,80.0,0,I,MELB_URBAN,OTHER,10,7.0
55163,4,5,99,5,1,50.0,0,N,LARGE_PROVINCIAL_CITIES,STREET,11,14.0
55164,1,3,130,5,1,60.0,0,N,MELB_URBAN,HIGHWAY,11,10.0
55165,4,7,171,2,1,70.0,0,I,MELB_URBAN,ROAD,10,10.0
55166,8,6,170,1,2,60.0,0,I,MELB_URBAN,STREET,10,18.0
55167,7,3,99,2,1,60.0,0,I,MELB_URBAN,ROAD,10,15.0
55168,1,6,130,2,1,60.0,0,I,MELB_URBAN,STREET,11,9.0
55169,8,6,174,5,1,40.0,0,N,MELB_URBAN,STREET,11,10.0
55170,1,2,130,5,1,60.0,0,N,LARGE_PROVINCIAL_CITIES,STREET,10,8.0
55171,1,1,113,2,1,60.0,0,I,MELB_URBAN,ROAD,2,15.0
55172,2,6,100,2,1,50.0,0,I,MELB_URBAN,ROAD,11,12.0
55173,1,5,130,1,1,60.0,0,I,LARGE_PROVINCIAL_CITIES,STREET,11,15.0
55174,1,4,99,1,1,60.0,0,I,MELB_URBAN,ROAD,11,16.0
55175,1,4,132,1,6,40.0,0,N,MELB_URBAN,ROAD,10,22.0
55176,8,6,99,5,1,70.0,0,N,MELB_URBAN,ROAD,9,13.0
55177,4,6,171,5,1,50.0,0,N,MELB_URBAN,ROAD,11,9.0
55178,1,4,110,1,1,40.0,0,I,MELB_URBAN,STREET,10,11.0
55179,1,6,130,5,1,80.0,0,N,MELB_URBAN,RAMP,11,13.0
55180,2,6,100,2,1,40.0,0,I,MELB_URBAN,ROAD,11,14.0
55181,1,6,113,2,1,60.0,0,I,MELB_URBAN,ROAD,11,14.0
55182,1,6,132,2,1,60.0,0,I,LARGE_PROVINCIAL_CITIES,STREET,11,13.0
55183,1,6,120,5,1,60.0,0,N,TOWNS,STREET,11,12.0
55184,1,6,99,2,1,60.0,0,I,MELB_URBAN,ROAD,11,11.0
55185,1,6,130,5,1,80.0,0,N,MELB_URBAN,ROAD,11,11.0
55186,4,6,173,5,1,110.0,0,N,RURAL_VICTORIA,FREEWAY,11,15.0
55187,1,6,120,5,1,60.0,0,N,MELB_URBAN,ROAD,11,15.0
55188,1,6,121,2,1,60.0,0,I,MELB_URBAN,ROAD,11,16.0
55189,8,1,99,5,1,80.0,0,N,RURAL_VICTORIA,HIGHWAY,11,12.0
55190,1,6,121,1,1,80.0,0,I,MELB_URBAN,HIGHWAY,11,17.0
55191,1,5,121,2,1,60.0,0,I,MELB_URBAN,HIGHWAY,11,17.0
55192,1,6,111,4,1,80.0,0,I,RURAL_VICTORIA,ROAD,11,17.0
55193,7,5,99,5,1,50.0,0,N,MELB_URBAN,STREET,11,17.0
55194,1,6,130,5,1,60.0,0,N,MELB_URBAN,STREET,11,18.0
55195,4,6,181,5,1,100.0,1,N,RURAL_VICTORIA,ROAD,11,16.0
55196,8,6,99,2,3,50.0,0,I,MELB_URBAN,AVENUE,11,20.0
55197,1,6,121,1,2,60.0,0,I,MELB_URBAN,HIGHWAY,11,19.0
55198,1,6,135,2,1,60.0,0,N,MELB_URBAN,ROAD,11,17.0
55199,1,5,121,5,3,60.0,0,I,MELB_URBAN,ROAD,11,20.0
55200,1,6,130,5,3,40.0,0,N,MELBOURNE_CBD,STREET,11,23.0
55201,2,6,99,5,3,100.0,0,N,MELB_URBAN,ROAD,11,23.0
55202,4,7,181,5,5,80.0,0,N,RURAL_VICTORIA,ROAD,11,3.0
55203,6,7,99,5,5,100.0,0,N,RURAL_VICTORIA,ROAD,11,5.0
55204,1,7,121,4,3,80.0,0,I,MELB_URBAN,RAMP,11,0.0
55205,1,2,120,5,1,60.0,0,N,MELB_URBAN,ROAD,10,9.0
55206,2,4,99,2,2,60.0,0,I,MELB_URBAN,DRIVE,11,7.0
55207,4,7,173,2,1,50.0,0,I,MELB_URBAN,ROAD,11,8.0
55208,4,7,173,5,1,70.0,0,N,MELB_URBAN,ROAD,11,8.0