,accident_type,day_of_week,dca_code,road_geometry,light_condition,speed_zone,severity,node_type,deg_urban_name,road_type,month,hour
55209,1,6,147,5,3,60.0,0,N,MELB_URBAN,ROAD,11,21.0
55210,4,2,181,5,2,100.0,0,N,RURAL_VICTORIA,ROAD,10,17.0
55211,4,7,171,2,1,50.0,0,I,MELB_URBAN,OTHER,11,12.0
55212,1,7,110,1,1,50.0,0,I,MELB_URBAN,STREET,11,10.0
55213,1,6,147,5,1,60.0,0,I,MELB_URBAN,STREET,11,14.0
55214,1,7,130,2,1,60.0,0,I,MELB_URBAN,ROAD,11,11.0
55215,1,6,120,5,1,100.0,0,N,RURAL_VICTORIA,ROAD,11,16.0
55216,1,7,130,5,1,80.0,0,N,MELB_URBAN,ROAD,11,14.0
55217,1,7,121,5,1,60.0,0,N,MELB_URBAN,ROAD,11,13.0
55218,2,6,99,5,1,50.0,0,N,MELB_URBAN,STREET,11,10.0
55219,1,6,133,5,5,100.0,0,N,RURAL_VICTORIA,ROAD,11,0.0
55220,4,7,181,4,3,60.0,0,N,RURAL_VICTORIA,ROAD,11,1.0
55221,4,2,171,5,1,30.0,0,N,RURAL_VICTORIA,OTHER,11,15.0
55222,1,7,113,2,1,60.0,0,I,MELB_URBAN,ROAD,11,15.0
55223,6,7,99,5,1,60.0,0,N,RURAL_VICTORIA,ROAD,10,15.0
55224,8,7,99,5,1,50.0,0,N,MELB_URBAN,ROAD,11,16.0
55225,4,7,183,5,5,100.0,0,N,RURAL_VICTORIA,ROAD,11,1.0
55226,4,5,173,5,2,100.0,0,N,RURAL_VICTORIA,ROAD,10,18.0
55227,2,7,99,5,1,50.0,0,N,MELB_URBAN,AVENUE,11,16.0
55228,1,7,132,2,1,60.0,0,I,LARGE_PROVINCIAL_CITIES,PARADE,11,17.0
55229,1,7,130,1,2,80.0,0,N,MELB_URBAN,ROAD,11,19.0
55230,8,7,99,2,6,80.0,0,I,MELB_URBAN,ROAD,11,20.0
55231,3,7,167,5,2,100.0,0,N,RURAL_VICTORIA,ROAD,11,20.0
55232,4,5,171,1,3,80.0,0,I,MELB_URBAN,ROAD,11,4.0
55233,2,6,99,5,1,50.0,0,UNKNOWN,LARGE_PROVINCIAL_CITIES,UNKNOWN,11,19.0
55234,4,7,99,5,3,50.0,0,N,SMALL_CITIES,STREET,11,22.0
55235,1,7,130,5,1,100.0,1,N,RURAL_VICTORIA,ROAD,11,16.0
55236,2,7,102,5,5,110.0,0,N,SMALL_CITIES,FREEWAY,11,23.0
55237,7,1,99,5,3,60.0,0,N,MELB_URBAN,ROAD,11,1.0
55238,1,1,130,5,2,100.0,0,N,MELB_URBAN,FREEWAY,11,5.0
55239,4,1,183,2,3,50.0,0,I,SMALL_CITIES,STREET,11,5.0
55240,2,7,99,5,1,50.0,0,N,MELB_URBAN,STREET,11,9.0
55241,4,0,173,5,5,100.0,0,N,RURAL_VICTORIA,ROAD,11,5.0
55242,1,3,130,2,1,60.0,0,I,MELB_URBAN,ROAD,10,16.0
55243,1,1,113,2,1,60.0,0,I,LARGE_PROVINCIAL_CITIES,STREET,11,9.0
55244,1,1,113,1,1,80.0,0,I,MELB_URBAN,HIGHWAY,11,10.0
55245,4,1,173,5,1,100.0,0,N,RURAL_VICTORIA,ROAD,11,10.0
55246,4,7,173,5,5,100.0,0,N,RURAL_VICTORIA,DRIVE,11,21.0
55247,2,1,102,4,1,60.0,0,I,MELB_URBAN,ROAD,11,10.0
55248,4,1,181,5,5,100.0,0,N,RURAL_VICTORIA,HIGHWAY,11,0.0
55249,1,7,99,1,2,60.0,0,I,MELB_URBAN,ROAD,11,19.0
55250,6,1,174,1,1,60.0,0,I,LARGE_PROVINCIAL_CITIES,STREET,11,13.0
55251,1,6,130,5,5,100.0,0,N,MELB_URBAN,FREEWAY,11,21.0
55252,1,1,99,1,1,100.0,0,I,MELB_URBAN,ROAD,11,13.0
55253,1,1,110,1,1,70.0,0,I,MELB_URBAN,ROAD,11,14.0
55254,4,1,171,5,1,100.0,0,N,RURAL_VICTORIA,ROAD,11,14.0
55255,1,1,135,9,1,80.0,0,N,MELB_URBAN,ROAD,11,15.0
55256,1,0,147,5,1,70.0,0,N,MELB_URBAN,ROAD,11,13.0
55257,1,1,110,1,1,60.0,0,I,SMALL_TOWNS,STREET,11,13.0
55258,1,0,111,1,1,60.0,0,I,LARGE_PROVINCIAL_CITIES,STREET,11,15.0
55259,1,1,121,1,1,60.0,0,I,LARGE_PROVINCIAL_CITIES,STREET,11,15.0
55260,1,1,121,1,1,60.0,0,I,LARGE_PROVINCIAL_CITIES,STREET,11,17.0
55261,1,7,113,2,2,60.0,0,I,MELB_URBAN,ROAD,11,19.0
55262,1,5,130,2,2,60.0,0,N,MELB_URBAN,STREET,10,20.0
55263,1,1,120,5,1,100.0,1,N,RURAL_VICTORIA,HIGHWAY,11,16.0
55264,2,1,100,1,3,60.0,0,I,MELB_URBAN,ROAD,11,21.0
55265,1,1,135,5,1,100.0,0,N,MELB_URBAN,FREEWAY,11,18.0
55266,1,5,130,5,2,60.0,0,N,MELB_URBAN,ROAD,11,7.0
55267,4,2,171,5,3,60.0,0,N,MELB_URBAN,PARADE,11,0.0
55268,1,4,130,1,2,80.0,0,N,MELB_URBAN,ROAD,8,6.0
55269,4,1,171,5,4,110.0,0,N,RURAL_VICTORIA,FREEWAY,11,4.0
55270,2,1,99,5,1,50.0,0,N,MELB_URBAN,ROAD,11,8.0
55271,2,2,100,1,2,40.0,0,I,MELBOURNE_CBD,STREET,11,7.0
55272,1,1,130,1,1,80.0,0,N,RURAL_VICTORIA,ROAD,11,8.0
55273,4,1,181,5,1,100.0,0,N,RURAL_VICTORIA,ROAD,11,17.0
55274,1,1,110,1,1,60.0,0,I,MELB_URBAN,ROAD,11,8.0
55275,1,2,120,5,2,60.0,1,N,MELB_URBAN,ROAD,11,7.0
55276,6,2,170,5,1,100.0,0,N,SMALL_CITIES,HIGHWAY,11,8.0
55277,1,2,99,2,1,70.0,0,N,MELB_URBAN,ROAD,11,11.0
55278,1,2,116,2,1,50.0,0,I,MELB_URBAN,STREET,11,10.0
55279,1,2,133,5,1,100.0,0,N,MELB_URBAN,ROAD,11,9.0
55280,1,2,120,5,1,100.0,0,N,RURAL_VICTORIA,ROAD,11,11.0
55281,2,5,99,5,2,50.0,0,N,LARGE_PROVINCIAL_CITIES,OTHER,10,19.0
55282,1,2,130,5,1,80.0,0,N,MELB_URBAN,ROAD,11,9.0
55283,1,2,120,5,1,50.0,0,N,TOWNS,STREET,11,11.0
55284,4,2,173,2,2,60.0,0,I,MELB_URBAN,STREET,11,7.0
55285,1,2,130,5,2,100.0,0,N,MELB_URBAN,RAMP,11,7.0
55286,1,3,113,2,9,60.0,0,I,MELB_URBAN,ROAD,10,8.0
55287,2,2,99,5,1,40.0,0,N,MELB_URBAN,ROAD,11,12.0
55288,4,7,171,5,2,80.0,0,N,LARGE_PROVINCIAL_CITIES,HIGHWAY,11,5.0
55289,1,2,121,1,2,60.0,0,I,RURAL_VICTORIA,ROAD,11,5.0
55290,4,1,99,5,1,50.0,0,N,MELB_URBAN,OTHER,11,11.0
55291,1,2,99,2,1,60.0,0,I,LARGE_PROVINCIAL_CITIES,STREET,11,10.0
55292,1,2,110,1,1,100.0,0,N,RURAL_VICTORIA,HIGHWAY,11,13.0
55293,1,2,147,5,3,60.0,0,N,SMALL_TOWNS,HIGHWAY,11,21.0
55294,1,2,130,1,1,70.0,0,I,MELB_URBAN,ROAD,11,9.0
55295,1,2,130,5,1,100.0,0,N,MELB_URBAN,ROAD,11,11.0
55296,1,2,121,2,1,60.0,0,I,MELB_URBAN,BOULEVARD,11,8.0
55297,4,7,183,5,5,80.0,0,N,RURAL_VICTORIA,HIGHWAY,11,22.0
55298,8,7,174,1,1,60.0,0,I,MELB_URBAN,HIGHWAY,10,13.0
55299,1,6,120,5,1,50.0,0,N,MELB_URBAN,AVENUE,11,15.0
55300,1,2,99,5,1,50.0,0,N,TOWNS,STREET,11,17.0
55301,1,2,99,5,1,80.0,0,N,RURAL_VICTORIA,ROAD,11,15.0
55302,8,2,99,5,1,50.0,0,N,MELB_URBAN,OTHER,11,16.0
55303,4,2,183,5,1,60.0,0,N,MELB_URBAN,RAMP,11,16.0
55304,4,6,171,5,1,50.0,0,N,MELB_URBAN,STREET,10,13.0
55305,1,2,120,5,1,100.0,0,N,RURAL_VICTORIA,HIGHWAY,11,16.0
55306,1,1,99,2,1,50.0,0,I,MELB_URBAN,ROAD,11,16.0
55307,1,2,116,2,2,50.0,0,I,MELB_URBAN,STREET,11,19.0
55308,1,5,130,5,2,80.0,0,N,MELB_URBAN,HIGHWAY,10,17.0
55309,1,2,130,5,1,60.0,0,N,MELB_URBAN,ROAD,11,15.0
55310,6,3,170,5,5,70.0,0,N,MELB_URBAN,ROAD,11,0.0
55311,1,6,130,4,2,50.0,0,I,MELB_URBAN,ROAD,5,16.0
55312,1,2,140,5,1,60.0,0,N,MELB_URBAN,STREET,11,13.0
55313,1,5,160,2,3,50.0,0,I,MELB_URBAN,OTHER,10,6.0
55314,1,2,99,2,1,60.0,0,I,MELB_URBAN,ROAD,11,13.0
55315,1,6,135,5,3,80.0,0,N,MELB_URBAN,UNKNOWN,11,5.0
55316,1,7,130,1,3,80.0,0,I,MELB_URBAN,ROAD,10,20.0
55317,1,3,130,1,2,60.0,0,I,MELB_URBAN,ROAD,11,7.0
55318,1,0,120,5,1,60.0,0,N,RURAL_VICTORIA,ROAD,11,14.0
55319,1,6,130,1,9,60.0,0,I,MELB_URBAN,ROAD,11,18.0
55320,1,3,130,1,2,80.0,0,I,MELB_URBAN,ROAD,11,7.0
55321,1,5,130,5,1,60.0,0,N,MELB_URBAN,ROAD,10,12.0
55322,8,7,99,5,1,100.0,0,N,RURAL_VICTORIA,ROAD,11,16.0
55323,1,3,113,2,1,40.0,0,I,SMALL_CITIES,STREET,11,8.0
55324,1,3,130,5,1,100.0,0,N,RURAL_VICTORIA,ROAD,11,9.0
55325,1,3,130,5,1,60.0,0,N,MELB_URBAN,HIGHWAY,11,10.0
55326,8,2,174,2,1,50.0,0,I,LARGE_PROVINCIAL_CITIES,STREET,11,10.0
55327,1,3,121,1,1,60.0,0,I,LARGE_PROVINCIAL_CITIES,STREET,11,9.0
55328,1,3,160,5,1,60.0,0,N,MELB_URBAN,HIGHWAY,11,8.0
55329,4,7,171,5,1,100.0,0,N,RURAL_VICTORIA,ROAD,10,14.0
55330,8,1,174,5,1,60.0,0,N,RURAL_VICTORIA,ROAD,11,16.0
55331,2,7,100,5,1,50.0,0,N,MELB_URBAN,STREET,5,12.0
55332,1,3,113,2,1,70.0,0,I,MELB_URBAN,STREET,11,11.0
55333,1,5,133,5,3,60.0,0,N,LARGE_PROVINCIAL_CITIES,STREET,10,23.0
55334,1,2,121,2,1,60.0,0,I,MELB_URBAN,ROAD,11,9.0
55335,1,3,130,1,1,80.0,0,I,MELB_URBAN,HIGHWAY,11,11.0
55336,1,7,130,5,1,60.0,0,N,MELB_URBAN,ROAD,10,14.0
55337,1,3,147,5,1,50.0,0,N,SMALL_CITIES,ROAD,11,14.0
55338,1,2,113,2,1,60.0,0,I,MELB_URBAN,ROAD,11,11.0
55339,2,3,100,1,1,60.0,0,I,MELB_URBAN,ROAD,11,9.0
55340,1,6,130,2,1,60.0,0,I,MELB_URBAN,ROAD,11,8.0
55341,1,3,130,5,1,60.0,0,N,MELB_URBAN,ROAD,11,16.0
55342,1,3,120,5,1,100.0,0,N,MELB_URBAN,FREEWAY,11,15.0
55343,2,3,100,5,1,40.0,0,N,MELB_URBAN,ROAD,11,18.0
55344,6,3,174,5,1,100.0,0,N,RURAL_VICTORIA,ROAD,11,10.0
55345,4,3,181,5,2,80.0,0,N,RURAL_VICTORIA,ROAD,11,17.0
55346,4,2,171,5,1,60.0,0,N,SMALL_TOWNS,STREET,11,18.0
55347,1,2,130,1,1,60.0,0,I,LARGE_PROVINCIAL_CITIES,STREET,11,17.0
55348,1,3,113,2,1,50.0,0,I,MELB_URBAN,DRIVE,11,17.0
55349,4,3,171,5,2,80.0,0,N,RURAL_VICTORIA,ROAD,11,19.0
55350,1,3,121,1,1,40.0,0,I,MELB_URBAN,STREET,11,15.0
55351,1,3,132,2,5,80.0,0,I,RURAL_VICTORIA,HIGHWAY,11,21.0
55352,1,2,130,2,1,60.0,0,I,MELB_URBAN,ROAD,2,8.0
55353,1,5,130,1,1,60.0,0,I,MELB_URBAN,PARADE,10,15.0
55354,1,3,130,1,1,80.0,0,N,MELB_URBAN,ROAD,11,17.0
55355,1,4,130,2,3,60.0,0,I,MELB_URBAN,ROAD,11,2.0
55356,1,4,163,5,1,40.0,0,N,MELB_URBAN,ROAD,11,14.0
55357,1,5,99,5,1,100.0,0,N,MELB_URBAN,FREEWAY,11,15.0
55358,1,3,99,1,1,60.0,0,N,SMALL_CITIES,STREET,11,12.0
55359,1,4,99,2,1,100.0,0,I,RURAL_VICTORIA,ROAD,11,8.0
55360,1,4,147,5,1,50.0,0,N,MELB_URBAN,STREET,11,9.0
55361,1,4,133,5,1,60.0,0,N,MELB_URBAN,ROAD,11,8.0
55362,1,2,140,5,1,50.0,0,N,MELB_URBAN,ROAD,9,13.0
55363,1,1,132,1,9,100.0,0,N,RURAL_VICTORIA,HIGHWAY,11,9.0
55364,5,1,99,5,1,60.0,0,N,RURAL_VICTORIA,OTHER,11,10.0
55365,1,3,134,5,1,80.0,0,N,MELB_URBAN,RAMP,11,17.0
55366,1,4,99,1,9,70.0,0,I,MELB_URBAN,HIGHWAY,11,21.0
55367,1,3,110,1,1,50.0,0,I,LARGE_PROVINCIAL_CITIES,STREET,11,10.0
55368,1,2,116,2,9,60.0,0,I,MELB_URBAN,ROAD,10,17.0
55369,1,3,130,1,2,80.0,0,I,MELB_URBAN,ROAD,11,7.0
55370,1,6,130,5,1,60.0,0,N,LARGE_PROVINCIAL_CITIES,ROAD,10,15.0
55371,1,1,121,1,1,60.0,0,I,MELB_URBAN,HIGHWAY,10,15.0
55372,4,4,183,5,1,80.0,0,N,RURAL_VICTORIA,ROAD,11,12.0
55373,3,2,167,5,5,100.0,0,N,RURAL_VICTORIA,ROAD,11,5.0
55374,1,4,133,5,1,100.0,0,N,MELB_URBAN,RAMP,11,13.0
55375,1,4,135,5,1,100.0,0,N,MELB_URBAN,FREEWAY,11,12.0
55376,2,4,102,2,1,60.0,0,I,MELB_URBAN,STREET,11,12.0
55377,1,4,160,5,1,50.0,0,N,MELB_URBAN,AVENUE,11,9.0
55378,4,3,181,5,1,60.0,0,N,RURAL_VICTORIA,ROAD,9,11.0
55379,4,4,171,5,1,100.0,0,N,RURAL_VICTORIA,ROAD,11,14.0
55380,4,4,183,5,1,100.0,0,N,RURAL_VICTORIA,HIGHWAY,11,12.0
55381,1,4,110,1,1,100.0,0,I,RURAL_VICTORIA,HIGHWAY,11,13.0
55382,1,4,110,1,1,60.0,0,I,LARGE_PROVINCIAL_CITIES,STREET,11,15.0
55383,1,4,130,1,1,70.0,0,I,MELB_URBAN,ROAD,11,14.0
55384,2,3,102,2,3,50.0,0,I,MELB_URBAN,STREET,11,20.0
55385,1,4,130,2,1,80.0,0,I,MELB_URBAN,ROAD,11,17.0
55386,6,6,99,5,1,100.0,0,N,RURAL_VICTORIA,ROAD,10,14.0
55387,4,3,171,5,1,100.0,0,N,MELB_URBAN,UNKNOWN,11,16.0
55388,1,6,130,5,1,40.0,0,N,MELB_URBAN,ROAD,10,16.0
55389,1,4,110,1,1,50.0,0,I,MELBOURNE_CBD,STREET,11,17.0
55390,1,6,99,1,9,50.0,0,I,MELB_URBAN,OTHER,11,10.0
55391,4,1,171,5,1,60.0,0,N,MELB_URBAN,OTHER,9,8.0
55392,1,2,121,1,2,60.0,0,I,MELB_URBAN,ROAD,11,18.0
55393,1,3,121,2,1,40.0,0,I,MELB_URBAN,STREET,11,18.0
55394,1,3,113,2,1,60.0,0,I,MELB_URBAN,ROAD,11,16.0
55395,1,1,130,5,1,70.0,0,N,MELB_URBAN,STREET,11,17.0
55396,1,4,110,1,1,50.0,0,I,MELB_URBAN,STREET,11,18.0
55397,1,4,130,2,1,70.0,0,I,MELB_URBAN,ROAD,11,15.0
55398,1,5,160,5,3,70.0,0,N,MELB_URBAN,ROAD,11,2.0
55399,1,4,99,2,3,50.0,0,I,MELB_URBAN,AVENUE,11,23.0
55400,2,4,99,5,1,40.0,0,N,MELB_URBAN,UNKNOWN,11,13.0
55401,2,5,100,2,2,50.0,0,I,MELB_URBAN,ROAD,11,7.0
55402,1,4,160,5,1,50.0,0,N,MELB_URBAN,OTHER,11,11.0
55403,1,4,110,1,3,60.0,0,I,LARGE_PROVINCIAL_CITIES,STREET,7,22.0
55404,1,5,99,5,1,100.0,0,N,RURAL_VICTORIA,HIGHWAY,11,8.0
55405,1,5,130,5,1,60.0,0,N,MELB_URBAN,ROAD,11,8.0
55406,1,3,113,2,1,80.0,0,I,MELB_URBAN,ROAD,10,13.0
55407,1,4,121,2,1,60.0,0,I,MELB_URBAN,STREET,11,9.0
55408,1,5,110,1,1,60.0,0,I,TOWNS,STREET,11,11.0
55409,1,3,130,5,2,60.0,0,N,MELB_URBAN,ROAD,2,20.0
55410,4,5,171,1,1,60.0,0,I,RURAL_VICTORIA,ROAD,11,11.0
55411,6,1,99,5,1,100.0,0,N,RURAL_VICTORIA,ROAD,11,11.0
55412,1,5,120,5,1,60.0,0,N,SMALL_CITIES,HIGHWAY,11,14.0
55413,1,5,113,2,1,60.0,0,I,MELB_URBAN,ROAD,11,9.0
55414,1,6,130,4,1,60.0,0,I,MELB_URBAN,ROAD,11,8.0
55415,1,5,130,5,1,60.0,0,N,MELB_URBAN,ROAD,11,13.0
55416,1,5,99,5,1,50.0,0,N,TOWNS,STREET,11,14.0
55417,6,5,170,5,1,100.0,0,N,RURAL_VICTORIA,ROAD,9,14.0
55418,1,2,140,2,1,70.0,0,I,MELB_URBAN,ROAD,10,15.0
55419,1,5,121,1,1,60.0,0,I,TOWNS,STREET,11,15.0
55420,1,0,130,5,2,80.0,0,N,MELB_URBAN,OTHER,10,18.0
55421,6,1,174,2,2,60.0,0,I,MELB_URBAN,ROAD,11,20.0
55422,1,5,113,2,1,60.0,0,I,MELB_URBAN,ROAD,11,15.0
55423,4,2,173,5,1,100.0,0,N,RURAL_VICTORIA,HIGHWAY,9,10.0
55424,1,4,132,5,1,60.0,0,N,TOWNS,HIGHWAY,11,16.0
55425,1,5,113,2,1,80.0,0,N,MELB_URBAN,DRIVE,11,17.0
55426,1,4,113,2,1,75.0,0,I,MELB_URBAN,ROAD,11,17.0
55427,1,4,130,5,1,60.0,0,N,MELB_URBAN,ROAD,11,14.0
55428,1,5,130,5,1,100.0,0,N,MELB_URBAN,ROAD,11,18.0
55429,1,5,120,1,1,80.0,0,I,MELB_URBAN,DRIVE,11,18.0
55430,1,4,130,1,1,60.0,0,I,MELB_URBAN,HIGHWAY,11,13.0
55431,1,1,130,5,1,80.0,0,N,MELB_URBAN,HIGHWAY,10,9.0
55432,6,4,184,2,1,50.0,0,I,LARGE_PROVINCIAL_CITIES,OTHER,11,18.0
55433,1,5,130,5,1,60.0,0,N,MELB_URBAN,STREET,10,14.0
55434,2,5,99,5,2,40.0,0,N,MELB_URBAN,ROAD,11,19.0
55435,1,1,110,1,1,60.0,0,I,MELB_URBAN,HIGHWAY,11,13.0
55436,1,6,130,5,1,60.0,0,N,SMALL_CITIES,HIGHWAY,11,8.0
55437,8,7,184,5,1,60.0,0,N,RURAL_VICTORIA,OTHER,11,16.0
55438,2,2,99,5,3,40.0,0,N,MELB_URBAN,OTHER,11,21.0
55439,1,6,99,5,1,60.0,0,N,MELB_URBAN,OTHER,11,10.0
55440,1,4,130,5,1,100.0,0,N,MELB_URBAN,UNKNOWN,11,16.0
55441,1,5,110,1,1,80.0,0,I,RURAL_VICTORIA,FREEWAY,11,10.0
55442,1,5,130,1,1,70.0,0,I,MELB_URBAN,ROAD,11,14.0
55443,1,6,163,5,1,40.0,0,N,MELB_URBAN,STREET,11,12.0
55444,6,6,174,5,2,60.0,0,N,MELB_URBAN,RAMP,11,5.0
55445,1,6,130,5,1,50.0,0,N,SMALL_CITIES,ROAD,11,10.0
55446,1,4,130,5,9,80.0,0,N,MELB_URBAN,HIGHWAY,8,15.0
55447,2,0,99,5,2,80.0,0,N,RURAL_VICTORIA,ROAD,11,6.0
55448,1,6,110,1,1,50.0,0,I,MELB_URBAN,STREET,11,12.0
55449,1,6,120,5,1,60.0,0,N,SMALL_CITIES,ROAD,11,11.0
55450,4,6,183,5,1,70.0,0,N,MELB_URBAN,ROAD,11,12.0
55451,6,6,99,5,1,60.0,0,N,RURAL_VICTORIA,ROAD,11,13.0
55452,2,7,99,5,9,110.0,0,N,MELB_URBAN,AVENUE,5,7.0
55453,1,1,130,5,1,100.0,0,N,MELB_URBAN,FREEWAY,11,16.0
55454,1,1,120,5,1,60.0,0,N,RURAL_VICTORIA,ROAD,11,15.0
55455,1,5,132,2,1,80.0,0,I,MELB_URBAN,HIGHWAY,8,16.0
55456,8,6,174,5,1,60.0,0,N,RURAL_VICTORIA,ROAD,11,16.0
55457,1,4,160,5,3,50.0,0,N,MELB_URBAN,BOULEVARD,11,22.0
55458,1,6,99,5,1,100.0,0,N,RURAL_VICTORIA,ROAD,11,11.0
55459,6,5,174,5,1,60.0,0,N,MELB_URBAN,ROAD,11,17.0
55460,4,6,173,5,1,100.0,0,N,MELB_URBAN,ROAD,11,16.0
55461,1,5,121,2,1,60.0,0,I,MELB_URBAN,STREET,11,16.0
55462,1,6,113,2,1,60.0,0,I,MELB_URBAN,PARADE,11,16.0
55463,1,6,113,2,1,80.0,0,I,MELB_URBAN,ROAD,11,17.0
55464,1,6,113,1,1,80.0,0,I,RURAL_VICTORIA,HIGHWAY,11,17.0
55465,2,6,99,2,1,50.0,0,N,MELB_URBAN,STREET,11,16.0
55466,1,6,121,1,2,60.0,0,I,MELB_URBAN,STREET,11,18.0
55467,1,6,130,5,1,60.0,0,N,MELB_URBAN,DRIVE,11,16.0
55468,1,6,121,2,1,60.0,0,I,MELB_URBAN,STREET,11,16.0
55469,1,6,113,2,1,80.0,0,I,MELB_URBAN,ROAD,11,16.0
55470,6,6,99,5,9,100.0,0,N,RURAL_VICTORIA,OTHER,11,0.0
55471,1,6,121,1,2,60.0,0,I,MELB_URBAN,STREET,11,19.0
55472,1,6,121,1,2,60.0,0,I,MELB_URBAN,ROAD,11,21.0
55473,1,6,121,2,3,70.0,0,I,LARGE_PROVINCIAL_CITIES,OTHER,11,23.0
55474,1,6,132,2,3,40.0,0,N,MELB_URBAN,ROAD,11,22.0
55475,1,6,121,1,2,50.0,0,N,MELB_URBAN,AVENUE,11,7.0
55476,1,6,121,5,1,60.0,0,N,MELB_URBAN,ROAD,11,12.0
55477,6,7,99,5,2,70.0,0,N,RURAL_VICTORIA,ROAD,11,7.0
55478,2,5,102,5,1,80.0,0,I,MELB_URBAN,ROAD,11,17.0
55479,1,7,120,5,1,100.0,0,N,RURAL_VICTORIA,ROAD,11,9.0
55480,1,3,130,5,2,80.0,0,N,MELB_URBAN,ROAD,8,18.0
55481,1,6,130,1,1,60.0,0,I,MELB_URBAN,ROAD,11,8.0
55482,2,7,100,1,1,70.0,0,I,MELB_URBAN,ROAD,11,11.0
55483,1,7,121,1,1,60.0,0,N,LARGE_PROVINCIAL_CITIES,STREET,11,8.0
55484,8,7,174,5,1,60.0,0,N,SMALL_TOWNS,ROAD,11,10.0
55485,4,7,181,5,1,60.0,0,N,MELB_URBAN,ROAD,11,11.0
55486,1,7,130,2,1,70.0,0,N,MELB_URBAN,ROAD,11,12.0
55487,1,6,99,5,1,60.0,0,N,MELB_URBAN,ROAD,11,13.0
55488,1,7,163,5,2,50.0,0,N,MELB_URBAN,UNKNOWN,11,7.0
55489,1,7,99,5,1,60.0,0,N,LARGE_PROVINCIAL_CITIES,ROAD,11,12.0
55490,1,6,134,5,1,60.0,0,N,MELB_URBAN,HIGHWAY,11,13.0
55491,1,5,110,1,1,40.0,0,I,MELB_URBAN,STREET,11,10.0
55492,1,7,130,5,1,80.0,0,N,MELB_URBAN,HIGHWAY,11,14.0
55493,1,6,130,5,1,80.0,0,N,MELB_URBAN,STREET,9,15.0
55494,2,7,99,5,1,50.0,0,N,MELB_URBAN,AVENUE,11,13.0
55495,1,7,130,5,1,100.0,0,N,MELB_URBAN,RAMP,11,13.0
55496,2,7,102,5,1,50.0,0,N,MELB_URBAN,STREET,11,15.0
55497,5,0,99,5,1,100.0,0,N,RURAL_VICTORIA,ROAD,11,12.0
55498,1,3,113,2,1,60.0,0,N,SMALL_CITIES,STREET,11,12.0
55499,1,7,110,1,1,60.0,0,I,SMALL_TOWNS,ROAD,11,14.0
55500,6,6,174,5,1,100.0,0,N,RURAL_VICTORIA,OTHER,11,8.0
55501,1,6,110,1,3,50.0,0,I,MELB_URBAN,STREET,11,23.0
55502,1,7,99,5,1,100.0,0,N,RURAL_VICTORIA,HIGHWAY,11,14.0
55503,1,7,121,1,2,60.0,0,I,MELB_URBAN,STREET,11,18.0
55504,2,7,100,1,1,60.0,0,I,MELB_URBAN,ROAD,11,18.0
55505,6,5,174,2,1,50.0,0,I,MELB_URBAN,ROAD,11,15.0
55506,2,7,100,5,1,110.0,1,N,RURAL_VICTORIA,FREEWAY,11,17.0
55507,4,7,181,5,1,100.0,0,N,RURAL_VICTORIA,ROAD,11,18.0
55508,1,6,130,5,1,50.0,0,N,MELB_URBAN,ROAD,11,16.0
55509,4,7,183,5,3,80.0,0,I,TOWNS,ROAD,11,20.0
55510,4,7,171,5,5,60.0,1,N,RURAL_VICTORIA,ROAD,11,21.0
55511,1,7,121,1,3,60.0,0,I,MELB_URBAN,ROAD,11,23.0
55512,4,7,171,5,3,70.0,0,N,MELB_URBAN,ROAD,11,21.0
55513,6,7,174,4,3,60.0,0,I,MELB_URBAN,ROAD,11,23.0
55514,4,1,181,5,3,60.0,0,N,LARGE_PROVINCIAL_CITIES,OTHER,11,3.0
55515,4,1,173,5,3,80.0,0,N,MELB_URBAN,HIGHWAY,11,4.0
55516,6,1,170,5,5,100.0,0,N,RURAL_VICTORIA,ROAD,11,1.0
55517,6,1,99,5,2,100.0,0,N,RURAL_VICTORIA,ROAD,11,6.0
55518,1,0,99,5,9,60.0,0,N,MELB_URBAN,STREET,10,12.0
55519,1,5,121,1,2,80.0,0,I,MELB_URBAN,ROAD,10,6.0
55520,4,7,99,5,1,60.0,0,N,MELB_URBAN,ROAD,11,12.0
55521,1,0,130,2,2,40.0,0,I,MELB_URBAN,STREET,11,7.0
55522,1,6,99,1,2,50.0,0,I,LARGE_PROVINCIAL_CITIES,UNKNOWN,10,7.0
55523,1,1,130,5,1,100.0,0,N,RURAL_VICTORIA,FREEWAY,11,9.0
55524,2,7,99,5,5,80.0,0,N,RURAL_VICTORIA,ROAD,11,22.0
55525,1,1,111,2,1,100.0,0,I,RURAL_VICTORIA,HIGHWAY,11,9.0
55526,4,2,173,2,6,60.0,0,I,LARGE_PROVINCIAL_CITIES,ROAD,10,21.0
55527,1,1,120,5,1,90.0,1,N,RURAL_VICTORIA,ROAD,11,9.0
55528,8,2,99,5,1,60.0,0,N,RURAL_VICTORIA,ROAD,11,12.0
55529,1,6,130,1,3,60.0,0,I,MELB_URBAN,ROAD,11,23.0
55530,6,7,174,2,5,50.0,0,I,MELB_URBAN,DRIVE,11,23.0
55531,1,1,130,5,1,100.0,0,N,MELB_URBAN,UNKNOWN,11,13.0
55532,1,1,110,1,1,100.0,0,I,RURAL_VICTORIA,ROAD,11,10.0