,accident_type,day_of_week,dca_code,road_geometry,light_condition,speed_zone,severity,node_type,deg_urban_name,road_type,month,hour
55533,1,1,130,5,1,60.0,0,N,MELB_URBAN,STREET,11,13.0
55534,1,1,99,5,1,110.0,0,N,RURAL_VICTORIA,FREEWAY,11,13.0
55535,1,3,130,5,1,100.0,0,N,MELB_URBAN,ROAD,10,8.0
55536,8,1,174,5,1,100.0,0,N,RURAL_VICTORIA,OTHER,11,11.0
55537,1,1,121,2,1,60.0,0,N,MELB_URBAN,STREET,11,14.0
55538,3,5,167,5,5,100.0,0,N,RURAL_VICTORIA,ROAD,10,2.0
55539,1,0,116,2,1,80.0,0,I,MELB_URBAN,HIGHWAY,11,13.0
55540,1,1,99,5,1,90.0,0,N,RURAL_VICTORIA,ROAD,11,12.0
55541,1,1,130,5,1,80.0,0,N,MELB_URBAN,ROAD,11,14.0
55542,2,6,102,2,2,60.0,0,N,MELB_URBAN,ROAD,11,7.0
55543,6,5,170,2,1,100.0,0,I,RURAL_VICTORIA,ROAD,9,12.0
55544,1,1,120,5,1,100.0,0,N,RURAL_VICTORIA,ROAD,11,11.0
55545,1,1,121,2,1,60.0,0,I,SMALL_TOWNS,STREET,11,18.0
55546,1,1,140,2,1,100.0,0,I,RURAL_VICTORIA,ROAD,11,15.0
55547,1,1,130,4,1,80.0,0,I,MELB_URBAN,RAMP,11,14.0
55548,1,1,130,5,1,80.0,0,N,MELB_URBAN,HIGHWAY,11,15.0
55549,1,1,99,2,2,60.0,0,N,MELB_URBAN,ROAD,11,19.0
55550,4,1,171,5,2,100.0,0,N,MELB_URBAN,HIGHWAY,11,19.0
55551,1,1,121,4,3,80.0,0,I,MELB_URBAN,ROAD,11,21.0
55552,1,1,99,5,3,50.0,0,N,MELB_URBAN,STREET,11,21.0
55553,1,1,121,2,3,60.0,0,I,MELB_URBAN,OTHER,11,21.0
55554,1,4,121,2,1,70.0,0,I,MELB_URBAN,ROAD,11,11.0
55555,4,2,171,2,3,60.0,0,N,MELB_URBAN,ROAD,11,0.0
55556,4,7,171,5,1,60.0,0,N,RURAL_VICTORIA,ROAD,11,15.0
55557,1,1,121,1,1,40.0,0,I,MELBOURNE_CBD,STREET,11,15.0
55558,1,2,121,1,2,60.0,0,I,MELB_URBAN,ROAD,11,7.0
55559,1,6,130,5,1,60.0,0,N,MELB_URBAN,ROAD,9,15.0
55560,1,2,99,2,2,75.0,1,I,MELB_URBAN,HIGHWAY,11,6.0
55561,1,0,130,1,1,40.0,0,I,MELB_URBAN,HIGHWAY,11,17.0
55562,1,1,135,5,1,80.0,0,N,MELB_URBAN,RAMP,11,7.0
55563,1,2,133,4,1,60.0,0,I,MELB_URBAN,ROAD,11,10.0
55564,1,2,116,2,1,70.0,0,I,MELB_URBAN,ROAD,11,10.0
55565,1,2,113,1,1,70.0,0,I,MELB_URBAN,ROAD,11,8.0
55566,1,5,99,2,1,80.0,0,N,MELB_URBAN,ROAD,11,16.0
55567,8,7,174,5,1,60.0,0,N,RURAL_VICTORIA,ROAD,11,14.0
55568,1,1,130,5,1,70.0,0,N,MELB_URBAN,ROAD,11,18.0
55569,1,2,130,5,1,60.0,0,N,MELB_URBAN,ROAD,11,9.0
55570,4,7,183,5,1,80.0,0,N,RURAL_VICTORIA,ROAD,11,18.0
55571,2,1,100,1,1,60.0,0,I,MELB_URBAN,ROAD,11,14.0
55572,6,7,174,5,2,60.0,0,N,RURAL_VICTORIA,ROAD,11,19.0
55573,1,2,130,1,1,60.0,0,I,MELB_URBAN,STREET,11,13.0
55574,1,2,130,5,1,100.0,0,N,MELB_URBAN,ROAD,11,15.0
55575,1,2,130,5,1,100.0,0,N,RURAL_VICTORIA,ROAD,11,14.0
55576,1,2,110,1,1,60.0,0,I,MELB_URBAN,ROAD,11,8.0
55577,1,2,116,2,1,70.0,0,I,MELB_URBAN,ROAD,11,16.0
55578,1,1,121,2,1,60.0,0,I,SMALL_CITIES,STREET,11,11.0
55579,1,2,130,1,1,60.0,0,I,MELB_URBAN,AVENUE,11,14.0
55580,1,2,121,5,1,60.0,0,N,MELB_URBAN,ROAD,11,17.0
55581,1,1,130,5,1,100.0,0,N,MELB_URBAN,FREEWAY,11,17.0
55582,1,2,130,5,1,60.0,0,N,MELB_URBAN,HIGHWAY,11,16.0
55583,5,6,99,2,1,60.0,0,I,SMALL_TOWNS,OTHER,11,11.0
55584,1,2,130,1,1,80.0,0,I,MELB_URBAN,ROAD,11,18.0
55585,1,2,130,5,1,70.0,0,N,LARGE_PROVINCIAL_CITIES,STREET,11,17.0
55586,2,2,99,5,1,50.0,0,N,LARGE_PROVINCIAL_CITIES,STREET,11,14.0
55587,8,2,174,1,1,50.0,0,I,LARGE_PROVINCIAL_CITIES,STREET,11,18.0
55588,2,1,102,2,3,50.0,0,I,MELB_URBAN,BOULEVARD,11,21.0
55589,1,2,140,2,1,60.0,0,I,MELB_URBAN,STREET,11,15.0
55590,1,3,130,2,1,60.0,0,I,MELB_URBAN,ROAD,11,14.0
55591,4,2,99,4,3,80.0,0,I,MELB_URBAN,HIGHWAY,11,4.0
55592,1,1,130,5,3,60.0,0,N,MELB_URBAN,FREEWAY,10,23.0
55593,2,2,99,5,3,70.0,0,N,LARGE_PROVINCIAL_CITIES,ROAD,11,3.0
55594,4,3,173,5,5,80.0,0,N,RURAL_VICTORIA,HIGHWAY,11,1.0
55595,1,2,134,5,2,100.0,0,N,MELB_URBAN,FREEWAY,11,6.0
55596,1,3,99,1,1,40.0,0,I,MELB_URBAN,STREET,11,15.0
55597,4,3,171,5,3,60.0,0,I,MELB_URBAN,BOULEVARD,11,1.0
55598,1,2,121,2,2,50.0,0,I,MELB_URBAN,STREET,9,7.0
55599,2,3,99,2,1,40.0,0,I,MELB_URBAN,STREET,11,9.0
55600,1,6,140,5,2,70.0,0,N,MELB_URBAN,ROAD,10,17.0
55601,1,3,130,5,1,80.0,0,N,MELB_URBAN,ROAD,11,8.0
55602,1,1,160,5,1,60.0,0,N,MELB_URBAN,ROAD,11,17.0
55603,1,6,130,5,5,80.0,0,N,MELB_URBAN,FREEWAY,10,22.0
55604,1,3,99,2,1,50.0,0,I,MELB_URBAN,STREET,11,8.0
55605,1,3,130,2,1,60.0,0,I,MELB_URBAN,ROAD,11,9.0
55606,1,7,99,2,1,50.0,0,N,MELB_URBAN,STREET,11,15.0
55607,1,3,99,5,2,50.0,0,N,MELB_URBAN,ROAD,11,7.0
55608,2,7,99,5,3,40.0,0,N,MELBOURNE_CBD,STREET,11,23.0
55609,1,3,113,2,1,60.0,0,I,MELB_URBAN,ROAD,11,10.0
55610,1,3,140,5,1,60.0,0,N,MELB_URBAN,STREET,11,9.0
55611,1,3,121,2,2,80.0,0,I,MELB_URBAN,ROAD,11,7.0
55612,1,5,121,4,3,60.0,0,I,MELB_URBAN,ROAD,11,22.0
55613,4,7,181,5,1,60.0,0,N,RURAL_VICTORIA,ROAD,9,15.0
55614,1,3,130,5,1,80.0,0,N,MELB_URBAN,ROAD,11,9.0
55615,6,3,184,5,1,50.0,0,N,RURAL_VICTORIA,OTHER,11,10.0
55616,1,3,110,1,1,60.0,0,I,MELB_URBAN,ROAD,11,12.0
55617,4,3,171,5,5,100.0,0,N,RURAL_VICTORIA,FREEWAY,11,6.0
55618,2,3,100,1,1,60.0,0,I,MELB_URBAN,STREET,11,12.0
55619,2,3,99,5,1,60.0,0,N,LARGE_PROVINCIAL_CITIES,STREET,11,13.0
55620,1,3,130,5,1,80.0,0,N,MELB_URBAN,HIGHWAY,11,12.0
55621,1,3,183,5,1,80.0,0,N,RURAL_VICTORIA,ROAD,11,11.0
55622,1,3,132,1,1,60.0,0,I,LARGE_PROVINCIAL_CITIES,AVENUE,11,13.0
55623,8,6,174,1,1,60.0,0,N,MELB_URBAN,ROAD,11,18.0
55624,4,3,173,5,1,80.0,0,N,RURAL_VICTORIA,ROAD,11,13.0
55625,1,7,99,2,3,60.0,0,I,MELB_URBAN,ROAD,10,22.0
55626,1,3,130,2,1,80.0,0,I,MELB_URBAN,ROAD,11,13.0
55627,1,3,130,5,1,70.0,0,N,MELB_URBAN,ROAD,11,12.0
55628,2,3,100,2,1,50.0,0,I,MELB_URBAN,ROAD,11,11.0
55629,1,2,110,1,3,50.0,0,I,LARGE_PROVINCIAL_CITIES,STREET,10,19.0
55630,1,3,130,2,1,80.0,0,I,MELB_URBAN,HIGHWAY,11,15.0
55631,6,1,174,5,1,60.0,0,N,LARGE_PROVINCIAL_CITIES,ROAD,11,15.0
55632,1,3,113,1,1,60.0,0,I,MELB_URBAN,ROAD,11,16.0
55633,1,4,130,2,1,60.0,0,I,LARGE_PROVINCIAL_CITIES,HIGHWAY,11,8.0
55634,1,3,160,5,1,80.0,0,N,MELB_URBAN,HIGHWAY,11,16.0
55635,8,6,174,2,2,60.0,0,I,RURAL_VICTORIA,ROAD,10,18.0
55636,2,3,99,5,1,60.0,0,N,MELB_URBAN,ROAD,11,14.0
55637,4,3,181,4,1,70.0,0,I,MELB_URBAN,ROAD,11,16.0
55638,1,3,121,2,1,80.0,0,I,MELB_URBAN,ROAD,11,17.0
55639,8,1,174,5,1,60.0,0,N,RURAL_VICTORIA,OTHER,11,11.0
55640,1,2,130,2,2,60.0,0,I,MELB_URBAN,ROAD,11,16.0
55641,1,3,110,1,3,60.0,0,I,LARGE_PROVINCIAL_CITIES,STREET,11,20.0
55642,1,3,120,5,1,50.0,0,N,TOWNS,OTHER,11,18.0
55643,1,3,120,2,2,80.0,0,I,RURAL_VICTORIA,ROAD,11,19.0
55644,1,3,135,5,1,80.0,0,N,MELB_URBAN,HIGHWAY,11,17.0
55645,4,3,171,5,3,60.0,0,N,MELB_URBAN,ROAD,11,23.0
55646,1,4,121,5,1,60.0,0,N,RURAL_VICTORIA,ROAD,11,5.0
55647,1,3,130,2,1,60.0,0,I,RURAL_VICTORIA,ROAD,11,8.0
55648,6,7,174,5,1,40.0,0,N,RURAL_VICTORIA,ROAD,10,12.0
55649,1,5,121,2,3,50.0,0,I,MELB_URBAN,ROAD,11,21.0
55650,1,3,132,2,1,60.0,0,I,MELB_URBAN,STREET,11,11.0
55651,1,4,113,2,1,50.0,0,I,MELB_URBAN,STREET,11,9.0
55652,1,4,147,5,2,60.0,0,N,MELB_URBAN,HIGHWAY,11,7.0
55653,4,4,173,5,2,60.0,0,N,MELB_URBAN,ROAD,11,5.0
55654,4,1,173,5,5,110.0,0,N,RURAL_VICTORIA,HIGHWAY,7,6.0
55655,1,3,130,2,1,60.0,0,I,MELB_URBAN,OTHER,11,9.0
55656,8,3,99,2,1,50.0,0,I,MELB_URBAN,OTHER,10,9.0
55657,1,3,130,5,1,80.0,0,N,MELB_URBAN,STREET,9,15.0
55658,2,4,102,1,1,40.0,0,I,MELB_URBAN,STREET,11,9.0
55659,1,3,134,5,1,60.0,0,N,MELB_URBAN,STREET,11,17.0
55660,1,4,147,2,1,60.0,0,I,MELB_URBAN,STREET,11,12.0
55661,1,3,113,1,1,80.0,0,I,MELB_URBAN,HIGHWAY,11,9.0
55662,1,4,133,5,1,100.0,1,N,MELB_URBAN,FREEWAY,11,8.0
55663,2,3,99,5,1,50.0,0,N,MELB_URBAN,ROAD,11,8.0
55664,1,4,116,2,1,60.0,0,I,MELB_URBAN,AVENUE,11,11.0
55665,1,3,121,1,3,60.0,0,I,RURAL_VICTORIA,HIGHWAY,11,22.0
55666,1,3,113,1,3,40.0,0,I,MELBOURNE_CBD,STREET,11,20.0
55667,1,4,99,2,1,80.0,0,I,MELB_URBAN,ROAD,11,9.0
55668,4,4,183,5,1,100.0,0,N,RURAL_VICTORIA,OTHER,11,12.0
55669,4,2,171,5,3,60.0,0,N,SMALL_CITIES,ROAD,11,23.0
55670,1,4,130,1,2,100.0,0,I,RURAL_VICTORIA,ROAD,11,7.0
55671,4,4,173,5,1,100.0,0,N,RURAL_VICTORIA,ROAD,11,11.0
55672,1,4,110,1,1,50.0,0,I,TOWNS,STREET,11,13.0
55673,1,1,113,2,1,80.0,0,I,RURAL_VICTORIA,HIGHWAY,11,17.0
55674,3,6,167,5,1,100.0,0,N,RURAL_VICTORIA,ROAD,11,10.0
55675,6,4,99,5,1,110.0,0,N,RURAL_VICTORIA,HIGHWAY,11,14.0
55676,1,4,130,5,1,60.0,0,N,MELB_URBAN,ROAD,11,15.0
55677,1,4,130,2,1,60.0,0,N,MELB_URBAN,ROAD,11,16.0
55678,4,4,181,5,1,80.0,0,N,RURAL_VICTORIA,ROAD,11,18.0
55679,1,6,121,2,1,60.0,0,I,MELB_URBAN,STREET,11,17.0
55680,1,4,163,5,1,60.0,0,N,MELB_URBAN,ROAD,11,16.0
55681,1,4,135,5,1,60.0,0,N,MELB_URBAN,OTHER,11,16.0
55682,1,3,113,2,1,80.0,0,I,SMALL_CITIES,HIGHWAY,11,18.0
55683,1,4,135,5,1,80.0,0,N,MELB_URBAN,OTHER,11,17.0
55684,8,4,174,6,1,50.0,0,N,MELB_URBAN,OTHER,11,19.0
55685,8,4,174,5,1,60.0,0,N,MELB_URBAN,ROAD,11,18.0
55686,1,3,110,1,2,80.0,0,I,RURAL_VICTORIA,ROAD,11,19.0
55687,1,4,113,2,1,70.0,0,I,MELB_URBAN,ROAD,11,18.0
55688,1,4,130,5,1,100.0,0,N,MELB_URBAN,FREEWAY,11,17.0
55689,1,4,110,1,2,50.0,0,I,SMALL_CITIES,STREET,11,19.0
55690,1,4,99,1,1,60.0,0,I,MELB_URBAN,ROAD,11,12.0
55691,1,5,99,2,3,40.0,0,I,MELB_URBAN,STREET,11,1.0
55692,1,3,121,2,1,40.0,0,I,MELB_URBAN,ROAD,11,18.0
55693,1,1,130,5,2,100.0,0,N,MELB_URBAN,RAMP,11,18.0
55694,1,4,110,1,1,80.0,0,I,RURAL_VICTORIA,ROAD,11,17.0
55695,1,5,99,5,1,40.0,0,N,MELB_URBAN,STREET,11,8.0
55696,1,5,120,5,2,70.0,0,N,MELB_URBAN,ROAD,11,7.0
55697,1,5,130,5,2,60.0,0,N,MELB_URBAN,ROAD,11,7.0
55698,1,5,99,9,1,40.0,0,N,MELB_URBAN,ROAD,11,8.0
55699,1,5,130,5,1,80.0,0,N,MELB_URBAN,ROAD,11,8.0
55700,1,5,121,2,1,60.0,0,I,LARGE_PROVINCIAL_CITIES,ROAD,11,11.0
55701,1,4,130,5,1,70.0,0,N,MELB_URBAN,ROAD,11,9.0
55702,2,5,100,5,1,50.0,0,N,MELB_URBAN,ROAD,11,11.0
55703,4,5,173,5,3,60.0,0,N,MELB_URBAN,DRIVE,5,1.0
55704,6,5,170,2,1,60.0,0,I,RURAL_VICTORIA,OTHER,11,11.0
55705,1,4,120,5,1,40.0,0,N,MELB_URBAN,ROAD,11,11.0
55706,1,4,130,2,1,50.0,0,I,MELB_URBAN,ROAD,11,15.0
55707,1,4,135,5,1,60.0,0,N,MELB_URBAN,ROAD,11,18.0
55708,1,5,120,5,1,60.0,0,N,MELB_URBAN,STREET,11,9.0
55709,6,2,174,2,5,50.0,0,I,RURAL_VICTORIA,ROAD,7,18.0
55710,4,4,183,5,1,100.0,0,N,RURAL_VICTORIA,ROAD,11,12.0
55711,2,5,100,1,1,50.0,0,I,SMALL_CITIES,STREET,11,13.0
55712,4,2,181,5,1,100.0,0,N,RURAL_VICTORIA,ROAD,11,11.0
55713,1,5,130,5,1,60.0,0,N,MELB_URBAN,ROAD,11,16.0
55714,2,5,100,5,1,40.0,0,N,MELBOURNE_CBD,STREET,11,14.0
55715,1,5,99,1,1,60.0,0,I,MELB_URBAN,DRIVE,11,13.0
55716,1,5,163,5,1,60.0,0,N,MELB_URBAN,STREET,11,9.0
55717,4,3,173,5,3,60.0,0,N,RURAL_VICTORIA,ROAD,11,21.0
55718,7,5,99,1,1,60.0,0,I,LARGE_PROVINCIAL_CITIES,STREET,10,14.0
55719,1,3,130,5,1,60.0,0,N,MELB_URBAN,ROAD,11,17.0
55720,6,5,99,5,1,100.0,0,N,RURAL_VICTORIA,ROAD,11,13.0
55721,2,7,99,5,1,60.0,0,N,LARGE_PROVINCIAL_CITIES,STREET,11,12.0
55722,1,6,163,2,1,40.0,0,N,MELBOURNE_CBD,STREET,11,11.0
55723,1,5,130,5,1,60.0,0,N,SMALL_CITIES,ROAD,11,15.0
55724,1,7,135,5,9,100.0,0,N,MELB_URBAN,FREEWAY,11,15.0
55725,1,5,99,5,1,40.0,0,I,SMALL_CITIES,AVENUE,11,15.0
55726,1,3,130,5,2,100.0,0,N,MELB_URBAN,FREEWAY,11,6.0
55727,1,4,113,2,1,60.0,0,I,MELB_URBAN,ROAD,11,17.0
55728,1,3,130,5,1,60.0,0,N,MELB_URBAN,ROAD,11,18.0
55729,1,5,130,5,1,60.0,0,N,LARGE_PROVINCIAL_CITIES,ROAD,11,17.0
55730,1,5,130,5,1,100.0,0,N,MELB_URBAN,ROAD,11,17.0
55731,1,5,121,1,1,50.0,0,I,MELB_URBAN,STREET,11,15.0
55732,1,5,110,1,2,50.0,0,I,MELB_URBAN,STREET,11,17.0
55733,1,5,130,5,1,60.0,0,N,MELB_URBAN,ROAD,11,15.0
55734,8,5,99,5,1,40.0,0,N,MELB_URBAN,ROAD,11,15.0
55735,2,5,102,5,3,60.0,0,N,MELB_URBAN,ROAD,11,21.0
55736,1,5,130,5,1,60.0,0,N,MELB_URBAN,ROAD,11,15.0
55737,1,5,113,2,2,80.0,0,I,MELB_URBAN,ROAD,11,21.0
55738,4,5,183,5,3,100.0,0,N,MELB_URBAN,RAMP,11,23.0
55739,1,5,160,5,3,50.0,0,N,MELB_URBAN,STREET,11,23.0
55740,1,0,130,5,1,60.0,0,N,MELB_URBAN,STREET,11,13.0
55741,1,5,135,5,5,100.0,0,N,MELB_URBAN,FREEWAY,11,23.0
55742,1,3,99,5,1,60.0,0,N,MELB_URBAN,BOULEVARD,11,11.0
55743,1,6,135,5,1,100.0,0,N,RURAL_VICTORIA,HIGHWAY,11,8.0
55744,1,6,134,5,1,80.0,0,N,RURAL_VICTORIA,STREET,11,8.0
55745,1,6,121,5,1,50.0,0,N,LARGE_PROVINCIAL_CITIES,STREET,11,9.0
55746,1,5,110,1,1,60.0,0,I,MELB_URBAN,STREET,11,6.0
55747,1,3,130,5,3,80.0,0,N,MELB_URBAN,UNKNOWN,11,21.0
55748,1,6,147,5,1,50.0,0,N,MELB_URBAN,STREET,11,10.0
55749,8,5,174,1,3,60.0,0,I,MELB_URBAN,ROAD,11,22.0
55750,4,6,171,5,1,60.0,0,N,SMALL_TOWNS,ROAD,11,10.0
55751,1,4,135,5,9,100.0,0,N,RURAL_VICTORIA,FREEWAY,11,7.0
55752,1,6,130,5,1,80.0,0,N,MELB_URBAN,FREEWAY,11,16.0
55753,1,3,130,5,9,60.0,0,N,MELB_URBAN,STREET,11,16.0
55754,2,5,100,1,1,60.0,0,I,MELB_URBAN,STREET,11,12.0
55755,1,6,121,1,1,100.0,0,I,RURAL_VICTORIA,HIGHWAY,11,11.0
55756,1,6,121,2,1,60.0,0,I,MELB_URBAN,ROAD,11,12.0
55757,1,5,130,2,1,60.0,0,I,MELB_URBAN,STREET,11,16.0
55758,1,6,110,1,1,50.0,0,I,MELB_URBAN,STREET,11,14.0
55759,8,5,170,5,2,50.0,0,N,SMALL_CITIES,STREET,11,19.0
55760,1,5,163,5,3,40.0,0,N,MELB_URBAN,STREET,10,20.0
55761,1,6,120,2,3,70.0,0,I,TOWNS,STREET,11,21.0
55762,1,4,130,5,1,70.0,0,N,MELB_URBAN,STREET,11,13.0
55763,4,6,171,5,1,80.0,0,N,MELB_URBAN,ROAD,11,13.0
55764,6,1,99,5,1,60.0,0,N,RURAL_VICTORIA,ROAD,11,14.0
55765,1,5,110,1,1,60.0,0,I,MELB_URBAN,ROAD,11,12.0
55766,1,6,110,1,1,80.0,0,I,RURAL_VICTORIA,ROAD,11,13.0
55767,1,5,130,2,1,70.0,0,I,LARGE_PROVINCIAL_CITIES,ROAD,11,15.0
55768,1,6,132,1,1,50.0,0,I,LARGE_PROVINCIAL_CITIES,STREET,11,15.0
55769,1,6,130,5,1,60.0,0,N,RURAL_VICTORIA,ROAD,11,17.0
55770,1,6,134,5,1,100.0,0,N,MELB_URBAN,UNKNOWN,11,18.0
55771,2,3,102,5,1,40.0,0,N,MELB_URBAN,ROAD,11,12.0
55772,1,5,110,1,1,50.0,0,I,MELB_URBAN,STREET,11,14.0
55773,1,6,163,5,1,50.0,0,N,MELB_URBAN,STREET,11,15.0
55774,1,6,160,5,1,60.0,0,N,MELB_URBAN,STREET,11,18.0
55775,1,6,113,2,1,60.0,0,I,TOWNS,STREET,11,16.0
55776,4,6,173,5,2,110.0,0,N,RURAL_VICTORIA,FREEWAY,11,19.0
55777,4,6,181,5,2,100.0,0,N,RURAL_VICTORIA,ROAD,11,19.0
55778,6,5,99,5,2,100.0,0,N,RURAL_VICTORIA,ROAD,11,19.0
55779,2,6,100,2,1,60.0,0,I,MELB_URBAN,STREET,11,12.0
55780,1,6,116,2,3,60.0,0,I,MELB_URBAN,ROAD,11,20.0
55781,1,6,110,1,3,60.0,0,I,LARGE_PROVINCIAL_CITIES,ROAD,11,21.0
55782,4,6,171,5,1,60.0,0,N,MELB_URBAN,ROAD,11,18.0
55783,1,6,160,5,3,60.0,0,N,MELB_URBAN,ROAD,11,22.0
55784,4,7,173,1,3,80.0,0,I,RURAL_VICTORIA,ROAD,11,1.0
55785,4,7,173,5,3,50.0,0,N,MELB_URBAN,ROAD,11,2.0
55786,4,6,173,1,3,100.0,0,I,TOWNS,ROAD,11,23.0
55787,4,7,171,5,3,100.0,0,N,MELB_URBAN,FREEWAY,11,1.0
55788,1,7,130,5,2,100.0,0,N,RURAL_VICTORIA,FREEWAY,11,5.0
55789,4,7,173,5,2,60.0,0,N,LARGE_PROVINCIAL_CITIES,STREET,11,7.0
55790,5,6,99,5,5,80.0,0,N,RURAL_VICTORIA,ROAD,11,19.0
55791,1,7,160,5,1,50.0,0,N,MELB_URBAN,STREET,11,8.0
55792,8,1,174,5,1,100.0,0,N,RURAL_VICTORIA,ROAD,11,11.0
55793,1,2,130,5,2,60.0,0,N,MELB_URBAN,ROAD,11,7.0
55794,2,7,102,1,1,50.0,0,I,TOWNS,STREET,11,11.0
55795,1,6,163,5,1,60.0,0,N,MELB_URBAN,STREET,11,9.0
55796,1,7,121,2,1,60.0,0,I,MELB_URBAN,STREET,11,9.0
55797,2,7,99,7,1,50.0,0,N,MELB_URBAN,AVENUE,11,9.0
55798,1,7,130,5,1,60.0,0,N,MELB_URBAN,ROAD,11,12.0
55799,1,7,121,1,1,60.0,0,I,MELB_URBAN,ROAD,11,12.0
55800,1,2,130,2,1,60.0,0,I,MELB_URBAN,HIGHWAY,11,16.0
55801,2,7,99,2,1,60.0,0,I,MELB_URBAN,ROAD,11,13.0
55802,4,6,181,5,1,100.0,0,N,RURAL_VICTORIA,HIGHWAY,11,11.0
55803,1,7,121,1,1,50.0,0,I,MELB_URBAN,ROAD,11,12.0
55804,1,7,120,5,1,100.0,0,N,RURAL_VICTORIA,HIGHWAY,11,10.0
55805,1,7,121,1,1,60.0,0,I,MELB_URBAN,STREET,11,12.0
55806,4,4,99,5,1,40.0,0,N,MELB_URBAN,STREET,10,16.0
55807,1,7,121,1,1,60.0,0,I,MELB_URBAN,ROAD,11,12.0
55808,1,7,121,4,1,80.0,0,I,MELB_URBAN,HIGHWAY,11,13.0
55809,1,4,135,2,2,60.0,0,I,MELB_URBAN,ROAD,10,19.0
55810,4,7,173,5,1,110.0,0,N,RURAL_VICTORIA,FREEWAY,11,16.0
55811,1,7,121,2,1,60.0,0,N,LARGE_PROVINCIAL_CITIES,ROAD,11,13.0
55812,1,7,121,4,1,60.0,0,I,RURAL_VICTORIA,ROAD,11,11.0
55813,6,7,99,5,1,100.0,0,N,RURAL_VICTORIA,HIGHWAY,11,13.0
55814,1,7,113,2,1,80.0,0,I,MELB_URBAN,ROAD,11,13.0
55815,1,5,130,5,9,60.0,0,N,MELB_URBAN,ROAD,11,18.0
55816,2,7,99,5,1,50.0,0,N,MELB_URBAN,ROAD,11,17.0
55817,1,1,113,2,1,60.0,0,I,MELB_URBAN,STREET,11,11.0
55818,2,7,102,5,2,50.0,0,N,MELB_URBAN,AVENUE,11,19.0
55819,2,6,100,1,1,50.0,0,I,MELB_URBAN,ROAD,11,18.0
55820,1,7,116,1,1,80.0,0,I,MELB_URBAN,ROAD,11,15.0
55821,4,6,171,5,1,50.0,0,N,SMALL_TOWNS,DRIVE,11,18.0
55822,3,7,167,5,5,100.0,0,N,RURAL_VICTORIA,ROAD,11,22.0
55823,1,7,110,1,3,60.0,0,I,TOWNS,ROAD,11,21.0
55824,2,1,99,5,3,40.0,0,N,MELB_URBAN,OTHER,11,0.0
55825,1,6,121,2,1,80.0,0,I,SMALL_CITIES,HIGHWAY,9,14.0
55826,1,1,110,1,2,60.0,0,I,MELB_URBAN,ROAD,11,6.0
55827,1,1,121,2,1,40.0,0,I,MELB_URBAN,STREET,11,9.0
55828,1,1,147,5,1,60.0,0,N,SMALL_CITIES,ROAD,11,9.0
55829,1,1,99,2,1,60.0,0,I,MELB_URBAN,ROAD,11,9.0
55830,6,1,174,5,1,50.0,0,N,SMALL_CITIES,STREET,11,11.0
55831,2,1,102,2,1,60.0,0,I,SMALL_CITIES,DRIVE,11,11.0
55832,4,0,173,5,1,100.0,0,N,RURAL_VICTORIA,ROAD,11,8.0
55833,1,1,134,5,1,100.0,0,N,MELB_URBAN,FREEWAY,11,13.0
55834,1,6,147,5,1,50.0,0,N,MELB_URBAN,OTHER,11,9.0
55835,1,0,121,1,1,60.0,0,I,MELB_URBAN,ROAD,11,13.0
55836,1,1,130,5,1,80.0,0,N,MELB_URBAN,ROAD,11,12.0
55837,8,1,99,5,1,60.0,0,N,MELBOURNE_CBD,OTHER,11,15.0
55838,1,1,110,1,1,60.0,0,I,MELB_URBAN,ROAD,11,13.0
55839,8,1,174,5,1,60.0,0,N,LARGE_PROVINCIAL_CITIES,STREET,11,14.0
55840,1,1,173,5,3,50.0,0,N,TOWNS,STREET,11,0.0
55841,4,1,171,5,1,100.0,0,N,RURAL_VICTORIA,ROAD,11,11.0
55842,4,1,173,5,1,100.0,0,N,RURAL_VICTORIA,ROAD,11,15.0
55843,1,1,130,1,1,80.0,0,I,MELB_URBAN,STREET,11,17.0
55844,1,6,163,5,1,60.0,0,N,MELB_URBAN,ROAD,11,10.0
55845,1,1,99,5,1,60.0,0,N,MELB_URBAN,STREET,11,16.0
55846,1,0,130,5,1,60.0,0,N,MELB_URBAN,ROAD,11,16.0
55847,1,1,130,5,1,100.0,0,N,RURAL_VICTORIA,OTHER,11,11.0
55848,1,0,147,5,1,80.0,0,N,MELB_URBAN,HIGHWAY,11,18.0
55849,4,1,171,5,1,80.0,0,N,RURAL_VICTORIA,ROAD,11,17.0
55850,1,1,121,1,3,60.0,0,I,LARGE_PROVINCIAL_CITIES,ROAD,11,21.0
55851,1,1,140,5,3,60.0,0,N,MELB_URBAN,STREET,11,22.0
55852,1,1,160,2,2,60.0,0,N,MELB_URBAN,ROAD,11,4.0
55853,1,5,110,1,2,60.0,0,I,SMALL_CITIES,STREET,11,6.0
55854,6,6,99,5,1,100.0,0,N,RURAL_VICTORIA,HIGHWAY,11,14.0
55855,1,2,99,1,1,80.0,0,N,MELB_URBAN,ROAD,11,8.0
55856,1,2,99,2,2,100.0,0,I,RURAL_VICTORIA,ROAD,11,6.0
55857,8,7,174,2,1,60.0,0,I,RURAL_VICTORIA,ROAD,11,11.0