,accident_type,day_of_week,dca_code,road_geometry,light_condition,speed_zone,severity,node_type,deg_urban_name,road_type,month,hour
55858,8,7,174,3,1,60.0,0,I,RURAL_VICTORIA,ROAD,11,11.0
55859,2,1,99,4,1,60.0,0,I,MELB_URBAN,RAMP,11,10.0
55860,4,1,173,5,2,100.0,0,N,RURAL_VICTORIA,ROAD,11,19.0
55861,1,2,132,2,1,60.0,0,I,MELB_URBAN,ROAD,11,11.0
55862,1,3,130,5,1,60.0,0,N,MELB_URBAN,ROAD,10,8.0
55863,5,2,171,5,1,100.0,0,N,RURAL_VICTORIA,ROAD,11,10.0
55864,1,2,99,5,1,50.0,0,N,LARGE_PROVINCIAL_CITIES,STREET,11,12.0
55865,2,1,99,1,2,60.0,0,I,LARGE_PROVINCIAL_CITIES,HIGHWAY,11,5.0
55866,1,1,147,5,1,60.0,0,N,MELB_URBAN,ROAD,11,13.0
55867,7,0,99,5,3,80.0,0,N,MELB_URBAN,RAMP,7,20.0
55868,1,2,130,5,1,60.0,0,N,MELB_URBAN,BOULEVARD,11,10.0
55869,2,1,99,5,1,60.0,0,N,SMALL_CITIES,ROAD,11,14.0
55870,1,1,134,5,1,100.0,0,N,MELB_URBAN,ROAD,11,11.0
55871,1,5,130,1,9,60.0,0,I,MELB_URBAN,STREET,12,19.0
55872,4,2,173,5,1,50.0,0,N,MELB_URBAN,OTHER,11,14.0
55873,1,7,130,5,1,60.0,0,N,MELB_URBAN,AVENUE,11,16.0
55874,6,1,174,5,1,60.0,0,N,MELB_URBAN,HIGHWAY,11,9.0
55875,1,3,110,1,2,60.0,0,I,MELB_URBAN,OTHER,11,18.0
55876,8,6,170,5,1,100.0,0,N,RURAL_VICTORIA,HIGHWAY,11,17.0
55877,4,2,171,5,1,100.0,0,N,RURAL_VICTORIA,ROAD,11,14.0
55878,1,1,130,2,1,40.0,0,N,MELB_URBAN,STREET,11,11.0
55879,1,1,140,2,1,60.0,0,N,MELB_URBAN,ROAD,11,16.0
55880,1,2,113,2,1,60.0,0,I,MELB_URBAN,ROAD,11,15.0
55881,1,2,160,5,1,60.0,0,N,SMALL_CITIES,ROAD,11,14.0
55882,4,1,183,2,6,50.0,0,I,MELB_URBAN,ROAD,7,23.0
55883,1,7,130,2,1,60.0,0,I,MELB_URBAN,ROAD,11,12.0
55884,1,2,130,5,1,40.0,0,N,RURAL_VICTORIA,ROAD,11,15.0
55885,4,2,99,2,1,40.0,0,I,MELB_URBAN,AVENUE,11,17.0
55886,8,1,174,5,1,60.0,0,N,RURAL_VICTORIA,ROAD,11,14.0
55887,8,2,174,5,1,60.0,0,N,MELB_URBAN,ROAD,11,17.0
55888,1,2,99,2,1,50.0,0,N,MELB_URBAN,ROAD,11,17.0
55889,1,2,121,1,1,60.0,0,I,MELB_URBAN,ROAD,11,17.0
55890,1,2,110,1,2,50.0,0,I,MELB_URBAN,STREET,11,19.0
55891,4,2,183,5,1,80.0,0,N,RURAL_VICTORIA,ROAD,11,18.0
55892,2,2,102,1,1,80.0,0,I,MELB_URBAN,HIGHWAY,11,15.0
55893,1,2,99,1,2,60.0,0,I,MELB_URBAN,ROAD,11,19.0
55894,2,1,99,5,1,60.0,0,N,MELB_URBAN,DRIVE,11,16.0
55895,1,2,99,5,2,50.0,0,N,MELB_URBAN,STREET,11,20.0
55896,1,2,183,5,1,100.0,0,N,RURAL_VICTORIA,OTHER,11,19.0
55897,1,2,147,5,1,50.0,0,N,MELB_URBAN,OTHER,11,17.0
55898,1,1,130,5,1,80.0,0,N,MELB_URBAN,STREET,11,6.0
55899,1,2,160,5,2,60.0,0,N,MELB_URBAN,ROAD,11,19.0
55900,1,2,120,5,3,60.0,0,N,SMALL_CITIES,STREET,11,22.0
55901,1,2,130,5,5,100.0,1,N,RURAL_VICTORIA,ROAD,11,22.0
55902,1,2,113,2,1,60.0,0,I,MELB_URBAN,ROAD,8,8.0
55903,6,3,170,5,2,60.0,0,N,RURAL_VICTORIA,ROAD,11,6.0
55904,1,3,113,2,1,60.0,0,N,MELB_URBAN,ROAD,11,17.0
55905,4,6,181,5,1,100.0,0,N,RURAL_VICTORIA,ROAD,10,16.0
55906,1,3,116,2,1,60.0,0,I,MELB_URBAN,ROAD,11,8.0
55907,1,2,130,2,2,60.0,0,I,MELB_URBAN,ROAD,11,7.0
55908,1,3,110,1,1,60.0,0,I,MELB_URBAN,STREET,11,10.0
55909,1,3,130,5,1,80.0,0,I,MELB_URBAN,ROAD,11,11.0
55910,4,3,173,2,1,60.0,0,I,SMALL_CITIES,ROAD,11,11.0
55911,8,2,99,5,1,80.0,0,N,MELB_URBAN,ROAD,9,11.0
55912,2,1,99,5,2,80.0,0,N,MELB_URBAN,HIGHWAY,11,20.0
55913,4,2,171,5,1,100.0,0,N,MELB_URBAN,RAMP,11,13.0
55914,7,4,99,2,2,60.0,0,I,SMALL_CITIES,STREET,10,17.0
55915,2,2,99,5,1,50.0,0,N,MELB_URBAN,STREET,11,16.0
55916,1,2,121,2,1,60.0,0,I,MELB_URBAN,ROAD,11,12.0
55917,1,2,130,5,1,70.0,0,N,MELB_URBAN,ROAD,11,8.0
55918,1,1,163,5,1,40.0,0,N,MELB_URBAN,ROAD,11,9.0
55919,1,4,130,4,2,60.0,0,N,MELB_URBAN,DRIVE,10,18.0
55920,8,1,174,5,1,100.0,0,N,RURAL_VICTORIA,ROAD,11,12.0
55921,1,2,130,5,1,100.0,0,N,MELB_URBAN,UNKNOWN,11,17.0
55922,8,3,99,5,1,100.0,0,N,RURAL_VICTORIA,HIGHWAY,11,8.0
55923,6,1,174,5,1,60.0,0,N,RURAL_VICTORIA,ROAD,11,14.0
55924,1,3,132,2,1,90.0,0,I,SMALL_TOWNS,HIGHWAY,11,11.0
55925,1,3,130,1,1,80.0,0,I,MELB_URBAN,HIGHWAY,11,16.0
55926,2,3,100,1,1,40.0,0,N,MELB_URBAN,ROAD,11,17.0
55927,1,3,121,5,1,80.0,0,N,TOWNS,HIGHWAY,11,16.0
55928,1,3,110,1,1,40.0,0,I,MELB_URBAN,STREET,11,15.0
55929,1,3,134,2,1,60.0,1,I,MELB_URBAN,ROAD,11,14.0
55930,2,3,99,5,1,50.0,0,N,MELB_URBAN,OTHER,11,17.0
55931,2,3,99,5,1,50.0,0,N,MELB_URBAN,STREET,11,17.0
55932,1,3,130,5,1,100.0,0,N,MELB_URBAN,FREEWAY,11,16.0
55933,3,7,167,5,3,50.0,0,N,TOWNS,STREET,11,5.0
55934,5,3,99,5,1,110.0,0,N,TOWNS,FREEWAY,11,17.0
55935,2,2,102,1,2,40.0,0,I,MELBOURNE_CBD,OTHER,11,19.0
55936,7,3,99,2,1,50.0,0,I,MELB_URBAN,PARADE,11,17.0
55937,1,3,99,5,1,50.0,0,N,MELB_URBAN,ROAD,11,17.0
55938,4,3,181,5,2,80.0,0,N,RURAL_VICTORIA,OTHER,11,19.0
55939,1,3,121,1,1,60.0,0,I,MELB_URBAN,STREET,11,17.0
55940,1,3,132,5,1,60.0,0,N,LARGE_PROVINCIAL_CITIES,STREET,11,15.0
55941,1,3,130,1,3,40.0,0,N,MELB_URBAN,STREET,11,22.0
55942,1,3,99,5,1,50.0,0,N,MELB_URBAN,HIGHWAY,11,17.0
55943,1,3,121,1,3,60.0,0,I,MELB_URBAN,STREET,11,22.0
55944,1,1,130,5,9,100.0,0,N,MELB_URBAN,UNKNOWN,9,12.0
55945,1,3,121,1,2,80.0,0,I,MELB_URBAN,ROAD,11,21.0
55946,1,0,130,1,6,50.0,0,I,MELB_URBAN,BOULEVARD,11,21.0
55947,1,3,160,5,3,60.0,0,N,MELB_URBAN,ROAD,11,20.0
55948,1,3,99,5,2,60.0,0,N,MELB_URBAN,ROAD,11,19.0
55949,5,3,171,5,3,50.0,0,N,MELB_URBAN,ROAD,11,23.0
55950,1,1,113,2,3,80.0,0,I,MELB_URBAN,HIGHWAY,11,20.0
55951,4,4,173,5,3,100.0,0,N,MELB_URBAN,FREEWAY,11,1.0
55952,1,4,132,2,2,60.0,0,N,MELB_URBAN,STREET,11,7.0
55953,1,4,116,2,2,60.0,0,I,RURAL_VICTORIA,STREET,11,7.0
55954,4,7,173,5,1,60.0,0,N,RURAL_VICTORIA,OTHER,11,14.0
55955,1,3,110,1,1,80.0,0,I,MELB_URBAN,ROAD,11,13.0
55956,1,4,99,2,1,100.0,0,I,RURAL_VICTORIA,ROAD,10,13.0
55957,1,1,130,1,2,60.0,0,I,MELB_URBAN,STREET,10,17.0
55958,2,1,100,5,1,40.0,0,N,MELB_URBAN,ROAD,11,18.0
55959,4,3,173,5,1,80.0,0,N,RURAL_VICTORIA,ROAD,11,11.0
55960,8,3,174,2,2,60.0,0,I,SMALL_CITIES,STREET,11,19.0
55961,4,3,171,5,1,60.0,0,N,MELB_URBAN,ROAD,11,11.0
55962,1,3,121,1,1,60.0,0,I,MELB_URBAN,ROAD,11,8.0
55963,1,3,147,5,1,60.0,0,N,MELB_URBAN,ROAD,11,11.0
55964,1,1,130,5,1,80.0,0,N,MELB_URBAN,STREET,9,11.0
55965,1,5,133,5,1,60.0,0,N,MELB_URBAN,ROAD,10,13.0
55966,1,1,130,5,1,100.0,0,I,MELB_URBAN,FREEWAY,9,16.0
55967,4,5,171,5,2,60.0,0,N,LARGE_PROVINCIAL_CITIES,ROAD,11,7.0
55968,1,1,121,2,1,80.0,0,N,MELB_URBAN,ROAD,9,16.0
55969,1,4,133,1,1,60.0,0,I,LARGE_PROVINCIAL_CITIES,STREET,11,11.0
55970,4,3,173,2,1,80.0,0,I,MELB_URBAN,ROAD,11,11.0
55971,1,3,140,1,3,80.0,0,I,MELB_URBAN,ROAD,11,22.0
55972,1,4,163,2,1,40.0,0,N,MELB_URBAN,STREET,11,9.0
55973,5,1,99,5,1,110.0,0,N,RURAL_VICTORIA,FREEWAY,10,14.0
55974,1,3,110,1,1,60.0,0,I,MELB_URBAN,ROAD,11,13.0
55975,1,3,160,5,1,60.0,0,N,MELB_URBAN,ROAD,11,13.0
55976,1,4,99,2,1,60.0,0,I,MELB_URBAN,ROAD,11,13.0
55977,1,6,130,2,9,70.0,0,I,MELB_URBAN,STREET,7,19.0
55978,1,4,147,5,1,60.0,0,N,MELB_URBAN,ROAD,11,13.0
55979,1,3,121,1,1,50.0,0,I,LARGE_PROVINCIAL_CITIES,STREET,11,9.0
55980,4,3,183,5,2,50.0,0,N,MELB_URBAN,ROAD,11,19.0
55981,1,4,99,5,1,100.0,0,N,MELB_URBAN,ROAD,11,12.0
55982,1,7,99,5,9,60.0,0,N,MELB_URBAN,ROAD,11,12.0
55983,1,4,130,5,2,100.0,0,N,RURAL_VICTORIA,ROAD,11,6.0
55984,1,4,113,2,1,80.0,0,I,RURAL_VICTORIA,ROAD,11,15.0
55985,1,4,121,2,1,50.0,0,I,LARGE_PROVINCIAL_CITIES,STREET,11,17.0
55986,1,3,111,1,1,60.0,0,I,MELB_URBAN,STREET,11,16.0
55987,1,4,121,1,1,60.0,0,I,SMALL_CITIES,HIGHWAY,11,13.0
55988,1,4,130,5,1,60.0,0,N,MELB_URBAN,STREET,11,14.0
55989,1,4,135,1,1,40.0,0,I,MELBOURNE_CBD,STREET,11,16.0
55990,1,3,130,1,2,80.0,0,I,MELB_URBAN,OTHER,11,17.0
55991,4,4,173,5,2,100.0,0,N,RURAL_VICTORIA,STREET,11,19.0
55992,1,1,99,2,1,60.0,0,I,MELB_URBAN,ROAD,11,11.0
55993,1,2,121,1,2,60.0,0,I,MELB_URBAN,ROAD,10,6.0
55994,1,4,121,1,3,70.0,0,I,SMALL_CITIES,ROAD,11,0.0
55995,1,2,130,5,1,100.0,0,I,MELB_URBAN,ROAD,9,8.0
55996,1,4,160,5,3,60.0,0,N,MELB_URBAN,STREET,11,23.0
55997,1,5,113,1,1,80.0,0,I,MELB_URBAN,HIGHWAY,11,8.0
55998,1,3,130,2,1,60.0,0,I,MELB_URBAN,STREET,11,8.0
55999,4,4,173,1,1,50.0,0,I,MELB_URBAN,STREET,11,9.0
56000,5,5,99,5,4,60.0,0,N,MELB_URBAN,ROAD,11,0.0
56001,4,2,173,5,5,80.0,0,N,RURAL_VICTORIA,ROAD,10,21.0
56002,4,5,171,5,1,70.0,0,N,MELB_URBAN,ROAD,11,7.0
56003,1,5,121,2,2,80.0,0,I,TOWNS,HIGHWAY,11,7.0
56004,1,4,132,2,1,60.0,0,I,MELB_URBAN,ROAD,11,18.0
56005,1,5,147,5,1,60.0,0,N,TOWNS,STREET,11,8.0
56006,4,5,171,5,1,60.0,0,N,RURAL_VICTORIA,STREET,11,8.0
56007,1,3,99,5,1,50.0,0,N,MELB_URBAN,OTHER,8,16.0
56008,1,2,132,2,1,60.0,0,I,MELB_URBAN,ROAD,1,14.0
56009,8,5,99,2,1,50.0,0,I,RURAL_VICTORIA,ROAD,11,9.0
56010,1,5,130,1,1,70.0,0,I,MELB_URBAN,ROAD,11,10.0
56011,2,5,100,5,1,50.0,0,N,LARGE_PROVINCIAL_CITIES,AVENUE,11,10.0
56012,1,4,130,5,1,60.0,0,N,MELB_URBAN,ROAD,10,16.0
56013,1,5,113,2,1,60.0,0,I,MELB_URBAN,ROAD,11,8.0
56014,1,5,110,1,1,50.0,0,I,SMALL_CITIES,STREET,11,12.0
56015,6,4,99,5,1,80.0,0,N,MELB_URBAN,ROAD,11,18.0
56016,6,5,184,5,1,100.0,0,N,RURAL_VICTORIA,ROAD,11,10.0
56017,4,7,173,5,1,60.0,0,N,RURAL_VICTORIA,OTHER,11,11.0
56018,1,1,163,5,2,60.0,0,N,MELB_URBAN,STREET,11,19.0
56019,1,4,140,5,1,60.0,0,N,RURAL_VICTORIA,HIGHWAY,11,15.0
56020,1,5,116,2,1,80.0,0,I,MELB_URBAN,HIGHWAY,11,8.0
56021,1,6,147,5,2,50.0,0,N,LARGE_PROVINCIAL_CITIES,STREET,11,19.0
56022,2,5,102,2,1,60.0,0,N,MELB_URBAN,STREET,11,12.0
56023,8,1,99,5,2,50.0,0,N,MELB_URBAN,STREET,7,6.0
56024,1,5,133,5,1,100.0,0,N,MELB_URBAN,FREEWAY,11,13.0
56025,4,1,183,5,1,60.0,0,N,RURAL_VICTORIA,ROAD,11,14.0
56026,1,5,99,1,1,40.0,0,I,MELB_URBAN,PARADE,11,8.0
56027,8,3,174,1,1,60.0,0,I,MELB_URBAN,ROAD,11,12.0
56028,1,5,135,5,1,80.0,0,N,MELB_URBAN,OTHER,11,14.0
56029,1,3,99,2,1,50.0,0,I,MELB_URBAN,OTHER,11,11.0
56030,1,1,130,2,2,60.0,0,N,MELB_URBAN,ROAD,9,5.0
56031,1,5,99,5,1,50.0,0,N,SMALL_CITIES,PARADE,11,14.0
56032,1,7,110,1,9,50.0,0,I,MELB_URBAN,ROAD,5,17.0
56033,1,7,130,4,1,60.0,0,N,MELB_URBAN,ROAD,10,12.0
56034,4,5,173,5,1,100.0,0,N,MELB_URBAN,FREEWAY,11,16.0
56035,1,5,99,2,1,60.0,0,I,MELB_URBAN,STREET,11,14.0
56036,1,5,160,5,1,50.0,0,N,MELB_URBAN,DRIVE,11,15.0
56037,1,5,147,5,1,60.0,0,N,MELB_URBAN,STREET,11,16.0
56038,1,5,110,1,1,70.0,0,N,MELB_URBAN,HIGHWAY,11,16.0
56039,1,5,120,5,1,70.0,0,N,MELB_URBAN,ROAD,11,14.0
56040,1,5,121,4,1,80.0,0,I,MELB_URBAN,HIGHWAY,11,15.0
56041,4,5,173,5,1,60.0,0,N,RURAL_VICTORIA,ROAD,11,18.0
56042,1,4,133,5,9,80.0,0,N,MELB_URBAN,ROAD,8,21.0
56043,4,7,173,5,5,100.0,0,N,RURAL_VICTORIA,HIGHWAY,8,20.0
56044,2,5,102,5,1,100.0,0,N,RURAL_VICTORIA,ROAD,11,16.0
56045,1,5,160,5,1,60.0,0,N,MELB_URBAN,ROAD,11,17.0
56046,1,5,163,5,1,50.0,0,N,MELB_URBAN,STREET,11,14.0
56047,1,4,130,2,1,60.0,0,I,MELB_URBAN,STREET,11,16.0
56048,1,5,99,1,2,60.0,0,I,LARGE_PROVINCIAL_CITIES,ROAD,11,19.0
56049,6,4,99,5,2,100.0,0,N,RURAL_VICTORIA,ROAD,11,20.0
56050,4,4,171,5,5,100.0,0,N,RURAL_VICTORIA,ROAD,11,21.0
56051,4,5,171,5,1,60.0,0,N,SMALL_CITIES,STREET,11,15.0
56052,2,5,99,5,5,80.0,0,N,SMALL_CITIES,HIGHWAY,11,23.0
56053,4,5,181,5,5,100.0,1,N,RURAL_VICTORIA,ROAD,11,21.0
56054,1,3,113,2,2,50.0,0,N,MELB_URBAN,OTHER,10,6.0
56055,4,6,171,5,5,110.0,0,N,RURAL_VICTORIA,FREEWAY,11,2.0
56056,4,6,173,1,3,60.0,0,N,MELB_URBAN,STREET,11,2.0
56057,4,5,183,1,9,60.0,0,I,MELB_URBAN,STREET,11,8.0
56058,1,6,99,5,1,50.0,0,N,MELB_URBAN,ROAD,11,8.0
56059,4,5,181,2,1,50.0,0,N,MELB_URBAN,DRIVE,11,17.0
56060,4,4,171,5,1,60.0,0,N,MELB_URBAN,ROAD,11,13.0
56061,1,7,130,5,2,80.0,0,N,MELB_URBAN,ROAD,11,5.0
56062,1,5,147,5,1,80.0,0,N,RURAL_VICTORIA,ROAD,11,16.0
56063,1,1,130,5,1,70.0,0,N,MELB_URBAN,HIGHWAY,11,12.0
56064,6,6,99,5,2,50.0,0,N,MELB_URBAN,STREET,11,6.0
56065,1,3,130,5,1,40.0,0,N,MELB_URBAN,ROAD,11,16.0
56066,1,6,147,5,1,50.0,0,N,MELB_URBAN,PARADE,11,11.0
56067,1,6,130,5,1,80.0,0,I,MELB_URBAN,HIGHWAY,11,10.0
56068,8,4,170,5,2,80.0,0,N,RURAL_VICTORIA,HIGHWAY,11,19.0
56069,1,6,121,1,2,60.0,0,I,MELB_URBAN,ROAD,11,7.0
56070,1,6,121,1,1,50.0,0,N,LARGE_PROVINCIAL_CITIES,STREET,11,9.0
56071,4,5,171,5,1,80.0,0,N,RURAL_VICTORIA,ROAD,11,13.0
56072,4,6,171,5,1,80.0,0,N,MELB_URBAN,FREEWAY,11,11.0
56073,6,1,99,5,1,100.0,0,N,RURAL_VICTORIA,ROAD,11,13.0
56074,8,6,184,5,1,80.0,0,N,MELB_URBAN,HIGHWAY,11,14.0
56075,4,6,181,5,1,100.0,0,N,MELB_URBAN,RAMP,11,11.0
56076,6,4,174,1,2,60.0,0,I,LARGE_PROVINCIAL_CITIES,STREET,7,7.0
56077,1,3,121,5,9,50.0,0,N,MELB_URBAN,ROAD,4,17.0
56078,2,6,102,1,1,80.0,0,I,MELB_URBAN,ROAD,11,14.0
56079,4,5,183,5,1,100.0,0,N,RURAL_VICTORIA,ROAD,11,17.0
56080,1,5,160,5,1,40.0,0,N,MELB_URBAN,STREET,11,9.0
56081,1,6,121,4,1,80.0,0,I,MELB_URBAN,RAMP,11,15.0
56082,1,5,130,1,1,70.0,0,I,MELB_URBAN,HIGHWAY,11,17.0
56083,1,6,120,5,1,100.0,0,N,RURAL_VICTORIA,ROAD,11,16.0
56084,1,6,99,5,1,80.0,0,N,MELB_URBAN,ROAD,11,16.0
56085,1,6,121,5,1,80.0,0,N,MELB_URBAN,ROAD,11,17.0
56086,1,6,160,5,1,50.0,0,N,MELB_URBAN,DRIVE,11,16.0
56087,1,5,130,9,1,60.0,0,N,MELB_URBAN,HIGHWAY,11,17.0
56088,1,6,113,2,1,60.0,0,I,SMALL_CITIES,ROAD,11,15.0
56089,2,5,99,5,1,40.0,0,N,MELB_URBAN,AVENUE,11,15.0
56090,1,6,121,1,2,70.0,0,I,SMALL_TOWNS,ROAD,11,19.0
56091,2,6,99,5,1,70.0,0,N,MELB_URBAN,ROAD,11,13.0
56092,1,6,99,2,1,80.0,0,I,RURAL_VICTORIA,ROAD,11,16.0
56093,4,6,181,5,1,100.0,1,N,RURAL_VICTORIA,HIGHWAY,11,17.0
56094,4,6,171,1,1,70.0,0,I,MELB_URBAN,ROAD,11,18.0
56095,1,5,99,5,1,70.0,0,N,MELB_URBAN,ROAD,11,17.0
56096,2,6,100,1,1,70.0,0,I,MELB_URBAN,ROAD,11,16.0
56097,3,6,167,5,5,100.0,0,N,RURAL_VICTORIA,ROAD,11,21.0
56098,1,6,110,1,3,60.0,0,I,LARGE_PROVINCIAL_CITIES,STREET,11,23.0
56099,1,1,110,1,1,80.0,0,I,SMALL_CITIES,HIGHWAY,11,5.0
56100,4,6,99,1,1,70.0,0,N,MELB_URBAN,ROAD,11,14.0
56101,1,1,132,2,1,60.0,0,I,MELB_URBAN,ROAD,10,16.0
56102,2,7,100,5,3,70.0,0,N,MELB_URBAN,ROAD,11,4.0
56103,1,7,160,2,2,60.0,0,N,MELB_URBAN,ROAD,11,5.0
56104,1,6,130,5,1,80.0,0,N,RURAL_VICTORIA,HIGHWAY,11,16.0
56105,1,3,132,2,2,60.0,0,I,MELB_URBAN,ROAD,10,20.0
56106,1,7,120,5,1,60.0,0,N,RURAL_VICTORIA,STREET,11,11.0
56107,1,7,130,5,1,80.0,0,N,MELB_URBAN,FREEWAY,11,12.0
56108,8,7,174,5,1,100.0,0,N,RURAL_VICTORIA,ROAD,11,10.0
56109,4,5,173,2,2,80.0,0,I,MELB_URBAN,ROAD,11,5.0
56110,1,6,121,1,1,80.0,0,I,MELB_URBAN,ROAD,11,10.0
56111,1,5,130,5,9,60.0,0,N,MELB_URBAN,ROAD,11,16.0
56112,1,7,134,5,1,80.0,0,N,MELB_URBAN,STREET,11,12.0
56113,2,1,99,1,1,60.0,0,N,MELB_URBAN,ROAD,10,9.0
56114,1,7,147,5,1,50.0,0,N,MELB_URBAN,STREET,11,13.0
56115,1,7,99,5,1,60.0,0,N,MELB_URBAN,PARADE,11,14.0
56116,1,7,130,5,1,80.0,0,N,RURAL_VICTORIA,ROAD,11,13.0
56117,1,7,113,2,1,60.0,0,I,TOWNS,ROAD,11,14.0
56118,8,7,184,5,1,100.0,0,N,RURAL_VICTORIA,ROAD,11,14.0
56119,1,7,130,2,1,100.0,0,I,RURAL_VICTORIA,HIGHWAY,11,17.0
56120,4,6,171,5,1,100.0,0,N,RURAL_VICTORIA,ROAD,11,18.0
56121,1,7,121,1,1,60.0,0,I,MELB_URBAN,ROAD,11,15.0
56122,1,7,99,5,1,40.0,0,N,MELB_URBAN,DRIVE,11,17.0
56123,1,5,110,1,1,50.0,0,I,MELB_URBAN,STREET,10,18.0
56124,1,7,99,5,1,50.0,0,N,MELB_URBAN,OTHER,11,16.0
56125,1,6,99,2,2,50.0,0,I,MELB_URBAN,ROAD,11,19.0
56126,1,6,130,1,1,80.0,0,I,MELB_URBAN,ROAD,11,14.0
56127,1,7,121,1,2,80.0,0,I,MELB_URBAN,ROAD,11,19.0
56128,8,4,99,5,2,60.0,0,N,RURAL_VICTORIA,OTHER,11,6.0
56129,1,7,99,5,3,50.0,0,N,MELB_URBAN,STREET,11,22.0
56130,1,7,110,1,2,100.0,1,I,RURAL_VICTORIA,ROAD,11,19.0
56131,4,1,171,2,3,50.0,0,I,TOWNS,OTHER,11,1.0
56132,6,1,170,5,3,60.0,0,N,SMALL_CITIES,STREET,11,4.0
56133,4,1,181,5,5,60.0,0,N,RURAL_VICTORIA,ROAD,11,2.0
56134,1,6,121,5,1,60.0,0,N,MELB_URBAN,ROAD,11,13.0
56135,1,3,130,1,1,60.0,0,I,MELB_URBAN,DRIVE,11,13.0
56136,1,0,121,2,3,60.0,0,I,MELB_URBAN,PARADE,10,21.0
56137,1,1,133,1,3,60.0,0,I,MELB_URBAN,STREET,11,1.0
56138,1,6,147,5,1,60.0,0,N,MELB_URBAN,DRIVE,11,13.0
56139,4,1,171,5,5,100.0,0,N,RURAL_VICTORIA,ROAD,9,22.0
56140,1,1,130,5,2,110.0,0,N,SMALL_TOWNS,FREEWAY,11,7.0
56141,1,5,130,1,1,60.0,0,I,MELB_URBAN,ROAD,11,11.0
56142,1,1,121,2,1,60.0,0,I,MELB_URBAN,ROAD,11,11.0
56143,1,5,99,5,9,60.0,0,N,MELB_URBAN,ROAD,11,11.0
56144,8,5,174,5,1,60.0,0,N,RURAL_VICTORIA,ROAD,11,12.0
56145,1,1,99,2,1,50.0,0,I,MELB_URBAN,ROAD,11,8.0
56146,2,0,100,1,1,60.0,0,I,MELB_URBAN,HIGHWAY,11,13.0
56147,1,1,116,1,1,100.0,0,I,RURAL_VICTORIA,ROAD,11,12.0
56148,2,0,99,5,1,50.0,0,N,MELB_URBAN,DRIVE,11,12.0
56149,1,1,110,1,1,50.0,0,I,MELB_URBAN,STREET,11,11.0
56150,4,1,183,5,1,100.0,0,N,RURAL_VICTORIA,ROAD,11,12.0
56151,1,6,133,5,5,60.0,0,N,MELB_URBAN,HIGHWAY,11,22.0
56152,1,7,99,2,1,40.0,0,I,MELB_URBAN,STREET,11,18.0
56153,1,6,130,5,1,60.0,0,N,MELB_URBAN,ROAD,11,15.0
56154,1,1,120,5,1,80.0,0,N,RURAL_VICTORIA,ROAD,11,13.0
56155,4,1,173,5,1,100.0,0,N,RURAL_VICTORIA,ROAD,11,15.0
56156,1,1,99,2,9,60.0,0,I,MELB_URBAN,ROAD,11,1.0
56157,4,1,171,2,1,60.0,0,I,TOWNS,STREET,11,18.0
56158,1,1,140,4,1,80.0,0,N,MELB_URBAN,ROAD,11,15.0
56159,4,1,173,1,2,50.0,0,I,MELB_URBAN,STREET,11,19.0
56160,6,6,99,5,1,100.0,0,N,RURAL_VICTORIA,ROAD,11,16.0
56161,1,1,130,2,3,70.0,0,I,MELB_URBAN,STREET,11,21.0
56162,8,1,99,1,6,60.0,0,I,SMALL_CITIES,STREET,11,19.0
56163,4,1,171,2,3,50.0,0,I,MELB_URBAN,ROAD,11,22.0
56164,4,1,183,5,6,100.0,0,N,MELB_URBAN,FREEWAY,11,22.0
56165,4,1,181,5,3,60.0,0,I,LARGE_PROVINCIAL_CITIES,STREET,11,22.0
56166,1,2,121,1,3,70.0,0,N,MELB_URBAN,STREET,11,0.0
56167,1,5,130,1,1,70.0,0,I,MELB_URBAN,HIGHWAY,11,15.0
56168,1,1,160,5,3,50.0,0,N,MELB_URBAN,AVENUE,11,1.0
56169,3,2,167,5,2,110.0,0,N,SMALL_CITIES,FREEWAY,11,4.0
56170,1,0,99,3,1,60.0,0,I,MELB_URBAN,ROAD,11,17.0
56171,1,2,121,2,1,60.0,0,I,MELB_URBAN,ROAD,11,8.0
56172,1,5,130,5,1,40.0,0,N,RURAL_VICTORIA,ROAD,11,15.0
56173,1,1,147,5,1,40.0,0,N,SMALL_CITIES,ROAD,11,14.0
56174,1,1,130,5,1,80.0,0,N,MELB_URBAN,OTHER,11,9.0
56175,8,1,99,5,1,100.0,0,N,RURAL_VICTORIA,ROAD,11,10.0
56176,1,2,130,5,1,60.0,0,N,SMALL_TOWNS,STREET,11,8.0
56177,6,7,184,5,1,100.0,0,N,RURAL_VICTORIA,ROAD,11,12.0
56178,8,2,174,5,1,40.0,0,N,MELB_URBAN,ROAD,11,9.0
56179,1,2,113,1,1,60.0,0,I,MELB_URBAN,ROAD,11,8.0
56180,1,2,99,2,1,80.0,0,I,SMALL_TOWNS,ROAD,11,6.0
56181,2,2,100,5,1,50.0,0,N,SMALL_CITIES,STREET,11,8.0
56182,4,6,171,5,1,100.0,0,N,RURAL_VICTORIA,HIGHWAY,11,18.0
56183,1,2,147,5,1,60.0,0,I,MELB_URBAN,ROAD,11,10.0
56184,8,3,174,1,2,60.0,0,I,MELB_URBAN,STREET,11,7.0
56185,8,1,184,5,1,60.0,0,N,MELB_URBAN,ROAD,11,13.0