,accident_type,day_of_week,dca_code,road_geometry,light_condition,speed_zone,severity,node_type,deg_urban_name,road_type,month,hour
56186,1,1,135,1,1,60.0,0,I,MELB_URBAN,STREET,11,8.0
56187,4,2,181,2,3,60.0,0,I,MELB_URBAN,ROAD,11,2.0
56188,1,2,99,5,1,40.0,0,N,MELB_URBAN,STREET,11,13.0
56189,8,1,99,1,1,60.0,0,I,MELB_URBAN,BOULEVARD,11,18.0
56190,1,3,99,2,1,60.0,0,I,MELB_URBAN,PARADE,11,16.0
56191,1,1,160,2,2,50.0,0,N,MELB_URBAN,ROAD,11,20.0
56192,6,2,170,5,2,100.0,0,N,RURAL_VICTORIA,HIGHWAY,11,6.0
56193,1,2,110,1,1,100.0,1,I,RURAL_VICTORIA,ROAD,11,8.0
56194,4,5,99,2,9,60.0,0,I,RURAL_VICTORIA,DRIVE,10,8.0
56195,1,2,110,1,3,80.0,1,I,MELB_URBAN,ROAD,11,3.0
56196,1,5,140,2,1,80.0,0,I,MELB_URBAN,ROAD,11,11.0
56197,1,2,130,5,1,70.0,0,N,MELB_URBAN,ROAD,11,14.0
56198,1,1,121,2,1,60.0,0,I,MELB_URBAN,ROAD,11,14.0
56199,4,2,171,5,1,100.0,0,N,RURAL_VICTORIA,HIGHWAY,11,14.0
56200,1,5,99,5,1,50.0,0,N,LARGE_PROVINCIAL_CITIES,STREET,11,16.0
56201,1,2,130,5,1,60.0,0,N,MELB_URBAN,AVENUE,11,16.0
56202,1,2,147,5,1,60.0,0,N,MELB_URBAN,ROAD,11,16.0
56203,1,3,110,1,1,50.0,0,I,LARGE_PROVINCIAL_CITIES,STREET,11,12.0
56204,8,2,184,5,1,60.0,0,N,RURAL_VICTORIA,OTHER,11,14.0
56205,1,1,110,1,1,80.0,0,I,MELB_URBAN,HIGHWAY,11,16.0
56206,1,2,121,2,1,100.0,0,N,MELB_URBAN,ROAD,11,15.0
56207,1,2,130,4,1,50.0,0,I,MELB_URBAN,ROAD,11,17.0
56208,1,2,130,5,1,80.0,0,N,MELB_URBAN,FREEWAY,11,15.0
56209,1,2,99,5,1,100.0,0,N,MELB_URBAN,ROAD,11,18.0
56210,4,2,173,5,1,60.0,0,N,MELB_URBAN,ROAD,11,17.0
56211,1,1,133,1,2,70.0,0,N,MELB_URBAN,AVENUE,11,18.0
56212,4,2,173,5,1,60.0,0,N,LARGE_PROVINCIAL_CITIES,ROAD,11,18.0
56213,1,2,130,5,2,60.0,0,N,MELB_URBAN,ROAD,11,20.0
56214,8,7,174,5,1,60.0,0,N,RURAL_VICTORIA,ROAD,6,11.0
56215,1,2,147,2,2,60.0,0,I,MELB_URBAN,ROAD,11,19.0
56216,1,2,120,5,1,100.0,0,N,RURAL_VICTORIA,ROAD,11,18.0
56217,1,3,133,2,1,60.0,0,I,MELB_URBAN,ROAD,11,11.0
56218,1,2,163,5,1,40.0,0,N,MELB_URBAN,STREET,11,15.0
56219,1,3,113,2,3,60.0,0,I,MELB_URBAN,ROAD,12,1.0
56220,1,0,130,2,2,60.0,0,I,MELB_URBAN,ROAD,10,18.0
56221,1,1,99,5,1,100.0,0,N,RURAL_VICTORIA,ROAD,11,8.0
56222,1,7,130,5,1,60.0,0,N,MELB_URBAN,ROAD,11,18.0
56223,4,4,173,5,1,50.0,0,N,MELB_URBAN,OTHER,10,9.0
56224,1,2,99,2,1,60.0,0,I,MELB_URBAN,STREET,10,8.0
56225,1,1,120,2,1,80.0,0,I,MELB_URBAN,ROAD,11,14.0
56226,1,2,130,5,1,100.0,0,N,MELB_URBAN,FREEWAY,11,17.0
56227,1,4,99,5,1,80.0,0,N,MELB_URBAN,ROAD,10,8.0
56228,1,3,99,5,1,60.0,0,N,MELB_URBAN,STREET,12,8.0
56229,1,2,135,2,1,40.0,0,I,MELB_URBAN,ROAD,11,8.0
56230,1,2,130,5,2,100.0,0,N,MELB_URBAN,FREEWAY,11,19.0
56231,1,5,121,1,1,60.0,0,I,MELB_URBAN,ROAD,10,12.0
56232,1,5,110,1,1,60.0,0,I,MELB_URBAN,STREET,11,17.0
56233,4,0,173,5,1,90.0,0,N,RURAL_VICTORIA,ROAD,11,12.0
56234,1,6,120,5,1,60.0,0,I,MELB_URBAN,BOULEVARD,11,17.0
56235,4,4,171,5,1,100.0,0,N,RURAL_VICTORIA,ROAD,11,12.0
56236,2,2,102,2,1,80.0,0,I,MELB_URBAN,HIGHWAY,12,12.0
56237,1,3,133,1,1,40.0,0,I,MELBOURNE_CBD,STREET,12,8.0
56238,1,4,133,5,1,40.0,0,N,MELB_URBAN,STREET,5,13.0
56239,4,3,181,5,1,80.0,0,N,LARGE_PROVINCIAL_CITIES,ROAD,12,12.0
56240,1,3,99,5,1,100.0,0,N,RURAL_VICTORIA,ROAD,12,10.0
56241,1,3,121,1,1,50.0,0,I,MELB_URBAN,ROAD,12,11.0
56242,1,3,113,2,1,60.0,0,I,MELB_URBAN,ROAD,12,13.0
56243,1,3,113,1,1,50.0,0,I,MELB_URBAN,ROAD,12,7.0
56244,3,3,167,5,1,80.0,0,N,RURAL_VICTORIA,ROAD,12,14.0
56245,4,3,173,5,1,60.0,0,N,TOWNS,ROAD,12,13.0
56246,1,2,135,5,1,100.0,0,N,MELB_URBAN,FREEWAY,11,13.0
56247,1,3,147,5,1,50.0,0,N,MELB_URBAN,DRIVE,12,14.0
56248,1,3,147,5,1,50.0,0,N,MELB_URBAN,STREET,12,15.0
56249,1,5,99,5,2,60.0,0,N,MELB_URBAN,ROAD,10,19.0
56250,1,6,130,5,9,60.0,0,N,MELB_URBAN,ROAD,11,14.0
56251,6,1,99,5,1,80.0,0,N,RURAL_VICTORIA,ROAD,9,14.0
56252,1,3,130,1,1,60.0,0,I,MELB_URBAN,ROAD,12,15.0
56253,1,3,163,5,1,40.0,0,N,MELB_URBAN,STREET,12,16.0
56254,2,3,99,5,1,60.0,0,N,MELB_URBAN,STREET,12,16.0
56255,1,3,121,1,1,70.0,0,I,MELB_URBAN,ROAD,12,15.0
56256,1,2,132,5,1,100.0,0,N,RURAL_VICTORIA,ROAD,12,16.0
56257,6,2,174,5,2,70.0,0,N,MELB_URBAN,ROAD,12,17.0
56258,4,1,183,5,5,100.0,0,N,RURAL_VICTORIA,ROAD,11,6.0
56259,1,3,99,5,1,50.0,0,N,MELB_URBAN,STREET,12,16.0
56260,4,3,181,5,1,100.0,0,N,RURAL_VICTORIA,ROAD,12,17.0
56261,1,2,110,1,1,50.0,0,I,MELB_URBAN,STREET,12,17.0
56262,1,3,120,2,1,60.0,0,I,RURAL_VICTORIA,ROAD,12,17.0
56263,1,6,121,4,3,70.0,0,I,MELB_URBAN,ROAD,11,21.0
56264,1,2,121,4,1,70.0,0,N,MELB_URBAN,ROAD,12,18.0
56265,4,3,181,5,2,100.0,0,N,RURAL_VICTORIA,HIGHWAY,12,19.0
56266,6,3,170,5,1,100.0,0,N,RURAL_VICTORIA,ROAD,12,15.0
56267,1,3,113,2,1,60.0,0,I,MELB_URBAN,ROAD,12,16.0
56268,1,5,130,1,1,80.0,0,I,SMALL_TOWNS,HIGHWAY,10,8.0
56269,2,2,102,2,3,60.0,0,I,MELB_URBAN,STREET,12,0.0
56270,4,3,173,5,5,80.0,0,N,RURAL_VICTORIA,HIGHWAY,12,23.0
56271,1,1,110,1,1,60.0,0,I,MELB_URBAN,ROAD,11,15.0
56272,5,4,99,2,3,60.0,0,N,MELB_URBAN,OTHER,12,4.0
56273,4,4,99,2,3,50.0,0,I,MELB_URBAN,ROAD,11,21.0
56274,1,4,113,2,1,70.0,0,I,MELB_URBAN,HIGHWAY,12,7.0
56275,8,7,99,5,1,60.0,0,N,MELB_URBAN,ROAD,10,14.0
56276,1,3,110,1,1,50.0,0,I,SMALL_CITIES,STREET,12,17.0
56277,1,4,130,5,1,70.0,0,N,MELB_URBAN,ROAD,12,8.0
56278,2,3,100,2,1,80.0,0,I,MELB_URBAN,ROAD,12,8.0
56279,1,4,135,5,1,60.0,0,N,MELB_URBAN,ROAD,12,10.0
56280,4,7,173,5,1,70.0,0,N,LARGE_PROVINCIAL_CITIES,STREET,3,14.0
56281,1,4,132,5,1,50.0,0,N,LARGE_PROVINCIAL_CITIES,STREET,12,12.0
56282,1,4,160,5,1,60.0,0,N,MELB_URBAN,STREET,12,8.0
56283,1,5,130,1,2,60.0,0,I,MELB_URBAN,ROAD,10,17.0
56284,2,3,99,5,1,60.0,0,N,MELB_URBAN,STREET,12,12.0
56285,1,4,135,5,1,100.0,0,N,MELB_URBAN,FREEWAY,12,13.0
56286,6,3,174,5,1,60.0,0,N,MELB_URBAN,FREEWAY,12,15.0
56287,1,4,99,5,1,100.0,0,N,RURAL_VICTORIA,ROAD,12,8.0
56288,4,4,181,5,2,100.0,0,N,RURAL_VICTORIA,HIGHWAY,10,17.0
56289,2,4,100,5,1,40.0,0,N,MELB_URBAN,STREET,12,13.0
56290,6,6,99,5,3,50.0,0,N,MELB_URBAN,STREET,11,23.0
56291,1,4,113,2,1,60.0,0,I,MELB_URBAN,ROAD,12,15.0
56292,1,4,113,2,1,100.0,0,I,RURAL_VICTORIA,HIGHWAY,12,15.0
56293,1,3,99,1,1,40.0,0,I,MELB_URBAN,ROAD,12,8.0
56294,1,1,99,5,9,60.0,0,N,MELB_URBAN,STREET,11,3.0
56295,1,4,110,1,1,60.0,0,I,MELB_URBAN,ROAD,12,15.0
56296,1,4,120,5,1,60.0,0,N,MELB_URBAN,ROAD,12,13.0
56297,1,3,99,2,2,60.0,0,I,LARGE_PROVINCIAL_CITIES,STREET,12,17.0
56298,2,4,100,5,1,50.0,0,N,MELB_URBAN,ROAD,12,16.0
56299,8,7,184,2,1,60.0,0,I,RURAL_VICTORIA,ROAD,11,14.0
56300,1,2,130,1,9,60.0,0,I,LARGE_PROVINCIAL_CITIES,OTHER,11,9.0
56301,4,4,173,2,1,30.0,0,I,MELB_URBAN,ROAD,12,16.0
56302,1,4,99,5,1,40.0,0,N,MELB_URBAN,STREET,11,8.0
56303,1,6,99,5,2,60.0,0,N,MELB_URBAN,OTHER,11,19.0
56304,1,4,120,5,1,60.0,0,N,MELB_URBAN,ROAD,12,15.0
56305,4,4,171,5,1,50.0,0,N,MELB_URBAN,DRIVE,12,17.0
56306,1,4,130,2,1,60.0,0,I,MELB_URBAN,ROAD,12,13.0
56307,1,4,130,2,1,60.0,0,I,MELB_URBAN,ROAD,12,14.0
56308,1,4,163,5,1,50.0,0,N,MELB_URBAN,STREET,12,10.0
56309,1,4,110,1,4,80.0,0,I,MELB_URBAN,ROAD,12,20.0
56310,6,1,174,2,1,50.0,0,I,MELB_URBAN,ROAD,11,17.0
56311,4,4,171,5,3,60.0,0,N,MELB_URBAN,STREET,12,21.0
56312,4,4,173,5,3,50.0,0,N,MELB_URBAN,OTHER,12,22.0
56313,4,4,173,5,3,50.0,0,N,MELB_URBAN,OTHER,12,23.0
56314,6,5,99,5,5,110.0,0,N,RURAL_VICTORIA,FREEWAY,12,3.0
56315,8,3,99,5,1,70.0,0,N,MELB_URBAN,ROAD,12,13.0
56316,1,4,135,5,1,100.0,0,N,RURAL_VICTORIA,FREEWAY,12,15.0
56317,1,4,121,1,1,60.0,0,I,MELB_URBAN,HIGHWAY,12,10.0
56318,1,5,110,1,1,100.0,0,I,RURAL_VICTORIA,ROAD,12,7.0
56319,1,1,130,5,1,60.0,0,N,MELB_URBAN,ROAD,11,13.0
56320,1,1,130,1,1,60.0,0,I,MELB_URBAN,HIGHWAY,11,13.0
56321,4,1,181,5,1,100.0,0,N,RURAL_VICTORIA,OTHER,11,17.0
56322,1,4,121,1,1,50.0,0,I,SMALL_CITIES,STREET,12,8.0
56323,1,4,99,4,1,50.0,0,I,MELB_URBAN,STREET,12,13.0
56324,1,5,99,1,1,60.0,0,I,LARGE_PROVINCIAL_CITIES,ROAD,12,10.0
56325,1,6,130,5,1,60.0,0,N,MELB_URBAN,STREET,11,18.0
56326,8,7,174,5,1,60.0,0,N,MELB_URBAN,ROAD,11,17.0
56327,4,5,173,5,1,100.0,0,N,RURAL_VICTORIA,ROAD,12,10.0
56328,6,3,99,5,1,80.0,0,N,RURAL_VICTORIA,ROAD,11,12.0
56329,4,3,171,2,1,50.0,0,N,MELB_URBAN,OTHER,12,14.0
56330,1,5,133,5,1,80.0,0,N,MELB_URBAN,HIGHWAY,12,11.0
56331,1,2,130,2,1,70.0,0,I,RURAL_VICTORIA,ROAD,11,11.0
56332,1,1,113,2,1,60.0,0,I,MELB_URBAN,STREET,12,14.0
56333,4,1,183,5,1,100.0,0,N,RURAL_VICTORIA,HIGHWAY,11,10.0
56334,1,5,160,2,1,50.0,0,I,MELB_URBAN,STREET,12,14.0
56335,1,4,130,2,1,60.0,0,I,MELB_URBAN,PARADE,10,12.0
56336,8,4,174,5,1,60.0,0,N,MELB_URBAN,ROAD,12,12.0
56337,1,3,130,5,1,40.0,0,N,MELB_URBAN,ROAD,12,15.0
56338,4,4,99,5,1,40.0,0,N,MELB_URBAN,OTHER,12,13.0
56339,1,6,130,1,9,60.0,0,I,SMALL_CITIES,HIGHWAY,11,16.0
56340,8,6,99,5,5,60.0,0,N,SMALL_CITIES,STREET,11,21.0
56341,1,5,113,2,1,50.0,0,I,LARGE_PROVINCIAL_CITIES,ROAD,12,12.0
56342,1,5,120,5,1,100.0,0,N,RURAL_VICTORIA,HIGHWAY,12,15.0
56343,1,5,130,5,1,80.0,0,N,MELB_URBAN,ROAD,12,16.0
56344,2,5,100,2,1,60.0,0,I,MELB_URBAN,ROAD,12,16.0
56345,1,2,130,5,1,70.0,0,N,MELB_URBAN,ROAD,10,11.0
56346,1,5,130,5,1,80.0,0,N,MELB_URBAN,HIGHWAY,12,18.0
56347,1,5,130,5,1,100.0,0,N,MELB_URBAN,ROAD,12,17.0
56348,8,5,174,5,1,60.0,0,N,RURAL_VICTORIA,ROAD,12,14.0
56349,1,2,130,5,1,100.0,0,N,MELB_URBAN,FREEWAY,11,15.0
56350,4,5,173,5,2,60.0,0,N,RURAL_VICTORIA,ROAD,12,19.0
56351,1,5,147,5,1,50.0,1,N,SMALL_CITIES,STREET,12,18.0
56352,1,3,110,1,2,60.0,0,N,MELB_URBAN,ROAD,12,20.0
56353,1,5,160,2,1,50.0,0,I,SMALL_CITIES,STREET,12,16.0
56354,1,6,110,4,1,60.0,0,I,MELB_URBAN,ROAD,6,13.0
56355,4,5,173,5,1,60.0,0,N,MELB_URBAN,ROAD,12,18.0
56356,2,5,100,2,3,60.0,0,I,MELB_URBAN,ROAD,12,21.0
56357,1,4,134,1,3,60.0,0,I,MELB_URBAN,STREET,12,23.0
56358,8,5,174,5,2,50.0,0,N,RURAL_VICTORIA,ROAD,12,6.0
56359,1,5,135,2,1,40.0,0,I,MELB_URBAN,OTHER,12,18.0
56360,1,6,99,2,2,60.0,0,I,MELB_URBAN,ROAD,12,6.0
56361,1,6,110,1,1,50.0,0,I,MELB_URBAN,STREET,12,8.0
56362,8,5,99,5,1,50.0,0,N,MELB_URBAN,STREET,11,10.0
56363,1,5,130,5,1,100.0,0,N,MELB_URBAN,FREEWAY,11,8.0
56364,1,6,99,5,1,50.0,0,N,MELB_URBAN,ROAD,12,8.0
56365,1,5,130,1,1,60.0,0,N,MELB_URBAN,ROAD,12,8.0
56366,1,6,130,2,1,70.0,0,I,TOWNS,HIGHWAY,12,7.0
56367,1,6,130,5,3,80.0,0,N,MELB_URBAN,OTHER,12,7.0
56368,1,1,116,2,1,60.0,0,I,MELB_URBAN,ROAD,11,17.0
56369,1,6,130,5,1,80.0,0,N,MELB_URBAN,AVENUE,12,8.0
56370,4,6,171,2,1,70.0,0,I,MELB_URBAN,ROAD,12,10.0
56371,1,6,121,1,1,60.0,0,I,LARGE_PROVINCIAL_CITIES,STREET,12,12.0
56372,1,7,132,2,1,60.0,0,I,MELB_URBAN,ROAD,11,18.0
56373,1,6,132,2,1,100.0,0,I,RURAL_VICTORIA,HIGHWAY,12,7.0
56374,1,6,132,1,1,60.0,0,I,LARGE_PROVINCIAL_CITIES,STREET,12,11.0
56375,1,6,130,4,1,60.0,0,I,MELB_URBAN,RAMP,12,7.0
56376,1,5,133,5,1,80.0,0,N,MELB_URBAN,HIGHWAY,12,15.0
56377,1,6,110,1,1,50.0,0,I,MELB_URBAN,STREET,12,9.0
56378,1,6,99,5,1,100.0,0,N,RURAL_VICTORIA,ROAD,12,10.0
56379,6,6,174,5,3,70.0,0,N,MELB_URBAN,ROAD,11,20.0
56380,1,6,110,1,1,40.0,0,I,MELB_URBAN,ROAD,11,19.0
56381,4,4,171,5,1,60.0,0,N,MELB_URBAN,ROAD,11,16.0
56382,1,7,130,5,1,60.0,0,N,MELB_URBAN,ROAD,11,15.0
56383,2,1,99,5,5,80.0,0,N,MELB_URBAN,ROAD,11,22.0
56384,4,6,183,5,1,100.0,0,N,RURAL_VICTORIA,ROAD,12,12.0
56385,1,6,110,1,1,60.0,0,I,LARGE_PROVINCIAL_CITIES,STREET,12,15.0
56386,1,6,121,5,1,60.0,0,N,SMALL_CITIES,OTHER,12,15.0
56387,1,3,130,5,1,50.0,0,N,LARGE_PROVINCIAL_CITIES,STREET,11,15.0
56388,1,4,132,2,1,60.0,0,I,SMALL_CITIES,PARADE,12,16.0
56389,1,6,140,5,1,60.0,0,N,MELB_URBAN,ROAD,12,12.0
56390,1,5,99,5,1,50.0,0,N,TOWNS,STREET,12,15.0
56391,1,6,134,5,1,70.0,0,N,MELB_URBAN,RAMP,12,14.0
56392,1,6,120,5,1,100.0,0,N,RURAL_VICTORIA,ROAD,12,13.0
56393,1,6,110,1,1,50.0,0,I,MELB_URBAN,AVENUE,12,16.0
56394,1,6,130,5,1,80.0,0,I,RURAL_VICTORIA,STREET,12,16.0
56395,1,6,120,5,1,80.0,0,N,MELB_URBAN,ROAD,12,15.0
56396,1,6,99,5,1,100.0,0,N,RURAL_VICTORIA,ROAD,12,16.0
56397,1,6,116,1,1,80.0,0,I,MELB_URBAN,ROAD,12,16.0
56398,1,6,147,2,1,60.0,0,I,MELB_URBAN,HIGHWAY,12,16.0
56399,1,6,99,2,1,60.0,0,I,MELB_URBAN,STREET,11,8.0
56400,1,7,110,1,9,60.0,0,I,SMALL_TOWNS,HIGHWAY,11,14.0
56401,2,6,100,5,1,80.0,0,N,MELB_URBAN,HIGHWAY,12,17.0
56402,1,6,130,5,1,100.0,0,I,MELB_URBAN,FREEWAY,12,15.0
56403,7,5,99,5,1,50.0,0,N,SMALL_CITIES,STREET,12,18.0
56404,1,6,130,5,1,100.0,0,N,MELB_URBAN,FREEWAY,12,16.0
56405,4,6,171,5,2,50.0,0,N,MELB_URBAN,HIGHWAY,12,19.0
56406,1,5,130,2,1,60.0,0,I,MELB_URBAN,ROAD,12,14.0
56407,4,1,171,5,2,100.0,0,N,RURAL_VICTORIA,OTHER,10,20.0
56408,1,6,130,2,1,60.0,0,I,MELB_URBAN,STREET,12,18.0
56409,4,5,99,2,1,50.0,0,I,MELB_URBAN,STREET,12,15.0
56410,1,5,121,2,1,60.0,0,I,MELB_URBAN,ROAD,12,17.0
56411,4,1,183,5,1,50.0,0,N,MELB_URBAN,ROAD,11,18.0
56412,4,6,171,5,5,100.0,0,N,MELB_URBAN,FREEWAY,12,21.0
56413,6,6,174,5,3,60.0,0,N,LARGE_PROVINCIAL_CITIES,ROAD,12,22.0
56414,1,6,121,5,3,60.0,0,N,MELB_URBAN,ROAD,12,20.0
56415,1,3,121,2,1,70.0,0,I,MELB_URBAN,ROAD,11,15.0
56416,5,6,171,5,1,80.0,0,N,RURAL_VICTORIA,ROAD,12,18.0
56417,2,6,99,5,3,60.0,0,N,SMALL_CITIES,STREET,12,23.0
56418,1,1,130,5,1,100.0,0,N,MELB_URBAN,FREEWAY,10,8.0
56419,8,7,99,5,3,60.0,0,N,MELB_URBAN,STREET,12,2.0
56420,4,7,181,5,5,100.0,0,N,RURAL_VICTORIA,ROAD,12,1.0
56421,4,7,171,5,3,60.0,0,N,MELB_URBAN,ROAD,12,0.0
56422,1,6,120,5,3,60.0,0,N,MELB_URBAN,DRIVE,12,23.0
56423,1,6,130,2,9,60.0,0,I,MELB_URBAN,ROAD,12,17.0
56424,6,6,170,5,1,100.0,0,N,RURAL_VICTORIA,ROAD,12,13.0
56425,4,7,181,2,1,50.0,0,I,MELB_URBAN,STREET,12,8.0
56426,1,5,110,1,1,60.0,0,I,MELB_URBAN,ROAD,12,16.0
56427,2,7,102,5,1,50.0,0,N,MELB_URBAN,ROAD,12,9.0
56428,4,7,181,5,1,80.0,0,N,RURAL_VICTORIA,ROAD,12,8.0
56429,1,6,99,1,1,60.0,0,I,MELB_URBAN,HIGHWAY,12,12.0
56430,1,6,130,5,1,100.0,0,N,MELB_URBAN,FREEWAY,12,7.0
56431,1,7,99,2,1,60.0,0,I,MELB_URBAN,ROAD,12,10.0
56432,6,6,170,5,1,80.0,0,N,RURAL_VICTORIA,ROAD,12,11.0
56433,6,7,99,5,1,40.0,0,N,RURAL_VICTORIA,HIGHWAY,12,8.0
56434,1,7,121,1,1,100.0,0,I,RURAL_VICTORIA,ROAD,12,10.0
56435,8,5,174,4,1,60.0,0,I,MELB_URBAN,ROAD,12,8.0
56436,1,7,130,5,1,70.0,0,N,MELB_URBAN,ROAD,12,12.0
56437,4,7,171,2,1,50.0,0,I,MELB_URBAN,ROAD,12,13.0
56438,1,7,110,1,1,60.0,0,I,MELB_URBAN,ROAD,12,14.0
56439,4,6,173,5,5,100.0,0,N,RURAL_VICTORIA,ROAD,12,21.0
56440,1,7,133,4,1,60.0,0,I,MELB_URBAN,ROAD,12,11.0
56441,1,6,110,1,1,50.0,0,I,TOWNS,STREET,12,13.0
56442,6,7,174,2,5,50.0,0,I,LARGE_PROVINCIAL_CITIES,STREET,11,21.0
56443,1,7,99,1,9,60.0,0,I,MELB_URBAN,PARADE,12,15.0
56444,1,7,110,1,1,60.0,0,I,MELB_URBAN,ROAD,12,14.0
56445,1,6,113,2,1,60.0,0,I,SMALL_CITIES,AVENUE,12,15.0
56446,1,7,121,2,1,100.0,0,I,MELB_URBAN,HIGHWAY,12,16.0
56447,4,3,181,5,1,80.0,0,N,RURAL_VICTORIA,ROAD,12,18.0
56448,4,7,173,5,1,100.0,0,N,RURAL_VICTORIA,HIGHWAY,12,17.0
56449,4,7,171,5,1,50.0,0,N,MELB_URBAN,ROAD,12,17.0
56450,1,7,110,1,1,100.0,0,I,RURAL_VICTORIA,HIGHWAY,12,16.0
56451,3,1,167,5,1,60.0,0,N,RURAL_VICTORIA,ROAD,11,13.0
56452,4,7,183,2,1,100.0,0,I,RURAL_VICTORIA,ROAD,12,15.0
56453,4,7,183,5,1,60.0,0,N,MELB_URBAN,RAMP,12,19.0
56454,1,7,110,1,2,60.0,0,I,MELB_URBAN,ROAD,12,19.0
56455,1,7,110,1,1,80.0,1,I,SMALL_CITIES,STREET,12,17.0
56456,1,7,132,2,1,50.0,0,I,RURAL_VICTORIA,DRIVE,12,17.0
56457,1,7,110,1,3,60.0,0,I,MELB_URBAN,STREET,12,21.0
56458,4,6,171,5,1,80.0,0,N,RURAL_VICTORIA,HIGHWAY,12,18.0
56459,1,7,130,5,2,80.0,0,N,MELB_URBAN,FREEWAY,12,19.0
56460,8,7,99,5,1,60.0,0,N,RURAL_VICTORIA,ROAD,12,14.0
56461,1,5,113,2,1,80.0,0,I,MELB_URBAN,HIGHWAY,12,16.0
56462,4,7,183,5,2,100.0,0,N,RURAL_VICTORIA,ROAD,12,20.0
56463,1,7,120,5,1,80.0,0,N,MELB_URBAN,ROAD,12,12.0
56464,1,1,160,5,2,60.0,0,N,MELB_URBAN,STREET,12,4.0
56465,1,7,121,2,1,50.0,0,I,SMALL_CITIES,STREET,12,16.0
56466,6,1,170,5,1,100.0,0,N,RURAL_VICTORIA,ROAD,12,6.0
56467,1,1,99,5,1,50.0,0,N,MELB_URBAN,STREET,11,18.0
56468,1,1,160,5,1,60.0,0,N,MELB_URBAN,STREET,12,7.0
56469,1,1,135,5,1,70.0,0,N,MELB_URBAN,ROAD,12,9.0
56470,1,3,147,5,1,60.0,0,N,MELB_URBAN,STREET,12,12.0
56471,1,1,147,5,1,60.0,0,N,MELB_URBAN,ROAD,12,11.0
56472,1,1,147,5,1,50.0,0,N,MELB_URBAN,AVENUE,12,12.0
56473,1,1,121,2,1,60.0,0,I,MELB_URBAN,OTHER,12,12.0
56474,1,6,130,5,1,100.0,0,N,MELB_URBAN,FREEWAY,11,16.0
56475,1,1,130,5,1,80.0,0,N,MELB_URBAN,HIGHWAY,12,12.0
56476,4,0,171,5,1,60.0,0,N,MELB_URBAN,ROAD,12,11.0
56477,1,1,130,5,1,70.0,0,N,MELB_URBAN,ROAD,12,12.0
56478,1,5,130,5,1,100.0,0,N,MELB_URBAN,ROAD,12,17.0
56479,4,1,183,5,1,100.0,0,N,RURAL_VICTORIA,ROAD,12,10.0
56480,1,1,121,1,1,80.0,0,I,MELB_URBAN,ROAD,12,7.0
56481,1,1,121,5,1,60.0,0,N,MELB_URBAN,ROAD,12,12.0
56482,4,1,181,5,1,100.0,0,N,RURAL_VICTORIA,ROAD,12,12.0
56483,1,6,160,5,1,60.0,0,N,MELB_URBAN,ROAD,12,14.0
56484,1,1,121,5,1,60.0,0,N,SMALL_CITIES,ROAD,12,10.0
56485,4,7,173,5,5,100.0,0,N,RURAL_VICTORIA,ROAD,12,23.0
56486,1,1,116,1,1,60.0,0,I,MELB_URBAN,ROAD,12,9.0
56487,4,0,181,2,1,100.0,0,I,RURAL_VICTORIA,ROAD,12,14.0
56488,1,7,133,1,3,50.0,0,N,MELB_URBAN,ROAD,12,1.0
56489,7,6,184,5,2,60.0,0,N,RURAL_VICTORIA,ROAD,12,19.0
56490,1,0,163,5,1,60.0,0,N,MELB_URBAN,HIGHWAY,12,17.0
56491,4,0,171,2,1,50.0,0,I,MELB_URBAN,DRIVE,12,17.0
56492,1,1,120,5,1,100.0,1,N,RURAL_VICTORIA,HIGHWAY,12,13.0
56493,1,4,130,5,2,100.0,0,N,MELB_URBAN,FREEWAY,12,17.0
56494,6,1,170,5,1,100.0,0,N,RURAL_VICTORIA,HIGHWAY,12,17.0
56495,1,1,132,2,1,60.0,0,I,MELB_URBAN,ROAD,12,17.0
56496,6,1,184,5,1,80.0,0,N,RURAL_VICTORIA,ROAD,12,18.0
56497,1,1,120,5,1,80.0,1,N,MELB_URBAN,ROAD,12,13.0
56498,1,1,121,1,1,60.0,0,I,MELB_URBAN,ROAD,12,18.0
56499,1,6,163,5,2,40.0,0,N,MELB_URBAN,STREET,10,18.0
56500,2,1,99,5,3,50.0,0,N,MELB_URBAN,ROAD,12,2.0
56501,1,6,121,2,1,60.0,0,I,MELB_URBAN,STREET,11,11.0
56502,1,1,130,5,1,60.0,0,N,MELB_URBAN,ROAD,12,15.0
56503,1,1,130,1,1,60.0,0,I,SMALL_CITIES,STREET,12,16.0
56504,1,1,130,2,3,80.0,0,I,MELB_URBAN,HIGHWAY,12,22.0
56505,1,1,160,5,3,60.0,0,N,LARGE_PROVINCIAL_CITIES,STREET,12,22.0
56506,2,1,100,5,3,70.0,0,N,MELB_URBAN,ROAD,12,22.0
56507,1,5,116,2,1,60.0,0,I,SMALL_CITIES,ROAD,12,15.0
56508,4,2,99,2,3,40.0,0,I,MELB_URBAN,STREET,12,3.0
56509,4,2,173,5,3,50.0,0,N,SMALL_CITIES,STREET,12,3.0
56510,2,5,99,5,9,50.0,0,N,MELB_URBAN,STREET,12,2.0
56511,1,3,99,5,1,70.0,0,N,MELB_URBAN,ROAD,12,15.0