,accident_type,day_of_week,dca_code,road_geometry,light_condition,speed_zone,severity,node_type,deg_urban_name,road_type,month,hour
56512,4,1,171,5,3,100.0,0,N,MELB_URBAN,FREEWAY,12,1.0
56513,1,3,147,5,1,60.0,0,N,MELB_URBAN,ROAD,11,17.0
56514,1,1,130,2,1,60.0,0,I,MELB_URBAN,ROAD,12,8.0
56515,1,1,135,5,1,100.0,0,N,MELB_URBAN,FREEWAY,12,14.0
56516,1,2,120,1,1,60.0,0,I,MELB_URBAN,ROAD,12,9.0
56517,1,2,110,1,1,50.0,0,I,MELB_URBAN,ROAD,12,11.0
56518,1,2,120,5,1,100.0,0,N,RURAL_VICTORIA,HIGHWAY,12,7.0
56519,4,2,99,2,1,100.0,0,I,RURAL_VICTORIA,ROAD,12,10.0
56520,1,5,130,2,1,60.0,0,I,MELB_URBAN,ROAD,12,8.0
56521,1,1,130,1,1,70.0,0,N,MELB_URBAN,ROAD,12,9.0
56522,1,7,113,2,2,60.0,0,I,TOWNS,ROAD,12,19.0
56523,1,7,130,1,9,60.0,0,I,MELB_URBAN,AVENUE,11,9.0
56524,4,6,181,5,1,50.0,0,N,MELB_URBAN,STREET,11,15.0
56525,8,7,99,5,1,60.0,0,N,RURAL_VICTORIA,OTHER,11,15.0
56526,2,1,100,2,1,60.0,0,N,RURAL_VICTORIA,AVENUE,10,10.0
56527,1,2,160,5,1,60.0,0,N,TOWNS,ROAD,12,12.0
56528,8,7,184,2,1,100.0,0,I,RURAL_VICTORIA,ROAD,12,14.0
56529,4,2,99,5,1,50.0,0,N,MELB_URBAN,AVENUE,12,12.0
56530,2,2,100,1,1,60.0,0,I,MELB_URBAN,ROAD,12,11.0
56531,1,1,121,2,1,70.0,0,I,LARGE_PROVINCIAL_CITIES,ROAD,12,10.0
56532,1,6,130,5,1,100.0,0,N,MELB_URBAN,ROAD,11,8.0
56533,1,2,110,1,5,80.0,0,I,MELB_URBAN,ROAD,11,23.0
56534,1,1,130,5,1,80.0,0,N,MELB_URBAN,ROAD,12,13.0
56535,4,4,183,5,2,60.0,0,N,LARGE_PROVINCIAL_CITIES,ROAD,11,7.0
56536,1,1,130,2,1,80.0,0,I,RURAL_VICTORIA,ROAD,12,14.0
56537,1,2,147,5,1,50.0,0,N,LARGE_PROVINCIAL_CITIES,STREET,12,10.0
56538,1,2,121,2,1,60.0,0,I,SMALL_CITIES,AVENUE,12,9.0
56539,1,2,99,5,1,50.0,0,N,MELB_URBAN,OTHER,12,10.0
56540,1,2,99,1,1,100.0,0,I,RURAL_VICTORIA,DRIVE,12,13.0
56541,1,2,121,1,1,50.0,0,I,MELB_URBAN,STREET,12,16.0
56542,1,2,120,5,1,50.0,0,N,MELB_URBAN,DRIVE,12,15.0
56543,1,2,130,1,1,80.0,0,N,MELB_URBAN,ROAD,12,15.0
56544,1,2,120,5,1,60.0,0,N,MELB_URBAN,ROAD,12,15.0
56545,1,2,121,2,1,60.0,0,I,MELB_URBAN,ROAD,12,15.0
56546,1,2,160,5,1,100.0,0,N,RURAL_VICTORIA,FREEWAY,12,14.0
56547,4,2,173,5,1,70.0,0,N,MELB_URBAN,ROAD,12,13.0
56548,1,1,130,5,1,50.0,0,N,MELB_URBAN,STREET,12,17.0
56549,1,2,121,1,1,60.0,0,I,MELB_URBAN,ROAD,12,16.0
56550,1,2,99,1,2,40.0,0,I,MELBOURNE_CBD,STREET,12,20.0
56551,1,6,111,1,1,60.0,0,I,MELB_URBAN,OTHER,11,8.0
56552,1,4,140,1,1,40.0,0,I,MELB_URBAN,ROAD,11,15.0
56553,1,5,140,2,3,60.0,0,N,MELB_URBAN,STREET,12,22.0
56554,1,7,130,5,1,60.0,0,N,MELB_URBAN,ROAD,12,9.0
56555,2,2,99,5,1,50.0,0,N,MELB_URBAN,ROAD,12,16.0
56556,2,2,99,5,1,50.0,0,N,MELB_URBAN,STREET,11,17.0
56557,6,2,99,5,1,100.0,0,N,RURAL_VICTORIA,ROAD,12,17.0
56558,1,2,110,1,1,100.0,1,I,RURAL_VICTORIA,HIGHWAY,12,18.0
56559,1,2,160,5,3,50.0,0,N,MELB_URBAN,STREET,12,23.0
56560,4,2,173,5,3,100.0,0,N,MELB_URBAN,UNKNOWN,12,23.0
56561,1,2,99,2,3,60.0,0,N,MELB_URBAN,OTHER,12,22.0
56562,2,3,100,5,3,80.0,0,N,MELB_URBAN,HIGHWAY,12,4.0
56563,2,2,99,1,1,50.0,0,I,MELB_URBAN,STREET,12,10.0
56564,4,3,171,5,2,100.0,0,N,RURAL_VICTORIA,ROAD,12,5.0
56565,4,3,183,5,5,60.0,1,N,SMALL_TOWNS,ROAD,12,1.0
56566,1,5,135,5,2,60.0,0,N,MELB_URBAN,ROAD,7,8.0
56567,6,3,99,5,1,100.0,0,N,RURAL_VICTORIA,HIGHWAY,12,7.0
56568,1,2,121,5,2,60.0,0,N,MELB_URBAN,ROAD,11,20.0
56569,6,3,184,1,1,50.0,0,I,MELB_URBAN,ROAD,12,7.0
56570,1,3,130,5,3,80.0,0,N,MELB_URBAN,OTHER,12,7.0
56571,1,3,110,1,1,60.0,0,N,MELB_URBAN,ROAD,12,8.0
56572,2,3,100,1,1,30.0,0,I,MELB_URBAN,STREET,12,9.0
56573,1,6,116,2,2,50.0,0,I,MELB_URBAN,STREET,4,19.0
56574,1,3,110,1,1,60.0,0,I,SMALL_CITIES,STREET,12,7.0
56575,1,6,163,5,1,40.0,0,N,MELBOURNE_CBD,STREET,12,15.0
56576,1,3,130,5,1,80.0,0,N,MELB_URBAN,FREEWAY,12,10.0
56577,8,3,174,5,1,40.0,0,N,MELB_URBAN,ROAD,9,8.0
56578,1,2,121,2,1,60.0,0,I,MELB_URBAN,RAMP,12,11.0
56579,1,3,110,1,1,80.0,0,N,MELB_URBAN,DRIVE,12,11.0
56580,1,3,99,5,1,100.0,0,N,MELB_URBAN,FREEWAY,12,8.0
56581,1,3,130,2,1,70.0,0,I,MELB_URBAN,ROAD,12,10.0
56582,8,3,174,5,1,50.0,0,N,MELB_URBAN,ROAD,12,12.0
56583,5,2,99,2,1,100.0,0,I,RURAL_VICTORIA,ROAD,12,10.0
56584,1,3,113,1,1,80.0,0,I,MELB_URBAN,ROAD,12,13.0
56585,2,4,99,5,1,50.0,0,N,LARGE_PROVINCIAL_CITIES,DRIVE,12,9.0
56586,8,3,174,5,1,60.0,0,N,RURAL_VICTORIA,ROAD,12,9.0
56587,2,4,100,1,1,40.0,0,I,MELBOURNE_CBD,STREET,12,9.0
56588,1,6,121,1,3,60.0,0,I,MELB_URBAN,ROAD,12,22.0
56589,1,3,120,5,1,90.0,0,N,RURAL_VICTORIA,ROAD,12,10.0
56590,1,3,113,1,1,80.0,0,I,MELB_URBAN,HIGHWAY,12,8.0
56591,1,2,121,1,1,70.0,0,I,MELB_URBAN,ROAD,12,12.0
56592,1,1,147,5,1,60.0,0,N,MELB_URBAN,ROAD,11,9.0
56593,4,5,171,5,3,50.0,0,N,MELB_URBAN,DRIVE,12,20.0
56594,6,3,99,5,1,80.0,0,N,RURAL_VICTORIA,ROAD,12,11.0
56595,1,2,147,5,1,60.0,0,N,MELB_URBAN,ROAD,12,14.0
56596,2,3,100,5,1,60.0,0,N,MELB_URBAN,ROAD,12,11.0
56597,1,5,130,5,1,80.0,0,N,MELB_URBAN,ROAD,11,12.0
56598,1,3,99,2,1,80.0,0,I,RURAL_VICTORIA,ROAD,12,13.0
56599,1,6,130,2,1,60.0,0,I,MELB_URBAN,ROAD,12,16.0
56600,4,3,173,5,1,100.0,0,N,RURAL_VICTORIA,ROAD,12,14.0
56601,1,3,147,5,1,50.0,0,N,MELB_URBAN,AVENUE,12,16.0
56602,1,2,135,5,1,110.0,0,N,RURAL_VICTORIA,FREEWAY,12,16.0
56603,4,3,171,4,1,60.0,0,I,MELB_URBAN,ROAD,12,15.0
56604,1,3,130,5,1,80.0,0,N,MELB_URBAN,HIGHWAY,12,15.0
56605,1,3,99,2,1,50.0,0,I,MELB_URBAN,STREET,12,14.0
56606,1,5,130,5,1,80.0,0,N,MELB_URBAN,HIGHWAY,12,18.0
56607,1,3,113,4,1,60.0,0,I,MELB_URBAN,STREET,12,17.0
56608,1,2,99,2,2,40.0,0,I,MELB_URBAN,OTHER,12,19.0
56609,1,3,110,1,1,70.0,0,I,MELB_URBAN,UNKNOWN,12,18.0
56610,1,3,160,5,1,50.0,0,N,MELB_URBAN,STREET,12,17.0
56611,1,3,99,5,3,50.0,0,N,MELB_URBAN,AVENUE,12,20.0
56612,1,7,130,1,1,60.0,0,I,MELB_URBAN,ROAD,9,11.0
56613,4,6,171,5,2,50.0,0,N,MELB_URBAN,STREET,9,7.0
56614,1,4,160,5,3,70.0,0,N,MELB_URBAN,HIGHWAY,12,3.0
56615,4,4,99,5,5,100.0,0,N,RURAL_VICTORIA,ROAD,12,4.0
56616,1,2,99,1,1,60.0,0,N,MELB_URBAN,ROAD,12,10.0
56617,8,7,99,5,1,80.0,0,N,RURAL_VICTORIA,ROAD,11,15.0
56618,2,4,100,2,1,50.0,0,I,MELB_URBAN,ROAD,12,8.0
56619,1,2,135,5,1,60.0,0,N,MELB_URBAN,ROAD,12,13.0
56620,1,4,99,2,1,60.0,0,I,MELB_URBAN,ROAD,12,7.0
56621,1,4,113,2,2,60.0,0,I,MELB_URBAN,ROAD,12,6.0
56622,1,4,134,1,1,60.0,0,I,MELB_URBAN,PARADE,12,7.0
56623,1,6,130,5,5,60.0,0,N,RURAL_VICTORIA,ROAD,12,23.0
56624,8,2,170,5,1,100.0,0,N,RURAL_VICTORIA,HIGHWAY,12,15.0
56625,1,4,130,2,1,80.0,0,I,MELB_URBAN,HIGHWAY,12,6.0
56626,1,4,111,1,1,50.0,0,I,TOWNS,STREET,12,7.0
56627,6,1,184,5,1,80.0,0,N,RURAL_VICTORIA,DRIVE,11,14.0
56628,8,7,174,5,1,60.0,0,N,RURAL_VICTORIA,ROAD,11,14.0
56629,1,3,121,2,1,40.0,0,I,MELB_URBAN,ROAD,12,15.0
56630,1,5,111,2,9,60.0,0,I,MELB_URBAN,ROAD,12,17.0
56631,1,0,99,2,1,50.0,0,I,MELB_URBAN,HIGHWAY,12,11.0
56632,4,1,183,5,1,60.0,0,N,RURAL_VICTORIA,ROAD,11,11.0
56633,1,4,147,5,1,40.0,0,N,MELB_URBAN,STREET,12,8.0
56634,3,2,167,5,2,100.0,0,N,RURAL_VICTORIA,ROAD,12,20.0
56635,1,4,120,5,1,100.0,0,N,RURAL_VICTORIA,ROAD,12,9.0
56636,1,4,113,2,1,40.0,0,I,SMALL_CITIES,OTHER,12,8.0
56637,1,2,113,2,1,80.0,0,I,MELB_URBAN,ROAD,12,18.0
56638,4,4,173,2,1,100.0,0,N,RURAL_VICTORIA,HIGHWAY,12,10.0
56639,1,4,135,1,1,60.0,0,I,MELB_URBAN,ROAD,12,12.0
56640,4,1,173,5,1,100.0,0,N,RURAL_VICTORIA,HIGHWAY,7,16.0
56641,1,4,110,1,1,50.0,0,I,MELB_URBAN,ROAD,12,10.0
56642,1,4,130,5,1,60.0,0,N,MELB_URBAN,ROAD,12,12.0
56643,4,4,181,5,1,100.0,0,N,RURAL_VICTORIA,ROAD,12,12.0
56644,1,5,147,5,1,60.0,0,N,LARGE_PROVINCIAL_CITIES,STREET,11,12.0
56645,1,2,163,5,1,60.0,0,N,MELB_URBAN,ROAD,12,18.0
56646,2,4,102,1,1,50.0,0,I,MELB_URBAN,PARADE,12,9.0
56647,1,3,135,5,1,80.0,0,N,MELB_URBAN,UNKNOWN,12,9.0
56648,2,4,102,2,1,50.0,0,N,MELB_URBAN,DRIVE,12,10.0
56649,1,2,113,1,1,100.0,0,I,RURAL_VICTORIA,HIGHWAY,12,11.0
56650,1,3,147,5,1,60.0,0,N,MELB_URBAN,ROAD,12,17.0
56651,8,4,99,5,1,60.0,0,N,MELB_URBAN,DRIVE,12,14.0
56652,1,3,121,2,1,60.0,0,I,MELB_URBAN,ROAD,12,15.0
56653,1,7,121,2,9,60.0,0,I,MELB_URBAN,ROAD,11,23.0
56654,1,5,130,5,1,60.0,0,N,LARGE_PROVINCIAL_CITIES,STREET,11,8.0
56655,1,3,130,5,1,60.0,0,N,MELB_URBAN,AVENUE,12,13.0
56656,4,4,99,5,1,100.0,0,N,RURAL_VICTORIA,ROAD,12,15.0
56657,4,4,173,1,1,60.0,0,I,SMALL_CITIES,ROAD,12,15.0
56658,1,4,130,5,1,100.0,0,N,MELB_URBAN,FREEWAY,12,16.0
56659,6,1,174,2,1,40.0,0,N,SMALL_CITIES,DRIVE,11,15.0
56660,1,4,121,1,1,70.0,0,I,MELB_URBAN,HIGHWAY,12,13.0
56661,8,4,99,5,1,60.0,0,N,MELB_URBAN,ROAD,12,14.0
56662,1,2,113,2,1,60.0,0,I,MELB_URBAN,OTHER,12,16.0
56663,1,4,130,5,1,70.0,0,N,MELB_URBAN,STREET,12,16.0
56664,1,4,110,1,1,50.0,0,I,MELB_URBAN,STREET,12,17.0
56665,1,4,111,1,1,60.0,0,I,MELB_URBAN,STREET,12,16.0
56666,1,3,132,2,5,70.0,0,N,LARGE_PROVINCIAL_CITIES,ROAD,12,18.0
56667,1,4,130,5,1,60.0,0,N,MELB_URBAN,ROAD,12,18.0
56668,1,4,121,2,1,60.0,1,I,MELB_URBAN,STREET,12,17.0
56669,2,4,102,1,1,60.0,0,I,MELB_URBAN,ROAD,12,18.0
56670,4,4,181,5,2,100.0,0,N,RURAL_VICTORIA,HIGHWAY,12,19.0
56671,1,4,140,2,2,70.0,0,N,TOWNS,ROAD,12,19.0
56672,1,4,130,5,1,80.0,0,N,RURAL_VICTORIA,ROAD,12,16.0
56673,1,4,110,1,1,60.0,0,I,MELB_URBAN,AVENUE,12,14.0
56674,1,4,110,1,2,60.0,0,I,LARGE_PROVINCIAL_CITIES,STREET,12,21.0
56675,1,4,130,1,9,60.0,0,I,MELB_URBAN,ROAD,12,16.0
56676,2,3,102,5,3,60.0,0,N,MELB_URBAN,AVENUE,12,20.0
56677,1,4,147,5,2,60.0,0,N,MELB_URBAN,ROAD,12,19.0
56678,1,4,130,5,1,70.0,0,N,MELB_URBAN,ROAD,12,18.0
56679,1,4,133,5,1,60.0,0,N,MELB_URBAN,PARADE,12,15.0
56680,1,4,121,2,1,60.0,0,I,MELB_URBAN,OTHER,12,16.0
56681,1,4,121,1,1,80.0,0,N,MELB_URBAN,DRIVE,12,17.0
56682,1,4,130,5,1,80.0,0,N,MELB_URBAN,ROAD,9,15.0
56683,2,1,102,5,1,50.0,0,N,MELB_URBAN,DRIVE,12,13.0
56684,4,6,171,2,1,60.0,0,N,MELB_URBAN,ROAD,12,12.0
56685,1,3,130,2,2,60.0,0,I,MELB_URBAN,STREET,12,5.0
56686,1,4,110,1,1,60.0,0,I,LARGE_PROVINCIAL_CITIES,ROAD,12,16.0
56687,4,5,173,5,3,60.0,0,N,MELB_URBAN,STREET,12,1.0
56688,1,5,121,1,1,60.0,0,I,LARGE_PROVINCIAL_CITIES,STREET,12,18.0
56689,1,4,130,5,1,30.0,0,N,MELB_URBAN,RAMP,12,8.0
56690,8,0,170,5,1,60.0,0,N,RURAL_VICTORIA,OTHER,12,10.0
56691,1,4,130,5,1,100.0,0,N,MELB_URBAN,FREEWAY,12,8.0
56692,3,6,167,5,1,100.0,0,N,RURAL_VICTORIA,ROAD,12,11.0
56693,1,5,110,1,1,50.0,0,I,MELB_URBAN,ROAD,12,8.0
56694,1,4,135,4,1,60.0,0,N,MELB_URBAN,STREET,12,8.0
56695,1,5,130,2,1,60.0,0,I,MELB_URBAN,HIGHWAY,12,9.0
56696,1,3,113,1,1,80.0,0,I,MELB_URBAN,ROAD,12,8.0
56697,1,5,160,5,1,60.0,0,N,MELB_URBAN,ROAD,12,7.0
56698,8,5,174,5,1,100.0,0,N,MELB_URBAN,ROAD,12,8.0
56699,1,7,130,1,1,70.0,0,I,MELB_URBAN,ROAD,10,12.0
56700,1,5,99,2,1,60.0,0,I,MELB_URBAN,OTHER,12,12.0
56701,1,3,130,2,9,60.0,0,I,MELB_URBAN,ROAD,11,15.0
56702,1,5,132,2,1,80.0,0,I,TOWNS,ROAD,12,9.0
56703,1,4,111,2,1,60.0,0,I,MELB_URBAN,AVENUE,10,9.0
56704,1,4,163,5,2,60.0,0,N,MELB_URBAN,STREET,12,17.0
56705,1,5,130,5,1,80.0,0,N,MELB_URBAN,HIGHWAY,12,9.0
56706,1,2,130,5,1,80.0,0,N,RURAL_VICTORIA,ROAD,10,14.0
56707,1,2,113,2,1,60.0,0,I,LARGE_PROVINCIAL_CITIES,HIGHWAY,11,15.0
56708,1,5,110,1,1,50.0,0,I,LARGE_PROVINCIAL_CITIES,ROAD,12,13.0
56709,1,4,163,5,1,60.0,0,N,MELB_URBAN,ROAD,12,10.0
56710,1,4,147,5,1,60.0,0,N,MELB_URBAN,ROAD,12,14.0
56711,1,7,134,5,1,60.0,0,N,RURAL_VICTORIA,HIGHWAY,12,11.0
56712,1,5,121,5,1,60.0,0,N,MELB_URBAN,STREET,12,15.0
56713,1,5,130,5,1,80.0,0,N,LARGE_PROVINCIAL_CITIES,ROAD,12,17.0
56714,1,5,121,4,1,60.0,0,I,SMALL_CITIES,RAMP,12,17.0
56715,2,5,100,1,1,40.0,0,I,MELB_URBAN,ROAD,12,16.0
56716,2,5,99,2,1,50.0,0,I,MELB_URBAN,ROAD,12,18.0
56717,8,5,174,1,1,50.0,0,I,TOWNS,STREET,12,17.0
56718,1,5,130,2,1,70.0,0,I,MELB_URBAN,STREET,12,9.0
56719,1,5,121,2,1,60.0,0,I,MELB_URBAN,ROAD,12,18.0
56720,1,4,130,1,1,80.0,0,N,MELB_URBAN,ROAD,12,15.0
56721,4,5,181,5,1,80.0,0,N,RURAL_VICTORIA,ROAD,12,16.0
56722,1,4,99,5,1,60.0,0,N,MELB_URBAN,STREET,12,7.0
56723,1,5,160,2,1,60.0,0,N,MELB_URBAN,ROAD,12,18.0
56724,7,3,99,5,1,60.0,0,N,MELB_URBAN,ROAD,12,7.0
56725,4,5,183,5,1,50.0,0,N,RURAL_VICTORIA,ROAD,12,17.0
56726,1,4,130,5,1,40.0,0,N,MELBOURNE_CBD,STREET,12,18.0
56727,2,7,100,1,3,50.0,0,I,MELB_URBAN,STREET,9,21.0
56728,4,5,181,5,2,100.0,0,N,RURAL_VICTORIA,HIGHWAY,12,19.0
56729,4,5,173,5,2,100.0,0,N,RURAL_VICTORIA,OTHER,12,19.0
56730,1,5,113,2,1,50.0,0,I,MELB_URBAN,DRIVE,12,15.0
56731,4,5,171,5,1,80.0,0,N,SMALL_CITIES,ROAD,12,14.0
56732,1,4,113,2,1,60.0,0,I,MELB_URBAN,ROAD,12,16.0
56733,1,5,121,2,2,50.0,0,I,MELB_URBAN,STREET,12,19.0
56734,1,5,134,5,2,110.0,0,N,RURAL_VICTORIA,FREEWAY,12,19.0
56735,1,5,171,9,3,100.0,0,N,MELB_URBAN,ROAD,12,22.0
56736,6,5,99,5,5,80.0,0,N,RURAL_VICTORIA,ROAD,12,23.0
56737,4,5,171,5,5,60.0,0,N,RURAL_VICTORIA,ROAD,12,23.0
56738,1,5,116,4,1,60.0,0,I,MELB_URBAN,STREET,12,17.0
56739,1,4,110,1,1,50.0,0,I,MELB_URBAN,STREET,12,13.0
56740,1,5,110,1,1,40.0,0,I,MELB_URBAN,ROAD,12,13.0
56741,4,5,181,5,1,50.0,0,N,SMALL_TOWNS,OTHER,12,11.0
56742,1,2,121,1,1,60.0,0,N,MELB_URBAN,ROAD,12,15.0
56743,2,5,100,1,1,60.0,0,I,SMALL_CITIES,ROAD,12,10.0
56744,1,4,130,2,1,70.0,0,I,MELB_URBAN,ROAD,11,17.0
56745,2,6,102,1,1,60.0,0,I,MELB_URBAN,ROAD,12,8.0
56746,8,6,170,5,1,100.0,0,N,RURAL_VICTORIA,HIGHWAY,12,8.0
56747,1,6,160,5,1,60.0,0,N,MELB_URBAN,ROAD,12,9.0
56748,1,5,121,1,1,50.0,0,I,MELB_URBAN,ROAD,12,12.0
56749,4,7,183,5,1,60.0,0,N,RURAL_VICTORIA,OTHER,10,13.0
56750,1,2,113,2,1,60.0,0,I,MELB_URBAN,STREET,12,15.0
56751,4,6,171,2,1,80.0,0,I,MELB_URBAN,ROAD,12,11.0
56752,1,5,99,5,1,60.0,0,N,MELB_URBAN,PARADE,12,17.0
56753,1,7,130,2,9,60.0,0,N,MELB_URBAN,ROAD,12,14.0
56754,1,5,113,2,1,60.0,0,I,SMALL_CITIES,HIGHWAY,11,10.0
56755,1,6,110,1,1,70.0,0,I,MELB_URBAN,ROAD,12,12.0
56756,1,6,130,2,1,60.0,0,I,MELB_URBAN,ROAD,12,10.0
56757,1,5,113,2,2,60.0,0,I,MELB_URBAN,ROAD,12,21.0
56758,1,5,113,2,1,60.0,0,I,MELB_URBAN,DRIVE,12,12.0
56759,1,6,147,5,1,60.0,0,N,MELB_URBAN,ROAD,12,9.0
56760,1,6,160,5,1,60.0,0,N,MELB_URBAN,ROAD,12,12.0
56761,1,6,113,2,1,80.0,0,I,MELB_URBAN,HIGHWAY,12,14.0
56762,1,6,116,2,1,80.0,0,I,RURAL_VICTORIA,ROAD,12,12.0
56763,4,6,183,5,1,60.0,0,N,RURAL_VICTORIA,ROAD,12,12.0
56764,4,5,99,2,1,50.0,0,I,MELB_URBAN,STREET,12,14.0
56765,1,6,130,5,1,50.0,0,N,SMALL_CITIES,STREET,12,12.0
56766,1,2,113,2,1,60.0,0,I,MELB_URBAN,ROAD,11,17.0
56767,1,5,130,5,1,80.0,0,N,MELB_URBAN,ROAD,12,9.0
56768,8,5,99,1,1,40.0,0,I,MELB_URBAN,STREET,12,14.0
56769,1,6,130,2,1,80.0,0,I,MELB_URBAN,ROAD,12,13.0
56770,8,6,99,2,6,50.0,0,I,MELB_URBAN,ROAD,6,21.0
56771,1,6,130,2,1,60.0,0,I,MELB_URBAN,ROAD,12,15.0
56772,1,6,99,5,1,70.0,0,N,MELB_URBAN,ROAD,12,15.0
56773,6,7,174,1,1,60.0,0,I,RURAL_VICTORIA,ROAD,12,16.0
56774,4,5,171,2,1,60.0,0,I,MELB_URBAN,OTHER,12,18.0
56775,1,6,121,1,1,40.0,0,I,MELB_URBAN,ROAD,12,17.0
56776,1,5,130,5,1,100.0,0,N,MELB_URBAN,FREEWAY,12,18.0
56777,1,6,99,5,1,80.0,0,N,MELB_URBAN,ROAD,12,17.0
56778,1,6,130,5,1,70.0,0,N,MELB_URBAN,ROAD,12,17.0
56779,1,6,130,5,1,60.0,0,N,MELB_URBAN,STREET,12,15.0
56780,6,6,174,2,1,50.0,0,I,MELB_URBAN,STREET,12,18.0
56781,4,6,181,5,1,100.0,0,N,RURAL_VICTORIA,ROAD,12,6.0
56782,1,6,121,2,1,60.0,0,I,MELB_URBAN,STREET,12,18.0
56783,1,6,132,5,1,80.0,0,N,RURAL_VICTORIA,ROAD,12,15.0
56784,4,6,171,5,1,80.0,0,N,MELB_URBAN,ROAD,12,17.0
56785,4,6,171,5,3,60.0,0,N,MELB_URBAN,STREET,12,0.0
56786,1,5,130,5,3,60.0,0,N,MELB_URBAN,ROAD,12,22.0
56787,1,6,132,5,5,80.0,0,N,MELB_URBAN,ROAD,12,21.0
56788,4,6,171,1,3,50.0,0,I,MELB_URBAN,OTHER,12,20.0
56789,4,6,181,5,3,60.0,0,N,MELB_URBAN,ROAD,12,22.0
56790,1,6,113,2,4,70.0,0,I,MELB_URBAN,RAMP,12,23.0
56791,4,4,181,5,3,50.0,0,N,RURAL_VICTORIA,BOULEVARD,12,23.0
56792,1,7,160,5,3,60.0,0,N,MELB_URBAN,ROAD,12,1.0
56793,1,4,130,5,1,80.0,0,N,MELB_URBAN,HIGHWAY,11,14.0
56794,1,7,110,1,3,60.0,0,I,MELB_URBAN,STREET,12,0.0
56795,1,2,135,5,1,80.0,0,N,MELB_URBAN,ROAD,11,9.0
56796,1,4,99,5,2,60.0,0,N,MELB_URBAN,ROAD,12,19.0
56797,2,6,100,2,1,40.0,0,I,MELBOURNE_CBD,STREET,12,16.0
56798,8,7,170,5,1,50.0,0,I,SMALL_CITIES,ROAD,11,17.0
56799,1,3,113,2,1,60.0,0,I,MELB_URBAN,OTHER,12,17.0
56800,1,5,99,2,1,50.0,0,I,TOWNS,STREET,12,9.0
56801,1,6,110,1,6,50.0,0,I,SMALL_CITIES,STREET,10,22.0
56802,1,7,121,2,1,70.0,0,I,MELB_URBAN,ROAD,12,8.0
56803,1,4,163,5,1,40.0,0,N,MELBOURNE_CBD,STREET,12,17.0
56804,1,7,110,1,1,100.0,0,I,RURAL_VICTORIA,ROAD,12,8.0
56805,1,6,130,2,1,60.0,0,I,MELB_URBAN,ROAD,12,16.0
56806,1,6,130,1,2,80.0,0,I,MELB_URBAN,ROAD,12,19.0
56807,1,5,130,5,2,100.0,0,N,MELB_URBAN,RAMP,10,7.0
56808,1,4,130,5,2,100.0,0,N,MELB_URBAN,FREEWAY,12,6.0
56809,1,1,130,5,1,100.0,0,N,MELB_URBAN,RAMP,10,11.0
56810,6,7,174,2,1,60.0,0,I,MELB_URBAN,AVENUE,11,17.0
56811,1,3,147,5,1,60.0,0,N,MELB_URBAN,STREET,12,18.0
56812,1,4,130,1,1,60.0,0,I,SMALL_CITIES,STREET,12,8.0
56813,1,7,116,1,1,80.0,0,I,MELB_URBAN,ROAD,12,12.0
56814,1,7,147,2,1,60.0,0,I,LARGE_PROVINCIAL_CITIES,UNKNOWN,12,12.0
56815,6,7,99,5,1,80.0,0,N,SMALL_CITIES,ROAD,12,11.0
56816,6,7,170,5,1,100.0,0,N,MELB_URBAN,ROAD,12,13.0
56817,1,3,121,1,1,80.0,0,I,MELB_URBAN,DRIVE,12,7.0
56818,1,7,120,5,1,60.0,0,N,MELB_URBAN,ROAD,12,14.0
56819,1,7,99,5,1,40.0,0,N,MELB_URBAN,STREET,12,14.0
56820,1,6,110,1,3,60.0,0,I,MELB_URBAN,ROAD,12,1.0
56821,1,6,147,5,1,60.0,0,N,MELB_URBAN,ROAD,12,16.0
56822,1,7,132,5,1,100.0,0,N,RURAL_VICTORIA,ROAD,12,16.0
56823,2,6,99,5,1,50.0,0,N,SMALL_CITIES,STREET,12,15.0
56824,1,6,110,1,1,100.0,0,I,RURAL_VICTORIA,ROAD,12,17.0
56825,4,6,171,5,1,60.0,0,N,MELB_URBAN,ROAD,12,16.0
56826,1,7,130,5,1,80.0,0,N,MELB_URBAN,ROAD,12,17.0
56827,1,7,113,1,1,50.0,0,I,LARGE_PROVINCIAL_CITIES,STREET,12,18.0
56828,1,6,160,5,1,50.0,0,N,MELB_URBAN,ROAD,12,15.0
56829,1,7,113,1,1,60.0,0,I,RURAL_VICTORIA,ROAD,12,14.0
56830,1,7,120,5,1,60.0,0,N,MELB_URBAN,STREET,12,19.0
56831,1,6,130,1,2,60.0,0,I,LARGE_PROVINCIAL_CITIES,STREET,12,20.0
56832,4,4,171,5,1,100.0,0,N,RURAL_VICTORIA,ROAD,12,12.0
56833,4,6,183,5,4,60.0,0,N,MELB_URBAN,ROAD,12,23.0
56834,6,7,174,5,2,50.0,0,N,RURAL_VICTORIA,AVENUE,12,19.0
56835,2,1,100,5,5,50.0,0,N,SMALL_CITIES,STREET,12,0.0
56836,4,1,181,5,5,70.0,0,N,MELB_URBAN,ROAD,12,0.0
56837,4,1,171,5,3,80.0,0,N,MELB_URBAN,UNKNOWN,12,3.0
56838,1,6,99,1,1,60.0,0,I,MELB_URBAN,STREET,10,12.0
56839,7,7,99,5,1,60.0,0,N,MELB_URBAN,OTHER,12,19.0