,accident_type,day_of_week,dca_code,road_geometry,light_condition,speed_zone,severity,node_type,deg_urban_name,road_type,month,hour
56840,4,1,99,5,3,70.0,0,N,MELB_URBAN,ROAD,12,4.0
56841,2,6,99,5,1,40.0,0,I,MELBOURNE_CBD,STREET,12,12.0
56842,1,1,99,4,1,40.0,0,I,MELB_URBAN,STREET,12,7.0
56843,1,1,99,5,1,100.0,0,N,MELB_URBAN,UNKNOWN,12,8.0
56844,8,7,99,5,1,100.0,0,N,RURAL_VICTORIA,HIGHWAY,12,13.0
56845,1,7,160,5,1,60.0,0,N,MELB_URBAN,STREET,11,16.0
56846,1,1,121,4,1,80.0,0,I,MELB_URBAN,HIGHWAY,12,10.0
56847,1,1,116,1,1,50.0,0,I,MELB_URBAN,STREET,12,9.0
56848,4,1,99,5,1,60.0,0,N,MELB_URBAN,ROAD,12,9.0
56849,1,1,121,1,1,70.0,0,I,MELB_URBAN,HIGHWAY,12,11.0
56850,1,0,121,1,1,50.0,0,I,MELB_URBAN,STREET,12,13.0
56851,4,1,181,5,1,80.0,0,N,RURAL_VICTORIA,ROAD,12,11.0
56852,1,0,110,1,1,50.0,0,I,SMALL_CITIES,STREET,12,11.0
56853,1,0,99,2,1,60.0,0,I,MELB_URBAN,ROAD,12,13.0
56854,4,1,181,5,1,80.0,0,N,RURAL_VICTORIA,ROAD,12,14.0
56855,1,1,111,3,1,60.0,0,I,MELB_URBAN,ROAD,12,16.0
56856,4,1,181,5,1,40.0,0,N,RURAL_VICTORIA,OTHER,12,14.0
56857,1,1,113,4,1,60.0,0,I,MELB_URBAN,DRIVE,12,15.0
56858,1,1,121,1,1,60.0,0,I,MELB_URBAN,STREET,12,17.0
56859,4,6,171,5,2,100.0,0,N,RURAL_VICTORIA,ROAD,4,12.0
56860,1,2,163,5,1,40.0,0,N,MELB_URBAN,ROAD,11,12.0
56861,1,1,110,1,1,80.0,0,I,SMALL_CITIES,ROAD,12,18.0
56862,1,0,140,5,1,70.0,0,N,MELB_URBAN,ROAD,12,17.0
56863,1,1,130,5,1,40.0,0,N,MELB_URBAN,ROAD,12,18.0
56864,6,0,170,5,2,100.0,0,N,MELB_URBAN,FREEWAY,12,19.0
56865,1,1,110,1,1,60.0,0,I,MELB_URBAN,ROAD,12,19.0
56866,1,1,121,2,1,80.0,0,I,MELB_URBAN,HIGHWAY,12,19.0
56867,1,1,121,2,1,70.0,0,I,MELB_URBAN,ROAD,12,15.0
56868,1,6,121,5,1,40.0,0,N,MELB_URBAN,STREET,12,10.0
56869,1,1,130,5,1,50.0,0,N,MELB_URBAN,PARADE,12,9.0
56870,6,1,99,2,2,100.0,0,N,RURAL_VICTORIA,ROAD,12,19.0
56871,1,1,130,1,1,60.0,0,I,MELB_URBAN,ROAD,12,7.0
56872,1,2,130,5,1,80.0,0,N,RURAL_VICTORIA,ROAD,12,8.0
56873,1,2,130,5,1,60.0,0,N,SMALL_CITIES,STREET,12,8.0
56874,1,4,163,1,2,60.0,0,I,MELB_URBAN,STREET,7,16.0
56875,1,2,140,2,1,60.0,0,N,MELB_URBAN,ROAD,12,9.0
56876,1,6,116,2,2,60.0,0,I,MELB_URBAN,ROAD,12,18.0
56877,5,6,99,5,2,100.0,0,N,RURAL_VICTORIA,ROAD,12,19.0
56878,1,1,130,5,1,60.0,0,N,MELB_URBAN,ROAD,12,8.0
56879,8,1,174,1,2,60.0,0,I,MELB_URBAN,BOULEVARD,12,20.0
56880,1,2,130,5,1,60.0,0,N,MELB_URBAN,ROAD,12,8.0
56881,1,1,110,1,2,60.0,0,I,SMALL_CITIES,ROAD,12,19.0
56882,1,0,130,5,2,60.0,0,N,MELB_URBAN,ROAD,12,19.0
56883,1,3,140,5,3,60.0,0,N,LARGE_PROVINCIAL_CITIES,STREET,11,21.0
56884,1,2,147,5,1,60.0,0,N,MELB_URBAN,ROAD,12,11.0
56885,1,0,121,1,2,50.0,0,I,MELB_URBAN,STREET,11,19.0
56886,1,5,121,1,1,60.0,0,I,MELB_URBAN,ROAD,12,11.0
56887,4,2,173,5,1,60.0,0,N,MELB_URBAN,STREET,12,10.0
56888,2,6,99,5,1,60.0,0,N,TOWNS,STREET,12,15.0
56889,6,1,184,5,1,60.0,0,N,RURAL_VICTORIA,ROAD,12,10.0
56890,1,2,130,5,1,110.0,0,N,RURAL_VICTORIA,FREEWAY,12,10.0
56891,3,7,167,8,2,60.0,0,N,RURAL_VICTORIA,OTHER,11,6.0
56892,1,2,121,1,1,60.0,0,I,MELB_URBAN,ROAD,12,12.0
56893,1,3,130,2,1,60.0,0,I,RURAL_VICTORIA,ROAD,12,15.0
56894,8,5,174,5,1,100.0,0,N,RURAL_VICTORIA,OTHER,11,12.0
56895,1,2,130,5,1,80.0,0,I,MELB_URBAN,ROAD,12,12.0
56896,4,2,181,5,1,100.0,0,N,RURAL_VICTORIA,ROAD,12,10.0
56897,1,2,110,1,1,50.0,0,I,MELB_URBAN,STREET,12,14.0
56898,1,1,130,2,1,80.0,0,I,MELB_URBAN,ROAD,12,12.0
56899,1,2,99,5,1,40.0,0,N,MELB_URBAN,STREET,12,12.0
56900,1,2,130,5,1,80.0,0,N,MELB_URBAN,HIGHWAY,12,13.0
56901,8,6,174,2,1,80.0,0,I,MELB_URBAN,HIGHWAY,12,16.0
56902,8,4,174,1,9,50.0,0,I,MELB_URBAN,STREET,12,10.0
56903,1,2,130,5,1,60.0,0,N,LARGE_PROVINCIAL_CITIES,STREET,12,7.0
56904,1,3,130,5,3,80.0,0,N,MELB_URBAN,HIGHWAY,12,23.0
56905,1,1,113,2,1,60.0,0,I,TOWNS,AVENUE,12,15.0
56906,1,2,130,5,1,80.0,0,N,MELB_URBAN,ROAD,12,15.0
56907,1,5,130,2,1,80.0,0,I,RURAL_VICTORIA,ROAD,10,9.0
56908,5,5,99,5,1,60.0,0,N,RURAL_VICTORIA,OTHER,11,17.0
56909,6,2,99,2,1,40.0,0,I,MELB_URBAN,STREET,12,13.0
56910,1,2,121,2,1,60.0,0,I,MELB_URBAN,ROAD,12,15.0
56911,1,2,120,5,1,100.0,1,N,RURAL_VICTORIA,ROAD,12,11.0
56912,1,6,130,2,3,50.0,0,I,LARGE_PROVINCIAL_CITIES,AVENUE,9,22.0
56913,6,2,174,5,1,50.0,0,N,MELB_URBAN,DRIVE,12,18.0
56914,1,2,111,2,1,60.0,0,I,MELB_URBAN,DRIVE,12,15.0
56915,1,2,120,5,1,60.0,0,N,MELB_URBAN,ROAD,12,15.0
56916,4,7,181,2,1,60.0,0,I,RURAL_VICTORIA,ROAD,11,12.0
56917,1,1,135,5,3,60.0,0,N,MELB_URBAN,AVENUE,12,2.0
56918,8,2,174,2,1,60.0,0,I,MELB_URBAN,ROAD,11,15.0
56919,2,1,100,1,2,60.0,0,I,MELB_URBAN,ROAD,12,19.0
56920,4,2,171,5,1,100.0,0,N,RURAL_VICTORIA,ROAD,12,18.0
56921,1,1,110,1,1,60.0,0,I,LARGE_PROVINCIAL_CITIES,STREET,11,8.0
56922,1,2,120,5,1,100.0,0,N,RURAL_VICTORIA,ROAD,12,18.0
56923,1,2,113,1,2,50.0,0,I,MELB_URBAN,BOULEVARD,12,19.0
56924,1,6,130,5,1,50.0,0,N,MELB_URBAN,ROAD,11,16.0
56925,1,2,99,5,1,40.0,0,N,MELB_URBAN,ROAD,12,19.0
56926,1,2,130,5,1,60.0,0,N,SMALL_CITIES,STREET,12,17.0
56927,1,2,116,2,2,50.0,0,I,MELB_URBAN,OTHER,12,19.0
56928,1,2,116,2,1,60.0,0,I,MELB_URBAN,ROAD,12,18.0
56929,1,4,99,2,1,60.0,0,I,MELB_URBAN,STREET,12,18.0
56930,4,3,173,5,3,70.0,0,N,MELB_URBAN,ROAD,12,1.0
56931,1,2,135,5,2,100.0,0,N,MELB_URBAN,RAMP,12,5.0
56932,4,2,99,5,3,60.0,0,N,MELB_URBAN,OTHER,12,1.0
56933,8,2,174,5,1,100.0,0,N,RURAL_VICTORIA,ROAD,11,16.0
56934,1,2,113,2,1,80.0,0,I,RURAL_VICTORIA,HIGHWAY,12,15.0
56935,1,6,130,5,1,80.0,0,N,MELB_URBAN,ROAD,12,13.0
56936,1,3,135,1,1,40.0,0,I,MELB_URBAN,STREET,12,8.0
56937,1,2,130,5,2,60.0,0,N,MELB_URBAN,STREET,10,17.0
56938,1,3,99,2,1,60.0,0,I,MELB_URBAN,DRIVE,12,8.0
56939,1,4,110,1,1,50.0,0,I,MELB_URBAN,STREET,12,15.0
56940,1,1,121,2,9,70.0,0,I,MELB_URBAN,ROAD,12,11.0
56941,6,2,99,5,1,100.0,0,N,RURAL_VICTORIA,ROAD,12,9.0
56942,1,7,116,2,2,50.0,0,I,MELB_URBAN,OTHER,12,19.0
56943,6,7,99,5,2,50.0,0,N,LARGE_PROVINCIAL_CITIES,STREET,11,20.0
56944,4,2,171,5,1,100.0,0,N,RURAL_VICTORIA,ROAD,12,13.0
56945,1,3,163,5,9,40.0,0,I,MELB_URBAN,STREET,11,18.0
56946,1,6,163,1,1,40.0,0,I,MELBOURNE_CBD,STREET,11,17.0
56947,2,2,99,5,1,40.0,0,N,MELB_URBAN,ROAD,12,12.0
56948,1,5,111,4,1,80.0,0,I,MELB_URBAN,ROAD,9,9.0
56949,2,3,99,2,1,50.0,0,N,LARGE_PROVINCIAL_CITIES,ROAD,12,11.0
56950,1,7,111,2,1,60.0,0,I,MELB_URBAN,ROAD,12,12.0
56951,1,6,113,2,1,60.0,0,I,MELB_URBAN,STREET,10,14.0
56952,1,3,111,2,1,70.0,0,I,MELB_URBAN,DRIVE,12,12.0
56953,1,2,132,5,1,70.0,0,N,MELB_URBAN,ROAD,12,13.0
56954,1,4,130,1,1,60.0,0,I,MELB_URBAN,ROAD,12,17.0
56955,6,3,174,1,1,50.0,0,I,MELB_URBAN,OTHER,12,8.0
56956,1,3,133,2,1,60.0,0,I,MELB_URBAN,ROAD,12,9.0
56957,1,3,110,1,1,50.0,0,I,MELB_URBAN,STREET,10,13.0
56958,1,3,130,4,1,60.0,0,I,MELB_URBAN,ROAD,12,10.0
56959,1,3,121,2,1,40.0,0,I,MELB_URBAN,STREET,12,7.0
56960,4,3,171,5,2,110.0,0,N,RURAL_VICTORIA,HIGHWAY,12,5.0
56961,1,3,130,5,1,100.0,0,N,RURAL_VICTORIA,FREEWAY,12,11.0
56962,1,3,99,5,1,100.0,0,N,MELB_URBAN,FREEWAY,12,13.0
56963,1,3,132,5,1,60.0,0,N,MELB_URBAN,ROAD,12,11.0
56964,5,2,173,5,1,40.0,0,N,MELB_URBAN,ROAD,12,14.0
56965,1,1,130,5,1,80.0,0,N,MELB_URBAN,HIGHWAY,10,16.0
56966,1,5,120,2,1,50.0,0,I,MELB_URBAN,DRIVE,8,14.0
56967,6,3,184,5,1,100.0,0,N,RURAL_VICTORIA,HIGHWAY,12,14.0
56968,1,3,130,1,2,70.0,0,I,MELB_URBAN,HIGHWAY,12,6.0
56969,1,3,121,4,1,80.0,0,I,MELB_URBAN,RAMP,12,10.0
56970,1,3,116,2,1,60.0,0,I,MELB_URBAN,STREET,12,12.0
56971,1,5,130,2,1,70.0,0,I,LARGE_PROVINCIAL_CITIES,OTHER,11,9.0
56972,1,3,140,5,1,70.0,0,N,MELB_URBAN,ROAD,12,16.0
56973,8,4,174,5,1,60.0,0,N,MELB_URBAN,ROAD,12,17.0
56974,1,3,160,5,1,60.0,0,N,MELB_URBAN,ROAD,12,17.0
56975,1,2,121,2,1,80.0,0,I,MELB_URBAN,ROAD,12,17.0
56976,1,3,140,2,1,50.0,0,I,MELB_URBAN,STREET,12,17.0
56977,1,3,130,2,1,60.0,0,I,MELB_URBAN,ROAD,12,17.0
56978,1,1,140,2,1,40.0,0,N,MELB_URBAN,STREET,12,17.0
56979,1,3,99,2,1,50.0,0,I,MELB_URBAN,ROAD,12,14.0
56980,4,6,171,5,1,60.0,0,N,MELB_URBAN,ROAD,11,16.0
56981,2,2,99,5,1,40.0,0,N,MELB_URBAN,PARADE,12,11.0
56982,7,1,99,5,2,60.0,0,N,MELB_URBAN,ROAD,11,19.0
56983,1,2,130,5,1,60.0,0,N,MELB_URBAN,PARADE,12,15.0
56984,1,3,130,2,3,70.0,0,I,RURAL_VICTORIA,HIGHWAY,12,22.0
56985,1,3,130,2,3,70.0,0,I,MELB_URBAN,ROAD,12,0.0
56986,1,1,110,1,1,50.0,0,I,SMALL_CITIES,STREET,12,15.0
56987,1,2,99,4,1,60.0,0,I,MELB_URBAN,ROAD,11,16.0
56988,1,6,130,5,1,70.0,0,N,MELB_URBAN,ROAD,11,17.0
56989,1,6,130,2,2,60.0,0,I,MELB_URBAN,ROAD,11,19.0
56990,1,4,163,5,1,40.0,0,N,MELB_URBAN,STREET,12,11.0
56991,1,3,99,2,1,100.0,0,I,RURAL_VICTORIA,ROAD,12,11.0
56992,1,4,99,2,1,60.0,0,I,MELB_URBAN,ROAD,12,9.0
56993,1,1,147,5,1,70.0,0,N,MELB_URBAN,ROAD,12,15.0
56994,1,3,110,1,1,60.0,0,I,LARGE_PROVINCIAL_CITIES,STREET,12,17.0
56995,1,4,121,5,1,60.0,0,N,MELB_URBAN,ROAD,12,10.0
56996,6,3,99,5,1,100.0,0,N,RURAL_VICTORIA,ROAD,12,15.0
56997,1,4,121,2,1,80.0,0,I,RURAL_VICTORIA,ROAD,12,8.0
56998,2,2,99,5,1,50.0,0,N,TOWNS,STREET,12,15.0
56999,2,5,100,2,6,50.0,0,I,MELB_URBAN,STREET,5,20.0
57000,4,4,181,5,5,100.0,0,N,RURAL_VICTORIA,ROAD,12,2.0
57001,1,3,110,1,1,60.0,0,I,MELB_URBAN,ROAD,12,11.0
57002,2,4,100,1,1,60.0,0,I,MELB_URBAN,ROAD,12,14.0
57003,1,1,130,4,1,60.0,0,I,MELB_URBAN,ROAD,12,14.0
57004,2,4,100,1,1,60.0,0,I,MELB_URBAN,STREET,12,9.0
57005,1,3,121,1,1,50.0,0,I,SMALL_CITIES,STREET,12,14.0
57006,1,5,130,1,1,50.0,0,I,MELB_URBAN,HIGHWAY,12,17.0
57007,1,3,130,5,1,80.0,0,N,MELB_URBAN,HIGHWAY,11,16.0
57008,1,3,132,2,1,60.0,0,I,MELB_URBAN,ROAD,12,7.0
57009,4,1,173,5,1,50.0,0,N,SMALL_CITIES,DRIVE,12,16.0
57010,1,3,113,2,2,80.0,0,I,MELB_URBAN,ROAD,12,19.0
57011,1,4,130,5,1,60.0,0,N,MELB_URBAN,ROAD,12,12.0
57012,3,4,167,5,6,60.0,0,N,RURAL_VICTORIA,ROAD,10,4.0
57013,1,1,140,5,3,60.0,0,N,MELB_URBAN,PARADE,12,21.0
57014,4,2,173,9,3,80.0,0,N,MELB_URBAN,ROAD,11,22.0
57015,1,3,130,5,1,60.0,0,N,MELB_URBAN,ROAD,12,15.0
57016,1,3,110,1,1,60.0,0,I,SMALL_CITIES,ROAD,12,17.0
57017,1,3,130,5,1,60.0,0,N,LARGE_PROVINCIAL_CITIES,STREET,12,17.0
57018,1,6,99,1,2,40.0,0,I,MELB_URBAN,ROAD,12,8.0
57019,1,3,130,5,1,60.0,0,N,RURAL_VICTORIA,ROAD,12,15.0
57020,1,4,121,2,1,60.0,0,I,MELB_URBAN,STREET,12,17.0
57021,1,4,130,1,1,60.0,0,I,MELB_URBAN,ROAD,11,11.0
57022,2,4,100,1,1,60.0,0,I,MELB_URBAN,STREET,12,17.0
57023,1,6,99,2,1,60.0,0,I,MELB_URBAN,STREET,12,15.0
57024,4,3,173,2,1,60.0,0,N,MELB_URBAN,ROAD,12,16.0
57025,4,4,181,5,2,80.0,0,N,RURAL_VICTORIA,ROAD,12,19.0
57026,8,7,174,5,1,60.0,0,N,RURAL_VICTORIA,OTHER,12,13.0
57027,1,4,130,2,1,80.0,0,I,MELB_URBAN,HIGHWAY,12,14.0
57028,4,3,173,5,1,100.0,0,N,RURAL_VICTORIA,ROAD,12,18.0
57029,8,2,99,4,1,60.0,0,I,MELB_URBAN,RAMP,11,13.0
57030,1,1,110,1,1,60.0,0,I,MELB_URBAN,STREET,7,14.0
57031,1,4,132,2,2,80.0,0,I,RURAL_VICTORIA,ROAD,12,20.0
57032,1,4,132,2,1,60.0,0,I,MELB_URBAN,ROAD,12,17.0
57033,4,4,173,5,1,80.0,0,N,MELB_URBAN,FREEWAY,12,15.0
57034,1,4,110,1,1,70.0,0,N,MELB_URBAN,ROAD,12,11.0
57035,1,5,121,1,3,60.0,0,I,MELB_URBAN,STREET,12,0.0
57036,1,3,99,5,6,60.0,0,N,MELB_URBAN,ROAD,12,0.0
57037,1,4,113,2,1,60.0,0,I,MELB_URBAN,ROAD,12,13.0
57038,1,5,99,5,3,50.0,0,N,MELB_URBAN,DRIVE,12,3.0
57039,5,5,99,2,5,100.0,0,I,RURAL_VICTORIA,ROAD,12,0.0
57040,1,4,113,2,3,60.0,0,N,MELB_URBAN,ROAD,12,21.0
57041,1,5,130,5,2,100.0,0,N,MELB_URBAN,FREEWAY,12,6.0
57042,1,4,130,5,1,80.0,0,N,MELB_URBAN,ROAD,12,18.0
57043,1,5,121,2,2,70.0,0,I,MELB_URBAN,ROAD,12,6.0
57044,1,5,130,5,1,50.0,0,N,MELB_URBAN,OTHER,11,15.0
57045,1,3,130,4,1,60.0,0,I,MELB_URBAN,STREET,12,13.0
57046,1,7,120,5,1,80.0,0,N,RURAL_VICTORIA,ROAD,12,12.0
57047,1,4,130,5,1,100.0,0,N,MELB_URBAN,ROAD,12,16.0
57048,1,5,133,1,1,50.0,0,I,MELB_URBAN,STREET,12,8.0
57049,1,4,135,5,1,60.0,0,N,MELB_URBAN,UNKNOWN,11,17.0
57050,1,4,110,1,2,100.0,0,I,RURAL_VICTORIA,HIGHWAY,12,6.0
57051,4,3,173,5,1,50.0,0,N,MELB_URBAN,STREET,12,17.0
57052,6,4,99,5,1,100.0,0,N,RURAL_VICTORIA,HIGHWAY,12,7.0
57053,1,4,121,1,1,60.0,0,I,MELB_URBAN,ROAD,12,12.0
57054,2,5,100,2,1,60.0,0,I,MELB_URBAN,STREET,12,8.0
57055,1,3,130,5,1,110.0,0,N,SMALL_CITIES,FREEWAY,12,17.0
57056,2,5,102,1,1,50.0,0,I,MELB_URBAN,STREET,12,7.0
57057,1,5,135,5,1,100.0,0,N,MELB_URBAN,FREEWAY,12,11.0
57058,1,2,121,2,1,80.0,0,I,MELB_URBAN,ROAD,12,8.0
57059,2,4,99,1,1,50.0,0,I,MELBOURNE_CBD,STREET,12,13.0
57060,1,5,110,1,1,60.0,0,I,RURAL_VICTORIA,STREET,12,11.0
57061,1,5,99,5,1,50.0,0,N,MELB_URBAN,STREET,12,10.0
57062,4,5,173,5,1,60.0,0,N,MELB_URBAN,PARADE,12,12.0
57063,1,3,163,5,1,40.0,0,N,MELB_URBAN,STREET,12,15.0
57064,1,4,130,1,1,80.0,0,I,MELB_URBAN,ROAD,12,15.0
57065,1,5,130,5,1,80.0,0,N,MELB_URBAN,HIGHWAY,12,14.0
57066,1,5,116,4,1,60.0,0,N,MELB_URBAN,ROAD,12,12.0
57067,1,4,130,5,2,80.0,0,N,MELB_URBAN,ROAD,12,19.0
57068,1,4,160,5,1,70.0,0,N,TOWNS,STREET,12,7.0
57069,4,3,171,5,3,50.0,0,N,MELB_URBAN,OTHER,10,23.0
57070,2,4,102,2,1,60.0,0,I,MELB_URBAN,STREET,12,14.0
57071,1,5,99,2,1,50.0,0,I,SMALL_CITIES,OTHER,12,14.0
57072,1,3,132,2,1,80.0,0,I,RURAL_VICTORIA,HIGHWAY,12,10.0
57073,1,4,147,5,1,50.0,0,N,MELB_URBAN,OTHER,12,13.0
57074,8,3,99,2,1,80.0,0,I,RURAL_VICTORIA,UNKNOWN,10,10.0
57075,1,5,147,5,1,60.0,0,N,TOWNS,AVENUE,12,17.0
57076,1,5,121,1,1,60.0,0,I,MELB_URBAN,STREET,12,15.0
57077,1,5,130,5,1,80.0,0,N,MELB_URBAN,HIGHWAY,12,17.0
57078,2,5,102,5,1,60.0,0,N,MELB_URBAN,STREET,12,17.0
57079,1,5,110,1,1,60.0,0,I,MELB_URBAN,ROAD,12,17.0
57080,1,2,130,5,2,60.0,0,N,SMALL_CITIES,ROAD,11,19.0
57081,1,5,120,5,1,60.0,0,N,MELB_URBAN,ROAD,12,17.0
57082,1,5,120,5,1,100.0,0,N,RURAL_VICTORIA,ROAD,12,16.0
57083,1,4,110,1,1,60.0,0,I,MELB_URBAN,STREET,12,15.0
57084,1,5,110,1,1,60.0,0,I,MELB_URBAN,STREET,12,16.0
57085,4,4,99,5,1,50.0,0,N,SMALL_CITIES,OTHER,12,18.0
57086,1,5,147,5,2,60.0,0,N,MELB_URBAN,ROAD,12,19.0
57087,1,4,130,2,2,80.0,0,I,MELB_URBAN,ROAD,12,20.0
57088,1,5,99,2,1,60.0,0,I,MELB_URBAN,STREET,12,15.0
57089,1,5,121,2,3,60.0,0,I,SMALL_CITIES,ROAD,12,21.0
57090,1,5,113,2,3,60.0,0,I,TOWNS,STREET,12,21.0
57091,1,5,130,5,1,100.0,0,N,MELB_URBAN,FREEWAY,12,16.0
57092,1,4,121,1,1,60.0,0,I,MELB_URBAN,HIGHWAY,12,16.0
57093,1,3,111,2,1,50.0,0,I,MELB_URBAN,ROAD,11,18.0
57094,8,3,174,4,1,50.0,0,I,MELB_URBAN,ROAD,12,9.0
57095,4,4,173,2,1,60.0,0,N,MELB_URBAN,ROAD,12,9.0
57096,4,5,171,5,3,60.0,0,N,SMALL_CITIES,ROAD,11,2.0
57097,1,6,111,2,1,50.0,0,I,MELB_URBAN,STREET,12,7.0
57098,1,6,110,1,3,100.0,0,I,RURAL_VICTORIA,ROAD,12,21.0
57099,1,4,99,5,1,50.0,0,N,MELB_URBAN,OTHER,12,8.0
57100,1,2,99,5,1,60.0,0,N,TOWNS,STREET,12,11.0
57101,1,6,110,1,1,60.0,0,I,SMALL_CITIES,ROAD,12,8.0
57102,1,5,130,5,1,80.0,0,N,MELB_URBAN,ROAD,12,7.0
57103,1,6,110,1,1,50.0,0,I,LARGE_PROVINCIAL_CITIES,STREET,12,8.0
57104,1,6,110,1,1,60.0,0,I,MELB_URBAN,ROAD,12,8.0
57105,1,5,130,5,2,100.0,0,N,RURAL_VICTORIA,HIGHWAY,12,19.0
57106,1,6,133,5,1,80.0,0,N,MELB_URBAN,HIGHWAY,12,9.0
57107,1,6,121,5,1,80.0,0,N,MELB_URBAN,ROAD,12,7.0
57108,1,6,147,2,1,60.0,0,N,MELB_URBAN,ROAD,12,7.0
57109,1,3,130,2,1,80.0,0,N,MELB_URBAN,HIGHWAY,12,16.0
57110,2,6,100,1,1,60.0,0,I,MELB_URBAN,ROAD,12,9.0
57111,4,6,181,5,1,60.0,0,N,MELB_URBAN,ROAD,12,9.0
57112,2,6,102,2,1,70.0,0,I,MELB_URBAN,ROAD,12,7.0
57113,1,6,111,2,1,60.0,0,I,SMALL_CITIES,DRIVE,12,11.0
57114,1,5,121,2,1,60.0,0,I,TOWNS,STREET,12,9.0
57115,1,5,135,5,1,60.0,0,N,MELB_URBAN,ROAD,12,17.0
57116,1,6,121,4,1,60.0,0,I,MELB_URBAN,ROAD,12,11.0
57117,1,2,111,1,1,60.0,0,I,MELB_URBAN,ROAD,12,15.0
57118,1,3,111,2,1,60.0,0,I,MELB_URBAN,AVENUE,11,17.0
57119,1,6,121,2,1,60.0,0,I,MELB_URBAN,ROAD,12,10.0
57120,1,5,110,4,1,80.0,0,I,RURAL_VICTORIA,RAMP,12,15.0
57121,4,5,173,5,5,100.0,0,N,RURAL_VICTORIA,ROAD,12,23.0
57122,2,6,99,2,1,40.0,0,N,MELB_URBAN,ROAD,12,9.0
57123,1,5,110,1,1,80.0,0,I,RURAL_VICTORIA,ROAD,12,11.0
57124,1,5,130,2,1,60.0,0,N,MELB_URBAN,STREET,12,14.0
57125,1,6,121,2,1,40.0,0,I,MELB_URBAN,ROAD,12,8.0
57126,1,6,113,2,1,60.0,0,I,MELB_URBAN,ROAD,12,10.0
57127,1,6,120,5,1,100.0,0,N,RURAL_VICTORIA,HIGHWAY,12,10.0
57128,1,5,130,5,1,80.0,0,N,SMALL_CITIES,HIGHWAY,12,7.0
57129,1,6,113,2,1,80.0,0,I,MELB_URBAN,ROAD,12,12.0
57130,1,5,130,5,1,80.0,0,N,MELB_URBAN,HIGHWAY,12,10.0
57131,1,6,121,2,1,70.0,0,I,MELB_URBAN,ROAD,12,13.0
57132,1,5,120,5,1,100.0,0,N,RURAL_VICTORIA,ROAD,12,13.0
57133,2,6,99,5,1,50.0,0,N,MELB_URBAN,STREET,12,13.0
57134,1,5,130,4,3,60.0,0,N,MELB_URBAN,RAMP,12,21.0
57135,1,4,130,1,1,60.0,0,I,TOWNS,STREET,12,10.0
57136,4,5,183,2,1,100.0,0,I,RURAL_VICTORIA,ROAD,12,14.0
57137,8,1,174,1,1,50.0,0,I,MELB_URBAN,ROAD,11,12.0
57138,2,5,100,5,1,60.0,0,N,MELB_URBAN,ROAD,12,15.0
57139,1,4,110,1,1,50.0,0,I,MELB_URBAN,STREET,12,16.0
57140,1,6,121,4,1,60.0,0,I,MELB_URBAN,STREET,12,14.0
57141,1,7,99,2,1,60.0,0,I,MELB_URBAN,ROAD,12,17.0
57142,4,5,171,5,1,100.0,0,N,RURAL_VICTORIA,ROAD,12,17.0
57143,1,6,110,1,1,40.0,0,I,MELB_URBAN,STREET,12,16.0
57144,1,5,110,1,1,60.0,0,I,MELB_URBAN,STREET,12,16.0
57145,4,6,181,2,1,80.0,0,I,SMALL_TOWNS,ROAD,12,14.0
57146,1,5,130,2,1,40.0,0,I,MELB_URBAN,STREET,12,13.0
57147,1,6,110,1,1,50.0,0,I,MELB_URBAN,STREET,12,16.0
57148,1,6,130,4,1,70.0,0,I,MELB_URBAN,ROAD,12,16.0
57149,1,6,121,1,1,60.0,0,I,MELB_URBAN,STREET,12,17.0
57150,2,6,100,5,1,40.0,0,I,MELBOURNE_CBD,STREET,12,16.0
57151,8,4,174,5,1,60.0,0,N,RURAL_VICTORIA,ROAD,12,12.0
57152,1,6,132,2,1,60.0,0,I,MELB_URBAN,ROAD,12,15.0
57153,6,5,174,5,1,110.0,0,N,SMALL_CITIES,FREEWAY,12,17.0
57154,1,6,110,1,3,60.0,0,I,MELB_URBAN,ROAD,12,20.0
57155,2,6,100,1,3,80.0,0,I,MELB_URBAN,HIGHWAY,12,21.0
57156,1,7,160,5,9,60.0,0,N,MELB_URBAN,STREET,12,17.0
57157,1,6,134,5,1,60.0,0,N,RURAL_VICTORIA,OTHER,12,15.0
57158,1,6,134,2,3,80.0,0,N,MELB_URBAN,PARADE,12,23.0
57159,2,7,102,5,3,40.0,0,N,MELB_URBAN,STREET,12,2.0
57160,4,7,171,5,3,60.0,0,N,SMALL_CITIES,STREET,12,0.0
57161,4,7,99,2,3,50.0,0,I,MELB_URBAN,STREET,12,2.0
57162,1,6,110,1,3,80.0,0,I,MELB_URBAN,ROAD,12,23.0
57163,4,7,171,2,5,80.0,0,I,RURAL_VICTORIA,ROAD,12,1.0
57164,1,7,116,1,1,40.0,0,I,SMALL_CITIES,STREET,12,12.0
57165,1,7,111,1,1,60.0,0,I,MELB_URBAN,ROAD,12,7.0
57166,4,6,171,5,5,100.0,0,N,RURAL_VICTORIA,ROAD,12,23.0
57167,4,6,173,5,5,100.0,0,N,RURAL_VICTORIA,HIGHWAY,12,22.0