,accident_type,day_of_week,dca_code,road_geometry,light_condition,speed_zone,severity,node_type,deg_urban_name,road_type,month,hour
57168,1,3,121,2,1,60.0,0,I,MELB_URBAN,ROAD,12,18.0
57169,1,7,130,1,1,60.0,0,I,LARGE_PROVINCIAL_CITIES,HIGHWAY,12,11.0
57170,1,3,121,2,1,60.0,0,I,MELB_URBAN,STREET,12,9.0
57171,1,5,130,5,2,100.0,0,N,MELB_URBAN,ROAD,12,6.0
57172,2,7,100,2,1,50.0,0,N,MELB_URBAN,ROAD,12,11.0
57173,4,7,173,5,1,60.0,0,N,SMALL_TOWNS,ROAD,12,10.0
57174,1,6,130,5,1,80.0,0,N,MELB_URBAN,UNKNOWN,12,17.0
57175,1,6,147,5,1,50.0,0,N,MELB_URBAN,ROAD,12,12.0
57176,1,5,121,2,1,50.0,0,I,MELB_URBAN,UNKNOWN,12,18.0
57177,1,6,130,2,3,60.0,0,I,MELB_URBAN,ROAD,10,21.0
57178,4,6,173,5,1,100.0,0,N,RURAL_VICTORIA,ROAD,12,12.0
57179,1,7,130,5,1,60.0,0,N,MELB_URBAN,ROAD,12,14.0
57180,1,7,99,5,1,40.0,0,N,MELB_URBAN,STREET,12,12.0
57181,1,7,121,2,1,60.0,0,I,MELB_URBAN,ROAD,12,15.0
57182,6,7,174,5,1,100.0,0,N,RURAL_VICTORIA,OTHER,12,15.0
57183,1,7,110,1,1,60.0,0,I,MELB_URBAN,STREET,12,18.0
57184,6,7,99,5,1,100.0,0,N,MELB_URBAN,FREEWAY,12,15.0
57185,1,1,130,5,1,60.0,0,N,MELB_URBAN,UNKNOWN,5,12.0
57186,1,7,130,5,1,70.0,0,N,MELB_URBAN,ROAD,12,18.0
57187,9,6,99,5,3,60.0,0,N,LARGE_PROVINCIAL_CITIES,OTHER,12,22.0
57188,1,7,99,5,1,50.0,0,N,MELB_URBAN,STREET,12,15.0
57189,1,2,99,1,3,60.0,0,I,MELB_URBAN,STREET,12,1.0
57190,1,6,135,5,5,70.0,0,N,MELB_URBAN,STREET,12,3.0
57191,4,7,171,2,3,60.0,0,N,MELB_URBAN,ROAD,12,22.0
57192,1,1,110,1,3,60.0,0,I,MELB_URBAN,ROAD,12,2.0
57193,8,4,99,1,1,80.0,0,I,RURAL_VICTORIA,ROAD,12,13.0
57194,4,7,171,5,5,80.0,0,N,RURAL_VICTORIA,HIGHWAY,12,20.0
57195,1,1,120,5,5,100.0,1,N,RURAL_VICTORIA,HIGHWAY,12,2.0
57196,4,7,171,1,1,50.0,0,I,MELB_URBAN,ROAD,12,18.0
57197,4,7,171,2,1,100.0,0,I,RURAL_VICTORIA,HIGHWAY,12,8.0
57198,4,1,171,2,1,50.0,0,I,MELB_URBAN,PARADE,12,9.0
57199,2,4,100,2,1,40.0,0,I,MELB_URBAN,ROAD,11,9.0
57200,6,7,99,5,5,100.0,0,N,RURAL_VICTORIA,HIGHWAY,12,23.0
57201,5,1,99,5,1,50.0,0,N,MELB_URBAN,UNKNOWN,12,11.0
57202,9,1,99,5,3,50.0,0,N,SMALL_TOWNS,STREET,12,2.0
57203,2,1,100,2,1,50.0,0,I,MELB_URBAN,ROAD,12,10.0
57204,4,1,99,6,1,50.0,0,N,TOWNS,STREET,12,11.0
57205,4,1,173,5,1,50.0,0,N,TOWNS,ROAD,12,12.0
57206,1,1,130,5,1,70.0,0,N,MELB_URBAN,ROAD,12,13.0
57207,1,3,121,2,1,80.0,0,I,MELB_URBAN,HIGHWAY,12,14.0
57208,8,3,174,2,1,50.0,0,I,MELB_URBAN,DRIVE,12,18.0
57209,8,1,174,5,1,50.0,0,N,SMALL_TOWNS,STREET,12,13.0
57210,4,1,171,5,1,100.0,0,N,RURAL_VICTORIA,ROAD,12,13.0
57211,1,1,121,2,1,40.0,0,I,MELB_URBAN,ROAD,12,14.0
57212,1,7,99,5,1,80.0,0,N,MELB_URBAN,HIGHWAY,12,11.0
57213,1,4,121,2,1,60.0,0,N,MELB_URBAN,ROAD,12,18.0
57214,1,1,132,2,1,60.0,0,I,MELB_URBAN,ROAD,12,15.0
57215,1,6,130,5,1,60.0,0,N,MELB_URBAN,ROAD,12,11.0
57216,1,3,130,5,1,80.0,0,N,LARGE_PROVINCIAL_CITIES,HIGHWAY,11,14.0
57217,5,5,99,5,2,60.0,0,N,MELB_URBAN,HIGHWAY,12,19.0
57218,4,1,181,5,1,80.0,0,N,RURAL_VICTORIA,ROAD,12,16.0
57219,2,7,102,4,1,40.0,0,I,MELB_URBAN,STREET,12,16.0
57220,1,1,113,2,1,50.0,0,I,SMALL_CITIES,STREET,12,13.0
57221,1,6,130,5,3,60.0,0,N,MELB_URBAN,ROAD,12,22.0
57222,1,1,132,1,1,60.0,0,I,MELB_URBAN,ROAD,12,18.0
57223,4,1,173,5,2,100.0,0,N,RURAL_VICTORIA,FREEWAY,12,20.0
57224,4,0,171,5,1,50.0,0,N,SMALL_CITIES,STREET,12,18.0
57225,1,1,110,1,1,60.0,0,I,MELB_URBAN,AVENUE,12,14.0
57226,1,1,120,2,1,60.0,0,I,MELB_URBAN,ROAD,12,18.0
57227,1,1,130,1,2,80.0,0,I,MELB_URBAN,ROAD,12,17.0
57228,1,5,130,1,3,80.0,0,I,MELB_URBAN,ROAD,11,22.0
57229,4,1,171,2,9,60.0,0,I,RURAL_VICTORIA,ROAD,11,1.0
57230,1,7,130,1,1,50.0,0,N,SMALL_CITIES,STREET,11,11.0
57231,1,4,130,1,1,80.0,0,I,MELB_URBAN,ROAD,12,15.0
57232,1,2,133,5,5,110.0,0,N,RURAL_VICTORIA,FREEWAY,12,5.0
57233,1,1,120,5,2,100.0,0,N,RURAL_VICTORIA,ROAD,11,6.0
57234,1,1,160,5,4,60.0,0,N,MELB_URBAN,ROAD,12,18.0
57235,1,0,121,1,1,60.0,0,I,SMALL_CITIES,PARADE,12,11.0
57236,1,2,130,2,9,60.0,0,I,MELB_URBAN,ROAD,11,16.0
57237,1,2,120,5,1,60.0,0,N,MELB_URBAN,ROAD,12,7.0
57238,1,1,132,2,1,60.0,0,I,MELB_URBAN,ROAD,12,17.0
57239,1,1,113,2,1,50.0,0,I,MELB_URBAN,ROAD,12,9.0
57240,2,2,99,2,1,50.0,0,I,SMALL_CITIES,DRIVE,12,11.0
57241,4,2,171,5,2,60.0,0,N,LARGE_PROVINCIAL_CITIES,STREET,12,8.0
57242,1,2,99,1,1,50.0,0,I,MELB_URBAN,ROAD,12,12.0
57243,1,6,121,2,1,70.0,0,N,MELB_URBAN,ROAD,12,12.0
57244,1,1,113,4,1,60.0,0,N,MELB_URBAN,ROAD,12,15.0
57245,1,5,130,5,1,80.0,0,N,MELB_URBAN,HIGHWAY,12,17.0
57246,1,2,147,5,1,40.0,0,N,MELB_URBAN,DRIVE,12,12.0
57247,1,1,110,1,1,60.0,0,I,SMALL_TOWNS,ROAD,12,14.0
57248,1,1,130,5,1,80.0,0,N,MELB_URBAN,HIGHWAY,10,11.0
57249,1,3,130,5,1,70.0,0,N,MELB_URBAN,UNKNOWN,12,8.0
57250,4,2,181,5,1,50.0,0,N,SMALL_CITIES,STREET,12,12.0
57251,4,2,183,5,1,100.0,0,N,RURAL_VICTORIA,ROAD,12,15.0
57252,1,2,99,1,1,100.0,0,I,RURAL_VICTORIA,HIGHWAY,12,12.0
57253,1,2,130,2,1,60.0,0,I,LARGE_PROVINCIAL_CITIES,STREET,12,15.0
57254,1,1,99,5,1,60.0,0,N,MELB_URBAN,ROAD,12,14.0
57255,1,1,130,5,1,80.0,0,N,MELB_URBAN,ROAD,12,13.0
57256,1,2,99,1,1,100.0,0,I,RURAL_VICTORIA,HIGHWAY,12,15.0
57257,6,2,99,5,1,80.0,0,N,RURAL_VICTORIA,ROAD,12,12.0
57258,6,2,99,5,1,100.0,0,N,RURAL_VICTORIA,ROAD,12,15.0
57259,1,2,110,1,1,80.0,0,I,SMALL_CITIES,ROAD,12,16.0
57260,1,1,130,5,1,80.0,0,N,MELB_URBAN,OTHER,12,14.0
57261,5,1,99,5,1,100.0,0,N,RURAL_VICTORIA,ROAD,12,12.0
57262,4,1,181,5,1,70.0,0,N,MELB_URBAN,ROAD,12,16.0
57263,1,2,110,1,1,60.0,0,I,MELB_URBAN,STREET,12,14.0
57264,1,2,130,5,1,60.0,0,N,MELB_URBAN,ROAD,12,17.0
57265,1,1,130,5,1,80.0,0,N,MELB_URBAN,STREET,12,17.0
57266,2,2,102,1,1,50.0,0,I,MELB_URBAN,STREET,12,17.0
57267,4,1,99,5,1,50.0,0,N,MELB_URBAN,STREET,12,17.0
57268,1,2,160,5,1,40.0,0,N,MELB_URBAN,BOULEVARD,12,16.0
57269,2,2,102,1,1,80.0,0,I,MELB_URBAN,ROAD,12,18.0
57270,3,2,167,5,2,80.0,0,N,RURAL_VICTORIA,ROAD,12,20.0
57271,4,2,171,5,1,70.0,0,N,MELB_URBAN,ROAD,12,15.0
57272,1,2,147,5,1,50.0,0,N,MELB_URBAN,AVENUE,9,11.0
57273,1,2,110,1,1,60.0,0,N,SMALL_CITIES,STREET,12,20.0
57274,4,2,173,5,1,70.0,0,N,MELB_URBAN,ROAD,12,20.0
57275,1,3,99,2,2,80.0,0,I,MELB_URBAN,ROAD,12,7.0
57276,1,5,130,2,2,60.0,0,I,MELB_URBAN,ROAD,12,18.0
57277,4,3,99,2,3,60.0,0,I,LARGE_PROVINCIAL_CITIES,ROAD,12,2.0
57278,4,7,171,5,1,100.0,0,N,RURAL_VICTORIA,HIGHWAY,12,17.0
57279,1,5,140,2,1,40.0,0,N,MELB_URBAN,STREET,12,19.0
57280,4,2,181,5,1,100.0,0,N,RURAL_VICTORIA,ROAD,12,8.0
57281,8,4,174,1,9,40.0,0,I,MELB_URBAN,STREET,12,8.0
57282,1,5,130,5,1,60.0,0,N,MELB_URBAN,ROAD,6,9.0
57283,1,3,99,1,1,40.0,0,I,MELB_URBAN,STREET,12,9.0
57284,8,1,184,5,1,60.0,0,N,RURAL_VICTORIA,OTHER,12,13.0
57285,1,3,99,5,1,40.0,0,N,MELB_URBAN,STREET,12,8.0
57286,2,3,99,6,1,60.0,0,N,MELB_URBAN,OTHER,11,17.0
57287,1,3,99,1,1,60.0,0,I,LARGE_PROVINCIAL_CITIES,STREET,12,8.0
57288,1,2,99,2,1,100.0,0,I,RURAL_VICTORIA,HIGHWAY,12,9.0
57289,1,2,121,1,6,60.0,0,I,MELB_URBAN,ROAD,12,21.0
57290,4,3,173,5,1,100.0,0,N,RURAL_VICTORIA,ROAD,12,9.0
57291,1,2,147,5,1,80.0,0,N,MELB_URBAN,ROAD,11,13.0
57292,4,3,181,5,3,50.0,0,N,MELB_URBAN,ROAD,12,22.0
57293,4,3,173,5,1,80.0,1,N,RURAL_VICTORIA,ROAD,12,7.0
57294,1,3,130,5,1,60.0,0,N,MELB_URBAN,RAMP,12,11.0
57295,1,2,130,5,1,60.0,0,N,LARGE_PROVINCIAL_CITIES,STREET,12,11.0
57296,1,3,163,5,1,60.0,0,N,TOWNS,STREET,12,10.0
57297,1,3,134,5,1,60.0,0,N,LARGE_PROVINCIAL_CITIES,STREET,12,9.0
57298,1,3,130,1,9,60.0,0,I,MELB_URBAN,ROAD,11,16.0
57299,1,3,113,2,1,60.0,0,I,MELB_URBAN,ROAD,12,9.0
57300,1,2,130,2,1,50.0,0,I,MELB_URBAN,STREET,12,9.0
57301,1,3,130,5,1,60.0,0,N,MELB_URBAN,ROAD,10,15.0
57302,5,7,99,5,1,60.0,0,N,MELB_URBAN,ROAD,12,11.0
57303,1,3,116,2,1,60.0,0,I,MELB_URBAN,ROAD,12,10.0
57304,1,3,99,5,1,60.0,0,N,MELB_URBAN,ROAD,12,7.0
57305,5,7,99,5,2,100.0,0,N,RURAL_VICTORIA,ROAD,12,6.0
57306,1,3,133,1,1,80.0,0,I,MELB_URBAN,ROAD,12,13.0
57307,1,1,130,5,1,110.0,0,N,RURAL_VICTORIA,FREEWAY,12,14.0
57308,1,4,135,5,1,60.0,0,N,MELB_URBAN,STREET,12,17.0
57309,1,3,163,5,1,60.0,0,N,MELB_URBAN,ROAD,12,15.0
57310,1,3,110,1,1,50.0,0,I,LARGE_PROVINCIAL_CITIES,STREET,12,15.0
57311,1,2,163,5,1,50.0,0,N,MELB_URBAN,ROAD,12,15.0
57312,1,3,110,1,1,50.0,0,I,SMALL_CITIES,STREET,12,13.0
57313,6,3,174,5,1,50.0,0,N,MELB_URBAN,ROAD,12,14.0
57314,2,3,99,5,1,40.0,0,I,MELBOURNE_CBD,OTHER,12,14.0
57315,8,3,99,5,1,60.0,0,N,MELB_URBAN,STREET,12,12.0
57316,1,3,130,2,1,70.0,0,N,MELB_URBAN,ROAD,12,14.0
57317,1,3,113,4,2,60.0,0,I,MELB_URBAN,ROAD,12,7.0
57318,4,3,173,5,1,100.0,0,N,MELB_URBAN,FREEWAY,12,15.0
57319,1,3,147,5,1,60.0,0,N,MELB_URBAN,ROAD,12,16.0
57320,1,3,116,2,2,80.0,0,I,MELB_URBAN,AVENUE,12,19.0
57321,1,3,147,5,1,60.0,0,N,LARGE_PROVINCIAL_CITIES,ROAD,12,17.0
57322,1,3,130,1,2,60.0,0,I,MELB_URBAN,STREET,12,19.0
57323,1,3,121,5,2,60.0,0,N,MELB_URBAN,ROAD,12,20.0
57324,1,2,110,1,1,50.0,0,I,MELB_URBAN,STREET,12,17.0
57325,1,2,121,2,1,70.0,0,I,MELB_URBAN,ROAD,12,18.0
57326,1,2,135,5,1,60.0,0,N,MELB_URBAN,PARADE,12,15.0
57327,1,3,135,5,1,80.0,0,N,LARGE_PROVINCIAL_CITIES,HIGHWAY,12,18.0
57328,2,3,102,1,1,40.0,0,I,MELB_URBAN,STREET,12,14.0
57329,2,3,100,5,5,50.0,0,N,MELB_URBAN,ROAD,12,21.0
57330,1,4,110,1,3,60.0,0,I,MELB_URBAN,ROAD,12,0.0
57331,1,3,120,5,5,100.0,0,N,RURAL_VICTORIA,HIGHWAY,12,21.0
57332,1,5,121,2,1,60.0,0,I,MELB_URBAN,RAMP,12,8.0
57333,7,1,99,5,5,60.0,0,N,RURAL_VICTORIA,HIGHWAY,12,23.0
57334,1,2,110,1,1,50.0,0,I,MELB_URBAN,ROAD,11,10.0
57335,1,5,130,2,1,80.0,0,I,RURAL_VICTORIA,HIGHWAY,11,8.0
57336,1,4,147,5,1,60.0,0,N,MELB_URBAN,BOULEVARD,12,10.0
57337,1,2,130,5,9,60.0,0,N,MELB_URBAN,ROAD,12,17.0
57338,8,3,174,5,1,80.0,0,I,MELB_URBAN,ROAD,12,11.0
57339,1,4,130,1,1,80.0,0,I,MELB_URBAN,ROAD,12,10.0
57340,1,5,130,1,1,80.0,0,I,MELB_URBAN,HIGHWAY,12,16.0
57341,1,3,99,2,1,60.0,0,I,MELB_URBAN,ROAD,12,7.0
57342,1,4,99,2,1,80.0,0,I,MELB_URBAN,ROAD,12,13.0
57343,4,4,183,5,1,80.0,0,N,RURAL_VICTORIA,ROAD,12,7.0
57344,1,1,160,5,1,60.0,0,N,MELB_URBAN,DRIVE,12,8.0
57345,1,3,130,5,1,100.0,0,N,MELB_URBAN,FREEWAY,12,7.0
57346,1,4,99,1,1,50.0,0,I,TOWNS,STREET,12,13.0
57347,1,4,130,2,1,60.0,0,I,MELB_URBAN,AVENUE,12,15.0
57348,1,4,110,1,1,70.0,0,I,MELB_URBAN,ROAD,12,14.0
57349,6,4,99,5,1,100.0,0,N,RURAL_VICTORIA,ROAD,12,12.0
57350,1,3,130,1,3,50.0,0,I,SMALL_CITIES,ROAD,12,23.0
57351,1,6,147,5,1,60.0,0,N,MELB_URBAN,ROAD,12,9.0
57352,1,4,99,5,1,60.0,0,N,MELB_URBAN,ROAD,12,16.0
57353,2,4,100,2,1,60.0,0,I,MELB_URBAN,ROAD,12,13.0
57354,1,3,121,1,1,40.0,0,I,MELBOURNE_CBD,STREET,12,16.0
57355,1,4,140,2,1,60.0,0,I,MELB_URBAN,PARADE,12,17.0
57356,4,4,173,2,1,50.0,0,I,LARGE_PROVINCIAL_CITIES,ROAD,12,16.0
57357,1,4,133,5,1,60.0,0,N,MELB_URBAN,STREET,12,17.0
57358,1,4,121,1,1,60.0,0,I,MELB_URBAN,STREET,12,17.0
57359,2,6,99,4,3,40.0,0,I,MELB_URBAN,ROAD,12,0.0
57360,1,4,113,2,1,80.0,0,I,RURAL_VICTORIA,HIGHWAY,12,16.0
57361,1,4,147,2,1,80.0,0,N,MELB_URBAN,AVENUE,12,14.0
57362,1,4,99,5,1,60.0,0,N,MELB_URBAN,ROAD,12,17.0
57363,1,4,99,5,1,80.0,0,N,RURAL_VICTORIA,ROAD,12,8.0
57364,1,6,130,2,3,60.0,0,I,MELB_URBAN,ROAD,12,21.0
57365,1,4,140,5,1,40.0,1,N,MELB_URBAN,AVENUE,12,17.0
57366,1,4,113,2,2,60.0,0,I,MELB_URBAN,ROAD,12,20.0
57367,1,3,133,1,1,70.0,0,I,MELB_URBAN,ROAD,12,17.0
57368,1,4,130,5,2,80.0,0,N,MELB_URBAN,FREEWAY,12,20.0
57369,1,4,160,2,3,50.0,0,I,MELB_URBAN,STREET,12,0.0
57370,4,4,183,5,5,100.0,0,N,RURAL_VICTORIA,HIGHWAY,12,22.0
57371,1,4,111,2,3,70.0,0,I,MELB_URBAN,OTHER,12,22.0
57372,1,3,132,2,3,60.0,0,N,SMALL_CITIES,ROAD,12,23.0
57373,2,4,99,2,3,50.0,0,I,MELB_URBAN,DRIVE,12,21.0
57374,4,5,171,5,5,60.0,0,N,TOWNS,ROAD,12,1.0
57375,8,2,99,5,1,60.0,0,N,MELB_URBAN,ROAD,11,16.0
57376,1,1,111,2,1,60.0,0,I,MELB_URBAN,ROAD,12,15.0
57377,1,4,160,5,2,60.0,0,N,MELB_URBAN,ROAD,12,6.0
57378,1,5,110,1,1,60.0,0,I,MELB_URBAN,STREET,12,8.0
57379,1,4,130,2,2,60.0,0,I,LARGE_PROVINCIAL_CITIES,STREET,12,20.0
57380,1,7,121,2,1,50.0,0,I,MELB_URBAN,AVENUE,12,11.0
57381,8,3,170,5,1,60.0,0,N,MELB_URBAN,RAMP,12,17.0
57382,1,5,99,5,1,60.0,0,N,SMALL_CITIES,STREET,12,7.0
57383,1,5,121,1,1,80.0,0,I,MELB_URBAN,HIGHWAY,12,9.0
57384,6,4,99,5,2,80.0,0,N,RURAL_VICTORIA,RAMP,12,20.0
57385,6,3,174,2,2,40.0,0,I,TOWNS,STREET,12,6.0
57386,4,5,171,5,1,110.0,0,N,RURAL_VICTORIA,FREEWAY,12,9.0
57387,1,5,133,1,1,80.0,0,I,MELB_URBAN,HIGHWAY,12,10.0
57388,1,5,121,1,1,70.0,0,I,MELB_URBAN,ROAD,12,10.0
57389,1,6,110,1,1,50.0,0,I,MELB_URBAN,ROAD,12,15.0
57390,4,5,183,2,1,50.0,0,I,LARGE_PROVINCIAL_CITIES,DRIVE,12,11.0
57391,1,5,120,5,1,100.0,0,N,TOWNS,ROAD,12,10.0
57392,1,5,113,2,1,60.0,0,I,LARGE_PROVINCIAL_CITIES,STREET,12,11.0
57393,4,5,173,5,2,100.0,1,N,RURAL_VICTORIA,HIGHWAY,12,5.0
57394,1,5,99,1,1,40.0,0,I,MELB_URBAN,ROAD,12,8.0
57395,1,2,121,5,3,50.0,0,N,MELB_URBAN,STREET,12,0.0
57396,8,5,99,5,1,80.0,0,N,MELB_URBAN,ROAD,12,14.0
57397,2,3,100,5,1,60.0,0,N,MELB_URBAN,ROAD,12,19.0
57398,1,5,113,2,1,50.0,0,I,MELB_URBAN,PARADE,12,9.0
57399,1,2,110,1,2,60.0,0,I,LARGE_PROVINCIAL_CITIES,STREET,9,6.0
57400,1,5,120,5,1,100.0,0,N,RURAL_VICTORIA,ROAD,12,10.0
57401,1,5,110,1,1,100.0,0,I,RURAL_VICTORIA,HIGHWAY,12,13.0
57402,1,5,120,5,1,70.0,0,N,MELB_URBAN,ROAD,12,12.0
57403,4,5,173,5,1,60.0,0,N,SMALL_TOWNS,ROAD,12,16.0
57404,1,5,121,2,1,60.0,0,I,MELB_URBAN,OTHER,12,16.0
57405,1,5,111,2,1,100.0,0,I,RURAL_VICTORIA,ROAD,12,15.0
57406,1,5,121,4,1,80.0,0,I,MELB_URBAN,RAMP,12,17.0
57407,1,5,121,1,1,60.0,0,I,MELB_URBAN,ROAD,12,16.0
57408,1,4,160,5,3,60.0,0,N,MELB_URBAN,ROAD,12,0.0
57409,1,5,140,5,1,80.0,0,N,RURAL_VICTORIA,STREET,12,17.0
57410,1,5,130,5,1,70.0,0,N,MELB_URBAN,ROAD,12,15.0
57411,1,5,130,2,1,60.0,0,I,LARGE_PROVINCIAL_CITIES,ROAD,12,18.0
57412,8,5,174,5,2,60.0,0,N,MELB_URBAN,ROAD,12,19.0
57413,1,5,99,1,1,80.0,0,I,SMALL_TOWNS,STREET,12,19.0
57414,1,5,121,2,2,80.0,0,I,MELB_URBAN,ROAD,12,20.0
57415,4,5,181,5,2,100.0,0,N,RURAL_VICTORIA,ROAD,12,20.0
57416,1,5,130,5,1,80.0,0,N,MELB_URBAN,ROAD,12,15.0
57417,1,2,130,1,1,50.0,0,I,MELBOURNE_CBD,STREET,12,15.0
57418,1,5,130,5,5,110.0,0,N,RURAL_VICTORIA,FREEWAY,12,22.0
57419,1,4,130,5,5,100.0,0,N,MELB_URBAN,FREEWAY,12,21.0
57420,1,5,120,5,5,100.0,0,N,RURAL_VICTORIA,ROAD,12,21.0
57421,1,5,160,5,1,60.0,0,N,MELB_URBAN,ROAD,12,16.0
57422,6,2,170,5,6,100.0,0,N,RURAL_VICTORIA,ROAD,11,4.0
57423,1,6,121,1,3,80.0,0,I,MELB_URBAN,ROAD,12,1.0
57424,1,4,130,5,3,60.0,0,N,MELB_URBAN,HIGHWAY,12,22.0
57425,4,6,173,1,3,60.0,0,I,MELB_URBAN,STREET,12,3.0
57426,4,6,181,5,5,60.0,0,N,RURAL_VICTORIA,ROAD,12,4.0
57427,2,6,100,5,1,60.0,0,N,MELB_URBAN,AVENUE,12,10.0
57428,1,5,99,5,1,50.0,0,N,MELB_URBAN,STREET,12,13.0
57429,1,6,147,2,1,80.0,0,I,MELB_URBAN,HIGHWAY,12,10.0
57430,1,6,113,2,1,70.0,0,I,MELB_URBAN,ROAD,12,12.0
57431,1,6,99,5,1,50.0,0,N,MELB_URBAN,PARADE,12,12.0
57432,1,6,130,5,1,60.0,0,N,MELB_URBAN,ROAD,12,12.0
57433,1,6,121,1,1,60.0,0,I,MELB_URBAN,ROAD,12,13.0
57434,1,6,110,1,1,100.0,0,I,MELB_URBAN,ROAD,12,12.0
57435,1,6,120,5,1,60.0,0,N,SMALL_TOWNS,STREET,12,16.0
57436,1,5,99,5,1,60.0,0,N,MELB_URBAN,ROAD,12,14.0
57437,1,6,160,5,1,60.0,0,N,MELB_URBAN,ROAD,12,17.0
57438,4,6,171,5,1,100.0,0,N,RURAL_VICTORIA,HIGHWAY,12,16.0
57439,1,6,99,2,2,60.0,0,I,MELB_URBAN,ROAD,12,19.0
57440,6,5,99,5,1,100.0,0,N,RURAL_VICTORIA,ROAD,7,13.0
57441,8,5,174,5,2,100.0,0,N,MELB_URBAN,UNKNOWN,12,20.0
57442,2,6,100,2,3,50.0,0,N,MELB_URBAN,ROAD,12,21.0
57443,4,6,171,5,5,100.0,0,N,RURAL_VICTORIA,HIGHWAY,12,4.0
57444,1,7,121,4,3,80.0,0,I,MELB_URBAN,ROAD,12,0.0
57445,1,6,110,1,3,60.0,0,I,SMALL_TOWNS,HIGHWAY,12,23.0
57446,6,6,184,5,3,70.0,0,N,MELB_URBAN,ROAD,12,3.0
57447,4,6,171,5,1,100.0,0,N,RURAL_VICTORIA,HIGHWAY,12,7.0
57448,4,6,171,5,1,60.0,0,N,SMALL_CITIES,ROAD,12,7.0
57449,1,7,120,2,1,60.0,0,I,MELB_URBAN,ROAD,12,9.0
57450,4,7,99,5,1,100.0,0,N,MELB_URBAN,FREEWAY,12,9.0
57451,1,6,130,2,1,60.0,0,I,MELB_URBAN,ROAD,12,7.0
57452,1,2,130,5,1,60.0,0,N,LARGE_PROVINCIAL_CITIES,STREET,11,16.0
57453,1,7,135,5,1,70.0,0,N,MELB_URBAN,ROAD,12,12.0
57454,1,7,110,1,1,40.0,0,I,MELB_URBAN,OTHER,12,10.0
57455,1,5,110,1,1,60.0,0,I,LARGE_PROVINCIAL_CITIES,STREET,12,20.0
57456,4,7,173,5,1,100.0,0,N,RURAL_VICTORIA,ROAD,12,12.0
57457,1,3,132,1,1,60.0,0,I,MELB_URBAN,ROAD,12,13.0
57458,4,7,183,5,1,80.0,0,N,RURAL_VICTORIA,ROAD,12,12.0
57459,1,7,116,1,1,70.0,0,I,MELB_URBAN,ROAD,12,12.0
57460,1,6,160,5,1,60.0,0,N,MELB_URBAN,STREET,12,14.0
57461,1,5,134,5,1,100.0,0,N,MELB_URBAN,FREEWAY,12,17.0
57462,1,6,130,2,1,100.0,0,N,RURAL_VICTORIA,HIGHWAY,12,17.0
57463,4,7,173,5,1,100.0,0,N,RURAL_VICTORIA,OTHER,12,12.0
57464,1,7,130,5,1,100.0,0,N,MELB_URBAN,FREEWAY,12,14.0
57465,1,7,120,2,1,60.0,0,I,MELB_URBAN,AVENUE,12,14.0
57466,4,7,183,5,1,100.0,0,N,RURAL_VICTORIA,ROAD,12,15.0
57467,1,7,113,2,1,60.0,0,I,MELB_URBAN,ROAD,12,13.0
57468,1,5,110,1,3,100.0,0,I,RURAL_VICTORIA,FREEWAY,12,23.0
57469,4,7,173,5,1,80.0,0,N,RURAL_VICTORIA,ROAD,12,17.0
57470,1,4,140,5,1,60.0,0,N,MELB_URBAN,ROAD,12,9.0
57471,1,7,132,2,1,60.0,0,I,MELB_URBAN,AVENUE,12,16.0
57472,4,7,183,5,1,100.0,0,N,RURAL_VICTORIA,HIGHWAY,12,15.0
57473,1,7,113,2,1,60.0,0,I,MELB_URBAN,DRIVE,12,18.0
57474,2,7,99,5,2,60.0,0,N,MELB_URBAN,ROAD,12,16.0
57475,6,7,99,5,1,100.0,0,N,RURAL_VICTORIA,HIGHWAY,12,17.0
57476,1,7,130,5,1,100.0,0,N,RURAL_VICTORIA,HIGHWAY,12,18.0
57477,1,7,160,5,1,60.0,0,N,TOWNS,ROAD,12,16.0
57478,8,7,174,5,2,60.0,0,N,MELB_URBAN,ROAD,12,19.0
57479,4,7,173,5,1,110.0,1,N,RURAL_VICTORIA,FREEWAY,12,13.0
57480,4,7,171,5,2,50.0,0,N,MELB_URBAN,BOULEVARD,12,20.0
57481,4,7,171,5,1,100.0,0,N,RURAL_VICTORIA,ROAD,12,18.0
57482,1,7,121,1,3,80.0,0,I,MELB_URBAN,HIGHWAY,12,21.0
57483,4,7,181,5,2,100.0,0,N,RURAL_VICTORIA,UNKNOWN,12,20.0
57484,3,7,167,5,5,110.0,0,N,RURAL_VICTORIA,FREEWAY,12,22.0
57485,4,4,171,1,3,60.0,0,I,SMALL_CITIES,STREET,12,22.0
57486,4,1,173,5,3,80.0,0,N,MELB_URBAN,ROAD,12,0.0
57487,1,1,130,1,2,60.0,0,I,MELB_URBAN,ROAD,12,4.0
57488,4,1,171,1,2,70.0,0,I,MELB_URBAN,ROAD,12,4.0
57489,1,7,130,2,1,60.0,0,I,MELB_URBAN,ROAD,12,11.0
57490,4,7,171,1,1,60.0,0,I,MELB_URBAN,ROAD,12,11.0
57491,1,6,130,1,1,60.0,0,I,MELB_URBAN,ROAD,12,13.0
57492,1,1,110,1,1,60.0,0,I,MELB_URBAN,ROAD,12,8.0
57493,1,1,160,2,1,50.0,0,N,MELB_URBAN,DRIVE,12,10.0