,accident_type,day_of_week,dca_code,road_geometry,light_condition,speed_zone,severity,node_type,deg_urban_name,road_type,month,hour
57494,1,1,99,5,1,50.0,0,N,SMALL_CITIES,STREET,12,9.0
57495,6,7,174,5,1,100.0,0,N,RURAL_VICTORIA,OTHER,11,11.0
57496,1,1,121,2,1,70.0,0,I,MELB_URBAN,ROAD,12,9.0
57497,1,0,130,5,1,80.0,0,N,MELB_URBAN,HIGHWAY,12,13.0
57498,6,1,99,5,1,80.0,0,N,RURAL_VICTORIA,ROAD,12,13.0
57499,1,5,163,5,1,50.0,0,N,MELB_URBAN,STREET,12,14.0
57500,1,1,130,5,1,80.0,0,N,MELB_URBAN,RAMP,12,15.0
57501,1,0,99,5,1,100.0,0,N,RURAL_VICTORIA,ROAD,12,12.0
57502,1,1,130,2,1,80.0,0,I,MELB_URBAN,HIGHWAY,12,13.0
57503,7,0,99,5,1,60.0,0,N,TOWNS,ROAD,12,16.0
57504,4,1,171,5,1,60.0,0,N,SMALL_CITIES,ROAD,12,17.0
57505,4,0,181,5,1,100.0,0,N,RURAL_VICTORIA,ROAD,12,17.0
57506,1,1,110,1,1,100.0,0,I,RURAL_VICTORIA,ROAD,12,16.0
57507,1,1,121,2,1,80.0,0,I,RURAL_VICTORIA,ROAD,12,17.0
57508,4,2,171,2,1,50.0,0,I,LARGE_PROVINCIAL_CITIES,ROAD,12,18.0
57509,6,1,99,2,1,110.0,0,I,RURAL_VICTORIA,HIGHWAY,12,16.0
57510,4,1,171,5,1,100.0,0,N,RURAL_VICTORIA,ROAD,12,18.0
57511,1,3,130,1,1,50.0,0,N,LARGE_PROVINCIAL_CITIES,STREET,12,11.0
57512,1,1,130,1,1,70.0,0,N,MELB_URBAN,ROAD,12,18.0
57513,1,0,133,5,1,80.0,0,N,RURAL_VICTORIA,ROAD,12,15.0
57514,1,1,116,1,1,60.0,0,I,MELB_URBAN,ROAD,12,16.0
57515,4,1,181,5,1,80.0,1,N,RURAL_VICTORIA,ROAD,12,16.0
57516,4,1,171,5,1,80.0,0,N,RURAL_VICTORIA,ROAD,12,17.0
57517,1,1,116,1,3,60.0,0,I,MELB_URBAN,ROAD,12,21.0
57518,1,2,121,1,3,60.0,0,I,MELB_URBAN,PARADE,12,2.0
57519,1,1,160,5,3,50.0,0,N,MELB_URBAN,AVENUE,12,1.0
57520,2,3,102,1,1,60.0,0,I,MELB_URBAN,HIGHWAY,12,12.0
57521,5,7,99,5,1,80.0,0,N,RURAL_VICTORIA,ROAD,12,12.0
57522,1,1,130,5,5,110.0,0,N,RURAL_VICTORIA,FREEWAY,12,23.0
57523,1,1,132,2,1,80.0,0,I,MELB_URBAN,HIGHWAY,12,15.0
57524,1,3,130,1,2,50.0,0,I,MELB_URBAN,STREET,12,19.0
57525,3,1,167,5,5,100.0,0,N,RURAL_VICTORIA,ROAD,12,22.0
57526,1,2,130,1,1,70.0,0,I,MELB_URBAN,HIGHWAY,12,7.0
57527,1,1,130,5,1,50.0,0,N,TOWNS,HIGHWAY,12,16.0
57528,1,7,130,5,9,80.0,0,I,MELB_URBAN,FREEWAY,12,15.0
57529,6,1,184,5,1,100.0,0,N,RURAL_VICTORIA,HIGHWAY,12,13.0
57530,1,2,110,1,1,100.0,0,I,RURAL_VICTORIA,ROAD,12,10.0
57531,1,2,130,5,1,50.0,0,N,MELB_URBAN,STREET,12,9.0
57532,1,2,113,1,1,60.0,0,I,SMALL_CITIES,ROAD,12,10.0
57533,1,5,130,2,1,60.0,0,I,MELB_URBAN,STREET,12,15.0
57534,8,2,99,5,1,100.0,0,N,RURAL_VICTORIA,ROAD,12,10.0
57535,4,1,181,5,1,100.0,0,N,RURAL_VICTORIA,OTHER,12,12.0
57536,1,2,121,2,1,60.0,0,I,MELB_URBAN,HIGHWAY,12,13.0
57537,1,2,99,5,1,60.0,0,N,MELB_URBAN,ROAD,12,12.0
57538,8,4,184,5,2,100.0,0,N,RURAL_VICTORIA,ROAD,12,20.0
57539,2,2,99,5,1,60.0,0,N,MELB_URBAN,ROAD,12,11.0
57540,1,2,130,5,1,80.0,0,N,MELB_URBAN,FREEWAY,12,13.0
57541,1,2,113,2,1,100.0,0,I,RURAL_VICTORIA,ROAD,12,11.0
57542,4,2,181,5,1,80.0,0,N,RURAL_VICTORIA,ROAD,12,14.0
57543,1,2,111,2,1,50.0,0,I,SMALL_CITIES,DRIVE,12,14.0
57544,1,4,160,5,1,50.0,0,N,MELB_URBAN,STREET,12,15.0
57545,1,2,121,1,1,60.0,0,I,MELB_URBAN,ROAD,12,18.0
57546,1,2,113,2,1,80.0,0,I,MELB_URBAN,AVENUE,12,11.0
57547,1,2,120,2,1,70.0,0,N,MELB_URBAN,DRIVE,12,15.0
57548,8,6,99,5,2,100.0,0,N,MELB_URBAN,ROAD,10,17.0
57549,1,1,99,1,1,40.0,0,I,MELB_URBAN,ROAD,12,13.0
57550,1,2,147,5,1,50.0,0,N,MELB_URBAN,AVENUE,12,17.0
57551,1,1,130,4,1,60.0,0,I,MELB_URBAN,AVENUE,12,12.0
57552,1,2,120,5,2,50.0,0,N,SMALL_CITIES,DRIVE,12,20.0
57553,1,4,130,5,1,60.0,0,I,MELB_URBAN,FREEWAY,11,13.0
57554,4,2,171,5,1,100.0,0,N,RURAL_VICTORIA,ROAD,12,12.0
57555,4,2,173,5,3,60.0,0,I,MELB_URBAN,ROAD,12,20.0
57556,6,2,99,5,2,80.0,0,N,MELB_URBAN,ROAD,12,19.0
57557,1,2,113,2,3,60.0,0,I,MELB_URBAN,AVENUE,12,22.0
57558,1,2,121,2,1,60.0,0,I,MELB_URBAN,ROAD,12,17.0
57559,1,7,130,5,1,100.0,0,N,MELB_URBAN,FREEWAY,12,12.0
57560,1,2,110,1,3,60.0,0,I,MELB_URBAN,ROAD,12,0.0
57561,2,3,100,1,1,50.0,0,I,MELB_URBAN,ROAD,12,7.0
57562,1,2,121,1,1,60.0,0,I,LARGE_PROVINCIAL_CITIES,AVENUE,12,7.0
57563,1,6,99,5,1,80.0,0,N,RURAL_VICTORIA,ROAD,12,17.0
57564,8,3,174,5,1,60.0,0,N,MELB_URBAN,ROAD,12,9.0
57565,1,3,121,1,1,60.0,0,I,MELB_URBAN,STREET,12,14.0
57566,1,3,110,1,1,60.0,0,I,MELB_URBAN,ROAD,12,9.0
57567,1,6,113,2,1,60.0,0,I,MELB_URBAN,UNKNOWN,12,9.0
57568,6,2,174,1,1,60.0,0,I,TOWNS,STREET,12,16.0
57569,1,3,113,2,1,80.0,0,I,SMALL_CITIES,ROAD,12,11.0
57570,4,2,181,5,2,100.0,0,N,RURAL_VICTORIA,ROAD,12,20.0
57571,5,3,99,5,1,60.0,0,N,RURAL_VICTORIA,ROAD,12,10.0
57572,1,3,121,1,1,60.0,0,I,MELB_URBAN,STREET,12,12.0
57573,1,3,113,2,1,80.0,0,I,MELB_URBAN,AVENUE,12,10.0
57574,1,5,113,2,2,80.0,0,I,MELB_URBAN,ROAD,12,19.0
57575,1,2,113,1,1,60.0,0,N,MELB_URBAN,ROAD,12,14.0
57576,1,3,113,2,1,70.0,0,I,MELB_URBAN,HIGHWAY,12,12.0
57577,1,6,110,4,2,50.0,0,I,TOWNS,STREET,12,6.0
57578,1,2,121,2,1,80.0,0,I,MELB_URBAN,ROAD,12,14.0
57579,1,2,130,2,3,70.0,0,I,MELB_URBAN,ROAD,12,22.0
57580,1,2,110,1,1,50.0,0,I,MELB_URBAN,UNKNOWN,12,14.0
57581,1,3,110,1,1,80.0,0,I,MELB_URBAN,ROAD,12,14.0
57582,1,4,130,5,1,100.0,0,N,MELB_URBAN,ROAD,9,9.0
57583,1,3,120,5,1,50.0,0,N,MELB_URBAN,ROAD,12,15.0
57584,2,3,100,2,1,40.0,0,I,MELBOURNE_CBD,STREET,12,17.0
57585,1,3,130,5,1,70.0,0,N,MELB_URBAN,HIGHWAY,12,7.0
57586,2,4,100,1,3,40.0,0,I,MELBOURNE_CBD,STREET,12,22.0
57587,8,2,174,2,2,50.0,0,I,MELB_URBAN,ROAD,12,20.0
57588,6,3,99,5,1,80.0,0,N,RURAL_VICTORIA,ROAD,12,16.0
57589,4,3,183,5,2,100.0,0,N,RURAL_VICTORIA,ROAD,12,19.0
57590,1,2,130,1,1,80.0,0,I,MELB_URBAN,ROAD,12,16.0
57591,1,3,130,5,1,100.0,0,N,MELB_URBAN,FREEWAY,12,16.0
57592,4,2,181,5,2,80.0,0,N,RURAL_VICTORIA,ROAD,12,20.0
57593,1,2,99,1,2,60.0,0,I,MELB_URBAN,ROAD,12,5.0
57594,6,3,174,1,2,60.0,0,I,MELB_URBAN,ROAD,12,20.0
57595,1,3,121,1,3,60.0,0,I,LARGE_PROVINCIAL_CITIES,STREET,12,23.0
57596,4,3,173,5,3,80.0,0,I,MELB_URBAN,HIGHWAY,12,3.0
57597,4,3,181,5,5,50.0,0,N,RURAL_VICTORIA,DRIVE,12,23.0
57598,6,2,99,5,5,60.0,0,N,TOWNS,DRIVE,12,23.0
57599,4,3,171,5,3,100.0,1,N,MELB_URBAN,FREEWAY,12,23.0
57600,1,1,147,5,1,60.0,0,N,MELB_URBAN,ROAD,12,18.0
57601,1,2,140,2,1,50.0,0,I,MELB_URBAN,OTHER,11,16.0
57602,1,4,130,5,3,60.0,0,N,MELB_URBAN,STREET,12,22.0
57603,1,3,113,2,1,60.0,0,N,MELB_URBAN,ROAD,12,9.0
57604,6,2,99,5,1,80.0,0,N,MELB_URBAN,ROAD,12,17.0
57605,4,4,183,5,1,80.0,0,N,TOWNS,ROAD,12,9.0
57606,8,4,174,5,1,80.0,0,N,RURAL_VICTORIA,ROAD,12,9.0
57607,2,5,100,2,1,60.0,0,I,MELB_URBAN,STREET,12,10.0
57608,1,6,121,2,1,100.0,0,I,RURAL_VICTORIA,ROAD,12,11.0
57609,1,6,130,5,1,40.0,0,N,LARGE_PROVINCIAL_CITIES,ROAD,12,14.0
57610,8,4,174,5,2,50.0,0,N,MELB_URBAN,AVENUE,12,18.0
57611,1,3,132,2,1,60.0,0,I,TOWNS,STREET,12,10.0
57612,1,2,130,1,1,80.0,0,I,MELB_URBAN,HIGHWAY,12,16.0
57613,1,4,160,5,1,50.0,0,N,TOWNS,STREET,12,10.0
57614,1,4,130,1,1,80.0,0,I,MELB_URBAN,HIGHWAY,12,12.0
57615,1,3,130,2,1,60.0,0,I,MELB_URBAN,ROAD,12,17.0
57616,1,4,99,5,1,80.0,0,N,TOWNS,ROAD,12,11.0
57617,1,4,140,2,1,50.0,0,N,MELB_URBAN,STREET,12,11.0
57618,6,4,170,5,1,100.0,0,N,RURAL_VICTORIA,ROAD,12,9.0
57619,8,3,174,5,2,60.0,0,N,MELB_URBAN,ROAD,12,5.0
57620,6,5,174,5,9,60.0,0,N,RURAL_VICTORIA,ROAD,12,11.0
57621,8,6,99,5,1,80.0,0,N,RURAL_VICTORIA,ROAD,12,13.0
57622,2,7,99,5,1,50.0,0,N,MELB_URBAN,STREET,12,12.0
57623,1,4,140,1,1,50.0,0,N,LARGE_PROVINCIAL_CITIES,STREET,12,14.0
57624,3,7,167,2,1,100.0,0,N,RURAL_VICTORIA,ROAD,12,12.0
57625,4,4,181,5,1,100.0,0,N,RURAL_VICTORIA,ROAD,12,13.0
57626,1,4,110,1,1,60.0,0,I,MELB_URBAN,ROAD,12,13.0
57627,4,4,173,5,1,80.0,0,N,RURAL_VICTORIA,HIGHWAY,12,12.0
57628,1,3,116,2,1,60.0,0,I,MELB_URBAN,ROAD,12,7.0
57629,4,3,99,2,1,60.0,0,I,MELB_URBAN,ROAD,12,15.0
57630,1,4,120,5,1,80.0,0,N,RURAL_VICTORIA,HIGHWAY,12,15.0
57631,4,3,181,5,1,100.0,0,N,RURAL_VICTORIA,ROAD,12,16.0
57632,1,6,130,5,1,80.0,0,N,MELB_URBAN,ROAD,12,12.0
57633,1,4,116,2,1,60.0,0,I,MELB_URBAN,ROAD,12,12.0
57634,2,4,100,5,1,60.0,0,N,MELB_URBAN,ROAD,12,16.0
57635,4,4,99,2,1,50.0,0,I,MELB_URBAN,STREET,12,18.0
57636,2,4,99,5,2,60.0,0,N,MELB_URBAN,BOULEVARD,12,19.0
57637,1,4,110,1,1,50.0,0,I,MELB_URBAN,STREET,12,16.0
57638,4,4,173,5,2,100.0,0,N,RURAL_VICTORIA,ROAD,12,19.0
57639,4,4,183,5,2,100.0,0,N,RURAL_VICTORIA,ROAD,12,19.0
57640,4,3,171,5,1,100.0,0,N,RURAL_VICTORIA,ROAD,12,20.0
57641,1,4,120,5,2,50.0,0,N,MELB_URBAN,OTHER,12,20.0
57642,3,4,167,5,5,100.0,0,N,RURAL_VICTORIA,ROAD,12,22.0
57643,4,3,173,5,4,50.0,0,N,LARGE_PROVINCIAL_CITIES,STREET,12,22.0
57644,6,5,170,5,5,100.0,0,N,RURAL_VICTORIA,ROAD,12,0.0
57645,1,6,130,5,1,80.0,0,N,MELB_URBAN,HIGHWAY,12,8.0
57646,4,5,173,5,3,60.0,0,N,MELB_URBAN,ROAD,12,2.0
57647,8,6,99,5,1,50.0,0,N,MELB_URBAN,AVENUE,3,16.0
57648,8,1,174,2,1,50.0,0,I,MELB_URBAN,ROAD,4,10.0
57649,1,3,130,2,1,80.0,0,I,MELB_URBAN,HIGHWAY,12,12.0
57650,1,3,130,2,1,60.0,0,I,MELB_URBAN,AVENUE,10,12.0
57651,1,5,121,1,1,60.0,0,I,MELB_URBAN,STREET,12,7.0
57652,4,5,183,5,1,80.0,0,N,MELB_URBAN,ROAD,12,9.0
57653,4,4,171,5,5,100.0,0,N,RURAL_VICTORIA,ROAD,9,0.0
57654,2,2,99,5,3,60.0,0,N,SMALL_TOWNS,ROAD,12,22.0
57655,3,2,167,5,5,100.0,0,N,RURAL_VICTORIA,HIGHWAY,12,23.0
57656,1,5,140,5,1,60.0,0,N,MELB_URBAN,ROAD,12,13.0
57657,6,5,174,2,1,60.0,0,I,TOWNS,ROAD,12,9.0
57658,1,2,130,5,1,50.0,0,N,MELB_URBAN,ROAD,12,14.0
57659,8,5,99,5,1,40.0,0,N,TOWNS,STREET,12,12.0
57660,2,5,102,5,1,40.0,0,N,MELB_URBAN,ROAD,12,14.0
57661,1,2,160,5,1,40.0,0,N,LARGE_PROVINCIAL_CITIES,PARADE,12,15.0
57662,1,5,121,1,1,60.0,0,I,MELB_URBAN,ROAD,12,15.0
57663,1,5,120,5,1,100.0,0,N,RURAL_VICTORIA,ROAD,12,13.0
57664,1,5,113,1,1,100.0,0,I,RURAL_VICTORIA,ROAD,12,15.0
57665,1,5,113,1,1,80.0,0,I,MELB_URBAN,ROAD,12,16.0
57666,1,3,99,2,1,50.0,0,I,TOWNS,ROAD,12,10.0
57667,1,5,99,5,1,60.0,0,N,MELB_URBAN,ROAD,12,15.0
57668,8,4,174,2,1,40.0,0,I,MELB_URBAN,STREET,12,16.0
57669,6,5,170,5,1,100.0,0,N,RURAL_VICTORIA,HIGHWAY,12,17.0
57670,7,5,99,5,1,60.0,0,N,MELB_URBAN,ROAD,12,11.0
57671,1,5,99,2,1,80.0,0,I,RURAL_VICTORIA,ROAD,12,17.0
57672,1,1,130,5,1,100.0,0,I,RURAL_VICTORIA,ROAD,12,12.0
57673,1,4,120,5,1,110.0,0,N,RURAL_VICTORIA,HIGHWAY,12,13.0
57674,1,5,110,1,2,50.0,0,I,MELB_URBAN,STREET,12,19.0
57675,1,2,110,1,1,100.0,0,I,SMALL_TOWNS,ROAD,12,13.0
57676,4,5,171,5,3,60.0,0,N,MELB_URBAN,STREET,12,1.0
57677,4,5,171,5,5,100.0,0,N,RURAL_VICTORIA,ROAD,12,23.0
57678,4,5,173,5,2,100.0,1,N,RURAL_VICTORIA,ROAD,12,19.0
57679,2,6,99,5,3,60.0,0,N,MELB_URBAN,ROAD,1,0.0
57680,4,6,171,5,3,80.0,0,N,SMALL_CITIES,OTHER,1,2.0
57681,1,5,99,5,3,50.0,0,N,TOWNS,STREET,12,22.0
57682,1,2,140,1,1,60.0,0,I,MELB_URBAN,STREET,12,16.0
57683,4,6,99,5,1,50.0,0,N,MELB_URBAN,STREET,1,6.0
57684,1,5,130,1,1,80.0,0,I,MELB_URBAN,ROAD,12,11.0
57685,4,5,181,5,1,60.0,0,N,MELB_URBAN,HIGHWAY,12,7.0
57686,1,6,113,2,1,60.0,0,I,MELB_URBAN,ROAD,1,11.0
57687,8,6,170,5,1,50.0,0,N,MELB_URBAN,ROAD,1,13.0
57688,1,5,121,2,1,60.0,0,I,LARGE_PROVINCIAL_CITIES,ROAD,12,13.0
57689,1,6,134,5,1,80.0,0,N,MELB_URBAN,ROAD,1,12.0
57690,1,6,120,5,1,80.0,0,N,RURAL_VICTORIA,ROAD,1,11.0
57691,4,5,171,5,6,50.0,0,N,RURAL_VICTORIA,ROAD,12,23.0
57692,4,6,183,5,1,50.0,0,N,SMALL_CITIES,DRIVE,1,12.0
57693,4,6,183,5,1,80.0,0,N,RURAL_VICTORIA,ROAD,1,13.0
57694,1,6,110,1,1,80.0,0,I,MELB_URBAN,ROAD,1,15.0
57695,4,6,181,5,1,100.0,0,N,RURAL_VICTORIA,ROAD,1,15.0
57696,7,6,99,5,3,50.0,0,N,SMALL_TOWNS,STREET,1,1.0
57697,4,6,99,2,1,60.0,0,I,MELB_URBAN,STREET,1,16.0
57698,6,6,170,5,1,80.0,0,N,RURAL_VICTORIA,ROAD,1,16.0
57699,1,6,113,2,1,80.0,0,I,MELB_URBAN,ROAD,1,17.0
57700,1,6,130,2,1,100.0,0,I,RURAL_VICTORIA,ROAD,1,15.0
57701,6,6,99,5,1,80.0,0,N,RURAL_VICTORIA,ROAD,1,15.0
57702,1,6,110,1,1,60.0,0,I,MELB_URBAN,ROAD,1,16.0
57703,4,6,181,5,2,100.0,0,N,RURAL_VICTORIA,OTHER,1,19.0
57704,4,6,183,5,1,50.0,0,N,MELB_URBAN,AVENUE,1,16.0
57705,1,6,121,2,1,70.0,0,I,MELB_URBAN,ROAD,1,17.0
57706,1,6,120,5,5,80.0,0,N,MELB_URBAN,AVENUE,1,20.0
57707,4,6,171,5,2,80.0,1,N,MELB_URBAN,ROAD,1,20.0
57708,4,6,183,5,5,50.0,0,N,MELB_URBAN,HIGHWAY,1,22.0
57709,2,6,99,1,3,60.0,0,I,MELBOURNE_CBD,STREET,1,22.0
57710,4,6,171,5,1,50.0,0,N,MELB_URBAN,AVENUE,1,16.0
57711,1,4,113,4,2,80.0,0,I,MELB_URBAN,ROAD,12,20.0
57712,2,6,100,5,3,60.0,0,N,RURAL_VICTORIA,HIGHWAY,1,2.0
57713,1,5,130,2,1,60.0,0,I,MELB_URBAN,HIGHWAY,12,18.0
57714,4,6,183,5,1,100.0,0,N,RURAL_VICTORIA,ROAD,1,15.0
57715,1,7,130,5,1,80.0,0,N,MELB_URBAN,RAMP,1,10.0
57716,2,7,99,2,1,50.0,0,I,TOWNS,STREET,1,10.0
57717,2,4,99,5,9,60.0,0,N,MELB_URBAN,ROAD,12,13.0
57718,1,6,99,5,1,60.0,0,I,MELB_URBAN,ROAD,1,10.0
57719,1,0,130,5,1,60.0,0,N,TOWNS,ROAD,10,13.0
57720,6,7,99,5,1,60.0,0,N,RURAL_VICTORIA,ROAD,1,10.0
57721,2,7,99,5,1,60.0,0,N,LARGE_PROVINCIAL_CITIES,STREET,1,11.0
57722,2,6,100,5,3,50.0,0,N,MELB_URBAN,ROAD,1,2.0
57723,1,6,140,5,1,80.0,0,N,RURAL_VICTORIA,HIGHWAY,1,12.0
57724,1,4,120,1,1,60.0,0,I,SMALL_CITIES,ROAD,12,6.0
57725,1,6,130,5,1,60.0,0,N,RURAL_VICTORIA,ROAD,1,14.0
57726,1,7,99,5,1,60.0,0,N,RURAL_VICTORIA,ROAD,1,9.0
57727,6,7,99,5,1,100.0,0,N,RURAL_VICTORIA,HIGHWAY,1,12.0
57728,4,7,181,4,1,40.0,0,I,TOWNS,STREET,1,16.0
57729,7,7,99,2,1,60.0,0,I,MELB_URBAN,PARADE,1,17.0
57730,4,7,183,5,1,80.0,0,N,RURAL_VICTORIA,ROAD,1,16.0
57731,1,7,171,5,1,60.0,0,N,MELB_URBAN,ROAD,1,17.0
57732,6,7,99,5,2,100.0,0,N,RURAL_VICTORIA,HIGHWAY,1,18.0
57733,4,7,171,5,1,60.0,0,N,MELB_URBAN,HIGHWAY,1,16.0
57734,4,7,171,5,1,60.0,0,N,MELB_URBAN,ROAD,1,18.0
57735,1,6,121,4,3,60.0,0,I,MELB_URBAN,RAMP,1,23.0
57736,1,7,113,2,1,50.0,0,I,MELB_URBAN,ROAD,1,18.0
57737,1,7,121,4,3,60.0,0,I,MELB_URBAN,STREET,1,21.0
57738,4,1,171,1,3,50.0,0,I,LARGE_PROVINCIAL_CITIES,HIGHWAY,1,0.0
57739,4,0,173,5,3,60.0,0,N,MELB_URBAN,STREET,1,2.0
57740,4,1,171,1,6,60.0,0,I,SMALL_CITIES,STREET,1,2.0
57741,1,7,135,5,1,60.0,0,N,MELB_URBAN,ROAD,1,14.0
57742,6,7,99,5,1,100.0,0,N,RURAL_VICTORIA,HIGHWAY,1,17.0
57743,1,1,99,5,1,60.0,0,N,LARGE_PROVINCIAL_CITIES,STREET,1,9.0
57744,1,0,111,1,1,110.0,0,I,RURAL_VICTORIA,FREEWAY,1,9.0
57745,2,3,99,5,1,50.0,0,N,TOWNS,HIGHWAY,12,16.0
57746,8,1,170,5,1,60.0,0,N,MELB_URBAN,STREET,1,10.0
57747,1,5,130,2,1,80.0,0,I,MELB_URBAN,HIGHWAY,12,15.0
57748,8,3,174,1,1,50.0,0,I,MELB_URBAN,STREET,12,7.0
57749,8,1,174,5,1,60.0,0,N,RURAL_VICTORIA,OTHER,1,11.0
57750,4,1,181,5,1,100.0,0,N,RURAL_VICTORIA,HIGHWAY,1,11.0
57751,4,1,173,5,1,100.0,0,N,MELB_URBAN,FREEWAY,1,10.0
57752,1,1,130,2,1,80.0,0,I,MELB_URBAN,AVENUE,1,13.0
57753,1,6,133,2,5,110.0,0,I,RURAL_VICTORIA,FREEWAY,1,19.0
57754,4,1,183,5,1,100.0,0,N,MELB_URBAN,RAMP,1,8.0
57755,1,5,134,5,2,80.0,0,N,MELB_URBAN,ROAD,12,19.0
57756,1,1,121,5,1,80.0,0,I,MELB_URBAN,ROAD,1,14.0
57757,4,0,183,5,9,100.0,0,N,RURAL_VICTORIA,ROAD,1,0.0
57758,6,1,99,5,1,110.0,0,N,RURAL_VICTORIA,FREEWAY,1,13.0
57759,1,1,99,5,1,50.0,0,N,MELB_URBAN,ROAD,1,13.0
57760,4,7,181,4,5,100.0,0,N,RURAL_VICTORIA,ROAD,1,21.0
57761,4,1,171,2,1,50.0,0,I,LARGE_PROVINCIAL_CITIES,STREET,1,15.0
57762,4,1,183,5,1,100.0,0,N,RURAL_VICTORIA,ROAD,1,15.0
57763,1,1,133,5,1,50.0,0,N,SMALL_CITIES,STREET,1,8.0
57764,1,7,130,5,3,100.0,0,N,MELB_URBAN,FREEWAY,1,21.0
57765,1,1,99,2,1,110.0,0,N,RURAL_VICTORIA,HIGHWAY,1,17.0
57766,4,1,183,5,1,60.0,0,N,RURAL_VICTORIA,ROAD,1,16.0
57767,6,5,174,5,1,60.0,0,N,MELB_URBAN,ROAD,11,9.0
57768,1,0,130,1,1,60.0,0,I,MELB_URBAN,OTHER,1,15.0
57769,1,1,140,2,1,70.0,0,I,MELB_URBAN,ROAD,1,18.0
57770,5,1,99,5,2,60.0,0,N,RURAL_VICTORIA,ROAD,1,19.0
57771,1,1,113,2,2,50.0,0,I,MELB_URBAN,DRIVE,1,19.0
57772,1,7,113,2,3,90.0,0,I,RURAL_VICTORIA,FREEWAY,1,23.0
57773,4,2,173,2,2,100.0,0,I,RURAL_VICTORIA,HIGHWAY,1,5.0
57774,4,1,171,5,1,60.0,0,N,SMALL_CITIES,STREET,1,11.0
57775,6,1,174,5,1,60.0,0,N,SMALL_TOWNS,STREET,1,15.0
57776,8,5,184,5,1,40.0,0,N,MELB_URBAN,ROAD,12,18.0
57777,1,1,116,1,1,60.0,0,I,LARGE_PROVINCIAL_CITIES,ROAD,1,16.0
57778,1,5,99,1,1,60.0,0,I,MELB_URBAN,STREET,12,12.0
57779,8,1,174,2,1,70.0,0,I,MELB_URBAN,HIGHWAY,1,12.0
57780,1,1,110,1,1,60.0,0,I,TOWNS,STREET,12,13.0
57781,8,0,174,2,1,60.0,0,I,MELB_URBAN,ROAD,1,8.0
57782,6,5,99,5,1,80.0,0,N,RURAL_VICTORIA,ROAD,12,15.0
57783,2,2,99,5,1,50.0,0,N,TOWNS,STREET,1,12.0
57784,6,2,99,5,1,60.0,0,N,MELB_URBAN,ROAD,1,12.0
57785,1,1,99,5,1,60.0,0,N,MELB_URBAN,STREET,1,12.0
57786,4,2,181,5,1,100.0,0,N,RURAL_VICTORIA,ROAD,1,11.0
57787,1,2,130,1,1,50.0,0,I,LARGE_PROVINCIAL_CITIES,OTHER,11,15.0
57788,1,2,110,1,1,80.0,0,I,RURAL_VICTORIA,ROAD,1,9.0
57789,6,6,174,5,1,50.0,0,N,MELB_URBAN,STREET,1,14.0
57790,6,2,99,5,1,100.0,0,N,RURAL_VICTORIA,OTHER,1,12.0
57791,1,1,121,1,1,60.0,0,I,TOWNS,STREET,1,11.0
57792,8,2,170,5,5,50.0,1,N,TOWNS,ROAD,1,2.0
57793,8,3,174,4,9,60.0,0,N,MELB_URBAN,ROAD,12,20.0
57794,4,2,173,5,1,100.0,0,N,RURAL_VICTORIA,ROAD,1,10.0
57795,6,2,99,5,1,100.0,0,N,RURAL_VICTORIA,ROAD,1,9.0
57796,6,2,174,5,1,40.0,0,N,MELB_URBAN,STREET,1,10.0
57797,1,6,130,5,1,70.0,0,N,MELB_URBAN,ROAD,11,11.0
57798,5,2,99,5,1,40.0,0,N,TOWNS,OTHER,1,10.0
57799,1,1,160,4,1,110.0,0,N,RURAL_VICTORIA,FREEWAY,1,16.0
57800,1,2,120,2,1,60.0,0,I,TOWNS,STREET,1,15.0
57801,1,1,130,2,1,70.0,0,I,LARGE_PROVINCIAL_CITIES,STREET,1,9.0
57802,2,2,99,5,1,50.0,0,N,MELB_URBAN,STREET,1,17.0
57803,2,2,100,4,1,70.0,0,I,MELB_URBAN,ROAD,1,13.0
57804,8,4,174,1,1,80.0,0,I,MELB_URBAN,ROAD,12,16.0
57805,1,1,130,5,1,60.0,0,N,SMALL_TOWNS,ROAD,1,12.0
57806,1,6,147,5,1,80.0,0,I,MELB_URBAN,HIGHWAY,12,15.0
57807,1,6,133,1,1,60.0,0,I,MELB_URBAN,ROAD,11,9.0
57808,1,6,99,2,1,50.0,0,I,MELB_URBAN,STREET,12,9.0
57809,1,2,171,2,3,50.0,0,I,LARGE_PROVINCIAL_CITIES,ROAD,1,23.0
57810,3,2,167,5,5,80.0,0,N,RURAL_VICTORIA,ROAD,1,0.0
57811,4,5,171,5,1,60.0,0,N,LARGE_PROVINCIAL_CITIES,STREET,12,16.0
57812,1,3,130,5,5,100.0,0,N,MELB_URBAN,FREEWAY,1,4.0
57813,8,2,99,1,1,60.0,0,N,SMALL_CITIES,STREET,1,15.0
57814,6,2,99,5,1,100.0,0,N,RURAL_VICTORIA,ROAD,1,17.0
57815,1,4,163,5,1,50.0,0,N,MELB_URBAN,STREET,12,18.0
57816,6,3,99,5,1,100.0,0,N,RURAL_VICTORIA,HIGHWAY,1,10.0
57817,1,3,110,1,1,80.0,0,I,MELB_URBAN,ROAD,1,7.0
57818,2,4,99,5,9,50.0,0,N,SMALL_CITIES,STREET,12,2.0
57819,6,6,174,2,1,50.0,0,I,MELB_URBAN,OTHER,1,10.0
57820,7,3,99,1,1,60.0,0,I,MELB_URBAN,ROAD,9,14.0
57821,1,3,116,2,1,60.0,0,I,MELB_URBAN,ROAD,1,10.0