,accident_type,day_of_week,dca_code,road_geometry,light_condition,speed_zone,severity,node_type,deg_urban_name,road_type,month,hour
57822,8,2,99,5,1,80.0,0,N,RURAL_VICTORIA,ROAD,11,10.0
57823,1,2,160,5,1,40.0,0,N,MELB_URBAN,STREET,1,15.0
57824,1,3,99,1,1,40.0,0,I,MELB_URBAN,ROAD,1,9.0
57825,1,3,130,5,1,60.0,0,N,TOWNS,STREET,1,14.0
57826,1,3,113,2,2,60.0,0,N,TOWNS,ROAD,11,19.0
57827,4,3,171,5,1,80.0,0,N,MELB_URBAN,HIGHWAY,1,12.0
57828,1,3,99,2,1,50.0,0,I,MELB_URBAN,DRIVE,12,8.0
57829,1,3,120,2,1,60.0,0,N,MELB_URBAN,ROAD,1,10.0
57830,1,3,99,2,1,60.0,0,I,MELB_URBAN,ROAD,1,11.0
57831,8,3,184,5,1,60.0,0,N,SMALL_TOWNS,ROAD,1,13.0
57832,6,2,99,5,1,80.0,0,N,SMALL_CITIES,HIGHWAY,1,15.0
57833,1,3,120,5,1,100.0,0,N,RURAL_VICTORIA,HIGHWAY,1,14.0
57834,1,3,120,5,1,80.0,0,N,RURAL_VICTORIA,ROAD,1,13.0
57835,2,2,100,1,1,60.0,0,I,MELB_URBAN,ROAD,1,16.0
57836,1,3,121,2,1,70.0,0,I,MELB_URBAN,ROAD,1,15.0
57837,1,3,113,2,1,80.0,0,I,MELB_URBAN,ROAD,1,15.0
57838,1,3,121,1,1,60.0,0,I,LARGE_PROVINCIAL_CITIES,STREET,1,16.0
57839,1,3,160,5,1,60.0,0,N,SMALL_CITIES,STREET,1,18.0
57840,1,3,140,5,1,60.0,0,N,TOWNS,ROAD,1,16.0
57841,1,3,132,5,1,60.0,0,N,LARGE_PROVINCIAL_CITIES,STREET,1,13.0
57842,2,2,100,1,1,40.0,0,I,MELBOURNE_CBD,STREET,1,17.0
57843,1,3,121,4,2,60.0,0,I,TOWNS,HIGHWAY,1,19.0
57844,1,3,130,5,1,80.0,0,N,MELB_URBAN,HIGHWAY,1,18.0
57845,1,3,113,2,1,70.0,0,I,MELB_URBAN,ROAD,1,17.0
57846,4,3,99,5,2,50.0,0,N,TOWNS,ROAD,1,19.0
57847,1,1,130,5,1,40.0,0,N,MELB_URBAN,FREEWAY,6,19.0
57848,1,3,113,2,1,80.0,0,I,MELB_URBAN,STREET,1,18.0
57849,4,3,181,5,2,100.0,0,N,RURAL_VICTORIA,ROAD,1,20.0
57850,4,3,181,5,5,100.0,0,N,RURAL_VICTORIA,ROAD,1,22.0
57851,1,4,121,2,3,80.0,0,I,MELB_URBAN,ROAD,1,0.0
57852,6,3,170,5,5,50.0,0,N,RURAL_VICTORIA,STREET,1,0.0
57853,1,3,133,5,1,100.0,0,N,MELB_URBAN,FREEWAY,1,12.0
57854,1,4,130,2,1,60.0,0,I,MELB_URBAN,ROAD,12,9.0
57855,4,4,99,2,1,100.0,0,I,RURAL_VICTORIA,ROAD,12,14.0
57856,1,4,116,2,1,60.0,0,I,MELB_URBAN,ROAD,10,16.0
57857,1,4,121,1,1,60.0,0,I,TOWNS,AVENUE,1,9.0
57858,1,4,116,1,3,70.0,0,I,MELB_URBAN,ROAD,12,23.0
57859,1,4,99,2,1,50.0,0,I,MELB_URBAN,UNKNOWN,1,9.0
57860,1,5,130,2,1,60.0,0,I,MELB_URBAN,AVENUE,9,8.0
57861,4,4,173,5,1,110.0,0,N,RURAL_VICTORIA,FREEWAY,1,10.0
57862,4,2,181,5,1,100.0,0,N,RURAL_VICTORIA,HIGHWAY,1,16.0
57863,1,4,130,1,1,60.0,0,I,MELB_URBAN,HIGHWAY,1,9.0
57864,8,1,174,5,1,60.0,0,N,RURAL_VICTORIA,ROAD,12,17.0
57865,1,4,135,5,1,100.0,0,N,MELB_URBAN,ROAD,1,13.0
57866,8,5,174,5,1,50.0,0,N,MELB_URBAN,OTHER,12,17.0
57867,1,4,113,2,1,50.0,0,I,MELB_URBAN,ROAD,1,13.0
57868,1,0,113,2,6,60.0,0,I,MELB_URBAN,ROAD,5,18.0
57869,4,4,99,5,5,110.0,0,N,RURAL_VICTORIA,FREEWAY,11,23.0
57870,8,2,184,5,1,100.0,0,N,RURAL_VICTORIA,ROAD,12,13.0
57871,4,4,181,5,1,60.0,0,N,MELB_URBAN,BOULEVARD,1,14.0
57872,4,4,181,5,1,70.0,0,N,MELB_URBAN,HIGHWAY,1,14.0
57873,1,7,130,2,1,60.0,0,N,MELB_URBAN,ROAD,1,12.0
57874,8,0,184,5,1,40.0,0,N,RURAL_VICTORIA,ROAD,1,11.0
57875,1,4,160,5,1,50.0,0,N,MELB_URBAN,BOULEVARD,1,13.0
57876,1,4,160,5,1,50.0,0,N,TOWNS,OTHER,1,15.0
57877,1,4,110,1,1,60.0,0,I,MELB_URBAN,ROAD,1,16.0
57878,1,4,99,2,1,60.0,0,I,TOWNS,STREET,1,14.0
57879,4,4,99,2,1,100.0,0,I,RURAL_VICTORIA,ROAD,1,16.0
57880,1,2,130,5,1,60.0,0,N,MELB_URBAN,STREET,12,14.0
57881,1,4,121,1,1,40.0,0,I,MELB_URBAN,STREET,1,18.0
57882,1,4,113,2,1,100.0,0,I,RURAL_VICTORIA,ROAD,1,16.0
57883,1,4,130,2,1,60.0,0,I,MELB_URBAN,ROAD,1,18.0
57884,2,4,99,5,1,50.0,0,N,MELB_URBAN,STREET,1,14.0
57885,4,4,171,5,2,60.0,0,N,MELB_URBAN,DRIVE,1,20.0
57886,1,4,130,5,1,60.0,0,N,SMALL_CITIES,ROAD,1,19.0
57887,4,3,183,5,3,60.0,0,N,LARGE_PROVINCIAL_CITIES,STREET,1,23.0
57888,8,5,99,5,5,60.0,0,N,MELB_URBAN,ROAD,1,1.0
57889,4,4,99,2,5,50.0,0,I,TOWNS,ROAD,1,22.0
57890,4,4,173,2,3,60.0,0,N,LARGE_PROVINCIAL_CITIES,STREET,1,22.0
57891,1,4,130,2,1,70.0,0,I,MELB_URBAN,ROAD,12,16.0
57892,1,4,130,1,1,80.0,0,I,MELB_URBAN,HIGHWAY,1,18.0
57893,1,5,121,2,1,80.0,0,I,MELB_URBAN,ROAD,1,7.0
57894,1,2,99,2,1,60.0,0,I,MELB_URBAN,ROAD,11,16.0
57895,1,4,121,2,3,80.0,0,I,MELB_URBAN,ROAD,1,22.0
57896,1,2,130,5,2,50.0,0,N,MELBOURNE_CBD,STREET,7,17.0
57897,1,4,130,2,1,70.0,0,I,MELB_URBAN,ROAD,1,16.0
57898,4,3,183,5,1,80.0,0,N,RURAL_VICTORIA,HIGHWAY,1,17.0
57899,1,5,99,2,1,100.0,0,I,RURAL_VICTORIA,ROAD,1,8.0
57900,1,4,99,5,3,40.0,0,N,MELB_URBAN,ROAD,1,22.0
57901,1,5,120,5,1,80.0,0,N,RURAL_VICTORIA,ROAD,1,9.0
57902,1,2,130,5,1,60.0,0,N,SMALL_CITIES,HIGHWAY,1,17.0
57903,8,3,99,5,1,50.0,0,N,TOWNS,ROAD,12,17.0
57904,1,6,110,1,1,50.0,0,I,MELB_URBAN,AVENUE,12,18.0
57905,6,7,170,2,5,100.0,0,I,RURAL_VICTORIA,ROAD,12,3.0
57906,1,4,121,2,1,80.0,0,I,MELB_URBAN,STREET,1,11.0
57907,6,3,184,5,1,60.0,0,N,MELB_URBAN,ROAD,12,15.0
57908,1,5,133,5,1,50.0,0,N,MELB_URBAN,STREET,1,10.0
57909,4,4,183,5,1,60.0,0,N,RURAL_VICTORIA,ROAD,1,11.0
57910,1,5,140,5,1,60.0,0,N,MELB_URBAN,ROAD,1,8.0
57911,4,5,173,5,9,60.0,0,N,RURAL_VICTORIA,ROAD,1,13.0
57912,1,5,132,5,1,60.0,0,N,MELB_URBAN,HIGHWAY,1,13.0
57913,1,4,99,2,3,80.0,0,I,MELB_URBAN,HIGHWAY,1,21.0
57914,4,4,171,5,1,100.0,0,N,RURAL_VICTORIA,FREEWAY,1,14.0
57915,1,6,130,2,1,70.0,0,I,MELB_URBAN,ROAD,1,10.0
57916,1,2,130,1,2,70.0,0,I,LARGE_PROVINCIAL_CITIES,HIGHWAY,12,17.0
57917,1,5,134,5,1,80.0,0,N,MELB_URBAN,ROAD,1,10.0
57918,1,5,121,2,1,60.0,0,I,MELB_URBAN,ROAD,1,17.0
57919,1,5,121,2,1,40.0,0,I,MELBOURNE_CBD,STREET,1,18.0
57920,2,2,99,6,2,50.0,0,N,MELB_URBAN,OTHER,9,19.0
57921,1,5,113,1,1,60.0,0,I,MELB_URBAN,ROAD,1,14.0
57922,1,5,120,2,1,50.0,0,I,RURAL_VICTORIA,ROAD,1,17.0
57923,1,4,147,2,1,60.0,0,N,MELB_URBAN,STREET,1,16.0
57924,6,7,99,1,1,60.0,0,I,SMALL_CITIES,STREET,12,16.0
57925,4,4,171,5,2,110.0,0,N,RURAL_VICTORIA,FREEWAY,1,19.0
57926,1,5,132,5,1,80.0,0,N,RURAL_VICTORIA,OTHER,1,18.0
57927,8,4,99,5,3,60.0,0,I,MELB_URBAN,ROAD,1,22.0
57928,1,5,120,5,1,50.0,0,N,MELB_URBAN,OTHER,1,18.0
57929,1,5,113,2,2,80.0,0,I,MELB_URBAN,HIGHWAY,1,19.0
57930,1,4,110,5,1,50.0,0,I,TOWNS,STREET,1,19.0
57931,1,4,99,5,1,40.0,0,N,MELB_URBAN,STREET,12,10.0
57932,1,5,113,2,2,60.0,0,I,MELB_URBAN,ROAD,1,6.0
57933,4,5,99,5,2,60.0,0,N,LARGE_PROVINCIAL_CITIES,OTHER,1,20.0
57934,4,5,171,5,3,80.0,0,N,MELB_URBAN,ROAD,1,23.0
57935,1,4,99,5,1,50.0,0,N,SMALL_CITIES,OTHER,12,16.0
57936,1,4,130,1,6,80.0,0,I,MELB_URBAN,ROAD,1,23.0
57937,2,5,102,5,3,80.0,0,N,MELB_URBAN,HIGHWAY,1,22.0
57938,3,6,167,5,5,100.0,0,N,RURAL_VICTORIA,ROAD,1,5.0
57939,1,7,99,5,9,60.0,0,N,MELB_URBAN,ROAD,1,21.0
57940,1,2,110,1,1,50.0,0,I,MELB_URBAN,AVENUE,12,8.0
57941,1,6,130,5,1,100.0,0,N,RURAL_VICTORIA,ROAD,1,8.0
57942,1,6,121,2,1,60.0,0,I,MELB_URBAN,STREET,1,8.0
57943,1,6,99,5,2,50.0,0,N,MELB_URBAN,DRIVE,1,7.0
57944,1,6,111,1,1,60.0,0,I,SMALL_CITIES,PARADE,1,10.0
57945,1,2,99,1,1,60.0,0,I,MELB_URBAN,ROAD,1,17.0
57946,1,6,160,5,1,60.0,0,N,MELB_URBAN,ROAD,1,9.0
57947,1,6,110,1,1,40.0,0,I,MELB_URBAN,STREET,1,10.0
57948,1,6,110,1,1,100.0,0,I,RURAL_VICTORIA,ROAD,1,8.0
57949,4,6,171,5,1,60.0,0,N,MELB_URBAN,ROAD,1,10.0
57950,1,5,160,5,1,50.0,0,N,MELB_URBAN,ROAD,1,10.0
57951,1,4,113,1,1,60.0,0,I,SMALL_TOWNS,STREET,1,18.0
57952,4,2,183,5,1,60.0,0,N,RURAL_VICTORIA,ROAD,1,17.0
57953,1,6,121,1,1,60.0,0,I,LARGE_PROVINCIAL_CITIES,STREET,1,11.0
57954,4,5,171,5,2,60.0,0,N,RURAL_VICTORIA,ROAD,10,20.0
57955,1,5,133,5,9,50.0,0,N,MELB_URBAN,STREET,12,21.0
57956,1,5,130,1,1,40.0,0,I,LARGE_PROVINCIAL_CITIES,STREET,1,15.0
57957,4,2,171,5,1,60.0,0,N,LARGE_PROVINCIAL_CITIES,STREET,1,18.0
57958,1,1,130,1,1,70.0,0,I,MELB_URBAN,STREET,12,11.0
57959,1,6,116,2,1,80.0,0,I,MELB_URBAN,HIGHWAY,1,14.0
57960,6,6,99,5,1,100.0,0,N,RURAL_VICTORIA,ROAD,1,11.0
57961,2,6,99,5,1,50.0,0,N,MELB_URBAN,STREET,1,16.0
57962,1,5,110,1,1,50.0,0,I,SMALL_CITIES,STREET,11,15.0
57963,1,6,121,1,1,70.0,0,I,MELB_URBAN,STREET,1,16.0
57964,1,6,147,5,1,60.0,0,N,TOWNS,STREET,1,11.0
57965,1,6,130,5,1,70.0,0,N,LARGE_PROVINCIAL_CITIES,HIGHWAY,1,14.0
57966,1,5,116,2,1,60.0,0,I,SMALL_CITIES,HIGHWAY,1,15.0
57967,1,6,121,1,1,60.0,0,I,MELB_URBAN,STREET,1,16.0
57968,1,6,134,5,1,70.0,0,N,SMALL_CITIES,ROAD,1,16.0
57969,1,6,121,1,1,60.0,0,I,MELB_URBAN,ROAD,1,15.0
57970,2,6,99,5,1,50.0,0,N,MELB_URBAN,OTHER,1,19.0
57971,4,5,99,2,1,40.0,0,I,MELB_URBAN,AVENUE,1,20.0
57972,1,4,99,5,1,60.0,0,N,MELB_URBAN,STREET,1,11.0
57973,1,6,110,1,1,50.0,0,I,SMALL_CITIES,STREET,1,17.0
57974,6,6,99,5,1,100.0,0,N,MELB_URBAN,RAMP,1,20.0
57975,4,6,173,2,1,50.0,0,I,MELB_URBAN,STREET,1,18.0
57976,1,6,134,5,1,100.0,0,N,RURAL_VICTORIA,FREEWAY,1,6.0
57977,6,7,170,5,5,60.0,0,N,TOWNS,STREET,1,1.0
57978,4,7,171,1,3,80.0,0,I,MELB_URBAN,ROAD,1,2.0
57979,8,4,99,5,1,60.0,0,N,LARGE_PROVINCIAL_CITIES,STREET,1,8.0
57980,1,7,121,1,2,60.0,0,I,MELB_URBAN,ROAD,1,6.0
57981,1,6,113,2,2,50.0,0,N,MELB_URBAN,DRIVE,1,6.0
57982,1,7,130,1,1,60.0,0,I,RURAL_VICTORIA,DRIVE,1,9.0
57983,6,1,99,5,1,60.0,0,N,RURAL_VICTORIA,UNKNOWN,12,10.0
57984,2,7,102,1,1,40.0,0,I,MELB_URBAN,STREET,1,10.0
57985,1,7,99,2,1,70.0,0,I,MELB_URBAN,ROAD,1,9.0
57986,1,7,130,5,1,60.0,0,N,MELB_URBAN,ROAD,1,13.0
57987,6,7,170,5,1,110.0,0,N,RURAL_VICTORIA,FREEWAY,1,7.0
57988,1,7,132,1,1,60.0,0,I,LARGE_PROVINCIAL_CITIES,ROAD,1,12.0
57989,1,7,132,1,1,80.0,0,I,RURAL_VICTORIA,FREEWAY,1,11.0
57990,4,7,171,2,1,60.0,0,I,MELB_URBAN,ROAD,1,11.0
57991,8,6,184,2,1,100.0,0,I,RURAL_VICTORIA,ROAD,1,13.0
57992,4,3,181,5,1,60.0,0,N,RURAL_VICTORIA,OTHER,1,16.0
57993,2,7,100,1,1,50.0,0,I,MELB_URBAN,ROAD,1,15.0
57994,1,7,99,1,1,60.0,0,I,MELBOURNE_CBD,STREET,1,10.0
57995,1,7,110,1,1,60.0,0,I,SMALL_CITIES,AVENUE,1,12.0
57996,1,7,99,5,1,50.0,0,N,TOWNS,STREET,1,13.0
57997,1,7,120,5,1,60.0,0,N,RURAL_VICTORIA,ROAD,1,14.0
57998,8,7,99,1,1,80.0,0,N,MELB_URBAN,ROAD,1,16.0
57999,1,7,130,5,1,60.0,0,N,SMALL_CITIES,STREET,1,17.0
58000,1,7,110,1,1,60.0,0,I,TOWNS,ROAD,1,17.0
58001,8,7,99,5,1,60.0,0,N,RURAL_VICTORIA,ROAD,1,15.0
58002,1,5,99,5,1,60.0,0,N,MELB_URBAN,UNKNOWN,12,7.0
58003,2,7,99,1,1,50.0,0,I,MELB_URBAN,ROAD,1,19.0
58004,1,7,147,5,1,60.0,0,N,MELB_URBAN,ROAD,1,14.0
58005,6,6,99,5,1,40.0,0,N,MELB_URBAN,UNKNOWN,1,16.0
58006,4,6,99,2,9,80.0,0,I,RURAL_VICTORIA,ROAD,1,6.0
58007,4,7,181,5,1,50.0,0,N,MELB_URBAN,OTHER,1,18.0
58008,1,1,130,5,3,60.0,0,N,MELB_URBAN,ROAD,1,0.0
58009,1,1,132,2,3,70.0,1,I,MELB_URBAN,ROAD,1,2.0
58010,1,0,113,2,2,60.0,0,I,MELB_URBAN,STREET,1,6.0
58011,1,6,99,5,1,50.0,0,N,MELB_URBAN,OTHER,1,15.0
58012,1,1,113,2,1,60.0,0,I,SMALL_CITIES,STREET,1,11.0
58013,4,1,173,5,1,100.0,0,N,RURAL_VICTORIA,ROAD,1,9.0
58014,2,1,102,2,1,60.0,0,I,MELB_URBAN,ROAD,1,9.0
58015,1,7,121,2,3,60.0,0,I,MELB_URBAN,ROAD,1,22.0
58016,1,0,130,5,1,100.0,0,N,RURAL_VICTORIA,ROAD,1,13.0
58017,1,1,121,1,1,60.0,0,I,MELB_URBAN,STREET,1,10.0
58018,6,1,170,5,1,60.0,0,N,RURAL_VICTORIA,ROAD,1,14.0
58019,1,1,113,2,1,50.0,0,I,MELB_URBAN,BOULEVARD,1,11.0
58020,1,0,133,5,1,100.0,0,N,MELB_URBAN,UNKNOWN,1,11.0
58021,6,1,170,5,1,60.0,0,N,SMALL_CITIES,STREET,1,16.0
58022,1,7,147,5,3,70.0,0,N,MELB_URBAN,ROAD,1,23.0
58023,4,1,181,5,1,100.0,0,N,RURAL_VICTORIA,ROAD,1,15.0
58024,4,1,181,5,5,100.0,1,N,RURAL_VICTORIA,ROAD,1,6.0
58025,6,1,99,5,1,80.0,0,N,RURAL_VICTORIA,HIGHWAY,1,17.0
58026,1,1,111,1,1,80.0,0,I,MELB_URBAN,OTHER,1,17.0
58027,4,1,171,5,1,100.0,0,N,RURAL_VICTORIA,HIGHWAY,1,14.0
58028,1,1,121,2,1,100.0,1,I,RURAL_VICTORIA,HIGHWAY,1,16.0
58029,1,1,130,1,1,60.0,0,I,MELB_URBAN,HIGHWAY,1,11.0
58030,6,1,99,5,2,100.0,0,N,RURAL_VICTORIA,ROAD,1,19.0
58031,1,1,113,2,1,80.0,0,I,MELB_URBAN,ROAD,1,15.0
58032,4,1,171,5,5,80.0,0,N,RURAL_VICTORIA,ROAD,1,21.0
58033,4,1,173,2,3,60.0,0,I,MELB_URBAN,HIGHWAY,1,22.0
58034,1,1,113,1,3,80.0,0,I,MELB_URBAN,ROAD,1,1.0
58035,1,1,140,5,1,110.0,0,N,RURAL_VICTORIA,FREEWAY,11,7.0
58036,1,3,130,5,2,50.0,0,N,LARGE_PROVINCIAL_CITIES,UNKNOWN,1,19.0
58037,1,2,121,1,1,60.0,0,I,MELB_URBAN,ROAD,12,14.0
58038,1,5,130,5,1,60.0,0,N,MELB_URBAN,ROAD,1,14.0
58039,1,2,160,5,2,70.0,0,N,MELB_URBAN,ROAD,1,5.0
58040,6,1,170,2,1,60.0,0,I,RURAL_VICTORIA,ROAD,1,14.0
58041,1,2,113,2,1,60.0,0,I,MELB_URBAN,STREET,1,8.0
58042,1,7,130,5,1,60.0,0,N,MELB_URBAN,STREET,1,10.0
58043,8,3,174,2,1,60.0,0,I,RURAL_VICTORIA,UNKNOWN,12,15.0
58044,8,3,184,2,1,30.0,0,I,MELB_URBAN,BOULEVARD,1,7.0
58045,2,2,99,5,1,50.0,0,N,MELB_URBAN,DRIVE,1,11.0
58046,8,1,174,5,2,60.0,0,N,MELB_URBAN,DRIVE,1,19.0
58047,8,2,174,5,1,60.0,0,N,MELB_URBAN,ROAD,1,11.0
58048,1,0,111,1,1,60.0,0,N,MELB_URBAN,ROAD,1,16.0
58049,1,2,130,2,1,80.0,0,I,TOWNS,HIGHWAY,1,12.0
58050,6,2,174,5,2,60.0,0,N,SMALL_CITIES,ROAD,1,6.0
58051,1,2,116,2,1,50.0,0,I,MELB_URBAN,STREET,1,8.0
58052,4,2,173,5,1,60.0,0,N,MELB_URBAN,ROAD,1,13.0
58053,1,4,121,2,1,60.0,0,I,MELB_URBAN,ROAD,12,8.0
58054,2,2,99,5,1,50.0,0,N,SMALL_CITIES,STREET,1,13.0
58055,1,2,130,5,1,60.0,0,N,MELB_URBAN,ROAD,1,17.0
58056,1,3,130,5,1,60.0,0,N,MELB_URBAN,STREET,12,10.0
58057,4,1,171,4,1,80.0,0,I,RURAL_VICTORIA,RAMP,1,10.0
58058,1,7,130,5,1,80.0,0,I,MELB_URBAN,ROAD,12,18.0
58059,4,1,171,5,1,80.0,0,N,RURAL_VICTORIA,ROAD,1,16.0
58060,4,2,181,5,1,100.0,0,N,RURAL_VICTORIA,ROAD,1,11.0
58061,2,7,100,5,3,40.0,0,N,MELB_URBAN,ROAD,11,23.0
58062,1,2,99,5,1,40.0,0,N,TOWNS,STREET,1,12.0
58063,4,2,183,5,1,60.0,0,N,RURAL_VICTORIA,ROAD,1,15.0
58064,1,4,121,2,9,60.0,0,I,MELB_URBAN,ROAD,12,17.0
58065,8,2,174,5,1,60.0,0,N,MELB_URBAN,ROAD,1,8.0
58066,8,2,174,5,1,60.0,0,N,MELB_URBAN,ROAD,1,18.0
58067,1,5,130,5,1,60.0,0,N,LARGE_PROVINCIAL_CITIES,STREET,12,17.0
58068,8,2,184,5,1,80.0,0,N,RURAL_VICTORIA,ROAD,1,10.0
58069,1,1,132,2,1,60.0,0,I,MELB_URBAN,ROAD,1,16.0
58070,1,1,120,5,1,60.0,0,N,SMALL_TOWNS,ROAD,1,16.0
58071,7,3,99,5,9,60.0,0,N,MELB_URBAN,DRIVE,12,0.0
58072,8,2,174,1,2,50.0,0,I,MELB_URBAN,STREET,1,20.0
58073,4,2,173,5,5,80.0,0,N,RURAL_VICTORIA,ROAD,1,4.0
58074,2,3,100,1,1,60.0,0,N,MELB_URBAN,ROAD,1,6.0
58075,1,5,99,2,1,80.0,0,I,MELB_URBAN,HIGHWAY,1,14.0
58076,1,4,113,2,1,60.0,0,I,MELB_URBAN,ROAD,12,18.0
58077,4,7,183,5,1,60.0,0,N,RURAL_VICTORIA,ROAD,1,13.0
58078,1,5,130,5,1,80.0,0,N,MELB_URBAN,HIGHWAY,1,18.0
58079,3,5,167,5,6,100.0,0,N,RURAL_VICTORIA,ROAD,12,22.0
58080,1,1,99,5,1,40.0,0,N,SMALL_CITIES,DRIVE,1,13.0
58081,1,4,121,1,1,60.0,0,I,MELB_URBAN,ROAD,1,10.0
58082,1,3,99,1,1,50.0,0,N,MELB_URBAN,STREET,1,10.0
58083,1,2,130,1,1,80.0,0,I,MELB_URBAN,ROAD,1,11.0
58084,4,5,181,5,1,100.0,0,N,RURAL_VICTORIA,ROAD,12,11.0
58085,1,4,99,2,1,60.0,0,I,LARGE_PROVINCIAL_CITIES,HIGHWAY,11,8.0
58086,1,3,130,5,1,80.0,0,N,MELB_URBAN,HIGHWAY,1,12.0
58087,1,3,140,5,1,60.0,0,N,MELB_URBAN,ROAD,12,14.0
58088,4,0,99,5,1,60.0,0,N,RURAL_VICTORIA,OTHER,1,12.0
58089,1,3,121,2,1,60.0,0,I,MELB_URBAN,ROAD,1,13.0
58090,1,3,147,5,1,50.0,0,N,MELB_URBAN,STREET,1,13.0
58091,1,3,99,5,1,40.0,0,N,MELB_URBAN,STREET,1,13.0
58092,4,3,171,5,1,80.0,0,N,RURAL_VICTORIA,ROAD,1,13.0
58093,8,2,174,2,1,60.0,0,I,MELB_URBAN,STREET,1,9.0
58094,1,3,110,1,1,40.0,0,I,MELB_URBAN,STREET,1,15.0
58095,1,3,111,2,1,60.0,0,I,SMALL_CITIES,STREET,1,15.0
58096,1,3,130,5,1,80.0,0,N,MELB_URBAN,ROAD,1,13.0
58097,8,7,174,5,1,60.0,0,N,MELB_URBAN,ROAD,1,7.0
58098,1,2,99,5,1,50.0,0,N,SMALL_CITIES,STREET,12,15.0
58099,8,3,99,5,2,60.0,0,N,RURAL_VICTORIA,ROAD,1,20.0
58100,1,2,130,2,1,60.0,0,I,MELB_URBAN,ROAD,1,17.0
58101,4,3,173,5,1,80.0,0,N,LARGE_PROVINCIAL_CITIES,HIGHWAY,1,17.0
58102,1,3,99,2,1,60.0,0,I,MELB_URBAN,ROAD,1,16.0
58103,8,3,99,5,9,60.0,0,N,TOWNS,ROAD,1,14.0
58104,1,3,99,2,1,60.0,0,I,MELB_URBAN,ROAD,1,18.0
58105,4,3,173,5,1,60.0,0,N,MELB_URBAN,ROAD,1,15.0
58106,4,2,183,5,1,50.0,0,N,MELB_URBAN,ROAD,1,17.0
58107,1,3,134,5,1,100.0,0,N,RURAL_VICTORIA,FREEWAY,1,18.0
58108,1,2,110,1,1,100.0,0,I,RURAL_VICTORIA,DRIVE,1,19.0
58109,1,2,110,1,1,60.0,0,I,MELB_URBAN,ROAD,1,17.0
58110,1,3,99,5,2,50.0,0,N,MELB_URBAN,ROAD,1,6.0
58111,1,2,130,5,3,50.0,0,N,MELB_URBAN,STREET,1,22.0
58112,4,3,171,2,3,60.0,0,I,MELB_URBAN,ROAD,1,4.0
58113,1,7,116,2,1,70.0,0,I,MELB_URBAN,ROAD,12,9.0
58114,6,3,170,5,2,110.0,0,N,RURAL_VICTORIA,FREEWAY,1,21.0
58115,1,4,110,1,2,100.0,0,I,RURAL_VICTORIA,ROAD,1,5.0
58116,3,2,167,5,2,60.0,0,N,RURAL_VICTORIA,ROAD,1,20.0
58117,1,4,120,5,1,50.0,0,N,SMALL_CITIES,ROAD,12,13.0
58118,1,4,130,5,1,100.0,0,N,MELB_URBAN,FREEWAY,1,7.0
58119,1,3,130,5,1,60.0,0,N,MELB_URBAN,ROAD,12,10.0
58120,3,4,167,5,6,90.0,0,N,RURAL_VICTORIA,HIGHWAY,1,22.0
58121,1,4,116,1,1,50.0,0,I,MELB_URBAN,STREET,1,9.0
58122,1,4,99,1,1,50.0,0,I,SMALL_CITIES,STREET,1,7.0
58123,1,5,130,2,1,70.0,0,I,MELB_URBAN,ROAD,11,16.0
58124,8,2,174,5,2,60.0,0,N,MELB_URBAN,ROAD,12,6.0
58125,6,2,170,5,1,100.0,0,N,RURAL_VICTORIA,ROAD,1,16.0
58126,3,2,167,5,5,80.0,0,N,RURAL_VICTORIA,ROAD,9,1.0
58127,2,3,100,4,1,50.0,0,I,MELB_URBAN,STREET,1,11.0
58128,1,4,163,1,1,40.0,0,I,MELB_URBAN,STREET,1,12.0
58129,1,4,134,2,1,60.0,0,I,MELB_URBAN,STREET,1,12.0
58130,8,0,174,1,1,70.0,0,I,MELB_URBAN,ROAD,12,13.0
58131,6,4,184,5,6,80.0,0,N,MELB_URBAN,ROAD,1,2.0
58132,1,3,130,1,1,80.0,0,I,MELB_URBAN,HIGHWAY,1,11.0
58133,1,1,130,1,1,60.0,0,I,MELB_URBAN,ROAD,1,13.0
58134,1,6,121,4,1,60.0,0,I,MELB_URBAN,ROAD,12,13.0
58135,8,5,174,5,1,110.0,0,N,RURAL_VICTORIA,FREEWAY,12,9.0
58136,1,3,130,5,1,60.0,0,N,MELB_URBAN,ROAD,12,17.0
58137,4,4,173,5,1,60.0,0,N,SMALL_CITIES,DRIVE,1,14.0
58138,1,4,134,1,1,40.0,0,I,MELBOURNE_CBD,STREET,1,15.0
58139,4,4,183,5,1,60.0,0,N,MELB_URBAN,OTHER,1,15.0
58140,1,7,130,2,1,60.0,0,N,MELB_URBAN,ROAD,11,13.0
58141,1,4,120,5,5,100.0,1,N,RURAL_VICTORIA,ROAD,1,4.0
58142,1,4,160,5,1,60.0,0,N,MELB_URBAN,ROAD,1,6.0
58143,1,3,160,5,1,60.0,0,N,MELB_URBAN,STREET,1,16.0
58144,1,4,120,5,1,60.0,0,N,MELB_URBAN,ROAD,1,16.0
58145,1,4,121,1,1,100.0,0,I,MELB_URBAN,ROAD,1,16.0
58146,1,5,99,1,2,60.0,0,N,MELB_URBAN,ROAD,10,7.0
58147,1,4,130,2,1,90.0,0,I,RURAL_VICTORIA,FREEWAY,1,15.0
58148,1,7,110,1,1,80.0,0,I,RURAL_VICTORIA,FREEWAY,11,12.0
58149,8,2,174,5,2,60.0,0,N,RURAL_VICTORIA,ROAD,1,19.0
58150,1,4,99,1,1,60.0,0,I,MELB_URBAN,STREET,1,8.0
58151,1,4,110,1,2,80.0,0,I,RURAL_VICTORIA,ROAD,1,18.0
58152,1,2,130,1,1,60.0,0,I,MELB_URBAN,ROAD,12,15.0