,accident_type,day_of_week,dca_code,road_geometry,light_condition,speed_zone,severity,node_type,deg_urban_name,road_type,month,hour
58153,1,4,130,5,1,70.0,0,N,MELB_URBAN,ROAD,1,18.0
58154,4,4,183,5,5,100.0,0,N,RURAL_VICTORIA,ROAD,1,20.0
58155,1,4,121,1,3,60.0,0,I,MELB_URBAN,ROAD,1,21.0
58156,1,2,130,1,1,70.0,0,I,LARGE_PROVINCIAL_CITIES,HIGHWAY,1,9.0
58157,2,4,99,5,1,50.0,0,N,MELB_URBAN,STREET,1,17.0
58158,1,3,160,5,3,50.0,0,N,MELB_URBAN,ROAD,1,22.0
58159,6,4,170,2,2,50.0,0,I,TOWNS,HIGHWAY,1,6.0
58160,6,5,174,1,3,60.0,0,I,SMALL_CITIES,ROAD,1,0.0
58161,4,4,171,5,3,60.0,0,N,SMALL_CITIES,ROAD,1,23.0
58162,6,4,174,5,2,60.0,0,N,RURAL_VICTORIA,ROAD,12,8.0
58163,4,2,171,5,3,60.0,0,N,MELB_URBAN,ROAD,1,0.0
58164,1,4,121,1,3,60.0,0,I,MELB_URBAN,ROAD,1,22.0
58165,1,2,147,4,1,60.0,0,I,MELB_URBAN,ROAD,12,8.0
58166,1,4,121,1,1,60.0,0,I,MELB_URBAN,STREET,1,7.0
58167,1,4,160,5,2,60.0,0,N,SMALL_CITIES,ROAD,1,6.0
58168,4,2,99,2,1,80.0,0,I,TOWNS,ROAD,12,16.0
58169,1,4,110,1,1,60.0,0,I,LARGE_PROVINCIAL_CITIES,STREET,1,8.0
58170,2,5,99,5,1,50.0,0,N,MELB_URBAN,STREET,1,8.0
58171,1,3,116,2,2,50.0,0,I,MELB_URBAN,STREET,10,18.0
58172,1,4,113,2,1,100.0,0,I,RURAL_VICTORIA,ROAD,1,8.0
58173,1,4,120,5,1,70.0,0,N,MELB_URBAN,ROAD,1,8.0
58174,7,4,99,5,1,80.0,0,N,RURAL_VICTORIA,HIGHWAY,12,17.0
58175,2,5,100,5,1,50.0,0,N,MELB_URBAN,STREET,1,9.0
58176,6,5,99,5,1,60.0,0,N,MELB_URBAN,ROAD,1,10.0
58177,4,4,171,5,1,70.0,0,N,MELB_URBAN,ROAD,1,10.0
58178,1,3,99,1,1,110.0,0,N,RURAL_VICTORIA,FREEWAY,1,16.0
58179,8,1,174,5,1,60.0,0,N,RURAL_VICTORIA,OTHER,1,14.0
58180,4,4,181,5,1,100.0,0,N,RURAL_VICTORIA,HIGHWAY,1,6.0
58181,1,3,130,5,1,100.0,0,N,MELB_URBAN,FREEWAY,1,17.0
58182,1,5,110,1,1,50.0,0,I,MELB_URBAN,ROAD,1,7.0
58183,6,6,174,1,1,60.0,0,I,MELB_URBAN,ROAD,12,12.0
58184,4,3,171,5,1,80.0,0,N,MELB_URBAN,ROAD,11,15.0
58185,2,5,102,1,1,40.0,0,I,MELB_URBAN,ROAD,1,12.0
58186,5,1,99,5,2,100.0,0,N,MELB_URBAN,RAMP,12,19.0
58187,1,5,140,2,1,60.0,0,I,MELB_URBAN,STREET,1,13.0
58188,1,5,135,5,1,80.0,0,N,MELB_URBAN,ROAD,1,14.0
58189,1,5,130,2,1,60.0,0,I,MELB_URBAN,ROAD,1,15.0
58190,6,3,99,5,1,100.0,0,N,RURAL_VICTORIA,ROAD,1,16.0
58191,4,5,173,5,1,100.0,0,N,RURAL_VICTORIA,ROAD,1,12.0
58192,4,5,171,5,1,60.0,0,N,MELB_URBAN,ROAD,1,16.0
58193,1,3,130,2,1,60.0,0,I,MELB_URBAN,STREET,12,13.0
58194,1,1,110,1,9,60.0,0,I,MELB_URBAN,AVENUE,12,20.0
58195,2,5,99,5,1,40.0,0,N,MELB_URBAN,STREET,1,16.0
58196,1,5,110,1,1,50.0,0,I,SMALL_CITIES,STREET,1,16.0
58197,4,5,181,5,1,100.0,0,N,RURAL_VICTORIA,ROAD,1,15.0
58198,1,5,130,2,1,60.0,0,I,LARGE_PROVINCIAL_CITIES,STREET,1,16.0
58199,1,5,130,5,1,80.0,0,N,MELB_URBAN,UNKNOWN,1,18.0
58200,4,5,183,5,1,80.0,0,N,RURAL_VICTORIA,HIGHWAY,1,15.0
58201,4,5,171,2,1,50.0,0,I,SMALL_CITIES,DRIVE,1,18.0
58202,8,6,184,5,1,60.0,0,N,RURAL_VICTORIA,ROAD,1,15.0
58203,4,5,171,2,1,80.0,0,I,MELB_URBAN,ROAD,1,15.0
58204,8,3,99,5,2,100.0,0,N,RURAL_VICTORIA,HIGHWAY,9,17.0
58205,1,4,147,5,1,70.0,0,I,MELB_URBAN,ROAD,1,16.0
58206,4,4,173,5,3,60.0,0,N,MELB_URBAN,STREET,1,21.0
58207,2,7,99,5,1,50.0,0,N,SMALL_CITIES,ROAD,12,18.0
58208,1,5,140,1,2,60.0,0,I,RURAL_VICTORIA,ROAD,1,20.0
58209,1,5,113,2,1,60.0,1,I,MELB_URBAN,ROAD,1,20.0
58210,1,4,130,2,1,50.0,0,I,SMALL_CITIES,STREET,11,16.0
58211,4,5,171,2,3,60.0,0,I,MELB_URBAN,DRIVE,1,21.0
58212,1,6,99,5,1,100.0,0,N,MELB_URBAN,FREEWAY,1,6.0
58213,1,5,120,5,5,100.0,0,N,RURAL_VICTORIA,HIGHWAY,1,23.0
58214,1,1,120,5,1,50.0,0,N,LARGE_PROVINCIAL_CITIES,UNKNOWN,1,11.0
58215,1,6,116,1,1,80.0,0,I,MELB_URBAN,HIGHWAY,1,9.0
58216,1,4,130,2,1,60.0,0,I,MELB_URBAN,ROAD,1,14.0
58217,2,6,99,5,1,80.0,0,N,MELB_URBAN,ROAD,1,9.0
58218,1,6,116,2,1,80.0,0,I,MELB_URBAN,HIGHWAY,1,11.0
58219,8,4,174,5,1,40.0,0,N,MELB_URBAN,ROAD,12,15.0
58220,1,6,110,1,1,60.0,0,I,MELB_URBAN,STREET,1,10.0
58221,1,3,110,1,1,50.0,0,I,TOWNS,STREET,1,10.0
58222,4,6,173,5,1,110.0,0,N,RURAL_VICTORIA,HIGHWAY,1,8.0
58223,1,1,110,1,3,60.0,0,I,LARGE_PROVINCIAL_CITIES,ROAD,1,21.0
58224,1,4,140,2,1,60.0,0,I,SMALL_CITIES,STREET,12,12.0
58225,1,4,147,5,1,60.0,0,N,TOWNS,ROAD,1,17.0
58226,8,4,174,5,1,40.0,0,N,MELB_URBAN,STREET,1,11.0
58227,1,6,147,2,1,60.0,0,I,MELB_URBAN,OTHER,12,16.0
58228,1,5,110,1,1,50.0,0,I,SMALL_CITIES,STREET,1,15.0
58229,1,5,130,2,1,60.0,0,N,MELB_URBAN,ROAD,1,18.0
58230,4,5,181,5,1,100.0,0,N,RURAL_VICTORIA,OTHER,1,18.0
58231,1,5,110,1,1,50.0,0,I,SMALL_CITIES,STREET,1,16.0
58232,1,6,130,2,1,60.0,0,N,MELB_URBAN,OTHER,1,15.0
58233,1,5,113,1,1,60.0,0,I,TOWNS,ROAD,1,14.0
58234,2,6,99,2,9,60.0,0,N,MELB_URBAN,ROAD,1,16.0
58235,1,6,110,1,1,70.0,0,I,LARGE_PROVINCIAL_CITIES,HIGHWAY,1,12.0
58236,1,3,130,2,1,60.0,0,I,LARGE_PROVINCIAL_CITIES,STREET,12,15.0
58237,7,6,99,5,1,60.0,0,N,RURAL_VICTORIA,OTHER,1,17.0
58238,1,6,135,5,2,60.0,0,N,MELB_URBAN,STREET,1,19.0
58239,1,5,99,2,1,50.0,0,I,SMALL_CITIES,STREET,1,17.0
58240,1,6,110,1,1,60.0,0,I,TOWNS,STREET,1,17.0
58241,1,6,113,1,2,80.0,0,I,MELB_URBAN,RAMP,1,19.0
58242,2,6,99,5,2,50.0,0,N,MELB_URBAN,ROAD,1,20.0
58243,4,6,171,5,1,60.0,0,N,MELB_URBAN,ROAD,1,15.0
58244,2,6,100,2,2,50.0,0,I,MELB_URBAN,ROAD,1,19.0
58245,1,6,181,5,1,50.0,0,N,MELB_URBAN,DRIVE,1,17.0
58246,1,6,160,5,1,100.0,0,N,MELB_URBAN,ROAD,1,20.0
58247,1,5,111,2,1,80.0,0,I,MELB_URBAN,ROAD,1,17.0
58248,1,6,110,1,3,60.0,0,I,MELB_URBAN,STREET,1,22.0
58249,1,6,130,2,1,50.0,0,I,MELB_URBAN,STREET,1,18.0
58250,1,5,99,2,1,50.0,0,I,TOWNS,BOULEVARD,1,14.0
58251,1,4,110,1,1,100.0,0,I,RURAL_VICTORIA,ROAD,1,9.0
58252,8,5,174,5,1,60.0,0,N,MELB_URBAN,ROAD,11,11.0
58253,3,6,167,5,5,100.0,0,N,RURAL_VICTORIA,HIGHWAY,1,23.0
58254,4,7,183,5,1,80.0,0,N,RURAL_VICTORIA,ROAD,7,15.0
58255,6,3,184,5,1,100.0,0,N,RURAL_VICTORIA,HIGHWAY,1,11.0
58256,1,7,130,5,1,110.0,0,N,RURAL_VICTORIA,FREEWAY,1,11.0
58257,4,7,99,5,1,50.0,0,N,MELB_URBAN,STREET,1,11.0
58258,1,7,121,1,2,60.0,0,I,MELB_URBAN,STREET,1,7.0
58259,1,7,116,2,1,60.0,0,I,SMALL_CITIES,ROAD,1,11.0
58260,1,7,110,1,1,60.0,0,I,MELB_URBAN,STREET,1,11.0
58261,2,7,99,5,1,50.0,0,N,MELB_URBAN,STREET,1,12.0
58262,4,6,183,5,1,100.0,0,N,RURAL_VICTORIA,HIGHWAY,1,13.0
58263,6,2,170,5,5,100.0,0,N,RURAL_VICTORIA,ROAD,1,22.0
58264,4,4,171,1,1,100.0,0,I,RURAL_VICTORIA,ROAD,4,16.0
58265,1,6,160,5,1,60.0,0,N,MELB_URBAN,ROAD,1,13.0
58266,1,7,99,2,1,80.0,0,I,SMALL_CITIES,HIGHWAY,1,14.0
58267,4,7,171,5,1,50.0,0,N,MELB_URBAN,AVENUE,1,7.0
58268,4,6,183,5,1,100.0,0,N,RURAL_VICTORIA,ROAD,1,15.0
58269,1,6,147,5,1,60.0,0,N,MELB_URBAN,ROAD,1,16.0
58270,4,7,171,5,1,50.0,1,N,MELB_URBAN,ROAD,1,15.0
58271,1,7,110,1,1,60.0,0,I,MELB_URBAN,ROAD,1,16.0
58272,1,7,132,1,1,50.0,0,I,SMALL_CITIES,STREET,1,16.0
58273,2,7,99,5,1,60.0,0,N,MELB_URBAN,ROAD,1,18.0
58274,1,7,130,5,1,100.0,0,N,MELB_URBAN,FREEWAY,1,17.0
58275,4,7,183,5,1,50.0,0,N,MELB_URBAN,DRIVE,1,18.0
58276,8,7,174,5,1,40.0,0,N,MELB_URBAN,STREET,1,17.0
58277,1,7,120,5,1,100.0,0,N,RURAL_VICTORIA,ROAD,1,17.0
58278,1,6,121,1,3,40.0,0,I,MELB_URBAN,ROAD,1,21.0
58279,1,7,130,5,1,80.0,0,N,MELB_URBAN,ROAD,1,17.0
58280,1,7,121,1,3,60.0,0,I,LARGE_PROVINCIAL_CITIES,ROAD,1,22.0
58281,1,7,120,5,5,100.0,0,N,RURAL_VICTORIA,HIGHWAY,1,23.0
58282,1,6,147,5,3,60.0,0,N,MELB_URBAN,STREET,1,22.0
58283,1,6,110,1,1,60.0,0,I,TOWNS,STREET,1,13.0
58284,1,0,163,5,1,60.0,0,N,MELB_URBAN,ROAD,1,9.0
58285,1,7,121,5,1,50.0,0,N,MELB_URBAN,DRIVE,1,15.0
58286,1,1,99,1,1,50.0,0,I,MELB_URBAN,ROAD,1,10.0
58287,1,0,113,4,1,60.0,0,I,MELB_URBAN,ROAD,1,10.0
58288,1,6,130,2,3,60.0,0,I,MELB_URBAN,ROAD,11,21.0
58289,1,1,113,1,1,100.0,0,N,RURAL_VICTORIA,OTHER,1,11.0
58290,1,1,120,1,1,60.0,0,I,LARGE_PROVINCIAL_CITIES,AVENUE,1,11.0
58291,8,1,99,5,1,100.0,0,N,RURAL_VICTORIA,ROAD,1,11.0
58292,1,4,130,2,1,50.0,0,I,MELB_URBAN,ROAD,12,18.0
58293,5,1,99,5,1,50.0,0,N,MELB_URBAN,AVENUE,1,12.0
58294,2,1,99,5,1,60.0,0,N,MELB_URBAN,ROAD,1,12.0
58295,1,1,116,1,1,40.0,0,I,MELB_URBAN,ROAD,1,12.0
58296,1,7,99,2,1,60.0,0,I,MELB_URBAN,ROAD,1,17.0
58297,1,7,140,5,1,50.0,0,N,MELB_URBAN,BOULEVARD,1,15.0
58298,1,5,147,5,1,50.0,0,N,MELB_URBAN,STREET,12,14.0
58299,4,1,181,5,1,80.0,0,N,RURAL_VICTORIA,ROAD,1,12.0
58300,1,0,120,2,1,70.0,0,I,RURAL_VICTORIA,ROAD,1,13.0
58301,1,1,160,5,1,50.0,0,N,MELB_URBAN,ROAD,1,14.0
58302,1,1,110,1,1,70.0,0,I,MELB_URBAN,HIGHWAY,1,13.0
58303,8,7,174,5,1,60.0,0,N,SMALL_TOWNS,OTHER,1,14.0
58304,1,7,130,2,2,60.0,0,I,MELB_URBAN,STREET,1,20.0
58305,1,1,120,5,1,60.0,0,N,RURAL_VICTORIA,ROAD,1,11.0
58306,4,1,171,1,1,70.0,0,N,MELB_URBAN,ROAD,1,13.0
58307,1,1,120,5,1,60.0,0,N,MELB_URBAN,ROAD,12,18.0
58308,1,1,135,2,1,60.0,0,I,MELB_URBAN,HIGHWAY,1,15.0
58309,1,1,130,5,1,80.0,0,N,MELB_URBAN,HIGHWAY,1,15.0
58310,2,1,102,5,1,50.0,0,N,MELB_URBAN,AVENUE,1,17.0
58311,1,1,121,1,1,60.0,0,I,LARGE_PROVINCIAL_CITIES,ROAD,1,16.0
58312,4,0,171,1,1,100.0,0,I,RURAL_VICTORIA,ROAD,1,15.0
58313,4,1,173,2,1,50.0,0,I,MELB_URBAN,DRIVE,1,15.0
58314,1,1,120,2,1,80.0,0,I,RURAL_VICTORIA,HIGHWAY,1,17.0
58315,1,1,120,1,2,60.0,0,I,MELB_URBAN,ROAD,1,19.0
58316,4,1,181,5,2,100.0,0,N,RURAL_VICTORIA,HIGHWAY,1,19.0
58317,1,1,140,5,2,40.0,0,N,MELB_URBAN,ROAD,1,19.0
58318,1,1,121,1,2,60.0,0,I,MELB_URBAN,STREET,1,20.0
58319,1,0,110,1,3,60.0,0,I,MELB_URBAN,PARADE,1,20.0
58320,1,2,113,2,1,60.0,0,I,RURAL_VICTORIA,OTHER,1,10.0
58321,8,7,174,5,1,70.0,0,N,MELB_URBAN,ROAD,1,12.0
58322,1,3,130,1,1,40.0,0,I,MELB_URBAN,ROAD,1,16.0
58323,4,1,171,2,5,50.0,0,I,SMALL_CITIES,ROAD,1,23.0
58324,9,1,170,2,3,60.0,0,I,MELB_URBAN,BOULEVARD,1,23.0
58325,8,4,174,1,1,60.0,0,I,MELB_URBAN,STREET,1,16.0
58326,4,4,171,5,1,60.0,0,N,MELB_URBAN,ROAD,1,8.0
58327,1,5,121,2,1,60.0,0,I,MELB_URBAN,ROAD,1,11.0
58328,1,1,130,5,1,80.0,0,N,MELB_URBAN,ROAD,1,8.0
58329,1,2,120,5,1,80.0,0,N,RURAL_VICTORIA,ROAD,1,18.0
58330,4,2,173,5,1,100.0,0,N,RURAL_VICTORIA,HIGHWAY,1,7.0
58331,1,2,99,5,1,80.0,0,N,RURAL_VICTORIA,ROAD,1,8.0
58332,1,1,140,5,1,60.0,0,N,MELB_URBAN,ROAD,1,8.0
58333,1,3,121,1,3,50.0,0,I,LARGE_PROVINCIAL_CITIES,STREET,11,20.0
58334,6,6,99,5,1,80.0,0,N,RURAL_VICTORIA,ROAD,1,14.0
58335,1,1,140,2,1,60.0,0,I,MELB_URBAN,ROAD,1,7.0
58336,1,1,130,1,1,60.0,0,I,MELB_URBAN,ROAD,1,8.0
58337,4,4,183,5,1,80.0,0,N,RURAL_VICTORIA,ROAD,1,11.0
58338,1,2,130,1,1,60.0,0,I,MELB_URBAN,STREET,1,7.0
58339,1,4,133,5,2,50.0,0,N,MELB_URBAN,OTHER,12,20.0
58340,1,1,99,5,1,60.0,0,N,MELB_URBAN,STREET,1,11.0
58341,2,6,99,5,9,50.0,0,N,MELB_URBAN,STREET,1,14.0
58342,2,2,102,1,1,60.0,0,I,MELB_URBAN,ROAD,1,11.0
58343,1,2,121,5,1,100.0,0,I,RURAL_VICTORIA,HIGHWAY,1,9.0
58344,4,2,99,2,1,50.0,0,I,MELB_URBAN,ROAD,1,10.0
58345,1,4,121,1,9,60.0,0,I,MELB_URBAN,STREET,9,10.0
58346,4,2,181,5,1,50.0,0,N,MELB_URBAN,ROAD,1,10.0
58347,8,1,174,5,1,60.0,0,N,RURAL_VICTORIA,OTHER,1,17.0
58348,4,3,181,5,1,100.0,0,N,RURAL_VICTORIA,ROAD,12,7.0
58349,8,6,174,2,1,80.0,0,I,MELB_URBAN,ROAD,1,10.0
58350,1,2,130,5,1,60.0,0,N,MELB_URBAN,ROAD,12,17.0
58351,4,2,171,5,1,100.0,0,N,RURAL_VICTORIA,ROAD,1,14.0
58352,4,1,99,5,1,50.0,0,N,SMALL_TOWNS,OTHER,1,11.0
58353,1,5,130,1,2,70.0,0,I,MELB_URBAN,ROAD,4,7.0
58354,4,2,171,5,1,70.0,0,N,MELB_URBAN,ROAD,1,11.0
58355,1,2,147,2,1,60.0,0,I,MELB_URBAN,ROAD,1,17.0
58356,1,2,130,1,1,60.0,0,I,SMALL_CITIES,ROAD,1,17.0
58357,1,2,134,1,1,80.0,0,I,MELB_URBAN,ROAD,1,18.0
58358,2,2,100,1,2,60.0,0,I,MELBOURNE_CBD,STREET,1,19.0
58359,1,0,130,5,1,60.0,0,N,LARGE_PROVINCIAL_CITIES,STREET,1,15.0
58360,1,7,130,5,1,70.0,0,N,MELB_URBAN,ROAD,7,13.0
58361,1,2,121,2,3,60.0,0,I,MELB_URBAN,STREET,1,21.0
58362,1,1,121,2,1,80.0,0,I,MELB_URBAN,HIGHWAY,1,20.0
58363,1,2,130,5,1,60.0,0,I,LARGE_PROVINCIAL_CITIES,STREET,1,16.0
58364,2,2,100,2,5,60.0,0,I,MELB_URBAN,OTHER,1,21.0
58365,1,1,113,2,1,80.0,0,I,MELB_URBAN,ROAD,1,19.0
58366,7,3,99,2,3,70.0,0,I,MELB_URBAN,ROAD,1,1.0
58367,4,3,171,5,3,80.0,0,N,MELB_URBAN,ROAD,1,0.0
58368,4,3,171,5,5,100.0,0,N,RURAL_VICTORIA,ROAD,1,0.0
58369,1,2,110,1,3,80.0,0,I,MELB_URBAN,ROAD,1,23.0
58370,1,4,130,4,1,60.0,0,I,RURAL_VICTORIA,ROAD,11,11.0
58371,8,2,170,5,1,100.0,0,N,RURAL_VICTORIA,HIGHWAY,1,16.0
58372,1,3,130,5,1,60.0,0,N,MELB_URBAN,ROAD,12,17.0
58373,1,3,110,1,1,50.0,0,I,SMALL_CITIES,STREET,1,8.0
58374,1,6,99,2,1,50.0,0,I,MELB_URBAN,ROAD,1,17.0
58375,2,2,99,5,1,60.0,0,N,TOWNS,STREET,1,8.0
58376,8,3,174,5,1,60.0,0,N,MELB_URBAN,ROAD,1,8.0
58377,1,2,99,5,1,40.0,0,N,MELB_URBAN,STREET,1,11.0
58378,1,7,130,1,1,80.0,0,N,MELB_URBAN,STREET,9,12.0
58379,1,3,130,5,1,100.0,0,N,MELB_URBAN,ROAD,12,17.0
58380,4,3,171,5,1,60.0,0,N,MELB_URBAN,STREET,1,9.0
58381,1,2,132,1,1,50.0,0,I,SMALL_CITIES,AVENUE,1,11.0
58382,4,3,181,5,1,60.0,0,N,LARGE_PROVINCIAL_CITIES,STREET,1,11.0
58383,1,2,130,5,1,100.0,0,N,MELB_URBAN,FREEWAY,11,15.0
58384,8,3,184,5,1,60.0,0,N,RURAL_VICTORIA,ROAD,12,11.0
58385,1,3,120,2,1,60.0,0,I,MELB_URBAN,ROAD,1,8.0
58386,1,3,130,5,1,60.0,0,N,MELB_URBAN,OTHER,1,7.0
58387,3,0,167,5,5,110.0,0,N,RURAL_VICTORIA,FREEWAY,1,0.0
58388,1,3,132,2,1,60.0,0,I,SMALL_TOWNS,STREET,1,9.0
58389,7,3,99,2,1,70.0,0,I,MELB_URBAN,ROAD,1,16.0
58390,1,4,130,5,1,60.0,0,N,MELB_URBAN,STREET,12,14.0
58391,8,1,99,5,1,60.0,0,N,RURAL_VICTORIA,OTHER,1,10.0
58392,4,3,171,2,1,60.0,0,I,MELB_URBAN,ROAD,1,13.0
58393,1,4,135,2,1,60.0,0,I,MELB_URBAN,ROAD,12,17.0
58394,4,2,181,2,1,100.0,0,I,RURAL_VICTORIA,ROAD,1,14.0
58395,1,2,130,1,9,60.0,0,I,MELB_URBAN,DRIVE,1,9.0
58396,4,2,171,5,1,100.0,0,N,MELB_URBAN,FREEWAY,1,14.0
58397,1,3,134,5,1,50.0,0,N,MELB_URBAN,ROAD,11,12.0
58398,1,4,140,5,1,50.0,0,N,LARGE_PROVINCIAL_CITIES,STREET,1,12.0
58399,1,3,130,2,1,70.0,0,I,MELB_URBAN,ROAD,1,11.0
58400,1,3,130,5,1,60.0,0,N,MELB_URBAN,ROAD,1,15.0
58401,2,3,99,5,1,60.0,0,N,MELB_URBAN,STREET,1,16.0
58402,1,3,99,1,1,80.0,0,I,MELB_URBAN,HIGHWAY,1,18.0
58403,1,3,160,5,1,100.0,0,N,RURAL_VICTORIA,HIGHWAY,1,14.0
58404,1,7,135,5,9,60.0,0,I,MELB_URBAN,FREEWAY,1,10.0
58405,1,3,163,5,1,60.0,0,N,MELB_URBAN,ROAD,1,17.0
58406,1,3,130,5,1,60.0,0,N,MELB_URBAN,BOULEVARD,1,17.0
58407,1,1,130,5,1,40.0,0,N,MELB_URBAN,STREET,1,14.0
58408,1,2,130,4,1,60.0,0,I,MELB_URBAN,RAMP,1,17.0
58409,1,3,99,5,1,60.0,0,N,MELB_URBAN,ROAD,1,16.0
58410,2,2,99,5,1,40.0,0,N,LARGE_PROVINCIAL_CITIES,AVENUE,1,18.0
58411,1,0,110,1,1,60.0,0,I,MELB_URBAN,AVENUE,1,7.0
58412,6,3,99,5,1,110.0,0,N,RURAL_VICTORIA,HIGHWAY,1,17.0
58413,1,2,130,5,1,110.0,0,N,RURAL_VICTORIA,FREEWAY,1,17.0
58414,1,3,130,5,1,60.0,0,N,LARGE_PROVINCIAL_CITIES,STREET,1,15.0
58415,4,3,183,2,2,50.0,0,I,SMALL_CITIES,OTHER,1,19.0
58416,4,4,171,1,3,60.0,0,I,MELB_URBAN,STREET,11,23.0
58417,1,6,99,4,1,60.0,0,I,MELB_URBAN,ROAD,1,13.0
58418,4,5,173,5,1,80.0,0,N,RURAL_VICTORIA,HIGHWAY,1,7.0
58419,7,5,121,5,1,80.0,0,N,MELB_URBAN,HIGHWAY,12,15.0
58420,4,2,173,5,5,100.0,0,N,RURAL_VICTORIA,ROAD,1,21.0
58421,6,3,174,5,5,50.0,0,N,MELB_URBAN,ROAD,1,0.0
58422,1,3,110,1,3,60.0,0,I,MELB_URBAN,HIGHWAY,1,22.0
58423,1,0,121,1,1,60.0,0,I,TOWNS,ROAD,1,17.0
58424,1,4,111,2,2,80.0,0,I,RURAL_VICTORIA,ROAD,1,6.0
58425,1,2,121,2,1,70.0,0,I,SMALL_CITIES,ROAD,12,15.0
58426,1,3,120,5,1,60.0,0,N,TOWNS,ROAD,1,7.0
58427,4,4,183,5,1,60.0,0,N,RURAL_VICTORIA,ROAD,1,8.0
58428,4,3,173,5,2,100.0,0,N,MELB_URBAN,UNKNOWN,1,5.0
58429,1,4,130,5,1,100.0,0,N,MELB_URBAN,FREEWAY,1,7.0
58430,1,6,135,5,1,100.0,0,N,MELB_URBAN,UNKNOWN,12,18.0
58431,1,5,121,1,1,60.0,0,N,SMALL_CITIES,STREET,12,12.0
58432,4,4,183,5,1,80.0,0,N,RURAL_VICTORIA,ROAD,1,8.0
58433,1,6,130,1,1,80.0,0,I,MELB_URBAN,ROAD,1,16.0
58434,1,2,130,2,1,50.0,0,I,MELB_URBAN,ROAD,1,17.0
58435,1,4,130,1,1,60.0,0,I,MELB_URBAN,STREET,1,16.0
58436,8,2,99,5,9,60.0,0,N,MELB_URBAN,STREET,1,23.0
58437,1,4,99,2,5,60.0,1,I,MELB_URBAN,ROAD,1,7.0
58438,1,2,130,5,1,60.0,0,N,MELB_URBAN,ROAD,9,16.0
58439,6,3,174,5,1,100.0,0,N,RURAL_VICTORIA,ROAD,1,9.0
58440,1,4,120,2,1,80.0,0,I,RURAL_VICTORIA,ROAD,1,8.0
58441,1,3,130,2,1,90.0,0,I,MELB_URBAN,ROAD,1,11.0
58442,4,4,181,5,1,100.0,0,N,RURAL_VICTORIA,ROAD,1,7.0
58443,6,4,99,5,1,80.0,0,N,RURAL_VICTORIA,ROAD,1,8.0
58444,2,4,100,5,1,70.0,0,N,MELB_URBAN,ROAD,1,10.0
58445,4,3,183,5,1,80.0,0,N,RURAL_VICTORIA,ROAD,1,11.0
58446,1,1,134,5,1,50.0,0,N,LARGE_PROVINCIAL_CITIES,STREET,12,15.0
58447,6,3,99,5,1,100.0,0,N,RURAL_VICTORIA,ROAD,1,11.0
58448,1,4,121,2,1,70.0,0,I,MELB_URBAN,ROAD,1,10.0
58449,1,4,183,5,1,100.0,0,N,RURAL_VICTORIA,HIGHWAY,1,11.0
58450,1,4,130,5,1,60.0,0,N,MELB_URBAN,ROAD,1,12.0
58451,8,3,99,5,5,60.0,0,N,RURAL_VICTORIA,DRIVE,12,1.0
58452,1,3,132,2,1,60.0,0,I,MELB_URBAN,ROAD,1,15.0
58453,1,4,133,2,1,40.0,0,I,MELB_URBAN,ROAD,1,13.0
58454,2,4,100,5,1,50.0,0,N,SMALL_CITIES,STREET,1,12.0
58455,8,4,184,5,1,100.0,0,N,RURAL_VICTORIA,HIGHWAY,1,11.0
58456,1,7,130,5,1,80.0,0,N,MELB_URBAN,HIGHWAY,1,13.0
58457,1,4,130,5,1,70.0,0,N,MELB_URBAN,ROAD,1,8.0
58458,1,4,99,2,1,60.0,0,I,MELB_URBAN,ROAD,1,15.0
58459,1,4,99,2,1,60.0,0,I,MELB_URBAN,ROAD,1,8.0
58460,1,6,132,1,1,60.0,0,I,MELB_URBAN,HIGHWAY,1,18.0
58461,1,3,121,2,1,60.0,0,I,MELB_URBAN,STREET,1,11.0
58462,4,4,171,5,1,80.0,0,N,MELB_URBAN,ROAD,1,10.0
58463,7,4,99,5,1,40.0,0,N,MELB_URBAN,STREET,1,10.0
58464,1,4,133,5,1,100.0,0,N,RURAL_VICTORIA,ROAD,1,16.0
58465,1,4,110,1,1,40.0,0,I,MELB_URBAN,STREET,1,14.0
58466,8,4,174,5,1,60.0,0,N,MELB_URBAN,STREET,1,7.0
58467,1,4,130,1,1,100.0,0,I,RURAL_VICTORIA,ROAD,1,16.0
58468,1,4,110,1,2,50.0,0,I,MELB_URBAN,ROAD,1,19.0
58469,1,4,130,2,1,80.0,0,I,MELB_URBAN,ROAD,1,14.0
58470,2,3,99,5,1,50.0,0,N,LARGE_PROVINCIAL_CITIES,ROAD,1,17.0
58471,2,4,99,5,3,60.0,0,N,LARGE_PROVINCIAL_CITIES,OTHER,1,23.0
58472,3,4,167,1,5,80.0,0,I,RURAL_VICTORIA,ROAD,1,5.0
58473,4,4,171,5,5,60.0,0,N,RURAL_VICTORIA,ROAD,1,23.0
58474,1,6,121,1,1,80.0,0,I,MELB_URBAN,HIGHWAY,1,8.0
58475,1,5,110,1,4,50.0,0,I,MELB_URBAN,STREET,1,6.0
58476,1,3,134,1,1,60.0,0,N,MELB_URBAN,ROAD,1,9.0
58477,1,6,99,5,1,40.0,0,N,MELB_URBAN,STREET,1,18.0
58478,1,3,130,5,1,100.0,0,N,MELB_URBAN,ROAD,12,8.0
58479,1,4,113,2,1,60.0,0,I,MELB_URBAN,DRIVE,1,16.0
58480,1,7,134,5,1,80.0,0,N,MELB_URBAN,ROAD,10,9.0
58481,1,5,130,4,1,50.0,0,N,MELB_URBAN,OTHER,1,13.0
58482,1,5,121,5,1,60.0,0,N,MELB_URBAN,ROAD,1,10.0
58483,8,6,184,5,1,80.0,0,N,RURAL_VICTORIA,ROAD,12,10.0