,accident_type,day_of_week,dca_code,road_geometry,light_condition,speed_zone,severity,node_type,deg_urban_name,road_type,month,hour
58484,1,5,113,1,1,50.0,0,I,TOWNS,STREET,1,8.0
58485,3,7,167,5,9,60.0,0,N,RURAL_VICTORIA,ROAD,1,22.0
58486,1,5,113,2,1,60.0,0,I,MELB_URBAN,ROAD,1,12.0
58487,1,4,110,1,1,80.0,0,I,MELB_URBAN,HIGHWAY,1,10.0
58488,1,5,116,1,1,60.0,0,I,TOWNS,ROAD,1,13.0
58489,4,5,171,5,1,100.0,0,N,RURAL_VICTORIA,ROAD,1,13.0
58490,2,1,102,5,3,50.0,0,N,MELB_URBAN,OTHER,1,2.0
58491,1,5,110,1,1,70.0,0,I,MELB_URBAN,STREET,1,12.0
58492,1,5,120,5,1,60.0,0,N,MELB_URBAN,ROAD,1,10.0
58493,1,5,130,5,1,60.0,0,N,MELB_URBAN,AVENUE,11,17.0
58494,4,5,183,5,1,100.0,0,N,RURAL_VICTORIA,ROAD,1,14.0
58495,1,5,130,5,1,60.0,0,N,MELB_URBAN,STREET,1,13.0
58496,1,3,121,1,1,40.0,0,I,MELB_URBAN,STREET,1,19.0
58497,6,3,99,5,1,60.0,0,N,RURAL_VICTORIA,OTHER,1,16.0
58498,1,5,160,5,1,50.0,0,N,SMALL_CITIES,ROAD,1,16.0
58499,3,7,167,5,2,60.0,0,N,RURAL_VICTORIA,ROAD,1,19.0
58500,4,2,181,5,1,100.0,0,N,RURAL_VICTORIA,ROAD,12,9.0
58501,1,5,120,5,1,100.0,0,N,RURAL_VICTORIA,ROAD,1,15.0
58502,1,4,130,5,1,60.0,0,N,MELB_URBAN,ROAD,1,18.0
58503,6,5,170,2,1,60.0,0,I,MELB_URBAN,ROAD,1,19.0
58504,1,4,130,5,1,100.0,0,N,MELB_URBAN,UNKNOWN,1,8.0
58505,1,5,99,5,1,50.0,0,N,MELB_URBAN,STREET,1,15.0
58506,1,2,121,1,1,60.0,0,I,MELB_URBAN,ROAD,10,8.0
58507,1,5,130,5,1,80.0,0,N,RURAL_VICTORIA,ROAD,1,17.0
58508,2,5,100,5,1,60.0,0,N,MELB_URBAN,BOULEVARD,1,19.0
58509,1,5,130,1,3,60.0,0,I,MELB_URBAN,PARADE,1,22.0
58510,4,6,171,2,3,60.0,0,I,MELB_URBAN,DRIVE,1,0.0
58511,4,6,171,2,3,60.0,0,I,MELB_URBAN,STREET,1,3.0
58512,4,2,183,5,5,60.0,0,N,RURAL_VICTORIA,ROAD,1,23.0
58513,1,5,113,2,1,50.0,0,I,SMALL_CITIES,STREET,1,12.0
58514,1,5,121,2,2,60.0,0,N,MELB_URBAN,ROAD,1,20.0
58515,1,4,130,2,1,80.0,0,I,MELB_URBAN,ROAD,1,16.0
58516,1,5,120,1,1,60.0,0,I,LARGE_PROVINCIAL_CITIES,ROAD,1,8.0
58517,5,4,99,5,1,60.0,0,N,MELB_URBAN,ROAD,1,7.0
58518,1,6,130,5,1,60.0,0,N,MELB_URBAN,ROAD,1,9.0
58519,1,6,99,2,1,60.0,0,I,LARGE_PROVINCIAL_CITIES,ROAD,1,10.0
58520,8,7,174,2,1,60.0,0,I,RURAL_VICTORIA,ROAD,11,15.0
58521,1,6,113,2,1,60.0,0,I,MELB_URBAN,ROAD,1,9.0
58522,4,5,171,1,1,60.0,0,N,MELB_URBAN,HIGHWAY,1,10.0
58523,1,4,130,2,1,80.0,0,I,MELB_URBAN,ROAD,1,7.0
58524,1,2,110,1,1,60.0,0,I,MELB_URBAN,ROAD,1,8.0
58525,1,6,120,2,1,60.0,0,I,MELB_URBAN,ROAD,1,9.0
58526,4,6,173,1,1,70.0,0,I,MELB_URBAN,ROAD,1,12.0
58527,4,5,171,1,1,50.0,0,I,MELB_URBAN,STREET,1,8.0
58528,4,6,173,1,1,60.0,0,N,MELB_URBAN,ROAD,1,13.0
58529,4,6,181,5,1,80.0,0,N,MELB_URBAN,UNKNOWN,1,11.0
58530,1,6,113,2,1,60.0,0,I,MELB_URBAN,STREET,1,13.0
58531,1,5,99,2,1,40.0,0,I,LARGE_PROVINCIAL_CITIES,STREET,1,13.0
58532,1,4,121,4,1,60.0,0,I,MELB_URBAN,HIGHWAY,1,12.0
58533,1,6,130,1,1,60.0,0,N,MELB_URBAN,ROAD,1,14.0
58534,1,6,140,5,1,80.0,0,N,TOWNS,HIGHWAY,1,13.0
58535,4,6,171,5,1,100.0,0,N,RURAL_VICTORIA,HIGHWAY,1,12.0
58536,1,6,120,5,1,80.0,0,N,MELB_URBAN,ROAD,1,10.0
58537,4,1,181,5,1,80.0,0,N,RURAL_VICTORIA,ROAD,1,12.0
58538,1,6,121,2,1,60.0,0,I,MELB_URBAN,ROAD,1,12.0
58539,1,7,130,4,1,80.0,0,I,MELB_URBAN,ROAD,1,15.0
58540,8,6,174,2,1,40.0,0,I,MELB_URBAN,ROAD,1,14.0
58541,1,3,130,4,1,60.0,0,I,LARGE_PROVINCIAL_CITIES,ROAD,1,17.0
58542,1,6,130,5,1,110.0,0,N,RURAL_VICTORIA,FREEWAY,1,13.0
58543,1,5,99,2,1,60.0,0,I,MELB_URBAN,STREET,1,15.0
58544,1,0,113,2,2,60.0,0,I,MELB_URBAN,ROAD,12,21.0
58545,1,5,130,2,1,60.0,0,I,MELB_URBAN,ROAD,1,14.0
58546,1,4,132,5,1,50.0,0,N,LARGE_PROVINCIAL_CITIES,STREET,12,8.0
58547,1,6,120,2,1,100.0,0,I,RURAL_VICTORIA,HIGHWAY,1,17.0
58548,8,6,174,2,2,60.0,0,N,MELB_URBAN,ROAD,1,6.0
58549,1,6,99,5,1,60.0,0,N,MELB_URBAN,STREET,1,17.0
58550,8,6,184,5,1,60.0,0,N,RURAL_VICTORIA,ROAD,1,16.0
58551,2,6,100,5,1,70.0,1,N,MELB_URBAN,ROAD,1,18.0
58552,4,1,171,2,1,60.0,0,N,MELB_URBAN,PARADE,1,11.0
58553,4,6,173,2,1,80.0,0,I,MELB_URBAN,HIGHWAY,1,16.0
58554,1,6,160,5,1,50.0,0,N,MELB_URBAN,OTHER,1,17.0
58555,1,6,110,1,1,100.0,0,I,RURAL_VICTORIA,ROAD,12,12.0
58556,4,6,171,2,2,60.0,0,N,MELB_URBAN,HIGHWAY,1,19.0
58557,6,6,174,2,1,60.0,0,I,MELB_URBAN,ROAD,1,17.0
58558,1,4,110,1,2,80.0,0,I,TOWNS,RAMP,1,18.0
58559,1,1,130,2,3,60.0,0,I,MELB_URBAN,STREET,1,23.0
58560,4,5,181,5,1,80.0,0,N,RURAL_VICTORIA,HIGHWAY,1,18.0
58561,4,6,171,5,1,50.0,0,N,MELB_URBAN,DRIVE,1,16.0
58562,6,6,174,5,1,80.0,0,N,MELB_URBAN,HIGHWAY,1,17.0
58563,1,6,121,1,1,60.0,0,I,MELB_URBAN,STREET,1,19.0
58564,1,5,110,1,1,60.0,0,I,MELB_URBAN,ROAD,1,18.0
58565,6,6,99,5,5,100.0,0,N,RURAL_VICTORIA,ROAD,1,20.0
58566,4,5,181,5,1,100.0,0,N,RURAL_VICTORIA,HIGHWAY,1,17.0
58567,4,6,181,5,2,100.0,0,N,RURAL_VICTORIA,ROAD,1,20.0
58568,1,7,110,1,3,60.0,0,I,MELB_URBAN,STREET,1,1.0
58569,1,5,111,2,2,60.0,0,N,MELB_URBAN,STREET,1,18.0
58570,1,6,130,2,1,50.0,0,I,MELB_URBAN,ROAD,11,19.0
58571,4,6,181,5,1,100.0,0,N,RURAL_VICTORIA,ROAD,1,12.0
58572,1,7,99,2,1,60.0,0,N,MELB_URBAN,STREET,1,7.0
58573,1,6,130,1,1,80.0,0,I,MELB_URBAN,HIGHWAY,1,12.0
58574,6,6,99,5,2,110.0,0,N,RURAL_VICTORIA,HIGHWAY,1,7.0
58575,1,6,130,5,1,60.0,0,N,LARGE_PROVINCIAL_CITIES,UNKNOWN,1,14.0
58576,1,1,130,2,1,60.0,0,I,MELB_URBAN,STREET,12,16.0
58577,4,6,181,5,2,100.0,0,N,RURAL_VICTORIA,ROAD,1,20.0
58578,4,7,183,5,1,80.0,0,N,RURAL_VICTORIA,RAMP,1,11.0
58579,1,6,113,1,1,60.0,0,I,MELB_URBAN,ROAD,1,9.0
58580,1,7,135,1,1,60.0,0,I,MELB_URBAN,ROAD,1,12.0
58581,1,7,135,5,3,60.0,0,N,MELB_URBAN,PARADE,1,1.0
58582,1,4,121,2,1,60.0,0,I,MELB_URBAN,ROAD,1,16.0
58583,6,6,174,2,1,60.0,0,I,RURAL_VICTORIA,OTHER,1,14.0
58584,1,7,140,2,1,80.0,0,I,MELB_URBAN,ROAD,1,8.0
58585,1,5,99,2,1,40.0,0,N,MELB_URBAN,STREET,1,9.0
58586,1,7,120,5,1,60.0,0,N,MELB_URBAN,ROAD,1,12.0
58587,1,6,160,5,5,50.0,0,N,MELB_URBAN,STREET,1,21.0
58588,1,0,130,5,1,60.0,0,N,MELB_URBAN,UNKNOWN,12,16.0
58589,1,6,110,1,1,60.0,0,I,SMALL_TOWNS,HIGHWAY,1,6.0
58590,4,7,171,5,1,100.0,0,N,RURAL_VICTORIA,FREEWAY,1,7.0
58591,4,7,171,5,1,100.0,0,N,RURAL_VICTORIA,HIGHWAY,1,15.0
58592,6,7,174,5,1,60.0,0,N,MELB_URBAN,ROAD,1,11.0
58593,5,7,99,5,1,60.0,0,N,RURAL_VICTORIA,ROAD,1,16.0
58594,1,6,121,1,1,60.0,0,I,LARGE_PROVINCIAL_CITIES,STREET,1,9.0
58595,2,1,99,1,3,60.0,0,I,MELB_URBAN,STREET,1,22.0
58596,1,7,160,5,1,50.0,0,N,MELB_URBAN,STREET,1,16.0
58597,4,6,171,5,1,80.0,0,N,MELB_URBAN,ROAD,1,15.0
58598,1,7,160,5,1,50.0,0,N,MELB_URBAN,STREET,1,18.0
58599,2,7,102,1,1,60.0,0,I,MELB_URBAN,ROAD,1,17.0
58600,2,7,100,2,2,60.0,0,I,MELB_URBAN,ROAD,1,20.0
58601,1,3,130,2,1,50.0,0,N,SMALL_CITIES,OTHER,1,12.0
58602,4,7,181,5,5,100.0,1,N,RURAL_VICTORIA,HIGHWAY,1,21.0
58603,1,7,113,2,3,60.0,0,I,MELB_URBAN,STREET,1,21.0
58604,2,7,102,2,1,60.0,0,I,MELB_URBAN,ROAD,1,16.0
58605,1,7,160,5,3,50.0,0,N,MELB_URBAN,STREET,1,23.0
58606,6,7,170,2,5,100.0,0,I,RURAL_VICTORIA,ROAD,1,22.0
58607,1,7,160,2,3,50.0,0,I,MELB_URBAN,AVENUE,1,23.0
58608,1,3,163,5,1,60.0,0,N,MELB_URBAN,ROAD,12,12.0
58609,4,7,171,5,3,60.0,0,N,MELB_URBAN,ROAD,1,3.0
58610,1,6,130,5,1,80.0,0,N,MELB_URBAN,FREEWAY,12,14.0
58611,1,1,133,5,3,100.0,0,N,RURAL_VICTORIA,FREEWAY,1,1.0
58612,3,6,167,5,1,60.0,0,N,RURAL_VICTORIA,ROAD,1,12.0
58613,1,1,99,2,1,60.0,0,I,MELB_URBAN,ROAD,1,8.0
58614,1,7,120,5,1,50.0,0,N,MELB_URBAN,STREET,1,18.0
58615,8,6,99,5,1,60.0,0,N,MELB_URBAN,ROAD,1,12.0
58616,1,1,110,1,1,60.0,0,I,MELB_URBAN,STREET,1,9.0
58617,6,1,174,5,1,80.0,0,N,SMALL_CITIES,HIGHWAY,1,9.0
58618,4,1,173,5,2,100.0,0,N,RURAL_VICTORIA,ROAD,1,6.0
58619,1,1,121,2,1,50.0,0,I,MELB_URBAN,STREET,1,8.0
58620,1,1,133,5,1,60.0,0,N,RURAL_VICTORIA,ROAD,1,11.0
58621,1,5,130,5,1,60.0,0,N,MELB_URBAN,DRIVE,12,16.0
58622,4,1,99,2,1,50.0,0,I,LARGE_PROVINCIAL_CITIES,STREET,1,7.0
58623,1,0,134,5,1,50.0,0,N,TOWNS,STREET,1,12.0
58624,1,0,147,5,1,60.0,0,N,MELB_URBAN,STREET,1,12.0
58625,1,2,130,1,1,60.0,0,I,LARGE_PROVINCIAL_CITIES,ROAD,1,11.0
58626,8,1,174,1,1,60.0,0,I,MELB_URBAN,AVENUE,1,13.0
58627,1,1,160,5,1,50.0,0,N,RURAL_VICTORIA,AVENUE,1,13.0
58628,1,4,130,1,1,60.0,0,I,MELB_URBAN,STREET,1,17.0
58629,1,1,111,1,1,80.0,0,N,RURAL_VICTORIA,ROAD,1,14.0
58630,8,0,99,2,1,50.0,0,I,MELB_URBAN,STREET,1,17.0
58631,1,1,110,1,1,60.0,0,I,SMALL_CITIES,STREET,1,16.0
58632,6,0,184,5,1,50.0,0,N,MELB_URBAN,ROAD,1,13.0
58633,1,1,121,2,1,60.0,0,I,MELB_URBAN,BOULEVARD,1,18.0
58634,8,1,174,1,1,60.0,0,I,MELB_URBAN,STREET,1,14.0
58635,4,1,171,5,1,100.0,0,N,RURAL_VICTORIA,ROAD,1,17.0
58636,1,1,113,2,1,40.0,0,I,MELB_URBAN,ROAD,1,18.0
58637,6,3,99,1,1,40.0,0,I,MELBOURNE_CBD,STREET,11,19.0
58638,1,0,110,1,1,50.0,0,I,SMALL_CITIES,STREET,1,15.0
58639,6,1,184,5,2,100.0,0,N,RURAL_VICTORIA,ROAD,1,19.0
58640,1,6,120,5,6,50.0,0,N,MELB_URBAN,ROAD,1,22.0
58641,1,1,99,5,1,50.0,0,N,MELB_URBAN,PARADE,1,16.0
58642,4,1,171,5,5,110.0,0,N,RURAL_VICTORIA,FREEWAY,1,20.0
58643,1,1,160,5,1,50.0,0,N,MELB_URBAN,OTHER,1,17.0
58644,1,0,120,5,3,80.0,0,N,MELB_URBAN,ROAD,1,22.0
58645,2,1,99,5,3,50.0,0,N,MELB_URBAN,OTHER,1,21.0
58646,2,1,99,5,3,80.0,0,N,MELB_URBAN,ROAD,1,21.0
58647,4,1,183,5,5,80.0,0,N,RURAL_VICTORIA,ROAD,1,4.0
58648,2,2,99,5,3,60.0,0,N,MELB_URBAN,ROAD,1,1.0
58649,2,4,100,5,1,50.0,0,N,MELB_URBAN,PARADE,12,18.0
58650,1,2,99,5,3,100.0,0,N,MELB_URBAN,ROAD,1,4.0
58651,1,5,99,5,1,80.0,0,N,MELB_URBAN,ROAD,8,16.0
58652,6,2,170,5,2,100.0,0,N,RURAL_VICTORIA,HIGHWAY,1,6.0
58653,1,6,130,5,9,60.0,0,N,MELB_URBAN,ROAD,1,18.0
58654,1,2,130,1,1,70.0,0,I,MELB_URBAN,ROAD,1,7.0
58655,1,2,113,2,1,100.0,0,I,RURAL_VICTORIA,HIGHWAY,1,8.0
58656,4,4,181,5,1,60.0,0,N,RURAL_VICTORIA,ROAD,1,9.0
58657,4,2,181,5,2,100.0,0,N,RURAL_VICTORIA,ROAD,1,6.0
58658,1,4,130,2,2,80.0,0,N,MELB_URBAN,HIGHWAY,1,19.0
58659,8,2,174,5,1,60.0,0,N,RURAL_VICTORIA,ROAD,1,9.0
58660,4,2,181,5,1,100.0,0,N,RURAL_VICTORIA,ROAD,1,8.0
58661,1,2,130,5,1,60.0,0,N,SMALL_CITIES,STREET,1,14.0
58662,4,5,171,1,1,60.0,0,I,MELB_URBAN,ROAD,12,15.0
58663,1,1,130,5,1,80.0,0,N,MELB_URBAN,FREEWAY,1,14.0
58664,1,1,121,1,1,60.0,0,I,MELB_URBAN,HIGHWAY,1,13.0
58665,4,0,171,5,1,80.0,0,N,RURAL_VICTORIA,HIGHWAY,1,7.0
58666,8,0,174,5,1,100.0,0,N,RURAL_VICTORIA,ROAD,1,11.0
58667,1,2,116,2,1,60.0,0,I,SMALL_CITIES,STREET,1,16.0
58668,4,2,173,5,1,110.0,0,N,SMALL_CITIES,FREEWAY,1,12.0
58669,6,2,99,5,1,100.0,0,N,RURAL_VICTORIA,ROAD,1,14.0
58670,4,2,171,5,1,80.0,0,N,MELB_URBAN,ROAD,1,15.0
58671,1,2,147,5,1,60.0,0,N,LARGE_PROVINCIAL_CITIES,ROAD,1,18.0
58672,2,2,99,5,1,60.0,0,N,RURAL_VICTORIA,ROAD,1,17.0
58673,1,2,173,5,1,50.0,0,N,MELB_URBAN,ROAD,1,18.0
58674,1,2,120,5,1,50.0,0,N,MELB_URBAN,PARADE,1,15.0
58675,1,2,121,4,1,80.0,0,I,MELB_URBAN,RAMP,1,17.0
58676,1,2,130,2,1,60.0,0,I,MELB_URBAN,STREET,1,18.0
58677,1,1,116,2,1,80.0,0,I,RURAL_VICTORIA,ROAD,1,18.0
58678,1,1,130,5,1,60.0,0,N,MELB_URBAN,ROAD,1,19.0
58679,8,1,174,1,3,60.0,0,I,MELB_URBAN,ROAD,1,22.0
58680,1,1,130,2,1,80.0,0,I,MELB_URBAN,ROAD,12,16.0
58681,4,2,183,5,1,80.0,0,N,MELB_URBAN,RAMP,1,15.0
58682,1,1,113,2,2,50.0,0,I,MELB_URBAN,STREET,1,20.0
58683,1,7,130,2,1,80.0,0,I,MELB_URBAN,ROAD,6,14.0
58684,4,2,99,5,1,50.0,0,N,MELB_URBAN,OTHER,1,8.0
58685,4,1,173,5,2,110.0,0,N,RURAL_VICTORIA,FREEWAY,8,5.0
58686,1,1,130,1,1,60.0,0,I,MELB_URBAN,OTHER,1,16.0
58687,1,2,130,5,1,80.0,0,N,SMALL_TOWNS,ROAD,1,10.0
58688,7,3,170,2,1,60.0,0,I,LARGE_PROVINCIAL_CITIES,ROAD,12,8.0
58689,1,6,132,2,1,40.0,0,I,MELB_URBAN,ROAD,11,13.0
58690,4,3,173,5,3,50.0,0,N,MELB_URBAN,ROAD,1,2.0
58691,1,2,130,2,3,80.0,0,I,MELB_URBAN,HIGHWAY,1,21.0
58692,7,3,184,5,1,80.0,0,N,RURAL_VICTORIA,ROAD,1,11.0
58693,1,3,120,5,1,100.0,0,N,RURAL_VICTORIA,ROAD,1,10.0
58694,1,2,130,1,1,40.0,0,I,MELB_URBAN,ROAD,1,14.0
58695,1,3,147,5,1,80.0,0,N,MELB_URBAN,ROAD,1,10.0
58696,8,2,99,1,1,60.0,0,I,TOWNS,STREET,1,11.0
58697,1,3,99,1,1,100.0,0,I,RURAL_VICTORIA,HIGHWAY,1,12.0
58698,8,7,174,5,1,60.0,0,N,SMALL_CITIES,ROAD,1,17.0
58699,1,3,134,2,1,60.0,0,I,MELB_URBAN,STREET,1,14.0
58700,4,3,183,1,1,100.0,1,N,RURAL_VICTORIA,ROAD,1,12.0
58701,1,3,147,5,1,60.0,0,N,MELB_URBAN,AVENUE,1,12.0
58702,1,5,110,1,3,70.0,0,I,MELB_URBAN,BOULEVARD,1,3.0
58703,1,3,130,1,1,70.0,0,I,LARGE_PROVINCIAL_CITIES,STREET,1,14.0
58704,1,3,120,5,1,100.0,0,N,RURAL_VICTORIA,ROAD,1,12.0
58705,4,2,173,5,1,100.0,0,N,RURAL_VICTORIA,ROAD,1,16.0
58706,2,2,102,5,1,40.0,0,N,MELBOURNE_CBD,STREET,1,17.0
58707,4,3,181,5,1,80.0,0,N,RURAL_VICTORIA,ROAD,1,17.0
58708,8,5,174,5,1,40.0,0,N,MELB_URBAN,ROAD,1,11.0
58709,3,4,167,5,2,100.0,0,N,RURAL_VICTORIA,ROAD,1,20.0
58710,7,3,99,5,5,50.0,0,N,MELB_URBAN,OTHER,1,20.0
58711,1,3,121,1,1,60.0,0,I,MELB_URBAN,STREET,1,17.0
58712,1,3,173,5,3,70.0,0,N,MELB_URBAN,ROAD,1,21.0
58713,4,3,171,5,5,50.0,0,N,RURAL_VICTORIA,ROAD,1,23.0
58714,6,3,99,5,5,60.0,0,N,RURAL_VICTORIA,ROAD,1,23.0
58715,1,3,181,5,3,60.0,0,N,SMALL_CITIES,DRIVE,1,0.0
58716,3,3,167,5,5,100.0,1,N,RURAL_VICTORIA,HIGHWAY,1,22.0
58717,8,3,174,1,3,60.0,0,I,MELB_URBAN,STREET,1,1.0
58718,1,2,99,5,2,50.0,0,N,MELB_URBAN,STREET,1,21.0
58719,1,1,130,2,3,60.0,0,I,MELB_URBAN,STREET,1,21.0
58720,4,7,171,5,3,60.0,0,N,MELB_URBAN,ROAD,1,0.0
58721,4,1,171,5,3,60.0,0,N,MELB_URBAN,HIGHWAY,1,3.0
58722,8,3,99,5,2,100.0,0,N,RURAL_VICTORIA,HIGHWAY,1,5.0
58723,4,3,181,5,1,100.0,0,N,RURAL_VICTORIA,ROAD,1,7.0
58724,1,4,130,1,1,50.0,0,I,SMALL_CITIES,STREET,1,8.0
58725,1,4,147,5,1,60.0,0,N,TOWNS,STREET,1,8.0
58726,8,2,99,5,1,60.0,0,N,RURAL_VICTORIA,ROAD,1,12.0
58727,2,4,100,1,1,50.0,0,I,SMALL_CITIES,STREET,1,8.0
58728,1,4,160,5,1,50.0,0,N,MELB_URBAN,ROAD,1,8.0
58729,1,4,120,5,1,80.0,0,N,RURAL_VICTORIA,ROAD,1,7.0
58730,1,3,130,2,3,70.0,0,I,MELB_URBAN,ROAD,1,20.0
58731,1,4,121,2,1,40.0,0,I,MELB_URBAN,AVENUE,1,9.0
58732,1,3,121,1,1,80.0,0,I,MELB_URBAN,HIGHWAY,1,10.0
58733,1,1,99,1,1,60.0,0,I,MELB_URBAN,ROAD,12,13.0
58734,4,4,171,5,5,100.0,1,N,MELB_URBAN,ROAD,1,1.0
58735,8,4,174,1,1,50.0,0,N,MELB_URBAN,DRIVE,1,8.0
58736,1,3,160,2,1,50.0,0,I,SMALL_CITIES,DRIVE,1,10.0
58737,1,3,121,5,1,60.0,0,N,MELB_URBAN,ROAD,1,11.0
58738,1,3,147,5,1,80.0,0,N,LARGE_PROVINCIAL_CITIES,HIGHWAY,1,16.0
58739,1,5,133,5,1,50.0,0,N,MELB_URBAN,STREET,1,7.0
58740,6,4,99,5,5,80.0,0,N,RURAL_VICTORIA,ROAD,12,0.0
58741,5,3,99,5,1,100.0,0,N,RURAL_VICTORIA,HIGHWAY,1,15.0
58742,1,4,130,5,1,60.0,0,I,MELB_URBAN,ROAD,1,13.0
58743,1,6,130,1,1,60.0,0,I,TOWNS,STREET,12,9.0
58744,1,4,121,1,1,60.0,1,I,MELB_URBAN,ROAD,1,12.0
58745,2,3,102,5,1,60.0,0,N,MELB_URBAN,HIGHWAY,1,13.0
58746,1,4,99,5,1,60.0,0,N,MELB_URBAN,STREET,1,12.0
58747,4,3,173,5,1,100.0,0,N,RURAL_VICTORIA,ROAD,1,14.0
58748,4,2,99,1,2,60.0,0,N,MELB_URBAN,ROAD,1,19.0
58749,1,3,121,2,1,50.0,0,I,MELB_URBAN,ROAD,1,19.0
58750,2,4,100,2,1,70.0,0,I,MELB_URBAN,ROAD,1,14.0
58751,1,4,121,1,1,60.0,0,I,MELB_URBAN,ROAD,1,14.0
58752,1,4,121,2,1,60.0,0,I,TOWNS,ROAD,1,15.0
58753,4,4,181,5,1,100.0,0,N,RURAL_VICTORIA,ROAD,1,12.0
58754,1,3,163,5,1,60.0,0,N,MELB_URBAN,ROAD,1,11.0
58755,4,4,171,5,1,80.0,0,N,RURAL_VICTORIA,ROAD,1,15.0
58756,6,4,174,1,1,80.0,0,I,MELB_URBAN,HIGHWAY,1,17.0
58757,1,4,116,1,1,60.0,0,I,MELB_URBAN,ROAD,1,16.0
58758,1,4,130,5,1,60.0,0,N,MELB_URBAN,STREET,1,15.0
58759,1,3,132,2,1,70.0,0,I,RURAL_VICTORIA,ROAD,1,17.0
58760,4,3,171,5,1,110.0,0,N,RURAL_VICTORIA,FREEWAY,1,17.0
58761,1,1,99,5,9,50.0,0,N,MELB_URBAN,HIGHWAY,12,10.0
58762,4,4,171,5,1,110.0,0,N,RURAL_VICTORIA,FREEWAY,1,17.0
58763,1,3,121,2,1,80.0,0,N,MELB_URBAN,ROAD,1,16.0
58764,7,6,99,5,1,60.0,0,N,MELB_URBAN,ROAD,1,17.0
58765,1,4,99,1,1,50.0,0,I,MELB_URBAN,STREET,1,16.0
58766,1,3,130,5,1,70.0,0,N,MELB_URBAN,ROAD,1,15.0
58767,1,4,113,2,2,70.0,0,I,MELB_URBAN,ROAD,1,18.0
58768,7,4,99,5,1,100.0,0,N,RURAL_VICTORIA,HIGHWAY,1,15.0
58769,4,3,171,5,2,60.0,0,N,MELB_URBAN,ROAD,1,5.0
58770,1,4,120,5,1,100.0,1,N,RURAL_VICTORIA,ROAD,1,13.0
58771,1,4,110,1,1,80.0,0,I,MELB_URBAN,ROAD,1,19.0
58772,4,4,99,2,3,60.0,0,I,RURAL_VICTORIA,ROAD,1,23.0
58773,1,4,113,2,1,60.0,0,I,MELB_URBAN,STREET,1,16.0
58774,1,3,130,1,6,40.0,0,I,MELB_URBAN,STREET,1,5.0
58775,4,4,171,5,5,100.0,0,N,RURAL_VICTORIA,ROAD,1,23.0
58776,1,4,130,5,2,80.0,0,N,MELB_URBAN,FREEWAY,1,6.0
58777,1,5,121,5,2,40.0,0,N,MELB_URBAN,STREET,1,6.0
58778,2,1,99,5,1,50.0,0,N,TOWNS,AVENUE,1,10.0
58779,1,4,121,4,1,80.0,0,N,MELB_URBAN,RAMP,1,9.0
58780,6,5,99,5,1,100.0,0,N,RURAL_VICTORIA,ROAD,1,9.0
58781,1,5,121,4,1,60.0,0,I,MELB_URBAN,ROAD,1,9.0
58782,1,4,130,2,1,70.0,0,I,RURAL_VICTORIA,ROAD,1,18.0
58783,2,5,102,5,1,40.0,0,I,TOWNS,ROAD,11,19.0
58784,4,5,173,2,1,50.0,0,I,MELB_URBAN,STREET,1,9.0
58785,1,5,147,5,1,60.0,0,N,MELB_URBAN,STREET,1,12.0
58786,4,2,171,2,1,80.0,0,I,RURAL_VICTORIA,OTHER,1,14.0
58787,8,3,99,5,1,50.0,0,N,MELB_URBAN,ROAD,1,10.0
58788,1,4,160,5,2,50.0,0,N,MELB_URBAN,ROAD,1,19.0
58789,4,5,173,5,1,100.0,0,N,RURAL_VICTORIA,OTHER,1,12.0
58790,4,1,181,5,1,100.0,0,N,RURAL_VICTORIA,ROAD,1,11.0
58791,8,5,174,2,1,50.0,0,I,MELB_URBAN,DRIVE,1,14.0
58792,1,5,130,1,1,60.0,0,N,MELB_URBAN,ROAD,1,12.0
58793,6,4,174,1,2,50.0,0,I,TOWNS,STREET,9,7.0
58794,1,5,130,5,1,60.0,0,N,SMALL_CITIES,STREET,1,15.0
58795,1,5,147,5,1,50.0,0,N,MELB_URBAN,AVENUE,1,15.0
58796,1,5,110,1,1,100.0,0,I,RURAL_VICTORIA,ROAD,1,15.0
58797,1,4,130,5,1,100.0,0,N,MELB_URBAN,FREEWAY,1,17.0
58798,1,3,99,2,9,100.0,0,I,RURAL_VICTORIA,ROAD,1,16.0
58799,2,5,99,5,1,40.0,0,N,MELB_URBAN,STREET,1,16.0
58800,1,5,121,1,1,60.0,0,I,MELB_URBAN,STREET,1,17.0
58801,1,5,133,5,1,50.0,0,N,MELB_URBAN,PARADE,1,17.0
58802,1,5,113,2,1,50.0,0,I,SMALL_CITIES,DRIVE,1,11.0
58803,1,3,130,5,1,60.0,0,N,MELB_URBAN,ROAD,1,18.0
58804,1,5,120,5,1,90.0,1,N,RURAL_VICTORIA,ROAD,1,14.0
58805,1,5,113,2,5,50.0,0,I,LARGE_PROVINCIAL_CITIES,DRIVE,1,17.0
58806,2,6,99,5,9,60.0,0,N,MELB_URBAN,DRIVE,10,20.0
58807,6,5,174,2,1,40.0,0,I,SMALL_CITIES,ROAD,1,18.0
58808,1,4,130,5,1,60.0,0,N,MELB_URBAN,ROAD,1,17.0
58809,2,6,99,1,9,40.0,0,I,MELBOURNE_CBD,STREET,1,16.0
58810,1,4,130,1,1,60.0,0,I,MELB_URBAN,ROAD,1,8.0
58811,1,4,130,5,1,60.0,0,N,MELB_URBAN,ROAD,1,18.0
58812,1,5,110,4,1,60.0,0,I,MELB_URBAN,ROAD,1,9.0
58813,1,4,113,1,2,40.0,0,I,LARGE_PROVINCIAL_CITIES,STREET,1,19.0
58814,4,4,173,5,5,80.0,0,N,RURAL_VICTORIA,ROAD,1,22.0
58815,1,5,99,5,2,60.0,0,N,MELB_URBAN,ROAD,1,20.0