,accident_type,day_of_week,dca_code,road_geometry,light_condition,speed_zone,severity,node_type,deg_urban_name,road_type,month,hour
58816,1,5,163,5,1,60.0,0,N,MELB_URBAN,STREET,1,9.0
58817,1,5,121,1,2,60.0,0,I,LARGE_PROVINCIAL_CITIES,ROAD,1,20.0
58818,2,4,102,5,1,40.0,0,N,MELBOURNE_CBD,STREET,1,14.0
58819,4,5,171,5,5,60.0,0,N,RURAL_VICTORIA,ROAD,1,23.0
58820,4,5,173,5,3,70.0,0,N,MELB_URBAN,ROAD,1,22.0
58821,1,5,120,2,1,100.0,1,I,RURAL_VICTORIA,ROAD,1,14.0
58822,1,5,99,1,3,80.0,0,I,MELB_URBAN,HIGHWAY,1,22.0
58823,4,6,181,2,3,60.0,0,I,MELB_URBAN,STREET,1,0.0
58824,1,6,110,1,2,80.0,0,I,SMALL_CITIES,ROAD,1,6.0
58825,1,6,120,5,6,60.0,0,N,MELB_URBAN,ROAD,1,1.0
58826,1,6,121,5,2,60.0,0,N,MELB_URBAN,ROAD,1,6.0
58827,1,5,116,1,2,60.0,0,I,LARGE_PROVINCIAL_CITIES,ROAD,1,6.0
58828,4,6,171,5,1,60.0,0,N,SMALL_CITIES,DRIVE,1,7.0
58829,4,5,181,5,1,80.0,0,N,RURAL_VICTORIA,ROAD,1,7.0
58830,1,4,110,1,1,50.0,0,I,LARGE_PROVINCIAL_CITIES,STREET,1,11.0
58831,1,6,130,5,4,80.0,0,N,MELB_URBAN,ROAD,1,7.0
58832,1,6,130,5,1,60.0,0,N,MELB_URBAN,ROAD,1,8.0
58833,1,6,147,5,1,60.0,0,N,MELB_URBAN,ROAD,1,8.0
58834,4,6,173,5,1,100.0,0,N,RURAL_VICTORIA,ROAD,1,8.0
58835,1,5,99,4,1,60.0,0,N,MELB_URBAN,RAMP,1,9.0
58836,4,6,171,5,1,70.0,0,N,MELB_URBAN,ROAD,1,9.0
58837,1,7,130,1,9,60.0,0,I,MELB_URBAN,ROAD,1,16.0
58838,1,6,121,2,1,60.0,0,I,MELB_URBAN,ROAD,1,9.0
58839,1,6,147,5,1,70.0,0,N,MELB_URBAN,ROAD,1,9.0
58840,1,4,99,1,3,50.0,0,I,LARGE_PROVINCIAL_CITIES,STREET,11,21.0
58841,1,5,111,1,2,60.0,0,I,LARGE_PROVINCIAL_CITIES,STREET,1,19.0
58842,1,6,130,5,1,60.0,0,N,LARGE_PROVINCIAL_CITIES,STREET,1,8.0
58843,1,6,120,5,1,60.0,0,N,LARGE_PROVINCIAL_CITIES,STREET,1,11.0
58844,1,6,121,5,1,50.0,0,N,MELB_URBAN,DRIVE,1,10.0
58845,1,2,135,5,9,60.0,0,N,MELB_URBAN,ROAD,1,16.0
58846,1,6,121,2,1,40.0,0,I,MELB_URBAN,STREET,1,12.0
58847,4,6,171,5,1,100.0,0,N,RURAL_VICTORIA,ROAD,1,12.0
58848,1,6,120,1,1,70.0,0,I,MELB_URBAN,DRIVE,1,12.0
58849,1,6,113,2,1,70.0,0,I,MELB_URBAN,ROAD,1,13.0
58850,6,7,99,2,5,100.0,0,I,RURAL_VICTORIA,ROAD,1,1.0
58851,4,6,181,5,1,100.0,1,N,RURAL_VICTORIA,ROAD,1,11.0
58852,2,6,100,1,1,60.0,0,I,LARGE_PROVINCIAL_CITIES,STREET,1,14.0
58853,1,6,130,2,1,60.0,0,I,MELB_URBAN,ROAD,1,15.0
58854,6,6,174,2,1,60.0,0,N,MELB_URBAN,STREET,1,8.0
58855,1,6,110,1,1,40.0,0,I,LARGE_PROVINCIAL_CITIES,STREET,1,13.0
58856,4,6,183,5,1,80.0,0,N,RURAL_VICTORIA,ROAD,1,17.0
58857,1,5,120,5,1,60.0,0,N,MELB_URBAN,ROAD,1,17.0
58858,4,3,173,5,5,100.0,0,N,RURAL_VICTORIA,ROAD,1,21.0
58859,1,1,121,2,1,60.0,0,I,MELB_URBAN,ROAD,10,16.0
58860,8,3,174,2,1,60.0,0,N,MELB_URBAN,ROAD,1,11.0
58861,1,5,113,2,1,80.0,0,I,RURAL_VICTORIA,HIGHWAY,1,16.0
58862,2,4,100,2,1,80.0,0,I,MELB_URBAN,ROAD,1,16.0
58863,1,6,113,2,1,80.0,0,I,MELB_URBAN,ROAD,1,17.0
58864,2,6,102,1,2,60.0,0,I,MELB_URBAN,ROAD,1,18.0
58865,2,6,102,5,1,50.0,0,N,MELB_URBAN,OTHER,1,17.0
58866,1,6,113,2,2,60.0,0,I,MELB_URBAN,ROAD,1,18.0
58867,4,6,173,5,2,60.0,0,N,MELB_URBAN,ROAD,1,18.0
58868,2,6,99,5,1,60.0,0,N,MELB_URBAN,ROAD,1,16.0
58869,6,7,99,5,6,50.0,0,N,RURAL_VICTORIA,STREET,1,22.0
58870,1,2,130,2,1,70.0,0,I,MELB_URBAN,ROAD,12,12.0
58871,4,5,173,5,1,50.0,0,N,MELB_URBAN,STREET,1,17.0
58872,4,6,181,5,5,100.0,0,N,RURAL_VICTORIA,OTHER,1,23.0
58873,1,6,121,1,3,80.0,0,I,SMALL_CITIES,STREET,1,22.0
58874,4,6,181,5,5,100.0,0,N,RURAL_VICTORIA,ROAD,1,23.0
58875,3,6,167,5,5,100.0,0,N,RURAL_VICTORIA,ROAD,1,3.0
58876,1,7,110,1,3,40.0,0,I,MELBOURNE_CBD,STREET,1,4.0
58877,4,7,173,5,5,100.0,0,N,RURAL_VICTORIA,ROAD,1,1.0
58878,2,6,100,1,1,50.0,0,I,MELB_URBAN,STREET,1,19.0
58879,1,7,130,1,3,80.0,0,I,MELB_URBAN,ROAD,1,4.0
58880,1,1,130,5,9,80.0,0,N,MELB_URBAN,RAMP,1,12.0
58881,2,7,102,1,1,50.0,0,I,MELB_URBAN,STREET,1,7.0
58882,4,4,173,5,1,100.0,0,N,MELB_URBAN,FREEWAY,1,17.0
58883,1,6,110,1,1,80.0,0,I,RURAL_VICTORIA,HIGHWAY,1,14.0
58884,1,6,120,5,1,60.0,0,N,MELB_URBAN,ROAD,1,7.0
58885,1,6,135,2,1,40.0,0,I,MELB_URBAN,ROAD,1,10.0
58886,1,0,130,5,1,100.0,0,N,MELB_URBAN,FREEWAY,1,17.0
58887,1,7,110,1,1,100.0,0,I,RURAL_VICTORIA,ROAD,1,11.0
58888,1,7,121,1,1,60.0,0,I,MELB_URBAN,HIGHWAY,1,11.0
58889,1,6,99,5,1,50.0,0,N,SMALL_CITIES,STREET,1,12.0
58890,6,4,184,5,9,80.0,0,N,RURAL_VICTORIA,ROAD,12,19.0
58891,1,4,130,2,1,60.0,0,I,MELB_URBAN,ROAD,1,15.0
58892,1,7,110,1,1,60.0,0,I,MELB_URBAN,ROAD,1,8.0
58893,1,7,130,5,1,80.0,0,N,MELB_URBAN,ROAD,1,11.0
58894,8,7,99,5,1,100.0,0,N,RURAL_VICTORIA,ROAD,1,10.0
58895,2,2,99,2,3,60.0,0,I,MELB_URBAN,DRIVE,12,20.0
58896,1,7,121,2,1,60.0,0,I,MELB_URBAN,ROAD,1,13.0
58897,1,7,134,5,1,60.0,0,N,MELB_URBAN,ROAD,1,16.0
58898,1,7,99,5,2,100.0,0,N,RURAL_VICTORIA,HIGHWAY,1,6.0
58899,1,7,99,1,1,80.0,0,I,RURAL_VICTORIA,ROAD,1,18.0
58900,1,7,121,2,1,60.0,0,I,MELB_URBAN,AVENUE,1,17.0
58901,8,7,174,5,9,50.0,0,I,MELB_URBAN,ROAD,1,8.0
58902,1,6,121,2,3,60.0,0,I,MELB_URBAN,ROAD,1,21.0
58903,1,7,110,1,1,60.0,0,I,LARGE_PROVINCIAL_CITIES,ROAD,1,14.0
58904,1,6,110,1,1,50.0,0,I,MELB_URBAN,STREET,1,18.0
58905,1,6,99,5,3,50.0,0,N,MELB_URBAN,STREET,1,4.0
58906,1,7,120,5,3,60.0,0,N,MELB_URBAN,STREET,1,22.0
58907,8,2,174,5,1,50.0,0,N,MELB_URBAN,STREET,11,12.0
58908,4,1,171,5,5,80.0,0,N,RURAL_VICTORIA,ROAD,1,2.0
58909,2,1,102,1,3,40.0,0,I,MELB_URBAN,STREET,1,2.0
58910,1,1,121,2,5,60.0,0,N,MELB_URBAN,ROAD,1,1.0
58911,4,7,173,5,5,100.0,0,N,RURAL_VICTORIA,ROAD,1,20.0
58912,4,1,173,2,3,60.0,0,I,RURAL_VICTORIA,STREET,12,2.0
58913,1,3,130,5,1,60.0,0,N,MELB_URBAN,STREET,11,9.0
58914,4,6,181,5,5,60.0,0,N,MELB_URBAN,ROAD,1,21.0
58915,1,6,130,5,1,50.0,0,N,SMALL_CITIES,STREET,1,15.0
58916,1,0,113,2,1,80.0,0,I,MELB_URBAN,HIGHWAY,1,9.0
58917,6,7,174,2,1,100.0,0,N,RURAL_VICTORIA,ROAD,1,14.0
58918,4,6,181,5,1,60.0,0,N,RURAL_VICTORIA,OTHER,1,12.0
58919,1,0,116,2,1,110.0,0,I,RURAL_VICTORIA,FREEWAY,1,12.0
58920,4,1,171,2,1,80.0,0,I,MELB_URBAN,ROAD,1,14.0
58921,1,0,160,5,1,60.0,0,N,SMALL_CITIES,DRIVE,1,15.0
58922,3,0,167,5,5,100.0,0,N,RURAL_VICTORIA,ROAD,1,3.0
58923,8,0,174,5,1,100.0,0,N,RURAL_VICTORIA,ROAD,1,14.0
58924,8,1,170,5,1,60.0,0,N,SMALL_CITIES,ROAD,1,17.0
58925,2,1,99,5,1,60.0,0,N,MELB_URBAN,OTHER,1,16.0
58926,1,1,130,2,1,60.0,0,I,MELB_URBAN,ROAD,1,14.0
58927,1,0,147,5,1,60.0,0,N,SMALL_CITIES,ROAD,1,17.0
58928,1,0,110,1,1,60.0,0,I,MELB_URBAN,ROAD,1,18.0
58929,4,1,183,5,1,50.0,0,N,TOWNS,HIGHWAY,1,19.0
58930,6,1,99,5,1,100.0,0,N,RURAL_VICTORIA,HIGHWAY,1,19.0
58931,6,1,170,5,5,110.0,0,N,RURAL_VICTORIA,FREEWAY,1,21.0
58932,1,1,121,2,1,60.0,0,I,MELB_URBAN,ROAD,1,19.0
58933,4,1,173,2,3,40.0,0,I,MELB_URBAN,AVENUE,1,22.0
58934,1,1,121,2,1,80.0,0,I,MELB_URBAN,ROAD,1,16.0
58935,1,1,121,1,1,60.0,0,I,RURAL_VICTORIA,HIGHWAY,1,15.0
58936,1,2,160,2,3,50.0,0,I,MELB_URBAN,STREET,2,2.0
58937,1,2,147,5,5,80.0,0,N,MELB_URBAN,ROAD,2,5.0
58938,1,5,110,1,1,60.0,0,I,MELB_URBAN,ROAD,1,15.0
58939,1,1,130,5,1,110.0,0,N,RURAL_VICTORIA,FREEWAY,1,16.0
58940,1,1,147,5,1,60.0,0,N,MELB_URBAN,STREET,2,7.0
58941,8,1,184,5,1,100.0,0,N,RURAL_VICTORIA,OTHER,1,13.0
58942,1,1,160,5,1,50.0,0,N,MELB_URBAN,ROAD,2,7.0
58943,2,0,99,5,1,50.0,0,N,MELB_URBAN,ROAD,1,19.0
58944,1,2,163,5,1,60.0,0,N,MELB_URBAN,ROAD,2,8.0
58945,1,2,130,1,1,60.0,0,I,MELB_URBAN,STREET,2,9.0
58946,4,2,171,5,1,50.0,0,N,MELB_URBAN,STREET,2,10.0
58947,1,2,133,1,1,60.0,0,I,MELB_URBAN,STREET,2,8.0
58948,1,2,99,5,1,50.0,0,N,MELB_URBAN,STREET,2,12.0
58949,1,1,110,1,1,80.0,0,I,MELB_URBAN,OTHER,2,11.0
58950,1,2,134,5,1,100.0,0,N,MELB_URBAN,ROAD,2,8.0
58951,1,2,121,1,1,60.0,0,I,MELB_URBAN,HIGHWAY,2,11.0
58952,1,2,99,5,1,60.0,0,N,MELB_URBAN,AVENUE,12,13.0
58953,1,2,130,5,1,100.0,0,N,MELB_URBAN,FREEWAY,2,11.0
58954,6,2,170,5,1,60.0,0,N,MELB_URBAN,ROAD,2,6.0
58955,7,7,184,5,1,80.0,0,N,RURAL_VICTORIA,ROAD,1,15.0
58956,1,5,121,1,3,60.0,0,I,MELB_URBAN,ROAD,1,21.0
58957,1,2,130,2,1,80.0,0,I,MELB_URBAN,HIGHWAY,2,15.0
58958,1,2,121,1,1,60.0,0,I,LARGE_PROVINCIAL_CITIES,ROAD,2,15.0
58959,1,1,113,3,1,70.0,0,I,MELB_URBAN,DRIVE,2,16.0
58960,1,7,99,5,1,80.0,0,N,MELB_URBAN,ROAD,1,16.0
58961,1,2,133,5,1,40.0,0,N,MELB_URBAN,STREET,2,18.0
58962,1,2,121,1,1,60.0,0,I,SMALL_CITIES,STREET,2,18.0
58963,8,7,184,5,1,60.0,0,N,MELB_URBAN,OTHER,1,10.0
58964,8,4,174,5,1,40.0,0,N,MELB_URBAN,STREET,1,9.0
58965,8,2,99,1,1,50.0,0,I,SMALL_CITIES,STREET,2,13.0
58966,1,1,132,5,1,60.0,0,N,TOWNS,STREET,2,19.0
58967,4,1,173,5,1,60.0,0,N,MELB_URBAN,ROAD,2,18.0
58968,1,2,163,5,1,40.0,0,I,MELB_URBAN,STREET,2,14.0
58969,1,2,130,4,1,70.0,0,I,MELB_URBAN,ROAD,2,17.0
58970,4,2,171,5,2,100.0,0,N,RURAL_VICTORIA,FREEWAY,2,5.0
58971,4,2,171,5,5,100.0,0,N,RURAL_VICTORIA,OTHER,2,22.0
58972,1,2,130,2,2,80.0,0,N,MELB_URBAN,ROAD,2,6.0
58973,1,2,121,2,1,80.0,0,I,MELB_URBAN,DRIVE,2,16.0
58974,2,2,99,2,1,60.0,0,N,MELB_URBAN,AVENUE,2,14.0
58975,1,7,99,2,1,60.0,0,I,MELB_URBAN,ROAD,1,9.0
58976,4,3,173,5,3,50.0,0,N,MELB_URBAN,STREET,2,0.0
58977,1,3,116,4,3,80.0,0,I,MELB_URBAN,RAMP,2,5.0
58978,4,3,171,5,5,100.0,0,N,RURAL_VICTORIA,HIGHWAY,2,4.0
58979,2,3,102,1,1,60.0,0,I,MELB_URBAN,STREET,10,9.0
58980,1,2,147,5,1,60.0,0,N,MELB_URBAN,ROAD,2,11.0
58981,1,2,113,2,1,60.0,0,I,MELB_URBAN,ROAD,2,17.0
58982,1,7,160,5,1,50.0,0,N,MELB_URBAN,OTHER,12,19.0
58983,4,3,173,5,1,40.0,0,N,MELB_URBAN,ROAD,2,9.0
58984,8,2,99,5,1,50.0,0,N,MELB_URBAN,DRIVE,2,16.0
58985,8,3,174,5,1,100.0,0,N,MELB_URBAN,FREEWAY,2,7.0
58986,2,3,100,1,1,60.0,0,I,MELB_URBAN,STREET,2,8.0
58987,1,1,130,5,1,60.0,0,N,MELB_URBAN,STREET,1,17.0
58988,1,1,130,5,3,70.0,0,N,MELB_URBAN,ROAD,1,21.0
58989,1,2,113,2,1,60.0,0,I,MELB_URBAN,ROAD,2,7.0
58990,4,3,171,5,1,100.0,0,N,MELB_URBAN,ROAD,2,9.0
58991,1,2,113,2,1,60.0,0,I,MELB_URBAN,ROAD,2,8.0
58992,1,3,121,1,1,60.0,0,I,TOWNS,HIGHWAY,2,12.0
58993,1,3,110,1,1,50.0,0,I,MELB_URBAN,ROAD,2,10.0
58994,2,3,100,2,1,50.0,0,I,SMALL_CITIES,ROAD,2,9.0
58995,1,3,113,1,1,80.0,0,I,RURAL_VICTORIA,ROAD,2,12.0
58996,1,6,130,1,1,60.0,0,I,MELB_URBAN,HIGHWAY,1,17.0
58997,1,3,130,5,1,70.0,0,N,MELB_URBAN,STREET,2,6.0
58998,1,3,133,5,1,110.0,0,N,RURAL_VICTORIA,FREEWAY,2,13.0
58999,6,3,99,5,1,80.0,0,N,RURAL_VICTORIA,ROAD,2,11.0
59000,2,2,100,5,1,60.0,0,N,MELB_URBAN,STREET,2,10.0
59001,1,1,99,1,1,60.0,0,N,MELB_URBAN,ROAD,1,11.0
59002,5,1,183,5,1,80.0,0,N,RURAL_VICTORIA,ROAD,1,10.0
59003,1,3,130,1,1,80.0,0,N,MELB_URBAN,ROAD,12,6.0
59004,8,3,174,5,1,60.0,0,N,RURAL_VICTORIA,ROAD,1,13.0
59005,1,3,133,1,1,60.0,0,N,MELB_URBAN,ROAD,2,16.0
59006,1,3,130,5,1,60.0,0,N,SMALL_TOWNS,ROAD,2,15.0
59007,1,3,130,5,1,100.0,0,I,MELB_URBAN,FREEWAY,2,16.0
59008,1,3,147,5,1,50.0,1,N,MELB_URBAN,STREET,2,15.0
59009,1,3,99,5,1,80.0,1,N,MELB_URBAN,HIGHWAY,2,15.0
59010,1,2,121,2,1,70.0,0,I,MELB_URBAN,PARADE,2,15.0
59011,1,2,130,5,1,50.0,0,N,MELB_URBAN,ROAD,2,18.0
59012,1,7,130,5,1,60.0,0,N,MELB_URBAN,STREET,1,13.0
59013,1,3,135,5,1,60.0,0,N,MELB_URBAN,ROAD,2,17.0
59014,8,1,184,5,1,50.0,0,N,RURAL_VICTORIA,ROAD,1,11.0
59015,1,3,113,2,1,70.0,0,I,SMALL_CITIES,STREET,2,15.0
59016,1,3,110,1,1,60.0,0,I,LARGE_PROVINCIAL_CITIES,STREET,2,17.0
59017,1,3,99,2,2,40.0,0,I,MELB_URBAN,STREET,1,6.0
59018,1,3,121,1,1,60.0,0,I,LARGE_PROVINCIAL_CITIES,STREET,2,13.0
59019,4,4,173,5,3,100.0,0,N,MELB_URBAN,FREEWAY,2,3.0
59020,1,3,121,2,5,100.0,0,I,RURAL_VICTORIA,HIGHWAY,2,5.0
59021,4,3,173,5,3,80.0,0,N,MELB_URBAN,ROAD,2,20.0
59022,1,2,130,1,1,80.0,0,I,RURAL_VICTORIA,HIGHWAY,2,16.0
59023,1,3,130,5,1,60.0,0,N,MELB_URBAN,ROAD,2,8.0
59024,1,4,121,5,1,60.0,0,N,MELB_URBAN,ROAD,3,8.0
59025,4,3,99,5,1,50.0,0,N,RURAL_VICTORIA,ROAD,1,19.0
59026,1,4,121,2,1,60.0,0,I,LARGE_PROVINCIAL_CITIES,ROAD,2,8.0
59027,4,2,173,5,1,50.0,0,N,MELB_URBAN,STREET,2,18.0
59028,1,4,121,5,1,40.0,0,N,MELBOURNE_CBD,STREET,2,8.0
59029,1,4,111,2,1,80.0,0,N,MELB_URBAN,HIGHWAY,2,8.0
59030,1,1,99,4,1,80.0,0,I,RURAL_VICTORIA,ROAD,1,12.0
59031,6,6,174,5,1,60.0,0,N,RURAL_VICTORIA,OTHER,1,12.0
59032,8,4,174,1,1,70.0,0,I,MELB_URBAN,ROAD,2,10.0
59033,1,3,121,5,1,60.0,0,N,MELB_URBAN,ROAD,2,16.0
59034,2,3,100,1,1,60.0,0,I,MELB_URBAN,STREET,2,17.0
59035,1,5,121,5,1,50.0,0,N,MELB_URBAN,DRIVE,1,15.0
59036,2,4,99,5,1,60.0,0,N,MELB_URBAN,STREET,2,10.0
59037,4,1,171,5,1,80.0,0,N,MELB_URBAN,ROAD,2,16.0
59038,1,6,135,5,1,80.0,0,N,MELB_URBAN,ROAD,1,15.0
59039,1,6,121,5,1,100.0,0,N,RURAL_VICTORIA,HIGHWAY,12,13.0
59040,8,4,184,5,1,60.0,0,N,LARGE_PROVINCIAL_CITIES,ROAD,2,6.0
59041,1,6,110,1,1,60.0,0,I,RURAL_VICTORIA,ROAD,1,10.0
59042,1,3,99,2,9,50.0,0,I,LARGE_PROVINCIAL_CITIES,ROAD,2,10.0
59043,1,4,99,5,1,60.0,0,N,MELB_URBAN,ROAD,2,10.0
59044,1,4,132,2,1,40.0,0,I,MELB_URBAN,STREET,2,9.0
59045,1,3,110,1,1,50.0,0,I,MELB_URBAN,AVENUE,2,9.0
59046,4,4,183,5,4,60.0,0,N,MELB_URBAN,ROAD,2,2.0
59047,4,6,181,5,5,50.0,0,N,RURAL_VICTORIA,DRIVE,1,1.0
59048,1,3,121,5,1,80.0,0,N,MELB_URBAN,ROAD,2,15.0
59049,1,3,163,5,1,50.0,0,N,MELB_URBAN,STREET,2,16.0
59050,1,6,116,2,9,50.0,0,I,MELB_URBAN,ROAD,1,12.0
59051,1,2,121,1,2,60.0,0,I,LARGE_PROVINCIAL_CITIES,ROAD,10,17.0
59052,1,4,120,5,1,60.0,0,N,RURAL_VICTORIA,ROAD,2,13.0
59053,1,4,99,4,1,80.0,0,I,MELB_URBAN,ROAD,2,11.0
59054,4,4,181,5,1,80.0,0,N,RURAL_VICTORIA,ROAD,2,12.0
59055,1,3,130,1,1,40.0,0,N,SMALL_CITIES,STREET,2,14.0
59056,1,3,121,1,1,100.0,0,N,RURAL_VICTORIA,ROAD,2,15.0
59057,8,4,99,5,1,110.0,0,N,RURAL_VICTORIA,FREEWAY,2,15.0
59058,1,4,121,2,1,80.0,0,I,RURAL_VICTORIA,ROAD,2,15.0
59059,1,1,110,1,1,50.0,0,I,MELB_URBAN,ROAD,12,15.0
59060,1,3,121,1,1,60.0,0,I,MELB_URBAN,ROAD,2,18.0
59061,1,3,121,1,1,40.0,0,I,MELB_URBAN,STREET,2,17.0
59062,8,4,174,1,1,60.0,0,I,MELB_URBAN,ROAD,2,14.0
59063,8,2,174,5,1,80.0,0,N,MELB_URBAN,ROAD,2,17.0
59064,1,3,134,5,1,60.0,0,N,MELB_URBAN,ROAD,2,18.0
59065,1,3,121,1,1,60.0,0,I,MELB_URBAN,STREET,2,18.0
59066,1,4,121,2,1,70.0,0,I,MELB_URBAN,ROAD,1,18.0
59067,1,4,121,1,1,60.0,0,I,MELB_URBAN,ROAD,2,18.0
59068,1,2,163,5,1,40.0,0,N,MELB_URBAN,STREET,1,14.0
59069,1,3,140,2,3,60.0,0,I,MELB_URBAN,ROAD,2,22.0
59070,1,6,121,2,1,60.0,0,I,MELB_URBAN,STREET,1,16.0
59071,4,5,171,5,5,80.0,0,N,RURAL_VICTORIA,ROAD,2,0.0
59072,4,4,171,5,5,60.0,0,N,RURAL_VICTORIA,ROAD,2,22.0
59073,1,5,130,5,1,100.0,0,N,MELB_URBAN,FREEWAY,2,7.0
59074,1,5,130,5,1,60.0,0,N,MELB_URBAN,ROAD,2,8.0
59075,8,7,170,5,1,60.0,0,N,RURAL_VICTORIA,ROAD,11,10.0
59076,1,5,110,1,1,60.0,0,I,MELB_URBAN,ROAD,2,8.0
59077,1,3,121,5,1,50.0,0,I,LARGE_PROVINCIAL_CITIES,STREET,2,16.0
59078,1,4,130,1,2,60.0,0,I,MELB_URBAN,ROAD,11,6.0
59079,1,5,113,1,1,60.0,0,I,MELB_URBAN,HIGHWAY,2,8.0
59080,1,3,173,5,1,60.0,0,N,MELB_URBAN,ROAD,2,12.0
59081,1,3,132,5,1,60.0,0,N,MELB_URBAN,ROAD,1,8.0
59082,1,3,99,5,1,50.0,0,N,MELB_URBAN,OTHER,2,9.0
59083,1,6,134,1,1,60.0,0,I,MELB_URBAN,ROAD,11,12.0
59084,1,3,130,5,1,70.0,0,N,MELB_URBAN,ROAD,2,7.0
59085,1,5,110,1,1,40.0,0,I,MELB_URBAN,STREET,2,10.0
59086,1,5,135,5,1,80.0,0,N,MELB_URBAN,ROAD,2,10.0
59087,1,5,130,1,1,60.0,0,I,SMALL_TOWNS,ROAD,2,12.0
59088,1,4,113,2,1,60.0,0,I,LARGE_PROVINCIAL_CITIES,ROAD,2,11.0
59089,1,5,130,5,1,100.0,0,I,MELB_URBAN,UNKNOWN,2,12.0
59090,4,4,183,5,1,60.0,0,N,MELB_URBAN,OTHER,2,7.0
59091,4,5,181,5,1,100.0,0,N,RURAL_VICTORIA,ROAD,2,12.0
59092,1,4,110,1,1,60.0,0,I,MELB_URBAN,AVENUE,2,11.0
59093,7,6,99,5,1,50.0,0,N,TOWNS,AVENUE,1,12.0
59094,1,5,130,5,1,50.0,0,N,SMALL_CITIES,STREET,2,13.0
59095,1,5,99,2,1,60.0,0,I,MELB_URBAN,ROAD,2,7.0
59096,6,5,174,2,1,80.0,0,I,RURAL_VICTORIA,ROAD,2,12.0
59097,1,5,111,2,1,100.0,0,I,RURAL_VICTORIA,ROAD,2,13.0
59098,1,4,110,1,1,50.0,0,I,MELB_URBAN,STREET,2,14.0
59099,1,4,130,5,1,70.0,0,N,MELB_URBAN,ROAD,1,10.0
59100,1,5,130,5,1,60.0,0,N,MELB_URBAN,ROAD,2,15.0
59101,1,5,121,1,1,60.0,0,I,MELB_URBAN,ROAD,2,17.0
59102,1,4,130,5,1,60.0,0,N,MELB_URBAN,ROAD,2,17.0
59103,1,5,99,2,1,60.0,0,I,LARGE_PROVINCIAL_CITIES,ROAD,2,16.0
59104,4,5,173,5,1,80.0,0,N,RURAL_VICTORIA,ROAD,2,17.0
59105,1,5,99,2,1,60.0,0,I,MELB_URBAN,PARADE,2,17.0
59106,1,5,121,2,1,60.0,0,I,MELB_URBAN,ROAD,2,19.0
59107,1,5,130,5,1,60.0,0,N,MELB_URBAN,ROAD,2,19.0
59108,1,5,130,5,1,70.0,1,N,MELB_URBAN,ROAD,2,15.0
59109,1,5,171,5,1,60.0,0,N,MELB_URBAN,ROAD,2,18.0
59110,1,5,135,5,1,40.0,0,N,MELB_URBAN,STREET,2,17.0
59111,2,4,100,1,2,50.0,0,I,MELB_URBAN,STREET,2,19.0
59112,8,3,99,1,1,60.0,0,I,MELB_URBAN,ROAD,2,20.0
59113,1,5,113,1,1,50.0,0,I,TOWNS,STREET,2,17.0
59114,1,4,130,5,1,50.0,0,N,MELB_URBAN,ROAD,2,16.0
59115,1,5,121,1,1,60.0,0,N,MELB_URBAN,STREET,2,17.0
59116,1,5,110,1,3,60.0,0,I,MELB_URBAN,STREET,2,22.0
59117,8,4,174,5,2,60.0,0,N,MELB_URBAN,ROAD,2,7.0
59118,8,7,174,5,1,60.0,0,N,MELB_URBAN,STREET,1,8.0
59119,4,5,173,5,5,100.0,0,N,RURAL_VICTORIA,HIGHWAY,2,0.0
59120,1,4,116,1,1,50.0,0,I,MELB_URBAN,ROAD,2,6.0
59121,8,4,99,2,1,40.0,0,N,MELB_URBAN,STREET,1,16.0
59122,1,5,111,4,1,60.0,0,I,MELB_URBAN,ROAD,2,16.0
59123,1,6,130,5,1,80.0,0,N,MELB_URBAN,HIGHWAY,2,8.0
59124,1,6,99,2,1,50.0,0,I,MELB_URBAN,STREET,2,8.0
59125,6,4,99,5,1,100.0,0,N,RURAL_VICTORIA,ROAD,2,14.0
59126,1,6,130,5,1,100.0,0,N,MELB_URBAN,HIGHWAY,2,9.0
59127,1,3,99,2,1,40.0,0,I,MELB_URBAN,STREET,2,17.0
59128,1,6,147,5,1,60.0,0,N,MELB_URBAN,ROAD,2,8.0
59129,1,4,130,1,1,80.0,0,I,MELB_URBAN,ROAD,11,6.0
59130,1,6,132,2,1,60.0,0,I,MELB_URBAN,ROAD,2,12.0
59131,2,6,100,1,1,50.0,0,I,MELB_URBAN,HIGHWAY,2,10.0
59132,1,2,130,2,1,50.0,0,I,MELB_URBAN,ROAD,1,7.0
59133,6,6,174,1,1,50.0,0,I,MELB_URBAN,DRIVE,2,7.0
59134,1,4,147,5,1,40.0,0,N,MELB_URBAN,AVENUE,2,12.0
59135,2,6,99,5,1,60.0,0,N,LARGE_PROVINCIAL_CITIES,ROAD,2,10.0
59136,1,6,130,5,1,70.0,0,N,RURAL_VICTORIA,ROAD,2,13.0
59137,1,4,140,1,1,50.0,0,I,MELB_URBAN,STREET,2,16.0
59138,1,6,110,1,1,60.0,0,I,SMALL_CITIES,STREET,2,14.0
59139,1,6,110,1,1,100.0,0,I,TOWNS,HIGHWAY,2,14.0
59140,1,7,132,1,1,60.0,0,I,MELB_URBAN,STREET,1,13.0
59141,1,3,130,2,1,60.0,0,I,SMALL_CITIES,DRIVE,2,8.0
59142,2,2,99,5,1,60.0,0,N,MELB_URBAN,STREET,2,13.0
59143,1,5,113,4,1,60.0,0,I,MELB_URBAN,RAMP,2,13.0
59144,1,6,163,5,1,40.0,0,N,MELBOURNE_CBD,STREET,2,14.0
59145,1,6,110,1,1,60.0,0,I,TOWNS,STREET,2,14.0
59146,1,6,130,5,1,60.0,0,N,RURAL_VICTORIA,ROAD,2,17.0
59147,1,6,121,5,1,60.0,0,N,MELB_URBAN,STREET,2,15.0