,accident_type,day_of_week,dca_code,road_geometry,light_condition,speed_zone,severity,node_type,deg_urban_name,road_type,month,hour
59148,1,6,113,2,1,70.0,0,I,RURAL_VICTORIA,ROAD,2,17.0
59149,1,6,130,5,1,80.0,0,N,MELB_URBAN,ROAD,2,17.0
59150,1,6,110,1,1,50.0,0,I,MELB_URBAN,OTHER,2,18.0
59151,1,6,121,2,1,80.0,0,I,MELB_URBAN,ROAD,2,15.0
59152,1,6,111,1,1,60.0,0,I,LARGE_PROVINCIAL_CITIES,STREET,2,16.0
59153,6,5,174,5,1,60.0,0,N,MELB_URBAN,STREET,2,18.0
59154,1,6,130,2,1,70.0,0,I,MELB_URBAN,HIGHWAY,2,18.0
59155,1,6,130,5,2,80.0,0,N,MELB_URBAN,ROAD,2,17.0
59156,6,6,174,2,1,50.0,0,I,MELB_URBAN,DRIVE,2,15.0
59157,1,6,121,2,1,100.0,0,I,RURAL_VICTORIA,ROAD,2,19.0
59158,8,6,174,2,1,60.0,0,I,MELB_URBAN,STREET,2,12.0
59159,4,6,171,5,2,40.0,0,N,SMALL_CITIES,ROAD,2,20.0
59160,2,6,102,1,1,50.0,0,I,MELB_URBAN,ROAD,2,19.0
59161,8,6,174,1,3,60.0,0,I,MELB_URBAN,ROAD,2,21.0
59162,1,5,121,5,1,60.0,0,N,MELB_URBAN,ROAD,2,6.0
59163,1,6,121,2,3,100.0,0,I,RURAL_VICTORIA,HIGHWAY,2,22.0
59164,1,6,130,5,1,60.0,0,N,MELB_URBAN,HIGHWAY,2,18.0
59165,2,6,100,5,3,50.0,0,N,SMALL_CITIES,DRIVE,2,20.0
59166,2,6,99,5,3,50.0,0,N,MELB_URBAN,STREET,2,23.0
59167,4,6,171,5,5,80.0,0,N,RURAL_VICTORIA,HIGHWAY,2,22.0
59168,4,2,173,5,1,50.0,0,N,MELB_URBAN,UNKNOWN,2,18.0
59169,4,7,173,5,3,70.0,0,N,MELB_URBAN,ROAD,2,5.0
59170,8,5,99,5,1,100.0,0,N,RURAL_VICTORIA,ROAD,2,11.0
59171,1,6,121,2,1,50.0,0,I,MELB_URBAN,OTHER,2,19.0
59172,1,4,130,1,1,80.0,0,I,MELB_URBAN,ROAD,2,12.0
59173,4,7,181,5,2,100.0,0,N,RURAL_VICTORIA,ROAD,2,6.0
59174,1,4,130,2,3,60.0,0,I,MELB_URBAN,ROAD,8,6.0
59175,4,6,173,5,1,100.0,0,N,RURAL_VICTORIA,ROAD,2,14.0
59176,1,7,140,5,1,80.0,0,N,MELB_URBAN,ROAD,2,7.0
59177,1,6,113,1,2,80.0,0,I,RURAL_VICTORIA,ROAD,2,19.0
59178,1,7,113,2,3,60.0,0,I,MELB_URBAN,ROAD,2,6.0
59179,1,4,130,2,1,40.0,0,I,SMALL_CITIES,AVENUE,2,17.0
59180,1,7,147,2,1,50.0,0,I,LARGE_PROVINCIAL_CITIES,STREET,2,10.0
59181,1,2,99,2,1,60.0,0,I,MELB_URBAN,ROAD,1,9.0
59182,1,7,130,5,1,80.0,0,N,MELB_URBAN,ROAD,2,11.0
59183,1,7,140,5,1,100.0,0,N,RURAL_VICTORIA,ROAD,2,11.0
59184,1,7,99,5,1,60.0,0,N,MELB_URBAN,STREET,2,11.0
59185,1,7,130,5,1,60.0,0,N,MELB_URBAN,STREET,2,9.0
59186,1,3,110,1,1,50.0,0,I,MELB_URBAN,ROAD,2,8.0
59187,1,7,147,5,1,60.0,0,N,MELB_URBAN,UNKNOWN,2,12.0
59188,4,7,181,5,1,100.0,0,N,RURAL_VICTORIA,ROAD,2,11.0
59189,1,2,130,4,1,60.0,0,I,RURAL_VICTORIA,RAMP,1,9.0
59190,1,2,130,5,1,60.0,0,N,MELB_URBAN,ROAD,2,12.0
59191,1,5,130,2,3,80.0,0,N,MELB_URBAN,ROAD,1,3.0
59192,3,1,167,5,1,80.0,0,N,RURAL_VICTORIA,ROAD,1,14.0
59193,1,5,140,5,1,50.0,0,I,MELB_URBAN,STREET,2,17.0
59194,1,7,121,2,1,60.0,0,I,MELB_URBAN,ROAD,2,16.0
59195,1,6,116,1,1,60.0,0,I,MELB_URBAN,STREET,2,16.0
59196,1,7,130,5,1,60.0,0,N,MELB_URBAN,ROAD,2,18.0
59197,4,7,173,5,1,100.0,0,N,RURAL_VICTORIA,ROAD,2,17.0
59198,2,7,100,5,1,60.0,0,N,LARGE_PROVINCIAL_CITIES,STREET,2,19.0
59199,2,5,100,2,1,60.0,0,I,MELB_URBAN,STREET,1,14.0
59200,1,7,160,5,1,60.0,0,N,MELB_URBAN,ROAD,2,17.0
59201,1,7,110,1,1,50.0,0,I,MELB_URBAN,AVENUE,2,16.0
59202,4,7,181,2,1,50.0,0,I,MELB_URBAN,ROAD,2,17.0
59203,1,6,99,1,6,60.0,0,I,MELB_URBAN,ROAD,2,22.0
59204,1,7,113,2,5,60.0,0,I,MELB_URBAN,ROAD,2,21.0
59205,4,7,171,5,1,50.0,0,N,MELB_URBAN,DRIVE,2,20.0
59206,1,7,160,5,3,60.0,0,N,MELB_URBAN,ROAD,2,22.0
59207,4,6,171,5,3,100.0,0,N,RURAL_VICTORIA,ROAD,2,23.0
59208,1,6,130,5,3,60.0,0,N,MELB_URBAN,ROAD,2,23.0
59209,1,1,121,1,3,60.0,0,I,MELB_URBAN,ROAD,2,2.0
59210,4,1,183,5,5,100.0,0,N,RURAL_VICTORIA,ROAD,2,0.0
59211,2,1,99,5,3,60.0,0,N,MELB_URBAN,ROAD,2,5.0
59212,4,7,181,1,1,60.0,0,I,MELB_URBAN,HIGHWAY,2,14.0
59213,1,7,121,1,1,60.0,0,I,LARGE_PROVINCIAL_CITIES,STREET,2,10.0
59214,4,1,99,1,3,50.0,0,I,MELB_URBAN,DRIVE,2,1.0
59215,1,6,135,2,1,60.0,0,N,MELB_URBAN,STREET,2,16.0
59216,1,1,113,2,1,60.0,0,I,MELB_URBAN,ROAD,2,9.0
59217,1,1,130,1,1,80.0,0,N,MELB_URBAN,ROAD,2,9.0
59218,1,3,130,5,1,70.0,0,N,MELB_URBAN,STREET,12,18.0
59219,4,4,183,5,1,100.0,0,N,RURAL_VICTORIA,HIGHWAY,2,7.0
59220,1,1,99,2,1,60.0,0,I,MELB_URBAN,OTHER,2,10.0
59221,4,1,183,5,1,100.0,0,N,RURAL_VICTORIA,HIGHWAY,2,11.0
59222,1,0,140,5,1,60.0,0,N,RURAL_VICTORIA,STREET,2,11.0
59223,1,1,110,1,1,60.0,0,I,RURAL_VICTORIA,STREET,2,11.0
59224,1,1,140,5,1,80.0,0,N,RURAL_VICTORIA,ROAD,2,8.0
59225,1,5,135,2,1,70.0,0,I,MELB_URBAN,ROAD,2,11.0
59226,1,1,130,5,1,100.0,0,N,RURAL_VICTORIA,HIGHWAY,2,13.0
59227,6,1,174,5,1,100.0,0,N,RURAL_VICTORIA,OTHER,2,9.0
59228,1,7,113,2,3,80.0,0,I,MELB_URBAN,ROAD,2,23.0
59229,4,1,183,5,1,80.0,0,N,RURAL_VICTORIA,ROAD,2,14.0
59230,1,6,110,1,1,60.0,0,I,LARGE_PROVINCIAL_CITIES,ROAD,2,18.0
59231,4,6,171,2,3,60.0,0,I,MELB_URBAN,ROAD,2,20.0
59232,4,1,173,5,1,100.0,0,N,RURAL_VICTORIA,HIGHWAY,2,14.0
59233,4,1,181,5,1,80.0,0,N,RURAL_VICTORIA,OTHER,2,12.0
59234,4,7,181,5,5,100.0,1,N,RURAL_VICTORIA,OTHER,2,3.0
59235,1,4,99,2,1,60.0,0,I,MELB_URBAN,STREET,2,16.0
59236,1,6,130,5,1,60.0,0,I,MELB_URBAN,ROAD,2,18.0
59237,4,1,183,5,1,100.0,0,N,RURAL_VICTORIA,ROAD,2,13.0
59238,6,1,174,5,1,110.0,0,N,RURAL_VICTORIA,FREEWAY,2,15.0
59239,4,1,181,2,1,80.0,0,I,RURAL_VICTORIA,ROAD,2,15.0
59240,8,1,99,5,1,80.0,0,N,RURAL_VICTORIA,ROAD,2,12.0
59241,1,1,121,1,1,100.0,0,I,RURAL_VICTORIA,ROAD,2,16.0
59242,4,0,171,5,1,50.0,0,N,MELB_URBAN,OTHER,2,13.0
59243,1,0,134,5,1,100.0,0,N,RURAL_VICTORIA,FREEWAY,2,17.0
59244,8,1,99,5,1,100.0,0,N,RURAL_VICTORIA,ROAD,2,15.0
59245,1,1,110,1,1,100.0,0,I,RURAL_VICTORIA,HIGHWAY,2,15.0
59246,1,1,113,2,1,60.0,0,I,MELB_URBAN,ROAD,2,16.0
59247,4,1,183,5,1,100.0,0,N,RURAL_VICTORIA,ROAD,2,18.0
59248,1,1,110,1,1,80.0,0,I,MELB_URBAN,ROAD,2,14.0
59249,1,1,99,5,1,100.0,0,N,RURAL_VICTORIA,ROAD,2,17.0
59250,1,1,135,5,1,60.0,0,N,MELB_URBAN,ROAD,2,17.0
59251,1,1,111,1,1,60.0,0,I,MELB_URBAN,ROAD,2,16.0
59252,1,1,147,5,1,80.0,0,N,MELB_URBAN,ROAD,2,17.0
59253,2,0,102,5,3,50.0,0,N,MELB_URBAN,AVENUE,2,22.0
59254,1,2,120,5,5,100.0,0,N,RURAL_VICTORIA,FREEWAY,2,2.0
59255,1,1,110,1,3,60.0,0,I,MELB_URBAN,STREET,2,4.0
59256,4,2,183,5,1,90.0,0,N,RURAL_VICTORIA,ROAD,2,7.0
59257,1,1,135,2,1,60.0,0,I,MELB_URBAN,ROAD,2,7.0
59258,5,1,99,2,1,60.0,0,I,RURAL_VICTORIA,OTHER,2,9.0
59259,4,0,173,5,5,80.0,0,N,RURAL_VICTORIA,ROAD,2,23.0
59260,1,2,116,2,1,80.0,0,I,MELB_URBAN,AVENUE,2,9.0
59261,4,0,171,5,1,100.0,0,N,RURAL_VICTORIA,ROAD,2,16.0
59262,3,6,167,5,5,100.0,0,N,RURAL_VICTORIA,HIGHWAY,9,1.0
59263,1,1,110,1,1,50.0,0,I,SMALL_CITIES,STREET,2,9.0
59264,1,2,130,5,1,80.0,0,N,MELB_URBAN,ROAD,2,12.0
59265,2,4,100,2,1,50.0,0,I,MELB_URBAN,STREET,2,15.0
59266,1,5,121,2,1,60.0,0,I,MELB_URBAN,STREET,2,17.0
59267,4,4,181,5,3,60.0,0,N,RURAL_VICTORIA,ROAD,2,19.0
59268,1,5,147,5,1,60.0,0,N,MELB_URBAN,ROAD,2,9.0
59269,1,2,130,2,1,60.0,0,I,MELB_URBAN,STREET,2,13.0
59270,1,6,113,1,3,60.0,0,I,MELB_URBAN,BOULEVARD,2,0.0
59271,4,1,171,5,2,60.0,0,N,MELB_URBAN,HIGHWAY,2,20.0
59272,1,1,99,5,1,50.0,0,N,LARGE_PROVINCIAL_CITIES,ROAD,2,13.0
59273,1,2,130,2,1,60.0,0,I,MELB_URBAN,STREET,1,18.0
59274,4,1,181,5,1,100.0,0,N,RURAL_VICTORIA,ROAD,2,12.0
59275,7,1,99,1,1,60.0,0,I,RURAL_VICTORIA,ROAD,1,14.0
59276,1,6,111,1,1,80.0,0,I,MELB_URBAN,HIGHWAY,2,15.0
59277,2,2,102,5,1,50.0,0,N,SMALL_CITIES,STREET,2,16.0
59278,1,1,121,1,1,100.0,0,I,RURAL_VICTORIA,ROAD,2,15.0
59279,1,2,130,2,1,100.0,0,I,RURAL_VICTORIA,ROAD,2,17.0
59280,1,1,130,5,3,50.0,0,N,MELB_URBAN,STREET,2,20.0
59281,1,7,99,5,1,100.0,0,N,RURAL_VICTORIA,OTHER,2,18.0
59282,2,2,102,1,1,80.0,0,I,MELB_URBAN,HIGHWAY,2,15.0
59283,2,2,100,5,1,60.0,0,N,MELB_URBAN,STREET,2,18.0
59284,8,2,99,5,1,100.0,0,N,RURAL_VICTORIA,HIGHWAY,2,11.0
59285,1,1,130,2,1,50.0,0,I,MELB_URBAN,STREET,2,16.0
59286,1,2,130,2,9,60.0,0,N,RURAL_VICTORIA,ROAD,6,20.0
59287,4,2,171,5,1,100.0,0,N,RURAL_VICTORIA,HIGHWAY,2,17.0
59288,1,2,99,2,1,100.0,1,I,RURAL_VICTORIA,ROAD,2,17.0
59289,1,5,113,2,1,60.0,0,I,SMALL_CITIES,ROAD,1,8.0
59290,1,2,120,2,5,60.0,0,N,MELB_URBAN,ROAD,2,5.0
59291,1,0,130,2,3,60.0,0,I,MELB_URBAN,ROAD,2,22.0
59292,1,2,121,1,1,80.0,0,I,MELB_URBAN,STREET,2,16.0
59293,2,2,99,5,1,60.0,0,N,SMALL_CITIES,AVENUE,2,15.0
59294,1,2,120,5,1,60.0,1,N,MELB_URBAN,ROAD,2,20.0
59295,8,1,174,5,3,60.0,0,I,LARGE_PROVINCIAL_CITIES,STREET,2,23.0
59296,4,2,171,5,5,70.0,0,N,SMALL_CITIES,ROAD,2,21.0
59297,1,2,110,1,3,60.0,0,I,MELB_URBAN,PARADE,2,23.0
59298,4,3,171,5,3,80.0,0,N,MELB_URBAN,ROAD,2,0.0
59299,8,2,174,5,9,60.0,0,N,MELB_URBAN,ROAD,2,17.0
59300,4,5,171,5,2,50.0,0,N,MELB_URBAN,ROAD,12,20.0
59301,1,4,113,2,2,60.0,0,I,MELB_URBAN,STREET,1,20.0
59302,1,2,121,2,1,80.0,0,I,RURAL_VICTORIA,ROAD,2,15.0
59303,1,2,140,5,1,50.0,0,N,MELB_URBAN,STREET,2,9.0
59304,1,2,140,5,1,50.0,0,N,MELB_URBAN,STREET,2,18.0
59305,1,2,113,2,1,80.0,0,I,MELB_URBAN,HIGHWAY,2,8.0
59306,8,2,174,5,1,50.0,0,N,TOWNS,STREET,2,7.0
59307,4,3,181,5,1,110.0,0,N,RURAL_VICTORIA,FREEWAY,2,8.0
59308,4,2,181,5,5,80.0,0,N,RURAL_VICTORIA,ROAD,2,21.0
59309,1,2,130,2,1,40.0,0,I,MELB_URBAN,ROAD,2,15.0
59310,1,4,130,2,1,60.0,0,I,MELB_URBAN,ROAD,1,10.0
59311,1,3,110,1,1,40.0,0,I,TOWNS,STREET,2,10.0
59312,4,2,171,5,1,50.0,0,N,MELB_URBAN,DRIVE,2,9.0
59313,1,3,99,2,1,50.0,1,I,MELB_URBAN,OTHER,2,8.0
59314,1,3,121,2,1,60.0,0,I,MELB_URBAN,ROAD,2,6.0
59315,1,3,163,5,1,60.0,0,N,MELB_URBAN,BOULEVARD,2,11.0
59316,1,2,121,2,1,60.0,0,I,MELB_URBAN,PARADE,2,10.0
59317,1,6,130,2,9,80.0,0,I,MELB_URBAN,HIGHWAY,12,16.0
59318,2,6,99,2,1,40.0,0,I,MELB_URBAN,ROAD,2,14.0
59319,4,4,171,5,1,100.0,0,N,RURAL_VICTORIA,HIGHWAY,1,9.0
59320,8,3,99,5,1,100.0,0,N,RURAL_VICTORIA,ROAD,7,8.0
59321,1,3,116,1,1,60.0,0,I,TOWNS,STREET,2,10.0
59322,4,3,173,5,1,50.0,0,N,RURAL_VICTORIA,ROAD,2,10.0
59323,6,1,174,2,1,50.0,0,I,SMALL_CITIES,ROAD,1,15.0
59324,3,2,167,5,6,60.0,0,N,RURAL_VICTORIA,ROAD,1,21.0
59325,1,3,121,2,1,60.0,0,I,MELB_URBAN,ROAD,2,8.0
59326,2,3,100,5,1,40.0,0,N,MELB_URBAN,ROAD,2,12.0
59327,1,5,130,5,1,100.0,0,N,RURAL_VICTORIA,ROAD,2,8.0
59328,1,3,147,5,1,60.0,0,N,MELB_URBAN,ROAD,2,12.0
59329,1,5,130,1,1,60.0,0,N,MELB_URBAN,STREET,1,16.0
59330,1,3,113,2,1,60.0,0,I,MELB_URBAN,ROAD,2,12.0
59331,1,3,163,5,1,40.0,0,N,MELB_URBAN,ROAD,2,14.0
59332,1,3,99,5,1,60.0,0,N,MELB_URBAN,STREET,2,13.0
59333,1,3,147,5,1,60.0,0,N,MELB_URBAN,UNKNOWN,2,15.0
59334,1,3,130,1,1,60.0,0,I,MELB_URBAN,STREET,2,15.0
59335,4,3,171,5,1,110.0,0,N,RURAL_VICTORIA,HIGHWAY,2,14.0
59336,1,3,173,5,1,100.0,0,N,RURAL_VICTORIA,ROAD,2,10.0
59337,1,2,130,5,1,60.0,0,N,MELB_URBAN,ROAD,1,18.0
59338,1,5,130,1,1,60.0,0,I,TOWNS,STREET,2,17.0
59339,1,3,135,5,1,60.0,0,N,MELB_URBAN,ROAD,2,15.0
59340,1,3,120,5,2,100.0,1,N,RURAL_VICTORIA,HIGHWAY,2,6.0
59341,6,3,170,5,1,40.0,0,N,MELB_URBAN,ROAD,2,16.0
59342,8,7,174,5,9,60.0,0,N,RURAL_VICTORIA,ROAD,1,14.0
59343,1,3,130,2,1,60.0,0,I,MELB_URBAN,ROAD,2,16.0
59344,1,3,121,1,1,50.0,0,I,MELB_URBAN,ROAD,2,16.0
59345,1,3,130,5,1,60.0,0,N,MELB_URBAN,ROAD,2,18.0
59346,1,3,99,1,1,60.0,0,I,MELB_URBAN,ROAD,2,15.0
59347,1,6,110,1,1,50.0,0,I,MELB_URBAN,STREET,1,16.0
59348,1,2,160,5,1,50.0,0,N,MELB_URBAN,ROAD,2,19.0
59349,1,3,116,1,1,60.0,1,I,MELB_URBAN,ROAD,2,15.0
59350,1,2,130,5,1,60.0,0,N,MELB_URBAN,ROAD,2,15.0
59351,2,3,100,2,1,60.0,0,I,MELB_URBAN,ROAD,2,9.0
59352,1,5,99,4,1,40.0,0,I,MELB_URBAN,ROAD,2,19.0
59353,1,3,130,5,5,80.0,0,N,MELB_URBAN,ROAD,2,18.0
59354,1,1,130,4,1,80.0,0,N,SMALL_CITIES,RAMP,12,17.0
59355,1,4,116,2,1,60.0,0,I,MELB_URBAN,ROAD,1,7.0
59356,4,3,183,5,3,60.0,1,N,RURAL_VICTORIA,ROAD,2,22.0
59357,1,4,110,1,3,50.0,0,I,LARGE_PROVINCIAL_CITIES,STREET,2,4.0
59358,1,3,113,2,3,70.0,0,I,MELB_URBAN,ROAD,2,21.0
59359,1,3,113,2,3,60.0,0,I,MELB_URBAN,STREET,2,6.0
59360,1,4,130,5,5,100.0,0,N,SMALL_TOWNS,FREEWAY,2,4.0
59361,1,1,130,1,3,60.0,0,I,MELB_URBAN,STREET,2,2.0
59362,8,4,174,2,1,100.0,0,I,RURAL_VICTORIA,OTHER,11,14.0
59363,1,6,111,2,9,60.0,0,N,MELB_URBAN,ROAD,2,7.0
59364,1,1,130,5,3,80.0,0,N,MELB_URBAN,ROAD,1,21.0
59365,1,4,130,5,1,60.0,0,N,MELB_URBAN,ROAD,2,7.0
59366,1,7,99,1,9,40.0,0,I,MELB_URBAN,ROAD,2,12.0
59367,1,3,99,5,1,100.0,0,N,MELB_URBAN,ROAD,2,17.0
59368,1,4,120,5,1,50.0,0,N,MELB_URBAN,STREET,2,9.0
59369,1,4,110,1,1,60.0,0,I,TOWNS,STREET,2,9.0
59370,4,4,181,5,2,100.0,1,N,RURAL_VICTORIA,ROAD,2,6.0
59371,4,5,181,5,1,100.0,0,N,RURAL_VICTORIA,ROAD,1,16.0
59372,2,4,100,5,1,60.0,0,N,MELB_URBAN,STREET,2,10.0
59373,6,4,99,5,1,100.0,0,N,RURAL_VICTORIA,ROAD,11,13.0
59374,1,3,130,2,1,50.0,0,I,MELB_URBAN,ROAD,1,16.0
59375,6,4,174,5,1,60.0,0,N,SMALL_CITIES,ROAD,2,11.0
59376,4,4,171,5,1,80.0,0,N,MELB_URBAN,ROAD,2,10.0
59377,1,3,130,5,1,60.0,0,N,MELB_URBAN,STREET,2,12.0
59378,2,3,100,1,1,60.0,0,I,SMALL_CITIES,STREET,2,13.0
59379,1,7,113,2,1,60.0,0,I,MELB_URBAN,ROAD,2,16.0
59380,1,7,113,2,1,50.0,0,I,MELB_URBAN,ROAD,2,12.0
59381,6,6,170,5,1,100.0,0,N,RURAL_VICTORIA,ROAD,2,10.0
59382,4,3,173,5,1,80.0,0,N,RURAL_VICTORIA,ROAD,2,7.0
59383,1,4,110,1,9,60.0,0,I,MELB_URBAN,ROAD,1,23.0
59384,4,3,171,5,1,60.0,0,N,MELB_URBAN,STREET,2,11.0
59385,1,5,121,4,1,80.0,0,I,MELB_URBAN,ROAD,1,13.0
59386,1,3,121,2,1,80.0,0,I,SMALL_CITIES,HIGHWAY,2,13.0
59387,1,2,130,1,9,80.0,0,I,MELB_URBAN,HIGHWAY,2,15.0
59388,1,4,99,5,1,100.0,1,N,RURAL_VICTORIA,ROAD,2,8.0
59389,1,6,120,5,1,50.0,0,N,MELB_URBAN,PARADE,2,16.0
59390,1,6,110,1,1,50.0,0,I,MELB_URBAN,DRIVE,2,13.0
59391,1,6,116,1,1,80.0,0,I,MELB_URBAN,ROAD,2,19.0
59392,8,5,184,5,1,50.0,0,N,MELB_URBAN,ROAD,1,13.0
59393,2,6,99,1,3,40.0,0,I,MELB_URBAN,ROAD,11,22.0
59394,1,4,116,4,1,60.0,0,I,SMALL_CITIES,RAMP,2,15.0
59395,1,4,120,5,1,80.0,0,N,RURAL_VICTORIA,ROAD,2,17.0
59396,1,4,130,5,1,70.0,0,N,MELB_URBAN,ROAD,2,17.0
59397,1,1,121,1,1,50.0,0,I,MELB_URBAN,STREET,2,19.0
59398,2,4,99,5,1,50.0,0,N,MELB_URBAN,DRIVE,2,18.0
59399,1,5,147,5,1,60.0,0,N,MELB_URBAN,ROAD,2,13.0
59400,1,3,111,2,3,60.0,0,N,MELB_URBAN,ROAD,2,22.0
59401,4,4,173,5,2,50.0,0,N,TOWNS,STREET,2,20.0
59402,7,4,99,5,3,50.0,0,N,MELB_URBAN,STREET,1,22.0
59403,1,4,130,5,1,60.0,0,N,MELB_URBAN,AVENUE,2,15.0
59404,1,4,99,5,1,50.0,0,N,MELB_URBAN,STREET,2,16.0
59405,1,4,133,5,1,100.0,0,N,MELB_URBAN,RAMP,2,14.0
59406,8,7,174,5,1,60.0,0,N,RURAL_VICTORIA,OTHER,11,15.0
59407,4,2,173,2,3,50.0,0,I,MELB_URBAN,STREET,2,21.0
59408,3,3,167,5,5,100.0,0,N,RURAL_VICTORIA,ROAD,2,23.0
59409,8,5,174,1,3,60.0,0,I,MELB_URBAN,ROAD,2,0.0
59410,1,4,160,5,3,50.0,0,N,LARGE_PROVINCIAL_CITIES,OTHER,2,0.0
59411,1,5,120,5,5,80.0,0,N,MELB_URBAN,ROAD,2,0.0
59412,1,4,113,2,5,100.0,1,I,RURAL_VICTORIA,FREEWAY,2,23.0
59413,1,4,130,1,1,60.0,0,I,MELB_URBAN,STREET,1,19.0
59414,1,4,130,5,1,80.0,0,N,MELB_URBAN,ROAD,2,15.0
59415,1,4,130,1,1,40.0,0,I,LARGE_PROVINCIAL_CITIES,STREET,2,7.0
59416,1,4,110,1,1,40.0,0,I,MELB_URBAN,STREET,2,8.0
59417,1,5,113,2,1,80.0,0,I,SMALL_CITIES,HIGHWAY,2,7.0
59418,4,4,173,2,1,50.0,0,I,MELB_URBAN,ROAD,2,15.0
59419,1,3,121,1,1,70.0,0,I,MELB_URBAN,ROAD,2,13.0
59420,1,4,130,5,1,80.0,0,N,MELB_URBAN,ROAD,2,18.0
59421,2,5,99,2,1,50.0,0,I,MELB_URBAN,AVENUE,2,8.0
59422,1,3,135,5,1,60.0,0,N,MELB_URBAN,ROAD,2,17.0
59423,2,4,100,2,1,50.0,0,I,MELB_URBAN,STREET,2,9.0
59424,8,7,184,5,1,80.0,0,N,RURAL_VICTORIA,ROAD,2,17.0
59425,2,5,99,2,1,60.0,0,N,TOWNS,STREET,2,7.0
59426,1,4,99,5,1,100.0,0,N,MELB_URBAN,ROAD,2,9.0
59427,1,1,130,1,1,60.0,0,I,MELB_URBAN,HIGHWAY,2,8.0
59428,1,4,130,1,1,50.0,0,I,TOWNS,AVENUE,2,16.0
59429,8,7,184,5,1,80.0,0,N,RURAL_VICTORIA,ROAD,2,14.0
59430,1,3,130,5,1,60.0,0,N,MELB_URBAN,STREET,2,18.0
59431,6,7,174,5,1,100.0,0,N,RURAL_VICTORIA,ROAD,1,13.0
59432,4,5,181,3,1,60.0,0,N,SMALL_TOWNS,STREET,2,12.0
59433,1,5,130,2,1,50.0,0,I,MELB_URBAN,DRIVE,2,12.0
59434,1,5,130,1,1,60.0,0,I,MELB_URBAN,STREET,2,12.0
59435,1,5,99,4,1,60.0,0,I,MELB_URBAN,STREET,2,14.0
59436,1,4,99,5,3,60.0,0,N,MELB_URBAN,HIGHWAY,2,20.0
59437,4,4,171,5,1,80.0,0,N,RURAL_VICTORIA,ROAD,2,16.0
59438,4,5,183,5,1,80.0,0,N,RURAL_VICTORIA,ROAD,2,13.0
59439,1,5,130,2,1,80.0,0,I,RURAL_VICTORIA,ROAD,2,13.0
59440,1,2,134,1,2,60.0,0,I,MELB_URBAN,HIGHWAY,2,20.0
59441,1,1,110,1,1,80.0,0,I,MELB_URBAN,ROAD,2,9.0
59442,6,1,184,5,1,60.0,0,N,RURAL_VICTORIA,OTHER,2,16.0
59443,1,5,140,5,1,60.0,0,N,MELB_URBAN,AVENUE,2,16.0
59444,1,5,113,2,1,80.0,0,I,MELB_URBAN,ROAD,2,15.0
59445,2,5,99,5,1,50.0,0,N,MELB_URBAN,OTHER,2,15.0
59446,1,5,113,2,1,100.0,0,I,RURAL_VICTORIA,ROAD,2,15.0
59447,2,4,102,2,1,60.0,0,I,MELB_URBAN,STREET,2,15.0
59448,1,4,130,5,1,100.0,0,N,MELB_URBAN,UNKNOWN,2,15.0
59449,4,5,173,5,1,100.0,0,N,RURAL_VICTORIA,HIGHWAY,2,16.0
59450,1,5,121,1,1,70.0,0,I,MELB_URBAN,ROAD,2,17.0
59451,1,5,130,5,1,80.0,0,N,MELB_URBAN,ROAD,2,16.0
59452,2,5,100,1,1,60.0,0,N,MELB_URBAN,DRIVE,2,17.0
59453,1,5,113,2,1,50.0,0,I,MELB_URBAN,ROAD,2,17.0
59454,1,5,99,1,1,80.0,0,I,MELB_URBAN,HIGHWAY,2,17.0
59455,4,5,99,5,1,100.0,0,N,MELB_URBAN,RAMP,2,18.0
59456,1,5,140,5,1,50.0,0,N,MELB_URBAN,BOULEVARD,2,17.0
59457,1,5,99,5,1,60.0,0,N,RURAL_VICTORIA,ROAD,2,15.0
59458,1,4,99,1,1,60.0,0,I,MELB_URBAN,ROAD,2,17.0
59459,4,5,173,5,1,60.0,0,N,SMALL_CITIES,OTHER,2,19.0
59460,1,4,130,5,1,60.0,0,N,MELB_URBAN,ROAD,2,17.0
59461,1,4,130,1,3,80.0,0,I,MELB_URBAN,ROAD,2,22.0
59462,1,5,121,1,1,60.0,0,I,MELB_URBAN,STREET,2,18.0
59463,4,3,99,2,3,60.0,0,N,MELB_URBAN,STREET,10,3.0
59464,1,5,121,1,1,100.0,0,I,RURAL_VICTORIA,HIGHWAY,2,15.0
59465,1,5,121,1,3,60.0,0,I,MELB_URBAN,ROAD,2,23.0
59466,1,4,113,1,1,60.0,0,I,MELB_URBAN,ROAD,2,12.0
59467,1,7,130,5,1,50.0,0,N,MELB_URBAN,OTHER,2,12.0
59468,1,6,113,2,2,50.0,0,I,MELB_URBAN,STREET,2,6.0
59469,1,6,130,5,1,80.0,0,N,MELB_URBAN,HIGHWAY,2,8.0
59470,6,6,174,2,1,50.0,0,I,MELB_URBAN,STREET,1,16.0
59471,4,6,171,5,1,50.0,0,N,TOWNS,STREET,2,9.0
59472,1,5,110,1,1,50.0,0,I,TOWNS,STREET,2,7.0
59473,1,6,130,2,1,60.0,0,N,MELB_URBAN,OTHER,2,7.0
59474,1,2,130,1,1,70.0,0,I,MELB_URBAN,ROAD,1,15.0
59475,1,5,121,5,1,40.0,0,N,MELB_URBAN,STREET,2,14.0
59476,1,5,130,5,1,100.0,0,N,MELB_URBAN,ROAD,2,15.0
59477,1,5,130,5,1,50.0,0,N,TOWNS,STREET,9,14.0
59478,1,6,133,1,1,60.0,0,I,MELB_URBAN,ROAD,2,8.0
59479,1,2,130,1,1,60.0,0,I,MELB_URBAN,HIGHWAY,2,12.0
59480,1,6,163,5,1,50.0,0,N,MELB_URBAN,STREET,2,8.0