,accident_type,day_of_week,dca_code,road_geometry,light_condition,speed_zone,severity,node_type,deg_urban_name,road_type,month,hour
59481,1,4,130,1,1,80.0,0,I,MELB_URBAN,HIGHWAY,2,12.0
59482,1,6,130,1,1,60.0,0,I,MELB_URBAN,ROAD,2,11.0
59483,8,0,174,2,1,40.0,0,I,RURAL_VICTORIA,OTHER,2,12.0
59484,1,5,173,5,1,80.0,0,N,MELB_URBAN,ROAD,2,14.0
59485,1,3,130,2,1,60.0,0,I,MELB_URBAN,ROAD,2,18.0
59486,1,6,111,2,1,50.0,0,I,MELB_URBAN,STREET,2,15.0
59487,2,6,99,5,1,50.0,1,N,MELB_URBAN,ROAD,2,10.0
59488,4,6,173,5,1,100.0,1,N,RURAL_VICTORIA,ROAD,2,14.0
59489,1,6,110,1,1,50.0,0,I,MELB_URBAN,BOULEVARD,2,15.0
59490,1,6,130,2,1,50.0,0,I,SMALL_CITIES,ROAD,2,16.0
59491,4,2,99,5,1,50.0,0,N,MELB_URBAN,OTHER,2,15.0
59492,2,6,102,5,1,60.0,0,N,MELB_URBAN,ROAD,2,17.0
59493,1,3,99,1,1,60.0,0,I,MELB_URBAN,HIGHWAY,2,8.0
59494,1,7,121,1,1,60.0,0,I,MELB_URBAN,STREET,2,10.0
59495,1,6,110,1,1,60.0,0,I,TOWNS,ROAD,2,18.0
59496,1,5,99,2,9,60.0,0,I,MELB_URBAN,ROAD,2,10.0
59497,1,6,134,5,1,80.0,0,I,MELB_URBAN,ROAD,2,16.0
59498,4,6,173,5,1,100.0,0,N,RURAL_VICTORIA,ROAD,2,16.0
59499,1,6,121,1,1,40.0,0,I,MELB_URBAN,STREET,2,17.0
59500,7,6,99,5,5,60.0,0,N,RURAL_VICTORIA,ROAD,2,22.0
59501,1,4,110,1,1,50.0,0,I,MELB_URBAN,STREET,2,15.0
59502,1,6,160,5,3,60.0,0,N,MELB_URBAN,ROAD,2,20.0
59503,1,6,110,1,1,50.0,0,I,LARGE_PROVINCIAL_CITIES,AVENUE,2,19.0
59504,1,6,147,5,1,60.0,0,N,MELB_URBAN,STREET,2,16.0
59505,1,5,130,5,1,80.0,0,N,MELB_URBAN,ROAD,2,13.0
59506,1,5,130,5,1,80.0,0,N,MELB_URBAN,HIGHWAY,2,15.0
59507,1,6,121,2,1,80.0,0,I,MELB_URBAN,ROAD,2,6.0
59508,4,6,183,5,2,100.0,0,N,RURAL_VICTORIA,ROAD,2,5.0
59509,1,6,147,5,3,80.0,0,I,MELB_URBAN,ROAD,2,22.0
59510,1,6,99,2,3,60.0,0,I,MELB_URBAN,UNKNOWN,2,23.0
59511,1,6,121,1,3,60.0,0,I,MELB_URBAN,ROAD,2,23.0
59512,1,7,110,1,3,60.0,0,I,LARGE_PROVINCIAL_CITIES,STREET,2,0.0
59513,2,6,100,5,3,60.0,1,N,MELB_URBAN,STREET,2,22.0
59514,4,6,171,1,6,50.0,0,I,MELB_URBAN,ROAD,2,23.0
59515,1,6,173,5,3,50.0,0,N,MELB_URBAN,ROAD,2,22.0
59516,4,6,173,2,3,60.0,0,N,MELB_URBAN,HIGHWAY,12,0.0
59517,4,7,171,2,3,60.0,0,I,SMALL_CITIES,ROAD,2,3.0
59518,4,7,181,5,5,60.0,0,N,MELB_URBAN,ROAD,2,0.0
59519,1,5,99,2,1,60.0,0,N,MELB_URBAN,ROAD,2,12.0
59520,1,6,130,1,1,30.0,0,I,MELB_URBAN,ROAD,2,16.0
59521,1,6,120,5,1,60.0,0,N,RURAL_VICTORIA,ROAD,2,15.0
59522,4,7,171,5,1,80.0,0,N,MELB_URBAN,ROAD,2,7.0
59523,1,6,121,5,1,60.0,0,N,MELB_URBAN,STREET,2,15.0
59524,8,3,99,5,1,100.0,0,I,RURAL_VICTORIA,ROAD,2,12.0
59525,1,7,130,2,1,60.0,0,I,MELB_URBAN,ROAD,2,11.0
59526,1,7,130,5,1,80.0,0,N,MELB_URBAN,FREEWAY,2,11.0
59527,1,7,147,5,1,70.0,0,N,MELB_URBAN,ROAD,2,11.0
59528,1,7,130,5,1,100.0,0,N,RURAL_VICTORIA,ROAD,2,12.0
59529,1,7,99,5,1,70.0,0,N,LARGE_PROVINCIAL_CITIES,HIGHWAY,2,9.0
59530,1,6,113,2,1,60.0,0,I,MELB_URBAN,ROAD,2,10.0
59531,1,2,130,1,1,60.0,0,I,MELB_URBAN,HIGHWAY,2,11.0
59532,1,7,110,1,1,60.0,0,I,SMALL_CITIES,STREET,2,14.0
59533,1,7,113,2,1,50.0,0,I,MELB_URBAN,ROAD,2,10.0
59534,1,7,120,5,1,60.0,0,N,MELB_URBAN,STREET,2,13.0
59535,1,6,113,2,1,70.0,0,I,MELB_URBAN,ROAD,2,15.0
59536,4,7,183,5,1,110.0,0,N,RURAL_VICTORIA,FREEWAY,2,15.0
59537,1,6,130,5,1,80.0,0,I,MELB_URBAN,ROAD,2,12.0
59538,1,5,99,5,1,100.0,0,N,MELB_URBAN,ROAD,1,6.0
59539,1,4,130,5,1,70.0,0,N,MELB_URBAN,ROAD,1,17.0
59540,2,3,99,5,6,60.0,0,N,MELB_URBAN,STREET,2,19.0
59541,5,7,99,5,1,100.0,0,N,RURAL_VICTORIA,FREEWAY,2,10.0
59542,4,7,183,5,1,100.0,0,I,RURAL_VICTORIA,STREET,2,19.0
59543,7,7,99,2,1,40.0,0,I,SMALL_TOWNS,STREET,2,18.0
59544,1,7,140,5,3,60.0,0,N,MELB_URBAN,STREET,2,23.0
59545,1,7,130,2,3,60.0,0,I,MELB_URBAN,STREET,2,23.0
59546,1,6,121,2,3,60.0,0,I,MELB_URBAN,STREET,2,23.0
59547,2,7,99,5,5,100.0,1,N,RURAL_VICTORIA,ROAD,2,23.0
59548,4,1,173,4,6,60.0,0,I,MELB_URBAN,ROAD,2,3.0
59549,4,1,171,5,5,60.0,0,N,RURAL_VICTORIA,ROAD,1,20.0
59550,4,6,171,5,1,60.0,0,N,RURAL_VICTORIA,ROAD,2,15.0
59551,1,0,110,1,3,50.0,0,I,LARGE_PROVINCIAL_CITIES,STREET,2,6.0
59552,2,1,102,5,1,40.0,0,N,MELB_URBAN,ROAD,2,9.0
59553,1,7,99,5,1,100.0,0,N,RURAL_VICTORIA,ROAD,2,12.0
59554,1,0,130,2,1,70.0,0,I,MELB_URBAN,STREET,2,8.0
59555,8,1,99,5,1,60.0,0,N,MELB_URBAN,AVENUE,2,7.0
59556,1,1,130,5,1,70.0,0,N,MELB_URBAN,ROAD,2,10.0
59557,1,1,130,5,1,60.0,0,I,MELB_URBAN,ROAD,2,11.0
59558,6,7,174,5,1,100.0,0,N,RURAL_VICTORIA,ROAD,2,16.0
59559,1,7,130,2,1,60.0,0,I,SMALL_CITIES,STREET,1,14.0
59560,1,1,99,5,1,60.0,0,N,MELB_URBAN,STREET,2,10.0
59561,1,0,132,5,1,80.0,0,N,RURAL_VICTORIA,ROAD,2,14.0
59562,1,1,121,2,1,60.0,0,I,MELB_URBAN,OTHER,2,14.0
59563,1,0,130,5,1,70.0,0,N,MELB_URBAN,STREET,2,13.0
59564,4,1,173,5,1,60.0,0,N,MELB_URBAN,ROAD,2,14.0
59565,1,1,110,1,1,80.0,0,I,MELB_URBAN,ROAD,2,15.0
59566,1,1,147,5,1,60.0,0,N,MELB_URBAN,ROAD,2,16.0
59567,1,7,116,1,1,80.0,0,I,MELB_URBAN,HIGHWAY,1,13.0
59568,1,1,113,2,1,60.0,0,I,MELB_URBAN,ROAD,2,18.0
59569,4,1,183,5,1,100.0,0,N,RURAL_VICTORIA,HIGHWAY,2,16.0
59570,2,1,99,5,1,50.0,0,N,TOWNS,STREET,2,10.0
59571,1,1,116,1,1,100.0,0,I,RURAL_VICTORIA,ROAD,2,17.0
59572,4,0,183,5,5,100.0,0,N,RURAL_VICTORIA,HIGHWAY,2,20.0
59573,4,0,183,2,1,60.0,0,I,TOWNS,ROAD,2,18.0
59574,2,1,100,2,9,40.0,0,I,MELB_URBAN,STREET,2,10.0
59575,4,1,171,2,3,60.0,0,I,MELB_URBAN,ROAD,2,5.0
59576,1,1,120,5,3,60.0,0,N,MELB_URBAN,ROAD,2,21.0
59577,2,0,99,5,3,70.0,0,N,MELB_URBAN,ROAD,2,23.0
59578,1,1,130,2,2,70.0,0,I,MELB_URBAN,HIGHWAY,2,18.0
59579,4,2,173,5,3,70.0,0,N,MELB_URBAN,ROAD,2,3.0
59580,1,7,113,2,1,50.0,0,I,SMALL_CITIES,AVENUE,1,13.0
59581,1,2,121,4,1,80.0,0,I,MELB_URBAN,ROAD,2,7.0
59582,2,2,100,2,1,60.0,0,I,MELB_URBAN,ROAD,2,7.0
59583,1,3,147,5,9,50.0,0,N,MELB_URBAN,ROAD,2,18.0
59584,1,2,110,1,2,80.0,0,I,TOWNS,HIGHWAY,2,5.0
59585,1,1,113,2,1,50.0,0,I,SMALL_CITIES,STREET,2,9.0
59586,1,2,130,5,1,100.0,0,N,RURAL_VICTORIA,ROAD,2,9.0
59587,1,1,110,1,1,100.0,0,I,RURAL_VICTORIA,ROAD,2,8.0
59588,4,7,171,5,1,80.0,0,N,RURAL_VICTORIA,HIGHWAY,2,10.0
59589,2,2,99,5,1,40.0,0,N,MELBOURNE_CBD,STREET,2,11.0
59590,8,4,174,5,1,60.0,0,N,RURAL_VICTORIA,ROAD,2,17.0
59591,2,2,99,5,1,50.0,0,N,TOWNS,STREET,2,11.0
59592,2,2,100,5,6,60.0,1,N,MELB_URBAN,ROAD,2,5.0
59593,4,1,171,5,1,100.0,0,N,RURAL_VICTORIA,ROAD,2,11.0
59594,1,1,121,2,1,60.0,0,I,MELB_URBAN,ROAD,2,7.0
59595,1,2,130,2,1,50.0,0,I,MELB_URBAN,STREET,2,11.0
59596,1,2,130,5,9,60.0,0,N,MELB_URBAN,STREET,2,15.0
59597,1,5,132,5,1,60.0,0,N,TOWNS,ROAD,2,7.0
59598,1,2,163,5,1,40.0,0,N,MELB_URBAN,STREET,2,12.0
59599,1,2,110,1,1,50.0,0,I,MELB_URBAN,ROAD,2,11.0
59600,1,5,132,2,1,50.0,0,I,SMALL_CITIES,STREET,2,14.0
59601,2,4,99,5,1,50.0,0,N,LARGE_PROVINCIAL_CITIES,STREET,1,18.0
59602,2,2,100,2,1,40.0,0,I,MELB_URBAN,STREET,2,9.0
59603,8,7,174,2,1,50.0,0,I,MELB_URBAN,STREET,2,11.0
59604,1,2,130,2,1,80.0,0,I,MELB_URBAN,ROAD,2,13.0
59605,6,6,184,5,1,60.0,0,N,RURAL_VICTORIA,OTHER,1,8.0
59606,5,1,99,5,1,60.0,0,N,RURAL_VICTORIA,ROAD,5,12.0
59607,1,2,99,5,1,60.0,0,N,SMALL_CITIES,STREET,2,14.0
59608,1,2,132,2,1,80.0,0,I,RURAL_VICTORIA,HIGHWAY,1,5.0
59609,1,2,130,5,1,60.0,0,N,MELB_URBAN,ROAD,2,7.0
59610,1,1,110,1,1,60.0,0,I,MELB_URBAN,ROAD,2,6.0
59611,1,0,130,1,1,80.0,0,I,MELB_URBAN,HIGHWAY,2,12.0
59612,1,2,130,5,1,50.0,0,N,MELB_URBAN,BOULEVARD,2,9.0
59613,1,4,130,2,1,60.0,0,N,MELB_URBAN,HIGHWAY,12,19.0
59614,1,1,130,5,1,60.0,0,N,MELB_URBAN,ROAD,2,16.0
59615,1,2,121,1,1,60.0,0,I,MELB_URBAN,ROAD,2,14.0
59616,1,3,110,1,1,60.0,0,I,MELB_URBAN,HIGHWAY,12,11.0
59617,2,2,99,5,1,50.0,0,N,SMALL_CITIES,ROAD,2,15.0
59618,1,2,130,5,1,60.0,0,N,MELB_URBAN,ROAD,2,16.0
59619,4,2,183,2,1,100.0,0,N,RURAL_VICTORIA,ROAD,2,14.0
59620,1,2,130,5,1,80.0,0,N,RURAL_VICTORIA,STREET,2,17.0
59621,6,1,170,5,1,100.0,0,N,RURAL_VICTORIA,ROAD,2,18.0
59622,1,2,140,5,1,50.0,0,N,LARGE_PROVINCIAL_CITIES,AVENUE,2,16.0
59623,1,2,121,2,1,60.0,0,I,MELB_URBAN,ROAD,2,17.0
59624,8,2,174,5,1,100.0,0,N,RURAL_VICTORIA,HIGHWAY,2,14.0
59625,2,2,100,1,1,50.0,0,I,MELB_URBAN,STREET,2,16.0
59626,1,1,120,5,1,100.0,0,N,RURAL_VICTORIA,ROAD,2,18.0
59627,1,1,121,1,1,50.0,0,I,MELB_URBAN,STREET,2,15.0
59628,1,2,111,1,1,60.0,0,I,MELB_URBAN,ROAD,2,16.0
59629,1,1,113,2,1,70.0,0,I,MELB_URBAN,ROAD,2,15.0
59630,4,0,183,5,5,110.0,0,N,RURAL_VICTORIA,FREEWAY,2,22.0
59631,4,3,171,2,3,60.0,0,I,MELB_URBAN,ROAD,2,3.0
59632,4,2,173,1,3,60.0,0,I,LARGE_PROVINCIAL_CITIES,STREET,2,22.0
59633,1,6,134,5,1,100.0,0,N,MELB_URBAN,FREEWAY,2,15.0
59634,2,6,100,1,1,80.0,0,N,MELB_URBAN,STREET,2,14.0
59635,1,2,135,5,5,100.0,0,N,RURAL_VICTORIA,FREEWAY,2,6.0
59636,1,3,121,2,1,40.0,0,I,MELB_URBAN,STREET,2,8.0
59637,6,3,174,5,1,40.0,0,N,MELB_URBAN,STREET,2,8.0
59638,1,2,121,2,1,50.0,0,I,MELB_URBAN,STREET,2,18.0
59639,1,3,110,1,1,60.0,0,I,MELB_URBAN,STREET,2,8.0
59640,1,3,130,4,1,60.0,0,I,SMALL_CITIES,RAMP,2,18.0
59641,1,2,121,1,2,60.0,0,I,MELB_URBAN,ROAD,2,6.0
59642,1,2,160,5,1,60.0,0,N,MELB_URBAN,ROAD,2,8.0
59643,1,3,121,2,1,70.0,0,I,MELB_URBAN,ROAD,2,8.0
59644,1,3,130,5,2,70.0,0,N,MELB_URBAN,ROAD,2,7.0
59645,1,3,130,5,1,60.0,0,N,LARGE_PROVINCIAL_CITIES,STREET,2,9.0
59646,2,3,99,1,3,40.0,0,I,MELBOURNE_CBD,STREET,2,5.0
59647,2,1,99,5,1,50.0,0,N,LARGE_PROVINCIAL_CITIES,OTHER,1,16.0
59648,1,3,134,1,1,60.0,0,I,MELB_URBAN,STREET,2,9.0
59649,4,2,173,1,1,100.0,0,I,RURAL_VICTORIA,HIGHWAY,2,10.0
59650,1,3,110,1,1,50.0,0,I,SMALL_CITIES,STREET,2,12.0
59651,1,3,110,1,1,50.0,0,I,SMALL_CITIES,OTHER,2,9.0
59652,1,4,130,2,9,60.0,0,I,MELB_URBAN,ROAD,2,18.0
59653,1,3,140,2,1,60.0,0,I,MELB_URBAN,ROAD,2,12.0
59654,1,2,111,2,1,50.0,0,I,RURAL_VICTORIA,STREET,2,15.0
59655,1,3,173,5,1,60.0,0,N,MELB_URBAN,ROAD,2,11.0
59656,1,1,130,2,1,70.0,0,N,MELB_URBAN,ROAD,2,16.0
59657,1,2,130,5,1,100.0,0,N,MELB_URBAN,FREEWAY,2,14.0
59658,1,1,99,2,9,50.0,0,I,MELB_URBAN,ROAD,2,13.0
59659,2,3,100,2,1,50.0,1,I,MELB_URBAN,ROAD,2,8.0
59660,1,0,130,5,1,40.0,0,N,MELB_URBAN,ROAD,2,18.0
59661,2,3,99,1,1,40.0,0,I,MELB_URBAN,STREET,2,14.0
59662,1,3,160,5,1,70.0,0,N,MELB_URBAN,STREET,2,13.0
59663,1,3,121,4,1,70.0,0,N,MELB_URBAN,RAMP,2,15.0
59664,1,7,163,5,9,60.0,0,N,MELBOURNE_CBD,STREET,2,13.0
59665,1,3,110,1,1,60.0,0,I,TOWNS,STREET,12,12.0
59666,1,1,130,2,1,80.0,0,N,MELB_URBAN,ROAD,2,9.0
59667,4,2,171,5,1,60.0,0,N,MELB_URBAN,STREET,2,15.0
59668,2,3,99,5,1,40.0,0,N,SMALL_CITIES,OTHER,2,15.0
59669,1,2,110,1,1,30.0,0,I,MELB_URBAN,ROAD,2,12.0
59670,1,5,99,1,1,50.0,0,I,MELB_URBAN,STREET,2,17.0
59671,1,3,130,5,1,60.0,0,N,MELB_URBAN,ROAD,2,17.0
59672,1,3,133,5,1,100.0,0,N,MELB_URBAN,UNKNOWN,2,15.0
59673,4,5,171,2,1,100.0,0,I,RURAL_VICTORIA,ROAD,1,14.0
59674,1,6,135,5,1,40.0,0,N,MELB_URBAN,UNKNOWN,2,10.0
59675,1,4,130,2,1,60.0,0,I,MELB_URBAN,ROAD,1,11.0
59676,1,3,134,5,1,70.0,0,N,MELB_URBAN,ROAD,2,15.0
59677,1,2,130,5,1,100.0,0,N,RURAL_VICTORIA,ROAD,2,16.0
59678,2,3,99,5,1,50.0,0,N,MELB_URBAN,OTHER,2,17.0
59679,1,3,99,5,1,80.0,0,N,MELB_URBAN,ROAD,2,14.0
59680,1,4,116,1,1,60.0,0,I,MELB_URBAN,STREET,3,8.0
59681,2,3,99,5,1,50.0,0,N,TOWNS,STREET,2,16.0
59682,1,2,130,5,1,70.0,0,N,MELB_URBAN,UNKNOWN,2,8.0
59683,1,3,120,5,1,100.0,0,N,RURAL_VICTORIA,ROAD,2,15.0
59684,1,3,99,5,1,50.0,0,N,TOWNS,STREET,2,17.0
59685,1,2,120,5,1,100.0,0,N,RURAL_VICTORIA,ROAD,2,19.0
59686,8,2,174,2,9,60.0,0,N,MELB_URBAN,ROAD,2,17.0
59687,1,2,130,5,3,40.0,0,N,MELB_URBAN,ROAD,2,23.0
59688,4,5,171,5,1,100.0,0,N,MELB_URBAN,UNKNOWN,2,8.0
59689,1,4,110,1,3,80.0,0,I,MELB_URBAN,ROAD,8,1.0
59690,1,2,110,1,1,50.0,0,I,MELB_URBAN,AVENUE,2,7.0
59691,5,4,99,5,9,100.0,0,N,RURAL_VICTORIA,FREEWAY,1,17.0
59692,6,4,184,5,5,100.0,0,N,RURAL_VICTORIA,ROAD,2,5.0
59693,1,3,113,2,1,80.0,0,I,MELB_URBAN,ROAD,2,19.0
59694,8,3,99,5,1,70.0,0,N,MELB_URBAN,ROAD,1,7.0
59695,1,3,113,2,3,60.0,0,I,MELB_URBAN,BOULEVARD,2,6.0
59696,1,2,99,2,1,50.0,0,N,MELB_URBAN,STREET,2,18.0
59697,6,4,184,5,9,60.0,0,N,RURAL_VICTORIA,ROAD,2,14.0
59698,1,2,113,1,1,60.0,0,I,MELB_URBAN,STREET,1,15.0
59699,1,6,99,1,1,80.0,0,N,SMALL_CITIES,ROAD,2,8.0
59700,2,4,99,5,1,50.0,0,N,TOWNS,STREET,2,8.0
59701,1,4,120,5,3,60.0,0,N,MELB_URBAN,ROAD,2,6.0
59702,1,4,121,5,1,50.0,0,N,MELB_URBAN,DRIVE,2,9.0
59703,8,1,174,5,1,60.0,0,N,RURAL_VICTORIA,ROAD,2,15.0
59704,4,1,171,5,1,80.0,0,N,RURAL_VICTORIA,ROAD,2,16.0
59705,1,2,130,5,1,80.0,0,N,MELB_URBAN,HIGHWAY,2,12.0
59706,4,5,181,5,1,60.0,0,N,RURAL_VICTORIA,ROAD,1,13.0
59707,4,3,171,5,1,60.0,0,N,MELB_URBAN,ROAD,2,12.0
59708,4,4,181,5,1,100.0,0,N,RURAL_VICTORIA,HIGHWAY,2,12.0
59709,1,4,121,2,1,60.0,0,I,MELB_URBAN,ROAD,2,10.0
59710,1,3,135,5,1,100.0,0,N,MELB_URBAN,FREEWAY,2,19.0
59711,8,5,99,5,1,60.0,0,N,RURAL_VICTORIA,ROAD,2,16.0
59712,1,4,120,5,1,80.0,0,N,RURAL_VICTORIA,ROAD,2,12.0
59713,4,0,181,5,1,60.0,0,N,RURAL_VICTORIA,ROAD,1,12.0
59714,1,4,132,2,1,80.0,0,I,MELB_URBAN,ROAD,2,12.0
59715,4,4,171,5,1,100.0,0,N,RURAL_VICTORIA,ROAD,2,12.0
59716,2,2,100,5,1,40.0,0,N,MELB_URBAN,ROAD,2,17.0
59717,1,1,130,2,3,60.0,0,I,MELB_URBAN,ROAD,11,21.0
59718,4,3,183,5,1,110.0,0,N,SMALL_CITIES,FREEWAY,2,9.0
59719,1,3,135,1,1,80.0,0,I,MELB_URBAN,HIGHWAY,2,8.0
59720,2,4,100,1,1,40.0,0,I,LARGE_PROVINCIAL_CITIES,STREET,2,14.0
59721,2,3,102,2,3,60.0,0,I,MELB_URBAN,HIGHWAY,2,21.0
59722,4,6,183,5,1,60.0,0,N,RURAL_VICTORIA,ROAD,1,15.0
59723,1,4,121,1,1,80.0,0,I,MELB_URBAN,HIGHWAY,2,15.0
59724,1,4,147,5,1,60.0,0,N,MELB_URBAN,ROAD,2,10.0
59725,1,6,140,2,1,80.0,0,N,MELB_URBAN,ROAD,2,14.0
59726,1,5,130,5,1,60.0,0,N,MELB_URBAN,ROAD,1,12.0
59727,1,3,110,1,1,70.0,0,I,LARGE_PROVINCIAL_CITIES,ROAD,2,16.0
59728,4,4,181,5,1,70.0,0,N,RURAL_VICTORIA,ROAD,2,14.0
59729,1,3,163,5,1,50.0,0,N,MELB_URBAN,STREET,2,13.0
59730,4,4,183,5,1,70.0,0,N,RURAL_VICTORIA,ROAD,2,14.0
59731,1,5,130,2,9,80.0,0,I,MELB_URBAN,ROAD,9,17.0
59732,1,7,140,2,3,60.0,0,I,RURAL_VICTORIA,ROAD,2,21.0
59733,1,3,121,2,2,80.0,0,I,MELB_URBAN,ROAD,2,18.0
59734,1,2,130,1,1,60.0,0,I,MELB_URBAN,HIGHWAY,12,16.0
59735,1,3,130,5,1,60.0,0,N,SMALL_CITIES,AVENUE,2,16.0
59736,6,4,170,5,2,100.0,0,N,RURAL_VICTORIA,ROAD,2,20.0
59737,4,4,183,5,1,100.0,0,N,RURAL_VICTORIA,HIGHWAY,2,17.0
59738,1,4,110,1,1,80.0,0,N,MELB_URBAN,ROAD,2,16.0
59739,1,4,140,5,3,60.0,0,N,MELB_URBAN,HIGHWAY,2,5.0
59740,8,4,174,1,2,70.0,0,I,MELB_URBAN,ROAD,2,6.0
59741,1,4,130,1,1,70.0,0,I,MELB_URBAN,ROAD,2,18.0
59742,2,4,99,5,3,50.0,0,N,MELB_URBAN,UNKNOWN,2,23.0
59743,4,5,171,5,5,100.0,0,N,MELB_URBAN,FREEWAY,2,2.0
59744,4,5,183,5,5,50.0,0,N,MELB_URBAN,ROAD,2,4.0
59745,6,5,99,5,3,40.0,0,N,MELB_URBAN,STREET,2,5.0
59746,3,4,167,5,1,100.0,0,N,RURAL_VICTORIA,ROAD,2,13.0
59747,1,5,110,1,2,60.0,0,I,SMALL_CITIES,AVENUE,2,6.0
59748,4,1,183,5,5,100.0,0,N,RURAL_VICTORIA,ROAD,2,23.0
59749,6,3,174,5,1,60.0,0,N,MELB_URBAN,STREET,2,9.0
59750,1,6,130,1,1,60.0,0,I,TOWNS,STREET,2,16.0
59751,4,4,171,5,1,60.0,0,N,MELB_URBAN,STREET,2,8.0
59752,1,5,121,2,1,60.0,0,I,MELB_URBAN,ROAD,2,10.0
59753,1,3,130,5,1,50.0,0,N,MELB_URBAN,ROAD,1,13.0
59754,1,5,135,5,1,100.0,0,N,MELB_URBAN,UNKNOWN,2,9.0
59755,1,5,183,5,1,80.0,0,N,RURAL_VICTORIA,ROAD,2,7.0
59756,1,1,130,1,1,70.0,0,N,MELB_URBAN,STREET,11,7.0
59757,6,4,184,5,1,60.0,0,I,RURAL_VICTORIA,OTHER,12,12.0
59758,1,5,99,2,1,60.0,0,I,MELB_URBAN,ROAD,2,11.0
59759,1,5,110,1,1,50.0,0,I,LARGE_PROVINCIAL_CITIES,STREET,2,9.0
59760,1,5,110,1,1,80.0,0,I,RURAL_VICTORIA,HIGHWAY,2,8.0
59761,1,5,99,5,1,40.0,0,N,MELB_URBAN,STREET,2,8.0
59762,1,3,120,2,3,50.0,0,I,MELB_URBAN,AVENUE,2,22.0
59763,8,6,174,2,3,60.0,0,I,MELB_URBAN,STREET,2,21.0
59764,1,5,130,5,1,60.0,0,N,MELB_URBAN,STREET,4,11.0
59765,1,3,130,2,1,60.0,0,I,MELB_URBAN,STREET,2,14.0
59766,1,4,130,2,1,60.0,0,I,MELB_URBAN,ROAD,2,10.0
59767,2,5,100,5,1,40.0,0,N,MELB_URBAN,DRIVE,2,11.0
59768,4,3,173,5,1,60.0,0,N,RURAL_VICTORIA,ROAD,2,18.0
59769,8,7,99,5,1,60.0,0,N,RURAL_VICTORIA,ROAD,2,15.0
59770,1,5,147,5,1,60.0,0,N,SMALL_CITIES,ROAD,2,14.0
59771,4,4,183,5,1,100.0,0,N,RURAL_VICTORIA,ROAD,2,12.0
59772,1,5,121,2,1,60.0,0,I,MELB_URBAN,ROAD,2,15.0
59773,1,5,130,5,1,80.0,0,N,RURAL_VICTORIA,HIGHWAY,2,15.0
59774,1,6,130,1,9,80.0,0,I,MELB_URBAN,HIGHWAY,2,18.0
59775,1,5,160,5,1,60.0,0,N,MELB_URBAN,STREET,2,7.0
59776,1,5,130,1,1,50.0,0,I,TOWNS,STREET,2,15.0
59777,1,4,130,5,1,100.0,0,N,MELB_URBAN,UNKNOWN,2,17.0
59778,1,4,121,2,1,60.0,0,I,MELB_URBAN,ROAD,2,18.0
59779,1,5,130,5,1,60.0,0,N,MELB_URBAN,STREET,2,18.0
59780,1,5,120,5,1,60.0,0,N,MELB_URBAN,ROAD,2,15.0
59781,1,4,110,1,3,60.0,0,I,MELB_URBAN,ROAD,2,21.0
59782,4,5,171,5,3,60.0,0,N,SMALL_CITIES,PARADE,2,20.0
59783,1,5,160,5,3,50.0,0,N,TOWNS,STREET,2,22.0
59784,4,4,173,5,5,50.0,0,N,MELB_URBAN,AVENUE,2,21.0
59785,1,5,130,1,1,40.0,0,I,MELBOURNE_CBD,STREET,2,18.0
59786,4,6,171,2,1,80.0,0,I,MELB_URBAN,ROAD,2,18.0
59787,4,5,173,5,2,80.0,1,N,MELB_URBAN,HIGHWAY,2,20.0
59788,1,5,130,5,1,80.0,0,N,MELB_URBAN,FREEWAY,2,16.0
59789,1,4,130,5,3,60.0,0,N,MELB_URBAN,ROAD,2,23.0
59790,1,6,99,5,3,100.0,0,N,MELB_URBAN,UNKNOWN,2,1.0
59791,1,5,130,5,1,60.0,0,N,MELB_URBAN,ROAD,2,14.0
59792,4,5,171,5,1,50.0,0,N,MELB_URBAN,OTHER,2,10.0
59793,4,5,183,5,1,60.0,0,N,RURAL_VICTORIA,ROAD,2,8.0
59794,1,7,130,1,1,50.0,0,I,MELB_URBAN,STREET,1,10.0
59795,1,5,130,5,1,80.0,0,N,MELB_URBAN,HIGHWAY,2,9.0
59796,4,5,171,5,1,60.0,0,N,MELB_URBAN,ROAD,2,9.0
59797,1,5,147,5,1,60.0,0,N,MELB_URBAN,ROAD,2,9.0
59798,1,6,121,1,1,80.0,0,I,MELB_URBAN,ROAD,2,9.0
59799,1,4,130,4,1,60.0,0,I,LARGE_PROVINCIAL_CITIES,ROAD,2,13.0
59800,1,5,130,5,2,80.0,0,N,MELB_URBAN,ROAD,2,6.0
59801,1,6,110,1,1,80.0,0,I,MELB_URBAN,ROAD,2,9.0
59802,1,4,110,1,1,60.0,0,I,LARGE_PROVINCIAL_CITIES,STREET,2,7.0
59803,1,3,130,4,1,80.0,0,N,MELB_URBAN,ROAD,1,16.0
59804,1,6,99,2,1,60.0,0,I,LARGE_PROVINCIAL_CITIES,ROAD,2,8.0
59805,1,6,121,5,1,60.0,0,N,LARGE_PROVINCIAL_CITIES,STREET,11,18.0
59806,1,1,121,2,1,60.0,0,I,MELB_URBAN,ROAD,2,17.0
59807,4,6,171,2,1,80.0,0,I,RURAL_VICTORIA,ROAD,2,11.0
59808,6,1,184,5,1,100.0,0,N,RURAL_VICTORIA,ROAD,2,9.0
59809,2,6,100,1,1,40.0,0,I,MELBOURNE_CBD,STREET,2,9.0
59810,1,6,121,2,1,60.0,0,I,MELB_URBAN,ROAD,2,14.0
59811,1,5,147,5,1,60.0,0,N,LARGE_PROVINCIAL_CITIES,ROAD,2,15.0
59812,2,6,100,1,1,50.0,0,I,MELB_URBAN,ROAD,2,14.0
59813,1,6,130,2,1,40.0,0,I,MELB_URBAN,ROAD,2,14.0