,accident_type,day_of_week,dca_code,road_geometry,light_condition,speed_zone,severity,node_type,deg_urban_name,road_type,month,hour
59814,1,6,121,2,1,60.0,0,I,MELB_URBAN,AVENUE,2,12.0
59815,1,6,110,1,1,60.0,0,I,SMALL_CITIES,STREET,2,16.0
59816,1,6,130,5,1,80.0,0,N,MELB_URBAN,HIGHWAY,2,15.0
59817,8,6,99,5,1,100.0,0,N,RURAL_VICTORIA,OTHER,2,16.0
59818,1,5,147,5,1,50.0,0,N,RURAL_VICTORIA,ROAD,2,15.0
59819,1,1,121,5,1,60.0,0,N,MELB_URBAN,ROAD,12,14.0
59820,4,6,171,2,1,100.0,0,I,RURAL_VICTORIA,HIGHWAY,2,16.0
59821,1,6,99,5,1,60.0,0,N,MELB_URBAN,ROAD,2,18.0
59822,1,6,121,1,1,60.0,0,I,SMALL_CITIES,STREET,2,16.0
59823,1,1,120,1,1,50.0,0,N,MELB_URBAN,ROAD,2,11.0
59824,1,6,121,1,1,60.0,0,I,MELB_URBAN,STREET,2,18.0
59825,1,6,160,5,3,70.0,0,N,MELB_URBAN,ROAD,2,22.0
59826,4,5,171,5,3,60.0,0,N,MELB_URBAN,ROAD,2,22.0
59827,4,7,173,5,5,40.0,0,N,SMALL_TOWNS,ROAD,2,0.0
59828,4,7,171,5,3,70.0,0,N,MELB_URBAN,ROAD,2,0.0
59829,1,2,130,5,1,100.0,0,N,MELB_URBAN,FREEWAY,2,16.0
59830,4,6,171,5,3,70.0,0,N,MELB_URBAN,ROAD,2,5.0
59831,1,6,130,5,9,60.0,0,N,MELB_URBAN,ROAD,2,14.0
59832,2,5,100,1,1,80.0,0,N,SMALL_CITIES,STREET,2,15.0
59833,1,5,121,1,1,80.0,0,I,MELB_URBAN,HIGHWAY,2,18.0
59834,1,4,130,2,1,60.0,0,N,MELB_URBAN,ROAD,1,18.0
59835,8,1,170,2,9,60.0,0,I,MELB_URBAN,OTHER,2,19.0
59836,1,6,130,5,1,80.0,0,N,MELB_URBAN,FREEWAY,2,10.0
59837,1,7,173,1,1,60.0,0,I,MELB_URBAN,ROAD,2,10.0
59838,1,7,121,1,1,60.0,0,I,MELB_URBAN,STREET,2,13.0
59839,4,7,181,5,1,80.0,0,N,RURAL_VICTORIA,ROAD,2,6.0
59840,1,6,99,5,1,50.0,0,N,MELB_URBAN,OTHER,2,12.0
59841,1,7,130,5,1,110.0,0,N,RURAL_VICTORIA,FREEWAY,2,12.0
59842,2,7,99,2,1,60.0,0,I,MELB_URBAN,DRIVE,2,8.0
59843,1,7,130,2,1,60.0,0,I,LARGE_PROVINCIAL_CITIES,ROAD,2,14.0
59844,1,6,163,5,3,50.0,0,N,MELBOURNE_CBD,STREET,2,19.0
59845,2,7,102,5,1,70.0,0,N,LARGE_PROVINCIAL_CITIES,OTHER,2,13.0
59846,1,7,140,5,1,40.0,0,N,MELB_URBAN,DRIVE,2,8.0
59847,1,7,99,2,1,50.0,0,I,MELB_URBAN,ROAD,2,9.0
59848,1,7,130,2,1,60.0,0,I,MELB_URBAN,STREET,2,14.0
59849,1,7,130,5,1,80.0,0,N,MELB_URBAN,HIGHWAY,2,15.0
59850,1,7,120,5,1,100.0,0,N,RURAL_VICTORIA,ROAD,2,14.0
59851,2,7,100,2,1,60.0,0,I,MELB_URBAN,ROAD,2,16.0
59852,1,7,121,1,1,60.0,0,I,TOWNS,STREET,2,16.0
59853,1,7,113,2,1,50.0,0,I,SMALL_CITIES,AVENUE,2,10.0
59854,1,2,130,1,1,80.0,0,I,MELB_URBAN,HIGHWAY,11,12.0
59855,1,3,99,2,1,60.0,0,I,MELB_URBAN,ROAD,2,15.0
59856,2,7,99,5,1,50.0,0,N,LARGE_PROVINCIAL_CITIES,ROAD,2,5.0
59857,8,7,174,5,1,80.0,0,N,RURAL_VICTORIA,RAMP,2,16.0
59858,1,6,110,1,1,60.0,0,I,MELB_URBAN,STREET,2,18.0
59859,1,3,110,1,1,40.0,0,I,MELB_URBAN,STREET,2,8.0
59860,4,7,181,5,1,80.0,0,N,RURAL_VICTORIA,ROAD,2,17.0
59861,6,6,170,5,5,100.0,0,N,RURAL_VICTORIA,ROAD,2,22.0
59862,1,3,110,1,1,50.0,0,I,MELB_URBAN,STREET,1,15.0
59863,1,7,110,1,3,80.0,0,I,MELB_URBAN,ROAD,2,23.0
59864,4,7,181,5,5,100.0,1,N,RURAL_VICTORIA,ROAD,2,21.0
59865,4,0,171,5,3,50.0,0,N,SMALL_CITIES,STREET,2,2.0
59866,4,7,181,5,3,60.0,0,N,RURAL_VICTORIA,DRIVE,2,23.0
59867,1,1,111,1,3,70.0,0,I,MELB_URBAN,ROAD,2,3.0
59868,1,0,130,5,2,100.0,0,N,MELB_URBAN,FREEWAY,2,8.0
59869,4,0,171,5,1,60.0,0,N,MELB_URBAN,ROAD,2,9.0
59870,1,7,134,2,3,80.0,0,I,MELB_URBAN,ROAD,2,21.0
59871,1,0,130,2,1,80.0,0,I,MELB_URBAN,HIGHWAY,2,11.0
59872,2,7,102,5,1,60.0,0,N,MELB_URBAN,STREET,2,14.0
59873,1,3,140,1,1,60.0,0,N,LARGE_PROVINCIAL_CITIES,STREET,2,14.0
59874,1,1,130,2,1,80.0,0,N,MELB_URBAN,FREEWAY,2,10.0
59875,2,0,99,5,1,50.0,0,N,MELB_URBAN,BOULEVARD,2,10.0
59876,4,3,181,5,1,100.0,0,N,RURAL_VICTORIA,ROAD,12,17.0
59877,1,1,121,5,1,60.0,0,N,MELB_URBAN,ROAD,2,12.0
59878,1,6,110,1,1,50.0,0,I,MELB_URBAN,ROAD,1,16.0
59879,1,1,130,1,1,60.0,0,I,MELB_URBAN,ROAD,2,11.0
59880,1,1,130,2,1,80.0,0,I,MELB_URBAN,HIGHWAY,2,12.0
59881,1,1,132,2,1,60.0,0,I,MELB_URBAN,ROAD,2,14.0
59882,1,4,130,1,2,80.0,0,I,MELB_URBAN,ROAD,2,6.0
59883,1,1,121,1,3,60.0,0,I,MELB_URBAN,ROAD,12,22.0
59884,3,1,167,5,1,100.0,0,N,RURAL_VICTORIA,ROAD,2,15.0
59885,1,0,121,1,3,60.0,0,I,MELB_URBAN,STREET,2,0.0
59886,1,0,133,5,1,80.0,0,N,MELB_URBAN,ROAD,2,10.0
59887,8,1,184,5,1,60.0,0,N,RURAL_VICTORIA,ROAD,2,11.0
59888,1,1,99,1,1,80.0,0,N,RURAL_VICTORIA,PARADE,2,16.0
59889,1,1,99,5,1,80.0,0,N,RURAL_VICTORIA,ROAD,2,15.0
59890,8,6,99,5,1,80.0,0,I,RURAL_VICTORIA,ROAD,2,15.0
59891,6,1,99,5,1,80.0,0,N,RURAL_VICTORIA,ROAD,2,15.0
59892,4,1,173,5,1,100.0,0,N,RURAL_VICTORIA,ROAD,2,16.0
59893,4,1,171,5,1,100.0,0,N,RURAL_VICTORIA,ROAD,2,16.0
59894,1,1,99,5,1,100.0,1,N,RURAL_VICTORIA,ROAD,2,16.0
59895,1,1,99,5,1,100.0,0,N,RURAL_VICTORIA,ROAD,2,15.0
59896,6,1,184,5,1,60.0,0,N,RURAL_VICTORIA,ROAD,2,16.0
59897,4,1,171,5,1,110.0,0,N,RURAL_VICTORIA,FREEWAY,2,18.0
59898,1,1,113,1,1,40.0,0,I,MELB_URBAN,PARADE,2,16.0
59899,4,1,181,5,1,100.0,0,N,RURAL_VICTORIA,ROAD,2,13.0
59900,1,0,121,5,1,60.0,0,N,MELB_URBAN,ROAD,2,16.0
59901,1,1,171,5,1,100.0,0,N,MELB_URBAN,FREEWAY,2,16.0
59902,1,1,99,5,1,80.0,1,N,RURAL_VICTORIA,ROAD,2,12.0
59903,2,1,99,5,2,50.0,0,N,MELB_URBAN,BOULEVARD,2,20.0
59904,1,0,110,1,1,60.0,0,I,MELB_URBAN,ROAD,2,16.0
59905,4,0,171,2,3,50.0,0,I,MELB_URBAN,DRIVE,2,21.0
59906,1,5,132,5,2,60.0,0,N,TOWNS,ROAD,2,19.0
59907,2,1,99,5,1,80.0,0,N,MELB_URBAN,ROAD,2,16.0
59908,4,3,171,5,1,100.0,0,N,RURAL_VICTORIA,HIGHWAY,2,16.0
59909,2,7,100,5,1,50.0,0,N,MELB_URBAN,ROAD,2,12.0
59910,1,0,121,1,1,80.0,0,I,RURAL_VICTORIA,ROAD,12,17.0
59911,8,1,99,5,1,100.0,0,N,RURAL_VICTORIA,ROAD,2,11.0
59912,8,2,174,2,1,80.0,0,N,SMALL_CITIES,PARADE,2,7.0
59913,3,1,167,5,5,100.0,0,N,RURAL_VICTORIA,ROAD,2,21.0
59914,2,2,99,1,1,80.0,0,I,MELB_URBAN,HIGHWAY,1,18.0
59915,1,0,113,2,1,60.0,0,I,TOWNS,ROAD,2,12.0
59916,1,2,160,5,1,60.0,0,N,MELB_URBAN,STREET,2,7.0
59917,1,2,130,5,1,100.0,0,N,MELB_URBAN,FREEWAY,2,8.0
59918,6,2,174,1,1,60.0,0,I,LARGE_PROVINCIAL_CITIES,ROAD,2,10.0
59919,1,6,163,5,1,60.0,0,N,MELB_URBAN,ROAD,2,9.0
59920,1,2,160,5,1,60.0,0,N,MELB_URBAN,ROAD,2,10.0
59921,1,2,160,5,1,60.0,0,N,MELB_URBAN,ROAD,2,10.0
59922,1,3,130,5,2,80.0,0,N,MELB_URBAN,FREEWAY,2,5.0
59923,1,2,130,5,1,70.0,0,N,LARGE_PROVINCIAL_CITIES,HIGHWAY,2,8.0
59924,1,2,113,2,1,100.0,0,I,RURAL_VICTORIA,ROAD,2,8.0
59925,8,2,170,2,1,50.0,0,I,MELB_URBAN,STREET,2,8.0
59926,1,7,132,5,9,60.0,0,N,MELB_URBAN,ROAD,2,12.0
59927,1,2,110,1,1,50.0,0,I,SMALL_TOWNS,STREET,2,11.0
59928,6,7,184,5,1,60.0,0,N,RURAL_VICTORIA,OTHER,1,15.0
59929,4,2,181,5,1,100.0,0,N,RURAL_VICTORIA,ROAD,2,11.0
59930,5,7,99,5,1,60.0,0,N,RURAL_VICTORIA,OTHER,2,12.0
59931,4,2,181,5,1,100.0,0,N,RURAL_VICTORIA,HIGHWAY,2,12.0
59932,2,7,99,5,5,60.0,0,I,MELB_URBAN,OTHER,2,23.0
59933,1,1,121,2,1,50.0,0,I,MELB_URBAN,ROAD,2,12.0
59934,8,7,174,5,1,60.0,0,N,RURAL_VICTORIA,OTHER,2,14.0
59935,4,2,99,5,1,60.0,0,N,MELB_URBAN,STREET,2,10.0
59936,1,6,130,5,1,100.0,0,N,MELB_URBAN,ROAD,1,16.0
59937,4,2,181,5,1,80.0,0,N,RURAL_VICTORIA,ROAD,2,11.0
59938,1,5,120,5,1,50.0,0,N,TOWNS,OTHER,2,11.0
59939,1,5,134,5,1,80.0,0,N,MELB_URBAN,FREEWAY,2,15.0
59940,1,2,120,5,1,100.0,0,N,RURAL_VICTORIA,HIGHWAY,2,13.0
59941,1,5,99,1,1,60.0,0,I,SMALL_CITIES,STREET,6,11.0
59942,1,2,160,5,1,60.0,0,N,MELB_URBAN,ROAD,2,15.0
59943,1,0,130,5,1,60.0,0,N,MELB_URBAN,ROAD,11,13.0
59944,6,1,174,5,9,60.0,0,N,RURAL_VICTORIA,ROAD,2,12.0
59945,2,2,102,5,1,50.0,0,N,MELB_URBAN,ROAD,2,15.0
59946,1,2,130,5,9,60.0,0,N,MELB_URBAN,HIGHWAY,10,15.0
59947,1,2,110,1,1,60.0,0,I,TOWNS,STREET,2,14.0
59948,1,5,113,2,1,80.0,0,I,MELB_URBAN,ROAD,1,17.0
59949,2,2,99,5,1,50.0,0,N,MELB_URBAN,OTHER,2,15.0
59950,5,7,99,5,1,100.0,0,N,RURAL_VICTORIA,ROAD,2,17.0
59951,1,2,130,5,1,100.0,0,N,MELB_URBAN,ROAD,2,16.0
59952,2,3,100,1,1,40.0,0,I,MELBOURNE_CBD,STREET,2,15.0
59953,3,1,167,5,1,100.0,0,N,RURAL_VICTORIA,HIGHWAY,1,18.0
59954,1,2,130,5,1,100.0,0,N,MELB_URBAN,ROAD,2,17.0
59955,1,2,130,1,1,40.0,0,I,MELB_URBAN,OTHER,2,14.0
59956,2,1,99,5,1,50.0,0,N,MELB_URBAN,OTHER,2,14.0
59957,1,2,113,2,1,60.0,0,I,LARGE_PROVINCIAL_CITIES,STREET,2,14.0
59958,4,2,181,5,1,70.0,0,N,RURAL_VICTORIA,ROAD,2,15.0
59959,1,7,147,5,1,60.0,0,N,MELB_URBAN,ROAD,12,11.0
59960,6,2,170,1,1,80.0,0,I,SMALL_CITIES,HIGHWAY,2,18.0
59961,1,4,130,1,1,60.0,0,I,MELB_URBAN,ROAD,2,13.0
59962,1,2,110,1,2,50.0,0,I,MELB_URBAN,STREET,2,20.0
59963,4,2,99,2,3,80.0,0,I,RURAL_VICTORIA,STREET,2,20.0
59964,4,2,171,5,1,100.0,1,N,RURAL_VICTORIA,ROAD,2,17.0
59965,1,5,120,5,1,60.0,0,N,TOWNS,STREET,11,14.0
59966,7,2,99,5,1,70.0,0,N,MELB_URBAN,ROAD,2,17.0
59967,1,3,130,2,3,70.0,0,N,RURAL_VICTORIA,ROAD,2,0.0
59968,3,3,167,5,5,100.0,0,N,RURAL_VICTORIA,ROAD,2,3.0
59969,1,3,121,5,1,40.0,0,N,MELB_URBAN,DRIVE,2,7.0
59970,1,2,134,5,1,60.0,0,N,MELB_URBAN,STREET,2,7.0
59971,1,5,130,5,1,40.0,0,N,LARGE_PROVINCIAL_CITIES,AVENUE,1,13.0
59972,1,3,130,5,1,70.0,0,N,MELB_URBAN,STREET,2,9.0
59973,1,3,130,5,1,80.0,0,N,MELB_URBAN,ROAD,2,7.0
59974,1,3,130,1,1,70.0,0,I,LARGE_PROVINCIAL_CITIES,HIGHWAY,2,10.0
59975,6,2,170,5,6,100.0,0,N,MELB_URBAN,FREEWAY,2,21.0
59976,1,2,110,1,1,50.0,0,I,MELB_URBAN,ROAD,2,9.0
59977,1,3,130,5,1,100.0,0,N,MELB_URBAN,FREEWAY,2,8.0
59978,1,3,120,5,1,100.0,0,N,RURAL_VICTORIA,ROAD,2,8.0
59979,3,2,167,5,1,100.0,0,N,RURAL_VICTORIA,ROAD,2,7.0
59980,1,2,140,5,1,80.0,0,I,MELB_URBAN,ROAD,2,9.0
59981,2,3,100,1,1,40.0,0,I,MELB_URBAN,ROAD,2,10.0
59982,1,7,110,1,1,60.0,0,I,MELB_URBAN,ROAD,2,8.0
59983,4,3,99,2,1,50.0,0,I,MELB_URBAN,DRIVE,2,9.0
59984,1,3,110,1,1,60.0,0,I,MELB_URBAN,ROAD,2,11.0
59985,1,2,130,1,1,80.0,0,I,MELB_URBAN,HIGHWAY,2,18.0
59986,8,1,99,2,6,60.0,0,N,MELB_URBAN,HIGHWAY,1,22.0
59987,4,3,181,5,1,100.0,0,N,RURAL_VICTORIA,ROAD,2,11.0
59988,4,4,171,1,1,80.0,0,N,MELB_URBAN,ROAD,2,15.0
59989,6,2,174,1,1,60.0,0,I,MELB_URBAN,STREET,1,16.0
59990,4,3,173,1,1,50.0,0,I,SMALL_CITIES,AVENUE,2,10.0
59991,3,2,167,5,1,100.0,0,N,RURAL_VICTORIA,ROAD,2,13.0
59992,1,2,130,2,1,70.0,0,I,MELB_URBAN,OTHER,2,11.0
59993,1,2,116,2,1,60.0,0,I,MELB_URBAN,STREET,2,8.0
59994,8,3,99,5,1,60.0,0,N,RURAL_VICTORIA,ROAD,2,10.0
59995,1,3,133,1,1,60.0,0,I,MELB_URBAN,ROAD,2,12.0
59996,2,3,99,5,1,60.0,0,N,MELB_URBAN,AVENUE,2,9.0
59997,1,3,173,5,1,50.0,0,N,MELB_URBAN,AVENUE,2,12.0
59998,1,3,120,5,2,100.0,0,N,RURAL_VICTORIA,ROAD,2,7.0
59999,8,7,174,5,1,60.0,0,N,MELB_URBAN,ROAD,2,14.0
60000,6,3,174,5,1,60.0,0,N,MELB_URBAN,ROAD,2,14.0
60001,1,3,121,1,1,70.0,0,I,MELB_URBAN,HIGHWAY,2,15.0
60002,1,3,110,1,9,60.0,0,I,MELB_URBAN,BOULEVARD,2,8.0
60003,8,2,99,5,1,80.0,0,N,RURAL_VICTORIA,ROAD,10,10.0
60004,1,3,130,2,1,70.0,0,I,MELB_URBAN,ROAD,2,10.0
60005,1,2,99,2,1,60.0,0,I,MELB_URBAN,OTHER,2,8.0
60006,8,7,174,5,1,60.0,0,N,RURAL_VICTORIA,OTHER,12,8.0
60007,1,3,113,2,1,50.0,0,I,MELB_URBAN,BOULEVARD,2,18.0
60008,1,3,113,2,1,60.0,0,I,TOWNS,ROAD,2,16.0
60009,4,3,183,5,9,100.0,0,N,RURAL_VICTORIA,ROAD,2,5.0
60010,1,2,111,2,1,80.0,0,I,MELB_URBAN,ROAD,2,19.0
60011,1,2,130,1,1,60.0,0,I,MELB_URBAN,ROAD,2,15.0
60012,2,3,100,2,1,60.0,0,N,MELB_URBAN,ROAD,2,19.0
60013,1,5,130,5,1,60.0,0,N,MELB_URBAN,ROAD,2,17.0
60014,1,3,120,5,1,60.0,0,N,MELB_URBAN,ROAD,2,16.0
60015,1,3,121,2,1,60.0,0,I,MELB_URBAN,STREET,2,17.0
60016,4,3,183,5,1,110.0,0,N,RURAL_VICTORIA,RAMP,2,17.0
60017,2,3,99,5,1,60.0,0,N,MELB_URBAN,STREET,2,13.0
60018,1,3,130,2,1,60.0,0,N,MELB_URBAN,STREET,2,17.0
60019,4,3,171,5,5,80.0,0,N,RURAL_VICTORIA,ROAD,2,4.0
60020,1,4,113,2,1,60.0,0,I,MELB_URBAN,ROAD,12,14.0
60021,1,2,121,1,3,60.0,0,I,MELB_URBAN,ROAD,2,5.0
60022,1,3,130,1,2,50.0,0,I,MELB_URBAN,STREET,2,8.0
60023,1,3,121,1,1,40.0,0,I,MELB_URBAN,STREET,2,7.0
60024,8,3,174,2,1,60.0,0,I,SMALL_CITIES,HIGHWAY,2,10.0
60025,4,6,183,5,1,100.0,0,N,RURAL_VICTORIA,ROAD,1,16.0
60026,2,4,102,2,1,60.0,0,I,MELB_URBAN,ROAD,2,8.0
60027,3,4,167,5,1,80.0,0,N,RURAL_VICTORIA,ROAD,2,8.0
60028,1,3,120,5,2,80.0,1,N,TOWNS,ROAD,2,6.0
60029,1,4,121,1,1,80.0,0,I,MELB_URBAN,HIGHWAY,2,9.0
60030,4,1,181,5,1,60.0,0,N,SMALL_TOWNS,ROAD,2,16.0
60031,4,3,171,5,1,50.0,0,I,MELB_URBAN,BOULEVARD,2,11.0
60032,1,4,130,5,1,60.0,0,N,SMALL_CITIES,STREET,2,17.0
60033,4,4,171,5,1,100.0,0,N,RURAL_VICTORIA,ROAD,2,11.0
60034,1,4,130,2,1,60.0,0,I,SMALL_CITIES,DRIVE,2,12.0
60035,4,3,171,5,5,100.0,0,N,RURAL_VICTORIA,ROAD,2,5.0
60036,1,4,121,4,1,60.0,1,N,MELB_URBAN,ROAD,2,9.0
60037,1,4,130,1,1,60.0,0,I,MELB_URBAN,ROAD,2,11.0
60038,1,3,121,2,1,80.0,0,I,MELB_URBAN,ROAD,2,17.0
60039,1,0,121,5,1,70.0,0,N,LARGE_PROVINCIAL_CITIES,ROAD,12,20.0
60040,1,2,130,5,1,100.0,0,N,MELB_URBAN,FREEWAY,2,5.0
60041,5,4,99,5,1,60.0,0,N,TOWNS,ROAD,2,14.0
60042,1,4,99,5,1,50.0,0,N,MELB_URBAN,STREET,2,12.0
60043,1,5,130,1,1,80.0,0,I,MELB_URBAN,ROAD,2,18.0
60044,6,4,174,1,1,60.0,0,I,MELB_URBAN,ROAD,2,13.0
60045,1,3,120,5,1,110.0,0,N,RURAL_VICTORIA,HIGHWAY,2,14.0
60046,1,3,121,1,1,60.0,0,I,MELB_URBAN,ROAD,2,8.0
60047,1,5,160,5,1,60.0,0,N,LARGE_PROVINCIAL_CITIES,ROAD,1,11.0
60048,2,3,99,1,1,50.0,0,O,MELB_URBAN,UNKNOWN,2,15.0
60049,1,4,120,5,1,60.0,0,N,MELB_URBAN,ROAD,2,16.0
60050,1,4,130,1,1,60.0,0,I,MELB_URBAN,HIGHWAY,2,17.0
60051,1,4,130,5,1,80.0,0,N,MELB_URBAN,OTHER,2,12.0
60052,1,1,121,2,1,50.0,0,I,MELB_URBAN,STREET,10,7.0
60053,1,2,130,5,3,60.0,0,N,MELB_URBAN,UNKNOWN,2,21.0
60054,8,1,170,5,1,60.0,0,N,RURAL_VICTORIA,ROAD,2,16.0
60055,1,0,130,1,1,60.0,0,I,LARGE_PROVINCIAL_CITIES,STREET,12,10.0
60056,8,4,99,5,1,100.0,0,N,RURAL_VICTORIA,ROAD,2,15.0
60057,1,4,110,1,1,60.0,0,I,LARGE_PROVINCIAL_CITIES,ROAD,2,17.0
60058,1,4,140,1,1,60.0,0,I,MELB_URBAN,ROAD,2,17.0
60059,1,6,132,5,1,60.0,0,N,MELB_URBAN,ROAD,2,18.0
60060,8,4,99,1,1,50.0,0,I,MELBOURNE_CBD,STREET,2,7.0
60061,1,4,135,5,1,80.0,0,N,LARGE_PROVINCIAL_CITIES,HIGHWAY,2,18.0
60062,1,7,130,5,9,60.0,0,N,MELB_URBAN,DRIVE,1,12.0
60063,2,4,100,2,1,60.0,0,I,MELB_URBAN,ROAD,2,18.0
60064,1,4,99,2,1,60.0,0,I,SMALL_CITIES,ROAD,2,18.0
60065,1,4,113,2,1,60.0,0,I,MELB_URBAN,ROAD,2,19.0
60066,4,4,173,5,1,100.0,0,N,RURAL_VICTORIA,ROAD,2,17.0
60067,1,4,147,5,1,70.0,0,N,MELB_URBAN,ROAD,2,17.0
60068,1,4,99,5,1,40.0,0,N,MELB_URBAN,DRIVE,2,15.0
60069,1,4,130,5,1,50.0,1,N,MELB_URBAN,RAMP,2,16.0
60070,4,4,171,5,2,100.0,0,N,TOWNS,HIGHWAY,2,19.0
60071,1,4,113,2,1,100.0,0,I,RURAL_VICTORIA,FREEWAY,2,16.0
60072,1,5,130,5,1,60.0,0,N,MELB_URBAN,ROAD,2,14.0
60073,1,4,110,1,1,60.0,0,I,MELB_URBAN,ROAD,2,16.0
60074,1,4,110,1,3,60.0,0,I,MELB_URBAN,ROAD,2,6.0
60075,1,3,121,1,3,80.0,0,I,MELB_URBAN,ROAD,2,22.0
60076,1,4,160,5,3,60.0,0,N,MELB_URBAN,ROAD,2,23.0
60077,1,6,130,2,1,40.0,0,N,MELB_URBAN,ROAD,12,16.0
60078,4,5,171,2,3,70.0,0,I,MELB_URBAN,AVENUE,2,3.0
60079,4,5,171,5,3,60.0,0,N,MELB_URBAN,ROAD,2,2.0
60080,1,4,121,1,3,60.0,0,I,SMALL_CITIES,HIGHWAY,2,20.0
60081,1,4,110,1,1,100.0,0,I,RURAL_VICTORIA,ROAD,2,16.0
60082,1,5,130,5,9,100.0,0,N,MELB_URBAN,FREEWAY,2,6.0
60083,4,5,171,5,5,100.0,0,N,RURAL_VICTORIA,HIGHWAY,1,23.0
60084,1,3,99,1,2,60.0,0,I,MELB_URBAN,STREET,2,18.0
60085,4,3,173,5,1,100.0,0,N,RURAL_VICTORIA,ROAD,2,19.0
60086,1,4,121,1,1,60.0,0,I,MELB_URBAN,STREET,2,9.0
60087,8,4,99,5,1,100.0,0,N,RURAL_VICTORIA,HIGHWAY,2,17.0
60088,1,3,110,1,3,60.0,0,I,MELB_URBAN,ROAD,2,22.0
60089,1,5,130,5,1,50.0,0,N,MELB_URBAN,AVENUE,2,11.0
60090,1,5,121,1,1,60.0,0,I,MELB_URBAN,ROAD,2,9.0
60091,1,5,110,1,1,40.0,0,I,SMALL_CITIES,STREET,2,8.0
60092,1,7,121,2,1,60.0,0,I,MELB_URBAN,HIGHWAY,2,13.0
60093,1,5,113,1,1,60.0,0,I,LARGE_PROVINCIAL_CITIES,STREET,2,11.0
60094,8,6,174,5,1,60.0,0,N,MELB_URBAN,STREET,1,8.0
60095,1,4,110,1,3,60.0,0,I,LARGE_PROVINCIAL_CITIES,ROAD,2,20.0
60096,1,5,140,5,1,60.0,0,N,MELB_URBAN,STREET,2,11.0
60097,3,4,167,1,1,100.0,0,I,RURAL_VICTORIA,HIGHWAY,2,6.0
60098,1,3,160,5,1,40.0,0,N,RURAL_VICTORIA,OTHER,2,15.0
60099,8,6,99,5,1,100.0,0,N,RURAL_VICTORIA,HIGHWAY,1,11.0
60100,6,7,184,5,1,50.0,0,N,SMALL_CITIES,STREET,2,14.0
60101,1,5,121,2,1,60.0,0,I,LARGE_PROVINCIAL_CITIES,ROAD,2,8.0
60102,1,5,130,5,1,110.0,0,N,RURAL_VICTORIA,FREEWAY,2,7.0
60103,1,5,147,5,1,60.0,0,N,MELB_URBAN,AVENUE,2,13.0
60104,4,6,173,5,1,60.0,0,N,RURAL_VICTORIA,ROAD,2,15.0
60105,1,4,130,1,1,60.0,0,I,LARGE_PROVINCIAL_CITIES,STREET,2,12.0
60106,1,4,113,2,1,50.0,0,I,MELB_URBAN,ROAD,2,8.0
60107,4,4,171,5,1,110.0,0,N,RURAL_VICTORIA,FREEWAY,2,9.0
60108,2,5,99,1,1,50.0,0,I,TOWNS,HIGHWAY,2,13.0
60109,1,5,130,5,1,70.0,0,N,LARGE_PROVINCIAL_CITIES,HIGHWAY,2,8.0
60110,4,4,171,5,1,50.0,0,N,MELB_URBAN,STREET,2,14.0
60111,2,3,99,5,1,60.0,0,N,MELB_URBAN,ROAD,2,8.0
60112,8,1,99,5,1,100.0,0,N,RURAL_VICTORIA,ROAD,2,14.0
60113,4,5,183,5,1,100.0,1,N,RURAL_VICTORIA,ROAD,2,12.0
60114,1,2,130,2,1,60.0,0,I,MELB_URBAN,ROAD,2,17.0
60115,1,5,120,5,1,100.0,0,N,RURAL_VICTORIA,ROAD,2,15.0
60116,2,6,99,5,2,60.0,0,N,RURAL_VICTORIA,ROAD,2,19.0
60117,1,5,99,4,1,50.0,0,I,MELB_URBAN,ROAD,2,15.0
60118,1,4,120,5,1,60.0,0,N,MELB_URBAN,ROAD,2,11.0
60119,1,5,113,2,1,60.0,0,I,SMALL_CITIES,DRIVE,2,16.0
60120,1,4,110,1,1,60.0,0,I,MELB_URBAN,ROAD,2,15.0
60121,1,4,160,5,1,60.0,0,N,MELB_URBAN,ROAD,2,16.0
60122,1,5,116,1,1,80.0,0,I,RURAL_VICTORIA,STREET,2,16.0
60123,1,7,147,5,1,80.0,0,N,RURAL_VICTORIA,ROAD,1,14.0
60124,1,5,121,2,1,70.0,0,I,MELB_URBAN,ROAD,2,18.0
60125,1,5,116,1,1,70.0,0,I,MELB_URBAN,HIGHWAY,2,16.0
60126,1,5,130,5,1,80.0,0,N,MELB_URBAN,HIGHWAY,2,18.0
60127,1,4,99,1,1,70.0,0,I,MELB_URBAN,STREET,2,16.0
60128,1,5,113,2,3,60.0,0,I,MELB_URBAN,ROAD,2,19.0
60129,1,1,130,1,1,50.0,0,N,SMALL_CITIES,STREET,2,17.0
60130,1,4,140,5,1,50.0,0,N,MELB_URBAN,OTHER,2,16.0
60131,1,1,99,5,1,60.0,0,N,MELB_URBAN,UNKNOWN,2,15.0
60132,8,5,170,5,2,60.0,0,N,MELB_URBAN,ROAD,2,19.0
60133,1,5,130,5,1,60.0,0,N,MELB_URBAN,BOULEVARD,2,18.0
60134,1,4,121,1,1,60.0,0,I,MELB_URBAN,ROAD,2,18.0
60135,4,5,173,5,3,60.0,1,N,MELB_URBAN,ROAD,2,20.0
60136,4,5,173,5,3,50.0,0,N,MELB_URBAN,STREET,2,23.0
60137,4,6,183,5,5,100.0,1,N,RURAL_VICTORIA,ROAD,2,0.0
60138,1,5,132,1,1,70.0,0,I,LARGE_PROVINCIAL_CITIES,HIGHWAY,2,13.0
60139,4,6,173,5,2,80.0,0,I,MELB_URBAN,FREEWAY,2,5.0
60140,1,1,130,1,1,80.0,0,I,MELB_URBAN,HIGHWAY,2,15.0
60141,1,4,120,5,1,50.0,0,N,SMALL_CITIES,STREET,2,18.0
60142,1,5,130,2,1,60.0,0,I,RURAL_VICTORIA,ROAD,2,8.0
60143,1,6,121,2,2,60.0,0,I,MELB_URBAN,HIGHWAY,2,6.0
60144,1,2,130,5,3,60.0,0,N,MELB_URBAN,ROAD,2,21.0