,accident_type,day_of_week,dca_code,road_geometry,light_condition,speed_zone,severity,node_type,deg_urban_name,road_type,month,hour
60145,6,6,174,2,1,60.0,0,I,MELB_URBAN,STREET,2,8.0
60146,1,1,130,4,1,50.0,0,I,LARGE_PROVINCIAL_CITIES,STREET,2,12.0
60147,1,6,99,5,1,100.0,0,N,RURAL_VICTORIA,ROAD,2,9.0
60148,1,3,130,5,1,80.0,0,N,MELB_URBAN,HIGHWAY,1,12.0
60149,6,5,174,5,1,50.0,0,N,MELB_URBAN,STREET,2,7.0
60150,8,5,170,5,1,100.0,0,N,RURAL_VICTORIA,ROAD,2,10.0
60151,5,5,181,5,1,100.0,0,N,RURAL_VICTORIA,HIGHWAY,2,11.0
60152,1,5,99,5,1,60.0,0,I,MELB_URBAN,ROAD,2,11.0
60153,1,5,110,1,1,50.0,0,I,MELB_URBAN,STREET,2,8.0
60154,1,5,160,5,3,50.0,0,N,MELB_URBAN,AVENUE,2,21.0
60155,1,5,121,2,1,60.0,0,I,MELB_URBAN,ROAD,2,10.0
60156,2,3,100,5,1,50.0,0,N,MELB_URBAN,STREET,2,8.0
60157,1,6,121,2,1,80.0,0,I,MELB_URBAN,HIGHWAY,2,13.0
60158,1,5,130,1,1,60.0,0,I,MELB_URBAN,OTHER,2,16.0
60159,4,5,171,5,1,50.0,0,N,MELB_URBAN,DRIVE,2,11.0
60160,8,6,174,5,1,60.0,0,N,MELB_URBAN,ROAD,2,11.0
60161,1,3,121,2,1,70.0,0,I,MELB_URBAN,ROAD,2,12.0
60162,1,3,130,2,1,80.0,0,I,RURAL_VICTORIA,ROAD,2,8.0
60163,4,6,173,5,1,60.0,0,N,MELB_URBAN,AVENUE,2,9.0
60164,5,6,99,5,1,110.0,0,N,RURAL_VICTORIA,FREEWAY,2,14.0
60165,1,2,130,1,1,80.0,0,I,MELB_URBAN,ROAD,2,14.0
60166,1,1,110,1,1,50.0,0,I,MELB_URBAN,STREET,2,13.0
60167,1,5,130,5,1,40.0,0,N,MELB_URBAN,ROAD,2,16.0
60168,2,6,99,5,1,50.0,0,N,MELB_URBAN,STREET,2,16.0
60169,1,6,121,5,1,60.0,0,N,MELB_URBAN,STREET,2,17.0
60170,1,5,110,1,1,50.0,0,I,LARGE_PROVINCIAL_CITIES,STREET,2,17.0
60171,1,6,121,2,1,100.0,0,N,MELB_URBAN,ROAD,2,17.0
60172,1,5,130,5,1,80.0,0,N,MELB_URBAN,ROAD,2,16.0
60173,1,5,147,5,1,50.0,0,N,MELB_URBAN,STREET,2,15.0
60174,4,6,181,5,5,60.0,0,N,SMALL_CITIES,ROAD,2,21.0
60175,2,6,99,5,3,50.0,0,N,MELB_URBAN,STREET,2,22.0
60176,4,6,173,5,5,100.0,0,N,RURAL_VICTORIA,ROAD,2,22.0
60177,1,6,121,1,3,60.0,0,I,MELB_URBAN,ROAD,2,23.0
60178,1,1,113,2,1,60.0,0,I,MELB_URBAN,HIGHWAY,2,17.0
60179,1,3,130,5,1,60.0,0,N,MELB_URBAN,ROAD,2,8.0
60180,1,6,130,5,3,60.0,0,N,MELB_URBAN,AVENUE,2,2.0
60181,6,6,99,5,5,60.0,1,N,RURAL_VICTORIA,ROAD,2,23.0
60182,1,7,99,5,1,50.0,0,N,MELB_URBAN,STREET,12,10.0
60183,4,6,171,5,1,100.0,0,N,RURAL_VICTORIA,DRIVE,2,12.0
60184,1,1,130,5,9,60.0,0,N,MELB_URBAN,ROAD,2,17.0
60185,4,6,171,5,1,70.0,0,N,MELB_URBAN,HIGHWAY,2,18.0
60186,2,2,100,5,1,40.0,0,N,TOWNS,OTHER,2,10.0
60187,4,7,181,5,1,100.0,0,N,RURAL_VICTORIA,ROAD,2,11.0
60188,1,7,110,1,1,60.0,0,I,SMALL_CITIES,ROAD,2,12.0
60189,4,7,171,5,1,50.0,0,N,LARGE_PROVINCIAL_CITIES,ROAD,2,9.0
60190,8,6,99,5,3,40.0,0,N,MELB_URBAN,HIGHWAY,2,21.0
60191,1,5,130,5,9,80.0,0,N,MELB_URBAN,HIGHWAY,2,7.0
60192,4,7,181,5,1,100.0,0,N,RURAL_VICTORIA,ROAD,2,9.0
60193,6,7,99,2,1,100.0,0,I,RURAL_VICTORIA,UNKNOWN,2,11.0
60194,1,7,130,5,1,80.0,0,I,MELB_URBAN,ROAD,2,12.0
60195,6,7,174,2,1,80.0,0,I,RURAL_VICTORIA,ROAD,2,12.0
60196,5,7,99,5,1,100.0,0,N,RURAL_VICTORIA,OTHER,2,13.0
60197,1,6,130,1,1,70.0,0,I,MELB_URBAN,ROAD,2,14.0
60198,1,7,99,5,1,100.0,0,N,RURAL_VICTORIA,ROAD,2,12.0
60199,1,7,130,5,1,100.0,0,N,RURAL_VICTORIA,ROAD,2,13.0
60200,1,2,130,5,1,70.0,0,I,MELB_URBAN,FREEWAY,2,15.0
60201,4,7,171,5,1,100.0,0,N,RURAL_VICTORIA,ROAD,2,13.0
60202,4,6,181,5,1,50.0,0,N,MELB_URBAN,ROAD,2,12.0
60203,1,7,130,5,1,60.0,0,N,SMALL_CITIES,ROAD,2,14.0
60204,6,7,174,5,1,100.0,0,N,RURAL_VICTORIA,ROAD,2,15.0
60205,1,4,130,5,1,60.0,0,N,MELB_URBAN,STREET,2,9.0
60206,1,7,135,2,1,70.0,0,I,MELB_URBAN,AVENUE,2,17.0
60207,4,7,183,5,1,80.0,0,N,RURAL_VICTORIA,ROAD,2,13.0
60208,1,7,130,2,1,60.0,0,I,MELB_URBAN,ROAD,2,17.0
60209,1,7,99,2,9,50.0,0,I,MELB_URBAN,ROAD,2,14.0
60210,1,7,121,2,1,60.0,0,I,MELB_URBAN,ROAD,2,17.0
60211,8,1,174,5,1,100.0,0,N,RURAL_VICTORIA,HIGHWAY,2,18.0
60212,2,7,100,5,1,60.0,0,N,MELB_URBAN,ROAD,2,17.0
60213,1,7,130,5,1,80.0,0,N,TOWNS,STREET,2,17.0
60214,1,7,99,2,1,50.0,0,I,MELB_URBAN,ROAD,2,18.0
60215,2,7,100,4,3,60.0,1,I,MELB_URBAN,ROAD,2,21.0
60216,4,6,173,1,1,50.0,0,I,MELB_URBAN,AVENUE,2,19.0
60217,4,7,171,5,3,80.0,1,N,MELB_URBAN,OTHER,2,23.0
60218,1,4,99,2,1,60.0,0,I,SMALL_CITIES,STREET,2,8.0
60219,8,7,174,5,1,60.0,0,N,RURAL_VICTORIA,OTHER,2,9.0
60220,4,1,173,5,3,70.0,0,N,MELB_URBAN,ROAD,2,5.0
60221,1,1,173,5,3,60.0,0,N,MELB_URBAN,ROAD,2,0.0
60222,4,1,181,5,3,60.0,0,N,MELB_URBAN,ROAD,2,3.0
60223,1,7,147,5,1,50.0,0,N,TOWNS,PARADE,2,14.0
60224,1,0,130,5,1,100.0,0,I,MELB_URBAN,FREEWAY,2,13.0
60225,2,6,100,5,1,50.0,0,N,TOWNS,ROAD,2,15.0
60226,1,6,121,1,1,80.0,0,I,MELB_URBAN,ROAD,2,17.0
60227,1,7,110,1,2,40.0,0,I,MELBOURNE_CBD,OTHER,2,17.0
60228,1,1,130,1,3,80.0,0,I,LARGE_PROVINCIAL_CITIES,HIGHWAY,2,6.0
60229,4,1,171,5,5,100.0,0,N,RURAL_VICTORIA,ROAD,2,2.0
60230,1,2,130,2,1,60.0,0,I,MELB_URBAN,OTHER,2,16.0
60231,4,0,181,5,1,60.0,0,N,MELB_URBAN,HIGHWAY,2,14.0
60232,3,6,167,5,2,100.0,0,N,RURAL_VICTORIA,ROAD,2,20.0
60233,6,1,99,1,1,100.0,0,N,RURAL_VICTORIA,ROAD,2,10.0
60234,6,1,174,2,1,100.0,0,I,RURAL_VICTORIA,ROAD,2,12.0
60235,1,5,130,5,1,60.0,0,N,MELB_URBAN,ROAD,2,15.0
60236,4,1,173,5,1,60.0,0,N,SMALL_CITIES,AVENUE,2,12.0
60237,2,5,100,5,1,40.0,0,N,LARGE_PROVINCIAL_CITIES,STREET,2,16.0
60238,4,0,173,5,1,60.0,0,N,RURAL_VICTORIA,OTHER,2,11.0
60239,1,1,121,2,1,50.0,0,I,MELB_URBAN,ROAD,2,12.0
60240,6,2,99,5,1,60.0,0,N,RURAL_VICTORIA,ROAD,2,13.0
60241,1,1,121,1,1,60.0,0,I,MELB_URBAN,ROAD,2,15.0
60242,1,1,163,5,1,60.0,0,N,MELB_URBAN,STREET,2,15.0
60243,1,1,130,2,1,60.0,0,I,MELB_URBAN,ROAD,2,13.0
60244,6,0,184,5,1,80.0,0,N,RURAL_VICTORIA,ROAD,2,14.0
60245,4,7,181,5,5,100.0,0,N,RURAL_VICTORIA,ROAD,2,23.0
60246,4,1,183,5,1,100.0,0,N,RURAL_VICTORIA,ROAD,2,14.0
60247,1,1,111,2,1,60.0,0,I,TOWNS,ROAD,2,16.0
60248,6,6,184,5,1,60.0,0,N,RURAL_VICTORIA,ROAD,2,14.0
60249,1,1,130,5,1,60.0,0,N,MELB_URBAN,ROAD,2,16.0
60250,1,6,132,1,1,60.0,0,I,MELB_URBAN,HIGHWAY,2,11.0
60251,1,1,111,2,1,60.0,0,I,SMALL_CITIES,ROAD,2,18.0
60252,6,0,170,5,1,80.0,0,N,SMALL_CITIES,HIGHWAY,2,17.0
60253,1,1,111,2,1,110.0,0,I,SMALL_TOWNS,FREEWAY,2,17.0
60254,4,1,171,2,1,60.0,0,I,MELB_URBAN,ROAD,2,14.0
60255,1,5,130,2,9,60.0,0,I,MELB_URBAN,ROAD,2,10.0
60256,1,1,113,2,1,60.0,0,I,MELB_URBAN,ROAD,2,15.0
60257,1,1,113,2,1,80.0,0,I,MELB_URBAN,ROAD,2,17.0
60258,1,1,110,1,1,80.0,0,I,RURAL_VICTORIA,ROAD,2,16.0
60259,1,7,99,2,1,50.0,0,I,MELB_URBAN,ROAD,2,17.0
60260,1,1,120,5,1,60.0,0,N,MELB_URBAN,ROAD,2,17.0
60261,4,1,173,5,1,50.0,0,N,SMALL_CITIES,OTHER,2,14.0
60262,4,4,171,2,1,50.0,0,N,MELB_URBAN,STREET,1,17.0
60263,6,1,170,5,3,70.0,0,N,MELB_URBAN,ROAD,2,6.0
60264,4,0,183,5,5,80.0,0,N,MELB_URBAN,ROAD,2,22.0
60265,1,2,130,5,1,60.0,0,N,MELB_URBAN,ROAD,2,16.0
60266,1,2,135,5,1,100.0,0,N,MELB_URBAN,UNKNOWN,2,7.0
60267,4,5,171,5,1,80.0,0,N,RURAL_VICTORIA,AVENUE,2,16.0
60268,1,5,111,2,1,70.0,0,I,MELB_URBAN,ROAD,2,15.0
60269,1,2,130,5,1,80.0,0,N,MELB_URBAN,ROAD,2,9.0
60270,1,2,99,2,1,60.0,0,I,MELB_URBAN,ROAD,2,9.0
60271,4,2,183,5,1,100.0,0,N,RURAL_VICTORIA,HIGHWAY,2,7.0
60272,1,1,130,5,1,50.0,0,N,MELB_URBAN,ROAD,2,17.0
60273,1,1,132,1,1,60.0,0,I,TOWNS,STREET,2,9.0
60274,1,1,130,2,1,70.0,0,I,MELB_URBAN,ROAD,1,19.0
60275,1,2,130,2,1,60.0,0,I,MELB_URBAN,ROAD,2,7.0
60276,1,1,130,5,1,80.0,0,N,LARGE_PROVINCIAL_CITIES,HIGHWAY,2,8.0
60277,1,2,121,2,1,60.0,0,I,LARGE_PROVINCIAL_CITIES,STREET,2,12.0
60278,4,2,173,5,1,100.0,0,N,MELB_URBAN,ROAD,2,8.0
60279,1,2,110,1,1,70.0,0,I,MELB_URBAN,ROAD,2,12.0
60280,1,2,99,5,1,60.0,0,N,MELB_URBAN,PARADE,2,6.0
60281,1,1,110,4,1,60.0,0,I,LARGE_PROVINCIAL_CITIES,ROAD,2,10.0
60282,1,1,134,1,1,80.0,0,I,MELB_URBAN,STREET,2,13.0
60283,1,2,113,2,1,50.0,0,I,MELB_URBAN,ROAD,2,13.0
60284,1,1,110,1,1,60.0,0,I,MELB_URBAN,ROAD,2,8.0
60285,4,2,181,5,1,80.0,0,N,MELB_URBAN,ROAD,2,9.0
60286,1,6,121,1,1,60.0,0,I,MELB_URBAN,ROAD,2,18.0
60287,6,6,174,5,2,60.0,0,N,MELB_URBAN,ROAD,2,20.0
60288,1,4,130,5,1,80.0,0,N,MELB_URBAN,ROAD,11,15.0
60289,1,3,130,5,1,80.0,0,I,RURAL_VICTORIA,ROAD,1,18.0
60290,4,5,181,5,1,100.0,0,N,RURAL_VICTORIA,HIGHWAY,1,15.0
60291,1,2,121,1,1,40.0,0,I,MELB_URBAN,STREET,2,15.0
60292,1,7,121,5,1,50.0,0,N,TOWNS,AVENUE,2,12.0
60293,8,6,184,5,1,100.0,0,N,RURAL_VICTORIA,ROAD,1,11.0
60294,1,2,99,2,1,60.0,0,I,MELB_URBAN,ROAD,2,16.0
60295,1,1,110,1,1,60.0,0,I,SMALL_TOWNS,ROAD,2,16.0
60296,8,7,174,1,1,30.0,0,I,MELB_URBAN,ROAD,2,16.0
60297,1,6,130,2,1,50.0,0,I,MELB_URBAN,AVENUE,2,15.0
60298,1,2,134,5,1,100.0,0,N,MELB_URBAN,FREEWAY,2,15.0
60299,1,3,130,2,1,70.0,0,I,MELB_URBAN,ROAD,2,12.0
60300,4,2,171,2,1,60.0,0,I,MELB_URBAN,AVENUE,2,16.0
60301,1,1,121,1,1,60.0,0,I,MELB_URBAN,ROAD,2,15.0
60302,6,2,99,2,1,60.0,0,I,MELB_URBAN,ROAD,2,19.0
60303,1,2,130,1,1,50.0,0,I,MELB_URBAN,AVENUE,2,15.0
60304,4,2,171,2,1,70.0,0,I,SMALL_CITIES,HIGHWAY,2,18.0
60305,1,5,130,1,1,50.0,0,I,MELB_URBAN,AVENUE,2,18.0
60306,1,1,120,5,2,50.0,0,N,MELB_URBAN,ROAD,2,19.0
60307,1,1,133,5,1,40.0,0,N,MELB_URBAN,STREET,2,15.0
60308,1,1,110,1,1,50.0,0,I,SMALL_CITIES,STREET,2,18.0
60309,4,2,173,5,2,100.0,0,N,RURAL_VICTORIA,ROAD,2,19.0
60310,4,2,173,5,1,60.0,0,N,SMALL_TOWNS,HIGHWAY,2,18.0
60311,4,2,171,2,3,80.0,0,I,MELB_URBAN,ROAD,2,4.0
60312,1,1,99,2,1,50.0,0,I,MELB_URBAN,OTHER,2,16.0
60313,1,2,160,5,3,60.0,0,N,MELB_URBAN,ROAD,3,4.0
60314,8,1,174,5,3,50.0,0,N,MELB_URBAN,STREET,2,21.0
60315,1,2,99,1,1,60.0,0,I,MELB_URBAN,AVENUE,2,12.0
60316,1,6,110,1,1,60.0,0,I,MELB_URBAN,STREET,5,8.0
60317,1,0,99,5,1,70.0,0,N,MELB_URBAN,ROAD,2,18.0
60318,1,2,110,1,1,60.0,0,I,LARGE_PROVINCIAL_CITIES,STREET,3,9.0
60319,1,3,121,2,1,60.0,0,I,MELB_URBAN,ROAD,3,8.0
60320,1,4,130,2,1,60.0,0,I,MELB_URBAN,ROAD,2,16.0
60321,4,1,171,2,1,100.0,0,I,RURAL_VICTORIA,ROAD,2,17.0
60322,1,3,116,2,1,40.0,0,I,MELB_URBAN,ROAD,3,8.0
60323,1,3,113,2,1,100.0,0,I,RURAL_VICTORIA,OTHER,3,9.0
60324,1,2,130,5,1,50.0,0,N,MELB_URBAN,HIGHWAY,2,10.0
60325,1,1,133,5,2,110.0,0,N,SMALL_CITIES,FREEWAY,2,6.0
60326,2,1,100,1,2,50.0,0,I,MELB_URBAN,STREET,5,18.0
60327,1,3,133,5,1,50.0,0,N,MELB_URBAN,STREET,3,10.0
60328,1,2,130,5,1,50.0,0,N,MELB_URBAN,ROAD,2,12.0
60329,2,3,99,5,1,50.0,0,N,MELB_URBAN,ROAD,3,8.0
60330,1,3,130,5,1,100.0,0,N,MELB_URBAN,RAMP,3,9.0
60331,1,1,130,5,1,50.0,0,N,MELB_URBAN,ROAD,2,13.0
60332,1,2,113,1,9,50.0,0,I,RURAL_VICTORIA,ROAD,3,11.0
60333,4,1,171,1,2,60.0,0,I,LARGE_PROVINCIAL_CITIES,PARADE,2,7.0
60334,1,6,147,5,1,60.0,0,N,MELB_URBAN,STREET,2,19.0
60335,6,2,170,5,1,60.0,0,N,TOWNS,ROAD,3,8.0
60336,1,2,130,2,1,60.0,0,N,MELB_URBAN,ROAD,2,17.0
60337,6,3,184,5,1,100.0,0,N,RURAL_VICTORIA,ROAD,3,12.0
60338,1,3,130,5,1,70.0,0,N,MELB_URBAN,ROAD,2,7.0
60339,1,2,121,5,1,60.0,0,N,MELB_URBAN,ROAD,3,13.0
60340,1,2,99,1,1,60.0,0,I,MELB_URBAN,ROAD,3,13.0
60341,1,3,130,5,1,80.0,0,N,MELB_URBAN,FREEWAY,3,13.0
60342,1,2,130,5,1,80.0,0,N,MELB_URBAN,ROAD,2,18.0
60343,1,3,110,1,1,50.0,0,I,MELB_URBAN,STREET,3,13.0
60344,2,6,99,2,1,50.0,0,I,MELB_URBAN,STREET,2,12.0
60345,3,7,167,5,5,100.0,0,N,RURAL_VICTORIA,HIGHWAY,1,22.0
60346,1,6,113,2,1,50.0,0,I,TOWNS,HIGHWAY,2,15.0
60347,6,3,174,1,1,60.0,0,I,SMALL_TOWNS,HIGHWAY,3,15.0
60348,4,3,181,5,1,100.0,0,N,RURAL_VICTORIA,ROAD,3,13.0
60349,1,1,121,1,1,80.0,0,I,MELB_URBAN,ROAD,2,17.0
60350,1,3,160,5,1,60.0,0,N,MELB_URBAN,ROAD,3,15.0
60351,1,2,133,5,1,80.0,0,N,MELB_URBAN,FREEWAY,3,12.0
60352,1,3,130,1,1,70.0,0,I,MELB_URBAN,ROAD,3,14.0
60353,1,6,121,1,3,70.0,0,I,MELB_URBAN,ROAD,2,0.0
60354,4,3,171,5,1,100.0,0,N,RURAL_VICTORIA,ROAD,3,15.0
60355,2,3,99,5,3,50.0,0,N,MELB_URBAN,STREET,3,5.0
60356,1,3,135,2,1,80.0,0,N,MELB_URBAN,ROAD,3,8.0
60357,1,2,130,5,1,100.0,0,N,MELB_URBAN,FREEWAY,3,18.0
60358,1,3,110,1,1,50.0,0,I,MELB_URBAN,STREET,3,17.0
60359,4,2,173,5,1,100.0,0,N,RURAL_VICTORIA,ROAD,3,17.0
60360,1,1,113,1,1,60.0,0,I,MELB_URBAN,ROAD,11,19.0
60361,1,3,99,4,3,60.0,0,I,MELB_URBAN,STREET,3,19.0
60362,2,2,99,5,2,50.0,0,N,MELB_URBAN,ROAD,3,19.0
60363,1,3,147,2,9,60.0,0,I,MELB_URBAN,ROAD,3,18.0
60364,1,2,121,1,1,60.0,0,I,MELB_URBAN,ROAD,3,17.0
60365,1,3,130,2,1,60.0,0,I,MELB_URBAN,ROAD,3,17.0
60366,1,3,140,5,1,60.0,0,N,MELB_URBAN,ROAD,3,16.0
60367,1,3,99,5,1,40.0,0,N,SMALL_CITIES,STREET,3,15.0
60368,1,3,140,5,1,70.0,0,N,MELB_URBAN,ROAD,3,15.0
60369,1,3,163,5,1,60.0,0,N,MELB_URBAN,STREET,2,8.0
60370,1,3,130,5,1,100.0,0,N,MELB_URBAN,FREEWAY,3,16.0
60371,4,3,99,2,2,50.0,0,I,MELB_URBAN,DRIVE,3,20.0
60372,1,3,130,5,1,70.0,0,N,MELB_URBAN,ROAD,3,18.0
60373,4,3,171,5,3,80.0,0,N,MELB_URBAN,AVENUE,3,22.0
60374,1,3,120,5,5,60.0,0,N,MELB_URBAN,BOULEVARD,3,22.0
60375,1,2,121,1,2,60.0,0,I,MELB_URBAN,STREET,3,6.0
60376,1,4,110,1,3,60.0,0,I,MELB_URBAN,ROAD,3,4.0
60377,1,4,120,5,1,70.0,0,N,RURAL_VICTORIA,ROAD,2,13.0
60378,1,3,110,1,1,50.0,0,I,LARGE_PROVINCIAL_CITIES,STREET,3,13.0
60379,6,3,174,5,1,100.0,0,N,RURAL_VICTORIA,HIGHWAY,3,12.0
60380,6,7,174,5,1,100.0,0,N,RURAL_VICTORIA,ROAD,2,16.0
60381,1,4,116,2,1,50.0,0,I,RURAL_VICTORIA,STREET,3,8.0
60382,1,2,163,5,1,40.0,0,N,MELB_URBAN,STREET,2,17.0
60383,1,1,130,5,2,100.0,0,N,MELB_URBAN,FREEWAY,2,6.0
60384,1,3,116,2,1,60.0,0,I,RURAL_VICTORIA,ROAD,3,7.0
60385,1,2,147,5,1,50.0,0,N,MELB_URBAN,AVENUE,3,17.0
60386,1,4,121,2,1,70.0,0,I,RURAL_VICTORIA,ROAD,3,9.0
60387,1,4,130,5,1,80.0,0,N,RURAL_VICTORIA,ROAD,3,9.0
60388,1,1,99,5,1,50.0,0,N,MELB_URBAN,ROAD,2,18.0
60389,1,1,99,5,1,50.0,0,N,MELB_URBAN,STREET,2,11.0
60390,2,0,100,5,6,50.0,0,N,SMALL_CITIES,AVENUE,2,1.0
60391,1,4,147,5,1,100.0,0,I,RURAL_VICTORIA,HIGHWAY,3,7.0
60392,1,4,130,5,1,80.0,0,N,MELB_URBAN,RAMP,3,9.0
60393,6,4,99,5,1,110.0,0,N,RURAL_VICTORIA,FREEWAY,3,10.0
60394,1,4,130,5,1,100.0,0,N,MELB_URBAN,ROAD,3,9.0
60395,1,4,160,5,2,50.0,0,N,MELB_URBAN,OTHER,3,7.0
60396,1,4,132,2,1,100.0,0,I,RURAL_VICTORIA,ROAD,3,9.0
60397,1,3,110,1,2,60.0,0,I,LARGE_PROVINCIAL_CITIES,STREET,10,6.0
60398,1,3,121,2,1,60.0,0,I,MELB_URBAN,ROAD,3,8.0
60399,1,2,130,1,9,50.0,0,I,LARGE_PROVINCIAL_CITIES,ROAD,2,17.0
60400,4,4,173,5,1,100.0,1,N,MELB_URBAN,FREEWAY,3,11.0
60401,1,3,130,5,1,60.0,0,N,MELB_URBAN,ROAD,3,9.0
60402,1,3,110,1,1,100.0,0,I,RURAL_VICTORIA,HIGHWAY,3,10.0
60403,6,1,174,5,1,60.0,0,N,RURAL_VICTORIA,OTHER,2,11.0
60404,1,2,130,2,1,100.0,0,I,RURAL_VICTORIA,ROAD,2,16.0
60405,7,2,99,2,1,60.0,0,I,MELB_URBAN,ROAD,2,17.0
60406,8,1,99,5,9,60.0,0,N,RURAL_VICTORIA,ROAD,12,12.0
60407,3,2,167,2,5,100.0,0,I,RURAL_VICTORIA,HIGHWAY,2,22.0
60408,1,4,140,5,1,60.0,0,N,SMALL_CITIES,ROAD,3,14.0
60409,5,4,99,5,5,100.0,0,N,RURAL_VICTORIA,HIGHWAY,2,5.0
60410,1,4,130,2,1,60.0,0,I,MELB_URBAN,ROAD,3,15.0
60411,1,3,121,4,1,60.0,0,N,MELB_URBAN,ROAD,3,11.0
60412,1,4,113,2,1,70.0,0,I,SMALL_CITIES,STREET,3,17.0
60413,1,4,99,1,5,40.0,0,I,MELB_URBAN,STREET,3,18.0
60414,1,4,113,2,1,60.0,0,I,MELB_URBAN,BOULEVARD,3,18.0
60415,1,4,110,1,1,80.0,0,I,RURAL_VICTORIA,HIGHWAY,3,10.0
60416,2,4,102,5,3,40.0,0,N,MELB_URBAN,STREET,3,20.0
60417,4,4,171,2,3,60.0,0,I,LARGE_PROVINCIAL_CITIES,STREET,3,21.0
60418,1,4,130,5,1,100.0,0,N,MELB_URBAN,FREEWAY,2,7.0
60419,1,4,160,5,3,60.0,0,N,SMALL_CITIES,AVENUE,3,21.0
60420,1,4,113,2,1,80.0,0,I,MELB_URBAN,ROAD,3,15.0
60421,2,4,102,5,3,50.0,0,N,SMALL_CITIES,DRIVE,3,22.0
60422,4,4,173,5,3,60.0,0,N,MELB_URBAN,ROAD,3,22.0
60423,6,4,174,1,3,80.0,0,N,MELB_URBAN,OTHER,3,22.0
60424,1,5,130,2,3,80.0,0,I,MELB_URBAN,HIGHWAY,3,1.0
60425,8,4,174,2,3,50.0,0,I,TOWNS,AVENUE,3,21.0
60426,2,0,99,5,1,60.0,0,UNKNOWN,UNKNOWN,UNKNOWN,1,17.0
60427,6,5,174,5,1,60.0,0,N,SMALL_CITIES,DRIVE,3,6.0
60428,1,4,110,1,1,60.0,0,I,MELB_URBAN,STREET,3,8.0
60429,1,4,110,1,1,80.0,0,I,MELB_URBAN,ROAD,3,13.0
60430,1,5,113,2,9,40.0,0,I,MELB_URBAN,STREET,3,8.0
60431,2,2,100,1,1,60.0,0,I,MELB_URBAN,ROAD,3,19.0
60432,1,1,121,2,1,60.0,0,N,MELB_URBAN,ROAD,2,16.0
60433,6,0,184,5,1,60.0,0,N,RURAL_VICTORIA,ROAD,2,10.0
60434,1,5,130,5,2,60.0,0,N,MELB_URBAN,ROAD,3,6.0
60435,1,6,130,2,1,60.0,0,I,MELB_URBAN,ROAD,1,10.0
60436,8,3,174,5,1,40.0,0,N,MELB_URBAN,ROAD,3,18.0
60437,1,5,135,2,3,70.0,0,I,MELB_URBAN,ROAD,3,6.0
60438,1,6,130,5,1,40.0,0,N,MELB_URBAN,STREET,2,8.0
60439,4,4,181,2,1,50.0,0,I,TOWNS,STREET,3,10.0
60440,2,4,99,5,1,50.0,0,N,LARGE_PROVINCIAL_CITIES,STREET,4,9.0
60441,1,5,121,1,1,60.0,0,N,MELB_URBAN,ROAD,3,11.0
60442,1,4,140,2,1,80.0,0,I,MELB_URBAN,ROAD,2,8.0
60443,1,4,130,5,2,70.0,0,N,MELB_URBAN,ROAD,7,18.0
60444,1,4,121,2,1,60.0,0,I,MELB_URBAN,ROAD,3,16.0
60445,4,5,171,5,1,100.0,0,N,MELB_URBAN,UNKNOWN,3,12.0
60446,1,5,134,1,1,80.0,0,I,MELB_URBAN,ROAD,3,8.0
60447,8,1,174,1,1,60.0,0,N,LARGE_PROVINCIAL_CITIES,OTHER,2,12.0
60448,1,4,130,5,1,70.0,0,N,LARGE_PROVINCIAL_CITIES,HIGHWAY,2,16.0
60449,1,5,111,1,1,60.0,0,I,MELB_URBAN,ROAD,3,14.0
60450,1,3,121,2,1,50.0,0,I,MELB_URBAN,ROAD,3,17.0
60451,1,5,160,5,1,60.0,0,N,MELB_URBAN,ROAD,3,16.0
60452,1,5,135,1,1,60.0,0,N,MELB_URBAN,STREET,3,17.0
60453,1,3,134,5,1,100.0,0,N,MELB_URBAN,RAMP,2,12.0
60454,8,4,99,4,1,60.0,0,I,MELB_URBAN,RAMP,3,16.0
60455,1,5,130,2,1,60.0,0,I,MELB_URBAN,ROAD,3,17.0
60456,2,5,99,5,1,60.0,1,N,MELB_URBAN,OTHER,3,15.0
60457,1,5,121,5,1,40.0,0,N,MELB_URBAN,STREET,3,18.0
60458,6,6,184,5,1,60.0,0,N,RURAL_VICTORIA,ROAD,2,15.0
60459,1,5,130,5,1,100.0,0,N,MELB_URBAN,FREEWAY,3,17.0
60460,1,5,99,5,1,60.0,0,N,MELB_URBAN,ROAD,3,15.0
60461,2,5,102,4,1,40.0,0,I,MELB_URBAN,STREET,3,17.0
60462,2,5,100,2,1,70.0,0,N,MELB_URBAN,ROAD,3,16.0
60463,1,5,130,1,1,80.0,0,I,MELB_URBAN,OTHER,3,16.0
60464,1,5,130,5,1,100.0,0,N,MELB_URBAN,FREEWAY,3,17.0
60465,1,4,130,5,3,100.0,0,N,MELB_URBAN,ROAD,3,6.0
60466,1,5,121,5,1,80.0,0,N,MELB_URBAN,ROAD,3,17.0
60467,1,5,116,1,1,80.0,0,UNKNOWN,UNKNOWN,UNKNOWN,3,19.0
60468,1,5,120,5,1,100.0,1,N,RURAL_VICTORIA,ROAD,3,16.0
60469,4,5,99,2,1,50.0,0,N,MELB_URBAN,ROAD,3,19.0
60470,1,4,130,5,3,60.0,0,N,MELB_URBAN,ROAD,3,2.0
60471,1,5,120,5,1,100.0,1,N,RURAL_VICTORIA,ROAD,3,17.0
60472,1,6,183,5,3,50.0,0,N,MELB_URBAN,PARADE,3,2.0
60473,1,0,121,2,3,50.0,0,I,MELB_URBAN,STREET,2,21.0
60474,1,3,130,5,9,60.0,0,N,SMALL_CITIES,STREET,5,18.0
60475,1,5,121,2,1,60.0,0,I,TOWNS,ROAD,3,12.0
60476,1,6,110,1,1,70.0,0,I,MELB_URBAN,ROAD,3,7.0
60477,4,6,183,5,1,110.0,0,N,RURAL_VICTORIA,RAMP,1,15.0