,accident_type,day_of_week,dca_code,road_geometry,light_condition,speed_zone,severity,node_type,deg_urban_name,road_type,month,hour
60478,1,6,121,1,1,50.0,0,I,MELB_URBAN,STREET,3,8.0
60479,6,5,174,5,1,50.0,0,N,SMALL_CITIES,BOULEVARD,3,8.0
60480,1,5,130,5,1,80.0,0,O,MELB_URBAN,UNKNOWN,3,8.0
60481,1,5,110,1,1,50.0,0,I,MELB_URBAN,STREET,3,9.0
60482,1,4,130,5,1,70.0,0,N,LARGE_PROVINCIAL_CITIES,HIGHWAY,2,8.0
60483,4,5,173,5,5,100.0,0,N,RURAL_VICTORIA,OTHER,3,20.0
60484,1,6,130,5,1,60.0,0,N,MELB_URBAN,ROAD,3,9.0
60485,1,6,160,5,2,80.0,0,N,SMALL_CITIES,STREET,3,7.0
60486,1,5,135,5,1,80.0,0,N,MELB_URBAN,ROAD,3,8.0
60487,2,6,100,4,2,50.0,0,I,MELB_URBAN,ROAD,3,7.0
60488,1,6,130,5,1,100.0,0,N,RURAL_VICTORIA,ROAD,3,7.0
60489,1,6,99,2,1,60.0,0,I,MELB_URBAN,ROAD,3,10.0
60490,6,5,174,1,2,80.0,0,N,MELB_URBAN,ROAD,11,7.0
60491,6,2,184,5,1,60.0,0,N,RURAL_VICTORIA,ROAD,3,10.0
60492,1,6,110,1,1,100.0,0,I,RURAL_VICTORIA,ROAD,3,10.0
60493,4,5,173,5,1,50.0,0,N,MELB_URBAN,ROAD,1,10.0
60494,8,6,184,5,1,60.0,0,N,RURAL_VICTORIA,ROAD,3,10.0
60495,1,4,130,2,1,60.0,0,I,MELB_URBAN,AVENUE,2,16.0
60496,1,4,110,1,3,50.0,0,I,SMALL_CITIES,STREET,3,20.0
60497,1,4,121,2,1,60.0,0,I,LARGE_PROVINCIAL_CITIES,ROAD,3,16.0
60498,1,6,121,2,1,60.0,0,I,MELB_URBAN,ROAD,3,12.0
60499,1,5,121,2,1,60.0,0,I,MELB_URBAN,ROAD,3,12.0
60500,8,4,174,1,1,40.0,0,I,MELB_URBAN,STREET,3,18.0
60501,3,6,167,5,1,80.0,0,N,RURAL_VICTORIA,ROAD,3,13.0
60502,1,6,113,2,1,80.0,0,I,RURAL_VICTORIA,ROAD,3,9.0
60503,8,2,174,5,9,60.0,0,N,MELB_URBAN,STREET,3,16.0
60504,8,6,99,5,1,80.0,0,N,RURAL_VICTORIA,ROAD,3,11.0
60505,1,6,111,2,1,60.0,0,I,MELB_URBAN,ROAD,3,8.0
60506,1,5,99,1,1,100.0,0,I,RURAL_VICTORIA,ROAD,3,18.0
60507,3,1,167,5,1,100.0,0,N,RURAL_VICTORIA,ROAD,2,11.0
60508,4,6,183,5,1,80.0,0,N,MELB_URBAN,RAMP,3,15.0
60509,1,5,113,2,1,60.0,0,I,LARGE_PROVINCIAL_CITIES,STREET,3,18.0
60510,1,6,111,1,1,50.0,0,I,MELB_URBAN,STREET,3,13.0
60511,1,5,113,1,1,60.0,0,I,MELB_URBAN,STREET,3,15.0
60512,1,5,140,5,1,50.0,0,N,MELB_URBAN,STREET,3,18.0
60513,1,6,110,1,1,50.0,0,I,MELB_URBAN,ROAD,3,14.0
60514,1,5,120,5,1,100.0,0,N,RURAL_VICTORIA,HIGHWAY,3,15.0
60515,1,6,110,1,1,60.0,0,I,MELB_URBAN,PARADE,3,16.0
60516,2,5,100,5,1,40.0,0,N,MELB_URBAN,ROAD,3,12.0
60517,1,6,130,1,1,60.0,0,I,LARGE_PROVINCIAL_CITIES,STREET,3,16.0
60518,4,6,173,5,1,110.0,0,N,RURAL_VICTORIA,FREEWAY,3,17.0
60519,4,6,181,5,1,100.0,0,N,RURAL_VICTORIA,ROAD,3,18.0
60520,1,6,130,5,1,70.0,0,N,MELB_URBAN,ROAD,3,17.0
60521,1,6,121,4,3,60.0,0,I,MELB_URBAN,ROAD,3,20.0
60522,1,6,110,1,3,60.0,0,I,SMALL_CITIES,STREET,3,20.0
60523,1,6,99,2,1,110.0,0,I,RURAL_VICTORIA,HIGHWAY,3,19.0
60524,4,6,171,2,5,80.0,0,N,MELB_URBAN,HIGHWAY,3,21.0
60525,4,5,173,5,6,60.0,0,N,MELB_URBAN,STREET,3,21.0
60526,4,6,171,5,5,80.0,0,N,RURAL_VICTORIA,ROAD,3,0.0
60527,1,6,173,5,3,60.0,0,N,MELB_URBAN,ROAD,3,23.0
60528,1,7,99,5,3,60.0,0,N,MELB_URBAN,ROAD,3,4.0
60529,4,7,173,5,5,100.0,0,N,RURAL_VICTORIA,HIGHWAY,3,2.0
60530,4,7,183,5,3,80.0,0,N,MELB_URBAN,OTHER,3,4.0
60531,1,6,121,4,1,50.0,0,I,MELB_URBAN,ROAD,3,14.0
60532,8,7,174,5,3,60.0,0,N,MELB_URBAN,DRIVE,2,1.0
60533,1,0,113,1,1,80.0,0,I,MELB_URBAN,HIGHWAY,2,16.0
60534,1,6,121,2,1,50.0,0,I,MELB_URBAN,ROAD,3,9.0
60535,6,7,174,2,1,100.0,0,N,RURAL_VICTORIA,ROAD,3,9.0
60536,1,6,110,1,1,100.0,0,I,RURAL_VICTORIA,ROAD,3,8.0
60537,1,6,99,2,1,50.0,0,I,MELB_URBAN,ROAD,2,7.0
60538,2,7,100,2,1,60.0,0,I,MELB_URBAN,STREET,3,9.0
60539,1,7,173,5,1,50.0,0,N,MELB_URBAN,STREET,3,9.0
60540,1,7,121,5,1,40.0,0,N,MELB_URBAN,ROAD,3,12.0
60541,1,7,113,4,1,60.0,0,I,MELB_URBAN,ROAD,3,10.0
60542,1,5,99,2,1,50.0,0,I,TOWNS,AVENUE,3,13.0
60543,1,7,160,5,1,60.0,0,N,MELB_URBAN,ROAD,3,8.0
60544,4,7,181,5,1,100.0,0,N,RURAL_VICTORIA,HIGHWAY,3,13.0
60545,1,7,121,1,1,60.0,0,I,MELB_URBAN,BOULEVARD,3,13.0
60546,1,7,135,5,1,80.0,0,N,MELB_URBAN,ROAD,3,11.0
60547,4,7,171,5,1,110.0,1,N,SMALL_CITIES,FREEWAY,3,7.0
60548,1,7,134,5,1,30.0,0,N,MELBOURNE_CBD,STREET,3,13.0
60549,1,6,130,5,1,80.0,0,N,RURAL_VICTORIA,ROAD,3,12.0
60550,1,5,99,1,1,60.0,0,I,MELB_URBAN,OTHER,3,8.0
60551,1,6,120,5,5,70.0,1,N,MELB_URBAN,ROAD,3,19.0
60552,4,7,99,5,1,100.0,0,N,RURAL_VICTORIA,ROAD,10,13.0
60553,1,6,113,2,3,80.0,0,I,MELB_URBAN,ROAD,3,0.0
60554,4,7,181,5,1,100.0,0,N,RURAL_VICTORIA,ROAD,3,16.0
60555,1,1,130,2,1,60.0,0,I,MELB_URBAN,ROAD,2,17.0
60556,1,7,113,2,1,100.0,0,I,RURAL_VICTORIA,ROAD,3,14.0
60557,1,4,99,2,1,60.0,0,I,MELB_URBAN,ROAD,3,17.0
60558,1,7,163,5,1,60.0,0,N,MELB_URBAN,STREET,2,10.0
60559,4,7,171,5,1,100.0,0,N,MELB_URBAN,FREEWAY,3,17.0
60560,4,5,181,5,2,60.0,0,N,MELB_URBAN,DRIVE,3,20.0
60561,1,7,130,5,1,100.0,0,N,MELB_URBAN,FREEWAY,3,16.0
60562,4,7,181,5,1,60.0,0,N,RURAL_VICTORIA,ROAD,3,19.0
60563,6,6,184,5,1,50.0,0,N,SMALL_CITIES,OTHER,3,15.0
60564,1,7,99,5,3,60.0,0,N,MELB_URBAN,STREET,3,20.0
60565,1,2,99,1,1,70.0,0,N,MELB_URBAN,AVENUE,2,19.0
60566,4,7,171,5,3,80.0,0,N,SMALL_CITIES,HIGHWAY,3,23.0
60567,1,7,130,4,1,60.0,0,I,MELB_URBAN,ROAD,3,18.0
60568,4,7,181,5,3,60.0,0,N,MELB_URBAN,ROAD,3,23.0
60569,1,1,99,4,3,80.0,0,I,MELB_URBAN,RAMP,3,1.0
60570,2,1,99,5,3,70.0,0,N,MELB_URBAN,ROAD,3,3.0
60571,4,7,181,5,5,100.0,0,N,RURAL_VICTORIA,ROAD,3,1.0
60572,4,1,171,2,2,60.0,0,I,MELB_URBAN,ROAD,3,6.0
60573,1,5,130,5,1,60.0,0,N,MELB_URBAN,RAMP,2,9.0
60574,1,1,99,5,1,60.0,0,N,MELB_URBAN,ROAD,3,10.0
60575,1,2,163,5,1,60.0,0,N,MELB_URBAN,STREET,2,10.0
60576,1,1,130,1,1,40.0,0,I,MELB_URBAN,STREET,3,11.0
60577,4,1,173,5,1,80.0,1,N,RURAL_VICTORIA,OTHER,3,7.0
60578,6,1,99,5,1,100.0,0,N,RURAL_VICTORIA,ROAD,3,12.0
60579,1,6,130,5,1,70.0,0,N,MELB_URBAN,ROAD,2,16.0
60580,6,1,99,5,1,100.0,0,N,RURAL_VICTORIA,ROAD,3,12.0
60581,1,6,130,1,1,60.0,0,I,MELB_URBAN,STREET,2,14.0
60582,4,1,171,5,9,60.0,0,N,RURAL_VICTORIA,ROAD,3,13.0
60583,1,7,111,2,1,60.0,0,I,LARGE_PROVINCIAL_CITIES,STREET,3,12.0
60584,6,1,174,1,1,60.0,0,I,MELB_URBAN,ROAD,3,14.0
60585,2,6,100,1,1,50.0,0,I,MELB_URBAN,STREET,3,15.0
60586,4,0,181,2,1,50.0,0,I,LARGE_PROVINCIAL_CITIES,STREET,3,14.0
60587,6,6,170,1,1,40.0,0,I,MELBOURNE_CBD,STREET,3,16.0
60588,1,0,130,2,1,60.0,0,I,TOWNS,HIGHWAY,3,12.0
60589,4,1,171,9,1,100.0,0,N,RURAL_VICTORIA,ROAD,3,15.0
60590,4,1,173,5,1,100.0,0,N,RURAL_VICTORIA,ROAD,3,16.0
60591,1,1,130,5,1,100.0,0,N,MELB_URBAN,FREEWAY,3,16.0
60592,4,1,171,5,1,60.0,0,N,MELB_URBAN,ROAD,3,15.0
60593,1,1,110,1,1,60.0,0,I,LARGE_PROVINCIAL_CITIES,ROAD,3,17.0
60594,1,1,121,2,1,60.0,0,I,MELB_URBAN,ROAD,3,16.0
60595,4,1,171,1,1,50.0,0,I,MELB_URBAN,DRIVE,3,8.0
60596,1,1,130,1,1,60.0,0,I,MELB_URBAN,ROAD,3,19.0
60597,4,1,183,2,3,70.0,0,I,MELB_URBAN,AVENUE,3,6.0
60598,4,1,181,5,5,70.0,0,N,MELB_URBAN,ROAD,3,21.0
60599,1,1,121,1,3,80.0,0,I,MELB_URBAN,HIGHWAY,3,21.0
60600,1,1,130,5,3,60.0,0,N,MELB_URBAN,STREET,3,20.0
60601,6,1,170,5,5,40.0,0,N,RURAL_VICTORIA,HIGHWAY,3,22.0
60602,1,2,130,2,3,80.0,0,I,MELB_URBAN,HIGHWAY,3,4.0
60603,2,7,100,1,2,60.0,0,I,MELB_URBAN,ROAD,3,20.0
60604,1,4,110,1,1,50.0,0,I,SMALL_CITIES,ROAD,3,15.0
60605,4,1,181,5,1,100.0,0,N,RURAL_VICTORIA,ROAD,3,14.0
60606,1,2,130,2,1,60.0,0,I,SMALL_CITIES,PARADE,3,9.0
60607,6,7,99,5,1,80.0,0,N,RURAL_VICTORIA,ROAD,3,13.0
60608,1,2,99,2,1,40.0,0,I,MELB_URBAN,STREET,3,8.0
60609,1,2,121,2,1,60.0,0,I,MELB_URBAN,ROAD,3,8.0
60610,1,1,147,5,1,60.0,0,N,MELB_URBAN,OTHER,3,12.0
60611,4,2,171,2,1,60.0,0,I,MELB_URBAN,ROAD,3,10.0
60612,8,1,184,5,9,60.0,0,N,RURAL_VICTORIA,ROAD,3,13.0
60613,6,4,184,5,1,100.0,0,N,SMALL_TOWNS,ROAD,3,13.0
60614,3,6,167,5,5,100.0,0,N,RURAL_VICTORIA,ROAD,1,4.0
60615,1,2,110,1,3,60.0,0,I,MELB_URBAN,STREET,3,7.0
60616,1,3,121,2,1,60.0,0,I,MELB_URBAN,ROAD,2,14.0
60617,4,2,173,2,1,60.0,0,I,SMALL_CITIES,HIGHWAY,3,11.0
60618,1,2,130,5,1,40.0,0,N,MELBOURNE_CBD,STREET,3,8.0
60619,6,1,99,5,1,50.0,0,N,MELB_URBAN,BOULEVARD,3,12.0
60620,1,5,130,2,1,60.0,0,I,MELB_URBAN,ROAD,3,13.0
60621,1,6,130,1,1,80.0,0,N,MELB_URBAN,ROAD,3,13.0
60622,1,0,121,4,1,90.0,0,I,RURAL_VICTORIA,ROAD,3,16.0
60623,8,1,174,5,1,100.0,0,N,RURAL_VICTORIA,ROAD,3,13.0
60624,1,3,130,2,6,80.0,0,I,MELB_URBAN,ROAD,3,6.0
60625,5,1,99,5,1,60.0,0,N,RURAL_VICTORIA,ROAD,3,12.0
60626,1,2,113,2,1,60.0,0,I,MELB_URBAN,ROAD,3,8.0
60627,1,2,132,1,1,80.0,0,I,RURAL_VICTORIA,ROAD,3,8.0
60628,1,2,121,2,1,60.0,0,I,MELB_URBAN,HIGHWAY,3,13.0
60629,8,1,174,5,1,60.0,0,N,RURAL_VICTORIA,ROAD,2,13.0
60630,1,2,110,1,1,80.0,0,I,MELB_URBAN,ROAD,3,14.0
60631,4,2,171,5,1,100.0,0,N,RURAL_VICTORIA,ROAD,3,16.0
60632,6,7,174,1,3,80.0,0,I,MELB_URBAN,HIGHWAY,2,0.0
60633,1,0,99,5,9,60.0,0,N,MELB_URBAN,BOULEVARD,3,16.0
60634,1,2,121,2,1,60.0,0,I,MELB_URBAN,BOULEVARD,3,16.0
60635,1,2,113,2,1,80.0,0,I,MELB_URBAN,HIGHWAY,3,15.0
60636,1,2,133,5,1,70.0,0,N,MELB_URBAN,ROAD,3,16.0
60637,1,6,134,5,1,60.0,0,N,MELB_URBAN,ROAD,2,9.0
60638,1,0,130,2,1,80.0,0,I,MELB_URBAN,HIGHWAY,3,17.0
60639,4,1,181,5,1,80.0,0,N,MELB_URBAN,ROAD,3,19.0
60640,1,1,130,5,1,80.0,0,N,MELB_URBAN,UNKNOWN,3,18.0
60641,1,2,134,4,3,40.0,0,I,MELB_URBAN,ROAD,3,20.0
60642,4,2,183,5,1,100.0,1,N,RURAL_VICTORIA,ROAD,3,18.0
60643,1,2,130,5,1,60.0,0,N,MELB_URBAN,ROAD,3,19.0
60644,1,2,130,5,3,100.0,0,N,MELB_URBAN,RAMP,3,21.0
60645,1,6,121,4,1,60.0,0,I,MELB_URBAN,ROAD,3,14.0
60646,1,3,113,2,3,80.0,0,I,MELB_URBAN,HIGHWAY,3,6.0
60647,2,3,102,2,1,60.0,0,I,MELB_URBAN,STREET,3,8.0
60648,1,3,110,1,1,40.0,0,I,MELB_URBAN,STREET,3,8.0
60649,1,3,130,5,1,100.0,0,N,RURAL_VICTORIA,ROAD,3,7.0
60650,1,1,113,2,1,80.0,0,I,MELB_URBAN,HIGHWAY,3,16.0
60651,1,2,130,2,1,50.0,0,I,MELB_URBAN,PARADE,3,9.0
60652,1,3,130,5,1,100.0,0,N,MELB_URBAN,ROAD,3,6.0
60653,1,6,130,5,1,50.0,0,N,MELB_URBAN,HIGHWAY,2,15.0
60654,2,2,102,2,1,60.0,0,I,MELB_URBAN,ROAD,3,7.0
60655,1,3,132,2,1,70.0,0,I,LARGE_PROVINCIAL_CITIES,HIGHWAY,3,9.0
60656,4,1,171,5,1,60.0,0,N,MELB_URBAN,ROAD,3,16.0
60657,2,3,100,5,1,80.0,0,N,RURAL_VICTORIA,ROAD,3,7.0
60658,2,2,100,2,1,50.0,0,I,MELB_URBAN,ROAD,3,8.0
60659,1,7,130,5,1,80.0,0,N,MELB_URBAN,HIGHWAY,2,14.0
60660,6,0,174,2,1,100.0,0,I,RURAL_VICTORIA,ROAD,2,7.0
60661,1,2,130,5,1,60.0,0,N,SMALL_CITIES,ROAD,3,11.0
60662,6,1,174,5,1,100.0,0,N,RURAL_VICTORIA,ROAD,3,15.0
60663,1,4,134,5,1,60.0,0,N,MELB_URBAN,FREEWAY,10,16.0
60664,1,6,113,2,1,60.0,0,I,MELB_URBAN,ROAD,2,8.0
60665,6,1,184,5,1,80.0,0,N,TOWNS,ROAD,3,12.0
60666,1,1,99,1,1,80.0,0,I,MELB_URBAN,ROAD,2,19.0
60667,4,3,173,5,1,80.0,0,N,MELB_URBAN,FREEWAY,3,8.0
60668,1,5,130,5,1,60.0,0,N,LARGE_PROVINCIAL_CITIES,STREET,3,16.0
60669,1,2,110,1,1,60.0,0,I,MELB_URBAN,STREET,3,12.0
60670,1,0,110,1,1,60.0,0,I,LARGE_PROVINCIAL_CITIES,STREET,3,11.0
60671,8,4,99,5,1,100.0,0,N,RURAL_VICTORIA,ROAD,3,10.0
60672,1,2,130,2,1,80.0,0,I,MELB_URBAN,ROAD,2,15.0
60673,4,3,99,5,1,60.0,0,N,SMALL_CITIES,OTHER,3,15.0
60674,7,5,99,5,1,60.0,0,N,MELB_URBAN,ROAD,2,17.0
60675,1,1,130,5,1,40.0,0,N,MELB_URBAN,STREET,2,15.0
60676,4,2,173,5,2,100.0,0,N,RURAL_VICTORIA,HIGHWAY,3,18.0
60677,1,3,121,5,1,80.0,0,I,MELB_URBAN,HIGHWAY,3,12.0
60678,2,3,100,5,1,40.0,0,N,MELB_URBAN,STREET,3,7.0
60679,2,3,100,1,1,60.0,0,I,MELB_URBAN,HIGHWAY,2,13.0
60680,4,3,173,5,1,110.0,1,N,RURAL_VICTORIA,FREEWAY,3,14.0
60681,1,7,99,9,1,50.0,0,N,TOWNS,STREET,3,8.0
60682,1,3,121,1,1,60.0,0,N,MELB_URBAN,ROAD,3,17.0
60683,1,3,134,5,1,60.0,0,N,MELB_URBAN,ROAD,3,15.0
60684,1,3,110,1,1,50.0,0,I,TOWNS,STREET,3,11.0
60685,1,3,113,2,1,50.0,0,I,MELB_URBAN,ROAD,3,15.0
60686,2,3,99,2,1,60.0,0,N,MELB_URBAN,PARADE,3,19.0
60687,1,3,130,5,1,80.0,0,N,MELB_URBAN,ROAD,3,17.0
60688,1,3,121,1,1,60.0,0,I,MELB_URBAN,ROAD,3,15.0
60689,2,2,99,1,1,60.0,0,I,MELB_URBAN,STREET,3,16.0
60690,8,5,174,1,1,40.0,0,I,MELBOURNE_CBD,STREET,2,8.0
60691,1,5,130,5,1,60.0,0,N,MELB_URBAN,RAMP,2,14.0
60692,1,3,121,4,1,70.0,0,I,MELB_URBAN,ROAD,3,16.0
60693,6,3,99,5,5,60.0,0,N,RURAL_VICTORIA,DRIVE,3,21.0
60694,4,3,171,5,1,100.0,1,N,MELB_URBAN,FREEWAY,3,17.0
60695,6,3,174,5,3,60.0,0,N,MELB_URBAN,ROAD,3,5.0
60696,1,3,120,5,5,80.0,1,N,RURAL_VICTORIA,ROAD,3,20.0
60697,4,3,173,1,3,80.0,0,I,MELB_URBAN,ROAD,3,23.0
60698,6,3,170,2,3,80.0,0,I,SMALL_CITIES,HIGHWAY,3,23.0
60699,4,4,171,5,5,100.0,0,N,RURAL_VICTORIA,ROAD,3,2.0
60700,1,4,120,5,5,60.0,0,N,MELB_URBAN,ROAD,3,5.0
60701,1,1,121,1,1,80.0,0,I,MELB_URBAN,ROAD,3,13.0
60702,1,4,121,2,3,50.0,0,I,MELB_URBAN,STREET,3,7.0
60703,6,3,99,5,2,60.0,0,N,RURAL_VICTORIA,ROAD,3,19.0
60704,1,3,140,2,1,60.0,0,N,MELB_URBAN,ROAD,2,8.0
60705,1,4,130,5,1,60.0,0,N,MELB_URBAN,PARADE,3,7.0
60706,1,3,116,1,1,80.0,0,I,MELB_URBAN,ROAD,3,15.0
60707,1,4,130,5,2,100.0,0,N,MELB_URBAN,FREEWAY,3,6.0
60708,1,4,130,5,1,50.0,0,N,SMALL_CITIES,STREET,3,8.0
60709,1,4,121,1,1,60.0,0,I,MELB_URBAN,STREET,3,7.0
60710,1,3,111,1,1,100.0,0,I,RURAL_VICTORIA,ROAD,3,9.0
60711,1,3,121,2,1,50.0,0,I,MELB_URBAN,ROAD,3,11.0
60712,1,6,130,2,3,80.0,0,I,MELB_URBAN,ROAD,2,23.0
60713,1,4,110,1,1,80.0,0,N,MELB_URBAN,HIGHWAY,3,12.0
60714,1,4,121,1,1,50.0,0,I,MELB_URBAN,STREET,3,8.0
60715,1,3,99,5,1,50.0,0,N,MELB_URBAN,STREET,3,14.0
60716,4,4,171,5,1,100.0,0,N,RURAL_VICTORIA,HIGHWAY,3,12.0
60717,1,4,99,2,1,60.0,0,I,MELB_URBAN,ROAD,3,15.0
60718,6,6,174,2,9,60.0,0,I,MELB_URBAN,ROAD,2,18.0
60719,1,4,121,2,1,40.0,0,I,MELB_URBAN,ROAD,3,8.0
60720,1,5,130,1,1,80.0,0,N,MELB_URBAN,HIGHWAY,2,15.0
60721,6,4,174,5,1,100.0,0,N,RURAL_VICTORIA,ROAD,3,19.0
60722,1,4,130,5,1,80.0,0,N,TOWNS,HIGHWAY,3,7.0
60723,1,4,121,1,1,70.0,0,I,MELB_URBAN,ROAD,3,15.0
60724,6,2,184,2,1,100.0,0,I,RURAL_VICTORIA,HIGHWAY,3,16.0
60725,2,4,102,5,1,60.0,0,N,LARGE_PROVINCIAL_CITIES,STREET,3,16.0
60726,1,4,160,5,1,40.0,0,N,MELB_URBAN,STREET,3,15.0
60727,8,6,184,5,1,60.0,0,N,RURAL_VICTORIA,OTHER,3,15.0
60728,1,5,130,1,2,60.0,0,I,MELB_URBAN,ROAD,2,6.0
60729,1,4,130,2,1,60.0,0,N,MELB_URBAN,ROAD,3,11.0
60730,1,3,130,5,3,80.0,0,N,MELB_URBAN,ROAD,3,20.0
60731,1,4,110,1,1,50.0,0,I,MELB_URBAN,STREET,3,17.0
60732,1,4,110,1,1,60.0,0,I,MELB_URBAN,ROAD,3,17.0
60733,1,3,130,5,6,60.0,0,N,SMALL_CITIES,STREET,3,20.0
60734,1,4,130,2,1,70.0,0,I,MELB_URBAN,ROAD,3,17.0
60735,1,3,121,2,1,60.0,0,I,MELB_URBAN,ROAD,3,18.0
60736,1,4,147,5,1,60.0,0,N,MELB_URBAN,ROAD,3,16.0
60737,1,3,163,5,1,40.0,0,N,MELB_URBAN,STREET,3,17.0
60738,6,6,174,5,1,60.0,0,N,MELB_URBAN,ROAD,2,9.0
60739,1,4,111,2,1,80.0,0,I,SMALL_TOWNS,HIGHWAY,3,17.0
60740,4,4,181,5,5,60.0,0,N,RURAL_VICTORIA,DRIVE,3,20.0
60741,1,4,121,1,1,60.0,0,I,MELB_URBAN,ROAD,3,17.0
60742,1,5,99,5,1,60.0,0,N,MELB_URBAN,ROAD,11,5.0
60743,1,4,130,2,1,50.0,0,I,MELB_URBAN,ROAD,3,10.0
60744,4,5,181,2,5,100.0,0,I,RURAL_VICTORIA,ROAD,3,6.0
60745,1,5,121,1,3,60.0,0,I,MELB_URBAN,OTHER,3,6.0
60746,6,5,174,2,1,40.0,0,N,MELB_URBAN,HIGHWAY,3,8.0
60747,4,4,181,5,1,80.0,0,N,TOWNS,ROAD,3,9.0
60748,1,3,130,5,1,60.0,0,N,SMALL_CITIES,HIGHWAY,3,14.0
60749,4,4,171,5,1,100.0,0,N,MELB_URBAN,UNKNOWN,3,8.0
60750,3,5,167,5,5,80.0,0,N,RURAL_VICTORIA,ROAD,3,22.0
60751,2,5,100,2,1,50.0,0,I,MELB_URBAN,ROAD,3,9.0
60752,1,3,130,1,1,70.0,0,N,MELB_URBAN,ROAD,2,9.0
60753,1,4,113,2,2,60.0,0,I,MELB_URBAN,ROAD,3,18.0
60754,1,4,99,2,1,60.0,0,I,MELB_URBAN,ROAD,3,8.0
60755,1,2,130,2,9,60.0,0,N,MELB_URBAN,ROAD,2,15.0
60756,1,3,130,5,1,60.0,0,N,MELB_URBAN,ROAD,3,15.0
60757,1,4,130,5,3,70.0,0,N,MELB_URBAN,ROAD,3,6.0
60758,5,5,173,5,1,50.0,0,N,MELB_URBAN,AVENUE,3,10.0
60759,1,5,130,5,1,50.0,0,N,SMALL_CITIES,STREET,1,14.0
60760,1,4,110,1,1,60.0,0,I,MELB_URBAN,HIGHWAY,3,11.0
60761,2,5,100,1,1,50.0,0,I,SMALL_CITIES,STREET,3,12.0
60762,6,4,174,1,1,50.0,0,I,MELB_URBAN,ROAD,2,18.0
60763,1,5,120,5,1,100.0,0,N,RURAL_VICTORIA,HIGHWAY,3,11.0
60764,1,4,120,5,1,100.0,0,N,RURAL_VICTORIA,HIGHWAY,3,11.0
60765,1,5,121,5,1,50.0,0,N,SMALL_CITIES,STREET,3,13.0
60766,8,6,99,5,1,50.0,0,N,MELB_URBAN,STREET,2,17.0
60767,1,3,130,1,1,80.0,0,I,MELB_URBAN,ROAD,3,14.0
60768,4,5,181,5,1,60.0,0,N,RURAL_VICTORIA,ROAD,3,13.0
60769,4,5,181,5,1,50.0,0,N,SMALL_CITIES,STREET,3,14.0
60770,1,2,130,2,1,60.0,0,I,MELB_URBAN,ROAD,2,7.0
60771,1,5,121,1,1,80.0,0,I,MELB_URBAN,HIGHWAY,3,13.0
60772,1,4,130,5,1,100.0,0,N,MELB_URBAN,FREEWAY,3,8.0
60773,1,5,110,1,1,50.0,0,I,MELB_URBAN,STREET,3,15.0
60774,1,5,133,5,1,60.0,0,N,MELB_URBAN,ROAD,3,15.0
60775,1,4,121,2,1,60.0,0,I,MELB_URBAN,STREET,3,14.0
60776,1,5,110,1,1,60.0,0,I,SMALL_CITIES,STREET,3,6.0
60777,4,4,183,5,1,110.0,0,N,SMALL_CITIES,FREEWAY,3,15.0
60778,1,4,130,1,3,70.0,0,I,SMALL_CITIES,OTHER,3,20.0
60779,1,5,99,5,1,70.0,0,N,MELB_URBAN,ROAD,3,15.0
60780,1,5,130,2,3,60.0,0,I,MELB_URBAN,STREET,2,20.0
60781,4,4,181,5,1,80.0,0,N,RURAL_VICTORIA,ROAD,3,15.0
60782,2,1,102,1,1,60.0,0,I,TOWNS,STREET,3,11.0
60783,1,5,130,5,1,60.0,0,N,SMALL_CITIES,STREET,3,15.0
60784,1,5,120,5,5,100.0,1,N,RURAL_VICTORIA,ROAD,3,6.0
60785,1,5,130,2,1,70.0,0,I,MELB_URBAN,ROAD,3,16.0
60786,1,4,110,1,1,50.0,0,I,MELB_URBAN,STREET,3,7.0
60787,1,7,130,5,9,60.0,0,N,SMALL_CITIES,ROAD,2,13.0
60788,1,3,110,1,3,70.0,0,I,MELB_URBAN,ROAD,3,23.0
60789,1,4,130,5,1,100.0,0,N,MELB_URBAN,FREEWAY,3,16.0
60790,2,5,99,2,1,50.0,0,I,MELB_URBAN,STREET,3,17.0
60791,6,4,170,5,1,60.0,0,N,RURAL_VICTORIA,ROAD,3,18.0
60792,1,5,121,2,1,60.0,0,I,MELB_URBAN,ROAD,3,16.0
60793,1,5,140,2,1,50.0,0,I,MELB_URBAN,DRIVE,3,16.0
60794,1,5,120,5,1,60.0,0,N,MELB_URBAN,STREET,3,18.0
60795,1,5,121,1,1,60.0,0,I,MELB_URBAN,HIGHWAY,3,17.0
60796,1,4,120,5,2,60.0,0,N,RURAL_VICTORIA,ROAD,3,18.0
60797,4,5,181,5,1,100.0,0,N,RURAL_VICTORIA,ROAD,3,16.0
60798,1,5,110,1,1,60.0,0,I,LARGE_PROVINCIAL_CITIES,STREET,3,17.0
60799,1,4,121,2,3,80.0,0,I,MELB_URBAN,ROAD,3,19.0
60800,1,4,113,2,1,60.0,0,I,MELB_URBAN,ROAD,3,17.0
60801,1,5,110,1,1,40.0,0,I,MELB_URBAN,STREET,3,15.0
60802,1,5,121,2,3,60.0,0,I,MELB_URBAN,STREET,3,19.0
60803,2,5,100,5,1,50.0,1,N,MELB_URBAN,STREET,3,16.0
60804,1,7,110,1,1,60.0,0,I,MELB_URBAN,ROAD,2,14.0
60805,4,4,181,5,3,60.0,0,N,MELB_URBAN,ROAD,3,21.0
60806,4,5,181,5,1,100.0,0,N,RURAL_VICTORIA,HIGHWAY,3,15.0
60807,4,5,171,1,3,50.0,0,I,MELB_URBAN,BOULEVARD,3,23.0
60808,1,6,130,5,5,80.0,0,N,MELB_URBAN,ROAD,3,4.0
60809,4,5,99,5,1,50.0,0,N,MELB_URBAN,ROAD,3,11.0
60810,1,5,147,2,1,50.0,0,N,TOWNS,ROAD,3,13.0