,accident_type,day_of_week,dca_code,road_geometry,light_condition,speed_zone,severity,node_type,deg_urban_name,road_type,month,hour
60811,1,6,121,1,1,60.0,0,I,MELB_URBAN,STREET,1,14.0
60812,1,4,140,5,1,60.0,0,N,MELB_URBAN,ROAD,2,8.0
60813,1,5,135,1,1,40.0,0,I,MELBOURNE_CBD,STREET,3,9.0
60814,1,6,147,5,1,40.0,0,N,TOWNS,STREET,3,8.0
60815,1,6,113,2,1,40.0,0,I,MELB_URBAN,STREET,3,8.0
60816,2,4,100,5,3,60.0,0,N,MELB_URBAN,ROAD,3,21.0
60817,1,6,110,1,1,50.0,0,I,LARGE_PROVINCIAL_CITIES,STREET,3,10.0
60818,1,6,113,2,1,60.0,0,I,SMALL_CITIES,STREET,3,10.0
60819,4,3,171,5,1,100.0,0,N,RURAL_VICTORIA,ROAD,11,11.0
60820,1,5,133,2,3,60.0,0,N,MELB_URBAN,ROAD,3,23.0
60821,1,4,110,1,3,60.0,0,I,MELB_URBAN,STREET,3,22.0
60822,1,5,110,1,1,100.0,0,I,RURAL_VICTORIA,ROAD,3,18.0
60823,7,4,99,5,1,100.0,0,N,MELB_URBAN,FREEWAY,2,9.0
60824,1,5,110,1,1,60.0,0,I,TOWNS,ROAD,3,13.0
60825,3,6,167,5,1,100.0,0,N,RURAL_VICTORIA,HIGHWAY,3,15.0
60826,4,5,171,1,9,60.0,0,I,RURAL_VICTORIA,ROAD,10,6.0
60827,1,5,113,2,1,60.0,0,I,MELB_URBAN,ROAD,3,12.0
60828,1,6,110,1,1,60.0,0,I,TOWNS,STREET,3,14.0
60829,1,6,147,5,1,50.0,0,N,SMALL_CITIES,DRIVE,3,14.0
60830,1,5,120,1,1,50.0,0,I,MELB_URBAN,STREET,3,15.0
60831,1,4,110,1,1,50.0,0,I,LARGE_PROVINCIAL_CITIES,AVENUE,3,17.0
60832,2,6,99,4,1,80.0,0,I,SMALL_CITIES,RAMP,3,15.0
60833,1,5,130,5,1,60.0,0,N,LARGE_PROVINCIAL_CITIES,STREET,3,15.0
60834,1,6,160,5,1,100.0,0,N,RURAL_VICTORIA,ROAD,3,13.0
60835,1,5,160,5,1,50.0,0,N,MELB_URBAN,UNKNOWN,3,15.0
60836,2,6,102,2,1,40.0,0,I,MELBOURNE_CBD,STREET,3,15.0
60837,8,6,174,2,1,40.0,0,I,MELB_URBAN,ROAD,3,9.0
60838,1,6,147,5,1,60.0,0,N,MELB_URBAN,ROAD,3,14.0
60839,1,6,99,2,1,60.0,0,I,MELB_URBAN,ROAD,3,17.0
60840,1,6,147,5,1,70.0,0,N,MELB_URBAN,ROAD,3,16.0
60841,1,6,99,5,1,100.0,0,N,RURAL_VICTORIA,FREEWAY,3,15.0
60842,1,6,130,1,1,60.0,0,I,LARGE_PROVINCIAL_CITIES,STREET,3,16.0
60843,1,5,130,5,1,60.0,0,N,MELB_URBAN,ROAD,3,16.0
60844,4,5,171,5,1,100.0,0,N,RURAL_VICTORIA,ROAD,3,8.0
60845,1,6,120,5,1,100.0,0,N,RURAL_VICTORIA,HIGHWAY,3,16.0
60846,1,6,130,2,1,60.0,0,N,LARGE_PROVINCIAL_CITIES,STREET,3,15.0
60847,6,5,170,5,1,100.0,0,N,RURAL_VICTORIA,ROAD,3,15.0
60848,1,6,130,5,1,60.0,0,N,RURAL_VICTORIA,ROAD,3,17.0
60849,3,7,167,5,1,100.0,0,N,RURAL_VICTORIA,HIGHWAY,2,9.0
60850,4,5,99,5,1,60.0,0,N,MELB_URBAN,ROAD,3,16.0
60851,6,6,99,5,5,100.0,0,N,RURAL_VICTORIA,ROAD,3,6.0
60852,4,6,173,5,2,100.0,0,N,RURAL_VICTORIA,ROAD,3,20.0
60853,6,6,174,5,3,80.0,0,N,TOWNS,ROAD,3,20.0
60854,6,5,99,5,1,80.0,0,N,RURAL_VICTORIA,ROAD,3,18.0
60855,2,7,102,5,3,40.0,0,N,MELB_URBAN,STREET,3,0.0
60856,1,6,130,1,3,80.0,0,I,LARGE_PROVINCIAL_CITIES,ROAD,3,22.0
60857,6,6,174,2,3,50.0,0,N,SMALL_CITIES,ROAD,3,23.0
60858,1,6,120,5,3,60.0,0,N,MELB_URBAN,ROAD,3,2.0
60859,1,6,99,5,3,50.0,0,N,MELB_URBAN,STREET,3,22.0
60860,2,6,99,1,3,50.0,0,I,MELB_URBAN,OTHER,3,2.0
60861,1,5,160,1,3,60.0,0,N,SMALL_CITIES,ROAD,2,5.0
60862,1,7,113,2,1,60.0,0,I,MELB_URBAN,STREET,3,9.0
60863,8,7,174,5,1,60.0,0,N,MELB_URBAN,HIGHWAY,3,11.0
60864,1,7,110,4,3,50.0,0,I,MELB_URBAN,STREET,3,7.0
60865,1,7,110,1,1,60.0,0,I,RURAL_VICTORIA,STREET,3,10.0
60866,1,6,160,5,1,50.0,0,N,MELB_URBAN,ROAD,3,11.0
60867,1,7,121,1,1,60.0,0,I,SMALL_CITIES,STREET,3,12.0
60868,4,7,181,5,1,50.0,1,N,MELB_URBAN,AVENUE,3,10.0
60869,1,6,140,5,1,50.0,0,N,MELB_URBAN,STREET,2,16.0
60870,1,7,120,5,1,80.0,0,N,MELB_URBAN,ROAD,3,13.0
60871,1,7,113,2,1,100.0,0,I,RURAL_VICTORIA,ROAD,3,13.0
60872,1,7,99,5,1,100.0,0,N,RURAL_VICTORIA,ROAD,3,11.0
60873,4,7,183,5,1,60.0,0,N,MELB_URBAN,STREET,3,15.0
60874,1,7,121,5,1,60.0,0,N,MELB_URBAN,ROAD,3,15.0
60875,1,6,99,3,1,40.0,0,I,MELB_URBAN,PARADE,3,10.0
60876,4,7,181,5,1,80.0,0,N,RURAL_VICTORIA,ROAD,3,16.0
60877,1,6,147,5,1,100.0,0,N,RURAL_VICTORIA,ROAD,3,15.0
60878,1,7,130,2,1,50.0,0,I,SMALL_CITIES,STREET,3,18.0
60879,6,7,184,5,2,50.0,0,I,MELB_URBAN,BOULEVARD,3,19.0
60880,4,7,99,5,4,60.0,0,N,MELB_URBAN,STREET,3,5.0
60881,6,7,184,5,1,100.0,0,N,RURAL_VICTORIA,ROAD,3,14.0
60882,4,7,183,5,5,80.0,0,N,RURAL_VICTORIA,ROAD,3,21.0
60883,4,7,173,5,5,100.0,0,N,RURAL_VICTORIA,ROAD,3,21.0
60884,4,7,181,5,5,100.0,0,N,RURAL_VICTORIA,HIGHWAY,3,21.0
60885,4,7,183,5,5,100.0,0,N,RURAL_VICTORIA,OTHER,3,23.0
60886,1,1,121,2,3,60.0,0,I,MELB_URBAN,ROAD,3,2.0
60887,6,1,174,5,5,100.0,0,N,RURAL_VICTORIA,STREET,3,1.0
60888,1,1,113,2,5,100.0,0,I,RURAL_VICTORIA,FREEWAY,3,4.0
60889,2,1,99,2,9,50.0,0,N,MELB_URBAN,DRIVE,3,2.0
60890,1,6,99,5,1,60.0,0,N,MELB_URBAN,ROAD,2,9.0
60891,1,1,110,1,3,60.0,0,I,LARGE_PROVINCIAL_CITIES,HIGHWAY,3,6.0
60892,1,7,116,1,3,60.0,0,I,MELB_URBAN,DRIVE,3,23.0
60893,1,6,113,1,1,100.0,0,I,RURAL_VICTORIA,ROAD,3,12.0
60894,1,7,120,5,1,50.0,0,N,SMALL_TOWNS,ROAD,3,12.0
60895,9,0,99,5,3,50.0,0,N,MELB_URBAN,AVENUE,3,6.0
60896,6,7,184,5,1,60.0,0,N,RURAL_VICTORIA,OTHER,3,12.0
60897,1,6,130,5,1,100.0,0,N,MELB_URBAN,ROAD,3,15.0
60898,1,0,121,1,1,40.0,0,I,MELBOURNE_CBD,STREET,3,11.0
60899,1,1,130,2,1,50.0,0,I,MELB_URBAN,ROAD,3,11.0
60900,1,7,113,1,1,60.0,0,I,LARGE_PROVINCIAL_CITIES,STREET,3,17.0
60901,1,1,113,2,1,80.0,0,I,RURAL_VICTORIA,ROAD,3,12.0
60902,1,6,113,1,1,60.0,0,I,LARGE_PROVINCIAL_CITIES,STREET,3,14.0
60903,1,1,113,2,1,90.0,0,I,RURAL_VICTORIA,HIGHWAY,3,8.0
60904,8,1,99,5,1,50.0,0,N,MELB_URBAN,STREET,3,11.0
60905,1,1,130,5,1,80.0,0,N,MELB_URBAN,ROAD,3,13.0
60906,1,1,120,5,1,50.0,0,N,MELB_URBAN,STREET,3,9.0
60907,1,5,121,1,1,70.0,0,I,MELB_URBAN,ROAD,2,15.0
60908,1,6,130,5,1,80.0,0,N,MELB_URBAN,ROAD,1,16.0
60909,1,0,99,3,1,50.0,0,I,TOWNS,ROAD,3,11.0
60910,1,7,130,2,1,60.0,0,I,MELB_URBAN,ROAD,2,11.0
60911,1,0,130,5,1,60.0,0,N,MELB_URBAN,RAMP,3,15.0
60912,1,2,130,2,1,80.0,0,I,MELB_URBAN,HIGHWAY,2,10.0
60913,6,1,174,1,1,50.0,0,I,SMALL_CITIES,AVENUE,3,13.0
60914,1,1,110,1,1,50.0,0,I,MELB_URBAN,ROAD,3,16.0
60915,1,1,110,1,1,100.0,0,I,RURAL_VICTORIA,AVENUE,3,16.0
60916,6,1,99,5,1,100.0,0,N,RURAL_VICTORIA,ROAD,3,14.0
60917,8,1,174,5,1,60.0,0,N,LARGE_PROVINCIAL_CITIES,ROAD,3,17.0
60918,4,1,171,5,1,100.0,0,N,RURAL_VICTORIA,ROAD,3,16.0
60919,4,1,173,5,2,100.0,0,N,RURAL_VICTORIA,HIGHWAY,3,17.0
60920,4,1,183,5,1,60.0,0,N,RURAL_VICTORIA,ROAD,3,16.0
60921,8,1,184,5,1,100.0,0,N,RURAL_VICTORIA,OTHER,3,16.0
60922,1,0,110,1,1,40.0,0,I,MELB_URBAN,ROAD,3,11.0
60923,1,0,130,1,1,60.0,0,N,MELB_URBAN,STREET,3,16.0
60924,2,1,99,5,9,60.0,0,N,MELB_URBAN,OTHER,3,20.0
60925,4,1,171,5,3,50.0,0,N,MELB_URBAN,STREET,3,21.0
60926,4,1,183,5,1,100.0,0,N,MELB_URBAN,FREEWAY,1,7.0
60927,6,2,174,5,3,60.0,0,N,MELB_URBAN,STREET,3,3.0
60928,1,2,183,5,3,70.0,0,N,MELB_URBAN,ROAD,3,1.0
60929,2,1,100,5,3,60.0,0,N,LARGE_PROVINCIAL_CITIES,STREET,3,1.0
60930,4,2,173,5,5,100.0,0,N,RURAL_VICTORIA,ROAD,3,2.0
60931,2,2,99,5,4,60.0,0,N,MELB_URBAN,STREET,3,5.0
60932,1,2,110,1,1,40.0,0,I,MELB_URBAN,STREET,2,16.0
60933,1,4,111,2,3,80.0,0,I,MELB_URBAN,ROAD,3,23.0
60934,1,1,160,5,3,60.0,0,N,MELB_URBAN,ROAD,3,5.0
60935,1,2,130,5,1,100.0,0,N,MELB_URBAN,FREEWAY,3,15.0
60936,1,2,130,5,1,80.0,0,N,MELB_URBAN,ROAD,3,8.0
60937,8,2,99,5,1,100.0,0,N,RURAL_VICTORIA,ROAD,3,7.0
60938,4,1,181,5,1,100.0,0,N,RURAL_VICTORIA,OTHER,3,13.0
60939,4,1,173,5,3,60.0,0,N,SMALL_CITIES,AVENUE,3,6.0
60940,2,6,99,5,1,60.0,0,N,MELB_URBAN,STREET,3,8.0
60941,1,2,110,1,1,60.0,0,I,TOWNS,STREET,3,11.0
60942,6,1,99,5,1,60.0,0,N,MELB_URBAN,ROAD,3,10.0
60943,8,1,174,5,1,50.0,0,N,RURAL_VICTORIA,OTHER,3,13.0
60944,2,2,99,5,1,50.0,0,N,MELB_URBAN,PARADE,3,11.0
60945,1,2,99,5,1,60.0,0,N,MELB_URBAN,STREET,3,13.0
60946,1,2,130,2,1,80.0,1,I,RURAL_VICTORIA,HIGHWAY,3,10.0
60947,1,5,110,1,1,60.0,0,I,MELB_URBAN,STREET,1,6.0
60948,1,2,130,5,1,100.0,0,N,RURAL_VICTORIA,HIGHWAY,3,12.0
60949,1,6,130,2,3,60.0,0,I,MELB_URBAN,ROAD,3,1.0
60950,4,2,183,2,1,100.0,1,I,RURAL_VICTORIA,ROAD,3,11.0
60951,1,2,130,5,1,60.0,0,N,MELB_URBAN,ROAD,3,15.0
60952,4,2,173,5,1,80.0,0,N,RURAL_VICTORIA,FREEWAY,3,13.0
60953,1,4,130,1,6,60.0,0,I,MELB_URBAN,ROAD,3,6.0
60954,2,2,100,5,1,60.0,0,N,MELB_URBAN,ROAD,3,14.0
60955,1,1,99,1,1,60.0,0,I,MELB_URBAN,STREET,3,12.0
60956,1,6,99,2,1,80.0,0,I,MELB_URBAN,ROAD,3,17.0
60957,4,2,183,5,1,50.0,0,N,MELB_URBAN,DRIVE,3,16.0
60958,1,2,110,1,1,60.0,0,I,SMALL_CITIES,STREET,3,17.0
60959,4,2,173,2,1,60.0,0,I,MELB_URBAN,ROAD,3,16.0
60960,4,2,181,5,1,100.0,0,N,MELB_URBAN,RAMP,3,18.0
60961,4,2,183,2,5,100.0,0,I,RURAL_VICTORIA,ROAD,3,23.0
60962,1,3,120,5,3,60.0,0,N,RURAL_VICTORIA,ROAD,3,5.0
60963,1,1,160,5,2,50.0,0,N,MELB_URBAN,STREET,3,7.0
60964,1,3,130,1,1,70.0,0,I,MELB_URBAN,ROAD,12,9.0
60965,1,6,121,1,1,60.0,0,I,MELB_URBAN,ROAD,2,15.0
60966,1,3,130,5,2,60.0,0,I,MELB_URBAN,HIGHWAY,3,7.0
60967,1,1,130,4,1,60.0,0,I,MELB_URBAN,RAMP,3,17.0
60968,1,3,130,5,1,80.0,0,N,MELB_URBAN,ROAD,3,8.0
60969,1,5,116,2,1,60.0,0,I,MELB_URBAN,ROAD,3,11.0
60970,2,6,99,5,5,50.0,0,N,LARGE_PROVINCIAL_CITIES,DRIVE,3,6.0
60971,8,1,99,5,1,80.0,0,N,RURAL_VICTORIA,ROAD,3,14.0
60972,1,3,130,1,1,60.0,0,I,MELB_URBAN,OTHER,3,8.0
60973,1,3,121,5,1,50.0,0,N,MELB_URBAN,ROAD,3,9.0
60974,1,2,130,2,9,70.0,0,I,LARGE_PROVINCIAL_CITIES,HIGHWAY,3,12.0
60975,1,3,116,1,1,80.0,0,N,MELB_URBAN,ROAD,3,7.0
60976,1,0,99,5,1,80.0,0,N,MELB_URBAN,RAMP,1,14.0
60977,1,3,99,5,1,50.0,0,N,TOWNS,STREET,3,10.0
60978,1,6,130,2,1,70.0,0,N,MELB_URBAN,ROAD,2,9.0
60979,1,2,110,1,5,70.0,0,I,RURAL_VICTORIA,ROAD,2,23.0
60980,6,3,99,5,1,100.0,0,N,MELB_URBAN,FREEWAY,3,7.0
60981,2,3,100,2,3,70.0,0,I,MELB_URBAN,ROAD,3,6.0
60982,1,3,130,1,1,60.0,0,I,MELB_URBAN,STREET,3,10.0
60983,2,2,100,5,1,60.0,0,N,MELB_URBAN,STREET,3,11.0
60984,1,3,99,5,1,50.0,0,N,MELB_URBAN,AVENUE,3,10.0
60985,1,3,99,5,1,50.0,0,N,MELB_URBAN,OTHER,3,8.0
60986,1,3,132,2,1,60.0,0,I,LARGE_PROVINCIAL_CITIES,STREET,3,10.0
60987,6,7,174,5,1,60.0,0,N,RURAL_VICTORIA,OTHER,3,16.0
60988,2,3,99,2,1,40.0,0,N,LARGE_PROVINCIAL_CITIES,STREET,3,13.0
60989,8,5,99,5,1,60.0,0,N,SMALL_CITIES,ROAD,3,15.0
60990,1,2,163,5,1,60.0,0,N,MELB_URBAN,STREET,3,8.0
60991,5,2,99,5,1,60.0,0,N,RURAL_VICTORIA,OTHER,3,12.0
60992,1,6,130,2,3,60.0,0,I,MELB_URBAN,ROAD,2,21.0
60993,2,3,99,5,1,80.0,0,N,MELB_URBAN,ROAD,3,8.0
60994,1,7,132,1,1,60.0,0,I,MELB_URBAN,ROAD,3,11.0
60995,1,2,130,5,1,60.0,0,N,MELB_URBAN,ROAD,3,6.0
60996,1,5,135,5,1,40.0,0,N,MELB_URBAN,ROAD,2,17.0
60997,1,2,173,5,3,50.0,0,N,MELB_URBAN,STREET,3,22.0
60998,1,3,116,2,1,80.0,0,I,MELB_URBAN,ROAD,3,14.0
60999,1,7,121,1,1,60.0,0,I,MELB_URBAN,ROAD,3,10.0
61000,6,0,170,5,1,100.0,0,N,RURAL_VICTORIA,ROAD,3,13.0
61001,4,3,171,5,1,60.0,0,N,LARGE_PROVINCIAL_CITIES,STREET,3,15.0
61002,1,3,130,5,1,60.0,0,N,MELB_URBAN,ROAD,3,16.0
61003,4,3,171,5,1,100.0,0,N,RURAL_VICTORIA,ROAD,3,15.0
61004,1,3,147,5,1,60.0,0,N,MELB_URBAN,ROAD,3,17.0
61005,1,0,113,2,1,40.0,0,I,MELB_URBAN,DRIVE,1,15.0
61006,1,5,130,1,1,50.0,0,I,MELB_URBAN,STREET,3,8.0
61007,1,3,133,5,1,60.0,0,N,LARGE_PROVINCIAL_CITIES,STREET,2,14.0
61008,1,3,113,1,1,80.0,0,I,MELB_URBAN,HIGHWAY,3,16.0
61009,1,3,113,1,1,70.0,0,I,MELB_URBAN,ROAD,3,19.0
61010,6,3,174,2,1,50.0,1,I,MELB_URBAN,OTHER,3,16.0
61011,1,3,140,1,1,70.0,0,I,RURAL_VICTORIA,ROAD,3,18.0
61012,1,3,130,9,1,100.0,0,N,MELB_URBAN,ROAD,2,14.0
61013,1,3,130,5,1,100.0,0,N,RURAL_VICTORIA,HIGHWAY,3,17.0
61014,4,3,173,5,1,100.0,0,N,RURAL_VICTORIA,ROAD,3,15.0
61015,6,3,99,5,1,100.0,0,N,MELB_URBAN,HIGHWAY,3,17.0
61016,4,2,173,5,5,100.0,0,N,RURAL_VICTORIA,ROAD,3,21.0
61017,1,3,130,2,3,80.0,0,I,MELB_URBAN,HIGHWAY,3,21.0
61018,4,3,173,5,3,70.0,0,N,MELB_URBAN,ROAD,3,23.0
61019,1,3,110,1,1,60.0,0,I,TOWNS,STREET,3,16.0
61020,4,3,171,5,5,60.0,0,N,RURAL_VICTORIA,ROAD,3,22.0
61021,1,4,121,2,1,60.0,0,N,MELB_URBAN,AVENUE,1,18.0
61022,1,3,130,2,1,50.0,0,I,MELB_URBAN,STREET,3,12.0
61023,1,3,135,5,1,60.0,0,N,SMALL_CITIES,ROAD,3,7.0
61024,1,4,116,2,1,60.0,0,I,MELB_URBAN,ROAD,3,7.0
61025,1,4,130,5,1,100.0,0,N,MELB_URBAN,ROAD,3,7.0
61026,1,4,130,5,1,100.0,0,N,MELB_URBAN,ROAD,3,9.0
61027,4,4,171,2,1,60.0,0,I,MELB_URBAN,ROAD,3,9.0
61028,1,6,130,4,1,60.0,0,I,MELB_URBAN,RAMP,2,9.0
61029,1,3,130,5,2,80.0,0,N,MELB_URBAN,FREEWAY,3,6.0
61030,2,4,102,5,1,100.0,0,N,MELB_URBAN,FREEWAY,3,10.0
61031,7,3,99,5,1,60.0,0,N,MELB_URBAN,STREET,3,10.0
61032,1,4,130,5,1,70.0,0,N,MELB_URBAN,STREET,3,7.0
61033,1,4,121,1,1,50.0,0,I,MELB_URBAN,ROAD,3,10.0
61034,4,3,171,5,1,60.0,0,N,MELB_URBAN,RAMP,3,7.0
61035,8,4,99,5,1,110.0,0,N,TOWNS,FREEWAY,3,12.0
61036,1,4,130,2,9,80.0,0,I,MELB_URBAN,ROAD,7,8.0
61037,1,4,130,2,1,60.0,0,I,MELB_URBAN,ROAD,3,11.0
61038,2,4,99,5,1,50.0,0,N,SMALL_CITIES,STREET,3,11.0
61039,4,4,171,5,1,100.0,0,N,RURAL_VICTORIA,ROAD,3,12.0
61040,8,2,174,5,1,100.0,0,N,RURAL_VICTORIA,ROAD,3,12.0
61041,1,6,130,2,9,40.0,0,I,MELB_URBAN,ROAD,2,12.0
61042,1,4,99,5,1,50.0,0,N,SMALL_CITIES,STREET,3,13.0
61043,1,4,120,5,1,70.0,0,N,MELB_URBAN,ROAD,3,13.0
61044,2,5,100,2,3,80.0,0,I,SMALL_CITIES,HIGHWAY,3,20.0
61045,1,3,99,5,1,60.0,0,N,MELB_URBAN,ROAD,3,14.0
61046,8,1,99,5,1,100.0,0,N,RURAL_VICTORIA,ROAD,3,14.0
61047,1,5,135,1,1,60.0,0,I,MELBOURNE_CBD,STREET,2,16.0
61048,2,4,102,5,1,60.0,0,N,SMALL_CITIES,ROAD,3,15.0
61049,8,3,174,4,1,60.0,0,I,RURAL_VICTORIA,ROAD,3,14.0
61050,6,3,99,5,5,60.0,0,N,RURAL_VICTORIA,ROAD,3,20.0
61051,6,4,170,5,1,100.0,0,N,RURAL_VICTORIA,ROAD,3,16.0
61052,2,3,99,1,1,60.0,0,I,MELB_URBAN,ROAD,3,18.0
61053,1,3,99,2,1,40.0,0,I,MELB_URBAN,ROAD,3,17.0
61054,1,3,135,5,1,60.0,0,N,MELB_URBAN,HIGHWAY,3,17.0
61055,1,2,121,2,3,60.0,0,I,MELB_URBAN,ROAD,3,21.0
61056,1,2,110,1,2,50.0,0,I,TOWNS,STREET,3,6.0
61057,2,4,102,5,1,60.0,0,N,MELB_URBAN,STREET,3,19.0
61058,1,3,130,5,1,100.0,0,N,RURAL_VICTORIA,ROAD,3,19.0
61059,2,4,102,1,1,40.0,0,I,MELBOURNE_CBD,STREET,3,18.0
61060,1,4,111,2,1,60.0,0,I,MELB_URBAN,ROAD,3,18.0
61061,1,4,130,1,1,60.0,0,I,MELB_URBAN,ROAD,3,15.0
61062,1,4,130,5,1,50.0,0,N,MELB_URBAN,STREET,3,17.0
61063,4,5,183,5,3,100.0,0,N,MELB_URBAN,RAMP,2,23.0
61064,1,4,121,1,1,50.0,0,I,MELB_URBAN,STREET,3,8.0
61065,1,5,135,5,1,60.0,0,N,MELB_URBAN,ROAD,3,18.0
61066,1,4,135,1,3,40.0,0,I,MELB_URBAN,ROAD,3,22.0
61067,6,4,170,5,3,60.0,0,N,MELB_URBAN,DRIVE,3,21.0
61068,4,5,171,1,3,60.0,0,I,MELB_URBAN,ROAD,3,0.0
61069,4,4,171,2,3,60.0,0,N,MELB_URBAN,ROAD,3,1.0
61070,1,4,110,1,1,80.0,0,I,SMALL_CITIES,STREET,3,19.0
61071,1,4,110,1,3,60.0,0,I,MELB_URBAN,STREET,3,4.0
61072,1,3,130,2,1,70.0,0,I,MELB_URBAN,ROAD,3,8.0
61073,1,4,130,5,2,80.0,0,N,MELB_URBAN,FREEWAY,3,6.0
61074,2,2,99,5,1,40.0,0,N,MELB_URBAN,ROAD,2,13.0
61075,1,5,110,1,1,50.0,0,I,MELB_URBAN,STREET,3,8.0
61076,1,5,121,1,1,60.0,0,I,MELB_URBAN,STREET,3,8.0
61077,1,4,147,2,1,40.0,0,I,MELB_URBAN,STREET,3,9.0
61078,1,6,99,2,3,60.0,0,N,MELB_URBAN,ROAD,2,0.0
61079,1,4,120,5,1,60.0,0,N,SMALL_CITIES,RAMP,3,9.0
61080,1,5,147,5,1,70.0,0,N,MELB_URBAN,ROAD,3,7.0
61081,1,5,130,5,1,80.0,0,N,MELB_URBAN,ROAD,3,8.0
61082,1,4,110,1,1,70.0,0,N,MELB_URBAN,ROAD,3,11.0
61083,1,4,130,5,1,60.0,0,N,RURAL_VICTORIA,ROAD,3,10.0
61084,1,5,130,1,1,60.0,0,I,MELB_URBAN,ROAD,3,8.0
61085,1,4,130,2,1,70.0,0,I,MELB_URBAN,STREET,2,13.0
61086,1,3,130,2,1,80.0,0,I,MELB_URBAN,ROAD,3,18.0
61087,1,5,163,1,1,40.0,0,I,MELB_URBAN,ROAD,3,8.0
61088,1,3,130,5,1,60.0,0,N,TOWNS,ROAD,3,8.0
61089,1,2,130,5,1,60.0,0,N,MELB_URBAN,ROAD,3,11.0
61090,1,5,130,5,1,60.0,0,N,MELB_URBAN,ROAD,3,15.0
61091,1,5,173,5,1,50.0,0,N,MELB_URBAN,STREET,3,13.0
61092,1,4,110,1,2,50.0,0,I,MELB_URBAN,AVENUE,3,18.0
61093,1,5,113,2,1,80.0,0,I,MELB_URBAN,ROAD,3,13.0
61094,4,2,171,5,1,60.0,0,N,RURAL_VICTORIA,ROAD,3,19.0
61095,4,2,183,5,1,60.0,0,N,RURAL_VICTORIA,ROAD,3,12.0
61096,1,3,116,2,1,60.0,0,N,MELB_URBAN,DRIVE,3,9.0
61097,6,5,99,5,1,100.0,0,N,RURAL_VICTORIA,ROAD,3,13.0
61098,4,4,99,5,1,110.0,0,N,MELB_URBAN,FREEWAY,3,13.0
61099,1,4,130,4,1,80.0,0,I,MELB_URBAN,RAMP,2,14.0
61100,1,5,99,1,1,40.0,0,I,MELBOURNE_CBD,STREET,3,10.0
61101,1,5,121,2,1,60.0,0,I,MELB_URBAN,STREET,3,15.0
61102,2,5,99,5,1,60.0,0,N,MELBOURNE_CBD,STREET,3,12.0
61103,4,4,183,5,1,50.0,0,N,RURAL_VICTORIA,ROAD,3,8.0
61104,1,4,160,5,5,100.0,0,N,MELB_URBAN,FREEWAY,3,20.0
61105,1,5,110,1,1,100.0,0,I,RURAL_VICTORIA,ROAD,3,17.0
61106,2,4,99,5,1,70.0,0,N,MELB_URBAN,RAMP,3,18.0
61107,8,5,170,4,1,80.0,0,I,RURAL_VICTORIA,RAMP,3,16.0
61108,1,4,121,1,1,60.0,0,I,MELB_URBAN,ROAD,3,18.0
61109,1,5,99,5,1,50.0,0,N,MELB_URBAN,STREET,3,18.0
61110,1,4,130,5,1,100.0,0,N,MELB_URBAN,FREEWAY,3,17.0
61111,1,4,130,1,1,60.0,0,I,MELB_URBAN,STREET,3,18.0
61112,4,5,99,1,3,80.0,0,N,MELB_URBAN,ROAD,3,21.0
61113,4,4,99,5,3,50.0,0,N,MELB_URBAN,STREET,3,21.0
61114,1,6,130,1,3,70.0,0,I,MELB_URBAN,ROAD,3,6.0
61115,1,3,147,5,3,60.0,0,N,MELB_URBAN,ROAD,1,21.0
61116,8,6,184,5,1,60.0,0,N,RURAL_VICTORIA,ROAD,2,13.0
61117,1,5,130,5,3,70.0,0,N,MELB_URBAN,HIGHWAY,3,7.0
61118,2,6,102,2,1,50.0,0,I,MELB_URBAN,STREET,3,7.0
61119,1,4,121,2,1,60.0,0,I,MELB_URBAN,HIGHWAY,3,15.0
61120,8,6,174,1,1,60.0,0,I,RURAL_VICTORIA,STREET,3,9.0
61121,1,6,113,2,1,40.0,0,I,MELB_URBAN,STREET,3,8.0
61122,1,4,121,1,1,80.0,0,I,MELB_URBAN,OTHER,3,8.0
61123,1,5,120,2,1,60.0,0,I,MELB_URBAN,ROAD,3,8.0
61124,1,6,130,5,1,70.0,0,N,MELB_URBAN,ROAD,2,12.0
61125,1,6,130,5,1,80.0,0,N,MELB_URBAN,ROAD,2,16.0
61126,8,3,99,5,1,100.0,0,N,MELB_URBAN,RAMP,3,15.0
61127,1,4,130,2,1,70.0,0,I,MELB_URBAN,ROAD,3,7.0
61128,2,6,100,1,1,60.0,0,I,MELB_URBAN,ROAD,3,8.0
61129,1,6,130,5,1,100.0,0,N,MELB_URBAN,FREEWAY,3,10.0
61130,2,6,100,2,1,50.0,0,I,MELB_URBAN,ROAD,3,11.0
61131,4,6,183,5,1,100.0,0,N,RURAL_VICTORIA,ROAD,3,10.0
61132,1,6,130,2,1,80.0,0,I,MELB_URBAN,ROAD,3,11.0
61133,4,6,181,5,1,80.0,0,N,MELB_URBAN,ROAD,3,9.0
61134,1,6,130,5,1,60.0,0,N,MELB_URBAN,ROAD,3,12.0
61135,1,5,140,5,1,60.0,0,N,TOWNS,HIGHWAY,3,17.0
61136,1,4,99,1,3,60.0,0,I,MELB_URBAN,STREET,3,21.0
61137,1,5,110,1,1,50.0,0,I,SMALL_CITIES,DRIVE,3,17.0
61138,1,5,130,5,1,60.0,0,N,MELB_URBAN,STREET,3,15.0
61139,4,6,173,1,1,60.0,0,I,MELB_URBAN,ROAD,3,10.0
61140,1,6,147,5,1,60.0,0,N,TOWNS,STREET,3,8.0
61141,1,5,130,5,2,100.0,0,N,MELB_URBAN,FREEWAY,3,6.0
61142,4,6,181,5,1,110.0,1,N,RURAL_VICTORIA,UNKNOWN,3,13.0
61143,1,6,120,5,1,100.0,0,N,SMALL_CITIES,ROAD,3,9.0