,accident_type,day_of_week,dca_code,road_geometry,light_condition,speed_zone,severity,node_type,deg_urban_name,road_type,month,hour
61144,1,6,99,5,1,60.0,0,N,SMALL_CITIES,ROAD,3,14.0
61145,8,3,184,5,1,80.0,0,N,RURAL_VICTORIA,ROAD,3,14.0
61146,1,7,160,5,9,50.0,0,N,MELB_URBAN,DRIVE,3,12.0
61147,1,3,99,5,3,80.0,0,N,MELB_URBAN,HIGHWAY,3,20.0
61148,1,6,120,5,1,100.0,0,N,RURAL_VICTORIA,ROAD,3,13.0
61149,4,6,181,5,1,80.0,0,N,RURAL_VICTORIA,HIGHWAY,3,15.0
61150,4,6,181,5,1,60.0,0,N,RURAL_VICTORIA,ROAD,3,10.0
61151,1,4,130,2,1,60.0,0,I,LARGE_PROVINCIAL_CITIES,STREET,3,18.0
61152,1,0,111,2,1,60.0,0,I,MELB_URBAN,PARADE,3,6.0
61153,1,6,110,1,1,50.0,0,I,SMALL_CITIES,STREET,3,16.0
61154,2,6,99,2,1,60.0,0,I,MELB_URBAN,ROAD,3,16.0
61155,4,6,173,5,1,100.0,0,N,RURAL_VICTORIA,ROAD,3,14.0
61156,4,6,173,5,1,100.0,0,N,RURAL_VICTORIA,ROAD,3,15.0
61157,1,6,147,5,1,50.0,0,N,SMALL_CITIES,STREET,3,17.0
61158,1,5,130,5,1,60.0,0,N,MELB_URBAN,ROAD,3,16.0
61159,1,6,135,5,1,60.0,0,N,MELB_URBAN,STREET,3,16.0
61160,1,6,140,5,1,60.0,0,N,MELB_URBAN,ROAD,3,15.0
61161,1,6,99,5,3,80.0,0,N,MELB_URBAN,ROAD,3,20.0
61162,1,6,130,5,1,100.0,0,N,MELB_URBAN,FREEWAY,3,17.0
61163,6,6,174,5,1,100.0,0,N,RURAL_VICTORIA,ROAD,3,15.0
61164,1,6,121,1,1,60.0,0,I,MELB_URBAN,STREET,3,16.0
61165,1,5,110,1,1,50.0,0,I,SMALL_CITIES,UNKNOWN,3,15.0
61166,4,6,171,5,1,60.0,0,N,MELB_URBAN,ROAD,3,15.0
61167,1,6,130,5,5,100.0,0,N,MELB_URBAN,FREEWAY,3,19.0
61168,3,6,167,5,1,60.0,0,N,RURAL_VICTORIA,ROAD,3,17.0
61169,3,6,167,5,5,100.0,0,N,RURAL_VICTORIA,HIGHWAY,3,22.0
61170,1,6,121,2,2,60.0,0,I,MELB_URBAN,PARADE,3,19.0
61171,4,7,173,5,3,100.0,0,N,MELB_URBAN,ROAD,3,3.0
61172,2,7,100,5,3,60.0,0,N,LARGE_PROVINCIAL_CITIES,STREET,3,5.0
61173,1,7,113,1,3,60.0,0,I,MELB_URBAN,HIGHWAY,3,5.0
61174,1,5,121,1,1,70.0,0,I,MELB_URBAN,STREET,3,11.0
61175,1,7,110,1,2,60.0,0,I,MELB_URBAN,ROAD,3,7.0
61176,1,2,110,1,1,60.0,0,I,RURAL_VICTORIA,ROAD,3,10.0
61177,1,6,110,1,3,50.0,0,I,MELB_URBAN,OTHER,3,21.0
61178,1,3,110,1,3,40.0,0,I,MELB_URBAN,STREET,3,21.0
61179,1,5,130,2,1,70.0,0,N,MELB_URBAN,ROAD,3,17.0
61180,1,6,130,2,2,60.0,0,N,MELB_URBAN,AVENUE,3,19.0
61181,1,4,130,5,1,60.0,0,N,MELB_URBAN,ROAD,4,15.0
61182,1,7,140,5,1,60.0,0,N,MELB_URBAN,ROAD,3,11.0
61183,5,3,183,5,2,80.0,0,N,SMALL_TOWNS,STREET,9,18.0
61184,4,7,181,5,5,90.0,1,N,RURAL_VICTORIA,ROAD,3,4.0
61185,1,3,130,2,5,60.0,0,I,RURAL_VICTORIA,HIGHWAY,3,6.0
61186,1,7,135,5,1,100.0,0,N,RURAL_VICTORIA,FREEWAY,3,10.0
61187,1,3,130,5,1,60.0,0,N,SMALL_CITIES,OTHER,3,16.0
61188,1,5,130,5,1,100.0,0,N,MELB_URBAN,FREEWAY,3,17.0
61189,1,6,130,1,6,60.0,0,I,MELB_URBAN,STREET,3,21.0
61190,2,7,99,5,1,100.0,0,N,RURAL_VICTORIA,ROAD,3,13.0
61191,1,6,134,5,1,50.0,0,N,LARGE_PROVINCIAL_CITIES,UNKNOWN,3,18.0
61192,8,6,174,5,1,50.0,0,N,MELB_URBAN,STREET,3,15.0
61193,1,3,110,1,2,50.0,0,I,MELB_URBAN,AVENUE,3,18.0
61194,1,5,111,4,1,50.0,0,I,MELB_URBAN,RAMP,3,17.0
61195,1,7,120,5,1,70.0,0,N,MELB_URBAN,ROAD,3,17.0
61196,1,6,113,1,1,60.0,0,I,MELB_URBAN,ROAD,3,18.0
61197,4,7,135,5,2,100.0,0,N,MELB_URBAN,FREEWAY,3,19.0
61198,1,7,121,1,3,80.0,0,I,MELB_URBAN,ROAD,3,20.0
61199,4,7,181,5,1,60.0,0,N,SMALL_CITIES,DRIVE,3,18.0
61200,1,7,99,5,3,60.0,0,I,MELB_URBAN,ROAD,3,22.0
61201,1,7,121,1,3,60.0,0,I,MELB_URBAN,ROAD,3,21.0
61202,2,1,99,5,3,40.0,0,N,MELB_URBAN,STREET,3,0.0
61203,5,6,99,5,3,60.0,0,N,MELB_URBAN,ROAD,3,5.0
61204,1,1,110,1,3,60.0,0,I,MELB_URBAN,STREET,3,0.0
61205,1,1,121,1,1,50.0,0,I,MELB_URBAN,STREET,11,16.0
61206,4,1,181,2,3,60.0,0,I,SMALL_CITIES,DRIVE,3,5.0
61207,1,7,99,5,3,40.0,0,N,MELBOURNE_CBD,STREET,3,23.0
61208,1,5,110,1,3,50.0,0,I,MELB_URBAN,STREET,1,21.0
61209,1,6,130,1,1,50.0,0,I,MELB_URBAN,ROAD,3,12.0
61210,1,1,134,5,1,50.0,0,N,MELB_URBAN,STREET,3,15.0
61211,4,1,181,5,1,100.0,0,N,RURAL_VICTORIA,HIGHWAY,3,8.0
61212,4,0,171,5,1,40.0,0,N,MELB_URBAN,STREET,3,9.0
61213,6,0,174,2,1,60.0,0,I,TOWNS,BOULEVARD,3,9.0
61214,1,1,130,5,1,60.0,0,N,MELB_URBAN,ROAD,3,10.0
61215,1,1,120,5,1,80.0,0,I,RURAL_VICTORIA,ROAD,3,10.0
61216,8,7,174,5,1,60.0,0,N,RURAL_VICTORIA,ROAD,3,11.0
61217,1,0,147,5,1,60.0,0,N,MELB_URBAN,OTHER,3,8.0
61218,1,1,132,2,1,60.0,0,I,MELB_URBAN,ROAD,3,11.0
61219,1,0,99,5,1,60.0,0,N,MELB_URBAN,STREET,3,10.0
61220,6,6,184,5,1,80.0,0,N,RURAL_VICTORIA,OTHER,3,11.0
61221,1,1,160,2,1,50.0,0,I,MELB_URBAN,OTHER,3,14.0
61222,8,2,174,2,1,60.0,0,I,MELB_URBAN,PARADE,2,18.0
61223,1,1,110,1,1,50.0,0,I,MELB_URBAN,STREET,3,16.0
61224,8,7,174,5,1,60.0,0,N,RURAL_VICTORIA,ROAD,8,13.0
61225,1,1,110,1,1,100.0,0,I,RURAL_VICTORIA,ROAD,3,14.0
61226,8,1,170,1,1,60.0,0,I,MELB_URBAN,BOULEVARD,3,10.0
61227,8,1,174,2,1,60.0,0,I,RURAL_VICTORIA,ROAD,3,16.0
61228,4,6,181,5,1,100.0,0,N,RURAL_VICTORIA,ROAD,3,14.0
61229,1,1,121,2,1,80.0,0,I,RURAL_VICTORIA,AVENUE,3,16.0
61230,8,1,99,5,1,60.0,0,N,TOWNS,STREET,3,13.0
61231,1,1,130,2,1,80.0,0,I,MELB_URBAN,ROAD,3,18.0
61232,1,0,113,2,1,60.0,0,N,MELB_URBAN,ROAD,3,16.0
61233,1,0,113,2,1,60.0,0,I,MELB_URBAN,DRIVE,3,18.0
61234,1,1,99,5,1,100.0,0,N,MELB_URBAN,ROAD,3,14.0
61235,2,7,99,5,6,60.0,0,N,MELB_URBAN,STREET,3,4.0
61236,6,7,174,2,9,80.0,0,I,MELB_URBAN,HIGHWAY,1,16.0
61237,1,7,121,5,1,60.0,0,N,MELB_URBAN,ROAD,3,14.0
61238,2,1,100,5,1,50.0,0,N,MELB_URBAN,AVENUE,3,19.0
61239,1,1,140,5,1,60.0,0,I,MELB_URBAN,OTHER,3,17.0
61240,1,5,116,2,2,60.0,0,I,MELB_URBAN,STREET,3,19.0
61241,4,1,173,5,5,100.0,0,N,RURAL_VICTORIA,ROAD,3,20.0
61242,7,0,99,2,1,50.0,0,I,MELB_URBAN,OTHER,3,18.0
61243,6,1,174,5,1,50.0,0,N,MELB_URBAN,ROAD,3,19.0
61244,4,0,171,2,5,100.0,0,I,RURAL_VICTORIA,ROAD,3,22.0
61245,1,3,160,5,5,50.0,0,N,SMALL_CITIES,OTHER,3,19.0
61246,3,0,167,2,5,100.0,0,I,RURAL_VICTORIA,OTHER,3,22.0
61247,2,2,102,1,2,60.0,0,I,LARGE_PROVINCIAL_CITIES,STREET,3,6.0
61248,1,1,130,5,2,100.0,0,N,MELB_URBAN,FREEWAY,3,6.0
61249,3,2,167,5,5,80.0,0,N,RURAL_VICTORIA,ROAD,3,6.0
61250,1,2,113,2,1,50.0,0,I,MELB_URBAN,STREET,3,8.0
61251,1,1,99,1,2,60.0,0,I,MELB_URBAN,ROAD,3,6.0
61252,6,1,174,5,1,50.0,0,N,SMALL_CITIES,STREET,3,8.0
61253,1,1,130,5,5,80.0,0,N,RURAL_VICTORIA,ROAD,3,20.0
61254,5,7,99,5,1,100.0,0,N,RURAL_VICTORIA,ROAD,3,15.0
61255,1,4,135,5,1,100.0,0,N,MELB_URBAN,FREEWAY,10,8.0
61256,1,1,120,5,3,50.0,0,N,MELB_URBAN,AVENUE,3,19.0
61257,6,0,174,5,1,60.0,0,N,RURAL_VICTORIA,ROAD,3,14.0
61258,2,2,100,1,1,50.0,0,I,MELB_URBAN,STREET,3,10.0
61259,1,2,110,1,1,50.0,0,I,TOWNS,STREET,3,9.0
61260,1,2,121,1,1,80.0,0,N,MELB_URBAN,HIGHWAY,3,8.0
61261,1,2,130,5,1,60.0,0,N,MELB_URBAN,ROAD,3,11.0
61262,2,1,100,2,1,50.0,0,I,SMALL_CITIES,STREET,3,11.0
61263,1,5,130,2,1,60.0,0,I,LARGE_PROVINCIAL_CITIES,STREET,3,8.0
61264,1,2,135,5,1,100.0,0,N,MELB_URBAN,ROAD,3,11.0
61265,1,1,121,1,1,60.0,0,I,MELB_URBAN,ROAD,3,11.0
61266,5,2,99,5,1,80.0,0,N,RURAL_VICTORIA,HIGHWAY,3,7.0
61267,1,5,130,1,1,50.0,0,I,MELB_URBAN,ROAD,3,8.0
61268,2,2,99,5,1,50.0,0,N,MELB_URBAN,STREET,3,11.0
61269,1,1,160,5,1,70.0,0,N,MELB_URBAN,ROAD,3,12.0
61270,1,4,130,5,1,90.0,0,N,MELB_URBAN,ROAD,10,15.0
61271,1,4,113,2,3,60.0,0,I,MELB_URBAN,STREET,9,21.0
61272,1,6,147,5,1,60.0,0,N,MELB_URBAN,ROAD,3,17.0
61273,4,2,181,5,1,100.0,0,N,RURAL_VICTORIA,HIGHWAY,3,9.0
61274,4,1,171,5,3,80.0,0,N,MELB_URBAN,ROAD,3,20.0
61275,1,2,135,5,1,110.0,0,N,RURAL_VICTORIA,FREEWAY,3,13.0
61276,4,1,171,1,1,70.0,0,I,LARGE_PROVINCIAL_CITIES,HIGHWAY,3,7.0
61277,1,1,121,2,1,50.0,0,I,MELB_URBAN,ROAD,3,10.0
61278,1,1,133,5,1,110.0,0,N,RURAL_VICTORIA,HIGHWAY,3,16.0
61279,1,1,111,2,1,80.0,0,I,MELB_URBAN,ROAD,3,15.0
61280,1,4,99,5,1,100.0,0,N,RURAL_VICTORIA,ROAD,3,14.0
61281,1,2,130,1,1,60.0,0,I,MELB_URBAN,ROAD,3,16.0
61282,1,5,113,2,2,50.0,0,I,MELB_URBAN,STREET,3,19.0
61283,1,2,130,5,1,70.0,0,N,MELB_URBAN,ROAD,3,17.0
61284,1,2,130,1,1,80.0,0,I,MELB_URBAN,ROAD,3,18.0
61285,8,3,174,5,1,30.0,0,N,MELBOURNE_CBD,OTHER,2,7.0
61286,1,2,130,5,1,80.0,0,N,MELB_URBAN,ROAD,3,15.0
61287,1,1,121,1,1,60.0,0,I,MELB_URBAN,ROAD,3,14.0
61288,1,2,173,5,1,60.0,0,N,MELB_URBAN,ROAD,3,16.0
61289,1,2,130,5,1,60.0,0,N,LARGE_PROVINCIAL_CITIES,STREET,3,17.0
61290,1,2,120,5,1,50.0,0,N,MELB_URBAN,DRIVE,3,13.0
61291,2,1,100,5,1,60.0,0,N,MELB_URBAN,ROAD,3,14.0
61292,1,0,130,5,1,60.0,0,I,MELB_URBAN,ROAD,3,10.0
61293,1,2,132,2,3,60.0,0,I,MELB_URBAN,ROAD,3,20.0
61294,1,2,113,2,1,100.0,1,I,RURAL_VICTORIA,HIGHWAY,3,14.0
61295,2,2,100,5,2,60.0,0,N,MELB_URBAN,ROAD,3,18.0
61296,2,2,102,5,2,40.0,0,N,MELB_URBAN,ROAD,3,19.0
61297,1,2,120,5,2,50.0,0,N,MELB_URBAN,ROAD,3,19.0
61298,1,3,130,5,1,50.0,0,N,MELB_URBAN,STREET,1,9.0
61299,6,2,174,5,3,60.0,0,N,MELB_URBAN,ROAD,3,20.0
61300,4,2,173,5,3,60.0,0,N,MELB_URBAN,STREET,3,3.0
61301,1,2,135,5,3,100.0,0,N,MELB_URBAN,RAMP,3,20.0
61302,4,2,171,1,3,70.0,1,I,LARGE_PROVINCIAL_CITIES,ROAD,3,20.0
61303,1,2,135,5,1,70.0,0,N,LARGE_PROVINCIAL_CITIES,ROAD,3,19.0
61304,4,3,181,5,5,110.0,0,N,RURAL_VICTORIA,HIGHWAY,3,0.0
61305,3,3,167,5,5,100.0,0,N,RURAL_VICTORIA,ROAD,3,2.0
61306,1,7,116,2,1,60.0,0,I,MELB_URBAN,ROAD,12,10.0
61307,1,3,147,5,1,60.0,0,N,TOWNS,STREET,3,8.0
61308,1,3,130,5,1,100.0,0,N,MELB_URBAN,ROAD,3,7.0
61309,1,0,110,1,1,50.0,0,I,MELB_URBAN,STREET,3,12.0
61310,6,3,99,5,1,100.0,0,N,RURAL_VICTORIA,ROAD,3,7.0
61311,1,1,121,2,2,60.0,0,I,MELB_URBAN,DRIVE,3,18.0
61312,1,3,113,2,1,50.0,0,I,MELB_URBAN,ROAD,3,8.0
61313,4,2,171,1,1,100.0,0,I,RURAL_VICTORIA,ROAD,3,7.0
61314,5,5,99,5,1,60.0,0,N,RURAL_VICTORIA,OTHER,3,10.0
61315,2,3,100,2,1,50.0,0,I,SMALL_CITIES,OTHER,3,8.0
61316,1,3,111,1,1,60.0,0,I,MELB_URBAN,STREET,3,9.0
61317,4,1,171,5,1,60.0,0,N,RURAL_VICTORIA,OTHER,3,15.0
61318,1,2,99,2,1,40.0,0,I,MELB_URBAN,ROAD,3,8.0
61319,1,3,121,1,1,80.0,0,I,MELB_URBAN,ROAD,3,10.0
61320,1,3,160,5,1,60.0,0,N,MELB_URBAN,ROAD,3,11.0
61321,1,3,116,1,1,50.0,0,I,MELB_URBAN,STREET,11,15.0
61322,1,2,111,2,1,80.0,0,I,MELB_URBAN,ROAD,3,12.0
61323,1,3,110,1,1,40.0,0,I,MELB_URBAN,STREET,3,8.0
61324,2,7,99,2,3,60.0,0,I,MELB_URBAN,BOULEVARD,3,20.0
61325,1,3,147,5,1,60.0,0,N,MELB_URBAN,ROAD,3,9.0
61326,1,3,99,5,1,100.0,0,N,RURAL_VICTORIA,ROAD,3,10.0
61327,1,3,130,5,1,100.0,0,N,MELB_URBAN,RAMP,3,10.0
61328,1,5,121,1,1,60.0,0,I,MELB_URBAN,ROAD,9,11.0
61329,1,5,130,5,1,60.0,0,N,MELB_URBAN,ROAD,11,15.0
61330,1,2,99,2,1,50.0,0,I,LARGE_PROVINCIAL_CITIES,STREET,3,15.0
61331,1,3,110,1,1,50.0,0,I,TOWNS,STREET,3,15.0
61332,1,3,130,5,1,80.0,0,N,MELB_URBAN,ROAD,3,15.0
61333,1,3,130,2,1,40.0,0,I,MELB_URBAN,STREET,3,13.0
61334,1,2,130,5,1,40.0,0,N,SMALL_CITIES,STREET,3,16.0
61335,1,3,116,1,1,60.0,0,I,SMALL_CITIES,STREET,3,11.0
61336,8,7,174,2,1,50.0,0,I,LARGE_PROVINCIAL_CITIES,ROAD,3,8.0
61337,5,3,99,5,1,100.0,0,N,RURAL_VICTORIA,HIGHWAY,3,16.0
61338,1,4,130,5,9,60.0,0,N,MELB_URBAN,ROAD,3,19.0
61339,2,3,102,5,1,40.0,0,N,MELB_URBAN,ROAD,3,15.0
61340,8,3,174,2,1,60.0,0,I,LARGE_PROVINCIAL_CITIES,STREET,3,16.0
61341,1,2,160,5,1,50.0,0,N,MELB_URBAN,UNKNOWN,3,17.0
61342,1,3,130,5,1,60.0,0,N,MELB_URBAN,HIGHWAY,3,16.0
61343,4,2,183,5,1,100.0,0,N,RURAL_VICTORIA,STREET,3,18.0
61344,1,3,99,2,1,50.0,0,I,MELB_URBAN,ROAD,3,15.0
61345,1,3,130,2,1,60.0,0,I,MELB_URBAN,ROAD,3,18.0
61346,1,3,99,2,2,60.0,0,I,MELB_URBAN,STREET,3,19.0
61347,3,3,167,5,5,80.0,0,N,MELB_URBAN,ROAD,3,5.0
61348,1,2,130,1,1,50.0,0,I,MELB_URBAN,STREET,3,19.0
61349,1,3,110,1,1,60.0,0,I,MELB_URBAN,STREET,3,18.0
61350,1,3,160,5,2,60.0,0,N,MELB_URBAN,ROAD,3,19.0
61351,1,3,113,2,1,60.0,0,I,MELB_URBAN,ROAD,3,19.0
61352,1,3,99,5,2,60.0,0,N,MELB_URBAN,STREET,3,19.0
61353,1,2,111,1,3,60.0,0,I,LARGE_PROVINCIAL_CITIES,STREET,3,22.0
61354,3,4,167,2,5,100.0,0,I,RURAL_VICTORIA,HIGHWAY,3,0.0
61355,1,3,110,1,9,60.0,0,I,MELB_URBAN,ROAD,3,9.0
61356,1,2,121,2,1,60.0,0,I,MELB_URBAN,STREET,3,8.0
61357,1,4,130,5,1,50.0,0,N,MELB_URBAN,DRIVE,3,9.0
61358,1,4,113,2,1,80.0,0,I,MELB_URBAN,HIGHWAY,3,8.0
61359,1,2,99,2,1,60.0,0,I,MELB_URBAN,STREET,3,14.0
61360,1,4,130,5,3,60.0,0,N,RURAL_VICTORIA,ROAD,3,5.0
61361,8,7,99,5,1,100.0,0,N,RURAL_VICTORIA,ROAD,3,14.0
61362,1,3,130,1,1,60.0,0,I,MELB_URBAN,ROAD,3,7.0
61363,8,3,99,5,1,100.0,0,N,RURAL_VICTORIA,HIGHWAY,2,15.0
61364,1,2,110,1,1,60.0,0,N,MELB_URBAN,STREET,3,8.0
61365,4,3,183,5,1,80.0,0,N,SMALL_TOWNS,ROAD,3,15.0
61366,8,0,99,5,1,60.0,0,N,RURAL_VICTORIA,ROAD,3,9.0
61367,1,4,110,1,1,60.0,0,I,SMALL_CITIES,STREET,3,9.0
61368,1,4,147,5,1,50.0,0,N,MELB_URBAN,STREET,3,8.0
61369,1,4,113,2,1,60.0,0,I,MELB_URBAN,STREET,3,12.0
61370,1,5,130,2,1,60.0,0,I,MELB_URBAN,ROAD,3,17.0
61371,1,4,110,1,3,60.0,0,I,MELB_URBAN,ROAD,3,7.0
61372,1,4,113,2,1,60.0,0,I,LARGE_PROVINCIAL_CITIES,AVENUE,1,15.0
61373,1,3,160,5,1,60.0,0,N,MELB_URBAN,UNKNOWN,3,11.0
61374,4,7,171,5,5,80.0,0,N,MELB_URBAN,ROAD,3,18.0
61375,1,6,99,1,1,60.0,0,I,MELB_URBAN,AVENUE,1,13.0
61376,1,4,134,5,3,60.0,0,N,MELB_URBAN,ROAD,3,6.0
61377,3,4,167,5,1,80.0,0,N,MELB_URBAN,ROAD,3,12.0
61378,4,4,171,1,1,50.0,0,I,MELB_URBAN,ROAD,3,14.0
61379,1,4,111,2,2,60.0,0,N,MELB_URBAN,ROAD,3,6.0
61380,3,3,167,5,5,100.0,0,N,RURAL_VICTORIA,ROAD,3,23.0
61381,1,4,110,1,1,100.0,0,I,RURAL_VICTORIA,ROAD,3,14.0
61382,1,3,110,1,1,50.0,0,I,MELB_URBAN,STREET,3,13.0
61383,1,3,121,5,1,60.0,0,N,MELB_URBAN,ROAD,3,10.0
61384,8,3,174,5,1,60.0,0,N,MELB_URBAN,ROAD,3,16.0
61385,2,3,100,5,3,70.0,0,N,MELB_URBAN,ROAD,3,21.0
61386,1,3,130,2,1,70.0,0,I,SMALL_TOWNS,HIGHWAY,3,13.0
61387,1,2,130,1,1,80.0,0,I,MELB_URBAN,ROAD,3,8.0
61388,1,4,120,2,1,60.0,0,I,MELB_URBAN,STREET,3,17.0
61389,1,4,99,2,1,60.0,0,N,MELB_URBAN,ROAD,3,16.0
61390,1,3,130,5,1,70.0,0,N,MELB_URBAN,ROAD,2,9.0
61391,8,6,174,5,1,50.0,0,N,MELB_URBAN,STREET,1,13.0
61392,1,4,110,1,1,50.0,0,I,TOWNS,STREET,3,16.0
61393,1,1,135,5,3,80.0,0,N,MELB_URBAN,HIGHWAY,3,21.0
61394,2,3,102,2,3,40.0,0,I,MELB_URBAN,STREET,3,23.0
61395,1,4,121,1,1,60.0,0,I,MELB_URBAN,STREET,3,18.0
61396,6,4,99,5,5,100.0,0,N,RURAL_VICTORIA,ROAD,3,1.0
61397,1,5,130,1,3,80.0,0,I,MELB_URBAN,ROAD,3,1.0
61398,8,4,174,2,1,60.0,0,I,MELB_URBAN,ROAD,3,10.0
61399,1,5,120,2,3,50.0,0,I,MELB_URBAN,STREET,3,5.0
61400,1,4,120,5,1,60.0,0,N,MELB_URBAN,ROAD,3,8.0
61401,2,5,99,2,2,60.0,0,N,MELB_URBAN,ROAD,3,7.0
61402,5,3,99,5,2,100.0,0,N,RURAL_VICTORIA,ROAD,3,8.0
61403,1,5,120,5,1,40.0,0,N,MELB_URBAN,HIGHWAY,3,9.0
61404,6,7,174,5,1,60.0,0,N,RURAL_VICTORIA,ROAD,3,14.0
61405,6,1,174,2,1,100.0,0,I,RURAL_VICTORIA,ROAD,3,10.0
61406,2,4,102,5,5,60.0,0,N,MELB_URBAN,ROAD,3,20.0
61407,2,3,100,2,6,50.0,0,I,MELB_URBAN,STREET,3,6.0
61408,5,5,173,5,1,100.0,0,N,RURAL_VICTORIA,ROAD,3,11.0
61409,2,6,100,2,1,60.0,0,I,MELB_URBAN,ROAD,3,15.0
61410,1,7,130,5,6,100.0,0,N,MELB_URBAN,ROAD,12,22.0
61411,4,5,171,5,1,60.0,0,N,MELB_URBAN,ROAD,3,10.0
61412,1,3,130,1,9,80.0,0,I,MELB_URBAN,ROAD,2,8.0
61413,1,6,121,2,1,60.0,0,I,MELB_URBAN,DRIVE,2,17.0
61414,1,5,120,5,1,80.0,0,N,RURAL_VICTORIA,ROAD,3,12.0
61415,1,5,120,5,1,60.0,1,N,MELB_URBAN,ROAD,3,8.0
61416,2,5,99,5,1,50.0,0,N,MELB_URBAN,STREET,3,9.0
61417,1,5,130,1,1,60.0,0,I,MELB_URBAN,STREET,3,12.0
61418,1,5,113,2,1,50.0,0,I,MELB_URBAN,DRIVE,3,10.0
61419,1,5,99,5,1,50.0,0,N,MELB_URBAN,STREET,3,11.0
61420,9,4,99,5,1,100.0,0,N,RURAL_VICTORIA,HIGHWAY,2,9.0
61421,3,1,167,5,5,60.0,0,N,RURAL_VICTORIA,ROAD,2,4.0
61422,1,7,147,5,1,60.0,0,N,MELB_URBAN,ROAD,3,12.0
61423,4,7,171,2,1,80.0,0,I,MELB_URBAN,ROAD,3,8.0
61424,1,5,121,2,1,60.0,0,I,MELB_URBAN,ROAD,3,16.0
61425,2,5,100,1,1,80.0,0,I,MELB_URBAN,HIGHWAY,3,14.0
61426,2,5,100,1,1,50.0,0,I,MELBOURNE_CBD,STREET,3,15.0
61427,1,5,120,5,1,80.0,0,N,MELB_URBAN,ROAD,3,15.0
61428,6,7,174,5,1,40.0,0,N,MELBOURNE_CBD,STREET,2,18.0
61429,2,4,100,2,1,40.0,0,I,MELB_URBAN,PARADE,3,15.0
61430,1,1,130,5,1,100.0,0,N,MELB_URBAN,UNKNOWN,11,12.0
61431,1,3,121,2,1,50.0,0,I,MELB_URBAN,STREET,3,8.0
61432,1,4,163,2,1,60.0,0,N,MELB_URBAN,STREET,3,8.0
61433,1,5,121,2,1,70.0,0,N,MELB_URBAN,ROAD,3,17.0
61434,1,5,130,5,1,100.0,0,N,RURAL_VICTORIA,HIGHWAY,3,15.0
61435,1,2,132,4,1,60.0,0,I,SMALL_CITIES,ROAD,3,13.0
61436,1,4,99,2,9,80.0,0,I,MELB_URBAN,RAMP,2,16.0
61437,1,5,99,5,1,60.0,0,N,SMALL_CITIES,PARADE,3,16.0
61438,4,5,171,5,1,60.0,0,N,MELB_URBAN,STREET,3,16.0
61439,4,5,181,5,1,100.0,0,N,RURAL_VICTORIA,HIGHWAY,3,12.0
61440,1,5,99,5,1,60.0,0,N,MELB_URBAN,ROAD,3,18.0
61441,1,5,140,5,3,80.0,0,N,MELB_URBAN,ROAD,3,23.0
61442,1,6,133,5,3,80.0,0,N,MELB_URBAN,RAMP,3,2.0
61443,5,6,99,5,5,100.0,0,N,RURAL_VICTORIA,ROAD,3,0.0
61444,4,6,171,5,3,50.0,0,N,MELB_URBAN,DRIVE,3,4.0
61445,8,6,170,1,3,50.0,0,I,SMALL_CITIES,DRIVE,3,1.0
61446,1,4,99,2,3,50.0,0,I,MELB_URBAN,STREET,3,19.0
61447,1,6,110,1,1,60.0,0,I,SMALL_CITIES,STREET,3,9.0
61448,4,5,171,5,1,100.0,0,N,RURAL_VICTORIA,ROAD,3,8.0
61449,4,5,171,1,1,60.0,0,I,MELB_URBAN,ROAD,3,18.0
61450,1,6,130,1,1,80.0,0,I,MELB_URBAN,HIGHWAY,3,10.0
61451,1,6,130,5,1,80.0,0,N,MELB_URBAN,FREEWAY,3,10.0
61452,1,6,121,1,1,60.0,0,I,MELB_URBAN,AVENUE,3,10.0
61453,1,5,120,5,3,50.0,0,N,LARGE_PROVINCIAL_CITIES,PARADE,3,6.0
61454,1,5,99,1,3,60.0,0,I,MELB_URBAN,STREET,3,20.0
61455,1,5,130,2,1,40.0,0,N,MELB_URBAN,ROAD,3,11.0
61456,1,3,130,2,1,60.0,0,I,MELB_URBAN,ROAD,3,14.0
61457,4,6,173,5,1,40.0,0,N,MELB_URBAN,AVENUE,3,12.0
61458,1,6,121,2,1,60.0,0,I,MELB_URBAN,STREET,3,12.0
61459,4,5,181,5,1,80.0,0,N,RURAL_VICTORIA,ROAD,3,12.0
61460,4,6,171,5,1,100.0,0,N,RURAL_VICTORIA,HIGHWAY,3,13.0
61461,1,6,113,2,1,100.0,0,I,RURAL_VICTORIA,HIGHWAY,3,14.0
61462,1,1,130,1,3,70.0,0,I,MELB_URBAN,STREET,3,21.0
61463,1,6,130,1,1,80.0,0,I,LARGE_PROVINCIAL_CITIES,HIGHWAY,3,15.0
61464,1,4,99,5,1,40.0,0,N,MELB_URBAN,AVENUE,3,8.0
61465,1,6,130,1,1,60.0,0,I,MELB_URBAN,HIGHWAY,3,16.0
61466,4,6,181,5,1,70.0,0,N,RURAL_VICTORIA,ROAD,3,16.0
61467,1,5,99,2,2,50.0,0,I,MELB_URBAN,BOULEVARD,3,18.0
61468,6,6,174,1,2,60.0,0,N,MELB_URBAN,ROAD,3,6.0
61469,1,5,99,2,6,60.0,0,I,MELB_URBAN,AVENUE,3,20.0
61470,1,5,134,5,3,60.0,0,N,SMALL_CITIES,ROAD,3,19.0
61471,6,6,174,4,1,100.0,0,I,RURAL_VICTORIA,OTHER,3,14.0
61472,1,6,121,2,1,60.0,0,I,MELB_URBAN,ROAD,3,18.0
61473,1,4,134,5,1,60.0,0,N,MELB_URBAN,ROAD,3,7.0
61474,1,6,130,4,3,60.0,0,I,RURAL_VICTORIA,HIGHWAY,3,21.0
61475,1,6,113,1,3,60.0,0,I,MELB_URBAN,STREET,3,5.0