,accident_type,day_of_week,dca_code,road_geometry,light_condition,speed_zone,severity,node_type,deg_urban_name,road_type,month,hour
61476,4,7,171,5,3,80.0,0,N,MELB_URBAN,FREEWAY,3,0.0
61477,3,7,167,5,5,100.0,0,N,RURAL_VICTORIA,ROAD,3,6.0
61478,1,6,120,5,1,60.0,0,N,MELB_URBAN,ROAD,3,15.0
61479,1,7,130,5,1,100.0,0,N,RURAL_VICTORIA,HIGHWAY,3,7.0
61480,1,6,110,1,1,80.0,0,N,MELB_URBAN,ROAD,3,8.0
61481,1,3,113,2,2,60.0,0,I,MELB_URBAN,ROAD,12,7.0
61482,1,7,160,5,1,60.0,0,N,SMALL_CITIES,STREET,3,10.0
61483,1,7,130,1,1,70.0,0,I,MELB_URBAN,STREET,3,10.0
61484,4,6,183,5,1,100.0,0,N,LARGE_PROVINCIAL_CITIES,FREEWAY,3,8.0
61485,5,5,99,5,1,60.0,0,N,RURAL_VICTORIA,ROAD,3,12.0
61486,2,7,102,5,1,50.0,0,N,MELB_URBAN,STREET,3,12.0
61487,4,7,181,5,1,100.0,0,N,RURAL_VICTORIA,HIGHWAY,3,11.0
61488,1,7,140,5,1,50.0,0,N,LARGE_PROVINCIAL_CITIES,STREET,3,12.0
61489,8,6,184,5,1,60.0,0,N,RURAL_VICTORIA,ROAD,3,15.0
61490,1,6,130,5,1,60.0,0,N,MELB_URBAN,ROAD,3,11.0
61491,1,7,130,5,1,80.0,0,N,RURAL_VICTORIA,ROAD,3,11.0
61492,4,6,181,2,1,80.0,0,I,RURAL_VICTORIA,ROAD,3,17.0
61493,4,7,181,5,1,100.0,0,N,RURAL_VICTORIA,ROAD,3,8.0
61494,1,7,110,1,1,60.0,0,I,SMALL_CITIES,STREET,3,10.0
61495,1,7,130,2,1,60.0,0,N,MELB_URBAN,STREET,3,16.0
61496,2,7,100,1,1,60.0,0,I,MELB_URBAN,ROAD,3,14.0
61497,4,7,171,1,1,50.0,0,I,TOWNS,STREET,3,12.0
61498,8,3,174,2,1,60.0,0,N,TOWNS,ROAD,3,13.0
61499,4,7,171,1,1,70.0,0,N,MELB_URBAN,ROAD,3,15.0
61500,4,7,171,5,1,100.0,0,N,RURAL_VICTORIA,ROAD,3,11.0
61501,1,2,130,2,1,60.0,0,I,MELB_URBAN,ROAD,3,13.0
61502,4,7,173,5,1,100.0,0,N,RURAL_VICTORIA,ROAD,3,14.0
61503,6,4,174,5,1,60.0,0,N,RURAL_VICTORIA,OTHER,1,8.0
61504,8,6,174,1,1,50.0,0,I,TOWNS,STREET,3,15.0
61505,1,7,110,1,1,60.0,0,I,TOWNS,HIGHWAY,3,17.0
61506,4,7,183,5,1,100.0,0,N,RURAL_VICTORIA,ROAD,3,16.0
61507,1,7,130,4,1,60.0,0,I,MELB_URBAN,RAMP,3,16.0
61508,1,4,99,2,1,50.0,0,I,MELB_URBAN,STREET,3,10.0
61509,1,7,110,1,3,50.0,0,I,SMALL_CITIES,AVENUE,3,20.0
61510,4,7,181,5,5,100.0,0,N,RURAL_VICTORIA,ROAD,3,19.0
61511,1,5,111,1,3,60.0,0,I,MELB_URBAN,ROAD,3,23.0
61512,4,7,183,2,5,80.0,0,I,MELB_URBAN,ROAD,3,22.0
61513,1,1,160,2,3,60.0,0,I,SMALL_CITIES,STREET,3,3.0
61514,1,1,121,1,3,50.0,0,I,MELBOURNE_CBD,STREET,3,3.0
61515,2,1,102,4,3,60.0,0,N,MELB_URBAN,ROAD,3,0.0
61516,1,3,113,2,1,80.0,0,I,RURAL_VICTORIA,ROAD,3,8.0
61517,1,1,160,5,3,50.0,0,N,LARGE_PROVINCIAL_CITIES,STREET,3,4.0
61518,1,6,113,2,1,80.0,0,I,MELB_URBAN,ROAD,3,14.0
61519,8,6,174,1,9,40.0,0,I,MELB_URBAN,ROAD,3,16.0
61520,1,2,130,5,1,70.0,0,N,MELB_URBAN,ROAD,3,7.0
61521,1,5,130,1,1,60.0,0,N,MELB_URBAN,STREET,3,8.0
61522,6,1,99,5,5,100.0,0,N,RURAL_VICTORIA,HIGHWAY,3,5.0
61523,4,1,173,5,5,100.0,0,N,RURAL_VICTORIA,ROAD,3,6.0
61524,4,1,181,5,9,60.0,0,N,RURAL_VICTORIA,ROAD,3,10.0
61525,2,1,99,2,1,40.0,0,N,MELB_URBAN,STREET,3,10.0
61526,3,1,167,5,1,100.0,0,N,RURAL_VICTORIA,ROAD,3,12.0
61527,4,7,183,5,5,80.0,0,N,RURAL_VICTORIA,ROAD,3,22.0
61528,4,7,183,2,1,80.0,0,I,RURAL_VICTORIA,ROAD,3,15.0
61529,1,1,110,1,1,60.0,0,I,SMALL_CITIES,AVENUE,3,11.0
61530,1,0,147,5,1,50.0,0,N,MELB_URBAN,BOULEVARD,3,9.0
61531,4,6,173,5,3,80.0,0,N,RURAL_VICTORIA,ROAD,3,20.0
61532,8,5,184,5,1,100.0,0,N,RURAL_VICTORIA,ROAD,3,16.0
61533,1,6,121,5,1,70.0,0,N,LARGE_PROVINCIAL_CITIES,ROAD,3,14.0
61534,4,1,183,5,1,60.0,0,I,SMALL_CITIES,STREET,3,14.0
61535,1,1,116,2,1,60.0,0,I,MELB_URBAN,ROAD,3,11.0
61536,4,1,181,5,1,100.0,0,N,RURAL_VICTORIA,ROAD,3,15.0
61537,1,1,110,1,3,60.0,0,N,MELB_URBAN,ROAD,3,5.0
61538,1,2,130,5,9,80.0,0,N,MELB_URBAN,ROAD,3,9.0
61539,1,1,130,4,1,40.0,0,I,MELB_URBAN,ROAD,3,15.0
61540,1,1,132,2,1,100.0,0,I,RURAL_VICTORIA,HIGHWAY,3,17.0
61541,1,1,110,1,2,50.0,0,I,TOWNS,STREET,3,19.0
61542,4,0,173,5,1,50.0,0,N,MELB_URBAN,AVENUE,3,18.0
61543,4,1,181,2,1,100.0,0,I,RURAL_VICTORIA,OTHER,3,16.0
61544,4,1,173,5,1,50.0,0,N,LARGE_PROVINCIAL_CITIES,UNKNOWN,3,17.0
61545,1,5,99,2,2,60.0,0,I,MELB_URBAN,PARADE,3,19.0
61546,6,5,174,5,1,40.0,0,I,MELB_URBAN,STREET,3,9.0
61547,1,1,99,5,3,50.0,0,N,MELB_URBAN,STREET,3,21.0
61548,1,1,147,2,1,50.0,0,N,MELB_URBAN,STREET,2,18.0
61549,1,1,130,5,3,80.0,0,I,MELB_URBAN,ROAD,3,21.0
61550,6,1,174,5,5,100.0,0,N,RURAL_VICTORIA,ROAD,3,22.0
61551,4,1,173,5,3,60.0,0,I,MELB_URBAN,ROAD,3,23.0
61552,2,1,99,5,5,60.0,0,N,RURAL_VICTORIA,ROAD,3,23.0
61553,6,1,99,5,1,110.0,0,N,RURAL_VICTORIA,FREEWAY,3,18.0
61554,4,1,181,2,3,50.0,0,I,SMALL_TOWNS,ROAD,3,6.0
61555,2,1,100,2,1,60.0,0,I,MELB_URBAN,STREET,1,7.0
61556,4,2,181,5,1,100.0,0,N,RURAL_VICTORIA,DRIVE,3,8.0
61557,1,4,121,1,1,60.0,0,I,MELB_URBAN,ROAD,3,7.0
61558,1,1,111,2,1,60.0,0,I,MELB_URBAN,ROAD,3,17.0
61559,8,2,174,5,1,60.0,0,N,RURAL_VICTORIA,ROAD,3,16.0
61560,8,7,174,5,1,60.0,0,N,RURAL_VICTORIA,ROAD,3,17.0
61561,4,5,173,5,1,60.0,0,N,MELB_URBAN,ROAD,3,9.0
61562,4,2,181,5,1,80.0,0,N,RURAL_VICTORIA,ROAD,3,10.0
61563,1,1,99,5,1,50.0,0,N,TOWNS,STREET,3,11.0
61564,8,2,99,5,1,80.0,0,N,TOWNS,ROAD,3,11.0
61565,4,1,181,5,1,100.0,0,N,MELB_URBAN,UNKNOWN,3,9.0
61566,6,2,99,5,1,100.0,0,N,RURAL_VICTORIA,HIGHWAY,3,11.0
61567,1,2,130,2,1,60.0,0,I,MELB_URBAN,ROAD,3,11.0
61568,1,0,121,2,1,80.0,0,I,MELB_URBAN,ROAD,3,13.0
61569,1,2,110,1,2,50.0,0,I,MELB_URBAN,STREET,3,6.0
61570,1,1,160,5,1,40.0,0,N,MELB_URBAN,STREET,3,12.0
61571,1,2,130,5,1,40.0,0,N,RURAL_VICTORIA,HIGHWAY,3,14.0
61572,4,5,183,5,1,100.0,0,N,RURAL_VICTORIA,ROAD,3,17.0
61573,4,6,183,5,3,100.0,0,N,MELB_URBAN,FREEWAY,3,20.0
61574,1,2,99,5,1,100.0,0,N,MELB_URBAN,ROAD,3,12.0
61575,1,3,130,1,1,60.0,0,I,MELB_URBAN,STREET,3,18.0
61576,1,3,160,5,1,40.0,0,N,MELB_URBAN,STREET,3,18.0
61577,2,7,100,1,1,60.0,0,I,MELB_URBAN,ROAD,3,12.0
61578,1,2,130,2,2,60.0,0,I,MELB_URBAN,OTHER,3,19.0
61579,1,2,116,2,1,100.0,0,I,RURAL_VICTORIA,HIGHWAY,3,17.0
61580,1,2,110,1,3,50.0,0,I,MELB_URBAN,ROAD,3,20.0
61581,3,2,167,5,5,80.0,0,N,RURAL_VICTORIA,ROAD,3,19.0
61582,4,2,173,1,5,80.0,0,N,RURAL_VICTORIA,ROAD,3,3.0
61583,4,2,183,5,3,60.0,0,N,MELB_URBAN,ROAD,3,1.0
61584,6,3,174,5,5,80.0,0,N,RURAL_VICTORIA,AVENUE,3,4.0
61585,4,2,183,5,1,100.0,0,N,MELB_URBAN,FREEWAY,3,13.0
61586,1,3,130,5,1,60.0,0,N,MELB_URBAN,STREET,2,13.0
61587,4,3,171,5,3,80.0,1,N,MELB_URBAN,ROAD,3,3.0
61588,1,3,130,5,1,60.0,0,N,MELB_URBAN,RAMP,3,7.0
61589,1,3,113,2,1,60.0,0,I,LARGE_PROVINCIAL_CITIES,STREET,3,8.0
61590,1,6,121,2,1,70.0,0,I,SMALL_CITIES,ROAD,3,8.0
61591,1,3,130,2,1,80.0,0,N,MELB_URBAN,ROAD,3,8.0
61592,1,3,134,5,1,100.0,0,N,MELB_URBAN,ROAD,3,9.0
61593,1,4,130,2,1,70.0,0,I,LARGE_PROVINCIAL_CITIES,ROAD,3,9.0
61594,1,7,130,2,1,60.0,0,I,MELB_URBAN,STREET,2,11.0
61595,1,4,113,2,1,60.0,0,I,MELB_URBAN,ROAD,3,16.0
61596,1,3,121,2,1,60.0,0,I,LARGE_PROVINCIAL_CITIES,ROAD,3,11.0
61597,2,3,102,5,1,50.0,0,N,MELB_URBAN,STREET,3,10.0
61598,1,2,130,5,1,80.0,0,N,MELB_URBAN,OTHER,3,8.0
61599,1,4,99,2,1,50.0,0,I,MELB_URBAN,STREET,3,17.0
61600,1,3,110,1,1,80.0,0,I,MELB_URBAN,ROAD,3,12.0
61601,1,3,113,2,1,60.0,0,I,SMALL_CITIES,DRIVE,3,12.0
61602,5,3,99,5,1,100.0,0,N,RURAL_VICTORIA,ROAD,3,10.0
61603,4,3,183,5,1,110.0,0,N,RURAL_VICTORIA,FREEWAY,3,13.0
61604,1,3,99,5,1,100.0,0,N,RURAL_VICTORIA,HIGHWAY,3,12.0
61605,2,1,99,5,1,50.0,0,N,MELB_URBAN,STREET,3,19.0
61606,1,3,160,2,1,100.0,0,N,RURAL_VICTORIA,HIGHWAY,3,13.0
61607,2,6,100,2,3,60.0,0,N,LARGE_PROVINCIAL_CITIES,STREET,3,20.0
61608,7,3,99,2,1,60.0,0,I,SMALL_CITIES,STREET,3,15.0
61609,1,3,99,1,1,60.0,0,I,MELB_URBAN,STREET,3,12.0
61610,1,3,99,5,1,80.0,0,N,LARGE_PROVINCIAL_CITIES,ROAD,3,16.0
61611,4,2,171,5,1,60.0,0,N,MELB_URBAN,STREET,3,15.0
61612,1,3,99,5,1,60.0,0,N,MELB_URBAN,ROAD,3,16.0
61613,1,2,130,5,1,60.0,0,N,MELB_URBAN,FREEWAY,3,9.0
61614,1,3,120,5,2,40.0,0,N,RURAL_VICTORIA,ROAD,3,18.0
61615,1,3,121,1,1,60.0,0,I,MELB_URBAN,ROAD,3,16.0
61616,1,4,121,1,2,80.0,0,I,MELB_URBAN,HIGHWAY,3,19.0
61617,4,3,99,5,2,50.0,0,N,MELB_URBAN,OTHER,3,19.0
61618,1,2,130,5,3,70.0,0,N,MELB_URBAN,HIGHWAY,3,20.0
61619,2,3,100,5,1,60.0,0,N,MELB_URBAN,STREET,3,8.0
61620,1,2,121,1,3,60.0,0,I,RURAL_VICTORIA,DRIVE,3,20.0
61621,1,3,116,2,3,60.0,0,I,MELB_URBAN,ROAD,3,5.0
61622,1,4,121,4,3,40.0,0,I,MELB_URBAN,ROAD,3,5.0
61623,1,3,147,5,1,60.0,0,N,MELB_URBAN,ROAD,3,12.0
61624,1,3,130,1,3,80.0,0,N,MELB_URBAN,DRIVE,3,5.0
61625,4,3,181,5,1,100.0,0,N,RURAL_VICTORIA,ROAD,3,15.0
61626,1,3,110,1,1,80.0,0,I,RURAL_VICTORIA,HIGHWAY,3,7.0
61627,1,4,130,5,1,60.0,0,N,MELB_URBAN,ROAD,3,8.0
61628,6,6,174,5,1,60.0,0,N,RURAL_VICTORIA,UNKNOWN,3,18.0
61629,1,6,113,2,1,60.0,0,I,MELB_URBAN,ROAD,3,19.0
61630,1,3,121,5,1,30.0,0,N,MELB_URBAN,ROAD,3,9.0
61631,1,4,130,4,9,100.0,0,I,RURAL_VICTORIA,ROAD,3,6.0
61632,4,4,171,2,1,80.0,0,I,RURAL_VICTORIA,ROAD,3,10.0
61633,1,4,163,5,2,40.0,0,N,MELBOURNE_CBD,STREET,3,7.0
61634,8,7,170,5,1,60.0,0,N,TOWNS,DRIVE,3,17.0
61635,1,2,130,1,3,60.0,0,I,MELB_URBAN,ROAD,2,23.0
61636,1,4,110,1,1,60.0,0,I,MELB_URBAN,HIGHWAY,3,11.0
61637,8,6,174,5,9,60.0,0,N,MELB_URBAN,ROAD,3,16.0
61638,1,3,130,5,1,100.0,0,N,MELB_URBAN,ROAD,3,7.0
61639,1,4,130,2,1,60.0,0,I,MELB_URBAN,ROAD,3,12.0
61640,1,3,130,5,1,70.0,0,N,MELB_URBAN,ROAD,3,16.0
61641,3,3,167,5,5,100.0,0,N,RURAL_VICTORIA,ROAD,12,21.0
61642,1,3,99,1,1,60.0,0,I,MELB_URBAN,DRIVE,3,12.0
61643,1,3,130,2,9,60.0,0,I,MELB_URBAN,ROAD,3,7.0
61644,8,3,170,5,1,60.0,0,N,RURAL_VICTORIA,ROAD,3,11.0
61645,1,3,130,5,1,100.0,0,N,MELB_URBAN,ROAD,3,16.0
61646,1,3,160,5,1,60.0,0,N,MELB_URBAN,STREET,3,16.0
61647,1,1,113,1,5,70.0,0,I,MELB_URBAN,HIGHWAY,1,21.0
61648,1,4,130,5,2,80.0,0,N,MELB_URBAN,ROAD,3,17.0
61649,4,4,171,5,5,100.0,0,N,RURAL_VICTORIA,ROAD,3,22.0
61650,1,4,130,1,1,60.0,0,I,MELB_URBAN,ROAD,3,16.0
61651,1,3,132,5,2,80.0,0,N,RURAL_VICTORIA,ROAD,3,19.0
61652,4,4,181,5,1,100.0,0,N,RURAL_VICTORIA,UNKNOWN,3,16.0
61653,2,4,99,5,1,50.0,0,N,MELB_URBAN,ROAD,3,15.0
61654,1,3,99,4,2,60.0,0,I,MELB_URBAN,STREET,3,18.0
61655,4,4,171,5,1,80.0,0,N,MELB_URBAN,ROAD,3,11.0
61656,1,4,110,1,2,50.0,0,I,MELB_URBAN,AVENUE,3,19.0
61657,8,4,174,2,3,80.0,0,I,MELB_URBAN,ROAD,3,21.0
61658,4,3,171,5,1,60.0,0,N,SMALL_CITIES,AVENUE,3,15.0
61659,1,4,99,5,3,50.0,0,N,MELB_URBAN,STREET,3,5.0
61660,4,4,171,5,3,80.0,0,N,MELB_URBAN,ROAD,3,23.0
61661,1,3,121,1,3,60.0,0,I,MELB_URBAN,ROAD,3,20.0
61662,1,7,130,5,1,60.0,0,N,SMALL_CITIES,ROAD,2,16.0
61663,1,5,113,4,3,60.0,0,I,MELB_URBAN,RAMP,3,0.0
61664,2,4,99,5,3,50.0,0,N,MELB_URBAN,UNKNOWN,3,23.0
61665,4,4,173,5,6,80.0,0,N,RURAL_VICTORIA,ROAD,3,23.0
61666,1,4,120,5,1,60.0,0,N,LARGE_PROVINCIAL_CITIES,ROAD,3,15.0
61667,1,5,160,5,1,40.0,0,N,MELB_URBAN,HIGHWAY,3,12.0
61668,6,4,174,5,1,50.0,0,N,TOWNS,STREET,3,15.0
61669,4,6,171,4,3,60.0,0,I,RURAL_VICTORIA,HIGHWAY,1,21.0
61670,1,4,110,1,1,60.0,0,I,MELB_URBAN,ROAD,3,15.0
61671,1,5,130,5,1,100.0,0,N,MELB_URBAN,ROAD,3,8.0
61672,1,5,163,5,1,60.0,0,N,MELB_URBAN,ROAD,3,9.0
61673,1,7,120,2,5,100.0,0,I,RURAL_VICTORIA,STREET,3,22.0
61674,6,3,170,5,2,80.0,0,N,MELB_URBAN,ROAD,3,5.0
61675,4,4,171,5,5,100.0,0,N,RURAL_VICTORIA,ROAD,3,22.0
61676,1,5,130,5,1,100.0,0,N,MELB_URBAN,ROAD,3,11.0
61677,1,5,113,2,1,80.0,0,I,MELB_URBAN,ROAD,3,11.0
61678,4,4,99,1,1,60.0,0,I,MELB_URBAN,ROAD,3,9.0
61679,1,5,130,5,1,100.0,0,N,MELB_URBAN,ROAD,3,6.0
61680,1,6,130,2,1,60.0,0,I,MELB_URBAN,ROAD,3,17.0
61681,1,3,130,1,1,60.0,0,I,MELB_URBAN,STREET,2,14.0
61682,1,4,121,2,1,40.0,0,I,MELB_URBAN,ROAD,3,11.0
61683,1,5,130,5,1,60.0,0,N,TOWNS,HIGHWAY,3,17.0
61684,1,1,111,1,3,80.0,0,I,MELB_URBAN,HIGHWAY,2,21.0
61685,2,4,100,2,1,50.0,0,I,MELB_URBAN,ROAD,3,9.0
61686,1,5,121,1,1,60.0,0,I,LARGE_PROVINCIAL_CITIES,STREET,3,11.0
61687,1,0,130,1,3,60.0,0,I,MELB_URBAN,ROAD,3,19.0
61688,3,3,167,5,5,100.0,0,N,RURAL_VICTORIA,ROAD,3,21.0
61689,2,3,99,5,2,50.0,0,N,MELB_URBAN,ROAD,3,19.0
61690,1,5,110,1,1,100.0,0,I,RURAL_VICTORIA,ROAD,3,13.0
61691,1,5,121,2,1,50.0,0,I,MELB_URBAN,STREET,3,10.0
61692,1,3,99,5,1,60.0,0,N,MELB_URBAN,ROAD,3,15.0
61693,1,5,121,2,1,100.0,0,I,RURAL_VICTORIA,ROAD,3,15.0
61694,1,5,121,2,1,60.0,0,I,MELB_URBAN,BOULEVARD,3,16.0
61695,1,5,116,2,1,60.0,0,I,MELB_URBAN,STREET,3,15.0
61696,1,2,130,2,9,80.0,0,I,MELB_URBAN,ROAD,11,17.0
61697,1,5,113,1,1,60.0,0,I,RURAL_VICTORIA,HIGHWAY,3,17.0
61698,4,6,171,2,1,50.0,0,I,TOWNS,STREET,2,15.0
61699,1,4,130,5,1,50.0,0,N,MELB_URBAN,DRIVE,3,8.0
61700,1,4,110,1,1,60.0,0,I,MELB_URBAN,STREET,3,18.0
61701,1,5,181,5,2,80.0,0,N,RURAL_VICTORIA,STREET,3,17.0
61702,1,5,113,1,1,50.0,0,I,TOWNS,ROAD,3,17.0
61703,1,5,99,5,1,50.0,0,N,MELB_URBAN,ROAD,3,16.0
61704,2,5,100,1,1,50.0,0,I,MELB_URBAN,STREET,3,15.0
61705,1,3,135,5,2,80.0,0,N,MELB_URBAN,HIGHWAY,3,6.0
61706,1,5,116,2,1,80.0,0,I,MELB_URBAN,ROAD,3,9.0
61707,1,4,130,1,3,60.0,0,I,MELB_URBAN,ROAD,3,6.0
61708,1,5,130,2,1,50.0,0,I,MELB_URBAN,ROAD,3,18.0
61709,4,5,171,1,3,60.0,0,N,MELB_URBAN,ROAD,3,19.0
61710,1,5,130,5,9,80.0,0,N,MELB_URBAN,FREEWAY,3,16.0
61711,1,5,147,5,1,50.0,0,N,MELB_URBAN,AVENUE,3,18.0
61712,4,4,183,5,5,60.0,0,N,MELB_URBAN,ROAD,3,21.0
61713,1,5,121,2,3,40.0,0,I,MELB_URBAN,DRIVE,3,20.0
61714,1,5,121,2,1,60.0,0,I,MELB_URBAN,DRIVE,3,17.0
61715,1,4,173,5,3,60.0,0,N,MELB_URBAN,ROAD,3,5.0
61716,1,5,120,5,6,80.0,0,N,MELB_URBAN,ROAD,3,19.0
61717,2,5,102,5,2,60.0,0,N,MELB_URBAN,STREET,3,6.0
61718,1,3,160,5,3,50.0,0,N,MELB_URBAN,STREET,3,23.0
61719,4,6,171,1,3,50.0,0,I,SMALL_CITIES,STREET,4,1.0
61720,1,4,130,5,1,60.0,0,N,MELB_URBAN,ROAD,3,13.0
61721,4,5,99,6,1,50.0,0,N,MELB_URBAN,OTHER,3,14.0
61722,1,2,130,5,1,60.0,0,N,RURAL_VICTORIA,HIGHWAY,1,8.0
61723,1,5,121,2,1,30.0,0,I,MELB_URBAN,ROAD,4,8.0
61724,3,1,167,5,5,100.0,0,N,RURAL_VICTORIA,ROAD,3,23.0
61725,1,6,99,2,1,60.0,0,I,TOWNS,ROAD,4,9.0
61726,2,6,100,1,1,50.0,0,I,SMALL_CITIES,ROAD,11,18.0
61727,1,1,130,5,1,60.0,0,N,MELB_URBAN,ROAD,12,13.0
61728,1,6,116,2,1,60.0,0,I,MELB_URBAN,OTHER,4,10.0
61729,6,6,174,4,1,100.0,0,I,RURAL_VICTORIA,HIGHWAY,4,10.0
61730,4,6,173,2,1,50.0,0,I,MELB_URBAN,ROAD,4,12.0
61731,1,6,130,2,1,100.0,0,I,RURAL_VICTORIA,HIGHWAY,2,16.0
61732,1,6,110,1,1,80.0,0,I,MELB_URBAN,HIGHWAY,4,13.0
61733,1,6,130,2,1,60.0,0,I,LARGE_PROVINCIAL_CITIES,HIGHWAY,4,13.0
61734,2,6,102,1,1,50.0,0,I,MELB_URBAN,AVENUE,4,12.0
61735,1,6,130,5,3,60.0,0,N,MELB_URBAN,STREET,2,21.0
61736,1,5,163,5,2,40.0,0,N,MELB_URBAN,STREET,3,19.0
61737,2,3,99,5,3,60.0,0,N,MELB_URBAN,STREET,3,21.0
61738,4,6,173,5,1,80.0,0,N,RURAL_VICTORIA,ROAD,4,15.0
61739,1,6,110,1,1,50.0,0,I,SMALL_CITIES,AVENUE,4,14.0
61740,1,6,134,2,1,60.0,0,I,MELB_URBAN,STREET,4,15.0
61741,1,4,135,2,6,60.0,0,I,TOWNS,ROAD,3,19.0
61742,2,5,100,1,1,50.0,0,I,MELB_URBAN,STREET,4,15.0
61743,1,1,121,1,1,60.0,0,I,MELB_URBAN,ROAD,3,17.0
61744,1,6,134,2,1,60.0,0,N,MELB_URBAN,HIGHWAY,4,14.0
61745,1,5,130,1,1,70.0,0,I,MELB_URBAN,ROAD,4,14.0
61746,1,6,130,2,1,60.0,0,N,MELB_URBAN,OTHER,4,18.0
61747,1,5,130,5,1,60.0,0,N,MELB_URBAN,ROAD,4,16.0
61748,1,6,111,2,1,60.0,0,I,LARGE_PROVINCIAL_CITIES,STREET,4,16.0
61749,1,6,121,2,1,60.0,0,I,MELB_URBAN,ROAD,4,17.0
61750,1,4,130,2,1,60.0,0,I,MELB_URBAN,ROAD,3,17.0
61751,1,6,99,2,3,60.0,0,I,MELB_URBAN,STREET,4,19.0
61752,1,6,120,5,1,90.0,0,N,RURAL_VICTORIA,ROAD,4,17.0
61753,1,5,147,2,1,60.0,0,I,LARGE_PROVINCIAL_CITIES,ROAD,4,15.0
61754,2,5,99,5,3,40.0,0,I,MELBOURNE_CBD,STREET,4,20.0
61755,1,5,163,5,1,60.0,0,N,MELB_URBAN,PARADE,4,7.0
61756,4,6,171,5,5,100.0,0,N,RURAL_VICTORIA,HIGHWAY,4,21.0
61757,1,6,132,5,1,60.0,0,N,MELB_URBAN,ROAD,4,9.0
61758,2,6,99,5,3,60.0,0,N,MELB_URBAN,ROAD,4,21.0
61759,4,6,183,5,3,60.0,0,N,SMALL_CITIES,ROAD,4,21.0
61760,1,7,140,2,3,80.0,0,I,MELB_URBAN,HIGHWAY,4,2.0
61761,4,7,173,5,3,70.0,0,N,MELB_URBAN,ROAD,4,2.0
61762,1,6,99,1,1,70.0,0,I,MELB_URBAN,ROAD,4,14.0
61763,1,2,110,1,1,60.0,0,I,MELB_URBAN,AVENUE,3,14.0
61764,1,7,173,2,5,100.0,0,I,RURAL_VICTORIA,FREEWAY,4,1.0
61765,1,5,132,2,1,60.0,0,I,RURAL_VICTORIA,ROAD,3,15.0
61766,2,6,100,2,1,40.0,0,I,MELB_URBAN,STREET,4,14.0
61767,1,6,120,2,1,50.0,0,I,MELB_URBAN,ROAD,4,9.0
61768,1,7,121,2,1,60.0,0,I,MELB_URBAN,ROAD,4,10.0
61769,4,7,171,4,1,60.0,0,N,SMALL_CITIES,STREET,4,8.0
61770,1,7,110,1,1,80.0,0,I,RURAL_VICTORIA,ROAD,4,9.0
61771,2,3,99,1,9,70.0,0,I,MELB_URBAN,ROAD,2,8.0
61772,1,7,99,2,1,50.0,0,I,TOWNS,OTHER,4,8.0
61773,1,3,120,5,3,50.0,0,N,MELB_URBAN,BOULEVARD,3,20.0
61774,4,6,171,2,1,80.0,0,I,MELB_URBAN,ROAD,4,10.0
61775,1,7,110,1,1,60.0,0,I,MELB_URBAN,ROAD,4,10.0
61776,6,6,174,1,1,40.0,0,I,MELBOURNE_CBD,STREET,4,12.0
61777,1,4,99,1,1,60.0,0,I,MELB_URBAN,ROAD,11,11.0
61778,1,7,173,5,1,100.0,0,N,MELB_URBAN,UNKNOWN,4,12.0
61779,1,7,110,1,1,50.0,0,I,MELB_URBAN,STREET,4,9.0
61780,2,7,102,5,1,60.0,0,N,MELB_URBAN,ROAD,4,8.0
61781,1,7,121,1,1,60.0,0,I,MELB_URBAN,OTHER,4,13.0
61782,1,7,130,2,1,50.0,0,I,MELB_URBAN,ROAD,4,8.0
61783,4,7,171,5,1,60.0,0,N,MELB_URBAN,ROAD,4,11.0
61784,4,7,171,5,1,60.0,0,N,RURAL_VICTORIA,ROAD,4,14.0
61785,1,2,113,2,3,60.0,0,I,MELB_URBAN,ROAD,3,6.0
61786,1,7,130,1,1,50.0,0,I,TOWNS,STREET,4,16.0
61787,1,6,130,5,1,70.0,0,N,MELB_URBAN,ROAD,4,16.0
61788,1,7,135,5,1,100.0,0,N,MELB_URBAN,FREEWAY,7,14.0
61789,1,5,130,5,1,60.0,0,N,MELB_URBAN,UNKNOWN,3,16.0
61790,1,7,130,5,1,60.0,0,N,MELB_URBAN,HIGHWAY,4,11.0
61791,1,7,121,5,1,100.0,0,N,MELB_URBAN,ROAD,4,18.0
61792,4,7,171,5,1,60.0,0,N,MELB_URBAN,ROAD,4,15.0
61793,1,7,121,1,1,80.0,0,I,MELB_URBAN,ROAD,4,17.0
61794,4,7,183,5,1,60.0,0,N,RURAL_VICTORIA,ROAD,4,16.0
61795,1,7,121,1,2,50.0,0,I,MELB_URBAN,STREET,4,19.0
61796,3,7,167,5,5,70.0,0,N,TOWNS,ROAD,4,20.0
61797,2,7,100,1,3,60.0,0,I,MELB_URBAN,STREET,4,22.0
61798,1,7,130,5,6,60.0,0,N,MELB_URBAN,STREET,4,22.0
61799,4,6,171,1,3,60.0,0,I,LARGE_PROVINCIAL_CITIES,AVENUE,4,22.0
61800,1,7,120,5,3,60.0,0,N,MELB_URBAN,DRIVE,4,23.0
61801,3,7,167,5,5,100.0,0,N,RURAL_VICTORIA,ROAD,4,23.0
61802,4,0,173,5,5,70.0,0,N,MELB_URBAN,ROAD,4,2.0
61803,1,1,110,1,1,60.0,0,I,MELB_URBAN,STREET,3,9.0
61804,1,1,130,5,3,50.0,0,N,MELB_URBAN,STREET,4,4.0
61805,1,1,113,4,3,60.0,0,N,MELB_URBAN,RAMP,4,1.0
61806,4,6,183,5,1,80.0,0,N,RURAL_VICTORIA,ROAD,4,12.0
61807,2,6,102,2,1,60.0,0,I,MELB_URBAN,ROAD,4,13.0
61808,1,6,130,2,1,80.0,0,I,MELB_URBAN,HIGHWAY,4,17.0