,accident_type,day_of_week,dca_code,road_geometry,light_condition,speed_zone,severity,node_type,deg_urban_name,road_type,month,hour
61809,1,6,130,5,1,70.0,0,N,MELB_URBAN,ROAD,3,11.0
61810,6,1,174,5,1,60.0,0,N,MELB_URBAN,ROAD,4,9.0
61811,8,7,174,2,1,60.0,0,I,RURAL_VICTORIA,ROAD,3,13.0
61812,6,1,174,2,1,60.0,0,I,RURAL_VICTORIA,DRIVE,4,8.0
61813,1,1,130,5,1,80.0,0,N,MELB_URBAN,ROAD,4,11.0
61814,1,1,99,2,1,60.0,0,I,MELB_URBAN,AVENUE,3,18.0
61815,1,0,99,2,1,60.0,0,I,MELB_URBAN,STREET,4,10.0
61816,1,1,99,5,1,80.0,0,N,RURAL_VICTORIA,ROAD,4,11.0
61817,6,1,170,2,1,70.0,0,I,MELB_URBAN,ROAD,4,9.0
61818,1,1,99,5,1,80.0,0,N,RURAL_VICTORIA,ROAD,4,11.0
61819,1,1,99,2,1,60.0,0,I,MELB_URBAN,AVENUE,4,11.0
61820,1,1,113,2,1,80.0,0,I,RURAL_VICTORIA,ROAD,4,12.0
61821,1,2,130,1,1,50.0,0,I,MELB_URBAN,STREET,2,16.0
61822,1,1,121,5,1,70.0,0,N,MELB_URBAN,STREET,4,13.0
61823,1,3,147,5,3,80.0,0,N,MELB_URBAN,HIGHWAY,3,21.0
61824,8,1,99,5,1,100.0,0,N,RURAL_VICTORIA,OTHER,4,12.0
61825,1,1,99,5,1,100.0,0,N,RURAL_VICTORIA,HIGHWAY,4,11.0
61826,1,6,135,5,1,60.0,0,N,MELB_URBAN,STREET,4,16.0
61827,1,0,121,1,1,60.0,0,I,LARGE_PROVINCIAL_CITIES,STREET,4,15.0
61828,4,1,171,2,1,50.0,0,I,MELB_URBAN,ROAD,4,17.0
61829,2,1,99,5,1,50.0,0,N,SMALL_CITIES,STREET,4,17.0
61830,1,1,130,5,1,100.0,0,N,RURAL_VICTORIA,ROAD,4,17.0
61831,4,1,171,5,1,90.0,0,N,RURAL_VICTORIA,ROAD,4,14.0
61832,1,7,147,5,1,50.0,0,N,MELB_URBAN,STREET,2,10.0
61833,1,0,121,2,3,60.0,0,I,MELB_URBAN,ROAD,4,20.0
61834,1,1,121,1,1,60.0,0,I,MELB_URBAN,ROAD,4,16.0
61835,1,5,130,5,1,60.0,0,N,MELB_URBAN,ROAD,3,15.0
61836,4,1,171,5,1,100.0,0,N,RURAL_VICTORIA,HIGHWAY,4,16.0
61837,1,1,135,5,3,80.0,0,N,MELB_URBAN,FREEWAY,4,23.0
61838,1,1,135,5,3,100.0,0,N,MELB_URBAN,RAMP,4,1.0
61839,1,4,130,5,1,110.0,0,N,SMALL_CITIES,FREEWAY,10,15.0
61840,1,4,163,5,1,60.0,0,N,MELB_URBAN,STREET,3,8.0
61841,1,1,110,1,1,40.0,0,I,MELB_URBAN,STREET,4,8.0
61842,2,2,100,2,1,40.0,0,I,SMALL_CITIES,STREET,4,9.0
61843,1,7,130,1,1,60.0,0,I,RURAL_VICTORIA,HIGHWAY,4,12.0
61844,1,3,130,2,1,60.0,0,I,SMALL_CITIES,ROAD,3,10.0
61845,1,2,160,5,1,50.0,0,N,MELB_URBAN,OTHER,4,9.0
61846,8,7,184,5,1,60.0,0,N,RURAL_VICTORIA,ROAD,3,10.0
61847,8,7,174,5,1,60.0,0,N,RURAL_VICTORIA,ROAD,3,10.0
61848,1,2,99,2,1,60.0,0,I,MELB_URBAN,STREET,4,8.0
61849,1,2,130,1,1,60.0,0,I,LARGE_PROVINCIAL_CITIES,STREET,4,8.0
61850,1,2,130,5,1,100.0,0,N,MELB_URBAN,FREEWAY,4,8.0
61851,1,2,121,2,1,80.0,0,I,MELB_URBAN,DRIVE,4,8.0
61852,4,1,181,5,1,60.0,0,N,MELB_URBAN,ROAD,4,8.0
61853,1,2,121,2,1,60.0,0,I,MELB_URBAN,HIGHWAY,4,11.0
61854,1,6,130,5,1,100.0,0,N,MELB_URBAN,FREEWAY,3,15.0
61855,4,3,171,2,1,60.0,0,I,RURAL_VICTORIA,OTHER,2,12.0
61856,1,2,130,5,1,50.0,0,N,SMALL_CITIES,ROAD,4,10.0
61857,3,5,167,5,2,100.0,0,N,RURAL_VICTORIA,ROAD,3,19.0
61858,1,2,113,1,1,50.0,0,I,MELB_URBAN,AVENUE,4,8.0
61859,4,2,181,5,1,80.0,0,N,RURAL_VICTORIA,ROAD,4,13.0
61860,1,2,110,1,1,50.0,0,I,SMALL_CITIES,STREET,4,14.0
61861,8,6,184,2,1,100.0,0,I,RURAL_VICTORIA,ROAD,4,14.0
61862,4,1,171,5,3,50.0,0,N,TOWNS,DRIVE,4,23.0
61863,4,2,181,5,1,100.0,0,N,RURAL_VICTORIA,ROAD,4,14.0
61864,1,2,130,5,1,80.0,0,N,RURAL_VICTORIA,ROAD,4,11.0
61865,1,2,133,5,1,80.0,0,N,MELB_URBAN,UNKNOWN,4,14.0
61866,4,1,171,5,1,100.0,0,N,RURAL_VICTORIA,HIGHWAY,4,13.0
61867,1,2,130,5,2,100.0,0,N,MELB_URBAN,ROAD,4,6.0
61868,1,0,130,2,1,60.0,0,I,MELB_URBAN,ROAD,3,14.0
61869,1,1,130,5,1,100.0,0,N,MELB_URBAN,FREEWAY,4,17.0
61870,8,1,99,5,1,60.0,0,N,RURAL_VICTORIA,ROAD,3,16.0
61871,1,2,121,1,1,60.0,0,I,MELB_URBAN,STREET,4,16.0
61872,1,2,120,5,1,80.0,0,N,RURAL_VICTORIA,ROAD,4,16.0
61873,1,1,130,5,3,60.0,0,N,MELB_URBAN,ROAD,4,18.0
61874,1,2,121,1,1,60.0,0,I,MELB_URBAN,ROAD,4,17.0
61875,1,4,130,4,2,50.0,0,N,MELB_URBAN,OTHER,3,18.0
61876,4,1,173,5,1,60.0,0,N,TOWNS,ROAD,4,16.0
61877,1,1,110,1,1,50.0,0,I,MELB_URBAN,STREET,4,13.0
61878,4,2,173,2,3,60.0,0,I,MELB_URBAN,STREET,4,22.0
61879,1,2,135,5,3,80.0,0,N,MELB_URBAN,STREET,4,21.0
61880,2,2,99,5,6,50.0,0,N,RURAL_VICTORIA,STREET,4,18.0
61881,4,2,173,2,3,60.0,0,I,MELB_URBAN,OTHER,4,23.0
61882,1,2,130,2,1,70.0,0,I,RURAL_VICTORIA,ROAD,4,13.0
61883,2,3,100,5,2,60.0,0,N,MELB_URBAN,STREET,4,6.0
61884,1,5,130,1,1,60.0,0,I,MELB_URBAN,ROAD,3,16.0
61885,4,6,181,5,1,100.0,0,N,RURAL_VICTORIA,HIGHWAY,3,15.0
61886,6,3,174,1,3,40.0,0,I,MELBOURNE_CBD,STREET,4,6.0
61887,1,2,116,1,1,80.0,0,I,MELB_URBAN,HIGHWAY,4,9.0
61888,1,3,160,5,1,50.0,0,N,MELB_URBAN,DRIVE,4,7.0
61889,6,1,184,5,1,60.0,0,N,RURAL_VICTORIA,ROAD,4,12.0
61890,1,3,130,5,1,50.0,0,N,MELB_URBAN,STREET,4,9.0
61891,5,2,99,1,1,60.0,0,N,RURAL_VICTORIA,OTHER,3,14.0
61892,1,2,130,4,1,80.0,0,N,MELB_URBAN,RAMP,4,8.0
61893,1,3,120,2,1,60.0,0,I,MELB_URBAN,AVENUE,3,18.0
61894,1,3,147,5,1,60.0,0,N,MELB_URBAN,ROAD,4,9.0
61895,1,2,130,1,1,60.0,0,I,SMALL_CITIES,HIGHWAY,4,11.0
61896,1,1,99,5,1,50.0,0,N,MELB_URBAN,STREET,4,14.0
61897,2,5,100,4,1,60.0,0,I,MELB_URBAN,STREET,3,8.0
61898,1,1,130,5,1,100.0,0,N,MELB_URBAN,FREEWAY,4,6.0
61899,1,3,116,2,1,70.0,0,I,MELB_URBAN,ROAD,4,12.0
61900,1,5,130,5,9,70.0,0,N,MELB_URBAN,ROAD,3,17.0
61901,1,2,130,1,1,60.0,0,N,MELB_URBAN,ROAD,4,12.0
61902,1,6,160,5,2,50.0,0,N,MELB_URBAN,ROAD,3,18.0
61903,1,2,121,2,1,50.0,0,I,TOWNS,STREET,4,17.0
61904,1,2,110,1,1,50.0,0,I,MELB_URBAN,ROAD,4,12.0
61905,6,7,174,5,1,60.0,0,N,RURAL_VICTORIA,ROAD,3,17.0
61906,1,3,134,5,1,60.0,0,N,LARGE_PROVINCIAL_CITIES,STREET,4,12.0
61907,1,3,130,5,1,80.0,0,N,MELB_URBAN,OTHER,4,15.0
61908,6,1,184,5,1,60.0,0,N,RURAL_VICTORIA,ROAD,4,13.0
61909,6,1,99,5,1,100.0,0,N,RURAL_VICTORIA,ROAD,4,13.0
61910,2,3,99,5,1,50.0,0,N,MELB_URBAN,DRIVE,4,14.0
61911,4,3,171,5,1,100.0,0,N,RURAL_VICTORIA,ROAD,4,17.0
61912,1,6,116,1,1,60.0,0,I,MELB_URBAN,ROAD,3,15.0
61913,1,1,110,1,3,60.0,0,I,MELB_URBAN,ROAD,4,21.0
61914,1,6,130,2,1,50.0,0,I,MELB_URBAN,ROAD,2,16.0
61915,1,6,130,5,3,60.0,0,N,MELB_URBAN,ROAD,3,19.0
61916,1,3,130,5,5,100.0,0,N,MELB_URBAN,UNKNOWN,4,18.0
61917,1,3,130,1,1,60.0,0,I,MELB_URBAN,ROAD,3,13.0
61918,4,2,173,5,3,50.0,0,N,MELB_URBAN,OTHER,4,19.0
61919,8,6,170,5,1,80.0,0,N,RURAL_VICTORIA,ROAD,4,16.0
61920,8,1,174,1,2,80.0,0,I,MELB_URBAN,ROAD,4,19.0
61921,1,3,130,1,3,60.0,0,I,MELB_URBAN,ROAD,4,18.0
61922,1,3,135,5,1,100.0,0,N,MELB_URBAN,FREEWAY,4,17.0
61923,1,2,130,1,1,80.0,0,I,MELB_URBAN,HIGHWAY,3,10.0
61924,7,3,99,2,1,100.0,0,N,RURAL_VICTORIA,ROAD,4,17.0
61925,1,3,121,4,3,80.0,0,I,MELB_URBAN,HIGHWAY,4,19.0
61926,4,5,99,2,1,80.0,0,I,MELB_URBAN,ROAD,3,16.0
61927,1,3,99,4,1,80.0,0,I,MELB_URBAN,HIGHWAY,3,8.0
61928,3,3,167,5,1,100.0,0,N,RURAL_VICTORIA,ROAD,4,14.0
61929,4,3,99,2,1,50.0,0,I,MELB_URBAN,DRIVE,4,16.0
61930,1,1,130,5,3,80.0,0,N,MELB_URBAN,ROAD,4,23.0
61931,4,4,181,5,5,100.0,0,N,MELB_URBAN,RAMP,4,5.0
61932,1,3,113,1,1,60.0,0,I,MELB_URBAN,ROAD,4,14.0
61933,4,4,173,5,1,100.0,0,N,RURAL_VICTORIA,FREEWAY,4,7.0
61934,6,2,170,5,5,100.0,0,N,RURAL_VICTORIA,ROAD,4,21.0
61935,8,4,184,5,1,100.0,0,N,MELB_URBAN,RAMP,4,7.0
61936,1,1,130,5,9,80.0,0,N,MELB_URBAN,UNKNOWN,4,22.0
61937,4,3,173,5,1,70.0,0,N,MELB_URBAN,ROAD,4,7.0
61938,1,4,116,2,1,60.0,0,I,MELB_URBAN,ROAD,4,8.0
61939,4,4,171,5,1,80.0,0,N,RURAL_VICTORIA,ROAD,4,8.0
61940,1,4,130,1,1,50.0,0,I,MELB_URBAN,STREET,4,8.0
61941,1,3,130,5,1,60.0,0,N,MELB_URBAN,ROAD,3,15.0
61942,4,3,171,4,1,80.0,0,I,MELB_URBAN,ROAD,4,10.0
61943,1,1,121,4,1,60.0,0,I,MELB_URBAN,STREET,4,10.0
61944,1,1,99,5,1,60.0,0,N,SMALL_CITIES,STREET,4,10.0
61945,4,4,181,5,1,60.0,0,N,MELB_URBAN,ROAD,4,12.0
61946,1,4,130,5,1,80.0,0,N,MELB_URBAN,HIGHWAY,4,11.0
61947,1,4,113,2,1,80.0,0,I,MELB_URBAN,ROAD,4,12.0
61948,1,1,130,2,2,60.0,0,I,MELB_URBAN,ROAD,3,18.0
61949,1,4,173,5,1,100.0,0,N,MELB_URBAN,ROAD,4,7.0
61950,5,0,99,5,1,100.0,0,N,RURAL_VICTORIA,ROAD,4,14.0
61951,1,5,130,5,5,70.0,0,N,MELB_URBAN,ROAD,3,21.0
61952,4,4,171,5,1,60.0,0,N,MELB_URBAN,ROAD,4,13.0
61953,2,4,99,6,1,50.0,0,N,SMALL_CITIES,OTHER,4,11.0
61954,1,2,113,2,1,60.0,0,I,MELB_URBAN,STREET,3,16.0
61955,4,4,171,5,1,110.0,0,N,RURAL_VICTORIA,HIGHWAY,4,10.0
61956,1,3,130,2,1,60.0,0,I,MELB_URBAN,ROAD,4,15.0
61957,1,3,133,2,1,60.0,0,N,MELB_URBAN,ROAD,4,17.0
61958,8,3,174,5,1,50.0,0,N,MELB_URBAN,ROAD,4,16.0
61959,8,6,174,2,9,50.0,0,I,MELB_URBAN,STREET,3,16.0
61960,1,3,163,2,3,40.0,0,N,MELB_URBAN,STREET,4,18.0
61961,1,4,110,1,2,50.0,0,I,MELB_URBAN,STREET,4,17.0
61962,4,4,171,2,1,60.0,0,I,MELB_URBAN,STREET,4,13.0
61963,1,5,121,1,1,50.0,0,I,MELB_URBAN,ROAD,3,18.0
61964,1,4,130,2,1,60.0,0,N,TOWNS,ROAD,4,17.0
61965,1,3,130,1,1,70.0,0,I,MELB_URBAN,ROAD,4,16.0
61966,4,4,171,5,2,40.0,0,I,MELB_URBAN,ROAD,4,17.0
61967,8,3,99,5,6,60.0,0,N,MELB_URBAN,ROAD,3,21.0
61968,1,4,99,5,2,80.0,0,I,MELB_URBAN,ROAD,4,18.0
61969,1,3,99,5,3,60.0,0,N,MELB_URBAN,STREET,4,18.0
61970,4,4,183,5,5,60.0,0,N,RURAL_VICTORIA,ROAD,4,0.0
61971,4,4,99,5,3,60.0,0,N,MELB_URBAN,STREET,4,19.0
61972,6,4,184,5,1,100.0,0,N,MELB_URBAN,RAMP,4,16.0
61973,2,4,100,2,5,50.0,0,I,MELB_URBAN,ROAD,4,18.0
61974,1,3,163,5,2,50.0,0,N,MELB_URBAN,STREET,4,17.0
61975,1,6,130,2,1,60.0,0,I,MELB_URBAN,ROAD,4,16.0
61976,4,3,183,5,1,60.0,0,N,MELB_URBAN,RAMP,4,16.0
61977,1,4,130,1,3,80.0,0,I,MELB_URBAN,HIGHWAY,4,21.0
61978,2,4,102,5,3,60.0,0,N,MELB_URBAN,ROAD,4,20.0
61979,4,5,99,5,3,50.0,0,N,MELB_URBAN,DRIVE,4,5.0
61980,1,3,110,1,3,80.0,0,I,MELB_URBAN,ROAD,4,23.0
61981,1,5,134,5,9,60.0,0,I,MELB_URBAN,ROAD,4,6.0
61982,4,3,99,1,1,60.0,0,N,RURAL_VICTORIA,OTHER,4,17.0
61983,8,7,174,5,9,60.0,0,N,RURAL_VICTORIA,ROAD,3,10.0
61984,5,1,99,5,1,80.0,0,N,SMALL_CITIES,ROAD,4,12.0
61985,1,5,140,5,1,100.0,0,N,RURAL_VICTORIA,ROAD,4,7.0
61986,1,4,110,1,1,60.0,0,I,MELB_URBAN,STREET,4,15.0
61987,1,2,163,5,1,40.0,0,N,MELBOURNE_CBD,STREET,4,17.0
61988,1,4,110,1,1,50.0,0,I,MELB_URBAN,ROAD,4,10.0
61989,8,2,174,5,2,80.0,0,N,RURAL_VICTORIA,ROAD,4,17.0
61990,1,4,130,2,1,60.0,0,N,MELB_URBAN,ROAD,2,15.0
61991,1,5,111,1,1,50.0,0,I,MELB_URBAN,STREET,4,8.0
61992,4,4,173,5,1,60.0,0,N,SMALL_CITIES,STREET,4,11.0
61993,1,3,110,1,3,50.0,0,I,LARGE_PROVINCIAL_CITIES,STREET,3,22.0
61994,1,5,130,5,1,50.0,0,N,MELB_URBAN,STREET,4,10.0
61995,2,5,100,1,1,50.0,0,I,MELB_URBAN,STREET,4,8.0
61996,3,4,167,2,5,100.0,0,I,RURAL_VICTORIA,ROAD,4,18.0
61997,4,3,171,5,1,60.0,0,N,MELB_URBAN,ROAD,4,15.0
61998,8,4,174,1,1,50.0,0,I,SMALL_CITIES,BOULEVARD,3,10.0
61999,1,5,121,5,1,100.0,0,N,RURAL_VICTORIA,ROAD,4,11.0
62000,8,5,99,5,1,100.0,0,N,RURAL_VICTORIA,ROAD,4,11.0
62001,4,6,99,2,1,100.0,0,I,RURAL_VICTORIA,ROAD,12,19.0
62002,4,5,99,5,1,50.0,0,N,MELB_URBAN,STREET,4,11.0
62003,1,5,110,1,3,60.0,0,I,MELB_URBAN,STREET,4,2.0
62004,4,6,183,5,2,60.0,0,N,MELB_URBAN,ROAD,4,18.0
62005,1,2,130,2,1,80.0,0,I,MELB_URBAN,DRIVE,4,8.0
62006,1,4,130,5,1,100.0,0,N,MELB_URBAN,ROAD,1,17.0
62007,1,5,147,5,1,60.0,0,N,MELB_URBAN,ROAD,4,14.0
62008,4,5,173,5,1,100.0,0,N,RURAL_VICTORIA,HIGHWAY,4,16.0
62009,1,5,99,5,1,40.0,0,N,MELBOURNE_CBD,STREET,4,15.0
62010,1,6,130,2,1,70.0,0,I,MELB_URBAN,ROAD,3,12.0
62011,1,1,160,1,1,50.0,0,I,MELB_URBAN,ROAD,4,12.0
62012,1,5,130,5,2,100.0,0,N,RURAL_VICTORIA,ROAD,4,17.0
62013,1,5,121,5,2,70.0,0,I,MELB_URBAN,ROAD,4,17.0
62014,1,5,132,5,1,100.0,0,N,RURAL_VICTORIA,ROAD,4,16.0
62015,1,5,121,1,3,60.0,0,I,MELB_URBAN,STREET,4,18.0
62016,1,5,135,1,3,60.0,0,N,LARGE_PROVINCIAL_CITIES,STREET,4,18.0
62017,1,5,121,1,1,60.0,0,I,MELB_URBAN,ROAD,4,17.0
62018,8,5,174,1,3,40.0,0,I,MELB_URBAN,STREET,4,20.0
62019,1,5,113,2,3,60.0,0,I,TOWNS,ROAD,4,20.0
62020,8,5,174,5,3,60.0,0,N,SMALL_CITIES,STREET,4,20.0
62021,1,5,110,1,1,80.0,0,I,SMALL_CITIES,ROAD,4,16.0
62022,1,4,130,2,3,60.0,0,I,MELB_URBAN,ROAD,4,18.0
62023,4,5,171,5,1,50.0,0,N,MELB_URBAN,BOULEVARD,4,15.0
62024,1,5,99,5,3,100.0,0,N,MELB_URBAN,FREEWAY,4,19.0
62025,1,5,121,5,3,80.0,0,I,RURAL_VICTORIA,STREET,4,19.0
62026,4,5,99,2,5,100.0,0,I,RURAL_VICTORIA,ROAD,4,20.0
62027,4,5,183,5,5,100.0,0,N,RURAL_VICTORIA,HIGHWAY,4,1.0
62028,8,5,184,5,2,60.0,0,N,MELB_URBAN,ROAD,4,6.0
62029,1,5,130,1,1,60.0,0,I,MELB_URBAN,ROAD,3,10.0
62030,4,5,183,2,5,60.0,0,I,RURAL_VICTORIA,AVENUE,4,23.0
62031,1,5,113,1,1,60.0,0,I,LARGE_PROVINCIAL_CITIES,ROAD,3,17.0
62032,1,4,135,5,3,100.0,0,N,MELB_URBAN,FREEWAY,4,4.0
62033,1,6,110,1,3,100.0,0,I,MELB_URBAN,ROAD,4,5.0
62034,1,5,147,5,3,50.0,0,I,MELB_URBAN,AVENUE,4,18.0
62035,5,4,173,5,5,60.0,0,N,TOWNS,HIGHWAY,4,18.0
62036,1,6,111,2,1,80.0,0,I,RURAL_VICTORIA,HIGHWAY,4,7.0
62037,4,4,183,5,5,50.0,0,N,SMALL_TOWNS,STREET,4,19.0
62038,1,3,130,2,1,60.0,0,I,MELB_URBAN,ROAD,3,13.0
62039,1,5,99,2,1,60.0,0,I,SMALL_CITIES,ROAD,4,8.0
62040,1,5,133,1,1,60.0,0,I,MELB_URBAN,STREET,4,9.0
62041,2,2,102,1,1,60.0,0,I,MELB_URBAN,ROAD,4,14.0
62042,1,5,130,1,1,40.0,0,N,TOWNS,STREET,4,15.0
62043,2,5,99,5,1,40.0,0,N,MELB_URBAN,STREET,4,9.0
62044,8,0,174,5,1,80.0,0,N,RURAL_VICTORIA,ROAD,3,13.0
62045,2,5,99,5,1,50.0,0,N,MELB_URBAN,STREET,4,9.0
62046,5,3,99,5,1,90.0,0,N,RURAL_VICTORIA,ROAD,10,16.0
62047,1,4,134,5,1,80.0,0,N,MELB_URBAN,ROAD,4,10.0
62048,1,4,130,5,1,70.0,0,N,MELB_URBAN,ROAD,3,15.0
62049,1,5,121,1,1,60.0,0,I,MELB_URBAN,STREET,4,8.0
62050,1,6,130,5,1,50.0,0,N,SMALL_CITIES,STREET,4,12.0
62051,1,5,130,5,1,100.0,0,N,RURAL_VICTORIA,RAMP,4,11.0
62052,1,6,130,5,1,100.0,0,N,RURAL_VICTORIA,HIGHWAY,4,10.0
62053,1,6,99,1,1,50.0,0,I,MELB_URBAN,STREET,4,10.0
62054,1,6,113,2,1,100.0,0,I,RURAL_VICTORIA,HIGHWAY,4,10.0
62055,1,6,130,5,1,40.0,0,N,MELB_URBAN,ROAD,4,11.0
62056,2,6,102,5,1,40.0,0,N,MELB_URBAN,STREET,4,12.0
62057,1,6,130,5,1,80.0,0,N,MELB_URBAN,RAMP,4,7.0
62058,1,5,113,2,1,50.0,0,I,MELB_URBAN,STREET,4,10.0
62059,1,6,147,5,1,60.0,0,N,MELB_URBAN,ROAD,4,15.0
62060,1,6,113,2,1,70.0,0,I,MELB_URBAN,ROAD,4,13.0
62061,1,5,130,1,1,60.0,0,I,MELB_URBAN,AVENUE,4,15.0
62062,1,5,113,2,1,60.0,0,I,MELB_URBAN,OTHER,10,13.0
62063,8,1,174,2,1,60.0,0,I,RURAL_VICTORIA,OTHER,3,16.0
62064,1,6,163,5,1,60.0,0,N,MELB_URBAN,ROAD,4,15.0
62065,1,6,121,1,3,60.0,0,I,MELB_URBAN,ROAD,4,6.0
62066,1,6,121,2,1,70.0,0,I,MELB_URBAN,ROAD,4,15.0
62067,1,5,121,1,1,50.0,0,I,SMALL_CITIES,STREET,4,16.0
62068,1,3,130,5,9,60.0,0,N,MELB_URBAN,RAMP,3,16.0
62069,1,5,130,4,1,60.0,0,I,MELB_URBAN,ROAD,4,15.0
62070,1,6,134,2,1,70.0,1,I,MELB_URBAN,HIGHWAY,4,12.0
62071,1,6,163,2,1,40.0,0,N,MELBOURNE_CBD,STREET,4,16.0
62072,1,6,121,2,1,60.0,0,N,MELB_URBAN,STREET,4,16.0
62073,1,6,113,2,3,60.0,0,I,MELB_URBAN,STREET,4,18.0
62074,1,6,130,5,1,60.0,0,N,MELB_URBAN,STREET,4,16.0
62075,1,6,110,1,1,60.0,0,I,SMALL_CITIES,AVENUE,4,16.0
62076,4,6,99,1,1,60.0,0,I,LARGE_PROVINCIAL_CITIES,STREET,4,16.0
62077,1,5,111,4,3,60.0,0,I,MELB_URBAN,DRIVE,4,18.0
62078,1,6,130,5,5,100.0,0,N,MELB_URBAN,FREEWAY,4,18.0
62079,1,4,110,1,1,60.0,0,I,SMALL_CITIES,STREET,4,12.0
62080,2,6,102,5,6,50.0,0,N,MELB_URBAN,AVENUE,4,19.0
62081,2,5,100,5,1,50.0,0,N,MELB_URBAN,DRIVE,4,15.0
62082,8,6,184,5,1,60.0,0,N,TOWNS,AVENUE,4,14.0
62083,1,6,130,5,1,60.0,0,N,MELB_URBAN,ROAD,4,17.0
62084,1,6,120,2,3,60.0,0,I,SMALL_TOWNS,STREET,4,22.0
62085,1,5,130,2,1,60.0,0,I,LARGE_PROVINCIAL_CITIES,STREET,4,17.0
62086,1,7,130,2,3,60.0,0,I,MELB_URBAN,STREET,4,5.0
62087,1,3,113,2,1,50.0,0,I,MELB_URBAN,STREET,3,16.0
62088,8,6,174,5,2,80.0,0,N,MELB_URBAN,ROAD,4,17.0
62089,4,7,171,5,1,100.0,0,N,RURAL_VICTORIA,HIGHWAY,4,9.0
62090,1,7,163,5,1,50.0,0,N,MELB_URBAN,STREET,4,9.0
62091,2,7,100,5,1,70.0,0,N,MELB_URBAN,ROAD,4,12.0
62092,4,1,183,5,1,80.0,0,N,RURAL_VICTORIA,ROAD,4,9.0
62093,1,7,113,4,1,60.0,0,I,LARGE_PROVINCIAL_CITIES,ROAD,4,10.0
62094,1,7,130,5,1,60.0,0,N,SMALL_CITIES,ROAD,4,12.0
62095,2,7,99,5,1,40.0,0,N,MELB_URBAN,ROAD,4,10.0
62096,1,7,121,2,1,60.0,0,I,MELB_URBAN,ROAD,4,8.0
62097,2,7,100,5,1,60.0,0,N,MELB_URBAN,ROAD,4,13.0
62098,1,7,130,5,1,100.0,0,N,MELB_URBAN,FREEWAY,4,12.0
62099,1,6,110,1,1,100.0,0,I,RURAL_VICTORIA,ROAD,4,12.0
62100,1,7,121,2,1,60.0,0,I,MELB_URBAN,ROAD,4,14.0
62101,2,7,100,2,1,60.0,0,I,MELB_URBAN,HIGHWAY,4,10.0
62102,2,7,99,5,1,50.0,0,N,MELB_URBAN,STREET,4,14.0
62103,2,7,100,1,1,60.0,0,I,MELB_URBAN,ROAD,4,10.0
62104,4,3,99,2,2,80.0,0,I,RURAL_VICTORIA,ROAD,4,6.0
62105,1,7,163,5,1,40.0,0,N,MELB_URBAN,STREET,4,11.0
62106,1,7,99,2,1,50.0,0,I,MELB_URBAN,STREET,4,13.0
62107,1,6,130,5,1,50.0,0,N,MELB_URBAN,ROAD,4,12.0
62108,1,7,121,1,1,60.0,0,I,MELB_URBAN,ROAD,4,17.0
62109,8,7,174,5,1,60.0,0,N,MELB_URBAN,ROAD,4,17.0
62110,1,6,147,5,1,60.0,0,N,LARGE_PROVINCIAL_CITIES,ROAD,4,16.0
62111,1,7,160,5,1,50.0,0,N,MELB_URBAN,DRIVE,4,16.0
62112,1,6,110,1,3,50.0,0,I,SMALL_CITIES,ROAD,4,18.0
62113,1,5,130,5,1,60.0,0,N,MELB_URBAN,ROAD,4,16.0
62114,1,7,134,2,1,60.0,0,I,MELB_URBAN,STREET,4,16.0
62115,4,1,173,5,5,100.0,0,N,MELB_URBAN,FREEWAY,4,2.0
62116,2,1,99,2,3,50.0,0,I,MELB_URBAN,OTHER,4,2.0
62117,1,1,110,1,3,50.0,0,I,SMALL_CITIES,AVENUE,4,2.0
62118,4,1,171,5,5,80.0,0,N,RURAL_VICTORIA,ROAD,4,2.0
62119,1,0,160,5,3,50.0,0,N,MELB_URBAN,AVENUE,4,3.0
62120,1,0,99,5,3,60.0,0,N,MELB_URBAN,STREET,4,4.0
62121,8,3,174,2,1,100.0,0,I,RURAL_VICTORIA,ROAD,3,13.0
62122,2,1,99,5,1,40.0,0,I,MELBOURNE_CBD,OTHER,4,7.0
62123,1,7,113,2,1,50.0,0,I,MELB_URBAN,BOULEVARD,4,9.0
62124,1,5,130,1,1,80.0,0,I,MELB_URBAN,HIGHWAY,4,11.0
62125,1,1,133,5,1,60.0,0,N,MELB_URBAN,DRIVE,4,7.0
62126,2,7,100,2,1,50.0,0,I,MELB_URBAN,ROAD,1,12.0
62127,4,1,173,5,1,100.0,0,N,RURAL_VICTORIA,HIGHWAY,4,10.0
62128,1,1,110,1,1,60.0,0,I,MELB_URBAN,ROAD,4,12.0
62129,1,7,130,5,1,60.0,0,N,MELB_URBAN,UNKNOWN,4,12.0
62130,1,1,110,1,1,60.0,0,I,SMALL_CITIES,STREET,4,13.0
62131,8,1,99,5,1,100.0,0,N,RURAL_VICTORIA,HIGHWAY,4,9.0
62132,6,1,99,5,1,100.0,0,N,RURAL_VICTORIA,ROAD,4,11.0
62133,4,7,173,5,5,100.0,0,N,RURAL_VICTORIA,ROAD,4,23.0
62134,1,1,130,1,1,60.0,0,I,MELB_URBAN,STREET,4,14.0
62135,1,6,130,2,1,60.0,0,I,MELB_URBAN,OTHER,4,17.0
62136,6,1,170,5,1,100.0,0,N,RURAL_VICTORIA,HIGHWAY,4,14.0
62137,4,7,171,5,3,60.0,0,N,SMALL_CITIES,ROAD,4,23.0
62138,4,1,171,5,5,100.0,0,N,RURAL_VICTORIA,ROAD,4,3.0
62139,6,1,184,5,1,100.0,0,N,RURAL_VICTORIA,OTHER,4,10.0
62140,1,1,132,5,1,80.0,0,N,RURAL_VICTORIA,ROAD,4,15.0
62141,4,6,171,5,5,110.0,0,N,RURAL_VICTORIA,FREEWAY,3,23.0