,accident_type,day_of_week,dca_code,road_geometry,light_condition,speed_zone,severity,node_type,deg_urban_name,road_type,month,hour
62142,6,1,174,5,1,60.0,0,N,MELB_URBAN,STREET,4,13.0
62143,2,1,102,1,3,40.0,0,I,MELBOURNE_CBD,STREET,4,2.0
62144,4,1,183,5,1,60.0,0,N,RURAL_VICTORIA,DRIVE,4,14.0
62145,1,0,130,5,1,100.0,0,N,RURAL_VICTORIA,ROAD,4,11.0
62146,1,7,130,5,1,60.0,0,N,MELB_URBAN,STREET,4,9.0
62147,1,1,133,4,3,50.0,0,N,MELB_URBAN,STREET,4,17.0
62148,1,1,110,1,1,60.0,0,I,MELB_URBAN,ROAD,4,16.0
62149,1,1,134,1,5,100.0,0,I,RURAL_VICTORIA,HIGHWAY,4,17.0
62150,1,0,130,5,1,70.0,0,N,MELB_URBAN,ROAD,4,14.0
62151,3,1,167,5,5,100.0,0,N,RURAL_VICTORIA,ROAD,4,18.0
62152,1,1,130,2,3,60.0,0,I,MELB_URBAN,STREET,4,19.0
62153,1,1,130,1,1,60.0,0,I,RURAL_VICTORIA,ROAD,4,15.0
62154,1,1,113,2,3,60.0,0,I,MELB_URBAN,ROAD,4,19.0
62155,1,1,160,5,3,50.0,0,N,MELB_URBAN,STREET,4,19.0
62156,1,1,134,4,1,60.0,0,I,MELB_URBAN,ROAD,2,9.0
62157,1,1,99,5,3,60.0,0,N,MELB_URBAN,STREET,4,5.0
62158,1,1,120,1,1,40.0,0,I,MELB_URBAN,STREET,4,15.0
62159,1,1,99,5,1,50.0,0,N,MELB_URBAN,ROAD,4,16.0
62160,4,2,171,5,3,100.0,0,N,MELB_URBAN,ROAD,4,1.0
62161,1,0,140,2,3,80.0,0,I,MELB_URBAN,HIGHWAY,4,22.0
62162,1,1,140,5,1,80.0,0,N,MELB_URBAN,HIGHWAY,4,13.0
62163,1,1,130,2,2,70.0,0,I,MELB_URBAN,ROAD,4,5.0
62164,4,2,171,5,1,100.0,0,N,RURAL_VICTORIA,ROAD,4,6.0
62165,1,4,140,5,1,60.0,0,N,SMALL_CITIES,STREET,3,16.0
62166,1,6,110,1,3,60.0,0,I,SMALL_CITIES,AVENUE,4,3.0
62167,6,1,99,5,1,60.0,0,N,RURAL_VICTORIA,ROAD,1,12.0
62168,1,2,130,2,1,80.0,0,I,MELB_URBAN,ROAD,4,9.0
62169,2,2,100,5,1,60.0,0,N,MELB_URBAN,UNKNOWN,4,10.0
62170,1,4,99,1,1,60.0,0,I,TOWNS,ROAD,12,17.0
62171,1,2,113,2,1,100.0,0,I,TOWNS,ROAD,4,9.0
62172,4,1,173,1,1,50.0,0,I,MELB_URBAN,ROAD,4,9.0
62173,1,2,113,2,1,80.0,0,I,MELB_URBAN,HIGHWAY,4,9.0
62174,1,1,120,5,1,60.0,0,N,TOWNS,STREET,4,12.0
62175,1,3,99,2,1,60.0,0,I,MELB_URBAN,STREET,4,9.0
62176,1,2,130,5,1,40.0,0,N,LARGE_PROVINCIAL_CITIES,ROAD,4,12.0
62177,6,1,174,5,1,60.0,0,N,RURAL_VICTORIA,OTHER,4,10.0
62178,1,7,135,5,1,100.0,0,N,MELB_URBAN,ROAD,4,12.0
62179,1,1,132,2,2,60.0,0,I,SMALL_CITIES,STREET,4,7.0
62180,1,2,121,2,1,80.0,0,I,MELB_URBAN,ROAD,4,13.0
62181,7,6,99,5,1,50.0,0,N,MELB_URBAN,STREET,3,9.0
62182,1,5,121,2,1,60.0,0,I,MELB_URBAN,STREET,4,17.0
62183,1,2,110,1,1,60.0,0,I,LARGE_PROVINCIAL_CITIES,STREET,4,11.0
62184,6,1,99,5,1,70.0,0,N,MELB_URBAN,PARADE,4,12.0
62185,1,2,121,1,1,60.0,0,I,MELB_URBAN,STREET,4,14.0
62186,6,6,184,5,1,80.0,0,N,RURAL_VICTORIA,HIGHWAY,4,10.0
62187,1,2,113,2,1,60.0,0,I,MELB_URBAN,ROAD,4,8.0
62188,1,6,163,5,1,60.0,0,N,MELB_URBAN,STREET,3,9.0
62189,2,3,100,5,1,50.0,0,N,MELB_URBAN,STREET,3,13.0
62190,8,2,174,1,1,50.0,0,I,MELB_URBAN,DRIVE,9,13.0
62191,4,2,173,5,1,100.0,0,N,RURAL_VICTORIA,OTHER,4,9.0
62192,1,0,110,1,1,80.0,0,I,RURAL_VICTORIA,ROAD,4,15.0
62193,8,1,99,5,9,60.0,0,N,RURAL_VICTORIA,UNKNOWN,8,13.0
62194,4,1,171,5,4,50.0,0,N,MELB_URBAN,ROAD,4,20.0
62195,2,2,99,5,1,40.0,0,N,MELB_URBAN,STREET,4,16.0
62196,1,1,110,1,1,40.0,0,I,MELB_URBAN,STREET,4,15.0
62197,2,2,100,1,1,60.0,0,I,MELB_URBAN,HIGHWAY,4,16.0
62198,1,2,130,1,1,60.0,0,I,RURAL_VICTORIA,STREET,4,16.0
62199,1,2,121,1,2,60.0,0,I,LARGE_PROVINCIAL_CITIES,STREET,4,17.0
62200,8,2,174,5,1,60.0,0,N,TOWNS,HIGHWAY,4,17.0
62201,1,1,130,1,3,80.0,0,I,MELB_URBAN,HIGHWAY,4,19.0
62202,1,2,116,2,3,80.0,0,I,MELB_URBAN,HIGHWAY,4,18.0
62203,8,7,174,5,1,60.0,0,N,MELB_URBAN,ROAD,4,8.0
62204,2,7,99,5,1,50.0,0,N,MELB_URBAN,STREET,4,15.0
62205,1,2,99,5,1,60.0,0,N,MELB_URBAN,STREET,4,16.0
62206,1,1,121,9,3,80.0,0,I,MELB_URBAN,ROAD,4,21.0
62207,1,1,135,2,3,70.0,0,I,MELB_URBAN,STREET,4,21.0
62208,1,2,130,5,1,80.0,0,N,SMALL_CITIES,HIGHWAY,4,16.0
62209,1,3,130,5,3,80.0,0,N,MELB_URBAN,ROAD,4,5.0
62210,4,3,173,5,1,100.0,0,N,MELB_URBAN,RAMP,4,7.0
62211,1,3,99,2,1,40.0,0,I,MELB_URBAN,ROAD,4,8.0
62212,1,3,99,2,1,60.0,0,I,SMALL_CITIES,STREET,2,15.0
62213,1,2,110,1,1,50.0,0,I,MELB_URBAN,AVENUE,4,9.0
62214,4,3,181,5,1,80.0,0,N,RURAL_VICTORIA,ROAD,4,8.0
62215,1,2,130,5,1,60.0,0,N,MELB_URBAN,STREET,4,8.0
62216,1,7,147,5,9,50.0,0,N,LARGE_PROVINCIAL_CITIES,ROAD,2,19.0
62217,1,1,113,2,1,80.0,0,N,MELB_URBAN,ROAD,4,10.0
62218,1,2,116,2,1,50.0,0,I,MELB_URBAN,AVENUE,4,10.0
62219,1,2,130,5,1,70.0,0,N,MELB_URBAN,ROAD,4,15.0
62220,1,2,110,1,1,50.0,0,I,MELB_URBAN,PARADE,3,9.0
62221,4,6,171,5,2,50.0,0,N,TOWNS,OTHER,3,19.0
62222,6,3,174,5,1,60.0,0,N,MELB_URBAN,AVENUE,4,12.0
62223,1,3,130,5,1,60.0,0,N,MELB_URBAN,ROAD,4,8.0
62224,4,3,181,5,1,100.0,0,N,RURAL_VICTORIA,HIGHWAY,4,8.0
62225,1,2,140,5,9,50.0,0,N,MELB_URBAN,STREET,3,19.0
62226,1,2,113,2,1,100.0,0,I,RURAL_VICTORIA,HIGHWAY,4,6.0
62227,1,4,111,1,1,60.0,0,I,MELB_URBAN,ROAD,3,7.0
62228,8,6,174,5,3,40.0,0,N,MELB_URBAN,DRIVE,2,20.0
62229,2,3,99,5,1,50.0,0,N,MELB_URBAN,ROAD,4,14.0
62230,7,2,99,2,1,40.0,0,I,MELB_URBAN,STREET,4,11.0
62231,1,3,160,5,1,50.0,0,N,LARGE_PROVINCIAL_CITIES,BOULEVARD,4,13.0
62232,1,4,135,5,9,60.0,0,N,MELB_URBAN,UNKNOWN,4,11.0
62233,4,3,171,2,1,40.0,0,I,SMALL_CITIES,ROAD,4,15.0
62234,1,2,130,1,3,60.0,0,I,MELB_URBAN,STREET,4,18.0
62235,1,4,130,2,1,50.0,0,I,LARGE_PROVINCIAL_CITIES,STREET,3,17.0
62236,6,2,184,5,1,100.0,0,N,RURAL_VICTORIA,ROAD,4,16.0
62237,4,2,183,5,5,100.0,0,N,RURAL_VICTORIA,ROAD,4,3.0
62238,1,3,130,5,1,80.0,0,N,MELB_URBAN,ROAD,4,16.0
62239,1,3,140,2,1,60.0,0,I,MELB_URBAN,ROAD,4,17.0
62240,1,3,130,5,2,60.0,0,N,MELB_URBAN,ROAD,4,17.0
62241,1,3,120,5,1,100.0,0,N,RURAL_VICTORIA,HIGHWAY,4,11.0
62242,6,3,170,5,1,100.0,0,N,RURAL_VICTORIA,ROAD,4,14.0
62243,2,3,102,2,2,60.0,0,N,MELB_URBAN,STREET,4,18.0
62244,1,3,120,5,1,100.0,0,N,RURAL_VICTORIA,ROAD,4,15.0
62245,1,2,110,1,2,60.0,0,I,MELB_URBAN,ROAD,4,18.0
62246,1,3,120,5,1,70.0,0,N,MELB_URBAN,HIGHWAY,4,17.0
62247,1,3,120,5,1,80.0,0,N,RURAL_VICTORIA,ROAD,4,12.0
62248,8,3,174,5,3,60.0,0,N,MELB_URBAN,ROAD,4,18.0
62249,1,3,130,1,1,60.0,0,I,LARGE_PROVINCIAL_CITIES,STREET,4,17.0
62250,2,3,102,1,3,60.0,0,I,MELB_URBAN,STREET,4,19.0
62251,1,3,147,5,1,60.0,1,N,MELB_URBAN,ROAD,4,17.0
62252,1,3,99,2,1,60.0,0,I,MELB_URBAN,AVENUE,4,17.0
62253,1,2,121,2,3,60.0,0,I,SMALL_CITIES,STREET,4,18.0
62254,1,3,110,1,1,60.0,0,I,MELB_URBAN,STREET,4,17.0
62255,3,3,167,5,1,50.0,0,N,MELB_URBAN,AVENUE,4,10.0
62256,1,0,130,2,1,80.0,0,I,RURAL_VICTORIA,ROAD,3,15.0
62257,1,5,160,5,5,50.0,0,N,MELB_URBAN,STREET,4,21.0
62258,8,3,99,5,1,100.0,0,N,RURAL_VICTORIA,ROAD,4,13.0
62259,1,2,113,2,3,50.0,0,I,MELB_URBAN,ROAD,4,19.0
62260,4,4,171,5,3,80.0,0,N,MELB_URBAN,ROAD,4,5.0
62261,4,6,183,5,1,80.0,0,N,RURAL_VICTORIA,HIGHWAY,4,14.0
62262,1,4,132,1,9,60.0,0,I,MELB_URBAN,STREET,4,8.0
62263,1,4,99,2,1,50.0,0,I,MELB_URBAN,STREET,4,8.0
62264,7,4,171,5,2,100.0,0,N,MELB_URBAN,FREEWAY,4,6.0
62265,1,3,121,1,1,60.0,0,I,MELB_URBAN,STREET,4,7.0
62266,1,4,113,2,1,60.0,0,I,MELB_URBAN,ROAD,4,6.0
62267,1,1,120,5,1,80.0,0,N,RURAL_VICTORIA,ROAD,4,10.0
62268,1,3,121,1,1,60.0,0,I,MELB_URBAN,ROAD,4,8.0
62269,1,3,133,5,5,60.0,0,N,SMALL_CITIES,RAMP,4,5.0
62270,1,5,163,5,6,60.0,0,N,MELB_URBAN,STREET,3,20.0
62271,1,4,113,2,1,70.0,0,I,RURAL_VICTORIA,ROAD,4,8.0
62272,1,7,135,5,1,80.0,0,N,LARGE_PROVINCIAL_CITIES,ROAD,4,15.0
62273,1,4,110,1,1,60.0,0,I,MELB_URBAN,STREET,4,10.0
62274,1,3,130,5,1,70.0,0,N,MELB_URBAN,ROAD,4,16.0
62275,1,4,135,5,1,100.0,0,N,MELB_URBAN,ROAD,4,8.0
62276,1,4,116,1,3,60.0,0,I,MELB_URBAN,ROAD,3,22.0
62277,1,3,110,1,1,80.0,0,I,RURAL_VICTORIA,STREET,3,18.0
62278,2,4,100,5,1,50.0,0,N,MELB_URBAN,AVENUE,4,11.0
62279,1,7,140,5,1,60.0,0,N,MELB_URBAN,STREET,4,11.0
62280,8,2,184,5,1,60.0,0,N,RURAL_VICTORIA,ROAD,3,14.0
62281,1,4,121,2,1,60.0,0,I,TOWNS,ROAD,4,9.0
62282,1,4,111,1,1,60.0,0,I,MELB_URBAN,STREET,3,14.0
62283,1,5,130,1,1,60.0,0,I,MELB_URBAN,RAMP,3,11.0
62284,6,3,99,5,9,60.0,0,N,RURAL_VICTORIA,ROAD,4,7.0
62285,2,4,99,5,1,50.0,1,N,TOWNS,OTHER,4,8.0
62286,1,4,140,5,1,60.0,0,N,MELB_URBAN,STREET,4,14.0
62287,8,4,99,5,1,100.0,0,N,LARGE_PROVINCIAL_CITIES,ROAD,4,12.0
62288,1,2,130,2,1,60.0,0,I,MELB_URBAN,ROAD,2,12.0
62289,1,3,121,2,1,60.0,0,I,MELB_URBAN,ROAD,4,17.0
62290,4,7,173,5,1,100.0,0,N,RURAL_VICTORIA,ROAD,2,13.0
62291,1,0,99,1,1,60.0,0,I,MELB_URBAN,STREET,4,17.0
62292,1,3,99,5,1,60.0,0,N,MELB_URBAN,ROAD,3,19.0
62293,1,2,130,5,1,60.0,0,N,MELB_URBAN,STREET,3,8.0
62294,4,2,173,5,1,100.0,0,N,RURAL_VICTORIA,ROAD,4,10.0
62295,1,4,110,1,2,50.0,0,I,TOWNS,STREET,4,16.0
62296,8,4,174,2,1,60.0,0,N,MELB_URBAN,ROAD,2,8.0
62297,1,4,121,5,1,60.0,0,N,MELB_URBAN,STREET,4,17.0
62298,1,4,130,2,1,50.0,0,I,MELB_URBAN,STREET,4,13.0
62299,1,3,130,5,1,80.0,0,N,MELB_URBAN,FREEWAY,4,17.0
62300,1,4,110,1,1,60.0,0,I,MELB_URBAN,ROAD,4,16.0
62301,1,5,130,5,9,60.0,0,I,MELB_URBAN,UNKNOWN,3,6.0
62302,1,6,110,1,9,60.0,0,I,MELB_URBAN,ROAD,3,17.0
62303,1,4,130,5,5,70.0,0,N,MELB_URBAN,ROAD,4,17.0
62304,1,4,147,5,3,60.0,0,N,MELB_URBAN,ROAD,4,20.0
62305,1,4,110,1,1,50.0,0,I,TOWNS,STREET,2,17.0
62306,1,4,135,2,1,60.0,0,I,MELB_URBAN,PARADE,4,14.0
62307,1,3,130,2,3,60.0,0,I,MELB_URBAN,ROAD,4,18.0
62308,1,3,99,2,1,60.0,0,I,MELB_URBAN,STREET,4,16.0
62309,1,4,130,5,3,100.0,0,N,MELB_URBAN,FREEWAY,4,18.0
62310,1,3,160,5,1,80.0,0,N,LARGE_PROVINCIAL_CITIES,ROAD,4,15.0
62311,4,4,171,5,1,100.0,0,N,RURAL_VICTORIA,ROAD,4,15.0
62312,1,5,130,2,1,60.0,0,I,RURAL_VICTORIA,ROAD,3,16.0
62313,1,4,130,1,1,70.0,0,I,MELB_URBAN,STREET,4,14.0
62314,1,4,160,5,3,50.0,0,N,MELB_URBAN,OTHER,4,22.0
62315,1,5,99,1,3,50.0,0,I,LARGE_PROVINCIAL_CITIES,AVENUE,4,3.0
62316,1,4,135,5,5,100.0,0,N,RURAL_VICTORIA,FREEWAY,4,5.0
62317,1,6,113,2,1,60.0,0,I,MELB_URBAN,ROAD,3,15.0
62318,4,5,181,5,3,100.0,1,N,MELB_URBAN,RAMP,4,2.0
62319,1,5,110,1,1,40.0,0,I,MELB_URBAN,STREET,4,6.0
62320,1,3,130,1,1,60.0,0,I,MELB_URBAN,ROAD,3,9.0
62321,1,3,130,2,1,60.0,0,N,MELB_URBAN,ROAD,4,16.0
62322,4,5,171,5,1,60.0,0,N,MELB_URBAN,HIGHWAY,4,9.0
62323,1,5,130,1,1,70.0,0,N,MELB_URBAN,ROAD,4,7.0
62324,1,5,135,5,9,100.0,0,N,MELB_URBAN,FREEWAY,4,5.0
62325,4,1,183,5,9,50.0,0,N,RURAL_VICTORIA,ROAD,12,3.0
62326,1,5,140,2,1,70.0,0,I,SMALL_CITIES,STREET,4,12.0
62327,1,5,110,1,1,50.0,0,I,MELB_URBAN,STREET,4,9.0
62328,7,5,99,1,1,60.0,0,I,MELB_URBAN,ROAD,4,10.0
62329,2,5,99,5,1,60.0,0,N,MELB_URBAN,ROAD,4,11.0
62330,1,2,130,1,1,80.0,0,I,MELB_URBAN,ROAD,2,8.0
62331,2,5,99,5,1,50.0,0,N,LARGE_PROVINCIAL_CITIES,STREET,4,10.0
62332,2,5,100,1,1,60.0,0,I,MELB_URBAN,ROAD,4,11.0
62333,4,4,171,2,1,60.0,0,I,MELB_URBAN,UNKNOWN,4,16.0
62334,1,6,130,5,9,80.0,0,N,MELB_URBAN,HIGHWAY,4,16.0
62335,1,5,110,1,1,50.0,0,I,MELB_URBAN,STREET,4,15.0
62336,1,6,130,2,2,70.0,0,I,MELB_URBAN,ROAD,4,17.0
62337,1,5,111,2,2,60.0,0,I,MELB_URBAN,ROAD,3,17.0
62338,6,3,174,1,1,60.0,0,I,MELB_URBAN,ROAD,4,16.0
62339,1,5,99,5,2,80.0,0,N,MELB_URBAN,ROAD,4,17.0
62340,1,5,132,2,1,60.0,0,I,MELB_URBAN,ROAD,4,17.0
62341,4,5,171,5,1,80.0,0,N,MELB_URBAN,ROAD,4,15.0
62342,1,5,120,5,1,100.0,0,N,RURAL_VICTORIA,HIGHWAY,4,13.0
62343,1,5,130,5,3,60.0,0,N,MELB_URBAN,STREET,4,20.0
62344,1,4,121,1,1,50.0,0,I,MELB_URBAN,STREET,4,16.0
62345,1,4,130,5,5,100.0,0,N,SMALL_TOWNS,FREEWAY,4,21.0
62346,2,4,100,1,3,60.0,0,I,MELB_URBAN,ROAD,4,19.0
62347,8,5,99,5,3,80.0,0,N,MELB_URBAN,RAMP,4,3.0
62348,1,5,110,1,3,60.0,0,I,SMALL_CITIES,ROAD,4,6.0
62349,8,5,174,2,3,50.0,0,I,MELB_URBAN,STREET,4,23.0
62350,1,5,135,5,5,100.0,0,N,MELB_URBAN,FREEWAY,4,22.0
62351,1,5,110,1,3,60.0,0,I,MELB_URBAN,STREET,4,1.0
62352,4,6,181,2,5,60.0,0,I,RURAL_VICTORIA,ROAD,4,0.0
62353,1,5,130,1,1,60.0,0,I,MELB_URBAN,STREET,4,9.0
62354,1,4,110,1,1,60.0,0,I,LARGE_PROVINCIAL_CITIES,STREET,4,10.0
62355,1,4,130,1,1,60.0,0,I,LARGE_PROVINCIAL_CITIES,STREET,4,15.0
62356,1,6,130,1,1,60.0,0,I,MELB_URBAN,HIGHWAY,4,8.0
62357,1,5,130,5,1,80.0,0,N,LARGE_PROVINCIAL_CITIES,OTHER,4,8.0
62358,1,6,147,5,1,50.0,0,N,MELB_URBAN,STREET,4,9.0
62359,4,6,171,5,1,60.0,0,N,MELB_URBAN,ROAD,3,9.0
62360,1,6,120,4,1,60.0,0,I,RURAL_VICTORIA,ROAD,4,7.0
62361,2,5,100,5,1,40.0,0,N,MELB_URBAN,STREET,4,9.0
62362,1,6,130,5,1,100.0,0,N,MELB_URBAN,ROAD,4,8.0
62363,8,5,174,1,1,60.0,0,I,MELB_URBAN,ROAD,3,16.0
62364,4,6,173,5,1,100.0,0,N,RURAL_VICTORIA,ROAD,4,8.0
62365,1,4,130,5,1,60.0,0,N,LARGE_PROVINCIAL_CITIES,STREET,3,10.0
62366,2,6,102,2,1,60.0,0,I,MELB_URBAN,ROAD,4,9.0
62367,1,6,130,5,1,70.0,0,N,MELB_URBAN,ROAD,4,8.0
62368,1,6,130,1,1,70.0,0,I,RURAL_VICTORIA,HIGHWAY,4,11.0
62369,1,5,99,5,1,50.0,0,N,MELB_URBAN,STREET,4,14.0
62370,1,3,130,5,1,80.0,0,I,MELB_URBAN,ROAD,4,16.0
62371,1,6,130,1,9,40.0,0,I,MELBOURNE_CBD,STREET,3,12.0
62372,2,6,100,1,1,40.0,0,I,MELB_URBAN,STREET,4,10.0
62373,1,4,113,2,1,40.0,0,I,MELB_URBAN,ROAD,4,12.0
62374,6,7,174,4,1,60.0,0,I,RURAL_VICTORIA,RAMP,2,15.0
62375,1,5,130,5,1,80.0,0,N,MELB_URBAN,HIGHWAY,3,9.0
62376,3,5,167,5,9,60.0,0,N,RURAL_VICTORIA,ROAD,4,4.0
62377,1,3,130,1,1,80.0,0,I,MELB_URBAN,ROAD,4,10.0
62378,4,6,171,5,1,50.0,0,I,MELB_URBAN,STREET,4,8.0
62379,2,6,99,5,1,50.0,0,N,MELB_URBAN,AVENUE,4,10.0
62380,1,6,130,1,2,80.0,0,N,MELB_URBAN,HIGHWAY,4,6.0
62381,8,6,170,2,1,60.0,0,I,MELB_URBAN,ROAD,4,11.0
62382,1,6,130,2,3,60.0,0,I,MELB_URBAN,ROAD,4,20.0
62383,1,5,130,5,1,100.0,0,N,MELB_URBAN,FREEWAY,4,16.0
62384,1,6,110,1,1,60.0,0,I,MELB_URBAN,BOULEVARD,4,12.0
62385,1,6,134,5,1,60.0,0,N,MELB_URBAN,STREET,4,13.0
62386,1,5,99,2,1,60.0,0,I,MELB_URBAN,ROAD,4,9.0
62387,6,1,99,2,1,80.0,0,I,MELB_URBAN,OTHER,3,13.0
62388,1,5,110,1,1,60.0,0,I,LARGE_PROVINCIAL_CITIES,ROAD,4,7.0
62389,6,6,99,5,1,100.0,0,N,RURAL_VICTORIA,ROAD,4,12.0
62390,1,6,120,5,1,80.0,0,N,MELB_URBAN,ROAD,4,14.0
62391,4,5,181,5,1,100.0,0,N,RURAL_VICTORIA,ROAD,4,13.0
62392,2,6,102,5,1,50.0,0,N,SMALL_CITIES,STREET,4,8.0
62393,1,4,99,5,1,60.0,0,N,MELB_URBAN,ROAD,4,17.0
62394,2,6,99,5,3,50.0,0,N,MELB_URBAN,DRIVE,4,19.0
62395,2,6,99,5,1,60.0,0,N,LARGE_PROVINCIAL_CITIES,HIGHWAY,4,16.0
62396,1,2,99,1,6,70.0,0,I,RURAL_VICTORIA,ROAD,4,18.0
62397,1,6,130,2,1,70.0,0,I,MELB_URBAN,ROAD,4,17.0
62398,1,6,121,2,3,50.0,0,I,MELB_URBAN,ROAD,4,19.0
62399,1,6,130,5,3,80.0,0,N,RURAL_VICTORIA,HIGHWAY,4,19.0
62400,1,5,113,1,1,60.0,0,I,MELB_URBAN,ROAD,4,9.0
62401,1,6,120,1,3,100.0,0,N,MELB_URBAN,ROAD,4,18.0
62402,3,5,167,5,5,100.0,0,N,RURAL_VICTORIA,ROAD,4,23.0
62403,1,6,121,2,3,60.0,0,I,MELB_URBAN,BOULEVARD,4,22.0
62404,1,6,133,1,1,60.0,0,I,MELB_URBAN,ROAD,3,14.0
62405,4,6,99,2,3,50.0,0,I,MELB_URBAN,STREET,4,23.0
62406,4,5,173,5,5,100.0,0,N,RURAL_VICTORIA,ROAD,4,5.0
62407,4,5,171,2,4,50.0,0,I,TOWNS,ROAD,4,21.0
62408,4,6,181,5,5,100.0,1,N,RURAL_VICTORIA,HIGHWAY,4,20.0
62409,1,6,113,2,3,50.0,0,I,MELB_URBAN,STREET,4,22.0
62410,4,7,173,5,3,80.0,0,I,MELB_URBAN,ROAD,4,3.0
62411,1,5,121,1,1,70.0,0,I,MELB_URBAN,ROAD,3,10.0
62412,1,6,160,5,3,60.0,0,N,MELB_URBAN,BOULEVARD,4,19.0
62413,1,6,130,5,1,80.0,0,N,MELB_URBAN,ROAD,4,14.0
62414,1,6,130,2,9,60.0,0,N,MELB_URBAN,ROAD,3,16.0
62415,1,6,110,1,1,50.0,0,I,MELB_URBAN,STREET,4,17.0
62416,4,7,171,5,1,100.0,0,N,RURAL_VICTORIA,ROAD,4,10.0
62417,1,6,163,2,1,60.0,0,N,MELB_URBAN,STREET,4,17.0
62418,1,7,113,2,3,110.0,1,N,RURAL_VICTORIA,HIGHWAY,4,0.0
62419,4,7,181,5,5,60.0,0,N,SMALL_TOWNS,STREET,4,5.0
62420,1,6,121,2,1,60.0,0,I,MELB_URBAN,STREET,4,16.0
62421,1,7,130,5,1,60.0,0,N,MELB_URBAN,ROAD,4,8.0
62422,1,7,134,2,1,60.0,0,N,SMALL_CITIES,ROAD,4,9.0
62423,1,5,140,2,1,70.0,0,I,MELB_URBAN,ROAD,4,14.0
62424,8,7,99,5,1,100.0,0,N,RURAL_VICTORIA,ROAD,4,11.0
62425,1,7,130,5,1,60.0,0,N,LARGE_PROVINCIAL_CITIES,STREET,4,12.0
62426,1,3,133,1,1,80.0,0,I,MELB_URBAN,ROAD,4,9.0
62427,1,6,147,5,1,60.0,0,N,MELB_URBAN,ROAD,4,15.0
62428,6,7,184,2,9,60.0,0,I,RURAL_VICTORIA,ROAD,4,13.0
62429,1,7,99,1,1,60.0,0,N,MELB_URBAN,ROAD,4,9.0
62430,1,7,130,1,1,60.0,0,N,MELB_URBAN,ROAD,4,12.0
62431,5,7,99,2,1,60.0,0,I,RURAL_VICTORIA,ROAD,3,15.0
62432,1,3,163,2,5,40.0,0,I,MELB_URBAN,STREET,3,20.0
62433,1,7,130,1,1,80.0,0,I,MELB_URBAN,ROAD,4,15.0
62434,1,7,130,5,3,60.0,0,N,MELB_URBAN,ROAD,4,18.0
62435,1,5,130,5,1,80.0,0,N,MELB_URBAN,ROAD,4,15.0
62436,4,7,183,5,5,80.0,0,N,RURAL_VICTORIA,ROAD,4,20.0
62437,4,6,171,5,3,60.0,0,N,MELB_URBAN,PARADE,4,19.0
62438,4,7,181,2,1,100.0,0,I,RURAL_VICTORIA,OTHER,4,13.0
62439,1,7,163,5,3,60.0,0,N,MELB_URBAN,STREET,4,21.0
62440,1,7,99,1,3,60.0,0,I,MELB_URBAN,STREET,4,20.0
62441,4,7,171,5,5,100.0,0,N,RURAL_VICTORIA,ROAD,4,20.0
62442,1,7,99,5,3,80.0,0,N,MELB_URBAN,ROAD,4,21.0
62443,1,1,99,5,3,40.0,0,N,MELBOURNE_CBD,STREET,4,0.0
62444,2,7,100,5,5,50.0,0,N,MELB_URBAN,ROAD,4,21.0
62445,1,1,120,2,5,60.0,0,N,RURAL_VICTORIA,ROAD,4,1.0
62446,4,0,171,5,5,80.0,0,N,RURAL_VICTORIA,ROAD,4,2.0
62447,1,6,111,2,1,60.0,0,I,MELB_URBAN,ROAD,4,14.0
62448,4,6,171,5,5,70.0,0,N,RURAL_VICTORIA,ROAD,4,21.0
62449,1,6,121,2,1,60.0,0,I,SMALL_CITIES,STREET,4,12.0
62450,1,2,130,1,1,50.0,0,I,MELB_URBAN,STREET,4,15.0
62451,1,7,110,1,2,100.0,0,I,RURAL_VICTORIA,ROAD,4,17.0
62452,3,5,167,5,5,50.0,0,N,MELB_URBAN,OTHER,4,19.0
62453,6,1,99,2,1,100.0,0,I,RURAL_VICTORIA,ROAD,4,9.0
62454,8,5,174,2,1,80.0,0,I,RURAL_VICTORIA,ROAD,3,14.0
62455,8,1,99,2,1,60.0,0,N,RURAL_VICTORIA,ROAD,4,9.0
62456,1,0,110,1,1,50.0,0,I,MELB_URBAN,PARADE,4,12.0
62457,6,2,174,5,1,60.0,0,N,RURAL_VICTORIA,ROAD,3,16.0
62458,7,1,99,5,1,100.0,0,N,RURAL_VICTORIA,HIGHWAY,4,14.0
62459,6,1,174,1,1,60.0,0,I,MELB_URBAN,ROAD,4,15.0
62460,1,7,121,2,1,50.0,0,I,LARGE_PROVINCIAL_CITIES,STREET,4,12.0
62461,2,6,100,2,1,40.0,0,I,MELB_URBAN,STREET,4,8.0
62462,1,0,99,5,1,90.0,0,N,RURAL_VICTORIA,HIGHWAY,4,15.0
62463,1,1,113,2,1,80.0,0,I,RURAL_VICTORIA,HIGHWAY,4,16.0
62464,1,0,121,2,1,60.0,0,I,MELB_URBAN,STREET,4,16.0
62465,1,1,99,5,1,60.0,0,I,MELB_URBAN,ROAD,4,14.0
62466,1,1,160,6,1,50.0,0,N,MELB_URBAN,ROAD,4,15.0
62467,1,1,110,1,1,60.0,0,I,MELB_URBAN,ROAD,4,14.0
62468,1,1,130,5,1,100.0,0,N,MELB_URBAN,FREEWAY,4,16.0
62469,1,1,120,5,1,100.0,0,N,RURAL_VICTORIA,ROAD,4,16.0
62470,1,1,120,2,3,50.0,0,I,MELB_URBAN,OTHER,4,19.0
62471,1,3,113,2,3,60.0,0,I,MELB_URBAN,ROAD,4,18.0
62472,1,0,160,5,1,50.0,0,N,MELB_URBAN,STREET,4,15.0
62473,4,1,171,5,5,100.0,0,N,RURAL_VICTORIA,ROAD,4,23.0
62474,4,1,173,2,3,50.0,0,I,MELB_URBAN,STREET,4,3.0