,accident_type,day_of_week,dca_code,road_geometry,light_condition,speed_zone,severity,node_type,deg_urban_name,road_type,month,hour
62475,4,2,171,5,5,110.0,0,N,RURAL_VICTORIA,FREEWAY,4,5.0
62476,1,2,113,2,1,100.0,0,I,RURAL_VICTORIA,ROAD,4,7.0
62477,1,2,121,1,1,50.0,0,I,LARGE_PROVINCIAL_CITIES,STREET,4,8.0
62478,1,2,99,1,1,50.0,0,I,MELB_URBAN,STREET,4,7.0
62479,4,1,173,5,5,100.0,0,N,RURAL_VICTORIA,HIGHWAY,4,4.0
62480,1,2,121,2,1,80.0,0,I,MELB_URBAN,ROAD,4,8.0
62481,1,1,135,2,1,60.0,0,N,MELB_URBAN,ROAD,4,8.0
62482,1,2,134,5,1,100.0,0,N,MELB_URBAN,FREEWAY,4,7.0
62483,2,1,99,2,1,60.0,0,I,MELB_URBAN,HIGHWAY,4,9.0
62484,4,2,173,2,1,70.0,0,I,MELB_URBAN,ROAD,4,8.0
62485,8,6,99,5,1,60.0,0,N,RURAL_VICTORIA,OTHER,4,14.0
62486,1,2,130,5,1,60.0,0,N,SMALL_CITIES,ROAD,4,9.0
62487,1,2,110,1,1,100.0,0,I,RURAL_VICTORIA,ROAD,4,7.0
62488,1,2,130,5,1,60.0,0,N,MELB_URBAN,ROAD,12,17.0
62489,4,1,181,5,1,100.0,0,N,RURAL_VICTORIA,ROAD,4,8.0
62490,6,1,184,5,1,70.0,0,N,RURAL_VICTORIA,ROAD,4,10.0
62491,2,0,99,1,6,60.0,0,I,MELB_URBAN,STREET,4,0.0
62492,1,7,130,5,1,80.0,0,N,MELB_URBAN,HIGHWAY,4,9.0
62493,8,1,184,5,1,60.0,0,N,RURAL_VICTORIA,OTHER,4,15.0
62494,1,2,133,5,1,60.0,0,N,MELB_URBAN,ROAD,4,10.0
62495,6,7,174,5,9,60.0,0,N,RURAL_VICTORIA,ROAD,4,17.0
62496,2,2,99,1,1,60.0,0,I,MELB_URBAN,ROAD,4,8.0
62497,1,2,130,5,1,60.0,0,N,MELB_URBAN,UNKNOWN,4,13.0
62498,1,1,130,5,1,60.0,0,N,MELB_URBAN,UNKNOWN,4,13.0
62499,1,7,99,2,1,60.0,0,I,MELB_URBAN,OTHER,4,17.0
62500,7,2,99,2,1,60.0,0,I,MELB_URBAN,ROAD,4,11.0
62501,8,1,99,5,5,100.0,0,N,RURAL_VICTORIA,HIGHWAY,4,1.0
62502,1,4,130,2,1,70.0,0,I,MELB_URBAN,ROAD,3,15.0
62503,1,6,130,5,9,100.0,0,N,MELB_URBAN,RAMP,2,6.0
62504,1,6,130,5,3,100.0,0,N,MELB_URBAN,RAMP,4,19.0
62505,1,1,134,5,3,100.0,0,I,MELB_URBAN,FREEWAY,4,18.0
62506,1,2,135,5,1,100.0,0,N,MELB_URBAN,FREEWAY,4,11.0
62507,1,2,130,5,1,60.0,0,N,MELB_URBAN,STREET,4,13.0
62508,1,1,121,1,1,80.0,0,I,MELB_URBAN,ROAD,4,14.0
62509,1,2,133,5,1,100.0,0,N,MELB_URBAN,ROAD,4,16.0
62510,3,4,167,5,5,80.0,0,N,MELB_URBAN,HIGHWAY,11,21.0
62511,1,2,99,5,1,50.0,0,N,MELB_URBAN,ROAD,4,16.0
62512,1,2,130,5,1,60.0,0,N,MELB_URBAN,ROAD,4,14.0
62513,1,2,121,1,2,60.0,0,I,MELB_URBAN,ROAD,4,18.0
62514,5,2,99,5,1,100.0,0,N,RURAL_VICTORIA,ROAD,4,17.0
62515,1,1,147,5,1,60.0,0,N,MELB_URBAN,STREET,4,17.0
62516,1,2,99,1,3,60.0,0,I,MELB_URBAN,STREET,4,19.0
62517,1,5,130,1,1,60.0,0,I,MELB_URBAN,STREET,2,16.0
62518,4,3,171,2,3,60.0,0,I,MELB_URBAN,ROAD,4,3.0
62519,1,2,99,2,1,50.0,0,I,MELB_URBAN,STREET,4,14.0
62520,4,7,183,5,1,60.0,0,N,LARGE_PROVINCIAL_CITIES,ROAD,4,9.0
62521,1,6,120,2,1,80.0,0,I,RURAL_VICTORIA,ROAD,4,8.0
62522,1,3,133,5,3,50.0,0,N,MELB_URBAN,STREET,4,5.0
62523,1,3,99,2,1,40.0,0,I,MELBOURNE_CBD,STREET,4,8.0
62524,1,3,160,5,3,60.0,0,N,MELB_URBAN,ROAD,4,5.0
62525,1,2,130,1,6,60.0,0,I,MELB_URBAN,ROAD,4,20.0
62526,1,2,130,1,1,60.0,0,I,MELB_URBAN,ROAD,4,8.0
62527,1,3,99,5,5,100.0,0,N,MELB_URBAN,ROAD,4,4.0
62528,1,3,110,1,3,70.0,0,N,MELB_URBAN,ROAD,4,5.0
62529,1,3,160,5,1,50.0,0,N,MELB_URBAN,STREET,4,7.0
62530,2,3,102,1,1,50.0,0,I,TOWNS,STREET,4,10.0
62531,1,2,130,2,1,60.0,0,I,MELB_URBAN,ROAD,4,15.0
62532,1,7,132,2,9,60.0,0,I,MELB_URBAN,STREET,4,19.0
62533,1,3,135,5,1,60.0,0,N,MELB_URBAN,PARADE,4,9.0
62534,1,3,130,2,1,80.0,0,I,MELB_URBAN,DRIVE,4,12.0
62535,8,1,99,5,1,60.0,0,N,RURAL_VICTORIA,ROAD,4,10.0
62536,1,3,110,1,1,100.0,0,I,RURAL_VICTORIA,AVENUE,4,8.0
62537,1,3,99,5,1,60.0,0,N,MELB_URBAN,ROAD,4,8.0
62538,1,3,130,1,1,60.0,0,I,TOWNS,STREET,4,9.0
62539,1,3,135,5,1,100.0,0,N,MELB_URBAN,FREEWAY,4,8.0
62540,1,2,99,5,1,40.0,0,I,MELB_URBAN,STREET,4,12.0
62541,5,1,99,5,1,100.0,0,N,RURAL_VICTORIA,ROAD,4,14.0
62542,4,1,171,5,1,100.0,0,N,RURAL_VICTORIA,ROAD,4,10.0
62543,1,2,130,5,1,80.0,0,N,MELB_URBAN,OTHER,4,12.0
62544,1,2,116,1,1,60.0,0,I,MELB_URBAN,HIGHWAY,4,13.0
62545,3,2,167,5,1,80.0,0,N,RURAL_VICTORIA,HIGHWAY,4,14.0
62546,1,3,113,2,1,80.0,0,I,MELB_URBAN,ROAD,4,12.0
62547,1,3,99,2,1,60.0,0,I,TOWNS,STREET,4,14.0
62548,1,3,110,1,1,50.0,0,I,MELB_URBAN,STREET,4,15.0
62549,2,3,102,1,1,60.0,0,I,MELB_URBAN,STREET,4,11.0
62550,4,2,99,2,5,80.0,0,I,RURAL_VICTORIA,HIGHWAY,1,3.0
62551,4,1,171,5,1,60.0,0,N,MELB_URBAN,UNKNOWN,3,14.0
62552,1,6,147,5,9,60.0,0,N,MELB_URBAN,ROAD,3,13.0
62553,1,3,135,5,1,60.0,0,N,MELB_URBAN,ROAD,4,15.0
62554,1,3,99,2,1,50.0,0,I,MELB_URBAN,STREET,4,16.0
62555,1,3,135,5,1,100.0,0,N,MELB_URBAN,FREEWAY,4,16.0
62556,1,4,135,5,9,60.0,0,N,MELB_URBAN,UNKNOWN,4,15.0
62557,2,2,99,1,1,40.0,0,I,MELB_URBAN,ROAD,4,16.0
62558,4,1,173,5,1,100.0,0,N,MELB_URBAN,FREEWAY,4,15.0
62559,1,3,120,5,1,80.0,0,N,RURAL_VICTORIA,ROAD,4,17.0
62560,1,3,134,1,3,60.0,0,I,MELB_URBAN,OTHER,4,6.0
62561,1,3,110,1,2,60.0,0,I,LARGE_PROVINCIAL_CITIES,STREET,4,17.0
62562,1,3,130,5,2,100.0,0,N,MELB_URBAN,ROAD,4,18.0
62563,1,3,121,2,3,80.0,0,I,MELB_URBAN,HIGHWAY,4,18.0
62564,2,3,102,5,3,70.0,0,N,MELB_URBAN,HIGHWAY,4,19.0
62565,1,3,130,5,3,80.0,0,N,MELB_URBAN,HIGHWAY,4,19.0
62566,1,2,113,2,3,50.0,0,I,MELB_URBAN,STREET,4,19.0
62567,1,3,130,1,1,80.0,0,I,MELB_URBAN,ROAD,4,11.0
62568,1,3,99,5,1,80.0,0,N,RURAL_VICTORIA,ROAD,4,16.0
62569,1,4,130,2,1,70.0,0,I,MELB_URBAN,ROAD,4,8.0
62570,5,3,183,2,1,60.0,0,I,RURAL_VICTORIA,OTHER,4,14.0
62571,1,3,110,1,3,60.0,0,I,MELB_URBAN,ROAD,4,21.0
62572,4,3,181,5,5,100.0,0,N,RURAL_VICTORIA,ROAD,4,19.0
62573,1,3,99,2,3,50.0,0,I,SMALL_CITIES,STREET,4,21.0
62574,1,3,120,5,5,80.0,0,N,RURAL_VICTORIA,HIGHWAY,4,21.0
62575,4,4,173,5,3,60.0,0,N,MELB_URBAN,STREET,4,0.0
62576,1,2,130,5,1,80.0,0,N,MELB_URBAN,FREEWAY,4,10.0
62577,6,7,99,5,9,60.0,0,N,MELB_URBAN,ROAD,4,5.0
62578,1,3,110,1,1,80.0,0,I,MELB_URBAN,ROAD,4,14.0
62579,1,2,130,5,3,60.0,0,N,MELB_URBAN,STREET,4,18.0
62580,1,4,163,5,1,60.0,0,N,MELB_URBAN,ROAD,4,7.0
62581,1,4,130,5,1,60.0,0,N,MELB_URBAN,ROAD,4,7.0
62582,1,4,121,2,1,40.0,0,I,MELB_URBAN,STREET,4,8.0
62583,1,2,130,5,2,50.0,0,N,MELB_URBAN,ROAD,4,18.0
62584,1,5,130,1,9,80.0,0,I,MELB_URBAN,ROAD,4,9.0
62585,1,2,113,2,1,50.0,0,I,MELB_URBAN,OTHER,4,8.0
62586,1,1,120,5,1,100.0,0,N,RURAL_VICTORIA,ROAD,4,17.0
62587,1,3,133,5,1,40.0,0,N,MELBOURNE_CBD,STREET,4,9.0
62588,1,3,130,2,1,80.0,0,I,RURAL_VICTORIA,ROAD,4,8.0
62589,1,3,130,5,1,110.0,0,N,RURAL_VICTORIA,FREEWAY,4,6.0
62590,1,4,130,2,1,60.0,0,I,MELB_URBAN,ROAD,4,8.0
62591,1,4,120,5,1,100.0,0,N,RURAL_VICTORIA,HIGHWAY,4,10.0
62592,1,4,113,2,1,50.0,0,I,MELB_URBAN,ROAD,4,9.0
62593,1,3,110,1,1,50.0,0,I,MELB_URBAN,STREET,4,11.0
62594,1,4,99,5,1,40.0,0,N,RURAL_VICTORIA,ROAD,4,10.0
62595,1,4,160,5,1,60.0,0,N,SMALL_CITIES,AVENUE,4,13.0
62596,2,4,99,5,1,50.0,0,N,TOWNS,OTHER,4,13.0
62597,1,2,130,5,1,60.0,0,N,MELB_URBAN,ROAD,4,10.0
62598,4,4,171,2,1,50.0,0,N,RURAL_VICTORIA,ROAD,4,8.0
62599,1,3,121,1,1,60.0,0,I,MELB_URBAN,STREET,4,13.0
62600,1,3,110,1,1,50.0,0,I,TOWNS,STREET,11,9.0
62601,1,4,134,5,9,100.0,0,N,MELB_URBAN,RAMP,4,23.0
62602,1,4,133,5,1,100.0,0,N,RURAL_VICTORIA,OTHER,4,12.0
62603,4,4,171,5,1,80.0,0,N,RURAL_VICTORIA,ROAD,4,11.0
62604,1,4,140,5,1,70.0,0,N,MELB_URBAN,ROAD,4,11.0
62605,1,3,121,2,1,60.0,0,I,MELB_URBAN,STREET,4,15.0
62606,6,0,174,5,1,60.0,0,N,RURAL_VICTORIA,ROAD,4,16.0
62607,1,4,99,5,1,50.0,0,N,MELB_URBAN,OTHER,4,16.0
62608,1,3,130,5,1,100.0,0,N,MELB_URBAN,FREEWAY,4,16.0
62609,1,4,110,1,1,60.0,0,I,MELB_URBAN,ROAD,4,13.0
62610,1,4,99,5,1,60.0,1,N,MELB_URBAN,ROAD,4,15.0
62611,8,7,184,5,1,60.0,0,N,RURAL_VICTORIA,ROAD,4,16.0
62612,1,4,120,5,1,60.0,0,N,RURAL_VICTORIA,HIGHWAY,4,16.0
62613,1,4,113,2,3,70.0,0,I,MELB_URBAN,AVENUE,4,17.0
62614,1,7,130,5,9,60.0,0,N,MELB_URBAN,STREET,4,17.0
62615,2,4,102,1,3,60.0,0,I,MELB_URBAN,STREET,4,17.0
62616,1,4,120,2,1,60.0,1,I,MELB_URBAN,PARADE,4,15.0
62617,1,4,120,5,1,100.0,0,N,RURAL_VICTORIA,ROAD,4,16.0
62618,2,3,99,2,3,50.0,0,I,MELB_URBAN,OTHER,4,18.0
62619,1,3,130,2,1,60.0,0,N,MELB_URBAN,ROAD,4,15.0
62620,4,4,173,5,1,60.0,0,N,RURAL_VICTORIA,ROAD,4,15.0
62621,1,4,130,5,2,100.0,0,N,MELB_URBAN,FREEWAY,4,18.0
62622,1,4,130,5,3,100.0,0,I,MELB_URBAN,FREEWAY,4,18.0
62623,1,3,110,1,3,40.0,0,I,MELBOURNE_CBD,STREET,4,23.0
62624,1,5,110,1,5,80.0,0,I,RURAL_VICTORIA,ROAD,4,3.0
62625,1,4,110,1,3,60.0,0,I,LARGE_PROVINCIAL_CITIES,STREET,4,6.0
62626,6,5,174,5,2,60.0,0,N,MELB_URBAN,ROAD,4,6.0
62627,1,4,140,2,3,80.0,0,I,MELB_URBAN,ROAD,4,19.0
62628,1,5,147,5,1,60.0,0,N,MELB_URBAN,ROAD,3,12.0
62629,1,5,130,5,2,80.0,0,N,MELB_URBAN,OTHER,4,6.0
62630,1,5,130,5,1,80.0,0,N,MELB_URBAN,ROAD,4,8.0
62631,1,5,113,1,3,60.0,0,I,MELB_URBAN,STREET,4,7.0
62632,4,3,171,1,1,60.0,0,I,MELB_URBAN,STREET,3,12.0
62633,8,4,184,5,1,100.0,0,N,RURAL_VICTORIA,ROAD,4,15.0
62634,1,1,130,5,1,100.0,0,N,RURAL_VICTORIA,HIGHWAY,4,11.0
62635,1,5,130,1,1,60.0,0,I,MELB_URBAN,HIGHWAY,4,10.0
62636,1,6,130,5,1,60.0,0,N,MELB_URBAN,ROAD,4,14.0
62637,1,5,130,1,1,60.0,0,I,LARGE_PROVINCIAL_CITIES,OTHER,4,12.0
62638,1,5,116,2,1,60.0,0,I,LARGE_PROVINCIAL_CITIES,AVENUE,4,10.0
62639,1,4,160,5,1,100.0,0,N,MELB_URBAN,FREEWAY,4,8.0
62640,8,6,174,2,2,30.0,0,I,MELBOURNE_CBD,STREET,10,19.0
62641,1,5,133,5,3,60.0,0,N,MELB_URBAN,STREET,4,6.0
62642,1,5,130,5,1,60.0,0,N,MELB_URBAN,RAMP,4,6.0
62643,1,5,121,4,1,50.0,0,I,MELB_URBAN,AVENUE,4,8.0
62644,2,3,99,5,6,50.0,0,N,MELB_URBAN,STREET,3,4.0
62645,4,5,171,5,1,100.0,0,N,RURAL_VICTORIA,ROAD,4,11.0
62646,1,4,130,5,1,80.0,0,N,RURAL_VICTORIA,STREET,2,8.0
62647,1,4,130,2,1,60.0,0,I,MELB_URBAN,ROAD,3,7.0
62648,4,4,173,5,1,60.0,0,N,MELB_URBAN,RAMP,4,13.0
62649,1,3,130,2,1,60.0,0,I,MELB_URBAN,ROAD,4,10.0
62650,1,5,130,1,3,60.0,0,I,MELB_URBAN,ROAD,9,18.0
62651,1,2,130,5,1,60.0,0,I,MELB_URBAN,ROAD,2,15.0
62652,6,1,184,5,1,60.0,0,N,RURAL_VICTORIA,OTHER,4,16.0
62653,1,5,120,5,2,80.0,0,N,RURAL_VICTORIA,HIGHWAY,4,7.0
62654,1,5,120,5,1,100.0,0,N,RURAL_VICTORIA,ROAD,4,14.0
62655,1,3,130,5,1,70.0,0,N,MELB_URBAN,HIGHWAY,4,9.0
62656,8,7,174,5,1,60.0,0,N,RURAL_VICTORIA,UNKNOWN,3,12.0
62657,1,5,130,2,1,60.0,0,I,MELB_URBAN,STREET,4,11.0
62658,1,5,99,5,1,60.0,0,N,MELB_URBAN,STREET,4,11.0
62659,1,5,110,1,2,50.0,0,I,TOWNS,STREET,4,16.0
62660,1,5,99,5,1,100.0,0,N,RURAL_VICTORIA,ROAD,4,16.0
62661,1,5,130,5,3,60.0,0,N,MELB_URBAN,ROAD,4,17.0
62662,4,5,171,1,2,60.0,0,N,MELB_URBAN,ROAD,4,17.0
62663,4,5,181,5,1,80.0,0,N,RURAL_VICTORIA,ROAD,4,11.0
62664,1,5,120,5,5,60.0,0,N,MELB_URBAN,ROAD,4,18.0
62665,1,4,121,2,3,60.0,0,I,MELB_URBAN,ROAD,4,18.0
62666,1,4,121,1,1,50.0,0,I,MELB_URBAN,STREET,4,15.0
62667,1,5,120,5,1,50.0,0,N,MELB_URBAN,ROAD,4,14.0
62668,1,4,120,5,3,50.0,0,N,MELB_URBAN,ROAD,4,18.0
62669,1,4,113,2,1,60.0,0,I,MELB_URBAN,ROAD,4,13.0
62670,1,4,130,5,1,60.0,0,N,MELB_URBAN,ROAD,4,15.0
62671,1,4,130,1,4,80.0,0,I,MELB_URBAN,ROAD,4,18.0
62672,2,5,100,1,3,40.0,0,I,MELBOURNE_CBD,STREET,4,20.0
62673,1,4,120,5,3,70.0,0,N,MELB_URBAN,ROAD,4,21.0
62674,2,5,102,5,3,60.0,0,N,MELB_URBAN,ROAD,4,21.0
62675,4,4,181,5,3,100.0,0,N,MELB_URBAN,RAMP,4,21.0
62676,1,1,160,5,1,50.0,0,N,SMALL_CITIES,UNKNOWN,3,9.0
62677,4,5,171,5,5,100.0,0,N,MELB_URBAN,FREEWAY,4,23.0
62678,4,5,171,5,5,70.0,0,N,MELB_URBAN,ROAD,4,23.0
62679,4,5,171,2,3,60.0,0,I,MELB_URBAN,ROAD,4,22.0
62680,4,5,173,5,3,60.0,0,N,MELB_URBAN,ROAD,4,0.0
62681,6,6,174,2,3,60.0,0,I,MELB_URBAN,STREET,4,5.0
62682,1,0,160,5,1,50.0,0,N,MELB_URBAN,OTHER,4,13.0
62683,1,6,110,1,1,60.0,0,I,TOWNS,STREET,4,8.0
62684,1,6,133,5,1,40.0,0,N,MELBOURNE_CBD,STREET,4,8.0
62685,8,6,174,5,2,70.0,0,N,MELB_URBAN,ROAD,4,6.0
62686,6,3,170,5,1,100.0,0,N,RURAL_VICTORIA,ROAD,4,17.0
62687,1,5,121,2,1,60.0,0,I,MELB_URBAN,ROAD,4,11.0
62688,1,5,113,2,1,60.0,0,I,MELB_URBAN,ROAD,4,11.0
62689,1,4,110,4,1,60.0,0,I,MELB_URBAN,RAMP,4,16.0
62690,2,5,102,1,1,60.0,0,I,MELB_URBAN,ROAD,4,16.0
62691,1,5,110,1,1,60.0,0,I,TOWNS,STREET,4,12.0
62692,1,6,130,1,1,60.0,0,I,LARGE_PROVINCIAL_CITIES,STREET,4,11.0
62693,1,6,130,5,1,60.0,0,N,MELB_URBAN,PARADE,4,14.0
62694,1,1,130,5,1,100.0,0,N,RURAL_VICTORIA,HIGHWAY,12,14.0
62695,3,4,167,5,2,70.0,0,N,MELB_URBAN,ROAD,4,19.0
62696,1,4,99,2,2,40.0,0,N,LARGE_PROVINCIAL_CITIES,STREET,4,17.0
62697,6,6,170,5,1,100.0,0,N,RURAL_VICTORIA,ROAD,4,13.0
62698,1,6,130,5,3,80.0,0,N,MELB_URBAN,ROAD,4,19.0
62699,8,3,184,5,1,60.0,0,N,RURAL_VICTORIA,ROAD,3,15.0
62700,1,6,121,2,1,60.0,0,I,MELB_URBAN,STREET,4,15.0
62701,1,6,130,2,1,80.0,0,I,MELB_URBAN,HIGHWAY,4,15.0
62702,1,4,135,5,1,80.0,0,N,MELB_URBAN,HIGHWAY,4,14.0
62703,1,5,110,1,1,80.0,0,I,MELB_URBAN,ROAD,4,13.0
62704,1,6,110,1,1,60.0,0,I,MELB_URBAN,ROAD,4,14.0
62705,1,6,110,1,1,60.0,0,I,MELB_URBAN,ROAD,4,14.0
62706,2,6,100,1,1,60.0,0,I,LARGE_PROVINCIAL_CITIES,ROAD,4,17.0
62707,1,6,113,2,1,70.0,0,I,MELB_URBAN,ROAD,4,16.0
62708,1,3,99,5,1,50.0,0,N,MELB_URBAN,AVENUE,3,7.0
62709,1,6,160,5,1,60.0,0,N,MELB_URBAN,STREET,4,9.0
62710,1,5,110,1,3,60.0,0,I,MELB_URBAN,ROAD,4,21.0
62711,1,6,130,5,3,60.0,0,N,MELB_URBAN,ROAD,4,18.0
62712,1,3,99,5,1,80.0,0,N,MELB_URBAN,FREEWAY,4,14.0
62713,1,5,121,2,3,50.0,0,I,SMALL_CITIES,ROAD,4,19.0
62714,2,4,102,2,3,50.0,0,I,MELB_URBAN,OTHER,4,21.0
62715,1,5,163,1,3,60.0,0,N,MELB_URBAN,ROAD,4,18.0
62716,1,5,163,5,3,40.0,0,N,MELBOURNE_CBD,STREET,4,20.0
62717,1,6,99,1,9,60.0,0,I,LARGE_PROVINCIAL_CITIES,ROAD,4,18.0
62718,4,5,171,2,3,50.0,0,I,MELB_URBAN,PARADE,4,20.0
62719,1,7,120,5,5,60.0,0,N,RURAL_VICTORIA,HIGHWAY,4,22.0
62720,1,2,130,1,1,80.0,0,I,MELB_URBAN,HIGHWAY,4,17.0
62721,1,6,99,2,1,50.0,0,I,MELB_URBAN,ROAD,4,17.0
62722,1,5,121,2,3,60.0,0,I,MELB_URBAN,ROAD,4,22.0
62723,4,5,171,5,3,40.0,0,N,MELBOURNE_CBD,STREET,4,21.0
62724,1,6,133,4,3,70.0,0,N,MELB_URBAN,ROAD,4,21.0
62725,4,7,183,5,5,110.0,0,N,RURAL_VICTORIA,FREEWAY,4,2.0
62726,1,7,160,5,3,60.0,0,N,MELB_URBAN,ROAD,4,3.0
62727,3,6,167,5,5,110.0,0,N,RURAL_VICTORIA,FREEWAY,4,4.0
62728,3,7,167,5,5,110.0,0,N,RURAL_VICTORIA,HIGHWAY,4,5.0
62729,1,6,99,5,1,60.0,0,N,SMALL_CITIES,STREET,4,11.0
62730,1,6,121,1,1,60.0,0,I,LARGE_PROVINCIAL_CITIES,STREET,4,10.0
62731,2,5,100,5,9,60.0,0,N,MELB_URBAN,ROAD,4,17.0
62732,2,7,99,5,3,60.0,0,N,TOWNS,STREET,4,1.0
62733,8,7,99,2,1,50.0,0,I,SMALL_TOWNS,STREET,4,11.0
62734,1,7,121,2,1,80.0,0,I,MELB_URBAN,HIGHWAY,4,13.0
62735,1,7,99,5,1,40.0,0,N,TOWNS,ROAD,4,11.0
62736,1,7,113,2,1,60.0,0,I,MELB_URBAN,ROAD,4,12.0
62737,1,6,121,1,1,60.0,0,I,LARGE_PROVINCIAL_CITIES,STREET,4,14.0
62738,1,7,99,1,1,60.0,0,I,MELB_URBAN,AVENUE,4,13.0
62739,1,7,130,2,1,60.0,0,I,MELB_URBAN,ROAD,4,7.0
62740,1,6,121,1,1,50.0,0,I,MELB_URBAN,STREET,4,17.0
62741,4,7,181,5,1,100.0,0,N,RURAL_VICTORIA,HIGHWAY,4,11.0
62742,1,6,130,1,1,60.0,0,I,MELB_URBAN,HIGHWAY,4,15.0
62743,8,7,174,2,1,60.0,0,I,MELB_URBAN,STREET,4,8.0
62744,4,6,171,5,1,80.0,0,N,MELB_URBAN,ROAD,4,16.0
62745,6,7,174,5,1,60.0,0,N,RURAL_VICTORIA,ROAD,4,13.0
62746,5,7,99,2,1,80.0,0,N,MELB_URBAN,ROAD,4,14.0
62747,1,7,121,1,1,60.0,0,I,MELB_URBAN,HIGHWAY,4,16.0
62748,1,7,130,2,1,80.0,0,I,MELB_URBAN,HIGHWAY,4,16.0
62749,1,6,110,4,3,50.0,0,I,MELB_URBAN,STREET,4,22.0
62750,4,7,181,5,3,50.0,0,N,MELB_URBAN,PARADE,4,18.0
62751,1,7,130,2,3,60.0,0,I,MELB_URBAN,DRIVE,4,18.0
62752,3,7,167,5,5,100.0,0,N,RURAL_VICTORIA,ROAD,4,1.0
62753,1,7,113,2,5,70.0,0,I,MELB_URBAN,ROAD,4,18.0
62754,1,2,134,5,9,60.0,0,N,MELB_URBAN,STREET,4,8.0
62755,4,7,171,5,1,100.0,1,N,RURAL_VICTORIA,DRIVE,4,14.0
62756,1,7,134,5,3,70.0,0,N,MELB_URBAN,ROAD,4,18.0
62757,4,0,181,5,1,100.0,0,N,RURAL_VICTORIA,ROAD,4,9.0
62758,1,5,130,1,3,60.0,0,I,MELB_URBAN,ROAD,4,19.0
62759,1,7,99,2,3,50.0,0,N,MELB_URBAN,BOULEVARD,4,19.0
62760,1,6,110,1,3,50.0,0,I,MELB_URBAN,ROAD,4,18.0
62761,1,1,110,4,1,60.0,0,N,MELB_URBAN,RAMP,4,12.0
62762,4,6,171,5,5,80.0,0,N,RURAL_VICTORIA,ROAD,4,19.0
62763,2,7,102,1,3,60.0,0,I,MELB_URBAN,STREET,4,21.0
62764,4,7,173,5,5,100.0,0,N,RURAL_VICTORIA,ROAD,4,21.0
62765,1,7,140,2,3,60.0,0,I,SMALL_CITIES,STREET,4,21.0
62766,1,1,121,1,3,60.0,0,I,MELB_URBAN,ROAD,4,0.0
62767,1,0,99,5,3,70.0,0,N,MELB_URBAN,ROAD,4,1.0
62768,4,0,181,5,5,100.0,0,N,RURAL_VICTORIA,ROAD,4,1.0
62769,1,4,110,1,1,60.0,0,I,LARGE_PROVINCIAL_CITIES,STREET,3,18.0
62770,2,5,100,5,3,60.0,0,N,MELB_URBAN,STREET,4,0.0
62771,6,1,99,5,1,100.0,0,N,RURAL_VICTORIA,ROAD,4,8.0
62772,4,0,181,5,1,100.0,0,N,RURAL_VICTORIA,ROAD,4,10.0
62773,1,1,130,5,1,80.0,0,N,MELB_URBAN,HIGHWAY,4,12.0
62774,1,1,111,1,1,50.0,0,I,MELB_URBAN,STREET,4,12.0
62775,1,1,130,5,1,50.0,0,N,MELB_URBAN,STREET,4,11.0
62776,1,1,135,2,1,70.0,0,I,MELB_URBAN,ROAD,4,12.0
62777,1,1,99,5,1,100.0,0,N,RURAL_VICTORIA,ROAD,4,10.0
62778,6,1,99,1,1,100.0,0,I,RURAL_VICTORIA,ROAD,4,8.0
62779,1,1,110,1,1,100.0,0,I,RURAL_VICTORIA,ROAD,4,11.0
62780,4,6,171,5,1,80.0,0,N,RURAL_VICTORIA,HIGHWAY,3,17.0
62781,8,1,99,5,1,80.0,0,N,MELB_URBAN,RAMP,4,12.0
62782,1,1,160,5,1,60.0,0,N,RURAL_VICTORIA,DRIVE,4,12.0
62783,1,1,113,2,1,100.0,0,I,RURAL_VICTORIA,ROAD,4,12.0
62784,2,3,99,5,1,50.0,0,N,TOWNS,STREET,4,13.0
62785,1,0,121,5,1,60.0,0,N,MELB_URBAN,HIGHWAY,4,14.0
62786,1,1,134,2,1,70.0,0,I,LARGE_PROVINCIAL_CITIES,ROAD,4,14.0
62787,1,1,113,2,1,50.0,0,I,MELB_URBAN,AVENUE,4,14.0
62788,1,0,121,2,1,60.0,0,I,MELB_URBAN,ROAD,4,12.0
62789,1,0,121,2,2,60.0,0,I,MELB_URBAN,ROAD,4,17.0
62790,1,0,121,1,1,50.0,0,I,MELB_URBAN,STREET,4,14.0
62791,1,1,130,5,1,70.0,0,N,MELB_URBAN,ROAD,4,17.0
62792,4,1,183,5,1,100.0,0,N,RURAL_VICTORIA,HIGHWAY,4,17.0
62793,1,1,99,5,1,60.0,1,N,RURAL_VICTORIA,ROAD,4,13.0
62794,8,5,174,2,9,60.0,0,I,MELB_URBAN,ROAD,4,18.0
62795,1,1,135,5,3,80.0,0,N,MELB_URBAN,FREEWAY,4,18.0
62796,2,1,102,2,1,60.0,0,I,MELB_URBAN,ROAD,4,17.0
62797,1,1,130,5,1,60.0,0,N,MELB_URBAN,ROAD,4,14.0
62798,6,1,99,5,1,60.0,0,N,RURAL_VICTORIA,OTHER,4,16.0
62799,1,0,99,1,3,80.0,0,I,MELB_URBAN,ROAD,4,19.0
62800,1,1,113,2,1,60.0,0,I,MELB_URBAN,STREET,4,15.0
62801,1,1,116,2,3,70.0,0,I,MELB_URBAN,ROAD,4,22.0
62802,1,0,130,2,3,40.0,0,I,MELBOURNE_CBD,STREET,4,22.0
62803,4,0,173,5,5,80.0,0,N,RURAL_VICTORIA,ROAD,4,2.0
62804,8,4,174,5,1,30.0,0,N,MELBOURNE_CBD,STREET,4,10.0
62805,4,2,171,1,3,60.0,0,I,MELB_URBAN,ROAD,4,3.0
62806,4,2,183,5,5,100.0,0,N,RURAL_VICTORIA,ROAD,4,2.0
62807,8,1,99,5,1,60.0,0,N,RURAL_VICTORIA,ROAD,4,14.0