,accident_type,day_of_week,dca_code,road_geometry,light_condition,speed_zone,severity,node_type,deg_urban_name,road_type,month,hour
63473,2,2,99,1,1,40.0,0,I,MELB_URBAN,STREET,5,8.0
63474,1,2,121,2,1,50.0,0,I,MELB_URBAN,ROAD,5,8.0
63475,5,3,99,5,1,60.0,0,N,RURAL_VICTORIA,ROAD,12,11.0
63476,1,2,110,1,1,100.0,0,I,RURAL_VICTORIA,AVENUE,5,11.0
63477,2,5,100,2,9,60.0,0,N,MELB_URBAN,ROAD,4,10.0
63478,1,1,113,2,3,60.0,0,I,LARGE_PROVINCIAL_CITIES,ROAD,5,17.0
63479,6,1,174,5,1,60.0,0,N,RURAL_VICTORIA,ROAD,5,11.0
63480,4,2,183,5,5,100.0,0,N,RURAL_VICTORIA,HIGHWAY,5,4.0
63481,1,1,116,2,1,60.0,0,I,MELB_URBAN,ROAD,5,11.0
63482,1,2,140,5,1,50.0,0,N,SMALL_CITIES,STREET,5,14.0
63483,4,2,183,5,1,110.0,0,N,RURAL_VICTORIA,FREEWAY,5,13.0
63484,1,6,130,5,9,60.0,0,I,MELB_URBAN,STREET,5,18.0
63485,1,2,130,5,1,60.0,0,N,MELB_URBAN,STREET,5,15.0
63486,1,2,130,5,1,70.0,0,N,LARGE_PROVINCIAL_CITIES,STREET,5,13.0
63487,1,2,110,1,1,60.0,0,I,TOWNS,STREET,5,15.0
63488,2,1,99,2,1,60.0,0,I,MELB_URBAN,STREET,5,13.0
63489,1,3,130,5,2,80.0,0,N,MELB_URBAN,ROAD,4,17.0
63490,1,3,113,2,2,60.0,0,I,MELB_URBAN,ROAD,3,20.0
63491,1,1,99,4,3,70.0,0,I,MELB_URBAN,ROAD,5,3.0
63492,1,5,130,5,9,80.0,0,N,MELB_URBAN,RAMP,5,17.0
63493,4,2,171,5,1,50.0,0,N,TOWNS,STREET,5,13.0
63494,1,2,130,2,6,60.0,0,I,RURAL_VICTORIA,ROAD,5,17.0
63495,1,2,121,4,1,80.0,0,I,MELB_URBAN,ROAD,5,14.0
63496,1,1,121,1,3,60.0,0,I,LARGE_PROVINCIAL_CITIES,STREET,5,20.0
63497,5,1,99,5,2,100.0,0,I,RURAL_VICTORIA,ROAD,5,6.0
63498,1,2,116,2,3,50.0,0,I,MELB_URBAN,DRIVE,5,19.0
63499,1,2,99,5,1,60.0,0,N,MELB_URBAN,STREET,5,9.0
63500,1,2,140,5,1,50.0,0,N,MELB_URBAN,ROAD,5,14.0
63501,4,2,99,5,1,80.0,0,N,MELB_URBAN,UNKNOWN,5,14.0
63502,5,2,99,5,5,100.0,0,N,RURAL_VICTORIA,ROAD,5,19.0
63503,1,4,147,5,1,60.0,0,N,MELB_URBAN,ROAD,5,16.0
63504,4,1,171,5,5,80.0,0,N,RURAL_VICTORIA,ROAD,5,20.0
63505,1,2,120,5,4,60.0,0,N,MELB_URBAN,DRIVE,5,5.0
63506,6,1,184,5,1,60.0,0,N,RURAL_VICTORIA,ROAD,4,14.0
63507,8,2,99,5,3,40.0,0,N,RURAL_VICTORIA,ROAD,5,21.0
63508,2,2,99,2,3,60.0,0,I,MELB_URBAN,ROAD,4,0.0
63509,3,1,167,5,1,60.0,0,N,RURAL_VICTORIA,ROAD,4,16.0
63510,4,7,183,2,1,80.0,0,N,RURAL_VICTORIA,ROAD,5,12.0
63511,1,2,99,1,3,60.0,0,I,MELB_URBAN,ROAD,5,20.0
63512,8,2,174,5,1,60.0,0,N,MELB_URBAN,ROAD,3,9.0
63513,1,3,121,2,2,60.0,0,I,MELB_URBAN,ROAD,5,7.0
63514,6,7,170,2,1,50.0,0,N,MELB_URBAN,OTHER,4,14.0
63515,1,3,130,2,1,70.0,0,I,SMALL_CITIES,DRIVE,3,13.0
63516,1,3,130,2,1,60.0,0,I,MELB_URBAN,ROAD,4,10.0
63517,4,3,173,5,1,60.0,0,N,SMALL_CITIES,PARADE,5,10.0
63518,5,3,99,5,5,100.0,0,N,RURAL_VICTORIA,ROAD,5,6.0
63519,1,3,121,1,2,60.0,0,I,MELB_URBAN,ROAD,5,6.0
63520,1,3,132,1,1,60.0,0,I,MELB_URBAN,ROAD,5,9.0
63521,4,3,181,5,1,80.0,0,N,RURAL_VICTORIA,HIGHWAY,5,10.0
63522,4,7,171,2,1,50.0,0,I,MELB_URBAN,DRIVE,4,14.0
63523,4,7,183,5,1,60.0,0,N,RURAL_VICTORIA,ROAD,4,12.0
63524,1,3,160,5,1,50.0,0,N,TOWNS,STREET,5,11.0
63525,1,3,130,2,1,60.0,0,I,MELB_URBAN,STREET,5,12.0
63526,1,6,163,5,1,50.0,0,N,MELBOURNE_CBD,STREET,5,17.0
63527,1,3,130,5,1,60.0,0,N,MELB_URBAN,ROAD,5,11.0
63528,2,2,99,2,1,60.0,0,N,MELB_URBAN,ROAD,5,12.0
63529,1,2,135,5,1,60.0,0,N,MELB_URBAN,UNKNOWN,3,8.0
63530,6,7,174,5,1,60.0,0,N,RURAL_VICTORIA,ROAD,12,8.0
63531,1,4,130,5,1,80.0,0,N,MELB_URBAN,OTHER,2,8.0
63532,1,3,130,5,1,100.0,0,N,RURAL_VICTORIA,ROAD,5,11.0
63533,1,3,130,5,1,40.0,0,N,MELB_URBAN,DRIVE,5,8.0
63534,1,3,99,5,1,60.0,0,N,MELB_URBAN,STREET,5,7.0
63535,1,3,140,5,1,60.0,0,N,MELB_URBAN,ROAD,9,13.0
63536,1,1,99,5,1,50.0,0,N,LARGE_PROVINCIAL_CITIES,STREET,5,10.0
63537,1,2,110,1,1,80.0,0,I,MELB_URBAN,HIGHWAY,5,11.0
63538,2,3,100,2,1,70.0,1,I,MELB_URBAN,ROAD,5,12.0
63539,1,3,130,5,1,80.0,0,N,MELB_URBAN,ROAD,5,14.0
63540,8,3,174,5,1,70.0,0,N,MELB_URBAN,ROAD,5,9.0
63541,1,2,140,5,1,50.0,0,N,MELB_URBAN,ROAD,5,14.0
63542,4,3,181,5,1,100.0,0,N,RURAL_VICTORIA,HIGHWAY,5,13.0
63543,1,3,110,1,1,50.0,0,I,SMALL_CITIES,STREET,5,16.0
63544,8,2,174,5,5,100.0,0,N,RURAL_VICTORIA,OTHER,5,5.0
63545,1,4,130,5,1,70.0,0,N,RURAL_VICTORIA,ROAD,5,16.0
63546,1,2,130,4,1,60.0,0,I,LARGE_PROVINCIAL_CITIES,ROAD,5,16.0
63547,1,3,121,2,3,60.0,0,I,MELB_URBAN,ROAD,5,18.0
63548,6,2,174,2,1,50.0,0,I,MELB_URBAN,OTHER,5,9.0
63549,1,3,134,5,2,80.0,0,N,MELB_URBAN,RAMP,5,17.0
63550,1,2,163,5,9,60.0,0,N,MELB_URBAN,STREET,5,17.0
63551,4,3,171,5,5,60.0,0,N,SMALL_CITIES,DRIVE,5,21.0
63552,1,3,130,5,1,60.0,0,N,MELB_URBAN,ROAD,5,15.0
63553,2,2,100,1,1,60.0,0,I,MELB_URBAN,ROAD,5,16.0
63554,1,4,110,1,3,60.0,0,I,MELB_URBAN,ROAD,5,22.0
63555,1,3,130,2,1,80.0,0,I,SMALL_CITIES,ROAD,5,15.0
63556,1,3,99,5,1,60.0,0,N,MELB_URBAN,ROAD,5,18.0
63557,1,3,140,5,5,100.0,0,N,RURAL_VICTORIA,ROAD,5,19.0
63558,5,2,99,5,5,100.0,0,N,RURAL_VICTORIA,ROAD,5,5.0
63559,4,4,99,1,5,100.0,0,I,RURAL_VICTORIA,ROAD,5,6.0
63560,1,4,130,5,5,100.0,0,N,MELB_URBAN,FREEWAY,5,5.0
63561,2,1,102,5,1,40.0,0,N,MELB_URBAN,AVENUE,5,15.0
63562,1,3,110,1,1,50.0,0,I,TOWNS,HIGHWAY,5,15.0
63563,4,2,181,5,1,100.0,0,N,RURAL_VICTORIA,ROAD,5,13.0
63564,8,2,99,5,1,100.0,0,N,RURAL_VICTORIA,HIGHWAY,5,7.0
63565,1,6,130,5,9,60.0,0,N,MELB_URBAN,ROAD,5,17.0
63566,1,3,130,5,1,100.0,0,N,MELB_URBAN,RAMP,5,9.0
63567,4,4,171,5,2,100.0,0,N,RURAL_VICTORIA,ROAD,5,6.0
63568,1,4,99,5,1,60.0,0,N,MELB_URBAN,STREET,4,15.0
63569,1,3,130,2,1,60.0,0,I,MELB_URBAN,ROAD,5,10.0
63570,4,4,173,5,5,100.0,0,N,RURAL_VICTORIA,HIGHWAY,5,5.0
63571,1,2,130,5,1,60.0,0,N,MELB_URBAN,ROAD,5,14.0
63572,2,4,99,5,9,60.0,0,N,MELB_URBAN,STREET,5,8.0
63573,1,6,163,5,9,50.0,0,N,MELB_URBAN,STREET,12,13.0
63574,1,6,130,1,1,80.0,0,I,MELB_URBAN,OTHER,5,15.0
63575,1,4,99,5,1,50.0,0,N,TOWNS,STREET,5,11.0
63576,2,4,99,5,1,60.0,0,N,MELB_URBAN,ROAD,5,9.0
63577,3,6,167,5,5,100.0,0,N,RURAL_VICTORIA,ROAD,5,5.0
63578,4,3,173,5,1,80.0,0,N,MELB_URBAN,ROAD,5,13.0
63579,1,4,147,5,2,60.0,0,N,MELB_URBAN,ROAD,5,6.0
63580,3,7,167,5,1,60.0,0,N,RURAL_VICTORIA,ROAD,2,9.0
63581,1,4,133,1,1,60.0,0,I,LARGE_PROVINCIAL_CITIES,STREET,5,15.0
63582,4,1,183,1,5,60.0,0,I,MELB_URBAN,ROAD,5,0.0
63583,1,4,110,1,1,50.0,0,I,LARGE_PROVINCIAL_CITIES,STREET,5,14.0
63584,4,1,183,5,1,100.0,0,N,RURAL_VICTORIA,ROAD,5,12.0
63585,1,4,160,5,1,50.0,0,N,MELB_URBAN,STREET,5,13.0
63586,1,4,147,5,1,50.0,0,N,MELB_URBAN,PARADE,5,15.0
63587,1,4,121,2,1,60.0,0,I,MELB_URBAN,BOULEVARD,5,15.0
63588,4,4,173,5,1,70.0,0,N,LARGE_PROVINCIAL_CITIES,ROAD,5,10.0
63589,1,3,130,2,1,50.0,0,I,MELB_URBAN,DRIVE,5,14.0
63590,1,4,130,5,1,100.0,0,N,MELB_URBAN,ROAD,5,16.0
63591,1,3,160,5,1,60.0,0,N,SMALL_TOWNS,STREET,5,16.0
63592,1,4,113,2,3,50.0,0,I,MELB_URBAN,BOULEVARD,5,18.0
63593,1,4,110,1,3,50.0,0,I,SMALL_CITIES,STREET,5,17.0
63594,1,7,121,2,1,60.0,0,I,MELB_URBAN,ROAD,3,10.0
63595,8,2,174,5,1,80.0,0,N,MELB_URBAN,FREEWAY,4,11.0
63596,1,3,110,1,2,50.0,0,I,MELB_URBAN,ROAD,5,17.0
63597,8,4,99,5,5,60.0,0,N,MELB_URBAN,HIGHWAY,4,18.0
63598,8,7,174,5,1,80.0,0,N,RURAL_VICTORIA,ROAD,4,11.0
63599,1,3,130,2,1,50.0,0,N,TOWNS,STREET,5,15.0
63600,6,4,174,1,1,60.0,0,I,SMALL_CITIES,ROAD,5,16.0
63601,1,3,130,5,2,60.0,0,N,MELB_URBAN,ROAD,5,16.0
63602,1,4,99,5,1,80.0,0,N,MELB_URBAN,FREEWAY,5,16.0
63603,1,3,110,1,1,40.0,0,I,SMALL_CITIES,STREET,5,9.0
63604,1,4,130,1,3,60.0,0,I,MELB_URBAN,STREET,5,4.0
63605,1,3,110,1,3,100.0,0,I,RURAL_VICTORIA,ROAD,5,22.0
63606,1,4,130,2,1,50.0,0,I,MELB_URBAN,AVENUE,5,16.0
63607,1,4,121,5,3,60.0,0,N,LARGE_PROVINCIAL_CITIES,ROAD,5,22.0
63608,1,4,121,1,3,60.0,0,I,MELB_URBAN,HIGHWAY,5,23.0
63609,1,5,110,1,3,80.0,0,I,MELB_URBAN,HIGHWAY,5,0.0
63610,1,0,130,2,1,40.0,0,I,MELB_URBAN,ROAD,5,15.0
63611,1,7,111,1,1,60.0,0,I,MELB_URBAN,STREET,5,8.0
63612,1,3,99,1,3,50.0,0,N,MELB_URBAN,AVENUE,5,19.0
63613,4,3,183,5,1,100.0,0,N,RURAL_VICTORIA,ROAD,5,7.0
63614,1,2,121,1,2,60.0,0,I,MELB_URBAN,STREET,5,5.0
63615,1,3,130,1,1,60.0,0,I,MELB_URBAN,ROAD,6,11.0
63616,1,5,121,1,1,60.0,0,I,MELB_URBAN,STREET,5,9.0
63617,1,5,121,1,1,50.0,0,I,MELB_URBAN,STREET,5,7.0
63618,1,1,130,5,1,80.0,0,N,MELB_URBAN,ROAD,10,15.0
63619,1,5,116,2,1,60.0,0,UNKNOWN,UNKNOWN,UNKNOWN,5,8.0
63620,1,5,147,5,1,60.0,0,N,MELB_URBAN,ROAD,5,9.0
63621,1,4,121,2,1,60.0,0,I,MELB_URBAN,ROAD,5,7.0
63622,1,6,130,1,1,80.0,0,I,MELB_URBAN,OTHER,1,17.0
63623,8,4,174,5,1,50.0,0,N,TOWNS,ROAD,5,15.0
63624,4,5,171,5,1,100.0,0,N,RURAL_VICTORIA,HIGHWAY,5,9.0
63625,1,5,130,2,1,60.0,0,I,MELB_URBAN,ROAD,5,10.0
63626,1,2,130,2,1,60.0,0,I,MELB_URBAN,ROAD,4,17.0
63627,4,5,183,5,1,80.0,0,N,RURAL_VICTORIA,ROAD,5,10.0
63628,1,1,130,1,9,60.0,0,I,MELB_URBAN,STREET,9,3.0
63629,2,4,102,2,1,60.0,0,I,MELB_URBAN,ROAD,5,13.0
63630,2,1,99,5,1,60.0,0,N,MELB_URBAN,BOULEVARD,5,14.0
63631,4,5,99,5,1,60.0,0,N,MELB_URBAN,STREET,5,13.0
63632,2,5,100,1,1,50.0,0,I,SMALL_CITIES,AVENUE,5,11.0
63633,6,2,184,5,9,60.0,0,N,RURAL_VICTORIA,ROAD,4,10.0
63634,1,2,110,1,1,50.0,0,I,SMALL_CITIES,STREET,4,13.0
63635,3,4,167,5,5,100.0,0,N,RURAL_VICTORIA,ROAD,3,20.0
63636,2,5,100,5,1,50.0,0,N,MELB_URBAN,STREET,5,11.0
63637,1,5,121,2,1,80.0,0,I,MELB_URBAN,ROAD,5,12.0
63638,1,5,135,5,1,60.0,0,N,MELB_URBAN,ROAD,5,7.0
63639,4,5,171,5,1,60.0,0,N,RURAL_VICTORIA,ROAD,5,14.0
63640,1,3,130,2,1,40.0,0,N,MELB_URBAN,ROAD,5,11.0
63641,1,5,121,2,1,60.0,0,I,MELB_URBAN,ROAD,5,17.0
63642,1,4,121,4,3,60.0,0,I,MELB_URBAN,RAMP,5,20.0
63643,1,4,130,5,1,100.0,0,N,MELB_URBAN,ROAD,5,16.0
63644,1,5,110,1,1,110.0,0,I,RURAL_VICTORIA,FREEWAY,5,16.0
63645,1,5,130,5,9,70.0,0,N,MELB_URBAN,ROAD,5,17.0
63646,4,5,171,5,5,80.0,0,N,RURAL_VICTORIA,ROAD,5,5.0
63647,2,4,99,5,3,40.0,0,N,MELB_URBAN,DRIVE,4,20.0
63648,1,1,113,2,1,80.0,0,I,LARGE_PROVINCIAL_CITIES,HIGHWAY,5,16.0
63649,6,5,174,5,1,60.0,0,N,MELB_URBAN,STREET,5,15.0
63650,1,4,130,2,1,40.0,0,I,MELB_URBAN,STREET,4,9.0
63651,1,4,99,5,2,50.0,0,N,MELB_URBAN,STREET,5,17.0
63652,4,5,171,5,1,80.0,0,N,RURAL_VICTORIA,ROAD,5,16.0
63653,6,5,174,5,3,60.0,0,N,MELB_URBAN,ROAD,5,17.0
63654,8,5,99,5,5,110.0,0,N,RURAL_VICTORIA,FREEWAY,5,21.0
63655,1,4,130,5,1,60.0,0,N,SMALL_CITIES,ROAD,5,16.0
63656,1,4,130,2,1,60.0,0,N,SMALL_CITIES,AVENUE,5,15.0
63657,1,4,160,5,3,60.0,0,N,MELB_URBAN,ROAD,5,20.0
63658,1,5,99,5,1,50.0,0,N,MELB_URBAN,STREET,4,16.0
63659,4,3,171,1,3,50.0,0,I,MELB_URBAN,ROAD,4,18.0
63660,8,3,174,5,1,50.0,0,N,MELB_URBAN,DRIVE,4,12.0
63661,1,5,121,2,2,60.0,0,I,RURAL_VICTORIA,DRIVE,5,17.0
63662,1,6,99,2,2,60.0,0,I,MELB_URBAN,ROAD,5,6.0
63663,1,2,121,1,1,60.0,0,I,SMALL_CITIES,STREET,2,14.0
63664,6,6,170,5,1,100.0,0,N,RURAL_VICTORIA,HIGHWAY,5,7.0
63665,1,4,99,2,3,60.0,0,I,MELB_URBAN,STREET,5,21.0
63666,1,6,130,5,1,100.0,0,N,MELB_URBAN,FREEWAY,5,6.0
63667,1,6,116,2,2,50.0,0,I,MELB_URBAN,STREET,5,7.0
63668,1,5,130,5,1,60.0,0,N,MELB_URBAN,BOULEVARD,5,7.0
63669,1,6,110,1,1,60.0,0,I,SMALL_CITIES,STREET,5,9.0
63670,1,5,121,1,1,60.0,0,I,MELB_URBAN,ROAD,5,8.0
63671,4,6,183,5,1,100.0,0,N,RURAL_VICTORIA,ROAD,5,8.0
63672,1,3,147,5,1,70.0,0,N,RURAL_VICTORIA,ROAD,5,15.0
63673,1,3,113,2,1,50.0,0,I,MELB_URBAN,ROAD,3,11.0
63674,2,6,99,2,1,50.0,0,I,TOWNS,STREET,5,10.0
63675,1,5,160,5,1,40.0,0,N,MELB_URBAN,ROAD,5,9.0
63676,1,5,130,5,1,80.0,0,N,MELB_URBAN,ROAD,5,11.0
63677,1,6,120,5,1,90.0,1,N,RURAL_VICTORIA,ROAD,5,7.0
63678,1,4,113,2,2,60.0,0,I,MELB_URBAN,ROAD,4,6.0
63679,1,5,130,2,1,50.0,0,I,MELB_URBAN,ROAD,5,15.0
63680,1,2,130,1,1,60.0,0,I,MELB_URBAN,ROAD,12,16.0
63681,4,5,173,5,1,60.0,0,N,MELB_URBAN,ROAD,5,14.0
63682,1,6,121,2,1,60.0,0,I,MELB_URBAN,STREET,5,9.0
63683,1,5,163,5,2,60.0,0,N,MELB_URBAN,STREET,5,18.0
63684,1,6,130,5,1,100.0,0,N,MELB_URBAN,ROAD,5,7.0
63685,8,5,174,5,1,50.0,0,N,MELB_URBAN,DRIVE,5,15.0
63686,1,5,134,1,1,80.0,0,I,MELB_URBAN,ROAD,5,12.0
63687,6,7,99,2,3,70.0,0,I,MELB_URBAN,HIGHWAY,5,23.0
63688,4,6,171,5,1,50.0,0,N,TOWNS,STREET,5,12.0
63689,1,6,160,5,1,60.0,0,N,MELB_URBAN,STREET,5,14.0
63690,1,6,121,5,1,60.0,0,N,MELB_URBAN,ROAD,5,15.0
63691,1,6,99,5,1,60.0,0,N,MELB_URBAN,ROAD,5,15.0
63692,1,5,160,5,1,60.0,0,N,MELB_URBAN,STREET,5,15.0
63693,1,6,134,5,9,100.0,0,N,MELB_URBAN,FREEWAY,5,15.0
63694,1,6,132,2,6,70.0,0,I,MELB_URBAN,ROAD,5,18.0
63695,5,1,99,5,1,60.0,0,N,RURAL_VICTORIA,ROAD,4,12.0
63696,1,6,99,2,1,60.0,0,I,MELB_URBAN,STREET,5,15.0
63697,1,6,116,2,1,60.0,0,I,MELB_URBAN,ROAD,5,14.0
63698,2,6,100,5,5,100.0,0,N,RURAL_VICTORIA,HIGHWAY,5,17.0
63699,3,6,167,5,5,100.0,0,N,RURAL_VICTORIA,ROAD,5,18.0
63700,1,5,140,1,1,80.0,0,I,MELB_URBAN,ROAD,5,15.0
63701,1,6,140,2,3,80.0,0,N,MELB_URBAN,ROAD,5,18.0
63702,1,6,160,5,3,50.0,0,N,MELB_URBAN,UNKNOWN,5,19.0
63703,4,6,181,5,5,100.0,0,N,RURAL_VICTORIA,ROAD,5,19.0
63704,1,5,121,4,3,80.0,0,I,MELB_URBAN,RAMP,5,23.0
63705,1,4,110,1,1,60.0,0,I,SMALL_CITIES,PARADE,5,11.0
63706,4,7,173,5,5,100.0,0,N,RURAL_VICTORIA,ROAD,5,1.0
63707,4,7,171,5,5,80.0,0,N,RURAL_VICTORIA,ROAD,5,5.0
63708,4,3,181,2,5,50.0,0,N,MELB_URBAN,DRIVE,5,21.0
63709,1,1,110,1,1,50.0,0,I,TOWNS,STREET,4,16.0
63710,1,7,130,5,1,50.0,0,N,MELB_URBAN,STREET,5,8.0
63711,1,7,121,2,1,50.0,0,I,MELB_URBAN,BOULEVARD,5,10.0
63712,1,6,130,5,1,80.0,0,N,MELB_URBAN,HIGHWAY,5,7.0
63713,8,7,184,5,1,80.0,0,N,RURAL_VICTORIA,ROAD,5,13.0
63714,1,6,121,5,1,50.0,0,N,TOWNS,ROAD,5,13.0
63715,1,6,130,5,1,60.0,0,N,LARGE_PROVINCIAL_CITIES,ROAD,5,15.0
63716,1,6,130,4,1,80.0,0,I,MELB_URBAN,HIGHWAY,5,16.0
63717,6,7,99,5,1,60.0,0,N,TOWNS,ROAD,5,14.0
63718,1,6,110,4,1,60.0,0,I,MELB_URBAN,ROAD,5,13.0
63719,8,2,184,5,1,60.0,0,N,RURAL_VICTORIA,ROAD,4,10.0
63720,1,1,110,1,1,80.0,0,I,RURAL_VICTORIA,ROAD,4,7.0
63721,8,7,99,5,1,60.0,0,N,RURAL_VICTORIA,ROAD,5,13.0
63722,1,5,130,4,3,80.0,0,N,MELB_URBAN,ROAD,5,20.0
63723,4,6,181,2,1,50.0,0,N,MELB_URBAN,OTHER,5,14.0
63724,1,6,99,5,1,80.0,0,N,RURAL_VICTORIA,ROAD,5,14.0
63725,1,6,111,4,2,80.0,0,N,RURAL_VICTORIA,RAMP,4,18.0
63726,1,3,121,2,3,40.0,0,I,MELB_URBAN,ROAD,5,18.0
63727,2,6,100,5,9,40.0,0,N,MELB_URBAN,AVENUE,5,14.0
63728,1,3,130,5,1,60.0,0,N,MELB_URBAN,ROAD,5,9.0
63729,4,1,183,5,5,110.0,0,N,RURAL_VICTORIA,FREEWAY,5,19.0
63730,1,7,120,5,1,100.0,0,N,RURAL_VICTORIA,ROAD,5,15.0
63731,1,6,121,2,1,100.0,0,I,RURAL_VICTORIA,HIGHWAY,5,16.0
63732,4,7,173,5,1,60.0,0,N,MELB_URBAN,HIGHWAY,5,16.0
63733,6,7,170,5,1,60.0,0,N,MELB_URBAN,ROAD,5,15.0
63734,1,3,135,5,1,100.0,0,N,MELB_URBAN,UNKNOWN,3,6.0
63735,1,7,130,5,3,60.0,0,N,MELB_URBAN,STREET,5,18.0
63736,2,7,100,5,3,80.0,0,N,MELB_URBAN,ROAD,5,19.0
63737,1,6,130,5,1,80.0,0,N,MELB_URBAN,OTHER,5,13.0
63738,1,7,130,5,1,60.0,0,N,LARGE_PROVINCIAL_CITIES,ROAD,5,16.0
63739,1,6,130,1,1,50.0,0,I,MELB_URBAN,DRIVE,5,12.0
63740,1,7,140,2,1,60.0,0,I,LARGE_PROVINCIAL_CITIES,ROAD,5,13.0
63741,1,7,121,1,3,60.0,0,I,MELB_URBAN,ROAD,5,21.0
63742,1,7,110,1,3,60.0,0,I,MELB_URBAN,HIGHWAY,5,3.0
63743,4,6,171,2,3,60.0,0,I,MELB_URBAN,ROAD,5,23.0
63744,4,7,183,5,3,80.0,0,N,MELB_URBAN,FREEWAY,5,2.0
63745,4,6,181,5,3,50.0,0,N,MELB_URBAN,ROAD,5,23.0
63746,5,5,99,5,5,80.0,0,N,RURAL_VICTORIA,HIGHWAY,5,19.0
63747,1,1,130,5,3,80.0,0,N,MELB_URBAN,ROAD,5,0.0
63748,1,7,140,5,1,60.0,0,N,MELB_URBAN,ROAD,4,12.0
63749,1,4,99,5,3,70.0,0,N,MELB_URBAN,ROAD,5,22.0
63750,1,6,130,5,1,80.0,0,N,MELB_URBAN,FREEWAY,5,10.0
63751,8,7,184,5,1,60.0,0,N,RURAL_VICTORIA,OTHER,5,12.0
63752,1,0,110,1,1,60.0,0,I,LARGE_PROVINCIAL_CITIES,STREET,5,8.0
63753,4,1,173,5,3,50.0,0,N,RURAL_VICTORIA,STREET,5,5.0
63754,1,5,99,5,6,60.0,0,N,MELB_URBAN,ROAD,4,19.0
63755,4,1,99,2,1,80.0,0,I,RURAL_VICTORIA,ROAD,5,7.0
63756,1,1,110,1,1,60.0,0,I,SMALL_CITIES,STREET,5,9.0
63757,1,0,110,1,1,60.0,0,I,TOWNS,STREET,5,9.0
63758,1,1,116,1,3,40.0,0,N,MELB_URBAN,ROAD,5,1.0
63759,1,0,110,1,1,60.0,0,I,LARGE_PROVINCIAL_CITIES,STREET,5,11.0
63760,1,1,121,1,1,70.0,0,N,MELB_URBAN,ROAD,5,12.0
63761,1,1,121,4,1,80.0,0,I,MELB_URBAN,RAMP,5,11.0
63762,4,1,181,5,5,100.0,0,N,RURAL_VICTORIA,ROAD,5,1.0
63763,1,4,121,1,1,60.0,0,I,SMALL_CITIES,ROAD,4,16.0
63764,4,0,173,5,1,100.0,0,N,RURAL_VICTORIA,ROAD,5,11.0
63765,1,1,130,5,1,100.0,0,N,SMALL_CITIES,FREEWAY,5,10.0
63766,4,1,181,5,1,80.0,0,N,RURAL_VICTORIA,ROAD,5,12.0
63767,4,1,181,5,1,60.0,0,N,MELB_URBAN,ROAD,5,13.0
63768,1,0,110,1,1,70.0,0,I,MELB_URBAN,STREET,5,12.0
63769,1,7,130,5,3,40.0,0,N,MELB_URBAN,STREET,5,18.0
63770,8,1,174,4,1,50.0,0,I,LARGE_PROVINCIAL_CITIES,OTHER,5,14.0
63771,8,1,99,5,1,100.0,0,N,RURAL_VICTORIA,ROAD,5,13.0
63772,1,1,160,2,1,60.0,0,N,LARGE_PROVINCIAL_CITIES,ROAD,5,13.0
63773,7,0,99,5,1,60.0,0,N,MELB_URBAN,ROAD,5,14.0
63774,5,1,99,5,1,100.0,0,N,RURAL_VICTORIA,OTHER,5,10.0
63775,5,1,99,5,1,100.0,0,N,RURAL_VICTORIA,OTHER,5,9.0
63776,8,1,184,5,1,50.0,0,N,MELB_URBAN,AVENUE,5,15.0
63777,1,1,130,5,1,60.0,0,N,MELB_URBAN,ROAD,5,16.0
63778,4,1,171,5,1,100.0,0,N,RURAL_VICTORIA,ROAD,5,16.0
63779,6,7,184,5,1,60.0,0,N,RURAL_VICTORIA,ROAD,5,11.0
63780,1,7,133,2,5,80.0,0,N,RURAL_VICTORIA,ROAD,5,19.0
63781,1,6,121,1,9,60.0,0,N,MELB_URBAN,DRIVE,5,21.0
63782,5,7,99,5,5,100.0,0,N,MELB_URBAN,HIGHWAY,5,18.0
63783,1,0,130,1,1,60.0,0,I,MELB_URBAN,STREET,5,9.0
63784,1,6,163,2,3,60.0,0,I,MELB_URBAN,STREET,5,19.0
63785,1,0,147,5,3,60.0,0,N,MELB_URBAN,ROAD,5,21.0
63786,4,2,173,5,3,60.0,0,N,MELB_URBAN,ROAD,5,2.0
63787,1,2,110,1,2,70.0,0,I,MELB_URBAN,ROAD,5,5.0
63788,1,2,130,5,6,100.0,0,N,MELB_URBAN,FREEWAY,5,5.0
63789,1,7,110,1,1,50.0,0,I,MELB_URBAN,STREET,4,16.0
63790,2,2,100,1,1,70.0,0,I,SMALL_CITIES,PARADE,5,7.0
63791,2,7,100,1,1,60.0,0,I,MELB_URBAN,ROAD,5,10.0
63792,1,6,160,5,3,60.0,0,N,TOWNS,STREET,5,20.0
63793,1,5,163,2,2,60.0,0,I,MELB_URBAN,STREET,5,17.0
63794,1,2,130,5,1,60.0,0,N,MELB_URBAN,ROAD,5,8.0
63795,5,2,99,5,2,80.0,0,N,RURAL_VICTORIA,ROAD,5,7.0
63796,1,2,160,5,3,60.0,0,N,TOWNS,STREET,5,20.0
63797,8,1,99,5,1,50.0,0,N,MELB_URBAN,STREET,9,13.0
63798,2,2,99,5,1,40.0,0,N,SMALL_CITIES,ROAD,5,9.0
63799,1,5,140,5,1,60.0,0,N,LARGE_PROVINCIAL_CITIES,STREET,3,8.0
63800,2,5,99,5,1,60.0,0,I,TOWNS,HIGHWAY,5,15.0
63801,2,2,99,5,1,60.0,0,N,MELB_URBAN,STREET,5,9.0
63802,1,2,113,2,1,70.0,0,I,MELB_URBAN,ROAD,5,7.0
63803,1,1,130,5,1,50.0,0,N,LARGE_PROVINCIAL_CITIES,STREET,4,12.0
63804,6,7,184,5,1,60.0,0,N,RURAL_VICTORIA,ROAD,1,11.0
63805,2,2,100,1,1,60.0,1,I,MELB_URBAN,STREET,5,6.0