,accident_type,day_of_week,dca_code,road_geometry,light_condition,speed_zone,severity,node_type,deg_urban_name,road_type,month,hour
63806,1,6,130,2,1,60.0,0,I,MELB_URBAN,DRIVE,5,11.0
63807,4,2,171,5,1,100.0,0,N,MELB_URBAN,FREEWAY,5,7.0
63808,1,2,120,5,1,80.0,1,N,RURAL_VICTORIA,ROAD,5,9.0
63809,1,1,99,2,1,60.0,0,I,MELB_URBAN,HIGHWAY,5,11.0
63810,1,6,130,2,3,50.0,0,N,LARGE_PROVINCIAL_CITIES,AVENUE,5,19.0
63811,8,1,174,5,1,60.0,0,N,SMALL_CITIES,PARADE,5,10.0
63812,2,1,100,5,1,80.0,0,N,MELB_URBAN,ROAD,5,10.0
63813,1,1,130,5,1,80.0,0,N,MELB_URBAN,ROAD,5,13.0
63814,1,2,99,5,1,50.0,0,N,TOWNS,STREET,5,12.0
63815,1,3,163,5,1,50.0,0,N,MELB_URBAN,STREET,4,14.0
63816,1,2,130,5,1,60.0,0,N,LARGE_PROVINCIAL_CITIES,HIGHWAY,5,8.0
63817,1,5,130,5,1,60.0,0,N,MELB_URBAN,FREEWAY,1,13.0
63818,2,2,100,2,1,60.0,0,I,MELB_URBAN,STREET,5,9.0
63819,1,2,110,1,1,40.0,0,I,MELB_URBAN,STREET,5,8.0
63820,4,6,171,2,1,50.0,0,I,MELB_URBAN,ROAD,5,12.0
63821,1,4,99,5,2,50.0,0,N,MELB_URBAN,AVENUE,3,17.0
63822,1,0,110,1,3,50.0,0,I,MELB_URBAN,ROAD,5,17.0
63823,1,1,121,5,1,50.0,0,N,MELB_URBAN,DRIVE,4,14.0
63824,6,2,99,5,2,100.0,0,N,RURAL_VICTORIA,ROAD,5,7.0
63825,4,2,99,2,1,50.0,0,I,MELB_URBAN,STREET,5,14.0
63826,1,2,99,5,1,50.0,0,N,MELB_URBAN,ROAD,5,16.0
63827,1,1,121,1,3,80.0,0,I,MELB_URBAN,ROAD,5,17.0
63828,1,2,99,5,1,50.0,0,N,MELB_URBAN,ROAD,5,16.0
63829,1,2,160,5,3,60.0,0,N,TOWNS,STREET,5,19.0
63830,4,2,183,5,5,100.0,0,N,RURAL_VICTORIA,ROAD,5,17.0
63831,8,2,99,5,1,80.0,1,N,MELB_URBAN,ROAD,5,14.0
63832,1,7,163,5,1,60.0,0,N,MELB_URBAN,ROAD,4,8.0
63833,4,2,171,5,5,100.0,0,N,RURAL_VICTORIA,ROAD,5,7.0
63834,1,2,130,5,1,60.0,0,N,LARGE_PROVINCIAL_CITIES,STREET,5,17.0
63835,1,2,99,1,2,60.0,0,I,MELB_URBAN,ROAD,5,16.0
63836,2,2,100,1,9,60.0,0,I,SMALL_CITIES,ROAD,5,7.0
63837,1,5,120,5,5,110.0,0,N,RURAL_VICTORIA,HIGHWAY,5,21.0
63838,4,2,181,5,5,100.0,0,N,MELB_URBAN,RAMP,5,19.0
63839,8,2,184,5,1,60.0,0,N,MELB_URBAN,HIGHWAY,5,16.0
63840,2,2,99,5,3,50.0,0,N,SMALL_CITIES,OTHER,5,3.0
63841,4,2,171,5,3,100.0,0,N,MELB_URBAN,UNKNOWN,5,23.0
63842,1,2,121,5,1,70.0,0,N,MELB_URBAN,ROAD,5,14.0
63843,6,2,99,5,5,100.0,0,N,RURAL_VICTORIA,ROAD,5,23.0
63844,4,2,183,5,5,100.0,0,N,RURAL_VICTORIA,HIGHWAY,5,23.0
63845,1,3,160,5,3,60.0,0,N,MELB_URBAN,ROAD,5,2.0
63846,1,2,120,5,3,60.0,0,N,MELB_URBAN,STREET,5,23.0
63847,1,2,121,1,3,60.0,0,I,MELB_URBAN,STREET,5,5.0
63848,1,4,130,5,1,100.0,0,N,MELB_URBAN,FREEWAY,5,8.0
63849,1,5,121,5,1,70.0,0,I,MELB_URBAN,ROAD,5,11.0
63850,1,1,130,5,1,100.0,0,N,MELB_URBAN,FREEWAY,5,17.0
63851,4,1,173,5,1,100.0,0,N,RURAL_VICTORIA,OTHER,5,12.0
63852,8,1,174,5,1,100.0,0,N,RURAL_VICTORIA,ROAD,4,16.0
63853,1,4,113,2,1,70.0,0,I,MELB_URBAN,ROAD,5,15.0
63854,1,3,110,1,1,60.0,0,I,MELB_URBAN,ROAD,5,7.0
63855,6,1,184,5,1,60.0,0,N,RURAL_VICTORIA,OTHER,5,16.0
63856,1,6,99,2,1,50.0,0,I,MELB_URBAN,UNKNOWN,5,14.0
63857,1,3,130,5,1,60.0,0,N,MELB_URBAN,STREET,5,10.0
63858,4,1,183,5,5,110.0,0,N,RURAL_VICTORIA,FREEWAY,5,20.0
63859,8,3,174,1,1,60.0,0,I,MELB_URBAN,ROAD,5,11.0
63860,1,2,110,1,1,100.0,0,I,RURAL_VICTORIA,ROAD,5,8.0
63861,1,2,130,2,1,60.0,0,I,MELB_URBAN,ROAD,5,9.0
63862,4,2,171,2,1,60.0,0,I,MELB_URBAN,ROAD,5,11.0
63863,1,7,121,2,1,70.0,0,I,MELB_URBAN,ROAD,5,13.0
63864,1,3,99,5,1,50.0,0,N,MELB_URBAN,ROAD,5,12.0
63865,4,3,183,5,1,100.0,0,N,RURAL_VICTORIA,ROAD,5,11.0
63866,1,3,130,2,1,60.0,0,I,LARGE_PROVINCIAL_CITIES,STREET,3,10.0
63867,1,2,121,2,1,70.0,0,I,RURAL_VICTORIA,ROAD,5,13.0
63868,5,5,99,5,2,100.0,0,N,RURAL_VICTORIA,HIGHWAY,5,17.0
63869,1,1,132,1,1,60.0,0,I,MELB_URBAN,ROAD,5,11.0
63870,1,5,147,2,9,70.0,0,I,SMALL_CITIES,STREET,4,8.0
63871,1,3,120,5,1,60.0,1,N,MELB_URBAN,ROAD,5,8.0
63872,6,3,174,2,1,100.0,0,I,RURAL_VICTORIA,ROAD,5,16.0
63873,1,3,120,5,1,100.0,0,N,RURAL_VICTORIA,ROAD,5,15.0
63874,1,2,99,5,1,60.0,0,N,MELB_URBAN,STREET,5,11.0
63875,1,3,120,5,1,60.0,0,N,SMALL_TOWNS,HIGHWAY,5,13.0
63876,1,3,130,2,3,50.0,0,I,LARGE_PROVINCIAL_CITIES,STREET,5,17.0
63877,8,7,184,5,1,100.0,0,N,RURAL_VICTORIA,ROAD,3,13.0
63878,1,3,110,1,1,60.0,0,I,MELB_URBAN,STREET,5,14.0
63879,1,3,120,5,3,50.0,0,N,MELB_URBAN,BOULEVARD,5,17.0
63880,2,3,99,5,3,60.0,0,N,MELB_URBAN,ROAD,5,19.0
63881,1,3,99,3,3,50.0,0,I,MELB_URBAN,AVENUE,5,19.0
63882,1,3,121,5,3,50.0,0,N,MELB_URBAN,DRIVE,5,19.0
63883,1,1,130,2,1,50.0,0,I,LARGE_PROVINCIAL_CITIES,STREET,4,16.0
63884,1,3,99,5,1,60.0,0,N,MELB_URBAN,ROAD,5,8.0
63885,1,1,110,1,1,50.0,0,I,TOWNS,STREET,5,12.0
63886,1,6,99,2,1,80.0,0,N,RURAL_VICTORIA,ROAD,1,16.0
63887,6,1,174,5,1,100.0,0,N,RURAL_VICTORIA,OTHER,5,11.0
63888,1,3,120,5,3,60.0,0,N,MELB_URBAN,ROAD,5,21.0
63889,1,6,121,1,1,60.0,0,I,MELB_URBAN,ROAD,5,7.0
63890,1,3,113,1,1,60.0,0,I,LARGE_PROVINCIAL_CITIES,STREET,5,13.0
63891,1,4,130,2,3,60.0,0,I,MELB_URBAN,ROAD,5,6.0
63892,1,6,130,5,1,80.0,0,N,MELB_URBAN,ROAD,5,11.0
63893,1,4,99,4,1,80.0,0,I,RURAL_VICTORIA,HIGHWAY,5,8.0
63894,1,4,121,1,1,60.0,0,I,MELB_URBAN,ROAD,5,8.0
63895,1,4,121,5,1,60.0,0,N,MELB_URBAN,STREET,5,7.0
63896,1,2,130,5,2,60.0,0,N,MELB_URBAN,ROAD,5,17.0
63897,1,6,99,1,1,60.0,0,I,MELB_URBAN,PARADE,4,8.0
63898,1,4,99,1,1,60.0,0,I,MELB_URBAN,STREET,5,9.0
63899,1,4,130,5,3,80.0,1,N,MELB_URBAN,ROAD,5,6.0
63900,1,4,116,1,1,50.0,0,I,MELB_URBAN,ROAD,5,8.0
63901,6,1,184,2,1,100.0,0,N,RURAL_VICTORIA,ROAD,5,12.0
63902,1,4,121,1,1,50.0,0,I,MELB_URBAN,OTHER,5,9.0
63903,1,2,116,1,1,60.0,0,I,MELB_URBAN,STREET,4,11.0
63904,1,4,120,5,1,100.0,0,N,RURAL_VICTORIA,ROAD,5,10.0
63905,6,4,99,2,1,60.0,0,N,RURAL_VICTORIA,ROAD,5,10.0
63906,2,3,99,1,1,60.0,0,I,MELB_URBAN,STREET,5,9.0
63907,1,3,134,5,1,60.0,0,N,MELB_URBAN,ROAD,5,8.0
63908,1,4,110,1,1,60.0,0,I,MELB_URBAN,ROAD,5,8.0
63909,1,1,99,5,1,50.0,0,N,MELB_URBAN,ROAD,5,14.0
63910,1,2,147,5,1,80.0,0,N,MELB_URBAN,ROAD,2,14.0
63911,1,4,140,5,1,60.0,0,N,LARGE_PROVINCIAL_CITIES,STREET,5,12.0
63912,1,5,99,5,1,60.0,0,N,MELB_URBAN,PARADE,5,8.0
63913,1,4,130,2,1,40.0,0,I,MELB_URBAN,OTHER,5,8.0
63914,3,2,167,5,1,60.0,0,N,RURAL_VICTORIA,OTHER,5,10.0
63915,1,7,130,5,5,60.0,0,N,MELB_URBAN,ROAD,5,18.0
63916,4,1,171,5,5,80.0,0,N,RURAL_VICTORIA,ROAD,4,17.0
63917,1,3,116,2,6,80.0,0,I,MELB_URBAN,HIGHWAY,5,19.0
63918,1,4,140,5,1,60.0,0,N,MELB_URBAN,DRIVE,5,11.0
63919,4,1,173,5,5,100.0,0,N,RURAL_VICTORIA,ROAD,4,21.0
63920,1,4,135,5,1,100.0,0,N,MELB_URBAN,ROAD,5,7.0
63921,7,5,99,5,1,60.0,0,N,MELB_URBAN,STREET,4,16.0
63922,1,3,130,2,1,60.0,0,I,MELB_URBAN,ROAD,5,14.0
63923,6,4,174,2,1,100.0,0,I,RURAL_VICTORIA,ROAD,5,13.0
63924,4,4,183,5,1,100.0,0,N,MELB_URBAN,FREEWAY,5,14.0
63925,1,4,99,2,1,60.0,0,I,MELB_URBAN,STREET,5,12.0
63926,1,6,130,5,2,60.0,0,N,MELB_URBAN,STREET,4,17.0
63927,1,1,121,4,1,60.0,0,I,MELB_URBAN,RAMP,8,13.0
63928,1,4,120,5,1,80.0,0,N,MELB_URBAN,ROAD,5,14.0
63929,2,3,99,5,3,60.0,0,N,MELB_URBAN,ROAD,5,17.0
63930,1,2,130,5,1,60.0,0,N,MELB_URBAN,ROAD,2,7.0
63931,1,4,110,1,3,50.0,0,I,MELB_URBAN,STREET,5,17.0
63932,6,1,99,2,5,100.0,0,I,RURAL_VICTORIA,ROAD,5,0.0
63933,1,4,173,5,1,50.0,0,N,SMALL_CITIES,STREET,5,15.0
63934,1,3,130,1,1,80.0,0,I,MELB_URBAN,ROAD,5,14.0
63935,6,4,174,1,3,80.0,0,I,MELB_URBAN,ROAD,5,5.0
63936,1,4,130,5,3,60.0,0,N,MELB_URBAN,ROAD,5,18.0
63937,1,3,140,5,3,60.0,0,N,RURAL_VICTORIA,ROAD,5,18.0
63938,1,4,121,4,3,80.0,0,I,MELB_URBAN,HIGHWAY,5,18.0
63939,1,4,130,2,1,60.0,0,I,MELB_URBAN,ROAD,5,15.0
63940,2,4,102,5,3,50.0,0,N,MELB_URBAN,STREET,5,19.0
63941,1,4,130,5,3,100.0,0,N,RURAL_VICTORIA,HIGHWAY,5,18.0
63942,1,3,110,1,1,40.0,0,I,MELB_URBAN,STREET,5,15.0
63943,1,4,121,1,3,60.0,0,I,MELB_URBAN,ROAD,5,20.0
63944,4,4,173,5,5,80.0,0,N,RURAL_VICTORIA,HIGHWAY,5,21.0
63945,1,3,130,5,3,80.0,0,N,MELB_URBAN,FREEWAY,5,18.0
63946,2,4,99,5,3,60.0,0,N,MELB_URBAN,ROAD,5,19.0
63947,1,5,130,1,1,60.0,0,I,TOWNS,STREET,5,15.0
63948,1,5,121,2,3,40.0,0,I,MELB_URBAN,STREET,5,6.0
63949,4,2,173,1,1,50.0,0,I,MELB_URBAN,STREET,5,13.0
63950,2,2,100,2,1,70.0,0,I,MELB_URBAN,HIGHWAY,5,14.0
63951,1,3,130,2,1,60.0,0,I,MELB_URBAN,ROAD,4,8.0
63952,1,4,110,9,1,80.0,0,I,MELB_URBAN,ROAD,5,8.0
63953,1,5,110,1,1,60.0,0,I,MELB_URBAN,ROAD,5,6.0
63954,2,4,99,5,6,50.0,0,N,MELB_URBAN,OTHER,9,0.0
63955,1,1,116,2,1,60.0,0,I,MELB_URBAN,ROAD,5,9.0
63956,1,5,121,2,1,70.0,0,I,MELB_URBAN,ROAD,5,8.0
63957,4,2,181,5,1,100.0,0,N,RURAL_VICTORIA,HIGHWAY,5,7.0
63958,1,5,120,5,2,100.0,0,N,RURAL_VICTORIA,HIGHWAY,5,6.0
63959,1,2,121,5,2,60.0,0,N,MELB_URBAN,ROAD,5,17.0
63960,1,5,130,5,1,40.0,0,N,MELB_URBAN,ROAD,5,10.0
63961,1,5,130,1,1,60.0,0,I,LARGE_PROVINCIAL_CITIES,ROAD,5,9.0
63962,4,5,181,5,1,100.0,0,N,RURAL_VICTORIA,ROAD,5,7.0
63963,1,4,163,5,3,60.0,0,N,MELB_URBAN,ROAD,5,18.0
63964,8,6,184,5,1,100.0,0,N,RURAL_VICTORIA,ROAD,5,11.0
63965,2,5,99,5,1,50.0,0,N,MELB_URBAN,ROAD,5,12.0
63966,1,3,130,2,3,60.0,0,I,MELB_URBAN,STREET,5,20.0
63967,1,1,134,5,1,50.0,0,N,TOWNS,STREET,5,11.0
63968,1,3,147,5,1,60.0,0,N,MELB_URBAN,HIGHWAY,5,11.0
63969,2,4,102,5,1,40.0,0,N,MELBOURNE_CBD,STREET,5,8.0
63970,1,6,160,5,1,70.0,0,N,MELB_URBAN,ROAD,12,11.0
63971,1,5,99,5,9,50.0,0,N,MELB_URBAN,STREET,5,13.0
63972,8,4,99,5,1,60.0,0,N,RURAL_VICTORIA,ROAD,5,12.0
63973,1,2,130,1,3,70.0,0,I,MELB_URBAN,ROAD,4,21.0
63974,4,7,181,5,1,100.0,0,N,RURAL_VICTORIA,ROAD,9,12.0
63975,1,7,99,1,1,60.0,0,I,LARGE_PROVINCIAL_CITIES,ROAD,5,11.0
63976,1,5,120,5,1,80.0,0,N,RURAL_VICTORIA,ROAD,5,15.0
63977,1,5,110,1,3,60.0,0,I,LARGE_PROVINCIAL_CITIES,STREET,5,17.0
63978,1,5,113,2,3,50.0,0,I,MELB_URBAN,STREET,5,17.0
63979,2,5,100,1,3,40.0,0,I,MELBOURNE_CBD,STREET,5,17.0
63980,4,4,181,2,1,80.0,0,I,RURAL_VICTORIA,ROAD,5,8.0
63981,1,6,130,5,1,80.0,0,N,MELB_URBAN,ROAD,5,11.0
63982,1,5,121,2,3,80.0,0,I,RURAL_VICTORIA,HIGHWAY,5,18.0
63983,1,5,121,2,3,60.0,0,I,MELB_URBAN,STREET,5,17.0
63984,1,4,121,2,3,50.0,0,I,MELB_URBAN,DRIVE,5,22.0
63985,2,5,100,2,3,50.0,0,I,MELB_URBAN,OTHER,5,19.0
63986,1,5,130,2,3,50.0,0,N,MELB_URBAN,ROAD,5,17.0
63987,1,5,110,1,3,50.0,0,I,SMALL_CITIES,STREET,5,19.0
63988,1,3,130,5,3,60.0,0,N,MELB_URBAN,STREET,5,18.0
63989,1,5,140,5,3,60.0,0,N,MELB_URBAN,STREET,5,19.0
63990,2,5,100,5,3,60.0,0,N,MELB_URBAN,ROAD,5,19.0
63991,8,5,174,2,1,50.0,0,I,MELB_URBAN,STREET,5,16.0
63992,1,4,130,5,3,50.0,0,N,MELB_URBAN,HIGHWAY,5,18.0
63993,1,5,121,1,3,60.0,0,I,MELB_URBAN,DRIVE,5,18.0
63994,1,4,121,1,3,60.0,0,I,MELB_URBAN,ROAD,5,19.0
63995,1,4,121,5,1,60.0,0,N,MELB_URBAN,ROAD,5,16.0
63996,1,5,116,2,3,60.0,0,I,MELB_URBAN,ROAD,5,22.0
63997,1,5,113,2,3,50.0,0,I,MELB_URBAN,ROAD,5,21.0
63998,4,5,99,5,3,60.0,0,N,MELB_URBAN,ROAD,5,18.0
63999,4,5,173,1,3,80.0,0,I,MELB_URBAN,HIGHWAY,5,23.0
64000,1,2,121,1,3,50.0,0,I,MELB_URBAN,ROAD,5,19.0
64001,4,6,173,5,5,100.0,0,N,RURAL_VICTORIA,ROAD,5,4.0
64002,1,3,121,1,1,60.0,0,I,RURAL_VICTORIA,ROAD,5,16.0
64003,1,6,130,5,1,60.0,0,N,MELB_URBAN,ROAD,5,8.0
64004,1,7,116,2,1,60.0,0,I,MELB_URBAN,STREET,4,14.0
64005,1,1,130,5,3,60.0,0,N,MELB_URBAN,ROAD,5,17.0
64006,2,5,99,5,1,50.0,0,N,MELB_URBAN,OTHER,5,13.0
64007,1,6,130,5,1,80.0,0,N,MELB_URBAN,ROAD,5,8.0
64008,1,5,113,2,1,80.0,0,I,TOWNS,HIGHWAY,5,8.0
64009,1,5,130,5,1,60.0,0,N,MELB_URBAN,BOULEVARD,5,10.0
64010,1,4,130,1,3,60.0,0,I,MELB_URBAN,ROAD,5,18.0
64011,8,6,174,5,1,100.0,0,N,RURAL_VICTORIA,ROAD,3,11.0
64012,2,3,100,1,1,40.0,0,I,SMALL_CITIES,HIGHWAY,5,7.0
64013,1,1,130,2,1,70.0,0,I,MELB_URBAN,ROAD,4,11.0
64014,4,6,181,5,1,100.0,0,N,RURAL_VICTORIA,HIGHWAY,5,9.0
64015,1,6,130,5,2,100.0,0,N,MELB_URBAN,ROAD,5,6.0
64016,1,6,130,5,1,60.0,0,N,LARGE_PROVINCIAL_CITIES,ROAD,3,11.0
64017,4,6,181,2,1,100.0,0,I,RURAL_VICTORIA,HIGHWAY,5,12.0
64018,1,6,130,5,1,100.0,0,N,MELB_URBAN,FREEWAY,5,6.0
64019,1,5,110,1,1,100.0,0,I,RURAL_VICTORIA,HIGHWAY,5,14.0
64020,2,6,102,2,1,40.0,0,I,SMALL_CITIES,STREET,5,15.0
64021,1,6,99,1,1,80.0,0,I,MELB_URBAN,DRIVE,5,15.0
64022,1,6,130,5,1,60.0,0,N,LARGE_PROVINCIAL_CITIES,ROAD,5,12.0
64023,4,3,171,5,1,100.0,0,N,RURAL_VICTORIA,HIGHWAY,5,8.0
64024,1,6,130,5,1,100.0,0,N,MELB_URBAN,ROAD,5,16.0
64025,1,6,120,5,1,40.0,0,N,MELB_URBAN,HIGHWAY,5,17.0
64026,1,6,130,5,5,100.0,0,N,MELB_URBAN,FREEWAY,5,18.0
64027,1,7,130,1,1,80.0,0,I,LARGE_PROVINCIAL_CITIES,HIGHWAY,5,16.0
64028,1,2,99,5,1,60.0,0,N,MELB_URBAN,ROAD,4,14.0
64029,1,6,120,5,5,60.0,1,N,MELB_URBAN,ROAD,5,18.0
64030,1,5,130,2,3,60.0,0,I,MELB_URBAN,ROAD,5,19.0
64031,1,6,130,2,3,60.0,0,I,MELB_URBAN,ROAD,5,19.0
64032,1,6,99,4,3,80.0,0,N,MELB_URBAN,OTHER,5,17.0
64033,1,6,121,2,3,60.0,0,I,MELB_URBAN,ROAD,5,18.0
64034,2,6,100,1,3,60.0,0,I,MELB_URBAN,ROAD,5,20.0
64035,1,6,130,5,5,100.0,0,N,MELB_URBAN,FREEWAY,5,19.0
64036,1,6,130,1,1,80.0,0,I,MELB_URBAN,HIGHWAY,5,14.0
64037,1,6,130,5,5,100.0,0,N,MELB_URBAN,FREEWAY,5,20.0
64038,4,6,173,5,5,80.0,0,N,LARGE_PROVINCIAL_CITIES,STREET,5,18.0
64039,1,7,130,5,1,60.0,0,N,MELB_URBAN,STREET,5,17.0
64040,2,7,99,2,3,60.0,0,I,SMALL_CITIES,STREET,5,0.0
64041,6,7,99,5,5,80.0,0,N,RURAL_VICTORIA,ROAD,5,0.0
64042,1,5,121,5,3,60.0,0,N,LARGE_PROVINCIAL_CITIES,ROAD,5,20.0
64043,2,6,99,5,1,60.0,0,N,MELB_URBAN,STREET,5,15.0
64044,8,7,174,5,3,60.0,0,N,MELB_URBAN,ROAD,5,2.0
64045,1,4,130,2,3,80.0,0,I,MELB_URBAN,ROAD,4,19.0
64046,1,6,110,1,1,80.0,0,I,MELB_URBAN,ROAD,4,16.0
64047,4,4,183,5,5,100.0,0,N,RURAL_VICTORIA,ROAD,4,21.0
64048,1,6,130,1,1,60.0,0,I,MELB_URBAN,ROAD,4,17.0
64049,1,7,113,2,1,80.0,0,I,RURAL_VICTORIA,ROAD,5,10.0
64050,1,6,130,5,1,80.0,0,N,MELB_URBAN,ROAD,5,11.0
64051,1,7,99,5,1,60.0,0,N,RURAL_VICTORIA,ROAD,5,8.0
64052,1,7,140,1,1,50.0,0,I,MELB_URBAN,HIGHWAY,5,11.0
64053,1,4,130,2,1,60.0,0,I,MELB_URBAN,ROAD,5,17.0
64054,1,7,110,1,1,50.0,0,I,LARGE_PROVINCIAL_CITIES,STREET,5,14.0
64055,1,6,130,1,1,60.0,0,I,LARGE_PROVINCIAL_CITIES,STREET,5,12.0
64056,1,2,110,1,1,40.0,0,I,MELB_URBAN,ROAD,4,7.0
64057,1,7,99,2,1,60.0,0,I,RURAL_VICTORIA,ROAD,5,11.0
64058,6,6,184,5,1,100.0,0,N,RURAL_VICTORIA,ROAD,5,15.0
64059,1,7,147,5,1,50.0,0,N,MELB_URBAN,ROAD,5,15.0
64060,1,7,99,2,1,60.0,0,I,MELB_URBAN,ROAD,5,8.0
64061,1,7,121,2,1,80.0,0,N,MELB_URBAN,ROAD,5,15.0
64062,1,7,140,5,3,60.0,0,N,RURAL_VICTORIA,ROAD,5,1.0
64063,1,6,99,4,4,60.0,0,I,MELB_URBAN,ROAD,5,18.0
64064,1,7,99,2,1,60.0,0,I,MELB_URBAN,ROAD,5,12.0
64065,1,6,99,5,1,50.0,0,N,MELB_URBAN,STREET,5,15.0
64066,4,7,181,5,1,100.0,0,N,RURAL_VICTORIA,ROAD,5,14.0
64067,4,7,171,1,5,100.0,0,I,RURAL_VICTORIA,ROAD,5,17.0
64068,1,7,130,1,2,80.0,0,I,MELB_URBAN,ROAD,5,16.0
64069,1,7,121,2,1,50.0,0,N,MELB_URBAN,ROAD,5,15.0
64070,1,7,130,5,5,100.0,0,N,RURAL_VICTORIA,ROAD,5,18.0
64071,2,7,102,2,3,50.0,0,I,MELB_URBAN,STREET,5,17.0
64072,1,7,135,5,3,70.0,0,N,MELB_URBAN,ROAD,5,17.0
64073,2,7,100,5,3,50.0,0,N,MELB_URBAN,ROAD,5,17.0
64074,1,3,110,1,6,50.0,0,I,MELB_URBAN,STREET,5,19.0
64075,1,7,120,2,3,60.0,0,N,RURAL_VICTORIA,ROAD,5,20.0
64076,4,7,171,3,3,50.0,0,I,MELB_URBAN,AVENUE,5,21.0
64077,1,6,113,4,3,70.0,0,I,MELB_URBAN,RAMP,5,19.0
64078,1,7,130,2,3,60.0,0,I,LARGE_PROVINCIAL_CITIES,STREET,5,22.0
64079,1,7,120,5,3,60.0,0,N,MELB_URBAN,ROAD,5,22.0
64080,1,7,121,2,3,80.0,0,I,TOWNS,ROAD,5,18.0
64081,1,6,121,2,3,60.0,0,I,MELB_URBAN,ROAD,5,23.0
64082,1,5,140,5,3,60.0,0,N,LARGE_PROVINCIAL_CITIES,STREET,5,19.0
64083,8,7,99,5,1,100.0,0,N,RURAL_VICTORIA,ROAD,5,12.0
64084,2,7,99,2,1,60.0,0,I,MELB_URBAN,STREET,5,14.0
64085,2,1,102,1,1,50.0,0,N,MELB_URBAN,ROAD,5,9.0
64086,1,7,110,1,3,60.0,0,I,MELB_URBAN,ROAD,5,22.0
64087,1,7,110,1,1,50.0,0,I,MELB_URBAN,STREET,5,16.0
64088,4,0,173,2,1,60.0,0,I,MELB_URBAN,UNKNOWN,5,11.0
64089,6,6,174,5,1,60.0,0,N,RURAL_VICTORIA,ROAD,5,13.0
64090,1,4,111,2,5,70.0,0,I,MELB_URBAN,HIGHWAY,4,5.0
64091,6,1,174,5,1,100.0,0,N,RURAL_VICTORIA,ROAD,5,11.0
64092,2,0,102,2,1,60.0,0,I,MELB_URBAN,ROAD,5,12.0
64093,1,7,130,5,5,100.0,0,N,RURAL_VICTORIA,ROAD,5,17.0
64094,6,6,99,5,1,60.0,0,N,RURAL_VICTORIA,HIGHWAY,3,12.0
64095,2,7,99,5,3,60.0,0,N,MELB_URBAN,ROAD,5,18.0
64096,1,0,120,5,1,50.0,0,N,MELB_URBAN,OTHER,5,9.0
64097,1,1,110,1,1,50.0,0,I,MELB_URBAN,AVENUE,5,12.0
64098,1,1,113,2,1,60.0,0,I,MELB_URBAN,ROAD,5,13.0
64099,4,0,173,2,3,70.0,0,I,MELB_URBAN,ROAD,5,6.0
64100,1,5,130,1,1,60.0,0,I,MELB_URBAN,STREET,5,12.0
64101,6,0,99,5,1,60.0,0,N,RURAL_VICTORIA,ROAD,5,10.0
64102,6,1,99,5,1,110.0,0,N,RURAL_VICTORIA,HIGHWAY,5,16.0
64103,1,1,120,5,5,100.0,0,N,RURAL_VICTORIA,ROAD,5,1.0
64104,1,1,121,2,3,70.0,0,I,MELB_URBAN,ROAD,5,17.0
64105,1,0,99,2,1,60.0,0,I,MELB_URBAN,ROAD,5,16.0
64106,1,0,130,5,3,80.0,0,N,MELB_URBAN,UNKNOWN,5,17.0
64107,4,1,181,5,5,100.0,0,N,RURAL_VICTORIA,ROAD,5,17.0
64108,1,1,160,5,3,60.0,0,N,MELB_URBAN,ROAD,5,2.0
64109,4,1,171,5,5,100.0,0,N,RURAL_VICTORIA,ROAD,5,21.0
64110,2,6,100,2,3,40.0,0,I,MELB_URBAN,ROAD,5,6.0
64111,1,0,121,2,3,60.0,0,I,MELB_URBAN,ROAD,5,20.0
64112,4,0,171,5,3,100.0,0,N,MELB_URBAN,RAMP,5,20.0
64113,4,1,181,2,3,60.0,0,I,MELB_URBAN,OTHER,5,22.0
64114,4,1,173,5,3,50.0,0,N,MELB_URBAN,AVENUE,5,23.0
64115,4,2,173,5,3,60.0,0,N,SMALL_CITIES,ROAD,5,1.0
64116,1,5,99,5,1,70.0,0,N,MELB_URBAN,ROAD,5,14.0
64117,1,3,99,4,6,60.0,0,I,MELB_URBAN,STREET,5,18.0
64118,6,6,99,5,1,100.0,0,N,RURAL_VICTORIA,ROAD,5,13.0
64119,1,2,116,2,1,60.0,0,I,MELB_URBAN,ROAD,5,7.0
64120,1,1,111,2,1,60.0,0,I,MELB_URBAN,ROAD,5,8.0
64121,5,3,99,5,1,100.0,0,N,RURAL_VICTORIA,ROAD,5,9.0
64122,1,1,130,5,1,80.0,0,N,RURAL_VICTORIA,ROAD,5,8.0
64123,1,6,130,2,3,80.0,0,I,MELB_URBAN,FREEWAY,5,6.0
64124,1,6,147,5,1,50.0,0,N,MELB_URBAN,ROAD,5,11.0
64125,1,2,110,1,1,100.0,0,I,TOWNS,ROAD,5,9.0
64126,2,3,102,1,1,70.0,0,I,MELB_URBAN,ROAD,5,15.0
64127,1,3,110,1,3,60.0,0,I,LARGE_PROVINCIAL_CITIES,STREET,4,19.0
64128,5,7,99,5,1,60.0,0,N,RURAL_VICTORIA,ROAD,4,10.0
64129,1,2,99,5,1,40.0,0,N,MELB_URBAN,STREET,5,8.0
64130,4,2,181,5,1,100.0,0,N,RURAL_VICTORIA,HIGHWAY,5,9.0
64131,1,2,121,2,1,70.0,0,I,LARGE_PROVINCIAL_CITIES,STREET,5,13.0
64132,1,7,140,5,1,60.0,0,N,LARGE_PROVINCIAL_CITIES,AVENUE,5,15.0
64133,1,2,130,5,1,80.0,0,N,RURAL_VICTORIA,HIGHWAY,5,12.0
64134,1,0,110,1,1,60.0,0,I,MELB_URBAN,AVENUE,5,11.0
64135,8,1,170,5,1,100.0,0,N,RURAL_VICTORIA,ROAD,5,13.0
64136,1,1,110,1,2,60.0,0,I,SMALL_CITIES,STREET,5,17.0