,accident_type,day_of_week,dca_code,road_geometry,light_condition,speed_zone,severity,node_type,deg_urban_name,road_type,month,hour
64137,1,2,130,4,1,80.0,0,I,RURAL_VICTORIA,RAMP,5,7.0
64138,6,1,184,5,1,100.0,0,N,RURAL_VICTORIA,ROAD,5,8.0
64139,5,1,99,6,6,50.0,1,N,RURAL_VICTORIA,ROAD,5,20.0
64140,4,2,171,1,1,100.0,0,I,RURAL_VICTORIA,ROAD,5,15.0
64141,4,1,173,5,5,100.0,0,N,RURAL_VICTORIA,ROAD,5,4.0
64142,4,0,173,5,5,100.0,0,N,RURAL_VICTORIA,ROAD,5,20.0
64143,7,7,99,1,2,40.0,0,I,MELB_URBAN,STREET,4,18.0
64144,1,1,130,2,9,60.0,0,N,MELB_URBAN,HIGHWAY,4,18.0
64145,1,3,130,1,1,70.0,0,I,MELB_URBAN,HIGHWAY,5,10.0
64146,8,2,174,5,1,60.0,0,N,RURAL_VICTORIA,ROAD,5,13.0
64147,4,2,99,5,1,60.0,0,N,LARGE_PROVINCIAL_CITIES,ROAD,5,15.0
64148,4,1,171,2,3,60.0,0,I,MELB_URBAN,STREET,5,21.0
64149,1,2,130,5,1,50.0,0,N,MELB_URBAN,STREET,5,14.0
64150,1,2,99,2,1,60.0,0,I,RURAL_VICTORIA,ROAD,5,15.0
64151,2,2,99,5,2,60.0,0,N,LARGE_PROVINCIAL_CITIES,PARADE,5,17.0
64152,1,2,134,5,1,80.0,0,N,MELB_URBAN,UNKNOWN,5,16.0
64153,1,2,130,2,1,60.0,0,I,MELB_URBAN,STREET,5,14.0
64154,1,1,133,5,3,60.0,0,N,MELB_URBAN,ROAD,5,17.0
64155,1,2,120,2,3,60.0,0,I,MELB_URBAN,ROAD,5,18.0
64156,1,2,121,1,3,40.0,0,I,MELB_URBAN,STREET,5,19.0
64157,1,2,99,2,5,50.0,0,I,MELB_URBAN,STREET,5,18.0
64158,1,2,134,5,3,70.0,0,N,MELB_URBAN,HIGHWAY,5,17.0
64159,2,2,100,2,3,70.0,0,I,MELB_URBAN,ROAD,5,19.0
64160,1,2,99,1,3,60.0,0,I,MELB_URBAN,ROAD,5,20.0
64161,1,2,160,2,5,50.0,1,I,MELB_URBAN,OTHER,5,20.0
64162,4,2,171,2,3,50.0,0,N,MELB_URBAN,ROAD,5,20.0
64163,1,0,130,5,1,80.0,0,N,SMALL_CITIES,HIGHWAY,1,13.0
64164,4,2,181,5,5,110.0,0,N,RURAL_VICTORIA,FREEWAY,5,22.0
64165,1,5,130,5,9,50.0,0,N,LARGE_PROVINCIAL_CITIES,STREET,5,12.0
64166,6,7,170,2,9,100.0,0,I,RURAL_VICTORIA,ROAD,5,12.0
64167,4,2,171,5,5,100.0,0,N,RURAL_VICTORIA,HIGHWAY,5,23.0
64168,1,7,121,2,1,60.0,0,I,MELB_URBAN,ROAD,5,16.0
64169,1,1,113,2,5,100.0,0,I,RURAL_VICTORIA,HIGHWAY,5,21.0
64170,1,7,140,2,1,60.0,0,N,MELB_URBAN,ROAD,5,9.0
64171,5,3,99,5,1,80.0,0,N,MELB_URBAN,ROAD,5,10.0
64172,1,2,99,1,1,60.0,0,I,MELB_URBAN,ROAD,5,11.0
64173,2,3,100,2,2,60.0,0,I,MELB_URBAN,ROAD,5,6.0
64174,1,2,110,1,3,40.0,0,I,MELBOURNE_CBD,STREET,5,20.0
64175,6,6,174,2,5,50.0,0,I,LARGE_PROVINCIAL_CITIES,STREET,4,23.0
64176,1,3,113,2,1,60.0,0,I,MELB_URBAN,ROAD,5,16.0
64177,1,2,110,1,1,60.0,0,N,MELB_URBAN,ROAD,5,7.0
64178,1,3,132,1,1,60.0,0,I,MELB_URBAN,ROAD,5,8.0
64179,4,4,181,5,2,100.0,0,N,RURAL_VICTORIA,ROAD,4,18.0
64180,1,3,140,5,9,50.0,0,N,MELB_URBAN,STREET,5,14.0
64181,1,2,130,5,1,60.0,0,I,RURAL_VICTORIA,RAMP,12,15.0
64182,5,7,99,5,1,60.0,0,N,RURAL_VICTORIA,ROAD,5,14.0
64183,6,2,99,5,9,60.0,0,N,RURAL_VICTORIA,ROAD,5,20.0
64184,1,3,121,2,1,60.0,0,I,MELB_URBAN,ROAD,5,11.0
64185,8,2,174,2,3,50.0,0,N,MELB_URBAN,DRIVE,5,20.0
64186,1,3,99,2,1,50.0,0,I,MELB_URBAN,STREET,5,14.0
64187,1,3,130,5,1,50.0,0,N,MELB_URBAN,STREET,5,12.0
64188,1,4,130,5,5,100.0,0,N,MELB_URBAN,HIGHWAY,5,6.0
64189,4,3,171,2,1,50.0,0,I,MELB_URBAN,ROAD,5,13.0
64190,1,6,130,5,9,60.0,0,N,MELB_URBAN,STREET,5,9.0
64191,1,3,132,2,1,50.0,0,I,MELB_URBAN,OTHER,5,14.0
64192,1,3,147,5,1,50.0,0,N,LARGE_PROVINCIAL_CITIES,STREET,5,16.0
64193,1,3,110,1,1,50.0,0,I,MELB_URBAN,STREET,5,16.0
64194,1,2,110,1,1,40.0,0,I,MELB_URBAN,STREET,5,16.0
64195,1,2,121,1,1,50.0,0,I,MELB_URBAN,AVENUE,5,16.0
64196,1,3,134,5,1,100.0,1,N,MELB_URBAN,FREEWAY,5,8.0
64197,1,2,120,2,1,70.0,0,N,SMALL_CITIES,ROAD,5,16.0
64198,1,2,121,2,2,50.0,0,I,MELB_URBAN,OTHER,5,17.0
64199,8,3,99,5,4,60.0,0,N,LARGE_PROVINCIAL_CITIES,STREET,4,20.0
64200,1,3,99,1,1,60.0,0,I,LARGE_PROVINCIAL_CITIES,STREET,5,16.0
64201,1,3,130,5,3,60.0,0,N,MELB_URBAN,ROAD,5,17.0
64202,3,2,167,5,5,60.0,0,N,RURAL_VICTORIA,ROAD,5,23.0
64203,1,2,121,1,3,60.0,0,N,LARGE_PROVINCIAL_CITIES,STREET,5,18.0
64204,1,3,110,1,3,50.0,0,I,MELB_URBAN,STREET,5,19.0
64205,1,2,130,2,3,80.0,0,I,MELB_URBAN,FREEWAY,5,20.0
64206,1,5,121,1,1,60.0,0,I,MELB_URBAN,ROAD,5,15.0
64207,1,3,110,1,3,60.0,0,I,SMALL_CITIES,ROAD,5,20.0
64208,1,3,130,2,1,80.0,0,N,RURAL_VICTORIA,HIGHWAY,5,16.0
64209,1,3,110,1,1,100.0,0,I,RURAL_VICTORIA,ROAD,5,16.0
64210,1,3,121,1,3,40.0,0,I,MELBOURNE_CBD,STREET,5,22.0
64211,1,3,120,2,1,60.0,0,I,MELB_URBAN,ROAD,5,16.0
64212,4,3,183,5,3,50.0,0,N,MELB_URBAN,STREET,5,21.0
64213,1,3,120,5,5,50.0,1,N,MELB_URBAN,ROAD,5,20.0
64214,1,4,116,4,9,70.0,0,I,MELB_URBAN,ROAD,5,1.0
64215,1,2,130,5,3,60.0,0,N,SMALL_CITIES,ROAD,5,18.0
64216,1,2,120,5,5,100.0,0,N,RURAL_VICTORIA,ROAD,5,20.0
64217,1,5,147,5,2,60.0,0,N,MELB_URBAN,STREET,5,17.0
64218,1,3,130,1,1,60.0,0,N,MELB_URBAN,ROAD,3,11.0
64219,2,4,100,2,1,40.0,0,N,MELB_URBAN,STREET,5,8.0
64220,2,3,99,5,1,100.0,0,N,RURAL_VICTORIA,ROAD,5,9.0
64221,2,4,100,2,1,60.0,0,I,MELB_URBAN,ROAD,5,7.0
64222,1,4,121,2,1,60.0,0,I,TOWNS,STREET,5,7.0
64223,1,4,121,1,1,60.0,0,I,MELB_URBAN,ROAD,5,8.0
64224,1,4,121,1,1,60.0,0,I,MELB_URBAN,STREET,5,9.0
64225,1,4,130,5,1,60.0,0,N,LARGE_PROVINCIAL_CITIES,STREET,5,8.0
64226,1,3,130,2,1,40.0,0,I,MELB_URBAN,ROAD,8,12.0
64227,1,3,113,2,3,60.0,0,I,MELB_URBAN,ROAD,5,6.0
64228,1,4,120,5,1,60.0,0,N,MELB_URBAN,ROAD,5,7.0
64229,1,4,113,2,1,70.0,0,I,LARGE_PROVINCIAL_CITIES,OTHER,5,10.0
64230,1,1,140,5,1,60.0,0,N,TOWNS,STREET,5,13.0
64231,1,3,99,5,1,30.0,0,N,MELB_URBAN,UNKNOWN,5,10.0
64232,1,2,130,5,1,40.0,0,N,MELB_URBAN,HIGHWAY,5,8.0
64233,6,3,174,5,3,80.0,0,N,MELB_URBAN,RAMP,5,19.0
64234,2,2,99,5,1,60.0,0,N,RURAL_VICTORIA,ROAD,5,15.0
64235,1,4,99,5,1,60.0,0,N,SMALL_CITIES,STREET,5,11.0
64236,2,4,100,1,1,50.0,0,I,MELB_URBAN,STREET,5,11.0
64237,6,4,99,5,1,100.0,0,N,RURAL_VICTORIA,ROAD,5,13.0
64238,4,3,181,5,1,100.0,0,N,RURAL_VICTORIA,ROAD,5,14.0
64239,4,5,173,5,1,50.0,0,N,RURAL_VICTORIA,STREET,5,16.0
64240,1,4,130,4,1,60.0,0,N,MELB_URBAN,UNKNOWN,5,15.0
64241,2,4,100,1,1,60.0,0,N,MELB_URBAN,ROAD,5,15.0
64242,1,3,111,1,2,70.0,0,I,MELB_URBAN,FREEWAY,5,16.0
64243,1,3,140,5,1,80.0,0,N,MELB_URBAN,ROAD,5,15.0
64244,5,4,99,5,1,80.0,0,N,MELB_URBAN,FREEWAY,5,15.0
64245,1,4,110,1,5,70.0,0,I,LARGE_PROVINCIAL_CITIES,ROAD,5,17.0
64246,2,4,99,5,1,60.0,0,N,TOWNS,HIGHWAY,5,16.0
64247,6,2,170,5,1,50.0,0,N,MELB_URBAN,DRIVE,5,12.0
64248,1,4,110,1,1,50.0,0,I,MELB_URBAN,STREET,5,14.0
64249,1,4,113,2,3,50.0,0,I,MELB_URBAN,STREET,5,17.0
64250,1,4,121,2,3,70.0,0,I,MELB_URBAN,ROAD,5,17.0
64251,1,4,134,5,3,70.0,0,N,MELB_URBAN,ROAD,5,17.0
64252,1,4,113,1,3,80.0,0,I,RURAL_VICTORIA,HIGHWAY,5,18.0
64253,4,3,99,2,5,80.0,0,I,RURAL_VICTORIA,ROAD,5,17.0
64254,1,4,140,5,5,100.0,0,N,RURAL_VICTORIA,HIGHWAY,5,17.0
64255,1,1,133,2,1,60.0,0,I,MELB_URBAN,ROAD,5,12.0
64256,2,4,100,5,3,60.0,0,N,MELB_URBAN,ROAD,5,17.0
64257,3,4,167,5,5,100.0,0,N,MELB_URBAN,FREEWAY,5,4.0
64258,1,4,110,1,3,50.0,0,I,MELB_URBAN,STREET,5,20.0
64259,4,5,99,2,5,60.0,0,I,RURAL_VICTORIA,ROAD,5,5.0
64260,2,5,100,5,3,60.0,0,N,MELB_URBAN,STREET,5,6.0
64261,6,1,184,5,1,60.0,0,N,RURAL_VICTORIA,ROAD,5,16.0
64262,1,2,130,5,1,60.0,0,N,MELB_URBAN,ROAD,4,10.0
64263,1,5,147,2,1,60.0,0,I,MELB_URBAN,HIGHWAY,5,7.0
64264,2,5,102,1,3,60.0,1,I,SMALL_CITIES,STREET,5,7.0
64265,1,4,121,1,2,70.0,0,N,MELB_URBAN,STREET,5,7.0
64266,6,1,184,5,1,60.0,0,N,RURAL_VICTORIA,UNKNOWN,5,15.0
64267,1,4,163,5,1,60.0,0,N,MELB_URBAN,AVENUE,5,8.0
64268,1,6,121,2,1,80.0,0,I,MELB_URBAN,ROAD,5,17.0
64269,1,4,130,5,1,80.0,0,N,MELB_URBAN,FREEWAY,5,8.0
64270,2,4,99,5,9,60.0,0,N,MELB_URBAN,AVENUE,5,13.0
64271,1,4,99,2,1,60.0,0,I,MELB_URBAN,ROAD,5,9.0
64272,1,5,110,1,2,60.0,0,I,MELB_URBAN,STREET,5,7.0
64273,1,5,110,1,1,40.0,0,I,MELB_URBAN,STREET,5,9.0
64274,8,0,174,5,1,100.0,0,N,RURAL_VICTORIA,OTHER,3,16.0
64275,4,5,183,5,1,80.0,0,N,MELB_URBAN,RAMP,5,10.0
64276,1,5,99,5,1,60.0,0,N,MELB_URBAN,ROAD,5,11.0
64277,1,4,110,1,9,50.0,0,I,MELB_URBAN,STREET,5,8.0
64278,4,5,171,2,1,60.0,0,I,MELB_URBAN,ROAD,5,13.0
64279,4,4,173,5,1,100.0,0,N,RURAL_VICTORIA,ROAD,5,13.0
64280,6,5,99,5,1,50.0,0,N,TOWNS,DRIVE,5,10.0
64281,2,5,100,5,1,40.0,0,N,MELB_URBAN,STREET,5,10.0
64282,1,5,130,5,1,60.0,0,N,MELB_URBAN,ROAD,5,12.0
64283,1,2,130,5,2,100.0,0,I,MELB_URBAN,ROAD,5,17.0
64284,1,5,130,1,1,60.0,0,I,MELB_URBAN,ROAD,5,13.0
64285,4,4,181,5,1,100.0,0,N,RURAL_VICTORIA,HIGHWAY,5,14.0
64286,1,5,135,5,3,100.0,0,N,MELB_URBAN,FREEWAY,5,18.0
64287,4,4,173,5,1,80.0,0,N,TOWNS,ROAD,5,12.0
64288,1,5,130,1,1,60.0,0,I,MELB_URBAN,ROAD,5,15.0
64289,6,7,184,5,1,80.0,0,N,RURAL_VICTORIA,HIGHWAY,4,7.0
64290,1,4,110,4,1,60.0,0,I,MELB_URBAN,ROAD,5,15.0
64291,1,5,113,1,2,60.0,0,I,SMALL_CITIES,STREET,5,17.0
64292,2,4,99,5,3,60.0,0,N,MELB_URBAN,STREET,5,20.0
64293,1,5,130,5,3,60.0,0,N,SMALL_CITIES,STREET,5,18.0
64294,1,4,110,1,1,60.0,0,I,MELB_URBAN,ROAD,5,19.0
64295,2,5,102,2,3,60.0,0,I,MELB_URBAN,ROAD,5,18.0
64296,1,7,99,2,1,60.0,0,I,MELB_URBAN,STREET,4,14.0
64297,1,5,120,5,2,100.0,0,N,RURAL_VICTORIA,OTHER,5,17.0
64298,1,4,113,2,3,60.0,0,I,SMALL_CITIES,STREET,5,20.0
64299,1,5,110,1,1,50.0,0,I,MELB_URBAN,OTHER,5,17.0
64300,1,6,130,5,1,60.0,0,I,MELB_URBAN,OTHER,11,17.0
64301,1,5,140,1,3,40.0,0,I,MELBOURNE_CBD,STREET,5,22.0
64302,4,5,171,2,3,60.0,0,I,TOWNS,HIGHWAY,5,4.0
64303,1,4,121,5,3,80.0,0,N,MELB_URBAN,ROAD,5,23.0
64304,1,5,130,5,3,70.0,0,N,MELB_URBAN,ROAD,5,23.0
64305,4,5,181,5,5,100.0,1,N,RURAL_VICTORIA,ROAD,5,22.0
64306,4,5,99,2,3,50.0,0,I,MELB_URBAN,AVENUE,5,23.0
64307,4,4,171,5,1,60.0,0,N,LARGE_PROVINCIAL_CITIES,OTHER,5,14.0
64308,1,6,135,5,1,100.0,0,N,MELB_URBAN,FREEWAY,5,7.0
64309,1,0,99,5,2,60.0,0,N,SMALL_TOWNS,STREET,5,17.0
64310,4,6,171,5,1,100.0,0,N,TOWNS,ROAD,5,7.0
64311,1,4,130,5,1,40.0,0,N,RURAL_VICTORIA,FREEWAY,5,8.0
64312,1,2,130,1,1,60.0,0,N,SMALL_CITIES,AVENUE,5,9.0
64313,1,1,130,5,9,60.0,0,N,MELB_URBAN,ROAD,5,16.0
64314,1,4,130,2,1,60.0,0,I,MELB_URBAN,ROAD,1,13.0
64315,4,6,181,5,1,100.0,0,N,RURAL_VICTORIA,ROAD,5,8.0
64316,1,5,110,1,1,50.0,0,I,SMALL_CITIES,STREET,5,8.0
64317,1,5,130,2,2,60.0,0,I,MELB_URBAN,ROAD,5,17.0
64318,2,6,100,1,1,70.0,0,I,MELB_URBAN,ROAD,5,11.0
64319,4,6,99,5,1,50.0,0,N,MELB_URBAN,STREET,5,7.0
64320,1,5,130,1,1,60.0,0,I,MELB_URBAN,STREET,5,15.0
64321,1,6,121,2,1,60.0,0,I,MELB_URBAN,ROAD,5,13.0
64322,1,4,130,1,6,80.0,0,I,MELB_URBAN,ROAD,5,4.0
64323,1,6,121,1,1,50.0,0,I,LARGE_PROVINCIAL_CITIES,UNKNOWN,5,13.0
64324,1,6,99,5,1,40.0,0,N,MELB_URBAN,STREET,5,15.0
64325,1,5,110,1,1,80.0,0,I,RURAL_VICTORIA,ROAD,5,15.0
64326,1,4,130,2,1,60.0,0,I,MELB_URBAN,STREET,5,12.0
64327,1,5,121,1,3,60.0,0,I,MELB_URBAN,STREET,5,18.0
64328,4,6,173,1,1,60.0,0,I,MELB_URBAN,STREET,5,14.0
64329,1,3,110,1,1,50.0,0,I,MELB_URBAN,STREET,5,8.0
64330,1,5,130,2,1,60.0,0,I,TOWNS,HIGHWAY,5,17.0
64331,1,6,130,5,1,100.0,0,N,RURAL_VICTORIA,ROAD,5,17.0
64332,4,6,181,5,3,60.0,0,N,LARGE_PROVINCIAL_CITIES,STREET,5,19.0
64333,1,5,99,2,1,100.0,0,I,RURAL_VICTORIA,ROAD,5,14.0
64334,1,5,110,1,3,70.0,0,I,MELB_URBAN,ROAD,5,17.0
64335,1,6,134,5,5,100.0,0,N,MELB_URBAN,FREEWAY,5,18.0
64336,1,6,99,5,5,100.0,0,N,RURAL_VICTORIA,ROAD,5,18.0
64337,2,6,100,2,3,60.0,0,N,MELB_URBAN,ROAD,5,20.0
64338,4,6,181,5,2,100.0,0,N,RURAL_VICTORIA,ROAD,5,17.0
64339,1,5,130,2,3,60.0,0,I,MELB_URBAN,STREET,5,21.0
64340,1,6,130,1,5,100.0,0,I,RURAL_VICTORIA,HIGHWAY,5,21.0
64341,3,6,167,5,5,100.0,0,N,RURAL_VICTORIA,ROAD,5,22.0
64342,2,6,102,1,3,40.0,0,I,MELB_URBAN,STREET,5,1.0
64343,2,6,100,1,5,50.0,0,I,LARGE_PROVINCIAL_CITIES,STREET,5,20.0
64344,1,6,99,5,3,80.0,0,N,MELB_URBAN,ROAD,5,21.0
64345,1,6,135,5,5,110.0,0,N,RURAL_VICTORIA,FREEWAY,5,23.0
64346,1,6,120,5,4,60.0,0,N,RURAL_VICTORIA,BOULEVARD,5,3.0
64347,4,6,171,5,3,60.0,0,N,MELB_URBAN,ROAD,5,5.0
64348,6,7,174,1,3,60.0,0,I,MELB_URBAN,ROAD,5,5.0
64349,4,6,171,5,3,60.0,0,N,LARGE_PROVINCIAL_CITIES,STREET,5,6.0
64350,1,1,163,5,3,40.0,0,N,MELB_URBAN,STREET,5,18.0
64351,2,7,100,1,2,40.0,0,I,MELB_URBAN,STREET,5,7.0
64352,7,7,99,1,1,60.0,0,I,MELB_URBAN,ROAD,4,15.0
64353,2,6,99,5,1,60.0,0,N,MELB_URBAN,ROAD,5,8.0
64354,7,4,99,5,1,60.0,0,N,MELB_URBAN,DRIVE,5,15.0
64355,1,6,110,1,1,80.0,0,I,RURAL_VICTORIA,HIGHWAY,5,11.0
64356,1,6,110,1,1,50.0,0,I,MELB_URBAN,STREET,5,12.0
64357,1,7,132,2,1,40.0,0,I,MELB_URBAN,STREET,5,9.0
64358,4,7,171,5,1,80.0,0,N,MELB_URBAN,ROAD,5,8.0
64359,1,6,121,2,1,70.0,0,N,MELB_URBAN,STREET,5,13.0
64360,2,7,99,2,1,60.0,0,I,MELB_URBAN,ROAD,5,10.0
64361,1,7,160,5,2,50.0,0,N,MELB_URBAN,STREET,5,6.0
64362,1,2,130,5,2,80.0,0,N,MELB_URBAN,ROAD,5,17.0
64363,1,7,99,2,1,80.0,0,I,MELB_URBAN,ROAD,5,13.0
64364,1,7,110,1,1,50.0,0,I,MELB_URBAN,STREET,5,11.0
64365,1,6,121,2,1,60.0,0,I,MELB_URBAN,ROAD,5,16.0
64366,1,6,116,2,2,80.0,0,I,MELB_URBAN,ROAD,5,17.0
64367,6,7,99,5,1,110.0,0,N,RURAL_VICTORIA,FREEWAY,5,15.0
64368,4,5,171,5,3,60.0,0,N,MELB_URBAN,ROAD,5,20.0
64369,1,7,147,5,1,50.0,0,N,LARGE_PROVINCIAL_CITIES,STREET,5,14.0
64370,1,6,130,5,3,60.0,0,N,MELB_URBAN,STREET,5,22.0
64371,1,7,120,2,1,50.0,0,I,MELB_URBAN,ROAD,5,14.0
64372,1,5,130,2,3,80.0,0,I,MELB_URBAN,ROAD,5,21.0
64373,1,4,130,5,3,80.0,0,N,MELB_URBAN,ROAD,5,22.0
64374,1,7,130,5,5,100.0,0,N,RURAL_VICTORIA,ROAD,5,19.0
64375,8,7,170,2,3,50.0,0,I,TOWNS,OTHER,5,20.0
64376,4,7,171,5,2,100.0,0,N,SMALL_TOWNS,ROAD,5,17.0
64377,1,6,110,1,1,50.0,0,I,MELB_URBAN,AVENUE,5,14.0
64378,4,7,173,2,3,60.0,0,N,MELB_URBAN,STREET,5,19.0
64379,1,7,113,2,3,60.0,0,I,MELB_URBAN,STREET,5,22.0
64380,1,7,121,1,3,60.0,0,I,MELB_URBAN,STREET,5,20.0
64381,1,6,135,2,2,60.0,0,N,MELB_URBAN,ROAD,5,6.0
64382,8,7,99,5,5,100.0,0,N,RURAL_VICTORIA,ROAD,5,23.0
64383,8,1,170,5,1,60.0,0,N,LARGE_PROVINCIAL_CITIES,ROAD,3,12.0
64384,5,7,99,5,3,60.0,0,N,MELB_URBAN,STREET,5,23.0
64385,2,1,100,1,3,40.0,0,I,MELB_URBAN,STREET,5,4.0
64386,6,7,174,1,1,60.0,0,I,LARGE_PROVINCIAL_CITIES,ROAD,5,11.0
64387,2,4,99,1,1,50.0,0,I,MELB_URBAN,STREET,4,12.0
64388,4,0,171,5,3,50.0,0,N,MELB_URBAN,ROAD,5,1.0
64389,6,7,174,2,6,50.0,0,I,MELB_URBAN,ROAD,4,20.0
64390,1,1,110,1,1,60.0,0,I,RURAL_VICTORIA,STREET,5,10.0
64391,1,1,110,1,1,60.0,0,I,SMALL_CITIES,STREET,5,11.0
64392,1,1,116,1,1,70.0,0,I,SMALL_CITIES,HIGHWAY,5,11.0
64393,1,0,121,5,1,40.0,0,N,TOWNS,STREET,5,12.0
64394,1,7,130,2,1,80.0,0,I,MELB_URBAN,STREET,12,11.0
64395,2,1,100,1,1,60.0,0,I,MELB_URBAN,STREET,5,14.0
64396,1,3,121,1,3,60.0,0,I,MELB_URBAN,ROAD,5,18.0
64397,1,0,130,5,1,60.0,0,N,MELB_URBAN,STREET,5,17.0
64398,1,1,133,5,3,40.0,0,N,MELB_URBAN,STREET,5,17.0
64399,1,1,110,1,2,40.0,0,I,MELBOURNE_CBD,STREET,5,6.0
64400,6,6,99,5,5,60.0,0,N,RURAL_VICTORIA,ROAD,5,17.0
64401,1,5,134,5,1,40.0,0,N,MELB_URBAN,ROAD,5,16.0
64402,1,0,130,4,1,80.0,0,N,MELB_URBAN,RAMP,5,13.0
64403,1,1,140,5,1,100.0,0,N,RURAL_VICTORIA,ROAD,5,15.0
64404,4,1,173,5,5,60.0,0,N,RURAL_VICTORIA,ROAD,5,18.0
64405,1,1,160,5,3,50.0,0,N,MELB_URBAN,AVENUE,5,20.0
64406,1,1,135,5,1,80.0,0,N,MELB_URBAN,RAMP,5,18.0
64407,1,1,113,2,3,60.0,0,I,RURAL_VICTORIA,ROAD,5,18.0
64408,1,2,132,5,3,60.0,0,N,MELB_URBAN,ROAD,5,21.0
64409,1,1,160,5,5,50.0,0,N,MELB_URBAN,STREET,5,20.0
64410,1,5,163,5,1,40.0,0,N,MELBOURNE_CBD,STREET,5,12.0
64411,4,1,171,2,5,50.0,0,I,MELB_URBAN,ROAD,5,20.0
64412,4,1,173,5,1,100.0,1,N,RURAL_VICTORIA,OTHER,5,13.0
64413,4,2,173,5,5,80.0,0,N,RURAL_VICTORIA,ROAD,5,3.0
64414,4,2,181,5,3,60.0,0,N,MELB_URBAN,DRIVE,5,4.0
64415,1,4,110,1,1,40.0,0,I,MELB_URBAN,STREET,5,16.0
64416,1,1,99,1,1,60.0,0,I,MELB_URBAN,ROAD,5,11.0
64417,4,2,171,5,6,60.0,0,N,MELB_URBAN,ROAD,5,5.0
64418,1,2,130,5,5,110.0,0,N,RURAL_VICTORIA,FREEWAY,5,3.0
64419,1,7,110,1,1,60.0,0,I,MELB_URBAN,ROAD,5,12.0
64420,2,2,100,2,3,60.0,0,I,MELB_URBAN,ROAD,5,6.0
64421,1,7,130,5,1,70.0,0,N,MELB_URBAN,ROAD,5,13.0
64422,4,1,173,5,1,100.0,0,N,RURAL_VICTORIA,ROAD,5,16.0
64423,2,1,100,2,1,60.0,0,I,MELB_URBAN,ROAD,5,7.0
64424,6,1,174,5,1,100.0,0,N,RURAL_VICTORIA,ROAD,4,12.0
64425,1,5,135,5,1,60.0,0,N,MELB_URBAN,ROAD,4,15.0
64426,6,7,174,2,1,50.0,0,I,MELB_URBAN,OTHER,3,15.0
64427,6,2,184,5,1,60.0,0,N,RURAL_VICTORIA,OTHER,5,10.0
64428,4,2,173,2,1,60.0,0,N,MELB_URBAN,ROAD,5,7.0
64429,2,2,99,5,1,50.0,0,N,MELB_URBAN,BOULEVARD,5,9.0
64430,1,6,130,5,1,60.0,0,N,TOWNS,STREET,5,15.0
64431,1,2,99,2,3,60.0,0,I,MELB_URBAN,ROAD,5,1.0
64432,2,2,100,1,1,40.0,0,I,MELB_URBAN,STREET,5,13.0
64433,1,1,130,2,1,60.0,0,I,MELB_URBAN,OTHER,5,12.0
64434,1,2,113,2,1,70.0,0,I,MELB_URBAN,STREET,5,7.0
64435,1,3,111,2,1,70.0,0,I,MELB_URBAN,ROAD,3,17.0
64436,1,2,133,1,1,50.0,0,I,MELB_URBAN,ROAD,5,13.0
64437,1,7,130,1,1,70.0,0,N,MELB_URBAN,ROAD,5,13.0
64438,6,1,174,2,1,60.0,0,N,RURAL_VICTORIA,ROAD,5,12.0
64439,4,2,173,5,1,100.0,1,N,RURAL_VICTORIA,ROAD,5,13.0
64440,1,2,113,2,1,60.0,0,I,MELB_URBAN,PARADE,5,15.0
64441,6,7,184,5,1,60.0,0,N,RURAL_VICTORIA,OTHER,5,12.0
64442,1,2,132,5,1,60.0,0,N,MELB_URBAN,STREET,5,15.0
64443,1,7,99,5,3,50.0,0,N,MELB_URBAN,ROAD,5,5.0
64444,1,1,134,5,1,70.0,0,N,MELB_URBAN,ROAD,5,16.0
64445,1,2,130,2,3,60.0,0,I,MELB_URBAN,HIGHWAY,5,17.0
64446,1,2,132,2,1,100.0,0,I,RURAL_VICTORIA,ROAD,5,16.0
64447,4,1,173,5,3,80.0,0,N,MELB_URBAN,ROAD,5,17.0
64448,1,1,121,1,3,60.0,0,I,MELB_URBAN,STREET,5,18.0
64449,1,1,121,2,2,60.0,0,I,MELB_URBAN,ROAD,5,17.0
64450,1,5,130,5,1,80.0,0,N,MELB_URBAN,FREEWAY,5,7.0
64451,2,2,100,1,1,60.0,0,I,MELB_URBAN,ROAD,5,9.0
64452,2,2,100,1,3,40.0,0,I,MELB_URBAN,ROAD,5,19.0
64453,4,2,171,5,1,60.0,0,N,RURAL_VICTORIA,OTHER,5,13.0
64454,1,2,130,5,3,100.0,0,N,MELB_URBAN,FREEWAY,5,18.0
64455,1,2,121,1,3,60.0,0,I,MELB_URBAN,ROAD,5,18.0
64456,2,2,100,5,1,50.0,0,N,MELB_URBAN,OTHER,5,15.0
64457,1,2,121,2,3,40.0,0,I,MELB_URBAN,STREET,5,18.0
64458,2,2,100,1,2,50.0,0,I,MELB_URBAN,ROAD,5,17.0
64459,4,2,173,5,5,100.0,1,N,RURAL_VICTORIA,ROAD,5,20.0
64460,1,1,110,1,3,60.0,0,I,MELB_URBAN,STREET,5,6.0
64461,1,3,121,1,1,60.0,0,I,MELB_URBAN,ROAD,5,7.0
64462,4,5,171,5,2,80.0,0,N,RURAL_VICTORIA,OTHER,5,16.0
64463,2,3,102,1,1,70.0,0,I,MELB_URBAN,ROAD,5,7.0
64464,1,2,99,2,1,50.0,0,I,MELB_URBAN,UNKNOWN,5,13.0
64465,1,2,130,5,1,80.0,0,N,MELB_URBAN,ROAD,5,8.0
64466,1,3,160,5,1,50.0,0,N,SMALL_CITIES,AVENUE,5,8.0
64467,1,3,130,5,1,80.0,0,N,MELB_URBAN,ROAD,5,8.0
64468,3,1,167,5,2,100.0,0,N,RURAL_VICTORIA,HIGHWAY,5,6.0