,accident_type,day_of_week,dca_code,road_geometry,light_condition,speed_zone,severity,node_type,deg_urban_name,road_type,month,hour
64469,1,3,121,2,1,60.0,0,I,MELB_URBAN,ROAD,5,9.0
64470,1,3,121,2,1,70.0,0,I,MELB_URBAN,STREET,5,10.0
64471,1,2,113,2,1,70.0,0,I,MELB_URBAN,ROAD,5,9.0
64472,6,5,184,5,1,60.0,0,N,RURAL_VICTORIA,UNKNOWN,5,14.0
64473,1,2,110,1,1,50.0,0,I,MELB_URBAN,OTHER,5,11.0
64474,1,3,113,4,1,50.0,0,I,MELB_URBAN,ROAD,5,10.0
64475,1,6,110,1,1,60.0,0,I,RURAL_VICTORIA,ROAD,4,8.0
64476,1,1,130,4,2,60.0,0,I,MELB_URBAN,HIGHWAY,5,17.0
64477,1,5,130,1,1,60.0,0,I,MELB_URBAN,ROAD,4,10.0
64478,5,0,99,5,1,60.0,0,N,RURAL_VICTORIA,UNKNOWN,5,14.0
64479,4,4,173,2,1,60.0,0,I,MELB_URBAN,ROAD,5,9.0
64480,1,3,134,5,1,80.0,0,I,MELB_URBAN,HIGHWAY,5,12.0
64481,8,4,99,5,1,60.0,0,N,MELB_URBAN,HIGHWAY,4,11.0
64482,3,3,167,5,1,80.0,0,N,MELB_URBAN,HIGHWAY,2,14.0
64483,6,7,99,2,1,60.0,0,N,MELB_URBAN,ROAD,5,15.0
64484,1,3,130,5,1,60.0,0,N,MELB_URBAN,ROAD,5,11.0
64485,1,3,130,5,1,40.0,0,N,RURAL_VICTORIA,HIGHWAY,5,13.0
64486,4,3,173,5,1,60.0,0,N,MELB_URBAN,STREET,5,12.0
64487,4,3,99,5,1,40.0,0,N,MELB_URBAN,ROAD,5,11.0
64488,8,2,174,5,1,60.0,0,N,SMALL_CITIES,AVENUE,5,12.0
64489,4,3,171,5,1,50.0,0,N,MELB_URBAN,STREET,5,11.0
64490,2,2,100,2,3,40.0,0,I,MELB_URBAN,STREET,8,19.0
64491,1,6,120,5,1,100.0,0,N,RURAL_VICTORIA,ROAD,11,12.0
64492,1,3,130,5,1,60.0,0,N,MELB_URBAN,ROAD,5,12.0
64493,1,3,173,2,1,50.0,0,I,MELB_URBAN,STREET,5,15.0
64494,4,6,171,5,1,60.0,0,N,RURAL_VICTORIA,ROAD,4,10.0
64495,1,3,130,1,1,70.0,0,I,LARGE_PROVINCIAL_CITIES,ROAD,5,9.0
64496,1,3,110,1,1,50.0,0,I,SMALL_CITIES,STREET,5,14.0
64497,1,2,110,1,1,60.0,0,I,MELB_URBAN,PARADE,5,15.0
64498,1,3,99,5,1,100.0,0,N,RURAL_VICTORIA,OTHER,5,13.0
64499,1,3,121,2,1,50.0,0,I,MELB_URBAN,STREET,5,15.0
64500,1,3,110,1,1,40.0,0,I,MELB_URBAN,ROAD,5,9.0
64501,1,4,110,1,3,60.0,0,I,TOWNS,STREET,5,6.0
64502,1,3,121,4,1,70.0,0,I,MELB_URBAN,RAMP,5,16.0
64503,1,2,130,5,1,100.0,0,N,RURAL_VICTORIA,ROAD,5,15.0
64504,1,3,113,1,3,50.0,0,I,MELB_URBAN,STREET,5,17.0
64505,1,3,130,2,1,60.0,0,I,MELB_URBAN,STREET,5,16.0
64506,1,3,116,1,3,80.0,0,I,MELB_URBAN,HIGHWAY,5,18.0
64507,2,3,102,5,1,50.0,0,N,TOWNS,STREET,5,15.0
64508,1,3,113,2,3,60.0,0,I,MELB_URBAN,ROAD,5,17.0
64509,1,3,130,5,3,80.0,0,N,MELB_URBAN,ROAD,5,17.0
64510,2,3,100,1,3,60.0,0,I,MELB_URBAN,STREET,5,20.0
64511,6,6,174,6,1,50.0,0,N,SMALL_TOWNS,OTHER,4,15.0
64512,1,7,113,2,3,50.0,0,I,MELB_URBAN,ROAD,5,20.0
64513,6,1,170,5,5,100.0,0,N,RURAL_VICTORIA,ROAD,5,21.0
64514,1,2,121,4,3,80.0,0,I,SMALL_CITIES,ROAD,5,21.0
64515,4,3,171,2,5,80.0,0,I,MELB_URBAN,DRIVE,5,23.0
64516,4,6,181,5,1,100.0,0,N,RURAL_VICTORIA,ROAD,5,11.0
64517,1,3,130,5,2,100.0,0,N,MELB_URBAN,RAMP,5,17.0
64518,1,3,111,2,3,50.0,0,I,MELB_URBAN,STREET,6,6.0
64519,1,7,130,2,1,60.0,0,I,TOWNS,STREET,5,13.0
64520,1,3,116,2,3,70.0,0,I,MELB_URBAN,HIGHWAY,6,6.0
64521,1,4,130,5,9,60.0,0,N,MELB_URBAN,ROAD,4,16.0
64522,1,3,130,5,5,80.0,0,N,MELB_URBAN,HIGHWAY,12,22.0
64523,2,3,100,5,1,60.0,0,N,MELB_URBAN,STREET,3,12.0
64524,1,4,130,1,1,80.0,0,I,MELB_URBAN,ROAD,6,9.0
64525,1,4,147,5,1,100.0,0,N,RURAL_VICTORIA,ROAD,5,13.0
64526,1,5,163,5,2,40.0,0,N,MELB_URBAN,STREET,5,18.0
64527,1,6,121,2,1,60.0,0,I,LARGE_PROVINCIAL_CITIES,STREET,5,11.0
64528,2,5,102,5,1,50.0,0,N,MELB_URBAN,STREET,5,13.0
64529,2,3,102,5,1,60.0,0,N,MELB_URBAN,ROAD,6,12.0
64530,2,3,102,5,1,70.0,0,N,MELB_URBAN,ROAD,6,12.0
64531,4,3,181,5,5,100.0,0,N,RURAL_VICTORIA,HIGHWAY,5,17.0
64532,1,4,121,1,3,60.0,0,I,MELB_URBAN,STREET,5,18.0
64533,1,4,135,2,1,60.0,0,I,SMALL_CITIES,STREET,6,9.0
64534,1,7,121,1,3,70.0,0,I,MELB_URBAN,ROAD,3,0.0
64535,1,4,140,5,1,60.0,0,N,MELB_URBAN,STREET,6,11.0
64536,1,4,160,5,1,50.0,0,N,MELB_URBAN,OTHER,6,9.0
64537,7,4,99,5,1,60.0,0,I,MELB_URBAN,STREET,6,13.0
64538,1,4,110,1,1,50.0,0,I,SMALL_CITIES,STREET,6,12.0
64539,1,4,120,5,2,100.0,1,N,RURAL_VICTORIA,ROAD,6,6.0
64540,1,4,130,5,1,60.0,0,N,MELB_URBAN,OTHER,6,8.0
64541,1,2,99,5,1,50.0,0,N,MELB_URBAN,ROAD,5,8.0
64542,1,4,99,5,1,60.0,0,N,MELB_URBAN,ROAD,6,16.0
64543,1,4,130,5,1,60.0,0,N,MELB_URBAN,ROAD,4,17.0
64544,1,3,130,5,2,50.0,0,N,MELB_URBAN,STREET,5,18.0
64545,8,1,174,5,1,100.0,0,N,SMALL_TOWNS,FREEWAY,5,10.0
64546,8,5,174,1,1,60.0,0,I,LARGE_PROVINCIAL_CITIES,STREET,12,16.0
64547,1,4,130,2,1,60.0,0,I,SMALL_CITIES,ROAD,6,11.0
64548,4,4,171,5,2,100.0,0,N,RURAL_VICTORIA,OTHER,6,17.0
64549,3,3,167,5,2,100.0,0,N,RURAL_VICTORIA,ROAD,6,16.0
64550,1,4,120,5,1,60.0,0,N,MELB_URBAN,ROAD,6,16.0
64551,4,4,99,5,1,50.0,0,N,LARGE_PROVINCIAL_CITIES,STREET,6,16.0
64552,1,4,130,5,3,40.0,0,N,MELBOURNE_CBD,STREET,6,19.0
64553,1,4,113,2,3,50.0,0,I,MELB_URBAN,ROAD,6,19.0
64554,1,3,132,2,1,60.0,0,I,MELB_URBAN,ROAD,6,8.0
64555,4,4,171,5,3,60.0,0,N,MELB_URBAN,ROAD,6,19.0
64556,1,3,130,2,1,60.0,0,I,MELB_URBAN,STREET,5,9.0
64557,8,7,174,5,1,80.0,0,N,MELB_URBAN,ROAD,5,13.0
64558,1,1,130,5,1,100.0,0,N,MELB_URBAN,FREEWAY,5,12.0
64559,1,3,160,5,3,60.0,0,N,MELB_URBAN,ROAD,6,20.0
64560,2,3,100,2,1,80.0,0,I,MELB_URBAN,HIGHWAY,6,15.0
64561,4,4,173,5,3,50.0,0,N,MELB_URBAN,STREET,6,20.0
64562,4,4,173,5,3,60.0,0,N,MELB_URBAN,STREET,6,21.0
64563,1,4,121,1,1,50.0,0,I,MELB_URBAN,DRIVE,6,15.0
64564,1,3,121,1,3,60.0,0,I,MELB_URBAN,ROAD,6,18.0
64565,1,3,130,2,3,60.0,0,N,LARGE_PROVINCIAL_CITIES,AVENUE,6,17.0
64566,1,4,147,5,2,50.0,0,N,SMALL_CITIES,ROAD,6,17.0
64567,1,1,113,2,1,60.0,0,I,MELB_URBAN,OTHER,4,9.0
64568,1,5,130,2,3,60.0,0,I,SMALL_CITIES,ROAD,6,3.0
64569,1,3,130,2,1,50.0,0,I,SMALL_CITIES,STREET,5,12.0
64570,4,5,171,2,3,80.0,0,N,MELB_URBAN,ROAD,6,3.0
64571,4,5,171,1,3,60.0,0,I,LARGE_PROVINCIAL_CITIES,STREET,6,1.0
64572,1,4,111,2,3,60.0,0,I,MELB_URBAN,STREET,6,5.0
64573,1,4,140,5,1,60.0,0,N,MELB_URBAN,ROAD,6,14.0
64574,1,5,121,1,2,40.0,0,I,MELB_URBAN,STREET,6,7.0
64575,1,2,130,1,3,80.0,0,I,LARGE_PROVINCIAL_CITIES,HIGHWAY,6,5.0
64576,1,5,113,2,5,40.0,0,I,MELB_URBAN,STREET,6,6.0
64577,3,3,167,5,5,100.0,0,N,RURAL_VICTORIA,ROAD,6,18.0
64578,1,5,120,5,1,60.0,0,N,MELB_URBAN,ROAD,6,6.0
64579,1,5,121,2,1,60.0,0,I,MELB_URBAN,ROAD,6,9.0
64580,1,4,121,2,1,50.0,0,I,MELB_URBAN,ROAD,6,8.0
64581,8,2,184,5,1,100.0,0,N,RURAL_VICTORIA,HIGHWAY,2,13.0
64582,1,5,121,1,1,40.0,0,I,MELBOURNE_CBD,STREET,6,8.0
64583,1,7,130,4,9,60.0,0,I,MELB_URBAN,ROAD,12,7.0
64584,1,5,160,5,1,50.0,0,N,MELB_URBAN,STREET,6,8.0
64585,1,5,163,5,1,60.0,0,N,MELB_URBAN,ROAD,6,7.0
64586,1,5,121,2,1,60.0,0,I,SMALL_TOWNS,STREET,6,8.0
64587,1,5,133,5,3,80.0,0,N,MELB_URBAN,UNKNOWN,6,6.0
64588,1,5,113,2,1,100.0,0,I,RURAL_VICTORIA,ROAD,6,9.0
64589,1,4,130,5,1,60.0,0,I,LARGE_PROVINCIAL_CITIES,HIGHWAY,5,15.0
64590,1,3,99,4,1,110.0,0,N,MELB_URBAN,FREEWAY,5,14.0
64591,1,4,130,5,9,60.0,0,N,MELB_URBAN,ROAD,5,15.0
64592,6,6,174,2,1,80.0,0,I,MELB_URBAN,ROAD,5,16.0
64593,3,5,167,5,1,100.0,0,N,RURAL_VICTORIA,ROAD,6,7.0
64594,1,4,110,1,1,60.0,0,I,MELB_URBAN,STREET,6,12.0
64595,4,5,171,5,5,80.0,0,N,MELB_URBAN,ROAD,6,6.0
64596,1,5,140,5,1,100.0,0,N,RURAL_VICTORIA,ROAD,6,10.0
64597,1,5,130,5,1,80.0,0,N,LARGE_PROVINCIAL_CITIES,OTHER,6,10.0
64598,1,3,130,1,3,70.0,0,I,TOWNS,HIGHWAY,5,17.0
64599,1,5,140,1,1,70.0,0,I,MELB_URBAN,ROAD,6,10.0
64600,1,4,121,1,9,60.0,0,I,MELB_URBAN,ROAD,5,20.0
64601,1,4,130,5,1,60.0,0,N,RURAL_VICTORIA,ROAD,6,9.0
64602,1,4,130,1,9,80.0,0,I,MELB_URBAN,OTHER,5,6.0
64603,1,4,132,2,1,60.0,0,I,RURAL_VICTORIA,STREET,4,8.0
64604,6,5,174,2,1,100.0,0,I,RURAL_VICTORIA,ROAD,6,11.0
64605,1,2,130,2,1,80.0,0,I,MELB_URBAN,ROAD,5,15.0
64606,4,6,183,5,5,60.0,0,N,RURAL_VICTORIA,ROAD,4,23.0
64607,1,4,130,2,1,40.0,0,I,MELB_URBAN,PARADE,6,12.0
64608,2,5,99,5,1,60.0,0,N,MELB_URBAN,STREET,6,12.0
64609,1,4,130,5,3,100.0,0,N,MELB_URBAN,FREEWAY,6,18.0
64610,1,4,121,2,1,50.0,0,I,MELB_URBAN,ROAD,6,9.0
64611,1,5,110,1,1,50.0,0,I,MELB_URBAN,STREET,6,13.0
64612,1,5,130,5,1,80.0,0,N,MELB_URBAN,ROAD,4,16.0
64613,1,6,140,5,5,60.0,0,N,MELB_URBAN,ROAD,5,18.0
64614,1,5,130,5,1,60.0,0,N,RURAL_VICTORIA,ROAD,6,8.0
64615,1,5,133,5,1,60.0,0,N,MELB_URBAN,ROAD,6,16.0
64616,1,5,113,2,1,60.0,0,I,MELB_URBAN,ROAD,6,15.0
64617,2,5,100,5,3,60.0,0,N,MELB_URBAN,ROAD,6,17.0
64618,1,4,121,1,3,50.0,0,I,MELB_URBAN,ROAD,6,18.0
64619,1,5,113,2,1,70.0,0,I,MELB_URBAN,ROAD,6,17.0
64620,1,4,110,1,1,50.0,0,I,LARGE_PROVINCIAL_CITIES,STREET,6,7.0
64621,4,4,181,5,5,80.0,0,N,RURAL_VICTORIA,HIGHWAY,6,18.0
64622,1,5,160,2,3,50.0,0,I,MELB_URBAN,STREET,6,17.0
64623,2,5,99,2,3,50.0,0,I,MELB_URBAN,STREET,6,18.0
64624,1,5,130,2,3,60.0,0,I,MELB_URBAN,PARADE,6,18.0
64625,3,4,167,5,2,80.0,0,N,RURAL_VICTORIA,ROAD,4,7.0
64626,1,5,121,2,1,40.0,0,I,MELB_URBAN,ROAD,6,16.0
64627,4,5,99,2,3,50.0,0,N,SMALL_CITIES,DRIVE,6,18.0
64628,1,4,99,1,1,50.0,0,I,MELB_URBAN,STREET,5,15.0
64629,1,1,130,5,9,100.0,0,N,MELB_URBAN,ROAD,5,18.0
64630,4,4,99,4,3,60.0,0,I,MELB_URBAN,HIGHWAY,6,20.0
64631,1,5,121,2,3,80.0,0,I,TOWNS,HIGHWAY,6,20.0
64632,2,5,102,5,1,60.0,0,N,MELB_URBAN,STREET,6,16.0
64633,1,5,147,5,5,80.0,0,N,RURAL_VICTORIA,ROAD,6,19.0
64634,1,5,130,2,3,60.0,0,N,MELB_URBAN,ROAD,6,20.0
64635,1,4,99,5,3,50.0,0,N,MELB_URBAN,ROAD,6,19.0
64636,6,7,99,2,1,80.0,0,I,RURAL_VICTORIA,ROAD,4,11.0
64637,1,4,135,2,3,60.0,0,I,MELB_URBAN,ROAD,6,19.0
64638,4,3,173,5,1,60.0,0,N,SMALL_CITIES,STREET,5,13.0
64639,1,6,121,2,1,60.0,0,I,SMALL_CITIES,ROAD,6,9.0
64640,1,5,130,5,9,80.0,0,N,LARGE_PROVINCIAL_CITIES,ROAD,5,16.0
64641,1,6,133,1,1,40.0,0,I,MELB_URBAN,PARADE,6,7.0
64642,1,5,130,5,1,100.0,0,N,MELB_URBAN,FREEWAY,6,8.0
64643,2,5,99,5,1,60.0,0,N,TOWNS,STREET,6,9.0
64644,1,5,113,2,3,70.0,0,I,MELB_URBAN,ROAD,6,20.0
64645,1,6,120,5,5,90.0,0,N,RURAL_VICTORIA,HIGHWAY,6,6.0
64646,1,4,130,2,6,60.0,0,I,MELB_URBAN,ROAD,6,18.0
64647,1,3,130,5,9,60.0,0,N,MELB_URBAN,ROAD,5,15.0
64648,6,1,174,5,1,60.0,0,N,RURAL_VICTORIA,ROAD,5,14.0
64649,1,5,121,1,1,60.0,0,N,MELB_URBAN,ROAD,6,7.0
64650,1,6,130,2,3,60.0,0,I,MELB_URBAN,ROAD,5,6.0
64651,1,6,130,2,1,80.0,0,I,MELB_URBAN,HIGHWAY,6,8.0
64652,4,6,171,5,1,100.0,0,N,RURAL_VICTORIA,ROAD,6,9.0
64653,1,6,99,1,1,40.0,0,I,MELBOURNE_CBD,STREET,6,10.0
64654,1,4,130,5,3,60.0,0,N,SMALL_CITIES,STREET,5,18.0
64655,1,6,147,2,1,60.0,0,I,MELB_URBAN,STREET,6,9.0
64656,6,6,174,5,1,100.0,0,N,RURAL_VICTORIA,ROAD,6,10.0
64657,1,6,110,1,1,50.0,0,I,TOWNS,STREET,6,11.0
64658,1,1,133,5,9,60.0,0,N,MELB_URBAN,STREET,5,12.0
64659,2,5,99,5,2,40.0,0,N,MELB_URBAN,ROAD,6,17.0
64660,3,2,167,5,5,100.0,0,N,RURAL_VICTORIA,ROAD,5,20.0
64661,4,5,171,5,1,100.0,0,N,RURAL_VICTORIA,ROAD,2,12.0
64662,1,6,130,5,1,70.0,0,N,MELB_URBAN,ROAD,6,7.0
64663,2,5,100,1,3,60.0,0,I,MELB_URBAN,STREET,6,22.0
64664,1,6,110,1,1,60.0,0,I,RURAL_VICTORIA,STREET,6,13.0
64665,1,5,130,2,2,50.0,0,I,MELB_URBAN,STREET,4,17.0
64666,1,5,121,1,1,60.0,0,I,MELB_URBAN,ROAD,6,10.0
64667,1,4,130,5,1,100.0,0,N,MELB_URBAN,UNKNOWN,5,14.0
64668,2,6,102,5,1,60.0,0,N,MELB_URBAN,ROAD,6,11.0
64669,4,5,181,5,1,50.0,0,N,MELB_URBAN,STREET,6,13.0
64670,1,6,130,2,1,60.0,0,I,MELB_URBAN,STREET,6,13.0
64671,2,6,102,5,1,40.0,0,N,MELB_URBAN,UNKNOWN,6,14.0
64672,5,7,99,5,1,60.0,0,N,RURAL_VICTORIA,OTHER,5,13.0
64673,1,1,130,5,1,100.0,0,N,MELB_URBAN,ROAD,5,12.0
64674,2,4,102,5,9,60.0,0,N,MELB_URBAN,ROAD,6,20.0
64675,1,5,135,1,1,60.0,0,I,MELB_URBAN,ROAD,6,14.0
64676,1,5,116,1,3,60.0,0,I,MELB_URBAN,ROAD,6,19.0
64677,1,2,130,2,1,70.0,0,I,LARGE_PROVINCIAL_CITIES,HIGHWAY,4,13.0
64678,1,5,121,2,1,60.0,0,I,MELB_URBAN,ROAD,6,14.0
64679,1,5,130,5,1,100.0,0,N,MELB_URBAN,ROAD,5,17.0
64680,1,3,121,2,2,60.0,0,I,MELB_URBAN,ROAD,5,17.0
64681,1,6,130,5,5,100.0,0,N,RURAL_VICTORIA,ROAD,6,17.0
64682,6,6,184,5,5,100.0,0,N,RURAL_VICTORIA,ROAD,6,17.0
64683,1,6,121,2,3,80.0,0,I,MELB_URBAN,HIGHWAY,6,17.0
64684,1,6,121,5,3,40.0,0,N,MELB_URBAN,STREET,6,19.0
64685,1,5,121,1,3,70.0,0,I,MELB_URBAN,ROAD,6,18.0
64686,1,6,121,5,2,60.0,0,N,SMALL_CITIES,STREET,6,17.0
64687,1,4,130,5,9,60.0,0,I,MELB_URBAN,ROAD,5,8.0
64688,1,2,121,1,3,60.0,0,I,MELB_URBAN,STREET,5,6.0
64689,2,6,102,1,3,60.0,0,I,MELB_URBAN,ROAD,6,20.0
64690,1,6,130,5,2,60.0,0,N,MELB_URBAN,ROAD,6,18.0
64691,1,5,140,5,3,60.0,0,N,MELB_URBAN,ROAD,6,19.0
64692,1,5,99,5,3,100.0,0,N,MELB_URBAN,UNKNOWN,6,20.0
64693,1,5,134,5,9,80.0,0,N,MELB_URBAN,FREEWAY,6,6.0
64694,1,2,130,5,1,100.0,0,N,MELB_URBAN,FREEWAY,5,9.0
64695,1,6,99,5,1,50.0,0,N,MELB_URBAN,STREET,6,16.0
64696,4,6,173,1,3,60.0,0,I,MELB_URBAN,ROAD,6,22.0
64697,4,6,181,5,3,50.0,0,N,MELB_URBAN,ROAD,6,22.0
64698,2,6,100,5,3,60.0,0,N,LARGE_PROVINCIAL_CITIES,STREET,6,23.0
64699,1,7,130,2,3,60.0,0,I,MELB_URBAN,PARADE,6,1.0
64700,1,1,160,5,3,60.0,0,N,MELB_URBAN,OTHER,4,21.0
64701,1,6,130,2,3,70.0,0,I,MELB_URBAN,ROAD,6,21.0
64702,1,7,110,1,3,80.0,0,I,MELB_URBAN,HIGHWAY,6,3.0
64703,4,7,173,1,3,60.0,0,I,MELB_URBAN,STREET,6,1.0
64704,4,5,171,5,3,70.0,0,N,MELB_URBAN,ROAD,6,23.0
64705,1,2,130,4,3,50.0,0,I,MELB_URBAN,RAMP,5,19.0
64706,6,1,184,5,1,60.0,0,N,RURAL_VICTORIA,ROAD,4,12.0
64707,6,6,174,1,1,50.0,0,I,MELB_URBAN,STREET,6,12.0
64708,1,7,130,5,1,50.0,0,N,MELB_URBAN,STREET,6,7.0
64709,1,5,110,1,1,50.0,0,I,MELB_URBAN,STREET,5,10.0
64710,1,5,130,2,1,70.0,0,I,MELB_URBAN,ROAD,5,8.0
64711,4,7,181,5,1,60.0,0,N,RURAL_VICTORIA,ROAD,6,9.0
64712,1,4,130,1,6,60.0,0,I,MELB_URBAN,ROAD,4,20.0
64713,5,4,99,5,9,50.0,0,N,MELBOURNE_CBD,STREET,5,9.0
64714,1,2,130,5,1,100.0,0,N,MELB_URBAN,FREEWAY,5,7.0
64715,4,7,173,5,1,110.0,0,N,RURAL_VICTORIA,FREEWAY,6,7.0
64716,1,7,99,1,3,80.0,0,I,LARGE_PROVINCIAL_CITIES,HIGHWAY,6,6.0
64717,1,7,130,5,9,50.0,0,N,MELB_URBAN,DRIVE,5,12.0
64718,1,7,120,5,1,100.0,0,N,RURAL_VICTORIA,ROAD,6,9.0
64719,4,6,173,5,3,80.0,0,N,MELB_URBAN,HIGHWAY,6,20.0
64720,1,7,121,2,1,60.0,0,I,MELB_URBAN,STREET,6,12.0
64721,1,7,133,5,1,100.0,0,N,MELB_URBAN,FREEWAY,6,13.0
64722,1,7,110,1,1,100.0,0,I,RURAL_VICTORIA,ROAD,6,9.0
64723,1,7,130,5,3,60.0,0,N,MELB_URBAN,ROAD,6,1.0
64724,4,6,171,1,1,60.0,0,I,MELB_URBAN,STREET,6,13.0
64725,4,7,171,5,1,60.0,0,N,RURAL_VICTORIA,ROAD,6,9.0
64726,1,7,113,2,1,80.0,0,I,MELB_URBAN,HIGHWAY,6,14.0
64727,1,7,120,5,1,60.0,0,N,MELB_URBAN,DRIVE,6,13.0
64728,1,7,110,1,1,60.0,0,I,MELB_URBAN,STREET,6,14.0
64729,1,7,120,2,1,80.0,0,I,RURAL_VICTORIA,ROAD,6,14.0
64730,6,7,174,5,1,60.0,0,N,MELB_URBAN,ROAD,6,11.0
64731,1,7,121,2,1,60.0,0,I,TOWNS,STREET,6,17.0
64732,2,6,102,5,1,50.0,0,N,MELB_URBAN,ROAD,6,15.0
64733,1,6,147,2,3,60.0,0,I,MELB_URBAN,HIGHWAY,6,17.0
64734,4,7,181,5,5,70.0,0,N,RURAL_VICTORIA,ROAD,6,17.0
64735,8,7,174,5,1,100.0,0,N,RURAL_VICTORIA,ROAD,6,13.0
64736,4,7,173,3,3,80.0,0,N,MELB_URBAN,ROAD,6,18.0
64737,1,7,130,5,1,50.0,0,N,MELB_URBAN,AVENUE,6,11.0
64738,1,6,113,2,1,60.0,0,I,MELB_URBAN,ROAD,6,14.0
64739,1,7,110,1,3,80.0,0,I,MELB_URBAN,HIGHWAY,6,17.0
64740,4,7,171,5,2,100.0,0,N,RURAL_VICTORIA,ROAD,6,17.0
64741,4,6,99,2,3,80.0,0,I,MELB_URBAN,ROAD,6,19.0
64742,1,7,130,5,3,70.0,0,N,MELB_URBAN,ROAD,6,17.0
64743,1,7,113,2,1,80.0,0,I,MELB_URBAN,ROAD,6,16.0
64744,1,7,120,5,5,80.0,0,N,RURAL_VICTORIA,ROAD,6,19.0
64745,1,0,130,5,3,40.0,0,N,MELB_URBAN,AVENUE,6,0.0
64746,4,7,171,5,3,100.0,0,N,MELB_URBAN,RAMP,6,22.0
64747,4,7,173,5,3,60.0,0,N,MELB_URBAN,ROAD,6,23.0
64748,1,1,120,5,3,60.0,0,N,MELB_URBAN,HIGHWAY,6,1.0
64749,4,1,171,4,3,80.0,0,I,MELB_URBAN,RAMP,6,1.0
64750,4,7,181,5,1,80.0,0,N,MELB_URBAN,ROAD,6,13.0
64751,8,3,184,5,1,50.0,0,N,MELB_URBAN,PARADE,6,8.0
64752,4,3,173,1,3,50.0,0,I,SMALL_CITIES,STREET,11,22.0
64753,8,7,174,2,1,60.0,0,I,MELB_URBAN,DRIVE,6,15.0
64754,1,7,99,5,5,110.0,0,N,RURAL_VICTORIA,FREEWAY,6,17.0
64755,1,7,130,1,1,80.0,0,I,MELB_URBAN,OTHER,6,13.0
64756,4,1,181,2,1,100.0,0,I,RURAL_VICTORIA,OTHER,12,9.0
64757,1,1,130,2,1,60.0,0,I,MELB_URBAN,ROAD,6,7.0
64758,1,1,130,5,1,100.0,0,N,MELB_URBAN,FREEWAY,6,8.0
64759,2,6,102,1,1,50.0,0,I,SMALL_CITIES,STREET,5,8.0
64760,1,5,110,1,3,70.0,0,I,MELB_URBAN,ROAD,6,18.0
64761,6,4,174,1,1,100.0,0,I,RURAL_VICTORIA,ROAD,2,15.0
64762,2,1,100,2,1,60.0,0,I,MELB_URBAN,STREET,6,10.0
64763,1,1,130,5,1,60.0,0,N,MELB_URBAN,ROAD,6,10.0
64764,5,6,99,5,1,60.0,0,N,MELB_URBAN,ROAD,3,14.0
64765,4,1,183,5,1,80.0,0,N,RURAL_VICTORIA,ROAD,6,10.0
64766,1,1,121,4,1,80.0,0,I,MELB_URBAN,HIGHWAY,6,12.0
64767,1,0,113,2,1,60.0,0,I,MELB_URBAN,STREET,6,11.0
64768,1,1,110,1,1,80.0,0,I,MELB_URBAN,STREET,6,13.0
64769,2,7,102,1,1,60.0,0,I,MELB_URBAN,STREET,6,15.0
64770,1,4,163,5,9,40.0,0,N,MELB_URBAN,STREET,4,14.0
64771,1,0,110,1,1,100.0,0,I,SMALL_TOWNS,ROAD,6,12.0
64772,1,6,99,5,1,50.0,0,N,MELB_URBAN,OTHER,5,16.0
64773,1,1,130,5,1,90.0,0,N,MELB_URBAN,ROAD,6,12.0
64774,2,0,100,5,1,80.0,0,N,MELB_URBAN,ROAD,6,14.0
64775,1,0,110,1,1,60.0,0,I,TOWNS,ROAD,6,15.0
64776,2,1,100,5,1,50.0,0,N,MELB_URBAN,STREET,6,15.0
64777,4,1,183,2,1,80.0,0,I,RURAL_VICTORIA,ROAD,6,13.0
64778,1,7,110,1,1,60.0,0,I,RURAL_VICTORIA,ROAD,5,13.0
64779,4,1,171,5,1,60.0,0,N,TOWNS,HIGHWAY,6,12.0
64780,4,0,173,2,1,60.0,0,I,MELB_URBAN,ROAD,6,15.0
64781,1,6,121,5,1,60.0,0,N,MELB_URBAN,ROAD,6,15.0
64782,4,1,171,5,3,100.0,0,N,RURAL_VICTORIA,ROAD,6,17.0
64783,1,1,121,1,3,70.0,0,I,MELB_URBAN,ROAD,6,21.0
64784,1,1,120,5,3,70.0,0,N,MELB_URBAN,ROAD,6,20.0
64785,2,1,100,1,3,60.0,0,I,MELB_URBAN,ROAD,6,18.0
64786,4,0,171,5,3,80.0,0,N,MELB_URBAN,HIGHWAY,6,21.0
64787,1,0,111,2,1,50.0,0,I,MELB_URBAN,BOULEVARD,6,16.0
64788,1,0,160,5,3,60.0,0,N,MELB_URBAN,UNKNOWN,6,19.0
64789,4,7,99,2,3,60.0,0,I,MELB_URBAN,ROAD,6,4.0
64790,2,2,100,1,1,60.0,0,I,MELB_URBAN,ROAD,6,6.0
64791,4,7,181,5,5,60.0,0,N,RURAL_VICTORIA,ROAD,6,20.0
64792,4,6,181,5,1,100.0,0,N,RURAL_VICTORIA,ROAD,4,10.0
64793,1,1,140,2,6,80.0,0,I,MELB_URBAN,ROAD,6,19.0
64794,1,2,121,1,1,60.0,0,I,TOWNS,STREET,6,9.0
64795,1,1,113,1,6,80.0,1,I,MELB_URBAN,ROAD,6,22.0
64796,8,6,135,2,1,80.0,0,N,MELB_URBAN,DRIVE,5,10.0
64797,1,1,120,5,1,70.0,0,N,TOWNS,HIGHWAY,6,8.0
64798,2,6,102,2,1,50.0,0,I,MELB_URBAN,STREET,5,16.0
64799,6,7,184,5,1,60.0,0,N,RURAL_VICTORIA,OTHER,6,12.0
64800,1,6,110,1,1,50.0,0,I,MELB_URBAN,STREET,6,15.0
64801,2,1,99,5,1,60.0,0,N,SMALL_CITIES,AVENUE,4,17.0
64802,1,2,110,1,1,50.0,0,I,MELB_URBAN,STREET,6,8.0