,accident_type,day_of_week,dca_code,road_geometry,light_condition,speed_zone,severity,node_type,deg_urban_name,road_type,month,hour
64803,1,2,116,2,1,50.0,0,I,MELB_URBAN,ROAD,6,9.0
64804,2,6,99,5,1,50.0,0,N,MELB_URBAN,STREET,5,8.0
64805,1,6,147,5,3,80.0,0,N,MELB_URBAN,ROAD,6,21.0
64806,1,2,121,1,1,70.0,0,I,MELB_URBAN,DRIVE,6,11.0
64807,1,1,130,1,2,60.0,0,I,LARGE_PROVINCIAL_CITIES,STREET,6,7.0
64808,1,4,130,5,1,60.0,0,N,MELB_URBAN,STREET,6,15.0
64809,1,1,130,5,2,60.0,0,N,MELB_URBAN,ROAD,6,17.0
64810,2,5,100,1,1,60.0,0,I,LARGE_PROVINCIAL_CITIES,ROAD,6,16.0
64811,1,5,163,5,6,60.0,0,N,MELB_URBAN,STREET,6,18.0
64812,1,1,121,2,9,50.0,0,I,MELB_URBAN,OTHER,4,18.0
64813,4,2,181,2,1,70.0,0,N,MELB_URBAN,ROAD,6,15.0
64814,1,2,135,5,1,80.0,0,N,MELB_URBAN,ROAD,6,15.0
64815,3,5,167,5,1,50.0,0,N,RURAL_VICTORIA,OTHER,3,15.0
64816,1,1,130,1,1,60.0,0,I,MELB_URBAN,ROAD,6,14.0
64817,1,2,113,1,1,60.0,0,I,MELB_URBAN,ROAD,6,14.0
64818,2,1,100,5,1,60.0,0,N,MELB_URBAN,PARADE,6,16.0
64819,1,0,130,5,1,60.0,0,N,RURAL_VICTORIA,ROAD,4,13.0
64820,4,1,183,5,1,80.0,0,N,RURAL_VICTORIA,ROAD,6,15.0
64821,1,2,160,5,1,80.0,0,N,MELB_URBAN,HIGHWAY,6,15.0
64822,1,2,130,5,3,80.0,0,N,MELB_URBAN,ROAD,5,18.0
64823,1,1,130,2,1,40.0,0,I,MELB_URBAN,HIGHWAY,6,15.0
64824,1,7,121,2,2,60.0,0,I,MELB_URBAN,ROAD,4,18.0
64825,2,3,99,2,1,40.0,0,I,TOWNS,DRIVE,5,15.0
64826,1,1,121,2,2,60.0,0,I,MELB_URBAN,ROAD,6,16.0
64827,1,1,135,5,2,70.0,0,N,MELB_URBAN,ROAD,6,16.0
64828,1,2,130,1,3,60.0,0,I,MELB_URBAN,ROAD,6,17.0
64829,4,0,181,5,1,80.0,0,N,RURAL_VICTORIA,ROAD,1,11.0
64830,1,6,130,5,3,60.0,0,N,MELB_URBAN,ROAD,6,18.0
64831,1,2,113,1,5,80.0,0,I,RURAL_VICTORIA,HIGHWAY,6,17.0
64832,1,2,130,1,3,60.0,0,I,MELB_URBAN,ROAD,6,18.0
64833,1,7,130,1,9,60.0,0,I,MELB_URBAN,ROAD,6,12.0
64834,4,2,99,6,3,50.0,0,N,MELB_URBAN,STREET,6,19.0
64835,2,1,100,1,3,60.0,0,I,MELB_URBAN,STREET,6,21.0
64836,1,2,111,2,5,100.0,0,I,RURAL_VICTORIA,ROAD,6,18.0
64837,3,2,167,5,5,100.0,1,N,RURAL_VICTORIA,ROAD,6,19.0
64838,2,3,102,2,3,50.0,0,N,MELB_URBAN,STREET,6,1.0
64839,1,5,130,5,1,80.0,0,N,MELB_URBAN,DRIVE,11,18.0
64840,1,6,130,5,6,90.0,0,N,TOWNS,HIGHWAY,6,6.0
64841,2,2,102,5,3,50.0,0,N,MELB_URBAN,ROAD,6,22.0
64842,4,7,173,2,1,50.0,0,N,MELB_URBAN,ROAD,6,13.0
64843,1,3,99,5,4,100.0,0,N,RURAL_VICTORIA,ROAD,6,6.0
64844,1,7,160,5,3,50.0,0,N,SMALL_CITIES,STREET,5,19.0
64845,1,5,135,1,3,80.0,0,I,MELB_URBAN,HIGHWAY,6,20.0
64846,1,3,140,5,1,60.0,0,N,LARGE_PROVINCIAL_CITIES,ROAD,6,9.0
64847,1,2,130,5,3,100.0,0,N,MELB_URBAN,ROAD,6,5.0
64848,1,2,130,5,1,80.0,0,N,MELB_URBAN,ROAD,6,9.0
64849,1,2,99,5,1,60.0,0,N,MELB_URBAN,ROAD,6,9.0
64850,1,2,116,2,3,70.0,0,N,MELB_URBAN,ROAD,6,6.0
64851,1,6,130,5,1,100.0,0,N,MELB_URBAN,FREEWAY,5,16.0
64852,4,5,181,5,5,60.0,0,N,RURAL_VICTORIA,ROAD,6,22.0
64853,1,3,99,1,1,60.0,0,I,LARGE_PROVINCIAL_CITIES,STREET,6,8.0
64854,1,2,130,5,1,80.0,0,N,MELB_URBAN,HIGHWAY,6,8.0
64855,1,1,135,5,1,60.0,0,N,MELB_URBAN,ROAD,6,17.0
64856,1,1,160,5,3,60.0,0,N,MELB_URBAN,ROAD,5,20.0
64857,1,3,121,2,1,60.0,0,I,MELB_URBAN,STREET,6,11.0
64858,1,3,111,2,1,70.0,0,I,MELB_URBAN,ROAD,6,11.0
64859,4,3,171,2,1,60.0,0,I,SMALL_CITIES,ROAD,6,11.0
64860,1,3,130,1,1,60.0,0,I,MELB_URBAN,ROAD,6,9.0
64861,1,3,99,5,1,40.0,0,N,SMALL_CITIES,STREET,6,13.0
64862,6,6,174,5,1,60.0,0,N,RURAL_VICTORIA,OTHER,6,14.0
64863,1,4,121,4,1,50.0,0,I,MELB_URBAN,STREET,5,13.0
64864,1,3,99,2,1,50.0,0,I,MELB_URBAN,STREET,6,9.0
64865,4,2,171,1,1,60.0,0,I,MELB_URBAN,ROAD,4,13.0
64866,1,1,110,1,1,60.0,0,I,TOWNS,STREET,5,7.0
64867,8,7,99,5,1,40.0,0,N,RURAL_VICTORIA,ROAD,3,8.0
64868,4,3,173,5,1,80.0,0,N,RURAL_VICTORIA,ROAD,6,15.0
64869,8,4,174,2,2,60.0,0,I,LARGE_PROVINCIAL_CITIES,STREET,5,17.0
64870,1,5,99,5,9,50.0,0,N,MELB_URBAN,STREET,4,13.0
64871,1,3,121,1,3,50.0,0,I,LARGE_PROVINCIAL_CITIES,STREET,6,17.0
64872,2,2,102,1,2,60.0,0,I,TOWNS,STREET,6,17.0
64873,4,4,183,5,1,60.0,0,N,RURAL_VICTORIA,ROAD,4,9.0
64874,1,2,110,1,2,110.0,0,I,RURAL_VICTORIA,FREEWAY,6,16.0
64875,8,3,174,2,3,50.0,0,I,MELB_URBAN,ROAD,6,18.0
64876,1,3,121,2,3,60.0,0,I,MELB_URBAN,ROAD,6,18.0
64877,1,3,130,5,5,100.0,0,N,RURAL_VICTORIA,HIGHWAY,6,17.0
64878,4,2,171,5,3,60.0,0,N,MELB_URBAN,ROAD,6,18.0
64879,1,7,130,1,1,60.0,0,I,MELB_URBAN,ROAD,5,15.0
64880,1,3,132,1,1,40.0,0,I,MELBOURNE_CBD,STREET,6,15.0
64881,1,3,110,1,3,60.0,0,I,MELB_URBAN,ROAD,6,19.0
64882,2,3,100,5,3,60.0,0,N,MELB_URBAN,STREET,6,21.0
64883,2,2,100,2,3,50.0,0,I,LARGE_PROVINCIAL_CITIES,STREET,6,5.0
64884,4,3,181,5,5,80.0,0,N,RURAL_VICTORIA,ROAD,6,21.0
64885,1,0,130,1,1,60.0,0,I,MELB_URBAN,AVENUE,6,12.0
64886,4,1,173,5,3,60.0,0,N,MELB_URBAN,ROAD,6,21.0
64887,1,1,99,1,1,70.0,0,I,MELB_URBAN,ROAD,2,17.0
64888,1,2,130,2,1,60.0,0,I,MELB_URBAN,ROAD,6,13.0
64889,1,4,130,1,1,60.0,0,I,SMALL_CITIES,STREET,6,8.0
64890,1,2,110,1,1,60.0,0,I,MELB_URBAN,ROAD,6,9.0
64891,1,4,121,2,1,60.0,0,I,MELB_URBAN,ROAD,6,8.0
64892,1,3,99,5,1,50.0,0,N,TOWNS,STREET,6,8.0
64893,4,4,99,2,2,100.0,0,I,RURAL_VICTORIA,ROAD,6,7.0
64894,6,7,170,5,1,100.0,0,N,RURAL_VICTORIA,ROAD,5,11.0
64895,1,6,130,5,5,60.0,0,N,RURAL_VICTORIA,OTHER,3,20.0
64896,1,3,99,5,1,50.0,0,N,LARGE_PROVINCIAL_CITIES,STREET,6,15.0
64897,1,5,135,5,3,100.0,0,N,MELB_URBAN,UNKNOWN,5,18.0
64898,8,1,184,2,1,60.0,0,I,RURAL_VICTORIA,ROAD,5,11.0
64899,1,3,113,2,1,80.0,0,I,SMALL_TOWNS,ROAD,6,8.0
64900,1,3,110,1,1,60.0,0,I,MELB_URBAN,STREET,3,10.0
64901,1,2,110,1,1,100.0,0,I,RURAL_VICTORIA,ROAD,6,12.0
64902,2,6,99,5,9,50.0,0,N,MELB_URBAN,STREET,5,15.0
64903,6,1,174,2,9,60.0,0,I,MELB_URBAN,STREET,4,16.0
64904,1,4,130,5,1,100.0,0,N,MELB_URBAN,FREEWAY,6,7.0
64905,1,3,130,1,1,70.0,0,I,MELB_URBAN,ROAD,6,12.0
64906,1,2,163,5,9,60.0,0,N,MELB_URBAN,ROAD,5,13.0
64907,1,3,130,2,9,50.0,0,I,MELB_URBAN,OTHER,6,17.0
64908,1,5,130,5,1,60.0,0,N,MELB_URBAN,ROAD,6,7.0
64909,1,4,120,5,1,100.0,0,N,RURAL_VICTORIA,HIGHWAY,6,11.0
64910,4,4,171,5,1,80.0,0,N,MELB_URBAN,HIGHWAY,6,14.0
64911,3,2,167,5,1,100.0,0,N,RURAL_VICTORIA,HIGHWAY,5,18.0
64912,1,1,121,2,1,60.0,0,I,MELB_URBAN,STREET,6,8.0
64913,2,3,100,1,3,60.0,0,I,MELB_URBAN,HIGHWAY,6,19.0
64914,2,4,100,2,1,60.0,0,I,TOWNS,STREET,6,15.0
64915,6,7,174,5,1,60.0,0,N,RURAL_VICTORIA,ROAD,5,14.0
64916,1,4,130,5,1,60.0,0,N,RURAL_VICTORIA,ROAD,6,8.0
64917,6,4,174,2,1,50.0,0,I,TOWNS,STREET,6,9.0
64918,2,4,102,1,1,60.0,0,I,SMALL_CITIES,STREET,6,15.0
64919,1,2,130,5,3,60.0,0,I,MELB_URBAN,ROAD,5,21.0
64920,1,3,134,5,1,100.0,0,N,MELB_URBAN,FREEWAY,6,14.0
64921,1,4,110,1,2,50.0,0,I,MELB_URBAN,STREET,6,17.0
64922,2,4,100,5,5,50.0,0,N,TOWNS,STREET,6,17.0
64923,1,4,113,2,3,60.0,0,I,MELB_URBAN,STREET,6,18.0
64924,4,3,173,5,3,80.0,0,N,LARGE_PROVINCIAL_CITIES,HIGHWAY,4,20.0
64925,1,2,130,1,1,80.0,0,I,RURAL_VICTORIA,HIGHWAY,6,16.0
64926,2,4,100,2,3,50.0,0,I,LARGE_PROVINCIAL_CITIES,STREET,6,19.0
64927,1,3,121,2,1,40.0,0,I,MELB_URBAN,STREET,6,15.0
64928,1,4,121,2,3,60.0,0,I,MELB_URBAN,DRIVE,6,18.0
64929,1,4,111,2,3,60.0,0,I,MELB_URBAN,ROAD,6,17.0
64930,2,4,99,5,3,50.0,0,N,MELB_URBAN,BOULEVARD,6,19.0
64931,3,4,167,5,1,100.0,0,N,RURAL_VICTORIA,ROAD,6,16.0
64932,1,3,121,4,1,60.0,0,I,MELB_URBAN,ROAD,6,15.0
64933,4,5,171,2,3,50.0,0,N,MELB_URBAN,ROAD,6,0.0
64934,8,7,184,5,1,60.0,0,N,RURAL_VICTORIA,ROAD,5,11.0
64935,4,5,173,5,3,60.0,0,N,MELB_URBAN,ROAD,6,3.0
64936,1,5,113,2,3,60.0,0,I,MELB_URBAN,ROAD,6,5.0
64937,1,4,147,5,2,60.0,0,N,MELB_URBAN,ROAD,6,7.0
64938,1,5,130,1,1,60.0,0,I,MELB_URBAN,ROAD,6,9.0
64939,1,2,121,2,3,80.0,0,I,SMALL_CITIES,ROAD,6,20.0
64940,1,5,130,5,1,100.0,0,N,MELB_URBAN,FREEWAY,6,8.0
64941,1,4,99,5,1,100.0,0,N,MELB_URBAN,FREEWAY,6,8.0
64942,8,1,174,2,1,60.0,0,I,MELB_URBAN,DRIVE,6,16.0
64943,1,4,147,5,1,50.0,0,N,MELB_URBAN,AVENUE,6,9.0
64944,2,4,99,5,1,60.0,0,N,SMALL_CITIES,ROAD,6,10.0
64945,1,5,120,5,3,80.0,0,N,RURAL_VICTORIA,RAMP,6,5.0
64946,2,5,102,5,1,40.0,0,N,MELB_URBAN,STREET,6,11.0
64947,1,5,130,5,2,100.0,0,N,MELB_URBAN,FREEWAY,4,17.0
64948,2,3,100,2,1,50.0,0,I,MELB_URBAN,ROAD,5,12.0
64949,1,5,121,1,2,70.0,0,I,MELB_URBAN,ROAD,6,7.0
64950,1,4,130,5,3,70.0,0,N,LARGE_PROVINCIAL_CITIES,HIGHWAY,6,7.0
64951,1,5,130,5,1,80.0,0,N,RURAL_VICTORIA,STREET,6,14.0
64952,2,3,100,2,1,50.0,0,I,MELB_URBAN,AVENUE,6,12.0
64953,1,5,130,5,1,60.0,0,N,MELB_URBAN,RAMP,3,12.0
64954,6,4,170,5,3,60.0,0,N,MELB_URBAN,ROAD,6,21.0
64955,1,2,111,1,1,50.0,0,I,TOWNS,STREET,6,11.0
64956,4,5,183,5,2,80.0,0,N,RURAL_VICTORIA,RAMP,6,16.0
64957,1,2,110,4,1,60.0,0,I,MELB_URBAN,STREET,6,15.0
64958,1,5,99,2,1,70.0,0,I,MELB_URBAN,STREET,3,16.0
64959,1,6,130,5,9,60.0,0,N,MELB_URBAN,STREET,5,18.0
64960,1,5,121,1,2,60.0,0,I,TOWNS,STREET,6,17.0
64961,1,4,110,1,1,80.0,0,I,RURAL_VICTORIA,ROAD,6,16.0
64962,8,5,99,5,1,80.0,0,N,RURAL_VICTORIA,AVENUE,6,16.0
64963,1,5,110,1,1,60.0,0,I,MELB_URBAN,ROAD,6,16.0
64964,1,5,160,5,1,60.0,0,N,MELB_URBAN,ROAD,6,15.0
64965,1,4,110,1,2,50.0,0,I,MELB_URBAN,STREET,6,17.0
64966,4,4,181,5,1,100.0,0,N,RURAL_VICTORIA,ROAD,6,12.0
64967,1,5,130,5,3,60.0,0,N,MELB_URBAN,ROAD,6,18.0
64968,1,5,130,5,3,60.0,0,N,MELB_URBAN,ROAD,6,18.0
64969,2,4,100,1,3,80.0,0,I,MELB_URBAN,HIGHWAY,6,18.0
64970,1,5,121,1,3,80.0,0,I,MELB_URBAN,HIGHWAY,6,18.0
64971,1,5,113,1,5,100.0,0,I,RURAL_VICTORIA,ROAD,6,18.0
64972,1,5,99,5,3,60.0,0,N,MELB_URBAN,ROAD,6,18.0
64973,8,1,99,5,1,100.0,0,N,RURAL_VICTORIA,ROAD,3,13.0
64974,1,4,110,1,3,40.0,0,I,MELB_URBAN,STREET,6,19.0
64975,1,5,110,1,1,60.0,0,I,MELB_URBAN,ROAD,6,15.0
64976,4,5,171,1,3,60.0,0,I,MELB_URBAN,DRIVE,6,22.0
64977,4,6,171,2,3,60.0,0,I,RURAL_VICTORIA,ROAD,6,0.0
64978,4,5,181,5,3,60.0,0,N,MELB_URBAN,ROAD,6,3.0
64979,1,7,130,5,1,60.0,0,N,MELB_URBAN,ROAD,5,18.0
64980,4,5,171,2,3,60.0,0,I,LARGE_PROVINCIAL_CITIES,ROAD,6,1.0
64981,4,6,183,2,3,70.0,0,I,MELB_URBAN,ROAD,6,4.0
64982,1,4,121,1,1,80.0,0,I,MELB_URBAN,ROAD,6,8.0
64983,1,5,102,5,9,50.0,0,N,SMALL_CITIES,ROAD,6,17.0
64984,4,5,181,5,1,80.0,0,N,RURAL_VICTORIA,ROAD,6,13.0
64985,3,1,167,5,2,100.0,0,N,RURAL_VICTORIA,ROAD,5,17.0
64986,1,6,134,5,1,110.0,0,N,SMALL_CITIES,STREET,6,9.0
64987,4,5,171,5,1,80.0,0,N,MELB_URBAN,HIGHWAY,6,11.0
64988,1,5,140,5,1,60.0,0,N,SMALL_CITIES,AVENUE,6,11.0
64989,2,5,100,5,9,80.0,0,N,LARGE_PROVINCIAL_CITIES,HIGHWAY,6,18.0
64990,1,5,163,5,2,40.0,0,N,MELB_URBAN,ROAD,6,20.0
64991,1,5,121,1,1,60.0,0,I,MELB_URBAN,ROAD,6,9.0
64992,1,2,163,5,1,60.0,0,N,MELB_URBAN,ROAD,5,15.0
64993,1,6,130,2,1,60.0,0,I,MELB_URBAN,ROAD,6,12.0
64994,1,5,160,5,1,60.0,0,N,MELB_URBAN,ROAD,6,13.0
64995,1,6,134,5,1,60.0,0,N,SMALL_CITIES,STREET,6,15.0
64996,1,5,99,5,9,60.0,0,N,MELB_URBAN,UNKNOWN,2,15.0
64997,4,1,181,5,1,60.0,0,N,RURAL_VICTORIA,ROAD,6,11.0
64998,1,6,99,5,1,100.0,0,N,MELB_URBAN,FREEWAY,6,13.0
64999,4,6,181,5,1,80.0,0,N,LARGE_PROVINCIAL_CITIES,ROAD,6,15.0
65000,1,6,113,1,1,70.0,0,I,MELB_URBAN,STREET,6,13.0
65001,4,6,171,5,1,80.0,0,N,MELB_URBAN,ROAD,6,9.0
65002,1,4,130,4,3,70.0,0,I,MELB_URBAN,RAMP,6,21.0
65003,1,6,113,2,1,60.0,0,I,MELB_URBAN,STREET,6,16.0
65004,1,4,130,5,3,60.0,0,N,MELB_URBAN,STREET,6,18.0
65005,1,5,130,2,2,80.0,0,I,RURAL_VICTORIA,ROAD,6,18.0
65006,2,6,99,1,3,60.0,0,N,MELB_URBAN,ROAD,6,19.0
65007,1,5,110,1,3,50.0,0,I,LARGE_PROVINCIAL_CITIES,STREET,6,18.0
65008,1,2,130,2,9,80.0,0,I,MELB_URBAN,HIGHWAY,5,17.0
65009,1,6,113,1,3,60.0,0,I,MELB_URBAN,ROAD,6,18.0
65010,6,6,174,2,6,60.0,0,N,MELB_URBAN,STREET,6,18.0
65011,1,6,120,1,2,60.0,0,I,MELB_URBAN,ROAD,6,16.0
65012,4,5,171,5,3,50.0,0,N,MELB_URBAN,ROAD,6,18.0
65013,4,6,173,5,5,100.0,0,N,SMALL_CITIES,ROAD,6,18.0
65014,4,5,173,5,3,60.0,0,N,MELB_URBAN,ROAD,6,19.0
65015,1,6,160,5,3,60.0,0,N,MELB_URBAN,ROAD,6,19.0
65016,4,6,183,5,3,60.0,0,N,TOWNS,ROAD,6,22.0
65017,1,7,183,5,3,60.0,0,N,MELB_URBAN,HIGHWAY,6,0.0
65018,4,6,99,2,3,50.0,0,I,MELB_URBAN,STREET,6,2.0
65019,1,6,99,1,3,80.0,0,I,SMALL_CITIES,STREET,6,22.0
65020,1,2,130,5,1,100.0,0,N,MELB_URBAN,FREEWAY,2,19.0
65021,2,6,99,5,1,60.0,0,N,SMALL_CITIES,ROAD,6,11.0
65022,4,6,171,1,1,60.0,0,I,MELB_URBAN,PARADE,6,11.0
65023,4,6,181,5,5,100.0,0,N,RURAL_VICTORIA,ROAD,6,21.0
65024,1,7,132,1,3,60.0,0,I,MELB_URBAN,STREET,4,19.0
65025,1,3,135,2,2,80.0,0,I,MELB_URBAN,ROAD,6,17.0
65026,1,4,111,1,3,50.0,0,I,SMALL_CITIES,STREET,6,18.0
65027,4,7,173,5,1,100.0,0,N,RURAL_VICTORIA,HIGHWAY,6,8.0
65028,1,7,110,1,1,50.0,0,I,MELB_URBAN,STREET,6,10.0
65029,1,2,130,5,1,80.0,0,N,MELB_URBAN,HIGHWAY,6,14.0
65030,1,6,132,1,3,80.0,0,I,MELB_URBAN,HIGHWAY,6,18.0
65031,4,7,99,2,5,100.0,0,I,RURAL_VICTORIA,ROAD,6,3.0
65032,1,7,147,5,1,50.0,0,N,MELB_URBAN,OTHER,6,12.0
65033,2,7,100,1,1,50.0,0,I,SMALL_CITIES,AVENUE,6,10.0
65034,1,5,130,5,1,70.0,0,N,MELB_URBAN,ROAD,3,13.0
65035,1,7,130,2,1,60.0,0,I,MELB_URBAN,STREET,6,13.0
65036,1,7,130,1,1,80.0,0,I,MELB_URBAN,ROAD,6,12.0
65037,4,7,173,2,1,60.0,0,N,MELB_URBAN,ROAD,6,13.0
65038,1,6,121,1,3,60.0,0,I,MELB_URBAN,ROAD,6,18.0
65039,1,6,130,2,1,80.0,0,I,MELB_URBAN,ROAD,6,10.0
65040,4,7,171,5,1,60.0,0,N,MELB_URBAN,ROAD,6,14.0
65041,4,7,99,2,1,80.0,0,I,MELB_URBAN,ROAD,6,8.0
65042,1,7,130,2,2,60.0,0,I,MELB_URBAN,STREET,6,17.0
65043,4,7,173,5,1,80.0,1,N,TOWNS,ROAD,6,9.0
65044,1,6,130,5,3,80.0,0,N,MELB_URBAN,HIGHWAY,6,18.0
65045,4,7,99,5,1,60.0,0,N,RURAL_VICTORIA,OTHER,6,12.0
65046,1,7,121,1,3,80.0,0,I,MELB_URBAN,ROAD,6,18.0
65047,4,6,181,5,9,100.0,1,N,RURAL_VICTORIA,ROAD,6,20.0
65048,1,7,160,2,3,60.0,0,N,MELB_URBAN,ROAD,6,18.0
65049,8,7,174,5,1,40.0,0,N,MELB_URBAN,STREET,6,9.0
65050,4,7,171,5,5,100.0,0,N,RURAL_VICTORIA,ROAD,6,22.0
65051,6,1,99,5,3,60.0,0,N,MELB_URBAN,ROAD,6,1.0
65052,1,7,130,2,1,100.0,0,I,RURAL_VICTORIA,ROAD,6,13.0
65053,4,1,171,5,1,50.0,0,N,MELB_URBAN,ROAD,6,9.0
65054,1,0,130,2,1,60.0,0,I,MELB_URBAN,ROAD,6,9.0
65055,1,1,121,5,1,80.0,0,N,MELB_URBAN,ROAD,6,12.0
65056,2,1,100,2,1,60.0,0,I,MELB_URBAN,ROAD,6,10.0
65057,6,1,174,5,1,50.0,0,N,MELB_URBAN,STREET,6,11.0
65058,5,1,99,5,1,60.0,0,N,RURAL_VICTORIA,ROAD,6,11.0
65059,4,1,171,5,1,70.0,0,N,MELB_URBAN,ROAD,6,8.0
65060,1,6,130,5,1,100.0,0,N,MELB_URBAN,FREEWAY,6,15.0
65061,1,1,130,1,1,80.0,0,I,MELB_URBAN,ROAD,6,15.0
65062,1,0,130,1,1,60.0,0,I,MELB_URBAN,FREEWAY,6,12.0
65063,1,0,99,2,1,50.0,0,I,MELB_URBAN,ROAD,6,13.0
65064,2,1,99,5,1,100.0,0,N,RURAL_VICTORIA,HIGHWAY,6,16.0
65065,1,1,130,5,2,60.0,0,N,MELB_URBAN,PARADE,6,16.0
65066,1,0,160,5,1,60.0,0,N,MELB_URBAN,STREET,6,13.0
65067,1,6,130,5,2,100.0,0,N,MELB_URBAN,FREEWAY,6,18.0
65068,1,1,121,1,3,70.0,0,I,MELB_URBAN,ROAD,6,19.0
65069,4,4,181,2,1,100.0,0,I,RURAL_VICTORIA,ROAD,5,9.0
65070,1,1,121,1,3,60.0,0,I,MELB_URBAN,ROAD,6,19.0
65071,1,1,130,1,3,80.0,0,N,MELB_URBAN,ROAD,6,20.0
65072,6,6,184,5,1,50.0,0,N,MELB_URBAN,STREET,6,14.0
65073,1,0,160,5,3,50.0,0,N,MELB_URBAN,AVENUE,6,21.0
65074,4,1,183,5,5,100.0,1,N,RURAL_VICTORIA,ROAD,6,18.0
65075,1,5,121,2,3,60.0,0,I,MELB_URBAN,ROAD,6,17.0
65076,4,1,171,5,5,70.0,0,N,TOWNS,ROAD,6,23.0
65077,6,1,99,5,3,60.0,0,N,MELB_URBAN,ROAD,6,22.0
65078,1,1,133,5,3,100.0,0,N,MELB_URBAN,FREEWAY,6,22.0
65079,1,2,120,1,3,60.0,0,I,MELB_URBAN,ROAD,6,0.0
65080,4,2,181,5,3,50.0,0,N,MELB_URBAN,STREET,6,3.0
65081,1,6,130,5,1,50.0,0,N,MELB_URBAN,AVENUE,5,17.0
65082,1,2,121,1,1,70.0,0,I,MELB_URBAN,ROAD,6,7.0
65083,1,6,130,2,1,60.0,0,I,SMALL_CITIES,ROAD,2,16.0
65084,8,1,184,5,1,100.0,0,N,RURAL_VICTORIA,ROAD,6,9.0
65085,6,7,174,5,1,60.0,0,N,RURAL_VICTORIA,OTHER,6,14.0
65086,2,7,99,5,1,60.0,0,N,MELB_URBAN,OTHER,9,16.0
65087,1,2,110,1,1,50.0,0,I,MELB_URBAN,STREET,6,10.0
65088,2,2,100,1,1,40.0,0,I,LARGE_PROVINCIAL_CITIES,STREET,6,10.0
65089,1,2,140,5,1,100.0,0,N,RURAL_VICTORIA,ROAD,6,12.0
65090,1,2,110,1,1,60.0,0,I,MELB_URBAN,ROAD,6,11.0
65091,3,2,167,5,5,110.0,0,N,RURAL_VICTORIA,FREEWAY,10,6.0
65092,1,6,130,5,1,60.0,0,N,MELB_URBAN,ROAD,6,10.0
65093,1,2,130,5,1,80.0,0,N,MELB_URBAN,HIGHWAY,6,13.0
65094,4,2,181,5,5,100.0,0,N,RURAL_VICTORIA,HIGHWAY,5,22.0
65095,4,2,181,5,1,100.0,0,N,RURAL_VICTORIA,ROAD,6,14.0
65096,1,2,110,1,1,80.0,0,I,RURAL_VICTORIA,ROAD,6,13.0
65097,1,2,120,5,1,100.0,1,N,RURAL_VICTORIA,HIGHWAY,6,11.0
65098,1,1,99,5,1,50.0,0,N,MELB_URBAN,ROAD,6,13.0
65099,1,2,120,5,1,80.0,0,N,SMALL_CITIES,HIGHWAY,6,15.0
65100,1,1,110,1,1,60.0,0,I,TOWNS,STREET,6,16.0
65101,4,2,171,5,2,40.0,0,N,MELB_URBAN,STREET,6,16.0
65102,1,2,135,2,1,60.0,0,I,MELB_URBAN,ROAD,6,16.0
65103,1,2,99,5,3,50.0,0,N,LARGE_PROVINCIAL_CITIES,STREET,6,18.0
65104,1,3,116,2,3,70.0,0,I,MELB_URBAN,ROAD,6,18.0
65105,1,2,130,5,5,100.0,0,N,RURAL_VICTORIA,ROAD,6,17.0
65106,4,2,183,5,1,100.0,0,N,RURAL_VICTORIA,ROAD,6,16.0
65107,1,1,130,2,1,60.0,0,I,MELB_URBAN,ROAD,6,9.0
65108,8,2,174,5,2,60.0,0,N,MELB_URBAN,STREET,6,18.0
65109,4,2,171,5,1,100.0,0,N,RURAL_VICTORIA,ROAD,6,16.0
65110,1,2,113,2,3,50.0,0,I,MELB_URBAN,OTHER,6,17.0
65111,2,2,102,5,5,70.0,0,N,MELB_URBAN,ROAD,6,21.0
65112,4,1,183,5,3,60.0,0,N,LARGE_PROVINCIAL_CITIES,ROAD,6,23.0
65113,4,7,99,1,1,60.0,0,I,MELB_URBAN,DRIVE,6,10.0
65114,1,4,121,2,1,60.0,0,I,MELB_URBAN,ROAD,5,8.0
65115,7,6,99,5,1,100.0,0,N,RURAL_VICTORIA,ROAD,6,15.0
65116,1,1,163,5,1,40.0,0,N,MELB_URBAN,STREET,5,12.0
65117,4,1,173,5,1,50.0,0,N,MELB_URBAN,STREET,5,11.0
65118,1,6,121,1,2,100.0,0,I,RURAL_VICTORIA,ROAD,6,7.0
65119,1,3,130,2,1,60.0,0,I,SMALL_CITIES,STREET,6,9.0
65120,2,3,100,5,1,50.0,0,N,SMALL_CITIES,STREET,6,9.0
65121,5,3,99,5,5,80.0,0,N,RURAL_VICTORIA,HIGHWAY,6,18.0
65122,2,3,100,1,1,50.0,0,I,LARGE_PROVINCIAL_CITIES,STREET,6,10.0
65123,2,3,100,1,1,40.0,0,I,MELB_URBAN,PARADE,6,8.0
65124,4,3,173,5,1,100.0,0,N,RURAL_VICTORIA,HIGHWAY,6,8.0
65125,1,3,99,4,1,60.0,0,I,MELB_URBAN,RAMP,6,8.0
65126,1,3,110,1,1,60.0,0,I,MELB_URBAN,STREET,6,11.0
65127,2,3,99,5,1,40.0,0,N,MELB_URBAN,DRIVE,6,8.0
65128,2,7,102,5,1,50.0,0,N,TOWNS,DRIVE,6,15.0
65129,1,3,120,5,1,100.0,0,N,RURAL_VICTORIA,HIGHWAY,6,10.0
65130,1,0,130,5,1,60.0,0,N,SMALL_CITIES,STREET,6,16.0
65131,5,7,99,5,1,60.0,0,N,RURAL_VICTORIA,ROAD,6,11.0
65132,1,2,120,5,1,60.0,0,N,MELB_URBAN,ROAD,6,10.0
65133,6,7,184,5,6,60.0,0,N,TOWNS,DRIVE,6,19.0
65134,1,1,130,5,1,50.0,0,N,SMALL_TOWNS,STREET,6,15.0
65135,4,3,171,5,1,60.0,0,N,RURAL_VICTORIA,OTHER,6,13.0