,accident_type,day_of_week,dca_code,road_geometry,light_condition,speed_zone,severity,node_type,deg_urban_name,road_type,month,hour
65136,1,3,121,1,1,50.0,0,I,MELB_URBAN,ROAD,6,15.0
65137,4,3,183,5,1,100.0,0,N,RURAL_VICTORIA,ROAD,6,10.0
65138,6,4,184,5,2,50.0,0,N,MELB_URBAN,BOULEVARD,3,19.0
65139,4,2,183,5,1,60.0,0,N,RURAL_VICTORIA,ROAD,6,10.0
65140,1,2,130,5,1,60.0,0,N,SMALL_CITIES,STREET,6,15.0
65141,1,2,130,5,1,60.0,0,N,MELB_URBAN,ROAD,6,16.0
65142,1,3,130,5,3,60.0,0,N,MELB_URBAN,ROAD,6,17.0
65143,1,3,99,1,9,80.0,0,I,MELB_URBAN,ROAD,5,16.0
65144,1,5,113,2,2,80.0,0,N,MELB_URBAN,HIGHWAY,6,17.0
65145,1,2,110,1,3,60.0,0,I,LARGE_PROVINCIAL_CITIES,STREET,6,19.0
65146,1,3,130,5,2,100.0,0,N,MELB_URBAN,ROAD,6,17.0
65147,1,5,99,2,3,60.0,0,N,MELB_URBAN,OTHER,5,21.0
65148,1,1,163,5,9,50.0,0,N,MELB_URBAN,STREET,6,11.0
65149,1,3,99,2,9,60.0,0,I,MELB_URBAN,ROAD,6,18.0
65150,2,2,102,5,3,60.0,0,N,LARGE_PROVINCIAL_CITIES,STREET,6,20.0
65151,1,2,132,2,1,60.0,0,I,MELB_URBAN,ROAD,6,13.0
65152,4,4,173,5,3,100.0,0,I,RURAL_VICTORIA,FREEWAY,6,2.0
65153,4,3,171,5,5,50.0,0,N,MELB_URBAN,ROAD,6,4.0
65154,2,4,102,2,2,60.0,0,I,MELB_URBAN,STREET,6,7.0
65155,8,0,174,5,1,60.0,0,N,RURAL_VICTORIA,OTHER,5,11.0
65156,1,3,163,5,2,60.0,0,N,MELB_URBAN,ROAD,6,17.0
65157,1,4,99,5,1,50.0,0,N,MELB_URBAN,DRIVE,6,7.0
65158,1,3,110,1,1,60.0,0,N,MELB_URBAN,ROAD,6,8.0
65159,1,4,147,5,1,50.0,0,N,MELB_URBAN,ROAD,6,8.0
65160,2,4,100,2,1,60.0,0,I,MELB_URBAN,STREET,6,8.0
65161,1,4,160,5,1,50.0,0,N,MELB_URBAN,STREET,6,8.0
65162,4,4,135,5,1,100.0,0,N,RURAL_VICTORIA,FREEWAY,6,8.0
65163,8,1,99,5,1,60.0,0,N,RURAL_VICTORIA,ROAD,6,11.0
65164,1,4,147,5,5,100.0,0,N,RURAL_VICTORIA,HIGHWAY,6,5.0
65165,1,4,110,1,1,50.0,0,I,MELB_URBAN,STREET,6,8.0
65166,1,3,121,1,3,60.0,0,I,MELB_URBAN,STREET,6,22.0
65167,1,3,110,1,1,60.0,0,I,MELB_URBAN,ROAD,6,8.0
65168,1,4,140,5,1,40.0,0,N,SMALL_CITIES,AVENUE,6,10.0
65169,1,4,121,1,1,60.0,0,I,SMALL_CITIES,STREET,6,9.0
65170,1,4,121,1,1,80.0,0,I,MELB_URBAN,ROAD,6,10.0
65171,1,4,99,5,1,100.0,0,N,RURAL_VICTORIA,ROAD,6,8.0
65172,1,4,130,2,1,80.0,0,N,MELB_URBAN,ROAD,6,10.0
65173,1,4,130,5,1,100.0,0,N,RURAL_VICTORIA,ROAD,6,8.0
65174,2,4,100,5,1,80.0,0,I,MELB_URBAN,RAMP,6,8.0
65175,1,3,130,5,1,60.0,0,N,LARGE_PROVINCIAL_CITIES,STREET,6,7.0
65176,1,4,160,5,1,70.0,0,N,MELB_URBAN,HIGHWAY,6,10.0
65177,1,4,130,1,1,60.0,0,I,SMALL_CITIES,STREET,6,12.0
65178,1,6,110,1,1,50.0,0,I,MELB_URBAN,AVENUE,6,13.0
65179,4,6,171,5,6,70.0,0,N,MELB_URBAN,ROAD,1,23.0
65180,1,2,121,1,3,60.0,0,N,MELB_URBAN,ROAD,6,18.0
65181,1,4,132,2,1,50.0,0,I,MELB_URBAN,OTHER,6,11.0
65182,1,4,130,5,1,50.0,0,N,MELB_URBAN,ROAD,6,12.0
65183,4,4,181,5,1,100.0,0,N,RURAL_VICTORIA,HIGHWAY,6,9.0
65184,1,4,111,2,1,60.0,0,I,MELB_URBAN,ROAD,6,13.0
65185,1,4,113,2,1,80.0,0,I,MELB_URBAN,ROAD,6,14.0
65186,2,4,99,5,1,60.0,0,N,MELB_URBAN,ROAD,6,14.0
65187,4,6,171,5,5,100.0,0,N,RURAL_VICTORIA,ROAD,5,20.0
65188,1,4,121,2,1,60.0,0,I,MELB_URBAN,ROAD,6,13.0
65189,2,6,102,2,6,60.0,0,I,MELB_URBAN,ROAD,6,17.0
65190,1,3,121,1,1,50.0,0,I,MELB_URBAN,DRIVE,6,15.0
65191,1,6,130,5,1,100.0,0,N,MELB_URBAN,ROAD,5,16.0
65192,1,4,121,1,2,60.0,0,I,MELB_URBAN,ROAD,6,16.0
65193,1,4,130,2,1,70.0,0,I,MELB_URBAN,ROAD,3,15.0
65194,4,4,173,5,1,80.0,0,N,RURAL_VICTORIA,ROAD,6,16.0
65195,1,3,121,1,3,60.0,0,I,MELB_URBAN,ROAD,6,18.0
65196,1,3,160,5,3,40.0,0,N,SMALL_CITIES,ROAD,6,18.0
65197,1,4,147,5,3,60.0,0,N,SMALL_CITIES,STREET,6,18.0
65198,2,4,100,5,3,60.0,1,N,MELB_URBAN,STREET,6,17.0
65199,1,4,160,5,3,60.0,0,N,MELB_URBAN,ROAD,6,20.0
65200,1,4,113,2,3,80.0,0,I,MELB_URBAN,HIGHWAY,6,21.0
65201,1,4,130,2,3,60.0,0,I,MELB_URBAN,ROAD,6,22.0
65202,1,4,120,5,5,100.0,0,N,RURAL_VICTORIA,HIGHWAY,6,23.0
65203,1,3,130,1,1,70.0,0,I,MELB_URBAN,ROAD,6,12.0
65204,1,4,135,5,3,80.0,0,N,MELB_URBAN,UNKNOWN,6,5.0
65205,1,5,121,1,3,50.0,0,I,LARGE_PROVINCIAL_CITIES,STREET,6,7.0
65206,1,2,130,5,3,80.0,0,N,MELB_URBAN,HIGHWAY,6,18.0
65207,6,5,184,5,5,110.0,0,N,RURAL_VICTORIA,UNKNOWN,6,5.0
65208,1,3,130,2,2,60.0,0,N,SMALL_CITIES,STREET,5,17.0
65209,1,5,110,1,1,40.0,0,I,MELB_URBAN,STREET,6,7.0
65210,1,5,160,5,1,50.0,0,N,SMALL_CITIES,AVENUE,6,8.0
65211,4,5,171,5,1,80.0,0,N,RURAL_VICTORIA,HIGHWAY,6,15.0
65212,4,6,173,5,1,70.0,0,N,MELB_URBAN,ROAD,5,11.0
65213,6,1,174,5,1,60.0,0,N,RURAL_VICTORIA,ROAD,6,12.0
65214,2,5,100,1,1,60.0,0,I,MELB_URBAN,STREET,6,9.0
65215,4,7,173,5,1,100.0,0,N,RURAL_VICTORIA,ROAD,5,10.0
65216,1,0,160,5,3,60.0,0,N,MELB_URBAN,ROAD,4,22.0
65217,4,5,171,1,1,70.0,0,I,LARGE_PROVINCIAL_CITIES,UNKNOWN,6,8.0
65218,1,7,99,2,9,60.0,0,I,MELB_URBAN,AVENUE,5,8.0
65219,1,6,133,5,9,100.0,0,N,MELB_URBAN,FREEWAY,5,8.0
65220,1,2,121,4,1,60.0,0,N,MELB_URBAN,ROAD,5,11.0
65221,1,4,135,5,1,60.0,0,I,MELB_URBAN,STREET,6,12.0
65222,1,3,130,2,1,50.0,0,I,SMALL_CITIES,STREET,6,15.0
65223,8,5,184,2,1,100.0,0,I,RURAL_VICTORIA,ROAD,6,12.0
65224,6,2,174,5,1,60.0,0,N,RURAL_VICTORIA,OTHER,6,15.0
65225,1,5,121,1,3,60.0,0,I,MELB_URBAN,ROAD,4,22.0
65226,1,5,130,5,3,100.0,1,N,MELB_URBAN,ROAD,6,6.0
65227,1,5,130,5,3,100.0,0,I,MELB_URBAN,FREEWAY,6,6.0
65228,1,4,110,1,2,40.0,0,I,MELB_URBAN,ROAD,6,7.0
65229,1,2,99,2,9,70.0,0,I,MELB_URBAN,ROAD,6,17.0
65230,1,5,130,5,1,60.0,0,N,MELB_URBAN,STREET,6,7.0
65231,3,2,167,5,5,100.0,0,N,RURAL_VICTORIA,HIGHWAY,6,23.0
65232,1,4,130,5,1,80.0,0,N,RURAL_VICTORIA,ROAD,6,7.0
65233,1,5,110,1,1,60.0,0,I,RURAL_VICTORIA,STREET,6,14.0
65234,6,7,174,5,1,60.0,0,N,RURAL_VICTORIA,ROAD,6,9.0
65235,1,5,99,5,1,100.0,0,N,RURAL_VICTORIA,ROAD,6,8.0
65236,1,2,111,1,1,60.0,0,I,MELB_URBAN,ROAD,6,14.0
65237,4,5,173,5,1,110.0,0,N,RURAL_VICTORIA,FREEWAY,6,14.0
65238,1,6,147,5,1,50.0,0,N,MELB_URBAN,OTHER,6,16.0
65239,6,5,99,5,1,100.0,0,N,RURAL_VICTORIA,ROAD,6,14.0
65240,1,5,130,1,1,80.0,0,I,MELB_URBAN,ROAD,6,14.0
65241,1,6,130,1,6,60.0,0,I,MELB_URBAN,STREET,6,18.0
65242,1,4,130,5,9,60.0,0,N,MELB_URBAN,ROAD,6,17.0
65243,1,3,110,4,2,60.0,0,I,MELB_URBAN,STREET,6,17.0
65244,1,5,110,1,1,60.0,0,I,TOWNS,STREET,6,16.0
65245,1,4,130,5,3,60.0,0,N,MELB_URBAN,STREET,6,6.0
65246,1,5,113,2,1,60.0,0,I,MELB_URBAN,STREET,6,16.0
65247,8,1,184,5,1,100.0,0,N,RURAL_VICTORIA,ROAD,6,10.0
65248,1,5,130,5,5,60.0,0,N,RURAL_VICTORIA,ROAD,6,18.0
65249,1,5,130,5,3,80.0,0,N,MELB_URBAN,RAMP,6,18.0
65250,4,4,181,5,1,60.0,0,N,MELB_URBAN,RAMP,5,16.0
65251,1,5,121,5,3,60.0,0,N,MELB_URBAN,AVENUE,6,18.0
65252,6,5,174,5,1,60.0,0,N,MELB_URBAN,STREET,6,16.0
65253,6,2,174,5,2,60.0,0,N,MELB_URBAN,ROAD,6,17.0
65254,1,5,99,5,3,80.0,0,N,MELB_URBAN,ROAD,6,19.0
65255,4,4,99,5,3,60.0,0,N,MELB_URBAN,STREET,6,22.0
65256,3,5,167,5,5,100.0,0,N,RURAL_VICTORIA,ROAD,6,2.0
65257,2,5,100,1,1,70.0,0,I,MELB_URBAN,STREET,6,13.0
65258,2,5,100,1,1,60.0,0,I,MELB_URBAN,ROAD,6,13.0
65259,1,7,130,5,3,100.0,0,N,MELB_URBAN,FREEWAY,5,19.0
65260,4,1,171,2,4,50.0,0,I,MELB_URBAN,ROAD,5,21.0
65261,1,5,113,1,3,60.0,0,I,LARGE_PROVINCIAL_CITIES,ROAD,6,20.0
65262,1,5,121,1,3,60.0,0,I,MELB_URBAN,ROAD,6,18.0
65263,1,6,130,5,1,100.0,0,N,MELB_URBAN,UNKNOWN,5,17.0
65264,4,6,171,2,3,80.0,0,I,SMALL_CITIES,ROAD,6,6.0
65265,1,5,134,1,9,60.0,0,I,MELB_URBAN,STREET,6,17.0
65266,1,6,121,2,1,80.0,0,I,MELB_URBAN,HIGHWAY,6,9.0
65267,1,6,120,5,1,50.0,0,N,MELB_URBAN,ROAD,6,9.0
65268,1,6,110,1,1,50.0,0,I,LARGE_PROVINCIAL_CITIES,STREET,6,8.0
65269,1,6,121,2,1,40.0,0,I,MELB_URBAN,STREET,6,9.0
65270,4,3,171,5,1,70.0,0,N,RURAL_VICTORIA,ROAD,6,17.0
65271,1,5,130,5,1,60.0,0,N,MELB_URBAN,ROAD,6,9.0
65272,6,6,174,2,1,40.0,0,I,MELB_URBAN,STREET,6,8.0
65273,1,5,110,1,1,40.0,0,I,MELB_URBAN,STREET,6,7.0
65274,1,7,140,5,1,60.0,0,N,MELB_URBAN,ROAD,5,12.0
65275,1,3,116,2,3,60.0,0,N,MELB_URBAN,STREET,6,18.0
65276,1,2,134,5,1,110.0,0,N,SMALL_CITIES,FREEWAY,6,15.0
65277,2,4,100,5,1,80.0,0,N,MELB_URBAN,HIGHWAY,6,15.0
65278,1,4,130,1,1,60.0,0,I,MELB_URBAN,PARADE,6,16.0
65279,4,6,181,5,1,100.0,0,N,RURAL_VICTORIA,ROAD,6,11.0
65280,5,6,99,5,5,60.0,0,N,RURAL_VICTORIA,ROAD,6,6.0
65281,2,6,102,1,1,60.0,0,I,MELB_URBAN,ROAD,6,7.0
65282,1,3,130,1,1,80.0,0,I,MELB_URBAN,HIGHWAY,6,12.0
65283,1,4,121,1,3,60.0,0,I,MELB_URBAN,ROAD,9,19.0
65284,1,5,134,5,1,60.0,0,N,MELB_URBAN,ROAD,6,13.0
65285,4,5,173,5,1,40.0,0,N,RURAL_VICTORIA,HIGHWAY,6,13.0
65286,1,6,110,1,1,60.0,0,I,TOWNS,ROAD,6,12.0
65287,1,6,130,5,1,70.0,0,N,MELB_URBAN,ROAD,6,12.0
65288,4,5,183,5,1,100.0,0,N,RURAL_VICTORIA,ROAD,6,10.0
65289,1,7,130,5,2,60.0,0,N,MELB_URBAN,ROAD,6,17.0
65290,1,6,130,5,1,60.0,0,N,TOWNS,ROAD,6,15.0
65291,2,6,100,2,1,60.0,0,I,MELB_URBAN,STREET,6,16.0
65292,2,6,100,5,1,40.0,0,N,MELB_URBAN,ROAD,6,15.0
65293,1,6,147,5,1,60.0,0,N,TOWNS,STREET,6,16.0
65294,2,6,100,1,9,60.0,0,I,MELB_URBAN,STREET,6,18.0
65295,1,3,130,1,9,50.0,0,I,MELB_URBAN,ROAD,9,13.0
65296,1,6,99,1,1,50.0,0,I,SMALL_CITIES,STREET,6,12.0
65297,1,6,147,5,1,60.0,0,N,LARGE_PROVINCIAL_CITIES,ROAD,6,14.0
65298,4,6,171,5,1,80.0,0,N,MELB_URBAN,ROAD,6,14.0
65299,1,6,121,2,1,60.0,0,I,MELB_URBAN,ROAD,6,15.0
65300,1,6,130,5,6,70.0,0,N,MELB_URBAN,HIGHWAY,6,17.0
65301,1,6,121,5,3,60.0,0,N,MELB_URBAN,ROAD,6,17.0
65302,8,6,99,2,5,100.0,0,I,RURAL_VICTORIA,ROAD,6,18.0
65303,1,6,134,5,3,70.0,0,N,MELB_URBAN,ROAD,6,18.0
65304,1,6,113,1,3,80.0,0,I,MELB_URBAN,ROAD,6,18.0
65305,2,6,100,5,3,60.0,0,N,MELB_URBAN,PARADE,6,18.0
65306,4,6,173,5,3,60.0,0,N,MELB_URBAN,DRIVE,6,18.0
65307,2,6,102,1,3,60.0,0,I,MELB_URBAN,STREET,6,17.0
65308,4,6,173,5,5,50.0,0,N,MELB_URBAN,DRIVE,6,21.0
65309,5,4,171,5,1,100.0,0,N,RURAL_VICTORIA,ROAD,6,10.0
65310,6,6,174,5,3,60.0,0,N,MELB_URBAN,ROAD,6,21.0
65311,4,7,173,5,3,70.0,0,N,MELB_URBAN,ROAD,6,17.0
65312,1,5,132,3,2,100.0,0,N,RURAL_VICTORIA,ROAD,6,17.0
65313,1,2,121,2,3,50.0,0,I,MELB_URBAN,STREET,4,19.0
65314,6,7,174,5,3,80.0,0,N,MELB_URBAN,ROAD,6,5.0
65315,2,7,102,1,2,40.0,0,I,MELBOURNE_CBD,STREET,6,7.0
65316,1,3,132,2,1,60.0,0,I,MELB_URBAN,ROAD,5,10.0
65317,1,2,133,2,1,70.0,0,I,SMALL_CITIES,STREET,6,14.0
65318,4,5,171,5,5,60.0,0,N,SMALL_CITIES,STREET,6,20.0
65319,1,6,130,5,3,80.0,0,N,MELB_URBAN,HIGHWAY,6,19.0
65320,4,6,173,5,3,80.0,0,N,MELB_URBAN,HIGHWAY,6,19.0
65321,1,4,130,5,1,60.0,0,N,MELB_URBAN,ROAD,6,16.0
65322,1,0,121,1,1,60.0,0,I,MELB_URBAN,ROAD,5,12.0
65323,1,2,130,5,1,100.0,0,N,MELB_URBAN,FREEWAY,4,7.0
65324,1,5,111,1,1,50.0,0,I,MELB_URBAN,STREET,6,12.0
65325,1,6,110,1,1,60.0,0,I,MELB_URBAN,STREET,6,10.0
65326,1,1,130,1,3,80.0,0,N,MELB_URBAN,ROAD,6,20.0
65327,1,7,110,1,1,50.0,0,I,MELB_URBAN,STREET,6,13.0
65328,2,7,99,5,1,50.0,0,N,MELB_URBAN,DRIVE,6,14.0
65329,1,3,130,5,1,100.0,0,N,MELB_URBAN,FREEWAY,5,16.0
65330,1,0,132,2,1,70.0,0,I,MELB_URBAN,ROAD,1,10.0
65331,4,6,183,5,2,50.0,0,N,SMALL_CITIES,STREET,6,17.0
65332,6,7,174,2,1,60.0,0,I,MELB_URBAN,ROAD,6,15.0
65333,1,7,113,2,1,100.0,0,I,RURAL_VICTORIA,ROAD,6,15.0
65334,1,7,173,5,1,100.0,0,N,MELB_URBAN,FREEWAY,6,15.0
65335,4,6,173,5,5,100.0,0,N,RURAL_VICTORIA,ROAD,6,1.0
65336,1,6,121,4,1,60.0,0,I,MELB_URBAN,ROAD,6,15.0
65337,1,7,160,5,2,110.0,0,N,RURAL_VICTORIA,FREEWAY,6,17.0
65338,1,7,121,1,1,60.0,0,I,LARGE_PROVINCIAL_CITIES,ROAD,5,11.0
65339,1,7,110,1,1,60.0,0,I,MELB_URBAN,ROAD,6,13.0
65340,1,7,99,1,5,60.0,0,I,MELB_URBAN,STREET,6,18.0
65341,8,7,174,5,3,80.0,0,N,RURAL_VICTORIA,HIGHWAY,6,20.0
65342,4,6,183,5,5,100.0,0,N,RURAL_VICTORIA,ROAD,6,20.0
65343,1,6,130,1,3,80.0,0,I,MELB_URBAN,ROAD,6,21.0
65344,4,7,171,5,3,50.0,0,N,SMALL_CITIES,STREET,6,22.0
65345,1,7,140,4,3,60.0,0,I,MELB_URBAN,ROAD,6,20.0
65346,4,7,173,2,3,80.0,1,I,MELB_URBAN,HIGHWAY,6,21.0
65347,4,7,181,5,3,80.0,0,N,MELB_URBAN,RAMP,6,22.0
65348,7,1,99,5,5,100.0,0,N,RURAL_VICTORIA,HIGHWAY,6,0.0
65349,2,5,100,2,9,50.0,0,I,MELB_URBAN,ROAD,6,9.0
65350,1,7,135,5,1,60.0,0,N,MELB_URBAN,ROAD,5,16.0
65351,6,7,99,5,5,100.0,0,N,RURAL_VICTORIA,ROAD,6,23.0
65352,1,7,130,2,1,60.0,0,I,TOWNS,STREET,6,16.0
65353,1,6,120,5,1,80.0,0,N,RURAL_VICTORIA,ROAD,6,16.0
65354,1,1,121,1,2,60.0,0,I,MELB_URBAN,STREET,6,7.0
65355,4,1,171,5,5,100.0,0,N,RURAL_VICTORIA,ROAD,6,5.0
65356,3,4,167,5,3,80.0,0,N,MELB_URBAN,ROAD,6,19.0
65357,6,7,174,2,1,100.0,0,I,RURAL_VICTORIA,ROAD,6,15.0
65358,8,4,174,5,9,60.0,0,N,RURAL_VICTORIA,OTHER,6,16.0
65359,1,0,110,1,1,50.0,0,I,MELB_URBAN,STREET,6,11.0
65360,8,1,174,2,1,50.0,0,I,MELB_URBAN,ROAD,6,13.0
65361,8,6,99,5,1,100.0,0,N,RURAL_VICTORIA,ROAD,6,13.0
65362,1,1,110,4,1,60.0,0,I,MELB_URBAN,ROAD,6,13.0
65363,6,1,174,5,1,80.0,0,N,MELB_URBAN,HIGHWAY,6,13.0
65364,1,3,116,2,3,50.0,0,I,MELB_URBAN,STREET,6,18.0
65365,3,1,167,5,1,100.0,0,N,RURAL_VICTORIA,ROAD,6,13.0
65366,2,6,102,1,3,50.0,0,I,MELB_URBAN,STREET,6,20.0
65367,4,1,133,5,1,60.0,0,N,SMALL_CITIES,ROAD,6,15.0
65368,4,1,181,5,1,100.0,0,N,RURAL_VICTORIA,ROAD,6,12.0
65369,1,1,132,5,1,40.0,0,N,MELB_URBAN,STREET,6,15.0
65370,1,1,147,5,2,60.0,0,N,MELB_URBAN,ROAD,6,16.0
65371,1,0,130,5,3,70.0,0,N,MELB_URBAN,ROAD,6,17.0
65372,1,3,160,5,3,60.0,0,N,MELB_URBAN,STREET,5,21.0
65373,1,1,160,5,3,60.0,0,N,MELB_URBAN,ROAD,6,17.0
65374,1,1,110,1,1,50.0,0,I,MELB_URBAN,STREET,6,15.0
65375,1,0,121,2,3,60.0,0,I,LARGE_PROVINCIAL_CITIES,HIGHWAY,6,20.0
65376,1,1,160,2,3,60.0,0,I,SMALL_CITIES,STREET,6,19.0
65377,4,1,181,5,3,50.0,0,N,MELB_URBAN,DRIVE,6,22.0
65378,4,0,99,2,3,50.0,0,I,TOWNS,DRIVE,6,23.0
65379,1,2,130,5,3,80.0,0,N,MELB_URBAN,HIGHWAY,6,17.0
65380,4,1,99,5,1,100.0,0,N,RURAL_VICTORIA,HIGHWAY,6,9.0
65381,2,1,100,5,1,50.0,0,N,MELB_URBAN,STREET,6,10.0
65382,4,2,181,5,3,80.0,1,N,TOWNS,ROAD,6,5.0
65383,3,0,167,5,1,60.0,0,N,RURAL_VICTORIA,ROAD,6,13.0
65384,6,3,174,1,2,60.0,0,I,LARGE_PROVINCIAL_CITIES,STREET,5,16.0
65385,1,2,147,5,1,60.0,0,N,MELB_URBAN,ROAD,6,9.0
65386,1,2,113,2,1,80.0,0,I,RURAL_VICTORIA,ROAD,6,9.0
65387,1,2,140,2,5,100.0,0,I,RURAL_VICTORIA,HIGHWAY,6,6.0
65388,1,2,121,2,3,80.0,0,I,MELB_URBAN,ROAD,5,20.0
65389,6,2,174,5,1,80.0,0,N,RURAL_VICTORIA,ROAD,6,16.0
65390,4,7,181,5,1,100.0,0,N,MELB_URBAN,RAMP,6,7.0
65391,6,2,174,1,1,70.0,0,I,MELB_URBAN,ROAD,6,9.0
65392,4,2,181,4,1,80.0,0,I,RURAL_VICTORIA,ROAD,6,9.0
65393,1,4,130,5,1,60.0,0,N,MELB_URBAN,ROAD,4,9.0
65394,1,0,130,2,5,80.0,0,N,RURAL_VICTORIA,ROAD,6,17.0
65395,1,2,121,1,1,60.0,0,I,SMALL_CITIES,STREET,6,9.0
65396,3,1,167,5,1,60.0,0,N,RURAL_VICTORIA,ROAD,6,12.0
65397,4,2,183,5,1,80.0,0,N,RURAL_VICTORIA,ROAD,6,13.0
65398,1,7,110,1,1,60.0,0,I,MELB_URBAN,STREET,4,10.0
65399,1,1,140,5,1,40.0,0,N,MELB_URBAN,DRIVE,6,8.0
65400,1,1,160,5,1,60.0,0,N,MELB_URBAN,HIGHWAY,6,14.0
65401,1,2,99,5,1,50.0,0,N,MELB_URBAN,OTHER,6,15.0
65402,1,2,130,5,1,100.0,0,N,MELB_URBAN,FREEWAY,6,16.0
65403,1,1,130,5,1,80.0,0,N,MELB_URBAN,ROAD,6,16.0
65404,4,2,171,2,1,40.0,0,I,MELB_URBAN,DRIVE,6,15.0
65405,8,6,174,1,1,40.0,0,I,MELB_URBAN,STREET,5,16.0
65406,1,2,121,1,2,60.0,0,I,MELB_URBAN,ROAD,6,16.0
65407,1,2,132,4,2,80.0,0,I,RURAL_VICTORIA,ROAD,6,17.0
65408,4,2,173,5,3,80.0,0,N,MELB_URBAN,ROAD,6,18.0
65409,6,6,174,2,1,60.0,0,I,MELB_URBAN,ROAD,5,10.0
65410,1,7,130,1,9,60.0,0,I,MELB_URBAN,HIGHWAY,6,22.0
65411,1,2,113,1,5,80.0,0,I,RURAL_VICTORIA,ROAD,6,17.0
65412,1,2,120,5,9,50.0,0,N,MELB_URBAN,STREET,6,17.0
65413,1,1,130,2,1,80.0,0,I,MELB_URBAN,STREET,6,17.0
65414,1,1,113,2,3,60.0,0,I,MELB_URBAN,ROAD,6,17.0
65415,1,6,130,4,1,70.0,0,I,MELB_URBAN,ROAD,11,12.0
65416,1,1,130,2,1,60.0,0,I,MELB_URBAN,ROAD,6,17.0
65417,1,2,121,1,3,60.0,0,I,MELB_URBAN,ROAD,6,18.0
65418,1,2,147,5,1,60.0,0,N,MELB_URBAN,AVENUE,5,17.0
65419,2,1,99,5,1,60.0,0,N,MELB_URBAN,STREET,6,16.0
65420,1,5,110,1,3,50.0,0,I,MELB_URBAN,ROAD,6,19.0
65421,1,1,135,5,2,100.0,0,N,MELB_URBAN,FREEWAY,6,6.0
65422,1,2,120,5,1,80.0,1,N,MELB_URBAN,ROAD,6,16.0
65423,4,3,173,2,3,40.0,0,I,LARGE_PROVINCIAL_CITIES,STREET,6,0.0
65424,1,3,121,1,3,80.0,0,N,MELB_URBAN,ROAD,6,1.0
65425,1,6,135,5,5,100.0,0,N,MELB_URBAN,RAMP,6,6.0
65426,4,3,173,5,5,100.0,0,N,RURAL_VICTORIA,ROAD,6,4.0
65427,6,4,174,2,1,50.0,0,I,MELB_URBAN,ROAD,5,10.0
65428,1,3,116,2,2,60.0,0,I,MELB_URBAN,AVENUE,6,6.0
65429,1,2,113,2,1,50.0,0,I,TOWNS,ROAD,6,13.0
65430,4,4,173,2,3,60.0,0,N,MELB_URBAN,ROAD,6,1.0
65431,1,3,160,5,3,50.0,0,N,MELB_URBAN,STREET,6,6.0
65432,1,3,121,2,3,60.0,0,I,MELB_URBAN,ROAD,6,7.0
65433,8,2,174,5,1,60.0,0,N,RURAL_VICTORIA,OTHER,6,15.0
65434,1,3,110,1,1,60.0,0,N,MELB_URBAN,STREET,6,7.0
65435,1,4,99,2,1,60.0,0,I,MELB_URBAN,ROAD,6,14.0
65436,4,1,171,5,1,60.0,0,N,RURAL_VICTORIA,ROAD,5,11.0
65437,1,2,130,1,1,80.0,0,I,MELB_URBAN,ROAD,6,17.0
65438,1,2,113,2,2,50.0,0,I,MELB_URBAN,OTHER,6,7.0
65439,1,3,147,5,1,50.0,0,N,MELB_URBAN,PARADE,6,10.0
65440,1,3,113,2,2,60.0,0,I,RURAL_VICTORIA,ROAD,6,7.0
65441,1,3,121,2,1,80.0,0,I,MELB_URBAN,ROAD,6,11.0
65442,1,3,110,1,1,60.0,0,I,LARGE_PROVINCIAL_CITIES,STREET,6,9.0
65443,4,1,99,1,3,60.0,0,I,MELB_URBAN,ROAD,5,23.0
65444,6,7,184,5,1,60.0,0,N,RURAL_VICTORIA,ROAD,6,12.0
65445,6,5,174,2,3,40.0,0,N,MELB_URBAN,ROAD,6,18.0
65446,1,2,99,2,1,50.0,0,I,TOWNS,ROAD,6,14.0
65447,1,6,99,1,3,60.0,0,I,MELB_URBAN,ROAD,6,23.0
65448,4,2,173,5,1,100.0,0,N,MELB_URBAN,FREEWAY,6,13.0
65449,1,3,130,1,1,60.0,0,N,MELB_URBAN,AVENUE,6,13.0
65450,1,3,110,1,1,80.0,0,I,SMALL_CITIES,STREET,6,9.0
65451,2,3,102,1,2,50.0,0,I,LARGE_PROVINCIAL_CITIES,STREET,6,18.0
65452,1,2,130,5,2,80.0,0,N,MELB_URBAN,ROAD,6,7.0
65453,1,3,132,5,1,50.0,0,N,SMALL_CITIES,STREET,6,15.0
65454,2,2,102,5,1,60.0,0,N,MELB_URBAN,STREET,6,16.0
65455,6,3,174,2,3,40.0,0,N,MELB_URBAN,STREET,6,9.0
65456,2,6,100,1,3,60.0,0,I,MELB_URBAN,ROAD,6,19.0
65457,2,3,99,5,1,40.0,0,N,MELB_URBAN,ROAD,6,16.0
65458,2,2,102,5,1,60.0,0,N,TOWNS,ROAD,6,16.0
65459,1,1,121,4,3,60.0,0,I,SMALL_CITIES,RAMP,6,18.0
65460,4,3,171,5,1,60.0,0,N,RURAL_VICTORIA,ROAD,6,15.0
65461,6,3,99,5,5,80.0,0,N,RURAL_VICTORIA,ROAD,6,1.0
65462,1,2,130,5,2,50.0,0,N,MELB_URBAN,STREET,6,17.0
65463,1,6,130,5,6,100.0,0,N,MELB_URBAN,FREEWAY,6,5.0
65464,1,3,130,2,3,50.0,0,I,MELB_URBAN,STREET,6,17.0
65465,1,3,110,1,1,50.0,0,I,TOWNS,STREET,6,16.0
65466,1,3,121,2,3,80.0,0,I,MELB_URBAN,ROAD,6,17.0
65467,4,7,181,5,1,80.0,0,N,RURAL_VICTORIA,ROAD,6,16.0
65468,4,3,183,5,1,80.0,0,N,RURAL_VICTORIA,ROAD,6,12.0
65469,1,3,130,5,1,80.0,0,N,MELB_URBAN,ROAD,6,16.0