,accident_type,day_of_week,dca_code,road_geometry,light_condition,speed_zone,severity,node_type,deg_urban_name,road_type,month,hour
65470,1,3,110,1,3,50.0,0,I,MELB_URBAN,STREET,6,19.0
65471,1,3,113,2,1,50.0,0,I,MELB_URBAN,STREET,6,15.0
65472,4,2,171,5,5,80.0,0,N,RURAL_VICTORIA,ROAD,6,19.0
65473,6,2,174,5,1,60.0,0,N,SMALL_TOWNS,ROAD,4,16.0
65474,2,4,102,2,5,50.0,0,I,MELB_URBAN,DRIVE,6,20.0
65475,1,2,130,5,3,100.0,0,N,MELB_URBAN,FREEWAY,6,5.0
65476,1,3,160,2,3,60.0,0,I,MELB_URBAN,ROAD,6,21.0
65477,1,3,110,1,3,50.0,0,I,LARGE_PROVINCIAL_CITIES,STREET,6,21.0
65478,4,3,173,5,3,100.0,0,N,RURAL_VICTORIA,ROAD,6,20.0
65479,1,3,121,1,3,60.0,0,I,MELB_URBAN,STREET,6,19.0
65480,1,3,120,5,1,50.0,0,N,MELB_URBAN,STREET,6,16.0
65481,1,7,121,2,1,60.0,0,I,MELB_URBAN,STREET,5,14.0
65482,1,4,130,2,3,70.0,0,I,MELB_URBAN,ROAD,6,0.0
65483,2,3,100,1,3,60.0,0,I,MELB_URBAN,ROAD,6,21.0
65484,1,4,121,2,9,60.0,0,I,MELB_URBAN,ROAD,6,16.0
65485,4,4,171,5,3,50.0,0,N,MELB_URBAN,AVENUE,6,0.0
65486,4,3,183,5,5,80.0,0,N,RURAL_VICTORIA,ROAD,6,5.0
65487,1,4,110,1,1,50.0,0,I,SMALL_CITIES,STREET,6,7.0
65488,1,4,173,5,1,80.0,0,N,MELB_URBAN,HIGHWAY,6,7.0
65489,4,3,171,5,2,80.0,0,N,MELB_URBAN,ROAD,6,6.0
65490,6,6,174,2,1,50.0,0,I,LARGE_PROVINCIAL_CITIES,STREET,4,14.0
65491,1,4,110,1,1,60.0,0,I,MELB_URBAN,ROAD,6,8.0
65492,2,4,99,2,1,40.0,0,N,MELB_URBAN,ROAD,6,9.0
65493,1,4,113,1,1,50.0,0,I,MELB_URBAN,ROAD,6,9.0
65494,1,4,110,1,1,50.0,0,I,MELB_URBAN,DRIVE,6,10.0
65495,2,4,100,1,1,60.0,0,I,MELB_URBAN,STREET,6,10.0
65496,1,4,99,2,1,50.0,0,I,MELB_URBAN,ROAD,6,10.0
65497,1,5,130,1,1,60.0,0,I,LARGE_PROVINCIAL_CITIES,STREET,4,16.0
65498,2,4,99,5,1,60.0,0,N,SMALL_TOWNS,STREET,6,7.0
65499,1,3,130,1,1,60.0,0,I,MELB_URBAN,ROAD,6,18.0
65500,1,4,99,2,1,40.0,0,I,MELB_URBAN,ROAD,6,8.0
65501,6,1,174,5,3,60.0,0,N,MELB_URBAN,STREET,5,19.0
65502,8,3,170,5,1,70.0,0,N,MELB_URBAN,ROAD,6,14.0
65503,1,4,147,5,1,60.0,0,N,MELB_URBAN,DRIVE,6,12.0
65504,6,7,174,1,1,60.0,0,I,MELB_URBAN,STREET,6,8.0
65505,1,1,110,1,3,60.0,0,I,RURAL_VICTORIA,DRIVE,6,19.0
65506,1,4,121,1,1,50.0,0,I,MELB_URBAN,ROAD,6,13.0
65507,1,3,130,1,9,50.0,0,I,MELB_URBAN,ROAD,5,11.0
65508,1,4,130,2,1,50.0,0,I,MELB_URBAN,STREET,6,8.0
65509,1,4,120,5,1,60.0,0,N,MELB_URBAN,UNKNOWN,6,14.0
65510,1,4,99,5,2,50.0,0,N,LARGE_PROVINCIAL_CITIES,STREET,6,17.0
65511,1,4,113,1,1,60.0,0,I,MELB_URBAN,ROAD,6,14.0
65512,1,4,140,2,3,80.0,0,I,MELB_URBAN,ROAD,6,17.0
65513,4,4,183,5,5,80.0,0,N,RURAL_VICTORIA,ROAD,6,18.0
65514,1,4,120,5,1,80.0,0,N,MELB_URBAN,ROAD,6,16.0
65515,1,4,113,2,3,60.0,0,I,MELB_URBAN,ROAD,6,19.0
65516,2,4,100,5,3,60.0,0,N,MELB_URBAN,ROAD,6,19.0
65517,2,4,100,2,3,60.0,0,I,MELB_URBAN,ROAD,6,19.0
65518,1,3,160,5,3,50.0,0,N,LARGE_PROVINCIAL_CITIES,STREET,6,18.0
65519,1,3,120,5,3,60.0,0,N,MELB_URBAN,ROAD,6,21.0
65520,1,4,99,2,3,70.0,1,I,MELB_URBAN,ROAD,6,17.0
65521,1,4,116,2,3,50.0,0,I,MELB_URBAN,ROAD,6,17.0
65522,4,7,99,5,1,100.0,0,N,RURAL_VICTORIA,ROAD,5,15.0
65523,1,2,133,5,5,80.0,0,N,MELB_URBAN,HIGHWAY,6,6.0
65524,1,6,130,5,6,80.0,0,N,MELB_URBAN,ROAD,6,21.0
65525,1,4,99,5,1,80.0,0,N,MELB_URBAN,ROAD,6,8.0
65526,1,5,110,1,2,60.0,0,I,LARGE_PROVINCIAL_CITIES,ROAD,6,7.0
65527,1,4,134,5,1,80.0,0,N,MELB_URBAN,ROAD,6,16.0
65528,1,4,130,5,3,60.0,0,N,MELB_URBAN,ROAD,6,18.0
65529,1,5,140,5,1,60.0,0,N,MELB_URBAN,ROAD,6,8.0
65530,6,3,170,5,5,50.0,0,N,MELB_URBAN,STREET,6,19.0
65531,1,7,130,5,1,80.0,0,N,MELB_URBAN,FREEWAY,6,12.0
65532,2,5,99,5,1,40.0,0,N,MELB_URBAN,STREET,6,10.0
65533,1,5,132,2,1,50.0,0,I,MELB_URBAN,STREET,6,11.0
65534,1,4,113,2,1,60.0,0,I,MELB_URBAN,STREET,6,8.0
65535,1,5,121,1,1,70.0,0,N,MELB_URBAN,ROAD,6,11.0
65536,1,4,120,5,3,50.0,0,N,LARGE_PROVINCIAL_CITIES,ROAD,6,21.0
65537,2,5,134,5,1,80.0,0,N,MELB_URBAN,HIGHWAY,6,15.0
65538,1,3,110,1,5,60.0,0,I,MELB_URBAN,DRIVE,4,19.0
65539,1,5,99,1,1,50.0,0,I,MELB_URBAN,STREET,6,12.0
65540,1,5,163,5,1,60.0,0,N,MELB_URBAN,ROAD,6,9.0
65541,6,5,184,5,1,60.0,0,N,RURAL_VICTORIA,ROAD,6,14.0
65542,1,4,160,5,3,60.0,0,N,TOWNS,STREET,6,21.0
65543,4,1,171,5,5,80.0,0,N,RURAL_VICTORIA,ROAD,6,6.0
65544,4,5,171,4,1,60.0,0,I,MELB_URBAN,RAMP,6,13.0
65545,1,4,135,5,1,100.0,0,N,MELB_URBAN,FREEWAY,6,13.0
65546,1,5,99,5,1,50.0,0,N,MELB_URBAN,AVENUE,6,13.0
65547,1,5,99,5,1,50.0,0,N,TOWNS,STREET,6,12.0
65548,1,4,99,1,1,50.0,0,I,MELB_URBAN,STREET,6,7.0
65549,1,5,110,1,2,60.0,0,I,MELB_URBAN,ROAD,6,16.0
65550,1,5,110,1,4,60.0,0,I,MELB_URBAN,ROAD,6,17.0
65551,1,5,133,1,1,80.0,0,N,MELB_URBAN,ROAD,6,16.0
65552,1,5,121,1,3,50.0,0,I,LARGE_PROVINCIAL_CITIES,STREET,6,17.0
65553,1,4,130,1,1,80.0,0,I,MELB_URBAN,HIGHWAY,6,14.0
65554,4,5,173,2,3,80.0,0,N,MELB_URBAN,ROAD,6,17.0
65555,2,5,100,1,3,50.0,0,I,TOWNS,STREET,6,17.0
65556,1,5,140,5,3,60.0,0,N,SMALL_CITIES,STREET,6,18.0
65557,1,5,134,5,3,100.0,0,N,MELB_URBAN,FREEWAY,6,17.0
65558,1,5,130,5,3,60.0,0,N,MELB_URBAN,ROAD,6,20.0
65559,2,5,100,5,3,60.0,0,N,LARGE_PROVINCIAL_CITIES,STREET,6,18.0
65560,2,5,100,1,3,60.0,0,I,MELB_URBAN,STREET,6,17.0
65561,1,6,130,5,1,80.0,0,N,MELB_URBAN,HIGHWAY,6,15.0
65562,1,4,120,5,5,80.0,0,N,RURAL_VICTORIA,HIGHWAY,6,18.0
65563,1,4,121,1,3,60.0,0,I,MELB_URBAN,ROAD,6,18.0
65564,1,5,99,1,1,60.0,0,I,MELB_URBAN,STREET,6,18.0
65565,2,5,102,1,3,60.0,0,I,MELB_URBAN,AVENUE,6,21.0
65566,1,5,130,5,1,50.0,1,N,MELB_URBAN,STREET,6,15.0
65567,2,5,100,1,3,50.0,0,I,MELBOURNE_CBD,STREET,6,19.0
65568,2,5,102,1,3,80.0,0,I,MELB_URBAN,ROAD,6,20.0
65569,2,4,102,5,3,60.0,0,N,MELB_URBAN,ROAD,6,17.0
65570,1,5,110,1,3,50.0,0,I,MELB_URBAN,ROAD,6,21.0
65571,6,5,99,5,5,100.0,0,N,RURAL_VICTORIA,ROAD,6,23.0
65572,4,6,183,5,3,80.0,0,N,MELB_URBAN,HIGHWAY,6,2.0
65573,6,4,174,1,3,70.0,0,I,MELB_URBAN,ROAD,6,23.0
65574,4,5,183,1,1,100.0,0,I,RURAL_VICTORIA,HIGHWAY,6,7.0
65575,1,4,110,1,3,60.0,0,I,MELB_URBAN,STREET,6,20.0
65576,1,5,130,2,1,80.0,0,N,MELB_URBAN,ROAD,6,15.0
65577,1,5,135,5,3,100.0,0,N,MELB_URBAN,ROAD,6,6.0
65578,8,6,174,5,1,40.0,0,N,MELBOURNE_CBD,STREET,6,9.0
65579,1,2,120,5,1,100.0,0,N,TOWNS,HIGHWAY,6,9.0
65580,1,2,160,5,1,60.0,0,N,MELB_URBAN,ROAD,11,9.0
65581,4,6,99,5,1,60.0,0,N,MELB_URBAN,STREET,6,9.0
65582,1,0,130,1,9,60.0,0,I,MELB_URBAN,STREET,4,20.0
65583,8,5,174,1,1,70.0,0,I,MELB_URBAN,ROAD,6,12.0
65584,1,6,140,5,1,50.0,0,N,LARGE_PROVINCIAL_CITIES,STREET,6,12.0
65585,1,4,99,2,9,40.0,0,I,MELB_URBAN,STREET,6,16.0
65586,1,5,130,5,1,60.0,0,N,MELB_URBAN,HIGHWAY,6,9.0
65587,1,6,120,2,1,60.0,0,N,MELB_URBAN,ROAD,6,13.0
65588,6,6,174,2,1,60.0,0,I,MELB_URBAN,ROAD,10,11.0
65589,1,6,110,1,1,60.0,0,I,MELB_URBAN,STREET,6,9.0
65590,1,6,130,1,1,60.0,0,I,MELB_URBAN,ROAD,6,12.0
65591,6,6,184,5,1,60.0,0,N,RURAL_VICTORIA,ROAD,6,12.0
65592,6,6,170,5,1,100.0,0,N,RURAL_VICTORIA,ROAD,6,11.0
65593,1,6,130,5,1,80.0,0,N,MELB_URBAN,ROAD,6,13.0
65594,1,6,121,1,1,40.0,0,I,MELB_URBAN,ROAD,6,15.0
65595,1,2,133,5,1,80.0,0,N,MELB_URBAN,HIGHWAY,2,18.0
65596,1,6,135,5,1,50.0,0,N,MELB_URBAN,OTHER,6,14.0
65597,1,5,110,1,2,60.0,0,I,SMALL_CITIES,STREET,6,17.0
65598,1,6,130,2,2,80.0,0,I,MELB_URBAN,ROAD,6,17.0
65599,1,6,110,1,1,50.0,0,I,MELB_URBAN,STREET,6,13.0
65600,8,7,170,2,9,50.0,0,I,MELB_URBAN,ROAD,3,16.0
65601,1,5,121,2,1,60.0,0,I,MELB_URBAN,ROAD,5,11.0
65602,1,5,130,1,3,80.0,0,N,MELB_URBAN,HIGHWAY,6,17.0
65603,4,6,181,5,3,100.0,0,N,RURAL_VICTORIA,HIGHWAY,6,18.0
65604,1,5,130,5,9,60.0,0,I,MELB_URBAN,ROAD,6,19.0
65605,2,6,100,2,5,50.0,0,I,SMALL_CITIES,STREET,6,19.0
65606,1,5,110,1,3,50.0,0,I,MELB_URBAN,STREET,6,17.0
65607,1,6,130,5,3,100.0,0,N,MELB_URBAN,FREEWAY,6,20.0
65608,1,6,110,1,3,40.0,0,I,MELB_URBAN,STREET,6,21.0
65609,4,6,173,5,1,70.0,0,N,MELB_URBAN,ROAD,6,16.0
65610,4,7,171,5,3,60.0,0,N,SMALL_CITIES,STREET,6,1.0
65611,4,6,173,2,5,80.0,0,N,RURAL_VICTORIA,ROAD,6,5.0
65612,4,7,171,5,5,60.0,0,N,LARGE_PROVINCIAL_CITIES,ROAD,6,0.0
65613,1,7,113,4,3,80.0,0,I,MELB_URBAN,FREEWAY,6,6.0
65614,1,1,130,5,1,80.0,0,N,MELB_URBAN,STREET,2,16.0
65615,6,4,99,5,1,100.0,0,N,RURAL_VICTORIA,HIGHWAY,6,13.0
65616,1,6,99,5,9,110.0,0,N,RURAL_VICTORIA,FREEWAY,6,8.0
65617,1,7,116,2,1,70.0,0,N,MELB_URBAN,ROAD,6,9.0
65618,6,7,184,5,1,70.0,0,N,MELB_URBAN,RAMP,6,8.0
65619,1,4,130,5,1,50.0,0,N,MELB_URBAN,ROAD,3,16.0
65620,1,5,163,5,3,50.0,0,N,MELB_URBAN,STREET,6,18.0
65621,1,5,121,2,3,60.0,0,I,SMALL_CITIES,HIGHWAY,6,21.0
65622,4,6,171,2,3,50.0,0,I,TOWNS,STREET,6,23.0
65623,1,7,120,2,1,60.0,0,I,MELB_URBAN,STREET,6,11.0
65624,4,7,171,5,1,100.0,1,N,RURAL_VICTORIA,HIGHWAY,6,7.0
65625,4,7,181,5,1,80.0,0,N,LARGE_PROVINCIAL_CITIES,HIGHWAY,6,8.0
65626,1,6,130,5,1,80.0,0,N,MELB_URBAN,ROAD,6,13.0
65627,1,6,121,1,1,60.0,0,I,MELB_URBAN,ROAD,6,11.0
65628,6,7,170,5,1,100.0,0,N,RURAL_VICTORIA,DRIVE,6,8.0
65629,4,6,171,5,1,100.0,0,N,MELB_URBAN,FREEWAY,6,10.0
65630,1,7,116,2,1,60.0,0,I,MELB_URBAN,HIGHWAY,6,12.0
65631,1,7,99,5,1,80.0,0,N,RURAL_VICTORIA,ROAD,6,13.0
65632,6,7,170,5,1,80.0,0,N,MELB_URBAN,ROAD,6,10.0
65633,1,7,130,5,1,60.0,0,N,MELB_URBAN,ROAD,6,8.0
65634,1,7,130,5,1,40.0,0,N,RURAL_VICTORIA,ROAD,6,13.0
65635,4,4,171,5,6,50.0,0,N,MELB_URBAN,AVENUE,6,23.0
65636,6,7,184,5,1,100.0,0,N,RURAL_VICTORIA,OTHER,6,11.0
65637,4,2,171,5,6,80.0,0,N,RURAL_VICTORIA,ROAD,6,1.0
65638,1,7,133,5,1,60.0,0,N,MELB_URBAN,ROAD,6,15.0
65639,1,7,140,5,3,80.0,0,N,MELB_URBAN,ROAD,6,17.0
65640,1,7,120,5,1,100.0,1,N,RURAL_VICTORIA,ROAD,6,15.0
65641,4,7,181,5,1,100.0,0,N,RURAL_VICTORIA,HIGHWAY,6,15.0
65642,4,7,173,5,3,60.0,0,N,TOWNS,STREET,6,19.0
65643,1,7,121,1,1,80.0,0,I,MELB_URBAN,ROAD,6,15.0
65644,1,7,130,5,3,70.0,0,N,MELB_URBAN,AVENUE,6,21.0
65645,1,6,110,1,3,60.0,0,I,MELB_URBAN,HIGHWAY,6,22.0
65646,4,7,171,5,5,60.0,0,N,LARGE_PROVINCIAL_CITIES,STREET,6,4.0
65647,1,7,110,1,3,60.0,0,I,TOWNS,STREET,6,23.0
65648,1,7,160,5,3,60.0,0,N,MELB_URBAN,ROAD,6,23.0
65649,2,1,99,5,3,60.0,0,N,MELB_URBAN,STREET,6,5.0
65650,1,1,130,5,5,80.0,0,N,MELB_URBAN,ROAD,6,2.0
65651,4,1,181,5,5,80.0,0,N,RURAL_VICTORIA,ROAD,6,5.0
65652,4,1,173,1,5,100.0,0,I,RURAL_VICTORIA,ROAD,6,1.0
65653,4,1,181,5,5,100.0,0,N,RURAL_VICTORIA,ROAD,6,2.0
65654,1,1,160,5,3,50.0,0,N,MELB_URBAN,ROAD,6,5.0
65655,1,1,120,5,3,60.0,0,N,MELB_URBAN,STREET,6,6.0
65656,1,4,113,2,1,80.0,0,N,RURAL_VICTORIA,ROAD,5,10.0
65657,1,0,111,2,1,80.0,0,I,MELB_URBAN,ROAD,6,10.0
65658,1,1,110,1,1,60.0,0,I,LARGE_PROVINCIAL_CITIES,STREET,6,9.0
65659,1,1,135,2,3,60.0,0,N,MELB_URBAN,ROAD,6,6.0
65660,1,3,113,2,2,100.0,0,I,RURAL_VICTORIA,ROAD,4,6.0
65661,1,0,120,5,1,100.0,0,N,RURAL_VICTORIA,HIGHWAY,6,11.0
65662,1,5,130,5,9,60.0,0,N,SMALL_CITIES,ROAD,10,8.0
65663,1,5,130,5,3,60.0,0,N,MELB_URBAN,ROAD,6,18.0
65664,7,5,99,1,3,40.0,0,I,MELBOURNE_CBD,STREET,6,23.0
65665,1,1,130,1,1,60.0,0,I,MELB_URBAN,STREET,6,13.0
65666,1,1,147,5,1,80.0,0,N,MELB_URBAN,ROAD,6,12.0
65667,6,1,174,5,1,60.0,0,N,RURAL_VICTORIA,UNKNOWN,6,13.0
65668,7,1,99,1,3,60.0,0,I,TOWNS,AVENUE,6,2.0
65669,1,1,130,5,1,60.0,0,N,MELB_URBAN,ROAD,6,14.0
65670,1,1,99,9,1,60.0,0,N,MELB_URBAN,ROAD,6,15.0
65671,1,6,121,1,3,80.0,0,I,MELB_URBAN,ROAD,6,18.0
65672,4,1,173,2,1,60.0,0,I,MELB_URBAN,ROAD,6,15.0
65673,1,1,130,5,3,60.0,0,N,MELB_URBAN,STREET,6,17.0
65674,1,7,130,5,1,60.0,0,N,MELB_URBAN,ROAD,6,10.0
65675,1,4,121,1,3,60.0,0,I,MELB_URBAN,ROAD,6,21.0
65676,4,1,173,5,1,100.0,0,N,RURAL_VICTORIA,ROAD,6,15.0
65677,4,1,173,5,3,60.0,0,N,MELB_URBAN,PARADE,6,18.0
65678,3,6,167,5,5,80.0,0,N,RURAL_VICTORIA,OTHER,4,23.0
65679,4,1,171,5,3,100.0,0,N,RURAL_VICTORIA,ROAD,6,19.0
65680,1,0,110,1,3,60.0,0,I,MELB_URBAN,RAMP,6,20.0
65681,4,1,173,2,3,50.0,0,I,MELB_URBAN,STREET,6,21.0
65682,1,6,113,2,1,60.0,0,I,MELB_URBAN,ROAD,6,8.0
65683,4,1,171,5,3,50.0,0,N,MELB_URBAN,ROAD,6,23.0
65684,4,2,173,2,3,60.0,0,I,MELB_URBAN,ROAD,6,0.0
65685,1,5,160,5,3,60.0,0,N,MELB_URBAN,OTHER,6,19.0
65686,1,2,130,1,4,60.0,0,N,MELB_URBAN,ROAD,6,2.0
65687,3,2,167,5,5,80.0,0,N,MELB_URBAN,ROAD,6,5.0
65688,4,4,171,5,1,60.0,0,N,MELB_URBAN,DRIVE,5,9.0
65689,2,3,99,5,5,60.0,0,N,RURAL_VICTORIA,ROAD,6,18.0
65690,2,2,100,5,1,40.0,0,N,MELBOURNE_CBD,STREET,6,7.0
65691,1,6,113,4,1,80.0,0,I,MELB_URBAN,RAMP,6,16.0
65692,4,2,173,5,1,100.0,0,N,RURAL_VICTORIA,ROAD,6,8.0
65693,1,2,121,5,1,80.0,0,N,MELB_URBAN,ROAD,6,10.0
65694,4,7,171,5,3,50.0,0,N,MELB_URBAN,STREET,6,23.0
65695,1,3,130,1,1,80.0,0,I,MELB_URBAN,OTHER,6,14.0
65696,1,2,140,5,1,60.0,0,N,TOWNS,HIGHWAY,6,8.0
65697,8,2,184,5,3,60.0,0,N,MELB_URBAN,ROAD,6,22.0
65698,1,2,110,1,1,60.0,0,I,MELB_URBAN,HIGHWAY,6,11.0
65699,8,7,99,5,1,60.0,0,N,RURAL_VICTORIA,ROAD,6,15.0
65700,1,1,134,5,1,100.0,0,N,MELB_URBAN,FREEWAY,6,8.0
65701,1,2,130,5,1,60.0,0,N,MELB_URBAN,ROAD,6,8.0
65702,1,2,130,5,1,60.0,0,N,SMALL_CITIES,ROAD,6,11.0
65703,1,4,113,2,3,60.0,0,I,MELB_URBAN,ROAD,5,17.0
65704,1,2,120,5,3,50.0,0,N,MELB_URBAN,AVENUE,6,19.0
65705,4,2,171,5,1,60.0,0,N,MELB_URBAN,ROAD,6,12.0
65706,3,1,167,5,1,80.0,0,N,RURAL_VICTORIA,ROAD,6,14.0
65707,1,2,130,5,1,100.0,0,N,SMALL_TOWNS,FREEWAY,6,9.0
65708,1,6,130,5,1,80.0,0,N,RURAL_VICTORIA,ROAD,5,7.0
65709,4,2,181,5,1,110.0,0,N,RURAL_VICTORIA,FREEWAY,6,15.0
65710,1,6,130,4,3,80.0,0,I,MELB_URBAN,OTHER,5,19.0
65711,4,4,171,1,9,60.0,0,I,MELB_URBAN,RAMP,10,11.0
65712,1,2,110,1,1,60.0,0,I,MELB_URBAN,ROAD,6,14.0
65713,8,0,99,2,5,100.0,0,I,RURAL_VICTORIA,ROAD,6,21.0
65714,1,2,121,2,2,60.0,0,I,MELB_URBAN,AVENUE,6,17.0
65715,6,2,99,5,1,110.0,1,N,RURAL_VICTORIA,HIGHWAY,6,8.0
65716,4,1,173,5,1,80.0,0,N,MELB_URBAN,ROAD,6,16.0
65717,1,2,130,5,1,60.0,0,N,MELB_URBAN,ROAD,6,12.0
65718,8,1,174,1,9,60.0,0,I,RURAL_VICTORIA,STREET,6,12.0
65719,6,0,184,5,1,60.0,0,N,RURAL_VICTORIA,ROAD,6,14.0
65720,1,3,130,1,1,60.0,0,I,TOWNS,ROAD,5,8.0
65721,4,5,183,1,6,100.0,0,I,RURAL_VICTORIA,ROAD,6,19.0
65722,8,7,99,5,1,50.0,0,N,MELB_URBAN,ROAD,6,11.0
65723,4,2,183,5,1,60.0,0,N,RURAL_VICTORIA,ROAD,6,11.0
65724,4,2,173,2,3,50.0,0,I,MELB_URBAN,STREET,6,18.0
65725,1,2,130,5,3,80.0,0,N,MELB_URBAN,ROAD,6,18.0
65726,1,2,113,2,3,50.0,0,I,SMALL_CITIES,DRIVE,6,18.0
65727,1,2,160,5,6,50.0,0,N,MELB_URBAN,STREET,6,17.0
65728,4,2,183,5,2,90.0,1,N,RURAL_VICTORIA,ROAD,6,17.0
65729,4,2,99,2,3,50.0,0,I,MELB_URBAN,ROAD,6,22.0
65730,2,3,99,5,5,100.0,1,N,MELB_URBAN,ROAD,6,0.0
65731,1,2,99,5,2,50.0,0,N,SMALL_CITIES,STREET,6,5.0
65732,6,2,174,5,1,60.0,0,N,MELB_URBAN,ROAD,6,8.0
65733,1,3,130,5,1,100.0,0,N,MELB_URBAN,ROAD,6,7.0
65734,1,3,121,2,1,70.0,0,I,MELB_URBAN,ROAD,6,7.0
65735,1,3,110,1,1,80.0,0,I,RURAL_VICTORIA,ROAD,6,9.0
65736,1,6,130,1,3,60.0,0,I,MELB_URBAN,ROAD,5,19.0
65737,4,3,181,5,5,100.0,0,N,RURAL_VICTORIA,HIGHWAY,6,5.0
65738,2,3,100,1,3,80.0,0,I,MELB_URBAN,ROAD,6,6.0
65739,1,3,130,5,1,60.0,0,N,LARGE_PROVINCIAL_CITIES,AVENUE,6,9.0
65740,1,2,135,5,3,60.0,0,N,MELB_URBAN,ROAD,6,6.0
65741,1,3,121,2,1,80.0,0,I,MELB_URBAN,HIGHWAY,6,7.0
65742,1,3,140,5,1,100.0,0,N,RURAL_VICTORIA,ROAD,6,8.0
65743,1,5,99,1,1,40.0,0,I,MELB_URBAN,HIGHWAY,1,12.0
65744,1,7,130,2,1,60.0,0,N,MELB_URBAN,HIGHWAY,6,10.0
65745,1,3,99,5,1,70.0,0,N,MELB_URBAN,ROAD,6,12.0
65746,6,2,174,1,3,50.0,0,I,MELB_URBAN,ROAD,6,18.0
65747,1,3,160,5,1,60.0,0,N,MELB_URBAN,ROAD,6,12.0
65748,1,3,110,1,1,50.0,0,I,MELB_URBAN,STREET,6,13.0
65749,4,2,171,2,2,50.0,0,I,MELB_URBAN,AVENUE,6,8.0
65750,1,7,140,5,9,60.0,0,N,MELB_URBAN,ROAD,1,18.0
65751,1,3,147,5,1,60.0,0,N,MELB_URBAN,ROAD,6,16.0
65752,1,5,130,5,3,80.0,0,N,MELB_URBAN,HIGHWAY,6,18.0
65753,1,5,130,2,1,60.0,0,N,MELB_URBAN,STREET,4,13.0
65754,1,2,130,1,1,60.0,0,I,MELB_URBAN,ROAD,6,8.0
65755,1,7,130,1,6,80.0,0,I,MELB_URBAN,ROAD,6,2.0
65756,1,2,110,1,2,100.0,0,I,RURAL_VICTORIA,ROAD,6,17.0
65757,1,3,121,1,1,70.0,0,I,LARGE_PROVINCIAL_CITIES,OTHER,6,13.0
65758,8,6,170,4,9,60.0,0,N,MELB_URBAN,STREET,6,22.0
65759,6,7,184,5,1,60.0,0,N,RURAL_VICTORIA,ROAD,6,15.0
65760,1,4,130,2,9,60.0,0,I,MELB_URBAN,ROAD,6,10.0
65761,1,3,99,2,3,60.0,0,N,MELB_URBAN,ROAD,6,19.0
65762,2,3,100,1,3,50.0,0,I,MELB_URBAN,STREET,6,18.0
65763,1,2,140,5,1,60.0,1,N,SMALL_CITIES,ROAD,6,12.0
65764,1,3,147,5,3,50.0,0,N,MELB_URBAN,STREET,6,18.0
65765,4,3,171,1,3,50.0,0,I,MELB_URBAN,AVENUE,6,23.0
65766,1,4,121,1,3,40.0,0,I,MELBOURNE_CBD,OTHER,6,18.0
65767,1,3,135,5,1,40.0,0,N,MELB_URBAN,ROAD,3,12.0
65768,1,4,121,1,3,60.0,0,I,MELB_URBAN,ROAD,6,6.0
65769,1,6,121,1,3,60.0,0,I,LARGE_PROVINCIAL_CITIES,STREET,6,17.0
65770,4,4,183,5,3,100.0,0,N,LARGE_PROVINCIAL_CITIES,HIGHWAY,6,6.0
65771,1,4,133,5,1,80.0,0,N,MELB_URBAN,HIGHWAY,6,8.0
65772,1,0,121,1,1,60.0,0,I,MELB_URBAN,ROAD,6,12.0
65773,1,5,130,4,1,70.0,0,I,MELB_URBAN,STREET,6,14.0
65774,1,4,147,5,1,60.0,0,N,MELB_URBAN,ROAD,6,9.0
65775,1,4,130,5,1,80.0,0,N,MELB_URBAN,UNKNOWN,6,10.0
65776,4,3,181,5,6,70.0,0,N,RURAL_VICTORIA,ROAD,6,22.0
65777,1,4,110,1,1,60.0,0,I,MELB_URBAN,ROAD,6,11.0
65778,1,6,160,5,3,60.0,0,N,LARGE_PROVINCIAL_CITIES,ROAD,6,5.0
65779,1,4,147,2,1,60.0,0,I,MELB_URBAN,AVENUE,6,12.0
65780,4,3,181,5,5,100.0,0,N,RURAL_VICTORIA,ROAD,6,20.0
65781,1,6,130,2,1,60.0,0,I,RURAL_VICTORIA,ROAD,3,17.0
65782,1,4,121,2,1,50.0,0,I,MELB_URBAN,DRIVE,6,13.0
65783,4,5,183,5,1,50.0,0,N,SMALL_TOWNS,STREET,6,13.0
65784,1,4,113,2,1,50.0,0,I,MELB_URBAN,HIGHWAY,6,14.0
65785,6,3,184,5,1,100.0,0,N,RURAL_VICTORIA,ROAD,6,13.0
65786,1,3,113,2,1,70.0,0,I,MELB_URBAN,ROAD,6,8.0
65787,1,2,130,1,1,60.0,0,I,MELB_URBAN,ROAD,5,10.0
65788,4,4,99,2,1,50.0,0,I,MELB_URBAN,ROAD,6,14.0
65789,1,4,140,5,1,80.0,0,N,MELB_URBAN,ROAD,6,11.0
65790,2,4,102,5,1,50.0,0,N,LARGE_PROVINCIAL_CITIES,STREET,6,11.0
65791,1,3,121,2,6,60.0,0,I,RURAL_VICTORIA,ROAD,6,17.0
65792,2,4,100,1,1,70.0,0,I,MELB_URBAN,ROAD,6,12.0
65793,1,4,130,1,1,60.0,0,I,MELB_URBAN,STREET,6,15.0
65794,6,0,184,5,1,60.0,0,N,RURAL_VICTORIA,ROAD,6,15.0
65795,3,6,167,5,5,100.0,0,N,RURAL_VICTORIA,ROAD,4,18.0
65796,1,4,130,5,5,100.0,0,N,RURAL_VICTORIA,HIGHWAY,6,17.0
65797,1,4,113,2,1,100.0,0,I,RURAL_VICTORIA,ROAD,6,15.0
65798,1,3,130,5,1,100.0,0,N,MELB_URBAN,FREEWAY,6,16.0
65799,1,4,113,2,2,70.0,0,I,MELB_URBAN,ROAD,6,17.0
65800,1,1,147,5,1,60.0,0,N,MELB_URBAN,STREET,6,10.0
65801,6,7,184,5,1,60.0,0,N,RURAL_VICTORIA,ROAD,6,15.0
65802,1,4,111,4,2,50.0,0,I,SMALL_CITIES,STREET,6,18.0