,accident_type,day_of_week,dca_code,road_geometry,light_condition,speed_zone,severity,node_type,deg_urban_name,road_type,month,hour
65803,1,4,113,2,3,70.0,0,I,MELB_URBAN,ROAD,6,19.0
65804,4,4,183,5,5,100.0,0,N,RURAL_VICTORIA,ROAD,6,19.0
65805,1,3,121,4,3,70.0,0,I,MELB_URBAN,RAMP,6,20.0
65806,1,4,160,5,1,50.0,0,N,LARGE_PROVINCIAL_CITIES,STREET,6,16.0
65807,1,5,121,2,3,70.0,0,I,MELB_URBAN,ROAD,6,22.0
65808,1,4,147,5,3,80.0,0,I,MELB_URBAN,HIGHWAY,6,23.0
65809,1,3,121,2,1,60.0,0,I,MELB_URBAN,ROAD,6,8.0
65810,1,2,134,5,1,50.0,0,N,MELB_URBAN,ROAD,6,8.0
65811,1,0,130,2,1,80.0,0,I,RURAL_VICTORIA,HIGHWAY,10,13.0
65812,2,5,102,1,3,40.0,0,I,MELB_URBAN,STREET,6,7.0
65813,1,5,135,5,9,60.0,0,N,MELB_URBAN,PARADE,6,9.0
65814,4,4,173,5,5,100.0,0,N,RURAL_VICTORIA,ROAD,6,19.0
65815,1,4,147,2,3,60.0,0,I,LARGE_PROVINCIAL_CITIES,ROAD,6,6.0
65816,2,4,99,5,1,40.0,0,N,MELBOURNE_CBD,OTHER,6,9.0
65817,1,2,121,2,1,50.0,0,I,MELB_URBAN,STREET,6,15.0
65818,1,4,130,5,1,80.0,0,N,MELB_URBAN,ROAD,5,13.0
65819,1,7,113,4,3,60.0,0,I,MELB_URBAN,ROAD,6,18.0
65820,1,4,130,5,1,60.0,0,N,LARGE_PROVINCIAL_CITIES,AVENUE,6,12.0
65821,2,5,102,5,1,60.0,0,N,TOWNS,STREET,6,12.0
65822,1,5,140,5,9,70.0,0,N,MELB_URBAN,ROAD,6,10.0
65823,1,5,110,1,1,50.0,0,I,MELB_URBAN,STREET,6,11.0
65824,8,0,170,5,1,100.0,0,N,RURAL_VICTORIA,ROAD,6,11.0
65825,1,3,130,5,1,100.0,0,N,MELB_URBAN,ROAD,6,7.0
65826,2,5,102,2,2,40.0,0,N,MELB_URBAN,STREET,6,16.0
65827,1,4,113,1,2,80.0,0,I,RURAL_VICTORIA,HIGHWAY,6,17.0
65828,8,4,174,1,3,40.0,0,I,MELB_URBAN,STREET,6,19.0
65829,1,5,130,1,1,60.0,0,I,SMALL_CITIES,STREET,6,14.0
65830,1,5,110,1,1,80.0,0,I,RURAL_VICTORIA,ROAD,6,15.0
65831,1,5,130,1,1,60.0,0,N,MELB_URBAN,ROAD,6,15.0
65832,4,5,171,5,3,80.0,0,N,MELB_URBAN,ROAD,6,19.0
65833,1,5,120,5,5,80.0,0,N,RURAL_VICTORIA,HIGHWAY,6,21.0
65834,1,6,160,5,3,60.0,0,N,SMALL_CITIES,STREET,7,0.0
65835,4,2,181,5,3,80.0,0,N,MELB_URBAN,FREEWAY,5,2.0
65836,1,6,110,1,3,80.0,0,I,MELB_URBAN,ROAD,7,1.0
65837,8,5,99,5,1,50.0,0,N,MELB_URBAN,STREET,6,14.0
65838,1,4,121,1,1,60.0,0,I,MELB_URBAN,ROAD,6,11.0
65839,5,4,99,5,5,100.0,0,N,RURAL_VICTORIA,ROAD,6,20.0
65840,6,6,174,5,1,60.0,0,N,MELB_URBAN,STREET,7,8.0
65841,2,6,102,1,3,60.0,0,I,MELB_URBAN,ROAD,7,6.0
65842,2,5,100,1,3,60.0,0,N,LARGE_PROVINCIAL_CITIES,STREET,6,19.0
65843,1,6,130,1,1,100.0,0,I,RURAL_VICTORIA,ROAD,7,8.0
65844,1,6,99,1,1,60.0,0,I,LARGE_PROVINCIAL_CITIES,STREET,5,14.0
65845,1,5,133,5,1,40.0,0,N,MELB_URBAN,ROAD,6,7.0
65846,1,5,111,4,1,80.0,0,I,MELB_URBAN,ROAD,7,9.0
65847,7,3,99,5,1,100.0,0,N,RURAL_VICTORIA,ROAD,6,11.0
65848,1,3,113,1,1,80.0,0,I,MELB_URBAN,HIGHWAY,6,10.0
65849,1,6,110,1,1,100.0,0,I,RURAL_VICTORIA,ROAD,7,10.0
65850,1,1,163,5,1,60.0,0,N,MELB_URBAN,PARADE,6,15.0
65851,1,4,160,5,1,60.0,0,N,MELB_URBAN,ROAD,6,13.0
65852,1,4,132,1,2,60.0,0,I,MELB_URBAN,STREET,10,18.0
65853,1,4,121,5,3,60.0,0,N,MELB_URBAN,STREET,6,18.0
65854,2,5,99,5,1,50.0,0,N,MELB_URBAN,STREET,7,14.0
65855,8,7,99,5,1,80.0,0,N,RURAL_VICTORIA,ROAD,4,12.0
65856,1,6,147,5,1,60.0,0,N,SMALL_CITIES,STREET,7,12.0
65857,3,5,167,5,5,60.0,0,N,RURAL_VICTORIA,ROAD,6,17.0
65858,3,1,167,5,5,100.0,0,N,RURAL_VICTORIA,ROAD,6,4.0
65859,1,4,130,1,3,80.0,0,N,MELB_URBAN,ROAD,4,23.0
65860,1,6,130,1,1,100.0,0,I,RURAL_VICTORIA,ROAD,7,14.0
65861,1,2,110,1,1,60.0,0,I,MELB_URBAN,STREET,5,14.0
65862,5,0,99,5,1,30.0,0,N,RURAL_VICTORIA,ROAD,6,13.0
65863,1,6,121,1,1,60.0,0,I,MELB_URBAN,STREET,7,15.0
65864,1,6,113,2,1,70.0,0,I,SMALL_CITIES,STREET,7,15.0
65865,1,5,121,2,1,60.0,0,N,MELB_URBAN,STREET,7,15.0
65866,1,6,99,5,1,40.0,0,N,MELB_URBAN,STREET,7,16.0
65867,1,7,130,5,1,60.0,0,N,MELB_URBAN,ROAD,4,13.0
65868,1,5,130,1,1,60.0,0,I,LARGE_PROVINCIAL_CITIES,STREET,4,17.0
65869,2,6,99,5,5,50.0,0,N,TOWNS,OTHER,7,0.0
65870,1,6,130,5,3,80.0,0,N,MELB_URBAN,HIGHWAY,7,17.0
65871,2,6,102,1,3,60.0,0,I,MELB_URBAN,ROAD,7,17.0
65872,1,6,121,1,3,60.0,0,I,MELB_URBAN,ROAD,7,19.0
65873,2,6,100,5,3,60.0,0,N,MELB_URBAN,ROAD,7,19.0
65874,4,6,99,2,3,60.0,0,I,MELB_URBAN,ROAD,7,18.0
65875,2,5,102,1,6,60.0,0,I,MELB_URBAN,STREET,6,18.0
65876,1,7,130,5,2,100.0,0,N,MELB_URBAN,FREEWAY,7,5.0
65877,4,7,173,2,3,60.0,0,I,MELB_URBAN,ROAD,7,1.0
65878,2,4,102,2,1,50.0,0,N,MELB_URBAN,STREET,6,15.0
65879,1,1,130,5,1,50.0,0,N,MELB_URBAN,ROAD,5,8.0
65880,1,7,110,1,1,60.0,0,I,MELB_URBAN,STREET,7,8.0
65881,1,4,130,5,2,100.0,0,I,MELB_URBAN,FREEWAY,6,16.0
65882,1,7,130,5,1,80.0,0,N,MELB_URBAN,HIGHWAY,7,12.0
65883,6,7,99,5,4,60.0,1,N,SMALL_CITIES,OTHER,7,0.0
65884,2,7,99,2,1,60.0,0,I,SMALL_CITIES,STREET,7,11.0
65885,1,6,110,1,1,70.0,0,I,LARGE_PROVINCIAL_CITIES,ROAD,7,13.0
65886,1,7,130,2,1,70.0,0,I,MELB_URBAN,ROAD,7,11.0
65887,1,7,110,1,3,50.0,0,I,MELB_URBAN,STREET,7,7.0
65888,1,7,130,4,1,60.0,0,I,MELB_URBAN,RAMP,7,9.0
65889,1,6,130,2,1,50.0,0,I,LARGE_PROVINCIAL_CITIES,STREET,7,14.0
65890,1,6,135,5,1,60.0,0,N,MELB_URBAN,STREET,7,13.0
65891,1,6,130,1,2,60.0,0,N,MELB_URBAN,ROAD,7,16.0
65892,3,3,167,5,5,80.0,0,N,RURAL_VICTORIA,ROAD,5,2.0
65893,1,7,120,5,3,80.0,0,N,MELB_URBAN,OTHER,7,17.0
65894,1,7,121,1,1,60.0,0,I,MELB_URBAN,ROAD,7,16.0
65895,4,7,173,5,1,70.0,0,I,MELB_URBAN,ROAD,7,9.0
65896,1,7,130,2,3,60.0,0,I,MELB_URBAN,ROAD,7,18.0
65897,1,7,160,5,1,50.0,0,N,MELB_URBAN,DRIVE,7,16.0
65898,2,7,99,2,1,40.0,0,I,MELBOURNE_CBD,STREET,7,13.0
65899,4,1,171,1,3,100.0,0,I,RURAL_VICTORIA,ROAD,7,0.0
65900,1,1,130,4,3,60.0,0,I,MELB_URBAN,PARADE,7,2.0
65901,1,1,121,1,3,60.0,0,I,MELB_URBAN,OTHER,7,4.0
65902,1,3,160,5,9,50.0,0,N,MELB_URBAN,OTHER,2,16.0
65903,1,1,113,1,1,50.0,0,I,MELB_URBAN,OTHER,7,10.0
65904,8,1,184,5,1,100.0,0,N,RURAL_VICTORIA,HIGHWAY,6,11.0
65905,1,1,113,2,1,60.0,0,I,MELB_URBAN,STREET,7,12.0
65906,4,1,183,5,1,100.0,0,N,RURAL_VICTORIA,ROAD,7,10.0
65907,1,7,99,5,3,50.0,0,N,MELB_URBAN,ROAD,6,19.0
65908,4,1,183,5,1,100.0,0,N,RURAL_VICTORIA,ROAD,7,11.0
65909,1,1,121,5,1,60.0,0,N,MELB_URBAN,ROAD,7,13.0
65910,6,1,174,5,1,60.0,0,N,MELB_URBAN,ROAD,7,11.0
65911,6,1,99,5,1,100.0,0,N,RURAL_VICTORIA,ROAD,7,11.0
65912,8,5,170,1,1,60.0,0,I,SMALL_CITIES,STREET,6,13.0
65913,4,0,171,5,1,80.0,0,N,MELB_URBAN,HIGHWAY,7,14.0
65914,6,7,184,5,5,60.0,0,N,MELB_URBAN,HIGHWAY,7,23.0
65915,4,6,181,5,1,50.0,0,N,MELB_URBAN,PARADE,7,15.0
65916,1,5,130,1,2,80.0,0,I,MELB_URBAN,ROAD,6,7.0
65917,1,1,147,5,3,80.0,0,N,RURAL_VICTORIA,HIGHWAY,7,18.0
65918,1,1,130,2,2,60.0,0,I,MELB_URBAN,ROAD,7,17.0
65919,1,1,110,1,3,80.0,0,I,RURAL_VICTORIA,ROAD,7,19.0
65920,1,1,130,5,3,80.0,0,N,RURAL_VICTORIA,HIGHWAY,7,17.0
65921,1,1,113,4,1,60.0,0,I,MELB_URBAN,STREET,7,15.0
65922,4,1,173,1,1,100.0,0,I,RURAL_VICTORIA,ROAD,7,15.0
65923,1,4,130,2,2,60.0,0,I,RURAL_VICTORIA,ROAD,6,17.0
65924,1,1,160,2,3,50.0,0,I,MELB_URBAN,OTHER,7,21.0
65925,3,2,167,5,5,100.0,0,N,RURAL_VICTORIA,HIGHWAY,7,1.0
65926,1,4,130,1,2,40.0,0,I,MELBOURNE_CBD,STREET,2,18.0
65927,1,2,110,1,3,50.0,0,I,MELB_URBAN,PARADE,7,5.0
65928,1,2,99,1,2,80.0,0,I,MELB_URBAN,ROAD,7,7.0
65929,1,7,140,2,1,80.0,0,I,MELB_URBAN,HIGHWAY,4,14.0
65930,1,2,133,5,1,100.0,0,N,MELB_URBAN,UNKNOWN,7,7.0
65931,1,6,130,2,1,100.0,0,N,RURAL_VICTORIA,ROAD,7,15.0
65932,1,2,99,5,1,60.0,0,N,MELB_URBAN,STREET,7,8.0
65933,6,1,174,5,1,100.0,0,N,RURAL_VICTORIA,ROAD,7,13.0
65934,1,2,113,2,1,60.0,0,I,MELB_URBAN,STREET,7,10.0
65935,6,7,184,5,1,60.0,0,N,RURAL_VICTORIA,OTHER,7,11.0
65936,2,2,99,5,1,50.0,0,N,MELB_URBAN,ROAD,7,11.0
65937,1,2,99,5,1,60.0,0,N,SMALL_CITIES,STREET,7,10.0
65938,1,2,133,5,1,80.0,0,N,MELB_URBAN,UNKNOWN,7,7.0
65939,2,2,100,2,1,40.0,0,I,MELB_URBAN,ROAD,7,12.0
65940,2,4,100,5,9,40.0,0,N,SMALL_CITIES,ROAD,5,18.0
65941,1,1,113,1,1,60.0,0,I,MELB_URBAN,ROAD,7,12.0
65942,1,6,130,1,3,70.0,0,I,MELB_URBAN,ROAD,6,5.0
65943,1,6,163,5,1,60.0,0,N,MELB_URBAN,ROAD,7,13.0
65944,2,2,99,1,1,60.0,0,N,MELB_URBAN,ROAD,7,11.0
65945,4,2,181,5,1,80.0,0,N,RURAL_VICTORIA,ROAD,7,14.0
65946,1,5,99,2,9,60.0,0,I,MELB_URBAN,ROAD,6,13.0
65947,1,3,110,1,9,80.0,0,I,MELB_URBAN,OTHER,4,17.0
65948,1,4,130,5,1,100.0,0,N,RURAL_VICTORIA,HIGHWAY,4,17.0
65949,1,5,130,1,1,80.0,0,I,MELB_URBAN,ROAD,6,9.0
65950,1,5,130,5,1,60.0,0,N,MELB_URBAN,DRIVE,6,9.0
65951,8,2,174,5,9,60.0,0,N,MELB_URBAN,STREET,5,14.0
65952,1,6,130,5,1,50.0,0,N,MELB_URBAN,ROAD,7,13.0
65953,1,2,113,2,1,70.0,0,I,MELB_URBAN,ROAD,7,15.0
65954,1,6,132,5,1,60.0,0,N,LARGE_PROVINCIAL_CITIES,STREET,7,13.0
65955,1,5,130,5,3,100.0,0,N,MELB_URBAN,FREEWAY,6,18.0
65956,1,1,160,5,1,60.0,0,N,MELB_URBAN,ROAD,7,15.0
65957,1,6,130,5,1,100.0,0,N,RURAL_VICTORIA,UNKNOWN,7,14.0
65958,1,2,121,1,2,60.0,0,I,MELB_URBAN,ROAD,7,16.0
65959,1,2,113,1,2,60.0,0,I,MELB_URBAN,ROAD,7,16.0
65960,2,2,100,5,3,60.0,0,N,MELB_URBAN,STREET,7,18.0
65961,1,2,121,1,3,60.0,0,I,MELB_URBAN,ROAD,7,19.0
65962,1,2,130,1,1,50.0,0,I,SMALL_CITIES,STREET,7,16.0
65963,1,2,121,4,2,80.0,0,I,MELB_URBAN,HIGHWAY,7,17.0
65964,1,2,113,2,3,50.0,0,I,TOWNS,STREET,7,20.0
65965,1,2,130,2,1,80.0,0,I,RURAL_VICTORIA,ROAD,7,16.0
65966,4,2,173,5,5,100.0,0,N,RURAL_VICTORIA,OTHER,7,21.0
65967,1,2,120,5,2,80.0,0,N,RURAL_VICTORIA,ROAD,7,17.0
65968,1,2,116,1,3,60.0,0,I,MELB_URBAN,ROAD,7,17.0
65969,1,2,121,1,3,80.0,0,I,LARGE_PROVINCIAL_CITIES,HIGHWAY,7,1.0
65970,1,2,130,2,1,70.0,0,N,MELB_URBAN,STREET,7,14.0
65971,1,1,147,5,1,50.0,0,N,MELB_URBAN,STREET,7,16.0
65972,1,1,110,1,1,50.0,0,I,TOWNS,HIGHWAY,7,12.0
65973,4,4,173,5,1,50.0,0,N,TOWNS,STREET,6,14.0
65974,1,2,130,4,1,40.0,0,I,MELB_URBAN,ROAD,6,9.0
65975,4,3,171,2,3,60.0,0,I,MELB_URBAN,ROAD,6,2.0
65976,8,3,99,5,2,100.0,0,N,RURAL_VICTORIA,ROAD,7,7.0
65977,2,4,100,1,1,60.0,0,I,MELB_URBAN,UNKNOWN,6,16.0
65978,3,3,167,5,5,80.0,0,N,MELB_URBAN,DRIVE,6,22.0
65979,1,1,99,1,9,60.0,0,I,LARGE_PROVINCIAL_CITIES,STREET,4,18.0
65980,1,3,121,1,1,60.0,0,I,MELB_URBAN,ROAD,7,7.0
65981,4,2,171,5,1,80.0,0,N,MELB_URBAN,ROAD,7,10.0
65982,2,2,102,1,6,60.0,0,I,MELB_URBAN,ROAD,7,20.0
65983,1,3,113,2,1,70.0,0,I,MELB_URBAN,ROAD,7,11.0
65984,4,3,173,5,1,110.0,0,N,SMALL_CITIES,FREEWAY,7,9.0
65985,1,2,110,1,1,60.0,0,I,LARGE_PROVINCIAL_CITIES,STREET,7,11.0
65986,4,1,183,5,2,100.0,0,N,RURAL_VICTORIA,ROAD,6,6.0
65987,1,3,120,5,1,50.0,0,N,MELB_URBAN,ROAD,7,12.0
65988,1,3,130,5,1,60.0,0,N,LARGE_PROVINCIAL_CITIES,ROAD,7,12.0
65989,5,1,99,5,1,60.0,0,N,RURAL_VICTORIA,OTHER,7,11.0
65990,2,5,100,5,1,60.0,0,N,SMALL_CITIES,DRIVE,12,15.0
65991,4,3,171,2,1,50.0,0,I,SMALL_CITIES,DRIVE,7,8.0
65992,1,3,121,1,1,60.0,0,I,SMALL_CITIES,HIGHWAY,7,12.0
65993,4,3,173,5,1,100.0,0,N,RURAL_VICTORIA,ROAD,7,9.0
65994,1,7,130,2,1,60.0,0,I,MELB_URBAN,ROAD,6,8.0
65995,1,5,130,2,3,80.0,0,I,MELB_URBAN,HIGHWAY,3,5.0
65996,8,1,174,2,1,60.0,0,N,RURAL_VICTORIA,ROAD,6,12.0
65997,1,3,130,5,1,100.0,0,N,MELB_URBAN,ROAD,7,12.0
65998,1,3,130,5,1,100.0,0,N,MELB_URBAN,FREEWAY,4,6.0
65999,1,3,113,2,1,60.0,0,I,MELB_URBAN,ROAD,7,15.0
66000,1,2,121,1,3,60.0,0,I,MELB_URBAN,ROAD,6,18.0
66001,1,3,113,4,1,60.0,0,I,MELB_URBAN,RAMP,7,15.0
66002,8,2,184,1,1,50.0,0,I,MELB_URBAN,STREET,6,10.0
66003,1,3,99,5,1,100.0,0,N,MELB_URBAN,ROAD,7,12.0
66004,1,1,110,1,1,60.0,0,I,MELB_URBAN,DRIVE,7,14.0
66005,2,3,100,2,1,70.0,0,I,MELB_URBAN,ROAD,7,14.0
66006,1,2,140,1,1,60.0,0,I,MELB_URBAN,ROAD,7,15.0
66007,1,3,147,5,3,60.0,0,N,MELB_URBAN,ROAD,7,17.0
66008,1,4,120,5,1,100.0,0,N,RURAL_VICTORIA,ROAD,2,16.0
66009,4,3,181,5,1,100.0,0,N,RURAL_VICTORIA,OTHER,7,14.0
66010,1,2,121,1,3,80.0,0,I,MELB_URBAN,HIGHWAY,7,18.0
66011,1,3,99,2,1,60.0,0,I,MELB_URBAN,ROAD,7,14.0
66012,1,3,173,5,1,80.0,0,N,MELB_URBAN,ROAD,7,15.0
66013,1,3,130,1,3,80.0,0,I,MELB_URBAN,ROAD,7,18.0
66014,1,3,99,2,5,50.0,0,I,TOWNS,OTHER,7,21.0
66015,2,3,100,1,3,60.0,0,I,MELB_URBAN,ROAD,7,21.0
66016,1,3,116,1,5,80.0,0,I,RURAL_VICTORIA,ROAD,7,22.0
66017,6,2,170,5,1,100.0,0,N,RURAL_VICTORIA,HIGHWAY,7,15.0
66018,1,3,120,5,5,100.0,1,N,RURAL_VICTORIA,ROAD,7,18.0
66019,1,4,121,2,9,60.0,0,I,LARGE_PROVINCIAL_CITIES,ROAD,5,15.0
66020,1,4,160,5,3,60.0,0,N,MELB_URBAN,ROAD,7,0.0
66021,6,4,174,2,3,50.0,0,I,MELB_URBAN,STREET,7,2.0
66022,1,4,110,1,3,60.0,0,I,MELB_URBAN,ROAD,7,7.0
66023,4,2,171,5,2,80.0,0,N,RURAL_VICTORIA,ROAD,5,16.0
66024,1,3,121,1,1,40.0,0,I,MELBOURNE_CBD,STREET,7,9.0
66025,5,4,99,2,5,80.0,0,I,RURAL_VICTORIA,ROAD,7,6.0
66026,1,2,121,1,1,60.0,0,I,MELB_URBAN,STREET,6,10.0
66027,6,7,170,5,1,60.0,0,N,RURAL_VICTORIA,ROAD,7,13.0
66028,1,3,130,5,2,60.0,0,N,MELB_URBAN,STREET,6,17.0
66029,1,3,121,2,2,80.0,0,I,MELB_URBAN,ROAD,7,17.0
66030,1,3,116,1,1,60.0,0,I,TOWNS,STREET,7,15.0
66031,1,7,134,5,1,60.0,0,N,MELB_URBAN,HIGHWAY,4,15.0
66032,1,2,130,2,1,60.0,0,I,LARGE_PROVINCIAL_CITIES,ROAD,6,15.0
66033,1,1,130,5,1,80.0,0,N,MELB_URBAN,ROAD,6,8.0
66034,1,1,113,2,3,60.0,0,I,MELB_URBAN,STREET,7,20.0
66035,2,4,102,2,1,60.0,0,N,SMALL_CITIES,AVENUE,7,8.0
66036,1,4,121,5,1,60.0,0,N,MELB_URBAN,STREET,7,8.0
66037,1,4,113,2,1,60.0,0,I,MELB_URBAN,ROAD,7,9.0
66038,1,7,99,5,1,60.0,0,N,RURAL_VICTORIA,ROAD,7,14.0
66039,1,3,121,1,1,60.0,0,I,MELB_URBAN,STREET,7,10.0
66040,1,2,120,5,1,50.0,0,N,MELB_URBAN,STREET,7,16.0
66041,2,4,99,5,1,60.0,0,N,MELB_URBAN,STREET,7,11.0
66042,8,4,174,5,6,60.0,0,N,MELB_URBAN,ROAD,6,21.0
66043,4,4,171,1,1,80.0,0,I,MELB_URBAN,ROAD,7,10.0
66044,6,4,174,5,1,50.0,0,N,MELB_URBAN,STREET,7,10.0
66045,1,6,130,5,1,60.0,0,N,MELB_URBAN,ROAD,5,11.0
66046,4,4,181,5,5,80.0,0,N,RURAL_VICTORIA,RAMP,6,4.0
66047,1,4,99,2,1,60.0,0,I,SMALL_CITIES,STREET,7,9.0
66048,1,4,160,2,1,40.0,0,N,MELBOURNE_CBD,STREET,7,12.0
66049,2,4,102,1,1,40.0,0,I,MELBOURNE_CBD,STREET,7,11.0
66050,1,2,147,5,1,50.0,0,N,MELB_URBAN,ROAD,5,8.0
66051,2,3,102,1,3,60.0,0,I,MELB_URBAN,STREET,7,20.0
66052,1,4,130,1,1,80.0,0,I,MELB_URBAN,HIGHWAY,7,14.0
66053,1,3,113,2,3,80.0,0,I,MELB_URBAN,ROAD,7,22.0
66054,1,4,121,2,3,60.0,0,I,MELB_URBAN,ROAD,7,17.0
66055,1,4,130,5,3,60.0,0,N,RURAL_VICTORIA,ROAD,7,17.0
66056,1,4,121,2,3,80.0,0,I,MELB_URBAN,ROAD,7,18.0
66057,2,3,100,5,3,40.0,0,N,MELB_URBAN,STREET,7,19.0
66058,2,4,102,2,3,50.0,0,I,MELB_URBAN,ROAD,7,19.0
66059,1,4,121,2,1,60.0,0,I,MELB_URBAN,ROAD,7,14.0
66060,1,5,130,5,1,100.0,0,N,MELB_URBAN,FREEWAY,6,11.0
66061,1,4,121,1,3,60.0,0,I,TOWNS,STREET,7,17.0
66062,1,5,121,2,3,60.0,0,I,MELB_URBAN,ROAD,6,17.0
66063,4,4,183,5,1,70.0,0,N,MELB_URBAN,ROAD,7,16.0
66064,4,4,171,5,5,80.0,0,N,RURAL_VICTORIA,ROAD,7,22.0
66065,1,3,110,1,3,60.0,0,I,MELB_URBAN,ROAD,7,22.0
66066,4,4,173,1,3,80.0,0,N,MELB_URBAN,HIGHWAY,7,3.0
66067,8,5,99,5,6,40.0,0,N,MELB_URBAN,ROAD,5,19.0
66068,4,4,171,1,3,60.0,0,N,LARGE_PROVINCIAL_CITIES,DRIVE,5,4.0
66069,1,4,113,2,1,60.0,0,I,MELB_URBAN,STREET,7,12.0
66070,1,5,99,2,1,60.0,0,I,MELB_URBAN,ROAD,7,8.0
66071,1,5,130,5,1,100.0,0,N,MELB_URBAN,FREEWAY,7,7.0
66072,1,5,99,2,1,80.0,0,N,SMALL_TOWNS,ROAD,7,7.0
66073,1,5,110,1,1,60.0,0,I,SMALL_CITIES,PARADE,7,8.0
66074,4,1,183,5,5,60.0,0,N,MELB_URBAN,ROAD,7,1.0
66075,1,0,130,1,1,80.0,0,I,MELB_URBAN,ROAD,7,11.0
66076,1,5,132,5,1,80.0,0,N,RURAL_VICTORIA,ROAD,7,7.0
66077,2,4,102,1,1,40.0,0,N,MELB_URBAN,STREET,7,10.0
66078,1,5,130,5,1,100.0,0,N,MELB_URBAN,ROAD,7,9.0
66079,1,4,121,1,3,80.0,0,I,MELB_URBAN,ROAD,7,21.0
66080,1,4,130,1,1,60.0,0,I,MELB_URBAN,STREET,7,10.0
66081,4,4,99,2,1,100.0,0,I,RURAL_VICTORIA,ROAD,7,9.0
66082,1,4,116,2,1,60.0,0,I,MELB_URBAN,ROAD,7,11.0
66083,1,3,147,5,1,40.0,0,N,MELB_URBAN,STREET,6,8.0
66084,1,5,140,5,1,50.0,0,N,MELB_URBAN,STREET,7,11.0
66085,4,4,171,2,3,60.0,0,I,MELB_URBAN,HIGHWAY,7,21.0
66086,4,5,99,5,1,50.0,0,N,MELB_URBAN,STREET,7,12.0
66087,4,5,173,5,1,100.0,0,N,RURAL_VICTORIA,ROAD,7,11.0
66088,4,6,171,5,3,100.0,0,N,RURAL_VICTORIA,ROAD,6,19.0
66089,1,4,99,2,3,60.0,0,N,MELB_URBAN,OTHER,7,18.0
66090,8,1,174,5,1,60.0,0,N,RURAL_VICTORIA,ROAD,6,12.0
66091,1,3,120,5,3,70.0,0,N,SMALL_CITIES,DRIVE,7,17.0
66092,2,5,100,4,6,60.0,0,I,MELB_URBAN,ROAD,7,7.0
66093,4,2,181,5,1,80.0,0,N,RURAL_VICTORIA,ROAD,7,13.0
66094,1,5,130,4,1,60.0,0,I,MELB_URBAN,RAMP,7,15.0
66095,4,5,183,5,1,100.0,0,N,RURAL_VICTORIA,HIGHWAY,7,14.0
66096,4,4,171,5,1,100.0,0,N,RURAL_VICTORIA,HIGHWAY,7,10.0
66097,4,7,171,5,1,60.0,0,N,RURAL_VICTORIA,ROAD,8,13.0
66098,1,3,135,5,1,100.0,0,N,MELB_URBAN,FREEWAY,7,13.0
66099,1,1,99,5,2,50.0,0,N,MELB_URBAN,DRIVE,7,17.0
66100,2,4,102,1,3,40.0,0,I,MELB_URBAN,STREET,7,21.0
66101,4,2,171,5,1,50.0,0,N,MELB_URBAN,STREET,5,7.0
66102,1,2,135,1,3,60.0,0,I,LARGE_PROVINCIAL_CITIES,AVENUE,7,17.0
66103,4,5,99,5,1,40.0,0,N,TOWNS,STREET,7,16.0
66104,2,5,102,5,1,50.0,0,N,MELB_URBAN,STREET,7,16.0
66105,1,5,116,1,6,60.0,0,I,MELB_URBAN,STREET,7,18.0
66106,1,4,113,2,3,60.0,0,I,MELB_URBAN,AVENUE,7,18.0
66107,4,4,173,2,3,60.0,0,I,MELB_URBAN,STREET,7,18.0
66108,1,5,130,1,3,50.0,0,I,MELB_URBAN,STREET,6,18.0
66109,2,4,102,2,3,60.0,0,I,MELB_URBAN,ROAD,7,19.0
66110,6,5,170,5,9,100.0,0,N,RURAL_VICTORIA,ROAD,7,8.0
66111,2,4,99,5,3,60.0,0,N,SMALL_CITIES,ROAD,7,19.0
66112,2,5,102,2,3,40.0,0,I,SMALL_TOWNS,UNKNOWN,7,17.0
66113,1,5,130,1,5,100.0,0,I,RURAL_VICTORIA,HIGHWAY,7,17.0
66114,1,5,130,5,3,60.0,0,N,MELB_URBAN,ROAD,7,18.0
66115,1,3,130,5,9,50.0,0,N,MELB_URBAN,STREET,4,8.0
66116,2,5,100,5,3,50.0,0,N,MELB_URBAN,DRIVE,7,19.0
66117,1,5,99,5,1,80.0,0,N,RURAL_VICTORIA,HIGHWAY,7,16.0
66118,1,5,121,1,3,60.0,0,I,LARGE_PROVINCIAL_CITIES,STREET,7,21.0
66119,4,5,171,5,5,100.0,0,N,RURAL_VICTORIA,ROAD,7,20.0
66120,1,5,113,2,3,60.0,0,I,MELB_URBAN,ROAD,7,23.0
66121,1,5,160,5,3,60.0,0,N,MELB_URBAN,ROAD,7,23.0
66122,1,6,160,5,3,60.0,0,N,MELB_URBAN,ROAD,7,2.0
66123,4,6,183,2,3,50.0,0,I,MELB_URBAN,ROAD,7,3.0
66124,2,6,100,1,1,40.0,0,I,MELBOURNE_CBD,STREET,7,7.0
66125,2,6,100,2,1,40.0,0,N,MELB_URBAN,STREET,7,7.0
66126,1,5,130,5,1,60.0,0,N,MELB_URBAN,ROAD,7,14.0
66127,4,6,99,2,3,50.0,0,I,RURAL_VICTORIA,ROAD,7,6.0
66128,1,5,130,1,1,60.0,0,I,SMALL_CITIES,STREET,7,12.0
66129,8,6,174,5,1,60.0,0,N,RURAL_VICTORIA,ROAD,7,9.0
66130,1,1,130,4,1,60.0,0,I,LARGE_PROVINCIAL_CITIES,ROAD,11,8.0
66131,1,6,130,2,1,60.0,0,I,LARGE_PROVINCIAL_CITIES,ROAD,7,7.0
66132,1,5,130,5,1,40.0,0,N,MELB_URBAN,ROAD,7,7.0
66133,2,6,100,1,2,50.0,0,I,MELB_URBAN,STREET,7,6.0
66134,1,6,120,5,9,60.0,0,N,MELB_URBAN,OTHER,4,14.0