,accident_type,day_of_week,dca_code,road_geometry,light_condition,speed_zone,severity,node_type,deg_urban_name,road_type,month,hour
66135,1,5,110,1,2,50.0,0,I,LARGE_PROVINCIAL_CITIES,STREET,7,16.0
66136,3,3,167,5,5,100.0,0,N,RURAL_VICTORIA,ROAD,6,18.0
66137,4,6,173,5,1,50.0,0,N,LARGE_PROVINCIAL_CITIES,ROAD,7,14.0
66138,2,6,100,5,1,60.0,0,N,MELB_URBAN,ROAD,7,15.0
66139,4,4,99,5,2,50.0,0,N,SMALL_CITIES,STREET,7,17.0
66140,2,6,99,1,1,60.0,0,I,MELB_URBAN,ROAD,7,14.0
66141,1,7,130,2,3,60.0,0,I,MELB_URBAN,STREET,6,20.0
66142,2,6,100,3,1,40.0,0,N,MELB_URBAN,STREET,7,14.0
66143,4,6,173,5,2,100.0,0,N,RURAL_VICTORIA,ROAD,7,17.0
66144,1,6,99,5,3,60.0,0,N,MELB_URBAN,ROAD,7,17.0
66145,1,7,99,5,1,60.0,0,N,MELB_URBAN,ROAD,5,9.0
66146,1,6,130,5,2,100.0,0,N,RURAL_VICTORIA,HIGHWAY,7,17.0
66147,1,4,130,5,1,100.0,0,N,MELB_URBAN,UNKNOWN,7,11.0
66148,1,6,120,5,1,100.0,1,N,RURAL_VICTORIA,HIGHWAY,7,14.0
66149,1,6,130,2,1,40.0,0,N,MELBOURNE_CBD,STREET,7,14.0
66150,1,5,130,5,3,100.0,0,N,MELB_URBAN,ROAD,7,17.0
66151,1,5,130,5,2,60.0,0,N,MELB_URBAN,HIGHWAY,7,17.0
66152,1,6,99,5,1,50.0,0,N,MELB_URBAN,ROAD,7,15.0
66153,2,6,100,2,1,60.0,0,N,MELB_URBAN,ROAD,7,16.0
66154,1,6,134,5,1,60.0,0,N,MELB_URBAN,ROAD,7,18.0
66155,1,6,147,5,1,60.0,0,N,MELB_URBAN,OTHER,7,17.0
66156,4,6,173,5,3,80.0,0,N,MELB_URBAN,FREEWAY,7,2.0
66157,4,6,171,5,3,60.0,0,N,MELB_URBAN,ROAD,7,0.0
66158,1,4,120,5,1,80.0,0,N,RURAL_VICTORIA,HIGHWAY,7,11.0
66159,1,6,110,1,3,60.0,0,I,MELB_URBAN,ROAD,7,22.0
66160,1,5,121,2,3,80.0,0,I,MELB_URBAN,HIGHWAY,7,5.0
66161,1,2,132,2,3,60.0,0,I,MELB_URBAN,ROAD,5,17.0
66162,4,7,181,5,5,100.0,0,N,RURAL_VICTORIA,HIGHWAY,7,5.0
66163,1,5,121,1,1,80.0,0,N,MELB_URBAN,ROAD,7,10.0
66164,1,7,110,1,9,60.0,0,I,TOWNS,STREET,7,9.0
66165,1,2,130,5,2,80.0,0,N,MELB_URBAN,ROAD,5,18.0
66166,1,7,130,1,5,60.0,0,I,MELB_URBAN,ROAD,7,19.0
66167,4,7,171,5,1,100.0,0,N,RURAL_VICTORIA,ROAD,7,8.0
66168,1,7,130,5,1,100.0,0,N,MELB_URBAN,FREEWAY,7,11.0
66169,1,7,120,1,1,80.0,0,I,MELB_URBAN,ROAD,7,13.0
66170,1,7,134,1,1,60.0,0,I,MELB_URBAN,ROAD,7,10.0
66171,1,7,130,5,1,100.0,0,N,MELB_URBAN,FREEWAY,7,13.0
66172,1,6,113,4,3,60.0,0,I,MELB_URBAN,ROAD,6,23.0
66173,4,1,183,5,2,60.0,0,N,MELB_URBAN,AVENUE,4,5.0
66174,4,7,181,5,1,80.0,0,N,MELB_URBAN,ROAD,7,12.0
66175,1,7,121,1,1,50.0,0,I,MELBOURNE_CBD,STREET,7,14.0
66176,1,6,134,1,3,40.0,0,I,MELBOURNE_CBD,STREET,7,17.0
66177,2,7,100,5,1,50.0,0,N,SMALL_CITIES,STREET,7,15.0
66178,1,7,121,2,1,80.0,0,I,RURAL_VICTORIA,STREET,7,14.0
66179,1,7,121,1,3,50.0,0,I,MELB_URBAN,STREET,7,17.0
66180,4,7,173,1,3,60.0,0,I,MELB_URBAN,DRIVE,7,17.0
66181,1,6,130,1,1,40.0,0,N,MELB_URBAN,ROAD,6,15.0
66182,1,3,130,5,3,100.0,0,N,MELB_URBAN,FREEWAY,7,18.0
66183,6,7,99,5,1,80.0,0,N,SMALL_TOWNS,ROAD,7,14.0
66184,1,7,140,2,3,70.0,0,I,MELB_URBAN,ROAD,7,18.0
66185,4,6,99,2,5,80.0,0,I,RURAL_VICTORIA,ROAD,7,18.0
66186,1,7,160,5,1,100.0,0,N,RURAL_VICTORIA,ROAD,7,15.0
66187,6,1,174,5,1,60.0,0,N,RURAL_VICTORIA,ROAD,6,11.0
66188,1,7,132,5,1,80.0,0,N,MELB_URBAN,ROAD,7,16.0
66189,4,7,171,5,6,60.0,0,N,MELB_URBAN,ROAD,7,22.0
66190,2,0,99,5,6,50.0,0,N,LARGE_PROVINCIAL_CITIES,STREET,7,0.0
66191,2,7,99,5,3,50.0,0,N,MELB_URBAN,DRIVE,7,23.0
66192,1,1,132,5,3,60.0,0,N,MELB_URBAN,ROAD,7,2.0
66193,4,1,173,2,3,70.0,0,I,MELB_URBAN,ROAD,7,3.0
66194,4,1,173,5,5,80.0,1,N,RURAL_VICTORIA,HIGHWAY,7,0.0
66195,1,1,120,5,5,100.0,0,N,RURAL_VICTORIA,ROAD,7,0.0
66196,2,1,99,5,2,60.0,0,N,MELB_URBAN,ROAD,7,7.0
66197,2,7,100,5,1,50.0,0,N,TOWNS,HIGHWAY,7,12.0
66198,2,6,100,1,1,60.0,0,I,MELB_URBAN,ROAD,7,11.0
66199,2,0,100,5,1,40.0,0,N,MELB_URBAN,ROAD,7,10.0
66200,1,1,160,5,1,60.0,0,N,LARGE_PROVINCIAL_CITIES,STREET,7,9.0
66201,1,6,121,1,3,40.0,0,I,MELB_URBAN,ROAD,7,19.0
66202,1,5,130,1,1,50.0,0,I,LARGE_PROVINCIAL_CITIES,UNKNOWN,7,12.0
66203,1,7,113,2,1,80.0,0,I,RURAL_VICTORIA,HIGHWAY,7,14.0
66204,2,1,99,2,1,40.0,0,N,MELB_URBAN,STREET,7,9.0
66205,1,7,121,1,1,60.0,0,I,MELB_URBAN,ROAD,7,17.0
66206,1,4,121,2,4,80.0,0,I,MELB_URBAN,HIGHWAY,6,19.0
66207,1,1,99,2,1,60.0,0,I,MELB_URBAN,ROAD,7,9.0
66208,1,1,121,2,1,50.0,0,I,MELB_URBAN,OTHER,7,14.0
66209,1,0,121,4,1,60.0,0,I,SMALL_CITIES,HIGHWAY,7,14.0
66210,6,7,99,5,9,60.0,0,N,RURAL_VICTORIA,OTHER,1,15.0
66211,1,1,113,1,1,100.0,0,I,RURAL_VICTORIA,ROAD,7,11.0
66212,2,1,102,1,3,40.0,0,I,LARGE_PROVINCIAL_CITIES,STREET,7,17.0
66213,1,1,111,2,3,50.0,0,I,TOWNS,ROAD,7,18.0
66214,1,1,120,5,1,60.0,0,N,TOWNS,ROAD,7,16.0
66215,4,1,171,5,2,110.0,0,N,RURAL_VICTORIA,HIGHWAY,7,17.0
66216,3,1,167,5,5,100.0,0,N,RURAL_VICTORIA,ROAD,7,17.0
66217,1,0,121,2,3,50.0,0,I,MELB_URBAN,ROAD,7,19.0
66218,1,1,110,1,3,50.0,0,I,TOWNS,STREET,7,18.0
66219,4,1,171,5,5,80.0,0,N,RURAL_VICTORIA,ROAD,7,22.0
66220,1,5,130,5,1,80.0,0,N,MELB_URBAN,ROAD,4,9.0
66221,4,1,173,2,3,50.0,0,I,SMALL_CITIES,OTHER,7,21.0
66222,1,1,99,5,3,50.0,0,N,MELB_URBAN,UNKNOWN,7,22.0
66223,1,7,132,2,1,60.0,0,I,MELB_URBAN,ROAD,7,13.0
66224,1,1,121,4,3,60.0,0,I,MELB_URBAN,ROAD,7,22.0
66225,4,1,173,5,5,100.0,0,N,RURAL_VICTORIA,HIGHWAY,7,0.0
66226,1,3,130,2,1,60.0,0,I,MELB_URBAN,OTHER,5,9.0
66227,1,7,130,1,1,60.0,0,I,MELB_URBAN,ROAD,6,13.0
66228,1,6,130,5,1,60.0,0,N,RURAL_VICTORIA,ROAD,7,12.0
66229,1,1,130,2,1,50.0,0,I,MELB_URBAN,ROAD,7,8.0
66230,1,2,130,1,1,60.0,0,I,LARGE_PROVINCIAL_CITIES,STREET,7,8.0
66231,1,1,99,5,1,50.0,0,N,MELB_URBAN,STREET,7,9.0
66232,1,2,110,1,1,50.0,0,I,MELB_URBAN,STREET,7,8.0
66233,2,2,100,2,1,40.0,0,I,MELB_URBAN,ROAD,7,11.0
66234,4,0,171,5,3,60.0,0,N,MELB_URBAN,DRIVE,7,18.0
66235,1,2,120,5,1,60.0,0,N,MELB_URBAN,DRIVE,7,10.0
66236,1,3,121,5,1,80.0,0,N,MELB_URBAN,ROAD,6,17.0
66237,4,1,181,5,1,100.0,0,N,RURAL_VICTORIA,ROAD,7,11.0
66238,1,5,130,1,1,50.0,0,I,MELBOURNE_CBD,STREET,6,9.0
66239,1,2,113,4,1,50.0,0,I,MELB_URBAN,AVENUE,7,10.0
66240,1,2,130,5,1,70.0,0,N,MELB_URBAN,ROAD,7,9.0
66241,4,2,99,5,1,50.0,0,N,SMALL_TOWNS,OTHER,7,12.0
66242,1,2,111,1,1,60.0,0,I,MELB_URBAN,ROAD,7,15.0
66243,6,1,99,5,1,60.0,0,N,RURAL_VICTORIA,ROAD,7,12.0
66244,1,2,110,1,3,40.0,0,I,MELB_URBAN,STREET,7,17.0
66245,4,1,173,5,3,60.0,0,N,MELB_URBAN,STREET,7,5.0
66246,1,2,99,1,1,40.0,0,I,MELB_URBAN,STREET,7,15.0
66247,1,2,99,1,1,80.0,0,I,MELB_URBAN,HIGHWAY,7,15.0
66248,1,6,130,4,9,60.0,0,I,MELB_URBAN,ROAD,4,6.0
66249,3,2,167,5,5,100.0,0,N,RURAL_VICTORIA,HIGHWAY,7,18.0
66250,4,2,99,5,2,80.0,0,N,RURAL_VICTORIA,HIGHWAY,7,17.0
66251,1,2,121,1,1,60.0,0,I,MELB_URBAN,STREET,7,15.0
66252,2,5,99,4,3,60.0,0,I,MELB_URBAN,FREEWAY,6,19.0
66253,1,2,121,2,1,40.0,0,I,MELB_URBAN,ROAD,7,8.0
66254,1,3,134,5,1,100.0,0,N,MELB_URBAN,FREEWAY,7,8.0
66255,1,1,110,1,1,80.0,0,I,MELB_URBAN,HIGHWAY,7,16.0
66256,1,3,121,1,1,60.0,0,I,MELB_URBAN,ROAD,7,9.0
66257,1,2,140,2,3,80.0,0,I,MELB_URBAN,HIGHWAY,6,20.0
66258,1,3,134,5,1,70.0,0,N,MELB_URBAN,ROAD,7,11.0
66259,1,3,130,1,1,60.0,0,I,MELB_URBAN,ROAD,7,11.0
66260,1,1,134,5,1,80.0,0,N,LARGE_PROVINCIAL_CITIES,HIGHWAY,7,16.0
66261,1,2,121,1,1,50.0,0,I,MELB_URBAN,STREET,7,12.0
66262,1,2,160,5,5,60.0,0,N,MELB_URBAN,STREET,7,19.0
66263,1,5,130,1,1,80.0,0,I,MELB_URBAN,ROAD,7,7.0
66264,1,3,130,5,1,50.0,0,N,SMALL_CITIES,STREET,7,14.0
66265,1,6,120,2,6,60.0,0,N,MELB_URBAN,ROAD,7,22.0
66266,1,2,121,2,1,60.0,0,I,MELB_URBAN,AVENUE,7,8.0
66267,1,2,99,1,1,50.0,0,I,TOWNS,STREET,7,13.0
66268,1,1,130,5,3,80.0,0,N,MELB_URBAN,ROAD,7,5.0
66269,1,6,130,2,9,60.0,0,I,MELB_URBAN,STREET,7,16.0
66270,1,3,121,2,1,80.0,0,I,RURAL_VICTORIA,ROAD,7,7.0
66271,1,3,99,5,1,110.0,1,N,RURAL_VICTORIA,FREEWAY,7,11.0
66272,1,3,134,5,1,100.0,0,N,MELB_URBAN,ROAD,7,13.0
66273,4,3,171,5,5,100.0,0,N,RURAL_VICTORIA,ROAD,7,19.0
66274,2,3,99,5,1,50.0,0,N,MELB_URBAN,OTHER,7,15.0
66275,1,2,160,5,1,60.0,0,N,MELB_URBAN,ROAD,7,15.0
66276,1,2,121,2,1,60.0,0,I,MELB_URBAN,ROAD,7,7.0
66277,5,3,99,5,1,80.0,0,N,RURAL_VICTORIA,ROAD,7,14.0
66278,1,3,113,2,1,50.0,0,I,MELB_URBAN,ROAD,7,16.0
66279,1,3,147,5,1,80.0,0,N,RURAL_VICTORIA,ROAD,7,11.0
66280,1,2,121,2,3,40.0,0,I,MELB_URBAN,OTHER,7,18.0
66281,3,6,167,5,5,80.0,0,N,RURAL_VICTORIA,ROAD,2,23.0
66282,1,2,110,1,1,70.0,0,I,LARGE_PROVINCIAL_CITIES,HIGHWAY,7,14.0
66283,1,5,120,5,1,100.0,0,N,RURAL_VICTORIA,STREET,6,12.0
66284,1,2,130,1,2,50.0,0,I,MELB_URBAN,STREET,7,17.0
66285,6,3,99,5,1,100.0,0,N,RURAL_VICTORIA,HIGHWAY,7,16.0
66286,1,3,110,1,1,50.0,0,I,LARGE_PROVINCIAL_CITIES,STREET,7,16.0
66287,1,2,160,5,3,60.0,0,N,LARGE_PROVINCIAL_CITIES,ROAD,7,4.0
66288,1,2,111,1,3,60.0,0,I,LARGE_PROVINCIAL_CITIES,STREET,7,21.0
66289,1,3,130,5,2,70.0,0,N,MELB_URBAN,RAMP,7,17.0
66290,5,2,99,5,5,100.0,0,N,RURAL_VICTORIA,HIGHWAY,7,20.0
66291,1,3,171,5,3,50.0,0,N,MELB_URBAN,DRIVE,7,23.0
66292,1,3,160,5,5,60.0,0,N,MELB_URBAN,ROAD,7,1.0
66293,5,3,99,5,5,80.0,0,N,RURAL_VICTORIA,HIGHWAY,7,0.0
66294,1,4,99,2,1,60.0,0,I,MELB_URBAN,STREET,7,11.0
66295,1,6,130,1,3,60.0,0,I,MELB_URBAN,ROAD,2,21.0
66296,4,4,171,5,2,60.0,0,N,MELB_URBAN,ROAD,7,7.0
66297,1,3,120,2,5,80.0,0,I,TOWNS,HIGHWAY,7,18.0
66298,3,3,167,5,5,100.0,0,N,RURAL_VICTORIA,ROAD,7,22.0
66299,4,4,173,1,3,60.0,0,I,MELB_URBAN,ROAD,7,7.0
66300,1,4,130,1,1,60.0,0,I,MELB_URBAN,ROAD,7,12.0
66301,1,4,130,5,1,60.0,0,N,MELB_URBAN,ROAD,7,7.0
66302,3,4,167,5,2,100.0,0,N,RURAL_VICTORIA,ROAD,7,6.0
66303,1,1,160,5,3,60.0,0,N,MELB_URBAN,ROAD,10,3.0
66304,1,6,135,5,9,60.0,0,N,MELB_URBAN,STREET,6,7.0
66305,1,3,147,5,1,60.0,0,N,MELB_URBAN,ROAD,6,14.0
66306,6,0,99,5,1,60.0,0,N,RURAL_VICTORIA,ROAD,4,14.0
66307,8,5,184,2,9,60.0,0,I,RURAL_VICTORIA,ROAD,5,11.0
66308,1,4,130,2,1,40.0,0,I,MELBOURNE_CBD,STREET,7,12.0
66309,2,4,99,5,1,40.0,0,N,MELB_URBAN,OTHER,7,9.0
66310,1,3,99,5,1,50.0,0,N,SMALL_CITIES,PARADE,7,15.0
66311,1,4,140,5,1,60.0,0,N,MELB_URBAN,STREET,7,12.0
66312,1,6,130,1,1,50.0,0,I,MELBOURNE_CBD,STREET,6,11.0
66313,1,4,132,2,1,50.0,0,I,SMALL_CITIES,DRIVE,7,13.0
66314,1,3,130,1,3,60.0,0,I,MELB_URBAN,ROAD,7,21.0
66315,1,4,147,5,1,50.0,0,N,MELB_URBAN,STREET,7,13.0
66316,1,3,110,1,1,50.0,0,I,TOWNS,STREET,7,13.0
66317,1,3,132,5,1,60.0,0,N,TOWNS,STREET,7,12.0
66318,1,4,113,1,1,60.0,0,I,MELB_URBAN,STREET,7,11.0
66319,1,3,110,1,1,60.0,0,I,LARGE_PROVINCIAL_CITIES,STREET,7,9.0
66320,4,6,173,5,3,60.0,0,N,MELB_URBAN,ROAD,3,1.0
66321,1,4,110,1,1,60.0,0,I,LARGE_PROVINCIAL_CITIES,STREET,7,16.0
66322,1,4,120,1,1,60.0,0,I,MELB_URBAN,ROAD,7,11.0
66323,1,4,121,2,1,60.0,0,I,SMALL_CITIES,STREET,7,16.0
66324,1,6,121,1,3,60.0,0,I,MELB_URBAN,STREET,7,5.0
66325,4,4,171,5,1,100.0,0,N,RURAL_VICTORIA,ROAD,7,15.0
66326,4,5,171,5,1,60.0,0,N,RURAL_VICTORIA,OTHER,7,17.0
66327,1,4,113,2,1,60.0,0,I,MELB_URBAN,ROAD,7,16.0
66328,1,1,130,5,1,60.0,0,N,MELB_URBAN,STREET,7,8.0
66329,1,4,99,1,1,100.0,0,I,RURAL_VICTORIA,HIGHWAY,7,15.0
66330,2,4,100,2,3,60.0,0,I,MELB_URBAN,STREET,7,17.0
66331,1,4,132,5,2,100.0,0,N,SMALL_TOWNS,HIGHWAY,7,16.0
66332,2,4,100,5,1,60.0,1,N,MELB_URBAN,ROAD,7,16.0
66333,1,3,130,2,3,80.0,0,I,MELB_URBAN,ROAD,7,18.0
66334,8,4,99,4,1,50.0,0,I,SMALL_TOWNS,STREET,7,16.0
66335,1,4,130,5,2,70.0,0,N,MELB_URBAN,ROAD,7,17.0
66336,1,4,99,5,1,100.0,0,N,RURAL_VICTORIA,ROAD,7,15.0
66337,1,3,130,5,3,100.0,0,N,MELB_URBAN,FREEWAY,7,18.0
66338,4,4,99,5,3,80.0,0,N,MELB_URBAN,HIGHWAY,7,19.0
66339,1,0,135,5,3,60.0,0,N,MELB_URBAN,STREET,4,18.0
66340,5,4,99,5,5,100.0,0,N,RURAL_VICTORIA,ROAD,7,4.0
66341,1,4,113,2,1,60.0,0,I,TOWNS,STREET,7,16.0
66342,1,4,113,2,1,40.0,0,I,MELB_URBAN,ROAD,7,15.0
66343,1,4,121,2,3,70.0,0,I,MELB_URBAN,ROAD,7,21.0
66344,2,4,99,2,3,60.0,0,I,MELB_URBAN,AVENUE,7,5.0
66345,4,3,173,2,3,50.0,0,I,MELB_URBAN,ROAD,7,22.0
66346,1,4,113,2,3,70.0,0,I,MELB_URBAN,ROAD,7,5.0
66347,1,4,113,2,9,60.0,0,I,MELB_URBAN,ROAD,7,10.0
66348,1,3,134,5,3,100.0,0,N,MELB_URBAN,RAMP,7,20.0
66349,1,4,121,1,3,80.0,0,I,MELB_URBAN,ROAD,7,22.0
66350,4,5,173,1,3,80.0,0,N,MELB_URBAN,ROAD,7,2.0
66351,1,4,113,2,3,80.0,0,I,MELB_URBAN,STREET,7,23.0
66352,1,4,120,5,5,80.0,1,N,RURAL_VICTORIA,ROAD,7,23.0
66353,2,1,102,2,1,40.0,0,I,MELB_URBAN,ROAD,7,11.0
66354,1,6,113,2,1,40.0,0,I,MELB_URBAN,ROAD,4,11.0
66355,1,3,121,1,3,60.0,0,I,MELB_URBAN,ROAD,6,18.0
66356,2,5,100,4,3,80.0,1,N,MELB_URBAN,ROAD,7,2.0
66357,1,5,130,1,2,60.0,0,I,MELB_URBAN,ROAD,6,16.0
66358,1,5,130,5,1,80.0,0,N,MELB_URBAN,OTHER,7,7.0
66359,1,5,130,5,1,80.0,0,N,MELB_URBAN,HIGHWAY,7,6.0
66360,1,3,132,5,1,70.0,0,N,LARGE_PROVINCIAL_CITIES,ROAD,7,12.0
66361,2,5,100,2,1,60.0,0,I,MELB_URBAN,STREET,7,9.0
66362,2,5,100,5,1,60.0,0,N,MELB_URBAN,AVENUE,7,10.0
66363,1,2,99,1,9,60.0,0,I,MELB_URBAN,ROAD,5,13.0
66364,1,3,113,1,5,50.0,0,I,MELB_URBAN,STREET,7,18.0
66365,2,4,100,5,1,60.0,0,N,MELB_URBAN,AVENUE,7,10.0
66366,4,3,181,5,1,100.0,0,N,RURAL_VICTORIA,ROAD,7,8.0
66367,1,5,99,1,1,60.0,0,I,LARGE_PROVINCIAL_CITIES,ROAD,7,9.0
66368,4,6,181,5,1,60.0,0,N,MELB_URBAN,ROAD,2,16.0
66369,6,4,174,5,2,50.0,0,N,LARGE_PROVINCIAL_CITIES,OTHER,7,16.0
66370,4,4,171,5,5,80.0,0,N,RURAL_VICTORIA,ROAD,6,21.0
66371,1,5,121,2,1,80.0,0,I,MELB_URBAN,HIGHWAY,7,7.0
66372,1,6,130,1,2,60.0,0,I,MELB_URBAN,BOULEVARD,3,7.0
66373,4,4,173,5,1,110.0,0,N,RURAL_VICTORIA,FREEWAY,7,11.0
66374,1,7,113,1,1,60.0,0,I,SMALL_CITIES,ROAD,6,14.0
66375,6,5,184,5,1,60.0,0,N,RURAL_VICTORIA,ROAD,7,7.0
66376,1,5,111,2,1,100.0,0,I,RURAL_VICTORIA,HIGHWAY,7,13.0
66377,1,5,99,2,1,60.0,0,N,MELB_URBAN,ROAD,7,11.0
66378,1,2,160,5,1,40.0,0,N,MELB_URBAN,STREET,7,12.0
66379,1,6,120,5,1,50.0,0,N,MELB_URBAN,STREET,7,15.0
66380,1,6,130,5,2,60.0,0,N,MELB_URBAN,ROAD,7,17.0
66381,1,4,147,5,1,60.0,0,N,MELB_URBAN,ROAD,7,16.0
66382,2,5,100,1,2,40.0,0,I,MELBOURNE_CBD,STREET,7,16.0
66383,1,2,130,5,4,100.0,0,N,MELB_URBAN,ROAD,7,19.0
66384,1,5,110,1,1,50.0,0,I,SMALL_CITIES,STREET,7,17.0
66385,1,7,130,5,3,100.0,0,N,MELB_URBAN,FREEWAY,7,18.0
66386,8,7,174,5,1,60.0,0,N,LARGE_PROVINCIAL_CITIES,STREET,7,15.0
66387,1,4,140,5,1,60.0,0,N,SMALL_CITIES,STREET,7,11.0
66388,1,4,110,1,3,60.0,0,I,RURAL_VICTORIA,ROAD,7,17.0
66389,1,4,130,1,3,80.0,0,I,MELB_URBAN,ROAD,7,17.0
66390,1,1,110,1,1,60.0,0,I,MELB_URBAN,STREET,7,16.0
66391,1,5,130,5,2,110.0,0,N,SMALL_CITIES,FREEWAY,7,17.0
66392,4,5,171,5,1,80.0,0,N,RURAL_VICTORIA,ROAD,7,15.0
66393,1,5,110,1,3,50.0,0,I,LARGE_PROVINCIAL_CITIES,STREET,7,17.0
66394,1,5,121,2,1,60.0,0,I,MELB_URBAN,ROAD,7,12.0
66395,1,4,130,5,2,80.0,0,I,RURAL_VICTORIA,HIGHWAY,7,19.0
66396,1,5,130,5,3,60.0,0,N,MELB_URBAN,ROAD,7,17.0
66397,1,5,99,1,2,60.0,0,I,MELB_URBAN,STREET,7,17.0
66398,4,5,171,5,3,60.0,0,N,MELB_URBAN,ROAD,7,19.0
66399,1,5,110,1,3,50.0,0,I,TOWNS,STREET,7,19.0
66400,4,5,181,5,5,100.0,0,N,RURAL_VICTORIA,ROAD,7,20.0
66401,1,5,121,1,1,60.0,0,I,MELB_URBAN,STREET,7,15.0
66402,2,4,102,1,3,60.0,0,I,MELB_URBAN,STREET,7,19.0
66403,4,5,183,5,1,100.0,0,N,RURAL_VICTORIA,ROAD,7,15.0
66404,8,4,99,5,1,40.0,0,N,MELB_URBAN,STREET,6,14.0
66405,1,6,121,2,3,80.0,0,N,MELB_URBAN,ROAD,6,18.0
66406,4,6,173,1,1,60.0,0,I,LARGE_PROVINCIAL_CITIES,ROAD,7,8.0
66407,1,5,130,2,3,70.0,0,I,MELB_URBAN,ROAD,7,5.0
66408,1,6,132,1,1,60.0,0,I,LARGE_PROVINCIAL_CITIES,UNKNOWN,7,12.0
66409,4,6,173,1,1,100.0,0,I,RURAL_VICTORIA,OTHER,7,9.0
66410,1,6,130,5,1,60.0,0,N,LARGE_PROVINCIAL_CITIES,ROAD,7,8.0
66411,1,6,99,1,1,60.0,0,I,MELB_URBAN,OTHER,7,8.0
66412,1,4,113,2,1,60.0,0,I,LARGE_PROVINCIAL_CITIES,STREET,6,9.0
66413,4,7,173,2,1,100.0,0,I,RURAL_VICTORIA,ROAD,7,11.0
66414,4,6,173,5,1,70.0,0,N,MELB_URBAN,ROAD,7,7.0
66415,1,5,110,1,1,60.0,0,I,SMALL_CITIES,STREET,7,10.0
66416,1,5,121,2,1,60.0,0,I,MELB_URBAN,ROAD,7,8.0
66417,2,2,99,5,1,50.0,0,N,MELB_URBAN,OTHER,7,13.0
66418,1,5,130,2,1,60.0,0,I,LARGE_PROVINCIAL_CITIES,ROAD,7,15.0
66419,1,6,110,1,1,50.0,0,I,MELB_URBAN,STREET,3,18.0
66420,6,6,174,2,1,60.0,0,I,SMALL_CITIES,ROAD,7,10.0
66421,1,6,130,2,1,60.0,0,N,MELB_URBAN,ROAD,7,8.0
66422,1,3,110,1,9,60.0,0,I,MELB_URBAN,ROAD,7,18.0
66423,2,6,100,5,1,70.0,0,I,MELB_URBAN,ROAD,7,14.0
66424,1,6,121,1,1,60.0,0,N,MELB_URBAN,ROAD,7,15.0
66425,1,6,121,2,1,70.0,0,I,MELB_URBAN,ROAD,7,15.0
66426,1,7,121,1,1,80.0,0,I,MELB_URBAN,ROAD,6,15.0
66427,2,2,99,1,1,60.0,0,I,MELB_URBAN,ROAD,12,15.0
66428,4,4,173,5,1,100.0,0,N,RURAL_VICTORIA,ROAD,7,8.0
66429,1,6,130,1,1,90.0,0,N,MELB_URBAN,ROAD,7,15.0
66430,1,7,130,1,1,50.0,0,N,MELB_URBAN,STREET,6,16.0
66431,1,6,135,5,1,60.0,0,N,SMALL_CITIES,STREET,7,12.0
66432,1,6,130,5,1,50.0,0,N,MELB_URBAN,STREET,5,16.0
66433,1,6,116,2,1,60.0,0,I,MELB_URBAN,ROAD,7,16.0
66434,1,7,121,2,1,60.0,0,I,MELB_URBAN,HIGHWAY,7,12.0
66435,4,6,181,5,1,100.0,0,N,RURAL_VICTORIA,ROAD,7,14.0
66436,4,6,171,2,1,60.0,0,I,MELB_URBAN,HIGHWAY,7,16.0
66437,1,6,121,4,3,60.0,0,I,MELB_URBAN,RAMP,7,22.0
66438,1,5,121,1,9,60.0,0,I,MELB_URBAN,STREET,6,17.0
66439,1,4,130,5,2,100.0,0,N,MELB_URBAN,ROAD,7,17.0
66440,1,5,130,5,1,80.0,0,N,MELB_URBAN,ROAD,5,13.0
66441,3,6,167,5,2,100.0,0,N,RURAL_VICTORIA,ROAD,7,17.0
66442,1,4,130,2,9,80.0,0,I,RURAL_VICTORIA,HIGHWAY,7,16.0
66443,4,6,99,5,3,60.0,0,N,MELB_URBAN,ROAD,7,20.0
66444,1,6,130,5,3,60.0,0,N,MELB_URBAN,ROAD,7,18.0
66445,1,6,130,2,3,50.0,0,I,MELB_URBAN,DRIVE,7,20.0
66446,1,5,121,1,3,60.0,0,I,MELB_URBAN,STREET,7,22.0
66447,6,6,174,2,3,60.0,0,I,MELB_URBAN,ROAD,7,22.0
66448,1,6,121,2,1,60.0,0,I,MELB_URBAN,ROAD,6,10.0
66449,1,7,160,5,3,50.0,0,N,MELB_URBAN,STREET,7,3.0
66450,1,5,121,5,3,60.0,0,N,MELB_URBAN,ROAD,5,18.0
66451,1,6,130,2,1,60.0,0,I,MELB_URBAN,ROAD,7,12.0
66452,1,7,120,5,3,60.0,0,N,TOWNS,STREET,7,3.0
66453,1,4,130,4,1,100.0,0,N,MELB_URBAN,FREEWAY,6,15.0
66454,1,6,121,1,2,60.0,0,I,MELB_URBAN,STREET,7,6.0
66455,4,7,181,5,2,100.0,0,N,RURAL_VICTORIA,ROAD,7,6.0
66456,3,2,167,5,1,110.0,0,N,RURAL_VICTORIA,FREEWAY,3,12.0
66457,1,7,121,5,1,60.0,0,N,RURAL_VICTORIA,STREET,7,10.0
66458,5,1,99,5,1,80.0,0,N,MELB_URBAN,FREEWAY,12,10.0
66459,1,7,121,2,1,100.0,0,I,RURAL_VICTORIA,ROAD,7,9.0
66460,2,7,100,1,1,60.0,0,I,MELB_URBAN,HIGHWAY,7,11.0
66461,1,7,121,2,3,70.0,1,I,MELB_URBAN,ROAD,7,4.0
66462,1,6,110,1,1,50.0,0,I,MELB_URBAN,OTHER,7,12.0
66463,4,6,171,5,1,100.0,0,N,RURAL_VICTORIA,ROAD,7,12.0
66464,1,6,110,4,1,40.0,0,I,MELB_URBAN,STREET,7,14.0
66465,4,6,99,4,3,60.0,0,I,MELB_URBAN,ROAD,7,22.0