,accident_type,day_of_week,dca_code,road_geometry,light_condition,speed_zone,severity,node_type,deg_urban_name,road_type,month,hour
66466,1,6,120,5,1,50.0,0,N,MELB_URBAN,ROAD,7,13.0
66467,4,7,171,1,5,110.0,0,N,RURAL_VICTORIA,FREEWAY,6,5.0
66468,8,7,174,5,1,80.0,0,N,MELB_URBAN,FREEWAY,7,14.0
66469,1,6,130,5,5,80.0,0,N,MELB_URBAN,ROAD,7,18.0
66470,1,7,163,2,1,30.0,0,N,MELB_URBAN,STREET,7,14.0
66471,1,7,99,1,1,50.0,0,I,MELB_URBAN,STREET,7,15.0
66472,1,7,99,5,1,50.0,0,N,SMALL_CITIES,STREET,7,16.0
66473,1,7,130,5,1,60.0,0,N,MELB_URBAN,ROAD,7,11.0
66474,1,7,110,1,1,60.0,0,I,SMALL_CITIES,STREET,7,17.0
66475,1,7,130,5,2,110.0,0,N,RURAL_VICTORIA,FREEWAY,7,17.0
66476,2,7,100,1,3,40.0,0,I,MELB_URBAN,STREET,7,18.0
66477,1,7,116,2,3,60.0,0,I,MELB_URBAN,AVENUE,7,17.0
66478,1,6,130,5,3,60.0,0,N,MELB_URBAN,ROAD,7,18.0
66479,4,6,171,5,3,50.0,0,N,TOWNS,HIGHWAY,7,18.0
66480,1,7,113,2,3,80.0,0,I,MELB_URBAN,ROAD,7,18.0
66481,1,7,113,2,5,100.0,0,N,RURAL_VICTORIA,ROAD,7,18.0
66482,2,7,100,1,3,60.0,0,I,MELB_URBAN,STREET,7,20.0
66483,2,7,100,5,1,100.0,0,N,RURAL_VICTORIA,ROAD,7,16.0
66484,4,7,181,5,1,100.0,0,N,RURAL_VICTORIA,ROAD,7,9.0
66485,1,7,130,5,1,70.0,0,N,MELB_URBAN,ROAD,7,15.0
66486,8,7,170,1,5,80.0,0,I,RURAL_VICTORIA,ROAD,6,18.0
66487,2,7,99,2,1,50.0,0,I,SMALL_CITIES,STREET,7,16.0
66488,1,6,99,5,2,80.0,0,I,MELB_URBAN,HIGHWAY,7,17.0
66489,1,7,110,1,3,40.0,0,I,MELB_URBAN,STREET,7,22.0
66490,2,7,102,5,3,50.0,0,N,LARGE_PROVINCIAL_CITIES,STREET,7,23.0
66491,1,4,121,1,1,60.0,0,I,MELB_URBAN,ROAD,2,19.0
66492,4,7,181,5,5,80.0,0,N,RURAL_VICTORIA,ROAD,7,23.0
66493,1,7,120,5,3,80.0,1,N,TOWNS,HIGHWAY,7,20.0
66494,4,0,183,5,3,60.0,0,N,LARGE_PROVINCIAL_CITIES,STREET,7,1.0
66495,8,3,174,5,3,60.0,0,N,MELB_URBAN,ROAD,7,19.0
66496,4,1,173,5,5,100.0,0,N,RURAL_VICTORIA,ROAD,7,5.0
66497,4,1,183,5,1,60.0,0,N,RURAL_VICTORIA,ROAD,6,15.0
66498,1,7,111,2,1,70.0,0,I,LARGE_PROVINCIAL_CITIES,STREET,7,13.0
66499,1,1,121,4,3,60.0,0,I,MELB_URBAN,RAMP,7,4.0
66500,1,7,135,5,3,100.0,0,N,MELB_URBAN,ROAD,7,23.0
66501,4,6,171,5,5,60.0,0,N,RURAL_VICTORIA,ROAD,7,22.0
66502,1,1,99,5,1,50.0,0,N,MELB_URBAN,UNKNOWN,7,10.0
66503,1,1,113,2,1,80.0,0,I,MELB_URBAN,ROAD,7,10.0
66504,1,1,147,5,1,80.0,0,N,MELB_URBAN,HIGHWAY,7,10.0
66505,1,7,135,5,2,100.0,0,N,MELB_URBAN,FREEWAY,7,19.0
66506,1,1,110,1,1,60.0,0,N,MELB_URBAN,DRIVE,7,8.0
66507,1,1,147,5,1,60.0,0,N,MELB_URBAN,STREET,7,12.0
66508,2,7,99,5,1,40.0,0,N,SMALL_TOWNS,ROAD,7,8.0
66509,2,1,100,1,1,60.0,0,I,MELB_URBAN,ROAD,7,9.0
66510,1,1,147,5,1,60.0,0,N,MELB_URBAN,AVENUE,7,11.0
66511,1,1,147,5,1,100.0,0,N,RURAL_VICTORIA,ROAD,7,12.0
66512,1,7,130,5,3,100.0,0,N,MELB_URBAN,RAMP,7,19.0
66513,6,7,184,5,1,80.0,0,N,RURAL_VICTORIA,ROAD,7,13.0
66514,1,1,130,1,1,80.0,0,I,RURAL_VICTORIA,ROAD,7,12.0
66515,2,1,100,5,1,60.0,0,N,SMALL_CITIES,STREET,7,15.0
66516,4,1,171,5,1,60.0,0,N,MELB_URBAN,STREET,7,15.0
66517,1,1,99,2,1,60.0,0,I,MELB_URBAN,ROAD,7,13.0
66518,1,1,99,2,1,70.0,0,I,RURAL_VICTORIA,ROAD,7,14.0
66519,1,1,130,1,1,50.0,0,I,MELB_URBAN,STREET,7,16.0
66520,1,6,147,5,2,50.0,0,N,MELB_URBAN,ROAD,6,16.0
66521,4,1,99,2,1,100.0,0,I,RURAL_VICTORIA,ROAD,7,15.0
66522,1,1,121,1,1,80.0,0,I,MELB_URBAN,DRIVE,7,10.0
66523,5,1,99,5,1,100.0,0,N,RURAL_VICTORIA,OTHER,7,15.0
66524,1,0,130,5,1,50.0,0,N,LARGE_PROVINCIAL_CITIES,ROAD,7,14.0
66525,1,1,120,5,1,60.0,0,N,RURAL_VICTORIA,ROAD,7,16.0
66526,1,1,160,5,2,60.0,0,N,MELB_URBAN,ROAD,7,17.0
66527,6,1,99,5,2,100.0,0,N,RURAL_VICTORIA,ROAD,7,17.0
66528,1,1,110,1,1,60.0,0,I,TOWNS,STREET,7,14.0
66529,1,1,130,5,1,60.0,0,N,MELB_URBAN,ROAD,7,16.0
66530,4,1,171,1,3,60.0,0,I,MELB_URBAN,ROAD,7,20.0
66531,1,0,130,5,1,80.0,0,N,MELB_URBAN,ROAD,7,10.0
66532,2,1,100,1,3,40.0,0,I,MELB_URBAN,STREET,7,21.0
66533,1,3,110,1,3,50.0,0,I,MELB_URBAN,AVENUE,6,18.0
66534,9,6,99,1,1,60.0,0,I,MELB_URBAN,STREET,7,9.0
66535,2,7,100,1,4,60.0,0,I,MELB_URBAN,STREET,7,22.0
66536,1,7,110,1,3,50.0,0,I,MELB_URBAN,ROAD,7,21.0
66537,1,1,140,5,1,90.0,0,N,RURAL_VICTORIA,FREEWAY,7,14.0
66538,1,0,116,1,1,60.0,0,N,LARGE_PROVINCIAL_CITIES,HIGHWAY,5,12.0
66539,1,1,181,5,1,50.0,0,N,MELB_URBAN,ROAD,7,14.0
66540,8,1,99,5,1,100.0,0,N,RURAL_VICTORIA,ROAD,7,13.0
66541,6,1,174,5,1,100.0,0,N,RURAL_VICTORIA,ROAD,7,11.0
66542,1,6,160,2,5,50.0,0,I,MELB_URBAN,DRIVE,7,5.0
66543,2,1,99,5,1,60.0,0,N,MELB_URBAN,ROAD,7,8.0
66544,1,2,130,5,1,60.0,0,N,LARGE_PROVINCIAL_CITIES,STREET,7,8.0
66545,6,2,170,5,1,40.0,0,N,LARGE_PROVINCIAL_CITIES,STREET,7,9.0
66546,3,1,167,5,9,100.0,0,N,RURAL_VICTORIA,OTHER,7,10.0
66547,2,2,102,5,1,50.0,0,N,LARGE_PROVINCIAL_CITIES,STREET,7,10.0
66548,1,2,130,2,1,50.0,0,I,SMALL_CITIES,HIGHWAY,7,11.0
66549,2,1,99,5,1,50.0,0,N,MELB_URBAN,STREET,7,10.0
66550,1,1,113,2,1,60.0,0,I,MELB_URBAN,STREET,7,10.0
66551,1,1,181,5,1,100.0,0,N,RURAL_VICTORIA,ROAD,7,9.0
66552,1,2,130,5,1,60.0,0,N,MELB_URBAN,ROAD,7,8.0
66553,1,2,121,1,1,60.0,0,N,MELB_URBAN,ROAD,7,10.0
66554,1,3,99,5,9,60.0,0,N,MELB_URBAN,STREET,4,17.0
66555,1,1,110,1,1,60.0,0,I,MELB_URBAN,ROAD,7,8.0
66556,4,7,181,5,5,80.0,0,N,RURAL_VICTORIA,ROAD,7,1.0
66557,1,2,130,5,1,60.0,0,N,MELB_URBAN,ROAD,7,10.0
66558,1,2,130,5,1,70.0,0,N,MELB_URBAN,ROAD,7,12.0
66559,2,4,100,5,2,60.0,0,N,MELB_URBAN,ROAD,7,18.0
66560,1,2,110,1,1,60.0,0,I,TOWNS,STREET,7,13.0
66561,6,2,99,5,1,100.0,0,N,MELB_URBAN,FREEWAY,7,7.0
66562,1,5,99,5,3,50.0,0,N,MELB_URBAN,STREET,6,23.0
66563,1,2,130,5,1,100.0,0,N,RURAL_VICTORIA,FREEWAY,7,14.0
66564,1,1,160,2,1,40.0,0,N,MELBOURNE_CBD,STREET,7,15.0
66565,6,4,99,5,5,100.0,0,N,RURAL_VICTORIA,ROAD,7,5.0
66566,1,2,130,5,1,60.0,0,N,MELB_URBAN,ROAD,7,14.0
66567,1,2,116,2,1,50.0,0,I,MELB_URBAN,STREET,7,15.0
66568,1,2,130,2,9,60.0,0,I,MELB_URBAN,ROAD,7,13.0
66569,1,2,140,5,1,60.0,0,N,MELB_URBAN,STREET,7,15.0
66570,1,4,130,5,3,50.0,0,N,MELB_URBAN,BOULEVARD,5,18.0
66571,1,2,130,1,1,80.0,1,N,MELB_URBAN,HIGHWAY,7,13.0
66572,8,2,184,5,1,100.0,0,N,RURAL_VICTORIA,OTHER,7,11.0
66573,4,5,183,5,3,50.0,0,N,SMALL_TOWNS,STREET,7,19.0
66574,1,2,110,1,1,50.0,0,I,MELB_URBAN,STREET,7,16.0
66575,6,2,99,5,1,100.0,0,N,RURAL_VICTORIA,ROAD,7,11.0
66576,8,2,170,5,1,60.0,0,N,RURAL_VICTORIA,ROAD,6,12.0
66577,1,3,111,2,3,70.0,0,I,MELB_URBAN,ROAD,7,18.0
66578,4,2,173,5,1,100.0,0,N,RURAL_VICTORIA,ROAD,7,15.0
66579,1,6,110,1,3,50.0,0,I,MELB_URBAN,STREET,7,18.0
66580,1,3,130,5,1,60.0,0,N,MELB_URBAN,STREET,6,8.0
66581,4,2,99,5,5,100.0,0,N,RURAL_VICTORIA,ROAD,7,17.0
66582,3,2,167,5,5,100.0,0,N,RURAL_VICTORIA,ROAD,7,18.0
66583,1,5,130,1,3,50.0,0,I,MELB_URBAN,STREET,7,21.0
66584,1,2,130,5,1,70.0,0,N,MELB_URBAN,ROAD,5,16.0
66585,1,5,130,5,3,100.0,0,I,MELB_URBAN,UNKNOWN,4,18.0
66586,6,5,174,1,1,50.0,0,I,MELB_URBAN,PARADE,2,15.0
66587,1,2,110,1,3,80.0,0,I,MELB_URBAN,ROAD,7,20.0
66588,1,1,130,5,1,50.0,0,N,SMALL_CITIES,STREET,6,12.0
66589,5,4,99,5,5,100.0,0,N,RURAL_VICTORIA,ROAD,7,5.0
66590,1,7,121,1,9,40.0,0,I,MELB_URBAN,STREET,7,19.0
66591,4,3,171,5,1,100.0,0,N,RURAL_VICTORIA,ROAD,7,8.0
66592,5,7,171,5,6,50.0,0,N,MELB_URBAN,AVENUE,5,19.0
66593,4,5,173,2,3,60.0,0,I,MELB_URBAN,ROAD,5,6.0
66594,1,5,132,1,1,60.0,0,I,TOWNS,ROAD,3,14.0
66595,1,6,130,5,1,100.0,0,N,MELB_URBAN,FREEWAY,5,6.0
66596,1,7,113,2,3,50.0,0,I,MELB_URBAN,ROAD,5,18.0
66597,4,2,181,5,1,80.0,0,N,RURAL_VICTORIA,ROAD,7,9.0
66598,1,3,134,5,1,80.0,0,N,RURAL_VICTORIA,ROAD,7,8.0
66599,1,3,130,1,9,60.0,0,I,MELB_URBAN,ROAD,6,14.0
66600,1,6,134,1,9,60.0,0,N,MELB_URBAN,ROAD,7,14.0
66601,1,2,130,5,1,80.0,0,N,MELB_URBAN,HIGHWAY,3,7.0
66602,2,3,99,5,1,50.0,0,N,SMALL_CITIES,OTHER,7,7.0
66603,4,2,99,2,5,60.0,0,I,MELB_URBAN,ROAD,7,21.0
66604,1,3,160,5,1,60.0,0,N,MELB_URBAN,UNKNOWN,7,12.0
66605,1,5,130,5,3,60.0,0,I,LARGE_PROVINCIAL_CITIES,ROAD,4,18.0
66606,4,7,173,5,3,100.0,0,N,MELB_URBAN,RAMP,7,23.0
66607,4,1,171,5,3,60.0,0,N,MELB_URBAN,PARADE,7,5.0
66608,1,3,132,5,1,60.0,0,N,MELB_URBAN,ROAD,7,13.0
66609,1,6,130,1,3,60.0,0,I,MELB_URBAN,ROAD,3,5.0
66610,3,5,167,5,5,110.0,0,N,RURAL_VICTORIA,FREEWAY,7,20.0
66611,2,7,100,1,3,50.0,0,I,MELB_URBAN,HIGHWAY,5,23.0
66612,1,2,130,5,9,60.0,0,N,MELB_URBAN,ROAD,7,16.0
66613,6,3,170,5,1,60.0,0,N,RURAL_VICTORIA,ROAD,7,16.0
66614,1,2,99,5,1,60.0,0,N,MELB_URBAN,ROAD,7,15.0
66615,1,3,121,1,1,60.0,0,I,MELB_URBAN,ROAD,7,15.0
66616,4,3,181,1,1,100.0,0,I,RURAL_VICTORIA,ROAD,7,14.0
66617,1,3,130,5,3,100.0,0,I,MELB_URBAN,FREEWAY,7,17.0
66618,1,3,121,2,3,60.0,0,I,MELB_URBAN,OTHER,7,17.0
66619,1,3,110,1,3,60.0,0,I,MELB_URBAN,ROAD,7,18.0
66620,2,3,102,1,1,60.0,0,I,MELB_URBAN,STREET,7,16.0
66621,2,3,102,1,3,60.0,0,N,MELB_URBAN,ROAD,7,19.0
66622,1,3,160,2,3,60.0,0,N,MELB_URBAN,ROAD,7,20.0
66623,1,3,110,1,3,80.0,0,I,MELB_URBAN,HIGHWAY,7,20.0
66624,2,3,100,5,3,60.0,0,N,MELB_URBAN,ROAD,7,19.0
66625,1,3,130,5,1,60.0,0,N,MELB_URBAN,STREET,7,17.0
66626,1,3,99,5,3,40.0,0,N,RURAL_VICTORIA,HIGHWAY,7,19.0
66627,4,3,181,5,1,50.0,0,N,MELB_URBAN,DRIVE,7,17.0
66628,1,3,99,5,3,60.0,0,I,MELB_URBAN,DRIVE,7,19.0
66629,4,3,171,5,3,100.0,0,N,MELB_URBAN,HIGHWAY,7,20.0
66630,1,3,130,5,3,60.0,0,I,LARGE_PROVINCIAL_CITIES,AVENUE,7,21.0
66631,1,2,133,2,3,50.0,0,I,MELB_URBAN,STREET,7,18.0
66632,2,3,102,1,5,40.0,0,I,MELBOURNE_CBD,STREET,7,22.0
66633,2,4,102,5,9,60.0,0,N,MELBOURNE_CBD,STREET,7,11.0
66634,4,4,181,5,5,80.0,0,N,RURAL_VICTORIA,ROAD,7,0.0
66635,4,3,181,2,5,100.0,1,I,RURAL_VICTORIA,HIGHWAY,7,23.0
66636,1,4,130,5,3,60.0,0,N,MELB_URBAN,ROAD,7,5.0
66637,1,7,130,2,1,60.0,0,N,MELB_URBAN,ROAD,6,13.0
66638,2,3,100,1,3,50.0,0,I,MELB_URBAN,STREET,7,20.0
66639,1,4,99,2,3,60.0,0,I,MELB_URBAN,AVENUE,7,3.0
66640,1,3,113,2,5,80.0,0,I,RURAL_VICTORIA,ROAD,7,6.0
66641,1,3,130,5,1,100.0,0,N,MELB_URBAN,FREEWAY,7,16.0
66642,6,3,174,2,1,50.0,0,N,RURAL_VICTORIA,DRIVE,7,14.0
66643,1,6,130,5,9,100.0,0,N,MELB_URBAN,FREEWAY,7,17.0
66644,1,7,116,2,1,50.0,0,I,MELB_URBAN,ROAD,5,11.0
66645,8,0,184,5,1,80.0,0,N,RURAL_VICTORIA,ROAD,7,11.0
66646,2,4,100,2,1,60.0,0,I,MELB_URBAN,ROAD,7,9.0
66647,1,3,121,1,1,50.0,0,I,MELB_URBAN,ROAD,7,9.0
66648,4,2,183,5,1,50.0,0,N,MELB_URBAN,ROAD,7,10.0
66649,4,7,171,5,1,60.0,0,N,RURAL_VICTORIA,DRIVE,5,15.0
66650,1,4,120,1,1,60.0,0,I,MELB_URBAN,ROAD,7,10.0
66651,1,3,110,1,1,50.0,0,I,MELB_URBAN,OTHER,7,10.0
66652,1,6,130,5,1,60.0,0,N,MELB_URBAN,ROAD,6,11.0
66653,1,4,121,1,1,60.0,0,I,MELB_URBAN,ROAD,7,11.0
66654,3,4,167,2,5,100.0,1,I,RURAL_VICTORIA,ROAD,7,7.0
66655,2,4,100,1,1,60.0,0,I,MELB_URBAN,ROAD,7,13.0
66656,1,4,110,1,1,50.0,0,I,MELB_URBAN,STREET,7,12.0
66657,1,6,130,5,1,60.0,0,N,MELB_URBAN,ROAD,7,8.0
66658,5,4,99,5,5,80.0,0,N,RURAL_VICTORIA,ROAD,7,7.0
66659,1,1,110,1,1,60.0,0,N,RURAL_VICTORIA,ROAD,7,8.0
66660,1,3,160,5,1,50.0,0,N,MELB_URBAN,STREET,7,11.0
66661,1,2,99,1,1,60.0,0,I,MELB_URBAN,STREET,3,8.0
66662,1,6,130,5,1,70.0,0,N,MELB_URBAN,ROAD,7,10.0
66663,1,4,113,1,1,60.0,0,I,MELB_URBAN,HIGHWAY,7,8.0
66664,1,4,121,4,1,60.0,0,I,MELB_URBAN,ROAD,7,12.0
66665,1,4,120,5,1,100.0,0,N,RURAL_VICTORIA,ROAD,7,9.0
66666,1,7,113,2,2,60.0,0,I,MELB_URBAN,DRIVE,7,6.0
66667,2,2,99,5,1,50.0,0,N,SMALL_CITIES,AVENUE,9,16.0
66668,1,4,130,5,1,80.0,0,N,MELB_URBAN,ROAD,7,14.0
66669,1,2,130,2,3,80.0,0,N,MELB_URBAN,ROAD,6,17.0
66670,1,4,99,5,1,110.0,0,N,RURAL_VICTORIA,FREEWAY,7,12.0
66671,4,3,183,5,1,100.0,0,N,RURAL_VICTORIA,HIGHWAY,7,14.0
66672,1,4,113,2,1,60.0,0,I,MELB_URBAN,ROAD,7,15.0
66673,4,4,99,1,1,70.0,0,I,MELB_URBAN,ROAD,7,15.0
66674,1,4,99,2,1,80.0,0,I,RURAL_VICTORIA,ROAD,7,12.0
66675,3,3,167,5,9,80.0,0,N,RURAL_VICTORIA,HIGHWAY,12,17.0
66676,4,4,173,2,1,100.0,0,I,RURAL_VICTORIA,ROAD,7,14.0
66677,1,4,110,1,2,50.0,0,I,SMALL_CITIES,STREET,7,17.0
66678,4,1,171,5,5,100.0,0,N,RURAL_VICTORIA,ROAD,7,22.0
66679,1,3,121,2,3,70.0,0,N,MELB_URBAN,STREET,7,18.0
66680,1,3,130,5,1,40.0,0,N,MELB_URBAN,STREET,2,15.0
66681,4,4,99,5,2,60.0,0,N,MELB_URBAN,STREET,7,17.0
66682,1,7,134,2,1,80.0,0,I,MELB_URBAN,ROAD,5,13.0
66683,1,5,130,1,3,60.0,0,I,MELB_URBAN,ROAD,7,19.0
66684,1,4,130,5,1,60.0,0,N,LARGE_PROVINCIAL_CITIES,STREET,7,15.0
66685,1,4,121,1,3,60.0,0,I,LARGE_PROVINCIAL_CITIES,ROAD,7,18.0
66686,2,4,100,1,2,60.0,0,I,MELB_URBAN,ROAD,7,19.0
66687,1,3,130,5,3,80.0,0,N,MELB_URBAN,AVENUE,7,19.0
66688,1,3,130,5,1,60.0,0,N,MELB_URBAN,ROAD,7,17.0
66689,2,4,100,4,1,50.0,0,I,MELB_URBAN,ROAD,7,14.0
66690,4,4,173,5,1,60.0,0,N,MELB_URBAN,ROAD,7,14.0
66691,1,4,130,2,1,60.0,0,I,MELB_URBAN,STREET,7,16.0
66692,1,2,130,5,6,100.0,0,N,MELB_URBAN,ROAD,7,19.0
66693,1,3,121,1,3,60.0,0,I,MELB_URBAN,STREET,7,18.0
66694,4,4,181,2,3,50.0,0,I,SMALL_CITIES,OTHER,7,23.0
66695,1,5,147,2,3,60.0,0,I,MELB_URBAN,BOULEVARD,7,1.0
66696,6,5,99,5,5,110.0,0,N,RURAL_VICTORIA,FREEWAY,7,4.0
66697,4,5,173,1,5,80.0,0,I,RURAL_VICTORIA,ROAD,7,3.0
66698,6,1,174,4,1,60.0,0,N,RURAL_VICTORIA,ROAD,7,13.0
66699,2,5,100,1,3,60.0,0,I,MELB_URBAN,ROAD,7,7.0
66700,1,5,121,2,1,50.0,0,I,MELB_URBAN,STREET,7,8.0
66701,1,5,110,1,3,60.0,0,I,SMALL_CITIES,STREET,7,7.0
66702,1,3,130,1,1,70.0,0,I,MELB_URBAN,ROAD,7,9.0
66703,1,1,130,5,1,60.0,0,N,MELB_URBAN,PARADE,5,16.0
66704,4,4,173,5,1,100.0,0,N,MELB_URBAN,FREEWAY,7,8.0
66705,6,5,174,5,1,60.0,0,N,MELB_URBAN,ROAD,7,9.0
66706,1,6,130,5,9,60.0,0,N,RURAL_VICTORIA,ROAD,5,11.0
66707,1,5,130,5,1,60.0,0,N,MELB_URBAN,ROAD,7,9.0
66708,1,5,133,5,1,100.0,0,N,MELB_URBAN,UNKNOWN,7,9.0
66709,1,3,130,5,3,70.0,0,N,MELB_URBAN,HIGHWAY,7,18.0
66710,1,5,160,5,1,100.0,0,N,MELB_URBAN,FREEWAY,7,9.0
66711,1,2,130,5,1,80.0,0,N,MELB_URBAN,ROAD,7,16.0
66712,1,5,130,5,1,60.0,0,N,MELB_URBAN,ROAD,7,12.0
66713,1,4,99,1,6,60.0,0,N,MELB_URBAN,ROAD,5,23.0
66714,1,3,113,2,1,60.0,0,I,MELB_URBAN,ROAD,6,16.0
66715,1,5,130,5,1,70.0,0,N,MELB_URBAN,ROAD,7,11.0
66716,1,3,160,5,1,50.0,0,N,MELB_URBAN,AVENUE,6,8.0
66717,3,4,167,5,2,100.0,0,N,RURAL_VICTORIA,ROAD,7,7.0
66718,1,6,130,2,3,60.0,0,I,MELB_URBAN,ROAD,7,19.0
66719,1,5,110,1,1,50.0,0,I,SMALL_CITIES,STREET,7,13.0
66720,6,7,99,5,1,60.0,0,N,RURAL_VICTORIA,ROAD,7,17.0
66721,1,5,113,2,1,60.0,0,I,LARGE_PROVINCIAL_CITIES,ROAD,7,14.0
66722,2,7,99,5,3,50.0,0,N,TOWNS,STREET,7,19.0
66723,1,5,110,1,1,70.0,0,I,MELB_URBAN,BOULEVARD,7,13.0
66724,2,5,99,5,1,50.0,0,N,LARGE_PROVINCIAL_CITIES,STREET,7,15.0
66725,4,7,181,5,1,50.0,0,N,SMALL_CITIES,OTHER,7,15.0
66726,2,7,99,5,5,100.0,0,N,RURAL_VICTORIA,ROAD,7,19.0
66727,1,5,130,5,1,70.0,0,N,LARGE_PROVINCIAL_CITIES,HIGHWAY,7,16.0
66728,1,4,160,5,1,50.0,0,N,MELB_URBAN,DRIVE,7,16.0
66729,1,4,99,5,1,50.0,0,N,MELB_URBAN,STREET,7,9.0
66730,1,4,99,2,2,50.0,0,I,SMALL_CITIES,STREET,7,17.0
66731,1,4,121,1,1,80.0,0,I,MELB_URBAN,ROAD,7,16.0
66732,1,6,163,5,1,50.0,0,N,MELB_URBAN,STREET,5,8.0
66733,1,5,99,2,2,60.0,0,I,MELB_URBAN,STREET,7,18.0
66734,1,5,130,2,1,70.0,0,I,RURAL_VICTORIA,ROAD,7,16.0
66735,2,5,99,5,1,60.0,0,N,RURAL_VICTORIA,STREET,7,17.0
66736,1,4,120,5,1,40.0,0,N,MELB_URBAN,PARADE,7,15.0
66737,1,5,130,5,1,80.0,0,N,MELB_URBAN,ROAD,7,15.0
66738,1,5,120,5,5,60.0,0,N,RURAL_VICTORIA,HIGHWAY,7,19.0
66739,1,5,111,2,3,60.0,0,I,MELB_URBAN,ROAD,7,18.0
66740,4,5,171,5,3,50.0,0,N,MELB_URBAN,OTHER,7,20.0
66741,4,6,181,2,3,60.0,1,I,MELB_URBAN,ROAD,7,0.0
66742,2,5,99,5,1,40.0,0,N,MELB_URBAN,STREET,7,8.0
66743,2,2,99,5,3,50.0,0,N,MELB_URBAN,OTHER,7,18.0
66744,2,2,100,5,3,60.0,0,N,MELB_URBAN,STREET,5,19.0
66745,4,6,171,5,5,110.0,0,N,RURAL_VICTORIA,FREEWAY,7,4.0
66746,2,6,100,2,3,60.0,0,I,MELB_URBAN,ROAD,7,6.0
66747,2,5,102,1,3,60.0,0,I,MELB_URBAN,ROAD,7,7.0
66748,1,3,110,1,3,50.0,0,I,LARGE_PROVINCIAL_CITIES,STREET,7,20.0
66749,4,7,173,5,9,60.0,0,N,MELB_URBAN,ROAD,6,9.0
66750,4,6,183,4,5,100.0,0,I,RURAL_VICTORIA,ROAD,7,3.0
66751,1,5,130,1,1,80.0,0,I,MELB_URBAN,ROAD,7,15.0
66752,2,6,99,5,1,60.0,0,N,SMALL_CITIES,STREET,7,12.0
66753,1,4,99,1,3,50.0,0,I,MELB_URBAN,STREET,7,18.0
66754,1,6,134,5,1,70.0,0,N,MELB_URBAN,ROAD,7,9.0
66755,1,6,147,5,1,80.0,0,N,MELB_URBAN,ROAD,7,10.0
66756,1,6,130,4,2,40.0,0,I,MELB_URBAN,ROAD,7,6.0
66757,1,6,132,1,1,60.0,0,I,MELB_URBAN,ROAD,7,10.0
66758,1,6,121,2,1,60.0,0,I,MELB_URBAN,STREET,7,10.0
66759,1,6,121,5,1,60.0,0,N,MELB_URBAN,ROAD,7,11.0
66760,1,6,132,2,1,60.0,0,I,MELB_URBAN,ROAD,7,10.0
66761,1,6,121,2,1,60.0,0,I,MELB_URBAN,ROAD,7,8.0
66762,1,6,113,2,1,60.0,0,I,SMALL_CITIES,ROAD,7,10.0
66763,8,1,174,5,2,50.0,0,N,RURAL_VICTORIA,ROAD,7,7.0
66764,1,5,110,1,1,60.0,0,I,MELB_URBAN,ROAD,6,10.0
66765,2,6,99,5,1,50.0,0,N,MELB_URBAN,STREET,7,12.0
66766,1,4,160,5,1,40.0,0,N,MELB_URBAN,ROAD,7,15.0
66767,1,6,160,5,1,60.0,0,N,MELB_URBAN,ROAD,7,8.0
66768,1,6,110,1,1,50.0,0,I,MELB_URBAN,ROAD,7,12.0
66769,2,5,102,1,3,60.0,0,I,MELB_URBAN,STREET,7,22.0
66770,1,6,121,2,1,50.0,0,I,MELB_URBAN,AVENUE,7,13.0
66771,1,6,147,5,1,60.0,0,N,SMALL_CITIES,STREET,7,8.0
66772,8,6,174,1,1,50.0,0,N,MELB_URBAN,STREET,7,11.0
66773,2,6,100,1,1,50.0,0,I,MELB_URBAN,STREET,7,15.0
66774,1,6,111,2,1,60.0,0,I,MELB_URBAN,ROAD,7,12.0
66775,8,3,174,2,9,40.0,0,N,MELBOURNE_CBD,STREET,7,8.0
66776,1,6,113,2,1,60.0,0,I,MELB_URBAN,ROAD,7,14.0
66777,1,3,130,5,1,80.0,0,N,MELB_URBAN,FREEWAY,7,14.0
66778,1,7,113,2,1,60.0,0,I,MELB_URBAN,ROAD,7,10.0
66779,6,6,170,5,1,100.0,0,N,RURAL_VICTORIA,ROAD,5,9.0
66780,1,6,113,2,1,60.0,0,I,MELB_URBAN,ROAD,7,14.0
66781,2,6,100,1,1,50.0,0,I,SMALL_CITIES,ROAD,7,15.0
66782,4,6,171,5,1,110.0,0,N,RURAL_VICTORIA,FREEWAY,7,17.0
66783,5,6,99,5,5,100.0,0,N,RURAL_VICTORIA,ROAD,7,7.0
66784,1,6,113,2,1,60.0,0,I,MELB_URBAN,ROAD,7,16.0
66785,1,6,130,2,3,80.0,0,I,MELB_URBAN,ROAD,7,18.0
66786,2,6,100,1,3,60.0,0,I,MELB_URBAN,ROAD,7,18.0
66787,1,6,130,5,6,60.0,0,N,TOWNS,HIGHWAY,7,18.0
66788,1,6,99,1,3,60.0,0,I,MELB_URBAN,ROAD,7,17.0
66789,1,5,121,1,1,60.0,0,I,MELB_URBAN,STREET,7,18.0
66790,1,5,130,5,2,100.0,0,N,MELB_URBAN,ROAD,7,7.0
66791,2,6,99,5,1,50.0,0,N,MELB_URBAN,STREET,7,14.0
66792,1,6,121,1,3,60.0,0,I,MELB_URBAN,STREET,7,18.0
66793,2,6,99,1,1,60.0,0,I,MELB_URBAN,BOULEVARD,7,15.0
66794,1,6,121,1,3,60.0,0,I,MELB_URBAN,DRIVE,7,20.0
66795,1,5,140,2,9,60.0,0,N,MELB_URBAN,STREET,7,20.0
66796,1,6,130,5,2,80.0,0,N,MELB_URBAN,FREEWAY,7,7.0
66797,1,1,113,2,1,50.0,0,I,MELB_URBAN,OTHER,7,11.0