,accident_type,day_of_week,dca_code,road_geometry,light_condition,speed_zone,severity,node_type,deg_urban_name,road_type,month,hour
66798,1,6,121,5,1,60.0,0,I,MELB_URBAN,ROAD,7,14.0
66799,1,6,121,1,3,80.0,0,I,MELB_URBAN,HIGHWAY,7,21.0
66800,6,6,170,5,3,100.0,0,N,MELB_URBAN,FREEWAY,7,21.0
66801,4,2,173,5,5,60.0,0,N,RURAL_VICTORIA,ROAD,5,23.0
66802,5,6,99,5,5,80.0,0,N,RURAL_VICTORIA,ROAD,7,23.0
66803,4,6,183,5,5,110.0,0,N,TOWNS,FREEWAY,7,23.0
66804,4,7,171,5,3,70.0,0,N,MELB_URBAN,ROAD,7,5.0
66805,4,7,171,5,3,80.0,0,N,MELB_URBAN,HIGHWAY,7,5.0
66806,6,7,174,5,1,80.0,0,N,RURAL_VICTORIA,HIGHWAY,7,10.0
66807,1,5,130,5,1,60.0,0,N,SMALL_TOWNS,RAMP,7,16.0
66808,1,7,113,2,1,60.0,0,I,MELB_URBAN,ROAD,7,11.0
66809,2,6,99,5,1,50.0,0,N,MELB_URBAN,UNKNOWN,7,15.0
66810,7,7,99,5,1,70.0,0,N,SMALL_TOWNS,ROAD,7,9.0
66811,1,7,110,1,1,60.0,0,I,MELB_URBAN,ROAD,7,10.0
66812,1,6,110,1,2,60.0,0,I,MELB_URBAN,ROAD,7,7.0
66813,4,7,171,5,1,100.0,0,N,RURAL_VICTORIA,RAMP,7,12.0
66814,1,6,121,1,1,60.0,0,I,MELB_URBAN,ROAD,7,13.0
66815,1,7,113,2,1,90.0,0,I,RURAL_VICTORIA,ROAD,7,9.0
66816,1,7,130,5,1,60.0,0,N,LARGE_PROVINCIAL_CITIES,STREET,7,14.0
66817,1,3,147,5,1,60.0,0,N,MELB_URBAN,ROAD,6,12.0
66818,4,7,173,5,1,100.0,0,N,RURAL_VICTORIA,HIGHWAY,7,12.0
66819,4,7,171,5,1,100.0,1,N,RURAL_VICTORIA,ROAD,7,8.0
66820,1,5,130,5,9,60.0,0,N,LARGE_PROVINCIAL_CITIES,STREET,7,17.0
66821,1,7,130,1,1,50.0,0,I,MELB_URBAN,ROAD,7,14.0
66822,1,7,130,2,1,60.0,0,N,MELB_URBAN,ROAD,7,8.0
66823,2,7,100,5,1,50.0,0,N,TOWNS,ROAD,7,11.0
66824,1,7,160,5,1,60.0,0,N,MELB_URBAN,ROAD,7,15.0
66825,1,6,130,5,1,80.0,0,N,MELB_URBAN,ROAD,7,15.0
66826,1,7,110,1,2,60.0,0,I,SMALL_TOWNS,ROAD,7,16.0
66827,1,7,116,2,1,70.0,0,I,MELB_URBAN,STREET,7,14.0
66828,1,7,130,1,3,80.0,0,I,MELB_URBAN,ROAD,7,18.0
66829,6,7,170,2,1,60.0,0,I,MELB_URBAN,ROAD,7,16.0
66830,1,7,134,5,1,100.0,0,N,MELB_URBAN,FREEWAY,7,16.0
66831,2,7,100,5,1,60.0,0,N,MELB_URBAN,STREET,7,16.0
66832,1,6,121,2,1,60.0,0,I,MELB_URBAN,ROAD,7,15.0
66833,1,6,121,1,3,60.0,0,I,MELB_URBAN,ROAD,7,18.0
66834,2,7,100,1,2,70.0,0,I,MELB_URBAN,ROAD,7,16.0
66835,1,7,121,4,5,80.0,0,I,RURAL_VICTORIA,ROAD,7,20.0
66836,1,7,99,5,1,80.0,0,N,RURAL_VICTORIA,HIGHWAY,7,16.0
66837,1,7,120,5,2,80.0,0,N,RURAL_VICTORIA,ROAD,7,17.0
66838,1,7,121,2,3,60.0,0,I,MELB_URBAN,ROAD,7,21.0
66839,4,7,181,5,5,100.0,1,N,RURAL_VICTORIA,ROAD,7,21.0
66840,4,7,171,1,3,60.0,0,I,RURAL_VICTORIA,ROAD,7,21.0
66841,2,7,102,5,5,60.0,0,N,MELB_URBAN,ROAD,7,23.0
66842,3,7,167,5,5,110.0,0,N,RURAL_VICTORIA,FREEWAY,7,23.0
66843,4,5,183,5,5,60.0,0,N,SMALL_CITIES,ROAD,6,2.0
66844,4,7,171,5,3,60.0,1,N,LARGE_PROVINCIAL_CITIES,STREET,7,23.0
66845,4,1,181,5,5,100.0,0,N,RURAL_VICTORIA,ROAD,7,0.0
66846,3,1,167,5,5,100.0,0,N,RURAL_VICTORIA,HIGHWAY,7,6.0
66847,1,7,134,5,1,100.0,0,N,MELB_URBAN,FREEWAY,7,16.0
66848,2,1,99,5,1,40.0,0,N,SMALL_CITIES,STREET,7,9.0
66849,1,5,147,5,1,50.0,0,N,MELB_URBAN,STREET,7,10.0
66850,4,1,181,5,2,50.0,0,N,LARGE_PROVINCIAL_CITIES,DRIVE,7,6.0
66851,1,5,130,5,2,60.0,0,N,MELB_URBAN,ROAD,7,18.0
66852,2,1,100,2,1,60.0,1,N,LARGE_PROVINCIAL_CITIES,ROAD,7,9.0
66853,8,1,174,5,1,50.0,0,N,TOWNS,DRIVE,7,12.0
66854,5,1,99,5,1,100.0,0,N,RURAL_VICTORIA,HIGHWAY,7,8.0
66855,6,5,170,5,3,80.0,0,N,MELB_URBAN,ROAD,7,19.0
66856,1,6,130,2,1,60.0,0,I,MELB_URBAN,ROAD,7,16.0
66857,1,1,99,5,1,50.0,0,N,SMALL_CITIES,DRIVE,7,13.0
66858,2,1,100,2,1,40.0,0,I,MELB_URBAN,STREET,7,13.0
66859,4,0,183,5,1,50.0,0,N,MELB_URBAN,OTHER,7,11.0
66860,1,1,113,2,1,100.0,0,I,RURAL_VICTORIA,ROAD,7,12.0
66861,1,1,130,5,1,80.0,0,N,MELB_URBAN,UNKNOWN,7,10.0
66862,2,6,102,5,3,50.0,0,N,MELB_URBAN,ROAD,7,18.0
66863,4,0,171,5,1,110.0,0,N,RURAL_VICTORIA,FREEWAY,7,15.0
66864,4,1,181,5,1,100.0,0,N,RURAL_VICTORIA,ROAD,7,13.0
66865,1,0,130,2,3,60.0,0,N,MELB_URBAN,ROAD,7,17.0
66866,4,1,173,5,5,80.0,0,N,RURAL_VICTORIA,ROAD,7,18.0
66867,1,1,121,2,3,60.0,0,I,SMALL_CITIES,DRIVE,7,17.0
66868,1,1,110,1,3,60.0,0,I,MELB_URBAN,STREET,7,18.0
66869,1,0,120,2,3,60.0,0,I,TOWNS,STREET,7,18.0
66870,1,3,130,1,2,70.0,0,I,LARGE_PROVINCIAL_CITIES,ROAD,7,18.0
66871,4,1,173,5,1,100.0,0,N,RURAL_VICTORIA,ROAD,7,15.0
66872,4,1,181,5,5,80.0,0,N,RURAL_VICTORIA,HIGHWAY,7,18.0
66873,4,1,173,5,2,100.0,1,N,RURAL_VICTORIA,OTHER,7,17.0
66874,1,1,120,5,1,100.0,0,N,RURAL_VICTORIA,ROAD,7,11.0
66875,4,1,173,5,1,100.0,0,N,RURAL_VICTORIA,HIGHWAY,7,15.0
66876,1,2,99,5,5,100.0,0,N,RURAL_VICTORIA,ROAD,7,0.0
66877,1,5,111,2,1,70.0,0,I,MELB_URBAN,HIGHWAY,7,14.0
66878,1,2,120,1,5,100.0,1,I,RURAL_VICTORIA,ROAD,7,4.0
66879,2,1,100,1,1,60.0,0,I,MELB_URBAN,ROAD,7,10.0
66880,1,6,130,5,1,50.0,0,N,TOWNS,HIGHWAY,7,12.0
66881,1,2,130,5,1,70.0,0,N,MELB_URBAN,STREET,7,7.0
66882,1,4,113,2,1,60.0,0,I,MELB_URBAN,ROAD,7,7.0
66883,2,2,102,5,1,60.0,0,N,MELB_URBAN,ROAD,7,9.0
66884,1,2,130,5,1,80.0,0,N,MELB_URBAN,ROAD,7,8.0
66885,1,6,120,5,1,100.0,0,N,RURAL_VICTORIA,HIGHWAY,7,14.0
66886,1,5,147,5,1,60.0,0,N,MELB_URBAN,ROAD,7,15.0
66887,1,2,120,2,1,70.0,0,I,MELB_URBAN,ROAD,7,10.0
66888,4,2,181,5,1,100.0,0,N,RURAL_VICTORIA,ROAD,7,10.0
66889,8,2,99,5,1,60.0,0,N,LARGE_PROVINCIAL_CITIES,STREET,7,9.0
66890,6,6,174,5,4,50.0,0,N,MELB_URBAN,OTHER,7,23.0
66891,2,1,102,2,5,50.0,0,I,MELB_URBAN,STREET,7,21.0
66892,5,1,99,5,1,60.0,0,N,RURAL_VICTORIA,ROAD,7,16.0
66893,5,6,99,5,1,60.0,0,N,RURAL_VICTORIA,ROAD,7,12.0
66894,6,7,174,5,1,100.0,0,N,RURAL_VICTORIA,ROAD,6,10.0
66895,1,5,130,5,1,60.0,0,N,MELB_URBAN,ROAD,7,15.0
66896,1,2,140,2,3,60.0,0,I,MELB_URBAN,ROAD,7,18.0
66897,1,1,130,1,1,80.0,0,I,MELB_URBAN,HIGHWAY,7,9.0
66898,1,2,113,2,1,60.0,0,I,TOWNS,STREET,7,11.0
66899,1,4,110,1,1,40.0,0,I,MELB_URBAN,STREET,6,15.0
66900,6,6,174,1,3,70.0,0,I,MELB_URBAN,ROAD,4,23.0
66901,1,2,113,1,1,60.0,0,I,MELB_URBAN,ROAD,7,9.0
66902,2,2,99,5,1,60.0,0,N,MELB_URBAN,ROAD,7,11.0
66903,2,6,100,1,6,60.0,0,I,MELBOURNE_CBD,STREET,7,22.0
66904,1,2,113,2,1,70.0,0,I,MELB_URBAN,ROAD,7,15.0
66905,2,2,102,5,1,40.0,0,N,MELB_URBAN,STREET,7,15.0
66906,2,2,99,5,1,50.0,0,N,SMALL_CITIES,STREET,7,12.0
66907,1,5,130,5,2,80.0,0,N,MELB_URBAN,ROAD,7,17.0
66908,1,2,121,2,1,70.0,0,I,MELB_URBAN,ROAD,7,16.0
66909,4,3,181,5,3,100.0,0,N,MELB_URBAN,FREEWAY,7,21.0
66910,1,2,120,5,1,50.0,0,N,MELB_URBAN,STREET,7,15.0
66911,1,1,130,5,1,70.0,0,N,MELB_URBAN,ROAD,7,15.0
66912,2,2,102,4,3,40.0,0,I,MELB_URBAN,STREET,7,18.0
66913,1,2,160,5,1,50.0,0,N,LARGE_PROVINCIAL_CITIES,STREET,7,15.0
66914,1,2,160,5,4,70.0,0,N,MELB_URBAN,ROAD,7,18.0
66915,1,2,121,2,1,40.0,0,I,MELB_URBAN,STREET,7,16.0
66916,1,2,121,4,3,60.0,0,N,MELB_URBAN,ROAD,7,19.0
66917,4,1,171,5,3,50.0,0,N,SMALL_CITIES,STREET,7,17.0
66918,1,2,134,2,1,60.0,0,I,MELB_URBAN,ROAD,7,16.0
66919,4,2,173,5,1,50.0,0,N,MELB_URBAN,ROAD,7,14.0
66920,5,1,99,5,5,100.0,0,N,RURAL_VICTORIA,ROAD,7,20.0
66921,4,2,171,1,3,50.0,0,I,SMALL_CITIES,STREET,7,17.0
66922,1,2,130,5,3,60.0,0,N,LARGE_PROVINCIAL_CITIES,ROAD,7,19.0
66923,4,2,171,2,6,80.0,1,N,MELB_URBAN,HIGHWAY,7,18.0
66924,1,1,121,2,3,80.0,0,I,MELB_URBAN,ROAD,7,22.0
66925,1,2,130,5,5,40.0,0,N,RURAL_VICTORIA,ROAD,7,18.0
66926,4,2,173,5,2,100.0,1,N,RURAL_VICTORIA,ROAD,7,18.0
66927,4,2,99,2,3,60.0,0,I,MELB_URBAN,DRIVE,7,23.0
66928,1,0,163,5,1,40.0,0,N,MELB_URBAN,STREET,7,15.0
66929,1,2,116,2,1,40.0,0,I,MELB_URBAN,STREET,7,8.0
66930,2,3,100,2,1,40.0,0,I,MELB_URBAN,ROAD,7,8.0
66931,4,4,181,1,3,50.0,0,I,MELB_URBAN,DRIVE,7,1.0
66932,1,5,110,1,1,50.0,0,I,LARGE_PROVINCIAL_CITIES,STREET,7,15.0
66933,5,6,99,5,1,60.0,0,N,RURAL_VICTORIA,ROAD,7,9.0
66934,1,3,120,5,1,60.0,0,N,MELB_URBAN,ROAD,7,7.0
66935,1,3,121,1,1,60.0,0,I,RURAL_VICTORIA,ROAD,7,7.0
66936,1,6,130,1,1,40.0,0,I,MELB_URBAN,ROAD,2,8.0
66937,1,3,130,1,1,60.0,0,I,LARGE_PROVINCIAL_CITIES,STREET,7,11.0
66938,8,4,174,5,1,100.0,0,N,RURAL_VICTORIA,ROAD,7,17.0
66939,1,5,147,5,1,60.0,0,N,TOWNS,STREET,7,16.0
66940,2,4,100,1,1,60.0,0,I,MELB_URBAN,ROAD,7,16.0
66941,1,4,99,1,1,60.0,0,I,MELB_URBAN,ROAD,6,15.0
66942,5,1,99,5,3,100.0,0,N,MELB_URBAN,UNKNOWN,7,18.0
66943,1,3,121,5,1,60.0,0,N,MELB_URBAN,ROAD,7,15.0
66944,1,3,113,2,1,100.0,0,I,RURAL_VICTORIA,ROAD,7,15.0
66945,1,5,113,2,1,40.0,0,I,LARGE_PROVINCIAL_CITIES,OTHER,6,16.0
66946,1,1,130,2,9,100.0,0,I,MELB_URBAN,HIGHWAY,12,12.0
66947,1,5,111,2,3,60.0,0,I,RURAL_VICTORIA,ROAD,3,21.0
66948,2,3,102,4,1,40.0,0,I,MELB_URBAN,STREET,7,11.0
66949,1,5,135,2,3,40.0,0,N,MELB_URBAN,ROAD,7,18.0
66950,1,3,116,4,1,60.0,0,I,MELB_URBAN,ROAD,7,16.0
66951,1,2,116,2,1,100.0,0,I,RURAL_VICTORIA,ROAD,7,16.0
66952,1,1,173,5,5,110.0,0,N,RURAL_VICTORIA,FREEWAY,6,6.0
66953,1,2,110,1,1,40.0,0,I,MELB_URBAN,STREET,7,16.0
66954,1,2,121,3,3,60.0,0,I,MELB_URBAN,ROAD,7,18.0
66955,2,2,99,5,5,60.0,0,N,RURAL_VICTORIA,STREET,7,19.0
66956,1,3,130,2,5,70.0,0,I,MELB_URBAN,ROAD,7,18.0
66957,1,3,130,5,5,60.0,0,N,MELB_URBAN,ROAD,7,19.0
66958,1,3,130,5,1,100.0,0,N,MELB_URBAN,FREEWAY,7,16.0
66959,1,3,121,2,5,70.0,0,I,MELB_URBAN,DRIVE,7,18.0
66960,1,3,121,1,3,40.0,0,I,MELB_URBAN,ROAD,7,17.0
66961,2,3,102,2,2,40.0,0,I,MELB_URBAN,ROAD,7,19.0
66962,1,4,99,2,2,80.0,0,I,MELB_URBAN,ROAD,7,7.0
66963,4,2,171,5,3,60.0,0,N,SMALL_CITIES,ROAD,7,22.0
66964,1,3,99,1,3,80.0,0,I,MELB_URBAN,ROAD,7,20.0
66965,4,4,171,5,5,100.0,0,N,RURAL_VICTORIA,ROAD,7,1.0
66966,1,3,121,1,1,60.0,0,I,MELB_URBAN,ROAD,7,16.0
66967,4,4,181,2,3,60.0,0,I,MELB_URBAN,ROAD,7,0.0
66968,2,4,100,2,3,60.0,0,I,MELB_URBAN,ROAD,7,6.0
66969,4,3,171,5,1,100.0,0,N,RURAL_VICTORIA,ROAD,7,13.0
66970,1,5,130,2,2,60.0,0,I,MELB_URBAN,ROAD,7,18.0
66971,1,4,99,1,1,60.0,0,I,MELB_URBAN,ROAD,7,7.0
66972,2,7,99,5,1,50.0,0,N,SMALL_TOWNS,STREET,7,11.0
66973,1,4,183,5,1,60.0,0,N,SMALL_CITIES,ROAD,4,13.0
66974,1,4,147,2,1,60.0,0,I,MELB_URBAN,ROAD,3,14.0
66975,1,3,134,5,1,80.0,0,N,MELB_URBAN,ROAD,7,9.0
66976,1,3,132,2,9,60.0,0,I,LARGE_PROVINCIAL_CITIES,HIGHWAY,7,18.0
66977,1,3,130,2,1,80.0,0,I,MELB_URBAN,ROAD,7,11.0
66978,2,4,100,5,1,60.0,0,N,MELB_URBAN,STREET,7,12.0
66979,4,4,173,1,1,40.0,0,I,MELB_URBAN,ROAD,7,11.0
66980,1,2,116,1,3,60.0,0,I,MELB_URBAN,ROAD,7,18.0
66981,1,4,130,1,1,80.0,0,I,LARGE_PROVINCIAL_CITIES,HIGHWAY,7,13.0
66982,1,5,130,1,1,60.0,0,I,LARGE_PROVINCIAL_CITIES,STREET,4,12.0
66983,2,4,99,5,1,70.0,0,N,MELB_URBAN,ROAD,7,12.0
66984,1,3,99,5,1,100.0,0,N,RURAL_VICTORIA,ROAD,7,11.0
66985,1,3,120,5,1,70.0,0,N,RURAL_VICTORIA,ROAD,7,15.0
66986,1,4,111,1,2,100.0,0,I,SMALL_TOWNS,STREET,7,18.0
66987,1,5,133,5,3,60.0,0,N,MELB_URBAN,ROAD,7,23.0
66988,1,4,121,2,3,60.0,0,I,MELB_URBAN,STREET,7,18.0
66989,1,4,113,1,1,60.0,0,I,MELB_URBAN,ROAD,7,12.0
66990,1,3,133,5,3,50.0,0,N,MELB_URBAN,ROAD,7,19.0
66991,4,4,171,5,5,80.0,1,N,RURAL_VICTORIA,ROAD,7,1.0
66992,1,4,132,5,3,60.0,0,I,TOWNS,STREET,7,18.0
66993,1,4,130,5,2,80.0,0,N,MELB_URBAN,ROAD,7,18.0
66994,4,4,171,1,5,80.0,0,I,RURAL_VICTORIA,ROAD,7,20.0
66995,1,4,130,5,3,80.0,0,N,MELB_URBAN,HIGHWAY,7,22.0
66996,4,4,173,5,6,60.0,0,N,MELB_URBAN,ROAD,7,1.0
66997,8,5,174,2,5,70.0,0,N,MELB_URBAN,ROAD,7,5.0
66998,1,5,116,2,1,60.0,0,I,MELB_URBAN,ROAD,7,7.0
66999,1,5,110,1,1,50.0,0,I,MELB_URBAN,ROAD,7,7.0
67000,1,5,130,2,1,60.0,0,I,RURAL_VICTORIA,ROAD,7,7.0
67001,1,5,134,5,3,80.0,0,N,MELB_URBAN,ROAD,7,6.0
67002,1,6,130,1,1,60.0,0,I,LARGE_PROVINCIAL_CITIES,HIGHWAY,7,10.0
67003,1,5,120,2,1,60.0,0,I,MELB_URBAN,ROAD,7,7.0
67004,1,3,130,5,1,70.0,0,N,MELB_URBAN,ROAD,4,17.0
67005,1,4,99,5,9,50.0,0,N,MELB_URBAN,UNKNOWN,7,15.0
67006,1,5,130,2,1,100.0,0,I,SMALL_CITIES,ROAD,7,10.0
67007,6,2,99,5,1,100.0,0,N,RURAL_VICTORIA,ROAD,7,14.0
67008,1,4,140,2,1,40.0,0,N,MELBOURNE_CBD,STREET,7,11.0
67009,1,5,121,2,1,60.0,0,I,MELB_URBAN,ROAD,7,9.0
67010,1,5,130,1,1,50.0,0,I,LARGE_PROVINCIAL_CITIES,ROAD,7,16.0
67011,4,4,171,5,1,70.0,0,N,RURAL_VICTORIA,ROAD,6,15.0
67012,1,5,130,1,1,80.0,0,I,MELB_URBAN,ROAD,7,10.0
67013,1,7,130,2,2,50.0,0,I,SMALL_CITIES,ROAD,7,17.0
67014,1,4,99,4,1,60.0,0,I,MELB_URBAN,STREET,7,9.0
67015,1,4,135,5,1,100.0,0,N,MELB_URBAN,ROAD,7,15.0
67016,1,4,121,4,3,60.0,0,I,MELB_URBAN,ROAD,7,21.0
67017,2,1,99,5,1,60.0,0,N,MELB_URBAN,STREET,7,8.0
67018,1,4,147,5,1,50.0,0,N,MELB_URBAN,STREET,7,15.0
67019,1,5,110,1,1,60.0,0,I,TOWNS,STREET,7,14.0
67020,4,5,171,5,1,60.0,0,N,MELB_URBAN,ROAD,7,8.0
67021,1,4,120,5,1,50.0,0,N,RURAL_VICTORIA,ROAD,7,16.0
67022,1,3,135,2,1,40.0,0,N,MELB_URBAN,STREET,7,13.0
67023,1,5,120,5,1,100.0,0,N,RURAL_VICTORIA,HIGHWAY,7,11.0
67024,2,5,99,5,1,50.0,0,N,SMALL_CITIES,STREET,7,8.0
67025,1,5,110,1,1,60.0,0,I,SMALL_CITIES,STREET,7,15.0
67026,1,2,99,1,1,60.0,0,I,MELB_URBAN,ROAD,7,15.0
67027,1,5,99,2,2,60.0,0,I,LARGE_PROVINCIAL_CITIES,STREET,7,16.0
67028,1,5,130,2,1,80.0,0,I,MELB_URBAN,ROAD,6,13.0
67029,3,5,167,5,1,100.0,0,N,RURAL_VICTORIA,ROAD,7,13.0
67030,1,1,113,2,1,60.0,0,I,MELB_URBAN,STREET,5,14.0
67031,1,5,132,5,2,60.0,0,N,SMALL_TOWNS,HIGHWAY,7,17.0
67032,4,5,99,2,3,50.0,0,N,SMALL_CITIES,HIGHWAY,7,18.0
67033,1,5,130,1,1,60.0,0,N,LARGE_PROVINCIAL_CITIES,ROAD,7,16.0
67034,1,5,111,2,3,60.0,0,I,MELB_URBAN,ROAD,7,18.0
67035,4,3,99,5,6,80.0,0,N,MELB_URBAN,ROAD,7,21.0
67036,1,5,121,1,1,60.0,0,I,MELB_URBAN,ROAD,7,16.0
67037,1,5,163,5,1,40.0,0,N,MELB_URBAN,ROAD,7,16.0
67038,2,5,99,1,1,50.0,0,I,TOWNS,AVENUE,7,15.0
67039,1,5,120,1,3,60.0,0,I,MELB_URBAN,STREET,7,20.0
67040,5,5,99,5,3,50.0,0,N,MELB_URBAN,STREET,7,0.0
67041,4,5,171,1,1,50.0,0,I,MELB_URBAN,STREET,7,7.0
67042,1,6,113,2,1,80.0,0,I,MELB_URBAN,ROAD,7,8.0
67043,1,5,130,5,1,80.0,0,N,MELB_URBAN,FREEWAY,7,8.0
67044,2,6,100,1,1,60.0,0,I,MELB_URBAN,ROAD,7,9.0
67045,1,2,130,1,6,80.0,0,I,MELB_URBAN,HIGHWAY,7,7.0
67046,1,6,130,5,1,80.0,0,N,MELB_URBAN,HIGHWAY,7,15.0
67047,1,2,163,5,1,50.0,0,N,MELB_URBAN,OTHER,7,16.0
67048,1,6,110,1,1,60.0,0,I,TOWNS,STREET,7,10.0
67049,6,5,174,5,1,60.0,0,N,MELB_URBAN,AVENUE,7,11.0
67050,1,4,130,5,2,60.0,0,N,MELB_URBAN,ROAD,6,17.0
67051,1,1,133,1,6,50.0,0,I,MELB_URBAN,STREET,7,18.0
67052,1,2,130,5,3,80.0,0,N,MELB_URBAN,ROAD,6,18.0
67053,8,6,174,5,1,50.0,0,I,SMALL_TOWNS,ROAD,7,7.0
67054,1,6,110,1,1,60.0,0,I,LARGE_PROVINCIAL_CITIES,STREET,7,11.0
67055,1,6,130,5,1,80.0,0,N,MELB_URBAN,ROAD,7,13.0
67056,1,4,130,2,1,60.0,0,I,MELB_URBAN,ROAD,8,15.0
67057,8,4,170,5,2,70.0,0,N,RURAL_VICTORIA,ROAD,6,17.0
67058,1,2,99,2,1,60.0,0,I,MELB_URBAN,STREET,7,10.0
67059,1,7,130,3,1,60.0,0,I,MELB_URBAN,ROAD,7,16.0
67060,1,5,121,1,4,60.0,0,I,MELB_URBAN,HIGHWAY,7,19.0
67061,8,6,99,5,1,100.0,0,N,TOWNS,ROAD,7,12.0
67062,1,2,130,2,1,60.0,0,I,LARGE_PROVINCIAL_CITIES,STREET,6,10.0
67063,1,6,121,5,1,60.0,0,N,LARGE_PROVINCIAL_CITIES,ROAD,7,8.0
67064,2,5,99,1,1,60.0,0,N,MELB_URBAN,STREET,7,9.0
67065,1,6,113,1,1,80.0,0,I,RURAL_VICTORIA,AVENUE,7,14.0
67066,8,6,184,5,1,100.0,0,N,MELB_URBAN,RAMP,7,14.0
67067,1,5,130,2,9,80.0,0,I,MELB_URBAN,HIGHWAY,7,18.0
67068,1,6,130,2,1,60.0,0,I,MELB_URBAN,ROAD,7,10.0
67069,1,6,111,1,1,100.0,0,I,RURAL_VICTORIA,HIGHWAY,7,13.0
67070,4,6,181,5,1,80.0,0,N,SMALL_TOWNS,ROAD,7,12.0
67071,4,5,171,2,1,80.0,0,I,RURAL_VICTORIA,ROAD,7,15.0
67072,1,6,130,1,1,60.0,0,I,MELB_URBAN,STREET,1,13.0
67073,1,5,134,5,1,80.0,0,N,MELB_URBAN,FREEWAY,12,17.0
67074,8,5,99,5,9,50.0,0,N,MELB_URBAN,STREET,6,12.0
67075,4,6,181,5,1,60.0,0,N,RURAL_VICTORIA,ROAD,7,13.0
67076,4,1,171,5,5,100.0,0,N,RURAL_VICTORIA,HIGHWAY,7,0.0
67077,1,3,110,1,3,60.0,0,I,MELB_URBAN,ROAD,6,20.0
67078,2,6,99,2,3,60.0,0,I,MELB_URBAN,ROAD,7,17.0
67079,2,6,102,4,1,50.0,0,I,MELB_URBAN,ROAD,7,14.0
67080,1,6,121,2,3,60.0,0,I,MELB_URBAN,BOULEVARD,7,17.0
67081,1,5,133,5,1,100.0,0,N,RURAL_VICTORIA,ROAD,7,16.0
67082,1,6,130,5,1,80.0,0,N,RURAL_VICTORIA,ROAD,7,13.0
67083,4,6,171,5,1,100.0,1,N,RURAL_VICTORIA,HIGHWAY,7,15.0
67084,1,6,147,5,3,50.0,0,N,TOWNS,STREET,7,18.0
67085,1,4,140,5,1,80.0,0,N,MELB_URBAN,HIGHWAY,7,11.0
67086,1,6,130,1,1,70.0,0,I,MELB_URBAN,ROAD,4,15.0
67087,4,6,181,5,5,100.0,0,N,RURAL_VICTORIA,ROAD,7,18.0
67088,1,6,130,5,1,60.0,0,N,MELB_URBAN,ROAD,7,17.0
67089,1,6,121,5,3,70.0,0,N,MELB_URBAN,ROAD,7,18.0
67090,1,6,121,5,3,60.0,0,N,MELB_URBAN,ROAD,7,20.0
67091,4,6,183,5,2,100.0,0,N,RURAL_VICTORIA,ROAD,7,17.0
67092,4,6,171,5,5,80.0,0,N,RURAL_VICTORIA,ROAD,7,18.0
67093,1,6,113,2,3,60.0,0,I,MELB_URBAN,ROAD,7,21.0
67094,4,6,171,1,5,100.0,0,I,RURAL_VICTORIA,ROAD,7,21.0
67095,4,6,171,5,3,60.0,0,N,MELB_URBAN,ROAD,7,22.0
67096,1,5,110,1,3,60.0,0,I,MELB_URBAN,ROAD,7,21.0
67097,1,7,121,1,3,60.0,0,I,MELB_URBAN,ROAD,7,1.0
67098,4,7,171,5,3,60.0,0,N,MELB_URBAN,ROAD,7,2.0
67099,1,2,132,1,1,80.0,0,I,MELB_URBAN,ROAD,7,10.0
67100,1,6,140,1,3,60.0,0,I,SMALL_CITIES,STREET,7,19.0
67101,1,2,130,5,1,60.0,0,I,SMALL_CITIES,STREET,8,17.0
67102,1,7,99,5,2,80.0,0,N,MELB_URBAN,UNKNOWN,7,6.0
67103,4,7,171,5,5,80.0,0,N,RURAL_VICTORIA,PARADE,7,6.0
67104,1,6,110,1,2,60.0,0,I,MELB_URBAN,ROAD,7,6.0
67105,1,7,110,1,1,50.0,0,I,MELB_URBAN,STREET,7,7.0
67106,1,6,113,2,3,60.0,0,I,MELB_URBAN,ROAD,7,19.0
67107,6,6,184,5,1,60.0,0,N,RURAL_VICTORIA,ROAD,7,14.0
67108,1,7,113,2,1,60.0,0,N,MELB_URBAN,STREET,7,9.0
67109,1,6,113,1,1,60.0,0,I,MELB_URBAN,STREET,6,15.0
67110,2,7,100,2,1,60.0,0,I,MELB_URBAN,ROAD,7,8.0
67111,1,7,110,1,3,80.0,0,I,MELB_URBAN,ROAD,7,6.0
67112,1,7,121,5,1,80.0,0,N,RURAL_VICTORIA,ROAD,7,9.0
67113,4,5,173,5,1,100.0,0,N,RURAL_VICTORIA,ROAD,7,17.0
67114,1,7,130,2,1,70.0,0,I,MELB_URBAN,ROAD,7,9.0
67115,4,6,173,5,5,100.0,0,N,RURAL_VICTORIA,HIGHWAY,7,22.0
67116,1,6,116,2,1,60.0,0,I,MELB_URBAN,HIGHWAY,7,10.0
67117,4,7,183,5,1,100.0,0,N,RURAL_VICTORIA,HIGHWAY,7,9.0
67118,1,7,120,5,1,80.0,0,N,RURAL_VICTORIA,ROAD,7,10.0
67119,1,7,110,1,2,60.0,0,I,MELB_URBAN,ROAD,7,7.0
67120,1,6,130,2,3,50.0,0,I,MELB_URBAN,DRIVE,7,23.0
67121,1,7,130,1,1,70.0,0,I,MELB_URBAN,ROAD,7,8.0
67122,1,6,110,1,5,60.0,0,I,SMALL_CITIES,ROAD,7,19.0
67123,1,6,130,1,9,80.0,0,I,MELB_URBAN,HIGHWAY,7,17.0
67124,1,7,147,5,1,60.0,0,N,MELB_URBAN,STREET,7,12.0
67125,2,7,100,5,1,80.0,0,N,MELB_URBAN,HIGHWAY,7,13.0
67126,1,7,133,5,1,60.0,0,N,RURAL_VICTORIA,OTHER,7,13.0
67127,1,7,130,5,1,80.0,0,N,MELB_URBAN,ROAD,7,12.0
67128,1,7,120,2,1,70.0,0,I,MELB_URBAN,ROAD,7,14.0
67129,1,6,113,1,1,50.0,0,I,MELB_URBAN,STREET,7,16.0