,accident_type,day_of_week,dca_code,road_geometry,light_condition,speed_zone,severity,node_type,deg_urban_name,road_type,month,hour
67130,8,7,174,2,1,60.0,0,I,MELB_URBAN,ROAD,7,14.0
67131,4,6,171,5,1,80.0,0,N,LARGE_PROVINCIAL_CITIES,ROAD,7,14.0
67132,1,7,121,1,1,60.0,0,I,MELB_URBAN,ROAD,7,14.0
67133,1,6,130,5,9,100.0,0,I,MELB_URBAN,ROAD,7,19.0
67134,1,1,121,1,3,40.0,0,I,MELB_URBAN,HIGHWAY,7,19.0
67135,1,6,130,5,1,60.0,0,N,MELB_URBAN,ROAD,7,15.0
67136,4,6,183,5,5,100.0,0,N,RURAL_VICTORIA,ROAD,7,23.0
67137,4,6,181,5,5,80.0,0,N,RURAL_VICTORIA,ROAD,7,22.0
67138,1,7,130,1,3,70.0,0,N,MELB_URBAN,ROAD,7,18.0
67139,1,7,121,2,2,60.0,0,I,MELB_URBAN,ROAD,7,17.0
67140,1,7,130,5,3,60.0,0,N,MELB_URBAN,ROAD,7,17.0
67141,1,7,99,5,3,60.0,0,N,MELB_URBAN,ROAD,7,18.0
67142,2,7,102,2,3,60.0,0,I,MELB_URBAN,ROAD,7,20.0
67143,1,7,99,5,3,60.0,0,N,MELB_URBAN,ROAD,7,17.0
67144,1,7,163,5,1,60.0,0,N,MELB_URBAN,ROAD,7,16.0
67145,1,6,130,5,3,100.0,0,N,MELB_URBAN,HIGHWAY,7,18.0
67146,1,7,116,1,5,110.0,0,I,RURAL_VICTORIA,FREEWAY,7,20.0
67147,4,1,181,5,5,100.0,0,N,RURAL_VICTORIA,ROAD,7,1.0
67148,4,0,173,5,5,100.0,0,N,RURAL_VICTORIA,ROAD,7,3.0
67149,6,7,170,5,1,80.0,0,N,RURAL_VICTORIA,ROAD,7,12.0
67150,1,5,130,1,3,80.0,0,I,MELB_URBAN,ROAD,6,19.0
67151,1,3,130,5,1,80.0,0,N,MELB_URBAN,RAMP,7,8.0
67152,1,6,130,5,1,60.0,0,N,MELB_URBAN,ROAD,7,16.0
67153,2,7,102,1,3,60.0,1,I,MELB_URBAN,STREET,7,2.0
67154,6,1,174,2,1,60.0,0,N,MELB_URBAN,ROAD,7,9.0
67155,6,1,174,5,1,40.0,0,N,MELB_URBAN,ROAD,7,10.0
67156,1,7,110,1,3,60.0,0,I,LARGE_PROVINCIAL_CITIES,STREET,7,22.0
67157,1,1,163,5,1,50.0,0,N,MELB_URBAN,STREET,7,10.0
67158,8,6,170,1,1,50.0,0,I,MELB_URBAN,STREET,7,10.0
67159,1,1,99,5,1,80.0,0,N,MELB_URBAN,ROAD,7,11.0
67160,1,4,110,1,1,100.0,0,I,RURAL_VICTORIA,FREEWAY,11,11.0
67161,1,2,130,5,1,80.0,0,N,MELB_URBAN,DRIVE,6,8.0
67162,4,1,173,2,1,50.0,0,I,MELB_URBAN,AVENUE,7,12.0
67163,2,1,102,5,1,60.0,0,N,SMALL_CITIES,STREET,7,13.0
67164,1,1,113,2,5,50.0,0,I,MELB_URBAN,DRIVE,7,18.0
67165,2,1,99,5,1,60.0,0,N,MELB_URBAN,AVENUE,7,14.0
67166,1,0,110,1,1,50.0,0,I,SMALL_TOWNS,STREET,7,14.0
67167,2,1,99,5,1,50.0,0,N,MELB_URBAN,STREET,7,12.0
67168,1,7,99,5,3,60.0,0,N,MELB_URBAN,HIGHWAY,7,19.0
67169,1,7,130,4,3,60.0,0,I,MELB_URBAN,ROAD,7,21.0
67170,1,6,110,1,1,60.0,0,I,MELB_URBAN,STREET,7,15.0
67171,8,1,99,5,1,60.0,0,N,RURAL_VICTORIA,ROAD,7,10.0
67172,1,1,130,5,2,80.0,0,N,MELB_URBAN,HIGHWAY,7,17.0
67173,1,4,130,5,2,100.0,0,N,MELB_URBAN,FREEWAY,7,6.0
67174,1,1,130,5,2,70.0,0,N,MELB_URBAN,ROAD,7,16.0
67175,1,1,121,5,1,60.0,0,N,MELB_URBAN,STREET,7,15.0
67176,1,0,121,2,3,70.0,0,I,LARGE_PROVINCIAL_CITIES,HIGHWAY,7,18.0
67177,6,0,99,2,1,60.0,0,N,MELB_URBAN,ROAD,7,15.0
67178,1,2,130,5,1,100.0,0,N,RURAL_VICTORIA,HIGHWAY,7,12.0
67179,4,3,171,5,1,60.0,0,N,MELB_URBAN,ROAD,7,15.0
67180,4,1,181,5,5,100.0,0,N,RURAL_VICTORIA,ROAD,7,19.0
67181,1,1,160,5,3,50.0,0,N,MELB_URBAN,ROAD,7,21.0
67182,1,5,121,2,1,80.0,0,I,MELB_URBAN,HIGHWAY,7,14.0
67183,1,5,99,1,1,60.0,0,I,SMALL_CITIES,ROAD,7,13.0
67184,1,1,120,5,5,100.0,1,N,RURAL_VICTORIA,HIGHWAY,7,18.0
67185,1,3,130,5,6,60.0,0,N,MELB_URBAN,PARADE,6,18.0
67186,4,1,99,2,3,60.0,0,I,MELB_URBAN,STREET,8,1.0
67187,1,1,130,5,5,110.0,0,N,SMALL_CITIES,FREEWAY,8,1.0
67188,4,1,183,5,5,60.0,0,N,RURAL_VICTORIA,ROAD,7,23.0
67189,8,3,174,5,9,60.0,0,N,MELB_URBAN,ROAD,4,8.0
67190,4,2,171,5,2,80.0,1,N,MELB_URBAN,ROAD,8,6.0
67191,1,6,130,5,3,80.0,0,N,MELB_URBAN,HIGHWAY,7,18.0
67192,1,1,110,1,3,60.0,0,I,SMALL_CITIES,ROAD,8,7.0
67193,1,2,121,2,3,60.0,0,I,MELB_URBAN,HIGHWAY,4,18.0
67194,1,7,99,5,1,60.0,0,N,SMALL_CITIES,STREET,7,11.0
67195,1,2,121,2,1,60.0,0,I,MELB_URBAN,STREET,8,8.0
67196,3,7,167,1,1,100.0,0,I,RURAL_VICTORIA,ROAD,7,11.0
67197,1,1,121,2,1,80.0,0,I,RURAL_VICTORIA,ROAD,7,13.0
67198,2,5,102,2,3,50.0,0,I,SMALL_CITIES,DRIVE,7,22.0
67199,4,2,181,2,1,50.0,0,N,MELB_URBAN,AVENUE,8,9.0
67200,1,2,130,2,1,60.0,0,I,MELB_URBAN,ROAD,8,11.0
67201,1,1,130,2,1,60.0,0,I,MELB_URBAN,STREET,8,9.0
67202,1,2,160,5,1,80.0,0,N,MELB_URBAN,ROAD,8,9.0
67203,1,1,130,1,1,70.0,0,N,MELB_URBAN,ROAD,8,9.0
67204,1,3,160,5,1,50.0,0,N,MELB_URBAN,STREET,3,16.0
67205,2,2,102,5,1,60.0,0,N,MELB_URBAN,ROAD,8,8.0
67206,4,2,183,5,1,60.0,0,N,TOWNS,HIGHWAY,8,12.0
67207,2,2,100,5,1,40.0,0,N,MELB_URBAN,OTHER,8,13.0
67208,1,2,113,1,1,60.0,0,I,MELB_URBAN,ROAD,8,11.0
67209,1,6,130,5,1,50.0,0,N,MELB_URBAN,STREET,7,16.0
67210,2,2,100,1,1,80.0,0,I,MELB_URBAN,ROAD,8,13.0
67211,6,2,174,2,1,50.0,0,I,LARGE_PROVINCIAL_CITIES,STREET,8,11.0
67212,8,2,174,4,3,50.0,0,I,MELB_URBAN,STREET,7,20.0
67213,1,4,130,1,9,60.0,0,I,MELB_URBAN,ROAD,1,12.0
67214,3,4,167,5,2,100.0,0,N,RURAL_VICTORIA,HIGHWAY,6,6.0
67215,1,2,130,2,1,60.0,0,I,MELB_URBAN,ROAD,8,15.0
67216,1,6,163,5,1,60.0,0,N,MELB_URBAN,ROAD,7,15.0
67217,1,2,130,1,1,40.0,0,I,RURAL_VICTORIA,STREET,8,15.0
67218,4,2,183,5,1,100.0,0,N,RURAL_VICTORIA,ROAD,8,16.0
67219,1,2,147,5,2,60.0,0,N,MELB_URBAN,STREET,8,17.0
67220,6,2,170,5,1,100.0,0,N,RURAL_VICTORIA,ROAD,8,11.0
67221,1,2,99,2,1,50.0,0,I,LARGE_PROVINCIAL_CITIES,UNKNOWN,8,16.0
67222,1,2,130,5,1,100.0,0,N,MELB_URBAN,ROAD,8,16.0
67223,1,1,121,1,1,80.0,0,I,MELB_URBAN,ROAD,8,16.0
67224,1,1,130,2,9,60.0,0,I,MELB_URBAN,ROAD,8,7.0
67225,1,2,121,1,3,60.0,0,I,MELB_URBAN,ROAD,8,17.0
67226,1,2,99,1,3,60.0,0,I,MELB_URBAN,ROAD,7,6.0
67227,2,2,100,1,4,60.0,0,I,MELB_URBAN,ROAD,8,18.0
67228,2,1,102,2,3,60.0,0,I,MELB_URBAN,ROAD,8,18.0
67229,1,1,130,5,1,100.0,0,N,RURAL_VICTORIA,ROAD,8,16.0
67230,4,2,181,5,1,60.0,1,N,LARGE_PROVINCIAL_CITIES,ROAD,8,15.0
67231,2,2,102,5,3,50.0,0,N,MELB_URBAN,STREET,8,17.0
67232,4,2,181,5,4,110.0,0,N,RURAL_VICTORIA,FREEWAY,8,18.0
67233,1,2,99,5,3,60.0,0,N,MELB_URBAN,HIGHWAY,8,18.0
67234,1,2,130,5,1,80.0,0,N,RURAL_VICTORIA,ROAD,8,16.0
67235,4,2,99,2,1,80.0,0,I,MELB_URBAN,HIGHWAY,8,14.0
67236,2,2,102,1,3,40.0,0,I,MELB_URBAN,STREET,8,19.0
67237,1,7,130,1,1,60.0,0,I,MELB_URBAN,ROAD,7,12.0
67238,2,2,100,1,3,70.0,0,I,MELB_URBAN,ROAD,8,18.0
67239,4,5,173,2,1,60.0,0,I,RURAL_VICTORIA,ROAD,7,15.0
67240,1,2,130,4,3,70.0,0,I,MELB_URBAN,ROAD,8,22.0
67241,4,2,99,5,3,60.0,0,N,MELB_URBAN,STREET,8,23.0
67242,4,2,171,5,1,60.0,0,N,RURAL_VICTORIA,ROAD,7,15.0
67243,1,3,120,5,5,80.0,0,N,RURAL_VICTORIA,HIGHWAY,8,6.0
67244,4,3,171,5,3,60.0,0,N,MELB_URBAN,ROAD,8,5.0
67245,1,7,121,2,1,60.0,0,I,MELB_URBAN,ROAD,7,15.0
67246,4,1,173,5,3,50.0,0,N,MELB_URBAN,PARADE,8,21.0
67247,1,7,130,1,1,80.0,0,N,MELB_URBAN,ROAD,7,15.0
67248,2,3,99,5,1,50.0,0,N,MELB_URBAN,STREET,8,9.0
67249,4,5,173,5,3,80.0,0,N,MELB_URBAN,HIGHWAY,10,3.0
67250,1,3,110,1,3,60.0,0,I,SMALL_TOWNS,HIGHWAY,8,5.0
67251,1,1,110,1,6,50.0,0,I,MELB_URBAN,STREET,8,18.0
67252,1,5,110,1,1,70.0,0,I,LARGE_PROVINCIAL_CITIES,ROAD,7,6.0
67253,4,1,171,5,5,100.0,0,N,RURAL_VICTORIA,ROAD,7,19.0
67254,4,3,173,5,1,100.0,0,N,RURAL_VICTORIA,ROAD,8,7.0
67255,5,3,99,5,5,100.0,0,N,RURAL_VICTORIA,ROAD,8,5.0
67256,1,1,130,1,9,60.0,0,I,MELB_URBAN,ROAD,7,16.0
67257,1,1,120,5,1,80.0,0,N,RURAL_VICTORIA,ROAD,7,14.0
67258,1,4,99,5,6,60.0,0,N,MELB_URBAN,ROAD,7,20.0
67259,1,1,130,5,1,60.0,0,N,LARGE_PROVINCIAL_CITIES,STREET,8,16.0
67260,1,5,110,1,6,50.0,0,I,MELB_URBAN,STREET,7,20.0
67261,6,3,174,5,3,60.0,0,N,MELB_URBAN,ROAD,7,19.0
67262,1,3,110,1,1,60.0,0,I,TOWNS,STREET,8,12.0
67263,1,3,121,1,1,40.0,0,I,MELB_URBAN,STREET,8,10.0
67264,1,2,130,4,1,50.0,0,I,MELB_URBAN,ROAD,7,15.0
67265,1,3,99,2,1,60.0,0,N,MELB_URBAN,ROAD,8,8.0
67266,1,2,121,5,1,70.0,0,N,MELB_URBAN,ROAD,8,9.0
67267,4,2,171,5,1,100.0,0,N,RURAL_VICTORIA,ROAD,8,9.0
67268,2,1,102,5,1,60.0,0,N,MELB_URBAN,OTHER,7,12.0
67269,1,3,132,2,1,100.0,0,I,RURAL_VICTORIA,HIGHWAY,8,15.0
67270,1,3,110,1,1,80.0,0,I,MELB_URBAN,HIGHWAY,8,12.0
67271,6,3,184,5,1,60.0,0,N,LARGE_PROVINCIAL_CITIES,PARADE,8,14.0
67272,1,3,133,5,2,70.0,0,N,LARGE_PROVINCIAL_CITIES,HIGHWAY,8,16.0
67273,1,3,130,5,1,60.0,0,N,MELB_URBAN,ROAD,8,15.0
67274,1,3,130,5,1,50.0,0,N,LARGE_PROVINCIAL_CITIES,STREET,8,14.0
67275,1,3,110,1,3,50.0,0,I,MELB_URBAN,STREET,8,17.0
67276,1,2,130,2,1,70.0,0,N,MELB_URBAN,ROAD,8,14.0
67277,1,3,130,5,2,80.0,0,N,RURAL_VICTORIA,HIGHWAY,8,16.0
67278,1,3,110,1,3,40.0,0,I,MELB_URBAN,STREET,8,19.0
67279,2,2,100,1,1,60.0,0,I,MELB_URBAN,OTHER,8,13.0
67280,6,1,184,5,1,60.0,0,N,RURAL_VICTORIA,ROAD,7,11.0
67281,1,3,140,5,3,50.0,0,N,MELB_URBAN,ROAD,8,19.0
67282,1,3,135,5,1,40.0,0,N,MELB_URBAN,STREET,8,14.0
67283,4,2,181,5,1,100.0,0,N,RURAL_VICTORIA,ROAD,8,15.0
67284,1,1,120,5,9,60.0,0,N,RURAL_VICTORIA,ROAD,7,11.0
67285,1,3,130,5,3,70.0,0,N,MELB_URBAN,HIGHWAY,8,17.0
67286,1,3,130,1,2,100.0,0,I,RURAL_VICTORIA,ROAD,8,17.0
67287,1,3,113,2,3,70.0,0,I,MELB_URBAN,ROAD,8,18.0
67288,1,2,160,5,3,60.0,0,N,SMALL_CITIES,PARADE,8,1.0
67289,1,2,130,5,1,80.0,0,N,RURAL_VICTORIA,ROAD,7,10.0
67290,4,1,171,5,1,50.0,0,N,MELB_URBAN,ROAD,7,10.0
67291,4,4,173,5,3,60.0,0,N,MELB_URBAN,ROAD,8,5.0
67292,1,1,120,5,1,60.0,0,N,RURAL_VICTORIA,OTHER,7,13.0
67293,2,2,102,1,3,60.0,0,N,MELB_URBAN,ROAD,8,20.0
67294,1,1,121,1,3,60.0,0,I,MELB_URBAN,OTHER,8,19.0
67295,1,4,130,5,1,50.0,0,N,LARGE_PROVINCIAL_CITIES,STREET,8,8.0
67296,1,3,110,1,1,60.0,0,I,LARGE_PROVINCIAL_CITIES,STREET,8,8.0
67297,6,1,174,2,1,60.0,0,I,MELB_URBAN,ROAD,7,15.0
67298,1,3,110,1,1,60.0,0,I,MELB_URBAN,STREET,8,12.0
67299,1,4,130,5,1,100.0,0,N,MELB_URBAN,ROAD,8,6.0
67300,4,4,183,5,1,80.0,0,N,RURAL_VICTORIA,HIGHWAY,8,9.0
67301,8,5,110,1,9,60.0,0,I,MELB_URBAN,STREET,7,12.0
67302,1,4,121,2,1,60.0,0,I,MELB_URBAN,STREET,8,9.0
67303,1,4,113,2,1,60.0,0,I,LARGE_PROVINCIAL_CITIES,ROAD,8,10.0
67304,1,4,99,2,1,90.0,0,I,RURAL_VICTORIA,DRIVE,8,9.0
67305,1,4,99,4,1,70.0,0,N,MELB_URBAN,ROAD,8,8.0
67306,4,4,171,5,1,100.0,0,N,TOWNS,ROAD,8,10.0
67307,1,4,99,5,1,60.0,0,N,LARGE_PROVINCIAL_CITIES,AVENUE,8,11.0
67308,2,1,100,1,1,40.0,0,I,LARGE_PROVINCIAL_CITIES,STREET,7,9.0
67309,1,4,121,1,1,80.0,0,I,MELB_URBAN,HIGHWAY,8,10.0
67310,1,4,120,5,2,100.0,0,N,RURAL_VICTORIA,HIGHWAY,8,6.0
67311,6,4,184,5,1,60.0,0,N,RURAL_VICTORIA,ROAD,8,11.0
67312,2,6,99,2,3,30.0,0,I,MELB_URBAN,STREET,7,22.0
67313,1,6,130,5,2,60.0,0,N,MELB_URBAN,ROAD,7,17.0
67314,1,2,135,5,3,100.0,0,N,MELB_URBAN,FREEWAY,8,18.0
67315,8,4,99,2,1,80.0,0,I,MELB_URBAN,DRIVE,8,11.0
67316,2,6,100,2,9,60.0,0,I,MELB_URBAN,OTHER,7,9.0
67317,4,3,171,2,1,90.0,0,I,SMALL_TOWNS,HIGHWAY,8,12.0
67318,1,4,130,5,1,40.0,0,N,MELB_URBAN,HIGHWAY,8,13.0
67319,1,2,130,2,1,80.0,0,I,MELB_URBAN,HIGHWAY,8,15.0
67320,1,4,130,5,1,60.0,0,N,MELB_URBAN,ROAD,8,11.0
67321,4,2,99,5,3,60.0,0,N,MELB_URBAN,ROAD,8,21.0
67322,1,4,120,5,1,100.0,1,N,RURAL_VICTORIA,ROAD,8,9.0
67323,1,2,130,5,5,100.0,0,N,MELB_URBAN,FREEWAY,8,19.0
67324,1,4,99,5,9,80.0,0,N,RURAL_VICTORIA,ROAD,8,8.0
67325,1,4,116,2,1,50.0,0,I,MELB_URBAN,ROAD,8,15.0
67326,2,4,99,5,1,50.0,0,N,MELB_URBAN,ROAD,8,15.0
67327,1,4,120,5,1,100.0,0,N,RURAL_VICTORIA,HIGHWAY,8,15.0
67328,1,4,130,5,1,70.0,0,N,LARGE_PROVINCIAL_CITIES,HIGHWAY,8,8.0
67329,1,4,130,4,1,80.0,0,I,RURAL_VICTORIA,RAMP,7,16.0
67330,6,7,184,5,1,60.0,0,N,RURAL_VICTORIA,ROAD,7,8.0
67331,4,4,171,1,1,100.0,0,I,RURAL_VICTORIA,ROAD,8,14.0
67332,1,4,130,5,1,70.0,0,N,MELB_URBAN,ROAD,8,16.0
67333,1,3,132,5,2,60.0,0,N,SMALL_CITIES,STREET,8,17.0
67334,1,2,140,5,1,50.0,0,N,MELB_URBAN,ROAD,8,10.0
67335,1,4,147,5,1,60.0,0,N,MELB_URBAN,AVENUE,8,16.0
67336,1,4,121,1,1,80.0,0,I,MELB_URBAN,ROAD,8,16.0
67337,2,4,102,1,3,60.0,0,I,MELB_URBAN,ROAD,8,18.0
67338,2,4,99,5,1,50.0,0,N,LARGE_PROVINCIAL_CITIES,STREET,8,16.0
67339,2,6,99,5,9,60.0,0,N,MELB_URBAN,STREET,3,9.0
67340,1,1,130,5,9,100.0,0,N,MELB_URBAN,RAMP,6,15.0
67341,1,3,130,4,1,60.0,0,I,MELB_URBAN,RAMP,8,10.0
67342,2,4,100,1,3,40.0,0,I,MELB_URBAN,ROAD,8,18.0
67343,4,4,171,5,1,60.0,0,N,MELB_URBAN,ROAD,8,17.0
67344,4,4,181,5,5,60.0,0,N,MELB_URBAN,HIGHWAY,8,19.0
67345,1,3,130,5,1,60.0,0,N,MELB_URBAN,PARADE,8,17.0
67346,1,4,132,2,3,60.0,0,I,MELB_URBAN,ROAD,8,18.0
67347,2,4,100,2,2,30.0,0,I,MELBOURNE_CBD,STREET,8,6.0
67348,1,4,140,1,3,70.0,0,I,MELB_URBAN,ROAD,8,21.0
67349,1,4,99,5,1,40.0,0,N,RURAL_VICTORIA,OTHER,8,15.0
67350,1,5,110,1,1,60.0,0,I,MELB_URBAN,ROAD,7,7.0
67351,2,7,100,1,3,70.0,0,I,MELB_URBAN,HIGHWAY,6,19.0
67352,1,4,121,1,1,60.0,0,I,MELB_URBAN,ROAD,8,12.0
67353,1,7,130,2,1,60.0,0,N,MELB_URBAN,STREET,7,13.0
67354,1,5,121,1,1,70.0,0,N,MELB_URBAN,ROAD,8,7.0
67355,4,5,173,5,1,50.0,0,N,MELB_URBAN,STREET,8,7.0
67356,4,5,181,5,5,100.0,0,N,RURAL_VICTORIA,ROAD,8,4.0
67357,2,5,99,2,1,50.0,0,I,MELB_URBAN,ROAD,8,9.0
67358,1,4,160,5,1,50.0,0,N,MELB_URBAN,AVENUE,6,8.0
67359,1,4,132,2,1,60.0,0,I,LARGE_PROVINCIAL_CITIES,STREET,8,8.0
67360,4,2,183,5,1,100.0,0,N,RURAL_VICTORIA,ROAD,2,14.0
67361,1,2,130,5,3,100.0,0,N,MELB_URBAN,FREEWAY,7,18.0
67362,1,4,130,5,3,60.0,0,N,LARGE_PROVINCIAL_CITIES,STREET,6,19.0
67363,6,6,170,5,1,60.0,0,N,RURAL_VICTORIA,OTHER,7,11.0
67364,4,5,181,5,2,80.0,0,N,RURAL_VICTORIA,ROAD,8,6.0
67365,1,4,130,1,9,60.0,0,I,MELB_URBAN,STREET,6,19.0
67366,1,2,121,1,1,60.0,0,I,MELB_URBAN,STREET,7,16.0
67367,1,5,132,5,1,60.0,0,N,MELB_URBAN,STREET,8,9.0
67368,1,5,113,4,1,80.0,0,I,MELB_URBAN,ROAD,8,11.0
67369,1,4,120,1,1,80.0,0,I,MELB_URBAN,ROAD,8,11.0
67370,1,4,120,5,2,60.0,0,N,LARGE_PROVINCIAL_CITIES,STREET,8,7.0
67371,1,1,130,5,1,100.0,0,N,MELB_URBAN,UNKNOWN,7,12.0
67372,4,5,173,5,1,40.0,0,N,MELB_URBAN,DRIVE,8,11.0
67373,4,5,171,1,1,60.0,0,N,SMALL_TOWNS,STREET,8,14.0
67374,2,2,99,5,3,50.0,0,N,MELB_URBAN,STREET,6,7.0
67375,1,5,99,5,1,60.0,0,N,MELB_URBAN,DRIVE,8,10.0
67376,6,6,184,5,2,60.0,0,N,RURAL_VICTORIA,OTHER,7,17.0
67377,1,5,130,1,1,60.0,0,I,LARGE_PROVINCIAL_CITIES,STREET,8,15.0
67378,2,4,99,1,1,60.0,0,I,MELB_URBAN,ROAD,8,14.0
67379,1,5,121,5,1,80.0,0,N,MELB_URBAN,ROAD,8,16.0
67380,1,5,110,1,1,50.0,0,I,MELB_URBAN,STREET,8,14.0
67381,4,4,99,5,1,60.0,0,N,MELB_URBAN,ROAD,8,15.0
67382,2,5,102,1,1,50.0,0,I,MELB_URBAN,STREET,8,16.0
67383,3,4,167,5,5,60.0,0,N,MELB_URBAN,ROAD,7,20.0
67384,1,5,121,2,3,60.0,0,I,MELB_URBAN,ROAD,8,18.0
67385,1,4,121,2,1,60.0,0,I,SMALL_CITIES,ROAD,8,15.0
67386,4,4,99,4,3,60.0,0,I,LARGE_PROVINCIAL_CITIES,ROAD,8,18.0
67387,6,5,174,5,3,60.0,0,N,MELB_URBAN,ROAD,8,18.0
67388,1,5,135,5,3,70.0,0,N,MELB_URBAN,RAMP,8,18.0
67389,2,5,102,5,3,60.0,0,N,MELB_URBAN,STREET,8,19.0
67390,4,5,173,5,3,60.0,0,N,MELB_URBAN,ROAD,8,18.0
67391,1,4,121,1,3,50.0,0,I,LARGE_PROVINCIAL_CITIES,STREET,8,18.0
67392,1,5,110,1,5,100.0,0,I,RURAL_VICTORIA,HIGHWAY,8,19.0
67393,1,6,130,1,1,60.0,0,I,MELB_URBAN,ROAD,7,13.0
67394,1,5,163,2,1,50.0,0,N,MELB_URBAN,STREET,8,13.0
67395,1,5,160,5,1,50.0,0,I,MELB_URBAN,AVENUE,8,14.0
67396,1,5,99,2,5,100.0,0,I,RURAL_VICTORIA,HIGHWAY,8,19.0
67397,1,1,110,1,9,60.0,0,I,MELB_URBAN,ROAD,7,14.0
67398,1,4,140,5,1,60.0,0,N,MELB_URBAN,STREET,8,17.0
67399,1,5,130,5,2,100.0,0,N,MELB_URBAN,FREEWAY,8,17.0
67400,1,5,120,5,5,100.0,0,N,RURAL_VICTORIA,HIGHWAY,8,20.0
67401,4,6,181,2,3,60.0,1,I,LARGE_PROVINCIAL_CITIES,STREET,8,0.0
67402,1,5,99,1,6,50.0,0,I,MELB_URBAN,ROAD,8,5.0
67403,1,3,133,5,1,60.0,0,N,MELB_URBAN,STREET,4,14.0
67404,1,6,99,5,1,60.0,0,N,MELB_URBAN,ROAD,8,7.0
67405,1,6,130,1,1,50.0,0,I,LARGE_PROVINCIAL_CITIES,AVENUE,8,8.0
67406,1,6,130,2,1,60.0,0,I,MELB_URBAN,ROAD,8,8.0
67407,2,6,102,2,1,60.0,0,N,MELB_URBAN,STREET,8,7.0
67408,1,4,130,5,1,60.0,0,N,MELB_URBAN,BOULEVARD,7,8.0
67409,2,6,100,1,1,60.0,0,I,MELB_URBAN,ROAD,8,10.0
67410,1,5,130,1,6,80.0,0,I,MELB_URBAN,ROAD,8,5.0
67411,1,5,110,1,1,50.0,0,I,TOWNS,STREET,8,12.0
67412,2,3,102,2,1,50.0,0,I,MELB_URBAN,ROAD,7,9.0
67413,1,6,120,5,1,100.0,0,N,RURAL_VICTORIA,ROAD,8,12.0
67414,2,2,99,5,1,50.0,0,N,LARGE_PROVINCIAL_CITIES,STREET,7,11.0
67415,1,6,130,2,1,60.0,0,N,MELB_URBAN,ROAD,8,8.0
67416,6,6,174,2,2,60.0,0,I,MELB_URBAN,UNKNOWN,8,17.0
67417,1,6,130,2,1,50.0,0,I,LARGE_PROVINCIAL_CITIES,OTHER,8,13.0
67418,1,2,113,2,1,50.0,0,I,SMALL_TOWNS,PARADE,7,14.0
67419,1,6,99,1,1,80.0,0,I,MELB_URBAN,ROAD,8,11.0
67420,2,2,99,4,1,60.0,0,I,MELB_URBAN,RAMP,10,12.0
67421,1,6,110,1,1,60.0,0,I,TOWNS,STREET,8,14.0
67422,1,3,135,5,3,80.0,0,N,MELB_URBAN,ROAD,6,17.0
67423,4,6,171,5,1,50.0,0,N,LARGE_PROVINCIAL_CITIES,STREET,8,15.0
67424,1,5,133,5,9,40.0,0,N,MELBOURNE_CBD,STREET,7,16.0
67425,1,4,130,1,2,60.0,0,I,MELB_URBAN,ROAD,8,16.0
67426,1,6,110,1,1,80.0,0,I,MELB_URBAN,ROAD,8,13.0
67427,1,4,130,1,9,60.0,0,I,LARGE_PROVINCIAL_CITIES,ROAD,3,15.0
67428,1,6,110,1,1,60.0,0,I,MELB_URBAN,ROAD,8,15.0
67429,1,5,130,1,3,80.0,0,I,MELB_URBAN,ROAD,8,19.0
67430,1,4,147,5,9,60.0,0,N,MELB_URBAN,ROAD,7,17.0
67431,1,7,130,5,1,100.0,0,N,MELB_URBAN,FREEWAY,7,12.0
67432,1,6,99,5,1,100.0,0,N,MELB_URBAN,UNKNOWN,8,17.0
67433,1,6,111,2,3,60.0,0,I,MELB_URBAN,ROAD,8,18.0
67434,1,6,111,1,3,60.0,0,I,SMALL_CITIES,STREET,8,18.0
67435,1,5,160,5,6,50.0,0,N,SMALL_CITIES,ROAD,8,19.0
67436,1,6,99,5,5,100.0,0,N,RURAL_VICTORIA,HIGHWAY,8,19.0
67437,1,6,121,1,3,80.0,0,I,MELB_URBAN,ROAD,8,19.0
67438,1,6,160,5,6,60.0,0,N,MELB_URBAN,ROAD,8,19.0
67439,1,6,113,1,5,100.0,0,I,RURAL_VICTORIA,ROAD,8,19.0
67440,1,6,121,2,3,80.0,0,I,MELB_URBAN,STREET,8,20.0
67441,1,6,110,1,3,60.0,0,I,SMALL_CITIES,ROAD,8,23.0
67442,4,6,171,2,3,50.0,0,I,SMALL_CITIES,OTHER,8,22.0
67443,1,6,113,1,3,60.0,0,I,SMALL_CITIES,ROAD,8,5.0
67444,4,6,173,5,5,100.0,0,N,RURAL_VICTORIA,OTHER,8,2.0
67445,1,6,160,5,3,40.0,0,N,MELB_URBAN,STREET,8,21.0
67446,4,7,171,2,3,60.0,0,I,MELB_URBAN,ROAD,8,3.0
67447,1,7,160,5,3,50.0,0,N,MELB_URBAN,OTHER,8,3.0
67448,4,6,173,5,5,100.0,1,N,RURAL_VICTORIA,OTHER,8,21.0
67449,8,5,174,5,2,50.0,0,N,MELB_URBAN,ROAD,6,16.0
67450,4,7,99,2,2,40.0,0,I,MELB_URBAN,STREET,8,6.0
67451,4,5,173,5,2,100.0,0,N,MELB_URBAN,UNKNOWN,8,18.0
67452,2,7,100,2,1,50.0,0,I,MELB_URBAN,STREET,8,9.0
67453,1,6,120,5,1,100.0,0,N,RURAL_VICTORIA,HIGHWAY,8,8.0
67454,1,7,110,1,1,50.0,0,I,MELB_URBAN,STREET,8,10.0
67455,1,6,121,1,1,60.0,0,I,SMALL_CITIES,STREET,8,11.0
67456,1,3,130,5,9,80.0,0,N,MELB_URBAN,RAMP,7,18.0
67457,5,7,99,5,1,60.0,0,N,RURAL_VICTORIA,OTHER,8,10.0
67458,1,7,121,2,1,60.0,0,I,MELB_URBAN,ROAD,8,10.0
67459,1,6,110,1,3,60.0,0,I,MELB_URBAN,ROAD,8,20.0