,accident_type,day_of_week,dca_code,road_geometry,light_condition,speed_zone,severity,node_type,deg_urban_name,road_type,month,hour
67460,4,7,171,5,1,60.0,0,N,RURAL_VICTORIA,ROAD,8,13.0
67461,1,7,160,5,1,60.0,0,N,LARGE_PROVINCIAL_CITIES,STREET,8,10.0
67462,1,7,147,5,1,60.0,0,N,LARGE_PROVINCIAL_CITIES,AVENUE,8,13.0
67463,1,2,132,2,3,60.0,0,I,MELB_URBAN,ROAD,7,17.0
67464,4,6,181,5,1,50.0,0,N,MELB_URBAN,AVENUE,6,16.0
67465,1,7,121,2,1,70.0,0,I,MELB_URBAN,ROAD,8,13.0
67466,1,7,99,5,1,100.0,0,N,RURAL_VICTORIA,ROAD,8,12.0
67467,1,7,113,2,1,80.0,0,I,MELB_URBAN,ROAD,8,14.0
67468,1,7,120,5,1,60.0,0,N,MELB_URBAN,BOULEVARD,8,10.0
67469,1,7,130,1,1,60.0,0,N,MELB_URBAN,ROAD,8,15.0
67470,4,7,173,5,1,60.0,0,N,TOWNS,HIGHWAY,8,14.0
67471,1,7,110,1,1,80.0,0,I,RURAL_VICTORIA,ROAD,8,14.0
67472,3,7,167,5,1,100.0,0,N,RURAL_VICTORIA,ROAD,8,13.0
67473,1,6,130,5,1,50.0,0,N,SMALL_CITIES,STREET,8,15.0
67474,4,7,171,2,1,70.0,0,I,MELB_URBAN,ROAD,8,13.0
67475,1,7,147,2,1,80.0,0,I,MELB_URBAN,ROAD,8,15.0
67476,1,7,120,2,1,60.0,0,I,MELB_URBAN,ROAD,8,14.0
67477,6,7,99,5,1,110.0,0,N,RURAL_VICTORIA,HIGHWAY,8,10.0
67478,1,7,130,2,3,80.0,0,I,MELB_URBAN,ROAD,8,18.0
67479,4,6,183,5,1,100.0,0,N,RURAL_VICTORIA,ROAD,8,14.0
67480,2,7,100,5,3,60.0,0,N,LARGE_PROVINCIAL_CITIES,ROAD,8,18.0
67481,1,7,121,2,3,80.0,0,I,MELB_URBAN,ROAD,8,18.0
67482,1,7,110,1,3,70.0,1,I,MELB_URBAN,ROAD,8,20.0
67483,4,5,173,5,3,60.0,0,N,LARGE_PROVINCIAL_CITIES,STREET,8,3.0
67484,6,1,174,5,1,60.0,0,N,MELB_URBAN,OTHER,7,14.0
67485,1,6,110,1,3,60.0,0,I,MELB_URBAN,PARADE,8,21.0
67486,1,0,130,4,3,70.0,0,I,MELB_URBAN,RAMP,8,3.0
67487,1,5,135,5,2,80.0,0,I,MELB_URBAN,FREEWAY,8,17.0
67488,4,7,171,5,1,60.0,0,N,MELB_URBAN,ROAD,8,11.0
67489,1,3,130,5,2,70.0,0,N,RURAL_VICTORIA,ROAD,8,17.0
67490,1,4,111,1,1,70.0,0,I,MELB_URBAN,ROAD,6,8.0
67491,1,4,130,2,1,50.0,0,I,MELB_URBAN,ROAD,7,13.0
67492,1,5,130,2,3,60.0,0,I,MELB_URBAN,DRIVE,7,6.0
67493,8,1,174,2,1,60.0,0,I,SMALL_CITIES,STREET,8,9.0
67494,1,0,130,5,1,100.0,0,N,MELB_URBAN,FREEWAY,8,11.0
67495,1,1,130,5,1,60.0,0,N,MELB_URBAN,STREET,8,14.0
67496,4,1,171,5,1,60.0,0,N,MELB_URBAN,DRIVE,8,13.0
67497,1,1,110,1,1,50.0,0,I,MELB_URBAN,STREET,8,14.0
67498,1,7,116,2,1,60.0,0,I,LARGE_PROVINCIAL_CITIES,STREET,7,16.0
67499,5,6,99,5,1,60.0,0,N,RURAL_VICTORIA,OTHER,1,11.0
67500,2,1,99,6,1,50.0,0,N,MELB_URBAN,OTHER,8,12.0
67501,4,7,171,5,1,60.0,0,N,RURAL_VICTORIA,ROAD,7,9.0
67502,6,1,99,5,1,100.0,0,N,SMALL_TOWNS,ROAD,8,13.0
67503,1,1,99,4,1,80.0,0,I,MELB_URBAN,ROAD,8,14.0
67504,4,1,181,5,1,100.0,0,N,RURAL_VICTORIA,ROAD,8,16.0
67505,1,1,130,5,1,60.0,0,N,MELB_URBAN,ROAD,8,16.0
67506,2,1,100,1,9,60.0,0,I,MELB_URBAN,STREET,8,10.0
67507,1,1,130,1,1,60.0,0,I,MELB_URBAN,ROAD,7,17.0
67508,1,1,163,2,1,40.0,0,N,MELB_URBAN,STREET,8,15.0
67509,1,1,130,5,1,60.0,0,N,MELB_URBAN,ROAD,8,13.0
67510,6,1,99,5,5,100.0,0,N,RURAL_VICTORIA,ROAD,8,19.0
67511,2,1,102,1,3,60.0,0,I,MELB_URBAN,ROAD,8,21.0
67512,1,1,130,5,1,60.0,0,N,MELB_URBAN,ROAD,8,16.0
67513,1,1,130,5,1,60.0,0,N,MELB_URBAN,ROAD,8,15.0
67514,1,1,113,2,3,70.0,0,I,RURAL_VICTORIA,ROAD,8,21.0
67515,1,0,121,2,1,60.0,0,I,MELB_URBAN,ROAD,8,16.0
67516,8,2,170,5,1,60.0,0,N,RURAL_VICTORIA,ROAD,8,14.0
67517,4,2,173,5,3,60.0,0,N,MELB_URBAN,ROAD,8,4.0
67518,1,2,132,5,1,80.0,0,N,RURAL_VICTORIA,HIGHWAY,8,7.0
67519,2,1,102,1,3,40.0,0,I,LARGE_PROVINCIAL_CITIES,STREET,7,3.0
67520,1,2,133,2,1,70.0,0,I,MELB_URBAN,ROAD,8,7.0
67521,1,2,99,1,1,40.0,0,I,MELB_URBAN,STREET,8,8.0
67522,1,6,130,2,1,60.0,0,I,MELB_URBAN,ROAD,6,13.0
67523,1,3,99,5,1,40.0,0,N,TOWNS,AVENUE,7,10.0
67524,1,1,113,2,1,70.0,0,I,MELB_URBAN,ROAD,8,11.0
67525,1,2,135,2,1,60.0,0,I,MELB_URBAN,PARADE,8,8.0
67526,4,1,173,5,3,60.0,0,N,MELB_URBAN,ROAD,8,19.0
67527,4,2,181,5,2,100.0,0,N,RURAL_VICTORIA,ROAD,8,6.0
67528,1,6,130,5,6,100.0,0,N,MELB_URBAN,FREEWAY,8,23.0
67529,1,2,111,2,1,60.0,0,I,SMALL_CITIES,AVENUE,8,8.0
67530,1,6,113,2,1,60.0,0,I,SMALL_CITIES,HIGHWAY,7,14.0
67531,1,6,130,1,9,70.0,0,I,MELB_URBAN,ROAD,2,13.0
67532,1,6,121,2,1,60.0,0,I,RURAL_VICTORIA,STREET,7,15.0
67533,1,2,130,4,1,80.0,0,I,MELB_URBAN,ROAD,8,13.0
67534,1,2,116,2,1,80.0,1,N,MELB_URBAN,HIGHWAY,8,13.0
67535,6,0,174,5,1,50.0,0,N,RURAL_VICTORIA,PARADE,8,15.0
67536,5,4,99,2,3,60.0,0,I,MELB_URBAN,AVENUE,6,20.0
67537,1,1,110,1,3,60.0,0,I,LARGE_PROVINCIAL_CITIES,HIGHWAY,8,19.0
67538,1,5,121,1,1,60.0,0,I,MELB_URBAN,ROAD,8,9.0
67539,1,2,110,1,1,50.0,0,I,MELB_URBAN,STREET,8,15.0
67540,1,2,132,2,1,60.0,0,I,MELB_URBAN,ROAD,8,15.0
67541,1,2,121,1,1,60.0,0,I,MELB_URBAN,ROAD,8,14.0
67542,1,4,130,1,1,70.0,0,I,MELB_URBAN,BOULEVARD,7,15.0
67543,1,2,130,1,1,50.0,0,I,MELB_URBAN,STREET,8,9.0
67544,6,6,174,2,3,50.0,0,I,MELB_URBAN,AVENUE,8,18.0
67545,1,2,160,5,2,50.0,0,N,MELB_URBAN,DRIVE,8,17.0
67546,4,6,181,5,1,100.0,0,N,RURAL_VICTORIA,ROAD,4,14.0
67547,1,2,99,1,2,50.0,0,I,MELB_URBAN,STREET,8,17.0
67548,1,2,121,2,1,50.0,0,I,SMALL_CITIES,STREET,8,15.0
67549,1,7,120,5,1,60.0,0,N,RURAL_VICTORIA,ROAD,8,11.0
67550,1,2,110,1,1,50.0,0,I,MELB_URBAN,AVENUE,8,17.0
67551,1,2,121,1,3,60.0,0,I,SMALL_CITIES,HIGHWAY,7,20.0
67552,1,5,130,1,1,60.0,0,I,MELB_URBAN,ROAD,8,9.0
67553,2,1,100,1,1,60.0,0,I,MELB_URBAN,STREET,8,15.0
67554,1,2,99,5,1,60.0,0,N,MELB_URBAN,ROAD,8,16.0
67555,1,2,121,2,3,60.0,0,N,MELB_URBAN,ROAD,8,17.0
67556,1,4,130,5,1,60.0,0,N,MELB_URBAN,ROAD,8,15.0
67557,1,2,110,1,3,60.0,0,I,MELB_URBAN,ROAD,8,21.0
67558,1,1,130,5,5,90.0,0,N,MELB_URBAN,ROAD,8,21.0
67559,4,3,173,5,5,80.0,0,N,SMALL_CITIES,HIGHWAY,8,0.0
67560,8,7,174,1,1,60.0,0,I,MELB_URBAN,ROAD,8,13.0
67561,1,1,99,5,3,50.0,0,N,LARGE_PROVINCIAL_CITIES,AVENUE,8,5.0
67562,1,4,130,5,2,80.0,0,N,MELB_URBAN,ROAD,8,7.0
67563,1,3,99,1,1,60.0,0,I,MELB_URBAN,STREET,8,8.0
67564,1,5,130,5,1,80.0,0,N,MELB_URBAN,ROAD,6,15.0
67565,1,3,133,5,1,100.0,0,N,RURAL_VICTORIA,ROAD,8,9.0
67566,1,6,130,1,2,60.0,0,I,MELB_URBAN,ROAD,7,16.0
67567,4,2,171,5,1,100.0,0,N,MELB_URBAN,UNKNOWN,6,8.0
67568,1,1,130,5,1,60.0,0,N,MELB_URBAN,STREET,6,9.0
67569,1,3,134,5,1,60.0,0,N,MELB_URBAN,OTHER,8,7.0
67570,2,1,100,1,9,60.0,0,I,MELB_URBAN,ROAD,7,8.0
67571,1,3,130,1,1,60.0,0,I,SMALL_CITIES,PARADE,8,8.0
67572,1,2,140,5,1,40.0,0,I,LARGE_PROVINCIAL_CITIES,BOULEVARD,8,11.0
67573,1,2,130,4,9,60.0,0,I,MELB_URBAN,ROAD,8,15.0
67574,1,6,121,2,1,50.0,0,I,MELB_URBAN,ROAD,8,14.0
67575,4,3,171,5,1,60.0,0,N,MELB_URBAN,ROAD,8,13.0
67576,1,2,121,2,1,60.0,0,I,MELB_URBAN,ROAD,8,8.0
67577,1,3,147,5,1,50.0,0,N,MELB_URBAN,OTHER,8,13.0
67578,4,1,181,5,5,100.0,0,N,RURAL_VICTORIA,ROAD,6,20.0
67579,1,3,130,2,1,60.0,0,I,MELB_URBAN,ROAD,8,11.0
67580,1,2,121,4,1,60.0,0,I,SMALL_CITIES,ROAD,8,14.0
67581,2,2,99,5,1,60.0,0,N,RURAL_VICTORIA,HIGHWAY,7,15.0
67582,2,3,100,2,1,50.0,0,I,MELB_URBAN,ROAD,8,13.0
67583,1,7,110,1,1,60.0,0,I,MELB_URBAN,ROAD,8,15.0
67584,1,3,121,1,1,60.0,0,I,LARGE_PROVINCIAL_CITIES,STREET,8,16.0
67585,1,1,173,5,3,80.0,0,N,MELB_URBAN,FREEWAY,7,23.0
67586,1,3,130,5,1,80.0,0,N,MELB_URBAN,ROAD,8,16.0
67587,1,2,99,5,2,40.0,0,N,MELB_URBAN,STREET,8,16.0
67588,2,2,100,5,3,40.0,0,N,MELB_URBAN,DRIVE,8,18.0
67589,1,3,130,5,1,80.0,0,N,MELB_URBAN,FREEWAY,8,16.0
67590,1,3,130,5,3,80.0,0,N,MELB_URBAN,ROAD,8,18.0
67591,1,2,140,5,1,60.0,0,N,MELB_URBAN,ROAD,8,9.0
67592,1,3,110,1,9,80.0,0,I,MELB_URBAN,ROAD,8,8.0
67593,1,3,113,2,3,80.0,0,I,MELB_URBAN,ROAD,8,19.0
67594,1,2,110,1,3,60.0,0,I,SMALL_CITIES,STREET,8,21.0
67595,1,3,160,5,3,50.0,0,N,MELB_URBAN,STREET,8,20.0
67596,1,3,147,5,2,70.0,0,I,MELB_URBAN,ROAD,8,16.0
67597,2,3,100,1,3,70.0,1,I,MELB_URBAN,ROAD,8,18.0
67598,1,3,110,1,3,60.0,0,I,MELB_URBAN,ROAD,8,5.0
67599,1,3,163,5,9,60.0,0,N,MELB_URBAN,STREET,7,19.0
67600,1,4,134,5,3,100.0,0,N,MELB_URBAN,FREEWAY,7,18.0
67601,4,3,171,5,3,70.0,0,N,MELB_URBAN,ROAD,8,23.0
67602,4,4,173,5,3,60.0,0,N,SMALL_CITIES,DRIVE,8,3.0
67603,1,2,133,5,1,100.0,0,N,MELB_URBAN,RAMP,8,13.0
67604,4,3,183,5,5,100.0,0,N,RURAL_VICTORIA,HIGHWAY,8,4.0
67605,1,6,130,5,9,60.0,0,N,MELB_URBAN,ROAD,3,8.0
67606,1,3,130,2,1,60.0,0,I,MELB_URBAN,ROAD,8,7.0
67607,1,3,99,1,1,50.0,0,I,MELB_URBAN,STREET,8,17.0
67608,1,2,130,1,1,60.0,0,I,MELB_URBAN,STREET,8,16.0
67609,1,3,120,2,5,100.0,0,I,RURAL_VICTORIA,HIGHWAY,8,21.0
67610,1,6,120,5,4,60.0,0,N,LARGE_PROVINCIAL_CITIES,ROAD,7,23.0
67611,1,5,130,5,1,80.0,0,N,MELB_URBAN,ROAD,8,7.0
67612,1,4,121,1,1,80.0,0,I,MELB_URBAN,HIGHWAY,8,8.0
67613,1,6,135,5,1,100.0,0,N,MELB_URBAN,ROAD,6,14.0
67614,4,4,171,5,1,60.0,0,N,MELB_URBAN,ROAD,8,9.0
67615,1,3,135,5,3,60.0,0,N,MELB_URBAN,ROAD,7,18.0
67616,1,3,132,1,1,80.0,0,I,RURAL_VICTORIA,ROAD,8,8.0
67617,1,3,121,2,3,50.0,0,N,SMALL_CITIES,STREET,8,21.0
67618,1,3,116,2,1,100.0,0,I,RURAL_VICTORIA,HIGHWAY,8,10.0
67619,1,4,130,5,1,60.0,0,N,MELB_URBAN,OTHER,8,11.0
67620,1,3,130,5,1,80.0,0,N,MELB_URBAN,HIGHWAY,8,9.0
67621,1,4,130,5,1,100.0,0,N,MELB_URBAN,UNKNOWN,8,12.0
67622,1,2,110,1,1,60.0,0,I,TOWNS,STREET,8,13.0
67623,1,4,130,1,1,70.0,0,I,MELB_URBAN,ROAD,8,9.0
67624,1,7,121,5,1,50.0,0,N,MELB_URBAN,ROAD,8,11.0
67625,1,2,110,1,5,50.0,0,I,LARGE_PROVINCIAL_CITIES,ROAD,8,22.0
67626,4,3,171,5,1,100.0,0,N,RURAL_VICTORIA,HIGHWAY,8,14.0
67627,1,4,99,2,3,60.0,0,I,MELB_URBAN,ROAD,8,6.0
67628,1,2,111,4,1,80.0,0,N,MELB_URBAN,HIGHWAY,7,15.0
67629,1,5,99,4,1,80.0,0,N,MELB_URBAN,RAMP,8,16.0
67630,1,3,130,5,4,80.0,0,N,MELB_URBAN,ROAD,8,18.0
67631,6,5,184,5,2,70.0,0,N,RURAL_VICTORIA,ROAD,8,16.0
67632,1,3,132,1,3,50.0,0,I,LARGE_PROVINCIAL_CITIES,STREET,7,17.0
67633,1,4,130,5,3,80.0,0,N,MELB_URBAN,ROAD,8,18.0
67634,1,4,163,5,1,50.0,0,N,MELB_URBAN,STREET,8,13.0
67635,2,3,100,2,3,40.0,0,N,MELB_URBAN,HIGHWAY,8,19.0
67636,1,3,133,5,3,60.0,0,N,MELB_URBAN,ROAD,8,18.0
67637,1,4,121,1,3,50.0,0,I,TOWNS,STREET,8,19.0
67638,2,4,100,5,1,70.0,0,N,MELB_URBAN,ROAD,8,17.0
67639,2,4,99,5,1,60.0,0,N,RURAL_VICTORIA,DRIVE,8,13.0
67640,1,6,130,2,3,60.0,0,I,MELB_URBAN,ROAD,8,18.0
67641,1,4,135,5,3,80.0,0,N,MELB_URBAN,FREEWAY,8,18.0
67642,2,3,102,1,3,60.0,0,I,MELB_URBAN,ROAD,8,20.0
67643,1,4,147,5,1,60.0,0,N,MELB_URBAN,ROAD,8,8.0
67644,1,4,133,5,3,50.0,0,N,MELB_URBAN,ROAD,8,20.0
67645,2,4,99,5,3,50.0,0,N,SMALL_TOWNS,STREET,8,21.0
67646,1,4,130,2,3,60.0,1,I,LARGE_PROVINCIAL_CITIES,STREET,8,18.0
67647,1,4,121,2,3,50.0,0,I,MELB_URBAN,DRIVE,8,20.0
67648,1,4,130,5,3,50.0,0,N,LARGE_PROVINCIAL_CITIES,STREET,8,21.0
67649,1,4,99,2,3,60.0,0,N,MELB_URBAN,AVENUE,8,19.0
67650,1,3,160,1,3,60.0,0,I,MELB_URBAN,STREET,8,20.0
67651,1,3,130,1,1,60.0,0,I,MELB_URBAN,ROAD,8,15.0
67652,1,2,130,5,1,70.0,0,N,MELB_URBAN,ROAD,4,14.0
67653,1,5,116,2,2,50.0,0,I,MELB_URBAN,ROAD,8,6.0
67654,1,4,163,5,1,60.0,0,N,MELB_URBAN,STREET,8,9.0
67655,2,4,100,1,1,80.0,0,I,MELB_URBAN,HIGHWAY,8,7.0
67656,1,4,121,2,1,80.0,0,I,MELB_URBAN,ROAD,8,8.0
67657,1,4,99,2,1,60.0,0,I,SMALL_CITIES,STREET,7,8.0
67658,1,3,121,1,1,60.0,0,I,LARGE_PROVINCIAL_CITIES,STREET,8,18.0
67659,1,2,121,1,3,60.0,0,I,SMALL_TOWNS,HIGHWAY,8,21.0
67660,6,4,170,5,1,60.0,0,N,MELB_URBAN,ROAD,8,8.0
67661,1,3,99,4,1,50.0,0,N,MELB_URBAN,STREET,6,7.0
67662,1,3,130,5,3,60.0,0,N,MELB_URBAN,ROAD,8,18.0
67663,1,4,113,4,1,100.0,0,N,RURAL_VICTORIA,ROAD,8,12.0
67664,2,4,99,5,1,50.0,0,N,MELB_URBAN,STREET,8,14.0
67665,2,4,100,1,1,40.0,0,I,MELB_URBAN,STREET,8,10.0
67666,1,5,135,5,1,100.0,0,N,MELB_URBAN,UNKNOWN,8,12.0
67667,8,2,170,5,1,60.0,0,N,RURAL_VICTORIA,ROAD,8,13.0
67668,1,5,130,5,1,60.0,0,N,MELB_URBAN,ROAD,5,7.0
67669,1,6,130,2,1,60.0,0,I,SMALL_CITIES,AVENUE,5,8.0
67670,1,5,132,2,1,100.0,0,I,RURAL_VICTORIA,ROAD,8,14.0
67671,6,5,170,5,1,80.0,0,N,RURAL_VICTORIA,ROAD,8,14.0
67672,2,5,99,5,2,40.0,0,N,MELB_URBAN,STREET,8,17.0
67673,1,5,130,1,1,80.0,0,I,MELB_URBAN,ROAD,8,16.0
67674,4,5,173,2,1,70.0,0,N,MELB_URBAN,ROAD,8,15.0
67675,1,5,99,5,1,60.0,0,N,MELB_URBAN,ROAD,8,8.0
67676,1,5,116,2,1,50.0,0,I,SMALL_CITIES,STREET,8,16.0
67677,1,5,130,5,9,100.0,0,N,MELB_URBAN,FREEWAY,4,18.0
67678,2,5,99,5,1,50.0,0,N,TOWNS,STREET,8,15.0
67679,1,2,130,2,3,80.0,0,I,MELB_URBAN,ROAD,8,18.0
67680,1,3,130,3,2,60.0,0,I,MELB_URBAN,RAMP,8,17.0
67681,1,5,130,2,3,80.0,0,N,MELB_URBAN,ROAD,8,18.0
67682,1,5,130,2,3,60.0,0,N,MELB_URBAN,ROAD,8,18.0
67683,1,3,130,5,1,100.0,0,N,MELB_URBAN,ROAD,7,7.0
67684,1,5,121,2,3,70.0,0,I,LARGE_PROVINCIAL_CITIES,ROAD,8,20.0
67685,1,5,120,5,3,70.0,0,N,RURAL_VICTORIA,ROAD,8,19.0
67686,5,5,173,5,1,100.0,0,N,MELB_URBAN,FREEWAY,8,15.0
67687,1,4,110,1,3,60.0,0,I,MELB_URBAN,STREET,8,4.0
67688,1,6,121,1,3,70.0,0,I,MELB_URBAN,ROAD,8,4.0
67689,1,4,113,2,1,80.0,0,I,SMALL_CITIES,ROAD,8,9.0
67690,1,6,99,2,1,60.0,0,I,SMALL_CITIES,STREET,8,6.0
67691,1,6,113,2,1,80.0,0,I,RURAL_VICTORIA,HIGHWAY,8,8.0
67692,1,4,120,5,1,60.0,0,N,RURAL_VICTORIA,ROAD,8,16.0
67693,6,3,184,5,1,50.0,0,N,LARGE_PROVINCIAL_CITIES,OTHER,8,15.0
67694,6,6,170,1,1,60.0,0,I,MELB_URBAN,DRIVE,8,9.0
67695,1,6,160,5,1,60.0,0,N,MELB_URBAN,ROAD,8,7.0
67696,8,1,174,2,3,40.0,0,I,MELB_URBAN,STREET,8,18.0
67697,1,6,99,2,1,60.0,0,I,MELB_URBAN,STREET,8,9.0
67698,2,6,99,5,1,60.0,0,N,MELB_URBAN,ROAD,8,11.0
67699,1,3,130,5,1,100.0,0,N,MELB_URBAN,FREEWAY,3,15.0
67700,8,7,99,5,1,60.0,0,N,RURAL_VICTORIA,ROAD,7,10.0
67701,4,4,173,5,5,70.0,0,N,RURAL_VICTORIA,ROAD,8,21.0
67702,1,5,99,5,1,50.0,0,N,TOWNS,STREET,8,16.0
67703,2,6,102,5,1,70.0,0,N,MELB_URBAN,ROAD,8,8.0
67704,2,5,102,1,1,60.0,0,I,MELB_URBAN,STREET,8,9.0
67705,1,2,110,4,1,60.0,0,N,MELB_URBAN,ROAD,7,13.0
67706,1,3,140,2,9,60.0,0,I,MELB_URBAN,HIGHWAY,8,16.0
67707,6,1,184,5,1,80.0,0,N,RURAL_VICTORIA,ROAD,7,15.0
67708,1,7,130,5,1,100.0,0,N,RURAL_VICTORIA,ROAD,2,17.0
67709,1,6,130,5,2,60.0,0,N,LARGE_PROVINCIAL_CITIES,STREET,8,17.0
67710,1,6,113,2,1,60.0,0,I,MELB_URBAN,ROAD,8,15.0
67711,1,5,130,5,2,100.0,0,N,MELB_URBAN,FREEWAY,8,17.0
67712,1,6,110,1,5,60.0,0,I,MELB_URBAN,STREET,8,17.0
67713,1,5,121,1,1,40.0,0,I,MELB_URBAN,STREET,8,16.0
67714,1,6,99,5,1,50.0,0,N,SMALL_CITIES,STREET,8,14.0
67715,1,6,140,2,1,70.0,1,I,MELB_URBAN,ROAD,8,14.0
67716,6,5,184,5,1,60.0,0,N,RURAL_VICTORIA,ROAD,8,16.0
67717,2,6,100,5,1,80.0,1,N,MELB_URBAN,HIGHWAY,8,16.0
67718,1,5,113,2,3,60.0,0,I,MELB_URBAN,ROAD,8,18.0
67719,2,6,99,2,1,80.0,0,I,MELB_URBAN,HIGHWAY,8,17.0
67720,1,6,121,2,1,70.0,0,I,SMALL_CITIES,PARADE,8,18.0
67721,4,6,173,2,5,80.0,0,I,SMALL_TOWNS,ROAD,8,3.0
67722,2,4,102,1,3,40.0,0,I,MELB_URBAN,STREET,8,21.0
67723,1,6,121,1,3,60.0,0,I,MELB_URBAN,STREET,8,22.0
67724,1,5,110,1,3,80.0,0,I,MELB_URBAN,ROAD,8,21.0
67725,5,6,99,5,3,50.0,0,N,MELB_URBAN,DRIVE,8,22.0
67726,1,7,160,5,3,60.0,0,N,MELB_URBAN,ROAD,8,3.0
67727,1,7,140,5,3,80.0,0,N,LARGE_PROVINCIAL_CITIES,HIGHWAY,8,1.0
67728,1,7,113,2,6,60.0,0,I,TOWNS,STREET,8,5.0
67729,1,7,133,5,3,80.0,0,N,MELB_URBAN,ROAD,8,6.0
67730,1,7,160,5,1,60.0,0,N,MELB_URBAN,ROAD,8,7.0
67731,4,7,183,5,1,100.0,0,N,RURAL_VICTORIA,ROAD,8,8.0
67732,1,1,181,5,3,50.0,0,N,MELB_URBAN,DRIVE,8,1.0
67733,2,4,100,1,3,60.0,0,I,MELB_URBAN,ROAD,8,1.0
67734,2,7,102,1,2,60.0,1,I,MELB_URBAN,ROAD,8,7.0
67735,1,3,111,2,1,60.0,0,I,RURAL_VICTORIA,ROAD,8,8.0
67736,2,5,102,5,1,50.0,0,N,MELB_URBAN,ROAD,8,10.0
67737,1,7,135,5,1,100.0,0,N,MELB_URBAN,UNKNOWN,8,9.0
67738,1,7,133,5,1,100.0,0,N,RURAL_VICTORIA,ROAD,8,11.0
67739,4,7,181,5,1,80.0,0,N,RURAL_VICTORIA,ROAD,8,11.0
67740,1,3,132,2,1,80.0,0,I,MELB_URBAN,ROAD,8,14.0
67741,1,7,130,5,1,60.0,0,N,MELB_URBAN,ROAD,8,12.0
67742,1,7,130,2,1,50.0,0,I,MELB_URBAN,ROAD,8,11.0
67743,1,1,121,1,1,60.0,0,I,MELB_URBAN,ROAD,7,9.0
67744,1,3,133,5,2,50.0,0,I,MELB_URBAN,ROAD,7,17.0
67745,6,7,174,5,1,60.0,0,N,RURAL_VICTORIA,ROAD,8,12.0
67746,1,6,160,5,1,60.0,0,N,MELB_URBAN,ROAD,8,15.0
67747,6,7,99,5,1,60.0,0,N,RURAL_VICTORIA,ROAD,8,15.0
67748,1,6,120,5,1,80.0,0,N,MELB_URBAN,ROAD,8,14.0
67749,2,7,100,5,3,80.0,0,N,SMALL_CITIES,HIGHWAY,8,18.0
67750,1,7,113,2,5,60.0,0,I,SMALL_CITIES,ROAD,8,18.0
67751,4,7,171,5,1,100.0,1,N,RURAL_VICTORIA,ROAD,8,13.0
67752,1,6,160,2,3,60.0,0,I,MELB_URBAN,PARADE,8,21.0
67753,4,7,171,5,5,100.0,0,N,RURAL_VICTORIA,ROAD,8,18.0
67754,1,7,121,1,3,60.0,0,I,LARGE_PROVINCIAL_CITIES,ROAD,8,19.0
67755,1,6,130,2,1,60.0,0,N,MELB_URBAN,ROAD,8,15.0
67756,1,7,113,2,3,60.0,0,I,MELB_URBAN,STREET,8,18.0
67757,2,7,102,1,3,50.0,0,I,MELB_URBAN,STREET,8,20.0
67758,4,5,171,5,3,50.0,0,N,MELB_URBAN,ROAD,8,5.0
67759,1,7,173,5,1,50.0,0,N,MELB_URBAN,STREET,8,15.0
67760,1,1,110,1,3,60.0,0,I,MELB_URBAN,ROAD,8,0.0
67761,2,7,100,1,3,80.0,0,I,MELB_URBAN,HIGHWAY,8,21.0
67762,2,1,99,5,3,70.0,0,N,MELB_URBAN,ROAD,8,3.0
67763,6,3,174,1,1,60.0,0,I,MELB_URBAN,ROAD,8,11.0
67764,1,5,163,5,2,50.0,0,N,MELB_URBAN,STREET,4,16.0
67765,1,7,99,1,1,80.0,0,I,SMALL_CITIES,HIGHWAY,8,12.0
67766,1,6,130,1,1,60.0,0,I,MELB_URBAN,ROAD,9,13.0
67767,1,2,120,2,1,60.0,0,I,MELB_URBAN,ROAD,8,14.0
67768,2,1,99,5,5,80.0,1,N,LARGE_PROVINCIAL_CITIES,HIGHWAY,8,3.0
67769,1,1,160,5,1,60.0,0,N,LARGE_PROVINCIAL_CITIES,ROAD,8,7.0
67770,1,1,113,1,1,80.0,0,I,RURAL_VICTORIA,ROAD,8,10.0
67771,1,0,121,5,1,80.0,0,I,MELB_URBAN,ROAD,8,11.0
67772,1,7,160,5,3,60.0,0,N,SMALL_CITIES,STREET,8,19.0
67773,1,1,140,5,1,60.0,0,N,MELB_URBAN,ROAD,8,12.0
67774,4,1,171,2,1,50.0,0,I,LARGE_PROVINCIAL_CITIES,STREET,8,13.0
67775,1,1,121,2,1,60.0,0,I,SMALL_CITIES,ROAD,8,13.0
67776,1,1,113,2,1,60.0,0,I,SMALL_CITIES,STREET,8,13.0
67777,1,7,130,2,1,80.0,0,N,MELB_URBAN,HIGHWAY,8,13.0
67778,1,1,121,2,1,60.0,0,I,MELB_URBAN,ROAD,8,13.0
67779,1,1,130,2,1,50.0,0,I,MELB_URBAN,ROAD,8,13.0
67780,1,4,130,1,1,70.0,0,I,MELB_URBAN,ROAD,8,8.0
67781,1,1,163,5,1,40.0,0,N,MELB_URBAN,STREET,8,9.0
67782,1,1,99,1,1,80.0,0,N,MELB_URBAN,ROAD,8,13.0
67783,1,1,130,5,9,80.0,0,N,MELB_URBAN,HIGHWAY,8,15.0
67784,1,1,130,5,1,80.0,0,N,MELB_URBAN,FREEWAY,8,14.0
67785,6,1,174,5,1,60.0,0,N,RURAL_VICTORIA,OTHER,8,14.0
67786,4,6,181,5,3,80.0,0,N,MELB_URBAN,ROAD,8,23.0
67787,4,1,171,5,5,80.0,0,N,SMALL_TOWNS,ROAD,8,17.0
67788,1,1,130,1,1,60.0,0,I,MELB_URBAN,ROAD,8,14.0
67789,1,1,99,5,1,50.0,0,N,MELB_URBAN,STREET,8,14.0
67790,1,1,163,5,2,40.0,0,N,MELB_URBAN,ROAD,8,17.0
67791,1,1,121,1,3,60.0,0,I,LARGE_PROVINCIAL_CITIES,STREET,8,19.0