,accident_type,day_of_week,dca_code,road_geometry,light_condition,speed_zone,severity,node_type,deg_urban_name,road_type,month,hour
67792,2,0,102,1,3,40.0,0,I,MELBOURNE_CBD,STREET,8,23.0
67793,4,2,171,5,5,80.0,0,N,RURAL_VICTORIA,ROAD,8,1.0
67794,8,7,99,5,9,70.0,0,N,MELB_URBAN,HIGHWAY,3,11.0
67795,4,2,183,5,3,50.0,0,N,MELB_URBAN,DRIVE,8,4.0
67796,1,7,163,5,3,60.0,0,N,MELB_URBAN,STREET,8,18.0
67797,1,2,121,1,1,40.0,0,I,MELBOURNE_CBD,STREET,8,8.0
67798,1,1,130,5,1,60.0,0,N,MELB_URBAN,ROAD,8,15.0
67799,4,6,173,5,1,100.0,0,N,RURAL_VICTORIA,HIGHWAY,8,15.0
67800,4,0,173,5,1,100.0,0,N,RURAL_VICTORIA,ROAD,8,15.0
67801,1,1,120,5,5,100.0,0,N,RURAL_VICTORIA,ROAD,8,18.0
67802,5,6,171,5,6,70.0,0,N,TOWNS,ROAD,3,0.0
67803,1,7,113,2,1,80.0,0,I,RURAL_VICTORIA,ROAD,8,8.0
67804,1,2,110,1,1,50.0,0,I,TOWNS,STREET,8,9.0
67805,1,2,110,1,1,80.0,0,I,MELB_URBAN,ROAD,8,10.0
67806,1,2,121,4,1,60.0,0,I,MELB_URBAN,RAMP,8,9.0
67807,1,1,121,5,1,40.0,0,I,MELBOURNE_CBD,STREET,8,16.0
67808,4,2,171,1,1,70.0,0,I,SMALL_CITIES,ROAD,8,11.0
67809,1,2,130,5,1,80.0,0,N,MELB_URBAN,ROAD,8,11.0
67810,1,5,130,5,3,100.0,0,N,MELB_URBAN,UNKNOWN,6,17.0
67811,6,0,174,2,3,60.0,0,N,MELBOURNE_CBD,STREET,7,0.0
67812,1,7,110,1,1,50.0,0,I,MELB_URBAN,ROAD,8,8.0
67813,1,1,130,1,6,60.0,0,I,MELB_URBAN,STREET,8,22.0
67814,4,4,171,5,1,60.0,0,N,MELB_URBAN,ROAD,4,15.0
67815,1,1,113,2,1,80.0,0,N,MELB_URBAN,ROAD,8,8.0
67816,2,2,100,1,1,50.0,0,I,MELB_URBAN,STREET,8,11.0
67817,4,2,171,2,5,60.0,0,I,RURAL_VICTORIA,ROAD,8,22.0
67818,1,1,130,5,1,50.0,0,N,MELB_URBAN,STREET,8,13.0
67819,4,2,183,5,1,100.0,0,N,RURAL_VICTORIA,ROAD,8,10.0
67820,1,2,121,1,1,60.0,0,I,MELB_URBAN,ROAD,8,14.0
67821,4,2,173,5,1,100.0,0,N,RURAL_VICTORIA,ROAD,8,12.0
67822,1,2,130,2,1,60.0,0,N,MELB_URBAN,ROAD,8,12.0
67823,4,2,99,2,1,50.0,0,I,MELB_URBAN,STREET,8,12.0
67824,1,1,121,1,3,60.0,0,I,MELB_URBAN,HIGHWAY,8,19.0
67825,1,1,113,2,1,50.0,0,I,MELB_URBAN,AVENUE,8,15.0
67826,1,2,130,1,1,60.0,0,I,MELB_URBAN,STREET,8,15.0
67827,4,3,181,2,2,60.0,0,I,RURAL_VICTORIA,ROAD,8,7.0
67828,1,2,110,1,1,60.0,0,I,MELB_URBAN,ROAD,8,16.0
67829,1,1,99,2,1,40.0,0,I,MELB_URBAN,DRIVE,8,15.0
67830,1,2,130,5,1,60.0,0,N,LARGE_PROVINCIAL_CITIES,STREET,8,16.0
67831,1,6,121,2,1,60.0,0,I,MELB_URBAN,ROAD,7,12.0
67832,1,4,130,4,3,60.0,0,I,SMALL_CITIES,STREET,8,18.0
67833,4,1,171,1,3,70.0,0,I,MELB_URBAN,ROAD,8,4.0
67834,6,2,174,5,1,60.0,0,N,MELB_URBAN,DRIVE,8,15.0
67835,1,7,99,5,3,60.0,0,N,TOWNS,STREET,8,6.0
67836,1,6,130,5,1,60.0,0,N,MELB_URBAN,FREEWAY,8,17.0
67837,1,2,99,1,3,60.0,0,I,MELB_URBAN,STREET,8,7.0
67838,3,2,167,5,5,100.0,0,N,RURAL_VICTORIA,ROAD,8,4.0
67839,4,3,183,2,3,70.0,0,N,RURAL_VICTORIA,ROAD,8,2.0
67840,4,3,183,5,3,100.0,0,N,MELB_URBAN,FREEWAY,8,0.0
67841,1,2,147,5,1,60.0,0,N,MELB_URBAN,ROAD,8,17.0
67842,1,3,130,5,2,80.0,0,N,MELB_URBAN,FREEWAY,8,6.0
67843,1,2,113,2,1,60.0,0,N,MELB_URBAN,ROAD,8,14.0
67844,1,3,130,5,2,100.0,0,N,MELB_URBAN,FREEWAY,8,6.0
67845,1,2,147,5,1,40.0,0,N,MELB_URBAN,STREET,8,15.0
67846,1,2,130,1,3,80.0,0,I,MELB_URBAN,ROAD,8,19.0
67847,1,3,130,5,1,100.0,0,N,MELB_URBAN,ROAD,8,8.0
67848,1,2,130,5,1,60.0,0,N,LARGE_PROVINCIAL_CITIES,STREET,8,9.0
67849,2,3,99,5,1,50.0,0,N,MELB_URBAN,BOULEVARD,8,9.0
67850,1,3,99,2,1,50.0,0,I,MELB_URBAN,ROAD,8,10.0
67851,1,7,113,2,1,60.0,0,I,MELB_URBAN,ROAD,8,14.0
67852,1,2,130,2,1,60.0,0,I,MELB_URBAN,ROAD,8,13.0
67853,1,3,130,5,1,80.0,0,N,MELB_URBAN,FREEWAY,8,8.0
67854,1,4,160,2,1,50.0,0,N,MELB_URBAN,ROAD,7,9.0
67855,1,3,113,2,1,50.0,0,I,MELB_URBAN,DRIVE,8,8.0
67856,1,7,130,1,1,80.0,0,N,MELB_URBAN,ROAD,8,12.0
67857,1,2,110,1,1,50.0,0,I,MELB_URBAN,STREET,7,8.0
67858,1,6,130,5,1,80.0,0,N,MELB_URBAN,ROAD,8,15.0
67859,1,3,130,5,1,50.0,0,N,LARGE_PROVINCIAL_CITIES,STREET,8,12.0
67860,4,2,171,5,1,50.0,0,N,MELB_URBAN,OTHER,8,9.0
67861,5,3,99,5,1,50.0,0,N,MELB_URBAN,BOULEVARD,8,12.0
67862,1,3,99,2,1,60.0,0,I,MELB_URBAN,STREET,8,8.0
67863,1,4,121,2,1,80.0,0,I,MELB_URBAN,HIGHWAY,8,16.0
67864,2,3,100,1,1,40.0,0,N,MELB_URBAN,STREET,8,13.0
67865,1,0,130,5,3,60.0,0,N,MELB_URBAN,ROAD,9,21.0
67866,1,2,160,5,5,60.0,0,N,MELB_URBAN,STREET,8,21.0
67867,6,3,99,5,1,100.0,0,N,RURAL_VICTORIA,HIGHWAY,8,10.0
67868,1,3,121,1,1,60.0,0,I,MELB_URBAN,HIGHWAY,8,10.0
67869,4,2,173,5,1,100.0,0,N,RURAL_VICTORIA,ROAD,8,12.0
67870,1,2,130,4,9,60.0,0,I,MELB_URBAN,ROAD,8,16.0
67871,1,3,121,2,3,60.0,0,I,MELB_URBAN,ROAD,8,17.0
67872,2,3,100,5,1,60.0,0,N,MELB_URBAN,ROAD,8,17.0
67873,1,3,110,1,1,60.0,0,I,MELB_URBAN,STREET,8,15.0
67874,8,1,174,5,1,50.0,0,N,MELB_URBAN,OTHER,8,14.0
67875,1,3,113,2,2,60.0,0,I,MELB_URBAN,ROAD,8,17.0
67876,6,3,170,5,2,100.0,0,N,RURAL_VICTORIA,ROAD,8,17.0
67877,4,3,171,5,1,100.0,0,N,RURAL_VICTORIA,ROAD,8,16.0
67878,4,6,173,5,1,60.0,0,N,MELB_URBAN,ROAD,6,9.0
67879,1,3,110,1,1,60.0,0,I,SMALL_CITIES,ROAD,8,17.0
67880,1,7,163,5,1,50.0,0,N,MELB_URBAN,STREET,8,14.0
67881,8,2,174,1,3,50.0,0,N,LARGE_PROVINCIAL_CITIES,STREET,8,21.0
67882,3,2,167,5,5,100.0,0,N,RURAL_VICTORIA,HIGHWAY,8,19.0
67883,2,3,99,5,1,50.0,0,N,MELB_URBAN,STREET,8,15.0
67884,1,3,110,1,5,50.0,0,I,MELB_URBAN,STREET,8,20.0
67885,4,2,99,5,2,60.0,0,N,MELB_URBAN,ROAD,8,18.0
67886,1,3,121,2,3,80.0,0,I,RURAL_VICTORIA,HIGHWAY,8,19.0
67887,4,6,171,2,1,50.0,0,I,MELB_URBAN,ROAD,7,15.0
67888,1,3,110,1,1,50.0,0,I,SMALL_CITIES,STREET,8,15.0
67889,1,4,113,2,1,80.0,0,I,RURAL_VICTORIA,ROAD,8,7.0
67890,1,6,130,5,1,80.0,0,N,TOWNS,OTHER,6,13.0
67891,1,4,121,2,1,80.0,0,I,MELB_URBAN,ROAD,8,9.0
67892,1,4,113,2,1,60.0,0,I,TOWNS,OTHER,8,9.0
67893,1,3,116,2,1,60.0,0,I,MELB_URBAN,ROAD,8,8.0
67894,1,4,121,2,1,60.0,0,I,MELB_URBAN,ROAD,8,10.0
67895,1,4,120,5,1,60.0,0,N,SMALL_CITIES,ROAD,8,8.0
67896,5,5,99,5,1,100.0,0,N,RURAL_VICTORIA,ROAD,8,13.0
67897,1,4,133,5,1,60.0,0,N,SMALL_CITIES,ROAD,8,9.0
67898,1,3,130,5,2,80.0,0,N,MELB_URBAN,FREEWAY,8,6.0
67899,1,4,121,2,1,80.0,0,I,MELB_URBAN,ROAD,8,10.0
67900,1,3,120,5,1,50.0,0,N,MELB_URBAN,ROAD,8,11.0
67901,1,7,130,5,3,60.0,0,N,LARGE_PROVINCIAL_CITIES,STREET,6,20.0
67902,4,2,171,5,5,60.0,0,N,RURAL_VICTORIA,ROAD,8,2.0
67903,1,2,130,5,1,60.0,0,N,MELB_URBAN,RAMP,8,16.0
67904,1,2,121,2,1,80.0,0,I,RURAL_VICTORIA,STREET,8,10.0
67905,4,4,99,5,1,60.0,0,N,MELB_URBAN,STREET,8,10.0
67906,1,4,134,2,1,60.0,0,I,MELB_URBAN,ROAD,8,11.0
67907,1,4,110,4,1,60.0,0,I,LARGE_PROVINCIAL_CITIES,STREET,8,12.0
67908,4,3,171,5,1,60.0,0,N,MELB_URBAN,DRIVE,8,17.0
67909,1,4,147,5,1,50.0,0,N,SMALL_CITIES,STREET,8,14.0
67910,2,4,99,5,1,60.0,0,N,MELB_URBAN,ROAD,8,10.0
67911,1,4,130,5,1,70.0,0,N,MELB_URBAN,ROAD,8,12.0
67912,1,4,147,4,1,60.0,0,N,MELB_URBAN,STREET,8,9.0
67913,1,4,110,1,1,60.0,0,I,MELB_URBAN,HIGHWAY,8,14.0
67914,8,6,184,5,1,80.0,0,N,RURAL_VICTORIA,ROAD,8,14.0
67915,1,4,130,5,1,50.0,0,N,MELB_URBAN,HIGHWAY,8,7.0
67916,8,4,170,5,1,60.0,0,N,SMALL_TOWNS,ROAD,8,15.0
67917,2,4,102,1,1,60.0,0,I,MELB_URBAN,ROAD,8,14.0
67918,2,4,100,2,1,40.0,0,N,MELB_URBAN,ROAD,8,15.0
67919,1,4,121,5,1,50.0,0,N,LARGE_PROVINCIAL_CITIES,STREET,8,14.0
67920,6,3,170,1,1,60.0,0,I,MELB_URBAN,ROAD,5,7.0
67921,1,2,113,2,1,60.0,0,I,LARGE_PROVINCIAL_CITIES,ROAD,8,11.0
67922,1,4,133,2,1,80.0,0,I,MELB_URBAN,HIGHWAY,8,16.0
67923,1,4,173,5,1,50.0,0,N,SMALL_CITIES,STREET,8,17.0
67924,1,6,130,5,6,60.0,0,N,MELB_URBAN,ROAD,8,19.0
67925,1,5,130,5,9,60.0,0,N,MELB_URBAN,STREET,5,19.0
67926,1,4,130,2,1,60.0,0,I,MELB_URBAN,ROAD,8,16.0
67927,1,4,130,5,9,100.0,0,N,RURAL_VICTORIA,RAMP,8,15.0
67928,1,4,99,1,2,60.0,0,I,MELB_URBAN,ROAD,8,17.0
67929,1,1,130,1,9,60.0,0,I,MELB_URBAN,STREET,8,16.0
67930,2,4,99,5,1,50.0,0,N,MELB_URBAN,STREET,8,16.0
67931,2,4,100,1,3,60.0,0,I,MELB_URBAN,STREET,8,18.0
67932,1,4,121,1,3,60.0,0,I,MELB_URBAN,STREET,8,21.0
67933,1,4,116,4,3,80.0,0,I,MELB_URBAN,FREEWAY,8,4.0
67934,4,4,183,2,3,60.0,0,N,SMALL_TOWNS,ROAD,8,21.0
67935,4,4,181,5,5,100.0,0,N,RURAL_VICTORIA,ROAD,8,22.0
67936,1,3,130,5,2,100.0,0,N,RURAL_VICTORIA,ROAD,8,6.0
67937,4,4,181,5,5,100.0,0,N,RURAL_VICTORIA,ROAD,8,22.0
67938,4,5,173,5,3,50.0,0,N,SMALL_CITIES,STREET,8,4.0
67939,1,5,99,2,3,60.0,0,I,MELB_URBAN,AVENUE,8,6.0
67940,6,4,174,4,1,80.0,0,I,SMALL_CITIES,ROAD,8,17.0
67941,4,5,173,5,1,60.0,0,N,MELB_URBAN,ROAD,8,7.0
67942,1,5,110,1,1,50.0,0,I,MELB_URBAN,STREET,8,9.0
67943,1,5,121,1,9,40.0,0,I,MELB_URBAN,ROAD,8,4.0
67944,1,5,110,1,1,100.0,1,I,RURAL_VICTORIA,ROAD,8,8.0
67945,2,5,100,2,1,50.0,0,I,MELB_URBAN,STREET,8,11.0
67946,2,6,99,5,1,40.0,0,N,TOWNS,STREET,6,15.0
67947,1,4,130,1,2,60.0,0,N,MELB_URBAN,ROAD,8,17.0
67948,1,5,130,2,1,80.0,0,I,TOWNS,HIGHWAY,8,12.0
67949,8,5,99,5,1,60.0,0,N,SMALL_CITIES,DRIVE,8,13.0
67950,4,5,173,5,1,100.0,0,N,RURAL_VICTORIA,HIGHWAY,8,11.0
67951,6,6,174,2,1,60.0,0,I,MELB_URBAN,ROAD,6,10.0
67952,1,5,99,2,1,80.0,0,I,RURAL_VICTORIA,ROAD,8,11.0
67953,5,6,99,5,1,60.0,0,N,MELB_URBAN,UNKNOWN,8,16.0
67954,1,5,110,1,1,40.0,0,I,LARGE_PROVINCIAL_CITIES,STREET,8,8.0
67955,4,1,99,4,3,60.0,0,I,MELB_URBAN,RAMP,7,3.0
67956,4,5,181,5,1,80.0,0,N,TOWNS,STREET,8,13.0
67957,1,5,134,5,1,100.0,0,N,MELB_URBAN,ROAD,8,7.0
67958,1,4,130,5,3,50.0,0,N,MELB_URBAN,ROAD,8,21.0
67959,6,5,99,5,1,60.0,0,N,LARGE_PROVINCIAL_CITIES,STREET,8,11.0
67960,1,5,99,2,1,60.0,0,I,SMALL_TOWNS,STREET,8,15.0
67961,1,5,147,5,1,50.0,0,N,MELB_URBAN,DRIVE,8,15.0
67962,1,5,130,1,1,50.0,0,I,MELB_URBAN,ROAD,8,15.0
67963,1,5,110,1,1,50.0,0,I,MELB_URBAN,ROAD,8,14.0
67964,1,5,135,5,2,100.0,0,N,MELB_URBAN,FREEWAY,8,17.0
67965,1,5,120,5,1,100.0,1,N,RURAL_VICTORIA,HIGHWAY,8,13.0
67966,1,4,99,5,3,60.0,0,N,RURAL_VICTORIA,ROAD,8,22.0
67967,1,3,121,1,3,60.0,0,I,MELB_URBAN,ROAD,8,19.0
67968,8,5,170,5,3,60.0,0,N,MELB_URBAN,ROAD,8,18.0
67969,1,4,111,2,1,60.0,0,I,MELB_URBAN,ROAD,8,7.0
67970,1,4,133,5,1,60.0,0,N,MELB_URBAN,STREET,8,15.0
67971,1,5,110,1,1,100.0,1,I,RURAL_VICTORIA,ROAD,8,14.0
67972,1,5,121,1,3,50.0,0,I,MELB_URBAN,STREET,8,20.0
67973,1,5,134,2,3,80.0,0,N,MELB_URBAN,STREET,8,19.0
67974,4,5,183,2,3,100.0,0,I,RURAL_VICTORIA,ROAD,8,19.0
67975,2,5,102,1,3,60.0,0,I,MELB_URBAN,ROAD,8,19.0
67976,8,5,99,5,3,60.0,0,N,LARGE_PROVINCIAL_CITIES,ROAD,8,18.0
67977,2,5,99,5,5,100.0,0,N,RURAL_VICTORIA,AVENUE,8,18.0
67978,1,5,121,1,3,60.0,0,I,MELB_URBAN,ROAD,8,6.0
67979,6,7,174,2,1,60.0,0,N,RURAL_VICTORIA,OTHER,7,14.0
67980,1,5,99,5,1,50.0,0,N,SMALL_CITIES,STREET,8,14.0
67981,1,3,130,5,1,40.0,0,N,MELB_URBAN,DRIVE,7,16.0
67982,1,4,163,5,1,60.0,0,N,MELB_URBAN,ROAD,8,17.0
67983,8,1,99,5,1,80.0,0,N,RURAL_VICTORIA,ROAD,4,16.0
67984,1,2,113,4,3,80.0,0,I,MELB_URBAN,ROAD,8,23.0
67985,2,6,99,5,1,50.0,0,N,MELB_URBAN,AVENUE,8,10.0
67986,9,2,99,2,1,60.0,0,I,MELB_URBAN,DRIVE,8,9.0
67987,1,4,130,1,1,60.0,0,I,MELB_URBAN,AVENUE,7,7.0
67988,4,6,183,5,1,80.0,0,N,TOWNS,ROAD,8,7.0
67989,1,6,120,5,1,60.0,0,N,MELB_URBAN,ROAD,8,10.0
67990,1,6,160,5,1,70.0,0,N,MELB_URBAN,ROAD,8,7.0
67991,1,6,110,1,1,50.0,0,I,TOWNS,STREET,8,11.0
67992,1,5,110,1,1,50.0,0,I,MELB_URBAN,AVENUE,8,12.0
67993,1,4,130,5,1,100.0,0,N,MELB_URBAN,FREEWAY,8,16.0
67994,1,6,160,5,1,100.0,0,N,MELB_URBAN,ROAD,8,12.0
67995,1,5,113,2,1,80.0,0,I,MELB_URBAN,ROAD,8,9.0
67996,1,6,120,5,1,100.0,1,N,RURAL_VICTORIA,ROAD,8,9.0
67997,1,6,113,2,1,60.0,0,I,MELB_URBAN,ROAD,8,14.0
67998,1,5,130,5,1,100.0,0,N,MELB_URBAN,ROAD,8,15.0
67999,1,5,132,2,1,100.0,0,I,RURAL_VICTORIA,ROAD,8,15.0
68000,2,3,100,1,3,70.0,0,I,MELB_URBAN,ROAD,8,20.0
68001,1,6,121,2,1,80.0,0,I,MELB_URBAN,ROAD,8,17.0
68002,1,6,120,5,1,60.0,0,N,MELB_URBAN,ROAD,8,16.0
68003,1,5,99,1,1,40.0,0,I,MELB_URBAN,STREET,8,13.0
68004,1,6,110,1,3,60.0,0,I,LARGE_PROVINCIAL_CITIES,STREET,8,18.0
68005,1,6,121,1,3,80.0,0,I,RURAL_VICTORIA,HIGHWAY,8,18.0
68006,1,6,110,1,1,60.0,0,I,MELB_URBAN,ROAD,8,16.0
68007,1,5,147,5,1,60.0,0,N,MELB_URBAN,STREET,8,15.0
68008,2,6,100,5,3,60.0,0,I,MELB_URBAN,AVENUE,8,18.0
68009,1,6,130,5,5,80.0,0,N,MELB_URBAN,FREEWAY,8,18.0
68010,4,5,183,5,3,60.0,0,N,MELB_URBAN,RAMP,8,19.0
68011,1,5,99,1,5,80.0,0,I,RURAL_VICTORIA,ROAD,8,18.0
68012,4,5,171,5,1,110.0,0,N,RURAL_VICTORIA,FREEWAY,8,16.0
68013,1,4,99,5,1,50.0,0,N,MELB_URBAN,STREET,7,15.0
68014,4,5,171,1,3,60.0,0,I,LARGE_PROVINCIAL_CITIES,ROAD,8,20.0
68015,1,5,110,1,3,50.0,0,I,TOWNS,STREET,8,19.0
68016,4,6,99,5,5,100.0,0,N,RURAL_VICTORIA,HIGHWAY,8,20.0
68017,4,6,171,1,3,50.0,0,I,MELB_URBAN,STREET,8,22.0
68018,2,6,100,5,3,70.0,0,N,MELB_URBAN,STREET,8,23.0
68019,1,4,110,1,2,60.0,0,I,MELB_URBAN,ROAD,8,19.0
68020,8,3,174,5,9,60.0,0,N,MELB_URBAN,STREET,8,16.0
68021,1,1,130,1,1,60.0,0,N,MELB_URBAN,ROAD,7,11.0
68022,4,7,173,5,5,100.0,0,N,RURAL_VICTORIA,ROAD,8,1.0
68023,4,7,173,5,5,60.0,0,N,MELB_URBAN,ROAD,8,5.0
68024,5,1,99,5,1,100.0,0,N,RURAL_VICTORIA,ROAD,7,12.0
68025,1,1,111,1,1,60.0,0,I,SMALL_TOWNS,HIGHWAY,8,8.0
68026,2,7,100,1,1,60.0,0,I,MELB_URBAN,ROAD,8,7.0
68027,1,7,113,2,1,80.0,0,I,MELB_URBAN,ROAD,8,11.0
68028,1,7,113,2,1,60.0,0,I,MELB_URBAN,ROAD,8,12.0
68029,1,7,134,5,1,80.0,0,N,MELB_URBAN,UNKNOWN,8,9.0
68030,4,6,181,5,5,80.0,0,N,RURAL_VICTORIA,ROAD,8,19.0
68031,9,7,99,5,1,40.0,0,N,MELB_URBAN,STREET,8,12.0
68032,1,6,121,2,1,80.0,0,I,MELB_URBAN,ROAD,8,13.0
68033,4,6,171,5,1,100.0,0,N,MELB_URBAN,FREEWAY,8,13.0
68034,1,5,99,2,1,60.0,0,N,MELB_URBAN,STREET,8,12.0
68035,6,6,99,5,5,100.0,0,N,RURAL_VICTORIA,HIGHWAY,8,21.0
68036,1,6,160,5,3,50.0,0,N,MELB_URBAN,ROAD,7,19.0
68037,1,7,130,5,1,60.0,0,N,MELB_URBAN,ROAD,8,15.0
68038,1,7,130,1,1,60.0,0,I,MELB_URBAN,ROAD,8,16.0
68039,4,7,99,2,5,50.0,0,I,MELB_URBAN,ROAD,8,20.0
68040,2,7,100,2,1,60.0,0,I,MELB_URBAN,ROAD,8,15.0
68041,1,7,99,5,3,50.0,0,N,MELB_URBAN,AVENUE,8,18.0
68042,1,6,130,5,5,100.0,0,N,RURAL_VICTORIA,ROAD,8,20.0
68043,1,0,147,2,3,60.0,0,N,MELB_URBAN,ROAD,8,0.0
68044,2,1,99,2,3,60.0,0,I,MELB_URBAN,STREET,8,0.0
68045,1,0,113,1,3,80.0,0,I,MELB_URBAN,HIGHWAY,8,2.0
68046,2,1,100,4,3,60.0,0,I,MELB_URBAN,ROAD,8,0.0
68047,1,7,130,5,3,80.0,0,N,RURAL_VICTORIA,ROAD,8,23.0
68048,4,1,183,4,3,80.0,0,N,MELB_URBAN,HIGHWAY,8,3.0
68049,3,6,167,5,5,100.0,0,N,RURAL_VICTORIA,ROAD,11,5.0
68050,1,6,99,4,9,60.0,0,I,LARGE_PROVINCIAL_CITIES,STREET,8,18.0
68051,2,7,102,1,1,40.0,0,I,MELB_URBAN,STREET,8,9.0
68052,1,1,121,2,1,60.0,0,I,MELB_URBAN,ROAD,8,11.0
68053,2,0,100,2,1,50.0,0,I,MELB_URBAN,STREET,8,10.0
68054,2,3,99,5,5,60.0,0,N,MELB_URBAN,ROAD,8,21.0
68055,2,1,100,5,1,50.0,0,N,MELB_URBAN,ROAD,8,12.0
68056,6,1,99,5,1,100.0,0,N,RURAL_VICTORIA,HIGHWAY,8,11.0
68057,6,7,184,5,1,60.0,0,N,RURAL_VICTORIA,ROAD,8,15.0
68058,1,1,130,5,1,60.0,0,N,MELB_URBAN,PARADE,8,12.0
68059,6,0,99,5,3,60.0,0,N,MELB_URBAN,RAMP,8,6.0
68060,1,1,99,2,1,60.0,0,N,MELB_URBAN,ROAD,8,11.0
68061,4,1,173,5,1,100.0,0,N,RURAL_VICTORIA,OTHER,8,12.0
68062,4,4,171,5,3,80.0,0,N,MELB_URBAN,UNKNOWN,8,21.0
68063,1,1,110,1,1,50.0,0,I,MELB_URBAN,AVENUE,8,7.0
68064,6,1,174,1,1,60.0,0,I,MELB_URBAN,ROAD,8,15.0
68065,1,7,110,1,3,60.0,0,I,RURAL_VICTORIA,ROAD,8,18.0
68066,1,1,111,2,1,60.0,0,N,SMALL_CITIES,ROAD,8,11.0
68067,4,1,183,5,1,100.0,1,N,RURAL_VICTORIA,ROAD,8,10.0
68068,1,1,140,5,1,60.0,0,N,RURAL_VICTORIA,HIGHWAY,8,14.0
68069,1,1,110,1,1,80.0,0,I,RURAL_VICTORIA,ROAD,8,13.0
68070,1,6,130,5,1,70.0,0,N,LARGE_PROVINCIAL_CITIES,HIGHWAY,8,12.0
68071,4,0,171,5,2,60.0,0,N,MELB_URBAN,ROAD,8,17.0
68072,1,1,130,1,3,80.0,0,I,MELB_URBAN,ROAD,8,17.0
68073,1,1,120,5,1,100.0,1,N,RURAL_VICTORIA,ROAD,8,15.0
68074,4,1,171,1,3,70.0,0,I,MELB_URBAN,HIGHWAY,8,18.0
68075,1,1,133,5,2,100.0,0,N,RURAL_VICTORIA,ROAD,8,16.0
68076,1,0,130,5,1,80.0,0,N,MELB_URBAN,ROAD,8,15.0
68077,1,1,120,5,5,60.0,0,N,MELB_URBAN,ROAD,8,20.0
68078,1,1,111,1,1,70.0,0,I,MELB_URBAN,ROAD,8,15.0
68079,3,2,167,5,5,100.0,0,N,RURAL_VICTORIA,ROAD,8,5.0
68080,1,1,160,5,3,40.0,0,N,MELB_URBAN,AVENUE,8,20.0
68081,1,3,160,5,6,60.0,0,N,MELB_URBAN,STREET,8,20.0
68082,1,0,130,1,1,60.0,0,I,MELB_URBAN,ROAD,8,12.0
68083,2,1,100,1,1,50.0,0,I,MELB_URBAN,STREET,8,9.0
68084,1,4,130,2,1,60.0,0,I,MELB_URBAN,AVENUE,7,16.0
68085,1,2,130,1,1,60.0,0,I,SMALL_CITIES,STREET,8,10.0
68086,1,2,135,5,1,100.0,0,N,MELB_URBAN,UNKNOWN,8,8.0
68087,6,5,174,2,2,60.0,0,I,MELB_URBAN,ROAD,7,17.0
68088,1,2,110,1,1,50.0,0,I,MELB_URBAN,STREET,8,7.0
68089,1,2,110,1,1,100.0,0,I,RURAL_VICTORIA,ROAD,8,8.0
68090,8,1,184,5,9,80.0,0,N,MELB_URBAN,ROAD,8,18.0
68091,1,7,121,2,3,60.0,0,I,LARGE_PROVINCIAL_CITIES,ROAD,7,18.0
68092,1,2,99,5,5,100.0,1,N,RURAL_VICTORIA,ROAD,8,6.0
68093,1,2,121,1,1,60.0,0,I,MELB_URBAN,ROAD,8,13.0
68094,2,2,100,2,1,40.0,0,I,MELB_URBAN,STREET,8,14.0
68095,1,6,130,4,1,60.0,0,N,MELB_URBAN,STREET,8,16.0
68096,1,5,163,2,1,60.0,0,N,MELB_URBAN,STREET,8,10.0
68097,1,0,130,5,1,80.0,0,N,MELB_URBAN,ROAD,8,12.0
68098,1,2,111,2,1,60.0,0,I,LARGE_PROVINCIAL_CITIES,STREET,8,11.0
68099,5,7,99,1,3,60.0,0,I,MELB_URBAN,ROAD,8,3.0
68100,1,1,163,5,1,60.0,0,N,MELB_URBAN,ROAD,8,15.0
68101,1,1,130,5,1,80.0,0,N,MELB_URBAN,FREEWAY,8,16.0
68102,6,7,174,2,1,80.0,0,I,RURAL_VICTORIA,ROAD,6,17.0
68103,1,2,110,1,1,50.0,0,I,LARGE_PROVINCIAL_CITIES,STREET,8,16.0
68104,1,2,113,2,1,50.0,0,I,MELB_URBAN,STREET,8,15.0
68105,1,2,99,1,1,60.0,0,I,MELB_URBAN,AVENUE,8,16.0
68106,2,2,102,5,3,60.0,0,N,SMALL_CITIES,STREET,8,18.0
68107,1,2,121,1,3,60.0,0,I,MELB_URBAN,ROAD,8,18.0
68108,1,2,99,2,3,70.0,0,I,MELB_URBAN,ROAD,8,18.0
68109,1,2,121,1,3,60.0,0,I,MELB_URBAN,ROAD,8,19.0
68110,1,2,121,2,3,60.0,0,I,MELB_URBAN,STREET,8,19.0
68111,1,2,134,5,5,110.0,0,N,RURAL_VICTORIA,FREEWAY,8,18.0
68112,1,2,130,2,3,60.0,0,I,MELB_URBAN,ROAD,8,20.0
68113,1,2,130,1,1,60.0,0,I,LARGE_PROVINCIAL_CITIES,HIGHWAY,8,17.0
68114,4,3,183,5,5,50.0,0,N,SMALL_CITIES,DRIVE,8,22.0
68115,4,1,171,5,3,80.0,0,N,MELB_URBAN,OTHER,8,23.0
68116,4,2,171,1,3,70.0,0,I,MELB_URBAN,ROAD,8,21.0
68117,1,2,99,1,3,50.0,0,I,MELB_URBAN,STREET,8,22.0
68118,1,2,99,5,3,50.0,0,N,MELB_URBAN,BOULEVARD,8,21.0
68119,1,2,99,5,3,100.0,0,N,MELB_URBAN,FREEWAY,8,21.0
68120,8,5,99,9,1,60.0,0,I,RURAL_VICTORIA,DRIVE,7,10.0
68121,1,3,116,2,2,60.0,0,I,MELB_URBAN,STREET,8,6.0
68122,2,3,102,1,3,60.0,0,I,MELB_URBAN,ROAD,8,6.0
68123,1,7,99,5,1,80.0,0,N,SMALL_TOWNS,ROAD,7,15.0
68124,1,3,130,1,9,60.0,0,I,MELB_URBAN,ROAD,8,7.0