,accident_type,day_of_week,dca_code,road_geometry,light_condition,speed_zone,severity,node_type,deg_urban_name,road_type,month,hour
68125,1,2,120,1,1,60.0,0,I,MELB_URBAN,ROAD,8,9.0
68126,4,3,183,5,1,80.0,0,N,MELB_URBAN,HIGHWAY,8,9.0
68127,8,4,174,2,1,60.0,0,I,TOWNS,ROAD,8,13.0
68128,1,3,110,1,1,60.0,0,I,MELB_URBAN,DRIVE,8,10.0
68129,8,3,174,2,1,60.0,0,I,SMALL_CITIES,ROAD,8,12.0
68130,1,4,130,5,9,100.0,0,N,MELB_URBAN,ROAD,3,17.0
68131,1,2,99,5,1,60.0,0,N,LARGE_PROVINCIAL_CITIES,STREET,8,8.0
68132,1,3,130,5,1,100.0,0,N,RURAL_VICTORIA,HIGHWAY,8,11.0
68133,2,3,100,5,1,40.0,0,N,MELBOURNE_CBD,STREET,8,12.0
68134,1,4,130,2,2,100.0,0,I,RURAL_VICTORIA,HIGHWAY,8,17.0
68135,4,2,171,5,1,100.0,0,N,RURAL_VICTORIA,ROAD,8,15.0
68136,1,0,110,1,9,60.0,0,I,LARGE_PROVINCIAL_CITIES,STREET,7,0.0
68137,3,4,167,2,5,100.0,0,I,RURAL_VICTORIA,HIGHWAY,5,18.0
68138,1,3,130,1,1,70.0,0,N,MELB_URBAN,PARADE,8,8.0
68139,1,1,130,2,1,60.0,0,I,MELB_URBAN,ROAD,8,14.0
68140,8,2,174,2,1,60.0,0,I,MELB_URBAN,ROAD,6,14.0
68141,8,7,99,5,1,60.0,0,N,RURAL_VICTORIA,ROAD,7,13.0
68142,1,1,99,2,9,40.0,0,I,MELB_URBAN,STREET,8,17.0
68143,1,2,135,2,1,40.0,0,N,MELB_URBAN,ROAD,8,15.0
68144,6,3,99,5,2,60.0,0,N,SMALL_TOWNS,DRIVE,8,18.0
68145,1,3,130,2,1,60.0,0,I,MELB_URBAN,ROAD,8,16.0
68146,2,5,100,2,1,70.0,0,I,MELB_URBAN,ROAD,6,18.0
68147,6,2,174,5,3,60.0,0,N,MELB_URBAN,STREET,8,20.0
68148,1,2,130,1,3,60.0,0,I,MELB_URBAN,ROAD,8,18.0
68149,8,1,184,5,9,60.0,0,N,RURAL_VICTORIA,ROAD,6,13.0
68150,1,3,130,5,1,60.0,0,N,LARGE_PROVINCIAL_CITIES,STREET,8,16.0
68151,1,3,99,2,3,70.0,0,I,MELB_URBAN,ROAD,8,19.0
68152,4,3,181,5,5,60.0,0,N,RURAL_VICTORIA,OTHER,8,19.0
68153,1,2,116,1,3,50.0,0,I,LARGE_PROVINCIAL_CITIES,STREET,8,19.0
68154,1,3,130,2,1,60.0,0,I,MELB_URBAN,ROAD,8,7.0
68155,1,3,135,5,3,100.0,0,N,MELB_URBAN,FREEWAY,8,19.0
68156,1,3,121,1,2,60.0,0,I,MELB_URBAN,ROAD,8,6.0
68157,4,3,171,5,1,40.0,0,N,MELB_URBAN,ROAD,8,15.0
68158,4,2,181,2,3,50.0,0,I,MELB_URBAN,ROAD,8,2.0
68159,1,5,121,1,1,60.0,0,I,MELB_URBAN,ROAD,10,11.0
68160,1,4,99,5,3,50.0,0,N,MELB_URBAN,STREET,8,2.0
68161,4,3,171,1,3,80.0,0,N,MELB_URBAN,ROAD,8,2.0
68162,6,2,99,2,3,60.0,0,I,MELB_URBAN,ROAD,8,18.0
68163,3,1,167,5,5,100.0,0,N,RURAL_VICTORIA,ROAD,8,19.0
68164,1,3,140,5,1,50.0,0,N,LARGE_PROVINCIAL_CITIES,STREET,7,16.0
68165,1,4,121,1,3,60.0,0,I,MELB_URBAN,HIGHWAY,8,18.0
68166,4,3,173,5,1,50.0,0,N,MELB_URBAN,STREET,8,10.0
68167,4,3,181,5,1,70.0,0,N,MELB_URBAN,ROAD,8,10.0
68168,2,4,100,5,1,50.0,0,I,MELB_URBAN,STREET,8,8.0
68169,1,1,121,1,1,70.0,0,I,LARGE_PROVINCIAL_CITIES,OTHER,7,16.0
68170,3,7,167,5,1,100.0,0,N,RURAL_VICTORIA,ROAD,7,15.0
68171,1,3,163,5,1,60.0,0,N,MELB_URBAN,ROAD,8,14.0
68172,1,5,132,2,1,60.0,0,I,SMALL_CITIES,ROAD,7,15.0
68173,1,4,110,1,1,50.0,0,I,LARGE_PROVINCIAL_CITIES,STREET,8,9.0
68174,2,3,100,1,1,60.0,0,I,LARGE_PROVINCIAL_CITIES,STREET,8,18.0
68175,1,4,121,2,1,80.0,0,I,MELB_URBAN,HIGHWAY,8,11.0
68176,6,2,174,5,1,100.0,0,N,RURAL_VICTORIA,OTHER,8,9.0
68177,8,5,184,5,1,60.0,0,N,RURAL_VICTORIA,ROAD,8,8.0
68178,1,4,99,5,1,80.0,0,N,MELB_URBAN,ROAD,8,10.0
68179,1,4,132,5,1,60.0,0,N,MELB_URBAN,DRIVE,8,12.0
68180,1,2,130,1,9,60.0,0,I,MELB_URBAN,STREET,8,18.0
68181,1,4,140,5,1,60.0,0,N,MELB_URBAN,ROAD,8,10.0
68182,1,4,130,5,1,70.0,0,N,MELB_URBAN,OTHER,8,7.0
68183,4,4,181,5,1,100.0,1,N,RURAL_VICTORIA,ROAD,8,12.0
68184,1,4,121,5,1,60.0,0,N,MELB_URBAN,ROAD,8,14.0
68185,1,4,111,2,3,60.0,1,I,MELB_URBAN,ROAD,8,6.0
68186,6,4,184,2,1,50.0,0,I,SMALL_CITIES,OTHER,8,15.0
68187,1,4,130,5,1,60.0,0,N,MELB_URBAN,ROAD,3,16.0
68188,1,4,130,1,9,50.0,0,I,LARGE_PROVINCIAL_CITIES,STREET,8,7.0
68189,1,4,99,5,2,50.0,0,N,MELB_URBAN,PARADE,8,17.0
68190,1,2,116,1,3,60.0,0,I,MELB_URBAN,ROAD,8,20.0
68191,1,4,99,5,1,60.0,0,N,MELB_URBAN,STREET,8,16.0
68192,1,3,116,2,3,60.0,0,I,MELB_URBAN,STREET,8,18.0
68193,1,4,113,2,1,60.0,0,I,MELB_URBAN,STREET,8,17.0
68194,1,1,135,5,9,60.0,0,N,MELB_URBAN,PARADE,7,10.0
68195,1,4,99,2,2,50.0,0,I,MELB_URBAN,AVENUE,8,18.0
68196,1,4,110,1,1,60.0,0,I,SMALL_CITIES,STREET,8,16.0
68197,1,6,135,5,1,60.0,0,N,MELB_URBAN,HIGHWAY,8,7.0
68198,1,6,130,5,9,60.0,0,N,MELB_URBAN,ROAD,5,16.0
68199,1,7,147,2,1,60.0,0,N,MELB_URBAN,ROAD,8,11.0
68200,1,3,130,5,5,60.0,0,N,MELB_URBAN,ROAD,8,17.0
68201,1,3,130,5,1,70.0,0,N,MELB_URBAN,ROAD,8,16.0
68202,1,4,121,1,1,70.0,0,I,MELB_URBAN,ROAD,8,16.0
68203,4,4,173,2,3,60.0,0,I,SMALL_CITIES,ROAD,8,20.0
68204,1,4,121,5,3,60.0,0,N,MELB_URBAN,ROAD,8,18.0
68205,4,3,173,5,1,50.0,0,N,MELB_URBAN,STREET,8,15.0
68206,1,4,120,5,3,60.0,0,N,MELB_URBAN,ROAD,8,22.0
68207,4,1,171,5,5,110.0,0,N,RURAL_VICTORIA,FREEWAY,7,7.0
68208,1,4,110,1,3,60.0,0,I,LARGE_PROVINCIAL_CITIES,STREET,8,22.0
68209,1,3,120,5,1,50.0,0,N,MELB_URBAN,STREET,8,15.0
68210,4,4,171,5,3,50.0,0,N,MELB_URBAN,STREET,8,21.0
68211,1,4,147,5,3,60.0,0,N,SMALL_CITIES,DRIVE,8,22.0
68212,1,3,121,1,3,60.0,0,I,MELB_URBAN,STREET,8,23.0
68213,1,4,130,5,9,60.0,0,N,MELB_URBAN,AVENUE,7,12.0
68214,5,4,181,5,9,60.0,0,N,MELB_URBAN,ROAD,8,11.0
68215,1,4,111,2,3,80.0,0,I,MELB_URBAN,ROAD,7,21.0
68216,6,5,174,1,3,70.0,0,I,MELB_URBAN,ROAD,8,5.0
68217,1,5,120,5,3,60.0,0,N,MELB_URBAN,ROAD,8,5.0
68218,1,4,113,3,1,70.0,0,I,MELB_URBAN,HIGHWAY,8,16.0
68219,1,6,110,1,3,60.0,0,I,SMALL_CITIES,STREET,8,19.0
68220,1,5,130,5,1,60.0,0,N,SMALL_CITIES,STREET,8,9.0
68221,2,5,99,2,1,60.0,0,I,LARGE_PROVINCIAL_CITIES,AVENUE,8,7.0
68222,1,5,120,5,1,40.0,0,N,LARGE_PROVINCIAL_CITIES,STREET,8,7.0
68223,1,5,110,1,1,60.0,0,I,RURAL_VICTORIA,ROAD,8,8.0
68224,1,3,130,5,1,60.0,0,N,LARGE_PROVINCIAL_CITIES,ROAD,8,15.0
68225,1,5,121,2,1,60.0,0,I,MELB_URBAN,DRIVE,8,8.0
68226,1,4,121,2,1,60.0,0,I,MELB_URBAN,ROAD,8,14.0
68227,4,4,173,5,1,100.0,0,N,RURAL_VICTORIA,ROAD,8,8.0
68228,1,5,99,5,1,60.0,0,N,MELB_URBAN,ROAD,8,10.0
68229,1,5,135,5,1,100.0,0,N,MELB_URBAN,RAMP,8,9.0
68230,1,3,133,5,1,50.0,0,N,MELB_URBAN,STREET,8,9.0
68231,1,5,99,1,2,60.0,0,I,SMALL_CITIES,HIGHWAY,7,16.0
68232,2,5,100,1,1,70.0,0,I,MELB_URBAN,ROAD,8,10.0
68233,4,5,171,1,1,50.0,0,I,MELB_URBAN,STREET,8,9.0
68234,1,4,147,5,9,60.0,0,N,SMALL_CITIES,AVENUE,8,17.0
68235,2,5,100,5,1,60.0,0,N,TOWNS,STREET,8,12.0
68236,8,5,174,5,2,40.0,0,N,MELB_URBAN,STREET,8,6.0
68237,1,6,130,5,1,60.0,0,N,MELB_URBAN,ROAD,8,14.0
68238,1,2,121,1,1,50.0,0,I,SMALL_CITIES,STREET,8,17.0
68239,1,5,110,4,1,60.0,0,I,MELB_URBAN,RAMP,8,13.0
68240,2,4,102,1,9,50.0,0,I,MELB_URBAN,ROAD,8,19.0
68241,1,5,110,1,1,100.0,1,I,RURAL_VICTORIA,HIGHWAY,8,10.0
68242,2,4,100,1,1,40.0,0,I,MELB_URBAN,STREET,8,12.0
68243,1,4,130,1,1,60.0,0,I,MELB_URBAN,ROAD,8,10.0
68244,2,4,102,1,1,40.0,0,I,MELBOURNE_CBD,STREET,8,14.0
68245,4,5,181,2,1,60.0,0,I,MELB_URBAN,ROAD,8,13.0
68246,4,5,181,5,1,80.0,0,N,RURAL_VICTORIA,ROAD,8,14.0
68247,1,6,130,5,3,80.0,0,N,MELB_URBAN,ROAD,8,21.0
68248,1,5,130,5,1,60.0,0,N,MELB_URBAN,ROAD,8,15.0
68249,6,4,99,2,5,100.0,0,I,RURAL_VICTORIA,ROAD,8,21.0
68250,4,2,183,5,1,100.0,0,N,RURAL_VICTORIA,ROAD,8,17.0
68251,4,3,99,1,3,60.0,0,I,SMALL_CITIES,STREET,8,23.0
68252,1,5,113,2,1,50.0,0,I,MELB_URBAN,ROAD,8,15.0
68253,1,5,120,5,1,70.0,0,N,RURAL_VICTORIA,ROAD,8,14.0
68254,4,5,173,5,1,100.0,0,N,RURAL_VICTORIA,HIGHWAY,8,16.0
68255,1,4,130,5,1,100.0,0,N,MELB_URBAN,UNKNOWN,8,16.0
68256,1,5,147,5,1,60.0,0,N,SMALL_CITIES,STREET,8,17.0
68257,4,5,173,5,1,100.0,0,N,RURAL_VICTORIA,ROAD,8,11.0
68258,1,5,121,2,1,60.0,0,I,TOWNS,ROAD,8,17.0
68259,1,4,113,2,3,60.0,0,I,MELB_URBAN,ROAD,8,18.0
68260,1,1,121,2,3,60.0,0,I,MELB_URBAN,ROAD,8,19.0
68261,1,5,140,2,3,80.0,0,I,MELB_URBAN,HIGHWAY,8,20.0
68262,1,5,121,1,3,70.0,0,I,MELB_URBAN,ROAD,8,18.0
68263,1,5,121,1,3,60.0,0,I,MELB_URBAN,ROAD,8,23.0
68264,1,5,110,1,3,60.0,0,I,TOWNS,STREET,8,23.0
68265,1,5,134,5,3,60.0,0,N,MELB_URBAN,UNKNOWN,8,3.0
68266,1,6,140,6,3,50.0,0,N,MELB_URBAN,STREET,8,0.0
68267,4,6,171,5,5,100.0,0,N,RURAL_VICTORIA,ROAD,8,4.0
68268,1,3,163,5,1,40.0,0,N,MELB_URBAN,ROAD,8,10.0
68269,1,6,160,5,1,60.0,0,N,MELB_URBAN,ROAD,8,9.0
68270,1,6,99,5,1,60.0,0,N,SMALL_CITIES,ROAD,8,9.0
68271,1,5,134,5,1,100.0,0,N,MELB_URBAN,RAMP,8,10.0
68272,4,6,181,5,2,70.0,0,N,RURAL_VICTORIA,ROAD,8,5.0
68273,2,6,102,2,1,80.0,0,N,MELB_URBAN,ROAD,8,7.0
68274,1,2,130,5,1,80.0,0,N,MELB_URBAN,FREEWAY,7,9.0
68275,1,2,163,5,2,60.0,0,N,MELB_URBAN,ROAD,8,6.0
68276,1,6,113,2,1,50.0,0,I,MELB_URBAN,ROAD,8,9.0
68277,4,6,173,5,1,100.0,0,N,RURAL_VICTORIA,ROAD,8,11.0
68278,1,6,113,4,1,60.0,0,I,MELB_URBAN,RAMP,8,10.0
68279,1,4,130,1,2,40.0,0,I,MELB_URBAN,STREET,8,17.0
68280,1,6,99,3,1,80.0,0,I,MELB_URBAN,RAMP,8,11.0
68281,8,5,174,5,2,60.0,0,N,RURAL_VICTORIA,OTHER,8,17.0
68282,1,5,99,5,1,80.0,0,N,MELB_URBAN,HIGHWAY,8,15.0
68283,1,1,110,1,1,40.0,0,I,MELB_URBAN,STREET,8,8.0
68284,1,4,130,1,1,60.0,0,I,MELB_URBAN,ROAD,8,7.0
68285,8,5,99,5,2,60.0,0,I,LARGE_PROVINCIAL_CITIES,ROAD,8,4.0
68286,1,6,99,2,1,60.0,1,I,MELB_URBAN,ROAD,8,11.0
68287,8,6,174,2,1,60.0,0,I,MELB_URBAN,STREET,8,10.0
68288,1,2,121,2,6,60.0,0,I,MELB_URBAN,DRIVE,8,17.0
68289,1,6,110,1,1,60.0,0,I,MELB_URBAN,ROAD,8,13.0
68290,1,3,130,2,1,70.0,0,I,LARGE_PROVINCIAL_CITIES,STREET,8,14.0
68291,1,6,135,5,1,80.0,0,N,MELB_URBAN,UNKNOWN,8,9.0
68292,1,5,130,2,1,50.0,0,I,TOWNS,STREET,8,15.0
68293,8,1,99,5,1,100.0,0,N,RURAL_VICTORIA,ROAD,9,11.0
68294,1,6,110,4,1,80.0,0,I,SMALL_CITIES,HIGHWAY,8,13.0
68295,1,4,130,1,1,60.0,0,I,MELB_URBAN,STREET,8,15.0
68296,8,6,174,5,1,60.0,0,N,RURAL_VICTORIA,ROAD,8,13.0
68297,1,3,130,5,1,60.0,0,N,SMALL_CITIES,AVENUE,7,15.0
68298,1,6,99,5,1,100.0,0,N,RURAL_VICTORIA,HIGHWAY,8,15.0
68299,2,6,99,5,1,40.0,0,N,MELB_URBAN,PARADE,8,16.0
68300,1,5,171,5,1,80.0,0,N,RURAL_VICTORIA,HIGHWAY,8,14.0
68301,1,6,130,2,3,60.0,0,N,MELB_URBAN,ROAD,8,18.0
68302,1,6,120,5,1,80.0,1,N,MELB_URBAN,ROAD,8,14.0
68303,1,5,130,5,1,60.0,0,N,MELB_URBAN,ROAD,7,12.0
68304,1,6,99,5,1,50.0,0,N,LARGE_PROVINCIAL_CITIES,STREET,8,17.0
68305,1,6,116,1,3,60.0,0,I,MELB_URBAN,OTHER,8,19.0
68306,4,6,181,5,1,100.0,1,N,RURAL_VICTORIA,ROAD,8,16.0
68307,1,6,116,1,3,60.0,0,I,MELB_URBAN,ROAD,8,20.0
68308,1,6,135,5,5,100.0,0,N,RURAL_VICTORIA,OTHER,8,19.0
68309,1,6,120,5,5,90.0,0,N,RURAL_VICTORIA,ROAD,8,20.0
68310,8,6,174,5,1,60.0,0,N,MELB_URBAN,AVENUE,8,16.0
68311,4,6,99,5,5,100.0,0,N,RURAL_VICTORIA,OTHER,8,21.0
68312,1,6,160,5,1,60.0,0,N,MELB_URBAN,ROAD,8,16.0
68313,1,5,110,1,3,70.0,0,I,MELB_URBAN,ROAD,8,1.0
68314,2,6,100,1,3,50.0,0,I,SMALL_CITIES,STREET,8,21.0
68315,1,6,134,2,3,60.0,1,N,MELB_URBAN,ROAD,8,18.0
68316,4,6,173,5,5,60.0,0,N,RURAL_VICTORIA,ROAD,8,19.0
68317,4,6,183,2,3,50.0,0,N,MELB_URBAN,STREET,8,23.0
68318,4,6,181,5,5,100.0,0,N,RURAL_VICTORIA,ROAD,8,23.0
68319,4,6,99,1,3,60.0,0,I,MELB_URBAN,STREET,8,22.0
68320,1,6,121,2,3,60.0,0,I,LARGE_PROVINCIAL_CITIES,STREET,8,23.0
68321,4,6,183,5,3,80.0,1,N,MELB_URBAN,RAMP,8,23.0
68322,1,6,121,1,3,80.0,0,I,MELB_URBAN,HIGHWAY,8,0.0
68323,4,7,173,1,3,80.0,0,N,MELB_URBAN,ROAD,8,4.0
68324,4,5,173,5,1,50.0,0,N,TOWNS,STREET,3,10.0
68325,4,7,173,1,3,80.0,0,I,RURAL_VICTORIA,ROAD,8,5.0
68326,1,7,113,4,1,80.0,0,I,LARGE_PROVINCIAL_CITIES,HIGHWAY,8,7.0
68327,1,7,99,3,1,50.0,0,I,MELB_URBAN,STREET,8,8.0
68328,1,6,160,5,1,50.0,0,N,MELB_URBAN,ROAD,8,8.0
68329,1,7,160,5,1,50.0,0,N,MELB_URBAN,STREET,8,7.0
68330,1,2,130,5,1,60.0,0,N,MELB_URBAN,ROAD,11,19.0
68331,1,2,121,2,1,60.0,0,I,RURAL_VICTORIA,ROAD,8,7.0
68332,6,6,184,5,1,60.0,0,N,RURAL_VICTORIA,OTHER,8,12.0
68333,1,7,99,5,1,60.0,0,N,MELB_URBAN,STREET,8,12.0
68334,1,6,110,1,2,60.0,0,I,MELB_URBAN,ROAD,8,17.0
68335,1,7,99,5,1,90.0,0,N,RURAL_VICTORIA,ROAD,8,9.0
68336,4,7,181,5,1,70.0,0,N,MELB_URBAN,HIGHWAY,8,11.0
68337,4,7,171,5,1,60.0,0,N,LARGE_PROVINCIAL_CITIES,STREET,8,11.0
68338,1,7,147,5,1,70.0,0,N,MELB_URBAN,HIGHWAY,8,13.0
68339,1,7,99,5,1,90.0,0,N,RURAL_VICTORIA,ROAD,8,10.0
68340,1,7,133,5,1,60.0,0,N,MELB_URBAN,STREET,8,12.0
68341,1,7,120,5,1,80.0,0,N,RURAL_VICTORIA,ROAD,8,13.0
68342,1,6,113,1,1,50.0,0,I,MELB_URBAN,HIGHWAY,8,11.0
68343,1,7,130,5,1,80.0,0,N,MELB_URBAN,HIGHWAY,8,13.0
68344,1,7,99,1,1,40.0,0,I,MELB_URBAN,STREET,8,12.0
68345,1,7,121,1,1,70.0,0,I,MELB_URBAN,ROAD,8,13.0
68346,1,7,132,2,1,60.0,0,I,MELB_URBAN,ROAD,8,15.0
68347,1,4,111,2,9,60.0,0,I,MELB_URBAN,ROAD,8,7.0
68348,4,7,173,5,1,100.0,0,N,RURAL_VICTORIA,ROAD,8,16.0
68349,1,7,160,5,3,50.0,0,N,MELB_URBAN,AVENUE,8,19.0
68350,5,7,99,5,3,100.0,0,N,MELB_URBAN,UNKNOWN,8,19.0
68351,1,3,130,2,9,60.0,0,I,MELB_URBAN,ROAD,8,14.0
68352,1,7,121,2,1,60.0,0,I,MELB_URBAN,ROAD,8,14.0
68353,1,7,99,5,3,50.0,0,N,MELB_URBAN,STREET,8,19.0
68354,4,7,173,2,3,50.0,0,I,MELB_URBAN,STREET,8,23.0
68355,4,7,173,5,3,60.0,0,N,MELB_URBAN,ROAD,8,2.0
68356,1,4,133,5,1,100.0,0,N,MELB_URBAN,FREEWAY,7,16.0
68357,8,7,184,5,1,60.0,0,N,RURAL_VICTORIA,ROAD,8,12.0
68358,1,6,130,5,1,60.0,0,N,MELB_URBAN,ROAD,8,10.0
68359,6,1,184,9,1,60.0,0,N,RURAL_VICTORIA,ROAD,8,10.0
68360,1,7,99,1,1,40.0,0,I,MELBOURNE_CBD,STREET,8,17.0
68361,1,7,135,5,6,60.0,0,N,MELB_URBAN,RAMP,8,0.0
68362,1,6,130,5,1,100.0,0,N,RURAL_VICTORIA,HIGHWAY,8,9.0
68363,6,7,170,5,1,50.0,0,N,SMALL_CITIES,STREET,8,16.0
68364,1,1,110,1,1,60.0,0,I,MELB_URBAN,STREET,8,10.0
68365,2,6,99,2,1,60.0,0,N,MELB_URBAN,AVENUE,8,7.0
68366,1,7,130,5,6,60.0,0,N,MELB_URBAN,ROAD,8,22.0
68367,1,5,130,4,2,70.0,0,I,MELB_URBAN,RAMP,8,6.0
68368,1,1,110,1,1,70.0,0,N,MELB_URBAN,ROAD,8,11.0
68369,4,1,181,5,1,80.0,0,N,RURAL_VICTORIA,ROAD,8,9.0
68370,4,1,173,5,1,100.0,0,N,RURAL_VICTORIA,ROAD,8,12.0
68371,4,1,173,5,1,80.0,0,N,RURAL_VICTORIA,ROAD,8,12.0
68372,3,7,167,5,5,100.0,0,N,RURAL_VICTORIA,FREEWAY,8,22.0
68373,1,1,113,4,1,80.0,0,N,MELB_URBAN,ROAD,8,13.0
68374,1,1,147,5,1,50.0,0,N,MELB_URBAN,STREET,8,13.0
68375,6,1,174,5,1,60.0,0,N,MELB_URBAN,ROAD,8,16.0
68376,1,1,130,1,1,100.0,0,N,RURAL_VICTORIA,DRIVE,8,16.0
68377,2,1,100,1,2,60.0,0,I,MELB_URBAN,UNKNOWN,8,18.0
68378,3,2,167,5,2,100.0,0,N,RURAL_VICTORIA,ROAD,3,6.0
68379,4,1,183,5,1,50.0,0,N,MELB_URBAN,STREET,8,17.0
68380,1,1,160,5,3,50.0,0,N,MELB_URBAN,ROAD,8,18.0
68381,1,4,134,5,1,100.0,0,N,MELB_URBAN,FREEWAY,8,8.0
68382,1,1,113,1,3,60.0,0,I,MELB_URBAN,ROAD,8,20.0
68383,1,0,99,5,5,100.0,0,N,SMALL_TOWNS,ROAD,8,22.0
68384,1,2,130,1,3,80.0,0,I,MELB_URBAN,HIGHWAY,8,21.0
68385,1,1,130,5,1,100.0,0,N,RURAL_VICTORIA,ROAD,8,16.0
68386,8,1,99,5,9,80.0,0,N,RURAL_VICTORIA,ROAD,8,9.0
68387,1,2,121,2,1,50.0,0,I,MELB_URBAN,ROAD,8,8.0
68388,1,2,130,5,1,80.0,0,N,MELB_URBAN,UNKNOWN,8,7.0
68389,1,1,120,5,5,100.0,0,N,RURAL_VICTORIA,OTHER,8,0.0
68390,1,2,160,5,1,60.0,0,N,MELB_URBAN,ROAD,8,8.0
68391,1,1,133,1,1,80.0,0,I,MELB_URBAN,HIGHWAY,8,14.0
68392,1,7,99,5,1,60.0,0,N,MELB_URBAN,ROAD,8,12.0
68393,9,1,99,5,1,60.0,0,N,RURAL_VICTORIA,ROAD,8,7.0
68394,1,2,110,1,1,50.0,0,I,MELB_URBAN,STREET,8,10.0
68395,1,4,130,5,2,100.0,0,N,RURAL_VICTORIA,HIGHWAY,8,17.0
68396,5,1,99,5,1,60.0,0,N,RURAL_VICTORIA,ROAD,8,11.0
68397,1,4,130,1,9,80.0,0,I,MELB_URBAN,ROAD,4,8.0
68398,8,2,174,5,2,50.0,0,N,SMALL_CITIES,STREET,5,17.0
68399,1,2,99,5,1,100.0,0,N,RURAL_VICTORIA,ROAD,8,9.0
68400,1,7,130,1,3,60.0,0,I,MELB_URBAN,STREET,8,17.0
68401,1,4,121,5,1,60.0,0,N,MELB_URBAN,ROAD,8,8.0
68402,1,2,99,5,1,60.0,0,N,MELB_URBAN,ROAD,8,10.0
68403,2,1,102,5,1,50.0,0,N,LARGE_PROVINCIAL_CITIES,STREET,8,12.0
68404,1,1,116,2,1,60.0,0,I,MELB_URBAN,ROAD,8,12.0
68405,6,5,174,5,1,100.0,0,N,RURAL_VICTORIA,ROAD,8,11.0
68406,1,1,130,5,1,60.0,0,N,MELB_URBAN,PARADE,8,7.0
68407,1,2,140,5,1,80.0,0,N,RURAL_VICTORIA,OTHER,8,9.0
68408,2,1,100,2,3,50.0,0,I,MELB_URBAN,STREET,8,19.0
68409,1,5,130,1,1,60.0,0,I,MELB_URBAN,ROAD,8,9.0
68410,1,6,132,1,3,60.0,0,I,MELB_URBAN,STREET,8,17.0
68411,1,2,130,5,2,100.0,0,N,SMALL_TOWNS,FREEWAY,8,18.0
68412,4,2,173,5,1,60.0,0,N,MELB_URBAN,DRIVE,8,14.0
68413,6,7,174,5,1,60.0,0,N,RURAL_VICTORIA,ROAD,8,16.0
68414,1,2,99,2,1,40.0,0,I,MELB_URBAN,DRIVE,8,15.0
68415,1,2,111,1,1,60.0,0,I,TOWNS,ROAD,8,15.0
68416,1,5,130,1,6,60.0,0,I,MELB_URBAN,ROAD,8,17.0
68417,4,2,171,5,1,60.0,0,N,SMALL_CITIES,STREET,8,13.0
68418,1,2,113,2,1,60.0,0,I,MELB_URBAN,OTHER,8,15.0
68419,1,2,130,2,1,60.0,0,I,MELB_URBAN,ROAD,8,16.0
68420,1,3,130,4,1,80.0,0,N,MELB_URBAN,RAMP,8,7.0
68421,4,2,183,5,5,60.0,0,N,SMALL_CITIES,OTHER,8,18.0
68422,1,2,99,2,1,50.0,0,I,TOWNS,STREET,8,16.0
68423,1,2,116,1,1,60.0,0,I,SMALL_CITIES,ROAD,8,15.0
68424,1,5,130,1,1,60.0,0,I,SMALL_CITIES,STREET,8,13.0
68425,1,2,121,2,1,80.0,0,I,MELB_URBAN,ROAD,8,16.0
68426,1,5,134,5,9,50.0,0,N,MELB_URBAN,DRIVE,8,8.0
68427,1,2,99,5,1,50.0,0,N,MELB_URBAN,ROAD,8,15.0
68428,1,6,111,2,1,70.0,0,I,MELB_URBAN,ROAD,7,16.0
68429,1,0,130,5,9,60.0,0,N,MELB_URBAN,ROAD,8,15.0
68430,2,2,100,2,5,50.0,0,I,MELB_URBAN,AVENUE,8,20.0
68431,2,4,99,5,5,100.0,0,N,RURAL_VICTORIA,STREET,7,18.0
68432,4,1,171,5,3,70.0,0,N,MELB_URBAN,ROAD,8,19.0
68433,2,2,99,1,3,60.0,0,I,LARGE_PROVINCIAL_CITIES,ROAD,8,20.0
68434,1,1,130,2,3,80.0,0,I,MELB_URBAN,ROAD,8,18.0
68435,2,2,100,1,1,60.0,0,N,MELB_URBAN,STREET,8,17.0
68436,1,6,121,1,3,40.0,0,I,MELB_URBAN,STREET,8,6.0
68437,4,2,173,5,5,100.0,0,N,RURAL_VICTORIA,FREEWAY,8,4.0
68438,1,1,130,5,1,100.0,0,N,MELB_URBAN,FREEWAY,8,8.0
68439,1,7,130,2,1,40.0,0,I,MELBOURNE_CBD,STREET,7,15.0
68440,1,2,130,4,1,60.0,0,I,MELB_URBAN,DRIVE,8,9.0
68441,1,3,130,5,1,60.0,0,N,MELB_URBAN,ROAD,8,16.0
68442,1,1,135,5,3,60.0,0,N,MELB_URBAN,STREET,8,1.0
68443,1,3,121,2,1,60.0,0,I,MELB_URBAN,ROAD,8,10.0
68444,1,3,130,5,1,100.0,0,N,MELB_URBAN,FREEWAY,8,6.0
68445,1,7,113,2,2,60.0,0,I,SMALL_CITIES,DRIVE,8,17.0
68446,1,3,130,5,1,50.0,0,N,MELB_URBAN,STREET,8,6.0
68447,1,3,130,2,1,60.0,0,I,MELB_URBAN,ROAD,6,16.0
68448,1,3,121,2,1,100.0,0,I,RURAL_VICTORIA,ROAD,8,8.0
68449,1,2,130,2,2,60.0,0,I,MELB_URBAN,ROAD,8,18.0
68450,1,1,99,5,1,50.0,0,N,LARGE_PROVINCIAL_CITIES,ROAD,8,15.0
68451,1,2,130,5,1,100.0,0,N,MELB_URBAN,FREEWAY,8,9.0
68452,1,5,130,5,1,110.0,0,N,SMALL_CITIES,FREEWAY,6,14.0
68453,1,6,110,1,1,50.0,0,I,MELB_URBAN,STREET,8,17.0
68454,8,1,99,5,1,60.0,0,N,RURAL_VICTORIA,ROAD,8,15.0
68455,1,2,140,5,3,60.0,0,N,MELB_URBAN,STREET,8,19.0
68456,6,6,174,5,3,50.0,0,N,LARGE_PROVINCIAL_CITIES,ROAD,8,18.0