,accident_type,day_of_week,dca_code,road_geometry,light_condition,speed_zone,severity,node_type,deg_urban_name,road_type,month,hour
68457,1,4,130,5,3,80.0,0,N,MELB_URBAN,ROAD,8,7.0
68458,5,2,171,5,1,100.0,0,N,RURAL_VICTORIA,HIGHWAY,8,13.0
68459,1,4,130,4,3,60.0,0,I,MELB_URBAN,ROAD,8,23.0
68460,5,7,99,5,1,60.0,0,N,RURAL_VICTORIA,ROAD,8,15.0
68461,1,2,130,5,1,60.0,0,N,MELB_URBAN,ROAD,8,11.0
68462,1,3,111,4,3,80.0,0,I,MELB_URBAN,RAMP,7,21.0
68463,1,3,99,5,1,60.0,0,N,MELB_URBAN,STREET,8,16.0
68464,1,0,130,2,1,70.0,0,I,MELB_URBAN,ROAD,8,10.0
68465,4,3,183,4,2,80.0,0,N,MELB_URBAN,UNKNOWN,8,17.0
68466,4,5,171,5,5,100.0,0,N,RURAL_VICTORIA,ROAD,7,19.0
68467,4,3,171,5,2,80.0,0,N,MELB_URBAN,ROAD,8,17.0
68468,1,2,121,1,3,60.0,0,I,MELB_URBAN,ROAD,8,18.0
68469,1,3,130,5,1,80.0,0,N,MELB_URBAN,ROAD,8,12.0
68470,1,7,130,5,3,100.0,0,N,MELB_URBAN,FREEWAY,8,20.0
68471,4,2,171,5,3,80.0,0,N,MELB_URBAN,FREEWAY,8,20.0
68472,1,3,140,1,1,80.0,0,I,RURAL_VICTORIA,ROAD,8,16.0
68473,4,3,173,5,5,100.0,0,N,RURAL_VICTORIA,FREEWAY,8,19.0
68474,1,2,110,1,3,60.0,0,I,MELB_URBAN,ROAD,8,22.0
68475,1,6,130,5,1,80.0,0,N,MELB_URBAN,HIGHWAY,7,7.0
68476,1,3,120,5,5,100.0,1,N,RURAL_VICTORIA,ROAD,8,20.0
68477,4,3,173,5,3,100.0,0,N,MELB_URBAN,FREEWAY,8,19.0
68478,1,5,113,2,3,60.0,0,I,MELB_URBAN,ROAD,7,19.0
68479,1,0,132,1,1,60.0,0,I,MELB_URBAN,STREET,8,11.0
68480,1,6,111,2,2,80.0,0,I,MELB_URBAN,ROAD,7,17.0
68481,4,3,173,5,1,100.0,0,N,RURAL_VICTORIA,ROAD,8,6.0
68482,6,0,170,5,1,60.0,0,N,RURAL_VICTORIA,ROAD,8,14.0
68483,6,5,174,5,1,60.0,0,N,RURAL_VICTORIA,ROAD,8,17.0
68484,2,4,102,2,3,60.0,0,I,SMALL_CITIES,OTHER,8,1.0
68485,1,4,99,5,1,50.0,0,N,MELB_URBAN,STREET,8,8.0
68486,1,7,121,2,1,60.0,0,I,MELB_URBAN,ROAD,7,10.0
68487,1,5,113,2,1,60.0,0,I,MELB_URBAN,ROAD,5,17.0
68488,1,4,130,5,1,110.0,0,N,RURAL_VICTORIA,FREEWAY,6,16.0
68489,1,3,110,1,1,60.0,0,I,MELB_URBAN,BOULEVARD,7,7.0
68490,2,4,100,5,1,60.0,0,N,MELB_URBAN,ROAD,8,9.0
68491,1,4,130,5,1,80.0,0,N,MELB_URBAN,OTHER,8,7.0
68492,2,5,99,5,2,50.0,0,N,MELB_URBAN,AVENUE,8,17.0
68493,1,4,110,1,1,50.0,0,I,MELB_URBAN,STREET,8,10.0
68494,1,4,113,4,1,60.0,0,I,RURAL_VICTORIA,ROAD,8,12.0
68495,1,4,160,5,1,50.0,0,N,SMALL_CITIES,STREET,8,11.0
68496,1,3,147,5,1,60.0,0,N,MELB_URBAN,ROAD,8,7.0
68497,1,4,110,1,1,50.0,0,I,MELB_URBAN,STREET,8,7.0
68498,7,4,99,5,1,60.0,0,N,SMALL_CITIES,DRIVE,8,10.0
68499,4,4,171,5,1,80.0,0,N,RURAL_VICTORIA,ROAD,8,12.0
68500,8,1,184,5,1,60.0,0,N,RURAL_VICTORIA,ROAD,8,15.0
68501,1,4,110,1,1,80.0,0,I,MELB_URBAN,ROAD,8,11.0
68502,3,5,167,5,5,70.0,0,N,RURAL_VICTORIA,ROAD,7,5.0
68503,1,4,130,2,1,80.0,0,I,MELB_URBAN,ROAD,8,12.0
68504,2,3,99,5,3,60.0,0,N,MELB_URBAN,BOULEVARD,8,19.0
68505,1,4,113,2,1,80.0,0,I,MELB_URBAN,ROAD,8,14.0
68506,4,4,173,5,1,100.0,0,N,MELB_URBAN,UNKNOWN,8,12.0
68507,8,7,184,1,1,100.0,0,I,RURAL_VICTORIA,ROAD,8,14.0
68508,1,3,147,2,1,60.0,0,I,MELB_URBAN,ROAD,8,17.0
68509,1,4,113,2,1,70.0,0,I,LARGE_PROVINCIAL_CITIES,ROAD,8,17.0
68510,8,5,174,5,1,60.0,0,N,MELB_URBAN,PARADE,8,9.0
68511,1,1,160,5,3,60.0,0,N,MELB_URBAN,ROAD,8,21.0
68512,1,4,113,2,1,60.0,0,I,MELB_URBAN,PARADE,8,15.0
68513,1,3,121,2,1,60.0,0,I,MELB_URBAN,ROAD,6,16.0
68514,8,4,174,5,2,40.0,0,N,MELBOURNE_CBD,STREET,8,17.0
68515,1,4,120,5,3,60.0,0,N,MELB_URBAN,HIGHWAY,8,18.0
68516,1,4,99,5,1,50.0,0,N,MELB_URBAN,STREET,8,16.0
68517,4,4,99,5,9,60.0,0,N,RURAL_VICTORIA,ROAD,8,14.0
68518,1,3,110,1,3,60.0,0,I,SMALL_CITIES,ROAD,8,19.0
68519,1,4,130,5,3,60.0,0,N,SMALL_CITIES,ROAD,8,19.0
68520,7,4,99,5,5,40.0,0,N,MELB_URBAN,DRIVE,8,19.0
68521,1,4,110,1,3,50.0,0,I,MELB_URBAN,STREET,8,18.0
68522,1,4,121,1,1,60.0,0,I,MELB_URBAN,ROAD,8,17.0
68523,1,6,130,4,2,60.0,0,I,MELB_URBAN,ROAD,8,17.0
68524,1,4,140,1,3,60.0,0,I,MELB_URBAN,BOULEVARD,8,18.0
68525,1,2,121,3,3,60.0,0,I,MELB_URBAN,STREET,8,19.0
68526,1,4,121,2,3,60.0,0,I,LARGE_PROVINCIAL_CITIES,STREET,8,21.0
68527,2,4,102,2,1,60.0,0,I,MELB_URBAN,OTHER,8,18.0
68528,1,4,130,5,4,70.0,0,N,MELB_URBAN,ROAD,8,21.0
68529,4,4,171,5,1,100.0,0,N,RURAL_VICTORIA,ROAD,8,15.0
68530,1,4,130,5,1,60.0,0,N,MELB_URBAN,ROAD,8,8.0
68531,1,4,130,5,3,60.0,0,N,MELB_URBAN,ROAD,4,18.0
68532,1,4,121,2,3,70.0,0,I,MELB_URBAN,ROAD,8,22.0
68533,5,4,99,5,5,100.0,0,N,RURAL_VICTORIA,ROAD,8,4.0
68534,1,3,121,1,3,80.0,0,I,MELB_URBAN,STREET,8,21.0
68535,4,5,173,5,5,100.0,0,N,RURAL_VICTORIA,HIGHWAY,9,1.0
68536,4,5,173,5,1,100.0,0,N,MELB_URBAN,FREEWAY,8,12.0
68537,4,4,171,5,5,100.0,0,N,RURAL_VICTORIA,HIGHWAY,9,4.0
68538,1,4,147,5,1,60.0,0,N,MELB_URBAN,STREET,8,14.0
68539,1,6,140,5,1,60.0,0,N,MELB_URBAN,ROAD,8,15.0
68540,7,4,99,5,1,40.0,0,I,MELBOURNE_CBD,STREET,9,8.0
68541,1,0,130,1,3,60.0,0,I,MELB_URBAN,OTHER,7,0.0
68542,1,5,99,1,1,50.0,0,I,MELB_URBAN,STREET,9,7.0
68543,1,5,140,1,1,100.0,0,I,RURAL_VICTORIA,ROAD,9,8.0
68544,1,4,130,2,1,60.0,0,I,MELB_URBAN,ROAD,9,8.0
68545,2,4,100,1,1,50.0,0,I,MELB_URBAN,ROAD,8,16.0
68546,1,5,121,1,1,60.0,0,I,MELB_URBAN,ROAD,9,7.0
68547,1,5,99,2,1,60.0,0,I,MELB_URBAN,ROAD,9,9.0
68548,6,5,174,5,1,60.0,0,N,MELB_URBAN,STREET,9,9.0
68549,1,6,160,5,1,30.0,0,N,MELB_URBAN,ROAD,8,15.0
68550,1,0,110,1,1,50.0,0,I,LARGE_PROVINCIAL_CITIES,STREET,7,12.0
68551,4,5,183,5,1,80.0,0,N,MELB_URBAN,HIGHWAY,9,12.0
68552,1,5,110,1,1,50.0,0,I,MELB_URBAN,STREET,9,12.0
68553,1,5,113,2,1,100.0,0,I,MELB_URBAN,HIGHWAY,9,12.0
68554,1,5,113,2,1,60.0,0,I,MELB_URBAN,ROAD,9,9.0
68555,1,5,110,1,1,50.0,0,I,MELB_URBAN,STREET,9,14.0
68556,1,7,130,5,3,100.0,0,N,MELB_URBAN,FREEWAY,8,4.0
68557,1,7,121,5,1,80.0,0,N,RURAL_VICTORIA,ROAD,8,12.0
68558,1,5,160,5,1,50.0,0,N,SMALL_CITIES,DRIVE,9,13.0
68559,1,5,132,2,1,50.0,0,I,RURAL_VICTORIA,PARADE,9,14.0
68560,1,5,99,5,1,100.0,0,N,RURAL_VICTORIA,ROAD,9,10.0
68561,1,2,113,4,1,60.0,0,I,MELB_URBAN,RAMP,8,12.0
68562,1,3,130,1,3,50.0,0,I,LARGE_PROVINCIAL_CITIES,STREET,8,20.0
68563,1,5,130,5,1,80.0,0,N,MELB_URBAN,HIGHWAY,9,16.0
68564,2,3,100,2,9,60.0,0,I,MELB_URBAN,HIGHWAY,8,8.0
68565,1,5,134,5,6,70.0,0,N,MELB_URBAN,ROAD,9,18.0
68566,2,5,100,2,3,80.0,0,I,MELB_URBAN,ROAD,9,18.0
68567,1,5,132,2,2,100.0,0,I,RURAL_VICTORIA,HIGHWAY,9,18.0
68568,1,4,130,5,1,80.0,0,N,MELB_URBAN,RAMP,9,14.0
68569,1,5,130,2,1,50.0,0,I,MELB_URBAN,ROAD,9,12.0
68570,1,5,121,2,1,50.0,0,I,LARGE_PROVINCIAL_CITIES,AVENUE,9,15.0
68571,4,5,171,5,1,100.0,0,N,RURAL_VICTORIA,ROAD,9,15.0
68572,1,5,130,5,3,60.0,0,N,MELB_URBAN,ROAD,9,2.0
68573,1,4,130,5,1,50.0,0,N,MELB_URBAN,UNKNOWN,9,16.0
68574,4,5,171,5,1,40.0,0,N,SMALL_CITIES,STREET,9,17.0
68575,1,5,110,1,3,50.0,0,I,SMALL_CITIES,STREET,9,18.0
68576,1,5,120,5,3,70.0,0,N,MELB_URBAN,ROAD,9,20.0
68577,4,7,171,5,5,80.0,0,N,RURAL_VICTORIA,ROAD,6,4.0
68578,1,5,130,5,1,100.0,0,N,MELB_URBAN,RAMP,9,6.0
68579,1,1,135,5,1,80.0,0,N,MELB_URBAN,HIGHWAY,8,13.0
68580,4,6,173,5,5,110.0,0,N,RURAL_VICTORIA,HIGHWAY,9,0.0
68581,1,1,130,1,1,60.0,0,I,MELB_URBAN,DRIVE,8,15.0
68582,4,6,99,5,5,100.0,0,N,MELB_URBAN,FREEWAY,9,5.0
68583,1,5,140,5,1,60.0,0,N,LARGE_PROVINCIAL_CITIES,STREET,9,12.0
68584,1,5,147,5,9,60.0,0,N,MELB_URBAN,AVENUE,9,17.0
68585,2,6,102,2,1,30.0,0,I,MELB_URBAN,STREET,9,8.0
68586,1,5,130,5,1,60.0,0,N,MELB_URBAN,ROAD,9,9.0
68587,1,6,99,2,1,100.0,0,I,RURAL_VICTORIA,ROAD,9,7.0
68588,2,6,100,1,1,40.0,0,I,MELB_URBAN,PARADE,9,7.0
68589,1,6,120,5,1,50.0,0,N,MELB_URBAN,STREET,9,11.0
68590,1,4,121,2,9,60.0,0,I,MELB_URBAN,ROAD,8,22.0
68591,1,4,130,2,1,50.0,0,I,MELB_URBAN,ROAD,5,16.0
68592,1,6,135,5,1,80.0,0,N,MELB_URBAN,RAMP,9,12.0
68593,4,6,99,6,1,40.0,0,N,MELB_URBAN,STREET,9,13.0
68594,1,2,132,2,9,60.0,0,I,MELB_URBAN,ROAD,8,16.0
68595,1,6,135,5,1,100.0,0,N,MELB_URBAN,FREEWAY,9,13.0
68596,6,6,99,5,1,100.0,0,N,RURAL_VICTORIA,HIGHWAY,9,14.0
68597,4,6,181,5,1,80.0,0,N,RURAL_VICTORIA,HIGHWAY,9,15.0
68598,1,5,130,5,3,80.0,0,N,MELB_URBAN,UNKNOWN,9,19.0
68599,1,6,130,5,1,70.0,0,N,MELB_URBAN,ROAD,9,15.0
68600,1,6,99,5,1,60.0,0,N,MELB_URBAN,ROAD,9,16.0
68601,1,6,130,2,1,60.0,0,I,TOWNS,HIGHWAY,9,16.0
68602,1,6,120,5,1,100.0,0,N,RURAL_VICTORIA,HIGHWAY,9,15.0
68603,1,5,130,5,1,100.0,0,N,MELB_URBAN,UNKNOWN,9,16.0
68604,1,3,130,5,9,80.0,0,N,MELB_URBAN,HIGHWAY,8,9.0
68605,1,6,99,2,2,60.0,0,I,MELB_URBAN,ROAD,9,17.0
68606,1,5,147,5,1,60.0,0,N,MELB_URBAN,ROAD,9,15.0
68607,1,2,110,1,1,50.0,0,I,MELB_URBAN,STREET,2,7.0
68608,1,6,130,2,3,70.0,0,N,SMALL_CITIES,ROAD,9,20.0
68609,1,6,160,5,3,50.0,0,N,MELB_URBAN,AVENUE,9,19.0
68610,1,5,163,5,1,60.0,0,N,MELB_URBAN,STREET,9,8.0
68611,8,6,170,1,1,70.0,0,I,MELB_URBAN,ROAD,9,12.0
68612,4,5,99,2,5,100.0,0,I,RURAL_VICTORIA,ROAD,9,23.0
68613,1,5,120,2,5,60.0,0,I,TOWNS,ROAD,9,23.0
68614,1,7,160,5,3,60.0,0,N,MELB_URBAN,STREET,9,0.0
68615,2,4,99,5,3,60.0,0,N,RURAL_VICTORIA,AVENUE,9,5.0
68616,4,7,99,2,3,40.0,0,N,MELBOURNE_CBD,STREET,9,5.0
68617,1,6,99,5,2,70.0,0,N,SMALL_CITIES,HIGHWAY,9,17.0
68618,1,7,130,5,1,60.0,0,N,MELB_URBAN,ROAD,9,7.0
68619,1,4,147,5,1,60.0,0,N,MELB_URBAN,ROAD,8,17.0
68620,1,7,120,5,1,80.0,0,N,RURAL_VICTORIA,ROAD,9,12.0
68621,1,7,140,5,1,70.0,0,N,MELB_URBAN,ROAD,9,14.0
68622,2,7,100,1,1,60.0,0,I,MELB_URBAN,ROAD,9,12.0
68623,1,6,160,5,3,60.0,0,N,MELB_URBAN,PARADE,9,18.0
68624,6,7,99,2,1,60.0,0,N,LARGE_PROVINCIAL_CITIES,STREET,9,12.0
68625,1,7,121,1,1,80.0,0,I,SMALL_CITIES,DRIVE,9,14.0
68626,1,7,99,1,9,60.0,0,I,MELB_URBAN,ROAD,9,11.0
68627,1,6,130,2,3,60.0,0,I,MELB_URBAN,ROAD,8,19.0
68628,7,4,99,5,9,60.0,0,N,MELB_URBAN,ROAD,8,12.0
68629,6,3,174,2,3,60.0,0,I,MELB_URBAN,ROAD,8,23.0
68630,1,7,147,5,2,60.0,0,N,MELB_URBAN,ROAD,9,17.0
68631,1,7,147,5,3,80.0,0,I,LARGE_PROVINCIAL_CITIES,STREET,9,18.0
68632,2,7,99,5,3,50.0,0,N,MELB_URBAN,AVENUE,9,19.0
68633,2,7,99,2,3,50.0,0,I,SMALL_CITIES,STREET,9,22.0
68634,1,1,130,1,9,60.0,0,I,MELB_URBAN,ROAD,7,17.0
68635,2,7,102,5,3,70.0,0,N,MELB_URBAN,ROAD,9,5.0
68636,4,7,181,5,5,60.0,0,N,RURAL_VICTORIA,ROAD,9,23.0
68637,9,1,99,2,3,50.0,0,N,MELB_URBAN,STREET,9,3.0
68638,1,7,121,2,3,80.0,0,I,MELB_URBAN,ROAD,9,22.0
68639,1,4,99,2,1,60.0,0,I,MELB_URBAN,ROAD,6,10.0
68640,2,4,99,5,3,50.0,0,N,MELB_URBAN,STREET,8,19.0
68641,4,1,183,5,3,60.0,0,N,TOWNS,STREET,9,5.0
68642,1,1,110,1,1,40.0,0,I,MELB_URBAN,ROAD,9,9.0
68643,1,4,130,2,1,60.0,0,I,MELB_URBAN,ROAD,8,12.0
68644,3,1,167,5,1,100.0,0,N,RURAL_VICTORIA,ROAD,9,10.0
68645,1,0,110,1,1,100.0,0,I,RURAL_VICTORIA,HIGHWAY,9,11.0
68646,6,1,99,2,9,60.0,0,I,RURAL_VICTORIA,ROAD,9,12.0
68647,2,1,102,5,1,60.0,0,N,MELB_URBAN,DRIVE,9,11.0
68648,1,7,113,2,1,60.0,0,I,MELB_URBAN,ROAD,9,14.0
68649,8,1,99,5,1,100.0,0,N,RURAL_VICTORIA,ROAD,9,12.0
68650,1,1,121,1,3,60.0,0,I,MELB_URBAN,ROAD,2,21.0
68651,4,0,171,5,1,100.0,0,N,SMALL_TOWNS,FREEWAY,9,10.0
68652,1,1,130,1,1,50.0,0,I,MELB_URBAN,STREET,9,13.0
68653,1,1,113,2,1,60.0,0,I,MELB_URBAN,AVENUE,9,13.0
68654,1,1,130,1,1,70.0,0,I,MELB_URBAN,ROAD,9,12.0
68655,1,1,99,5,1,50.0,0,N,MELB_URBAN,AVENUE,9,13.0
68656,1,1,110,1,1,60.0,0,I,MELB_URBAN,ROAD,9,15.0
68657,6,0,99,5,1,80.0,0,N,MELB_URBAN,FREEWAY,9,16.0
68658,4,1,173,5,1,100.0,0,N,RURAL_VICTORIA,ROAD,9,17.0
68659,1,1,130,5,3,70.0,0,N,MELB_URBAN,ROAD,9,18.0
68660,1,1,121,1,3,50.0,0,I,MELB_URBAN,STREET,9,18.0
68661,2,1,102,1,3,50.0,0,I,MELB_URBAN,STREET,9,18.0
68662,4,1,173,1,1,60.0,0,I,MELB_URBAN,STREET,9,14.0
68663,1,1,130,2,1,80.0,0,I,MELB_URBAN,ROAD,9,16.0
68664,1,5,110,1,1,60.0,0,I,MELB_URBAN,STREET,3,7.0
68665,1,1,113,2,3,70.0,0,I,MELB_URBAN,ROAD,9,19.0
68666,1,1,121,5,1,60.0,0,N,MELB_URBAN,ROAD,9,17.0
68667,4,2,171,5,5,100.0,1,N,RURAL_VICTORIA,HIGHWAY,9,0.0
68668,6,2,174,5,3,50.0,0,N,MELB_URBAN,STREET,9,3.0
68669,4,1,173,5,1,80.0,0,N,MELB_URBAN,ROAD,9,11.0
68670,1,1,121,2,1,60.0,0,I,MELB_URBAN,ROAD,8,16.0
68671,1,0,160,5,3,50.0,0,N,MELB_URBAN,DRIVE,9,23.0
68672,1,2,99,1,1,60.0,0,I,MELB_URBAN,STREET,9,8.0
68673,1,2,130,1,1,70.0,0,I,MELB_URBAN,ROAD,4,14.0
68674,4,1,171,5,1,50.0,0,N,SMALL_CITIES,STREET,9,9.0
68675,4,1,99,5,1,50.0,0,N,MELB_URBAN,ROAD,9,9.0
68676,1,6,110,1,6,60.0,0,I,MELB_URBAN,AVENUE,8,21.0
68677,1,4,130,1,1,60.0,0,I,MELB_URBAN,ROAD,8,8.0
68678,1,2,121,2,1,80.0,0,I,MELB_URBAN,DRIVE,9,8.0
68679,1,2,130,1,1,50.0,0,I,LARGE_PROVINCIAL_CITIES,STREET,8,12.0
68680,1,2,110,1,1,60.0,0,I,MELB_URBAN,ROAD,9,10.0
68681,3,7,167,5,1,60.0,0,N,RURAL_VICTORIA,ROAD,9,13.0
68682,1,2,130,5,1,70.0,0,N,MELB_URBAN,ROAD,9,12.0
68683,6,2,174,1,1,80.0,0,I,MELB_URBAN,RAMP,9,9.0
68684,4,2,171,2,1,60.0,0,I,SMALL_CITIES,OTHER,9,13.0
68685,4,2,183,2,1,100.0,0,I,RURAL_VICTORIA,ROAD,9,6.0
68686,1,2,110,1,1,80.0,0,I,SMALL_CITIES,ROAD,9,13.0
68687,1,2,120,5,1,100.0,0,N,RURAL_VICTORIA,HIGHWAY,9,11.0
68688,4,2,171,5,1,80.0,0,N,MELB_URBAN,ROAD,9,14.0
68689,1,1,111,2,1,60.0,0,I,MELB_URBAN,UNKNOWN,9,15.0
68690,2,2,99,5,9,60.0,0,N,MELB_URBAN,HIGHWAY,8,17.0
68691,5,1,183,5,1,70.0,0,N,MELB_URBAN,ROAD,9,15.0
68692,8,1,174,5,1,60.0,0,N,RURAL_VICTORIA,ROAD,7,13.0
68693,1,2,130,1,1,50.0,0,I,SMALL_CITIES,STREET,9,12.0
68694,1,5,130,5,1,80.0,0,N,MELB_URBAN,UNKNOWN,9,13.0
68695,2,7,99,5,1,50.0,0,N,MELB_URBAN,STREET,5,12.0
68696,1,2,99,5,1,60.0,0,N,MELB_URBAN,ROAD,9,15.0
68697,1,2,147,5,1,70.0,0,N,MELB_URBAN,ROAD,9,17.0
68698,1,2,130,1,9,70.0,0,I,MELB_URBAN,ROAD,9,8.0
68699,1,5,111,2,1,80.0,0,I,MELB_URBAN,ROAD,8,12.0
68700,1,2,110,1,3,50.0,0,I,LARGE_PROVINCIAL_CITIES,STREET,9,19.0
68701,1,2,116,1,3,50.0,0,I,LARGE_PROVINCIAL_CITIES,STREET,9,21.0
68702,1,5,130,1,1,80.0,0,I,MELB_URBAN,HIGHWAY,7,12.0
68703,3,2,167,5,5,100.0,0,N,RURAL_VICTORIA,ROAD,9,19.0
68704,1,1,110,1,3,50.0,0,I,MELB_URBAN,PARADE,9,19.0
68705,1,2,132,1,3,60.0,0,I,RURAL_VICTORIA,ROAD,9,20.0
68706,1,2,130,5,3,60.0,0,N,MELB_URBAN,ROAD,9,20.0
68707,1,3,130,5,6,100.0,0,N,MELB_URBAN,ROAD,5,20.0
68708,4,2,171,1,3,100.0,0,I,RURAL_VICTORIA,HIGHWAY,9,23.0
68709,4,2,171,5,3,60.0,0,N,SMALL_CITIES,STREET,9,1.0
68710,1,5,130,5,1,70.0,0,N,LARGE_PROVINCIAL_CITIES,OTHER,9,16.0
68711,4,2,171,1,3,50.0,0,I,LARGE_PROVINCIAL_CITIES,STREET,9,20.0
68712,1,3,99,5,3,80.0,0,N,MELB_URBAN,ROAD,9,5.0
68713,4,2,181,5,2,100.0,0,N,RURAL_VICTORIA,ROAD,8,6.0
68714,1,3,130,5,1,60.0,0,N,MELB_URBAN,STREET,9,8.0
68715,8,2,99,1,1,60.0,0,I,MELB_URBAN,DRIVE,11,9.0
68716,1,3,130,5,1,40.0,0,N,LARGE_PROVINCIAL_CITIES,HIGHWAY,9,7.0
68717,1,7,120,5,9,60.0,0,N,RURAL_VICTORIA,ROAD,9,15.0
68718,2,3,102,5,1,60.0,0,N,MELB_URBAN,ROAD,9,11.0
68719,1,3,110,1,1,100.0,0,I,RURAL_VICTORIA,ROAD,9,9.0
68720,3,1,167,5,1,80.0,0,N,RURAL_VICTORIA,ROAD,8,13.0
68721,1,2,130,2,3,60.0,0,I,MELB_URBAN,ROAD,9,21.0
68722,1,7,130,1,1,80.0,0,I,MELB_URBAN,ROAD,9,8.0
68723,1,3,130,5,1,70.0,0,N,MELB_URBAN,STREET,9,11.0
68724,2,1,100,1,1,60.0,0,I,MELB_URBAN,STREET,9,9.0
68725,1,1,130,5,1,80.0,0,N,MELB_URBAN,UNKNOWN,9,15.0
68726,5,4,99,2,5,100.0,0,I,RURAL_VICTORIA,ROAD,6,17.0
68727,1,3,160,5,1,60.0,0,N,MELB_URBAN,ROAD,9,11.0
68728,8,3,99,5,1,60.0,0,N,MELB_URBAN,STREET,9,12.0
68729,1,1,113,2,1,60.0,0,I,MELB_URBAN,ROAD,7,9.0
68730,8,7,174,5,1,60.0,0,N,RURAL_VICTORIA,ROAD,9,14.0
68731,2,7,102,1,1,70.0,1,I,MELB_URBAN,ROAD,9,11.0
68732,1,5,121,2,1,70.0,0,I,MELB_URBAN,ROAD,8,9.0
68733,1,3,130,4,1,80.0,0,I,MELB_URBAN,ROAD,9,15.0
68734,1,3,130,1,9,40.0,0,I,MELB_URBAN,ROAD,8,13.0
68735,1,4,130,2,3,80.0,0,I,MELB_URBAN,ROAD,9,20.0
68736,1,2,130,1,1,70.0,0,I,MELB_URBAN,ROAD,9,16.0
68737,6,1,99,5,5,110.0,0,N,RURAL_VICTORIA,HIGHWAY,9,21.0
68738,1,3,116,2,1,60.0,0,I,MELB_URBAN,ROAD,9,16.0
68739,1,3,110,1,2,60.0,0,I,SMALL_CITIES,ROAD,9,18.0
68740,2,2,100,1,1,40.0,0,I,MELB_URBAN,STREET,9,15.0
68741,1,3,160,5,1,60.0,0,N,LARGE_PROVINCIAL_CITIES,STREET,9,17.0
68742,1,3,121,2,5,90.0,0,I,RURAL_VICTORIA,FREEWAY,9,19.0
68743,1,2,130,5,2,100.0,0,N,RURAL_VICTORIA,FREEWAY,9,17.0
68744,1,3,99,5,3,60.0,0,N,SMALL_CITIES,ROAD,9,19.0
68745,1,2,140,2,3,60.0,0,I,LARGE_PROVINCIAL_CITIES,AVENUE,9,21.0
68746,8,3,170,5,1,70.0,0,N,MELB_URBAN,ROAD,9,15.0
68747,4,2,171,5,3,60.0,0,N,MELB_URBAN,STREET,9,5.0
68748,1,3,111,1,1,50.0,0,I,MELB_URBAN,HIGHWAY,9,17.0
68749,1,4,99,5,3,50.0,0,N,MELB_URBAN,STREET,9,4.0
68750,4,3,171,5,2,60.0,0,N,LARGE_PROVINCIAL_CITIES,ROAD,9,6.0
68751,2,2,99,5,1,50.0,0,N,SMALL_CITIES,ROAD,7,13.0
68752,1,3,130,1,1,60.0,0,I,MELB_URBAN,HIGHWAY,9,10.0
68753,6,3,174,2,1,70.0,0,N,MELB_URBAN,ROAD,9,10.0
68754,1,2,113,2,1,60.0,0,I,LARGE_PROVINCIAL_CITIES,ROAD,9,10.0
68755,1,1,130,5,1,60.0,0,N,LARGE_PROVINCIAL_CITIES,HIGHWAY,4,12.0
68756,1,4,121,1,1,50.0,0,N,MELB_URBAN,ROAD,9,10.0
68757,1,3,130,5,1,80.0,0,N,MELB_URBAN,ROAD,9,10.0
68758,9,3,99,5,9,60.0,0,N,SMALL_CITIES,DRIVE,9,7.0
68759,1,4,160,5,1,60.0,0,N,MELB_URBAN,ROAD,9,9.0
68760,1,3,99,5,1,50.0,0,N,LARGE_PROVINCIAL_CITIES,STREET,9,16.0
68761,1,4,99,2,1,60.0,0,I,MELB_URBAN,ROAD,9,12.0
68762,1,4,130,5,1,100.0,0,N,MELB_URBAN,ROAD,9,7.0
68763,1,3,130,5,1,70.0,0,N,MELB_URBAN,ROAD,8,16.0
68764,1,4,99,4,1,60.0,0,I,MELB_URBAN,RAMP,9,12.0
68765,4,1,171,5,5,110.0,0,N,TOWNS,FREEWAY,7,6.0
68766,1,4,121,1,1,60.0,0,I,TOWNS,STREET,9,12.0
68767,1,6,130,1,1,70.0,0,I,MELB_URBAN,ROAD,7,9.0
68768,4,5,181,2,5,100.0,0,I,RURAL_VICTORIA,ROAD,9,19.0
68769,1,3,121,2,1,60.0,0,I,MELB_URBAN,STREET,9,14.0
68770,4,3,173,5,1,100.0,0,N,RURAL_VICTORIA,ROAD,9,13.0
68771,4,4,183,5,1,70.0,0,N,RURAL_VICTORIA,ROAD,9,14.0
68772,1,4,121,2,1,60.0,0,N,MELB_URBAN,ROAD,9,15.0
68773,1,4,99,2,1,60.0,0,I,TOWNS,HIGHWAY,9,15.0
68774,1,2,132,1,1,60.0,0,I,MELB_URBAN,ROAD,8,16.0
68775,2,4,99,5,1,40.0,0,N,MELB_URBAN,UNKNOWN,9,12.0
68776,8,6,184,2,1,60.0,0,I,RURAL_VICTORIA,ROAD,8,12.0
68777,1,1,133,4,1,80.0,0,I,MELB_URBAN,OTHER,9,11.0
68778,1,2,130,1,1,80.0,0,I,MELB_URBAN,ROAD,8,13.0
68779,6,4,174,5,1,60.0,0,N,RURAL_VICTORIA,ROAD,9,17.0
68780,2,4,100,4,1,60.0,0,I,MELB_URBAN,ROAD,9,7.0
68781,1,4,132,5,1,60.0,0,N,MELB_URBAN,STREET,9,9.0
68782,2,4,102,1,1,40.0,0,I,MELBOURNE_CBD,OTHER,9,16.0
68783,1,6,130,5,1,110.0,0,N,MELB_URBAN,FREEWAY,9,8.0
68784,1,5,130,5,3,70.0,0,N,MELB_URBAN,HIGHWAY,9,18.0
68785,6,4,174,2,2,60.0,0,I,MELB_URBAN,ROAD,9,17.0
68786,1,4,130,5,1,100.0,0,N,RURAL_VICTORIA,HIGHWAY,9,17.0
68787,1,1,130,2,1,60.0,0,I,MELB_URBAN,STREET,9,17.0