,accident_type,day_of_week,dca_code,road_geometry,light_condition,speed_zone,severity,node_type,deg_urban_name,road_type,month,hour
68788,1,4,121,1,1,60.0,0,I,LARGE_PROVINCIAL_CITIES,STREET,9,16.0
68789,1,4,130,5,5,100.0,0,N,MELB_URBAN,FREEWAY,9,18.0
68790,1,4,130,5,1,100.0,0,N,MELB_URBAN,ROAD,9,16.0
68791,6,4,174,5,5,100.0,0,N,MELB_URBAN,FREEWAY,9,17.0
68792,1,3,130,1,1,60.0,0,I,MELB_URBAN,STREET,8,15.0
68793,1,4,121,2,1,70.0,1,I,MELB_URBAN,ROAD,9,18.0
68794,1,4,99,5,1,100.0,0,N,RURAL_VICTORIA,ROAD,9,14.0
68795,6,4,184,4,1,70.0,0,N,MELB_URBAN,ROAD,9,16.0
68796,1,4,147,5,3,60.0,0,N,MELB_URBAN,ROAD,9,19.0
68797,1,4,130,5,1,100.0,0,N,MELB_URBAN,FREEWAY,9,17.0
68798,8,3,99,1,1,80.0,0,I,MELB_URBAN,RAMP,9,15.0
68799,1,4,132,2,1,60.0,0,I,MELB_URBAN,ROAD,9,17.0
68800,2,4,99,2,3,60.0,0,I,MELB_URBAN,ROAD,9,23.0
68801,1,4,130,2,3,70.0,0,I,MELB_URBAN,STREET,9,22.0
68802,1,3,120,5,1,60.0,0,I,MELB_URBAN,STREET,9,16.0
68803,1,4,132,2,1,60.0,0,I,MELB_URBAN,STREET,9,10.0
68804,1,4,134,5,1,40.0,0,N,MELB_URBAN,UNKNOWN,9,14.0
68805,1,4,121,1,1,60.0,0,I,MELB_URBAN,ROAD,9,17.0
68806,1,2,111,4,1,80.0,0,I,MELB_URBAN,ROAD,8,14.0
68807,1,5,113,2,1,60.0,0,I,MELB_URBAN,ROAD,9,7.0
68808,1,3,147,5,3,70.0,0,N,MELB_URBAN,ROAD,8,19.0
68809,1,6,130,2,3,40.0,0,I,MELB_URBAN,STREET,9,19.0
68810,2,5,100,5,1,60.0,0,N,MELB_URBAN,AVENUE,9,7.0
68811,1,2,113,2,1,60.0,0,I,MELB_URBAN,ROAD,5,15.0
68812,1,5,147,5,1,70.0,0,N,MELB_URBAN,ROAD,9,8.0
68813,1,2,163,5,2,50.0,0,N,MELB_URBAN,STREET,9,17.0
68814,1,5,113,2,1,60.0,0,I,MELB_URBAN,ROAD,9,11.0
68815,4,3,171,5,5,100.0,0,N,RURAL_VICTORIA,HIGHWAY,9,22.0
68816,1,5,113,2,1,50.0,0,I,MELB_URBAN,AVENUE,9,8.0
68817,4,5,171,5,1,60.0,0,N,MELB_URBAN,ROAD,9,9.0
68818,1,4,121,2,1,80.0,0,I,MELB_URBAN,ROAD,9,17.0
68819,1,5,113,2,1,50.0,0,I,MELB_URBAN,ROAD,9,10.0
68820,1,3,111,2,1,50.0,0,I,RURAL_VICTORIA,DRIVE,9,14.0
68821,4,4,173,2,2,70.0,0,I,LARGE_PROVINCIAL_CITIES,ROAD,12,19.0
68822,1,5,130,2,1,70.0,0,I,MELB_URBAN,ROAD,9,9.0
68823,1,5,113,4,1,80.0,0,I,MELB_URBAN,RAMP,8,15.0
68824,1,5,130,1,1,60.0,0,I,TOWNS,STREET,9,14.0
68825,1,4,121,4,1,60.0,0,I,MELB_URBAN,OTHER,9,16.0
68826,1,4,130,5,1,80.0,0,N,MELB_URBAN,ROAD,9,9.0
68827,4,5,181,5,1,100.0,0,N,RURAL_VICTORIA,HIGHWAY,9,14.0
68828,2,5,100,5,1,70.0,0,N,MELB_URBAN,ROAD,9,11.0
68829,4,5,171,5,1,60.0,0,N,MELB_URBAN,ROAD,9,12.0
68830,2,5,99,5,1,60.0,0,N,MELB_URBAN,ROAD,9,15.0
68831,1,6,132,5,1,40.0,0,N,MELB_URBAN,ROAD,4,7.0
68832,1,5,130,2,1,80.0,0,I,MELB_URBAN,HIGHWAY,9,10.0
68833,4,5,171,2,1,100.0,0,I,RURAL_VICTORIA,HIGHWAY,9,8.0
68834,1,5,99,5,1,60.0,0,N,TOWNS,STREET,9,11.0
68835,1,5,121,5,1,60.0,0,N,TOWNS,STREET,9,11.0
68836,1,3,116,2,1,60.0,0,I,MELB_URBAN,ROAD,9,8.0
68837,1,4,140,5,1,60.0,0,N,MELB_URBAN,ROAD,9,15.0
68838,4,5,171,5,1,80.0,0,N,RURAL_VICTORIA,ROAD,9,15.0
68839,1,5,121,5,1,60.0,0,N,MELB_URBAN,ROAD,9,15.0
68840,1,5,132,5,1,50.0,0,N,MELB_URBAN,STREET,9,15.0
68841,2,1,100,5,2,40.0,0,N,MELB_URBAN,ROAD,9,18.0
68842,1,4,111,2,1,50.0,0,I,MELB_URBAN,ROAD,9,17.0
68843,1,5,121,5,1,80.0,0,N,MELB_URBAN,ROAD,9,17.0
68844,1,5,99,1,3,60.0,0,I,MELB_URBAN,ROAD,9,18.0
68845,1,5,121,2,3,60.0,0,I,MELB_URBAN,ROAD,9,18.0
68846,1,5,130,5,1,100.0,0,N,MELB_URBAN,FREEWAY,9,7.0
68847,6,5,174,5,1,100.0,0,N,RURAL_VICTORIA,UNKNOWN,9,16.0
68848,1,4,121,1,3,60.0,0,I,MELB_URBAN,ROAD,9,18.0
68849,1,5,121,1,3,60.0,0,I,MELB_URBAN,ROAD,9,17.0
68850,1,5,111,4,1,80.0,0,I,MELB_URBAN,ROAD,9,15.0
68851,4,5,171,5,3,40.0,0,N,MELB_URBAN,STREET,9,18.0
68852,1,5,120,5,3,70.0,0,N,MELB_URBAN,ROAD,9,21.0
68853,1,7,130,5,1,70.0,0,N,RURAL_VICTORIA,ROAD,8,11.0
68854,1,5,99,5,3,60.0,0,N,MELB_URBAN,STREET,9,20.0
68855,1,7,110,1,1,80.0,0,I,MELB_URBAN,ROAD,7,9.0
68856,4,4,171,5,3,60.0,0,N,MELB_URBAN,ROAD,9,23.0
68857,1,2,121,2,2,60.0,0,I,MELB_URBAN,ROAD,8,6.0
68858,1,3,130,4,1,80.0,0,I,MELB_URBAN,ROAD,8,16.0
68859,1,6,130,5,1,100.0,0,N,MELB_URBAN,ROAD,9,6.0
68860,1,5,113,1,1,60.0,0,I,MELB_URBAN,ROAD,9,8.0
68861,1,5,120,2,3,60.0,0,I,MELB_URBAN,ROAD,9,19.0
68862,1,6,121,1,1,70.0,0,I,MELB_URBAN,DRIVE,9,8.0
68863,5,6,99,5,5,100.0,0,N,RURAL_VICTORIA,ROAD,9,6.0
68864,1,4,132,5,1,40.0,0,N,MELB_URBAN,STREET,4,13.0
68865,1,6,140,2,1,40.0,0,I,MELB_URBAN,AVENUE,9,8.0
68866,1,6,130,1,1,60.0,0,I,MELB_URBAN,STREET,9,8.0
68867,1,7,130,2,1,60.0,0,N,MELB_URBAN,ROAD,9,13.0
68868,1,2,99,2,1,60.0,0,I,MELB_URBAN,ROAD,9,8.0
68869,1,5,160,5,1,60.0,0,N,MELB_URBAN,UNKNOWN,8,16.0
68870,1,2,130,5,1,60.0,0,N,MELB_URBAN,ROAD,8,17.0
68871,1,6,113,2,1,80.0,0,I,MELB_URBAN,HIGHWAY,9,11.0
68872,1,7,111,2,1,80.0,0,I,MELB_URBAN,ROAD,9,14.0
68873,1,1,110,1,2,50.0,0,I,SMALL_CITIES,STREET,8,17.0
68874,9,6,99,5,2,60.0,0,N,RURAL_VICTORIA,OTHER,9,17.0
68875,2,6,100,1,1,40.0,0,I,MELBOURNE_CBD,STREET,9,11.0
68876,1,3,113,3,2,60.0,0,I,MELB_URBAN,ROAD,8,19.0
68877,1,3,130,5,1,80.0,0,N,MELB_URBAN,OTHER,8,16.0
68878,4,6,171,5,1,50.0,0,I,MELB_URBAN,STREET,9,11.0
68879,1,5,130,5,3,70.0,0,N,MELB_URBAN,STREET,7,18.0
68880,1,4,116,2,9,50.0,0,I,MELB_URBAN,ROAD,5,15.0
68881,1,6,110,1,1,60.0,0,I,SMALL_CITIES,STREET,9,12.0
68882,1,6,113,2,1,70.0,0,I,MELB_URBAN,ROAD,9,9.0
68883,1,6,99,1,1,60.0,0,I,MELB_URBAN,ROAD,9,12.0
68884,1,4,130,5,9,100.0,0,N,MELB_URBAN,ROAD,8,18.0
68885,1,5,121,1,1,80.0,0,I,MELB_URBAN,HIGHWAY,9,10.0
68886,6,6,99,5,1,100.0,0,N,RURAL_VICTORIA,OTHER,9,12.0
68887,1,3,130,5,2,40.0,0,N,RURAL_VICTORIA,ROAD,8,6.0
68888,8,4,174,5,1,80.0,0,N,RURAL_VICTORIA,AVENUE,7,16.0
68889,1,2,121,2,1,60.0,0,I,MELB_URBAN,ROAD,9,14.0
68890,1,6,130,5,1,70.0,0,N,MELB_URBAN,ROAD,9,9.0
68891,1,5,130,5,3,60.0,0,N,MELB_URBAN,FREEWAY,9,22.0
68892,4,6,183,5,1,60.0,1,N,SMALL_TOWNS,ROAD,9,10.0
68893,1,6,120,5,1,40.0,0,N,RURAL_VICTORIA,HIGHWAY,9,14.0
68894,1,6,121,4,1,60.0,0,N,MELB_URBAN,ROAD,9,14.0
68895,1,6,99,5,1,60.0,0,N,MELB_URBAN,ROAD,9,15.0
68896,1,6,130,5,1,60.0,0,N,MELB_URBAN,STREET,9,16.0
68897,6,6,174,1,3,80.0,0,N,MELB_URBAN,ROAD,9,18.0
68898,1,5,110,1,1,60.0,0,I,TOWNS,STREET,9,15.0
68899,1,6,130,5,1,100.0,0,N,MELB_URBAN,FREEWAY,9,17.0
68900,1,5,130,2,1,60.0,0,I,MELB_URBAN,DRIVE,9,17.0
68901,1,5,130,5,1,70.0,0,N,MELB_URBAN,ROAD,9,9.0
68902,1,6,132,5,1,100.0,0,N,RURAL_VICTORIA,ROAD,9,15.0
68903,4,6,171,5,3,80.0,0,N,MELB_URBAN,HIGHWAY,9,18.0
68904,1,6,110,1,3,60.0,0,I,MELB_URBAN,ROAD,9,19.0
68905,4,6,171,5,5,60.0,0,N,RURAL_VICTORIA,ROAD,9,18.0
68906,1,6,110,1,1,60.0,0,I,MELB_URBAN,STREET,9,16.0
68907,1,5,132,5,1,60.0,0,N,MELB_URBAN,STREET,5,15.0
68908,4,6,181,5,5,100.0,0,N,RURAL_VICTORIA,HIGHWAY,9,18.0
68909,4,2,181,5,1,100.0,0,N,RURAL_VICTORIA,ROAD,7,10.0
68910,1,6,121,1,1,60.0,0,I,MELB_URBAN,STREET,9,15.0
68911,3,6,167,5,5,100.0,0,N,RURAL_VICTORIA,ROAD,9,20.0
68912,2,6,100,1,3,60.0,0,I,MELB_URBAN,ROAD,9,22.0
68913,4,6,181,5,5,80.0,0,N,RURAL_VICTORIA,ROAD,9,20.0
68914,1,6,140,5,2,80.0,0,N,MELB_URBAN,STREET,9,17.0
68915,1,6,135,5,3,80.0,0,N,MELB_URBAN,UNKNOWN,9,22.0
68916,1,6,120,5,5,60.0,0,N,MELB_URBAN,DRIVE,9,19.0
68917,2,6,102,1,3,60.0,0,I,MELB_URBAN,STREET,9,3.0
68918,2,7,100,5,5,60.0,0,N,SMALL_CITIES,AVENUE,9,3.0
68919,4,7,171,5,3,50.0,0,N,MELB_URBAN,STREET,9,2.0
68920,1,6,160,5,3,60.0,0,N,MELB_URBAN,ROAD,9,3.0
68921,1,2,133,1,1,60.0,0,N,MELB_URBAN,ROAD,9,9.0
68922,1,6,133,1,3,80.0,0,N,MELB_URBAN,ROAD,9,19.0
68923,1,7,99,5,1,80.0,0,N,MELB_URBAN,ROAD,9,7.0
68924,4,1,171,1,3,80.0,0,I,MELB_URBAN,ROAD,7,22.0
68925,1,6,113,2,1,60.0,0,I,MELB_URBAN,STREET,9,14.0
68926,1,6,135,1,1,80.0,0,I,MELB_URBAN,STREET,9,18.0
68927,2,5,99,5,1,50.0,0,N,MELB_URBAN,OTHER,9,11.0
68928,1,7,120,5,1,60.0,0,N,RURAL_VICTORIA,ROAD,9,8.0
68929,1,7,135,2,3,60.0,0,I,MELB_URBAN,STREET,8,20.0
68930,1,7,130,5,1,60.0,0,N,MELB_URBAN,ROAD,9,10.0
68931,1,7,113,2,1,60.0,0,I,RURAL_VICTORIA,HIGHWAY,9,12.0
68932,6,7,174,5,1,100.0,0,N,RURAL_VICTORIA,ROAD,9,13.0
68933,2,7,99,5,1,40.0,0,N,MELB_URBAN,DRIVE,9,9.0
68934,8,2,174,2,1,50.0,0,I,SMALL_CITIES,OTHER,8,9.0
68935,1,2,121,2,1,70.0,0,I,MELB_URBAN,OTHER,8,9.0
68936,2,5,100,1,3,60.0,0,I,MELB_URBAN,STREET,9,18.0
68937,4,7,171,5,1,100.0,0,N,MELB_URBAN,FREEWAY,9,15.0
68938,1,5,121,1,3,60.0,0,I,MELB_URBAN,PARADE,9,19.0
68939,2,7,102,1,3,60.0,0,I,MELB_URBAN,ROAD,9,18.0
68940,1,7,121,2,3,60.0,0,I,MELB_URBAN,ROAD,9,20.0
68941,2,7,99,1,3,40.0,0,I,MELB_URBAN,ROAD,9,19.0
68942,1,7,121,2,3,60.0,0,I,MELB_URBAN,ROAD,9,20.0
68943,1,7,130,5,3,70.0,0,N,MELB_URBAN,OTHER,9,23.0
68944,1,7,130,5,3,100.0,0,N,MELB_URBAN,FREEWAY,9,23.0
68945,1,7,130,5,3,100.0,0,N,MELB_URBAN,ROAD,9,19.0
68946,1,1,160,5,3,60.0,0,N,SMALL_CITIES,STREET,9,0.0
68947,8,0,170,2,3,80.0,0,I,RURAL_VICTORIA,DRIVE,9,0.0
68948,4,1,171,5,5,100.0,0,N,RURAL_VICTORIA,ROAD,9,2.0
68949,1,6,99,1,1,60.0,0,I,MELB_URBAN,STREET,9,8.0
68950,8,1,174,5,1,100.0,0,N,RURAL_VICTORIA,HIGHWAY,9,10.0
68951,4,1,181,5,1,80.0,0,N,MELB_URBAN,RAMP,9,10.0
68952,1,1,171,5,1,60.0,0,N,MELB_URBAN,ROAD,9,12.0
68953,1,4,130,1,1,70.0,0,N,MELB_URBAN,ROAD,8,15.0
68954,1,1,121,2,1,80.0,0,I,MELB_URBAN,ROAD,9,10.0
68955,4,7,99,2,5,50.0,0,I,TOWNS,ROAD,9,1.0
68956,1,1,120,5,1,60.0,0,N,MELB_URBAN,ROAD,9,14.0
68957,6,1,184,5,1,100.0,0,N,RURAL_VICTORIA,ROAD,9,10.0
68958,1,4,111,2,2,60.0,0,I,MELB_URBAN,ROAD,4,17.0
68959,1,1,120,5,1,100.0,1,N,RURAL_VICTORIA,HIGHWAY,9,11.0
68960,4,7,171,5,1,100.0,0,N,RURAL_VICTORIA,ROAD,9,17.0
68961,1,1,99,5,1,60.0,0,N,MELBOURNE_CBD,STREET,9,15.0
68962,1,0,130,5,1,80.0,0,N,MELB_URBAN,HIGHWAY,9,15.0
68963,6,0,170,5,1,100.0,0,N,RURAL_VICTORIA,HIGHWAY,9,13.0
68964,1,6,130,5,1,40.0,0,N,MELB_URBAN,ROAD,9,15.0
68965,4,3,173,1,2,50.0,0,I,LARGE_PROVINCIAL_CITIES,STREET,8,5.0
68966,1,1,160,5,3,70.0,0,N,LARGE_PROVINCIAL_CITIES,ROAD,9,19.0
68967,4,0,173,5,1,60.0,0,N,MELB_URBAN,ROAD,9,17.0
68968,1,1,99,5,3,50.0,0,N,MELB_URBAN,STREET,9,18.0
68969,1,0,130,5,3,100.0,0,N,MELB_URBAN,FREEWAY,9,19.0
68970,1,7,99,5,1,50.0,0,N,MELB_URBAN,DRIVE,9,8.0
68971,1,1,121,2,1,60.0,0,I,MELB_URBAN,ROAD,8,16.0
68972,4,1,171,5,5,100.0,0,N,RURAL_VICTORIA,ROAD,9,23.0
68973,1,2,160,2,3,50.0,0,N,SMALL_CITIES,AVENUE,9,2.0
68974,1,2,160,5,3,50.0,0,N,MELB_URBAN,ROAD,9,0.0
68975,4,0,99,5,5,50.0,0,N,MELB_URBAN,STREET,9,22.0
68976,1,3,163,5,1,40.0,0,N,MELB_URBAN,STREET,8,16.0
68977,1,2,130,5,5,80.0,0,N,RURAL_VICTORIA,ROAD,9,5.0
68978,1,6,130,1,3,80.0,0,I,RURAL_VICTORIA,HIGHWAY,9,21.0
68979,1,3,130,5,1,60.0,0,N,MELB_URBAN,ROAD,9,9.0
68980,4,2,171,1,1,60.0,0,N,MELB_URBAN,RAMP,9,8.0
68981,4,6,181,5,1,100.0,0,N,RURAL_VICTORIA,HIGHWAY,9,11.0
68982,4,2,171,5,1,60.0,0,I,MELB_URBAN,ROAD,9,7.0
68983,4,2,171,1,1,50.0,0,I,SMALL_CITIES,STREET,9,10.0
68984,8,1,184,5,1,100.0,0,N,RURAL_VICTORIA,ROAD,9,10.0
68985,4,2,183,1,1,60.0,0,N,MELB_URBAN,ROAD,9,9.0
68986,6,2,99,5,5,100.0,0,N,RURAL_VICTORIA,HIGHWAY,9,5.0
68987,1,7,130,2,3,70.0,0,I,MELB_URBAN,ROAD,9,19.0
68988,4,2,171,4,1,60.0,0,I,MELB_URBAN,PARADE,9,6.0
68989,4,2,99,1,9,60.0,0,I,TOWNS,STREET,9,10.0
68990,1,1,110,1,1,60.0,0,I,RURAL_VICTORIA,ROAD,9,13.0
68991,1,2,121,2,1,60.0,0,I,MELB_URBAN,HIGHWAY,9,10.0
68992,1,2,121,2,1,60.0,0,I,MELB_URBAN,ROAD,9,10.0
68993,1,2,110,1,1,80.0,0,I,RURAL_VICTORIA,ROAD,9,13.0
68994,1,2,121,1,1,60.0,0,I,MELB_URBAN,ROAD,9,12.0
68995,2,2,100,5,1,60.0,0,N,MELB_URBAN,AVENUE,9,15.0
68996,8,7,174,1,1,60.0,0,I,RURAL_VICTORIA,ROAD,9,13.0
68997,2,1,99,5,1,40.0,0,N,MELB_URBAN,DRIVE,9,15.0
68998,8,7,184,5,6,80.0,0,N,TOWNS,ROAD,8,19.0
68999,1,3,99,5,1,50.0,0,N,SMALL_CITIES,STREET,9,16.0
69000,1,2,99,5,9,60.0,0,N,MELB_URBAN,ROAD,9,12.0
69001,1,1,134,5,2,80.0,0,N,MELB_URBAN,ROAD,9,17.0
69002,2,2,102,5,1,70.0,0,N,MELB_URBAN,ROAD,9,9.0
69003,8,4,174,5,9,60.0,0,N,MELB_URBAN,DRIVE,8,8.0
69004,1,5,110,1,3,60.0,0,I,MELB_URBAN,STREET,6,22.0
69005,1,2,130,1,3,80.0,0,I,MELB_URBAN,ROAD,9,18.0
69006,2,2,100,4,1,60.0,0,I,MELB_URBAN,STREET,9,14.0
69007,1,2,110,1,3,60.0,0,I,MELB_URBAN,ROAD,9,19.0
69008,1,2,120,5,1,80.0,0,N,RURAL_VICTORIA,ROAD,9,15.0
69009,4,2,171,5,1,100.0,0,N,RURAL_VICTORIA,ROAD,9,14.0
69010,4,2,171,5,3,100.0,0,N,RURAL_VICTORIA,FREEWAY,9,18.0
69011,1,2,121,1,3,60.0,0,I,MELB_URBAN,ROAD,9,19.0
69012,1,1,110,1,3,60.0,0,I,MELB_URBAN,ROAD,9,22.0
69013,1,2,113,2,1,70.0,0,N,MELB_URBAN,ROAD,9,14.0
69014,1,2,110,1,3,60.0,0,I,MELB_URBAN,STREET,9,23.0
69015,1,6,135,5,1,60.0,0,N,MELB_URBAN,HIGHWAY,9,7.0
69016,1,2,121,1,3,80.0,0,N,MELB_URBAN,ROAD,9,0.0
69017,1,3,110,1,3,80.0,0,I,MELB_URBAN,HIGHWAY,8,22.0
69018,8,0,99,5,1,80.0,0,N,RURAL_VICTORIA,ROAD,7,15.0
69019,1,3,121,5,1,80.0,0,N,MELB_URBAN,ROAD,9,6.0
69020,4,4,171,5,1,100.0,0,N,MELB_URBAN,ROAD,9,16.0
69021,1,1,160,5,1,50.0,0,N,TOWNS,HIGHWAY,9,14.0
69022,1,3,99,1,1,50.0,0,I,TOWNS,STREET,9,8.0
69023,1,6,132,2,1,50.0,0,I,MELB_URBAN,STREET,9,9.0
69024,1,3,130,1,1,60.0,0,I,MELB_URBAN,ROAD,9,7.0
69025,1,5,130,5,1,70.0,0,N,MELB_URBAN,HIGHWAY,8,8.0
69026,1,7,99,5,1,40.0,0,N,MELB_URBAN,STREET,9,16.0
69027,1,3,130,5,1,80.0,0,N,MELB_URBAN,ROAD,9,7.0
69028,4,2,173,5,5,100.0,0,N,RURAL_VICTORIA,HIGHWAY,9,20.0
69029,4,3,99,4,3,50.0,0,I,MELB_URBAN,STREET,7,0.0
69030,4,5,171,5,1,80.0,0,N,MELB_URBAN,RAMP,9,8.0
69031,4,5,171,5,1,50.0,0,N,MELB_URBAN,STREET,7,10.0
69032,1,2,121,4,1,80.0,0,I,MELB_URBAN,RAMP,9,8.0
69033,8,1,99,5,1,50.0,0,N,MELB_URBAN,AVENUE,7,8.0
69034,8,1,99,5,1,100.0,0,N,RURAL_VICTORIA,ROAD,9,10.0
69035,1,3,110,1,1,50.0,0,I,LARGE_PROVINCIAL_CITIES,STREET,9,9.0
69036,1,2,130,2,1,80.0,0,I,TOWNS,HIGHWAY,9,11.0
69037,1,2,130,5,1,80.0,0,N,MELB_URBAN,ROAD,9,6.0
69038,1,2,110,1,1,60.0,0,I,MELB_URBAN,ROAD,9,12.0
69039,1,2,120,5,5,60.0,0,N,RURAL_VICTORIA,ROAD,9,21.0
69040,1,3,160,5,1,60.0,0,N,MELB_URBAN,ROAD,9,13.0
69041,1,2,160,5,1,70.0,0,N,MELB_URBAN,ROAD,9,13.0
69042,1,2,113,1,1,70.0,0,I,MELB_URBAN,STREET,9,9.0
69043,1,3,121,1,1,80.0,0,I,MELB_URBAN,OTHER,9,14.0
69044,2,2,99,5,1,60.0,0,N,MELB_URBAN,ROAD,9,16.0
69045,1,2,133,5,3,100.0,0,N,MELB_URBAN,FREEWAY,9,22.0
69046,1,3,113,2,1,60.0,0,I,MELB_URBAN,ROAD,9,17.0
69047,6,1,99,5,1,60.0,0,N,RURAL_VICTORIA,ROAD,8,14.0
69048,1,1,132,2,1,100.0,0,N,TOWNS,ROAD,9,15.0
69049,1,3,99,4,3,80.0,0,I,MELB_URBAN,RAMP,9,18.0
69050,1,2,130,5,1,80.0,0,N,MELB_URBAN,ROAD,9,17.0
69051,4,3,181,5,1,50.0,0,N,MELB_URBAN,ROAD,9,17.0
69052,4,3,171,5,1,100.0,0,N,RURAL_VICTORIA,ROAD,9,17.0
69053,1,3,130,2,3,60.0,0,I,LARGE_PROVINCIAL_CITIES,ROAD,9,18.0
69054,4,7,99,5,3,60.0,0,N,TOWNS,ROAD,9,0.0
69055,2,3,99,2,1,60.0,0,N,MELB_URBAN,AVENUE,9,15.0
69056,3,3,167,5,5,100.0,0,N,RURAL_VICTORIA,ROAD,9,18.0
69057,1,3,121,1,3,80.0,0,I,MELB_URBAN,ROAD,9,19.0
69058,1,5,147,5,3,50.0,0,N,MELB_URBAN,ROAD,9,19.0
69059,1,3,110,1,3,60.0,0,I,LARGE_PROVINCIAL_CITIES,STREET,9,21.0
69060,3,1,167,5,2,100.0,0,N,RURAL_VICTORIA,ROAD,9,19.0
69061,1,6,110,1,3,50.0,0,I,SMALL_CITIES,STREET,9,21.0
69062,2,3,100,5,3,60.0,0,N,MELB_URBAN,ROAD,9,22.0
69063,4,4,181,5,5,80.0,0,N,MELB_URBAN,ROAD,9,5.0
69064,1,3,120,5,2,60.0,0,N,MELB_URBAN,STREET,9,6.0
69065,1,4,120,5,1,100.0,0,N,RURAL_VICTORIA,ROAD,9,8.0
69066,1,2,111,2,3,60.0,0,I,LARGE_PROVINCIAL_CITIES,STREET,9,18.0
69067,8,4,174,1,1,40.0,0,I,MELBOURNE_CBD,STREET,9,9.0
69068,1,4,130,5,1,60.0,0,N,SMALL_CITIES,HIGHWAY,9,8.0
69069,1,4,130,1,1,70.0,0,I,MELB_URBAN,HIGHWAY,9,9.0
69070,1,6,160,5,2,100.0,0,N,SMALL_CITIES,FREEWAY,9,16.0
69071,4,1,171,2,1,90.0,0,I,RURAL_VICTORIA,ROAD,9,14.0
69072,4,2,173,2,1,60.0,0,I,MELB_URBAN,OTHER,9,16.0
69073,1,4,113,2,1,80.0,0,I,MELB_URBAN,ROAD,9,11.0
69074,4,4,183,5,1,80.0,0,N,RURAL_VICTORIA,ROAD,9,11.0
69075,1,4,130,5,1,70.0,0,N,MELB_URBAN,ROAD,9,11.0
69076,4,1,171,5,1,60.0,0,N,TOWNS,ROAD,9,17.0
69077,1,5,130,5,1,100.0,0,N,MELB_URBAN,UNKNOWN,9,16.0
69078,1,2,121,2,1,60.0,0,I,MELB_URBAN,ROAD,9,10.0
69079,4,7,181,5,5,60.0,0,N,MELB_URBAN,ROAD,9,20.0
69080,1,5,130,5,1,50.0,0,N,MELB_URBAN,ROAD,9,8.0
69081,1,4,110,1,1,50.0,0,I,MELB_URBAN,STREET,9,13.0
69082,1,1,110,1,1,60.0,0,I,TOWNS,STREET,9,17.0
69083,7,4,99,5,1,50.0,0,N,SMALL_TOWNS,STREET,9,12.0
69084,4,4,183,5,1,80.0,0,N,RURAL_VICTORIA,ROAD,9,12.0
69085,1,3,121,1,1,70.0,0,I,RURAL_VICTORIA,ROAD,9,13.0
69086,6,4,99,5,2,80.0,0,N,RURAL_VICTORIA,ROAD,9,8.0
69087,1,4,130,2,1,60.0,0,N,MELB_URBAN,ROAD,9,14.0
69088,1,2,111,1,1,80.0,0,I,MELB_URBAN,ROAD,6,17.0
69089,1,4,121,2,1,60.0,0,I,MELB_URBAN,STREET,9,14.0
69090,1,7,130,1,2,60.0,0,I,MELB_URBAN,ROAD,9,17.0
69091,1,3,110,1,3,60.0,0,I,MELB_URBAN,PARADE,8,0.0
69092,1,4,110,1,1,50.0,0,I,TOWNS,STREET,9,16.0
69093,1,4,147,5,2,60.0,0,I,MELB_URBAN,ROAD,9,17.0
69094,4,4,173,5,1,50.0,0,N,TOWNS,STREET,9,16.0
69095,1,3,121,1,1,50.0,0,I,MELB_URBAN,ROAD,9,15.0
69096,1,4,121,5,2,60.0,0,N,MELB_URBAN,ROAD,9,18.0
69097,1,6,130,2,1,60.0,0,I,MELB_URBAN,ROAD,5,6.0
69098,1,4,132,5,3,50.0,0,N,MELB_URBAN,DRIVE,9,18.0
69099,4,3,181,5,1,100.0,0,N,RURAL_VICTORIA,HIGHWAY,9,15.0
69100,1,4,130,5,3,80.0,0,N,MELB_URBAN,RAMP,9,18.0
69101,1,4,99,5,1,60.0,1,N,MELB_URBAN,ROAD,9,15.0
69102,1,4,110,1,1,100.0,0,N,RURAL_VICTORIA,HIGHWAY,9,17.0
69103,2,4,100,1,3,40.0,0,N,MELB_URBAN,ROAD,9,20.0
69104,1,6,113,2,1,60.0,0,I,MELB_URBAN,ROAD,8,9.0
69105,2,6,100,5,1,50.0,0,N,TOWNS,STREET,9,16.0
69106,4,3,173,5,3,60.0,0,N,MELB_URBAN,STREET,9,5.0
69107,1,3,116,2,3,70.0,0,I,MELB_URBAN,ROAD,9,18.0
69108,1,4,160,5,2,60.0,0,N,MELB_URBAN,STREET,9,6.0
69109,1,5,110,1,3,60.0,0,I,MELB_URBAN,ROAD,9,1.0
69110,1,5,99,5,1,60.0,0,N,RURAL_VICTORIA,HIGHWAY,8,15.0
69111,1,3,130,5,1,80.0,0,N,MELB_URBAN,OTHER,9,9.0
69112,1,5,130,5,1,100.0,0,I,RURAL_VICTORIA,FREEWAY,9,6.0
69113,8,7,99,5,1,60.0,0,N,RURAL_VICTORIA,ROAD,8,11.0
69114,1,4,130,5,3,50.0,0,N,MELB_URBAN,STREET,9,19.0
69115,1,5,130,5,1,100.0,0,N,MELB_URBAN,FREEWAY,9,7.0
69116,1,5,130,5,1,70.0,0,N,MELB_URBAN,ROAD,9,10.0
69117,1,5,113,2,1,40.0,0,I,MELB_URBAN,STREET,9,7.0
69118,2,2,99,5,1,50.0,0,N,TOWNS,OTHER,8,10.0
69119,1,4,111,1,1,60.0,0,I,LARGE_PROVINCIAL_CITIES,STREET,9,7.0
69120,2,5,99,5,1,60.0,0,N,LARGE_PROVINCIAL_CITIES,STREET,9,10.0
69121,1,5,110,1,1,50.0,0,I,MELB_URBAN,HIGHWAY,9,11.0
69122,2,5,100,1,1,60.0,0,N,MELB_URBAN,STREET,9,8.0
69123,1,4,140,5,1,60.0,0,N,LARGE_PROVINCIAL_CITIES,ROAD,9,12.0
69124,1,5,130,1,1,80.0,0,N,RURAL_VICTORIA,ROAD,9,10.0