,accident_type,day_of_week,dca_code,road_geometry,light_condition,speed_zone,severity,node_type,deg_urban_name,road_type,month,hour
69125,1,6,110,4,1,80.0,0,N,MELB_URBAN,ROAD,8,11.0
69126,1,4,130,1,9,60.0,0,I,MELB_URBAN,ROAD,8,13.0
69127,6,5,174,5,2,60.0,0,N,MELB_URBAN,ROAD,9,6.0
69128,1,5,99,1,1,70.0,0,I,MELB_URBAN,ROAD,9,14.0
69129,1,5,116,1,1,60.0,0,I,MELB_URBAN,ROAD,9,14.0
69130,1,0,130,1,3,80.0,0,I,MELB_URBAN,OTHER,6,6.0
69131,1,5,130,5,1,40.0,0,N,MELB_URBAN,ROAD,9,14.0
69132,4,5,173,5,1,50.0,0,N,MELB_URBAN,ROAD,9,15.0
69133,4,5,173,5,1,80.0,0,N,RURAL_VICTORIA,STREET,9,15.0
69134,1,5,99,9,1,60.0,0,N,MELB_URBAN,ROAD,9,14.0
69135,1,5,130,2,1,60.0,0,N,MELB_URBAN,PARADE,9,9.0
69136,1,1,160,5,2,60.0,0,N,MELB_URBAN,STREET,9,19.0
69137,4,5,173,5,1,60.0,0,N,RURAL_VICTORIA,ROAD,9,17.0
69138,2,5,100,2,3,60.0,0,N,MELB_URBAN,ROAD,9,18.0
69139,2,5,102,5,3,50.0,0,N,MELB_URBAN,ROAD,9,20.0
69140,1,5,130,1,3,60.0,0,I,SMALL_CITIES,STREET,9,20.0
69141,1,4,121,2,3,60.0,0,I,MELB_URBAN,ROAD,9,20.0
69142,1,5,116,2,3,60.0,0,I,MELB_URBAN,OTHER,9,19.0
69143,1,5,140,5,1,50.0,0,N,TOWNS,STREET,9,17.0
69144,1,5,99,6,3,50.0,0,I,MELB_URBAN,OTHER,9,22.0
69145,1,6,130,5,1,60.0,0,N,MELB_URBAN,ROAD,9,6.0
69146,1,4,121,5,1,50.0,0,N,MELB_URBAN,STREET,4,14.0
69147,1,4,121,1,1,60.0,0,I,MELB_URBAN,ROAD,7,9.0
69148,1,4,130,1,1,60.0,0,I,MELB_URBAN,ROAD,9,10.0
69149,1,4,110,1,1,60.0,0,I,MELB_URBAN,STREET,9,13.0
69150,4,5,171,5,1,60.0,0,N,MELB_URBAN,ROAD,9,9.0
69151,1,2,130,1,9,60.0,0,I,MELB_URBAN,STREET,9,16.0
69152,1,6,110,1,3,50.0,0,I,MELB_URBAN,STREET,9,1.0
69153,1,6,130,1,1,50.0,0,I,MELB_URBAN,ROAD,9,10.0
69154,4,5,171,5,5,100.0,0,N,RURAL_VICTORIA,ROAD,9,0.0
69155,1,1,130,4,9,60.0,0,N,MELB_URBAN,UNKNOWN,6,17.0
69156,4,6,181,5,1,60.0,0,N,RURAL_VICTORIA,ROAD,9,10.0
69157,1,6,140,2,1,100.0,0,I,RURAL_VICTORIA,HIGHWAY,9,13.0
69158,1,6,163,5,3,40.0,0,N,MELB_URBAN,ROAD,8,18.0
69159,1,6,120,5,1,100.0,0,N,RURAL_VICTORIA,HIGHWAY,9,8.0
69160,1,3,130,4,1,70.0,0,I,LARGE_PROVINCIAL_CITIES,HIGHWAY,8,17.0
69161,4,7,99,5,1,100.0,0,N,RURAL_VICTORIA,HIGHWAY,9,14.0
69162,4,6,183,5,1,80.0,0,N,RURAL_VICTORIA,ROAD,9,8.0
69163,8,5,174,2,3,60.0,0,N,MELB_URBAN,STREET,9,19.0
69164,8,5,174,2,1,40.0,0,I,MELB_URBAN,STREET,9,15.0
69165,1,6,121,1,1,60.0,0,I,MELB_URBAN,STREET,8,13.0
69166,4,1,183,5,5,100.0,0,N,RURAL_VICTORIA,ROAD,9,5.0
69167,1,5,132,2,2,60.0,0,I,MELB_URBAN,DRIVE,9,17.0
69168,1,6,130,1,1,80.0,0,I,MELB_URBAN,ROAD,9,16.0
69169,5,5,171,5,6,80.0,0,N,MELB_URBAN,HIGHWAY,9,21.0
69170,1,6,99,2,2,60.0,0,I,MELB_URBAN,AVENUE,9,17.0
69171,2,6,102,5,3,80.0,0,N,MELB_URBAN,ROAD,9,21.0
69172,3,5,167,5,5,60.0,0,N,RURAL_VICTORIA,ROAD,9,18.0
69173,8,6,174,1,3,70.0,0,N,MELB_URBAN,ROAD,9,21.0
69174,1,6,120,5,3,50.0,1,N,MELB_URBAN,ROAD,9,23.0
69175,4,6,181,5,3,50.0,0,N,MELB_URBAN,BOULEVARD,9,22.0
69176,1,6,99,2,1,60.0,0,I,MELB_URBAN,ROAD,9,8.0
69177,4,6,171,5,1,100.0,0,N,MELB_URBAN,HIGHWAY,9,8.0
69178,1,2,135,5,1,80.0,0,N,MELB_URBAN,FREEWAY,9,8.0
69179,1,1,113,2,1,60.0,0,I,MELB_URBAN,STREET,4,13.0
69180,1,7,133,9,1,50.0,0,N,MELB_URBAN,STREET,9,8.0
69181,1,7,110,1,2,50.0,0,I,MELB_URBAN,STREET,9,7.0
69182,1,7,110,1,1,80.0,0,I,MELB_URBAN,HIGHWAY,9,8.0
69183,1,4,132,5,9,50.0,0,N,MELB_URBAN,ROAD,7,18.0
69184,6,7,174,2,1,60.0,0,I,MELB_URBAN,ROAD,9,11.0
69185,1,7,130,5,1,80.0,0,N,SMALL_CITIES,HIGHWAY,9,10.0
69186,7,6,99,5,1,60.0,0,N,TOWNS,OTHER,9,9.0
69187,1,7,130,1,1,60.0,0,I,MELB_URBAN,ROAD,9,14.0
69188,4,7,171,5,1,50.0,0,N,SMALL_TOWNS,ROAD,9,12.0
69189,1,7,130,5,1,80.0,0,N,MELB_URBAN,HIGHWAY,7,12.0
69190,1,7,160,5,1,50.0,0,N,SMALL_CITIES,DRIVE,9,12.0
69191,4,7,171,5,1,60.0,0,N,MELB_URBAN,STREET,9,9.0
69192,1,6,110,1,1,50.0,0,I,MELB_URBAN,STREET,9,14.0
69193,6,7,99,5,1,60.0,0,N,RURAL_VICTORIA,ROAD,9,14.0
69194,1,0,130,5,1,80.0,0,N,MELB_URBAN,ROAD,9,9.0
69195,6,7,99,5,1,75.0,0,N,RURAL_VICTORIA,ROAD,9,17.0
69196,1,7,99,1,1,70.0,0,I,MELB_URBAN,ROAD,9,18.0
69197,1,7,135,5,1,80.0,0,N,MELB_URBAN,ROAD,9,15.0
69198,6,7,170,2,1,60.0,0,N,RURAL_VICTORIA,ROAD,9,17.0
69199,1,7,130,1,2,60.0,0,N,MELB_URBAN,STREET,9,17.0
69200,1,6,130,5,2,60.0,0,N,MELB_URBAN,HIGHWAY,9,17.0
69201,1,7,113,2,1,70.0,0,I,MELB_URBAN,ROAD,9,14.0
69202,6,6,174,5,4,60.0,0,N,MELB_URBAN,ROAD,9,21.0
69203,1,6,130,5,1,80.0,0,N,MELB_URBAN,FREEWAY,9,9.0
69204,4,7,181,5,1,100.0,0,N,RURAL_VICTORIA,HIGHWAY,9,16.0
69205,5,7,173,5,3,60.0,0,N,MELB_URBAN,ROAD,9,21.0
69206,2,7,102,1,1,50.0,0,I,MELB_URBAN,PARADE,9,14.0
69207,1,7,132,5,1,60.0,0,N,MELB_URBAN,ROAD,9,17.0
69208,1,7,135,5,2,60.0,0,N,MELB_URBAN,STREET,9,17.0
69209,4,7,173,5,5,100.0,0,N,RURAL_VICTORIA,ROAD,9,23.0
69210,6,1,99,1,5,100.0,0,I,RURAL_VICTORIA,HIGHWAY,9,1.0
69211,1,1,99,5,3,50.0,0,N,MELB_URBAN,ROAD,9,2.0
69212,1,1,113,4,3,40.0,0,I,MELB_URBAN,STREET,9,0.0
69213,1,6,133,1,1,40.0,0,I,MELB_URBAN,HIGHWAY,9,10.0
69214,1,1,120,5,1,100.0,0,N,RURAL_VICTORIA,HIGHWAY,9,10.0
69215,4,1,171,2,1,60.0,0,I,MELB_URBAN,ROAD,9,7.0
69216,2,1,100,1,1,60.0,0,I,MELB_URBAN,STREET,9,9.0
69217,4,1,181,5,1,100.0,0,N,RURAL_VICTORIA,ROAD,9,13.0
69218,6,1,99,5,5,100.0,0,N,RURAL_VICTORIA,ROAD,9,3.0
69219,1,1,120,5,3,60.0,0,N,MELB_URBAN,STREET,9,18.0
69220,1,1,120,5,1,50.0,0,N,LARGE_PROVINCIAL_CITIES,STREET,9,17.0
69221,1,1,130,4,3,60.0,0,I,MELB_URBAN,ROAD,9,20.0
69222,1,1,140,5,5,80.0,0,N,RURAL_VICTORIA,ROAD,9,19.0
69223,1,1,120,5,5,60.0,0,N,SMALL_CITIES,ROAD,9,19.0
69224,1,1,130,5,6,60.0,0,N,MELB_URBAN,ROAD,9,18.0
69225,1,0,160,5,3,60.0,0,N,MELB_URBAN,ROAD,9,19.0
69226,1,1,130,1,3,80.0,0,I,MELB_URBAN,HIGHWAY,9,23.0
69227,8,1,99,5,3,80.0,0,N,MELB_URBAN,HIGHWAY,9,23.0
69228,2,1,100,2,3,60.0,1,I,MELB_URBAN,ROAD,9,19.0
69229,2,1,99,1,3,60.0,0,I,MELB_URBAN,STREET,9,1.0
69230,6,2,174,5,3,80.0,0,N,MELB_URBAN,HIGHWAY,9,3.0
69231,1,1,121,1,1,80.0,0,I,MELB_URBAN,ROAD,9,5.0
69232,4,1,171,5,1,50.0,0,N,MELB_URBAN,AVENUE,9,10.0
69233,1,2,99,5,1,50.0,0,N,MELB_URBAN,PARADE,9,8.0
69234,1,2,140,5,1,50.0,0,N,MELB_URBAN,DRIVE,9,7.0
69235,8,1,184,5,1,60.0,0,N,RURAL_VICTORIA,ROAD,9,12.0
69236,1,2,121,5,1,60.0,0,I,MELB_URBAN,STREET,9,8.0
69237,4,2,183,5,1,60.0,0,N,MELB_URBAN,ROAD,9,8.0
69238,4,2,171,5,1,110.0,0,N,TOWNS,FREEWAY,9,8.0
69239,4,2,181,5,1,60.0,0,N,MELB_URBAN,ROAD,9,8.0
69240,1,2,99,1,1,80.0,0,N,MELB_URBAN,HIGHWAY,9,8.0
69241,1,4,130,1,1,60.0,0,I,MELB_URBAN,ROAD,7,17.0
69242,1,4,132,1,1,50.0,0,I,LARGE_PROVINCIAL_CITIES,STREET,8,11.0
69243,1,3,121,2,3,60.0,0,I,MELB_URBAN,STREET,9,20.0
69244,4,2,99,2,1,50.0,0,I,MELB_URBAN,OTHER,9,9.0
69245,1,1,121,1,3,60.0,0,I,MELB_URBAN,HIGHWAY,9,20.0
69246,1,2,130,5,1,60.0,0,N,MELB_URBAN,ROAD,9,9.0
69247,1,0,130,5,1,80.0,0,N,MELB_URBAN,ROAD,9,15.0
69248,2,5,100,5,1,70.0,0,N,MELB_URBAN,HIGHWAY,8,8.0
69249,1,2,140,5,1,80.0,0,N,RURAL_VICTORIA,ROAD,9,12.0
69250,1,2,130,2,1,40.0,0,I,MELB_URBAN,STREET,9,10.0
69251,1,2,147,5,1,60.0,0,N,SMALL_CITIES,ROAD,9,13.0
69252,4,2,173,5,1,100.0,0,N,RURAL_VICTORIA,HIGHWAY,9,7.0
69253,1,6,121,1,1,60.0,0,I,MELB_URBAN,STREET,4,14.0
69254,1,2,120,5,1,80.0,0,N,MELB_URBAN,ROAD,9,12.0
69255,1,2,130,1,1,60.0,0,I,RURAL_VICTORIA,BOULEVARD,9,15.0
69256,1,2,110,1,1,60.0,0,I,LARGE_PROVINCIAL_CITIES,ROAD,9,14.0
69257,1,5,99,1,1,40.0,0,I,MELBOURNE_CBD,STREET,9,11.0
69258,1,2,113,2,1,80.0,0,I,MELB_URBAN,ROAD,9,14.0
69259,1,2,160,2,1,60.0,0,I,MELB_URBAN,DRIVE,9,14.0
69260,1,2,121,2,9,60.0,0,I,MELB_URBAN,ROAD,9,12.0
69261,1,1,110,1,3,60.0,0,I,MELB_URBAN,ROAD,9,17.0
69262,1,2,120,5,1,60.0,0,N,MELB_URBAN,STREET,9,15.0
69263,1,2,113,2,5,100.0,0,I,RURAL_VICTORIA,ROAD,9,18.0
69264,4,2,171,5,1,60.0,0,N,MELB_URBAN,ROAD,9,17.0
69265,1,2,120,5,1,100.0,1,N,RURAL_VICTORIA,HIGHWAY,9,15.0
69266,2,2,100,1,1,60.0,0,I,MELB_URBAN,ROAD,9,17.0
69267,1,2,132,2,1,60.0,0,I,MELB_URBAN,ROAD,9,16.0
69268,2,2,102,2,3,60.0,0,I,MELB_URBAN,ROAD,9,22.0
69269,1,1,130,2,1,60.0,0,I,MELB_URBAN,STREET,9,17.0
69270,4,1,183,5,1,60.0,0,N,SMALL_TOWNS,ROAD,8,13.0
69271,1,2,110,1,3,70.0,0,I,LARGE_PROVINCIAL_CITIES,ROAD,9,20.0
69272,1,2,110,1,3,60.0,0,I,MELB_URBAN,BOULEVARD,9,22.0
69273,4,2,173,5,3,100.0,0,N,MELB_URBAN,ROAD,9,22.0
69274,1,5,130,5,1,80.0,0,N,MELB_URBAN,ROAD,9,9.0
69275,1,3,160,5,2,50.0,0,N,MELB_URBAN,OTHER,9,6.0
69276,7,1,99,5,1,80.0,0,N,RURAL_VICTORIA,HIGHWAY,9,14.0
69277,1,4,130,5,1,80.0,0,N,RURAL_VICTORIA,ROAD,9,10.0
69278,8,1,99,5,1,60.0,0,I,RURAL_VICTORIA,ROAD,9,10.0
69279,1,1,111,2,3,60.0,0,I,MELB_URBAN,ROAD,8,20.0
69280,4,0,183,5,5,60.0,0,N,SMALL_CITIES,STREET,9,20.0
69281,1,4,130,5,1,60.0,0,N,MELB_URBAN,ROAD,9,7.0
69282,1,3,121,2,1,70.0,0,I,MELB_URBAN,ROAD,9,8.0
69283,8,3,184,5,1,80.0,0,N,RURAL_VICTORIA,ROAD,9,10.0
69284,1,3,130,2,1,80.0,0,I,MELB_URBAN,ROAD,8,8.0
69285,1,3,121,4,1,80.0,0,N,MELB_URBAN,ROAD,9,10.0
69286,1,3,134,2,1,60.0,0,I,MELB_URBAN,ROAD,9,10.0
69287,1,3,160,5,1,60.0,0,N,MELB_URBAN,ROAD,9,6.0
69288,8,5,174,1,1,60.0,0,I,MELB_URBAN,STREET,9,7.0
69289,1,4,130,2,1,60.0,0,I,MELB_URBAN,ROAD,9,7.0
69290,1,3,121,2,1,60.0,0,I,MELB_URBAN,STREET,9,12.0
69291,1,3,130,5,1,80.0,0,N,MELB_URBAN,UNKNOWN,9,8.0
69292,1,3,160,5,6,50.0,0,N,MELB_URBAN,STREET,8,20.0
69293,2,3,100,5,1,40.0,0,I,MELB_URBAN,ROAD,9,13.0
69294,9,2,99,5,1,50.0,0,N,MELB_URBAN,DRIVE,7,12.0
69295,1,1,110,1,3,60.0,0,I,MELB_URBAN,ROAD,8,20.0
69296,1,3,99,1,1,80.0,0,I,MELB_URBAN,ROAD,9,10.0
69297,5,1,99,5,1,60.0,0,N,RURAL_VICTORIA,ROAD,9,9.0
69298,4,3,183,5,1,80.0,0,N,RURAL_VICTORIA,ROAD,9,14.0
69299,1,3,132,2,1,60.0,0,I,MELB_URBAN,ROAD,9,14.0
69300,1,5,130,2,1,80.0,0,N,MELB_URBAN,ROAD,5,7.0
69301,1,6,130,1,1,60.0,0,I,MELB_URBAN,ROAD,8,15.0
69302,1,3,132,5,1,80.0,0,N,SMALL_CITIES,ROAD,9,14.0
69303,2,3,100,1,1,50.0,0,I,MELB_URBAN,STREET,9,16.0
69304,1,3,130,5,1,60.0,0,I,MELB_URBAN,ROAD,9,16.0
69305,1,3,99,5,1,60.0,0,N,MELB_URBAN,ROAD,9,16.0
69306,1,3,99,5,1,50.0,0,N,MELB_URBAN,STREET,9,13.0
69307,1,4,130,5,1,80.0,0,N,MELB_URBAN,FREEWAY,8,9.0
69308,4,3,99,5,1,40.0,0,N,MELB_URBAN,STREET,6,9.0
69309,1,3,113,2,2,80.0,0,I,RURAL_VICTORIA,ROAD,9,18.0
69310,1,4,130,5,3,100.0,0,N,RURAL_VICTORIA,OTHER,9,4.0
69311,1,3,99,4,1,60.0,0,N,MELB_URBAN,ROAD,9,17.0
69312,1,3,121,2,1,60.0,0,I,MELB_URBAN,ROAD,9,15.0
69313,1,4,160,5,3,60.0,0,N,LARGE_PROVINCIAL_CITIES,STREET,8,0.0
69314,1,3,99,1,1,60.0,0,N,MELB_URBAN,ROAD,9,10.0
69315,4,7,171,5,1,100.0,0,N,SMALL_CITIES,FREEWAY,9,10.0
69316,1,3,130,1,3,70.0,0,I,MELB_URBAN,ROAD,9,20.0
69317,1,2,135,1,1,70.0,0,I,MELB_URBAN,ROAD,9,16.0
69318,1,3,130,4,1,60.0,0,I,MELB_URBAN,ROAD,9,15.0
69319,8,2,184,5,1,40.0,0,N,MELB_URBAN,ROAD,9,15.0
69320,1,3,121,1,1,70.0,0,I,MELB_URBAN,ROAD,9,12.0
69321,1,3,110,1,2,60.0,0,I,SMALL_TOWNS,HIGHWAY,9,7.0
69322,1,5,116,1,1,60.0,0,I,LARGE_PROVINCIAL_CITIES,ROAD,8,15.0
69323,1,3,113,2,1,60.0,0,I,MELB_URBAN,ROAD,9,13.0
69324,6,7,174,2,1,60.0,0,I,RURAL_VICTORIA,ROAD,6,12.0
69325,1,5,99,2,2,60.0,0,I,MELB_URBAN,ROAD,9,18.0
69326,1,4,134,5,1,80.0,0,N,MELB_URBAN,HIGHWAY,9,8.0
69327,1,3,130,1,1,80.0,0,I,MELB_URBAN,ROAD,9,9.0
69328,1,4,121,1,1,40.0,0,I,MELBOURNE_CBD,STREET,9,9.0
69329,6,3,174,5,1,80.0,0,N,RURAL_VICTORIA,OTHER,10,8.0
69330,3,0,167,5,5,100.0,0,N,RURAL_VICTORIA,ROAD,9,19.0
69331,1,3,110,1,1,40.0,0,I,MELB_URBAN,STREET,9,7.0
69332,4,4,173,5,1,100.0,0,N,RURAL_VICTORIA,ROAD,9,10.0
69333,1,3,130,5,1,60.0,0,N,MELB_URBAN,OTHER,9,11.0
69334,2,6,99,2,1,80.0,0,I,MELB_URBAN,HIGHWAY,8,10.0
69335,4,3,99,5,9,60.0,0,N,RURAL_VICTORIA,ROAD,9,20.0
69336,1,2,163,1,3,60.0,0,N,MELB_URBAN,STREET,9,22.0
69337,1,4,113,2,1,80.0,0,I,MELB_URBAN,ROAD,9,9.0
69338,4,2,171,5,1,100.0,0,N,MELB_URBAN,FREEWAY,9,10.0
69339,4,5,183,5,3,50.0,0,N,LARGE_PROVINCIAL_CITIES,ROAD,9,21.0
69340,8,5,174,5,2,60.0,0,N,RURAL_VICTORIA,ROAD,7,17.0
69341,1,4,99,2,1,50.0,0,I,MELB_URBAN,HIGHWAY,9,14.0
69342,1,4,121,2,1,80.0,0,N,MELB_URBAN,ROAD,9,14.0
69343,1,3,121,2,1,60.0,0,I,LARGE_PROVINCIAL_CITIES,ROAD,9,7.0
69344,1,1,121,1,1,50.0,0,I,MELB_URBAN,ROAD,5,15.0
69345,1,3,99,1,1,50.0,0,I,RURAL_VICTORIA,HIGHWAY,6,14.0
69346,4,2,173,2,9,60.0,0,I,MELB_URBAN,ROAD,8,16.0
69347,2,4,99,5,3,60.0,0,N,MELB_URBAN,STREET,9,18.0
69348,1,4,121,4,1,60.0,0,I,MELB_URBAN,ROAD,9,15.0
69349,2,4,99,5,3,70.0,0,N,MELB_URBAN,ROAD,9,18.0
69350,1,3,130,1,1,80.0,0,I,MELB_URBAN,ROAD,9,11.0
69351,1,4,110,4,1,60.0,0,I,MELB_URBAN,STREET,9,10.0
69352,1,4,121,2,3,60.0,0,I,MELB_URBAN,ROAD,9,18.0
69353,4,4,171,5,5,70.0,0,N,MELB_URBAN,ROAD,9,20.0
69354,1,2,160,5,1,60.0,0,N,SMALL_CITIES,AVENUE,9,15.0
69355,4,4,173,1,3,60.0,0,I,MELB_URBAN,ROAD,9,4.0
69356,1,4,111,2,2,80.0,0,N,MELB_URBAN,ROAD,9,5.0
69357,4,4,171,5,5,110.0,0,N,RURAL_VICTORIA,FREEWAY,9,2.0
69358,5,4,173,5,5,80.0,0,N,RURAL_VICTORIA,ROAD,9,23.0
69359,1,4,120,5,2,80.0,0,N,LARGE_PROVINCIAL_CITIES,STREET,9,5.0
69360,1,3,132,2,1,70.0,0,I,LARGE_PROVINCIAL_CITIES,HIGHWAY,8,10.0
69361,2,5,99,5,3,50.0,0,N,MELB_URBAN,ROAD,9,4.0
69362,4,3,173,2,3,60.0,0,I,MELB_URBAN,ROAD,7,22.0
69363,1,5,147,5,1,60.0,0,N,MELB_URBAN,ROAD,9,7.0
69364,1,1,120,5,5,100.0,0,N,RURAL_VICTORIA,OTHER,9,5.0
69365,4,1,173,5,1,100.0,0,N,RURAL_VICTORIA,HIGHWAY,8,9.0
69366,1,4,120,5,5,100.0,0,N,RURAL_VICTORIA,HIGHWAY,9,20.0
69367,1,6,130,5,1,60.0,0,N,LARGE_PROVINCIAL_CITIES,ROAD,9,14.0
69368,4,4,99,5,1,100.0,0,N,RURAL_VICTORIA,HIGHWAY,9,9.0
69369,1,4,111,2,1,60.0,0,I,MELB_URBAN,ROAD,4,12.0
69370,1,4,132,2,2,60.0,0,I,TOWNS,STREET,9,18.0
69371,1,2,111,2,9,80.0,0,I,MELB_URBAN,ROAD,9,14.0
69372,1,5,130,2,1,70.0,0,I,RURAL_VICTORIA,ROAD,9,8.0
69373,1,5,130,2,2,70.0,0,I,MELB_URBAN,ROAD,9,6.0
69374,1,2,163,5,1,40.0,0,N,MELB_URBAN,OTHER,9,14.0
69375,1,7,130,5,3,80.0,0,N,MELB_URBAN,HIGHWAY,7,18.0
69376,1,3,110,1,9,50.0,0,I,MELB_URBAN,ROAD,9,19.0
69377,1,6,111,2,3,60.0,0,I,MELB_URBAN,STREET,6,0.0
69378,1,5,110,1,1,50.0,0,I,LARGE_PROVINCIAL_CITIES,STREET,9,13.0
69379,4,4,171,5,5,40.0,0,N,TOWNS,STREET,9,21.0
69380,1,4,130,5,1,50.0,0,N,MELB_URBAN,ROAD,9,13.0
69381,1,7,99,5,1,60.0,0,N,MELB_URBAN,DRIVE,9,11.0
69382,1,5,111,1,1,50.0,0,I,MELB_URBAN,STREET,9,13.0
69383,1,5,99,1,1,60.0,0,I,MELB_URBAN,ROAD,9,14.0
69384,4,5,173,5,1,60.0,0,N,SMALL_CITIES,STREET,9,12.0
69385,4,5,173,1,1,100.0,0,N,RURAL_VICTORIA,ROAD,9,13.0
69386,5,6,183,5,1,60.0,0,N,MELB_URBAN,ROAD,8,13.0
69387,1,4,130,5,2,80.0,0,N,MELB_URBAN,RAMP,8,17.0
69388,1,5,130,2,1,50.0,0,I,LARGE_PROVINCIAL_CITIES,AVENUE,9,8.0
69389,1,1,130,5,1,60.0,0,N,MELB_URBAN,STREET,9,11.0
69390,1,4,120,5,6,60.0,0,N,RURAL_VICTORIA,ROAD,9,18.0
69391,1,4,130,5,1,60.0,0,N,MELB_URBAN,STREET,9,16.0
69392,1,6,99,1,1,60.0,0,I,LARGE_PROVINCIAL_CITIES,STREET,9,12.0
69393,1,5,130,5,1,100.0,0,N,RURAL_VICTORIA,HIGHWAY,9,17.0
69394,4,5,171,5,1,50.0,0,N,MELB_URBAN,ROAD,9,16.0
69395,8,7,174,2,1,60.0,0,I,LARGE_PROVINCIAL_CITIES,ROAD,8,11.0
69396,1,5,121,1,2,80.0,0,I,MELB_URBAN,ROAD,9,17.0
69397,1,5,121,2,1,80.0,0,I,MELB_URBAN,HIGHWAY,9,16.0
69398,1,5,160,5,3,60.0,0,N,SMALL_CITIES,STREET,9,18.0
69399,1,4,130,2,1,60.0,0,I,MELB_URBAN,ROAD,9,16.0
69400,4,4,171,5,2,80.0,0,N,RURAL_VICTORIA,ROAD,9,17.0
69401,8,7,174,5,1,60.0,0,N,TOWNS,HIGHWAY,9,15.0
69402,1,5,113,4,3,80.0,0,I,MELB_URBAN,ROAD,9,19.0
69403,4,5,171,5,5,100.0,0,N,SMALL_TOWNS,FREEWAY,9,20.0
69404,4,5,171,5,5,60.0,0,N,RURAL_VICTORIA,ROAD,9,22.0
69405,4,5,171,5,3,80.0,0,N,MELB_URBAN,RAMP,9,1.0
69406,1,6,110,1,1,60.0,0,I,LARGE_PROVINCIAL_CITIES,STREET,9,6.0
69407,6,2,170,9,1,50.0,0,N,MELB_URBAN,STREET,8,8.0
69408,1,2,135,5,1,60.0,0,N,MELB_URBAN,OTHER,9,7.0
69409,1,0,99,9,9,60.0,0,UNKNOWN,UNKNOWN,UNKNOWN,8,4.0
69410,1,2,130,5,1,80.0,0,N,MELB_URBAN,HIGHWAY,3,8.0
69411,2,6,100,2,1,40.0,0,N,MELB_URBAN,STREET,9,8.0
69412,1,5,132,2,3,60.0,0,I,LARGE_PROVINCIAL_CITIES,ROAD,9,19.0
69413,1,6,130,5,1,80.0,0,N,MELB_URBAN,HIGHWAY,9,11.0
69414,1,1,130,1,1,60.0,0,I,MELB_URBAN,STREET,9,12.0
69415,2,6,102,2,1,50.0,0,I,MELB_URBAN,STREET,9,12.0
69416,1,4,135,5,1,70.0,0,N,MELB_URBAN,ROAD,9,14.0
69417,1,6,110,1,1,90.0,0,I,RURAL_VICTORIA,HIGHWAY,9,12.0
69418,1,6,130,2,1,60.0,0,N,MELB_URBAN,ROAD,9,12.0
69419,1,5,130,5,1,60.0,0,N,RURAL_VICTORIA,ROAD,9,13.0
69420,2,6,102,5,1,40.0,0,N,TOWNS,UNKNOWN,9,12.0
69421,1,5,130,5,1,100.0,0,N,MELB_URBAN,FREEWAY,9,13.0
69422,1,6,110,1,1,40.0,0,I,SMALL_CITIES,STREET,9,11.0
69423,8,6,174,2,1,60.0,0,I,MELB_URBAN,ROAD,9,11.0
69424,1,6,116,1,1,60.0,0,I,TOWNS,STREET,9,14.0
69425,3,6,167,5,5,80.0,0,N,TOWNS,STREET,9,2.0
69426,1,6,163,5,1,50.0,0,N,MELB_URBAN,STREET,9,13.0
69427,1,6,121,1,1,60.0,0,I,MELB_URBAN,ROAD,9,7.0
69428,1,6,111,2,1,80.0,0,I,RURAL_VICTORIA,ROAD,9,14.0
69429,1,4,130,5,1,60.0,0,N,SMALL_CITIES,ROAD,9,16.0
69430,8,6,174,5,1,60.0,0,N,MELB_URBAN,ROAD,9,15.0
69431,2,6,99,5,1,50.0,0,N,MELB_URBAN,STREET,9,15.0
69432,2,6,100,5,2,60.0,0,N,MELB_URBAN,ROAD,9,17.0
69433,1,6,134,4,1,70.0,0,N,MELB_URBAN,ROAD,9,17.0
69434,1,6,120,5,1,100.0,0,N,RURAL_VICTORIA,ROAD,9,16.0
69435,1,6,133,5,1,70.0,0,N,MELB_URBAN,ROAD,9,17.0
69436,1,4,132,2,1,60.0,0,I,MELB_URBAN,ROAD,9,8.0
69437,8,3,174,1,1,60.0,0,I,MELB_URBAN,STREET,8,13.0
69438,4,5,183,5,5,100.0,0,N,RURAL_VICTORIA,ROAD,9,18.0
69439,1,5,160,5,3,50.0,0,N,MELB_URBAN,ROAD,9,22.0
69440,1,6,130,2,2,40.0,0,I,RURAL_VICTORIA,HIGHWAY,9,18.0
69441,2,6,102,5,3,60.0,0,N,MELB_URBAN,ROAD,9,20.0
69442,1,6,120,5,1,80.0,1,N,RURAL_VICTORIA,HIGHWAY,9,16.0
69443,8,6,174,5,1,60.0,0,N,SMALL_CITIES,ROAD,9,6.0
69444,1,6,120,5,3,50.0,0,N,MELB_URBAN,ROAD,9,18.0
69445,1,6,110,1,3,70.0,0,I,MELB_URBAN,ROAD,9,4.0
69446,1,6,113,1,3,60.0,0,I,MELB_URBAN,HIGHWAY,9,22.0
69447,4,6,181,5,5,100.0,0,N,RURAL_VICTORIA,ROAD,9,22.0
69448,4,6,183,5,5,100.0,0,N,RURAL_VICTORIA,OTHER,9,21.0
69449,4,6,173,5,5,100.0,1,N,RURAL_VICTORIA,OTHER,9,23.0
69450,1,6,110,1,3,40.0,0,I,MELBOURNE_CBD,STREET,9,0.0
69451,1,7,99,5,3,50.0,0,N,MELB_URBAN,STREET,9,1.0
69452,6,6,174,5,2,100.0,0,N,RURAL_VICTORIA,HIGHWAY,7,17.0
69453,1,6,130,5,1,80.0,0,N,MELB_URBAN,ROAD,9,16.0
69454,1,3,130,5,2,60.0,0,N,MELB_URBAN,ROAD,7,18.0
69455,1,7,113,2,1,80.0,0,I,RURAL_VICTORIA,ROAD,9,8.0
69456,1,6,130,1,1,60.0,0,I,MELB_URBAN,ROAD,9,18.0
69457,1,5,132,2,1,80.0,0,I,RURAL_VICTORIA,HIGHWAY,9,14.0