,accident_type,day_of_week,dca_code,road_geometry,light_condition,speed_zone,severity,node_type,deg_urban_name,road_type,month,hour
69458,1,6,130,2,1,60.0,0,I,MELB_URBAN,PARADE,9,12.0
69459,1,6,120,5,1,60.0,0,N,MELB_URBAN,ROAD,9,10.0
69460,2,7,102,2,1,60.0,0,I,MELB_URBAN,ROAD,9,9.0
69461,1,7,130,5,1,100.0,0,N,MELB_URBAN,FREEWAY,9,8.0
69462,4,7,183,5,1,100.0,0,N,RURAL_VICTORIA,ROAD,9,10.0
69463,6,7,170,9,1,100.0,0,N,MELB_URBAN,FREEWAY,9,8.0
69464,1,6,133,2,1,60.0,0,I,RURAL_VICTORIA,ROAD,9,16.0
69465,1,4,110,1,5,60.0,0,I,MELB_URBAN,HIGHWAY,9,19.0
69466,1,7,99,5,1,40.0,0,N,MELB_URBAN,ROAD,9,12.0
69467,1,4,121,2,1,40.0,0,I,MELB_URBAN,STREET,8,17.0
69468,1,7,99,2,1,70.0,0,I,MELB_URBAN,ROAD,9,13.0
69469,1,7,110,4,1,70.0,0,I,RURAL_VICTORIA,ROAD,9,14.0
69470,8,7,99,5,1,100.0,0,N,RURAL_VICTORIA,OTHER,9,12.0
69471,4,7,99,5,1,50.0,0,N,MELB_URBAN,STREET,9,10.0
69472,1,7,99,2,1,70.0,0,I,MELB_URBAN,ROAD,9,14.0
69473,6,6,174,5,1,70.0,0,N,MELB_URBAN,STREET,9,15.0
69474,1,6,132,5,6,60.0,0,N,MELB_URBAN,ROAD,9,20.0
69475,1,6,130,2,1,60.0,0,I,SMALL_CITIES,ROAD,9,16.0
69476,6,7,174,5,1,80.0,0,N,RURAL_VICTORIA,ROAD,9,12.0
69477,1,6,130,1,1,80.0,0,I,MELB_URBAN,HIGHWAY,9,17.0
69478,1,7,113,2,1,60.0,0,I,MELB_URBAN,ROAD,9,16.0
69479,4,7,183,5,2,100.0,0,N,MELB_URBAN,RAMP,9,18.0
69480,4,7,173,5,5,100.0,0,N,RURAL_VICTORIA,ROAD,9,18.0
69481,1,6,130,5,1,80.0,0,N,MELB_URBAN,ROAD,7,16.0
69482,4,6,181,2,5,100.0,0,I,RURAL_VICTORIA,ROAD,9,18.0
69483,1,7,121,1,3,50.0,0,I,LARGE_PROVINCIAL_CITIES,STREET,9,19.0
69484,1,4,130,5,2,110.0,0,N,RURAL_VICTORIA,FREEWAY,8,17.0
69485,4,1,173,5,4,60.0,0,N,RURAL_VICTORIA,ROAD,9,1.0
69486,1,7,120,5,3,60.0,0,N,MELB_URBAN,ROAD,9,22.0
69487,4,1,171,5,3,100.0,0,N,MELB_URBAN,ROAD,9,0.0
69488,1,7,110,1,1,80.0,0,I,TOWNS,ROAD,9,15.0
69489,4,0,173,5,1,100.0,0,N,RURAL_VICTORIA,ROAD,9,8.0
69490,1,1,110,1,1,60.0,0,I,SMALL_TOWNS,STREET,9,10.0
69491,1,1,113,2,1,60.0,0,I,SMALL_CITIES,ROAD,9,7.0
69492,1,7,121,1,2,60.0,0,I,LARGE_PROVINCIAL_CITIES,STREET,8,18.0
69493,1,4,121,1,3,60.0,0,I,LARGE_PROVINCIAL_CITIES,STREET,6,17.0
69494,1,0,121,1,1,80.0,0,I,MELB_URBAN,HIGHWAY,9,13.0
69495,4,0,173,5,1,100.0,0,N,RURAL_VICTORIA,ROAD,9,13.0
69496,1,1,110,1,1,50.0,0,I,MELB_URBAN,STREET,9,15.0
69497,1,0,110,1,1,60.0,0,I,LARGE_PROVINCIAL_CITIES,AVENUE,9,15.0
69498,1,1,132,1,1,60.0,0,I,SMALL_TOWNS,STREET,9,15.0
69499,1,1,99,5,1,100.0,1,N,RURAL_VICTORIA,ROAD,9,13.0
69500,5,0,99,5,1,60.0,0,N,RURAL_VICTORIA,ROAD,9,14.0
69501,1,5,130,1,1,50.0,0,I,LARGE_PROVINCIAL_CITIES,STREET,9,13.0
69502,1,1,113,2,2,80.0,0,I,MELB_URBAN,ROAD,9,18.0
69503,1,1,110,1,1,60.0,0,I,MELB_URBAN,STREET,9,17.0
69504,1,1,120,5,2,50.0,0,N,MELB_URBAN,ROAD,9,17.0
69505,9,6,99,5,1,100.0,0,N,RURAL_VICTORIA,ROAD,7,13.0
69506,1,0,120,5,3,80.0,0,N,MELB_URBAN,OTHER,9,19.0
69507,4,1,173,5,2,100.0,0,N,RURAL_VICTORIA,ROAD,9,18.0
69508,1,1,121,1,3,70.0,0,I,MELB_URBAN,ROAD,9,19.0
69509,1,7,111,1,3,60.0,0,I,MELB_URBAN,STREET,9,22.0
69510,1,1,99,2,1,60.0,0,I,MELB_URBAN,ROAD,9,15.0
69511,1,2,113,2,6,60.0,0,I,MELB_URBAN,ROAD,9,5.0
69512,1,2,120,2,3,60.0,0,I,MELB_URBAN,ROAD,9,1.0
69513,1,4,121,1,2,50.0,0,I,MELB_URBAN,STREET,9,17.0
69514,1,1,110,1,1,60.0,0,I,MELB_URBAN,ROAD,9,8.0
69515,2,2,100,1,1,60.0,0,N,MELB_URBAN,ROAD,9,8.0
69516,1,2,130,5,1,60.0,0,N,MELB_URBAN,STREET,9,9.0
69517,1,2,121,5,1,80.0,0,I,MELB_URBAN,ROAD,9,8.0
69518,4,0,173,5,3,100.0,0,N,MELB_URBAN,UNKNOWN,9,20.0
69519,1,1,110,1,1,60.0,0,I,LARGE_PROVINCIAL_CITIES,ROAD,9,9.0
69520,8,2,174,2,1,70.0,0,N,MELB_URBAN,OTHER,9,7.0
69521,1,3,133,1,1,70.0,0,N,MELB_URBAN,ROAD,11,15.0
69522,2,2,100,5,1,40.0,0,N,MELB_URBAN,STREET,9,12.0
69523,1,5,130,5,1,60.0,0,N,MELB_URBAN,HIGHWAY,9,8.0
69524,1,7,99,1,1,60.0,0,I,MELB_URBAN,ROAD,7,16.0
69525,1,7,116,2,6,50.0,0,I,MELB_URBAN,ROAD,9,21.0
69526,1,1,135,5,1,100.0,0,N,MELB_URBAN,UNKNOWN,9,11.0
69527,6,2,99,5,1,100.0,0,N,RURAL_VICTORIA,ROAD,9,8.0
69528,1,2,120,5,1,50.0,0,N,MELB_URBAN,BOULEVARD,9,13.0
69529,1,2,110,1,1,60.0,0,I,LARGE_PROVINCIAL_CITIES,STREET,9,9.0
69530,2,1,102,5,1,60.0,0,N,MELB_URBAN,DRIVE,9,7.0
69531,4,2,181,5,1,100.0,0,N,RURAL_VICTORIA,ROAD,9,13.0
69532,1,7,163,2,3,40.0,0,I,MELB_URBAN,STREET,9,20.0
69533,1,4,130,5,1,80.0,0,I,MELB_URBAN,FREEWAY,9,15.0
69534,8,7,174,2,1,60.0,0,I,RURAL_VICTORIA,ROAD,9,13.0
69535,5,5,99,1,6,40.0,0,I,MELB_URBAN,BOULEVARD,9,20.0
69536,1,4,160,5,1,60.0,0,N,MELB_URBAN,HIGHWAY,8,13.0
69537,2,2,102,2,1,60.0,1,I,MELB_URBAN,ROAD,9,9.0
69538,4,2,171,2,1,50.0,0,I,MELB_URBAN,AVENUE,9,14.0
69539,1,1,110,1,1,80.0,0,I,RURAL_VICTORIA,ROAD,9,9.0
69540,1,2,113,2,1,60.0,0,N,MELB_URBAN,ROAD,9,16.0
69541,1,2,130,5,1,70.0,0,N,MELB_URBAN,ROAD,9,15.0
69542,4,1,173,5,3,100.0,0,N,MELB_URBAN,RAMP,9,18.0
69543,1,5,99,4,1,80.0,0,I,MELB_URBAN,HIGHWAY,8,15.0
69544,1,1,110,1,1,50.0,0,I,TOWNS,STREET,9,17.0
69545,6,7,174,5,1,60.0,0,N,RURAL_VICTORIA,ROAD,9,11.0
69546,2,2,100,1,3,60.0,0,I,MELB_URBAN,ROAD,9,19.0
69547,1,2,110,1,1,50.0,0,I,MELB_URBAN,STREET,9,15.0
69548,2,2,100,5,3,80.0,0,N,MELB_URBAN,HIGHWAY,9,19.0
69549,8,2,99,5,1,100.0,0,N,MELB_URBAN,FREEWAY,9,15.0
69550,4,2,99,2,3,60.0,0,I,MELB_URBAN,ROAD,9,19.0
69551,1,2,113,2,3,80.0,0,I,MELB_URBAN,ROAD,9,18.0
69552,1,2,113,2,5,100.0,0,I,RURAL_VICTORIA,HIGHWAY,9,19.0
69553,1,2,130,1,1,70.0,0,I,MELB_URBAN,ROAD,9,17.0
69554,7,1,99,5,1,60.0,0,N,RURAL_VICTORIA,ROAD,9,11.0
69555,1,2,130,5,3,60.0,0,N,MELB_URBAN,ROAD,9,18.0
69556,4,1,171,5,1,100.0,0,N,MELB_URBAN,ROAD,9,16.0
69557,4,2,99,1,3,40.0,0,N,MELB_URBAN,STREET,9,20.0
69558,1,2,110,1,3,40.0,0,I,MELBOURNE_CBD,STREET,9,21.0
69559,1,2,130,5,1,80.0,0,N,SMALL_CITIES,HIGHWAY,8,9.0
69560,1,2,121,1,3,50.0,0,I,MELB_URBAN,BOULEVARD,9,22.0
69561,4,1,171,5,3,60.0,0,N,MELB_URBAN,ROAD,9,22.0
69562,4,2,99,6,3,50.0,0,N,MELB_URBAN,STREET,9,3.0
69563,1,1,99,5,3,60.0,0,N,LARGE_PROVINCIAL_CITIES,STREET,9,23.0
69564,4,2,171,5,3,60.0,1,N,MELB_URBAN,ROAD,9,23.0
69565,1,2,130,5,3,60.0,0,I,MELB_URBAN,FREEWAY,9,4.0
69566,1,5,130,5,1,60.0,0,N,LARGE_PROVINCIAL_CITIES,STREET,9,16.0
69567,2,1,99,1,3,70.0,0,N,MELB_URBAN,AVENUE,9,18.0
69568,1,3,130,1,2,50.0,0,I,MELB_URBAN,ROAD,9,6.0
69569,8,1,174,5,2,100.0,0,N,RURAL_VICTORIA,HIGHWAY,9,16.0
69570,7,4,99,5,1,60.0,0,N,SMALL_CITIES,AVENUE,6,10.0
69571,1,1,132,1,9,60.0,0,I,MELB_URBAN,ROAD,9,13.0
69572,2,2,102,2,3,60.0,0,I,MELB_URBAN,ROAD,9,20.0
69573,1,1,130,1,1,80.0,0,I,MELB_URBAN,ROAD,9,11.0
69574,1,3,130,1,1,60.0,0,I,MELB_URBAN,ROAD,9,10.0
69575,6,7,99,5,1,50.0,0,N,RURAL_VICTORIA,STREET,9,16.0
69576,1,4,130,1,1,60.0,0,I,MELB_URBAN,ROAD,6,12.0
69577,2,3,102,2,1,60.0,0,I,MELB_URBAN,ROAD,9,6.0
69578,1,2,160,5,1,50.0,0,N,MELB_URBAN,DRIVE,9,8.0
69579,1,3,130,1,1,80.0,0,I,MELB_URBAN,ROAD,9,13.0
69580,4,7,171,5,3,80.0,0,N,TOWNS,ROAD,9,23.0
69581,1,3,130,5,1,80.0,0,N,MELB_URBAN,HIGHWAY,9,12.0
69582,1,3,116,1,1,60.0,0,I,SMALL_CITIES,AVENUE,8,16.0
69583,1,3,173,5,1,70.0,0,N,LARGE_PROVINCIAL_CITIES,HIGHWAY,9,9.0
69584,1,3,133,5,1,100.0,0,N,RURAL_VICTORIA,HIGHWAY,9,12.0
69585,1,3,130,2,1,80.0,0,N,MELB_URBAN,HIGHWAY,9,12.0
69586,1,2,163,5,3,60.0,0,N,MELB_URBAN,ROAD,9,19.0
69587,8,4,174,5,1,60.0,0,N,MELB_URBAN,ROAD,9,11.0
69588,2,3,100,1,1,60.0,0,I,MELB_URBAN,ROAD,9,8.0
69589,8,6,174,5,1,60.0,0,N,MELB_URBAN,ROAD,9,17.0
69590,1,4,99,5,1,60.0,0,N,MELB_URBAN,ROAD,9,16.0
69591,2,3,99,5,1,60.0,1,N,MELB_URBAN,ROAD,9,7.0
69592,4,3,171,5,1,100.0,0,N,RURAL_VICTORIA,ROAD,9,14.0
69593,4,1,173,5,5,100.0,0,N,RURAL_VICTORIA,ROAD,8,20.0
69594,1,7,110,1,3,50.0,0,I,MELB_URBAN,ROAD,9,23.0
69595,1,3,99,5,1,80.0,0,N,MELB_URBAN,ROAD,9,14.0
69596,1,7,130,1,1,60.0,0,I,MELB_URBAN,STREET,9,16.0
69597,1,7,130,2,1,50.0,0,I,MELB_URBAN,STREET,9,10.0
69598,2,2,102,1,3,40.0,0,I,MELBOURNE_CBD,STREET,9,22.0
69599,8,3,174,5,1,60.0,0,N,RURAL_VICTORIA,ROAD,9,18.0
69600,1,3,110,1,1,60.0,0,I,TOWNS,ROAD,9,16.0
69601,4,3,171,5,1,80.0,0,N,RURAL_VICTORIA,ROAD,9,15.0
69602,1,2,130,5,5,80.0,0,N,RURAL_VICTORIA,ROAD,9,19.0
69603,4,3,183,5,5,100.0,0,N,RURAL_VICTORIA,ROAD,9,19.0
69604,1,3,121,1,3,60.0,0,I,MELB_URBAN,ROAD,9,20.0
69605,1,7,130,2,1,80.0,0,N,MELB_URBAN,ROAD,9,15.0
69606,1,4,135,5,1,60.0,0,N,MELB_URBAN,ROAD,8,6.0
69607,1,4,160,5,3,100.0,0,N,MELB_URBAN,FREEWAY,9,1.0
69608,8,3,170,5,5,100.0,0,N,RURAL_VICTORIA,ROAD,9,1.0
69609,1,4,113,1,3,70.0,0,I,MELB_URBAN,ROAD,9,0.0
69610,8,4,174,2,3,60.0,0,I,MELB_URBAN,ROAD,9,5.0
69611,1,4,99,1,1,100.0,0,I,RURAL_VICTORIA,ROAD,9,8.0
69612,8,4,174,5,1,50.0,0,N,MELB_URBAN,STREET,9,8.0
69613,1,4,99,2,1,80.0,0,I,MELB_URBAN,HIGHWAY,9,8.0
69614,4,3,173,5,1,50.0,0,N,MELB_URBAN,DRIVE,9,10.0
69615,1,3,130,1,1,80.0,0,I,MELB_URBAN,HIGHWAY,9,9.0
69616,2,4,99,5,5,110.0,1,N,RURAL_VICTORIA,FREEWAY,9,2.0
69617,1,4,130,5,1,100.0,0,N,MELB_URBAN,FREEWAY,9,7.0
69618,1,1,171,5,3,100.0,0,N,MELB_URBAN,ROAD,8,1.0
69619,1,4,113,2,1,70.0,0,I,MELB_URBAN,ROAD,9,10.0
69620,2,4,100,1,1,60.0,0,I,MELB_URBAN,STREET,9,7.0
69621,1,4,130,5,1,100.0,0,N,MELB_URBAN,FREEWAY,9,10.0
69622,4,4,171,5,1,100.0,0,N,RURAL_VICTORIA,FREEWAY,9,6.0
69623,1,4,132,2,9,70.0,0,I,MELB_URBAN,ROAD,9,8.0
69624,1,2,130,1,3,50.0,0,I,MELB_URBAN,ROAD,9,22.0
69625,1,4,121,1,1,80.0,0,I,MELB_URBAN,ROAD,9,11.0
69626,4,4,171,5,1,100.0,0,N,MELB_URBAN,FREEWAY,9,8.0
69627,2,4,100,5,1,50.0,0,N,MELB_URBAN,STREET,9,13.0
69628,1,2,120,5,1,70.0,0,N,MELB_URBAN,ROAD,9,14.0
69629,1,3,113,2,1,70.0,0,I,MELB_URBAN,ROAD,9,15.0
69630,1,4,121,4,1,60.0,0,N,MELB_URBAN,ROAD,9,12.0
69631,4,0,171,5,5,80.0,0,N,RURAL_VICTORIA,ROAD,3,6.0
69632,1,5,160,5,1,60.0,0,N,MELB_URBAN,ROAD,9,12.0
69633,5,1,99,5,1,110.0,0,N,RURAL_VICTORIA,FREEWAY,9,11.0
69634,1,4,99,5,1,40.0,0,N,MELB_URBAN,STREET,9,15.0
69635,1,4,121,2,1,40.0,0,I,MELBOURNE_CBD,STREET,9,15.0
69636,8,1,174,2,1,60.0,0,N,RURAL_VICTORIA,ROAD,8,15.0
69637,1,2,120,2,1,80.0,0,I,TOWNS,HIGHWAY,9,17.0
69638,1,4,130,5,1,80.0,0,N,MELB_URBAN,ROAD,9,14.0
69639,1,4,130,5,1,90.0,0,N,MELB_URBAN,ROAD,9,15.0
69640,8,3,99,1,6,60.0,0,I,MELB_URBAN,ROAD,9,20.0
69641,1,4,130,2,1,60.0,0,I,MELB_URBAN,STREET,9,16.0
69642,1,4,135,5,1,100.0,0,N,MELB_URBAN,FREEWAY,9,17.0
69643,1,4,113,2,1,70.0,0,I,MELB_URBAN,ROAD,9,17.0
69644,1,4,121,1,1,60.0,0,I,MELB_URBAN,ROAD,9,17.0
69645,4,4,171,5,1,100.0,0,N,RURAL_VICTORIA,ROAD,9,16.0
69646,1,4,99,5,3,50.0,0,N,MELB_URBAN,AVENUE,9,19.0
69647,4,4,181,5,1,80.0,0,N,RURAL_VICTORIA,ROAD,9,17.0
69648,1,4,130,5,9,60.0,0,N,MELB_URBAN,ROAD,9,17.0
69649,1,3,121,1,1,50.0,0,I,MELB_URBAN,BOULEVARD,9,13.0
69650,1,4,140,1,3,60.0,0,N,LARGE_PROVINCIAL_CITIES,STREET,9,21.0
69651,1,4,113,2,3,50.0,0,I,MELB_URBAN,ROAD,9,20.0
69652,4,4,171,2,3,60.0,0,N,MELB_URBAN,ROAD,9,21.0
69653,1,4,121,1,3,80.0,0,I,MELB_URBAN,ROAD,9,20.0
69654,1,3,120,5,3,60.0,0,N,MELB_URBAN,STREET,9,22.0
69655,1,4,121,1,3,40.0,0,I,MELB_URBAN,ROAD,9,19.0
69656,3,4,167,5,1,80.0,0,I,MELB_URBAN,DRIVE,9,16.0
69657,4,4,173,5,3,50.0,0,N,MELB_URBAN,STREET,9,23.0
69658,1,4,121,5,2,60.0,0,N,MELB_URBAN,STREET,9,5.0
69659,1,6,133,9,1,100.0,0,N,MELB_URBAN,FREEWAY,9,16.0
69660,4,3,173,1,5,60.0,0,I,MELB_URBAN,ROAD,9,23.0
69661,4,5,173,5,2,110.0,0,N,RURAL_VICTORIA,FREEWAY,9,5.0
69662,2,4,100,1,1,50.0,0,I,TOWNS,STREET,9,13.0
69663,4,4,171,2,3,50.0,0,N,SMALL_CITIES,STREET,9,21.0
69664,8,5,174,5,2,50.0,0,N,SMALL_CITIES,AVENUE,9,18.0
69665,4,4,171,5,1,60.0,0,N,SMALL_CITIES,STREET,9,17.0
69666,5,3,99,5,1,60.0,0,N,RURAL_VICTORIA,OTHER,8,16.0
69667,1,3,140,5,9,60.0,0,I,LARGE_PROVINCIAL_CITIES,STREET,9,16.0
69668,1,7,130,5,1,80.0,0,N,RURAL_VICTORIA,ROAD,6,10.0
69669,6,7,174,3,1,100.0,0,I,RURAL_VICTORIA,ROAD,9,13.0
69670,2,5,100,1,1,40.0,0,I,MELB_URBAN,ROAD,9,10.0
69671,1,4,120,5,1,60.0,0,N,MELB_URBAN,ROAD,9,7.0
69672,1,4,130,1,1,60.0,0,I,MELB_URBAN,ROAD,9,8.0
69673,1,2,121,1,1,60.0,0,I,MELB_URBAN,STREET,9,10.0
69674,1,4,121,2,1,70.0,0,I,MELB_URBAN,ROAD,9,12.0
69675,1,4,130,4,1,60.0,0,I,MELB_URBAN,ROAD,9,13.0
69676,1,3,130,5,3,60.0,0,N,SMALL_CITIES,ROAD,9,20.0
69677,6,5,99,5,1,100.0,0,N,RURAL_VICTORIA,HIGHWAY,9,11.0
69678,1,5,160,5,1,60.0,0,N,MELB_URBAN,ROAD,9,13.0
69679,8,1,174,5,1,100.0,0,N,RURAL_VICTORIA,OTHER,9,14.0
69680,1,1,130,4,3,60.0,0,I,SMALL_CITIES,RAMP,9,21.0
69681,1,4,121,1,1,60.0,0,I,MELB_URBAN,STREET,9,16.0
69682,1,5,130,5,1,100.0,0,N,MELB_URBAN,UNKNOWN,9,16.0
69683,8,5,174,5,1,60.0,0,N,MELB_URBAN,ROAD,9,16.0
69684,4,5,173,5,1,100.0,0,N,RURAL_VICTORIA,ROAD,9,16.0
69685,5,7,99,5,1,80.0,0,N,RURAL_VICTORIA,ROAD,9,14.0
69686,1,5,130,2,3,70.0,0,I,MELB_URBAN,HIGHWAY,9,20.0
69687,1,5,121,5,2,50.0,0,N,MELB_URBAN,BOULEVARD,9,18.0
69688,1,5,120,5,3,50.0,0,N,MELB_URBAN,STREET,9,21.0
69689,1,5,121,1,1,80.0,0,I,MELB_URBAN,ROAD,9,16.0
69690,1,5,132,2,1,100.0,0,I,RURAL_VICTORIA,ROAD,9,17.0
69691,4,6,99,5,3,60.0,0,N,MELB_URBAN,AVENUE,9,0.0
69692,1,4,110,1,3,60.0,0,I,LARGE_PROVINCIAL_CITIES,STREET,9,23.0
69693,5,5,99,5,5,80.0,0,N,RURAL_VICTORIA,ROAD,9,3.0
69694,1,6,120,5,3,60.0,0,N,MELB_URBAN,DRIVE,9,2.0
69695,1,5,163,5,9,40.0,0,N,MELBOURNE_CBD,STREET,9,20.0
69696,1,1,147,5,1,60.0,0,N,SMALL_CITIES,ROAD,9,13.0
69697,1,6,173,5,3,50.0,0,N,SMALL_CITIES,STREET,9,4.0
69698,1,5,130,2,1,60.0,0,N,MELB_URBAN,ROAD,9,15.0
69699,4,6,181,5,5,80.0,0,N,RURAL_VICTORIA,ROAD,9,4.0
69700,1,3,121,5,1,50.0,0,N,MELBOURNE_CBD,STREET,9,8.0
69701,1,6,99,5,1,60.0,0,N,SMALL_TOWNS,STREET,9,6.0
69702,1,6,163,5,1,40.0,0,N,MELB_URBAN,ROAD,9,11.0
69703,1,6,130,1,1,60.0,0,I,LARGE_PROVINCIAL_CITIES,ROAD,9,9.0
69704,1,6,130,5,1,80.0,0,N,RURAL_VICTORIA,ROAD,9,12.0
69705,1,2,130,5,3,100.0,0,N,MELB_URBAN,FREEWAY,9,23.0
69706,1,6,147,1,3,60.0,0,I,MELB_URBAN,ROAD,7,17.0
69707,4,5,99,2,1,80.0,0,I,RURAL_VICTORIA,HIGHWAY,9,13.0
69708,8,6,99,2,1,80.0,0,I,RURAL_VICTORIA,ROAD,9,13.0
69709,1,6,99,5,1,50.0,0,N,LARGE_PROVINCIAL_CITIES,AVENUE,9,11.0
69710,4,6,173,1,1,60.0,0,I,MELB_URBAN,ROAD,9,15.0
69711,1,1,121,4,1,60.0,0,I,MELB_URBAN,ROAD,9,14.0
69712,1,6,163,5,1,40.0,0,N,MELB_URBAN,STREET,9,17.0
69713,1,6,132,2,1,60.0,0,I,MELB_URBAN,ROAD,9,17.0
69714,1,5,99,2,9,50.0,0,I,MELB_URBAN,STREET,9,12.0
69715,4,7,171,5,5,110.0,0,N,RURAL_VICTORIA,FREEWAY,12,20.0
69716,1,6,116,1,1,60.0,0,I,LARGE_PROVINCIAL_CITIES,STREET,9,17.0
69717,2,6,100,2,3,50.0,0,I,MELB_URBAN,STREET,9,19.0
69718,4,6,181,5,1,100.0,0,N,RURAL_VICTORIA,OTHER,9,14.0
69719,1,3,130,5,1,100.0,0,I,MELB_URBAN,FREEWAY,9,15.0
69720,1,6,130,1,1,80.0,0,I,SMALL_CITIES,HIGHWAY,9,18.0
69721,1,6,99,5,2,60.0,0,N,SMALL_CITIES,AVENUE,9,18.0
69722,8,6,174,5,3,40.0,0,N,MELB_URBAN,STREET,9,23.0
69723,4,6,173,1,3,50.0,0,I,LARGE_PROVINCIAL_CITIES,STREET,9,23.0
69724,1,1,130,5,2,100.0,0,N,RURAL_VICTORIA,ROAD,8,7.0
69725,1,6,99,5,3,40.0,0,N,MELB_URBAN,STREET,9,19.0
69726,6,4,99,5,5,100.0,0,N,RURAL_VICTORIA,ROAD,9,18.0
69727,1,6,130,5,1,80.0,0,N,LARGE_PROVINCIAL_CITIES,STREET,9,12.0
69728,1,7,113,2,1,60.0,0,N,SMALL_CITIES,ROAD,10,10.0
69729,1,3,135,5,1,60.0,0,N,LARGE_PROVINCIAL_CITIES,AVENUE,8,11.0
69730,1,6,113,4,1,50.0,0,I,MELB_URBAN,ROAD,10,11.0
69731,4,7,181,5,1,60.0,0,N,LARGE_PROVINCIAL_CITIES,AVENUE,10,13.0
69732,1,6,113,2,1,60.0,0,I,MELB_URBAN,ROAD,10,13.0
69733,4,6,171,5,1,60.0,0,N,MELB_URBAN,ROAD,9,16.0
69734,4,7,181,5,1,80.0,0,N,RURAL_VICTORIA,ROAD,10,14.0
69735,4,7,183,2,3,50.0,0,I,MELB_URBAN,ROAD,10,18.0
69736,2,7,102,1,3,60.0,0,I,LARGE_PROVINCIAL_CITIES,STREET,10,20.0
69737,4,7,171,5,3,80.0,0,N,RURAL_VICTORIA,ROAD,10,19.0
69738,1,7,140,5,5,100.0,0,N,RURAL_VICTORIA,ROAD,10,19.0
69739,1,7,99,5,5,80.0,0,N,TOWNS,ROAD,10,18.0
69740,8,7,174,5,2,60.0,0,N,MELB_URBAN,PARADE,10,5.0
69741,1,7,121,1,1,60.0,0,I,MELB_URBAN,ROAD,10,17.0
69742,1,6,110,1,3,60.0,0,I,MELB_URBAN,STREET,9,2.0
69743,1,7,160,5,3,70.0,0,N,MELB_URBAN,ROAD,10,22.0
69744,4,7,171,5,5,80.0,0,N,MELB_URBAN,ROAD,10,22.0
69745,1,0,121,1,3,80.0,0,I,MELB_URBAN,ROAD,10,1.0
69746,1,1,99,5,3,50.0,0,N,MELB_URBAN,STREET,10,1.0
69747,1,1,183,5,3,50.0,0,N,MELB_URBAN,DRIVE,10,1.0
69748,1,1,160,5,3,50.0,0,N,MELB_URBAN,DRIVE,10,4.0
69749,1,0,130,5,2,100.0,0,N,SMALL_TOWNS,FREEWAY,10,5.0
69750,1,1,121,4,3,60.0,0,N,MELB_URBAN,OTHER,10,4.0
69751,1,1,130,5,1,60.0,0,N,MELB_URBAN,ROAD,10,6.0
69752,2,3,100,5,3,60.0,0,N,MELB_URBAN,ROAD,9,21.0
69753,4,1,173,1,1,80.0,0,I,MELB_URBAN,ROAD,10,11.0
69754,1,1,134,5,1,80.0,0,I,MELB_URBAN,HIGHWAY,10,12.0
69755,1,1,110,1,1,60.0,0,I,SMALL_CITIES,ROAD,10,11.0
69756,1,1,130,2,1,80.0,0,I,MELB_URBAN,ROAD,10,12.0
69757,1,4,132,2,1,60.0,0,I,MELB_URBAN,STREET,9,16.0
69758,1,6,130,5,1,80.0,0,N,MELB_URBAN,HIGHWAY,9,16.0
69759,1,0,110,1,1,60.0,0,I,TOWNS,ROAD,10,14.0
69760,1,5,130,1,1,60.0,0,I,MELB_URBAN,ROAD,9,18.0
69761,1,0,111,1,1,100.0,0,I,RURAL_VICTORIA,ROAD,10,12.0
69762,1,1,130,5,1,80.0,0,N,MELB_URBAN,HIGHWAY,10,9.0
69763,1,1,160,5,1,50.0,0,N,MELB_URBAN,ROAD,10,10.0
69764,1,1,116,2,1,80.0,0,I,MELB_URBAN,HIGHWAY,10,14.0
69765,1,1,113,1,1,60.0,0,I,MELB_URBAN,ROAD,10,15.0
69766,8,1,99,5,1,100.0,0,N,MELB_URBAN,FREEWAY,10,16.0
69767,1,1,130,4,1,80.0,0,N,RURAL_VICTORIA,ROAD,10,16.0
69768,6,1,170,5,1,100.0,0,N,RURAL_VICTORIA,ROAD,10,16.0
69769,4,1,173,5,1,100.0,0,N,RURAL_VICTORIA,HIGHWAY,10,16.0
69770,1,1,120,5,2,60.0,0,N,MELB_URBAN,STREET,10,18.0
69771,1,1,130,5,1,60.0,0,N,MELB_URBAN,ROAD,10,17.0
69772,1,1,121,1,2,60.0,0,I,MELB_URBAN,STREET,10,19.0
69773,4,3,171,5,9,80.0,0,N,MELB_URBAN,HIGHWAY,6,17.0
69774,1,1,110,4,1,80.0,0,I,RURAL_VICTORIA,RAMP,10,15.0
69775,1,1,121,1,3,60.0,0,I,MELB_URBAN,DRIVE,10,21.0
69776,4,1,173,5,5,100.0,0,N,RURAL_VICTORIA,OTHER,10,22.0
69777,1,1,110,1,3,50.0,0,I,LARGE_PROVINCIAL_CITIES,UNKNOWN,10,23.0
69778,1,0,121,1,3,60.0,0,I,MELB_URBAN,ROAD,10,23.0
69779,6,2,170,5,5,60.0,0,N,MELB_URBAN,ROAD,10,0.0
69780,1,1,110,1,1,100.0,0,I,RURAL_VICTORIA,HIGHWAY,10,9.0
69781,1,1,121,5,1,60.0,0,N,MELB_URBAN,ROAD,10,7.0
69782,4,2,171,5,2,80.0,0,N,RURAL_VICTORIA,DRIVE,10,6.0
69783,1,2,135,5,1,60.0,0,N,MELB_URBAN,ROAD,10,8.0
69784,1,2,120,5,1,50.0,0,N,MELB_URBAN,ROAD,10,8.0
69785,5,2,99,5,1,80.0,0,N,RURAL_VICTORIA,ROAD,10,8.0
69786,4,2,181,5,1,100.0,0,N,RURAL_VICTORIA,ROAD,10,8.0
69787,4,2,181,5,1,60.0,0,N,MELB_URBAN,OTHER,10,8.0