,accident_type,day_of_week,dca_code,road_geometry,light_condition,speed_zone,severity,node_type,deg_urban_name,road_type,month,hour
69788,2,2,99,5,1,50.0,0,N,SMALL_CITIES,STREET,10,10.0
69789,1,6,135,5,1,60.0,0,N,MELB_URBAN,ROAD,2,13.0
69790,1,3,130,1,1,60.0,0,I,LARGE_PROVINCIAL_CITIES,HIGHWAY,9,10.0
69791,2,2,99,5,3,60.0,0,N,SMALL_TOWNS,ROAD,10,0.0
69792,4,0,171,1,6,50.0,0,I,SMALL_CITIES,ROAD,7,18.0
69793,4,2,181,5,1,50.0,0,N,MELB_URBAN,AVENUE,10,12.0
69794,4,2,173,5,1,80.0,0,N,TOWNS,STREET,10,13.0
69795,4,2,171,5,1,60.0,0,N,MELB_URBAN,ROAD,10,11.0
69796,8,7,99,9,1,60.0,0,N,RURAL_VICTORIA,ROAD,9,13.0
69797,2,2,100,1,1,60.0,0,I,MELB_URBAN,ROAD,10,13.0
69798,1,2,110,1,1,60.0,0,I,TOWNS,STREET,10,10.0
69799,1,2,116,1,1,50.0,0,I,TOWNS,STREET,10,15.0
69800,1,2,121,4,1,60.0,0,I,SMALL_CITIES,AVENUE,10,15.0
69801,1,2,110,1,1,60.0,0,I,MELB_URBAN,AVENUE,10,14.0
69802,4,6,181,5,1,110.0,0,N,RURAL_VICTORIA,HIGHWAY,9,16.0
69803,2,2,102,2,1,50.0,0,I,MELB_URBAN,ROAD,10,15.0
69804,1,1,130,1,2,70.0,0,I,MELB_URBAN,ROAD,10,18.0
69805,1,2,160,5,1,50.0,0,N,MELB_URBAN,OTHER,10,14.0
69806,1,1,130,2,1,60.0,0,I,MELB_URBAN,ROAD,10,9.0
69807,2,2,99,5,1,60.0,0,N,MELB_URBAN,STREET,10,15.0
69808,8,2,174,1,1,60.0,0,I,MELB_URBAN,DRIVE,10,17.0
69809,1,6,99,5,1,50.0,0,N,MELB_URBAN,STREET,9,16.0
69810,7,2,99,5,1,70.0,0,N,MELB_URBAN,ROAD,10,14.0
69811,1,2,111,2,3,100.0,0,I,RURAL_VICTORIA,OTHER,10,19.0
69812,6,1,184,5,1,60.0,0,N,RURAL_VICTORIA,OTHER,10,10.0
69813,1,2,121,1,3,80.0,0,N,MELB_URBAN,HIGHWAY,10,22.0
69814,1,1,130,5,5,80.0,0,N,RURAL_VICTORIA,OTHER,10,5.0
69815,1,2,121,2,1,60.0,0,I,MELB_URBAN,ROAD,10,15.0
69816,6,2,174,2,1,50.0,0,I,MELB_URBAN,AVENUE,10,15.0
69817,5,3,99,5,2,100.0,0,N,RURAL_VICTORIA,ROAD,10,6.0
69818,1,5,160,5,1,50.0,0,N,MELB_URBAN,STREET,9,10.0
69819,1,5,130,5,1,100.0,0,N,MELB_URBAN,FREEWAY,9,16.0
69820,2,2,100,1,1,60.0,0,I,MELB_URBAN,ROAD,10,9.0
69821,3,6,167,5,1,100.0,0,N,RURAL_VICTORIA,ROAD,10,10.0
69822,1,3,130,2,1,60.0,0,N,MELB_URBAN,ROAD,10,9.0
69823,2,1,100,5,3,50.0,0,N,LARGE_PROVINCIAL_CITIES,STREET,10,5.0
69824,1,3,113,2,1,60.0,0,I,MELB_URBAN,ROAD,10,8.0
69825,1,3,130,1,1,60.0,0,N,MELB_URBAN,DRIVE,10,9.0
69826,2,3,102,1,1,60.0,0,I,MELB_URBAN,OTHER,10,9.0
69827,2,3,100,1,1,60.0,0,I,MELB_URBAN,ROAD,10,9.0
69828,1,7,110,1,3,60.0,0,I,MELB_URBAN,STREET,9,21.0
69829,1,3,99,2,1,60.0,0,N,MELB_URBAN,ROAD,10,12.0
69830,4,1,173,5,1,100.0,0,N,SMALL_CITIES,FREEWAY,10,10.0
69831,1,2,147,2,1,80.0,0,N,MELB_URBAN,HIGHWAY,10,12.0
69832,1,2,160,5,3,50.0,0,N,MELB_URBAN,DRIVE,10,0.0
69833,8,2,170,5,1,100.0,0,N,SMALL_TOWNS,FREEWAY,10,9.0
69834,1,5,130,1,1,60.0,0,I,LARGE_PROVINCIAL_CITIES,AVENUE,8,8.0
69835,1,3,130,4,1,100.0,0,N,MELB_URBAN,FREEWAY,10,9.0
69836,1,3,130,5,1,40.0,0,N,LARGE_PROVINCIAL_CITIES,STREET,10,15.0
69837,2,6,102,5,1,40.0,0,N,MELB_URBAN,ROAD,9,11.0
69838,1,3,113,2,1,60.0,0,I,MELB_URBAN,ROAD,10,16.0
69839,1,2,113,2,1,70.0,0,I,LARGE_PROVINCIAL_CITIES,ROAD,10,16.0
69840,1,3,121,5,1,50.0,0,N,SMALL_CITIES,BOULEVARD,10,16.0
69841,1,2,110,1,1,50.0,0,I,MELB_URBAN,STREET,10,11.0
69842,1,3,99,1,1,50.0,0,I,TOWNS,STREET,10,15.0
69843,1,3,130,5,1,100.0,0,N,RURAL_VICTORIA,HIGHWAY,10,15.0
69844,1,3,121,2,1,60.0,0,I,MELB_URBAN,AVENUE,10,17.0
69845,1,3,132,2,1,60.0,0,I,MELB_URBAN,ROAD,10,15.0
69846,2,3,100,5,9,40.0,0,N,MELB_URBAN,STREET,10,6.0
69847,5,3,99,5,1,100.0,0,N,RURAL_VICTORIA,ROAD,10,18.0
69848,1,3,99,5,1,100.0,0,N,RURAL_VICTORIA,ROAD,10,16.0
69849,1,3,130,5,1,60.0,0,N,SMALL_CITIES,AVENUE,10,15.0
69850,5,3,99,5,5,80.0,0,N,RURAL_VICTORIA,HIGHWAY,10,19.0
69851,1,1,132,2,1,60.0,0,I,MELB_URBAN,ROAD,9,11.0
69852,2,4,100,5,1,40.0,0,N,MELB_URBAN,ROAD,10,7.0
69853,1,3,113,2,2,60.0,0,I,MELB_URBAN,STREET,5,18.0
69854,1,4,120,5,1,60.0,0,N,MELB_URBAN,ROAD,10,6.0
69855,2,4,99,5,1,50.0,0,N,MELB_URBAN,DRIVE,10,7.0
69856,1,5,132,1,1,60.0,0,I,MELB_URBAN,ROAD,6,10.0
69857,1,3,132,1,1,50.0,0,I,MELB_URBAN,ROAD,10,13.0
69858,4,4,173,5,1,60.0,0,N,RURAL_VICTORIA,HIGHWAY,10,8.0
69859,1,3,130,5,1,70.0,0,N,MELB_URBAN,ROAD,10,13.0
69860,1,4,147,5,1,60.0,0,N,MELB_URBAN,ROAD,10,7.0
69861,4,4,173,5,1,60.0,0,N,SMALL_CITIES,ROAD,10,9.0
69862,1,5,132,2,3,50.0,0,I,MELB_URBAN,STREET,9,21.0
69863,2,4,99,5,1,50.0,0,N,LARGE_PROVINCIAL_CITIES,OTHER,3,10.0
69864,1,4,130,5,9,40.0,0,N,MELB_URBAN,FREEWAY,10,9.0
69865,1,6,130,5,9,60.0,0,N,MELB_URBAN,ROAD,10,13.0
69866,1,4,99,5,1,80.0,0,N,MELB_URBAN,ROAD,10,9.0
69867,1,3,132,1,1,60.0,0,I,LARGE_PROVINCIAL_CITIES,AVENUE,10,10.0
69868,1,2,99,5,1,50.0,0,N,MELB_URBAN,STREET,9,8.0
69869,8,3,184,5,5,60.0,0,N,MELB_URBAN,HIGHWAY,5,18.0
69870,1,4,113,1,1,40.0,0,I,MELB_URBAN,HIGHWAY,10,11.0
69871,1,4,99,5,1,60.0,0,N,MELB_URBAN,ROAD,10,10.0
69872,1,4,113,1,1,60.0,0,I,MELB_URBAN,ROAD,10,12.0
69873,1,4,130,5,1,80.0,0,N,MELB_URBAN,ROAD,3,14.0
69874,1,4,99,4,1,60.0,0,I,MELB_URBAN,STREET,10,14.0
69875,1,4,120,2,1,50.0,0,I,MELB_URBAN,ROAD,6,15.0
69876,2,4,100,5,1,50.0,0,N,LARGE_PROVINCIAL_CITIES,STREET,10,15.0
69877,1,4,116,2,1,40.0,0,I,MELB_URBAN,ROAD,10,12.0
69878,4,3,173,5,1,50.0,0,N,MELB_URBAN,ROAD,10,17.0
69879,1,6,113,2,3,80.0,0,I,MELB_URBAN,ROAD,8,20.0
69880,2,4,100,2,1,60.0,0,N,TOWNS,STREET,10,16.0
69881,1,3,133,5,1,60.0,0,N,MELB_URBAN,ROAD,10,13.0
69882,1,3,130,5,1,60.0,0,N,MELB_URBAN,STREET,8,11.0
69883,6,4,174,5,1,100.0,0,N,RURAL_VICTORIA,ROAD,10,13.0
69884,4,4,181,5,1,80.0,0,N,RURAL_VICTORIA,ROAD,10,10.0
69885,1,4,120,5,1,60.0,0,N,MELB_URBAN,ROAD,10,15.0
69886,1,4,133,5,1,70.0,0,N,MELB_URBAN,ROAD,10,16.0
69887,1,3,130,5,1,60.0,0,N,MELB_URBAN,STREET,10,16.0
69888,1,4,147,5,1,100.0,0,N,RURAL_VICTORIA,ROAD,10,14.0
69889,1,4,120,5,3,50.0,0,N,MELB_URBAN,STREET,10,19.0
69890,1,4,113,2,1,100.0,0,I,RURAL_VICTORIA,HIGHWAY,10,14.0
69891,1,6,113,2,1,50.0,0,I,SMALL_CITIES,STREET,10,10.0
69892,1,3,130,2,1,80.0,0,N,MELB_URBAN,ROAD,10,15.0
69893,1,4,121,5,1,80.0,0,N,MELB_URBAN,ROAD,10,17.0
69894,2,4,100,2,1,50.0,0,N,MELB_URBAN,STREET,10,14.0
69895,1,4,99,2,5,100.0,0,I,RURAL_VICTORIA,ROAD,10,21.0
69896,1,4,160,5,3,60.0,0,N,MELB_URBAN,STREET,10,22.0
69897,4,5,183,5,3,50.0,0,N,SMALL_CITIES,DRIVE,10,0.0
69898,6,1,184,5,1,60.0,0,N,RURAL_VICTORIA,ROAD,10,13.0
69899,4,4,181,5,1,100.0,0,N,RURAL_VICTORIA,HIGHWAY,10,13.0
69900,1,3,130,1,1,60.0,0,I,MELB_URBAN,ROAD,10,15.0
69901,2,4,99,5,1,60.0,0,N,MELB_URBAN,STREET,10,13.0
69902,1,5,163,5,1,40.0,0,N,MELB_URBAN,STREET,10,6.0
69903,4,5,183,2,5,80.0,0,I,RURAL_VICTORIA,ROAD,9,19.0
69904,1,5,99,1,1,60.0,0,I,MELB_URBAN,STREET,9,7.0
69905,1,4,135,5,1,40.0,0,N,LARGE_PROVINCIAL_CITIES,STREET,10,18.0
69906,1,5,99,1,1,60.0,1,I,SMALL_CITIES,ROAD,10,8.0
69907,4,3,171,2,1,80.0,0,I,MELB_URBAN,ROAD,9,15.0
69908,1,1,121,1,3,60.0,0,I,LARGE_PROVINCIAL_CITIES,HIGHWAY,2,22.0
69909,1,5,130,1,1,80.0,0,N,MELB_URBAN,HIGHWAY,10,9.0
69910,1,5,160,5,1,60.0,1,N,MELB_URBAN,STREET,10,9.0
69911,1,4,130,5,2,60.0,0,N,MELB_URBAN,ROAD,8,18.0
69912,1,5,121,2,1,70.0,0,I,MELB_URBAN,ROAD,10,10.0
69913,5,5,99,5,1,100.0,0,N,RURAL_VICTORIA,ROAD,10,11.0
69914,1,4,130,5,1,100.0,0,N,MELB_URBAN,FREEWAY,10,10.0
69915,1,2,130,2,2,60.0,0,I,MELB_URBAN,STREET,7,8.0
69916,1,2,147,2,2,30.0,0,N,MELB_URBAN,ROAD,10,17.0
69917,6,5,174,2,1,100.0,0,I,RURAL_VICTORIA,ROAD,10,13.0
69918,1,1,130,1,1,80.0,0,N,MELB_URBAN,ROAD,9,12.0
69919,1,4,140,5,1,60.0,0,N,MELB_URBAN,ROAD,10,14.0
69920,1,3,130,5,9,60.0,0,N,MELB_URBAN,HIGHWAY,9,12.0
69921,1,4,160,5,1,50.0,0,N,MELB_URBAN,OTHER,10,11.0
69922,1,2,113,1,2,60.0,0,N,MELB_URBAN,ROAD,10,6.0
69923,4,7,181,5,1,100.0,0,N,RURAL_VICTORIA,ROAD,9,12.0
69924,4,3,171,5,1,60.0,0,N,TOWNS,ROAD,10,18.0
69925,1,5,132,2,1,80.0,0,I,RURAL_VICTORIA,ROAD,10,16.0
69926,4,5,173,5,1,100.0,0,N,RURAL_VICTORIA,ROAD,10,13.0
69927,2,5,99,5,1,50.0,0,N,MELB_URBAN,STREET,10,15.0
69928,2,5,100,5,1,40.0,0,N,MELB_URBAN,ROAD,9,17.0
69929,1,5,130,5,1,80.0,0,N,MELB_URBAN,FREEWAY,10,17.0
69930,1,4,130,5,1,80.0,0,N,MELB_URBAN,ROAD,10,16.0
69931,1,5,120,5,1,60.0,0,N,LARGE_PROVINCIAL_CITIES,ROAD,10,17.0
69932,1,4,135,2,1,40.0,0,I,MELB_URBAN,ROAD,10,13.0
69933,1,5,113,4,1,70.0,0,I,MELB_URBAN,RAMP,10,15.0
69934,1,5,147,5,3,60.0,0,N,MELB_URBAN,ROAD,10,20.0
69935,1,5,110,1,3,60.0,0,I,MELB_URBAN,ROAD,10,22.0
69936,1,5,130,5,1,60.0,0,N,MELB_URBAN,AVENUE,10,18.0
69937,1,1,130,1,1,50.0,0,I,LARGE_PROVINCIAL_CITIES,STREET,9,16.0
69938,8,2,174,5,1,50.0,0,N,MELB_URBAN,STREET,9,13.0
69939,1,5,116,1,2,60.0,0,I,MELB_URBAN,STREET,10,6.0
69940,4,1,183,5,2,70.0,0,N,RURAL_VICTORIA,OTHER,10,6.0
69941,4,0,171,5,1,100.0,0,N,RURAL_VICTORIA,FREEWAY,9,7.0
69942,1,3,130,5,1,60.0,0,N,MELB_URBAN,ROAD,6,8.0
69943,1,4,99,2,1,50.0,0,I,MELB_URBAN,DRIVE,10,15.0
69944,2,6,100,5,1,60.0,0,N,MELB_URBAN,STREET,10,8.0
69945,7,5,99,1,1,60.0,0,I,MELB_URBAN,STREET,10,14.0
69946,2,7,100,1,9,50.0,0,I,MELB_URBAN,STREET,8,21.0
69947,4,5,173,5,1,60.0,0,N,MELB_URBAN,STREET,10,13.0
69948,1,5,130,1,1,60.0,0,I,MELB_URBAN,STREET,10,8.0
69949,4,6,171,1,9,60.0,0,I,MELB_URBAN,HIGHWAY,10,13.0
69950,1,6,130,2,1,60.0,0,I,MELB_URBAN,ROAD,10,10.0
69951,1,4,113,2,1,80.0,0,I,MELB_URBAN,ROAD,10,15.0
69952,1,5,99,5,1,50.0,0,N,MELB_URBAN,STREET,10,13.0
69953,1,4,130,1,1,70.0,0,I,LARGE_PROVINCIAL_CITIES,HIGHWAY,6,11.0
69954,1,6,111,1,1,60.0,0,I,MELB_URBAN,DRIVE,10,13.0
69955,1,6,130,2,1,60.0,0,I,MELB_URBAN,ROAD,10,9.0
69956,1,5,110,1,1,50.0,0,I,TOWNS,STREET,10,8.0
69957,1,6,99,5,1,100.0,0,N,RURAL_VICTORIA,FREEWAY,10,8.0
69958,1,5,110,1,1,50.0,0,I,TOWNS,STREET,10,11.0
69959,1,5,130,5,1,80.0,0,N,MELB_URBAN,HIGHWAY,10,14.0
69960,1,2,121,1,3,60.0,0,I,MELB_URBAN,ROAD,8,19.0
69961,1,6,130,5,1,60.0,0,N,MELB_URBAN,OTHER,10,15.0
69962,1,5,130,1,1,60.0,0,I,LARGE_PROVINCIAL_CITIES,ROAD,10,16.0
69963,1,5,99,2,1,60.0,0,N,MELB_URBAN,ROAD,10,6.0
69964,1,5,120,5,1,60.0,0,N,MELB_URBAN,ROAD,10,16.0
69965,1,5,116,2,1,100.0,0,I,RURAL_VICTORIA,HIGHWAY,10,15.0
69966,1,6,121,1,1,80.0,0,I,RURAL_VICTORIA,HIGHWAY,10,17.0
69967,1,6,130,5,1,100.0,0,N,MELB_URBAN,FREEWAY,10,16.0
69968,1,6,121,2,1,60.0,0,I,MELB_URBAN,ROAD,10,15.0
69969,1,2,130,4,1,80.0,0,I,MELB_URBAN,ROAD,9,16.0
69970,2,6,102,4,1,40.0,0,I,MELB_URBAN,OTHER,9,14.0
69971,1,6,130,1,1,80.0,0,N,MELB_URBAN,ROAD,10,16.0
69972,1,5,130,2,1,80.0,0,I,MELB_URBAN,HIGHWAY,9,9.0
69973,1,5,130,5,2,60.0,0,N,MELB_URBAN,ROAD,10,17.0
69974,4,6,173,5,1,110.0,0,N,RURAL_VICTORIA,FREEWAY,10,17.0
69975,1,6,120,1,1,100.0,0,I,RURAL_VICTORIA,ROAD,10,11.0
69976,4,6,173,1,1,80.0,0,I,MELB_URBAN,ROAD,10,18.0
69977,6,6,99,2,1,60.0,0,I,MELB_URBAN,STREET,10,15.0
69978,2,7,100,1,3,40.0,0,I,MELB_URBAN,STREET,10,1.0
69979,2,7,100,5,5,100.0,0,N,MELB_URBAN,ROAD,10,0.0
69980,1,7,130,5,3,50.0,0,N,MELB_URBAN,STREET,10,0.0
69981,1,7,99,5,3,60.0,0,N,MELB_URBAN,ROAD,10,0.0
69982,6,6,99,5,5,100.0,1,N,RURAL_VICTORIA,ROAD,10,21.0
69983,4,7,171,5,5,100.0,0,N,RURAL_VICTORIA,ROAD,10,3.0
69984,1,6,160,5,1,60.0,0,N,MELB_URBAN,ROAD,10,12.0
69985,1,5,130,5,1,60.0,0,N,MELB_URBAN,ROAD,9,16.0
69986,4,5,171,5,1,100.0,0,N,RURAL_VICTORIA,ROAD,10,14.0
69987,6,6,174,5,1,100.0,0,N,RURAL_VICTORIA,ROAD,10,14.0
69988,1,6,130,2,4,80.0,0,N,RURAL_VICTORIA,STREET,10,20.0
69989,8,6,174,2,2,50.0,0,I,MELB_URBAN,STREET,9,17.0
69990,1,7,113,2,1,100.0,0,N,RURAL_VICTORIA,ROAD,10,10.0
69991,1,6,130,1,1,70.0,0,I,MELB_URBAN,ROAD,10,10.0
69992,4,6,173,4,3,80.0,0,N,MELB_URBAN,ROAD,10,20.0
69993,2,7,100,5,1,60.0,0,N,MELB_URBAN,STREET,10,11.0
69994,1,7,130,5,1,50.0,0,N,LARGE_PROVINCIAL_CITIES,STREET,10,11.0
69995,8,4,174,5,1,100.0,0,N,MELB_URBAN,FREEWAY,9,8.0
69996,6,7,99,5,1,60.0,0,N,RURAL_VICTORIA,ROAD,10,11.0
69997,1,7,113,2,1,60.0,0,I,MELB_URBAN,STREET,10,10.0
69998,1,7,147,2,1,60.0,0,I,SMALL_CITIES,ROAD,10,11.0
69999,2,7,100,1,1,50.0,0,I,TOWNS,STREET,10,7.0
70000,1,7,130,2,1,60.0,0,I,MELB_URBAN,ROAD,10,11.0
70001,1,6,133,5,6,60.0,0,N,MELB_URBAN,BOULEVARD,10,17.0
70002,1,7,130,5,1,80.0,0,N,MELB_URBAN,HIGHWAY,10,11.0
70003,4,7,173,5,1,100.0,0,N,MELB_URBAN,FREEWAY,10,7.0
70004,4,7,183,5,1,100.0,0,N,RURAL_VICTORIA,ROAD,10,13.0
70005,1,7,147,5,1,50.0,0,N,LARGE_PROVINCIAL_CITIES,DRIVE,10,14.0
70006,8,6,170,5,1,80.0,0,N,MELB_URBAN,ROAD,10,15.0
70007,1,7,110,1,1,60.0,0,I,MELB_URBAN,BOULEVARD,10,13.0
70008,1,7,130,2,1,70.0,0,I,RURAL_VICTORIA,ROAD,10,15.0
70009,1,7,163,5,1,60.0,0,N,MELB_URBAN,STREET,10,15.0
70010,1,7,130,5,1,60.0,0,N,MELB_URBAN,ROAD,10,15.0
70011,1,7,130,5,1,80.0,0,N,RURAL_VICTORIA,ROAD,10,17.0
70012,1,7,113,2,1,100.0,0,I,RURAL_VICTORIA,ROAD,10,17.0
70013,1,6,99,2,1,50.0,0,I,MELB_URBAN,STREET,10,17.0
70014,1,6,110,1,1,60.0,0,I,MELB_URBAN,ROAD,10,17.0
70015,1,6,130,5,1,80.0,0,N,MELB_URBAN,HIGHWAY,10,17.0
70016,1,7,99,5,1,60.0,0,N,MELB_URBAN,STREET,10,16.0
70017,4,7,183,5,1,100.0,1,N,RURAL_VICTORIA,ROAD,10,16.0
70018,2,6,100,5,1,50.0,0,N,MELB_URBAN,ROAD,10,17.0
70019,2,6,99,5,3,80.0,0,N,RURAL_VICTORIA,STREET,10,19.0
70020,1,7,120,5,1,60.0,0,N,LARGE_PROVINCIAL_CITIES,STREET,10,17.0
70021,1,7,130,5,2,40.0,0,N,MELB_URBAN,ROAD,10,19.0
70022,1,7,120,5,3,50.0,0,N,MELB_URBAN,BOULEVARD,10,19.0
70023,1,6,110,1,1,50.0,0,I,MELB_URBAN,STREET,8,8.0
70024,4,7,171,2,3,60.0,0,N,SMALL_CITIES,DRIVE,10,20.0
70025,1,7,121,1,1,60.0,0,I,MELB_URBAN,ROAD,10,16.0
70026,4,6,171,5,5,100.0,0,N,RURAL_VICTORIA,ROAD,10,20.0
70027,4,6,171,5,1,50.0,0,N,MELB_URBAN,PARADE,10,18.0
70028,1,7,120,5,5,110.0,1,N,SMALL_TOWNS,FREEWAY,10,22.0
70029,1,0,160,2,3,60.0,0,I,MELB_URBAN,ROAD,10,3.0
70030,1,4,113,2,3,60.0,0,I,MELB_URBAN,ROAD,6,18.0
70031,1,6,113,2,1,80.0,0,I,MELB_URBAN,ROAD,7,8.0
70032,1,6,171,5,1,60.0,0,N,LARGE_PROVINCIAL_CITIES,STREET,10,12.0
70033,1,7,121,1,1,70.0,0,I,MELB_URBAN,ROAD,10,13.0
70034,6,4,174,5,9,60.0,0,N,MELB_URBAN,DRIVE,9,16.0
70035,1,1,130,1,1,60.0,0,I,MELB_URBAN,HIGHWAY,10,8.0
70036,5,7,99,5,1,80.0,0,N,RURAL_VICTORIA,ROAD,10,15.0
70037,8,1,174,5,1,40.0,0,N,MELB_URBAN,DRIVE,10,9.0
70038,3,4,167,5,5,100.0,0,N,RURAL_VICTORIA,HIGHWAY,9,20.0
70039,4,4,173,5,5,100.0,0,N,RURAL_VICTORIA,ROAD,8,20.0
70040,6,1,99,5,1,100.0,0,N,RURAL_VICTORIA,ROAD,10,9.0
70041,6,6,184,5,1,50.0,0,N,MELB_URBAN,OTHER,10,18.0
70042,1,7,99,5,1,40.0,0,N,MELB_URBAN,ROAD,10,10.0
70043,1,5,130,5,1,60.0,0,N,MELB_URBAN,STREET,8,8.0
70044,1,0,133,2,1,60.0,0,I,MELB_URBAN,ROAD,10,13.0
70045,1,1,134,5,9,80.0,0,N,MELB_URBAN,ROAD,10,3.0
70046,1,1,110,1,1,100.0,0,I,RURAL_VICTORIA,ROAD,10,11.0
70047,1,1,130,2,1,50.0,0,I,MELB_URBAN,ROAD,10,14.0
70048,1,1,116,1,1,80.0,0,I,MELB_URBAN,HIGHWAY,9,9.0
70049,1,5,99,2,1,50.0,0,I,MELB_URBAN,STREET,10,16.0
70050,1,5,132,5,1,70.0,0,N,MELB_URBAN,HIGHWAY,10,13.0
70051,4,1,173,5,1,100.0,0,N,RURAL_VICTORIA,ROAD,10,10.0
70052,1,1,147,5,1,50.0,0,N,TOWNS,ROAD,10,16.0
70053,1,0,99,5,2,60.0,0,N,TOWNS,STREET,10,16.0
70054,1,6,121,1,1,60.0,0,I,MELB_URBAN,STREET,8,17.0
70055,1,1,130,9,1,80.0,0,N,MELB_URBAN,ROAD,10,14.0
70056,7,7,99,5,5,100.0,0,N,RURAL_VICTORIA,ROAD,10,22.0
70057,1,0,130,5,9,60.0,0,N,RURAL_VICTORIA,HIGHWAY,10,19.0
70058,4,1,173,5,5,50.0,0,N,RURAL_VICTORIA,OTHER,10,22.0
70059,1,4,130,5,1,50.0,0,N,MELB_URBAN,STREET,9,14.0
70060,1,6,133,5,1,60.0,0,N,MELB_URBAN,ROAD,10,15.0
70061,6,1,174,5,5,100.0,0,N,RURAL_VICTORIA,FREEWAY,10,19.0
70062,1,6,147,2,3,80.0,0,I,MELB_URBAN,HIGHWAY,10,21.0
70063,1,4,130,5,1,60.0,0,N,MELB_URBAN,STREET,10,17.0
70064,1,5,99,5,3,50.0,0,N,MELB_URBAN,STREET,10,0.0
70065,1,1,121,1,1,50.0,0,I,MELB_URBAN,STREET,9,7.0
70066,1,0,110,1,1,50.0,0,I,LARGE_PROVINCIAL_CITIES,ROAD,10,16.0
70067,4,0,171,5,5,60.0,0,N,RURAL_VICTORIA,DRIVE,10,21.0
70068,5,1,99,5,1,100.0,0,N,RURAL_VICTORIA,HIGHWAY,10,12.0
70069,1,6,121,4,3,60.0,0,N,MELB_URBAN,ROAD,10,19.0
70070,1,2,113,2,1,60.0,0,I,SMALL_CITIES,STREET,10,8.0
70071,1,2,130,2,1,60.0,0,N,SMALL_CITIES,ROAD,10,8.0
70072,5,2,99,5,1,60.0,0,N,MELB_URBAN,ROAD,10,10.0
70073,1,1,130,2,1,70.0,0,I,LARGE_PROVINCIAL_CITIES,STREET,9,7.0
70074,4,1,183,5,5,60.0,0,N,MELB_URBAN,ROAD,10,19.0
70075,1,2,99,2,1,60.0,0,I,MELB_URBAN,ROAD,10,7.0
70076,4,7,99,5,1,50.0,0,N,MELB_URBAN,OTHER,10,15.0
70077,4,0,181,5,3,60.0,0,N,MELB_URBAN,ROAD,10,20.0
70078,1,1,130,5,1,110.0,0,N,MELB_URBAN,FREEWAY,10,8.0
70079,1,2,121,1,1,80.0,0,I,MELB_URBAN,ROAD,10,12.0
70080,6,1,174,5,1,80.0,0,N,RURAL_VICTORIA,ROAD,10,11.0
70081,1,2,110,1,1,60.0,0,I,MELB_URBAN,STREET,10,7.0
70082,4,2,171,5,1,80.0,0,N,RURAL_VICTORIA,ROAD,8,17.0
70083,1,4,134,5,1,100.0,0,N,MELB_URBAN,FREEWAY,6,16.0
70084,1,5,130,2,1,70.0,0,N,MELB_URBAN,ROAD,9,16.0
70085,1,7,99,2,1,60.0,0,I,MELB_URBAN,STREET,10,10.0
70086,1,2,147,5,1,60.0,0,N,MELB_URBAN,OTHER,10,11.0
70087,4,2,171,2,1,60.0,0,I,SMALL_CITIES,ROAD,10,9.0
70088,1,2,130,5,1,70.0,0,N,MELB_URBAN,ROAD,10,15.0
70089,1,2,110,1,1,50.0,0,I,MELB_URBAN,STREET,10,15.0
70090,3,2,167,5,5,100.0,1,N,RURAL_VICTORIA,ROAD,10,5.0
70091,1,7,130,5,6,70.0,0,N,MELB_URBAN,ROAD,10,1.0
70092,8,3,99,1,1,50.0,0,I,TOWNS,STREET,7,16.0
70093,2,6,99,2,3,40.0,0,N,MELB_URBAN,STREET,9,2.0
70094,1,1,130,2,1,60.0,0,I,LARGE_PROVINCIAL_CITIES,HIGHWAY,10,15.0
70095,1,2,130,5,2,100.0,0,N,MELB_URBAN,RAMP,10,16.0
70096,1,2,99,1,1,60.0,0,I,MELB_URBAN,STREET,10,16.0
70097,1,2,140,5,1,70.0,0,N,MELB_URBAN,STREET,10,9.0
70098,1,2,121,4,1,60.0,0,I,LARGE_PROVINCIAL_CITIES,ROAD,10,15.0
70099,4,1,171,1,5,100.0,0,I,RURAL_VICTORIA,HIGHWAY,10,21.0
70100,5,2,99,5,1,80.0,0,N,RURAL_VICTORIA,ROAD,10,13.0
70101,1,2,99,2,1,50.0,0,I,MELB_URBAN,ROAD,10,16.0
70102,1,3,130,1,1,60.0,0,I,MELB_URBAN,OTHER,10,8.0
70103,1,0,130,5,1,110.0,0,N,RURAL_VICTORIA,FREEWAY,9,7.0
70104,4,2,181,5,1,50.0,0,N,MELB_URBAN,OTHER,10,15.0
70105,2,2,102,1,5,60.0,0,I,SMALL_CITIES,STREET,10,21.0
70106,1,2,120,5,1,100.0,0,N,RURAL_VICTORIA,ROAD,10,16.0
70107,1,5,160,5,3,70.0,0,N,MELB_URBAN,ROAD,10,1.0
70108,1,2,147,5,1,60.0,0,N,MELB_URBAN,ROAD,10,15.0
70109,1,4,113,4,3,60.0,0,I,MELB_URBAN,ROAD,9,23.0
70110,1,2,99,1,3,50.0,0,I,MELB_URBAN,STREET,10,23.0
70111,1,2,147,5,9,60.0,0,N,SMALL_CITIES,ROAD,9,19.0
70112,4,1,173,2,3,60.0,0,I,MELB_URBAN,ROAD,10,22.0
70113,1,5,147,5,1,60.0,0,N,MELB_URBAN,ROAD,7,15.0
70114,1,3,110,1,1,60.0,0,I,TOWNS,STREET,10,8.0