,accident_type,day_of_week,dca_code,road_geometry,light_condition,speed_zone,severity,node_type,deg_urban_name,road_type,month,hour
70115,1,3,121,2,1,100.0,0,I,RURAL_VICTORIA,ROAD,10,8.0
70116,4,3,173,5,1,110.0,0,N,TOWNS,FREEWAY,10,7.0
70117,1,2,130,5,1,50.0,0,N,MELB_URBAN,STREET,10,16.0
70118,8,6,174,5,3,60.0,0,N,MELB_URBAN,ROAD,6,18.0
70119,1,4,113,2,1,70.0,0,I,LARGE_PROVINCIAL_CITIES,HIGHWAY,9,10.0
70120,1,5,110,1,1,60.0,0,I,MELB_URBAN,AVENUE,10,12.0
70121,1,5,135,5,3,100.0,0,N,MELB_URBAN,UNKNOWN,7,6.0
70122,1,3,121,5,1,60.0,0,N,MELB_URBAN,STREET,10,9.0
70123,2,3,100,5,2,40.0,0,N,MELB_URBAN,STREET,9,6.0
70124,8,7,170,5,1,80.0,0,N,RURAL_VICTORIA,ROAD,10,12.0
70125,1,3,120,5,1,60.0,0,N,RURAL_VICTORIA,ROAD,10,12.0
70126,1,3,134,5,1,60.0,1,N,MELB_URBAN,ROAD,10,9.0
70127,1,2,130,5,1,40.0,0,N,MELB_URBAN,STREET,10,13.0
70128,1,6,130,1,1,80.0,0,I,RURAL_VICTORIA,ROAD,9,9.0
70129,1,2,110,1,1,60.0,0,I,RURAL_VICTORIA,ROAD,10,9.0
70130,2,3,102,2,1,50.0,0,I,MELB_URBAN,STREET,10,13.0
70131,1,2,130,1,1,60.0,0,I,MELB_URBAN,STREET,10,18.0
70132,1,2,130,5,1,80.0,0,N,MELB_URBAN,HIGHWAY,10,8.0
70133,1,6,111,1,3,60.0,0,I,LARGE_PROVINCIAL_CITIES,STREET,2,23.0
70134,1,4,99,1,1,60.0,0,I,MELB_URBAN,STREET,8,15.0
70135,1,1,130,2,6,60.0,0,I,MELB_URBAN,ROAD,10,22.0
70136,2,3,100,2,1,60.0,0,N,MELB_URBAN,STREET,10,14.0
70137,1,5,130,1,9,50.0,0,I,LARGE_PROVINCIAL_CITIES,STREET,9,18.0
70138,1,5,147,5,1,60.0,0,N,MELB_URBAN,STREET,9,9.0
70139,1,3,113,1,1,100.0,0,I,RURAL_VICTORIA,ROAD,10,16.0
70140,1,3,121,2,1,70.0,0,I,MELB_URBAN,ROAD,10,16.0
70141,1,2,121,2,1,60.0,0,I,MELB_URBAN,ROAD,10,12.0
70142,1,4,130,5,1,80.0,0,N,MELB_URBAN,HIGHWAY,10,7.0
70143,1,3,121,2,1,60.0,0,I,MELB_URBAN,PARADE,10,18.0
70144,1,3,113,2,1,60.0,0,I,MELB_URBAN,ROAD,10,16.0
70145,1,3,163,5,1,40.0,0,N,MELB_URBAN,STREET,10,9.0
70146,1,2,110,1,2,50.0,0,I,TOWNS,STREET,10,19.0
70147,1,3,110,1,1,60.0,0,I,MELB_URBAN,ROAD,10,9.0
70148,6,3,99,5,1,80.0,0,N,RURAL_VICTORIA,ROAD,10,18.0
70149,1,2,132,2,2,60.0,0,I,MELB_URBAN,ROAD,10,19.0
70150,1,3,130,2,3,60.0,0,I,MELB_URBAN,ROAD,10,21.0
70151,1,4,132,2,1,60.0,0,I,MELB_URBAN,ROAD,10,12.0
70152,1,3,99,5,3,50.0,0,N,MELB_URBAN,STREET,10,20.0
70153,1,2,130,1,1,50.0,0,I,SMALL_CITIES,STREET,9,15.0
70154,4,3,173,5,3,50.0,0,N,LARGE_PROVINCIAL_CITIES,AVENUE,10,22.0
70155,4,3,183,5,1,100.0,0,N,MELB_URBAN,RAMP,10,6.0
70156,1,3,121,2,3,70.0,0,I,MELB_URBAN,ROAD,10,23.0
70157,1,4,120,5,2,100.0,0,N,RURAL_VICTORIA,HIGHWAY,10,6.0
70158,2,1,99,5,3,50.0,0,N,MELB_URBAN,OTHER,9,20.0
70159,1,5,132,2,1,90.0,0,I,RURAL_VICTORIA,ROAD,9,15.0
70160,1,3,130,5,1,80.0,0,N,MELB_URBAN,ROAD,10,9.0
70161,1,3,110,1,1,80.0,0,I,RURAL_VICTORIA,ROAD,10,8.0
70162,1,4,130,4,1,60.0,0,I,MELB_URBAN,ROAD,10,7.0
70163,8,2,174,2,1,40.0,0,I,MELB_URBAN,STREET,10,8.0
70164,1,4,130,1,1,80.0,0,I,MELB_URBAN,ROAD,10,7.0
70165,1,4,99,5,5,90.0,0,N,RURAL_VICTORIA,ROAD,9,19.0
70166,1,7,113,2,2,60.0,0,I,MELB_URBAN,ROAD,10,18.0
70167,1,1,133,5,9,60.0,0,N,MELB_URBAN,RAMP,10,7.0
70168,1,3,160,5,1,70.0,0,N,MELB_URBAN,ROAD,10,11.0
70169,1,7,130,5,2,60.0,0,N,MELB_URBAN,STREET,7,16.0
70170,4,0,173,4,1,60.0,0,N,RURAL_VICTORIA,OTHER,9,11.0
70171,1,4,121,2,1,60.0,0,I,MELB_URBAN,ROAD,10,8.0
70172,4,4,171,2,1,60.0,0,I,MELB_URBAN,ROAD,10,12.0
70173,1,3,163,5,1,50.0,0,N,MELB_URBAN,STREET,10,10.0
70174,4,4,171,2,1,70.0,0,N,MELB_URBAN,ROAD,10,11.0
70175,6,4,99,5,1,110.0,0,N,RURAL_VICTORIA,FREEWAY,10,13.0
70176,1,3,133,5,1,100.0,0,N,RURAL_VICTORIA,ROAD,10,7.0
70177,1,3,113,2,1,60.0,0,I,MELB_URBAN,DRIVE,10,13.0
70178,6,2,174,2,1,60.0,0,I,MELB_URBAN,OTHER,10,15.0
70179,1,3,130,2,1,80.0,0,I,MELB_URBAN,ROAD,10,8.0
70180,1,4,130,2,1,70.0,0,I,LARGE_PROVINCIAL_CITIES,ROAD,10,15.0
70181,5,1,99,5,1,60.0,0,N,RURAL_VICTORIA,ROAD,7,11.0
70182,1,4,132,2,1,60.0,0,I,MELB_URBAN,ROAD,10,14.0
70183,1,2,130,2,1,50.0,0,I,MELB_URBAN,HIGHWAY,10,18.0
70184,1,4,130,2,1,60.0,0,I,MELB_URBAN,STREET,10,14.0
70185,1,3,130,9,1,60.0,0,I,MELB_URBAN,RAMP,10,9.0
70186,1,3,130,5,1,100.0,0,N,RURAL_VICTORIA,ROAD,10,16.0
70187,1,4,132,2,1,60.0,0,I,MELB_URBAN,ROAD,10,17.0
70188,1,4,121,1,1,60.0,0,I,MELB_URBAN,ROAD,10,15.0
70189,2,4,102,4,1,40.0,0,I,MELB_URBAN,ROAD,10,17.0
70190,1,4,130,1,1,80.0,0,I,RURAL_VICTORIA,ROAD,10,17.0
70191,1,4,99,5,1,60.0,0,N,MELB_URBAN,ROAD,10,16.0
70192,1,4,120,5,1,70.0,0,N,RURAL_VICTORIA,ROAD,10,15.0
70193,1,3,130,5,1,50.0,0,N,LARGE_PROVINCIAL_CITIES,STREET,8,16.0
70194,1,4,140,5,2,100.0,0,N,RURAL_VICTORIA,HIGHWAY,10,18.0
70195,2,3,100,1,3,60.0,0,I,MELB_URBAN,OTHER,10,20.0
70196,1,4,116,2,3,50.0,0,I,MELB_URBAN,STREET,10,20.0
70197,1,4,130,2,3,60.0,0,N,MELB_URBAN,STREET,10,22.0
70198,2,4,99,5,3,80.0,0,N,MELB_URBAN,ROAD,10,23.0
70199,1,4,99,1,3,40.0,0,I,MELBOURNE_CBD,STREET,10,22.0
70200,4,4,99,5,5,50.0,0,N,MELB_URBAN,STREET,10,22.0
70201,1,5,121,2,1,60.0,0,I,MELB_URBAN,STREET,10,6.0
70202,1,5,121,2,1,60.0,0,I,MELB_URBAN,ROAD,10,7.0
70203,1,5,121,5,1,60.0,0,I,MELB_URBAN,ROAD,10,7.0
70204,1,5,110,1,1,60.0,0,I,SMALL_CITIES,DRIVE,10,7.0
70205,1,4,113,2,1,60.0,0,I,MELB_URBAN,STREET,10,9.0
70206,1,3,116,2,1,60.0,0,I,MELB_URBAN,ROAD,10,18.0
70207,2,5,100,2,1,60.0,0,I,LARGE_PROVINCIAL_CITIES,STREET,10,8.0
70208,1,5,130,1,1,60.0,0,N,MELB_URBAN,ROAD,10,7.0
70209,1,5,99,2,1,60.0,0,I,MELB_URBAN,ROAD,10,10.0
70210,1,4,130,5,1,80.0,0,N,MELB_URBAN,HIGHWAY,10,8.0
70211,2,4,100,1,1,60.0,0,I,MELB_URBAN,ROAD,10,9.0
70212,2,1,99,2,5,60.0,0,I,MELB_URBAN,ROAD,9,2.0
70213,4,1,99,5,1,50.0,0,N,MELB_URBAN,ROAD,10,13.0
70214,1,5,130,5,1,100.0,0,N,MELB_URBAN,ROAD,10,9.0
70215,1,3,130,5,9,60.0,0,N,MELB_URBAN,BOULEVARD,10,9.0
70216,1,5,99,2,1,50.0,0,I,MELB_URBAN,ROAD,10,8.0
70217,1,5,160,5,1,60.0,0,N,LARGE_PROVINCIAL_CITIES,ROAD,10,11.0
70218,4,5,181,5,2,60.0,0,N,RURAL_VICTORIA,ROAD,10,6.0
70219,1,6,130,5,3,80.0,0,N,MELB_URBAN,FREEWAY,9,22.0
70220,2,5,100,1,2,50.0,0,I,MELB_URBAN,STREET,10,6.0
70221,1,5,120,2,1,60.0,0,I,SMALL_TOWNS,ROAD,10,7.0
70222,1,5,160,5,1,60.0,0,N,MELB_URBAN,AVENUE,10,7.0
70223,1,4,130,5,3,80.0,0,N,TOWNS,ROAD,9,21.0
70224,2,5,100,5,1,50.0,0,N,LARGE_PROVINCIAL_CITIES,STREET,10,13.0
70225,6,2,99,5,2,70.0,0,N,RURAL_VICTORIA,ROAD,10,20.0
70226,1,5,120,5,1,80.0,1,N,SMALL_CITIES,HIGHWAY,10,11.0
70227,1,4,130,1,1,50.0,0,I,LARGE_PROVINCIAL_CITIES,STREET,10,15.0
70228,1,5,130,1,1,80.0,0,I,MELB_URBAN,STREET,3,16.0
70229,4,5,171,5,1,100.0,0,N,RURAL_VICTORIA,ROAD,10,13.0
70230,1,1,121,1,1,70.0,0,I,MELB_URBAN,STREET,9,10.0
70231,2,5,99,2,1,50.0,0,I,MELB_URBAN,STREET,10,14.0
70232,1,5,110,1,1,50.0,0,I,MELB_URBAN,STREET,10,14.0
70233,1,5,120,5,1,50.0,0,N,MELB_URBAN,ROAD,10,14.0
70234,1,4,130,4,1,40.0,0,N,MELB_URBAN,ROAD,10,17.0
70235,8,1,99,5,1,60.0,0,N,RURAL_VICTORIA,OTHER,9,10.0
70236,1,5,113,2,1,60.0,0,I,MELB_URBAN,ROAD,10,17.0
70237,1,5,130,5,1,100.0,0,N,RURAL_VICTORIA,ROAD,10,17.0
70238,1,5,99,1,1,60.0,0,I,SMALL_CITIES,STREET,10,16.0
70239,1,5,130,5,1,80.0,0,N,MELB_URBAN,ROAD,10,17.0
70240,1,5,116,2,1,70.0,0,I,SMALL_CITIES,BOULEVARD,10,18.0
70241,1,5,99,5,1,60.0,0,N,MELB_URBAN,DRIVE,10,18.0
70242,1,5,99,2,3,50.0,0,I,MELB_URBAN,STREET,10,19.0
70243,1,5,130,5,9,60.0,0,N,MELB_URBAN,ROAD,10,21.0
70244,1,5,113,1,2,50.0,0,I,MELB_URBAN,ROAD,10,18.0
70245,4,4,99,5,1,60.0,0,N,RURAL_VICTORIA,ROAD,9,14.0
70246,1,5,134,5,3,80.0,0,N,MELB_URBAN,FREEWAY,10,22.0
70247,1,5,130,5,1,60.0,0,N,MELB_URBAN,ROAD,10,17.0
70248,4,6,173,5,3,60.0,0,N,MELB_URBAN,ROAD,10,0.0
70249,1,6,147,5,1,50.0,0,N,MELB_URBAN,ROAD,10,18.0
70250,1,4,147,5,1,40.0,0,I,MELB_URBAN,STREET,10,18.0
70251,4,7,173,1,1,60.0,0,I,MELB_URBAN,ROAD,10,14.0
70252,6,6,174,5,1,100.0,0,N,MELB_URBAN,FREEWAY,10,6.0
70253,1,5,132,2,1,80.0,0,I,RURAL_VICTORIA,ROAD,10,17.0
70254,2,1,99,5,1,50.0,0,N,MELB_URBAN,OTHER,8,17.0
70255,1,6,163,5,1,60.0,0,N,MELB_URBAN,STREET,10,11.0
70256,4,5,171,5,1,100.0,0,N,RURAL_VICTORIA,ROAD,10,7.0
70257,3,5,167,5,2,100.0,0,N,RURAL_VICTORIA,ROAD,10,6.0
70258,1,6,132,2,1,60.0,0,I,MELB_URBAN,ROAD,10,8.0
70259,1,3,130,5,1,100.0,0,N,MELB_URBAN,FREEWAY,10,15.0
70260,3,4,167,5,5,100.0,0,N,RURAL_VICTORIA,ROAD,10,5.0
70261,1,4,130,5,1,60.0,0,N,MELB_URBAN,HIGHWAY,10,14.0
70262,2,4,99,5,1,60.0,0,N,MELB_URBAN,ROAD,10,13.0
70263,4,6,173,1,1,50.0,0,I,MELB_URBAN,AVENUE,10,15.0
70264,1,6,113,2,1,60.0,0,I,MELB_URBAN,ROAD,10,8.0
70265,2,5,102,5,1,60.0,0,N,MELB_URBAN,ROAD,10,7.0
70266,1,6,121,2,1,40.0,0,I,MELB_URBAN,STREET,10,10.0
70267,1,6,116,2,9,50.0,0,I,MELB_URBAN,OTHER,10,11.0
70268,1,6,130,2,1,70.0,0,I,LARGE_PROVINCIAL_CITIES,ROAD,10,10.0
70269,4,5,181,5,1,100.0,0,N,RURAL_VICTORIA,ROAD,10,11.0
70270,1,0,121,2,1,60.0,0,I,MELB_URBAN,OTHER,8,16.0
70271,1,5,111,2,1,80.0,0,I,MELB_URBAN,HIGHWAY,10,11.0
70272,1,5,132,2,3,50.0,0,N,MELB_URBAN,ROAD,9,22.0
70273,1,6,99,5,1,60.0,0,N,MELB_URBAN,STREET,10,9.0
70274,2,6,100,1,1,80.0,0,N,MELB_URBAN,HIGHWAY,10,13.0
70275,1,6,121,1,1,60.0,0,I,MELB_URBAN,STREET,10,7.0
70276,8,5,174,5,1,50.0,0,N,SMALL_CITIES,STREET,10,16.0
70277,1,6,121,1,1,50.0,0,I,MELB_URBAN,STREET,10,9.0
70278,1,6,113,2,1,50.0,0,I,TOWNS,ROAD,10,11.0
70279,8,1,174,5,1,60.0,0,N,RURAL_VICTORIA,ROAD,10,14.0
70280,1,6,130,5,9,80.0,0,N,MELB_URBAN,ROAD,10,7.0
70281,2,5,100,1,1,50.0,0,I,TOWNS,STREET,10,16.0
70282,2,2,99,2,3,50.0,0,I,MELB_URBAN,AVENUE,8,21.0
70283,1,4,135,5,1,60.0,0,N,MELB_URBAN,ROAD,10,16.0
70284,2,5,102,5,1,60.0,0,N,MELB_URBAN,ROAD,10,17.0
70285,1,6,130,1,1,60.0,0,I,LARGE_PROVINCIAL_CITIES,STREET,10,16.0
70286,1,6,116,2,1,80.0,0,I,MELB_URBAN,ROAD,10,17.0
70287,4,5,171,5,1,100.0,0,N,RURAL_VICTORIA,HIGHWAY,10,8.0
70288,1,5,147,5,3,60.0,0,N,MELB_URBAN,STREET,9,22.0
70289,1,5,121,2,1,50.0,0,I,LARGE_PROVINCIAL_CITIES,STREET,10,18.0
70290,2,6,100,5,3,50.0,0,N,MELB_URBAN,STREET,10,19.0
70291,1,6,140,2,3,80.0,0,I,MELB_URBAN,ROAD,10,19.0
70292,3,4,167,5,5,80.0,0,N,RURAL_VICTORIA,ROAD,10,4.0
70293,3,6,167,5,1,60.0,0,N,RURAL_VICTORIA,ROAD,10,19.0
70294,1,6,99,2,1,50.0,0,N,RURAL_VICTORIA,ROAD,10,13.0
70295,1,6,130,2,1,60.0,0,I,MELB_URBAN,ROAD,10,9.0
70296,2,5,102,5,3,40.0,0,N,MELB_URBAN,STREET,10,20.0
70297,4,5,183,5,3,70.0,0,N,LARGE_PROVINCIAL_CITIES,HIGHWAY,9,23.0
70298,4,6,181,5,2,100.0,0,N,RURAL_VICTORIA,ROAD,10,6.0
70299,1,3,130,5,1,60.0,0,N,LARGE_PROVINCIAL_CITIES,ROAD,10,17.0
70300,1,5,130,5,1,60.0,0,N,MELB_URBAN,ROAD,10,18.0
70301,1,5,130,1,1,80.0,0,I,MELB_URBAN,HIGHWAY,10,18.0
70302,6,6,174,5,5,60.0,0,N,RURAL_VICTORIA,AVENUE,10,0.0
70303,1,6,120,5,5,100.0,1,N,RURAL_VICTORIA,ROAD,10,20.0
70304,2,7,99,1,3,50.0,0,I,MELB_URBAN,STREET,10,0.0
70305,1,6,113,2,1,60.0,0,I,MELB_URBAN,ROAD,10,8.0
70306,4,7,99,2,3,80.0,0,N,MELB_URBAN,ROAD,10,4.0
70307,1,6,121,2,1,60.0,0,N,TOWNS,STREET,10,18.0
70308,5,0,99,2,1,60.0,0,I,MELB_URBAN,ROAD,10,15.0
70309,1,7,110,1,1,50.0,0,I,MELB_URBAN,PARADE,10,9.0
70310,4,6,181,5,9,100.0,0,N,RURAL_VICTORIA,ROAD,10,8.0
70311,1,6,121,2,1,60.0,0,I,LARGE_PROVINCIAL_CITIES,ROAD,10,18.0
70312,1,7,113,2,1,60.0,0,I,MELB_URBAN,STREET,10,13.0
70313,4,6,173,5,1,50.0,0,N,MELB_URBAN,STREET,10,13.0
70314,1,7,113,2,1,60.0,0,I,MELB_URBAN,ROAD,10,12.0
70315,1,7,113,2,1,60.0,0,I,MELB_URBAN,PARADE,10,13.0
70316,1,6,130,5,1,70.0,0,N,LARGE_PROVINCIAL_CITIES,HIGHWAY,10,15.0
70317,4,6,171,5,5,100.0,0,N,RURAL_VICTORIA,HIGHWAY,10,5.0
70318,2,7,99,5,1,60.0,0,N,MELB_URBAN,ROAD,10,14.0
70319,1,7,110,1,1,50.0,0,I,LARGE_PROVINCIAL_CITIES,STREET,10,13.0
70320,1,7,121,5,1,70.0,0,N,RURAL_VICTORIA,ROAD,10,14.0
70321,1,6,135,5,9,60.0,0,N,MELB_URBAN,STREET,10,16.0
70322,1,6,132,2,1,80.0,0,I,RURAL_VICTORIA,HIGHWAY,10,14.0
70323,4,2,173,2,3,60.0,0,I,MELB_URBAN,ROAD,9,22.0
70324,1,7,110,1,1,80.0,0,I,MELB_URBAN,ROAD,7,10.0
70325,1,2,147,5,1,60.0,0,N,MELB_URBAN,STREET,10,12.0
70326,8,6,174,5,5,100.0,0,N,RURAL_VICTORIA,HIGHWAY,10,22.0
70327,8,4,99,5,9,60.0,0,N,RURAL_VICTORIA,ROAD,8,15.0
70328,1,7,99,2,1,80.0,0,I,MELB_URBAN,ROAD,10,13.0
70329,6,7,99,5,2,80.0,0,N,RURAL_VICTORIA,ROAD,10,18.0
70330,3,6,167,5,5,110.0,0,N,RURAL_VICTORIA,FREEWAY,10,20.0
70331,1,6,121,2,3,40.0,0,I,MELB_URBAN,STREET,10,20.0
70332,4,7,171,5,1,100.0,0,N,RURAL_VICTORIA,ROAD,10,17.0
70333,4,7,183,5,1,60.0,0,N,RURAL_VICTORIA,ROAD,10,18.0
70334,1,7,173,5,3,70.0,0,N,MELB_URBAN,ROAD,10,23.0
70335,4,1,181,5,5,60.0,0,N,RURAL_VICTORIA,OTHER,10,0.0
70336,4,7,183,5,5,80.0,0,N,RURAL_VICTORIA,ROAD,10,0.0
70337,1,5,99,5,1,60.0,0,N,MELB_URBAN,STREET,5,16.0
70338,1,1,120,5,3,60.0,0,N,MELB_URBAN,AVENUE,10,4.0
70339,1,5,130,5,3,80.0,0,N,MELB_URBAN,ROAD,9,18.0
70340,8,7,174,5,1,50.0,0,N,MELB_URBAN,STREET,10,14.0
70341,3,1,167,5,5,100.0,0,N,RURAL_VICTORIA,ROAD,10,1.0
70342,1,0,99,5,1,60.0,0,N,MELB_URBAN,ROAD,10,10.0
70343,1,1,110,1,1,40.0,0,I,MELB_URBAN,STREET,10,10.0
70344,1,0,113,2,1,50.0,0,I,MELB_URBAN,BOULEVARD,10,10.0
70345,1,3,113,2,1,60.0,0,I,SMALL_CITIES,STREET,10,8.0
70346,4,1,173,5,1,100.0,0,N,RURAL_VICTORIA,ROAD,10,11.0
70347,1,1,111,1,1,80.0,0,I,MELB_URBAN,ROAD,10,12.0
70348,2,4,100,5,3,50.0,0,N,SMALL_CITIES,STREET,9,18.0
70349,1,0,121,2,1,60.0,0,I,MELB_URBAN,STREET,10,13.0
70350,6,1,170,5,1,60.0,0,N,MELB_URBAN,ROAD,10,14.0
70351,1,2,135,5,1,100.0,0,N,MELB_URBAN,FREEWAY,10,18.0
70352,1,2,121,5,1,60.0,0,N,MELB_URBAN,ROAD,10,9.0
70353,1,6,130,5,1,80.0,0,N,MELB_URBAN,ROAD,10,15.0
70354,1,7,110,1,3,60.0,0,I,MELB_URBAN,ROAD,9,19.0
70355,4,1,183,2,1,50.0,0,I,LARGE_PROVINCIAL_CITIES,AVENUE,10,12.0
70356,1,1,116,2,1,70.0,0,I,MELB_URBAN,ROAD,10,16.0
70357,1,1,121,5,1,100.0,0,N,RURAL_VICTORIA,ROAD,10,13.0
70358,1,0,121,2,1,80.0,0,N,MELB_URBAN,ROAD,10,14.0
70359,1,0,120,5,1,60.0,0,N,RURAL_VICTORIA,ROAD,10,16.0
70360,1,1,99,2,1,50.0,0,I,LARGE_PROVINCIAL_CITIES,PARADE,10,19.0
70361,8,1,99,5,1,100.0,0,N,RURAL_VICTORIA,ROAD,10,15.0
70362,1,2,130,2,9,60.0,0,I,MELB_URBAN,DRIVE,10,8.0
70363,1,7,140,2,2,80.0,0,I,MELB_URBAN,ROAD,8,17.0
70364,1,0,120,5,1,60.0,0,N,RURAL_VICTORIA,ROAD,10,15.0
70365,1,1,130,5,3,60.0,0,N,MELB_URBAN,ROAD,10,20.0
70366,4,1,171,5,5,80.0,0,N,MELB_URBAN,ROAD,10,21.0
70367,1,3,130,5,1,80.0,0,N,MELB_URBAN,UNKNOWN,10,17.0
70368,1,7,130,5,1,80.0,0,N,MELB_URBAN,HIGHWAY,10,13.0
70369,4,2,171,5,1,100.0,0,N,RURAL_VICTORIA,ROAD,10,7.0
70370,1,2,130,5,1,40.0,0,N,MELB_URBAN,ROAD,10,8.0
70371,1,5,134,1,1,50.0,0,I,MELB_URBAN,STREET,10,10.0
70372,4,2,171,5,1,80.0,0,N,MELB_URBAN,ROAD,10,7.0
70373,4,1,173,5,1,80.0,0,N,MELB_URBAN,ROAD,10,6.0
70374,4,1,99,2,3,60.0,0,I,MELB_URBAN,ROAD,7,1.0
70375,1,2,132,2,1,60.0,0,I,MELB_URBAN,ROAD,10,8.0
70376,1,2,113,2,1,70.0,0,I,LARGE_PROVINCIAL_CITIES,DRIVE,10,8.0
70377,1,2,130,5,1,80.0,0,N,RURAL_VICTORIA,STREET,10,10.0
70378,1,1,121,2,1,50.0,0,I,MELB_URBAN,ROAD,10,9.0
70379,2,2,99,5,1,50.0,0,N,MELB_URBAN,ROAD,10,6.0
70380,1,1,130,5,1,60.0,0,N,RURAL_VICTORIA,ROAD,10,8.0
70381,2,2,99,5,1,70.0,0,N,MELB_URBAN,ROAD,10,8.0
70382,1,2,147,5,1,60.0,0,N,MELB_URBAN,STREET,10,12.0
70383,1,1,130,2,1,80.0,0,N,MELB_URBAN,ROAD,10,11.0
70384,1,2,110,1,1,60.0,0,I,LARGE_PROVINCIAL_CITIES,STREET,10,13.0
70385,4,2,173,2,1,60.0,0,I,MELB_URBAN,ROAD,10,8.0
70386,6,0,184,5,1,80.0,0,N,RURAL_VICTORIA,ROAD,10,10.0
70387,1,1,99,1,1,60.0,0,I,MELB_URBAN,DRIVE,10,14.0
70388,1,1,130,4,1,70.0,0,N,MELB_URBAN,ROAD,9,9.0
70389,1,2,130,1,1,70.0,0,I,MELB_URBAN,ROAD,10,13.0
70390,8,1,174,5,9,100.0,0,N,RURAL_VICTORIA,ROAD,9,13.0
70391,2,1,100,5,6,40.0,0,N,MELBOURNE_CBD,STREET,10,4.0
70392,1,7,130,2,1,80.0,0,I,MELB_URBAN,HIGHWAY,10,18.0
70393,2,1,100,2,3,60.0,0,I,MELB_URBAN,STREET,10,20.0
70394,1,6,130,1,1,60.0,0,I,MELB_URBAN,ROAD,10,15.0
70395,1,2,140,2,9,40.0,0,N,MELB_URBAN,STREET,10,13.0
70396,1,1,130,5,1,100.0,0,N,MELB_URBAN,FREEWAY,10,15.0
70397,1,1,111,2,1,100.0,0,I,RURAL_VICTORIA,HIGHWAY,9,14.0
70398,1,5,121,2,3,70.0,0,I,MELB_URBAN,ROAD,9,19.0
70399,1,6,130,1,1,60.0,0,I,MELB_URBAN,ROAD,10,7.0
70400,1,2,130,2,1,60.0,0,N,MELB_URBAN,STREET,10,11.0
70401,2,2,99,2,1,50.0,0,I,MELB_URBAN,ROAD,10,16.0
70402,1,2,113,1,1,80.0,0,I,MELB_URBAN,ROAD,10,14.0
70403,1,1,121,2,1,50.0,0,I,MELB_URBAN,AVENUE,10,18.0
70404,1,2,121,4,1,50.0,0,I,MELB_URBAN,STREET,10,17.0
70405,1,7,130,2,1,40.0,0,I,MELB_URBAN,STREET,10,17.0
70406,2,1,100,5,1,50.0,0,N,MELB_URBAN,STREET,10,15.0
70407,8,2,174,2,1,60.0,0,I,MELB_URBAN,STREET,10,17.0
70408,4,5,183,5,1,100.0,0,N,RURAL_VICTORIA,OTHER,9,15.0
70409,1,2,99,5,1,60.0,0,N,MELB_URBAN,ROAD,10,7.0
70410,1,7,99,1,1,60.0,0,I,MELB_URBAN,PARADE,10,11.0
70411,4,0,171,5,3,60.0,0,N,MELB_URBAN,STREET,10,21.0
70412,2,6,99,5,5,100.0,0,N,MELB_URBAN,FREEWAY,10,22.0
70413,1,2,99,2,1,40.0,0,I,TOWNS,STREET,10,17.0
70414,1,2,121,2,1,80.0,0,I,MELB_URBAN,DRIVE,10,14.0
70415,1,2,99,2,1,50.0,0,I,SMALL_CITIES,DRIVE,10,15.0
70416,1,1,121,1,3,80.0,0,I,MELB_URBAN,HIGHWAY,10,23.0
70417,4,2,171,5,3,70.0,0,N,MELB_URBAN,STREET,10,23.0
70418,1,3,113,2,3,60.0,0,I,MELB_URBAN,OTHER,10,5.0
70419,1,2,130,5,1,60.0,0,N,MELB_URBAN,STREET,8,12.0
70420,1,2,110,1,2,60.0,0,I,MELB_URBAN,ROAD,10,5.0
70421,1,2,130,5,1,100.0,0,N,MELB_URBAN,FREEWAY,10,7.0
70422,1,2,111,2,2,50.0,0,I,SMALL_CITIES,STREET,10,17.0
70423,1,3,130,5,1,70.0,0,N,SMALL_CITIES,ROAD,10,8.0
70424,1,3,113,2,1,80.0,0,I,RURAL_VICTORIA,DRIVE,10,9.0
70425,1,3,130,1,1,50.0,0,I,SMALL_CITIES,ROAD,10,7.0
70426,1,3,121,1,1,40.0,0,I,MELB_URBAN,STREET,10,6.0
70427,1,3,132,1,1,60.0,0,I,LARGE_PROVINCIAL_CITIES,STREET,10,15.0
70428,1,3,99,4,1,60.0,0,I,MELB_URBAN,STREET,10,11.0
70429,8,7,184,2,1,60.0,0,I,RURAL_VICTORIA,ROAD,10,12.0
70430,8,7,184,5,1,100.0,0,N,RURAL_VICTORIA,ROAD,10,12.0
70431,1,3,110,1,1,100.0,0,I,RURAL_VICTORIA,OTHER,10,10.0
70432,4,3,183,5,1,110.0,0,N,RURAL_VICTORIA,RAMP,10,9.0
70433,8,3,174,2,1,60.0,0,I,RURAL_VICTORIA,HIGHWAY,10,10.0
70434,1,3,147,5,1,60.0,0,N,SMALL_CITIES,STREET,10,14.0
70435,1,3,120,5,1,100.0,0,N,RURAL_VICTORIA,ROAD,10,12.0
70436,1,2,121,2,1,80.0,0,I,RURAL_VICTORIA,DRIVE,10,9.0
70437,1,3,116,1,1,70.0,0,I,MELB_URBAN,STREET,10,11.0
70438,8,1,99,5,1,100.0,0,N,RURAL_VICTORIA,ROAD,10,11.0
70439,6,1,174,5,1,60.0,0,N,RURAL_VICTORIA,ROAD,10,10.0
70440,1,2,130,3,1,60.0,0,N,MELB_URBAN,ROAD,10,15.0