,accident_type,day_of_week,dca_code,road_geometry,light_condition,speed_zone,severity,node_type,deg_urban_name,road_type,month,hour
70441,1,3,99,2,1,50.0,0,N,MELB_URBAN,ROAD,10,18.0
70442,1,6,132,1,1,60.0,0,I,MELB_URBAN,STREET,5,14.0
70443,4,2,173,5,1,100.0,0,N,RURAL_VICTORIA,ROAD,10,17.0
70444,1,3,110,1,1,100.0,0,I,RURAL_VICTORIA,HIGHWAY,10,18.0
70445,4,3,173,5,1,80.0,0,N,RURAL_VICTORIA,ROAD,10,16.0
70446,1,3,110,1,3,60.0,0,I,SMALL_CITIES,STREET,10,22.0
70447,4,3,183,5,3,70.0,0,N,MELB_URBAN,ROAD,10,23.0
70448,4,4,173,2,3,50.0,0,I,SMALL_CITIES,STREET,10,0.0
70449,4,4,183,5,5,100.0,0,N,RURAL_VICTORIA,ROAD,10,2.0
70450,1,4,110,1,3,70.0,0,I,MELB_URBAN,ROAD,10,3.0
70451,1,3,121,4,1,60.0,0,I,MELB_URBAN,ROAD,10,12.0
70452,1,4,183,5,3,50.0,0,N,MELB_URBAN,ROAD,10,3.0
70453,1,3,130,5,1,100.0,0,N,MELB_URBAN,FREEWAY,10,15.0
70454,1,4,130,2,1,80.0,0,N,MELB_URBAN,ROAD,10,6.0
70455,1,4,99,5,5,50.0,0,N,MELB_URBAN,AVENUE,10,7.0
70456,4,3,183,5,1,80.0,0,N,RURAL_VICTORIA,ROAD,10,14.0
70457,1,4,147,5,1,50.0,0,N,MELB_URBAN,STREET,10,8.0
70458,1,4,130,5,1,60.0,0,N,MELB_URBAN,PARADE,8,16.0
70459,1,5,99,5,1,40.0,0,N,LARGE_PROVINCIAL_CITIES,STREET,10,15.0
70460,4,3,171,5,1,110.0,0,N,TOWNS,FREEWAY,10,7.0
70461,2,3,102,1,1,60.0,0,I,MELB_URBAN,ROAD,10,15.0
70462,4,1,181,5,3,80.0,0,N,MELB_URBAN,RAMP,10,0.0
70463,1,4,113,1,1,60.0,0,I,MELB_URBAN,AVENUE,10,9.0
70464,1,3,110,1,1,50.0,0,I,MELB_URBAN,STREET,10,10.0
70465,1,4,130,2,2,70.0,0,N,MELB_URBAN,ROAD,10,6.0
70466,1,2,130,5,3,60.0,0,N,MELB_URBAN,ROAD,9,21.0
70467,1,1,99,5,1,60.0,0,N,MELB_URBAN,STREET,9,14.0
70468,1,2,130,2,1,80.0,0,I,MELB_URBAN,ROAD,10,14.0
70469,4,4,173,5,1,100.0,0,N,RURAL_VICTORIA,ROAD,10,10.0
70470,1,3,130,1,1,60.0,0,I,MELB_URBAN,ROAD,10,8.0
70471,1,3,130,5,1,100.0,0,I,MELB_URBAN,RAMP,10,7.0
70472,1,4,163,5,1,40.0,0,N,MELBOURNE_CBD,STREET,10,11.0
70473,1,4,130,5,1,90.0,0,N,MELB_URBAN,ROAD,10,11.0
70474,4,4,183,5,5,80.0,0,N,RURAL_VICTORIA,ROAD,9,20.0
70475,2,4,99,2,1,60.0,0,I,SMALL_CITIES,STREET,10,12.0
70476,5,2,99,2,2,60.0,0,N,MELB_URBAN,OTHER,10,18.0
70477,1,3,110,1,3,60.0,0,I,MELB_URBAN,ROAD,10,20.0
70478,1,4,130,5,1,60.0,0,N,MELB_URBAN,STREET,10,8.0
70479,1,4,113,2,1,100.0,0,N,RURAL_VICTORIA,HIGHWAY,10,11.0
70480,8,3,184,5,1,100.0,0,N,RURAL_VICTORIA,ROAD,10,9.0
70481,4,2,171,5,1,100.0,0,N,RURAL_VICTORIA,ROAD,10,17.0
70482,4,4,171,5,1,100.0,0,N,RURAL_VICTORIA,ROAD,10,14.0
70483,2,5,99,1,1,80.0,0,I,MELB_URBAN,STREET,8,17.0
70484,1,4,134,5,1,60.0,0,N,MELB_URBAN,OTHER,10,14.0
70485,2,7,99,5,9,60.0,0,N,MELB_URBAN,STREET,10,23.0
70486,1,4,130,5,1,60.0,0,N,MELB_URBAN,STREET,10,13.0
70487,1,4,110,4,1,100.0,0,I,RURAL_VICTORIA,ROAD,10,12.0
70488,1,4,130,1,1,60.0,0,I,MELB_URBAN,STREET,10,17.0
70489,2,4,99,5,1,60.0,0,N,MELB_URBAN,ROAD,10,15.0
70490,1,4,99,5,1,60.0,0,N,MELB_URBAN,ROAD,10,16.0
70491,1,4,111,2,1,60.0,0,I,MELB_URBAN,ROAD,10,17.0
70492,1,4,99,4,1,100.0,0,I,RURAL_VICTORIA,ROAD,10,14.0
70493,1,4,113,2,1,60.0,0,I,MELB_URBAN,ROAD,10,16.0
70494,4,4,183,5,1,100.0,0,N,RURAL_VICTORIA,HIGHWAY,10,13.0
70495,1,4,99,1,1,50.0,0,I,MELB_URBAN,ROAD,10,18.0
70496,1,4,130,5,1,80.0,0,N,MELB_URBAN,ROAD,10,16.0
70497,1,4,121,1,1,80.0,0,I,MELB_URBAN,ROAD,10,16.0
70498,1,4,130,2,1,60.0,0,I,MELB_URBAN,ROAD,10,8.0
70499,1,4,135,2,9,60.0,0,I,MELB_URBAN,OTHER,10,18.0
70500,1,3,130,5,1,70.0,0,N,MELB_URBAN,ROAD,10,17.0
70501,8,4,174,2,1,80.0,0,I,MELB_URBAN,ROAD,10,15.0
70502,6,5,170,5,5,110.0,0,N,RURAL_VICTORIA,FREEWAY,10,2.0
70503,1,2,130,1,1,60.0,0,I,MELB_URBAN,ROAD,6,16.0
70504,1,3,130,5,1,60.0,0,N,LARGE_PROVINCIAL_CITIES,STREET,10,12.0
70505,1,4,121,1,3,50.0,0,I,MELB_URBAN,STREET,10,20.0
70506,1,5,99,1,9,60.0,0,I,MELBOURNE_CBD,STREET,10,15.0
70507,4,2,173,5,1,100.0,0,N,RURAL_VICTORIA,ROAD,10,17.0
70508,1,4,130,5,3,100.0,0,N,MELB_URBAN,FREEWAY,10,21.0
70509,1,4,99,5,1,60.0,0,N,MELBOURNE_CBD,STREET,10,17.0
70510,8,5,174,1,1,60.0,0,I,MELB_URBAN,HIGHWAY,10,16.0
70511,4,2,171,5,5,100.0,0,N,RURAL_VICTORIA,ROAD,9,4.0
70512,1,4,99,5,1,50.0,0,N,MELB_URBAN,OTHER,10,17.0
70513,8,6,99,5,1,60.0,0,N,RURAL_VICTORIA,ROAD,9,16.0
70514,4,3,183,5,1,60.0,0,N,MELB_URBAN,ROAD,10,16.0
70515,1,4,99,5,1,60.0,0,N,MELB_URBAN,ROAD,10,10.0
70516,1,6,113,2,1,60.0,0,I,MELB_URBAN,ROAD,9,9.0
70517,1,4,121,1,1,60.0,0,I,MELB_URBAN,HIGHWAY,10,11.0
70518,1,4,99,5,1,60.0,0,N,MELB_URBAN,ROAD,10,13.0
70519,6,5,184,5,1,80.0,0,N,RURAL_VICTORIA,ROAD,10,12.0
70520,1,5,130,5,1,60.0,0,N,MELB_URBAN,STREET,10,13.0
70521,4,5,99,2,1,60.0,0,I,MELB_URBAN,ROAD,10,12.0
70522,4,5,173,2,1,60.0,0,I,MELB_URBAN,ROAD,10,13.0
70523,1,5,110,1,1,60.0,0,I,MELB_URBAN,ROAD,10,7.0
70524,1,2,130,2,1,60.0,0,I,MELB_URBAN,ROAD,8,7.0
70525,1,4,130,2,1,50.0,0,I,LARGE_PROVINCIAL_CITIES,ROAD,10,15.0
70526,1,5,130,5,1,70.0,0,N,MELB_URBAN,STREET,10,14.0
70527,1,5,130,5,1,60.0,0,N,MELB_URBAN,STREET,10,15.0
70528,4,2,171,5,2,80.0,0,N,RURAL_VICTORIA,HIGHWAY,8,16.0
70529,1,7,130,1,1,70.0,0,I,MELB_URBAN,ROAD,9,17.0
70530,1,4,130,5,1,80.0,0,N,MELB_URBAN,STREET,10,15.0
70531,1,4,171,5,1,50.0,0,N,MELB_URBAN,STREET,10,15.0
70532,1,5,121,2,1,60.0,0,I,MELB_URBAN,ROAD,10,17.0
70533,1,5,113,2,1,60.0,0,I,MELB_URBAN,ROAD,10,16.0
70534,1,5,163,5,1,40.0,0,N,MELB_URBAN,STREET,10,17.0
70535,2,4,100,5,1,60.0,0,N,MELB_URBAN,BOULEVARD,10,13.0
70536,4,5,181,5,1,50.0,0,N,MELB_URBAN,ROAD,10,17.0
70537,1,5,120,5,1,60.0,1,N,RURAL_VICTORIA,ROAD,10,12.0
70538,1,4,116,2,2,60.0,0,I,SMALL_CITIES,AVENUE,8,19.0
70539,4,5,171,5,1,60.0,0,N,MELB_URBAN,STREET,10,18.0
70540,1,5,120,5,1,100.0,0,N,RURAL_VICTORIA,ROAD,10,17.0
70541,1,5,132,5,1,60.0,0,N,LARGE_PROVINCIAL_CITIES,STREET,10,18.0
70542,1,4,99,5,2,60.0,0,N,MELB_URBAN,ROAD,10,18.0
70543,1,5,140,5,1,50.0,0,N,MELB_URBAN,STREET,10,16.0
70544,5,4,99,5,2,50.0,0,N,MELB_URBAN,AVENUE,10,19.0
70545,1,5,110,1,1,50.0,0,I,TOWNS,STREET,10,18.0
70546,4,5,173,5,1,100.0,1,N,RURAL_VICTORIA,HIGHWAY,10,18.0
70547,1,4,135,5,1,100.0,0,N,MELB_URBAN,UNKNOWN,10,16.0
70548,1,5,110,1,2,40.0,0,I,MELB_URBAN,STREET,10,19.0
70549,7,5,99,5,1,100.0,0,N,RURAL_VICTORIA,ROAD,10,15.0
70550,1,5,132,1,1,60.0,0,I,MELB_URBAN,ROAD,10,17.0
70551,4,5,183,2,2,80.0,0,N,MELB_URBAN,DRIVE,10,19.0
70552,1,5,116,2,3,40.0,0,N,SMALL_CITIES,STREET,10,21.0
70553,1,4,130,5,1,100.0,0,N,MELB_URBAN,FREEWAY,8,14.0
70554,1,6,99,5,1,60.0,0,N,MELB_URBAN,ROAD,10,8.0
70555,1,5,113,1,1,60.0,0,I,MELB_URBAN,ROAD,10,17.0
70556,1,2,130,2,1,80.0,0,I,MELB_URBAN,ROAD,10,17.0
70557,1,4,121,1,3,60.0,0,I,MELB_URBAN,STREET,10,20.0
70558,1,3,130,1,1,60.0,0,I,RURAL_VICTORIA,ROAD,10,14.0
70559,2,3,100,1,1,50.0,0,I,MELB_URBAN,STREET,10,15.0
70560,1,6,99,5,1,70.0,0,N,MELB_URBAN,HIGHWAY,10,11.0
70561,1,6,110,1,1,60.0,0,I,MELB_URBAN,ROAD,10,13.0
70562,2,5,99,1,1,50.0,0,I,LARGE_PROVINCIAL_CITIES,STREET,9,13.0
70563,1,6,99,5,1,50.0,0,N,MELB_URBAN,STREET,10,16.0
70564,1,7,130,1,1,60.0,0,I,MELB_URBAN,ROAD,10,11.0
70565,1,6,113,3,1,60.0,0,I,MELB_URBAN,ROAD,10,10.0
70566,1,6,121,4,1,60.0,0,I,MELB_URBAN,ROAD,10,10.0
70567,8,2,174,1,9,60.0,0,I,MELB_URBAN,STREET,5,16.0
70568,1,6,132,2,1,60.0,0,I,LARGE_PROVINCIAL_CITIES,ROAD,10,13.0
70569,1,6,130,2,1,80.0,0,I,RURAL_VICTORIA,ROAD,10,12.0
70570,1,5,111,1,1,80.0,0,I,RURAL_VICTORIA,ROAD,10,7.0
70571,8,1,174,5,1,80.0,0,N,MELB_URBAN,UNKNOWN,2,15.0
70572,8,2,174,2,1,80.0,0,I,MELB_URBAN,ROAD,10,9.0
70573,1,6,99,5,1,50.0,0,N,MELB_URBAN,OTHER,10,15.0
70574,4,6,173,2,1,60.0,0,I,MELB_URBAN,ROAD,10,14.0
70575,4,6,171,5,1,70.0,0,N,MELB_URBAN,ROAD,10,14.0
70576,1,4,110,1,1,50.0,0,I,MELB_URBAN,ROAD,10,18.0
70577,1,6,110,1,1,50.0,0,I,TOWNS,STREET,10,16.0
70578,5,6,99,5,1,60.0,0,N,RURAL_VICTORIA,ROAD,10,12.0
70579,4,6,181,5,1,100.0,0,N,RURAL_VICTORIA,HIGHWAY,10,14.0
70580,1,6,134,5,1,80.0,0,N,MELB_URBAN,ROAD,9,13.0
70581,1,6,163,5,1,60.0,0,N,MELB_URBAN,ROAD,10,9.0
70582,4,6,171,5,1,60.0,0,N,MELB_URBAN,ROAD,10,15.0
70583,4,4,171,5,1,80.0,0,N,MELB_URBAN,DRIVE,10,16.0
70584,1,2,113,2,1,60.0,0,I,MELB_URBAN,ROAD,10,15.0
70585,1,6,110,1,1,100.0,0,I,RURAL_VICTORIA,ROAD,10,15.0
70586,4,5,181,5,1,60.0,0,N,RURAL_VICTORIA,ROAD,10,15.0
70587,2,6,100,2,1,60.0,0,I,MELB_URBAN,STREET,10,18.0
70588,4,6,99,2,1,50.0,0,I,RURAL_VICTORIA,ROAD,10,17.0
70589,1,5,130,2,1,80.0,0,I,MELB_URBAN,ROAD,10,17.0
70590,4,5,171,5,1,100.0,0,N,RURAL_VICTORIA,HIGHWAY,10,18.0
70591,1,6,120,5,1,80.0,0,N,MELB_URBAN,HIGHWAY,10,16.0
70592,1,7,120,5,1,100.0,0,N,RURAL_VICTORIA,ROAD,10,14.0
70593,2,5,102,5,1,30.0,0,N,MELB_URBAN,STREET,10,15.0
70594,4,5,173,2,1,50.0,0,I,MELB_URBAN,ROAD,10,13.0
70595,4,6,173,5,1,60.0,0,N,MELB_URBAN,ROAD,10,17.0
70596,1,5,116,1,2,60.0,0,I,MELB_URBAN,ROAD,10,19.0
70597,4,7,183,5,5,60.0,0,N,TOWNS,ROAD,10,3.0
70598,1,6,130,5,1,80.0,1,N,RURAL_VICTORIA,ROAD,10,16.0
70599,2,6,100,5,3,60.0,0,N,MELB_URBAN,AVENUE,10,19.0
70600,8,6,174,5,1,60.0,0,I,MELB_URBAN,STREET,10,15.0
70601,1,5,120,1,3,70.0,0,N,MELB_URBAN,ROAD,10,18.0
70602,4,5,171,5,5,80.0,0,N,RURAL_VICTORIA,ROAD,10,20.0
70603,1,6,130,4,1,60.0,0,I,SMALL_CITIES,RAMP,10,18.0
70604,4,5,171,1,1,50.0,0,I,MELB_URBAN,OTHER,10,13.0
70605,1,6,130,5,1,50.0,0,N,MELB_URBAN,STREET,10,18.0
70606,2,7,99,5,5,80.0,0,N,MELB_URBAN,ROAD,10,0.0
70607,8,5,174,2,3,70.0,0,I,MELB_URBAN,ROAD,10,22.0
70608,4,6,173,5,5,90.0,0,N,RURAL_VICTORIA,ROAD,10,22.0
70609,1,6,116,2,3,50.0,0,I,MELB_URBAN,STREET,10,22.0
70610,1,7,120,5,3,70.0,0,N,MELB_URBAN,ROAD,10,5.0
70611,6,6,174,5,2,60.0,0,N,MELB_URBAN,ROAD,10,19.0
70612,1,2,130,1,9,50.0,0,I,MELB_URBAN,ROAD,10,15.0
70613,1,4,130,5,1,60.0,0,N,MELB_URBAN,FREEWAY,10,9.0
70614,1,7,140,5,1,60.0,0,N,MELB_URBAN,STREET,10,9.0
70615,1,7,120,5,1,70.0,0,N,MELB_URBAN,ROAD,10,11.0
70616,6,7,99,4,1,60.0,0,I,SMALL_CITIES,RAMP,10,11.0
70617,1,6,113,2,1,60.0,0,I,SMALL_CITIES,ROAD,10,11.0
70618,1,1,120,5,1,100.0,0,N,RURAL_VICTORIA,ROAD,9,10.0
70619,1,1,120,5,1,60.0,0,N,RURAL_VICTORIA,OTHER,10,12.0
70620,6,6,174,1,1,70.0,0,N,MELB_URBAN,ROAD,10,13.0
70621,1,7,120,5,1,50.0,0,N,MELB_URBAN,ROAD,10,12.0
70622,8,1,174,5,1,60.0,0,N,RURAL_VICTORIA,OTHER,8,13.0
70623,1,7,113,2,1,80.0,0,I,MELB_URBAN,ROAD,10,13.0
70624,1,6,130,5,1,80.0,0,N,RURAL_VICTORIA,ROAD,10,12.0
70625,1,7,130,5,1,100.0,0,N,MELB_URBAN,FREEWAY,10,13.0
70626,4,6,171,5,1,100.0,0,N,RURAL_VICTORIA,FREEWAY,10,7.0
70627,2,6,102,1,1,50.0,0,I,MELB_URBAN,STREET,10,16.0
70628,1,7,130,5,1,100.0,0,N,MELB_URBAN,FREEWAY,10,15.0
70629,4,5,181,5,1,80.0,0,N,RURAL_VICTORIA,ROAD,4,16.0
70630,1,6,160,5,1,60.0,0,N,MELB_URBAN,STREET,10,17.0
70631,4,7,183,5,1,60.0,0,N,MELB_URBAN,ROAD,10,18.0
70632,1,6,130,5,1,80.0,0,N,MELB_URBAN,HIGHWAY,10,17.0
70633,8,7,174,5,1,60.0,0,N,RURAL_VICTORIA,ROAD,10,15.0
70634,2,7,102,5,2,60.0,0,N,MELB_URBAN,OTHER,10,18.0
70635,5,6,99,5,5,100.0,0,N,RURAL_VICTORIA,ROAD,10,21.0
70636,4,7,171,2,2,60.0,0,I,SMALL_CITIES,STREET,10,19.0
70637,1,7,120,5,3,60.0,0,N,SMALL_CITIES,ROAD,10,4.0
70638,1,7,160,5,1,60.0,0,N,MELB_URBAN,ROAD,10,16.0
70639,4,7,173,5,3,70.0,0,N,MELB_URBAN,ROAD,10,19.0
70640,1,7,121,4,3,60.0,0,I,MELB_URBAN,ROAD,10,20.0
70641,4,6,181,5,2,100.0,0,N,RURAL_VICTORIA,HIGHWAY,10,19.0
70642,4,7,99,5,5,80.0,0,N,RURAL_VICTORIA,ROAD,10,21.0
70643,2,7,99,5,3,60.0,1,N,MELB_URBAN,STREET,10,20.0
70644,1,1,121,2,3,80.0,0,N,MELB_URBAN,ROAD,10,1.0
70645,8,3,174,5,1,60.0,0,N,MELB_URBAN,STREET,10,7.0
70646,2,1,99,5,5,100.0,0,N,RURAL_VICTORIA,HIGHWAY,10,2.0
70647,1,1,130,5,5,100.0,0,N,MELB_URBAN,FREEWAY,10,4.0
70648,1,7,110,1,1,60.0,0,I,LARGE_PROVINCIAL_CITIES,STREET,10,14.0
70649,1,7,110,1,1,60.0,0,I,TOWNS,ROAD,10,13.0
70650,1,0,132,2,1,60.0,0,I,MELB_URBAN,ROAD,10,6.0
70651,1,6,130,5,1,80.0,0,N,MELB_URBAN,ROAD,10,13.0
70652,1,7,163,5,9,50.0,0,N,MELB_URBAN,STREET,10,9.0
70653,1,1,110,1,1,100.0,0,I,RURAL_VICTORIA,AVENUE,10,10.0
70654,1,1,135,5,3,80.0,0,N,MELB_URBAN,FREEWAY,9,23.0
70655,1,4,130,5,5,70.0,0,N,MELB_URBAN,ROAD,10,20.0
70656,1,6,110,1,1,50.0,0,I,MELB_URBAN,STREET,10,17.0
70657,1,1,163,1,1,60.0,0,I,MELB_URBAN,STREET,10,11.0
70658,4,1,171,5,1,100.0,0,N,RURAL_VICTORIA,ROAD,10,12.0
70659,1,1,121,1,1,60.0,0,I,MELB_URBAN,ROAD,10,13.0
70660,1,7,110,1,3,50.0,0,I,MELB_URBAN,STREET,10,19.0
70661,2,1,99,5,1,60.0,0,N,MELB_URBAN,ROAD,10,14.0
70662,1,1,134,5,1,80.0,0,N,RURAL_VICTORIA,ROAD,10,14.0
70663,6,5,184,5,1,100.0,0,N,RURAL_VICTORIA,ROAD,10,17.0
70664,4,1,173,5,1,100.0,1,N,RURAL_VICTORIA,DRIVE,10,13.0
70665,1,1,99,4,1,60.0,0,I,TOWNS,ROAD,10,11.0
70666,1,1,121,1,1,60.0,0,I,SMALL_TOWNS,HIGHWAY,10,17.0
70667,1,0,120,5,1,80.0,0,N,RURAL_VICTORIA,ROAD,10,16.0
70668,1,1,121,1,3,60.0,0,I,MELB_URBAN,ROAD,10,20.0
70669,5,1,99,5,5,100.0,0,N,RURAL_VICTORIA,HIGHWAY,10,20.0
70670,4,1,183,5,5,80.0,0,N,RURAL_VICTORIA,ROAD,10,1.0
70671,4,1,181,5,1,80.0,0,N,RURAL_VICTORIA,ROAD,10,17.0
70672,1,1,110,1,3,80.0,0,N,MELB_URBAN,HIGHWAY,10,21.0
70673,6,1,174,5,2,110.0,0,N,RURAL_VICTORIA,HIGHWAY,10,19.0
70674,4,1,171,5,5,100.0,0,N,RURAL_VICTORIA,ROAD,10,20.0
70675,1,6,132,4,1,60.0,0,N,MELB_URBAN,ROAD,10,18.0
70676,1,2,134,1,1,40.0,0,I,MELBOURNE_CBD,OTHER,10,10.0
70677,1,1,121,2,3,60.0,0,I,MELB_URBAN,BOULEVARD,10,22.0
70678,1,6,116,1,1,80.0,0,I,MELB_URBAN,ROAD,8,15.0
70679,1,2,113,1,1,60.0,0,I,MELB_URBAN,ROAD,10,8.0
70680,1,2,120,5,1,80.0,0,N,RURAL_VICTORIA,ROAD,10,9.0
70681,4,2,181,5,1,100.0,0,N,RURAL_VICTORIA,HIGHWAY,10,9.0
70682,1,6,130,5,1,100.0,0,N,MELB_URBAN,UNKNOWN,10,9.0
70683,1,2,130,5,1,60.0,0,N,MELB_URBAN,ROAD,10,9.0
70684,1,2,99,2,1,60.0,0,I,MELB_URBAN,PARADE,10,10.0
70685,1,2,140,5,1,100.0,0,N,RURAL_VICTORIA,ROAD,10,8.0
70686,4,2,173,5,5,100.0,0,N,RURAL_VICTORIA,ROAD,10,6.0
70687,1,7,113,1,3,60.0,0,I,MELB_URBAN,ROAD,10,19.0
70688,4,2,181,5,1,110.0,0,N,RURAL_VICTORIA,HIGHWAY,10,9.0
70689,1,2,110,1,1,50.0,0,I,MELB_URBAN,STREET,10,8.0
70690,8,1,99,1,1,60.0,0,N,MELB_URBAN,ROAD,10,11.0
70691,1,5,99,1,3,50.0,0,I,MELB_URBAN,ROAD,10,22.0
70692,1,2,130,5,1,60.0,0,N,MELB_URBAN,HIGHWAY,10,13.0
70693,6,1,170,1,1,100.0,0,I,RURAL_VICTORIA,HIGHWAY,10,17.0
70694,4,1,173,5,1,80.0,0,N,RURAL_VICTORIA,ROAD,10,11.0
70695,1,1,130,5,1,70.0,0,N,MELB_URBAN,ROAD,10,12.0
70696,1,2,99,5,1,60.0,0,N,LARGE_PROVINCIAL_CITIES,STREET,10,11.0
70697,1,1,130,1,1,80.0,0,I,MELB_URBAN,ROAD,10,13.0
70698,1,2,135,5,1,100.0,0,N,MELB_URBAN,ROAD,10,7.0
70699,1,6,130,1,1,70.0,0,I,MELB_URBAN,HIGHWAY,10,16.0
70700,1,2,133,5,1,60.0,0,N,MELB_URBAN,ROAD,10,15.0
70701,4,1,173,5,1,50.0,0,N,MELB_URBAN,STREET,10,16.0
70702,1,2,121,1,1,70.0,0,I,MELB_URBAN,STREET,10,16.0
70703,1,2,130,2,9,50.0,0,I,MELB_URBAN,ROAD,10,7.0
70704,1,2,110,1,1,100.0,0,I,RURAL_VICTORIA,ROAD,10,16.0
70705,1,1,110,1,1,60.0,0,I,SMALL_TOWNS,STREET,10,11.0
70706,4,2,181,5,1,100.0,0,N,RURAL_VICTORIA,HIGHWAY,10,17.0
70707,1,1,99,5,1,40.0,0,N,LARGE_PROVINCIAL_CITIES,PARADE,10,18.0
70708,2,1,99,5,1,40.0,0,N,LARGE_PROVINCIAL_CITIES,OTHER,10,16.0
70709,1,2,110,1,1,80.0,1,I,RURAL_VICTORIA,ROAD,10,16.0
70710,4,2,181,5,1,60.0,0,N,SMALL_CITIES,ROAD,10,18.0
70711,4,2,173,5,3,50.0,0,N,MELB_URBAN,STREET,10,22.0
70712,1,3,99,5,3,50.0,0,N,MELB_URBAN,ROAD,10,0.0
70713,4,1,173,5,3,60.0,0,N,MELB_URBAN,ROAD,10,23.0
70714,4,2,183,5,3,40.0,1,N,MELB_URBAN,STREET,10,22.0
70715,1,3,147,5,2,50.0,0,N,SMALL_CITIES,STREET,10,6.0
70716,1,3,140,1,1,70.0,0,I,LARGE_PROVINCIAL_CITIES,OTHER,10,6.0
70717,1,2,140,5,1,100.0,0,N,RURAL_VICTORIA,ROAD,10,16.0
70718,8,2,184,5,1,80.0,0,N,RURAL_VICTORIA,ROAD,10,15.0
70719,2,2,102,2,1,50.0,0,I,TOWNS,STREET,10,16.0
70720,1,3,116,2,1,70.0,0,I,MELB_URBAN,STREET,10,7.0
70721,1,2,147,5,1,80.0,0,N,RURAL_VICTORIA,ROAD,10,11.0
70722,1,3,99,5,1,60.0,0,N,MELB_URBAN,ROAD,10,8.0
70723,1,2,121,2,1,60.0,0,I,MELB_URBAN,ROAD,10,9.0
70724,4,7,99,2,6,60.0,0,N,MELB_URBAN,DRIVE,9,3.0
70725,1,3,130,5,1,100.0,0,N,MELB_URBAN,FREEWAY,10,8.0
70726,1,7,99,5,1,60.0,0,N,SMALL_CITIES,ROAD,10,13.0
70727,1,3,120,5,1,60.0,0,N,MELB_URBAN,ROAD,10,7.0
70728,1,2,110,1,1,60.0,0,I,MELB_URBAN,ROAD,10,8.0
70729,2,3,100,5,1,60.0,0,N,MELB_URBAN,ROAD,10,8.0
70730,1,3,130,5,1,80.0,0,N,MELB_URBAN,ROAD,10,8.0
70731,1,3,113,2,1,70.0,0,I,MELB_URBAN,ROAD,10,11.0
70732,1,7,121,1,1,60.0,0,N,MELB_URBAN,ROAD,10,16.0
70733,4,4,181,5,5,60.0,0,N,RURAL_VICTORIA,ROAD,7,3.0
70734,1,3,99,5,1,60.0,0,N,MELB_URBAN,AVENUE,10,12.0
70735,1,2,163,2,1,60.0,0,N,MELBOURNE_CBD,STREET,10,18.0
70736,1,6,130,1,1,60.0,0,I,MELB_URBAN,ROAD,10,8.0
70737,1,3,130,1,1,80.0,0,I,MELB_URBAN,ROAD,10,9.0
70738,3,3,167,5,1,100.0,0,N,RURAL_VICTORIA,ROAD,10,10.0
70739,1,2,130,1,1,80.0,0,I,MELB_URBAN,HIGHWAY,10,16.0
70740,1,4,130,5,1,60.0,0,N,MELB_URBAN,ROAD,10,9.0
70741,1,3,110,1,1,60.0,0,I,MELB_URBAN,ROAD,10,10.0
70742,2,3,99,5,1,70.0,0,N,MELB_URBAN,ROAD,10,16.0
70743,4,1,173,5,1,50.0,0,N,RURAL_VICTORIA,ROAD,10,12.0
70744,1,3,130,1,1,60.0,0,I,MELB_URBAN,ROAD,10,15.0
70745,4,3,171,5,1,100.0,1,N,RURAL_VICTORIA,ROAD,10,14.0
70746,4,3,173,5,1,60.0,0,N,LARGE_PROVINCIAL_CITIES,UNKNOWN,10,16.0
70747,1,3,134,5,1,40.0,0,N,MELB_URBAN,ROAD,10,17.0
70748,8,3,99,2,1,60.0,0,I,MELB_URBAN,STREET,10,14.0
70749,1,3,113,2,1,100.0,1,I,RURAL_VICTORIA,OTHER,10,15.0
70750,4,2,171,5,1,50.0,0,N,SMALL_TOWNS,OTHER,10,19.0
70751,1,2,135,2,1,50.0,0,I,MELB_URBAN,ROAD,10,10.0
70752,1,3,121,5,1,60.0,0,N,MELB_URBAN,ROAD,10,15.0
70753,4,1,171,1,1,60.0,0,I,SMALL_CITIES,STREET,10,16.0
70754,1,3,99,5,1,110.0,0,N,RURAL_VICTORIA,OTHER,10,16.0
70755,1,3,160,5,3,50.0,0,N,SMALL_CITIES,STREET,10,22.0
70756,1,3,99,2,2,70.0,0,I,MELB_URBAN,ROAD,10,6.0
70757,1,4,130,5,5,110.0,0,N,RURAL_VICTORIA,FREEWAY,10,6.0
70758,8,7,174,2,1,60.0,0,N,RURAL_VICTORIA,ROAD,10,16.0
70759,1,4,130,5,1,40.0,0,N,MELB_URBAN,DRIVE,10,9.0
70760,1,3,121,1,1,60.0,0,I,LARGE_PROVINCIAL_CITIES,STREET,10,8.0
70761,4,3,183,5,1,100.0,0,N,RURAL_VICTORIA,HIGHWAY,9,14.0
70762,8,3,174,5,1,70.0,0,N,MELB_URBAN,HIGHWAY,9,8.0
70763,1,2,130,2,1,60.0,0,I,TOWNS,ROAD,10,12.0
70764,1,3,130,1,9,60.0,0,I,MELB_URBAN,ROAD,10,8.0
70765,1,3,130,1,1,60.0,0,I,MELB_URBAN,STREET,9,9.0
70766,1,4,130,2,1,80.0,0,I,MELB_URBAN,HIGHWAY,10,8.0
70767,1,6,110,1,1,50.0,0,I,MELB_URBAN,PARADE,10,16.0
70768,2,3,100,5,1,40.0,0,N,MELB_URBAN,STREET,10,11.0