,accident_type,day_of_week,dca_code,road_geometry,light_condition,speed_zone,severity,node_type,deg_urban_name,road_type,month,hour
70769,1,4,147,5,1,60.0,0,N,MELB_URBAN,ROAD,10,11.0
70770,1,3,113,2,1,50.0,0,I,MELB_URBAN,ROAD,10,11.0
70771,8,6,174,5,1,60.0,0,N,SMALL_TOWNS,ROAD,9,11.0
70772,1,2,130,5,1,80.0,0,N,MELB_URBAN,UNKNOWN,10,7.0
70773,1,3,113,2,1,60.0,0,I,TOWNS,STREET,10,12.0
70774,1,3,99,2,3,70.0,0,I,MELB_URBAN,ROAD,10,21.0
70775,2,4,102,2,1,60.0,0,I,MELB_URBAN,STREET,10,12.0
70776,1,4,110,1,1,50.0,0,I,MELB_URBAN,OTHER,10,12.0
70777,4,1,173,5,1,60.0,0,N,RURAL_VICTORIA,ROAD,10,14.0
70778,1,6,163,2,6,60.0,0,N,MELB_URBAN,STREET,9,1.0
70779,1,2,99,2,1,80.0,0,I,MELB_URBAN,ROAD,10,14.0
70780,2,2,99,5,1,40.0,0,N,MELBOURNE_CBD,STREET,10,11.0
70781,1,2,130,1,1,50.0,0,I,MELB_URBAN,ROAD,10,18.0
70782,1,4,110,1,1,80.0,0,I,MELB_URBAN,HIGHWAY,10,14.0
70783,1,4,163,2,1,40.0,0,N,MELB_URBAN,STREET,10,16.0
70784,1,2,130,1,1,60.0,0,I,MELB_URBAN,ROAD,9,15.0
70785,1,3,130,2,9,80.0,0,I,MELB_URBAN,HIGHWAY,10,17.0
70786,8,3,174,5,1,60.0,0,N,MELB_URBAN,STREET,10,9.0
70787,1,4,160,5,1,50.0,0,N,MELB_URBAN,BOULEVARD,10,19.0
70788,4,3,181,5,1,100.0,0,N,RURAL_VICTORIA,HIGHWAY,10,15.0
70789,1,6,130,4,2,60.0,0,I,MELB_URBAN,HIGHWAY,10,20.0
70790,4,2,171,1,3,60.0,0,I,MELB_URBAN,STREET,10,22.0
70791,1,4,110,1,1,50.0,0,I,MELB_URBAN,STREET,10,16.0
70792,1,4,130,5,5,110.0,0,N,SMALL_CITIES,FREEWAY,10,21.0
70793,1,4,110,1,1,60.0,0,I,MELB_URBAN,STREET,10,16.0
70794,1,4,130,2,3,40.0,0,I,MELB_URBAN,ROAD,10,22.0
70795,2,3,102,4,3,60.0,0,I,MELB_URBAN,STREET,10,23.0
70796,4,5,171,2,3,60.0,0,I,MELB_URBAN,ROAD,10,3.0
70797,1,5,120,5,2,80.0,0,N,MELB_URBAN,ROAD,10,6.0
70798,1,5,121,1,1,60.0,0,I,MELB_URBAN,ROAD,9,14.0
70799,1,5,110,1,1,60.0,0,I,MELB_URBAN,ROAD,10,7.0
70800,4,5,173,5,1,100.0,0,N,RURAL_VICTORIA,OTHER,10,7.0
70801,1,1,132,5,1,40.0,0,N,MELB_URBAN,ROAD,10,14.0
70802,1,3,130,5,1,80.0,0,N,MELB_URBAN,ROAD,10,17.0
70803,2,2,99,5,1,50.0,0,N,LARGE_PROVINCIAL_CITIES,DRIVE,10,16.0
70804,1,3,130,4,1,60.0,0,I,SMALL_CITIES,ROAD,10,12.0
70805,1,5,130,5,1,80.0,0,N,MELB_URBAN,ROAD,10,9.0
70806,1,6,116,2,1,60.0,0,I,MELB_URBAN,STREET,9,10.0
70807,1,6,110,1,3,50.0,0,I,LARGE_PROVINCIAL_CITIES,STREET,8,17.0
70808,1,4,160,5,1,50.0,0,N,SMALL_CITIES,ROAD,10,11.0
70809,1,5,140,5,1,60.0,0,N,MELB_URBAN,ROAD,10,10.0
70810,1,4,130,5,9,60.0,0,N,MELB_URBAN,AVENUE,10,6.0
70811,2,5,102,5,1,50.0,0,N,MELB_URBAN,STREET,10,13.0
70812,1,5,120,1,1,60.0,0,N,MELB_URBAN,STREET,10,12.0
70813,1,2,120,5,1,100.0,0,N,RURAL_VICTORIA,ROAD,10,7.0
70814,1,4,130,5,1,100.0,0,N,RURAL_VICTORIA,HIGHWAY,9,9.0
70815,1,5,130,5,1,80.0,0,N,MELB_URBAN,FREEWAY,10,13.0
70816,1,4,113,2,1,70.0,0,I,MELB_URBAN,HIGHWAY,10,14.0
70817,1,3,140,5,9,80.0,0,N,MELB_URBAN,ROAD,10,15.0
70818,1,5,110,1,1,80.0,0,I,MELB_URBAN,ROAD,10,14.0
70819,1,5,135,5,1,60.0,0,N,MELB_URBAN,ROAD,10,13.0
70820,1,4,135,2,1,60.0,0,I,MELB_URBAN,ROAD,10,10.0
70821,1,5,121,1,1,60.0,0,I,MELB_URBAN,ROAD,9,9.0
70822,2,5,99,5,1,50.0,0,N,LARGE_PROVINCIAL_CITIES,DRIVE,10,16.0
70823,4,5,99,2,1,60.0,0,I,MELB_URBAN,ROAD,10,16.0
70824,1,5,120,5,1,80.0,0,N,RURAL_VICTORIA,HIGHWAY,10,17.0
70825,6,5,99,5,1,50.0,0,N,MELB_URBAN,STREET,10,17.0
70826,1,4,130,5,1,60.0,0,N,RURAL_VICTORIA,STREET,10,17.0
70827,4,5,173,5,1,50.0,0,N,SMALL_CITIES,STREET,10,18.0
70828,1,5,147,5,1,60.0,0,N,MELB_URBAN,HIGHWAY,10,11.0
70829,8,2,174,5,1,60.0,0,N,MELB_URBAN,ROAD,6,14.0
70830,1,5,110,1,1,50.0,0,I,LARGE_PROVINCIAL_CITIES,STREET,10,16.0
70831,4,5,171,5,3,70.0,0,I,MELB_URBAN,ROAD,10,0.0
70832,1,4,160,5,3,50.0,0,N,MELB_URBAN,ROAD,10,20.0
70833,2,4,100,1,1,50.0,0,I,MELB_URBAN,ROAD,10,16.0
70834,2,7,100,1,1,60.0,0,I,MELB_URBAN,STREET,10,10.0
70835,1,5,99,2,1,60.0,0,I,MELB_URBAN,ROAD,10,16.0
70836,6,4,170,5,5,60.0,0,N,MELB_URBAN,ROAD,10,21.0
70837,2,4,100,5,3,80.0,0,N,MELB_URBAN,HIGHWAY,10,22.0
70838,1,4,134,5,2,100.0,0,N,MELB_URBAN,ROAD,10,5.0
70839,1,6,160,5,3,60.0,0,N,MELB_URBAN,ROAD,10,2.0
70840,4,6,171,5,1,100.0,0,N,RURAL_VICTORIA,ROAD,10,5.0
70841,1,6,130,5,2,60.0,0,N,MELB_URBAN,ROAD,10,5.0
70842,4,5,173,5,1,80.0,0,N,MELB_URBAN,ROAD,10,13.0
70843,5,4,99,5,1,70.0,0,N,MELB_URBAN,ROAD,9,16.0
70844,8,6,174,5,1,60.0,0,N,MELB_URBAN,STREET,10,7.0
70845,1,5,99,5,1,40.0,0,N,MELB_URBAN,STREET,10,8.0
70846,8,6,99,5,1,50.0,0,N,MELB_URBAN,OTHER,10,14.0
70847,2,6,100,2,1,50.0,0,I,MELB_URBAN,ROAD,10,9.0
70848,1,5,130,2,1,60.0,0,I,RURAL_VICTORIA,ROAD,10,16.0
70849,1,5,135,5,1,80.0,0,N,MELB_URBAN,HIGHWAY,9,14.0
70850,6,6,170,5,1,100.0,0,N,RURAL_VICTORIA,ROAD,10,8.0
70851,1,7,130,5,1,60.0,0,N,LARGE_PROVINCIAL_CITIES,STREET,9,17.0
70852,1,2,130,5,1,60.0,0,N,RURAL_VICTORIA,DRIVE,10,17.0
70853,1,6,147,5,1,60.0,0,N,MELB_URBAN,STREET,10,10.0
70854,4,5,173,5,5,100.0,0,N,RURAL_VICTORIA,ROAD,10,5.0
70855,1,5,130,1,1,70.0,0,I,LARGE_PROVINCIAL_CITIES,ROAD,10,10.0
70856,1,5,130,1,1,70.0,0,I,LARGE_PROVINCIAL_CITIES,ROAD,10,9.0
70857,2,6,100,2,1,50.0,0,I,MELB_URBAN,STREET,10,12.0
70858,1,1,130,4,1,60.0,0,N,MELB_URBAN,ROAD,10,16.0
70859,1,6,121,5,1,60.0,0,I,MELB_URBAN,ROAD,10,8.0
70860,6,6,99,5,1,100.0,0,N,RURAL_VICTORIA,HIGHWAY,10,12.0
70861,1,6,121,2,1,80.0,0,I,MELB_URBAN,OTHER,10,7.0
70862,1,5,113,2,1,50.0,0,I,MELB_URBAN,ROAD,10,10.0
70863,1,6,130,5,1,60.0,0,N,MELB_URBAN,ROAD,10,7.0
70864,1,6,120,5,1,100.0,0,N,RURAL_VICTORIA,HIGHWAY,10,11.0
70865,1,6,113,2,1,60.0,0,N,MELB_URBAN,ROAD,10,11.0
70866,2,6,102,5,1,50.0,0,N,TOWNS,OTHER,10,14.0
70867,1,6,130,1,1,60.0,0,I,MELB_URBAN,ROAD,9,17.0
70868,4,4,173,2,1,70.0,0,N,LARGE_PROVINCIAL_CITIES,OTHER,9,11.0
70869,2,5,99,5,1,60.0,0,N,MELB_URBAN,OTHER,10,7.0
70870,1,6,113,2,1,70.0,0,I,MELB_URBAN,ROAD,10,9.0
70871,1,2,130,5,1,60.0,0,N,MELB_URBAN,ROAD,10,9.0
70872,2,6,99,5,1,50.0,0,N,MELB_URBAN,ROAD,10,15.0
70873,1,6,163,5,1,60.0,0,N,MELB_URBAN,ROAD,10,17.0
70874,1,7,140,5,1,50.0,0,N,MELB_URBAN,DRIVE,10,12.0
70875,1,4,163,5,1,40.0,0,N,MELB_URBAN,STREET,10,18.0
70876,1,3,99,4,1,60.0,0,I,MELB_URBAN,FREEWAY,9,16.0
70877,1,6,130,4,1,60.0,0,N,MELB_URBAN,ROAD,10,17.0
70878,2,6,102,5,1,50.0,0,N,MELB_URBAN,STREET,10,17.0
70879,1,5,130,5,1,100.0,0,N,MELB_URBAN,ROAD,10,17.0
70880,4,7,171,2,1,50.0,0,I,MELB_URBAN,STREET,10,8.0
70881,6,5,99,5,1,40.0,0,I,MELB_URBAN,ROAD,10,15.0
70882,1,6,130,1,1,70.0,0,I,MELB_URBAN,ROAD,10,16.0
70883,1,5,110,1,1,60.0,0,I,TOWNS,ROAD,10,17.0
70884,1,6,147,5,2,100.0,0,N,RURAL_VICTORIA,ROAD,10,18.0
70885,4,6,183,5,1,60.0,0,N,RURAL_VICTORIA,ROAD,10,15.0
70886,1,5,130,2,3,80.0,0,I,MELB_URBAN,ROAD,10,22.0
70887,1,6,160,5,3,50.0,0,N,MELB_URBAN,AVENUE,10,21.0
70888,1,5,132,1,1,80.0,0,I,RURAL_VICTORIA,ROAD,10,17.0
70889,4,6,173,5,1,50.0,0,N,SMALL_CITIES,STREET,10,19.0
70890,1,6,120,5,2,100.0,0,N,RURAL_VICTORIA,HIGHWAY,10,18.0
70891,1,6,130,1,1,80.0,0,N,MELB_URBAN,OTHER,10,5.0
70892,1,5,133,2,3,50.0,0,I,MELB_URBAN,STREET,10,20.0
70893,1,6,121,5,1,80.0,0,N,MELB_URBAN,HIGHWAY,10,17.0
70894,1,6,99,5,3,60.0,0,N,MELB_URBAN,PARADE,10,21.0
70895,1,7,135,1,3,40.0,0,I,MELB_URBAN,ROAD,10,0.0
70896,1,7,121,2,3,70.0,0,N,LARGE_PROVINCIAL_CITIES,ROAD,10,1.0
70897,1,5,130,5,3,50.0,0,N,MELB_URBAN,OTHER,10,23.0
70898,4,5,171,1,3,80.0,0,I,MELB_URBAN,HIGHWAY,10,23.0
70899,2,7,100,1,1,50.0,0,I,MELBOURNE_CBD,STREET,1,15.0
70900,5,3,99,2,5,80.0,0,I,RURAL_VICTORIA,HIGHWAY,10,21.0
70901,4,7,183,5,1,100.0,0,N,RURAL_VICTORIA,OTHER,10,7.0
70902,1,7,147,5,1,60.0,0,N,TOWNS,STREET,10,9.0
70903,1,4,130,5,1,60.0,0,N,MELB_URBAN,ROAD,10,17.0
70904,1,2,130,2,1,60.0,0,N,MELB_URBAN,OTHER,10,17.0
70905,6,6,170,5,1,60.0,0,N,MELB_URBAN,ROAD,10,13.0
70906,1,6,130,5,1,70.0,0,N,MELB_URBAN,ROAD,10,16.0
70907,2,7,102,1,1,60.0,0,I,MELB_URBAN,STREET,10,10.0
70908,1,7,133,4,1,50.0,0,I,TOWNS,ROAD,10,15.0
70909,8,6,184,4,1,50.0,0,I,MELB_URBAN,OTHER,10,15.0
70910,6,7,99,5,1,100.0,0,N,RURAL_VICTORIA,HIGHWAY,10,15.0
70911,4,7,181,5,1,100.0,0,N,RURAL_VICTORIA,ROAD,10,13.0
70912,1,7,99,1,1,40.0,0,I,MELB_URBAN,STREET,10,11.0
70913,5,6,99,5,1,50.0,0,N,RURAL_VICTORIA,ROAD,10,13.0
70914,1,3,130,4,2,60.0,0,I,MELB_URBAN,RAMP,10,19.0
70915,4,7,171,5,1,100.0,0,N,RURAL_VICTORIA,ROAD,10,18.0
70916,1,7,99,5,1,60.0,0,N,MELB_URBAN,ROAD,10,14.0
70917,1,6,120,5,1,60.0,0,N,MELB_URBAN,DRIVE,10,17.0
70918,4,7,173,5,3,60.0,0,N,MELB_URBAN,ROAD,10,20.0
70919,2,7,102,2,3,80.0,0,N,MELB_URBAN,HIGHWAY,10,22.0
70920,1,2,133,5,2,100.0,0,N,RURAL_VICTORIA,FREEWAY,10,5.0
70921,4,1,171,1,3,70.0,0,I,MELB_URBAN,ROAD,10,2.0
70922,1,1,173,2,5,50.0,0,N,MELB_URBAN,STREET,10,4.0
70923,4,1,173,2,3,60.0,0,I,SMALL_CITIES,STREET,10,3.0
70924,1,7,110,1,1,50.0,0,I,MELB_URBAN,STREET,10,11.0
70925,4,7,181,2,1,100.0,0,I,RURAL_VICTORIA,ROAD,10,10.0
70926,1,7,99,2,1,60.0,0,I,RURAL_VICTORIA,ROAD,10,12.0
70927,1,7,147,5,1,60.0,0,N,LARGE_PROVINCIAL_CITIES,STREET,10,9.0
70928,1,1,116,1,1,50.0,0,I,SMALL_CITIES,STREET,10,12.0
70929,2,7,99,5,1,60.0,1,N,MELB_URBAN,OTHER,10,13.0
70930,5,1,181,5,5,100.0,0,N,RURAL_VICTORIA,HIGHWAY,10,5.0
70931,2,1,100,5,1,60.0,0,N,MELB_URBAN,STREET,10,9.0
70932,1,7,121,2,1,60.0,0,N,MELB_URBAN,ROAD,10,8.0
70933,1,1,110,1,1,60.0,0,I,MELB_URBAN,PARADE,10,12.0
70934,6,1,174,5,2,80.0,0,N,RURAL_VICTORIA,HIGHWAY,10,6.0
70935,1,7,113,2,1,100.0,0,I,RURAL_VICTORIA,ROAD,10,18.0
70936,1,7,130,5,1,80.0,0,N,MELB_URBAN,FREEWAY,10,10.0
70937,1,1,113,2,1,80.0,0,I,RURAL_VICTORIA,ROAD,10,12.0
70938,6,1,99,5,1,80.0,0,N,RURAL_VICTORIA,ROAD,10,12.0
70939,1,1,110,1,1,50.0,0,I,LARGE_PROVINCIAL_CITIES,STREET,10,11.0
70940,4,1,171,5,1,110.0,0,I,RURAL_VICTORIA,FREEWAY,10,13.0
70941,1,7,121,2,1,60.0,0,I,MELB_URBAN,STREET,10,11.0
70942,1,3,110,1,1,50.0,0,I,MELB_URBAN,AVENUE,6,8.0
70943,1,1,99,2,1,60.0,0,I,MELB_URBAN,ROAD,10,14.0
70944,1,0,130,5,1,100.0,0,N,MELB_URBAN,FREEWAY,10,14.0
70945,4,0,171,5,5,100.0,0,N,RURAL_VICTORIA,ROAD,5,18.0
70946,4,1,183,5,1,60.0,1,N,SMALL_CITIES,ROAD,10,12.0
70947,1,0,99,2,1,80.0,0,I,RURAL_VICTORIA,ROAD,10,14.0
70948,8,0,184,5,1,60.0,0,N,RURAL_VICTORIA,ROAD,10,14.0
70949,1,1,120,5,1,100.0,0,N,RURAL_VICTORIA,ROAD,10,15.0
70950,1,5,110,1,1,40.0,0,I,MELB_URBAN,ROAD,10,8.0
70951,1,1,110,1,1,80.0,0,I,MELB_URBAN,ROAD,10,16.0
70952,1,1,121,1,1,60.0,0,I,MELB_URBAN,AVENUE,10,17.0
70953,6,1,99,5,1,100.0,0,N,RURAL_VICTORIA,ROAD,10,15.0
70954,2,5,99,2,2,70.0,0,I,MELB_URBAN,ROAD,6,17.0
70955,1,3,110,1,3,50.0,0,I,MELB_URBAN,STREET,9,18.0
70956,4,0,183,5,1,100.0,0,N,RURAL_VICTORIA,ROAD,10,13.0
70957,8,1,99,1,1,60.0,0,I,MELB_URBAN,AVENUE,10,18.0
70958,1,1,113,2,1,100.0,0,I,TOWNS,HIGHWAY,10,17.0
70959,1,1,132,2,1,100.0,0,I,RURAL_VICTORIA,HIGHWAY,10,17.0
70960,5,1,99,5,1,80.0,0,N,RURAL_VICTORIA,ROAD,10,18.0
70961,6,1,99,5,3,80.0,0,N,MELB_URBAN,ROAD,10,20.0
70962,2,1,100,5,3,80.0,0,N,MELB_URBAN,ROAD,10,20.0
70963,2,1,99,2,3,60.0,0,I,MELB_URBAN,STREET,10,21.0
70964,1,5,121,2,1,60.0,0,I,MELB_URBAN,ROAD,10,19.0
70965,2,7,99,5,1,60.0,0,N,MELB_URBAN,STREET,10,18.0
70966,2,1,99,5,1,60.0,0,N,MELB_URBAN,ROAD,10,12.0
70967,1,1,130,1,1,60.0,0,I,MELB_URBAN,ROAD,10,13.0
70968,1,4,130,5,1,80.0,0,N,LARGE_PROVINCIAL_CITIES,ROAD,10,9.0
70969,1,4,147,5,1,60.0,0,N,MELB_URBAN,ROAD,10,10.0
70970,4,6,183,2,2,100.0,0,I,RURAL_VICTORIA,ROAD,10,18.0
70971,4,1,99,2,1,50.0,0,N,MELB_URBAN,OTHER,10,13.0
70972,1,1,111,1,1,60.0,0,I,TOWNS,STREET,10,11.0
70973,4,2,171,5,1,100.0,0,N,RURAL_VICTORIA,ROAD,10,8.0
70974,1,1,130,2,1,80.0,0,I,LARGE_PROVINCIAL_CITIES,STREET,10,11.0
70975,1,2,130,5,1,70.0,0,N,MELB_URBAN,ROAD,10,11.0
70976,1,6,130,1,1,50.0,0,I,MELB_URBAN,DRIVE,10,17.0
70977,2,1,100,1,1,60.0,0,I,MELB_URBAN,ROAD,10,18.0
70978,4,2,171,5,1,50.0,0,N,MELB_URBAN,OTHER,10,12.0
70979,8,6,174,5,1,60.0,0,N,MELB_URBAN,STREET,10,12.0
70980,1,2,121,1,1,80.0,0,I,MELB_URBAN,ROAD,10,8.0
70981,4,2,171,5,1,110.0,0,N,RURAL_VICTORIA,FREEWAY,10,12.0
70982,8,2,99,2,1,60.0,0,I,SMALL_CITIES,AVENUE,10,8.0
70983,1,5,134,5,1,80.0,0,N,MELB_URBAN,ROAD,10,16.0
70984,1,2,130,2,1,60.0,0,I,MELB_URBAN,ROAD,10,16.0
70985,1,6,110,1,1,40.0,0,I,MELBOURNE_CBD,STREET,10,15.0
70986,1,2,147,5,1,60.0,0,N,MELB_URBAN,ROAD,10,13.0
70987,1,5,113,2,9,50.0,0,I,MELB_URBAN,ROAD,10,5.0
70988,2,2,100,4,1,50.0,0,I,MELB_URBAN,ROAD,10,14.0
70989,4,2,173,5,1,50.0,0,N,LARGE_PROVINCIAL_CITIES,STREET,10,14.0
70990,4,2,171,5,1,60.0,0,N,TOWNS,ROAD,10,14.0
70991,6,2,174,2,1,50.0,0,I,MELB_URBAN,DRIVE,10,16.0
70992,1,2,110,1,1,60.0,0,I,TOWNS,STREET,10,15.0
70993,1,2,130,5,1,60.0,0,N,MELB_URBAN,ROAD,10,16.0
70994,1,3,147,5,1,60.0,0,N,MELB_URBAN,ROAD,10,16.0
70995,2,2,99,5,1,60.0,0,N,MELB_URBAN,UNKNOWN,10,16.0
70996,1,2,120,5,1,60.0,0,N,MELB_URBAN,ROAD,10,16.0
70997,1,1,130,5,1,60.0,0,I,SMALL_CITIES,STREET,10,16.0
70998,1,6,121,2,3,60.0,0,I,MELB_URBAN,STREET,9,18.0
70999,1,6,130,2,1,60.0,0,I,MELB_URBAN,ROAD,10,13.0
71000,8,2,99,1,1,100.0,0,I,RURAL_VICTORIA,OTHER,8,14.0
71001,1,0,133,2,1,60.0,0,I,MELB_URBAN,HIGHWAY,9,11.0
71002,2,2,100,5,1,50.0,0,N,MELB_URBAN,ROAD,10,18.0
71003,1,2,160,5,3,100.0,0,N,MELB_URBAN,FREEWAY,10,20.0
71004,2,1,99,4,3,60.0,0,I,TOWNS,STREET,10,21.0
71005,4,2,173,5,1,110.0,0,N,RURAL_VICTORIA,RAMP,10,18.0
71006,1,2,130,5,1,70.0,0,N,MELB_URBAN,FREEWAY,10,14.0
71007,1,1,120,5,1,80.0,0,N,RURAL_VICTORIA,HIGHWAY,10,19.0
71008,1,1,130,5,1,100.0,0,N,MELB_URBAN,FREEWAY,10,12.0
71009,2,3,102,2,6,50.0,0,I,MELB_URBAN,STREET,10,6.0
71010,2,3,100,2,3,40.0,0,I,MELB_URBAN,STREET,11,1.0
71011,3,3,167,5,2,80.0,0,N,MELB_URBAN,ROAD,11,5.0
71012,1,6,110,1,1,80.0,0,I,RURAL_VICTORIA,ROAD,10,14.0
71013,3,6,167,5,5,100.0,0,N,RURAL_VICTORIA,ROAD,10,20.0
71014,1,2,110,4,1,100.0,0,I,RURAL_VICTORIA,ROAD,10,14.0
71015,3,0,167,5,1,100.0,0,N,RURAL_VICTORIA,ROAD,10,11.0
71016,1,1,110,1,1,50.0,0,I,MELB_URBAN,ROAD,10,15.0
71017,6,2,99,5,1,100.0,0,N,RURAL_VICTORIA,ROAD,10,11.0
71018,1,3,99,2,1,50.0,0,I,MELB_URBAN,STREET,7,11.0
71019,1,2,130,5,1,100.0,0,N,SMALL_CITIES,FREEWAY,11,9.0
71020,2,6,102,5,5,110.0,0,N,RURAL_VICTORIA,FREEWAY,10,20.0
71021,1,7,121,5,5,50.0,0,N,MELB_URBAN,DRIVE,10,7.0
71022,8,5,99,5,5,80.0,0,N,RURAL_VICTORIA,ROAD,6,21.0
71023,6,3,99,5,5,80.0,0,N,RURAL_VICTORIA,ROAD,10,21.0
71024,1,2,130,5,1,60.0,0,N,MELB_URBAN,ROAD,11,11.0
71025,1,3,121,1,1,60.0,0,I,SMALL_CITIES,STREET,11,12.0
71026,1,2,121,1,1,60.0,0,I,MELB_URBAN,ROAD,11,11.0
71027,1,4,99,5,1,50.0,0,N,LARGE_PROVINCIAL_CITIES,STREET,9,9.0
71028,1,2,113,2,3,60.0,0,I,MELB_URBAN,ROAD,10,22.0
71029,8,1,174,5,2,40.0,0,N,RURAL_VICTORIA,ROAD,10,18.0
71030,4,2,181,5,1,70.0,0,N,MELB_URBAN,OTHER,11,12.0
71031,1,6,130,1,2,60.0,0,I,MELB_URBAN,ROAD,10,19.0
71032,1,5,99,5,1,50.0,0,N,MELB_URBAN,STREET,10,12.0
71033,2,2,99,5,5,80.0,1,N,LARGE_PROVINCIAL_CITIES,HIGHWAY,10,22.0
71034,1,3,135,5,1,60.0,0,N,MELB_URBAN,ROAD,11,12.0
71035,4,3,171,5,1,100.0,0,N,RURAL_VICTORIA,ROAD,11,14.0
71036,1,2,110,1,1,40.0,0,I,MELB_URBAN,ROAD,11,16.0
71037,1,2,121,5,1,60.0,0,N,LARGE_PROVINCIAL_CITIES,STREET,11,11.0
71038,1,2,113,1,1,50.0,0,I,LARGE_PROVINCIAL_CITIES,STREET,11,16.0
71039,1,3,99,5,1,100.0,0,N,RURAL_VICTORIA,ROAD,11,17.0
71040,4,3,183,5,1,100.0,0,N,RURAL_VICTORIA,ROAD,11,17.0
71041,2,3,100,2,1,50.0,0,I,MELB_URBAN,ROAD,11,19.0
71042,1,3,113,2,1,60.0,0,I,MELB_URBAN,STREET,11,18.0
71043,2,3,102,5,3,70.0,0,N,MELB_URBAN,ROAD,11,20.0
71044,1,2,110,1,3,70.0,0,I,MELB_URBAN,DRIVE,11,21.0
71045,1,3,134,5,5,100.0,0,N,SMALL_CITIES,FREEWAY,11,20.0
71046,1,3,120,5,3,60.0,0,N,MELB_URBAN,ROAD,11,22.0
71047,4,6,173,5,1,100.0,0,N,RURAL_VICTORIA,HIGHWAY,10,11.0
71048,1,3,110,5,1,50.0,0,I,MELB_URBAN,STREET,11,7.0
71049,8,2,174,5,1,80.0,0,N,RURAL_VICTORIA,ROAD,10,18.0
71050,8,3,174,5,1,100.0,0,N,RURAL_VICTORIA,ROAD,11,13.0
71051,1,6,160,5,1,60.0,0,N,MELB_URBAN,STREET,10,14.0
71052,1,4,113,2,1,100.0,0,I,RURAL_VICTORIA,DRIVE,11,8.0
71053,1,4,130,5,1,80.0,0,N,RURAL_VICTORIA,ROAD,11,9.0
71054,2,3,100,5,1,60.0,0,N,SMALL_CITIES,ROAD,11,8.0
71055,2,4,99,5,1,40.0,0,N,RURAL_VICTORIA,ROAD,11,10.0
71056,1,3,99,2,1,50.0,0,I,MELB_URBAN,ROAD,11,8.0
71057,1,4,116,2,1,60.0,0,I,MELB_URBAN,HIGHWAY,11,10.0
71058,1,4,130,5,1,60.0,0,N,MELB_URBAN,ROAD,11,7.0
71059,1,4,121,5,1,40.0,0,N,MELB_URBAN,STREET,11,11.0
71060,8,7,174,2,1,60.0,0,I,RURAL_VICTORIA,ROAD,10,9.0
71061,8,3,174,5,1,100.0,0,N,RURAL_VICTORIA,OTHER,11,12.0
71062,1,1,130,4,2,60.0,0,I,MELB_URBAN,STREET,10,17.0
71063,1,4,121,2,1,80.0,0,N,MELB_URBAN,HIGHWAY,11,7.0
71064,4,3,181,5,1,100.0,0,N,RURAL_VICTORIA,ROAD,11,11.0
71065,2,3,100,1,1,60.0,0,I,SMALL_CITIES,STREET,11,9.0
71066,5,7,99,5,1,100.0,0,N,RURAL_VICTORIA,ROAD,10,16.0
71067,1,6,120,5,1,60.0,0,N,RURAL_VICTORIA,ROAD,10,9.0
71068,1,4,130,5,1,70.0,0,N,MELB_URBAN,ROAD,11,14.0
71069,4,3,183,5,1,80.0,0,N,RURAL_VICTORIA,HIGHWAY,11,12.0
71070,1,4,147,5,1,50.0,0,N,MELB_URBAN,DRIVE,11,12.0
71071,6,4,99,5,1,100.0,0,N,MELB_URBAN,RAMP,11,10.0
71072,4,3,173,5,1,50.0,0,N,MELB_URBAN,STREET,11,10.0
71073,1,3,116,2,1,70.0,0,I,MELB_URBAN,ROAD,11,17.0
71074,8,3,174,4,1,40.0,0,N,SMALL_CITIES,STREET,11,16.0
71075,2,4,102,2,1,50.0,0,I,MELB_URBAN,ROAD,11,17.0
71076,4,2,183,5,1,100.0,0,N,RURAL_VICTORIA,ROAD,10,17.0
71077,1,4,130,5,1,60.0,0,N,MELB_URBAN,STREET,9,15.0
71078,2,4,99,1,3,50.0,0,I,MELB_URBAN,HIGHWAY,11,19.0
71079,1,3,110,1,1,80.0,0,I,TOWNS,ROAD,11,18.0
71080,1,3,110,1,1,60.0,0,I,LARGE_PROVINCIAL_CITIES,STREET,11,17.0
71081,8,4,174,2,9,60.0,0,N,MELB_URBAN,STREET,10,22.0
71082,1,3,110,1,4,50.0,0,I,MELB_URBAN,STREET,11,19.0
71083,1,5,130,4,1,60.0,0,I,MELB_URBAN,STREET,10,18.0
71084,1,6,121,4,1,80.0,0,I,MELB_URBAN,HIGHWAY,10,7.0
71085,4,4,181,5,1,60.0,0,N,RURAL_VICTORIA,ROAD,11,19.0
71086,6,4,174,1,1,50.0,0,I,MELB_URBAN,STREET,11,19.0
71087,1,4,147,5,1,60.0,0,N,MELB_URBAN,ROAD,11,15.0
71088,1,1,121,5,1,60.0,0,N,MELB_URBAN,ROAD,10,10.0
71089,1,4,130,2,1,60.0,0,I,MELB_URBAN,STREET,10,12.0
71090,1,5,99,1,1,60.0,0,N,MELB_URBAN,PARADE,11,7.0
71091,1,5,147,5,1,50.0,0,N,MELB_URBAN,ROAD,11,8.0
71092,1,5,111,2,1,100.0,0,I,RURAL_VICTORIA,ROAD,11,9.0
71093,8,2,184,5,1,60.0,0,N,RURAL_VICTORIA,OTHER,11,12.0
71094,1,5,110,1,9,60.0,0,I,LARGE_PROVINCIAL_CITIES,STREET,10,19.0