,accident_type,day_of_week,dca_code,road_geometry,light_condition,speed_zone,severity,node_type,deg_urban_name,road_type,month,hour
71095,1,5,113,1,1,50.0,0,I,TOWNS,DRIVE,11,10.0
71096,1,4,121,1,1,60.0,0,I,MELB_URBAN,HIGHWAY,11,11.0
71097,1,4,130,5,1,60.0,0,N,MELB_URBAN,ROAD,9,12.0
71098,1,5,110,4,1,60.0,0,I,LARGE_PROVINCIAL_CITIES,ROAD,11,11.0
71099,1,5,160,5,1,50.0,0,N,SMALL_CITIES,ROAD,11,12.0
71100,8,4,184,5,1,80.0,0,N,MELB_URBAN,FREEWAY,11,12.0
71101,1,5,130,1,1,80.0,0,I,MELB_URBAN,HIGHWAY,11,6.0
71102,1,5,99,1,1,60.0,0,I,MELB_URBAN,ROAD,11,8.0
71103,2,5,100,5,1,80.0,0,N,MELB_URBAN,ROAD,11,10.0
71104,1,5,160,5,1,50.0,0,N,MELB_URBAN,STREET,11,13.0
71105,1,5,132,5,1,60.0,0,N,MELB_URBAN,ROAD,11,10.0
71106,2,5,100,2,1,60.0,0,I,MELB_URBAN,STREET,11,9.0
71107,1,5,99,1,1,70.0,0,I,MELB_URBAN,ROAD,11,14.0
71108,1,4,121,5,1,60.0,0,N,MELB_URBAN,ROAD,11,10.0
71109,8,1,174,5,3,40.0,0,N,MELB_URBAN,STREET,10,1.0
71110,1,4,130,2,1,60.0,0,I,MELB_URBAN,ROAD,11,9.0
71111,1,3,130,5,1,80.0,0,N,MELB_URBAN,ROAD,10,8.0
71112,8,6,99,2,9,100.0,0,N,RURAL_VICTORIA,ROAD,10,9.0
71113,1,5,130,5,1,80.0,0,N,MELB_URBAN,HIGHWAY,10,15.0
71114,2,5,100,2,1,60.0,0,I,MELB_URBAN,ROAD,11,16.0
71115,1,5,130,5,1,80.0,0,N,MELB_URBAN,ROAD,11,17.0
71116,6,5,99,5,2,50.0,0,N,TOWNS,STREET,11,19.0
71117,5,5,171,5,1,60.0,0,N,MELB_URBAN,ROAD,11,8.0
71118,1,4,121,2,1,60.0,0,I,MELB_URBAN,STREET,11,15.0
71119,1,5,120,5,1,100.0,0,N,RURAL_VICTORIA,ROAD,11,19.0
71120,1,5,110,1,2,80.0,0,I,MELB_URBAN,ROAD,11,6.0
71121,1,5,140,5,5,100.0,0,N,RURAL_VICTORIA,ROAD,11,5.0
71122,1,4,132,5,1,70.0,0,N,RURAL_VICTORIA,ROAD,11,18.0
71123,1,4,147,5,1,60.0,0,N,SMALL_CITIES,STREET,11,16.0
71124,1,4,130,2,1,60.0,0,I,MELB_URBAN,ROAD,10,12.0
71125,1,4,134,1,1,80.0,0,I,MELB_URBAN,FREEWAY,10,13.0
71126,1,6,130,5,1,60.0,0,N,MELB_URBAN,ROAD,4,15.0
71127,1,3,99,5,1,50.0,0,N,MELB_URBAN,ROAD,11,11.0
71128,1,5,130,5,1,100.0,0,N,RURAL_VICTORIA,ROAD,11,14.0
71129,1,2,130,1,1,80.0,0,N,MELB_URBAN,ROAD,10,11.0
71130,2,5,102,2,1,50.0,0,I,MELB_URBAN,STREET,11,7.0
71131,1,5,110,1,2,50.0,0,I,MELB_URBAN,ROAD,11,6.0
71132,4,5,173,5,2,100.0,0,N,RURAL_VICTORIA,ROAD,11,20.0
71133,1,5,130,1,1,70.0,0,I,MELB_URBAN,STREET,11,15.0
71134,2,5,100,5,1,40.0,0,N,SMALL_CITIES,AVENUE,11,18.0
71135,1,6,110,1,1,60.0,0,I,LARGE_PROVINCIAL_CITIES,STREET,11,8.0
71136,1,4,135,5,1,60.0,0,N,MELB_URBAN,ROAD,10,14.0
71137,1,3,130,1,1,60.0,0,I,MELB_URBAN,STREET,11,9.0
71138,1,6,132,2,1,60.0,0,I,MELB_URBAN,ROAD,11,12.0
71139,4,5,171,1,1,60.0,0,I,SMALL_CITIES,ROAD,11,8.0
71140,1,6,130,2,1,60.0,0,I,MELB_URBAN,ROAD,11,11.0
71141,8,1,174,5,1,50.0,0,N,RURAL_VICTORIA,ROAD,10,16.0
71142,1,6,113,2,1,70.0,0,I,MELB_URBAN,STREET,11,14.0
71143,3,5,167,5,1,110.0,0,N,RURAL_VICTORIA,FREEWAY,11,7.0
71144,1,5,110,1,1,50.0,0,I,MELB_URBAN,STREET,11,7.0
71145,1,1,110,1,1,60.0,0,I,LARGE_PROVINCIAL_CITIES,ROAD,10,19.0
71146,1,6,113,2,1,80.0,0,I,RURAL_VICTORIA,HIGHWAY,11,8.0
71147,1,6,130,5,1,70.0,0,N,MELB_URBAN,ROAD,10,15.0
71148,1,6,120,5,1,60.0,0,N,MELB_URBAN,ROAD,11,14.0
71149,2,6,102,1,1,60.0,0,I,LARGE_PROVINCIAL_CITIES,AVENUE,11,16.0
71150,1,4,133,2,1,60.0,0,N,MELB_URBAN,ROAD,10,6.0
71151,2,5,100,2,2,60.0,0,I,MELB_URBAN,ROAD,11,17.0
71152,8,1,99,5,1,80.0,0,N,RURAL_VICTORIA,ROAD,10,13.0
71153,6,5,174,2,1,60.0,0,I,TOWNS,HIGHWAY,11,11.0
71154,1,6,99,4,1,60.0,0,I,SMALL_CITIES,ROAD,11,17.0
71155,4,5,181,5,1,100.0,0,N,RURAL_VICTORIA,ROAD,11,18.0
71156,1,6,120,5,1,80.0,0,N,RURAL_VICTORIA,ROAD,11,18.0
71157,1,6,121,1,3,60.0,0,I,MELB_URBAN,ROAD,11,20.0
71158,2,6,100,1,1,50.0,0,I,MELB_URBAN,STREET,11,19.0
71159,7,6,99,5,2,50.0,0,N,RURAL_VICTORIA,ROAD,11,19.0
71160,1,5,111,1,3,60.0,0,I,MELB_URBAN,PARADE,11,22.0
71161,1,4,99,5,6,80.0,0,N,RURAL_VICTORIA,ROAD,11,23.0
71162,5,7,99,5,5,100.0,0,N,RURAL_VICTORIA,ROAD,11,4.0
71163,1,7,173,2,3,60.0,0,N,MELB_URBAN,ROAD,11,2.0
71164,1,7,130,1,2,80.0,0,I,MELB_URBAN,ROAD,11,5.0
71165,1,7,99,5,1,80.0,0,N,MELB_URBAN,HIGHWAY,11,7.0
71166,4,7,181,5,1,50.0,0,N,MELB_URBAN,AVENUE,11,8.0
71167,2,7,100,1,1,70.0,0,I,MELB_URBAN,ROAD,11,10.0
71168,2,7,100,5,1,50.0,0,N,MELB_URBAN,STREET,11,11.0
71169,1,2,130,5,1,60.0,0,N,MELB_URBAN,ROAD,10,14.0
71170,2,7,99,5,1,80.0,0,N,MELB_URBAN,ROAD,11,10.0
71171,2,4,99,1,1,50.0,0,I,LARGE_PROVINCIAL_CITIES,STREET,11,14.0
71172,1,7,99,2,1,60.0,0,I,MELB_URBAN,AVENUE,11,11.0
71173,1,6,130,1,1,80.0,0,I,MELB_URBAN,HIGHWAY,11,8.0
71174,4,6,181,5,1,100.0,0,N,RURAL_VICTORIA,ROAD,11,17.0
71175,2,7,100,5,1,30.0,0,UNKNOWN,UNKNOWN,UNKNOWN,11,10.0
71176,8,3,174,5,1,60.0,0,N,RURAL_VICTORIA,ROAD,11,13.0
71177,1,5,120,5,1,60.0,0,N,MELB_URBAN,ROAD,11,16.0
71178,1,7,113,1,1,100.0,0,I,RURAL_VICTORIA,HIGHWAY,11,13.0
71179,1,5,110,1,1,60.0,0,I,MELB_URBAN,AVENUE,11,12.0
71180,1,7,120,5,1,100.0,0,N,RURAL_VICTORIA,HIGHWAY,11,15.0
71181,1,7,121,4,1,60.0,0,I,MELB_URBAN,STREET,11,16.0
71182,4,6,173,5,1,60.0,0,N,MELB_URBAN,BOULEVARD,11,14.0
71183,1,7,130,5,1,100.0,0,N,MELB_URBAN,FREEWAY,11,16.0
71184,4,7,173,5,1,70.0,1,N,MELB_URBAN,ROAD,11,14.0
71185,4,7,183,5,1,110.0,0,N,RURAL_VICTORIA,FREEWAY,11,16.0
71186,1,7,140,5,1,60.0,0,N,MELB_URBAN,ROAD,11,17.0
71187,8,7,170,5,1,100.0,0,N,RURAL_VICTORIA,ROAD,11,17.0
71188,1,6,110,1,2,50.0,0,I,MELB_URBAN,AVENUE,11,19.0
71189,1,7,130,5,1,60.0,0,N,MELB_URBAN,HIGHWAY,11,15.0
71190,1,7,160,5,1,100.0,0,N,SMALL_TOWNS,FREEWAY,11,18.0
71191,1,7,121,2,1,50.0,0,I,SMALL_CITIES,STREET,11,17.0
71192,1,7,130,5,1,100.0,0,N,RURAL_VICTORIA,FREEWAY,11,16.0
71193,6,6,99,4,3,60.0,0,I,LARGE_PROVINCIAL_CITIES,STREET,11,21.0
71194,3,7,167,5,3,80.0,0,N,MELB_URBAN,HIGHWAY,11,20.0
71195,1,2,130,2,1,80.0,0,I,MELB_URBAN,HIGHWAY,10,12.0
71196,1,7,99,5,1,50.0,0,N,MELB_URBAN,STREET,11,12.0
71197,1,7,130,1,3,60.0,0,I,MELB_URBAN,STREET,11,21.0
71198,2,7,100,5,3,80.0,0,N,SMALL_CITIES,HIGHWAY,11,23.0
71199,1,7,160,5,3,50.0,0,N,MELB_URBAN,ROAD,11,21.0
71200,1,7,121,5,3,80.0,1,N,MELB_URBAN,ROAD,11,19.0
71201,1,7,130,5,3,100.0,0,N,MELB_URBAN,FREEWAY,11,22.0
71202,2,0,99,5,3,80.0,0,N,MELB_URBAN,HIGHWAY,11,4.0
71203,4,7,183,5,1,80.0,0,N,MELB_URBAN,ROAD,11,12.0
71204,4,1,181,5,1,100.0,0,N,RURAL_VICTORIA,ROAD,11,5.0
71205,1,3,113,2,1,60.0,0,I,MELB_URBAN,OTHER,10,13.0
71206,4,7,183,5,1,100.0,0,N,RURAL_VICTORIA,HIGHWAY,11,13.0
71207,1,1,160,5,6,60.0,0,N,MELB_URBAN,ROAD,11,4.0
71208,4,1,173,2,1,60.0,0,I,MELB_URBAN,ROAD,11,10.0
71209,1,1,140,5,1,100.0,0,N,RURAL_VICTORIA,ROAD,11,11.0
71210,4,1,183,5,1,80.0,0,N,RURAL_VICTORIA,ROAD,11,12.0
71211,1,0,130,2,1,60.0,0,N,MELB_URBAN,ROAD,11,13.0
71212,6,0,99,5,1,100.0,0,N,RURAL_VICTORIA,HIGHWAY,11,11.0
71213,8,0,99,5,1,100.0,0,N,RURAL_VICTORIA,ROAD,11,12.0
71214,2,1,100,5,1,40.0,0,N,MELB_URBAN,STREET,11,14.0
71215,1,1,121,2,1,80.0,0,I,MELB_URBAN,ROAD,11,9.0
71216,2,4,99,5,1,60.0,0,N,MELB_URBAN,STREET,11,10.0
71217,4,1,171,5,1,60.0,0,N,RURAL_VICTORIA,BOULEVARD,11,8.0
71218,4,1,173,5,1,80.0,0,N,MELB_URBAN,ROAD,11,14.0
71219,4,1,183,5,1,100.0,0,N,RURAL_VICTORIA,ROAD,11,14.0
71220,1,0,130,5,1,70.0,0,N,LARGE_PROVINCIAL_CITIES,HIGHWAY,11,16.0
71221,1,5,140,2,2,60.0,0,N,MELB_URBAN,ROAD,2,18.0
71222,1,1,113,2,1,70.0,0,I,RURAL_VICTORIA,ROAD,11,17.0
71223,1,1,99,5,9,50.0,0,N,MELB_URBAN,STREET,11,2.0
71224,4,1,171,5,5,100.0,0,N,RURAL_VICTORIA,HIGHWAY,11,20.0
71225,4,1,99,2,3,50.0,0,I,MELB_URBAN,ROAD,11,21.0
71226,2,0,99,5,1,80.0,0,N,TOWNS,OTHER,11,18.0
71227,4,0,173,5,3,70.0,0,N,MELB_URBAN,HIGHWAY,11,22.0
71228,1,1,121,2,3,60.0,0,I,MELB_URBAN,ROAD,11,21.0
71229,4,1,181,5,5,60.0,0,N,MELB_URBAN,ROAD,11,22.0
71230,4,0,171,5,3,50.0,0,N,MELB_URBAN,ROAD,11,22.0
71231,4,1,173,5,5,110.0,0,N,RURAL_VICTORIA,FREEWAY,11,1.0
71232,1,2,120,5,5,100.0,0,N,RURAL_VICTORIA,HIGHWAY,11,2.0
71233,1,1,110,1,2,50.0,0,I,MELB_URBAN,STREET,10,19.0
71234,2,7,102,5,1,40.0,0,N,MELB_URBAN,STREET,11,15.0
71235,1,2,147,5,1,60.0,0,N,MELB_URBAN,HIGHWAY,11,7.0
71236,1,2,133,2,1,60.0,0,I,MELB_URBAN,ROAD,10,17.0
71237,1,2,135,5,1,100.0,0,N,MELB_URBAN,FREEWAY,11,8.0
71238,1,1,147,5,1,60.0,0,N,MELB_URBAN,ROAD,11,17.0
71239,4,2,183,5,1,100.0,0,N,RURAL_VICTORIA,ROAD,11,8.0
71240,1,1,120,4,1,50.0,0,N,MELB_URBAN,ROAD,11,8.0
71241,1,2,160,2,1,60.0,0,N,LARGE_PROVINCIAL_CITIES,ROAD,11,9.0
71242,1,1,134,1,1,60.0,0,I,LARGE_PROVINCIAL_CITIES,STREET,11,8.0
71243,8,7,174,2,1,80.0,0,I,RURAL_VICTORIA,ROAD,10,11.0
71244,1,6,130,5,1,60.0,0,N,MELB_URBAN,STREET,11,10.0
71245,1,2,173,2,1,60.0,0,I,RURAL_VICTORIA,ROAD,11,9.0
71246,1,6,121,1,1,40.0,0,I,MELBOURNE_CBD,STREET,11,16.0
71247,6,1,99,4,1,100.0,0,I,RURAL_VICTORIA,ROAD,11,11.0
71248,1,2,171,5,1,40.0,0,N,MELB_URBAN,ROAD,11,8.0
71249,4,2,181,5,1,100.0,0,N,RURAL_VICTORIA,ROAD,11,10.0
71250,1,2,121,1,1,40.0,0,I,MELB_URBAN,STREET,11,12.0
71251,4,2,171,5,1,80.0,0,N,RURAL_VICTORIA,ROAD,11,11.0
71252,1,2,147,5,1,60.0,0,N,LARGE_PROVINCIAL_CITIES,STREET,11,10.0
71253,2,1,99,5,1,60.0,0,N,MELB_URBAN,ROAD,11,10.0
71254,1,2,121,4,1,80.0,0,I,MELB_URBAN,RAMP,11,12.0
71255,1,1,121,2,1,60.0,0,I,MELB_URBAN,ROAD,11,12.0
71256,1,2,99,2,1,80.0,0,I,RURAL_VICTORIA,HIGHWAY,11,13.0
71257,7,5,99,5,1,60.0,0,N,MELB_URBAN,OTHER,11,18.0
71258,1,2,160,5,1,60.0,0,N,MELB_URBAN,STREET,11,14.0
71259,1,3,99,2,1,60.0,0,I,MELB_URBAN,ROAD,11,12.0
71260,4,1,181,5,1,80.0,0,N,RURAL_VICTORIA,ROAD,11,16.0
71261,1,1,130,2,1,60.0,0,N,SMALL_CITIES,STREET,11,16.0
71262,6,0,99,5,1,100.0,0,N,RURAL_VICTORIA,ROAD,11,15.0
71263,6,1,170,5,3,60.0,0,N,SMALL_CITIES,ROAD,11,23.0
71264,1,2,132,1,1,80.0,0,I,MELB_URBAN,ROAD,11,16.0
71265,1,2,120,5,2,100.0,0,N,RURAL_VICTORIA,ROAD,10,7.0
71266,1,2,99,5,1,50.0,0,N,MELB_URBAN,AVENUE,11,19.0
71267,8,2,184,5,1,60.0,0,N,RURAL_VICTORIA,ROAD,10,16.0
71268,2,4,99,2,1,60.0,0,I,MELB_URBAN,ROAD,10,17.0
71269,1,2,110,1,1,50.0,0,I,MELB_URBAN,OTHER,11,8.0
71270,1,4,135,5,1,60.0,0,N,MELB_URBAN,ROAD,8,17.0
71271,1,1,163,5,1,60.0,0,N,MELB_URBAN,ROAD,11,18.0
71272,1,2,130,1,1,60.0,0,I,MELB_URBAN,ROAD,10,14.0
71273,1,2,134,5,1,40.0,0,N,MELBOURNE_CBD,STREET,11,8.0
71274,1,2,160,5,1,60.0,0,N,MELB_URBAN,ROAD,11,16.0
71275,2,2,100,1,1,60.0,0,I,MELB_URBAN,STREET,11,8.0
71276,6,6,174,5,1,60.0,0,O,MELB_URBAN,OTHER,11,13.0
71277,1,3,130,5,1,60.0,0,N,MELB_URBAN,RAMP,11,10.0
71278,1,4,121,1,1,70.0,0,I,MELB_URBAN,ROAD,11,9.0
71279,1,7,111,2,3,80.0,0,I,MELB_URBAN,ROAD,7,23.0
71280,1,3,120,5,1,100.0,0,N,RURAL_VICTORIA,ROAD,11,9.0
71281,1,3,111,1,1,60.0,0,I,SMALL_CITIES,STREET,11,11.0
71282,8,4,99,5,5,80.0,0,N,RURAL_VICTORIA,ROAD,10,20.0
71283,1,4,130,5,1,100.0,0,N,MELB_URBAN,ROAD,10,17.0
71284,1,7,130,5,1,100.0,0,N,MELB_URBAN,FREEWAY,10,17.0
71285,1,3,130,2,9,60.0,0,N,MELB_URBAN,ROAD,11,9.0
71286,1,3,140,5,1,70.0,0,N,MELB_URBAN,ROAD,11,11.0
71287,1,3,133,5,1,80.0,0,N,MELB_URBAN,FREEWAY,11,13.0
71288,1,3,110,1,1,80.0,0,I,MELB_URBAN,ROAD,11,10.0
71289,1,3,147,5,1,50.0,0,N,MELB_URBAN,STREET,11,12.0
71290,1,3,140,2,1,80.0,0,I,MELB_URBAN,ROAD,11,15.0
71291,1,3,113,4,1,60.0,0,I,MELB_URBAN,ROAD,11,15.0
71292,8,7,184,5,1,80.0,0,N,RURAL_VICTORIA,ROAD,10,10.0
71293,4,1,171,5,3,60.0,0,N,MELB_URBAN,STREET,9,0.0
71294,1,3,99,2,1,40.0,0,I,MELB_URBAN,STREET,11,14.0
71295,6,3,99,5,1,100.0,0,N,RURAL_VICTORIA,HIGHWAY,11,16.0
71296,1,3,113,2,1,70.0,0,I,MELB_URBAN,ROAD,11,15.0
71297,1,3,111,2,1,60.0,0,I,MELB_URBAN,ROAD,11,17.0
71298,1,3,160,5,1,50.0,0,N,MELB_URBAN,AVENUE,11,17.0
71299,1,2,99,2,1,50.0,0,I,MELB_URBAN,STREET,11,16.0
71300,1,2,130,5,1,40.0,0,N,RURAL_VICTORIA,HIGHWAY,11,15.0
71301,2,3,102,1,1,50.0,0,I,MELB_URBAN,STREET,11,17.0
71302,1,2,135,5,1,100.0,0,N,MELB_URBAN,ROAD,11,17.0
71303,1,3,121,2,1,100.0,0,N,MELB_URBAN,FREEWAY,11,15.0
71304,1,1,130,1,2,80.0,0,I,MELB_URBAN,ROAD,11,20.0
71305,1,3,121,2,1,40.0,0,I,MELB_URBAN,AVENUE,11,16.0
71306,6,3,99,5,2,70.0,0,N,MELB_URBAN,HIGHWAY,11,19.0
71307,4,3,171,5,1,70.0,0,N,RURAL_VICTORIA,ROAD,11,19.0
71308,1,3,121,1,1,50.0,0,I,LARGE_PROVINCIAL_CITIES,STREET,11,19.0
71309,1,3,135,5,1,100.0,0,N,RURAL_VICTORIA,FREEWAY,11,17.0
71310,6,2,99,5,1,90.0,0,N,RURAL_VICTORIA,ROAD,11,17.0
71311,4,3,171,4,1,110.0,0,N,RURAL_VICTORIA,HIGHWAY,11,16.0
71312,1,2,160,5,3,70.0,0,N,MELB_URBAN,ROAD,11,20.0
71313,4,3,181,5,5,100.0,0,N,RURAL_VICTORIA,ROAD,11,0.0
71314,1,3,121,2,3,50.0,0,I,MELB_URBAN,ROAD,11,21.0
71315,2,2,102,5,3,60.0,0,N,MELB_URBAN,OTHER,11,4.0
71316,1,2,120,5,2,100.0,0,N,RURAL_VICTORIA,ROAD,10,8.0
71317,1,3,99,1,2,60.0,0,N,MELB_URBAN,STREET,11,5.0
71318,1,3,113,1,1,60.0,0,I,MELB_URBAN,STREET,11,11.0
71319,1,4,99,5,3,80.0,0,I,MELB_URBAN,ROAD,11,3.0
71320,1,3,135,5,1,80.0,0,N,MELB_URBAN,FREEWAY,11,14.0
71321,1,2,110,1,3,50.0,0,I,SMALL_CITIES,STREET,11,20.0
71322,4,4,181,5,5,100.0,0,N,RURAL_VICTORIA,ROAD,11,3.0
71323,3,6,167,5,9,100.0,0,N,MELB_URBAN,ROAD,12,23.0
71324,1,4,99,1,1,40.0,0,I,MELB_URBAN,OTHER,11,8.0
71325,1,1,99,2,2,80.0,0,I,MELB_URBAN,ROAD,11,18.0
71326,1,4,110,1,1,60.0,0,I,MELB_URBAN,HIGHWAY,11,6.0
71327,6,3,174,5,1,80.0,0,N,MELB_URBAN,ROAD,11,8.0
71328,1,3,130,5,1,100.0,0,I,MELB_URBAN,FREEWAY,11,7.0
71329,1,2,130,5,1,90.0,0,N,RURAL_VICTORIA,ROAD,11,12.0
71330,1,2,120,5,1,50.0,0,N,MELB_URBAN,ROAD,11,14.0
71331,7,6,99,1,1,60.0,0,I,SMALL_CITIES,STREET,7,9.0
71332,4,5,183,5,1,60.0,0,N,RURAL_VICTORIA,ROAD,10,17.0
71333,1,4,99,1,1,60.0,0,I,MELB_URBAN,ROAD,11,9.0
71334,1,0,110,1,3,60.0,0,I,TOWNS,STREET,11,21.0
71335,5,6,99,5,1,60.0,0,N,RURAL_VICTORIA,UNKNOWN,11,9.0
71336,3,7,167,5,1,100.0,0,N,RURAL_VICTORIA,ROAD,10,13.0
71337,1,4,121,2,1,80.0,0,N,MELB_URBAN,HIGHWAY,11,11.0
71338,1,4,121,5,1,80.0,1,N,MELB_URBAN,ROAD,11,6.0
71339,4,6,181,5,2,50.0,0,N,SMALL_TOWNS,ROAD,5,20.0
71340,1,4,110,1,1,80.0,1,I,RURAL_VICTORIA,AVENUE,11,9.0
71341,1,5,113,1,2,50.0,0,I,MELB_URBAN,ROAD,11,20.0
71342,1,3,111,2,1,60.0,0,I,LARGE_PROVINCIAL_CITIES,ROAD,11,16.0
71343,1,4,99,5,1,60.0,0,N,MELB_URBAN,ROAD,11,8.0
71344,1,5,99,5,1,40.0,0,N,MELB_URBAN,STREET,10,8.0
71345,1,4,121,2,1,50.0,0,I,MELB_URBAN,ROAD,11,8.0
71346,1,4,110,1,1,50.0,0,I,TOWNS,STREET,11,15.0
71347,4,4,171,5,1,100.0,1,N,RURAL_VICTORIA,ROAD,11,12.0
71348,1,2,110,1,3,60.0,0,I,TOWNS,STREET,11,21.0
71349,4,3,171,5,1,50.0,0,N,MELB_URBAN,DRIVE,11,15.0
71350,1,4,121,2,1,60.0,0,I,LARGE_PROVINCIAL_CITIES,ROAD,11,16.0
71351,1,1,130,1,9,80.0,0,I,MELB_URBAN,ROAD,8,9.0
71352,1,3,121,4,1,70.0,0,I,MELB_URBAN,ROAD,11,17.0
71353,1,3,130,4,1,100.0,0,I,RURAL_VICTORIA,RAMP,11,14.0
71354,1,4,99,2,1,80.0,0,I,MELB_URBAN,HIGHWAY,11,18.0
71355,1,4,130,5,1,70.0,0,N,MELB_URBAN,ROAD,11,18.0
71356,4,3,99,2,1,50.0,0,I,MELB_URBAN,OTHER,11,15.0
71357,1,4,99,2,1,60.0,0,I,SMALL_TOWNS,STREET,11,19.0
71358,2,3,99,5,1,50.0,0,N,LARGE_PROVINCIAL_CITIES,OTHER,11,16.0
71359,4,4,173,5,1,100.0,0,N,RURAL_VICTORIA,FREEWAY,11,17.0
71360,4,5,181,5,1,80.0,0,N,RURAL_VICTORIA,ROAD,10,7.0
71361,6,4,99,5,1,100.0,0,N,RURAL_VICTORIA,ROAD,11,16.0
71362,1,4,147,5,1,50.0,0,N,MELB_URBAN,STREET,11,16.0
71363,1,4,130,1,1,60.0,0,I,MELB_URBAN,ROAD,4,16.0
71364,1,4,121,2,1,80.0,0,I,MELB_URBAN,ROAD,11,17.0
71365,1,3,121,1,1,60.0,0,I,MELB_URBAN,STREET,11,18.0
71366,1,4,113,2,3,60.0,0,I,MELB_URBAN,ROAD,11,20.0
71367,1,3,160,5,3,50.0,0,N,MELB_URBAN,STREET,11,20.0
71368,4,6,183,5,1,100.0,0,N,RURAL_VICTORIA,HIGHWAY,11,10.0
71369,4,4,173,5,5,100.0,1,N,RURAL_VICTORIA,ROAD,11,21.0
71370,1,2,147,2,1,50.0,0,N,MELB_URBAN,ROAD,11,12.0
71371,4,4,171,5,1,80.0,0,N,MELB_URBAN,ROAD,11,13.0
71372,1,5,134,5,1,60.0,0,N,MELB_URBAN,ROAD,11,7.0
71373,1,5,110,1,1,50.0,0,I,MELB_URBAN,STREET,11,8.0
71374,1,4,110,1,1,60.0,0,I,MELB_URBAN,ROAD,11,9.0
71375,2,5,99,2,1,60.0,0,I,MELB_URBAN,STREET,11,10.0
71376,1,4,99,5,1,100.0,0,N,MELB_URBAN,ROAD,11,16.0
71377,1,4,121,2,1,80.0,0,I,MELB_URBAN,ROAD,11,11.0
71378,1,3,130,5,1,70.0,0,N,MELB_URBAN,ROAD,11,15.0
71379,1,5,99,1,1,40.0,0,I,SMALL_CITIES,BOULEVARD,11,8.0
71380,1,4,147,5,1,60.0,0,N,SMALL_CITIES,HIGHWAY,11,15.0
71381,1,4,130,5,1,80.0,0,N,MELB_URBAN,ROAD,11,16.0
71382,1,5,113,2,1,60.0,0,I,MELB_URBAN,STREET,11,12.0
71383,1,5,110,1,1,80.0,0,I,TOWNS,HIGHWAY,11,12.0
71384,1,4,130,2,1,60.0,0,I,MELB_URBAN,ROAD,11,11.0
71385,1,5,163,5,1,100.0,0,N,MELB_URBAN,FREEWAY,11,7.0
71386,4,2,183,5,5,100.0,0,N,RURAL_VICTORIA,HIGHWAY,11,3.0
71387,1,3,121,2,1,80.0,0,I,MELB_URBAN,HIGHWAY,11,14.0
71388,2,5,99,5,1,50.0,0,N,MELB_URBAN,ROAD,11,14.0
71389,8,5,184,2,1,60.0,0,N,RURAL_VICTORIA,OTHER,11,14.0
71390,1,5,130,5,1,60.0,0,N,MELB_URBAN,ROAD,10,18.0
71391,1,5,116,2,1,50.0,0,I,TOWNS,AVENUE,11,14.0
71392,7,5,99,5,1,50.0,0,N,MELB_URBAN,STREET,11,10.0
71393,1,4,130,2,1,60.0,0,I,MELB_URBAN,STREET,11,16.0
71394,4,5,181,5,1,100.0,0,N,RURAL_VICTORIA,ROAD,11,15.0
71395,8,7,99,5,1,60.0,0,N,RURAL_VICTORIA,ROAD,10,14.0
71396,1,5,130,5,1,60.0,0,N,MELB_URBAN,ROAD,11,16.0
71397,4,5,181,5,1,100.0,0,N,RURAL_VICTORIA,ROAD,11,18.0
71398,1,5,130,1,1,50.0,0,I,MELB_URBAN,STREET,11,18.0
71399,1,4,160,5,1,60.0,0,N,MELB_URBAN,AVENUE,11,19.0
71400,1,2,130,2,1,80.0,0,I,MELB_URBAN,ROAD,11,13.0
71401,8,4,99,5,1,100.0,0,N,RURAL_VICTORIA,ROAD,11,16.0
71402,1,5,111,2,1,50.0,0,I,SMALL_CITIES,STREET,11,19.0
71403,5,6,99,5,5,60.0,0,N,RURAL_VICTORIA,OTHER,6,19.0
71404,1,5,113,2,1,50.0,0,I,MELB_URBAN,ROAD,11,16.0
71405,1,4,99,2,1,60.0,0,I,MELB_URBAN,ROAD,10,16.0
71406,1,5,130,5,1,80.0,0,N,RURAL_VICTORIA,ROAD,11,19.0
71407,4,5,183,5,5,100.0,0,N,RURAL_VICTORIA,ROAD,11,4.0
71408,1,5,110,1,3,60.0,0,I,LARGE_PROVINCIAL_CITIES,STREET,11,20.0
71409,1,3,121,1,1,60.0,0,I,MELB_URBAN,STREET,11,19.0
71410,1,6,99,5,3,80.0,0,N,MELB_URBAN,FREEWAY,11,0.0
71411,1,4,121,1,3,60.0,0,I,MELB_URBAN,ROAD,10,22.0
71412,2,5,100,1,1,70.0,0,I,MELB_URBAN,ROAD,11,9.0
71413,1,4,130,5,1,60.0,0,N,MELB_URBAN,ROAD,11,17.0
71414,1,5,130,5,1,100.0,0,N,MELB_URBAN,ROAD,11,11.0
71415,1,6,111,2,3,80.0,0,I,MELB_URBAN,ROAD,11,23.0
71416,1,1,130,5,1,100.0,0,N,MELB_URBAN,FREEWAY,10,12.0
71417,1,6,140,5,1,60.0,0,N,MELB_URBAN,ROAD,11,8.0
71418,8,5,170,5,1,60.0,0,N,MELB_URBAN,ROAD,11,18.0
71419,1,6,130,5,1,80.0,0,N,MELB_URBAN,ROAD,11,9.0
71420,1,3,147,5,1,50.0,0,N,MELB_URBAN,AVENUE,11,8.0