,accident_type,day_of_week,dca_code,road_geometry,light_condition,speed_zone,severity,node_type,deg_urban_name,road_type,month,hour
71421,1,6,132,1,1,80.0,0,I,MELB_URBAN,ROAD,11,6.0
71422,1,5,160,5,9,40.0,0,N,MELB_URBAN,STREET,11,21.0
71423,1,6,130,5,1,100.0,0,N,MELB_URBAN,UNKNOWN,11,8.0
71424,1,6,99,5,1,50.0,0,N,LARGE_PROVINCIAL_CITIES,STREET,11,7.0
71425,3,3,167,5,1,60.0,0,N,RURAL_VICTORIA,OTHER,11,19.0
71426,1,5,133,5,3,60.0,0,N,LARGE_PROVINCIAL_CITIES,ROAD,11,20.0
71427,1,5,130,5,1,80.0,0,N,MELB_URBAN,HIGHWAY,11,9.0
71428,1,6,160,5,1,80.0,0,N,MELB_URBAN,HIGHWAY,11,9.0
71429,6,4,99,5,1,60.0,0,N,RURAL_VICTORIA,ROAD,10,11.0
71430,1,5,120,1,2,50.0,0,I,MELB_URBAN,DRIVE,11,20.0
71431,1,6,111,2,1,50.0,0,I,MELB_URBAN,STREET,11,8.0
71432,1,5,134,5,1,80.0,0,N,RURAL_VICTORIA,ROAD,11,18.0
71433,1,6,133,5,1,100.0,0,N,RURAL_VICTORIA,ROAD,11,10.0
71434,6,2,174,5,9,60.0,0,N,MELB_URBAN,DRIVE,9,11.0
71435,2,5,100,2,1,60.0,0,I,LARGE_PROVINCIAL_CITIES,ROAD,11,12.0
71436,7,1,99,5,9,60.0,0,N,MELBOURNE_CBD,STREET,10,18.0
71437,1,5,116,2,1,60.0,0,I,MELB_URBAN,ROAD,11,13.0
71438,1,3,147,5,9,60.0,0,N,MELB_URBAN,ROAD,10,17.0
71439,6,6,170,5,1,110.0,0,N,RURAL_VICTORIA,HIGHWAY,11,13.0
71440,8,7,174,5,1,60.0,0,N,MELB_URBAN,ROAD,10,15.0
71441,2,6,100,2,1,50.0,0,I,MELB_URBAN,ROAD,11,15.0
71442,1,6,132,5,1,60.0,0,N,SMALL_CITIES,ROAD,11,16.0
71443,1,5,130,5,1,60.0,0,N,MELB_URBAN,ROAD,11,17.0
71444,1,6,113,2,1,70.0,0,I,MELB_URBAN,ROAD,11,17.0
71445,1,5,110,1,1,60.0,0,I,LARGE_PROVINCIAL_CITIES,ROAD,11,17.0
71446,1,5,121,2,1,60.0,0,I,MELB_URBAN,STREET,11,16.0
71447,1,6,113,2,1,50.0,0,I,MELB_URBAN,STREET,11,13.0
71448,1,6,111,1,1,60.0,0,I,SMALL_CITIES,STREET,12,15.0
71449,1,5,132,2,1,60.0,0,N,MELB_URBAN,ROAD,11,19.0
71450,1,5,130,5,1,60.0,0,N,MELB_URBAN,STREET,11,17.0
71451,1,6,130,5,6,60.0,0,N,MELB_URBAN,ROAD,11,20.0
71452,1,6,99,5,1,40.0,0,N,MELB_URBAN,STREET,11,19.0
71453,1,6,110,1,1,60.0,0,I,SMALL_TOWNS,OTHER,11,17.0
71454,1,6,99,2,1,60.0,0,N,MELB_URBAN,AVENUE,11,16.0
71455,1,6,121,1,1,60.0,0,I,MELB_URBAN,ROAD,11,17.0
71456,1,2,130,1,1,80.0,0,N,SMALL_CITIES,HIGHWAY,11,13.0
71457,4,6,173,1,3,60.0,0,I,SMALL_CITIES,PARADE,11,21.0
71458,2,3,100,5,1,40.0,0,N,MELB_URBAN,STREET,11,17.0
71459,6,6,174,2,3,60.0,0,I,MELB_URBAN,ROAD,11,22.0
71460,1,6,121,5,3,60.0,0,N,MELB_URBAN,ROAD,11,22.0
71461,1,6,120,5,5,100.0,0,N,RURAL_VICTORIA,HIGHWAY,11,23.0
71462,4,6,99,2,3,60.0,0,I,MELB_URBAN,DRIVE,11,1.0
71463,1,6,130,1,3,80.0,0,N,MELB_URBAN,ROAD,11,23.0
71464,4,6,171,5,3,60.0,0,N,MELB_URBAN,ROAD,11,2.0
71465,4,7,181,2,3,50.0,1,I,SMALL_CITIES,ROAD,11,0.0
71466,4,7,171,5,5,60.0,0,N,RURAL_VICTORIA,ROAD,11,4.0
71467,2,6,100,1,1,60.0,0,I,MELB_URBAN,ROAD,11,8.0
71468,1,7,99,1,1,60.0,0,I,MELB_URBAN,ROAD,11,8.0
71469,1,7,116,1,1,60.0,0,I,MELB_URBAN,ROAD,11,8.0
71470,1,5,99,1,1,50.0,0,I,TOWNS,STREET,11,9.0
71471,1,6,130,5,1,60.0,0,N,LARGE_PROVINCIAL_CITIES,STREET,11,11.0
71472,1,4,130,4,1,60.0,0,I,MELB_URBAN,ROAD,11,17.0
71473,4,7,181,5,1,50.0,0,N,MELB_URBAN,DRIVE,11,10.0
71474,1,7,121,2,1,80.0,0,I,SMALL_CITIES,ROAD,11,12.0
71475,8,7,99,5,1,60.0,0,N,RURAL_VICTORIA,OTHER,11,11.0
71476,6,7,174,5,1,100.0,0,N,RURAL_VICTORIA,OTHER,11,11.0
71477,2,7,102,5,1,60.0,0,N,MELB_URBAN,ROAD,11,13.0
71478,1,7,110,1,1,60.0,0,I,MELB_URBAN,STREET,11,12.0
71479,1,7,130,5,1,70.0,0,N,MELB_URBAN,ROAD,11,13.0
71480,1,7,113,2,1,60.0,0,I,MELB_URBAN,OTHER,11,14.0
71481,1,6,120,5,1,80.0,0,N,RURAL_VICTORIA,HIGHWAY,11,13.0
71482,1,7,110,1,1,60.0,0,I,TOWNS,STREET,11,10.0
71483,6,7,174,5,1,60.0,0,N,RURAL_VICTORIA,OTHER,11,11.0
71484,1,6,121,1,1,50.0,0,I,MELB_URBAN,ROAD,11,16.0
71485,1,4,130,1,1,80.0,0,I,MELB_URBAN,ROAD,11,8.0
71486,1,7,121,4,2,80.0,0,I,MELB_URBAN,RAMP,11,5.0
71487,6,7,170,2,1,100.0,0,I,RURAL_VICTORIA,ROAD,11,16.0
71488,4,6,99,5,3,60.0,0,N,MELB_URBAN,ROAD,11,21.0
71489,4,6,183,5,5,50.0,0,N,RURAL_VICTORIA,ROAD,11,20.0
71490,1,7,121,4,3,70.0,0,N,MELB_URBAN,ROAD,11,22.0
71491,1,7,110,1,1,50.0,0,I,TOWNS,STREET,8,11.0
71492,2,7,102,2,3,60.0,0,I,MELB_URBAN,STREET,11,22.0
71493,4,1,171,2,3,50.0,0,I,MELB_URBAN,AVENUE,11,2.0
71494,4,7,171,5,3,50.0,0,N,SMALL_TOWNS,STREET,11,22.0
71495,1,1,99,5,2,50.0,0,N,MELB_URBAN,ROAD,11,6.0
71496,1,2,130,1,3,60.0,0,I,MELB_URBAN,PARADE,6,18.0
71497,1,6,130,5,1,60.0,0,N,MELB_URBAN,ROAD,11,16.0
71498,8,6,99,5,1,100.0,0,N,RURAL_VICTORIA,ROAD,11,16.0
71499,2,2,99,2,1,40.0,0,N,MELBOURNE_CBD,STREET,10,19.0
71500,8,1,174,2,1,100.0,0,I,RURAL_VICTORIA,ROAD,11,10.0
71501,4,1,173,5,1,100.0,0,N,RURAL_VICTORIA,ROAD,11,12.0
71502,4,1,171,1,1,60.0,0,N,TOWNS,STREET,11,10.0
71503,8,1,99,5,1,100.0,0,N,RURAL_VICTORIA,HIGHWAY,11,10.0
71504,4,1,183,5,1,100.0,0,N,RURAL_VICTORIA,ROAD,11,11.0
71505,4,1,171,5,1,50.0,0,N,MELB_URBAN,AVENUE,11,12.0
71506,1,1,111,1,1,60.0,0,I,MELB_URBAN,STREET,11,12.0
71507,1,0,113,2,1,50.0,0,I,MELB_URBAN,STREET,11,13.0
71508,4,1,173,2,1,80.0,0,I,MELB_URBAN,ROAD,11,7.0
71509,1,1,132,2,1,80.0,0,I,RURAL_VICTORIA,ROAD,11,12.0
71510,1,1,120,1,1,50.0,0,I,MELB_URBAN,DRIVE,11,12.0
71511,4,1,171,2,1,80.0,0,I,RURAL_VICTORIA,ROAD,11,13.0
71512,4,6,171,5,5,110.0,0,N,RURAL_VICTORIA,FREEWAY,11,20.0
71513,1,1,134,5,1,80.0,0,N,MELB_URBAN,UNKNOWN,11,13.0
71514,1,7,120,5,1,100.0,0,N,RURAL_VICTORIA,ROAD,11,18.0
71515,1,5,163,2,2,40.0,0,I,MELBOURNE_CBD,STREET,10,18.0
71516,1,1,113,2,1,110.0,0,N,RURAL_VICTORIA,HIGHWAY,11,14.0
71517,1,1,130,2,1,60.0,0,I,SMALL_CITIES,ROAD,11,12.0
71518,1,1,121,2,1,70.0,0,I,MELB_URBAN,ROAD,11,14.0
71519,4,1,171,5,1,110.0,0,N,RURAL_VICTORIA,FREEWAY,11,13.0
71520,1,1,130,5,1,60.0,0,N,MELB_URBAN,STREET,11,15.0
71521,1,0,130,5,1,60.0,0,N,MELB_URBAN,ROAD,11,8.0
71522,7,2,99,2,1,80.0,0,I,SMALL_CITIES,ROAD,10,16.0
71523,4,1,171,5,1,110.0,0,N,RURAL_VICTORIA,FREEWAY,11,14.0
71524,6,7,99,5,1,100.0,0,N,RURAL_VICTORIA,ROAD,11,17.0
71525,4,0,171,5,1,70.0,0,N,MELB_URBAN,ROAD,11,16.0
71526,4,1,183,5,1,80.0,0,N,RURAL_VICTORIA,ROAD,11,16.0
71527,1,0,132,2,1,60.0,0,I,MELB_URBAN,ROAD,6,6.0
71528,1,1,130,4,2,60.0,0,I,SMALL_CITIES,RAMP,11,18.0
71529,1,0,120,5,1,70.0,0,N,RURAL_VICTORIA,ROAD,11,15.0
71530,1,7,121,1,1,60.0,0,I,MELB_URBAN,ROAD,11,14.0
71531,1,1,130,1,1,70.0,0,I,MELB_URBAN,ROAD,11,19.0
71532,1,3,113,2,1,60.0,0,I,MELB_URBAN,ROAD,11,16.0
71533,1,1,110,1,1,60.0,1,I,MELB_URBAN,ROAD,11,19.0
71534,4,1,171,5,5,100.0,0,I,RURAL_VICTORIA,ROAD,11,23.0
71535,4,2,171,1,3,60.0,0,I,TOWNS,STREET,11,0.0
71536,4,1,173,1,3,60.0,0,N,MELB_URBAN,ROAD,11,23.0
71537,8,1,99,5,3,50.0,0,N,MELB_URBAN,STREET,11,22.0
71538,1,2,110,1,3,60.0,0,I,MELB_URBAN,ROAD,11,4.0
71539,1,2,121,4,3,60.0,0,I,MELB_URBAN,ROAD,11,5.0
71540,2,4,99,5,1,60.0,0,N,MELB_URBAN,ROAD,11,9.0
71541,1,0,147,5,3,50.0,0,N,MELB_URBAN,AVENUE,11,20.0
71542,4,1,171,5,1,100.0,0,N,MELB_URBAN,FREEWAY,11,8.0
71543,1,2,110,1,1,100.0,0,I,RURAL_VICTORIA,AVENUE,11,8.0
71544,1,2,116,2,1,40.0,0,I,MELB_URBAN,STREET,11,7.0
71545,4,4,181,5,5,100.0,0,N,RURAL_VICTORIA,ROAD,7,0.0
71546,6,7,170,5,1,100.0,0,N,RURAL_VICTORIA,ROAD,11,17.0
71547,4,3,173,5,1,100.0,0,N,RURAL_VICTORIA,ROAD,11,6.0
71548,1,4,116,2,9,60.0,0,I,MELB_URBAN,ROAD,12,8.0
71549,1,1,110,1,1,50.0,0,I,TOWNS,STREET,11,13.0
71550,1,2,130,2,1,70.0,0,I,MELB_URBAN,ROAD,11,17.0
71551,2,2,100,5,1,50.0,0,N,TOWNS,HIGHWAY,11,16.0
71552,8,3,174,5,1,100.0,0,N,RURAL_VICTORIA,ROAD,10,15.0
71553,1,4,121,2,9,60.0,0,I,MELB_URBAN,ROAD,9,17.0
71554,1,2,110,1,1,60.0,0,I,MELB_URBAN,STREET,11,8.0
71555,2,3,99,5,1,40.0,0,N,MELB_URBAN,STREET,11,16.0
71556,2,1,100,5,1,50.0,0,I,MELB_URBAN,ROAD,11,14.0
71557,1,3,121,1,3,60.0,0,I,LARGE_PROVINCIAL_CITIES,STREET,9,22.0
71558,1,7,99,2,1,50.0,0,I,MELB_URBAN,ROAD,11,16.0
71559,8,4,174,2,1,30.0,0,I,MELB_URBAN,ROAD,10,11.0
71560,2,6,100,2,1,60.0,0,N,MELBOURNE_CBD,STREET,10,19.0
71561,1,2,134,5,1,100.0,0,N,MELB_URBAN,RAMP,11,16.0
71562,1,2,120,5,1,100.0,0,N,RURAL_VICTORIA,ROAD,11,17.0
71563,6,2,174,2,5,50.0,0,I,LARGE_PROVINCIAL_CITIES,STREET,11,20.0
71564,1,1,99,2,1,40.0,0,I,MELB_URBAN,ROAD,11,16.0
71565,4,2,173,2,3,60.0,0,I,MELB_URBAN,STREET,11,5.0
71566,1,2,160,5,3,40.0,0,N,MELB_URBAN,STREET,11,22.0
71567,1,6,134,5,1,80.0,0,N,MELB_URBAN,UNKNOWN,11,14.0
71568,1,1,147,5,1,40.0,0,N,TOWNS,STREET,11,8.0
71569,1,3,160,5,2,60.0,0,N,MELB_URBAN,STREET,11,5.0
71570,1,1,130,2,1,60.0,0,I,MELB_URBAN,ROAD,11,17.0
71571,1,3,110,1,1,60.0,0,I,TOWNS,STREET,11,8.0
71572,6,5,174,5,3,50.0,0,N,MELB_URBAN,ROAD,11,22.0
71573,1,3,99,2,1,60.0,0,I,MELB_URBAN,ROAD,11,8.0
71574,1,2,113,2,1,60.0,0,I,MELB_URBAN,BOULEVARD,11,8.0
71575,1,2,147,5,1,80.0,0,N,MELB_URBAN,ROAD,11,10.0
71576,1,1,130,5,1,60.0,0,N,MELB_URBAN,ROAD,11,16.0
71577,1,1,130,5,1,80.0,0,N,MELB_URBAN,UNKNOWN,11,17.0
71578,1,5,121,1,1,50.0,0,I,SMALL_CITIES,AVENUE,9,12.0
71579,1,3,120,5,1,100.0,1,N,RURAL_VICTORIA,ROAD,11,7.0
71580,1,5,113,1,9,50.0,0,I,TOWNS,STREET,4,16.0
71581,2,2,99,5,6,60.0,0,N,MELB_URBAN,ROAD,10,0.0
71582,1,2,121,2,1,80.0,0,I,TOWNS,ROAD,11,8.0
71583,1,3,160,5,1,80.0,0,N,SMALL_TOWNS,HIGHWAY,11,11.0
71584,5,6,99,2,1,80.0,0,I,RURAL_VICTORIA,ROAD,10,14.0
71585,1,1,130,5,1,60.0,0,I,MELB_URBAN,ROAD,11,16.0
71586,1,3,132,5,1,60.0,0,N,MELB_URBAN,ROAD,11,9.0
71587,1,3,99,2,1,50.0,0,I,MELB_URBAN,DRIVE,11,8.0
71588,1,3,99,4,1,80.0,0,I,MELB_URBAN,RAMP,11,10.0
71589,1,2,130,1,1,60.0,0,I,MELB_URBAN,STREET,10,12.0
71590,4,3,99,5,1,60.0,0,N,RURAL_VICTORIA,ROAD,11,8.0
71591,2,5,99,5,1,60.0,0,N,MELB_URBAN,HIGHWAY,11,13.0
71592,1,5,113,1,1,60.0,0,I,MELB_URBAN,ROAD,11,16.0
71593,1,7,99,2,2,60.0,0,I,MELB_URBAN,ROAD,11,5.0
71594,4,0,181,5,1,100.0,0,N,RURAL_VICTORIA,ROAD,11,15.0
71595,1,3,110,1,1,60.0,0,I,MELB_URBAN,STREET,11,13.0
71596,1,3,132,2,1,60.0,0,I,SMALL_CITIES,ROAD,11,8.0
71597,8,7,184,2,1,60.0,0,N,RURAL_VICTORIA,ROAD,11,12.0
71598,1,4,99,1,1,60.0,0,I,MELB_URBAN,ROAD,11,7.0
71599,1,4,121,1,9,60.0,0,I,MELB_URBAN,ROAD,11,9.0
71600,2,2,102,5,1,40.0,0,N,MELB_URBAN,ROAD,11,15.0
71601,1,3,99,1,1,100.0,0,I,RURAL_VICTORIA,ROAD,11,15.0
71602,1,3,121,5,1,100.0,0,N,RURAL_VICTORIA,ROAD,11,10.0
71603,6,3,174,5,1,100.0,0,N,RURAL_VICTORIA,ROAD,11,16.0
71604,1,2,99,1,2,60.0,0,I,MELB_URBAN,PARADE,11,19.0
71605,1,3,133,5,1,60.0,0,N,MELB_URBAN,ROAD,11,16.0
71606,4,3,171,5,1,100.0,0,N,RURAL_VICTORIA,HIGHWAY,11,18.0
71607,4,2,183,5,1,80.0,0,N,RURAL_VICTORIA,HIGHWAY,11,16.0
71608,1,3,135,5,1,100.0,0,N,MELB_URBAN,ROAD,11,17.0
71609,1,3,99,2,1,60.0,0,I,LARGE_PROVINCIAL_CITIES,STREET,11,17.0
71610,4,6,183,5,1,60.0,0,N,RURAL_VICTORIA,ROAD,10,16.0
71611,1,3,121,1,3,60.0,0,I,MELB_URBAN,STREET,11,22.0
71612,1,3,116,1,3,80.0,0,I,MELB_URBAN,ROAD,11,21.0
71613,4,3,173,5,2,80.0,0,N,RURAL_VICTORIA,ROAD,11,20.0
71614,1,1,130,2,9,60.0,0,I,MELB_URBAN,ROAD,6,18.0
71615,1,3,120,5,6,80.0,0,N,MELB_URBAN,HIGHWAY,11,3.0
71616,1,3,135,2,3,70.0,0,I,MELB_URBAN,ROAD,11,23.0
71617,1,3,130,5,1,60.0,0,N,MELB_URBAN,RAMP,11,17.0
71618,2,4,99,1,3,50.0,0,N,LARGE_PROVINCIAL_CITIES,STREET,11,3.0
71619,1,3,140,5,1,60.0,0,N,MELB_URBAN,ROAD,11,9.0
71620,1,3,121,1,1,80.0,0,I,MELB_URBAN,HIGHWAY,11,13.0
71621,1,4,130,5,2,100.0,0,N,RURAL_VICTORIA,FREEWAY,11,6.0
71622,4,4,171,5,1,100.0,0,N,RURAL_VICTORIA,HIGHWAY,11,6.0
71623,1,1,130,5,1,60.0,0,N,MELB_URBAN,ROAD,9,15.0
71624,4,4,181,5,5,100.0,0,N,RURAL_VICTORIA,ROAD,11,3.0
71625,4,3,171,5,3,80.0,0,N,MELB_URBAN,ROAD,9,20.0
71626,1,4,110,1,1,60.0,0,I,MELB_URBAN,ROAD,11,8.0
71627,3,1,167,5,1,100.0,0,N,RURAL_VICTORIA,ROAD,10,8.0
71628,1,4,130,5,1,100.0,0,N,MELB_URBAN,FREEWAY,11,10.0
71629,1,6,135,5,1,100.0,0,N,MELB_URBAN,UNKNOWN,10,13.0
71630,1,4,130,5,1,80.0,0,N,MELB_URBAN,ROAD,11,7.0
71631,4,4,171,5,1,70.0,0,N,MELB_URBAN,ROAD,11,8.0
71632,1,4,140,4,1,60.0,0,I,MELB_URBAN,ROAD,11,11.0
71633,4,4,183,5,1,60.0,0,N,MELB_URBAN,ROAD,11,7.0
71634,4,6,181,5,1,60.0,0,N,RURAL_VICTORIA,HIGHWAY,11,16.0
71635,1,4,110,1,1,80.0,0,I,RURAL_VICTORIA,HIGHWAY,11,10.0
71636,6,3,184,5,1,50.0,0,N,RURAL_VICTORIA,RAMP,11,9.0
71637,1,4,134,5,1,60.0,0,N,MELB_URBAN,ROAD,11,12.0
71638,1,4,132,2,1,50.0,0,I,SMALL_CITIES,OTHER,11,13.0
71639,1,6,110,1,1,60.0,0,I,TOWNS,STREET,10,9.0
71640,1,4,99,2,1,50.0,1,N,LARGE_PROVINCIAL_CITIES,STREET,11,8.0
71641,1,4,111,2,1,50.0,0,I,MELB_URBAN,DRIVE,11,13.0
71642,1,7,133,1,1,40.0,0,I,MELBOURNE_CBD,STREET,9,16.0
71643,6,4,99,5,1,100.0,0,N,RURAL_VICTORIA,ROAD,11,12.0
71644,1,4,110,1,1,70.0,0,I,MELB_URBAN,ROAD,11,11.0
71645,4,2,181,5,1,100.0,0,N,RURAL_VICTORIA,ROAD,11,16.0
71646,9,4,99,5,9,60.0,0,N,MELB_URBAN,STREET,11,7.0
71647,2,5,102,5,1,60.0,0,N,MELB_URBAN,ROAD,11,15.0
71648,1,1,130,5,9,60.0,0,N,LARGE_PROVINCIAL_CITIES,STREET,11,12.0
71649,4,4,171,5,5,80.0,0,N,MELB_URBAN,ROAD,11,2.0
71650,1,4,110,1,1,40.0,0,I,TOWNS,STREET,11,14.0
71651,1,4,130,4,1,80.0,0,I,MELB_URBAN,ROAD,11,15.0
71652,2,4,99,2,1,80.0,0,I,TOWNS,STREET,11,14.0
71653,7,5,184,5,1,60.0,0,N,RURAL_VICTORIA,ROAD,11,14.0
71654,4,3,183,5,1,80.0,0,N,MELB_URBAN,RAMP,11,16.0
71655,1,4,113,2,1,50.0,0,I,MELB_URBAN,OTHER,11,18.0
71656,1,4,110,1,1,60.0,0,I,TOWNS,STREET,11,18.0
71657,1,6,110,1,1,80.0,0,I,MELB_URBAN,ROAD,11,17.0
71658,1,4,135,5,1,110.0,0,N,SMALL_CITIES,FREEWAY,11,16.0
71659,4,3,171,5,1,70.0,0,N,MELB_URBAN,ROAD,11,18.0
71660,1,2,130,5,1,60.0,0,N,MELB_URBAN,HIGHWAY,10,8.0
71661,1,3,130,5,1,50.0,0,N,SMALL_CITIES,STREET,11,16.0
71662,4,3,181,5,1,80.0,0,N,SMALL_CITIES,ROAD,11,16.0
71663,1,4,130,5,1,80.0,0,N,MELB_URBAN,OTHER,11,19.0
71664,4,4,173,1,1,60.0,0,I,TOWNS,ROAD,11,18.0
71665,2,3,100,2,3,50.0,0,I,MELB_URBAN,STREET,11,21.0
71666,1,3,130,5,1,100.0,0,N,MELB_URBAN,FREEWAY,11,18.0
71667,1,4,130,5,1,80.0,0,N,MELB_URBAN,ROAD,11,18.0
71668,1,4,99,2,1,70.0,0,I,MELB_URBAN,ROAD,11,16.0
71669,1,4,121,2,3,60.0,0,I,MELB_URBAN,ROAD,11,20.0
71670,4,3,173,2,2,50.0,0,I,MELB_URBAN,ROAD,11,20.0
71671,4,3,171,5,1,80.0,0,N,RURAL_VICTORIA,ROAD,11,19.0
71672,2,4,100,1,1,50.0,0,I,MELB_URBAN,STREET,11,15.0
71673,1,3,130,2,3,40.0,0,I,MELBOURNE_CBD,STREET,11,20.0
71674,1,6,113,2,1,50.0,0,I,MELB_URBAN,AVENUE,11,14.0
71675,1,5,110,1,1,50.0,0,I,MELB_URBAN,STREET,11,18.0
71676,4,5,171,5,5,100.0,0,N,RURAL_VICTORIA,HIGHWAY,11,1.0
71677,2,4,99,5,1,50.0,0,N,MELB_URBAN,ROAD,11,15.0
71678,1,1,121,1,3,80.0,0,I,MELB_URBAN,OTHER,11,20.0
71679,1,4,130,5,1,70.0,0,N,LARGE_PROVINCIAL_CITIES,ROAD,9,8.0
71680,1,3,110,1,1,50.0,0,I,MELB_URBAN,STREET,11,12.0
71681,4,2,171,5,9,60.0,0,N,RURAL_VICTORIA,ROAD,10,16.0
71682,1,3,135,5,1,60.0,0,N,MELB_URBAN,ROAD,11,14.0
71683,1,4,132,2,1,60.0,0,I,RURAL_VICTORIA,OTHER,11,7.0
71684,6,5,174,1,1,50.0,0,I,MELB_URBAN,STREET,11,7.0
71685,4,4,171,5,1,100.0,0,N,MELB_URBAN,FREEWAY,11,7.0
71686,1,3,130,2,1,50.0,0,N,SMALL_CITIES,ROAD,11,17.0
71687,1,4,121,1,3,60.0,0,I,MELB_URBAN,ROAD,11,21.0
71688,6,3,99,5,5,100.0,0,N,RURAL_VICTORIA,OTHER,11,23.0
71689,8,7,184,5,1,60.0,0,N,RURAL_VICTORIA,OTHER,10,14.0
71690,1,2,147,5,1,60.0,0,N,MELB_URBAN,ROAD,11,8.0
71691,1,4,99,4,1,60.0,0,N,MELB_URBAN,ROAD,11,9.0
71692,4,7,181,5,5,50.0,0,N,MELB_URBAN,STREET,10,22.0
71693,1,4,147,5,1,60.0,0,N,MELB_URBAN,STREET,11,16.0
71694,1,3,135,5,1,60.0,0,N,MELB_URBAN,ROAD,11,17.0
71695,1,7,99,1,1,60.0,0,I,MELB_URBAN,RAMP,11,13.0
71696,1,4,110,1,1,50.0,0,I,MELB_URBAN,STREET,11,10.0
71697,1,3,121,1,1,60.0,0,I,MELB_URBAN,ROAD,11,15.0
71698,6,4,174,2,1,40.0,0,I,MELB_URBAN,STREET,11,17.0
71699,1,5,163,5,1,60.0,0,N,MELB_URBAN,ROAD,11,9.0
71700,6,4,174,5,1,60.0,0,N,LARGE_PROVINCIAL_CITIES,BOULEVARD,11,15.0
71701,1,4,160,2,1,60.0,0,I,MELB_URBAN,ROAD,11,8.0
71702,4,5,173,5,1,60.0,0,N,RURAL_VICTORIA,ROAD,11,7.0
71703,1,5,147,5,1,100.0,0,N,RURAL_VICTORIA,HIGHWAY,11,11.0
71704,1,5,130,2,1,60.0,0,I,RURAL_VICTORIA,HIGHWAY,11,6.0
71705,1,5,120,5,1,70.0,0,N,MELB_URBAN,ROAD,11,11.0
71706,1,4,130,5,1,100.0,0,N,MELB_URBAN,FREEWAY,11,9.0
71707,1,4,99,1,1,60.0,0,I,MELB_URBAN,ROAD,11,17.0
71708,1,1,111,4,1,60.0,0,I,MELB_URBAN,ROAD,6,16.0
71709,1,5,130,5,1,60.0,0,N,MELB_URBAN,UNKNOWN,11,8.0
71710,6,5,99,5,1,80.0,0,N,RURAL_VICTORIA,ROAD,11,13.0
71711,8,4,170,5,1,100.0,0,N,RURAL_VICTORIA,ROAD,11,14.0
71712,1,2,130,2,9,70.0,0,N,MELB_URBAN,DRIVE,11,7.0
71713,6,7,174,5,1,60.0,0,N,RURAL_VICTORIA,ROAD,11,11.0
71714,1,1,121,1,3,80.0,0,I,MELB_URBAN,ROAD,11,20.0
71715,1,4,163,5,1,60.0,0,N,MELB_URBAN,ROAD,11,11.0
71716,1,5,110,4,1,80.0,0,I,MELB_URBAN,HIGHWAY,11,16.0
71717,1,5,113,2,1,60.0,0,I,MELB_URBAN,ROAD,11,15.0
71718,1,6,99,1,9,70.0,0,I,MELB_URBAN,OTHER,11,17.0
71719,2,4,100,5,1,60.0,0,N,LARGE_PROVINCIAL_CITIES,STREET,11,15.0
71720,1,5,111,1,1,60.0,0,I,MELB_URBAN,STREET,11,17.0
71721,1,5,110,1,1,100.0,0,I,RURAL_VICTORIA,ROAD,11,15.0
71722,2,5,100,1,1,50.0,0,I,TOWNS,STREET,11,17.0
71723,1,4,130,5,1,70.0,0,N,RURAL_VICTORIA,ROAD,11,11.0
71724,4,5,183,5,1,80.0,0,N,RURAL_VICTORIA,ROAD,11,18.0
71725,2,5,100,1,1,80.0,0,I,MELB_URBAN,HIGHWAY,11,15.0
71726,1,5,99,5,1,60.0,0,N,MELB_URBAN,HIGHWAY,11,12.0
71727,1,5,120,5,1,60.0,0,N,RURAL_VICTORIA,STREET,11,15.0
71728,1,5,111,2,1,80.0,0,I,MELB_URBAN,ROAD,11,20.0
71729,8,5,174,2,1,50.0,0,I,LARGE_PROVINCIAL_CITIES,STREET,11,16.0
71730,1,4,130,2,3,60.0,0,I,MELB_URBAN,ROAD,11,20.0
71731,4,4,173,5,5,110.0,0,N,RURAL_VICTORIA,FREEWAY,11,21.0
71732,2,4,100,5,3,50.0,0,N,MELB_URBAN,DRIVE,11,20.0
71733,3,5,167,5,9,100.0,0,N,RURAL_VICTORIA,ROAD,11,14.0
71734,4,2,99,2,1,60.0,0,I,MELB_URBAN,AVENUE,10,15.0
71735,1,5,120,2,3,70.0,0,I,MELB_URBAN,ROAD,11,22.0
71736,4,5,183,2,5,60.0,1,N,MELB_URBAN,UNKNOWN,11,22.0
71737,1,5,160,5,3,60.0,0,N,MELB_URBAN,OTHER,11,23.0
71738,1,4,133,5,3,80.0,0,N,MELB_URBAN,ROAD,11,21.0
71739,1,6,110,1,3,60.0,0,I,MELB_URBAN,ROAD,11,0.0
71740,1,6,110,1,3,60.0,0,I,MELB_URBAN,ROAD,11,3.0
71741,1,6,113,2,1,80.0,0,I,SMALL_CITIES,ROAD,10,9.0
71742,8,5,174,1,1,80.0,0,N,MELB_URBAN,ROAD,11,8.0
71743,1,5,160,5,3,50.0,0,N,MELB_URBAN,ROAD,11,21.0
71744,1,6,163,5,1,60.0,0,N,MELB_URBAN,STREET,11,8.0
71745,1,5,130,5,1,50.0,0,N,MELB_URBAN,HIGHWAY,10,17.0
71746,1,6,110,1,1,80.0,0,I,MELB_URBAN,ROAD,11,6.0
71747,1,5,130,5,3,60.0,0,N,MELB_URBAN,ROAD,11,23.0
71748,2,6,99,5,1,50.0,0,N,MELB_URBAN,OTHER,11,10.0