,accident_type,day_of_week,dca_code,road_geometry,light_condition,speed_zone,severity,node_type,deg_urban_name,road_type,month,hour
71749,1,3,130,5,1,60.0,0,N,SMALL_TOWNS,ROAD,11,17.0
71750,1,5,130,5,1,60.0,0,N,MELB_URBAN,OTHER,11,7.0
71751,1,6,160,5,3,60.0,0,N,MELB_URBAN,ROAD,7,22.0
71752,1,6,110,1,1,40.0,0,I,MELB_URBAN,STREET,11,12.0
71753,1,5,121,5,1,60.0,0,N,MELBOURNE_CBD,STREET,11,18.0
71754,1,3,130,1,1,60.0,0,I,MELB_URBAN,DRIVE,11,8.0
71755,1,6,134,2,1,60.0,0,I,MELB_URBAN,ROAD,11,12.0
71756,1,5,113,2,1,60.0,0,I,MELB_URBAN,HIGHWAY,11,11.0
71757,1,6,130,1,1,80.0,0,I,MELB_URBAN,ROAD,11,12.0
71758,1,6,116,1,1,60.0,0,I,SMALL_CITIES,AVENUE,11,10.0
71759,1,6,147,5,1,50.0,0,N,SMALL_TOWNS,ROAD,11,11.0
71760,1,2,135,5,1,80.0,0,N,MELB_URBAN,HIGHWAY,10,15.0
71761,1,5,130,5,2,100.0,0,I,MELB_URBAN,FREEWAY,11,6.0
71762,1,6,130,1,1,60.0,0,I,MELB_URBAN,ROAD,11,14.0
71763,1,6,113,2,1,80.0,0,I,MELB_URBAN,ROAD,11,14.0
71764,1,6,130,5,1,60.0,0,N,SMALL_CITIES,ROAD,11,15.0
71765,4,5,173,5,1,40.0,0,N,MELB_URBAN,STREET,11,15.0
71766,8,6,174,2,9,60.0,0,I,MELB_URBAN,ROAD,11,10.0
71767,8,3,99,1,9,60.0,0,I,MELB_URBAN,STREET,11,23.0
71768,2,5,102,5,1,60.0,0,N,SMALL_CITIES,STREET,11,18.0
71769,1,2,134,5,1,60.0,0,N,MELB_URBAN,STREET,10,15.0
71770,1,6,140,5,1,60.0,0,N,MELB_URBAN,STREET,11,15.0
71771,1,6,130,5,1,80.0,0,N,MELB_URBAN,ROAD,11,17.0
71772,1,5,132,5,1,60.0,0,N,SMALL_CITIES,ROAD,11,16.0
71773,1,6,110,1,1,60.0,0,I,MELB_URBAN,STREET,11,18.0
71774,1,6,160,5,1,50.0,0,N,TOWNS,ROAD,11,16.0
71775,1,5,130,2,1,80.0,0,I,MELB_URBAN,HIGHWAY,11,16.0
71776,4,6,181,5,1,100.0,0,N,RURAL_VICTORIA,ROAD,11,17.0
71777,4,6,171,2,3,60.0,0,I,MELB_URBAN,STREET,11,23.0
71778,1,6,121,1,3,60.0,0,I,RURAL_VICTORIA,ROAD,11,20.0
71779,1,6,130,5,1,80.0,0,N,MELB_URBAN,ROAD,11,15.0
71780,2,6,99,5,3,40.0,0,N,MELB_URBAN,STREET,11,0.0
71781,1,7,116,2,3,60.0,0,I,MELB_URBAN,STREET,11,0.0
71782,1,7,133,5,2,60.0,0,N,MELB_URBAN,ROAD,11,6.0
71783,4,3,171,5,1,50.0,0,N,MELB_URBAN,ROAD,11,8.0
71784,1,3,116,2,1,60.0,0,I,MELB_URBAN,ROAD,11,7.0
71785,4,7,181,2,1,100.0,0,I,RURAL_VICTORIA,ROAD,10,9.0
71786,1,3,130,5,1,70.0,0,N,LARGE_PROVINCIAL_CITIES,HIGHWAY,11,18.0
71787,1,5,163,5,1,50.0,0,N,MELB_URBAN,STREET,11,18.0
71788,4,1,173,5,5,40.0,0,N,TOWNS,ROAD,11,2.0
71789,1,6,113,2,1,60.0,0,I,MELB_URBAN,ROAD,11,10.0
71790,8,6,174,2,1,60.0,0,I,RURAL_VICTORIA,OTHER,10,11.0
71791,1,7,99,5,1,50.0,0,N,MELB_URBAN,ROAD,11,8.0
71792,1,7,99,5,1,100.0,0,N,RURAL_VICTORIA,ROAD,11,10.0
71793,1,7,110,1,1,60.0,0,I,MELB_URBAN,ROAD,11,10.0
71794,2,6,99,5,1,50.0,0,N,SMALL_CITIES,AVENUE,11,11.0
71795,4,6,183,5,1,60.0,0,N,MELB_URBAN,ROAD,11,11.0
71796,1,7,110,1,1,60.0,0,I,SMALL_CITIES,STREET,11,12.0
71797,1,7,113,2,1,80.0,0,I,MELB_URBAN,ROAD,11,12.0
71798,1,7,99,5,1,50.0,0,N,TOWNS,STREET,11,13.0
71799,1,7,130,5,1,60.0,0,N,MELB_URBAN,AVENUE,11,13.0
71800,1,7,121,2,1,70.0,0,I,MELB_URBAN,ROAD,11,14.0
71801,1,7,130,5,1,50.0,0,N,LARGE_PROVINCIAL_CITIES,STREET,11,15.0
71802,4,7,173,5,1,100.0,0,N,RURAL_VICTORIA,OTHER,11,11.0
71803,1,7,160,5,1,70.0,0,N,SMALL_CITIES,AVENUE,11,15.0
71804,1,7,113,2,1,60.0,0,I,MELB_URBAN,ROAD,11,15.0
71805,1,7,110,1,1,100.0,0,I,RURAL_VICTORIA,ROAD,11,14.0
71806,1,7,171,5,1,80.0,0,N,MELB_URBAN,HIGHWAY,11,15.0
71807,1,6,130,2,1,80.0,0,I,MELB_URBAN,ROAD,11,11.0
71808,2,7,99,1,1,40.0,0,I,MELBOURNE_CBD,STREET,11,18.0
71809,1,7,121,2,1,60.0,0,I,MELB_URBAN,STREET,11,17.0
71810,4,7,173,2,1,100.0,0,N,RURAL_VICTORIA,FREEWAY,11,16.0
71811,1,7,113,4,3,70.0,0,I,MELB_URBAN,FREEWAY,11,22.0
71812,7,7,99,1,3,50.0,0,I,MELB_URBAN,OTHER,11,23.0
71813,6,6,99,2,5,80.0,0,I,MELB_URBAN,STREET,11,21.0
71814,2,1,102,2,5,50.0,0,I,LARGE_PROVINCIAL_CITIES,STREET,11,1.0
71815,1,4,110,1,1,60.0,0,I,MELB_URBAN,ROAD,11,7.0
71816,1,1,110,1,3,70.0,0,I,MELB_URBAN,ROAD,11,0.0
71817,4,1,171,1,3,60.0,0,I,SMALL_CITIES,STREET,11,4.0
71818,1,7,181,4,1,50.0,0,N,MELB_URBAN,STREET,11,13.0
71819,1,3,111,2,3,60.0,0,I,LARGE_PROVINCIAL_CITIES,ROAD,10,20.0
71820,1,7,99,2,1,60.0,0,I,LARGE_PROVINCIAL_CITIES,ROAD,11,17.0
71821,6,0,99,5,1,100.0,0,N,RURAL_VICTORIA,ROAD,11,7.0
71822,1,6,130,2,1,60.0,0,I,MELB_URBAN,ROAD,11,16.0
71823,1,2,110,1,9,60.0,0,I,MELB_URBAN,ROAD,7,19.0
71824,1,6,147,5,1,80.0,0,I,MELB_URBAN,ROAD,10,18.0
71825,1,5,130,5,1,60.0,0,N,MELB_URBAN,FREEWAY,11,7.0
71826,8,0,99,2,1,60.0,0,I,MELB_URBAN,ROAD,11,9.0
71827,1,4,134,5,1,100.0,0,N,MELB_URBAN,FREEWAY,11,13.0
71828,1,0,140,5,1,60.0,0,N,MELB_URBAN,ROAD,11,8.0
71829,1,7,110,1,1,40.0,0,I,MELB_URBAN,ROAD,11,19.0
71830,4,1,173,5,1,100.0,0,N,RURAL_VICTORIA,HIGHWAY,11,6.0
71831,1,1,130,5,1,80.0,0,N,RURAL_VICTORIA,ROAD,11,12.0
71832,2,1,99,1,1,50.0,0,I,MELB_URBAN,STREET,11,12.0
71833,1,1,120,5,1,100.0,0,N,RURAL_VICTORIA,HIGHWAY,11,11.0
71834,6,0,99,5,1,80.0,0,N,RURAL_VICTORIA,HIGHWAY,11,11.0
71835,6,7,170,9,5,110.0,0,N,RURAL_VICTORIA,HIGHWAY,11,22.0
71836,1,0,113,1,1,60.0,0,I,MELB_URBAN,ROAD,11,12.0
71837,1,1,120,5,1,50.0,0,N,MELB_URBAN,STREET,11,12.0
71838,1,0,113,4,1,60.0,0,I,MELB_URBAN,ROAD,11,12.0
71839,4,1,173,5,1,60.0,0,N,LARGE_PROVINCIAL_CITIES,ROAD,11,11.0
71840,1,1,130,1,1,80.0,0,I,MELB_URBAN,ROAD,11,11.0
71841,1,1,113,1,1,80.0,0,I,RURAL_VICTORIA,ROAD,11,12.0
71842,7,7,99,5,1,100.0,0,N,RURAL_VICTORIA,OTHER,11,17.0
71843,2,1,100,2,1,60.0,0,I,MELB_URBAN,ROAD,11,11.0
71844,1,1,130,5,1,80.0,0,N,MELB_URBAN,FREEWAY,11,13.0
71845,1,1,120,5,1,80.0,0,N,MELB_URBAN,ROAD,11,13.0
71846,4,2,173,5,2,100.0,0,N,RURAL_VICTORIA,ROAD,11,7.0
71847,4,1,171,5,1,60.0,0,N,LARGE_PROVINCIAL_CITIES,STREET,11,13.0
71848,1,5,130,1,1,60.0,0,I,SMALL_CITIES,ROAD,11,16.0
71849,1,1,130,5,1,70.0,0,N,RURAL_VICTORIA,HIGHWAY,11,14.0
71850,1,4,134,5,1,60.0,0,N,MELB_URBAN,UNKNOWN,11,19.0
71851,2,1,99,5,1,80.0,0,N,RURAL_VICTORIA,ROAD,11,13.0
71852,1,0,121,1,1,50.0,0,I,MELB_URBAN,STREET,11,13.0
71853,3,6,167,5,5,100.0,0,N,RURAL_VICTORIA,HIGHWAY,2,21.0
71854,1,0,133,5,1,100.0,0,N,MELB_URBAN,FREEWAY,11,16.0
71855,1,1,134,5,1,80.0,0,I,MELB_URBAN,HIGHWAY,11,16.0
71856,1,1,160,5,1,60.0,0,N,LARGE_PROVINCIAL_CITIES,STREET,11,18.0
71857,5,1,99,5,1,60.0,0,N,RURAL_VICTORIA,OTHER,11,15.0
71858,4,1,181,5,1,100.0,1,N,RURAL_VICTORIA,ROAD,11,16.0
71859,1,1,132,1,1,100.0,0,I,RURAL_VICTORIA,ROAD,11,15.0
71860,1,0,130,1,1,60.0,0,I,MELB_URBAN,ROAD,11,9.0
71861,4,0,173,5,1,100.0,0,N,RURAL_VICTORIA,ROAD,11,15.0
71862,4,1,173,5,1,100.0,0,N,MELB_URBAN,UNKNOWN,11,16.0
71863,1,1,147,5,5,50.0,0,N,MELB_URBAN,ROAD,11,20.0
71864,1,1,130,5,1,100.0,0,N,MELB_URBAN,FREEWAY,11,19.0
71865,1,1,99,2,3,40.0,0,N,MELBOURNE_CBD,STREET,11,2.0
71866,4,0,183,5,5,80.0,0,N,RURAL_VICTORIA,ROAD,11,22.0
71867,4,1,183,5,3,50.0,0,N,MELB_URBAN,DRIVE,11,23.0
71868,1,1,121,1,3,60.0,0,I,MELB_URBAN,ROAD,11,23.0
71869,1,3,116,1,1,60.0,0,I,MELB_URBAN,STREET,11,10.0
71870,4,2,183,5,5,110.0,0,N,RURAL_VICTORIA,RAMP,11,3.0
71871,1,1,113,2,1,60.0,0,I,MELB_URBAN,ROAD,11,14.0
71872,1,6,113,2,1,50.0,0,I,MELB_URBAN,AVENUE,10,8.0
71873,1,2,121,2,1,70.0,0,I,MELB_URBAN,ROAD,11,7.0
71874,1,2,99,1,1,60.0,0,I,MELB_URBAN,ROAD,11,7.0
71875,6,4,170,5,1,100.0,0,N,RURAL_VICTORIA,ROAD,10,10.0
71876,1,1,130,5,2,60.0,0,N,RURAL_VICTORIA,HIGHWAY,11,20.0
71877,1,5,140,5,1,60.0,0,N,LARGE_PROVINCIAL_CITIES,ROAD,10,10.0
71878,8,1,174,5,1,60.0,0,N,MELB_URBAN,ROAD,11,7.0
71879,1,2,130,5,1,80.0,0,N,MELB_URBAN,ROAD,11,7.0
71880,1,1,134,5,1,40.0,0,N,MELB_URBAN,ROAD,11,9.0
71881,4,2,171,2,5,80.0,0,I,RURAL_VICTORIA,ROAD,11,0.0
71882,2,2,100,1,1,50.0,0,I,SMALL_CITIES,STREET,11,10.0
71883,1,2,130,5,1,70.0,0,N,LARGE_PROVINCIAL_CITIES,ROAD,11,7.0
71884,1,7,121,1,1,60.0,0,I,MELBOURNE_CBD,STREET,11,12.0
71885,1,2,99,2,1,100.0,0,I,RURAL_VICTORIA,ROAD,11,8.0
71886,1,1,134,5,3,60.0,0,N,MELB_URBAN,RAMP,11,23.0
71887,1,6,132,5,1,60.0,0,N,MELB_URBAN,ROAD,3,12.0
71888,1,6,130,2,1,50.0,0,I,MELB_URBAN,ROAD,11,15.0
71889,1,1,140,5,1,50.0,0,N,SMALL_CITIES,STREET,11,11.0
71890,2,6,99,5,1,50.0,0,N,MELB_URBAN,OTHER,11,19.0
71891,4,1,181,5,1,80.0,0,N,RURAL_VICTORIA,ROAD,11,13.0
71892,6,0,174,1,5,100.0,0,I,RURAL_VICTORIA,ROAD,11,22.0
71893,1,2,113,2,1,80.0,0,I,MELB_URBAN,ROAD,11,12.0
71894,6,1,99,5,1,70.0,0,N,RURAL_VICTORIA,ROAD,11,11.0
71895,8,2,174,5,1,100.0,0,N,RURAL_VICTORIA,ROAD,11,17.0
71896,6,1,174,5,1,60.0,0,N,RURAL_VICTORIA,OTHER,11,10.0
71897,1,2,147,2,1,80.0,0,I,MELB_URBAN,HIGHWAY,11,13.0
71898,1,1,113,4,1,60.0,0,I,MELB_URBAN,ROAD,11,11.0
71899,1,2,121,1,1,60.0,0,I,MELB_URBAN,ROAD,11,14.0
71900,1,1,130,1,1,80.0,0,I,MELB_URBAN,ROAD,11,19.0
71901,1,2,110,1,1,60.0,0,I,MELB_URBAN,HIGHWAY,11,16.0
71902,1,2,99,1,1,60.0,0,I,MELB_URBAN,STREET,11,14.0
71903,1,2,120,5,1,100.0,0,N,RURAL_VICTORIA,HIGHWAY,11,14.0
71904,1,4,130,1,9,60.0,0,I,SMALL_CITIES,STREET,8,13.0
71905,4,2,183,5,2,100.0,0,N,RURAL_VICTORIA,ROAD,11,5.0
71906,1,5,130,5,1,50.0,0,N,MELB_URBAN,DRIVE,11,6.0
71907,1,1,120,5,1,80.0,0,N,RURAL_VICTORIA,HIGHWAY,11,15.0
71908,4,2,171,1,1,50.0,0,I,SMALL_CITIES,STREET,11,18.0
71909,4,7,171,5,5,100.0,0,N,RURAL_VICTORIA,ROAD,11,4.0
71910,4,2,173,1,1,60.0,0,I,LARGE_PROVINCIAL_CITIES,ROAD,11,18.0
71911,1,5,130,5,1,60.0,0,N,LARGE_PROVINCIAL_CITIES,ROAD,6,9.0
71912,1,2,163,5,9,60.0,0,N,MELB_URBAN,STREET,11,12.0
71913,1,2,99,5,1,60.0,0,N,SMALL_CITIES,STREET,11,15.0
71914,2,2,100,5,1,60.0,0,I,MELB_URBAN,STREET,11,19.0
71915,4,2,183,5,5,60.0,1,N,MELB_URBAN,STREET,11,22.0
71916,1,2,133,5,1,60.0,0,N,MELB_URBAN,STREET,11,18.0
71917,4,2,173,5,5,80.0,0,N,RURAL_VICTORIA,ROAD,11,2.0
71918,6,3,170,5,3,60.0,0,N,LARGE_PROVINCIAL_CITIES,STREET,11,3.0
71919,4,2,99,5,3,60.0,0,N,MELBOURNE_CBD,STREET,11,5.0
71920,2,2,100,2,3,40.0,0,N,MELBOURNE_CBD,STREET,11,5.0
71921,4,3,173,5,3,60.0,0,N,LARGE_PROVINCIAL_CITIES,ROAD,11,5.0
71922,1,3,121,1,2,60.0,0,I,MELB_URBAN,HIGHWAY,11,5.0
71923,1,2,110,1,1,80.0,0,I,MELB_URBAN,ROAD,11,14.0
71924,1,3,99,2,3,60.0,0,I,TOWNS,STREET,11,3.0
71925,1,2,120,5,3,70.0,0,N,MELB_URBAN,DRIVE,11,21.0
71926,1,2,110,1,1,60.0,0,I,TOWNS,STREET,11,18.0
71927,1,1,99,5,1,50.0,0,N,MELB_URBAN,DRIVE,11,15.0
71928,1,2,132,5,1,60.0,0,N,MELB_URBAN,ROAD,11,6.0
71929,1,2,113,2,1,50.0,0,I,MELB_URBAN,STREET,11,18.0
71930,1,1,130,5,2,80.0,0,N,MELB_URBAN,ROAD,11,19.0
71931,1,4,130,5,1,110.0,0,N,RURAL_VICTORIA,FREEWAY,9,11.0
71932,8,2,174,1,1,50.0,0,I,SMALL_CITIES,STREET,11,9.0
71933,5,2,173,5,5,100.0,0,N,RURAL_VICTORIA,HIGHWAY,11,21.0
71934,1,6,130,5,1,60.0,0,N,MELB_URBAN,ROAD,11,18.0
71935,1,3,110,1,1,80.0,0,I,MELB_URBAN,ROAD,11,6.0
71936,1,2,110,1,1,60.0,0,I,RURAL_VICTORIA,HIGHWAY,11,9.0
71937,4,3,173,5,1,100.0,0,N,RURAL_VICTORIA,ROAD,11,8.0
71938,1,6,110,1,1,100.0,0,N,RURAL_VICTORIA,HIGHWAY,11,15.0
71939,1,2,113,2,1,60.0,0,I,MELB_URBAN,ROAD,11,11.0
71940,8,3,174,5,1,60.0,0,N,MELB_URBAN,ROAD,11,11.0
71941,1,3,130,5,1,80.0,0,N,MELB_URBAN,ROAD,11,8.0
71942,4,2,181,5,1,70.0,0,N,RURAL_VICTORIA,ROAD,11,18.0
71943,1,3,130,5,1,60.0,0,N,MELB_URBAN,STREET,11,15.0
71944,2,3,102,1,1,60.0,1,I,MELB_URBAN,ROAD,11,11.0
71945,8,3,174,5,1,100.0,0,N,MELB_URBAN,FREEWAY,11,10.0
71946,2,6,99,5,9,60.0,0,N,MELB_URBAN,STREET,2,10.0
71947,1,2,134,5,2,60.0,0,N,MELB_URBAN,STREET,11,19.0
71948,1,3,116,2,1,70.0,0,I,MELB_URBAN,ROAD,11,11.0
71949,2,4,99,5,1,60.0,0,N,MELB_URBAN,ROAD,11,14.0
71950,8,2,99,5,1,60.0,0,N,RURAL_VICTORIA,ROAD,11,12.0
71951,1,7,110,1,1,60.0,0,I,MELB_URBAN,STREET,11,11.0
71952,4,3,99,2,1,60.0,1,I,MELB_URBAN,ROAD,11,11.0
71953,2,6,99,5,1,60.0,0,N,MELB_URBAN,ROAD,11,15.0
71954,2,3,100,1,1,60.0,0,I,MELB_URBAN,ROAD,11,11.0
71955,1,3,99,2,1,60.0,0,I,MELB_URBAN,STREET,11,12.0
71956,4,1,171,5,1,50.0,0,N,TOWNS,ROAD,11,18.0
71957,1,3,130,5,1,80.0,0,N,MELB_URBAN,HIGHWAY,11,17.0
71958,1,1,110,1,1,50.0,0,I,MELB_URBAN,STREET,11,11.0
71959,8,1,174,2,1,100.0,0,I,RURAL_VICTORIA,ROAD,11,12.0
71960,4,2,173,2,3,50.0,0,I,MELB_URBAN,ROAD,11,20.0
71961,1,2,99,2,1,50.0,0,I,MELB_URBAN,STREET,11,14.0
71962,1,5,130,2,1,60.0,0,I,MELB_URBAN,ROAD,6,18.0
71963,1,2,130,5,1,60.0,0,N,MELB_URBAN,STREET,11,8.0
71964,1,6,130,1,1,60.0,0,I,LARGE_PROVINCIAL_CITIES,STREET,11,15.0
71965,4,2,181,5,1,100.0,0,N,RURAL_VICTORIA,ROAD,11,14.0
71966,1,3,110,1,1,50.0,0,I,MELB_URBAN,AVENUE,11,13.0
71967,2,3,99,5,1,40.0,0,N,RURAL_VICTORIA,ROAD,11,14.0
71968,4,2,183,5,1,60.0,0,N,RURAL_VICTORIA,ROAD,11,15.0
71969,1,2,110,1,1,50.0,0,I,MELB_URBAN,STREET,11,15.0
71970,4,3,171,5,1,50.0,0,N,MELB_URBAN,ROAD,11,17.0
71971,1,1,130,5,1,70.0,0,N,SMALL_TOWNS,HIGHWAY,11,13.0
71972,1,3,99,5,1,60.0,0,N,MELB_URBAN,STREET,11,15.0
71973,4,1,171,5,9,60.0,0,N,RURAL_VICTORIA,ROAD,8,17.0
71974,1,4,130,4,1,80.0,0,I,MELB_URBAN,ROAD,11,11.0
71975,1,3,120,5,1,80.0,1,N,RURAL_VICTORIA,HIGHWAY,11,13.0
71976,1,3,130,1,1,80.0,0,I,MELB_URBAN,HIGHWAY,11,13.0
71977,1,3,99,2,1,60.0,0,I,MELB_URBAN,STREET,11,17.0
71978,1,3,121,2,1,80.0,0,I,MELB_URBAN,ROAD,11,16.0
71979,1,3,147,5,1,60.0,0,N,MELB_URBAN,ROAD,11,15.0
71980,1,3,99,5,1,100.0,1,N,RURAL_VICTORIA,ROAD,11,14.0
71981,1,3,130,2,1,60.0,0,I,MELB_URBAN,ROAD,11,15.0
71982,1,3,99,2,2,70.0,0,I,MELB_URBAN,ROAD,11,17.0
71983,1,2,130,2,9,60.0,0,I,MELB_URBAN,ROAD,10,16.0
71984,1,3,113,2,1,60.0,0,I,MELB_URBAN,ROAD,11,15.0
71985,2,2,102,5,1,40.0,0,N,MELB_URBAN,STREET,11,15.0
71986,1,3,110,1,1,80.0,0,I,MELB_URBAN,HIGHWAY,11,14.0
71987,4,3,183,5,1,60.0,1,N,MELB_URBAN,ROAD,11,15.0
71988,1,3,99,5,1,40.0,0,N,MELB_URBAN,ROAD,11,19.0
71989,4,2,183,5,1,60.0,0,N,MELB_URBAN,ROAD,11,19.0
71990,4,3,183,5,1,60.0,0,N,MELB_URBAN,HIGHWAY,11,16.0
71991,1,1,110,1,3,60.0,0,I,MELB_URBAN,STREET,10,2.0
71992,1,2,134,5,1,70.0,0,N,MELB_URBAN,ROAD,11,17.0
71993,4,3,181,5,5,70.0,0,N,RURAL_VICTORIA,ROAD,11,20.0
71994,4,2,171,5,1,70.0,0,N,RURAL_VICTORIA,ROAD,11,18.0
71995,6,3,99,5,1,60.0,0,N,SMALL_CITIES,ROAD,11,5.0
71996,1,3,140,5,3,60.0,0,N,MELB_URBAN,STREET,11,23.0
71997,1,3,130,5,1,50.0,0,N,MELB_URBAN,STREET,11,7.0
71998,4,4,183,5,1,110.0,0,N,RURAL_VICTORIA,FREEWAY,11,6.0
71999,1,2,120,5,1,60.0,0,N,MELB_URBAN,ROAD,11,17.0
72000,1,2,121,1,1,80.0,0,I,MELB_URBAN,ROAD,11,17.0
72001,6,3,99,5,5,80.0,0,N,RURAL_VICTORIA,ROAD,11,21.0
72002,1,3,130,1,1,60.0,0,I,LARGE_PROVINCIAL_CITIES,STREET,11,9.0
72003,1,4,110,1,1,60.0,0,I,MELB_URBAN,ROAD,11,9.0
72004,1,3,130,5,1,60.0,0,N,MELB_URBAN,FREEWAY,11,8.0
72005,1,3,140,2,1,50.0,0,I,MELB_URBAN,STREET,11,9.0
72006,8,1,174,1,1,50.0,0,I,TOWNS,STREET,11,18.0
72007,4,2,99,5,3,60.0,0,N,LARGE_PROVINCIAL_CITIES,ROAD,11,20.0
72008,1,3,130,2,9,60.0,0,I,LARGE_PROVINCIAL_CITIES,ROAD,5,18.0
72009,1,4,113,2,1,60.0,0,I,MELB_URBAN,ROAD,11,12.0
72010,1,4,130,5,1,80.0,0,N,MELB_URBAN,UNKNOWN,11,13.0
72011,1,4,110,1,1,60.0,0,I,MELB_URBAN,ROAD,11,9.0
72012,4,4,173,2,1,50.0,0,I,MELB_URBAN,ROAD,11,14.0
72013,1,4,120,2,1,60.0,0,N,MELB_URBAN,ROAD,11,14.0
72014,1,4,134,2,1,70.0,0,I,MELB_URBAN,DRIVE,11,13.0
72015,2,4,99,5,1,60.0,0,N,MELB_URBAN,DRIVE,11,12.0
72016,1,4,121,2,1,80.0,0,I,MELB_URBAN,ROAD,11,13.0
72017,8,3,99,5,1,70.0,0,N,RURAL_VICTORIA,ROAD,11,14.0
72018,1,4,121,1,1,60.0,0,I,MELB_URBAN,STREET,11,15.0
72019,1,4,147,5,1,90.0,0,N,RURAL_VICTORIA,ROAD,11,14.0
72020,1,4,99,2,1,50.0,0,I,MELB_URBAN,ROAD,11,16.0
72021,1,4,130,1,1,60.0,0,I,MELB_URBAN,ROAD,11,17.0
72022,1,4,121,1,1,60.0,0,I,MELB_URBAN,ROAD,11,16.0
72023,1,4,130,5,1,60.0,0,N,MELB_URBAN,ROAD,11,15.0
72024,1,4,113,4,1,60.0,0,I,RURAL_VICTORIA,ROAD,11,14.0
72025,1,4,147,5,1,60.0,0,N,SMALL_CITIES,STREET,11,19.0
72026,1,4,140,5,1,60.0,0,N,TOWNS,ROAD,11,17.0
72027,5,1,99,5,1,60.0,0,N,RURAL_VICTORIA,ROAD,11,11.0
72028,2,4,100,1,1,50.0,0,I,SMALL_CITIES,STREET,11,18.0
72029,1,4,121,1,3,60.0,0,I,MELB_URBAN,STREET,11,22.0
72030,1,3,113,2,1,60.0,0,I,MELB_URBAN,ROAD,11,6.0
72031,1,3,121,1,3,50.0,0,I,LARGE_PROVINCIAL_CITIES,STREET,11,20.0
72032,4,7,171,5,2,100.0,0,N,RURAL_VICTORIA,ROAD,11,17.0
72033,2,4,100,1,3,70.0,1,I,MELB_URBAN,ROAD,11,20.0
72034,1,3,130,2,3,70.0,0,I,MELB_URBAN,ROAD,11,22.0
72035,4,4,171,2,3,50.0,0,I,MELB_URBAN,STREET,11,4.0
72036,4,5,181,5,5,100.0,0,N,RURAL_VICTORIA,ROAD,11,1.0
72037,1,5,130,5,3,100.0,0,N,MELB_URBAN,FREEWAY,11,2.0
72038,4,5,171,5,5,100.0,0,N,RURAL_VICTORIA,ROAD,11,2.0
72039,1,2,113,2,3,70.0,0,I,MELB_URBAN,ROAD,11,21.0
72040,1,5,113,1,2,50.0,0,I,MELB_URBAN,ROAD,9,6.0
72041,1,2,121,1,3,60.0,0,I,MELB_URBAN,HIGHWAY,11,21.0
72042,2,5,100,5,1,40.0,0,N,MELB_URBAN,ROAD,11,8.0
72043,2,5,102,2,1,80.0,0,I,MELB_URBAN,STREET,11,8.0
72044,1,5,130,5,1,60.0,0,N,MELB_URBAN,ROAD,11,8.0
72045,1,4,130,5,1,80.0,0,N,MELB_URBAN,STREET,11,8.0
72046,1,3,130,2,1,70.0,0,N,MELB_URBAN,ROAD,11,17.0
72047,6,5,174,5,1,60.0,0,N,MELB_URBAN,ROAD,11,9.0
72048,1,5,113,2,1,80.0,0,I,MELB_URBAN,HIGHWAY,11,8.0
72049,4,4,181,5,1,100.0,0,N,RURAL_VICTORIA,ROAD,11,16.0
72050,1,0,99,1,1,50.0,0,I,MELB_URBAN,STREET,11,18.0
72051,1,2,99,5,1,60.0,0,N,MELB_URBAN,ROAD,11,15.0
72052,1,5,130,2,1,80.0,0,I,MELB_URBAN,BOULEVARD,11,13.0
72053,1,5,160,5,1,60.0,0,N,LARGE_PROVINCIAL_CITIES,STREET,11,11.0
72054,6,1,174,2,9,60.0,0,N,RURAL_VICTORIA,ROAD,10,11.0
72055,3,1,167,5,1,100.0,0,N,RURAL_VICTORIA,ROAD,11,17.0
72056,8,5,174,5,1,50.0,1,N,MELB_URBAN,OTHER,10,17.0
72057,1,2,120,5,1,100.0,0,N,RURAL_VICTORIA,ROAD,11,17.0
72058,1,5,147,5,1,50.0,0,N,MELB_URBAN,PARADE,11,11.0
72059,1,4,113,2,1,60.0,0,I,MELB_URBAN,DRIVE,8,14.0
72060,1,3,140,5,1,60.0,0,N,SMALL_CITIES,ROAD,11,16.0
72061,2,5,100,1,1,50.0,0,I,MELB_URBAN,STREET,11,12.0
72062,1,5,147,2,1,50.0,0,N,MELB_URBAN,AVENUE,8,7.0
72063,2,1,99,5,2,60.0,0,N,SMALL_TOWNS,ROAD,10,17.0
72064,1,5,99,5,1,50.0,0,N,MELB_URBAN,STREET,11,14.0
72065,2,4,102,1,1,40.0,0,I,MELBOURNE_CBD,OTHER,11,13.0
72066,1,5,110,1,1,60.0,0,I,MELB_URBAN,ROAD,11,15.0
72067,4,5,173,2,1,70.0,0,I,MELB_URBAN,ROAD,11,15.0
72068,4,6,171,5,1,40.0,0,N,RURAL_VICTORIA,ROAD,11,12.0
72069,1,5,113,2,1,100.0,0,I,RURAL_VICTORIA,HIGHWAY,11,16.0
72070,1,4,113,1,1,80.0,0,I,MELB_URBAN,ROAD,11,17.0
72071,1,5,130,5,1,100.0,0,N,MELB_URBAN,ROAD,11,17.0
72072,1,4,130,2,1,60.0,0,I,MELB_URBAN,STREET,11,18.0
72073,1,4,121,2,3,70.0,0,I,MELB_URBAN,ROAD,11,22.0
72074,1,5,113,1,1,80.0,0,I,RURAL_VICTORIA,ROAD,11,15.0