,accident_type,day_of_week,dca_code,road_geometry,light_condition,speed_zone,severity,node_type,deg_urban_name,road_type,month,hour
72075,1,5,110,1,2,80.0,0,I,MELB_URBAN,ROAD,11,4.0
72076,4,5,173,5,3,60.0,0,N,MELB_URBAN,STREET,11,23.0
72077,1,6,181,5,5,60.0,0,N,SMALL_TOWNS,STREET,11,0.0
72078,1,4,147,5,3,40.0,0,N,MELB_URBAN,STREET,11,22.0
72079,2,3,100,5,3,40.0,0,N,MELB_URBAN,ROAD,11,21.0
72080,1,7,130,5,1,60.0,0,N,RURAL_VICTORIA,OTHER,11,12.0
72081,5,6,99,5,2,40.0,0,N,TOWNS,RAMP,11,6.0
72082,1,3,99,2,1,60.0,0,I,MELB_URBAN,ROAD,4,8.0
72083,4,5,181,5,1,100.0,0,N,RURAL_VICTORIA,ROAD,11,9.0
72084,1,6,130,5,1,110.0,0,N,SMALL_TOWNS,FREEWAY,11,6.0
72085,1,6,132,2,1,60.0,0,I,LARGE_PROVINCIAL_CITIES,STREET,11,7.0
72086,1,6,147,5,2,80.0,0,N,MELB_URBAN,ROAD,11,5.0
72087,1,6,163,5,1,60.0,0,N,MELB_URBAN,ROAD,11,7.0
72088,1,6,134,5,1,60.0,0,N,MELB_URBAN,ROAD,11,10.0
72089,8,1,184,5,1,100.0,0,N,RURAL_VICTORIA,ROAD,11,13.0
72090,4,6,171,5,1,60.0,0,N,MELB_URBAN,PARADE,11,7.0
72091,2,3,100,5,1,60.0,0,N,MELB_URBAN,ROAD,3,10.0
72092,1,6,121,2,1,70.0,0,I,MELB_URBAN,ROAD,11,11.0
72093,1,7,132,2,1,60.0,0,I,MELB_URBAN,ROAD,10,12.0
72094,1,6,140,5,1,60.0,0,N,MELB_URBAN,STREET,11,11.0
72095,1,6,121,2,1,80.0,0,I,MELB_URBAN,HIGHWAY,11,11.0
72096,1,6,160,5,1,50.0,0,N,MELB_URBAN,STREET,11,10.0
72097,2,2,99,5,1,60.0,0,N,LARGE_PROVINCIAL_CITIES,ROAD,11,15.0
72098,1,5,130,5,1,60.0,0,N,MELB_URBAN,ROAD,11,13.0
72099,1,6,110,1,1,100.0,0,I,RURAL_VICTORIA,ROAD,11,11.0
72100,1,6,130,5,1,40.0,0,N,RURAL_VICTORIA,ROAD,11,12.0
72101,1,5,130,1,1,60.0,0,I,MELB_URBAN,ROAD,11,10.0
72102,1,6,134,1,1,70.0,0,I,MELB_URBAN,ROAD,11,6.0
72103,1,4,130,2,1,80.0,0,I,RURAL_VICTORIA,ROAD,7,15.0
72104,1,5,113,2,1,80.0,0,I,MELB_URBAN,HIGHWAY,11,14.0
72105,1,7,130,5,5,100.0,0,N,RURAL_VICTORIA,ROAD,11,23.0
72106,6,4,184,5,1,100.0,0,N,RURAL_VICTORIA,ROAD,10,12.0
72107,1,5,130,5,1,70.0,0,N,MELB_URBAN,ROAD,10,8.0
72108,2,6,99,4,1,40.0,0,N,MELB_URBAN,STREET,11,15.0
72109,1,6,130,5,3,70.0,0,N,MELB_URBAN,ROAD,11,21.0
72110,1,4,133,5,1,80.0,0,N,MELB_URBAN,HIGHWAY,11,10.0
72111,1,4,163,5,1,60.0,0,N,MELB_URBAN,STREET,11,14.0
72112,6,3,174,5,1,60.0,0,N,RURAL_VICTORIA,OTHER,10,15.0
72113,1,6,130,5,1,100.0,0,N,MELB_URBAN,FREEWAY,11,15.0
72114,1,5,130,5,1,80.0,0,N,MELB_URBAN,UNKNOWN,11,12.0
72115,1,6,130,5,1,100.0,0,N,MELB_URBAN,UNKNOWN,11,17.0
72116,1,5,140,5,1,60.0,0,N,MELB_URBAN,ROAD,11,14.0
72117,2,6,100,5,1,60.0,0,N,MELB_URBAN,HIGHWAY,11,15.0
72118,2,6,100,2,1,60.0,0,N,MELB_URBAN,ROAD,11,18.0
72119,4,2,171,5,1,100.0,0,N,RURAL_VICTORIA,ROAD,11,14.0
72120,8,6,99,2,1,50.0,0,I,MELB_URBAN,STREET,11,19.0
72121,1,6,160,5,1,60.0,0,N,MELB_URBAN,BOULEVARD,11,17.0
72122,4,6,171,1,3,50.0,0,I,MELB_URBAN,ROAD,11,4.0
72123,1,5,130,2,3,50.0,0,I,LARGE_PROVINCIAL_CITIES,ROAD,11,21.0
72124,1,6,135,5,1,80.0,0,I,MELB_URBAN,FREEWAY,11,19.0
72125,1,5,110,1,3,60.0,0,I,MELB_URBAN,STREET,11,21.0
72126,1,5,132,2,1,60.0,0,I,MELB_URBAN,ROAD,11,12.0
72127,1,7,160,5,3,60.0,0,N,MELB_URBAN,ROAD,11,0.0
72128,4,7,171,5,3,50.0,0,N,MELB_URBAN,ROAD,11,4.0
72129,8,6,170,5,1,110.0,0,N,RURAL_VICTORIA,FREEWAY,11,7.0
72130,1,5,130,2,1,60.0,0,I,MELB_URBAN,STREET,11,19.0
72131,1,6,110,1,1,60.0,0,I,RURAL_VICTORIA,STREET,11,17.0
72132,1,5,130,5,3,100.0,0,N,MELB_URBAN,FREEWAY,11,23.0
72133,1,6,116,2,1,80.0,0,I,MELB_URBAN,ROAD,11,6.0
72134,1,4,130,5,9,60.0,0,N,MELB_URBAN,STREET,11,9.0
72135,1,5,110,1,6,40.0,0,I,MELBOURNE_CBD,STREET,10,21.0
72136,6,6,99,5,1,60.0,0,N,RURAL_VICTORIA,ROAD,11,8.0
72137,1,1,99,5,1,60.0,0,N,MELB_URBAN,PARADE,11,12.0
72138,1,6,116,1,1,80.0,0,I,MELB_URBAN,HIGHWAY,11,7.0
72139,1,6,130,5,1,50.0,0,N,MELB_URBAN,STREET,11,15.0
72140,1,5,130,5,1,100.0,0,N,MELB_URBAN,FREEWAY,11,9.0
72141,1,1,134,2,1,60.0,0,I,MELB_URBAN,ROAD,11,10.0
72142,1,5,130,1,1,60.0,0,I,MELB_URBAN,ROAD,10,17.0
72143,4,7,99,5,1,60.0,0,N,MELB_URBAN,ROAD,11,10.0
72144,1,4,130,5,1,70.0,0,N,SMALL_CITIES,ROAD,11,18.0
72145,1,4,110,1,1,80.0,0,I,MELB_URBAN,ROAD,11,17.0
72146,2,7,100,1,1,50.0,0,I,MELB_URBAN,STREET,11,10.0
72147,8,7,184,5,1,100.0,0,N,RURAL_VICTORIA,ROAD,11,11.0
72148,1,7,130,5,1,40.0,0,N,MELB_URBAN,STREET,11,11.0
72149,4,7,171,5,1,110.0,0,N,RURAL_VICTORIA,FREEWAY,11,13.0
72150,8,7,99,2,1,100.0,0,I,RURAL_VICTORIA,ROAD,11,11.0
72151,1,5,130,2,1,80.0,0,I,MELB_URBAN,HIGHWAY,11,12.0
72152,1,7,113,2,1,80.0,0,I,MELB_URBAN,ROAD,11,12.0
72153,1,7,134,1,1,80.0,0,I,MELB_URBAN,ROAD,11,12.0
72154,1,6,130,5,1,60.0,0,N,MELB_URBAN,ROAD,11,15.0
72155,1,4,111,2,9,60.0,0,I,MELB_URBAN,ROAD,11,19.0
72156,4,7,183,5,1,100.0,0,N,RURAL_VICTORIA,ROAD,11,12.0
72157,1,1,121,2,1,60.0,0,I,SMALL_CITIES,HIGHWAY,11,10.0
72158,1,7,147,5,1,80.0,0,N,MELB_URBAN,ROAD,11,14.0
72159,1,7,110,1,1,50.0,0,I,MELB_URBAN,STREET,11,15.0
72160,2,7,100,1,9,40.0,0,I,MELB_URBAN,STREET,11,13.0
72161,1,7,121,5,1,100.0,0,N,RURAL_VICTORIA,OTHER,11,9.0
72162,6,7,99,5,1,100.0,0,N,RURAL_VICTORIA,ROAD,11,16.0
72163,1,5,121,4,1,80.0,0,I,MELB_URBAN,RAMP,11,11.0
72164,1,7,99,5,1,50.0,0,N,MELB_URBAN,AVENUE,11,14.0
72165,4,6,171,5,1,100.0,0,N,RURAL_VICTORIA,HIGHWAY,11,14.0
72166,1,7,130,1,1,60.0,0,I,LARGE_PROVINCIAL_CITIES,STREET,11,17.0
72167,1,7,113,2,1,100.0,0,I,RURAL_VICTORIA,ROAD,11,16.0
72168,2,6,100,5,1,50.0,0,N,MELB_URBAN,ROAD,11,20.0
72169,1,6,110,1,1,60.0,0,I,TOWNS,STREET,11,18.0
72170,1,7,130,5,1,100.0,0,N,MELB_URBAN,FREEWAY,11,17.0
72171,1,6,121,2,1,80.0,0,N,MELB_URBAN,ROAD,11,12.0
72172,1,3,130,1,9,60.0,0,I,MELB_URBAN,HIGHWAY,11,17.0
72173,1,7,130,5,1,70.0,0,N,MELB_URBAN,ROAD,11,16.0
72174,1,7,130,5,1,60.0,0,N,MELB_URBAN,ROAD,11,18.0
72175,6,5,170,5,9,80.0,0,N,RURAL_VICTORIA,ROAD,11,23.0
72176,1,7,113,1,3,60.0,0,I,MELB_URBAN,STREET,11,23.0
72177,2,1,102,2,3,40.0,0,I,MELB_URBAN,STREET,11,2.0
72178,4,1,173,1,3,60.0,0,I,MELB_URBAN,ROAD,11,3.0
72179,1,7,113,1,2,70.0,0,I,MELB_URBAN,STREET,11,19.0
72180,4,1,173,5,5,100.0,0,N,RURAL_VICTORIA,ROAD,11,5.0
72181,1,4,121,2,1,70.0,0,I,MELB_URBAN,ROAD,11,8.0
72182,6,1,174,1,1,60.0,0,I,MELB_URBAN,STREET,11,8.0
72183,1,7,99,1,1,50.0,0,I,LARGE_PROVINCIAL_CITIES,STREET,11,14.0
72184,6,2,184,5,1,50.0,0,N,MELB_URBAN,ROAD,11,16.0
72185,3,0,167,5,9,110.0,0,N,RURAL_VICTORIA,FREEWAY,11,5.0
72186,6,6,174,2,1,100.0,0,I,RURAL_VICTORIA,ROAD,11,17.0
72187,6,0,174,5,1,100.0,0,N,RURAL_VICTORIA,ROAD,11,10.0
72188,1,5,130,2,1,70.0,0,I,MELB_URBAN,ROAD,11,15.0
72189,8,1,174,1,1,50.0,0,I,MELB_URBAN,STREET,10,8.0
72190,8,7,174,5,1,100.0,0,N,RURAL_VICTORIA,ROAD,11,17.0
72191,1,1,121,2,1,80.0,0,I,RURAL_VICTORIA,ROAD,11,13.0
72192,8,0,99,5,1,110.0,0,N,RURAL_VICTORIA,FREEWAY,11,13.0
72193,1,7,113,2,1,60.0,0,I,MELB_URBAN,ROAD,10,16.0
72194,1,1,120,5,1,60.0,0,N,TOWNS,ROAD,11,16.0
72195,1,1,120,5,1,100.0,0,N,RURAL_VICTORIA,HIGHWAY,11,13.0
72196,2,3,102,5,3,50.0,0,N,MELB_URBAN,STREET,8,21.0
72197,1,1,111,2,1,100.0,0,I,RURAL_VICTORIA,ROAD,11,15.0
72198,4,1,183,5,1,80.0,1,N,MELB_URBAN,ROAD,11,17.0
72199,1,2,121,2,1,80.0,0,I,MELB_URBAN,AVENUE,11,13.0
72200,1,1,110,1,5,100.0,0,I,RURAL_VICTORIA,ROAD,11,21.0
72201,1,0,121,1,3,60.0,0,I,MELB_URBAN,ROAD,11,22.0
72202,1,2,110,1,5,100.0,0,I,RURAL_VICTORIA,HIGHWAY,11,0.0
72203,2,2,102,1,2,50.0,0,I,MELB_URBAN,ROAD,11,5.0
72204,2,1,100,1,1,50.0,0,I,MELB_URBAN,ROAD,11,7.0
72205,6,1,174,5,1,60.0,0,N,RURAL_VICTORIA,ROAD,11,13.0
72206,1,4,147,5,1,50.0,0,N,MELB_URBAN,STREET,11,17.0
72207,1,1,132,5,2,80.0,0,N,MELB_URBAN,ROAD,11,6.0
72208,6,2,99,2,1,100.0,0,I,RURAL_VICTORIA,ROAD,11,7.0
72209,1,1,135,5,9,100.0,0,N,MELB_URBAN,FREEWAY,11,8.0
72210,6,1,184,5,1,60.0,0,N,MELB_URBAN,HIGHWAY,11,13.0
72211,8,6,174,5,1,60.0,0,N,RURAL_VICTORIA,OTHER,11,12.0
72212,6,1,170,5,1,80.0,0,N,RURAL_VICTORIA,ROAD,11,13.0
72213,1,2,116,1,9,60.0,0,I,LARGE_PROVINCIAL_CITIES,STREET,11,11.0
72214,1,2,130,1,9,80.0,0,I,MELB_URBAN,RAMP,11,7.0
72215,4,2,171,5,1,60.0,0,N,RURAL_VICTORIA,ROAD,11,8.0
72216,1,2,135,5,1,60.0,1,N,MELB_URBAN,FREEWAY,11,7.0
72217,1,1,99,5,1,50.0,0,N,MELB_URBAN,OTHER,11,13.0
72218,1,2,132,2,1,60.0,0,I,MELB_URBAN,ROAD,11,11.0
72219,1,5,99,5,1,40.0,0,N,MELB_URBAN,STREET,11,8.0
72220,1,1,110,1,1,80.0,0,I,LARGE_PROVINCIAL_CITIES,HIGHWAY,11,13.0
72221,1,1,130,5,1,60.0,0,N,MELB_URBAN,UNKNOWN,11,12.0
72222,1,2,121,1,1,60.0,0,I,MELB_URBAN,OTHER,11,17.0
72223,1,2,121,5,1,60.0,0,N,MELB_URBAN,ROAD,11,17.0
72224,1,2,121,2,1,60.0,0,I,MELB_URBAN,PARADE,11,17.0
72225,1,1,130,1,1,60.0,0,I,MELB_URBAN,STREET,11,15.0
72226,1,7,130,1,3,40.0,0,I,MELB_URBAN,STREET,11,23.0
72227,6,7,99,5,1,100.0,0,N,RURAL_VICTORIA,ROAD,10,13.0
72228,8,0,99,3,1,100.0,0,I,RURAL_VICTORIA,OTHER,11,15.0
72229,1,1,130,5,1,70.0,0,N,MELB_URBAN,ROAD,11,17.0
72230,1,2,113,2,1,60.0,0,I,MELB_URBAN,ROAD,11,17.0
72231,1,2,130,5,1,80.0,0,N,MELB_URBAN,HIGHWAY,11,18.0
72232,1,3,130,5,9,60.0,0,N,MELB_URBAN,ROAD,11,17.0
72233,2,2,99,5,1,60.0,1,N,TOWNS,UNKNOWN,11,15.0
72234,1,2,121,1,1,50.0,0,I,MELB_URBAN,ROAD,11,15.0
72235,1,2,133,5,3,70.0,0,N,MELB_URBAN,ROAD,11,21.0
72236,1,2,132,5,3,60.0,0,N,RURAL_VICTORIA,ROAD,11,21.0
72237,1,3,110,1,5,80.0,0,N,MELB_URBAN,ROAD,11,3.0
72238,1,5,130,2,1,60.0,0,I,LARGE_PROVINCIAL_CITIES,ROAD,11,7.0
72239,1,2,113,2,1,80.0,0,I,SMALL_CITIES,HIGHWAY,11,7.0
72240,1,7,130,5,1,60.0,0,N,MELB_URBAN,STREET,11,11.0
72241,1,3,121,2,1,70.0,0,I,MELB_URBAN,ROAD,11,8.0
72242,1,6,99,5,1,40.0,0,N,MELB_URBAN,BOULEVARD,11,17.0
72243,1,3,110,1,1,60.0,0,I,LARGE_PROVINCIAL_CITIES,STREET,11,7.0
72244,1,2,110,1,1,100.0,0,I,RURAL_VICTORIA,ROAD,11,14.0
72245,1,3,99,5,1,60.0,0,N,MELB_URBAN,ROAD,11,9.0
72246,1,3,130,5,1,80.0,0,N,MELB_URBAN,ROAD,11,8.0
72247,1,3,99,1,1,50.0,0,I,MELB_URBAN,STREET,11,7.0
72248,1,3,130,5,1,100.0,0,N,MELB_URBAN,FREEWAY,11,7.0
72249,1,3,160,5,1,60.0,0,N,MELB_URBAN,STREET,11,9.0
72250,1,3,116,1,1,70.0,0,I,MELB_URBAN,HIGHWAY,11,10.0
72251,1,2,130,1,1,50.0,0,I,RURAL_VICTORIA,HIGHWAY,11,11.0
72252,1,3,130,5,1,50.0,0,N,MELB_URBAN,BOULEVARD,11,10.0
72253,6,3,99,2,1,80.0,0,I,RURAL_VICTORIA,ROAD,11,9.0
72254,8,3,174,4,1,60.0,0,I,LARGE_PROVINCIAL_CITIES,STREET,11,9.0
72255,1,3,110,1,1,60.0,0,I,SMALL_CITIES,ROAD,11,9.0
72256,1,3,99,5,1,60.0,0,N,MELB_URBAN,ROAD,11,11.0
72257,1,1,130,1,1,70.0,0,I,MELB_URBAN,HIGHWAY,8,16.0
72258,1,3,110,1,1,60.0,0,I,TOWNS,STREET,11,12.0
72259,1,3,130,5,1,80.0,0,N,MELB_URBAN,OTHER,11,11.0
72260,4,1,171,5,5,80.0,0,N,RURAL_VICTORIA,ROAD,11,20.0
72261,1,6,130,5,1,60.0,0,N,MELB_URBAN,ROAD,11,19.0
72262,1,3,121,2,1,80.0,0,I,MELB_URBAN,ROAD,11,11.0
72263,1,3,132,1,1,60.0,0,I,TOWNS,ROAD,11,11.0
72264,1,2,147,5,1,60.0,0,N,SMALL_CITIES,STREET,11,12.0
72265,1,2,130,5,1,60.0,0,N,MELB_URBAN,PARADE,11,15.0
72266,1,3,110,1,1,50.0,0,I,MELB_URBAN,AVENUE,11,6.0
72267,1,3,160,5,1,60.0,0,N,MELB_URBAN,STREET,11,12.0
72268,4,0,173,4,2,80.0,0,N,MELB_URBAN,UNKNOWN,11,6.0
72269,1,2,121,1,1,40.0,0,I,MELB_URBAN,HIGHWAY,11,13.0
72270,1,2,147,5,1,60.0,0,N,MELB_URBAN,ROAD,11,14.0
72271,1,2,113,2,1,60.0,0,I,MELB_URBAN,ROAD,11,16.0
72272,1,3,99,5,1,40.0,0,N,MELB_URBAN,STREET,11,15.0
72273,1,3,130,5,1,60.0,0,N,MELB_URBAN,ROAD,11,15.0
72274,1,2,135,2,1,70.0,0,N,MELB_URBAN,ROAD,11,17.0
72275,1,3,130,5,1,100.0,0,N,MELB_URBAN,FREEWAY,11,16.0
72276,2,2,102,5,1,40.0,0,N,MELB_URBAN,STREET,11,17.0
72277,2,3,100,1,1,60.0,0,I,MELB_URBAN,ROAD,11,18.0
72278,1,3,147,5,1,60.0,0,N,MELB_URBAN,ROAD,11,18.0
72279,1,5,121,2,1,60.0,0,I,MELB_URBAN,ROAD,11,8.0
72280,1,3,110,1,1,100.0,0,I,RURAL_VICTORIA,HIGHWAY,11,13.0
72281,1,2,99,2,1,50.0,0,I,SMALL_CITIES,STREET,11,15.0
72282,2,3,100,5,1,50.0,0,N,SMALL_CITIES,STREET,11,17.0
72283,2,2,100,5,3,50.0,0,N,MELB_URBAN,STREET,11,21.0
72284,1,2,121,1,3,60.0,0,I,SMALL_CITIES,PARADE,11,21.0
72285,8,7,184,5,9,50.0,0,N,MELB_URBAN,OTHER,11,0.0
72286,6,4,99,5,5,80.0,0,N,RURAL_VICTORIA,ROAD,11,1.0
72287,1,3,160,5,3,60.0,0,N,MELB_URBAN,ROAD,11,21.0
72288,5,2,99,5,1,100.0,0,N,MELB_URBAN,FREEWAY,11,15.0
72289,2,4,99,5,1,70.0,0,N,MELB_URBAN,ROAD,11,7.0
72290,1,2,160,5,5,50.0,0,N,TOWNS,STREET,9,23.0
72291,1,2,111,1,2,80.0,0,I,MELB_URBAN,HIGHWAY,11,20.0
72292,1,7,130,1,1,60.0,0,I,MELB_URBAN,ROAD,11,12.0
72293,8,0,99,5,1,80.0,0,N,RURAL_VICTORIA,ROAD,10,11.0
72294,4,2,171,5,1,100.0,0,N,RURAL_VICTORIA,OTHER,11,20.0
72295,1,1,99,5,1,60.0,0,N,MELB_URBAN,STREET,11,18.0
72296,1,5,113,2,1,60.0,0,I,SMALL_CITIES,STREET,11,11.0
72297,2,4,100,5,1,70.0,0,N,MELB_URBAN,HIGHWAY,11,19.0
72298,1,1,160,2,1,50.0,0,I,LARGE_PROVINCIAL_CITIES,OTHER,11,15.0
72299,1,3,116,2,1,50.0,0,I,MELB_URBAN,AVENUE,11,9.0
72300,6,3,99,5,1,100.0,0,N,RURAL_VICTORIA,HIGHWAY,11,10.0
72301,2,4,100,1,1,40.0,0,N,MELBOURNE_CBD,STREET,11,11.0
72302,1,4,121,4,1,60.0,0,I,MELB_URBAN,ROAD,11,9.0
72303,2,2,102,5,1,50.0,0,N,MELB_URBAN,AVENUE,8,9.0
72304,8,6,99,2,1,100.0,0,I,RURAL_VICTORIA,ROAD,10,13.0
72305,1,4,99,1,1,60.0,0,N,MELB_URBAN,STREET,11,10.0
72306,1,5,130,1,1,70.0,0,I,MELB_URBAN,ROAD,5,14.0
72307,8,1,170,5,1,80.0,0,N,RURAL_VICTORIA,ROAD,11,11.0
72308,1,4,121,2,1,40.0,0,I,MELB_URBAN,ROAD,11,12.0
72309,1,3,163,5,9,40.0,0,N,MELBOURNE_CBD,STREET,11,13.0
72310,8,3,174,1,2,50.0,0,I,MELB_URBAN,HIGHWAY,11,5.0
72311,2,4,100,1,1,60.0,0,I,MELB_URBAN,STREET,11,13.0
72312,4,4,183,5,1,50.0,0,N,RURAL_VICTORIA,ROAD,11,13.0
72313,4,4,171,5,1,100.0,0,N,RURAL_VICTORIA,OTHER,11,14.0
72314,1,2,140,5,9,60.0,0,N,MELB_URBAN,ROAD,11,17.0
72315,1,5,130,5,1,60.0,0,N,MELB_URBAN,STREET,11,12.0
72316,1,4,121,2,1,80.0,0,I,SMALL_CITIES,HIGHWAY,11,13.0
72317,1,3,120,5,1,60.0,0,N,RURAL_VICTORIA,ROAD,11,10.0
72318,1,4,120,5,1,70.0,0,N,RURAL_VICTORIA,ROAD,11,16.0
72319,1,4,121,1,1,50.0,0,I,SMALL_CITIES,ROAD,11,17.0
72320,1,0,99,5,1,110.0,0,N,SMALL_TOWNS,FREEWAY,11,9.0
72321,1,4,121,4,1,70.0,0,I,MELB_URBAN,ROAD,11,18.0
72322,2,4,100,1,1,70.0,1,I,MELB_URBAN,ROAD,11,16.0
72323,2,4,100,5,5,80.0,0,N,TOWNS,STREET,11,21.0
72324,6,4,99,5,1,60.0,0,N,RURAL_VICTORIA,ROAD,11,19.0
72325,1,2,130,2,1,80.0,0,I,MELB_URBAN,ROAD,11,17.0
72326,1,4,99,2,1,100.0,0,I,RURAL_VICTORIA,ROAD,11,13.0
72327,4,4,173,2,3,60.0,0,I,MELB_URBAN,ROAD,11,22.0
72328,6,5,184,2,9,50.0,0,I,MELB_URBAN,BOULEVARD,11,20.0
72329,1,4,160,5,1,60.0,0,N,MELB_URBAN,ROAD,11,16.0
72330,4,3,181,5,1,100.0,0,N,RURAL_VICTORIA,ROAD,11,18.0
72331,1,4,120,5,2,80.0,0,N,MELB_URBAN,ROAD,12,5.0
72332,1,4,110,1,1,80.0,0,I,MELB_URBAN,HIGHWAY,12,8.0
72333,1,1,140,4,3,80.0,0,N,MELB_URBAN,ROAD,11,20.0
72334,1,2,135,5,1,60.0,0,N,MELB_URBAN,FREEWAY,11,11.0
72335,4,5,181,5,5,100.0,0,N,RURAL_VICTORIA,ROAD,12,4.0
72336,1,5,110,1,1,100.0,0,I,RURAL_VICTORIA,ROAD,12,8.0
72337,1,3,120,5,1,60.0,0,N,RURAL_VICTORIA,ROAD,11,13.0
72338,1,5,130,2,1,60.0,0,I,LARGE_PROVINCIAL_CITIES,ROAD,12,10.0
72339,8,5,174,1,1,50.0,0,I,MELB_URBAN,ROAD,12,9.0
72340,1,6,110,1,3,60.0,0,I,MELB_URBAN,STREET,11,22.0
72341,1,5,147,5,1,60.0,0,N,SMALL_CITIES,ROAD,12,11.0
72342,4,4,171,5,1,100.0,0,N,RURAL_VICTORIA,ROAD,12,7.0
72343,1,5,135,5,1,100.0,0,N,MELB_URBAN,FREEWAY,12,6.0
72344,2,5,99,5,1,60.0,0,N,SMALL_CITIES,PARADE,12,13.0
72345,1,5,110,1,1,60.0,0,I,TOWNS,STREET,12,8.0
72346,2,1,102,1,9,40.0,0,I,MELB_URBAN,OTHER,11,1.0
72347,1,5,113,2,1,100.0,0,I,RURAL_VICTORIA,HIGHWAY,12,10.0
72348,4,5,171,5,5,100.0,0,N,RURAL_VICTORIA,ROAD,12,4.0
72349,4,3,171,5,3,60.0,0,N,LARGE_PROVINCIAL_CITIES,ROAD,11,21.0
72350,2,5,99,1,1,60.0,0,I,LARGE_PROVINCIAL_CITIES,ROAD,12,13.0
72351,2,5,100,5,1,60.0,0,N,LARGE_PROVINCIAL_CITIES,STREET,12,12.0
72352,1,3,121,1,1,40.0,0,I,MELB_URBAN,ROAD,11,13.0
72353,4,5,171,5,1,50.0,0,N,MELB_URBAN,OTHER,12,14.0
72354,1,5,130,5,1,100.0,0,N,MELB_URBAN,FREEWAY,12,13.0
72355,1,5,134,1,1,80.0,0,N,MELB_URBAN,ROAD,11,8.0
72356,4,6,171,1,2,100.0,0,I,RURAL_VICTORIA,HIGHWAY,6,20.0
72357,1,3,130,1,3,60.0,0,I,LARGE_PROVINCIAL_CITIES,AVENUE,10,17.0
72358,1,5,121,5,1,60.0,0,N,MELB_URBAN,ROAD,12,8.0
72359,4,5,181,5,1,100.0,0,N,RURAL_VICTORIA,ROAD,12,14.0
72360,1,5,113,2,1,80.0,0,I,MELB_URBAN,HIGHWAY,12,16.0
72361,1,3,135,5,1,60.0,0,N,MELB_URBAN,ROAD,10,13.0
72362,1,5,160,5,1,60.0,0,N,MELB_URBAN,ROAD,12,14.0
72363,8,5,174,5,1,100.0,0,N,RURAL_VICTORIA,ROAD,12,18.0
72364,1,4,111,2,1,70.0,0,I,MELB_URBAN,ROAD,12,18.0
72365,1,5,121,2,1,70.0,0,I,SMALL_CITIES,BOULEVARD,12,17.0
72366,1,3,130,5,1,50.0,0,N,SMALL_CITIES,ROAD,11,13.0
72367,6,5,99,5,1,100.0,1,N,RURAL_VICTORIA,ROAD,12,13.0
72368,1,4,130,5,5,100.0,0,N,MELB_URBAN,FREEWAY,12,20.0
72369,1,5,130,5,5,100.0,0,N,MELB_URBAN,FREEWAY,12,22.0
72370,1,4,134,5,6,60.0,0,N,MELB_URBAN,AVENUE,12,22.0
72371,1,5,113,2,1,60.0,0,I,MELB_URBAN,ROAD,12,17.0
72372,6,5,170,5,5,60.0,0,N,RURAL_VICTORIA,ROAD,12,2.0
72373,5,2,171,5,1,80.0,0,N,RURAL_VICTORIA,HIGHWAY,10,7.0
72374,4,5,183,5,1,100.0,0,N,RURAL_VICTORIA,ROAD,9,9.0
72375,1,5,110,1,1,40.0,0,I,MELB_URBAN,STREET,12,8.0
72376,5,0,99,5,1,100.0,0,N,RURAL_VICTORIA,HIGHWAY,11,18.0
72377,8,7,184,2,1,100.0,0,I,RURAL_VICTORIA,ROAD,11,13.0
72378,2,6,99,5,1,60.0,0,N,MELB_URBAN,STREET,12,6.0
72379,1,2,130,2,1,60.0,0,I,SMALL_CITIES,ROAD,10,16.0
72380,1,6,113,1,1,60.0,0,I,MELB_URBAN,AVENUE,12,10.0
72381,1,7,163,2,1,40.0,0,I,MELB_URBAN,OTHER,9,11.0
72382,2,6,100,5,1,60.0,0,N,MELB_URBAN,ROAD,12,8.0
72383,2,6,99,5,6,50.0,0,N,TOWNS,UNKNOWN,12,3.0
72384,1,6,121,2,1,60.0,0,I,MELB_URBAN,HIGHWAY,12,11.0
72385,1,5,121,4,1,80.0,1,I,MELB_URBAN,ROAD,12,6.0
72386,2,6,100,5,1,40.0,0,N,MELBOURNE_CBD,STREET,12,6.0
72387,1,6,130,2,1,100.0,0,I,RURAL_VICTORIA,HIGHWAY,12,13.0
72388,1,5,140,5,1,60.0,0,N,MELB_URBAN,ROAD,12,13.0
72389,1,5,130,1,1,80.0,0,N,MELB_URBAN,ROAD,12,16.0
72390,1,6,130,5,1,100.0,0,N,MELB_URBAN,UNKNOWN,12,10.0
72391,8,6,174,2,1,60.0,0,I,MELB_URBAN,STREET,12,14.0
72392,1,5,99,2,1,100.0,0,I,RURAL_VICTORIA,ROAD,12,14.0
72393,1,6,116,2,1,60.0,0,I,TOWNS,ROAD,12,15.0
72394,4,6,171,5,1,100.0,0,N,RURAL_VICTORIA,ROAD,12,15.0
72395,1,6,110,4,1,100.0,0,I,RURAL_VICTORIA,ROAD,12,15.0
72396,1,6,133,2,1,50.0,0,I,MELB_URBAN,STREET,11,17.0
72397,1,6,160,5,9,50.0,0,N,MELB_URBAN,ROAD,12,14.0
72398,1,4,110,1,1,60.0,0,I,MELB_URBAN,ROAD,12,17.0
72399,1,5,130,1,1,80.0,0,N,MELB_URBAN,ROAD,11,9.0