,accident_type,day_of_week,dca_code,road_geometry,light_condition,speed_zone,severity,node_type,deg_urban_name,road_type,month,hour
72400,1,1,130,1,1,80.0,0,I,MELB_URBAN,ROAD,11,10.0
72401,1,5,130,5,1,80.0,0,N,MELB_URBAN,UNKNOWN,12,17.0
72402,1,6,121,1,1,60.0,0,I,MELB_URBAN,HIGHWAY,12,16.0
72403,1,6,121,2,1,80.0,0,I,MELB_URBAN,HIGHWAY,12,18.0
72404,1,2,133,9,1,60.0,0,N,MELB_URBAN,ROAD,11,15.0
72405,1,6,99,5,1,50.0,0,N,MELB_URBAN,AVENUE,12,15.0
72406,1,5,130,5,1,80.0,0,N,MELB_URBAN,HIGHWAY,12,15.0
72407,1,6,99,5,1,40.0,0,N,MELB_URBAN,ROAD,12,8.0
72408,1,6,160,5,1,50.0,0,N,MELB_URBAN,ROAD,12,16.0
72409,1,5,110,1,1,50.0,0,I,MELB_URBAN,STREET,12,20.0
72410,2,6,102,2,1,50.0,0,I,MELB_URBAN,ROAD,12,16.0
72411,1,5,130,1,1,80.0,0,I,RURAL_VICTORIA,ROAD,12,15.0
72412,1,6,132,5,1,60.0,0,N,MELB_URBAN,ROAD,12,17.0
72413,1,5,99,2,1,50.0,0,I,SMALL_CITIES,STREET,12,16.0
72414,6,6,174,5,2,100.0,0,N,RURAL_VICTORIA,ROAD,12,19.0
72415,2,7,100,1,1,60.0,0,I,MELB_URBAN,STREET,11,8.0
72416,1,6,160,5,5,80.0,0,N,MELB_URBAN,ROAD,12,22.0
72417,4,6,173,5,3,50.0,0,N,MELB_URBAN,AVENUE,12,1.0
72418,4,6,183,5,5,100.0,1,N,RURAL_VICTORIA,ROAD,12,22.0
72419,1,6,121,2,3,80.0,0,I,MELB_URBAN,STREET,12,22.0
72420,1,5,147,5,1,40.0,0,N,MELB_URBAN,ROAD,11,15.0
72421,1,3,163,5,1,40.0,0,N,MELBOURNE_CBD,STREET,11,9.0
72422,4,7,173,5,1,110.0,0,N,RURAL_VICTORIA,OTHER,12,7.0
72423,1,7,147,5,1,60.0,0,N,SMALL_CITIES,PARADE,12,8.0
72424,1,7,130,1,1,70.0,0,I,MELB_URBAN,ROAD,12,9.0
72425,1,7,134,5,1,70.0,0,N,MELB_URBAN,HIGHWAY,12,9.0
72426,1,6,110,1,1,60.0,0,I,TOWNS,STREET,12,8.0
72427,1,6,121,2,1,60.0,0,I,MELB_URBAN,STREET,12,9.0
72428,1,7,99,2,1,60.0,0,N,MELB_URBAN,STREET,12,10.0
72429,1,7,99,5,3,60.0,1,N,MELB_URBAN,ROAD,12,1.0
72430,1,6,113,2,1,60.0,0,I,TOWNS,ROAD,10,14.0
72431,1,7,99,5,1,50.0,0,N,MELB_URBAN,PARADE,12,11.0
72432,1,7,110,1,1,80.0,0,I,MELB_URBAN,ROAD,12,12.0
72433,4,7,181,5,1,100.0,0,N,RURAL_VICTORIA,ROAD,12,11.0
72434,4,6,173,5,5,100.0,0,N,TOWNS,ROAD,12,22.0
72435,1,6,130,1,2,50.0,0,I,MELB_URBAN,ROAD,12,19.0
72436,1,6,160,2,1,60.0,0,I,MELB_URBAN,DRIVE,12,9.0
72437,1,6,130,5,1,40.0,0,N,MELB_URBAN,STREET,9,10.0
72438,1,2,163,5,9,60.0,0,N,MELB_URBAN,STREET,11,11.0
72439,2,7,99,1,1,50.0,0,I,TOWNS,OTHER,12,15.0
72440,1,4,130,2,1,60.0,0,I,MELB_URBAN,STREET,12,16.0
72441,1,7,130,5,1,60.0,0,N,MELB_URBAN,ROAD,12,17.0
72442,2,7,99,5,1,60.0,0,N,MELB_URBAN,ROAD,12,18.0
72443,1,7,110,1,1,50.0,0,I,MELB_URBAN,STREET,12,17.0
72444,1,6,113,2,1,60.0,0,I,MELB_URBAN,ROAD,12,18.0
72445,1,7,121,5,1,60.0,0,N,MELB_URBAN,UNKNOWN,12,16.0
72446,1,7,133,1,1,60.0,0,I,MELB_URBAN,OTHER,12,18.0
72447,1,7,99,5,1,80.0,0,N,RURAL_VICTORIA,ROAD,12,19.0
72448,2,6,102,5,2,50.0,0,N,MELB_URBAN,STREET,12,20.0
72449,2,7,100,5,3,70.0,0,N,MELB_URBAN,ROAD,12,21.0
72450,1,7,134,5,1,60.0,0,N,MELB_URBAN,ROAD,12,12.0
72451,1,7,99,1,1,80.0,0,I,MELB_URBAN,ROAD,12,17.0
72452,1,7,130,5,1,60.0,0,N,MELB_URBAN,ROAD,12,18.0
72453,4,7,173,5,1,100.0,0,N,MELB_URBAN,UNKNOWN,12,18.0
72454,1,7,134,5,2,80.0,0,N,MELB_URBAN,ROAD,12,20.0
72455,1,5,121,1,1,60.0,0,I,MELB_URBAN,ROAD,11,18.0
72456,4,7,171,5,3,60.0,0,N,MELB_URBAN,ROAD,12,22.0
72457,4,7,171,5,3,80.0,1,N,SMALL_CITIES,ROAD,12,23.0
72458,1,4,121,2,1,60.0,0,I,MELB_URBAN,STREET,8,7.0
72459,1,2,130,2,1,60.0,0,I,MELB_URBAN,ROAD,11,9.0
72460,1,7,113,2,1,60.0,0,I,MELB_URBAN,ROAD,12,10.0
72461,1,0,147,5,1,50.0,0,N,MELB_URBAN,ROAD,12,9.0
72462,1,1,147,2,1,50.0,0,N,MELB_URBAN,ROAD,12,9.0
72463,1,1,130,2,1,60.0,0,N,RURAL_VICTORIA,ROAD,12,8.0
72464,1,1,110,1,1,40.0,0,I,MELB_URBAN,STREET,12,10.0
72465,1,4,121,2,1,60.0,0,I,MELB_URBAN,ROAD,11,14.0
72466,4,1,99,2,5,50.0,0,I,TOWNS,STREET,12,1.0
72467,4,4,99,2,1,100.0,0,I,RURAL_VICTORIA,ROAD,11,5.0
72468,4,1,181,5,5,80.0,0,N,RURAL_VICTORIA,ROAD,12,0.0
72469,1,6,110,1,3,60.0,0,I,MELB_URBAN,PARADE,11,3.0
72470,1,1,121,2,1,60.0,0,I,MELB_URBAN,BOULEVARD,12,11.0
72471,1,1,99,5,1,60.0,0,N,MELB_URBAN,ROAD,12,12.0
72472,4,1,99,2,1,70.0,0,I,MELB_URBAN,ROAD,12,8.0
72473,1,1,163,5,1,60.0,0,N,MELB_URBAN,ROAD,12,13.0
72474,8,1,99,5,1,100.0,0,N,RURAL_VICTORIA,ROAD,12,9.0
72475,8,1,99,5,1,80.0,0,N,RURAL_VICTORIA,ROAD,12,13.0
72476,2,6,99,1,5,50.0,0,I,LARGE_PROVINCIAL_CITIES,BOULEVARD,12,21.0
72477,6,1,99,5,1,80.0,0,N,RURAL_VICTORIA,ROAD,12,13.0
72478,4,1,173,5,1,50.0,0,N,MELB_URBAN,DRIVE,12,14.0
72479,1,1,113,2,1,60.0,0,I,MELB_URBAN,ROAD,12,15.0
72480,1,1,130,2,1,100.0,0,I,RURAL_VICTORIA,ROAD,12,15.0
72481,1,1,130,1,1,60.0,0,I,MELB_URBAN,STREET,12,16.0
72482,6,1,170,5,1,100.0,0,N,RURAL_VICTORIA,HIGHWAY,12,15.0
72483,4,0,181,5,1,100.0,0,N,RURAL_VICTORIA,ROAD,12,16.0
72484,1,1,130,2,1,60.0,0,I,MELB_URBAN,ROAD,12,17.0
72485,2,1,100,1,1,40.0,0,N,MELB_URBAN,ROAD,12,16.0
72486,4,1,181,5,1,100.0,0,N,RURAL_VICTORIA,ROAD,12,19.0
72487,2,1,99,1,3,40.0,0,I,MELB_URBAN,OTHER,12,2.0
72488,1,5,130,5,1,60.0,0,N,MELB_URBAN,RAMP,11,7.0
72489,4,1,173,1,1,60.0,0,I,RURAL_VICTORIA,ROAD,12,19.0
72490,1,1,121,1,1,60.0,0,I,MELB_URBAN,ROAD,12,17.0
72491,4,0,171,5,5,60.0,0,N,RURAL_VICTORIA,ROAD,12,21.0
72492,1,6,121,1,1,60.0,0,I,MELB_URBAN,STREET,11,13.0
72493,4,0,183,5,5,80.0,0,N,SMALL_TOWNS,ROAD,12,22.0
72494,1,3,130,5,1,100.0,0,N,MELB_URBAN,ROAD,11,15.0
72495,4,1,171,5,5,100.0,0,N,RURAL_VICTORIA,HIGHWAY,12,21.0
72496,4,1,171,5,1,60.0,0,N,TOWNS,STREET,12,14.0
72497,4,1,183,5,5,80.0,0,N,RURAL_VICTORIA,ROAD,12,22.0
72498,1,2,110,1,3,60.0,0,I,MELB_URBAN,ROAD,12,1.0
72499,1,1,147,5,3,60.0,0,I,MELB_URBAN,ROAD,12,21.0
72500,1,4,110,1,1,60.0,0,I,MELB_URBAN,STREET,11,18.0
72501,4,6,171,2,1,50.0,0,I,SMALL_CITIES,STREET,12,7.0
72502,1,4,130,4,1,100.0,0,N,MELB_URBAN,FREEWAY,11,16.0
72503,1,6,130,5,1,100.0,0,N,MELB_URBAN,UNKNOWN,11,18.0
72504,6,7,174,5,9,60.0,0,N,RURAL_VICTORIA,ROAD,12,13.0
72505,5,7,99,2,1,60.0,0,N,RURAL_VICTORIA,OTHER,11,14.0
72506,4,2,171,5,9,100.0,1,N,RURAL_VICTORIA,ROAD,12,6.0
72507,1,0,120,5,1,60.0,0,N,RURAL_VICTORIA,ROAD,12,12.0
72508,1,2,111,2,1,80.0,0,I,MELB_URBAN,HIGHWAY,12,10.0
72509,1,1,147,5,2,50.0,0,N,MELB_URBAN,STREET,12,7.0
72510,1,7,130,1,1,60.0,0,I,TOWNS,HIGHWAY,12,17.0
72511,2,2,99,5,1,50.0,0,N,MELB_URBAN,ROAD,11,13.0
72512,4,2,183,5,1,100.0,0,N,MELB_URBAN,ROAD,12,11.0
72513,1,2,110,4,1,50.0,0,I,TOWNS,STREET,12,13.0
72514,1,1,130,5,1,80.0,0,N,MELB_URBAN,ROAD,12,11.0
72515,1,2,99,2,1,60.0,0,I,LARGE_PROVINCIAL_CITIES,HIGHWAY,12,14.0
72516,1,5,130,5,1,60.0,0,N,MELB_URBAN,ROAD,11,7.0
72517,4,2,173,2,1,60.0,0,I,LARGE_PROVINCIAL_CITIES,ROAD,12,9.0
72518,1,1,130,5,1,100.0,0,N,RURAL_VICTORIA,FREEWAY,12,14.0
72519,5,1,99,5,1,60.0,0,N,RURAL_VICTORIA,ROAD,12,12.0
72520,1,6,130,5,1,100.0,0,N,MELB_URBAN,FREEWAY,9,7.0
72521,4,1,181,5,3,50.0,0,N,MELB_URBAN,STREET,11,21.0
72522,1,0,113,2,3,60.0,0,I,MELB_URBAN,ROAD,12,21.0
72523,1,5,121,2,3,60.0,0,I,MELB_URBAN,PARADE,12,23.0
72524,1,2,120,5,1,60.0,0,N,MELB_URBAN,ROAD,12,14.0
72525,2,2,100,5,1,100.0,0,N,MELB_URBAN,FREEWAY,12,15.0
72526,1,2,99,5,1,40.0,0,N,MELB_URBAN,ROAD,12,12.0
72527,1,2,130,1,1,60.0,0,I,LARGE_PROVINCIAL_CITIES,AVENUE,12,12.0
72528,1,1,110,1,1,60.0,0,I,MELB_URBAN,STREET,12,16.0
72529,4,2,171,5,1,40.0,0,N,MELB_URBAN,ROAD,12,15.0
72530,1,2,130,5,2,60.0,0,N,MELB_URBAN,ROAD,11,6.0
72531,1,1,110,1,1,50.0,0,I,MELB_URBAN,AVENUE,12,17.0
72532,2,2,99,5,1,60.0,0,N,SMALL_CITIES,OTHER,12,15.0
72533,1,5,110,1,9,60.0,0,I,MELB_URBAN,STREET,11,10.0
72534,8,1,99,5,1,60.0,0,N,RURAL_VICTORIA,ROAD,10,15.0
72535,1,2,113,2,5,80.0,0,N,RURAL_VICTORIA,ROAD,12,19.0
72536,4,2,171,5,5,100.0,0,N,RURAL_VICTORIA,ROAD,12,0.0
72537,1,6,99,5,1,60.0,0,N,SMALL_CITIES,STREET,11,11.0
72538,1,3,130,5,2,100.0,0,N,MELB_URBAN,FREEWAY,12,5.0
72539,1,2,120,5,1,100.0,0,N,RURAL_VICTORIA,ROAD,12,6.0
72540,1,3,130,5,1,80.0,0,N,MELB_URBAN,UNKNOWN,11,15.0
72541,1,1,110,1,3,60.0,0,I,MELB_URBAN,ROAD,12,20.0
72542,4,2,183,5,1,80.0,0,N,RURAL_VICTORIA,ROAD,12,6.0
72543,8,7,170,1,1,70.0,0,I,LARGE_PROVINCIAL_CITIES,ROAD,11,19.0
72544,1,7,111,2,1,60.0,0,I,MELB_URBAN,STREET,9,10.0
72545,1,2,99,5,1,50.0,0,N,MELB_URBAN,STREET,9,11.0
72546,6,3,170,1,1,50.0,0,N,MELB_URBAN,STREET,12,7.0
72547,1,3,111,2,1,50.0,0,I,MELB_URBAN,ROAD,12,9.0
72548,1,5,147,5,1,80.0,0,N,MELB_URBAN,ROAD,12,17.0
72549,1,5,121,2,1,50.0,0,I,MELB_URBAN,ROAD,11,16.0
72550,2,3,100,5,1,60.0,0,N,MELB_URBAN,STREET,12,10.0
72551,4,2,171,5,1,100.0,0,N,RURAL_VICTORIA,ROAD,12,9.0
72552,1,2,135,5,1,100.0,0,N,MELB_URBAN,FREEWAY,12,17.0
72553,1,5,110,1,2,50.0,0,I,MELB_URBAN,AVENUE,11,20.0
72554,1,3,140,5,1,100.0,0,N,RURAL_VICTORIA,ROAD,12,10.0
72555,4,3,181,5,1,60.0,0,N,MELB_URBAN,ROAD,12,12.0
72556,4,3,183,5,1,100.0,0,N,RURAL_VICTORIA,FREEWAY,12,9.0
72557,4,3,171,5,1,60.0,0,N,MELB_URBAN,ROAD,12,11.0
72558,1,2,110,1,1,60.0,0,I,MELB_URBAN,ROAD,12,12.0
72559,2,3,102,5,1,50.0,0,N,MELB_URBAN,STREET,12,12.0
72560,1,2,110,1,1,50.0,0,I,TOWNS,STREET,12,17.0
72561,1,2,99,5,1,60.0,0,N,SMALL_CITIES,ROAD,12,12.0
72562,1,3,99,1,1,100.0,0,I,RURAL_VICTORIA,ROAD,12,14.0
72563,1,2,134,1,1,60.0,0,I,MELB_URBAN,STREET,12,9.0
72564,1,4,130,2,1,60.0,0,I,RURAL_VICTORIA,ROAD,11,8.0
72565,4,1,171,5,3,60.0,0,N,LARGE_PROVINCIAL_CITIES,ROAD,12,2.0
72566,1,4,110,1,1,60.0,0,I,SMALL_CITIES,STREET,11,7.0
72567,1,3,130,5,1,100.0,0,N,MELB_URBAN,FREEWAY,12,15.0
72568,1,3,130,5,1,80.0,0,N,RURAL_VICTORIA,ROAD,12,15.0
72569,1,3,113,2,1,60.0,0,I,MELB_URBAN,HIGHWAY,12,18.0
72570,1,3,99,1,1,80.0,0,I,RURAL_VICTORIA,HIGHWAY,12,18.0
72571,1,3,130,5,1,100.0,0,N,MELB_URBAN,ROAD,12,18.0
72572,1,3,110,1,1,100.0,0,I,RURAL_VICTORIA,ROAD,12,19.0
72573,6,3,99,2,1,100.0,0,N,RURAL_VICTORIA,HIGHWAY,12,18.0
72574,1,2,110,1,1,60.0,0,I,LARGE_PROVINCIAL_CITIES,STREET,12,20.0
72575,8,3,174,5,3,70.0,0,N,MELB_URBAN,ROAD,12,22.0
72576,1,3,121,4,1,60.0,0,I,MELB_URBAN,ROAD,12,17.0
72577,2,3,100,5,1,50.0,0,N,RURAL_VICTORIA,DRIVE,12,18.0
72578,1,1,130,5,3,60.0,0,N,MELB_URBAN,AVENUE,11,20.0
72579,4,3,171,2,3,50.0,0,I,MELB_URBAN,ROAD,12,21.0
72580,1,4,147,5,1,70.0,0,N,MELB_URBAN,ROAD,8,13.0
72581,1,2,130,1,1,60.0,0,I,MELB_URBAN,DRIVE,12,8.0
72582,4,4,183,5,5,70.0,0,N,MELB_URBAN,ROAD,12,4.0
72583,1,4,113,2,1,60.0,0,I,TOWNS,HIGHWAY,12,8.0
72584,2,2,99,5,1,60.0,0,N,MELB_URBAN,DRIVE,11,18.0
72585,1,4,121,2,1,60.0,0,I,MELB_URBAN,STREET,12,7.0
72586,1,2,116,2,1,60.0,0,I,MELB_URBAN,ROAD,10,19.0
72587,1,4,110,1,1,40.0,0,I,MELBOURNE_CBD,STREET,12,8.0
72588,1,2,110,1,1,60.0,0,I,MELB_URBAN,ROAD,11,9.0
72589,4,4,173,9,1,60.0,0,I,MELB_URBAN,OTHER,12,6.0
72590,1,3,116,1,3,70.0,0,I,MELB_URBAN,HIGHWAY,12,20.0
72591,1,2,130,5,1,80.0,0,N,RURAL_VICTORIA,ROAD,12,14.0
72592,1,4,110,1,1,70.0,0,I,MELB_URBAN,ROAD,12,8.0
72593,6,1,184,5,1,60.0,0,N,RURAL_VICTORIA,ROAD,11,12.0
72594,1,4,116,2,1,50.0,0,I,MELB_URBAN,STREET,12,6.0
72595,1,1,147,2,1,50.0,0,I,LARGE_PROVINCIAL_CITIES,AVENUE,12,18.0
72596,1,4,99,5,1,50.0,0,N,SMALL_CITIES,STREET,12,11.0
72597,1,4,120,2,1,50.0,0,I,SMALL_TOWNS,STREET,12,11.0
72598,1,1,130,5,1,80.0,0,N,MELB_URBAN,ROAD,12,13.0
72599,1,2,116,1,1,60.0,0,I,SMALL_CITIES,AVENUE,12,16.0
72600,1,3,130,5,1,80.0,0,N,MELB_URBAN,FREEWAY,12,7.0
72601,6,3,170,5,1,100.0,0,N,RURAL_VICTORIA,ROAD,12,8.0
72602,1,4,121,1,1,60.0,0,I,MELB_URBAN,ROAD,12,12.0
72603,1,4,130,5,1,60.0,0,N,RURAL_VICTORIA,ROAD,12,11.0
72604,1,2,163,5,9,40.0,0,N,MELB_URBAN,STREET,12,20.0
72605,2,3,100,5,1,40.0,0,N,MELBOURNE_CBD,STREET,12,12.0
72606,1,4,140,5,1,40.0,0,N,MELBOURNE_CBD,STREET,12,12.0
72607,8,2,174,4,3,60.0,0,N,MELB_URBAN,STREET,11,5.0
72608,4,4,171,5,1,100.0,0,N,RURAL_VICTORIA,ROAD,12,11.0
72609,6,6,174,5,1,100.0,0,N,RURAL_VICTORIA,OTHER,12,12.0
72610,4,1,173,5,1,100.0,0,N,RURAL_VICTORIA,ROAD,12,9.0
72611,1,5,133,5,1,40.0,0,N,MELBOURNE_CBD,STREET,4,12.0
72612,8,7,184,5,1,60.0,0,N,RURAL_VICTORIA,ROAD,9,12.0
72613,1,5,130,5,2,60.0,0,N,MELB_URBAN,BOULEVARD,12,19.0
72614,1,4,140,2,1,70.0,0,I,MELB_URBAN,ROAD,12,14.0
72615,1,3,135,5,3,100.0,0,N,MELB_URBAN,ROAD,12,21.0
72616,1,1,130,5,1,80.0,0,N,MELB_URBAN,UNKNOWN,1,12.0
72617,1,1,130,2,1,80.0,0,I,MELB_URBAN,DRIVE,9,19.0
72618,1,3,160,5,1,50.0,0,N,MELB_URBAN,STREET,12,17.0
72619,4,6,99,5,2,50.0,0,N,MELB_URBAN,OTHER,10,17.0
72620,1,4,130,5,1,80.0,0,N,MELB_URBAN,HIGHWAY,12,18.0
72621,1,3,130,4,1,60.0,0,I,SMALL_CITIES,OTHER,12,15.0
72622,1,3,99,2,1,70.0,0,I,MELB_URBAN,ROAD,11,9.0
72623,1,4,111,2,1,50.0,0,I,MELB_URBAN,STREET,10,11.0
72624,2,4,99,5,1,60.0,0,N,MELB_URBAN,ROAD,12,17.0
72625,4,4,171,5,1,40.0,0,N,MELB_URBAN,AVENUE,12,19.0
72626,8,1,170,5,1,60.0,0,N,RURAL_VICTORIA,ROAD,12,12.0
72627,8,4,174,2,1,60.0,0,I,MELB_URBAN,UNKNOWN,12,8.0
72628,4,4,99,2,1,80.0,0,I,RURAL_VICTORIA,ROAD,12,20.0
72629,1,4,147,5,1,50.0,0,N,MELB_URBAN,ROAD,12,18.0
72630,1,5,99,1,3,80.0,0,I,LARGE_PROVINCIAL_CITIES,HIGHWAY,12,2.0
72631,4,5,183,5,5,80.0,0,N,RURAL_VICTORIA,ROAD,12,1.0
72632,1,5,113,4,3,60.0,0,I,MELB_URBAN,ROAD,12,1.0
72633,6,3,174,5,1,100.0,0,N,MELB_URBAN,FREEWAY,12,15.0
72634,1,4,99,2,1,50.0,0,I,MELB_URBAN,STREET,12,17.0
72635,1,5,121,1,1,80.0,0,I,MELB_URBAN,DRIVE,12,7.0
72636,1,1,120,5,1,70.0,0,N,MELB_URBAN,ROAD,11,17.0
72637,4,5,181,5,1,100.0,0,N,RURAL_VICTORIA,ROAD,12,8.0
72638,1,4,110,1,1,50.0,0,I,MELB_URBAN,DRIVE,12,9.0
72639,1,3,160,5,1,40.0,0,N,MELB_URBAN,STREET,12,12.0
72640,8,4,99,5,2,100.0,0,N,RURAL_VICTORIA,ROAD,12,20.0
72641,2,5,102,1,1,50.0,0,I,SMALL_CITIES,STREET,12,11.0
72642,8,7,99,5,1,100.0,0,N,RURAL_VICTORIA,ROAD,12,11.0
72643,1,4,130,2,1,60.0,0,I,MELB_URBAN,STREET,12,8.0
72644,1,5,160,5,1,60.0,0,N,MELB_URBAN,ROAD,12,11.0
72645,1,2,99,1,1,60.0,0,I,MELB_URBAN,ROAD,11,7.0
72646,1,5,99,4,1,100.0,0,I,RURAL_VICTORIA,HIGHWAY,12,10.0
72647,1,5,130,5,1,100.0,0,N,MELB_URBAN,FREEWAY,12,11.0
72648,4,5,181,5,1,50.0,0,N,MELB_URBAN,UNKNOWN,12,8.0
72649,8,4,170,5,1,80.0,0,N,MELB_URBAN,ROAD,12,9.0
72650,1,2,130,5,6,60.0,0,N,MELB_URBAN,UNKNOWN,12,21.0
72651,1,2,130,5,1,80.0,0,N,MELB_URBAN,HIGHWAY,12,11.0
72652,1,4,130,2,1,70.0,0,I,LARGE_PROVINCIAL_CITIES,HIGHWAY,12,6.0
72653,1,5,121,1,1,60.0,0,I,SMALL_CITIES,STREET,12,13.0
72654,1,2,140,5,1,80.0,0,N,RURAL_VICTORIA,ROAD,12,11.0
72655,4,5,99,5,2,50.0,0,N,SMALL_CITIES,STREET,12,19.0
72656,1,5,110,1,1,60.0,0,I,MELB_URBAN,BOULEVARD,12,14.0
72657,1,5,120,2,1,60.0,0,I,MELB_URBAN,ROAD,12,12.0
72658,1,4,147,5,1,60.0,0,N,MELB_URBAN,ROAD,12,13.0
72659,1,4,113,2,1,70.0,0,I,MELB_URBAN,ROAD,12,16.0
72660,1,5,110,1,1,80.0,0,I,SMALL_CITIES,STREET,12,16.0
72661,4,5,183,5,1,100.0,0,N,RURAL_VICTORIA,HIGHWAY,12,12.0
72662,1,5,113,2,1,50.0,0,I,MELB_URBAN,STREET,12,17.0
72663,4,5,181,5,1,100.0,0,N,RURAL_VICTORIA,ROAD,12,15.0
72664,2,4,102,5,1,70.0,0,N,MELB_URBAN,ROAD,12,17.0
72665,2,5,99,5,1,60.0,0,N,SMALL_CITIES,ROAD,12,17.0
72666,2,4,102,5,1,60.0,0,N,MELB_URBAN,STREET,12,15.0
72667,1,5,160,5,1,50.0,0,N,MELB_URBAN,DRIVE,12,16.0
72668,1,5,130,1,1,80.0,0,I,RURAL_VICTORIA,ROAD,12,16.0
72669,1,4,110,1,1,60.0,0,I,LARGE_PROVINCIAL_CITIES,STREET,12,20.0
72670,1,2,121,2,1,60.0,0,I,MELB_URBAN,STREET,12,17.0
72671,8,1,174,5,2,60.0,0,N,MELB_URBAN,ROAD,12,20.0
72672,1,6,99,2,1,60.0,0,I,RURAL_VICTORIA,HIGHWAY,10,15.0
72673,8,1,170,5,1,50.0,0,N,MELB_URBAN,DRIVE,11,16.0
72674,1,4,120,1,1,70.0,0,N,MELB_URBAN,ROAD,12,17.0
72675,4,4,183,5,1,100.0,0,N,RURAL_VICTORIA,ROAD,12,19.0
72676,1,5,113,2,3,60.0,0,I,MELB_URBAN,BOULEVARD,12,21.0
72677,1,5,130,5,6,80.0,0,N,RURAL_VICTORIA,ROAD,12,23.0
72678,1,5,99,5,2,60.0,0,N,SMALL_CITIES,AVENUE,12,20.0
72679,4,4,173,5,3,80.0,0,N,MELB_URBAN,HIGHWAY,12,22.0
72680,1,4,121,2,3,60.0,0,I,MELB_URBAN,ROAD,12,22.0
72681,6,2,184,4,2,60.0,0,I,MELB_URBAN,ROAD,12,5.0
72682,1,5,160,5,3,60.0,0,N,MELB_URBAN,ROAD,12,0.0
72683,7,5,99,5,2,60.0,0,N,MELB_URBAN,ROAD,12,5.0
72684,4,6,173,1,3,40.0,0,I,MELB_URBAN,HIGHWAY,12,2.0
72685,1,2,130,2,1,60.0,0,I,MELB_URBAN,ROAD,11,19.0
72686,1,5,113,1,1,60.0,0,I,MELB_URBAN,RAMP,12,7.0
72687,1,6,113,2,1,80.0,0,I,MELB_URBAN,ROAD,12,7.0
72688,4,5,173,5,1,50.0,0,N,MELB_URBAN,AVENUE,12,7.0
72689,1,6,120,5,1,100.0,0,N,RURAL_VICTORIA,ROAD,12,7.0
72690,1,2,121,2,1,60.0,0,I,MELB_URBAN,ROAD,12,13.0
72691,1,6,120,5,2,50.0,0,N,MELB_URBAN,ROAD,12,6.0
72692,1,5,113,2,1,50.0,0,I,MELB_URBAN,PARADE,10,17.0
72693,1,5,120,5,1,80.0,0,N,MELB_URBAN,HIGHWAY,12,11.0
72694,1,4,130,5,1,100.0,0,N,MELB_URBAN,FREEWAY,12,8.0
72695,6,7,184,5,1,80.0,0,N,RURAL_VICTORIA,ROAD,12,15.0
72696,2,6,100,5,1,50.0,0,N,MELB_URBAN,STREET,12,11.0
72697,1,5,134,5,1,80.0,0,N,MELB_URBAN,ROAD,12,13.0
72698,1,4,130,5,1,60.0,0,N,MELB_URBAN,FREEWAY,12,10.0
72699,1,6,130,5,1,110.0,0,N,RURAL_VICTORIA,FREEWAY,12,12.0
72700,1,6,113,2,1,60.0,0,I,MELB_URBAN,ROAD,12,13.0
72701,2,5,102,5,1,40.0,0,N,MELB_URBAN,ROAD,12,8.0
72702,4,5,181,2,1,100.0,0,I,RURAL_VICTORIA,ROAD,12,14.0
72703,4,6,171,5,2,60.0,0,N,RURAL_VICTORIA,ROAD,11,20.0
72704,1,3,121,1,9,60.0,0,I,MELB_URBAN,ROAD,12,9.0
72705,1,6,99,5,1,60.0,0,N,MELB_URBAN,ROAD,12,16.0
72706,1,5,132,2,1,60.0,0,I,MELB_URBAN,ROAD,12,14.0
72707,2,6,100,1,1,60.0,0,I,MELB_URBAN,STREET,12,18.0
72708,1,6,121,2,1,60.0,1,I,MELB_URBAN,STREET,12,15.0
72709,1,5,111,2,1,60.0,0,I,MELB_URBAN,ROAD,12,16.0
72710,1,2,130,5,1,80.0,0,N,MELB_URBAN,ROAD,12,7.0
72711,1,7,120,5,1,80.0,0,N,RURAL_VICTORIA,ROAD,11,15.0
72712,1,6,121,2,1,70.0,0,I,MELB_URBAN,ROAD,12,6.0
72713,1,6,111,2,2,60.0,0,I,MELB_URBAN,ROAD,12,21.0
72714,1,5,160,5,3,50.0,0,N,MELB_URBAN,STREET,12,23.0
72715,1,7,110,1,3,50.0,0,I,LARGE_PROVINCIAL_CITIES,STREET,12,1.0
72716,1,6,120,5,1,100.0,0,N,RURAL_VICTORIA,ROAD,12,17.0
72717,4,6,99,2,2,80.0,0,I,MELB_URBAN,HIGHWAY,12,5.0
72718,4,7,173,5,2,80.0,0,N,RURAL_VICTORIA,ROAD,12,6.0
72719,1,6,132,2,1,100.0,0,I,RURAL_VICTORIA,ROAD,12,17.0
72720,1,7,130,1,1,40.0,0,I,MELB_URBAN,STREET,12,7.0
72721,1,4,121,1,1,60.0,0,I,MELB_URBAN,STREET,11,14.0
72722,8,7,174,2,2,60.0,0,I,MELB_URBAN,STREET,12,6.0
72723,1,7,116,2,1,60.0,0,I,LARGE_PROVINCIAL_CITIES,ROAD,12,7.0
72724,1,6,110,1,1,50.0,0,I,MELB_URBAN,STREET,12,9.0
72725,1,7,130,1,1,70.0,0,N,MELB_URBAN,ROAD,12,8.0
72726,2,6,102,2,1,40.0,0,I,MELB_URBAN,STREET,12,10.0
72727,1,6,99,1,2,60.0,0,I,MELB_URBAN,RAMP,12,6.0