,accident_type,day_of_week,dca_code,road_geometry,light_condition,speed_zone,severity,node_type,deg_urban_name,road_type,month,hour
72728,1,6,130,5,1,60.0,0,N,MELB_URBAN,ROAD,12,11.0
72729,4,7,181,5,1,60.0,0,N,MELB_URBAN,ROAD,12,13.0
72730,1,6,130,5,1,60.0,0,N,MELB_URBAN,ROAD,12,14.0
72731,8,6,174,1,3,80.0,0,I,MELB_URBAN,HIGHWAY,12,22.0
72732,8,7,170,2,1,70.0,0,I,MELB_URBAN,ROAD,12,12.0
72733,2,7,102,2,1,50.0,0,I,TOWNS,STREET,12,14.0
72734,1,7,121,2,1,70.0,0,I,LARGE_PROVINCIAL_CITIES,ROAD,12,14.0
72735,1,6,140,5,1,60.0,0,N,SMALL_CITIES,AVENUE,12,15.0
72736,6,7,99,5,1,100.0,0,N,RURAL_VICTORIA,ROAD,12,9.0
72737,1,7,130,5,1,60.0,0,N,RURAL_VICTORIA,ROAD,12,11.0
72738,8,6,174,1,1,60.0,0,I,LARGE_PROVINCIAL_CITIES,STREET,12,15.0
72739,1,7,110,1,1,50.0,0,I,SMALL_CITIES,STREET,12,16.0
72740,4,7,183,5,1,100.0,0,N,RURAL_VICTORIA,ROAD,12,16.0
72741,1,7,99,5,2,60.0,0,N,MELB_URBAN,ROAD,12,5.0
72742,1,7,99,1,1,60.0,0,I,MELB_URBAN,ROAD,12,12.0
72743,1,7,110,1,1,100.0,0,I,RURAL_VICTORIA,FREEWAY,12,16.0
72744,4,7,173,5,1,80.0,0,N,LARGE_PROVINCIAL_CITIES,ROAD,12,16.0
72745,1,6,130,5,9,60.0,0,N,MELB_URBAN,STREET,11,13.0
72746,1,7,121,2,1,60.0,0,I,MELB_URBAN,STREET,12,12.0
72747,4,7,171,5,1,80.0,0,N,RURAL_VICTORIA,ROAD,12,14.0
72748,1,2,120,5,3,60.0,0,I,MELB_URBAN,ROAD,12,21.0
72749,1,7,116,2,1,50.0,0,I,MELB_URBAN,STREET,12,18.0
72750,4,7,173,5,1,100.0,0,N,RURAL_VICTORIA,HIGHWAY,12,17.0
72751,1,7,110,1,3,60.0,0,I,LARGE_PROVINCIAL_CITIES,STREET,12,21.0
72752,1,7,110,1,2,100.0,0,I,RURAL_VICTORIA,ROAD,12,19.0
72753,1,7,116,2,1,50.0,0,I,MELB_URBAN,BOULEVARD,12,18.0
72754,1,6,130,2,1,60.0,0,I,MELB_URBAN,ROAD,12,15.0
72755,2,0,100,1,3,60.0,0,I,MELB_URBAN,ROAD,12,0.0
72756,1,7,140,5,1,50.0,1,N,MELB_URBAN,ROAD,12,19.0
72757,2,0,102,4,3,60.0,0,I,MELB_URBAN,ROAD,12,0.0
72758,4,1,171,5,3,60.0,0,N,MELB_URBAN,ROAD,12,1.0
72759,2,1,99,5,2,70.0,0,N,MELB_URBAN,HIGHWAY,12,5.0
72760,4,0,183,2,5,100.0,0,N,RURAL_VICTORIA,ROAD,12,2.0
72761,1,1,160,5,2,60.0,0,N,MELB_URBAN,STREET,12,5.0
72762,4,6,171,5,1,100.0,0,N,RURAL_VICTORIA,HIGHWAY,12,15.0
72763,1,1,121,1,1,50.0,0,I,MELB_URBAN,STREET,12,8.0
72764,8,7,174,5,1,60.0,0,N,RURAL_VICTORIA,OTHER,12,14.0
72765,2,1,99,5,3,50.0,0,N,MELB_URBAN,STREET,12,0.0
72766,1,1,121,2,1,50.0,0,I,MELB_URBAN,DRIVE,12,10.0
72767,6,1,99,5,1,100.0,0,N,RURAL_VICTORIA,HIGHWAY,12,11.0
72768,1,1,133,5,1,80.0,0,I,RURAL_VICTORIA,ROAD,12,11.0
72769,1,1,130,5,1,80.0,0,N,RURAL_VICTORIA,ROAD,12,12.0
72770,4,6,171,1,1,50.0,0,I,RURAL_VICTORIA,BOULEVARD,12,15.0
72771,4,1,183,5,1,70.0,1,N,RURAL_VICTORIA,ROAD,12,10.0
72772,6,1,170,5,1,80.0,0,N,RURAL_VICTORIA,ROAD,12,13.0
72773,1,7,130,5,1,100.0,0,N,RURAL_VICTORIA,ROAD,12,16.0
72774,8,0,184,5,1,60.0,0,N,RURAL_VICTORIA,HIGHWAY,12,12.0
72775,2,1,100,1,3,40.0,0,I,MELBOURNE_CBD,STREET,12,1.0
72776,4,1,171,5,1,100.0,0,N,LARGE_PROVINCIAL_CITIES,ROAD,12,14.0
72777,1,1,130,1,1,60.0,0,I,MELB_URBAN,HIGHWAY,12,14.0
72778,8,6,99,5,3,80.0,0,N,MELB_URBAN,RAMP,11,20.0
72779,4,1,181,5,1,100.0,0,N,RURAL_VICTORIA,ROAD,12,14.0
72780,1,0,116,1,1,50.0,0,I,MELB_URBAN,STREET,12,15.0
72781,1,0,132,1,1,60.0,0,I,LARGE_PROVINCIAL_CITIES,STREET,12,18.0
72782,1,1,130,5,1,80.0,0,N,MELB_URBAN,FREEWAY,12,17.0
72783,4,0,171,5,1,80.0,0,I,MELB_URBAN,HIGHWAY,12,17.0
72784,8,0,99,5,1,100.0,0,N,RURAL_VICTORIA,ROAD,12,15.0
72785,1,1,130,5,1,100.0,0,N,RURAL_VICTORIA,HIGHWAY,12,17.0
72786,4,1,171,5,1,100.0,0,N,RURAL_VICTORIA,ROAD,12,16.0
72787,1,0,99,5,1,60.0,0,N,MELB_URBAN,ROAD,12,16.0
72788,1,0,130,1,1,60.0,0,I,MELB_URBAN,ROAD,12,16.0
72789,1,1,132,5,1,100.0,0,N,RURAL_VICTORIA,ROAD,12,19.0
72790,1,1,130,5,1,100.0,0,N,RURAL_VICTORIA,HIGHWAY,12,17.0
72791,4,1,171,5,1,100.0,0,N,RURAL_VICTORIA,ROAD,12,14.0
72792,1,1,113,2,1,60.0,0,I,MELB_URBAN,OTHER,12,18.0
72793,4,1,171,5,1,100.0,0,N,RURAL_VICTORIA,HIGHWAY,12,14.0
72794,1,1,130,4,3,70.0,0,I,MELB_URBAN,RAMP,12,22.0
72795,4,1,171,5,9,50.0,0,N,MELB_URBAN,OTHER,12,6.0
72796,1,1,121,2,3,80.0,0,I,MELB_URBAN,OTHER,12,22.0
72797,1,1,99,1,1,100.0,1,I,RURAL_VICTORIA,HIGHWAY,12,18.0
72798,4,1,171,2,3,50.0,0,I,MELB_URBAN,STREET,12,1.0
72799,4,2,173,2,1,50.0,0,I,MELB_URBAN,ROAD,11,18.0
72800,1,1,130,5,1,100.0,0,N,TOWNS,HIGHWAY,12,18.0
72801,1,1,110,1,1,100.0,0,I,RURAL_VICTORIA,DRIVE,12,9.0
72802,1,2,110,1,1,60.0,0,I,SMALL_CITIES,STREET,12,7.0
72803,1,2,113,2,1,60.0,0,I,SMALL_CITIES,ROAD,12,6.0
72804,2,5,100,5,9,60.0,0,N,MELB_URBAN,ROAD,11,10.0
72805,1,2,183,2,1,60.0,0,I,MELB_URBAN,ROAD,12,9.0
72806,6,0,184,5,1,100.0,0,N,RURAL_VICTORIA,OTHER,12,16.0
72807,1,7,120,5,1,100.0,0,N,RURAL_VICTORIA,ROAD,11,17.0
72808,1,1,110,1,1,60.0,0,I,LARGE_PROVINCIAL_CITIES,STREET,12,11.0
72809,1,1,113,2,3,60.0,0,I,MELB_URBAN,ROAD,12,21.0
72810,1,2,121,1,1,50.0,0,I,SMALL_CITIES,STREET,12,11.0
72811,1,4,120,2,1,100.0,0,I,RURAL_VICTORIA,ROAD,12,17.0
72812,1,2,130,5,1,60.0,0,N,MELB_URBAN,ROAD,11,10.0
72813,4,1,99,5,1,50.0,0,N,MELB_URBAN,AVENUE,7,15.0
72814,1,2,121,2,1,40.0,0,I,MELB_URBAN,STREET,12,7.0
72815,1,2,130,5,1,60.0,0,N,RURAL_VICTORIA,STREET,12,7.0
72816,1,2,110,1,1,50.0,0,I,MELB_URBAN,STREET,12,11.0
72817,1,3,163,5,1,40.0,0,N,MELB_URBAN,OTHER,12,8.0
72818,6,5,170,5,2,100.0,0,N,RURAL_VICTORIA,HIGHWAY,12,19.0
72819,1,3,99,4,1,60.0,0,I,MELB_URBAN,STREET,11,17.0
72820,1,2,99,5,1,50.0,0,N,SMALL_CITIES,STREET,12,13.0
72821,1,1,132,1,1,60.0,0,N,MELB_URBAN,ROAD,12,7.0
72822,1,2,121,2,1,60.0,0,I,MELB_URBAN,OTHER,12,11.0
72823,1,2,160,5,1,80.0,0,N,SMALL_TOWNS,HIGHWAY,12,11.0
72824,4,2,171,1,1,60.0,0,I,MELB_URBAN,AVENUE,12,13.0
72825,4,2,173,5,1,80.0,0,N,MELB_URBAN,ROAD,12,14.0
72826,1,3,111,2,1,60.0,0,I,MELB_URBAN,ROAD,11,17.0
72827,1,1,120,2,1,60.0,0,I,MELB_URBAN,ROAD,12,13.0
72828,5,5,99,5,1,60.0,0,N,RURAL_VICTORIA,ROAD,12,11.0
72829,4,2,171,5,1,100.0,0,N,MELB_URBAN,FREEWAY,12,14.0
72830,1,2,99,1,1,40.0,0,I,MELBOURNE_CBD,STREET,12,9.0
72831,6,1,99,5,1,100.0,0,N,RURAL_VICTORIA,HIGHWAY,12,15.0
72832,1,6,130,2,1,80.0,0,I,MELB_URBAN,HIGHWAY,12,6.0
72833,4,2,171,5,1,100.0,0,N,MELB_URBAN,FREEWAY,12,16.0
72834,1,2,113,2,1,60.0,0,I,MELB_URBAN,STREET,12,7.0
72835,4,2,171,5,1,100.0,1,N,RURAL_VICTORIA,HIGHWAY,12,15.0
72836,1,1,113,2,1,60.0,0,I,LARGE_PROVINCIAL_CITIES,STREET,12,17.0
72837,1,5,132,2,1,50.0,0,I,MELB_URBAN,STREET,12,17.0
72838,2,6,102,2,1,60.0,0,I,MELB_URBAN,STREET,11,8.0
72839,1,2,163,5,1,40.0,0,N,MELB_URBAN,STREET,12,15.0
72840,1,3,130,1,1,60.0,0,I,MELB_URBAN,STREET,11,11.0
72841,1,1,133,1,1,40.0,0,I,MELBOURNE_CBD,STREET,12,19.0
72842,1,2,135,5,1,100.0,0,N,MELB_URBAN,FREEWAY,12,15.0
72843,1,2,140,5,1,40.0,0,N,LARGE_PROVINCIAL_CITIES,STREET,12,15.0
72844,1,2,135,2,3,60.0,0,I,MELB_URBAN,ROAD,12,21.0
72845,4,1,173,5,1,100.0,0,N,RURAL_VICTORIA,ROAD,12,17.0
72846,2,2,99,1,1,40.0,0,I,MELB_URBAN,UNKNOWN,12,10.0
72847,1,1,130,2,1,80.0,0,I,MELB_URBAN,HIGHWAY,12,13.0
72848,6,7,184,5,1,60.0,0,N,RURAL_VICTORIA,ROAD,11,13.0
72849,1,1,130,5,1,60.0,0,N,MELB_URBAN,STREET,12,17.0
72850,1,1,130,5,1,80.0,0,N,RURAL_VICTORIA,ROAD,12,16.0
72851,5,7,99,5,9,60.0,0,N,RURAL_VICTORIA,OTHER,11,1.0
72852,1,2,113,2,1,50.0,0,I,MELB_URBAN,AVENUE,12,12.0
72853,1,3,121,1,1,80.0,0,I,MELB_URBAN,HIGHWAY,12,9.0
72854,1,2,160,5,1,100.0,0,N,MELB_URBAN,FREEWAY,12,20.0
72855,1,2,130,5,1,60.0,0,N,MELB_URBAN,UNKNOWN,12,10.0
72856,1,1,130,5,9,60.0,0,N,MELB_URBAN,ROAD,11,17.0
72857,1,2,130,2,1,80.0,0,I,RURAL_VICTORIA,BOULEVARD,12,7.0
72858,1,3,133,5,1,60.0,0,N,MELB_URBAN,ROAD,12,6.0
72859,1,3,113,1,1,60.0,0,I,MELB_URBAN,ROAD,12,11.0
72860,1,2,121,1,1,60.0,0,I,LARGE_PROVINCIAL_CITIES,STREET,12,11.0
72861,1,2,130,5,1,100.0,0,N,MELB_URBAN,HIGHWAY,12,15.0
72862,1,3,147,5,1,80.0,0,N,TOWNS,ROAD,12,12.0
72863,1,2,130,5,1,60.0,0,N,MELB_URBAN,ROAD,12,6.0
72864,1,3,160,5,1,50.0,0,N,MELB_URBAN,STREET,12,8.0
72865,6,3,170,2,1,70.0,0,N,MELB_URBAN,ROAD,12,9.0
72866,1,3,121,1,1,40.0,0,I,MELB_URBAN,ROAD,12,11.0
72867,1,3,130,5,1,40.0,0,N,RURAL_VICTORIA,FREEWAY,12,10.0
72868,1,3,99,2,9,50.0,0,I,SMALL_CITIES,STREET,12,12.0
72869,1,4,130,5,9,60.0,0,N,MELB_URBAN,PARADE,12,7.0
72870,1,3,110,1,1,50.0,0,I,MELB_URBAN,ROAD,12,14.0
72871,1,3,163,5,1,60.0,0,N,MELB_URBAN,STREET,12,14.0
72872,1,3,99,1,1,40.0,0,I,MELBOURNE_CBD,STREET,12,15.0
72873,1,3,120,5,1,60.0,0,N,MELB_URBAN,ROAD,12,16.0
72874,4,3,181,5,1,100.0,0,N,RURAL_VICTORIA,ROAD,12,9.0
72875,8,7,174,5,1,60.0,0,N,MELB_URBAN,ROAD,11,10.0
72876,1,3,121,1,1,70.0,0,I,LARGE_PROVINCIAL_CITIES,STREET,12,16.0
72877,1,3,116,1,1,100.0,0,I,RURAL_VICTORIA,ROAD,12,15.0
72878,1,3,120,2,1,60.0,0,I,TOWNS,ROAD,12,17.0
72879,1,3,130,2,1,60.0,0,I,MELB_URBAN,ROAD,12,18.0
72880,1,3,173,5,1,100.0,0,N,MELB_URBAN,FREEWAY,12,15.0
72881,2,3,99,5,1,60.0,0,N,MELB_URBAN,STREET,12,14.0
72882,1,6,99,2,9,40.0,0,I,MELB_URBAN,STREET,8,19.0
72883,1,3,113,2,1,60.0,0,I,MELB_URBAN,STREET,12,15.0
72884,1,3,121,1,1,40.0,0,I,MELB_URBAN,STREET,12,17.0
72885,1,3,130,5,1,80.0,0,N,MELB_URBAN,ROAD,12,16.0
72886,8,7,99,4,3,60.0,0,I,RURAL_VICTORIA,RAMP,12,0.0
72887,4,3,181,5,1,50.0,0,N,MELB_URBAN,AVENUE,12,15.0
72888,4,3,173,5,1,100.0,0,N,RURAL_VICTORIA,ROAD,12,18.0
72889,1,2,160,5,3,50.0,0,N,SMALL_CITIES,STREET,12,21.0
72890,1,3,121,1,1,60.0,0,I,LARGE_PROVINCIAL_CITIES,STREET,12,17.0
72891,1,3,130,1,1,60.0,0,I,LARGE_PROVINCIAL_CITIES,STREET,11,17.0
72892,1,1,110,1,3,60.0,0,I,MELB_URBAN,ROAD,12,23.0
72893,1,4,160,2,1,50.0,0,I,MELB_URBAN,AVENUE,11,14.0
72894,1,4,130,4,3,100.0,0,I,MELB_URBAN,RAMP,12,2.0
72895,6,4,184,4,5,60.0,0,I,RURAL_VICTORIA,ROAD,12,4.0
72896,6,4,184,5,2,100.0,0,N,RURAL_VICTORIA,ROAD,12,5.0
72897,1,0,130,5,1,100.0,0,N,MELB_URBAN,FREEWAY,12,10.0
72898,4,4,183,9,1,80.0,0,N,MELB_URBAN,ROAD,12,6.0
72899,6,3,99,5,1,100.0,0,N,RURAL_VICTORIA,ROAD,12,12.0
72900,7,5,99,1,1,60.0,0,I,MELB_URBAN,ROAD,12,15.0
72901,1,6,147,2,1,50.0,0,I,MELB_URBAN,STREET,12,17.0
72902,1,3,116,1,1,80.0,0,N,MELB_URBAN,ROAD,12,8.0
72903,4,3,173,5,1,100.0,0,N,RURAL_VICTORIA,ROAD,12,8.0
72904,1,2,132,4,1,60.0,0,I,MELB_URBAN,ROAD,12,14.0
72905,1,2,99,5,5,60.0,0,N,TOWNS,ROAD,12,2.0
72906,2,4,102,5,1,50.0,0,N,SMALL_CITIES,STREET,12,10.0
72907,1,1,110,1,1,60.0,0,I,MELB_URBAN,DRIVE,12,16.0
72908,4,7,181,5,1,100.0,0,N,RURAL_VICTORIA,ROAD,12,7.0
72909,1,1,113,2,1,80.0,0,I,MELB_URBAN,ROAD,12,17.0
72910,2,4,102,5,1,60.0,0,N,MELB_URBAN,ROAD,12,10.0
72911,1,3,130,2,1,60.0,0,I,MELB_URBAN,ROAD,12,11.0
72912,1,4,99,1,9,50.0,0,I,MELB_URBAN,ROAD,11,16.0
72913,1,4,111,2,1,80.0,0,I,RURAL_VICTORIA,ROAD,12,11.0
72914,1,4,140,5,1,50.0,0,N,MELB_URBAN,ROAD,12,10.0
72915,1,4,120,5,1,100.0,0,N,RURAL_VICTORIA,ROAD,12,12.0
72916,1,3,130,5,2,100.0,0,N,MELB_URBAN,FREEWAY,12,17.0
72917,1,4,130,5,1,80.0,0,N,MELB_URBAN,STREET,12,14.0
72918,1,3,130,5,1,70.0,0,N,MELB_URBAN,RAMP,12,12.0
72919,4,4,171,2,1,60.0,0,N,MELB_URBAN,ROAD,12,13.0
72920,1,2,113,1,1,80.0,0,I,MELB_URBAN,ROAD,8,6.0
72921,1,0,121,1,6,50.0,0,I,MELB_URBAN,STREET,8,21.0
72922,1,3,130,5,1,60.0,0,N,MELB_URBAN,STREET,12,15.0
72923,1,4,130,5,1,50.0,0,N,MELB_URBAN,UNKNOWN,12,6.0
72924,4,4,171,5,1,100.0,0,N,RURAL_VICTORIA,ROAD,12,14.0
72925,1,7,110,1,3,60.0,0,I,MELB_URBAN,ROAD,8,23.0
72926,1,3,132,2,1,60.0,0,I,MELB_URBAN,ROAD,12,15.0
72927,4,2,171,5,1,100.0,0,N,RURAL_VICTORIA,ROAD,12,14.0
72928,2,4,99,2,1,50.0,0,I,MELB_URBAN,ROAD,12,15.0
72929,1,4,135,5,1,40.0,0,N,MELB_URBAN,STREET,12,13.0
72930,6,3,99,5,1,100.0,0,N,RURAL_VICTORIA,ROAD,12,17.0
72931,2,4,99,1,1,40.0,0,I,MELB_URBAN,ROAD,11,15.0
72932,6,3,99,5,1,100.0,0,N,MELB_URBAN,RAMP,12,16.0
72933,1,4,111,2,1,60.0,0,I,MELB_URBAN,ROAD,12,16.0
72934,4,4,181,5,1,60.0,0,N,MELB_URBAN,ROAD,12,16.0
72935,1,4,113,1,1,60.0,0,I,MELB_URBAN,STREET,12,18.0
72936,1,4,130,1,1,60.0,0,I,MELB_URBAN,ROAD,11,12.0
72937,1,4,140,2,2,60.0,0,I,MELB_URBAN,ROAD,12,20.0
72938,4,4,171,5,3,50.0,0,N,TOWNS,STREET,12,22.0
72939,4,4,173,5,5,100.0,1,N,RURAL_VICTORIA,ROAD,12,23.0
72940,4,3,171,5,3,100.0,0,N,MELB_URBAN,ROAD,12,23.0
72941,1,4,110,1,3,40.0,0,I,MELB_URBAN,STREET,12,22.0
72942,1,6,110,1,1,60.0,0,I,MELB_URBAN,ROAD,12,18.0
72943,1,2,99,2,1,40.0,0,I,MELB_URBAN,PARADE,12,15.0
72944,1,5,113,2,1,60.0,0,I,MELB_URBAN,STREET,12,7.0
72945,1,5,99,1,1,60.0,0,I,TOWNS,ROAD,12,8.0
72946,1,4,130,5,1,80.0,0,N,MELB_URBAN,STREET,12,9.0
72947,3,7,167,5,1,60.0,0,N,RURAL_VICTORIA,OTHER,12,11.0
72948,4,3,171,5,1,60.0,0,N,RURAL_VICTORIA,ROAD,12,10.0
72949,1,5,130,5,1,100.0,0,N,MELB_URBAN,FREEWAY,12,9.0
72950,1,5,113,2,1,80.0,0,I,RURAL_VICTORIA,ROAD,12,9.0
72951,1,2,160,5,1,60.0,0,N,MELB_URBAN,ROAD,12,13.0
72952,4,2,173,5,3,80.0,0,N,MELB_URBAN,HIGHWAY,12,21.0
72953,1,1,110,1,1,100.0,0,I,RURAL_VICTORIA,ROAD,12,14.0
72954,1,3,130,5,1,100.0,0,N,MELB_URBAN,OTHER,12,13.0
72955,1,4,147,5,1,60.0,0,N,SMALL_CITIES,STREET,12,8.0
72956,1,3,130,1,1,60.0,0,I,MELB_URBAN,OTHER,12,10.0
72957,1,4,121,2,1,60.0,0,I,MELB_URBAN,ROAD,12,10.0
72958,1,4,130,5,1,80.0,0,N,MELB_URBAN,FREEWAY,12,9.0
72959,4,5,173,5,1,60.0,0,N,MELB_URBAN,ROAD,12,9.0
72960,1,5,110,1,1,100.0,0,I,RURAL_VICTORIA,ROAD,12,11.0
72961,1,5,130,5,1,90.0,0,N,RURAL_VICTORIA,FREEWAY,12,10.0
72962,4,5,173,2,1,30.0,0,I,MELB_URBAN,OTHER,12,10.0
72963,1,5,130,5,1,80.0,0,N,MELB_URBAN,OTHER,12,13.0
72964,1,5,99,2,1,60.0,0,I,MELB_URBAN,ROAD,12,12.0
72965,6,4,174,1,1,60.0,0,I,MELB_URBAN,ROAD,12,13.0
72966,1,5,132,5,1,60.0,0,N,LARGE_PROVINCIAL_CITIES,AVENUE,12,12.0
72967,6,5,99,5,1,80.0,0,N,RURAL_VICTORIA,HIGHWAY,12,14.0
72968,1,3,130,5,1,60.0,0,N,MELB_URBAN,DRIVE,11,19.0
72969,1,6,99,2,1,60.0,0,I,SMALL_CITIES,ROAD,12,12.0
72970,1,5,99,5,1,40.0,0,N,LARGE_PROVINCIAL_CITIES,STREET,12,15.0
72971,1,1,130,5,9,60.0,0,N,SMALL_CITIES,ROAD,9,10.0
72972,1,5,120,5,1,60.0,0,N,MELB_URBAN,ROAD,12,15.0
72973,2,4,102,1,2,60.0,0,I,MELB_URBAN,ROAD,12,19.0
72974,1,3,99,5,1,50.0,0,N,MELB_URBAN,STREET,12,7.0
72975,1,5,121,1,1,40.0,0,I,MELB_URBAN,STREET,12,17.0
72976,1,5,110,1,2,100.0,0,I,RURAL_VICTORIA,ROAD,12,17.0
72977,1,5,147,5,1,50.0,0,N,MELB_URBAN,STREET,12,14.0
72978,1,5,99,2,1,100.0,0,I,RURAL_VICTORIA,ROAD,12,20.0
72979,1,5,99,5,1,100.0,0,N,MELB_URBAN,OTHER,12,19.0
72980,4,5,171,5,1,60.0,0,N,RURAL_VICTORIA,ROAD,12,17.0
72981,1,5,130,5,5,110.0,0,N,SMALL_CITIES,FREEWAY,12,21.0
72982,4,5,171,2,3,70.0,0,I,MELB_URBAN,HIGHWAY,12,21.0
72983,1,4,130,5,3,70.0,0,N,TOWNS,STREET,12,23.0
72984,8,4,174,5,1,60.0,1,N,MELB_URBAN,ROAD,11,13.0
72985,1,4,110,1,1,50.0,0,I,MELB_URBAN,ROAD,12,12.0
72986,4,5,171,1,3,60.0,0,I,MELB_URBAN,ROAD,12,23.0
72987,4,6,181,5,1,100.0,0,N,RURAL_VICTORIA,HIGHWAY,12,5.0
72988,1,4,147,5,1,50.0,0,N,MELB_URBAN,STREET,12,16.0
72989,2,5,102,1,1,60.0,0,I,MELB_URBAN,STREET,12,7.0
72990,2,6,102,2,1,40.0,0,I,SMALL_CITIES,OTHER,12,8.0
72991,1,6,110,1,1,60.0,0,I,MELB_URBAN,ROAD,12,9.0
72992,1,5,121,1,1,50.0,0,I,MELB_URBAN,STREET,12,8.0
72993,1,5,133,5,1,60.0,0,N,MELB_URBAN,ROAD,12,7.0
72994,1,5,121,2,1,80.0,0,I,TOWNS,ROAD,12,11.0
72995,2,6,99,5,1,70.0,0,N,MELB_URBAN,HIGHWAY,12,8.0
72996,1,6,121,2,1,80.0,0,I,MELB_URBAN,ROAD,12,12.0
72997,1,6,111,2,1,50.0,0,I,MELB_URBAN,STREET,11,16.0
72998,1,6,110,1,1,50.0,0,I,TOWNS,STREET,12,12.0
72999,1,6,130,1,1,80.0,0,I,MELB_URBAN,ROAD,12,9.0
73000,1,4,130,5,1,60.0,0,N,MELB_URBAN,ROAD,12,8.0
73001,1,6,130,5,1,50.0,0,N,LARGE_PROVINCIAL_CITIES,STREET,12,13.0
73002,1,6,130,5,1,100.0,0,N,MELB_URBAN,ROAD,12,13.0
73003,4,5,181,2,1,80.0,0,I,RURAL_VICTORIA,ROAD,12,15.0
73004,1,6,113,2,1,80.0,0,I,MELB_URBAN,ROAD,12,13.0
73005,1,6,120,2,1,60.0,0,I,MELB_URBAN,ROAD,11,6.0
73006,1,6,147,5,1,60.0,0,N,MELB_URBAN,ROAD,12,12.0
73007,4,6,181,5,1,100.0,0,N,RURAL_VICTORIA,HIGHWAY,12,15.0
73008,4,6,183,2,1,60.0,0,N,RURAL_VICTORIA,AVENUE,12,12.0
73009,1,4,133,1,3,70.0,0,I,MELB_URBAN,OTHER,12,23.0
73010,1,3,99,5,2,60.0,0,N,MELB_URBAN,ROAD,12,6.0
73011,4,6,173,5,1,100.0,0,N,MELB_URBAN,HIGHWAY,12,7.0
73012,1,6,113,4,1,80.0,0,N,MELB_URBAN,HIGHWAY,12,11.0
73013,4,6,173,5,1,40.0,0,N,MELB_URBAN,UNKNOWN,12,14.0
73014,1,4,130,5,1,60.0,0,N,MELB_URBAN,ROAD,12,16.0
73015,1,6,99,2,1,60.0,0,N,MELB_URBAN,ROAD,12,12.0
73016,8,6,170,1,1,60.0,0,I,SMALL_CITIES,STREET,12,17.0
73017,6,6,174,5,1,100.0,0,N,RURAL_VICTORIA,HIGHWAY,12,16.0
73018,1,6,130,5,1,60.0,0,N,MELB_URBAN,UNKNOWN,12,16.0
73019,1,6,110,1,1,40.0,0,I,MELB_URBAN,STREET,12,15.0
73020,4,4,171,5,3,50.0,0,N,MELB_URBAN,DRIVE,12,23.0
73021,4,6,183,5,1,100.0,1,N,RURAL_VICTORIA,HIGHWAY,12,15.0
73022,1,6,160,5,2,60.0,0,N,MELB_URBAN,ROAD,12,20.0
73023,2,5,100,2,1,60.0,0,I,MELB_URBAN,UNKNOWN,12,14.0
73024,1,6,130,4,3,60.0,0,I,LARGE_PROVINCIAL_CITIES,ROAD,12,22.0
73025,1,6,130,5,1,60.0,0,N,MELB_URBAN,ROAD,12,18.0
73026,4,6,171,5,5,80.0,0,N,RURAL_VICTORIA,ROAD,12,22.0
73027,4,6,181,5,2,100.0,0,N,RURAL_VICTORIA,ROAD,12,19.0
73028,4,6,173,5,3,60.0,1,N,MELB_URBAN,ROAD,12,23.0
73029,1,6,183,5,3,50.0,0,N,TOWNS,STREET,12,2.0
73030,1,0,121,2,1,60.0,0,I,MELB_URBAN,PARADE,12,11.0
73031,2,6,100,2,1,60.0,0,I,MELB_URBAN,ROAD,12,10.0
73032,1,7,133,5,2,110.0,0,N,RURAL_VICTORIA,FREEWAY,12,6.0
73033,4,6,183,5,6,60.0,0,N,MELB_URBAN,ROAD,12,21.0
73034,1,7,121,1,1,100.0,0,I,RURAL_VICTORIA,HIGHWAY,12,9.0
73035,1,7,160,5,1,50.0,0,N,MELB_URBAN,OTHER,12,10.0
73036,4,7,183,5,1,80.0,0,N,RURAL_VICTORIA,ROAD,12,10.0
73037,1,7,110,1,1,60.0,0,I,MELB_URBAN,STREET,12,10.0
73038,1,7,113,2,1,80.0,0,I,MELB_URBAN,HIGHWAY,12,10.0
73039,1,7,133,5,2,60.0,0,N,SMALL_CITIES,ROAD,12,6.0
73040,4,5,173,5,5,70.0,0,N,MELB_URBAN,UNKNOWN,12,21.0
73041,4,7,173,5,1,100.0,0,N,RURAL_VICTORIA,ROAD,12,10.0
73042,1,7,140,5,1,80.0,0,I,MELB_URBAN,ROAD,12,10.0
73043,6,6,170,5,1,100.0,0,N,RURAL_VICTORIA,ROAD,12,10.0
73044,4,4,171,5,1,50.0,0,N,MELB_URBAN,STREET,12,12.0
73045,1,6,110,1,1,60.0,0,I,MELB_URBAN,STREET,12,13.0
73046,1,6,130,5,1,60.0,0,N,MELB_URBAN,ROAD,12,11.0
73047,6,7,184,5,1,100.0,0,N,RURAL_VICTORIA,ROAD,12,9.0
73048,1,7,110,4,1,100.0,0,I,RURAL_VICTORIA,HIGHWAY,12,11.0
73049,2,7,99,5,1,50.0,0,N,SMALL_CITIES,STREET,12,15.0
73050,8,6,170,5,1,60.0,0,N,RURAL_VICTORIA,ROAD,12,20.0
73051,4,7,99,2,1,80.0,0,N,TOWNS,ROAD,12,15.0