,accident_type,day_of_week,dca_code,road_geometry,light_condition,speed_zone,severity,node_type,deg_urban_name,road_type,month,hour
73052,4,7,171,5,1,60.0,0,N,LARGE_PROVINCIAL_CITIES,STREET,12,17.0
73053,1,4,130,5,1,80.0,0,N,MELB_URBAN,OTHER,12,9.0
73054,1,7,121,1,1,40.0,0,I,MELBOURNE_CBD,STREET,12,17.0
73055,4,7,171,5,1,100.0,0,N,RURAL_VICTORIA,ROAD,12,17.0
73056,1,7,140,5,1,100.0,0,N,RURAL_VICTORIA,ROAD,12,13.0
73057,1,7,147,5,1,50.0,0,N,MELB_URBAN,STREET,12,18.0
73058,1,3,113,2,1,40.0,0,I,MELB_URBAN,STREET,12,7.0
73059,1,7,120,5,2,80.0,0,N,MELB_URBAN,ROAD,12,20.0
73060,1,7,160,5,2,50.0,0,N,LARGE_PROVINCIAL_CITIES,AVENUE,12,20.0
73061,1,7,99,1,1,50.0,0,I,MELB_URBAN,STREET,12,19.0
73062,1,7,110,1,1,50.0,0,I,MELB_URBAN,ROAD,12,17.0
73063,1,7,120,5,1,90.0,0,N,RURAL_VICTORIA,ROAD,12,15.0
73064,1,7,110,1,1,60.0,1,I,SMALL_TOWNS,ROAD,12,19.0
73065,8,7,174,5,3,80.0,0,N,LARGE_PROVINCIAL_CITIES,OTHER,12,23.0
73066,1,7,99,5,2,50.0,0,N,MELB_URBAN,UNKNOWN,12,19.0
73067,4,7,99,2,3,60.0,0,I,RURAL_VICTORIA,ROAD,12,23.0
73068,4,0,99,2,5,50.0,0,I,MELB_URBAN,ROAD,12,3.0
73069,3,1,167,5,5,100.0,1,N,RURAL_VICTORIA,ROAD,12,1.0
73070,4,1,171,2,1,60.0,0,I,MELB_URBAN,STREET,12,7.0
73071,1,1,110,1,1,60.0,0,I,MELB_URBAN,ROAD,12,8.0
73072,8,6,170,5,1,80.0,0,N,RURAL_VICTORIA,ROAD,12,17.0
73073,1,1,130,5,1,60.0,0,N,RURAL_VICTORIA,ROAD,12,8.0
73074,4,1,181,5,1,80.0,0,N,RURAL_VICTORIA,HIGHWAY,12,7.0
73075,1,1,99,5,1,40.0,0,N,MELB_URBAN,ROAD,12,10.0
73076,4,1,181,5,1,70.0,0,N,RURAL_VICTORIA,ROAD,12,8.0
73077,1,6,113,1,1,60.0,0,I,RURAL_VICTORIA,HIGHWAY,12,16.0
73078,1,1,121,4,1,80.0,0,I,MELB_URBAN,RAMP,12,10.0
73079,1,0,121,5,1,60.0,0,N,MELB_URBAN,ROAD,12,11.0
73080,8,1,99,5,1,100.0,0,N,RURAL_VICTORIA,HIGHWAY,12,13.0
73081,3,1,167,5,1,100.0,0,N,RURAL_VICTORIA,ROAD,12,13.0
73082,1,1,110,1,1,60.0,0,I,SMALL_CITIES,STREET,12,12.0
73083,1,1,121,1,1,60.0,0,I,MELB_URBAN,STREET,12,14.0
73084,8,0,174,5,1,60.0,0,N,RURAL_VICTORIA,AVENUE,12,13.0
73085,1,7,130,5,1,80.0,0,N,MELB_URBAN,FREEWAY,11,15.0
73086,1,1,113,2,1,70.0,0,I,MELB_URBAN,ROAD,12,16.0
73087,4,1,181,5,1,100.0,0,N,RURAL_VICTORIA,OTHER,12,16.0
73088,1,1,130,5,1,60.0,0,N,MELB_URBAN,ROAD,12,18.0
73089,1,1,113,2,1,100.0,0,I,RURAL_VICTORIA,ROAD,12,15.0
73090,1,0,116,1,1,100.0,0,I,RURAL_VICTORIA,ROAD,12,18.0
73091,1,1,111,1,1,60.0,0,I,MELB_URBAN,ROAD,12,18.0
73092,4,1,171,5,1,100.0,0,N,RURAL_VICTORIA,ROAD,12,19.0
73093,4,1,183,5,1,100.0,0,N,TOWNS,STREET,12,16.0
73094,4,1,181,5,1,50.0,0,N,MELB_URBAN,OTHER,12,19.0
73095,4,1,171,5,4,100.0,0,N,MELB_URBAN,ROAD,12,22.0
73096,5,2,99,1,1,80.0,0,I,MELB_URBAN,ROAD,8,12.0
73097,2,1,99,2,1,40.0,0,N,MELB_URBAN,STREET,12,10.0
73098,3,4,167,5,2,100.0,0,N,RURAL_VICTORIA,ROAD,12,5.0
73099,1,4,130,5,1,70.0,0,N,MELB_URBAN,UNKNOWN,12,16.0
73100,4,1,181,5,5,100.0,0,N,RURAL_VICTORIA,HIGHWAY,12,5.0
73101,1,0,99,1,1,60.0,0,I,MELB_URBAN,ROAD,12,9.0
73102,6,1,174,1,1,50.0,0,I,SMALL_TOWNS,HIGHWAY,12,16.0
73103,1,1,110,1,1,60.0,0,I,SMALL_CITIES,ROAD,10,11.0
73104,8,2,99,5,1,80.0,0,N,RURAL_VICTORIA,ROAD,12,7.0
73105,4,2,181,5,1,100.0,0,N,RURAL_VICTORIA,HIGHWAY,12,9.0
73106,2,2,100,1,1,60.0,0,I,MELB_URBAN,ROAD,12,10.0
73107,4,6,171,2,1,60.0,0,I,MELB_URBAN,ROAD,11,18.0
73108,6,1,170,5,1,100.0,0,N,RURAL_VICTORIA,OTHER,12,11.0
73109,1,1,121,5,1,80.0,0,N,MELB_URBAN,HIGHWAY,12,10.0
73110,1,2,134,5,1,80.0,0,N,MELB_URBAN,ROAD,12,10.0
73111,4,2,171,5,1,100.0,0,N,RURAL_VICTORIA,ROAD,12,9.0
73112,4,2,171,5,1,100.0,0,N,RURAL_VICTORIA,ROAD,12,9.0
73113,1,1,132,2,1,100.0,0,I,RURAL_VICTORIA,ROAD,12,13.0
73114,4,2,173,5,1,60.0,0,N,MELB_URBAN,ROAD,12,13.0
73115,1,2,130,1,1,60.0,0,N,MELB_URBAN,ROAD,12,12.0
73116,1,2,132,5,1,60.0,0,N,SMALL_TOWNS,HIGHWAY,12,14.0
73117,8,6,184,2,1,40.0,0,I,RURAL_VICTORIA,ROAD,12,12.0
73118,1,2,113,2,1,90.0,0,I,RURAL_VICTORIA,ROAD,12,15.0
73119,1,7,111,2,1,100.0,0,I,RURAL_VICTORIA,ROAD,12,11.0
73120,1,2,120,2,1,60.0,0,I,MELB_URBAN,STREET,12,13.0
73121,4,1,181,5,1,50.0,0,N,MELB_URBAN,BOULEVARD,12,10.0
73122,1,2,133,5,1,100.0,0,N,MELB_URBAN,FREEWAY,12,15.0
73123,4,2,181,5,1,80.0,0,N,SMALL_CITIES,ROAD,12,16.0
73124,1,1,110,1,1,60.0,0,I,MELB_URBAN,STREET,12,15.0
73125,8,3,174,5,1,60.0,0,N,MELB_URBAN,STREET,12,9.0
73126,1,2,130,5,1,60.0,0,N,RURAL_VICTORIA,ROAD,12,9.0
73127,1,2,121,2,1,60.0,0,N,MELB_URBAN,ROAD,12,18.0
73128,1,2,130,5,1,60.0,0,N,MELB_URBAN,ROAD,12,17.0
73129,4,2,181,5,1,70.0,0,N,RURAL_VICTORIA,ROAD,12,17.0
73130,1,2,120,2,1,40.0,0,I,MELB_URBAN,ROAD,12,19.0
73131,1,2,147,5,1,60.0,0,N,MELB_URBAN,ROAD,12,19.0
73132,4,2,183,5,1,100.0,0,N,RURAL_VICTORIA,HIGHWAY,12,19.0
73133,1,1,121,2,3,70.0,0,I,MELB_URBAN,ROAD,12,0.0
73134,1,2,140,5,1,60.0,0,N,LARGE_PROVINCIAL_CITIES,STREET,12,17.0
73135,1,2,130,5,3,60.0,0,N,TOWNS,HIGHWAY,12,21.0
73136,4,5,171,2,1,60.0,0,I,RURAL_VICTORIA,ROAD,11,18.0
73137,4,1,171,5,5,100.0,0,N,RURAL_VICTORIA,ROAD,12,22.0
73138,8,5,174,1,1,60.0,0,I,TOWNS,STREET,12,14.0
73139,4,3,173,5,3,50.0,0,N,MELB_URBAN,DRIVE,12,1.0
73140,4,2,173,5,1,100.0,0,N,RURAL_VICTORIA,HIGHWAY,12,6.0
73141,4,3,171,4,1,80.0,0,N,RURAL_VICTORIA,HIGHWAY,12,7.0
73142,8,5,99,1,9,60.0,0,I,MELB_URBAN,ROAD,12,1.0
73143,4,3,183,2,2,60.0,0,I,RURAL_VICTORIA,ROAD,12,7.0
73144,1,2,121,1,1,60.0,0,I,MELB_URBAN,ROAD,12,6.0
73145,1,3,130,5,1,60.0,0,N,MELB_URBAN,ROAD,12,18.0
73146,1,3,120,5,1,60.0,0,N,MELB_URBAN,ROAD,12,9.0
73147,1,3,120,5,1,70.0,0,N,RURAL_VICTORIA,ROAD,12,9.0
73148,1,2,140,5,1,60.0,0,N,MELB_URBAN,ROAD,12,8.0
73149,1,3,121,1,1,60.0,0,I,MELB_URBAN,ROAD,12,10.0
73150,4,2,183,5,1,100.0,0,N,RURAL_VICTORIA,OTHER,12,7.0
73151,2,6,100,5,3,60.0,0,N,MELB_URBAN,ROAD,12,23.0
73152,1,2,113,2,1,70.0,0,I,MELB_URBAN,ROAD,12,8.0
73153,5,0,99,2,1,60.0,0,N,RURAL_VICTORIA,ROAD,11,11.0
73154,1,2,130,5,1,60.0,0,N,MELB_URBAN,FREEWAY,12,11.0
73155,1,2,147,5,1,80.0,0,N,MELB_URBAN,ROAD,12,11.0
73156,1,3,99,5,1,60.0,0,N,MELB_URBAN,ROAD,12,11.0
73157,3,2,167,5,1,100.0,0,N,RURAL_VICTORIA,ROAD,12,9.0
73158,1,1,132,2,1,60.0,0,I,MELB_URBAN,ROAD,12,19.0
73159,1,3,130,5,1,50.0,0,N,MELB_URBAN,STREET,12,8.0
73160,1,2,130,1,1,80.0,0,I,MELB_URBAN,ROAD,12,10.0
73161,4,1,171,5,5,60.0,0,N,RURAL_VICTORIA,ROAD,12,0.0
73162,1,4,147,5,1,60.0,0,N,MELB_URBAN,UNKNOWN,11,8.0
73163,1,3,130,4,2,80.0,0,I,MELB_URBAN,RAMP,11,19.0
73164,1,3,130,5,1,60.0,0,N,MELB_URBAN,ROAD,12,12.0
73165,1,6,130,5,1,60.0,0,N,MELB_URBAN,ROAD,12,11.0
73166,1,6,130,1,1,60.0,0,I,MELB_URBAN,ROAD,12,14.0
73167,1,3,110,1,1,50.0,0,I,TOWNS,STREET,12,15.0
73168,4,3,171,5,1,50.0,0,N,MELB_URBAN,OTHER,12,16.0
73169,1,2,130,5,2,60.0,0,N,MELB_URBAN,HIGHWAY,12,6.0
73170,1,2,113,2,1,80.0,0,I,MELB_URBAN,ROAD,12,16.0
73171,1,2,130,2,1,60.0,0,N,MELB_URBAN,DRIVE,12,18.0
73172,1,2,116,2,1,80.0,0,N,RURAL_VICTORIA,ROAD,12,15.0
73173,1,3,133,5,1,60.0,0,N,RURAL_VICTORIA,ROAD,12,16.0
73174,1,3,113,2,1,60.0,0,I,MELB_URBAN,ROAD,12,15.0
73175,1,3,110,1,1,60.0,0,I,MELB_URBAN,ROAD,12,18.0
73176,1,2,120,5,1,80.0,0,N,MELB_URBAN,ROAD,12,17.0
73177,1,3,130,5,1,80.0,0,N,RURAL_VICTORIA,HIGHWAY,12,14.0
73178,1,5,110,1,1,60.0,0,I,LARGE_PROVINCIAL_CITIES,ROAD,11,15.0
73179,2,3,102,5,5,100.0,0,N,RURAL_VICTORIA,HIGHWAY,12,22.0
73180,1,2,99,1,3,60.0,0,I,MELB_URBAN,DRIVE,12,22.0
73181,4,3,171,5,5,100.0,0,N,RURAL_VICTORIA,ROAD,12,22.0
73182,1,3,99,1,1,60.0,0,I,LARGE_PROVINCIAL_CITIES,STREET,12,16.0
73183,1,2,130,5,1,80.0,0,N,MELB_URBAN,ROAD,12,9.0
73184,1,2,130,1,1,60.0,0,I,MELB_URBAN,ROAD,12,17.0
73185,1,4,121,1,1,40.0,0,I,MELB_URBAN,STREET,12,7.0
73186,1,2,163,5,1,60.0,0,N,MELB_URBAN,STREET,12,9.0
73187,1,4,133,5,1,100.0,0,N,MELB_URBAN,FREEWAY,12,7.0
73188,2,4,100,5,1,70.0,0,N,SMALL_CITIES,PARADE,12,9.0
73189,1,4,99,2,1,50.0,0,I,MELB_URBAN,DRIVE,12,8.0
73190,2,6,100,1,1,60.0,0,I,MELB_URBAN,ROAD,12,10.0
73191,1,3,113,2,1,60.0,0,I,MELB_URBAN,ROAD,12,10.0
73192,1,3,110,1,1,50.0,0,I,MELB_URBAN,DRIVE,12,10.0
73193,1,3,121,2,1,80.0,0,I,RURAL_VICTORIA,ROAD,12,9.0
73194,6,0,174,2,1,60.0,0,N,RURAL_VICTORIA,ROAD,12,10.0
73195,1,4,110,1,1,70.0,0,I,RURAL_VICTORIA,ROAD,12,13.0
73196,1,4,130,5,1,70.0,0,N,LARGE_PROVINCIAL_CITIES,HIGHWAY,12,12.0
73197,1,4,121,1,1,50.0,0,I,SMALL_CITIES,AVENUE,12,15.0
73198,1,2,113,2,1,80.0,0,N,TOWNS,ROAD,11,11.0
73199,1,4,113,2,1,60.0,0,I,SMALL_CITIES,STREET,12,9.0
73200,1,7,130,5,1,80.0,0,N,MELB_URBAN,HIGHWAY,11,18.0
73201,1,2,130,5,9,80.0,0,N,MELB_URBAN,ROAD,10,17.0
73202,8,1,174,2,1,60.0,0,I,MELB_URBAN,STREET,12,15.0
73203,1,4,113,2,1,80.0,0,I,MELB_URBAN,HIGHWAY,12,11.0
73204,1,5,147,5,1,60.0,0,N,MELB_URBAN,ROAD,11,14.0
73205,1,4,113,2,1,60.0,0,I,MELB_URBAN,ROAD,12,13.0
73206,1,7,130,2,1,60.0,0,I,MELB_URBAN,ROAD,12,15.0
73207,2,1,100,5,2,60.0,0,N,RURAL_VICTORIA,DRIVE,11,19.0
73208,4,4,173,5,1,60.0,0,N,TOWNS,AVENUE,12,17.0
73209,1,4,121,5,1,60.0,0,N,MELB_URBAN,ROAD,12,15.0
73210,1,3,133,1,1,60.0,0,I,MELB_URBAN,RAMP,12,17.0
73211,1,4,110,1,1,50.0,0,I,MELB_URBAN,STREET,12,18.0
73212,1,4,130,5,1,60.0,0,N,LARGE_PROVINCIAL_CITIES,STREET,12,18.0
73213,2,4,100,1,1,50.0,0,I,MELB_URBAN,AVENUE,12,19.0
73214,1,4,121,5,1,50.0,0,N,MELB_URBAN,DRIVE,12,17.0
73215,1,4,120,5,1,60.0,0,N,RURAL_VICTORIA,ROAD,12,18.0
73216,1,4,110,1,1,50.0,0,I,MELB_URBAN,STREET,12,19.0
73217,4,4,181,5,1,50.0,0,N,MELB_URBAN,ROAD,12,19.0
73218,1,4,140,2,3,80.0,0,N,MELB_URBAN,OTHER,12,21.0
73219,4,4,181,5,3,60.0,0,N,TOWNS,ROAD,12,22.0
73220,1,4,120,2,1,60.0,0,I,MELB_URBAN,ROAD,12,15.0
73221,1,3,120,5,1,30.0,0,O,MELB_URBAN,UNKNOWN,12,16.0
73222,1,5,163,5,9,40.0,0,N,MELB_URBAN,ROAD,12,17.0
73223,6,4,99,5,1,100.0,0,N,RURAL_VICTORIA,ROAD,12,16.0
73224,1,6,147,5,1,50.0,0,N,MELB_URBAN,AVENUE,12,13.0
73225,8,5,184,5,1,80.0,0,N,RURAL_VICTORIA,HIGHWAY,12,14.0
73226,1,1,130,1,1,60.0,0,I,MELB_URBAN,STREET,12,12.0
73227,1,4,160,5,1,60.0,0,N,LARGE_PROVINCIAL_CITIES,STREET,12,17.0
73228,1,5,121,5,1,40.0,0,N,MELB_URBAN,ROAD,12,9.0
73229,3,5,167,5,1,100.0,0,N,RURAL_VICTORIA,HIGHWAY,12,10.0
73230,2,5,100,5,1,40.0,0,N,MELB_URBAN,STREET,12,10.0
73231,1,5,110,1,1,60.0,0,I,SMALL_CITIES,ROAD,12,10.0
73232,5,7,99,5,4,80.0,0,N,MELB_URBAN,FREEWAY,12,0.0
73233,1,5,110,1,1,60.0,0,I,MELB_URBAN,STREET,12,10.0
73234,2,4,99,2,1,50.0,0,I,MELB_URBAN,OTHER,12,11.0
73235,6,7,174,5,1,60.0,0,N,RURAL_VICTORIA,ROAD,12,10.0
73236,4,5,171,5,1,80.0,0,N,RURAL_VICTORIA,ROAD,12,11.0
73237,8,7,99,1,9,60.0,0,I,MELB_URBAN,ROAD,12,15.0
73238,3,4,167,1,5,60.0,0,I,SMALL_TOWNS,STREET,12,22.0
73239,1,5,120,5,1,60.0,0,N,MELB_URBAN,ROAD,12,11.0
73240,4,5,181,5,1,60.0,0,N,RURAL_VICTORIA,ROAD,12,12.0
73241,1,5,130,5,1,60.0,0,N,MELB_URBAN,ROAD,12,11.0
73242,1,5,99,2,9,40.0,0,N,MELBOURNE_CBD,STREET,12,6.0
73243,1,5,130,5,1,100.0,0,N,MELB_URBAN,FREEWAY,12,11.0
73244,8,3,174,2,1,80.0,0,I,MELB_URBAN,HIGHWAY,12,17.0
73245,2,4,102,5,1,60.0,0,N,MELB_URBAN,UNKNOWN,12,15.0
73246,1,4,130,5,1,60.0,0,N,MELB_URBAN,ROAD,12,7.0
73247,8,5,174,5,1,50.0,0,N,TOWNS,AVENUE,12,13.0
73248,1,4,130,5,3,40.0,0,N,MELB_URBAN,FREEWAY,12,22.0
73249,2,4,100,2,1,50.0,0,I,MELB_URBAN,STREET,12,15.0
73250,1,5,132,2,1,70.0,0,I,LARGE_PROVINCIAL_CITIES,ROAD,12,14.0
73251,1,5,132,2,1,60.0,0,I,MELB_URBAN,ROAD,12,15.0
73252,1,2,147,2,9,60.0,0,N,MELB_URBAN,ROAD,12,16.0
73253,1,5,120,2,1,60.0,0,N,MELB_URBAN,ROAD,12,14.0
73254,1,4,135,4,1,60.0,0,N,MELB_URBAN,STREET,12,14.0
73255,1,5,130,5,1,60.0,0,N,MELB_URBAN,ROAD,12,16.0
73256,4,5,173,1,1,60.0,0,I,MELB_URBAN,ROAD,12,14.0
73257,8,5,174,2,1,50.0,0,I,MELB_URBAN,STREET,12,9.0
73258,4,5,171,5,1,60.0,0,N,LARGE_PROVINCIAL_CITIES,ROAD,12,16.0
73259,1,5,133,5,1,100.0,0,N,MELB_URBAN,ROAD,12,18.0
73260,1,1,130,5,1,60.0,0,N,MELB_URBAN,PARADE,11,7.0
73261,1,4,140,5,1,80.0,0,N,MELB_URBAN,HIGHWAY,12,19.0
73262,1,5,110,1,2,50.0,0,I,MELB_URBAN,STREET,12,19.0
73263,1,4,140,5,1,60.0,0,N,SMALL_CITIES,ROAD,12,17.0
73264,1,5,110,1,1,60.0,0,I,MELB_URBAN,AVENUE,12,19.0
73265,1,3,160,5,1,50.0,0,N,RURAL_VICTORIA,BOULEVARD,11,8.0
73266,1,5,99,2,2,50.0,0,I,MELB_URBAN,AVENUE,12,20.0
73267,4,5,171,5,1,100.0,0,N,MELB_URBAN,RAMP,12,16.0
73268,1,5,130,5,5,100.0,0,N,RURAL_VICTORIA,OTHER,12,2.0
73269,1,5,121,5,1,80.0,0,I,MELB_URBAN,ROAD,12,20.0
73270,1,5,121,2,3,60.0,0,I,SMALL_CITIES,DRIVE,12,23.0
73271,4,5,183,5,5,100.0,0,N,RURAL_VICTORIA,ROAD,12,0.0
73272,1,6,130,5,5,100.0,0,N,MELB_URBAN,ROAD,12,0.0
73273,7,6,99,5,3,60.0,0,N,TOWNS,DRIVE,12,3.0
73274,1,5,99,5,1,40.0,0,N,MELBOURNE_CBD,STREET,12,14.0
73275,1,6,120,5,2,50.0,0,N,MELB_URBAN,ROAD,12,5.0
73276,4,3,171,5,1,60.0,0,N,MELB_URBAN,ROAD,12,10.0
73277,6,4,170,5,1,50.0,0,N,MELB_URBAN,ROAD,12,19.0
73278,8,6,99,5,3,50.0,0,N,MELB_URBAN,DRIVE,5,2.0
73279,1,6,111,2,1,60.0,0,I,MELB_URBAN,STREET,11,11.0
73280,5,1,99,5,1,60.0,0,N,RURAL_VICTORIA,ROAD,12,11.0
73281,1,6,116,1,1,110.0,0,I,RURAL_VICTORIA,FREEWAY,12,8.0
73282,1,6,113,2,1,60.0,0,I,RURAL_VICTORIA,ROAD,12,10.0
73283,1,5,110,1,1,50.0,0,I,TOWNS,AVENUE,12,11.0
73284,1,6,130,5,1,80.0,0,N,MELB_URBAN,UNKNOWN,12,12.0
73285,1,6,110,1,1,80.0,0,I,MELB_URBAN,HIGHWAY,12,10.0
73286,6,5,99,1,1,80.0,0,I,RURAL_VICTORIA,ROAD,12,12.0
73287,1,2,99,2,1,40.0,0,I,TOWNS,STREET,12,15.0
73288,1,1,132,2,3,40.0,0,I,MELB_URBAN,STREET,9,21.0
73289,3,2,167,5,9,110.0,0,N,TOWNS,FREEWAY,12,5.0
73290,1,4,110,1,9,60.0,0,I,MELB_URBAN,OTHER,10,17.0
73291,1,6,130,5,1,60.0,0,N,MELB_URBAN,STREET,12,14.0
73292,1,6,121,2,1,60.0,0,I,MELB_URBAN,ROAD,12,13.0
73293,1,5,147,5,1,50.0,0,N,MELB_URBAN,ROAD,12,13.0
73294,1,2,110,1,3,60.0,0,I,LARGE_PROVINCIAL_CITIES,ROAD,7,6.0
73295,1,5,130,2,1,80.0,0,I,MELB_URBAN,HIGHWAY,12,16.0
73296,1,6,99,5,1,50.0,0,N,MELB_URBAN,AVENUE,12,17.0
73297,1,6,147,2,1,60.0,0,I,MELB_URBAN,ROAD,12,15.0
73298,1,6,120,2,1,50.0,0,I,MELB_URBAN,STREET,12,15.0
73299,1,6,120,5,1,100.0,0,N,RURAL_VICTORIA,ROAD,12,15.0
73300,1,6,130,5,1,40.0,0,N,MELB_URBAN,ROAD,12,17.0
73301,4,6,173,5,1,100.0,0,N,RURAL_VICTORIA,HIGHWAY,12,17.0
73302,1,6,121,1,3,60.0,0,I,SMALL_CITIES,STREET,12,21.0
73303,1,6,160,5,1,50.0,0,N,MELB_URBAN,STREET,12,12.0
73304,1,6,113,2,3,60.0,0,I,MELB_URBAN,ROAD,12,20.0
73305,1,7,110,1,3,40.0,0,I,MELBOURNE_CBD,STREET,12,0.0
73306,4,6,171,5,3,50.0,0,N,MELB_URBAN,STREET,12,22.0
73307,4,7,99,5,3,50.0,0,I,MELB_URBAN,ROAD,12,3.0
73308,4,7,171,5,3,50.0,0,N,MELB_URBAN,DRIVE,12,1.0
73309,4,7,171,5,5,80.0,0,N,RURAL_VICTORIA,AVENUE,12,4.0
73310,1,3,130,2,1,60.0,0,I,MELB_URBAN,STREET,12,11.0
73311,4,4,171,5,1,100.0,0,N,RURAL_VICTORIA,ROAD,12,8.0
73312,8,1,170,2,1,60.0,0,I,RURAL_VICTORIA,ROAD,12,11.0
73313,2,4,99,5,6,70.0,0,N,MELB_URBAN,ROAD,12,22.0
73314,1,6,120,5,1,80.0,0,N,MELB_URBAN,ROAD,12,11.0
73315,2,3,100,5,1,50.0,0,N,MELB_URBAN,ROAD,12,9.0
73316,8,4,174,2,3,70.0,0,I,MELB_URBAN,ROAD,12,22.0
73317,1,5,130,5,1,80.0,0,N,MELB_URBAN,ROAD,12,16.0
73318,1,1,130,5,1,60.0,0,N,LARGE_PROVINCIAL_CITIES,STREET,12,17.0
73319,1,7,121,1,1,50.0,0,I,MELB_URBAN,AVENUE,12,11.0
73320,6,6,174,5,1,100.0,0,N,RURAL_VICTORIA,ROAD,12,11.0
73321,1,7,113,2,1,60.0,0,I,MELB_URBAN,ROAD,12,9.0
73322,1,6,120,5,1,70.0,0,N,RURAL_VICTORIA,ROAD,12,11.0
73323,4,7,99,2,1,60.0,0,I,RURAL_VICTORIA,ROAD,12,8.0
73324,1,7,121,1,1,50.0,0,I,MELB_URBAN,ROAD,12,14.0
73325,4,7,183,5,1,100.0,0,N,RURAL_VICTORIA,ROAD,12,14.0
73326,1,7,121,1,1,50.0,0,I,SMALL_CITIES,AVENUE,12,14.0
73327,6,7,174,5,1,110.0,0,N,RURAL_VICTORIA,FREEWAY,12,16.0
73328,1,7,130,5,1,60.0,0,N,MELB_URBAN,ROAD,12,16.0
73329,1,7,130,5,1,60.0,0,N,MELB_URBAN,ROAD,12,16.0
73330,1,7,130,2,1,80.0,0,I,MELB_URBAN,ROAD,12,14.0
73331,1,7,113,2,1,100.0,0,I,RURAL_VICTORIA,HIGHWAY,12,18.0
73332,6,7,174,5,5,80.0,0,N,RURAL_VICTORIA,ROAD,12,23.0
73333,4,0,171,5,3,100.0,0,N,SMALL_CITIES,ROAD,12,0.0
73334,4,1,99,2,3,80.0,0,I,RURAL_VICTORIA,ROAD,12,3.0
73335,4,1,171,5,1,100.0,0,N,RURAL_VICTORIA,ROAD,11,15.0
73336,4,1,183,5,5,80.0,0,N,RURAL_VICTORIA,ROAD,12,1.0
73337,1,7,120,5,1,60.0,0,N,RURAL_VICTORIA,ROAD,12,17.0
73338,2,1,100,5,1,40.0,0,N,MELB_URBAN,STREET,12,10.0
73339,4,1,173,5,1,60.0,0,N,LARGE_PROVINCIAL_CITIES,STREET,12,10.0
73340,1,1,130,5,1,100.0,0,N,RURAL_VICTORIA,ROAD,12,10.0
73341,4,1,181,5,2,60.0,1,N,SMALL_TOWNS,STREET,12,5.0
73342,1,1,140,2,1,80.0,0,I,MELB_URBAN,ROAD,12,11.0
73343,8,6,99,5,3,60.0,0,N,LARGE_PROVINCIAL_CITIES,HIGHWAY,12,23.0
73344,1,1,120,5,1,80.0,0,N,RURAL_VICTORIA,ROAD,12,11.0
73345,1,1,99,5,1,50.0,0,N,MELB_URBAN,ROAD,12,14.0
73346,1,0,99,5,1,50.0,0,N,LARGE_PROVINCIAL_CITIES,ROAD,12,17.0
73347,1,1,121,2,1,60.0,0,N,TOWNS,HIGHWAY,12,17.0
73348,1,0,99,5,1,50.0,0,N,MELB_URBAN,STREET,12,17.0
73349,1,1,99,2,1,60.0,0,I,MELB_URBAN,ROAD,12,19.0
73350,1,0,130,5,1,80.0,0,N,MELB_URBAN,ROAD,12,13.0
73351,1,1,130,5,1,70.0,0,N,TOWNS,HIGHWAY,12,19.0
73352,1,2,121,2,3,60.0,0,I,MELB_URBAN,OTHER,12,0.0
73353,8,1,99,9,1,100.0,0,N,RURAL_VICTORIA,ROAD,12,6.0
73354,6,1,99,5,1,100.0,0,N,RURAL_VICTORIA,ROAD,12,11.0
73355,1,1,113,2,3,80.0,0,I,RURAL_VICTORIA,HIGHWAY,12,21.0
73356,1,2,147,5,1,60.0,0,N,MELB_URBAN,OTHER,12,9.0
73357,4,7,99,5,5,100.0,0,N,RURAL_VICTORIA,ROAD,12,1.0
73358,1,2,130,5,1,80.0,0,N,MELB_URBAN,UNKNOWN,12,12.0
73359,1,1,113,2,1,60.0,0,I,MELB_URBAN,STREET,12,12.0
73360,1,2,99,5,1,50.0,0,N,MELB_URBAN,STREET,12,10.0
73361,1,4,130,5,3,80.0,0,N,MELB_URBAN,ROAD,7,17.0
73362,1,2,120,5,1,100.0,0,N,RURAL_VICTORIA,HIGHWAY,12,13.0
73363,1,1,120,5,1,80.0,0,N,MELB_URBAN,ROAD,12,15.0
73364,2,2,99,5,1,60.0,0,N,MELB_URBAN,ROAD,12,15.0
73365,1,2,130,2,9,60.0,0,I,MELB_URBAN,ROAD,8,17.0
73366,4,2,173,1,1,40.0,0,I,MELB_URBAN,ROAD,12,16.0
73367,6,2,174,5,1,40.0,0,N,MELB_URBAN,ROAD,12,18.0
73368,4,2,183,5,1,100.0,0,N,RURAL_VICTORIA,ROAD,12,17.0
73369,4,2,181,5,1,60.0,0,N,MELB_URBAN,OTHER,12,17.0
73370,6,2,174,5,1,50.0,0,N,SMALL_TOWNS,DRIVE,12,19.0
73371,1,5,130,1,1,60.0,0,I,MELB_URBAN,STREET,12,16.0
73372,4,1,173,5,1,50.0,0,N,MELB_URBAN,STREET,12,14.0
73373,1,2,110,1,1,80.0,1,I,LARGE_PROVINCIAL_CITIES,ROAD,12,16.0
73374,1,2,160,2,1,40.0,0,N,MELB_URBAN,ROAD,12,15.0
73375,1,2,130,5,1,80.0,0,N,MELB_URBAN,HIGHWAY,12,20.0
73376,1,1,120,5,1,60.0,0,N,MELB_URBAN,ROAD,12,15.0
73377,4,2,183,5,2,80.0,0,N,RURAL_VICTORIA,ROAD,12,5.0