,accident_type,day_of_week,dca_code,road_geometry,light_condition,speed_zone,severity,node_type,deg_urban_name,road_type,month,hour
73378,1,1,110,4,3,60.0,0,I,MELB_URBAN,ROAD,12,22.0
73379,1,6,140,2,1,60.0,0,I,MELB_URBAN,ROAD,12,13.0
73380,1,1,121,1,3,60.0,0,I,MELB_URBAN,ROAD,12,23.0
73381,1,3,110,1,3,60.0,0,I,MELB_URBAN,STREET,12,0.0
73382,4,3,171,5,6,100.0,0,N,MELB_URBAN,UNKNOWN,12,1.0
73383,4,2,181,5,3,50.0,0,N,MELB_URBAN,OTHER,12,4.0
73384,4,3,181,2,2,100.0,0,I,RURAL_VICTORIA,ROAD,12,5.0
73385,4,2,171,2,1,80.0,0,N,RURAL_VICTORIA,ROAD,12,17.0
73386,4,7,173,2,3,50.0,0,N,MELB_URBAN,STREET,12,23.0
73387,8,7,99,5,1,60.0,0,N,SMALL_CITIES,ROAD,12,12.0
73388,1,7,160,5,1,50.0,0,N,MELB_URBAN,DRIVE,12,15.0
73389,1,2,113,2,1,50.0,0,I,SMALL_CITIES,OTHER,12,11.0
73390,8,7,174,5,1,60.0,0,N,RURAL_VICTORIA,OTHER,12,9.0
73391,4,3,173,5,1,100.0,0,N,RURAL_VICTORIA,FREEWAY,12,10.0
73392,4,3,173,5,1,100.0,1,N,RURAL_VICTORIA,ROAD,12,5.0
73393,1,2,116,2,9,60.0,0,I,MELB_URBAN,ROAD,7,7.0
73394,1,7,121,1,1,60.0,0,I,MELB_URBAN,STREET,12,17.0
73395,8,3,99,5,1,100.0,0,N,RURAL_VICTORIA,ROAD,12,11.0
73396,4,3,173,5,1,60.0,0,N,LARGE_PROVINCIAL_CITIES,STREET,12,9.0
73397,8,3,174,5,1,50.0,0,N,MELB_URBAN,OTHER,12,10.0
73398,4,1,171,1,1,70.0,0,I,MELB_URBAN,ROAD,12,15.0
73399,4,1,183,5,1,60.0,0,N,MELB_URBAN,ROAD,12,18.0
73400,4,2,173,5,1,80.0,0,N,RURAL_VICTORIA,ROAD,12,19.0
73401,1,3,99,5,1,100.0,0,N,RURAL_VICTORIA,HIGHWAY,12,10.0
73402,1,2,113,2,1,60.0,0,I,MELB_URBAN,ROAD,12,17.0
73403,1,6,130,5,3,100.0,0,N,MELB_URBAN,UNKNOWN,10,21.0
73404,1,3,110,1,1,80.0,0,I,MELB_URBAN,ROAD,12,13.0
73405,4,3,181,5,1,100.0,0,N,RURAL_VICTORIA,ROAD,12,10.0
73406,1,3,121,1,1,60.0,0,I,MELB_URBAN,ROAD,12,14.0
73407,6,3,99,5,1,100.0,0,N,RURAL_VICTORIA,HIGHWAY,12,11.0
73408,1,2,130,5,1,60.0,0,N,MELB_URBAN,ROAD,12,15.0
73409,1,3,147,2,1,60.0,0,I,MELB_URBAN,AVENUE,12,15.0
73410,6,3,184,5,1,100.0,0,N,RURAL_VICTORIA,HIGHWAY,12,12.0
73411,1,1,99,1,1,50.0,0,I,MELB_URBAN,ROAD,12,12.0
73412,1,3,110,1,1,100.0,0,I,RURAL_VICTORIA,ROAD,12,15.0
73413,5,2,99,5,1,100.0,0,N,RURAL_VICTORIA,OTHER,12,19.0
73414,4,6,173,5,1,100.0,0,N,MELB_URBAN,FREEWAY,12,16.0
73415,1,3,121,2,1,100.0,0,I,MELB_URBAN,ROAD,12,16.0
73416,6,3,174,5,1,40.0,0,N,MELB_URBAN,STREET,12,13.0
73417,1,3,120,5,1,80.0,0,N,RURAL_VICTORIA,ROAD,12,12.0
73418,1,3,140,5,9,60.0,0,N,MELB_URBAN,ROAD,12,15.0
73419,4,3,181,5,1,100.0,0,N,RURAL_VICTORIA,ROAD,12,16.0
73420,8,6,99,5,1,40.0,0,N,RURAL_VICTORIA,ROAD,12,18.0
73421,6,2,99,5,2,80.0,0,N,RURAL_VICTORIA,ROAD,12,19.0
73422,4,3,181,5,1,100.0,0,N,RURAL_VICTORIA,ROAD,12,15.0
73423,1,2,110,1,1,60.0,0,I,LARGE_PROVINCIAL_CITIES,STREET,12,18.0
73424,4,3,181,5,5,100.0,0,N,RURAL_VICTORIA,HIGHWAY,12,20.0
73425,6,3,99,5,4,60.0,0,N,RURAL_VICTORIA,ROAD,12,19.0
73426,1,3,120,2,3,60.0,0,N,MELB_URBAN,ROAD,12,19.0
73427,1,3,110,4,1,50.0,0,I,LARGE_PROVINCIAL_CITIES,STREET,12,17.0
73428,4,1,183,5,1,60.0,0,N,MELB_URBAN,ROAD,12,12.0
73429,4,3,173,5,1,60.0,0,N,MELB_URBAN,ROAD,12,19.0
73430,2,3,99,5,1,50.0,0,N,SMALL_CITIES,AVENUE,12,17.0
73431,4,2,171,5,2,60.0,0,N,LARGE_PROVINCIAL_CITIES,STREET,12,18.0
73432,1,3,120,5,1,50.0,1,N,TOWNS,STREET,12,19.0
73433,4,3,99,2,3,60.0,0,I,MELB_URBAN,ROAD,12,21.0
73434,4,3,183,9,5,100.0,1,N,RURAL_VICTORIA,ROAD,12,22.0
73435,1,2,110,4,1,60.0,0,I,MELB_URBAN,ROAD,12,13.0
73436,1,2,130,5,1,100.0,0,I,MELB_URBAN,FREEWAY,12,9.0
73437,4,3,181,5,2,80.0,0,N,RURAL_VICTORIA,ROAD,12,19.0
73438,1,2,120,5,1,100.0,0,N,RURAL_VICTORIA,ROAD,12,13.0
73439,1,4,99,1,9,50.0,0,I,MELB_URBAN,STREET,12,6.0
73440,1,4,120,5,1,100.0,0,N,RURAL_VICTORIA,ROAD,12,10.0
73441,4,4,181,2,2,70.0,0,I,RURAL_VICTORIA,ROAD,12,6.0
73442,1,3,130,5,9,60.0,0,N,SMALL_CITIES,ROAD,12,15.0
73443,1,7,135,5,1,100.0,0,N,MELB_URBAN,UNKNOWN,12,15.0
73444,4,4,171,5,1,60.0,0,N,LARGE_PROVINCIAL_CITIES,STREET,12,10.0
73445,1,7,116,2,1,60.0,0,I,MELB_URBAN,AVENUE,12,7.0
73446,4,2,173,5,1,100.0,0,N,RURAL_VICTORIA,ROAD,12,18.0
73447,1,4,121,2,1,100.0,0,I,MELB_URBAN,HIGHWAY,12,14.0
73448,1,4,120,5,1,100.0,0,N,RURAL_VICTORIA,HIGHWAY,12,10.0
73449,1,4,121,1,1,60.0,0,I,MELB_URBAN,ROAD,12,11.0
73450,1,4,120,5,1,100.0,0,N,RURAL_VICTORIA,ROAD,12,10.0
73451,1,2,130,1,3,60.0,0,I,MELB_URBAN,ROAD,12,22.0
73452,1,1,130,1,1,60.0,0,I,RURAL_VICTORIA,AVENUE,11,11.0
73453,1,6,147,5,1,50.0,0,N,MELB_URBAN,ROAD,11,12.0
73454,8,6,99,5,1,60.0,0,N,SMALL_TOWNS,STREET,12,12.0
73455,1,4,147,5,1,50.0,0,N,MELB_URBAN,ROAD,12,15.0
73456,1,3,160,5,1,60.0,0,N,MELB_URBAN,ROAD,12,10.0
73457,6,4,174,5,1,100.0,0,N,MELB_URBAN,FREEWAY,12,11.0
73458,1,5,130,1,1,80.0,0,N,MELB_URBAN,ROAD,12,17.0
73459,1,7,171,2,1,60.0,0,I,MELB_URBAN,DRIVE,12,7.0
73460,1,3,121,1,1,60.0,0,I,MELB_URBAN,ROAD,12,17.0
73461,1,4,160,5,1,60.0,0,N,MELB_URBAN,ROAD,12,18.0
73462,1,4,130,1,1,80.0,0,N,MELB_URBAN,HIGHWAY,12,19.0
73463,4,4,173,1,1,60.0,0,I,LARGE_PROVINCIAL_CITIES,STREET,12,20.0
73464,4,4,173,5,1,100.0,1,N,RURAL_VICTORIA,HIGHWAY,12,16.0
73465,1,4,130,5,1,60.0,0,N,MELB_URBAN,ROAD,12,16.0
73466,1,4,110,1,2,60.0,0,I,MELB_URBAN,STREET,12,19.0
73467,1,4,140,5,3,40.0,0,N,MELB_URBAN,STREET,12,23.0
73468,1,4,121,1,3,60.0,0,I,MELB_URBAN,BOULEVARD,12,23.0
73469,4,4,99,2,5,100.0,0,I,RURAL_VICTORIA,ROAD,12,23.0
73470,1,5,110,1,2,50.0,0,I,SMALL_CITIES,STREET,12,5.0
73471,3,4,167,5,1,100.0,0,N,RURAL_VICTORIA,ROAD,12,9.0
73472,1,5,121,4,1,60.0,0,I,SMALL_CITIES,RAMP,12,10.0
73473,1,1,99,5,1,60.0,0,N,MELB_URBAN,ROAD,12,15.0
73474,4,5,173,5,1,50.0,0,N,MELB_URBAN,AVENUE,12,11.0
73475,1,5,130,5,1,80.0,0,N,MELB_URBAN,ROAD,12,11.0
73476,4,6,181,5,1,80.0,0,N,RURAL_VICTORIA,ROAD,12,19.0
73477,1,5,130,5,1,60.0,0,N,MELB_URBAN,ROAD,12,11.0
73478,6,5,174,5,1,50.0,0,N,TOWNS,STREET,12,16.0
73479,1,5,130,1,9,60.0,0,I,MELB_URBAN,ROAD,12,16.0
73480,1,5,130,5,1,80.0,0,N,MELB_URBAN,ROAD,12,13.0
73481,1,5,113,2,1,100.0,0,I,RURAL_VICTORIA,HIGHWAY,12,17.0
73482,1,4,130,2,1,50.0,0,I,MELB_URBAN,ROAD,12,15.0
73483,1,4,130,5,1,100.0,0,N,MELB_URBAN,FREEWAY,12,16.0
73484,1,4,110,1,1,60.0,0,I,LARGE_PROVINCIAL_CITIES,STREET,12,17.0
73485,1,4,130,5,1,60.0,0,N,MELB_URBAN,ROAD,12,18.0
73486,1,4,110,1,1,80.0,0,I,MELB_URBAN,HIGHWAY,12,17.0
73487,1,5,99,5,1,60.0,0,N,MELB_URBAN,ROAD,12,10.0
73488,1,4,110,1,2,100.0,0,I,RURAL_VICTORIA,ROAD,12,19.0
73489,1,5,110,1,1,100.0,0,I,RURAL_VICTORIA,STREET,12,17.0
73490,6,5,99,2,2,80.0,0,I,LARGE_PROVINCIAL_CITIES,ROAD,12,20.0
73491,1,5,135,5,1,80.0,0,N,MELB_URBAN,FREEWAY,12,16.0
73492,4,5,173,5,1,60.0,0,N,MELB_URBAN,DRIVE,12,19.0
73493,4,5,173,1,3,50.0,0,I,MELB_URBAN,STREET,12,4.0
73494,2,5,100,1,3,60.0,0,I,MELB_URBAN,STREET,12,23.0
73495,1,1,99,3,1,50.0,0,I,MELBOURNE_CBD,PARADE,8,17.0
73496,4,5,181,5,3,100.0,0,N,MELB_URBAN,RAMP,12,23.0
73497,1,4,160,5,3,70.0,0,N,LARGE_PROVINCIAL_CITIES,STREET,12,22.0
73498,2,6,100,5,3,80.0,0,N,MELB_URBAN,ROAD,12,5.0
73499,1,5,121,1,1,60.0,0,I,SMALL_CITIES,STREET,12,13.0
73500,1,6,110,1,1,100.0,0,I,RURAL_VICTORIA,ROAD,12,8.0
73501,1,6,120,5,1,60.0,0,N,MELB_URBAN,ROAD,12,10.0
73502,4,6,183,5,1,100.0,0,N,RURAL_VICTORIA,ROAD,12,9.0
73503,6,2,184,5,1,60.0,0,N,RURAL_VICTORIA,ROAD,12,14.0
73504,1,6,99,5,1,110.0,0,N,RURAL_VICTORIA,FREEWAY,12,10.0
73505,1,1,116,4,2,60.0,0,I,MELB_URBAN,ROAD,12,17.0
73506,1,5,130,2,1,60.0,0,I,MELB_URBAN,ROAD,12,12.0
73507,1,6,110,1,1,50.0,0,I,SMALL_CITIES,STREET,12,12.0
73508,1,6,130,2,1,80.0,0,I,MELB_URBAN,HIGHWAY,12,12.0
73509,4,6,171,5,1,60.0,0,N,MELB_URBAN,ROAD,12,9.0
73510,1,6,113,1,1,60.0,0,I,MELB_URBAN,ROAD,12,14.0
73511,1,2,130,5,1,50.0,0,N,MELB_URBAN,STREET,11,11.0
73512,6,7,184,5,1,60.0,0,N,RURAL_VICTORIA,ROAD,12,17.0
73513,8,5,99,5,1,100.0,0,N,RURAL_VICTORIA,ROAD,12,12.0
73514,1,6,113,1,1,60.0,0,I,SMALL_TOWNS,ROAD,12,8.0
73515,4,4,173,5,1,80.0,0,N,RURAL_VICTORIA,ROAD,12,16.0
73516,1,2,130,5,1,60.0,0,N,MELB_URBAN,HIGHWAY,11,15.0
73517,1,3,130,1,3,60.0,0,I,MELB_URBAN,STREET,12,20.0
73518,4,6,171,2,1,100.0,0,I,RURAL_VICTORIA,ROAD,12,15.0
73519,1,5,135,5,1,100.0,0,N,MELB_URBAN,ROAD,12,12.0
73520,1,6,110,1,1,100.0,0,I,RURAL_VICTORIA,STREET,12,15.0
73521,1,4,121,1,1,60.0,0,I,MELB_URBAN,ROAD,12,14.0
73522,1,5,110,1,1,70.0,0,I,MELB_URBAN,DRIVE,12,16.0
73523,1,6,130,2,1,60.0,0,I,MELB_URBAN,ROAD,12,17.0
73524,1,6,163,1,1,60.0,0,I,MELB_URBAN,ROAD,12,8.0
73525,6,5,99,1,1,80.0,0,I,RURAL_VICTORIA,HIGHWAY,12,17.0
73526,1,3,99,5,1,40.0,0,N,MELBOURNE_CBD,STREET,11,15.0
73527,1,3,110,1,1,40.0,0,I,MELB_URBAN,STREET,12,19.0
73528,4,6,181,5,1,100.0,0,N,RURAL_VICTORIA,ROAD,12,19.0
73529,4,1,183,5,1,80.0,0,N,RURAL_VICTORIA,HIGHWAY,12,16.0
73530,1,5,130,5,1,50.0,0,N,LARGE_PROVINCIAL_CITIES,HIGHWAY,12,14.0
73531,4,6,181,5,2,60.0,0,N,MELB_URBAN,ROAD,12,19.0
73532,1,6,99,5,1,60.0,0,N,MELB_URBAN,DRIVE,12,20.0
73533,4,3,181,5,1,100.0,0,N,RURAL_VICTORIA,ROAD,12,9.0
73534,1,5,140,2,1,40.0,0,N,MELBOURNE_CBD,STREET,12,19.0
73535,4,6,173,1,1,100.0,0,I,RURAL_VICTORIA,ROAD,12,19.0
73536,1,5,130,5,1,70.0,0,N,MELB_URBAN,ROAD,12,17.0
73537,4,6,181,5,5,100.0,0,N,RURAL_VICTORIA,HIGHWAY,12,21.0
73538,1,7,130,2,3,60.0,0,I,MELB_URBAN,ROAD,12,0.0
73539,2,6,100,5,3,40.0,0,N,MELBOURNE_CBD,OTHER,12,1.0
73540,4,7,173,2,3,80.0,0,I,MELB_URBAN,ROAD,12,2.0
73541,1,4,132,2,1,60.0,0,I,MELB_URBAN,HIGHWAY,12,13.0
73542,1,6,121,5,1,50.0,0,N,SMALL_CITIES,ROAD,12,12.0
73543,6,5,170,5,1,80.0,0,N,RURAL_VICTORIA,ROAD,12,12.0
73544,1,6,120,5,1,100.0,1,N,RURAL_VICTORIA,ROAD,12,16.0
73545,1,3,130,2,1,60.0,0,I,LARGE_PROVINCIAL_CITIES,STREET,11,14.0
73546,8,7,174,2,1,80.0,0,I,SMALL_CITIES,ROAD,12,10.0
73547,1,7,110,1,1,40.0,0,I,MELBOURNE_CBD,STREET,12,10.0
73548,7,6,99,5,1,50.0,0,N,LARGE_PROVINCIAL_CITIES,STREET,12,13.0
73549,4,6,183,5,1,100.0,0,N,RURAL_VICTORIA,HIGHWAY,12,12.0
73550,6,7,184,5,1,70.0,0,N,MELB_URBAN,ROAD,12,12.0
73551,1,2,130,5,1,100.0,0,N,MELB_URBAN,RAMP,7,7.0
73552,4,7,181,2,1,100.0,0,N,RURAL_VICTORIA,ROAD,12,11.0
73553,1,1,110,1,1,50.0,0,I,LARGE_PROVINCIAL_CITIES,STREET,12,17.0
73554,1,7,121,1,1,60.0,0,I,MELB_URBAN,STREET,12,13.0
73555,1,6,132,5,1,100.0,0,N,RURAL_VICTORIA,HIGHWAY,12,14.0
73556,4,7,171,5,1,100.0,0,N,RURAL_VICTORIA,ROAD,12,14.0
73557,6,7,174,5,1,100.0,0,N,RURAL_VICTORIA,ROAD,12,9.0
73558,8,6,174,1,3,50.0,0,I,MELB_URBAN,STREET,12,0.0
73559,1,7,120,5,1,100.0,0,N,RURAL_VICTORIA,ROAD,12,16.0
73560,1,7,130,2,1,70.0,0,I,MELB_URBAN,STREET,12,15.0
73561,2,4,100,5,2,50.0,0,N,LARGE_PROVINCIAL_CITIES,STREET,12,21.0
73562,1,6,121,2,1,60.0,0,I,MELB_URBAN,ROAD,12,16.0
73563,1,6,121,2,2,60.0,0,I,MELB_URBAN,ROAD,12,16.0
73564,1,3,130,2,1,70.0,0,N,LARGE_PROVINCIAL_CITIES,ROAD,12,15.0
73565,4,1,173,5,3,50.0,0,N,MELB_URBAN,AVENUE,1,0.0
73566,4,7,183,5,5,110.0,0,N,SMALL_CITIES,UNKNOWN,12,21.0
73567,6,7,99,5,5,100.0,0,N,RURAL_VICTORIA,HIGHWAY,12,21.0
73568,1,6,130,2,3,80.0,0,I,RURAL_VICTORIA,ROAD,12,22.0
73569,8,1,170,5,3,50.0,0,N,MELB_URBAN,ROAD,1,1.0
73570,1,1,130,5,3,80.0,0,N,MELB_URBAN,FREEWAY,1,2.0
73571,4,1,171,5,2,80.0,0,N,RURAL_VICTORIA,ROAD,1,4.0
73572,8,7,174,5,1,50.0,0,N,LARGE_PROVINCIAL_CITIES,STREET,12,11.0
73573,8,6,99,5,1,60.0,0,N,SMALL_TOWNS,ROAD,12,17.0
73574,4,1,171,5,1,100.0,0,N,RURAL_VICTORIA,ROAD,1,11.0
73575,1,7,99,4,1,80.0,0,N,MELB_URBAN,ROAD,12,16.0
73576,1,1,132,1,1,80.0,0,I,RURAL_VICTORIA,ROAD,1,13.0
73577,8,1,99,5,1,100.0,0,N,RURAL_VICTORIA,OTHER,1,14.0
73578,1,1,120,5,1,60.0,0,N,RURAL_VICTORIA,ROAD,1,14.0
73579,4,1,183,2,1,100.0,0,I,RURAL_VICTORIA,HIGHWAY,1,17.0
73580,1,0,130,1,1,80.0,0,I,MELB_URBAN,HIGHWAY,1,18.0
73581,1,0,99,1,1,60.0,0,I,MELB_URBAN,ROAD,1,19.0
73582,1,0,130,5,3,60.0,0,N,MELB_URBAN,PARADE,1,0.0
73583,4,2,181,5,5,70.0,0,N,MELB_URBAN,DRIVE,1,3.0
73584,1,6,99,5,1,50.0,0,N,TOWNS,ROAD,12,7.0
73585,8,3,184,5,1,100.0,0,N,RURAL_VICTORIA,ROAD,12,15.0
73586,1,6,130,5,1,70.0,0,N,LARGE_PROVINCIAL_CITIES,ROAD,12,15.0
73587,4,2,181,5,1,100.0,0,N,RURAL_VICTORIA,HIGHWAY,1,9.0
73588,4,1,171,2,1,60.0,0,I,MELB_URBAN,ROAD,1,11.0
73589,1,4,130,1,1,60.0,0,I,MELB_URBAN,ROAD,12,15.0
73590,1,0,130,5,1,60.0,0,N,TOWNS,ROAD,1,19.0
73591,1,2,99,5,1,50.0,0,N,MELB_URBAN,STREET,1,11.0
73592,2,7,100,1,9,40.0,0,I,MELBOURNE_CBD,OTHER,12,12.0
73593,1,1,111,4,9,60.0,0,I,MELB_URBAN,ROAD,1,1.0
73594,8,2,174,2,1,60.0,0,I,MELB_URBAN,HIGHWAY,12,11.0
73595,1,3,121,2,1,50.0,0,I,MELB_URBAN,STREET,12,17.0
73596,1,1,130,2,1,60.0,0,I,MELB_URBAN,DRIVE,1,17.0
73597,1,2,99,5,1,40.0,0,N,SMALL_CITIES,HIGHWAY,1,16.0
73598,1,2,147,5,1,60.0,0,N,MELB_URBAN,OTHER,1,15.0
73599,1,2,99,5,3,50.0,0,N,LARGE_PROVINCIAL_CITIES,AVENUE,1,21.0
73600,1,2,120,5,3,50.0,0,N,MELB_URBAN,DRIVE,1,22.0
73601,4,2,171,2,3,60.0,0,I,MELB_URBAN,ROAD,1,21.0
73602,6,2,170,5,3,70.0,0,N,MELB_URBAN,ROAD,1,22.0
73603,1,2,99,2,1,60.0,0,I,SMALL_CITIES,ROAD,1,17.0
73604,1,3,121,2,3,60.0,0,I,MELB_URBAN,STREET,1,3.0
73605,1,2,135,4,1,60.0,0,I,MELB_URBAN,ROAD,1,14.0
73606,1,2,113,2,1,60.0,0,I,SMALL_CITIES,STREET,1,7.0
73607,4,3,171,5,1,110.0,0,N,RURAL_VICTORIA,FREEWAY,1,6.0
73608,1,2,160,5,1,50.0,0,N,MELB_URBAN,ROAD,1,14.0
73609,4,4,183,5,1,100.0,0,N,RURAL_VICTORIA,ROAD,12,14.0
73610,1,3,130,1,1,50.0,0,I,MELB_URBAN,ROAD,1,9.0
73611,3,2,167,5,5,110.0,0,N,RURAL_VICTORIA,FREEWAY,1,4.0
73612,1,3,132,1,1,100.0,0,I,RURAL_VICTORIA,ROAD,1,11.0
73613,1,7,147,5,1,80.0,0,N,RURAL_VICTORIA,OTHER,12,17.0
73614,1,5,130,1,2,60.0,0,I,MELB_URBAN,ROAD,12,19.0
73615,4,3,173,5,1,100.0,0,N,RURAL_VICTORIA,ROAD,1,13.0
73616,4,3,181,5,1,100.0,0,N,RURAL_VICTORIA,ROAD,1,14.0
73617,4,3,183,1,1,100.0,0,I,RURAL_VICTORIA,ROAD,1,12.0
73618,8,3,184,5,1,100.0,0,N,RURAL_VICTORIA,ROAD,1,13.0
73619,1,3,130,5,1,50.0,0,N,MELB_URBAN,ROAD,1,15.0
73620,4,2,181,5,1,60.0,0,N,RURAL_VICTORIA,ROAD,1,13.0
73621,1,3,120,5,1,80.0,0,N,RURAL_VICTORIA,ROAD,1,15.0
73622,8,1,170,5,1,60.0,0,N,RURAL_VICTORIA,ROAD,1,8.0
73623,1,7,121,1,3,80.0,0,I,RURAL_VICTORIA,HIGHWAY,12,22.0
73624,1,3,130,4,1,40.0,0,N,SMALL_CITIES,ROAD,1,16.0
73625,1,3,140,5,1,50.0,0,N,MELB_URBAN,ROAD,1,16.0
73626,6,3,99,2,1,60.0,0,N,MELB_URBAN,ROAD,1,19.0
73627,1,2,110,1,1,50.0,0,I,MELB_URBAN,STREET,1,16.0
73628,4,3,181,5,1,80.0,0,N,RURAL_VICTORIA,ROAD,1,17.0
73629,1,3,130,1,3,60.0,0,I,LARGE_PROVINCIAL_CITIES,ROAD,1,21.0
73630,1,3,110,1,3,60.0,0,I,LARGE_PROVINCIAL_CITIES,ROAD,1,22.0
73631,1,4,160,5,3,50.0,0,N,MELB_URBAN,AVENUE,1,3.0
73632,4,3,171,5,1,50.0,0,N,MELB_URBAN,ROAD,1,8.0
73633,1,3,99,5,1,40.0,0,N,MELB_URBAN,UNKNOWN,1,13.0
73634,6,3,174,5,1,100.0,0,N,RURAL_VICTORIA,OTHER,1,11.0
73635,1,4,113,2,1,80.0,0,I,SMALL_TOWNS,HIGHWAY,1,9.0
73636,1,4,130,5,1,60.0,0,N,MELB_URBAN,ROAD,1,9.0
73637,8,7,184,5,1,60.0,0,N,RURAL_VICTORIA,ROAD,12,12.0
73638,8,7,99,5,2,60.0,0,N,MELB_URBAN,ROAD,12,16.0
73639,6,4,174,1,1,60.0,0,I,RURAL_VICTORIA,ROAD,1,11.0
73640,1,4,99,2,1,40.0,0,I,MELB_URBAN,ROAD,1,8.0
73641,1,4,99,5,1,40.0,0,N,TOWNS,ROAD,1,12.0
73642,5,4,99,5,1,70.0,0,N,MELB_URBAN,ROAD,1,10.0
73643,6,2,174,5,1,60.0,0,N,MELB_URBAN,ROAD,12,15.0
73644,1,3,130,1,1,80.0,0,I,MELB_URBAN,ROAD,1,10.0
73645,1,4,134,5,1,80.0,0,N,MELB_URBAN,HIGHWAY,1,13.0
73646,1,3,110,1,1,60.0,0,N,MELB_URBAN,ROAD,1,13.0
73647,8,4,184,5,1,80.0,0,N,RURAL_VICTORIA,ROAD,1,10.0
73648,8,4,174,2,1,50.0,0,I,MELB_URBAN,STREET,1,12.0
73649,1,4,130,5,1,60.0,0,N,SMALL_CITIES,STREET,1,13.0
73650,4,3,181,5,5,50.0,0,N,MELB_URBAN,STREET,1,22.0
73651,1,4,99,5,1,80.0,0,N,RURAL_VICTORIA,ROAD,1,11.0
73652,1,4,147,5,1,50.0,0,N,MELB_URBAN,ROAD,1,12.0
73653,1,5,99,5,3,80.0,0,N,MELB_URBAN,HIGHWAY,12,21.0
73654,4,4,181,5,1,100.0,0,N,RURAL_VICTORIA,ROAD,1,14.0
73655,4,3,173,5,1,50.0,0,N,SMALL_CITIES,DRIVE,1,14.0
73656,1,4,120,5,1,100.0,0,N,RURAL_VICTORIA,ROAD,1,15.0
73657,4,4,173,5,1,60.0,0,N,SMALL_CITIES,DRIVE,1,16.0
73658,4,4,171,2,1,70.0,0,I,MELB_URBAN,ROAD,1,17.0
73659,1,4,121,1,1,60.0,0,I,MELB_URBAN,ROAD,1,13.0
73660,4,3,171,5,1,80.0,0,N,RURAL_VICTORIA,ROAD,1,17.0
73661,4,4,183,5,1,50.0,0,N,MELB_URBAN,BOULEVARD,1,16.0
73662,1,4,130,5,1,80.0,0,N,MELB_URBAN,ROAD,1,16.0
73663,1,3,110,1,1,50.0,0,I,LARGE_PROVINCIAL_CITIES,STREET,1,17.0
73664,6,3,99,2,1,50.0,0,I,SMALL_CITIES,OTHER,1,19.0
73665,4,4,99,1,2,60.0,0,I,MELB_URBAN,BOULEVARD,1,5.0
73666,5,4,99,5,1,60.0,0,N,RURAL_VICTORIA,OTHER,12,11.0
73667,1,4,130,5,1,60.0,0,N,MELB_URBAN,ROAD,1,19.0
73668,1,4,110,1,1,60.0,0,I,LARGE_PROVINCIAL_CITIES,ROAD,1,15.0
73669,1,4,130,5,2,70.0,0,N,MELB_URBAN,ROAD,1,19.0
73670,4,4,99,2,1,60.0,0,I,RURAL_VICTORIA,ROAD,1,18.0
73671,1,4,132,2,3,50.0,0,I,MELB_URBAN,STREET,12,21.0
73672,1,3,121,5,1,50.0,0,N,MELB_URBAN,STREET,1,17.0
73673,1,4,113,2,1,70.0,0,I,MELB_URBAN,ROAD,1,18.0
73674,1,5,160,2,2,50.0,0,I,SMALL_CITIES,OTHER,1,5.0
73675,1,3,99,1,1,60.0,0,N,MELB_URBAN,ROAD,1,17.0
73676,4,4,183,5,1,60.0,0,N,RURAL_VICTORIA,UNKNOWN,11,16.0
73677,1,5,121,4,1,80.0,0,I,MELB_URBAN,RAMP,1,10.0
73678,1,4,120,1,3,60.0,0,I,MELB_URBAN,ROAD,1,22.0
73679,1,3,160,5,6,60.0,0,N,MELB_URBAN,STREET,12,2.0
73680,2,1,99,5,9,60.0,0,N,RURAL_VICTORIA,ROAD,1,12.0
73681,1,4,113,2,1,100.0,0,I,RURAL_VICTORIA,HIGHWAY,1,12.0
73682,1,1,99,5,2,50.0,0,N,SMALL_CITIES,STREET,10,18.0
73683,1,2,111,2,3,80.0,0,N,MELB_URBAN,HIGHWAY,10,21.0
73684,1,5,99,5,1,50.0,0,N,LARGE_PROVINCIAL_CITIES,STREET,1,14.0
73685,8,5,174,1,1,60.0,0,I,SMALL_CITIES,AVENUE,1,15.0
73686,1,5,99,5,1,100.0,0,N,RURAL_VICTORIA,ROAD,1,14.0
73687,1,5,110,1,1,100.0,0,I,RURAL_VICTORIA,ROAD,1,15.0
73688,4,5,183,5,1,100.0,0,N,RURAL_VICTORIA,ROAD,1,15.0
73689,1,5,140,5,1,40.0,0,N,MELBOURNE_CBD,STREET,1,14.0
73690,1,5,140,5,1,50.0,0,N,SMALL_TOWNS,UNKNOWN,1,19.0
73691,1,5,130,5,1,80.0,0,N,RURAL_VICTORIA,ROAD,1,18.0
73692,6,5,174,5,3,50.0,0,N,MELB_URBAN,STREET,1,21.0
73693,1,5,110,1,1,100.0,1,I,RURAL_VICTORIA,ROAD,1,17.0
73694,1,3,99,2,2,40.0,0,N,MELB_URBAN,STREET,5,18.0
73695,1,5,130,5,3,110.0,0,N,RURAL_VICTORIA,HIGHWAY,1,1.0
73696,1,6,110,1,3,60.0,0,I,MELB_URBAN,ROAD,1,1.0
73697,6,6,99,5,5,100.0,0,N,RURAL_VICTORIA,HIGHWAY,1,4.0
73698,4,6,173,5,5,110.0,0,N,RURAL_VICTORIA,FREEWAY,1,1.0
73699,1,2,120,5,1,60.0,0,N,RURAL_VICTORIA,OTHER,1,15.0
73700,1,2,113,2,1,60.0,0,I,MELB_URBAN,ROAD,12,7.0