,accident_type,day_of_week,dca_code,road_geometry,light_condition,speed_zone,severity,node_type,deg_urban_name,road_type,month,hour
73701,1,6,147,5,1,30.0,0,N,TOWNS,ROAD,1,10.0
73702,8,1,184,5,1,50.0,0,N,RURAL_VICTORIA,UNKNOWN,1,11.0
73703,4,3,181,5,1,100.0,0,N,RURAL_VICTORIA,ROAD,10,10.0
73704,6,5,184,5,1,100.0,0,N,MELB_URBAN,UNKNOWN,1,11.0
73705,2,5,99,1,1,50.0,0,I,LARGE_PROVINCIAL_CITIES,STREET,12,15.0
73706,1,5,110,1,1,50.0,0,I,LARGE_PROVINCIAL_CITIES,STREET,1,14.0
73707,1,1,99,5,1,50.0,0,N,MELB_URBAN,PARADE,11,15.0
73708,4,6,181,5,1,100.0,0,N,RURAL_VICTORIA,ROAD,1,11.0
73709,1,6,99,5,1,40.0,0,N,MELB_URBAN,STREET,1,7.0
73710,1,4,133,2,1,60.0,0,I,MELB_URBAN,STREET,1,7.0
73711,1,6,121,5,1,60.0,0,N,MELB_URBAN,ROAD,1,9.0
73712,1,6,121,5,1,60.0,0,N,MELB_URBAN,ROAD,1,14.0
73713,1,5,130,5,1,80.0,0,N,MELB_URBAN,HIGHWAY,1,13.0
73714,8,6,99,5,1,60.0,0,N,MELB_URBAN,ROAD,1,8.0
73715,1,5,132,2,1,60.0,0,I,LARGE_PROVINCIAL_CITIES,STREET,1,12.0
73716,1,4,130,1,1,50.0,0,I,MELB_URBAN,ROAD,10,8.0
73717,1,5,99,1,1,50.0,0,I,MELB_URBAN,STREET,1,14.0
73718,1,6,121,2,1,60.0,0,I,LARGE_PROVINCIAL_CITIES,STREET,1,14.0
73719,4,5,171,2,1,100.0,0,I,MELB_URBAN,ROAD,12,10.0
73720,1,6,99,2,1,50.0,0,I,MELB_URBAN,ROAD,1,16.0
73721,4,5,171,5,1,60.0,0,N,MELB_URBAN,ROAD,12,19.0
73722,1,6,99,2,1,60.0,0,I,MELB_URBAN,ROAD,1,14.0
73723,8,6,99,5,9,60.0,0,N,RURAL_VICTORIA,ROAD,12,1.0
73724,1,6,113,2,1,100.0,0,I,RURAL_VICTORIA,ROAD,1,16.0
73725,1,6,130,1,1,60.0,0,I,MELB_URBAN,DRIVE,1,20.0
73726,1,1,130,1,1,80.0,0,I,MELB_URBAN,ROAD,12,18.0
73727,1,6,99,5,1,60.0,0,N,MELB_URBAN,ROAD,1,17.0
73728,4,6,173,5,1,100.0,0,N,MELB_URBAN,UNKNOWN,1,17.0
73729,1,5,120,5,2,50.0,0,N,MELB_URBAN,ROAD,12,19.0
73730,1,6,120,2,1,100.0,1,I,RURAL_VICTORIA,HIGHWAY,1,17.0
73731,1,5,120,5,1,80.0,0,N,RURAL_VICTORIA,ROAD,1,15.0
73732,4,6,171,5,2,100.0,0,N,RURAL_VICTORIA,ROAD,1,20.0
73733,1,7,113,2,3,40.0,0,I,MELB_URBAN,STREET,1,2.0
73734,1,4,99,5,1,60.0,0,N,MELB_URBAN,STREET,1,8.0
73735,4,5,181,5,1,80.0,0,N,RURAL_VICTORIA,HIGHWAY,1,14.0
73736,5,0,99,5,1,60.0,0,I,RURAL_VICTORIA,UNKNOWN,12,8.0
73737,1,4,110,1,1,50.0,0,I,SMALL_CITIES,STREET,1,18.0
73738,1,7,121,2,1,100.0,0,I,RURAL_VICTORIA,ROAD,1,9.0
73739,1,3,130,5,1,100.0,0,N,MELB_URBAN,ROAD,10,16.0
73740,1,7,99,5,1,60.0,0,N,MELB_URBAN,ROAD,1,10.0
73741,1,6,99,5,1,50.0,0,N,MELB_URBAN,STREET,1,10.0
73742,2,4,99,5,3,50.0,0,N,MELB_URBAN,STREET,1,21.0
73743,6,6,174,5,1,80.0,0,N,RURAL_VICTORIA,STREET,1,17.0
73744,1,6,130,5,1,70.0,0,N,MELB_URBAN,ROAD,1,12.0
73745,1,7,99,5,1,100.0,0,N,MELB_URBAN,UNKNOWN,1,9.0
73746,6,6,184,4,1,60.0,0,I,RURAL_VICTORIA,HIGHWAY,1,9.0
73747,1,2,130,4,1,50.0,0,N,MELB_URBAN,RAMP,10,17.0
73748,1,6,110,1,1,60.0,0,I,MELB_URBAN,ROAD,1,14.0
73749,1,7,110,1,1,60.0,0,I,MELB_URBAN,ROAD,1,18.0
73750,2,7,100,1,1,60.0,0,I,MELB_URBAN,ROAD,1,15.0
73751,1,6,110,1,1,60.0,0,I,RURAL_VICTORIA,HIGHWAY,1,18.0
73752,4,7,171,1,3,50.0,0,N,SMALL_CITIES,STREET,1,22.0
73753,2,1,100,5,3,40.0,0,N,MELB_URBAN,STREET,1,0.0
73754,1,1,99,6,5,40.0,0,N,LARGE_PROVINCIAL_CITIES,BOULEVARD,1,2.0
73755,1,7,99,1,1,50.0,0,I,MELB_URBAN,ROAD,1,8.0
73756,4,7,173,5,1,100.0,0,N,RURAL_VICTORIA,ROAD,1,15.0
73757,4,7,99,2,1,50.0,0,I,MELB_URBAN,AVENUE,1,16.0
73758,5,7,99,5,1,40.0,0,N,RURAL_VICTORIA,OTHER,1,20.0
73759,2,1,100,2,1,50.0,0,I,MELB_URBAN,ROAD,1,10.0
73760,5,4,99,2,1,60.0,0,I,RURAL_VICTORIA,ROAD,12,15.0
73761,1,0,121,2,1,70.0,0,I,MELB_URBAN,ROAD,1,11.0
73762,4,1,171,2,1,60.0,0,I,MELB_URBAN,ROAD,1,9.0
73763,1,1,113,1,1,70.0,0,I,MELB_URBAN,ROAD,1,10.0
73764,1,1,99,5,1,100.0,0,N,RURAL_VICTORIA,ROAD,1,11.0
73765,1,0,140,5,1,60.0,0,N,LARGE_PROVINCIAL_CITIES,ROAD,1,11.0
73766,1,6,130,5,1,80.0,0,N,MELB_URBAN,HIGHWAY,12,11.0
73767,4,1,173,5,1,50.0,0,N,RURAL_VICTORIA,AVENUE,1,13.0
73768,1,1,99,1,1,70.0,0,I,MELB_URBAN,OTHER,1,15.0
73769,1,1,130,5,1,80.0,0,N,MELB_URBAN,HIGHWAY,1,14.0
73770,4,1,183,5,1,80.0,0,N,RURAL_VICTORIA,HIGHWAY,1,11.0
73771,1,1,121,2,1,60.0,0,I,MELB_URBAN,ROAD,1,15.0
73772,1,1,110,1,1,100.0,0,N,MELB_URBAN,ROAD,1,17.0
73773,1,0,116,1,1,70.0,0,I,MELB_URBAN,ROAD,1,19.0
73774,1,0,134,5,1,60.0,0,N,MELB_URBAN,RAMP,1,16.0
73775,1,1,99,2,1,50.0,0,I,TOWNS,ROAD,1,19.0
73776,3,1,167,5,1,80.0,0,N,RURAL_VICTORIA,ROAD,1,16.0
73777,1,0,113,4,1,100.0,0,I,MELB_URBAN,ROAD,1,19.0
73778,1,1,133,5,1,80.0,0,N,MELB_URBAN,ROAD,1,16.0
73779,4,1,99,2,3,60.0,0,I,TOWNS,ROAD,1,0.0
73780,2,2,102,5,3,40.0,0,N,MELBOURNE_CBD,STREET,1,2.0
73781,4,1,171,5,5,60.0,0,N,RURAL_VICTORIA,ROAD,1,23.0
73782,1,1,121,1,3,60.0,0,I,MELB_URBAN,ROAD,1,23.0
73783,1,0,163,5,1,40.0,0,N,MELB_URBAN,UNKNOWN,1,10.0
73784,1,1,163,5,1,40.0,0,N,MELB_URBAN,STREET,1,8.0
73785,1,2,121,1,3,60.0,0,I,MELB_URBAN,ROAD,12,1.0
73786,9,4,99,4,1,60.0,0,N,RURAL_VICTORIA,ROAD,12,16.0
73787,5,6,99,5,2,80.0,0,N,RURAL_VICTORIA,ROAD,12,5.0
73788,6,6,174,1,9,70.0,0,N,SMALL_CITIES,HIGHWAY,1,9.0
73789,2,2,102,5,1,40.0,0,N,SMALL_CITIES,STREET,1,13.0
73790,1,5,132,1,1,100.0,0,I,RURAL_VICTORIA,ROAD,1,18.0
73791,7,2,99,5,1,80.0,0,N,RURAL_VICTORIA,ROAD,1,13.0
73792,1,2,99,1,1,60.0,0,I,MELB_URBAN,ROAD,1,13.0
73793,1,5,130,5,1,80.0,0,N,MELB_URBAN,FREEWAY,1,15.0
73794,1,3,130,1,1,60.0,0,I,MELB_URBAN,STREET,12,10.0
73795,4,1,173,5,1,50.0,0,N,MELB_URBAN,AVENUE,1,16.0
73796,1,1,113,1,1,60.0,0,I,MELB_URBAN,STREET,1,15.0
73797,1,1,116,1,1,80.0,0,N,MELB_URBAN,ROAD,1,16.0
73798,1,2,130,5,1,100.0,0,N,MELB_URBAN,FREEWAY,1,16.0
73799,1,1,121,2,1,50.0,0,I,MELB_URBAN,STREET,1,18.0
73800,1,2,110,1,1,60.0,0,I,LARGE_PROVINCIAL_CITIES,STREET,1,13.0
73801,1,2,132,1,9,60.0,0,I,MELB_URBAN,ROAD,1,18.0
73802,1,2,121,1,1,70.0,0,I,SMALL_CITIES,PARADE,1,17.0
73803,2,2,100,2,1,50.0,0,N,MELB_URBAN,STREET,1,15.0
73804,1,2,130,5,1,80.0,0,N,MELB_URBAN,FREEWAY,1,17.0
73805,4,2,171,4,2,80.0,0,N,RURAL_VICTORIA,HIGHWAY,1,19.0
73806,1,1,130,2,1,60.0,0,I,MELB_URBAN,ROAD,1,18.0
73807,4,2,171,5,1,100.0,0,N,RURAL_VICTORIA,ROAD,1,16.0
73808,1,2,99,5,3,60.0,0,N,MELB_URBAN,AVENUE,1,21.0
73809,7,2,99,5,1,50.0,1,N,MELB_URBAN,STREET,1,15.0
73810,1,2,160,2,3,50.0,0,I,MELB_URBAN,DRIVE,1,22.0
73811,2,2,102,2,3,50.0,0,N,MELB_URBAN,STREET,1,22.0
73812,4,2,99,5,5,100.0,0,N,MELB_URBAN,UNKNOWN,1,0.0
73813,1,2,99,1,3,60.0,0,I,MELB_URBAN,STREET,1,22.0
73814,4,3,171,5,3,70.0,0,N,RURAL_VICTORIA,ROAD,1,4.0
73815,1,7,120,5,1,80.0,0,N,RURAL_VICTORIA,ROAD,10,11.0
73816,1,0,130,5,1,80.0,0,N,MELB_URBAN,ROAD,1,15.0
73817,1,1,121,1,2,60.0,0,I,LARGE_PROVINCIAL_CITIES,STREET,11,20.0
73818,4,1,181,2,5,70.0,0,I,RURAL_VICTORIA,ROAD,1,3.0
73819,1,5,160,5,1,90.0,0,N,RURAL_VICTORIA,FREEWAY,11,7.0
73820,6,3,99,5,2,100.0,0,N,RURAL_VICTORIA,ROAD,1,6.0
73821,1,3,183,5,1,100.0,0,N,RURAL_VICTORIA,ROAD,1,14.0
73822,1,2,99,5,1,60.0,0,N,MELB_URBAN,ROAD,1,8.0
73823,1,2,130,5,1,60.0,0,N,MELB_URBAN,ROAD,1,18.0
73824,1,2,121,1,1,70.0,0,I,MELB_URBAN,ROAD,1,16.0
73825,1,2,147,5,1,60.0,0,N,MELB_URBAN,ROAD,1,15.0
73826,1,5,134,5,1,60.0,0,N,MELB_URBAN,HIGHWAY,11,11.0
73827,1,3,99,5,1,60.0,0,N,MELB_URBAN,ROAD,1,16.0
73828,1,2,99,5,1,50.0,0,N,MELB_URBAN,ROAD,1,15.0
73829,1,3,99,5,1,60.0,0,N,MELB_URBAN,ROAD,1,18.0
73830,1,4,99,2,1,40.0,0,I,MELB_URBAN,STREET,11,12.0
73831,4,3,181,5,1,80.0,0,N,MELB_URBAN,ROAD,1,15.0
73832,8,3,99,5,1,50.0,0,N,MELB_URBAN,DRIVE,1,18.0
73833,1,3,121,4,1,80.0,0,N,RURAL_VICTORIA,ROAD,1,18.0
73834,1,2,130,5,1,100.0,0,N,MELB_URBAN,FREEWAY,1,18.0
73835,1,3,120,5,1,80.0,0,N,RURAL_VICTORIA,ROAD,1,18.0
73836,1,3,110,1,1,50.0,0,I,LARGE_PROVINCIAL_CITIES,STREET,1,19.0
73837,4,3,183,5,1,100.0,0,N,RURAL_VICTORIA,ROAD,1,19.0
73838,1,3,160,5,2,50.0,0,N,SMALL_CITIES,STREET,1,20.0
73839,8,3,174,5,1,100.0,0,N,RURAL_VICTORIA,ROAD,1,17.0
73840,1,2,130,2,1,60.0,0,I,TOWNS,ROAD,1,17.0
73841,1,3,147,5,1,60.0,0,N,MELB_URBAN,ROAD,1,19.0
73842,4,2,173,5,3,60.0,0,N,MELB_URBAN,HIGHWAY,1,22.0
73843,4,3,181,5,3,50.0,0,N,MELB_URBAN,DRIVE,1,1.0
73844,1,2,113,1,9,80.0,0,I,SMALL_CITIES,STREET,1,4.0
73845,1,3,99,2,1,70.0,0,I,MELB_URBAN,STREET,1,18.0
73846,2,3,99,1,3,50.0,0,I,SMALL_CITIES,STREET,1,23.0
73847,4,4,171,5,3,50.0,0,N,MELB_URBAN,STREET,1,0.0
73848,6,5,184,5,1,70.0,0,N,MELB_URBAN,HIGHWAY,1,16.0
73849,4,4,173,5,5,100.0,1,N,RURAL_VICTORIA,ROAD,1,3.0
73850,1,4,99,5,1,60.0,0,N,MELB_URBAN,STREET,1,7.0
73851,1,4,110,1,1,50.0,0,I,MELB_URBAN,STREET,1,7.0
73852,1,3,121,5,1,40.0,0,N,MELBOURNE_CBD,STREET,1,8.0
73853,1,4,121,2,1,100.0,0,I,MELB_URBAN,FREEWAY,1,8.0
73854,1,3,99,5,1,100.0,0,N,MELB_URBAN,FREEWAY,1,16.0
73855,1,3,130,1,1,80.0,0,I,SMALL_CITIES,ROAD,12,11.0
73856,1,7,160,5,6,50.0,0,N,MELB_URBAN,STREET,1,22.0
73857,4,3,171,5,1,100.0,0,N,RURAL_VICTORIA,ROAD,1,8.0
73858,6,4,99,5,1,100.0,0,N,RURAL_VICTORIA,ROAD,1,8.0
73859,4,4,181,5,1,100.0,0,N,RURAL_VICTORIA,HIGHWAY,1,10.0
73860,8,6,99,5,1,100.0,0,N,RURAL_VICTORIA,ROAD,12,8.0
73861,1,4,130,5,1,60.0,0,N,MELB_URBAN,ROAD,1,9.0
73862,4,4,173,5,1,50.0,0,N,MELB_URBAN,OTHER,1,12.0
73863,1,4,110,1,1,60.0,0,I,SMALL_CITIES,STREET,1,9.0
73864,4,6,173,5,1,30.0,0,N,RURAL_VICTORIA,ROAD,12,14.0
73865,1,4,147,5,1,60.0,0,N,MELB_URBAN,ROAD,1,11.0
73866,1,3,130,5,1,60.0,0,N,MELB_URBAN,ROAD,1,13.0
73867,8,1,184,5,1,80.0,0,N,RURAL_VICTORIA,ROAD,11,16.0
73868,4,3,171,5,1,80.0,0,N,RURAL_VICTORIA,ROAD,1,9.0
73869,6,6,184,5,1,100.0,0,N,RURAL_VICTORIA,OTHER,11,10.0
73870,4,4,173,5,1,100.0,0,N,RURAL_VICTORIA,ROAD,1,15.0
73871,3,1,167,5,1,60.0,0,N,RURAL_VICTORIA,ROAD,1,10.0
73872,1,3,121,2,1,60.0,0,I,MELB_URBAN,ROAD,1,16.0
73873,4,3,171,5,2,100.0,0,N,RURAL_VICTORIA,ROAD,1,6.0
73874,2,3,100,5,1,80.0,0,N,MELB_URBAN,HIGHWAY,1,17.0
73875,1,4,130,5,1,60.0,0,N,MELB_URBAN,HIGHWAY,1,17.0
73876,1,4,120,1,1,60.0,0,I,MELB_URBAN,ROAD,1,17.0
73877,4,4,173,5,1,50.0,0,N,MELB_URBAN,STREET,1,16.0
73878,2,6,102,5,1,40.0,0,N,MELB_URBAN,STREET,1,13.0
73879,1,4,99,2,1,100.0,1,I,RURAL_VICTORIA,HIGHWAY,1,14.0
73880,4,4,173,5,2,60.0,0,N,RURAL_VICTORIA,ROAD,1,20.0
73881,8,6,99,5,1,50.0,0,N,MELB_URBAN,STREET,9,15.0
73882,8,6,170,2,1,60.0,0,I,RURAL_VICTORIA,ROAD,12,17.0
73883,1,0,130,1,9,60.0,0,I,MELB_URBAN,DRIVE,11,16.0
73884,4,4,171,5,1,80.0,0,N,MELB_URBAN,ROAD,1,18.0
73885,1,4,113,2,1,60.0,0,I,MELB_URBAN,ROAD,1,17.0
73886,4,6,171,2,3,80.0,0,N,MELB_URBAN,HIGHWAY,12,4.0
73887,1,3,121,5,1,60.0,0,N,MELB_URBAN,ROAD,1,17.0
73888,4,4,173,5,3,70.0,0,N,MELB_URBAN,ROAD,1,23.0
73889,1,3,171,5,5,100.0,0,N,RURAL_VICTORIA,OTHER,1,1.0
73890,1,2,130,5,9,60.0,0,N,SMALL_CITIES,ROAD,12,16.0
73891,1,5,134,5,1,80.0,0,N,RURAL_VICTORIA,HIGHWAY,1,7.0
73892,1,3,135,5,1,100.0,0,N,MELB_URBAN,FREEWAY,12,12.0
73893,4,5,171,5,1,100.0,0,N,RURAL_VICTORIA,ROAD,1,7.0
73894,1,5,130,4,1,60.0,1,I,MELB_URBAN,ROAD,1,8.0
73895,1,5,111,1,1,110.0,0,N,RURAL_VICTORIA,FREEWAY,1,11.0
73896,1,4,121,1,1,60.0,0,I,LARGE_PROVINCIAL_CITIES,OTHER,1,7.0
73897,1,2,147,5,1,40.0,0,N,MELB_URBAN,STREET,1,12.0
73898,1,4,171,5,1,50.0,0,N,MELB_URBAN,OTHER,1,12.0
73899,4,5,183,5,1,60.0,0,N,MELB_URBAN,ROAD,1,10.0
73900,1,6,110,1,1,60.0,0,I,MELB_URBAN,ROAD,12,5.0
73901,1,5,116,2,1,100.0,0,I,RURAL_VICTORIA,ROAD,1,11.0
73902,4,6,99,5,1,100.0,0,N,RURAL_VICTORIA,ROAD,10,11.0
73903,1,5,113,2,1,80.0,0,I,RURAL_VICTORIA,ROAD,1,16.0
73904,1,4,130,2,1,60.0,0,I,SMALL_CITIES,ROAD,1,16.0
73905,4,5,183,5,1,100.0,0,N,RURAL_VICTORIA,ROAD,1,15.0
73906,1,4,113,2,1,80.0,0,N,MELB_URBAN,ROAD,1,20.0
73907,4,5,181,2,1,60.0,0,I,RURAL_VICTORIA,ROAD,1,16.0
73908,8,1,174,2,1,60.0,0,I,RURAL_VICTORIA,ROAD,1,16.0
73909,1,5,113,4,1,80.0,0,I,TOWNS,RAMP,1,16.0
73910,1,5,99,5,1,60.0,0,N,MELB_URBAN,RAMP,1,17.0
73911,1,4,132,1,1,100.0,0,I,RURAL_VICTORIA,ROAD,1,17.0
73912,1,5,99,5,1,60.0,0,N,MELB_URBAN,ROAD,1,19.0
73913,1,5,130,5,1,60.0,0,N,RURAL_VICTORIA,ROAD,1,17.0
73914,1,5,121,1,1,40.0,0,I,MELB_URBAN,HIGHWAY,1,18.0
73915,1,4,130,2,1,70.0,0,I,LARGE_PROVINCIAL_CITIES,HIGHWAY,1,14.0
73916,1,4,110,1,2,60.0,0,I,MELB_URBAN,ROAD,1,4.0
73917,1,4,130,2,3,60.0,0,I,MELB_URBAN,ROAD,1,21.0
73918,1,5,121,1,3,70.0,0,I,MELB_URBAN,ROAD,1,21.0
73919,2,5,99,5,5,100.0,0,N,RURAL_VICTORIA,HIGHWAY,1,22.0
73920,4,6,171,5,3,60.0,0,N,MELB_URBAN,ROAD,1,0.0
73921,6,5,170,5,5,100.0,0,N,RURAL_VICTORIA,ROAD,1,23.0
73922,3,2,167,2,1,40.0,0,N,MELB_URBAN,STREET,1,19.0
73923,6,5,174,2,1,50.0,0,I,SMALL_CITIES,DRIVE,12,9.0
73924,1,6,110,1,2,60.0,0,I,MELB_URBAN,ROAD,1,6.0
73925,1,4,99,5,1,50.0,0,N,MELB_URBAN,STREET,1,10.0
73926,1,2,130,1,9,50.0,0,I,MELB_URBAN,STREET,1,13.0
73927,8,6,170,1,1,50.0,0,I,LARGE_PROVINCIAL_CITIES,STREET,1,8.0
73928,2,2,100,1,6,60.0,0,I,MELB_URBAN,STREET,12,23.0
73929,6,6,174,5,1,40.0,0,N,MELB_URBAN,ROAD,1,7.0
73930,1,6,132,2,1,80.0,0,I,TOWNS,OTHER,1,11.0
73931,1,6,120,5,1,100.0,0,N,RURAL_VICTORIA,ROAD,1,10.0
73932,1,2,130,1,1,80.0,0,N,MELB_URBAN,ROAD,12,13.0
73933,4,6,183,5,1,100.0,0,N,RURAL_VICTORIA,ROAD,1,10.0
73934,8,5,174,1,1,70.0,0,I,MELB_URBAN,ROAD,1,17.0
73935,1,6,130,2,1,60.0,0,I,MELB_URBAN,ROAD,1,10.0
73936,1,5,130,5,1,80.0,0,N,LARGE_PROVINCIAL_CITIES,ROAD,1,9.0
73937,1,5,130,1,1,80.0,0,N,MELB_URBAN,HIGHWAY,1,7.0
73938,8,6,174,1,1,80.0,0,I,MELB_URBAN,ROAD,1,8.0
73939,1,6,130,5,1,60.0,0,N,SMALL_CITIES,AVENUE,1,14.0
73940,6,6,99,5,1,100.0,0,N,MELB_URBAN,OTHER,1,14.0
73941,6,6,184,2,1,60.0,0,I,RURAL_VICTORIA,OTHER,1,16.0
73942,1,6,121,5,1,60.0,0,N,MELB_URBAN,HIGHWAY,1,16.0
73943,1,1,99,4,1,60.0,0,I,RURAL_VICTORIA,ROAD,9,9.0
73944,4,6,173,5,1,50.0,0,N,MELB_URBAN,ROAD,1,13.0
73945,1,4,134,5,1,60.0,0,N,LARGE_PROVINCIAL_CITIES,STREET,1,16.0
73946,2,6,100,1,1,50.0,0,I,MELB_URBAN,STREET,1,17.0
73947,1,6,130,2,9,80.0,0,I,MELB_URBAN,HIGHWAY,1,16.0
73948,1,6,99,4,1,80.0,0,I,MELB_URBAN,HIGHWAY,1,17.0
73949,1,2,130,1,1,60.0,0,I,MELB_URBAN,STREET,1,12.0
73950,4,6,181,2,1,60.0,0,I,MELB_URBAN,ROAD,1,18.0
73951,1,6,113,2,1,60.0,0,I,MELB_URBAN,ROAD,1,17.0
73952,4,6,171,2,1,60.0,0,N,LARGE_PROVINCIAL_CITIES,ROAD,1,15.0
73953,4,5,181,5,1,80.0,0,N,RURAL_VICTORIA,HIGHWAY,1,19.0
73954,1,6,130,5,1,60.0,0,N,MELB_URBAN,ROAD,1,16.0
73955,1,6,130,2,1,60.0,0,I,SMALL_CITIES,ROAD,1,15.0
73956,4,5,171,2,5,100.0,0,I,RURAL_VICTORIA,ROAD,1,20.0
73957,1,6,110,4,1,70.0,0,N,MELB_URBAN,RAMP,1,14.0
73958,1,6,120,5,1,80.0,0,N,MELB_URBAN,ROAD,1,16.0
73959,1,6,121,4,3,80.0,0,I,MELB_URBAN,HIGHWAY,1,21.0
73960,1,5,120,5,1,80.0,0,N,RURAL_VICTORIA,ROAD,1,20.0
73961,1,6,130,5,1,40.0,0,N,MELB_URBAN,FREEWAY,1,19.0
73962,4,5,171,5,3,50.0,0,N,MELB_URBAN,STREET,1,22.0
73963,4,6,171,5,1,100.0,1,N,RURAL_VICTORIA,ROAD,1,16.0
73964,6,7,99,5,3,60.0,0,N,MELB_URBAN,ROAD,1,0.0
73965,1,6,116,1,1,50.0,0,I,MELB_URBAN,ROAD,1,19.0
73966,4,6,183,5,4,60.0,0,N,MELB_URBAN,ROAD,1,2.0
73967,4,7,171,5,5,60.0,1,N,MELB_URBAN,ROAD,1,0.0
73968,1,7,135,4,1,80.0,0,I,MELB_URBAN,ROAD,1,11.0
73969,4,7,171,5,1,60.0,0,N,MELB_URBAN,ROAD,1,6.0
73970,2,7,102,5,1,60.0,0,N,MELB_URBAN,ROAD,1,8.0
73971,1,7,130,2,1,60.0,0,I,MELB_URBAN,ROAD,1,9.0
73972,1,7,110,1,1,50.0,0,I,SMALL_CITIES,STREET,1,8.0
73973,4,7,173,5,1,100.0,0,N,RURAL_VICTORIA,ROAD,1,9.0
73974,4,6,173,5,1,50.0,0,N,SMALL_CITIES,AVENUE,1,7.0
73975,6,7,174,5,1,50.0,0,I,MELB_URBAN,STREET,1,10.0
73976,4,5,171,5,1,60.0,0,N,MELB_URBAN,HIGHWAY,1,12.0
73977,2,7,99,5,1,60.0,0,N,RURAL_VICTORIA,ROAD,1,11.0
73978,1,7,121,2,1,80.0,0,I,RURAL_VICTORIA,ROAD,1,10.0
73979,2,7,102,1,1,60.0,0,I,TOWNS,STREET,1,10.0
73980,4,6,171,5,1,80.0,0,N,RURAL_VICTORIA,ROAD,1,12.0
73981,1,2,130,2,1,60.0,0,N,MELB_URBAN,STREET,11,10.0
73982,1,7,99,5,1,60.0,0,N,RURAL_VICTORIA,ROAD,1,7.0
73983,1,7,160,5,1,60.0,0,N,MELB_URBAN,ROAD,1,12.0
73984,1,7,130,5,1,80.0,0,N,MELB_URBAN,HIGHWAY,1,14.0
73985,1,3,130,5,1,80.0,0,N,MELB_URBAN,UNKNOWN,12,15.0
73986,1,7,111,2,1,50.0,0,I,LARGE_PROVINCIAL_CITIES,STREET,1,15.0
73987,1,7,130,4,1,60.0,0,I,MELB_URBAN,RAMP,1,16.0
73988,1,7,130,2,1,60.0,0,I,MELB_URBAN,ROAD,1,16.0
73989,1,7,120,5,1,50.0,0,N,MELB_URBAN,ROAD,1,15.0
73990,6,7,99,2,3,60.0,0,N,MELB_URBAN,ROAD,1,22.0
73991,1,7,121,1,1,60.0,0,N,MELB_URBAN,STREET,1,18.0
73992,1,0,130,5,3,40.0,0,N,MELB_URBAN,FREEWAY,1,0.0
73993,8,0,170,5,3,80.0,0,N,RURAL_VICTORIA,ROAD,1,2.0
73994,4,1,173,2,3,80.0,0,I,MELB_URBAN,HIGHWAY,1,0.0
73995,4,1,173,1,3,50.0,0,I,MELB_URBAN,STREET,1,0.0
73996,1,0,120,5,3,60.0,0,N,MELB_URBAN,ROAD,1,3.0
73997,7,0,99,5,3,50.0,0,N,TOWNS,STREET,1,2.0
73998,1,6,121,2,3,80.0,0,N,MELB_URBAN,HIGHWAY,1,23.0
73999,1,1,110,1,2,70.0,0,I,MELB_URBAN,OTHER,1,5.0
74000,6,6,99,5,1,80.0,0,N,LARGE_PROVINCIAL_CITIES,ROAD,1,10.0
74001,6,3,174,5,1,70.0,0,N,MELB_URBAN,ROAD,1,15.0
74002,1,5,130,2,1,80.0,0,I,RURAL_VICTORIA,ROAD,12,16.0
74003,1,6,130,2,1,40.0,0,I,MELB_URBAN,STREET,1,16.0
74004,1,7,133,5,1,60.0,0,N,TOWNS,STREET,1,19.0
74005,8,7,99,5,1,100.0,0,N,RURAL_VICTORIA,ROAD,1,11.0
74006,1,1,110,1,1,60.0,0,I,MELB_URBAN,ROAD,1,10.0
74007,4,0,173,5,1,100.0,0,N,RURAL_VICTORIA,ROAD,1,8.0
74008,6,7,184,2,1,100.0,0,I,RURAL_VICTORIA,ROAD,1,13.0
74009,4,1,173,1,1,60.0,0,N,MELB_URBAN,STREET,1,8.0
74010,1,1,121,1,1,60.0,0,I,MELB_URBAN,ROAD,1,11.0
74011,8,1,99,5,1,80.0,0,N,RURAL_VICTORIA,ROAD,1,11.0
74012,6,1,184,5,1,60.0,0,N,RURAL_VICTORIA,ROAD,1,11.0
74013,2,1,102,2,1,40.0,0,I,MELB_URBAN,ROAD,1,13.0
74014,2,0,102,2,1,60.0,0,N,MELB_URBAN,DRIVE,1,13.0
74015,1,3,130,2,9,60.0,0,I,MELB_URBAN,ROAD,11,13.0
74016,1,1,110,1,1,50.0,0,I,MELB_URBAN,STREET,1,13.0
74017,1,1,120,5,1,80.0,0,N,RURAL_VICTORIA,ROAD,1,12.0
74018,1,3,130,1,1,70.0,0,I,MELB_URBAN,ROAD,10,12.0
74019,4,1,171,5,1,60.0,0,N,MELB_URBAN,BOULEVARD,1,11.0
74020,1,4,130,2,1,60.0,0,I,MELB_URBAN,ROAD,1,18.0
74021,1,5,130,5,1,60.0,0,N,MELB_URBAN,HIGHWAY,1,9.0
74022,1,1,99,1,1,60.0,0,I,SMALL_TOWNS,HIGHWAY,1,14.0
74023,1,1,130,5,1,80.0,0,N,MELB_URBAN,UNKNOWN,1,16.0
74024,6,1,174,5,1,60.0,0,N,TOWNS,ROAD,1,11.0
74025,1,0,121,1,1,70.0,0,I,LARGE_PROVINCIAL_CITIES,STREET,1,18.0
74026,1,1,110,1,1,80.0,0,I,MELB_URBAN,ROAD,1,19.0
74027,4,1,171,5,1,100.0,0,N,RURAL_VICTORIA,ROAD,1,17.0
74028,6,1,99,5,1,100.0,0,N,RURAL_VICTORIA,ROAD,1,16.0
74029,8,5,174,2,9,60.0,0,I,MELB_URBAN,STREET,1,23.0
74030,1,1,160,5,1,50.0,0,N,LARGE_PROVINCIAL_CITIES,ROAD,1,20.0
74031,1,1,99,2,1,70.0,0,I,RURAL_VICTORIA,ROAD,1,20.0