,accident_type,day_of_week,dca_code,road_geometry,light_condition,speed_zone,severity,node_type,deg_urban_name,road_type,month,hour
74032,4,1,173,1,3,60.0,0,I,LARGE_PROVINCIAL_CITIES,ROAD,1,4.0
74033,8,1,99,5,5,60.0,0,N,RURAL_VICTORIA,OTHER,1,22.0
74034,1,1,110,1,3,60.0,0,I,MELB_URBAN,ROAD,1,22.0
74035,1,1,110,1,1,100.0,1,I,RURAL_VICTORIA,ROAD,1,16.0
74036,1,2,121,2,1,60.0,0,I,MELB_URBAN,ROAD,1,5.0
74037,1,0,120,5,1,80.0,0,N,RURAL_VICTORIA,ROAD,1,14.0
74038,1,1,121,2,1,60.0,0,I,MELB_URBAN,ROAD,1,7.0
74039,1,2,132,2,1,50.0,0,I,MELB_URBAN,BOULEVARD,1,8.0
74040,8,6,174,5,1,50.0,0,N,MELB_URBAN,ROAD,1,6.0
74041,1,2,130,1,9,80.0,0,N,MELB_URBAN,HIGHWAY,11,7.0
74042,1,2,99,2,1,60.0,0,I,MELB_URBAN,ROAD,1,8.0
74043,1,2,130,5,1,60.0,0,N,MELB_URBAN,ROAD,1,9.0
74044,6,2,174,5,1,70.0,0,N,MELB_URBAN,HIGHWAY,1,8.0
74045,1,4,130,5,1,60.0,0,N,MELB_URBAN,HIGHWAY,1,15.0
74046,4,5,181,5,1,80.0,0,N,RURAL_VICTORIA,ROAD,12,7.0
74047,2,2,100,1,1,60.0,1,I,SMALL_CITIES,STREET,1,7.0
74048,1,6,130,5,1,70.0,0,I,MELB_URBAN,ROAD,1,19.0
74049,1,5,130,5,1,60.0,0,N,MELB_URBAN,STREET,9,17.0
74050,1,4,110,1,3,70.0,0,I,MELB_URBAN,STREET,8,18.0
74051,2,3,100,5,1,50.0,0,N,SMALL_TOWNS,DRIVE,1,9.0
74052,1,0,121,2,1,80.0,0,I,MELB_URBAN,ROAD,1,16.0
74053,1,1,120,5,1,100.0,0,N,RURAL_VICTORIA,HIGHWAY,1,15.0
74054,1,2,113,2,1,60.0,0,I,LARGE_PROVINCIAL_CITIES,HIGHWAY,1,13.0
74055,8,6,174,5,1,60.0,0,N,RURAL_VICTORIA,OTHER,12,16.0
74056,1,7,130,1,1,60.0,0,I,MELB_URBAN,ROAD,10,11.0
74057,1,5,130,2,1,60.0,0,N,MELB_URBAN,ROAD,1,12.0
74058,1,1,113,2,1,50.0,0,I,MELB_URBAN,STREET,1,17.0
74059,1,7,132,1,9,60.0,0,I,SMALL_CITIES,STREET,11,13.0
74060,1,2,120,5,1,100.0,0,N,RURAL_VICTORIA,HIGHWAY,1,14.0
74061,1,1,130,2,1,40.0,0,N,MELB_URBAN,STREET,1,15.0
74062,1,1,147,5,1,50.0,0,N,SMALL_CITIES,ROAD,1,14.0
74063,1,2,130,1,2,70.0,0,N,MELB_URBAN,PARADE,11,19.0
74064,1,2,110,1,1,80.0,0,I,RURAL_VICTORIA,ROAD,1,17.0
74065,1,1,99,5,1,60.0,0,N,MELB_URBAN,ROAD,1,16.0
74066,1,2,99,2,1,50.0,0,I,SMALL_CITIES,OTHER,1,16.0
74067,4,0,173,5,1,60.0,0,N,RURAL_VICTORIA,STREET,1,15.0
74068,1,1,130,2,1,80.0,0,I,MELB_URBAN,ROAD,1,18.0
74069,1,2,99,1,1,40.0,0,I,MELB_URBAN,STREET,1,17.0
74070,1,2,113,1,3,60.0,0,I,MELB_URBAN,ROAD,12,0.0
74071,4,2,171,1,1,50.0,0,I,MELB_URBAN,BOULEVARD,1,18.0
74072,1,2,110,1,1,50.0,0,I,MELB_URBAN,ROAD,1,17.0
74073,1,2,120,2,3,70.0,0,I,MELB_URBAN,ROAD,1,0.0
74074,4,3,173,2,3,60.0,0,I,MELB_URBAN,STREET,1,3.0
74075,1,7,110,1,1,80.0,0,N,MELB_URBAN,HIGHWAY,12,12.0
74076,4,2,173,5,2,110.0,0,N,RURAL_VICTORIA,FREEWAY,1,7.0
74077,6,5,184,2,1,60.0,0,I,TOWNS,OTHER,1,8.0
74078,1,3,99,2,1,80.0,0,I,MELB_URBAN,ROAD,1,10.0
74079,1,7,130,5,1,80.0,0,N,MELB_URBAN,ROAD,12,14.0
74080,1,5,110,1,9,60.0,0,I,MELB_URBAN,STREET,1,13.0
74081,5,3,99,5,1,60.0,0,N,RURAL_VICTORIA,OTHER,1,14.0
74082,1,3,134,5,1,100.0,0,N,MELB_URBAN,ROAD,1,11.0
74083,1,3,130,5,1,60.0,0,N,SMALL_CITIES,ROAD,1,12.0
74084,1,3,121,5,1,80.0,0,N,MELB_URBAN,ROAD,1,12.0
74085,3,2,167,5,2,100.0,0,I,RURAL_VICTORIA,HIGHWAY,12,5.0
74086,6,6,170,5,2,60.0,0,N,RURAL_VICTORIA,ROAD,1,19.0
74087,1,3,110,1,1,80.0,0,I,RURAL_VICTORIA,ROAD,1,13.0
74088,1,3,99,5,1,80.0,0,N,MELB_URBAN,FREEWAY,1,14.0
74089,8,3,99,5,9,100.0,0,N,RURAL_VICTORIA,HIGHWAY,12,7.0
74090,1,3,121,2,1,60.0,0,N,MELB_URBAN,STREET,1,13.0
74091,1,2,133,5,1,50.0,0,N,MELB_URBAN,STREET,1,14.0
74092,6,1,184,5,1,60.0,0,N,RURAL_VICTORIA,ROAD,12,10.0
74093,1,2,147,2,1,60.0,0,I,MELB_URBAN,STREET,1,10.0
74094,2,3,100,2,1,50.0,0,I,MELB_URBAN,ROAD,1,17.0
74095,1,4,160,5,1,60.0,0,N,MELB_URBAN,ROAD,12,13.0
74096,1,2,130,5,1,100.0,0,N,MELB_URBAN,FREEWAY,12,15.0
74097,1,3,99,5,1,110.0,1,N,RURAL_VICTORIA,OTHER,1,16.0
74098,1,2,130,2,1,60.0,0,I,MELB_URBAN,ROAD,12,12.0
74099,1,2,99,5,1,50.0,0,N,MELB_URBAN,AVENUE,1,18.0
74100,1,1,130,5,1,100.0,0,N,RURAL_VICTORIA,ROAD,1,12.0
74101,1,3,130,4,1,60.0,0,N,MELB_URBAN,FREEWAY,1,18.0
74102,1,3,133,5,1,60.0,0,N,MELB_URBAN,AVENUE,1,11.0
74103,4,3,181,2,1,60.0,0,I,MELB_URBAN,ROAD,1,19.0
74104,1,2,110,4,1,80.0,0,I,MELB_URBAN,ROAD,1,19.0
74105,4,5,181,5,2,100.0,0,N,RURAL_VICTORIA,ROAD,1,20.0
74106,4,3,181,5,3,60.0,0,N,MELB_URBAN,ROAD,1,4.0
74107,1,4,160,5,3,50.0,0,N,SMALL_CITIES,STREET,1,1.0
74108,1,6,130,2,3,80.0,0,I,MELB_URBAN,ROAD,12,22.0
74109,1,1,130,1,1,70.0,0,I,MELB_URBAN,STREET,12,16.0
74110,4,4,173,5,2,60.0,0,N,SMALL_TOWNS,ROAD,1,6.0
74111,1,6,132,2,1,60.0,0,I,LARGE_PROVINCIAL_CITIES,ROAD,2,16.0
74112,1,3,120,2,2,60.0,0,I,MELB_URBAN,ROAD,1,19.0
74113,1,4,135,5,1,60.0,0,N,MELB_URBAN,ROAD,1,8.0
74114,4,3,183,5,2,80.0,0,N,RURAL_VICTORIA,ROAD,1,4.0
74115,1,3,121,2,1,50.0,0,I,MELB_URBAN,STREET,1,8.0
74116,1,4,147,5,1,50.0,0,N,MELB_URBAN,ROAD,1,9.0
74117,4,4,173,5,1,60.0,0,N,MELB_URBAN,ROAD,1,9.0
74118,1,4,130,5,1,60.0,0,N,LARGE_PROVINCIAL_CITIES,HIGHWAY,1,9.0
74119,1,4,130,5,1,100.0,0,N,RURAL_VICTORIA,ROAD,1,7.0
74120,4,1,181,5,1,60.0,0,N,RURAL_VICTORIA,ROAD,1,15.0
74121,6,0,174,5,1,60.0,0,N,RURAL_VICTORIA,ROAD,1,12.0
74122,1,3,130,5,1,50.0,0,N,MELB_URBAN,STREET,1,18.0
74123,1,6,130,5,1,70.0,0,N,LARGE_PROVINCIAL_CITIES,ROAD,10,11.0
74124,2,3,99,2,3,50.0,0,I,MELB_URBAN,AVENUE,10,22.0
74125,1,5,130,5,1,100.0,0,N,MELB_URBAN,FREEWAY,1,17.0
74126,1,2,99,2,1,60.0,0,I,MELB_URBAN,ROAD,1,16.0
74127,2,4,99,5,1,60.0,0,N,LARGE_PROVINCIAL_CITIES,ROAD,1,10.0
74128,2,4,99,5,1,60.0,0,N,MELB_URBAN,STREET,1,12.0
74129,1,4,130,2,1,60.0,0,N,MELB_URBAN,ROAD,1,9.0
74130,1,6,116,2,1,60.0,0,I,MELB_URBAN,DRIVE,1,14.0
74131,1,3,130,5,1,80.0,0,N,MELB_URBAN,ROAD,1,12.0
74132,1,3,120,5,5,100.0,0,N,RURAL_VICTORIA,ROAD,1,20.0
74133,3,3,167,5,1,100.0,0,N,RURAL_VICTORIA,ROAD,1,8.0
74134,4,3,183,5,1,100.0,0,N,RURAL_VICTORIA,ROAD,1,13.0
74135,8,2,174,2,1,60.0,0,I,MELB_URBAN,ROAD,11,17.0
74136,6,4,99,5,1,100.0,0,N,RURAL_VICTORIA,HIGHWAY,1,12.0
74137,1,7,121,2,1,60.0,0,I,MELB_URBAN,UNKNOWN,11,9.0
74138,3,1,167,5,5,100.0,0,N,RURAL_VICTORIA,ROAD,1,21.0
74139,1,4,113,2,1,80.0,0,I,MELB_URBAN,ROAD,1,14.0
74140,1,0,163,5,1,40.0,0,N,MELB_URBAN,STREET,1,12.0
74141,1,2,130,1,1,60.0,0,N,MELB_URBAN,ROAD,1,8.0
74142,6,2,174,1,3,60.0,0,I,MELB_URBAN,ROAD,1,1.0
74143,4,3,171,2,1,50.0,0,I,MELB_URBAN,STREET,1,16.0
74144,1,3,130,1,1,60.0,0,I,MELB_URBAN,STREET,1,14.0
74145,2,4,100,2,1,40.0,0,I,MELB_URBAN,STREET,1,15.0
74146,1,4,110,1,1,60.0,0,I,SMALL_CITIES,STREET,1,17.0
74147,4,4,171,5,1,100.0,0,N,MELB_URBAN,ROAD,1,15.0
74148,1,4,130,5,1,100.0,0,N,MELB_URBAN,FREEWAY,1,18.0
74149,1,2,130,5,9,60.0,0,N,MELB_URBAN,STREET,1,17.0
74150,4,4,173,5,3,60.0,0,N,MELB_URBAN,STREET,1,1.0
74151,1,4,111,1,3,60.0,0,I,MELB_URBAN,ROAD,1,21.0
74152,4,5,99,5,3,80.0,0,N,MELB_URBAN,FREEWAY,1,0.0
74153,8,5,99,1,3,50.0,0,I,LARGE_PROVINCIAL_CITIES,PARADE,1,0.0
74154,1,3,113,1,1,60.0,0,I,MELB_URBAN,ROAD,1,18.0
74155,1,2,99,5,1,80.0,0,N,RURAL_VICTORIA,ROAD,1,19.0
74156,1,3,110,1,3,60.0,0,N,MELB_URBAN,HIGHWAY,1,21.0
74157,1,4,110,1,1,100.0,0,I,RURAL_VICTORIA,ROAD,1,9.0
74158,1,6,130,5,1,80.0,0,N,MELB_URBAN,HIGHWAY,12,15.0
74159,1,5,111,1,1,80.0,0,I,RURAL_VICTORIA,ROAD,1,9.0
74160,4,5,183,5,1,100.0,0,N,RURAL_VICTORIA,HIGHWAY,1,10.0
74161,1,5,99,4,3,70.0,0,I,MELB_URBAN,ROAD,12,23.0
74162,1,5,140,2,1,40.0,0,N,MELB_URBAN,STREET,1,8.0
74163,1,5,111,2,1,60.0,0,I,MELB_URBAN,ROAD,1,7.0
74164,1,5,116,2,2,40.0,0,I,MELB_URBAN,STREET,1,6.0
74165,4,5,181,2,1,50.0,0,I,SMALL_TOWNS,AVENUE,1,11.0
74166,1,5,133,5,1,60.0,0,N,MELB_URBAN,STREET,1,8.0
74167,1,5,140,5,1,50.0,0,N,MELBOURNE_CBD,STREET,1,8.0
74168,1,4,160,5,1,60.0,0,N,MELB_URBAN,ROAD,1,12.0
74169,4,5,99,5,1,50.0,0,N,SMALL_CITIES,STREET,1,8.0
74170,1,5,121,1,1,50.0,0,I,MELB_URBAN,ROAD,1,13.0
74171,4,5,171,5,1,100.0,0,N,RURAL_VICTORIA,OTHER,1,11.0
74172,1,4,110,1,3,80.0,0,I,MELB_URBAN,STREET,1,22.0
74173,1,3,135,5,9,60.0,0,N,MELB_URBAN,ROAD,12,11.0
74174,1,5,133,5,1,100.0,0,N,MELB_URBAN,FREEWAY,1,11.0
74175,1,3,111,2,1,50.0,0,I,MELB_URBAN,BOULEVARD,1,17.0
74176,1,6,130,5,1,60.0,0,N,RURAL_VICTORIA,ROAD,1,15.0
74177,1,3,132,2,6,60.0,0,N,MELB_URBAN,PARADE,1,20.0
74178,1,5,135,5,1,80.0,0,N,MELB_URBAN,UNKNOWN,1,12.0
74179,1,5,121,4,1,80.0,0,I,MELB_URBAN,RAMP,1,15.0
74180,1,1,134,2,1,80.0,0,I,MELB_URBAN,HIGHWAY,12,16.0
74181,6,0,174,5,1,60.0,0,N,RURAL_VICTORIA,OTHER,12,15.0
74182,1,5,121,2,1,60.0,0,I,MELB_URBAN,ROAD,1,17.0
74183,8,4,174,2,1,60.0,0,N,MELB_URBAN,ROAD,1,8.0
74184,4,5,99,5,1,50.0,0,N,MELB_URBAN,STREET,1,15.0
74185,2,4,100,1,1,50.0,0,I,SMALL_CITIES,STREET,1,18.0
74186,1,4,130,3,1,60.0,0,N,LARGE_PROVINCIAL_CITIES,ROAD,1,17.0
74187,1,5,133,5,1,80.0,0,N,MELB_URBAN,ROAD,1,16.0
74188,1,5,147,5,1,60.0,0,N,MELB_URBAN,ROAD,1,17.0
74189,1,4,135,5,1,80.0,0,I,MELB_URBAN,FREEWAY,1,16.0
74190,1,5,133,5,2,80.0,0,N,LARGE_PROVINCIAL_CITIES,ROAD,1,19.0
74191,4,5,173,1,3,50.0,0,I,MELB_URBAN,HIGHWAY,1,4.0
74192,4,4,183,5,5,60.0,0,N,MELB_URBAN,ROAD,1,21.0
74193,4,5,171,5,3,70.0,0,I,MELB_URBAN,ROAD,1,22.0
74194,1,4,121,1,3,80.0,0,I,MELB_URBAN,ROAD,1,22.0
74195,1,5,110,1,1,60.0,0,I,MELB_URBAN,AVENUE,1,18.0
74196,1,4,120,5,3,60.0,0,N,MELB_URBAN,ROAD,1,22.0
74197,1,3,111,1,1,80.0,0,I,MELB_URBAN,ROAD,1,14.0
74198,1,5,116,2,1,50.0,0,I,MELB_URBAN,AVENUE,1,16.0
74199,1,6,121,5,1,60.0,0,N,LARGE_PROVINCIAL_CITIES,HIGHWAY,1,9.0
74200,1,6,121,1,1,40.0,0,I,MELBOURNE_CBD,STREET,1,7.0
74201,1,6,113,1,1,60.0,0,I,MELB_URBAN,ROAD,1,9.0
74202,1,6,121,1,1,60.0,0,I,MELB_URBAN,ROAD,1,8.0
74203,1,6,130,2,1,60.0,0,I,MELB_URBAN,STREET,1,9.0
74204,1,2,130,1,1,60.0,0,N,SMALL_CITIES,ROAD,1,16.0
74205,6,6,174,5,1,40.0,0,N,MELB_URBAN,STREET,1,8.0
74206,1,4,99,2,1,60.0,0,I,MELB_URBAN,STREET,10,11.0
74207,1,6,160,5,1,50.0,0,N,MELB_URBAN,HIGHWAY,1,7.0
74208,2,5,100,2,1,60.0,0,I,MELB_URBAN,ROAD,12,12.0
74209,1,6,110,1,1,60.0,0,I,MELB_URBAN,STREET,1,12.0
74210,1,6,130,1,1,70.0,0,I,MELB_URBAN,ROAD,1,12.0
74211,1,5,121,2,1,80.0,0,I,MELB_URBAN,ROAD,1,12.0
74212,4,6,181,5,1,80.0,0,N,RURAL_VICTORIA,ROAD,1,10.0
74213,4,6,183,5,1,100.0,0,N,RURAL_VICTORIA,ROAD,1,10.0
74214,4,6,171,5,1,80.0,0,N,MELB_URBAN,ROAD,1,12.0
74215,4,1,183,5,5,100.0,0,N,RURAL_VICTORIA,ROAD,1,22.0
74216,4,6,181,5,1,70.0,0,N,MELB_URBAN,ROAD,1,12.0
74217,6,2,174,5,1,50.0,0,N,MELB_URBAN,ROAD,1,17.0
74218,4,5,181,5,1,100.0,0,N,RURAL_VICTORIA,HIGHWAY,1,14.0
74219,1,1,99,2,1,60.0,0,I,MELB_URBAN,ROAD,12,10.0
74220,1,5,110,1,1,40.0,0,I,MELB_URBAN,STREET,1,13.0
74221,1,4,130,5,1,60.0,0,N,LARGE_PROVINCIAL_CITIES,STREET,12,11.0
74222,1,3,110,1,1,50.0,0,I,MELB_URBAN,STREET,1,17.0
74223,4,6,183,5,5,100.0,0,N,RURAL_VICTORIA,HIGHWAY,1,3.0
74224,1,5,130,5,1,80.0,0,I,MELB_URBAN,HIGHWAY,1,17.0
74225,6,5,170,5,2,80.0,0,N,RURAL_VICTORIA,ROAD,1,20.0
74226,1,6,130,1,3,50.0,0,I,MELB_URBAN,ROAD,1,4.0
74227,4,6,183,5,5,110.0,0,N,RURAL_VICTORIA,FREEWAY,1,5.0
74228,1,6,120,5,3,70.0,0,N,MELB_URBAN,ROAD,1,23.0
74229,5,6,99,5,1,70.0,0,N,MELB_URBAN,UNKNOWN,1,18.0
74230,4,6,181,2,5,60.0,0,I,RURAL_VICTORIA,ROAD,1,23.0
74231,4,7,173,1,3,50.0,0,N,SMALL_CITIES,ROAD,1,3.0
74232,6,7,99,5,5,100.0,0,N,RURAL_VICTORIA,OTHER,1,2.0
74233,1,7,99,2,1,60.0,0,I,MELB_URBAN,STREET,1,7.0
74234,1,7,99,2,1,40.0,0,I,MELB_URBAN,ROAD,1,8.0
74235,1,1,130,1,1,60.0,0,I,MELB_URBAN,ROAD,12,10.0
74236,1,7,130,1,1,70.0,0,I,MELB_URBAN,ROAD,1,12.0
74237,1,4,163,1,1,50.0,0,N,MELB_URBAN,STREET,1,16.0
74238,4,6,171,5,4,50.0,0,N,TOWNS,STREET,1,0.0
74239,1,6,110,1,1,60.0,0,N,MELB_URBAN,ROAD,1,19.0
74240,4,7,173,5,1,110.0,0,N,RURAL_VICTORIA,FREEWAY,1,16.0
74241,1,7,130,2,1,60.0,0,I,TOWNS,ROAD,1,15.0
74242,1,6,132,2,1,50.0,0,I,TOWNS,STREET,1,15.0
74243,6,4,174,1,9,50.0,0,I,MELB_URBAN,ROAD,1,11.0
74244,1,7,130,5,1,60.0,1,I,MELB_URBAN,ROAD,1,16.0
74245,1,7,113,2,1,60.0,0,I,MELB_URBAN,ROAD,1,15.0
74246,1,7,130,5,1,80.0,0,N,MELB_URBAN,UNKNOWN,1,17.0
74247,4,5,181,5,2,70.0,0,N,MELB_URBAN,ROAD,1,20.0
74248,1,0,121,4,1,80.0,0,I,MELB_URBAN,ROAD,1,6.0
74249,1,0,135,1,1,80.0,0,I,MELB_URBAN,ROAD,11,12.0
74250,1,1,99,5,1,80.0,0,N,MELB_URBAN,ROAD,1,9.0
74251,1,1,110,1,1,60.0,0,I,LARGE_PROVINCIAL_CITIES,STREET,1,8.0
74252,2,3,102,1,1,80.0,0,I,MELB_URBAN,ROAD,1,12.0
74253,2,1,99,5,1,60.0,0,N,MELB_URBAN,HIGHWAY,1,7.0
74254,4,1,181,5,1,100.0,0,N,RURAL_VICTORIA,ROAD,1,8.0
74255,1,1,99,2,1,60.0,0,N,MELB_URBAN,ROAD,1,12.0
74256,1,1,130,5,1,50.0,0,N,MELB_URBAN,ROAD,1,12.0
74257,1,1,99,2,1,60.0,0,I,SMALL_TOWNS,STREET,1,13.0
74258,4,1,99,5,1,50.0,0,N,MELB_URBAN,ROAD,1,13.0
74259,1,6,130,5,1,100.0,0,N,MELB_URBAN,ROAD,1,17.0
74260,2,1,100,2,1,60.0,0,I,MELB_URBAN,HIGHWAY,1,13.0
74261,7,5,99,5,1,100.0,0,N,RURAL_VICTORIA,HIGHWAY,12,19.0
74262,1,1,120,5,1,100.0,0,N,RURAL_VICTORIA,OTHER,1,15.0
74263,1,1,121,1,1,50.0,0,I,TOWNS,STREET,1,16.0
74264,4,1,183,5,1,100.0,0,N,RURAL_VICTORIA,ROAD,1,15.0
74265,1,1,120,5,1,100.0,0,N,RURAL_VICTORIA,ROAD,1,16.0
74266,1,6,99,5,1,100.0,0,N,RURAL_VICTORIA,HIGHWAY,1,16.0
74267,1,0,130,5,1,100.0,0,N,RURAL_VICTORIA,HIGHWAY,1,16.0
74268,1,1,111,1,1,100.0,0,I,RURAL_VICTORIA,HIGHWAY,1,16.0
74269,1,0,121,5,1,50.0,0,N,MELB_URBAN,BOULEVARD,1,14.0
74270,8,1,99,5,1,80.0,0,N,SMALL_TOWNS,ROAD,1,15.0
74271,1,1,130,5,1,100.0,1,N,RURAL_VICTORIA,HIGHWAY,1,16.0
74272,1,0,130,5,1,100.0,0,N,RURAL_VICTORIA,FREEWAY,1,18.0
74273,1,1,135,5,3,100.0,0,N,MELB_URBAN,FREEWAY,1,20.0
74274,1,7,113,2,1,80.0,0,I,MELB_URBAN,ROAD,1,8.0
74275,4,1,171,5,3,60.0,0,N,MELB_URBAN,STREET,1,21.0
74276,4,1,171,5,3,100.0,0,N,MELB_URBAN,OTHER,1,21.0
74277,2,1,99,5,3,50.0,0,N,MELB_URBAN,OTHER,1,21.0
74278,1,1,132,5,1,60.0,0,N,MELB_URBAN,ROAD,1,18.0
74279,1,1,113,2,1,50.0,0,I,MELB_URBAN,HIGHWAY,1,19.0
74280,1,1,147,1,3,50.0,0,I,MELB_URBAN,OTHER,1,23.0
74281,1,1,130,5,3,80.0,0,N,MELB_URBAN,HIGHWAY,1,21.0
74282,1,1,130,1,1,80.0,0,I,RURAL_VICTORIA,HIGHWAY,1,14.0
74283,1,2,99,5,3,80.0,0,N,RURAL_VICTORIA,HIGHWAY,1,0.0
74284,2,1,99,5,5,60.0,0,N,SMALL_CITIES,AVENUE,1,23.0
74285,6,1,184,5,1,60.0,0,N,RURAL_VICTORIA,ROAD,1,11.0
74286,1,0,121,2,1,80.0,0,I,RURAL_VICTORIA,ROAD,1,18.0
74287,2,4,99,5,3,50.0,0,N,LARGE_PROVINCIAL_CITIES,DRIVE,12,4.0
74288,1,2,116,1,1,60.0,0,I,MELB_URBAN,STREET,1,8.0
74289,1,5,99,5,1,100.0,0,N,RURAL_VICTORIA,ROAD,1,13.0
74290,6,1,170,5,1,100.0,0,N,RURAL_VICTORIA,ROAD,1,8.0
74291,1,1,120,5,1,70.0,0,N,RURAL_VICTORIA,HIGHWAY,1,19.0
74292,4,2,171,5,1,80.0,0,N,MELB_URBAN,STREET,1,7.0
74293,4,2,99,2,1,50.0,0,I,MELB_URBAN,STREET,1,9.0
74294,1,0,121,2,3,60.0,0,I,MELB_URBAN,HIGHWAY,1,21.0
74295,4,3,171,2,1,60.0,0,I,MELB_URBAN,STREET,1,16.0
74296,6,7,184,5,1,60.0,0,N,RURAL_VICTORIA,ROAD,1,11.0
74297,1,2,163,1,1,60.0,0,I,MELB_URBAN,STREET,1,9.0
74298,4,6,171,5,1,80.0,0,N,RURAL_VICTORIA,ROAD,1,16.0
74299,7,2,99,2,1,60.0,0,I,SMALL_CITIES,AVENUE,1,10.0
74300,1,4,130,5,9,60.0,0,N,MELB_URBAN,ROAD,9,15.0
74301,1,1,135,2,1,60.0,0,N,MELB_URBAN,UNKNOWN,1,12.0
74302,1,2,130,5,1,100.0,0,N,MELB_URBAN,FREEWAY,1,7.0
74303,6,2,170,5,1,60.0,0,N,RURAL_VICTORIA,ROAD,1,13.0
74304,4,1,171,5,1,50.0,0,N,MELB_URBAN,DRIVE,1,12.0
74305,6,7,184,2,1,60.0,0,N,RURAL_VICTORIA,OTHER,1,14.0
74306,1,1,130,5,1,100.0,0,N,RURAL_VICTORIA,HIGHWAY,1,13.0
74307,4,1,99,2,1,100.0,0,I,RURAL_VICTORIA,OTHER,1,12.0
74308,8,1,99,5,1,60.0,0,N,RURAL_VICTORIA,ROAD,1,11.0
74309,4,2,183,5,1,100.0,0,N,RURAL_VICTORIA,ROAD,1,12.0
74310,6,2,174,1,1,60.0,0,I,MELB_URBAN,ROAD,1,12.0
74311,4,0,99,2,1,100.0,0,I,RURAL_VICTORIA,ROAD,10,18.0
74312,1,3,130,1,1,60.0,0,I,SMALL_CITIES,STREET,12,18.0
74313,1,1,130,5,1,80.0,0,N,MELB_URBAN,HIGHWAY,1,7.0
74314,6,3,174,5,1,60.0,0,N,MELB_URBAN,STREET,1,15.0
74315,1,4,130,1,3,60.0,0,I,MELB_URBAN,ROAD,12,21.0
74316,8,7,170,2,1,60.0,0,I,RURAL_VICTORIA,ROAD,1,11.0
74317,6,2,99,5,1,100.0,0,N,RURAL_VICTORIA,ROAD,1,16.0
74318,1,2,121,1,1,60.0,0,I,MELB_URBAN,ROAD,1,15.0
74319,1,6,99,5,9,100.0,0,N,MELB_URBAN,UNKNOWN,1,15.0
74320,1,3,132,2,1,50.0,0,I,LARGE_PROVINCIAL_CITIES,STREET,12,10.0
74321,8,1,99,5,1,100.0,0,N,RURAL_VICTORIA,ROAD,1,16.0
74322,1,1,171,2,1,50.0,0,I,MELB_URBAN,ROAD,1,17.0
74323,4,2,183,5,2,80.0,0,N,RURAL_VICTORIA,ROAD,1,20.0
74324,1,2,147,2,1,80.0,0,N,RURAL_VICTORIA,STREET,1,18.0
74325,1,2,130,5,1,80.0,0,N,MELB_URBAN,ROAD,1,17.0
74326,1,2,130,2,5,60.0,0,I,RURAL_VICTORIA,HIGHWAY,1,22.0
74327,1,2,147,5,1,60.0,0,N,MELB_URBAN,ROAD,1,16.0
74328,1,2,121,2,9,60.0,0,I,MELB_URBAN,ROAD,1,11.0
74329,1,2,113,2,1,70.0,0,I,MELB_URBAN,AVENUE,1,8.0
74330,1,3,99,2,1,40.0,0,I,MELB_URBAN,STREET,1,8.0
74331,1,3,113,2,1,80.0,0,I,LARGE_PROVINCIAL_CITIES,STREET,1,8.0
74332,4,2,171,5,1,100.0,0,N,RURAL_VICTORIA,OTHER,1,16.0
74333,4,0,171,5,1,40.0,0,N,MELB_URBAN,STREET,12,8.0
74334,4,3,171,5,1,50.0,0,N,MELB_URBAN,ROAD,1,7.0
74335,1,3,160,5,1,60.0,0,N,MELB_URBAN,ROAD,1,9.0
74336,4,3,171,5,1,60.0,0,N,SMALL_CITIES,STREET,9,17.0
74337,6,2,174,5,1,100.0,0,N,RURAL_VICTORIA,HIGHWAY,1,9.0
74338,1,2,130,5,1,50.0,0,N,SMALL_CITIES,STREET,1,11.0
74339,4,3,181,5,2,70.0,0,N,RURAL_VICTORIA,ROAD,1,5.0
74340,1,2,130,1,1,60.0,0,I,MELB_URBAN,ROAD,1,8.0
74341,1,2,130,2,1,60.0,0,I,MELB_URBAN,ROAD,1,12.0
74342,1,6,110,1,1,50.0,0,I,SMALL_CITIES,STREET,1,15.0
74343,4,3,173,5,1,100.0,0,N,RURAL_VICTORIA,ROAD,1,12.0
74344,1,3,116,2,2,60.0,0,I,MELB_URBAN,ROAD,1,6.0
74345,1,6,113,2,1,60.0,0,I,LARGE_PROVINCIAL_CITIES,ROAD,1,17.0
74346,1,3,111,1,9,40.0,0,I,MELB_URBAN,STREET,10,18.0
74347,6,3,174,2,1,60.0,0,I,RURAL_VICTORIA,HIGHWAY,1,14.0
74348,7,2,99,5,1,60.0,0,N,RURAL_VICTORIA,ROAD,12,13.0
74349,1,3,147,5,1,50.0,0,N,MELB_URBAN,STREET,1,14.0
74350,1,3,121,2,1,50.0,0,I,SMALL_CITIES,STREET,1,15.0
74351,1,4,130,5,1,60.0,0,N,MELB_URBAN,OTHER,1,16.0
74352,4,3,183,5,1,50.0,0,N,MELB_URBAN,AVENUE,1,16.0
74353,4,2,183,5,1,110.0,0,N,SMALL_CITIES,FREEWAY,1,6.0
74354,2,3,99,1,1,60.0,0,I,MELB_URBAN,STREET,1,13.0
74355,8,3,99,2,1,50.0,0,I,MELB_URBAN,STREET,1,16.0
74356,1,3,113,2,1,60.0,0,I,MELB_URBAN,ROAD,1,18.0
74357,4,2,181,5,5,60.0,0,N,RURAL_VICTORIA,ROAD,1,21.0
74358,1,3,121,2,2,50.0,0,I,TOWNS,AVENUE,1,20.0
74359,1,4,121,1,1,60.0,0,I,MELB_URBAN,ROAD,1,8.0
74360,1,3,121,2,1,60.0,1,I,MELB_URBAN,ROAD,1,16.0
74361,1,3,130,2,1,60.0,0,I,RURAL_VICTORIA,HIGHWAY,1,11.0