,accident_type,day_of_week,dca_code,road_geometry,light_condition,speed_zone,severity,node_type,deg_urban_name,road_type,month,hour
74362,1,3,121,5,1,60.0,0,N,MELB_URBAN,ROAD,1,19.0
74363,1,2,130,1,1,50.0,0,I,TOWNS,STREET,12,14.0
74364,1,4,130,5,3,60.0,0,N,MELB_URBAN,ROAD,1,5.0
74365,4,6,173,5,1,100.0,0,N,RURAL_VICTORIA,ROAD,1,15.0
74366,1,6,130,2,1,60.0,0,I,MELB_URBAN,ROAD,1,10.0
74367,1,2,130,5,1,60.0,0,N,MELB_URBAN,STREET,1,12.0
74368,1,3,134,5,1,80.0,0,N,MELB_URBAN,UNKNOWN,1,7.0
74369,1,3,121,2,1,60.0,0,I,MELB_URBAN,HIGHWAY,1,9.0
74370,1,3,113,2,1,60.0,0,I,MELB_URBAN,ROAD,1,7.0
74371,4,1,173,5,1,80.0,0,I,TOWNS,ROAD,1,20.0
74372,1,4,99,1,1,70.0,0,I,MELB_URBAN,ROAD,1,7.0
74373,4,4,171,5,6,100.0,0,N,RURAL_VICTORIA,HIGHWAY,8,23.0
74374,1,4,99,5,3,80.0,0,N,MELB_URBAN,HIGHWAY,1,21.0
74375,1,4,110,1,1,50.0,0,I,TOWNS,STREET,1,10.0
74376,1,2,121,2,1,60.0,0,I,MELB_URBAN,ROAD,11,11.0
74377,8,4,174,4,1,60.0,0,I,MELB_URBAN,ROAD,1,13.0
74378,1,3,133,5,1,70.0,0,N,MELB_URBAN,OTHER,1,8.0
74379,1,4,110,1,1,50.0,0,I,SMALL_CITIES,STREET,1,13.0
74380,2,4,99,5,1,40.0,0,N,RURAL_VICTORIA,DRIVE,1,7.0
74381,1,4,121,1,1,60.0,0,I,LARGE_PROVINCIAL_CITIES,STREET,1,6.0
74382,1,4,130,5,1,80.0,0,N,MELB_URBAN,OTHER,1,8.0
74383,1,1,132,1,1,60.0,0,I,MELB_URBAN,AVENUE,1,14.0
74384,4,5,99,5,1,50.0,0,N,SMALL_CITIES,OTHER,2,13.0
74385,1,4,130,5,1,60.0,0,N,TOWNS,ROAD,1,13.0
74386,1,4,130,5,1,60.0,0,N,MELB_URBAN,AVENUE,1,11.0
74387,1,4,132,2,1,60.0,0,I,MELB_URBAN,ROAD,1,14.0
74388,1,6,130,1,1,60.0,0,I,MELB_URBAN,STREET,1,13.0
74389,6,4,174,5,1,60.0,0,N,RURAL_VICTORIA,OTHER,1,13.0
74390,1,4,121,1,1,100.0,0,I,RURAL_VICTORIA,HIGHWAY,1,13.0
74391,1,4,120,5,1,80.0,0,N,MELB_URBAN,ROAD,1,15.0
74392,4,5,171,5,1,100.0,0,N,RURAL_VICTORIA,OTHER,12,16.0
74393,1,4,130,5,1,80.0,0,N,RURAL_VICTORIA,ROAD,1,17.0
74394,1,1,130,5,1,80.0,0,N,MELB_URBAN,FREEWAY,12,16.0
74395,1,3,113,2,1,50.0,0,I,TOWNS,HIGHWAY,1,18.0
74396,8,4,174,5,1,60.0,0,N,LARGE_PROVINCIAL_CITIES,ROAD,1,10.0
74397,6,7,174,5,1,110.0,0,N,RURAL_VICTORIA,OTHER,1,8.0
74398,1,3,130,5,1,60.0,0,N,MELB_URBAN,ROAD,1,16.0
74399,1,3,121,2,2,60.0,0,I,MELB_URBAN,STREET,1,19.0
74400,1,3,110,1,2,60.0,0,I,MELB_URBAN,STREET,1,20.0
74401,1,4,113,1,1,50.0,0,I,MELB_URBAN,AVENUE,1,18.0
74402,1,4,121,1,1,50.0,0,I,MELB_URBAN,AVENUE,1,16.0
74403,4,4,173,2,1,100.0,0,I,RURAL_VICTORIA,ROAD,1,17.0
74404,1,4,110,1,1,100.0,1,I,RURAL_VICTORIA,HIGHWAY,1,18.0
74405,6,2,99,5,1,60.0,0,N,RURAL_VICTORIA,ROAD,1,12.0
74406,1,3,130,5,1,80.0,0,N,MELB_URBAN,ROAD,1,16.0
74407,1,5,99,2,3,50.0,0,I,MELB_URBAN,DRIVE,1,0.0
74408,1,4,121,2,3,60.0,0,I,MELB_URBAN,ROAD,1,23.0
74409,1,5,99,2,1,60.0,0,I,MELB_URBAN,ROAD,1,8.0
74410,1,5,110,1,1,60.0,0,I,LARGE_PROVINCIAL_CITIES,STREET,1,10.0
74411,4,3,171,5,1,50.0,0,N,MELB_URBAN,STREET,1,19.0
74412,8,1,174,1,1,50.0,0,I,TOWNS,STREET,1,19.0
74413,1,5,147,5,1,60.0,0,N,MELB_URBAN,ROAD,1,11.0
74414,1,5,121,1,1,50.0,0,N,LARGE_PROVINCIAL_CITIES,STREET,1,12.0
74415,1,2,130,5,1,80.0,0,N,MELB_URBAN,FREEWAY,1,14.0
74416,8,1,174,5,9,60.0,0,N,RURAL_VICTORIA,ROAD,1,15.0
74417,3,4,167,5,6,60.0,0,N,RURAL_VICTORIA,ROAD,1,22.0
74418,2,4,102,1,2,30.0,0,I,MELBOURNE_CBD,STREET,1,20.0
74419,1,4,113,2,1,60.0,0,I,MELB_URBAN,ROAD,1,13.0
74420,2,5,99,5,1,50.0,0,N,SMALL_CITIES,AVENUE,1,13.0
74421,4,4,183,5,1,100.0,0,N,RURAL_VICTORIA,ROAD,1,10.0
74422,1,2,147,5,9,50.0,0,N,MELB_URBAN,BOULEVARD,12,4.0
74423,1,5,130,5,1,60.0,0,N,SMALL_CITIES,OTHER,1,11.0
74424,4,5,183,5,1,100.0,0,N,RURAL_VICTORIA,ROAD,1,9.0
74425,1,4,113,2,1,80.0,0,N,MELB_URBAN,ROAD,1,11.0
74426,1,4,135,5,1,60.0,0,N,MELB_URBAN,HIGHWAY,10,9.0
74427,1,5,130,4,1,60.0,0,I,RURAL_VICTORIA,RAMP,1,12.0
74428,2,4,100,2,1,60.0,0,I,SMALL_CITIES,STREET,1,15.0
74429,1,5,130,4,1,80.0,0,N,MELB_URBAN,UNKNOWN,1,12.0
74430,1,4,121,2,1,60.0,0,I,MELB_URBAN,STREET,12,12.0
74431,1,5,130,2,1,80.0,0,I,MELB_URBAN,ROAD,1,17.0
74432,6,5,99,5,1,80.0,0,N,RURAL_VICTORIA,ROAD,1,16.0
74433,1,6,130,1,1,50.0,0,I,TOWNS,HIGHWAY,1,8.0
74434,1,4,160,5,1,50.0,0,N,SMALL_CITIES,STREET,1,17.0
74435,2,5,102,5,3,40.0,0,N,MELB_URBAN,STREET,1,21.0
74436,2,5,100,1,3,60.0,0,I,MELB_URBAN,ROAD,1,23.0
74437,4,6,173,5,5,110.0,0,N,RURAL_VICTORIA,HIGHWAY,1,3.0
74438,4,5,173,2,3,80.0,0,I,MELB_URBAN,ROAD,1,22.0
74439,7,4,99,5,1,80.0,0,N,RURAL_VICTORIA,HIGHWAY,1,18.0
74440,1,5,113,1,1,70.0,0,I,MELB_URBAN,ROAD,1,14.0
74441,1,6,113,1,1,70.0,0,I,MELB_URBAN,ROAD,1,7.0
74442,1,6,111,4,1,60.0,0,I,MELB_URBAN,ROAD,1,8.0
74443,4,6,173,5,1,100.0,0,N,RURAL_VICTORIA,HIGHWAY,1,7.0
74444,4,6,183,2,5,100.0,1,I,SMALL_TOWNS,HIGHWAY,1,3.0
74445,4,5,181,5,1,100.0,0,N,RURAL_VICTORIA,HIGHWAY,1,11.0
74446,1,6,121,1,1,60.0,0,I,MELB_URBAN,STREET,1,9.0
74447,1,6,110,1,1,110.0,0,I,RURAL_VICTORIA,FREEWAY,1,11.0
74448,1,5,133,5,1,60.0,0,N,LARGE_PROVINCIAL_CITIES,ROAD,1,11.0
74449,4,6,171,5,1,70.0,0,N,MELB_URBAN,HIGHWAY,1,11.0
74450,1,6,130,1,1,40.0,0,I,MELB_URBAN,STREET,9,15.0
74451,6,6,184,5,1,100.0,0,N,RURAL_VICTORIA,ROAD,1,12.0
74452,1,4,140,2,1,70.0,0,I,MELB_URBAN,ROAD,12,17.0
74453,6,5,174,5,1,60.0,0,N,RURAL_VICTORIA,ROAD,1,16.0
74454,1,6,132,2,1,50.0,0,I,MELB_URBAN,STREET,1,9.0
74455,1,5,110,1,1,60.0,0,I,MELB_URBAN,STREET,1,9.0
74456,4,6,99,5,1,100.0,0,N,RURAL_VICTORIA,OTHER,1,12.0
74457,1,5,99,5,1,60.0,0,N,MELB_URBAN,HIGHWAY,1,14.0
74458,8,6,184,5,1,80.0,0,N,SMALL_TOWNS,ROAD,1,9.0
74459,2,5,100,5,9,60.0,0,N,MELB_URBAN,ROAD,1,18.0
74460,1,6,113,2,1,100.0,0,I,LARGE_PROVINCIAL_CITIES,ROAD,1,15.0
74461,1,6,120,5,1,80.0,0,N,RURAL_VICTORIA,HIGHWAY,1,14.0
74462,5,6,99,5,1,60.0,0,N,RURAL_VICTORIA,ROAD,12,10.0
74463,1,6,113,2,1,70.0,0,I,MELB_URBAN,ROAD,1,16.0
74464,5,5,99,5,1,60.0,0,N,RURAL_VICTORIA,ROAD,1,12.0
74465,6,6,99,5,1,60.0,0,N,RURAL_VICTORIA,ROAD,1,15.0
74466,1,6,130,1,1,60.0,0,I,SMALL_CITIES,STREET,1,17.0
74467,1,6,99,5,1,50.0,0,N,MELB_URBAN,BOULEVARD,1,17.0
74468,6,4,99,5,1,100.0,0,N,RURAL_VICTORIA,ROAD,1,8.0
74469,2,1,99,5,3,40.0,0,N,MELB_URBAN,STREET,1,4.0
74470,1,5,111,2,9,50.0,0,I,MELB_URBAN,STREET,1,22.0
74471,1,6,160,5,1,50.0,0,N,MELB_URBAN,ROAD,1,14.0
74472,2,6,100,5,1,80.0,0,N,MELB_URBAN,ROAD,1,18.0
74473,2,6,99,5,1,90.0,0,N,RURAL_VICTORIA,HIGHWAY,1,19.0
74474,1,6,147,5,1,60.0,0,N,MELB_URBAN,ROAD,1,17.0
74475,1,6,110,1,3,70.0,0,I,LARGE_PROVINCIAL_CITIES,HIGHWAY,1,22.0
74476,1,5,130,5,1,80.0,0,N,MELB_URBAN,RAMP,1,11.0
74477,6,6,99,5,3,60.0,0,N,MELB_URBAN,ROAD,1,21.0
74478,5,4,99,5,1,60.0,0,N,MELB_URBAN,ROAD,12,17.0
74479,1,6,135,5,1,80.0,0,N,MELB_URBAN,FREEWAY,1,9.0
74480,1,7,130,5,5,100.0,0,N,RURAL_VICTORIA,AVENUE,1,0.0
74481,1,7,160,2,4,50.0,0,I,MELB_URBAN,ROAD,1,3.0
74482,4,7,171,5,3,50.0,0,N,MELB_URBAN,AVENUE,1,2.0
74483,2,6,100,1,6,80.0,0,I,MELB_URBAN,ROAD,1,1.0
74484,2,7,99,5,3,60.0,0,N,MELB_URBAN,HIGHWAY,1,5.0
74485,1,7,130,5,2,70.0,0,N,MELB_URBAN,ROAD,1,6.0
74486,1,5,121,2,1,60.0,0,I,MELB_URBAN,STREET,1,12.0
74487,2,7,100,5,5,80.0,0,N,MELB_URBAN,ROAD,1,5.0
74488,8,4,99,5,1,50.0,0,N,MELB_URBAN,STREET,9,10.0
74489,1,7,113,2,1,60.0,0,I,MELB_URBAN,ROAD,1,6.0
74490,1,6,113,4,1,80.0,0,N,MELB_URBAN,ROAD,1,8.0
74491,1,3,130,5,1,80.0,0,N,MELB_URBAN,HIGHWAY,1,16.0
74492,3,2,167,5,1,100.0,0,N,RURAL_VICTORIA,ROAD,1,11.0
74493,1,6,130,5,1,60.0,0,N,SMALL_CITIES,STREET,1,10.0
74494,8,7,174,4,1,50.0,0,I,MELB_URBAN,ROAD,1,13.0
74495,1,6,160,5,1,50.0,0,N,MELB_URBAN,STREET,1,11.0
74496,1,7,113,4,1,80.0,0,N,MELB_URBAN,ROAD,1,11.0
74497,4,7,99,5,1,100.0,0,N,RURAL_VICTORIA,HIGHWAY,1,12.0
74498,1,7,121,2,1,60.0,0,N,MELB_URBAN,ROAD,1,7.0
74499,1,7,121,1,1,60.0,0,I,MELB_URBAN,ROAD,1,13.0
74500,4,7,171,5,1,60.0,0,N,MELB_URBAN,HIGHWAY,1,10.0
74501,8,6,184,4,1,50.0,0,N,MELB_URBAN,STREET,12,13.0
74502,1,7,120,5,1,50.0,0,N,SMALL_TOWNS,HIGHWAY,1,15.0
74503,1,6,163,2,1,40.0,0,I,MELB_URBAN,OTHER,1,14.0
74504,4,6,99,2,1,60.0,0,I,TOWNS,STREET,1,15.0
74505,4,7,181,5,1,100.0,0,N,RURAL_VICTORIA,ROAD,1,16.0
74506,1,7,110,1,1,80.0,0,I,SMALL_TOWNS,STREET,1,18.0
74507,6,7,170,2,1,60.0,0,I,MELB_URBAN,ROAD,1,19.0
74508,1,7,99,5,3,50.0,0,N,MELB_URBAN,STREET,1,22.0
74509,1,3,130,5,1,100.0,0,N,MELB_URBAN,FREEWAY,12,17.0
74510,1,0,134,5,3,100.0,0,N,MELB_URBAN,FREEWAY,1,1.0
74511,4,1,171,5,2,60.0,0,N,MELB_URBAN,ROAD,1,6.0
74512,1,1,110,1,2,60.0,0,I,SMALL_CITIES,STREET,1,7.0
74513,1,7,132,5,1,80.0,0,N,RURAL_VICTORIA,ROAD,1,17.0
74514,2,1,99,5,5,100.0,1,N,RURAL_VICTORIA,ROAD,1,4.0
74515,4,4,173,2,1,100.0,0,I,RURAL_VICTORIA,ROAD,1,12.0
74516,1,7,130,5,1,70.0,0,N,MELB_URBAN,ROAD,1,12.0
74517,5,3,99,5,1,60.0,0,N,RURAL_VICTORIA,ROAD,1,16.0
74518,8,7,174,5,1,60.0,0,N,SMALL_TOWNS,ROAD,1,14.0
74519,1,3,130,5,1,60.0,0,N,MELB_URBAN,STREET,1,17.0
74520,1,1,160,5,1,60.0,0,N,MELB_URBAN,ROAD,1,8.0
74521,3,0,167,5,1,100.0,0,N,RURAL_VICTORIA,ROAD,1,9.0
74522,1,1,130,1,1,80.0,0,I,MELB_URBAN,HIGHWAY,1,9.0
74523,1,1,110,1,1,100.0,0,I,RURAL_VICTORIA,OTHER,1,10.0
74524,6,0,170,5,1,100.0,0,N,RURAL_VICTORIA,ROAD,1,11.0
74525,8,1,174,5,1,100.0,0,N,RURAL_VICTORIA,ROAD,1,11.0
74526,1,1,99,5,1,40.0,0,N,MELB_URBAN,STREET,1,13.0
74527,1,1,110,1,1,50.0,0,I,MELB_URBAN,ROAD,1,11.0
74528,1,0,121,2,1,80.0,0,I,SMALL_CITIES,HIGHWAY,1,12.0
74529,1,7,110,1,4,60.0,0,I,MELB_URBAN,HIGHWAY,1,19.0
74530,2,1,99,2,1,40.0,0,I,MELB_URBAN,ROAD,1,10.0
74531,1,0,130,5,1,100.0,0,N,RURAL_VICTORIA,ROAD,1,11.0
74532,1,5,121,1,1,40.0,0,I,MELB_URBAN,STREET,11,17.0
74533,4,0,171,2,1,40.0,0,I,MELB_URBAN,ROAD,1,15.0
74534,8,0,99,5,1,110.0,0,N,RURAL_VICTORIA,FREEWAY,1,14.0
74535,6,1,170,5,1,100.0,0,N,RURAL_VICTORIA,ROAD,1,13.0
74536,2,4,100,1,2,50.0,0,I,MELB_URBAN,STREET,12,18.0
74537,1,0,130,2,1,60.0,0,I,MELB_URBAN,STREET,1,15.0
74538,8,7,174,1,1,70.0,0,I,MELB_URBAN,ROAD,1,18.0
74539,1,1,130,5,1,60.0,0,N,MELB_URBAN,ROAD,1,17.0
74540,2,1,102,5,1,60.0,0,I,MELB_URBAN,STREET,1,16.0
74541,1,1,113,2,1,60.0,0,I,TOWNS,ROAD,1,18.0
74542,1,1,113,2,1,60.0,0,I,MELB_URBAN,ROAD,1,19.0
74543,6,0,99,5,1,100.0,0,N,RURAL_VICTORIA,ROAD,1,19.0
74544,1,1,130,5,1,70.0,0,N,MELB_URBAN,ROAD,1,18.0
74545,8,1,174,1,2,40.0,0,I,MELBOURNE_CBD,STREET,1,20.0
74546,1,1,99,2,1,60.0,0,I,MELB_URBAN,STREET,1,18.0
74547,1,5,113,1,1,100.0,0,I,RURAL_VICTORIA,HIGHWAY,1,11.0
74548,6,7,174,5,1,50.0,0,N,MELB_URBAN,DRIVE,1,14.0
74549,1,2,130,5,5,100.0,0,N,RURAL_VICTORIA,OTHER,1,3.0
74550,1,2,110,1,1,60.0,0,I,SMALL_CITIES,ROAD,1,6.0
74551,1,6,147,5,1,60.0,0,N,MELB_URBAN,OTHER,1,13.0
74552,1,6,130,1,9,50.0,0,I,MELB_URBAN,STREET,12,21.0
74553,1,1,113,2,1,60.0,0,I,MELB_URBAN,UNKNOWN,1,11.0
74554,1,0,130,5,5,110.0,0,N,RURAL_VICTORIA,FREEWAY,1,22.0
74555,4,6,171,5,1,80.0,0,N,RURAL_VICTORIA,ROAD,1,19.0
74556,1,2,99,5,1,50.0,0,N,MELB_URBAN,STREET,1,10.0
74557,1,1,130,1,1,60.0,0,I,MELB_URBAN,ROAD,1,9.0
74558,1,4,130,5,9,100.0,0,N,MELB_URBAN,FREEWAY,1,17.0
74559,4,1,99,5,1,100.0,0,N,RURAL_VICTORIA,ROAD,1,10.0
74560,1,3,130,5,1,80.0,0,N,MELB_URBAN,UNKNOWN,1,14.0
74561,8,5,174,5,1,100.0,0,N,SMALL_TOWNS,ROAD,1,12.0
74562,1,2,160,5,1,100.0,0,N,SMALL_CITIES,OTHER,1,12.0
74563,2,1,100,5,1,60.0,0,N,MELBOURNE_CBD,STREET,1,8.0
74564,1,2,99,5,1,50.0,0,N,SMALL_CITIES,STREET,1,14.0
74565,4,1,173,5,1,100.0,0,N,RURAL_VICTORIA,ROAD,1,13.0
74566,6,2,99,5,1,80.0,0,I,RURAL_VICTORIA,ROAD,1,11.0
74567,1,0,120,5,5,100.0,0,N,RURAL_VICTORIA,ROAD,11,0.0
74568,7,2,99,1,1,60.0,0,I,SMALL_CITIES,ROAD,11,14.0
74569,6,1,174,5,1,110.0,0,N,RURAL_VICTORIA,FREEWAY,1,16.0
74570,8,2,170,5,9,60.0,0,N,MELB_URBAN,STREET,1,5.0
74571,8,6,170,5,1,60.0,0,UNKNOWN,UNKNOWN,UNKNOWN,1,12.0
74572,1,2,130,5,1,80.0,0,N,MELB_URBAN,FREEWAY,1,10.0
74573,2,1,102,5,1,50.0,0,N,MELB_URBAN,ROAD,1,15.0
74574,1,4,130,1,1,60.0,0,I,MELB_URBAN,STREET,9,11.0
74575,1,1,130,5,1,60.0,0,N,LARGE_PROVINCIAL_CITIES,STREET,1,16.0
74576,1,2,133,1,1,50.0,0,I,MELB_URBAN,OTHER,1,17.0
74577,1,1,116,2,1,50.0,0,I,MELB_URBAN,STREET,1,15.0
74578,1,2,140,5,1,60.0,0,N,MELB_URBAN,ROAD,1,16.0
74579,1,2,120,5,1,80.0,0,N,RURAL_VICTORIA,ROAD,1,17.0
74580,2,2,100,5,1,50.0,0,N,MELB_URBAN,ROAD,1,16.0
74581,4,2,181,5,1,80.0,0,N,RURAL_VICTORIA,ROAD,1,17.0
74582,1,2,160,5,1,50.0,0,N,MELB_URBAN,STREET,1,14.0
74583,4,1,171,1,1,60.0,0,I,MELB_URBAN,ROAD,1,19.0
74584,1,1,99,1,1,50.0,0,I,MELBOURNE_CBD,STREET,1,7.0
74585,1,1,99,5,1,40.0,0,N,MELB_URBAN,STREET,1,9.0
74586,1,7,147,5,1,60.0,0,N,MELB_URBAN,ROAD,1,10.0
74587,1,5,120,5,5,60.0,0,N,MELB_URBAN,ROAD,11,0.0
74588,1,2,130,2,1,80.0,0,I,MELB_URBAN,ROAD,12,17.0
74589,1,1,130,5,1,60.0,0,N,MELB_URBAN,ROAD,11,12.0
74590,1,2,147,5,1,60.0,0,N,MELB_URBAN,DRIVE,1,7.0
74591,1,3,140,5,1,60.0,0,N,MELB_URBAN,ROAD,1,9.0
74592,1,3,113,1,1,60.0,0,I,MELB_URBAN,STREET,1,16.0
74593,1,1,147,5,1,50.0,0,N,RURAL_VICTORIA,DRIVE,1,14.0
74594,1,5,113,4,3,60.0,0,I,MELB_URBAN,ROAD,1,20.0
74595,1,3,133,5,1,110.0,0,N,RURAL_VICTORIA,FREEWAY,1,8.0
74596,4,2,171,5,1,50.0,0,N,SMALL_CITIES,ROAD,1,7.0
74597,8,3,184,2,1,50.0,0,I,MELB_URBAN,DRIVE,1,10.0
74598,1,4,163,5,1,40.0,0,N,MELB_URBAN,STREET,1,10.0
74599,4,2,171,5,1,80.0,0,N,RURAL_VICTORIA,ROAD,1,9.0
74600,1,3,147,5,1,60.0,0,N,MELB_URBAN,ROAD,1,8.0
74601,1,3,121,2,1,60.0,0,I,MELB_URBAN,STREET,1,8.0
74602,1,2,135,5,1,40.0,0,N,MELB_URBAN,ROAD,1,17.0
74603,1,1,130,2,1,80.0,0,I,RURAL_VICTORIA,ROAD,1,16.0
74604,4,2,173,5,1,50.0,0,N,MELB_URBAN,OTHER,1,12.0
74605,1,2,121,2,1,60.0,0,N,MELB_URBAN,ROAD,1,9.0
74606,6,3,170,5,1,100.0,0,N,RURAL_VICTORIA,HIGHWAY,1,15.0
74607,1,3,130,5,9,60.0,0,N,MELB_URBAN,ROAD,12,8.0
74608,1,3,130,5,1,70.0,0,N,MELB_URBAN,ROAD,1,15.0
74609,1,3,116,2,1,60.0,0,I,MELB_URBAN,ROAD,1,10.0
74610,6,1,184,5,1,100.0,0,N,RURAL_VICTORIA,OTHER,1,14.0
74611,4,3,181,5,1,50.0,0,N,LARGE_PROVINCIAL_CITIES,AVENUE,1,17.0
74612,1,2,111,4,1,80.0,0,I,MELB_URBAN,RAMP,1,16.0
74613,6,3,99,1,1,100.0,0,I,RURAL_VICTORIA,ROAD,1,18.0
74614,1,3,132,2,1,60.0,0,I,MELB_URBAN,ROAD,1,17.0
74615,1,3,130,2,2,60.0,0,I,MELB_URBAN,ROAD,1,18.0
74616,4,3,99,5,1,80.0,0,N,RURAL_VICTORIA,ROAD,1,19.0
74617,1,3,121,2,1,60.0,0,I,SMALL_CITIES,HIGHWAY,1,17.0
74618,4,3,183,5,1,110.0,0,N,RURAL_VICTORIA,HIGHWAY,1,17.0
74619,1,3,121,2,2,70.0,0,I,LARGE_PROVINCIAL_CITIES,HIGHWAY,1,20.0
74620,1,3,130,4,1,60.0,0,I,MELB_URBAN,RAMP,1,17.0
74621,4,3,181,5,1,50.0,0,N,MELB_URBAN,ROAD,1,15.0
74622,4,3,171,5,1,100.0,0,N,RURAL_VICTORIA,HIGHWAY,1,18.0
74623,1,3,110,1,1,50.0,0,I,MELB_URBAN,OTHER,1,17.0
74624,1,3,99,1,1,60.0,0,I,MELB_URBAN,ROAD,1,20.0
74625,1,2,147,5,1,60.0,0,N,MELB_URBAN,ROAD,1,14.0
74626,4,3,171,5,3,60.0,0,N,MELB_URBAN,ROAD,2,4.0
74627,4,3,173,2,1,60.0,0,I,MELB_URBAN,ROAD,1,17.0
74628,1,4,130,5,1,100.0,0,N,MELB_URBAN,ROAD,2,6.0
74629,1,4,110,1,1,60.0,0,I,MELB_URBAN,STREET,2,8.0
74630,2,3,99,5,1,50.0,0,N,MELB_URBAN,AVENUE,1,18.0
74631,1,4,130,2,1,60.0,0,I,MELB_URBAN,ROAD,1,12.0
74632,1,4,116,2,1,80.0,0,I,MELB_URBAN,HIGHWAY,2,7.0
74633,1,4,99,5,1,50.0,0,N,MELB_URBAN,UNKNOWN,2,8.0
74634,1,3,121,2,1,70.0,0,I,MELB_URBAN,ROAD,2,9.0
74635,6,2,170,5,1,100.0,0,N,RURAL_VICTORIA,ROAD,1,12.0
74636,1,4,121,5,1,60.0,0,N,TOWNS,STREET,2,10.0
74637,1,2,133,5,1,80.0,0,N,MELB_URBAN,FREEWAY,1,19.0
74638,1,3,130,1,1,60.0,0,I,MELB_URBAN,ROAD,1,20.0
74639,1,4,110,1,1,50.0,0,I,SMALL_CITIES,STREET,2,7.0
74640,1,4,120,5,1,100.0,0,N,RURAL_VICTORIA,HIGHWAY,2,9.0
74641,5,4,171,5,1,100.0,0,N,RURAL_VICTORIA,ROAD,2,12.0
74642,2,6,99,1,1,50.0,0,N,TOWNS,STREET,1,11.0
74643,1,2,121,2,1,60.0,0,I,MELB_URBAN,UNKNOWN,1,15.0
74644,5,7,99,5,1,60.0,0,N,RURAL_VICTORIA,OTHER,1,11.0
74645,8,3,99,5,2,100.0,0,N,RURAL_VICTORIA,ROAD,1,19.0
74646,1,5,130,5,1,60.0,0,N,MELB_URBAN,ROAD,12,16.0
74647,1,1,130,1,1,60.0,0,I,MELB_URBAN,STREET,10,18.0
74648,1,0,130,5,1,60.0,0,N,MELB_URBAN,ROAD,10,13.0
74649,4,3,171,5,1,80.0,0,N,MELB_URBAN,ROAD,1,16.0
74650,1,4,113,2,1,60.0,0,I,MELB_URBAN,AVENUE,2,16.0
74651,1,4,130,5,1,60.0,0,N,MELB_URBAN,ROAD,2,15.0
74652,1,3,99,2,2,60.0,0,I,MELB_URBAN,ROAD,1,20.0
74653,1,4,120,5,1,60.0,0,N,RURAL_VICTORIA,ROAD,2,17.0
74654,6,4,99,5,1,80.0,0,N,RURAL_VICTORIA,ROAD,2,18.0
74655,1,4,147,2,1,80.0,0,N,MELB_URBAN,HIGHWAY,2,17.0
74656,1,3,135,2,1,60.0,0,I,MELB_URBAN,ROAD,2,16.0
74657,1,4,116,2,1,80.0,0,I,RURAL_VICTORIA,ROAD,2,15.0
74658,1,4,99,4,2,80.0,0,N,MELB_URBAN,ROAD,2,5.0
74659,1,3,110,1,1,60.0,0,I,MELB_URBAN,ROAD,2,20.0
74660,1,4,120,5,1,50.0,0,N,TOWNS,OTHER,2,19.0
74661,1,3,121,1,3,60.0,0,I,LARGE_PROVINCIAL_CITIES,STREET,2,21.0
74662,1,4,121,2,3,80.0,0,I,MELB_URBAN,ROAD,2,22.0
74663,2,7,100,1,1,80.0,0,I,MELB_URBAN,HIGHWAY,1,18.0
74664,7,7,99,1,3,60.0,0,I,MELB_URBAN,ROAD,1,18.0
74665,8,1,99,1,1,60.0,0,I,TOWNS,STREET,12,12.0
74666,1,5,130,5,1,100.0,0,N,RURAL_VICTORIA,FREEWAY,2,7.0
74667,4,4,171,5,1,100.0,0,N,RURAL_VICTORIA,ROAD,2,18.0
74668,1,4,99,2,1,30.0,0,UNKNOWN,RURAL_VICTORIA,UNKNOWN,12,8.0
74669,1,4,120,5,1,100.0,0,N,RURAL_VICTORIA,ROAD,2,17.0
74670,1,5,130,5,1,80.0,0,N,MELB_URBAN,ROAD,2,8.0
74671,1,5,130,1,1,80.0,0,I,MELB_URBAN,ROAD,2,8.0
74672,4,5,181,5,1,50.0,0,N,SMALL_CITIES,STREET,2,9.0
74673,8,6,99,5,6,60.0,0,N,LARGE_PROVINCIAL_CITIES,STREET,1,3.0
74674,1,5,140,2,9,60.0,0,N,MELB_URBAN,STREET,2,9.0
74675,1,5,116,2,1,70.0,0,I,MELB_URBAN,DRIVE,2,9.0
74676,1,5,99,5,1,50.0,0,N,LARGE_PROVINCIAL_CITIES,DRIVE,2,7.0
74677,8,1,170,2,1,60.0,0,I,SMALL_CITIES,STREET,1,12.0
74678,1,4,121,2,1,60.0,0,I,MELB_URBAN,ROAD,2,11.0
74679,1,4,121,2,1,40.0,0,I,MELB_URBAN,STREET,2,9.0
74680,1,5,99,2,1,60.0,0,I,MELB_URBAN,ROAD,2,11.0
74681,1,7,99,1,1,50.0,0,I,MELB_URBAN,STREET,1,7.0
74682,7,5,99,2,1,70.0,0,I,MELB_URBAN,ROAD,2,10.0
74683,4,5,173,2,1,100.0,1,N,RURAL_VICTORIA,ROAD,2,11.0
74684,2,4,102,5,3,60.0,0,N,MELB_URBAN,STREET,2,22.0
74685,4,5,173,5,1,80.0,0,N,MELB_URBAN,OTHER,2,13.0
74686,4,4,99,5,3,60.0,0,N,SMALL_CITIES,OTHER,2,22.0
74687,1,5,130,5,1,100.0,0,N,MELB_URBAN,FREEWAY,2,13.0
74688,2,4,100,1,1,60.0,0,I,MELB_URBAN,STREET,1,16.0
74689,1,4,147,5,1,50.0,0,N,MELB_URBAN,OTHER,11,9.0
74690,1,5,130,5,2,100.0,0,N,MELB_URBAN,UNKNOWN,2,16.0
74691,2,5,99,5,1,50.0,0,N,MELB_URBAN,STREET,2,17.0
74692,4,5,173,5,1,100.0,0,N,RURAL_VICTORIA,DRIVE,1,14.0
74693,4,4,173,1,1,80.0,0,I,MELB_URBAN,HIGHWAY,2,19.0