,accident_type,day_of_week,dca_code,road_geometry,light_condition,speed_zone,severity,node_type,deg_urban_name,road_type,month,hour
74694,2,3,100,5,1,40.0,0,N,MELB_URBAN,DRIVE,1,15.0
74695,1,5,147,5,1,60.0,0,N,MELB_URBAN,ROAD,2,18.0
74696,1,5,121,1,1,70.0,0,I,MELB_URBAN,ROAD,2,17.0
74697,1,5,121,1,1,60.0,0,I,MELB_URBAN,STREET,2,15.0
74698,1,5,135,5,1,70.0,0,N,MELB_URBAN,HIGHWAY,2,17.0
74699,6,5,174,5,1,100.0,0,N,RURAL_VICTORIA,ROAD,2,19.0
74700,8,1,99,5,6,50.0,0,N,MELB_URBAN,ROAD,12,1.0
74701,4,6,183,5,3,60.0,0,N,MELB_URBAN,HIGHWAY,2,2.0
74702,4,5,173,5,5,60.0,0,N,SMALL_CITIES,ROAD,2,5.0
74703,1,1,130,5,1,80.0,0,N,RURAL_VICTORIA,HIGHWAY,1,15.0
74704,1,6,163,5,1,40.0,0,N,LARGE_PROVINCIAL_CITIES,ROAD,2,8.0
74705,1,5,130,5,1,60.0,0,N,SMALL_CITIES,AVENUE,2,8.0
74706,4,6,171,5,1,60.0,0,N,MELB_URBAN,ROAD,2,9.0
74707,1,5,130,1,9,70.0,0,N,LARGE_PROVINCIAL_CITIES,ROAD,2,15.0
74708,1,5,160,5,1,60.0,0,N,MELB_URBAN,ROAD,2,9.0
74709,1,5,121,1,1,60.0,0,I,MELB_URBAN,ROAD,2,9.0
74710,2,1,99,2,6,60.0,0,I,MELB_URBAN,ROAD,1,3.0
74711,1,2,130,5,1,60.0,0,N,MELB_URBAN,ROAD,1,16.0
74712,4,6,173,5,2,100.0,1,N,RURAL_VICTORIA,ROAD,2,7.0
74713,7,5,99,5,9,40.0,0,N,MELB_URBAN,ROAD,1,12.0
74714,1,6,130,5,1,80.0,0,N,MELB_URBAN,OTHER,2,8.0
74715,1,6,130,5,1,60.0,0,N,MELB_URBAN,ROAD,2,11.0
74716,1,5,121,1,1,80.0,0,I,MELB_URBAN,HIGHWAY,2,18.0
74717,1,1,99,5,1,50.0,0,N,SMALL_CITIES,STREET,4,16.0
74718,1,3,130,2,1,60.0,0,I,MELB_URBAN,DRIVE,1,9.0
74719,1,5,121,1,1,60.0,0,I,MELB_URBAN,ROAD,2,12.0
74720,4,6,171,5,1,60.0,0,N,SMALL_CITIES,OTHER,2,13.0
74721,1,6,110,1,1,60.0,0,I,TOWNS,STREET,1,14.0
74722,1,5,111,2,1,60.0,0,I,MELB_URBAN,ROAD,2,8.0
74723,1,6,147,5,1,100.0,0,N,RURAL_VICTORIA,ROAD,2,13.0
74724,1,6,121,2,1,40.0,0,I,MELB_URBAN,STREET,2,8.0
74725,1,6,140,5,1,60.0,0,N,MELB_URBAN,ROAD,2,14.0
74726,1,6,160,1,1,40.0,0,I,MELB_URBAN,ROAD,2,14.0
74727,1,6,132,2,1,80.0,0,I,TOWNS,STREET,2,17.0
74728,3,6,167,5,2,100.0,0,N,RURAL_VICTORIA,ROAD,1,6.0
74729,1,6,121,1,1,40.0,0,I,MELB_URBAN,STREET,2,18.0
74730,1,6,110,1,1,60.0,0,I,LARGE_PROVINCIAL_CITIES,STREET,2,17.0
74731,1,6,130,5,1,60.0,0,N,MELB_URBAN,ROAD,2,15.0
74732,1,6,99,5,1,60.0,0,N,MELB_URBAN,ROAD,2,17.0
74733,1,6,121,2,1,60.0,0,I,MELB_URBAN,ROAD,2,18.0
74734,1,6,130,5,1,60.0,0,N,MELB_URBAN,ROAD,2,17.0
74735,1,6,130,5,1,80.0,0,N,MELB_URBAN,HIGHWAY,2,15.0
74736,1,5,130,5,1,100.0,0,N,MELB_URBAN,ROAD,2,17.0
74737,1,5,110,1,1,50.0,0,I,MELB_URBAN,ROAD,2,19.0
74738,1,5,140,2,1,60.0,0,N,MELB_URBAN,ROAD,2,9.0
74739,6,6,99,5,5,100.0,0,N,RURAL_VICTORIA,ROAD,2,20.0
74740,1,5,99,2,1,50.0,0,I,MELB_URBAN,AVENUE,2,17.0
74741,1,6,113,2,1,40.0,0,I,MELB_URBAN,AVENUE,2,18.0
74742,1,6,121,1,2,60.0,0,I,MELB_URBAN,ROAD,2,19.0
74743,1,5,110,1,3,80.0,0,I,MELB_URBAN,ROAD,2,23.0
74744,1,6,113,2,1,60.0,0,I,MELB_URBAN,ROAD,2,16.0
74745,1,6,134,2,3,60.0,0,I,MELB_URBAN,ROAD,2,20.0
74746,1,4,130,5,1,50.0,0,N,MELB_URBAN,STREET,2,13.0
74747,1,6,120,5,1,100.0,0,N,RURAL_VICTORIA,ROAD,2,13.0
74748,1,5,130,5,1,100.0,0,N,MELB_URBAN,ROAD,2,16.0
74749,1,7,130,5,1,60.0,0,N,SMALL_CITIES,ROAD,2,7.0
74750,6,7,99,5,1,110.0,0,N,RURAL_VICTORIA,FREEWAY,2,9.0
74751,1,2,130,1,9,60.0,0,I,MELB_URBAN,ROAD,5,18.0
74752,1,7,120,2,3,60.0,0,I,MELB_URBAN,HIGHWAY,2,5.0
74753,4,7,171,1,2,40.0,0,N,LARGE_PROVINCIAL_CITIES,STREET,2,6.0
74754,1,7,99,5,1,40.0,0,N,SMALL_TOWNS,ROAD,2,10.0
74755,1,7,99,5,1,40.0,0,N,MELB_URBAN,DRIVE,2,10.0
74756,7,6,99,2,1,60.0,0,I,SMALL_CITIES,STREET,2,13.0
74757,1,6,134,5,1,60.0,0,N,MELB_URBAN,ROAD,2,13.0
74758,2,7,100,2,1,50.0,0,I,MELB_URBAN,ROAD,2,13.0
74759,1,5,99,2,1,60.0,0,I,MELB_URBAN,ROAD,2,17.0
74760,1,6,163,2,1,40.0,0,I,MELB_URBAN,STREET,2,9.0
74761,1,7,130,1,1,80.0,0,I,RURAL_VICTORIA,ROAD,2,13.0
74762,1,7,130,5,1,90.0,0,N,MELB_URBAN,ROAD,2,11.0
74763,1,6,163,5,1,50.0,0,N,MELB_URBAN,ROAD,2,11.0
74764,1,7,140,5,1,80.0,0,N,RURAL_VICTORIA,ROAD,2,14.0
74765,1,7,121,1,1,60.0,0,I,SMALL_CITIES,STREET,2,14.0
74766,6,6,184,5,1,60.0,0,N,RURAL_VICTORIA,ROAD,1,9.0
74767,1,6,121,1,1,80.0,0,I,MELB_URBAN,ROAD,2,15.0
74768,1,6,110,1,1,60.0,0,I,MELB_URBAN,ROAD,2,7.0
74769,1,6,140,1,1,100.0,0,I,RURAL_VICTORIA,OTHER,2,18.0
74770,1,7,110,1,3,60.0,0,I,MELB_URBAN,ROAD,2,0.0
74771,1,6,121,2,1,60.0,0,I,MELB_URBAN,STREET,2,14.0
74772,1,7,121,1,1,80.0,0,I,RURAL_VICTORIA,ROAD,2,18.0
74773,1,6,110,1,1,80.0,0,I,MELB_URBAN,ROAD,2,18.0
74774,1,7,99,2,1,60.0,0,I,MELB_URBAN,PARADE,2,14.0
74775,4,7,183,5,1,50.0,0,N,MELB_URBAN,DRIVE,2,19.0
74776,1,7,121,5,3,60.0,0,N,MELB_URBAN,HIGHWAY,2,20.0
74777,2,7,100,2,1,60.0,0,I,MELB_URBAN,STREET,2,18.0
74778,1,7,110,1,2,60.0,0,I,MELB_URBAN,BOULEVARD,2,19.0
74779,4,7,173,2,3,60.0,0,N,MELB_URBAN,ROAD,2,21.0
74780,1,7,110,1,1,50.0,0,I,MELB_URBAN,STREET,2,18.0
74781,1,7,99,5,2,60.0,0,N,MELB_URBAN,ROAD,2,5.0
74782,4,1,99,6,3,60.0,0,N,LARGE_PROVINCIAL_CITIES,ROAD,2,0.0
74783,1,1,121,1,3,40.0,0,I,MELB_URBAN,STREET,2,0.0
74784,4,0,171,5,5,100.0,0,N,RURAL_VICTORIA,ROAD,2,4.0
74785,4,3,171,2,1,60.0,0,I,MELB_URBAN,OTHER,12,12.0
74786,1,0,110,1,1,50.0,0,I,SMALL_CITIES,STREET,2,8.0
74787,6,6,174,2,6,50.0,0,I,MELB_URBAN,ROAD,10,20.0
74788,1,0,99,2,1,60.0,0,I,MELB_URBAN,UNKNOWN,12,11.0
74789,4,1,173,5,5,100.0,0,N,RURAL_VICTORIA,ROAD,2,3.0
74790,1,0,130,5,1,60.0,0,N,MELB_URBAN,HIGHWAY,2,11.0
74791,8,1,184,5,1,100.0,0,N,RURAL_VICTORIA,ROAD,2,11.0
74792,4,1,183,5,1,50.0,0,N,RURAL_VICTORIA,OTHER,2,11.0
74793,1,1,140,5,1,60.0,0,N,MELB_URBAN,ROAD,2,9.0
74794,1,1,110,1,1,80.0,0,I,MELB_URBAN,ROAD,2,7.0
74795,1,1,171,5,1,60.0,0,N,SMALL_CITIES,ROAD,2,13.0
74796,1,1,110,1,1,60.0,0,I,TOWNS,ROAD,2,10.0
74797,4,1,181,5,1,100.0,0,N,MELB_URBAN,RAMP,2,15.0
74798,1,1,121,1,1,60.0,0,I,MELB_URBAN,ROAD,2,16.0
74799,1,1,120,5,1,100.0,0,N,RURAL_VICTORIA,HIGHWAY,2,13.0
74800,4,1,171,2,3,80.0,0,I,RURAL_VICTORIA,ROAD,2,17.0
74801,4,1,181,5,1,60.0,0,N,SMALL_CITIES,ROAD,2,17.0
74802,8,7,184,5,1,80.0,0,N,RURAL_VICTORIA,ROAD,11,13.0
74803,1,0,130,2,1,60.0,0,I,MELB_URBAN,ROAD,2,17.0
74804,4,7,99,2,5,100.0,0,I,RURAL_VICTORIA,ROAD,2,21.0
74805,1,1,113,2,1,60.0,0,I,MELB_URBAN,STREET,2,18.0
74806,4,1,181,2,3,60.0,0,I,MELB_URBAN,ROAD,2,20.0
74807,4,1,171,1,1,60.0,0,I,MELB_URBAN,ROAD,2,18.0
74808,4,1,181,5,5,100.0,0,N,RURAL_VICTORIA,ROAD,2,19.0
74809,1,0,135,5,1,110.0,0,N,RURAL_VICTORIA,FREEWAY,2,15.0
74810,4,1,171,5,3,60.0,0,N,MELB_URBAN,ROAD,2,19.0
74811,4,1,181,5,5,100.0,0,N,MELB_URBAN,RAMP,2,22.0
74812,1,1,99,5,3,80.0,0,N,MELB_URBAN,ROAD,2,23.0
74813,4,1,183,5,5,80.0,0,N,RURAL_VICTORIA,ROAD,2,3.0
74814,2,2,99,2,3,60.0,0,I,RURAL_VICTORIA,ROAD,2,2.0
74815,4,2,171,5,2,80.0,0,N,MELB_URBAN,ROAD,2,6.0
74816,1,2,121,1,2,60.0,0,I,MELB_URBAN,ROAD,2,6.0
74817,1,1,140,5,2,60.0,0,N,RURAL_VICTORIA,ROAD,2,6.0
74818,1,1,121,5,1,60.0,0,N,MELB_URBAN,ROAD,2,16.0
74819,4,1,171,5,1,100.0,0,N,RURAL_VICTORIA,ROAD,2,18.0
74820,2,1,99,5,1,50.0,0,N,MELB_URBAN,STREET,2,13.0
74821,6,2,184,5,1,60.0,0,N,RURAL_VICTORIA,OTHER,1,10.0
74822,1,2,121,2,1,40.0,0,I,MELB_URBAN,STREET,2,9.0
74823,1,2,110,1,1,60.0,0,I,TOWNS,STREET,2,9.0
74824,1,5,99,5,2,80.0,0,N,RURAL_VICTORIA,ROAD,2,5.0
74825,1,2,121,2,1,70.0,0,I,MELB_URBAN,ROAD,2,9.0
74826,1,1,120,5,1,60.0,0,N,SMALL_CITIES,ROAD,2,10.0
74827,1,6,110,1,9,60.0,0,I,MELB_URBAN,ROAD,2,19.0
74828,1,3,160,5,1,60.0,0,N,LARGE_PROVINCIAL_CITIES,ROAD,1,16.0
74829,1,2,135,2,1,60.0,0,I,MELB_URBAN,ROAD,2,7.0
74830,1,6,130,5,3,60.0,0,N,MELB_URBAN,HIGHWAY,8,18.0
74831,1,2,121,5,1,50.0,0,N,MELB_URBAN,STREET,2,8.0
74832,5,7,99,5,1,80.0,0,N,RURAL_VICTORIA,ROAD,2,15.0
74833,1,1,130,2,1,60.0,0,I,MELB_URBAN,STREET,1,8.0
74834,8,1,184,5,1,60.0,0,N,RURAL_VICTORIA,ROAD,2,11.0
74835,4,2,171,5,1,100.0,0,N,RURAL_VICTORIA,ROAD,2,9.0
74836,1,1,120,5,1,50.0,0,N,MELB_URBAN,DRIVE,2,11.0
74837,6,1,99,5,1,100.0,0,N,RURAL_VICTORIA,HIGHWAY,2,8.0
74838,8,2,174,5,1,50.0,0,N,MELB_URBAN,ROAD,2,15.0
74839,1,2,113,1,1,60.0,0,I,MELB_URBAN,STREET,2,16.0
74840,1,2,110,1,1,80.0,0,I,MELB_URBAN,ROAD,2,14.0
74841,1,2,135,4,1,100.0,0,N,MELB_URBAN,FREEWAY,2,18.0
74842,1,2,121,2,1,80.0,0,I,MELB_URBAN,ROAD,2,17.0
74843,6,5,174,5,1,60.0,0,N,RURAL_VICTORIA,ROAD,1,10.0
74844,4,1,181,5,5,50.0,0,N,MELB_URBAN,ROAD,2,21.0
74845,1,1,121,1,1,60.0,0,I,MELB_URBAN,STREET,2,18.0
74846,1,6,130,5,1,60.0,0,N,MELB_URBAN,ROAD,1,15.0
74847,1,2,120,5,1,100.0,0,N,RURAL_VICTORIA,ROAD,2,17.0
74848,7,2,99,5,1,60.0,0,N,LARGE_PROVINCIAL_CITIES,HIGHWAY,2,16.0
74849,1,2,130,4,1,80.0,0,I,MELB_URBAN,RAMP,2,17.0
74850,1,2,130,2,1,60.0,0,I,SMALL_CITIES,STREET,2,17.0
74851,4,1,183,5,5,100.0,0,N,RURAL_VICTORIA,RAMP,2,20.0
74852,4,2,171,2,1,60.0,0,I,MELB_URBAN,ROAD,2,17.0
74853,1,2,113,2,1,60.0,0,I,MELB_URBAN,ROAD,2,13.0
74854,4,2,99,2,3,50.0,0,I,MELB_URBAN,ROAD,2,5.0
74855,1,3,110,1,3,70.0,0,I,RURAL_VICTORIA,ROAD,2,1.0
74856,8,5,99,1,3,60.0,0,I,MELB_URBAN,ROAD,2,21.0
74857,1,3,134,5,1,60.0,0,N,MELB_URBAN,HIGHWAY,1,7.0
74858,1,3,130,5,2,80.0,0,N,MELB_URBAN,ROAD,2,6.0
74859,2,3,102,1,1,80.0,0,I,MELB_URBAN,ROAD,2,8.0
74860,4,3,173,1,1,50.0,0,I,TOWNS,STREET,2,11.0
74861,1,2,130,1,1,50.0,0,I,MELB_URBAN,HIGHWAY,2,9.0
74862,1,3,121,5,1,50.0,0,N,MELB_URBAN,DRIVE,2,7.0
74863,1,7,110,1,3,60.0,0,I,MELB_URBAN,ROAD,2,23.0
74864,4,2,171,5,1,60.0,0,N,MELB_URBAN,ROAD,2,7.0
74865,1,5,130,5,9,60.0,0,N,MELB_URBAN,ROAD,2,16.0
74866,1,2,130,5,1,60.0,0,N,MELB_URBAN,ROAD,2,16.0
74867,1,3,113,1,1,60.0,0,I,SMALL_CITIES,STREET,2,12.0
74868,1,5,147,5,1,50.0,0,N,MELB_URBAN,ROAD,9,15.0
74869,4,3,99,5,1,50.0,0,N,MELB_URBAN,ROAD,2,11.0
74870,1,3,120,2,1,60.0,0,N,MELB_URBAN,ROAD,2,11.0
74871,1,1,99,1,1,60.0,0,I,MELB_URBAN,ROAD,2,16.0
74872,1,2,147,5,1,50.0,0,N,MELB_URBAN,STREET,8,16.0
74873,1,2,140,5,1,60.0,0,N,MELB_URBAN,ROAD,2,12.0
74874,1,2,163,5,9,50.0,0,N,MELB_URBAN,STREET,2,11.0
74875,4,1,99,2,1,100.0,0,I,RURAL_VICTORIA,ROAD,12,12.0
74876,1,2,110,1,1,60.0,0,I,LARGE_PROVINCIAL_CITIES,ROAD,2,9.0
74877,1,3,132,2,1,70.0,0,I,RURAL_VICTORIA,ROAD,2,14.0
74878,1,3,111,1,1,60.0,0,I,MELB_URBAN,ROAD,2,15.0
74879,1,2,130,5,1,70.0,0,N,RURAL_VICTORIA,ROAD,2,9.0
74880,1,6,134,5,3,40.0,0,N,MELB_URBAN,ROAD,2,21.0
74881,3,1,167,5,2,80.0,0,N,RURAL_VICTORIA,ROAD,2,6.0
74882,1,3,130,2,1,80.0,0,N,MELB_URBAN,OTHER,2,15.0
74883,1,2,113,2,1,60.0,0,I,MELB_URBAN,ROAD,2,14.0
74884,1,3,130,5,1,80.0,0,N,MELB_URBAN,ROAD,2,16.0
74885,4,3,183,2,1,60.0,0,I,MELB_URBAN,ROAD,2,14.0
74886,4,3,183,2,1,60.0,0,I,MELB_URBAN,ROAD,2,14.0
74887,4,3,173,5,1,80.0,0,N,MELB_URBAN,UNKNOWN,2,14.0
74888,1,3,130,2,1,70.0,0,I,MELB_URBAN,AVENUE,2,17.0
74889,1,3,99,5,1,60.0,0,N,MELB_URBAN,ROAD,2,16.0
74890,1,3,130,1,1,60.0,0,I,SMALL_CITIES,STREET,2,16.0
74891,4,3,181,5,1,100.0,1,N,RURAL_VICTORIA,HIGHWAY,2,14.0
74892,1,4,130,5,9,100.0,0,I,MELB_URBAN,OTHER,1,8.0
74893,1,4,120,5,3,60.0,0,N,LARGE_PROVINCIAL_CITIES,ROAD,2,3.0
74894,1,4,110,1,3,60.0,0,I,MELB_URBAN,ROAD,2,1.0
74895,2,4,99,5,2,100.0,0,N,RURAL_VICTORIA,ROAD,2,5.0
74896,1,3,130,2,1,60.0,0,I,MELB_URBAN,ROAD,1,17.0
74897,8,6,170,5,1,100.0,0,N,MELB_URBAN,OTHER,2,11.0
74898,1,4,121,1,1,60.0,0,I,MELB_URBAN,STREET,2,8.0
74899,1,4,113,2,1,50.0,0,I,MELB_URBAN,STREET,2,8.0
74900,6,3,170,5,1,60.0,0,N,RURAL_VICTORIA,ROAD,2,17.0
74901,1,0,130,1,2,60.0,0,I,MELB_URBAN,ROAD,2,17.0
74902,6,5,174,5,1,60.0,0,N,SMALL_CITIES,ROAD,12,17.0
74903,1,3,99,5,1,40.0,0,N,MELB_URBAN,AVENUE,2,15.0
74904,1,4,160,5,1,50.0,0,N,MELB_URBAN,DRIVE,2,10.0
74905,1,1,130,5,1,60.0,0,N,MELB_URBAN,ROAD,2,7.0
74906,6,4,170,5,1,100.0,0,N,RURAL_VICTORIA,ROAD,2,11.0
74907,4,4,171,5,1,100.0,0,N,RURAL_VICTORIA,ROAD,2,7.0
74908,1,4,160,5,1,50.0,0,N,MELB_URBAN,ROAD,2,11.0
74909,1,1,183,5,1,80.0,0,N,LARGE_PROVINCIAL_CITIES,ROAD,1,19.0
74910,4,4,181,5,1,100.0,0,N,RURAL_VICTORIA,ROAD,2,13.0
74911,2,3,99,5,1,50.0,0,N,MELB_URBAN,STREET,2,18.0
74912,4,4,171,5,1,100.0,1,N,RURAL_VICTORIA,HIGHWAY,2,10.0
74913,6,7,174,1,1,60.0,0,I,SMALL_CITIES,ROAD,12,13.0
74914,1,4,110,1,1,60.0,0,I,MELB_URBAN,STREET,2,14.0
74915,1,4,116,2,1,60.0,0,I,MELB_URBAN,ROAD,2,12.0
74916,1,0,130,1,1,80.0,0,I,MELB_URBAN,ROAD,1,17.0
74917,4,6,171,5,9,70.0,0,N,LARGE_PROVINCIAL_CITIES,HIGHWAY,12,12.0
74918,1,3,147,5,2,40.0,0,N,MELB_URBAN,AVENUE,2,7.0
74919,8,4,174,1,9,60.0,0,I,LARGE_PROVINCIAL_CITIES,STREET,2,12.0
74920,1,3,130,5,1,50.0,0,N,MELB_URBAN,ROAD,2,16.0
74921,1,3,160,5,1,50.0,0,N,MELB_URBAN,UNKNOWN,2,13.0
74922,4,4,181,5,1,100.0,0,N,RURAL_VICTORIA,ROAD,2,14.0
74923,1,4,130,5,1,70.0,0,N,MELB_URBAN,OTHER,2,12.0
74924,4,2,183,5,1,100.0,0,N,RURAL_VICTORIA,ROAD,1,13.0
74925,1,4,110,1,1,50.0,0,I,LARGE_PROVINCIAL_CITIES,STREET,2,16.0
74926,1,3,121,4,1,60.0,0,I,MELB_URBAN,RAMP,2,12.0
74927,5,3,99,5,1,60.0,0,N,MELB_URBAN,ROAD,2,16.0
74928,1,3,120,5,1,60.0,0,N,MELB_URBAN,ROAD,2,14.0
74929,4,4,171,5,1,60.0,0,N,RURAL_VICTORIA,ROAD,2,10.0
74930,1,4,99,5,1,50.0,0,N,MELB_URBAN,STREET,2,17.0
74931,1,4,120,2,1,60.0,0,N,MELB_URBAN,ROAD,2,17.0
74932,1,4,147,2,1,60.0,0,I,MELB_URBAN,ROAD,2,16.0
74933,1,4,160,2,1,50.0,0,N,MELB_URBAN,DRIVE,2,17.0
74934,1,4,110,1,3,70.0,0,I,MELB_URBAN,ROAD,12,21.0
74935,4,4,171,5,1,100.0,0,N,RURAL_VICTORIA,HIGHWAY,2,16.0
74936,1,3,133,5,1,100.0,0,N,MELB_URBAN,ROAD,2,17.0
74937,1,4,130,5,1,80.0,0,N,MELB_URBAN,OTHER,2,17.0
74938,1,4,113,2,1,100.0,0,I,RURAL_VICTORIA,HIGHWAY,2,16.0
74939,4,4,173,5,1,100.0,0,N,RURAL_VICTORIA,ROAD,2,18.0
74940,1,5,130,1,1,60.0,0,I,MELB_URBAN,ROAD,2,12.0
74941,1,3,130,1,1,70.0,0,I,MELB_URBAN,ROAD,2,14.0
74942,1,4,110,1,1,50.0,0,I,TOWNS,STREET,2,16.0
74943,1,4,120,5,3,50.0,0,N,LARGE_PROVINCIAL_CITIES,ROAD,2,22.0
74944,1,1,160,2,3,50.0,0,I,MELB_URBAN,DRIVE,2,23.0
74945,1,4,110,1,1,50.0,0,I,MELB_URBAN,STREET,2,15.0
74946,1,0,130,5,1,100.0,0,N,RURAL_VICTORIA,OTHER,2,16.0
74947,1,4,110,1,1,60.0,0,I,SMALL_CITIES,STREET,2,14.0
74948,6,2,99,2,1,100.0,0,I,RURAL_VICTORIA,ROAD,1,17.0
74949,7,7,99,5,3,100.0,0,N,MELB_URBAN,FREEWAY,1,4.0
74950,1,4,99,1,1,60.0,0,I,MELB_URBAN,ROAD,2,16.0
74951,1,5,130,5,1,80.0,0,N,MELB_URBAN,UNKNOWN,2,7.0
74952,1,5,130,5,1,70.0,0,N,MELB_URBAN,ROAD,2,7.0
74953,1,5,130,5,1,70.0,0,N,MELB_URBAN,ROAD,2,8.0
74954,1,4,130,1,9,40.0,0,I,MELBOURNE_CBD,STREET,2,14.0
74955,2,4,99,5,1,30.0,0,N,TOWNS,ROAD,2,11.0
74956,1,4,110,1,1,60.0,0,I,LARGE_PROVINCIAL_CITIES,STREET,2,12.0
74957,1,5,99,2,1,60.0,0,I,TOWNS,STREET,2,12.0
74958,1,3,110,5,1,50.0,0,N,MELB_URBAN,ROAD,2,16.0
74959,4,4,173,5,2,60.0,0,N,MELB_URBAN,STREET,2,6.0
74960,1,4,130,1,2,80.0,0,I,MELB_URBAN,ROAD,2,6.0
74961,2,4,102,2,1,50.0,0,N,TOWNS,ROAD,2,14.0
74962,4,4,171,5,1,60.0,0,N,MELB_URBAN,HIGHWAY,2,14.0
74963,4,2,181,5,1,100.0,0,N,RURAL_VICTORIA,ROAD,2,10.0
74964,1,5,121,2,1,70.0,0,I,MELB_URBAN,DRIVE,2,15.0
74965,1,5,110,1,1,50.0,0,I,LARGE_PROVINCIAL_CITIES,STREET,2,15.0
74966,1,3,163,2,1,40.0,0,I,MELB_URBAN,STREET,2,6.0
74967,2,1,102,1,3,50.0,0,I,MELB_URBAN,STREET,1,1.0
74968,3,3,167,5,1,50.0,0,N,MELB_URBAN,OTHER,2,20.0
74969,1,6,135,5,9,40.0,0,N,MELB_URBAN,STREET,2,19.0
74970,1,4,130,5,1,60.0,0,N,MELB_URBAN,STREET,2,17.0
74971,1,6,111,2,3,60.0,0,I,MELB_URBAN,ROAD,12,23.0
74972,1,5,116,2,1,60.0,0,I,MELB_URBAN,ROAD,2,17.0
74973,1,7,99,5,1,60.0,0,I,MELB_URBAN,HIGHWAY,2,15.0
74974,1,4,120,5,1,80.0,0,N,RURAL_VICTORIA,ROAD,2,17.0
74975,5,5,99,5,1,100.0,1,N,RURAL_VICTORIA,ROAD,2,14.0
74976,1,5,99,5,1,60.0,0,N,MELB_URBAN,ROAD,2,19.0
74977,1,5,121,1,1,60.0,0,I,MELB_URBAN,ROAD,2,18.0
74978,2,3,99,5,1,60.0,0,N,MELB_URBAN,ROAD,2,11.0
74979,1,5,130,1,1,80.0,0,I,MELB_URBAN,HIGHWAY,2,16.0
74980,7,1,99,5,6,60.0,0,N,RURAL_VICTORIA,HIGHWAY,1,1.0
74981,1,4,116,2,2,60.0,0,I,MELB_URBAN,ROAD,2,20.0
74982,1,4,130,5,1,60.0,0,N,RURAL_VICTORIA,ROAD,2,8.0
74983,1,5,110,1,5,60.0,0,I,MELB_URBAN,STREET,2,21.0
74984,1,5,113,2,3,60.0,0,I,MELB_URBAN,STREET,2,21.0
74985,1,5,130,5,2,110.0,0,N,RURAL_VICTORIA,FREEWAY,2,6.0
74986,5,5,183,5,5,60.0,0,N,MELB_URBAN,ROAD,2,22.0
74987,1,5,121,1,1,60.0,0,I,MELB_URBAN,AVENUE,2,16.0
74988,1,4,113,2,3,40.0,0,I,MELB_URBAN,STREET,2,23.0
74989,1,4,121,2,1,80.0,0,I,SMALL_CITIES,ROAD,2,8.0
74990,1,4,110,9,1,60.0,0,I,TOWNS,ROAD,2,15.0
74991,1,4,130,5,1,80.0,0,N,MELB_URBAN,FREEWAY,1,18.0
74992,1,6,99,2,1,60.0,0,I,MELB_URBAN,ROAD,2,8.0
74993,1,6,113,2,1,60.0,0,I,SMALL_CITIES,DRIVE,2,8.0
74994,1,6,130,2,1,70.0,0,I,MELB_URBAN,ROAD,2,8.0
74995,1,6,130,2,1,40.0,0,I,LARGE_PROVINCIAL_CITIES,ROAD,2,9.0
74996,1,6,121,2,1,70.0,0,I,MELB_URBAN,STREET,2,7.0
74997,1,5,160,5,1,60.0,0,N,RURAL_VICTORIA,ROAD,2,16.0
74998,1,0,135,5,2,70.0,0,N,MELB_URBAN,OTHER,12,20.0
74999,1,6,99,1,9,50.0,0,I,LARGE_PROVINCIAL_CITIES,OTHER,12,12.0
75000,1,6,111,2,1,80.0,0,I,MELB_URBAN,HIGHWAY,2,10.0
75001,1,6,130,5,3,100.0,0,N,MELB_URBAN,ROAD,2,6.0
75002,1,6,147,5,1,80.0,0,N,RURAL_VICTORIA,ROAD,2,7.0
75003,6,0,99,5,1,80.0,0,N,RURAL_VICTORIA,ROAD,11,12.0
75004,1,4,130,5,1,60.0,0,N,MELB_URBAN,ROAD,1,15.0
75005,8,6,170,5,1,80.0,0,N,RURAL_VICTORIA,ROAD,2,10.0
75006,4,3,173,5,1,100.0,0,N,RURAL_VICTORIA,ROAD,2,11.0
75007,1,2,130,2,9,60.0,0,I,MELB_URBAN,STREET,12,10.0
75008,1,7,99,5,3,80.0,0,N,MELB_URBAN,HIGHWAY,1,22.0
75009,4,6,171,5,1,100.0,0,N,RURAL_VICTORIA,HIGHWAY,2,12.0
75010,1,4,99,1,9,60.0,0,I,MELB_URBAN,OTHER,1,6.0
75011,4,4,181,5,5,60.0,0,N,RURAL_VICTORIA,PARADE,2,21.0
75012,1,5,121,2,1,60.0,0,I,MELB_URBAN,STREET,2,11.0
75013,4,6,171,5,1,80.0,0,N,RURAL_VICTORIA,ROAD,2,14.0
75014,1,6,113,2,1,80.0,0,I,RURAL_VICTORIA,OTHER,12,17.0
75015,1,6,130,5,1,70.0,0,N,SMALL_CITIES,HIGHWAY,2,13.0
75016,1,6,110,1,1,60.0,0,I,LARGE_PROVINCIAL_CITIES,STREET,2,15.0
75017,1,6,130,1,9,80.0,0,I,MELB_URBAN,ROAD,2,6.0
75018,1,6,111,1,1,70.0,0,I,LARGE_PROVINCIAL_CITIES,ROAD,2,11.0
75019,1,6,99,5,1,50.0,0,N,MELB_URBAN,STREET,2,14.0
75020,1,6,120,5,1,70.0,0,N,MELB_URBAN,ROAD,2,14.0
75021,1,6,120,5,1,100.0,0,N,RURAL_VICTORIA,OTHER,2,15.0
75022,4,5,171,5,1,60.0,0,N,MELB_URBAN,ROAD,2,15.0
75023,1,5,99,2,1,60.0,0,I,MELB_URBAN,ROAD,2,18.0
75024,1,6,113,4,1,100.0,0,I,RURAL_VICTORIA,ROAD,2,17.0
75025,1,6,121,5,1,60.0,0,N,MELB_URBAN,ROAD,2,15.0
75026,1,6,99,5,1,40.0,0,N,MELB_URBAN,STREET,2,15.0