,accident_type,day_of_week,dca_code,road_geometry,light_condition,speed_zone,severity,node_type,deg_urban_name,road_type,month,hour
75027,1,5,121,1,1,60.0,0,I,RURAL_VICTORIA,ROAD,2,15.0
75028,2,5,102,1,3,60.0,0,I,RURAL_VICTORIA,ROAD,2,22.0
75029,1,6,111,2,1,60.0,0,I,MELB_URBAN,STREET,2,17.0
75030,1,6,140,5,1,50.0,0,N,MELB_URBAN,STREET,2,19.0
75031,4,5,181,5,1,60.0,0,N,TOWNS,ROAD,2,18.0
75032,1,6,99,5,3,50.0,0,N,MELB_URBAN,ROAD,2,3.0
75033,1,6,121,2,1,60.0,0,I,MELB_URBAN,ROAD,2,17.0
75034,1,6,110,1,1,70.0,0,I,MELB_URBAN,ROAD,2,17.0
75035,1,6,130,2,1,60.0,0,N,MELB_URBAN,ROAD,2,15.0
75036,1,6,140,5,1,50.0,0,N,MELB_URBAN,ROAD,2,17.0
75037,1,6,160,5,2,50.0,0,N,MELB_URBAN,STREET,2,19.0
75038,1,6,130,5,1,100.0,0,N,RURAL_VICTORIA,ROAD,2,16.0
75039,1,3,130,2,1,80.0,0,I,MELB_URBAN,ROAD,2,13.0
75040,2,6,99,5,3,50.0,0,N,MELB_URBAN,STREET,2,22.0
75041,1,5,160,5,2,80.0,0,N,MELB_URBAN,FREEWAY,2,5.0
75042,7,6,99,5,3,60.0,0,N,SMALL_TOWNS,ROAD,2,21.0
75043,1,6,113,2,1,70.0,0,I,MELB_URBAN,ROAD,2,17.0
75044,4,6,181,5,5,100.0,0,N,RURAL_VICTORIA,HIGHWAY,2,23.0
75045,8,7,174,5,3,60.0,0,N,LARGE_PROVINCIAL_CITIES,HIGHWAY,2,1.0
75046,2,7,100,2,2,70.0,0,I,MELB_URBAN,ROAD,2,6.0
75047,3,6,167,5,5,100.0,0,N,RURAL_VICTORIA,ROAD,2,20.0
75048,2,7,99,5,6,80.0,0,N,RURAL_VICTORIA,HIGHWAY,2,5.0
75049,4,7,173,5,1,100.0,0,N,RURAL_VICTORIA,HIGHWAY,2,8.0
75050,1,7,111,1,1,60.0,0,I,MELB_URBAN,ROAD,2,9.0
75051,6,1,184,5,1,80.0,0,N,RURAL_VICTORIA,ROAD,12,9.0
75052,1,7,99,5,1,60.0,0,N,MELB_URBAN,STREET,2,7.0
75053,1,7,113,2,1,60.0,0,I,MELB_URBAN,OTHER,2,10.0
75054,1,6,163,5,1,50.0,0,N,MELB_URBAN,STREET,2,17.0
75055,8,7,99,5,1,60.0,0,N,MELB_URBAN,ROAD,2,13.0
75056,4,5,99,5,1,60.0,0,N,RURAL_VICTORIA,ROAD,1,10.0
75057,3,5,167,5,5,100.0,0,N,RURAL_VICTORIA,ROAD,2,23.0
75058,1,7,147,5,9,60.0,0,N,MELB_URBAN,ROAD,2,8.0
75059,8,2,184,5,1,60.0,0,N,RURAL_VICTORIA,DRIVE,11,16.0
75060,1,7,121,2,1,80.0,0,I,MELB_URBAN,ROAD,2,12.0
75061,4,7,99,5,1,50.0,0,N,MELB_URBAN,OTHER,2,12.0
75062,2,7,100,1,1,40.0,0,N,MELB_URBAN,STREET,2,15.0
75063,4,6,183,5,1,70.0,0,N,RURAL_VICTORIA,ROAD,2,15.0
75064,8,7,174,5,1,100.0,0,N,LARGE_PROVINCIAL_CITIES,ROAD,2,16.0
75065,1,7,121,4,1,80.0,0,I,RURAL_VICTORIA,HIGHWAY,2,12.0
75066,1,7,116,1,1,50.0,0,I,LARGE_PROVINCIAL_CITIES,OTHER,2,17.0
75067,1,6,116,2,1,60.0,0,I,MELB_URBAN,STREET,2,17.0
75068,1,7,120,5,1,100.0,0,N,RURAL_VICTORIA,ROAD,2,18.0
75069,4,7,171,5,1,80.0,0,N,RURAL_VICTORIA,ROAD,2,18.0
75070,1,7,99,5,3,40.0,0,N,MELB_URBAN,STREET,2,20.0
75071,5,7,99,5,1,100.0,0,N,RURAL_VICTORIA,ROAD,2,17.0
75072,1,7,140,5,1,50.0,0,N,LARGE_PROVINCIAL_CITIES,STREET,2,18.0
75073,1,3,130,1,1,70.0,0,I,MELB_URBAN,ROAD,1,19.0
75074,1,2,113,1,5,60.0,0,I,MELB_URBAN,STREET,1,21.0
75075,1,7,99,5,3,60.0,0,N,MELB_URBAN,ROAD,2,22.0
75076,3,7,167,5,5,100.0,0,N,RURAL_VICTORIA,ROAD,2,21.0
75077,1,6,130,5,3,60.0,0,N,MELB_URBAN,UNKNOWN,2,22.0
75078,1,7,111,1,5,100.0,0,I,RURAL_VICTORIA,ROAD,2,22.0
75079,1,4,99,1,1,40.0,0,I,MELB_URBAN,STREET,2,16.0
75080,8,1,174,5,5,110.0,0,N,RURAL_VICTORIA,FREEWAY,2,2.0
75081,2,1,99,5,3,80.0,0,N,MELB_URBAN,HIGHWAY,2,1.0
75082,1,1,160,5,6,50.0,0,N,MELB_URBAN,DRIVE,2,3.0
75083,4,1,171,1,3,60.0,0,I,LARGE_PROVINCIAL_CITIES,ROAD,2,1.0
75084,4,6,171,5,1,60.0,0,N,RURAL_VICTORIA,ROAD,2,11.0
75085,1,0,130,5,1,80.0,0,I,MELB_URBAN,FREEWAY,2,7.0
75086,1,6,110,1,1,70.0,0,I,MELB_URBAN,ROAD,12,12.0
75087,1,7,120,5,5,70.0,0,N,TOWNS,HIGHWAY,2,22.0
75088,1,0,110,1,1,60.0,0,I,LARGE_PROVINCIAL_CITIES,STREET,2,12.0
75089,6,6,170,1,1,60.0,0,I,SMALL_CITIES,ROAD,2,13.0
75090,1,1,130,2,1,60.0,0,I,SMALL_CITIES,STREET,2,11.0
75091,4,0,171,5,5,110.0,0,N,RURAL_VICTORIA,FREEWAY,2,4.0
75092,1,7,130,2,1,60.0,0,I,MELB_URBAN,OTHER,2,16.0
75093,4,0,181,5,1,80.0,0,N,RURAL_VICTORIA,ROAD,2,9.0
75094,1,1,121,1,1,40.0,0,I,MELBOURNE_CBD,STREET,2,13.0
75095,1,7,130,5,1,60.0,0,N,MELB_URBAN,BOULEVARD,2,7.0
75096,4,7,181,5,1,60.0,0,N,RURAL_VICTORIA,ROAD,12,9.0
75097,1,1,130,5,1,100.0,0,N,TOWNS,HIGHWAY,2,16.0
75098,1,1,99,2,1,60.0,0,I,MELB_URBAN,ROAD,2,15.0
75099,1,1,181,5,1,50.0,0,N,MELB_URBAN,STREET,2,16.0
75100,1,1,140,5,1,60.0,0,N,MELB_URBAN,ROAD,2,15.0
75101,4,1,171,5,1,60.0,0,N,RURAL_VICTORIA,ROAD,2,15.0
75102,1,0,110,1,1,60.0,0,I,SMALL_CITIES,STREET,2,15.0
75103,2,0,100,2,1,60.0,0,N,MELB_URBAN,STREET,2,15.0
75104,1,1,130,1,1,80.0,0,I,MELB_URBAN,HIGHWAY,2,17.0
75105,1,3,130,1,1,70.0,0,I,MELB_URBAN,ROAD,2,17.0
75106,6,1,99,5,1,100.0,0,N,RURAL_VICTORIA,ROAD,2,16.0
75107,6,1,99,5,1,100.0,0,N,MELB_URBAN,UNKNOWN,2,19.0
75108,1,0,120,5,1,80.0,0,N,RURAL_VICTORIA,ROAD,2,15.0
75109,6,1,99,2,5,60.0,0,I,MELB_URBAN,STREET,2,22.0
75110,1,1,99,2,1,60.0,0,I,LARGE_PROVINCIAL_CITIES,HIGHWAY,2,20.0
75111,4,1,181,2,1,100.0,0,I,RURAL_VICTORIA,HIGHWAY,2,20.0
75112,8,1,99,2,3,30.0,0,I,LARGE_PROVINCIAL_CITIES,DRIVE,2,20.0
75113,2,6,99,2,1,40.0,0,N,MELB_URBAN,STREET,2,11.0
75114,1,6,121,1,1,60.0,0,I,MELB_URBAN,ROAD,2,10.0
75115,1,3,135,5,1,60.0,0,I,MELB_URBAN,ROAD,12,15.0
75116,4,2,99,2,3,80.0,0,I,MELB_URBAN,HIGHWAY,2,0.0
75117,4,2,171,5,3,100.0,0,N,MELB_URBAN,FREEWAY,2,3.0
75118,1,2,110,1,1,50.0,0,I,MELB_URBAN,STREET,2,7.0
75119,1,2,134,4,1,70.0,0,I,RURAL_VICTORIA,ROAD,2,6.0
75120,1,2,160,5,1,50.0,0,N,SMALL_CITIES,ROAD,2,8.0
75121,1,2,120,5,1,60.0,0,N,MELB_URBAN,ROAD,2,7.0
75122,1,3,130,5,9,80.0,0,N,MELB_URBAN,OTHER,2,8.0
75123,1,2,113,2,1,80.0,0,I,RURAL_VICTORIA,HIGHWAY,2,11.0
75124,2,5,99,5,1,40.0,0,N,LARGE_PROVINCIAL_CITIES,HIGHWAY,2,8.0
75125,2,2,102,5,1,40.0,0,N,MELB_URBAN,ROAD,2,9.0
75126,4,2,183,5,1,100.0,0,N,RURAL_VICTORIA,ROAD,2,10.0
75127,4,2,181,5,1,100.0,0,N,RURAL_VICTORIA,ROAD,2,10.0
75128,4,2,173,5,1,100.0,0,N,RURAL_VICTORIA,HIGHWAY,2,9.0
75129,1,3,121,4,9,70.0,0,N,MELB_URBAN,ROAD,11,11.0
75130,1,2,121,1,1,80.0,0,I,MELB_URBAN,OTHER,2,12.0
75131,1,2,132,2,1,60.0,0,I,MELB_URBAN,ROAD,2,9.0
75132,1,2,134,5,1,70.0,0,N,MELB_URBAN,ROAD,2,8.0
75133,1,2,121,1,1,60.0,0,I,MELB_URBAN,STREET,2,13.0
75134,5,1,99,5,1,60.0,0,N,RURAL_VICTORIA,OTHER,2,11.0
75135,6,2,99,5,1,100.0,0,N,RURAL_VICTORIA,HIGHWAY,2,8.0
75136,8,6,174,2,1,60.0,0,I,MELB_URBAN,ROAD,2,13.0
75137,8,7,99,5,1,50.0,0,N,MELB_URBAN,STREET,2,11.0
75138,4,1,181,5,1,80.0,0,N,RURAL_VICTORIA,ROAD,2,17.0
75139,1,2,113,2,1,60.0,1,I,MELB_URBAN,ROAD,2,15.0
75140,1,2,147,5,1,60.0,0,N,MELB_URBAN,STREET,2,16.0
75141,8,2,174,5,1,70.0,0,N,MELB_URBAN,ROAD,2,13.0
75142,1,7,110,1,1,40.0,0,I,MELB_URBAN,STREET,2,10.0
75143,1,3,130,5,1,50.0,0,N,MELB_URBAN,STREET,1,15.0
75144,1,2,121,2,1,60.0,0,I,LARGE_PROVINCIAL_CITIES,STREET,2,14.0
75145,1,4,113,2,1,80.0,0,I,MELB_URBAN,STREET,1,17.0
75146,1,5,130,5,1,100.0,0,N,MELB_URBAN,FREEWAY,2,18.0
75147,1,2,99,5,1,100.0,0,N,RURAL_VICTORIA,ROAD,2,17.0
75148,1,2,147,2,1,50.0,0,N,MELB_URBAN,AVENUE,2,16.0
75149,1,2,130,2,1,60.0,0,N,MELB_URBAN,ROAD,2,18.0
75150,1,2,135,5,2,100.0,0,N,MELB_URBAN,FREEWAY,2,6.0
75151,2,2,99,5,1,60.0,0,N,MELB_URBAN,STREET,8,15.0
75152,1,4,130,2,1,60.0,0,I,RURAL_VICTORIA,ROAD,10,14.0
75153,1,2,111,1,1,50.0,0,I,SMALL_CITIES,STREET,2,16.0
75154,1,1,130,5,1,60.0,0,N,MELB_URBAN,ROAD,2,16.0
75155,1,2,130,1,3,70.0,0,I,MELB_URBAN,STREET,2,3.0
75156,1,2,110,1,2,60.0,0,I,MELB_URBAN,ROAD,2,19.0
75157,4,3,99,5,3,40.0,0,N,MELB_URBAN,STREET,2,2.0
75158,1,3,99,2,1,60.0,0,N,MELB_URBAN,STREET,2,19.0
75159,1,3,110,1,1,50.0,0,I,TOWNS,STREET,2,7.0
75160,1,5,99,5,1,60.0,0,N,MELB_URBAN,ROAD,2,19.0
75161,4,3,173,5,1,70.0,0,N,LARGE_PROVINCIAL_CITIES,ROAD,2,8.0
75162,1,2,113,2,9,50.0,0,I,MELB_URBAN,UNKNOWN,2,5.0
75163,1,4,130,5,1,60.0,0,N,MELB_URBAN,OTHER,2,9.0
75164,5,6,99,5,1,50.0,0,N,MELB_URBAN,ROAD,2,15.0
75165,2,4,102,5,9,60.0,0,I,MELB_URBAN,ROAD,1,18.0
75166,1,3,99,1,1,50.0,0,I,SMALL_CITIES,PARADE,2,8.0
75167,1,3,113,4,1,100.0,0,I,RURAL_VICTORIA,ROAD,2,9.0
75168,1,3,110,1,1,60.0,0,I,LARGE_PROVINCIAL_CITIES,STREET,2,8.0
75169,1,7,163,2,1,40.0,0,I,MELB_URBAN,STREET,2,14.0
75170,1,3,113,2,1,80.0,0,I,MELB_URBAN,ROAD,2,11.0
75171,1,4,116,1,1,50.0,0,I,MELB_URBAN,STREET,2,17.0
75172,5,1,99,5,1,60.0,0,N,RURAL_VICTORIA,ROAD,2,14.0
75173,1,3,99,2,1,50.0,0,I,MELB_URBAN,ROAD,2,8.0
75174,1,3,130,2,1,60.0,0,I,MELB_URBAN,UNKNOWN,2,12.0
75175,2,3,102,5,1,50.0,0,N,MELB_URBAN,ROAD,2,12.0
75176,1,3,121,1,1,50.0,0,I,SMALL_CITIES,AVENUE,2,8.0
75177,1,5,130,5,9,60.0,0,N,MELB_URBAN,AVENUE,1,18.0
75178,1,3,130,1,1,50.0,0,I,SMALL_CITIES,ROAD,2,8.0
75179,4,3,171,5,1,50.0,0,N,LARGE_PROVINCIAL_CITIES,STREET,2,14.0
75180,4,2,183,5,1,100.0,0,N,RURAL_VICTORIA,ROAD,2,12.0
75181,1,2,130,1,1,80.0,0,N,MELB_URBAN,ROAD,2,18.0
75182,1,1,121,1,1,50.0,0,I,MELB_URBAN,STREET,2,17.0
75183,2,3,100,5,9,30.0,0,N,MELBOURNE_CBD,STREET,2,16.0
75184,6,0,99,5,1,60.0,0,N,MELB_URBAN,UNKNOWN,2,11.0
75185,8,5,99,2,9,100.0,0,I,RURAL_VICTORIA,ROAD,1,16.0
75186,1,5,130,1,1,50.0,0,I,SMALL_CITIES,STREET,11,15.0
75187,2,3,102,5,1,40.0,0,N,MELB_URBAN,STREET,2,15.0
75188,1,3,130,2,1,60.0,0,I,MELB_URBAN,STREET,2,14.0
75189,1,3,140,1,1,60.0,0,I,MELB_URBAN,HIGHWAY,2,13.0
75190,1,3,181,5,1,60.0,0,N,MELB_URBAN,ROAD,2,17.0
75191,4,3,173,2,1,100.0,0,I,RURAL_VICTORIA,ROAD,2,15.0
75192,6,3,184,5,9,60.0,0,N,RURAL_VICTORIA,ROAD,2,17.0
75193,1,3,121,1,1,60.0,0,I,MELB_URBAN,STREET,2,17.0
75194,1,2,130,5,1,80.0,0,N,MELB_URBAN,OTHER,2,17.0
75195,2,3,99,5,1,60.0,0,N,LARGE_PROVINCIAL_CITIES,ROAD,2,16.0
75196,1,3,121,2,1,60.0,0,I,MELB_URBAN,ROAD,2,17.0
75197,1,3,113,2,1,60.0,0,I,MELB_URBAN,ROAD,2,18.0
75198,1,1,160,5,3,50.0,0,N,SMALL_CITIES,DRIVE,2,21.0
75199,1,3,110,1,1,50.0,0,I,LARGE_PROVINCIAL_CITIES,STREET,2,16.0
75200,1,2,121,1,1,50.0,0,I,MELB_URBAN,STREET,2,9.0
75201,1,2,130,5,1,100.0,0,I,MELB_URBAN,FREEWAY,2,17.0
75202,1,2,133,5,1,60.0,0,N,MELB_URBAN,STREET,2,7.0
75203,2,2,100,5,1,40.0,0,N,MELB_URBAN,ROAD,2,14.0
75204,1,2,130,5,1,60.0,0,N,MELB_URBAN,ROAD,2,15.0
75205,1,3,111,1,1,60.0,0,I,MELB_URBAN,STREET,2,18.0
75206,1,3,99,1,2,50.0,0,I,LARGE_PROVINCIAL_CITIES,HIGHWAY,2,19.0
75207,1,3,130,5,1,70.0,0,N,MELB_URBAN,STREET,2,15.0
75208,3,3,167,5,3,60.0,0,N,SMALL_CITIES,HIGHWAY,2,22.0
75209,4,3,173,5,3,50.0,0,N,SMALL_CITIES,DRIVE,2,23.0
75210,2,7,100,1,9,60.0,0,I,MELB_URBAN,ROAD,10,10.0
75211,1,4,130,5,2,80.0,0,N,RURAL_VICTORIA,ROAD,2,6.0
75212,1,4,130,5,9,80.0,0,N,MELB_URBAN,FREEWAY,2,4.0
75213,4,4,99,2,1,50.0,0,I,SMALL_CITIES,OTHER,2,7.0
75214,1,4,111,1,1,60.0,0,I,MELB_URBAN,ROAD,2,9.0
75215,1,3,130,5,1,50.0,0,N,MELB_URBAN,PARADE,1,17.0
75216,1,5,160,2,3,60.0,0,I,MELB_URBAN,ROAD,2,20.0
75217,1,4,130,5,1,60.0,0,N,MELB_URBAN,OTHER,2,12.0
75218,1,4,147,5,1,60.0,0,N,MELB_URBAN,STREET,2,9.0
75219,1,4,130,5,1,80.0,0,N,MELB_URBAN,HIGHWAY,2,8.0
75220,1,3,130,5,1,70.0,0,N,MELB_URBAN,HIGHWAY,2,17.0
75221,6,4,174,1,9,60.0,0,I,SMALL_CITIES,AVENUE,1,0.0
75222,1,4,140,2,1,70.0,0,I,MELB_URBAN,ROAD,2,11.0
75223,2,4,100,1,1,50.0,0,I,MELB_URBAN,ROAD,2,12.0
75224,1,4,140,5,1,40.0,0,N,MELBOURNE_CBD,STREET,2,13.0
75225,1,3,111,2,1,60.0,0,I,MELB_URBAN,STREET,2,9.0
75226,1,4,121,2,5,60.0,0,I,MELB_URBAN,STREET,2,8.0
75227,2,1,99,5,6,60.0,0,N,MELB_URBAN,ROAD,2,21.0
75228,6,4,99,5,1,100.0,0,N,RURAL_VICTORIA,HIGHWAY,2,12.0
75229,4,1,181,5,1,80.0,0,N,RURAL_VICTORIA,ROAD,2,6.0
75230,1,2,99,1,1,50.0,0,I,MELB_URBAN,ROAD,1,6.0
75231,1,4,99,2,1,80.0,0,I,RURAL_VICTORIA,HIGHWAY,2,10.0
75232,1,2,110,1,3,70.0,0,I,MELB_URBAN,STREET,2,23.0
75233,1,3,147,5,1,60.0,0,N,SMALL_CITIES,STREET,2,16.0
75234,1,4,140,5,1,50.0,0,N,MELB_URBAN,ROAD,2,8.0
75235,1,4,113,2,1,70.0,0,I,MELB_URBAN,ROAD,2,16.0
75236,8,4,170,5,1,100.0,0,N,RURAL_VICTORIA,ROAD,2,15.0
75237,1,4,130,2,1,80.0,0,I,MELB_URBAN,ROAD,2,17.0
75238,1,4,130,2,1,80.0,0,I,MELB_URBAN,ROAD,2,17.0
75239,1,4,99,5,1,40.0,0,N,MELB_URBAN,ROAD,2,17.0
75240,1,4,110,1,1,60.0,0,I,MELB_URBAN,ROAD,2,15.0
75241,1,4,121,5,1,80.0,0,N,MELB_URBAN,ROAD,2,14.0
75242,1,6,113,2,1,60.0,0,I,MELB_URBAN,ROAD,1,7.0
75243,1,5,130,2,9,60.0,0,I,RURAL_VICTORIA,ROAD,2,15.0
75244,1,3,130,5,1,80.0,0,N,MELB_URBAN,ROAD,2,17.0
75245,6,4,99,5,1,100.0,0,N,RURAL_VICTORIA,ROAD,2,17.0
75246,1,4,110,1,1,90.0,0,I,RURAL_VICTORIA,ROAD,2,18.0
75247,4,4,173,5,2,60.0,0,N,LARGE_PROVINCIAL_CITIES,STREET,2,20.0
75248,4,4,173,5,1,100.0,0,N,RURAL_VICTORIA,ROAD,2,16.0
75249,1,4,130,5,1,70.0,0,N,MELB_URBAN,HIGHWAY,8,15.0
75250,1,4,99,2,1,60.0,0,I,MELB_URBAN,ROAD,2,13.0
75251,1,4,120,5,5,100.0,0,N,RURAL_VICTORIA,HIGHWAY,2,20.0
75252,1,3,130,5,9,60.0,0,N,MELB_URBAN,HIGHWAY,2,21.0
75253,4,4,171,5,1,100.0,1,N,RURAL_VICTORIA,ROAD,2,18.0
75254,4,4,183,5,2,100.0,0,N,RURAL_VICTORIA,UNKNOWN,2,20.0
75255,2,4,100,5,1,50.0,0,N,SMALL_CITIES,ROAD,2,15.0
75256,1,2,113,1,1,100.0,0,I,RURAL_VICTORIA,HIGHWAY,2,11.0
75257,1,3,121,2,1,60.0,0,I,MELB_URBAN,STREET,2,17.0
75258,8,5,99,1,1,60.0,0,N,MELB_URBAN,ROAD,2,8.0
75259,1,5,110,1,3,60.0,0,N,LARGE_PROVINCIAL_CITIES,ROAD,2,5.0
75260,1,5,121,4,1,80.0,0,I,MELB_URBAN,ROAD,2,9.0
75261,1,4,99,5,3,60.0,0,N,LARGE_PROVINCIAL_CITIES,AVENUE,2,21.0
75262,1,5,130,4,1,60.0,0,N,SMALL_CITIES,STREET,2,8.0
75263,1,5,110,1,1,60.0,0,I,TOWNS,STREET,2,10.0
75264,4,5,173,5,1,50.0,0,N,MELB_URBAN,STREET,2,7.0
75265,2,5,102,2,1,50.0,0,N,MELB_URBAN,AVENUE,2,8.0
75266,1,5,121,5,1,60.0,0,I,MELB_URBAN,HIGHWAY,2,7.0
75267,1,5,113,2,1,70.0,0,I,MELB_URBAN,ROAD,2,11.0
75268,1,4,99,1,1,60.0,0,N,TOWNS,STREET,2,10.0
75269,1,2,116,2,1,60.0,0,N,MELB_URBAN,ROAD,2,17.0
75270,1,5,147,5,1,60.0,0,N,MELB_URBAN,ROAD,2,8.0
75271,1,0,110,1,1,60.0,0,I,MELB_URBAN,STREET,2,17.0
75272,1,5,130,5,1,60.0,0,N,MELB_URBAN,ROAD,2,7.0
75273,1,5,121,4,1,80.0,0,N,MELB_URBAN,HIGHWAY,2,7.0
75274,4,4,173,5,1,100.0,0,N,RURAL_VICTORIA,ROAD,2,9.0
75275,1,5,99,5,1,40.0,0,N,MELB_URBAN,STREET,2,7.0
75276,1,5,121,1,1,60.0,0,I,MELB_URBAN,STREET,2,14.0
75277,1,5,99,2,1,60.0,0,I,MELB_URBAN,ROAD,2,13.0
75278,4,6,181,5,1,80.0,0,N,RURAL_VICTORIA,ROAD,11,13.0
75279,1,4,110,1,1,50.0,0,I,MELB_URBAN,AVENUE,2,9.0
75280,2,4,100,5,1,60.0,0,N,RURAL_VICTORIA,ROAD,2,16.0
75281,1,5,99,5,1,60.0,0,N,MELB_URBAN,STREET,2,16.0
75282,1,5,147,5,1,60.0,0,N,SMALL_CITIES,STREET,2,17.0
75283,1,4,121,1,1,60.0,0,I,SMALL_CITIES,ROAD,1,13.0
75284,1,5,140,5,1,80.0,0,N,MELB_URBAN,ROAD,2,17.0
75285,1,4,113,2,1,60.0,0,I,MELB_URBAN,STREET,2,16.0
75286,1,5,130,5,1,100.0,0,N,MELB_URBAN,FREEWAY,2,17.0
75287,1,3,130,5,1,60.0,0,N,MELB_URBAN,OTHER,2,16.0
75288,1,5,110,1,1,60.0,0,I,MELB_URBAN,STREET,2,14.0
75289,1,5,111,2,2,70.0,0,I,RURAL_VICTORIA,ROAD,2,19.0
75290,8,3,174,2,1,50.0,0,I,MELB_URBAN,ROAD,2,12.0
75291,1,5,130,2,1,70.0,0,I,MELB_URBAN,ROAD,2,15.0
75292,1,5,130,5,1,70.0,0,N,MELB_URBAN,HIGHWAY,2,17.0
75293,6,5,99,2,1,80.0,0,I,RURAL_VICTORIA,HIGHWAY,2,16.0
75294,1,5,132,2,1,60.0,0,I,MELB_URBAN,ROAD,2,19.0
75295,1,5,130,1,3,60.0,0,I,MELB_URBAN,HIGHWAY,2,21.0
75296,7,7,99,5,1,60.0,0,N,RURAL_VICTORIA,ROAD,2,16.0
75297,2,5,100,5,3,60.0,0,N,MELB_URBAN,ROAD,2,21.0
75298,4,5,171,5,1,100.0,0,N,RURAL_VICTORIA,ROAD,2,19.0
75299,4,7,173,5,1,100.0,0,N,RURAL_VICTORIA,HIGHWAY,2,15.0
75300,1,5,130,5,1,80.0,0,N,RURAL_VICTORIA,ROAD,2,16.0
75301,4,5,173,2,3,80.0,1,I,MELB_URBAN,ROAD,2,21.0
75302,1,4,130,1,3,60.0,0,I,MELB_URBAN,PARADE,2,22.0
75303,6,3,174,2,2,60.0,0,I,SMALL_CITIES,STREET,2,20.0
75304,4,6,171,5,1,50.0,0,N,SMALL_CITIES,ROAD,2,8.0
75305,8,0,184,5,1,60.0,0,N,RURAL_VICTORIA,ROAD,2,16.0
75306,1,6,130,5,1,80.0,0,N,RURAL_VICTORIA,ROAD,2,7.0
75307,1,5,130,1,2,60.0,0,I,MELB_URBAN,AVENUE,2,17.0
75308,8,0,184,5,1,60.0,0,N,RURAL_VICTORIA,ROAD,10,13.0
75309,1,6,130,2,1,60.0,0,I,MELB_URBAN,ROAD,2,10.0
75310,1,6,130,5,1,60.0,0,N,LARGE_PROVINCIAL_CITIES,HIGHWAY,2,8.0
75311,1,4,130,1,1,80.0,0,I,MELB_URBAN,ROAD,12,15.0
75312,1,6,99,2,1,100.0,0,I,RURAL_VICTORIA,HIGHWAY,2,11.0
75313,1,6,160,5,1,70.0,0,N,MELB_URBAN,OTHER,2,9.0
75314,2,6,100,1,1,60.0,0,I,MELB_URBAN,ROAD,2,9.0
75315,1,5,120,4,1,60.0,0,I,MELB_URBAN,STREET,2,9.0
75316,4,6,171,5,1,50.0,0,N,MELB_URBAN,STREET,2,12.0
75317,1,6,121,1,1,80.0,0,I,MELB_URBAN,ROAD,2,13.0
75318,8,5,174,5,1,60.0,0,N,RURAL_VICTORIA,ROAD,2,13.0
75319,1,5,134,5,3,70.0,0,N,MELB_URBAN,OTHER,2,20.0
75320,4,1,173,5,1,100.0,0,N,RURAL_VICTORIA,ROAD,2,10.0
75321,1,1,130,5,1,100.0,0,N,MELB_URBAN,FREEWAY,12,17.0
75322,1,6,121,1,1,60.0,0,I,LARGE_PROVINCIAL_CITIES,ROAD,2,14.0
75323,4,6,171,5,1,100.0,0,N,RURAL_VICTORIA,ROAD,2,14.0
75324,6,6,170,5,1,100.0,0,N,RURAL_VICTORIA,ROAD,2,10.0
75325,1,6,135,1,1,60.0,0,I,MELB_URBAN,ROAD,2,16.0
75326,1,6,130,5,1,100.0,0,N,MELB_URBAN,FREEWAY,2,15.0
75327,1,7,130,5,1,80.0,0,N,MELB_URBAN,UNKNOWN,2,12.0
75328,1,6,130,1,1,60.0,0,I,MELB_URBAN,ROAD,2,14.0
75329,1,6,113,2,1,60.0,0,I,SMALL_CITIES,AVENUE,2,15.0
75330,1,6,160,5,1,60.0,0,N,MELB_URBAN,ROAD,2,16.0
75331,2,6,102,5,1,40.0,0,N,MELB_URBAN,STREET,2,17.0
75332,1,6,147,5,1,60.0,0,N,MELB_URBAN,DRIVE,2,15.0
75333,1,6,121,5,2,50.0,0,N,MELB_URBAN,AVENUE,2,19.0
75334,1,6,130,5,1,80.0,0,N,MELB_URBAN,OTHER,2,15.0
75335,1,2,130,5,1,80.0,0,N,MELB_URBAN,HIGHWAY,2,18.0
75336,4,2,181,5,5,80.0,0,N,TOWNS,ROAD,10,0.0
75337,1,6,99,5,3,60.0,0,N,MELB_URBAN,OTHER,2,21.0
75338,1,6,130,5,1,70.0,0,N,MELB_URBAN,ROAD,2,18.0
75339,1,6,99,2,1,60.0,0,I,MELB_URBAN,ROAD,2,17.0
75340,1,6,99,5,1,80.0,0,N,MELB_URBAN,HIGHWAY,2,14.0
75341,1,5,160,5,3,60.0,0,N,MELB_URBAN,ROAD,2,21.0
75342,6,6,99,5,2,100.0,1,N,RURAL_VICTORIA,ROAD,2,20.0
75343,4,6,173,5,3,50.0,1,N,MELB_URBAN,AVENUE,2,22.0
75344,4,7,171,5,3,60.0,0,N,MELB_URBAN,HIGHWAY,2,5.0
75345,7,7,99,5,1,100.0,0,N,MELB_URBAN,HIGHWAY,2,18.0
75346,1,7,116,2,1,60.0,0,I,MELB_URBAN,ROAD,2,9.0
75347,6,6,184,5,1,100.0,0,N,RURAL_VICTORIA,HIGHWAY,2,13.0
75348,1,7,160,5,1,60.0,0,N,MELB_URBAN,ROAD,2,10.0
75349,4,6,173,5,1,50.0,0,N,MELB_URBAN,ROAD,2,7.0
75350,1,4,140,5,1,60.0,0,N,MELB_URBAN,ROAD,2,17.0
75351,2,7,100,1,1,60.0,0,I,MELB_URBAN,ROAD,2,11.0
75352,3,6,167,2,5,100.0,0,I,RURAL_VICTORIA,ROAD,2,21.0
75353,1,7,121,4,1,60.0,0,I,MELB_URBAN,ROAD,2,13.0
75354,1,7,121,2,1,60.0,0,I,LARGE_PROVINCIAL_CITIES,ROAD,2,14.0
75355,4,7,173,5,1,80.0,0,N,RURAL_VICTORIA,ROAD,2,13.0
75356,2,7,99,2,1,50.0,0,I,TOWNS,AVENUE,2,14.0