,accident_type,day_of_week,dca_code,road_geometry,light_condition,speed_zone,severity,node_type,deg_urban_name,road_type,month,hour
75357,1,6,110,1,1,70.0,0,I,MELB_URBAN,ROAD,2,15.0
75358,4,7,183,5,1,100.0,1,N,RURAL_VICTORIA,ROAD,2,15.0
75359,1,7,130,1,1,60.0,0,I,MELB_URBAN,STREET,2,13.0
75360,4,7,173,5,1,100.0,0,N,RURAL_VICTORIA,ROAD,2,18.0
75361,1,7,134,5,1,70.0,0,I,MELB_URBAN,ROAD,2,18.0
75362,8,7,184,5,1,100.0,0,N,RURAL_VICTORIA,ROAD,2,14.0
75363,1,2,132,2,9,60.0,0,I,MELB_URBAN,STREET,2,19.0
75364,2,7,102,1,3,40.0,0,I,MELBOURNE_CBD,STREET,2,21.0
75365,1,7,140,5,3,60.0,0,N,MELB_URBAN,ROAD,2,22.0
75366,4,7,181,5,1,100.0,0,N,RURAL_VICTORIA,ROAD,2,18.0
75367,1,1,110,1,3,60.0,0,I,MELB_URBAN,PARADE,2,2.0
75368,1,1,99,1,3,70.0,0,I,MELB_URBAN,ROAD,2,5.0
75369,8,6,174,1,9,60.0,0,I,MELB_URBAN,HIGHWAY,2,13.0
75370,1,1,135,5,1,80.0,0,N,MELB_URBAN,OTHER,2,7.0
75371,4,1,173,5,1,100.0,0,N,RURAL_VICTORIA,ROAD,2,7.0
75372,6,0,99,5,1,100.0,0,N,RURAL_VICTORIA,ROAD,2,9.0
75373,4,6,181,5,6,50.0,0,N,TOWNS,UNKNOWN,2,23.0
75374,4,1,181,5,1,80.0,0,N,RURAL_VICTORIA,HIGHWAY,2,10.0
75375,1,1,113,2,2,70.0,0,I,MELB_URBAN,ROAD,2,7.0
75376,4,1,173,5,1,100.0,0,N,RURAL_VICTORIA,HIGHWAY,2,7.0
75377,6,7,184,5,1,100.0,0,N,RURAL_VICTORIA,ROAD,2,13.0
75378,1,1,130,5,1,80.0,0,N,MELB_URBAN,UNKNOWN,2,12.0
75379,1,0,140,2,1,70.0,0,N,MELB_URBAN,ROAD,2,11.0
75380,1,1,113,2,1,100.0,0,I,RURAL_VICTORIA,ROAD,2,13.0
75381,6,1,99,5,5,100.0,0,N,RURAL_VICTORIA,ROAD,2,4.0
75382,1,1,113,2,1,70.0,0,I,MELB_URBAN,ROAD,2,14.0
75383,6,1,184,5,1,100.0,0,N,RURAL_VICTORIA,ROAD,2,12.0
75384,1,7,110,1,1,50.0,0,I,LARGE_PROVINCIAL_CITIES,STREET,12,12.0
75385,1,0,132,2,1,80.0,0,I,RURAL_VICTORIA,ROAD,2,12.0
75386,1,1,130,1,1,60.0,0,I,SMALL_CITIES,ROAD,2,13.0
75387,8,1,99,5,1,50.0,0,N,MELB_URBAN,ROAD,2,15.0
75388,4,1,183,5,1,80.0,0,N,RURAL_VICTORIA,ROAD,2,15.0
75389,6,0,99,5,1,80.0,0,N,RURAL_VICTORIA,ROAD,2,16.0
75390,1,1,147,5,1,60.0,0,N,MELB_URBAN,HIGHWAY,2,17.0
75391,8,1,174,5,1,60.0,0,N,MELB_URBAN,ROAD,2,17.0
75392,6,0,99,5,1,80.0,0,N,RURAL_VICTORIA,ROAD,2,17.0
75393,1,1,130,1,1,60.0,0,I,SMALL_CITIES,ROAD,2,15.0
75394,4,1,181,5,2,60.0,0,N,MELB_URBAN,ROAD,2,18.0
75395,4,1,183,5,1,80.0,0,N,RURAL_VICTORIA,ROAD,2,18.0
75396,1,1,132,5,2,100.0,0,N,RURAL_VICTORIA,ROAD,2,19.0
75397,4,1,173,5,1,100.0,0,N,RURAL_VICTORIA,HIGHWAY,2,19.0
75398,4,1,183,5,1,50.0,0,N,MELB_URBAN,ROAD,2,17.0
75399,1,5,110,1,1,50.0,0,I,LARGE_PROVINCIAL_CITIES,STREET,2,14.0
75400,1,1,171,5,1,60.0,0,N,SMALL_CITIES,DRIVE,2,13.0
75401,1,6,130,2,1,70.0,0,I,MELB_URBAN,ROAD,2,17.0
75402,1,6,113,1,1,100.0,0,I,RURAL_VICTORIA,ROAD,2,16.0
75403,1,1,130,1,1,80.0,0,I,MELB_URBAN,ROAD,2,12.0
75404,4,2,183,5,1,80.0,0,N,RURAL_VICTORIA,ROAD,1,14.0
75405,5,1,181,5,1,110.0,0,N,RURAL_VICTORIA,FREEWAY,2,13.0
75406,5,6,99,5,1,80.0,0,N,RURAL_VICTORIA,ROAD,1,13.0
75407,1,7,116,2,1,70.0,0,N,MELB_URBAN,HIGHWAY,2,11.0
75408,1,4,130,2,1,60.0,0,I,MELB_URBAN,AVENUE,2,8.0
75409,1,5,132,5,6,60.0,0,N,MELB_URBAN,AVENUE,2,21.0
75410,1,2,160,5,1,50.0,0,N,MELB_URBAN,STREET,2,11.0
75411,1,7,116,2,1,50.0,0,I,MELB_URBAN,STREET,2,9.0
75412,1,2,99,2,1,60.0,0,I,MELB_URBAN,ROAD,2,9.0
75413,1,1,99,1,1,40.0,0,I,MELB_URBAN,OTHER,2,11.0
75414,1,2,120,5,1,70.0,1,N,MELB_URBAN,DRIVE,2,8.0
75415,1,2,121,2,1,60.0,0,I,TOWNS,STREET,2,13.0
75416,4,2,171,5,1,60.0,0,N,MELB_URBAN,ROAD,2,11.0
75417,4,3,171,5,9,110.0,0,I,SMALL_TOWNS,FREEWAY,1,12.0
75418,4,1,183,5,1,60.0,0,N,MELB_URBAN,ROAD,2,14.0
75419,1,4,130,1,1,70.0,0,I,MELB_URBAN,ROAD,2,16.0
75420,8,7,174,5,1,100.0,0,N,RURAL_VICTORIA,ROAD,2,15.0
75421,6,6,170,5,1,100.0,0,N,RURAL_VICTORIA,ROAD,2,12.0
75422,1,1,130,5,9,40.0,0,N,MELB_URBAN,STREET,2,15.0
75423,1,2,130,5,1,50.0,0,N,SMALL_CITIES,STREET,2,14.0
75424,1,5,121,1,1,50.0,0,I,MELB_URBAN,STREET,2,17.0
75425,1,2,130,5,1,80.0,0,I,MELB_URBAN,ROAD,2,15.0
75426,1,2,130,4,1,60.0,0,I,SMALL_CITIES,OTHER,2,16.0
75427,1,2,140,5,1,80.0,0,N,RURAL_VICTORIA,ROAD,2,16.0
75428,1,2,110,1,1,60.0,0,I,MELB_URBAN,ROAD,2,14.0
75429,3,4,167,5,2,80.0,0,N,RURAL_VICTORIA,ROAD,6,6.0
75430,1,3,132,2,2,60.0,0,I,MELB_URBAN,ROAD,2,18.0
75431,1,2,121,2,1,40.0,0,I,MELB_URBAN,STREET,2,8.0
75432,6,4,184,5,1,60.0,0,N,RURAL_VICTORIA,ROAD,12,19.0
75433,1,2,110,1,1,50.0,0,I,MELB_URBAN,STREET,2,15.0
75434,4,2,171,5,1,40.0,0,N,MELB_URBAN,AVENUE,2,12.0
75435,1,2,130,1,1,70.0,0,I,SMALL_CITIES,HIGHWAY,2,15.0
75436,1,2,113,1,1,50.0,0,I,MELB_URBAN,STREET,2,17.0
75437,1,2,120,5,1,60.0,0,N,MELB_URBAN,ROAD,2,14.0
75438,6,2,184,5,1,60.0,0,N,RURAL_VICTORIA,ROAD,2,13.0
75439,1,2,121,2,1,60.0,0,I,MELB_URBAN,HIGHWAY,2,15.0
75440,1,1,99,4,1,60.0,0,I,RURAL_VICTORIA,HIGHWAY,2,19.0
75441,6,7,99,5,2,60.0,0,N,RURAL_VICTORIA,ROAD,2,19.0
75442,1,2,110,1,1,50.0,0,I,MELB_URBAN,AVENUE,2,19.0
75443,1,2,121,1,2,60.0,0,I,MELB_URBAN,ROAD,2,19.0
75444,8,2,170,2,1,60.0,0,N,MELB_URBAN,HIGHWAY,2,19.0
75445,4,2,183,5,3,70.0,0,N,MELB_URBAN,ROAD,2,21.0
75446,1,2,99,2,3,40.0,0,N,MELB_URBAN,STREET,2,6.0
75447,1,3,130,5,1,80.0,0,N,MELB_URBAN,FREEWAY,6,16.0
75448,1,1,116,2,1,80.0,0,I,LARGE_PROVINCIAL_CITIES,ROAD,2,8.0
75449,1,1,135,2,1,80.0,0,I,MELB_URBAN,HIGHWAY,2,13.0
75450,4,7,181,5,1,60.0,0,N,RURAL_VICTORIA,ROAD,1,11.0
75451,4,2,173,5,1,100.0,0,N,RURAL_VICTORIA,ROAD,2,19.0
75452,1,3,121,1,1,60.0,0,N,MELB_URBAN,ROAD,2,7.0
75453,1,3,113,2,1,60.0,0,I,MELB_URBAN,ROAD,2,8.0
75454,1,3,163,2,1,40.0,0,I,MELB_URBAN,STREET,2,9.0
75455,6,1,174,5,1,100.0,0,N,RURAL_VICTORIA,ROAD,2,11.0
75456,1,2,147,5,6,60.0,0,N,MELB_URBAN,DRIVE,2,6.0
75457,1,4,120,5,9,60.0,0,N,RURAL_VICTORIA,ROAD,8,16.0
75458,4,0,171,5,1,100.0,0,N,RURAL_VICTORIA,ROAD,2,18.0
75459,1,3,130,5,1,100.0,0,N,MELB_URBAN,OTHER,2,7.0
75460,2,3,100,2,1,60.0,0,I,MELB_URBAN,OTHER,2,13.0
75461,1,3,120,5,1,100.0,0,N,RURAL_VICTORIA,HIGHWAY,2,11.0
75462,1,3,160,2,1,60.0,0,I,MELB_URBAN,ROAD,2,13.0
75463,1,3,147,2,1,50.0,0,N,MELB_URBAN,ROAD,2,11.0
75464,1,6,135,5,1,60.0,0,N,MELB_URBAN,HIGHWAY,2,16.0
75465,1,3,147,5,1,50.0,0,N,MELB_URBAN,STREET,2,8.0
75466,4,3,173,5,1,50.0,0,N,RURAL_VICTORIA,ROAD,2,8.0
75467,1,2,147,5,1,70.0,0,N,MELB_URBAN,HIGHWAY,2,13.0
75468,1,3,130,5,1,80.0,0,N,MELB_URBAN,HIGHWAY,2,13.0
75469,1,5,130,1,1,90.0,0,I,MELB_URBAN,FREEWAY,10,17.0
75470,1,3,110,1,1,60.0,0,I,MELB_URBAN,STREET,2,6.0
75471,1,6,110,9,1,60.0,0,I,LARGE_PROVINCIAL_CITIES,STREET,5,17.0
75472,1,3,130,2,6,80.0,0,I,MELB_URBAN,ROAD,5,18.0
75473,1,3,133,1,1,80.0,0,I,MELB_URBAN,HIGHWAY,2,14.0
75474,1,3,140,5,1,80.0,0,I,MELB_URBAN,ROAD,2,16.0
75475,1,2,121,2,2,60.0,0,I,MELB_URBAN,ROAD,2,18.0
75476,1,3,99,5,1,50.0,0,N,SMALL_CITIES,STREET,2,16.0
75477,1,3,111,1,1,50.0,0,I,SMALL_CITIES,STREET,2,17.0
75478,4,2,173,5,1,110.0,0,N,RURAL_VICTORIA,FREEWAY,2,18.0
75479,1,3,133,5,3,100.0,0,N,MELB_URBAN,FREEWAY,2,20.0
75480,1,3,147,5,9,60.0,0,N,MELB_URBAN,STREET,2,8.0
75481,1,3,99,5,2,60.0,0,N,MELB_URBAN,STREET,2,18.0
75482,1,3,116,1,1,80.0,0,N,RURAL_VICTORIA,ROAD,2,17.0
75483,1,3,110,1,3,70.0,0,I,MELB_URBAN,ROAD,2,21.0
75484,4,5,173,5,3,60.0,0,N,MELB_URBAN,HIGHWAY,2,4.0
75485,4,3,99,2,3,60.0,0,I,SMALL_CITIES,STREET,2,23.0
75486,1,3,121,2,3,40.0,0,I,MELB_URBAN,STREET,2,21.0
75487,4,4,171,5,3,60.0,0,N,MELB_URBAN,ROAD,2,0.0
75488,1,4,160,5,1,60.0,0,N,MELB_URBAN,ROAD,2,6.0
75489,1,3,121,2,1,60.0,0,I,MELB_URBAN,ROAD,2,8.0
75490,1,4,133,5,2,100.0,0,N,MELB_URBAN,HIGHWAY,2,6.0
75491,1,4,121,2,1,50.0,0,I,MELB_URBAN,STREET,2,7.0
75492,1,4,130,2,1,70.0,0,I,SMALL_CITIES,AVENUE,2,8.0
75493,1,4,110,1,1,50.0,0,I,MELB_URBAN,STREET,2,7.0
75494,1,2,130,1,1,80.0,0,I,MELB_URBAN,ROAD,2,18.0
75495,1,3,99,2,1,50.0,0,I,LARGE_PROVINCIAL_CITIES,STREET,2,8.0
75496,1,4,130,5,1,100.0,0,N,RURAL_VICTORIA,HIGHWAY,2,8.0
75497,4,4,171,5,1,60.0,0,N,MELB_URBAN,ROAD,2,8.0
75498,1,4,130,5,1,70.0,0,N,MELB_URBAN,ROAD,2,7.0
75499,1,4,121,1,1,60.0,0,I,MELB_URBAN,ROAD,2,10.0
75500,1,1,99,5,1,60.0,0,I,MELB_URBAN,ROAD,1,18.0
75501,1,4,130,2,1,40.0,0,N,MELB_URBAN,STREET,2,8.0
75502,8,7,174,5,9,50.0,0,N,MELB_URBAN,OTHER,12,12.0
75503,2,4,99,2,1,50.0,0,N,MELB_URBAN,STREET,2,8.0
75504,1,5,135,5,2,100.0,0,N,RURAL_VICTORIA,FREEWAY,6,6.0
75505,4,3,173,2,1,60.0,0,I,MELB_URBAN,ROAD,2,11.0
75506,1,4,132,2,1,60.0,0,I,MELB_URBAN,ROAD,2,11.0
75507,2,4,100,1,1,60.0,0,I,MELB_URBAN,ROAD,2,13.0
75508,6,4,99,5,1,100.0,0,N,RURAL_VICTORIA,ROAD,2,10.0
75509,1,2,130,2,1,70.0,0,I,MELB_URBAN,ROAD,2,14.0
75510,1,4,99,1,1,60.0,0,I,MELB_URBAN,STREET,2,8.0
75511,1,3,121,2,3,50.0,0,I,MELB_URBAN,STREET,2,20.0
75512,1,6,163,5,1,50.0,0,N,MELB_URBAN,STREET,2,16.0
75513,4,0,183,5,1,80.0,0,N,RURAL_VICTORIA,ROAD,2,14.0
75514,4,4,171,5,1,100.0,0,N,RURAL_VICTORIA,OTHER,2,12.0
75515,1,3,99,2,1,100.0,0,I,RURAL_VICTORIA,HIGHWAY,2,14.0
75516,4,4,181,5,1,70.0,0,N,LARGE_PROVINCIAL_CITIES,ROAD,2,14.0
75517,1,2,130,1,1,80.0,0,N,MELB_URBAN,ROAD,2,17.0
75518,1,4,99,2,1,50.0,0,I,MELB_URBAN,AVENUE,2,8.0
75519,2,4,99,2,6,50.0,0,I,MELB_URBAN,OTHER,4,23.0
75520,4,3,173,5,1,100.0,0,N,MELB_URBAN,FREEWAY,2,12.0
75521,2,5,99,5,1,40.0,0,N,MELB_URBAN,STREET,2,15.0
75522,1,4,130,2,1,80.0,0,I,RURAL_VICTORIA,ROAD,2,16.0
75523,1,5,163,5,1,60.0,0,N,MELB_URBAN,STREET,2,19.0
75524,8,6,174,4,5,60.0,0,N,RURAL_VICTORIA,ROAD,2,21.0
75525,1,3,130,5,1,70.0,0,N,MELB_URBAN,ROAD,2,14.0
75526,1,4,113,2,1,60.0,0,I,MELB_URBAN,ROAD,2,17.0
75527,1,4,99,2,1,80.0,0,I,MELB_URBAN,ROAD,2,13.0
75528,1,2,147,5,1,60.0,0,N,MELB_URBAN,ROAD,2,8.0
75529,2,4,99,5,1,60.0,0,N,MELB_URBAN,STREET,2,8.0
75530,1,4,140,5,1,60.0,0,N,LARGE_PROVINCIAL_CITIES,ROAD,2,14.0
75531,1,4,99,5,1,50.0,0,N,MELB_URBAN,STREET,2,19.0
75532,4,4,173,5,1,100.0,1,N,RURAL_VICTORIA,ROAD,2,16.0
75533,1,4,121,5,1,100.0,0,N,RURAL_VICTORIA,AVENUE,2,19.0
75534,2,4,99,1,1,50.0,0,I,MELB_URBAN,AVENUE,2,17.0
75535,1,3,130,2,1,100.0,0,I,RURAL_VICTORIA,HIGHWAY,2,17.0
75536,4,5,171,5,5,100.0,0,N,MELB_URBAN,FREEWAY,2,2.0
75537,1,5,130,1,3,80.0,0,I,MELB_URBAN,ROAD,2,4.0
75538,1,6,110,1,3,60.0,0,I,TOWNS,STREET,8,19.0
75539,1,5,99,5,1,40.0,0,N,MELB_URBAN,ROAD,2,9.0
75540,1,1,130,1,1,50.0,0,I,MELB_URBAN,ROAD,2,15.0
75541,1,5,99,2,1,80.0,0,N,MELB_URBAN,HIGHWAY,2,8.0
75542,8,6,174,5,1,100.0,0,N,RURAL_VICTORIA,OTHER,2,14.0
75543,1,3,121,1,1,60.0,0,I,LARGE_PROVINCIAL_CITIES,STREET,2,12.0
75544,1,5,130,5,1,80.0,0,N,MELB_URBAN,HIGHWAY,2,8.0
75545,1,2,121,1,3,50.0,0,I,LARGE_PROVINCIAL_CITIES,STREET,11,22.0
75546,7,0,99,5,1,60.0,0,N,MELB_URBAN,STREET,2,15.0
75547,1,6,130,1,1,60.0,0,I,MELB_URBAN,ROAD,2,12.0
75548,1,4,140,2,1,50.0,0,I,MELB_URBAN,DRIVE,2,15.0
75549,1,5,113,2,1,50.0,0,I,MELB_URBAN,OTHER,2,11.0
75550,1,5,130,5,1,100.0,0,N,MELB_URBAN,UNKNOWN,2,8.0
75551,6,4,99,5,1,100.0,0,N,RURAL_VICTORIA,HIGHWAY,2,11.0
75552,1,7,133,2,1,80.0,0,I,MELB_URBAN,HIGHWAY,2,9.0
75553,1,5,110,1,1,60.0,0,I,TOWNS,STREET,2,12.0
75554,2,1,99,5,1,50.0,0,N,MELB_URBAN,OTHER,2,12.0
75555,1,7,121,1,2,40.0,0,I,MELB_URBAN,STREET,2,19.0
75556,1,2,147,5,1,60.0,0,N,MELB_URBAN,ROAD,2,16.0
75557,1,2,130,5,1,60.0,0,N,MELB_URBAN,HIGHWAY,2,12.0
75558,4,5,181,5,1,100.0,0,N,RURAL_VICTORIA,ROAD,2,11.0
75559,1,5,147,5,1,60.0,0,N,MELB_URBAN,ROAD,2,10.0
75560,4,5,133,5,1,80.0,0,N,MELB_URBAN,OTHER,2,13.0
75561,4,5,173,5,1,100.0,0,N,RURAL_VICTORIA,OTHER,2,9.0
75562,1,4,130,5,1,100.0,0,N,MELB_URBAN,ROAD,2,16.0
75563,4,5,183,5,1,100.0,0,N,RURAL_VICTORIA,HIGHWAY,2,13.0
75564,1,4,121,1,1,60.0,0,I,MELB_URBAN,HIGHWAY,2,19.0
75565,1,5,130,5,1,70.0,0,N,MELB_URBAN,ROAD,2,14.0
75566,4,5,171,1,1,50.0,0,I,MELB_URBAN,STREET,2,15.0
75567,4,4,173,5,1,60.0,0,N,MELB_URBAN,ROAD,2,14.0
75568,4,5,183,5,1,100.0,1,N,RURAL_VICTORIA,ROAD,2,7.0
75569,6,1,174,1,1,60.0,0,I,MELB_URBAN,ROAD,10,17.0
75570,1,4,130,1,1,70.0,0,N,MELB_URBAN,HIGHWAY,2,11.0
75571,4,7,173,5,1,50.0,0,N,TOWNS,UNKNOWN,2,15.0
75572,8,5,99,5,1,100.0,0,N,MELB_URBAN,HIGHWAY,2,13.0
75573,1,5,99,5,1,60.0,0,N,LARGE_PROVINCIAL_CITIES,STREET,2,10.0
75574,1,5,121,5,1,60.0,0,N,MELB_URBAN,ROAD,11,17.0
75575,1,5,133,4,1,60.0,0,I,MELB_URBAN,HIGHWAY,2,14.0
75576,1,5,116,2,1,60.0,0,I,MELB_URBAN,ROAD,2,16.0
75577,1,6,130,5,1,80.0,0,N,RURAL_VICTORIA,HIGHWAY,2,18.0
75578,1,5,110,1,1,60.0,0,I,TOWNS,STREET,2,17.0
75579,1,5,99,1,1,60.0,0,I,MELB_URBAN,ROAD,2,16.0
75580,1,3,110,1,1,50.0,0,I,MELB_URBAN,ROAD,2,16.0
75581,1,5,120,5,1,100.0,0,N,RURAL_VICTORIA,ROAD,2,16.0
75582,6,5,170,5,1,100.0,0,N,RURAL_VICTORIA,ROAD,2,14.0
75583,1,4,163,5,1,40.0,0,N,MELB_URBAN,STREET,2,17.0
75584,1,5,110,1,1,50.0,0,I,MELB_URBAN,PARADE,2,19.0
75585,1,5,121,2,1,60.0,0,I,MELB_URBAN,ROAD,2,16.0
75586,6,4,174,2,3,60.0,0,I,MELB_URBAN,STREET,2,21.0
75587,4,5,171,5,1,100.0,0,N,RURAL_VICTORIA,ROAD,2,19.0
75588,1,5,121,1,3,80.0,0,I,MELB_URBAN,ROAD,2,21.0
75589,4,5,171,5,5,110.0,0,N,RURAL_VICTORIA,ROAD,2,20.0
75590,6,3,170,2,1,60.0,0,I,LARGE_PROVINCIAL_CITIES,STREET,2,17.0
75591,1,3,99,2,1,50.0,0,I,MELB_URBAN,STREET,12,12.0
75592,1,5,99,5,3,60.0,0,N,MELB_URBAN,STREET,2,20.0
75593,6,4,174,5,1,100.0,0,N,RURAL_VICTORIA,ROAD,2,19.0
75594,1,5,130,2,1,50.0,0,I,MELB_URBAN,ROAD,1,18.0
75595,1,4,135,5,1,70.0,0,N,RURAL_VICTORIA,FREEWAY,2,14.0
75596,1,6,130,5,1,60.0,0,N,MELB_URBAN,ROAD,2,8.0
75597,1,6,135,5,1,40.0,0,I,MELB_URBAN,STREET,2,8.0
75598,8,6,174,5,1,80.0,0,N,RURAL_VICTORIA,ROAD,2,8.0
75599,1,6,121,1,1,80.0,0,I,MELB_URBAN,ROAD,2,10.0
75600,1,5,132,1,1,80.0,0,I,RURAL_VICTORIA,ROAD,2,9.0
75601,8,2,170,5,1,70.0,0,N,LARGE_PROVINCIAL_CITIES,ROAD,2,13.0
75602,1,5,130,1,1,60.0,0,I,LARGE_PROVINCIAL_CITIES,STREET,2,8.0
75603,1,6,135,2,1,70.0,0,N,MELB_URBAN,ROAD,2,9.0
75604,1,5,121,1,1,60.0,0,I,MELB_URBAN,ROAD,2,7.0
75605,1,5,163,5,1,60.0,0,N,MELB_URBAN,BOULEVARD,2,15.0
75606,4,6,181,5,1,50.0,0,N,MELB_URBAN,OTHER,2,9.0
75607,1,6,99,2,1,110.0,0,I,RURAL_VICTORIA,HIGHWAY,2,9.0
75608,1,6,120,5,1,80.0,0,N,MELB_URBAN,ROAD,2,11.0
75609,6,6,170,5,1,50.0,0,N,MELB_URBAN,STREET,2,13.0
75610,5,6,99,5,2,50.0,0,N,RURAL_VICTORIA,ROAD,2,6.0
75611,8,2,174,1,1,50.0,0,I,MELB_URBAN,ROAD,2,17.0
75612,1,6,132,2,1,100.0,0,I,RURAL_VICTORIA,ROAD,2,11.0
75613,1,2,121,1,1,50.0,0,I,LARGE_PROVINCIAL_CITIES,STREET,12,18.0
75614,6,1,174,2,2,60.0,0,I,MELB_URBAN,ROAD,9,17.0
75615,1,7,110,1,1,60.0,0,I,MELB_URBAN,STREET,12,6.0
75616,1,5,99,1,1,50.0,0,I,MELB_URBAN,STREET,2,18.0
75617,2,6,100,1,1,60.0,0,I,MELB_URBAN,OTHER,2,16.0
75618,1,6,113,2,1,100.0,0,I,RURAL_VICTORIA,ROAD,2,14.0
75619,1,6,130,2,1,60.0,0,I,MELB_URBAN,STREET,2,14.0
75620,4,6,181,5,1,100.0,0,N,RURAL_VICTORIA,OTHER,2,12.0
75621,8,1,174,5,1,60.0,0,N,RURAL_VICTORIA,ROAD,2,13.0
75622,1,6,121,2,1,60.0,0,I,MELB_URBAN,ROAD,2,16.0
75623,1,6,140,5,1,50.0,0,N,MELB_URBAN,STREET,2,19.0
75624,4,6,181,5,2,100.0,0,N,RURAL_VICTORIA,ROAD,2,18.0
75625,2,6,100,5,1,60.0,0,N,MELB_URBAN,ROAD,2,17.0
75626,1,6,113,2,1,60.0,0,I,MELB_URBAN,HIGHWAY,12,15.0
75627,1,6,121,1,1,40.0,0,I,MELB_URBAN,STREET,2,17.0
75628,1,5,130,2,1,80.0,0,I,MELB_URBAN,HIGHWAY,2,13.0
75629,1,6,110,1,2,50.0,0,I,MELB_URBAN,STREET,2,6.0
75630,1,6,121,1,1,80.0,0,N,MELB_URBAN,HIGHWAY,2,17.0
75631,1,5,130,5,1,60.0,0,N,RURAL_VICTORIA,FREEWAY,2,15.0
75632,1,6,116,2,1,60.0,0,I,MELB_URBAN,STREET,2,15.0
75633,1,6,120,5,1,80.0,1,N,RURAL_VICTORIA,HIGHWAY,2,17.0
75634,1,5,110,1,3,50.0,0,I,MELB_URBAN,STREET,2,22.0
75635,1,6,130,2,2,50.0,0,I,MELB_URBAN,BOULEVARD,2,7.0
75636,1,5,132,2,9,60.0,0,I,MELB_URBAN,DRIVE,2,17.0
75637,4,7,173,2,3,80.0,0,I,RURAL_VICTORIA,ROAD,2,1.0
75638,4,7,181,5,3,80.0,0,N,MELB_URBAN,ROAD,2,1.0
75639,2,7,99,5,3,60.0,0,N,SMALL_CITIES,ROAD,2,2.0
75640,4,7,171,2,3,60.0,0,I,MELB_URBAN,STREET,2,3.0
75641,4,4,181,5,5,100.0,0,N,RURAL_VICTORIA,ROAD,2,21.0
75642,1,7,121,2,9,60.0,0,I,MELB_URBAN,ROAD,2,6.0
75643,1,3,130,1,2,60.0,0,I,MELB_URBAN,STREET,2,7.0
75644,1,6,133,5,1,60.0,0,N,MELB_URBAN,HIGHWAY,2,17.0
75645,1,7,121,2,1,50.0,0,I,MELB_URBAN,ROAD,2,8.0
75646,1,7,99,1,1,50.0,0,I,MELB_URBAN,STREET,2,8.0
75647,1,3,130,2,1,60.0,0,I,LARGE_PROVINCIAL_CITIES,HIGHWAY,2,7.0
75648,6,7,174,2,1,50.0,0,I,MELB_URBAN,ROAD,2,10.0
75649,4,7,181,5,1,80.0,0,N,RURAL_VICTORIA,ROAD,2,11.0
75650,1,5,130,5,1,60.0,0,N,MELB_URBAN,ROAD,1,19.0
75651,1,7,110,1,1,100.0,0,I,RURAL_VICTORIA,ROAD,2,8.0
75652,1,7,130,5,1,80.0,0,I,MELB_URBAN,UNKNOWN,2,13.0
75653,8,7,174,5,1,60.0,0,N,TOWNS,OTHER,2,14.0
75654,4,7,171,5,1,110.0,0,N,RURAL_VICTORIA,FREEWAY,2,7.0
75655,1,6,133,5,1,80.0,0,N,MELB_URBAN,HIGHWAY,2,17.0
75656,8,6,174,1,1,40.0,0,I,MELB_URBAN,STREET,2,14.0
75657,5,7,99,5,1,100.0,0,N,RURAL_VICTORIA,ROAD,2,15.0
75658,1,6,120,5,1,100.0,0,N,RURAL_VICTORIA,HIGHWAY,2,12.0
75659,1,7,113,4,1,60.0,0,N,MELB_URBAN,ROAD,2,15.0
75660,2,7,99,5,1,50.0,0,N,MELB_URBAN,STREET,2,14.0
75661,1,7,121,2,1,60.0,0,I,MELB_URBAN,ROAD,2,17.0
75662,1,7,130,2,1,70.0,0,I,MELB_URBAN,STREET,2,15.0
75663,4,7,173,5,1,80.0,0,N,MELB_URBAN,ROAD,2,16.0
75664,1,6,111,1,1,60.0,0,I,MELB_URBAN,STREET,2,18.0
75665,2,7,100,2,2,50.0,0,I,MELB_URBAN,STREET,2,19.0
75666,1,1,130,1,1,60.0,0,I,MELB_URBAN,ROAD,2,12.0
75667,1,7,120,5,1,100.0,0,N,RURAL_VICTORIA,ROAD,2,16.0
75668,1,7,130,5,1,60.0,0,N,MELB_URBAN,OTHER,2,18.0
75669,1,7,173,2,1,50.0,0,N,MELB_URBAN,OTHER,2,15.0
75670,8,7,170,1,3,60.0,0,I,SMALL_CITIES,HIGHWAY,2,21.0
75671,1,7,140,2,1,50.0,0,I,MELB_URBAN,AVENUE,2,17.0
75672,1,7,130,5,3,80.0,0,N,MELB_URBAN,UNKNOWN,2,23.0
75673,1,7,111,2,3,80.0,0,I,MELB_URBAN,ROAD,2,23.0
75674,6,6,99,5,5,100.0,0,N,RURAL_VICTORIA,ROAD,2,21.0
75675,1,1,160,5,6,50.0,0,N,MELB_URBAN,STREET,2,1.0
75676,1,1,160,5,3,60.0,0,N,MELB_URBAN,ROAD,2,1.0
75677,1,5,110,1,1,60.0,0,I,MELB_URBAN,ROAD,2,16.0
75678,1,3,121,5,1,60.0,0,N,MELB_URBAN,ROAD,2,16.0
75679,4,1,173,5,5,100.0,0,N,RURAL_VICTORIA,HIGHWAY,2,5.0
75680,1,1,147,2,2,60.0,0,I,MELB_URBAN,ROAD,2,6.0
75681,1,7,130,5,1,50.0,0,N,LARGE_PROVINCIAL_CITIES,ROAD,2,12.0
75682,1,5,130,5,1,80.0,0,N,MELB_URBAN,HIGHWAY,2,13.0
75683,1,0,130,5,3,60.0,0,N,MELB_URBAN,STREET,1,21.0
75684,1,0,130,1,1,80.0,0,I,MELB_URBAN,HIGHWAY,2,9.0
75685,4,1,183,5,1,60.0,0,N,MELB_URBAN,ROAD,2,11.0
75686,4,1,181,5,1,80.0,0,N,RURAL_VICTORIA,ROAD,2,10.0
75687,1,1,130,1,1,60.0,0,I,MELB_URBAN,ROAD,2,12.0