,accident_type,day_of_week,dca_code,road_geometry,light_condition,speed_zone,severity,node_type,deg_urban_name,road_type,month,hour
75688,1,7,120,5,1,60.0,0,N,MELB_URBAN,PARADE,2,8.0
75689,1,5,99,2,1,60.0,0,I,MELB_URBAN,ROAD,2,17.0
75690,1,7,160,5,1,50.0,0,N,MELB_URBAN,STREET,2,14.0
75691,1,0,163,2,1,50.0,0,N,MELB_URBAN,ROAD,2,13.0
75692,1,0,130,5,1,80.0,0,I,MELB_URBAN,HIGHWAY,2,14.0
75693,1,5,134,2,1,40.0,0,I,MELB_URBAN,ROAD,12,8.0
75694,1,1,130,5,1,60.0,0,N,MELB_URBAN,STREET,2,12.0
75695,4,1,99,2,1,100.0,0,N,RURAL_VICTORIA,ROAD,2,13.0
75696,4,0,173,5,1,80.0,0,N,RURAL_VICTORIA,ROAD,2,9.0
75697,4,3,183,5,1,110.0,0,N,RURAL_VICTORIA,ROAD,2,18.0
75698,1,0,130,5,1,60.0,0,N,MELB_URBAN,HIGHWAY,2,15.0
75699,4,1,181,2,1,100.0,0,I,RURAL_VICTORIA,ROAD,2,16.0
75700,1,1,120,5,1,100.0,1,N,RURAL_VICTORIA,ROAD,2,14.0
75701,5,1,99,2,1,60.0,0,I,RURAL_VICTORIA,OTHER,2,14.0
75702,1,0,130,2,1,60.0,0,I,MELB_URBAN,ROAD,2,18.0
75703,1,6,111,2,2,60.0,0,I,RURAL_VICTORIA,ROAD,2,7.0
75704,4,1,183,5,5,100.0,0,N,RURAL_VICTORIA,ROAD,2,5.0
75705,4,1,171,5,1,70.0,0,N,MELB_URBAN,ROAD,2,16.0
75706,1,3,160,5,3,60.0,0,N,SMALL_CITIES,HIGHWAY,9,20.0
75707,1,1,120,5,5,60.0,0,N,MELB_URBAN,ROAD,2,21.0
75708,1,1,113,2,3,60.0,0,I,MELB_URBAN,ROAD,2,21.0
75709,4,1,183,5,5,80.0,0,N,RURAL_VICTORIA,ROAD,2,22.0
75710,1,2,113,2,3,80.0,0,I,MELB_URBAN,ROAD,2,0.0
75711,1,2,160,5,5,100.0,0,N,RURAL_VICTORIA,OTHER,2,0.0
75712,1,5,130,5,2,70.0,0,N,MELB_URBAN,ROAD,2,5.0
75713,1,2,147,5,2,50.0,0,N,MELB_URBAN,ROAD,2,6.0
75714,1,2,130,5,3,80.0,0,N,MELB_URBAN,UNKNOWN,2,5.0
75715,1,2,121,2,1,60.0,0,I,MELB_URBAN,ROAD,2,8.0
75716,1,2,133,5,1,60.0,0,N,MELB_URBAN,STREET,2,8.0
75717,4,2,173,5,1,80.0,0,N,MELB_URBAN,OTHER,2,8.0
75718,1,2,113,2,1,50.0,0,I,MELB_URBAN,DRIVE,2,8.0
75719,3,2,167,5,5,60.0,0,N,RURAL_VICTORIA,ROAD,2,4.0
75720,2,2,102,2,1,60.0,0,N,MELB_URBAN,ROAD,2,8.0
75721,1,1,132,2,3,50.0,0,I,MELB_URBAN,ROAD,2,19.0
75722,1,2,99,5,1,80.0,0,N,SMALL_TOWNS,ROAD,2,15.0
75723,1,1,113,1,1,60.0,0,I,MELB_URBAN,STREET,2,11.0
75724,1,2,130,1,3,60.0,0,I,MELB_URBAN,STREET,1,23.0
75725,1,2,130,5,1,80.0,0,N,MELB_URBAN,ROAD,2,7.0
75726,2,2,99,1,1,60.0,0,I,MELB_URBAN,STREET,2,8.0
75727,1,1,110,1,1,40.0,0,I,MELB_URBAN,ROAD,2,16.0
75728,1,1,110,1,1,60.0,0,I,LARGE_PROVINCIAL_CITIES,STREET,2,13.0
75729,2,2,99,2,1,60.0,0,I,MELB_URBAN,ROAD,2,13.0
75730,1,1,130,5,1,80.0,0,N,MELB_URBAN,UNKNOWN,2,8.0
75731,1,1,99,2,1,50.0,0,I,MELB_URBAN,ROAD,2,8.0
75732,4,2,171,5,1,60.0,0,N,MELB_URBAN,ROAD,2,9.0
75733,1,3,130,5,1,60.0,0,N,MELB_URBAN,ROAD,2,15.0
75734,1,2,147,2,1,60.0,0,I,MELB_URBAN,STREET,2,8.0
75735,1,7,130,5,1,80.0,0,N,MELB_URBAN,HIGHWAY,2,16.0
75736,2,2,99,2,1,60.0,0,I,LARGE_PROVINCIAL_CITIES,STREET,2,9.0
75737,1,2,113,2,1,60.0,0,I,MELB_URBAN,STREET,2,13.0
75738,1,2,99,5,1,110.0,1,N,RURAL_VICTORIA,FREEWAY,2,12.0
75739,4,2,173,5,1,100.0,0,N,RURAL_VICTORIA,HIGHWAY,2,13.0
75740,1,2,110,1,1,50.0,0,I,LARGE_PROVINCIAL_CITIES,STREET,2,15.0
75741,1,2,113,1,1,100.0,0,I,RURAL_VICTORIA,OTHER,2,14.0
75742,2,2,100,2,1,40.0,0,I,MELB_URBAN,ROAD,2,8.0
75743,1,2,130,5,1,60.0,0,N,MELB_URBAN,ROAD,2,15.0
75744,4,3,171,5,1,100.0,0,N,RURAL_VICTORIA,ROAD,2,19.0
75745,1,3,99,5,6,50.0,0,N,MELB_URBAN,AVENUE,11,23.0
75746,1,2,171,5,1,60.0,0,N,TOWNS,ROAD,2,14.0
75747,1,2,110,1,1,90.0,0,I,RURAL_VICTORIA,ROAD,2,15.0
75748,1,2,140,1,1,60.0,0,I,LARGE_PROVINCIAL_CITIES,STREET,2,15.0
75749,2,2,99,5,1,80.0,0,N,MELB_URBAN,HIGHWAY,2,10.0
75750,1,2,130,5,1,80.0,0,I,MELB_URBAN,ROAD,2,15.0
75751,1,2,110,1,1,60.0,0,I,MELB_URBAN,STREET,2,14.0
75752,4,2,181,5,1,80.0,0,N,RURAL_VICTORIA,ROAD,2,16.0
75753,1,2,99,5,1,40.0,0,N,MELB_URBAN,STREET,2,14.0
75754,1,2,110,1,1,80.0,0,I,SMALL_TOWNS,HIGHWAY,2,18.0
75755,1,2,110,1,1,50.0,0,I,MELB_URBAN,STREET,2,10.0
75756,1,2,116,2,1,70.0,0,I,MELB_URBAN,ROAD,2,16.0
75757,1,2,110,1,1,60.0,0,I,MELB_URBAN,ROAD,2,18.0
75758,1,6,130,5,1,50.0,0,N,RURAL_VICTORIA,ROAD,10,16.0
75759,6,2,174,5,1,100.0,0,N,RURAL_VICTORIA,AVENUE,2,16.0
75760,1,1,121,2,1,80.0,0,I,MELB_URBAN,ROAD,2,13.0
75761,6,2,99,4,1,80.0,0,I,RURAL_VICTORIA,RAMP,2,18.0
75762,1,1,130,5,3,40.0,0,N,MELB_URBAN,FREEWAY,2,2.0
75763,1,2,130,5,1,70.0,0,N,LARGE_PROVINCIAL_CITIES,ROAD,2,17.0
75764,1,2,130,5,1,100.0,0,N,RURAL_VICTORIA,ROAD,2,17.0
75765,4,3,171,1,3,50.0,0,I,LARGE_PROVINCIAL_CITIES,STREET,2,0.0
75766,1,1,99,5,1,60.0,0,N,MELB_URBAN,ROAD,2,13.0
75767,1,2,133,5,3,60.0,0,N,LARGE_PROVINCIAL_CITIES,ROAD,2,21.0
75768,4,2,183,5,5,80.0,0,N,RURAL_VICTORIA,ROAD,2,22.0
75769,4,3,173,5,3,60.0,0,N,MELB_URBAN,STREET,2,1.0
75770,1,1,110,1,1,50.0,0,I,MELB_URBAN,STREET,2,9.0
75771,1,6,99,1,1,80.0,0,I,RURAL_VICTORIA,STREET,2,17.0
75772,1,5,130,5,1,100.0,0,N,MELB_URBAN,UNKNOWN,2,17.0
75773,1,3,110,1,2,50.0,0,I,LARGE_PROVINCIAL_CITIES,STREET,2,6.0
75774,8,2,99,5,1,50.0,0,N,MELB_URBAN,STREET,2,12.0
75775,1,2,113,2,1,80.0,0,I,MELB_URBAN,ROAD,2,8.0
75776,7,1,99,5,3,60.0,0,N,MELB_URBAN,ROAD,2,22.0
75777,1,3,140,5,1,60.0,0,I,MELB_URBAN,HIGHWAY,2,8.0
75778,1,3,130,5,1,100.0,0,N,MELB_URBAN,FREEWAY,2,8.0
75779,1,3,130,2,1,90.0,0,I,MELB_URBAN,FREEWAY,2,10.0
75780,1,3,110,1,1,60.0,0,I,LARGE_PROVINCIAL_CITIES,STREET,2,8.0
75781,6,6,184,5,1,60.0,0,N,RURAL_VICTORIA,ROAD,2,16.0
75782,5,3,99,1,1,80.0,0,N,RURAL_VICTORIA,ROAD,2,12.0
75783,1,3,110,1,1,60.0,0,I,SMALL_CITIES,ROAD,2,11.0
75784,1,6,130,5,1,60.0,0,N,MELB_URBAN,HIGHWAY,1,12.0
75785,4,3,173,5,1,100.0,0,N,RURAL_VICTORIA,HIGHWAY,2,9.0
75786,1,4,130,5,9,70.0,0,N,MELB_URBAN,ROAD,2,8.0
75787,1,2,130,5,1,60.0,0,N,MELB_URBAN,ROAD,2,17.0
75788,1,5,130,5,2,100.0,0,N,MELB_URBAN,FREEWAY,6,16.0
75789,6,2,170,5,1,80.0,0,N,RURAL_VICTORIA,ROAD,2,17.0
75790,8,4,174,2,1,50.0,0,I,MELB_URBAN,STREET,2,17.0
75791,1,2,99,2,1,80.0,0,I,MELB_URBAN,ROAD,2,8.0
75792,4,2,171,5,1,100.0,0,N,MELB_URBAN,FREEWAY,2,14.0
75793,1,3,121,1,1,60.0,0,I,SMALL_CITIES,PARADE,2,13.0
75794,1,3,111,2,1,50.0,0,I,MELB_URBAN,OTHER,2,8.0
75795,1,3,130,5,1,70.0,0,N,MELB_URBAN,ROAD,2,13.0
75796,8,1,174,5,1,100.0,0,N,RURAL_VICTORIA,ROAD,2,14.0
75797,1,3,130,2,1,60.0,0,I,LARGE_PROVINCIAL_CITIES,STREET,2,16.0
75798,4,3,173,5,1,50.0,0,N,MELB_URBAN,OTHER,2,12.0
75799,1,4,135,2,9,60.0,0,I,MELB_URBAN,STREET,2,8.0
75800,1,2,121,5,1,50.0,0,N,MELB_URBAN,ROAD,2,15.0
75801,1,3,130,5,1,80.0,0,N,RURAL_VICTORIA,ROAD,2,15.0
75802,1,2,130,1,3,70.0,0,I,MELB_URBAN,STREET,2,20.0
75803,1,3,99,5,1,70.0,0,N,MELB_URBAN,HIGHWAY,2,16.0
75804,1,3,121,2,1,60.0,0,I,MELB_URBAN,UNKNOWN,2,15.0
75805,1,3,121,2,1,60.0,0,I,MELB_URBAN,ROAD,2,17.0
75806,1,3,110,1,1,90.0,0,I,RURAL_VICTORIA,ROAD,2,17.0
75807,1,2,163,5,1,40.0,0,N,MELB_URBAN,STREET,2,18.0
75808,4,3,181,2,1,60.0,0,N,MELB_URBAN,DRIVE,2,17.0
75809,1,3,110,1,1,60.0,0,I,MELB_URBAN,ROAD,2,15.0
75810,1,4,99,5,9,40.0,0,N,MELB_URBAN,ROAD,1,16.0
75811,1,3,121,1,6,60.0,0,I,MELB_URBAN,PARADE,2,1.0
75812,1,3,130,1,1,70.0,0,I,MELB_URBAN,AVENUE,2,8.0
75813,4,2,99,2,9,40.0,0,N,LARGE_PROVINCIAL_CITIES,STREET,2,13.0
75814,1,2,99,1,3,40.0,0,I,MELB_URBAN,STREET,2,21.0
75815,1,3,130,5,1,60.0,0,N,MELB_URBAN,HIGHWAY,2,18.0
75816,4,3,173,2,3,80.0,0,I,RURAL_VICTORIA,ROAD,2,23.0
75817,1,3,113,2,3,70.0,0,N,MELB_URBAN,ROAD,2,22.0
75818,1,3,135,5,1,40.0,0,N,MELB_URBAN,ROAD,2,13.0
75819,1,4,130,2,3,70.0,0,I,MELB_URBAN,DRIVE,3,6.0
75820,1,3,99,2,3,50.0,0,I,MELB_URBAN,UNKNOWN,2,22.0
75821,1,4,135,5,3,80.0,0,N,MELB_URBAN,OTHER,3,6.0
75822,1,1,110,1,1,50.0,0,I,MELB_URBAN,STREET,1,13.0
75823,1,2,130,5,1,60.0,0,N,SMALL_CITIES,STREET,2,9.0
75824,1,4,130,5,1,100.0,0,N,MELB_URBAN,ROAD,3,6.0
75825,1,4,121,2,1,60.0,0,I,TOWNS,ROAD,3,7.0
75826,1,4,121,2,2,70.0,0,I,MELB_URBAN,ROAD,3,6.0
75827,8,4,174,5,1,80.0,0,N,MELB_URBAN,ROAD,3,8.0
75828,1,4,99,5,1,60.0,0,N,MELB_URBAN,ROAD,3,8.0
75829,1,4,99,5,2,60.0,0,N,MELB_URBAN,ROAD,3,7.0
75830,2,4,100,5,1,40.0,0,N,MELB_URBAN,ROAD,3,8.0
75831,1,4,110,1,1,60.0,0,I,LARGE_PROVINCIAL_CITIES,STREET,3,9.0
75832,1,4,130,5,1,60.0,0,N,MELB_URBAN,ROAD,2,17.0
75833,1,4,121,2,1,60.0,0,I,MELB_URBAN,ROAD,3,7.0
75834,1,4,133,5,1,60.0,0,N,MELB_URBAN,STREET,3,9.0
75835,1,3,110,1,1,50.0,0,I,MELB_URBAN,STREET,3,9.0
75836,1,2,121,5,1,60.0,0,N,MELB_URBAN,ROAD,2,15.0
75837,1,1,163,1,1,60.0,0,I,MELB_URBAN,ROAD,2,14.0
75838,1,6,130,5,1,100.0,0,N,MELB_URBAN,ROAD,2,7.0
75839,4,4,171,5,1,90.0,0,N,RURAL_VICTORIA,ROAD,3,8.0
75840,8,6,184,5,1,60.0,0,N,RURAL_VICTORIA,OTHER,2,14.0
75841,2,4,100,5,1,50.0,0,N,MELB_URBAN,STREET,3,13.0
75842,2,3,100,1,1,60.0,0,I,MELB_URBAN,HIGHWAY,3,8.0
75843,4,4,173,5,1,50.0,0,N,SMALL_CITIES,DRIVE,3,11.0
75844,1,4,120,5,1,60.0,0,N,MELB_URBAN,HIGHWAY,3,7.0
75845,1,4,110,1,1,60.0,0,I,RURAL_VICTORIA,ROAD,3,13.0
75846,1,4,110,1,1,50.0,0,I,MELB_URBAN,AVENUE,3,13.0
75847,1,4,132,5,1,80.0,0,N,RURAL_VICTORIA,ROAD,3,12.0
75848,1,7,160,5,1,60.0,0,N,MELB_URBAN,AVENUE,1,14.0
75849,1,6,135,4,1,60.0,0,I,LARGE_PROVINCIAL_CITIES,HIGHWAY,1,15.0
75850,1,3,135,5,2,100.0,0,N,MELB_URBAN,FREEWAY,2,6.0
75851,1,3,134,5,1,60.0,0,N,MELB_URBAN,ROAD,2,14.0
75852,4,4,99,5,1,50.0,0,N,MELB_URBAN,STREET,3,13.0
75853,4,4,181,5,1,80.0,0,N,SMALL_TOWNS,ROAD,2,10.0
75854,1,5,130,5,1,60.0,0,N,SMALL_CITIES,AVENUE,2,15.0
75855,1,3,130,5,1,60.0,0,N,MELB_URBAN,ROAD,2,17.0
75856,1,4,113,2,1,80.0,0,I,MELB_URBAN,HIGHWAY,3,15.0
75857,2,4,100,2,1,50.0,0,N,MELB_URBAN,AVENUE,3,15.0
75858,1,3,133,1,9,50.0,0,I,MELB_URBAN,STREET,2,18.0
75859,3,2,167,5,2,100.0,0,N,RURAL_VICTORIA,ROAD,2,6.0
75860,1,4,130,2,1,60.0,0,I,MELB_URBAN,STREET,3,17.0
75861,1,4,130,5,1,60.0,0,N,MELB_URBAN,ROAD,3,16.0
75862,1,2,113,2,1,60.0,0,I,MELB_URBAN,AVENUE,2,15.0
75863,1,4,140,5,1,60.0,0,N,MELB_URBAN,ROAD,3,15.0
75864,1,3,133,5,1,60.0,0,N,MELB_URBAN,ROAD,2,8.0
75865,1,4,163,5,1,40.0,0,N,MELBOURNE_CBD,STREET,3,15.0
75866,8,4,174,1,1,60.0,0,I,MELB_URBAN,ROAD,3,18.0
75867,6,1,99,5,3,60.0,0,N,MELB_URBAN,STREET,2,22.0
75868,1,4,130,5,1,80.0,0,N,MELB_URBAN,ROAD,3,16.0
75869,1,4,134,5,1,50.0,0,N,MELB_URBAN,FREEWAY,3,16.0
75870,1,1,99,2,1,60.0,0,I,RURAL_VICTORIA,ROAD,2,16.0
75871,1,4,121,2,1,60.0,0,I,MELB_URBAN,ROAD,3,19.0
75872,1,3,130,5,1,80.0,0,N,MELB_URBAN,UNKNOWN,3,16.0
75873,2,4,102,5,3,40.0,0,N,MELB_URBAN,ROAD,3,22.0
75874,1,4,110,1,2,60.0,0,I,MELB_URBAN,STREET,3,6.0
75875,1,4,99,1,3,60.0,0,I,SMALL_CITIES,ROAD,3,5.0
75876,1,4,130,5,1,80.0,0,N,MELB_URBAN,OTHER,3,6.0
75877,4,4,173,2,3,50.0,0,I,MELB_URBAN,OTHER,3,22.0
75878,4,5,173,2,3,60.0,0,I,MELB_URBAN,ROAD,3,2.0
75879,1,5,130,2,3,80.0,0,I,MELB_URBAN,ROAD,3,2.0
75880,1,2,111,2,1,60.0,0,I,MELB_URBAN,ROAD,2,17.0
75881,1,2,130,5,1,60.0,0,N,MELB_URBAN,ROAD,2,17.0
75882,1,5,133,4,5,100.0,0,I,RURAL_VICTORIA,FREEWAY,3,5.0
75883,1,2,130,5,1,80.0,0,N,MELB_URBAN,ROAD,2,17.0
75884,1,4,110,1,1,60.0,0,I,MELB_URBAN,STREET,3,16.0
75885,4,6,181,5,1,100.0,0,N,RURAL_VICTORIA,ROAD,10,17.0
75886,1,5,110,1,1,50.0,0,I,MELB_URBAN,PARADE,3,9.0
75887,1,4,130,5,1,100.0,0,N,MELB_URBAN,FREEWAY,3,9.0
75888,1,5,99,5,1,50.0,0,N,TOWNS,ROAD,3,9.0
75889,1,4,130,5,1,50.0,0,N,MELB_URBAN,ROAD,3,8.0
75890,1,4,110,1,1,100.0,0,I,RURAL_VICTORIA,ROAD,3,8.0
75891,1,5,163,5,1,60.0,0,N,MELB_URBAN,ROAD,3,11.0
75892,1,3,130,5,3,60.0,0,N,MELB_URBAN,ROAD,3,22.0
75893,7,4,99,5,1,60.0,0,N,MELB_URBAN,ROAD,3,10.0
75894,1,5,110,1,1,60.0,0,I,LARGE_PROVINCIAL_CITIES,STREET,3,11.0
75895,1,5,110,1,1,50.0,0,I,SMALL_CITIES,STREET,3,12.0
75896,1,3,130,5,1,60.0,0,N,MELB_URBAN,ROAD,2,15.0
75897,1,5,113,2,1,60.0,0,I,SMALL_CITIES,STREET,3,11.0
75898,1,4,163,5,1,60.0,0,N,MELB_URBAN,ROAD,3,8.0
75899,1,5,132,2,1,50.0,0,I,MELB_URBAN,ROAD,3,13.0
75900,1,6,120,5,3,60.0,0,N,MELB_URBAN,DRIVE,2,22.0
75901,1,2,130,2,1,80.0,0,I,MELB_URBAN,ROAD,2,16.0
75902,1,5,99,2,1,60.0,0,I,MELB_URBAN,STREET,3,8.0
75903,8,0,99,5,1,30.0,0,N,RURAL_VICTORIA,OTHER,2,11.0
75904,1,5,116,2,1,60.0,0,I,MELB_URBAN,STREET,3,13.0
75905,1,5,130,5,1,100.0,0,N,RURAL_VICTORIA,ROAD,3,15.0
75906,8,5,99,5,9,60.0,0,N,MELB_URBAN,ROAD,2,18.0
75907,8,7,174,1,1,100.0,0,I,RURAL_VICTORIA,ROAD,10,11.0
75908,8,5,99,1,1,50.0,0,I,RURAL_VICTORIA,ROAD,3,13.0
75909,1,5,99,1,1,70.0,0,I,MELB_URBAN,ROAD,3,17.0
75910,2,7,99,5,6,50.0,0,N,SMALL_CITIES,AVENUE,2,21.0
75911,1,4,132,2,1,100.0,0,I,RURAL_VICTORIA,ROAD,3,19.0
75912,6,5,174,4,1,60.0,0,I,MELB_URBAN,ROAD,3,17.0
75913,4,5,181,2,9,50.0,0,I,MELB_URBAN,AVENUE,3,13.0
75914,1,5,132,2,1,60.0,0,I,LARGE_PROVINCIAL_CITIES,STREET,3,18.0
75915,1,5,121,2,1,60.0,0,I,MELB_URBAN,ROAD,3,18.0
75916,1,1,130,4,1,60.0,0,I,MELB_URBAN,STREET,2,10.0
75917,6,5,184,5,1,100.0,0,N,RURAL_VICTORIA,HIGHWAY,3,12.0
75918,4,2,171,5,1,100.0,0,N,RURAL_VICTORIA,ROAD,2,16.0
75919,2,5,100,2,3,60.0,0,I,MELB_URBAN,ROAD,3,20.0
75920,1,5,130,5,1,60.0,0,N,MELB_URBAN,HIGHWAY,3,16.0
75921,2,5,100,2,1,50.0,0,I,MELB_URBAN,ROAD,3,16.0
75922,1,5,132,2,1,50.0,0,I,LARGE_PROVINCIAL_CITIES,STREET,3,17.0
75923,6,4,99,5,1,100.0,0,N,RURAL_VICTORIA,ROAD,3,17.0
75924,1,5,121,2,3,50.0,0,I,SMALL_CITIES,AVENUE,3,21.0
75925,1,5,121,1,1,60.0,0,I,LARGE_PROVINCIAL_CITIES,STREET,3,17.0
75926,1,5,121,1,3,80.0,0,I,RURAL_VICTORIA,ROAD,3,20.0
75927,1,5,121,1,3,50.0,0,I,MELB_URBAN,ROAD,3,23.0
75928,8,5,99,5,5,80.0,0,N,RURAL_VICTORIA,ROAD,3,21.0
75929,1,5,140,2,3,70.0,0,I,MELB_URBAN,ROAD,3,20.0
75930,1,3,130,5,1,60.0,0,N,MELB_URBAN,FREEWAY,2,6.0
75931,6,6,174,1,3,50.0,0,I,MELB_URBAN,PARADE,3,6.0
75932,4,6,181,5,3,60.0,0,N,MELB_URBAN,ROAD,3,4.0
75933,1,6,121,2,2,60.0,0,I,RURAL_VICTORIA,ROAD,3,6.0
75934,6,5,170,1,1,80.0,0,I,MELB_URBAN,ROAD,3,12.0
75935,1,5,121,2,1,60.0,0,I,MELB_URBAN,ROAD,3,7.0
75936,1,6,121,5,1,70.0,0,N,MELB_URBAN,ROAD,3,10.0
75937,1,6,121,1,1,60.0,0,I,MELB_URBAN,STREET,3,9.0
75938,1,3,147,5,1,50.0,0,N,MELB_URBAN,DRIVE,1,16.0
75939,1,5,135,5,1,80.0,0,N,MELB_URBAN,ROAD,3,10.0
75940,1,5,113,1,1,80.0,0,I,MELB_URBAN,HIGHWAY,10,17.0
75941,4,5,181,5,1,75.0,0,N,MELB_URBAN,ROAD,3,14.0
75942,1,4,130,5,1,60.0,0,N,MELB_URBAN,HIGHWAY,2,14.0
75943,6,6,174,5,1,100.0,0,N,RURAL_VICTORIA,ROAD,3,11.0
75944,1,6,160,5,1,50.0,0,N,LARGE_PROVINCIAL_CITIES,STREET,3,7.0
75945,4,6,173,1,1,50.0,0,I,TOWNS,STREET,3,8.0
75946,8,6,184,5,1,100.0,0,N,RURAL_VICTORIA,HIGHWAY,2,13.0
75947,1,2,130,5,1,60.0,0,N,SMALL_TOWNS,ROAD,2,9.0
75948,3,6,167,5,1,100.0,0,N,RURAL_VICTORIA,OTHER,3,14.0
75949,8,6,174,5,1,60.0,0,N,MELB_URBAN,ROAD,3,8.0
75950,4,5,171,5,1,60.0,0,N,MELB_URBAN,ROAD,3,15.0
75951,1,2,121,1,1,60.0,0,I,MELB_URBAN,ROAD,2,8.0
75952,1,6,130,2,1,50.0,0,I,MELB_URBAN,STREET,2,17.0
75953,1,6,130,5,1,80.0,0,N,RURAL_VICTORIA,ROAD,3,17.0
75954,1,6,99,5,1,60.0,0,N,LARGE_PROVINCIAL_CITIES,STREET,3,19.0
75955,1,6,99,2,1,70.0,0,I,RURAL_VICTORIA,ROAD,3,16.0
75956,2,6,99,5,1,60.0,1,N,MELB_URBAN,STREET,3,13.0
75957,2,6,100,2,1,60.0,0,I,MELB_URBAN,ROAD,3,17.0
75958,1,6,134,2,9,60.0,0,N,MELB_URBAN,ROAD,7,14.0
75959,2,5,100,5,1,60.0,0,N,MELB_URBAN,ROAD,3,10.0
75960,1,5,160,5,3,50.0,0,N,MELB_URBAN,AVENUE,3,20.0
75961,1,5,99,1,1,60.0,0,I,MELB_URBAN,ROAD,3,7.0
75962,1,6,160,5,1,80.0,0,N,RURAL_VICTORIA,HIGHWAY,3,18.0
75963,4,5,171,5,5,100.0,0,N,RURAL_VICTORIA,ROAD,3,22.0
75964,1,6,120,5,1,50.0,0,N,MELB_URBAN,OTHER,3,19.0
75965,6,6,99,5,5,80.0,0,N,RURAL_VICTORIA,ROAD,3,22.0
75966,1,6,110,1,4,60.0,0,I,MELB_URBAN,STREET,3,5.0
75967,1,7,133,2,3,80.0,0,N,MELB_URBAN,HIGHWAY,3,1.0
75968,8,5,99,5,1,60.0,0,N,RURAL_VICTORIA,ROAD,2,11.0
75969,1,5,113,2,1,60.0,0,I,SMALL_CITIES,STREET,3,15.0
75970,4,7,173,5,5,110.0,0,N,LARGE_PROVINCIAL_CITIES,FREEWAY,3,2.0
75971,4,5,171,5,3,80.0,0,N,MELB_URBAN,ROAD,12,4.0
75972,1,2,160,5,3,40.0,0,N,MELB_URBAN,STREET,2,3.0
75973,4,5,181,2,5,100.0,0,N,RURAL_VICTORIA,ROAD,3,22.0
75974,8,7,174,5,1,60.0,0,N,MELB_URBAN,STREET,1,15.0
75975,1,7,120,5,1,100.0,0,N,RURAL_VICTORIA,ROAD,3,10.0
75976,8,7,174,5,1,40.0,0,I,MELB_URBAN,OTHER,3,8.0
75977,1,7,121,2,1,60.0,0,I,MELB_URBAN,HIGHWAY,3,11.0
75978,4,7,99,2,1,50.0,0,I,MELB_URBAN,OTHER,3,9.0
75979,1,0,113,2,9,60.0,0,I,RURAL_VICTORIA,ROAD,2,10.0
75980,6,7,99,5,1,100.0,0,N,RURAL_VICTORIA,HIGHWAY,3,10.0
75981,1,7,99,5,1,50.0,0,N,MELB_URBAN,ROAD,3,11.0
75982,2,3,100,2,1,60.0,0,I,MELB_URBAN,ROAD,2,7.0
75983,1,5,99,5,1,60.0,0,N,SMALL_CITIES,ROAD,2,14.0
75984,1,6,130,1,1,70.0,0,I,LARGE_PROVINCIAL_CITIES,HIGHWAY,3,13.0
75985,4,7,173,5,5,60.0,0,N,RURAL_VICTORIA,ROAD,3,4.0
75986,1,4,130,5,1,60.0,0,N,SMALL_TOWNS,HIGHWAY,3,16.0
75987,1,7,130,5,1,80.0,0,N,MELB_URBAN,UNKNOWN,3,12.0
75988,4,7,171,5,1,60.0,0,N,MELB_URBAN,ROAD,3,12.0
75989,1,7,130,2,1,60.0,0,I,MELB_URBAN,ROAD,3,13.0
75990,1,7,130,5,1,80.0,0,N,MELB_URBAN,HIGHWAY,3,14.0
75991,4,7,99,5,1,60.0,1,N,RURAL_VICTORIA,OTHER,3,12.0
75992,1,7,130,5,1,70.0,0,N,MELB_URBAN,ROAD,3,14.0
75993,1,7,133,5,1,100.0,0,N,RURAL_VICTORIA,HIGHWAY,3,15.0
75994,1,7,130,5,1,80.0,0,N,MELB_URBAN,OTHER,3,14.0
75995,1,6,133,5,1,110.0,0,N,RURAL_VICTORIA,FREEWAY,3,14.0
75996,1,7,130,2,6,40.0,0,I,MELB_URBAN,ROAD,3,20.0
75997,1,7,130,1,1,80.0,0,I,LARGE_PROVINCIAL_CITIES,HIGHWAY,3,17.0
75998,2,7,100,2,1,60.0,0,I,MELB_URBAN,ROAD,3,18.0
75999,1,7,121,4,1,60.0,0,I,MELB_URBAN,RAMP,3,16.0
76000,2,7,99,5,1,50.0,0,N,MELB_URBAN,OTHER,3,17.0
76001,1,7,99,2,1,80.0,0,I,TOWNS,ROAD,3,15.0
76002,4,6,173,5,2,100.0,0,N,RURAL_VICTORIA,ROAD,3,19.0
76003,2,7,102,5,3,50.0,0,N,SMALL_CITIES,ROAD,3,22.0
76004,1,7,160,5,3,60.0,0,N,MELB_URBAN,ROAD,3,22.0
76005,1,7,110,1,1,60.0,0,I,MELB_URBAN,AVENUE,3,19.0
76006,2,1,99,5,5,50.0,0,N,SMALL_CITIES,STREET,3,0.0
76007,6,0,174,1,3,60.0,0,I,RURAL_VICTORIA,AVENUE,3,2.0
76008,1,7,116,1,3,50.0,0,I,MELB_URBAN,ROAD,3,22.0
76009,1,1,130,1,3,70.0,0,I,LARGE_PROVINCIAL_CITIES,STREET,3,2.0
76010,1,1,110,1,2,70.0,0,N,MELB_URBAN,ROAD,3,5.0
76011,1,1,121,2,2,60.0,0,I,MELB_URBAN,HIGHWAY,3,6.0
76012,2,1,100,5,3,80.0,0,N,MELB_URBAN,OTHER,3,0.0
76013,1,7,110,1,1,50.0,0,I,TOWNS,STREET,3,13.0
76014,1,1,147,2,1,70.0,0,I,MELB_URBAN,ROAD,3,10.0
76015,6,1,174,5,1,60.0,0,N,MELB_URBAN,HIGHWAY,2,16.0
76016,1,5,99,1,1,80.0,0,I,MELB_URBAN,HIGHWAY,3,8.0
76017,6,0,174,5,1,100.0,0,N,RURAL_VICTORIA,ROAD,3,11.0
76018,6,1,174,5,1,60.0,0,N,MELB_URBAN,HIGHWAY,3,16.0
76019,2,7,99,5,1,50.0,0,N,TOWNS,ROAD,3,12.0