,accident_type,day_of_week,dca_code,road_geometry,light_condition,speed_zone,severity,node_type,deg_urban_name,road_type,month,hour
76020,1,1,121,1,1,60.0,0,I,MELB_URBAN,ROAD,3,10.0
76021,4,1,183,5,1,80.0,0,N,RURAL_VICTORIA,ROAD,3,11.0
76022,4,1,171,5,1,110.0,0,N,RURAL_VICTORIA,FREEWAY,3,7.0
76023,1,5,132,2,1,60.0,0,I,RURAL_VICTORIA,ROAD,2,16.0
76024,1,6,160,5,1,80.0,0,N,MELB_URBAN,OTHER,2,16.0
76025,6,1,99,5,1,80.0,0,N,RURAL_VICTORIA,ROAD,3,12.0
76026,4,1,183,9,1,100.0,0,N,RURAL_VICTORIA,HIGHWAY,3,12.0
76027,4,1,181,5,1,100.0,0,N,RURAL_VICTORIA,ROAD,3,12.0
76028,2,1,100,2,1,50.0,0,N,LARGE_PROVINCIAL_CITIES,ROAD,3,12.0
76029,1,1,99,2,1,60.0,0,I,SMALL_CITIES,OTHER,3,13.0
76030,4,1,181,5,1,60.0,0,N,MELB_URBAN,ROAD,3,13.0
76031,4,1,183,5,1,100.0,0,N,RURAL_VICTORIA,ROAD,3,11.0
76032,1,1,110,1,1,80.0,0,I,RURAL_VICTORIA,HIGHWAY,3,13.0
76033,1,5,99,5,1,40.0,0,N,MELBOURNE_CBD,STREET,2,16.0
76034,1,1,121,2,1,60.0,0,I,MELB_URBAN,ROAD,3,15.0
76035,1,1,132,2,1,60.0,0,I,LARGE_PROVINCIAL_CITIES,STREET,3,14.0
76036,6,1,99,5,1,100.0,0,N,RURAL_VICTORIA,HIGHWAY,3,11.0
76037,1,6,130,5,3,40.0,0,N,MELB_URBAN,STREET,3,23.0
76038,2,1,102,5,2,50.0,0,N,MELB_URBAN,STREET,3,18.0
76039,1,1,160,5,1,60.0,0,N,SMALL_CITIES,ROAD,3,16.0
76040,6,1,184,5,1,60.0,0,N,RURAL_VICTORIA,ROAD,3,14.0
76041,1,1,121,2,1,60.0,0,I,MELB_URBAN,ROAD,3,17.0
76042,1,1,130,5,1,80.0,0,N,MELB_URBAN,ROAD,3,18.0
76043,2,1,102,1,1,40.0,0,I,MELB_URBAN,STREET,3,7.0
76044,1,1,120,5,1,80.0,0,N,RURAL_VICTORIA,ROAD,3,11.0
76045,4,1,183,5,1,100.0,0,N,RURAL_VICTORIA,OTHER,3,16.0
76046,1,1,121,1,3,50.0,0,I,LARGE_PROVINCIAL_CITIES,STREET,3,21.0
76047,4,1,99,5,1,50.0,0,N,MELB_URBAN,STREET,3,14.0
76048,4,2,183,5,5,60.0,0,N,RURAL_VICTORIA,ROAD,3,3.0
76049,4,1,181,5,1,100.0,0,N,RURAL_VICTORIA,ROAD,3,14.0
76050,4,1,183,5,3,50.0,0,N,MELB_URBAN,DRIVE,3,20.0
76051,1,7,130,2,6,60.0,0,I,RURAL_VICTORIA,HIGHWAY,1,21.0
76052,8,5,99,5,1,100.0,0,N,RURAL_VICTORIA,ROAD,3,15.0
76053,5,1,99,5,5,100.0,0,N,RURAL_VICTORIA,ROAD,3,21.0
76054,4,2,99,5,1,60.0,0,N,MELB_URBAN,ROAD,3,8.0
76055,1,2,99,2,1,50.0,0,I,MELB_URBAN,ROAD,3,8.0
76056,6,2,170,5,1,70.0,0,N,RURAL_VICTORIA,HIGHWAY,3,8.0
76057,1,1,130,5,1,80.0,0,N,MELB_URBAN,ROAD,3,7.0
76058,1,1,121,1,1,70.0,0,I,MELB_URBAN,ROAD,3,14.0
76059,1,2,130,5,1,60.0,0,N,RURAL_VICTORIA,OTHER,3,9.0
76060,1,2,113,2,1,60.0,0,I,MELB_URBAN,OTHER,3,8.0
76061,1,5,160,5,1,60.0,0,N,MELB_URBAN,ROAD,11,13.0
76062,1,1,110,1,1,60.0,0,I,RURAL_VICTORIA,STREET,3,10.0
76063,1,2,130,5,2,60.0,0,N,MELB_URBAN,ROAD,3,5.0
76064,1,1,120,5,1,100.0,0,N,MELB_URBAN,FREEWAY,3,10.0
76065,4,2,173,5,1,40.0,0,N,MELB_URBAN,ROAD,3,7.0
76066,1,2,130,5,1,80.0,0,N,MELB_URBAN,HIGHWAY,3,10.0
76067,1,2,121,1,1,70.0,0,I,MELB_URBAN,ROAD,3,8.0
76068,1,2,121,2,1,60.0,0,I,MELB_URBAN,ROAD,3,8.0
76069,6,7,174,1,1,60.0,0,I,MELB_URBAN,ROAD,3,16.0
76070,6,5,174,2,1,50.0,0,I,SMALL_CITIES,STREET,3,12.0
76071,1,2,121,1,1,60.0,0,I,MELB_URBAN,HIGHWAY,3,14.0
76072,6,1,170,5,1,110.0,0,N,TOWNS,OTHER,3,14.0
76073,4,5,173,5,9,100.0,0,N,RURAL_VICTORIA,ROAD,11,21.0
76074,1,7,110,1,3,60.0,0,I,LARGE_PROVINCIAL_CITIES,STREET,11,21.0
76075,1,2,121,2,1,60.0,0,I,MELB_URBAN,ROAD,3,13.0
76076,6,6,184,5,1,60.0,0,N,RURAL_VICTORIA,ROAD,3,16.0
76077,4,2,181,5,1,110.0,0,N,RURAL_VICTORIA,FREEWAY,3,15.0
76078,1,2,147,5,1,70.0,0,N,RURAL_VICTORIA,ROAD,3,16.0
76079,1,3,130,5,2,80.0,0,N,MELB_URBAN,HIGHWAY,2,20.0
76080,1,2,130,2,1,70.0,0,I,MELB_URBAN,ROAD,3,16.0
76081,1,2,113,2,1,100.0,0,I,RURAL_VICTORIA,HIGHWAY,3,15.0
76082,1,7,147,5,1,60.0,0,N,MELB_URBAN,ROAD,3,11.0
76083,2,2,100,5,1,80.0,0,N,MELB_URBAN,HIGHWAY,3,15.0
76084,2,2,99,2,1,60.0,0,N,LARGE_PROVINCIAL_CITIES,STREET,3,14.0
76085,8,2,174,5,1,80.0,0,N,MELB_URBAN,ROAD,3,17.0
76086,1,2,130,1,1,60.0,0,N,MELB_URBAN,HIGHWAY,2,9.0
76087,4,2,173,5,1,100.0,0,N,RURAL_VICTORIA,ROAD,3,17.0
76088,2,2,99,5,1,50.0,0,N,MELB_URBAN,STREET,3,14.0
76089,1,1,110,1,1,50.0,0,I,MELB_URBAN,ROAD,3,17.0
76090,6,2,99,2,1,100.0,0,I,RURAL_VICTORIA,ROAD,3,16.0
76091,6,2,170,5,1,70.0,0,N,MELB_URBAN,ROAD,3,18.0
76092,1,2,133,5,1,100.0,0,N,MELB_URBAN,FREEWAY,3,17.0
76093,1,2,121,5,1,50.0,0,N,SMALL_CITIES,STREET,3,15.0
76094,1,1,116,2,2,60.0,0,I,MELB_URBAN,STREET,3,19.0
76095,6,2,174,5,1,60.0,0,N,MELB_URBAN,ROAD,3,15.0
76096,1,2,121,1,1,60.0,0,I,MELB_URBAN,ROAD,3,18.0
76097,1,2,113,2,6,50.0,0,I,RURAL_VICTORIA,ROAD,3,20.0
76098,1,2,110,1,1,40.0,0,I,MELB_URBAN,STREET,3,17.0
76099,1,2,132,2,1,60.0,0,I,MELB_URBAN,PARADE,3,15.0
76100,1,2,130,5,1,60.0,0,N,MELB_URBAN,ROAD,3,8.0
76101,1,1,132,5,1,90.0,0,N,TOWNS,HIGHWAY,3,9.0
76102,1,2,163,5,1,50.0,0,N,MELBOURNE_CBD,STREET,3,16.0
76103,1,5,130,5,1,60.0,0,N,MELB_URBAN,ROAD,3,7.0
76104,1,7,130,2,1,70.0,0,I,LARGE_PROVINCIAL_CITIES,ROAD,2,11.0
76105,1,3,130,1,1,40.0,0,I,MELBOURNE_CBD,STREET,3,8.0
76106,4,2,183,5,5,50.0,0,N,TOWNS,DRIVE,3,19.0
76107,1,2,120,5,1,80.0,0,N,RURAL_VICTORIA,ROAD,3,8.0
76108,1,2,113,2,1,70.0,0,I,MELB_URBAN,ROAD,10,11.0
76109,4,2,99,2,1,60.0,0,I,LARGE_PROVINCIAL_CITIES,ROAD,3,10.0
76110,2,3,100,5,1,60.0,0,N,MELB_URBAN,HIGHWAY,3,10.0
76111,1,3,110,1,1,60.0,0,I,MELB_URBAN,STREET,3,11.0
76112,1,6,130,5,1,60.0,0,N,MELB_URBAN,ROAD,3,15.0
76113,2,2,100,2,1,70.0,0,I,MELB_URBAN,ROAD,3,14.0
76114,4,6,171,5,1,60.0,0,N,RURAL_VICTORIA,OTHER,3,12.0
76115,1,6,130,1,1,60.0,0,I,RURAL_VICTORIA,HIGHWAY,2,14.0
76116,2,3,100,5,1,30.0,0,N,MELB_URBAN,STREET,3,13.0
76117,2,2,100,5,1,40.0,0,N,MELB_URBAN,DRIVE,3,8.0
76118,1,5,134,5,1,80.0,0,I,MELB_URBAN,ROAD,2,12.0
76119,1,3,130,5,1,70.0,0,N,MELB_URBAN,ROAD,3,9.0
76120,1,3,110,1,9,60.0,0,I,MELB_URBAN,ROAD,3,12.0
76121,8,5,99,2,1,70.0,0,N,MELB_URBAN,ROAD,3,16.0
76122,1,6,130,1,9,60.0,0,I,MELB_URBAN,HIGHWAY,2,17.0
76123,4,2,181,5,1,100.0,0,N,RURAL_VICTORIA,ROAD,3,16.0
76124,2,3,100,1,1,60.0,0,I,MELB_URBAN,ROAD,3,15.0
76125,1,7,160,5,6,50.0,0,N,SMALL_CITIES,OTHER,3,21.0
76126,1,3,99,5,1,50.0,0,N,MELB_URBAN,STREET,3,19.0
76127,2,3,100,5,1,40.0,0,N,MELB_URBAN,STREET,3,18.0
76128,4,2,183,5,2,100.0,0,N,RURAL_VICTORIA,ROAD,1,18.0
76129,1,3,130,5,1,110.0,0,N,RURAL_VICTORIA,FREEWAY,3,15.0
76130,2,3,99,5,6,60.0,0,N,MELB_URBAN,ROAD,3,0.0
76131,1,7,132,2,1,60.0,0,I,MELB_URBAN,ROAD,3,14.0
76132,1,6,116,1,1,80.0,0,I,MELB_URBAN,HIGHWAY,3,15.0
76133,1,3,147,5,1,80.0,0,N,RURAL_VICTORIA,HIGHWAY,3,18.0
76134,1,1,130,5,1,60.0,0,N,MELB_URBAN,STREET,2,16.0
76135,1,3,132,5,3,50.0,0,N,LARGE_PROVINCIAL_CITIES,STREET,3,21.0
76136,1,3,130,5,1,60.0,0,N,MELB_URBAN,ROAD,3,15.0
76137,1,3,133,5,1,70.0,0,N,MELB_URBAN,HIGHWAY,3,15.0
76138,4,3,181,5,1,100.0,1,N,RURAL_VICTORIA,HIGHWAY,3,16.0
76139,1,3,99,1,3,50.0,0,I,TOWNS,DRIVE,3,19.0
76140,2,3,99,5,3,50.0,0,N,MELB_URBAN,BOULEVARD,3,20.0
76141,1,2,130,1,1,80.0,0,I,MELB_URBAN,ROAD,3,18.0
76142,2,3,102,5,1,40.0,0,N,MELB_URBAN,DRIVE,3,16.0
76143,2,0,100,2,5,50.0,0,I,SMALL_CITIES,ROAD,1,0.0
76144,8,3,170,5,5,110.0,0,N,RURAL_VICTORIA,FREEWAY,3,22.0
76145,1,3,140,5,3,80.0,0,N,MELB_URBAN,HIGHWAY,3,22.0
76146,1,4,121,2,2,40.0,0,I,MELB_URBAN,STREET,3,19.0
76147,1,4,130,1,3,100.0,0,I,MELB_URBAN,ROAD,3,6.0
76148,1,4,121,1,2,100.0,0,I,RURAL_VICTORIA,ROAD,3,6.0
76149,1,4,130,4,1,80.0,0,I,MELB_URBAN,ROAD,3,7.0
76150,1,4,99,5,1,60.0,0,N,MELB_URBAN,ROAD,3,8.0
76151,8,4,174,5,1,60.0,0,N,MELB_URBAN,STREET,3,7.0
76152,1,4,99,5,1,40.0,0,N,MELB_URBAN,STREET,3,9.0
76153,4,2,99,5,5,60.0,0,N,SMALL_TOWNS,ROAD,3,23.0
76154,1,4,99,5,1,60.0,0,N,MELB_URBAN,HIGHWAY,3,8.0
76155,1,5,116,1,9,60.0,0,N,MELB_URBAN,STREET,3,9.0
76156,1,6,133,2,1,60.0,0,I,MELB_URBAN,ROAD,12,11.0
76157,1,4,116,1,1,60.0,0,I,SMALL_TOWNS,STREET,3,8.0
76158,2,4,99,5,1,60.0,0,N,SMALL_CITIES,OTHER,3,8.0
76159,2,4,100,2,1,40.0,0,I,MELB_URBAN,ROAD,3,13.0
76160,1,2,130,1,1,60.0,0,I,MELB_URBAN,STREET,3,18.0
76161,1,4,113,4,1,80.0,0,I,MELB_URBAN,UNKNOWN,3,12.0
76162,1,3,132,2,2,60.0,0,I,LARGE_PROVINCIAL_CITIES,ROAD,3,7.0
76163,1,4,113,2,1,60.0,0,I,LARGE_PROVINCIAL_CITIES,ROAD,3,16.0
76164,1,4,134,5,1,100.0,0,I,MELB_URBAN,ROAD,3,13.0
76165,1,5,130,5,1,60.0,0,N,MELB_URBAN,ROAD,3,11.0
76166,1,4,132,2,1,60.0,0,I,LARGE_PROVINCIAL_CITIES,STREET,3,17.0
76167,1,3,140,5,1,50.0,0,N,LARGE_PROVINCIAL_CITIES,STREET,3,18.0
76168,6,4,99,5,1,100.0,0,N,RURAL_VICTORIA,ROAD,3,15.0
76169,2,4,102,1,1,40.0,0,I,MELBOURNE_CBD,STREET,3,17.0
76170,1,3,130,2,1,60.0,0,I,MELB_URBAN,ROAD,3,13.0
76171,1,4,121,5,1,60.0,0,N,LARGE_PROVINCIAL_CITIES,ROAD,3,18.0
76172,4,3,171,5,1,60.0,0,N,RURAL_VICTORIA,DRIVE,3,17.0
76173,1,4,135,5,1,100.0,0,N,MELB_URBAN,FREEWAY,3,15.0
76174,2,5,100,1,9,60.0,0,I,MELB_URBAN,ROAD,2,8.0
76175,1,3,99,5,3,50.0,0,N,MELB_URBAN,STREET,3,21.0
76176,1,3,160,5,3,50.0,0,N,MELB_URBAN,DRIVE,3,22.0
76177,1,4,121,2,3,60.0,0,I,MELB_URBAN,ROAD,3,22.0
76178,8,6,174,1,2,60.0,0,I,MELB_URBAN,STREET,2,6.0
76179,1,4,111,2,1,60.0,0,I,MELB_URBAN,STREET,3,11.0
76180,1,3,110,1,1,50.0,0,I,MELB_URBAN,AVENUE,3,8.0
76181,1,4,121,2,1,70.0,0,I,MELB_URBAN,HIGHWAY,3,13.0
76182,1,1,130,2,1,60.0,0,I,MELB_URBAN,STREET,2,15.0
76183,8,5,99,5,5,100.0,0,N,RURAL_VICTORIA,ROAD,3,5.0
76184,8,1,99,5,1,80.0,0,N,MELB_URBAN,ROAD,2,15.0
76185,1,5,132,2,1,60.0,0,I,LARGE_PROVINCIAL_CITIES,STREET,3,8.0
76186,1,5,110,1,1,50.0,0,I,MELB_URBAN,STREET,3,8.0
76187,1,5,130,5,1,80.0,0,N,MELB_URBAN,ROAD,3,17.0
76188,1,5,130,5,2,80.0,0,N,MELB_URBAN,ROAD,3,6.0
76189,1,7,130,1,1,50.0,0,I,MELB_URBAN,HIGHWAY,2,12.0
76190,1,5,110,1,1,60.0,0,I,MELB_URBAN,ROAD,3,7.0
76191,1,5,163,5,1,50.0,0,N,LARGE_PROVINCIAL_CITIES,STREET,3,8.0
76192,1,5,113,2,1,60.0,0,I,SMALL_CITIES,ROAD,3,9.0
76193,1,5,160,5,1,50.0,0,N,MELB_URBAN,ROAD,3,9.0
76194,1,5,130,5,1,100.0,0,N,MELB_URBAN,OTHER,3,8.0
76195,2,5,102,1,1,50.0,0,I,MELB_URBAN,ROAD,3,8.0
76196,1,5,147,5,1,50.0,0,N,LARGE_PROVINCIAL_CITIES,STREET,3,11.0
76197,2,5,102,2,1,40.0,0,N,MELB_URBAN,STREET,3,7.0
76198,1,5,116,2,1,80.0,0,I,RURAL_VICTORIA,HIGHWAY,3,11.0
76199,1,4,99,1,1,60.0,0,I,MELB_URBAN,STREET,3,10.0
76200,1,5,140,5,1,100.0,0,N,RURAL_VICTORIA,HIGHWAY,3,14.0
76201,1,5,130,5,1,70.0,0,N,MELB_URBAN,ROAD,3,13.0
76202,1,5,163,5,1,60.0,0,N,MELB_URBAN,PARADE,3,13.0
76203,2,5,102,5,1,60.0,0,N,MELB_URBAN,ROAD,3,7.0
76204,1,5,99,1,1,50.0,0,I,SMALL_CITIES,STREET,3,11.0
76205,1,1,110,1,3,50.0,0,I,SMALL_CITIES,HIGHWAY,3,21.0
76206,2,4,99,5,1,60.0,0,N,TOWNS,ROAD,3,14.0
76207,1,3,111,1,1,70.0,0,I,MELB_URBAN,HIGHWAY,3,15.0
76208,1,5,135,5,1,80.0,0,I,MELB_URBAN,ROAD,3,16.0
76209,1,5,160,5,1,50.0,0,N,MELB_URBAN,AVENUE,3,17.0
76210,1,6,130,5,1,60.0,0,I,MELB_URBAN,ROAD,12,17.0
76211,1,5,120,1,1,60.0,0,I,MELB_URBAN,STREET,3,18.0
76212,1,5,99,5,1,50.0,0,N,MELB_URBAN,ROAD,3,15.0
76213,4,4,171,5,1,50.0,0,N,MELB_URBAN,ROAD,3,18.0
76214,1,2,99,2,1,60.0,0,I,MELB_URBAN,ROAD,2,17.0
76215,1,5,121,2,1,60.0,0,I,MELB_URBAN,ROAD,3,18.0
76216,1,5,99,5,2,50.0,0,N,MELB_URBAN,OTHER,3,19.0
76217,1,5,99,5,1,60.0,0,N,MELB_URBAN,PARADE,3,18.0
76218,1,5,110,1,1,70.0,0,I,MELB_URBAN,BOULEVARD,3,18.0
76219,1,5,121,4,1,30.0,0,I,MELB_URBAN,AVENUE,3,18.0
76220,2,5,102,5,3,60.0,0,N,SMALL_CITIES,ROAD,3,22.0
76221,1,4,133,2,3,60.0,0,N,MELB_URBAN,ROAD,3,21.0
76222,8,4,174,2,1,60.0,0,I,MELB_URBAN,ROAD,3,11.0
76223,1,4,130,5,1,70.0,0,N,LARGE_PROVINCIAL_CITIES,ROAD,3,9.0
76224,1,6,116,2,3,80.0,0,I,MELB_URBAN,HIGHWAY,3,5.0
76225,1,6,140,2,1,50.0,0,N,LARGE_PROVINCIAL_CITIES,STREET,3,7.0
76226,1,6,116,2,1,60.0,0,I,MELB_URBAN,STREET,3,7.0
76227,1,6,147,5,1,60.0,0,N,LARGE_PROVINCIAL_CITIES,HIGHWAY,3,8.0
76228,4,5,99,5,1,50.0,0,N,MELB_URBAN,ROAD,3,12.0
76229,1,5,130,2,1,60.0,0,I,MELB_URBAN,OTHER,3,8.0
76230,2,4,100,2,2,60.0,0,I,MELB_URBAN,ROAD,3,18.0
76231,1,6,147,5,1,70.0,0,N,MELB_URBAN,ROAD,3,7.0
76232,2,4,100,5,1,60.0,0,N,LARGE_PROVINCIAL_CITIES,HIGHWAY,2,8.0
76233,1,6,130,2,1,60.0,0,I,MELB_URBAN,STREET,11,17.0
76234,6,0,184,5,1,60.0,0,N,RURAL_VICTORIA,OTHER,3,11.0
76235,6,7,184,5,5,60.0,0,N,RURAL_VICTORIA,ROAD,2,19.0
76236,1,5,160,5,1,50.0,0,N,MELB_URBAN,ROAD,3,16.0
76237,1,1,130,5,1,80.0,0,N,MELB_URBAN,ROAD,2,17.0
76238,8,1,99,5,3,50.0,0,N,SMALL_CITIES,STREET,1,1.0
76239,1,6,99,1,1,60.0,0,I,SMALL_CITIES,PARADE,3,11.0
76240,1,6,130,2,1,40.0,0,N,MELB_URBAN,ROAD,3,11.0
76241,2,6,99,5,1,50.0,0,N,MELB_URBAN,OTHER,3,12.0
76242,2,6,100,5,1,40.0,0,N,MELB_URBAN,STREET,3,12.0
76243,1,6,147,5,1,50.0,0,N,MELB_URBAN,ROAD,3,12.0
76244,1,3,121,2,9,80.0,0,I,MELB_URBAN,ROAD,3,17.0
76245,4,6,171,5,1,100.0,0,N,MELB_URBAN,FREEWAY,3,12.0
76246,1,6,130,5,1,60.0,0,I,MELB_URBAN,OTHER,4,10.0
76247,1,6,116,4,3,50.0,0,N,MELB_URBAN,RAMP,3,21.0
76248,1,4,130,5,1,80.0,0,N,MELB_URBAN,HIGHWAY,3,7.0
76249,1,6,147,5,1,70.0,0,I,MELB_URBAN,ROAD,3,13.0
76250,1,2,110,1,3,40.0,0,I,MELBOURNE_CBD,STREET,3,22.0
76251,1,4,130,5,1,60.0,0,N,MELB_URBAN,UNKNOWN,2,9.0
76252,6,6,170,5,2,60.0,0,N,MELB_URBAN,ROAD,3,7.0
76253,1,4,113,2,1,60.0,0,N,MELB_URBAN,PARADE,3,7.0
76254,4,6,173,5,1,50.0,0,N,MELB_URBAN,STREET,3,13.0
76255,2,6,102,5,1,50.0,0,N,TOWNS,ROAD,3,15.0
76256,1,5,132,5,3,60.0,0,N,MELB_URBAN,STREET,3,21.0
76257,1,5,130,1,1,40.0,0,N,LARGE_PROVINCIAL_CITIES,ROAD,3,8.0
76258,1,6,130,5,1,80.0,0,N,MELB_URBAN,FREEWAY,3,13.0
76259,1,4,111,1,1,100.0,0,I,RURAL_VICTORIA,ROAD,3,15.0
76260,1,5,130,4,1,60.0,0,I,MELB_URBAN,ROAD,3,14.0
76261,1,6,121,2,1,60.0,0,I,MELB_URBAN,ROAD,3,16.0
76262,1,6,132,2,1,60.0,0,I,MELB_URBAN,ROAD,3,15.0
76263,5,5,99,5,1,60.0,0,N,SMALL_CITIES,ROAD,3,15.0
76264,1,6,140,2,3,70.0,0,I,MELB_URBAN,PARADE,3,19.0
76265,4,6,181,2,1,70.0,0,I,MELB_URBAN,ROAD,3,17.0
76266,1,6,130,2,1,60.0,0,I,MELB_URBAN,HIGHWAY,3,15.0
76267,1,6,160,5,3,60.0,0,N,MELB_URBAN,ROAD,3,21.0
76268,1,6,99,1,1,60.0,1,I,MELB_URBAN,STREET,3,17.0
76269,4,6,173,5,1,60.0,0,N,MELB_URBAN,ROAD,3,18.0
76270,2,6,100,5,6,60.0,0,N,MELB_URBAN,ROAD,3,23.0
76271,1,7,130,5,1,100.0,0,N,MELB_URBAN,ROAD,3,11.0
76272,1,5,132,1,1,40.0,0,I,MELB_URBAN,STREET,2,13.0
76273,6,7,99,5,1,100.0,0,N,RURAL_VICTORIA,ROAD,3,10.0
76274,1,6,130,5,1,60.0,0,N,MELB_URBAN,STREET,2,9.0
76275,1,7,134,5,1,100.0,0,N,RURAL_VICTORIA,ROAD,3,11.0
76276,6,1,184,2,1,100.0,0,I,RURAL_VICTORIA,ROAD,2,15.0
76277,1,7,116,1,1,60.0,0,I,LARGE_PROVINCIAL_CITIES,STREET,3,13.0
76278,1,7,133,5,1,80.0,0,I,MELB_URBAN,HIGHWAY,3,11.0
76279,1,6,140,5,1,60.0,0,N,MELB_URBAN,ROAD,3,16.0
76280,1,4,116,2,3,50.0,0,I,MELB_URBAN,ROAD,3,20.0
76281,4,6,181,5,1,100.0,0,N,RURAL_VICTORIA,ROAD,3,12.0
76282,2,5,99,5,1,50.0,0,N,TOWNS,AVENUE,3,7.0
76283,1,7,130,1,1,60.0,0,I,LARGE_PROVINCIAL_CITIES,STREET,3,12.0
76284,1,7,121,2,1,100.0,0,I,RURAL_VICTORIA,HIGHWAY,3,12.0
76285,1,7,121,1,1,50.0,0,I,LARGE_PROVINCIAL_CITIES,STREET,3,12.0
76286,2,6,102,5,2,50.0,0,N,TOWNS,STREET,3,19.0
76287,1,7,130,2,1,70.0,0,I,RURAL_VICTORIA,ROAD,3,13.0
76288,8,7,99,5,1,100.0,0,N,RURAL_VICTORIA,ROAD,3,14.0
76289,1,6,132,5,1,100.0,0,N,RURAL_VICTORIA,ROAD,3,16.0
76290,1,7,121,2,3,60.0,0,I,RURAL_VICTORIA,OTHER,3,0.0
76291,8,7,174,5,1,40.0,0,N,MELB_URBAN,STREET,3,18.0
76292,1,6,121,1,3,40.0,0,I,MELB_URBAN,STREET,3,21.0
76293,6,7,99,5,1,80.0,1,N,RURAL_VICTORIA,ROAD,3,11.0
76294,1,7,120,5,1,100.0,0,N,RURAL_VICTORIA,HIGHWAY,3,17.0
76295,1,6,130,1,1,60.0,0,I,MELB_URBAN,AVENUE,3,17.0
76296,4,6,171,1,3,60.0,0,I,LARGE_PROVINCIAL_CITIES,STREET,3,1.0
76297,1,7,113,1,3,50.0,0,I,MELB_URBAN,ROAD,3,20.0
76298,1,7,99,1,3,60.0,0,N,TOWNS,STREET,3,22.0
76299,1,1,133,5,5,80.0,0,N,LARGE_PROVINCIAL_CITIES,HIGHWAY,3,1.0
76300,1,1,113,1,3,70.0,0,I,MELB_URBAN,ROAD,3,1.0
76301,1,6,130,5,6,60.0,0,N,MELB_URBAN,ROAD,3,21.0
76302,4,1,173,5,3,60.0,0,N,MELB_URBAN,ROAD,3,5.0
76303,1,0,130,5,3,60.0,0,N,MELB_URBAN,ROAD,3,6.0
76304,6,7,99,5,1,100.0,0,N,RURAL_VICTORIA,ROAD,3,13.0
76305,1,0,120,5,3,60.0,0,N,MELB_URBAN,STREET,3,5.0
76306,1,1,121,4,2,60.0,0,I,MELB_URBAN,ROAD,3,7.0
76307,4,1,173,5,1,80.0,0,N,RURAL_VICTORIA,ROAD,3,8.0
76308,1,5,121,1,9,50.0,0,I,MELB_URBAN,ROAD,3,21.0
76309,4,7,183,5,1,100.0,0,N,RURAL_VICTORIA,ROAD,3,9.0
76310,1,1,133,5,1,80.0,0,N,MELB_URBAN,ROAD,3,10.0
76311,8,1,99,5,1,60.0,0,N,MELB_URBAN,ROAD,3,10.0
76312,4,1,171,5,1,80.0,0,N,MELB_URBAN,ROAD,3,9.0
76313,2,1,102,5,1,60.0,0,N,MELB_URBAN,HIGHWAY,3,10.0
76314,1,1,130,5,1,80.0,0,N,MELB_URBAN,OTHER,3,12.0
76315,1,4,121,2,1,80.0,0,I,MELB_URBAN,ROAD,3,7.0
76316,1,6,147,5,1,70.0,0,I,MELB_URBAN,ROAD,3,16.0
76317,4,0,171,5,1,100.0,0,N,RURAL_VICTORIA,ROAD,3,13.0
76318,1,1,110,1,1,60.0,0,I,LARGE_PROVINCIAL_CITIES,STREET,3,16.0
76319,4,1,99,2,1,80.0,0,I,MELB_URBAN,HIGHWAY,3,15.0
76320,8,1,184,1,1,100.0,0,N,RURAL_VICTORIA,ROAD,3,14.0
76321,1,1,160,5,1,60.0,0,N,MELB_URBAN,ROAD,3,16.0
76322,4,1,173,5,1,60.0,0,N,MELB_URBAN,ROAD,3,16.0
76323,1,4,99,2,1,50.0,0,I,MELB_URBAN,OTHER,3,19.0
76324,4,1,171,5,1,100.0,0,N,RURAL_VICTORIA,ROAD,3,17.0
76325,1,1,121,2,2,50.0,0,I,MELB_URBAN,OTHER,3,19.0
76326,1,1,116,2,9,60.0,0,I,MELB_URBAN,DRIVE,3,9.0
76327,1,1,121,1,1,60.0,0,I,MELB_URBAN,STREET,3,18.0
76328,6,1,170,5,5,100.0,1,N,RURAL_VICTORIA,ROAD,3,1.0
76329,1,1,120,2,3,60.0,0,I,MELB_URBAN,ROAD,3,20.0
76330,4,1,181,5,5,60.0,0,N,MELB_URBAN,ROAD,3,21.0
76331,1,0,130,1,3,50.0,0,I,MELB_URBAN,OTHER,3,23.0
76332,1,2,120,5,3,80.0,0,N,MELB_URBAN,UNKNOWN,3,0.0
76333,1,2,130,5,5,90.0,0,N,RURAL_VICTORIA,ROAD,3,1.0
76334,1,1,99,5,1,50.0,0,N,MELB_URBAN,UNKNOWN,3,9.0
76335,2,1,99,1,3,60.0,0,N,MELB_URBAN,ROAD,3,1.0
76336,6,7,170,2,1,50.0,0,I,MELB_URBAN,ROAD,3,14.0
76337,1,7,120,2,3,60.0,0,I,MELB_URBAN,ROAD,3,21.0
76338,4,2,171,5,3,60.0,0,N,MELB_URBAN,ROAD,3,6.0
76339,1,2,99,2,1,60.0,0,I,MELB_URBAN,ROAD,3,8.0
76340,6,2,184,5,1,80.0,0,N,RURAL_VICTORIA,HIGHWAY,3,8.0
76341,1,4,99,2,1,60.0,0,I,MELB_URBAN,ROAD,3,17.0
76342,1,2,113,4,1,60.0,0,I,MELB_URBAN,STREET,3,8.0
76343,1,2,111,2,1,60.0,0,I,MELB_URBAN,ROAD,3,9.0
76344,1,2,130,2,1,80.0,0,I,MELB_URBAN,ROAD,3,15.0
76345,4,2,171,5,1,100.0,0,N,RURAL_VICTORIA,ROAD,3,10.0
76346,1,2,140,5,1,60.0,0,N,MELB_URBAN,ROAD,3,11.0
76347,1,1,130,5,1,60.0,0,N,MELB_URBAN,ROAD,3,10.0
76348,4,4,183,5,1,100.0,0,N,MELB_URBAN,FREEWAY,3,15.0
76349,1,2,99,2,1,60.0,0,I,MELB_URBAN,ROAD,3,10.0
76350,1,2,113,1,1,100.0,0,I,RURAL_VICTORIA,ROAD,3,12.0