,accident_type,day_of_week,dca_code,road_geometry,light_condition,speed_zone,severity,node_type,deg_urban_name,road_type,month,hour
76351,4,2,171,5,1,50.0,0,N,MELB_URBAN,AVENUE,3,16.0
76352,6,2,99,1,1,80.0,0,I,RURAL_VICTORIA,ROAD,3,13.0
76353,1,2,160,5,1,100.0,0,N,RURAL_VICTORIA,FREEWAY,3,15.0
76354,4,1,181,5,1,100.0,0,N,RURAL_VICTORIA,ROAD,3,15.0
76355,4,2,171,5,1,100.0,0,N,MELB_URBAN,ROAD,3,17.0
76356,1,7,121,2,1,60.0,0,N,MELB_URBAN,ROAD,3,10.0
76357,1,2,132,2,3,60.0,0,I,MELB_URBAN,ROAD,3,20.0
76358,1,2,113,1,3,60.0,0,I,MELB_URBAN,ROAD,3,20.0
76359,1,2,121,2,3,40.0,0,I,MELB_URBAN,STREET,3,21.0
76360,1,2,130,5,3,40.0,0,N,MELBOURNE_CBD,STREET,3,21.0
76361,1,1,130,5,1,80.0,0,N,MELB_URBAN,HIGHWAY,3,17.0
76362,4,2,173,5,1,60.0,0,N,MELB_URBAN,ROAD,3,14.0
76363,4,1,171,5,3,60.0,0,N,MELB_URBAN,STREET,3,21.0
76364,4,2,181,5,9,100.0,0,N,RURAL_VICTORIA,ROAD,3,18.0
76365,1,2,130,5,5,100.0,1,N,MELB_URBAN,FREEWAY,3,23.0
76366,1,2,130,5,3,60.0,0,N,MELB_URBAN,ROAD,3,23.0
76367,1,2,130,5,1,80.0,0,N,MELB_URBAN,ROAD,3,14.0
76368,1,2,121,2,1,60.0,0,I,LARGE_PROVINCIAL_CITIES,HIGHWAY,3,8.0
76369,1,3,130,5,1,60.0,0,N,SMALL_CITIES,STREET,3,8.0
76370,1,3,121,2,1,40.0,0,I,MELB_URBAN,STREET,3,7.0
76371,1,3,130,2,9,60.0,0,I,MELB_URBAN,ROAD,11,14.0
76372,6,3,170,5,9,100.0,0,N,RURAL_VICTORIA,ROAD,5,20.0
76373,7,2,99,5,9,60.0,0,N,MELB_URBAN,STREET,3,17.0
76374,1,4,130,5,1,80.0,0,N,MELB_URBAN,HIGHWAY,3,15.0
76375,1,3,140,5,1,80.0,0,N,SMALL_CITIES,ROAD,3,9.0
76376,1,3,120,5,1,50.0,0,N,RURAL_VICTORIA,ROAD,3,8.0
76377,1,3,121,4,1,60.0,0,I,MELB_URBAN,ROAD,3,9.0
76378,1,2,121,1,2,60.0,0,I,MELB_URBAN,ROAD,3,18.0
76379,1,3,121,2,1,80.0,0,I,RURAL_VICTORIA,ROAD,3,10.0
76380,1,3,130,5,1,60.0,0,N,MELB_URBAN,ROAD,3,8.0
76381,1,3,99,2,1,80.0,0,I,MELB_URBAN,ROAD,3,9.0
76382,1,2,163,5,9,60.0,0,N,MELB_URBAN,STREET,2,15.0
76383,1,3,121,4,1,80.0,0,I,MELB_URBAN,RAMP,3,11.0
76384,1,3,110,1,1,50.0,0,I,MELB_URBAN,AVENUE,3,10.0
76385,1,5,130,2,2,50.0,0,I,MELB_URBAN,STREET,3,18.0
76386,1,3,132,2,1,60.0,0,I,MELB_URBAN,ROAD,3,10.0
76387,2,3,99,5,1,50.0,0,N,TOWNS,STREET,3,8.0
76388,2,3,102,1,1,60.0,0,I,MELB_URBAN,STREET,3,12.0
76389,2,3,99,5,1,50.0,1,N,SMALL_CITIES,OTHER,3,8.0
76390,4,1,183,5,1,60.0,0,N,RURAL_VICTORIA,ROAD,3,10.0
76391,4,3,171,2,1,60.0,0,I,MELB_URBAN,BOULEVARD,3,9.0
76392,1,4,147,5,1,70.0,0,N,MELB_URBAN,HIGHWAY,3,14.0
76393,6,3,170,5,1,100.0,0,N,RURAL_VICTORIA,AVENUE,3,6.0
76394,1,3,160,2,1,50.0,0,I,MELB_URBAN,DRIVE,3,14.0
76395,1,2,160,5,9,50.0,0,N,SMALL_CITIES,OTHER,2,18.0
76396,2,3,100,1,1,60.0,0,I,MELB_URBAN,STREET,3,7.0
76397,4,3,183,2,1,100.0,0,N,RURAL_VICTORIA,HIGHWAY,3,13.0
76398,1,3,113,2,1,60.0,0,I,MELB_URBAN,ROAD,3,14.0
76399,1,2,130,5,1,100.0,0,N,MELB_URBAN,FREEWAY,3,15.0
76400,1,3,121,2,1,70.0,0,I,LARGE_PROVINCIAL_CITIES,HIGHWAY,3,13.0
76401,1,3,140,1,1,40.0,0,N,LARGE_PROVINCIAL_CITIES,STREET,3,10.0
76402,6,3,170,5,1,100.0,0,N,RURAL_VICTORIA,ROAD,3,16.0
76403,2,3,100,5,1,40.0,0,N,MELB_URBAN,ROAD,3,14.0
76404,2,3,100,5,1,60.0,0,N,LARGE_PROVINCIAL_CITIES,ROAD,3,17.0
76405,1,3,163,5,1,50.0,0,N,LARGE_PROVINCIAL_CITIES,PARADE,3,16.0
76406,4,2,171,1,1,60.0,0,I,MELB_URBAN,ROAD,3,14.0
76407,1,3,99,5,1,40.0,0,N,MELB_URBAN,STREET,3,12.0
76408,1,3,140,5,1,70.0,0,N,MELB_URBAN,ROAD,3,10.0
76409,1,3,130,5,1,60.0,0,N,MELB_URBAN,UNKNOWN,3,18.0
76410,4,3,173,5,3,70.0,0,N,MELB_URBAN,ROAD,3,4.0
76411,4,3,171,2,3,60.0,0,I,MELB_URBAN,STREET,3,20.0
76412,4,3,183,5,1,50.0,0,N,MELB_URBAN,DRIVE,3,15.0
76413,1,2,130,5,1,60.0,0,N,MELB_URBAN,ROAD,3,14.0
76414,1,3,132,2,2,60.0,0,I,MELB_URBAN,ROAD,3,20.0
76415,1,6,130,1,3,50.0,0,I,MELB_URBAN,DRIVE,2,22.0
76416,4,3,171,5,5,100.0,0,N,RURAL_VICTORIA,ROAD,3,22.0
76417,2,3,100,5,1,50.0,0,N,MELB_URBAN,ROAD,3,19.0
76418,1,3,120,5,3,60.0,0,N,MELB_URBAN,ROAD,3,20.0
76419,8,5,184,5,1,60.0,0,N,SMALL_CITIES,ROAD,1,14.0
76420,5,2,99,5,5,100.0,0,N,RURAL_VICTORIA,HIGHWAY,3,21.0
76421,1,3,113,1,2,60.0,0,I,MELB_URBAN,ROAD,3,5.0
76422,1,4,130,5,1,100.0,0,N,MELB_URBAN,FREEWAY,3,6.0
76423,1,4,140,2,1,70.0,0,I,MELB_URBAN,ROAD,3,6.0
76424,1,4,140,2,1,70.0,0,I,MELB_URBAN,ROAD,3,8.0
76425,1,3,130,5,1,100.0,0,N,MELB_URBAN,UNKNOWN,3,8.0
76426,8,2,184,5,1,100.0,0,N,RURAL_VICTORIA,ROAD,3,13.0
76427,1,4,130,5,1,60.0,0,N,MELB_URBAN,HIGHWAY,3,8.0
76428,8,2,99,5,1,80.0,0,N,RURAL_VICTORIA,ROAD,3,13.0
76429,1,4,121,1,2,100.0,0,I,RURAL_VICTORIA,HIGHWAY,3,7.0
76430,6,4,170,5,1,110.0,0,N,RURAL_VICTORIA,FREEWAY,3,11.0
76431,1,4,130,5,1,100.0,0,N,MELB_URBAN,ROAD,3,7.0
76432,1,4,99,2,1,60.0,0,I,MELB_URBAN,ROAD,3,11.0
76433,8,2,184,5,1,60.0,0,N,RURAL_VICTORIA,OTHER,3,14.0
76434,8,4,99,5,1,100.0,0,N,RURAL_VICTORIA,ROAD,3,12.0
76435,8,3,174,2,2,60.0,0,I,SMALL_CITIES,STREET,2,20.0
76436,1,4,130,5,1,70.0,0,N,MELB_URBAN,HIGHWAY,3,13.0
76437,1,4,130,5,1,60.0,0,N,MELB_URBAN,ROAD,3,8.0
76438,1,6,132,1,1,40.0,0,I,MELB_URBAN,STREET,3,14.0
76439,1,4,121,1,1,60.0,0,I,MELB_URBAN,AVENUE,3,9.0
76440,1,5,130,1,1,60.0,0,N,MELB_URBAN,ROAD,12,14.0
76441,1,2,130,5,1,60.0,0,N,SMALL_CITIES,ROAD,3,17.0
76442,1,6,130,1,1,40.0,0,I,MELB_URBAN,STREET,3,10.0
76443,1,1,130,5,1,60.0,0,N,MELB_URBAN,AVENUE,3,15.0
76444,1,4,121,2,1,80.0,0,I,MELB_URBAN,ROAD,3,13.0
76445,4,4,173,2,1,60.0,0,I,MELB_URBAN,ROAD,3,13.0
76446,1,4,113,2,1,80.0,0,I,MELB_URBAN,STREET,3,15.0
76447,1,3,147,5,1,60.0,0,N,MELB_URBAN,PARADE,2,7.0
76448,1,3,134,5,1,80.0,0,N,MELB_URBAN,ROAD,3,17.0
76449,1,4,121,2,1,60.0,0,I,LARGE_PROVINCIAL_CITIES,STREET,3,17.0
76450,1,4,110,1,1,50.0,0,I,MELB_URBAN,STREET,3,17.0
76451,1,3,130,5,1,80.0,0,N,MELB_URBAN,ROAD,3,15.0
76452,1,3,121,2,1,40.0,0,N,MELB_URBAN,STREET,3,18.0
76453,1,4,134,5,1,60.0,0,N,MELB_URBAN,HIGHWAY,3,16.0
76454,4,4,181,5,1,80.0,0,N,RURAL_VICTORIA,ROAD,3,16.0
76455,1,4,130,5,2,60.0,0,N,MELB_URBAN,ROAD,3,18.0
76456,1,4,147,5,1,60.0,0,N,MELB_URBAN,ROAD,3,18.0
76457,4,4,171,2,3,60.0,0,N,MELB_URBAN,ROAD,3,1.0
76458,1,5,130,5,1,80.0,0,N,MELB_URBAN,ROAD,1,6.0
76459,6,3,170,5,1,100.0,0,N,RURAL_VICTORIA,ROAD,3,18.0
76460,1,2,173,5,3,70.0,0,N,MELB_URBAN,ROAD,3,1.0
76461,4,5,183,4,3,100.0,0,I,MELB_URBAN,UNKNOWN,3,0.0
76462,1,5,99,1,3,50.0,0,I,MELB_URBAN,STREET,3,0.0
76463,1,5,121,1,2,50.0,0,I,MELB_URBAN,STREET,3,6.0
76464,1,4,121,5,1,70.0,0,N,MELB_URBAN,ROAD,3,9.0
76465,1,5,140,5,2,50.0,0,N,MELB_URBAN,STREET,3,7.0
76466,1,5,121,5,1,80.0,0,N,RURAL_VICTORIA,ROAD,3,8.0
76467,1,4,110,1,1,60.0,0,I,MELB_URBAN,STREET,3,8.0
76468,1,5,130,5,1,80.0,0,N,MELB_URBAN,ROAD,3,9.0
76469,1,5,120,5,1,60.0,0,N,MELB_URBAN,ROAD,3,8.0
76470,1,4,121,2,1,70.0,0,I,MELB_URBAN,ROAD,3,9.0
76471,2,4,99,2,1,40.0,0,I,MELB_URBAN,STREET,3,17.0
76472,6,5,174,5,1,60.0,0,N,MELB_URBAN,ROAD,3,9.0
76473,4,5,173,5,1,80.0,0,N,MELB_URBAN,ROAD,3,8.0
76474,1,5,130,5,1,90.0,0,N,RURAL_VICTORIA,ROAD,3,8.0
76475,8,6,174,5,1,100.0,0,N,RURAL_VICTORIA,ROAD,3,14.0
76476,4,5,181,5,1,80.0,0,N,RURAL_VICTORIA,ROAD,3,10.0
76477,5,5,99,5,1,80.0,0,N,RURAL_VICTORIA,ROAD,3,9.0
76478,4,4,183,5,1,100.0,0,N,RURAL_VICTORIA,ROAD,3,9.0
76479,6,4,99,5,1,80.0,0,N,RURAL_VICTORIA,ROAD,3,8.0
76480,1,4,133,1,1,80.0,0,I,MELB_URBAN,HIGHWAY,3,7.0
76481,1,4,121,4,1,60.0,0,I,LARGE_PROVINCIAL_CITIES,ROAD,3,9.0
76482,1,4,130,1,9,40.0,0,I,MELB_URBAN,STREET,3,22.0
76483,1,6,99,5,1,60.0,0,N,MELB_URBAN,HIGHWAY,3,13.0
76484,1,5,121,2,1,70.0,0,I,MELB_URBAN,ROAD,2,15.0
76485,1,0,130,1,1,60.0,0,I,MELB_URBAN,ROAD,2,13.0
76486,6,5,99,5,1,100.0,0,N,RURAL_VICTORIA,HIGHWAY,3,12.0
76487,4,5,181,5,1,80.0,0,N,RURAL_VICTORIA,ROAD,3,11.0
76488,1,5,110,1,1,80.0,0,I,RURAL_VICTORIA,HIGHWAY,3,12.0
76489,1,5,113,2,1,60.0,0,I,MELB_URBAN,STREET,3,9.0
76490,1,5,120,2,1,100.0,0,I,RURAL_VICTORIA,OTHER,3,10.0
76491,1,7,163,5,1,50.0,0,N,MELB_URBAN,STREET,3,9.0
76492,1,3,134,5,3,80.0,0,N,MELB_URBAN,FREEWAY,3,21.0
76493,1,3,130,1,1,60.0,0,I,MELB_URBAN,STREET,5,16.0
76494,1,5,110,1,1,80.0,0,I,LARGE_PROVINCIAL_CITIES,HIGHWAY,3,12.0
76495,1,2,130,5,1,60.0,0,N,MELB_URBAN,STREET,3,17.0
76496,2,4,99,5,1,110.0,0,N,RURAL_VICTORIA,FREEWAY,3,13.0
76497,1,5,130,1,1,80.0,0,I,MELB_URBAN,ROAD,3,15.0
76498,1,6,99,5,1,50.0,0,N,MELB_URBAN,STREET,3,16.0
76499,1,6,130,5,1,60.0,0,N,TOWNS,STREET,11,14.0
76500,1,5,147,5,1,60.0,0,N,MELB_URBAN,ROAD,3,15.0
76501,4,5,171,5,1,100.0,0,N,RURAL_VICTORIA,HIGHWAY,3,16.0
76502,1,5,110,1,1,50.0,0,I,MELB_URBAN,STREET,3,8.0
76503,1,3,130,4,1,60.0,0,I,MELB_URBAN,ROAD,3,11.0
76504,1,5,130,5,1,60.0,0,N,MELB_URBAN,ROAD,3,9.0
76505,1,2,133,2,2,60.0,0,I,MELB_URBAN,STREET,2,19.0
76506,1,5,121,1,1,60.0,0,I,LARGE_PROVINCIAL_CITIES,AVENUE,3,15.0
76507,4,5,171,2,1,50.0,0,I,MELB_URBAN,ROAD,2,13.0
76508,1,7,163,5,9,50.0,0,N,MELB_URBAN,STREET,3,19.0
76509,1,5,130,5,1,60.0,0,N,MELB_URBAN,STREET,3,17.0
76510,1,5,133,2,1,70.0,0,N,MELB_URBAN,ROAD,3,18.0
76511,1,5,121,2,1,40.0,0,I,MELB_URBAN,STREET,3,18.0
76512,1,5,99,2,1,50.0,0,I,MELB_URBAN,STREET,3,17.0
76513,2,5,100,1,9,40.0,0,I,MELB_URBAN,ROAD,3,19.0
76514,1,5,120,5,1,80.0,0,N,RURAL_VICTORIA,ROAD,3,14.0
76515,8,5,174,5,1,60.0,0,N,MELB_URBAN,ROAD,3,17.0
76516,1,5,130,5,1,80.0,1,N,MELB_URBAN,OTHER,3,14.0
76517,5,5,99,5,1,100.0,0,N,RURAL_VICTORIA,ROAD,3,18.0
76518,1,5,121,2,1,40.0,0,I,MELB_URBAN,STREET,3,17.0
76519,1,5,121,2,1,60.0,0,I,MELB_URBAN,STREET,3,16.0
76520,1,5,120,2,1,60.0,0,I,MELB_URBAN,ROAD,1,17.0
76521,4,0,183,2,1,60.0,0,I,RURAL_VICTORIA,OTHER,3,16.0
76522,4,6,171,4,3,60.0,0,I,MELB_URBAN,RAMP,3,5.0
76523,2,6,99,5,1,60.0,0,N,MELB_URBAN,AVENUE,3,16.0
76524,1,3,130,4,1,60.0,0,I,RURAL_VICTORIA,ROAD,3,11.0
76525,1,1,160,5,9,50.0,0,N,MELB_URBAN,DRIVE,11,18.0
76526,1,6,130,5,2,100.0,1,N,MELB_URBAN,FREEWAY,3,6.0
76527,1,6,99,5,3,100.0,0,N,MELB_URBAN,ROAD,3,6.0
76528,6,7,99,5,1,100.0,0,N,RURAL_VICTORIA,ROAD,3,13.0
76529,1,6,99,2,1,50.0,0,I,SMALL_CITIES,STREET,3,8.0
76530,1,6,147,5,1,60.0,0,N,MELB_URBAN,ROAD,3,10.0
76531,1,6,121,2,1,60.0,0,I,MELB_URBAN,ROAD,3,8.0
76532,1,6,121,1,1,50.0,0,I,MELB_URBAN,STREET,3,8.0
76533,1,3,160,5,3,60.0,0,N,MELB_URBAN,AVENUE,3,22.0
76534,2,6,99,5,1,40.0,0,N,MELB_URBAN,STREET,3,10.0
76535,1,6,130,5,1,80.0,0,N,MELB_URBAN,ROAD,3,8.0
76536,1,6,121,1,1,40.0,0,I,MELB_URBAN,STREET,3,6.0
76537,1,6,120,5,1,100.0,0,N,RURAL_VICTORIA,ROAD,3,7.0
76538,1,5,121,2,1,70.0,0,I,LARGE_PROVINCIAL_CITIES,HIGHWAY,3,11.0
76539,1,6,99,5,1,60.0,0,N,MELB_URBAN,STREET,3,13.0
76540,1,4,110,1,1,50.0,0,I,MELB_URBAN,STREET,3,16.0
76541,4,5,181,5,5,100.0,0,N,RURAL_VICTORIA,ROAD,3,21.0
76542,2,6,100,2,1,50.0,0,I,MELB_URBAN,HIGHWAY,3,9.0
76543,8,3,174,2,2,50.0,0,I,MELB_URBAN,DRIVE,3,20.0
76544,1,5,130,2,1,60.0,0,I,MELB_URBAN,HIGHWAY,3,7.0
76545,1,6,113,2,1,50.0,0,I,TOWNS,ROAD,3,9.0
76546,1,6,111,4,1,60.0,0,I,RURAL_VICTORIA,ROAD,3,8.0
76547,1,6,121,2,1,60.0,0,I,MELB_URBAN,ROAD,3,12.0
76548,1,6,110,4,1,60.0,0,I,RURAL_VICTORIA,DRIVE,3,12.0
76549,8,6,99,1,1,100.0,0,I,RURAL_VICTORIA,ROAD,3,14.0
76550,8,7,174,1,1,50.0,0,I,LARGE_PROVINCIAL_CITIES,STREET,3,7.0
76551,1,6,99,2,1,60.0,0,I,MELB_URBAN,STREET,3,8.0
76552,1,2,130,5,5,60.0,0,N,MELB_URBAN,ROAD,3,17.0
76553,1,6,130,2,1,60.0,0,I,MELB_URBAN,ROAD,3,16.0
76554,1,6,160,5,1,50.0,0,N,MELB_URBAN,AVENUE,3,15.0
76555,4,6,99,2,3,40.0,0,N,MELB_URBAN,STREET,3,2.0
76556,1,3,133,5,1,100.0,0,N,RURAL_VICTORIA,ROAD,3,8.0
76557,1,5,130,2,1,60.0,0,I,RURAL_VICTORIA,ROAD,3,17.0
76558,1,6,130,5,1,80.0,0,N,MELB_URBAN,ROAD,3,18.0
76559,4,6,171,1,1,70.0,0,I,MELB_URBAN,ROAD,3,18.0
76560,1,6,121,2,1,80.0,0,I,MELB_URBAN,ROAD,3,17.0
76561,1,6,99,1,1,60.0,0,I,MELB_URBAN,ROAD,3,19.0
76562,1,7,130,2,1,60.0,0,I,MELB_URBAN,ROAD,3,13.0
76563,1,5,110,4,1,80.0,0,I,SMALL_TOWNS,ROAD,3,18.0
76564,4,6,181,5,5,100.0,0,N,RURAL_VICTORIA,ROAD,3,19.0
76565,1,6,121,5,2,60.0,0,N,MELB_URBAN,ROAD,3,19.0
76566,1,5,99,5,1,60.0,0,N,MELB_URBAN,ROAD,3,19.0
76567,1,6,110,1,3,60.0,0,I,MELB_URBAN,ROAD,3,21.0
76568,2,6,99,5,1,60.0,0,N,MELB_URBAN,ROAD,3,18.0
76569,1,1,130,5,1,100.0,0,N,MELB_URBAN,UNKNOWN,2,10.0
76570,1,6,147,2,1,60.0,0,I,MELB_URBAN,ROAD,3,14.0
76571,1,6,121,1,3,70.0,0,I,MELB_URBAN,ROAD,3,22.0
76572,1,6,121,2,3,60.0,0,I,MELB_URBAN,ROAD,3,21.0
76573,4,2,171,5,1,100.0,0,N,RURAL_VICTORIA,ROAD,2,13.0
76574,4,7,173,1,3,50.0,0,I,SMALL_CITIES,STREET,3,4.0
76575,1,2,163,5,1,60.0,0,N,MELB_URBAN,ROAD,2,10.0
76576,1,7,121,5,1,70.0,0,I,MELB_URBAN,ROAD,3,7.0
76577,2,7,102,1,1,60.0,0,I,MELB_URBAN,ROAD,3,9.0
76578,1,3,130,5,1,80.0,0,N,RURAL_VICTORIA,ROAD,2,8.0
76579,1,4,110,1,1,70.0,0,I,MELB_URBAN,ROAD,3,14.0
76580,6,7,170,5,1,80.0,0,N,RURAL_VICTORIA,ROAD,3,8.0
76581,1,7,121,1,1,60.0,0,I,MELB_URBAN,ROAD,3,9.0
76582,2,6,100,5,9,60.0,0,N,MELB_URBAN,AVENUE,3,0.0
76583,1,7,99,2,1,60.0,0,N,MELB_URBAN,AVENUE,3,8.0
76584,1,7,110,1,1,60.0,0,I,LARGE_PROVINCIAL_CITIES,STREET,3,8.0
76585,1,6,113,2,1,80.0,0,I,MELB_URBAN,ROAD,3,17.0
76586,1,7,113,2,1,70.0,0,I,MELB_URBAN,ROAD,3,8.0
76587,8,6,184,5,1,60.0,0,N,RURAL_VICTORIA,ROAD,3,11.0
76588,1,7,160,5,1,70.0,0,N,MELB_URBAN,HIGHWAY,3,14.0
76589,1,7,121,2,1,60.0,0,I,MELB_URBAN,ROAD,3,8.0
76590,1,7,121,4,1,80.0,0,I,MELB_URBAN,HIGHWAY,3,14.0
76591,1,5,111,2,1,60.0,0,I,TOWNS,UNKNOWN,3,17.0
76592,1,2,140,2,1,60.0,0,I,SMALL_CITIES,ROAD,1,18.0
76593,4,7,171,2,1,50.0,0,I,MELB_URBAN,OTHER,3,14.0
76594,1,7,121,2,1,60.0,0,I,MELB_URBAN,STREET,3,16.0
76595,2,4,100,5,1,60.0,0,N,MELB_URBAN,STREET,3,14.0
76596,1,7,130,5,1,80.0,0,N,MELB_URBAN,HIGHWAY,3,16.0
76597,4,7,173,5,1,50.0,0,N,MELB_URBAN,STREET,3,15.0
76598,2,7,100,2,3,50.0,0,I,MELB_URBAN,ROAD,3,20.0
76599,1,7,99,5,1,100.0,0,N,MELB_URBAN,FREEWAY,3,14.0
76600,1,7,160,5,1,50.0,0,N,MELB_URBAN,DRIVE,3,18.0
76601,1,7,99,2,2,60.0,0,N,MELB_URBAN,OTHER,3,5.0
76602,1,7,120,5,1,80.0,0,N,RURAL_VICTORIA,ROAD,3,18.0
76603,1,7,99,2,1,60.0,0,I,MELB_URBAN,ROAD,3,9.0
76604,1,1,120,2,3,80.0,1,N,RURAL_VICTORIA,ROAD,3,0.0
76605,2,1,100,1,3,60.0,0,I,MELB_URBAN,ROAD,3,4.0
76606,2,7,99,5,3,50.0,0,N,MELB_URBAN,AVENUE,3,23.0
76607,4,0,173,5,3,80.0,0,N,MELB_URBAN,HIGHWAY,3,3.0
76608,1,1,120,5,5,90.0,0,N,MELB_URBAN,FREEWAY,3,4.0
76609,1,4,135,5,1,60.0,0,N,MELB_URBAN,HIGHWAY,3,8.0
76610,1,7,132,5,1,60.0,0,I,MELB_URBAN,STREET,3,11.0
76611,1,3,99,1,6,60.0,0,N,MELB_URBAN,STREET,3,0.0
76612,1,1,135,5,1,100.0,0,N,RURAL_VICTORIA,ROAD,3,9.0
76613,1,0,110,1,1,60.0,0,I,MELB_URBAN,ROAD,3,9.0
76614,1,5,130,1,1,60.0,0,I,MELB_URBAN,ROAD,3,13.0
76615,4,1,171,5,1,60.0,0,N,MELB_URBAN,ROAD,3,8.0
76616,1,0,130,5,1,60.0,0,N,MELB_URBAN,HIGHWAY,3,10.0
76617,4,1,171,5,1,110.0,0,N,RURAL_VICTORIA,FREEWAY,3,7.0
76618,1,1,110,1,1,60.0,0,I,MELB_URBAN,ROAD,3,10.0
76619,6,0,170,1,1,100.0,0,I,RURAL_VICTORIA,ROAD,3,11.0
76620,4,0,181,5,1,80.0,0,N,RURAL_VICTORIA,ROAD,3,12.0
76621,4,1,171,5,1,100.0,0,N,RURAL_VICTORIA,ROAD,3,10.0
76622,1,6,130,1,1,80.0,0,I,MELB_URBAN,ROAD,3,13.0
76623,6,0,99,4,1,50.0,0,I,TOWNS,ROAD,3,14.0
76624,1,1,130,5,1,60.0,0,N,MELB_URBAN,UNKNOWN,3,12.0
76625,1,1,135,5,1,80.0,0,N,MELB_URBAN,ROAD,3,12.0
76626,1,1,121,2,1,60.0,0,I,MELB_URBAN,ROAD,3,14.0
76627,2,1,100,2,1,60.0,0,I,MELB_URBAN,ROAD,3,18.0
76628,6,0,99,5,1,110.0,0,N,RURAL_VICTORIA,FREEWAY,3,17.0
76629,1,1,113,2,3,60.0,0,I,MELB_URBAN,ROAD,3,19.0
76630,4,1,171,5,1,100.0,0,N,RURAL_VICTORIA,HIGHWAY,3,17.0
76631,1,1,135,2,1,40.0,0,N,MELBOURNE_CBD,STREET,3,18.0
76632,1,1,160,5,5,80.0,0,N,RURAL_VICTORIA,HIGHWAY,3,21.0
76633,1,6,121,2,1,70.0,0,I,MELB_URBAN,ROAD,1,15.0
76634,4,7,173,2,3,50.0,0,I,MELB_URBAN,ROAD,3,21.0
76635,6,5,174,1,2,50.0,0,I,LARGE_PROVINCIAL_CITIES,ROAD,3,21.0
76636,1,7,113,2,1,60.0,0,I,MELB_URBAN,ROAD,3,13.0
76637,1,7,160,5,3,40.0,0,N,MELB_URBAN,STREET,3,1.0
76638,8,7,174,5,1,60.0,0,N,RURAL_VICTORIA,ROAD,3,16.0
76639,4,2,173,2,2,80.0,0,I,SMALL_TOWNS,ROAD,3,7.0
76640,1,5,121,1,1,60.0,0,I,MELB_URBAN,STREET,3,19.0
76641,1,1,135,5,1,60.0,0,N,MELB_URBAN,ROAD,3,7.0
76642,1,2,110,1,1,60.0,0,I,LARGE_PROVINCIAL_CITIES,ROAD,3,8.0
76643,1,2,113,2,1,60.0,0,I,MELB_URBAN,ROAD,3,8.0
76644,1,2,121,1,1,60.0,0,I,MELB_URBAN,ROAD,3,8.0
76645,2,7,99,5,6,50.0,0,N,MELB_URBAN,STREET,3,1.0
76646,1,2,120,5,1,100.0,0,N,RURAL_VICTORIA,ROAD,3,8.0
76647,1,2,110,1,1,100.0,0,I,RURAL_VICTORIA,STREET,3,9.0
76648,6,2,99,5,1,100.0,0,N,RURAL_VICTORIA,ROAD,3,7.0
76649,1,2,113,2,1,100.0,0,I,RURAL_VICTORIA,HIGHWAY,3,10.0
76650,4,1,173,5,1,110.0,0,N,RURAL_VICTORIA,FREEWAY,3,10.0
76651,1,2,99,5,1,50.0,0,N,MELB_URBAN,STREET,3,7.0
76652,1,5,130,1,1,60.0,0,I,MELB_URBAN,HIGHWAY,3,13.0
76653,1,2,140,5,1,100.0,0,N,RURAL_VICTORIA,ROAD,3,10.0
76654,1,1,113,2,1,100.0,0,I,RURAL_VICTORIA,ROAD,2,8.0
76655,5,1,99,5,1,100.0,0,N,RURAL_VICTORIA,ROAD,3,17.0
76656,2,2,100,1,1,60.0,0,I,MELB_URBAN,ROAD,3,12.0
76657,1,3,132,1,3,60.0,0,I,MELB_URBAN,ROAD,2,20.0
76658,1,0,130,5,1,100.0,0,N,MELB_URBAN,FREEWAY,3,16.0
76659,4,2,183,5,1,100.0,0,N,RURAL_VICTORIA,ROAD,3,10.0
76660,1,2,121,1,1,80.0,0,I,MELB_URBAN,OTHER,3,12.0
76661,4,2,181,5,1,100.0,0,N,RURAL_VICTORIA,ROAD,3,11.0
76662,1,1,130,5,5,100.0,0,N,LARGE_PROVINCIAL_CITIES,ROAD,3,21.0
76663,1,2,147,5,1,60.0,0,N,MELB_URBAN,STREET,3,14.0
76664,1,2,113,2,1,60.0,0,I,MELB_URBAN,ROAD,3,12.0
76665,1,5,130,2,1,60.0,0,I,MELB_URBAN,ROAD,3,10.0
76666,1,2,111,2,1,80.0,0,I,LARGE_PROVINCIAL_CITIES,ROAD,3,14.0
76667,8,2,174,1,9,60.0,0,I,MELB_URBAN,STREET,3,16.0
76668,1,2,121,5,1,50.0,0,N,MELB_URBAN,ROAD,3,16.0
76669,2,6,99,5,1,60.0,0,N,MELB_URBAN,STREET,3,16.0
76670,1,2,135,5,1,100.0,0,N,MELB_URBAN,ROAD,3,17.0
76671,1,2,130,5,1,80.0,0,N,MELB_URBAN,OTHER,3,17.0
76672,1,1,130,5,1,80.0,0,N,RURAL_VICTORIA,ROAD,3,17.0
76673,4,2,181,5,1,110.0,0,N,RURAL_VICTORIA,FREEWAY,3,18.0
76674,4,7,181,2,1,60.0,0,N,RURAL_VICTORIA,ROAD,3,11.0
76675,4,2,181,5,1,100.0,0,N,RURAL_VICTORIA,ROAD,3,15.0
76676,1,2,113,1,3,80.0,0,I,MELB_URBAN,ROAD,3,21.0
76677,1,2,130,1,3,80.0,0,I,MELB_URBAN,ROAD,3,21.0
76678,4,1,173,5,3,50.0,0,N,MELB_URBAN,ROAD,3,21.0
76679,1,2,110,1,1,60.0,0,I,MELB_URBAN,STREET,3,17.0
76680,2,2,102,5,3,50.0,0,N,MELB_URBAN,STREET,3,22.0
76681,1,3,99,2,1,60.0,0,I,SMALL_CITIES,OTHER,3,14.0
76682,1,3,160,5,3,60.0,0,N,MELB_URBAN,ROAD,3,2.0
76683,1,2,130,5,2,60.0,0,N,MELB_URBAN,ROAD,3,19.0