,accident_type,day_of_week,dca_code,road_geometry,light_condition,speed_zone,severity,node_type,deg_urban_name,road_type,month,hour
76684,2,3,100,1,3,70.0,0,I,MELB_URBAN,STREET,3,5.0
76685,4,3,99,1,3,70.0,1,I,SMALL_CITIES,HIGHWAY,3,2.0
76686,1,2,99,5,1,60.0,0,N,MELB_URBAN,ROAD,3,17.0
76687,4,3,181,5,1,60.0,0,N,RURAL_VICTORIA,ROAD,3,7.0
76688,1,6,99,1,1,50.0,0,I,MELB_URBAN,ROAD,3,15.0
76689,4,6,183,5,2,100.0,0,N,RURAL_VICTORIA,ROAD,3,6.0
76690,1,7,160,2,1,60.0,0,I,MELB_URBAN,ROAD,2,7.0
76691,1,1,121,5,1,50.0,0,N,MELB_URBAN,ROAD,3,13.0
76692,1,3,99,2,1,50.0,0,I,LARGE_PROVINCIAL_CITIES,STREET,3,8.0
76693,8,4,99,5,1,80.0,0,N,RURAL_VICTORIA,ROAD,10,15.0
76694,2,3,102,2,1,50.0,0,I,MELB_URBAN,DRIVE,3,8.0
76695,6,2,170,5,2,100.0,0,N,RURAL_VICTORIA,ROAD,3,6.0
76696,1,3,110,1,1,50.0,0,I,MELB_URBAN,STREET,3,10.0
76697,1,3,147,5,1,100.0,0,N,RURAL_VICTORIA,ROAD,3,11.0
76698,1,7,130,4,1,80.0,0,I,MELB_URBAN,ROAD,3,17.0
76699,4,3,171,5,1,80.0,0,N,MELB_URBAN,FREEWAY,3,12.0
76700,1,1,113,2,1,60.0,0,I,MELB_URBAN,DRIVE,3,19.0
76701,6,3,99,5,1,100.0,0,N,RURAL_VICTORIA,ROAD,3,11.0
76702,1,3,121,1,1,60.0,0,I,LARGE_PROVINCIAL_CITIES,STREET,3,13.0
76703,2,3,99,5,1,50.0,0,N,MELB_URBAN,STREET,3,12.0
76704,1,3,120,5,1,50.0,0,N,MELB_URBAN,OTHER,3,11.0
76705,1,3,113,2,1,80.0,0,I,RURAL_VICTORIA,HIGHWAY,3,12.0
76706,5,6,99,5,9,60.0,0,N,RURAL_VICTORIA,OTHER,3,19.0
76707,4,3,181,2,1,80.0,0,I,MELB_URBAN,ROAD,3,15.0
76708,7,3,99,5,1,100.0,1,N,RURAL_VICTORIA,ROAD,3,11.0
76709,4,3,171,5,1,80.0,0,N,MELB_URBAN,FREEWAY,3,13.0
76710,1,4,163,5,9,60.0,0,N,MELB_URBAN,ROAD,1,8.0
76711,1,2,120,5,1,70.0,0,N,RURAL_VICTORIA,HIGHWAY,3,16.0
76712,1,3,130,5,1,100.0,0,N,MELB_URBAN,UNKNOWN,3,15.0
76713,4,3,183,5,1,80.0,0,N,RURAL_VICTORIA,ROAD,3,14.0
76714,1,3,130,5,1,60.0,0,N,MELB_URBAN,ROAD,3,17.0
76715,1,3,116,2,1,80.0,0,I,RURAL_VICTORIA,HIGHWAY,3,16.0
76716,1,3,121,1,1,50.0,0,I,LARGE_PROVINCIAL_CITIES,STREET,3,17.0
76717,4,3,171,5,1,80.0,0,N,LARGE_PROVINCIAL_CITIES,HIGHWAY,3,17.0
76718,2,3,100,5,1,50.0,0,N,MELB_URBAN,STREET,3,18.0
76719,1,3,130,5,1,80.0,0,N,MELB_URBAN,OTHER,3,17.0
76720,1,2,132,1,2,60.0,0,I,MELB_URBAN,ROAD,3,18.0
76721,1,2,133,5,1,40.0,0,N,MELB_URBAN,STREET,3,17.0
76722,1,3,113,2,1,60.0,0,N,LARGE_PROVINCIAL_CITIES,ROAD,3,15.0
76723,4,3,181,5,1,80.0,0,N,MELB_URBAN,UNKNOWN,3,18.0
76724,1,3,130,1,1,80.0,0,I,MELB_URBAN,ROAD,3,15.0
76725,1,2,99,5,1,50.0,0,N,MELB_URBAN,STREET,3,9.0
76726,1,3,99,2,1,60.0,0,I,MELB_URBAN,STREET,3,19.0
76727,2,3,100,5,1,60.0,0,N,MELB_URBAN,ROAD,3,17.0
76728,8,3,174,1,2,60.0,0,I,MELB_URBAN,STREET,3,19.0
76729,1,3,111,1,3,80.0,0,I,MELB_URBAN,ROAD,3,22.0
76730,1,3,121,5,3,60.0,0,N,MELB_URBAN,ROAD,3,5.0
76731,1,3,130,1,1,70.0,0,I,MELB_URBAN,ROAD,3,8.0
76732,1,4,113,2,3,80.0,0,I,MELB_URBAN,ROAD,3,4.0
76733,1,3,130,5,2,60.0,0,N,MELB_URBAN,ROAD,3,7.0
76734,1,4,111,2,1,80.0,0,I,MELB_URBAN,DRIVE,3,8.0
76735,1,3,110,1,1,50.0,0,I,SMALL_CITIES,ROAD,3,14.0
76736,5,3,99,5,5,100.0,0,N,RURAL_VICTORIA,HIGHWAY,3,3.0
76737,1,4,121,5,1,80.0,0,N,TOWNS,OTHER,3,9.0
76738,1,6,111,2,1,50.0,0,I,MELB_URBAN,ROAD,3,18.0
76739,1,3,121,2,1,60.0,0,I,MELB_URBAN,ROAD,3,9.0
76740,1,3,116,2,1,60.0,0,I,MELB_URBAN,ROAD,3,7.0
76741,1,0,130,1,1,60.0,0,I,MELB_URBAN,STREET,3,17.0
76742,1,6,121,1,1,50.0,0,I,MELB_URBAN,STREET,3,17.0
76743,1,4,99,2,1,60.0,0,I,MELB_URBAN,STREET,3,10.0
76744,1,3,163,5,1,60.0,0,N,MELB_URBAN,STREET,3,7.0
76745,1,3,130,1,1,60.0,0,N,MELB_URBAN,ROAD,3,11.0
76746,1,4,110,1,1,60.0,0,I,TOWNS,STREET,3,11.0
76747,1,3,130,5,1,100.0,0,N,MELB_URBAN,FREEWAY,3,8.0
76748,1,3,113,1,3,80.0,0,N,MELB_URBAN,ROAD,3,7.0
76749,6,4,170,5,1,110.0,0,N,RURAL_VICTORIA,FREEWAY,3,12.0
76750,2,4,100,1,4,60.0,0,I,MELB_URBAN,STREET,3,7.0
76751,1,3,130,2,1,60.0,0,I,MELB_URBAN,OTHER,1,17.0
76752,1,3,133,5,1,110.0,0,N,SMALL_TOWNS,OTHER,3,17.0
76753,1,3,132,1,1,60.0,0,I,LARGE_PROVINCIAL_CITIES,STREET,3,14.0
76754,5,4,99,5,1,60.0,0,N,RURAL_VICTORIA,OTHER,3,7.0
76755,1,4,120,5,1,100.0,0,N,RURAL_VICTORIA,ROAD,3,11.0
76756,1,2,130,1,1,70.0,0,I,MELB_URBAN,ROAD,3,18.0
76757,1,3,130,5,1,50.0,0,N,MELB_URBAN,ROAD,3,7.0
76758,1,2,130,1,1,70.0,0,I,MELB_URBAN,ROAD,3,15.0
76759,1,3,99,2,1,40.0,0,N,MELB_URBAN,STREET,3,13.0
76760,4,4,99,2,1,50.0,0,I,MELB_URBAN,ROAD,3,14.0
76761,1,2,113,2,2,60.0,0,I,MELB_URBAN,ROAD,3,18.0
76762,7,0,99,5,2,50.0,0,N,MELB_URBAN,ROAD,2,19.0
76763,1,6,99,2,1,60.0,0,I,MELB_URBAN,ROAD,12,13.0
76764,7,6,184,5,9,60.0,0,N,RURAL_VICTORIA,ROAD,3,16.0
76765,1,4,110,1,1,50.0,0,I,MELB_URBAN,STREET,3,15.0
76766,6,4,184,5,1,100.0,0,N,RURAL_VICTORIA,ROAD,3,12.0
76767,1,4,130,1,1,60.0,0,I,MELB_URBAN,ROAD,3,14.0
76768,2,4,99,2,1,50.0,0,N,MELB_URBAN,DRIVE,3,7.0
76769,1,4,99,2,1,50.0,0,I,MELB_URBAN,STREET,3,17.0
76770,1,6,99,2,1,60.0,0,I,MELB_URBAN,ROAD,3,14.0
76771,1,2,135,5,1,60.0,0,N,LARGE_PROVINCIAL_CITIES,STREET,1,9.0
76772,1,4,134,5,1,70.0,0,N,MELB_URBAN,ROAD,3,10.0
76773,1,4,130,5,1,60.0,0,N,TOWNS,STREET,3,15.0
76774,4,4,171,1,1,50.0,0,I,TOWNS,STREET,3,18.0
76775,1,3,132,1,1,80.0,0,I,MELB_URBAN,ROAD,3,18.0
76776,6,4,174,1,1,60.0,0,I,RURAL_VICTORIA,ROAD,3,17.0
76777,1,4,121,2,1,40.0,0,I,MELB_URBAN,STREET,3,17.0
76778,6,4,174,5,1,80.0,0,N,RURAL_VICTORIA,ROAD,3,18.0
76779,6,3,170,5,1,100.0,0,N,RURAL_VICTORIA,ROAD,3,18.0
76780,1,2,132,2,1,80.0,0,I,RURAL_VICTORIA,ROAD,3,7.0
76781,1,4,110,1,3,60.0,0,I,MELB_URBAN,STREET,3,21.0
76782,1,3,120,5,1,50.0,0,N,MELB_URBAN,AVENUE,3,17.0
76783,1,1,99,5,1,60.0,0,N,MELB_URBAN,ROAD,2,9.0
76784,1,1,135,5,3,40.0,0,N,MELB_URBAN,UNKNOWN,2,21.0
76785,4,5,171,5,3,100.0,0,N,MELB_URBAN,UNKNOWN,3,0.0
76786,5,1,99,5,5,50.0,0,N,MELB_URBAN,ROAD,3,20.0
76787,1,4,113,1,1,60.0,0,I,TOWNS,STREET,3,12.0
76788,1,4,130,2,1,80.0,0,I,MELB_URBAN,ROAD,3,8.0
76789,1,3,111,2,1,50.0,0,I,MELB_URBAN,PARADE,3,9.0
76790,2,5,100,2,2,50.0,0,I,MELB_URBAN,STREET,3,6.0
76791,1,5,130,2,2,60.0,0,I,MELB_URBAN,ROAD,3,7.0
76792,4,5,171,5,1,50.0,0,N,MELB_URBAN,ROAD,3,8.0
76793,1,5,135,5,1,40.0,0,N,MELBOURNE_CBD,STREET,3,8.0
76794,1,4,116,4,1,60.0,0,N,MELB_URBAN,ROAD,11,13.0
76795,1,7,130,5,1,60.0,0,N,MELB_URBAN,ROAD,3,19.0
76796,1,5,110,1,1,50.0,0,I,LARGE_PROVINCIAL_CITIES,STREET,3,10.0
76797,8,7,174,1,1,50.0,0,I,SMALL_CITIES,STREET,2,9.0
76798,1,5,147,2,1,60.0,0,N,MELB_URBAN,ROAD,3,11.0
76799,4,5,183,5,1,100.0,0,N,RURAL_VICTORIA,HIGHWAY,3,8.0
76800,1,5,140,2,1,60.0,0,N,MELB_URBAN,ROAD,3,8.0
76801,1,5,140,5,2,50.0,0,N,MELB_URBAN,STREET,3,16.0
76802,1,5,130,1,1,60.0,0,I,MELB_URBAN,ROAD,3,12.0
76803,1,5,130,5,1,100.0,0,N,RURAL_VICTORIA,ROAD,3,12.0
76804,1,7,130,1,1,60.0,0,I,MELB_URBAN,STREET,3,18.0
76805,1,5,130,1,1,80.0,0,I,MELB_URBAN,ROAD,3,12.0
76806,1,5,130,5,1,100.0,0,N,MELB_URBAN,FREEWAY,3,9.0
76807,1,3,163,5,1,60.0,0,N,MELB_URBAN,STREET,2,19.0
76808,1,5,160,6,1,50.0,0,N,MELB_URBAN,OTHER,3,8.0
76809,6,4,170,1,1,60.0,0,I,MELB_URBAN,ROAD,3,15.0
76810,2,4,100,1,1,60.0,0,I,LARGE_PROVINCIAL_CITIES,STREET,3,15.0
76811,8,7,184,5,1,60.0,0,N,RURAL_VICTORIA,OTHER,3,12.0
76812,2,4,100,5,1,60.0,0,N,LARGE_PROVINCIAL_CITIES,ROAD,3,15.0
76813,1,3,130,5,1,60.0,0,N,MELB_URBAN,AVENUE,3,14.0
76814,1,5,160,5,1,60.0,0,N,LARGE_PROVINCIAL_CITIES,ROAD,3,14.0
76815,1,5,113,4,1,50.0,0,I,MELB_URBAN,AVENUE,3,8.0
76816,1,3,110,1,1,60.0,0,I,MELB_URBAN,AVENUE,3,8.0
76817,1,5,110,1,1,100.0,0,I,RURAL_VICTORIA,ROAD,3,16.0
76818,1,5,99,4,1,60.0,0,I,MELB_URBAN,ROAD,3,17.0
76819,1,4,121,5,1,50.0,0,N,MELB_URBAN,STREET,3,15.0
76820,1,7,130,1,2,80.0,0,I,MELB_URBAN,ROAD,3,6.0
76821,1,5,140,2,9,80.0,0,I,MELB_URBAN,ROAD,3,17.0
76822,1,5,130,5,1,80.0,0,I,MELB_URBAN,FREEWAY,3,17.0
76823,6,5,99,2,3,60.0,0,I,MELB_URBAN,BOULEVARD,3,20.0
76824,1,5,99,5,1,100.0,0,N,RURAL_VICTORIA,OTHER,3,17.0
76825,1,4,130,2,1,50.0,0,I,MELB_URBAN,AVENUE,3,15.0
76826,1,4,110,1,3,60.0,0,I,MELB_URBAN,HIGHWAY,3,20.0
76827,1,5,113,1,1,50.0,0,I,MELB_URBAN,ROAD,3,18.0
76828,4,5,171,2,5,100.0,0,N,RURAL_VICTORIA,ROAD,3,23.0
76829,4,6,183,5,3,60.0,1,N,MELB_URBAN,DRIVE,3,3.0
76830,5,6,99,5,5,100.0,0,N,RURAL_VICTORIA,ROAD,3,6.0
76831,1,5,130,5,1,70.0,0,N,LARGE_PROVINCIAL_CITIES,ROAD,12,16.0
76832,1,2,130,5,1,80.0,0,N,MELB_URBAN,HIGHWAY,3,10.0
76833,6,5,184,5,5,100.0,0,N,RURAL_VICTORIA,ROAD,3,21.0
76834,1,2,130,4,1,60.0,0,I,MELB_URBAN,STREET,3,11.0
76835,4,6,173,5,1,100.0,0,N,RURAL_VICTORIA,HIGHWAY,3,8.0
76836,5,7,99,5,1,100.0,0,N,RURAL_VICTORIA,ROAD,1,15.0
76837,1,5,116,2,1,80.0,0,I,RURAL_VICTORIA,ROAD,3,9.0
76838,1,6,140,5,1,60.0,0,N,TOWNS,ROAD,3,8.0
76839,8,4,170,5,1,80.0,0,N,MELB_URBAN,ROAD,3,17.0
76840,4,6,173,2,3,30.0,0,I,MELBOURNE_CBD,STREET,3,6.0
76841,1,7,163,5,1,60.0,0,N,MELB_URBAN,STREET,3,19.0
76842,1,6,113,4,1,80.0,0,N,MELB_URBAN,HIGHWAY,3,9.0
76843,1,3,121,1,2,50.0,0,I,LARGE_PROVINCIAL_CITIES,ROAD,3,17.0
76844,1,3,130,2,1,80.0,0,I,TOWNS,ROAD,3,15.0
76845,6,1,99,5,5,60.0,0,N,MELB_URBAN,ROAD,3,1.0
76846,1,6,147,5,1,60.0,0,N,MELB_URBAN,ROAD,3,12.0
76847,1,6,140,5,1,50.0,0,N,MELB_URBAN,STREET,3,7.0
76848,4,5,181,5,1,100.0,0,N,RURAL_VICTORIA,ROAD,3,11.0
76849,7,5,99,5,1,70.0,0,N,SMALL_CITIES,HIGHWAY,3,12.0
76850,6,1,99,5,1,60.0,0,N,LARGE_PROVINCIAL_CITIES,UNKNOWN,2,18.0
76851,4,6,181,5,5,100.0,1,N,RURAL_VICTORIA,ROAD,3,0.0
76852,1,6,121,2,1,60.0,0,I,SMALL_CITIES,STREET,3,14.0
76853,1,6,140,2,1,100.0,1,I,RURAL_VICTORIA,ROAD,3,8.0
76854,1,6,120,5,1,100.0,0,N,RURAL_VICTORIA,ROAD,3,10.0
76855,6,5,174,2,1,60.0,0,I,MELB_URBAN,ROAD,3,8.0
76856,1,6,99,5,1,100.0,0,N,RURAL_VICTORIA,ROAD,3,14.0
76857,1,1,110,1,1,60.0,0,I,SMALL_CITIES,STREET,2,18.0
76858,1,6,130,5,1,70.0,0,N,MELB_URBAN,ROAD,3,15.0
76859,1,6,99,2,1,50.0,0,I,MELB_URBAN,ROAD,3,11.0
76860,1,6,113,2,1,70.0,0,I,MELB_URBAN,ROAD,3,16.0
76861,1,6,135,5,1,80.0,0,N,MELB_URBAN,UNKNOWN,3,16.0
76862,2,6,100,2,1,60.0,0,N,MELB_URBAN,STREET,3,16.0
76863,1,6,130,1,1,70.0,0,N,MELB_URBAN,ROAD,11,16.0
76864,1,6,110,1,1,50.0,0,I,MELB_URBAN,STREET,3,16.0
76865,7,3,99,5,1,60.0,0,N,MELB_URBAN,ROAD,3,8.0
76866,1,6,113,2,1,60.0,0,I,MELB_URBAN,ROAD,3,15.0
76867,1,6,99,5,1,100.0,1,N,RURAL_VICTORIA,ROAD,3,16.0
76868,4,6,171,5,1,70.0,0,N,MELB_URBAN,ROAD,3,18.0
76869,2,6,102,1,3,40.0,0,I,MELB_URBAN,STREET,3,22.0
76870,4,6,171,2,3,50.0,0,I,MELB_URBAN,DRIVE,3,22.0
76871,1,6,121,2,2,60.0,0,I,MELB_URBAN,STREET,3,7.0
76872,4,7,183,5,5,60.0,1,N,RURAL_VICTORIA,ROAD,3,2.0
76873,2,6,99,5,1,50.0,0,N,MELB_URBAN,ROAD,3,14.0
76874,4,6,181,5,1,50.0,0,N,MELB_URBAN,STREET,3,7.0
76875,6,6,184,5,1,60.0,0,N,RURAL_VICTORIA,ROAD,3,12.0
76876,1,7,121,1,1,60.0,0,I,LARGE_PROVINCIAL_CITIES,STREET,3,7.0
76877,1,2,130,1,1,70.0,0,I,MELB_URBAN,ROAD,2,9.0
76878,1,7,133,5,1,40.0,0,N,LARGE_PROVINCIAL_CITIES,AVENUE,3,12.0
76879,4,7,181,5,3,80.0,1,N,RURAL_VICTORIA,ROAD,3,4.0
76880,1,3,147,5,1,60.0,0,N,MELB_URBAN,ROAD,7,16.0
76881,1,7,99,2,1,40.0,0,I,MELB_URBAN,ROAD,3,11.0
76882,4,6,171,5,5,100.0,0,N,RURAL_VICTORIA,ROAD,3,23.0
76883,6,7,99,5,1,80.0,0,N,SMALL_TOWNS,ROAD,3,12.0
76884,1,7,130,2,1,70.0,0,N,MELB_URBAN,ROAD,3,12.0
76885,1,7,135,2,1,70.0,0,I,MELB_URBAN,ROAD,3,13.0
76886,1,7,110,1,1,50.0,0,I,MELB_URBAN,STREET,3,7.0
76887,6,6,99,5,1,80.0,0,N,RURAL_VICTORIA,ROAD,3,15.0
76888,3,7,167,5,1,80.0,0,N,RURAL_VICTORIA,ROAD,3,9.0
76889,1,4,130,5,3,60.0,0,N,MELB_URBAN,ROAD,3,19.0
76890,4,7,171,5,1,100.0,0,N,RURAL_VICTORIA,HIGHWAY,3,15.0
76891,6,7,184,5,1,60.0,0,N,RURAL_VICTORIA,OTHER,3,15.0
76892,2,4,102,1,9,40.0,0,I,MELB_URBAN,ROAD,3,16.0
76893,4,7,173,5,5,50.0,0,N,RURAL_VICTORIA,ROAD,3,19.0
76894,1,6,135,1,1,60.0,0,I,MELB_URBAN,ROAD,3,18.0
76895,4,7,173,2,3,70.0,0,I,MELB_URBAN,ROAD,3,19.0
76896,6,7,99,2,1,50.0,0,I,MELB_URBAN,ROAD,3,18.0
76897,4,7,171,5,5,110.0,0,N,RURAL_VICTORIA,OTHER,3,21.0
76898,1,1,130,1,3,80.0,0,I,MELB_URBAN,ROAD,3,0.0
76899,1,7,110,1,3,50.0,0,I,MELB_URBAN,ROAD,3,20.0
76900,1,3,134,2,1,60.0,0,I,MELB_URBAN,PARADE,3,16.0
76901,4,0,173,5,5,100.0,0,N,RURAL_VICTORIA,ROAD,3,1.0
76902,4,0,173,5,5,80.0,0,N,RURAL_VICTORIA,ROAD,3,3.0
76903,4,7,173,5,3,40.0,0,N,MELB_URBAN,ROAD,3,23.0
76904,1,7,130,1,1,60.0,0,I,MELB_URBAN,ROAD,3,16.0
76905,3,1,167,5,5,100.0,0,N,RURAL_VICTORIA,OTHER,3,6.0
76906,1,6,130,5,1,50.0,0,N,MELB_URBAN,STREET,3,12.0
76907,1,1,99,5,1,60.0,0,N,SMALL_CITIES,OTHER,3,10.0
76908,1,3,132,2,1,60.0,0,I,MELB_URBAN,STREET,3,13.0
76909,1,1,147,5,1,60.0,0,N,SMALL_CITIES,HIGHWAY,3,12.0
76910,1,1,130,2,1,80.0,0,I,RURAL_VICTORIA,ROAD,3,12.0
76911,1,1,130,5,1,80.0,0,N,MELB_URBAN,HIGHWAY,3,12.0
76912,1,1,121,1,1,50.0,0,I,LARGE_PROVINCIAL_CITIES,ROAD,3,8.0
76913,1,1,121,4,1,60.0,0,I,MELB_URBAN,ROAD,3,12.0
76914,4,6,171,5,3,100.0,0,N,MELB_URBAN,FREEWAY,3,23.0
76915,1,1,130,5,1,70.0,0,N,SMALL_CITIES,HIGHWAY,3,14.0
76916,1,1,121,1,1,60.0,0,I,RURAL_VICTORIA,ROAD,3,14.0
76917,4,1,173,2,1,100.0,0,I,RURAL_VICTORIA,ROAD,3,15.0
76918,1,1,113,2,1,50.0,0,I,LARGE_PROVINCIAL_CITIES,STREET,3,16.0
76919,1,1,99,1,1,60.0,0,I,MELB_URBAN,ROAD,3,16.0
76920,1,7,116,2,1,50.0,0,I,MELB_URBAN,STREET,3,10.0
76921,8,1,99,5,1,100.0,0,N,RURAL_VICTORIA,ROAD,3,18.0
76922,1,0,110,1,1,50.0,0,I,MELB_URBAN,ROAD,3,16.0
76923,4,1,99,2,5,60.0,0,I,RURAL_VICTORIA,ROAD,3,20.0
76924,4,1,183,5,5,100.0,0,N,RURAL_VICTORIA,ROAD,3,21.0
76925,1,1,160,5,3,80.0,0,N,MELB_URBAN,HIGHWAY,3,22.0
76926,1,1,121,4,1,80.0,0,I,MELB_URBAN,ROAD,3,12.0
76927,1,3,130,5,1,80.0,0,N,MELB_URBAN,ROAD,3,14.0
76928,6,1,99,5,1,80.0,0,N,RURAL_VICTORIA,ROAD,3,15.0
76929,1,4,130,5,1,100.0,0,N,MELB_URBAN,OTHER,2,15.0
76930,1,1,130,4,1,40.0,0,I,MELB_URBAN,STREET,2,17.0
76931,2,2,100,1,1,60.0,0,I,MELB_URBAN,ROAD,3,9.0
76932,1,1,134,5,2,60.0,0,N,MELB_URBAN,HIGHWAY,3,19.0
76933,1,6,121,1,1,50.0,0,I,MELB_URBAN,STREET,3,14.0
76934,1,5,163,5,1,40.0,0,N,MELB_URBAN,STREET,3,7.0
76935,1,1,113,2,1,60.0,0,I,LARGE_PROVINCIAL_CITIES,STREET,3,11.0
76936,4,4,183,5,5,100.0,0,N,RURAL_VICTORIA,ROAD,8,5.0
76937,1,2,130,1,1,60.0,0,I,MELB_URBAN,ROAD,3,12.0
76938,8,5,99,5,2,50.0,0,N,MELB_URBAN,STREET,12,17.0
76939,6,1,99,5,1,60.0,0,N,RURAL_VICTORIA,ROAD,3,15.0
76940,1,2,140,5,1,60.0,0,N,MELB_URBAN,ROAD,3,9.0
76941,1,2,110,1,1,60.0,0,I,LARGE_PROVINCIAL_CITIES,STREET,3,11.0
76942,1,2,113,2,1,60.0,0,I,MELB_URBAN,ROAD,3,11.0
76943,1,6,130,5,1,60.0,0,N,MELB_URBAN,BOULEVARD,3,12.0
76944,1,2,99,2,1,80.0,0,I,TOWNS,ROAD,3,7.0
76945,1,2,147,5,1,100.0,0,N,RURAL_VICTORIA,OTHER,3,13.0
76946,2,2,100,2,1,40.0,0,I,MELB_URBAN,STREET,3,11.0
76947,1,0,130,1,3,60.0,0,I,MELB_URBAN,STREET,3,22.0
76948,5,2,99,5,1,100.0,0,N,RURAL_VICTORIA,ROAD,3,8.0
76949,1,0,110,1,3,60.0,0,I,MELB_URBAN,STREET,3,2.0
76950,1,2,121,2,1,60.0,0,I,MELB_URBAN,ROAD,3,12.0
76951,1,6,120,5,3,70.0,0,N,MELB_URBAN,ROAD,3,21.0
76952,1,5,130,5,9,60.0,0,N,MELB_URBAN,UNKNOWN,3,18.0
76953,4,1,173,5,1,60.0,0,N,RURAL_VICTORIA,ROAD,3,15.0
76954,1,6,116,2,1,60.0,0,I,MELB_URBAN,STREET,3,9.0
76955,6,1,99,5,1,100.0,0,N,RURAL_VICTORIA,ROAD,3,15.0
76956,1,1,110,1,1,60.0,0,I,LARGE_PROVINCIAL_CITIES,STREET,3,15.0
76957,4,1,181,5,1,50.0,0,N,MELB_URBAN,AVENUE,3,16.0
76958,1,2,120,5,1,50.0,0,N,MELB_URBAN,STREET,3,16.0
76959,2,1,99,5,1,50.0,0,N,MELB_URBAN,STREET,3,15.0
76960,1,2,130,5,1,80.0,0,N,MELB_URBAN,HIGHWAY,3,17.0
76961,1,2,130,5,1,60.0,0,N,MELB_URBAN,STREET,3,16.0
76962,8,6,99,5,1,60.0,0,N,MELB_URBAN,ROAD,3,10.0
76963,3,2,167,1,1,60.0,0,I,LARGE_PROVINCIAL_CITIES,HIGHWAY,3,18.0
76964,2,2,99,5,1,60.0,0,N,LARGE_PROVINCIAL_CITIES,STREET,3,14.0
76965,6,2,174,5,1,100.0,0,N,RURAL_VICTORIA,HIGHWAY,3,13.0
76966,1,2,147,2,1,70.0,0,N,MELB_URBAN,ROAD,3,17.0
76967,1,1,130,2,1,70.0,0,I,MELB_URBAN,FREEWAY,3,18.0
76968,1,2,110,1,1,50.0,0,I,MELB_URBAN,STREET,3,16.0
76969,1,1,110,1,1,60.0,0,I,TOWNS,STREET,3,17.0
76970,1,2,130,5,1,80.0,0,N,MELB_URBAN,HIGHWAY,3,17.0
76971,1,2,130,2,1,50.0,0,N,MELB_URBAN,AVENUE,3,15.0
76972,1,2,99,2,1,100.0,0,I,RURAL_VICTORIA,ROAD,3,18.0
76973,1,6,130,5,1,100.0,0,N,RURAL_VICTORIA,FREEWAY,3,12.0
76974,4,2,183,5,3,60.0,0,N,MELB_URBAN,ROAD,3,22.0
76975,8,2,174,5,1,60.0,0,N,MELB_URBAN,STREET,3,16.0
76976,4,3,171,5,3,60.0,0,N,MELB_URBAN,DRIVE,3,1.0
76977,2,3,100,1,3,60.0,0,I,MELB_URBAN,ROAD,3,0.0
76978,1,2,110,1,1,60.0,0,I,MELB_URBAN,ROAD,3,12.0
76979,1,5,99,5,9,60.0,0,N,MELB_URBAN,PARADE,3,17.0
76980,4,2,171,5,5,50.0,0,N,MELB_URBAN,DRIVE,3,21.0
76981,1,5,160,5,1,50.0,0,N,MELB_URBAN,OTHER,3,18.0
76982,1,0,110,1,1,60.0,0,I,LARGE_PROVINCIAL_CITIES,STREET,3,13.0
76983,4,2,173,5,2,100.0,0,N,RURAL_VICTORIA,ROAD,3,17.0
76984,1,3,130,5,1,60.0,0,N,MELB_URBAN,ROAD,3,8.0
76985,1,1,116,1,1,80.0,0,I,LARGE_PROVINCIAL_CITIES,ROAD,10,9.0
76986,1,7,147,5,1,60.0,0,N,MELB_URBAN,ROAD,3,13.0
76987,1,3,130,5,2,40.0,0,N,RURAL_VICTORIA,ROAD,3,6.0
76988,2,4,102,1,1,60.0,0,I,LARGE_PROVINCIAL_CITIES,HIGHWAY,3,16.0
76989,8,2,170,5,1,100.0,0,N,RURAL_VICTORIA,ROAD,3,13.0
76990,1,2,130,5,1,60.0,0,N,MELB_URBAN,ROAD,3,9.0
76991,3,4,167,5,5,80.0,0,N,RURAL_VICTORIA,ROAD,3,0.0
76992,1,3,147,5,1,50.0,0,N,RURAL_VICTORIA,ROAD,3,10.0
76993,2,3,102,2,1,40.0,0,I,MELB_URBAN,ROAD,3,9.0
76994,1,3,110,1,1,60.0,0,I,MELB_URBAN,STREET,3,10.0
76995,6,7,99,5,1,60.0,0,N,TOWNS,ROAD,2,15.0
76996,1,6,130,2,2,60.0,0,I,MELB_URBAN,ROAD,3,5.0
76997,1,2,110,1,1,60.0,0,I,LARGE_PROVINCIAL_CITIES,STREET,3,13.0
76998,1,2,99,3,1,40.0,0,N,MELB_URBAN,STREET,3,7.0
76999,1,1,121,4,1,60.0,0,I,MELB_URBAN,RAMP,3,18.0
77000,6,3,184,5,1,80.0,0,N,RURAL_VICTORIA,ROAD,3,9.0
77001,8,1,99,5,1,80.0,0,N,RURAL_VICTORIA,ROAD,3,16.0
77002,1,2,130,5,2,100.0,0,N,RURAL_VICTORIA,OTHER,3,5.0
77003,8,2,174,5,1,70.0,0,N,LARGE_PROVINCIAL_CITIES,ROAD,3,11.0
77004,1,2,130,5,1,100.0,0,N,MELB_URBAN,ROAD,3,7.0
77005,1,2,130,5,1,80.0,0,N,MELB_URBAN,ROAD,3,7.0
77006,1,3,121,2,1,100.0,0,I,RURAL_VICTORIA,ROAD,3,11.0
77007,1,3,99,1,1,50.0,0,I,MELB_URBAN,STREET,3,12.0
77008,1,3,130,5,1,60.0,0,N,MELB_URBAN,ROAD,12,15.0
77009,1,3,130,5,1,100.0,0,N,MELB_URBAN,HIGHWAY,3,8.0
77010,1,2,130,5,1,60.0,0,N,MELB_URBAN,ROAD,3,8.0
77011,6,1,184,5,1,100.0,0,N,RURAL_VICTORIA,ROAD,1,12.0
77012,1,3,134,5,1,80.0,0,N,MELB_URBAN,ROAD,3,14.0
77013,1,6,147,5,1,50.0,0,N,MELB_URBAN,ROAD,3,11.0