,accident_type,day_of_week,dca_code,road_geometry,light_condition,speed_zone,severity,node_type,deg_urban_name,road_type,month,hour
77014,1,3,121,2,1,70.0,0,I,MELB_URBAN,ROAD,3,16.0
77015,1,3,121,2,1,50.0,0,I,MELB_URBAN,DRIVE,3,16.0
77016,8,3,99,5,1,100.0,0,N,RURAL_VICTORIA,ROAD,1,18.0
77017,4,2,181,5,1,100.0,0,N,RURAL_VICTORIA,HIGHWAY,3,12.0
77018,1,3,121,2,1,80.0,0,I,MELB_URBAN,HIGHWAY,3,17.0
77019,4,3,173,5,1,100.0,0,N,RURAL_VICTORIA,HIGHWAY,3,15.0
77020,1,2,130,5,1,60.0,0,N,MELB_URBAN,RAMP,3,17.0
77021,1,3,121,2,1,70.0,0,I,MELB_URBAN,ROAD,3,16.0
77022,4,2,171,5,1,80.0,0,N,MELB_URBAN,UNKNOWN,3,19.0
77023,1,2,120,5,1,60.0,0,N,MELB_URBAN,ROAD,3,17.0
77024,1,5,130,1,1,80.0,0,N,MELB_URBAN,ROAD,2,10.0
77025,4,3,181,5,1,100.0,1,N,RURAL_VICTORIA,ROAD,3,14.0
77026,2,3,99,5,1,40.0,0,N,SMALL_CITIES,STREET,2,11.0
77027,1,3,99,2,1,50.0,0,I,MELB_URBAN,STREET,3,15.0
77028,1,6,130,4,1,60.0,0,I,MELB_URBAN,ROAD,3,12.0
77029,1,3,110,1,1,50.0,0,I,MELB_URBAN,ROAD,3,17.0
77030,1,2,110,1,3,60.0,0,I,LARGE_PROVINCIAL_CITIES,STREET,3,21.0
77031,5,3,99,5,3,60.0,0,N,MELB_URBAN,ROAD,3,22.0
77032,1,3,116,2,1,50.0,0,I,MELB_URBAN,ROAD,3,16.0
77033,1,3,121,5,1,50.0,0,N,LARGE_PROVINCIAL_CITIES,STREET,3,16.0
77034,4,3,173,2,3,60.0,0,I,MELB_URBAN,STREET,3,4.0
77035,4,4,181,5,5,100.0,0,N,RURAL_VICTORIA,ROAD,3,4.0
77036,2,2,100,5,1,50.0,0,N,MELB_URBAN,DRIVE,3,8.0
77037,1,4,113,2,1,70.0,0,I,MELB_URBAN,ROAD,3,7.0
77038,1,6,99,5,3,50.0,0,N,MELB_URBAN,BOULEVARD,3,0.0
77039,1,3,111,1,1,50.0,0,I,MELB_URBAN,PARADE,3,14.0
77040,1,4,110,1,1,60.0,0,I,SMALL_CITIES,AVENUE,3,8.0
77041,1,4,113,2,1,100.0,0,I,RURAL_VICTORIA,HIGHWAY,3,7.0
77042,1,4,121,1,1,60.0,0,I,SMALL_CITIES,ROAD,3,8.0
77043,1,4,99,5,1,40.0,0,N,MELB_URBAN,ROAD,3,8.0
77044,8,7,99,5,1,80.0,0,N,RURAL_VICTORIA,ROAD,2,16.0
77045,1,4,99,2,1,40.0,0,I,LARGE_PROVINCIAL_CITIES,STREET,3,8.0
77046,6,0,184,2,1,60.0,0,I,RURAL_VICTORIA,ROAD,3,14.0
77047,1,4,110,1,1,50.0,0,I,LARGE_PROVINCIAL_CITIES,AVENUE,3,8.0
77048,1,3,130,9,1,80.0,0,I,MELB_URBAN,HIGHWAY,3,9.0
77049,1,4,120,5,1,100.0,0,N,RURAL_VICTORIA,ROAD,3,7.0
77050,1,4,163,5,1,40.0,0,N,MELBOURNE_CBD,STREET,3,14.0
77051,1,3,135,5,1,70.0,0,N,MELB_URBAN,HIGHWAY,3,9.0
77052,2,4,102,5,1,50.0,0,N,MELB_URBAN,STREET,3,9.0
77053,2,4,99,2,1,50.0,0,N,MELB_URBAN,AVENUE,3,11.0
77054,4,4,173,5,1,70.0,0,N,MELB_URBAN,HIGHWAY,3,9.0
77055,2,3,100,2,1,60.0,0,I,MELB_URBAN,ROAD,3,10.0
77056,2,4,100,5,1,60.0,0,N,MELB_URBAN,ROAD,3,11.0
77057,1,4,116,2,1,50.0,0,I,MELB_URBAN,STREET,3,12.0
77058,1,4,110,4,1,60.0,0,N,MELB_URBAN,ROAD,3,10.0
77059,1,1,121,1,3,50.0,0,I,MELB_URBAN,STREET,2,23.0
77060,1,4,110,1,1,80.0,0,I,MELB_URBAN,ROAD,3,11.0
77061,5,2,99,5,2,60.0,0,N,RURAL_VICTORIA,ROAD,3,19.0
77062,1,4,132,2,1,60.0,0,I,MELB_URBAN,ROAD,3,11.0
77063,8,2,174,5,1,60.0,0,N,MELB_URBAN,ROAD,3,11.0
77064,1,3,163,5,1,50.0,0,N,MELB_URBAN,STREET,3,16.0
77065,1,3,130,5,1,100.0,0,N,MELB_URBAN,FREEWAY,3,16.0
77066,2,4,99,5,1,40.0,0,N,MELB_URBAN,STREET,3,15.0
77067,4,3,181,5,1,80.0,0,N,RURAL_VICTORIA,ROAD,3,16.0
77068,4,4,171,5,1,50.0,0,N,MELB_URBAN,STREET,3,12.0
77069,1,3,133,5,1,50.0,0,N,MELB_URBAN,STREET,3,16.0
77070,4,4,183,5,1,50.0,0,N,MELB_URBAN,ROAD,3,12.0
77071,2,4,100,1,1,60.0,0,I,MELB_URBAN,HIGHWAY,3,17.0
77072,8,3,174,2,1,60.0,0,I,MELB_URBAN,ROAD,1,11.0
77073,1,4,147,5,3,60.0,0,N,SMALL_CITIES,STREET,3,20.0
77074,1,3,140,5,2,60.0,0,N,MELB_URBAN,STREET,3,18.0
77075,2,4,102,2,1,50.0,0,I,MELB_URBAN,ROAD,3,16.0
77076,1,4,121,5,3,70.0,0,N,MELB_URBAN,HIGHWAY,3,23.0
77077,1,5,113,1,2,80.0,0,I,TOWNS,ROAD,3,6.0
77078,1,5,110,1,1,50.0,0,I,MELB_URBAN,STREET,3,7.0
77079,2,5,100,2,1,50.0,0,I,MELB_URBAN,STREET,3,8.0
77080,4,5,171,2,3,60.0,0,I,MELB_URBAN,ROAD,3,6.0
77081,1,6,130,5,1,80.0,0,N,MELB_URBAN,FREEWAY,1,14.0
77082,1,5,110,1,1,60.0,0,I,SMALL_CITIES,STREET,3,7.0
77083,1,6,130,5,1,100.0,0,N,RURAL_VICTORIA,HIGHWAY,3,11.0
77084,1,6,130,2,3,60.0,0,I,MELB_URBAN,HIGHWAY,3,6.0
77085,1,5,99,2,1,60.0,0,I,MELB_URBAN,ROAD,3,8.0
77086,4,5,171,1,1,50.0,0,I,MELB_URBAN,STREET,3,10.0
77087,1,5,121,2,1,60.0,0,I,MELB_URBAN,ROAD,3,8.0
77088,1,5,130,1,1,70.0,0,I,MELB_URBAN,ROAD,3,12.0
77089,1,4,121,2,1,80.0,0,I,MELB_URBAN,OTHER,3,12.0
77090,1,5,130,5,1,60.0,0,N,MELB_URBAN,ROAD,3,10.0
77091,1,4,110,1,1,40.0,0,I,SMALL_CITIES,STREET,3,12.0
77092,1,4,163,5,1,60.0,0,N,MELB_URBAN,STREET,3,18.0
77093,8,3,184,5,1,60.0,0,N,RURAL_VICTORIA,OTHER,1,12.0
77094,6,4,174,5,3,80.0,0,N,MELB_URBAN,HIGHWAY,11,0.0
77095,1,2,133,5,3,60.0,0,N,MELB_URBAN,HIGHWAY,3,5.0
77096,1,5,110,1,1,100.0,0,I,RURAL_VICTORIA,ROAD,3,12.0
77097,1,4,110,1,9,60.0,0,I,MELB_URBAN,STREET,3,17.0
77098,1,5,134,5,1,100.0,0,N,MELB_URBAN,OTHER,3,13.0
77099,2,5,100,1,9,50.0,0,I,MELB_URBAN,OTHER,3,7.0
77100,1,5,120,5,1,80.0,0,N,RURAL_VICTORIA,ROAD,2,15.0
77101,1,3,163,5,2,60.0,0,N,MELB_URBAN,ROAD,3,8.0
77102,1,7,99,5,1,60.0,0,N,MELB_URBAN,HIGHWAY,3,17.0
77103,6,0,174,1,1,80.0,0,I,MELB_URBAN,HIGHWAY,3,8.0
77104,8,5,184,5,1,100.0,0,N,RURAL_VICTORIA,ROAD,3,12.0
77105,1,3,163,5,1,60.0,0,N,MELB_URBAN,ROAD,3,15.0
77106,4,5,173,5,1,100.0,1,N,RURAL_VICTORIA,ROAD,3,11.0
77107,1,5,110,1,1,80.0,0,I,MELB_URBAN,ROAD,3,15.0
77108,4,5,183,5,1,100.0,0,N,RURAL_VICTORIA,ROAD,3,15.0
77109,1,3,130,5,1,100.0,0,N,MELB_URBAN,UNKNOWN,3,11.0
77110,1,5,130,5,1,50.0,0,N,SMALL_CITIES,STREET,3,17.0
77111,1,4,113,2,2,60.0,0,I,MELB_URBAN,ROAD,3,19.0
77112,6,5,99,5,2,100.0,0,N,RURAL_VICTORIA,ROAD,3,18.0
77113,1,5,120,5,5,100.0,1,N,RURAL_VICTORIA,HIGHWAY,3,6.0
77114,6,2,174,5,9,60.0,0,N,MELB_URBAN,OTHER,3,16.0
77115,1,5,121,5,1,60.0,0,N,MELB_URBAN,ROAD,3,16.0
77116,1,5,140,5,1,60.0,0,N,MELB_URBAN,OTHER,3,10.0
77117,4,5,181,5,5,70.0,0,N,MELB_URBAN,ROAD,3,22.0
77118,1,6,99,5,3,60.0,0,N,MELB_URBAN,ROAD,3,4.0
77119,5,6,99,5,5,100.0,0,N,RURAL_VICTORIA,ROAD,3,6.0
77120,1,5,135,5,1,60.0,0,N,MELB_URBAN,ROAD,3,8.0
77121,1,6,132,2,1,50.0,0,N,LARGE_PROVINCIAL_CITIES,STREET,3,8.0
77122,1,1,130,5,1,60.0,0,N,RURAL_VICTORIA,ROAD,3,14.0
77123,1,2,130,1,1,60.0,0,I,LARGE_PROVINCIAL_CITIES,ROAD,3,8.0
77124,4,2,171,5,1,100.0,0,N,RURAL_VICTORIA,ROAD,3,13.0
77125,1,6,113,2,1,60.0,0,I,MELB_URBAN,STREET,3,8.0
77126,4,6,183,5,1,100.0,0,N,RURAL_VICTORIA,ROAD,3,10.0
77127,1,5,99,2,6,60.0,0,N,MELB_URBAN,STREET,3,21.0
77128,7,2,99,1,1,80.0,0,I,MELB_URBAN,ROAD,3,14.0
77129,1,0,116,1,1,60.0,0,I,LARGE_PROVINCIAL_CITIES,STREET,2,18.0
77130,1,6,160,5,1,50.0,0,N,MELB_URBAN,ROAD,3,12.0
77131,1,6,140,5,1,60.0,0,N,MELB_URBAN,ROAD,3,13.0
77132,8,3,99,5,1,100.0,0,N,RURAL_VICTORIA,ROAD,3,11.0
77133,4,6,183,5,1,60.0,0,N,SMALL_CITIES,OTHER,3,13.0
77134,8,6,99,5,2,100.0,0,N,RURAL_VICTORIA,ROAD,10,18.0
77135,1,5,113,2,6,70.0,0,N,MELB_URBAN,DRIVE,3,5.0
77136,2,6,99,5,1,60.0,0,N,LARGE_PROVINCIAL_CITIES,STREET,3,14.0
77137,2,6,100,2,1,50.0,0,I,SMALL_CITIES,STREET,3,14.0
77138,8,6,170,5,3,60.0,0,N,MELB_URBAN,STREET,3,22.0
77139,6,2,184,5,1,60.0,0,N,MELB_URBAN,ROAD,3,15.0
77140,1,5,130,1,1,60.0,0,I,MELB_URBAN,ROAD,3,15.0
77141,1,6,120,1,1,50.0,0,I,MELB_URBAN,ROAD,3,13.0
77142,1,6,130,2,1,80.0,0,N,MELB_URBAN,HIGHWAY,3,16.0
77143,5,6,99,5,1,70.0,0,N,RURAL_VICTORIA,FREEWAY,3,16.0
77144,2,6,100,1,1,60.0,0,I,MELB_URBAN,HIGHWAY,3,12.0
77145,2,6,100,2,1,50.0,0,I,SMALL_CITIES,STREET,3,15.0
77146,1,4,130,1,1,60.0,0,I,MELB_URBAN,ROAD,3,10.0
77147,2,7,102,1,1,60.0,0,I,SMALL_CITIES,ROAD,3,10.0
77148,1,6,121,1,1,40.0,0,I,MELBOURNE_CBD,STREET,3,18.0
77149,2,6,100,5,1,50.0,0,N,MELB_URBAN,STREET,3,18.0
77150,1,7,110,1,1,50.0,0,I,MELB_URBAN,STREET,3,13.0
77151,1,6,121,2,1,50.0,0,I,MELB_URBAN,AVENUE,3,16.0
77152,1,6,130,1,3,60.0,0,N,MELB_URBAN,ROAD,3,0.0
77153,1,5,121,2,3,80.0,0,I,MELB_URBAN,DRIVE,3,20.0
77154,1,6,110,1,1,40.0,0,I,MELB_URBAN,ROAD,3,15.0
77155,1,6,121,1,3,70.0,0,I,MELB_URBAN,HIGHWAY,3,20.0
77156,1,6,110,1,1,40.0,0,I,MELB_URBAN,STREET,3,17.0
77157,1,6,110,4,3,50.0,0,I,MELB_URBAN,STREET,3,20.0
77158,4,6,181,5,1,50.0,0,N,MELB_URBAN,DRIVE,3,17.0
77159,1,6,160,5,3,60.0,0,N,MELB_URBAN,ROAD,3,4.0
77160,1,7,121,2,3,60.0,0,I,MELB_URBAN,ROAD,4,0.0
77161,1,6,121,1,3,60.0,0,I,MELB_URBAN,ROAD,3,22.0
77162,1,7,110,1,3,50.0,0,I,LARGE_PROVINCIAL_CITIES,STREET,4,4.0
77163,1,6,130,5,1,70.0,0,N,MELB_URBAN,ROAD,3,16.0
77164,1,5,130,1,1,70.0,0,I,MELB_URBAN,STREET,3,14.0
77165,1,7,130,5,3,70.0,0,N,MELB_URBAN,HIGHWAY,4,4.0
77166,1,7,113,1,1,60.0,0,I,MELB_URBAN,HIGHWAY,4,8.0
77167,1,7,110,1,1,50.0,0,I,MELB_URBAN,ROAD,4,9.0
77168,1,6,99,5,1,50.0,0,N,LARGE_PROVINCIAL_CITIES,ROAD,4,8.0
77169,4,7,173,5,1,100.0,0,N,RURAL_VICTORIA,HIGHWAY,4,7.0
77170,1,4,121,2,1,60.0,0,I,MELB_URBAN,ROAD,3,16.0
77171,1,6,121,2,1,80.0,0,I,MELB_URBAN,HIGHWAY,4,11.0
77172,1,7,130,2,1,60.0,0,I,MELB_URBAN,ROAD,4,12.0
77173,2,7,100,2,1,40.0,0,I,MELB_URBAN,STREET,4,12.0
77174,4,2,171,5,1,100.0,0,N,MELB_URBAN,FREEWAY,1,16.0
77175,1,3,111,1,3,40.0,0,I,LARGE_PROVINCIAL_CITIES,STREET,3,6.0
77176,1,2,121,2,1,60.0,0,I,MELB_URBAN,PARADE,3,10.0
77177,2,7,99,2,1,50.0,0,I,MELB_URBAN,STREET,3,12.0
77178,1,7,99,2,1,40.0,0,I,MELB_URBAN,STREET,4,13.0
77179,1,5,99,2,1,60.0,0,I,MELB_URBAN,ROAD,3,8.0
77180,1,6,130,5,1,80.0,0,N,MELB_URBAN,OTHER,3,8.0
77181,3,2,167,5,5,110.0,0,N,RURAL_VICTORIA,FREEWAY,3,2.0
77182,8,1,99,5,5,60.0,0,I,RURAL_VICTORIA,ROAD,2,19.0
77183,8,7,99,5,1,100.0,0,N,RURAL_VICTORIA,OTHER,4,11.0
77184,4,4,181,5,1,50.0,0,N,MELB_URBAN,AVENUE,3,16.0
77185,4,7,183,5,1,50.0,0,N,LARGE_PROVINCIAL_CITIES,OTHER,4,15.0
77186,8,6,174,5,9,60.0,0,N,MELBOURNE_CBD,STREET,3,17.0
77187,1,7,121,2,1,80.0,0,I,MELB_URBAN,ROAD,4,14.0
77188,4,7,181,2,1,100.0,0,I,RURAL_VICTORIA,ROAD,4,12.0
77189,1,7,113,2,1,60.0,0,I,LARGE_PROVINCIAL_CITIES,AVENUE,4,15.0
77190,1,7,132,2,1,80.0,0,I,RURAL_VICTORIA,HIGHWAY,4,12.0
77191,1,6,99,2,1,50.0,0,I,SMALL_CITIES,STREET,4,15.0
77192,1,6,140,5,1,60.0,0,N,MELB_URBAN,STREET,4,16.0
77193,1,7,121,1,1,60.0,0,I,MELB_URBAN,ROAD,4,17.0
77194,6,7,99,5,2,80.0,0,N,RURAL_VICTORIA,ROAD,4,19.0
77195,1,7,121,1,3,70.0,0,I,MELB_URBAN,HIGHWAY,4,20.0
77196,8,6,174,5,9,70.0,0,N,MELB_URBAN,HIGHWAY,3,17.0
77197,1,7,121,2,1,60.0,0,I,LARGE_PROVINCIAL_CITIES,ROAD,4,15.0
77198,2,7,102,2,3,80.0,0,N,MELB_URBAN,HIGHWAY,4,20.0
77199,2,6,100,5,3,40.0,0,N,MELB_URBAN,STREET,4,2.0
77200,1,1,110,1,3,40.0,0,I,MELB_URBAN,ROAD,4,2.0
77201,4,1,171,5,5,110.0,0,N,RURAL_VICTORIA,FREEWAY,4,2.0
77202,1,0,110,1,3,80.0,0,I,RURAL_VICTORIA,HIGHWAY,4,2.0
77203,2,5,102,2,1,40.0,0,I,MELB_URBAN,STREET,2,18.0
77204,4,1,181,2,3,70.0,0,I,MELB_URBAN,DRIVE,4,2.0
77205,3,6,167,5,5,110.0,0,N,RURAL_VICTORIA,OTHER,3,23.0
77206,1,1,99,5,1,80.0,0,N,RURAL_VICTORIA,ROAD,4,7.0
77207,8,2,174,1,1,80.0,0,I,LARGE_PROVINCIAL_CITIES,HIGHWAY,3,12.0
77208,1,3,110,1,1,50.0,0,I,MELB_URBAN,ROAD,3,17.0
77209,4,7,171,5,1,60.0,0,N,MELB_URBAN,ROAD,4,17.0
77210,1,1,130,1,1,60.0,0,I,MELB_URBAN,STREET,4,10.0
77211,4,1,181,5,1,100.0,0,N,RURAL_VICTORIA,ROAD,4,10.0
77212,1,1,120,5,1,60.0,0,N,LARGE_PROVINCIAL_CITIES,HIGHWAY,4,10.0
77213,1,1,121,4,1,100.0,0,I,RURAL_VICTORIA,ROAD,4,7.0
77214,4,1,171,5,1,100.0,0,N,RURAL_VICTORIA,OTHER,12,11.0
77215,1,1,99,5,1,100.0,0,N,RURAL_VICTORIA,ROAD,4,10.0
77216,1,1,134,5,1,60.0,0,N,MELB_URBAN,HIGHWAY,4,9.0
77217,4,7,181,5,1,100.0,0,N,RURAL_VICTORIA,ROAD,4,18.0
77218,1,1,130,1,1,80.0,0,I,RURAL_VICTORIA,ROAD,4,14.0
77219,1,1,130,5,1,80.0,0,N,MELB_URBAN,UNKNOWN,4,13.0
77220,1,1,121,2,1,70.0,0,I,MELB_URBAN,ROAD,4,14.0
77221,2,5,99,2,1,60.0,0,I,MELB_URBAN,ROAD,3,10.0
77222,1,0,121,2,1,50.0,0,I,MELB_URBAN,DRIVE,4,15.0
77223,2,1,99,5,1,60.0,0,N,RURAL_VICTORIA,ROAD,4,17.0
77224,1,6,133,5,3,40.0,0,N,MELBOURNE_CBD,STREET,3,22.0
77225,4,2,171,5,1,100.0,1,N,RURAL_VICTORIA,ROAD,2,7.0
77226,8,1,99,5,1,100.0,0,N,RURAL_VICTORIA,ROAD,4,16.0
77227,2,1,102,1,3,60.0,0,I,MELB_URBAN,HIGHWAY,4,19.0
77228,1,5,134,5,1,40.0,0,N,MELB_URBAN,ROAD,3,18.0
77229,8,1,174,5,1,100.0,0,N,RURAL_VICTORIA,HIGHWAY,4,16.0
77230,1,1,130,2,1,60.0,0,I,MELB_URBAN,ROAD,4,14.0
77231,1,6,130,1,1,60.0,0,I,RURAL_VICTORIA,ROAD,3,16.0
77232,4,2,171,5,3,80.0,0,N,MELB_URBAN,ROAD,4,1.0
77233,4,2,173,5,5,80.0,0,N,RURAL_VICTORIA,ROAD,4,2.0
77234,1,2,113,2,3,60.0,0,I,RURAL_VICTORIA,HIGHWAY,4,5.0
77235,1,1,110,1,2,70.0,0,N,MELB_URBAN,DRIVE,4,5.0
77236,6,2,99,5,1,100.0,0,N,RURAL_VICTORIA,ROAD,3,12.0
77237,1,2,147,5,1,40.0,0,N,MELB_URBAN,STREET,4,7.0
77238,1,2,130,5,1,100.0,0,N,MELB_URBAN,ROAD,4,6.0
77239,1,1,130,1,1,60.0,0,I,MELB_URBAN,HIGHWAY,4,13.0
77240,1,2,113,2,1,60.0,0,I,MELB_URBAN,ROAD,4,9.0
77241,1,5,130,1,1,50.0,0,I,MELB_URBAN,STREET,3,10.0
77242,1,2,163,5,1,60.0,0,N,MELB_URBAN,STREET,4,8.0
77243,4,2,173,5,1,100.0,0,N,MELB_URBAN,ROAD,4,8.0
77244,6,6,99,5,1,70.0,0,N,MELB_URBAN,ROAD,4,7.0
77245,1,2,110,1,1,60.0,0,I,MELB_URBAN,ROAD,4,9.0
77246,1,1,130,1,1,60.0,0,I,MELB_URBAN,HIGHWAY,3,15.0
77247,8,1,174,1,1,60.0,0,I,MELB_URBAN,ROAD,3,18.0
77248,1,2,99,1,1,40.0,0,I,MELBOURNE_CBD,STREET,4,12.0
77249,1,2,113,2,1,80.0,0,I,LARGE_PROVINCIAL_CITIES,ROAD,4,12.0
77250,1,1,171,5,1,110.0,0,N,RURAL_VICTORIA,FREEWAY,4,12.0
77251,4,6,171,5,1,50.0,0,N,MELB_URBAN,ROAD,3,9.0
77252,2,2,99,5,1,60.0,0,N,LARGE_PROVINCIAL_CITIES,AVENUE,4,13.0
77253,1,6,132,5,3,80.0,0,N,RURAL_VICTORIA,OTHER,4,18.0
77254,1,7,130,5,1,80.0,0,N,MELB_URBAN,UNKNOWN,4,14.0
77255,4,2,181,5,1,100.0,0,N,RURAL_VICTORIA,HIGHWAY,4,10.0
77256,1,1,130,5,1,80.0,0,N,MELB_URBAN,UNKNOWN,4,14.0
77257,5,0,99,5,1,100.0,0,N,RURAL_VICTORIA,ROAD,4,17.0
77258,1,2,135,5,1,60.0,0,N,MELB_URBAN,HIGHWAY,4,15.0
77259,1,2,110,1,1,50.0,0,I,MELB_URBAN,STREET,4,17.0
77260,4,3,173,5,5,60.0,0,N,RURAL_VICTORIA,ROAD,3,3.0
77261,1,2,121,1,2,50.0,0,I,MELB_URBAN,DRIVE,4,17.0
77262,1,2,99,5,2,60.0,0,N,MELB_URBAN,ROAD,4,17.0
77263,1,2,121,2,1,50.0,0,I,MELB_URBAN,ROAD,4,17.0
77264,1,2,110,1,1,50.0,0,I,MELB_URBAN,AVENUE,4,16.0
77265,1,1,130,1,1,80.0,0,I,MELB_URBAN,ROAD,4,12.0
77266,1,2,121,2,1,60.0,0,I,MELB_URBAN,ROAD,4,16.0
77267,4,2,171,5,1,70.0,0,N,LARGE_PROVINCIAL_CITIES,ROAD,4,18.0
77268,1,2,130,5,1,60.0,0,I,MELB_URBAN,ROAD,4,15.0
77269,1,1,133,4,1,60.0,0,I,TOWNS,ROAD,4,14.0
77270,2,2,102,1,3,60.0,0,I,MELB_URBAN,STREET,4,19.0
77271,4,2,171,5,5,80.0,0,N,MELB_URBAN,ROAD,4,18.0
77272,4,2,173,2,1,60.0,0,I,MELB_URBAN,HIGHWAY,4,17.0
77273,1,2,130,5,4,60.0,0,N,MELB_URBAN,ROAD,4,19.0
77274,1,1,130,1,3,70.0,0,N,RURAL_VICTORIA,ROAD,4,23.0
77275,4,2,183,5,5,110.0,1,N,RURAL_VICTORIA,HIGHWAY,4,23.0
77276,1,2,130,2,1,80.0,0,I,MELB_URBAN,ROAD,4,8.0
77277,1,2,130,5,1,100.0,0,N,SMALL_TOWNS,OTHER,4,8.0
77278,4,7,171,5,2,80.0,0,N,MELB_URBAN,ROAD,3,19.0
77279,1,3,130,5,1,70.0,0,N,MELB_URBAN,HIGHWAY,4,7.0
77280,1,3,116,2,1,70.0,0,I,MELB_URBAN,ROAD,4,7.0
77281,4,3,183,5,1,60.0,0,N,MELB_URBAN,UNKNOWN,4,7.0
77282,1,3,99,1,1,60.0,0,I,LARGE_PROVINCIAL_CITIES,STREET,4,8.0
77283,4,2,183,5,1,100.0,0,N,RURAL_VICTORIA,HIGHWAY,4,15.0
77284,1,3,134,5,2,60.0,0,N,MELB_URBAN,ROAD,4,6.0
77285,4,3,171,5,1,80.0,0,N,MELB_URBAN,HIGHWAY,4,8.0
77286,1,2,133,1,1,60.0,0,I,MELB_URBAN,HIGHWAY,4,7.0
77287,1,3,130,5,2,70.0,0,N,MELB_URBAN,ROAD,3,18.0
77288,4,2,171,5,1,60.0,0,N,MELB_URBAN,ROAD,4,9.0
77289,8,3,174,5,1,80.0,1,N,RURAL_VICTORIA,ROAD,4,8.0
77290,6,3,99,2,1,80.0,0,I,RURAL_VICTORIA,ROAD,4,7.0
77291,1,3,130,5,1,100.0,0,N,MELB_URBAN,OTHER,4,7.0
77292,1,3,130,5,1,100.0,0,N,RURAL_VICTORIA,ROAD,4,12.0
77293,1,3,113,4,1,60.0,0,I,SMALL_CITIES,RAMP,4,11.0
77294,5,7,99,5,9,60.0,0,N,RURAL_VICTORIA,ROAD,4,15.0
77295,1,3,121,2,1,40.0,0,I,MELB_URBAN,STREET,4,12.0
77296,1,4,130,5,9,60.0,0,N,MELB_URBAN,HIGHWAY,1,15.0
77297,4,2,171,5,1,50.0,0,N,SMALL_CITIES,OTHER,4,13.0
77298,1,1,147,5,1,50.0,0,N,MELB_URBAN,STREET,3,10.0
77299,1,3,135,5,1,40.0,0,N,MELB_URBAN,HIGHWAY,4,14.0
77300,1,3,130,1,1,40.0,0,I,MELB_URBAN,STREET,4,15.0
77301,1,2,147,5,3,60.0,0,N,MELB_URBAN,ROAD,4,18.0
77302,1,3,121,5,2,50.0,0,N,TOWNS,ROAD,4,16.0
77303,1,2,111,2,1,100.0,0,I,RURAL_VICTORIA,HIGHWAY,3,11.0
77304,1,3,99,5,1,50.0,0,N,MELB_URBAN,OTHER,4,18.0
77305,1,3,99,5,1,80.0,0,N,RURAL_VICTORIA,ROAD,4,15.0
77306,2,3,99,2,3,40.0,0,I,MELB_URBAN,OTHER,4,19.0
77307,1,3,160,5,3,70.0,0,N,MELB_URBAN,HIGHWAY,4,18.0
77308,6,2,99,2,1,80.0,0,N,SMALL_TOWNS,RAMP,4,16.0
77309,1,3,99,5,3,50.0,0,N,MELB_URBAN,STREET,4,5.0
77310,1,6,135,5,1,60.0,0,N,MELB_URBAN,ROAD,3,16.0
77311,1,3,120,5,3,60.0,0,N,MELB_URBAN,ROAD,4,22.0
77312,1,2,116,2,3,70.0,0,I,MELB_URBAN,ROAD,4,5.0
77313,1,5,110,1,3,50.0,0,I,MELB_URBAN,STREET,2,0.0
77314,1,2,140,1,1,40.0,0,I,MELBOURNE_CBD,STREET,4,11.0
77315,4,3,183,2,1,60.0,0,I,MELB_URBAN,ROAD,4,14.0
77316,1,4,110,1,1,60.0,0,I,MELB_URBAN,STREET,4,8.0
77317,6,3,184,5,5,50.0,0,N,MELB_URBAN,BOULEVARD,4,20.0
77318,1,5,121,2,1,60.0,0,I,MELB_URBAN,ROAD,2,19.0
77319,4,4,173,5,1,100.0,0,N,RURAL_VICTORIA,ROAD,4,8.0
77320,1,4,110,1,1,40.0,0,I,MELB_URBAN,STREET,4,8.0
77321,8,2,184,5,1,100.0,0,N,RURAL_VICTORIA,ROAD,4,10.0
77322,6,7,174,5,1,100.0,0,N,RURAL_VICTORIA,OTHER,4,13.0
77323,1,2,99,2,1,100.0,0,I,RURAL_VICTORIA,ROAD,4,11.0
77324,1,3,133,5,1,50.0,0,I,MELB_URBAN,STREET,4,10.0
77325,1,3,130,5,1,60.0,0,N,RURAL_VICTORIA,OTHER,4,14.0
77326,4,4,99,5,1,60.0,0,N,SMALL_TOWNS,ROAD,4,10.0
77327,1,4,99,2,1,40.0,0,I,MELB_URBAN,ROAD,4,8.0
77328,1,4,110,1,1,100.0,0,I,RURAL_VICTORIA,HIGHWAY,4,10.0
77329,1,1,130,1,1,60.0,0,I,MELB_URBAN,ROAD,11,12.0
77330,8,4,174,5,1,50.0,0,N,LARGE_PROVINCIAL_CITIES,STREET,4,8.0
77331,1,5,113,2,1,60.0,0,I,LARGE_PROVINCIAL_CITIES,ROAD,3,16.0
77332,1,6,121,5,1,60.0,0,N,LARGE_PROVINCIAL_CITIES,STREET,4,13.0
77333,1,4,99,2,1,50.0,0,I,MELB_URBAN,AVENUE,4,7.0
77334,1,4,113,2,1,50.0,0,I,LARGE_PROVINCIAL_CITIES,STREET,4,12.0
77335,1,7,130,2,9,60.0,0,I,MELB_URBAN,AVENUE,3,11.0
77336,4,4,171,1,1,60.0,0,I,MELB_URBAN,STREET,4,11.0
77337,8,4,174,5,1,50.0,0,N,MELB_URBAN,ROAD,4,13.0
77338,2,3,100,1,3,60.0,0,I,MELB_URBAN,ROAD,4,19.0
77339,4,3,173,5,1,100.0,0,N,RURAL_VICTORIA,ROAD,3,8.0
77340,1,4,130,5,1,60.0,0,N,MELB_URBAN,ROAD,4,10.0
77341,1,3,113,2,4,60.0,0,I,MELB_URBAN,ROAD,4,19.0
77342,4,3,173,1,1,50.0,0,I,MELB_URBAN,STREET,4,10.0
77343,1,3,130,2,1,60.0,0,I,SMALL_CITIES,DRIVE,4,9.0