,accident_type,day_of_week,dca_code,road_geometry,light_condition,speed_zone,severity,node_type,deg_urban_name,road_type,month,hour
77344,1,4,120,5,1,60.0,0,N,MELB_URBAN,STREET,4,13.0
77345,1,4,99,5,1,50.0,0,N,MELB_URBAN,ROAD,4,12.0
77346,4,4,181,5,1,100.0,0,N,RURAL_VICTORIA,HIGHWAY,4,14.0
77347,1,4,130,5,1,80.0,0,N,MELB_URBAN,ROAD,4,12.0
77348,1,5,130,5,1,80.0,0,N,MELB_URBAN,UNKNOWN,3,14.0
77349,1,2,121,1,5,80.0,0,I,RURAL_VICTORIA,ROAD,4,20.0
77350,1,4,110,1,2,50.0,0,I,MELB_URBAN,STREET,4,18.0
77351,2,3,99,5,1,60.0,0,N,MELB_URBAN,ROAD,4,17.0
77352,1,4,121,1,3,40.0,0,I,MELB_URBAN,STREET,4,18.0
77353,1,4,99,5,1,60.0,0,N,MELB_URBAN,HIGHWAY,4,16.0
77354,1,7,130,2,1,60.0,0,I,MELB_URBAN,ROAD,4,15.0
77355,2,4,102,2,1,50.0,0,I,MELB_URBAN,ROAD,4,16.0
77356,1,2,130,5,9,40.0,0,N,MELB_URBAN,ROAD,3,11.0
77357,1,4,99,2,3,60.0,0,I,MELB_URBAN,ROAD,4,20.0
77358,1,4,99,5,3,60.0,0,N,MELB_URBAN,OTHER,4,19.0
77359,1,4,99,5,3,50.0,0,N,MELB_URBAN,STREET,4,17.0
77360,4,4,173,5,3,60.0,0,N,MELB_URBAN,ROAD,4,6.0
77361,1,4,110,1,6,60.0,0,I,MELB_URBAN,ROAD,4,22.0
77362,4,4,173,2,3,50.0,0,I,SMALL_CITIES,ROAD,4,22.0
77363,1,5,121,1,3,80.0,0,I,MELB_URBAN,ROAD,4,2.0
77364,4,5,173,5,3,70.0,0,N,MELB_URBAN,HIGHWAY,4,1.0
77365,4,4,99,1,3,80.0,0,I,RURAL_VICTORIA,ROAD,4,2.0
77366,4,5,183,5,5,80.0,1,N,RURAL_VICTORIA,ROAD,4,2.0
77367,1,7,99,2,1,60.0,0,N,MELB_URBAN,RAMP,3,18.0
77368,1,6,116,2,1,60.0,0,I,MELB_URBAN,ROAD,3,14.0
77369,1,3,140,5,1,70.0,0,N,MELB_URBAN,ROAD,4,14.0
77370,8,5,174,4,2,60.0,0,I,MELB_URBAN,ROAD,4,6.0
77371,1,1,130,1,3,60.0,0,I,MELB_URBAN,ROAD,12,23.0
77372,1,3,120,5,1,50.0,0,N,MELB_URBAN,ROAD,4,11.0
77373,1,4,120,5,1,60.0,0,N,MELB_URBAN,ROAD,4,7.0
77374,1,4,99,2,1,50.0,0,I,LARGE_PROVINCIAL_CITIES,BOULEVARD,4,7.0
77375,1,5,130,5,1,40.0,0,N,TOWNS,STREET,4,11.0
77376,2,5,99,5,3,60.0,0,N,SMALL_CITIES,ROAD,4,1.0
77377,1,5,99,5,1,80.0,0,N,MELB_URBAN,ROAD,4,10.0
77378,5,7,99,2,1,60.0,0,I,RURAL_VICTORIA,OTHER,4,12.0
77379,1,4,147,5,1,60.0,0,N,MELB_URBAN,STREET,4,10.0
77380,4,5,171,2,1,60.0,0,N,MELB_URBAN,ROAD,4,8.0
77381,4,5,171,5,1,100.0,0,N,RURAL_VICTORIA,ROAD,4,11.0
77382,1,5,130,5,1,100.0,0,N,RURAL_VICTORIA,HIGHWAY,4,10.0
77383,6,7,174,5,1,50.0,0,N,RURAL_VICTORIA,ROAD,4,10.0
77384,4,5,132,5,1,100.0,0,N,RURAL_VICTORIA,HIGHWAY,4,12.0
77385,1,5,140,5,1,60.0,0,N,RURAL_VICTORIA,ROAD,4,13.0
77386,1,5,121,2,1,50.0,0,I,LARGE_PROVINCIAL_CITIES,STREET,4,14.0
77387,1,5,110,1,1,60.0,0,I,RURAL_VICTORIA,BOULEVARD,4,14.0
77388,1,3,99,1,1,70.0,0,I,RURAL_VICTORIA,ROAD,3,15.0
77389,1,6,130,5,1,60.0,0,N,MELB_URBAN,ROAD,3,16.0
77390,8,7,174,5,1,60.0,0,N,RURAL_VICTORIA,OTHER,4,12.0
77391,6,5,170,5,1,100.0,0,N,RURAL_VICTORIA,ROAD,4,16.0
77392,1,5,130,5,1,60.0,0,N,MELB_URBAN,ROAD,4,17.0
77393,1,5,113,2,3,80.0,0,I,MELB_URBAN,HIGHWAY,4,18.0
77394,1,5,130,5,1,50.0,0,N,MELB_URBAN,ROAD,3,16.0
77395,8,5,174,5,3,50.0,0,N,MELB_URBAN,STREET,4,17.0
77396,1,4,130,2,1,60.0,0,I,MELB_URBAN,STREET,4,15.0
77397,1,5,132,1,5,100.0,0,I,RURAL_VICTORIA,OTHER,4,18.0
77398,8,4,99,2,2,50.0,0,I,SMALL_CITIES,OTHER,3,17.0
77399,1,4,99,2,1,60.0,0,I,MELB_URBAN,STREET,3,14.0
77400,1,5,130,1,1,60.0,0,I,SMALL_CITIES,HIGHWAY,3,9.0
77401,1,5,121,2,3,60.0,0,N,MELB_URBAN,ROAD,4,22.0
77402,2,2,100,1,3,50.0,0,I,MELB_URBAN,ROAD,4,22.0
77403,1,5,130,5,3,60.0,0,N,MELB_URBAN,FREEWAY,4,23.0
77404,6,6,170,4,3,60.0,0,I,RURAL_VICTORIA,UNKNOWN,4,5.0
77405,1,6,111,2,1,60.0,0,I,SMALL_CITIES,ROAD,4,7.0
77406,1,6,130,2,1,60.0,0,N,MELB_URBAN,STREET,4,7.0
77407,1,1,130,1,1,60.0,0,I,MELB_URBAN,ROAD,3,15.0
77408,1,3,130,2,1,60.0,0,I,MELB_URBAN,ROAD,3,16.0
77409,4,6,183,5,1,100.0,0,N,MELB_URBAN,FREEWAY,4,8.0
77410,1,6,113,2,1,80.0,0,I,MELB_URBAN,HIGHWAY,4,8.0
77411,2,6,100,5,1,50.0,0,N,MELB_URBAN,STREET,4,9.0
77412,1,2,113,2,1,40.0,0,I,MELB_URBAN,STREET,3,8.0
77413,2,5,102,2,1,60.0,0,N,MELB_URBAN,ROAD,4,11.0
77414,1,3,147,5,1,50.0,0,N,SMALL_CITIES,ROAD,3,19.0
77415,4,6,99,2,1,50.0,0,I,MELB_URBAN,STREET,4,12.0
77416,1,6,140,5,1,60.0,0,N,MELB_URBAN,ROAD,4,13.0
77417,1,6,113,2,1,60.0,0,I,MELB_URBAN,OTHER,4,13.0
77418,1,5,110,1,1,60.0,0,I,MELB_URBAN,ROAD,4,12.0
77419,1,5,130,5,1,60.0,0,N,SMALL_CITIES,STREET,4,14.0
77420,2,5,100,5,1,60.0,0,N,TOWNS,HIGHWAY,4,14.0
77421,1,6,163,5,1,60.0,0,N,MELB_URBAN,ROAD,4,9.0
77422,1,6,113,1,1,60.0,0,N,MELB_URBAN,RAMP,4,12.0
77423,1,5,120,5,1,100.0,0,N,RURAL_VICTORIA,ROAD,4,13.0
77424,2,6,102,5,1,60.0,0,N,MELB_URBAN,ROAD,4,15.0
77425,4,3,173,2,1,60.0,0,I,SMALL_CITIES,STREET,4,8.0
77426,1,6,121,2,1,40.0,0,I,MELB_URBAN,STREET,4,15.0
77427,1,3,130,2,1,60.0,0,I,MELB_URBAN,ROAD,3,15.0
77428,1,6,132,1,1,50.0,0,I,TOWNS,STREET,4,17.0
77429,1,5,130,5,1,80.0,0,N,MELB_URBAN,HIGHWAY,4,16.0
77430,4,6,181,5,1,100.0,0,N,RURAL_VICTORIA,ROAD,4,16.0
77431,1,6,130,1,1,60.0,0,N,MELB_URBAN,ROAD,2,14.0
77432,1,3,99,2,3,60.0,0,I,MELB_URBAN,ROAD,4,20.0
77433,1,6,132,2,1,100.0,0,I,RURAL_VICTORIA,ROAD,4,16.0
77434,4,6,183,5,1,100.0,0,N,RURAL_VICTORIA,ROAD,4,13.0
77435,1,6,110,1,1,50.0,1,I,MELB_URBAN,STREET,4,13.0
77436,1,1,110,1,2,60.0,0,N,MELB_URBAN,ROAD,3,19.0
77437,4,6,173,5,1,60.0,0,N,MELB_URBAN,ROAD,4,17.0
77438,1,6,113,2,3,70.0,1,I,MELB_URBAN,ROAD,4,18.0
77439,1,7,130,5,1,100.0,0,N,MELB_URBAN,FREEWAY,3,13.0
77440,1,6,130,2,1,60.0,0,I,SMALL_CITIES,AVENUE,4,15.0
77441,1,6,140,5,2,80.0,0,N,RURAL_VICTORIA,ROAD,4,17.0
77442,1,5,110,1,5,80.0,0,I,RURAL_VICTORIA,ROAD,4,18.0
77443,2,6,102,2,3,60.0,0,N,MELB_URBAN,STREET,4,18.0
77444,1,6,160,5,1,60.0,1,N,MELB_URBAN,HIGHWAY,4,17.0
77445,1,6,120,5,1,100.0,1,N,RURAL_VICTORIA,HIGHWAY,4,14.0
77446,1,6,130,5,1,60.0,0,N,MELB_URBAN,ROAD,4,15.0
77447,2,6,102,5,3,70.0,0,N,MELB_URBAN,ROAD,4,18.0
77448,4,6,183,5,5,100.0,0,N,RURAL_VICTORIA,ROAD,4,18.0
77449,1,6,130,5,1,80.0,0,N,MELB_URBAN,STREET,4,14.0
77450,1,6,99,5,5,80.0,0,N,RURAL_VICTORIA,HIGHWAY,4,20.0
77451,1,6,130,5,2,80.0,0,N,RURAL_VICTORIA,ROAD,4,18.0
77452,4,6,171,1,3,80.0,0,I,MELB_URBAN,ROAD,4,2.0
77453,1,3,147,2,1,60.0,0,I,MELB_URBAN,ROAD,3,17.0
77454,1,6,99,5,3,80.0,0,N,MELB_URBAN,OTHER,4,21.0
77455,2,6,100,5,3,60.0,0,N,MELB_URBAN,STREET,4,1.0
77456,4,6,171,5,3,60.0,0,N,MELB_URBAN,ROAD,4,1.0
77457,1,2,130,5,1,80.0,0,I,MELB_URBAN,ROAD,1,17.0
77458,4,7,173,5,1,60.0,0,N,MELB_URBAN,STREET,4,8.0
77459,1,7,116,2,1,80.0,0,N,MELB_URBAN,HIGHWAY,4,7.0
77460,8,7,99,5,1,40.0,0,N,MELB_URBAN,ROAD,4,9.0
77461,1,6,130,5,2,60.0,0,N,SMALL_CITIES,HIGHWAY,4,17.0
77462,1,6,121,1,3,60.0,0,I,MELB_URBAN,ROAD,4,19.0
77463,1,6,99,5,1,60.0,0,N,LARGE_PROVINCIAL_CITIES,STREET,4,10.0
77464,2,6,100,5,1,60.0,0,N,MELB_URBAN,ROAD,4,12.0
77465,1,7,113,2,1,60.0,0,N,MELB_URBAN,STREET,4,11.0
77466,1,6,99,5,1,60.0,0,N,MELB_URBAN,ROAD,4,14.0
77467,1,7,130,2,1,60.0,0,I,SMALL_CITIES,ROAD,4,11.0
77468,1,7,99,5,6,60.0,0,N,MELB_URBAN,ROAD,4,5.0
77469,4,7,183,5,1,60.0,0,N,RURAL_VICTORIA,ROAD,4,12.0
77470,4,7,173,2,1,60.0,0,I,MELB_URBAN,HIGHWAY,4,12.0
77471,1,7,132,5,1,70.0,0,N,SMALL_CITIES,ROAD,4,12.0
77472,1,6,121,5,1,60.0,0,N,MELB_URBAN,ROAD,4,13.0
77473,1,6,130,1,1,60.0,0,N,LARGE_PROVINCIAL_CITIES,ROAD,4,16.0
77474,8,6,99,5,1,80.0,0,N,RURAL_VICTORIA,ROAD,4,15.0
77475,1,7,113,2,1,60.0,0,I,SMALL_CITIES,AVENUE,4,13.0
77476,1,7,99,5,1,60.0,0,N,MELB_URBAN,STREET,4,10.0
77477,4,7,183,5,1,50.0,0,N,MELB_URBAN,ROAD,4,14.0
77478,1,7,130,5,1,60.0,0,N,MELB_URBAN,ROAD,4,16.0
77479,4,1,183,5,1,100.0,0,N,RURAL_VICTORIA,ROAD,3,11.0
77480,2,7,102,2,3,70.0,0,I,MELB_URBAN,ROAD,4,18.0
77481,4,7,171,5,1,70.0,0,N,MELB_URBAN,ROAD,4,17.0
77482,1,7,110,1,3,50.0,0,I,SMALL_CITIES,AVENUE,4,19.0
77483,8,6,99,5,1,110.0,0,N,RURAL_VICTORIA,HIGHWAY,4,13.0
77484,1,6,160,2,3,60.0,0,N,MELB_URBAN,ROAD,4,19.0
77485,1,7,160,5,3,50.0,0,N,MELB_URBAN,STREET,4,18.0
77486,1,7,121,2,3,60.0,0,I,SMALL_CITIES,STREET,4,21.0
77487,1,7,140,5,3,50.0,0,N,LARGE_PROVINCIAL_CITIES,STREET,4,22.0
77488,1,0,130,5,5,100.0,0,N,RURAL_VICTORIA,ROAD,4,0.0
77489,6,1,99,5,5,60.0,0,N,RURAL_VICTORIA,AVENUE,4,0.0
77490,4,1,173,5,5,100.0,0,N,RURAL_VICTORIA,HIGHWAY,4,2.0
77491,2,7,100,2,3,60.0,0,I,MELB_URBAN,ROAD,4,23.0
77492,4,1,99,2,3,80.0,0,I,RURAL_VICTORIA,ROAD,4,3.0
77493,4,7,171,1,3,70.0,0,I,LARGE_PROVINCIAL_CITIES,ROAD,4,22.0
77494,4,1,171,2,3,60.0,0,I,MELB_URBAN,ROAD,4,2.0
77495,8,1,170,4,3,70.0,0,I,RURAL_VICTORIA,ROAD,4,0.0
77496,3,1,167,2,3,60.0,0,N,SMALL_TOWNS,ROAD,4,4.0
77497,4,1,173,5,1,100.0,0,N,RURAL_VICTORIA,ROAD,4,6.0
77498,1,5,99,2,1,60.0,0,I,MELB_URBAN,ROAD,4,9.0
77499,1,1,116,2,1,60.0,0,I,MELB_URBAN,ROAD,4,7.0
77500,1,5,133,5,1,50.0,0,N,SMALL_CITIES,ROAD,3,17.0
77501,4,1,171,5,2,80.0,0,N,RURAL_VICTORIA,ROAD,4,6.0
77502,1,1,110,1,9,60.0,0,N,MELB_URBAN,AVENUE,1,15.0
77503,4,1,183,5,2,110.0,0,N,RURAL_VICTORIA,HIGHWAY,4,8.0
77504,1,1,121,5,1,60.0,0,N,MELB_URBAN,HIGHWAY,4,11.0
77505,1,7,173,1,3,60.0,0,I,MELB_URBAN,ROAD,4,18.0
77506,1,1,130,2,1,60.0,0,I,MELB_URBAN,STREET,4,11.0
77507,1,1,99,2,1,60.0,0,I,MELB_URBAN,ROAD,4,8.0
77508,1,7,130,5,3,60.0,0,N,MELB_URBAN,ROAD,4,19.0
77509,6,1,184,5,1,60.0,0,N,RURAL_VICTORIA,ROAD,4,12.0
77510,1,1,110,1,1,60.0,0,I,MELB_URBAN,STREET,4,12.0
77511,4,1,181,5,1,100.0,0,N,RURAL_VICTORIA,ROAD,4,12.0
77512,1,1,110,1,1,40.0,0,I,MELBOURNE_CBD,STREET,4,9.0
77513,1,0,110,1,1,70.0,0,N,MELB_URBAN,ROAD,4,12.0
77514,1,1,130,5,3,60.0,0,N,MELB_URBAN,HIGHWAY,4,3.0
77515,1,5,130,5,3,60.0,0,N,MELB_URBAN,STREET,4,20.0
77516,1,0,130,5,1,60.0,0,N,MELB_URBAN,ROAD,4,14.0
77517,1,1,130,4,1,80.0,0,I,MELB_URBAN,RAMP,4,13.0
77518,4,0,183,5,1,100.0,0,N,RURAL_VICTORIA,HIGHWAY,4,15.0
77519,6,7,174,5,1,80.0,0,N,RURAL_VICTORIA,ROAD,4,9.0
77520,1,6,110,1,3,50.0,0,I,LARGE_PROVINCIAL_CITIES,STREET,4,21.0
77521,1,1,99,5,1,60.0,0,N,MELB_URBAN,ROAD,2,14.0
77522,2,1,100,1,2,50.0,0,I,MELBOURNE_CBD,STREET,4,17.0
77523,1,1,173,5,2,50.0,0,N,MELB_URBAN,STREET,4,17.0
77524,1,1,113,2,1,50.0,0,I,MELB_URBAN,STREET,2,17.0
77525,4,1,183,5,1,80.0,1,N,RURAL_VICTORIA,ROAD,4,14.0
77526,4,1,181,5,3,60.0,0,N,MELB_URBAN,ROAD,4,19.0
77527,1,1,121,1,3,60.0,0,I,MELB_URBAN,HIGHWAY,4,18.0
77528,1,0,110,1,2,60.0,0,I,MELB_URBAN,STREET,4,17.0
77529,4,1,183,5,3,80.0,0,N,MELB_URBAN,HIGHWAY,4,20.0
77530,4,1,171,5,5,80.0,0,N,MELB_URBAN,ROAD,4,20.0
77531,6,1,170,5,3,70.0,0,N,MELB_URBAN,ROAD,4,19.0
77532,4,1,173,5,3,80.0,0,N,MELB_URBAN,OTHER,4,20.0
77533,1,1,99,2,5,100.0,0,I,RURAL_VICTORIA,ROAD,4,6.0
77534,1,1,130,5,3,100.0,0,N,MELB_URBAN,FREEWAY,4,21.0
77535,1,1,135,5,3,60.0,0,N,MELB_URBAN,STREET,4,18.0
77536,2,0,99,5,6,50.0,0,N,LARGE_PROVINCIAL_CITIES,STREET,4,20.0
77537,4,1,171,1,3,50.0,0,I,TOWNS,STREET,4,6.0
77538,1,2,130,1,1,60.0,0,I,MELB_URBAN,STREET,3,18.0
77539,4,1,173,5,3,50.0,0,N,SMALL_CITIES,STREET,4,23.0
77540,2,1,99,2,3,50.0,0,N,MELB_URBAN,ROAD,4,20.0
77541,4,2,99,5,5,90.0,0,N,RURAL_VICTORIA,DRIVE,4,1.0
77542,1,0,121,1,3,80.0,0,I,MELB_URBAN,ROAD,4,23.0
77543,2,2,99,5,5,80.0,0,N,RURAL_VICTORIA,HIGHWAY,4,4.0
77544,1,2,99,1,3,60.0,0,I,MELB_URBAN,OTHER,4,6.0
77545,4,2,171,1,3,50.0,0,I,MELB_URBAN,STREET,4,3.0
77546,1,2,140,2,1,70.0,0,I,MELB_URBAN,ROAD,4,8.0
77547,1,5,130,2,9,60.0,0,I,MELB_URBAN,ROAD,4,14.0
77548,1,1,120,5,1,70.0,0,N,RURAL_VICTORIA,ROAD,4,10.0
77549,1,4,113,2,9,100.0,0,I,RURAL_VICTORIA,ROAD,4,6.0
77550,4,2,181,5,1,100.0,0,N,RURAL_VICTORIA,UNKNOWN,4,11.0
77551,6,2,99,5,5,100.0,0,N,RURAL_VICTORIA,ROAD,4,6.0
77552,4,1,183,5,1,50.0,0,N,RURAL_VICTORIA,ROAD,4,15.0
77553,1,1,140,5,1,60.0,0,N,MELB_URBAN,ROAD,4,9.0
77554,1,2,110,4,1,60.0,0,I,RURAL_VICTORIA,ROAD,4,9.0
77555,1,2,121,2,1,80.0,0,I,RURAL_VICTORIA,ROAD,4,11.0
77556,4,2,171,5,1,60.0,0,N,SMALL_CITIES,ROAD,4,10.0
77557,1,2,130,5,1,60.0,0,N,MELB_URBAN,ROAD,4,9.0
77558,4,2,181,5,1,50.0,0,N,MELB_URBAN,STREET,4,12.0
77559,1,2,140,2,1,60.0,0,N,MELB_URBAN,STREET,4,9.0
77560,1,2,110,1,1,60.0,0,N,MELB_URBAN,ROAD,4,14.0
77561,4,3,171,5,9,60.0,0,N,MELB_URBAN,ROAD,4,5.0
77562,1,6,132,2,1,80.0,0,I,MELB_URBAN,ROAD,4,13.0
77563,6,7,99,5,3,60.0,0,N,MELB_URBAN,OTHER,10,19.0
77564,4,2,99,2,1,60.0,0,I,MELB_URBAN,ROAD,4,14.0
77565,1,4,130,1,1,80.0,0,I,MELB_URBAN,HIGHWAY,4,10.0
77566,1,1,121,1,1,80.0,0,N,MELB_URBAN,FREEWAY,4,14.0
77567,1,2,130,1,1,70.0,0,I,MELB_URBAN,ROAD,4,15.0
77568,1,2,99,2,1,70.0,0,I,MELB_URBAN,ROAD,4,14.0
77569,5,1,99,5,5,100.0,0,N,RURAL_VICTORIA,ROAD,4,19.0
77570,1,1,121,1,1,70.0,0,I,LARGE_PROVINCIAL_CITIES,ROAD,4,17.0
77571,1,2,110,1,1,70.0,0,I,MELB_URBAN,ROAD,4,15.0
77572,2,2,102,1,1,60.0,0,I,MELB_URBAN,STREET,4,16.0
77573,6,2,99,5,1,100.0,0,N,RURAL_VICTORIA,HIGHWAY,4,16.0
77574,4,2,183,5,1,80.0,0,N,RURAL_VICTORIA,ROAD,4,10.0
77575,1,2,110,1,1,60.0,0,I,TOWNS,ROAD,4,14.0
77576,1,2,121,2,1,40.0,0,I,MELB_URBAN,STREET,4,17.0
77577,2,2,100,5,1,60.0,0,N,MELB_URBAN,ROAD,4,17.0
77578,1,2,111,2,1,50.0,0,I,LARGE_PROVINCIAL_CITIES,STREET,4,14.0
77579,1,5,173,2,3,50.0,0,I,MELB_URBAN,AVENUE,4,20.0
77580,6,1,184,5,1,60.0,0,N,RURAL_VICTORIA,ROAD,4,14.0
77581,1,2,163,5,3,40.0,0,N,MELBOURNE_CBD,STREET,4,19.0
77582,1,2,130,2,3,60.0,0,I,MELB_URBAN,ROAD,4,19.0
77583,1,2,130,5,3,100.0,0,N,MELB_URBAN,OTHER,4,21.0
77584,4,6,173,1,1,30.0,0,I,MELB_URBAN,PARADE,4,15.0
77585,1,2,116,1,1,60.0,0,I,MELB_URBAN,ROAD,4,16.0
77586,4,3,171,5,3,60.0,0,N,MELB_URBAN,ROAD,4,0.0
77587,6,3,99,5,5,100.0,0,N,RURAL_VICTORIA,ROAD,4,0.0
77588,2,2,100,1,3,60.0,0,I,MELB_URBAN,STREET,4,23.0
77589,4,2,183,5,1,100.0,1,N,RURAL_VICTORIA,ROAD,4,17.0
77590,8,3,174,5,1,60.0,0,N,MELB_URBAN,STREET,4,6.0
77591,1,7,113,1,1,50.0,0,I,MELB_URBAN,DRIVE,4,17.0
77592,6,5,184,5,1,80.0,0,N,RURAL_VICTORIA,ROAD,4,11.0
77593,1,3,116,1,1,60.0,0,I,MELB_URBAN,ROAD,4,8.0
77594,1,3,135,5,1,40.0,0,N,MELB_URBAN,STREET,4,9.0
77595,1,3,130,5,2,90.0,0,N,MELB_URBAN,ROAD,4,6.0
77596,2,3,102,1,1,70.0,0,I,MELB_URBAN,ROAD,4,9.0
77597,1,3,111,1,1,60.0,0,I,RURAL_VICTORIA,ROAD,4,10.0
77598,4,2,171,5,1,80.0,0,N,RURAL_VICTORIA,ROAD,4,9.0
77599,1,3,99,5,1,100.0,0,N,RURAL_VICTORIA,ROAD,4,10.0
77600,2,3,99,5,1,40.0,0,N,MELB_URBAN,OTHER,4,12.0
77601,4,1,181,5,1,100.0,0,N,RURAL_VICTORIA,HIGHWAY,4,16.0
77602,1,3,110,1,1,60.0,0,I,SMALL_CITIES,STREET,4,13.0
77603,1,6,99,5,1,50.0,0,N,SMALL_TOWNS,ROAD,3,10.0
77604,1,3,110,1,1,100.0,0,I,RURAL_VICTORIA,ROAD,4,10.0
77605,1,3,121,1,1,50.0,0,I,MELB_URBAN,STREET,4,7.0
77606,8,5,174,5,9,60.0,0,N,MELB_URBAN,ROAD,3,21.0
77607,2,3,102,5,1,60.0,0,N,MELB_URBAN,ROAD,4,10.0
77608,1,1,160,5,1,40.0,0,N,MELB_URBAN,STREET,4,18.0
77609,4,3,99,2,1,50.0,0,I,TOWNS,STREET,4,8.0
77610,1,3,121,1,1,60.0,0,I,LARGE_PROVINCIAL_CITIES,HIGHWAY,4,16.0
77611,2,2,102,1,1,50.0,0,I,TOWNS,STREET,4,9.0
77612,1,3,120,5,2,50.0,0,N,TOWNS,OTHER,4,16.0
77613,6,6,174,1,5,80.0,0,N,RURAL_VICTORIA,ROAD,4,20.0
77614,1,2,130,5,1,60.0,0,N,MELB_URBAN,ROAD,4,7.0
77615,1,3,110,1,1,60.0,0,I,MELB_URBAN,ROAD,4,15.0
77616,1,3,135,5,1,60.0,0,N,MELB_URBAN,ROAD,4,15.0
77617,1,3,110,1,1,50.0,0,I,SMALL_CITIES,AVENUE,4,15.0
77618,8,3,99,5,5,100.0,0,N,RURAL_VICTORIA,ROAD,4,18.0
77619,4,3,171,5,1,50.0,0,N,SMALL_CITIES,STREET,4,16.0
77620,2,3,99,5,1,50.0,0,N,MELB_URBAN,STREET,4,16.0
77621,4,3,181,5,1,100.0,1,N,RURAL_VICTORIA,HIGHWAY,4,7.0
77622,1,2,110,1,3,80.0,0,I,MELB_URBAN,DRIVE,4,20.0
77623,1,3,130,5,3,100.0,0,N,MELB_URBAN,ROAD,4,19.0
77624,1,3,99,2,1,70.0,0,N,MELB_URBAN,ROAD,4,16.0
77625,1,3,99,5,3,60.0,0,N,MELB_URBAN,STREET,4,23.0
77626,1,3,130,1,3,80.0,0,I,MELB_URBAN,ROAD,4,18.0
77627,1,3,99,2,3,50.0,0,I,SMALL_CITIES,STREET,4,22.0
77628,4,3,181,2,3,60.0,0,I,LARGE_PROVINCIAL_CITIES,ROAD,4,22.0
77629,1,4,121,4,3,60.0,0,I,MELB_URBAN,ROAD,4,3.0
77630,1,3,99,5,1,50.0,0,N,MELBOURNE_CBD,STREET,11,7.0
77631,1,3,147,2,1,80.0,0,I,MELB_URBAN,HIGHWAY,4,14.0
77632,1,4,99,4,1,60.0,0,I,SMALL_CITIES,ROAD,4,7.0
77633,1,3,121,1,3,40.0,0,I,MELB_URBAN,ROAD,4,18.0
77634,1,3,130,5,1,80.0,0,N,MELB_URBAN,ROAD,4,17.0
77635,1,3,140,5,1,40.0,0,N,MELBOURNE_CBD,STREET,4,11.0
77636,1,4,113,1,1,60.0,0,I,MELB_URBAN,ROAD,4,7.0
77637,1,2,133,5,3,60.0,0,N,MELB_URBAN,FREEWAY,4,21.0
77638,6,3,99,5,1,60.0,0,N,RURAL_VICTORIA,ROAD,1,10.0
77639,1,4,130,4,1,60.0,0,I,MELB_URBAN,RAMP,4,10.0
77640,1,1,130,5,1,60.0,0,N,RURAL_VICTORIA,ROAD,4,14.0
77641,1,4,116,2,2,40.0,0,I,MELB_URBAN,STREET,4,6.0
77642,1,4,130,5,1,40.0,0,N,RURAL_VICTORIA,OTHER,4,10.0
77643,1,3,110,1,1,50.0,0,I,MELB_URBAN,STREET,4,9.0
77644,1,4,111,1,1,50.0,0,I,TOWNS,AVENUE,4,12.0
77645,1,4,130,2,1,70.0,0,I,MELB_URBAN,ROAD,4,10.0
77646,1,4,121,2,1,60.0,0,I,MELB_URBAN,ROAD,4,8.0
77647,1,4,130,5,1,100.0,0,N,MELB_URBAN,OTHER,4,9.0
77648,1,4,134,5,1,80.0,0,N,MELB_URBAN,HIGHWAY,4,11.0
77649,1,4,99,1,1,60.0,0,I,MELB_URBAN,DRIVE,4,11.0
77650,1,4,116,2,1,60.0,0,I,MELB_URBAN,ROAD,2,11.0
77651,8,5,99,5,1,60.0,0,N,RURAL_VICTORIA,ROAD,4,13.0
77652,4,3,173,5,9,60.0,0,N,MELB_URBAN,STREET,4,20.0
77653,4,4,181,5,1,100.0,0,N,RURAL_VICTORIA,HIGHWAY,4,7.0
77654,1,4,121,2,1,40.0,0,I,MELB_URBAN,ROAD,4,15.0
77655,1,3,147,5,9,60.0,0,N,MELB_URBAN,ROAD,3,19.0
77656,1,0,130,5,3,100.0,0,N,MELB_URBAN,UNKNOWN,4,22.0
77657,1,4,121,2,2,60.0,0,I,MELB_URBAN,ROAD,4,17.0
77658,4,4,99,2,1,100.0,1,I,RURAL_VICTORIA,ROAD,4,17.0
77659,1,4,116,4,1,60.0,0,I,MELB_URBAN,RAMP,4,9.0
77660,1,4,130,5,3,100.0,0,N,MELB_URBAN,FREEWAY,4,18.0
77661,1,4,130,5,1,100.0,0,N,MELB_URBAN,UNKNOWN,4,16.0
77662,2,4,102,1,9,50.0,0,I,SMALL_CITIES,STREET,4,13.0
77663,8,1,99,5,1,60.0,0,N,RURAL_VICTORIA,ROAD,3,13.0
77664,1,4,132,5,3,60.0,0,N,MELB_URBAN,ROAD,4,18.0
77665,1,3,121,2,3,50.0,0,I,MELB_URBAN,UNKNOWN,4,22.0
77666,1,4,110,1,2,100.0,0,I,RURAL_VICTORIA,AVENUE,4,18.0
77667,5,4,99,5,3,50.0,0,N,MELB_URBAN,ROAD,4,21.0
77668,1,5,163,5,9,50.0,0,N,MELB_URBAN,PARADE,3,8.0
77669,1,4,132,2,1,60.0,0,I,MELB_URBAN,ROAD,4,16.0
77670,1,4,110,1,1,100.0,1,I,TOWNS,HIGHWAY,4,16.0
77671,4,4,183,5,3,60.0,0,N,MELB_URBAN,DRIVE,4,3.0
77672,1,3,130,2,2,70.0,0,I,MELB_URBAN,ROAD,4,19.0
77673,1,5,113,2,5,80.0,0,I,RURAL_VICTORIA,OTHER,4,5.0
77674,1,6,111,1,9,60.0,0,I,MELB_URBAN,STREET,4,7.0
77675,4,3,171,5,3,50.0,0,N,RURAL_VICTORIA,AVENUE,4,18.0
77676,5,6,99,5,1,60.0,0,I,RURAL_VICTORIA,OTHER,3,11.0
77677,4,5,183,2,5,80.0,1,I,RURAL_VICTORIA,ROAD,4,2.0