,accident_type,day_of_week,dca_code,road_geometry,light_condition,speed_zone,severity,node_type,deg_urban_name,road_type,month,hour
77678,1,4,132,2,1,100.0,0,N,RURAL_VICTORIA,HIGHWAY,4,15.0
77679,1,4,130,5,1,50.0,0,N,MELB_URBAN,STREET,3,12.0
77680,1,5,110,1,1,50.0,0,I,MELB_URBAN,STREET,3,12.0
77681,8,6,99,5,1,100.0,0,N,LARGE_PROVINCIAL_CITIES,OTHER,3,14.0
77682,1,5,147,5,1,60.0,0,N,MELB_URBAN,ROAD,4,9.0
77683,1,4,120,5,1,100.0,0,N,RURAL_VICTORIA,ROAD,4,14.0
77684,1,3,163,5,1,60.0,0,N,MELB_URBAN,ROAD,4,13.0
77685,1,4,99,5,1,70.0,0,N,MELB_URBAN,HIGHWAY,4,13.0
77686,1,5,121,2,1,70.0,0,I,MELB_URBAN,ROAD,4,8.0
77687,1,6,163,5,1,60.0,0,N,MELB_URBAN,STREET,4,17.0
77688,8,3,174,5,1,50.0,0,N,MELB_URBAN,DRIVE,3,9.0
77689,4,7,181,5,1,80.0,0,N,MELB_URBAN,UNKNOWN,2,9.0
77690,1,2,130,5,1,70.0,0,N,LARGE_PROVINCIAL_CITIES,ROAD,3,9.0
77691,1,7,110,4,1,50.0,0,I,MELB_URBAN,ROAD,3,18.0
77692,4,4,183,5,5,80.0,0,N,RURAL_VICTORIA,ROAD,4,19.0
77693,2,5,102,1,1,60.0,0,I,LARGE_PROVINCIAL_CITIES,ROAD,4,12.0
77694,1,4,147,5,1,50.0,0,N,MELB_URBAN,OTHER,3,14.0
77695,4,5,99,5,1,50.0,0,I,LARGE_PROVINCIAL_CITIES,STREET,4,13.0
77696,2,5,100,1,1,50.0,0,I,MELB_URBAN,ROAD,4,13.0
77697,6,5,174,5,1,100.0,0,N,RURAL_VICTORIA,OTHER,4,10.0
77698,1,5,121,1,1,60.0,0,I,MELB_URBAN,ROAD,4,9.0
77699,2,5,100,2,1,80.0,0,I,MELB_URBAN,ROAD,3,16.0
77700,8,2,170,5,1,80.0,0,N,RURAL_VICTORIA,ROAD,1,17.0
77701,1,5,99,1,1,60.0,0,I,MELB_URBAN,STREET,4,16.0
77702,1,5,110,1,5,100.0,0,I,RURAL_VICTORIA,ROAD,4,1.0
77703,4,5,181,5,1,100.0,0,N,RURAL_VICTORIA,ROAD,4,14.0
77704,1,5,140,5,1,60.0,0,N,MELB_URBAN,ROAD,4,14.0
77705,1,7,135,5,3,40.0,0,N,MELB_URBAN,ROAD,4,19.0
77706,1,5,111,1,2,60.0,0,I,MELB_URBAN,ROAD,4,16.0
77707,1,5,130,5,1,100.0,0,N,MELB_URBAN,FREEWAY,4,16.0
77708,2,5,99,5,2,60.0,0,N,TOWNS,STREET,4,18.0
77709,1,5,121,1,1,50.0,0,I,MELB_URBAN,HIGHWAY,4,15.0
77710,1,5,130,5,3,50.0,0,N,MELB_URBAN,ROAD,4,18.0
77711,2,4,102,5,1,50.0,0,N,MELB_URBAN,STREET,4,14.0
77712,3,4,167,5,9,80.0,0,N,MELB_URBAN,ROAD,3,19.0
77713,4,5,181,5,1,100.0,0,N,RURAL_VICTORIA,HIGHWAY,4,15.0
77714,1,5,130,5,1,100.0,0,N,MELB_URBAN,FREEWAY,4,17.0
77715,8,5,174,1,3,70.0,0,I,MELB_URBAN,ROAD,4,18.0
77716,1,5,135,5,1,80.0,0,N,MELB_URBAN,UNKNOWN,4,17.0
77717,1,5,132,2,1,60.0,0,I,LARGE_PROVINCIAL_CITIES,STREET,4,16.0
77718,1,5,110,1,1,60.0,0,I,MELB_URBAN,AVENUE,4,17.0
77719,1,5,130,5,3,100.0,0,N,MELB_URBAN,FREEWAY,4,20.0
77720,2,5,102,5,1,60.0,0,N,MELB_URBAN,ROAD,4,15.0
77721,1,4,147,5,9,50.0,0,N,MELB_URBAN,STREET,8,9.0
77722,1,6,130,2,3,60.0,0,I,MELB_URBAN,STREET,4,2.0
77723,4,6,181,5,5,100.0,0,N,RURAL_VICTORIA,ROAD,4,2.0
77724,4,6,173,5,3,80.0,0,N,TOWNS,OTHER,4,3.0
77725,1,6,121,5,3,60.0,0,N,MELB_URBAN,HIGHWAY,4,5.0
77726,1,6,99,2,1,60.0,0,I,MELB_URBAN,ROAD,4,8.0
77727,6,5,170,5,5,50.0,0,N,RURAL_VICTORIA,ROAD,4,21.0
77728,1,6,110,1,1,80.0,0,I,SMALL_CITIES,HIGHWAY,4,9.0
77729,1,5,130,1,1,60.0,0,I,MELB_URBAN,ROAD,3,16.0
77730,1,6,130,5,1,100.0,1,N,RURAL_VICTORIA,ROAD,4,8.0
77731,1,6,121,1,1,60.0,0,I,MELB_URBAN,STREET,4,13.0
77732,1,6,130,5,1,60.0,0,N,MELB_URBAN,STREET,4,13.0
77733,4,6,183,5,1,100.0,0,N,RURAL_VICTORIA,OTHER,4,10.0
77734,1,4,99,5,6,60.0,0,N,MELB_URBAN,DRIVE,4,18.0
77735,2,5,100,1,1,50.0,0,I,MELB_URBAN,ROAD,4,17.0
77736,1,6,120,1,1,100.0,0,I,RURAL_VICTORIA,HIGHWAY,4,12.0
77737,6,6,99,5,1,60.0,0,N,RURAL_VICTORIA,ROAD,4,14.0
77738,1,6,110,1,1,100.0,0,I,RURAL_VICTORIA,ROAD,4,15.0
77739,1,5,130,5,1,50.0,0,N,MELB_URBAN,ROAD,4,7.0
77740,1,5,130,5,1,60.0,0,N,RURAL_VICTORIA,ROAD,4,9.0
77741,6,6,174,5,2,60.0,0,N,RURAL_VICTORIA,ROAD,4,17.0
77742,1,6,121,1,3,60.0,0,I,MELB_URBAN,ROAD,4,18.0
77743,1,5,130,1,1,50.0,0,N,MELB_URBAN,ROAD,4,14.0
77744,2,6,99,5,3,50.0,0,N,MELB_URBAN,STREET,4,21.0
77745,4,5,173,5,6,100.0,0,N,SMALL_TOWNS,OTHER,4,21.0
77746,4,6,183,5,5,100.0,0,N,RURAL_VICTORIA,HIGHWAY,4,5.0
77747,6,6,174,2,3,50.0,0,I,SMALL_CITIES,HIGHWAY,4,23.0
77748,6,7,99,5,5,100.0,0,N,RURAL_VICTORIA,ROAD,4,3.0
77749,2,5,100,5,1,60.0,0,N,SMALL_CITIES,ROAD,4,14.0
77750,1,7,130,5,3,100.0,0,N,MELB_URBAN,FREEWAY,4,6.0
77751,1,5,111,1,1,50.0,0,I,TOWNS,STREET,4,13.0
77752,8,7,184,5,1,100.0,0,N,RURAL_VICTORIA,OTHER,4,8.0
77753,4,7,171,2,1,60.0,0,I,MELB_URBAN,ROAD,4,8.0
77754,4,7,173,5,1,100.0,0,N,RURAL_VICTORIA,ROAD,4,10.0
77755,1,7,163,5,1,40.0,0,N,MELB_URBAN,ROAD,4,12.0
77756,1,7,121,5,1,50.0,0,N,SMALL_CITIES,ROAD,4,12.0
77757,2,5,102,1,3,40.0,0,I,MELB_URBAN,STREET,4,19.0
77758,1,2,130,5,1,60.0,0,N,MELB_URBAN,ROAD,4,9.0
77759,1,7,132,2,1,100.0,0,I,RURAL_VICTORIA,OTHER,4,13.0
77760,1,2,130,5,9,60.0,0,N,RURAL_VICTORIA,ROAD,4,9.0
77761,8,7,184,5,1,100.0,0,N,RURAL_VICTORIA,OTHER,4,14.0
77762,3,7,167,5,1,100.0,0,N,RURAL_VICTORIA,ROAD,4,11.0
77763,1,3,110,1,1,50.0,0,I,MELB_URBAN,STREET,4,14.0
77764,1,7,120,2,1,60.0,0,N,MELB_URBAN,ROAD,4,15.0
77765,4,7,173,2,1,50.0,0,I,MELB_URBAN,ROAD,4,12.0
77766,1,7,121,2,2,70.0,0,N,MELB_URBAN,ROAD,4,17.0
77767,1,7,147,5,3,70.0,0,N,MELB_URBAN,ROAD,4,17.0
77768,1,7,110,1,1,100.0,1,I,RURAL_VICTORIA,FREEWAY,4,16.0
77769,4,7,173,5,1,100.0,0,N,RURAL_VICTORIA,ROAD,4,16.0
77770,1,7,113,2,3,60.0,0,I,MELB_URBAN,ROAD,4,18.0
77771,2,7,102,2,3,70.0,0,I,MELB_URBAN,ROAD,4,18.0
77772,1,7,121,2,1,60.0,0,I,MELB_URBAN,ROAD,4,13.0
77773,6,7,99,5,2,100.0,0,N,RURAL_VICTORIA,ROAD,4,18.0
77774,1,7,173,5,3,50.0,0,N,MELB_URBAN,STREET,4,19.0
77775,1,7,130,2,3,80.0,0,I,MELB_URBAN,HIGHWAY,4,21.0
77776,4,7,171,1,5,50.0,0,I,MELB_URBAN,STREET,4,21.0
77777,4,6,171,5,3,60.0,0,N,LARGE_PROVINCIAL_CITIES,HIGHWAY,4,21.0
77778,1,6,99,1,3,50.0,0,I,SMALL_CITIES,STREET,4,19.0
77779,1,6,130,5,3,40.0,0,N,MELB_URBAN,ROAD,4,21.0
77780,1,7,121,5,6,80.0,0,N,MELB_URBAN,HIGHWAY,4,22.0
77781,1,6,130,2,1,60.0,0,I,LARGE_PROVINCIAL_CITIES,STREET,4,14.0
77782,4,7,181,5,1,60.0,0,N,RURAL_VICTORIA,ROAD,4,8.0
77783,1,1,110,1,1,60.0,0,I,MELB_URBAN,ROAD,4,10.0
77784,1,1,121,2,1,60.0,0,I,MELB_URBAN,HIGHWAY,4,11.0
77785,1,0,133,1,1,60.0,0,I,TOWNS,STREET,4,14.0
77786,4,1,181,5,1,100.0,0,N,RURAL_VICTORIA,ROAD,4,12.0
77787,1,1,121,2,1,60.0,0,I,MELB_URBAN,ROAD,4,14.0
77788,1,6,130,2,1,60.0,0,I,MELB_URBAN,ROAD,4,10.0
77789,4,1,173,5,3,60.0,0,N,LARGE_PROVINCIAL_CITIES,ROAD,4,2.0
77790,1,1,110,1,1,50.0,0,I,SMALL_CITIES,STREET,4,15.0
77791,2,1,102,5,2,60.0,0,N,MELB_URBAN,ROAD,4,17.0
77792,1,1,120,5,1,60.0,0,N,MELB_URBAN,ROAD,4,14.0
77793,1,0,113,2,1,80.0,0,I,RURAL_VICTORIA,HIGHWAY,4,16.0
77794,3,1,167,5,2,100.0,0,N,RURAL_VICTORIA,OTHER,4,17.0
77795,2,1,102,5,1,40.0,0,N,MELB_URBAN,OTHER,4,17.0
77796,1,1,121,1,1,60.0,0,I,MELB_URBAN,STREET,4,18.0
77797,1,1,110,1,5,100.0,0,I,RURAL_VICTORIA,ROAD,4,18.0
77798,4,1,181,2,1,80.0,0,I,RURAL_VICTORIA,ROAD,4,16.0
77799,2,1,99,5,3,40.0,0,N,MELBOURNE_CBD,STREET,4,19.0
77800,1,1,140,5,1,60.0,0,N,MELB_URBAN,ROAD,4,17.0
77801,1,1,121,4,3,60.0,0,I,MELB_URBAN,ROAD,4,20.0
77802,1,1,111,2,1,80.0,0,I,MELB_URBAN,ROAD,4,17.0
77803,2,1,99,5,3,60.0,0,N,MELB_URBAN,ROAD,4,20.0
77804,1,4,130,2,9,60.0,0,I,MELB_URBAN,ROAD,3,9.0
77805,1,6,130,1,1,80.0,0,I,MELB_URBAN,HIGHWAY,4,11.0
77806,4,2,181,5,5,80.0,0,N,RURAL_VICTORIA,ROAD,4,0.0
77807,1,3,121,2,2,60.0,0,I,MELB_URBAN,ROAD,4,17.0
77808,6,6,170,5,1,60.0,0,N,RURAL_VICTORIA,ROAD,4,14.0
77809,1,2,110,1,1,50.0,0,I,MELB_URBAN,STREET,4,12.0
77810,1,2,130,5,1,60.0,0,N,MELB_URBAN,UNKNOWN,4,10.0
77811,1,2,120,5,1,80.0,0,N,RURAL_VICTORIA,ROAD,4,12.0
77812,1,2,130,5,1,100.0,0,N,RURAL_VICTORIA,OTHER,4,13.0
77813,5,2,99,5,1,60.0,0,N,RURAL_VICTORIA,ROAD,4,11.0
77814,1,2,130,5,1,60.0,0,N,MELB_URBAN,ROAD,4,14.0
77815,1,2,116,2,1,60.0,0,I,MELB_URBAN,ROAD,4,15.0
77816,1,2,121,2,1,70.0,0,I,LARGE_PROVINCIAL_CITIES,STREET,4,13.0
77817,1,2,99,2,1,60.0,0,I,MELB_URBAN,ROAD,4,15.0
77818,6,3,99,5,2,60.0,0,N,RURAL_VICTORIA,HIGHWAY,1,5.0
77819,2,2,99,5,1,100.0,0,N,RURAL_VICTORIA,HIGHWAY,4,15.0
77820,1,2,132,1,3,60.0,0,I,MELB_URBAN,STREET,4,18.0
77821,1,2,113,2,5,100.0,0,I,RURAL_VICTORIA,OTHER,4,20.0
77822,2,2,99,5,3,50.0,0,N,MELB_URBAN,ROAD,4,18.0
77823,1,2,121,1,3,70.0,0,I,MELB_URBAN,ROAD,4,22.0
77824,1,2,130,5,5,100.0,0,N,MELB_URBAN,HIGHWAY,4,20.0
77825,1,7,133,5,1,60.0,0,N,MELB_URBAN,ROAD,4,13.0
77826,4,2,181,5,3,50.0,0,N,MELB_URBAN,DRIVE,4,19.0
77827,1,2,130,5,5,100.0,0,N,RURAL_VICTORIA,ROAD,4,19.0
77828,2,2,100,2,3,50.0,0,I,MELB_URBAN,STREET,4,22.0
77829,4,3,183,5,5,100.0,0,N,RURAL_VICTORIA,ROAD,4,3.0
77830,6,1,174,5,9,80.0,0,N,RURAL_VICTORIA,ROAD,2,16.0
77831,1,3,111,2,1,80.0,0,I,MELB_URBAN,ROAD,4,8.0
77832,4,3,183,5,1,80.0,0,N,RURAL_VICTORIA,ROAD,4,7.0
77833,1,2,113,2,1,100.0,0,I,RURAL_VICTORIA,ROAD,4,16.0
77834,1,2,121,1,1,60.0,0,I,MELB_URBAN,STREET,4,8.0
77835,1,2,99,1,1,60.0,0,N,MELB_URBAN,ROAD,4,9.0
77836,1,3,132,5,1,60.0,0,N,MELB_URBAN,ROAD,4,6.0
77837,1,6,163,5,1,60.0,0,N,MELB_URBAN,ROAD,3,10.0
77838,1,1,99,1,3,40.0,0,I,MELBOURNE_CBD,STREET,4,22.0
77839,1,3,120,5,1,50.0,0,N,MELB_URBAN,DRIVE,4,9.0
77840,3,3,167,5,1,80.0,0,N,RURAL_VICTORIA,ROAD,4,7.0
77841,1,3,130,2,1,60.0,0,I,MELB_URBAN,ROAD,4,10.0
77842,1,5,130,4,1,60.0,0,I,MELB_URBAN,ROAD,3,7.0
77843,1,3,111,2,1,50.0,0,I,MELB_URBAN,STREET,4,8.0
77844,1,3,121,2,1,60.0,0,I,MELB_URBAN,STREET,4,7.0
77845,1,3,130,2,3,60.0,0,I,MELB_URBAN,AVENUE,4,19.0
77846,8,1,99,5,1,60.0,0,N,RURAL_VICTORIA,ROAD,4,15.0
77847,1,3,130,5,1,60.0,0,N,TOWNS,HIGHWAY,4,14.0
77848,7,3,99,5,1,60.0,0,N,RURAL_VICTORIA,ROAD,4,13.0
77849,6,6,174,1,9,50.0,0,I,SMALL_CITIES,STREET,4,16.0
77850,1,2,110,1,1,60.0,0,I,LARGE_PROVINCIAL_CITIES,STREET,4,9.0
77851,1,3,160,5,1,50.0,0,N,MELB_URBAN,STREET,4,14.0
77852,1,3,140,5,1,60.0,0,N,RURAL_VICTORIA,OTHER,4,14.0
77853,1,2,99,5,1,50.0,0,N,LARGE_PROVINCIAL_CITIES,STREET,4,14.0
77854,8,3,170,5,1,100.0,0,N,RURAL_VICTORIA,ROAD,4,8.0
77855,1,1,99,2,9,60.0,0,I,MELB_URBAN,ROAD,4,13.0
77856,1,3,130,5,1,80.0,0,N,MELB_URBAN,HIGHWAY,4,15.0
77857,6,2,99,5,1,100.0,0,N,MELB_URBAN,RAMP,4,10.0
77858,1,3,121,1,1,70.0,0,I,MELB_URBAN,ROAD,4,15.0
77859,1,2,130,1,2,80.0,0,I,MELB_URBAN,HIGHWAY,4,17.0
77860,1,3,121,1,1,60.0,0,I,TOWNS,HIGHWAY,4,15.0
77861,1,3,121,2,1,60.0,0,I,MELB_URBAN,ROAD,4,17.0
77862,4,3,173,5,1,70.0,0,N,MELB_URBAN,ROAD,4,14.0
77863,1,3,113,1,1,60.0,0,I,MELB_URBAN,ROAD,4,16.0
77864,1,3,121,1,3,60.0,0,I,MELB_URBAN,ROAD,4,18.0
77865,4,3,173,2,3,80.0,0,I,MELB_URBAN,HIGHWAY,4,18.0
77866,2,3,100,5,1,40.0,0,N,MELB_URBAN,STREET,4,15.0
77867,4,3,173,2,3,60.0,0,I,MELB_URBAN,ROAD,4,20.0
77868,4,3,99,5,1,100.0,1,N,RURAL_VICTORIA,ROAD,4,16.0
77869,4,6,173,5,1,50.0,0,N,RURAL_VICTORIA,ROAD,4,10.0
77870,6,0,170,2,3,50.0,0,I,RURAL_VICTORIA,DRIVE,4,19.0
77871,8,3,99,5,5,80.0,0,N,RURAL_VICTORIA,ROAD,4,23.0
77872,4,3,171,5,3,60.0,0,N,MELB_URBAN,ROAD,4,23.0
77873,6,4,99,5,5,100.0,0,N,RURAL_VICTORIA,ROAD,4,3.0
77874,8,5,99,5,1,50.0,0,N,MELB_URBAN,OTHER,4,11.0
77875,1,2,130,5,1,100.0,0,N,RURAL_VICTORIA,HIGHWAY,4,17.0
77876,1,4,130,5,1,40.0,0,N,LARGE_PROVINCIAL_CITIES,HIGHWAY,4,8.0
77877,8,1,184,5,1,60.0,0,N,RURAL_VICTORIA,OTHER,4,8.0
77878,1,3,116,2,1,60.0,0,I,MELB_URBAN,ROAD,4,8.0
77879,2,4,100,1,1,60.0,0,I,MELB_URBAN,STREET,4,9.0
77880,1,4,99,2,1,60.0,0,N,MELB_URBAN,HIGHWAY,4,9.0
77881,2,4,102,5,1,60.0,0,N,MELB_URBAN,PARADE,4,8.0
77882,8,3,174,2,1,40.0,0,I,MELB_URBAN,STREET,4,11.0
77883,1,2,130,5,3,80.0,0,N,MELB_URBAN,FREEWAY,4,6.0
77884,4,5,183,5,1,80.0,0,N,MELB_URBAN,UNKNOWN,3,8.0
77885,4,3,171,5,1,60.0,0,N,MELB_URBAN,HIGHWAY,4,11.0
77886,8,1,99,5,1,60.0,0,N,RURAL_VICTORIA,ROAD,12,12.0
77887,4,2,130,5,3,60.0,0,N,MELB_URBAN,ROAD,4,21.0
77888,8,7,184,5,1,60.0,0,N,RURAL_VICTORIA,ROAD,4,11.0
77889,1,3,160,5,1,50.0,0,N,MELB_URBAN,OTHER,4,8.0
77890,6,4,99,5,1,100.0,0,N,RURAL_VICTORIA,STREET,4,13.0
77891,1,3,121,1,3,70.0,0,I,MELB_URBAN,HIGHWAY,4,21.0
77892,1,4,134,5,1,60.0,0,I,MELB_URBAN,ROAD,4,12.0
77893,1,4,99,5,1,80.0,0,N,MELB_URBAN,HIGHWAY,4,10.0
77894,6,3,99,2,1,40.0,0,I,MELB_URBAN,AVENUE,4,17.0
77895,4,3,173,1,1,80.0,0,I,SMALL_TOWNS,HIGHWAY,4,14.0
77896,2,6,100,5,1,60.0,0,N,LARGE_PROVINCIAL_CITIES,ROAD,4,14.0
77897,1,4,120,5,1,60.0,0,N,TOWNS,ROAD,4,16.0
77898,2,3,102,5,1,60.0,1,N,MELB_URBAN,BOULEVARD,4,17.0
77899,1,2,130,1,3,60.0,0,I,LARGE_PROVINCIAL_CITIES,ROAD,4,19.0
77900,1,5,110,1,3,80.0,0,I,RURAL_VICTORIA,HIGHWAY,4,22.0
77901,1,7,130,5,1,80.0,0,N,MELB_URBAN,HIGHWAY,2,14.0
77902,1,4,130,5,2,60.0,0,N,TOWNS,HIGHWAY,4,18.0
77903,8,4,174,5,1,100.0,0,N,MELB_URBAN,FREEWAY,4,17.0
77904,1,4,121,5,3,60.0,0,N,MELB_URBAN,HIGHWAY,4,17.0
77905,1,4,121,2,1,80.0,0,I,MELB_URBAN,HIGHWAY,4,14.0
77906,1,4,135,5,1,100.0,0,N,MELB_URBAN,FREEWAY,4,10.0
77907,2,3,102,2,3,60.0,0,I,MELB_URBAN,STREET,4,19.0
77908,1,4,130,5,5,80.0,0,N,MELB_URBAN,ROAD,4,19.0
77909,4,4,171,5,2,80.0,0,N,RURAL_VICTORIA,ROAD,4,17.0
77910,6,4,174,5,3,100.0,0,N,MELB_URBAN,FREEWAY,4,20.0
77911,1,4,173,1,3,50.0,0,I,TOWNS,STREET,4,17.0
77912,1,3,130,5,3,100.0,0,N,MELB_URBAN,FREEWAY,4,20.0
77913,6,4,170,5,5,100.0,0,N,RURAL_VICTORIA,HIGHWAY,4,4.0
77914,1,4,120,5,1,100.0,1,N,RURAL_VICTORIA,OTHER,4,14.0
77915,4,4,171,2,3,80.0,0,I,TOWNS,ROAD,4,20.0
77916,2,4,102,1,1,70.0,0,I,MELB_URBAN,ROAD,4,11.0
77917,6,5,99,2,5,80.0,0,I,RURAL_VICTORIA,OTHER,4,1.0
77918,1,5,121,1,1,60.0,0,I,MELB_URBAN,ROAD,4,7.0
77919,6,7,184,5,1,60.0,0,N,RURAL_VICTORIA,OTHER,4,12.0
77920,4,5,181,5,1,100.0,0,N,RURAL_VICTORIA,HIGHWAY,4,7.0
77921,1,3,130,1,1,60.0,0,N,MELB_URBAN,ROAD,4,16.0
77922,4,1,183,5,1,60.0,0,N,MELB_URBAN,UNKNOWN,4,12.0
77923,1,5,111,2,1,60.0,0,I,MELB_URBAN,DRIVE,4,11.0
77924,1,5,130,1,1,60.0,0,I,MELB_URBAN,STREET,4,11.0
77925,1,5,163,5,1,40.0,0,N,MELBOURNE_CBD,STREET,4,11.0
77926,4,5,173,5,1,70.0,0,N,MELB_URBAN,ROAD,4,12.0
77927,6,3,99,5,1,60.0,0,N,RURAL_VICTORIA,ROAD,4,11.0
77928,1,5,116,1,1,60.0,0,I,SMALL_CITIES,PARADE,4,12.0
77929,1,1,99,5,1,70.0,0,I,LARGE_PROVINCIAL_CITIES,HIGHWAY,2,16.0
77930,2,5,102,5,1,60.0,0,N,MELB_URBAN,ROAD,4,14.0
77931,1,5,163,5,1,50.0,0,N,MELBOURNE_CBD,STREET,4,14.0
77932,1,5,120,5,1,100.0,0,N,RURAL_VICTORIA,HIGHWAY,4,14.0
77933,1,5,130,2,1,60.0,0,I,MELB_URBAN,ROAD,4,14.0
77934,8,2,174,2,1,60.0,0,I,MELB_URBAN,ROAD,3,17.0
77935,1,5,121,1,1,60.0,0,I,MELB_URBAN,STREET,4,15.0
77936,4,1,183,5,3,60.0,0,N,LARGE_PROVINCIAL_CITIES,HIGHWAY,4,0.0
77937,1,5,99,1,1,60.0,0,I,MELB_URBAN,ROAD,4,15.0
77938,2,5,102,2,2,50.0,0,I,SMALL_CITIES,STREET,4,17.0
77939,1,5,121,1,6,50.0,0,I,MELB_URBAN,STREET,4,18.0
77940,1,1,147,2,3,60.0,0,I,MELB_URBAN,STREET,4,20.0
77941,6,5,99,5,5,50.0,0,N,MELB_URBAN,PARADE,4,17.0
77942,4,5,181,5,1,100.0,0,N,RURAL_VICTORIA,ROAD,4,9.0
77943,1,4,130,5,3,80.0,0,N,MELB_URBAN,HIGHWAY,4,18.0
77944,2,5,100,1,5,50.0,0,I,MELB_URBAN,STREET,4,19.0
77945,4,5,99,2,3,60.0,0,I,TOWNS,ROAD,4,18.0
77946,2,5,100,5,3,50.0,0,N,MELB_URBAN,ROAD,4,18.0
77947,1,5,110,1,1,80.0,0,I,RURAL_VICTORIA,ROAD,4,16.0
77948,1,5,113,2,3,60.0,0,I,MELB_URBAN,ROAD,4,18.0
77949,8,5,174,2,3,50.0,0,I,MELB_URBAN,STREET,4,20.0
77950,1,5,99,2,3,60.0,0,I,MELB_URBAN,ROAD,4,17.0
77951,1,4,99,2,2,60.0,0,I,MELB_URBAN,ROAD,4,17.0
77952,4,5,173,5,3,50.0,0,N,MELB_URBAN,ROAD,4,22.0
77953,1,5,130,5,3,40.0,0,N,MELB_URBAN,FREEWAY,4,2.0
77954,1,5,99,2,2,80.0,0,I,MELB_URBAN,HIGHWAY,4,6.0
77955,6,5,174,5,1,70.0,0,I,MELB_URBAN,ROAD,4,15.0
77956,1,6,130,1,1,50.0,0,I,MELB_URBAN,ROAD,4,8.0
77957,1,5,121,2,1,60.0,0,I,MELB_URBAN,ROAD,4,8.0
77958,1,6,110,1,2,70.0,0,I,LARGE_PROVINCIAL_CITIES,ROAD,4,8.0
77959,1,6,116,2,1,60.0,0,I,MELB_URBAN,ROAD,4,9.0
77960,4,6,183,5,1,60.0,0,N,MELB_URBAN,ROAD,4,8.0
77961,1,6,99,5,1,60.0,0,N,LARGE_PROVINCIAL_CITIES,HIGHWAY,4,9.0
77962,1,5,120,5,3,60.0,0,N,MELB_URBAN,ROAD,4,19.0
77963,4,6,173,5,1,80.0,0,N,MELB_URBAN,ROAD,4,9.0
77964,2,5,99,5,1,60.0,0,N,MELB_URBAN,STREET,4,8.0
77965,6,6,99,5,1,100.0,0,N,RURAL_VICTORIA,ROAD,4,11.0
77966,2,6,100,2,1,50.0,0,N,MELB_URBAN,STREET,4,8.0
77967,4,5,171,5,1,100.0,0,N,RURAL_VICTORIA,ROAD,4,11.0
77968,4,7,181,5,5,100.0,0,N,RURAL_VICTORIA,ROAD,4,23.0
77969,4,6,181,5,1,60.0,0,N,MELB_URBAN,ROAD,4,10.0
77970,1,6,121,5,2,60.0,0,N,MELB_URBAN,ROAD,4,6.0
77971,1,2,99,2,9,50.0,0,I,LARGE_PROVINCIAL_CITIES,STREET,2,9.0
77972,1,5,130,5,1,80.0,0,N,MELB_URBAN,UNKNOWN,4,7.0
77973,1,0,121,2,1,60.0,0,I,LARGE_PROVINCIAL_CITIES,ROAD,2,12.0
77974,4,6,181,5,5,100.0,0,N,RURAL_VICTORIA,ROAD,4,5.0
77975,1,6,120,2,1,60.0,0,N,MELB_URBAN,ROAD,4,9.0
77976,4,6,171,2,1,60.0,0,I,MELB_URBAN,ROAD,4,13.0
77977,8,5,99,5,1,100.0,0,N,RURAL_VICTORIA,HIGHWAY,3,11.0
77978,1,6,121,2,1,60.0,0,I,MELB_URBAN,STREET,4,10.0
77979,1,1,130,5,1,60.0,0,N,LARGE_PROVINCIAL_CITIES,ROAD,4,12.0
77980,1,6,120,5,1,100.0,0,N,RURAL_VICTORIA,ROAD,4,12.0
77981,1,2,110,1,9,60.0,0,I,MELB_URBAN,ROAD,4,10.0
77982,6,6,184,5,1,100.0,0,N,RURAL_VICTORIA,HIGHWAY,4,14.0
77983,1,5,121,5,3,50.0,0,N,MELB_URBAN,ROAD,3,5.0
77984,1,6,120,5,1,100.0,0,N,RURAL_VICTORIA,ROAD,4,15.0
77985,4,6,173,5,1,50.0,0,N,SMALL_CITIES,STREET,4,14.0
77986,1,6,183,5,1,60.0,1,N,MELB_URBAN,DRIVE,4,12.0
77987,1,5,133,5,1,60.0,0,N,RURAL_VICTORIA,ROAD,4,15.0
77988,4,6,183,5,2,110.0,0,N,RURAL_VICTORIA,FREEWAY,4,17.0
77989,1,5,99,5,1,60.0,0,N,MELB_URBAN,ROAD,4,14.0
77990,1,6,120,5,1,100.0,1,N,RURAL_VICTORIA,HIGHWAY,4,13.0
77991,4,6,173,5,3,60.0,0,N,MELB_URBAN,DRIVE,4,17.0
77992,8,5,170,5,1,60.0,0,N,MELB_URBAN,ROAD,1,16.0
77993,1,6,121,1,1,60.0,0,I,MELB_URBAN,STREET,4,17.0
77994,1,6,130,5,1,40.0,0,N,MELB_URBAN,ROAD,4,11.0
77995,1,6,121,5,3,80.0,0,N,MELB_URBAN,HIGHWAY,4,17.0
77996,1,5,121,2,3,60.0,0,I,MELB_URBAN,STREET,4,19.0
77997,1,5,130,5,1,50.0,0,N,MELB_URBAN,ROAD,4,17.0
77998,1,6,140,1,3,40.0,0,I,MELBOURNE_CBD,OTHER,4,18.0
77999,1,6,110,1,3,50.0,0,I,MELB_URBAN,AVENUE,4,18.0
78000,1,6,121,1,3,70.0,0,I,MELB_URBAN,ROAD,4,18.0
78001,1,6,120,5,1,70.0,0,N,MELB_URBAN,STREET,4,16.0
78002,1,6,130,5,1,60.0,0,N,MELB_URBAN,ROAD,4,15.0
78003,1,6,130,5,1,60.0,0,N,MELB_URBAN,HIGHWAY,4,15.0
78004,2,6,100,2,3,70.0,0,I,LARGE_PROVINCIAL_CITIES,OTHER,4,19.0
78005,1,6,130,5,1,60.0,0,N,RURAL_VICTORIA,ROAD,4,15.0
78006,1,1,121,4,1,60.0,0,I,SMALL_CITIES,OTHER,2,7.0
78007,1,6,147,5,3,50.0,0,N,MELB_URBAN,DRIVE,4,18.0