,accident_type,day_of_week,dca_code,road_geometry,light_condition,speed_zone,severity,node_type,deg_urban_name,road_type,month,hour
78008,4,6,173,5,5,100.0,1,N,TOWNS,HIGHWAY,4,19.0
78009,4,6,183,5,5,100.0,0,N,RURAL_VICTORIA,ROAD,4,19.0
78010,1,5,120,5,3,100.0,0,N,MELB_URBAN,FREEWAY,4,2.0
78011,2,6,102,1,3,50.0,1,I,SMALL_CITIES,ROAD,4,21.0
78012,1,4,121,2,3,80.0,0,I,MELB_URBAN,HIGHWAY,4,18.0
78013,4,7,171,1,3,60.0,0,I,MELB_URBAN,OTHER,4,0.0
78014,2,6,99,5,1,60.0,0,N,MELB_URBAN,STREET,4,16.0
78015,1,6,130,5,1,100.0,0,N,MELB_URBAN,FREEWAY,4,8.0
78016,4,7,181,5,1,100.0,0,N,RURAL_VICTORIA,ROAD,4,8.0
78017,1,7,132,5,1,60.0,0,N,LARGE_PROVINCIAL_CITIES,ROAD,1,16.0
78018,2,7,99,5,1,40.0,0,N,MELB_URBAN,STREET,4,11.0
78019,1,5,130,2,6,80.0,0,I,MELB_URBAN,ROAD,4,18.0
78020,1,5,130,5,1,110.0,0,N,RURAL_VICTORIA,FREEWAY,4,14.0
78021,8,7,99,5,1,100.0,0,N,RURAL_VICTORIA,ROAD,4,10.0
78022,1,6,110,1,1,60.0,0,I,SMALL_CITIES,STREET,4,10.0
78023,4,7,171,5,1,100.0,0,N,RURAL_VICTORIA,HIGHWAY,4,11.0
78024,4,2,173,5,1,80.0,0,N,RURAL_VICTORIA,ROAD,4,7.0
78025,1,6,110,1,3,50.0,0,I,TOWNS,STREET,4,19.0
78026,4,7,183,5,1,80.0,0,N,RURAL_VICTORIA,HIGHWAY,4,12.0
78027,1,6,113,2,1,60.0,0,I,LARGE_PROVINCIAL_CITIES,ROAD,4,14.0
78028,4,7,173,5,1,100.0,0,N,RURAL_VICTORIA,OTHER,4,13.0
78029,2,3,99,4,9,40.0,0,N,MELB_URBAN,STREET,2,10.0
78030,5,6,99,5,1,100.0,0,N,RURAL_VICTORIA,ROAD,4,10.0
78031,6,7,174,5,1,80.0,0,N,RURAL_VICTORIA,ROAD,4,14.0
78032,6,7,170,5,3,60.0,0,N,MELB_URBAN,STREET,4,17.0
78033,1,7,120,1,3,60.0,0,N,LARGE_PROVINCIAL_CITIES,HIGHWAY,4,19.0
78034,1,6,120,5,3,60.0,0,N,MELB_URBAN,STREET,4,18.0
78035,1,5,121,2,1,60.0,0,N,MELB_URBAN,ROAD,4,15.0
78036,1,7,134,2,3,80.0,0,I,RURAL_VICTORIA,HIGHWAY,4,20.0
78037,1,3,130,5,1,60.0,0,N,MELB_URBAN,UNKNOWN,4,10.0
78038,4,7,173,5,3,80.0,0,N,MELB_URBAN,ROAD,4,21.0
78039,1,7,121,4,3,70.0,0,N,MELB_URBAN,ROAD,4,19.0
78040,1,6,110,1,3,60.0,0,I,LARGE_PROVINCIAL_CITIES,STREET,4,3.0
78041,1,7,110,1,1,100.0,0,I,RURAL_VICTORIA,ROAD,4,17.0
78042,1,7,171,1,3,60.0,0,I,TOWNS,HIGHWAY,4,22.0
78043,4,6,181,5,5,80.0,0,N,TOWNS,ROAD,4,4.0
78044,4,7,171,5,3,50.0,0,N,MELB_URBAN,STREET,4,22.0
78045,4,1,99,2,5,60.0,0,I,RURAL_VICTORIA,ROAD,4,3.0
78046,4,6,171,5,1,60.0,0,N,RURAL_VICTORIA,ROAD,4,12.0
78047,1,0,111,2,1,50.0,0,I,MELB_URBAN,STREET,4,10.0
78048,4,6,181,5,5,80.0,0,N,RURAL_VICTORIA,ROAD,4,18.0
78049,1,7,163,5,1,40.0,0,N,MELB_URBAN,ROAD,4,14.0
78050,2,1,100,1,1,60.0,0,I,MELB_URBAN,STREET,4,11.0
78051,2,1,99,5,1,60.0,0,N,TOWNS,ROAD,4,10.0
78052,1,5,130,5,2,100.0,0,N,MELB_URBAN,FREEWAY,4,7.0
78053,1,2,121,5,1,60.0,0,N,TOWNS,HIGHWAY,4,12.0
78054,1,0,132,5,1,100.0,0,N,RURAL_VICTORIA,HIGHWAY,4,14.0
78055,1,0,121,2,1,80.0,0,I,MELB_URBAN,ROAD,4,13.0
78056,8,0,184,5,1,60.0,0,N,RURAL_VICTORIA,ROAD,4,10.0
78057,2,0,102,5,1,50.0,0,N,SMALL_CITIES,ROAD,4,16.0
78058,1,1,110,1,1,50.0,0,I,MELB_URBAN,OTHER,4,16.0
78059,1,1,113,2,1,100.0,0,I,RURAL_VICTORIA,HIGHWAY,4,14.0
78060,1,1,120,5,1,100.0,0,N,RURAL_VICTORIA,ROAD,4,14.0
78061,4,1,171,5,1,100.0,0,N,RURAL_VICTORIA,ROAD,4,14.0
78062,1,1,135,5,1,100.0,0,N,RURAL_VICTORIA,HIGHWAY,4,15.0
78063,4,1,173,5,3,60.0,0,N,MELB_URBAN,STREET,4,19.0
78064,1,1,110,1,3,60.0,0,I,MELB_URBAN,ROAD,4,20.0
78065,1,1,99,1,1,80.0,0,I,MELB_URBAN,ROAD,4,14.0
78066,1,1,147,5,3,60.0,0,N,MELB_URBAN,ROAD,4,20.0
78067,1,1,120,5,5,100.0,0,N,RURAL_VICTORIA,HIGHWAY,4,20.0
78068,1,1,120,5,1,100.0,1,N,RURAL_VICTORIA,ROAD,4,16.0
78069,1,2,130,1,1,60.0,0,I,TOWNS,STREET,4,16.0
78070,4,1,183,2,3,60.0,0,I,TOWNS,ROAD,4,20.0
78071,1,6,163,5,2,50.0,0,N,MELB_URBAN,STREET,4,17.0
78072,1,2,110,9,1,60.0,0,I,SMALL_CITIES,ROAD,4,8.0
78073,1,2,99,5,2,50.0,0,N,SMALL_CITIES,ROAD,4,7.0
78074,1,2,121,2,1,70.0,0,I,MELB_URBAN,ROAD,4,6.0
78075,6,6,99,5,1,100.0,0,N,RURAL_VICTORIA,ROAD,4,11.0
78076,6,4,184,2,1,60.0,0,I,RURAL_VICTORIA,ROAD,4,12.0
78077,1,2,110,1,1,50.0,0,I,MELB_URBAN,ROAD,4,11.0
78078,1,1,113,2,1,100.0,0,I,RURAL_VICTORIA,HIGHWAY,4,14.0
78079,1,2,113,1,1,70.0,0,I,MELB_URBAN,ROAD,4,8.0
78080,6,5,174,5,1,60.0,0,N,RURAL_VICTORIA,ROAD,3,10.0
78081,1,1,113,1,1,60.0,0,I,MELB_URBAN,PARADE,4,12.0
78082,8,3,99,5,1,60.0,0,N,MELB_URBAN,STREET,3,13.0
78083,1,2,120,5,1,80.0,0,N,RURAL_VICTORIA,ROAD,4,12.0
78084,1,2,113,2,9,60.0,0,I,LARGE_PROVINCIAL_CITIES,ROAD,4,2.0
78085,4,2,171,1,1,50.0,0,I,MELB_URBAN,AVENUE,4,11.0
78086,1,2,140,5,1,60.0,0,I,MELB_URBAN,ROAD,4,10.0
78087,1,2,110,1,1,60.0,0,I,SMALL_TOWNS,HIGHWAY,4,12.0
78088,1,2,147,5,1,80.0,0,N,MELB_URBAN,OTHER,4,15.0
78089,1,2,99,5,1,50.0,0,N,MELB_URBAN,OTHER,4,15.0
78090,1,2,130,5,1,80.0,0,N,MELB_URBAN,HIGHWAY,4,14.0
78091,1,2,130,2,9,60.0,0,I,MELB_URBAN,ROAD,4,10.0
78092,8,4,174,5,1,50.0,0,N,MELB_URBAN,ROAD,3,13.0
78093,1,1,133,5,1,50.0,0,N,MELB_URBAN,STREET,4,16.0
78094,6,2,174,5,1,100.0,0,N,RURAL_VICTORIA,OTHER,4,15.0
78095,2,3,102,5,2,40.0,0,N,MELB_URBAN,ROAD,4,18.0
78096,1,2,121,1,3,80.0,0,I,MELB_URBAN,ROAD,4,19.0
78097,1,6,130,1,1,60.0,0,N,MELB_URBAN,ROAD,4,9.0
78098,4,2,173,5,1,60.0,0,N,RURAL_VICTORIA,ROAD,4,15.0
78099,1,1,130,5,1,60.0,0,N,MELB_URBAN,ROAD,3,16.0
78100,1,2,113,1,3,50.0,0,I,MELB_URBAN,STREET,4,20.0
78101,1,2,99,2,3,60.0,0,N,MELB_URBAN,STREET,4,19.0
78102,8,2,99,5,3,50.0,0,N,TOWNS,STREET,4,23.0
78103,1,2,163,5,3,40.0,0,N,MELBOURNE_CBD,STREET,4,18.0
78104,1,7,113,2,2,50.0,0,I,MELB_URBAN,OTHER,4,17.0
78105,1,5,99,1,1,60.0,0,I,MELB_URBAN,ROAD,4,15.0
78106,1,2,121,2,1,60.0,0,I,MELB_URBAN,STREET,4,17.0
78107,6,3,184,2,5,100.0,0,I,RURAL_VICTORIA,ROAD,4,4.0
78108,1,3,120,5,1,50.0,0,N,SMALL_CITIES,STREET,4,10.0
78109,6,2,174,5,1,60.0,0,N,RURAL_VICTORIA,ROAD,4,11.0
78110,1,3,133,5,1,40.0,0,N,MELB_URBAN,STREET,4,11.0
78111,1,6,99,2,1,50.0,0,I,MELB_URBAN,ROAD,3,16.0
78112,1,3,110,1,1,100.0,0,I,RURAL_VICTORIA,ROAD,4,9.0
78113,1,2,130,5,1,80.0,0,N,MELB_URBAN,HIGHWAY,4,12.0
78114,2,1,102,1,9,40.0,0,I,MELBOURNE_CBD,STREET,4,11.0
78115,1,3,130,1,1,60.0,0,I,MELB_URBAN,ROAD,4,12.0
78116,1,3,130,1,9,80.0,0,N,MELB_URBAN,HIGHWAY,4,12.0
78117,1,2,110,1,1,50.0,0,I,MELB_URBAN,STREET,4,12.0
78118,4,3,181,5,1,100.0,0,N,RURAL_VICTORIA,OTHER,4,10.0
78119,4,2,181,5,1,100.0,0,N,RURAL_VICTORIA,ROAD,4,12.0
78120,1,5,130,2,1,80.0,0,I,MELB_URBAN,ROAD,3,8.0
78121,4,3,181,5,1,100.0,0,N,RURAL_VICTORIA,HIGHWAY,4,12.0
78122,6,1,99,5,9,40.0,0,N,RURAL_VICTORIA,ROAD,4,10.0
78123,1,2,99,5,1,60.0,0,N,MELB_URBAN,HIGHWAY,4,15.0
78124,2,2,99,5,1,50.0,0,N,LARGE_PROVINCIAL_CITIES,OTHER,4,10.0
78125,1,4,130,2,1,40.0,0,I,MELB_URBAN,STREET,4,11.0
78126,4,2,171,2,9,60.0,0,I,MELB_URBAN,DRIVE,4,3.0
78127,4,3,171,2,1,60.0,0,I,MELB_URBAN,ROAD,4,16.0
78128,5,2,99,5,5,100.0,0,N,RURAL_VICTORIA,HIGHWAY,4,18.0
78129,4,3,183,5,2,70.0,0,N,TOWNS,ROAD,4,17.0
78130,1,5,134,2,1,60.0,0,N,SMALL_CITIES,HIGHWAY,4,14.0
78131,1,2,113,2,3,100.0,0,I,RURAL_VICTORIA,HIGHWAY,4,18.0
78132,1,3,99,2,1,80.0,0,I,MELB_URBAN,HIGHWAY,4,15.0
78133,2,2,99,5,1,50.0,0,N,SMALL_CITIES,ROAD,4,15.0
78134,1,3,121,1,1,50.0,0,I,MELBOURNE_CBD,STREET,4,15.0
78135,1,5,130,5,2,100.0,0,N,MELB_URBAN,FREEWAY,4,17.0
78136,1,3,121,2,3,60.0,1,I,MELB_URBAN,AVENUE,4,18.0
78137,1,3,120,2,3,80.0,0,I,MELB_URBAN,ROAD,4,22.0
78138,1,2,121,1,3,60.0,0,I,MELB_URBAN,ROAD,4,22.0
78139,4,3,171,5,5,60.0,0,N,MELB_URBAN,ROAD,4,21.0
78140,4,1,171,5,5,100.0,0,N,RURAL_VICTORIA,ROAD,12,4.0
78141,6,3,174,5,2,100.0,0,N,RURAL_VICTORIA,ROAD,4,17.0
78142,1,3,121,5,1,60.0,0,N,SMALL_CITIES,ROAD,4,10.0
78143,1,3,147,5,1,60.0,0,N,MELB_URBAN,ROAD,4,7.0
78144,1,3,140,2,1,80.0,0,I,MELB_URBAN,ROAD,4,6.0
78145,1,4,113,2,1,60.0,0,I,RURAL_VICTORIA,HIGHWAY,4,7.0
78146,4,3,181,2,1,100.0,0,I,RURAL_VICTORIA,ROAD,4,11.0
78147,2,2,99,5,1,60.0,0,N,MELB_URBAN,ROAD,3,12.0
78148,3,4,167,5,1,100.0,0,N,RURAL_VICTORIA,OTHER,4,8.0
78149,4,3,173,5,1,100.0,0,N,RURAL_VICTORIA,HIGHWAY,4,7.0
78150,1,4,120,5,1,60.0,0,N,RURAL_VICTORIA,ROAD,4,9.0
78151,4,3,183,5,1,100.0,0,N,RURAL_VICTORIA,HIGHWAY,4,9.0
78152,1,7,130,2,3,80.0,0,I,MELB_URBAN,ROAD,4,18.0
78153,1,2,121,1,1,40.0,0,I,MELB_URBAN,STREET,4,17.0
78154,1,4,121,5,1,50.0,0,N,TOWNS,DRIVE,4,8.0
78155,4,4,183,5,1,100.0,0,N,RURAL_VICTORIA,HIGHWAY,4,8.0
78156,1,4,111,1,1,80.0,0,I,MELB_URBAN,ROAD,4,12.0
78157,2,4,100,1,1,40.0,0,I,MELB_URBAN,PARADE,4,11.0
78158,1,3,113,2,1,80.0,0,I,MELB_URBAN,ROAD,4,10.0
78159,6,4,174,5,1,40.0,0,N,MELB_URBAN,ROAD,4,9.0
78160,4,3,173,5,1,70.0,0,N,MELB_URBAN,ROAD,4,16.0
78161,2,4,102,5,1,40.0,0,N,MELB_URBAN,HIGHWAY,4,12.0
78162,2,4,102,1,1,50.0,0,I,MELB_URBAN,STREET,4,12.0
78163,1,1,130,5,1,100.0,0,N,RURAL_VICTORIA,FREEWAY,4,9.0
78164,1,4,130,1,1,70.0,0,I,MELB_URBAN,ROAD,4,10.0
78165,1,4,120,2,1,60.0,0,N,MELB_URBAN,ROAD,4,12.0
78166,1,2,132,5,3,70.0,0,I,MELB_URBAN,ROAD,4,18.0
78167,1,4,120,5,1,100.0,0,N,RURAL_VICTORIA,OTHER,4,13.0
78168,2,6,100,1,1,50.0,0,I,SMALL_CITIES,STREET,4,16.0
78169,1,3,113,1,1,80.0,0,I,MELB_URBAN,RAMP,4,16.0
78170,4,4,173,5,1,100.0,0,N,RURAL_VICTORIA,ROAD,4,14.0
78171,1,4,120,5,1,70.0,0,N,MELB_URBAN,ROAD,4,14.0
78172,8,3,184,5,9,60.0,0,N,RURAL_VICTORIA,HIGHWAY,1,12.0
78173,6,4,174,5,1,40.0,0,N,MELB_URBAN,HIGHWAY,4,8.0
78174,6,4,99,5,1,100.0,0,N,RURAL_VICTORIA,ROAD,4,16.0
78175,1,4,110,1,3,60.0,0,I,MELB_URBAN,STREET,4,17.0
78176,2,4,102,1,3,40.0,0,I,MELB_URBAN,STREET,4,18.0
78177,1,4,121,5,1,50.0,0,N,MELB_URBAN,DRIVE,3,9.0
78178,1,4,120,5,3,60.0,0,N,MELB_URBAN,ROAD,4,20.0
78179,8,7,184,5,1,60.0,0,N,RURAL_VICTORIA,ROAD,2,9.0
78180,1,3,130,1,1,40.0,0,I,MELB_URBAN,STREET,4,8.0
78181,1,0,99,2,6,50.0,0,I,MELB_URBAN,ROAD,3,21.0
78182,6,7,174,1,1,40.0,0,I,LARGE_PROVINCIAL_CITIES,STREET,4,12.0
78183,8,4,99,5,3,60.0,0,N,RURAL_VICTORIA,FREEWAY,4,23.0
78184,2,5,100,1,3,40.0,0,I,MELBOURNE_CBD,STREET,4,0.0
78185,2,4,102,5,3,60.0,0,N,MELB_URBAN,ROAD,4,18.0
78186,2,5,102,2,3,50.0,0,I,MELB_URBAN,ROAD,4,5.0
78187,1,4,113,2,1,60.0,0,I,MELB_URBAN,ROAD,4,12.0
78188,2,5,99,5,3,50.0,0,N,MELB_URBAN,STREET,4,6.0
78189,1,3,147,5,1,60.0,0,N,SMALL_CITIES,OTHER,4,11.0
78190,1,5,113,2,1,80.0,0,I,RURAL_VICTORIA,ROAD,3,15.0
78191,1,5,110,1,1,50.0,0,I,SMALL_CITIES,ROAD,4,7.0
78192,5,2,99,9,1,60.0,0,N,RURAL_VICTORIA,OTHER,4,11.0
78193,1,5,121,1,1,60.0,0,I,MELB_URBAN,STREET,4,8.0
78194,1,7,99,2,1,60.0,0,I,MELB_URBAN,PARADE,4,13.0
78195,1,4,111,2,3,60.0,0,I,MELB_URBAN,ROAD,4,19.0
78196,1,4,130,5,1,60.0,0,N,LARGE_PROVINCIAL_CITIES,HIGHWAY,4,16.0
78197,1,5,110,4,1,50.0,0,I,MELB_URBAN,STREET,4,8.0
78198,1,5,130,2,1,60.0,0,I,MELB_URBAN,ROAD,1,16.0
78199,1,7,120,5,1,100.0,0,N,RURAL_VICTORIA,ROAD,4,13.0
78200,1,5,113,2,1,60.0,0,I,MELB_URBAN,ROAD,4,8.0
78201,1,4,130,2,1,40.0,0,I,MELB_URBAN,STREET,4,8.0
78202,4,5,181,5,1,60.0,0,N,MELB_URBAN,ROAD,4,9.0
78203,1,2,130,1,1,60.0,0,I,TOWNS,STREET,4,14.0
78204,1,5,147,2,9,50.0,0,I,MELB_URBAN,STREET,4,15.0
78205,1,6,130,1,4,80.0,0,I,MELB_URBAN,HIGHWAY,4,19.0
78206,2,1,102,5,1,60.0,0,N,SMALL_CITIES,ROAD,4,15.0
78207,8,2,99,5,9,40.0,0,N,MELB_URBAN,STREET,4,11.0
78208,1,3,130,1,1,60.0,0,I,MELB_URBAN,ROAD,4,17.0
78209,8,5,174,1,1,50.0,0,I,MELB_URBAN,AVENUE,4,8.0
78210,5,1,99,5,1,60.0,0,N,RURAL_VICTORIA,ROAD,4,11.0
78211,1,5,121,1,3,80.0,0,N,MELB_URBAN,ROAD,4,20.0
78212,1,5,133,5,2,60.0,0,N,LARGE_PROVINCIAL_CITIES,STREET,4,6.0
78213,4,3,171,5,3,50.0,0,N,SMALL_CITIES,OTHER,4,21.0
78214,1,5,110,1,1,70.0,0,I,LARGE_PROVINCIAL_CITIES,ROAD,4,9.0
78215,1,4,130,5,1,100.0,0,N,MELB_URBAN,ROAD,4,13.0
78216,1,5,120,1,1,60.0,0,I,MELB_URBAN,STREET,4,11.0
78217,4,5,181,5,1,60.0,0,N,RURAL_VICTORIA,STREET,4,10.0
78218,1,6,110,1,1,60.0,0,I,MELB_URBAN,ROAD,4,17.0
78219,1,4,121,1,3,60.0,0,I,MELB_URBAN,STREET,4,17.0
78220,1,4,130,5,1,60.0,0,N,MELB_URBAN,HIGHWAY,4,12.0
78221,1,5,110,1,3,80.0,0,I,MELB_URBAN,ROAD,4,18.0
78222,1,5,121,1,3,60.0,0,I,MELB_URBAN,ROAD,4,18.0
78223,1,5,135,5,2,60.0,0,I,MELB_URBAN,FREEWAY,4,6.0
78224,4,5,171,5,3,60.0,0,N,LARGE_PROVINCIAL_CITIES,HIGHWAY,4,18.0
78225,1,5,99,5,3,60.0,0,N,MELB_URBAN,ROAD,4,18.0
78226,1,5,135,5,5,100.0,0,N,MELB_URBAN,OTHER,4,20.0
78227,1,4,147,5,1,60.0,0,N,MELB_URBAN,ROAD,4,16.0
78228,1,4,130,5,1,60.0,0,N,LARGE_PROVINCIAL_CITIES,ROAD,3,16.0
78229,1,4,110,4,1,50.0,0,I,SMALL_CITIES,HIGHWAY,4,16.0
78230,1,5,110,1,3,60.0,0,I,TOWNS,STREET,4,23.0
78231,1,6,130,5,1,60.0,0,N,SMALL_CITIES,ROAD,4,7.0
78232,4,6,173,5,1,60.0,0,N,RURAL_VICTORIA,ROAD,4,9.0
78233,9,4,99,5,3,50.0,0,N,MELB_URBAN,ROAD,1,5.0
78234,1,4,99,2,1,50.0,0,I,LARGE_PROVINCIAL_CITIES,STREET,4,20.0
78235,3,6,167,5,5,100.0,0,N,RURAL_VICTORIA,ROAD,4,2.0
78236,8,0,99,2,1,80.0,0,I,RURAL_VICTORIA,ROAD,4,14.0
78237,1,5,110,1,1,60.0,0,I,SMALL_CITIES,ROAD,4,12.0
78238,8,6,174,4,1,60.0,0,I,LARGE_PROVINCIAL_CITIES,ROAD,4,12.0
78239,6,5,174,1,3,50.0,0,I,TOWNS,STREET,4,7.0
78240,8,6,174,5,1,60.0,0,N,RURAL_VICTORIA,ROAD,4,11.0
78241,6,7,174,5,1,60.0,0,N,RURAL_VICTORIA,OTHER,4,16.0
78242,1,5,121,1,2,60.0,0,I,MELB_URBAN,ROAD,4,7.0
78243,1,6,120,5,1,100.0,0,N,RURAL_VICTORIA,ROAD,4,13.0
78244,1,6,130,5,1,100.0,0,N,MELB_URBAN,FREEWAY,3,17.0
78245,1,4,140,5,1,50.0,0,N,SMALL_CITIES,STREET,4,16.0
78246,1,4,110,1,1,60.0,0,I,LARGE_PROVINCIAL_CITIES,STREET,4,17.0
78247,1,5,130,2,3,60.0,0,I,MELB_URBAN,ROAD,3,22.0
78248,1,5,99,2,1,80.0,0,I,RURAL_VICTORIA,ROAD,11,17.0
78249,1,6,121,1,1,60.0,0,I,MELB_URBAN,ROAD,4,16.0
78250,1,6,130,5,1,70.0,0,N,MELB_URBAN,ROAD,2,12.0
78251,1,6,121,2,1,50.0,0,I,MELB_URBAN,ROAD,4,16.0
78252,1,6,130,1,1,60.0,0,I,LARGE_PROVINCIAL_CITIES,OTHER,4,16.0
78253,1,5,130,5,5,80.0,0,N,MELB_URBAN,FREEWAY,4,18.0
78254,1,5,130,2,3,50.0,0,I,LARGE_PROVINCIAL_CITIES,STREET,4,18.0
78255,1,5,163,5,9,70.0,0,N,MELB_URBAN,ROAD,4,7.0
78256,1,6,121,2,1,80.0,0,N,MELB_URBAN,ROAD,4,14.0
78257,2,5,102,5,3,70.0,0,N,MELB_URBAN,ROAD,4,19.0
78258,1,6,132,5,2,60.0,0,I,MELB_URBAN,ROAD,4,17.0
78259,4,5,181,5,3,50.0,0,N,TOWNS,ROAD,4,21.0
78260,7,6,99,1,3,60.0,0,I,SMALL_CITIES,STREET,4,22.0
78261,4,5,173,5,3,60.0,0,N,MELB_URBAN,STREET,4,2.0
78262,4,7,181,5,5,100.0,0,N,RURAL_VICTORIA,HIGHWAY,4,2.0
78263,1,7,160,5,3,50.0,0,N,MELB_URBAN,STREET,4,2.0
78264,2,7,100,5,1,60.0,0,N,MELB_URBAN,ROAD,4,8.0
78265,1,5,130,5,3,80.0,0,N,MELB_URBAN,ROAD,4,17.0
78266,1,5,130,5,6,80.0,0,N,MELB_URBAN,ROAD,4,18.0
78267,1,7,99,4,1,50.0,0,I,RURAL_VICTORIA,BOULEVARD,4,11.0
78268,1,7,110,1,1,60.0,0,I,MELB_URBAN,STREET,4,11.0
78269,8,7,174,5,1,60.0,0,N,MELB_URBAN,ROAD,4,12.0
78270,4,7,181,5,1,100.0,0,N,RURAL_VICTORIA,OTHER,4,11.0
78271,1,5,111,2,1,60.0,0,I,SMALL_TOWNS,ROAD,4,15.0
78272,4,6,183,5,1,60.0,0,N,RURAL_VICTORIA,OTHER,4,9.0
78273,1,7,121,2,1,80.0,0,I,MELB_URBAN,ROAD,4,12.0
78274,1,6,130,2,1,70.0,0,I,LARGE_PROVINCIAL_CITIES,HIGHWAY,4,13.0
78275,1,6,113,2,1,60.0,0,I,LARGE_PROVINCIAL_CITIES,STREET,4,13.0
78276,1,7,130,1,1,80.0,0,I,MELB_URBAN,HIGHWAY,4,8.0
78277,4,7,183,5,1,100.0,0,N,RURAL_VICTORIA,ROAD,4,10.0
78278,1,6,99,1,3,60.0,0,I,MELB_URBAN,ROAD,4,17.0
78279,1,4,130,5,1,70.0,0,N,MELB_URBAN,ROAD,4,16.0
78280,1,7,130,5,1,60.0,0,N,MELB_URBAN,FREEWAY,4,9.0
78281,1,7,130,5,3,60.0,0,N,MELB_URBAN,STREET,4,18.0
78282,1,7,130,2,3,80.0,0,N,MELB_URBAN,ROAD,4,19.0
78283,1,7,111,2,3,50.0,0,I,MELB_URBAN,DRIVE,4,19.0
78284,7,0,99,1,3,60.0,0,I,MELB_URBAN,OTHER,4,1.0
78285,2,1,102,1,6,60.0,0,I,MELB_URBAN,STREET,4,23.0
78286,8,1,170,5,5,60.0,0,N,MELB_URBAN,ROAD,4,2.0
78287,4,1,171,5,5,100.0,0,N,RURAL_VICTORIA,ROAD,4,0.0
78288,4,1,171,2,3,50.0,0,I,MELB_URBAN,DRIVE,4,3.0
78289,1,6,113,2,1,80.0,0,I,MELB_URBAN,ROAD,4,18.0
78290,4,7,183,5,1,100.0,0,N,RURAL_VICTORIA,ROAD,4,16.0
78291,1,0,121,5,2,60.0,0,I,SMALL_CITIES,HIGHWAY,4,6.0
78292,2,1,102,5,2,50.0,0,N,LARGE_PROVINCIAL_CITIES,STREET,4,17.0
78293,1,1,113,2,1,50.0,0,I,MELB_URBAN,ROAD,4,11.0
78294,1,3,130,1,1,80.0,0,I,MELB_URBAN,ROAD,4,14.0
78295,1,1,121,5,1,50.0,0,N,MELB_URBAN,ROAD,4,8.0
78296,1,1,111,2,1,100.0,0,I,RURAL_VICTORIA,ROAD,4,12.0
78297,6,1,174,5,1,100.0,0,N,RURAL_VICTORIA,OTHER,4,15.0
78298,1,7,130,5,3,100.0,0,N,MELB_URBAN,OTHER,4,21.0
78299,1,1,113,2,1,100.0,0,I,RURAL_VICTORIA,ROAD,4,10.0
78300,1,1,120,5,1,30.0,0,N,RURAL_VICTORIA,ROAD,4,13.0
78301,6,1,184,5,1,70.0,1,N,RURAL_VICTORIA,ROAD,4,9.0
78302,4,0,171,5,1,60.0,0,N,MELB_URBAN,ROAD,4,13.0
78303,1,4,111,2,1,60.0,0,I,MELB_URBAN,ROAD,2,16.0
78304,1,7,121,1,3,60.0,0,I,MELB_URBAN,ROAD,4,19.0
78305,1,7,116,2,1,80.0,0,I,MELB_URBAN,ROAD,4,10.0
78306,4,6,171,9,5,60.0,0,UNKNOWN,UNKNOWN,UNKNOWN,4,3.0
78307,1,1,121,1,1,50.0,0,I,MELB_URBAN,ROAD,4,15.0
78308,4,1,171,5,1,100.0,0,N,RURAL_VICTORIA,HIGHWAY,4,14.0
78309,1,1,110,1,1,60.0,0,I,TOWNS,ROAD,4,13.0
78310,4,0,181,5,1,100.0,0,N,RURAL_VICTORIA,ROAD,4,15.0
78311,1,1,133,5,1,70.0,0,N,MELB_URBAN,ROAD,4,15.0
78312,1,1,99,2,2,80.0,0,I,RURAL_VICTORIA,ROAD,4,17.0
78313,1,1,99,5,3,40.0,0,N,MELB_URBAN,STREET,4,18.0
78314,1,1,134,5,1,100.0,0,N,RURAL_VICTORIA,UNKNOWN,4,17.0
78315,1,7,110,1,1,60.0,0,I,TOWNS,UNKNOWN,4,17.0
78316,6,2,174,5,1,100.0,0,N,RURAL_VICTORIA,ROAD,5,7.0
78317,1,1,130,5,1,60.0,0,N,MELB_URBAN,ROAD,5,9.0
78318,1,1,99,5,1,60.0,0,N,MELB_URBAN,ROAD,4,17.0
78319,8,7,99,5,1,60.0,0,N,RURAL_VICTORIA,UNKNOWN,4,13.0
78320,1,0,130,5,1,60.0,0,N,MELB_URBAN,ROAD,4,8.0
78321,1,5,160,5,1,60.0,0,N,MELB_URBAN,AVENUE,4,15.0
78322,1,2,130,5,1,80.0,0,N,MELB_URBAN,UNKNOWN,5,6.0
78323,1,1,116,1,3,60.0,0,I,MELB_URBAN,STREET,4,20.0
78324,1,6,130,5,1,60.0,0,N,LARGE_PROVINCIAL_CITIES,HIGHWAY,4,10.0
78325,1,1,130,4,2,60.0,0,I,MELB_URBAN,ROAD,4,6.0
78326,6,2,99,5,1,80.0,0,N,RURAL_VICTORIA,ROAD,5,14.0
78327,4,1,99,5,1,50.0,0,N,TOWNS,BOULEVARD,5,8.0
78328,1,1,135,1,1,60.0,0,N,MELB_URBAN,ROAD,5,12.0
78329,1,2,147,5,1,60.0,0,I,MELB_URBAN,ROAD,5,14.0
78330,1,2,130,5,1,100.0,0,N,MELB_URBAN,ROAD,5,9.0
78331,1,4,99,2,9,80.0,0,I,MELB_URBAN,FREEWAY,1,9.0
78332,5,5,99,5,1,80.0,0,N,MELB_URBAN,UNKNOWN,4,15.0
78333,2,2,100,2,1,60.0,0,I,MELB_URBAN,ROAD,5,8.0
78334,1,1,130,1,1,70.0,0,I,MELB_URBAN,ROAD,4,16.0
78335,4,2,171,1,1,60.0,1,I,LARGE_PROVINCIAL_CITIES,STREET,5,13.0
78336,1,1,99,5,1,60.0,0,N,MELB_URBAN,ROAD,5,16.0
78337,8,1,170,5,4,100.0,0,N,RURAL_VICTORIA,HIGHWAY,5,18.0