,accident_type,day_of_week,dca_code,road_geometry,light_condition,speed_zone,severity,node_type,deg_urban_name,road_type,month,hour
79001,4,6,173,5,1,100.0,0,N,RURAL_VICTORIA,ROAD,5,9.0
79002,4,6,99,5,1,50.0,0,N,MELB_URBAN,STREET,5,11.0
79003,1,6,110,1,1,80.0,0,I,RURAL_VICTORIA,ROAD,5,9.0
79004,1,5,171,3,1,80.0,0,N,SMALL_CITIES,ROAD,5,10.0
79005,1,6,99,5,1,100.0,0,N,RURAL_VICTORIA,ROAD,5,9.0
79006,1,6,130,5,1,80.0,0,N,RURAL_VICTORIA,OTHER,5,12.0
79007,1,0,130,5,3,70.0,0,N,MELB_URBAN,HIGHWAY,5,2.0
79008,1,4,132,1,6,40.0,0,I,MELB_URBAN,ROAD,5,17.0
79009,4,5,181,5,2,50.0,0,N,MELB_URBAN,ROAD,5,6.0
79010,1,6,135,5,1,100.0,0,N,MELB_URBAN,FREEWAY,3,11.0
79011,6,3,174,2,5,70.0,0,I,MELB_URBAN,DRIVE,5,22.0
79012,8,6,170,3,1,60.0,0,I,RURAL_VICTORIA,OTHER,3,15.0
79013,1,6,130,5,1,60.0,0,N,MELB_URBAN,ROAD,5,15.0
79014,1,6,110,1,1,60.0,0,I,MELB_URBAN,ROAD,5,15.0
79015,1,5,135,1,1,50.0,0,I,MELB_URBAN,STREET,5,16.0
79016,6,6,99,5,1,60.0,0,N,RURAL_VICTORIA,OTHER,3,13.0
79017,1,6,147,5,1,60.0,0,N,MELB_URBAN,ROAD,5,13.0
79018,2,6,102,5,6,50.0,0,N,MELB_URBAN,OTHER,5,17.0
79019,2,6,102,2,3,60.0,0,I,MELB_URBAN,ROAD,5,17.0
79020,1,6,111,1,3,60.0,0,I,SMALL_CITIES,ROAD,5,18.0
79021,1,6,110,1,3,60.0,0,I,SMALL_CITIES,STREET,5,19.0
79022,1,6,147,5,9,50.0,0,N,MELB_URBAN,AVENUE,5,16.0
79023,6,6,174,5,3,80.0,0,N,MELB_URBAN,HIGHWAY,5,20.0
79024,4,5,171,2,3,70.0,0,I,MELB_URBAN,UNKNOWN,5,20.0
79025,1,4,130,5,3,100.0,0,N,MELB_URBAN,ROAD,5,18.0
79026,1,6,99,5,5,80.0,0,N,RURAL_VICTORIA,ROAD,5,19.0
79027,4,6,183,5,5,100.0,1,N,RURAL_VICTORIA,ROAD,5,23.0
79028,4,7,181,5,3,50.0,0,N,MELB_URBAN,OTHER,5,2.0
79029,1,7,130,5,3,100.0,0,N,MELB_URBAN,FREEWAY,5,3.0
79030,4,7,171,5,3,80.0,0,N,LARGE_PROVINCIAL_CITIES,ROAD,5,5.0
79031,1,7,121,2,1,80.0,0,I,MELB_URBAN,ROAD,5,7.0
79032,1,7,99,5,1,40.0,0,N,MELB_URBAN,OTHER,5,10.0
79033,1,7,130,5,1,70.0,0,N,TOWNS,HIGHWAY,5,9.0
79034,8,7,174,5,1,80.0,0,N,MELB_URBAN,DRIVE,5,9.0
79035,4,6,183,5,1,100.0,0,N,RURAL_VICTORIA,OTHER,5,9.0
79036,1,3,147,2,1,60.0,0,N,MELB_URBAN,DRIVE,3,15.0
79037,6,5,174,2,1,60.0,0,I,MELB_URBAN,STREET,5,15.0
79038,1,6,99,2,1,60.0,0,I,MELB_URBAN,OTHER,5,12.0
79039,2,7,99,5,1,60.0,0,N,MELB_URBAN,OTHER,5,11.0
79040,1,6,110,1,2,60.0,0,I,MELB_URBAN,ROAD,5,18.0
79041,4,7,183,2,1,60.0,0,I,LARGE_PROVINCIAL_CITIES,ROAD,5,12.0
79042,1,6,130,5,1,60.0,0,N,MELB_URBAN,AVENUE,5,13.0
79043,1,7,113,2,1,70.0,0,I,MELB_URBAN,ROAD,5,15.0
79044,1,7,110,1,1,110.0,0,I,RURAL_VICTORIA,FREEWAY,5,15.0
79045,4,6,173,5,1,110.0,0,N,RURAL_VICTORIA,FREEWAY,5,12.0
79046,1,7,99,5,1,80.0,0,N,RURAL_VICTORIA,ROAD,5,14.0
79047,1,0,121,2,1,60.0,0,I,MELB_URBAN,ROAD,5,11.0
79048,1,6,121,1,1,60.0,0,I,MELB_URBAN,DRIVE,5,14.0
79049,1,6,121,1,2,80.0,0,I,RURAL_VICTORIA,ROAD,5,18.0
79050,1,7,113,2,1,60.0,0,I,TOWNS,STREET,5,15.0
79051,1,6,120,5,5,100.0,0,N,RURAL_VICTORIA,ROAD,5,19.0
79052,1,7,130,5,1,80.0,0,N,MELB_URBAN,UNKNOWN,5,15.0
79053,1,6,121,2,1,50.0,0,I,MELB_URBAN,STREET,5,9.0
79054,1,7,130,5,3,80.0,0,N,MELB_URBAN,ROAD,5,17.0
79055,1,6,110,1,3,70.0,0,I,MELB_URBAN,ROAD,5,17.0
79056,1,7,121,1,3,50.0,0,I,MELB_URBAN,ROAD,5,18.0
79057,1,7,121,1,3,60.0,0,I,MELB_URBAN,ROAD,5,18.0
79058,1,7,135,5,1,60.0,0,N,MELB_URBAN,ROAD,5,12.0
79059,1,7,99,5,3,60.0,0,N,MELB_URBAN,ROAD,5,18.0
79060,2,7,100,2,1,60.0,0,I,MELB_URBAN,ROAD,5,15.0
79061,1,7,111,4,3,80.0,0,I,MELB_URBAN,HIGHWAY,5,19.0
79062,1,7,140,2,3,80.0,0,I,MELB_URBAN,HIGHWAY,5,20.0
79063,1,7,99,2,2,60.0,0,N,RURAL_VICTORIA,STREET,5,18.0
79064,1,7,140,2,3,70.0,0,I,MELB_URBAN,ROAD,5,20.0
79065,1,7,130,5,3,80.0,0,N,MELB_URBAN,ROAD,5,22.0
79066,4,1,181,5,5,60.0,0,N,RURAL_VICTORIA,ROAD,5,4.0
79067,4,1,171,5,1,60.0,0,N,MELB_URBAN,HIGHWAY,5,7.0
79068,1,1,121,4,1,60.0,0,I,MELB_URBAN,DRIVE,5,6.0
79069,1,7,113,2,1,60.0,0,I,MELB_URBAN,DRIVE,5,7.0
79070,1,6,130,1,2,60.0,0,I,LARGE_PROVINCIAL_CITIES,STREET,5,17.0
79071,1,1,116,2,1,70.0,0,I,MELB_URBAN,ROAD,5,7.0
79072,2,3,100,2,3,50.0,0,I,MELB_URBAN,STREET,5,18.0
79073,1,0,120,5,1,60.0,0,N,RURAL_VICTORIA,HIGHWAY,5,9.0
79074,4,5,173,5,1,60.0,0,N,MELB_URBAN,DRIVE,5,8.0
79075,1,1,116,2,1,40.0,0,I,MELB_URBAN,ROAD,5,10.0
79076,2,1,102,5,1,60.0,0,N,MELB_URBAN,STREET,5,11.0
79077,1,1,120,5,1,50.0,0,N,MELB_URBAN,STREET,5,12.0
79078,1,0,113,2,1,70.0,0,I,LARGE_PROVINCIAL_CITIES,OTHER,5,12.0
79079,1,6,130,2,9,70.0,0,I,MELB_URBAN,ROAD,5,16.0
79080,1,7,110,1,1,60.0,0,I,TOWNS,STREET,5,15.0
79081,4,6,181,5,1,80.0,0,N,RURAL_VICTORIA,HIGHWAY,5,11.0
79082,6,1,184,5,1,60.0,0,N,RURAL_VICTORIA,ROAD,5,10.0
79083,4,1,181,5,1,100.0,0,N,RURAL_VICTORIA,ROAD,5,13.0
79084,4,0,171,1,1,60.0,0,I,MELB_URBAN,ROAD,5,15.0
79085,2,1,102,5,1,60.0,0,N,MELB_URBAN,ROAD,5,12.0
79086,8,1,99,2,1,50.0,0,N,MELB_URBAN,ROAD,5,17.0
79087,4,0,171,5,5,90.0,0,N,RURAL_VICTORIA,ROAD,5,18.0
79088,1,1,160,5,5,60.0,0,N,LARGE_PROVINCIAL_CITIES,ROAD,5,18.0
79089,1,0,130,5,3,50.0,0,I,MELB_URBAN,STREET,5,19.0
79090,8,1,174,1,3,70.0,0,I,MELB_URBAN,ROAD,5,18.0
79091,1,1,147,5,3,50.0,0,N,MELB_URBAN,STREET,5,19.0
79092,1,1,99,2,5,100.0,0,I,TOWNS,ROAD,5,18.0
79093,1,1,121,5,3,60.0,0,N,MELB_URBAN,ROAD,5,18.0
79094,1,3,130,2,1,60.0,0,I,MELB_URBAN,ROAD,4,17.0
79095,3,0,167,5,5,100.0,0,N,RURAL_VICTORIA,HIGHWAY,5,19.0
79096,1,1,110,1,3,60.0,0,I,RURAL_VICTORIA,ROAD,5,20.0
79097,1,1,147,2,3,50.0,0,I,MELB_URBAN,ROAD,5,18.0
79098,2,1,102,5,3,60.0,0,N,MELB_URBAN,HIGHWAY,5,22.0
79099,1,2,160,5,3,50.0,0,N,MELB_URBAN,STREET,5,0.0
79100,1,2,99,5,5,110.0,0,N,RURAL_VICTORIA,FREEWAY,5,0.0
79101,1,2,130,5,3,100.0,0,N,LARGE_PROVINCIAL_CITIES,OTHER,5,6.0
79102,2,4,100,1,1,40.0,0,I,MELB_URBAN,ROAD,5,16.0
79103,4,1,173,5,3,80.0,0,N,MELB_URBAN,ROAD,5,21.0
79104,1,2,130,5,1,100.0,0,N,MELB_URBAN,UNKNOWN,5,6.0
79105,1,6,130,5,2,80.0,0,N,MELB_URBAN,ROAD,5,17.0
79106,1,2,110,1,1,60.0,0,N,MELB_URBAN,AVENUE,5,8.0
79107,2,2,102,5,1,40.0,0,N,MELB_URBAN,STREET,5,7.0
79108,2,2,102,1,1,60.0,0,I,LARGE_PROVINCIAL_CITIES,ROAD,5,11.0
79109,6,2,174,5,1,60.0,0,N,MELB_URBAN,STREET,5,10.0
79110,2,2,102,2,1,40.0,0,I,MELB_URBAN,ROAD,5,8.0
79111,1,2,113,2,1,80.0,0,I,TOWNS,ROAD,5,12.0
79112,1,2,140,1,1,60.0,0,I,MELB_URBAN,STREET,5,11.0
79113,1,2,113,2,1,60.0,0,I,LARGE_PROVINCIAL_CITIES,ROAD,5,11.0
79114,1,7,130,5,9,60.0,0,N,MELB_URBAN,ROAD,4,19.0
79115,1,2,99,4,1,60.0,0,I,MELB_URBAN,RAMP,5,13.0
79116,1,1,113,2,1,60.0,0,I,MELB_URBAN,ROAD,5,12.0
79117,1,1,130,5,1,100.0,0,N,MELB_URBAN,FREEWAY,5,17.0
79118,6,2,174,5,1,60.0,0,N,RURAL_VICTORIA,ROAD,4,10.0
79119,1,0,99,2,1,60.0,0,I,MELB_URBAN,OTHER,5,16.0
79120,6,2,184,4,1,60.0,0,I,MELB_URBAN,HIGHWAY,5,14.0
79121,1,2,110,1,1,50.0,0,I,MELB_URBAN,STREET,5,13.0
79122,1,2,121,4,1,60.0,0,I,MELB_URBAN,ROAD,5,13.0
79123,7,2,99,5,1,50.0,0,N,SMALL_CITIES,DRIVE,5,13.0
79124,1,2,121,1,1,60.0,0,I,MELB_URBAN,ROAD,5,12.0
79125,6,1,174,5,1,60.0,0,N,RURAL_VICTORIA,ROAD,5,13.0
79126,2,1,99,5,1,70.0,0,N,TOWNS,ROAD,5,13.0
79127,1,0,99,1,3,60.0,0,I,MELB_URBAN,BOULEVARD,5,20.0
79128,6,6,184,2,1,60.0,0,I,TOWNS,HIGHWAY,5,14.0
79129,1,2,120,5,2,80.0,0,N,RURAL_VICTORIA,ROAD,5,16.0
79130,4,2,183,1,1,60.0,0,I,SMALL_CITIES,STREET,5,16.0
79131,1,1,130,2,1,50.0,0,I,MELB_URBAN,DRIVE,5,16.0
79132,1,2,99,5,1,80.0,0,N,MELB_URBAN,HIGHWAY,5,15.0
79133,1,2,130,2,3,60.0,0,I,MELB_URBAN,ROAD,5,18.0
79134,6,2,174,1,1,60.0,0,I,MELB_URBAN,STREET,5,10.0
79135,1,2,121,4,3,60.0,0,I,SMALL_CITIES,RAMP,5,18.0
79136,1,2,111,1,1,60.0,0,I,MELB_URBAN,ROAD,5,15.0
79137,2,2,102,5,3,60.0,0,I,MELB_URBAN,ROAD,5,18.0
79138,1,2,121,1,3,70.0,0,I,MELB_URBAN,HIGHWAY,5,21.0
79139,1,3,130,5,2,50.0,0,N,MELB_URBAN,ROAD,5,7.0
79140,4,2,171,5,3,80.0,0,N,MELB_URBAN,HIGHWAY,5,22.0
79141,1,2,116,2,3,80.0,0,I,MELB_URBAN,ROAD,5,20.0
79142,1,2,140,5,5,100.0,1,N,RURAL_VICTORIA,ROAD,5,18.0
79143,1,2,130,5,3,80.0,0,N,MELB_URBAN,FREEWAY,5,19.0
79144,1,1,113,2,1,60.0,0,I,MELB_URBAN,STREET,5,13.0
79145,4,2,99,5,5,60.0,0,N,RURAL_VICTORIA,ROAD,5,3.0
79146,1,2,130,1,1,70.0,0,I,MELB_URBAN,STREET,5,9.0
79147,1,2,120,5,1,50.0,0,N,MELB_URBAN,OTHER,5,8.0
79148,2,2,100,2,3,70.0,0,I,MELB_URBAN,STREET,5,5.0
79149,1,5,130,5,1,60.0,0,N,MELB_URBAN,ROAD,5,8.0
79150,1,1,147,5,1,60.0,0,N,MELB_URBAN,ROAD,5,16.0
79151,4,3,173,5,1,60.0,0,N,MELB_URBAN,STREET,5,6.0
79152,1,3,121,1,1,50.0,0,I,MELB_URBAN,STREET,5,8.0
79153,1,3,110,1,1,50.0,0,I,TOWNS,STREET,5,9.0
79154,1,3,147,5,1,60.0,0,N,TOWNS,HIGHWAY,5,7.0
79155,6,7,174,2,1,100.0,0,I,RURAL_VICTORIA,ROAD,4,15.0
79156,2,3,100,5,1,70.0,0,N,MELB_URBAN,OTHER,5,8.0
79157,1,3,130,5,2,70.0,0,N,MELB_URBAN,HIGHWAY,5,6.0
79158,8,7,170,5,1,60.0,0,N,RURAL_VICTORIA,ROAD,5,13.0
79159,2,2,102,1,3,70.0,0,I,MELB_URBAN,ROAD,5,18.0
79160,1,3,130,2,1,60.0,0,I,LARGE_PROVINCIAL_CITIES,STREET,5,11.0
79161,1,3,120,5,1,60.0,0,N,MELB_URBAN,ROAD,5,10.0
79162,1,2,130,1,3,80.0,0,I,MELB_URBAN,ROAD,5,18.0
79163,1,3,113,2,1,70.0,0,I,MELB_URBAN,OTHER,5,8.0
79164,1,3,130,2,1,70.0,0,I,LARGE_PROVINCIAL_CITIES,ROAD,5,13.0
79165,1,4,110,1,3,50.0,0,I,MELB_URBAN,STREET,5,21.0
79166,1,6,130,1,1,60.0,0,I,LARGE_PROVINCIAL_CITIES,ROAD,5,13.0
79167,1,2,121,1,1,60.0,0,I,MELB_URBAN,ROAD,5,7.0
79168,1,3,99,2,1,50.0,0,I,MELB_URBAN,DRIVE,5,8.0
79169,1,2,121,2,3,60.0,0,I,MELB_URBAN,ROAD,5,18.0
79170,1,3,116,2,1,40.0,0,I,SMALL_CITIES,OTHER,5,15.0
79171,1,7,163,5,1,40.0,0,N,MELBOURNE_CBD,STREET,5,12.0
79172,1,3,99,5,1,50.0,0,N,MELB_URBAN,STREET,5,10.0
79173,1,2,132,2,5,60.0,0,I,MELB_URBAN,ROAD,5,18.0
79174,1,3,99,5,5,70.0,0,N,MELB_URBAN,ROAD,5,18.0
79175,1,3,99,1,3,60.0,0,I,MELB_URBAN,PARADE,5,17.0
79176,4,2,181,5,5,60.0,0,N,RURAL_VICTORIA,ROAD,5,17.0
79177,1,4,99,5,1,60.0,0,N,MELB_URBAN,ROAD,5,15.0
79178,1,3,121,1,3,60.0,0,I,MELB_URBAN,ROAD,5,22.0
79179,4,4,99,5,3,50.0,0,N,MELB_URBAN,OTHER,5,1.0
79180,1,4,99,2,3,80.0,0,N,MELB_URBAN,OTHER,5,1.0
79181,1,3,113,2,3,80.0,0,I,LARGE_PROVINCIAL_CITIES,ROAD,5,6.0
79182,1,4,132,2,3,60.0,0,I,MELB_URBAN,STREET,5,6.0
79183,1,3,130,5,2,110.0,0,N,RURAL_VICTORIA,FREEWAY,5,7.0
79184,1,3,121,2,3,80.0,0,I,MELB_URBAN,STREET,4,1.0
79185,1,6,130,1,1,60.0,0,I,MELB_URBAN,STREET,5,16.0
79186,1,4,116,2,1,40.0,0,I,MELB_URBAN,DRIVE,5,8.0
79187,1,4,130,5,1,80.0,0,N,MELB_URBAN,FREEWAY,5,7.0
79188,2,3,102,5,1,60.0,0,N,MELB_URBAN,STREET,5,8.0
79189,1,4,99,4,1,60.0,0,I,MELB_URBAN,AVENUE,5,10.0
79190,6,4,174,5,1,60.0,0,N,MELB_URBAN,AVENUE,5,8.0
79191,1,3,130,1,9,70.0,0,I,LARGE_PROVINCIAL_CITIES,HIGHWAY,1,11.0
79192,1,4,121,2,1,80.0,0,I,MELB_URBAN,ROAD,5,9.0
79193,1,0,99,1,1,60.0,0,I,MELB_URBAN,STREET,5,15.0
79194,4,4,171,5,1,40.0,0,I,MELB_URBAN,ROAD,5,8.0
79195,6,1,174,1,1,60.0,0,I,MELB_URBAN,HIGHWAY,5,13.0
79196,1,7,113,2,6,50.0,0,I,LARGE_PROVINCIAL_CITIES,STREET,5,18.0
79197,1,3,121,1,1,60.0,0,I,MELB_URBAN,ROAD,5,9.0
79198,4,1,171,2,6,50.0,0,I,MELB_URBAN,OTHER,3,18.0
79199,1,3,121,2,1,80.0,0,I,RURAL_VICTORIA,HIGHWAY,5,10.0
79200,2,3,102,5,1,40.0,0,N,SMALL_CITIES,ROAD,5,15.0
79201,1,7,99,5,2,80.0,0,N,RURAL_VICTORIA,HIGHWAY,5,16.0
79202,1,4,147,5,1,60.0,0,N,MELB_URBAN,ROAD,5,14.0
79203,1,3,121,1,1,60.0,0,I,MELB_URBAN,ROAD,5,13.0
79204,1,3,113,4,1,80.0,0,N,RURAL_VICTORIA,OTHER,5,14.0
79205,1,3,135,5,1,60.0,0,N,MELB_URBAN,FREEWAY,5,8.0
79206,1,7,121,2,1,40.0,0,I,MELB_URBAN,ROAD,5,13.0
79207,1,4,163,1,1,60.0,0,I,MELB_URBAN,PARADE,5,12.0
79208,4,4,171,2,1,60.0,0,N,TOWNS,ROAD,5,14.0
79209,1,3,163,5,5,50.0,0,N,MELB_URBAN,ROAD,5,18.0
79210,1,4,113,2,1,60.0,0,I,MELB_URBAN,ROAD,5,15.0
79211,6,4,99,2,1,100.0,0,I,RURAL_VICTORIA,ROAD,5,10.0
79212,1,3,130,1,3,60.0,0,I,MELB_URBAN,ROAD,5,17.0
79213,1,4,99,5,3,100.0,0,N,MELB_URBAN,ROAD,5,19.0
79214,6,4,99,5,5,100.0,0,N,RURAL_VICTORIA,HIGHWAY,5,20.0
79215,1,3,134,5,1,60.0,0,N,MELB_URBAN,ROAD,5,15.0
79216,1,4,99,5,3,50.0,0,N,MELB_URBAN,STREET,5,20.0
79217,1,4,121,4,3,80.0,0,I,MELB_URBAN,HIGHWAY,5,18.0
79218,1,3,130,5,1,40.0,0,N,MELB_URBAN,ROAD,5,15.0
79219,4,4,171,5,5,100.0,0,N,RURAL_VICTORIA,ROAD,5,20.0
79220,4,3,183,5,3,70.0,0,I,LARGE_PROVINCIAL_CITIES,ROAD,5,4.0
79221,4,4,181,5,5,100.0,0,N,RURAL_VICTORIA,ROAD,5,4.0
79222,2,4,102,2,9,60.0,0,N,MELB_URBAN,STREET,5,17.0
79223,4,4,171,2,3,50.0,0,I,MELB_URBAN,AVENUE,5,23.0
79224,1,5,113,2,2,80.0,0,I,MELB_URBAN,ROAD,5,6.0
79225,1,4,99,1,2,40.0,0,I,MELB_URBAN,STREET,5,7.0
79226,6,6,174,5,1,40.0,0,N,MELB_URBAN,ROAD,4,13.0
79227,1,5,121,2,1,80.0,0,I,MELB_URBAN,ROAD,5,7.0
79228,4,4,99,5,1,60.0,0,N,TOWNS,STREET,5,16.0
79229,8,6,99,5,1,80.0,0,N,MELB_URBAN,ROAD,8,11.0
79230,1,5,121,2,1,60.0,0,I,MELB_URBAN,STREET,5,7.0
79231,6,7,174,5,1,60.0,0,N,MELB_URBAN,ROAD,5,12.0
79232,2,5,102,5,1,50.0,0,N,SMALL_CITIES,ROAD,5,12.0
79233,1,5,130,5,1,100.0,0,N,RURAL_VICTORIA,ROAD,5,11.0
79234,1,4,110,1,1,60.0,0,I,MELB_URBAN,ROAD,5,11.0
79235,4,7,171,5,1,60.0,0,N,RURAL_VICTORIA,ROAD,5,15.0
79236,1,5,99,5,1,60.0,0,N,MELB_URBAN,ROAD,5,10.0
79237,1,7,113,1,9,60.0,0,I,MELB_URBAN,PARADE,5,18.0
79238,1,5,121,1,1,40.0,0,I,MELBOURNE_CBD,STREET,5,15.0
79239,1,5,99,5,2,60.0,0,N,MELB_URBAN,ROAD,5,17.0
79240,1,4,130,5,3,80.0,0,N,MELB_URBAN,UNKNOWN,5,18.0
79241,1,5,130,5,3,100.0,0,N,MELB_URBAN,ROAD,5,17.0
79242,2,5,99,5,3,60.0,0,N,MELB_URBAN,ROAD,5,18.0
79243,2,5,102,5,3,60.0,0,N,MELB_URBAN,ROAD,5,20.0
79244,1,5,160,5,3,60.0,0,N,MELB_URBAN,ROAD,5,21.0
79245,1,4,99,2,1,50.0,0,I,MELB_URBAN,ROAD,5,16.0
79246,1,4,130,5,2,80.0,0,N,MELB_URBAN,UNKNOWN,5,6.0
79247,1,4,116,1,3,80.0,0,I,MELB_URBAN,ROAD,5,22.0
79248,1,5,121,2,1,40.0,1,I,MELB_URBAN,ROAD,5,15.0
79249,2,6,99,2,3,80.0,0,N,MELB_URBAN,OTHER,5,2.0
79250,1,5,110,1,3,60.0,0,I,MELB_URBAN,ROAD,5,3.0
79251,8,5,174,2,1,70.0,0,I,MELB_URBAN,ROAD,5,8.0
79252,4,5,173,5,1,100.0,0,I,MELB_URBAN,FREEWAY,5,11.0
79253,4,5,181,5,5,100.0,0,N,RURAL_VICTORIA,ROAD,5,23.0
79254,4,5,173,2,1,50.0,0,I,MELB_URBAN,STREET,5,11.0
79255,1,5,113,2,3,50.0,0,I,MELB_URBAN,AVENUE,5,6.0
79256,1,5,121,1,1,60.0,0,I,MELB_URBAN,ROAD,5,8.0
79257,1,6,130,5,1,70.0,0,N,LARGE_PROVINCIAL_CITIES,HIGHWAY,5,9.0
79258,1,6,99,2,1,100.0,0,I,RURAL_VICTORIA,HIGHWAY,5,9.0
79259,1,5,113,2,1,50.0,0,I,SMALL_CITIES,OTHER,5,6.0
79260,1,6,99,2,1,60.0,0,I,MELB_URBAN,ROAD,5,9.0
79261,2,6,99,1,1,60.0,0,I,MELB_URBAN,STREET,5,11.0
79262,1,7,130,5,1,60.0,0,N,MELB_URBAN,ROAD,3,10.0
79263,1,6,120,5,1,40.0,0,N,MELB_URBAN,PARADE,5,10.0
79264,1,5,130,1,1,60.0,0,I,LARGE_PROVINCIAL_CITIES,STREET,5,13.0
79265,4,5,171,5,1,100.0,0,N,RURAL_VICTORIA,ROAD,5,6.0
79266,1,3,163,5,2,40.0,0,N,MELB_URBAN,STREET,5,16.0
79267,2,6,102,5,1,50.0,0,I,MELB_URBAN,ROAD,5,9.0
79268,1,2,130,1,1,60.0,0,I,MELB_URBAN,ROAD,5,15.0
79269,1,2,130,4,1,50.0,0,I,MELB_URBAN,STREET,5,12.0
79270,1,6,130,5,1,60.0,0,N,RURAL_VICTORIA,OTHER,5,11.0
79271,1,4,121,4,1,80.0,0,I,MELB_URBAN,ROAD,5,13.0
79272,1,6,132,5,1,80.0,0,N,RURAL_VICTORIA,HIGHWAY,5,12.0
79273,1,6,121,2,1,60.0,0,I,MELB_URBAN,STREET,5,12.0
79274,1,6,120,5,1,100.0,0,N,RURAL_VICTORIA,ROAD,5,11.0
79275,1,6,113,2,1,80.0,0,I,MELB_URBAN,ROAD,5,12.0
79276,4,7,171,5,6,60.0,0,N,MELB_URBAN,AVENUE,4,1.0
79277,1,6,160,5,1,60.0,0,N,TOWNS,HIGHWAY,5,13.0
79278,1,6,113,2,3,80.0,0,I,MELB_URBAN,ROAD,5,6.0
79279,1,5,130,4,1,80.0,0,I,MELB_URBAN,HIGHWAY,3,16.0
79280,4,1,181,5,5,100.0,0,N,RURAL_VICTORIA,ROAD,5,4.0
79281,8,6,174,5,1,40.0,0,N,MELB_URBAN,STREET,4,13.0
79282,4,6,171,2,1,80.0,0,I,MELB_URBAN,ROAD,5,7.0
79283,1,5,130,1,2,50.0,0,I,MELB_URBAN,AVENUE,5,6.0
79284,1,6,113,2,1,80.0,0,I,MELB_URBAN,ROAD,5,14.0
79285,1,6,140,2,1,80.0,0,I,LARGE_PROVINCIAL_CITIES,ROAD,5,12.0
79286,1,6,132,2,1,50.0,0,I,TOWNS,STREET,5,11.0
79287,1,6,99,5,1,60.0,0,N,MELB_URBAN,STREET,5,16.0
79288,1,6,130,5,1,80.0,0,N,LARGE_PROVINCIAL_CITIES,ROAD,5,15.0
79289,1,6,99,5,1,80.0,0,N,MELB_URBAN,UNKNOWN,5,14.0
79290,1,6,130,5,2,100.0,0,N,RURAL_VICTORIA,HIGHWAY,5,17.0
79291,1,6,120,5,1,50.0,0,N,MELB_URBAN,ROAD,5,15.0
79292,1,6,113,2,3,50.0,0,I,MELB_URBAN,STREET,5,19.0
79293,1,5,130,2,3,80.0,0,I,MELB_URBAN,OTHER,5,17.0
79294,6,3,170,2,3,60.0,0,N,MELB_URBAN,STREET,5,22.0
79295,1,6,121,1,3,80.0,0,I,MELB_URBAN,ROAD,5,21.0
79296,1,6,130,5,3,100.0,0,N,MELB_URBAN,FREEWAY,5,18.0
79297,1,6,130,5,3,70.0,0,N,MELB_URBAN,ROAD,5,18.0
79298,1,7,160,5,9,50.0,0,N,MELB_URBAN,AVENUE,5,1.0
79299,4,6,173,1,3,40.0,0,I,MELB_URBAN,STREET,5,23.0
79300,1,7,160,5,5,40.0,0,N,MELB_URBAN,AVENUE,5,1.0
79301,8,6,99,2,5,60.0,0,I,RURAL_VICTORIA,ROAD,5,5.0
79302,1,5,132,5,1,60.0,0,N,MELB_URBAN,BOULEVARD,5,9.0
79303,1,7,111,1,3,60.0,0,I,MELB_URBAN,ROAD,5,3.0
79304,4,5,181,2,5,80.0,0,I,RURAL_VICTORIA,ROAD,5,23.0
79305,1,5,130,1,1,60.0,0,I,LARGE_PROVINCIAL_CITIES,ROAD,5,14.0
79306,4,6,181,5,5,80.0,0,N,RURAL_VICTORIA,HIGHWAY,5,20.0
79307,4,7,171,2,1,70.0,0,N,RURAL_VICTORIA,ROAD,5,7.0
79308,1,5,121,1,3,60.0,0,I,LARGE_PROVINCIAL_CITIES,HIGHWAY,5,18.0
79309,1,7,121,2,1,60.0,0,I,MELB_URBAN,OTHER,5,8.0
79310,1,2,121,5,1,50.0,0,N,MELB_URBAN,PARADE,5,10.0
79311,1,6,116,2,1,80.0,0,N,MELB_URBAN,ROAD,5,8.0
79312,1,7,110,1,1,40.0,0,I,MELB_URBAN,AVENUE,5,8.0
79313,1,7,116,1,1,50.0,0,I,LARGE_PROVINCIAL_CITIES,STREET,5,11.0
79314,1,7,110,1,1,100.0,0,I,RURAL_VICTORIA,ROAD,5,8.0
79315,8,7,99,5,1,60.0,0,N,RURAL_VICTORIA,ROAD,5,11.0
79316,1,6,121,1,1,60.0,0,I,MELB_URBAN,ROAD,5,12.0
79317,7,2,99,5,9,60.0,0,N,MELB_URBAN,RAMP,2,8.0
79318,4,7,171,5,1,60.0,0,N,MELB_URBAN,ROAD,5,12.0
79319,8,7,99,1,3,60.0,0,I,MELB_URBAN,ROAD,5,6.0
79320,1,6,99,2,2,50.0,0,I,MELB_URBAN,DRIVE,5,16.0
79321,1,6,110,1,2,50.0,0,I,LARGE_PROVINCIAL_CITIES,STREET,5,17.0
79322,1,1,121,5,1,100.0,0,N,RURAL_VICTORIA,ROAD,3,14.0
79323,4,7,173,2,1,70.0,0,I,MELB_URBAN,ROAD,5,10.0
79324,4,7,99,5,1,60.0,0,N,RURAL_VICTORIA,OTHER,5,14.0
79325,1,7,120,5,5,80.0,0,N,RURAL_VICTORIA,HIGHWAY,5,17.0
79326,4,7,171,1,1,80.0,1,I,MELB_URBAN,ROAD,5,15.0
79327,1,7,130,5,5,100.0,0,N,MELB_URBAN,FREEWAY,5,17.0
79328,1,7,111,2,3,60.0,0,I,MELB_URBAN,ROAD,5,17.0
79329,6,7,170,5,3,100.0,0,N,MELB_URBAN,FREEWAY,5,17.0
79330,1,7,110,1,5,60.0,0,I,LARGE_PROVINCIAL_CITIES,OTHER,5,19.0
79331,4,7,173,5,3,60.0,0,N,SMALL_CITIES,ROAD,5,20.0
79332,8,5,99,5,1,80.0,0,N,RURAL_VICTORIA,ROAD,5,15.0
79333,1,7,140,1,3,80.0,0,I,MELB_URBAN,ROAD,5,19.0