,accident_type,day_of_week,dca_code,road_geometry,light_condition,speed_zone,severity,node_type,deg_urban_name,road_type,month,hour
79334,2,7,102,5,3,40.0,0,N,MELB_URBAN,STREET,5,21.0
79335,1,0,113,1,3,40.0,0,I,MELB_URBAN,STREET,5,2.0
79336,1,6,160,5,3,50.0,0,N,MELB_URBAN,DRIVE,5,23.0
79337,1,1,130,5,3,70.0,0,N,MELB_URBAN,HIGHWAY,5,4.0
79338,1,6,147,5,1,60.0,0,N,MELB_URBAN,ROAD,5,15.0
79339,1,6,130,2,1,60.0,0,I,MELB_URBAN,ROAD,5,16.0
79340,4,1,171,5,5,100.0,0,N,RURAL_VICTORIA,ROAD,5,7.0
79341,1,0,110,1,1,60.0,0,I,MELB_URBAN,STREET,5,9.0
79342,1,1,121,1,1,60.0,0,I,MELB_URBAN,ROAD,5,9.0
79343,6,0,174,5,1,60.0,0,N,MELB_URBAN,HIGHWAY,5,12.0
79344,1,0,130,5,1,60.0,0,N,MELB_URBAN,ROAD,5,12.0
79345,1,6,99,2,1,80.0,0,I,MELB_URBAN,ROAD,5,9.0
79346,1,1,130,1,1,80.0,0,I,MELB_URBAN,ROAD,5,13.0
79347,1,1,130,1,1,60.0,0,N,MELB_URBAN,ROAD,5,13.0
79348,1,1,130,5,1,60.0,0,N,MELB_URBAN,ROAD,5,10.0
79349,4,1,183,5,5,100.0,0,N,RURAL_VICTORIA,ROAD,5,0.0
79350,4,1,183,5,1,100.0,0,N,RURAL_VICTORIA,ROAD,5,12.0
79351,1,0,130,5,1,80.0,0,N,MELB_URBAN,HIGHWAY,5,12.0
79352,1,1,130,5,1,80.0,0,N,MELB_URBAN,HIGHWAY,5,13.0
79353,1,1,130,5,9,60.0,0,N,MELB_URBAN,ROAD,5,13.0
79354,1,4,147,5,9,60.0,0,N,TOWNS,STREET,5,1.0
79355,4,1,181,2,1,50.0,0,I,SMALL_CITIES,DRIVE,5,15.0
79356,4,0,173,5,1,70.0,0,N,LARGE_PROVINCIAL_CITIES,ROAD,5,15.0
79357,4,2,183,5,1,100.0,0,N,RURAL_VICTORIA,ROAD,1,16.0
79358,1,1,130,1,1,80.0,0,I,MELB_URBAN,HIGHWAY,5,16.0
79359,1,4,99,2,3,60.0,0,I,MELB_URBAN,ROAD,5,17.0
79360,1,1,99,5,1,60.0,1,N,LARGE_PROVINCIAL_CITIES,ROAD,5,11.0
79361,2,1,100,5,1,60.0,0,N,MELB_URBAN,STREET,5,15.0
79362,4,1,99,2,5,100.0,1,I,RURAL_VICTORIA,ROAD,5,18.0
79363,2,1,102,1,3,40.0,0,I,MELBOURNE_CBD,STREET,5,18.0
79364,1,1,120,5,5,100.0,0,N,RURAL_VICTORIA,ROAD,5,18.0
79365,4,0,173,5,5,100.0,0,N,MELB_URBAN,FREEWAY,5,21.0
79366,1,1,160,5,3,70.0,0,N,MELB_URBAN,ROAD,5,22.0
79367,1,1,110,1,1,110.0,1,I,RURAL_VICTORIA,FREEWAY,5,16.0
79368,1,1,130,5,2,100.0,0,N,MELB_URBAN,ROAD,5,6.0
79369,2,2,100,5,1,60.0,0,N,MELB_URBAN,STREET,5,8.0
79370,2,1,100,2,1,50.0,0,I,MELB_URBAN,STREET,5,8.0
79371,1,2,99,5,1,80.0,0,N,RURAL_VICTORIA,ROAD,5,9.0
79372,2,2,102,1,1,50.0,0,I,MELB_URBAN,STREET,5,10.0
79373,1,2,99,2,1,60.0,0,I,MELB_URBAN,ROAD,5,8.0
79374,1,2,120,5,1,60.0,0,N,MELB_URBAN,ROAD,5,11.0
79375,6,1,99,5,9,60.0,0,N,RURAL_VICTORIA,ROAD,8,15.0
79376,1,4,113,2,2,50.0,0,I,MELB_URBAN,STREET,5,18.0
79377,1,1,160,5,1,50.0,0,N,MELB_URBAN,STREET,5,8.0
79378,1,2,132,1,1,50.0,0,I,TOWNS,STREET,5,9.0
79379,4,1,173,2,3,60.0,0,I,MELB_URBAN,ROAD,5,18.0
79380,2,2,100,1,1,60.0,0,I,MELB_URBAN,HIGHWAY,5,8.0
79381,1,2,132,5,1,60.0,0,N,TOWNS,ROAD,5,12.0
79382,1,2,110,1,1,70.0,0,I,LARGE_PROVINCIAL_CITIES,HIGHWAY,5,12.0
79383,1,5,130,5,1,80.0,0,N,MELB_URBAN,HIGHWAY,5,16.0
79384,1,1,120,5,1,80.0,0,N,RURAL_VICTORIA,OTHER,5,11.0
79385,1,2,121,9,1,60.0,0,N,MELB_URBAN,ROAD,5,13.0
79386,6,2,99,5,1,100.0,0,N,RURAL_VICTORIA,ROAD,5,14.0
79387,1,1,163,5,1,50.0,0,N,MELBOURNE_CBD,STREET,5,10.0
79388,4,2,99,1,1,50.0,0,I,MELB_URBAN,ROAD,5,10.0
79389,1,1,134,1,1,60.0,0,I,MELB_URBAN,ROAD,5,12.0
79390,6,2,99,5,1,80.0,0,N,RURAL_VICTORIA,HIGHWAY,5,16.0
79391,1,2,147,5,1,100.0,0,N,RURAL_VICTORIA,ROAD,5,15.0
79392,1,2,121,1,1,60.0,0,I,MELB_URBAN,ROAD,5,15.0
79393,8,2,184,5,1,60.0,0,N,LARGE_PROVINCIAL_CITIES,UNKNOWN,5,15.0
79394,1,6,133,1,1,40.0,0,I,MELB_URBAN,ROAD,3,12.0
79395,1,5,134,5,3,80.0,0,N,MELB_URBAN,HIGHWAY,4,18.0
79396,1,1,121,2,1,60.0,0,I,MELB_URBAN,ROAD,5,16.0
79397,1,2,140,5,3,80.0,0,N,MELB_URBAN,HIGHWAY,5,18.0
79398,4,2,173,5,5,80.0,0,N,RURAL_VICTORIA,STREET,5,18.0
79399,2,2,100,5,2,60.0,0,N,MELB_URBAN,ROAD,5,16.0
79400,1,2,110,1,5,50.0,0,I,TOWNS,STREET,5,17.0
79401,1,1,99,2,1,60.0,0,N,MELB_URBAN,STREET,5,12.0
79402,1,2,121,1,3,60.0,0,I,MELB_URBAN,ROAD,5,22.0
79403,1,3,163,5,2,40.0,0,N,MELB_URBAN,STREET,5,17.0
79404,2,6,99,5,9,60.0,0,N,MELB_URBAN,ROAD,5,8.0
79405,6,3,184,5,3,50.0,0,N,MELB_URBAN,DRIVE,5,0.0
79406,6,2,184,2,5,100.0,0,I,RURAL_VICTORIA,HIGHWAY,5,21.0
79407,1,6,130,4,1,60.0,0,N,MELB_URBAN,HIGHWAY,5,12.0
79408,1,6,99,5,1,50.0,0,N,MELB_URBAN,ROAD,5,8.0
79409,1,2,160,5,3,50.0,0,N,MELB_URBAN,BOULEVARD,5,0.0
79410,6,2,174,1,3,50.0,0,I,MELB_URBAN,STREET,5,7.0
79411,1,5,130,4,1,60.0,0,I,LARGE_PROVINCIAL_CITIES,HIGHWAY,3,10.0
79412,1,3,121,1,1,100.0,0,I,RURAL_VICTORIA,ROAD,5,8.0
79413,4,5,99,2,1,50.0,0,I,MELB_URBAN,DRIVE,3,17.0
79414,1,1,110,1,1,60.0,0,I,MELB_URBAN,STREET,5,17.0
79415,4,3,173,5,1,80.0,0,N,MELB_URBAN,HIGHWAY,5,9.0
79416,1,3,130,5,1,60.0,0,N,MELB_URBAN,ROAD,5,10.0
79417,1,7,132,1,3,60.0,0,I,MELB_URBAN,STREET,5,21.0
79418,1,2,147,5,2,50.0,0,N,MELB_URBAN,ROAD,5,17.0
79419,6,3,99,5,5,80.0,0,N,RURAL_VICTORIA,HIGHWAY,5,5.0
79420,1,3,121,4,1,70.0,0,I,RURAL_VICTORIA,ROAD,5,12.0
79421,2,3,100,1,1,60.0,0,I,MELB_URBAN,STREET,5,13.0
79422,2,3,100,5,1,80.0,0,N,MELB_URBAN,HIGHWAY,5,13.0
79423,8,5,174,2,1,60.0,0,I,MELB_URBAN,ROAD,1,15.0
79424,1,3,130,5,1,100.0,0,N,MELB_URBAN,ROAD,5,10.0
79425,1,2,130,5,1,80.0,0,N,MELB_URBAN,UNKNOWN,5,12.0
79426,8,3,99,5,1,100.0,0,N,RURAL_VICTORIA,ROAD,5,14.0
79427,1,5,130,5,1,60.0,0,N,MELB_URBAN,ROAD,3,9.0
79428,1,2,130,1,1,80.0,0,I,MELB_URBAN,ROAD,5,10.0
79429,1,4,99,5,1,60.0,0,N,LARGE_PROVINCIAL_CITIES,ROAD,1,15.0
79430,1,1,130,1,1,60.0,0,I,MELB_URBAN,ROAD,5,17.0
79431,2,2,100,5,2,60.0,0,N,LARGE_PROVINCIAL_CITIES,STREET,5,16.0
79432,4,3,183,5,1,60.0,0,N,MELB_URBAN,ROAD,5,14.0
79433,1,2,130,5,2,110.0,0,N,RURAL_VICTORIA,FREEWAY,5,17.0
79434,1,3,135,2,3,60.0,0,I,MELB_URBAN,STREET,5,17.0
79435,6,3,174,5,3,60.0,0,N,MELB_URBAN,ROAD,5,17.0
79436,1,2,135,2,2,80.0,0,I,MELB_URBAN,HIGHWAY,5,17.0
79437,4,3,183,2,1,100.0,0,I,RURAL_VICTORIA,HIGHWAY,5,15.0
79438,1,2,120,5,1,60.0,0,N,MELB_URBAN,ROAD,5,15.0
79439,2,3,102,1,3,70.0,0,I,MELB_URBAN,ROAD,5,19.0
79440,4,3,181,5,5,110.0,0,N,SMALL_TOWNS,FREEWAY,5,17.0
79441,4,3,173,5,3,100.0,0,N,MELB_URBAN,ROAD,5,18.0
79442,1,1,130,5,3,40.0,0,N,MELB_URBAN,STREET,8,1.0
79443,6,3,174,2,3,70.0,0,I,MELB_URBAN,AVENUE,5,19.0
79444,1,3,110,1,3,50.0,0,I,MELB_URBAN,STREET,5,17.0
79445,1,1,130,2,1,60.0,0,I,MELB_URBAN,STREET,5,15.0
79446,1,2,130,2,1,60.0,0,N,MELB_URBAN,AVENUE,5,16.0
79447,1,3,121,1,3,60.0,0,I,MELB_URBAN,ROAD,5,18.0
79448,1,3,121,5,1,80.0,0,N,MELB_URBAN,OTHER,5,16.0
79449,1,3,140,2,1,60.0,0,N,MELB_URBAN,ROAD,5,12.0
79450,6,3,174,5,1,60.0,0,N,MELB_URBAN,ROAD,5,8.0
79451,1,4,110,1,1,60.0,0,I,TOWNS,AVENUE,5,7.0
79452,2,3,99,5,1,50.0,0,N,MELB_URBAN,STREET,5,8.0
79453,1,4,116,4,3,70.0,0,I,MELB_URBAN,ROAD,5,7.0
79454,4,4,183,5,1,100.0,0,N,RURAL_VICTORIA,ROAD,5,8.0
79455,6,7,174,1,3,50.0,0,I,MELB_URBAN,STREET,5,3.0
79456,1,1,130,2,1,60.0,0,I,MELB_URBAN,ROAD,5,12.0
79457,1,4,130,2,3,60.0,0,I,MELB_URBAN,ROAD,5,6.0
79458,1,5,113,2,1,50.0,0,I,TOWNS,STREET,12,13.0
79459,1,3,110,1,1,40.0,0,I,MELB_URBAN,ROAD,5,9.0
79460,1,5,121,1,3,60.0,0,I,MELB_URBAN,ROAD,5,18.0
79461,7,3,99,5,1,50.0,0,N,MELB_URBAN,AVENUE,5,10.0
79462,1,2,130,5,1,60.0,0,N,LARGE_PROVINCIAL_CITIES,HIGHWAY,5,8.0
79463,7,3,99,1,1,40.0,0,I,MELBOURNE_CBD,STREET,5,12.0
79464,1,4,116,2,1,60.0,0,I,MELB_URBAN,ROAD,5,8.0
79465,1,4,110,1,1,60.0,0,I,MELB_URBAN,STREET,5,13.0
79466,1,3,116,2,6,60.0,0,I,MELB_URBAN,STREET,5,18.0
79467,2,4,100,2,1,60.0,0,I,MELB_URBAN,STREET,5,13.0
79468,4,1,173,5,3,50.0,0,N,LARGE_PROVINCIAL_CITIES,ROAD,5,0.0
79469,2,4,100,2,1,60.0,0,I,MELB_URBAN,STREET,5,13.0
79470,4,4,99,5,1,110.0,0,N,RURAL_VICTORIA,UNKNOWN,5,13.0
79471,1,2,99,1,5,100.0,0,I,RURAL_VICTORIA,HIGHWAY,5,21.0
79472,1,3,130,1,1,60.0,0,I,MELB_URBAN,STREET,5,12.0
79473,1,4,130,5,1,60.0,0,N,LARGE_PROVINCIAL_CITIES,HIGHWAY,5,15.0
79474,1,4,130,5,1,50.0,0,N,MELB_URBAN,UNKNOWN,5,15.0
79475,1,3,130,2,2,70.0,0,I,MELB_URBAN,ROAD,5,5.0
79476,1,3,113,1,1,60.0,0,I,MELB_URBAN,ROAD,5,13.0
79477,1,5,116,1,1,60.0,0,I,LARGE_PROVINCIAL_CITIES,STREET,5,12.0
79478,6,6,174,5,9,60.0,0,N,MELB_URBAN,OTHER,3,14.0
79479,1,4,132,5,2,50.0,0,N,MELB_URBAN,STREET,5,16.0
79480,2,3,100,5,1,50.0,0,N,LARGE_PROVINCIAL_CITIES,AVENUE,5,16.0
79481,1,3,111,1,3,60.0,0,I,LARGE_PROVINCIAL_CITIES,ROAD,5,17.0
79482,1,3,130,5,3,60.0,0,N,MELB_URBAN,STREET,5,17.0
79483,8,4,174,1,3,60.0,0,I,MELB_URBAN,STREET,5,17.0
79484,1,6,130,5,1,60.0,0,N,MELB_URBAN,OTHER,5,8.0
79485,1,3,130,5,1,90.0,0,N,RURAL_VICTORIA,FREEWAY,5,17.0
79486,1,1,140,5,1,50.0,0,N,MELB_URBAN,ROAD,5,15.0
79487,6,1,174,2,9,60.0,0,N,MELB_URBAN,DRIVE,5,16.0
79488,4,4,99,4,5,80.0,0,N,RURAL_VICTORIA,RAMP,5,20.0
79489,1,4,130,5,1,60.0,0,N,MELB_URBAN,ROAD,5,15.0
79490,1,4,111,1,3,70.0,0,I,SMALL_CITIES,AVENUE,5,21.0
79491,1,2,130,5,6,70.0,0,N,MELB_URBAN,ROAD,5,19.0
79492,1,3,121,5,6,50.0,0,N,LARGE_PROVINCIAL_CITIES,ROAD,5,21.0
79493,1,4,132,2,6,60.0,0,I,SMALL_CITIES,ROAD,5,19.0
79494,1,4,110,1,5,100.0,0,I,RURAL_VICTORIA,ROAD,5,22.0
79495,1,5,121,1,3,80.0,0,I,MELB_URBAN,ROAD,6,1.0
79496,1,4,160,5,3,80.0,0,N,MELB_URBAN,ROAD,5,23.0
79497,1,6,110,1,1,60.0,0,I,MELB_URBAN,ROAD,5,13.0
79498,8,6,99,2,1,60.0,0,I,RURAL_VICTORIA,ROAD,5,10.0
79499,1,4,99,2,1,50.0,0,N,MELB_URBAN,OTHER,6,8.0
79500,1,5,99,2,1,60.0,0,I,MELB_URBAN,ROAD,6,7.0
79501,1,4,140,1,1,40.0,0,I,MELB_URBAN,STREET,5,17.0
79502,1,2,130,5,1,100.0,0,N,MELB_URBAN,UNKNOWN,5,9.0
79503,6,4,184,5,1,60.0,0,N,RURAL_VICTORIA,OTHER,4,6.0
79504,1,4,130,5,3,40.0,0,I,MELB_URBAN,FREEWAY,5,6.0
79505,1,5,116,2,1,50.0,0,I,MELB_URBAN,OTHER,6,7.0
79506,1,5,99,5,1,50.0,0,N,SMALL_CITIES,STREET,6,9.0
79507,2,5,100,5,3,50.0,0,N,MELB_URBAN,STREET,6,6.0
79508,2,5,100,1,1,50.0,0,I,LARGE_PROVINCIAL_CITIES,ROAD,6,7.0
79509,1,5,160,5,1,60.0,0,N,LARGE_PROVINCIAL_CITIES,ROAD,6,10.0
79510,4,5,173,5,1,80.0,0,N,RURAL_VICTORIA,HIGHWAY,6,13.0
79511,1,4,110,1,1,100.0,0,I,RURAL_VICTORIA,ROAD,5,10.0
79512,6,6,174,5,1,60.0,0,N,SMALL_TOWNS,STREET,5,9.0
79513,1,1,110,1,1,50.0,0,I,MELB_URBAN,STREET,5,8.0
79514,4,5,181,5,1,60.0,0,N,MELB_URBAN,PARADE,6,9.0
79515,1,5,160,2,1,50.0,0,I,LARGE_PROVINCIAL_CITIES,STREET,6,8.0
79516,1,4,116,2,3,50.0,0,I,MELB_URBAN,STREET,5,7.0
79517,5,1,171,5,1,100.0,0,N,RURAL_VICTORIA,ROAD,5,14.0
79518,1,5,130,5,1,60.0,0,N,MELB_URBAN,ROAD,6,7.0
79519,1,5,99,5,1,40.0,0,N,TOWNS,ROAD,6,14.0
79520,1,3,130,2,1,80.0,0,N,MELB_URBAN,ROAD,5,14.0
79521,1,5,121,2,1,60.0,0,I,MELB_URBAN,ROAD,6,15.0
79522,1,5,130,1,1,50.0,0,I,MELB_URBAN,STREET,6,18.0
79523,1,5,130,2,1,80.0,0,I,MELB_URBAN,ROAD,6,8.0
79524,2,5,100,1,9,60.0,0,I,MELB_URBAN,HIGHWAY,6,17.0
79525,1,5,130,5,3,60.0,0,N,LARGE_PROVINCIAL_CITIES,ROAD,6,17.0
79526,8,4,99,5,3,50.0,0,N,MELB_URBAN,ROAD,6,20.0
79527,1,4,110,1,3,60.0,0,N,MELB_URBAN,ROAD,6,18.0
79528,1,4,130,5,3,60.0,0,N,RURAL_VICTORIA,ROAD,6,19.0
79529,2,5,102,1,1,40.0,0,I,MELB_URBAN,DRIVE,6,15.0
79530,2,5,100,2,3,50.0,0,I,MELB_URBAN,ROAD,6,18.0
79531,1,5,99,2,3,60.0,0,I,MELB_URBAN,AVENUE,6,6.0
79532,8,7,99,5,9,60.0,0,N,MELB_URBAN,ROAD,4,11.0
79533,8,5,174,5,3,50.0,0,N,MELB_URBAN,STREET,6,20.0
79534,1,5,130,5,5,40.0,0,N,LARGE_PROVINCIAL_CITIES,ROAD,6,21.0
79535,4,6,183,5,5,110.0,0,N,RURAL_VICTORIA,RAMP,6,0.0
79536,1,6,99,1,3,80.0,0,I,MELB_URBAN,ROAD,6,1.0
79537,1,5,113,2,3,60.0,0,N,MELB_URBAN,DRIVE,6,23.0
79538,1,3,120,5,3,80.0,0,N,MELB_URBAN,ROAD,5,23.0
79539,1,5,121,2,3,60.0,0,I,MELB_URBAN,ROAD,6,21.0
79540,4,6,171,5,3,50.0,0,N,MELB_URBAN,DRIVE,6,2.0
79541,2,6,102,2,5,60.0,0,N,MELB_URBAN,ROAD,6,6.0
79542,1,6,113,2,5,100.0,0,I,RURAL_VICTORIA,ROAD,6,5.0
79543,1,5,110,1,1,60.0,0,I,LARGE_PROVINCIAL_CITIES,STREET,6,9.0
79544,1,6,140,2,1,80.0,0,I,MELB_URBAN,ROAD,6,8.0
79545,1,6,113,2,1,50.0,0,I,MELB_URBAN,AVENUE,6,8.0
79546,4,6,99,5,1,60.0,0,N,RURAL_VICTORIA,OTHER,5,12.0
79547,1,6,130,5,1,70.0,0,N,MELB_URBAN,ROAD,6,10.0
79548,1,6,130,5,1,60.0,0,N,RURAL_VICTORIA,ROAD,2,15.0
79549,1,6,110,1,1,40.0,0,I,MELB_URBAN,ROAD,6,10.0
79550,1,6,130,5,1,60.0,0,N,MELB_URBAN,ROAD,6,11.0
79551,1,1,132,5,1,60.0,0,N,SMALL_CITIES,ROAD,8,10.0
79552,6,6,184,5,5,60.0,0,N,RURAL_VICTORIA,ROAD,4,22.0
79553,1,2,121,2,2,60.0,0,I,MELB_URBAN,ROAD,5,5.0
79554,1,6,130,5,1,60.0,0,N,LARGE_PROVINCIAL_CITIES,HIGHWAY,6,12.0
79555,1,6,110,1,1,50.0,0,I,SMALL_CITIES,OTHER,6,12.0
79556,1,2,111,2,1,60.0,0,N,RURAL_VICTORIA,HIGHWAY,5,9.0
79557,4,6,181,5,1,60.0,0,N,RURAL_VICTORIA,ROAD,3,15.0
79558,1,4,130,1,1,100.0,0,I,RURAL_VICTORIA,HIGHWAY,6,11.0
79559,1,6,99,5,1,60.0,0,N,MELB_URBAN,ROAD,6,15.0
79560,7,6,99,5,1,60.0,0,N,MELB_URBAN,UNKNOWN,6,12.0
79561,1,3,130,1,9,60.0,0,I,MELB_URBAN,AVENUE,5,17.0
79562,1,5,121,1,3,50.0,0,I,LARGE_PROVINCIAL_CITIES,STREET,4,22.0
79563,1,3,132,5,1,80.0,0,N,RURAL_VICTORIA,HIGHWAY,5,11.0
79564,2,5,100,1,2,50.0,0,I,MELB_URBAN,DRIVE,6,17.0
79565,6,6,174,5,5,100.0,0,N,RURAL_VICTORIA,OTHER,6,17.0
79566,1,6,120,5,1,50.0,0,N,MELB_URBAN,ROAD,6,14.0
79567,1,5,121,5,3,80.0,0,N,MELB_URBAN,ROAD,6,18.0
79568,1,5,130,2,3,60.0,0,I,MELB_URBAN,DRIVE,6,17.0
79569,1,6,133,1,2,60.0,0,I,MELB_URBAN,STREET,6,17.0
79570,1,6,130,5,3,100.0,0,N,MELB_URBAN,UNKNOWN,6,18.0
79571,6,6,174,5,1,80.0,0,N,RURAL_VICTORIA,ROAD,6,15.0
79572,2,6,102,5,3,70.0,0,N,MELB_URBAN,ROAD,6,19.0
79573,1,1,99,5,1,60.0,0,N,SMALL_TOWNS,ROAD,5,12.0
79574,1,6,110,1,3,80.0,0,I,RURAL_VICTORIA,STREET,6,20.0
79575,2,6,100,1,1,60.0,0,I,MELB_URBAN,ROAD,6,7.0
79576,4,7,171,5,3,50.0,0,N,MELB_URBAN,ROAD,6,6.0
79577,4,6,173,5,1,100.0,0,N,MELB_URBAN,FREEWAY,6,8.0
79578,1,6,130,2,6,60.0,0,I,MELB_URBAN,STREET,6,20.0
79579,1,5,99,5,1,50.0,0,N,MELB_URBAN,ROAD,6,14.0
79580,1,7,121,2,1,60.0,0,N,MELB_URBAN,STREET,6,10.0
79581,2,7,99,5,1,50.0,0,N,TOWNS,STREET,6,7.0
79582,1,6,121,1,1,60.0,0,I,MELB_URBAN,ROAD,6,10.0
79583,6,7,174,5,1,70.0,0,N,MELB_URBAN,ROAD,6,11.0
79584,1,5,113,2,1,50.0,0,I,MELB_URBAN,STREET,6,9.0
79585,1,7,140,5,1,60.0,0,N,SMALL_CITIES,ROAD,6,9.0
79586,2,6,100,1,3,40.0,0,I,MELBOURNE_CBD,STREET,6,22.0
79587,8,7,170,5,1,70.0,0,N,MELB_URBAN,HIGHWAY,6,12.0
79588,1,2,121,2,2,40.0,0,I,MELB_URBAN,ROAD,5,18.0
79589,1,7,134,5,1,50.0,0,N,MELB_URBAN,STREET,6,11.0
79590,2,7,102,2,1,50.0,0,I,MELB_URBAN,ROAD,6,13.0
79591,2,7,100,5,1,50.0,0,N,MELB_URBAN,STREET,6,12.0
79592,4,7,171,5,1,50.0,0,N,MELB_URBAN,STREET,6,14.0
79593,6,7,170,5,1,80.0,0,N,RURAL_VICTORIA,ROAD,6,14.0
79594,1,1,110,1,3,70.0,0,N,MELB_URBAN,HIGHWAY,5,20.0
79595,2,7,102,5,1,60.0,0,N,LARGE_PROVINCIAL_CITIES,ROAD,6,16.0
79596,1,7,110,1,1,60.0,0,I,LARGE_PROVINCIAL_CITIES,PARADE,6,16.0
79597,2,7,99,5,3,50.0,0,N,MELB_URBAN,STREET,6,17.0
79598,2,6,102,5,1,60.0,0,N,LARGE_PROVINCIAL_CITIES,STREET,6,16.0
79599,1,7,110,1,2,80.0,0,I,MELB_URBAN,ROAD,6,16.0
79600,4,7,173,5,1,80.0,0,N,MELB_URBAN,OTHER,6,15.0
79601,1,7,130,2,1,50.0,0,I,MELB_URBAN,OTHER,6,16.0
79602,1,7,130,5,1,60.0,0,N,LARGE_PROVINCIAL_CITIES,ROAD,6,15.0
79603,1,6,130,5,3,70.0,0,N,MELB_URBAN,ROAD,6,17.0
79604,1,7,116,1,3,50.0,0,I,LARGE_PROVINCIAL_CITIES,ROAD,6,18.0
79605,1,6,121,2,1,60.0,0,N,MELB_URBAN,ROAD,6,14.0
79606,1,7,121,2,3,50.0,0,I,MELB_URBAN,STREET,6,20.0
79607,1,7,110,1,1,60.0,0,I,LARGE_PROVINCIAL_CITIES,STREET,6,16.0
79608,4,7,183,5,3,100.0,0,N,RURAL_VICTORIA,ROAD,6,1.0
79609,1,1,140,1,3,60.0,0,I,MELB_URBAN,STREET,6,1.0
79610,1,6,113,2,3,60.0,0,I,MELB_URBAN,ROAD,6,23.0
79611,1,1,140,5,1,60.0,0,N,MELB_URBAN,ROAD,6,7.0
79612,1,0,147,5,1,60.0,0,N,MELB_URBAN,ROAD,6,8.0
79613,1,1,130,2,1,60.0,0,I,TOWNS,ROAD,6,12.0
79614,1,1,99,5,1,80.0,0,N,MELB_URBAN,FREEWAY,6,12.0
79615,4,1,181,5,5,100.0,0,N,RURAL_VICTORIA,ROAD,6,1.0
79616,6,1,174,5,1,80.0,0,N,RURAL_VICTORIA,HIGHWAY,6,14.0
79617,6,0,99,2,1,100.0,0,I,RURAL_VICTORIA,ROAD,6,13.0
79618,1,0,130,5,1,80.0,0,N,MELB_URBAN,FREEWAY,6,11.0
79619,2,3,100,1,9,60.0,0,I,MELB_URBAN,ROAD,5,8.0
79620,2,6,99,5,1,60.0,0,N,LARGE_PROVINCIAL_CITIES,ROAD,6,17.0
79621,1,1,132,1,1,70.0,0,I,MELB_URBAN,ROAD,6,15.0
79622,4,7,173,2,2,50.0,0,I,MELB_URBAN,OTHER,6,17.0
79623,1,1,121,2,2,60.0,0,I,MELB_URBAN,ROAD,6,16.0
79624,1,1,121,5,1,50.0,0,N,MELB_URBAN,ROAD,6,14.0
79625,4,1,183,5,1,80.0,0,N,RURAL_VICTORIA,ROAD,6,11.0
79626,4,0,173,1,1,50.0,0,I,MELB_URBAN,DRIVE,6,16.0
79627,1,1,121,1,3,60.0,0,I,MELB_URBAN,HIGHWAY,6,18.0
79628,1,1,121,5,3,60.0,0,N,MELB_URBAN,ROAD,6,18.0
79629,4,1,171,5,1,80.0,0,N,RURAL_VICTORIA,ROAD,6,14.0
79630,2,1,100,1,1,60.0,0,I,LARGE_PROVINCIAL_CITIES,STREET,6,16.0
79631,1,0,130,4,2,70.0,0,I,MELB_URBAN,RAMP,6,18.0
79632,4,1,171,5,3,60.0,0,N,LARGE_PROVINCIAL_CITIES,ROAD,6,22.0
79633,4,1,173,5,3,40.0,0,N,MELB_URBAN,STREET,6,20.0
79634,1,1,113,1,3,60.0,0,I,MELB_URBAN,ROAD,6,23.0
79635,1,1,99,5,5,100.0,0,N,RURAL_VICTORIA,HIGHWAY,6,22.0
79636,1,1,135,5,3,80.0,0,N,MELB_URBAN,HIGHWAY,6,23.0
79637,4,2,183,5,3,60.0,0,N,MELB_URBAN,UNKNOWN,6,1.0
79638,1,2,120,5,3,60.0,0,N,MELB_URBAN,HIGHWAY,6,5.0
79639,1,0,130,5,1,60.0,0,N,TOWNS,HIGHWAY,6,12.0
79640,1,7,116,2,2,60.0,0,I,MELB_URBAN,OTHER,4,16.0
79641,2,7,99,5,3,40.0,0,N,MELBOURNE_CBD,STREET,5,22.0
79642,2,2,99,5,1,50.0,0,N,RURAL_VICTORIA,ROAD,6,8.0
79643,1,5,113,2,1,50.0,0,I,MELB_URBAN,STREET,3,14.0
79644,1,2,116,1,1,60.0,0,I,MELB_URBAN,ROAD,6,8.0
79645,1,2,121,1,2,60.0,0,I,MELB_URBAN,ROAD,6,6.0
79646,1,2,110,4,1,80.0,0,I,RURAL_VICTORIA,HIGHWAY,6,9.0
79647,1,2,160,5,1,50.0,0,N,MELB_URBAN,ROAD,6,11.0
79648,4,2,173,5,1,80.0,0,N,TOWNS,ROAD,6,11.0
79649,1,6,116,1,2,80.0,0,I,MELB_URBAN,HIGHWAY,4,18.0
79650,1,2,160,5,1,60.0,0,N,MELB_URBAN,ROAD,6,12.0
79651,1,1,113,4,1,60.0,0,I,MELB_URBAN,RAMP,6,12.0
79652,1,2,132,2,1,60.0,0,I,MELB_URBAN,ROAD,6,12.0
79653,1,6,130,5,1,80.0,0,N,MELB_URBAN,HIGHWAY,5,13.0
79654,3,6,167,5,5,100.0,0,N,RURAL_VICTORIA,ROAD,6,23.0
79655,1,2,121,1,1,60.0,0,I,MELB_URBAN,ROAD,6,12.0
79656,4,2,99,5,1,50.0,0,N,MELB_URBAN,OTHER,6,11.0
79657,1,1,113,2,1,60.0,0,I,MELB_URBAN,ROAD,6,12.0
79658,1,2,160,5,3,60.0,0,N,MELB_URBAN,DRIVE,5,21.0
79659,1,7,116,2,1,50.0,0,I,MELB_URBAN,STREET,4,15.0
79660,4,2,183,5,1,50.0,0,N,MELB_URBAN,OTHER,6,14.0
79661,2,2,100,1,1,80.0,0,I,MELB_URBAN,ROAD,6,16.0
79662,1,2,121,2,3,70.0,0,I,MELB_URBAN,ROAD,6,17.0
79663,6,6,184,5,5,100.0,0,N,RURAL_VICTORIA,OTHER,5,17.0
79664,1,1,121,1,3,60.0,0,I,MELB_URBAN,ROAD,6,17.0