,accident_type,day_of_week,dca_code,road_geometry,light_condition,speed_zone,severity,node_type,deg_urban_name,road_type,month,hour
79665,6,2,174,5,1,100.0,0,N,RURAL_VICTORIA,OTHER,6,11.0
79666,1,2,121,1,3,80.0,0,I,MELB_URBAN,HIGHWAY,6,17.0
79667,1,2,110,1,5,100.0,0,I,RURAL_VICTORIA,HIGHWAY,6,18.0
79668,1,1,121,2,3,70.0,0,I,MELB_URBAN,ROAD,6,18.0
79669,8,1,99,1,3,40.0,0,I,MELBOURNE_CBD,OTHER,6,17.0
79670,1,2,121,1,1,60.0,0,I,MELB_URBAN,STREET,6,16.0
79671,1,2,130,1,1,60.0,0,I,MELB_URBAN,ROAD,6,15.0
79672,1,2,130,5,3,80.0,0,N,MELB_URBAN,HIGHWAY,6,19.0
79673,1,5,135,5,9,100.0,0,N,MELB_URBAN,UNKNOWN,5,9.0
79674,1,1,116,1,5,60.0,0,I,SMALL_CITIES,STREET,6,22.0
79675,2,2,100,5,2,60.0,0,N,MELB_URBAN,ROAD,6,7.0
79676,4,1,173,5,5,50.0,0,N,LARGE_PROVINCIAL_CITIES,DRIVE,5,20.0
79677,1,3,130,5,1,70.0,0,N,LARGE_PROVINCIAL_CITIES,ROAD,6,8.0
79678,1,2,120,5,1,50.0,0,N,MELB_URBAN,ROAD,6,9.0
79679,1,3,130,5,3,70.0,0,N,MELB_URBAN,OTHER,3,0.0
79680,1,3,110,1,1,100.0,0,I,TOWNS,HIGHWAY,3,9.0
79681,1,3,121,2,1,60.0,0,I,MELB_URBAN,ROAD,6,9.0
79682,1,3,110,1,1,40.0,0,I,MELB_URBAN,ROAD,6,8.0
79683,1,3,132,5,1,60.0,0,N,MELB_URBAN,HIGHWAY,6,7.0
79684,8,1,174,5,1,50.0,0,N,SMALL_CITIES,OTHER,6,15.0
79685,4,2,181,5,3,60.0,0,N,MELB_URBAN,ROAD,6,7.0
79686,1,3,121,5,1,60.0,0,N,MELB_URBAN,ROAD,6,9.0
79687,4,2,171,5,2,110.0,0,N,RURAL_VICTORIA,FREEWAY,2,17.0
79688,4,3,173,5,1,60.0,0,N,LARGE_PROVINCIAL_CITIES,ROAD,6,11.0
79689,1,0,133,2,1,80.0,0,I,MELB_URBAN,ROAD,10,15.0
79690,2,3,99,5,1,60.0,0,N,MELB_URBAN,ROAD,5,9.0
79691,1,5,130,5,1,70.0,0,N,MELB_URBAN,ROAD,4,17.0
79692,1,3,130,2,1,60.0,0,I,MELB_URBAN,ROAD,6,8.0
79693,1,7,121,2,3,60.0,0,I,MELB_URBAN,ROAD,4,23.0
79694,1,3,140,5,1,60.0,0,N,MELB_URBAN,ROAD,6,8.0
79695,8,6,99,5,1,60.0,0,N,RURAL_VICTORIA,ROAD,6,14.0
79696,1,2,99,5,1,50.0,0,UNKNOWN,UNKNOWN,UNKNOWN,6,15.0
79697,1,3,130,5,1,80.0,0,N,MELB_URBAN,ROAD,6,9.0
79698,1,3,120,5,1,60.0,0,N,LARGE_PROVINCIAL_CITIES,STREET,6,13.0
79699,8,6,170,5,2,100.0,0,N,RURAL_VICTORIA,HIGHWAY,3,19.0
79700,2,7,99,5,1,50.0,0,N,RURAL_VICTORIA,ROAD,5,15.0
79701,1,4,130,5,1,80.0,0,N,MELB_URBAN,ROAD,8,8.0
79702,1,2,130,5,1,70.0,0,N,MELB_URBAN,ROAD,6,8.0
79703,4,3,173,5,1,50.0,0,N,MELB_URBAN,DRIVE,6,14.0
79704,2,2,100,2,3,50.0,0,I,MELB_URBAN,STREET,6,17.0
79705,2,3,99,5,1,50.0,0,N,MELB_URBAN,STREET,6,15.0
79706,1,3,110,1,2,50.0,0,I,TOWNS,STREET,6,17.0
79707,1,3,110,1,1,60.0,0,I,TOWNS,HIGHWAY,6,16.0
79708,1,2,163,5,1,60.0,0,N,MELB_URBAN,ROAD,6,10.0
79709,1,3,133,2,9,60.0,0,I,MELB_URBAN,ROAD,6,17.0
79710,1,3,99,5,2,50.0,0,N,MELB_URBAN,AVENUE,6,17.0
79711,1,5,130,1,3,70.0,0,I,MELB_URBAN,ROAD,5,19.0
79712,1,3,130,5,5,100.0,0,N,RURAL_VICTORIA,HIGHWAY,6,17.0
79713,1,3,130,5,3,80.0,0,N,MELB_URBAN,FREEWAY,6,18.0
79714,1,3,113,2,3,100.0,0,I,RURAL_VICTORIA,ROAD,6,18.0
79715,1,3,134,5,3,40.0,0,N,MELBOURNE_CBD,STREET,6,17.0
79716,1,3,121,1,3,60.0,0,I,MELB_URBAN,ROAD,6,0.0
79717,1,6,160,2,3,60.0,0,I,MELB_URBAN,ROAD,5,17.0
79718,2,1,99,1,6,50.0,0,I,MELB_URBAN,ROAD,6,22.0
79719,2,3,100,1,3,40.0,0,I,MELBOURNE_CBD,STREET,6,1.0
79720,1,6,130,5,1,60.0,0,N,MELB_URBAN,ROAD,5,16.0
79721,1,2,110,1,3,60.0,0,I,MELB_URBAN,ROAD,6,19.0
79722,1,4,130,2,1,80.0,0,N,MELB_URBAN,ROAD,6,8.0
79723,1,4,121,2,1,60.0,0,I,MELB_URBAN,AVENUE,6,7.0
79724,4,2,171,4,1,60.0,0,I,MELB_URBAN,RAMP,6,7.0
79725,1,4,163,2,1,60.0,0,N,MELB_URBAN,ROAD,5,9.0
79726,1,3,130,5,1,60.0,0,N,MELB_URBAN,HIGHWAY,6,8.0
79727,1,2,130,1,1,50.0,0,I,SMALL_CITIES,STREET,6,11.0
79728,6,0,174,4,1,60.0,0,I,RURAL_VICTORIA,ROAD,6,13.0
79729,1,4,116,2,1,50.0,0,I,MELB_URBAN,DRIVE,6,9.0
79730,1,3,147,5,1,80.0,0,N,MELB_URBAN,ROAD,6,8.0
79731,2,7,99,5,6,50.0,0,N,MELB_URBAN,DRIVE,6,19.0
79732,1,2,130,5,2,70.0,0,N,MELB_URBAN,HIGHWAY,6,17.0
79733,1,4,99,1,1,40.0,0,I,SMALL_CITIES,AVENUE,6,8.0
79734,1,4,99,4,1,60.0,0,I,MELB_URBAN,RAMP,5,15.0
79735,1,4,120,5,1,60.0,1,N,MELB_URBAN,ROAD,6,7.0
79736,1,3,130,5,1,80.0,0,N,MELB_URBAN,FREEWAY,4,6.0
79737,1,4,110,1,1,50.0,0,I,MELB_URBAN,STREET,6,8.0
79738,4,3,173,5,3,60.0,0,N,TOWNS,ROAD,6,19.0
79739,1,4,130,5,1,80.0,0,N,MELB_URBAN,UNKNOWN,6,11.0
79740,6,4,170,5,1,60.0,0,N,MELB_URBAN,DRIVE,6,12.0
79741,1,7,140,5,2,100.0,0,N,RURAL_VICTORIA,ROAD,5,17.0
79742,1,4,110,1,1,70.0,0,I,RURAL_VICTORIA,ROAD,6,13.0
79743,2,7,99,5,1,50.0,0,N,MELB_URBAN,OTHER,6,16.0
79744,1,4,132,2,1,60.0,0,N,LARGE_PROVINCIAL_CITIES,ROAD,6,14.0
79745,5,7,99,5,1,100.0,0,N,MELB_URBAN,FREEWAY,5,8.0
79746,1,4,121,2,1,60.0,0,I,MELB_URBAN,STREET,6,16.0
79747,1,4,120,5,1,60.0,0,N,MELB_URBAN,HIGHWAY,6,14.0
79748,1,4,121,2,1,70.0,0,N,MELB_URBAN,ROAD,4,17.0
79749,4,4,181,5,1,100.0,0,N,RURAL_VICTORIA,ROAD,6,12.0
79750,1,4,121,5,1,70.0,0,N,MELB_URBAN,ROAD,6,15.0
79751,2,4,100,1,1,50.0,1,I,MELB_URBAN,STREET,6,13.0
79752,1,4,130,2,1,60.0,0,I,MELB_URBAN,ROAD,6,13.0
79753,2,4,102,1,1,60.0,0,I,LARGE_PROVINCIAL_CITIES,STREET,6,10.0
79754,2,4,100,1,1,70.0,0,I,MELB_URBAN,BOULEVARD,6,15.0
79755,2,4,100,1,3,40.0,0,I,MELBOURNE_CBD,STREET,6,18.0
79756,1,4,110,1,3,50.0,0,I,SMALL_CITIES,STREET,6,19.0
79757,1,4,99,5,3,80.0,0,N,MELB_URBAN,ROAD,6,2.0
79758,1,4,110,1,1,50.0,0,I,MELB_URBAN,STREET,6,16.0
79759,4,4,183,5,1,70.0,0,N,SMALL_CITIES,ROAD,6,15.0
79760,4,4,171,2,1,50.0,0,I,TOWNS,ROAD,6,15.0
79761,8,4,174,5,1,60.0,0,N,MELB_URBAN,STREET,6,14.0
79762,1,3,130,2,3,70.0,0,I,MELB_URBAN,ROAD,6,19.0
79763,1,4,99,2,9,60.0,0,I,MELB_URBAN,STREET,6,17.0
79764,2,4,102,5,9,60.0,0,N,MELB_URBAN,ROAD,6,18.0
79765,4,4,99,5,3,50.0,0,N,LARGE_PROVINCIAL_CITIES,AVENUE,6,19.0
79766,2,4,99,5,5,60.0,0,N,RURAL_VICTORIA,ROAD,6,17.0
79767,1,3,113,2,1,70.0,0,I,LARGE_PROVINCIAL_CITIES,ROAD,6,15.0
79768,1,4,99,5,3,50.0,0,N,MELB_URBAN,STREET,6,22.0
79769,1,4,110,1,1,50.0,0,I,MELB_URBAN,STREET,6,8.0
79770,1,3,121,5,3,60.0,0,N,MELB_URBAN,ROAD,6,21.0
79771,4,4,99,2,3,60.0,0,I,MELB_URBAN,ROAD,6,2.0
79772,1,2,130,5,1,80.0,0,N,MELB_URBAN,ROAD,5,8.0
79773,1,3,121,1,2,60.0,0,I,MELB_URBAN,ROAD,6,7.0
79774,1,5,130,5,3,60.0,0,N,SMALL_TOWNS,OTHER,6,4.0
79775,1,4,116,2,3,70.0,0,I,LARGE_PROVINCIAL_CITIES,HIGHWAY,6,6.0
79776,1,4,111,2,1,50.0,0,I,MELB_URBAN,ROAD,6,9.0
79777,3,5,167,5,2,100.0,0,N,RURAL_VICTORIA,ROAD,6,7.0
79778,1,0,121,2,1,80.0,0,I,SMALL_CITIES,HIGHWAY,3,13.0
79779,1,5,121,2,3,60.0,0,I,MELB_URBAN,ROAD,6,6.0
79780,1,4,121,2,1,80.0,0,I,MELB_URBAN,ROAD,6,9.0
79781,1,6,130,5,9,80.0,0,N,MELB_URBAN,ROAD,6,17.0
79782,1,5,121,2,1,60.0,0,I,SMALL_CITIES,HIGHWAY,4,6.0
79783,1,4,121,2,1,60.0,0,I,MELB_URBAN,ROAD,6,12.0
79784,1,7,110,1,3,80.0,0,I,MELB_URBAN,ROAD,4,22.0
79785,1,6,113,2,3,60.0,0,I,SMALL_CITIES,ROAD,4,19.0
79786,1,4,121,1,1,60.0,0,I,TOWNS,HIGHWAY,6,12.0
79787,2,5,99,5,3,50.0,0,N,MELB_URBAN,STREET,6,6.0
79788,1,4,110,4,1,60.0,0,I,TOWNS,STREET,6,14.0
79789,6,0,170,2,2,50.0,0,N,MELB_URBAN,OTHER,6,6.0
79790,1,4,99,1,1,60.0,0,I,MELB_URBAN,ROAD,6,13.0
79791,4,5,99,5,1,60.0,0,N,MELB_URBAN,STREET,6,14.0
79792,8,5,99,5,3,50.0,0,N,MELB_URBAN,AVENUE,6,5.0
79793,4,5,183,5,1,80.0,0,N,RURAL_VICTORIA,ROAD,6,13.0
79794,1,5,130,2,1,80.0,0,I,MELB_URBAN,HIGHWAY,6,12.0
79795,4,5,183,5,1,80.0,0,N,RURAL_VICTORIA,ROAD,6,15.0
79796,1,7,130,2,1,50.0,0,I,MELB_URBAN,ROAD,6,12.0
79797,4,5,173,5,1,110.0,1,N,RURAL_VICTORIA,FREEWAY,6,15.0
79798,1,5,110,1,3,70.0,0,I,SMALL_CITIES,ROAD,6,17.0
79799,1,3,130,4,3,60.0,0,I,MELB_URBAN,ROAD,6,22.0
79800,1,4,121,2,3,60.0,0,I,MELB_URBAN,ROAD,6,17.0
79801,1,4,110,1,1,60.0,0,I,LARGE_PROVINCIAL_CITIES,STREET,6,17.0
79802,1,4,116,2,3,60.0,0,I,MELB_URBAN,ROAD,6,19.0
79803,1,5,121,2,3,70.0,0,I,MELB_URBAN,ROAD,6,18.0
79804,1,4,147,5,3,60.0,0,N,MELB_URBAN,AVENUE,6,18.0
79805,1,4,133,1,1,60.0,0,N,MELBOURNE_CBD,STREET,6,12.0
79806,1,5,99,4,5,60.0,0,I,RURAL_VICTORIA,RAMP,6,18.0
79807,1,1,110,1,1,50.0,0,I,SMALL_CITIES,STREET,4,7.0
79808,1,5,130,1,3,60.0,0,I,MELB_URBAN,STREET,6,19.0
79809,1,5,130,2,3,80.0,0,N,MELB_URBAN,ROAD,6,22.0
79810,1,5,135,5,2,100.0,0,N,MELB_URBAN,ROAD,6,18.0
79811,1,5,113,4,3,80.0,0,I,MELB_URBAN,RAMP,6,20.0
79812,1,4,120,5,3,60.0,0,N,MELB_URBAN,ROAD,6,23.0
79813,4,5,171,5,5,100.0,0,N,RURAL_VICTORIA,HIGHWAY,6,3.0
79814,1,5,130,1,1,50.0,0,I,MELB_URBAN,ROAD,5,11.0
79815,1,3,99,2,2,60.0,0,N,MELB_URBAN,PARADE,6,17.0
79816,1,6,120,2,3,60.0,0,I,MELB_URBAN,ROAD,6,6.0
79817,1,2,140,5,1,60.0,0,N,MELB_URBAN,ROAD,4,9.0
79818,1,6,110,1,1,50.0,0,I,MELB_URBAN,AVENUE,6,7.0
79819,1,5,130,5,1,60.0,0,N,MELB_URBAN,ROAD,5,17.0
79820,4,6,173,1,1,60.0,0,I,MELB_URBAN,STREET,6,8.0
79821,4,2,171,5,6,80.0,0,N,MELB_URBAN,UNKNOWN,5,6.0
79822,1,5,110,1,1,50.0,0,I,SMALL_CITIES,STREET,6,9.0
79823,1,6,111,2,1,40.0,0,I,MELB_URBAN,STREET,6,8.0
79824,1,6,121,2,1,60.0,0,I,MELB_URBAN,HIGHWAY,6,9.0
79825,1,5,121,1,1,60.0,0,I,MELB_URBAN,ROAD,6,8.0
79826,2,4,102,1,1,50.0,0,I,MELB_URBAN,STREET,5,15.0
79827,1,7,160,2,1,40.0,0,I,MELB_URBAN,ROAD,6,15.0
79828,1,6,111,1,1,60.0,0,I,SMALL_CITIES,PARADE,6,13.0
79829,4,6,171,5,1,50.0,0,N,MELB_URBAN,DRIVE,6,11.0
79830,1,6,121,2,1,60.0,0,I,MELB_URBAN,ROAD,6,13.0
79831,4,6,173,2,1,80.0,0,I,MELB_URBAN,ROAD,6,13.0
79832,1,5,110,1,1,50.0,0,I,LARGE_PROVINCIAL_CITIES,STREET,6,9.0
79833,4,6,171,5,1,50.0,0,N,MELB_URBAN,ROAD,6,12.0
79834,4,6,173,5,1,70.0,0,N,MELB_URBAN,ROAD,6,13.0
79835,8,6,99,5,1,80.0,0,N,RURAL_VICTORIA,ROAD,6,11.0
79836,1,6,110,1,1,60.0,0,I,LARGE_PROVINCIAL_CITIES,STREET,6,15.0
79837,2,4,100,5,3,50.0,0,N,MELB_URBAN,OTHER,5,6.0
79838,1,5,110,1,1,60.0,0,I,TOWNS,HIGHWAY,6,11.0
79839,4,4,181,5,2,100.0,0,N,RURAL_VICTORIA,ROAD,6,16.0
79840,1,6,130,5,1,40.0,0,N,LARGE_PROVINCIAL_CITIES,HIGHWAY,6,15.0
79841,1,5,99,5,1,100.0,0,N,RURAL_VICTORIA,ROAD,6,16.0
79842,1,5,110,1,1,50.0,0,I,MELB_URBAN,ROAD,6,16.0
79843,2,6,100,2,5,50.0,0,I,MELB_URBAN,HIGHWAY,6,18.0
79844,1,5,130,5,3,100.0,0,N,RURAL_VICTORIA,FREEWAY,6,18.0
79845,1,3,132,1,1,60.0,0,I,MELB_URBAN,ROAD,6,13.0
79846,1,6,110,1,3,40.0,0,I,MELB_URBAN,STREET,6,6.0
79847,1,6,130,5,3,60.0,0,N,MELB_URBAN,ROAD,6,18.0
79848,1,3,130,1,1,70.0,0,I,MELB_URBAN,HIGHWAY,5,8.0
79849,1,6,121,2,3,60.0,0,I,MELB_URBAN,PARADE,6,17.0
79850,1,6,147,5,3,60.0,0,N,LARGE_PROVINCIAL_CITIES,ROAD,6,19.0
79851,1,5,113,2,3,50.0,0,I,MELB_URBAN,ROAD,6,19.0
79852,4,5,171,5,5,100.0,0,N,RURAL_VICTORIA,ROAD,6,18.0
79853,1,6,110,1,3,60.0,0,I,LARGE_PROVINCIAL_CITIES,AVENUE,6,21.0
79854,4,6,171,5,5,100.0,0,N,RURAL_VICTORIA,ROAD,6,19.0
79855,4,7,181,2,3,50.0,0,I,MELB_URBAN,DRIVE,6,0.0
79856,1,4,111,1,1,50.0,0,I,MELB_URBAN,ROAD,4,17.0
79857,1,6,130,2,1,60.0,0,N,MELB_URBAN,ROAD,6,13.0
79858,1,5,121,2,3,60.0,0,I,MELB_URBAN,ROAD,6,18.0
79859,1,7,147,5,1,80.0,0,N,RURAL_VICTORIA,ROAD,6,9.0
79860,1,7,116,2,1,70.0,0,I,MELB_URBAN,ROAD,6,10.0
79861,1,6,130,5,1,100.0,0,N,MELB_URBAN,UNKNOWN,6,14.0
79862,4,7,181,5,1,100.0,0,N,RURAL_VICTORIA,ROAD,6,9.0
79863,3,5,167,5,5,100.0,0,N,RURAL_VICTORIA,OTHER,6,19.0
79864,1,7,121,1,1,60.0,0,I,LARGE_PROVINCIAL_CITIES,ROAD,6,12.0
79865,1,7,121,5,1,80.0,0,N,MELB_URBAN,ROAD,6,11.0
79866,4,7,171,5,1,50.0,0,N,MELB_URBAN,STREET,6,12.0
79867,2,7,99,5,1,50.0,0,N,TOWNS,STREET,6,13.0
79868,8,4,174,2,2,50.0,0,I,MELB_URBAN,AVENUE,5,7.0
79869,1,4,160,5,2,50.0,0,N,MELB_URBAN,DRIVE,4,6.0
79870,1,6,130,5,1,70.0,0,N,MELB_URBAN,ROAD,6,11.0
79871,2,7,100,5,1,60.0,0,N,LARGE_PROVINCIAL_CITIES,STREET,6,13.0
79872,1,6,130,2,1,50.0,0,I,MELB_URBAN,AVENUE,6,16.0
79873,1,7,140,5,1,70.0,0,N,RURAL_VICTORIA,ROAD,6,13.0
79874,4,7,173,5,1,100.0,0,N,RURAL_VICTORIA,ROAD,6,15.0
79875,4,7,99,5,1,60.0,0,N,RURAL_VICTORIA,OTHER,6,16.0
79876,1,6,113,2,3,80.0,0,I,TOWNS,ROAD,6,19.0
79877,1,7,121,2,3,70.0,0,I,MELB_URBAN,ROAD,6,18.0
79878,1,7,99,2,3,80.0,0,I,MELB_URBAN,HIGHWAY,6,21.0
79879,2,1,102,5,4,60.0,0,N,RURAL_VICTORIA,ROAD,6,3.0
79880,1,7,110,1,1,50.0,0,I,MELB_URBAN,ROAD,6,13.0
79881,8,1,99,5,5,100.0,0,N,RURAL_VICTORIA,HIGHWAY,6,3.0
79882,4,6,181,5,1,100.0,0,N,RURAL_VICTORIA,HIGHWAY,6,11.0
79883,4,6,183,5,1,100.0,0,N,RURAL_VICTORIA,ROAD,6,16.0
79884,1,1,113,1,1,50.0,0,I,SMALL_CITIES,STREET,6,7.0
79885,1,0,113,2,1,60.0,0,I,MELB_URBAN,STREET,6,7.0
79886,1,1,110,1,1,60.0,0,I,MELB_URBAN,ROAD,6,10.0
79887,1,0,121,1,1,50.0,0,I,MELB_URBAN,ROAD,6,11.0
79888,4,7,171,5,1,80.0,0,N,RURAL_VICTORIA,ROAD,6,14.0
79889,1,7,130,5,1,100.0,0,N,RURAL_VICTORIA,HIGHWAY,6,10.0
79890,1,1,120,2,1,60.0,0,I,MELB_URBAN,ROAD,6,12.0
79891,4,1,173,1,1,60.0,0,I,MELB_URBAN,ROAD,6,12.0
79892,4,1,173,2,1,80.0,0,I,SMALL_CITIES,ROAD,6,8.0
79893,4,0,173,5,1,60.0,0,N,RURAL_VICTORIA,ROAD,6,13.0
79894,1,0,110,1,1,50.0,0,I,TOWNS,HIGHWAY,6,13.0
79895,4,1,181,5,1,60.0,0,N,TOWNS,ROAD,6,14.0
79896,1,1,99,5,1,80.0,1,N,MELB_URBAN,ROAD,6,11.0
79897,7,7,99,5,1,40.0,0,N,MELB_URBAN,ROAD,6,12.0
79898,1,1,132,2,1,60.0,0,I,MELB_URBAN,ROAD,6,15.0
79899,4,1,181,5,5,100.0,0,N,RURAL_VICTORIA,ROAD,6,0.0
79900,2,7,99,5,3,50.0,0,N,MELB_URBAN,STREET,6,23.0
79901,1,1,130,5,3,50.0,0,N,LARGE_PROVINCIAL_CITIES,ROAD,6,18.0
79902,1,1,113,2,5,100.0,0,I,RURAL_VICTORIA,HIGHWAY,6,18.0
79903,1,7,120,5,1,60.0,0,N,SMALL_TOWNS,ROAD,6,15.0
79904,6,1,170,5,5,100.0,0,N,RURAL_VICTORIA,HIGHWAY,6,20.0
79905,1,1,130,2,1,80.0,0,I,MELB_URBAN,ROAD,6,14.0
79906,8,1,99,6,3,50.0,0,N,SMALL_CITIES,ROAD,6,18.0
79907,1,1,120,5,5,80.0,0,N,MELB_URBAN,FREEWAY,6,21.0
79908,2,1,102,1,3,60.0,0,I,MELB_URBAN,STREET,6,0.0
79909,4,1,171,5,3,60.0,0,N,MELB_URBAN,ROAD,6,22.0
79910,4,2,173,5,3,80.0,0,N,MELB_URBAN,STREET,6,2.0
79911,4,1,181,2,5,100.0,0,I,RURAL_VICTORIA,HIGHWAY,6,6.0
79912,1,1,99,5,1,50.0,0,N,MELB_URBAN,OTHER,6,8.0
79913,1,0,120,5,1,60.0,0,N,RURAL_VICTORIA,ROAD,6,17.0
79914,8,2,174,2,1,60.0,0,I,MELB_URBAN,ROAD,6,8.0
79915,4,1,181,5,1,100.0,0,N,RURAL_VICTORIA,OTHER,6,13.0
79916,1,2,120,1,1,80.0,0,I,SMALL_TOWNS,ROAD,6,9.0
79917,1,1,160,2,3,60.0,0,I,LARGE_PROVINCIAL_CITIES,ROAD,6,18.0
79918,8,1,99,5,1,80.0,0,N,LARGE_PROVINCIAL_CITIES,ROAD,6,11.0
79919,1,2,147,2,1,80.0,0,N,MELB_URBAN,HIGHWAY,6,10.0
79920,5,1,171,5,9,100.0,0,N,RURAL_VICTORIA,FREEWAY,6,10.0
79921,1,2,99,5,1,100.0,0,N,RURAL_VICTORIA,ROAD,6,11.0
79922,5,2,99,5,1,100.0,0,N,SMALL_TOWNS,ROAD,6,12.0
79923,1,7,99,5,1,50.0,0,N,MELB_URBAN,AVENUE,6,13.0
79924,1,2,130,5,1,90.0,0,N,RURAL_VICTORIA,ROAD,6,10.0
79925,1,1,130,2,1,60.0,0,I,MELB_URBAN,STREET,6,15.0
79926,4,2,181,5,1,100.0,0,N,RURAL_VICTORIA,ROAD,6,13.0
79927,6,1,174,5,1,100.0,0,N,RURAL_VICTORIA,ROAD,6,14.0
79928,1,1,120,2,1,50.0,0,I,SMALL_CITIES,STREET,6,15.0
79929,1,5,110,1,3,40.0,0,I,MELBOURNE_CBD,STREET,4,4.0
79930,4,1,173,2,1,70.0,0,I,MELB_URBAN,STREET,6,14.0
79931,1,2,121,1,1,60.0,0,I,TOWNS,ROAD,6,15.0
79932,1,2,130,5,1,110.0,0,N,RURAL_VICTORIA,FREEWAY,6,13.0
79933,1,6,113,2,1,50.0,0,I,MELB_URBAN,AVENUE,6,8.0
79934,1,1,99,5,1,60.0,0,N,MELB_URBAN,ROAD,6,13.0
79935,6,2,99,5,1,100.0,0,N,RURAL_VICTORIA,HIGHWAY,6,14.0
79936,4,2,181,5,1,80.0,0,N,TOWNS,HIGHWAY,6,17.0
79937,6,1,99,5,5,100.0,0,N,RURAL_VICTORIA,ROAD,6,21.0
79938,1,2,133,2,1,80.0,0,I,LARGE_PROVINCIAL_CITIES,STREET,6,16.0
79939,3,0,167,5,1,60.0,0,N,RURAL_VICTORIA,OTHER,6,13.0
79940,1,2,113,2,3,80.0,0,I,MELB_URBAN,HIGHWAY,6,19.0
79941,1,7,99,2,1,60.0,0,I,TOWNS,ROAD,6,13.0
79942,1,6,130,2,1,60.0,0,I,MELB_URBAN,HIGHWAY,5,10.0
79943,2,6,100,1,1,60.0,0,I,MELB_URBAN,ROAD,6,7.0
79944,4,3,171,2,3,60.0,0,I,MELB_URBAN,ROAD,6,0.0
79945,1,2,147,5,3,60.0,0,N,MELB_URBAN,STREET,5,17.0
79946,8,4,174,2,1,50.0,0,I,TOWNS,ROAD,6,9.0
79947,2,3,102,5,1,50.0,0,N,MELB_URBAN,OTHER,6,9.0
79948,6,6,174,5,1,60.0,0,N,MELB_URBAN,ROAD,6,16.0
79949,1,3,130,2,1,60.0,0,I,MELB_URBAN,STREET,5,12.0
79950,1,3,99,5,2,50.0,0,N,MELB_URBAN,DRIVE,6,17.0
79951,1,2,110,1,1,60.0,0,I,SMALL_CITIES,STREET,6,9.0
79952,4,2,183,5,1,100.0,0,N,RURAL_VICTORIA,HIGHWAY,6,8.0
79953,1,0,113,2,9,70.0,0,I,TOWNS,ROAD,6,15.0
79954,1,3,163,5,1,40.0,0,N,MELB_URBAN,STREET,6,12.0
79955,1,1,130,2,1,60.0,0,I,MELB_URBAN,AVENUE,5,8.0
79956,2,4,100,1,1,60.0,0,I,SMALL_TOWNS,STREET,5,15.0
79957,1,3,113,2,1,80.0,0,I,MELB_URBAN,ROAD,6,7.0
79958,1,2,160,5,1,40.0,0,N,MELB_URBAN,DRIVE,6,10.0
79959,1,3,130,5,1,100.0,0,N,MELB_URBAN,UNKNOWN,4,8.0
79960,1,2,133,2,1,50.0,0,I,LARGE_PROVINCIAL_CITIES,AVENUE,6,15.0
79961,1,5,116,2,3,60.0,0,I,MELB_URBAN,ROAD,3,6.0
79962,8,3,99,5,1,60.0,0,N,RURAL_VICTORIA,OTHER,6,15.0
79963,2,3,100,1,1,60.0,0,I,MELB_URBAN,ROAD,6,15.0
79964,1,2,134,5,1,80.0,0,N,MELB_URBAN,UNKNOWN,6,9.0
79965,1,4,130,5,1,60.0,0,N,MELB_URBAN,ROAD,2,17.0
79966,1,3,130,5,1,60.0,0,N,MELB_URBAN,ROAD,6,16.0
79967,1,2,130,2,1,60.0,0,I,SMALL_CITIES,ROAD,6,15.0
79968,2,3,100,5,1,60.0,0,N,RURAL_VICTORIA,AVENUE,6,17.0
79969,4,2,183,5,5,60.0,0,N,RURAL_VICTORIA,HIGHWAY,6,2.0
79970,1,7,130,2,9,60.0,0,I,MELB_URBAN,OTHER,6,17.0
79971,1,3,110,1,3,60.0,0,I,MELB_URBAN,STREET,6,17.0
79972,1,2,147,5,3,70.0,0,I,LARGE_PROVINCIAL_CITIES,STREET,6,18.0
79973,1,2,116,2,3,80.0,0,I,MELB_URBAN,ROAD,6,18.0
79974,1,3,135,5,1,100.0,0,N,MELB_URBAN,FREEWAY,6,16.0
79975,1,3,130,5,3,100.0,0,N,MELB_URBAN,OTHER,6,18.0
79976,1,2,121,2,3,60.0,0,I,MELB_URBAN,ROAD,6,17.0
79977,2,3,102,5,5,60.0,0,N,MELB_URBAN,ROAD,6,19.0
79978,3,2,167,5,5,100.0,0,N,RURAL_VICTORIA,ROAD,6,22.0
79979,1,5,120,5,3,50.0,0,N,MELB_URBAN,DRIVE,4,18.0
79980,1,5,110,1,1,50.0,0,I,MELB_URBAN,ROAD,6,14.0
79981,4,3,173,5,1,80.0,0,N,MELB_URBAN,ROAD,6,12.0
79982,4,4,171,5,2,100.0,0,N,MELB_URBAN,UNKNOWN,6,7.0
79983,1,4,110,1,1,60.0,0,I,TOWNS,STREET,6,9.0
79984,1,3,110,1,1,50.0,0,I,MELB_URBAN,STREET,6,7.0
79985,2,3,100,2,1,60.0,0,I,MELB_URBAN,ROAD,6,8.0
79986,6,6,174,2,3,60.0,0,I,MELB_URBAN,ROAD,3,2.0
79987,1,2,130,5,1,100.0,0,N,MELB_URBAN,UNKNOWN,3,17.0
79988,1,3,110,1,1,50.0,0,I,MELB_URBAN,STREET,6,7.0
79989,1,3,113,2,1,60.0,0,I,MELB_URBAN,ROAD,6,9.0
79990,1,3,135,2,1,60.0,0,I,LARGE_PROVINCIAL_CITIES,ROAD,6,8.0
79991,6,4,174,1,1,70.0,0,I,MELB_URBAN,ROAD,6,10.0
79992,6,2,184,5,1,100.0,0,N,RURAL_VICTORIA,ROAD,6,13.0
79993,1,6,130,5,1,60.0,0,N,MELB_URBAN,HIGHWAY,6,10.0
79994,6,2,174,1,1,60.0,0,I,RURAL_VICTORIA,ROAD,6,12.0
79995,4,3,171,5,1,60.0,0,N,RURAL_VICTORIA,DRIVE,6,11.0
79996,1,3,130,1,3,40.0,0,I,MELB_URBAN,ROAD,4,17.0