,accident_type,day_of_week,dca_code,road_geometry,light_condition,speed_zone,severity,node_type,deg_urban_name,road_type,month,hour
79997,4,4,171,5,1,100.0,0,N,RURAL_VICTORIA,ROAD,6,7.0
79998,1,3,121,2,1,60.0,0,I,MELB_URBAN,ROAD,6,11.0
79999,1,5,140,5,1,60.0,0,N,MELB_URBAN,ROAD,4,13.0
80000,2,3,102,1,1,40.0,0,I,MELBOURNE_CBD,STREET,6,9.0
80001,1,4,113,2,1,100.0,1,I,RURAL_VICTORIA,ROAD,6,10.0
80002,1,4,110,1,1,60.0,0,I,MELB_URBAN,STREET,6,8.0
80003,4,4,173,5,1,100.0,0,N,RURAL_VICTORIA,ROAD,6,14.0
80004,1,2,130,5,1,100.0,0,N,MELB_URBAN,FREEWAY,6,16.0
80005,1,2,99,2,2,50.0,0,N,MELB_URBAN,ROAD,5,18.0
80006,1,2,99,4,2,60.0,0,I,MELB_URBAN,HIGHWAY,6,6.0
80007,1,3,130,5,2,80.0,0,N,MELB_URBAN,HIGHWAY,5,6.0
80008,4,2,181,2,1,60.0,0,I,RURAL_VICTORIA,ROAD,6,14.0
80009,1,3,121,5,1,60.0,0,N,MELB_URBAN,ROAD,6,15.0
80010,6,5,174,5,1,60.0,0,N,MELB_URBAN,ROAD,6,13.0
80011,1,3,121,1,1,60.0,0,I,MELB_URBAN,ROAD,6,7.0
80012,1,3,134,5,1,80.0,0,N,MELB_URBAN,OTHER,6,17.0
80013,1,4,121,1,1,80.0,0,I,MELB_URBAN,HIGHWAY,6,16.0
80014,1,4,130,5,3,80.0,0,N,MELB_URBAN,HIGHWAY,6,17.0
80015,2,4,102,2,1,60.0,0,I,MELB_URBAN,ROAD,6,16.0
80016,4,4,173,5,3,50.0,0,N,LARGE_PROVINCIAL_CITIES,STREET,6,18.0
80017,1,4,110,1,1,100.0,0,I,RURAL_VICTORIA,ROAD,6,14.0
80018,1,0,111,2,1,50.0,0,I,MELB_URBAN,ROAD,6,9.0
80019,4,4,171,2,2,60.0,0,I,MELB_URBAN,STREET,6,17.0
80020,1,5,121,1,3,60.0,0,I,MELB_URBAN,HIGHWAY,6,5.0
80021,4,4,171,5,1,100.0,0,N,RURAL_VICTORIA,ROAD,6,12.0
80022,1,4,130,2,3,60.0,0,I,MELB_URBAN,ROAD,6,21.0
80023,1,3,160,6,3,50.0,0,N,SMALL_CITIES,DRIVE,6,19.0
80024,4,4,99,2,2,100.0,0,I,RURAL_VICTORIA,ROAD,6,17.0
80025,1,2,110,1,1,50.0,0,I,MELB_URBAN,STREET,4,8.0
80026,1,3,130,5,5,100.0,0,N,MELB_URBAN,OTHER,6,18.0
80027,1,5,113,2,1,80.0,0,I,MELB_URBAN,HIGHWAY,6,8.0
80028,8,5,184,5,1,100.0,0,N,RURAL_VICTORIA,ROAD,6,10.0
80029,1,3,135,1,1,60.0,0,I,MELB_URBAN,STREET,6,14.0
80030,1,5,110,1,1,50.0,0,I,SMALL_CITIES,STREET,6,9.0
80031,1,6,130,5,1,100.0,0,N,MELB_URBAN,FREEWAY,6,14.0
80032,8,7,174,5,1,60.0,0,N,MELB_URBAN,ROAD,2,19.0
80033,1,5,133,5,2,100.0,0,N,MELB_URBAN,ROAD,6,6.0
80034,1,4,110,1,3,60.0,0,I,TOWNS,ROAD,6,18.0
80035,1,5,110,1,1,40.0,0,I,MELB_URBAN,DRIVE,6,14.0
80036,1,5,130,5,1,80.0,0,N,MELB_URBAN,OTHER,6,14.0
80037,1,1,121,2,3,60.0,0,I,MELB_URBAN,STREET,5,20.0
80038,1,4,130,5,1,60.0,0,N,MELB_URBAN,ROAD,6,14.0
80039,1,4,160,5,1,60.0,0,N,LARGE_PROVINCIAL_CITIES,ROAD,6,13.0
80040,1,4,99,2,3,50.0,0,I,MELB_URBAN,ROAD,6,19.0
80041,2,5,100,5,1,40.0,0,N,TOWNS,STREET,6,15.0
80042,1,5,130,5,9,70.0,0,N,MELB_URBAN,ROAD,10,18.0
80043,1,5,110,1,1,60.0,0,I,MELB_URBAN,STREET,6,8.0
80044,4,4,181,2,1,60.0,0,I,MELB_URBAN,ROAD,6,7.0
80045,1,5,130,1,9,60.0,0,I,LARGE_PROVINCIAL_CITIES,OTHER,6,17.0
80046,1,5,121,2,3,50.0,0,I,MELB_URBAN,ROAD,6,18.0
80047,1,5,121,2,3,50.0,0,I,MELBOURNE_CBD,OTHER,6,18.0
80048,1,5,120,5,1,100.0,0,N,TOWNS,HIGHWAY,6,16.0
80049,1,5,113,2,2,100.0,0,I,RURAL_VICTORIA,HIGHWAY,6,17.0
80050,2,4,100,1,1,40.0,0,I,MELB_URBAN,STREET,6,14.0
80051,1,4,121,1,1,40.0,0,I,MELB_URBAN,STREET,6,16.0
80052,1,5,110,1,2,70.0,0,I,MELB_URBAN,STREET,6,17.0
80053,1,5,134,5,5,80.0,0,N,MELB_URBAN,OTHER,6,17.0
80054,1,5,116,2,1,50.0,0,I,MELB_URBAN,DRIVE,6,15.0
80055,1,5,121,1,1,50.0,0,I,SMALL_CITIES,STREET,6,17.0
80056,1,5,130,5,1,50.0,0,N,MELB_URBAN,ROAD,6,16.0
80057,4,5,181,5,3,60.0,0,N,TOWNS,HIGHWAY,6,18.0
80058,6,5,174,1,1,60.0,0,I,SMALL_CITIES,ROAD,6,16.0
80059,1,5,99,5,3,50.0,0,N,MELB_URBAN,OTHER,6,22.0
80060,4,4,99,5,3,50.0,0,N,MELB_URBAN,STREET,6,21.0
80061,3,5,167,2,5,100.0,0,I,RURAL_VICTORIA,ROAD,6,19.0
80062,4,6,173,5,5,80.0,0,N,RURAL_VICTORIA,HIGHWAY,6,1.0
80063,4,6,183,5,3,50.0,0,N,MELB_URBAN,DRIVE,6,1.0
80064,1,6,113,2,5,80.0,0,I,RURAL_VICTORIA,HIGHWAY,6,6.0
80065,6,1,174,5,4,50.0,0,N,LARGE_PROVINCIAL_CITIES,STREET,5,23.0
80066,5,3,99,5,9,60.0,0,N,RURAL_VICTORIA,ROAD,6,15.0
80067,1,6,121,1,1,60.0,0,I,MELB_URBAN,ROAD,6,10.0
80068,4,6,173,5,1,60.0,0,N,MELB_URBAN,ROAD,6,9.0
80069,1,6,134,5,1,70.0,0,N,MELB_URBAN,OTHER,6,11.0
80070,1,6,110,1,1,60.0,0,I,LARGE_PROVINCIAL_CITIES,STREET,6,11.0
80071,1,6,130,5,1,60.0,0,N,MELB_URBAN,ROAD,6,9.0
80072,4,6,181,5,1,60.0,0,N,RURAL_VICTORIA,ROAD,6,8.0
80073,1,5,110,1,1,80.0,0,I,SMALL_CITIES,ROAD,5,9.0
80074,2,6,100,5,2,60.0,0,N,MELB_URBAN,ROAD,6,7.0
80075,1,5,130,5,1,60.0,0,N,MELB_URBAN,ROAD,5,16.0
80076,1,5,121,5,1,40.0,0,N,MELB_URBAN,STREET,6,8.0
80077,1,4,130,4,1,60.0,0,N,RURAL_VICTORIA,ROAD,6,9.0
80078,1,5,121,2,3,60.0,0,I,MELB_URBAN,STREET,6,17.0
80079,4,1,183,5,1,60.0,0,N,RURAL_VICTORIA,OTHER,6,14.0
80080,1,3,110,1,1,60.0,0,I,MELB_URBAN,ROAD,6,16.0
80081,1,6,130,5,1,80.0,0,N,MELB_URBAN,UNKNOWN,6,11.0
80082,2,4,100,1,1,60.0,0,I,LARGE_PROVINCIAL_CITIES,STREET,6,15.0
80083,1,6,130,4,1,60.0,0,I,MELB_URBAN,RAMP,6,10.0
80084,1,5,113,2,1,100.0,0,I,RURAL_VICTORIA,ROAD,6,15.0
80085,1,3,130,5,1,100.0,0,N,RURAL_VICTORIA,RAMP,6,12.0
80086,1,6,113,2,1,70.0,0,I,MELB_URBAN,ROAD,6,15.0
80087,1,6,113,4,1,60.0,0,I,MELB_URBAN,ROAD,6,12.0
80088,2,5,102,2,1,50.0,0,I,SMALL_CITIES,ROAD,6,15.0
80089,2,6,102,2,3,60.0,0,I,MELBOURNE_CBD,STREET,6,17.0
80090,1,5,147,5,1,70.0,0,N,LARGE_PROVINCIAL_CITIES,ROAD,6,9.0
80091,2,6,102,5,3,60.0,0,N,MELB_URBAN,ROAD,6,18.0
80092,1,6,130,2,3,80.0,0,I,MELB_URBAN,BOULEVARD,6,17.0
80093,4,5,181,5,3,50.0,0,N,MELB_URBAN,BOULEVARD,6,19.0
80094,1,5,160,5,3,60.0,0,N,LARGE_PROVINCIAL_CITIES,STREET,6,18.0
80095,1,6,130,2,3,60.0,0,I,MELB_URBAN,ROAD,6,18.0
80096,1,5,130,5,5,50.0,0,N,MELB_URBAN,FREEWAY,6,19.0
80097,1,1,130,5,3,60.0,0,N,MELB_URBAN,ROAD,6,18.0
80098,4,5,173,5,3,60.0,0,N,SMALL_CITIES,ROAD,6,22.0
80099,1,6,171,5,3,50.0,0,N,LARGE_PROVINCIAL_CITIES,STREET,6,20.0
80100,4,6,171,5,1,100.0,0,N,RURAL_VICTORIA,HIGHWAY,6,15.0
80101,1,5,130,5,3,60.0,0,N,LARGE_PROVINCIAL_CITIES,STREET,6,18.0
80102,1,6,99,1,3,60.0,0,I,MELB_URBAN,ROAD,6,23.0
80103,1,2,130,4,1,60.0,0,I,SMALL_CITIES,OTHER,5,15.0
80104,2,7,102,2,3,60.0,0,I,MELB_URBAN,STREET,6,1.0
80105,1,5,99,5,3,50.0,0,N,SMALL_CITIES,STREET,6,23.0
80106,1,7,130,5,6,80.0,0,I,MELB_URBAN,ROAD,6,2.0
80107,1,6,110,1,3,50.0,0,I,MELB_URBAN,STREET,6,2.0
80108,1,3,135,5,1,60.0,0,N,MELBOURNE_CBD,STREET,6,13.0
80109,1,6,99,2,9,50.0,0,I,MELB_URBAN,ROAD,10,1.0
80110,2,6,99,5,1,50.0,0,N,MELB_URBAN,AVENUE,6,14.0
80111,1,7,99,5,2,60.0,0,N,MELB_URBAN,ROAD,6,6.0
80112,1,7,121,1,1,60.0,0,I,MELB_URBAN,HIGHWAY,6,9.0
80113,8,7,174,5,1,80.0,0,N,RURAL_VICTORIA,ROAD,6,10.0
80114,1,6,140,5,1,60.0,0,N,MELB_URBAN,ROAD,6,9.0
80115,1,5,130,1,1,80.0,0,I,MELB_URBAN,HIGHWAY,6,13.0
80116,1,6,110,1,1,50.0,0,I,MELB_URBAN,STREET,6,12.0
80117,1,6,147,5,1,60.0,0,N,MELB_URBAN,ROAD,6,8.0
80118,1,4,113,2,1,60.0,0,I,MELB_URBAN,ROAD,6,9.0
80119,4,7,173,5,1,50.0,0,N,MELB_URBAN,DRIVE,6,12.0
80120,1,6,110,1,1,60.0,0,I,TOWNS,STREET,6,13.0
80121,6,6,99,5,1,100.0,0,N,RURAL_VICTORIA,ROAD,6,13.0
80122,1,6,121,2,1,60.0,0,I,RURAL_VICTORIA,DRIVE,6,14.0
80123,1,7,130,5,1,70.0,0,N,MELB_URBAN,ROAD,6,13.0
80124,2,7,99,5,1,60.0,0,N,MELB_URBAN,ROAD,6,13.0
80125,8,6,174,5,3,50.0,0,N,MELB_URBAN,AVENUE,6,23.0
80126,1,4,99,5,1,60.0,0,I,MELB_URBAN,ROAD,6,9.0
80127,1,7,99,3,2,60.0,0,I,MELB_URBAN,ROAD,6,17.0
80128,1,7,99,5,1,60.0,0,N,MELB_URBAN,ROAD,6,16.0
80129,1,7,132,2,2,50.0,0,I,SMALL_CITIES,STREET,6,17.0
80130,1,6,111,2,1,80.0,0,I,MELB_URBAN,ROAD,6,13.0
80131,2,7,100,5,1,60.0,0,N,MELB_URBAN,STREET,6,13.0
80132,2,7,100,2,3,70.0,0,I,MELB_URBAN,ROAD,6,17.0
80133,1,6,110,1,1,100.0,0,I,SMALL_TOWNS,ROAD,6,15.0
80134,2,7,99,2,1,60.0,0,I,MELB_URBAN,ROAD,6,16.0
80135,1,4,110,1,9,50.0,0,I,MELB_URBAN,ROAD,6,18.0
80136,4,7,171,2,1,50.0,0,I,MELB_URBAN,ROAD,6,16.0
80137,1,6,130,1,3,60.0,0,I,MELB_URBAN,ROAD,6,18.0
80138,1,7,110,1,1,60.0,0,I,SMALL_CITIES,STREET,6,16.0
80139,2,7,100,5,3,60.0,0,N,MELB_URBAN,ROAD,6,17.0
80140,1,7,116,2,2,80.0,0,I,RURAL_VICTORIA,HIGHWAY,6,17.0
80141,1,7,130,5,3,100.0,0,N,MELB_URBAN,FREEWAY,6,17.0
80142,4,7,171,5,3,80.0,0,N,RURAL_VICTORIA,HIGHWAY,6,19.0
80143,5,7,99,5,5,100.0,0,N,RURAL_VICTORIA,HIGHWAY,6,19.0
80144,1,6,110,1,1,50.0,0,I,MELB_URBAN,ROAD,6,16.0
80145,3,6,167,5,5,110.0,0,N,RURAL_VICTORIA,FREEWAY,6,19.0
80146,6,7,99,2,5,80.0,0,I,TOWNS,HIGHWAY,6,19.0
80147,4,7,173,5,3,60.0,0,I,MELB_URBAN,AVENUE,6,23.0
80148,1,1,130,5,3,80.0,0,N,MELB_URBAN,HIGHWAY,6,0.0
80149,4,1,171,5,5,100.0,0,N,RURAL_VICTORIA,ROAD,6,3.0
80150,4,1,181,5,5,100.0,0,N,RURAL_VICTORIA,OTHER,6,4.0
80151,1,5,130,5,3,80.0,0,N,MELB_URBAN,ROAD,6,18.0
80152,1,1,130,5,9,60.0,0,N,MELB_URBAN,ROAD,5,3.0
80153,4,7,173,5,3,80.0,0,N,MELB_URBAN,ROAD,6,18.0
80154,1,0,110,1,1,60.0,0,I,MELB_URBAN,ROAD,6,9.0
80155,8,7,99,1,3,70.0,0,N,MELB_URBAN,ROAD,6,21.0
80156,1,7,121,1,3,60.0,0,I,MELB_URBAN,ROAD,6,18.0
80157,1,1,130,5,1,100.0,0,N,RURAL_VICTORIA,HIGHWAY,6,10.0
80158,1,1,130,2,1,60.0,0,I,MELB_URBAN,ROAD,6,12.0
80159,1,5,120,5,5,100.0,0,N,RURAL_VICTORIA,HIGHWAY,6,18.0
80160,4,1,171,1,3,80.0,0,N,MELB_URBAN,ROAD,6,0.0
80161,4,1,181,4,1,100.0,0,I,RURAL_VICTORIA,ROAD,6,10.0
80162,1,0,130,5,1,60.0,0,N,MELB_URBAN,ROAD,6,12.0
80163,8,0,174,2,1,100.0,0,I,RURAL_VICTORIA,ROAD,6,11.0
80164,1,1,121,1,1,60.0,0,I,MELB_URBAN,STREET,6,11.0
80165,4,7,171,1,1,100.0,0,I,RURAL_VICTORIA,ROAD,6,16.0
80166,1,0,121,2,1,80.0,0,I,RURAL_VICTORIA,HIGHWAY,6,15.0
80167,1,6,99,1,6,40.0,0,I,MELB_URBAN,STREET,6,17.0
80168,1,1,110,1,5,100.0,0,I,RURAL_VICTORIA,ROAD,6,18.0
80169,2,1,102,5,5,80.0,1,N,RURAL_VICTORIA,OTHER,6,17.0
80170,1,0,99,2,3,50.0,0,I,MELB_URBAN,DRIVE,6,19.0
80171,1,1,120,2,3,50.0,0,I,MELB_URBAN,STREET,6,21.0
80172,1,3,130,2,1,40.0,0,I,MELB_URBAN,STREET,4,9.0
80173,1,2,120,5,1,80.0,0,N,MELB_URBAN,OTHER,6,7.0
80174,1,2,110,1,1,50.0,0,I,MELB_URBAN,STREET,6,7.0
80175,1,1,110,1,1,60.0,0,I,SMALL_CITIES,STREET,6,9.0
80176,1,2,116,2,1,60.0,0,I,SMALL_CITIES,ROAD,6,8.0
80177,8,7,99,5,1,60.0,0,N,RURAL_VICTORIA,ROAD,2,14.0
80178,1,5,130,1,3,60.0,0,I,LARGE_PROVINCIAL_CITIES,ROAD,6,18.0
80179,2,1,100,5,3,60.0,0,N,MELB_URBAN,OTHER,6,5.0
80180,1,2,116,1,2,80.0,0,I,MELB_URBAN,ROAD,5,7.0
80181,1,5,130,2,1,40.0,0,I,MELB_URBAN,ROAD,3,11.0
80182,1,2,121,2,1,50.0,0,I,MELB_URBAN,STREET,6,8.0
80183,1,1,130,5,5,90.0,0,N,MELB_URBAN,ROAD,6,17.0
80184,1,2,99,1,1,50.0,0,I,TOWNS,STREET,6,11.0
80185,4,2,181,5,1,100.0,0,N,RURAL_VICTORIA,ROAD,6,7.0
80186,1,1,130,2,1,60.0,0,I,MELB_URBAN,STREET,6,11.0
80187,2,2,100,5,1,80.0,0,N,MELB_URBAN,OTHER,6,12.0
80188,4,1,181,2,1,100.0,0,I,RURAL_VICTORIA,ROAD,6,13.0
80189,1,1,130,5,3,60.0,0,N,MELB_URBAN,ROAD,6,21.0
80190,1,2,133,5,1,110.0,0,N,SMALL_CITIES,FREEWAY,6,8.0
80191,1,1,130,2,1,80.0,0,I,MELB_URBAN,HIGHWAY,6,14.0
80192,1,2,121,2,1,60.0,0,I,MELB_URBAN,HIGHWAY,4,13.0
80193,1,1,133,5,9,60.0,0,N,MELB_URBAN,UNKNOWN,6,6.0
80194,1,2,121,2,1,60.0,0,I,SMALL_CITIES,ROAD,6,13.0
80195,8,7,184,5,1,60.0,0,N,RURAL_VICTORIA,ROAD,4,14.0
80196,4,2,183,5,2,100.0,0,N,RURAL_VICTORIA,ROAD,6,16.0
80197,1,2,110,1,3,40.0,0,I,MELB_URBAN,ROAD,6,19.0
80198,1,1,140,1,3,60.0,0,I,MELB_URBAN,STREET,6,17.0
80199,1,2,110,1,5,60.0,0,I,SMALL_CITIES,STREET,6,19.0
80200,1,2,121,5,1,70.0,0,N,RURAL_VICTORIA,ROAD,6,8.0
80201,1,2,147,5,3,50.0,0,N,MELB_URBAN,ROAD,6,18.0
80202,1,1,121,2,3,70.0,0,I,MELB_URBAN,ROAD,6,20.0
80203,8,1,174,5,3,50.0,0,N,MELBOURNE_CBD,STREET,6,21.0
80204,1,0,99,2,1,60.0,0,I,MELB_URBAN,PARADE,6,10.0
80205,1,1,116,2,3,60.0,0,I,MELB_URBAN,ROAD,6,17.0
80206,2,2,100,5,1,50.0,0,N,SMALL_CITIES,STREET,6,15.0
80207,1,2,113,2,1,60.0,0,I,MELB_URBAN,DRIVE,6,15.0
80208,1,2,130,5,3,80.0,0,N,MELB_URBAN,ROAD,6,21.0
80209,1,2,132,5,1,60.0,0,N,MELB_URBAN,ROAD,6,16.0
80210,4,2,171,5,3,60.0,0,N,MELB_URBAN,STREET,6,17.0
80211,4,3,171,5,3,60.0,0,N,LARGE_PROVINCIAL_CITIES,STREET,6,1.0
80212,4,6,183,2,1,60.0,0,I,RURAL_VICTORIA,ROAD,6,14.0
80213,1,6,132,5,3,60.0,0,I,MELB_URBAN,OTHER,6,21.0
80214,1,3,110,1,1,60.0,0,I,SMALL_CITIES,STREET,6,8.0
80215,1,6,130,2,1,80.0,0,I,MELB_URBAN,ROAD,6,14.0
80216,2,3,99,5,1,50.0,0,N,SMALL_CITIES,OTHER,6,8.0
80217,1,3,113,2,1,50.0,0,I,LARGE_PROVINCIAL_CITIES,ROAD,6,9.0
80218,1,3,130,2,1,70.0,0,I,MELB_URBAN,ROAD,6,10.0
80219,4,2,173,5,2,100.0,0,N,RURAL_VICTORIA,ROAD,6,7.0
80220,1,3,163,5,1,40.0,0,N,MELB_URBAN,STREET,6,10.0
80221,1,3,111,2,1,60.0,0,I,MELB_URBAN,ROAD,6,9.0
80222,4,2,99,2,3,40.0,0,N,MELBOURNE_CBD,STREET,6,4.0
80223,2,3,100,2,1,60.0,0,I,MELB_URBAN,STREET,6,8.0
80224,4,6,99,5,2,60.0,0,N,RURAL_VICTORIA,OTHER,6,17.0
80225,1,3,113,2,1,60.0,0,I,MELB_URBAN,ROAD,6,11.0
80226,5,0,99,5,1,60.0,0,N,RURAL_VICTORIA,ROAD,6,15.0
80227,2,1,99,2,1,40.0,0,N,MELB_URBAN,PARADE,6,12.0
80228,1,3,160,5,1,50.0,0,N,SMALL_CITIES,STREET,6,8.0
80229,4,3,171,5,5,70.0,0,N,MELB_URBAN,DRIVE,6,6.0
80230,1,1,171,5,3,60.0,0,N,MELB_URBAN,STREET,6,21.0
80231,2,3,100,1,1,40.0,0,I,MELB_URBAN,ROAD,6,11.0
80232,4,3,181,5,1,100.0,0,N,RURAL_VICTORIA,ROAD,6,7.0
80233,1,3,111,1,1,50.0,0,I,MELB_URBAN,PARADE,6,11.0
80234,1,3,163,5,1,40.0,0,N,MELB_URBAN,ROAD,6,12.0
80235,1,2,130,5,3,80.0,0,N,MELB_URBAN,ROAD,6,19.0
80236,2,3,102,5,1,40.0,0,N,MELB_URBAN,STREET,6,13.0
80237,2,2,99,5,1,40.0,0,N,MELB_URBAN,AVENUE,6,9.0
80238,8,6,174,1,1,80.0,0,I,RURAL_VICTORIA,ROAD,6,14.0
80239,1,3,121,1,1,60.0,0,N,LARGE_PROVINCIAL_CITIES,STREET,6,15.0
80240,1,2,130,5,1,80.0,0,N,MELB_URBAN,FREEWAY,6,11.0
80241,1,6,111,2,1,60.0,0,I,MELB_URBAN,ROAD,2,17.0
80242,1,3,116,2,1,60.0,0,N,MELB_URBAN,ROAD,6,15.0
80243,1,3,99,5,1,60.0,0,N,MELB_URBAN,STREET,6,12.0
80244,1,2,130,2,1,70.0,0,I,MELB_URBAN,ROAD,6,16.0
80245,1,3,130,1,1,60.0,0,I,MELB_URBAN,STREET,6,8.0
80246,1,3,130,5,1,80.0,0,N,MELB_URBAN,OTHER,6,16.0
80247,4,3,181,2,1,60.0,0,I,MELB_URBAN,HIGHWAY,6,13.0
80248,1,2,133,5,3,60.0,0,N,SMALL_CITIES,STREET,6,18.0
80249,1,2,99,5,1,60.0,0,N,MELB_URBAN,ROAD,6,12.0
80250,1,1,130,1,1,70.0,0,I,MELB_URBAN,ROAD,6,9.0
80251,1,3,160,5,3,60.0,0,N,LARGE_PROVINCIAL_CITIES,ROAD,6,18.0
80252,1,3,147,5,1,60.0,0,N,SMALL_CITIES,ROAD,6,17.0
80253,1,3,113,1,1,60.0,0,I,MELB_URBAN,STREET,6,15.0
80254,1,3,121,1,3,50.0,0,I,MELBOURNE_CBD,OTHER,6,20.0
80255,1,3,99,2,1,60.0,0,N,MELB_URBAN,ROAD,6,16.0
80256,1,2,130,5,1,60.0,0,N,MELB_URBAN,ROAD,6,16.0
80257,1,3,110,1,1,100.0,1,I,RURAL_VICTORIA,ROAD,6,15.0
80258,1,3,121,1,3,60.0,0,I,MELB_URBAN,ROAD,6,22.0
80259,1,3,130,5,1,60.0,0,N,MELB_URBAN,ROAD,6,18.0
80260,1,3,120,5,5,100.0,0,N,RURAL_VICTORIA,ROAD,6,20.0
80261,1,5,121,2,1,60.0,0,I,MELB_URBAN,STREET,6,9.0
80262,8,4,174,5,1,60.0,0,N,MELB_URBAN,ROAD,4,17.0
80263,1,5,132,1,1,70.0,0,N,MELB_URBAN,ROAD,6,15.0
80264,1,4,135,5,3,80.0,0,N,MELB_URBAN,ROAD,6,6.0
80265,1,6,110,1,1,50.0,0,I,MELB_URBAN,OTHER,5,8.0
80266,1,4,130,1,3,100.0,0,I,MELB_URBAN,ROAD,6,6.0
80267,1,7,130,2,3,50.0,0,I,MELB_URBAN,HIGHWAY,6,19.0
80268,1,4,163,5,3,40.0,0,N,MELB_URBAN,STREET,6,6.0
80269,1,4,130,2,1,80.0,0,N,MELB_URBAN,HIGHWAY,6,7.0
80270,1,4,134,5,1,100.0,0,N,MELB_URBAN,OTHER,6,7.0
80271,1,4,130,5,5,80.0,0,N,RURAL_VICTORIA,ROAD,6,6.0
80272,1,4,130,5,1,100.0,0,N,MELB_URBAN,FREEWAY,6,7.0
80273,1,2,99,5,5,80.0,0,N,RURAL_VICTORIA,ROAD,6,17.0
80274,1,5,130,5,3,80.0,0,N,MELB_URBAN,HIGHWAY,6,17.0
80275,4,3,173,1,3,60.0,0,I,MELB_URBAN,ROAD,6,21.0
80276,4,4,181,5,5,100.0,0,N,RURAL_VICTORIA,ROAD,6,1.0
80277,1,4,121,1,1,80.0,0,I,MELB_URBAN,ROAD,6,12.0
80278,1,4,121,2,1,70.0,0,I,MELB_URBAN,ROAD,6,11.0
80279,1,1,130,5,1,60.0,0,N,MELB_URBAN,STREET,1,15.0
80280,1,4,110,1,1,60.0,0,I,LARGE_PROVINCIAL_CITIES,STREET,6,12.0
80281,1,4,113,2,1,40.0,0,I,MELB_URBAN,HIGHWAY,6,11.0
80282,1,4,160,5,1,50.0,0,N,MELB_URBAN,OTHER,6,7.0
80283,4,3,99,5,5,80.0,0,N,RURAL_VICTORIA,ROAD,6,23.0
80284,2,4,100,5,1,50.0,0,N,SMALL_CITIES,STREET,6,11.0
80285,6,5,174,2,1,100.0,0,I,RURAL_VICTORIA,ROAD,6,16.0
80286,8,4,170,5,1,50.0,0,N,MELB_URBAN,STREET,6,14.0
80287,1,4,121,2,1,70.0,0,I,MELB_URBAN,ROAD,6,10.0
80288,1,6,130,5,1,60.0,0,N,MELB_URBAN,ROAD,11,8.0
80289,2,3,102,2,1,50.0,0,I,TOWNS,STREET,6,14.0
80290,2,4,102,1,3,60.0,0,N,LARGE_PROVINCIAL_CITIES,STREET,6,17.0
80291,1,4,121,4,3,60.0,0,I,MELB_URBAN,ROAD,6,17.0
80292,2,3,102,2,3,60.0,0,I,MELB_URBAN,STREET,6,19.0
80293,4,4,181,5,1,50.0,0,I,MELB_URBAN,AVENUE,6,15.0
80294,1,4,113,2,1,60.0,0,I,MELB_URBAN,ROAD,6,15.0
80295,5,6,99,5,5,100.0,0,N,RURAL_VICTORIA,HIGHWAY,5,18.0
80296,1,4,130,2,3,70.0,0,N,MELB_URBAN,ROAD,6,17.0
80297,1,4,121,2,1,80.0,0,I,SMALL_CITIES,HIGHWAY,6,15.0
80298,1,5,111,2,9,60.0,0,I,MELB_URBAN,ROAD,6,19.0
80299,4,3,171,5,1,80.0,0,N,RURAL_VICTORIA,ROAD,6,15.0
80300,2,4,99,5,1,80.0,0,N,MELB_URBAN,OTHER,6,16.0
80301,1,3,99,2,1,60.0,0,I,MELB_URBAN,ROAD,6,9.0
80302,1,3,121,1,1,50.0,0,I,MELB_URBAN,STREET,6,15.0
80303,2,3,102,5,2,50.0,0,N,MELB_URBAN,STREET,6,16.0
80304,2,4,100,5,3,60.0,0,N,MELB_URBAN,ROAD,6,19.0
80305,1,4,130,5,3,70.0,0,N,LARGE_PROVINCIAL_CITIES,ROAD,6,19.0
80306,2,3,100,5,3,50.0,0,N,LARGE_PROVINCIAL_CITIES,STREET,6,21.0
80307,4,6,173,2,1,60.0,0,N,MELB_URBAN,ROAD,6,14.0
80308,4,4,171,5,3,80.0,0,N,MELB_URBAN,ROAD,6,22.0
80309,4,6,173,1,1,60.0,0,I,TOWNS,STREET,5,13.0
80310,1,4,99,5,1,60.0,0,N,MELB_URBAN,ROAD,6,12.0
80311,1,7,130,2,1,50.0,0,I,RURAL_VICTORIA,HIGHWAY,6,8.0
80312,1,3,130,4,1,60.0,0,I,SMALL_CITIES,UNKNOWN,5,8.0
80313,1,5,111,1,1,50.0,0,I,MELB_URBAN,STREET,6,8.0
80314,1,5,134,5,1,80.0,0,N,MELB_URBAN,HIGHWAY,6,9.0
80315,8,5,174,2,1,70.0,0,N,MELB_URBAN,ROAD,6,8.0
80316,8,7,174,5,1,60.0,0,N,MELB_URBAN,OTHER,5,13.0
80317,1,5,99,5,1,50.0,0,N,MELB_URBAN,STREET,6,11.0
80318,2,5,100,2,1,40.0,0,I,MELB_URBAN,ROAD,6,8.0
80319,4,6,173,5,1,70.0,0,N,RURAL_VICTORIA,OTHER,5,12.0
80320,1,4,120,5,1,60.0,0,N,TOWNS,HIGHWAY,6,12.0
80321,2,4,102,5,1,60.0,0,N,MELB_URBAN,HIGHWAY,6,14.0
80322,4,5,171,4,1,60.0,0,N,MELB_URBAN,RAMP,6,15.0
80323,1,4,99,1,1,100.0,0,I,RURAL_VICTORIA,OTHER,6,12.0
80324,2,6,100,5,6,50.0,0,N,MELB_URBAN,STREET,6,22.0
80325,1,5,130,5,1,60.0,0,N,MELB_URBAN,BOULEVARD,6,15.0
80326,5,3,99,5,1,60.0,0,N,RURAL_VICTORIA,ROAD,6,11.0
80327,1,4,99,5,1,60.0,0,N,MELB_URBAN,ROAD,6,14.0
80328,4,2,181,5,1,100.0,0,N,RURAL_VICTORIA,ROAD,5,15.0
80329,1,4,132,2,1,60.0,0,I,MELB_URBAN,ROAD,6,16.0