,accident_type,day_of_week,dca_code,road_geometry,light_condition,speed_zone,severity,node_type,deg_urban_name,road_type,month,hour
80330,4,3,181,5,5,100.0,0,N,RURAL_VICTORIA,ROAD,6,5.0
80331,2,4,100,1,1,40.0,0,I,MELB_URBAN,ROAD,6,14.0
80332,1,5,130,5,1,50.0,0,N,MELB_URBAN,OTHER,6,8.0
80333,4,3,171,5,6,100.0,0,N,MELB_URBAN,ROAD,6,6.0
80334,1,4,130,5,1,80.0,0,N,MELB_URBAN,ROAD,6,15.0
80335,1,5,99,1,3,50.0,0,I,SMALL_CITIES,STREET,6,17.0
80336,1,4,121,2,3,60.0,0,I,MELB_URBAN,ROAD,6,20.0
80337,1,5,147,5,3,50.0,0,N,MELB_URBAN,STREET,6,20.0
80338,1,5,113,2,3,80.0,0,I,MELB_URBAN,ROAD,6,20.0
80339,1,5,121,1,9,60.0,0,I,MELB_URBAN,HIGHWAY,6,10.0
80340,4,5,173,5,5,100.0,0,N,RURAL_VICTORIA,HIGHWAY,6,22.0
80341,1,4,130,2,3,70.0,0,N,MELB_URBAN,ROAD,6,19.0
80342,4,5,183,5,5,80.0,0,N,RURAL_VICTORIA,ROAD,6,4.0
80343,1,6,110,1,3,60.0,0,I,MELB_URBAN,ROAD,6,6.0
80344,1,4,113,2,1,70.0,0,I,MELB_URBAN,ROAD,6,10.0
80345,1,3,140,5,1,60.0,0,N,LARGE_PROVINCIAL_CITIES,STREET,6,15.0
80346,1,5,140,5,1,100.0,0,N,RURAL_VICTORIA,HIGHWAY,6,13.0
80347,1,5,110,1,2,100.0,0,I,RURAL_VICTORIA,ROAD,6,17.0
80348,4,5,183,5,5,100.0,0,N,RURAL_VICTORIA,ROAD,6,5.0
80349,1,6,134,5,1,60.0,0,N,MELB_URBAN,OTHER,6,7.0
80350,1,6,121,5,1,40.0,0,N,MELB_URBAN,ROAD,6,9.0
80351,1,6,99,2,1,60.0,0,I,SMALL_CITIES,ROAD,6,8.0
80352,1,6,113,2,1,80.0,0,I,RURAL_VICTORIA,ROAD,6,9.0
80353,1,3,113,2,3,70.0,0,I,LARGE_PROVINCIAL_CITIES,ROAD,6,19.0
80354,1,5,120,5,1,50.0,0,N,MELB_URBAN,ROAD,6,9.0
80355,8,3,174,5,1,40.0,0,N,MELB_URBAN,STREET,6,11.0
80356,1,2,130,1,1,60.0,0,I,MELB_URBAN,ROAD,6,15.0
80357,4,6,181,2,1,80.0,0,I,RURAL_VICTORIA,ROAD,6,10.0
80358,1,5,121,2,1,60.0,0,I,MELB_URBAN,STREET,6,9.0
80359,4,5,181,5,1,80.0,0,N,RURAL_VICTORIA,ROAD,6,11.0
80360,2,5,99,5,1,60.0,0,N,MELB_URBAN,PARADE,6,8.0
80361,5,5,99,5,1,100.0,0,N,RURAL_VICTORIA,OTHER,6,12.0
80362,4,5,181,4,1,60.0,0,N,MELB_URBAN,STREET,6,11.0
80363,1,5,111,2,1,50.0,0,I,MELB_URBAN,ROAD,6,9.0
80364,1,6,130,1,1,70.0,0,I,LARGE_PROVINCIAL_CITIES,STREET,6,10.0
80365,1,6,130,5,1,100.0,0,N,RURAL_VICTORIA,FREEWAY,6,14.0
80366,4,6,171,2,1,80.0,0,I,RURAL_VICTORIA,HIGHWAY,6,12.0
80367,1,5,160,5,1,50.0,0,N,RURAL_VICTORIA,BOULEVARD,6,9.0
80368,1,6,113,2,1,80.0,0,I,MELB_URBAN,ROAD,6,14.0
80369,1,3,121,2,3,80.0,0,I,MELB_URBAN,ROAD,6,20.0
80370,1,6,99,1,1,60.0,0,I,MELB_URBAN,ROAD,6,16.0
80371,1,6,132,2,9,60.0,0,I,LARGE_PROVINCIAL_CITIES,ROAD,6,12.0
80372,1,6,121,1,1,60.0,0,I,MELB_URBAN,ROAD,6,15.0
80373,1,6,130,5,2,60.0,0,N,SMALL_CITIES,ROAD,6,16.0
80374,2,6,100,2,3,40.0,0,I,MELBOURNE_CBD,STREET,6,18.0
80375,2,5,100,2,5,50.0,0,I,MELB_URBAN,ROAD,6,18.0
80376,1,6,110,1,1,100.0,1,I,RURAL_VICTORIA,ROAD,6,16.0
80377,4,6,181,5,2,80.0,1,N,RURAL_VICTORIA,ROAD,6,17.0
80378,1,5,130,2,3,80.0,0,I,MELB_URBAN,HIGHWAY,6,18.0
80379,1,6,130,5,1,60.0,0,N,SMALL_CITIES,STREET,6,16.0
80380,1,6,110,1,3,40.0,0,I,LARGE_PROVINCIAL_CITIES,STREET,6,18.0
80381,1,6,130,5,2,60.0,0,N,SMALL_CITIES,HIGHWAY,6,17.0
80382,1,6,121,2,3,60.0,0,I,LARGE_PROVINCIAL_CITIES,STREET,6,19.0
80383,1,5,130,5,3,60.0,0,N,MELB_URBAN,ROAD,6,17.0
80384,1,6,111,2,5,80.0,0,I,RURAL_VICTORIA,ROAD,6,21.0
80385,1,6,130,1,1,60.0,0,I,MELB_URBAN,STREET,6,10.0
80386,1,5,121,1,3,80.0,0,I,MELB_URBAN,ROAD,6,17.0
80387,1,6,116,1,1,60.0,0,I,RURAL_VICTORIA,ROAD,6,15.0
80388,6,6,99,1,5,100.0,0,N,RURAL_VICTORIA,ROAD,6,22.0
80389,1,6,130,5,2,70.0,0,N,MELB_URBAN,STREET,6,17.0
80390,6,5,99,5,3,60.0,0,N,MELB_URBAN,ROAD,6,20.0
80391,1,6,121,1,3,60.0,0,I,LARGE_PROVINCIAL_CITIES,STREET,6,19.0
80392,4,7,171,1,3,60.0,0,I,MELB_URBAN,ROAD,6,0.0
80393,4,7,183,5,5,60.0,0,N,RURAL_VICTORIA,ROAD,6,4.0
80394,1,6,110,1,3,60.0,0,N,SMALL_CITIES,STREET,6,6.0
80395,1,4,113,2,3,60.0,0,I,TOWNS,ROAD,6,17.0
80396,1,6,120,5,1,80.0,0,N,RURAL_VICTORIA,ROAD,6,7.0
80397,8,6,174,5,1,50.0,0,N,MELB_URBAN,OTHER,6,16.0
80398,1,7,113,2,1,40.0,0,I,LARGE_PROVINCIAL_CITIES,AVENUE,6,9.0
80399,1,7,121,5,1,50.0,0,I,MELB_URBAN,ROAD,6,11.0
80400,1,7,110,1,1,40.0,0,I,MELB_URBAN,STREET,6,8.0
80401,6,7,174,5,1,70.0,0,N,LARGE_PROVINCIAL_CITIES,HIGHWAY,6,12.0
80402,6,7,99,5,5,100.0,0,N,MELB_URBAN,FREEWAY,6,6.0
80403,1,7,113,2,1,60.0,0,I,MELB_URBAN,HIGHWAY,6,14.0
80404,1,5,130,5,1,100.0,0,N,MELB_URBAN,FREEWAY,6,16.0
80405,1,7,140,5,1,50.0,0,N,MELB_URBAN,STREET,6,13.0
80406,1,6,121,1,2,60.0,0,I,MELB_URBAN,STREET,6,17.0
80407,1,6,130,5,1,70.0,0,N,MELB_URBAN,ROAD,6,14.0
80408,1,6,120,5,5,60.0,0,N,MELB_URBAN,ROAD,6,18.0
80409,1,7,113,2,1,60.0,0,I,MELB_URBAN,ROAD,6,14.0
80410,1,7,160,5,1,50.0,0,N,LARGE_PROVINCIAL_CITIES,STREET,6,14.0
80411,3,7,167,5,5,100.0,0,N,RURAL_VICTORIA,ROAD,6,18.0
80412,2,7,100,1,3,40.0,0,I,MELBOURNE_CBD,STREET,6,20.0
80413,1,7,121,2,3,60.0,0,I,MELB_URBAN,HIGHWAY,6,17.0
80414,1,5,130,5,1,60.0,0,N,MELB_URBAN,HIGHWAY,5,16.0
80415,1,7,130,5,3,60.0,0,N,MELB_URBAN,ROAD,6,18.0
80416,1,7,130,5,5,100.0,0,N,RURAL_VICTORIA,OTHER,6,18.0
80417,4,7,181,5,5,100.0,0,N,RURAL_VICTORIA,ROAD,6,18.0
80418,1,6,99,5,1,80.0,0,N,RURAL_VICTORIA,ROAD,6,15.0
80419,1,7,147,5,1,60.0,0,N,SMALL_CITIES,ROAD,6,16.0
80420,2,7,100,1,5,80.0,1,I,MELB_URBAN,HIGHWAY,6,21.0
80421,1,7,110,1,3,50.0,0,I,MELB_URBAN,STREET,6,22.0
80422,4,1,171,5,5,50.0,0,N,LARGE_PROVINCIAL_CITIES,DRIVE,6,3.0
80423,1,7,99,1,3,60.0,0,I,TOWNS,STREET,6,5.0
80424,4,0,99,5,3,50.0,0,N,TOWNS,STREET,6,4.0
80425,7,1,99,5,3,60.0,0,N,TOWNS,STREET,6,2.0
80426,1,5,130,5,3,100.0,0,N,MELB_URBAN,FREEWAY,6,19.0
80427,4,1,171,5,1,60.0,0,N,LARGE_PROVINCIAL_CITIES,ROAD,6,11.0
80428,1,1,130,2,1,80.0,0,I,MELB_URBAN,ROAD,6,7.0
80429,4,7,171,5,1,80.0,0,N,MELB_URBAN,FREEWAY,6,12.0
80430,1,0,113,1,1,60.0,0,I,MELB_URBAN,ROAD,6,9.0
80431,4,1,171,5,1,100.0,0,N,RURAL_VICTORIA,HIGHWAY,6,14.0
80432,1,3,130,5,1,60.0,0,N,MELB_URBAN,ROAD,6,12.0
80433,5,0,99,5,1,100.0,0,N,RURAL_VICTORIA,HIGHWAY,6,11.0
80434,1,1,113,1,1,80.0,0,I,RURAL_VICTORIA,AVENUE,6,15.0
80435,2,1,100,1,1,60.0,0,I,MELB_URBAN,ROAD,6,14.0
80436,1,0,110,1,1,50.0,0,I,MELB_URBAN,DRIVE,6,14.0
80437,1,4,140,2,1,40.0,0,I,MELB_URBAN,ROAD,5,15.0
80438,1,1,134,5,3,60.0,0,N,LARGE_PROVINCIAL_CITIES,ROAD,6,21.0
80439,2,1,102,1,3,60.0,0,I,MELB_URBAN,ROAD,6,20.0
80440,1,1,121,2,3,60.0,0,I,MELB_URBAN,ROAD,6,19.0
80441,4,0,171,5,6,60.0,0,N,TOWNS,STREET,6,22.0
80442,2,1,99,5,3,60.0,0,N,MELB_URBAN,HIGHWAY,6,22.0
80443,1,5,130,4,3,50.0,0,I,LARGE_PROVINCIAL_CITIES,ROAD,6,17.0
80444,4,0,173,1,3,60.0,0,I,MELB_URBAN,STREET,6,23.0
80445,1,1,147,5,3,70.0,0,N,MELB_URBAN,STREET,6,22.0
80446,8,1,174,5,3,60.0,0,N,MELB_URBAN,ROAD,6,22.0
80447,8,0,184,2,1,50.0,0,I,MELB_URBAN,AVENUE,4,17.0
80448,4,1,181,5,3,60.0,0,N,MELB_URBAN,UNKNOWN,6,23.0
80449,4,2,171,5,5,100.0,0,N,RURAL_VICTORIA,ROAD,6,3.0
80450,1,1,110,1,3,60.0,0,I,MELB_URBAN,ROAD,6,23.0
80451,1,7,113,1,1,50.0,0,I,MELB_URBAN,STREET,6,11.0
80452,1,1,171,1,3,60.0,1,I,MELB_URBAN,STREET,6,23.0
80453,2,7,100,5,6,40.0,0,N,MELB_URBAN,STREET,6,21.0
80454,1,6,130,5,1,60.0,0,N,LARGE_PROVINCIAL_CITIES,ROAD,5,16.0
80455,2,5,100,2,1,40.0,0,I,MELB_URBAN,STREET,6,16.0
80456,2,2,100,1,3,40.0,0,I,LARGE_PROVINCIAL_CITIES,STREET,6,6.0
80457,1,2,147,5,1,60.0,0,N,MELB_URBAN,ROAD,6,7.0
80458,2,2,102,1,3,80.0,0,I,MELB_URBAN,ROAD,6,7.0
80459,1,2,113,2,1,80.0,0,I,MELB_URBAN,ROAD,6,9.0
80460,1,1,134,2,1,80.0,0,N,MELB_URBAN,HIGHWAY,6,9.0
80461,1,2,121,4,1,70.0,0,N,MELB_URBAN,RAMP,6,8.0
80462,1,2,110,1,1,50.0,0,I,MELB_URBAN,UNKNOWN,6,11.0
80463,1,1,121,2,3,80.0,0,I,MELB_URBAN,HIGHWAY,6,20.0
80464,1,5,163,5,1,60.0,0,N,MELB_URBAN,OTHER,6,14.0
80465,2,1,102,1,1,50.0,0,I,LARGE_PROVINCIAL_CITIES,STREET,6,12.0
80466,4,1,173,2,1,50.0,0,I,TOWNS,ROAD,6,14.0
80467,1,5,130,4,1,60.0,0,I,MELB_URBAN,HIGHWAY,2,13.0
80468,5,1,99,5,1,100.0,0,N,RURAL_VICTORIA,HIGHWAY,6,13.0
80469,6,0,174,1,1,40.0,0,I,MELB_URBAN,STREET,6,17.0
80470,1,1,121,4,3,80.0,0,N,MELB_URBAN,ROAD,6,20.0
80471,1,2,99,5,1,60.0,0,N,TOWNS,ROAD,6,15.0
80472,2,2,99,2,1,50.0,0,N,MELB_URBAN,STREET,6,8.0
80473,1,6,130,2,1,60.0,0,I,MELB_URBAN,ROAD,6,10.0
80474,4,2,183,5,1,100.0,0,N,RURAL_VICTORIA,HIGHWAY,6,14.0
80475,1,2,147,5,3,40.0,0,N,MELB_URBAN,STREET,6,18.0
80476,2,2,100,5,1,60.0,0,N,MELB_URBAN,AVENUE,6,13.0
80477,1,2,147,2,3,60.0,0,N,MELB_URBAN,ROAD,6,18.0
80478,4,2,171,5,5,100.0,0,N,RURAL_VICTORIA,ROAD,6,18.0
80479,1,5,116,2,1,60.0,0,I,MELB_URBAN,ROAD,6,10.0
80480,4,2,171,5,1,60.0,0,N,MELB_URBAN,ROAD,6,17.0
80481,1,2,99,5,3,50.0,0,N,LARGE_PROVINCIAL_CITIES,STREET,6,20.0
80482,1,2,99,2,3,60.0,0,UNKNOWN,UNKNOWN,UNKNOWN,6,22.0
80483,8,7,174,5,1,60.0,0,N,MELB_URBAN,ROAD,6,9.0
80484,4,3,99,2,3,50.0,0,I,MELB_URBAN,STREET,6,0.0
80485,1,7,130,2,1,60.0,0,I,MELB_URBAN,STREET,6,15.0
80486,1,3,121,1,2,60.0,0,I,MELB_URBAN,STREET,6,8.0
80487,1,3,116,2,1,80.0,0,I,RURAL_VICTORIA,HIGHWAY,6,8.0
80488,1,3,130,1,9,100.0,0,N,MELB_URBAN,ROAD,6,15.0
80489,1,3,110,1,2,60.0,0,I,MELB_URBAN,STREET,6,7.0
80490,2,2,100,5,2,50.0,0,N,MELB_URBAN,AVENUE,6,17.0
80491,1,3,163,5,1,40.0,0,N,MELB_URBAN,STREET,6,15.0
80492,1,2,121,1,3,70.0,0,I,MELB_URBAN,ROAD,6,21.0
80493,1,6,99,1,1,60.0,0,I,MELB_URBAN,ROAD,5,9.0
80494,1,2,160,5,1,50.0,0,N,MELB_URBAN,DRIVE,6,10.0
80495,1,1,130,5,9,60.0,0,N,LARGE_PROVINCIAL_CITIES,STREET,5,13.0
80496,1,2,121,2,1,60.0,0,N,MELB_URBAN,ROAD,6,14.0
80497,1,3,113,2,1,60.0,0,I,LARGE_PROVINCIAL_CITIES,ROAD,6,13.0
80498,2,3,102,5,1,60.0,0,N,MELB_URBAN,ROAD,6,14.0
80499,1,2,130,2,1,70.0,0,I,LARGE_PROVINCIAL_CITIES,STREET,6,11.0
80500,1,7,121,1,3,50.0,0,I,MELB_URBAN,HIGHWAY,6,18.0
80501,2,3,99,5,1,60.0,0,N,TOWNS,STREET,6,16.0
80502,4,1,171,5,5,100.0,0,N,RURAL_VICTORIA,ROAD,6,22.0
80503,2,3,99,5,1,30.0,0,N,MELBOURNE_CBD,STREET,6,14.0
80504,1,3,121,2,1,50.0,0,I,MELB_URBAN,AVENUE,6,16.0
80505,8,2,99,2,3,60.0,0,N,MELB_URBAN,ROAD,6,17.0
80506,2,3,99,2,3,40.0,0,N,MELB_URBAN,STREET,6,17.0
80507,1,2,121,1,3,60.0,0,I,MELB_URBAN,STREET,6,18.0
80508,1,3,120,5,5,100.0,0,N,RURAL_VICTORIA,ROAD,6,18.0
80509,1,3,121,1,3,80.0,0,I,MELB_URBAN,HIGHWAY,6,19.0
80510,1,3,99,5,3,50.0,0,N,MELB_URBAN,ROAD,6,18.0
80511,1,2,130,5,1,60.0,0,N,MELB_URBAN,ROAD,3,15.0
80512,4,2,181,5,3,50.0,0,N,MELB_URBAN,PARADE,6,20.0
80513,2,3,99,5,3,50.0,0,N,RURAL_VICTORIA,OTHER,6,18.0
80514,1,3,130,5,1,70.0,0,N,MELB_URBAN,ROAD,6,16.0
80515,4,3,171,2,1,60.0,0,I,MELB_URBAN,ROAD,6,13.0
80516,2,2,99,1,3,60.0,0,I,MELB_URBAN,ROAD,6,20.0
80517,2,3,102,2,3,60.0,0,I,MELB_URBAN,ROAD,6,0.0
80518,4,3,99,2,5,80.0,0,I,RURAL_VICTORIA,ROAD,6,22.0
80519,2,4,102,1,3,40.0,0,I,MELB_URBAN,STREET,6,2.0
80520,4,1,181,5,5,80.0,0,N,RURAL_VICTORIA,ROAD,6,1.0
80521,2,4,100,5,1,40.0,0,N,MELB_URBAN,AVENUE,6,8.0
80522,1,4,130,2,1,60.0,0,I,MELB_URBAN,ROAD,6,8.0
80523,1,4,135,5,1,60.0,0,N,MELB_URBAN,HIGHWAY,6,9.0
80524,1,3,147,2,1,60.0,0,N,MELB_URBAN,ROAD,6,7.0
80525,1,3,113,1,1,60.0,0,I,SMALL_CITIES,HIGHWAY,6,10.0
80526,1,3,130,5,1,60.0,0,N,MELB_URBAN,ROAD,6,13.0
80527,1,3,130,5,1,60.0,0,N,LARGE_PROVINCIAL_CITIES,STREET,6,9.0
80528,1,4,120,2,3,60.0,0,I,RURAL_VICTORIA,DRIVE,3,5.0
80529,1,1,130,1,1,80.0,0,N,MELB_URBAN,HIGHWAY,6,12.0
80530,1,4,99,2,1,60.0,0,I,MELB_URBAN,ROAD,6,11.0
80531,4,3,171,5,1,60.0,0,N,MELB_URBAN,ROAD,6,13.0
80532,1,4,130,5,1,60.0,0,N,SMALL_CITIES,STREET,6,15.0
80533,1,6,130,5,1,60.0,0,N,MELB_URBAN,OTHER,6,13.0
80534,2,3,102,5,1,50.0,0,N,MELB_URBAN,STREET,6,13.0
80535,1,3,113,2,1,40.0,0,I,MELB_URBAN,STREET,6,13.0
80536,4,4,99,5,1,60.0,0,N,MELB_URBAN,ROAD,6,13.0
80537,1,4,110,1,1,60.0,0,I,RURAL_VICTORIA,ROAD,6,15.0
80538,4,4,181,5,3,60.0,0,N,MELB_URBAN,ROAD,6,17.0
80539,1,4,121,1,3,60.0,0,I,MELB_URBAN,ROAD,6,18.0
80540,4,4,171,5,1,60.0,0,N,MELB_URBAN,ROAD,6,16.0
80541,1,3,99,1,3,60.0,0,I,MELB_URBAN,STREET,6,18.0
80542,1,3,116,2,1,60.0,0,I,MELB_URBAN,ROAD,6,15.0
80543,1,4,130,5,1,60.0,0,N,MELB_URBAN,OTHER,6,15.0
80544,1,4,121,2,3,60.0,0,I,MELB_URBAN,STREET,6,17.0
80545,1,3,121,1,2,60.0,0,I,MELB_URBAN,ROAD,6,17.0
80546,1,4,121,1,3,80.0,0,N,MELB_URBAN,ROAD,6,20.0
80547,5,4,171,5,3,70.0,0,N,MELB_URBAN,DRIVE,6,21.0
80548,1,4,134,5,3,80.0,0,N,MELB_URBAN,ROAD,6,6.0
80549,4,5,171,5,5,50.0,0,N,MELB_URBAN,DRIVE,6,2.0
80550,4,3,99,2,3,100.0,0,I,RURAL_VICTORIA,ROAD,6,23.0
80551,1,7,99,2,1,50.0,0,I,MELB_URBAN,STREET,6,10.0
80552,1,5,99,2,1,80.0,0,I,MELB_URBAN,ROAD,6,6.0
80553,1,5,110,1,1,80.0,0,I,RURAL_VICTORIA,ROAD,6,7.0
80554,1,5,121,1,3,70.0,0,I,MELB_URBAN,ROAD,6,6.0
80555,1,4,110,1,3,60.0,0,I,MELB_URBAN,ROAD,6,6.0
80556,6,5,174,5,3,60.0,0,N,MELB_URBAN,STREET,6,18.0
80557,2,6,100,5,1,60.0,0,N,MELB_URBAN,BOULEVARD,6,9.0
80558,2,5,99,4,1,60.0,0,I,MELB_URBAN,ROAD,6,9.0
80559,8,4,174,5,1,100.0,0,N,RURAL_VICTORIA,HIGHWAY,6,10.0
80560,2,6,99,5,1,50.0,0,N,MELB_URBAN,OTHER,6,15.0
80561,1,5,121,2,1,100.0,0,N,RURAL_VICTORIA,ROAD,6,11.0
80562,4,2,99,2,5,80.0,0,I,RURAL_VICTORIA,ROAD,6,23.0
80563,6,4,99,5,1,100.0,0,N,RURAL_VICTORIA,ROAD,6,11.0
80564,1,3,130,1,1,50.0,0,I,MELB_URBAN,OTHER,6,12.0
80565,1,1,110,1,9,50.0,0,I,MELB_URBAN,STREET,6,18.0
80566,8,5,99,5,1,100.0,0,N,RURAL_VICTORIA,ROAD,6,10.0
80567,7,1,99,5,1,60.0,0,N,MELB_URBAN,ROAD,6,15.0
80568,1,4,160,5,1,50.0,0,N,MELB_URBAN,STREET,6,8.0
80569,1,3,113,2,1,60.0,0,I,MELB_URBAN,PARADE,5,10.0
80570,1,5,132,2,1,60.0,0,I,MELB_URBAN,ROAD,6,13.0
80571,1,5,130,1,1,60.0,0,I,MELB_URBAN,ROAD,6,13.0
80572,6,6,184,5,1,100.0,0,N,RURAL_VICTORIA,ROAD,6,15.0
80573,1,3,130,2,3,60.0,0,N,MELB_URBAN,ROAD,6,18.0
80574,1,7,113,2,1,60.0,0,I,MELB_URBAN,STREET,5,12.0
80575,1,5,121,2,3,60.0,0,I,MELB_URBAN,ROAD,6,17.0
80576,2,5,100,1,1,60.0,0,I,MELB_URBAN,OTHER,6,15.0
80577,2,4,102,1,3,40.0,0,I,MELB_URBAN,STREET,6,18.0
80578,2,4,100,1,3,60.0,0,I,LARGE_PROVINCIAL_CITIES,STREET,6,17.0
80579,1,5,121,2,1,60.0,0,I,LARGE_PROVINCIAL_CITIES,ROAD,6,15.0
80580,2,5,99,5,3,50.0,0,N,MELB_URBAN,DRIVE,6,20.0
80581,1,5,140,5,2,40.0,0,N,MELB_URBAN,STREET,6,18.0
80582,1,5,120,5,5,60.0,0,N,MELB_URBAN,STREET,6,4.0
80583,1,4,130,2,3,60.0,0,N,MELB_URBAN,ROAD,6,17.0
80584,4,5,181,5,2,100.0,1,N,RURAL_VICTORIA,ROAD,6,17.0
80585,1,5,113,1,1,80.0,0,I,MELB_URBAN,ROAD,6,15.0
80586,2,5,102,2,3,60.0,0,I,MELB_URBAN,ROAD,6,19.0
80587,1,5,99,2,1,60.0,0,I,MELB_URBAN,ROAD,6,15.0
80588,1,4,110,4,3,60.0,0,I,MELB_URBAN,ROAD,6,22.0
80589,1,5,130,5,1,60.0,0,N,MELB_URBAN,ROAD,6,15.0
80590,1,5,130,2,5,80.0,0,N,RURAL_VICTORIA,ROAD,6,22.0
80591,4,5,171,1,3,60.0,0,I,MELB_URBAN,STREET,6,21.0
80592,4,6,173,5,5,100.0,0,N,RURAL_VICTORIA,HIGHWAY,6,1.0
80593,1,6,110,1,3,50.0,0,I,MELB_URBAN,ROAD,6,19.0
80594,1,4,121,1,3,60.0,0,I,MELB_URBAN,ROAD,6,22.0
80595,1,6,120,5,5,80.0,0,N,MELB_URBAN,ROAD,6,5.0
80596,4,5,173,5,1,100.0,0,N,RURAL_VICTORIA,ROAD,6,16.0
80597,8,5,174,5,3,60.0,0,N,MELB_URBAN,HIGHWAY,6,7.0
80598,1,6,99,5,1,60.0,0,N,SMALL_CITIES,DRIVE,6,8.0
80599,1,2,134,5,1,100.0,0,N,MELB_URBAN,ROAD,6,16.0
80600,1,6,140,2,1,60.0,0,I,MELB_URBAN,STREET,6,9.0
80601,4,6,183,5,1,100.0,0,N,RURAL_VICTORIA,ROAD,6,7.0
80602,3,6,167,5,5,100.0,0,N,RURAL_VICTORIA,ROAD,6,6.0
80603,2,6,102,1,3,60.0,0,I,MELB_URBAN,ROAD,6,6.0
80604,1,0,147,5,1,50.0,0,N,SMALL_CITIES,STREET,6,14.0
80605,1,4,121,1,1,60.0,0,I,MELB_URBAN,ROAD,6,15.0
80606,1,5,130,5,1,60.0,0,N,MELB_URBAN,HIGHWAY,6,17.0
80607,1,6,130,5,1,80.0,0,N,MELB_URBAN,OTHER,6,12.0
80608,8,5,99,5,1,100.0,0,N,MELB_URBAN,HIGHWAY,6,12.0
80609,2,5,100,1,1,60.0,0,I,MELB_URBAN,ROAD,6,15.0
80610,4,6,171,5,1,50.0,0,N,MELB_URBAN,OTHER,6,7.0
80611,1,6,121,2,1,80.0,0,I,RURAL_VICTORIA,ROAD,6,12.0
80612,1,6,113,2,1,80.0,0,I,TOWNS,ROAD,6,14.0
80613,2,6,100,2,1,80.0,0,I,MELB_URBAN,ROAD,6,14.0
80614,1,6,130,5,1,50.0,0,N,RURAL_VICTORIA,ROAD,6,10.0
80615,8,1,170,5,1,60.0,0,N,RURAL_VICTORIA,ROAD,6,16.0
80616,2,6,102,5,1,50.0,0,N,MELB_URBAN,AVENUE,6,8.0
80617,1,6,113,2,2,50.0,0,I,MELB_URBAN,ROAD,6,17.0
80618,1,7,130,5,1,80.0,0,N,MELB_URBAN,HIGHWAY,6,13.0
80619,2,6,100,5,1,50.0,1,N,MELB_URBAN,OTHER,6,14.0
80620,1,3,130,1,1,50.0,0,N,MELB_URBAN,ROAD,6,13.0
80621,1,6,110,1,3,60.0,0,I,TOWNS,STREET,6,19.0
80622,1,5,121,2,3,60.0,0,I,MELB_URBAN,ROAD,6,18.0
80623,1,5,130,2,3,50.0,0,I,MELB_URBAN,STREET,6,19.0
80624,1,6,116,2,3,60.0,0,I,MELB_URBAN,ROAD,6,21.0
80625,1,5,110,1,1,50.0,0,I,MELB_URBAN,STREET,6,15.0
80626,1,6,111,4,3,80.0,0,I,MELB_URBAN,ROAD,6,5.0
80627,1,6,160,5,3,40.0,0,N,MELB_URBAN,STREET,7,0.0
80628,1,3,99,2,3,40.0,0,I,MELB_URBAN,STREET,6,23.0
80629,1,6,99,5,5,100.0,0,N,MELB_URBAN,FREEWAY,6,22.0
80630,4,6,171,5,3,60.0,0,N,MELB_URBAN,ROAD,7,2.0
80631,1,5,130,4,3,80.0,0,N,MELB_URBAN,HIGHWAY,6,6.0
80632,4,6,171,5,5,80.0,0,N,RURAL_VICTORIA,ROAD,7,7.0
80633,1,7,121,2,3,80.0,0,I,MELB_URBAN,HIGHWAY,7,6.0
80634,1,7,110,1,1,60.0,0,I,MELB_URBAN,BOULEVARD,7,8.0
80635,1,7,160,5,1,70.0,0,N,MELB_URBAN,HIGHWAY,7,9.0
80636,1,7,121,5,1,60.0,0,N,MELB_URBAN,ROAD,7,9.0
80637,1,7,120,5,1,100.0,0,N,RURAL_VICTORIA,HIGHWAY,7,9.0
80638,6,7,174,1,1,40.0,0,I,MELB_URBAN,STREET,7,12.0
80639,2,7,102,2,1,60.0,0,N,MELB_URBAN,ROAD,7,10.0
80640,1,6,130,4,2,60.0,0,I,MELB_URBAN,RAMP,6,7.0
80641,3,7,167,5,1,100.0,0,N,RURAL_VICTORIA,ROAD,7,10.0
80642,1,2,99,2,2,50.0,0,I,MELB_URBAN,STREET,6,16.0
80643,1,7,140,5,1,60.0,0,N,MELB_URBAN,ROAD,7,13.0
80644,1,7,110,1,1,100.0,0,I,RURAL_VICTORIA,ROAD,7,11.0
80645,1,7,121,2,1,60.0,0,N,MELB_URBAN,STREET,7,9.0
80646,1,7,130,5,1,60.0,0,N,LARGE_PROVINCIAL_CITIES,ROAD,7,8.0
80647,2,7,99,2,1,50.0,0,I,MELB_URBAN,STREET,7,14.0
80648,4,7,99,5,1,40.0,0,N,MELB_URBAN,STREET,7,11.0
80649,1,7,130,4,1,60.0,0,N,MELB_URBAN,ROAD,7,11.0
80650,2,7,99,5,1,50.0,0,N,TOWNS,OTHER,7,14.0
80651,1,6,133,5,1,60.0,0,N,MELB_URBAN,ROAD,7,16.0
80652,1,6,110,1,3,60.0,0,I,MELB_URBAN,ROAD,7,17.0
80653,1,7,130,5,2,80.0,0,N,MELB_URBAN,FREEWAY,7,16.0
80654,1,7,110,1,1,60.0,0,I,SMALL_CITIES,PARADE,7,15.0
80655,1,6,113,2,3,60.0,0,I,LARGE_PROVINCIAL_CITIES,AVENUE,7,18.0
80656,1,7,120,5,1,50.0,0,N,MELB_URBAN,ROAD,7,16.0
80657,1,7,99,2,1,60.0,0,I,MELB_URBAN,ROAD,7,13.0
80658,1,7,110,1,3,50.0,0,I,MELB_URBAN,AVENUE,7,18.0
80659,1,7,121,1,9,60.0,0,I,MELB_URBAN,STREET,7,17.0
80660,1,4,130,5,1,100.0,0,I,MELB_URBAN,UNKNOWN,6,14.0
80661,2,6,102,5,3,50.0,0,N,MELB_URBAN,AVENUE,7,18.0