,accident_type,day_of_week,dca_code,road_geometry,light_condition,speed_zone,severity,node_type,deg_urban_name,road_type,month,hour
80662,1,7,130,1,1,60.0,0,I,LARGE_PROVINCIAL_CITIES,ROAD,7,13.0
80663,4,7,171,5,5,100.0,0,N,RURAL_VICTORIA,ROAD,7,17.0
80664,4,7,173,5,3,60.0,0,N,MELB_URBAN,ROAD,7,19.0
80665,1,7,160,5,3,60.0,0,N,MELB_URBAN,ROAD,7,5.0
80666,4,1,173,5,3,60.0,0,N,LARGE_PROVINCIAL_CITIES,STREET,7,3.0
80667,1,7,130,5,3,80.0,0,N,MELB_URBAN,ROAD,7,17.0
80668,4,5,99,5,1,60.0,0,N,RURAL_VICTORIA,ROAD,6,15.0
80669,4,1,181,5,1,80.0,0,N,RURAL_VICTORIA,HIGHWAY,7,9.0
80670,4,1,181,5,2,100.0,0,N,RURAL_VICTORIA,ROAD,7,6.0
80671,4,1,183,5,1,60.0,1,N,MELB_URBAN,HIGHWAY,7,7.0
80672,6,1,174,5,1,50.0,0,N,SMALL_CITIES,DRIVE,7,10.0
80673,4,5,183,3,1,100.0,0,I,RURAL_VICTORIA,ROAD,6,8.0
80674,1,1,99,4,1,80.0,0,I,RURAL_VICTORIA,ROAD,7,9.0
80675,5,1,99,5,1,50.0,0,N,RURAL_VICTORIA,ROAD,7,12.0
80676,4,1,173,5,1,60.0,0,N,SMALL_CITIES,STREET,7,11.0
80677,1,1,130,5,1,40.0,0,N,LARGE_PROVINCIAL_CITIES,ROAD,7,13.0
80678,3,1,167,5,1,60.0,0,N,SMALL_CITIES,DRIVE,7,16.0
80679,1,1,113,2,1,80.0,0,N,RURAL_VICTORIA,HIGHWAY,7,14.0
80680,4,1,181,5,1,100.0,0,N,RURAL_VICTORIA,ROAD,7,14.0
80681,1,1,135,5,1,60.0,0,N,MELB_URBAN,HIGHWAY,7,15.0
80682,1,0,121,1,1,60.0,0,I,MELB_URBAN,ROAD,7,14.0
80683,4,7,173,5,3,50.0,0,N,TOWNS,STREET,7,22.0
80684,8,1,170,5,1,70.0,0,N,MELB_URBAN,ROAD,7,16.0
80685,1,0,121,1,3,80.0,0,I,MELB_URBAN,HIGHWAY,7,17.0
80686,4,1,183,2,1,100.0,0,I,RURAL_VICTORIA,ROAD,7,15.0
80687,1,1,134,5,3,100.0,0,N,MELB_URBAN,FREEWAY,7,17.0
80688,1,1,120,5,5,100.0,0,N,RURAL_VICTORIA,HIGHWAY,7,20.0
80689,2,1,102,5,3,80.0,0,N,MELB_URBAN,ROAD,7,20.0
80690,1,1,130,2,3,60.0,0,I,MELB_URBAN,ROAD,7,23.0
80691,2,1,102,2,5,60.0,1,I,MELB_URBAN,STREET,7,19.0
80692,4,5,171,5,3,50.0,0,N,MELB_URBAN,STREET,6,6.0
80693,4,2,171,5,5,100.0,0,N,RURAL_VICTORIA,FREEWAY,7,1.0
80694,1,1,135,5,2,60.0,0,N,MELB_URBAN,PARADE,7,6.0
80695,1,3,99,5,1,50.0,0,N,LARGE_PROVINCIAL_CITIES,STREET,6,16.0
80696,1,2,130,5,1,80.0,0,N,MELB_URBAN,OTHER,7,8.0
80697,1,2,130,1,1,60.0,0,I,MELB_URBAN,STREET,7,8.0
80698,1,5,147,5,1,40.0,0,N,MELB_URBAN,STREET,6,16.0
80699,1,1,116,2,1,60.0,0,I,MELB_URBAN,ROAD,7,9.0
80700,4,0,99,2,1,60.0,0,I,RURAL_VICTORIA,OTHER,4,9.0
80701,1,2,99,1,1,50.0,1,I,MELB_URBAN,STREET,7,9.0
80702,8,4,99,5,1,60.0,0,N,TOWNS,STREET,3,12.0
80703,1,5,130,2,9,80.0,0,N,MELB_URBAN,ROAD,6,18.0
80704,2,2,100,5,1,60.0,0,N,LARGE_PROVINCIAL_CITIES,STREET,7,10.0
80705,1,2,110,1,1,80.0,0,I,RURAL_VICTORIA,ROAD,7,13.0
80706,1,2,134,5,1,80.0,0,N,MELB_URBAN,FREEWAY,7,14.0
80707,6,2,174,5,1,60.0,0,N,MELB_URBAN,HIGHWAY,7,7.0
80708,1,2,130,5,1,80.0,0,N,MELB_URBAN,FREEWAY,7,14.0
80709,2,1,99,5,2,80.0,0,N,MELB_URBAN,HIGHWAY,7,17.0
80710,8,2,99,5,1,100.0,0,N,RURAL_VICTORIA,ROAD,7,13.0
80711,1,1,134,5,3,80.0,0,N,MELB_URBAN,HIGHWAY,7,21.0
80712,4,1,181,5,1,100.0,0,N,RURAL_VICTORIA,OTHER,7,16.0
80713,8,2,174,5,2,60.0,0,N,MELB_URBAN,ROAD,7,16.0
80714,4,1,171,5,2,80.0,0,N,MELB_URBAN,FREEWAY,7,16.0
80715,1,3,140,1,3,40.0,0,I,MELB_URBAN,STREET,6,18.0
80716,2,2,100,5,3,40.0,0,N,MELB_URBAN,ROAD,7,19.0
80717,4,2,99,5,1,100.0,0,N,MELB_URBAN,ROAD,7,16.0
80718,1,2,121,1,3,70.0,0,I,MELB_URBAN,ROAD,7,17.0
80719,1,2,130,5,5,60.0,0,N,MELB_URBAN,ROAD,7,18.0
80720,2,2,102,1,3,70.0,0,I,MELB_URBAN,STREET,7,18.0
80721,1,2,147,5,3,100.0,0,N,RURAL_VICTORIA,ROAD,7,18.0
80722,1,2,120,5,3,60.0,0,N,MELB_URBAN,ROAD,7,19.0
80723,1,2,130,5,5,40.0,0,N,LARGE_PROVINCIAL_CITIES,ROAD,7,19.0
80724,2,4,102,1,1,40.0,0,I,MELB_URBAN,STREET,6,10.0
80725,1,2,130,5,1,100.0,0,N,MELB_URBAN,FREEWAY,7,15.0
80726,1,1,121,2,3,60.0,0,I,MELB_URBAN,ROAD,7,19.0
80727,4,2,171,5,5,80.0,0,N,RURAL_VICTORIA,ROAD,7,22.0
80728,4,2,181,5,5,100.0,0,N,RURAL_VICTORIA,HIGHWAY,7,2.0
80729,1,2,110,1,5,100.0,0,I,RURAL_VICTORIA,ROAD,7,17.0
80730,4,3,171,5,3,60.0,0,N,MELB_URBAN,ROAD,7,0.0
80731,1,0,121,1,1,80.0,0,N,MELB_URBAN,ROAD,7,15.0
80732,8,2,170,5,1,80.0,0,N,RURAL_VICTORIA,ROAD,7,13.0
80733,1,3,160,5,6,50.0,0,N,MELB_URBAN,STREET,7,7.0
80734,1,2,113,2,9,60.0,0,I,MELB_URBAN,ROAD,9,15.0
80735,4,2,171,5,1,50.0,0,N,LARGE_PROVINCIAL_CITIES,STREET,7,8.0
80736,1,3,130,5,1,60.0,0,N,MELB_URBAN,UNKNOWN,7,8.0
80737,6,1,99,5,1,100.0,0,N,RURAL_VICTORIA,ROAD,7,17.0
80738,1,2,121,1,1,60.0,0,I,MELB_URBAN,OTHER,7,8.0
80739,1,2,130,4,1,80.0,0,I,MELB_URBAN,ROAD,7,8.0
80740,1,2,134,5,3,100.0,0,N,MELB_URBAN,FREEWAY,7,7.0
80741,1,3,130,5,1,100.0,0,N,MELB_URBAN,FREEWAY,7,8.0
80742,1,2,110,1,1,60.0,0,I,MELB_URBAN,ROAD,7,10.0
80743,1,3,130,5,1,100.0,0,N,RURAL_VICTORIA,ROAD,4,11.0
80744,1,3,111,2,1,50.0,0,I,LARGE_PROVINCIAL_CITIES,DRIVE,7,9.0
80745,1,5,130,1,2,80.0,0,I,MELB_URBAN,ROAD,6,18.0
80746,6,3,170,5,1,100.0,0,N,RURAL_VICTORIA,ROAD,7,11.0
80747,2,3,99,5,1,40.0,0,N,MELB_URBAN,ROAD,7,13.0
80748,4,1,173,5,2,80.0,0,N,RURAL_VICTORIA,ROAD,7,17.0
80749,6,3,174,5,1,50.0,0,N,LARGE_PROVINCIAL_CITIES,DRIVE,7,14.0
80750,1,3,110,1,1,100.0,0,I,RURAL_VICTORIA,ROAD,7,13.0
80751,8,7,184,2,1,60.0,0,I,RURAL_VICTORIA,OTHER,5,14.0
80752,1,3,130,1,1,50.0,0,I,SMALL_CITIES,STREET,7,13.0
80753,1,2,130,2,1,60.0,0,I,LARGE_PROVINCIAL_CITIES,ROAD,7,16.0
80754,4,2,171,5,1,60.0,0,N,LARGE_PROVINCIAL_CITIES,STREET,7,12.0
80755,1,4,99,5,9,60.0,0,N,MELB_URBAN,ROAD,6,17.0
80756,6,3,170,1,2,60.0,0,N,MELB_URBAN,HIGHWAY,7,16.0
80757,1,2,130,5,3,60.0,0,N,MELB_URBAN,OTHER,7,18.0
80758,1,6,130,5,9,60.0,0,N,MELB_URBAN,RAMP,6,17.0
80759,1,2,130,5,2,70.0,0,N,MELB_URBAN,OTHER,7,17.0
80760,4,3,99,2,3,50.0,0,N,MELB_URBAN,OTHER,7,17.0
80761,2,3,100,2,3,60.0,0,I,MELB_URBAN,ROAD,7,19.0
80762,1,1,110,1,1,70.0,0,I,MELB_URBAN,DRIVE,7,16.0
80763,1,2,121,2,3,80.0,0,I,MELB_URBAN,ROAD,7,19.0
80764,1,2,120,5,5,60.0,0,N,MELB_URBAN,ROAD,7,21.0
80765,1,3,163,5,1,40.0,0,N,MELB_URBAN,ROAD,7,15.0
80766,1,3,130,2,3,60.0,0,I,MELB_URBAN,ROAD,7,21.0
80767,1,3,120,2,3,60.0,0,I,MELB_URBAN,BOULEVARD,7,19.0
80768,6,3,99,5,5,110.0,0,N,RURAL_VICTORIA,FREEWAY,7,22.0
80769,1,3,121,2,3,60.0,0,I,MELB_URBAN,ROAD,7,0.0
80770,8,3,174,5,3,50.0,0,N,MELB_URBAN,ROAD,7,0.0
80771,4,4,173,5,5,100.0,0,N,RURAL_VICTORIA,ROAD,7,4.0
80772,1,3,120,5,3,60.0,0,N,MELB_URBAN,STREET,7,6.0
80773,4,2,99,2,1,50.0,0,I,MELB_URBAN,STREET,7,13.0
80774,1,3,133,5,1,60.0,0,N,MELB_URBAN,ROAD,7,12.0
80775,1,1,110,1,3,70.0,0,N,MELB_URBAN,ROAD,7,0.0
80776,1,4,163,5,1,40.0,0,N,MELB_URBAN,ROAD,7,8.0
80777,1,3,113,2,2,60.0,0,N,LARGE_PROVINCIAL_CITIES,ROAD,6,17.0
80778,2,4,100,5,1,50.0,0,N,MELBOURNE_CBD,STREET,7,7.0
80779,6,4,99,5,1,100.0,0,N,RURAL_VICTORIA,ROAD,6,13.0
80780,1,3,99,5,1,50.0,0,N,MELB_URBAN,AVENUE,7,10.0
80781,4,4,181,5,1,60.0,0,N,SMALL_CITIES,ROAD,7,9.0
80782,4,5,99,6,6,50.0,0,N,MELB_URBAN,STREET,6,22.0
80783,2,4,102,1,1,40.0,0,I,MELBOURNE_CBD,STREET,7,7.0
80784,1,3,121,5,1,60.0,0,N,MELB_URBAN,ROAD,7,11.0
80785,1,4,130,2,1,110.0,0,I,RURAL_VICTORIA,FREEWAY,7,11.0
80786,1,1,134,5,9,60.0,0,I,MELB_URBAN,OTHER,7,1.0
80787,1,4,130,5,1,70.0,0,N,MELB_URBAN,HIGHWAY,7,8.0
80788,1,3,99,2,1,50.0,0,N,LARGE_PROVINCIAL_CITIES,ROAD,7,11.0
80789,1,3,130,5,1,60.0,0,N,MELB_URBAN,ROAD,7,8.0
80790,1,4,140,5,1,60.0,0,N,MELB_URBAN,ROAD,5,13.0
80791,1,3,110,1,2,50.0,0,I,MELB_URBAN,ROAD,6,7.0
80792,6,6,99,5,2,60.0,0,N,RURAL_VICTORIA,ROAD,6,17.0
80793,1,4,121,2,1,80.0,0,I,RURAL_VICTORIA,OTHER,7,11.0
80794,1,4,110,1,1,60.0,0,I,MELB_URBAN,OTHER,7,12.0
80795,1,5,120,5,5,80.0,0,N,RURAL_VICTORIA,ROAD,3,22.0
80796,1,5,120,5,5,80.0,0,N,RURAL_VICTORIA,ROAD,6,17.0
80797,1,4,99,5,1,40.0,0,N,SMALL_CITIES,STREET,7,14.0
80798,1,4,163,5,1,60.0,0,N,MELB_URBAN,PARADE,7,15.0
80799,1,4,133,5,1,60.0,0,N,MELB_URBAN,ROAD,7,15.0
80800,1,4,163,5,1,60.0,0,N,MELB_URBAN,AVENUE,7,11.0
80801,1,4,121,1,2,40.0,0,I,MELBOURNE_CBD,STREET,7,17.0
80802,4,4,171,5,1,60.0,0,N,MELB_URBAN,STREET,7,16.0
80803,1,3,163,5,1,60.0,0,N,MELB_URBAN,ROAD,7,16.0
80804,1,4,99,1,3,40.0,0,I,MELBOURNE_CBD,STREET,7,17.0
80805,1,4,133,1,1,60.0,0,I,MELB_URBAN,STREET,7,14.0
80806,2,4,99,5,3,70.0,0,N,LARGE_PROVINCIAL_CITIES,HIGHWAY,7,18.0
80807,1,4,99,2,3,50.0,0,I,MELB_URBAN,ROAD,7,19.0
80808,2,5,99,5,3,50.0,0,N,MELB_URBAN,AVENUE,2,21.0
80809,4,4,173,1,3,60.0,0,I,MELB_URBAN,STREET,7,6.0
80810,4,5,173,5,5,60.0,0,N,RURAL_VICTORIA,ROAD,7,0.0
80811,6,5,174,5,5,80.0,0,N,RURAL_VICTORIA,ROAD,7,1.0
80812,1,6,135,4,1,60.0,0,I,MELB_URBAN,STREET,7,7.0
80813,2,5,100,1,3,60.0,0,I,MELB_URBAN,STREET,7,6.0
80814,1,5,130,5,3,60.0,0,N,MELB_URBAN,ROAD,6,17.0
80815,1,1,121,1,1,60.0,0,N,MELB_URBAN,ROAD,5,14.0
80816,1,5,130,5,1,80.0,0,N,MELB_URBAN,UNKNOWN,7,9.0
80817,1,4,99,5,3,70.0,0,N,RURAL_VICTORIA,ROAD,7,18.0
80818,2,2,99,5,1,50.0,0,N,MELB_URBAN,ROAD,7,15.0
80819,1,5,99,2,1,60.0,0,I,MELB_URBAN,OTHER,6,14.0
80820,1,2,120,5,3,50.0,0,N,LARGE_PROVINCIAL_CITIES,DRIVE,7,17.0
80821,5,4,99,5,3,60.0,0,N,MELB_URBAN,ROAD,6,6.0
80822,2,0,99,5,3,50.0,0,N,LARGE_PROVINCIAL_CITIES,STREET,5,1.0
80823,1,5,135,5,1,100.0,0,N,MELB_URBAN,ROAD,7,12.0
80824,1,5,133,1,1,50.0,0,I,MELB_URBAN,DRIVE,7,13.0
80825,1,5,110,1,1,50.0,0,I,MELB_URBAN,STREET,7,12.0
80826,4,4,181,5,5,60.0,0,N,RURAL_VICTORIA,ROAD,7,19.0
80827,2,5,99,2,1,50.0,0,N,MELB_URBAN,STREET,7,13.0
80828,1,5,111,2,1,100.0,0,I,RURAL_VICTORIA,HIGHWAY,7,13.0
80829,1,5,113,2,1,60.0,0,I,MELB_URBAN,ROAD,7,10.0
80830,2,4,100,1,9,60.0,0,I,MELB_URBAN,STREET,6,18.0
80831,1,5,120,5,1,100.0,0,N,RURAL_VICTORIA,HIGHWAY,7,13.0
80832,1,4,132,5,1,100.0,0,N,RURAL_VICTORIA,HIGHWAY,7,14.0
80833,1,2,111,2,1,60.0,0,I,MELB_URBAN,ROAD,6,15.0
80834,1,5,160,5,1,50.0,0,N,MELB_URBAN,PARADE,7,10.0
80835,1,5,111,1,2,60.0,0,I,MELB_URBAN,ROAD,7,7.0
80836,2,7,100,5,6,60.0,0,N,LARGE_PROVINCIAL_CITIES,ROAD,7,3.0
80837,1,5,130,5,1,110.0,0,N,MELB_URBAN,HIGHWAY,7,14.0
80838,1,5,130,2,1,80.0,0,I,MELB_URBAN,ROAD,7,13.0
80839,1,4,130,5,1,70.0,0,N,MELB_URBAN,ROAD,7,15.0
80840,1,4,160,5,1,50.0,0,N,MELB_URBAN,OTHER,7,15.0
80841,1,5,130,5,1,100.0,1,N,MELB_URBAN,ROAD,7,14.0
80842,1,5,113,2,2,60.0,0,I,LARGE_PROVINCIAL_CITIES,ROAD,7,17.0
80843,2,5,100,1,1,40.0,0,I,MELB_URBAN,STREET,7,15.0
80844,1,5,110,1,1,40.0,0,I,MELB_URBAN,STREET,7,15.0
80845,8,6,174,5,3,40.0,0,N,MELB_URBAN,STREET,6,0.0
80846,2,5,100,5,3,30.0,0,N,MELB_URBAN,STREET,7,19.0
80847,1,5,130,2,1,40.0,0,I,RURAL_VICTORIA,ROAD,7,16.0
80848,1,5,121,2,3,80.0,0,N,MELB_URBAN,ROAD,7,21.0
80849,1,5,113,4,3,80.0,0,I,MELB_URBAN,RAMP,7,21.0
80850,1,5,160,5,3,70.0,0,N,MELB_URBAN,PARADE,7,21.0
80851,4,6,171,2,3,80.0,0,I,LARGE_PROVINCIAL_CITIES,ROAD,7,1.0
80852,1,6,110,1,3,80.0,0,I,MELB_URBAN,DRIVE,7,4.0
80853,3,5,167,5,5,100.0,0,N,RURAL_VICTORIA,HIGHWAY,6,23.0
80854,1,5,121,5,1,50.0,0,N,SMALL_CITIES,STREET,7,9.0
80855,2,6,102,1,1,50.0,0,I,TOWNS,STREET,7,9.0
80856,4,4,171,5,5,90.0,0,N,RURAL_VICTORIA,ROAD,3,23.0
80857,1,5,163,5,1,60.0,0,N,MELB_URBAN,ROAD,7,8.0
80858,2,6,100,1,5,50.0,0,I,LARGE_PROVINCIAL_CITIES,STREET,7,6.0
80859,4,6,183,5,5,80.0,0,N,RURAL_VICTORIA,ROAD,7,7.0
80860,8,0,99,5,6,100.0,0,N,RURAL_VICTORIA,HIGHWAY,3,6.0
80861,8,6,170,2,1,50.0,0,I,MELB_URBAN,ROAD,7,11.0
80862,4,6,173,5,1,110.0,0,N,RURAL_VICTORIA,FREEWAY,7,10.0
80863,8,6,174,5,1,80.0,0,N,MELB_URBAN,ROAD,7,12.0
80864,1,3,130,2,5,60.0,0,I,MELB_URBAN,ROAD,7,17.0
80865,1,6,113,4,1,60.0,0,I,LARGE_PROVINCIAL_CITIES,RAMP,7,13.0
80866,1,5,113,2,1,60.0,0,I,MELB_URBAN,BOULEVARD,7,10.0
80867,2,5,102,1,1,60.0,0,I,MELB_URBAN,ROAD,7,10.0
80868,1,6,120,5,1,60.0,0,N,MELB_URBAN,STREET,7,14.0
80869,2,6,99,5,1,60.0,0,N,MELB_URBAN,STREET,7,13.0
80870,2,5,102,1,2,60.0,0,I,MELB_URBAN,ROAD,5,17.0
80871,4,6,171,5,1,80.0,0,N,LARGE_PROVINCIAL_CITIES,ROAD,7,13.0
80872,1,5,132,5,1,50.0,0,N,MELB_URBAN,OTHER,7,16.0
80873,1,6,99,5,1,80.0,0,N,SMALL_TOWNS,ROAD,7,11.0
80874,4,6,171,5,1,100.0,0,N,RURAL_VICTORIA,ROAD,7,14.0
80875,1,4,99,2,2,80.0,0,I,MELB_URBAN,OTHER,7,17.0
80876,2,6,100,2,2,60.0,0,I,MELB_URBAN,PARADE,7,17.0
80877,1,5,120,2,1,60.0,0,I,MELB_URBAN,ROAD,7,16.0
80878,1,6,130,2,1,80.0,0,N,MELB_URBAN,ROAD,7,15.0
80879,1,6,147,5,1,50.0,0,N,MELB_URBAN,ROAD,7,15.0
80880,1,6,99,5,2,100.0,0,N,RURAL_VICTORIA,OTHER,7,16.0
80881,1,6,130,5,1,60.0,0,N,MELB_URBAN,STREET,7,13.0
80882,1,6,116,1,2,60.0,0,I,MELB_URBAN,ROAD,7,18.0
80883,1,6,121,1,3,60.0,0,I,MELB_URBAN,STREET,7,17.0
80884,4,6,183,5,3,100.0,0,N,MELB_URBAN,FREEWAY,7,18.0
80885,4,6,171,5,3,80.0,0,N,MELB_URBAN,ROAD,7,17.0
80886,2,4,102,2,1,40.0,0,I,MELB_URBAN,STREET,7,8.0
80887,1,6,110,1,3,50.0,0,I,SMALL_CITIES,ROAD,7,19.0
80888,1,6,121,2,3,60.0,0,N,SMALL_CITIES,ROAD,7,22.0
80889,2,6,102,5,5,60.0,0,N,TOWNS,AVENUE,7,19.0
80890,1,6,134,5,3,80.0,1,N,MELB_URBAN,HIGHWAY,7,20.0
80891,1,7,130,5,3,60.0,0,N,MELB_URBAN,HIGHWAY,7,2.0
80892,1,6,120,5,5,100.0,1,N,RURAL_VICTORIA,HIGHWAY,7,22.0
80893,5,6,171,5,5,80.0,0,N,MELB_URBAN,FREEWAY,7,23.0
80894,1,6,160,5,3,60.0,1,N,MELB_URBAN,ROAD,7,20.0
80895,2,3,100,1,3,40.0,0,I,MELB_URBAN,STREET,7,18.0
80896,1,5,116,2,1,100.0,0,N,RURAL_VICTORIA,HIGHWAY,7,16.0
80897,1,6,130,5,1,60.0,0,N,MELB_URBAN,ROAD,6,7.0
80898,1,3,147,5,1,60.0,0,N,MELB_URBAN,OTHER,6,11.0
80899,1,4,120,5,1,60.0,0,N,RURAL_VICTORIA,ROAD,7,15.0
80900,1,7,121,4,1,70.0,0,I,MELB_URBAN,ROAD,7,7.0
80901,4,7,99,2,1,100.0,0,I,RURAL_VICTORIA,ROAD,7,8.0
80902,1,6,110,1,1,60.0,0,I,MELB_URBAN,STREET,7,10.0
80903,1,7,116,2,3,50.0,0,I,MELB_URBAN,ROAD,7,6.0
80904,4,7,173,5,1,50.0,0,N,MELB_URBAN,AVENUE,7,11.0
80905,1,6,116,2,1,50.0,0,I,MELB_URBAN,STREET,7,13.0
80906,1,2,130,1,1,60.0,0,I,MELB_URBAN,STREET,7,15.0
80907,4,7,181,5,1,60.0,0,N,RURAL_VICTORIA,ROAD,7,12.0
80908,1,1,113,2,3,80.0,0,I,MELB_URBAN,ROAD,7,18.0
80909,1,6,110,1,1,100.0,0,I,RURAL_VICTORIA,ROAD,7,14.0
80910,1,7,147,5,1,50.0,0,N,SMALL_CITIES,STREET,7,15.0
80911,1,5,130,5,3,70.0,0,N,MELB_URBAN,ROAD,7,18.0
80912,8,7,99,5,1,100.0,0,N,RURAL_VICTORIA,OTHER,7,16.0
80913,1,7,130,5,3,80.0,0,I,MELB_URBAN,ROAD,7,17.0
80914,1,7,121,2,3,60.0,0,I,MELB_URBAN,ROAD,7,19.0
80915,4,6,171,2,3,50.0,0,N,MELB_URBAN,ROAD,7,20.0
80916,1,7,121,4,3,80.0,0,I,MELB_URBAN,ROAD,7,22.0
80917,4,7,173,5,5,100.0,0,N,RURAL_VICTORIA,ROAD,7,23.0
80918,4,1,183,5,5,80.0,0,N,RURAL_VICTORIA,ROAD,7,2.0
80919,2,1,99,1,3,40.0,0,I,MELBOURNE_CBD,OTHER,7,2.0
80920,4,1,171,5,5,60.0,0,N,TOWNS,ROAD,7,3.0
80921,2,7,100,4,1,60.0,0,I,MELB_URBAN,ROAD,7,14.0
80922,4,7,173,5,3,50.0,0,N,MELB_URBAN,STREET,7,22.0
80923,1,7,110,1,6,60.0,0,I,MELB_URBAN,STREET,6,20.0
80924,1,1,121,1,1,50.0,0,I,MELB_URBAN,HIGHWAY,7,8.0
80925,7,6,99,5,1,50.0,0,N,MELB_URBAN,STREET,7,9.0
80926,2,1,100,5,1,80.0,0,N,MELB_URBAN,ROAD,7,12.0
80927,6,0,184,5,1,60.0,0,N,RURAL_VICTORIA,ROAD,7,11.0
80928,8,1,174,5,1,50.0,0,N,LARGE_PROVINCIAL_CITIES,UNKNOWN,7,11.0
80929,1,7,140,5,5,60.0,0,N,MELB_URBAN,STREET,7,18.0
80930,4,1,173,5,1,100.0,0,N,MELB_URBAN,RAMP,7,14.0
80931,1,5,130,5,1,100.0,0,N,MELB_URBAN,ROAD,7,16.0
80932,1,1,130,3,1,80.0,0,N,MELB_URBAN,ROAD,12,17.0
80933,1,1,121,5,1,60.0,0,N,MELB_URBAN,ROAD,7,12.0
80934,4,1,181,5,1,80.0,0,N,RURAL_VICTORIA,ROAD,7,16.0
80935,1,1,113,1,1,60.0,0,I,MELB_URBAN,ROAD,7,14.0
80936,1,1,121,1,1,70.0,0,I,MELB_URBAN,ROAD,7,15.0
80937,4,1,171,5,2,80.0,0,N,RURAL_VICTORIA,ROAD,7,17.0
80938,1,1,110,1,1,110.0,0,I,RURAL_VICTORIA,FREEWAY,7,16.0
80939,1,6,147,5,3,70.0,0,N,TOWNS,HIGHWAY,7,6.0
80940,2,1,100,5,3,60.0,0,N,MELB_URBAN,ROAD,7,18.0
80941,1,1,120,5,1,70.0,1,N,RURAL_VICTORIA,ROAD,7,13.0
80942,1,1,110,1,3,60.0,0,I,SMALL_CITIES,PARADE,7,18.0
80943,4,1,171,5,5,100.0,0,N,RURAL_VICTORIA,OTHER,7,17.0
80944,1,1,130,5,5,80.0,0,N,RURAL_VICTORIA,ROAD,7,19.0
80945,1,2,130,5,2,60.0,0,N,LARGE_PROVINCIAL_CITIES,ROAD,6,17.0
80946,2,6,99,5,2,50.0,0,N,LARGE_PROVINCIAL_CITIES,AVENUE,6,16.0
80947,1,2,135,1,1,60.0,0,I,LARGE_PROVINCIAL_CITIES,STREET,7,7.0
80948,4,6,173,5,3,60.0,0,N,MELB_URBAN,ROAD,7,23.0
80949,1,5,130,2,3,50.0,0,I,MELB_URBAN,ROAD,7,23.0
80950,4,2,171,5,1,70.0,0,N,MELB_URBAN,HIGHWAY,7,8.0
80951,1,1,130,4,2,60.0,0,I,MELB_URBAN,ROAD,7,7.0
80952,1,1,113,2,1,70.0,0,UNKNOWN,RURAL_VICTORIA,UNKNOWN,7,12.0
80953,1,2,99,5,1,60.0,0,N,MELB_URBAN,ROAD,7,12.0
80954,1,2,140,2,1,40.0,0,N,MELB_URBAN,STREET,7,13.0
80955,1,2,147,5,9,70.0,0,N,MELB_URBAN,ROAD,7,14.0
80956,1,2,120,1,1,50.0,0,I,MELB_URBAN,STREET,7,15.0
80957,1,5,121,1,2,60.0,0,I,MELB_URBAN,ROAD,7,16.0
80958,2,1,102,4,1,50.0,0,N,SMALL_TOWNS,BOULEVARD,7,15.0
80959,1,0,130,1,3,80.0,0,I,MELB_URBAN,ROAD,7,18.0
80960,1,2,110,1,6,80.0,0,I,MELB_URBAN,HIGHWAY,7,17.0
80961,4,2,171,5,1,70.0,0,N,MELB_URBAN,ROAD,7,14.0
80962,6,2,174,5,2,60.0,0,N,RURAL_VICTORIA,OTHER,7,17.0
80963,1,2,130,2,1,60.0,0,I,MELB_URBAN,ROAD,7,14.0
80964,1,4,130,2,1,80.0,0,I,MELB_URBAN,HIGHWAY,6,16.0
80965,1,6,130,5,9,60.0,0,N,MELB_URBAN,ROAD,6,18.0
80966,1,2,140,5,3,50.0,0,N,MELB_URBAN,STREET,7,19.0
80967,1,2,130,2,3,80.0,0,I,MELB_URBAN,HIGHWAY,7,19.0
80968,1,1,110,1,1,80.0,0,I,RURAL_VICTORIA,AVENUE,7,16.0
80969,1,3,160,5,3,60.0,0,N,MELB_URBAN,ROAD,7,0.0
80970,1,3,147,2,3,100.0,0,N,MELB_URBAN,HIGHWAY,7,2.0
80971,4,3,181,5,3,60.0,0,N,MELB_URBAN,ROAD,7,2.0
80972,1,5,130,5,1,110.0,0,N,RURAL_VICTORIA,FREEWAY,7,14.0
80973,4,3,183,5,1,100.0,0,N,SMALL_TOWNS,ROAD,7,7.0
80974,1,3,116,2,3,60.0,0,I,SMALL_CITIES,ROAD,7,6.0
80975,1,7,99,5,1,100.0,0,N,MELB_URBAN,FREEWAY,6,12.0
80976,1,2,99,1,1,80.0,0,I,MELB_URBAN,ROAD,7,10.0
80977,1,3,121,4,1,80.0,0,I,MELB_URBAN,HIGHWAY,7,11.0
80978,6,3,99,5,2,100.0,0,N,RURAL_VICTORIA,ROAD,7,7.0
80979,1,2,121,5,2,60.0,0,N,RURAL_VICTORIA,ROAD,7,7.0
80980,1,3,110,1,3,40.0,0,I,MELB_URBAN,STREET,7,18.0
80981,1,3,110,1,1,100.0,0,I,RURAL_VICTORIA,ROAD,7,7.0
80982,1,2,130,2,9,80.0,0,I,RURAL_VICTORIA,ROAD,7,4.0
80983,1,3,130,5,1,70.0,0,N,MELB_URBAN,ROAD,7,12.0
80984,2,2,102,2,3,40.0,0,I,MELB_URBAN,ROAD,7,19.0
80985,1,2,130,5,3,60.0,0,N,MELB_URBAN,ROAD,7,6.0
80986,8,3,174,5,1,50.0,0,N,MELB_URBAN,OTHER,7,12.0
80987,1,3,130,5,1,60.0,0,N,MELB_URBAN,ROAD,7,14.0
80988,6,3,184,5,1,60.0,0,N,RURAL_VICTORIA,ROAD,7,14.0
80989,1,3,130,1,1,80.0,0,I,LARGE_PROVINCIAL_CITIES,HIGHWAY,6,17.0
80990,1,3,163,5,1,60.0,0,N,MELB_URBAN,HIGHWAY,7,16.0