,accident_type,day_of_week,dca_code,road_geometry,light_condition,speed_zone,severity,node_type,deg_urban_name,road_type,month,hour
80991,1,3,111,2,1,80.0,0,N,MELB_URBAN,ROAD,7,15.0
80992,1,3,130,1,1,40.0,0,I,LARGE_PROVINCIAL_CITIES,STREET,7,16.0
80993,1,2,111,1,1,60.0,0,I,RURAL_VICTORIA,ROAD,7,16.0
80994,2,3,100,1,1,60.0,0,I,MELB_URBAN,ROAD,7,15.0
80995,1,2,130,5,2,100.0,0,N,MELB_URBAN,OTHER,7,18.0
80996,4,3,183,5,1,60.0,0,N,SMALL_CITIES,OTHER,7,16.0
80997,1,3,99,2,3,60.0,0,N,MELB_URBAN,AVENUE,7,17.0
80998,1,3,110,4,6,80.0,0,I,MELB_URBAN,ROAD,7,18.0
80999,1,3,121,1,3,60.0,0,I,MELB_URBAN,HIGHWAY,7,18.0
81000,1,3,130,5,2,80.0,0,N,MELB_URBAN,ROAD,7,17.0
81001,4,3,173,5,2,50.0,0,N,MELB_URBAN,ROAD,7,17.0
81002,1,2,130,4,1,60.0,0,I,MELB_URBAN,ROAD,7,15.0
81003,1,3,130,5,3,80.0,0,N,MELB_URBAN,FREEWAY,7,18.0
81004,1,2,135,5,1,100.0,0,N,MELB_URBAN,ROAD,7,13.0
81005,4,3,181,5,5,80.0,0,N,RURAL_VICTORIA,ROAD,7,19.0
81006,2,2,99,5,3,50.0,0,N,MELB_URBAN,AVENUE,7,18.0
81007,6,1,174,5,9,60.0,0,N,RURAL_VICTORIA,ROAD,7,9.0
81008,1,3,121,2,3,80.0,0,N,MELB_URBAN,ROAD,7,22.0
81009,1,3,163,5,9,60.0,0,N,MELBOURNE_CBD,STREET,6,11.0
81010,1,3,130,2,1,60.0,0,N,MELB_URBAN,STREET,6,9.0
81011,2,2,99,5,9,60.0,0,N,MELB_URBAN,ROAD,6,11.0
81012,1,4,160,5,3,50.0,0,N,SMALL_CITIES,AVENUE,7,6.0
81013,4,4,183,5,1,100.0,0,N,MELB_URBAN,FREEWAY,7,7.0
81014,1,3,130,5,2,80.0,0,N,LARGE_PROVINCIAL_CITIES,ROAD,7,7.0
81015,1,4,121,1,1,80.0,0,N,RURAL_VICTORIA,STREET,7,10.0
81016,6,4,184,5,1,100.0,0,N,RURAL_VICTORIA,ROAD,7,6.0
81017,1,6,99,5,1,60.0,0,I,MELB_URBAN,UNKNOWN,7,11.0
81018,4,3,171,5,1,60.0,0,N,MELB_URBAN,ROAD,7,9.0
81019,1,4,110,1,1,50.0,0,I,MELB_URBAN,STREET,7,10.0
81020,1,4,130,5,3,80.0,0,N,MELB_URBAN,OTHER,7,7.0
81021,1,2,113,2,1,60.0,0,I,SMALL_CITIES,STREET,7,15.0
81022,4,3,173,1,1,50.0,0,I,MELB_URBAN,OTHER,7,9.0
81023,8,0,170,5,1,60.0,0,N,RURAL_VICTORIA,ROAD,7,11.0
81024,1,4,130,5,1,100.0,0,N,MELB_URBAN,OTHER,7,7.0
81025,1,4,110,1,1,60.0,0,I,MELB_URBAN,STREET,7,7.0
81026,1,4,130,5,1,80.0,0,N,MELB_URBAN,UNKNOWN,7,15.0
81027,1,3,110,1,3,50.0,0,I,MELB_URBAN,STREET,7,19.0
81028,1,5,99,1,1,60.0,0,I,MELB_URBAN,STREET,6,10.0
81029,1,4,99,5,1,100.0,0,N,MELB_URBAN,FREEWAY,7,16.0
81030,1,3,110,1,2,60.0,0,I,MELB_URBAN,ROAD,7,17.0
81031,1,3,113,2,9,60.0,0,I,MELB_URBAN,ROAD,7,17.0
81032,1,4,113,2,3,50.0,0,I,MELB_URBAN,STREET,7,17.0
81033,1,3,160,5,3,50.0,0,N,MELB_URBAN,STREET,7,18.0
81034,4,4,171,5,1,50.0,0,I,MELB_URBAN,STREET,7,17.0
81035,1,4,116,2,1,70.0,0,I,LARGE_PROVINCIAL_CITIES,HIGHWAY,7,17.0
81036,1,4,130,5,3,80.0,0,N,MELB_URBAN,ROAD,7,19.0
81037,1,4,134,5,1,100.0,0,N,MELB_URBAN,ROAD,7,15.0
81038,6,2,174,2,9,60.0,0,I,MELB_URBAN,ROAD,7,16.0
81039,1,3,130,5,1,70.0,0,N,RURAL_VICTORIA,ROAD,7,17.0
81040,4,5,171,5,5,100.0,0,N,RURAL_VICTORIA,ROAD,7,2.0
81041,1,6,121,1,1,60.0,0,N,MELB_URBAN,ROAD,4,18.0
81042,2,5,100,5,3,60.0,0,N,LARGE_PROVINCIAL_CITIES,STREET,7,6.0
81043,1,7,113,1,1,50.0,0,I,MELB_URBAN,STREET,7,11.0
81044,1,5,160,5,3,60.0,0,N,MELB_URBAN,ROAD,7,6.0
81045,1,4,121,1,3,50.0,0,I,MELB_URBAN,STREET,7,18.0
81046,1,3,130,5,3,60.0,0,N,MELB_URBAN,ROAD,7,18.0
81047,1,3,111,2,1,60.0,0,I,LARGE_PROVINCIAL_CITIES,ROAD,7,12.0
81048,1,5,99,2,1,60.0,0,I,MELB_URBAN,STREET,7,8.0
81049,1,4,140,5,1,60.0,0,N,MELB_URBAN,STREET,7,7.0
81050,1,5,120,5,1,100.0,0,N,RURAL_VICTORIA,ROAD,7,7.0
81051,1,4,160,5,1,50.0,0,N,SMALL_CITIES,STREET,7,17.0
81052,4,3,171,5,1,100.0,0,N,RURAL_VICTORIA,ROAD,3,13.0
81053,1,4,110,1,1,80.0,0,I,SMALL_TOWNS,HIGHWAY,7,8.0
81054,1,3,110,1,3,50.0,0,I,SMALL_CITIES,STREET,7,20.0
81055,8,7,174,5,1,60.0,0,N,RURAL_VICTORIA,ROAD,4,11.0
81056,4,4,173,5,1,60.0,0,N,SMALL_CITIES,PARADE,7,15.0
81057,1,1,132,5,3,60.0,0,N,SMALL_CITIES,STREET,7,19.0
81058,1,5,110,1,1,60.0,0,I,MELB_URBAN,ROAD,7,8.0
81059,1,4,130,5,1,60.0,0,N,LARGE_PROVINCIAL_CITIES,STREET,7,9.0
81060,2,3,100,2,9,40.0,0,I,MELB_URBAN,STREET,7,9.0
81061,1,4,130,5,2,90.0,0,N,RURAL_VICTORIA,FREEWAY,7,17.0
81062,1,3,111,1,3,70.0,0,I,MELB_URBAN,ROAD,7,18.0
81063,1,5,160,5,1,60.0,0,N,MELB_URBAN,PARADE,7,15.0
81064,1,5,147,5,1,50.0,0,N,MELB_URBAN,ROAD,6,7.0
81065,4,5,173,5,6,50.0,0,N,MELB_URBAN,ROAD,7,1.0
81066,1,5,110,1,1,50.0,0,I,MELB_URBAN,AVENUE,7,16.0
81067,4,5,181,5,1,80.0,0,N,RURAL_VICTORIA,HIGHWAY,7,14.0
81068,4,5,171,2,1,50.0,0,I,SMALL_CITIES,OTHER,7,14.0
81069,1,4,99,1,3,60.0,0,I,MELB_URBAN,PARADE,7,17.0
81070,1,5,99,1,3,40.0,0,I,MELBOURNE_CBD,STREET,7,18.0
81071,1,4,110,1,1,50.0,0,I,MELB_URBAN,STREET,7,15.0
81072,1,5,163,5,3,40.0,0,N,MELBOURNE_CBD,STREET,7,22.0
81073,1,4,121,1,2,60.0,0,I,MELB_URBAN,ROAD,7,6.0
81074,1,5,121,2,3,60.0,0,I,MELB_URBAN,ROAD,7,22.0
81075,4,2,171,5,3,50.0,0,N,MELB_URBAN,DRIVE,7,17.0
81076,3,7,167,5,5,60.0,0,N,RURAL_VICTORIA,ROAD,4,22.0
81077,4,5,173,1,3,60.0,1,I,MELB_URBAN,HIGHWAY,7,21.0
81078,4,6,173,5,3,80.0,0,N,MELB_URBAN,ROAD,7,2.0
81079,1,4,135,5,3,60.0,0,N,MELB_URBAN,ROAD,7,18.0
81080,1,5,121,2,1,60.0,0,I,MELB_URBAN,ROAD,7,7.0
81081,1,5,130,5,1,60.0,0,N,MELB_URBAN,ROAD,11,16.0
81082,2,6,102,1,3,60.0,0,I,MELB_URBAN,ROAD,7,7.0
81083,1,6,135,5,1,80.0,0,N,MELB_URBAN,UNKNOWN,7,9.0
81084,1,6,130,1,1,60.0,0,I,SMALL_CITIES,AVENUE,7,10.0
81085,4,6,183,5,1,100.0,0,N,RURAL_VICTORIA,ROAD,7,9.0
81086,1,4,130,1,1,80.0,0,I,RURAL_VICTORIA,HIGHWAY,7,15.0
81087,2,6,100,2,6,50.0,1,I,MELB_URBAN,ROAD,7,6.0
81088,4,6,173,5,5,100.0,0,N,RURAL_VICTORIA,ROAD,7,2.0
81089,1,6,163,5,1,40.0,0,N,TOWNS,STREET,7,12.0
81090,1,6,134,5,1,60.0,0,N,MELB_URBAN,ROAD,7,14.0
81091,1,6,110,1,1,60.0,0,I,MELB_URBAN,ROAD,7,13.0
81092,1,6,110,1,1,50.0,0,I,SMALL_CITIES,STREET,7,13.0
81093,6,6,174,2,1,60.0,0,I,RURAL_VICTORIA,ROAD,7,16.0
81094,1,5,110,1,6,50.0,0,I,MELB_URBAN,STREET,7,17.0
81095,1,6,130,5,1,80.0,0,N,MELB_URBAN,FREEWAY,7,14.0
81096,1,3,116,1,2,60.0,0,I,TOWNS,STREET,7,7.0
81097,1,6,135,5,1,60.0,0,N,MELB_URBAN,RAMP,7,12.0
81098,1,6,130,2,1,80.0,0,N,MELB_URBAN,DRIVE,7,16.0
81099,8,5,99,5,1,60.0,0,N,MELB_URBAN,ROAD,7,16.0
81100,1,5,121,2,3,80.0,0,I,MELB_URBAN,ROAD,7,18.0
81101,2,6,100,2,1,60.0,0,I,MELB_URBAN,HIGHWAY,7,10.0
81102,1,6,121,5,3,60.0,0,N,MELB_URBAN,STREET,7,17.0
81103,2,6,102,2,3,50.0,0,I,MELB_URBAN,STREET,7,19.0
81104,1,6,121,1,1,60.0,0,I,MELB_URBAN,OTHER,7,16.0
81105,1,7,130,2,1,100.0,0,I,RURAL_VICTORIA,HIGHWAY,6,9.0
81106,1,6,99,2,5,80.0,0,N,RURAL_VICTORIA,HIGHWAY,7,18.0
81107,1,6,130,1,3,70.0,0,I,MELB_URBAN,ROAD,7,18.0
81108,1,6,130,1,1,70.0,0,I,MELB_URBAN,ROAD,7,15.0
81109,7,6,99,5,5,100.0,0,N,RURAL_VICTORIA,ROAD,7,20.0
81110,1,6,99,5,3,70.0,0,N,MELB_URBAN,UNKNOWN,7,19.0
81111,8,5,174,5,1,60.0,0,N,RURAL_VICTORIA,ROAD,7,17.0
81112,1,6,120,5,3,40.0,0,N,LARGE_PROVINCIAL_CITIES,STREET,7,21.0
81113,1,6,113,2,3,60.0,0,I,MELBOURNE_CBD,STREET,7,22.0
81114,1,6,113,2,3,80.0,0,I,RURAL_VICTORIA,STREET,7,21.0
81115,1,6,130,5,3,60.0,0,N,MELB_URBAN,ROAD,7,21.0
81116,1,5,130,5,1,80.0,0,N,MELB_URBAN,UNKNOWN,7,16.0
81117,6,6,99,5,5,80.0,0,N,RURAL_VICTORIA,HIGHWAY,7,20.0
81118,2,6,102,5,3,60.0,1,N,MELB_URBAN,HIGHWAY,7,22.0
81119,1,6,121,1,3,60.0,0,N,MELB_URBAN,ROAD,7,21.0
81120,4,7,183,5,5,100.0,1,N,RURAL_VICTORIA,ROAD,7,1.0
81121,2,7,99,5,6,60.0,0,N,MELB_URBAN,STREET,7,6.0
81122,1,4,133,5,9,60.0,0,N,MELB_URBAN,ROAD,7,16.0
81123,1,7,121,1,1,50.0,0,I,SMALL_CITIES,STREET,7,8.0
81124,1,7,99,5,1,40.0,0,N,MELB_URBAN,ROAD,7,11.0
81125,1,7,99,5,1,80.0,0,N,MELB_URBAN,OTHER,7,10.0
81126,1,7,110,1,1,80.0,0,I,LARGE_PROVINCIAL_CITIES,HIGHWAY,7,11.0
81127,4,7,181,5,1,60.0,0,N,MELB_URBAN,BOULEVARD,7,11.0
81128,2,6,100,5,1,60.0,0,N,MELB_URBAN,STREET,7,14.0
81129,1,7,130,5,1,60.0,0,N,MELB_URBAN,HIGHWAY,7,10.0
81130,4,7,171,1,1,70.0,0,I,RURAL_VICTORIA,ROAD,7,11.0
81131,1,6,130,5,1,60.0,0,N,MELB_URBAN,ROAD,7,11.0
81132,2,7,102,5,1,60.0,0,N,SMALL_CITIES,STREET,7,13.0
81133,6,7,174,5,1,100.0,0,N,RURAL_VICTORIA,ROAD,7,13.0
81134,2,4,100,5,1,60.0,0,N,MELB_URBAN,ROAD,7,11.0
81135,1,7,113,2,3,80.0,0,I,MELB_URBAN,ROAD,7,6.0
81136,1,7,147,5,1,60.0,0,N,MELB_URBAN,ROAD,7,16.0
81137,1,4,120,2,3,70.0,0,I,MELB_URBAN,ROAD,7,20.0
81138,1,7,130,5,3,80.0,0,N,MELB_URBAN,HIGHWAY,7,17.0
81139,1,7,110,1,3,40.0,0,N,MELB_URBAN,ROAD,7,5.0
81140,1,7,133,5,5,110.0,0,N,RURAL_VICTORIA,FREEWAY,7,20.0
81141,1,7,110,1,3,60.0,0,I,LARGE_PROVINCIAL_CITIES,ROAD,7,23.0
81142,2,7,102,5,3,50.0,0,N,MELB_URBAN,PARADE,7,22.0
81143,1,1,110,1,3,60.0,0,I,MELB_URBAN,ROAD,7,6.0
81144,4,6,181,2,1,50.0,0,N,MELB_URBAN,ROAD,7,13.0
81145,4,7,183,5,1,80.0,0,N,RURAL_VICTORIA,ROAD,7,15.0
81146,1,6,121,2,3,60.0,0,I,MELB_URBAN,ROAD,7,18.0
81147,1,2,132,2,9,60.0,0,I,MELB_URBAN,ROAD,3,8.0
81148,1,1,99,5,1,80.0,0,N,MELB_URBAN,ROAD,7,6.0
81149,1,4,130,5,6,60.0,0,N,MELB_URBAN,OTHER,6,17.0
81150,4,0,171,5,1,60.0,0,N,SMALL_CITIES,ROAD,7,12.0
81151,1,0,160,5,1,60.0,0,N,MELB_URBAN,ROAD,7,11.0
81152,1,1,99,5,1,100.0,0,N,RURAL_VICTORIA,ROAD,7,11.0
81153,1,6,121,5,1,50.0,0,N,MELB_URBAN,ROAD,7,11.0
81154,4,1,173,5,1,100.0,0,N,RURAL_VICTORIA,ROAD,7,12.0
81155,1,1,116,2,1,70.0,0,I,MELB_URBAN,ROAD,7,12.0
81156,1,1,133,5,1,80.0,0,N,MELB_URBAN,ROAD,7,9.0
81157,1,1,99,1,1,80.0,0,I,SMALL_TOWNS,HIGHWAY,7,13.0
81158,6,1,99,5,1,50.0,0,N,RURAL_VICTORIA,STREET,7,14.0
81159,1,2,134,5,3,60.0,0,N,MELB_URBAN,ROAD,7,18.0
81160,4,1,171,5,2,80.0,0,N,MELB_URBAN,ROAD,7,17.0
81161,1,1,130,2,1,60.0,0,I,RURAL_VICTORIA,ROAD,7,10.0
81162,1,1,121,2,5,60.0,0,I,MELB_URBAN,ROAD,7,18.0
81163,1,1,113,2,1,100.0,1,I,RURAL_VICTORIA,HIGHWAY,7,16.0
81164,1,2,121,1,1,30.0,0,I,MELB_URBAN,ROAD,7,15.0
81165,1,3,130,5,1,60.0,0,N,MELB_URBAN,ROAD,7,10.0
81166,1,7,134,5,1,50.0,0,N,MELB_URBAN,STREET,7,14.0
81167,4,1,173,5,1,50.0,0,N,MELB_URBAN,STREET,7,12.0
81168,8,0,184,5,1,100.0,0,N,RURAL_VICTORIA,ROAD,7,10.0
81169,4,6,171,5,3,60.0,0,N,RURAL_VICTORIA,HIGHWAY,3,22.0
81170,1,5,130,5,1,80.0,0,N,MELB_URBAN,HIGHWAY,7,7.0
81171,1,2,130,1,1,50.0,0,I,SMALL_CITIES,STREET,7,10.0
81172,2,2,102,1,1,60.0,0,I,MELB_URBAN,ROAD,7,8.0
81173,1,2,113,2,1,60.0,0,I,MELB_URBAN,DRIVE,7,10.0
81174,6,2,174,2,1,50.0,0,I,MELB_URBAN,STREET,7,10.0
81175,1,2,99,5,1,60.0,0,N,MELB_URBAN,AVENUE,7,8.0
81176,8,1,174,5,1,50.0,0,N,SMALL_CITIES,ROAD,7,11.0
81177,1,2,130,1,1,60.0,0,I,MELB_URBAN,ROAD,7,9.0
81178,1,4,130,5,1,60.0,0,N,MELB_URBAN,FREEWAY,7,12.0
81179,1,1,110,1,3,60.0,0,I,MELB_URBAN,STREET,7,19.0
81180,1,2,121,2,1,60.0,0,I,MELB_URBAN,ROAD,7,14.0
81181,1,1,160,5,3,60.0,0,N,MELB_URBAN,ROAD,7,19.0
81182,1,2,121,1,1,100.0,0,I,RURAL_VICTORIA,ROAD,7,13.0
81183,1,2,99,2,1,60.0,0,N,MELB_URBAN,ROAD,6,13.0
81184,4,0,171,5,5,100.0,0,N,RURAL_VICTORIA,ROAD,7,19.0
81185,1,6,130,5,1,80.0,0,N,MELB_URBAN,HIGHWAY,7,10.0
81186,1,2,121,2,3,70.0,0,I,MELB_URBAN,ROAD,7,18.0
81187,1,2,147,5,2,80.0,0,N,MELB_URBAN,ROAD,7,17.0
81188,4,1,183,5,3,50.0,0,N,MELB_URBAN,AVENUE,7,17.0
81189,1,2,111,2,3,60.0,0,I,MELB_URBAN,ROAD,7,18.0
81190,1,2,121,2,3,70.0,0,I,MELB_URBAN,ROAD,7,19.0
81191,1,2,130,5,1,80.0,0,N,MELB_URBAN,UNKNOWN,7,16.0
81192,1,1,133,5,1,100.0,0,N,MELB_URBAN,ROAD,7,16.0
81193,4,2,183,5,5,100.0,0,N,RURAL_VICTORIA,ROAD,7,23.0
81194,4,2,171,2,1,50.0,0,I,MELB_URBAN,BOULEVARD,7,13.0
81195,1,3,121,1,2,60.0,0,I,MELB_URBAN,ROAD,7,6.0
81196,4,2,171,2,1,40.0,1,I,MELB_URBAN,ROAD,7,10.0
81197,1,7,110,1,1,50.0,0,I,MELB_URBAN,DRIVE,7,11.0
81198,1,3,110,1,1,60.0,0,I,TOWNS,STREET,7,7.0
81199,8,1,174,5,1,90.0,0,N,RURAL_VICTORIA,ROAD,7,9.0
81200,4,5,99,2,3,60.0,0,I,TOWNS,ROAD,7,21.0
81201,1,3,121,1,1,40.0,0,I,MELB_URBAN,STREET,7,8.0
81202,1,2,130,5,6,60.0,0,N,RURAL_VICTORIA,HIGHWAY,7,18.0
81203,1,3,121,2,1,70.0,0,I,MELB_URBAN,STREET,7,8.0
81204,1,3,113,2,1,50.0,0,I,MELB_URBAN,ROAD,7,10.0
81205,2,2,100,5,1,50.0,0,N,MELB_URBAN,STREET,3,10.0
81206,1,3,120,2,1,50.0,0,I,RURAL_VICTORIA,STREET,7,10.0
81207,1,2,130,5,1,60.0,0,N,MELB_URBAN,ROAD,7,11.0
81208,1,3,130,2,9,60.0,0,I,MELB_URBAN,ROAD,7,6.0
81209,3,7,167,5,1,60.0,0,N,RURAL_VICTORIA,ROAD,7,14.0
81210,6,3,174,1,1,40.0,0,I,MELB_URBAN,ROAD,7,15.0
81211,8,6,174,5,1,50.0,0,N,MELB_URBAN,STREET,2,11.0
81212,1,3,99,2,1,60.0,0,I,MELB_URBAN,STREET,10,7.0
81213,4,2,171,5,1,50.0,0,N,MELB_URBAN,AVENUE,7,16.0
81214,1,3,130,1,1,70.0,0,I,MELB_URBAN,ROAD,7,8.0
81215,4,3,171,5,1,100.0,1,N,RURAL_VICTORIA,HIGHWAY,7,15.0
81216,1,3,113,2,3,80.0,0,N,MELB_URBAN,STREET,7,17.0
81217,1,2,130,4,3,60.0,0,N,MELB_URBAN,ROAD,7,17.0
81218,6,3,174,5,1,50.0,0,N,MELB_URBAN,AVENUE,7,17.0
81219,1,3,133,5,3,80.0,0,N,MELB_URBAN,ROAD,7,18.0
81220,1,3,110,1,3,60.0,0,I,LARGE_PROVINCIAL_CITIES,ROAD,7,18.0
81221,1,2,130,4,2,80.0,0,I,MELB_URBAN,RAMP,5,17.0
81222,1,3,120,5,2,100.0,0,N,RURAL_VICTORIA,HIGHWAY,7,17.0
81223,1,2,132,1,1,60.0,0,I,MELB_URBAN,ROAD,7,16.0
81224,3,2,167,5,5,100.0,0,N,RURAL_VICTORIA,HIGHWAY,7,18.0
81225,1,3,130,5,1,80.0,0,N,MELB_URBAN,FREEWAY,7,14.0
81226,2,1,99,5,1,80.0,0,N,MELB_URBAN,ROAD,7,15.0
81227,1,3,120,5,3,60.0,0,N,MELB_URBAN,ROAD,7,17.0
81228,1,3,130,2,3,60.0,0,I,SMALL_CITIES,ROAD,7,19.0
81229,1,3,121,1,2,60.0,0,I,MELB_URBAN,ROAD,7,17.0
81230,2,3,102,5,2,60.0,1,N,MELB_URBAN,HIGHWAY,7,17.0
81231,1,3,110,1,5,100.0,1,I,RURAL_VICTORIA,ROAD,7,19.0
81232,1,3,121,2,3,60.0,0,I,MELB_URBAN,ROAD,7,21.0
81233,1,3,110,1,2,60.0,0,I,MELB_URBAN,STREET,7,17.0
81234,6,6,174,5,1,50.0,0,N,MELB_URBAN,STREET,7,16.0
81235,1,4,133,5,1,100.0,0,N,MELB_URBAN,FREEWAY,7,7.0
81236,8,5,174,2,3,60.0,0,I,MELB_URBAN,STREET,7,19.0
81237,1,3,130,2,1,60.0,0,I,RURAL_VICTORIA,ROAD,7,7.0
81238,2,4,102,5,1,50.0,0,N,MELB_URBAN,STREET,7,7.0
81239,1,4,121,2,1,70.0,0,I,MELB_URBAN,ROAD,7,8.0
81240,4,4,173,5,5,80.0,0,N,MELB_URBAN,ROAD,7,6.0
81241,1,3,163,5,1,40.0,0,N,MELB_URBAN,STREET,7,15.0
81242,4,4,181,5,1,100.0,0,N,RURAL_VICTORIA,ROAD,7,8.0
81243,8,4,174,2,1,60.0,0,I,MELB_URBAN,ROAD,7,9.0
81244,1,4,130,2,1,60.0,0,I,MELB_URBAN,PARADE,7,11.0
81245,4,3,171,1,1,80.0,0,I,MELB_URBAN,ROAD,7,13.0
81246,1,4,134,5,1,100.0,0,N,MELB_URBAN,FREEWAY,7,8.0
81247,1,3,99,2,1,60.0,0,I,MELB_URBAN,ROAD,7,15.0
81248,1,3,110,1,1,60.0,0,N,MELB_URBAN,ROAD,7,14.0
81249,6,4,174,5,1,60.0,0,N,MELB_URBAN,BOULEVARD,7,13.0
81250,1,4,99,9,1,50.0,0,I,MELB_URBAN,AVENUE,7,12.0
81251,1,4,135,5,1,80.0,0,N,MELB_URBAN,FREEWAY,7,14.0
81252,1,6,121,1,1,60.0,0,I,MELB_URBAN,ROAD,7,11.0
81253,1,3,110,1,1,80.0,0,I,MELB_URBAN,ROAD,7,16.0
81254,1,3,110,1,1,100.0,0,I,TOWNS,HIGHWAY,7,8.0
81255,2,4,102,1,6,60.0,0,I,MELB_URBAN,STREET,6,18.0
81256,1,4,130,5,1,80.0,0,N,RURAL_VICTORIA,HIGHWAY,7,14.0
81257,1,4,130,1,1,60.0,0,I,LARGE_PROVINCIAL_CITIES,HIGHWAY,7,13.0
81258,1,1,121,2,9,40.0,0,I,MELB_URBAN,STREET,7,17.0
81259,1,4,130,5,2,80.0,0,N,MELB_URBAN,ROAD,7,16.0
81260,1,4,147,5,1,40.0,0,N,MELB_URBAN,ROAD,7,15.0
81261,1,4,121,2,1,60.0,0,I,MELB_URBAN,ROAD,7,16.0
81262,1,4,130,5,1,80.0,0,N,MELB_URBAN,HIGHWAY,7,15.0
81263,2,4,99,5,1,50.0,0,N,MELB_URBAN,DRIVE,7,16.0
81264,1,1,99,2,1,60.0,0,N,MELB_URBAN,ROAD,7,10.0
81265,1,4,130,5,3,60.0,0,N,MELB_URBAN,STREET,7,18.0
81266,1,4,121,1,3,70.0,0,N,MELB_URBAN,ROAD,7,20.0
81267,1,4,160,5,3,60.0,0,N,MELB_URBAN,PARADE,7,20.0
81268,1,3,130,1,1,50.0,0,I,MELB_URBAN,OTHER,7,12.0
81269,4,4,181,5,5,80.0,0,N,RURAL_VICTORIA,ROAD,7,22.0
81270,3,3,167,5,5,100.0,0,N,RURAL_VICTORIA,ROAD,7,18.0
81271,1,4,130,5,5,110.0,0,N,RURAL_VICTORIA,FREEWAY,7,19.0
81272,1,5,121,2,1,60.0,0,I,MELB_URBAN,STREET,7,8.0
81273,4,5,181,5,1,100.0,0,N,RURAL_VICTORIA,OTHER,7,8.0
81274,1,4,130,1,3,80.0,0,I,MELB_URBAN,ROAD,7,20.0
81275,1,5,132,2,1,40.0,0,I,LARGE_PROVINCIAL_CITIES,AVENUE,7,9.0
81276,7,0,99,1,9,50.0,0,I,LARGE_PROVINCIAL_CITIES,ROAD,7,14.0
81277,1,6,135,4,1,60.0,0,I,MELB_URBAN,ROAD,7,8.0
81278,1,5,116,1,1,50.0,0,N,SMALL_CITIES,STREET,7,8.0
81279,1,5,113,2,3,60.0,1,I,MELB_URBAN,AVENUE,7,6.0
81280,2,4,100,3,3,60.0,0,I,MELB_URBAN,ROAD,7,18.0
81281,4,5,99,2,1,60.0,0,N,MELB_URBAN,DRIVE,7,10.0
81282,6,3,170,5,5,100.0,0,N,RURAL_VICTORIA,ROAD,7,20.0
81283,1,5,121,2,1,60.0,0,I,MELB_URBAN,PARADE,7,8.0
81284,1,5,120,5,1,100.0,1,N,RURAL_VICTORIA,ROAD,7,7.0
81285,8,6,99,5,2,100.0,0,N,RURAL_VICTORIA,ROAD,7,16.0
81286,6,5,99,2,1,80.0,0,I,RURAL_VICTORIA,STREET,7,13.0
81287,8,3,174,5,1,50.0,0,N,MELB_URBAN,ROAD,7,13.0
81288,1,5,147,5,1,50.0,0,N,TOWNS,ROAD,7,14.0
81289,1,2,121,1,1,60.0,0,I,MELB_URBAN,ROAD,4,10.0
81290,1,0,121,1,9,60.0,0,I,MELB_URBAN,ROAD,5,15.0
81291,1,4,110,1,1,60.0,0,N,TOWNS,HIGHWAY,7,16.0
81292,6,5,184,5,1,60.0,0,N,LARGE_PROVINCIAL_CITIES,ROAD,7,14.0
81293,1,5,121,1,3,70.0,0,I,MELB_URBAN,ROAD,7,17.0
81294,1,5,121,4,2,50.0,0,I,MELB_URBAN,RAMP,7,16.0
81295,1,5,113,2,2,50.0,0,I,MELB_URBAN,AVENUE,7,17.0
81296,1,5,110,1,3,60.0,0,I,RURAL_VICTORIA,ROAD,7,17.0
81297,1,5,110,1,1,50.0,0,I,MELB_URBAN,STREET,7,16.0
81298,1,5,130,5,1,60.0,0,N,MELB_URBAN,AVENUE,7,10.0
81299,1,5,99,1,2,60.0,0,I,MELB_URBAN,ROAD,7,17.0
81300,1,5,121,1,3,40.0,0,I,MELB_URBAN,ROAD,7,17.0
81301,8,4,170,5,1,60.0,0,N,MELB_URBAN,ROAD,7,8.0
81302,1,6,110,1,1,60.0,0,I,SMALL_CITIES,STREET,6,9.0
81303,4,6,173,2,3,60.0,0,N,MELB_URBAN,HIGHWAY,7,0.0
81304,2,5,100,5,3,60.0,0,N,LARGE_PROVINCIAL_CITIES,ROAD,7,23.0
81305,4,5,183,5,1,50.0,0,N,RURAL_VICTORIA,ROAD,7,12.0
81306,4,5,183,5,5,80.0,0,N,RURAL_VICTORIA,ROAD,7,5.0
81307,1,6,140,5,1,40.0,0,N,MELB_URBAN,ROAD,7,8.0
81308,1,6,99,5,1,100.0,0,N,RURAL_VICTORIA,ROAD,7,7.0
81309,1,6,133,5,1,60.0,0,N,TOWNS,HIGHWAY,7,8.0
81310,1,6,121,1,1,60.0,0,I,SMALL_CITIES,STREET,7,8.0
81311,1,6,99,5,1,50.0,0,N,MELB_URBAN,STREET,7,8.0
81312,1,6,130,5,1,40.0,0,N,RURAL_VICTORIA,OTHER,7,9.0
81313,2,6,102,1,1,60.0,0,I,MELB_URBAN,HIGHWAY,7,10.0
81314,1,5,130,2,1,80.0,0,I,MELB_URBAN,HIGHWAY,7,16.0
81315,1,6,134,5,1,50.0,0,N,MELB_URBAN,STREET,7,11.0
81316,1,6,116,1,1,50.0,0,I,MELB_URBAN,ROAD,7,9.0
81317,2,6,100,1,1,40.0,0,I,LARGE_PROVINCIAL_CITIES,STREET,7,12.0
81318,1,6,99,2,2,100.0,0,I,RURAL_VICTORIA,ROAD,7,7.0
81319,1,1,120,5,5,50.0,0,N,LARGE_PROVINCIAL_CITIES,OTHER,7,19.0
81320,1,6,147,2,1,80.0,0,I,MELB_URBAN,ROAD,7,12.0
81321,4,5,99,5,1,50.0,0,N,SMALL_CITIES,STREET,7,11.0
81322,1,4,160,5,1,50.0,0,N,MELB_URBAN,OTHER,7,10.0
81323,1,4,130,2,1,60.0,0,N,MELB_URBAN,ROAD,7,8.0