,accident_type,day_of_week,dca_code,road_geometry,light_condition,speed_zone,severity,node_type,deg_urban_name,road_type,month,hour
81324,1,5,113,2,1,60.0,0,I,MELB_URBAN,ROAD,7,15.0
81325,1,6,113,2,1,60.0,0,I,LARGE_PROVINCIAL_CITIES,ROAD,7,16.0
81326,1,6,147,5,1,60.0,0,N,MELB_URBAN,HIGHWAY,7,16.0
81327,1,6,147,5,1,60.0,0,N,MELB_URBAN,ROAD,7,15.0
81328,1,6,134,5,1,60.0,0,N,MELB_URBAN,ROAD,7,14.0
81329,1,6,120,5,1,50.0,0,N,MELB_URBAN,AVENUE,7,16.0
81330,8,6,174,5,1,60.0,0,N,MELB_URBAN,OTHER,7,17.0
81331,1,6,130,5,1,80.0,0,N,MELB_URBAN,ROAD,7,16.0
81332,1,6,113,2,3,60.0,0,I,MELB_URBAN,STREET,7,17.0
81333,1,6,130,5,5,100.0,0,N,MELB_URBAN,HIGHWAY,7,18.0
81334,1,5,130,5,3,100.0,0,N,MELB_URBAN,UNKNOWN,7,18.0
81335,2,6,100,1,1,60.0,0,I,MELB_URBAN,ROAD,7,15.0
81336,1,6,147,2,1,80.0,0,I,MELB_URBAN,HIGHWAY,7,17.0
81337,1,6,163,5,3,40.0,0,N,MELB_URBAN,STREET,7,18.0
81338,4,6,173,2,3,50.0,0,I,MELB_URBAN,OTHER,7,20.0
81339,2,6,102,2,1,40.0,0,I,MELB_URBAN,ROAD,7,16.0
81340,2,5,100,5,3,40.0,0,N,MELBOURNE_CBD,STREET,7,23.0
81341,4,5,173,5,5,110.0,0,N,RURAL_VICTORIA,FREEWAY,7,22.0
81342,1,6,110,1,1,50.0,0,I,MELB_URBAN,STREET,7,8.0
81343,4,7,181,5,5,100.0,0,N,RURAL_VICTORIA,ROAD,7,1.0
81344,4,6,171,1,3,60.0,0,I,MELB_URBAN,ROAD,7,23.0
81345,1,6,99,5,3,60.0,0,N,MELB_URBAN,ROAD,7,23.0
81346,1,7,160,5,3,60.0,0,N,MELB_URBAN,ROAD,7,5.0
81347,1,5,130,5,3,80.0,0,N,MELB_URBAN,HIGHWAY,7,17.0
81348,1,7,116,2,1,50.0,0,I,MELB_URBAN,OTHER,7,9.0
81349,1,7,113,2,1,70.0,0,I,MELB_URBAN,ROAD,7,9.0
81350,1,6,130,2,1,60.0,0,I,MELB_URBAN,STREET,7,9.0
81351,1,7,130,1,1,60.0,0,I,MELB_URBAN,ROAD,7,11.0
81352,1,7,99,5,1,100.0,0,N,RURAL_VICTORIA,HIGHWAY,7,9.0
81353,1,7,120,5,1,80.0,0,N,MELB_URBAN,UNKNOWN,7,9.0
81354,1,6,110,4,1,60.0,0,I,SMALL_CITIES,RAMP,7,13.0
81355,1,7,121,1,1,70.0,0,I,MELB_URBAN,HIGHWAY,7,17.0
81356,1,5,130,5,1,100.0,0,N,MELB_URBAN,UNKNOWN,7,16.0
81357,4,7,183,5,1,100.0,0,N,RURAL_VICTORIA,ROAD,7,13.0
81358,1,7,160,5,1,60.0,0,N,MELB_URBAN,STREET,7,16.0
81359,1,6,121,4,3,60.0,0,I,MELB_URBAN,ROAD,7,18.0
81360,4,6,181,5,5,100.0,0,N,RURAL_VICTORIA,ROAD,7,23.0
81361,1,6,130,1,3,70.0,0,N,MELB_URBAN,STREET,7,18.0
81362,1,6,110,1,3,50.0,0,I,LARGE_PROVINCIAL_CITIES,STREET,7,18.0
81363,1,6,160,5,3,50.0,0,N,MELB_URBAN,DRIVE,7,18.0
81364,1,7,99,2,5,100.0,0,I,RURAL_VICTORIA,ROAD,7,19.0
81365,6,7,174,5,2,60.0,0,N,MELB_URBAN,ROAD,7,5.0
81366,1,6,120,5,5,100.0,0,N,RURAL_VICTORIA,HIGHWAY,7,17.0
81367,4,6,181,5,1,100.0,1,N,RURAL_VICTORIA,ROAD,7,15.0
81368,7,1,99,4,3,60.0,0,I,MELB_URBAN,AVENUE,7,1.0
81369,4,1,173,5,5,110.0,0,N,RURAL_VICTORIA,FREEWAY,7,0.0
81370,1,1,130,2,3,60.0,0,I,MELB_URBAN,HIGHWAY,7,1.0
81371,1,1,110,1,3,40.0,0,I,MELBOURNE_CBD,STREET,7,4.0
81372,1,7,121,1,1,60.0,0,I,MELB_URBAN,ROAD,7,7.0
81373,6,1,99,5,3,100.0,0,N,RURAL_VICTORIA,ROAD,7,4.0
81374,1,1,113,2,1,30.0,0,I,MELB_URBAN,STREET,7,8.0
81375,8,0,99,2,5,80.0,0,I,RURAL_VICTORIA,ROAD,7,2.0
81376,4,1,181,5,1,100.0,0,N,RURAL_VICTORIA,ROAD,7,8.0
81377,1,1,110,1,1,70.0,0,I,MELB_URBAN,ROAD,7,8.0
81378,1,1,99,1,1,60.0,0,I,MELB_URBAN,ROAD,7,12.0
81379,2,7,99,5,1,60.0,0,N,MELB_URBAN,BOULEVARD,7,15.0
81380,1,7,121,1,3,80.0,0,I,MELB_URBAN,ROAD,7,23.0
81381,1,1,130,1,1,80.0,0,I,MELB_URBAN,ROAD,7,14.0
81382,1,1,113,4,1,60.0,0,I,MELB_URBAN,ROAD,7,13.0
81383,1,0,132,2,1,60.0,0,N,LARGE_PROVINCIAL_CITIES,STREET,7,8.0
81384,1,0,120,5,1,100.0,0,N,RURAL_VICTORIA,ROAD,7,16.0
81385,1,1,130,5,5,100.0,0,N,RURAL_VICTORIA,ROAD,7,17.0
81386,2,1,99,5,5,60.0,0,N,LARGE_PROVINCIAL_CITIES,ROAD,7,18.0
81387,2,1,100,2,3,50.0,0,I,MELB_URBAN,STREET,7,18.0
81388,1,1,130,1,3,60.0,0,I,MELB_URBAN,STREET,7,18.0
81389,4,1,171,5,4,50.0,0,N,MELB_URBAN,STREET,7,20.0
81390,2,1,102,5,3,40.0,0,N,MELB_URBAN,DRIVE,7,18.0
81391,1,2,99,1,3,60.0,0,I,MELB_URBAN,ROAD,7,0.0
81392,2,1,99,6,3,50.0,0,N,MELB_URBAN,ROAD,7,21.0
81393,4,2,171,5,3,80.0,0,N,MELB_URBAN,ROAD,7,3.0
81394,4,2,173,5,3,70.0,0,N,MELB_URBAN,ROAD,7,6.0
81395,1,2,130,5,1,50.0,0,N,SMALL_CITIES,AVENUE,7,8.0
81396,1,7,113,2,1,70.0,0,I,LARGE_PROVINCIAL_CITIES,STREET,7,12.0
81397,1,2,110,1,1,50.0,0,I,MELB_URBAN,STREET,7,9.0
81398,1,2,134,1,1,40.0,0,I,MELBOURNE_CBD,STREET,7,9.0
81399,1,1,130,1,1,80.0,0,I,MELB_URBAN,HIGHWAY,7,9.0
81400,1,1,130,5,1,40.0,0,N,SMALL_CITIES,ROAD,7,8.0
81401,1,1,110,1,1,50.0,0,I,MELB_URBAN,STREET,7,8.0
81402,1,2,110,1,1,60.0,0,I,SMALL_CITIES,PARADE,7,11.0
81403,1,0,130,1,3,50.0,0,I,SMALL_CITIES,STREET,7,17.0
81404,1,6,111,1,1,60.0,0,I,MELB_URBAN,ROAD,7,12.0
81405,1,1,130,5,1,60.0,0,N,MELB_URBAN,ROAD,7,8.0
81406,1,2,133,2,9,60.0,0,I,MELB_URBAN,STREET,7,9.0
81407,4,2,171,5,1,60.0,0,N,SMALL_CITIES,ROAD,7,7.0
81408,6,2,174,1,1,50.0,0,I,MELB_URBAN,ROAD,7,13.0
81409,1,2,99,1,1,60.0,0,I,MELB_URBAN,ROAD,6,10.0
81410,1,1,110,1,1,60.0,0,I,MELB_URBAN,ROAD,7,16.0
81411,1,2,147,5,1,50.0,0,N,MELB_URBAN,ROAD,7,13.0
81412,2,2,102,1,1,60.0,0,I,MELB_URBAN,ROAD,7,16.0
81413,1,2,120,5,1,60.0,0,N,TOWNS,ROAD,7,14.0
81414,1,1,130,1,2,60.0,0,I,LARGE_PROVINCIAL_CITIES,HIGHWAY,7,17.0
81415,1,1,135,5,1,60.0,0,N,MELB_URBAN,ROAD,7,8.0
81416,1,1,130,2,2,70.0,0,N,MELB_URBAN,HIGHWAY,7,17.0
81417,1,2,160,5,3,50.0,0,N,MELB_URBAN,STREET,7,18.0
81418,1,2,99,5,1,100.0,1,N,RURAL_VICTORIA,ROAD,7,17.0
81419,1,6,130,1,3,60.0,0,N,MELB_URBAN,STREET,6,21.0
81420,1,2,99,5,2,100.0,0,N,RURAL_VICTORIA,ROAD,7,17.0
81421,1,1,121,2,1,80.0,0,I,RURAL_VICTORIA,ROAD,7,16.0
81422,1,2,99,2,9,60.0,0,I,MELB_URBAN,STREET,7,17.0
81423,2,2,102,5,1,50.0,0,N,MELB_URBAN,OTHER,7,15.0
81424,1,2,160,5,3,50.0,0,N,MELB_URBAN,ROAD,7,21.0
81425,8,2,99,5,3,100.0,0,N,RURAL_VICTORIA,HIGHWAY,7,21.0
81426,1,2,121,1,9,60.0,0,I,MELB_URBAN,ROAD,7,18.0
81427,1,2,121,1,3,60.0,0,I,MELB_URBAN,ROAD,7,5.0
81428,2,2,100,5,3,60.0,0,N,MELB_URBAN,ROAD,7,18.0
81429,1,1,135,2,6,60.0,0,I,MELB_URBAN,STREET,7,21.0
81430,1,4,130,5,1,60.0,0,N,MELB_URBAN,ROAD,6,17.0
81431,1,3,120,5,1,70.0,0,N,MELB_URBAN,ROAD,7,8.0
81432,1,3,130,5,1,40.0,0,N,SMALL_CITIES,STREET,7,8.0
81433,1,2,130,2,1,50.0,0,I,SMALL_CITIES,AVENUE,7,9.0
81434,1,6,130,5,1,60.0,0,N,MELB_URBAN,ROAD,7,14.0
81435,1,3,121,1,6,60.0,0,I,MELB_URBAN,STREET,7,6.0
81436,1,5,111,4,9,60.0,0,I,MELB_URBAN,ROAD,6,9.0
81437,1,3,121,1,1,60.0,0,I,SMALL_CITIES,STREET,7,9.0
81438,1,3,133,5,1,40.0,0,N,MELB_URBAN,STREET,7,11.0
81439,1,3,147,5,1,50.0,0,I,MELB_URBAN,ROAD,7,10.0
81440,1,3,99,2,1,40.0,0,I,MELB_URBAN,STREET,7,8.0
81441,1,2,110,1,1,50.0,0,I,LARGE_PROVINCIAL_CITIES,STREET,7,13.0
81442,1,3,110,1,1,60.0,0,I,MELB_URBAN,STREET,7,12.0
81443,4,2,183,5,1,60.0,0,N,MELB_URBAN,ROAD,7,16.0
81444,1,3,130,5,1,70.0,0,N,MELB_URBAN,ROAD,7,8.0
81445,1,3,121,1,1,50.0,0,I,MELB_URBAN,DRIVE,7,8.0
81446,1,1,110,1,1,50.0,0,I,LARGE_PROVINCIAL_CITIES,STREET,7,15.0
81447,4,3,183,5,1,80.0,0,N,RURAL_VICTORIA,ROAD,7,13.0
81448,6,2,174,2,9,50.0,0,I,MELB_URBAN,DRIVE,7,21.0
81449,1,2,130,1,1,50.0,0,I,MELB_URBAN,STREET,7,14.0
81450,1,2,110,1,1,50.0,0,I,SMALL_CITIES,STREET,7,16.0
81451,2,3,100,1,1,50.0,0,I,SMALL_CITIES,STREET,7,17.0
81452,1,2,130,4,1,60.0,0,I,MELB_URBAN,RAMP,7,15.0
81453,2,2,100,2,6,50.0,0,I,MELB_URBAN,ROAD,7,6.0
81454,1,3,130,2,1,80.0,0,I,RURAL_VICTORIA,ROAD,7,15.0
81455,2,3,99,5,2,40.0,0,N,MELB_URBAN,AVENUE,7,17.0
81456,1,6,130,1,9,80.0,0,N,MELB_URBAN,ROAD,11,15.0
81457,6,3,99,5,5,80.0,0,N,RURAL_VICTORIA,ROAD,7,18.0
81458,1,2,99,2,2,80.0,0,I,MELB_URBAN,HIGHWAY,7,18.0
81459,2,3,99,2,3,60.0,0,N,MELB_URBAN,HIGHWAY,7,20.0
81460,1,3,99,5,3,70.0,0,N,MELB_URBAN,ROAD,7,20.0
81461,2,3,99,5,1,50.0,0,N,MELB_URBAN,STREET,7,12.0
81462,1,4,130,5,2,60.0,0,N,TOWNS,HIGHWAY,7,7.0
81463,5,4,99,5,2,100.0,0,N,MELB_URBAN,FREEWAY,7,7.0
81464,8,4,99,5,2,100.0,0,N,RURAL_VICTORIA,FREEWAY,7,6.0
81465,4,4,181,5,1,100.0,0,N,RURAL_VICTORIA,ROAD,7,10.0
81466,4,5,183,5,2,100.0,0,N,RURAL_VICTORIA,ROAD,7,17.0
81467,1,3,130,5,1,110.0,0,N,SMALL_TOWNS,FREEWAY,7,17.0
81468,1,2,130,5,3,100.0,0,N,MELB_URBAN,FREEWAY,7,18.0
81469,1,4,110,1,3,50.0,0,N,TOWNS,STREET,7,6.0
81470,4,3,181,5,1,80.0,0,N,RURAL_VICTORIA,ROAD,7,9.0
81471,1,4,130,2,1,40.0,0,I,MELBOURNE_CBD,STREET,7,11.0
81472,1,3,147,2,3,70.0,0,I,MELB_URBAN,HIGHWAY,7,21.0
81473,1,6,110,1,1,60.0,0,I,MELB_URBAN,STREET,7,8.0
81474,1,3,130,5,2,80.0,0,N,MELB_URBAN,OTHER,7,17.0
81475,2,3,100,2,1,60.0,0,I,MELB_URBAN,ROAD,7,15.0
81476,2,4,99,5,1,60.0,0,N,MELB_URBAN,PARADE,7,12.0
81477,1,4,160,5,5,60.0,0,N,MELB_URBAN,DRIVE,7,5.0
81478,2,4,100,2,1,50.0,0,N,MELB_URBAN,ROAD,7,12.0
81479,1,4,110,1,1,60.0,0,I,RURAL_VICTORIA,AVENUE,7,13.0
81480,1,5,99,5,1,110.0,0,N,RURAL_VICTORIA,FREEWAY,7,15.0
81481,1,3,121,2,1,60.0,0,I,MELB_URBAN,ROAD,7,15.0
81482,1,4,121,2,1,50.0,0,I,LARGE_PROVINCIAL_CITIES,OTHER,7,16.0
81483,1,4,110,1,1,50.0,0,I,MELB_URBAN,STREET,7,16.0
81484,1,4,130,5,2,100.0,0,N,MELB_URBAN,FREEWAY,7,16.0
81485,8,4,184,2,1,80.0,0,I,RURAL_VICTORIA,ROAD,7,15.0
81486,6,4,99,5,1,100.0,0,N,RURAL_VICTORIA,ROAD,7,15.0
81487,2,4,100,1,3,30.0,0,I,MELB_URBAN,STREET,7,17.0
81488,1,3,110,1,2,50.0,0,I,MELB_URBAN,AVENUE,7,17.0
81489,8,7,174,5,1,60.0,0,N,RURAL_VICTORIA,OTHER,7,11.0
81490,1,3,121,2,3,80.0,0,N,MELB_URBAN,ROAD,7,17.0
81491,1,3,130,1,1,60.0,0,I,MELB_URBAN,HIGHWAY,7,15.0
81492,4,4,99,2,3,60.0,0,I,TOWNS,STREET,7,23.0
81493,4,2,99,2,3,50.0,0,I,MELB_URBAN,ROAD,6,5.0
81494,4,4,171,4,1,80.0,0,N,RURAL_VICTORIA,ROAD,7,14.0
81495,2,3,99,2,1,50.0,0,I,LARGE_PROVINCIAL_CITIES,AVENUE,7,8.0
81496,1,5,99,2,1,40.0,0,I,MELB_URBAN,OTHER,7,8.0
81497,1,5,120,5,3,100.0,0,N,RURAL_VICTORIA,HIGHWAY,7,6.0
81498,2,5,99,2,1,50.0,0,I,MELB_URBAN,AVENUE,7,8.0
81499,1,4,99,1,3,60.0,0,I,MELB_URBAN,STREET,7,19.0
81500,1,4,130,5,1,60.0,0,N,MELB_URBAN,HIGHWAY,7,12.0
81501,2,4,99,5,1,60.0,0,N,TOWNS,ROAD,7,16.0
81502,1,5,140,5,1,50.0,0,N,MELB_URBAN,STREET,7,9.0
81503,1,5,130,5,1,70.0,0,N,MELB_URBAN,DRIVE,7,11.0
81504,1,6,99,1,1,60.0,0,I,MELB_URBAN,STREET,7,8.0
81505,4,1,99,2,5,80.0,0,I,RURAL_VICTORIA,ROAD,7,23.0
81506,1,5,130,2,1,40.0,0,I,LARGE_PROVINCIAL_CITIES,STREET,7,8.0
81507,1,4,130,2,1,60.0,0,I,MELB_URBAN,ROAD,7,9.0
81508,4,5,171,5,1,70.0,0,N,MELB_URBAN,ROAD,7,12.0
81509,1,5,140,5,1,70.0,0,N,MELB_URBAN,ROAD,7,13.0
81510,4,5,173,5,1,60.0,0,N,SMALL_CITIES,ROAD,7,9.0
81511,1,3,99,2,1,100.0,0,I,RURAL_VICTORIA,ROAD,7,9.0
81512,6,5,99,2,1,100.0,0,I,RURAL_VICTORIA,ROAD,7,13.0
81513,1,5,130,1,1,60.0,0,I,MELB_URBAN,ROAD,7,13.0
81514,1,2,99,2,1,40.0,0,I,MELB_URBAN,STREET,7,13.0
81515,1,6,163,5,1,40.0,0,N,MELB_URBAN,STREET,7,12.0
81516,1,5,130,5,1,80.0,0,N,MELB_URBAN,FREEWAY,7,8.0
81517,1,5,120,5,1,60.0,0,N,MELB_URBAN,ROAD,7,13.0
81518,1,4,160,5,1,60.0,0,N,MELB_URBAN,ROAD,7,8.0
81519,1,3,99,5,1,50.0,0,N,LARGE_PROVINCIAL_CITIES,BOULEVARD,7,16.0
81520,6,5,174,2,1,50.0,0,I,MELB_URBAN,AVENUE,7,15.0
81521,2,1,99,1,3,60.0,0,I,LARGE_PROVINCIAL_CITIES,STREET,7,2.0
81522,1,4,130,5,3,70.0,0,N,MELB_URBAN,HIGHWAY,7,17.0
81523,1,5,147,5,3,50.0,0,N,TOWNS,HIGHWAY,7,18.0
81524,1,5,121,1,3,60.0,0,I,MELB_URBAN,ROAD,7,19.0
81525,1,4,99,5,3,50.0,0,N,TOWNS,STREET,7,20.0
81526,2,5,100,1,3,80.0,0,I,MELB_URBAN,ROAD,7,21.0
81527,1,5,121,2,1,60.0,0,I,MELB_URBAN,BOULEVARD,7,15.0
81528,1,5,121,1,3,40.0,0,I,MELB_URBAN,ROAD,7,20.0
81529,2,5,99,5,3,80.0,0,N,MELB_URBAN,ROAD,7,19.0
81530,1,5,116,2,3,60.0,0,I,LARGE_PROVINCIAL_CITIES,STREET,7,19.0
81531,1,5,160,5,3,60.0,0,N,MELB_URBAN,ROAD,7,22.0
81532,4,4,173,5,3,60.0,0,N,RURAL_VICTORIA,DRIVE,7,22.0
81533,4,3,171,1,3,80.0,0,I,MELB_URBAN,HIGHWAY,7,18.0
81534,1,4,130,5,2,60.0,0,N,MELB_URBAN,ROAD,7,17.0
81535,2,5,100,5,3,80.0,0,N,MELB_URBAN,ROAD,7,23.0
81536,4,5,171,5,5,60.0,0,N,MELB_URBAN,ROAD,7,21.0
81537,6,5,99,5,5,100.0,0,N,RURAL_VICTORIA,UNKNOWN,7,4.0
81538,4,5,181,5,3,50.0,0,N,SMALL_CITIES,STREET,7,3.0
81539,1,6,113,1,1,70.0,0,I,MELB_URBAN,ROAD,7,7.0
81540,1,6,140,2,3,60.0,0,I,MELB_URBAN,ROAD,7,6.0
81541,7,2,99,5,1,100.0,0,N,RURAL_VICTORIA,STREET,6,12.0
81542,1,4,140,5,3,60.0,0,N,MELB_URBAN,ROAD,7,21.0
81543,1,6,120,5,1,40.0,0,N,MELB_URBAN,STREET,7,9.0
81544,1,5,130,5,1,80.0,0,N,MELB_URBAN,HIGHWAY,7,9.0
81545,3,6,167,5,1,30.0,0,N,RURAL_VICTORIA,ROAD,7,9.0
81546,1,6,120,2,1,60.0,0,I,MELB_URBAN,ROAD,7,11.0
81547,2,3,102,5,1,40.0,0,N,MELB_URBAN,OTHER,7,15.0
81548,2,6,102,1,9,60.0,0,I,MELB_URBAN,ROAD,7,8.0
81549,1,3,121,2,1,60.0,0,I,MELB_URBAN,ROAD,7,15.0
81550,1,6,147,5,1,60.0,0,N,SMALL_CITIES,ROAD,7,11.0
81551,1,6,113,2,1,60.0,0,I,MELB_URBAN,ROAD,7,12.0
81552,1,6,99,2,1,40.0,0,I,MELB_URBAN,STREET,7,12.0
81553,1,6,130,5,1,100.0,0,N,MELB_URBAN,FREEWAY,7,6.0
81554,1,6,133,1,1,60.0,0,I,MELB_URBAN,ROAD,7,13.0
81555,1,6,120,5,1,80.0,0,N,RURAL_VICTORIA,HIGHWAY,7,12.0
81556,2,5,100,2,1,60.0,0,I,MELB_URBAN,OTHER,7,14.0
81557,1,5,132,5,1,60.0,0,N,MELB_URBAN,ROAD,7,12.0
81558,4,5,173,5,1,60.0,0,N,RURAL_VICTORIA,STREET,7,13.0
81559,4,5,173,5,3,50.0,0,N,SMALL_CITIES,AVENUE,7,19.0
81560,2,6,102,5,1,40.0,0,N,MELB_URBAN,ROAD,7,12.0
81561,1,6,113,2,1,60.0,0,I,MELB_URBAN,ROAD,7,13.0
81562,1,6,110,1,1,90.0,0,I,RURAL_VICTORIA,ROAD,7,15.0
81563,1,5,130,5,1,80.0,0,N,MELB_URBAN,FREEWAY,7,14.0
81564,1,6,135,2,1,60.0,0,I,MELB_URBAN,STREET,7,9.0
81565,1,5,121,1,2,60.0,0,I,SMALL_CITIES,ROAD,7,17.0
81566,2,2,100,1,9,50.0,0,I,MELB_URBAN,STREET,7,18.0
81567,1,6,99,5,1,60.0,0,N,MELB_URBAN,ROAD,7,16.0
81568,4,6,181,2,5,100.0,0,I,RURAL_VICTORIA,ROAD,7,18.0
81569,4,6,171,1,5,100.0,0,I,RURAL_VICTORIA,HIGHWAY,7,19.0
81570,1,6,121,1,3,50.0,0,I,LARGE_PROVINCIAL_CITIES,STREET,7,18.0
81571,1,6,130,5,5,100.0,0,N,RURAL_VICTORIA,OTHER,7,20.0
81572,6,6,99,5,3,80.0,0,N,MELB_URBAN,HIGHWAY,7,22.0
81573,1,6,99,5,3,60.0,0,N,MELB_URBAN,ROAD,7,18.0
81574,2,6,102,5,3,80.0,0,N,MELB_URBAN,HIGHWAY,7,20.0
81575,1,6,130,5,1,100.0,0,I,MELB_URBAN,HIGHWAY,7,15.0
81576,4,6,99,5,6,80.0,0,N,RURAL_VICTORIA,ROAD,7,21.0
81577,1,4,121,5,3,80.0,0,N,MELB_URBAN,ROAD,7,21.0
81578,2,6,99,2,3,60.0,0,I,MELB_URBAN,STREET,7,19.0
81579,1,7,135,5,1,30.0,0,N,MELB_URBAN,ROAD,3,18.0
81580,4,6,173,5,1,50.0,0,N,MELB_URBAN,ROAD,7,8.0
81581,1,5,130,2,1,40.0,0,N,LARGE_PROVINCIAL_CITIES,ROAD,7,16.0
81582,1,7,130,2,1,80.0,0,I,MELB_URBAN,HIGHWAY,7,12.0
81583,1,7,134,5,1,100.0,0,N,MELB_URBAN,FREEWAY,7,12.0
81584,1,7,120,5,1,100.0,0,N,RURAL_VICTORIA,ROAD,7,11.0
81585,1,7,110,1,1,60.0,0,I,MELB_URBAN,ROAD,7,13.0
81586,1,6,121,2,1,80.0,0,I,MELB_URBAN,ROAD,7,12.0
81587,1,7,140,5,1,80.0,0,N,MELB_URBAN,HIGHWAY,7,13.0
81588,4,7,171,5,1,100.0,0,N,RURAL_VICTORIA,ROAD,7,12.0
81589,1,7,133,2,1,60.0,0,I,MELB_URBAN,ROAD,7,11.0
81590,2,7,102,5,1,50.0,0,N,MELB_URBAN,STREET,7,11.0
81591,1,6,147,5,1,50.0,0,N,MELB_URBAN,DRIVE,7,8.0
81592,1,6,121,5,1,70.0,0,N,MELB_URBAN,STREET,7,16.0
81593,2,2,99,5,1,50.0,0,N,SMALL_TOWNS,ROAD,7,14.0
81594,1,7,130,2,1,80.0,0,I,MELB_URBAN,ROAD,7,12.0
81595,1,7,130,1,2,60.0,0,I,MELB_URBAN,ROAD,7,16.0
81596,1,7,134,5,1,100.0,0,N,MELB_URBAN,FREEWAY,7,13.0
81597,2,7,99,5,9,60.0,0,N,MELB_URBAN,STREET,7,17.0
81598,1,7,99,2,2,80.0,0,I,MELB_URBAN,ROAD,7,17.0
81599,1,7,130,2,6,70.0,0,I,MELB_URBAN,STREET,7,18.0
81600,3,7,167,5,5,100.0,0,N,RURAL_VICTORIA,ROAD,7,3.0
81601,4,1,183,5,3,60.0,0,N,MELB_URBAN,ROAD,7,2.0
81602,1,1,121,5,1,40.0,0,N,MELB_URBAN,ROAD,7,9.0
81603,6,5,174,1,1,50.0,0,I,MELB_URBAN,STREET,7,8.0
81604,1,1,121,1,2,50.0,0,I,LARGE_PROVINCIAL_CITIES,STREET,7,7.0
81605,1,7,130,5,1,60.0,0,N,MELB_URBAN,STREET,7,16.0
81606,8,1,174,5,1,60.0,0,N,MELB_URBAN,ROAD,7,11.0
81607,1,6,120,5,1,50.0,0,N,SMALL_CITIES,DRIVE,7,10.0
81608,2,1,100,5,1,50.0,0,N,MELB_URBAN,ROAD,7,11.0
81609,1,6,99,1,1,60.0,0,I,MELB_URBAN,ROAD,6,11.0
81610,1,1,160,5,1,50.0,0,N,RURAL_VICTORIA,OTHER,7,12.0
81611,1,0,99,2,1,50.0,0,I,MELB_URBAN,OTHER,7,13.0
81612,1,3,99,1,1,60.0,0,I,MELB_URBAN,ROAD,7,8.0
81613,2,7,100,2,3,60.0,0,I,MELB_URBAN,ROAD,7,22.0
81614,1,1,113,4,1,80.0,0,I,MELB_URBAN,HIGHWAY,7,13.0
81615,1,0,113,2,1,60.0,0,I,MELB_URBAN,ROAD,7,11.0
81616,1,1,130,2,1,70.0,0,I,LARGE_PROVINCIAL_CITIES,STREET,7,12.0
81617,2,1,99,5,1,100.0,0,N,RURAL_VICTORIA,ROAD,7,12.0
81618,2,1,102,1,1,50.0,0,I,LARGE_PROVINCIAL_CITIES,STREET,7,16.0
81619,1,1,120,5,2,60.0,0,N,MELB_URBAN,ROAD,7,17.0
81620,1,0,132,1,1,100.0,0,I,RURAL_VICTORIA,HIGHWAY,7,15.0
81621,2,1,99,5,3,60.0,0,N,MELB_URBAN,ROAD,7,18.0
81622,1,0,120,5,3,80.0,0,N,MELB_URBAN,OTHER,7,19.0
81623,1,1,110,1,1,50.0,0,I,SMALL_CITIES,STREET,7,17.0
81624,2,0,99,5,1,40.0,0,N,SMALL_CITIES,DRIVE,7,15.0
81625,1,1,121,2,3,60.0,0,I,MELB_URBAN,ROAD,7,18.0
81626,1,5,99,2,1,50.0,0,N,SMALL_TOWNS,ROAD,7,8.0
81627,1,1,130,5,3,60.0,0,N,MELB_URBAN,HIGHWAY,7,19.0
81628,1,5,121,5,1,60.0,0,N,MELB_URBAN,STREET,7,12.0
81629,1,2,135,5,3,100.0,0,N,MELB_URBAN,RAMP,7,5.0
81630,1,2,130,5,3,100.0,0,N,MELB_URBAN,UNKNOWN,7,6.0
81631,1,1,99,2,2,40.0,0,I,MELB_URBAN,STREET,7,17.0
81632,1,1,121,1,1,40.0,0,I,MELB_URBAN,STREET,7,7.0
81633,1,2,99,5,1,50.0,0,N,MELB_URBAN,STREET,7,9.0
81634,1,2,130,2,1,60.0,0,I,MELB_URBAN,ROAD,7,7.0
81635,1,2,130,5,1,100.0,0,N,MELB_URBAN,FREEWAY,7,8.0
81636,1,2,130,1,1,80.0,0,N,MELB_URBAN,ROAD,7,9.0
81637,1,7,120,2,1,70.0,0,I,MELB_URBAN,DRIVE,7,15.0
81638,3,2,167,5,2,100.0,0,N,RURAL_VICTORIA,ROAD,7,7.0
81639,2,1,100,1,3,60.0,0,I,MELB_URBAN,STREET,7,18.0
81640,2,1,100,5,1,60.0,0,N,MELB_URBAN,ROAD,7,7.0
81641,8,6,174,5,1,40.0,0,N,MELB_URBAN,ROAD,7,13.0
81642,4,2,173,5,1,60.0,0,N,LARGE_PROVINCIAL_CITIES,ROAD,7,10.0
81643,6,1,174,5,1,50.0,0,N,MELB_URBAN,STREET,7,10.0
81644,1,2,140,2,1,60.0,0,I,MELB_URBAN,ROAD,7,11.0
81645,1,2,111,2,1,60.0,0,I,MELB_URBAN,AVENUE,7,12.0
81646,8,2,170,5,3,50.0,0,N,MELB_URBAN,STREET,7,6.0
81647,4,1,171,5,1,60.0,0,N,MELB_URBAN,HIGHWAY,7,15.0
81648,1,2,132,2,1,60.0,0,I,LARGE_PROVINCIAL_CITIES,ROAD,7,12.0
81649,1,2,121,2,1,60.0,0,I,MELB_URBAN,STREET,7,13.0
81650,1,2,99,2,1,50.0,0,N,MELB_URBAN,BOULEVARD,7,12.0
81651,1,7,130,1,1,60.0,0,I,MELB_URBAN,ROAD,7,13.0
81652,1,2,121,1,1,80.0,0,I,MELB_URBAN,ROAD,7,13.0
81653,4,1,183,5,5,60.0,0,N,RURAL_VICTORIA,ROAD,7,20.0
81654,1,2,140,5,1,50.0,0,N,MELB_URBAN,BOULEVARD,7,15.0
81655,1,6,113,2,5,100.0,0,I,RURAL_VICTORIA,HIGHWAY,7,21.0