,accident_type,day_of_week,dca_code,road_geometry,light_condition,speed_zone,severity,node_type,deg_urban_name,road_type,month,hour
81656,6,2,99,4,1,70.0,0,I,MELB_URBAN,ROAD,7,13.0
81657,1,2,99,5,1,60.0,0,N,MELB_URBAN,ROAD,7,16.0
81658,8,5,174,5,3,40.0,0,N,MELB_URBAN,ROAD,6,18.0
81659,1,6,130,1,1,60.0,0,I,RURAL_VICTORIA,DRIVE,7,15.0
81660,1,2,121,2,1,60.0,0,I,SMALL_CITIES,ROAD,7,15.0
81661,1,2,99,1,1,60.0,0,I,MELB_URBAN,ROAD,7,16.0
81662,4,1,181,5,1,100.0,0,N,RURAL_VICTORIA,ROAD,7,7.0
81663,1,5,121,1,3,60.0,0,I,MELB_URBAN,ROAD,7,19.0
81664,8,2,174,5,3,60.0,0,N,MELB_URBAN,STREET,7,18.0
81665,1,2,110,1,1,50.0,0,I,MELB_URBAN,STREET,7,16.0
81666,1,2,121,2,1,60.0,0,I,MELB_URBAN,STREET,7,16.0
81667,4,2,173,1,3,60.0,0,I,MELB_URBAN,ROAD,7,18.0
81668,1,2,113,1,3,60.0,0,I,MELB_URBAN,ROAD,7,18.0
81669,1,1,130,1,3,60.0,0,I,MELB_URBAN,STREET,7,18.0
81670,1,2,120,5,1,60.0,0,N,MELB_URBAN,ROAD,7,16.0
81671,1,6,99,5,1,60.0,0,N,MELB_URBAN,STREET,7,13.0
81672,2,2,99,5,3,50.0,0,N,MELB_URBAN,STREET,7,20.0
81673,1,1,130,5,1,60.0,0,N,MELB_URBAN,ROAD,7,15.0
81674,4,2,173,5,5,80.0,0,N,RURAL_VICTORIA,ROAD,7,19.0
81675,1,3,130,5,5,110.0,0,N,RURAL_VICTORIA,FREEWAY,8,0.0
81676,4,3,171,5,5,100.0,0,N,RURAL_VICTORIA,ROAD,8,0.0
81677,1,6,135,1,1,60.0,0,I,MELB_URBAN,STREET,7,12.0
81678,2,6,99,5,3,60.0,0,N,TOWNS,STREET,7,0.0
81679,3,3,167,5,2,100.0,0,N,RURAL_VICTORIA,ROAD,8,6.0
81680,1,3,130,1,1,50.0,0,I,TOWNS,HIGHWAY,8,9.0
81681,1,1,140,5,3,40.0,0,N,MELBOURNE_CBD,STREET,7,22.0
81682,1,2,110,1,1,40.0,0,I,MELB_URBAN,STREET,8,9.0
81683,2,3,102,2,1,50.0,0,I,MELB_URBAN,STREET,8,9.0
81684,1,3,110,1,1,100.0,0,I,RURAL_VICTORIA,HIGHWAY,8,8.0
81685,8,2,174,5,1,40.0,0,N,MELB_URBAN,STREET,7,15.0
81686,1,2,130,1,1,80.0,0,I,MELB_URBAN,ROAD,8,11.0
81687,1,3,99,5,1,50.0,0,N,MELB_URBAN,STREET,8,7.0
81688,4,3,173,5,1,100.0,0,N,RURAL_VICTORIA,ROAD,8,10.0
81689,1,3,130,5,1,60.0,0,N,MELB_URBAN,ROAD,8,7.0
81690,2,6,99,5,5,70.0,0,N,MELB_URBAN,ROAD,7,0.0
81691,1,3,130,5,1,40.0,0,N,TOWNS,STREET,8,7.0
81692,6,2,174,1,1,40.0,0,I,MELB_URBAN,ROAD,8,11.0
81693,1,3,140,5,1,50.0,0,N,MELB_URBAN,STREET,8,12.0
81694,2,3,102,2,1,50.0,0,I,MELB_URBAN,AVENUE,8,8.0
81695,6,2,170,2,1,50.0,0,I,MELB_URBAN,STREET,7,16.0
81696,1,7,130,5,1,60.0,0,I,MELB_URBAN,ROAD,7,17.0
81697,1,3,121,2,1,70.0,0,I,MELB_URBAN,STREET,8,11.0
81698,2,6,102,5,3,60.0,0,N,SMALL_TOWNS,ROAD,7,19.0
81699,4,2,99,1,1,60.0,0,I,TOWNS,STREET,8,16.0
81700,1,3,173,5,6,50.0,0,N,MELB_URBAN,ROAD,7,22.0
81701,1,3,99,2,2,50.0,0,I,MELB_URBAN,STREET,8,17.0
81702,1,3,130,5,3,70.0,0,N,MELB_URBAN,HIGHWAY,8,17.0
81703,4,7,171,5,1,100.0,0,N,RURAL_VICTORIA,HIGHWAY,7,7.0
81704,1,2,113,2,3,80.0,0,I,MELB_URBAN,ROAD,8,18.0
81705,1,3,130,5,2,60.0,0,N,MELB_URBAN,UNKNOWN,7,18.0
81706,2,2,100,5,1,50.0,0,N,MELB_URBAN,STREET,8,16.0
81707,1,6,140,5,1,60.0,0,N,MELB_URBAN,ROAD,11,17.0
81708,6,1,174,5,1,60.0,0,N,RURAL_VICTORIA,ROAD,7,11.0
81709,2,3,102,1,3,80.0,0,I,MELB_URBAN,HIGHWAY,8,17.0
81710,2,3,100,1,3,60.0,0,I,MELB_URBAN,ROAD,8,21.0
81711,1,2,110,1,3,60.0,0,I,LARGE_PROVINCIAL_CITIES,ROAD,8,21.0
81712,1,3,120,2,3,60.0,0,I,MELB_URBAN,ROAD,8,0.0
81713,1,4,121,1,3,60.0,0,I,MELB_URBAN,STREET,8,5.0
81714,1,4,130,5,1,40.0,0,N,RURAL_VICTORIA,OTHER,8,8.0
81715,1,4,120,5,5,100.0,0,N,RURAL_VICTORIA,ROAD,8,6.0
81716,1,3,110,1,5,60.0,0,I,MELB_URBAN,AVENUE,8,20.0
81717,1,3,160,2,1,50.0,0,I,LARGE_PROVINCIAL_CITIES,DRIVE,8,8.0
81718,2,1,99,5,1,50.0,0,N,LARGE_PROVINCIAL_CITIES,STREET,7,14.0
81719,1,4,130,2,1,80.0,0,N,MELB_URBAN,HIGHWAY,8,7.0
81720,1,3,99,5,1,50.0,0,N,MELB_URBAN,STREET,8,7.0
81721,1,4,116,2,1,60.0,0,I,LARGE_PROVINCIAL_CITIES,STREET,8,10.0
81722,1,4,134,5,1,60.0,0,N,MELB_URBAN,ROAD,8,10.0
81723,2,6,102,2,6,50.0,0,N,SMALL_CITIES,STREET,7,18.0
81724,8,3,174,5,6,60.0,0,N,MELB_URBAN,ROAD,8,19.0
81725,1,4,110,1,1,80.0,0,I,MELB_URBAN,ROAD,8,11.0
81726,1,4,147,2,1,60.0,0,I,MELB_URBAN,ROAD,8,13.0
81727,2,4,100,1,1,70.0,0,I,MELB_URBAN,ROAD,8,12.0
81728,1,4,110,1,1,60.0,0,I,SMALL_CITIES,STREET,8,12.0
81729,1,4,113,2,1,60.0,0,N,MELB_URBAN,ROAD,8,14.0
81730,1,4,99,5,1,100.0,0,N,RURAL_VICTORIA,HIGHWAY,8,10.0
81731,2,7,99,5,1,60.0,0,N,MELB_URBAN,ROAD,7,10.0
81732,1,3,134,1,2,80.0,0,I,MELB_URBAN,ROAD,8,16.0
81733,4,4,181,5,1,100.0,0,N,RURAL_VICTORIA,ROAD,8,15.0
81734,1,3,110,1,2,60.0,0,I,RURAL_VICTORIA,ROAD,8,17.0
81735,1,4,130,5,1,60.0,0,N,MELBOURNE_CBD,STREET,8,14.0
81736,1,4,121,5,3,50.0,0,N,MELB_URBAN,STREET,8,18.0
81737,1,3,140,5,1,40.0,0,N,MELB_URBAN,ROAD,8,16.0
81738,1,4,160,5,1,60.0,0,N,MELB_URBAN,STREET,8,15.0
81739,1,3,171,5,5,50.0,0,N,MELB_URBAN,ROAD,8,18.0
81740,1,4,121,1,3,70.0,0,N,MELB_URBAN,ROAD,8,20.0
81741,1,4,134,5,3,40.0,0,N,MELBOURNE_CBD,STREET,8,19.0
81742,1,4,113,2,1,60.0,0,I,MELB_URBAN,ROAD,8,16.0
81743,1,4,130,5,2,80.0,0,N,MELB_URBAN,ROAD,8,16.0
81744,1,3,110,1,1,60.0,0,I,TOWNS,STREET,8,14.0
81745,1,4,121,1,1,60.0,0,I,MELB_URBAN,OTHER,8,7.0
81746,1,5,140,5,5,100.0,0,N,RURAL_VICTORIA,HIGHWAY,8,6.0
81747,1,3,130,5,1,70.0,0,N,MELB_URBAN,ROAD,8,16.0
81748,1,4,121,1,6,40.0,0,I,MELB_URBAN,STREET,7,19.0
81749,4,5,183,5,2,80.0,0,N,RURAL_VICTORIA,HIGHWAY,8,7.0
81750,2,5,99,5,1,60.0,0,N,MELB_URBAN,OTHER,6,9.0
81751,1,5,130,5,1,100.0,0,N,MELB_URBAN,FREEWAY,8,8.0
81752,1,5,121,1,3,70.0,0,I,MELB_URBAN,ROAD,8,6.0
81753,1,5,99,2,1,40.0,0,N,MELBOURNE_CBD,STREET,8,8.0
81754,2,5,102,1,1,60.0,0,I,MELB_URBAN,ROAD,8,12.0
81755,1,5,121,1,1,50.0,0,I,TOWNS,STREET,8,11.0
81756,2,6,100,2,3,60.0,0,N,MELB_URBAN,PARADE,7,19.0
81757,1,5,110,1,1,60.0,0,N,LARGE_PROVINCIAL_CITIES,ROAD,8,9.0
81758,4,5,171,5,1,100.0,0,N,RURAL_VICTORIA,ROAD,8,8.0
81759,1,5,110,1,1,60.0,0,I,MELB_URBAN,ROAD,8,7.0
81760,2,4,100,1,1,80.0,0,I,MELB_URBAN,ROAD,8,15.0
81761,1,4,121,1,3,40.0,0,I,MELB_URBAN,HIGHWAY,8,18.0
81762,1,6,99,2,3,60.0,0,I,MELB_URBAN,ROAD,7,5.0
81763,4,4,183,5,1,70.0,0,N,RURAL_VICTORIA,ROAD,8,15.0
81764,4,4,171,5,5,100.0,0,N,RURAL_VICTORIA,ROAD,8,22.0
81765,1,4,130,5,1,60.0,0,N,MELB_URBAN,ROAD,8,15.0
81766,1,5,99,1,1,60.0,0,I,MELB_URBAN,OTHER,7,10.0
81767,1,5,110,1,1,100.0,0,I,RURAL_VICTORIA,ROAD,8,15.0
81768,4,4,171,5,2,110.0,0,N,RURAL_VICTORIA,FREEWAY,8,16.0
81769,1,5,132,5,2,60.0,0,N,MELB_URBAN,ROAD,8,17.0
81770,1,5,113,2,3,60.0,0,I,MELB_URBAN,ROAD,8,17.0
81771,1,5,130,5,1,60.0,0,N,MELB_URBAN,ROAD,7,9.0
81772,2,5,100,2,3,60.0,0,I,MELB_URBAN,ROAD,8,18.0
81773,2,5,100,1,3,40.0,0,I,MELBOURNE_CBD,STREET,8,18.0
81774,2,5,102,1,3,40.0,0,I,MELB_URBAN,STREET,8,17.0
81775,1,3,116,1,9,60.0,0,I,MELB_URBAN,STREET,8,8.0
81776,1,5,110,1,1,60.0,0,I,SMALL_CITIES,STREET,8,14.0
81777,4,5,181,5,3,80.0,0,N,RURAL_VICTORIA,ROAD,8,18.0
81778,1,4,121,4,2,60.0,0,I,MELB_URBAN,ROAD,8,17.0
81779,1,5,113,1,2,80.0,0,I,SMALL_CITIES,HIGHWAY,8,16.0
81780,1,5,121,5,3,60.0,0,I,MELB_URBAN,STREET,8,20.0
81781,4,5,181,5,5,60.0,0,N,MELB_URBAN,ROAD,8,18.0
81782,1,5,99,1,2,60.0,0,I,MELB_URBAN,STREET,8,17.0
81783,1,4,130,5,1,80.0,0,N,MELB_URBAN,PARADE,8,7.0
81784,1,3,163,5,6,60.0,0,N,MELB_URBAN,ROAD,8,18.0
81785,1,5,121,2,1,60.0,0,I,MELB_URBAN,ROAD,8,16.0
81786,2,5,100,5,5,80.0,0,N,MELB_URBAN,ROAD,8,20.0
81787,1,5,160,5,3,50.0,0,N,MELB_URBAN,ROAD,8,19.0
81788,2,5,102,1,3,40.0,0,I,MELB_URBAN,STREET,8,18.0
81789,4,5,181,5,3,80.0,0,N,MELB_URBAN,ROAD,8,20.0
81790,2,5,102,1,9,40.0,0,I,MELBOURNE_CBD,STREET,8,18.0
81791,1,6,121,1,1,70.0,0,I,MELB_URBAN,ROAD,7,14.0
81792,4,5,183,5,5,80.0,0,N,LARGE_PROVINCIAL_CITIES,HIGHWAY,8,0.0
81793,1,4,121,2,3,60.0,0,I,MELB_URBAN,ROAD,8,23.0
81794,4,5,171,5,3,80.0,0,N,RURAL_VICTORIA,ROAD,8,22.0
81795,1,5,130,1,1,80.0,0,I,MELB_URBAN,HIGHWAY,8,15.0
81796,1,6,110,1,1,60.0,0,I,LARGE_PROVINCIAL_CITIES,STREET,8,9.0
81797,1,1,130,5,1,60.0,0,N,MELB_URBAN,UNKNOWN,7,11.0
81798,1,6,99,2,1,70.0,0,I,MELB_URBAN,STREET,8,9.0
81799,1,6,140,2,1,60.0,0,I,LARGE_PROVINCIAL_CITIES,STREET,8,7.0
81800,1,5,160,5,1,50.0,0,N,TOWNS,DRIVE,7,9.0
81801,6,4,174,2,3,50.0,0,I,MELB_URBAN,STREET,8,21.0
81802,1,5,130,5,1,50.0,0,N,MELB_URBAN,ROAD,8,8.0
81803,1,6,130,5,1,60.0,0,N,MELB_URBAN,OTHER,8,9.0
81804,4,6,171,5,1,60.0,0,N,MELB_URBAN,ROAD,8,11.0
81805,4,6,171,5,1,100.0,0,N,RURAL_VICTORIA,HIGHWAY,8,8.0
81806,4,2,183,5,1,100.0,0,N,RURAL_VICTORIA,ROAD,3,11.0
81807,1,6,140,2,1,80.0,0,I,MELB_URBAN,HIGHWAY,8,14.0
81808,1,5,111,1,1,80.0,0,I,RURAL_VICTORIA,FREEWAY,8,15.0
81809,1,6,121,2,1,60.0,0,I,MELB_URBAN,STREET,8,16.0
81810,1,3,130,2,2,50.0,0,I,MELB_URBAN,OTHER,8,7.0
81811,8,6,174,1,1,100.0,0,N,RURAL_VICTORIA,ROAD,8,15.0
81812,6,6,174,2,1,60.0,0,I,MELB_URBAN,ROAD,8,14.0
81813,1,6,130,5,3,80.0,0,N,MELB_URBAN,ROAD,8,17.0
81814,2,6,99,5,3,60.0,0,N,LARGE_PROVINCIAL_CITIES,STREET,8,18.0
81815,1,6,111,2,3,60.0,0,I,MELB_URBAN,ROAD,8,18.0
81816,2,6,102,5,1,60.0,0,N,LARGE_PROVINCIAL_CITIES,ROAD,8,15.0
81817,1,6,121,2,3,60.0,0,I,MELB_URBAN,PARADE,8,20.0
81818,1,6,130,5,3,60.0,0,N,MELB_URBAN,HIGHWAY,8,18.0
81819,1,6,110,1,3,60.0,0,I,MELB_URBAN,ROAD,8,20.0
81820,2,6,100,5,3,60.0,0,N,MELB_URBAN,STREET,8,21.0
81821,4,6,171,5,5,100.0,0,N,RURAL_VICTORIA,ROAD,8,17.0
81822,1,6,130,5,3,80.0,0,N,RURAL_VICTORIA,ROAD,8,21.0
81823,8,5,174,5,3,50.0,0,N,MELB_URBAN,OTHER,8,21.0
81824,1,6,121,5,3,60.0,1,N,MELB_URBAN,ROAD,8,18.0
81825,1,6,140,4,3,60.0,0,I,LARGE_PROVINCIAL_CITIES,ROAD,8,23.0
81826,2,7,99,5,3,70.0,0,N,LARGE_PROVINCIAL_CITIES,STREET,8,0.0
81827,1,6,132,4,5,40.0,0,I,SMALL_CITIES,OTHER,8,22.0
81828,4,6,171,1,3,80.0,0,I,RURAL_VICTORIA,ROAD,8,2.0
81829,1,6,110,1,3,70.0,0,I,MELB_URBAN,ROAD,8,5.0
81830,1,2,130,2,1,40.0,0,N,MELB_URBAN,UNKNOWN,8,12.0
81831,1,7,121,1,3,60.0,0,I,MELB_URBAN,PARADE,8,6.0
81832,1,6,130,5,1,70.0,0,N,LARGE_PROVINCIAL_CITIES,ROAD,8,8.0
81833,4,7,99,2,5,100.0,0,N,RURAL_VICTORIA,ROAD,8,5.0
81834,2,7,100,4,1,60.0,0,I,LARGE_PROVINCIAL_CITIES,ROAD,8,8.0
81835,1,7,121,4,1,80.0,0,I,MELB_URBAN,HIGHWAY,8,8.0
81836,2,6,100,5,1,40.0,0,N,MELBOURNE_CBD,STREET,8,9.0
81837,1,7,130,5,1,60.0,0,N,MELB_URBAN,STREET,8,12.0
81838,1,4,130,1,3,60.0,0,I,MELB_URBAN,ROAD,8,18.0
81839,1,7,99,5,1,60.0,0,N,MELB_URBAN,ROAD,8,10.0
81840,1,7,121,2,1,80.0,0,N,MELB_URBAN,DRIVE,8,13.0
81841,2,7,99,1,9,50.0,0,I,MELBOURNE_CBD,STREET,8,3.0
81842,1,7,121,1,1,60.0,0,I,MELB_URBAN,ROAD,8,10.0
81843,4,7,181,5,1,60.0,0,N,RURAL_VICTORIA,ROAD,8,9.0
81844,1,7,121,5,1,60.0,0,N,MELB_URBAN,ROAD,8,13.0
81845,1,4,163,5,1,50.0,0,N,SMALL_CITIES,HIGHWAY,7,16.0
81846,1,7,113,2,1,100.0,0,I,RURAL_VICTORIA,ROAD,8,15.0
81847,4,7,183,5,1,80.0,0,N,RURAL_VICTORIA,ROAD,8,9.0
81848,4,7,171,5,1,60.0,1,N,SMALL_CITIES,DRIVE,8,15.0
81849,4,7,171,2,2,60.0,0,I,MELB_URBAN,HIGHWAY,8,17.0
81850,1,7,130,5,3,100.0,0,N,MELB_URBAN,HIGHWAY,8,17.0
81851,1,7,111,1,3,80.0,0,I,MELB_URBAN,ROAD,8,19.0
81852,1,7,130,5,3,80.0,0,N,MELB_URBAN,ROAD,8,18.0
81853,1,6,110,1,3,50.0,0,I,MELB_URBAN,STREET,8,18.0
81854,4,7,181,5,5,100.0,0,N,RURAL_VICTORIA,ROAD,8,18.0
81855,4,6,99,1,1,50.0,0,I,SMALL_CITIES,STREET,8,16.0
81856,1,7,163,1,9,40.0,0,I,MELBOURNE_CBD,STREET,8,8.0
81857,1,7,110,1,3,80.0,0,N,MELB_URBAN,HIGHWAY,8,20.0
81858,1,7,121,4,5,50.0,0,I,SMALL_TOWNS,ROAD,8,19.0
81859,4,7,171,2,3,50.0,0,N,MELB_URBAN,UNKNOWN,8,21.0
81860,4,7,173,5,3,80.0,0,N,MELB_URBAN,ROAD,8,20.0
81861,1,7,113,2,3,60.0,0,I,MELB_URBAN,STREET,8,19.0
81862,4,7,171,5,5,100.0,1,N,RURAL_VICTORIA,ROAD,8,20.0
81863,1,2,130,2,1,60.0,0,I,TOWNS,HIGHWAY,7,7.0
81864,4,1,171,1,3,80.0,0,I,MELB_URBAN,ROAD,8,1.0
81865,1,1,120,2,3,60.0,0,N,MELB_URBAN,ROAD,8,2.0
81866,4,1,183,5,3,60.0,0,N,TOWNS,PARADE,8,1.0
81867,4,1,183,5,2,60.0,0,N,SMALL_CITIES,ROAD,8,7.0
81868,1,7,120,5,3,80.0,0,N,MELB_URBAN,BOULEVARD,8,20.0
81869,4,1,173,5,5,100.0,0,N,RURAL_VICTORIA,ROAD,8,6.0
81870,6,2,174,2,1,60.0,0,I,RURAL_VICTORIA,OTHER,6,14.0
81871,1,1,110,1,1,80.0,0,N,MELB_URBAN,ROAD,8,9.0
81872,1,1,113,2,1,80.0,0,I,MELB_URBAN,ROAD,8,11.0
81873,5,1,99,1,1,60.0,0,N,RURAL_VICTORIA,ROAD,8,10.0
81874,1,1,121,2,1,60.0,0,I,SMALL_CITIES,OTHER,8,11.0
81875,1,6,111,1,1,80.0,0,I,RURAL_VICTORIA,HIGHWAY,8,11.0
81876,1,6,110,1,3,60.0,0,I,SMALL_CITIES,STREET,8,20.0
81877,4,1,173,5,1,100.0,0,N,RURAL_VICTORIA,ROAD,8,11.0
81878,2,1,100,2,1,60.0,0,I,MELB_URBAN,ROAD,8,12.0
81879,4,1,173,5,3,60.0,1,N,MELB_URBAN,ROAD,8,5.0
81880,4,7,171,5,1,100.0,0,N,RURAL_VICTORIA,HIGHWAY,8,14.0
81881,4,1,171,1,1,60.0,0,N,MELB_URBAN,STREET,8,13.0
81882,1,6,121,1,3,70.0,0,I,MELB_URBAN,ROAD,8,19.0
81883,4,1,171,4,1,80.0,0,I,MELB_URBAN,RAMP,8,14.0
81884,4,1,183,5,1,70.0,0,N,MELB_URBAN,ROAD,8,14.0
81885,1,1,130,5,1,100.0,0,N,RURAL_VICTORIA,FREEWAY,8,16.0
81886,6,1,99,5,1,110.0,0,N,RURAL_VICTORIA,FREEWAY,8,13.0
81887,2,1,100,1,3,60.0,0,I,MELB_URBAN,STREET,8,18.0
81888,1,1,110,1,1,60.0,0,I,MELB_URBAN,ROAD,8,16.0
81889,1,1,140,5,2,50.0,0,N,MELB_URBAN,HIGHWAY,8,16.0
81890,1,1,121,5,3,70.0,0,I,MELB_URBAN,ROAD,8,18.0
81891,1,5,99,5,6,60.0,0,N,MELB_URBAN,STREET,8,20.0
81892,1,1,121,2,1,50.0,0,I,MELB_URBAN,STREET,8,14.0
81893,1,1,121,2,3,80.0,0,I,MELB_URBAN,ROAD,8,18.0
81894,1,7,110,1,3,50.0,0,I,MELB_URBAN,ROAD,8,19.0
81895,2,6,100,1,3,60.0,0,N,MELB_URBAN,ROAD,8,6.0
81896,4,1,173,5,3,70.0,0,N,TOWNS,HIGHWAY,8,2.0
81897,1,2,130,5,5,100.0,0,N,RURAL_VICTORIA,OTHER,8,0.0
81898,2,2,100,5,3,60.0,0,N,MELB_URBAN,ROAD,8,6.0
81899,6,4,174,2,3,80.0,0,N,MELB_URBAN,HIGHWAY,8,18.0
81900,4,1,99,2,3,50.0,0,I,MELB_URBAN,ROAD,8,20.0
81901,2,1,100,1,1,50.0,0,N,MELB_URBAN,ROAD,8,8.0
81902,4,2,171,5,1,50.0,0,N,LARGE_PROVINCIAL_CITIES,STREET,8,7.0
81903,1,2,147,5,1,50.0,0,N,TOWNS,STREET,8,10.0
81904,4,2,183,5,1,100.0,0,N,RURAL_VICTORIA,ROAD,8,8.0
81905,4,1,171,5,1,80.0,0,N,RURAL_VICTORIA,ROAD,8,8.0
81906,1,1,130,1,1,60.0,0,I,LARGE_PROVINCIAL_CITIES,STREET,8,9.0
81907,1,1,163,5,3,40.0,0,N,MELB_URBAN,STREET,8,18.0
81908,1,2,121,2,1,80.0,0,I,MELB_URBAN,ROAD,8,9.0
81909,1,1,130,5,1,60.0,0,N,SMALL_CITIES,ROAD,8,8.0
81910,8,3,170,5,9,100.0,0,N,RURAL_VICTORIA,OTHER,7,18.0
81911,7,7,184,5,1,80.0,0,N,RURAL_VICTORIA,ROAD,4,15.0
81912,1,2,130,5,1,60.0,0,N,MELB_URBAN,ROAD,8,10.0
81913,6,1,174,2,1,100.0,0,N,RURAL_VICTORIA,ROAD,8,8.0
81914,1,5,110,1,3,50.0,0,I,LARGE_PROVINCIAL_CITIES,STREET,8,20.0
81915,1,2,163,1,1,60.0,0,I,MELBOURNE_CBD,STREET,8,12.0
81916,6,1,174,1,1,50.0,0,I,MELB_URBAN,BOULEVARD,8,16.0
81917,2,2,99,5,1,60.0,0,N,MELB_URBAN,OTHER,8,8.0
81918,1,4,130,1,1,60.0,0,I,SMALL_CITIES,ROAD,7,15.0
81919,5,2,99,5,1,100.0,0,N,RURAL_VICTORIA,ROAD,8,13.0
81920,1,2,121,1,1,40.0,0,I,MELBOURNE_CBD,STREET,8,13.0
81921,1,7,111,2,1,80.0,0,I,SMALL_TOWNS,ROAD,5,17.0
81922,1,2,110,1,1,50.0,0,I,MELB_URBAN,STREET,8,11.0
81923,4,2,171,2,1,50.0,0,I,MELB_URBAN,DRIVE,8,14.0
81924,4,2,181,5,1,80.0,0,N,MELB_URBAN,RAMP,8,14.0
81925,1,2,130,5,1,80.0,0,N,MELB_URBAN,HIGHWAY,8,15.0
81926,1,2,121,2,1,60.0,0,I,LARGE_PROVINCIAL_CITIES,UNKNOWN,8,16.0
81927,1,2,130,1,1,60.0,0,I,MELB_URBAN,ROAD,8,16.0
81928,1,2,130,5,9,60.0,0,N,MELB_URBAN,HIGHWAY,8,16.0
81929,1,1,110,1,1,60.0,0,I,MELB_URBAN,ROAD,8,17.0
81930,1,2,130,1,1,60.0,0,I,MELB_URBAN,HIGHWAY,8,15.0
81931,4,2,181,5,2,50.0,0,N,MELB_URBAN,AVENUE,8,17.0
81932,1,1,134,2,2,80.0,0,N,MELB_URBAN,ROAD,8,17.0
81933,2,2,100,5,3,50.0,0,N,MELB_URBAN,ROAD,8,18.0
81934,4,1,173,5,2,80.0,0,N,MELB_URBAN,HIGHWAY,8,16.0
81935,2,2,100,1,3,40.0,0,I,MELB_URBAN,ROAD,8,20.0
81936,2,1,100,1,3,60.0,0,I,MELB_URBAN,STREET,8,22.0
81937,4,3,171,5,5,100.0,0,N,RURAL_VICTORIA,ROAD,8,0.0
81938,1,2,135,5,1,100.0,0,N,MELB_URBAN,ROAD,8,15.0
81939,4,3,171,5,2,110.0,0,N,SMALL_CITIES,FREEWAY,8,6.0
81940,4,3,183,5,5,100.0,0,N,RURAL_VICTORIA,ROAD,8,6.0
81941,1,2,99,2,1,40.0,0,I,MELB_URBAN,STREET,8,15.0
81942,1,3,130,5,1,100.0,0,N,MELB_URBAN,ROAD,8,7.0
81943,2,3,100,1,1,60.0,0,I,MELB_URBAN,ROAD,8,7.0
81944,1,3,121,2,1,60.0,0,I,MELB_URBAN,ROAD,8,8.0
81945,1,3,113,2,1,60.0,0,I,SMALL_CITIES,DRIVE,8,8.0
81946,4,2,183,5,1,100.0,0,N,RURAL_VICTORIA,ROAD,8,8.0
81947,1,3,99,2,6,60.0,0,I,MELB_URBAN,STREET,7,5.0
81948,1,3,140,5,1,80.0,0,N,RURAL_VICTORIA,ROAD,8,8.0
81949,4,3,181,5,2,100.0,0,N,RURAL_VICTORIA,ROAD,6,17.0
81950,2,2,102,1,6,60.0,0,I,MELB_URBAN,ROAD,8,18.0
81951,4,6,173,5,1,80.0,0,N,MELB_URBAN,ROAD,7,11.0
81952,1,3,99,1,1,50.0,0,I,LARGE_PROVINCIAL_CITIES,STREET,8,10.0
81953,1,2,110,1,1,50.0,0,I,MELB_URBAN,STREET,8,14.0
81954,4,3,171,2,1,50.0,0,I,MELB_URBAN,ROAD,8,9.0
81955,1,3,99,2,1,60.0,0,I,MELB_URBAN,ROAD,8,13.0
81956,6,3,174,5,1,60.0,0,N,RURAL_VICTORIA,ROAD,8,12.0
81957,1,2,113,2,1,80.0,0,I,RURAL_VICTORIA,HIGHWAY,8,13.0
81958,4,3,171,5,1,100.0,0,N,RURAL_VICTORIA,HIGHWAY,8,11.0
81959,1,3,99,5,1,50.0,0,N,TOWNS,STREET,8,14.0
81960,4,2,171,5,1,110.0,0,N,RURAL_VICTORIA,FREEWAY,8,16.0
81961,3,2,167,5,5,100.0,0,N,RURAL_VICTORIA,ROAD,8,21.0
81962,3,6,167,5,5,110.0,0,N,RURAL_VICTORIA,FREEWAY,8,6.0
81963,8,3,174,4,1,60.0,0,I,MELB_URBAN,STREET,8,14.0
81964,4,3,171,1,1,50.0,0,I,TOWNS,STREET,8,14.0
81965,1,2,111,2,1,60.0,0,I,MELB_URBAN,DRIVE,8,14.0
81966,1,3,99,2,1,40.0,0,I,MELB_URBAN,ROAD,8,17.0
81967,4,3,99,2,1,100.0,0,N,TOWNS,ROAD,8,10.0
81968,2,4,99,1,1,60.0,0,I,MELBOURNE_CBD,STREET,8,9.0
81969,1,3,113,2,2,60.0,0,I,LARGE_PROVINCIAL_CITIES,ROAD,8,17.0
81970,1,2,130,5,1,60.0,0,N,MELB_URBAN,ROAD,7,16.0
81971,4,3,171,5,5,70.0,0,N,RURAL_VICTORIA,ROAD,8,22.0
81972,1,1,130,1,1,80.0,0,I,MELB_URBAN,ROAD,8,14.0
81973,3,4,167,5,5,100.0,0,N,RURAL_VICTORIA,ROAD,8,6.0
81974,1,4,130,2,1,70.0,0,I,TOWNS,STREET,8,7.0
81975,4,7,181,5,5,80.0,0,N,RURAL_VICTORIA,HIGHWAY,8,6.0
81976,1,4,120,5,1,60.0,0,N,MELB_URBAN,ROAD,8,7.0
81977,1,4,147,2,1,60.0,0,I,MELB_URBAN,ROAD,8,7.0
81978,1,2,160,5,3,50.0,0,N,MELB_URBAN,UNKNOWN,8,19.0
81979,4,4,181,5,1,100.0,0,N,RURAL_VICTORIA,ROAD,8,7.0
81980,4,3,171,5,1,60.0,0,N,RURAL_VICTORIA,DRIVE,8,10.0
81981,1,4,130,5,3,70.0,0,N,MELB_URBAN,OTHER,6,17.0
81982,1,4,130,5,1,100.0,0,N,RURAL_VICTORIA,HIGHWAY,8,10.0
81983,2,4,99,5,1,60.0,0,UNKNOWN,UNKNOWN,UNKNOWN,8,12.0
81984,4,3,173,5,1,100.0,0,N,RURAL_VICTORIA,ROAD,8,8.0
81985,4,3,183,5,5,60.0,0,N,RURAL_VICTORIA,OTHER,8,22.0
81986,2,4,99,5,1,60.0,0,N,LARGE_PROVINCIAL_CITIES,STREET,8,12.0
81987,2,2,102,2,9,60.0,0,I,MELB_URBAN,STREET,8,12.0