,accident_type,day_of_week,dca_code,road_geometry,light_condition,speed_zone,severity,node_type,deg_urban_name,road_type,month,hour
81988,1,1,130,5,1,80.0,0,N,MELB_URBAN,ROAD,8,15.0
81989,4,4,181,5,1,100.0,0,N,RURAL_VICTORIA,ROAD,8,11.0
81990,2,2,100,2,1,50.0,0,I,MELB_URBAN,ROAD,7,14.0
81991,1,3,130,5,4,60.0,0,N,RURAL_VICTORIA,DRIVE,8,18.0
81992,1,1,134,5,5,100.0,0,N,MELB_URBAN,FREEWAY,8,20.0
81993,4,3,181,5,1,50.0,0,N,MELB_URBAN,DRIVE,8,16.0
81994,1,3,130,5,1,70.0,0,N,RURAL_VICTORIA,FREEWAY,8,10.0
81995,1,2,135,5,1,60.0,0,N,MELB_URBAN,STREET,7,11.0
81996,1,4,133,5,1,100.0,0,I,MELB_URBAN,FREEWAY,8,15.0
81997,1,7,130,2,3,60.0,0,I,MELB_URBAN,ROAD,7,17.0
81998,1,4,132,2,1,50.0,0,I,SMALL_CITIES,STREET,8,15.0
81999,1,3,110,1,3,70.0,0,I,MELB_URBAN,ROAD,8,20.0
82000,1,3,130,5,1,60.0,0,N,MELB_URBAN,AVENUE,8,15.0
82001,1,4,135,2,1,70.0,0,N,MELB_URBAN,ROAD,8,15.0
82002,1,4,134,2,1,60.0,0,I,MELB_URBAN,ROAD,8,16.0
82003,1,3,121,2,1,70.0,0,N,MELB_URBAN,STREET,8,16.0
82004,1,4,130,5,1,70.0,0,N,MELB_URBAN,HIGHWAY,8,16.0
82005,1,4,99,2,1,70.0,0,N,MELB_URBAN,STREET,8,14.0
82006,1,4,121,1,3,60.0,0,I,MELB_URBAN,ROAD,8,19.0
82007,1,4,132,2,3,60.0,0,I,MELB_URBAN,ROAD,8,19.0
82008,1,4,121,2,1,60.0,0,I,MELB_URBAN,ROAD,8,15.0
82009,1,4,147,2,3,100.0,1,I,MELB_URBAN,HIGHWAY,8,19.0
82010,1,7,99,5,1,50.0,0,N,LARGE_PROVINCIAL_CITIES,STREET,8,11.0
82011,3,5,167,1,3,80.0,0,I,RURAL_VICTORIA,HIGHWAY,8,5.0
82012,1,6,140,5,3,60.0,0,N,MELB_URBAN,ROAD,8,22.0
82013,1,5,99,5,5,50.0,0,N,MELB_URBAN,ROAD,8,5.0
82014,2,5,102,5,1,60.0,0,N,MELB_URBAN,STREET,8,7.0
82015,2,5,100,1,1,60.0,0,I,MELB_URBAN,HIGHWAY,8,8.0
82016,2,4,100,5,1,40.0,0,N,MELB_URBAN,ROAD,8,8.0
82017,4,4,181,5,5,80.0,0,N,RURAL_VICTORIA,ROAD,8,21.0
82018,1,5,130,5,1,70.0,0,N,MELB_URBAN,ROAD,8,9.0
82019,1,4,113,2,1,60.0,0,I,MELB_URBAN,HIGHWAY,8,15.0
82020,1,5,135,5,1,60.0,0,N,MELB_URBAN,OTHER,8,9.0
82021,2,5,100,1,1,50.0,0,I,MELB_URBAN,STREET,8,10.0
82022,1,5,113,2,1,60.0,0,I,SMALL_CITIES,STREET,8,8.0
82023,1,5,121,2,1,50.0,0,I,MELB_URBAN,STREET,8,7.0
82024,6,6,184,2,1,60.0,0,I,RURAL_VICTORIA,OTHER,8,13.0
82025,4,4,181,5,1,60.0,0,N,MELB_URBAN,STREET,8,10.0
82026,4,2,171,5,5,100.0,0,N,RURAL_VICTORIA,OTHER,8,18.0
82027,1,4,110,1,1,50.0,0,I,TOWNS,STREET,8,14.0
82028,2,4,102,2,3,60.0,0,I,MELBOURNE_CBD,STREET,8,21.0
82029,1,5,121,2,1,50.0,0,I,MELB_URBAN,STREET,8,13.0
82030,1,5,113,2,1,60.0,0,I,SMALL_TOWNS,STREET,8,12.0
82031,1,4,113,2,3,60.0,0,I,MELB_URBAN,BOULEVARD,8,18.0
82032,4,5,181,2,1,60.0,0,N,SMALL_CITIES,ROAD,8,13.0
82033,1,5,120,5,1,50.0,0,N,MELB_URBAN,STREET,8,8.0
82034,1,5,110,1,1,60.0,0,I,MELB_URBAN,ROAD,8,12.0
82035,1,5,99,1,1,70.0,0,I,MELB_URBAN,ROAD,8,13.0
82036,1,5,121,5,2,60.0,0,N,MELB_URBAN,ROAD,8,6.0
82037,1,5,113,2,1,50.0,0,I,MELB_URBAN,AVENUE,8,15.0
82038,8,3,174,2,1,40.0,0,I,MELB_URBAN,ROAD,8,9.0
82039,1,3,99,5,3,60.0,0,N,MELB_URBAN,ROAD,7,22.0
82040,1,2,130,5,2,60.0,0,N,MELB_URBAN,OTHER,8,18.0
82041,2,4,99,5,1,60.0,0,N,MELB_URBAN,ROAD,8,16.0
82042,1,5,130,5,3,70.0,0,N,MELB_URBAN,ROAD,8,19.0
82043,1,4,134,5,3,60.0,0,N,MELB_URBAN,ROAD,8,18.0
82044,1,4,130,2,3,40.0,0,I,LARGE_PROVINCIAL_CITIES,STREET,8,18.0
82045,1,5,113,2,1,60.0,0,I,LARGE_PROVINCIAL_CITIES,AVENUE,8,17.0
82046,1,4,99,1,9,60.0,0,I,MELB_URBAN,STREET,8,18.0
82047,2,4,100,5,5,40.0,0,N,MELB_URBAN,STREET,8,20.0
82048,1,5,130,2,3,60.0,0,I,LARGE_PROVINCIAL_CITIES,STREET,8,19.0
82049,4,5,171,5,1,100.0,1,N,RURAL_VICTORIA,ROAD,8,15.0
82050,6,5,174,5,3,50.0,0,N,MELB_URBAN,OTHER,8,20.0
82051,1,4,147,5,1,60.0,0,N,MELB_URBAN,STREET,8,15.0
82052,1,6,111,2,5,100.0,0,N,RURAL_VICTORIA,HIGHWAY,8,6.0
82053,1,5,130,5,9,60.0,0,N,MELB_URBAN,ROAD,7,8.0
82054,1,6,147,5,3,60.0,1,N,MELB_URBAN,ROAD,8,5.0
82055,4,6,173,2,1,80.0,0,I,MELB_URBAN,ROAD,8,7.0
82056,8,7,174,2,9,60.0,0,I,RURAL_VICTORIA,ROAD,7,11.0
82057,1,6,121,1,1,60.0,0,I,TOWNS,STREET,8,9.0
82058,2,6,100,1,1,60.0,0,I,MELB_URBAN,STREET,8,10.0
82059,1,6,99,2,1,60.0,0,I,MELB_URBAN,ROAD,8,11.0
82060,1,7,113,2,1,90.0,0,I,RURAL_VICTORIA,ROAD,8,16.0
82061,4,6,181,5,1,50.0,0,N,MELB_URBAN,BOULEVARD,8,7.0
82062,1,6,121,2,1,60.0,0,I,MELB_URBAN,ROAD,8,12.0
82063,4,6,171,6,1,60.0,0,N,SMALL_TOWNS,ROAD,8,11.0
82064,4,6,171,5,1,100.0,1,N,RURAL_VICTORIA,ROAD,8,6.0
82065,1,6,132,2,1,70.0,0,I,LARGE_PROVINCIAL_CITIES,HIGHWAY,8,13.0
82066,1,4,99,5,3,60.0,0,N,MELB_URBAN,ROAD,8,19.0
82067,2,6,100,5,1,60.0,0,N,MELB_URBAN,STREET,8,14.0
82068,1,6,130,2,1,60.0,0,I,MELB_URBAN,ROAD,8,7.0
82069,1,6,132,1,1,60.0,0,I,MELB_URBAN,ROAD,8,15.0
82070,1,6,147,5,1,60.0,0,N,MELB_URBAN,ROAD,8,12.0
82071,6,5,99,5,5,100.0,0,N,RURAL_VICTORIA,ROAD,8,22.0
82072,2,5,102,1,1,60.0,0,I,MELB_URBAN,ROAD,8,9.0
82073,1,6,147,5,1,50.0,0,N,MELB_URBAN,ROAD,8,9.0
82074,1,6,130,5,1,50.0,0,N,MELB_URBAN,STREET,8,15.0
82075,4,6,181,5,1,100.0,0,N,RURAL_VICTORIA,ROAD,8,14.0
82076,1,5,133,5,1,60.0,0,N,MELB_URBAN,RAMP,8,13.0
82077,1,6,130,5,3,70.0,0,N,MELB_URBAN,ROAD,8,17.0
82078,1,6,147,5,1,60.0,0,N,MELB_URBAN,STREET,8,16.0
82079,2,6,102,5,1,60.0,0,N,LARGE_PROVINCIAL_CITIES,UNKNOWN,8,17.0
82080,1,6,147,5,1,60.0,0,N,SMALL_CITIES,ROAD,8,15.0
82081,1,1,130,5,1,60.0,0,N,MELB_URBAN,ROAD,8,10.0
82082,3,5,167,5,5,110.0,0,N,RURAL_VICTORIA,FREEWAY,8,18.0
82083,1,6,113,2,3,60.0,0,I,MELB_URBAN,ROAD,8,20.0
82084,1,6,133,5,9,60.0,0,N,MELB_URBAN,ROAD,8,18.0
82085,1,6,130,5,5,100.0,0,N,RURAL_VICTORIA,OTHER,8,21.0
82086,2,5,99,5,3,50.0,0,N,MELB_URBAN,STREET,8,22.0
82087,1,6,135,5,1,100.0,0,N,MELB_URBAN,RAMP,8,14.0
82088,1,6,110,1,3,60.0,0,I,MELB_URBAN,STREET,8,23.0
82089,7,7,99,2,3,50.0,0,I,TOWNS,STREET,8,0.0
82090,4,6,171,5,3,60.0,0,N,MELB_URBAN,HIGHWAY,8,21.0
82091,1,6,110,4,3,60.0,0,N,MELB_URBAN,ROAD,8,2.0
82092,1,5,130,5,2,100.0,0,N,MELB_URBAN,HIGHWAY,10,6.0
82093,4,7,171,5,5,70.0,0,N,LARGE_PROVINCIAL_CITIES,ROAD,8,4.0
82094,4,7,171,5,3,50.0,0,N,MELB_URBAN,BOULEVARD,8,4.0
82095,4,6,171,2,3,50.0,0,I,MELB_URBAN,ROAD,8,2.0
82096,2,3,100,2,2,50.0,0,I,MELB_URBAN,STREET,7,18.0
82097,4,7,181,5,1,60.0,0,N,MELB_URBAN,RAMP,8,8.0
82098,6,6,170,5,1,50.0,0,N,MELB_URBAN,ROAD,8,9.0
82099,4,6,183,2,2,80.0,0,I,RURAL_VICTORIA,ROAD,8,7.0
82100,1,6,99,1,1,40.0,0,I,MELB_URBAN,ROAD,8,13.0
82101,4,6,173,5,1,110.0,0,N,RURAL_VICTORIA,FREEWAY,8,7.0
82102,2,7,100,1,1,60.0,0,I,MELB_URBAN,ROAD,8,10.0
82103,4,7,173,4,1,80.0,0,I,MELB_URBAN,HIGHWAY,8,10.0
82104,1,7,121,2,1,100.0,0,I,MELB_URBAN,HIGHWAY,8,12.0
82105,1,6,121,4,1,80.0,0,I,MELB_URBAN,ROAD,8,9.0
82106,4,7,173,5,2,80.0,0,N,MELB_URBAN,HIGHWAY,8,17.0
82107,4,7,171,5,3,60.0,0,N,MELB_URBAN,ROAD,8,17.0
82108,1,6,110,1,3,60.0,0,I,LARGE_PROVINCIAL_CITIES,STREET,8,19.0
82109,1,7,113,2,3,80.0,0,N,MELB_URBAN,ROAD,8,19.0
82110,1,7,130,5,3,60.0,0,N,MELB_URBAN,STREET,8,17.0
82111,1,7,110,1,3,100.0,0,I,RURAL_VICTORIA,HIGHWAY,8,20.0
82112,2,7,100,5,3,40.0,0,N,MELB_URBAN,STREET,8,20.0
82113,1,7,147,5,1,50.0,0,N,SMALL_CITIES,DRIVE,8,16.0
82114,4,7,173,5,1,100.0,0,N,RURAL_VICTORIA,HIGHWAY,8,13.0
82115,2,1,100,5,3,40.0,0,N,MELB_URBAN,STREET,8,0.0
82116,1,7,113,2,1,80.0,0,I,MELB_URBAN,ROAD,8,7.0
82117,3,1,167,5,5,100.0,0,N,RURAL_VICTORIA,ROAD,8,5.0
82118,4,1,171,5,1,60.0,0,N,SMALL_CITIES,ROAD,8,7.0
82119,2,0,100,5,3,40.0,0,N,LARGE_PROVINCIAL_CITIES,STREET,8,5.0
82120,4,7,181,5,1,80.0,0,N,RURAL_VICTORIA,ROAD,8,16.0
82121,1,1,160,5,1,60.0,0,N,MELB_URBAN,HIGHWAY,8,10.0
82122,1,1,130,2,1,60.0,0,N,MELB_URBAN,ROAD,8,10.0
82123,1,1,130,5,1,80.0,0,N,MELB_URBAN,ROAD,8,7.0
82124,1,1,110,1,1,50.0,0,I,MELB_URBAN,OTHER,8,9.0
82125,1,1,133,5,1,60.0,0,N,MELB_URBAN,ROAD,8,12.0
82126,1,1,99,2,1,50.0,0,I,MELB_URBAN,BOULEVARD,8,10.0
82127,1,1,140,2,1,60.0,0,I,MELB_URBAN,ROAD,8,12.0
82128,4,1,183,5,1,100.0,0,N,RURAL_VICTORIA,ROAD,8,8.0
82129,1,1,111,2,1,100.0,0,I,MELB_URBAN,ROAD,8,13.0
82130,1,1,121,1,1,60.0,0,I,MELB_URBAN,OTHER,8,9.0
82131,1,1,99,2,1,80.0,0,I,LARGE_PROVINCIAL_CITIES,ROAD,8,15.0
82132,1,1,160,5,1,50.0,0,N,MELB_URBAN,STREET,8,15.0
82133,1,0,110,1,1,80.0,0,N,MELB_URBAN,HIGHWAY,8,14.0
82134,1,1,132,2,1,80.0,0,I,SMALL_TOWNS,ROAD,8,14.0
82135,5,1,99,5,1,80.0,0,N,RURAL_VICTORIA,ROAD,8,16.0
82136,6,1,184,5,1,60.0,0,N,SMALL_TOWNS,ROAD,8,16.0
82137,1,0,140,2,2,100.0,0,I,RURAL_VICTORIA,HIGHWAY,8,17.0
82138,4,1,181,5,1,100.0,0,N,RURAL_VICTORIA,ROAD,8,14.0
82139,4,4,181,5,1,100.0,1,N,RURAL_VICTORIA,ROAD,8,11.0
82140,4,7,99,5,1,50.0,0,N,TOWNS,STREET,7,10.0
82141,1,1,130,5,1,60.0,0,N,MELB_URBAN,ROAD,8,15.0
82142,1,1,99,5,1,100.0,1,N,RURAL_VICTORIA,ROAD,8,13.0
82143,1,1,147,5,3,60.0,0,N,MELB_URBAN,ROAD,8,20.0
82144,2,1,99,5,5,50.0,0,N,MELB_URBAN,STREET,8,20.0
82145,4,1,171,5,5,100.0,0,N,RURAL_VICTORIA,ROAD,8,21.0
82146,1,1,121,1,3,70.0,0,I,MELB_URBAN,ROAD,8,22.0
82147,6,1,174,5,1,100.0,0,N,MELB_URBAN,FREEWAY,8,10.0
82148,4,1,181,5,1,100.0,0,N,RURAL_VICTORIA,ROAD,8,14.0
82149,1,4,121,1,1,60.0,0,I,RURAL_VICTORIA,ROAD,8,10.0
82150,4,2,171,5,1,80.0,0,N,MELB_URBAN,ROAD,8,6.0
82151,1,2,110,1,1,60.0,0,I,MELB_URBAN,ROAD,8,8.0
82152,1,2,110,1,1,60.0,0,I,LARGE_PROVINCIAL_CITIES,STREET,8,9.0
82153,2,1,99,5,1,60.0,0,N,MELB_URBAN,ROAD,7,17.0
82154,1,2,120,5,1,90.0,0,N,TOWNS,HIGHWAY,8,7.0
82155,2,7,100,1,3,40.0,0,I,MELB_URBAN,ROAD,8,22.0
82156,4,7,181,5,5,70.0,0,N,MELB_URBAN,ROAD,7,22.0
82157,1,2,99,1,1,100.0,0,I,RURAL_VICTORIA,ROAD,8,11.0
82158,1,1,130,1,1,60.0,0,I,MELB_URBAN,ROAD,8,9.0
82159,2,2,100,1,1,40.0,0,N,MELB_URBAN,STREET,8,10.0
82160,2,7,100,5,3,80.0,0,N,MELB_URBAN,HIGHWAY,8,18.0
82161,4,2,171,5,1,100.0,0,N,RURAL_VICTORIA,ROAD,8,13.0
82162,1,2,120,2,1,70.0,0,I,MELB_URBAN,ROAD,8,14.0
82163,1,1,130,5,1,80.0,0,N,RURAL_VICTORIA,STREET,7,14.0
82164,1,7,121,2,1,60.0,0,I,MELB_URBAN,DRIVE,8,12.0
82165,6,2,174,5,1,60.0,0,N,RURAL_VICTORIA,ROAD,8,13.0
82166,2,6,99,1,9,60.0,0,I,MELB_URBAN,ROAD,7,10.0
82167,4,2,173,1,1,50.0,0,I,MELB_URBAN,STREET,8,12.0
82168,1,1,130,2,1,60.0,0,I,MELB_URBAN,ROAD,8,11.0
82169,1,2,147,5,3,60.0,0,N,MELB_URBAN,STREET,7,19.0
82170,1,2,99,5,1,50.0,0,N,MELB_URBAN,DRIVE,8,14.0
82171,1,2,147,5,1,60.0,0,N,MELB_URBAN,ROAD,8,15.0
82172,1,5,134,2,9,60.0,0,I,MELB_URBAN,ROAD,8,16.0
82173,1,2,111,2,1,50.0,0,I,MELB_URBAN,ROAD,8,16.0
82174,2,1,100,5,1,50.0,0,N,MELB_URBAN,STREET,8,15.0
82175,4,2,171,1,1,70.0,0,I,MELB_URBAN,ROAD,8,16.0
82176,1,2,163,5,1,40.0,0,N,MELB_URBAN,STREET,8,17.0
82177,1,1,121,1,3,60.0,0,I,MELB_URBAN,ROAD,8,18.0
82178,1,2,113,2,1,80.0,0,I,MELB_URBAN,ROAD,8,15.0
82179,1,2,110,1,1,60.0,0,I,RURAL_VICTORIA,ROAD,8,15.0
82180,1,2,110,1,2,80.0,0,I,RURAL_VICTORIA,ROAD,8,17.0
82181,4,2,173,5,1,60.0,0,N,TOWNS,ROAD,8,17.0
82182,1,2,140,5,1,40.0,0,N,MELBOURNE_CBD,STREET,8,16.0
82183,1,5,130,5,1,100.0,0,N,MELB_URBAN,ROAD,8,7.0
82184,5,1,99,5,1,60.0,0,N,RURAL_VICTORIA,ROAD,8,10.0
82185,1,2,121,2,3,60.0,0,I,MELB_URBAN,STREET,8,19.0
82186,1,2,99,5,3,80.0,0,N,MELB_URBAN,HIGHWAY,8,22.0
82187,1,1,130,5,3,80.0,0,N,SMALL_CITIES,ROAD,8,4.0
82188,4,3,171,5,3,60.0,0,N,MELB_URBAN,ROAD,8,2.0
82189,1,5,121,1,3,80.0,0,I,MELB_URBAN,ROAD,8,19.0
82190,1,2,120,5,1,80.0,0,N,MELB_URBAN,ROAD,8,9.0
82191,1,3,130,5,1,60.0,0,N,MELB_URBAN,HIGHWAY,8,8.0
82192,6,1,99,5,1,70.0,0,N,RURAL_VICTORIA,UNKNOWN,8,13.0
82193,1,3,121,2,1,60.0,0,I,MELB_URBAN,ROAD,8,8.0
82194,2,3,100,2,3,60.0,0,I,MELB_URBAN,ROAD,8,6.0
82195,1,3,130,1,3,70.0,0,I,MELB_URBAN,ROAD,8,6.0
82196,1,2,140,2,1,80.0,0,I,RURAL_VICTORIA,ROAD,8,11.0
82197,1,3,140,2,1,80.0,0,I,SMALL_CITIES,HIGHWAY,8,12.0
82198,6,4,99,5,1,100.0,0,N,RURAL_VICTORIA,HIGHWAY,5,7.0
82199,1,3,120,5,1,60.0,0,N,RURAL_VICTORIA,HIGHWAY,8,11.0
82200,1,3,130,2,1,80.0,0,I,MELB_URBAN,HIGHWAY,2,15.0
82201,1,1,113,4,1,60.0,0,I,MELB_URBAN,RAMP,12,16.0
82202,1,3,113,1,1,50.0,0,I,MELB_URBAN,STREET,8,14.0
82203,2,2,100,1,1,40.0,0,I,LARGE_PROVINCIAL_CITIES,STREET,8,15.0
82204,4,3,99,4,1,60.0,0,I,MELB_URBAN,STREET,8,15.0
82205,1,2,140,5,3,70.0,0,N,MELB_URBAN,ROAD,8,18.0
82206,1,0,130,1,3,60.0,0,I,MELB_URBAN,STREET,6,21.0
82207,1,2,110,1,1,60.0,0,I,LARGE_PROVINCIAL_CITIES,STREET,8,15.0
82208,1,2,120,1,2,100.0,0,I,RURAL_VICTORIA,ROAD,8,18.0
82209,4,3,183,5,1,100.0,0,N,RURAL_VICTORIA,HIGHWAY,8,15.0
82210,4,2,173,5,3,50.0,0,N,MELB_URBAN,STREET,8,18.0
82211,1,3,120,5,2,100.0,1,N,RURAL_VICTORIA,HIGHWAY,8,18.0
82212,1,3,121,1,3,70.0,0,I,MELB_URBAN,ROAD,8,20.0
82213,1,3,130,5,3,60.0,0,N,MELB_URBAN,STREET,8,19.0
82214,4,3,173,5,5,100.0,0,N,RURAL_VICTORIA,ROAD,8,6.0
82215,1,2,110,1,3,50.0,0,I,MELB_URBAN,STREET,8,22.0
82216,1,3,121,2,3,60.0,1,I,MELB_URBAN,ROAD,8,18.0
82217,1,3,130,5,1,80.0,0,N,TOWNS,HIGHWAY,8,10.0
82218,2,3,99,5,1,40.0,0,N,MELB_URBAN,ROAD,8,10.0
82219,1,4,110,1,1,60.0,0,I,TOWNS,STREET,8,7.0
82220,4,4,171,5,1,80.0,0,N,MELB_URBAN,ROAD,8,6.0
82221,1,3,99,5,1,80.0,0,N,MELB_URBAN,ROAD,8,14.0
82222,1,4,99,1,2,60.0,0,I,MELB_URBAN,ROAD,8,6.0
82223,4,4,99,5,1,100.0,0,N,RURAL_VICTORIA,ROAD,8,9.0
82224,1,3,160,5,1,50.0,0,N,SMALL_CITIES,OTHER,8,9.0
82225,1,4,130,5,1,100.0,0,N,MELB_URBAN,FREEWAY,8,8.0
82226,4,4,181,5,1,100.0,0,O,RURAL_VICTORIA,ROAD,8,10.0
82227,8,5,99,5,1,100.0,0,N,RURAL_VICTORIA,ROAD,1,10.0
82228,1,4,130,1,1,60.0,0,I,SMALL_CITIES,HIGHWAY,8,12.0
82229,8,4,170,5,1,70.0,0,N,MELB_URBAN,ROAD,8,15.0
82230,1,3,111,1,1,50.0,0,I,MELB_URBAN,STREET,8,15.0
82231,4,4,173,5,1,60.0,0,N,MELB_URBAN,ROAD,8,7.0
82232,1,6,135,5,1,50.0,0,N,MELB_URBAN,STREET,7,11.0
82233,1,4,113,2,1,40.0,0,I,MELB_URBAN,ROAD,8,14.0
82234,2,3,99,2,1,40.0,0,N,MELB_URBAN,ROAD,8,15.0
82235,1,4,130,5,1,110.0,1,N,RURAL_VICTORIA,FREEWAY,8,10.0
82236,1,4,110,1,1,100.0,1,I,RURAL_VICTORIA,ROAD,8,12.0
82237,2,4,100,5,1,60.0,0,I,TOWNS,ROAD,8,15.0
82238,6,7,174,5,1,60.0,0,N,RURAL_VICTORIA,ROAD,8,16.0
82239,1,4,130,5,1,40.0,0,N,MELB_URBAN,DRIVE,8,7.0
82240,4,4,99,5,1,50.0,0,N,MELB_URBAN,STREET,8,16.0
82241,1,4,132,2,1,100.0,0,I,RURAL_VICTORIA,HIGHWAY,8,16.0
82242,1,4,99,5,1,100.0,0,N,MELB_URBAN,UNKNOWN,8,16.0
82243,1,4,99,1,1,60.0,0,I,MELB_URBAN,ROAD,8,17.0
82244,1,4,130,5,1,100.0,0,N,RURAL_VICTORIA,HIGHWAY,8,16.0
82245,1,4,99,5,1,50.0,0,N,MELB_URBAN,STREET,8,15.0
82246,1,3,120,4,5,80.0,0,N,RURAL_VICTORIA,ROAD,8,18.0
82247,6,4,174,2,2,60.0,0,I,RURAL_VICTORIA,ROAD,8,17.0
82248,1,1,130,5,3,60.0,0,N,MELB_URBAN,STREET,7,18.0
82249,1,4,121,1,1,80.0,0,I,MELB_URBAN,ROAD,8,16.0
82250,1,4,110,1,3,60.0,0,I,MELB_URBAN,AVENUE,8,20.0
82251,1,4,130,1,1,60.0,0,I,SMALL_CITIES,STREET,8,17.0
82252,6,5,170,1,3,60.0,0,I,MELB_URBAN,STREET,8,5.0
82253,4,4,183,5,1,100.0,0,N,RURAL_VICTORIA,ROAD,8,15.0
82254,4,5,171,1,3,60.0,0,I,SMALL_CITIES,DRIVE,8,2.0
82255,1,5,110,1,1,60.0,0,I,LARGE_PROVINCIAL_CITIES,STREET,8,8.0
82256,1,4,110,1,1,60.0,0,I,MELB_URBAN,STREET,8,7.0
82257,1,6,110,1,1,100.0,0,I,MELB_URBAN,ROAD,7,16.0
82258,4,4,181,5,1,100.0,0,N,RURAL_VICTORIA,ROAD,8,14.0
82259,1,5,130,5,3,80.0,0,N,MELB_URBAN,HIGHWAY,8,18.0
82260,1,4,99,2,1,60.0,0,I,MELB_URBAN,ROAD,8,8.0
82261,1,4,130,5,4,60.0,0,N,MELB_URBAN,ROAD,8,19.0
82262,1,4,163,5,3,50.0,0,N,MELB_URBAN,STREET,8,23.0
82263,1,5,132,5,1,70.0,0,N,MELB_URBAN,HIGHWAY,8,10.0
82264,2,5,99,5,1,40.0,0,N,MELB_URBAN,ROAD,8,8.0
82265,1,5,99,2,1,40.0,0,I,MELB_URBAN,ROAD,8,10.0
82266,1,3,130,5,3,40.0,0,N,LARGE_PROVINCIAL_CITIES,STREET,8,18.0
82267,1,5,133,1,1,60.0,0,I,MELB_URBAN,STREET,8,16.0
82268,4,4,181,5,5,100.0,0,N,RURAL_VICTORIA,ROAD,8,6.0
82269,1,5,130,1,1,80.0,0,I,MELB_URBAN,HIGHWAY,8,11.0
82270,2,5,100,1,1,60.0,0,I,MELB_URBAN,ROAD,8,10.0
82271,8,5,174,1,1,50.0,0,I,MELBOURNE_CBD,STREET,8,8.0
82272,1,4,113,2,2,60.0,0,I,MELB_URBAN,STREET,8,7.0
82273,2,4,99,5,1,50.0,0,N,MELB_URBAN,AVENUE,8,15.0
82274,1,3,130,2,1,60.0,0,N,MELB_URBAN,STREET,7,7.0
82275,1,4,110,1,1,70.0,0,I,MELB_URBAN,ROAD,8,15.0
82276,1,5,147,5,1,50.0,0,N,MELB_URBAN,STREET,8,15.0
82277,1,5,120,5,1,80.0,0,N,MELB_URBAN,HIGHWAY,8,16.0
82278,1,5,121,1,1,60.0,0,I,MELB_URBAN,HIGHWAY,8,16.0
82279,4,5,183,5,1,100.0,0,N,RURAL_VICTORIA,HIGHWAY,8,17.0
82280,1,5,130,5,5,80.0,0,N,MELB_URBAN,FREEWAY,8,19.0
82281,1,4,130,5,3,40.0,0,N,MELB_URBAN,ROAD,8,19.0
82282,6,2,174,2,1,40.0,0,N,MELB_URBAN,ROAD,7,13.0
82283,4,6,183,5,5,50.0,0,N,MELB_URBAN,ROAD,8,1.0
82284,2,5,99,2,5,100.0,1,I,RURAL_VICTORIA,HIGHWAY,8,21.0
82285,4,6,183,2,3,40.0,0,N,MELB_URBAN,DRIVE,8,0.0
82286,1,5,160,5,3,60.0,0,N,MELB_URBAN,ROAD,8,20.0
82287,1,5,110,1,3,80.0,0,I,MELB_URBAN,STREET,8,7.0
82288,1,6,130,5,1,50.0,0,N,LARGE_PROVINCIAL_CITIES,STREET,8,8.0
82289,1,6,130,1,2,60.0,0,I,MELB_URBAN,ROAD,3,18.0
82290,4,6,173,5,5,100.0,0,N,RURAL_VICTORIA,ROAD,8,5.0
82291,2,5,100,2,3,50.0,0,N,LARGE_PROVINCIAL_CITIES,STREET,8,6.0
82292,1,6,120,5,1,100.0,0,N,RURAL_VICTORIA,HIGHWAY,8,8.0
82293,1,5,147,5,1,60.0,0,N,RURAL_VICTORIA,ROAD,8,9.0
82294,1,5,110,1,1,50.0,0,I,TOWNS,STREET,8,10.0
82295,1,6,110,1,1,60.0,0,I,LARGE_PROVINCIAL_CITIES,ROAD,8,10.0
82296,1,6,163,5,1,60.0,0,N,LARGE_PROVINCIAL_CITIES,STREET,8,11.0
82297,4,2,99,5,1,60.0,0,N,RURAL_VICTORIA,STREET,10,8.0
82298,1,4,99,1,3,70.0,0,I,MELB_URBAN,ROAD,8,20.0
82299,2,5,102,1,3,60.0,0,I,MELB_URBAN,ROAD,8,20.0
82300,1,6,99,5,1,80.0,0,N,MELB_URBAN,HIGHWAY,8,7.0
82301,1,6,130,5,1,60.0,0,N,MELB_URBAN,ROAD,8,13.0
82302,1,3,130,5,1,100.0,0,N,MELB_URBAN,FREEWAY,8,8.0
82303,1,5,110,9,1,50.0,0,I,LARGE_PROVINCIAL_CITIES,STREET,8,14.0
82304,4,6,173,5,1,100.0,0,N,MELB_URBAN,HIGHWAY,8,14.0
82305,1,3,130,2,3,60.0,0,I,MELB_URBAN,ROAD,8,20.0
82306,1,6,130,1,1,60.0,0,I,LARGE_PROVINCIAL_CITIES,ROAD,8,14.0
82307,4,7,171,5,3,60.0,0,N,TOWNS,ROAD,7,2.0
82308,1,0,130,5,1,50.0,0,N,MELB_URBAN,DRIVE,8,13.0
82309,1,4,116,2,6,60.0,0,I,MELB_URBAN,ROAD,8,18.0
82310,1,4,121,2,1,80.0,0,I,MELB_URBAN,HIGHWAY,8,13.0
82311,8,6,99,5,1,50.0,0,N,TOWNS,STREET,8,13.0
82312,1,6,99,1,9,50.0,0,I,MELB_URBAN,STREET,8,17.0
82313,1,6,130,1,3,80.0,0,N,MELB_URBAN,ROAD,8,19.0
82314,2,5,99,5,5,100.0,0,N,RURAL_VICTORIA,OTHER,8,19.0
82315,1,6,147,5,1,60.0,0,I,MELB_URBAN,ROAD,8,13.0
82316,1,6,130,5,3,50.0,0,N,MELB_URBAN,STREET,8,19.0
82317,1,6,120,5,3,50.0,0,N,MELB_URBAN,BOULEVARD,8,19.0
82318,4,6,171,5,1,60.0,1,N,MELB_URBAN,ROAD,8,15.0
82319,1,6,99,5,5,60.0,0,N,MELB_URBAN,ROAD,8,18.0