,accident_type,day_of_week,dca_code,road_geometry,light_condition,speed_zone,severity,node_type,deg_urban_name,road_type,month,hour
82320,1,6,99,2,3,50.0,0,I,LARGE_PROVINCIAL_CITIES,STREET,8,5.0
82321,4,5,171,1,3,80.0,0,I,RURAL_VICTORIA,ROAD,8,20.0
82322,1,6,160,5,3,50.0,0,N,MELB_URBAN,AVENUE,8,19.0
82323,4,6,181,5,1,100.0,0,N,RURAL_VICTORIA,ROAD,8,15.0
82324,1,6,121,2,3,60.0,0,I,MELB_URBAN,STREET,8,19.0
82325,1,2,130,5,9,100.0,0,N,RURAL_VICTORIA,FREEWAY,8,18.0
82326,4,7,181,2,3,60.0,0,I,MELB_URBAN,ROAD,8,1.0
82327,1,7,120,4,3,70.0,0,I,MELB_URBAN,ROAD,8,2.0
82328,4,6,183,5,5,60.0,0,N,RURAL_VICTORIA,ROAD,8,21.0
82329,1,7,160,5,6,60.0,0,N,MELB_URBAN,ROAD,8,5.0
82330,2,5,100,2,1,60.0,0,I,MELB_URBAN,ROAD,8,10.0
82331,4,6,183,3,5,100.0,0,N,RURAL_VICTORIA,ROAD,8,4.0
82332,6,1,174,2,9,60.0,0,I,RURAL_VICTORIA,OTHER,8,14.0
82333,1,7,130,5,1,100.0,0,N,MELB_URBAN,ROAD,8,10.0
82334,1,6,99,5,1,60.0,0,N,MELB_URBAN,ROAD,8,11.0
82335,1,7,99,5,2,60.0,0,N,MELB_URBAN,PARADE,8,7.0
82336,4,7,173,5,1,70.0,0,N,RURAL_VICTORIA,ROAD,8,9.0
82337,1,7,140,5,1,60.0,0,N,LARGE_PROVINCIAL_CITIES,STREET,8,11.0
82338,1,7,121,2,1,100.0,0,I,RURAL_VICTORIA,HIGHWAY,8,14.0
82339,6,7,174,5,1,50.0,0,N,TOWNS,STREET,8,14.0
82340,2,5,99,5,2,60.0,0,N,MELB_URBAN,ROAD,7,17.0
82341,1,7,130,5,1,80.0,0,N,MELB_URBAN,ROAD,8,17.0
82342,2,7,99,5,3,80.0,0,N,TOWNS,HIGHWAY,8,18.0
82343,1,7,110,1,3,50.0,0,I,MELB_URBAN,STREET,8,19.0
82344,1,7,121,2,3,60.0,0,I,MELB_URBAN,ROAD,8,17.0
82345,1,7,110,1,3,50.0,0,I,TOWNS,STREET,8,19.0
82346,4,7,173,5,5,100.0,0,N,RURAL_VICTORIA,ROAD,8,4.0
82347,1,7,113,2,3,110.0,0,I,RURAL_VICTORIA,FREEWAY,8,21.0
82348,4,7,181,5,2,100.0,0,N,MELB_URBAN,RAMP,8,6.0
82349,8,7,174,5,3,110.0,0,N,RURAL_VICTORIA,FREEWAY,8,0.0
82350,1,7,160,5,3,60.0,0,N,MELB_URBAN,PARADE,8,23.0
82351,4,1,183,5,3,60.0,0,N,MELB_URBAN,STREET,8,2.0
82352,1,7,147,2,1,70.0,0,I,LARGE_PROVINCIAL_CITIES,ROAD,8,12.0
82353,4,1,171,5,3,60.0,0,N,MELB_URBAN,ROAD,8,4.0
82354,1,3,110,1,1,50.0,0,I,LARGE_PROVINCIAL_CITIES,STREET,7,13.0
82355,1,1,99,2,1,50.0,0,I,MELB_URBAN,UNKNOWN,8,8.0
82356,6,1,99,5,1,100.0,0,N,RURAL_VICTORIA,HIGHWAY,8,7.0
82357,1,7,120,5,1,100.0,0,N,RURAL_VICTORIA,ROAD,8,11.0
82358,1,1,130,5,1,60.0,0,N,MELB_URBAN,ROAD,8,12.0
82359,6,1,174,1,1,60.0,0,I,MELB_URBAN,HIGHWAY,8,13.0
82360,1,1,99,1,1,40.0,0,I,MELBOURNE_CBD,STREET,8,13.0
82361,1,1,110,1,1,60.0,0,I,MELB_URBAN,STREET,8,12.0
82362,1,1,130,5,1,80.0,0,N,MELB_URBAN,UNKNOWN,8,13.0
82363,1,1,99,5,1,40.0,0,N,MELB_URBAN,OTHER,8,12.0
82364,1,1,99,1,9,50.0,0,I,SMALL_CITIES,ROAD,8,14.0
82365,1,3,147,5,1,60.0,0,N,LARGE_PROVINCIAL_CITIES,STREET,8,8.0
82366,6,0,99,5,1,100.0,0,N,RURAL_VICTORIA,OTHER,8,13.0
82367,1,0,130,2,1,60.0,0,I,SMALL_TOWNS,HIGHWAY,8,13.0
82368,4,1,99,6,1,50.0,0,N,MELB_URBAN,STREET,8,13.0
82369,2,6,100,1,9,60.0,0,I,MELB_URBAN,STREET,8,7.0
82370,2,1,100,5,3,50.0,0,N,MELB_URBAN,ROAD,8,18.0
82371,1,1,110,1,3,70.0,0,I,MELB_URBAN,ROAD,8,19.0
82372,1,1,160,5,3,50.0,0,N,MELB_URBAN,STREET,8,19.0
82373,4,1,183,5,5,100.0,0,N,RURAL_VICTORIA,HIGHWAY,8,1.0
82374,1,1,121,1,3,50.0,0,I,MELB_URBAN,STREET,8,18.0
82375,1,1,99,5,3,60.0,0,N,TOWNS,STREET,8,2.0
82376,1,1,147,5,3,60.0,0,N,MELB_URBAN,STREET,8,19.0
82377,1,3,135,5,1,80.0,0,N,MELB_URBAN,FREEWAY,8,9.0
82378,4,7,173,5,3,60.0,0,N,MELB_URBAN,ROAD,8,0.0
82379,1,1,110,1,1,50.0,0,I,MELB_URBAN,STREET,8,14.0
82380,6,1,99,5,5,100.0,0,N,RURAL_VICTORIA,ROAD,8,19.0
82381,4,2,99,5,5,100.0,0,N,RURAL_VICTORIA,ROAD,8,2.0
82382,2,6,102,5,3,60.0,0,N,MELB_URBAN,ROAD,8,22.0
82383,2,2,102,1,3,40.0,0,I,MELBOURNE_CBD,STREET,8,6.0
82384,3,1,167,5,2,100.0,0,N,RURAL_VICTORIA,ROAD,8,6.0
82385,1,5,130,5,1,60.0,0,N,MELB_URBAN,STREET,8,12.0
82386,1,2,113,1,1,60.0,0,I,TOWNS,STREET,8,7.0
82387,1,4,130,5,1,80.0,0,N,MELB_URBAN,HIGHWAY,8,17.0
82388,1,2,113,2,1,70.0,0,I,MELB_URBAN,ROAD,8,8.0
82389,8,4,174,2,1,100.0,0,I,RURAL_VICTORIA,ROAD,8,16.0
82390,1,1,160,5,1,50.0,0,N,MELB_URBAN,STREET,8,8.0
82391,1,2,160,5,1,70.0,0,N,MELB_URBAN,ROAD,8,7.0
82392,1,2,121,2,1,50.0,0,I,MELB_URBAN,STREET,8,8.0
82393,1,2,130,5,1,60.0,0,N,MELB_URBAN,ROAD,8,8.0
82394,1,2,130,1,1,70.0,0,I,MELB_URBAN,ROAD,8,7.0
82395,1,1,147,5,1,60.0,0,N,MELB_URBAN,ROAD,8,14.0
82396,1,6,99,5,3,60.0,0,N,MELB_URBAN,ROAD,8,23.0
82397,1,2,110,1,1,60.0,0,I,SMALL_CITIES,STREET,8,8.0
82398,1,2,99,5,1,60.0,0,N,LARGE_PROVINCIAL_CITIES,ROAD,8,12.0
82399,1,3,120,2,2,50.0,0,I,MELB_URBAN,AVENUE,7,17.0
82400,1,1,130,2,1,60.0,0,I,MELB_URBAN,HIGHWAY,8,8.0
82401,1,2,130,5,1,80.0,0,N,MELB_URBAN,HIGHWAY,8,16.0
82402,1,2,160,5,1,60.0,0,N,MELB_URBAN,ROAD,8,15.0
82403,1,2,110,1,1,100.0,0,I,RURAL_VICTORIA,STREET,8,15.0
82404,1,2,99,1,1,50.0,0,I,MELB_URBAN,STREET,8,15.0
82405,1,1,130,5,1,60.0,0,N,MELB_URBAN,STREET,8,12.0
82406,1,3,121,1,1,80.0,0,N,MELB_URBAN,HIGHWAY,8,17.0
82407,1,2,121,1,3,60.0,0,I,MELB_URBAN,ROAD,8,18.0
82408,1,2,163,5,3,60.0,0,N,MELB_URBAN,ROAD,8,19.0
82409,8,2,174,5,3,60.0,0,N,MELB_URBAN,ROAD,8,18.0
82410,1,2,113,2,3,80.0,0,I,MELB_URBAN,ROAD,8,18.0
82411,4,1,181,5,2,80.0,0,N,RURAL_VICTORIA,ROAD,8,17.0
82412,1,2,132,5,3,60.0,0,N,MELB_URBAN,ROAD,8,18.0
82413,1,2,135,5,4,90.0,0,N,RURAL_VICTORIA,FREEWAY,8,19.0
82414,1,2,130,5,3,60.0,0,N,MELB_URBAN,ROAD,8,20.0
82415,1,7,147,5,1,50.0,0,N,MELB_URBAN,DRIVE,7,16.0
82416,1,3,130,5,1,60.0,0,N,MELB_URBAN,ROAD,8,7.0
82417,1,4,130,2,1,60.0,0,I,LARGE_PROVINCIAL_CITIES,STREET,8,12.0
82418,6,1,174,5,1,100.0,0,N,RURAL_VICTORIA,ROAD,1,12.0
82419,1,3,99,5,1,80.0,0,N,MELB_URBAN,HIGHWAY,8,9.0
82420,1,3,135,1,1,40.0,0,I,MELB_URBAN,STREET,8,10.0
82421,1,3,121,1,1,60.0,0,I,MELB_URBAN,STREET,8,7.0
82422,4,2,99,1,1,60.0,0,I,MELB_URBAN,STREET,8,12.0
82423,1,3,110,1,1,50.0,0,I,SMALL_CITIES,STREET,8,12.0
82424,1,3,116,1,3,80.0,0,N,MELB_URBAN,ROAD,8,19.0
82425,1,3,110,1,1,50.0,0,I,MELB_URBAN,STREET,8,13.0
82426,1,3,130,5,1,60.0,0,N,MELB_URBAN,UNKNOWN,8,12.0
82427,1,3,99,5,1,60.0,0,N,MELB_URBAN,AVENUE,8,10.0
82428,1,3,130,5,1,100.0,0,N,MELB_URBAN,FREEWAY,8,9.0
82429,6,4,174,5,4,60.0,0,N,MELB_URBAN,BOULEVARD,8,19.0
82430,1,3,160,5,1,40.0,0,N,MELB_URBAN,ROAD,8,14.0
82431,4,2,183,5,1,60.0,0,N,MELB_URBAN,ROAD,8,14.0
82432,4,3,173,5,1,50.0,0,N,MELB_URBAN,STREET,8,14.0
82433,1,3,130,2,1,70.0,0,I,LARGE_PROVINCIAL_CITIES,HIGHWAY,8,9.0
82434,2,3,100,5,1,70.0,0,N,MELB_URBAN,ROAD,8,15.0
82435,1,2,99,4,3,60.0,0,I,MELB_URBAN,ROAD,8,18.0
82436,2,3,100,2,1,50.0,0,I,MELB_URBAN,ROAD,8,16.0
82437,1,2,130,5,1,60.0,0,N,RURAL_VICTORIA,ROAD,8,17.0
82438,4,2,171,5,5,100.0,0,N,RURAL_VICTORIA,ROAD,8,21.0
82439,4,3,171,5,3,60.0,0,N,MELB_URBAN,ROAD,8,23.0
82440,2,3,102,5,9,50.0,0,N,MELB_URBAN,ROAD,8,7.0
82441,4,3,171,5,3,60.0,0,N,MELB_URBAN,ROAD,8,19.0
82442,2,4,102,1,1,80.0,0,I,MELB_URBAN,ROAD,8,8.0
82443,1,4,110,1,1,50.0,0,I,MELB_URBAN,STREET,8,7.0
82444,1,4,130,1,1,70.0,0,I,MELB_URBAN,ROAD,8,9.0
82445,1,2,130,1,3,50.0,0,I,SMALL_CITIES,STREET,8,19.0
82446,1,4,130,2,1,80.0,0,I,MELB_URBAN,ROAD,8,10.0
82447,2,5,99,2,1,40.0,0,N,MELB_URBAN,OTHER,8,15.0
82448,1,1,99,2,1,60.0,0,I,MELB_URBAN,ROAD,8,9.0
82449,1,6,120,2,5,60.0,0,I,MELB_URBAN,ROAD,8,19.0
82450,5,1,99,5,6,50.0,0,N,MELB_URBAN,AVENUE,8,20.0
82451,1,3,130,5,1,80.0,0,N,MELB_URBAN,HIGHWAY,8,11.0
82452,1,1,116,2,3,60.0,0,I,TOWNS,ROAD,8,19.0
82453,1,4,130,5,1,40.0,0,N,MELBOURNE_CBD,STREET,8,12.0
82454,1,3,121,2,1,60.0,0,I,MELB_URBAN,STREET,8,8.0
82455,1,4,113,2,1,60.0,0,I,MELB_URBAN,ROAD,8,8.0
82456,6,4,174,5,1,50.0,0,N,TOWNS,STREET,8,13.0
82457,2,4,99,5,1,40.0,0,N,MELB_URBAN,STREET,8,8.0
82458,1,1,113,2,1,100.0,0,N,RURAL_VICTORIA,ROAD,8,16.0
82459,1,4,113,2,1,60.0,0,I,MELB_URBAN,ROAD,8,14.0
82460,1,4,130,5,1,100.0,0,N,MELB_URBAN,FREEWAY,8,8.0
82461,2,1,99,2,1,50.0,0,N,MELB_URBAN,ROAD,8,15.0
82462,1,2,130,1,1,70.0,0,I,MELB_URBAN,ROAD,8,16.0
82463,1,7,130,5,1,70.0,0,N,LARGE_PROVINCIAL_CITIES,HIGHWAY,8,13.0
82464,4,3,173,1,3,60.0,0,I,MELB_URBAN,ROAD,8,18.0
82465,4,3,181,5,2,70.0,0,N,MELB_URBAN,ROAD,8,16.0
82466,4,3,173,2,3,70.0,0,N,MELB_URBAN,ROAD,8,19.0
82467,1,3,121,1,3,70.0,0,I,SMALL_CITIES,ROAD,8,18.0
82468,4,4,171,5,5,80.0,0,N,SMALL_CITIES,HIGHWAY,8,19.0
82469,1,3,130,5,2,70.0,0,N,MELB_URBAN,ROAD,8,16.0
82470,1,4,99,5,1,70.0,0,N,MELB_URBAN,ROAD,8,16.0
82471,1,4,130,1,3,70.0,0,N,MELB_URBAN,ROAD,8,18.0
82472,1,4,113,2,3,60.0,0,I,MELB_URBAN,ROAD,8,5.0
82473,8,4,174,5,3,60.0,0,N,MELB_URBAN,ROAD,8,6.0
82474,1,2,121,1,3,60.0,0,I,MELB_URBAN,OTHER,8,19.0
82475,6,2,184,2,1,60.0,0,I,RURAL_VICTORIA,OTHER,12,10.0
82476,1,5,130,5,2,100.0,0,N,MELB_URBAN,FREEWAY,8,6.0
82477,1,2,120,5,1,100.0,0,N,RURAL_VICTORIA,HIGHWAY,8,12.0
82478,1,5,160,5,1,50.0,0,N,SMALL_CITIES,STREET,8,7.0
82479,1,3,121,2,1,60.0,0,N,RURAL_VICTORIA,ROAD,7,15.0
82480,1,4,99,1,3,80.0,0,I,MELB_URBAN,ROAD,8,18.0
82481,1,4,160,5,1,60.0,0,N,MELB_URBAN,STREET,8,5.0
82482,4,1,183,5,5,100.0,0,N,RURAL_VICTORIA,ROAD,6,22.0
82483,1,4,130,1,2,50.0,0,I,MELB_URBAN,ROAD,8,17.0
82484,1,4,130,5,1,60.0,0,N,MELB_URBAN,ROAD,8,17.0
82485,1,5,113,1,1,60.0,0,I,MELB_URBAN,STREET,8,8.0
82486,2,5,99,5,1,60.0,0,N,MELB_URBAN,ROAD,8,12.0
82487,1,2,121,1,1,60.0,0,I,LARGE_PROVINCIAL_CITIES,ROAD,8,16.0
82488,1,4,121,1,3,60.0,0,I,MELB_URBAN,STREET,8,19.0
82489,4,5,181,5,1,80.0,0,N,RURAL_VICTORIA,ROAD,8,14.0
82490,1,5,111,2,1,50.0,0,I,MELB_URBAN,STREET,8,15.0
82491,1,4,99,5,9,50.0,0,N,MELB_URBAN,STREET,8,16.0
82492,1,5,135,5,1,70.0,0,N,MELB_URBAN,ROAD,8,15.0
82493,6,6,174,5,3,50.0,0,N,MELB_URBAN,ROAD,8,21.0
82494,1,5,130,5,1,50.0,0,N,MELB_URBAN,STREET,8,15.0
82495,1,4,147,5,1,60.0,0,N,TOWNS,STREET,8,14.0
82496,1,4,130,2,1,50.0,0,I,MELB_URBAN,ROAD,7,17.0
82497,4,5,171,5,1,100.0,0,N,MELB_URBAN,UNKNOWN,8,16.0
82498,1,7,130,1,1,60.0,0,I,LARGE_PROVINCIAL_CITIES,STREET,8,13.0
82499,6,5,174,2,1,100.0,0,I,RURAL_VICTORIA,ROAD,8,14.0
82500,1,5,133,5,2,50.0,0,N,LARGE_PROVINCIAL_CITIES,AVENUE,8,17.0
82501,1,4,140,2,1,100.0,0,I,MELB_URBAN,HIGHWAY,8,15.0
82502,1,5,110,1,1,40.0,0,I,MELBOURNE_CBD,STREET,8,16.0
82503,1,5,120,5,1,90.0,0,N,RURAL_VICTORIA,ROAD,8,16.0
82504,1,5,110,1,2,50.0,0,N,SMALL_TOWNS,STREET,8,18.0
82505,1,5,130,1,1,70.0,0,I,MELB_URBAN,OTHER,12,12.0
82506,1,5,130,5,3,100.0,0,N,MELB_URBAN,FREEWAY,8,18.0
82507,1,5,121,2,3,70.0,0,I,MELB_URBAN,ROAD,8,17.0
82508,4,4,181,5,5,40.0,0,N,RURAL_VICTORIA,ROAD,8,19.0
82509,2,4,99,9,3,60.0,0,I,MELBOURNE_CBD,STREET,8,18.0
82510,4,5,171,2,3,50.0,0,I,MELB_URBAN,ROAD,8,5.0
82511,1,4,130,5,1,60.0,0,N,MELB_URBAN,ROAD,8,15.0
82512,1,4,111,2,3,60.0,0,I,MELB_URBAN,ROAD,8,23.0
82513,4,5,171,1,3,60.0,0,I,LARGE_PROVINCIAL_CITIES,STREET,8,22.0
82514,4,6,181,5,5,100.0,0,N,RURAL_VICTORIA,ROAD,8,0.0
82515,1,6,160,2,3,50.0,0,N,MELB_URBAN,DRIVE,8,1.0
82516,4,6,183,5,3,50.0,1,N,LARGE_PROVINCIAL_CITIES,STREET,8,1.0
82517,1,5,121,1,1,80.0,0,I,SMALL_CITIES,ROAD,8,13.0
82518,1,6,113,2,1,60.0,0,I,MELB_URBAN,ROAD,8,7.0
82519,6,7,184,2,1,60.0,0,I,RURAL_VICTORIA,ROAD,8,10.0
82520,1,5,147,5,3,60.0,0,N,MELB_URBAN,ROAD,8,22.0
82521,1,6,134,5,1,110.0,0,N,SMALL_CITIES,FREEWAY,8,7.0
82522,1,4,121,1,1,50.0,0,I,MELB_URBAN,ROAD,8,15.0
82523,2,6,99,5,1,60.0,0,N,MELB_URBAN,ROAD,8,10.0
82524,4,5,183,5,5,100.0,0,N,RURAL_VICTORIA,HIGHWAY,8,21.0
82525,1,1,121,2,1,80.0,0,I,RURAL_VICTORIA,ROAD,8,15.0
82526,1,5,121,4,1,50.0,0,I,MELB_URBAN,ROAD,8,13.0
82527,1,4,130,5,1,60.0,0,N,MELB_URBAN,ROAD,8,15.0
82528,4,2,181,5,5,100.0,0,N,RURAL_VICTORIA,ROAD,8,1.0
82529,6,6,99,5,1,100.0,0,N,RURAL_VICTORIA,ROAD,8,14.0
82530,1,5,110,1,1,60.0,0,I,SMALL_CITIES,ROAD,8,14.0
82531,1,6,110,1,1,60.0,0,I,SMALL_TOWNS,STREET,8,11.0
82532,1,6,130,5,1,70.0,0,N,MELB_URBAN,ROAD,8,15.0
82533,1,6,113,2,1,60.0,0,I,TOWNS,HIGHWAY,8,16.0
82534,1,5,130,2,1,80.0,0,I,MELB_URBAN,HIGHWAY,8,10.0
82535,1,6,130,5,1,60.0,0,N,MELB_URBAN,ROAD,8,16.0
82536,1,6,130,2,1,100.0,0,I,RURAL_VICTORIA,ROAD,8,16.0
82537,2,6,99,5,1,50.0,0,N,MELB_URBAN,AVENUE,8,16.0
82538,1,6,113,2,2,60.0,0,I,MELB_URBAN,DRIVE,8,17.0
82539,1,6,99,5,3,40.0,0,N,MELB_URBAN,ROAD,8,17.0
82540,1,5,130,5,1,80.0,0,N,MELB_URBAN,ROAD,8,15.0
82541,1,6,110,1,3,100.0,0,I,RURAL_VICTORIA,AVENUE,8,18.0
82542,1,6,110,1,5,80.0,0,I,RURAL_VICTORIA,HIGHWAY,8,20.0
82543,1,6,121,1,3,50.0,0,I,SMALL_CITIES,STREET,8,20.0
82544,2,6,99,5,3,40.0,0,N,MELBOURNE_CBD,STREET,8,22.0
82545,8,6,170,5,5,100.0,0,N,RURAL_VICTORIA,ROAD,8,18.0
82546,1,6,99,5,3,50.0,0,N,MELB_URBAN,ROAD,7,23.0
82547,1,6,120,5,3,60.0,0,N,MELB_URBAN,ROAD,8,0.0
82548,1,7,160,5,3,60.0,0,N,MELB_URBAN,ROAD,8,0.0
82549,4,6,171,5,5,100.0,0,N,RURAL_VICTORIA,ROAD,8,22.0
82550,4,6,181,5,3,60.0,0,N,SMALL_TOWNS,STREET,8,1.0
82551,1,6,160,5,3,50.0,0,N,MELB_URBAN,STREET,8,23.0
82552,4,6,171,1,3,80.0,0,I,MELB_URBAN,ROAD,8,1.0
82553,4,7,181,5,1,100.0,0,N,RURAL_VICTORIA,ROAD,8,6.0
82554,1,7,113,2,1,50.0,0,I,TOWNS,HIGHWAY,8,10.0
82555,1,6,110,1,1,60.0,0,I,SMALL_CITIES,STREET,8,10.0
82556,8,7,174,5,1,80.0,0,N,RURAL_VICTORIA,ROAD,8,10.0
82557,1,6,121,2,3,70.0,0,I,SMALL_CITIES,ROAD,8,20.0
82558,1,7,121,1,1,50.0,0,I,MELB_URBAN,ROAD,8,11.0
82559,2,7,102,2,1,50.0,0,I,SMALL_CITIES,STREET,8,11.0
82560,4,7,171,5,5,80.0,0,N,MELB_URBAN,ROAD,8,0.0
82561,1,7,130,5,1,70.0,0,N,MELB_URBAN,ROAD,8,14.0
82562,1,6,121,2,1,60.0,0,I,MELB_URBAN,ROAD,8,16.0
82563,1,6,120,5,1,60.0,0,N,MELB_URBAN,ROAD,8,11.0
82564,1,7,110,1,1,60.0,0,I,MELB_URBAN,STREET,8,15.0
82565,1,7,120,5,3,70.0,0,N,RURAL_VICTORIA,ROAD,8,18.0
82566,1,7,121,2,1,80.0,0,I,RURAL_VICTORIA,ROAD,8,16.0
82567,1,6,130,1,1,70.0,0,N,MELB_URBAN,ROAD,8,11.0
82568,1,7,110,1,3,80.0,0,N,MELB_URBAN,HIGHWAY,8,18.0
82569,4,7,181,5,5,80.0,0,N,RURAL_VICTORIA,ROAD,8,17.0
82570,1,6,132,4,3,60.0,0,I,MELB_URBAN,ROAD,8,21.0
82571,4,7,173,1,3,60.0,0,I,MELB_URBAN,ROAD,8,6.0
82572,1,3,134,5,9,80.0,0,I,MELB_URBAN,FREEWAY,1,12.0
82573,2,7,99,5,3,50.0,0,N,MELB_URBAN,ROAD,8,21.0
82574,4,1,173,5,3,100.0,0,N,MELB_URBAN,UNKNOWN,8,0.0
82575,4,7,183,5,1,60.0,0,N,LARGE_PROVINCIAL_CITIES,ROAD,8,12.0
82576,1,7,160,5,3,50.0,0,N,SMALL_CITIES,DRIVE,8,19.0
82577,4,1,183,5,5,100.0,1,N,RURAL_VICTORIA,ROAD,8,0.0
82578,2,7,99,5,1,40.0,0,N,MELBOURNE_CBD,STREET,8,12.0
82579,1,5,121,1,3,40.0,0,I,MELB_URBAN,STREET,8,18.0
82580,1,4,113,2,1,40.0,0,I,MELB_URBAN,STREET,8,8.0
82581,1,0,121,2,1,60.0,0,I,MELB_URBAN,DRIVE,8,11.0
82582,1,1,130,2,1,60.0,0,I,MELB_URBAN,STREET,8,11.0
82583,4,1,181,5,1,80.0,0,N,RURAL_VICTORIA,ROAD,8,10.0
82584,1,6,99,2,1,50.0,0,I,MELB_URBAN,BOULEVARD,8,10.0
82585,1,1,110,1,1,60.0,0,I,LARGE_PROVINCIAL_CITIES,STREET,8,14.0
82586,1,1,121,2,1,100.0,0,I,RURAL_VICTORIA,HIGHWAY,8,13.0
82587,1,1,110,1,1,80.0,0,I,SMALL_TOWNS,ROAD,8,14.0
82588,4,7,171,5,5,100.0,0,N,RURAL_VICTORIA,ROAD,8,1.0
82589,1,7,121,1,3,70.0,0,I,LARGE_PROVINCIAL_CITIES,HIGHWAY,8,19.0
82590,2,1,102,2,1,60.0,0,I,MELB_URBAN,ROAD,8,16.0
82591,4,6,171,5,1,110.0,0,N,RURAL_VICTORIA,HIGHWAY,8,19.0
82592,2,1,102,2,3,60.0,0,I,MELB_URBAN,ROAD,8,18.0
82593,4,0,173,5,3,70.0,0,N,MELB_URBAN,STREET,8,19.0
82594,1,1,113,1,3,80.0,1,I,MELB_URBAN,HIGHWAY,8,17.0
82595,1,5,113,2,1,80.0,0,I,MELB_URBAN,ROAD,8,7.0
82596,1,2,130,4,3,60.0,0,I,MELB_URBAN,HIGHWAY,8,2.0
82597,2,2,102,1,3,60.0,1,I,MELB_URBAN,STREET,8,0.0
82598,4,2,173,5,3,50.0,0,N,SMALL_CITIES,ROAD,8,0.0
82599,4,2,171,5,5,80.0,0,N,MELB_URBAN,ROAD,8,5.0
82600,1,6,130,2,1,40.0,0,I,MELB_URBAN,STREET,8,15.0
82601,2,2,99,5,1,40.0,0,N,MELB_URBAN,ROAD,8,8.0
82602,1,5,111,2,2,50.0,0,I,SMALL_CITIES,AVENUE,8,18.0
82603,6,2,174,5,1,100.0,0,N,MELB_URBAN,UNKNOWN,8,7.0
82604,2,3,102,1,1,50.0,0,I,MELB_URBAN,STREET,3,14.0
82605,6,2,99,5,1,100.0,0,N,RURAL_VICTORIA,ROAD,8,8.0
82606,1,1,130,5,1,80.0,0,I,MELB_URBAN,RAMP,8,10.0
82607,1,1,121,1,1,40.0,0,I,MELB_URBAN,ROAD,8,8.0
82608,8,6,174,5,1,60.0,0,N,RURAL_VICTORIA,UNKNOWN,8,15.0
82609,1,2,135,5,1,60.0,0,N,MELB_URBAN,PARADE,8,10.0
82610,1,1,147,2,3,80.0,0,N,MELB_URBAN,ROAD,8,19.0
82611,3,5,167,5,1,100.0,0,N,RURAL_VICTORIA,UNKNOWN,8,16.0
82612,1,2,130,5,1,80.0,0,N,RURAL_VICTORIA,FREEWAY,8,11.0
82613,1,1,130,5,5,100.0,0,N,MELB_URBAN,FREEWAY,8,21.0
82614,4,2,171,5,1,50.0,0,N,MELB_URBAN,ROAD,8,11.0
82615,1,2,130,1,1,40.0,0,I,MELBOURNE_CBD,STREET,8,15.0
82616,1,2,121,1,1,60.0,0,I,TOWNS,STREET,8,15.0
82617,1,2,99,5,1,60.0,0,N,MELB_URBAN,ROAD,8,14.0
82618,1,2,121,2,1,80.0,0,I,RURAL_VICTORIA,ROAD,8,16.0
82619,1,1,110,1,1,60.0,0,I,LARGE_PROVINCIAL_CITIES,STREET,8,16.0
82620,1,2,130,5,1,60.0,0,N,LARGE_PROVINCIAL_CITIES,ROAD,8,16.0
82621,6,0,174,5,1,60.0,0,N,RURAL_VICTORIA,OTHER,8,15.0
82622,1,2,121,5,3,50.0,0,N,MELB_URBAN,ROAD,8,18.0
82623,1,1,160,5,3,50.0,0,N,SMALL_CITIES,ROAD,8,21.0
82624,4,2,183,5,2,50.0,0,N,MELB_URBAN,OTHER,8,17.0
82625,1,2,130,4,3,80.0,0,I,MELB_URBAN,ROAD,8,18.0
82626,1,2,130,5,1,60.0,0,N,LARGE_PROVINCIAL_CITIES,STREET,8,15.0
82627,2,2,100,2,3,60.0,0,N,MELB_URBAN,STREET,8,20.0
82628,1,1,121,1,3,60.0,0,I,LARGE_PROVINCIAL_CITIES,STREET,8,20.0
82629,4,1,181,5,3,60.0,0,N,TOWNS,ROAD,8,23.0
82630,4,1,173,4,3,80.0,0,I,RURAL_VICTORIA,RAMP,8,21.0
82631,1,2,130,5,1,60.0,0,N,RURAL_VICTORIA,ROAD,8,8.0
82632,6,2,99,5,3,80.0,0,N,RURAL_VICTORIA,STREET,8,22.0
82633,1,2,121,2,3,70.0,0,I,MELB_URBAN,ROAD,8,23.0
82634,6,3,99,5,5,100.0,0,N,RURAL_VICTORIA,ROAD,8,1.0
82635,1,2,121,2,1,60.0,0,I,MELB_URBAN,ROAD,8,6.0
82636,1,3,121,2,2,60.0,0,I,MELB_URBAN,STREET,8,6.0
82637,1,2,130,5,2,80.0,0,N,MELB_URBAN,ROAD,8,6.0
82638,1,4,113,1,1,50.0,0,I,MELB_URBAN,STREET,8,16.0
82639,1,3,113,2,1,70.0,0,I,MELB_URBAN,ROAD,8,7.0
82640,1,3,113,2,1,70.0,0,I,MELB_URBAN,ROAD,8,8.0
82641,1,3,121,2,1,60.0,0,I,MELB_URBAN,ROAD,8,7.0
82642,1,3,160,5,2,60.0,1,N,MELB_URBAN,ROAD,8,6.0
82643,2,3,99,5,1,50.0,0,N,SMALL_CITIES,AVENUE,8,7.0
82644,1,3,110,1,1,80.0,0,I,MELB_URBAN,HIGHWAY,8,13.0
82645,1,3,110,1,1,60.0,0,I,MELB_URBAN,ROAD,8,7.0
82646,1,5,121,1,1,40.0,0,I,LARGE_PROVINCIAL_CITIES,STREET,8,14.0
82647,1,7,99,5,3,70.0,0,N,MELB_URBAN,ROAD,8,20.0
82648,8,3,174,5,3,50.0,0,N,MELB_URBAN,OTHER,8,20.0
82649,4,2,171,5,1,100.0,0,N,RURAL_VICTORIA,HIGHWAY,8,13.0
82650,1,3,160,5,1,50.0,0,N,MELB_URBAN,STREET,8,16.0
82651,1,3,134,5,1,60.0,0,N,MELB_URBAN,ROAD,8,12.0