,accident_type,day_of_week,dca_code,road_geometry,light_condition,speed_zone,severity,node_type,deg_urban_name,road_type,month,hour
82652,1,3,130,5,1,80.0,0,N,RURAL_VICTORIA,HIGHWAY,8,15.0
82653,4,3,173,5,1,100.0,0,N,RURAL_VICTORIA,ROAD,8,15.0
82654,1,3,163,5,1,40.0,0,N,MELB_URBAN,STREET,8,8.0
82655,1,3,111,4,9,80.0,0,I,LARGE_PROVINCIAL_CITIES,ROAD,8,18.0
82656,1,3,130,1,1,80.0,0,I,MELB_URBAN,ROAD,8,8.0
82657,1,1,160,5,3,50.0,0,N,MELB_URBAN,DRIVE,8,22.0
82658,1,3,130,5,1,60.0,0,N,MELB_URBAN,ROAD,8,10.0
82659,1,3,130,1,3,50.0,0,I,MELB_URBAN,STREET,8,20.0
82660,1,4,99,5,1,60.0,0,N,MELB_URBAN,ROAD,8,13.0
82661,1,3,121,1,2,70.0,0,I,MELB_URBAN,ROAD,8,6.0
82662,4,4,171,5,5,100.0,0,N,RURAL_VICTORIA,HIGHWAY,8,0.0
82663,1,3,99,2,1,50.0,0,I,MELB_URBAN,STREET,8,8.0
82664,1,4,163,5,1,50.0,0,N,MELB_URBAN,STREET,8,9.0
82665,2,7,102,2,1,50.0,0,I,MELB_URBAN,STREET,8,12.0
82666,1,2,130,5,1,60.0,0,N,MELB_URBAN,AVENUE,8,8.0
82667,1,3,113,2,1,70.0,0,I,MELB_URBAN,HIGHWAY,8,14.0
82668,1,3,160,5,1,60.0,0,N,MELB_URBAN,ROAD,8,10.0
82669,1,4,121,2,1,80.0,0,I,TOWNS,OTHER,8,10.0
82670,1,1,99,6,1,50.0,0,N,RURAL_VICTORIA,BOULEVARD,8,13.0
82671,4,4,171,2,1,60.0,0,N,MELB_URBAN,STREET,8,8.0
82672,1,4,113,2,1,60.0,0,I,MELB_URBAN,STREET,8,7.0
82673,4,4,171,2,1,80.0,0,I,MELB_URBAN,ROAD,8,11.0
82674,1,4,121,1,1,60.0,0,I,MELB_URBAN,UNKNOWN,8,10.0
82675,1,4,121,1,1,100.0,0,I,RURAL_VICTORIA,HIGHWAY,8,11.0
82676,1,4,99,5,1,40.0,0,N,LARGE_PROVINCIAL_CITIES,STREET,8,12.0
82677,2,3,100,1,1,60.0,0,O,MELB_URBAN,UNKNOWN,8,10.0
82678,1,4,130,1,1,60.0,0,I,MELB_URBAN,ROAD,8,14.0
82679,1,4,130,5,1,80.0,0,N,MELB_URBAN,ROAD,8,7.0
82680,4,4,173,5,1,80.0,0,N,RURAL_VICTORIA,ROAD,8,12.0
82681,1,4,130,1,1,80.0,0,I,MELB_URBAN,ROAD,8,16.0
82682,1,3,130,5,1,50.0,0,N,MELB_URBAN,ROAD,8,16.0
82683,1,3,130,4,1,60.0,0,I,MELB_URBAN,STREET,8,15.0
82684,1,4,130,5,1,60.0,0,N,MELB_URBAN,ROAD,8,10.0
82685,1,4,110,1,1,60.0,0,I,SMALL_CITIES,STREET,8,14.0
82686,8,4,174,1,1,50.0,0,I,LARGE_PROVINCIAL_CITIES,AVENUE,8,17.0
82687,1,4,134,5,1,100.0,0,N,MELB_URBAN,FREEWAY,8,16.0
82688,9,4,99,4,1,60.0,0,I,MELB_URBAN,RAMP,8,16.0
82689,2,3,102,1,3,50.0,0,I,MELB_URBAN,STREET,8,21.0
82690,1,3,121,2,5,100.0,0,I,SMALL_CITIES,ROAD,8,21.0
82691,2,4,100,5,1,70.0,0,N,MELB_URBAN,DRIVE,8,16.0
82692,1,3,99,2,3,50.0,0,N,MELB_URBAN,AVENUE,8,4.0
82693,1,5,140,2,1,70.0,0,I,MELB_URBAN,ROAD,8,9.0
82694,1,2,130,5,2,60.0,0,N,MELB_URBAN,RAMP,8,7.0
82695,4,5,99,5,1,40.0,0,N,MELB_URBAN,STREET,8,8.0
82696,1,5,116,1,1,60.0,0,I,TOWNS,STREET,8,10.0
82697,2,5,100,1,1,50.0,0,I,MELB_URBAN,STREET,8,9.0
82698,1,3,130,2,1,80.0,0,I,MELB_URBAN,ROAD,8,10.0
82699,1,5,135,5,1,80.0,0,N,MELB_URBAN,ROAD,8,10.0
82700,1,4,130,2,1,60.0,0,I,MELB_URBAN,ROAD,8,13.0
82701,1,4,110,1,1,60.0,0,I,MELB_URBAN,STREET,8,9.0
82702,1,4,130,5,1,100.0,0,N,MELB_URBAN,ROAD,8,8.0
82703,4,5,171,5,1,80.0,0,N,MELB_URBAN,ROAD,8,12.0
82704,1,4,113,2,1,50.0,0,I,MELB_URBAN,ROAD,8,11.0
82705,1,5,130,5,1,60.0,0,N,MELB_URBAN,STREET,8,10.0
82706,1,5,121,2,1,80.0,0,I,MELB_URBAN,ROAD,8,13.0
82707,1,4,160,5,1,50.0,0,N,MELB_URBAN,STREET,8,14.0
82708,1,4,113,2,1,60.0,0,I,MELB_URBAN,ROAD,8,12.0
82709,1,7,99,2,1,60.0,0,I,MELB_URBAN,ROAD,8,15.0
82710,1,5,160,5,1,50.0,0,N,MELB_URBAN,DRIVE,8,15.0
82711,1,5,130,5,1,60.0,0,N,MELB_URBAN,ROAD,8,12.0
82712,1,5,113,2,1,60.0,0,I,MELB_URBAN,ROAD,8,16.0
82713,1,5,130,5,1,80.0,0,N,MELB_URBAN,ROAD,8,15.0
82714,1,1,147,5,5,60.0,0,N,MELB_URBAN,DRIVE,8,22.0
82715,7,4,99,5,9,60.0,0,N,MELB_URBAN,STREET,4,17.0
82716,8,5,174,5,1,60.0,0,N,RURAL_VICTORIA,ROAD,8,15.0
82717,1,5,140,5,1,50.0,0,N,RURAL_VICTORIA,OTHER,8,17.0
82718,2,5,102,1,1,40.0,0,I,MELB_URBAN,STREET,8,15.0
82719,8,4,174,1,1,40.0,0,I,MELB_URBAN,ROAD,8,8.0
82720,1,2,121,1,1,60.0,0,I,MELB_URBAN,PARADE,8,16.0
82721,1,5,110,1,2,50.0,0,I,MELB_URBAN,STREET,8,18.0
82722,1,5,140,1,1,50.0,0,I,TOWNS,STREET,8,16.0
82723,1,5,110,1,3,60.0,0,I,MELB_URBAN,STREET,8,19.0
82724,8,5,174,5,3,50.0,0,N,MELB_URBAN,DRIVE,8,20.0
82725,1,4,147,5,1,60.0,0,N,MELB_URBAN,DRIVE,8,9.0
82726,1,5,133,5,3,60.0,0,N,MELB_URBAN,STREET,8,19.0
82727,1,5,113,1,3,60.0,0,I,MELB_URBAN,ROAD,8,20.0
82728,1,5,130,5,3,60.0,0,N,MELB_URBAN,ROAD,8,18.0
82729,1,5,121,2,1,50.0,0,I,MELB_URBAN,STREET,8,15.0
82730,1,5,121,1,3,40.0,0,I,MELBOURNE_CBD,STREET,8,22.0
82731,1,5,130,5,5,60.0,0,N,RURAL_VICTORIA,ROAD,8,23.0
82732,1,5,130,5,5,100.0,0,N,RURAL_VICTORIA,HIGHWAY,8,18.0
82733,1,6,160,5,3,60.0,0,N,MELB_URBAN,ROAD,9,4.0
82734,1,4,132,3,1,100.0,0,I,RURAL_VICTORIA,OTHER,8,14.0
82735,1,6,130,5,1,40.0,0,N,SMALL_CITIES,STREET,9,9.0
82736,1,6,110,1,1,50.0,0,I,MELB_URBAN,STREET,9,7.0
82737,1,6,130,1,1,60.0,0,I,MELB_URBAN,ROAD,9,10.0
82738,1,6,121,2,1,80.0,0,I,SMALL_CITIES,HIGHWAY,9,10.0
82739,1,2,99,5,1,60.0,0,N,MELB_URBAN,PARADE,2,15.0
82740,1,6,111,2,1,60.0,0,I,MELB_URBAN,STREET,9,11.0
82741,1,1,130,1,1,80.0,0,I,SMALL_TOWNS,HIGHWAY,8,12.0
82742,1,6,99,5,1,100.0,1,N,RURAL_VICTORIA,ROAD,9,10.0
82743,1,6,135,5,1,100.0,0,N,MELB_URBAN,UNKNOWN,9,9.0
82744,1,7,111,1,1,60.0,0,I,MELB_URBAN,ROAD,8,16.0
82745,1,6,113,4,1,60.0,0,N,MELB_URBAN,ROAD,9,13.0
82746,1,6,121,2,1,60.0,0,I,MELB_URBAN,OTHER,9,11.0
82747,1,6,121,2,1,60.0,0,I,MELB_URBAN,STREET,9,13.0
82748,1,4,163,2,3,40.0,0,I,MELB_URBAN,STREET,8,20.0
82749,1,3,110,1,1,60.0,0,I,SMALL_CITIES,STREET,8,8.0
82750,8,5,99,5,1,100.0,0,N,RURAL_VICTORIA,HIGHWAY,9,13.0
82751,1,6,130,5,1,60.0,0,N,MELB_URBAN,ROAD,9,14.0
82752,2,5,100,5,1,60.0,0,N,MELB_URBAN,STREET,8,16.0
82753,1,6,130,2,1,60.0,0,I,MELB_URBAN,ROAD,9,15.0
82754,1,6,130,5,1,60.0,0,N,MELB_URBAN,ROAD,9,12.0
82755,4,6,173,5,1,110.0,0,N,RURAL_VICTORIA,FREEWAY,9,15.0
82756,4,5,99,2,5,80.0,0,I,RURAL_VICTORIA,ROAD,8,19.0
82757,1,6,140,5,1,80.0,0,N,MELB_URBAN,HIGHWAY,9,17.0
82758,1,6,110,1,1,100.0,0,I,RURAL_VICTORIA,ROAD,9,16.0
82759,1,6,130,5,1,60.0,0,N,RURAL_VICTORIA,HIGHWAY,9,15.0
82760,1,6,99,2,1,80.0,0,I,RURAL_VICTORIA,ROAD,9,16.0
82761,4,6,171,5,3,60.0,0,N,MELB_URBAN,ROAD,9,1.0
82762,2,5,100,1,1,50.0,0,I,TOWNS,STREET,9,16.0
82763,4,5,173,5,2,100.0,0,N,RURAL_VICTORIA,ROAD,9,18.0
82764,1,6,130,5,1,80.0,0,N,MELB_URBAN,FREEWAY,9,17.0
82765,1,6,99,5,5,70.0,0,N,RURAL_VICTORIA,OTHER,9,18.0
82766,1,5,121,2,2,80.0,0,I,MELB_URBAN,HIGHWAY,9,18.0
82767,4,6,173,1,3,60.0,0,I,MELB_URBAN,OTHER,9,19.0
82768,4,5,171,5,1,100.0,0,N,RURAL_VICTORIA,HIGHWAY,8,14.0
82769,4,6,171,5,1,100.0,0,N,RURAL_VICTORIA,ROAD,9,17.0
82770,1,4,110,4,9,40.0,0,I,MELB_URBAN,STREET,8,16.0
82771,4,5,181,5,3,50.0,0,N,MELB_URBAN,PARADE,9,23.0
82772,1,6,113,1,1,80.0,0,I,RURAL_VICTORIA,ROAD,9,15.0
82773,1,0,121,5,1,50.0,0,N,MELB_URBAN,ROAD,8,11.0
82774,1,0,113,2,1,50.0,0,I,MELB_URBAN,ROAD,8,15.0
82775,4,7,171,5,2,100.0,0,N,RURAL_VICTORIA,ROAD,9,5.0
82776,1,7,130,2,1,60.0,0,N,MELB_URBAN,ROAD,9,11.0
82777,1,7,110,1,1,60.0,0,I,MELB_URBAN,STREET,9,12.0
82778,1,6,121,1,1,40.0,0,I,MELB_URBAN,ROAD,9,15.0
82779,4,7,183,5,1,50.0,0,N,MELB_URBAN,OTHER,9,12.0
82780,1,7,116,4,1,60.0,0,I,RURAL_VICTORIA,ROAD,9,10.0
82781,1,6,121,2,1,80.0,0,I,TOWNS,ROAD,9,14.0
82782,1,7,110,1,1,60.0,0,I,LARGE_PROVINCIAL_CITIES,ROAD,9,13.0
82783,1,7,121,2,1,60.0,0,I,MELB_URBAN,ROAD,9,14.0
82784,1,7,120,5,1,100.0,0,N,RURAL_VICTORIA,HIGHWAY,9,15.0
82785,1,7,135,5,2,80.0,0,N,MELB_URBAN,UNKNOWN,9,17.0
82786,8,7,99,1,1,60.0,0,I,MELB_URBAN,BOULEVARD,9,17.0
82787,1,6,99,5,1,50.0,0,N,MELB_URBAN,OTHER,9,10.0
82788,4,5,171,5,5,100.0,0,N,RURAL_VICTORIA,ROAD,8,21.0
82789,1,7,99,2,3,70.0,0,I,MELB_URBAN,ROAD,9,20.0
82790,4,7,181,5,5,100.0,1,N,RURAL_VICTORIA,ROAD,9,19.0
82791,2,1,100,5,3,50.0,0,N,MELB_URBAN,PARADE,9,0.0
82792,4,1,181,5,3,50.0,1,N,SMALL_CITIES,DRIVE,9,4.0
82793,1,0,121,1,1,60.0,0,I,MELB_URBAN,PARADE,9,9.0
82794,4,1,181,5,1,80.0,0,N,RURAL_VICTORIA,ROAD,9,11.0
82795,1,1,130,5,1,60.0,0,N,SMALL_CITIES,STREET,9,12.0
82796,1,1,113,2,1,60.0,0,I,LARGE_PROVINCIAL_CITIES,ROAD,9,13.0
82797,1,1,121,1,1,60.0,0,I,MELB_URBAN,STREET,9,14.0
82798,3,6,167,5,5,80.0,0,N,RURAL_VICTORIA,ROAD,9,23.0
82799,1,0,120,5,1,100.0,0,N,RURAL_VICTORIA,ROAD,9,14.0
82800,1,0,130,2,1,60.0,0,I,RURAL_VICTORIA,ROAD,9,13.0
82801,2,1,99,5,1,40.0,0,N,MELB_URBAN,STREET,9,15.0
82802,1,1,130,5,1,60.0,0,N,MELB_URBAN,ROAD,9,14.0
82803,1,3,130,5,9,70.0,0,N,MELB_URBAN,ROAD,8,9.0
82804,1,1,130,5,1,60.0,0,N,TOWNS,STREET,9,15.0
82805,8,6,174,2,1,40.0,0,I,MELB_URBAN,STREET,9,14.0
82806,1,1,120,5,1,100.0,1,N,RURAL_VICTORIA,HIGHWAY,9,14.0
82807,4,1,183,2,1,50.0,0,N,MELB_URBAN,DRIVE,9,17.0
82808,4,1,181,5,1,100.0,0,N,RURAL_VICTORIA,ROAD,9,16.0
82809,1,1,120,5,1,80.0,1,N,RURAL_VICTORIA,ROAD,9,16.0
82810,2,1,99,5,3,60.0,0,N,MELB_URBAN,DRIVE,9,23.0
82811,4,1,181,5,4,50.0,0,N,MELB_URBAN,BOULEVARD,9,23.0
82812,1,2,160,5,3,50.0,0,N,SMALL_CITIES,STREET,9,2.0
82813,1,2,160,5,3,60.0,0,N,LARGE_PROVINCIAL_CITIES,STREET,9,1.0
82814,1,2,130,5,1,60.0,0,N,MELB_URBAN,DRIVE,9,8.0
82815,1,2,130,5,1,100.0,0,N,MELB_URBAN,FREEWAY,9,7.0
82816,1,2,121,5,1,60.0,0,N,MELB_URBAN,ROAD,9,8.0
82817,1,6,99,1,1,50.0,0,I,MELB_URBAN,BOULEVARD,9,7.0
82818,1,4,121,2,2,50.0,0,I,MELB_URBAN,AVENUE,8,17.0
82819,1,2,160,5,1,60.0,0,N,TOWNS,STREET,9,12.0
82820,1,2,121,2,1,80.0,0,I,RURAL_VICTORIA,HIGHWAY,9,13.0
82821,1,1,140,5,1,60.0,0,N,TOWNS,ROAD,9,16.0
82822,1,1,130,5,1,60.0,0,N,TOWNS,STREET,9,13.0
82823,4,6,181,5,5,100.0,0,N,RURAL_VICTORIA,ROAD,8,20.0
82824,4,2,181,5,9,50.0,0,N,LARGE_PROVINCIAL_CITIES,OTHER,9,15.0
82825,1,2,140,5,1,50.0,0,N,MELB_URBAN,STREET,9,16.0
82826,4,2,181,5,1,80.0,0,N,RURAL_VICTORIA,ROAD,9,15.0
82827,1,2,147,5,1,60.0,0,N,SMALL_CITIES,STREET,9,17.0
82828,1,2,130,1,1,100.0,0,N,MELB_URBAN,HIGHWAY,9,16.0
82829,6,1,99,5,2,100.0,0,N,RURAL_VICTORIA,ROAD,9,18.0
82830,1,2,130,5,9,60.0,0,N,MELB_URBAN,ROAD,9,16.0
82831,1,2,121,1,1,60.0,0,I,MELB_URBAN,STREET,9,16.0
82832,1,2,130,2,1,70.0,0,N,MELB_URBAN,ROAD,9,16.0
82833,2,2,100,2,1,50.0,0,I,MELB_URBAN,ROAD,9,16.0
82834,1,2,120,5,1,100.0,1,N,RURAL_VICTORIA,HIGHWAY,9,16.0
82835,1,0,113,2,3,60.0,0,I,MELB_URBAN,ROAD,9,0.0
82836,1,1,163,5,3,40.0,0,N,MELB_URBAN,ROAD,9,19.0
82837,1,1,121,5,3,60.0,0,N,MELB_URBAN,ROAD,9,21.0
82838,1,2,121,1,3,70.0,0,N,MELB_URBAN,ROAD,9,21.0
82839,1,2,121,1,3,60.0,0,I,MELB_URBAN,ROAD,9,22.0
82840,1,2,116,2,3,60.0,0,I,MELB_URBAN,ROAD,9,5.0
82841,8,1,99,5,5,100.0,0,N,RURAL_VICTORIA,ROAD,9,20.0
82842,4,2,171,5,5,100.0,0,N,RURAL_VICTORIA,HIGHWAY,9,20.0
82843,1,1,110,1,1,50.0,0,I,MELB_URBAN,STREET,9,13.0
82844,4,2,171,5,1,60.0,0,N,MELB_URBAN,AVENUE,9,7.0
82845,1,2,113,2,2,40.0,0,I,MELB_URBAN,ROAD,9,17.0
82846,1,3,116,2,1,60.0,0,I,MELB_URBAN,ROAD,9,7.0
82847,1,3,111,2,1,60.0,0,I,MELB_URBAN,ROAD,9,8.0
82848,1,3,121,1,1,50.0,0,I,LARGE_PROVINCIAL_CITIES,STREET,9,9.0
82849,2,3,100,1,1,60.0,0,I,MELB_URBAN,STREET,9,11.0
82850,6,6,99,2,5,100.0,0,N,SMALL_TOWNS,ROAD,9,23.0
82851,6,7,99,5,1,100.0,0,N,RURAL_VICTORIA,ROAD,9,13.0
82852,1,6,160,5,3,50.0,0,N,MELB_URBAN,STREET,8,3.0
82853,1,3,135,5,1,60.0,0,N,LARGE_PROVINCIAL_CITIES,ROAD,9,13.0
82854,1,3,113,1,1,80.0,0,I,SMALL_CITIES,ROAD,9,15.0
82855,1,2,110,1,1,70.0,0,I,MELB_URBAN,ROAD,8,13.0
82856,1,5,130,2,1,80.0,0,I,MELB_URBAN,HIGHWAY,9,10.0
82857,1,3,130,5,1,100.0,0,N,RURAL_VICTORIA,FREEWAY,9,16.0
82858,4,3,171,5,1,100.0,0,N,RURAL_VICTORIA,ROAD,9,14.0
82859,2,3,102,1,1,50.0,0,I,MELB_URBAN,ROAD,9,15.0
82860,1,2,99,5,1,60.0,0,N,SMALL_CITIES,AVENUE,9,17.0
82861,1,3,110,1,1,50.0,0,I,LARGE_PROVINCIAL_CITIES,STREET,9,17.0
82862,4,2,181,5,1,100.0,0,N,RURAL_VICTORIA,HIGHWAY,9,16.0
82863,2,3,100,1,3,50.0,0,I,SMALL_CITIES,ROAD,9,18.0
82864,4,3,171,5,3,80.0,0,N,MELB_URBAN,RAMP,9,17.0
82865,1,3,140,5,3,60.0,0,N,MELB_URBAN,ROAD,9,17.0
82866,1,3,121,1,3,40.0,0,I,LARGE_PROVINCIAL_CITIES,STREET,9,18.0
82867,1,3,110,1,3,80.0,0,I,SMALL_TOWNS,ROAD,9,21.0
82868,2,3,99,5,3,80.0,0,N,MELB_URBAN,ROAD,9,19.0
82869,4,3,183,4,3,60.0,0,I,SMALL_CITIES,DRIVE,9,23.0
82870,4,3,183,5,3,60.0,0,N,MELB_URBAN,RAMP,9,22.0
82871,1,4,99,5,3,50.0,0,N,RURAL_VICTORIA,OTHER,9,3.0
82872,2,5,102,5,1,40.0,0,N,MELB_URBAN,ROAD,8,8.0
82873,1,3,133,5,2,70.0,0,N,RURAL_VICTORIA,ROAD,9,6.0
82874,1,3,121,2,1,50.0,0,I,MELB_URBAN,STREET,9,15.0
82875,1,4,110,4,1,60.0,0,I,MELB_URBAN,STREET,8,16.0
82876,1,1,160,5,1,50.0,0,N,MELB_URBAN,AVENUE,8,11.0
82877,1,4,130,5,1,80.0,0,N,RURAL_VICTORIA,ROAD,9,10.0
82878,1,4,147,5,1,60.0,0,N,MELB_URBAN,STREET,9,8.0
82879,4,4,181,5,1,100.0,0,N,RURAL_VICTORIA,ROAD,9,11.0
82880,1,4,113,1,1,80.0,0,I,MELB_URBAN,ROAD,9,13.0
82881,1,4,130,5,1,60.0,0,N,MELB_URBAN,FREEWAY,9,11.0
82882,1,1,134,5,1,80.0,0,N,RURAL_VICTORIA,ROAD,8,17.0
82883,1,4,113,1,1,60.0,0,I,MELB_URBAN,ROAD,9,10.0
82884,4,4,181,5,1,100.0,0,N,RURAL_VICTORIA,ROAD,9,14.0
82885,2,4,100,1,1,50.0,0,I,MELB_URBAN,BOULEVARD,9,9.0
82886,1,4,110,1,1,40.0,0,N,MELB_URBAN,ROAD,9,15.0
82887,1,4,160,5,1,60.0,0,N,MELB_URBAN,ROAD,9,15.0
82888,4,4,171,5,1,100.0,0,N,RURAL_VICTORIA,ROAD,9,16.0
82889,1,3,121,2,1,50.0,0,I,MELB_URBAN,ROAD,9,14.0
82890,1,6,130,4,2,60.0,0,I,MELB_URBAN,ROAD,5,18.0
82891,1,3,121,1,3,50.0,0,I,MELB_URBAN,STREET,9,18.0
82892,2,4,99,5,1,60.0,0,N,MELB_URBAN,ROAD,9,16.0
82893,1,3,120,5,3,60.0,0,N,MELB_URBAN,ROAD,9,20.0
82894,1,4,130,2,3,60.0,0,I,MELB_URBAN,ROAD,9,21.0
82895,4,4,171,4,3,60.0,0,I,MELB_URBAN,STREET,9,19.0
82896,4,0,99,5,1,30.0,0,N,MELBOURNE_CBD,STREET,8,15.0
82897,4,4,181,5,5,80.0,0,N,MELB_URBAN,ROAD,9,23.0
82898,1,5,130,5,1,80.0,0,N,MELB_URBAN,RAMP,8,16.0
82899,1,3,110,1,1,50.0,0,I,MELB_URBAN,AVENUE,8,14.0
82900,1,3,110,1,1,60.0,0,I,SMALL_CITIES,STREET,8,11.0
82901,1,5,99,5,1,80.0,0,N,MELB_URBAN,UNKNOWN,9,10.0
82902,8,0,174,1,3,60.0,0,I,MELB_URBAN,STREET,8,5.0
82903,1,5,121,1,1,70.0,0,I,MELB_URBAN,STREET,9,10.0
82904,1,5,140,5,1,60.0,0,N,MELB_URBAN,ROAD,9,8.0
82905,1,4,113,2,6,50.0,0,I,SMALL_CITIES,ROAD,8,23.0
82906,1,3,99,2,1,40.0,0,I,MELB_URBAN,STREET,8,11.0
82907,1,5,130,1,1,60.0,0,I,MELB_URBAN,STREET,9,13.0
82908,1,4,147,5,1,60.0,0,N,MELB_URBAN,ROAD,10,13.0
82909,2,6,102,2,3,50.0,0,N,TOWNS,STREET,9,23.0
82910,2,4,100,5,3,50.0,0,N,TOWNS,OTHER,9,19.0
82911,4,5,171,5,1,60.0,0,N,SMALL_CITIES,ROAD,9,15.0
82912,1,5,116,2,1,60.0,0,I,MELB_URBAN,BOULEVARD,9,7.0
82913,1,4,111,1,1,60.0,0,I,RURAL_VICTORIA,HIGHWAY,8,15.0
82914,4,4,173,5,1,80.0,0,N,MELB_URBAN,UNKNOWN,9,15.0
82915,8,5,174,1,1,60.0,0,I,TOWNS,STREET,9,15.0
82916,1,6,147,5,1,60.0,0,N,MELB_URBAN,ROAD,9,14.0
82917,1,4,132,2,1,60.0,0,I,SMALL_CITIES,ROAD,9,16.0
82918,1,5,147,5,1,60.0,0,N,MELB_URBAN,STREET,9,17.0
82919,1,5,116,1,1,60.0,0,I,MELB_URBAN,ROAD,9,16.0
82920,4,3,171,1,1,60.0,0,I,MELB_URBAN,ROAD,9,11.0
82921,1,5,160,5,3,50.0,0,N,MELB_URBAN,OTHER,9,18.0
82922,1,5,130,2,1,60.0,0,I,MELB_URBAN,AVENUE,9,16.0
82923,1,5,147,5,1,50.0,0,N,MELB_URBAN,STREET,9,15.0
82924,1,4,110,1,1,60.0,0,N,MELB_URBAN,ROAD,9,7.0
82925,1,2,111,2,1,50.0,0,I,LARGE_PROVINCIAL_CITIES,STREET,6,13.0
82926,4,5,173,5,1,70.0,0,I,SMALL_CITIES,STREET,9,16.0
82927,1,4,113,2,3,80.0,0,I,RURAL_VICTORIA,DRIVE,9,20.0
82928,1,5,163,5,1,50.0,0,N,MELB_URBAN,STREET,9,17.0
82929,1,4,113,1,1,60.0,0,I,MELB_URBAN,ROAD,9,16.0
82930,2,5,102,1,1,60.0,1,I,MELB_URBAN,ROAD,9,16.0
82931,4,5,171,2,3,70.0,0,I,MELB_URBAN,DRIVE,9,21.0
82932,1,3,130,2,1,80.0,0,N,MELB_URBAN,ROAD,9,9.0
82933,2,5,100,1,3,60.0,0,I,MELB_URBAN,ROAD,9,21.0
82934,1,5,130,5,1,80.0,0,N,MELB_URBAN,HIGHWAY,9,17.0
82935,1,4,110,1,3,60.0,0,N,MELB_URBAN,ROAD,9,23.0
82936,1,5,110,1,1,80.0,0,N,MELB_URBAN,ROAD,9,7.0
82937,2,5,102,2,1,60.0,0,I,SMALL_TOWNS,STREET,9,8.0
82938,4,5,171,5,5,80.0,0,N,MELB_URBAN,ROAD,9,22.0
82939,1,6,120,5,1,80.0,0,N,RURAL_VICTORIA,DRIVE,9,7.0
82940,2,5,100,1,1,40.0,0,I,MELB_URBAN,STREET,9,9.0
82941,1,5,130,5,1,50.0,0,N,MELB_URBAN,ROAD,9,9.0
82942,1,5,130,5,1,60.0,0,N,RURAL_VICTORIA,FREEWAY,6,16.0
82943,2,5,102,4,1,60.0,0,I,MELB_URBAN,ROAD,9,7.0
82944,1,6,130,1,1,80.0,0,I,RURAL_VICTORIA,RAMP,2,12.0
82945,3,2,167,5,1,100.0,0,N,RURAL_VICTORIA,ROAD,9,8.0
82946,1,4,133,1,1,80.0,0,I,MELB_URBAN,ROAD,8,16.0
82947,1,6,121,2,1,60.0,0,I,MELB_URBAN,PARADE,5,14.0
82948,1,4,140,2,1,50.0,0,I,SMALL_CITIES,OTHER,9,16.0
82949,1,6,121,2,1,60.0,0,I,MELB_URBAN,STREET,9,14.0
82950,4,6,173,5,1,80.0,0,N,MELB_URBAN,ROAD,9,12.0
82951,8,6,184,2,1,60.0,0,I,MELB_URBAN,STREET,9,15.0
82952,1,6,99,2,1,50.0,0,I,MELB_URBAN,ROAD,9,15.0
82953,1,5,130,1,9,60.0,0,I,MELB_URBAN,STREET,9,7.0
82954,1,6,111,1,1,40.0,0,I,MELB_URBAN,STREET,9,17.0
82955,1,5,163,5,2,60.0,0,N,MELB_URBAN,ROAD,9,17.0
82956,1,2,110,1,1,50.0,0,I,MELB_URBAN,STREET,9,13.0
82957,1,5,130,5,3,40.0,0,N,MELB_URBAN,STREET,9,18.0
82958,1,6,130,5,1,80.0,0,N,RURAL_VICTORIA,HIGHWAY,9,16.0
82959,1,6,130,1,3,60.0,0,I,MELB_URBAN,STREET,9,19.0
82960,1,6,147,5,3,50.0,0,N,MELB_URBAN,ROAD,9,18.0
82961,1,5,113,2,3,60.0,0,I,MELB_URBAN,STREET,9,18.0
82962,2,6,100,2,3,60.0,0,I,MELB_URBAN,ROAD,9,19.0
82963,1,1,130,5,1,80.0,0,N,MELB_URBAN,OTHER,9,12.0
82964,1,6,120,5,3,80.0,0,N,TOWNS,HIGHWAY,9,19.0
82965,1,5,130,5,3,60.0,0,N,MELB_URBAN,ROAD,9,18.0
82966,1,6,121,2,3,60.0,0,I,MELB_URBAN,ROAD,9,21.0
82967,4,6,173,5,1,80.0,0,N,RURAL_VICTORIA,ROAD,9,16.0
82968,4,7,171,5,5,100.0,0,N,RURAL_VICTORIA,ROAD,9,0.0
82969,1,6,120,5,3,50.0,1,N,SMALL_CITIES,OTHER,9,19.0
82970,4,6,181,5,5,80.0,0,N,RURAL_VICTORIA,ROAD,9,3.0
82971,1,7,110,1,1,50.0,0,I,MELB_URBAN,STREET,9,9.0
82972,1,7,133,5,1,80.0,0,N,LARGE_PROVINCIAL_CITIES,HIGHWAY,9,9.0
82973,1,7,116,2,1,60.0,0,I,MELB_URBAN,ROAD,9,9.0
82974,1,7,111,2,1,100.0,0,I,RURAL_VICTORIA,HIGHWAY,9,9.0
82975,1,5,130,5,1,80.0,0,N,MELB_URBAN,HIGHWAY,9,12.0
82976,1,6,120,5,1,60.0,0,N,RURAL_VICTORIA,ROAD,9,9.0
82977,1,7,121,1,1,50.0,0,I,LARGE_PROVINCIAL_CITIES,STREET,9,12.0
82978,1,6,113,2,3,60.0,0,I,MELB_URBAN,STREET,9,19.0
82979,1,6,130,1,1,70.0,0,N,MELB_URBAN,ROAD,9,10.0
82980,1,6,130,5,1,60.0,0,N,LARGE_PROVINCIAL_CITIES,ROAD,9,13.0
82981,1,7,110,1,1,100.0,1,I,RURAL_VICTORIA,HIGHWAY,9,8.0
82982,1,7,99,2,1,100.0,0,I,RURAL_VICTORIA,HIGHWAY,9,13.0
82983,2,7,100,5,1,60.0,0,N,MELB_URBAN,ROAD,9,13.0
82984,4,7,181,5,1,100.0,0,N,RURAL_VICTORIA,ROAD,9,12.0