,accident_type,day_of_week,dca_code,road_geometry,light_condition,speed_zone,severity,node_type,deg_urban_name,road_type,month,hour
82985,1,7,121,2,1,60.0,0,I,MELB_URBAN,ROAD,9,8.0
82986,1,7,130,2,1,60.0,0,I,MELB_URBAN,ROAD,9,12.0
82987,2,7,99,2,1,60.0,0,I,TOWNS,OTHER,9,15.0
82988,1,7,121,1,1,80.0,0,I,MELB_URBAN,ROAD,9,15.0
82989,1,7,130,2,1,60.0,0,I,MELB_URBAN,ROAD,9,14.0
82990,1,7,120,5,3,60.0,0,N,MELB_URBAN,ROAD,9,0.0
82991,8,1,174,5,9,50.0,0,N,MELB_URBAN,STREET,9,15.0
82992,8,7,170,2,1,60.0,0,I,MELB_URBAN,ROAD,9,14.0
82993,4,7,171,5,1,80.0,0,N,RURAL_VICTORIA,ROAD,9,16.0
82994,1,7,110,1,3,60.0,0,I,MELB_URBAN,STREET,9,2.0
82995,2,7,102,5,1,60.0,0,N,TOWNS,OTHER,9,16.0
82996,6,7,99,1,1,80.0,0,I,MELB_URBAN,HIGHWAY,9,15.0
82997,2,7,99,5,2,60.0,0,N,RURAL_VICTORIA,ROAD,9,18.0
82998,1,1,116,2,9,50.0,0,I,MELB_URBAN,STREET,8,17.0
82999,2,7,99,5,1,60.0,0,N,MELBOURNE_CBD,OTHER,9,14.0
83000,1,7,147,5,3,60.0,0,N,MELB_URBAN,ROAD,9,20.0
83001,4,7,181,5,5,80.0,0,N,RURAL_VICTORIA,ROAD,9,23.0
83002,1,7,116,1,3,40.0,0,I,MELB_URBAN,STREET,9,23.0
83003,1,1,110,1,3,60.0,0,I,LARGE_PROVINCIAL_CITIES,STREET,9,0.0
83004,1,3,121,5,1,60.0,0,N,MELB_URBAN,STREET,9,16.0
83005,1,1,110,1,1,70.0,0,I,MELB_URBAN,ROAD,9,9.0
83006,1,5,130,5,1,100.0,0,N,MELB_URBAN,FREEWAY,2,7.0
83007,4,1,181,5,1,60.0,0,N,SMALL_CITIES,STREET,9,10.0
83008,2,1,100,5,1,60.0,0,N,MELB_URBAN,ROAD,9,12.0
83009,1,1,116,1,1,60.0,0,I,MELB_URBAN,ROAD,9,9.0
83010,6,1,174,1,1,60.0,0,I,SMALL_CITIES,STREET,9,11.0
83011,4,1,171,1,1,80.0,0,I,MELB_URBAN,ROAD,9,12.0
83012,4,1,181,5,1,100.0,0,N,RURAL_VICTORIA,ROAD,9,13.0
83013,1,1,160,2,1,60.0,0,I,MELB_URBAN,STREET,9,13.0
83014,1,0,140,5,1,50.0,0,N,MELB_URBAN,ROAD,9,13.0
83015,4,1,183,2,1,50.0,0,I,LARGE_PROVINCIAL_CITIES,AVENUE,9,14.0
83016,1,1,130,4,1,80.0,0,I,RURAL_VICTORIA,HIGHWAY,9,16.0
83017,1,1,120,5,1,80.0,1,N,MELB_URBAN,HIGHWAY,9,12.0
83018,1,1,160,5,1,60.0,0,N,MELB_URBAN,ROAD,9,14.0
83019,4,1,171,1,1,60.0,0,I,MELB_URBAN,STREET,9,17.0
83020,2,1,100,1,1,60.0,0,I,MELB_URBAN,ROAD,9,16.0
83021,4,1,183,5,1,100.0,0,N,RURAL_VICTORIA,ROAD,9,11.0
83022,1,1,130,1,3,60.0,0,I,MELB_URBAN,STREET,9,22.0
83023,1,1,99,2,1,60.0,0,I,MELB_URBAN,STREET,9,14.0
83024,1,1,99,5,1,30.0,0,N,RURAL_VICTORIA,ROAD,9,15.0
83025,6,1,99,5,5,100.0,0,N,RURAL_VICTORIA,ROAD,9,18.0
83026,1,1,113,2,2,70.0,0,I,MELB_URBAN,ROAD,9,18.0
83027,1,1,163,5,3,60.0,0,N,MELB_URBAN,STREET,9,20.0
83028,4,1,181,2,1,50.0,0,I,MELB_URBAN,STREET,9,15.0
83029,1,1,130,5,3,100.0,0,N,MELB_URBAN,FREEWAY,9,21.0
83030,1,1,160,5,3,60.0,0,N,MELB_URBAN,STREET,9,22.0
83031,1,1,113,2,1,80.0,0,I,SMALL_CITIES,HIGHWAY,9,15.0
83032,1,2,132,2,1,80.0,0,I,RURAL_VICTORIA,HIGHWAY,6,15.0
83033,1,2,130,1,1,80.0,0,I,MELB_URBAN,ROAD,9,6.0
83034,5,7,99,5,1,60.0,0,N,RURAL_VICTORIA,ROAD,9,9.0
83035,1,2,130,5,1,80.0,0,N,MELB_URBAN,OTHER,9,8.0
83036,1,1,130,1,1,70.0,0,I,LARGE_PROVINCIAL_CITIES,ROAD,9,9.0
83037,6,2,99,5,1,80.0,0,N,MELB_URBAN,ROAD,9,10.0
83038,1,2,130,1,1,60.0,0,I,MELB_URBAN,ROAD,9,10.0
83039,8,1,99,5,1,100.0,0,N,RURAL_VICTORIA,ROAD,9,17.0
83040,4,2,171,5,1,60.0,0,N,MELB_URBAN,RAMP,9,8.0
83041,1,2,113,2,1,60.0,0,I,MELB_URBAN,STREET,9,8.0
83042,1,2,99,2,1,40.0,0,I,MELB_URBAN,STREET,9,15.0
83043,4,2,181,5,1,100.0,0,N,RURAL_VICTORIA,ROAD,9,13.0
83044,1,2,130,1,3,70.0,0,I,MELB_URBAN,STREET,9,19.0
83045,1,2,113,2,1,60.0,0,I,MELB_URBAN,ROAD,9,14.0
83046,4,2,171,5,1,100.0,0,N,RURAL_VICTORIA,ROAD,9,11.0
83047,6,2,174,5,1,60.0,0,N,RURAL_VICTORIA,ROAD,9,10.0
83048,8,7,174,2,1,60.0,0,N,RURAL_VICTORIA,ROAD,9,10.0
83049,1,2,110,1,1,60.0,0,I,TOWNS,STREET,9,18.0
83050,1,2,99,5,1,100.0,0,N,RURAL_VICTORIA,HIGHWAY,9,16.0
83051,6,0,99,5,1,100.0,0,N,RURAL_VICTORIA,ROAD,9,15.0
83052,4,2,173,5,1,100.0,0,N,RURAL_VICTORIA,ROAD,9,15.0
83053,4,1,183,2,1,100.0,0,I,RURAL_VICTORIA,ROAD,9,15.0
83054,1,1,130,1,1,60.0,0,I,MELB_URBAN,ROAD,9,7.0
83055,8,2,99,5,9,60.0,0,N,RURAL_VICTORIA,ROAD,9,17.0
83056,4,2,173,5,1,80.0,0,I,SMALL_TOWNS,HIGHWAY,9,17.0
83057,1,7,111,2,1,60.0,0,I,MELB_URBAN,ROAD,9,12.0
83058,4,1,181,5,5,80.0,0,N,RURAL_VICTORIA,ROAD,9,20.0
83059,2,6,102,2,3,40.0,0,I,MELB_URBAN,DRIVE,5,18.0
83060,8,4,174,1,1,40.0,0,I,MELB_URBAN,STREET,9,15.0
83061,2,2,99,5,3,60.0,0,I,LARGE_PROVINCIAL_CITIES,STREET,9,19.0
83062,2,3,100,5,1,70.0,0,N,MELB_URBAN,ROAD,9,8.0
83063,6,3,174,1,1,60.0,0,I,MELB_URBAN,ROAD,9,7.0
83064,4,2,183,5,2,60.0,0,N,RURAL_VICTORIA,ROAD,9,17.0
83065,6,3,174,5,1,40.0,0,N,MELB_URBAN,ROAD,9,8.0
83066,1,5,147,5,3,60.0,0,N,MELB_URBAN,HIGHWAY,8,5.0
83067,1,2,113,2,9,70.0,0,I,MELB_URBAN,ROAD,9,8.0
83068,1,5,140,1,1,60.0,0,I,MELB_URBAN,ROAD,8,15.0
83069,1,3,121,1,1,60.0,0,I,MELB_URBAN,ROAD,9,9.0
83070,1,3,120,5,1,50.0,0,N,RURAL_VICTORIA,DRIVE,9,8.0
83071,1,3,121,2,1,60.0,0,I,MELB_URBAN,AVENUE,9,8.0
83072,1,3,121,2,1,60.0,0,I,MELB_URBAN,STREET,9,7.0
83073,4,7,173,5,2,60.0,0,N,LARGE_PROVINCIAL_CITIES,ROAD,9,5.0
83074,1,2,110,1,1,60.0,0,I,MELB_URBAN,HIGHWAY,9,10.0
83075,1,3,99,5,1,60.0,0,N,MELB_URBAN,ROAD,9,7.0
83076,4,2,181,5,1,60.0,0,N,MELB_URBAN,ROAD,9,14.0
83077,1,3,147,5,1,60.0,0,N,MELB_URBAN,STREET,9,11.0
83078,1,7,147,5,1,80.0,0,N,MELB_URBAN,ROAD,9,14.0
83079,6,3,174,5,1,40.0,0,N,MELB_URBAN,STREET,9,10.0
83080,1,2,111,1,1,50.0,0,I,TOWNS,STREET,9,16.0
83081,8,3,184,5,1,100.0,0,N,MELB_URBAN,FREEWAY,9,13.0
83082,1,3,163,5,1,40.0,0,N,MELB_URBAN,STREET,9,12.0
83083,1,2,130,5,1,60.0,0,N,MELB_URBAN,HIGHWAY,9,13.0
83084,4,3,173,5,1,100.0,0,N,RURAL_VICTORIA,HIGHWAY,9,13.0
83085,1,1,130,2,1,100.0,0,I,RURAL_VICTORIA,ROAD,5,8.0
83086,1,3,99,5,1,50.0,0,N,MELB_URBAN,ROAD,9,16.0
83087,1,2,121,2,1,80.0,0,I,RURAL_VICTORIA,ROAD,9,15.0
83088,1,3,147,5,1,60.0,0,N,SMALL_CITIES,STREET,9,15.0
83089,6,3,184,5,1,100.0,0,N,RURAL_VICTORIA,ROAD,9,14.0
83090,1,3,110,1,1,50.0,0,I,SMALL_CITIES,STREET,9,17.0
83091,1,2,113,2,1,60.0,0,I,MELB_URBAN,ROAD,9,15.0
83092,4,3,181,5,1,70.0,0,N,LARGE_PROVINCIAL_CITIES,ROAD,9,15.0
83093,4,3,181,5,5,70.0,0,N,MELB_URBAN,ROAD,9,21.0
83094,2,3,99,2,1,60.0,0,I,MELB_URBAN,STREET,9,14.0
83095,1,1,130,5,1,80.0,0,N,MELB_URBAN,FREEWAY,9,16.0
83096,8,3,174,5,5,100.0,0,N,RURAL_VICTORIA,ROAD,9,23.0
83097,1,4,110,1,2,80.0,0,I,RURAL_VICTORIA,ROAD,9,6.0
83098,8,0,174,1,1,60.0,0,I,MELB_URBAN,ROAD,9,10.0
83099,1,2,120,5,5,70.0,0,N,MELB_URBAN,DRIVE,8,20.0
83100,1,4,113,2,1,60.0,0,I,MELB_URBAN,HIGHWAY,9,10.0
83101,6,4,99,5,1,50.0,0,N,RURAL_VICTORIA,ROAD,9,11.0
83102,4,4,171,5,1,100.0,1,N,RURAL_VICTORIA,ROAD,9,7.0
83103,1,4,121,2,1,60.0,0,I,MELB_URBAN,ROAD,9,8.0
83104,1,3,121,1,3,60.0,0,I,MELB_URBAN,ROAD,9,19.0
83105,4,3,171,1,1,60.0,0,I,LARGE_PROVINCIAL_CITIES,STREET,9,11.0
83106,1,4,130,2,1,60.0,0,I,MELB_URBAN,ROAD,9,13.0
83107,1,4,140,5,1,100.0,0,N,RURAL_VICTORIA,ROAD,9,10.0
83108,1,4,99,5,1,60.0,0,N,MELB_URBAN,ROAD,9,14.0
83109,2,4,99,5,1,60.0,0,N,MELB_URBAN,ROAD,9,15.0
83110,1,5,121,1,2,60.0,0,I,MELB_URBAN,STREET,8,17.0
83111,1,4,130,5,1,70.0,0,N,MELB_URBAN,STREET,9,15.0
83112,4,4,173,5,1,100.0,0,N,RURAL_VICTORIA,ROAD,9,17.0
83113,4,4,181,5,1,100.0,0,N,RURAL_VICTORIA,FREEWAY,9,17.0
83114,1,4,99,2,1,50.0,0,I,MELB_URBAN,DRIVE,9,15.0
83115,1,2,130,5,9,60.0,0,N,MELB_URBAN,RAMP,9,6.0
83116,4,4,171,5,5,100.0,0,N,RURAL_VICTORIA,ROAD,9,18.0
83117,4,4,171,5,2,110.0,0,N,RURAL_VICTORIA,FREEWAY,9,17.0
83118,1,4,120,5,4,50.0,0,N,MELB_URBAN,ROAD,9,21.0
83119,1,3,121,1,3,80.0,0,I,MELB_URBAN,RAMP,9,21.0
83120,4,4,171,5,5,100.0,0,N,RURAL_VICTORIA,ROAD,9,21.0
83121,4,4,181,5,5,80.0,0,N,RURAL_VICTORIA,ROAD,9,0.0
83122,2,3,99,5,1,60.0,0,N,SMALL_CITIES,STREET,8,15.0
83123,1,5,130,1,1,90.0,0,I,TOWNS,HIGHWAY,9,8.0
83124,1,7,99,1,1,100.0,0,I,RURAL_VICTORIA,ROAD,9,13.0
83125,1,5,163,5,1,50.0,0,N,MELB_URBAN,ROAD,9,8.0
83126,1,5,99,5,2,70.0,0,N,TOWNS,ROAD,9,18.0
83127,1,5,130,5,1,70.0,0,N,MELB_URBAN,ROAD,9,10.0
83128,1,5,130,5,1,60.0,0,N,MELB_URBAN,ROAD,9,8.0
83129,5,4,99,2,1,100.0,0,I,RURAL_VICTORIA,ROAD,9,11.0
83130,1,4,133,5,1,80.0,0,N,MELB_URBAN,FREEWAY,9,9.0
83131,2,6,99,2,6,80.0,0,I,MELB_URBAN,ROAD,9,23.0
83132,2,5,99,5,1,50.0,0,N,MELB_URBAN,OTHER,9,13.0
83133,4,3,173,2,1,80.0,0,I,MELB_URBAN,HIGHWAY,5,6.0
83134,2,0,102,2,5,60.0,0,I,RURAL_VICTORIA,STREET,9,3.0
83135,6,5,174,2,1,50.0,0,I,MELB_URBAN,STREET,8,14.0
83136,1,4,99,1,1,80.0,0,I,MELB_URBAN,HIGHWAY,9,13.0
83137,1,5,121,1,9,60.0,0,I,MELB_URBAN,ROAD,9,11.0
83138,1,7,130,2,1,60.0,0,N,MELB_URBAN,ROAD,8,13.0
83139,1,4,99,5,1,60.0,0,N,MELB_URBAN,ROAD,9,11.0
83140,2,3,99,5,5,60.0,0,N,LARGE_PROVINCIAL_CITIES,STREET,8,23.0
83141,1,2,113,2,2,60.0,0,I,MELB_URBAN,STREET,8,18.0
83142,1,5,110,1,1,100.0,0,I,RURAL_VICTORIA,ROAD,9,17.0
83143,1,3,130,5,2,100.0,0,N,MELB_URBAN,FREEWAY,9,6.0
83144,1,5,113,2,1,60.0,0,I,LARGE_PROVINCIAL_CITIES,STREET,9,14.0
83145,1,5,116,2,2,100.0,0,I,RURAL_VICTORIA,ROAD,9,18.0
83146,5,7,99,5,5,80.0,0,N,TOWNS,HIGHWAY,9,21.0
83147,1,5,130,5,1,100.0,0,I,MELB_URBAN,FREEWAY,9,16.0
83148,1,4,130,2,2,70.0,0,I,MELB_URBAN,AVENUE,9,17.0
83149,5,4,171,5,1,80.0,0,N,MELB_URBAN,ROAD,9,16.0
83150,1,3,163,5,1,40.0,0,N,MELB_URBAN,ROAD,9,16.0
83151,1,5,99,4,3,50.0,0,I,MELB_URBAN,STREET,9,19.0
83152,1,4,110,1,3,50.0,0,I,MELB_URBAN,STREET,9,20.0
83153,1,5,110,1,5,80.0,0,I,LARGE_PROVINCIAL_CITIES,HIGHWAY,9,20.0
83154,1,5,116,2,3,60.0,0,I,SMALL_CITIES,AVENUE,9,20.0
83155,8,5,174,1,1,50.0,0,I,MELB_URBAN,AVENUE,9,17.0
83156,1,5,99,5,3,50.0,0,N,MELB_URBAN,STREET,9,21.0
83157,1,5,130,5,1,100.0,0,N,MELB_URBAN,FREEWAY,9,17.0
83158,1,5,113,2,3,60.0,0,I,MELB_URBAN,ROAD,9,22.0
83159,1,5,121,1,3,60.0,0,I,LARGE_PROVINCIAL_CITIES,ROAD,9,22.0
83160,8,3,174,2,1,50.0,0,I,MELB_URBAN,STREET,9,13.0
83161,1,5,110,1,3,60.0,0,I,SMALL_CITIES,STREET,9,19.0
83162,4,7,183,5,1,80.0,0,N,RURAL_VICTORIA,ROAD,8,14.0
83163,1,6,99,5,3,60.0,0,N,SMALL_CITIES,DRIVE,9,0.0
83164,1,6,130,1,9,70.0,0,I,MELB_URBAN,HIGHWAY,8,18.0
83165,1,6,130,5,1,80.0,0,N,MELB_URBAN,UNKNOWN,9,8.0
83166,1,5,130,5,1,80.0,0,N,MELB_URBAN,ROAD,9,15.0
83167,2,1,102,1,1,60.0,0,I,MELB_URBAN,HIGHWAY,7,8.0
83168,1,6,133,1,1,60.0,0,N,MELB_URBAN,STREET,9,7.0
83169,1,6,110,1,1,60.0,0,I,MELB_URBAN,STREET,9,12.0
83170,1,6,121,1,1,60.0,0,I,MELB_URBAN,UNKNOWN,9,13.0
83171,1,6,160,5,1,60.0,0,N,MELB_URBAN,ROAD,9,14.0
83172,1,6,147,5,1,60.0,0,N,LARGE_PROVINCIAL_CITIES,STREET,9,13.0
83173,4,6,173,5,1,100.0,0,N,RURAL_VICTORIA,ROAD,9,15.0
83174,1,6,130,5,1,100.0,0,N,MELB_URBAN,ROAD,9,16.0
83175,1,5,130,5,1,80.0,0,N,MELB_URBAN,HIGHWAY,9,15.0
83176,1,6,132,2,1,60.0,0,I,MELB_URBAN,STREET,9,14.0
83177,2,5,102,1,1,40.0,0,I,MELB_URBAN,ROAD,9,17.0
83178,1,6,120,5,3,60.0,0,N,LARGE_PROVINCIAL_CITIES,STREET,9,21.0
83179,1,6,110,1,1,60.0,0,I,RURAL_VICTORIA,HIGHWAY,9,14.0
83180,1,5,130,5,1,100.0,0,N,MELB_URBAN,ROAD,9,17.0
83181,1,6,120,5,3,60.0,0,N,MELB_URBAN,ROAD,9,19.0
83182,1,5,130,5,2,100.0,0,N,MELB_URBAN,ROAD,9,7.0
83183,4,6,173,5,5,100.0,0,N,RURAL_VICTORIA,OTHER,9,21.0
83184,1,7,121,1,3,80.0,0,N,MELB_URBAN,DRIVE,9,1.0
83185,1,6,140,5,3,50.0,0,N,MELB_URBAN,STREET,9,20.0
83186,1,6,121,1,3,80.0,0,I,MELB_URBAN,ROAD,9,21.0
83187,1,4,130,5,1,50.0,0,N,MELB_URBAN,PARADE,9,14.0
83188,1,7,130,1,1,60.0,0,I,MELB_URBAN,ROAD,9,7.0
83189,1,3,132,2,1,60.0,0,N,MELB_URBAN,ROAD,9,11.0
83190,2,4,99,5,3,50.0,0,N,MELB_URBAN,STREET,9,22.0
83191,8,6,184,5,1,80.0,0,N,RURAL_VICTORIA,ROAD,9,14.0
83192,4,4,171,5,1,60.0,0,N,RURAL_VICTORIA,ROAD,1,14.0
83193,1,6,121,4,3,80.0,0,I,MELB_URBAN,RAMP,9,19.0
83194,4,7,173,5,1,60.0,0,N,MELB_URBAN,ROAD,9,9.0
83195,2,7,99,5,1,50.0,0,N,LARGE_PROVINCIAL_CITIES,STREET,9,10.0
83196,1,7,99,5,1,60.0,0,N,MELB_URBAN,ROAD,9,14.0
83197,8,7,184,5,1,50.0,0,N,MELB_URBAN,ROAD,9,13.0
83198,8,4,170,5,9,60.0,0,N,MELB_URBAN,ROAD,9,11.0
83199,1,7,130,5,1,80.0,0,N,MELB_URBAN,ROAD,9,14.0
83200,1,7,120,5,1,80.0,0,N,RURAL_VICTORIA,ROAD,9,8.0
83201,1,6,110,1,2,50.0,0,I,SMALL_CITIES,STREET,9,18.0
83202,1,3,121,1,1,50.0,0,I,MELB_URBAN,STREET,8,14.0
83203,1,7,111,2,2,60.0,0,I,MELB_URBAN,STREET,9,18.0
83204,4,7,173,5,1,100.0,0,N,RURAL_VICTORIA,ROAD,9,17.0
83205,1,7,130,5,1,50.0,0,N,MELB_URBAN,STREET,9,15.0
83206,8,7,174,5,2,60.0,0,N,MELB_URBAN,ROAD,9,17.0
83207,2,7,102,5,3,50.0,0,N,MELB_URBAN,STREET,9,20.0
83208,6,6,174,2,3,50.0,0,I,MELB_URBAN,STREET,9,19.0
83209,1,7,121,1,3,70.0,0,I,MELB_URBAN,ROAD,9,19.0
83210,2,6,100,1,6,60.0,0,I,MELB_URBAN,STREET,9,23.0
83211,1,1,130,5,3,60.0,0,N,MELB_URBAN,ROAD,9,1.0
83212,1,7,120,5,3,50.0,0,N,MELB_URBAN,STREET,9,21.0
83213,1,7,99,5,5,80.0,0,N,MELB_URBAN,HIGHWAY,9,22.0
83214,1,5,130,2,3,60.0,0,I,MELB_URBAN,ROAD,9,21.0
83215,1,1,113,2,3,70.0,0,I,MELB_URBAN,STREET,9,3.0
83216,4,1,173,5,5,80.0,0,N,LARGE_PROVINCIAL_CITIES,PARADE,9,4.0
83217,4,7,173,1,3,80.0,0,N,MELB_URBAN,HIGHWAY,9,20.0
83218,1,6,130,2,1,50.0,0,I,MELB_URBAN,ROAD,9,16.0
83219,1,1,121,2,3,80.0,0,N,SMALL_TOWNS,PARADE,9,5.0
83220,4,1,173,2,1,50.0,0,N,LARGE_PROVINCIAL_CITIES,AVENUE,9,6.0
83221,1,7,160,5,1,60.0,0,N,LARGE_PROVINCIAL_CITIES,STREET,9,14.0
83222,1,7,130,5,1,60.0,0,N,MELB_URBAN,HIGHWAY,9,13.0
83223,1,5,130,1,1,50.0,0,I,MELB_URBAN,ROAD,4,10.0
83224,1,6,130,2,9,60.0,0,I,MELB_URBAN,ROAD,9,18.0
83225,1,1,130,5,1,80.0,0,N,MELB_URBAN,ROAD,9,10.0
83226,1,7,160,5,1,60.0,0,N,MELB_URBAN,BOULEVARD,9,13.0
83227,4,1,171,2,1,50.0,0,N,MELB_URBAN,OTHER,9,12.0
83228,4,1,171,5,1,60.0,0,N,MELB_URBAN,UNKNOWN,9,12.0
83229,1,0,121,1,1,50.0,0,I,SMALL_CITIES,STREET,9,13.0
83230,1,1,121,1,1,80.0,0,I,RURAL_VICTORIA,ROAD,9,11.0
83231,2,1,99,5,5,100.0,0,N,RURAL_VICTORIA,HIGHWAY,9,5.0
83232,5,2,99,5,5,100.0,0,N,RURAL_VICTORIA,ROAD,9,19.0
83233,6,7,99,5,1,80.0,0,N,RURAL_VICTORIA,ROAD,9,14.0
83234,4,7,183,5,5,60.0,0,N,RURAL_VICTORIA,ROAD,9,20.0
83235,1,7,110,1,3,70.0,0,N,MELB_URBAN,ROAD,9,22.0
83236,1,0,121,1,1,50.0,0,I,MELB_URBAN,ROAD,9,11.0
83237,1,1,120,5,1,60.0,0,N,TOWNS,ROAD,9,9.0
83238,2,3,99,5,1,60.0,0,N,MELB_URBAN,ROAD,7,7.0
83239,1,1,110,1,1,50.0,0,I,MELB_URBAN,STREET,9,14.0
83240,1,7,110,1,1,50.0,0,I,MELB_URBAN,STREET,9,7.0
83241,1,1,99,5,1,60.0,0,N,MELB_URBAN,ROAD,9,15.0
83242,1,1,130,2,1,90.0,0,I,RURAL_VICTORIA,ROAD,9,16.0
83243,1,1,130,2,1,60.0,0,I,MELB_URBAN,ROAD,9,15.0
83244,2,0,100,5,1,50.0,0,N,MELB_URBAN,ROAD,9,15.0
83245,1,1,113,4,1,60.0,0,I,MELB_URBAN,ROAD,9,15.0
83246,4,1,181,5,1,60.0,1,N,MELB_URBAN,STREET,9,13.0
83247,1,7,133,5,1,60.0,0,N,MELB_URBAN,STREET,9,17.0
83248,4,1,173,5,1,100.0,0,N,MELB_URBAN,FREEWAY,9,16.0
83249,1,1,113,1,3,70.0,0,I,MELB_URBAN,ROAD,9,20.0
83250,4,1,183,4,3,60.0,0,N,MELB_URBAN,ROAD,9,20.0
83251,4,1,171,5,3,80.0,0,N,MELB_URBAN,ROAD,9,22.0
83252,4,2,181,2,3,50.0,0,I,SMALL_CITIES,DRIVE,9,4.0
83253,1,2,110,4,1,60.0,0,I,MELB_URBAN,ROAD,9,6.0
83254,1,4,99,5,1,60.0,0,N,MELB_URBAN,STREET,9,16.0
83255,1,3,121,1,6,40.0,0,I,MELB_URBAN,STREET,9,21.0
83256,8,1,184,5,1,100.0,0,N,RURAL_VICTORIA,ROAD,9,13.0
83257,1,2,130,1,1,60.0,0,I,MELB_URBAN,ROAD,9,7.0
83258,4,4,171,5,1,100.0,0,N,RURAL_VICTORIA,ROAD,9,12.0
83259,1,1,111,1,1,60.0,0,I,TOWNS,ROAD,9,9.0
83260,1,1,110,1,1,60.0,0,I,MELB_URBAN,ROAD,9,6.0
83261,1,2,99,5,1,60.0,0,N,LARGE_PROVINCIAL_CITIES,STREET,9,9.0
83262,1,2,99,5,1,80.0,0,N,RURAL_VICTORIA,ROAD,9,11.0
83263,1,2,160,5,1,50.0,0,N,MELB_URBAN,STREET,9,11.0
83264,1,2,130,1,1,80.0,0,N,MELB_URBAN,ROAD,9,10.0
83265,1,0,130,1,1,60.0,0,I,MELB_URBAN,ROAD,9,15.0
83266,2,4,99,5,1,50.0,0,N,MELB_URBAN,ROAD,8,13.0
83267,4,2,171,5,1,100.0,0,N,RURAL_VICTORIA,ROAD,9,14.0
83268,1,2,120,2,1,60.0,0,I,MELB_URBAN,ROAD,9,13.0
83269,4,2,173,5,1,100.0,0,N,RURAL_VICTORIA,ROAD,9,12.0
83270,1,1,160,5,3,60.0,0,N,MELB_URBAN,ROAD,9,18.0
83271,4,2,171,5,1,40.0,0,N,SMALL_CITIES,STREET,9,15.0
83272,2,2,99,5,1,70.0,0,N,MELB_URBAN,ROAD,9,17.0
83273,1,1,110,1,1,60.0,0,I,TOWNS,STREET,9,14.0
83274,1,2,121,1,3,60.0,0,I,LARGE_PROVINCIAL_CITIES,STREET,9,18.0
83275,1,2,110,1,1,50.0,0,I,LARGE_PROVINCIAL_CITIES,STREET,9,15.0
83276,1,2,160,5,1,50.0,0,N,MELB_URBAN,ROAD,9,15.0
83277,1,2,110,1,1,60.0,0,I,SMALL_CITIES,STREET,9,8.0
83278,1,1,130,2,3,60.0,0,N,MELB_URBAN,ROAD,9,19.0
83279,1,5,120,5,9,60.0,0,N,MELB_URBAN,ROAD,9,16.0
83280,2,2,100,1,3,50.0,0,I,LARGE_PROVINCIAL_CITIES,UNKNOWN,9,21.0
83281,1,2,130,5,1,60.0,0,N,MELB_URBAN,ROAD,9,17.0
83282,4,3,99,1,3,60.0,0,I,MELB_URBAN,ROAD,9,0.0
83283,4,2,173,5,3,80.0,0,N,MELB_URBAN,STREET,9,23.0
83284,1,3,110,1,3,60.0,0,I,MELB_URBAN,ROAD,9,3.0
83285,1,3,110,1,1,100.0,0,I,RURAL_VICTORIA,ROAD,9,6.0
83286,2,3,99,5,1,40.0,0,N,MELB_URBAN,STREET,9,8.0
83287,1,3,110,1,1,50.0,0,I,MELB_URBAN,AVENUE,9,8.0
83288,1,3,99,5,1,60.0,0,N,LARGE_PROVINCIAL_CITIES,ROAD,9,7.0
83289,1,3,121,2,1,60.0,0,I,SMALL_CITIES,ROAD,9,8.0
83290,1,3,130,5,1,100.0,0,N,MELB_URBAN,ROAD,9,8.0
83291,1,1,130,1,1,70.0,0,I,MELB_URBAN,ROAD,9,13.0
83292,1,3,121,2,1,60.0,0,I,MELB_URBAN,STREET,9,8.0
83293,2,3,100,5,1,50.0,0,N,MELB_URBAN,HIGHWAY,9,10.0
83294,6,2,170,5,1,100.0,0,N,RURAL_VICTORIA,ROAD,9,8.0
83295,1,3,147,5,1,60.0,0,N,MELB_URBAN,OTHER,9,11.0
83296,1,1,163,5,1,50.0,0,N,MELB_URBAN,STREET,9,7.0
83297,1,3,99,5,1,50.0,0,N,MELB_URBAN,STREET,5,8.0
83298,1,3,120,5,1,60.0,0,N,MELB_URBAN,ROAD,9,12.0
83299,1,3,130,5,1,60.0,0,N,LARGE_PROVINCIAL_CITIES,ROAD,9,14.0
83300,2,5,99,5,3,60.0,0,N,MELB_URBAN,DRIVE,5,17.0
83301,1,2,113,2,1,60.0,0,I,TOWNS,STREET,9,16.0
83302,4,4,171,2,3,60.0,0,I,MELB_URBAN,ROAD,9,2.0
83303,1,2,147,5,1,60.0,0,N,MELB_URBAN,ROAD,9,15.0
83304,1,3,147,5,1,40.0,0,N,MELBOURNE_CBD,STREET,9,16.0
83305,1,3,130,5,2,60.0,0,N,MELB_URBAN,ROAD,9,17.0
83306,1,4,130,1,3,70.0,0,I,MELB_URBAN,ROAD,5,19.0
83307,1,3,99,5,1,50.0,0,N,MELB_URBAN,STREET,9,17.0
83308,1,3,121,4,1,80.0,0,I,RURAL_VICTORIA,ROAD,9,15.0
83309,2,4,99,5,3,60.0,0,I,MELB_URBAN,ROAD,8,19.0
83310,1,2,130,1,1,80.0,0,N,MELB_URBAN,ROAD,9,15.0
83311,6,2,99,5,5,60.0,0,N,RURAL_VICTORIA,ROAD,9,18.0
83312,1,3,135,5,1,110.0,1,N,RURAL_VICTORIA,FREEWAY,9,14.0
83313,1,3,121,2,2,80.0,0,I,MELB_URBAN,ROAD,9,6.0
83314,4,3,173,1,3,50.0,0,I,MELB_URBAN,STREET,9,1.0
83315,4,3,181,2,3,50.0,0,I,SMALL_CITIES,BOULEVARD,9,3.0
83316,8,4,174,1,3,80.0,0,I,RURAL_VICTORIA,ROAD,9,1.0