,accident_type,day_of_week,dca_code,road_geometry,light_condition,speed_zone,severity,node_type,deg_urban_name,road_type,month,hour
83317,1,3,130,2,1,60.0,0,I,MELB_URBAN,DRIVE,9,17.0
83318,1,5,110,1,1,60.0,0,I,LARGE_PROVINCIAL_CITIES,ROAD,9,10.0
83319,1,4,130,2,1,50.0,0,I,SMALL_CITIES,DRIVE,9,7.0
83320,1,2,132,2,1,60.0,0,I,MELB_URBAN,ROAD,9,7.0
83321,7,4,99,5,1,50.0,0,N,SMALL_CITIES,ROAD,9,7.0
83322,2,4,100,2,1,50.0,0,I,MELB_URBAN,STREET,9,9.0
83323,4,4,99,5,1,60.0,0,N,MELB_URBAN,ROAD,9,9.0
83324,4,3,171,5,1,60.0,0,N,MELB_URBAN,ROAD,9,9.0
83325,4,7,173,5,1,60.0,0,N,MELB_URBAN,ROAD,9,11.0
83326,1,3,130,2,1,80.0,0,N,MELB_URBAN,HIGHWAY,9,9.0
83327,1,4,121,1,1,60.0,0,I,MELB_URBAN,PARADE,9,8.0
83328,1,3,111,1,1,50.0,0,I,MELB_URBAN,BOULEVARD,9,8.0
83329,1,4,110,1,1,50.0,0,I,LARGE_PROVINCIAL_CITIES,STREET,9,8.0
83330,1,4,135,5,1,40.0,0,N,MELB_URBAN,FREEWAY,9,13.0
83331,1,2,130,5,1,60.0,0,N,MELB_URBAN,ROAD,9,16.0
83332,4,4,183,5,1,100.0,0,N,RURAL_VICTORIA,ROAD,9,13.0
83333,1,4,99,2,1,60.0,0,I,MELB_URBAN,ROAD,9,14.0
83334,1,4,130,5,1,100.0,0,N,MELB_URBAN,UNKNOWN,9,11.0
83335,2,4,100,1,1,60.0,0,I,SMALL_CITIES,STREET,9,16.0
83336,1,4,120,5,1,100.0,0,N,RURAL_VICTORIA,ROAD,9,15.0
83337,4,4,171,5,1,100.0,1,N,RURAL_VICTORIA,HIGHWAY,9,11.0
83338,1,4,99,2,1,100.0,0,I,RURAL_VICTORIA,ROAD,9,17.0
83339,1,2,130,5,5,80.0,0,N,MELB_URBAN,UNKNOWN,9,20.0
83340,2,4,99,5,1,50.0,0,N,SMALL_CITIES,STREET,9,18.0
83341,4,4,171,5,1,80.0,0,N,RURAL_VICTORIA,ROAD,9,17.0
83342,1,4,121,2,1,90.0,0,I,RURAL_VICTORIA,DRIVE,9,17.0
83343,1,4,134,5,1,40.0,0,N,MELB_URBAN,ROAD,9,16.0
83344,1,3,120,2,1,80.0,0,I,RURAL_VICTORIA,ROAD,9,16.0
83345,1,4,113,2,1,50.0,0,I,MELB_URBAN,DRIVE,9,16.0
83346,1,4,110,1,5,50.0,0,I,MELB_URBAN,AVENUE,9,18.0
83347,1,4,140,5,3,60.0,0,N,MELB_URBAN,STREET,9,18.0
83348,1,3,110,1,2,80.0,0,I,RURAL_VICTORIA,ROAD,9,17.0
83349,1,4,99,1,1,60.0,0,I,MELB_URBAN,STREET,9,15.0
83350,1,4,99,2,3,50.0,0,I,MELB_URBAN,ROAD,9,18.0
83351,1,3,111,1,3,70.0,0,I,LARGE_PROVINCIAL_CITIES,ROAD,9,22.0
83352,1,4,99,2,3,60.0,0,I,SMALL_CITIES,ROAD,9,20.0
83353,4,4,171,5,5,70.0,0,N,RURAL_VICTORIA,ROAD,9,2.0
83354,1,4,130,5,5,110.0,0,N,RURAL_VICTORIA,FREEWAY,9,21.0
83355,2,3,102,5,3,60.0,0,N,MELB_URBAN,ROAD,9,21.0
83356,1,4,130,2,3,50.0,0,UNKNOWN,UNKNOWN,UNKNOWN,9,22.0
83357,1,5,110,1,1,80.0,0,N,MELB_URBAN,HIGHWAY,9,6.0
83358,1,4,132,5,1,40.0,0,N,TOWNS,ROAD,9,14.0
83359,1,4,130,5,6,100.0,0,N,MELB_URBAN,UNKNOWN,9,20.0
83360,4,1,181,5,5,100.0,0,N,RURAL_VICTORIA,ROAD,8,21.0
83361,1,3,135,5,3,100.0,0,N,RURAL_VICTORIA,FREEWAY,9,18.0
83362,1,3,130,5,1,60.0,0,N,MELB_URBAN,ROAD,9,7.0
83363,4,5,181,5,1,100.0,0,N,RURAL_VICTORIA,ROAD,9,7.0
83364,4,5,183,5,1,60.0,0,N,LARGE_PROVINCIAL_CITIES,ROAD,9,7.0
83365,1,5,134,1,1,60.0,0,I,MELB_URBAN,STREET,9,10.0
83366,6,7,174,5,6,50.0,0,N,MELB_URBAN,STREET,9,6.0
83367,1,4,121,1,2,70.0,0,N,MELB_URBAN,ROAD,9,18.0
83368,1,6,121,2,1,80.0,0,N,MELB_URBAN,HIGHWAY,12,8.0
83369,1,5,121,1,1,60.0,0,I,MELB_URBAN,ROAD,9,13.0
83370,1,4,110,1,1,60.0,0,I,MELB_URBAN,ROAD,9,8.0
83371,1,5,130,5,1,60.0,0,N,LARGE_PROVINCIAL_CITIES,STREET,9,14.0
83372,6,4,99,5,1,100.0,0,N,RURAL_VICTORIA,ROAD,9,13.0
83373,1,4,110,1,1,50.0,0,I,MELB_URBAN,ROAD,9,14.0
83374,2,3,99,2,1,40.0,0,N,MELB_URBAN,STREET,9,12.0
83375,1,1,116,1,1,60.0,0,I,RURAL_VICTORIA,ROAD,9,8.0
83376,1,5,130,5,1,60.0,0,N,MELB_URBAN,ROAD,9,15.0
83377,1,3,121,1,3,80.0,0,I,SMALL_CITIES,ROAD,9,20.0
83378,6,5,99,5,1,60.0,0,N,RURAL_VICTORIA,ROAD,9,14.0
83379,1,5,110,1,1,50.0,0,I,MELB_URBAN,STREET,9,17.0
83380,1,5,110,1,2,60.0,0,I,MELB_URBAN,STREET,9,18.0
83381,1,5,121,5,1,50.0,0,N,SMALL_CITIES,STREET,9,17.0
83382,1,4,113,2,3,50.0,0,I,LARGE_PROVINCIAL_CITIES,AVENUE,9,18.0
83383,1,5,130,5,1,70.0,0,N,MELB_URBAN,ROAD,9,17.0
83384,1,5,130,5,1,100.0,0,N,MELB_URBAN,FREEWAY,9,16.0
83385,1,5,99,5,3,40.0,0,N,MELB_URBAN,ROAD,9,19.0
83386,4,5,171,2,5,100.0,0,I,RURAL_VICTORIA,ROAD,9,21.0
83387,1,5,113,1,3,60.0,0,I,MELB_URBAN,STREET,9,20.0
83388,1,4,113,2,3,60.0,0,I,MELB_URBAN,ROAD,9,18.0
83389,1,5,130,5,5,100.0,0,N,SMALL_TOWNS,FREEWAY,9,22.0
83390,2,4,100,5,3,40.0,0,N,MELB_URBAN,STREET,9,21.0
83391,4,5,173,5,3,40.0,0,N,MELB_URBAN,ROAD,9,22.0
83392,4,6,173,5,5,100.0,0,N,RURAL_VICTORIA,HIGHWAY,9,0.0
83393,4,6,181,5,5,60.0,0,N,RURAL_VICTORIA,ROAD,9,0.0
83394,4,6,99,1,3,50.0,0,I,TOWNS,STREET,9,0.0
83395,1,5,121,4,3,70.0,0,I,SMALL_CITIES,DRIVE,9,23.0
83396,4,5,183,5,5,100.0,0,N,RURAL_VICTORIA,HIGHWAY,9,2.0
83397,1,5,130,5,5,60.0,0,N,MELB_URBAN,ROAD,9,4.0
83398,1,5,120,5,1,100.0,0,N,RURAL_VICTORIA,HIGHWAY,9,15.0
83399,1,5,134,1,3,70.0,0,N,MELB_URBAN,STREET,9,19.0
83400,1,6,99,2,1,60.0,0,I,MELB_URBAN,ROAD,9,8.0
83401,1,3,140,5,1,50.0,0,N,MELB_URBAN,STREET,9,7.0
83402,1,6,99,5,1,60.0,0,N,MELB_URBAN,ROAD,9,8.0
83403,6,1,174,5,1,100.0,0,N,RURAL_VICTORIA,ROAD,9,10.0
83404,1,6,130,1,1,80.0,0,I,MELB_URBAN,ROAD,9,9.0
83405,2,2,102,2,1,40.0,0,I,MELB_URBAN,ROAD,9,16.0
83406,1,5,130,5,1,110.0,0,N,RURAL_VICTORIA,FREEWAY,9,12.0
83407,1,1,147,5,1,50.0,0,N,MELB_URBAN,DRIVE,9,18.0
83408,1,5,130,3,1,100.0,0,N,MELB_URBAN,FREEWAY,11,7.0
83409,1,6,130,5,1,60.0,0,N,MELB_URBAN,ROAD,9,7.0
83410,1,6,140,5,1,50.0,0,N,MELB_URBAN,DRIVE,9,13.0
83411,1,3,130,2,3,60.0,0,I,MELB_URBAN,STREET,9,18.0
83412,1,6,120,5,1,70.0,0,N,RURAL_VICTORIA,ROAD,9,12.0
83413,1,5,130,5,5,100.0,0,N,SMALL_TOWNS,FREEWAY,9,18.0
83414,4,6,183,5,1,80.0,0,I,RURAL_VICTORIA,ROAD,9,16.0
83415,1,6,121,2,1,70.0,0,I,MELB_URBAN,ROAD,9,17.0
83416,1,6,130,1,1,60.0,0,I,SMALL_TOWNS,STREET,9,17.0
83417,1,6,133,5,1,100.0,0,N,RURAL_VICTORIA,ROAD,9,16.0
83418,1,6,130,5,1,80.0,0,N,MELB_URBAN,ROAD,9,13.0
83419,1,6,99,2,1,60.0,0,I,MELB_URBAN,UNKNOWN,9,15.0
83420,1,6,147,5,1,60.0,0,N,MELB_URBAN,ROAD,9,16.0
83421,1,6,130,2,1,60.0,0,I,MELB_URBAN,STREET,9,15.0
83422,1,5,130,2,3,100.0,0,I,MELB_URBAN,ROAD,9,18.0
83423,1,5,130,2,1,60.0,0,I,SMALL_CITIES,STREET,9,17.0
83424,1,6,99,1,1,50.0,0,I,MELB_URBAN,ROAD,9,13.0
83425,1,5,135,2,3,60.0,0,I,MELB_URBAN,STREET,9,18.0
83426,1,6,160,2,3,50.0,0,N,MELB_URBAN,ROAD,9,21.0
83427,1,4,130,2,1,60.0,0,I,SMALL_CITIES,STREET,9,15.0
83428,1,7,110,1,3,60.0,0,N,MELB_URBAN,ROAD,9,1.0
83429,6,7,99,5,3,50.0,0,N,MELB_URBAN,STREET,9,2.0
83430,1,6,99,5,3,60.0,0,N,MELB_URBAN,ROAD,9,23.0
83431,2,3,100,1,2,80.0,0,I,MELB_URBAN,ROAD,9,18.0
83432,3,7,167,5,1,80.0,0,N,RURAL_VICTORIA,ROAD,9,7.0
83433,4,7,183,5,4,100.0,0,N,RURAL_VICTORIA,ROAD,9,5.0
83434,2,3,99,5,9,50.0,0,N,MELB_URBAN,AVENUE,9,18.0
83435,1,7,110,1,1,100.0,0,I,RURAL_VICTORIA,FREEWAY,9,10.0
83436,6,7,99,5,1,100.0,0,N,RURAL_VICTORIA,ROAD,9,9.0
83437,6,7,174,5,1,80.0,0,N,MELB_URBAN,ROAD,9,12.0
83438,1,6,130,5,1,80.0,0,N,MELB_URBAN,HIGHWAY,9,10.0
83439,1,5,130,2,3,60.0,0,I,MELB_URBAN,ROAD,9,21.0
83440,1,6,113,2,1,60.0,0,I,MELB_URBAN,ROAD,9,12.0
83441,1,7,121,2,1,60.0,0,I,LARGE_PROVINCIAL_CITIES,STREET,9,13.0
83442,2,7,99,5,1,50.0,0,N,MELB_URBAN,STREET,9,10.0
83443,1,5,116,2,1,60.0,0,I,MELB_URBAN,STREET,9,16.0
83444,1,7,110,1,1,100.0,0,I,MELB_URBAN,ROAD,9,14.0
83445,1,5,99,5,1,80.0,0,N,MELB_URBAN,UNKNOWN,9,17.0
83446,1,7,121,4,1,100.0,0,I,RURAL_VICTORIA,FREEWAY,9,14.0
83447,1,7,130,5,1,80.0,0,N,MELB_URBAN,ROAD,9,14.0
83448,1,5,111,2,3,60.0,0,I,MELB_URBAN,STREET,9,21.0
83449,1,5,130,5,1,60.0,0,N,MELB_URBAN,ROAD,9,8.0
83450,1,5,130,4,1,60.0,0,I,MELB_URBAN,OTHER,9,8.0
83451,8,7,174,5,1,40.0,0,N,MELB_URBAN,STREET,9,11.0
83452,1,7,113,2,1,40.0,0,I,SMALL_CITIES,STREET,9,13.0
83453,4,7,181,5,2,60.0,0,N,MELB_URBAN,DRIVE,9,18.0
83454,1,7,111,4,3,60.0,0,N,MELB_URBAN,ROAD,9,19.0
83455,4,7,173,5,1,80.0,0,N,MELB_URBAN,HIGHWAY,9,15.0
83456,4,7,183,5,3,60.0,0,N,SMALL_TOWNS,OTHER,9,21.0
83457,1,5,133,2,1,40.0,0,N,MELB_URBAN,PARADE,9,14.0
83458,1,0,110,1,1,60.0,0,I,LARGE_PROVINCIAL_CITIES,STREET,9,6.0
83459,1,1,111,1,2,60.0,0,I,MELB_URBAN,ROAD,9,6.0
83460,1,0,121,2,1,60.0,0,N,MELB_URBAN,ROAD,9,7.0
83461,1,7,99,2,1,60.0,0,I,RURAL_VICTORIA,ROAD,9,16.0
83462,1,1,110,1,1,60.0,0,I,MELB_URBAN,STREET,9,9.0
83463,4,1,99,2,2,80.0,0,I,RURAL_VICTORIA,HIGHWAY,9,7.0
83464,1,6,111,2,3,80.0,0,N,MELB_URBAN,ROAD,9,20.0
83465,8,6,184,5,1,60.0,0,N,RURAL_VICTORIA,ROAD,9,15.0
83466,4,6,171,5,1,50.0,0,N,MELB_URBAN,ROAD,9,12.0
83467,5,1,99,5,1,80.0,0,N,RURAL_VICTORIA,ROAD,9,11.0
83468,1,4,130,5,2,60.0,0,N,MELB_URBAN,ROAD,8,18.0
83469,2,1,102,1,1,80.0,0,I,MELB_URBAN,HIGHWAY,9,13.0
83470,4,7,173,5,5,80.0,0,N,RURAL_VICTORIA,ROAD,9,20.0
83471,5,6,99,2,1,60.0,0,I,RURAL_VICTORIA,OTHER,9,10.0
83472,1,1,113,1,1,60.0,0,I,MELB_URBAN,BOULEVARD,9,13.0
83473,1,7,99,2,2,80.0,0,I,MELB_URBAN,ROAD,9,17.0
83474,1,0,113,2,1,60.0,0,I,MELB_URBAN,STREET,9,14.0
83475,1,1,113,2,1,60.0,0,I,MELB_URBAN,ROAD,9,14.0
83476,1,0,121,2,1,60.0,0,I,MELB_URBAN,ROAD,9,17.0
83477,2,1,99,5,1,50.0,0,N,MELB_URBAN,ROAD,9,17.0
83478,1,0,121,1,3,50.0,0,I,TOWNS,STREET,9,19.0
83479,5,7,99,5,1,60.0,0,N,RURAL_VICTORIA,ROAD,9,14.0
83480,1,1,130,5,1,80.0,0,N,MELB_URBAN,FREEWAY,9,16.0
83481,1,4,99,2,3,50.0,0,I,MELB_URBAN,ROAD,9,19.0
83482,1,1,121,2,3,80.0,0,N,MELB_URBAN,ROAD,9,19.0
83483,5,1,99,5,1,100.0,0,N,MELB_URBAN,ROAD,9,16.0
83484,4,4,181,5,6,50.0,0,N,MELB_URBAN,STREET,7,21.0
83485,1,3,147,5,1,60.0,0,N,MELB_URBAN,ROAD,2,15.0
83486,4,4,99,2,9,60.0,0,N,MELB_URBAN,ROAD,8,8.0
83487,1,1,120,5,1,80.0,1,N,RURAL_VICTORIA,HIGHWAY,9,16.0
83488,1,2,120,5,1,50.0,0,N,MELB_URBAN,HIGHWAY,9,7.0
83489,1,2,130,2,1,60.0,0,N,MELB_URBAN,ROAD,9,7.0
83490,4,2,173,5,5,100.0,0,N,RURAL_VICTORIA,ROAD,9,4.0
83491,4,1,171,5,1,100.0,0,N,RURAL_VICTORIA,ROAD,9,7.0
83492,4,1,183,5,5,100.0,0,N,RURAL_VICTORIA,HIGHWAY,9,21.0
83493,2,2,102,2,1,50.0,0,I,MELB_URBAN,AVENUE,9,11.0
83494,1,2,160,5,1,60.0,0,N,MELB_URBAN,ROAD,9,12.0
83495,1,3,130,4,9,60.0,0,I,MELB_URBAN,ROAD,9,15.0
83496,4,1,99,5,1,80.0,0,N,SMALL_TOWNS,RAMP,9,11.0
83497,1,2,171,5,1,100.0,0,N,RURAL_VICTORIA,ROAD,9,12.0
83498,1,2,113,2,1,60.0,0,I,LARGE_PROVINCIAL_CITIES,ROAD,9,11.0
83499,1,6,130,1,1,60.0,0,I,MELB_URBAN,ROAD,9,17.0
83500,4,1,99,2,1,60.0,0,N,RURAL_VICTORIA,ROAD,9,11.0
83501,1,1,99,1,1,80.0,0,I,MELB_URBAN,HIGHWAY,9,13.0
83502,1,2,120,5,1,100.0,0,N,RURAL_VICTORIA,HIGHWAY,9,11.0
83503,8,1,99,5,1,60.0,0,N,SMALL_TOWNS,STREET,9,9.0
83504,1,1,130,1,1,40.0,0,N,MELB_URBAN,STREET,9,12.0
83505,1,2,121,5,1,80.0,0,N,MELB_URBAN,ROAD,9,14.0
83506,1,7,121,2,3,60.0,0,I,LARGE_PROVINCIAL_CITIES,ROAD,7,20.0
83507,1,1,130,1,1,80.0,0,I,MELB_URBAN,ROAD,9,14.0
83508,1,2,113,2,2,80.0,0,I,TOWNS,HIGHWAY,9,17.0
83509,2,2,102,1,3,60.0,0,I,MELB_URBAN,ROAD,9,18.0
83510,2,2,100,5,1,50.0,0,N,MELB_URBAN,STREET,9,17.0
83511,3,2,167,5,5,100.0,0,N,RURAL_VICTORIA,HIGHWAY,9,18.0
83512,1,2,130,5,3,80.0,0,N,MELB_URBAN,FREEWAY,9,17.0
83513,1,4,163,5,1,50.0,0,N,MELB_URBAN,ROAD,9,16.0
83514,2,2,100,1,3,70.0,0,N,MELB_URBAN,HIGHWAY,9,19.0
83515,1,2,130,1,1,50.0,0,I,MELB_URBAN,UNKNOWN,9,12.0
83516,1,2,99,5,1,50.0,0,N,RURAL_VICTORIA,DRIVE,9,7.0
83517,1,1,121,2,3,70.0,0,I,MELB_URBAN,ROAD,9,19.0
83518,1,3,135,2,1,40.0,0,N,MELB_URBAN,ROAD,9,17.0
83519,6,2,170,5,5,100.0,0,N,RURAL_VICTORIA,ROAD,9,4.0
83520,1,2,120,5,5,100.0,1,N,RURAL_VICTORIA,HIGHWAY,9,17.0
83521,2,3,102,5,1,100.0,0,N,RURAL_VICTORIA,ROAD,9,6.0
83522,1,3,110,1,1,60.0,0,I,SMALL_CITIES,STREET,9,8.0
83523,1,3,110,1,1,60.0,0,I,MELB_URBAN,STREET,9,8.0
83524,1,4,163,5,1,60.0,0,N,MELB_URBAN,STREET,9,15.0
83525,1,3,147,5,1,60.0,0,N,MELB_URBAN,ROAD,9,7.0
83526,4,2,181,5,1,100.0,0,N,RURAL_VICTORIA,ROAD,9,16.0
83527,1,3,113,2,1,50.0,0,I,LARGE_PROVINCIAL_CITIES,ROAD,9,10.0
83528,1,3,130,5,1,80.0,0,N,MELB_URBAN,FREEWAY,7,16.0
83529,1,3,110,1,1,100.0,0,I,RURAL_VICTORIA,ROAD,9,11.0
83530,1,6,130,1,1,60.0,0,I,LARGE_PROVINCIAL_CITIES,STREET,9,15.0
83531,4,2,183,5,1,100.0,0,N,RURAL_VICTORIA,ROAD,9,15.0
83532,1,3,121,1,1,40.0,0,I,MELBOURNE_CBD,STREET,9,12.0
83533,4,3,173,5,1,100.0,0,N,RURAL_VICTORIA,ROAD,9,13.0
83534,4,4,171,2,6,60.0,0,I,RURAL_VICTORIA,HIGHWAY,4,21.0
83535,1,3,147,5,1,70.0,0,N,MELB_URBAN,ROAD,9,14.0
83536,1,3,110,1,1,80.0,0,I,MELB_URBAN,ROAD,9,15.0
83537,1,2,120,5,1,60.0,0,N,MELB_URBAN,ROAD,9,16.0
83538,1,3,116,2,3,60.0,0,I,MELB_URBAN,ROAD,9,18.0
83539,1,3,120,5,3,70.0,0,N,MELB_URBAN,ROAD,9,19.0
83540,2,3,102,5,3,60.0,0,N,MELB_URBAN,ROAD,9,19.0
83541,1,3,121,1,1,60.0,0,I,MELB_URBAN,ROAD,9,18.0
83542,1,3,130,2,3,60.0,0,I,MELB_URBAN,STREET,9,18.0
83543,1,3,99,1,1,60.0,0,N,MELB_URBAN,STREET,9,17.0
83544,1,3,135,2,1,80.0,0,N,MELB_URBAN,HIGHWAY,9,6.0
83545,4,3,181,2,3,50.0,0,I,MELB_URBAN,DRIVE,9,23.0
83546,1,7,135,2,1,60.0,0,I,MELB_URBAN,STREET,9,13.0
83547,1,2,130,5,1,60.0,0,N,MELB_URBAN,OTHER,9,14.0
83548,1,4,130,5,1,100.0,0,N,MELB_URBAN,FREEWAY,9,7.0
83549,2,4,100,1,1,50.0,0,N,MELB_URBAN,STREET,9,9.0
83550,1,4,121,2,1,80.0,0,I,RURAL_VICTORIA,ROAD,9,10.0
83551,1,4,120,5,1,100.0,0,N,RURAL_VICTORIA,HIGHWAY,9,9.0
83552,6,4,99,5,1,60.0,0,N,RURAL_VICTORIA,ROAD,9,10.0
83553,1,3,121,1,3,80.0,0,I,MELB_URBAN,ROAD,9,19.0
83554,4,3,183,5,5,100.0,0,N,RURAL_VICTORIA,ROAD,9,21.0
83555,1,4,140,1,1,80.0,0,I,MELB_URBAN,ROAD,9,12.0
83556,1,3,147,5,1,60.0,0,N,SMALL_CITIES,STREET,9,17.0
83557,1,4,130,5,1,60.0,0,N,MELB_URBAN,ROAD,9,14.0
83558,4,4,171,5,1,80.0,0,N,RURAL_VICTORIA,ROAD,9,13.0
83559,1,4,130,5,1,60.0,0,N,MELB_URBAN,ROAD,9,13.0
83560,1,5,130,5,6,60.0,0,N,SMALL_TOWNS,FREEWAY,9,20.0
83561,1,7,130,5,9,60.0,0,N,MELB_URBAN,HIGHWAY,9,14.0
83562,4,4,171,5,1,110.0,0,N,SMALL_CITIES,FREEWAY,9,14.0
83563,5,0,99,5,1,100.0,0,N,RURAL_VICTORIA,ROAD,9,11.0
83564,1,1,110,1,6,60.0,0,I,MELB_URBAN,STREET,8,17.0
83565,1,6,130,1,1,60.0,0,N,MELB_URBAN,HIGHWAY,9,14.0
83566,1,4,99,5,1,50.0,0,N,MELB_URBAN,ROAD,9,17.0
83567,1,3,130,1,1,80.0,0,N,MELB_URBAN,ROAD,9,14.0
83568,1,4,140,5,2,40.0,0,N,MELBOURNE_CBD,STREET,9,18.0
83569,1,4,99,4,1,80.0,0,I,MELB_URBAN,RAMP,9,17.0
83570,1,4,99,2,1,60.0,0,I,LARGE_PROVINCIAL_CITIES,ROAD,9,17.0
83571,1,4,110,1,1,50.0,0,I,MELB_URBAN,ROAD,9,18.0
83572,1,4,110,1,1,50.0,0,I,MELB_URBAN,ROAD,9,17.0
83573,1,3,110,1,1,50.0,0,I,SMALL_TOWNS,DRIVE,9,17.0
83574,1,3,110,1,1,50.0,0,I,MELB_URBAN,DRIVE,9,17.0
83575,1,4,130,5,3,60.0,0,I,MELB_URBAN,ROAD,9,20.0
83576,1,4,130,1,1,60.0,0,I,MELB_URBAN,STREET,9,10.0
83577,1,3,113,1,3,100.0,0,I,RURAL_VICTORIA,HIGHWAY,9,18.0
83578,1,4,99,2,1,60.0,0,I,MELB_URBAN,ROAD,9,15.0
83579,1,4,130,5,3,50.0,0,N,MELB_URBAN,STREET,9,18.0
83580,1,4,113,2,3,60.0,0,I,MELB_URBAN,ROAD,9,20.0
83581,1,4,110,1,2,60.0,0,I,SMALL_CITIES,STREET,9,17.0
83582,1,4,99,5,3,100.0,0,N,MELB_URBAN,ROAD,9,19.0
83583,1,4,110,1,1,50.0,0,I,MELB_URBAN,STREET,9,17.0
83584,1,4,121,2,2,40.0,0,I,MELB_URBAN,STREET,9,18.0
83585,1,4,130,5,3,60.0,0,N,MELB_URBAN,DRIVE,9,19.0
83586,2,4,99,2,3,60.0,0,I,MELB_URBAN,OTHER,9,21.0
83587,1,4,147,5,3,50.0,0,N,MELB_URBAN,ROAD,9,21.0
83588,1,4,121,1,3,80.0,0,I,MELB_URBAN,HIGHWAY,9,22.0
83589,1,5,121,5,3,80.0,0,N,MELB_URBAN,ROAD,9,5.0
83590,4,3,181,5,1,60.0,0,N,SMALL_TOWNS,ROAD,9,11.0
83591,4,4,171,5,5,100.0,0,N,RURAL_VICTORIA,ROAD,9,21.0
83592,1,4,140,2,1,80.0,0,I,MELB_URBAN,ROAD,9,15.0
83593,1,4,120,2,3,80.0,0,I,RURAL_VICTORIA,ROAD,9,19.0
83594,8,1,174,5,3,40.0,0,N,MELB_URBAN,STREET,9,1.0
83595,1,3,140,5,1,60.0,0,N,LARGE_PROVINCIAL_CITIES,STREET,9,15.0
83596,8,6,174,1,1,60.0,0,I,MELB_URBAN,ROAD,9,9.0
83597,1,5,110,1,1,50.0,0,I,MELB_URBAN,DRIVE,9,9.0
83598,1,5,110,1,1,80.0,0,I,SMALL_CITIES,ROAD,9,9.0
83599,1,4,99,4,1,60.0,0,I,MELB_URBAN,RAMP,9,9.0
83600,1,5,99,5,1,50.0,0,N,LARGE_PROVINCIAL_CITIES,STREET,9,7.0
83601,1,5,120,5,1,60.0,0,N,SMALL_CITIES,ROAD,9,9.0
83602,1,5,99,5,1,100.0,0,N,RURAL_VICTORIA,ROAD,9,7.0
83603,1,4,111,2,1,80.0,0,I,MELB_URBAN,ROAD,9,12.0
83604,8,5,170,5,1,100.0,0,N,MELB_URBAN,ROAD,9,11.0
83605,1,5,110,1,1,60.0,0,I,SMALL_CITIES,ROAD,9,10.0
83606,4,5,99,5,1,100.0,0,N,RURAL_VICTORIA,ROAD,9,11.0
83607,3,6,167,5,5,100.0,0,N,RURAL_VICTORIA,ROAD,12,22.0
83608,1,4,120,2,1,60.0,0,I,MELB_URBAN,ROAD,9,9.0
83609,1,5,121,2,1,70.0,0,I,LARGE_PROVINCIAL_CITIES,HIGHWAY,9,12.0
83610,1,5,130,2,1,50.0,0,I,SMALL_CITIES,STREET,9,12.0
83611,1,2,113,2,1,60.0,0,I,MELB_URBAN,ROAD,9,15.0
83612,1,5,130,5,1,60.0,0,N,SMALL_CITIES,STREET,9,15.0
83613,1,3,160,5,3,50.0,0,N,SMALL_CITIES,STREET,9,22.0
83614,1,4,99,5,1,60.0,0,N,MELB_URBAN,STREET,9,15.0
83615,4,5,171,5,1,100.0,0,N,RURAL_VICTORIA,AVENUE,9,16.0
83616,1,5,121,1,3,60.0,0,N,LARGE_PROVINCIAL_CITIES,STREET,9,18.0
83617,1,5,99,1,1,40.0,0,I,MELB_URBAN,ROAD,9,14.0
83618,2,5,100,1,3,70.0,0,I,MELB_URBAN,HIGHWAY,9,19.0
83619,2,5,99,5,1,60.0,0,N,MELB_URBAN,STREET,9,16.0
83620,6,2,99,5,5,80.0,0,N,RURAL_VICTORIA,HIGHWAY,9,21.0
83621,1,4,120,5,2,100.0,0,N,RURAL_VICTORIA,ROAD,9,17.0
83622,1,5,99,5,3,60.0,0,N,MELB_URBAN,STREET,9,19.0
83623,2,5,100,5,3,60.0,0,N,MELB_URBAN,HIGHWAY,9,19.0
83624,1,5,121,1,3,80.0,0,I,MELB_URBAN,ROAD,9,20.0
83625,1,5,121,1,1,60.0,0,I,MELB_URBAN,ROAD,9,17.0
83626,4,5,171,5,5,100.0,0,N,RURAL_VICTORIA,ROAD,9,19.0
83627,2,5,99,5,5,60.0,0,N,TOWNS,ROAD,9,21.0
83628,1,5,147,5,1,50.0,0,N,MELB_URBAN,DRIVE,9,16.0
83629,8,5,99,1,3,60.0,0,N,MELB_URBAN,ROAD,9,22.0
83630,1,5,130,2,5,40.0,0,I,MELB_URBAN,ROAD,9,22.0
83631,1,5,120,5,3,50.0,0,N,MELB_URBAN,ROAD,9,1.0
83632,2,5,99,5,6,60.0,0,N,MELB_URBAN,ROAD,9,3.0
83633,1,6,160,5,1,60.0,0,N,MELB_URBAN,ROAD,9,8.0
83634,1,4,99,5,1,100.0,0,N,MELB_URBAN,FREEWAY,9,7.0
83635,4,6,173,5,1,100.0,0,N,RURAL_VICTORIA,ROAD,9,8.0
83636,1,6,130,5,1,100.0,0,N,RURAL_VICTORIA,HIGHWAY,9,11.0
83637,1,6,99,5,1,60.0,0,N,RURAL_VICTORIA,ROAD,9,10.0
83638,1,6,113,2,1,60.0,0,I,TOWNS,ROAD,9,14.0
83639,1,6,99,2,1,60.0,0,I,RURAL_VICTORIA,ROAD,9,12.0
83640,5,7,99,5,5,60.0,0,N,RURAL_VICTORIA,ROAD,9,5.0
83641,4,6,183,2,1,100.0,0,I,RURAL_VICTORIA,ROAD,9,14.0
83642,4,6,181,5,1,100.0,0,N,RURAL_VICTORIA,ROAD,9,14.0
83643,4,6,171,5,1,100.0,0,N,RURAL_VICTORIA,ROAD,9,15.0
83644,6,6,174,2,1,100.0,0,I,RURAL_VICTORIA,HIGHWAY,9,14.0
83645,1,6,134,5,1,100.0,0,N,MELB_URBAN,UNKNOWN,9,13.0
83646,8,5,170,1,1,40.0,0,I,LARGE_PROVINCIAL_CITIES,AVENUE,9,15.0
83647,1,5,121,2,1,60.0,0,N,MELB_URBAN,ROAD,9,18.0