,accident_type,day_of_week,dca_code,road_geometry,light_condition,speed_zone,severity,node_type,deg_urban_name,road_type,month,hour
83648,1,5,120,5,1,50.0,0,N,MELB_URBAN,ROAD,9,16.0
83649,1,5,130,5,3,60.0,0,N,MELB_URBAN,ROAD,8,19.0
83650,6,6,184,5,1,60.0,0,N,RURAL_VICTORIA,ROAD,9,14.0
83651,4,3,171,1,3,70.0,0,I,MELB_URBAN,ROAD,9,20.0
83652,7,6,99,5,5,70.0,0,N,MELB_URBAN,ROAD,9,19.0
83653,4,6,173,5,5,100.0,0,N,RURAL_VICTORIA,ROAD,9,21.0
83654,2,6,99,1,3,40.0,0,N,MELBOURNE_CBD,STREET,9,1.0
83655,1,5,133,4,1,60.0,0,I,MELB_URBAN,ROAD,9,7.0
83656,1,7,116,2,1,50.0,0,I,MELB_URBAN,ROAD,9,8.0
83657,1,7,160,5,1,50.0,0,N,MELB_URBAN,ROAD,9,10.0
83658,1,7,120,5,1,50.0,0,N,TOWNS,ROAD,9,11.0
83659,1,4,110,1,1,60.0,0,I,SMALL_CITIES,STREET,9,16.0
83660,1,7,99,1,1,60.0,0,I,MELB_URBAN,STREET,9,13.0
83661,6,6,174,5,1,60.0,0,N,RURAL_VICTORIA,ROAD,9,13.0
83662,1,6,121,1,1,50.0,0,I,MELB_URBAN,HIGHWAY,9,14.0
83663,4,6,183,5,1,100.0,0,N,RURAL_VICTORIA,ROAD,9,15.0
83664,1,6,130,4,1,60.0,0,I,LARGE_PROVINCIAL_CITIES,STREET,9,11.0
83665,4,7,181,5,1,80.0,0,N,RURAL_VICTORIA,ROAD,9,15.0
83666,1,7,147,5,3,60.0,0,N,MELB_URBAN,HIGHWAY,9,19.0
83667,2,7,99,2,3,50.0,0,I,SMALL_CITIES,UNKNOWN,9,21.0
83668,2,7,100,5,6,40.0,0,N,MELB_URBAN,STREET,9,22.0
83669,1,6,110,1,3,60.0,0,I,MELB_URBAN,STREET,9,23.0
83670,1,7,113,2,3,80.0,0,N,RURAL_VICTORIA,STREET,9,20.0
83671,4,1,171,5,5,60.0,0,N,MELB_URBAN,ROAD,10,3.0
83672,4,1,171,2,2,60.0,0,I,MELB_URBAN,ROAD,10,5.0
83673,4,1,181,5,5,60.0,1,N,MELB_URBAN,STREET,10,1.0
83674,4,7,181,5,1,50.0,0,N,SMALL_CITIES,UNKNOWN,9,8.0
83675,4,1,183,5,5,50.0,0,N,RURAL_VICTORIA,STREET,10,5.0
83676,3,0,167,5,2,60.0,0,N,LARGE_PROVINCIAL_CITIES,AVENUE,10,6.0
83677,1,0,160,5,1,50.0,0,N,SMALL_CITIES,STREET,10,10.0
83678,1,0,160,5,1,50.0,0,N,TOWNS,STREET,10,11.0
83679,1,1,130,5,1,60.0,0,N,RURAL_VICTORIA,ROAD,10,11.0
83680,4,0,173,5,1,60.0,0,N,RURAL_VICTORIA,BOULEVARD,10,8.0
83681,4,1,173,5,2,100.0,0,N,RURAL_VICTORIA,HIGHWAY,10,6.0
83682,1,1,160,5,1,50.0,0,N,MELB_URBAN,STREET,10,12.0
83683,4,1,181,5,1,50.0,0,N,MELB_URBAN,DRIVE,10,7.0
83684,1,1,120,5,1,60.0,0,N,MELB_URBAN,ROAD,10,8.0
83685,4,1,173,5,9,100.0,0,N,RURAL_VICTORIA,ROAD,10,9.0
83686,1,3,140,5,3,60.0,0,N,MELBOURNE_CBD,STREET,8,20.0
83687,9,1,99,5,1,60.0,0,N,MELB_URBAN,HIGHWAY,10,8.0
83688,1,1,110,1,1,80.0,0,I,RURAL_VICTORIA,ROAD,10,15.0
83689,1,7,111,2,3,50.0,0,I,MELB_URBAN,STREET,9,19.0
83690,1,1,110,1,1,50.0,0,I,MELB_URBAN,STREET,10,15.0
83691,1,1,130,5,1,80.0,0,N,MELB_URBAN,ROAD,10,16.0
83692,1,1,113,1,1,40.0,0,I,MELB_URBAN,STREET,10,18.0
83693,1,1,99,5,2,60.0,0,N,LARGE_PROVINCIAL_CITIES,ROAD,10,19.0
83694,1,0,110,1,1,80.0,0,I,MELB_URBAN,HIGHWAY,10,14.0
83695,1,1,130,1,3,70.0,0,N,MELB_URBAN,ROAD,10,21.0
83696,7,2,99,5,5,40.0,0,N,MELB_URBAN,OTHER,10,0.0
83697,4,2,171,5,3,60.0,0,N,MELB_URBAN,ROAD,10,0.0
83698,4,1,171,5,3,40.0,0,N,MELB_URBAN,OTHER,10,5.0
83699,1,2,130,2,3,60.0,0,I,MELB_URBAN,ROAD,10,3.0
83700,4,2,173,1,3,60.0,0,I,MELB_URBAN,DRIVE,10,1.0
83701,1,7,130,1,9,70.0,0,I,MELB_URBAN,ROAD,9,15.0
83702,4,6,173,5,5,110.0,0,N,RURAL_VICTORIA,FREEWAY,9,4.0
83703,1,2,140,1,1,60.0,0,I,SMALL_TOWNS,ROAD,10,7.0
83704,1,2,121,1,1,60.0,0,I,MELB_URBAN,HIGHWAY,10,7.0
83705,1,0,99,5,1,60.0,0,N,MELB_URBAN,ROAD,10,15.0
83706,1,1,99,2,1,60.0,0,I,SMALL_CITIES,PARADE,10,10.0
83707,1,2,130,5,1,80.0,0,N,MELB_URBAN,UNKNOWN,10,9.0
83708,1,0,133,5,1,80.0,0,N,MELB_URBAN,ROAD,10,16.0
83709,1,2,99,5,1,50.0,0,N,TOWNS,STREET,10,10.0
83710,1,7,99,2,1,50.0,0,I,MELB_URBAN,AVENUE,9,17.0
83711,4,2,99,5,1,60.0,0,N,MELB_URBAN,ROAD,10,11.0
83712,6,2,174,1,2,60.0,0,I,MELB_URBAN,ROAD,8,7.0
83713,1,4,130,5,1,60.0,0,N,MELB_URBAN,ROAD,9,6.0
83714,1,5,110,1,1,100.0,0,I,RURAL_VICTORIA,HIGHWAY,9,16.0
83715,1,2,113,1,1,80.0,0,I,MELB_URBAN,ROAD,10,13.0
83716,1,2,113,2,1,50.0,0,I,MELB_URBAN,STREET,10,12.0
83717,4,2,183,2,1,100.0,0,I,RURAL_VICTORIA,ROAD,10,12.0
83718,4,1,173,5,1,80.0,0,N,MELB_URBAN,ROAD,10,14.0
83719,4,2,171,5,1,60.0,0,N,LARGE_PROVINCIAL_CITIES,AVENUE,10,12.0
83720,4,1,173,5,1,100.0,0,N,RURAL_VICTORIA,ROAD,10,15.0
83721,1,1,120,5,1,100.0,0,N,RURAL_VICTORIA,HIGHWAY,10,13.0
83722,1,2,120,1,1,70.0,0,I,MELB_URBAN,ROAD,10,14.0
83723,1,1,99,5,1,60.0,0,N,TOWNS,STREET,10,17.0
83724,2,2,100,2,1,60.0,0,I,TOWNS,ROAD,10,17.0
83725,1,2,99,5,1,80.0,0,N,MELB_URBAN,OTHER,10,16.0
83726,4,1,173,5,1,60.0,0,N,RURAL_VICTORIA,HIGHWAY,10,13.0
83727,1,2,121,2,2,80.0,0,I,MELB_URBAN,HIGHWAY,10,19.0
83728,1,2,130,2,1,60.0,0,N,MELB_URBAN,ROAD,10,16.0
83729,4,1,171,1,3,80.0,0,I,LARGE_PROVINCIAL_CITIES,HIGHWAY,10,21.0
83730,1,2,99,2,3,50.0,0,I,MELB_URBAN,DRIVE,10,23.0
83731,1,3,110,1,3,60.0,0,I,LARGE_PROVINCIAL_CITIES,ROAD,10,5.0
83732,1,1,160,5,1,60.0,0,N,MELB_URBAN,ROAD,10,14.0
83733,2,3,102,1,1,60.0,0,I,MELB_URBAN,ROAD,10,7.0
83734,1,1,130,5,1,80.0,0,N,MELB_URBAN,FREEWAY,10,17.0
83735,1,3,130,5,2,100.0,0,N,MELB_URBAN,FREEWAY,9,6.0
83736,1,6,130,5,1,100.0,0,N,MELB_URBAN,FREEWAY,9,13.0
83737,2,2,99,5,1,50.0,0,N,MELB_URBAN,AVENUE,10,7.0
83738,1,1,99,5,1,50.0,0,N,TOWNS,STREET,10,15.0
83739,1,3,130,2,1,80.0,0,I,RURAL_VICTORIA,ROAD,10,7.0
83740,2,3,100,5,1,60.0,0,N,TOWNS,OTHER,10,9.0
83741,2,3,102,1,1,60.0,0,I,MELB_URBAN,ROAD,10,7.0
83742,8,2,174,2,1,40.0,0,N,MELB_URBAN,STREET,10,8.0
83743,1,3,140,5,1,60.0,0,N,MELB_URBAN,ROAD,10,9.0
83744,1,3,130,5,1,60.0,0,N,MELB_URBAN,ROAD,10,11.0
83745,1,2,110,1,1,100.0,0,I,RURAL_VICTORIA,FREEWAY,10,7.0
83746,1,3,163,5,1,50.0,0,N,MELB_URBAN,STREET,10,13.0
83747,2,3,100,2,1,40.0,0,I,MELB_URBAN,ROAD,10,15.0
83748,1,3,113,2,1,80.0,0,I,RURAL_VICTORIA,HIGHWAY,10,15.0
83749,1,6,130,1,9,60.0,0,I,MELB_URBAN,ROAD,9,7.0
83750,6,3,99,5,1,100.0,0,N,RURAL_VICTORIA,ROAD,10,16.0
83751,1,2,130,1,1,80.0,0,N,MELB_URBAN,ROAD,10,17.0
83752,1,3,113,2,1,60.0,0,I,MELB_URBAN,HIGHWAY,10,15.0
83753,1,3,160,5,1,50.0,0,N,LARGE_PROVINCIAL_CITIES,DRIVE,10,17.0
83754,4,2,173,5,1,60.0,0,N,MELB_URBAN,ROAD,10,16.0
83755,4,3,181,5,1,100.0,0,N,RURAL_VICTORIA,ROAD,10,15.0
83756,1,2,113,2,1,60.0,0,I,MELB_URBAN,ROAD,10,14.0
83757,1,3,99,5,2,50.0,0,N,MELB_URBAN,AVENUE,10,19.0
83758,1,3,110,1,3,60.0,0,I,MELB_URBAN,ROAD,10,23.0
83759,1,3,121,1,3,80.0,0,N,MELB_URBAN,ROAD,10,21.0
83760,1,3,130,5,3,60.0,0,N,LARGE_PROVINCIAL_CITIES,OTHER,10,1.0
83761,1,3,120,2,3,40.0,1,I,MELB_URBAN,ROAD,10,21.0
83762,1,4,130,2,1,70.0,0,I,RURAL_VICTORIA,ROAD,10,8.0
83763,2,3,100,2,1,60.0,0,I,MELB_URBAN,HIGHWAY,10,8.0
83764,2,4,99,5,1,60.0,0,N,MELB_URBAN,ROAD,10,8.0
83765,1,3,113,2,1,60.0,0,I,MELB_URBAN,ROAD,8,10.0
83766,1,2,130,5,1,60.0,0,N,MELB_URBAN,ROAD,9,9.0
83767,6,3,174,5,3,60.0,0,N,MELB_URBAN,STREET,10,21.0
83768,1,3,120,5,1,100.0,0,N,RURAL_VICTORIA,ROAD,10,7.0
83769,1,5,99,1,3,60.0,0,I,LARGE_PROVINCIAL_CITIES,ROAD,9,19.0
83770,2,4,99,5,1,60.0,0,I,MELB_URBAN,ROAD,10,11.0
83771,1,4,130,5,1,80.0,0,N,MELB_URBAN,HIGHWAY,10,7.0
83772,1,4,130,2,1,60.0,0,I,LARGE_PROVINCIAL_CITIES,ROAD,10,11.0
83773,1,3,130,2,1,60.0,0,I,MELB_URBAN,ROAD,10,10.0
83774,4,4,173,5,1,80.0,0,N,RURAL_VICTORIA,ROAD,10,12.0
83775,1,3,130,1,1,70.0,0,I,MELB_URBAN,HIGHWAY,10,12.0
83776,6,3,99,5,5,60.0,0,N,RURAL_VICTORIA,ROAD,10,20.0
83777,4,4,183,2,1,100.0,0,I,RURAL_VICTORIA,ROAD,10,13.0
83778,1,4,110,1,1,40.0,0,I,MELB_URBAN,STREET,10,12.0
83779,1,4,135,5,9,80.0,0,N,MELB_URBAN,OTHER,10,13.0
83780,1,3,99,2,1,60.0,0,I,MELB_URBAN,ROAD,10,13.0
83781,1,4,99,2,1,80.0,0,I,MELB_URBAN,ROAD,10,14.0
83782,2,4,100,1,1,40.0,0,I,MELBOURNE_CBD,STREET,10,11.0
83783,1,4,163,5,1,40.0,0,N,MELBOURNE_CBD,STREET,10,14.0
83784,1,4,135,5,1,70.0,0,N,LARGE_PROVINCIAL_CITIES,ROAD,10,12.0
83785,1,3,130,5,3,60.0,0,N,MELB_URBAN,AVENUE,10,21.0
83786,1,4,134,5,1,100.0,0,N,MELB_URBAN,ROAD,10,14.0
83787,1,4,120,5,1,60.0,0,N,MELB_URBAN,STREET,10,13.0
83788,1,3,99,5,1,60.0,0,N,TOWNS,STREET,10,16.0
83789,1,7,130,5,1,60.0,0,N,MELB_URBAN,ROAD,1,11.0
83790,1,4,121,1,1,70.0,0,I,MELB_URBAN,ROAD,10,16.0
83791,1,4,130,5,1,60.0,0,N,MELB_URBAN,ROAD,10,15.0
83792,1,4,121,1,1,50.0,0,I,MELB_URBAN,ROAD,10,17.0
83793,1,3,135,5,1,60.0,0,N,MELB_URBAN,ROAD,10,18.0
83794,1,4,134,5,1,60.0,0,N,MELB_URBAN,ROAD,10,17.0
83795,1,4,110,1,1,60.0,0,I,RURAL_VICTORIA,ROAD,10,16.0
83796,1,4,160,5,3,50.0,0,N,MELB_URBAN,DRIVE,10,22.0
83797,6,4,170,5,5,50.0,0,N,RURAL_VICTORIA,ROAD,10,23.0
83798,1,4,99,1,3,60.0,0,I,MELB_URBAN,STREET,10,23.0
83799,2,4,102,1,3,60.0,0,I,MELB_URBAN,STREET,10,23.0
83800,1,5,130,5,5,100.0,0,N,MELB_URBAN,HIGHWAY,10,5.0
83801,1,5,111,2,1,60.0,0,I,MELB_URBAN,ROAD,10,7.0
83802,1,4,130,5,1,100.0,0,N,MELB_URBAN,FREEWAY,10,16.0
83803,8,4,174,2,1,50.0,0,I,MELB_URBAN,STREET,10,8.0
83804,1,5,160,5,1,50.0,0,N,SMALL_CITIES,STREET,9,16.0
83805,1,2,99,2,1,60.0,0,I,MELB_URBAN,DRIVE,9,14.0
83806,1,4,134,1,1,80.0,0,I,MELB_URBAN,ROAD,10,18.0
83807,6,7,184,5,1,100.0,0,N,RURAL_VICTORIA,ROAD,9,13.0
83808,1,5,130,1,9,60.0,0,I,MELB_URBAN,STREET,9,7.0
83809,1,4,121,1,1,60.0,0,I,LARGE_PROVINCIAL_CITIES,ROAD,10,11.0
83810,6,5,99,5,1,100.0,0,N,RURAL_VICTORIA,ROAD,10,10.0
83811,1,5,130,4,1,80.0,0,I,RURAL_VICTORIA,ROAD,8,8.0
83812,1,4,130,5,1,100.0,0,N,MELB_URBAN,FREEWAY,10,12.0
83813,1,5,121,1,1,60.0,0,N,MELB_URBAN,ROAD,10,11.0
83814,4,5,99,2,1,100.0,0,I,RURAL_VICTORIA,ROAD,10,13.0
83815,1,5,121,5,1,80.0,0,N,TOWNS,HIGHWAY,10,14.0
83816,4,4,171,5,1,70.0,0,N,MELB_URBAN,ROAD,10,17.0
83817,1,5,121,4,1,60.0,0,I,MELB_URBAN,HIGHWAY,10,13.0
83818,1,5,120,5,1,100.0,0,N,RURAL_VICTORIA,HIGHWAY,10,15.0
83819,1,4,130,5,1,60.0,0,N,MELB_URBAN,ROAD,9,9.0
83820,1,5,116,2,1,60.0,0,I,MELB_URBAN,ROAD,10,16.0
83821,1,4,133,5,1,40.0,0,N,MELB_URBAN,DRIVE,10,17.0
83822,1,2,163,5,2,60.0,0,N,MELB_URBAN,ROAD,10,19.0
83823,1,5,140,5,1,60.0,0,N,MELB_URBAN,ROAD,10,15.0
83824,1,4,130,2,1,70.0,0,I,SMALL_CITIES,ROAD,10,14.0
83825,6,5,99,5,1,100.0,0,N,RURAL_VICTORIA,ROAD,10,16.0
83826,1,2,163,2,1,40.0,0,N,MELB_URBAN,STREET,10,10.0
83827,6,5,99,5,1,100.0,0,N,RURAL_VICTORIA,ROAD,10,15.0
83828,1,5,120,5,3,50.0,0,N,MELB_URBAN,ROAD,10,21.0
83829,1,3,120,5,1,50.0,0,N,RURAL_VICTORIA,ROAD,9,9.0
83830,1,4,130,5,1,80.0,0,N,RURAL_VICTORIA,ROAD,10,16.0
83831,2,5,99,2,1,50.0,0,N,MELB_URBAN,OTHER,10,18.0
83832,1,5,121,5,1,50.0,0,N,MELB_URBAN,STREET,10,17.0
83833,1,5,135,1,3,60.0,0,N,MELB_URBAN,ROAD,10,21.0
83834,1,5,130,5,1,100.0,0,N,RURAL_VICTORIA,HIGHWAY,10,16.0
83835,1,6,130,5,1,80.0,0,N,TOWNS,ROAD,10,7.0
83836,4,6,181,5,1,100.0,0,N,RURAL_VICTORIA,ROAD,10,9.0
83837,1,3,132,1,1,80.0,0,N,RURAL_VICTORIA,OTHER,9,17.0
83838,1,6,99,2,1,60.0,0,I,MELB_URBAN,ROAD,10,11.0
83839,4,6,171,5,1,80.0,0,N,RURAL_VICTORIA,HIGHWAY,10,12.0
83840,1,4,99,5,1,60.0,0,N,MELB_URBAN,ROAD,10,19.0
83841,8,6,99,5,1,50.0,0,N,MELB_URBAN,AVENUE,10,11.0
83842,2,6,100,1,1,70.0,0,I,MELB_URBAN,ROAD,10,13.0
83843,4,5,171,2,1,60.0,0,N,MELB_URBAN,ROAD,10,12.0
83844,1,3,110,1,1,80.0,0,I,MELB_URBAN,ROAD,10,11.0
83845,1,2,130,5,1,60.0,0,N,LARGE_PROVINCIAL_CITIES,ROAD,10,16.0
83846,1,5,134,1,1,50.0,0,N,LARGE_PROVINCIAL_CITIES,STREET,10,14.0
83847,1,6,163,5,1,40.0,0,N,MELBOURNE_CBD,STREET,10,15.0
83848,1,6,147,5,1,70.0,0,N,MELB_URBAN,ROAD,10,16.0
83849,1,6,99,5,1,60.0,0,N,MELB_URBAN,ROAD,10,18.0
83850,2,6,100,2,1,50.0,0,I,MELB_URBAN,STREET,10,12.0
83851,1,5,130,5,1,60.0,0,N,MELB_URBAN,ROAD,10,17.0
83852,1,6,130,5,1,60.0,0,N,SMALL_CITIES,HIGHWAY,10,16.0
83853,2,6,99,5,1,40.0,0,N,MELB_URBAN,ROAD,10,15.0
83854,8,5,99,5,1,100.0,0,N,RURAL_VICTORIA,ROAD,10,17.0
83855,4,6,171,5,1,100.0,0,N,RURAL_VICTORIA,ROAD,10,17.0
83856,2,5,100,2,3,40.0,0,I,SMALL_CITIES,STREET,10,19.0
83857,4,5,171,5,5,100.0,0,N,RURAL_VICTORIA,ROAD,10,21.0
83858,1,5,99,2,1,100.0,0,I,RURAL_VICTORIA,ROAD,10,16.0
83859,4,6,99,2,2,80.0,0,I,RURAL_VICTORIA,ROAD,10,6.0
83860,1,6,147,5,2,50.0,0,N,MELB_URBAN,RAMP,10,18.0
83861,1,6,147,5,3,60.0,0,N,MELB_URBAN,ROAD,10,22.0
83862,4,7,171,4,3,60.0,0,I,MELB_URBAN,BOULEVARD,10,0.0
83863,1,5,130,4,2,60.0,0,N,MELB_URBAN,RAMP,10,18.0
83864,4,7,171,5,3,50.0,0,N,MELB_URBAN,DRIVE,10,6.0
83865,1,7,99,5,5,110.0,0,N,RURAL_VICTORIA,FREEWAY,10,0.0
83866,1,4,130,5,1,60.0,0,N,LARGE_PROVINCIAL_CITIES,HIGHWAY,10,18.0
83867,1,4,121,1,2,40.0,0,I,MELB_URBAN,STREET,10,18.0
83868,1,5,130,1,3,70.0,0,I,MELB_URBAN,ROAD,10,20.0
83869,3,5,167,5,1,100.0,0,N,RURAL_VICTORIA,HIGHWAY,10,7.0
83870,1,7,130,1,1,60.0,0,I,MELB_URBAN,ROAD,5,15.0
83871,1,2,99,1,1,100.0,0,I,RURAL_VICTORIA,HIGHWAY,10,13.0
83872,4,7,173,5,1,50.0,0,N,SMALL_CITIES,STREET,10,8.0
83873,1,7,113,2,1,100.0,0,I,RURAL_VICTORIA,HIGHWAY,10,12.0
83874,1,6,121,1,1,80.0,0,I,SMALL_CITIES,HIGHWAY,10,12.0
83875,2,7,100,2,1,60.0,1,I,MELB_URBAN,ROAD,10,8.0
83876,5,7,99,5,6,70.0,0,N,RURAL_VICTORIA,ROAD,10,6.0
83877,1,6,130,5,1,50.0,0,N,TOWNS,STREET,10,13.0
83878,1,6,120,5,3,70.0,0,N,MELB_URBAN,ROAD,10,20.0
83879,1,4,163,5,1,60.0,0,N,MELB_URBAN,STREET,10,8.0
83880,1,4,163,5,1,60.0,0,N,MELB_URBAN,STREET,10,17.0
83881,1,6,120,1,3,60.0,0,N,MELB_URBAN,ROAD,10,22.0
83882,4,7,171,5,1,110.0,0,I,RURAL_VICTORIA,FREEWAY,10,15.0
83883,1,7,130,5,1,40.0,0,N,MELB_URBAN,ROAD,10,16.0
83884,1,6,121,2,1,60.0,0,I,MELB_URBAN,STREET,10,14.0
83885,1,7,99,5,1,100.0,0,N,RURAL_VICTORIA,ROAD,10,16.0
83886,1,2,99,5,1,60.0,0,N,MELB_URBAN,ROAD,10,15.0
83887,6,7,99,5,1,80.0,0,N,RURAL_VICTORIA,ROAD,10,17.0
83888,1,7,140,2,1,50.0,0,I,MELB_URBAN,ROAD,10,16.0
83889,1,7,121,2,2,60.0,0,I,TOWNS,HIGHWAY,10,19.0
83890,1,7,160,2,1,60.0,0,N,MELB_URBAN,ROAD,10,17.0
83891,1,7,121,1,3,60.0,0,I,MELB_URBAN,HIGHWAY,10,20.0
83892,4,7,171,5,5,100.0,0,N,RURAL_VICTORIA,ROAD,10,3.0
83893,4,7,171,5,5,80.0,0,N,MELB_URBAN,ROAD,10,23.0
83894,4,7,99,6,1,80.0,0,N,RURAL_VICTORIA,DRIVE,10,13.0
83895,1,1,99,5,5,50.0,0,N,MELB_URBAN,AVENUE,10,2.0
83896,1,6,130,5,2,70.0,0,N,MELB_URBAN,ROAD,9,18.0
83897,4,1,171,5,3,40.0,0,N,MELBOURNE_CBD,STREET,10,4.0
83898,1,4,130,5,1,100.0,0,N,RURAL_VICTORIA,ROAD,10,17.0
83899,1,1,121,2,1,60.0,0,I,MELB_URBAN,STREET,10,9.0
83900,1,6,121,2,3,60.0,0,I,MELB_URBAN,ROAD,10,19.0
83901,1,7,99,2,1,40.0,0,I,TOWNS,AVENUE,10,10.0
83902,4,0,181,5,1,60.0,0,N,RURAL_VICTORIA,ROAD,10,6.0
83903,1,1,110,1,1,110.0,0,I,RURAL_VICTORIA,FREEWAY,10,10.0
83904,1,7,113,2,5,60.0,0,I,RURAL_VICTORIA,ROAD,10,20.0
83905,4,1,171,5,1,100.0,0,N,RURAL_VICTORIA,OTHER,10,10.0
83906,1,6,121,1,6,60.0,0,I,MELB_URBAN,STREET,10,22.0
83907,4,1,171,5,1,100.0,0,N,RURAL_VICTORIA,ROAD,10,12.0
83908,6,7,174,5,3,100.0,0,N,MELB_URBAN,UNKNOWN,10,19.0
83909,1,1,99,4,1,50.0,0,I,MELB_URBAN,DRIVE,10,13.0
83910,4,1,181,5,1,100.0,0,N,MELB_URBAN,ROAD,10,14.0
83911,1,5,130,1,1,60.0,0,I,MELB_URBAN,STREET,10,17.0
83912,1,1,160,5,1,70.0,0,N,LARGE_PROVINCIAL_CITIES,HIGHWAY,10,16.0
83913,6,1,184,5,1,80.0,0,N,RURAL_VICTORIA,ROAD,10,15.0
83914,1,1,121,1,1,70.0,0,N,MELB_URBAN,ROAD,10,16.0
83915,6,1,170,5,1,60.0,0,N,RURAL_VICTORIA,ROAD,10,17.0
83916,1,1,99,5,1,110.0,0,N,LARGE_PROVINCIAL_CITIES,FREEWAY,10,17.0
83917,8,1,99,5,1,60.0,0,N,RURAL_VICTORIA,ROAD,10,15.0
83918,6,1,99,5,1,40.0,0,N,RURAL_VICTORIA,ROAD,10,15.0
83919,4,1,171,5,1,110.0,1,N,RURAL_VICTORIA,FREEWAY,10,13.0
83920,1,1,121,2,1,80.0,0,I,RURAL_VICTORIA,ROAD,10,8.0
83921,1,1,140,5,2,60.0,0,N,MELB_URBAN,ROAD,10,19.0
83922,2,1,100,1,3,50.0,0,I,MELB_URBAN,STREET,10,21.0
83923,4,0,99,2,3,50.0,0,I,MELB_URBAN,ROAD,10,21.0
83924,4,1,99,2,3,50.0,0,I,MELB_URBAN,STREET,10,22.0
83925,4,1,181,5,3,70.0,0,N,LARGE_PROVINCIAL_CITIES,ROAD,10,23.0
83926,1,1,130,5,1,80.0,0,N,MELB_URBAN,FREEWAY,10,7.0
83927,1,7,121,1,3,80.0,0,I,MELB_URBAN,ROAD,10,21.0
83928,6,2,184,2,1,50.0,0,I,SMALL_CITIES,STREET,10,8.0
83929,1,3,160,5,3,50.0,0,N,MELB_URBAN,STREET,8,20.0
83930,4,2,181,2,1,80.0,0,N,RURAL_VICTORIA,ROAD,10,9.0
83931,1,1,110,1,1,80.0,0,I,MELB_URBAN,ROAD,10,9.0
83932,8,6,99,2,2,80.0,0,I,SMALL_CITIES,HIGHWAY,9,19.0
83933,1,2,130,4,1,70.0,0,I,MELB_URBAN,ROAD,10,10.0
83934,4,2,171,2,1,60.0,0,I,SMALL_CITIES,STREET,10,9.0
83935,1,2,133,5,1,60.0,0,N,MELB_URBAN,ROAD,10,9.0
83936,1,1,120,5,3,60.0,0,N,LARGE_PROVINCIAL_CITIES,STREET,10,21.0
83937,1,1,160,5,1,60.0,0,N,MELB_URBAN,ROAD,10,10.0
83938,6,1,170,5,1,100.0,0,N,RURAL_VICTORIA,ROAD,10,10.0
83939,1,2,99,1,1,50.0,0,I,MELB_URBAN,STREET,10,8.0
83940,1,2,121,2,1,70.0,0,I,MELB_URBAN,ROAD,10,11.0
83941,1,2,130,5,1,100.0,0,N,MELB_URBAN,FREEWAY,10,9.0
83942,2,2,102,5,1,40.0,0,N,MELB_URBAN,ROAD,10,9.0
83943,4,4,181,5,1,50.0,0,N,MELB_URBAN,ROAD,10,12.0
83944,1,2,120,2,1,60.0,0,I,RURAL_VICTORIA,ROAD,10,10.0
83945,1,1,121,2,1,60.0,0,I,MELB_URBAN,STREET,10,14.0
83946,1,2,99,2,1,60.0,0,I,MELB_URBAN,STREET,10,14.0
83947,4,2,171,5,1,100.0,0,N,MELB_URBAN,FREEWAY,10,14.0
83948,1,2,99,5,1,40.0,0,N,MELB_URBAN,STREET,10,14.0
83949,1,2,130,5,1,70.0,0,N,MELB_URBAN,ROAD,10,13.0
83950,3,1,167,5,1,60.0,0,N,RURAL_VICTORIA,ROAD,10,17.0
83951,4,2,99,1,1,60.0,0,I,RURAL_VICTORIA,UNKNOWN,10,14.0
83952,1,7,130,2,1,60.0,0,N,SMALL_CITIES,HIGHWAY,10,13.0
83953,4,2,181,5,1,100.0,0,N,RURAL_VICTORIA,HIGHWAY,10,13.0
83954,1,6,130,5,1,50.0,0,N,TOWNS,STREET,10,12.0
83955,4,2,171,2,1,60.0,0,I,MELB_URBAN,PARADE,10,17.0
83956,8,2,99,5,1,100.0,0,N,RURAL_VICTORIA,ROAD,10,16.0
83957,1,2,113,2,1,50.0,0,I,MELB_URBAN,ROAD,10,18.0
83958,1,2,116,1,1,80.0,0,I,MELB_URBAN,ROAD,10,17.0
83959,2,2,99,2,1,60.0,0,I,MELB_URBAN,STREET,10,15.0
83960,1,1,110,1,1,40.0,0,I,MELB_URBAN,STREET,10,19.0
83961,1,5,99,2,5,50.0,0,I,TOWNS,STREET,10,20.0
83962,1,1,132,5,1,50.0,0,N,TOWNS,ROAD,10,17.0
83963,1,1,130,5,6,100.0,0,N,SMALL_TOWNS,FREEWAY,10,22.0
83964,4,2,173,5,3,50.0,0,N,MELB_URBAN,STREET,10,20.0
83965,1,1,130,2,1,60.0,0,I,MELB_URBAN,STREET,10,17.0
83966,4,1,183,5,5,80.0,0,N,RURAL_VICTORIA,ROAD,10,3.0
83967,4,1,171,5,5,70.0,0,N,MELB_URBAN,ROAD,10,0.0
83968,1,2,121,1,3,60.0,1,I,MELB_URBAN,ROAD,10,23.0
83969,1,6,110,1,1,50.0,0,I,MELB_URBAN,AVENUE,9,13.0
83970,4,2,183,5,2,100.0,0,N,RURAL_VICTORIA,ROAD,10,17.0
83971,3,3,167,5,2,100.0,0,N,RURAL_VICTORIA,HIGHWAY,10,5.0
83972,1,3,116,2,1,70.0,0,I,MELB_URBAN,STREET,10,7.0
83973,1,3,132,1,1,60.0,0,N,MELB_URBAN,STREET,10,7.0
83974,1,2,132,5,1,50.0,0,N,MELB_URBAN,OTHER,10,8.0