,accident_type,day_of_week,dca_code,road_geometry,light_condition,speed_zone,severity,node_type,deg_urban_name,road_type,month,hour
83975,4,6,173,5,1,100.0,0,N,RURAL_VICTORIA,ROAD,10,16.0
83976,8,7,174,5,1,100.0,0,N,RURAL_VICTORIA,ROAD,9,14.0
83977,8,2,174,2,1,70.0,0,I,MELB_URBAN,STREET,10,7.0
83978,1,3,130,5,1,100.0,0,N,MELB_URBAN,FREEWAY,10,8.0
83979,2,7,99,2,1,50.0,0,N,LARGE_PROVINCIAL_CITIES,STREET,10,12.0
83980,1,2,121,1,1,60.0,0,I,MELB_URBAN,STREET,9,17.0
83981,2,3,100,1,1,70.0,0,I,MELB_URBAN,ROAD,10,8.0
83982,1,3,121,5,1,70.0,0,I,MELB_URBAN,ROAD,10,11.0
83983,1,3,130,2,1,60.0,0,I,SMALL_CITIES,ROAD,10,9.0
83984,1,3,130,2,1,70.0,0,I,TOWNS,HIGHWAY,10,9.0
83985,1,3,173,5,1,80.0,0,N,MELB_URBAN,HIGHWAY,10,9.0
83986,1,5,130,1,2,60.0,0,I,MELB_URBAN,STREET,10,17.0
83987,1,3,110,1,1,50.0,0,I,SMALL_CITIES,STREET,10,8.0
83988,1,3,110,1,1,40.0,0,I,MELB_URBAN,STREET,10,12.0
83989,6,3,174,5,1,100.0,0,N,RURAL_VICTORIA,FREEWAY,10,12.0
83990,1,3,121,2,1,60.0,0,I,MELB_URBAN,ROAD,10,13.0
83991,1,3,132,5,1,60.0,0,N,MELB_URBAN,ROAD,10,12.0
83992,1,3,130,5,1,100.0,0,N,MELB_URBAN,UNKNOWN,10,7.0
83993,1,3,130,5,1,100.0,0,N,MELB_URBAN,UNKNOWN,10,8.0
83994,1,3,113,2,1,60.0,0,I,MELB_URBAN,ROAD,10,15.0
83995,1,2,130,5,1,70.0,0,N,MELB_URBAN,ROAD,10,10.0
83996,6,2,170,5,1,100.0,0,N,RURAL_VICTORIA,HIGHWAY,10,7.0
83997,1,1,163,5,1,40.0,0,N,MELBOURNE_CBD,STREET,9,15.0
83998,1,3,121,2,1,60.0,0,I,MELB_URBAN,STREET,10,17.0
83999,1,3,147,5,1,60.0,1,N,MELB_URBAN,ROAD,10,15.0
84000,1,3,130,5,2,60.0,0,N,MELB_URBAN,ROAD,10,18.0
84001,1,3,121,2,1,40.0,0,I,MELB_URBAN,STREET,10,17.0
84002,1,3,121,2,1,40.0,0,I,MELB_URBAN,STREET,10,18.0
84003,1,3,130,1,3,60.0,0,I,SMALL_CITIES,STREET,10,19.0
84004,1,3,121,5,3,60.0,0,N,LARGE_PROVINCIAL_CITIES,ROAD,10,20.0
84005,1,3,110,1,3,70.0,0,N,MELB_URBAN,ROAD,10,20.0
84006,1,3,121,1,1,50.0,0,I,MELB_URBAN,AVENUE,10,16.0
84007,1,3,130,1,2,80.0,0,I,MELB_URBAN,ROAD,10,5.0
84008,2,3,100,2,3,60.0,0,I,MELB_URBAN,ROAD,10,22.0
84009,1,3,130,1,1,60.0,0,I,MELB_URBAN,ROAD,10,8.0
84010,4,3,171,5,5,60.0,0,N,RURAL_VICTORIA,ROAD,10,22.0
84011,1,6,120,2,1,60.0,0,I,MELB_URBAN,ROAD,10,13.0
84012,1,4,130,5,2,80.0,0,N,MELB_URBAN,RAMP,10,6.0
84013,1,4,130,5,1,40.0,0,N,RURAL_VICTORIA,FREEWAY,10,6.0
84014,8,5,174,5,9,40.0,0,N,MELB_URBAN,STREET,9,12.0
84015,1,3,163,5,5,80.0,0,N,MELB_URBAN,HIGHWAY,10,21.0
84016,4,2,181,5,5,100.0,0,N,RURAL_VICTORIA,ROAD,10,19.0
84017,1,7,160,5,1,50.0,0,N,LARGE_PROVINCIAL_CITIES,STREET,9,11.0
84018,1,4,130,2,1,80.0,0,I,MELB_URBAN,ROAD,10,8.0
84019,1,4,163,5,1,50.0,0,N,MELB_URBAN,STREET,10,6.0
84020,1,4,110,1,1,50.0,0,I,SMALL_CITIES,AVENUE,10,12.0
84021,4,6,171,5,6,60.0,0,N,MELB_URBAN,ROAD,10,5.0
84022,1,3,121,1,1,80.0,0,I,MELB_URBAN,ROAD,10,17.0
84023,4,2,173,5,1,80.0,0,N,MELB_URBAN,HIGHWAY,10,12.0
84024,1,4,110,1,1,50.0,0,I,MELB_URBAN,STREET,10,8.0
84025,1,4,130,1,1,50.0,0,I,SMALL_TOWNS,STREET,10,10.0
84026,6,6,99,5,1,100.0,0,N,RURAL_VICTORIA,HIGHWAY,10,16.0
84027,1,4,99,5,1,50.0,0,N,MELB_URBAN,STREET,10,14.0
84028,1,4,110,1,1,60.0,0,I,MELB_URBAN,STREET,10,8.0
84029,4,3,99,2,1,50.0,0,I,MELB_URBAN,DRIVE,10,15.0
84030,1,4,110,1,1,50.0,0,I,LARGE_PROVINCIAL_CITIES,STREET,10,16.0
84031,1,4,130,5,1,80.0,0,N,MELB_URBAN,ROAD,10,15.0
84032,1,2,130,5,1,60.0,0,N,MELB_URBAN,ROAD,8,17.0
84033,1,4,113,2,1,60.0,0,I,MELB_URBAN,ROAD,10,8.0
84034,4,4,171,4,1,60.0,0,I,RURAL_VICTORIA,RAMP,10,15.0
84035,1,4,120,5,1,60.0,0,N,RURAL_VICTORIA,ROAD,10,15.0
84036,1,3,121,1,1,60.0,0,I,MELB_URBAN,STREET,10,17.0
84037,1,4,130,5,1,70.0,0,N,RURAL_VICTORIA,ROAD,10,17.0
84038,5,1,99,5,1,100.0,0,N,MELB_URBAN,FREEWAY,10,9.0
84039,4,4,173,5,1,70.0,0,N,MELB_URBAN,ROAD,10,18.0
84040,1,3,113,2,1,60.0,0,I,SMALL_CITIES,ROAD,10,13.0
84041,3,5,167,5,5,100.0,0,N,TOWNS,ROAD,10,2.0
84042,7,5,99,5,3,40.0,0,N,SMALL_CITIES,ROAD,10,1.0
84043,1,4,130,1,3,60.0,0,I,MELB_URBAN,ROAD,10,4.0
84044,2,4,100,5,1,40.0,0,N,MELB_URBAN,DRIVE,10,15.0
84045,4,5,173,5,3,60.0,0,N,MELB_URBAN,OTHER,10,4.0
84046,1,4,121,1,1,60.0,0,I,MELB_URBAN,STREET,10,5.0
84047,1,5,121,2,1,60.0,0,I,MELB_URBAN,STREET,10,7.0
84048,1,4,130,1,1,60.0,0,N,MELB_URBAN,ROAD,10,7.0
84049,1,4,130,5,1,100.0,0,N,MELB_URBAN,ROAD,10,8.0
84050,1,5,130,2,1,50.0,0,I,MELB_URBAN,OTHER,10,9.0
84051,1,5,130,1,1,70.0,0,I,MELB_URBAN,ROAD,10,8.0
84052,1,5,99,1,1,60.0,0,I,MELB_URBAN,ROAD,10,8.0
84053,1,5,130,5,1,100.0,0,N,MELB_URBAN,FREEWAY,10,9.0
84054,2,6,102,1,1,60.0,0,I,MELB_URBAN,STREET,8,13.0
84055,4,5,171,5,1,100.0,0,N,RURAL_VICTORIA,ROAD,10,11.0
84056,8,4,170,5,2,100.0,0,N,MELB_URBAN,ROAD,10,7.0
84057,1,5,121,1,1,60.0,0,I,LARGE_PROVINCIAL_CITIES,STREET,10,10.0
84058,4,5,181,5,1,60.0,0,N,SMALL_CITIES,STREET,10,12.0
84059,1,4,133,5,1,60.0,0,N,MELB_URBAN,PARADE,10,13.0
84060,1,3,130,1,9,60.0,0,I,MELB_URBAN,OTHER,10,18.0
84061,1,5,130,5,1,70.0,0,N,MELB_URBAN,OTHER,10,10.0
84062,1,3,130,5,1,60.0,0,N,MELB_URBAN,RAMP,10,17.0
84063,2,1,99,5,1,60.0,0,N,MELB_URBAN,STREET,10,11.0
84064,1,5,99,1,1,60.0,0,I,MELB_URBAN,PARADE,10,8.0
84065,1,5,130,5,1,80.0,0,N,MELB_URBAN,ROAD,10,11.0
84066,1,3,130,4,2,60.0,0,I,MELB_URBAN,ROAD,9,7.0
84067,4,1,171,5,5,60.0,0,N,RURAL_VICTORIA,ROAD,10,21.0
84068,1,3,130,5,1,60.0,0,N,MELB_URBAN,STREET,10,15.0
84069,1,5,120,5,1,80.0,0,N,RURAL_VICTORIA,ROAD,10,11.0
84070,1,4,113,2,1,50.0,0,I,MELB_URBAN,STREET,10,8.0
84071,1,5,130,2,1,60.0,0,I,MELB_URBAN,STREET,10,13.0
84072,1,5,120,5,1,60.0,0,N,MELB_URBAN,ROAD,10,13.0
84073,1,4,99,5,3,60.0,0,N,MELB_URBAN,ROAD,10,20.0
84074,1,3,130,2,1,80.0,0,I,MELB_URBAN,ROAD,10,18.0
84075,1,5,99,5,1,60.0,0,N,TOWNS,STREET,10,16.0
84076,8,1,174,2,3,50.0,0,I,MELB_URBAN,STREET,10,23.0
84077,1,5,140,5,1,70.0,0,N,MELB_URBAN,STREET,10,15.0
84078,1,4,121,2,1,60.0,0,I,MELB_URBAN,ROAD,10,16.0
84079,1,4,130,5,1,70.0,0,N,MELB_URBAN,ROAD,10,17.0
84080,4,5,173,5,1,50.0,0,N,MELB_URBAN,STREET,10,17.0
84081,1,5,99,5,1,80.0,0,N,MELB_URBAN,ROAD,10,12.0
84082,1,4,163,5,1,40.0,0,N,MELBOURNE_CBD,STREET,10,13.0
84083,1,4,147,5,1,50.0,0,N,MELB_URBAN,STREET,10,9.0
84084,1,5,110,1,1,60.0,0,I,MELB_URBAN,ROAD,10,15.0
84085,1,5,120,5,1,60.0,0,N,RURAL_VICTORIA,ROAD,10,15.0
84086,1,3,130,5,1,60.0,0,N,MELB_URBAN,DRIVE,10,9.0
84087,6,5,174,5,3,60.0,0,N,MELB_URBAN,STREET,10,21.0
84088,4,6,171,5,5,80.0,1,N,RURAL_VICTORIA,HIGHWAY,10,3.0
84089,6,6,99,5,2,100.0,0,N,RURAL_VICTORIA,ROAD,10,6.0
84090,1,5,110,1,1,80.0,0,I,MELB_URBAN,OTHER,10,7.0
84091,1,5,130,1,1,60.0,0,I,MELB_URBAN,ROAD,10,16.0
84092,1,6,121,2,1,60.0,0,I,MELB_URBAN,STREET,10,9.0
84093,1,2,130,5,1,50.0,0,I,LARGE_PROVINCIAL_CITIES,STREET,9,14.0
84094,1,6,130,5,1,100.0,0,N,MELB_URBAN,UNKNOWN,10,10.0
84095,1,6,130,5,9,60.0,0,N,MELB_URBAN,HIGHWAY,8,18.0
84096,2,6,100,5,1,50.0,0,N,MELB_URBAN,STREET,10,9.0
84097,1,6,99,5,1,60.0,0,N,MELB_URBAN,STREET,10,11.0
84098,1,5,110,1,1,50.0,0,I,MELB_URBAN,AVENUE,9,15.0
84099,4,1,181,5,1,60.0,0,N,MELB_URBAN,DRIVE,10,10.0
84100,1,5,121,5,2,80.0,0,N,MELB_URBAN,OTHER,10,18.0
84101,1,3,132,2,1,100.0,0,I,RURAL_VICTORIA,ROAD,10,18.0
84102,1,6,130,1,1,70.0,0,I,SMALL_CITIES,PARADE,10,14.0
84103,2,6,99,5,1,60.0,0,N,MELB_URBAN,ROAD,10,15.0
84104,1,6,120,5,1,70.0,0,N,MELB_URBAN,STREET,10,11.0
84105,1,6,130,5,1,70.0,0,N,MELB_URBAN,ROAD,10,15.0
84106,1,7,113,2,1,70.0,0,I,MELB_URBAN,ROAD,6,13.0
84107,1,6,160,5,1,60.0,0,N,MELB_URBAN,STREET,10,16.0
84108,1,6,111,2,1,80.0,0,I,MELB_URBAN,HIGHWAY,10,17.0
84109,1,5,130,5,1,80.0,0,N,MELB_URBAN,HIGHWAY,10,15.0
84110,1,6,140,5,3,60.0,0,N,MELB_URBAN,ROAD,10,23.0
84111,4,7,173,1,3,80.0,0,I,MELB_URBAN,ROAD,10,1.0
84112,1,6,173,5,3,80.0,0,N,MELB_URBAN,HIGHWAY,10,21.0
84113,1,7,160,5,5,60.0,0,N,LARGE_PROVINCIAL_CITIES,STREET,10,5.0
84114,8,7,174,5,1,50.0,0,N,RURAL_VICTORIA,ROAD,8,11.0
84115,6,7,184,2,1,60.0,0,I,RURAL_VICTORIA,ROAD,10,10.0
84116,1,6,130,5,1,100.0,0,I,MELB_URBAN,UNKNOWN,10,8.0
84117,4,7,171,1,1,60.0,0,I,SMALL_CITIES,OTHER,10,13.0
84118,1,6,110,1,1,60.0,0,I,SMALL_CITIES,AVENUE,10,11.0
84119,4,5,181,5,2,100.0,0,N,RURAL_VICTORIA,ROAD,10,19.0
84120,1,7,121,1,1,60.0,0,I,MELB_URBAN,STREET,10,11.0
84121,2,7,99,2,1,50.0,0,N,MELB_URBAN,PARADE,10,14.0
84122,1,7,110,1,1,80.0,0,I,RURAL_VICTORIA,ROAD,10,14.0
84123,1,7,121,2,1,60.0,0,I,LARGE_PROVINCIAL_CITIES,UNKNOWN,10,14.0
84124,1,7,130,5,1,60.0,0,N,MELB_URBAN,ROAD,10,16.0
84125,1,7,110,1,1,50.0,0,I,SMALL_CITIES,STREET,10,17.0
84126,6,7,170,5,1,110.0,0,N,RURAL_VICTORIA,FREEWAY,10,16.0
84127,1,7,120,5,1,40.0,0,N,MELB_URBAN,ROAD,10,16.0
84128,2,7,100,5,1,60.0,0,N,MELB_URBAN,ROAD,10,14.0
84129,1,7,113,2,1,60.0,0,I,MELB_URBAN,STREET,10,15.0
84130,1,3,140,5,1,50.0,0,N,LARGE_PROVINCIAL_CITIES,AVENUE,10,16.0
84131,4,7,181,5,1,60.0,0,N,RURAL_VICTORIA,ROAD,10,13.0
84132,2,7,99,5,1,50.0,0,N,MELB_URBAN,ROAD,10,17.0
84133,1,7,160,5,1,60.0,0,N,MELB_URBAN,ROAD,10,15.0
84134,1,7,99,5,1,60.0,0,N,MELB_URBAN,ROAD,10,18.0
84135,1,7,113,2,1,100.0,0,I,RURAL_VICTORIA,HIGHWAY,10,12.0
84136,4,7,183,5,1,100.0,0,N,SMALL_TOWNS,ROAD,10,17.0
84137,2,7,99,5,1,60.0,0,N,MELB_URBAN,ROAD,10,16.0
84138,1,6,113,2,2,80.0,0,I,MELB_URBAN,ROAD,10,19.0
84139,6,7,99,5,1,100.0,1,N,RURAL_VICTORIA,HIGHWAY,10,15.0
84140,1,7,121,2,1,80.0,0,I,MELB_URBAN,HIGHWAY,10,17.0
84141,8,7,174,5,1,100.0,0,N,RURAL_VICTORIA,ROAD,10,16.0
84142,1,6,110,1,3,60.0,0,I,MELB_URBAN,STREET,10,3.0
84143,1,7,130,5,3,80.0,0,N,MELB_URBAN,HIGHWAY,10,20.0
84144,1,7,113,4,3,80.0,0,I,MELB_URBAN,ROAD,10,20.0
84145,2,1,99,2,3,40.0,0,I,TOWNS,OTHER,10,0.0
84146,4,1,173,2,3,80.0,0,N,MELB_URBAN,ROAD,10,0.0
84147,1,1,160,5,3,60.0,0,N,MELB_URBAN,ROAD,10,3.0
84148,1,1,134,5,3,100.0,0,N,MELB_URBAN,FREEWAY,10,4.0
84149,1,7,113,2,1,60.0,0,N,MELB_URBAN,ROAD,10,12.0
84150,1,5,135,5,1,60.0,0,N,MELB_URBAN,STREET,10,18.0
84151,6,7,184,5,1,60.0,0,N,RURAL_VICTORIA,ROAD,10,10.0
84152,1,5,130,5,1,80.0,0,N,MELB_URBAN,ROAD,10,8.0
84153,1,1,116,2,1,60.0,0,I,MELB_URBAN,STREET,10,8.0
84154,2,1,102,1,1,60.0,0,I,MELB_URBAN,ROAD,10,13.0
84155,1,1,134,5,1,80.0,0,N,MELB_URBAN,RAMP,10,13.0
84156,1,1,113,1,1,60.0,0,I,MELB_URBAN,ROAD,10,12.0
84157,1,1,130,2,1,60.0,0,I,MELB_URBAN,ROAD,10,13.0
84158,2,1,102,2,1,50.0,0,I,TOWNS,STREET,10,14.0
84159,1,1,130,5,1,60.0,0,N,MELB_URBAN,ROAD,10,13.0
84160,1,6,110,1,3,80.0,0,I,MELB_URBAN,ROAD,10,19.0
84161,2,5,100,1,1,50.0,0,I,MELB_URBAN,STREET,10,11.0
84162,2,7,100,1,6,50.0,0,I,MELB_URBAN,STREET,10,22.0
84163,4,1,173,5,1,100.0,0,N,RURAL_VICTORIA,ROAD,10,14.0
84164,1,1,113,2,1,60.0,0,I,MELB_URBAN,BOULEVARD,10,13.0
84165,4,2,171,2,1,50.0,0,I,LARGE_PROVINCIAL_CITIES,DRIVE,10,18.0
84166,1,1,120,5,1,100.0,0,N,RURAL_VICTORIA,ROAD,10,18.0
84167,6,1,184,2,1,100.0,0,I,RURAL_VICTORIA,ROAD,10,18.0
84168,1,1,163,1,1,60.0,0,I,MELB_URBAN,STREET,10,13.0
84169,8,1,174,1,2,50.0,0,I,SMALL_CITIES,STREET,10,19.0
84170,1,1,121,2,1,100.0,0,I,RURAL_VICTORIA,HIGHWAY,10,18.0
84171,1,1,121,1,2,80.0,0,N,MELB_URBAN,ROAD,10,19.0
84172,1,6,160,5,1,50.0,0,N,MELB_URBAN,STREET,10,18.0
84173,4,1,173,5,3,80.0,0,N,MELB_URBAN,ROAD,10,19.0
84174,1,1,121,1,3,40.0,0,I,MELB_URBAN,ROAD,10,20.0
84175,1,0,121,2,3,60.0,0,I,MELB_URBAN,STREET,10,20.0
84176,1,0,120,5,5,100.0,0,N,RURAL_VICTORIA,HIGHWAY,10,20.0
84177,1,4,147,5,1,60.0,0,N,MELB_URBAN,ROAD,10,11.0
84178,5,1,99,5,5,100.0,0,N,RURAL_VICTORIA,HIGHWAY,10,20.0
84179,4,1,173,5,3,50.0,0,N,MELB_URBAN,AVENUE,10,23.0
84180,4,2,171,5,5,100.0,0,N,RURAL_VICTORIA,ROAD,10,0.0
84181,1,1,121,2,1,60.0,0,I,MELB_URBAN,ROAD,10,13.0
84182,1,1,160,5,5,100.0,0,N,SMALL_CITIES,FREEWAY,10,1.0
84183,1,1,133,1,1,60.0,0,I,MELB_URBAN,ROAD,10,7.0
84184,6,1,184,5,1,100.0,0,N,RURAL_VICTORIA,ROAD,10,12.0
84185,1,4,113,4,1,60.0,0,I,SMALL_CITIES,RAMP,10,11.0
84186,1,1,116,4,1,70.0,0,I,MELB_URBAN,FREEWAY,10,14.0
84187,1,4,99,5,1,50.0,0,N,TOWNS,ROAD,10,15.0
84188,4,3,183,5,1,70.0,0,N,RURAL_VICTORIA,ROAD,10,16.0
84189,8,1,184,5,1,100.0,0,N,RURAL_VICTORIA,ROAD,10,15.0
84190,1,2,130,5,1,60.0,0,N,MELB_URBAN,STREET,10,7.0
84191,4,1,183,5,1,100.0,0,N,RURAL_VICTORIA,ROAD,10,12.0
84192,1,2,121,1,1,60.0,0,I,MELB_URBAN,ROAD,10,8.0
84193,8,1,99,5,1,100.0,0,N,RURAL_VICTORIA,ROAD,10,13.0
84194,4,1,181,5,5,100.0,0,N,RURAL_VICTORIA,ROAD,10,4.0
84195,2,7,99,5,1,60.0,0,N,MELB_URBAN,ROAD,10,7.0
84196,1,2,160,5,1,50.0,0,N,MELB_URBAN,STREET,10,8.0
84197,1,2,132,1,1,80.0,0,I,MELB_URBAN,ROAD,10,8.0
84198,1,1,113,2,1,60.0,0,I,TOWNS,ROAD,10,9.0
84199,1,1,121,5,1,50.0,0,N,MELB_URBAN,ROAD,10,10.0
84200,1,2,99,1,1,60.0,0,I,MELB_URBAN,ROAD,10,10.0
84201,1,5,99,5,3,100.0,0,N,MELB_URBAN,RAMP,9,21.0
84202,4,1,181,2,1,80.0,0,N,RURAL_VICTORIA,ROAD,10,10.0
84203,1,2,130,5,1,80.0,0,N,MELB_URBAN,RAMP,10,9.0
84204,8,1,174,2,1,80.0,0,N,SMALL_CITIES,HIGHWAY,10,15.0
84205,4,2,171,5,1,100.0,0,N,MELB_URBAN,FREEWAY,10,13.0
84206,1,2,121,1,1,60.0,0,I,MELB_URBAN,AVENUE,10,13.0
84207,1,2,130,2,1,60.0,0,I,MELB_URBAN,STREET,10,12.0
84208,1,2,99,5,1,40.0,0,N,MELB_URBAN,ROAD,10,12.0
84209,1,2,147,5,1,40.0,0,N,MELB_URBAN,ROAD,10,14.0
84210,2,2,100,5,1,60.0,0,N,MELB_URBAN,ROAD,10,15.0
84211,1,2,113,2,1,50.0,0,I,SMALL_CITIES,STREET,10,17.0
84212,4,2,173,5,1,100.0,0,N,RURAL_VICTORIA,HIGHWAY,10,16.0
84213,1,1,135,5,1,80.0,0,N,MELB_URBAN,ROAD,10,17.0
84214,1,2,113,2,1,60.0,0,I,MELB_URBAN,ROAD,10,17.0
84215,1,2,121,1,1,60.0,0,I,MELB_URBAN,ROAD,10,15.0
84216,1,1,110,1,1,60.0,0,I,MELB_URBAN,STREET,10,17.0
84217,2,2,100,1,1,60.0,0,I,MELB_URBAN,ROAD,10,16.0
84218,4,2,181,2,1,60.0,0,N,MELB_URBAN,ROAD,10,17.0
84219,1,2,99,5,2,40.0,0,N,MELBOURNE_CBD,STREET,10,19.0
84220,4,2,171,5,1,100.0,0,N,MELB_URBAN,FREEWAY,10,18.0
84221,1,1,147,5,2,50.0,0,N,MELB_URBAN,DRIVE,10,19.0
84222,1,2,99,1,1,80.0,1,N,RURAL_VICTORIA,ROAD,10,17.0
84223,3,2,167,5,2,100.0,0,N,RURAL_VICTORIA,ROAD,10,19.0
84224,2,2,102,2,3,60.0,0,I,MELB_URBAN,ROAD,10,20.0
84225,1,2,130,5,2,100.0,0,N,RURAL_VICTORIA,HIGHWAY,10,18.0
84226,4,5,173,5,1,80.0,0,N,RURAL_VICTORIA,ROAD,10,17.0
84227,1,2,99,5,3,60.0,0,N,MELB_URBAN,STREET,10,21.0
84228,2,1,102,2,1,80.0,0,I,MELB_URBAN,ROAD,10,8.0
84229,4,5,99,5,1,60.0,0,N,MELB_URBAN,ROAD,10,14.0
84230,1,5,160,5,1,50.0,0,N,MELB_URBAN,BOULEVARD,10,9.0
84231,3,3,167,5,1,100.0,0,N,RURAL_VICTORIA,ROAD,10,7.0
84232,4,3,99,2,1,80.0,0,I,RURAL_VICTORIA,ROAD,10,7.0
84233,1,3,99,1,1,60.0,0,I,MELB_URBAN,STREET,10,9.0
84234,1,6,130,5,2,60.0,0,I,MELB_URBAN,STREET,3,17.0
84235,1,1,140,5,1,50.0,0,N,MELB_URBAN,OTHER,10,19.0
84236,1,2,160,5,1,50.0,0,N,MELB_URBAN,ROAD,10,11.0
84237,1,1,130,1,1,50.0,0,I,SMALL_CITIES,STREET,10,14.0
84238,6,3,174,5,1,60.0,0,N,MELB_URBAN,AVENUE,10,8.0
84239,1,3,116,1,2,50.0,0,I,MELB_URBAN,DRIVE,10,7.0
84240,4,2,171,5,5,80.0,0,N,RURAL_VICTORIA,ROAD,10,19.0
84241,1,3,130,1,1,60.0,0,I,MELB_URBAN,STREET,10,13.0
84242,4,3,181,5,1,50.0,0,N,MELB_URBAN,STREET,10,7.0
84243,1,2,163,5,1,40.0,0,I,MELBOURNE_CBD,STREET,9,19.0
84244,1,2,130,5,1,60.0,0,N,SMALL_CITIES,ROAD,10,15.0
84245,2,3,100,1,1,80.0,0,I,MELB_URBAN,ROAD,10,16.0
84246,4,2,173,5,1,100.0,0,N,RURAL_VICTORIA,HIGHWAY,10,15.0
84247,1,2,111,1,1,60.0,0,I,SMALL_CITIES,STREET,10,17.0
84248,5,3,99,1,1,50.0,0,N,MELB_URBAN,OTHER,10,15.0
84249,1,3,140,2,1,70.0,0,I,MELB_URBAN,ROAD,10,17.0
84250,1,3,130,5,1,90.0,0,N,RURAL_VICTORIA,DRIVE,10,17.0
84251,1,3,120,5,1,60.0,0,N,MELB_URBAN,STREET,10,18.0
84252,4,3,171,5,5,100.0,0,N,RURAL_VICTORIA,ROAD,10,20.0
84253,4,0,171,5,1,80.0,0,N,RURAL_VICTORIA,ROAD,9,15.0
84254,1,5,130,1,9,40.0,0,I,MELB_URBAN,ROAD,9,10.0
84255,1,3,120,2,1,60.0,0,N,MELB_URBAN,ROAD,10,17.0
84256,1,3,121,5,1,60.0,0,N,LARGE_PROVINCIAL_CITIES,STREET,10,16.0
84257,1,3,140,5,1,80.0,0,N,RURAL_VICTORIA,ROAD,10,18.0
84258,1,3,140,5,1,60.0,0,N,MELB_URBAN,ROAD,10,19.0
84259,1,3,113,4,3,80.0,0,I,MELB_URBAN,HIGHWAY,10,23.0
84260,4,3,181,5,5,100.0,0,N,RURAL_VICTORIA,ROAD,10,23.0
84261,1,4,113,1,1,70.0,0,N,MELB_URBAN,HIGHWAY,10,5.0
84262,1,4,99,5,1,60.0,0,N,MELB_URBAN,ROAD,10,7.0
84263,2,4,100,5,1,60.0,0,N,MELB_URBAN,STREET,10,7.0
84264,1,4,130,1,1,60.0,0,I,MELB_URBAN,STREET,10,9.0
84265,1,4,121,4,1,60.0,0,I,MELB_URBAN,RAMP,10,7.0
84266,1,3,147,5,1,60.0,0,N,MELB_URBAN,STREET,10,7.0
84267,1,4,121,2,1,60.0,0,I,MELB_URBAN,ROAD,10,9.0
84268,1,7,113,2,1,60.0,0,I,MELB_URBAN,AVENUE,10,14.0
84269,1,0,99,5,1,60.0,0,I,MELB_URBAN,ROAD,10,12.0
84270,1,4,99,2,1,60.0,0,I,MELB_URBAN,STREET,10,10.0
84271,1,4,121,2,1,80.0,0,I,MELB_URBAN,ROAD,10,10.0
84272,1,4,130,5,1,80.0,0,N,MELB_URBAN,ROAD,8,11.0
84273,1,7,130,5,3,40.0,0,N,MELBOURNE_CBD,STREET,10,0.0
84274,4,2,99,6,3,60.0,0,N,MELB_URBAN,STREET,10,4.0
84275,1,4,135,5,1,100.0,0,N,MELB_URBAN,FREEWAY,10,10.0
84276,1,6,111,2,2,80.0,0,I,RURAL_VICTORIA,ROAD,10,7.0
84277,1,3,110,1,1,60.0,0,I,MELB_URBAN,OTHER,10,13.0
84278,2,4,100,2,1,60.0,0,I,MELB_URBAN,ROAD,10,8.0
84279,1,4,160,5,1,50.0,0,N,LARGE_PROVINCIAL_CITIES,STREET,10,13.0
84280,2,1,100,5,6,60.0,0,N,MELB_URBAN,ROAD,10,21.0
84281,1,3,130,2,1,60.0,0,I,MELB_URBAN,ROAD,10,17.0
84282,6,4,174,5,1,80.0,0,N,RURAL_VICTORIA,ROAD,10,12.0
84283,1,2,130,1,1,60.0,0,I,MELB_URBAN,STREET,10,11.0
84284,1,3,120,5,1,100.0,0,N,RURAL_VICTORIA,ROAD,10,9.0
84285,1,3,121,1,1,70.0,0,I,MELB_URBAN,ROAD,10,14.0
84286,1,4,120,5,1,100.0,0,N,RURAL_VICTORIA,HIGHWAY,10,14.0
84287,1,2,130,1,1,70.0,0,I,LARGE_PROVINCIAL_CITIES,HIGHWAY,10,11.0
84288,4,4,171,5,1,100.0,0,N,RURAL_VICTORIA,HIGHWAY,10,15.0
84289,2,6,100,5,5,60.0,0,N,MELB_URBAN,ROAD,9,21.0
84290,1,5,130,2,1,50.0,0,I,MELB_URBAN,ROAD,10,9.0
84291,1,4,120,5,1,60.0,0,N,RURAL_VICTORIA,ROAD,10,14.0
84292,2,4,100,2,1,50.0,0,I,MELB_URBAN,ROAD,10,18.0
84293,1,4,99,2,1,50.0,0,I,MELB_URBAN,STREET,10,15.0
84294,2,3,99,5,1,50.0,0,N,MELB_URBAN,STREET,10,14.0
84295,1,4,113,1,1,80.0,0,I,TOWNS,ROAD,10,15.0
84296,1,7,163,1,3,50.0,0,I,MELBOURNE_CBD,STREET,10,18.0
84297,1,2,130,5,1,60.0,0,N,MELB_URBAN,BOULEVARD,10,17.0
84298,1,4,110,1,3,50.0,0,I,MELBOURNE_CBD,STREET,10,21.0
84299,2,4,99,5,1,40.0,1,N,MELBOURNE_CBD,STREET,10,16.0
84300,1,4,163,2,1,60.0,0,N,MELB_URBAN,ROAD,10,20.0
84301,1,4,113,2,2,80.0,0,I,MELB_URBAN,ROAD,10,19.0