,accident_type,day_of_week,dca_code,road_geometry,light_condition,speed_zone,severity,node_type,deg_urban_name,road_type,month,hour
84302,1,4,160,2,1,50.0,0,N,MELB_URBAN,STREET,10,18.0
84303,3,4,167,5,2,100.0,0,N,RURAL_VICTORIA,HIGHWAY,10,6.0
84304,6,4,174,5,3,100.0,0,N,RURAL_VICTORIA,FREEWAY,10,22.0
84305,1,4,99,5,3,40.0,0,N,MELB_URBAN,FREEWAY,10,21.0
84306,1,4,120,5,2,100.0,1,N,RURAL_VICTORIA,ROAD,10,20.0
84307,4,3,135,5,5,110.0,0,N,RURAL_VICTORIA,FREEWAY,10,23.0
84308,1,4,130,2,9,60.0,0,N,MELB_URBAN,ROAD,10,12.0
84309,1,4,99,1,1,50.0,0,N,MELB_URBAN,STREET,10,18.0
84310,8,4,99,5,1,80.0,0,N,RURAL_VICTORIA,ROAD,10,15.0
84311,1,1,121,2,1,80.0,0,N,RURAL_VICTORIA,ROAD,10,17.0
84312,8,4,174,5,1,60.0,0,N,MELB_URBAN,ROAD,10,10.0
84313,1,3,111,2,1,60.0,0,I,MELB_URBAN,ROAD,10,15.0
84314,8,5,184,2,1,50.0,0,I,MELB_URBAN,ROAD,10,11.0
84315,1,3,113,2,1,80.0,0,I,MELB_URBAN,HIGHWAY,10,8.0
84316,4,5,181,5,1,50.0,0,N,MELB_URBAN,ROAD,10,12.0
84317,1,5,110,1,1,60.0,0,I,MELB_URBAN,STREET,10,11.0
84318,1,5,99,5,1,60.0,0,N,TOWNS,ROAD,10,12.0
84319,2,5,99,5,1,60.0,0,N,MELB_URBAN,STREET,10,11.0
84320,1,4,147,5,1,60.0,0,N,MELB_URBAN,ROAD,10,18.0
84321,1,4,133,5,6,60.0,0,N,MELB_URBAN,ROAD,10,4.0
84322,8,5,174,2,1,60.0,0,I,MELB_URBAN,ROAD,10,11.0
84323,4,5,181,5,1,60.0,0,N,TOWNS,ROAD,10,10.0
84324,1,5,130,5,1,80.0,0,N,MELB_URBAN,ROAD,10,12.0
84325,1,4,116,1,3,80.0,0,N,MELB_URBAN,HIGHWAY,10,21.0
84326,6,3,174,5,1,80.0,0,N,MELB_URBAN,HIGHWAY,10,8.0
84327,1,4,99,2,1,50.0,0,I,TOWNS,OTHER,10,15.0
84328,2,5,99,5,1,50.0,0,N,TOWNS,STREET,10,16.0
84329,1,4,113,2,1,50.0,0,I,TOWNS,AVENUE,10,17.0
84330,2,7,102,1,1,60.0,0,I,MELB_URBAN,STREET,10,16.0
84331,4,5,181,2,1,100.0,0,I,RURAL_VICTORIA,ROAD,10,13.0
84332,1,5,121,2,1,60.0,0,I,MELB_URBAN,ROAD,10,15.0
84333,1,5,130,5,1,60.0,0,N,SMALL_CITIES,STREET,10,10.0
84334,1,5,133,1,1,60.0,0,I,LARGE_PROVINCIAL_CITIES,STREET,10,16.0
84335,1,4,147,5,3,40.0,0,N,MELB_URBAN,STREET,10,20.0
84336,1,5,130,5,1,70.0,0,N,MELB_URBAN,ROAD,10,14.0
84337,1,4,110,1,2,50.0,0,I,MELB_URBAN,STREET,10,6.0
84338,1,5,132,3,1,80.0,0,N,RURAL_VICTORIA,HIGHWAY,10,17.0
84339,1,5,147,2,1,60.0,0,N,MELB_URBAN,HIGHWAY,10,17.0
84340,4,5,181,5,1,100.0,0,N,RURAL_VICTORIA,ROAD,10,15.0
84341,1,5,163,2,1,60.0,0,I,MELB_URBAN,STREET,10,16.0
84342,1,5,121,2,1,70.0,0,I,MELB_URBAN,ROAD,10,17.0
84343,1,5,99,2,1,60.0,0,I,MELB_URBAN,PARADE,10,17.0
84344,1,5,99,2,1,40.0,0,I,SMALL_CITIES,STREET,10,8.0
84345,2,5,99,5,1,70.0,0,N,MELB_URBAN,ROAD,10,17.0
84346,1,4,130,1,9,80.0,0,N,MELB_URBAN,ROAD,10,7.0
84347,1,5,113,2,1,80.0,0,I,MELB_URBAN,ROAD,10,18.0
84348,1,5,113,2,3,70.0,0,I,MELB_URBAN,ROAD,10,20.0
84349,1,5,120,5,1,80.0,0,N,TOWNS,HIGHWAY,10,16.0
84350,1,5,135,5,3,100.0,0,N,MELB_URBAN,RAMP,10,1.0
84351,1,6,121,1,2,70.0,0,I,MELB_URBAN,ROAD,10,5.0
84352,1,5,121,5,1,60.0,0,N,MELB_URBAN,ROAD,10,16.0
84353,4,6,183,5,1,60.0,0,N,MELB_URBAN,ROAD,10,7.0
84354,2,6,100,1,1,40.0,0,I,MELB_URBAN,STREET,10,9.0
84355,8,3,184,2,1,50.0,0,N,RURAL_VICTORIA,ROAD,10,14.0
84356,1,4,130,1,1,60.0,0,I,MELB_URBAN,ROAD,3,17.0
84357,1,6,130,5,1,100.0,0,N,MELB_URBAN,FREEWAY,10,7.0
84358,1,5,111,2,2,60.0,0,I,MELB_URBAN,STREET,10,19.0
84359,1,5,110,1,1,50.0,0,I,SMALL_CITIES,AVENUE,10,12.0
84360,1,6,140,2,1,70.0,0,I,MELB_URBAN,ROAD,10,12.0
84361,4,5,173,5,1,50.0,0,N,MELB_URBAN,UNKNOWN,10,11.0
84362,1,3,110,1,3,60.0,0,I,TOWNS,ROAD,7,6.0
84363,1,6,163,5,1,40.0,0,N,MELB_URBAN,ROAD,10,11.0
84364,1,5,160,5,1,50.0,0,N,MELB_URBAN,ROAD,10,11.0
84365,1,6,99,5,1,80.0,0,N,MELB_URBAN,ROAD,10,13.0
84366,1,6,99,5,1,60.0,0,N,TOWNS,STREET,10,11.0
84367,1,7,130,1,1,60.0,0,I,MELB_URBAN,ROAD,12,12.0
84368,4,5,173,5,1,100.0,0,N,RURAL_VICTORIA,HIGHWAY,10,14.0
84369,1,3,111,2,1,60.0,0,I,MELB_URBAN,OTHER,7,8.0
84370,8,4,170,5,1,80.0,0,N,RURAL_VICTORIA,HIGHWAY,10,15.0
84371,1,4,130,5,3,40.0,0,I,MELB_URBAN,DRIVE,10,22.0
84372,1,6,130,5,1,40.0,0,N,RURAL_VICTORIA,ROAD,10,11.0
84373,3,6,167,5,1,100.0,0,N,RURAL_VICTORIA,ROAD,10,15.0
84374,1,5,121,5,1,50.0,0,N,MELB_URBAN,STREET,10,11.0
84375,1,3,130,5,3,60.0,0,N,MELB_URBAN,ROAD,10,23.0
84376,1,6,120,5,1,90.0,0,N,RURAL_VICTORIA,ROAD,10,16.0
84377,1,5,130,5,1,70.0,0,N,RURAL_VICTORIA,ROAD,10,17.0
84378,1,6,99,1,3,50.0,0,I,MELB_URBAN,STREET,10,20.0
84379,6,5,174,5,1,50.0,0,N,MELB_URBAN,ROAD,10,15.0
84380,1,6,130,5,1,80.0,0,N,MELB_URBAN,FREEWAY,10,16.0
84381,1,6,130,5,1,60.0,0,N,TOWNS,STREET,10,16.0
84382,2,6,102,5,1,60.0,0,N,MELB_URBAN,STREET,10,18.0
84383,1,5,121,1,1,60.0,0,I,MELB_URBAN,STREET,10,14.0
84384,1,6,99,5,1,60.0,0,N,RURAL_VICTORIA,ROAD,10,18.0
84385,9,0,99,2,1,60.0,0,I,RURAL_VICTORIA,ROAD,10,11.0
84386,8,6,174,5,2,60.0,0,N,SMALL_CITIES,DRIVE,10,18.0
84387,1,6,130,5,1,60.0,0,N,MELB_URBAN,ROAD,10,19.0
84388,8,6,99,5,1,80.0,0,N,RURAL_VICTORIA,ROAD,10,18.0
84389,1,6,110,1,1,60.0,0,I,SMALL_CITIES,AVENUE,10,18.0
84390,2,5,102,5,1,40.0,0,N,MELB_URBAN,ROAD,10,18.0
84391,1,6,130,1,1,60.0,0,I,MELB_URBAN,STREET,10,10.0
84392,2,6,100,5,1,40.0,0,N,LARGE_PROVINCIAL_CITIES,AVENUE,10,15.0
84393,4,5,173,5,3,70.0,0,N,LARGE_PROVINCIAL_CITIES,HIGHWAY,10,22.0
84394,1,6,147,5,3,40.0,0,N,MELB_URBAN,STREET,10,21.0
84395,4,6,181,5,5,100.0,0,N,RURAL_VICTORIA,ROAD,10,22.0
84396,4,6,183,2,5,50.0,0,I,RURAL_VICTORIA,STREET,10,22.0
84397,2,6,99,2,3,60.0,0,I,MELB_URBAN,AVENUE,10,0.0
84398,1,5,121,1,3,60.0,0,I,MELB_URBAN,ROAD,10,23.0
84399,1,5,147,5,1,60.0,0,N,MELB_URBAN,ROAD,10,9.0
84400,1,7,120,5,1,60.0,0,N,MELB_URBAN,ROAD,10,6.0
84401,1,6,121,2,1,60.0,0,I,MELB_URBAN,ROAD,10,7.0
84402,1,7,147,5,1,60.0,0,N,MELB_URBAN,ROAD,10,8.0
84403,4,7,171,5,1,100.0,0,N,RURAL_VICTORIA,ROAD,10,10.0
84404,6,7,99,5,1,80.0,0,N,MELB_URBAN,HIGHWAY,10,9.0
84405,1,6,130,5,1,50.0,0,N,MELB_URBAN,OTHER,10,10.0
84406,1,7,163,5,1,50.0,0,N,MELB_URBAN,ROAD,10,9.0
84407,1,7,130,5,1,60.0,0,N,MELB_URBAN,ROAD,10,10.0
84408,2,7,99,5,1,60.0,0,N,LARGE_PROVINCIAL_CITIES,STREET,10,11.0
84409,1,6,99,5,1,60.0,0,N,MELB_URBAN,ROAD,10,14.0
84410,1,6,113,2,3,60.0,0,I,MELB_URBAN,STREET,10,19.0
84411,1,7,121,1,1,50.0,0,I,MELB_URBAN,STREET,10,11.0
84412,1,6,121,2,1,60.0,0,I,MELB_URBAN,ROAD,10,13.0
84413,1,6,163,5,1,100.0,0,N,SMALL_TOWNS,FREEWAY,10,12.0
84414,1,7,130,5,1,80.0,0,N,MELB_URBAN,UNKNOWN,10,13.0
84415,5,6,99,2,1,50.0,0,I,MELB_URBAN,STREET,10,12.0
84416,2,6,99,2,1,50.0,0,I,MELB_URBAN,DRIVE,10,12.0
84417,1,3,130,5,1,60.0,0,N,MELB_URBAN,UNKNOWN,10,10.0
84418,1,7,99,5,1,60.0,0,N,MELB_URBAN,ROAD,10,14.0
84419,2,3,99,2,9,40.0,0,I,MELB_URBAN,ROAD,10,11.0
84420,1,6,130,1,1,60.0,0,I,MELB_URBAN,ROAD,10,12.0
84421,1,7,130,5,1,60.0,0,N,MELB_URBAN,ROAD,10,13.0
84422,1,7,116,1,1,80.0,0,N,LARGE_PROVINCIAL_CITIES,ROAD,10,15.0
84423,1,7,120,5,1,70.0,0,N,MELB_URBAN,HIGHWAY,10,19.0
84424,1,7,113,4,3,80.0,0,I,MELB_URBAN,ROAD,10,20.0
84425,1,6,120,5,1,100.0,0,N,RURAL_VICTORIA,ROAD,10,15.0
84426,1,6,113,2,1,50.0,0,I,TOWNS,HIGHWAY,10,18.0
84427,1,7,99,1,3,50.0,0,I,MELB_URBAN,STREET,10,22.0
84428,4,7,181,5,5,100.0,0,N,RURAL_VICTORIA,ROAD,10,23.0
84429,4,7,181,5,4,100.0,0,N,RURAL_VICTORIA,ROAD,10,0.0
84430,4,7,183,5,6,100.0,0,N,MELB_URBAN,FREEWAY,10,23.0
84431,2,7,102,2,3,80.0,0,I,MELB_URBAN,ROAD,10,23.0
84432,1,7,99,5,3,60.0,0,N,MELB_URBAN,STREET,10,23.0
84433,1,1,110,1,3,60.0,0,I,MELB_URBAN,ROAD,10,1.0
84434,1,1,135,5,5,100.0,0,N,LARGE_PROVINCIAL_CITIES,ROAD,10,0.0
84435,1,7,134,5,3,60.0,0,N,MELB_URBAN,ROAD,10,22.0
84436,4,1,99,5,1,50.0,0,N,MELB_URBAN,STREET,10,6.0
84437,1,6,120,5,1,100.0,0,N,RURAL_VICTORIA,ROAD,10,10.0
84438,1,1,116,1,1,50.0,0,I,LARGE_PROVINCIAL_CITIES,ROAD,10,6.0
84439,1,7,120,5,1,70.0,0,N,MELB_URBAN,ROAD,10,13.0
84440,1,1,99,2,1,80.0,0,I,RURAL_VICTORIA,ROAD,10,8.0
84441,4,1,181,5,1,100.0,0,N,RURAL_VICTORIA,ROAD,10,9.0
84442,1,0,110,1,1,60.0,0,I,MELB_URBAN,ROAD,10,9.0
84443,8,1,99,5,1,60.0,0,N,MELB_URBAN,ROAD,10,12.0
84444,3,0,167,5,1,100.0,0,N,RURAL_VICTORIA,ROAD,10,11.0
84445,6,1,174,1,1,50.0,0,I,MELB_URBAN,ROAD,10,12.0
84446,1,1,113,2,1,70.0,0,I,MELB_URBAN,ROAD,10,11.0
84447,1,1,130,5,1,80.0,0,N,MELB_URBAN,HIGHWAY,10,13.0
84448,1,0,99,2,1,60.0,0,N,MELB_URBAN,ROAD,10,12.0
84449,1,7,120,5,5,80.0,0,N,RURAL_VICTORIA,HIGHWAY,10,22.0
84450,4,3,171,2,3,60.0,0,I,MELB_URBAN,ROAD,9,3.0
84451,1,6,133,2,1,60.0,0,I,MELB_URBAN,ROAD,10,16.0
84452,2,1,99,5,1,50.0,0,N,MELB_URBAN,BOULEVARD,10,13.0
84453,4,0,171,5,1,100.0,0,N,MELB_URBAN,HIGHWAY,10,11.0
84454,1,6,130,5,1,80.0,0,N,MELB_URBAN,FREEWAY,10,17.0
84455,1,1,110,1,1,100.0,0,I,RURAL_VICTORIA,ROAD,10,10.0
84456,1,6,110,1,3,60.0,0,I,MELB_URBAN,ROAD,10,20.0
84457,8,0,99,5,1,80.0,0,N,SMALL_CITIES,HIGHWAY,10,15.0
84458,4,7,183,5,5,100.0,0,N,RURAL_VICTORIA,ROAD,10,20.0
84459,2,1,99,1,1,60.0,0,I,MELB_URBAN,STREET,10,18.0
84460,1,1,130,2,1,60.0,0,N,MELB_URBAN,ROAD,10,18.0
84461,1,1,130,5,1,80.0,0,N,MELB_URBAN,HIGHWAY,10,17.0
84462,2,1,100,5,3,60.0,0,N,MELB_URBAN,ROAD,10,21.0
84463,1,1,130,5,3,60.0,0,N,MELB_URBAN,ROAD,10,21.0
84464,1,2,120,5,3,50.0,0,N,MELB_URBAN,STREET,10,0.0
84465,4,2,183,5,3,60.0,0,N,MELB_URBAN,ROAD,10,1.0
84466,1,2,116,2,6,80.0,0,I,MELB_URBAN,ROAD,10,4.0
84467,1,7,121,1,3,60.0,0,I,MELB_URBAN,PARADE,10,23.0
84468,1,1,160,5,2,60.0,0,N,MELB_URBAN,ROAD,10,6.0
84469,2,2,99,5,3,100.0,0,N,MELB_URBAN,FREEWAY,10,1.0
84470,1,1,121,4,1,60.0,0,I,MELB_URBAN,ROAD,10,13.0
84471,1,2,121,4,1,60.0,0,I,MELB_URBAN,ROAD,10,8.0
84472,2,2,100,1,1,60.0,0,I,MELB_URBAN,ROAD,10,9.0
84473,4,2,181,5,1,100.0,0,N,RURAL_VICTORIA,ROAD,10,8.0
84474,6,2,174,5,1,60.0,0,N,RURAL_VICTORIA,ROAD,10,7.0
84475,1,1,130,1,1,60.0,0,N,MELB_URBAN,STREET,10,12.0
84476,1,2,113,2,1,60.0,0,I,MELB_URBAN,ROAD,10,8.0
84477,8,5,99,5,1,100.0,0,N,RURAL_VICTORIA,HIGHWAY,10,13.0
84478,5,1,99,3,1,60.0,0,I,RURAL_VICTORIA,ROAD,10,12.0
84479,1,2,110,1,1,50.0,0,I,MELB_URBAN,ROAD,10,8.0
84480,1,3,130,1,1,70.0,0,N,SMALL_CITIES,AVENUE,10,14.0
84481,2,2,102,1,1,60.0,0,I,MELB_URBAN,ROAD,10,9.0
84482,2,6,100,2,1,60.0,0,I,MELB_URBAN,ROAD,10,11.0
84483,1,5,130,5,1,100.0,0,N,MELB_URBAN,FREEWAY,10,17.0
84484,4,2,99,5,1,50.0,0,N,MELB_URBAN,STREET,10,12.0
84485,4,2,181,5,1,80.0,0,N,RURAL_VICTORIA,ROAD,10,11.0
84486,6,3,184,5,1,60.0,0,N,RURAL_VICTORIA,ROAD,10,15.0
84487,3,7,167,5,2,100.0,0,N,RURAL_VICTORIA,ROAD,10,6.0
84488,2,2,99,5,1,70.0,0,N,MELB_URBAN,ROAD,10,13.0
84489,1,2,135,5,1,70.0,0,N,MELB_URBAN,ROAD,10,14.0
84490,1,2,130,5,1,60.0,0,N,MELB_URBAN,ROAD,10,16.0
84491,1,2,135,5,1,70.0,0,N,MELB_URBAN,ROAD,8,12.0
84492,1,6,130,1,3,70.0,0,I,MELB_URBAN,ROAD,10,22.0
84493,4,2,181,5,1,110.0,0,N,RURAL_VICTORIA,HIGHWAY,9,13.0
84494,2,2,102,1,1,60.0,0,I,MELB_URBAN,BOULEVARD,10,15.0
84495,1,2,113,2,1,60.0,0,I,MELB_URBAN,ROAD,10,16.0
84496,1,1,130,2,1,60.0,0,I,MELB_URBAN,ROAD,10,15.0
84497,1,0,110,1,1,60.0,0,I,SMALL_CITIES,ROAD,10,18.0
84498,1,1,121,1,1,60.0,0,I,MELB_URBAN,STREET,10,15.0
84499,8,2,174,1,1,40.0,0,I,MELBOURNE_CBD,STREET,10,10.0
84500,1,2,113,2,1,60.0,0,I,TOWNS,OTHER,10,17.0
84501,1,2,99,2,2,60.0,0,I,MELB_URBAN,STREET,10,19.0
84502,1,2,120,5,1,60.0,0,N,MELB_URBAN,ROAD,10,18.0
84503,1,2,113,4,2,80.0,0,I,MELB_URBAN,RAMP,10,19.0
84504,1,1,110,1,1,50.0,0,I,MELB_URBAN,ROAD,10,17.0
84505,1,2,140,2,3,40.0,0,N,MELB_URBAN,STREET,10,21.0
84506,6,2,184,5,1,60.0,0,N,RURAL_VICTORIA,OTHER,10,16.0
84507,1,4,130,1,1,80.0,0,N,MELB_URBAN,ROAD,10,7.0
84508,1,0,121,1,9,60.0,0,I,LARGE_PROVINCIAL_CITIES,STREET,10,15.0
84509,1,2,132,1,1,70.0,0,I,MELB_URBAN,AVENUE,10,10.0
84510,1,2,130,5,1,70.0,0,N,MELB_URBAN,ROAD,10,15.0
84511,1,5,130,1,1,80.0,0,I,MELB_URBAN,OTHER,9,13.0
84512,4,3,171,5,1,60.0,0,N,MELB_URBAN,ROAD,10,9.0
84513,1,3,110,1,2,50.0,0,I,MELB_URBAN,STREET,10,19.0
84514,6,2,184,5,1,80.0,0,N,RURAL_VICTORIA,ROAD,10,13.0
84515,7,6,99,2,1,60.0,0,N,MELB_URBAN,STREET,9,13.0
84516,6,3,99,5,1,70.0,0,N,MELB_URBAN,HIGHWAY,10,11.0
84517,1,6,121,1,1,50.0,0,I,MELB_URBAN,ROAD,10,10.0
84518,1,2,99,5,1,50.0,0,N,TOWNS,STREET,10,17.0
84519,1,1,140,2,1,60.0,0,I,MELB_URBAN,OTHER,10,17.0
84520,6,2,170,2,1,100.0,0,I,RURAL_VICTORIA,HIGHWAY,10,7.0
84521,1,3,163,5,1,50.0,0,N,MELB_URBAN,STREET,10,10.0
84522,1,3,121,5,1,100.0,0,N,RURAL_VICTORIA,HIGHWAY,10,12.0
84523,4,3,171,5,1,50.0,0,N,MELB_URBAN,AVENUE,10,14.0
84524,2,2,99,5,1,40.0,0,N,MELB_URBAN,STREET,10,15.0
84525,4,2,173,5,1,80.0,0,N,RURAL_VICTORIA,ROAD,10,15.0
84526,1,0,130,1,1,50.0,0,I,MELB_URBAN,DRIVE,10,13.0
84527,1,2,99,2,2,60.0,0,I,MELB_URBAN,ROAD,10,17.0
84528,1,3,130,2,9,60.0,0,N,MELB_URBAN,ROAD,10,15.0
84529,1,3,135,2,1,50.0,0,I,MELB_URBAN,STREET,10,9.0
84530,1,2,121,1,1,60.0,0,I,MELB_URBAN,STREET,10,18.0
84531,1,4,130,5,1,80.0,0,N,MELB_URBAN,FREEWAY,10,15.0
84532,1,3,121,4,3,60.0,0,I,SMALL_CITIES,RAMP,10,19.0
84533,1,3,163,5,1,60.0,0,N,MELB_URBAN,STREET,10,9.0
84534,1,3,99,2,1,50.0,0,I,MELB_URBAN,DRIVE,10,17.0
84535,1,3,110,1,1,40.0,0,I,MELB_URBAN,STREET,10,15.0
84536,2,3,100,5,2,40.0,0,N,MELBOURNE_CBD,STREET,10,19.0
84537,2,3,99,5,3,60.0,0,N,MELB_URBAN,ROAD,10,22.0
84538,1,4,111,2,1,70.0,0,I,MELB_URBAN,ROAD,10,15.0
84539,1,3,135,2,9,60.0,0,N,MELB_URBAN,PARADE,8,17.0
84540,4,3,171,5,3,60.0,0,N,LARGE_PROVINCIAL_CITIES,STREET,10,1.0
84541,1,4,135,5,2,100.0,0,N,MELB_URBAN,ROAD,10,5.0
84542,4,2,171,5,1,100.0,0,N,RURAL_VICTORIA,ROAD,10,9.0
84543,1,2,110,1,1,100.0,0,I,RURAL_VICTORIA,HIGHWAY,10,16.0
84544,1,1,134,5,1,80.0,0,N,MELB_URBAN,ROAD,10,13.0
84545,1,4,99,5,1,60.0,0,N,MELB_URBAN,ROAD,10,9.0
84546,4,3,171,5,3,60.0,0,N,MELB_URBAN,ROAD,10,5.0
84547,1,3,130,5,1,100.0,0,N,MELB_URBAN,HIGHWAY,10,7.0
84548,1,4,110,1,1,100.0,0,I,RURAL_VICTORIA,ROAD,10,7.0
84549,1,3,113,2,1,60.0,0,I,LARGE_PROVINCIAL_CITIES,ROAD,10,8.0
84550,1,4,147,5,1,70.0,0,N,MELB_URBAN,ROAD,10,10.0
84551,1,3,99,1,6,60.0,0,I,MELB_URBAN,ROAD,10,5.0
84552,1,4,121,1,1,60.0,0,I,MELB_URBAN,STREET,10,10.0
84553,2,4,100,2,1,50.0,0,N,MELB_URBAN,STREET,10,9.0
84554,1,4,130,5,1,80.0,0,I,MELB_URBAN,ROAD,10,8.0
84555,2,4,99,5,1,80.0,0,N,MELB_URBAN,ROAD,10,7.0
84556,1,4,110,1,1,40.0,0,I,MELB_URBAN,PARADE,10,15.0
84557,1,4,147,5,2,60.0,0,N,RURAL_VICTORIA,ROAD,10,7.0
84558,1,4,130,2,1,60.0,0,N,MELB_URBAN,ROAD,10,12.0
84559,4,6,171,1,3,60.0,0,I,MELB_URBAN,DRIVE,8,22.0
84560,1,4,121,1,1,80.0,0,I,MELB_URBAN,ROAD,10,13.0
84561,4,4,183,5,1,100.0,0,N,RURAL_VICTORIA,HIGHWAY,10,12.0
84562,1,3,110,1,6,50.0,0,I,RURAL_VICTORIA,STREET,10,21.0
84563,4,4,181,2,1,80.0,0,I,RURAL_VICTORIA,ROAD,10,9.0
84564,1,4,130,5,1,70.0,0,N,MELB_URBAN,STREET,10,15.0
84565,1,4,140,5,1,60.0,0,N,MELB_URBAN,ROAD,10,6.0
84566,1,4,121,1,1,80.0,0,I,MELB_URBAN,HIGHWAY,10,16.0
84567,1,4,121,1,1,60.0,0,I,MELB_URBAN,HIGHWAY,10,17.0
84568,4,3,99,5,1,60.0,0,N,MELB_URBAN,STREET,10,11.0
84569,1,2,135,5,1,60.0,0,N,MELB_URBAN,ROAD,10,10.0
84570,1,2,130,2,1,40.0,0,I,LARGE_PROVINCIAL_CITIES,AVENUE,10,14.0
84571,1,4,99,2,1,100.0,0,I,RURAL_VICTORIA,ROAD,10,18.0
84572,4,4,171,5,1,60.0,0,N,MELB_URBAN,ROAD,10,18.0
84573,1,4,134,2,1,60.0,0,N,SMALL_CITIES,STREET,10,16.0
84574,2,4,99,1,1,40.0,0,I,MELB_URBAN,STREET,10,16.0
84575,1,4,121,2,1,60.0,0,I,MELB_URBAN,ROAD,10,18.0
84576,1,4,160,5,1,50.0,0,N,MELB_URBAN,AVENUE,10,19.0
84577,1,4,121,1,3,80.0,0,I,MELB_URBAN,ROAD,10,20.0
84578,1,4,121,2,1,70.0,0,I,MELB_URBAN,ROAD,10,15.0
84579,4,4,171,5,5,100.0,0,N,RURAL_VICTORIA,HIGHWAY,10,4.0
84580,4,3,171,5,5,100.0,0,N,RURAL_VICTORIA,ROAD,10,22.0
84581,4,5,99,2,4,100.0,0,I,RURAL_VICTORIA,ROAD,10,2.0
84582,1,3,130,5,1,60.0,0,N,MELB_URBAN,ROAD,10,16.0
84583,1,2,130,5,1,80.0,0,N,MELB_URBAN,ROAD,9,8.0
84584,2,6,99,5,1,50.0,0,N,MELB_URBAN,AVENUE,10,7.0
84585,8,4,174,5,2,60.0,0,N,MELB_URBAN,ROAD,10,19.0
84586,2,7,100,2,3,60.0,0,N,MELB_URBAN,STREET,10,21.0
84587,6,4,170,5,1,100.0,0,N,RURAL_VICTORIA,ROAD,10,10.0
84588,1,5,130,2,1,60.0,0,I,MELB_URBAN,ROAD,10,12.0
84589,6,5,174,2,1,80.0,0,I,SMALL_TOWNS,HIGHWAY,10,9.0
84590,1,4,163,5,1,60.0,0,N,MELB_URBAN,STREET,10,10.0
84591,1,5,121,2,1,60.0,0,I,MELB_URBAN,ROAD,10,12.0
84592,4,5,99,5,1,50.0,0,N,RURAL_VICTORIA,ROAD,10,8.0
84593,4,5,171,5,1,80.0,0,N,MELB_URBAN,ROAD,10,6.0
84594,1,5,121,1,2,60.0,0,I,MELB_URBAN,HIGHWAY,10,6.0
84595,1,5,110,1,1,70.0,0,I,MELB_URBAN,ROAD,10,14.0
84596,4,5,181,2,1,50.0,0,I,MELB_URBAN,STREET,10,14.0
84597,1,4,110,1,1,60.0,0,I,LARGE_PROVINCIAL_CITIES,STREET,10,14.0
84598,1,5,110,1,1,80.0,0,I,MELB_URBAN,HIGHWAY,10,14.0
84599,1,5,99,1,1,40.0,0,I,MELB_URBAN,OTHER,10,8.0
84600,6,5,99,5,1,100.0,0,N,RURAL_VICTORIA,ROAD,10,15.0
84601,1,5,110,4,1,70.0,0,N,MELB_URBAN,RAMP,10,9.0
84602,1,5,121,2,1,60.0,0,N,MELB_URBAN,ROAD,10,15.0
84603,1,5,140,2,1,60.0,0,I,MELB_URBAN,STREET,10,11.0
84604,4,4,173,5,1,100.0,0,N,RURAL_VICTORIA,ROAD,10,14.0
84605,1,5,110,1,1,40.0,0,I,MELB_URBAN,STREET,10,18.0
84606,1,5,134,5,1,80.0,0,I,MELB_URBAN,ROAD,10,16.0
84607,2,5,99,5,1,40.0,0,N,MELB_URBAN,ROAD,10,15.0
84608,1,5,116,2,1,50.0,0,I,MELB_URBAN,STREET,10,18.0
84609,1,5,140,5,3,60.0,0,N,MELB_URBAN,STREET,10,21.0
84610,1,4,111,2,3,50.0,0,I,MELB_URBAN,STREET,10,20.0
84611,1,5,134,5,1,100.0,0,N,MELB_URBAN,FREEWAY,10,19.0
84612,4,4,181,5,5,100.0,0,N,RURAL_VICTORIA,ROAD,10,21.0
84613,1,5,99,5,3,100.0,0,N,MELB_URBAN,FREEWAY,10,22.0
84614,1,1,160,5,1,100.0,0,N,MELB_URBAN,UNKNOWN,10,17.0
84615,4,5,173,5,5,80.0,0,N,TOWNS,STREET,10,4.0
84616,4,4,173,5,5,100.0,0,N,RURAL_VICTORIA,ROAD,10,21.0
84617,1,6,160,2,3,60.0,0,N,MELB_URBAN,STREET,10,2.0
84618,1,3,130,5,1,100.0,0,N,MELB_URBAN,FREEWAY,10,15.0
84619,6,7,99,5,1,100.0,0,N,RURAL_VICTORIA,ROAD,9,15.0
84620,2,2,99,2,1,60.0,0,I,MELB_URBAN,UNKNOWN,9,10.0
84621,4,6,99,2,1,80.0,0,N,TOWNS,HIGHWAY,10,6.0
84622,1,6,99,5,1,60.0,0,I,MELB_URBAN,STREET,10,8.0
84623,4,5,183,5,1,60.0,0,N,RURAL_VICTORIA,ROAD,10,7.0
84624,1,5,133,5,1,60.0,0,N,MELB_URBAN,BOULEVARD,10,7.0
84625,1,6,130,5,6,80.0,0,N,RURAL_VICTORIA,ROAD,8,20.0
84626,1,6,160,5,1,60.0,0,N,MELB_URBAN,ROAD,10,9.0
84627,1,3,130,2,1,60.0,0,I,MELB_URBAN,STREET,10,15.0
84628,1,5,120,5,1,60.0,0,N,RURAL_VICTORIA,ROAD,10,11.0
84629,1,5,133,5,1,70.0,0,N,LARGE_PROVINCIAL_CITIES,HIGHWAY,10,15.0
84630,8,6,174,5,1,60.0,0,N,MELB_URBAN,ROAD,10,9.0