,accident_type,day_of_week,dca_code,road_geometry,light_condition,speed_zone,severity,node_type,deg_urban_name,road_type,month,hour
84631,1,6,111,2,1,60.0,0,I,MELB_URBAN,PARADE,10,11.0
84632,1,5,147,2,1,60.0,0,N,MELB_URBAN,STREET,10,13.0
84633,1,5,110,1,1,60.0,0,I,SMALL_CITIES,STREET,10,12.0
84634,1,6,130,5,1,60.0,0,N,SMALL_CITIES,STREET,10,12.0
84635,1,4,116,1,1,60.0,0,I,MELB_URBAN,STREET,10,7.0
84636,1,6,121,2,1,60.0,0,I,MELB_URBAN,BOULEVARD,10,13.0
84637,1,6,120,5,1,50.0,0,N,MELB_URBAN,OTHER,10,13.0
84638,1,6,99,5,1,60.0,0,N,MELB_URBAN,AVENUE,10,13.0
84639,1,6,99,2,1,60.0,0,I,MELB_URBAN,ROAD,10,15.0
84640,1,2,130,5,9,60.0,0,N,RURAL_VICTORIA,HIGHWAY,10,10.0
84641,1,5,130,2,1,80.0,0,I,MELB_URBAN,STREET,10,14.0
84642,1,5,130,5,5,100.0,0,N,MELB_URBAN,FREEWAY,10,19.0
84643,8,5,174,1,1,50.0,0,I,MELB_URBAN,ROAD,10,14.0
84644,4,6,171,5,5,100.0,0,N,RURAL_VICTORIA,ROAD,9,1.0
84645,1,6,99,1,1,80.0,0,I,MELB_URBAN,HIGHWAY,10,16.0
84646,6,6,174,2,1,80.0,0,I,RURAL_VICTORIA,STREET,10,17.0
84647,1,6,130,5,1,80.0,0,N,MELB_URBAN,HIGHWAY,10,17.0
84648,1,5,130,2,1,80.0,0,I,RURAL_VICTORIA,ROAD,10,17.0
84649,1,2,132,5,1,60.0,0,N,LARGE_PROVINCIAL_CITIES,STREET,10,18.0
84650,1,6,130,5,1,50.0,0,N,LARGE_PROVINCIAL_CITIES,ROAD,10,17.0
84651,4,6,171,5,1,60.0,0,N,MELB_URBAN,HIGHWAY,10,16.0
84652,1,6,130,1,9,60.0,0,I,MELB_URBAN,HIGHWAY,10,22.0
84653,1,5,130,2,1,60.0,0,I,MELB_URBAN,ROAD,10,12.0
84654,1,6,113,2,1,60.0,0,I,SMALL_CITIES,STREET,10,18.0
84655,6,1,184,5,1,80.0,0,N,RURAL_VICTORIA,ROAD,10,14.0
84656,2,6,100,5,1,40.0,0,N,MELB_URBAN,STREET,10,19.0
84657,1,6,133,5,1,100.0,0,N,MELB_URBAN,FREEWAY,10,17.0
84658,1,6,147,5,3,60.0,0,N,MELB_URBAN,STREET,10,20.0
84659,1,6,121,2,3,60.0,0,I,MELB_URBAN,STREET,10,19.0
84660,1,6,99,1,1,100.0,0,I,RURAL_VICTORIA,HIGHWAY,10,17.0
84661,1,6,121,2,1,70.0,0,I,MELB_URBAN,ROAD,10,18.0
84662,1,3,130,5,2,100.0,0,N,MELB_URBAN,FREEWAY,10,6.0
84663,1,6,99,2,1,80.0,0,I,MELB_URBAN,DRIVE,10,16.0
84664,1,6,140,5,1,50.0,0,N,MELB_URBAN,OTHER,10,17.0
84665,1,3,120,5,3,60.0,0,N,MELB_URBAN,AVENUE,10,5.0
84666,4,6,183,5,5,60.0,0,N,RURAL_VICTORIA,ROAD,10,22.0
84667,1,3,113,2,3,40.0,0,I,MELB_URBAN,STREET,10,23.0
84668,1,6,113,2,3,60.0,0,I,MELB_URBAN,DRIVE,10,23.0
84669,2,7,100,5,3,40.0,0,N,MELB_URBAN,STREET,10,2.0
84670,1,6,121,1,2,70.0,0,I,MELB_URBAN,ROAD,10,5.0
84671,4,7,173,5,5,100.0,0,N,RURAL_VICTORIA,ROAD,10,2.0
84672,1,7,110,1,1,60.0,0,I,MELB_URBAN,ROAD,10,6.0
84673,1,7,140,5,1,60.0,0,N,LARGE_PROVINCIAL_CITIES,ROAD,10,10.0
84674,2,6,102,2,1,60.0,0,N,MELB_URBAN,STREET,10,16.0
84675,4,7,171,5,1,100.0,0,N,RURAL_VICTORIA,HIGHWAY,10,10.0
84676,1,7,113,2,1,50.0,0,I,MELB_URBAN,ROAD,10,10.0
84677,1,7,130,1,1,60.0,0,I,RURAL_VICTORIA,ROAD,10,13.0
84678,1,6,113,2,1,100.0,0,I,RURAL_VICTORIA,ROAD,10,12.0
84679,1,4,130,5,1,80.0,0,N,MELB_URBAN,ROAD,10,18.0
84680,1,7,110,1,1,60.0,0,I,TOWNS,STREET,10,12.0
84681,1,7,121,2,1,80.0,0,I,MELB_URBAN,HIGHWAY,10,13.0
84682,4,7,173,5,1,50.0,0,N,MELB_URBAN,STREET,10,11.0
84683,8,7,174,5,1,40.0,0,N,SMALL_CITIES,UNKNOWN,10,15.0
84684,6,6,170,2,1,100.0,0,I,RURAL_VICTORIA,ROAD,10,14.0
84685,1,7,134,5,1,50.0,0,N,MELB_URBAN,ROAD,10,14.0
84686,2,6,102,1,1,60.0,0,I,MELB_URBAN,ROAD,10,14.0
84687,1,5,110,1,3,80.0,0,I,MELB_URBAN,ROAD,10,20.0
84688,1,7,134,1,2,50.0,0,I,SMALL_CITIES,AVENUE,10,19.0
84689,4,7,99,5,1,100.0,0,N,RURAL_VICTORIA,HIGHWAY,10,16.0
84690,8,7,174,5,3,70.0,0,N,MELB_URBAN,ROAD,10,20.0
84691,1,7,120,5,5,100.0,0,N,RURAL_VICTORIA,ROAD,10,22.0
84692,2,1,102,1,3,40.0,0,I,MELBOURNE_CBD,STREET,10,1.0
84693,1,1,121,2,3,60.0,0,I,MELB_URBAN,STREET,10,0.0
84694,7,1,99,2,3,50.0,0,N,MELB_URBAN,ROAD,10,2.0
84695,1,1,121,1,3,70.0,0,I,MELB_URBAN,ROAD,10,1.0
84696,1,1,113,1,3,60.0,0,I,MELB_URBAN,OTHER,10,0.0
84697,1,1,121,2,1,50.0,0,I,MELB_URBAN,STREET,10,7.0
84698,1,0,160,5,1,60.0,0,N,MELB_URBAN,ROAD,10,11.0
84699,2,5,100,1,1,50.0,0,I,MELB_URBAN,AVENUE,10,13.0
84700,1,1,130,5,1,70.0,0,N,MELB_URBAN,ROAD,10,12.0
84701,1,1,120,5,1,60.0,0,N,MELB_URBAN,ROAD,10,12.0
84702,1,1,121,5,1,60.0,0,N,MELB_URBAN,HIGHWAY,10,9.0
84703,1,1,99,5,1,80.0,0,N,MELB_URBAN,UNKNOWN,10,12.0
84704,3,1,167,5,1,80.0,0,N,RURAL_VICTORIA,ROAD,10,11.0
84705,1,1,120,5,1,100.0,0,N,SMALL_CITIES,ROAD,10,13.0
84706,4,1,173,5,1,110.0,0,N,RURAL_VICTORIA,HIGHWAY,10,10.0
84707,1,1,133,5,1,80.0,0,N,MELB_URBAN,HIGHWAY,10,9.0
84708,1,7,134,5,5,110.0,0,N,TOWNS,FREEWAY,10,22.0
84709,1,1,121,5,1,60.0,0,N,MELB_URBAN,OTHER,10,14.0
84710,4,1,173,5,1,100.0,0,N,RURAL_VICTORIA,ROAD,10,8.0
84711,1,1,99,1,1,60.0,0,I,LARGE_PROVINCIAL_CITIES,ROAD,10,15.0
84712,2,1,100,5,1,60.0,0,N,MELB_URBAN,UNKNOWN,10,16.0
84713,1,1,99,2,1,50.0,0,I,SMALL_CITIES,STREET,10,17.0
84714,1,1,113,2,1,50.0,0,I,MELB_URBAN,AVENUE,10,15.0
84715,1,1,110,1,1,60.0,0,I,RURAL_VICTORIA,HIGHWAY,10,15.0
84716,4,1,171,5,3,60.0,0,N,MELB_URBAN,STREET,10,20.0
84717,4,0,173,1,3,60.0,0,I,MELB_URBAN,ROAD,10,0.0
84718,6,0,99,5,1,60.0,0,N,MELB_URBAN,HIGHWAY,10,18.0
84719,4,2,181,5,5,60.0,0,N,MELB_URBAN,ROAD,10,1.0
84720,1,5,135,5,1,40.0,0,N,MELB_URBAN,ROAD,10,19.0
84721,4,2,99,1,3,40.0,0,I,MELBOURNE_CBD,STREET,10,4.0
84722,4,3,99,5,9,100.0,0,N,RURAL_VICTORIA,ROAD,10,22.0
84723,4,2,171,1,2,50.0,0,I,SMALL_CITIES,STREET,10,6.0
84724,1,1,113,1,1,50.0,0,I,MELB_URBAN,DRIVE,10,10.0
84725,1,1,110,1,1,50.0,0,I,MELB_URBAN,STREET,10,7.0
84726,1,2,116,2,1,60.0,0,I,MELB_URBAN,AVENUE,10,7.0
84727,1,0,110,1,1,60.0,0,I,SMALL_CITIES,ROAD,10,16.0
84728,2,2,102,5,1,60.0,0,N,SMALL_CITIES,STREET,10,8.0
84729,2,2,99,5,1,60.0,0,N,SMALL_CITIES,ROAD,10,9.0
84730,1,1,130,2,1,60.0,0,I,MELB_URBAN,ROAD,10,8.0
84731,1,2,130,2,1,60.0,0,I,MELB_URBAN,ROAD,10,12.0
84732,4,1,99,2,5,100.0,0,I,RURAL_VICTORIA,HIGHWAY,10,4.0
84733,4,2,183,5,1,50.0,0,N,SMALL_CITIES,STREET,10,8.0
84734,8,3,99,5,9,50.0,0,N,MELB_URBAN,OTHER,10,15.0
84735,1,1,121,1,1,60.0,0,I,MELB_URBAN,STREET,10,8.0
84736,1,1,99,5,1,80.0,0,N,RURAL_VICTORIA,ROAD,10,13.0
84737,1,2,130,5,1,100.0,0,N,MELB_URBAN,FREEWAY,10,8.0
84738,8,2,170,5,1,100.0,0,N,RURAL_VICTORIA,HIGHWAY,10,9.0
84739,1,2,113,2,1,100.0,0,I,RURAL_VICTORIA,ROAD,10,9.0
84740,1,2,130,2,1,60.0,0,N,MELB_URBAN,STREET,10,12.0
84741,1,2,130,5,1,60.0,0,N,LARGE_PROVINCIAL_CITIES,ROAD,10,12.0
84742,1,2,130,5,1,70.0,0,N,MELB_URBAN,ROAD,10,9.0
84743,5,7,99,5,1,60.0,0,N,RURAL_VICTORIA,ROAD,10,12.0
84744,2,1,100,5,1,50.0,0,N,MELB_URBAN,ROAD,10,13.0
84745,6,2,174,1,1,50.0,0,I,MELB_URBAN,HIGHWAY,10,6.0
84746,2,6,99,5,2,60.0,0,N,RURAL_VICTORIA,ROAD,10,18.0
84747,4,6,173,5,1,80.0,0,N,RURAL_VICTORIA,ROAD,10,19.0
84748,2,2,102,2,1,80.0,0,N,MELB_URBAN,HIGHWAY,10,16.0
84749,8,2,174,5,1,60.0,0,N,MELB_URBAN,ROAD,10,13.0
84750,2,2,100,1,1,60.0,0,I,MELB_URBAN,PARADE,10,16.0
84751,1,7,130,5,1,60.0,0,N,SMALL_CITIES,STREET,10,11.0
84752,1,2,113,2,1,60.0,0,I,TOWNS,HIGHWAY,10,16.0
84753,1,4,121,1,1,40.0,0,I,MELBOURNE_CBD,STREET,10,14.0
84754,1,2,99,2,1,60.0,0,I,MELB_URBAN,STREET,10,17.0
84755,4,2,173,5,1,110.0,0,N,RURAL_VICTORIA,FREEWAY,10,15.0
84756,1,2,130,1,1,80.0,0,I,MELB_URBAN,HIGHWAY,10,17.0
84757,1,2,121,1,1,60.0,0,I,MELB_URBAN,STREET,10,17.0
84758,4,2,173,5,1,60.0,0,N,MELB_URBAN,ROAD,10,15.0
84759,1,2,130,5,1,100.0,0,N,MELB_URBAN,ROAD,10,17.0
84760,1,2,147,5,1,60.0,0,N,MELB_URBAN,STREET,10,12.0
84761,2,1,102,1,3,60.0,0,I,MELB_URBAN,ROAD,10,20.0
84762,1,1,130,1,1,60.0,0,I,MELB_URBAN,HIGHWAY,10,14.0
84763,1,1,140,2,1,60.0,0,I,MELB_URBAN,BOULEVARD,10,18.0
84764,1,1,113,2,1,60.0,0,I,MELB_URBAN,ROAD,10,16.0
84765,1,2,135,5,1,70.0,0,N,MELB_URBAN,ROAD,10,17.0
84766,1,5,130,2,1,70.0,0,I,MELB_URBAN,ROAD,10,8.0
84767,1,5,134,5,1,100.0,0,N,MELB_URBAN,ROAD,10,15.0
84768,1,1,110,1,1,60.0,0,I,TOWNS,ROAD,10,14.0
84769,2,6,100,2,1,50.0,0,I,MELB_URBAN,ROAD,8,15.0
84770,4,2,99,5,2,50.0,0,N,MELB_URBAN,AVENUE,10,18.0
84771,1,4,99,1,1,60.0,0,N,MELB_URBAN,ROAD,10,16.0
84772,1,1,99,5,1,60.0,0,N,MELB_URBAN,ROAD,10,16.0
84773,1,3,130,5,9,60.0,0,N,MELB_URBAN,ROAD,10,17.0
84774,1,2,99,5,3,60.0,0,N,MELB_URBAN,ROAD,10,23.0
84775,1,6,130,5,3,60.0,0,N,MELB_URBAN,ROAD,10,23.0
84776,1,3,99,4,1,60.0,0,I,MELB_URBAN,FREEWAY,10,7.0
84777,2,3,100,2,1,50.0,0,N,SMALL_CITIES,DRIVE,10,8.0
84778,2,4,102,5,1,60.0,0,N,MELB_URBAN,ROAD,10,15.0
84779,1,3,130,2,9,60.0,0,N,MELB_URBAN,ROAD,10,10.0
84780,1,3,130,5,3,80.0,0,N,MELB_URBAN,OTHER,10,7.0
84781,1,3,130,5,1,40.0,0,N,LARGE_PROVINCIAL_CITIES,STREET,10,8.0
84782,1,5,130,5,3,60.0,0,N,MELB_URBAN,ROAD,10,20.0
84783,1,3,130,5,1,100.0,0,N,MELB_URBAN,RAMP,10,8.0
84784,1,3,113,2,1,60.0,0,I,MELB_URBAN,ROAD,10,8.0
84785,2,3,99,5,1,50.0,0,N,MELB_URBAN,ROAD,10,12.0
84786,1,3,130,5,1,100.0,0,N,MELB_URBAN,ROAD,10,9.0
84787,1,3,99,2,6,50.0,0,I,MELB_URBAN,STREET,10,5.0
84788,1,2,99,4,1,60.0,0,I,MELB_URBAN,ROAD,10,14.0
84789,6,3,99,5,1,100.0,0,N,RURAL_VICTORIA,ROAD,10,10.0
84790,1,3,130,5,1,60.0,0,N,MELB_URBAN,ROAD,10,13.0
84791,1,1,130,5,1,80.0,0,N,RURAL_VICTORIA,ROAD,10,16.0
84792,1,3,130,5,1,60.0,0,N,LARGE_PROVINCIAL_CITIES,ROAD,10,15.0
84793,1,3,99,5,1,50.0,0,N,MELB_URBAN,AVENUE,10,15.0
84794,1,2,132,1,1,60.0,0,I,TOWNS,STREET,10,16.0
84795,2,3,100,5,1,40.0,0,N,MELB_URBAN,ROAD,10,16.0
84796,1,3,160,5,1,50.0,0,N,MELB_URBAN,OTHER,10,15.0
84797,1,3,130,5,1,80.0,0,N,MELB_URBAN,ROAD,10,16.0
84798,1,2,121,5,1,60.0,0,N,MELB_URBAN,STREET,10,17.0
84799,1,3,120,5,1,50.0,0,N,MELB_URBAN,STREET,10,15.0
84800,1,3,99,2,1,60.0,0,I,MELB_URBAN,ROAD,10,16.0
84801,3,2,167,2,1,70.0,0,I,MELB_URBAN,ROAD,10,14.0
84802,4,3,183,5,3,50.0,0,N,MELB_URBAN,OTHER,10,20.0
84803,1,2,110,1,1,60.0,0,I,MELB_URBAN,STREET,10,15.0
84804,1,3,121,1,3,80.0,0,I,MELB_URBAN,ROAD,10,22.0
84805,1,4,160,5,3,40.0,0,N,SMALL_CITIES,ROAD,11,0.0
84806,4,4,183,5,5,100.0,0,N,RURAL_VICTORIA,HIGHWAY,11,0.0
84807,6,1,184,5,1,60.0,0,N,MELB_URBAN,BOULEVARD,10,15.0
84808,4,4,171,1,3,70.0,0,I,RURAL_VICTORIA,ROAD,11,3.0
84809,1,4,99,1,1,40.0,0,I,MELB_URBAN,STREET,11,8.0
84810,1,4,113,2,1,80.0,0,I,MELB_URBAN,ROAD,11,7.0
84811,1,4,110,1,1,60.0,0,I,MELB_URBAN,STREET,11,10.0
84812,4,3,171,5,1,60.0,0,N,SMALL_TOWNS,ROAD,11,6.0
84813,1,4,116,2,1,60.0,0,I,MELB_URBAN,STREET,11,10.0
84814,1,2,130,1,1,60.0,0,I,MELB_URBAN,STREET,7,11.0
84815,8,3,99,5,3,100.0,0,N,MELB_URBAN,FREEWAY,10,21.0
84816,1,5,99,1,1,40.0,0,I,MELBOURNE_CBD,OTHER,10,17.0
84817,1,4,147,5,1,60.0,0,N,MELB_URBAN,STREET,11,8.0
84818,4,3,173,5,1,60.0,0,N,MELB_URBAN,ROAD,11,10.0
84819,1,4,121,5,1,60.0,0,N,MELB_URBAN,ROAD,11,10.0
84820,1,4,120,5,1,80.0,0,N,TOWNS,OTHER,11,9.0
84821,4,3,183,5,1,50.0,0,N,MELB_URBAN,STREET,11,7.0
84822,1,4,130,2,1,60.0,0,I,MELB_URBAN,ROAD,11,12.0
84823,1,4,130,5,1,80.0,0,N,RURAL_VICTORIA,HIGHWAY,11,11.0
84824,1,2,110,1,1,60.0,0,I,TOWNS,STREET,10,9.0
84825,1,4,113,2,1,60.0,0,I,MELB_URBAN,ROAD,11,15.0
84826,4,4,171,5,1,60.0,0,N,MELB_URBAN,ROAD,11,13.0
84827,1,4,99,5,1,80.0,0,N,MELB_URBAN,RAMP,11,17.0
84828,1,3,130,1,1,60.0,0,I,MELB_URBAN,DRIVE,11,17.0
84829,1,5,121,2,1,50.0,0,I,MELB_URBAN,ROAD,10,6.0
84830,2,3,100,4,3,60.0,0,I,MELB_URBAN,STREET,10,22.0
84831,1,4,133,2,1,50.0,0,I,MELB_URBAN,ROAD,11,19.0
84832,1,4,130,1,1,50.0,0,I,MELB_URBAN,BOULEVARD,11,17.0
84833,1,2,110,1,1,60.0,0,I,SMALL_CITIES,STREET,10,14.0
84834,1,4,120,5,1,70.0,0,N,LARGE_PROVINCIAL_CITIES,HIGHWAY,11,14.0
84835,1,4,110,1,3,50.0,0,I,MELB_URBAN,STREET,11,21.0
84836,1,3,110,1,1,60.0,0,I,MELB_URBAN,STREET,11,14.0
84837,2,4,102,5,3,70.0,1,N,MELB_URBAN,DRIVE,11,21.0
84838,1,4,130,2,1,60.0,0,N,MELB_URBAN,ROAD,11,17.0
84839,1,6,130,1,1,80.0,0,I,RURAL_VICTORIA,ROAD,10,18.0
84840,4,4,173,5,3,70.0,0,N,MELB_URBAN,ROAD,11,23.0
84841,4,5,171,5,3,60.0,0,N,MELB_URBAN,STREET,11,1.0
84842,1,1,99,5,3,60.0,0,N,MELB_URBAN,HIGHWAY,10,4.0
84843,4,5,173,5,3,80.0,0,N,TOWNS,HIGHWAY,11,3.0
84844,4,5,171,2,3,80.0,1,N,MELB_URBAN,ROAD,11,2.0
84845,1,4,113,2,1,60.0,0,I,MELB_URBAN,ROAD,11,13.0
84846,1,5,120,5,1,60.0,0,N,MELB_URBAN,ROAD,11,6.0
84847,4,3,173,5,1,60.0,0,N,MELB_URBAN,ROAD,10,17.0
84848,1,1,130,2,1,60.0,0,I,MELB_URBAN,ROAD,10,10.0
84849,1,5,130,5,1,60.0,0,N,MELB_URBAN,STREET,11,8.0
84850,1,5,130,5,1,60.0,0,N,MELB_URBAN,ROAD,11,7.0
84851,1,4,121,2,1,60.0,0,I,MELB_URBAN,ROAD,11,9.0
84852,8,6,170,5,3,50.0,0,N,MELB_URBAN,OTHER,9,22.0
84853,4,5,173,5,1,100.0,0,N,MELB_URBAN,RAMP,11,9.0
84854,1,1,130,4,1,60.0,0,N,MELB_URBAN,DRIVE,10,13.0
84855,4,4,171,5,1,80.0,0,N,SMALL_CITIES,AVENUE,11,13.0
84856,8,5,99,5,1,60.0,0,N,MELB_URBAN,ROAD,11,10.0
84857,1,5,163,5,1,60.0,0,N,MELB_URBAN,ROAD,11,13.0
84858,1,4,160,5,1,60.0,0,N,MELB_URBAN,ROAD,11,5.0
84859,1,3,110,1,1,60.0,0,I,MELB_URBAN,ROAD,10,14.0
84860,1,3,121,5,1,60.0,0,N,MELB_URBAN,STREET,10,16.0
84861,4,5,181,5,1,100.0,0,N,RURAL_VICTORIA,ROAD,11,13.0
84862,1,5,130,5,1,40.0,0,N,RURAL_VICTORIA,FREEWAY,11,8.0
84863,1,5,133,1,1,60.0,0,I,MELB_URBAN,ROAD,11,15.0
84864,1,4,120,5,1,60.0,0,N,MELB_URBAN,ROAD,11,13.0
84865,4,5,171,5,1,100.0,0,N,RURAL_VICTORIA,HIGHWAY,11,14.0
84866,1,4,132,5,1,60.0,0,N,TOWNS,STREET,11,16.0
84867,1,4,130,2,1,60.0,0,I,MELB_URBAN,STREET,11,16.0
84868,1,5,130,2,1,60.0,0,N,MELB_URBAN,ROAD,11,17.0
84869,1,4,110,1,1,60.0,0,I,TOWNS,STREET,11,15.0
84870,1,4,130,5,1,50.0,0,N,SMALL_CITIES,STREET,11,17.0
84871,1,5,99,1,1,60.0,0,I,MELB_URBAN,ROAD,11,15.0
84872,1,5,99,5,1,100.0,0,N,RURAL_VICTORIA,ROAD,11,14.0
84873,1,5,135,5,1,100.0,0,N,MELB_URBAN,FREEWAY,11,16.0
84874,1,5,99,1,3,60.0,0,I,MELB_URBAN,ROAD,11,21.0
84875,8,1,99,5,3,40.0,0,N,SMALL_CITIES,DRIVE,10,19.0
84876,1,5,110,1,3,60.0,0,I,MELB_URBAN,STREET,11,22.0
84877,7,4,99,5,3,40.0,0,N,MELB_URBAN,STREET,11,21.0
84878,4,6,173,5,3,60.0,0,N,LARGE_PROVINCIAL_CITIES,STREET,11,3.0
84879,4,6,183,5,3,70.0,0,N,MELB_URBAN,ROAD,11,3.0
84880,6,1,174,5,1,50.0,0,N,TOWNS,HIGHWAY,10,12.0
84881,4,5,99,5,1,80.0,0,N,MELB_URBAN,RAMP,11,8.0
84882,4,5,181,5,1,100.0,0,N,RURAL_VICTORIA,ROAD,11,8.0
84883,4,5,181,5,1,60.0,0,N,MELB_URBAN,AVENUE,11,9.0
84884,4,6,171,5,1,60.0,0,N,MELB_URBAN,ROAD,11,7.0
84885,1,6,133,1,1,60.0,0,I,MELB_URBAN,STREET,11,9.0
84886,1,6,110,1,1,80.0,0,I,TOWNS,HIGHWAY,11,12.0
84887,4,6,171,5,1,40.0,0,N,MELB_URBAN,STREET,11,12.0
84888,1,5,110,1,1,50.0,0,I,MELB_URBAN,STREET,11,13.0
84889,1,6,110,1,1,60.0,0,I,SMALL_CITIES,ROAD,11,11.0
84890,4,6,181,5,1,100.0,0,N,RURAL_VICTORIA,ROAD,11,7.0
84891,4,6,171,1,1,50.0,0,N,RURAL_VICTORIA,DRIVE,11,10.0
84892,1,6,99,5,1,80.0,0,N,MELB_URBAN,ROAD,11,12.0
84893,1,6,113,2,1,100.0,0,I,TOWNS,HIGHWAY,11,15.0
84894,1,6,113,2,1,60.0,0,I,SMALL_CITIES,DRIVE,11,14.0
84895,1,6,147,5,1,60.0,0,N,MELB_URBAN,ROAD,11,11.0
84896,8,6,174,2,1,40.0,0,N,MELB_URBAN,ROAD,11,16.0
84897,2,6,102,5,1,70.0,0,N,TOWNS,HIGHWAY,11,16.0
84898,1,6,130,5,1,80.0,0,N,MELB_URBAN,ROAD,11,6.0
84899,1,6,130,5,1,70.0,0,N,MELB_URBAN,STREET,11,16.0
84900,4,6,181,5,1,100.0,0,N,RURAL_VICTORIA,HIGHWAY,11,13.0
84901,6,2,174,2,1,40.0,0,I,MELBOURNE_CBD,OTHER,10,17.0
84902,1,6,121,2,1,60.0,0,I,MELB_URBAN,STREET,11,17.0
84903,1,5,130,5,1,60.0,0,N,MELB_URBAN,ROAD,11,18.0
84904,1,3,130,1,1,60.0,0,I,MELB_URBAN,HIGHWAY,10,7.0
84905,4,6,181,5,2,50.0,0,N,RURAL_VICTORIA,ROAD,11,6.0
84906,1,5,99,2,1,100.0,1,I,RURAL_VICTORIA,ROAD,11,16.0
84907,1,6,121,1,1,80.0,0,I,MELB_URBAN,HIGHWAY,11,16.0
84908,1,6,120,5,1,60.0,0,N,MELB_URBAN,ROAD,11,19.0
84909,1,6,121,4,3,60.0,0,I,MELB_URBAN,RAMP,11,23.0
84910,4,7,181,5,3,50.0,0,N,MELB_URBAN,DRIVE,11,0.0
84911,1,7,110,1,1,70.0,0,I,MELB_URBAN,STREET,11,8.0
84912,1,6,160,5,2,50.0,0,N,LARGE_PROVINCIAL_CITIES,STREET,11,7.0
84913,1,7,140,5,1,50.0,0,N,MELB_URBAN,STREET,11,11.0
84914,1,7,140,2,1,50.0,0,N,MELB_URBAN,ROAD,11,11.0
84915,1,6,120,5,1,100.0,0,N,RURAL_VICTORIA,HIGHWAY,10,16.0
84916,1,7,99,2,1,50.0,0,I,MELB_URBAN,STREET,11,12.0
84917,1,6,130,5,1,70.0,0,N,MELB_URBAN,ROAD,11,12.0
84918,1,7,99,5,1,60.0,0,N,MELB_URBAN,ROAD,11,12.0
84919,4,7,181,5,5,60.0,0,N,SMALL_CITIES,AVENUE,11,3.0
84920,1,6,113,4,1,60.0,0,I,MELB_URBAN,RAMP,11,16.0
84921,6,6,170,5,5,80.0,0,N,RURAL_VICTORIA,ROAD,11,2.0
84922,1,7,160,5,1,60.0,0,N,MELB_URBAN,DRIVE,11,11.0
84923,8,7,99,5,1,100.0,0,N,RURAL_VICTORIA,ROAD,11,14.0
84924,1,5,130,5,1,80.0,0,N,MELB_URBAN,ROAD,10,18.0
84925,4,5,171,2,3,50.0,0,I,MELB_URBAN,STREET,11,19.0
84926,1,7,121,1,1,60.0,0,I,MELB_URBAN,STREET,11,15.0
84927,4,6,181,5,1,70.0,0,N,RURAL_VICTORIA,ROAD,11,16.0
84928,6,7,99,5,1,100.0,0,N,RURAL_VICTORIA,ROAD,11,14.0
84929,1,7,113,2,1,60.0,0,I,LARGE_PROVINCIAL_CITIES,STREET,11,15.0
84930,1,7,120,5,1,40.0,0,N,RURAL_VICTORIA,ROAD,11,16.0
84931,4,2,171,5,5,90.0,0,N,RURAL_VICTORIA,DRIVE,10,21.0
84932,1,7,147,5,1,60.0,0,N,MELB_URBAN,ROAD,11,18.0
84933,2,7,100,2,1,50.0,0,I,MELB_URBAN,AVENUE,11,18.0
84934,4,6,181,5,1,60.0,0,N,TOWNS,STREET,11,17.0
84935,1,7,113,2,2,60.0,0,I,MELB_URBAN,ROAD,11,19.0
84936,1,7,130,5,1,60.0,0,N,MELB_URBAN,ROAD,11,20.0
84937,1,7,99,5,1,50.0,0,N,MELB_URBAN,PARADE,11,18.0
84938,1,3,99,5,1,60.0,0,N,MELB_URBAN,STREET,10,18.0
84939,4,7,183,5,1,100.0,0,N,RURAL_VICTORIA,FREEWAY,11,17.0
84940,2,7,102,5,3,70.0,0,N,MELB_URBAN,ROAD,11,21.0
84941,4,7,173,5,3,80.0,0,N,LARGE_PROVINCIAL_CITIES,HIGHWAY,11,3.0
84942,8,1,174,5,3,60.0,0,N,MELB_URBAN,ROAD,11,1.0
84943,4,1,99,2,5,60.0,0,I,RURAL_VICTORIA,HIGHWAY,11,2.0
84944,8,7,99,2,1,50.0,0,I,RURAL_VICTORIA,STREET,11,19.0
84945,1,7,130,5,1,60.0,0,N,MELB_URBAN,ROAD,11,18.0
84946,8,7,170,5,3,60.0,0,N,MELB_URBAN,ROAD,11,20.0
84947,6,1,184,5,5,80.0,1,N,RURAL_VICTORIA,ROAD,11,2.0
84948,1,1,110,1,1,60.0,0,I,SMALL_TOWNS,HIGHWAY,11,10.0
84949,2,1,99,5,1,50.0,0,N,MELB_URBAN,STREET,11,12.0
84950,8,1,174,2,1,60.0,0,I,MELB_URBAN,ROAD,11,10.0
84951,3,1,167,5,1,100.0,1,N,RURAL_VICTORIA,FREEWAY,11,9.0
84952,1,4,163,5,2,60.0,0,N,MELB_URBAN,PARADE,9,18.0
84953,8,7,99,5,9,60.0,0,N,RURAL_VICTORIA,ROAD,10,10.0
84954,1,5,130,5,1,80.0,0,N,MELB_URBAN,ROAD,10,9.0
84955,1,1,113,2,1,70.0,0,I,MELB_URBAN,ROAD,11,14.0
84956,1,1,160,5,1,60.0,0,N,MELB_URBAN,HIGHWAY,11,15.0
84957,4,7,171,2,1,50.0,0,N,MELB_URBAN,BOULEVARD,11,16.0
84958,1,1,99,2,1,50.0,0,I,MELB_URBAN,STREET,11,15.0
84959,1,1,110,1,1,60.0,0,I,MELB_URBAN,PARADE,11,16.0