,accident_type,day_of_week,dca_code,road_geometry,light_condition,speed_zone,severity,node_type,deg_urban_name,road_type,month,hour
84960,1,1,110,1,1,100.0,1,I,RURAL_VICTORIA,ROAD,11,13.0
84961,1,1,132,5,1,80.0,1,N,RURAL_VICTORIA,HIGHWAY,11,14.0
84962,1,1,120,5,1,50.0,0,N,SMALL_CITIES,STREET,11,16.0
84963,1,1,160,1,1,60.0,0,I,MELB_URBAN,ROAD,11,16.0
84964,1,1,160,5,1,70.0,0,N,MELB_URBAN,ROAD,11,17.0
84965,1,7,99,5,5,100.0,0,N,RURAL_VICTORIA,ROAD,11,20.0
84966,1,0,160,5,1,40.0,0,N,MELB_URBAN,BOULEVARD,11,14.0
84967,4,1,173,5,1,100.0,0,N,TOWNS,STREET,11,18.0
84968,1,0,120,5,1,100.0,0,N,RURAL_VICTORIA,ROAD,11,16.0
84969,1,6,99,1,3,60.0,0,I,MELB_URBAN,STREET,11,20.0
84970,1,1,171,5,1,50.0,0,N,MELB_URBAN,AVENUE,11,18.0
84971,1,1,120,5,1,100.0,1,N,RURAL_VICTORIA,HIGHWAY,11,17.0
84972,7,1,99,5,1,100.0,0,N,RURAL_VICTORIA,ROAD,11,18.0
84973,1,1,120,5,2,60.0,0,N,MELB_URBAN,STREET,11,20.0
84974,1,0,110,1,3,50.0,0,I,MELB_URBAN,STREET,11,22.0
84975,4,2,183,5,3,60.0,0,N,MELB_URBAN,ROAD,11,1.0
84976,1,2,130,5,2,60.0,0,N,MELB_URBAN,ROAD,11,5.0
84977,1,2,113,2,1,60.0,0,I,MELB_URBAN,STREET,11,6.0
84978,1,2,99,2,1,60.0,0,I,MELB_URBAN,STREET,11,8.0
84979,1,2,130,5,1,60.0,0,N,LARGE_PROVINCIAL_CITIES,AVENUE,11,9.0
84980,1,1,130,1,1,80.0,0,I,MELB_URBAN,HIGHWAY,11,10.0
84981,1,6,130,1,1,60.0,0,N,SMALL_CITIES,STREET,1,14.0
84982,1,1,120,5,1,60.0,0,N,MELB_URBAN,AVENUE,11,6.0
84983,1,2,113,4,1,80.0,1,N,RURAL_VICTORIA,HIGHWAY,11,12.0
84984,1,2,113,3,1,100.0,0,I,RURAL_VICTORIA,HIGHWAY,11,13.0
84985,1,2,121,5,1,80.0,0,N,MELB_URBAN,ROAD,11,14.0
84986,1,2,147,5,1,30.0,0,N,MELB_URBAN,ROAD,11,15.0
84987,1,4,130,5,2,60.0,0,N,MELB_URBAN,RAMP,10,18.0
84988,2,2,100,1,1,50.0,0,I,LARGE_PROVINCIAL_CITIES,STREET,11,15.0
84989,1,2,110,1,1,80.0,0,I,MELB_URBAN,ROAD,11,18.0
84990,1,2,113,2,1,70.0,0,I,MELB_URBAN,ROAD,11,19.0
84991,4,2,173,5,1,50.0,0,N,SMALL_TOWNS,ROAD,11,17.0
84992,4,2,181,5,1,50.0,0,N,MELB_URBAN,STREET,11,18.0
84993,8,2,174,5,1,50.0,0,N,RURAL_VICTORIA,STREET,11,18.0
84994,1,2,110,1,3,60.0,0,I,MELB_URBAN,ROAD,11,20.0
84995,4,2,183,5,1,100.0,1,N,RURAL_VICTORIA,ROAD,11,13.0
84996,1,4,135,5,9,40.0,0,N,MELB_URBAN,ROAD,11,21.0
84997,2,2,102,1,5,50.0,0,I,MELB_URBAN,STREET,11,21.0
84998,2,2,102,1,3,40.0,0,I,MELB_URBAN,STREET,11,22.0
84999,4,2,181,5,3,70.0,0,N,MELB_URBAN,ROAD,11,22.0
85000,1,3,160,2,3,60.0,0,N,MELB_URBAN,ROAD,11,2.0
85001,1,7,99,2,1,50.0,0,I,MELB_URBAN,ROAD,11,7.0
85002,1,3,110,1,3,80.0,0,I,MELB_URBAN,ROAD,11,4.0
85003,6,2,184,5,1,60.0,0,N,RURAL_VICTORIA,ROAD,11,14.0
85004,1,3,113,2,2,60.0,0,I,MELB_URBAN,ROAD,11,7.0
85005,1,3,113,2,1,60.0,0,I,LARGE_PROVINCIAL_CITIES,ROAD,11,8.0
85006,2,3,99,5,1,60.0,0,N,MELB_URBAN,STREET,11,8.0
85007,3,3,167,5,1,100.0,0,N,RURAL_VICTORIA,ROAD,11,9.0
85008,1,3,121,2,1,50.0,0,I,TOWNS,STREET,11,11.0
85009,2,1,100,4,1,60.0,0,I,MELB_URBAN,ROAD,11,15.0
85010,1,2,130,1,1,60.0,0,I,MELB_URBAN,ROAD,10,17.0
85011,1,3,140,5,1,50.0,0,N,MELB_URBAN,BOULEVARD,11,12.0
85012,1,6,130,5,2,80.0,0,N,MELB_URBAN,ROAD,11,5.0
85013,6,3,184,5,1,60.0,0,N,RURAL_VICTORIA,OTHER,11,14.0
85014,1,3,160,5,1,50.0,0,N,MELB_URBAN,STREET,11,13.0
85015,1,3,121,5,1,60.0,0,N,LARGE_PROVINCIAL_CITIES,ROAD,11,14.0
85016,1,3,110,1,1,60.0,0,I,MELB_URBAN,ROAD,11,13.0
85017,1,3,130,2,1,50.0,0,I,MELB_URBAN,OTHER,11,15.0
85018,4,3,171,5,1,100.0,0,N,RURAL_VICTORIA,ROAD,11,15.0
85019,1,3,130,1,1,60.0,0,N,SMALL_CITIES,STREET,11,15.0
85020,4,3,183,5,2,50.0,0,N,RURAL_VICTORIA,ROAD,11,16.0
85021,1,3,99,2,1,50.0,0,I,MELB_URBAN,ROAD,11,14.0
85022,1,3,135,5,1,80.0,0,N,MELB_URBAN,ROAD,11,17.0
85023,1,3,147,5,1,80.0,0,N,MELB_URBAN,ROAD,11,17.0
85024,4,2,171,5,1,50.0,0,N,MELB_URBAN,STREET,11,18.0
85025,1,3,110,1,1,60.0,0,I,RURAL_VICTORIA,HIGHWAY,11,18.0
85026,1,3,99,2,1,60.0,0,I,LARGE_PROVINCIAL_CITIES,ROAD,11,16.0
85027,4,2,181,5,1,80.0,0,N,RURAL_VICTORIA,HIGHWAY,11,14.0
85028,1,3,160,5,1,60.0,0,N,MELB_URBAN,ROAD,11,19.0
85029,1,2,171,2,1,50.0,0,I,MELB_URBAN,OTHER,11,18.0
85030,4,3,173,5,5,100.0,0,N,RURAL_VICTORIA,ROAD,11,21.0
85031,1,2,111,4,1,60.0,0,I,MELB_URBAN,ROAD,11,19.0
85032,3,3,167,5,2,80.0,0,N,RURAL_VICTORIA,ROAD,11,5.0
85033,8,5,174,5,9,60.0,0,N,MELB_URBAN,ROAD,9,21.0
85034,4,3,171,5,1,100.0,0,N,RURAL_VICTORIA,ROAD,11,6.0
85035,1,3,110,1,1,50.0,0,I,TOWNS,STREET,11,8.0
85036,2,4,102,5,1,40.0,0,N,MELB_URBAN,STREET,11,8.0
85037,1,3,130,5,2,50.0,0,N,MELB_URBAN,AVENUE,11,18.0
85038,1,2,147,5,1,60.0,0,N,MELB_URBAN,ROAD,11,17.0
85039,8,3,184,2,1,60.0,0,I,RURAL_VICTORIA,ROAD,11,11.0
85040,6,7,184,5,1,60.0,0,N,RURAL_VICTORIA,ROAD,11,17.0
85041,1,4,121,4,1,60.0,0,I,MELB_URBAN,RAMP,11,11.0
85042,2,4,99,2,1,60.0,0,N,MELB_URBAN,ROAD,11,13.0
85043,1,2,99,5,1,60.0,0,N,MELB_URBAN,ROAD,10,8.0
85044,1,4,130,1,1,60.0,0,I,TOWNS,UNKNOWN,11,15.0
85045,2,4,102,1,1,40.0,0,I,MELB_URBAN,STREET,11,15.0
85046,1,4,160,5,1,60.0,0,N,MELB_URBAN,ROAD,11,14.0
85047,1,4,163,5,1,40.0,0,N,MELBOURNE_CBD,STREET,11,16.0
85048,2,4,102,2,1,70.0,0,I,MELB_URBAN,ROAD,11,16.0
85049,1,4,121,2,1,60.0,0,I,MELB_URBAN,STREET,11,18.0
85050,1,4,121,2,1,30.0,0,I,MELB_URBAN,BOULEVARD,11,16.0
85051,1,4,130,5,1,60.0,0,N,MELB_URBAN,ROAD,11,14.0
85052,2,4,99,5,1,60.0,0,N,SMALL_CITIES,STREET,11,15.0
85053,1,4,121,1,1,40.0,0,I,MELBOURNE_CBD,STREET,11,17.0
85054,1,3,160,5,1,60.0,0,N,MELB_URBAN,PARADE,11,17.0
85055,1,4,116,1,2,60.0,0,I,MELB_URBAN,STREET,11,19.0
85056,1,4,133,5,2,60.0,0,N,MELB_URBAN,STREET,11,19.0
85057,4,3,99,6,1,50.0,0,N,MELB_URBAN,OTHER,11,15.0
85058,1,4,133,5,1,40.0,0,N,MELB_URBAN,STREET,11,8.0
85059,1,4,110,1,1,70.0,0,I,MELB_URBAN,ROAD,11,19.0
85060,6,4,170,5,1,80.0,0,N,RURAL_VICTORIA,ROAD,11,16.0
85061,1,4,121,2,2,100.0,0,I,RURAL_VICTORIA,ROAD,11,18.0
85062,1,4,110,1,1,50.0,1,I,MELB_URBAN,AVENUE,11,16.0
85063,4,4,171,5,3,40.0,0,N,TOWNS,STREET,11,20.0
85064,1,1,110,1,1,50.0,0,I,SMALL_CITIES,STREET,11,16.0
85065,4,4,173,5,1,100.0,0,N,RURAL_VICTORIA,ROAD,11,19.0
85066,4,4,183,5,2,80.0,0,N,MELB_URBAN,HIGHWAY,11,19.0
85067,1,4,99,5,1,50.0,0,N,MELB_URBAN,STREET,11,10.0
85068,1,4,130,5,1,50.0,0,N,MELB_URBAN,ROAD,11,19.0
85069,1,4,121,2,3,60.0,0,I,MELB_URBAN,ROAD,11,22.0
85070,1,3,130,5,1,100.0,0,N,MELB_URBAN,FREEWAY,11,9.0
85071,1,4,130,5,1,60.0,0,N,MELB_URBAN,ROAD,11,8.0
85072,1,5,140,2,2,70.0,0,I,RURAL_VICTORIA,ROAD,11,6.0
85073,8,5,174,2,1,60.0,0,N,MELB_URBAN,ROAD,11,6.0
85074,1,5,130,5,1,60.0,0,N,MELB_URBAN,ROAD,11,8.0
85075,4,7,181,5,1,100.0,0,N,RURAL_VICTORIA,ROAD,11,17.0
85076,4,5,99,5,1,50.0,0,N,MELB_URBAN,STREET,11,8.0
85077,1,5,99,5,1,60.0,0,N,MELB_URBAN,ROAD,11,10.0
85078,1,5,133,5,1,50.0,0,N,MELB_URBAN,STREET,7,17.0
85079,4,5,171,5,1,60.0,0,N,MELB_URBAN,ROAD,11,13.0
85080,1,4,130,5,1,70.0,0,N,MELB_URBAN,ROAD,11,12.0
85081,1,4,130,5,1,80.0,0,N,MELB_URBAN,ROAD,11,15.0
85082,1,5,130,4,1,60.0,0,I,RURAL_VICTORIA,HIGHWAY,11,9.0
85083,4,5,99,5,1,60.0,0,N,MELB_URBAN,STREET,11,14.0
85084,8,7,174,5,1,60.0,0,N,MELB_URBAN,STREET,8,10.0
85085,1,4,110,1,1,80.0,0,I,RURAL_VICTORIA,ROAD,11,14.0
85086,4,5,171,1,9,50.0,0,N,MELB_URBAN,ROAD,11,1.0
85087,1,5,147,5,1,100.0,0,N,RURAL_VICTORIA,ROAD,11,12.0
85088,1,5,147,5,1,50.0,0,N,SMALL_CITIES,ROAD,11,15.0
85089,1,5,121,2,1,60.0,0,I,MELB_URBAN,AVENUE,11,16.0
85090,1,5,130,5,1,60.0,0,N,RURAL_VICTORIA,FREEWAY,11,16.0
85091,1,5,113,1,1,60.0,0,I,MELB_URBAN,STREET,11,14.0
85092,1,5,147,5,1,60.0,0,I,MELB_URBAN,ROAD,11,14.0
85093,1,5,121,2,1,80.0,0,I,MELB_URBAN,ROAD,11,17.0
85094,6,5,174,1,1,50.0,0,I,MELB_URBAN,STREET,11,18.0
85095,2,4,99,5,1,50.0,0,N,SMALL_CITIES,OTHER,11,18.0
85096,1,5,110,1,1,50.0,0,I,MELB_URBAN,ROAD,11,17.0
85097,1,5,121,1,1,40.0,0,I,MELBOURNE_CBD,STREET,11,17.0
85098,1,5,99,2,1,60.0,0,I,MELB_URBAN,STREET,11,17.0
85099,1,5,121,5,1,60.0,0,N,MELB_URBAN,ROAD,11,19.0
85100,8,5,174,5,1,70.0,0,N,MELB_URBAN,ROAD,11,16.0
85101,1,4,121,1,3,60.0,0,I,MELB_URBAN,ROAD,11,20.0
85102,1,5,134,5,1,80.0,0,N,MELB_URBAN,ROAD,11,15.0
85103,1,4,160,5,3,50.0,0,N,MELB_URBAN,STREET,11,21.0
85104,1,5,130,1,1,60.0,0,I,MELB_URBAN,ROAD,11,17.0
85105,2,5,102,2,3,60.0,0,I,MELB_URBAN,STREET,11,20.0
85106,1,5,121,2,3,40.0,0,I,MELBOURNE_CBD,STREET,11,22.0
85107,1,5,99,1,3,60.0,0,I,MELB_URBAN,STREET,11,22.0
85108,1,4,111,1,1,40.0,0,I,LARGE_PROVINCIAL_CITIES,AVENUE,11,15.0
85109,4,5,183,5,5,110.0,0,N,RURAL_VICTORIA,FREEWAY,11,23.0
85110,4,6,171,5,3,60.0,0,N,MELB_URBAN,ROAD,11,0.0
85111,6,6,99,5,3,80.0,0,N,MELB_URBAN,OTHER,11,2.0
85112,1,6,120,5,5,100.0,1,N,RURAL_VICTORIA,ROAD,11,2.0
85113,1,5,110,1,1,50.0,0,I,MELB_URBAN,ROAD,11,12.0
85114,4,6,171,2,3,60.0,0,I,LARGE_PROVINCIAL_CITIES,STREET,11,2.0
85115,1,5,99,5,1,60.0,0,N,MELB_URBAN,STREET,11,17.0
85116,1,4,110,1,1,60.0,0,I,MELB_URBAN,ROAD,10,8.0
85117,1,5,130,1,1,80.0,0,I,MELB_URBAN,ROAD,11,7.0
85118,1,6,130,2,1,60.0,0,I,MELB_URBAN,ROAD,11,9.0
85119,1,6,113,2,1,60.0,0,I,MELB_URBAN,ROAD,11,8.0
85120,1,5,121,1,1,50.0,0,I,MELB_URBAN,STREET,11,7.0
85121,1,5,113,2,1,60.0,0,I,MELB_URBAN,STREET,11,11.0
85122,1,4,110,1,1,60.0,0,I,LARGE_PROVINCIAL_CITIES,STREET,11,9.0
85123,1,6,130,1,1,80.0,0,I,MELB_URBAN,HIGHWAY,11,11.0
85124,1,5,110,1,1,40.0,0,I,MELB_URBAN,ROAD,11,17.0
85125,1,5,130,2,1,80.0,0,I,MELB_URBAN,ROAD,11,15.0
85126,1,6,130,2,1,70.0,0,I,LARGE_PROVINCIAL_CITIES,STREET,11,12.0
85127,2,6,102,5,1,50.0,0,N,MELB_URBAN,ROAD,11,16.0
85128,6,6,184,5,1,60.0,0,N,SMALL_CITIES,DRIVE,11,16.0
85129,2,6,102,5,1,60.0,0,N,MELB_URBAN,ROAD,11,15.0
85130,1,6,130,5,1,70.0,0,N,MELB_URBAN,ROAD,11,16.0
85131,1,7,99,2,1,50.0,0,I,TOWNS,STREET,5,12.0
85132,1,5,110,1,1,50.0,0,I,MELB_URBAN,STREET,11,13.0
85133,1,6,130,4,1,60.0,0,I,MELB_URBAN,ROAD,11,16.0
85134,4,5,181,5,1,80.0,0,O,RURAL_VICTORIA,ROAD,11,17.0
85135,1,6,121,2,1,60.0,0,I,MELB_URBAN,STREET,11,15.0
85136,1,6,130,5,1,80.0,0,N,RURAL_VICTORIA,ROAD,11,16.0
85137,1,5,130,5,3,60.0,0,N,MELB_URBAN,ROAD,11,21.0
85138,1,6,130,5,1,60.0,0,N,MELB_URBAN,RAMP,11,8.0
85139,6,6,174,2,1,40.0,0,N,MELBOURNE_CBD,STREET,11,17.0
85140,4,5,171,5,5,100.0,0,N,RURAL_VICTORIA,ROAD,11,22.0
85141,1,6,160,5,3,50.0,0,N,TOWNS,STREET,11,22.0
85142,2,5,102,1,3,40.0,0,I,MELB_URBAN,STREET,11,23.0
85143,4,6,181,3,3,50.0,0,N,MELB_URBAN,ROAD,11,23.0
85144,1,6,130,5,1,40.0,0,N,MELB_URBAN,ROAD,11,14.0
85145,4,0,173,5,5,80.0,0,N,RURAL_VICTORIA,ROAD,10,2.0
85146,8,5,174,6,1,60.0,0,N,MELB_URBAN,OTHER,11,14.0
85147,8,7,174,5,1,50.0,0,N,SMALL_CITIES,OTHER,11,6.0
85148,1,7,130,2,6,50.0,0,I,MELB_URBAN,STREET,9,20.0
85149,2,7,99,5,1,60.0,0,N,SMALL_CITIES,STREET,11,9.0
85150,1,2,130,5,1,80.0,0,N,MELB_URBAN,ROAD,10,7.0
85151,2,3,99,5,3,40.0,0,N,MELBOURNE_CBD,STREET,11,22.0
85152,1,7,110,1,1,60.0,0,I,SMALL_CITIES,STREET,11,11.0
85153,1,7,110,1,1,50.0,0,I,MELB_URBAN,STREET,11,9.0
85154,1,6,130,2,1,60.0,0,I,MELB_URBAN,ROAD,11,12.0
85155,8,7,174,5,1,40.0,0,N,MELBOURNE_CBD,STREET,11,13.0
85156,4,7,173,5,1,50.0,0,N,MELB_URBAN,DRIVE,11,7.0
85157,1,7,110,1,1,60.0,0,I,LARGE_PROVINCIAL_CITIES,STREET,11,11.0
85158,1,7,121,2,1,60.0,0,I,MELB_URBAN,STREET,11,13.0
85159,4,6,171,5,1,50.0,0,N,TOWNS,STREET,11,15.0
85160,1,6,121,2,1,60.0,0,I,MELB_URBAN,ROAD,11,12.0
85161,1,7,163,5,1,50.0,0,N,MELB_URBAN,ROAD,11,11.0
85162,1,7,120,5,1,60.0,0,N,RURAL_VICTORIA,ROAD,11,15.0
85163,1,7,99,2,1,70.0,0,N,MELB_URBAN,ROAD,11,15.0
85164,1,7,121,1,1,60.0,0,I,MELB_URBAN,ROAD,11,15.0
85165,1,7,160,5,1,60.0,0,N,MELB_URBAN,STREET,11,14.0
85166,2,7,99,5,1,60.0,0,N,MELB_URBAN,AVENUE,11,15.0
85167,2,7,99,5,1,60.0,0,N,MELB_URBAN,ROAD,11,14.0
85168,1,7,130,5,1,100.0,0,N,MELB_URBAN,FREEWAY,11,15.0
85169,4,7,99,5,1,60.0,0,I,MELB_URBAN,ROAD,11,17.0
85170,1,7,110,1,1,110.0,0,I,RURAL_VICTORIA,HIGHWAY,11,14.0
85171,1,7,120,5,1,80.0,0,N,RURAL_VICTORIA,ROAD,11,11.0
85172,4,7,181,5,1,60.0,1,N,RURAL_VICTORIA,ROAD,11,14.0
85173,1,7,99,1,1,60.0,0,I,MELB_URBAN,AVENUE,11,18.0
85174,4,7,173,2,1,50.0,0,N,MELB_URBAN,ROAD,11,15.0
85175,1,7,113,1,1,60.0,0,I,MELB_URBAN,ROAD,11,14.0
85176,1,7,121,2,1,60.0,1,I,LARGE_PROVINCIAL_CITIES,OTHER,11,14.0
85177,1,7,121,2,1,80.0,0,I,MELB_URBAN,ROAD,11,19.0
85178,2,6,99,5,1,60.0,0,N,MELB_URBAN,ROAD,11,15.0
85179,2,7,99,5,5,60.0,0,N,RURAL_VICTORIA,ROAD,11,21.0
85180,1,6,130,1,3,60.0,0,I,MELB_URBAN,ROAD,11,21.0
85181,4,1,173,5,5,100.0,0,N,RURAL_VICTORIA,ROAD,11,0.0
85182,4,0,171,6,3,30.0,0,N,MELB_URBAN,OTHER,11,1.0
85183,1,7,121,1,1,70.0,0,I,RURAL_VICTORIA,HIGHWAY,11,8.0
85184,1,1,130,2,1,60.0,0,I,MELB_URBAN,ROAD,11,11.0
85185,1,1,113,1,1,60.0,0,I,MELB_URBAN,STREET,11,11.0
85186,1,1,130,5,1,60.0,0,N,MELB_URBAN,ROAD,11,10.0
85187,4,1,181,5,1,60.0,0,N,RURAL_VICTORIA,ROAD,11,11.0
85188,1,1,130,2,1,60.0,0,I,LARGE_PROVINCIAL_CITIES,ROAD,9,16.0
85189,8,1,99,5,1,80.0,0,N,RURAL_VICTORIA,ROAD,11,11.0
85190,8,1,99,5,1,60.0,0,N,RURAL_VICTORIA,ROAD,11,12.0
85191,1,1,120,5,1,60.0,0,N,MELB_URBAN,ROAD,11,13.0
85192,4,1,183,5,1,100.0,0,N,MELB_URBAN,RAMP,11,12.0
85193,1,0,110,1,1,60.0,0,I,SMALL_CITIES,STREET,11,9.0
85194,1,1,130,5,1,60.0,0,N,MELB_URBAN,ROAD,11,15.0
85195,1,1,113,2,1,70.0,0,I,MELB_URBAN,ROAD,11,15.0
85196,4,1,181,5,1,100.0,0,N,RURAL_VICTORIA,ROAD,11,16.0
85197,1,1,113,2,1,70.0,0,I,MELB_URBAN,ROAD,11,16.0
85198,4,1,99,5,1,60.0,0,I,RURAL_VICTORIA,ROAD,11,13.0
85199,1,1,110,1,1,50.0,0,I,MELB_URBAN,ROAD,11,18.0
85200,1,1,99,2,1,80.0,0,I,MELB_URBAN,STREET,11,19.0
85201,1,1,135,2,1,60.0,0,I,MELB_URBAN,HIGHWAY,11,18.0
85202,1,1,130,5,3,40.0,0,N,MELB_URBAN,UNKNOWN,11,21.0
85203,4,1,181,5,3,60.0,0,N,MELB_URBAN,ROAD,11,21.0
85204,4,0,173,5,3,60.0,0,N,TOWNS,ROAD,11,21.0
85205,2,1,100,1,1,40.0,0,I,MELB_URBAN,STREET,11,18.0
85206,1,1,160,5,1,60.0,0,N,MELB_URBAN,STREET,11,19.0
85207,1,1,121,4,3,70.0,0,I,MELB_URBAN,STREET,11,22.0
85208,1,2,99,5,2,100.0,0,N,RURAL_VICTORIA,ROAD,11,6.0
85209,6,1,170,2,1,100.0,0,I,RURAL_VICTORIA,HIGHWAY,11,7.0
85210,8,2,174,4,1,80.0,0,I,RURAL_VICTORIA,HIGHWAY,11,7.0
85211,1,2,160,1,1,50.0,0,N,MELB_URBAN,UNKNOWN,11,17.0
85212,4,0,173,5,2,80.0,0,N,SMALL_CITIES,ROAD,11,6.0
85213,1,2,110,1,1,50.0,0,I,MELB_URBAN,STREET,11,8.0
85214,1,2,160,5,1,50.0,0,N,SMALL_CITIES,STREET,11,9.0
85215,4,1,173,5,5,80.0,0,N,RURAL_VICTORIA,ROAD,11,1.0
85216,4,1,181,5,1,100.0,0,N,RURAL_VICTORIA,ROAD,11,9.0
85217,1,2,110,1,1,50.0,0,I,LARGE_PROVINCIAL_CITIES,OTHER,11,9.0
85218,1,5,110,1,3,60.0,0,I,LARGE_PROVINCIAL_CITIES,STREET,11,23.0
85219,1,2,130,5,1,100.0,0,N,MELB_URBAN,ROAD,11,8.0
85220,4,3,181,5,1,100.0,0,N,RURAL_VICTORIA,ROAD,11,13.0
85221,1,2,130,2,1,80.0,0,I,MELB_URBAN,ROAD,11,8.0
85222,1,1,120,5,1,50.0,0,N,TOWNS,HIGHWAY,11,9.0
85223,1,1,113,2,1,60.0,0,I,MELB_URBAN,ROAD,11,11.0
85224,1,2,99,5,1,50.0,1,N,MELB_URBAN,ROAD,11,8.0
85225,1,2,113,2,1,50.0,0,I,SMALL_CITIES,STREET,11,13.0
85226,1,2,160,5,1,70.0,0,N,SMALL_CITIES,OTHER,11,12.0
85227,6,1,99,5,1,100.0,0,N,RURAL_VICTORIA,ROAD,11,10.0
85228,1,2,130,2,1,60.0,0,I,MELB_URBAN,ROAD,11,12.0
85229,6,2,174,1,3,60.0,0,N,MELB_URBAN,DRIVE,11,5.0
85230,1,2,120,5,1,100.0,0,N,RURAL_VICTORIA,HIGHWAY,11,10.0
85231,1,4,130,5,9,60.0,0,N,MELB_URBAN,ROAD,9,7.0
85232,1,2,120,2,1,60.0,0,I,MELB_URBAN,ROAD,10,12.0
85233,1,3,130,5,3,60.0,0,N,MELB_URBAN,ROAD,7,18.0
85234,1,2,130,1,1,60.0,0,I,MELB_URBAN,ROAD,11,16.0
85235,2,1,100,1,3,40.0,0,I,MELBOURNE_CBD,STREET,11,21.0
85236,1,2,132,1,1,60.0,0,I,SMALL_CITIES,STREET,11,16.0
85237,6,2,174,5,1,100.0,0,N,RURAL_VICTORIA,HIGHWAY,11,16.0
85238,4,2,173,5,1,100.0,0,N,RURAL_VICTORIA,ROAD,11,15.0
85239,1,2,99,5,1,80.0,0,N,MELB_URBAN,FREEWAY,11,18.0
85240,1,2,120,5,1,60.0,0,N,MELB_URBAN,ROAD,11,19.0
85241,1,2,99,5,1,60.0,0,N,MELB_URBAN,DRIVE,11,15.0
85242,1,2,113,1,1,70.0,0,I,MELB_URBAN,ROAD,11,19.0
85243,1,2,113,2,1,60.0,0,I,MELB_URBAN,STREET,11,18.0
85244,1,2,130,5,1,60.0,0,N,MELB_URBAN,STREET,11,18.0
85245,1,1,130,5,2,80.0,0,N,RURAL_VICTORIA,OTHER,11,17.0
85246,1,2,140,5,1,50.0,0,N,MELB_URBAN,ROAD,11,14.0
85247,1,3,160,5,2,60.0,0,N,MELB_URBAN,ROAD,11,5.0
85248,1,2,130,2,1,60.0,0,I,MELB_URBAN,ROAD,11,6.0
85249,2,3,100,1,9,40.0,0,I,MELBOURNE_CBD,STREET,11,8.0
85250,2,2,99,2,1,60.0,0,N,MELB_URBAN,STREET,10,12.0
85251,1,2,160,5,9,50.0,0,N,MELB_URBAN,PARADE,11,18.0
85252,7,5,99,2,1,60.0,0,I,MELB_URBAN,STREET,11,10.0
85253,4,2,171,5,2,100.0,0,N,RURAL_VICTORIA,ROAD,10,18.0
85254,1,3,130,5,1,60.0,0,N,SMALL_CITIES,HIGHWAY,11,9.0
85255,1,3,110,1,1,50.0,0,I,MELB_URBAN,STREET,11,9.0
85256,1,2,140,1,1,40.0,0,I,LARGE_PROVINCIAL_CITIES,STREET,11,9.0
85257,1,1,160,5,2,50.0,0,N,MELB_URBAN,STREET,11,19.0
85258,1,3,120,5,1,50.0,0,N,SMALL_CITIES,OTHER,11,9.0
85259,1,3,140,5,1,50.0,0,N,MELB_URBAN,DRIVE,11,8.0
85260,1,3,135,5,1,100.0,0,N,MELB_URBAN,FREEWAY,11,11.0
85261,1,2,111,2,1,60.0,0,N,MELB_URBAN,ROAD,11,17.0
85262,1,3,110,1,1,80.0,0,I,MELB_URBAN,HIGHWAY,11,8.0
85263,1,3,130,5,1,100.0,0,N,MELB_URBAN,RAMP,11,7.0
85264,1,6,135,5,1,100.0,0,N,MELB_URBAN,ROAD,11,19.0
85265,1,3,111,1,1,60.0,0,I,SMALL_CITIES,AVENUE,11,14.0
85266,4,3,173,5,5,100.0,0,N,RURAL_VICTORIA,HIGHWAY,11,5.0
85267,1,2,111,2,1,60.0,0,I,MELB_URBAN,ROAD,11,16.0
85268,1,3,116,2,1,80.0,0,I,MELB_URBAN,HIGHWAY,11,13.0
85269,4,3,99,5,1,30.0,0,N,SMALL_CITIES,STREET,11,14.0
85270,1,3,120,5,1,70.0,0,N,MELB_URBAN,OTHER,11,15.0
85271,1,3,113,2,1,60.0,0,I,MELB_URBAN,ROAD,11,16.0
85272,1,2,130,1,9,60.0,0,I,MELB_URBAN,ROAD,10,8.0
85273,1,2,130,1,1,60.0,0,I,MELB_URBAN,ROAD,11,14.0
85274,1,3,130,5,1,100.0,0,N,MELB_URBAN,FREEWAY,11,17.0
85275,1,3,163,5,1,60.0,0,N,MELB_URBAN,ROAD,11,17.0
85276,2,3,100,1,1,60.0,0,I,MELB_URBAN,ROAD,11,13.0
85277,1,3,99,5,1,100.0,0,N,MELB_URBAN,FREEWAY,11,15.0
85278,1,2,130,5,1,50.0,0,N,MELB_URBAN,DRIVE,11,17.0
85279,1,3,110,1,1,60.0,0,I,MELB_URBAN,ROAD,11,18.0
85280,1,2,121,1,1,60.0,0,I,LARGE_PROVINCIAL_CITIES,ROAD,11,15.0
85281,1,5,130,2,1,80.0,0,N,MELB_URBAN,HIGHWAY,11,12.0
85282,2,3,99,5,3,50.0,0,N,MELB_URBAN,PARADE,11,22.0
85283,1,4,99,1,1,60.0,0,I,MELB_URBAN,ROAD,11,9.0
85284,1,4,130,5,1,60.0,0,N,RURAL_VICTORIA,FREEWAY,11,7.0
85285,6,3,99,5,1,110.0,0,N,RURAL_VICTORIA,RAMP,11,8.0
85286,1,4,121,2,1,60.0,0,I,MELB_URBAN,ROAD,11,7.0