,accident_type,day_of_week,dca_code,road_geometry,light_condition,speed_zone,severity,node_type,deg_urban_name,road_type,month,hour
85287,1,4,135,5,1,60.0,0,N,MELB_URBAN,ROAD,11,9.0
85288,1,1,110,1,9,60.0,0,I,LARGE_PROVINCIAL_CITIES,ROAD,11,13.0
85289,1,4,130,5,1,70.0,0,N,MELB_URBAN,ROAD,11,8.0
85290,1,4,130,5,1,110.0,0,N,RURAL_VICTORIA,FREEWAY,11,9.0
85291,1,5,130,1,6,60.0,0,I,LARGE_PROVINCIAL_CITIES,STREET,9,22.0
85292,1,4,130,5,1,110.0,0,N,RURAL_VICTORIA,FREEWAY,11,7.0
85293,1,4,116,2,1,60.0,0,I,MELB_URBAN,ROAD,11,8.0
85294,1,4,121,2,1,60.0,0,I,MELB_URBAN,ROAD,11,12.0
85295,1,4,160,5,1,50.0,0,N,MELB_URBAN,STREET,11,13.0
85296,1,4,135,5,1,60.0,0,N,MELB_URBAN,ROAD,11,9.0
85297,1,4,134,5,1,60.0,0,N,MELB_URBAN,ROAD,11,10.0
85298,1,4,140,2,1,60.0,0,I,MELB_URBAN,ROAD,11,13.0
85299,1,4,130,5,1,70.0,0,N,MELB_URBAN,ROAD,11,12.0
85300,1,3,99,2,1,50.0,0,I,MELB_URBAN,STREET,11,15.0
85301,4,4,171,1,1,40.0,0,I,MELB_URBAN,BOULEVARD,11,7.0
85302,1,3,121,4,1,60.0,0,I,MELB_URBAN,ROAD,11,13.0
85303,1,2,147,5,1,60.0,0,N,SMALL_CITIES,AVENUE,11,12.0
85304,1,4,111,1,1,50.0,0,I,LARGE_PROVINCIAL_CITIES,ROAD,11,14.0
85305,8,6,170,5,3,100.0,0,N,RURAL_VICTORIA,FREEWAY,10,3.0
85306,1,4,130,5,1,50.0,1,N,TOWNS,STREET,11,9.0
85307,1,4,113,2,1,80.0,0,I,SMALL_TOWNS,ROAD,11,14.0
85308,1,3,130,5,1,80.0,0,N,MELB_URBAN,FREEWAY,11,13.0
85309,1,4,121,1,1,60.0,0,I,MELB_URBAN,STREET,11,11.0
85310,4,4,171,1,1,60.0,0,I,TOWNS,AVENUE,11,11.0
85311,1,4,140,5,1,50.0,0,N,MELB_URBAN,STREET,11,9.0
85312,4,4,171,5,1,80.0,0,N,RURAL_VICTORIA,ROAD,11,15.0
85313,1,3,110,1,1,60.0,0,I,MELB_URBAN,ROAD,11,11.0
85314,6,4,99,5,1,100.0,0,N,RURAL_VICTORIA,ROAD,11,15.0
85315,1,5,121,2,1,60.0,0,I,MELB_URBAN,ROAD,10,9.0
85316,4,4,173,5,1,100.0,0,N,RURAL_VICTORIA,ROAD,11,12.0
85317,1,4,130,2,1,80.0,0,I,RURAL_VICTORIA,ROAD,11,7.0
85318,1,4,133,1,1,40.0,0,N,MELB_URBAN,ROAD,11,17.0
85319,1,4,113,2,1,60.0,0,I,LARGE_PROVINCIAL_CITIES,ROAD,11,13.0
85320,1,4,133,1,1,80.0,0,I,MELB_URBAN,ROAD,11,16.0
85321,1,4,121,2,1,80.0,0,I,MELB_URBAN,ROAD,11,16.0
85322,1,3,130,5,1,50.0,0,N,MELB_URBAN,ROAD,11,17.0
85323,1,4,130,5,1,80.0,0,N,MELB_URBAN,HIGHWAY,11,18.0
85324,1,4,120,2,1,60.0,0,I,MELB_URBAN,ROAD,11,18.0
85325,6,4,174,1,2,80.0,0,I,MELB_URBAN,ROAD,11,19.0
85326,4,4,173,5,1,50.0,0,N,MELB_URBAN,STREET,11,16.0
85327,4,4,173,5,1,100.0,0,N,RURAL_VICTORIA,ROAD,11,15.0
85328,1,4,147,2,1,60.0,0,N,MELB_URBAN,STREET,11,18.0
85329,1,4,147,5,1,60.0,0,N,LARGE_PROVINCIAL_CITIES,ROAD,11,16.0
85330,1,4,121,1,1,60.0,0,I,MELB_URBAN,ROAD,11,19.0
85331,4,4,171,5,2,60.0,0,N,MELB_URBAN,STREET,11,6.0
85332,8,4,174,2,6,40.0,0,N,MELB_URBAN,STREET,11,20.0
85333,1,4,120,5,3,50.0,0,N,MELB_URBAN,ROAD,11,22.0
85334,4,4,171,5,1,100.0,0,N,RURAL_VICTORIA,ROAD,11,17.0
85335,1,6,130,1,2,60.0,0,I,MELB_URBAN,ROAD,11,19.0
85336,4,3,173,5,1,60.0,0,N,MELB_URBAN,ROAD,11,14.0
85337,1,5,110,1,1,50.0,0,I,MELB_URBAN,STREET,11,7.0
85338,1,5,121,2,1,40.0,0,I,MELB_URBAN,ROAD,11,8.0
85339,1,3,110,1,3,80.0,0,N,LARGE_PROVINCIAL_CITIES,ROAD,11,21.0
85340,1,5,130,5,1,100.0,0,N,MELB_URBAN,FREEWAY,11,16.0
85341,4,5,173,5,1,100.0,0,N,RURAL_VICTORIA,ROAD,11,8.0
85342,1,5,121,1,1,60.0,0,I,MELB_URBAN,ROAD,11,9.0
85343,4,5,181,5,1,100.0,0,N,RURAL_VICTORIA,OTHER,11,10.0
85344,2,5,100,2,1,60.0,0,I,MELB_URBAN,ROAD,11,12.0
85345,1,5,130,2,1,60.0,0,I,MELB_URBAN,ROAD,11,12.0
85346,1,5,120,5,1,100.0,0,N,RURAL_VICTORIA,ROAD,11,11.0
85347,4,4,173,2,3,40.0,0,I,MELBOURNE_CBD,STREET,11,21.0
85348,1,4,134,5,1,100.0,0,N,MELB_URBAN,FREEWAY,3,7.0
85349,1,5,130,1,1,80.0,0,I,MELB_URBAN,HIGHWAY,11,12.0
85350,1,5,130,1,1,60.0,0,I,MELB_URBAN,STREET,11,10.0
85351,1,4,113,2,1,50.0,0,I,MELB_URBAN,ROAD,11,13.0
85352,1,4,130,5,1,60.0,0,N,MELB_URBAN,ROAD,11,11.0
85353,4,5,183,5,1,100.0,0,N,RURAL_VICTORIA,ROAD,11,12.0
85354,1,6,130,5,1,60.0,0,N,MELB_URBAN,ROAD,11,16.0
85355,1,3,121,2,3,50.0,0,I,MELB_URBAN,DRIVE,11,21.0
85356,1,5,130,5,1,60.0,0,N,MELB_URBAN,ROAD,11,14.0
85357,2,5,100,2,1,50.0,0,I,SMALL_CITIES,STREET,11,16.0
85358,1,5,113,2,1,50.0,0,I,MELB_URBAN,ROAD,11,13.0
85359,4,5,183,5,1,100.0,0,N,RURAL_VICTORIA,ROAD,11,13.0
85360,1,5,99,5,1,100.0,0,N,RURAL_VICTORIA,ROAD,11,16.0
85361,4,5,183,5,1,80.0,0,N,RURAL_VICTORIA,ROAD,11,14.0
85362,1,5,130,5,1,70.0,0,N,MELB_URBAN,ROAD,11,17.0
85363,1,5,120,5,1,60.0,0,N,MELB_URBAN,STREET,11,14.0
85364,6,5,174,5,1,100.0,0,N,RURAL_VICTORIA,ROAD,11,12.0
85365,1,5,134,5,1,60.0,0,N,MELB_URBAN,ROAD,11,16.0
85366,4,5,171,5,1,80.0,0,N,MELB_URBAN,RAMP,11,18.0
85367,4,5,171,2,1,50.0,0,I,MELB_URBAN,ROAD,11,17.0
85368,1,5,121,2,1,70.0,0,I,MELB_URBAN,ROAD,11,18.0
85369,1,5,121,2,1,60.0,0,I,LARGE_PROVINCIAL_CITIES,STREET,11,18.0
85370,1,5,135,5,1,60.0,0,N,MELB_URBAN,ROAD,11,17.0
85371,1,4,130,1,1,50.0,0,I,MELB_URBAN,AVENUE,11,17.0
85372,4,5,173,5,1,100.0,0,N,RURAL_VICTORIA,ROAD,11,6.0
85373,2,2,99,5,1,50.0,0,N,TOWNS,STREET,11,11.0
85374,1,5,113,1,1,50.0,0,I,LARGE_PROVINCIAL_CITIES,ROAD,11,18.0
85375,4,5,181,5,1,80.0,0,N,RURAL_VICTORIA,ROAD,11,19.0
85376,4,5,183,5,1,60.0,0,N,MELB_URBAN,ROAD,11,18.0
85377,4,5,173,5,3,60.0,0,N,LARGE_PROVINCIAL_CITIES,ROAD,11,20.0
85378,1,1,130,5,1,70.0,0,N,MELB_URBAN,ROAD,11,16.0
85379,1,5,130,5,3,60.0,0,N,MELB_URBAN,ROAD,11,21.0
85380,1,5,111,2,1,40.0,0,I,MELB_URBAN,DRIVE,11,16.0
85381,1,5,130,5,3,40.0,0,N,MELB_URBAN,FREEWAY,11,20.0
85382,4,6,171,5,3,50.0,1,N,MELB_URBAN,STREET,11,1.0
85383,4,6,171,5,5,100.0,0,N,SMALL_TOWNS,ROAD,11,0.0
85384,4,5,173,5,1,60.0,0,N,MELB_URBAN,HIGHWAY,11,12.0
85385,1,6,120,2,2,50.0,0,N,MELB_URBAN,STREET,11,5.0
85386,1,5,130,2,1,60.0,0,I,MELB_URBAN,ROAD,11,8.0
85387,1,6,130,5,1,40.0,0,N,MELB_URBAN,STREET,11,8.0
85388,1,6,130,5,1,80.0,0,N,LARGE_PROVINCIAL_CITIES,STREET,11,8.0
85389,4,5,173,5,1,110.0,0,N,RURAL_VICTORIA,HIGHWAY,11,17.0
85390,6,4,174,5,1,60.0,0,N,RURAL_VICTORIA,ROAD,11,12.0
85391,1,5,135,2,1,80.0,0,N,MELB_URBAN,ROAD,11,17.0
85392,1,6,121,2,1,60.0,0,I,MELB_URBAN,STREET,11,10.0
85393,2,6,102,2,1,50.0,0,I,MELB_URBAN,STREET,11,7.0
85394,1,5,130,2,1,60.0,0,I,MELB_URBAN,ROAD,11,10.0
85395,1,3,130,5,1,40.0,0,N,LARGE_PROVINCIAL_CITIES,STREET,11,15.0
85396,1,6,121,1,1,80.0,0,I,MELB_URBAN,HIGHWAY,11,9.0
85397,1,6,130,5,1,80.0,0,N,RURAL_VICTORIA,FREEWAY,11,12.0
85398,8,6,99,5,1,80.0,0,N,MELB_URBAN,ROAD,11,13.0
85399,1,6,113,2,1,60.0,0,I,SMALL_CITIES,STREET,11,13.0
85400,1,6,130,5,1,60.0,0,N,MELB_URBAN,ROAD,11,13.0
85401,1,6,121,2,1,60.0,0,I,MELB_URBAN,ROAD,11,12.0
85402,1,2,130,5,1,70.0,0,N,MELB_URBAN,HIGHWAY,11,12.0
85403,1,6,147,5,1,60.0,0,N,MELB_URBAN,STREET,11,12.0
85404,2,4,100,1,1,50.0,0,I,LARGE_PROVINCIAL_CITIES,STREET,11,12.0
85405,1,5,121,5,1,60.0,0,N,MELB_URBAN,ROAD,11,16.0
85406,4,5,183,5,1,100.0,0,N,RURAL_VICTORIA,HIGHWAY,11,13.0
85407,8,7,174,2,1,60.0,0,I,MELB_URBAN,STREET,4,9.0
85408,1,6,110,1,1,60.0,0,I,SMALL_CITIES,STREET,11,17.0
85409,8,6,184,5,1,80.0,0,N,MELB_URBAN,FREEWAY,11,18.0
85410,1,6,113,1,1,60.0,0,I,MELB_URBAN,STREET,11,17.0
85411,1,6,99,1,1,50.0,0,N,MELB_URBAN,DRIVE,11,15.0
85412,1,6,135,5,3,100.0,0,N,MELB_URBAN,ROAD,11,20.0
85413,1,5,132,1,1,60.0,0,I,MELB_URBAN,STREET,11,15.0
85414,1,6,130,5,1,100.0,0,N,MELB_URBAN,FREEWAY,11,18.0
85415,4,6,173,5,3,80.0,0,N,MELB_URBAN,ROAD,11,20.0
85416,1,5,110,1,1,50.0,0,I,MELB_URBAN,STREET,11,19.0
85417,6,5,184,5,1,100.0,0,N,RURAL_VICTORIA,ROAD,11,17.0
85418,1,6,111,2,1,60.0,0,I,MELB_URBAN,ROAD,11,17.0
85419,1,6,99,5,4,50.0,0,N,MELB_URBAN,AVENUE,11,22.0
85420,1,6,120,5,2,80.0,0,N,RURAL_VICTORIA,ROAD,11,20.0
85421,4,6,173,2,3,40.0,0,I,MELBOURNE_CBD,STREET,11,22.0
85422,1,6,120,5,3,60.0,0,N,MELB_URBAN,ROAD,11,22.0
85423,1,7,130,5,3,60.0,1,N,MELB_URBAN,ROAD,11,1.0
85424,4,7,171,5,5,100.0,0,N,RURAL_VICTORIA,HIGHWAY,11,4.0
85425,4,6,171,1,3,60.0,0,I,MELB_URBAN,BOULEVARD,11,22.0
85426,8,7,184,5,1,80.0,0,I,MELB_URBAN,FREEWAY,11,6.0
85427,1,7,171,5,1,100.0,0,N,MELB_URBAN,FREEWAY,11,6.0
85428,4,7,173,5,1,50.0,0,N,MELB_URBAN,STREET,11,9.0
85429,1,7,121,2,1,80.0,0,I,MELB_URBAN,ROAD,11,10.0
85430,1,4,99,2,1,60.0,0,N,MELBOURNE_CBD,STREET,11,8.0
85431,1,7,160,5,9,60.0,0,N,MELB_URBAN,ROAD,11,11.0
85432,1,7,147,5,1,50.0,0,N,MELB_URBAN,STREET,11,12.0
85433,4,6,173,5,1,50.0,0,N,MELB_URBAN,STREET,11,12.0
85434,1,6,120,5,1,60.0,0,N,SMALL_TOWNS,ROAD,11,12.0
85435,1,7,130,5,1,60.0,0,N,MELB_URBAN,RAMP,11,8.0
85436,2,7,100,1,1,60.0,0,I,MELB_URBAN,ROAD,11,13.0
85437,2,5,102,2,1,80.0,0,I,MELB_URBAN,HIGHWAY,11,15.0
85438,1,7,99,5,1,40.0,0,N,MELBOURNE_CBD,STREET,11,7.0
85439,1,7,147,5,1,70.0,0,N,MELB_URBAN,ROAD,11,14.0
85440,2,7,100,2,1,60.0,0,I,MELB_URBAN,ROAD,11,13.0
85441,1,6,110,1,1,50.0,0,I,LARGE_PROVINCIAL_CITIES,AVENUE,11,15.0
85442,1,7,110,1,1,60.0,0,I,MELB_URBAN,ROAD,11,10.0
85443,1,2,113,2,1,60.0,0,I,MELB_URBAN,STREET,10,14.0
85444,2,7,99,5,1,60.0,0,N,LARGE_PROVINCIAL_CITIES,AVENUE,11,16.0
85445,8,7,174,1,2,60.0,0,I,SMALL_CITIES,PARADE,11,17.0
85446,6,7,99,5,1,80.0,0,N,RURAL_VICTORIA,ROAD,11,15.0
85447,1,7,130,5,1,60.0,0,N,MELB_URBAN,ROAD,11,14.0
85448,1,7,130,5,1,60.0,0,N,MELB_URBAN,STREET,12,11.0
85449,1,7,121,4,1,80.0,0,I,MELB_URBAN,ROAD,11,16.0
85450,1,7,99,5,1,100.0,0,N,MELB_URBAN,FREEWAY,11,16.0
85451,1,7,147,5,1,50.0,0,N,MELB_URBAN,AVENUE,11,17.0
85452,8,7,174,2,1,100.0,0,I,RURAL_VICTORIA,HIGHWAY,11,16.0
85453,1,7,121,2,3,60.0,0,I,MELB_URBAN,STREET,11,20.0
85454,4,7,173,5,5,100.0,0,N,RURAL_VICTORIA,FREEWAY,11,20.0
85455,4,7,173,5,3,60.0,0,N,MELB_URBAN,STREET,11,0.0
85456,1,7,130,5,3,80.0,0,N,MELB_URBAN,RAMP,11,22.0
85457,4,7,183,5,5,100.0,1,N,RURAL_VICTORIA,ROAD,11,22.0
85458,4,1,181,2,5,80.0,0,I,RURAL_VICTORIA,ROAD,11,2.0
85459,4,7,181,5,2,100.0,0,N,RURAL_VICTORIA,ROAD,11,20.0
85460,3,7,167,5,1,100.0,0,N,RURAL_VICTORIA,HIGHWAY,11,6.0
85461,1,7,121,1,1,80.0,0,I,MELB_URBAN,ROAD,11,17.0
85462,4,1,171,5,2,60.0,0,N,SMALL_CITIES,AVENUE,11,5.0
85463,8,1,99,2,1,60.0,0,N,RURAL_VICTORIA,OTHER,11,9.0
85464,1,5,113,1,1,80.0,0,I,MELB_URBAN,ROAD,11,7.0
85465,1,6,120,5,1,60.0,0,N,MELB_URBAN,ROAD,11,9.0
85466,1,7,110,1,1,50.0,0,I,MELB_URBAN,STREET,11,11.0
85467,1,6,99,2,1,60.0,0,I,MELB_URBAN,ROAD,11,10.0
85468,1,7,121,2,1,60.0,0,I,MELB_URBAN,STREET,11,13.0
85469,1,1,99,5,1,60.0,0,N,MELB_URBAN,ROAD,11,7.0
85470,8,7,99,5,1,100.0,0,N,RURAL_VICTORIA,HIGHWAY,11,17.0
85471,2,7,100,1,1,40.0,0,I,LARGE_PROVINCIAL_CITIES,STREET,11,14.0
85472,6,4,174,1,1,70.0,0,I,MELB_URBAN,ROAD,11,12.0
85473,1,0,121,2,1,70.0,0,I,MELB_URBAN,ROAD,11,10.0
85474,1,1,99,5,1,60.0,0,N,MELB_URBAN,ROAD,11,9.0
85475,4,6,171,5,1,100.0,0,N,RURAL_VICTORIA,ROAD,11,17.0
85476,1,1,121,2,1,60.0,0,I,MELB_URBAN,STREET,11,11.0
85477,1,1,130,2,1,70.0,0,I,MELB_URBAN,ROAD,11,11.0
85478,1,1,110,1,1,80.0,0,I,MELB_URBAN,STREET,11,8.0
85479,8,1,184,5,1,70.0,0,N,RURAL_VICTORIA,ROAD,11,9.0
85480,1,6,99,2,1,50.0,0,N,MELB_URBAN,DRIVE,11,17.0
85481,8,7,174,5,9,60.0,0,N,RURAL_VICTORIA,ROAD,10,14.0
85482,1,1,110,1,1,60.0,0,I,LARGE_PROVINCIAL_CITIES,STREET,11,11.0
85483,1,1,130,5,3,80.0,0,N,MELB_URBAN,FREEWAY,11,4.0
85484,4,7,99,5,1,60.0,0,N,MELB_URBAN,STREET,10,10.0
85485,8,1,184,5,1,80.0,0,N,RURAL_VICTORIA,ROAD,11,11.0
85486,1,0,130,1,1,80.0,0,N,MELB_URBAN,ROAD,11,9.0
85487,1,1,99,5,1,110.0,0,N,RURAL_VICTORIA,FREEWAY,11,13.0
85488,1,0,130,1,1,70.0,0,I,MELB_URBAN,HIGHWAY,11,13.0
85489,8,1,99,5,1,100.0,0,N,RURAL_VICTORIA,ROAD,11,14.0
85490,1,0,121,1,1,60.0,0,I,MELB_URBAN,HIGHWAY,11,16.0
85491,1,0,111,1,1,60.0,0,I,MELB_URBAN,STREET,11,15.0
85492,1,1,120,5,1,60.0,0,N,RURAL_VICTORIA,ROAD,11,14.0
85493,1,5,110,1,9,60.0,0,I,MELB_URBAN,STREET,9,18.0
85494,8,1,174,2,1,100.0,0,I,RURAL_VICTORIA,ROAD,11,9.0
85495,1,1,120,5,1,100.0,0,N,RURAL_VICTORIA,STREET,11,16.0
85496,1,1,99,1,1,60.0,0,I,MELB_URBAN,ROAD,11,15.0
85497,6,1,184,5,1,80.0,0,N,RURAL_VICTORIA,ROAD,11,17.0
85498,4,1,173,1,1,70.0,0,I,MELB_URBAN,HIGHWAY,11,17.0
85499,4,0,173,2,1,50.0,0,I,MELB_URBAN,ROAD,11,19.0
85500,4,1,183,5,1,80.0,0,N,LARGE_PROVINCIAL_CITIES,HIGHWAY,11,19.0
85501,4,1,173,5,5,100.0,0,N,RURAL_VICTORIA,ROAD,11,21.0
85502,6,1,170,5,5,110.0,0,N,RURAL_VICTORIA,RAMP,11,21.0
85503,4,1,173,5,1,100.0,0,N,RURAL_VICTORIA,ROAD,11,12.0
85504,1,6,110,1,1,50.0,0,I,MELB_URBAN,STREET,11,17.0
85505,4,2,173,5,5,110.0,0,N,RURAL_VICTORIA,FREEWAY,11,1.0
85506,1,1,130,5,1,60.0,0,N,MELB_URBAN,STREET,11,7.0
85507,1,2,121,2,1,60.0,0,I,MELB_URBAN,ROAD,11,8.0
85508,1,2,121,2,1,40.0,0,I,LARGE_PROVINCIAL_CITIES,OTHER,11,8.0
85509,1,7,160,5,3,50.0,0,N,MELB_URBAN,DRIVE,11,23.0
85510,1,1,116,2,1,50.0,0,I,TOWNS,ROAD,11,12.0
85511,1,1,120,5,1,100.0,0,N,RURAL_VICTORIA,ROAD,11,14.0
85512,1,1,99,2,1,50.0,0,I,MELB_URBAN,ROAD,11,12.0
85513,6,1,174,1,1,60.0,0,I,MELB_URBAN,ROAD,11,17.0
85514,1,7,99,5,1,80.0,0,N,RURAL_VICTORIA,ROAD,11,12.0
85515,1,2,130,5,1,60.0,0,N,MELB_URBAN,STREET,11,10.0
85516,1,1,113,2,1,60.0,0,I,MELB_URBAN,DRIVE,11,11.0
85517,6,2,170,5,1,100.0,0,N,RURAL_VICTORIA,ROAD,11,9.0
85518,1,2,132,5,1,60.0,0,N,MELB_URBAN,ROAD,11,13.0
85519,4,1,181,5,5,80.0,0,N,RURAL_VICTORIA,ROAD,11,4.0
85520,2,2,100,1,1,50.0,0,I,MELB_URBAN,STREET,11,11.0
85521,1,2,130,5,1,50.0,0,N,SMALL_CITIES,STREET,11,14.0
85522,1,3,130,5,1,40.0,0,N,MELBOURNE_CBD,STREET,8,15.0
85523,1,2,110,1,1,60.0,0,I,MELB_URBAN,ROAD,11,12.0
85524,8,2,184,4,1,40.0,0,I,RURAL_VICTORIA,RAMP,11,7.0
85525,2,2,102,5,1,40.0,1,N,MELB_URBAN,ROAD,11,17.0
85526,1,7,121,2,1,70.0,0,I,MELB_URBAN,ROAD,11,13.0
85527,2,2,99,5,1,60.0,0,N,LARGE_PROVINCIAL_CITIES,STREET,11,16.0
85528,4,2,173,2,1,50.0,0,I,MELB_URBAN,ROAD,11,16.0
85529,1,2,130,5,1,100.0,0,N,RURAL_VICTORIA,ROAD,11,17.0
85530,1,2,99,2,1,60.0,0,I,MELB_URBAN,ROAD,11,15.0
85531,4,2,171,5,1,100.0,0,N,RURAL_VICTORIA,ROAD,11,15.0
85532,1,2,99,5,1,40.0,0,N,MELB_URBAN,AVENUE,11,18.0
85533,1,2,121,5,1,80.0,0,N,RURAL_VICTORIA,ROAD,11,17.0
85534,1,2,121,2,1,60.0,0,N,MELB_URBAN,HIGHWAY,11,14.0
85535,1,2,111,1,1,70.0,0,I,LARGE_PROVINCIAL_CITIES,ROAD,11,16.0
85536,1,2,116,2,1,60.0,0,I,MELB_URBAN,ROAD,11,16.0
85537,6,1,170,1,1,60.0,0,N,LARGE_PROVINCIAL_CITIES,ROAD,11,17.0
85538,1,2,121,1,1,60.0,0,I,LARGE_PROVINCIAL_CITIES,STREET,11,19.0
85539,1,2,121,1,1,80.0,0,I,MELB_URBAN,ROAD,11,17.0
85540,4,2,181,5,1,100.0,0,N,RURAL_VICTORIA,ROAD,11,17.0
85541,1,2,99,2,3,60.0,0,N,MELB_URBAN,ROAD,11,20.0
85542,4,1,181,5,3,60.0,0,N,LARGE_PROVINCIAL_CITIES,ROAD,11,23.0
85543,1,1,121,1,3,60.0,0,I,MELB_URBAN,STREET,11,22.0
85544,1,2,132,5,3,80.0,0,I,RURAL_VICTORIA,ROAD,11,21.0
85545,1,1,130,1,1,60.0,0,I,MELB_URBAN,ROAD,11,9.0
85546,1,1,130,2,1,80.0,0,I,MELB_URBAN,HIGHWAY,11,16.0
85547,1,3,133,4,1,60.0,0,I,MELB_URBAN,STREET,11,8.0
85548,2,3,100,2,1,60.0,0,I,MELB_URBAN,ROAD,11,10.0
85549,1,5,130,2,1,60.0,0,I,MELB_URBAN,ROAD,11,19.0
85550,1,3,132,5,1,60.0,0,N,MELB_URBAN,ROAD,11,7.0
85551,1,3,99,5,9,80.0,0,N,MELB_URBAN,ROAD,10,17.0
85552,5,3,99,5,1,60.0,0,N,MELB_URBAN,ROAD,11,8.0
85553,1,3,132,2,1,50.0,0,I,TOWNS,OTHER,11,13.0
85554,1,3,133,5,1,110.0,0,N,RURAL_VICTORIA,FREEWAY,11,14.0
85555,1,3,99,2,1,80.0,0,I,RURAL_VICTORIA,ROAD,11,13.0
85556,1,2,99,3,1,100.0,0,N,RURAL_VICTORIA,HIGHWAY,11,17.0
85557,1,2,130,2,1,60.0,0,I,SMALL_CITIES,HIGHWAY,11,13.0
85558,1,6,147,5,9,40.0,0,N,MELB_URBAN,ROAD,11,2.0
85559,1,3,120,5,1,100.0,0,N,RURAL_VICTORIA,ROAD,11,14.0
85560,1,7,163,5,9,40.0,0,N,MELB_URBAN,STREET,9,17.0
85561,1,3,120,5,1,80.0,0,N,RURAL_VICTORIA,ROAD,11,15.0
85562,2,3,102,2,1,40.0,0,N,MELB_URBAN,STREET,11,15.0
85563,1,3,111,1,1,50.0,0,I,MELB_URBAN,BOULEVARD,11,13.0
85564,1,3,134,5,1,60.0,0,N,MELB_URBAN,ROAD,11,16.0
85565,2,2,100,1,1,50.0,0,I,LARGE_PROVINCIAL_CITIES,STREET,11,17.0
85566,1,2,116,4,1,60.0,0,I,MELB_URBAN,STREET,11,17.0
85567,1,1,110,1,1,100.0,0,I,RURAL_VICTORIA,ROAD,11,11.0
85568,1,3,99,5,1,50.0,0,N,MELB_URBAN,DRIVE,11,16.0
85569,1,3,120,5,2,100.0,0,N,RURAL_VICTORIA,HIGHWAY,11,16.0
85570,1,3,110,1,1,40.0,0,I,MELB_URBAN,STREET,11,18.0
85571,1,3,110,1,1,50.0,0,I,TOWNS,STREET,11,18.0
85572,1,3,121,2,1,50.0,0,I,MELB_URBAN,STREET,11,17.0
85573,1,3,163,5,1,60.0,0,N,MELB_URBAN,ROAD,11,19.0
85574,1,3,99,2,1,60.0,0,I,LARGE_PROVINCIAL_CITIES,ROAD,11,16.0
85575,1,2,130,5,1,40.0,0,N,SMALL_CITIES,STREET,11,15.0
85576,1,3,130,5,1,60.0,0,N,MELB_URBAN,ROAD,11,16.0
85577,1,3,99,2,1,60.0,0,I,MELB_URBAN,STREET,11,19.0
85578,4,3,183,5,1,100.0,0,N,RURAL_VICTORIA,HIGHWAY,11,18.0
85579,1,3,113,1,3,110.0,0,N,RURAL_VICTORIA,FREEWAY,11,21.0
85580,1,2,132,5,1,70.0,0,N,LARGE_PROVINCIAL_CITIES,HIGHWAY,11,17.0
85581,1,3,121,2,3,80.0,0,N,MELB_URBAN,ROAD,11,3.0
85582,1,4,121,2,1,60.0,0,I,MELB_URBAN,ROAD,11,7.0
85583,1,4,163,5,1,50.0,0,N,MELB_URBAN,STREET,11,6.0
85584,1,2,135,5,9,40.0,0,N,MELB_URBAN,ROAD,11,13.0
85585,6,7,174,5,1,40.0,0,N,MELB_URBAN,STREET,11,15.0
85586,1,3,135,5,1,60.0,0,N,MELB_URBAN,HIGHWAY,11,13.0
85587,1,7,121,2,1,60.0,0,I,MELB_URBAN,PARADE,11,15.0
85588,1,4,110,1,1,60.0,0,I,MELB_URBAN,AVENUE,11,8.0
85589,1,3,113,2,1,80.0,0,I,MELB_URBAN,ROAD,11,7.0
85590,1,4,140,5,1,100.0,0,N,RURAL_VICTORIA,ROAD,11,6.0
85591,8,3,184,5,1,60.0,0,N,RURAL_VICTORIA,ROAD,11,9.0
85592,1,3,121,5,1,60.0,0,N,MELB_URBAN,ROAD,11,18.0
85593,1,4,147,2,1,70.0,0,I,LARGE_PROVINCIAL_CITIES,STREET,11,9.0
85594,4,2,171,5,1,60.0,0,N,MELB_URBAN,ROAD,11,8.0
85595,4,4,171,5,1,100.0,0,N,RURAL_VICTORIA,ROAD,11,11.0
85596,1,2,130,1,1,60.0,0,I,RURAL_VICTORIA,ROAD,11,15.0
85597,1,3,130,5,1,60.0,0,N,MELB_URBAN,ROAD,11,17.0
85598,1,4,110,1,1,80.0,0,I,RURAL_VICTORIA,ROAD,11,12.0
85599,1,4,130,5,1,60.0,0,N,MELB_URBAN,ROAD,11,12.0
85600,2,4,100,5,1,50.0,0,N,MELB_URBAN,DRIVE,11,11.0
85601,1,4,130,5,1,80.0,0,N,MELB_URBAN,FREEWAY,11,8.0
85602,1,4,130,5,1,80.0,0,N,MELB_URBAN,ROAD,11,6.0
85603,1,4,147,5,1,60.0,0,N,MELB_URBAN,ROAD,11,9.0
85604,1,4,110,1,1,50.0,0,I,MELB_URBAN,BOULEVARD,11,13.0
85605,1,3,121,1,1,70.0,0,I,TOWNS,ROAD,11,13.0
85606,1,2,121,1,9,70.0,0,I,MELB_URBAN,OTHER,11,2.0
85607,4,2,99,5,6,60.0,0,N,MELB_URBAN,OTHER,11,21.0
85608,1,3,134,2,1,80.0,0,N,MELB_URBAN,HIGHWAY,11,15.0
85609,1,4,120,2,1,60.0,0,I,RURAL_VICTORIA,ROAD,11,14.0
85610,2,4,102,2,1,60.0,0,N,MELB_URBAN,ROAD,11,16.0