,accident_type,day_of_week,dca_code,road_geometry,light_condition,speed_zone,severity,node_type,deg_urban_name,road_type,month,hour
85611,1,4,99,5,1,60.0,0,N,MELB_URBAN,ROAD,11,17.0
85612,1,4,160,5,1,60.0,0,N,MELB_URBAN,ROAD,11,18.0
85613,1,4,113,2,1,40.0,0,I,MELB_URBAN,ROAD,11,16.0
85614,1,4,130,5,1,70.0,0,N,MELB_URBAN,ROAD,11,19.0
85615,1,4,140,2,1,60.0,0,I,MELB_URBAN,STREET,11,18.0
85616,6,4,184,5,6,80.0,0,N,MELB_URBAN,ROAD,11,21.0
85617,1,4,130,5,3,80.0,0,N,MELB_URBAN,ROAD,11,21.0
85618,4,4,173,5,4,80.0,0,N,LARGE_PROVINCIAL_CITIES,ROAD,11,22.0
85619,8,1,99,5,5,80.0,0,N,RURAL_VICTORIA,ROAD,11,23.0
85620,1,3,147,5,3,70.0,0,N,MELB_URBAN,ROAD,11,21.0
85621,6,4,99,5,5,100.0,0,N,RURAL_VICTORIA,ROAD,11,2.0
85622,1,4,113,2,3,60.0,0,I,MELB_URBAN,ROAD,11,4.0
85623,1,4,121,1,1,60.0,0,I,MELB_URBAN,ROAD,11,6.0
85624,2,5,99,5,1,40.0,0,N,MELB_URBAN,STREET,11,7.0
85625,6,4,99,5,1,50.0,0,N,RURAL_VICTORIA,ROAD,11,15.0
85626,1,4,110,1,1,60.0,0,I,MELB_URBAN,STREET,11,8.0
85627,1,5,99,5,1,70.0,0,N,MELB_URBAN,ROAD,11,10.0
85628,1,4,130,2,1,80.0,0,I,MELB_URBAN,ROAD,11,8.0
85629,1,3,121,1,2,60.0,0,I,MELB_URBAN,ROAD,11,18.0
85630,1,5,130,5,1,100.0,0,I,LARGE_PROVINCIAL_CITIES,ROAD,11,7.0
85631,4,5,173,5,2,100.0,0,N,RURAL_VICTORIA,HIGHWAY,11,7.0
85632,1,3,147,5,1,70.0,0,N,MELB_URBAN,ROAD,11,6.0
85633,1,4,130,2,1,70.0,0,I,MELB_URBAN,STREET,11,10.0
85634,1,4,121,2,1,70.0,0,I,MELB_URBAN,ROAD,11,13.0
85635,1,5,130,5,1,60.0,0,N,SMALL_CITIES,STREET,11,13.0
85636,1,5,130,5,1,60.0,0,N,MELB_URBAN,ROAD,11,7.0
85637,1,5,160,5,1,60.0,0,N,MELB_URBAN,ROAD,11,14.0
85638,1,5,147,2,1,100.0,0,I,RURAL_VICTORIA,ROAD,11,11.0
85639,2,3,102,1,9,40.0,0,I,MELB_URBAN,ROAD,10,11.0
85640,1,4,121,2,1,80.0,0,I,MELB_URBAN,ROAD,11,15.0
85641,2,5,100,5,1,60.0,1,I,MELB_URBAN,ROAD,11,12.0
85642,1,5,147,1,1,60.0,0,I,MELB_URBAN,STREET,11,16.0
85643,6,1,174,5,1,60.0,0,N,RURAL_VICTORIA,ROAD,11,10.0
85644,1,5,113,1,1,60.0,0,I,SMALL_CITIES,STREET,11,16.0
85645,1,5,113,2,1,50.0,0,I,MELB_URBAN,STREET,11,14.0
85646,1,5,111,1,1,100.0,0,I,RURAL_VICTORIA,ROAD,11,17.0
85647,1,5,133,5,1,100.0,0,N,MELB_URBAN,UNKNOWN,11,14.0
85648,1,5,121,1,1,60.0,0,N,MELB_URBAN,ROAD,11,18.0
85649,1,5,130,5,1,80.0,0,N,RURAL_VICTORIA,ROAD,11,15.0
85650,2,4,99,5,2,50.0,0,N,MELB_URBAN,STREET,11,19.0
85651,6,4,99,5,1,100.0,0,N,RURAL_VICTORIA,HIGHWAY,11,17.0
85652,6,5,174,5,3,60.0,0,N,MELB_URBAN,STREET,11,19.0
85653,1,5,113,2,2,50.0,0,I,MELB_URBAN,STREET,11,19.0
85654,1,5,99,5,1,40.0,0,N,MELB_URBAN,ROAD,11,18.0
85655,2,5,100,1,1,60.0,0,I,MELB_URBAN,STREET,11,18.0
85656,2,5,100,5,1,60.0,0,N,MELB_URBAN,ROAD,11,15.0
85657,1,5,160,2,1,50.0,0,I,MELB_URBAN,ROAD,11,18.0
85658,6,4,170,5,1,80.0,0,N,RURAL_VICTORIA,ROAD,11,17.0
85659,8,5,170,5,1,100.0,1,N,RURAL_VICTORIA,ROAD,11,12.0
85660,1,5,99,5,1,60.0,0,N,MELB_URBAN,STREET,11,18.0
85661,1,5,147,5,1,70.0,0,N,LARGE_PROVINCIAL_CITIES,ROAD,11,15.0
85662,1,5,121,2,1,60.0,0,I,MELB_URBAN,STREET,11,15.0
85663,4,5,171,5,5,80.0,0,N,RURAL_VICTORIA,ROAD,11,21.0
85664,1,5,160,5,3,60.0,0,N,MELB_URBAN,ROAD,11,23.0
85665,4,6,171,5,3,60.0,0,N,MELB_URBAN,FREEWAY,11,1.0
85666,1,5,99,4,3,60.0,0,I,MELB_URBAN,RAMP,11,21.0
85667,2,6,99,5,6,70.0,0,N,MELB_URBAN,ROAD,11,2.0
85668,9,4,99,5,3,50.0,0,N,TOWNS,STREET,11,22.0
85669,1,5,120,2,9,60.0,0,I,MELB_URBAN,AVENUE,11,21.0
85670,6,5,99,2,3,60.0,0,I,RURAL_VICTORIA,ROAD,11,1.0
85671,2,4,102,2,1,50.0,0,I,MELB_URBAN,ROAD,11,9.0
85672,1,6,140,5,1,60.0,0,N,MELB_URBAN,ROAD,11,6.0
85673,4,6,181,5,2,60.0,0,N,MELB_URBAN,ROAD,11,5.0
85674,1,6,110,1,1,60.0,0,I,MELB_URBAN,ROAD,11,7.0
85675,1,6,134,5,1,60.0,0,N,MELB_URBAN,HIGHWAY,11,7.0
85676,1,6,121,1,1,80.0,0,I,RURAL_VICTORIA,ROAD,11,8.0
85677,1,6,163,5,1,50.0,0,N,MELB_URBAN,STREET,11,8.0
85678,1,5,130,2,1,60.0,0,N,MELB_URBAN,STREET,11,16.0
85679,8,5,174,5,2,40.0,0,N,MELB_URBAN,ROAD,8,17.0
85680,2,6,102,1,1,80.0,0,I,MELB_URBAN,ROAD,11,8.0
85681,1,6,110,1,1,80.0,0,I,MELB_URBAN,ROAD,11,9.0
85682,1,6,120,5,1,60.0,0,N,MELB_URBAN,ROAD,11,7.0
85683,1,4,99,5,1,60.0,0,N,MELB_URBAN,ROAD,11,16.0
85684,1,6,121,2,9,40.0,0,I,MELB_URBAN,STREET,11,11.0
85685,1,6,163,5,1,50.0,0,N,MELB_URBAN,STREET,11,11.0
85686,1,6,110,4,1,60.0,0,I,LARGE_PROVINCIAL_CITIES,STREET,11,8.0
85687,2,5,100,1,3,50.0,0,I,TOWNS,STREET,11,21.0
85688,1,6,113,2,1,40.0,0,I,MELB_URBAN,STREET,11,12.0
85689,6,6,184,5,1,100.0,0,N,RURAL_VICTORIA,ROAD,11,10.0
85690,1,5,160,2,1,60.0,0,O,MELB_URBAN,UNKNOWN,11,11.0
85691,1,2,130,2,1,70.0,0,I,MELB_URBAN,ROAD,11,16.0
85692,1,5,111,2,1,50.0,0,I,MELB_URBAN,ROAD,11,11.0
85693,1,7,135,5,1,60.0,0,N,LARGE_PROVINCIAL_CITIES,STREET,11,13.0
85694,1,3,110,1,1,50.0,0,I,MELB_URBAN,STREET,11,17.0
85695,1,6,130,2,1,80.0,0,I,TOWNS,HIGHWAY,11,15.0
85696,1,4,110,1,2,60.0,0,I,MELB_URBAN,STREET,11,17.0
85697,1,6,121,5,1,80.0,0,N,MELB_URBAN,ROAD,11,14.0
85698,1,6,121,2,1,60.0,0,I,MELB_URBAN,STREET,11,13.0
85699,4,4,171,5,1,100.0,0,N,RURAL_VICTORIA,ROAD,11,15.0
85700,1,5,121,1,1,60.0,0,I,SMALL_CITIES,STREET,11,15.0
85701,1,6,121,1,1,60.0,0,I,RURAL_VICTORIA,ROAD,11,10.0
85702,1,6,121,5,1,60.0,0,N,SMALL_CITIES,AVENUE,11,16.0
85703,1,6,147,5,1,60.0,0,N,MELB_URBAN,ROAD,11,16.0
85704,1,1,130,2,1,80.0,0,I,MELB_URBAN,ROAD,11,10.0
85705,1,3,130,2,3,60.0,0,I,MELB_URBAN,ROAD,5,19.0
85706,1,6,99,5,1,60.0,0,N,TOWNS,STREET,11,18.0
85707,4,6,183,2,1,60.0,0,I,TOWNS,OTHER,11,18.0
85708,1,6,113,2,1,70.0,1,I,MELB_URBAN,ROAD,11,15.0
85709,2,6,102,2,1,60.0,0,N,MELB_URBAN,ROAD,11,14.0
85710,1,6,99,5,1,50.0,0,N,LARGE_PROVINCIAL_CITIES,OTHER,11,18.0
85711,1,6,160,5,1,50.0,0,N,MELB_URBAN,ROAD,11,15.0
85712,1,6,110,1,1,70.0,0,I,LARGE_PROVINCIAL_CITIES,HIGHWAY,11,18.0
85713,1,6,110,1,2,50.0,0,I,LARGE_PROVINCIAL_CITIES,STREET,11,19.0
85714,1,6,99,1,1,100.0,0,I,RURAL_VICTORIA,ROAD,11,17.0
85715,1,6,130,1,2,40.0,0,I,MELBOURNE_CBD,STREET,11,19.0
85716,4,6,171,5,3,70.0,0,N,MELB_URBAN,ROAD,11,21.0
85717,2,6,100,5,1,60.0,0,N,MELB_URBAN,ROAD,11,15.0
85718,4,6,173,5,1,100.0,0,N,RURAL_VICTORIA,HIGHWAY,11,17.0
85719,6,6,99,5,1,80.0,0,I,LARGE_PROVINCIAL_CITIES,ROAD,11,19.0
85720,4,6,99,5,1,100.0,0,N,RURAL_VICTORIA,HIGHWAY,11,16.0
85721,1,4,130,2,9,80.0,0,N,MELB_URBAN,ROAD,10,17.0
85722,1,6,121,1,1,80.0,0,I,SMALL_CITIES,DRIVE,11,18.0
85723,1,4,116,1,1,50.0,0,I,MELB_URBAN,ROAD,11,11.0
85724,1,6,160,5,3,50.0,0,N,SMALL_CITIES,STREET,11,22.0
85725,2,6,100,5,3,60.0,0,N,MELB_URBAN,ROAD,11,22.0
85726,1,6,110,1,1,70.0,0,I,MELB_URBAN,ROAD,11,18.0
85727,4,6,173,5,5,40.0,0,N,LARGE_PROVINCIAL_CITIES,STREET,11,23.0
85728,1,6,121,1,3,70.0,0,I,MELB_URBAN,HIGHWAY,11,23.0
85729,4,6,171,2,3,50.0,0,I,MELB_URBAN,PARADE,11,2.0
85730,1,6,99,5,3,80.0,0,N,MELB_URBAN,OTHER,11,21.0
85731,4,6,181,1,3,80.0,0,I,MELB_URBAN,HIGHWAY,11,3.0
85732,4,7,183,5,5,100.0,1,N,RURAL_VICTORIA,ROAD,11,2.0
85733,1,5,121,2,3,60.0,0,I,SMALL_CITIES,STREET,11,22.0
85734,2,6,99,5,3,100.0,0,N,MELB_URBAN,FREEWAY,11,4.0
85735,1,6,121,1,3,60.0,0,I,MELB_URBAN,ROAD,11,22.0
85736,1,3,134,5,1,40.0,0,N,MELB_URBAN,ROAD,11,8.0
85737,1,7,121,1,1,60.0,0,I,MELB_URBAN,STREET,11,8.0
85738,1,5,110,1,1,60.0,0,I,MELB_URBAN,BOULEVARD,11,7.0
85739,4,7,173,1,1,100.0,0,I,RURAL_VICTORIA,HIGHWAY,11,10.0
85740,4,7,171,5,1,80.0,0,N,RURAL_VICTORIA,ROAD,11,9.0
85741,1,7,130,2,1,60.0,0,I,LARGE_PROVINCIAL_CITIES,STREET,11,12.0
85742,1,7,130,2,1,70.0,0,I,MELB_URBAN,ROAD,11,11.0
85743,1,7,113,1,1,80.0,0,I,MELB_URBAN,HIGHWAY,11,12.0
85744,8,6,174,2,3,50.0,0,I,MELB_URBAN,STREET,11,22.0
85745,1,7,130,5,1,60.0,0,N,MELB_URBAN,ROAD,11,12.0
85746,4,7,183,2,1,100.0,0,I,RURAL_VICTORIA,ROAD,11,12.0
85747,4,7,183,5,1,60.0,0,N,SMALL_TOWNS,STREET,11,13.0
85748,4,7,183,5,1,100.0,0,N,RURAL_VICTORIA,HIGHWAY,11,12.0
85749,1,7,163,5,1,40.0,0,N,LARGE_PROVINCIAL_CITIES,STREET,11,12.0
85750,1,5,99,5,1,70.0,0,N,MELB_URBAN,OTHER,11,11.0
85751,1,4,163,5,1,60.0,0,N,MELB_URBAN,ROAD,11,17.0
85752,8,7,99,5,1,100.0,0,N,RURAL_VICTORIA,ROAD,11,13.0
85753,1,7,135,5,1,100.0,0,N,MELB_URBAN,FREEWAY,11,15.0
85754,1,6,140,2,1,60.0,0,I,MELB_URBAN,STREET,11,16.0
85755,1,7,120,5,1,100.0,1,N,RURAL_VICTORIA,HIGHWAY,11,9.0
85756,7,6,99,5,9,70.0,0,N,MELB_URBAN,STREET,11,18.0
85757,1,7,121,1,1,60.0,0,I,SMALL_CITIES,STREET,11,15.0
85758,1,7,147,5,1,60.0,0,N,MELB_URBAN,ROAD,11,14.0
85759,4,7,181,5,1,80.0,0,N,MELB_URBAN,HIGHWAY,11,17.0
85760,1,7,160,5,1,50.0,0,N,MELB_URBAN,AVENUE,11,15.0
85761,2,7,99,5,1,60.0,0,N,MELB_URBAN,STREET,11,19.0
85762,4,7,183,5,1,100.0,0,N,RURAL_VICTORIA,ROAD,11,18.0
85763,1,7,130,5,1,70.0,0,I,MELB_URBAN,ROAD,11,19.0
85764,1,7,99,2,1,60.0,0,N,MELB_URBAN,AVENUE,11,9.0
85765,4,7,183,5,5,50.0,0,N,MELB_URBAN,OTHER,11,21.0
85766,6,6,99,5,1,100.0,0,N,RURAL_VICTORIA,HIGHWAY,11,18.0
85767,8,6,174,2,3,40.0,0,N,MELB_URBAN,ROAD,11,23.0
85768,1,7,113,2,3,60.0,0,I,MELB_URBAN,STREET,11,22.0
85769,7,6,99,5,3,60.0,0,N,MELB_URBAN,ROAD,11,22.0
85770,4,0,173,5,3,80.0,0,N,MELB_URBAN,ROAD,11,0.0
85771,1,7,134,5,3,70.0,0,N,LARGE_PROVINCIAL_CITIES,STREET,11,0.0
85772,1,7,121,1,1,60.0,0,I,LARGE_PROVINCIAL_CITIES,AVENUE,11,12.0
85773,4,1,183,5,1,50.0,0,N,SMALL_CITIES,DRIVE,11,7.0
85774,1,6,133,5,1,60.0,0,I,MELB_URBAN,ROAD,11,15.0
85775,4,7,99,2,1,50.0,0,I,MELB_URBAN,ROAD,11,17.0
85776,6,5,174,5,9,60.0,0,N,RURAL_VICTORIA,ROAD,11,17.0
85777,2,1,99,5,5,80.0,1,N,RURAL_VICTORIA,ROAD,11,1.0
85778,1,1,160,5,1,50.0,0,N,MELB_URBAN,OTHER,11,12.0
85779,8,6,174,5,1,100.0,0,N,RURAL_VICTORIA,ROAD,10,15.0
85780,1,1,130,2,1,80.0,0,I,MELB_URBAN,HIGHWAY,11,13.0
85781,1,1,120,5,1,50.0,0,N,MELB_URBAN,STREET,11,12.0
85782,4,7,171,5,1,50.0,0,N,MELB_URBAN,STREET,11,18.0
85783,1,1,120,5,1,50.0,0,N,MELB_URBAN,STREET,11,19.0
85784,4,6,173,5,1,80.0,0,N,TOWNS,ROAD,11,18.0
85785,1,0,147,2,1,60.0,0,N,LARGE_PROVINCIAL_CITIES,STREET,11,12.0
85786,1,7,121,2,3,80.0,0,I,MELB_URBAN,ROAD,11,20.0
85787,4,7,173,5,3,60.0,0,N,MELB_URBAN,STREET,11,23.0
85788,4,1,171,5,1,110.0,0,N,SMALL_CITIES,FREEWAY,11,15.0
85789,1,6,110,1,1,40.0,0,I,TOWNS,STREET,11,8.0
85790,1,1,130,5,1,80.0,0,N,TOWNS,ROAD,11,16.0
85791,1,1,120,5,1,60.0,0,N,MELB_URBAN,ROAD,11,14.0
85792,2,1,99,5,1,50.0,0,N,MELB_URBAN,AVENUE,11,18.0
85793,1,5,121,2,1,60.0,0,I,MELB_URBAN,ROAD,11,16.0
85794,1,1,160,5,3,50.0,0,N,MELB_URBAN,STREET,11,20.0
85795,1,0,130,1,1,60.0,0,I,MELB_URBAN,ROAD,11,16.0
85796,1,1,99,5,1,100.0,0,N,RURAL_VICTORIA,ROAD,11,16.0
85797,2,1,100,5,3,50.0,0,N,MELB_URBAN,STREET,11,21.0
85798,4,2,173,5,5,100.0,0,N,RURAL_VICTORIA,ROAD,11,5.0
85799,2,4,102,5,3,60.0,0,N,MELB_URBAN,ROAD,11,22.0
85800,1,1,130,5,1,60.0,0,N,MELB_URBAN,ROAD,11,8.0
85801,1,6,121,2,1,80.0,0,I,MELB_URBAN,ROAD,11,17.0
85802,6,5,184,5,1,60.0,0,N,RURAL_VICTORIA,OTHER,11,17.0
85803,1,2,110,1,1,50.0,0,I,MELB_URBAN,STREET,11,8.0
85804,1,2,99,5,1,70.0,0,N,MELB_URBAN,ROAD,11,10.0
85805,1,2,132,5,1,60.0,0,N,MELB_URBAN,ROAD,11,10.0
85806,1,6,135,5,1,100.0,0,N,MELB_URBAN,UNKNOWN,11,16.0
85807,1,2,130,5,1,50.0,0,N,MELB_URBAN,ROAD,11,10.0
85808,4,2,181,5,1,50.0,0,N,MELB_URBAN,ROAD,11,10.0
85809,1,2,130,5,1,70.0,0,N,LARGE_PROVINCIAL_CITIES,HIGHWAY,11,12.0
85810,1,5,130,5,3,60.0,0,N,MELB_URBAN,FREEWAY,11,21.0
85811,4,2,181,2,1,100.0,0,I,RURAL_VICTORIA,ROAD,11,8.0
85812,1,1,130,5,1,100.0,0,N,MELB_URBAN,UNKNOWN,11,8.0
85813,4,2,183,5,1,70.0,0,N,RURAL_VICTORIA,ROAD,11,8.0
85814,4,1,171,4,1,60.0,0,N,SMALL_CITIES,ROAD,11,8.0
85815,4,2,183,5,1,100.0,0,N,RURAL_VICTORIA,OTHER,11,11.0
85816,1,2,121,4,1,60.0,0,I,MELB_URBAN,HIGHWAY,11,14.0
85817,4,4,173,5,2,100.0,0,N,RURAL_VICTORIA,ROAD,11,5.0
85818,4,2,171,2,1,60.0,0,I,RURAL_VICTORIA,ROAD,11,7.0
85819,1,7,130,5,1,60.0,0,N,MELB_URBAN,ROAD,11,17.0
85820,1,6,130,1,1,60.0,0,I,MELB_URBAN,STREET,11,13.0
85821,1,2,130,2,1,100.0,0,I,RURAL_VICTORIA,HIGHWAY,11,15.0
85822,4,2,99,2,1,70.0,0,N,MELB_URBAN,STREET,11,15.0
85823,4,1,99,5,1,60.0,0,N,MELB_URBAN,ROAD,11,16.0
85824,1,2,130,5,1,60.0,0,N,MELB_URBAN,ROAD,11,17.0
85825,1,2,130,5,1,100.0,0,N,RURAL_VICTORIA,ROAD,11,15.0
85826,8,2,99,5,1,50.0,0,N,SMALL_CITIES,OTHER,11,15.0
85827,1,1,121,2,1,60.0,0,I,MELB_URBAN,HIGHWAY,11,17.0
85828,1,1,130,5,1,80.0,0,N,MELB_URBAN,ROAD,11,17.0
85829,1,2,120,2,1,60.0,0,I,MELB_URBAN,ROAD,11,17.0
85830,1,2,99,4,1,110.0,0,N,RURAL_VICTORIA,ROAD,11,16.0
85831,4,2,173,5,1,80.0,0,N,MELB_URBAN,ROAD,11,16.0
85832,1,1,99,5,1,60.0,0,N,MELB_URBAN,ROAD,11,17.0
85833,4,1,173,5,1,60.0,0,N,LARGE_PROVINCIAL_CITIES,STREET,11,18.0
85834,2,3,99,5,3,60.0,0,N,MELB_URBAN,STREET,11,21.0
85835,1,0,140,5,1,60.0,0,N,MELB_URBAN,PARADE,11,10.0
85836,4,2,171,5,1,60.0,0,N,MELB_URBAN,STREET,11,18.0
85837,2,2,102,9,3,60.0,0,N,MELB_URBAN,ROAD,11,20.0
85838,1,1,121,1,2,60.0,0,I,MELB_URBAN,STREET,11,5.0
85839,1,2,113,2,1,100.0,0,N,RURAL_VICTORIA,ROAD,11,15.0
85840,1,2,113,2,3,50.0,0,I,MELB_URBAN,STREET,11,3.0
85841,6,2,99,5,5,60.0,0,N,MELB_URBAN,UNKNOWN,11,1.0
85842,1,2,160,5,3,60.0,0,N,MELB_URBAN,STREET,11,1.0
85843,4,3,99,2,5,80.0,0,I,RURAL_VICTORIA,OTHER,11,5.0
85844,1,2,99,5,1,100.0,0,N,RURAL_VICTORIA,ROAD,11,6.0
85845,1,3,111,2,1,40.0,0,I,MELB_URBAN,STREET,11,8.0
85846,1,3,130,1,1,60.0,0,I,MELB_URBAN,HIGHWAY,11,7.0
85847,4,2,173,1,1,60.0,0,N,MELB_URBAN,ROAD,11,6.0
85848,1,3,135,5,1,100.0,0,N,MELB_URBAN,FREEWAY,11,7.0
85849,1,7,113,2,1,70.0,0,I,MELB_URBAN,HIGHWAY,11,12.0
85850,2,3,100,5,1,60.0,0,N,MELB_URBAN,ROAD,11,9.0
85851,1,2,130,1,1,70.0,0,I,MELB_URBAN,ROAD,11,9.0
85852,8,7,99,1,1,80.0,0,I,RURAL_VICTORIA,OTHER,10,10.0
85853,1,5,130,5,1,80.0,0,N,MELB_URBAN,ROAD,11,11.0
85854,1,1,130,5,1,50.0,0,N,MELB_URBAN,ROAD,11,12.0
85855,1,2,130,5,1,100.0,0,N,MELB_URBAN,FREEWAY,11,8.0
85856,1,3,130,5,1,100.0,0,N,MELB_URBAN,ROAD,11,8.0
85857,2,3,99,2,1,60.0,0,N,MELB_URBAN,ROAD,11,8.0
85858,1,6,99,5,5,60.0,0,N,RURAL_VICTORIA,UNKNOWN,9,20.0
85859,2,3,99,5,1,50.0,0,N,MELB_URBAN,OTHER,11,11.0
85860,1,3,132,2,1,50.0,0,I,SMALL_CITIES,PARADE,11,10.0
85861,8,7,174,5,1,60.0,0,N,RURAL_VICTORIA,ROAD,11,11.0
85862,1,3,111,4,1,60.0,0,N,MELB_URBAN,RAMP,11,9.0
85863,1,3,120,1,1,70.0,0,I,MELB_URBAN,ROAD,11,7.0
85864,1,3,140,5,1,60.0,0,N,MELB_URBAN,STREET,11,11.0
85865,1,3,130,5,1,80.0,0,N,MELB_URBAN,HIGHWAY,11,10.0
85866,1,3,121,2,1,60.0,0,I,MELB_URBAN,ROAD,11,12.0
85867,1,6,130,5,1,100.0,0,N,MELB_URBAN,ROAD,11,8.0
85868,1,3,121,1,1,80.0,0,I,MELB_URBAN,ROAD,11,11.0
85869,1,3,130,5,1,40.0,0,N,MELB_URBAN,AVENUE,11,8.0
85870,6,2,99,5,1,80.0,0,N,RURAL_VICTORIA,ROAD,11,16.0
85871,1,1,130,2,1,60.0,0,I,MELB_URBAN,DRIVE,11,18.0
85872,1,1,99,2,9,60.0,0,I,MELB_URBAN,PARADE,11,8.0
85873,4,3,181,5,1,100.0,0,N,RURAL_VICTORIA,ROAD,11,13.0
85874,4,3,171,5,1,40.0,0,N,SMALL_CITIES,DRIVE,11,14.0
85875,2,0,100,1,6,60.0,0,I,MELB_URBAN,STREET,11,0.0
85876,1,3,121,2,1,60.0,0,I,MELB_URBAN,ROAD,11,16.0
85877,1,2,120,5,1,60.0,0,N,MELB_URBAN,ROAD,11,18.0
85878,6,3,174,2,1,60.0,0,I,MELB_URBAN,OTHER,11,13.0
85879,2,3,100,5,1,80.0,0,N,MELB_URBAN,ROAD,11,16.0
85880,1,3,110,1,1,80.0,0,I,MELB_URBAN,ROAD,11,16.0
85881,1,2,140,5,1,60.0,0,N,MELB_URBAN,ROAD,11,17.0
85882,2,3,100,1,1,40.0,0,I,MELBOURNE_CBD,STREET,11,16.0
85883,1,3,110,1,1,60.0,0,I,MELB_URBAN,BOULEVARD,11,16.0
85884,1,3,99,5,1,60.0,0,N,MELB_URBAN,ROAD,11,16.0
85885,8,3,174,1,1,50.0,0,I,LARGE_PROVINCIAL_CITIES,STREET,11,18.0
85886,1,5,133,5,2,60.0,0,N,MELB_URBAN,ROAD,11,19.0
85887,1,3,113,2,1,60.0,0,I,MELB_URBAN,ROAD,11,16.0
85888,2,3,99,5,1,40.0,0,N,LARGE_PROVINCIAL_CITIES,STREET,11,14.0
85889,1,5,130,5,1,60.0,0,N,MELB_URBAN,PARADE,11,17.0
85890,2,3,99,5,3,40.0,0,N,MELB_URBAN,DRIVE,11,20.0
85891,5,3,99,5,5,60.0,0,N,RURAL_VICTORIA,ROAD,11,5.0
85892,1,5,130,1,1,60.0,0,I,LARGE_PROVINCIAL_CITIES,STREET,11,16.0
85893,4,4,171,5,5,60.0,0,N,RURAL_VICTORIA,ROAD,11,0.0
85894,4,2,183,5,3,60.0,0,N,LARGE_PROVINCIAL_CITIES,ROAD,11,3.0
85895,1,4,99,2,2,80.0,0,I,MELB_URBAN,ROAD,11,6.0
85896,1,1,140,5,1,60.0,0,N,MELB_URBAN,ROAD,11,13.0
85897,1,3,121,2,1,60.0,0,I,MELB_URBAN,DRIVE,11,17.0
85898,3,4,167,5,2,60.0,0,N,RURAL_VICTORIA,DRIVE,11,5.0
85899,4,4,173,1,3,80.0,0,I,MELB_URBAN,ROAD,11,3.0
85900,1,2,133,5,1,80.0,0,N,MELB_URBAN,UNKNOWN,11,9.0
85901,1,4,130,5,1,80.0,0,N,MELB_URBAN,ROAD,11,7.0
85902,4,5,173,5,5,90.0,0,N,MELB_URBAN,ROAD,9,22.0
85903,1,4,110,1,1,40.0,0,I,MELB_URBAN,STREET,11,7.0
85904,1,4,113,1,1,50.0,0,I,SMALL_CITIES,UNKNOWN,11,7.0
85905,1,5,160,5,1,60.0,0,N,SMALL_CITIES,ROAD,11,15.0
85906,8,4,174,2,1,40.0,0,I,MELB_URBAN,STREET,11,9.0
85907,1,3,110,1,1,60.0,0,I,LARGE_PROVINCIAL_CITIES,STREET,11,9.0
85908,1,4,130,2,1,60.0,0,N,MELB_URBAN,ROAD,11,7.0
85909,1,4,147,5,1,60.0,0,N,MELB_URBAN,ROAD,11,10.0
85910,1,4,163,5,1,40.0,0,N,MELBOURNE_CBD,STREET,11,8.0
85911,4,4,171,5,1,60.0,0,N,MELB_URBAN,ROAD,11,9.0
85912,1,4,134,5,1,100.0,0,N,MELB_URBAN,FREEWAY,11,7.0
85913,1,3,121,2,1,70.0,0,I,MELB_URBAN,ROAD,11,7.0
85914,1,3,147,5,1,60.0,0,N,MELB_URBAN,ROAD,11,8.0
85915,1,4,130,5,1,70.0,0,N,MELB_URBAN,HIGHWAY,11,7.0
85916,1,2,121,1,1,60.0,0,I,MELB_URBAN,STREET,11,18.0
85917,6,4,170,1,1,40.0,0,I,LARGE_PROVINCIAL_CITIES,STREET,11,12.0
85918,1,4,110,1,1,60.0,0,I,SMALL_CITIES,ROAD,11,12.0
85919,1,4,110,1,1,100.0,0,I,RURAL_VICTORIA,ROAD,11,12.0
85920,2,2,102,2,1,60.0,0,I,MELB_URBAN,HIGHWAY,11,6.0
85921,1,4,121,1,1,60.0,0,I,RURAL_VICTORIA,HIGHWAY,11,13.0
85922,1,4,113,2,1,60.0,0,I,MELB_URBAN,ROAD,11,13.0
85923,8,7,184,5,1,100.0,0,N,RURAL_VICTORIA,ROAD,9,16.0
85924,4,4,183,5,1,80.0,0,N,RURAL_VICTORIA,ROAD,11,12.0
85925,2,4,99,5,1,60.0,0,N,MELB_URBAN,OTHER,11,11.0
85926,1,4,99,2,1,60.0,0,I,SMALL_CITIES,ROAD,11,11.0
85927,1,4,120,2,1,60.0,0,I,MELB_URBAN,ROAD,11,15.0
85928,2,4,100,1,1,40.0,0,I,MELB_URBAN,ROAD,11,15.0
85929,1,4,99,5,1,50.0,0,N,MELB_URBAN,AVENUE,11,15.0
85930,6,4,99,4,1,100.0,0,N,RURAL_VICTORIA,ROAD,11,16.0
85931,1,4,130,5,1,50.0,0,N,MELB_URBAN,DRIVE,11,16.0
85932,1,4,160,5,1,80.0,0,I,RURAL_VICTORIA,FREEWAY,11,15.0
85933,4,4,171,5,1,90.0,0,N,RURAL_VICTORIA,ROAD,11,16.0
85934,1,4,110,1,1,50.0,0,I,MELB_URBAN,STREET,11,14.0
85935,1,4,99,1,1,80.0,0,I,MELB_URBAN,ROAD,11,17.0
85936,1,4,110,1,1,80.0,0,I,RURAL_VICTORIA,ROAD,11,19.0