,accident_type,day_of_week,dca_code,road_geometry,light_condition,speed_zone,severity,node_type,deg_urban_name,road_type,month,hour
85937,1,3,130,5,1,40.0,0,N,MELBOURNE_CBD,STREET,11,15.0
85938,4,3,171,5,1,50.0,0,N,MELB_URBAN,DRIVE,11,15.0
85939,2,3,100,1,1,60.0,0,I,MELB_URBAN,OTHER,11,12.0
85940,1,3,116,2,2,80.0,0,I,MELB_URBAN,HIGHWAY,11,5.0
85941,1,4,120,5,1,100.0,1,N,RURAL_VICTORIA,ROAD,11,14.0
85942,1,4,120,5,1,100.0,1,N,RURAL_VICTORIA,HIGHWAY,11,19.0
85943,1,4,147,2,3,80.0,0,I,MELB_URBAN,ROAD,11,22.0
85944,1,5,113,2,1,80.0,0,N,RURAL_VICTORIA,HIGHWAY,11,6.0
85945,1,7,130,1,1,60.0,0,I,MELB_URBAN,BOULEVARD,11,11.0
85946,1,1,130,5,1,110.0,0,N,RURAL_VICTORIA,HIGHWAY,11,14.0
85947,1,5,110,1,1,60.0,0,I,MELB_URBAN,HIGHWAY,11,7.0
85948,1,5,130,5,1,100.0,0,N,MELB_URBAN,ROAD,11,7.0
85949,1,5,110,1,1,100.0,0,I,RURAL_VICTORIA,ROAD,11,8.0
85950,8,1,184,5,1,60.0,0,N,RURAL_VICTORIA,ROAD,10,13.0
85951,6,5,174,5,1,50.0,0,N,MELB_URBAN,STREET,11,7.0
85952,1,5,113,1,1,50.0,0,I,MELB_URBAN,DRIVE,11,8.0
85953,8,5,174,5,1,60.0,0,N,RURAL_VICTORIA,ROAD,10,17.0
85954,1,5,110,1,1,50.0,0,I,LARGE_PROVINCIAL_CITIES,STREET,11,8.0
85955,8,5,99,5,1,70.0,0,N,RURAL_VICTORIA,ROAD,11,9.0
85956,1,4,130,2,1,60.0,0,I,MELB_URBAN,ROAD,11,12.0
85957,1,5,99,5,1,50.0,0,N,MELB_URBAN,ROAD,11,9.0
85958,8,5,184,5,1,80.0,0,N,RURAL_VICTORIA,HIGHWAY,11,14.0
85959,1,5,99,5,1,100.0,0,N,RURAL_VICTORIA,HIGHWAY,11,16.0
85960,1,5,134,1,1,60.0,0,I,MELB_URBAN,STREET,11,14.0
85961,6,4,174,2,1,100.0,0,I,RURAL_VICTORIA,HIGHWAY,11,16.0
85962,1,5,130,5,1,70.0,0,N,MELB_URBAN,ROAD,11,15.0
85963,1,5,113,1,1,100.0,0,I,RURAL_VICTORIA,HIGHWAY,11,18.0
85964,2,5,100,1,1,50.0,0,I,MELB_URBAN,STREET,11,11.0
85965,1,1,130,5,1,80.0,0,N,MELB_URBAN,HIGHWAY,11,15.0
85966,4,5,183,5,1,110.0,0,N,RURAL_VICTORIA,FREEWAY,11,18.0
85967,1,4,130,5,1,60.0,0,N,SMALL_CITIES,STREET,11,15.0
85968,2,5,100,5,1,60.0,0,N,TOWNS,ROAD,11,15.0
85969,1,5,111,1,3,50.0,0,I,LARGE_PROVINCIAL_CITIES,STREET,11,21.0
85970,1,5,121,2,3,60.0,0,I,MELB_URBAN,STREET,11,21.0
85971,1,6,160,5,3,60.0,0,N,MELB_URBAN,ROAD,12,0.0
85972,1,6,160,5,5,40.0,0,N,MELB_URBAN,ROAD,12,3.0
85973,1,6,121,1,3,60.0,0,I,MELB_URBAN,ROAD,12,5.0
85974,1,2,130,1,1,80.0,0,I,RURAL_VICTORIA,ROAD,11,18.0
85975,1,3,130,5,1,80.0,0,N,MELB_URBAN,HIGHWAY,11,18.0
85976,1,5,121,2,1,80.0,0,I,MELB_URBAN,HIGHWAY,12,7.0
85977,1,7,99,5,9,100.0,0,N,MELB_URBAN,RAMP,11,10.0
85978,8,6,99,2,1,60.0,0,I,MELB_URBAN,STREET,12,8.0
85979,6,5,170,5,5,100.0,0,N,RURAL_VICTORIA,ROAD,11,21.0
85980,6,6,99,5,1,100.0,0,N,RURAL_VICTORIA,ROAD,12,7.0
85981,1,6,120,2,1,60.0,0,I,MELB_URBAN,PARADE,12,9.0
85982,4,2,173,5,1,100.0,0,N,RURAL_VICTORIA,ROAD,11,7.0
85983,1,6,110,1,1,60.0,0,I,SMALL_CITIES,ROAD,12,9.0
85984,4,6,171,1,1,60.0,0,I,MELB_URBAN,ROAD,12,9.0
85985,1,6,120,5,1,100.0,0,N,RURAL_VICTORIA,ROAD,12,7.0
85986,1,5,130,5,1,80.0,0,N,MELB_URBAN,RAMP,11,8.0
85987,1,6,99,1,1,80.0,0,I,RURAL_VICTORIA,ROAD,12,10.0
85988,1,5,121,2,1,50.0,0,N,MELB_URBAN,STREET,12,11.0
85989,1,6,110,1,1,40.0,0,I,MELB_URBAN,STREET,12,11.0
85990,2,6,100,1,1,60.0,0,I,MELB_URBAN,ROAD,12,9.0
85991,1,6,121,2,1,60.0,0,I,MELB_URBAN,BOULEVARD,12,12.0
85992,1,6,120,2,1,50.0,0,N,MELB_URBAN,ROAD,12,11.0
85993,4,6,171,5,1,100.0,0,N,RURAL_VICTORIA,ROAD,12,10.0
85994,4,6,171,5,1,70.0,0,N,MELB_URBAN,ROAD,12,10.0
85995,1,5,99,2,1,60.0,0,I,RURAL_VICTORIA,HIGHWAY,11,18.0
85996,1,6,130,5,1,60.0,0,N,MELB_URBAN,AVENUE,12,8.0
85997,1,6,160,2,1,60.0,0,I,MELB_URBAN,OTHER,12,12.0
85998,1,6,160,5,1,50.0,0,N,MELB_URBAN,STREET,12,13.0
85999,1,6,99,1,1,40.0,0,I,MELB_URBAN,PARADE,12,14.0
86000,1,5,113,2,1,60.0,0,I,MELB_URBAN,AVENUE,11,15.0
86001,4,6,181,5,1,100.0,0,N,RURAL_VICTORIA,ROAD,12,13.0
86002,1,5,121,1,1,50.0,0,I,SMALL_CITIES,ROAD,12,14.0
86003,1,4,99,5,1,60.0,0,N,MELB_URBAN,PARADE,11,19.0
86004,1,6,120,5,1,60.0,0,N,MELB_URBAN,ROAD,12,14.0
86005,4,6,181,5,1,100.0,0,N,RURAL_VICTORIA,ROAD,12,15.0
86006,1,5,111,2,9,60.0,0,I,MELB_URBAN,ROAD,11,15.0
86007,4,6,171,5,1,80.0,0,N,MELB_URBAN,HIGHWAY,12,14.0
86008,4,6,171,5,1,80.0,0,N,MELB_URBAN,ROAD,12,10.0
86009,2,5,99,1,1,50.0,0,I,TOWNS,STREET,12,15.0
86010,1,6,135,5,1,80.0,0,N,MELB_URBAN,ROAD,12,16.0
86011,1,6,120,5,1,80.0,0,N,RURAL_VICTORIA,ROAD,12,15.0
86012,4,6,183,5,1,100.0,0,N,RURAL_VICTORIA,HIGHWAY,12,14.0
86013,1,6,113,2,3,50.0,0,I,MELB_URBAN,STREET,12,18.0
86014,4,6,173,5,1,50.0,0,N,MELB_URBAN,PARADE,12,17.0
86015,1,5,99,5,1,70.0,0,N,MELB_URBAN,ROAD,12,15.0
86016,1,6,160,5,1,50.0,0,N,MELB_URBAN,STREET,12,16.0
86017,1,5,99,5,1,60.0,0,N,MELB_URBAN,ROAD,11,17.0
86018,2,6,99,5,1,40.0,0,N,MELB_URBAN,ROAD,12,19.0
86019,1,5,111,2,5,60.0,0,I,LARGE_PROVINCIAL_CITIES,STREET,11,22.0
86020,1,6,140,2,1,60.0,0,I,MELB_URBAN,STREET,12,15.0
86021,4,6,183,5,2,60.0,0,N,MELB_URBAN,DRIVE,12,19.0
86022,1,6,99,2,2,60.0,0,I,MELB_URBAN,ROAD,12,20.0
86023,4,6,181,5,5,100.0,0,N,RURAL_VICTORIA,ROAD,12,22.0
86024,1,7,121,4,3,60.0,0,I,MELB_URBAN,ROAD,12,1.0
86025,2,7,100,1,3,60.0,0,I,MELB_URBAN,STREET,12,0.0
86026,4,7,173,5,3,60.0,0,N,RURAL_VICTORIA,ROAD,12,1.0
86027,4,7,173,1,3,80.0,0,I,MELB_URBAN,RAMP,12,2.0
86028,4,7,171,5,3,80.0,0,N,MELB_URBAN,ROAD,12,5.0
86029,4,7,171,5,5,100.0,0,N,RURAL_VICTORIA,ROAD,12,5.0
86030,1,7,134,5,1,100.0,0,N,MELB_URBAN,ROAD,12,7.0
86031,4,7,181,2,1,80.0,0,N,MELB_URBAN,HIGHWAY,12,6.0
86032,2,7,100,2,1,60.0,0,I,MELB_URBAN,ROAD,12,8.0
86033,1,7,134,5,1,100.0,0,N,MELB_URBAN,ROAD,12,9.0
86034,2,7,100,5,1,50.0,0,N,TOWNS,STREET,12,10.0
86035,4,6,183,5,1,60.0,0,N,MELB_URBAN,ROAD,12,9.0
86036,1,7,160,5,1,100.0,0,N,MELB_URBAN,FREEWAY,12,9.0
86037,1,6,140,5,1,60.0,0,N,MELB_URBAN,STREET,12,11.0
86038,1,7,130,5,1,80.0,0,N,MELB_URBAN,ROAD,12,10.0
86039,1,7,99,2,1,60.0,0,I,TOWNS,AVENUE,12,7.0
86040,1,7,133,5,1,80.0,0,N,MELB_URBAN,RAMP,12,13.0
86041,1,7,120,2,1,60.0,0,I,MELB_URBAN,STREET,12,12.0
86042,1,7,120,5,2,80.0,0,N,RURAL_VICTORIA,HIGHWAY,12,5.0
86043,1,7,147,5,1,70.0,0,N,MELB_URBAN,ROAD,12,12.0
86044,8,7,174,1,1,60.0,0,I,MELB_URBAN,ROAD,12,16.0
86045,1,7,130,5,1,80.0,0,N,MELB_URBAN,ROAD,12,15.0
86046,4,7,183,2,1,60.0,0,I,RURAL_VICTORIA,ROAD,12,16.0
86047,1,6,130,2,1,70.0,0,I,MELB_URBAN,ROAD,12,14.0
86048,6,7,99,5,1,100.0,0,N,RURAL_VICTORIA,ROAD,12,16.0
86049,5,7,99,5,1,60.0,0,N,MELB_URBAN,STREET,12,18.0
86050,4,7,183,5,1,100.0,0,N,RURAL_VICTORIA,HIGHWAY,12,17.0
86051,4,7,173,5,1,100.0,0,N,RURAL_VICTORIA,HIGHWAY,12,17.0
86052,1,7,99,2,1,60.0,0,I,MELB_URBAN,STREET,12,18.0
86053,1,7,130,5,1,60.0,0,N,MELB_URBAN,ROAD,12,10.0
86054,1,7,121,2,1,80.0,0,I,MELB_URBAN,ROAD,12,17.0
86055,1,7,110,1,3,50.0,0,I,MELB_URBAN,STREET,12,19.0
86056,1,7,99,2,2,60.0,0,I,MELB_URBAN,ROAD,12,17.0
86057,4,6,171,5,2,60.0,0,N,MELB_URBAN,AVENUE,12,19.0
86058,6,7,99,5,5,100.0,0,N,RURAL_VICTORIA,ROAD,12,19.0
86059,1,7,110,1,3,60.0,0,I,TOWNS,STREET,12,22.0
86060,2,7,100,5,3,40.0,0,N,MELBOURNE_CBD,STREET,12,22.0
86061,4,7,183,5,1,100.0,0,N,RURAL_VICTORIA,ROAD,12,16.0
86062,4,7,171,2,3,60.0,0,N,MELB_URBAN,HIGHWAY,12,1.0
86063,1,4,110,1,1,60.0,0,I,SMALL_CITIES,ROAD,11,8.0
86064,2,6,100,5,3,50.0,0,N,LARGE_PROVINCIAL_CITIES,ROAD,12,22.0
86065,1,6,130,5,3,80.0,0,N,MELB_URBAN,ROAD,12,23.0
86066,2,0,102,1,3,70.0,0,I,MELB_URBAN,ROAD,12,2.0
86067,4,1,171,2,3,60.0,0,I,MELB_URBAN,ROAD,12,0.0
86068,1,7,132,1,2,60.0,0,I,MELB_URBAN,ROAD,11,18.0
86069,4,1,171,5,3,60.0,0,N,MELB_URBAN,HIGHWAY,12,2.0
86070,4,1,171,5,2,80.0,0,N,MELB_URBAN,ROAD,12,5.0
86071,1,0,121,1,1,60.0,0,I,MELB_URBAN,ROAD,12,7.0
86072,4,1,171,5,1,80.0,0,N,MELB_URBAN,HIGHWAY,12,6.0
86073,2,5,102,2,1,40.0,0,I,MELBOURNE_CBD,OTHER,11,15.0
86074,4,1,183,5,1,100.0,0,N,RURAL_VICTORIA,HIGHWAY,12,12.0
86075,4,1,181,5,1,80.0,0,N,RURAL_VICTORIA,ROAD,12,12.0
86076,4,1,171,2,1,40.0,0,I,MELB_URBAN,ROAD,12,13.0
86077,4,1,181,5,1,100.0,0,N,MELB_URBAN,RAMP,12,7.0
86078,1,1,140,5,1,50.0,0,N,LARGE_PROVINCIAL_CITIES,ROAD,11,18.0
86079,1,2,130,1,1,80.0,0,I,MELB_URBAN,ROAD,11,7.0
86080,1,1,121,2,1,60.0,0,I,MELB_URBAN,STREET,12,14.0
86081,1,1,110,1,1,100.0,0,I,RURAL_VICTORIA,ROAD,12,15.0
86082,8,1,99,5,1,50.0,0,N,LARGE_PROVINCIAL_CITIES,OTHER,12,16.0
86083,1,1,130,5,1,80.0,0,N,MELB_URBAN,RAMP,11,18.0
86084,1,1,130,5,1,60.0,0,N,TOWNS,ROAD,12,18.0
86085,2,5,100,1,1,50.0,0,I,SMALL_CITIES,AVENUE,11,11.0
86086,1,7,113,2,1,60.0,0,I,RURAL_VICTORIA,ROAD,11,15.0
86087,7,1,99,5,3,40.0,0,N,MELB_URBAN,ROAD,12,23.0
86088,4,1,181,2,1,100.0,1,I,RURAL_VICTORIA,HIGHWAY,12,18.0
86089,1,5,140,5,1,60.0,0,N,MELB_URBAN,ROAD,11,16.0
86090,2,1,102,2,3,60.0,0,N,MELB_URBAN,ROAD,12,0.0
86091,4,2,99,1,6,50.0,0,I,MELB_URBAN,STREET,12,3.0
86092,4,2,171,1,2,60.0,0,I,MELB_URBAN,ROAD,12,5.0
86093,1,1,113,2,1,80.0,0,I,MELB_URBAN,HIGHWAY,12,10.0
86094,5,2,99,5,1,60.0,0,N,LARGE_PROVINCIAL_CITIES,PARADE,12,9.0
86095,1,2,130,5,1,110.0,0,N,RURAL_VICTORIA,FREEWAY,12,7.0
86096,5,5,99,1,9,60.0,0,I,MELB_URBAN,ROAD,11,7.0
86097,8,2,174,2,1,60.0,0,I,MELB_URBAN,ROAD,12,9.0
86098,1,2,99,5,1,100.0,0,N,SMALL_TOWNS,HIGHWAY,12,7.0
86099,4,2,181,5,9,100.0,1,N,RURAL_VICTORIA,ROAD,12,5.0
86100,1,0,140,5,1,60.0,0,N,MELB_URBAN,AVENUE,12,17.0
86101,4,2,181,5,1,60.0,0,N,RURAL_VICTORIA,ROAD,12,7.0
86102,4,1,181,5,2,100.0,0,N,RURAL_VICTORIA,ROAD,12,20.0
86103,4,2,173,1,1,60.0,0,I,MELB_URBAN,STREET,12,10.0
86104,1,4,130,2,1,50.0,0,I,MELB_URBAN,ROAD,11,17.0
86105,4,2,183,2,1,60.0,0,I,SMALL_CITIES,PARADE,12,12.0
86106,1,2,110,1,1,80.0,0,I,RURAL_VICTORIA,STREET,12,11.0
86107,1,4,130,5,1,70.0,0,N,RURAL_VICTORIA,HIGHWAY,11,13.0
86108,1,2,113,2,1,60.0,0,I,MELB_URBAN,ROAD,12,9.0
86109,1,2,147,5,1,40.0,0,N,MELB_URBAN,ROAD,12,11.0
86110,1,2,130,5,1,80.0,0,N,MELB_URBAN,FREEWAY,12,12.0
86111,1,2,120,5,1,70.0,0,N,RURAL_VICTORIA,ROAD,12,9.0
86112,4,2,173,1,1,60.0,0,I,MELB_URBAN,STREET,12,13.0
86113,2,2,99,1,1,50.0,0,I,MELB_URBAN,DRIVE,12,13.0
86114,1,5,116,1,1,60.0,0,I,MELB_URBAN,ROAD,11,17.0
86115,1,2,160,5,1,60.0,0,N,MELB_URBAN,ROAD,12,14.0
86116,4,2,173,5,1,80.0,0,N,MELB_URBAN,ROAD,12,16.0
86117,1,2,121,2,1,70.0,0,N,MELB_URBAN,STREET,12,17.0
86118,1,2,130,5,1,70.0,0,N,MELB_URBAN,ROAD,12,15.0
86119,1,2,99,1,9,60.0,0,I,MELB_URBAN,STREET,12,16.0
86120,4,1,171,5,1,60.0,0,N,MELB_URBAN,ROAD,12,17.0
86121,4,2,173,5,1,100.0,0,N,RURAL_VICTORIA,ROAD,12,19.0
86122,1,2,130,1,1,60.0,0,N,MELB_URBAN,STREET,12,16.0
86123,1,2,130,2,2,80.0,0,I,MELB_URBAN,ROAD,12,5.0
86124,4,2,171,5,5,100.0,0,N,RURAL_VICTORIA,ROAD,12,3.0
86125,1,2,133,5,1,60.0,0,N,MELB_URBAN,ROAD,10,14.0
86126,1,3,110,1,1,60.0,0,I,MELB_URBAN,STREET,12,7.0
86127,1,2,111,1,1,60.0,0,I,MELB_URBAN,ROAD,5,18.0
86128,4,3,173,5,1,110.0,0,N,RURAL_VICTORIA,FREEWAY,12,8.0
86129,2,3,100,2,1,50.0,0,I,MELB_URBAN,ROAD,12,10.0
86130,1,3,134,5,1,80.0,0,N,MELB_URBAN,HIGHWAY,10,13.0
86131,1,3,130,2,1,60.0,0,I,RURAL_VICTORIA,ROAD,12,8.0
86132,1,3,130,5,1,40.0,0,N,RURAL_VICTORIA,HIGHWAY,12,11.0
86133,1,5,110,1,3,40.0,0,I,MELB_URBAN,STREET,11,21.0
86134,1,3,132,1,1,60.0,0,I,MELB_URBAN,ROAD,12,12.0
86135,1,3,160,5,1,50.0,0,N,MELB_URBAN,ROAD,12,13.0
86136,1,2,130,5,1,100.0,0,N,MELB_URBAN,FREEWAY,12,10.0
86137,4,2,173,5,1,60.0,0,N,MELB_URBAN,ROAD,12,9.0
86138,4,2,181,5,1,110.0,0,N,RURAL_VICTORIA,HIGHWAY,12,18.0
86139,8,2,184,5,1,50.0,0,N,LARGE_PROVINCIAL_CITIES,DRIVE,12,13.0
86140,1,3,147,5,1,60.0,0,N,MELB_URBAN,ROAD,12,14.0
86141,4,7,173,5,1,100.0,0,N,RURAL_VICTORIA,ROAD,12,15.0
86142,2,2,99,5,1,40.0,0,N,SMALL_CITIES,AVENUE,12,11.0
86143,1,3,113,2,1,60.0,0,I,MELB_URBAN,ROAD,12,16.0
86144,6,3,99,5,1,80.0,0,N,RURAL_VICTORIA,ROAD,12,18.0
86145,1,3,113,2,1,60.0,0,I,MELB_URBAN,ROAD,12,17.0
86146,1,3,140,5,1,70.0,0,N,LARGE_PROVINCIAL_CITIES,STREET,12,18.0
86147,1,3,130,2,1,50.0,0,I,MELB_URBAN,ROAD,10,16.0
86148,4,3,171,5,2,70.0,0,N,MELB_URBAN,ROAD,12,20.0
86149,1,2,120,5,9,60.0,0,N,MELB_URBAN,ROAD,12,21.0
86150,1,3,132,1,1,50.0,0,I,LARGE_PROVINCIAL_CITIES,STREET,12,10.0
86151,1,2,110,1,2,60.0,0,I,MELB_URBAN,ROAD,12,19.0
86152,2,3,100,2,3,60.0,0,I,MELB_URBAN,ROAD,12,21.0
86153,1,3,121,2,1,80.0,0,I,MELB_URBAN,ROAD,12,17.0
86154,1,6,120,5,1,50.0,0,N,MELB_URBAN,ROAD,12,11.0
86155,1,3,130,4,1,60.0,0,I,MELB_URBAN,RAMP,12,16.0
86156,2,3,102,5,3,60.0,0,N,MELB_URBAN,ROAD,12,23.0
86157,4,4,173,5,3,100.0,0,N,MELB_URBAN,UNKNOWN,12,2.0
86158,1,3,121,2,1,60.0,0,N,MELB_URBAN,STREET,12,11.0
86159,1,3,110,1,1,50.0,0,I,MELB_URBAN,STREET,12,6.0
86160,1,4,121,5,1,60.0,0,N,MELB_URBAN,OTHER,11,17.0
86161,1,6,147,5,1,50.0,0,N,TOWNS,STREET,12,14.0
86162,1,3,160,5,1,50.0,0,N,MELB_URBAN,STREET,12,7.0
86163,1,6,135,5,2,100.0,0,I,MELB_URBAN,FREEWAY,4,6.0
86164,1,3,130,5,1,80.0,0,N,RURAL_VICTORIA,STREET,12,9.0
86165,1,3,121,5,1,60.0,0,N,MELB_URBAN,STREET,12,7.0
86166,1,3,121,2,1,60.0,0,I,MELB_URBAN,ROAD,12,8.0
86167,1,3,130,2,1,60.0,0,I,LARGE_PROVINCIAL_CITIES,STREET,10,11.0
86168,1,6,99,2,1,50.0,0,I,RURAL_VICTORIA,BOULEVARD,11,12.0
86169,1,4,130,1,1,80.0,0,N,MELB_URBAN,ROAD,12,7.0
86170,1,3,121,5,1,100.0,0,N,RURAL_VICTORIA,ROAD,12,15.0
86171,1,3,121,1,1,80.0,0,I,MELB_URBAN,ROAD,12,10.0
86172,6,4,184,5,1,80.0,0,N,RURAL_VICTORIA,ROAD,12,11.0
86173,1,4,134,2,1,60.0,0,I,MELB_URBAN,ROAD,12,10.0
86174,1,4,113,2,1,100.0,0,I,RURAL_VICTORIA,OTHER,12,9.0
86175,1,4,120,5,1,50.0,0,N,MELB_URBAN,ROAD,12,11.0
86176,4,4,181,5,1,80.0,0,N,RURAL_VICTORIA,ROAD,12,8.0
86177,1,3,99,1,1,50.0,0,I,MELB_URBAN,STREET,12,13.0
86178,1,4,163,5,1,40.0,0,N,MELBOURNE_CBD,STREET,12,9.0
86179,1,3,113,4,3,60.0,0,I,MELB_URBAN,ROAD,12,22.0
86180,1,3,130,5,1,60.0,0,N,MELB_URBAN,STREET,12,12.0
86181,1,4,130,5,1,100.0,0,N,MELB_URBAN,FREEWAY,12,7.0
86182,1,3,130,5,1,80.0,0,N,MELB_URBAN,FREEWAY,10,15.0
86183,4,4,181,2,1,50.0,0,N,MELB_URBAN,ROAD,12,14.0
86184,4,4,171,5,1,80.0,0,N,SMALL_CITIES,ROAD,12,15.0
86185,1,4,130,5,1,50.0,0,N,LARGE_PROVINCIAL_CITIES,STREET,12,12.0
86186,1,4,160,5,1,50.0,0,N,MELB_URBAN,ROAD,12,16.0
86187,8,5,174,5,1,100.0,0,N,RURAL_VICTORIA,ROAD,11,15.0
86188,4,3,183,5,1,60.0,0,N,MELB_URBAN,ROAD,12,15.0
86189,2,4,102,5,1,40.0,0,N,MELB_URBAN,STREET,12,15.0
86190,1,3,110,1,2,50.0,0,I,LARGE_PROVINCIAL_CITIES,STREET,12,18.0
86191,1,3,121,1,1,60.0,0,I,MELB_URBAN,ROAD,12,17.0
86192,2,4,99,5,1,60.0,0,N,LARGE_PROVINCIAL_CITIES,STREET,12,15.0
86193,1,1,130,5,1,40.0,0,N,MELB_URBAN,STREET,12,9.0
86194,8,4,184,5,1,100.0,0,N,RURAL_VICTORIA,ROAD,12,16.0
86195,2,4,99,5,2,60.0,0,N,MELB_URBAN,OTHER,12,18.0
86196,1,4,163,5,2,60.0,0,N,MELB_URBAN,STREET,12,19.0
86197,1,3,130,5,1,70.0,0,N,RURAL_VICTORIA,ROAD,12,15.0
86198,1,4,120,5,1,70.0,1,N,MELB_URBAN,ROAD,12,17.0
86199,1,4,99,2,3,40.0,0,I,MELB_URBAN,ROAD,12,22.0
86200,1,4,121,2,3,60.0,0,I,MELB_URBAN,STREET,12,22.0
86201,2,5,99,5,3,50.0,0,N,MELB_URBAN,ROAD,12,1.0
86202,4,4,183,5,3,100.0,0,N,MELB_URBAN,FREEWAY,12,23.0
86203,1,4,134,5,1,80.0,0,N,MELB_URBAN,FREEWAY,12,16.0
86204,1,5,121,1,3,60.0,0,I,MELB_URBAN,ROAD,12,4.0
86205,1,5,134,5,1,80.0,0,N,SMALL_CITIES,HIGHWAY,12,8.0
86206,1,5,99,2,1,60.0,0,I,MELB_URBAN,ROAD,12,8.0
86207,2,5,100,5,1,50.0,0,N,MELB_URBAN,ROAD,12,10.0
86208,1,2,130,1,1,60.0,0,I,MELBOURNE_CBD,STREET,11,9.0
86209,1,5,135,5,1,100.0,0,N,MELB_URBAN,UNKNOWN,12,9.0
86210,1,4,113,2,1,60.0,0,I,TOWNS,STREET,12,7.0
86211,1,4,130,5,1,70.0,0,N,MELB_URBAN,ROAD,12,10.0
86212,1,5,113,2,1,60.0,0,I,MELB_URBAN,ROAD,12,11.0
86213,1,4,99,5,1,40.0,0,N,MELB_URBAN,PARADE,12,11.0
86214,1,5,99,2,1,40.0,0,N,MELB_URBAN,STREET,12,9.0
86215,1,4,130,5,1,80.0,0,N,RURAL_VICTORIA,ROAD,12,7.0
86216,1,4,113,2,1,70.0,0,I,RURAL_VICTORIA,ROAD,12,13.0
86217,2,1,99,5,2,50.0,0,N,MELB_URBAN,STREET,12,17.0
86218,1,5,121,1,1,60.0,0,I,MELB_URBAN,ROAD,12,13.0
86219,6,1,99,5,1,100.0,0,N,RURAL_VICTORIA,ROAD,12,12.0
86220,1,5,99,2,1,60.0,0,N,MELB_URBAN,ROAD,12,14.0
86221,1,5,110,1,1,50.0,0,I,SMALL_CITIES,STREET,12,11.0
86222,1,4,110,1,1,60.0,0,I,MELB_URBAN,ROAD,12,7.0
86223,1,4,130,2,3,60.0,0,I,MELB_URBAN,ROAD,12,20.0
86224,1,5,121,2,1,60.0,0,I,MELB_URBAN,ROAD,12,15.0
86225,1,5,110,1,1,60.0,0,I,MELB_URBAN,ROAD,12,15.0
86226,1,4,120,5,1,60.0,0,N,RURAL_VICTORIA,ROAD,12,15.0
86227,1,5,121,2,1,100.0,0,I,RURAL_VICTORIA,ROAD,12,17.0
86228,4,5,173,5,1,100.0,1,N,RURAL_VICTORIA,ROAD,12,17.0
86229,4,4,183,5,3,50.0,0,N,MELB_URBAN,STREET,12,21.0
86230,1,5,111,2,3,60.0,0,I,MELB_URBAN,STREET,12,21.0
86231,8,5,99,2,2,100.0,0,I,RURAL_VICTORIA,ROAD,12,20.0
86232,1,5,147,5,3,60.0,0,N,MELB_URBAN,ROAD,12,21.0
86233,1,7,121,1,9,60.0,0,I,MELB_URBAN,STREET,11,18.0
86234,4,5,171,5,5,100.0,0,N,RURAL_VICTORIA,ROAD,12,23.0
86235,2,5,102,2,3,60.0,0,I,MELB_URBAN,ROAD,12,21.0
86236,1,5,110,1,6,50.0,0,I,MELB_URBAN,STREET,12,21.0
86237,1,5,130,2,1,80.0,0,I,RURAL_VICTORIA,ROAD,11,7.0
86238,4,6,171,1,3,60.0,0,I,MELB_URBAN,ROAD,12,1.0
86239,4,5,173,1,3,50.0,0,I,MELB_URBAN,STREET,12,3.0
86240,1,6,99,2,3,60.0,0,I,MELB_URBAN,DRIVE,12,2.0
86241,1,5,99,2,1,50.0,0,I,MELB_URBAN,AVENUE,12,11.0
86242,1,5,130,1,1,60.0,0,I,MELB_URBAN,DRIVE,12,9.0
86243,6,5,99,2,5,100.0,0,I,RURAL_VICTORIA,ROAD,12,21.0
86244,1,5,113,2,1,60.0,0,I,LARGE_PROVINCIAL_CITIES,ROAD,12,13.0
86245,1,4,134,1,1,60.0,0,I,MELB_URBAN,STREET,11,16.0
86246,2,6,102,5,1,50.0,0,N,MELB_URBAN,STREET,12,15.0
86247,1,3,130,1,1,60.0,0,I,LARGE_PROVINCIAL_CITIES,STREET,12,16.0
86248,1,3,134,5,9,60.0,0,N,MELB_URBAN,ROAD,12,6.0
86249,2,5,99,5,1,40.0,0,N,TOWNS,STREET,12,8.0
86250,1,6,110,1,1,50.0,0,I,MELB_URBAN,BOULEVARD,12,9.0
86251,1,4,163,5,1,50.0,0,N,MELB_URBAN,STREET,11,14.0
86252,1,3,130,5,1,40.0,0,N,RURAL_VICTORIA,HIGHWAY,12,15.0
86253,1,6,99,5,1,100.0,0,N,SMALL_CITIES,ROAD,12,8.0
86254,1,6,113,2,1,60.0,0,I,SMALL_CITIES,STREET,12,11.0
86255,4,5,183,5,5,80.0,0,N,RURAL_VICTORIA,ROAD,12,22.0
86256,1,6,135,5,1,80.0,0,N,MELB_URBAN,ROAD,12,11.0
86257,1,5,121,2,1,70.0,0,I,SMALL_CITIES,AVENUE,12,15.0
86258,8,6,174,5,1,50.0,0,N,RURAL_VICTORIA,ROAD,12,11.0
86259,1,6,99,5,1,80.0,0,N,MELB_URBAN,AVENUE,12,10.0
86260,1,6,121,1,1,60.0,0,I,MELB_URBAN,ROAD,12,12.0
86261,2,6,100,5,1,40.0,0,N,MELB_URBAN,OTHER,12,12.0
86262,1,6,134,5,1,100.0,0,N,MELB_URBAN,FREEWAY,12,13.0