,accident_type,day_of_week,dca_code,road_geometry,light_condition,speed_zone,severity,node_type,deg_urban_name,road_type,month,hour
86263,1,6,130,1,1,70.0,0,I,MELB_URBAN,ROAD,12,10.0
86264,1,6,132,2,1,100.0,0,I,RURAL_VICTORIA,HIGHWAY,12,14.0
86265,1,5,130,5,1,100.0,0,N,MELB_URBAN,FREEWAY,12,16.0
86266,1,3,130,5,1,60.0,0,N,RURAL_VICTORIA,HIGHWAY,11,8.0
86267,1,6,130,2,1,60.0,0,I,TOWNS,ROAD,12,15.0
86268,2,6,100,1,1,60.0,1,I,LARGE_PROVINCIAL_CITIES,STREET,12,15.0
86269,1,5,135,5,1,100.0,0,N,MELB_URBAN,FREEWAY,12,16.0
86270,1,6,99,5,1,40.0,0,N,MELB_URBAN,STREET,12,18.0
86271,1,6,121,1,1,60.0,0,I,SMALL_CITIES,STREET,12,19.0
86272,1,5,121,1,2,70.0,0,I,MELB_URBAN,STREET,12,19.0
86273,1,4,99,2,9,50.0,0,I,MELB_URBAN,AVENUE,11,13.0
86274,4,5,171,5,5,100.0,0,N,RURAL_VICTORIA,ROAD,12,20.0
86275,1,6,160,5,2,50.0,0,N,MELB_URBAN,ROAD,12,20.0
86276,1,6,120,5,1,80.0,0,N,LARGE_PROVINCIAL_CITIES,STREET,12,20.0
86277,4,6,181,5,1,80.0,0,N,RURAL_VICTORIA,ROAD,12,18.0
86278,1,6,121,2,3,80.0,0,I,MELB_URBAN,ROAD,12,21.0
86279,4,6,171,5,3,60.0,0,N,TOWNS,ROAD,12,22.0
86280,4,6,173,5,5,80.0,0,N,SMALL_CITIES,STREET,12,23.0
86281,1,6,130,5,3,80.0,0,N,MELB_URBAN,ROAD,12,21.0
86282,4,6,181,5,3,100.0,0,N,MELB_URBAN,RAMP,12,22.0
86283,1,5,121,2,1,50.0,0,I,MELB_URBAN,DRIVE,12,17.0
86284,1,5,110,1,5,60.0,0,N,SMALL_CITIES,STREET,12,23.0
86285,2,6,100,1,3,40.0,0,I,MELB_URBAN,STREET,12,0.0
86286,4,7,171,1,3,60.0,0,I,MELB_URBAN,ROAD,12,0.0
86287,8,6,99,5,3,50.0,0,N,MELB_URBAN,STREET,12,1.0
86288,2,7,100,4,3,50.0,0,I,MELB_URBAN,ROAD,12,2.0
86289,1,5,130,1,1,60.0,0,I,MELB_URBAN,STREET,12,7.0
86290,1,6,130,1,1,60.0,0,I,SMALL_TOWNS,STREET,12,18.0
86291,1,6,99,2,1,50.0,0,N,MELB_URBAN,OTHER,12,13.0
86292,1,5,99,5,1,60.0,0,N,MELB_URBAN,STREET,12,7.0
86293,1,4,130,2,1,50.0,0,I,MELB_URBAN,DRIVE,4,8.0
86294,1,6,130,5,1,80.0,0,N,MELB_URBAN,HIGHWAY,12,11.0
86295,1,7,120,5,1,60.0,0,N,MELB_URBAN,ROAD,12,11.0
86296,1,7,130,5,1,60.0,0,N,MELB_URBAN,HIGHWAY,11,17.0
86297,4,7,171,5,1,100.0,0,N,MELB_URBAN,FREEWAY,12,13.0
86298,1,7,113,2,1,70.0,0,I,TOWNS,STREET,12,11.0
86299,1,7,99,3,1,60.0,0,I,MELB_URBAN,ROAD,12,14.0
86300,1,7,121,2,1,60.0,0,N,MELB_URBAN,ROAD,12,13.0
86301,1,7,130,5,1,100.0,0,N,RURAL_VICTORIA,ROAD,12,11.0
86302,8,3,174,2,1,60.0,0,I,MELB_URBAN,STREET,11,16.0
86303,1,6,121,1,1,60.0,0,I,TOWNS,STREET,12,12.0
86304,4,6,183,2,1,80.0,0,I,RURAL_VICTORIA,ROAD,12,10.0
86305,5,7,99,5,1,100.0,0,N,RURAL_VICTORIA,HIGHWAY,12,13.0
86306,1,7,113,4,1,100.0,0,I,RURAL_VICTORIA,RAMP,12,14.0
86307,2,7,100,1,1,60.0,0,I,MELB_URBAN,ROAD,12,13.0
86308,4,6,183,5,1,100.0,0,N,RURAL_VICTORIA,ROAD,12,15.0
86309,4,7,181,5,1,100.0,0,N,RURAL_VICTORIA,ROAD,12,13.0
86310,8,7,174,5,1,60.0,0,N,RURAL_VICTORIA,OTHER,12,10.0
86311,1,6,140,2,1,60.0,0,I,MELB_URBAN,ROAD,12,19.0
86312,1,6,130,2,1,60.0,0,I,MELB_URBAN,ROAD,12,16.0
86313,1,7,171,5,1,50.0,0,N,TOWNS,STREET,12,16.0
86314,4,7,173,5,1,100.0,0,N,RURAL_VICTORIA,ROAD,12,16.0
86315,1,7,99,2,1,50.0,0,I,MELB_URBAN,ROAD,12,18.0
86316,2,7,99,5,1,100.0,1,N,RURAL_VICTORIA,ROAD,12,13.0
86317,1,6,110,1,1,60.0,0,N,MELB_URBAN,HIGHWAY,12,18.0
86318,1,7,121,4,1,60.0,0,I,MELB_URBAN,RAMP,12,19.0
86319,1,7,160,5,1,50.0,0,N,MELB_URBAN,ROAD,12,17.0
86320,1,7,121,2,1,50.0,0,N,MELB_URBAN,OTHER,12,15.0
86321,4,3,173,5,3,60.0,0,N,MELB_URBAN,ROAD,10,0.0
86322,1,7,130,5,3,60.0,0,N,MELB_URBAN,FREEWAY,12,21.0
86323,1,7,130,1,3,80.0,0,I,MELB_URBAN,HIGHWAY,12,23.0
86324,4,1,171,5,3,40.0,0,I,MELB_URBAN,ROAD,12,0.0
86325,1,0,130,4,3,50.0,0,I,LARGE_PROVINCIAL_CITIES,STREET,12,4.0
86326,4,0,99,2,1,60.0,0,I,SMALL_CITIES,ROAD,12,7.0
86327,5,7,173,5,1,100.0,0,N,RURAL_VICTORIA,ROAD,12,16.0
86328,1,1,110,1,1,50.0,0,I,MELB_URBAN,STREET,12,6.0
86329,2,5,100,1,6,50.0,0,I,MELB_URBAN,STREET,12,19.0
86330,2,6,99,5,1,60.0,0,N,MELB_URBAN,ROAD,12,16.0
86331,4,0,173,5,1,100.0,0,N,RURAL_VICTORIA,HIGHWAY,12,11.0
86332,1,7,99,5,1,60.0,0,N,MELB_URBAN,ROAD,12,15.0
86333,1,1,130,5,1,40.0,0,N,MELB_URBAN,ROAD,12,7.0
86334,1,1,99,2,1,100.0,0,I,RURAL_VICTORIA,HIGHWAY,12,13.0
86335,1,1,130,5,1,90.0,1,N,TOWNS,DRIVE,12,9.0
86336,4,1,181,5,1,100.0,0,N,RURAL_VICTORIA,ROAD,12,12.0
86337,1,7,110,1,1,50.0,0,I,MELB_URBAN,STREET,12,15.0
86338,4,1,183,5,1,100.0,0,N,RURAL_VICTORIA,ROAD,12,12.0
86339,4,1,183,5,9,100.0,0,N,RURAL_VICTORIA,ROAD,12,5.0
86340,1,1,110,1,1,100.0,0,I,RURAL_VICTORIA,ROAD,12,15.0
86341,1,1,121,1,1,60.0,0,I,MELB_URBAN,STREET,12,15.0
86342,1,1,121,2,1,60.0,0,I,MELB_URBAN,STREET,12,14.0
86343,1,0,130,5,1,60.0,0,N,MELB_URBAN,BOULEVARD,12,8.0
86344,1,0,130,2,1,60.0,0,I,MELB_URBAN,ROAD,12,16.0
86345,1,1,110,1,1,50.0,0,I,TOWNS,STREET,12,20.0
86346,1,1,110,1,1,60.0,0,I,TOWNS,ROAD,12,17.0
86347,1,1,120,5,1,70.0,0,N,LARGE_PROVINCIAL_CITIES,ROAD,12,13.0
86348,1,1,140,5,1,60.0,0,N,MELB_URBAN,STREET,12,16.0
86349,1,1,113,2,1,60.0,0,I,MELB_URBAN,STREET,12,16.0
86350,4,1,181,5,2,60.0,0,N,MELB_URBAN,DRIVE,12,20.0
86351,1,1,110,1,3,60.0,0,I,MELB_URBAN,ROAD,12,0.0
86352,2,1,102,5,3,60.0,0,N,MELB_URBAN,STREET,12,23.0
86353,4,2,181,5,5,80.0,0,N,SMALL_CITIES,ROAD,12,0.0
86354,1,4,99,1,1,60.0,0,I,MELB_URBAN,ROAD,11,14.0
86355,1,1,120,2,3,60.0,0,N,MELB_URBAN,ROAD,12,1.0
86356,1,2,99,5,5,50.0,0,N,LARGE_PROVINCIAL_CITIES,DRIVE,12,1.0
86357,4,2,181,5,3,50.0,0,N,MELB_URBAN,DRIVE,12,2.0
86358,1,2,130,1,1,60.0,0,I,MELBOURNE_CBD,STREET,12,5.0
86359,1,2,121,2,1,50.0,0,I,MELB_URBAN,STREET,12,8.0
86360,1,2,116,1,1,50.0,0,I,MELB_URBAN,ROAD,12,8.0
86361,1,2,113,2,1,80.0,0,I,MELB_URBAN,ROAD,12,8.0
86362,1,1,130,5,1,80.0,0,N,RURAL_VICTORIA,ROAD,12,9.0
86363,1,5,130,5,9,60.0,0,N,MELB_URBAN,ROAD,12,16.0
86364,1,2,121,5,1,80.0,0,N,MELB_URBAN,HIGHWAY,12,9.0
86365,2,0,100,1,9,50.0,0,I,LARGE_PROVINCIAL_CITIES,ROAD,12,17.0
86366,1,7,130,2,1,80.0,0,I,MELB_URBAN,HIGHWAY,12,8.0
86367,1,2,110,1,1,60.0,0,I,RURAL_VICTORIA,HIGHWAY,12,11.0
86368,4,1,173,1,5,100.0,0,I,RURAL_VICTORIA,ROAD,12,21.0
86369,1,2,99,2,6,60.0,0,I,MELB_URBAN,ROAD,12,19.0
86370,1,2,121,2,1,60.0,0,I,SMALL_CITIES,STREET,12,15.0
86371,4,2,173,5,1,100.0,0,N,RURAL_VICTORIA,ROAD,12,13.0
86372,1,5,130,2,9,60.0,0,I,MELB_URBAN,ROAD,7,14.0
86373,1,2,130,5,1,80.0,0,N,MELB_URBAN,ROAD,12,15.0
86374,4,2,181,5,1,50.0,0,N,LARGE_PROVINCIAL_CITIES,DRIVE,12,17.0
86375,2,2,100,2,1,60.0,0,I,SMALL_CITIES,STREET,12,17.0
86376,2,1,99,2,1,50.0,0,N,MELB_URBAN,ROAD,12,15.0
86377,1,2,160,5,1,50.0,0,N,MELB_URBAN,STREET,12,17.0
86378,3,6,167,5,5,100.0,0,N,RURAL_VICTORIA,ROAD,11,0.0
86379,6,1,99,5,1,80.0,0,N,RURAL_VICTORIA,ROAD,12,18.0
86380,1,2,113,1,1,80.0,0,I,SMALL_TOWNS,ROAD,12,16.0
86381,1,1,110,1,1,60.0,0,I,MELB_URBAN,ROAD,12,19.0
86382,4,5,173,5,1,80.0,0,N,RURAL_VICTORIA,ROAD,11,13.0
86383,1,2,120,2,1,50.0,0,I,SMALL_CITIES,OTHER,12,19.0
86384,4,2,183,5,1,100.0,0,N,MELB_URBAN,RAMP,12,18.0
86385,8,2,99,5,1,60.0,0,N,MELB_URBAN,DRIVE,12,20.0
86386,1,2,130,1,1,60.0,0,I,MELB_URBAN,ROAD,12,17.0
86387,6,2,184,5,1,100.0,0,N,MELB_URBAN,RAMP,12,19.0
86388,1,2,130,1,1,80.0,0,N,MELB_URBAN,ROAD,12,12.0
86389,1,2,99,5,5,100.0,0,N,MELB_URBAN,FREEWAY,12,21.0
86390,1,2,160,5,3,70.0,0,N,MELB_URBAN,ROAD,12,21.0
86391,1,2,130,1,1,70.0,0,I,MELB_URBAN,ROAD,12,16.0
86392,4,1,171,5,5,70.0,0,N,MELB_URBAN,DRIVE,12,23.0
86393,1,3,147,5,1,70.0,0,N,MELB_URBAN,ROAD,12,6.0
86394,4,2,181,5,5,100.0,0,N,RURAL_VICTORIA,ROAD,12,21.0
86395,1,3,121,1,1,60.0,0,I,MELB_URBAN,ROAD,12,8.0
86396,1,1,99,5,1,100.0,0,N,LARGE_PROVINCIAL_CITIES,ROAD,12,19.0
86397,1,3,110,1,1,50.0,0,I,LARGE_PROVINCIAL_CITIES,STREET,12,8.0
86398,1,1,121,2,1,40.0,0,I,MELB_URBAN,ROAD,12,17.0
86399,1,2,121,2,1,100.0,0,I,RURAL_VICTORIA,ROAD,12,8.0
86400,1,0,121,1,1,40.0,0,I,MELB_URBAN,ROAD,12,16.0
86401,1,7,160,5,1,80.0,0,N,RURAL_VICTORIA,ROAD,12,12.0
86402,2,3,100,1,1,60.0,0,I,MELB_URBAN,ROAD,12,9.0
86403,1,1,130,5,1,40.0,0,N,LARGE_PROVINCIAL_CITIES,ROAD,12,8.0
86404,1,4,130,1,9,70.0,0,I,MELB_URBAN,ROAD,12,8.0
86405,1,3,130,5,1,80.0,0,N,MELB_URBAN,HIGHWAY,12,10.0
86406,1,3,132,5,1,80.0,0,N,SMALL_CITIES,HIGHWAY,12,11.0
86407,1,3,181,5,1,50.0,0,N,MELB_URBAN,OTHER,12,10.0
86408,4,3,173,5,3,100.0,0,N,MELB_URBAN,ROAD,12,4.0
86409,6,2,99,5,1,100.0,0,N,RURAL_VICTORIA,ROAD,12,6.0
86410,1,3,130,5,2,80.0,0,N,MELB_URBAN,RAMP,12,6.0
86411,1,7,113,1,3,60.0,0,I,LARGE_PROVINCIAL_CITIES,ROAD,12,21.0
86412,4,3,173,5,1,100.0,0,N,RURAL_VICTORIA,FREEWAY,12,10.0
86413,5,3,99,5,1,100.0,0,N,RURAL_VICTORIA,ROAD,12,12.0
86414,1,3,147,5,1,60.0,0,N,MELB_URBAN,ROAD,12,8.0
86415,4,1,171,5,2,60.0,0,N,LARGE_PROVINCIAL_CITIES,AVENUE,12,19.0
86416,1,2,160,2,1,40.0,0,I,MELB_URBAN,STREET,12,14.0
86417,1,2,111,2,1,60.0,0,I,MELB_URBAN,ROAD,10,10.0
86418,1,3,99,5,1,60.0,0,I,MELB_URBAN,ROAD,12,11.0
86419,4,3,171,5,1,70.0,0,N,MELB_URBAN,ROAD,12,10.0
86420,2,3,99,5,1,50.0,0,N,MELB_URBAN,OTHER,12,15.0
86421,1,3,130,5,1,60.0,0,N,LARGE_PROVINCIAL_CITIES,HIGHWAY,12,13.0
86422,1,2,99,1,1,60.0,0,I,MELB_URBAN,ROAD,12,8.0
86423,1,3,130,5,1,60.0,0,N,MELB_URBAN,ROAD,12,16.0
86424,1,3,113,2,1,50.0,0,I,MELB_URBAN,OTHER,12,18.0
86425,1,2,110,4,1,60.0,0,I,MELB_URBAN,AVENUE,12,18.0
86426,1,3,130,5,1,60.0,0,N,MELB_URBAN,ROAD,12,14.0
86427,1,3,110,1,1,40.0,0,I,MELB_URBAN,STREET,12,15.0
86428,4,3,171,5,3,60.0,0,N,MELB_URBAN,ROAD,12,22.0
86429,1,3,99,5,5,80.0,0,N,RURAL_VICTORIA,ROAD,12,23.0
86430,1,3,110,1,1,60.0,0,I,SMALL_CITIES,STREET,12,17.0
86431,6,3,170,5,1,60.0,0,N,RURAL_VICTORIA,ROAD,12,17.0
86432,1,4,113,2,1,60.0,0,I,MELB_URBAN,ROAD,12,8.0
86433,1,3,130,1,1,60.0,0,I,RURAL_VICTORIA,ROAD,12,8.0
86434,4,4,135,5,1,70.0,0,N,MELB_URBAN,ROAD,12,7.0
86435,1,4,99,1,9,40.0,0,I,MELB_URBAN,STREET,10,18.0
86436,1,4,132,2,1,60.0,0,N,MELB_URBAN,ROAD,12,9.0
86437,1,4,113,2,1,70.0,0,I,RURAL_VICTORIA,ROAD,12,11.0
86438,1,4,147,5,1,60.0,0,N,SMALL_CITIES,STREET,12,10.0
86439,6,6,184,5,1,100.0,0,N,RURAL_VICTORIA,UNKNOWN,9,15.0
86440,1,3,160,5,1,50.0,0,N,LARGE_PROVINCIAL_CITIES,STREET,12,9.0
86441,1,2,130,1,1,80.0,0,I,MELB_URBAN,HIGHWAY,12,17.0
86442,1,4,110,1,1,60.0,0,I,SMALL_CITIES,ROAD,12,14.0
86443,1,3,120,2,1,60.0,0,N,MELB_URBAN,ROAD,12,15.0
86444,1,4,147,5,1,50.0,0,N,MELB_URBAN,ROAD,12,12.0
86445,1,3,121,2,1,60.0,0,I,MELB_URBAN,ROAD,12,15.0
86446,1,4,130,5,1,80.0,0,N,RURAL_VICTORIA,ROAD,12,17.0
86447,1,4,130,5,1,70.0,0,N,MELB_URBAN,ROAD,12,16.0
86448,1,4,99,1,9,60.0,0,I,LARGE_PROVINCIAL_CITIES,STREET,12,8.0
86449,1,4,130,5,1,80.0,0,N,MELB_URBAN,HIGHWAY,12,18.0
86450,1,3,130,5,1,60.0,0,N,MELB_URBAN,ROAD,12,17.0
86451,1,4,147,5,1,80.0,0,N,MELB_URBAN,ROAD,12,14.0
86452,4,4,181,5,1,80.0,0,N,RURAL_VICTORIA,ROAD,12,17.0
86453,4,4,173,5,1,40.0,0,N,MELB_URBAN,STREET,12,16.0
86454,2,7,100,1,3,50.0,0,I,MELB_URBAN,STREET,12,23.0
86455,2,4,99,5,1,50.0,0,N,MELB_URBAN,STREET,12,15.0
86456,4,4,173,5,1,110.0,0,N,RURAL_VICTORIA,FREEWAY,12,17.0
86457,1,4,110,1,3,60.0,0,I,MELB_URBAN,ROAD,12,21.0
86458,6,4,184,1,1,60.0,0,I,MELB_URBAN,ROAD,12,15.0
86459,1,3,130,5,2,60.0,0,N,MELB_URBAN,FREEWAY,12,5.0
86460,4,4,173,5,3,60.0,0,N,MELB_URBAN,ROAD,12,4.0
86461,1,4,110,1,1,80.0,0,I,RURAL_VICTORIA,ROAD,12,6.0
86462,4,5,171,5,5,100.0,0,N,RURAL_VICTORIA,ROAD,12,2.0
86463,1,5,133,1,2,70.0,0,N,MELB_URBAN,ROAD,12,5.0
86464,1,5,130,5,1,90.0,0,N,MELB_URBAN,HIGHWAY,12,6.0
86465,1,2,99,5,1,50.0,0,N,MELB_URBAN,STREET,12,15.0
86466,1,4,121,2,1,50.0,0,I,MELB_URBAN,ROAD,12,10.0
86467,6,3,99,5,5,100.0,0,N,RURAL_VICTORIA,OTHER,12,23.0
86468,2,4,99,5,1,50.0,0,N,TOWNS,STREET,12,9.0
86469,8,4,174,2,1,40.0,0,I,MELB_URBAN,ROAD,12,17.0
86470,1,5,110,1,1,80.0,0,I,MELB_URBAN,OTHER,12,6.0
86471,2,2,102,2,1,60.0,0,I,LARGE_PROVINCIAL_CITIES,ROAD,11,14.0
86472,1,5,121,5,1,40.0,0,I,LARGE_PROVINCIAL_CITIES,ROAD,12,8.0
86473,1,5,135,5,1,80.0,0,N,MELB_URBAN,ROAD,12,9.0
86474,1,3,130,5,1,60.0,0,N,MELB_URBAN,ROAD,12,18.0
86475,1,5,134,5,1,100.0,0,N,MELB_URBAN,FREEWAY,12,7.0
86476,1,2,99,2,1,80.0,0,I,RURAL_VICTORIA,ROAD,12,6.0
86477,2,3,100,1,1,60.0,0,N,MELB_URBAN,ROAD,12,18.0
86478,6,5,174,5,1,40.0,0,N,MELB_URBAN,ROAD,12,9.0
86479,8,5,174,2,1,40.0,0,N,MELB_URBAN,ROAD,11,10.0
86480,1,4,121,2,1,60.0,0,I,MELB_URBAN,ROAD,12,10.0
86481,1,5,121,1,1,80.0,0,I,LARGE_PROVINCIAL_CITIES,HIGHWAY,12,7.0
86482,1,4,121,2,1,80.0,0,I,MELB_URBAN,ROAD,12,8.0
86483,1,5,110,1,1,100.0,0,I,RURAL_VICTORIA,AVENUE,12,10.0
86484,1,5,121,5,1,40.0,0,N,LARGE_PROVINCIAL_CITIES,PARADE,12,7.0
86485,1,5,110,1,1,60.0,0,I,TOWNS,STREET,12,12.0
86486,1,4,130,5,1,80.0,0,N,MELB_URBAN,ROAD,12,14.0
86487,2,5,99,1,1,70.0,1,I,MELB_URBAN,ROAD,12,13.0
86488,1,5,110,1,1,60.0,0,I,MELB_URBAN,ROAD,12,16.0
86489,1,5,121,4,1,60.0,0,N,MELB_URBAN,ROAD,12,14.0
86490,1,3,120,5,1,100.0,0,N,RURAL_VICTORIA,ROAD,12,16.0
86491,6,5,99,5,1,100.0,0,N,RURAL_VICTORIA,ROAD,12,16.0
86492,1,5,116,2,1,60.0,0,N,MELB_URBAN,ROAD,12,16.0
86493,1,5,99,2,1,50.0,0,N,MELB_URBAN,ROAD,12,16.0
86494,1,5,120,2,1,50.0,0,I,MELB_URBAN,BOULEVARD,12,16.0
86495,1,5,120,5,1,100.0,1,N,RURAL_VICTORIA,ROAD,12,11.0
86496,1,5,130,5,1,40.0,0,N,MELB_URBAN,STREET,12,18.0
86497,1,5,121,1,1,70.0,0,I,MELB_URBAN,ROAD,12,17.0
86498,2,5,102,2,1,60.0,0,I,MELB_URBAN,STREET,12,17.0
86499,2,5,99,5,1,60.0,0,N,MELB_URBAN,ROAD,12,18.0
86500,1,5,147,5,1,60.0,0,N,SMALL_CITIES,ROAD,12,17.0
86501,1,5,121,2,1,60.0,0,I,MELB_URBAN,ROAD,12,17.0
86502,4,5,183,5,1,50.0,0,N,MELB_URBAN,BOULEVARD,12,18.0
86503,4,5,99,5,1,60.0,0,N,MELB_URBAN,ROAD,12,18.0
86504,1,5,110,4,1,60.0,0,I,MELB_URBAN,RAMP,12,14.0
86505,1,5,113,2,1,50.0,0,I,MELB_URBAN,ROAD,12,16.0
86506,2,5,102,5,1,50.0,0,N,MELB_URBAN,STREET,12,19.0
86507,1,5,110,1,1,40.0,0,I,MELBOURNE_CBD,STREET,12,16.0
86508,1,5,134,5,2,100.0,0,N,MELB_URBAN,FREEWAY,12,5.0
86509,1,5,120,5,3,60.0,0,N,MELB_URBAN,ROAD,12,23.0
86510,1,5,130,5,2,40.0,0,N,MELB_URBAN,FREEWAY,12,4.0
86511,1,5,130,5,1,80.0,0,N,RURAL_VICTORIA,ROAD,12,15.0
86512,1,1,111,1,1,100.0,0,I,RURAL_VICTORIA,HIGHWAY,5,13.0
86513,1,5,121,2,1,40.0,0,I,MELB_URBAN,ROAD,12,17.0
86514,1,5,130,5,1,70.0,0,N,MELB_URBAN,HIGHWAY,12,6.0
86515,4,5,181,5,1,100.0,0,N,RURAL_VICTORIA,HIGHWAY,11,12.0
86516,1,5,121,2,1,60.0,0,I,MELB_URBAN,STREET,12,9.0
86517,1,4,130,5,1,60.0,0,N,MELB_URBAN,STREET,12,18.0
86518,8,3,184,5,1,60.0,1,N,RURAL_VICTORIA,OTHER,12,9.0
86519,6,6,174,1,1,50.0,0,I,MELB_URBAN,OTHER,12,17.0
86520,1,6,110,1,1,80.0,0,N,MELB_URBAN,HIGHWAY,12,11.0
86521,1,6,130,2,1,50.0,0,N,MELB_URBAN,ROAD,12,7.0
86522,1,6,130,5,1,60.0,0,N,MELB_URBAN,ROAD,12,7.0
86523,2,6,100,5,1,40.0,0,N,MELB_URBAN,BOULEVARD,12,14.0
86524,1,6,147,2,1,70.0,1,I,MELB_URBAN,DRIVE,12,11.0
86525,1,6,121,2,1,50.0,0,I,MELB_URBAN,STREET,12,13.0
86526,1,5,130,2,1,60.0,0,I,MELB_URBAN,STREET,12,15.0
86527,4,6,171,5,1,110.0,0,N,RURAL_VICTORIA,HIGHWAY,12,7.0
86528,4,6,171,5,1,100.0,0,N,RURAL_VICTORIA,ROAD,12,14.0
86529,1,6,130,1,1,50.0,0,I,MELB_URBAN,ROAD,12,15.0
86530,1,5,110,1,1,50.0,0,I,MELB_URBAN,STREET,12,18.0
86531,1,5,163,2,1,60.0,0,I,MELB_URBAN,STREET,12,16.0
86532,1,6,134,5,1,60.0,0,N,MELB_URBAN,ROAD,12,19.0
86533,1,6,121,2,1,80.0,0,I,MELB_URBAN,HIGHWAY,12,18.0
86534,6,6,184,5,1,100.0,0,N,RURAL_VICTORIA,ROAD,12,19.0
86535,1,6,110,4,3,50.0,0,I,MELB_URBAN,RAMP,12,0.0
86536,4,6,171,5,5,100.0,0,N,RURAL_VICTORIA,HIGHWAY,12,21.0
86537,8,6,99,5,2,100.0,0,N,RURAL_VICTORIA,HIGHWAY,12,19.0
86538,1,6,113,2,5,100.0,0,I,RURAL_VICTORIA,HIGHWAY,12,22.0
86539,1,5,99,3,3,70.0,0,I,RURAL_VICTORIA,ROAD,12,22.0
86540,1,7,110,1,2,60.0,0,I,LARGE_PROVINCIAL_CITIES,STREET,12,6.0
86541,1,7,121,2,1,50.0,0,I,MELB_URBAN,ROAD,12,8.0
86542,1,5,160,5,1,40.0,0,N,LARGE_PROVINCIAL_CITIES,STREET,12,15.0
86543,1,5,134,5,1,60.0,0,I,MELB_URBAN,ROAD,12,11.0
86544,2,7,100,2,1,60.0,0,I,LARGE_PROVINCIAL_CITIES,STREET,12,10.0
86545,2,6,100,2,1,60.0,0,I,MELB_URBAN,STREET,12,10.0
86546,3,7,167,5,1,100.0,0,N,RURAL_VICTORIA,ROAD,12,8.0
86547,1,7,99,2,1,60.0,0,I,TOWNS,ROAD,12,7.0
86548,1,6,130,2,1,70.0,0,I,MELB_URBAN,ROAD,12,12.0
86549,2,7,100,5,1,40.0,0,N,MELB_URBAN,STREET,12,9.0
86550,1,6,110,1,1,60.0,0,I,MELB_URBAN,ROAD,12,10.0
86551,1,6,110,1,1,60.0,0,I,MELB_URBAN,STREET,12,19.0
86552,1,7,110,1,1,60.0,0,I,MELB_URBAN,ROAD,12,13.0
86553,1,7,110,1,1,60.0,0,I,SMALL_CITIES,ROAD,12,12.0
86554,1,6,110,1,1,80.0,0,I,RURAL_VICTORIA,ROAD,12,11.0
86555,1,7,130,1,1,60.0,0,I,LARGE_PROVINCIAL_CITIES,STREET,12,12.0
86556,1,6,120,5,1,80.0,0,N,RURAL_VICTORIA,ROAD,12,11.0
86557,1,6,130,1,1,60.0,0,I,SMALL_CITIES,STREET,12,16.0
86558,1,7,121,1,1,60.0,0,N,MELB_URBAN,ROAD,12,13.0
86559,1,6,113,2,1,60.0,0,I,SMALL_CITIES,ROAD,12,10.0
86560,1,7,113,1,1,60.0,0,I,SMALL_CITIES,ROAD,12,15.0
86561,1,6,110,1,1,50.0,0,I,MELB_URBAN,STREET,12,12.0
86562,1,6,121,2,1,60.0,0,I,MELB_URBAN,ROAD,12,17.0
86563,1,7,120,5,1,100.0,0,N,RURAL_VICTORIA,HIGHWAY,12,14.0
86564,1,6,110,4,2,50.0,0,I,TOWNS,STREET,12,20.0
86565,2,7,102,1,1,80.0,0,I,MELB_URBAN,ROAD,12,15.0
86566,1,6,163,5,1,60.0,0,N,MELBOURNE_CBD,STREET,12,12.0
86567,1,3,147,2,1,60.0,0,I,MELB_URBAN,STREET,12,16.0
86568,1,7,99,5,1,100.0,0,N,RURAL_VICTORIA,ROAD,12,16.0
86569,1,7,120,5,1,100.0,0,N,RURAL_VICTORIA,ROAD,12,19.0
86570,2,7,100,1,3,40.0,0,I,MELB_URBAN,STREET,12,2.0
86571,6,7,99,5,5,100.0,0,N,RURAL_VICTORIA,ROAD,12,0.0
86572,1,6,121,1,3,60.0,0,I,MELB_URBAN,ROAD,12,23.0
86573,4,1,171,5,6,50.0,0,N,MELB_URBAN,STREET,12,0.0
86574,2,1,102,1,3,60.0,0,I,MELB_URBAN,ROAD,12,1.0
86575,4,2,181,5,5,100.0,0,N,RURAL_VICTORIA,ROAD,12,4.0
86576,1,1,120,5,3,70.0,0,N,MELB_URBAN,DRIVE,12,2.0
86577,1,1,121,1,3,60.0,0,I,MELB_URBAN,ROAD,12,1.0
86578,1,7,110,1,3,50.0,0,I,SMALL_CITIES,STREET,12,5.0
86579,1,7,120,2,1,60.0,0,I,MELB_URBAN,ROAD,12,13.0
86580,2,1,99,5,1,50.0,0,N,TOWNS,PARADE,12,9.0
86581,4,6,181,5,1,100.0,0,N,RURAL_VICTORIA,ROAD,12,8.0
86582,6,1,99,5,1,110.0,0,N,RURAL_VICTORIA,FREEWAY,12,11.0
86583,1,2,110,1,1,60.0,0,I,MELB_URBAN,ROAD,12,18.0
86584,6,5,174,5,1,60.0,0,N,RURAL_VICTORIA,ROAD,12,17.0
86585,4,7,183,5,1,60.0,0,N,RURAL_VICTORIA,ROAD,12,16.0
86586,4,1,181,5,1,100.0,0,N,RURAL_VICTORIA,ROAD,12,11.0
86587,1,7,147,5,6,50.0,0,N,SMALL_CITIES,ROAD,12,21.0
86588,1,0,130,1,1,60.0,0,I,MELB_URBAN,STREET,12,7.0