,accident_type,day_of_week,dca_code,road_geometry,light_condition,speed_zone,severity,node_type,deg_urban_name,road_type,month,hour
86589,1,1,99,5,2,40.0,0,I,MELB_URBAN,STREET,12,6.0
86590,4,1,171,5,1,100.0,0,N,RURAL_VICTORIA,FREEWAY,12,13.0
86591,1,2,130,2,1,60.0,0,I,MELB_URBAN,ROAD,12,16.0
86592,1,5,133,5,1,110.0,0,N,MELB_URBAN,ROAD,12,9.0
86593,6,5,170,2,5,100.0,0,I,RURAL_VICTORIA,ROAD,11,21.0
86594,1,1,130,5,1,60.0,0,N,MELB_URBAN,ROAD,12,10.0
86595,1,1,113,2,3,60.0,0,I,MELB_URBAN,OTHER,12,1.0
86596,1,0,113,2,1,60.0,0,I,SMALL_CITIES,STREET,12,14.0
86597,1,1,130,5,1,80.0,0,N,RURAL_VICTORIA,HIGHWAY,12,14.0
86598,6,1,99,5,1,100.0,0,N,RURAL_VICTORIA,ROAD,12,11.0
86599,1,1,133,5,1,80.0,0,N,MELB_URBAN,HIGHWAY,12,14.0
86600,7,0,99,5,1,40.0,0,N,RURAL_VICTORIA,ROAD,12,12.0
86601,1,1,133,1,3,60.0,0,I,MELB_URBAN,ROAD,12,1.0
86602,6,1,170,5,1,60.0,0,N,MELB_URBAN,ROAD,12,16.0
86603,4,0,181,5,1,80.0,0,N,RURAL_VICTORIA,ROAD,12,16.0
86604,2,1,100,2,1,80.0,0,I,MELB_URBAN,HIGHWAY,12,15.0
86605,1,0,134,3,1,100.0,0,I,MELB_URBAN,FREEWAY,12,13.0
86606,1,1,110,1,1,50.0,0,I,MELB_URBAN,STREET,12,18.0
86607,6,1,170,1,1,100.0,0,I,RURAL_VICTORIA,ROAD,12,16.0
86608,1,1,121,1,3,60.0,0,I,MELB_URBAN,ROAD,12,20.0
86609,1,6,130,1,1,60.0,0,I,MELB_URBAN,ROAD,12,14.0
86610,4,1,171,5,5,100.0,0,N,RURAL_VICTORIA,ROAD,12,22.0
86611,4,1,183,5,1,60.0,1,N,RURAL_VICTORIA,ROAD,12,20.0
86612,1,5,135,1,1,60.0,0,I,MELB_URBAN,STREET,12,8.0
86613,4,2,171,5,1,80.0,0,I,MELB_URBAN,ROAD,12,7.0
86614,4,1,181,5,1,80.0,0,N,RURAL_VICTORIA,ROAD,12,10.0
86615,8,1,99,5,1,100.0,0,N,RURAL_VICTORIA,ROAD,12,8.0
86616,1,2,99,5,1,100.0,0,N,RURAL_VICTORIA,ROAD,12,7.0
86617,1,2,120,5,1,60.0,0,N,MELB_URBAN,ROAD,12,7.0
86618,1,5,130,2,9,60.0,0,N,MELB_URBAN,ROAD,11,18.0
86619,1,2,147,5,1,40.0,0,I,MELB_URBAN,OTHER,12,8.0
86620,1,2,130,5,1,60.0,0,N,MELB_URBAN,ROAD,12,10.0
86621,1,3,130,1,3,60.0,0,I,MELB_URBAN,ROAD,5,17.0
86622,2,2,99,5,1,50.0,0,N,MELB_URBAN,STREET,12,7.0
86623,1,6,111,2,3,80.0,0,I,MELB_URBAN,HIGHWAY,12,21.0
86624,1,5,99,5,3,60.0,0,I,MELB_URBAN,STREET,12,20.0
86625,1,2,113,2,1,60.0,0,I,MELB_URBAN,HIGHWAY,12,7.0
86626,1,4,130,5,1,60.0,0,N,MELB_URBAN,ROAD,12,16.0
86627,1,2,113,2,1,80.0,0,I,RURAL_VICTORIA,DRIVE,12,12.0
86628,1,7,110,1,1,40.0,0,I,SMALL_CITIES,ROAD,12,12.0
86629,1,5,110,1,1,60.0,0,I,MELB_URBAN,ROAD,12,16.0
86630,1,6,99,5,1,60.0,0,N,SMALL_TOWNS,OTHER,12,9.0
86631,1,2,132,2,1,100.0,0,I,RURAL_VICTORIA,HIGHWAY,12,13.0
86632,1,2,140,5,1,70.0,0,N,MELB_URBAN,ROAD,12,13.0
86633,1,7,113,1,1,50.0,0,I,MELB_URBAN,ROAD,12,15.0
86634,1,2,121,2,1,80.0,0,I,MELB_URBAN,HIGHWAY,12,14.0
86635,2,2,102,2,1,50.0,0,I,MELB_URBAN,ROAD,12,16.0
86636,1,2,113,1,1,100.0,0,I,RURAL_VICTORIA,HIGHWAY,12,15.0
86637,1,2,99,2,1,60.0,0,I,MELB_URBAN,STREET,12,14.0
86638,1,5,130,2,9,80.0,0,I,MELB_URBAN,FREEWAY,12,7.0
86639,1,2,121,5,1,60.0,0,N,MELB_URBAN,UNKNOWN,12,15.0
86640,1,1,121,2,1,60.0,0,I,MELB_URBAN,ROAD,12,14.0
86641,1,2,120,5,1,100.0,1,N,RURAL_VICTORIA,ROAD,12,16.0
86642,6,2,174,1,3,60.0,0,I,MELB_URBAN,ROAD,12,22.0
86643,1,1,121,5,3,60.0,0,N,MELB_URBAN,STREET,12,22.0
86644,1,2,110,4,2,70.0,0,I,MELB_URBAN,ROAD,12,5.0
86645,4,2,171,1,1,60.0,0,I,SMALL_CITIES,STREET,12,14.0
86646,1,6,110,1,1,60.0,0,I,TOWNS,ROAD,12,9.0
86647,1,3,99,5,3,50.0,0,N,MELB_URBAN,ROAD,12,4.0
86648,2,6,102,1,1,60.0,0,I,MELB_URBAN,HIGHWAY,12,18.0
86649,1,7,130,5,1,80.0,0,N,MELB_URBAN,FREEWAY,12,13.0
86650,1,3,130,1,1,60.0,0,I,MELB_URBAN,STREET,12,6.0
86651,4,3,173,5,3,60.0,0,N,MELB_URBAN,ROAD,8,20.0
86652,1,3,113,2,1,80.0,0,I,RURAL_VICTORIA,ROAD,12,10.0
86653,1,3,133,5,1,80.0,0,N,MELB_URBAN,FREEWAY,12,10.0
86654,1,3,110,1,1,60.0,0,I,MELB_URBAN,DRIVE,12,9.0
86655,1,3,120,5,1,80.0,0,N,RURAL_VICTORIA,ROAD,12,10.0
86656,4,3,171,5,1,100.0,0,N,RURAL_VICTORIA,HIGHWAY,12,10.0
86657,1,3,110,1,1,50.0,0,I,MELB_URBAN,STREET,12,8.0
86658,2,3,102,5,1,40.0,1,N,MELB_URBAN,ROAD,12,11.0
86659,4,3,173,5,1,50.0,0,N,TOWNS,STREET,12,11.0
86660,1,3,99,4,1,60.0,0,I,MELB_URBAN,ROAD,12,13.0
86661,1,2,130,5,1,60.0,0,N,MELB_URBAN,HIGHWAY,12,11.0
86662,1,3,160,5,1,60.0,0,N,LARGE_PROVINCIAL_CITIES,STREET,12,12.0
86663,1,3,111,1,1,50.0,0,I,LARGE_PROVINCIAL_CITIES,STREET,12,10.0
86664,1,7,116,1,3,70.0,0,N,MELB_URBAN,ROAD,12,1.0
86665,1,3,110,1,1,100.0,0,I,RURAL_VICTORIA,HIGHWAY,12,10.0
86666,1,3,116,2,1,60.0,0,I,LARGE_PROVINCIAL_CITIES,STREET,12,13.0
86667,8,3,184,5,1,60.0,0,N,RURAL_VICTORIA,ROAD,12,9.0
86668,1,2,130,5,1,80.0,0,N,MELB_URBAN,ROAD,12,7.0
86669,6,3,184,2,1,100.0,0,I,RURAL_VICTORIA,OTHER,12,14.0
86670,4,3,173,2,3,60.0,0,I,MELB_URBAN,ROAD,12,0.0
86671,1,2,111,2,1,50.0,0,I,MELB_URBAN,STREET,12,7.0
86672,1,3,113,2,1,100.0,0,I,RURAL_VICTORIA,HIGHWAY,12,16.0
86673,2,1,100,2,1,60.0,0,N,MELB_URBAN,ROAD,12,18.0
86674,4,3,183,5,1,60.0,0,N,RURAL_VICTORIA,ROAD,12,14.0
86675,1,3,99,5,1,100.0,0,N,RURAL_VICTORIA,ROAD,12,16.0
86676,1,3,130,2,1,70.0,0,I,MELB_URBAN,ROAD,12,17.0
86677,4,3,173,5,1,80.0,0,N,RURAL_VICTORIA,ROAD,12,17.0
86678,1,3,110,1,1,50.0,0,I,MELB_URBAN,STREET,12,16.0
86679,1,3,99,5,1,60.0,0,N,MELB_URBAN,STREET,12,16.0
86680,4,3,173,5,1,50.0,0,N,MELB_URBAN,BOULEVARD,12,17.0
86681,1,3,121,2,1,70.0,0,I,MELB_URBAN,AVENUE,12,15.0
86682,1,3,130,5,1,110.0,0,N,RURAL_VICTORIA,FREEWAY,12,18.0
86683,1,2,160,5,1,50.0,0,N,LARGE_PROVINCIAL_CITIES,AVENUE,12,20.0
86684,6,3,174,1,1,50.0,0,I,LARGE_PROVINCIAL_CITIES,STREET,12,14.0
86685,6,7,99,5,1,100.0,0,N,RURAL_VICTORIA,ROAD,12,13.0
86686,1,3,113,2,1,60.0,0,I,RURAL_VICTORIA,ROAD,12,17.0
86687,1,3,130,5,3,80.0,0,N,MELB_URBAN,FREEWAY,12,22.0
86688,4,3,183,5,5,100.0,0,N,RURAL_VICTORIA,ROAD,12,23.0
86689,4,4,171,5,3,60.0,0,N,MELB_URBAN,ROAD,12,4.0
86690,4,1,173,2,1,60.0,0,I,TOWNS,UNKNOWN,12,9.0
86691,4,3,183,5,1,100.0,0,N,RURAL_VICTORIA,ROAD,12,18.0
86692,1,4,111,1,1,60.0,0,I,MELB_URBAN,ROAD,12,6.0
86693,2,3,99,2,1,50.0,0,I,SMALL_CITIES,ROAD,12,17.0
86694,4,7,171,1,1,70.0,0,I,RURAL_VICTORIA,ROAD,12,15.0
86695,1,2,130,5,1,60.0,0,N,MELB_URBAN,STREET,12,12.0
86696,1,4,160,5,1,60.0,0,N,MELB_URBAN,ROAD,12,7.0
86697,1,2,99,2,1,50.0,0,I,TOWNS,HIGHWAY,12,6.0
86698,2,4,100,1,1,60.0,0,I,MELB_URBAN,ROAD,12,9.0
86699,1,3,99,2,3,50.0,0,I,SMALL_CITIES,DRIVE,12,22.0
86700,1,4,121,2,1,70.0,0,I,MELB_URBAN,STREET,12,7.0
86701,2,1,99,5,1,50.0,0,N,MELB_URBAN,ROAD,12,18.0
86702,1,4,130,5,1,60.0,0,N,RURAL_VICTORIA,HIGHWAY,12,12.0
86703,1,3,121,5,1,50.0,0,N,MELB_URBAN,STREET,12,10.0
86704,1,4,121,1,1,60.0,0,I,MELB_URBAN,ROAD,12,11.0
86705,2,1,102,1,9,60.0,0,I,MELB_URBAN,ROAD,12,19.0
86706,1,4,110,1,1,80.0,0,I,RURAL_VICTORIA,ROAD,12,10.0
86707,1,4,163,5,1,40.0,0,N,MELB_URBAN,STREET,12,9.0
86708,1,4,111,2,1,60.0,0,I,MELB_URBAN,STREET,12,12.0
86709,1,3,121,2,1,60.0,0,I,MELB_URBAN,ROAD,12,8.0
86710,1,7,120,5,1,60.0,0,N,LARGE_PROVINCIAL_CITIES,ROAD,11,13.0
86711,1,2,121,2,1,60.0,0,I,MELB_URBAN,ROAD,12,15.0
86712,1,4,121,2,1,50.0,0,I,MELB_URBAN,ROAD,12,13.0
86713,1,4,113,2,1,100.0,0,I,RURAL_VICTORIA,ROAD,12,12.0
86714,1,3,121,2,1,60.0,0,I,MELB_URBAN,ROAD,12,12.0
86715,3,0,167,5,5,100.0,0,N,RURAL_VICTORIA,ROAD,12,21.0
86716,1,3,121,1,2,80.0,0,I,MELB_URBAN,ROAD,12,19.0
86717,1,3,130,5,1,60.0,0,N,MELB_URBAN,ROAD,12,15.0
86718,6,6,174,1,1,50.0,0,I,MELB_URBAN,STREET,12,15.0
86719,1,4,99,5,1,60.0,0,N,MELB_URBAN,STREET,12,14.0
86720,2,4,99,5,1,50.0,0,N,SMALL_CITIES,ROAD,12,15.0
86721,1,4,113,2,1,50.0,0,I,SMALL_CITIES,STREET,12,16.0
86722,1,4,99,2,1,50.0,0,I,MELB_URBAN,ROAD,12,17.0
86723,1,4,121,1,1,60.0,0,I,MELB_URBAN,ROAD,12,15.0
86724,1,3,130,5,1,60.0,0,N,MELB_URBAN,STREET,12,11.0
86725,4,4,181,5,1,110.0,0,N,RURAL_VICTORIA,FREEWAY,12,17.0
86726,8,4,99,5,1,100.0,0,N,RURAL_VICTORIA,HIGHWAY,12,17.0
86727,1,3,110,1,1,50.0,0,I,SMALL_CITIES,STREET,12,18.0
86728,1,4,130,2,1,60.0,0,I,MELB_URBAN,ROAD,12,9.0
86729,1,4,110,1,1,50.0,0,I,MELB_URBAN,DRIVE,12,18.0
86730,4,4,181,5,2,60.0,0,N,MELB_URBAN,ROAD,12,20.0
86731,1,3,135,5,1,60.0,0,N,MELB_URBAN,ROAD,12,16.0
86732,1,4,130,5,1,60.0,0,N,MELB_URBAN,STREET,12,16.0
86733,2,4,99,5,3,60.0,0,N,MELB_URBAN,ROAD,12,21.0
86734,1,4,121,1,1,70.0,0,I,RURAL_VICTORIA,ROAD,12,19.0
86735,4,4,99,6,2,50.0,0,I,MELB_URBAN,STREET,12,18.0
86736,1,4,121,2,1,50.0,0,I,MELB_URBAN,OTHER,12,20.0
86737,8,4,174,5,3,40.0,0,N,MELBOURNE_CBD,STREET,12,22.0
86738,1,5,160,5,3,60.0,1,N,MELB_URBAN,ROAD,12,0.0
86739,4,2,171,2,3,80.0,0,I,MELB_URBAN,HIGHWAY,6,18.0
86740,1,3,130,1,1,40.0,0,I,MELB_URBAN,ROAD,12,13.0
86741,1,5,110,1,1,60.0,0,I,MELB_URBAN,STREET,12,7.0
86742,1,5,111,4,1,60.0,0,I,MELB_URBAN,FREEWAY,12,7.0
86743,1,4,134,2,1,50.0,0,I,MELB_URBAN,STREET,12,8.0
86744,2,5,102,5,1,50.0,0,N,MELB_URBAN,STREET,12,9.0
86745,2,5,100,1,1,50.0,0,I,SMALL_CITIES,STREET,12,10.0
86746,1,4,110,1,1,60.0,0,I,RURAL_VICTORIA,ROAD,12,10.0
86747,1,5,113,3,1,80.0,0,I,MELB_URBAN,ROAD,12,9.0
86748,1,4,120,5,1,100.0,0,N,RURAL_VICTORIA,HIGHWAY,12,11.0
86749,1,3,140,2,1,60.0,0,I,MELB_URBAN,HIGHWAY,12,16.0
86750,1,5,132,2,1,80.0,0,I,RURAL_VICTORIA,ROAD,12,12.0
86751,1,5,132,5,1,50.0,0,N,LARGE_PROVINCIAL_CITIES,STREET,12,13.0
86752,1,5,110,1,1,100.0,1,I,RURAL_VICTORIA,ROAD,12,12.0
86753,1,4,130,1,1,60.0,0,N,MELB_URBAN,ROAD,12,16.0
86754,1,5,163,5,1,60.0,0,N,MELB_URBAN,STREET,12,15.0
86755,1,5,110,1,1,50.0,0,I,MELB_URBAN,ROAD,12,16.0
86756,2,4,100,1,1,50.0,0,I,MELB_URBAN,ROAD,12,10.0
86757,4,4,173,5,1,70.0,0,N,MELB_URBAN,ROAD,12,17.0
86758,1,5,121,1,1,60.0,0,I,MELB_URBAN,STREET,12,16.0
86759,1,5,99,5,1,60.0,0,N,MELB_URBAN,BOULEVARD,12,17.0
86760,1,4,99,2,1,60.0,0,I,MELB_URBAN,UNKNOWN,12,16.0
86761,1,3,116,2,1,60.0,0,I,MELB_URBAN,STREET,12,18.0
86762,1,5,130,5,1,100.0,0,N,MELB_URBAN,FREEWAY,12,17.0
86763,1,5,116,1,1,60.0,0,I,MELB_URBAN,ROAD,12,18.0
86764,1,5,113,2,1,70.0,0,I,MELB_URBAN,HIGHWAY,12,15.0
86765,1,5,120,5,1,80.0,0,N,RURAL_VICTORIA,ROAD,12,18.0
86766,1,1,110,1,3,60.0,0,I,LARGE_PROVINCIAL_CITIES,ROAD,12,22.0
86767,1,5,121,2,2,70.0,0,I,MELB_URBAN,ROAD,12,17.0
86768,1,5,121,2,3,60.0,0,I,MELB_URBAN,STREET,12,20.0
86769,4,5,171,2,3,60.0,0,N,MELB_URBAN,ROAD,12,23.0
86770,2,6,99,2,3,40.0,0,N,MELB_URBAN,STREET,12,2.0
86771,6,6,99,5,5,110.0,0,N,RURAL_VICTORIA,FREEWAY,12,0.0
86772,1,4,121,4,2,80.0,0,I,MELB_URBAN,HIGHWAY,12,5.0
86773,1,6,140,5,5,110.0,0,N,RURAL_VICTORIA,FREEWAY,12,0.0
86774,1,6,160,5,3,50.0,0,N,MELB_URBAN,ROAD,12,4.0
86775,1,6,120,5,3,60.0,0,N,MELB_URBAN,STREET,12,22.0
86776,1,1,99,5,3,100.0,0,N,MELB_URBAN,FREEWAY,12,21.0
86777,8,0,174,2,1,100.0,0,N,RURAL_VICTORIA,OTHER,12,10.0
86778,1,4,130,5,1,50.0,0,N,SMALL_CITIES,STREET,12,9.0
86779,1,2,116,4,1,70.0,0,I,MELB_URBAN,RAMP,12,7.0
86780,1,6,121,1,1,60.0,0,I,MELB_URBAN,ROAD,12,9.0
86781,1,5,130,5,1,70.0,0,N,LARGE_PROVINCIAL_CITIES,HIGHWAY,12,17.0
86782,4,6,171,1,1,60.0,0,I,LARGE_PROVINCIAL_CITIES,STREET,12,10.0
86783,1,5,132,5,1,100.0,0,N,RURAL_VICTORIA,ROAD,12,10.0
86784,2,6,100,5,1,80.0,0,N,SMALL_CITIES,HIGHWAY,12,11.0
86785,1,4,99,5,1,50.0,0,N,MELB_URBAN,DRIVE,12,16.0
86786,5,1,99,5,5,100.0,0,N,RURAL_VICTORIA,HIGHWAY,12,1.0
86787,1,6,120,5,1,100.0,1,N,RURAL_VICTORIA,ROAD,12,7.0
86788,4,5,99,2,3,50.0,0,I,MELB_URBAN,DRIVE,12,21.0
86789,1,6,160,5,1,80.0,0,N,RURAL_VICTORIA,HIGHWAY,12,10.0
86790,1,6,113,2,1,50.0,0,I,MELB_URBAN,DRIVE,12,14.0
86791,1,5,130,2,1,60.0,0,I,MELB_URBAN,ROAD,12,16.0
86792,4,6,183,5,1,110.0,0,N,RURAL_VICTORIA,FREEWAY,12,15.0
86793,1,6,110,1,1,50.0,0,I,MELB_URBAN,STREET,12,15.0
86794,1,6,121,5,1,60.0,0,N,MELB_URBAN,ROAD,12,14.0
86795,1,6,130,5,1,100.0,1,N,RURAL_VICTORIA,ROAD,12,10.0
86796,1,6,110,1,1,50.0,0,I,MELB_URBAN,ROAD,12,16.0
86797,1,5,130,5,1,30.0,0,N,MELB_URBAN,ROAD,12,14.0
86798,4,5,181,5,1,100.0,0,O,RURAL_VICTORIA,UNKNOWN,12,18.0
86799,4,6,181,2,1,60.0,0,I,MELB_URBAN,STREET,12,17.0
86800,1,5,120,2,1,60.0,0,N,MELB_URBAN,ROAD,12,17.0
86801,8,6,174,2,3,50.0,0,I,MELB_URBAN,ROAD,12,21.0
86802,1,6,147,5,1,60.0,0,N,RURAL_VICTORIA,DRIVE,12,16.0
86803,8,6,184,2,5,60.0,0,I,RURAL_VICTORIA,ROAD,12,21.0
86804,1,6,160,5,3,50.0,0,N,TOWNS,STREET,12,22.0
86805,2,5,102,1,3,40.0,0,I,MELB_URBAN,ROAD,12,0.0
86806,1,6,130,1,2,80.0,0,I,MELB_URBAN,ROAD,12,20.0
86807,1,6,121,1,3,60.0,0,I,MELB_URBAN,ROAD,12,23.0
86808,6,6,170,5,5,60.0,0,N,SMALL_CITIES,ROAD,12,21.0
86809,6,7,184,5,5,100.0,0,N,RURAL_VICTORIA,HIGHWAY,12,1.0
86810,4,7,171,5,5,50.0,0,N,RURAL_VICTORIA,ROAD,12,0.0
86811,2,4,100,5,1,50.0,0,N,SMALL_CITIES,STREET,12,13.0
86812,1,5,160,1,1,60.0,0,I,MELB_URBAN,ROAD,12,15.0
86813,1,7,113,2,1,60.0,0,I,SMALL_CITIES,STREET,12,10.0
86814,1,6,130,5,1,80.0,0,I,MELB_URBAN,ROAD,12,13.0
86815,1,6,121,1,3,70.0,0,I,MELB_URBAN,STREET,12,21.0
86816,1,7,110,1,1,60.0,0,I,LARGE_PROVINCIAL_CITIES,STREET,12,11.0
86817,2,6,100,5,1,50.0,0,N,MELB_URBAN,STREET,12,12.0
86818,1,7,113,1,1,70.0,0,I,MELB_URBAN,ROAD,12,11.0
86819,1,7,99,2,1,60.0,0,N,MELB_URBAN,ROAD,12,13.0
86820,4,7,181,5,1,100.0,0,N,RURAL_VICTORIA,ROAD,12,14.0
86821,1,7,121,1,1,40.0,0,I,MELB_URBAN,STREET,12,15.0
86822,1,7,121,2,1,60.0,0,I,MELB_URBAN,ROAD,12,15.0
86823,1,7,130,5,1,70.0,0,I,MELB_URBAN,ROAD,12,15.0
86824,1,7,99,1,1,60.0,0,I,MELB_URBAN,HIGHWAY,12,16.0
86825,4,7,173,5,1,100.0,0,N,RURAL_VICTORIA,ROAD,12,13.0
86826,1,7,130,1,1,70.0,0,I,MELB_URBAN,ROAD,12,15.0
86827,4,7,173,2,1,60.0,0,I,SMALL_CITIES,ROAD,12,18.0
86828,4,7,171,5,1,50.0,0,N,MELB_URBAN,DRIVE,12,17.0
86829,4,6,173,5,1,60.0,0,N,MELB_URBAN,ROAD,12,18.0
86830,1,7,110,1,1,70.0,0,I,MELB_URBAN,ROAD,12,16.0
86831,4,7,181,5,2,60.0,0,N,SMALL_CITIES,ROAD,12,20.0
86832,1,7,99,5,1,100.0,1,N,RURAL_VICTORIA,ROAD,12,16.0
86833,4,7,183,5,1,100.0,0,N,RURAL_VICTORIA,ROAD,12,17.0
86834,1,7,132,2,1,100.0,0,I,RURAL_VICTORIA,AVENUE,12,17.0
86835,1,6,130,2,1,80.0,0,I,RURAL_VICTORIA,ROAD,12,14.0
86836,4,7,183,5,5,100.0,0,N,RURAL_VICTORIA,HIGHWAY,12,23.0
86837,4,7,173,5,1,110.0,0,N,RURAL_VICTORIA,FREEWAY,12,9.0
86838,1,7,99,5,1,60.0,0,N,MELB_URBAN,STREET,12,12.0
86839,1,6,110,1,1,50.0,0,I,TOWNS,ROAD,12,9.0
86840,4,1,171,5,1,50.0,0,N,MELB_URBAN,ROAD,12,7.0
86841,1,6,160,5,1,60.0,0,N,MELB_URBAN,ROAD,12,12.0
86842,1,1,121,2,2,50.0,0,I,MELB_URBAN,STREET,12,6.0
86843,1,1,134,5,1,60.0,0,N,MELB_URBAN,UNKNOWN,12,8.0
86844,1,7,113,2,9,50.0,0,I,MELB_URBAN,STREET,12,19.0
86845,1,7,113,2,1,60.0,0,I,MELB_URBAN,OTHER,12,13.0
86846,1,1,99,2,1,60.0,0,I,MELB_URBAN,STREET,12,9.0
86847,1,1,130,2,1,60.0,0,I,LARGE_PROVINCIAL_CITIES,HIGHWAY,12,10.0
86848,1,6,130,2,1,60.0,0,I,MELB_URBAN,HIGHWAY,12,16.0
86849,1,0,121,2,1,60.0,0,I,MELB_URBAN,STREET,12,13.0
86850,4,7,181,5,1,80.0,0,N,RURAL_VICTORIA,DRIVE,12,13.0
86851,1,1,120,5,1,60.0,0,N,SMALL_CITIES,HIGHWAY,12,13.0
86852,4,1,99,3,5,100.0,0,I,RURAL_VICTORIA,ROAD,12,0.0
86853,1,4,116,2,2,50.0,0,I,MELB_URBAN,OTHER,12,16.0
86854,2,6,100,5,9,40.0,0,N,MELBOURNE_CBD,STREET,12,11.0
86855,6,1,174,5,1,100.0,0,N,RURAL_VICTORIA,ROAD,12,11.0
86856,4,1,171,5,1,100.0,0,N,MELB_URBAN,FREEWAY,12,12.0
86857,3,7,167,5,2,100.0,0,N,RURAL_VICTORIA,ROAD,12,20.0
86858,1,1,113,2,1,60.0,0,I,MELB_URBAN,ROAD,12,15.0
86859,1,0,130,5,1,80.0,0,N,MELB_URBAN,HIGHWAY,12,16.0
86860,1,1,121,2,1,80.0,0,I,MELB_URBAN,ROAD,12,18.0
86861,1,1,99,5,1,100.0,0,N,RURAL_VICTORIA,AVENUE,12,16.0
86862,1,1,130,5,1,60.0,0,N,MELB_URBAN,ROAD,12,11.0
86863,1,1,147,5,1,60.0,0,N,SMALL_CITIES,STREET,12,17.0
86864,1,1,132,2,5,80.0,0,I,RURAL_VICTORIA,ROAD,10,21.0
86865,1,1,110,1,1,100.0,0,I,RURAL_VICTORIA,ROAD,12,18.0
86866,4,1,173,5,1,60.0,0,N,MELB_URBAN,ROAD,12,17.0
86867,1,1,130,2,1,90.0,0,I,MELB_URBAN,ROAD,12,20.0
86868,1,4,110,1,2,50.0,0,I,MELB_URBAN,STREET,11,18.0
86869,1,1,110,1,3,50.0,0,I,MELB_URBAN,AVENUE,12,22.0
86870,1,1,120,5,1,70.0,1,N,MELB_URBAN,ROAD,12,19.0
86871,1,2,110,1,3,80.0,0,I,MELB_URBAN,ROAD,12,1.0
86872,4,2,173,5,5,100.0,0,N,RURAL_VICTORIA,HIGHWAY,12,2.0
86873,1,2,113,2,1,70.0,0,I,MELB_URBAN,ROAD,12,6.0
86874,1,2,110,1,1,60.0,0,I,SMALL_CITIES,ROAD,12,8.0
86875,1,2,110,1,1,100.0,0,I,RURAL_VICTORIA,ROAD,12,10.0
86876,1,1,110,1,1,60.0,0,I,SMALL_CITIES,ROAD,12,11.0
86877,4,2,99,5,1,80.0,0,N,RURAL_VICTORIA,ROAD,12,11.0
86878,1,2,113,2,1,60.0,0,I,MELB_URBAN,ROAD,12,11.0
86879,1,2,121,2,1,60.0,0,I,MELB_URBAN,ROAD,12,12.0
86880,1,2,130,1,1,80.0,0,I,MELB_URBAN,ROAD,12,11.0
86881,8,2,99,5,1,60.0,0,N,RURAL_VICTORIA,ROAD,12,13.0
86882,4,2,171,5,1,60.0,0,N,MELB_URBAN,STREET,12,14.0
86883,1,1,132,5,1,60.0,0,N,MELB_URBAN,ROAD,12,16.0
86884,1,2,120,5,1,80.0,0,N,RURAL_VICTORIA,ROAD,12,16.0
86885,1,2,110,1,1,50.0,0,I,LARGE_PROVINCIAL_CITIES,STREET,12,17.0
86886,8,2,170,5,1,70.0,0,N,RURAL_VICTORIA,ROAD,12,18.0
86887,1,2,110,1,1,100.0,0,I,MELB_URBAN,ROAD,12,15.0
86888,1,2,99,5,2,60.0,0,N,TOWNS,ROAD,12,20.0
86889,1,2,121,1,1,50.0,0,I,SMALL_CITIES,STREET,12,19.0
86890,1,2,110,1,1,60.0,0,I,TOWNS,ROAD,12,18.0
86891,2,2,99,5,1,50.0,0,N,MELB_URBAN,OTHER,12,19.0
86892,1,1,120,5,3,60.0,0,N,RURAL_VICTORIA,ROAD,12,23.0
86893,1,7,130,1,1,60.0,0,N,MELB_URBAN,ROAD,12,9.0
86894,6,3,174,2,1,80.0,0,I,RURAL_VICTORIA,ROAD,12,10.0
86895,1,1,130,5,1,80.0,0,N,MELB_URBAN,ROAD,12,16.0
86896,1,4,140,5,1,40.0,0,N,MELBOURNE_CBD,STREET,11,12.0
86897,1,0,130,1,1,40.0,0,I,LARGE_PROVINCIAL_CITIES,STREET,12,12.0
86898,1,4,130,2,1,60.0,0,N,TOWNS,STREET,12,15.0
86899,1,6,99,2,1,60.0,0,I,MELB_URBAN,ROAD,12,16.0
86900,1,3,130,5,1,80.0,0,N,MELB_URBAN,ROAD,12,10.0
86901,6,3,170,5,1,50.0,0,N,RURAL_VICTORIA,OTHER,12,11.0
86902,1,3,133,1,1,50.0,0,I,MELB_URBAN,STREET,12,13.0
86903,1,3,132,5,1,60.0,0,N,MELB_URBAN,ROAD,12,13.0
86904,1,2,120,5,1,100.0,0,N,RURAL_VICTORIA,ROAD,12,11.0
86905,1,3,130,5,1,80.0,0,N,RURAL_VICTORIA,HIGHWAY,12,9.0
86906,1,3,132,2,1,100.0,0,I,RURAL_VICTORIA,HIGHWAY,12,12.0
86907,4,3,173,5,1,100.0,0,N,RURAL_VICTORIA,HIGHWAY,12,12.0
86908,1,2,160,2,1,70.0,0,N,MELB_URBAN,ROAD,12,12.0
86909,1,3,121,2,1,80.0,0,I,MELB_URBAN,ROAD,12,13.0
86910,1,3,110,1,1,100.0,1,I,RURAL_VICTORIA,ROAD,12,10.0
86911,1,3,130,5,1,100.0,0,N,RURAL_VICTORIA,ROAD,12,15.0
86912,8,5,170,5,2,60.0,0,N,RURAL_VICTORIA,ROAD,12,19.0
86913,1,3,113,2,1,60.0,0,I,MELB_URBAN,ROAD,12,17.0