,accident_type,day_of_week,dca_code,road_geometry,light_condition,speed_zone,severity,node_type,deg_urban_name,road_type,month,hour
86914,1,3,140,5,1,100.0,0,N,RURAL_VICTORIA,ROAD,12,17.0
86915,1,3,120,5,1,80.0,0,N,SMALL_CITIES,ROAD,12,15.0
86916,2,3,100,1,1,50.0,0,I,SMALL_CITIES,STREET,12,18.0
86917,4,3,171,5,1,80.0,0,N,RURAL_VICTORIA,ROAD,12,19.0
86918,1,3,121,1,1,60.0,0,I,SMALL_CITIES,STREET,12,18.0
86919,4,3,99,2,1,40.0,0,I,MELB_URBAN,STREET,12,19.0
86920,4,3,183,5,1,80.0,0,N,RURAL_VICTORIA,ROAD,12,15.0
86921,1,3,121,2,1,60.0,0,I,MELB_URBAN,OTHER,12,18.0
86922,1,3,130,2,1,50.0,0,I,SMALL_CITIES,PARADE,12,20.0
86923,1,3,120,2,3,60.0,0,N,MELB_URBAN,ROAD,12,4.0
86924,1,2,130,2,1,80.0,0,I,MELB_URBAN,STREET,11,8.0
86925,1,3,130,5,5,80.0,0,N,RURAL_VICTORIA,ROAD,12,23.0
86926,1,4,133,5,2,80.0,0,N,RURAL_VICTORIA,ROAD,12,6.0
86927,4,4,171,2,3,50.0,0,N,MELB_URBAN,DRIVE,12,3.0
86928,4,1,171,5,1,100.0,0,N,RURAL_VICTORIA,ROAD,12,16.0
86929,6,1,170,5,1,50.0,0,N,MELB_URBAN,OTHER,12,13.0
86930,1,3,140,5,2,50.0,0,N,TOWNS,STREET,12,21.0
86931,1,5,110,1,1,50.0,0,I,LARGE_PROVINCIAL_CITIES,STREET,12,19.0
86932,1,7,120,5,1,100.0,0,N,RURAL_VICTORIA,UNKNOWN,11,14.0
86933,1,4,99,1,1,50.0,0,I,LARGE_PROVINCIAL_CITIES,STREET,12,11.0
86934,4,1,173,5,1,100.0,0,N,RURAL_VICTORIA,OTHER,12,18.0
86935,4,4,181,5,1,100.0,0,N,RURAL_VICTORIA,ROAD,12,10.0
86936,1,4,121,2,1,60.0,0,I,MELB_URBAN,ROAD,12,11.0
86937,6,4,174,1,1,90.0,0,I,RURAL_VICTORIA,ROAD,12,11.0
86938,1,4,113,2,1,60.0,0,I,MELB_URBAN,STREET,12,12.0
86939,1,4,120,5,1,100.0,1,N,RURAL_VICTORIA,ROAD,12,11.0
86940,4,4,183,5,1,100.0,0,N,RURAL_VICTORIA,ROAD,12,10.0
86941,1,4,113,2,1,60.0,0,I,MELB_URBAN,ROAD,12,14.0
86942,1,4,99,2,1,70.0,0,I,MELB_URBAN,ROAD,12,13.0
86943,1,4,140,5,1,60.0,0,N,RURAL_VICTORIA,HIGHWAY,12,15.0
86944,4,4,171,5,1,60.0,0,N,SMALL_CITIES,STREET,12,15.0
86945,1,4,121,4,1,60.0,0,I,MELB_URBAN,HIGHWAY,12,15.0
86946,1,4,99,1,1,50.0,0,I,TOWNS,ROAD,12,15.0
86947,4,2,173,5,5,60.0,0,N,RURAL_VICTORIA,ROAD,12,22.0
86948,1,4,160,5,2,80.0,0,N,MELB_URBAN,HIGHWAY,12,19.0
86949,1,4,147,5,1,60.0,0,N,SMALL_CITIES,STREET,12,17.0
86950,2,4,99,9,3,60.0,0,I,MELB_URBAN,STREET,12,21.0
86951,1,3,121,2,1,60.0,0,I,MELB_URBAN,ROAD,12,17.0
86952,4,5,173,5,9,80.0,0,N,RURAL_VICTORIA,ROAD,12,17.0
86953,1,4,110,4,3,80.0,0,I,MELB_URBAN,ROAD,12,22.0
86954,7,4,99,5,6,60.0,0,N,RURAL_VICTORIA,ROAD,12,22.0
86955,1,6,130,5,1,80.0,0,N,MELB_URBAN,RAMP,12,17.0
86956,1,4,110,1,1,50.0,0,I,MELB_URBAN,ROAD,12,11.0
86957,1,4,120,5,1,60.0,0,N,MELB_URBAN,ROAD,12,14.0
86958,1,5,130,1,9,60.0,0,I,MELB_URBAN,STREET,11,14.0
86959,2,6,99,5,1,40.0,0,N,MELB_URBAN,STREET,12,14.0
86960,5,5,99,5,1,50.0,0,N,MELB_URBAN,ROAD,12,10.0
86961,1,3,120,5,1,100.0,0,N,RURAL_VICTORIA,ROAD,12,14.0
86962,4,5,171,2,1,60.0,0,I,RURAL_VICTORIA,OTHER,12,9.0
86963,4,5,181,5,1,60.0,0,N,RURAL_VICTORIA,ROAD,12,7.0
86964,6,1,174,5,2,50.0,0,N,MELB_URBAN,DRIVE,12,20.0
86965,1,2,163,5,1,40.0,0,N,MELB_URBAN,STREET,11,13.0
86966,1,5,130,1,1,80.0,0,I,LARGE_PROVINCIAL_CITIES,HIGHWAY,12,12.0
86967,1,5,140,5,1,60.0,0,N,MELB_URBAN,ROAD,12,11.0
86968,1,5,99,5,1,60.0,0,N,MELB_URBAN,ROAD,12,10.0
86969,2,5,99,5,1,40.0,0,N,LARGE_PROVINCIAL_CITIES,STREET,12,12.0
86970,1,5,99,5,1,50.0,0,N,MELB_URBAN,AVENUE,12,13.0
86971,4,4,173,2,1,100.0,0,I,RURAL_VICTORIA,ROAD,12,10.0
86972,1,5,110,1,1,100.0,0,I,RURAL_VICTORIA,ROAD,12,12.0
86973,2,0,99,5,6,50.0,0,N,MELB_URBAN,ROAD,12,1.0
86974,4,5,171,5,1,80.0,0,N,RURAL_VICTORIA,HIGHWAY,12,17.0
86975,1,6,99,2,1,60.0,0,I,MELB_URBAN,ROAD,12,9.0
86976,1,5,130,5,1,60.0,0,N,MELB_URBAN,OTHER,12,10.0
86977,4,5,173,5,1,100.0,1,N,RURAL_VICTORIA,ROAD,12,16.0
86978,4,5,173,5,1,60.0,0,N,RURAL_VICTORIA,ROAD,12,16.0
86979,1,5,99,4,1,60.0,0,I,MELB_URBAN,RAMP,12,17.0
86980,1,5,160,2,3,50.0,0,N,MELB_URBAN,ROAD,12,0.0
86981,2,5,99,5,4,80.0,0,N,MELB_URBAN,RAMP,12,21.0
86982,1,5,99,2,3,50.0,0,N,MELB_URBAN,STREET,12,22.0
86983,1,5,99,2,3,40.0,0,N,MELB_URBAN,STREET,12,23.0
86984,1,5,121,1,1,60.0,0,I,MELB_URBAN,ROAD,12,15.0
86985,4,5,171,5,1,50.0,0,N,MELB_URBAN,STREET,12,19.0
86986,1,6,121,1,1,50.0,0,I,MELB_URBAN,STREET,12,9.0
86987,5,5,99,3,1,100.0,0,I,RURAL_VICTORIA,OTHER,12,19.0
86988,1,1,130,5,1,60.0,0,N,MELB_URBAN,ROAD,12,8.0
86989,1,6,135,5,1,100.0,0,N,MELB_URBAN,FREEWAY,12,8.0
86990,8,6,174,2,1,60.0,0,I,MELB_URBAN,STREET,12,9.0
86991,1,6,120,5,1,80.0,0,N,MELB_URBAN,HIGHWAY,12,10.0
86992,1,6,134,5,1,80.0,0,N,MELB_URBAN,ROAD,12,11.0
86993,1,6,121,1,1,50.0,1,I,SMALL_CITIES,STREET,12,7.0
86994,8,4,99,2,1,80.0,0,I,RURAL_VICTORIA,ROAD,12,16.0
86995,4,6,181,5,1,80.0,0,N,RURAL_VICTORIA,ROAD,12,9.0
86996,4,5,171,5,1,60.0,0,N,SMALL_CITIES,HIGHWAY,12,12.0
86997,6,5,184,5,1,100.0,0,N,RURAL_VICTORIA,HIGHWAY,12,10.0
86998,1,6,130,5,1,60.0,0,N,MELB_URBAN,ROAD,12,12.0
86999,1,6,163,5,1,60.0,0,N,TOWNS,ROAD,12,12.0
87000,1,6,110,1,1,100.0,0,I,RURAL_VICTORIA,HIGHWAY,12,12.0
87001,2,6,100,1,1,40.0,0,I,MELB_URBAN,STREET,12,13.0
87002,4,6,173,5,1,110.0,0,N,RURAL_VICTORIA,FREEWAY,12,13.0
87003,4,5,183,5,1,60.0,0,N,RURAL_VICTORIA,ROAD,12,10.0
87004,1,6,130,1,1,100.0,0,I,RURAL_VICTORIA,ROAD,12,13.0
87005,1,4,121,4,1,60.0,0,I,MELB_URBAN,RAMP,12,12.0
87006,3,6,167,5,1,100.0,0,N,RURAL_VICTORIA,ROAD,12,14.0
87007,1,5,110,1,1,60.0,0,I,MELB_URBAN,ROAD,12,15.0
87008,1,6,130,5,1,60.0,0,N,MELB_URBAN,ROAD,12,16.0
87009,4,6,171,5,1,110.0,0,N,RURAL_VICTORIA,FREEWAY,12,12.0
87010,1,5,140,5,1,60.0,0,N,MELB_URBAN,ROAD,12,17.0
87011,4,6,181,5,1,100.0,0,N,RURAL_VICTORIA,HIGHWAY,12,15.0
87012,1,6,121,4,1,80.0,0,N,RURAL_VICTORIA,HIGHWAY,12,16.0
87013,1,5,120,2,1,50.0,0,N,MELB_URBAN,DRIVE,12,15.0
87014,2,7,99,5,1,60.0,0,N,MELB_URBAN,STREET,12,16.0
87015,1,6,130,4,1,60.0,0,I,MELB_URBAN,STREET,12,17.0
87016,4,6,183,5,1,100.0,0,N,RURAL_VICTORIA,HIGHWAY,12,17.0
87017,1,5,120,2,1,60.0,0,I,MELB_URBAN,DRIVE,12,18.0
87018,4,5,171,5,1,70.0,0,N,MELB_URBAN,ROAD,12,16.0
87019,4,6,173,5,3,60.0,0,N,SMALL_CITIES,STREET,12,5.0
87020,8,5,174,2,1,40.0,0,I,MELB_URBAN,ROAD,12,18.0
87021,4,5,171,5,1,80.0,0,N,RURAL_VICTORIA,HIGHWAY,12,11.0
87022,1,5,120,5,1,100.0,0,N,RURAL_VICTORIA,ROAD,12,15.0
87023,8,7,99,5,1,50.0,0,N,MELB_URBAN,OTHER,12,9.0
87024,4,6,183,5,1,50.0,0,N,SMALL_CITIES,DRIVE,12,14.0
87025,1,5,110,1,1,60.0,0,I,MELB_URBAN,ROAD,12,11.0
87026,1,7,130,2,1,80.0,0,N,LARGE_PROVINCIAL_CITIES,HIGHWAY,12,11.0
87027,4,6,173,2,1,50.0,0,N,SMALL_CITIES,DRIVE,12,20.0
87028,1,7,130,1,1,60.0,0,N,SMALL_CITIES,STREET,12,11.0
87029,1,5,130,5,9,60.0,0,N,MELB_URBAN,STREET,12,18.0
87030,1,7,130,2,1,70.0,0,I,MELB_URBAN,ROAD,12,11.0
87031,4,7,171,5,1,60.0,0,N,LARGE_PROVINCIAL_CITIES,STREET,12,13.0
87032,1,7,116,1,1,80.0,0,I,RURAL_VICTORIA,ROAD,12,14.0
87033,1,6,110,1,1,50.0,0,I,SMALL_CITIES,STREET,12,9.0
87034,4,7,171,5,1,60.0,0,N,SMALL_CITIES,DRIVE,12,14.0
87035,1,6,99,5,3,40.0,0,N,MELB_URBAN,STREET,12,21.0
87036,6,7,99,2,1,60.0,0,N,RURAL_VICTORIA,STREET,12,9.0
87037,1,7,120,5,1,100.0,0,N,SMALL_TOWNS,ROAD,12,14.0
87038,1,6,110,1,1,60.0,0,I,MELB_URBAN,ROAD,12,18.0
87039,8,4,99,5,9,100.0,1,N,RURAL_VICTORIA,ROAD,12,17.0
87040,4,7,171,5,5,80.0,0,N,MELB_URBAN,ROAD,12,21.0
87041,4,7,173,5,1,100.0,1,N,RURAL_VICTORIA,ROAD,12,13.0
87042,4,1,171,5,5,100.0,0,N,SMALL_TOWNS,FREEWAY,12,4.0
87043,1,1,130,1,1,60.0,0,I,MELB_URBAN,OTHER,12,7.0
87044,4,7,173,5,1,50.0,0,N,TOWNS,ROAD,12,13.0
87045,6,1,99,5,1,60.0,0,N,RURAL_VICTORIA,ROAD,12,9.0
87046,4,1,173,5,1,110.0,0,N,RURAL_VICTORIA,FREEWAY,12,9.0
87047,1,1,121,1,1,60.0,0,I,MELB_URBAN,ROAD,12,12.0
87048,4,1,181,5,1,100.0,0,N,RURAL_VICTORIA,ROAD,12,10.0
87049,1,7,130,2,1,60.0,0,I,MELB_URBAN,ROAD,12,13.0
87050,4,1,173,5,4,50.0,0,N,MELB_URBAN,DRIVE,12,1.0
87051,1,1,160,5,1,60.0,0,N,MELB_URBAN,ROAD,12,15.0
87052,6,1,174,5,1,60.0,0,N,MELB_URBAN,HIGHWAY,12,15.0
87053,8,7,99,5,1,80.0,0,N,MELB_URBAN,RAMP,12,15.0
87054,1,0,110,1,1,60.0,0,I,MELB_URBAN,ROAD,12,17.0
87055,6,1,174,2,1,50.0,0,I,SMALL_CITIES,AVENUE,12,17.0
87056,1,1,120,5,1,100.0,0,N,RURAL_VICTORIA,ROAD,12,14.0
87057,4,1,183,5,3,50.0,0,N,LARGE_PROVINCIAL_CITIES,AVENUE,12,21.0
87058,4,1,171,5,3,50.0,0,N,LARGE_PROVINCIAL_CITIES,STREET,12,23.0
87059,6,0,174,5,2,80.0,0,N,RURAL_VICTORIA,OTHER,12,20.0
87060,2,2,99,2,3,50.0,0,N,MELB_URBAN,STREET,1,0.0
87061,1,2,160,5,3,50.0,0,N,MELB_URBAN,STREET,1,2.0
87062,4,2,183,5,5,110.0,1,N,RURAL_VICTORIA,FREEWAY,1,1.0
87063,4,1,183,5,5,80.0,0,N,MELB_URBAN,DRIVE,12,23.0
87064,1,1,130,1,3,60.0,0,I,MELB_URBAN,STREET,1,3.0
87065,4,2,171,5,3,60.0,0,N,LARGE_PROVINCIAL_CITIES,STREET,1,3.0
87066,1,5,135,1,1,80.0,0,N,MELB_URBAN,ROAD,12,13.0
87067,1,2,130,1,3,60.0,0,I,MELB_URBAN,ROAD,1,1.0
87068,6,2,174,5,2,100.0,1,N,RURAL_VICTORIA,ROAD,1,5.0
87069,2,2,102,1,1,40.0,0,I,MELB_URBAN,ROAD,12,18.0
87070,8,1,174,2,1,50.0,0,I,SMALL_TOWNS,ROAD,12,8.0
87071,2,2,99,5,1,60.0,0,N,SMALL_CITIES,ROAD,1,12.0
87072,5,4,99,5,1,100.0,0,N,RURAL_VICTORIA,ROAD,12,16.0
87073,4,4,173,2,3,80.0,0,N,MELB_URBAN,ROAD,12,23.0
87074,5,6,99,5,1,50.0,0,N,RURAL_VICTORIA,OTHER,12,14.0
87075,4,2,183,5,1,60.0,0,N,SMALL_TOWNS,ROAD,1,12.0
87076,4,2,171,5,1,100.0,0,N,RURAL_VICTORIA,ROAD,1,13.0
87077,4,1,171,5,1,60.0,0,N,SMALL_TOWNS,OTHER,12,17.0
87078,4,2,183,5,1,70.0,0,N,RURAL_VICTORIA,ROAD,1,14.0
87079,4,1,183,2,3,60.0,0,I,SMALL_CITIES,STREET,12,21.0
87080,4,1,173,5,5,90.0,0,N,RURAL_VICTORIA,ROAD,12,23.0
87081,1,2,120,5,1,70.0,0,N,MELB_URBAN,ROAD,1,16.0
87082,1,2,135,5,1,70.0,0,N,MELB_URBAN,ROAD,1,18.0
87083,1,1,121,2,1,80.0,0,I,MELB_URBAN,HIGHWAY,1,18.0
87084,1,7,99,5,3,40.0,0,N,MELBOURNE_CBD,STREET,12,23.0
87085,4,3,173,5,5,70.0,0,N,RURAL_VICTORIA,ROAD,1,1.0
87086,8,3,99,5,3,50.0,0,N,MELB_URBAN,ROAD,1,1.0
87087,8,4,170,5,9,60.0,0,N,RURAL_VICTORIA,ROAD,12,20.0
87088,1,3,110,1,1,60.0,0,I,RURAL_VICTORIA,ROAD,1,6.0
87089,1,3,147,5,1,60.0,0,N,TOWNS,HIGHWAY,1,7.0
87090,1,3,121,2,1,60.0,0,I,LARGE_PROVINCIAL_CITIES,AVENUE,1,10.0
87091,1,3,147,5,1,60.0,0,N,MELB_URBAN,ROAD,1,9.0
87092,4,3,173,5,1,50.0,0,N,MELB_URBAN,ROAD,1,9.0
87093,4,3,171,5,1,100.0,0,N,RURAL_VICTORIA,ROAD,1,7.0
87094,1,3,130,5,1,40.0,0,N,MELB_URBAN,ROAD,11,14.0
87095,1,3,113,1,1,60.0,0,I,SMALL_TOWNS,ROAD,1,10.0
87096,8,7,174,5,1,100.0,0,N,RURAL_VICTORIA,ROAD,12,9.0
87097,3,3,167,5,1,100.0,0,N,RURAL_VICTORIA,ROAD,1,8.0
87098,4,3,181,5,1,100.0,0,N,RURAL_VICTORIA,ROAD,1,13.0
87099,4,3,171,5,1,80.0,0,N,RURAL_VICTORIA,ROAD,1,11.0
87100,6,1,174,5,1,80.0,0,N,RURAL_VICTORIA,ROAD,12,8.0
87101,1,2,113,2,3,50.0,0,I,MELB_URBAN,STREET,1,3.0
87102,2,3,102,1,1,60.0,0,I,MELB_URBAN,ROAD,1,15.0
87103,1,3,121,1,1,60.0,0,I,TOWNS,ROAD,1,13.0
87104,1,3,140,2,1,60.0,0,I,MELB_URBAN,ROAD,1,16.0
87105,6,3,99,5,1,100.0,0,N,RURAL_VICTORIA,OTHER,1,18.0
87106,1,5,110,1,1,50.0,0,I,RURAL_VICTORIA,STREET,12,17.0
87107,1,6,163,5,1,60.0,0,N,MELB_URBAN,ROAD,12,10.0
87108,2,3,99,1,5,60.0,0,N,MELB_URBAN,OTHER,1,21.0
87109,9,3,99,2,1,50.0,0,N,MELB_URBAN,OTHER,1,18.0
87110,1,3,121,1,3,60.0,0,I,SMALL_CITIES,RAMP,1,23.0
87111,4,4,173,4,5,100.0,0,N,RURAL_VICTORIA,ROAD,1,1.0
87112,8,7,174,5,1,100.0,0,N,RURAL_VICTORIA,ROAD,12,13.0
87113,1,4,110,1,1,50.0,0,I,SMALL_CITIES,ROAD,1,8.0
87114,1,3,130,5,1,50.0,0,N,MELB_URBAN,ROAD,1,12.0
87115,1,3,110,1,1,50.0,0,I,TOWNS,STREET,1,15.0
87116,8,3,174,5,1,60.0,0,N,SMALL_CITIES,ROAD,1,11.0
87117,8,4,99,5,1,100.0,0,N,RURAL_VICTORIA,ROAD,1,10.0
87118,3,3,167,5,2,100.0,0,N,RURAL_VICTORIA,ROAD,1,5.0
87119,4,4,171,5,1,60.0,0,N,MELB_URBAN,ROAD,1,6.0
87120,4,3,173,5,1,100.0,0,N,RURAL_VICTORIA,ROAD,1,15.0
87121,1,4,113,4,1,60.0,0,N,SMALL_CITIES,STREET,1,10.0
87122,1,4,132,2,1,60.0,0,N,MELB_URBAN,ROAD,1,9.0
87123,8,4,170,5,1,100.0,0,N,RURAL_VICTORIA,HIGHWAY,1,11.0
87124,1,4,120,5,1,80.0,0,N,RURAL_VICTORIA,HIGHWAY,1,11.0
87125,1,4,113,1,1,70.0,0,I,MELB_URBAN,ROAD,1,15.0
87126,1,4,121,1,1,60.0,0,I,MELB_URBAN,PARADE,1,15.0
87127,6,3,174,5,1,100.0,0,N,RURAL_VICTORIA,ROAD,1,14.0
87128,1,3,132,2,1,70.0,0,I,MELB_URBAN,ROAD,1,8.0
87129,1,4,121,2,1,40.0,0,I,MELB_URBAN,STREET,1,13.0
87130,1,4,130,5,1,80.0,0,N,RURAL_VICTORIA,ROAD,1,16.0
87131,1,4,130,5,1,80.0,0,N,MELB_URBAN,FREEWAY,1,12.0
87132,1,4,110,1,1,80.0,0,I,MELB_URBAN,ROAD,1,14.0
87133,8,4,184,5,1,100.0,0,N,RURAL_VICTORIA,ROAD,1,12.0
87134,1,3,110,1,1,60.0,0,I,LARGE_PROVINCIAL_CITIES,STREET,1,17.0
87135,1,4,130,2,1,60.0,0,I,MELB_URBAN,ROAD,1,15.0
87136,1,4,99,1,1,60.0,0,I,MELB_URBAN,ROAD,1,15.0
87137,4,4,171,5,1,60.0,0,N,MELB_URBAN,ROAD,1,16.0
87138,4,4,183,5,1,50.0,0,N,RURAL_VICTORIA,ROAD,1,18.0
87139,8,6,174,1,3,60.0,0,I,MELB_URBAN,ROAD,12,21.0
87140,1,4,120,5,1,100.0,0,N,RURAL_VICTORIA,ROAD,1,6.0
87141,6,4,184,2,1,100.0,0,N,RURAL_VICTORIA,ROAD,1,17.0
87142,2,4,102,5,1,50.0,0,N,MELB_URBAN,STREET,1,18.0
87143,4,4,171,2,1,50.0,0,I,MELB_URBAN,DRIVE,1,16.0
87144,1,4,113,2,1,70.0,0,I,MELB_URBAN,AVENUE,1,16.0
87145,1,3,110,4,3,70.0,0,N,MELB_URBAN,RAMP,1,22.0
87146,4,5,171,1,5,80.0,0,I,RURAL_VICTORIA,AVENUE,1,3.0
87147,2,5,100,5,3,60.0,1,N,MELB_URBAN,ROAD,1,5.0
87148,4,4,171,5,1,100.0,0,N,RURAL_VICTORIA,ROAD,1,18.0
87149,1,4,130,2,1,70.0,0,I,MELB_URBAN,ROAD,1,16.0
87150,1,5,110,1,1,60.0,0,I,MELB_URBAN,ROAD,1,8.0
87151,1,5,130,5,2,100.0,0,N,RURAL_VICTORIA,ROAD,1,5.0
87152,1,5,147,5,1,60.0,0,N,MELB_URBAN,DRIVE,10,9.0
87153,5,5,99,5,1,40.0,0,N,RURAL_VICTORIA,ROAD,1,7.0
87154,2,5,102,5,1,50.0,0,N,MELB_URBAN,STREET,1,12.0
87155,5,5,99,5,1,60.0,0,N,RURAL_VICTORIA,ROAD,1,9.0
87156,1,5,130,5,1,100.0,0,N,MELB_URBAN,ROAD,1,11.0
87157,1,4,130,5,1,50.0,0,N,MELB_URBAN,STREET,12,13.0
87158,2,5,99,5,1,50.0,0,N,MELB_URBAN,OTHER,1,13.0
87159,6,4,99,2,1,50.0,0,N,MELB_URBAN,STREET,1,14.0
87160,1,4,99,5,1,50.0,0,N,MELB_URBAN,STREET,11,14.0
87161,4,4,171,5,1,80.0,0,N,MELB_URBAN,RAMP,1,14.0
87162,4,4,173,5,1,60.0,0,N,MELB_URBAN,ROAD,1,18.0
87163,1,5,110,1,1,60.0,0,I,SMALL_CITIES,ROAD,1,11.0
87164,4,4,173,2,1,60.0,0,N,SMALL_CITIES,ROAD,1,11.0
87165,1,5,113,2,1,100.0,0,I,RURAL_VICTORIA,OTHER,1,15.0
87166,6,5,99,5,1,100.0,0,N,RURAL_VICTORIA,ROAD,1,14.0
87167,1,6,130,2,1,60.0,0,I,MELB_URBAN,ROAD,12,15.0
87168,1,4,110,1,1,60.0,0,I,SMALL_CITIES,AVENUE,1,19.0
87169,1,5,140,1,1,70.0,0,I,MELB_URBAN,ROAD,1,15.0
87170,1,5,120,5,1,60.0,1,N,RURAL_VICTORIA,ROAD,1,7.0
87171,1,5,130,2,1,40.0,0,I,MELB_URBAN,STREET,1,17.0
87172,1,4,171,5,9,80.0,0,I,MELB_URBAN,ROAD,1,15.0
87173,1,5,140,5,1,100.0,0,N,RURAL_VICTORIA,ROAD,1,15.0
87174,1,5,130,5,1,60.0,0,N,LARGE_PROVINCIAL_CITIES,ROAD,1,17.0
87175,6,5,174,2,1,50.0,0,I,MELB_URBAN,ROAD,1,14.0
87176,1,5,160,5,1,50.0,0,N,MELB_URBAN,OTHER,1,18.0
87177,8,5,174,1,1,80.0,0,I,RURAL_VICTORIA,ROAD,1,20.0
87178,1,5,147,5,1,50.0,0,N,MELB_URBAN,DRIVE,1,15.0
87179,1,5,110,1,1,50.0,0,I,MELB_URBAN,STREET,1,19.0
87180,4,5,171,5,1,50.0,0,N,MELB_URBAN,DRIVE,1,18.0
87181,4,5,183,5,3,70.0,0,N,MELB_URBAN,RAMP,1,22.0
87182,6,6,174,5,3,60.0,0,N,MELB_URBAN,ROAD,1,2.0
87183,1,4,110,1,1,50.0,0,I,SMALL_CITIES,STREET,12,13.0
87184,1,4,147,5,1,60.0,0,N,MELB_URBAN,ROAD,1,16.0
87185,1,6,133,5,1,60.0,0,N,MELB_URBAN,STREET,1,9.0
87186,4,6,171,5,2,50.0,1,N,RURAL_VICTORIA,ROAD,1,5.0
87187,1,6,110,1,1,50.0,0,I,MELB_URBAN,STREET,1,11.0
87188,1,6,99,2,1,40.0,0,I,LARGE_PROVINCIAL_CITIES,ROAD,1,8.0
87189,1,6,140,5,1,60.0,0,N,MELB_URBAN,ROAD,1,10.0
87190,1,6,130,5,3,80.0,0,N,MELB_URBAN,FREEWAY,2,1.0
87191,6,6,99,5,1,100.0,0,N,RURAL_VICTORIA,OTHER,1,11.0
87192,1,6,113,1,1,80.0,0,I,MELB_URBAN,ROAD,1,10.0
87193,2,6,99,5,1,50.0,0,N,TOWNS,STREET,1,9.0
87194,1,4,132,2,1,60.0,0,I,LARGE_PROVINCIAL_CITIES,ROAD,1,15.0
87195,1,6,120,5,1,60.0,0,N,MELB_URBAN,ROAD,1,11.0
87196,4,5,173,5,1,100.0,0,N,MELB_URBAN,HIGHWAY,1,12.0
87197,2,6,99,5,1,60.0,0,N,TOWNS,STREET,1,12.0
87198,1,6,121,5,1,80.0,0,I,MELB_URBAN,HIGHWAY,1,12.0
87199,1,5,99,5,1,40.0,0,N,MELB_URBAN,ROAD,1,15.0
87200,1,6,130,5,1,70.0,0,N,MELB_URBAN,ROAD,1,11.0
87201,5,6,99,5,1,60.0,0,N,MELB_URBAN,ROAD,1,8.0
87202,1,6,130,5,1,100.0,0,N,MELB_URBAN,FREEWAY,1,14.0
87203,2,6,100,5,1,40.0,0,N,MELB_URBAN,ROAD,1,15.0
87204,4,6,173,1,1,50.0,0,I,MELB_URBAN,STREET,1,17.0
87205,2,6,99,2,1,60.0,0,N,MELB_URBAN,PARADE,1,17.0
87206,1,6,121,2,1,100.0,0,I,TOWNS,HIGHWAY,1,18.0
87207,1,6,121,2,1,50.0,0,I,MELB_URBAN,ROAD,1,17.0
87208,1,6,130,5,1,80.0,0,N,MELB_URBAN,FREEWAY,1,18.0
87209,1,6,99,3,2,60.0,0,N,MELB_URBAN,ROAD,1,4.0
87210,1,6,116,2,3,70.0,0,I,MELB_URBAN,ROAD,1,23.0
87211,4,6,173,5,5,110.0,0,N,RURAL_VICTORIA,FREEWAY,1,23.0
87212,4,7,183,2,3,60.0,0,N,LARGE_PROVINCIAL_CITIES,STREET,1,1.0
87213,1,6,111,1,3,60.0,0,I,MELB_URBAN,STREET,1,23.0
87214,1,7,99,5,1,50.0,0,N,SMALL_CITIES,ROAD,1,8.0
87215,1,7,110,1,1,80.0,0,I,RURAL_VICTORIA,ROAD,1,7.0
87216,1,7,110,1,1,60.0,0,I,TOWNS,STREET,1,10.0
87217,1,7,99,5,1,60.0,0,N,RURAL_VICTORIA,ROAD,1,9.0
87218,4,7,171,5,1,100.0,0,N,MELB_URBAN,FREEWAY,1,7.0
87219,1,7,121,1,1,60.0,0,I,MELB_URBAN,ROAD,1,9.0
87220,1,7,121,1,1,60.0,0,I,MELB_URBAN,ROAD,1,12.0
87221,1,7,130,5,1,60.0,0,N,MELB_URBAN,ROAD,1,12.0
87222,1,6,130,5,1,60.0,0,N,SMALL_CITIES,HIGHWAY,1,11.0
87223,1,7,130,1,1,60.0,0,N,MELB_URBAN,ROAD,1,12.0
87224,8,7,99,5,1,80.0,0,N,RURAL_VICTORIA,ROAD,1,12.0
87225,1,1,99,5,1,60.0,0,I,MELB_URBAN,OTHER,12,13.0
87226,3,7,167,5,1,100.0,0,N,RURAL_VICTORIA,ROAD,1,8.0
87227,4,7,99,5,1,80.0,0,N,MELB_URBAN,ROAD,1,13.0
87228,4,7,173,5,1,100.0,0,N,RURAL_VICTORIA,ROAD,1,13.0
87229,1,7,121,2,1,60.0,0,I,MELB_URBAN,ROAD,1,16.0
87230,4,6,173,5,1,100.0,0,N,RURAL_VICTORIA,ROAD,1,16.0
87231,5,7,99,5,1,100.0,0,N,RURAL_VICTORIA,HIGHWAY,1,17.0
87232,1,7,99,5,9,70.0,0,N,MELB_URBAN,ROAD,12,20.0
87233,1,6,132,2,1,50.0,0,I,MELB_URBAN,DRIVE,1,14.0
87234,2,7,100,5,1,50.0,0,N,MELB_URBAN,STREET,1,17.0
87235,1,7,99,2,3,50.0,0,I,SMALL_CITIES,ROAD,1,23.0
87236,4,7,183,2,1,60.0,1,N,TOWNS,STREET,1,15.0
87237,1,6,140,5,5,80.0,0,N,MELB_URBAN,ROAD,1,22.0
87238,2,1,99,5,5,80.0,0,N,RURAL_VICTORIA,AVENUE,1,0.0
87239,1,7,99,2,6,50.0,0,I,MELB_URBAN,OTHER,1,23.0
87240,4,1,171,5,3,60.0,0,N,MELB_URBAN,DRIVE,1,0.0
87241,1,4,113,2,1,60.0,0,I,MELB_URBAN,ROAD,1,13.0
87242,4,1,171,5,1,100.0,0,N,RURAL_VICTORIA,ROAD,1,10.0