,accident_type,day_of_week,dca_code,road_geometry,light_condition,speed_zone,severity,node_type,deg_urban_name,road_type,month,hour
87243,4,7,181,5,1,100.0,0,N,RURAL_VICTORIA,ROAD,1,13.0
87244,1,1,99,5,1,60.0,0,I,MELB_URBAN,PARADE,10,14.0
87245,1,1,121,1,1,40.0,0,I,MELB_URBAN,STREET,1,11.0
87246,8,1,174,5,1,80.0,0,N,RURAL_VICTORIA,ROAD,1,14.0
87247,1,1,99,1,1,60.0,0,I,MELB_URBAN,BOULEVARD,1,12.0
87248,6,0,99,5,1,50.0,0,N,RURAL_VICTORIA,ROAD,1,14.0
87249,4,1,183,5,1,60.0,0,N,RURAL_VICTORIA,ROAD,1,14.0
87250,4,1,171,5,1,80.0,0,N,MELB_URBAN,ROAD,1,12.0
87251,1,3,120,5,1,60.0,0,N,RURAL_VICTORIA,HIGHWAY,12,17.0
87252,4,1,183,5,1,80.0,0,N,RURAL_VICTORIA,ROAD,1,18.0
87253,1,1,111,2,1,60.0,0,I,MELB_URBAN,ROAD,1,16.0
87254,1,0,110,1,1,50.0,0,I,SMALL_CITIES,STREET,1,8.0
87255,8,1,170,5,1,100.0,0,N,RURAL_VICTORIA,ROAD,1,17.0
87256,1,1,130,1,1,60.0,0,I,MELB_URBAN,ROAD,1,19.0
87257,4,1,173,5,1,50.0,0,N,MELB_URBAN,STREET,1,16.0
87258,1,1,135,5,1,80.0,0,N,MELB_URBAN,ROAD,1,18.0
87259,1,1,121,2,1,80.0,0,N,MELB_URBAN,ROAD,1,17.0
87260,1,1,140,5,1,50.0,0,N,MELB_URBAN,OTHER,1,20.0
87261,1,1,120,1,2,60.0,0,I,MELB_URBAN,STREET,1,20.0
87262,4,1,181,5,1,100.0,1,N,RURAL_VICTORIA,ROAD,1,20.0
87263,4,2,181,5,3,60.0,0,N,MELB_URBAN,ROAD,1,3.0
87264,1,4,133,5,1,60.0,0,N,MELB_URBAN,AVENUE,12,7.0
87265,1,7,120,5,1,100.0,0,N,RURAL_VICTORIA,ROAD,1,17.0
87266,1,2,130,5,1,60.0,0,N,MELB_URBAN,DRIVE,1,12.0
87267,1,2,130,5,1,100.0,0,N,MELB_URBAN,ROAD,1,7.0
87268,4,2,181,5,1,70.0,0,N,MELB_URBAN,ROAD,1,10.0
87269,1,6,130,5,9,80.0,0,N,RURAL_VICTORIA,ROAD,1,9.0
87270,1,2,133,1,1,40.0,0,I,MELB_URBAN,STREET,1,13.0
87271,1,7,121,4,9,60.0,0,I,MELB_URBAN,ROAD,1,21.0
87272,1,2,116,2,1,40.0,0,I,MELBOURNE_CBD,STREET,1,15.0
87273,1,2,120,5,5,60.0,0,N,SMALL_TOWNS,ROAD,11,21.0
87274,1,2,135,2,1,60.0,0,I,MELB_URBAN,ROAD,1,13.0
87275,1,5,130,5,9,80.0,0,N,MELB_URBAN,UNKNOWN,4,18.0
87276,4,2,171,5,1,80.0,0,N,MELB_URBAN,HIGHWAY,1,16.0
87277,1,2,147,5,1,60.0,0,N,LARGE_PROVINCIAL_CITIES,ROAD,1,17.0
87278,1,2,135,1,1,50.0,0,I,MELB_URBAN,STREET,1,8.0
87279,1,1,130,5,1,50.0,0,N,MELB_URBAN,STREET,1,15.0
87280,4,2,181,5,1,80.0,0,N,RURAL_VICTORIA,ROAD,1,18.0
87281,1,2,130,1,1,70.0,0,I,MELB_URBAN,ROAD,1,16.0
87282,8,5,174,4,3,40.0,0,I,MELB_URBAN,STREET,11,22.0
87283,4,2,171,5,3,80.0,0,N,RURAL_VICTORIA,HIGHWAY,1,23.0
87284,1,2,99,2,1,50.0,0,I,MELB_URBAN,DRIVE,1,20.0
87285,1,2,113,2,2,60.0,0,I,MELB_URBAN,ROAD,1,20.0
87286,1,2,130,2,3,70.0,0,I,MELB_URBAN,ROAD,1,22.0
87287,2,2,100,5,3,60.0,0,N,MELB_URBAN,ROAD,1,2.0
87288,4,3,99,5,3,50.0,0,N,MELB_URBAN,STREET,1,3.0
87289,1,3,121,5,1,60.0,0,N,MELB_URBAN,ROAD,1,6.0
87290,1,1,99,2,9,60.0,0,I,MELB_URBAN,ROAD,12,5.0
87291,1,4,140,2,1,60.0,0,I,MELB_URBAN,ROAD,12,17.0
87292,1,7,110,1,9,50.0,0,N,MELB_URBAN,STREET,2,8.0
87293,1,3,130,5,1,60.0,0,N,MELB_URBAN,ROAD,1,8.0
87294,2,3,100,5,1,60.0,0,N,MELB_URBAN,ROAD,1,7.0
87295,1,1,130,1,1,70.0,0,I,MELB_URBAN,HIGHWAY,12,16.0
87296,4,3,181,2,1,100.0,0,N,RURAL_VICTORIA,ROAD,1,11.0
87297,1,2,99,1,3,60.0,0,I,LARGE_PROVINCIAL_CITIES,STREET,1,4.0
87298,2,2,102,5,3,60.0,0,N,MELB_URBAN,ROAD,1,21.0
87299,1,5,121,1,3,40.0,0,I,MELB_URBAN,STREET,12,1.0
87300,4,3,181,5,1,100.0,0,N,RURAL_VICTORIA,ROAD,1,6.0
87301,1,1,120,2,1,60.0,0,N,MELB_URBAN,ROAD,1,16.0
87302,1,3,99,1,1,50.0,0,I,MELB_URBAN,STREET,1,10.0
87303,1,2,140,2,1,60.0,0,I,TOWNS,ROAD,1,14.0
87304,1,7,99,2,1,60.0,0,I,MELB_URBAN,ROAD,12,14.0
87305,1,3,99,2,1,50.0,0,I,MELB_URBAN,STREET,1,15.0
87306,1,3,99,2,1,100.0,0,I,RURAL_VICTORIA,HIGHWAY,1,15.0
87307,1,3,130,5,1,80.0,0,N,MELB_URBAN,RAMP,1,15.0
87308,1,2,133,5,1,60.0,0,N,MELB_URBAN,ROAD,1,17.0
87309,1,3,121,2,1,80.0,0,N,MELB_URBAN,ROAD,1,14.0
87310,2,3,100,5,1,60.0,0,N,MELB_URBAN,STREET,1,15.0
87311,2,3,100,5,1,60.0,0,N,MELB_URBAN,ROAD,1,16.0
87312,1,3,110,1,1,40.0,0,I,MELBOURNE_CBD,STREET,1,16.0
87313,1,3,130,5,1,80.0,0,N,LARGE_PROVINCIAL_CITIES,HIGHWAY,1,16.0
87314,1,3,147,5,1,80.0,0,N,MELB_URBAN,HIGHWAY,1,18.0
87315,6,3,99,5,1,60.0,0,N,RURAL_VICTORIA,OTHER,1,18.0
87316,1,3,110,1,1,50.0,0,I,MELB_URBAN,STREET,1,18.0
87317,4,3,171,5,1,100.0,0,N,RURAL_VICTORIA,HIGHWAY,1,14.0
87318,2,3,100,1,2,50.0,0,I,SMALL_CITIES,STREET,1,19.0
87319,1,3,121,1,1,70.0,0,I,MELB_URBAN,ROAD,1,17.0
87320,1,3,147,5,1,60.0,0,N,MELB_URBAN,UNKNOWN,1,18.0
87321,1,3,110,1,2,60.0,0,I,MELB_URBAN,ROAD,1,20.0
87322,4,3,171,2,1,50.0,0,I,MELB_URBAN,STREET,1,19.0
87323,1,3,120,1,3,60.0,0,I,LARGE_PROVINCIAL_CITIES,ROAD,1,22.0
87324,1,3,120,5,5,100.0,1,N,RURAL_VICTORIA,HIGHWAY,1,22.0
87325,1,3,130,5,1,50.0,0,N,MELB_URBAN,STREET,12,15.0
87326,1,4,113,2,3,70.0,0,N,MELB_URBAN,ROAD,1,1.0
87327,3,3,167,5,5,80.0,0,N,RURAL_VICTORIA,ROAD,1,22.0
87328,1,3,121,1,1,60.0,0,I,LARGE_PROVINCIAL_CITIES,STREET,1,19.0
87329,1,4,173,5,1,100.0,0,N,MELB_URBAN,FREEWAY,1,7.0
87330,1,4,133,1,1,70.0,0,I,MELB_URBAN,ROAD,1,8.0
87331,1,3,130,5,1,100.0,0,I,MELB_URBAN,FREEWAY,1,11.0
87332,1,1,132,5,1,60.0,0,N,LARGE_PROVINCIAL_CITIES,ROAD,1,7.0
87333,1,4,99,4,1,70.0,0,N,MELB_URBAN,OTHER,1,10.0
87334,6,4,174,2,1,100.0,0,I,RURAL_VICTORIA,ROAD,1,8.0
87335,1,3,133,1,1,100.0,0,I,MELB_URBAN,ROAD,1,9.0
87336,1,4,130,5,9,60.0,0,N,RURAL_VICTORIA,ROAD,1,14.0
87337,8,2,174,2,1,50.0,0,I,MELB_URBAN,STREET,1,15.0
87338,6,4,99,5,1,80.0,0,N,RURAL_VICTORIA,HIGHWAY,1,9.0
87339,1,7,130,5,1,80.0,0,N,MELB_URBAN,OTHER,12,14.0
87340,1,4,130,1,1,100.0,0,N,MELB_URBAN,FREEWAY,12,12.0
87341,1,3,132,5,9,60.0,0,N,MELB_URBAN,STREET,1,14.0
87342,2,4,99,5,1,50.0,0,N,SMALL_CITIES,STREET,12,10.0
87343,6,4,174,5,1,60.0,0,N,RURAL_VICTORIA,ROAD,1,9.0
87344,1,4,110,1,1,50.0,0,I,MELB_URBAN,STREET,1,12.0
87345,1,3,121,2,1,100.0,0,I,RURAL_VICTORIA,HIGHWAY,1,17.0
87346,4,4,173,1,1,80.0,1,I,MELB_URBAN,HIGHWAY,1,12.0
87347,1,5,130,5,1,60.0,0,N,MELB_URBAN,ROAD,12,12.0
87348,1,4,121,5,1,60.0,0,N,MELB_URBAN,ROAD,1,12.0
87349,1,4,99,5,1,100.0,1,N,RURAL_VICTORIA,HIGHWAY,1,14.0
87350,1,3,163,5,1,60.0,0,N,MELB_URBAN,ROAD,1,15.0
87351,1,4,132,2,1,60.0,0,I,RURAL_VICTORIA,ROAD,1,15.0
87352,1,4,140,5,1,60.0,0,N,TOWNS,OTHER,1,11.0
87353,2,4,100,2,1,60.0,0,I,MELB_URBAN,ROAD,1,19.0
87354,1,4,113,2,1,60.0,0,I,RURAL_VICTORIA,ROAD,1,18.0
87355,6,4,99,5,1,100.0,0,N,RURAL_VICTORIA,ROAD,1,18.0
87356,4,4,181,5,1,50.0,0,N,MELB_URBAN,ROAD,1,15.0
87357,1,4,110,1,1,40.0,0,I,MELB_URBAN,STREET,1,15.0
87358,1,1,110,1,1,50.0,0,I,MELB_URBAN,ROAD,12,18.0
87359,2,4,100,1,1,60.0,0,I,MELB_URBAN,ROAD,1,20.0
87360,2,4,102,1,2,40.0,0,I,MELBOURNE_CBD,STREET,1,19.0
87361,8,5,174,2,9,60.0,0,I,MELB_URBAN,OTHER,11,12.0
87362,4,4,173,5,1,60.0,0,N,MELB_URBAN,ROAD,1,6.0
87363,1,5,160,5,3,50.0,0,N,MELB_URBAN,ROAD,1,0.0
87364,1,5,130,1,3,60.0,0,I,MELB_URBAN,OTHER,1,4.0
87365,4,5,171,5,1,50.0,0,N,LARGE_PROVINCIAL_CITIES,ROAD,1,6.0
87366,1,5,121,1,1,60.0,0,I,MELB_URBAN,ROAD,1,7.0
87367,1,5,116,4,9,40.0,0,I,MELB_URBAN,STREET,12,8.0
87368,1,4,110,1,1,100.0,0,I,RURAL_VICTORIA,ROAD,1,14.0
87369,1,5,99,2,1,80.0,0,I,MELB_URBAN,ROAD,1,6.0
87370,1,5,110,1,1,50.0,0,I,MELB_URBAN,STREET,1,11.0
87371,1,5,121,2,1,60.0,0,I,MELB_URBAN,STREET,1,8.0
87372,1,5,130,5,1,80.0,0,I,MELB_URBAN,OTHER,1,12.0
87373,2,5,99,5,1,50.0,0,N,SMALL_TOWNS,STREET,1,10.0
87374,4,5,171,5,1,80.0,0,N,MELB_URBAN,RAMP,1,6.0
87375,1,4,140,5,1,50.0,0,N,SMALL_CITIES,STREET,1,11.0
87376,1,4,111,1,1,60.0,0,I,LARGE_PROVINCIAL_CITIES,STREET,1,14.0
87377,1,4,99,5,1,50.0,0,N,MELB_URBAN,STREET,2,11.0
87378,1,4,130,5,1,60.0,0,N,MELB_URBAN,BOULEVARD,1,16.0
87379,1,4,163,5,1,50.0,0,N,SMALL_CITIES,STREET,1,12.0
87380,4,4,171,5,1,50.0,0,N,MELB_URBAN,STREET,1,11.0
87381,1,3,110,1,1,50.0,0,I,MELB_URBAN,ROAD,1,12.0
87382,4,5,181,5,1,60.0,0,N,RURAL_VICTORIA,ROAD,1,14.0
87383,2,4,99,5,1,40.0,0,N,MELB_URBAN,STREET,1,19.0
87384,1,5,130,5,1,60.0,0,I,LARGE_PROVINCIAL_CITIES,STREET,1,14.0
87385,1,5,113,2,1,70.0,0,I,MELB_URBAN,ROAD,1,17.0
87386,1,5,113,2,1,80.0,0,I,MELB_URBAN,ROAD,1,17.0
87387,2,5,102,2,1,50.0,0,I,MELB_URBAN,STREET,1,16.0
87388,4,4,171,5,1,100.0,0,N,RURAL_VICTORIA,HIGHWAY,1,20.0
87389,1,5,99,1,1,40.0,0,I,LARGE_PROVINCIAL_CITIES,STREET,1,18.0
87390,4,5,181,5,1,80.0,0,N,RURAL_VICTORIA,ROAD,1,17.0
87391,1,4,110,1,1,60.0,0,I,MELB_URBAN,STREET,1,18.0
87392,1,5,130,2,1,70.0,0,I,MELB_URBAN,ROAD,1,15.0
87393,1,5,121,2,1,60.0,0,I,SMALL_CITIES,AVENUE,1,17.0
87394,1,5,111,1,3,60.0,0,I,MELB_URBAN,PARADE,1,20.0
87395,1,5,130,5,1,50.0,0,N,MELB_URBAN,ROAD,1,12.0
87396,2,4,99,2,1,40.0,0,I,MELB_URBAN,STREET,1,7.0
87397,1,5,140,2,1,60.0,0,N,MELB_URBAN,ROAD,1,19.0
87398,2,5,99,2,3,50.0,0,N,MELB_URBAN,STREET,1,22.0
87399,1,5,130,2,3,80.0,0,N,MELB_URBAN,ROAD,1,1.0
87400,1,5,147,5,1,60.0,0,N,MELB_URBAN,ROAD,1,17.0
87401,1,4,111,2,3,60.0,0,I,MELB_URBAN,ROAD,1,23.0
87402,6,6,99,5,5,100.0,0,N,RURAL_VICTORIA,ROAD,1,0.0
87403,1,6,110,1,2,60.0,0,I,MELB_URBAN,ROAD,1,5.0
87404,1,5,163,5,1,60.0,0,N,MELB_URBAN,ROAD,12,11.0
87405,4,6,171,5,1,60.0,0,N,RURAL_VICTORIA,ROAD,12,16.0
87406,3,6,167,5,1,100.0,0,N,RURAL_VICTORIA,ROAD,1,6.0
87407,1,5,132,5,1,60.0,0,N,MELB_URBAN,ROAD,1,14.0
87408,1,5,121,2,1,80.0,0,I,MELB_URBAN,ROAD,1,8.0
87409,1,6,121,2,1,60.0,0,I,MELB_URBAN,ROAD,1,8.0
87410,4,7,173,5,1,60.0,0,N,RURAL_VICTORIA,ROAD,12,10.0
87411,1,6,99,2,1,40.0,0,I,MELB_URBAN,ROAD,1,8.0
87412,1,5,130,2,1,60.0,0,N,MELB_URBAN,AVENUE,1,10.0
87413,2,5,100,2,1,60.0,0,N,MELB_URBAN,UNKNOWN,1,16.0
87414,2,6,99,5,1,60.0,0,N,MELB_URBAN,ROAD,1,8.0
87415,2,6,100,5,1,40.0,0,N,MELBOURNE_CBD,STREET,1,11.0
87416,1,5,160,5,3,50.0,0,N,MELB_URBAN,STREET,1,20.0
87417,2,5,102,1,1,60.0,0,I,LARGE_PROVINCIAL_CITIES,STREET,1,13.0
87418,1,6,110,1,1,60.0,0,I,MELB_URBAN,STREET,1,12.0
87419,1,6,113,4,1,100.0,0,N,RURAL_VICTORIA,HIGHWAY,1,11.0
87420,1,7,110,1,1,60.0,0,I,SMALL_CITIES,DRIVE,1,19.0
87421,1,6,147,5,1,50.0,0,N,SMALL_CITIES,STREET,1,13.0
87422,1,5,120,5,1,100.0,0,N,RURAL_VICTORIA,HIGHWAY,1,9.0
87423,1,6,130,5,1,80.0,0,N,MELB_URBAN,HIGHWAY,1,9.0
87424,4,6,171,2,1,60.0,0,N,MELB_URBAN,ROAD,1,11.0
87425,8,6,174,1,1,60.0,0,I,MELB_URBAN,ROAD,1,10.0
87426,1,5,121,2,1,50.0,0,I,SMALL_CITIES,DRIVE,1,9.0
87427,1,6,130,5,1,70.0,0,N,MELB_URBAN,ROAD,1,14.0
87428,4,6,173,5,1,70.0,0,N,MELB_URBAN,ROAD,1,14.0
87429,4,6,171,5,1,60.0,0,N,SMALL_TOWNS,ROAD,1,14.0
87430,4,6,183,5,1,100.0,0,N,RURAL_VICTORIA,ROAD,1,15.0
87431,1,5,130,1,1,50.0,0,I,MELB_URBAN,ROAD,1,15.0
87432,1,6,140,2,1,80.0,0,I,MELB_URBAN,ROAD,1,16.0
87433,2,6,100,1,1,40.0,0,I,MELB_URBAN,STREET,1,16.0
87434,1,4,130,1,3,80.0,0,N,MELB_URBAN,HIGHWAY,1,22.0
87435,8,6,174,5,1,50.0,0,N,MELB_URBAN,ROAD,1,17.0
87436,8,4,99,5,1,50.0,0,N,SMALL_CITIES,AVENUE,1,11.0
87437,4,6,181,5,1,80.0,0,N,MELB_URBAN,ROAD,1,17.0
87438,1,6,134,5,1,50.0,0,N,MELB_URBAN,PARADE,1,14.0
87439,5,6,99,5,1,100.0,0,N,LARGE_PROVINCIAL_CITIES,ROAD,1,16.0
87440,1,6,130,5,1,80.0,0,N,RURAL_VICTORIA,ROAD,1,13.0
87441,6,4,174,5,5,100.0,0,N,RURAL_VICTORIA,ROAD,10,6.0
87442,4,5,181,5,1,60.0,0,N,MELB_URBAN,RAMP,1,16.0
87443,1,6,130,5,1,60.0,0,N,MELB_URBAN,FREEWAY,1,11.0
87444,4,6,171,5,3,60.0,0,N,MELB_URBAN,ROAD,1,21.0
87445,1,6,130,2,1,80.0,0,I,MELB_URBAN,ROAD,1,13.0
87446,1,6,130,2,1,80.0,0,N,MELB_URBAN,OTHER,1,9.0
87447,1,7,110,1,1,50.0,0,I,SMALL_CITIES,STREET,1,10.0
87448,4,7,171,5,1,100.0,0,N,RURAL_VICTORIA,ROAD,1,10.0
87449,1,7,147,2,1,60.0,0,I,MELB_URBAN,ROAD,1,11.0
87450,1,7,130,5,1,60.0,0,N,MELB_URBAN,ROAD,1,12.0
87451,8,7,184,5,1,60.0,0,N,RURAL_VICTORIA,OTHER,1,12.0
87452,1,5,135,5,2,80.0,0,N,MELB_URBAN,FREEWAY,1,20.0
87453,1,7,110,1,1,60.0,0,I,MELB_URBAN,ROAD,1,14.0
87454,1,7,120,5,1,100.0,0,N,RURAL_VICTORIA,HIGHWAY,1,13.0
87455,8,7,99,5,1,100.0,0,N,RURAL_VICTORIA,ROAD,1,15.0
87456,4,7,171,2,1,60.0,0,I,MELB_URBAN,STREET,1,14.0
87457,8,6,174,2,1,60.0,0,N,MELB_URBAN,ROAD,1,13.0
87458,4,7,183,5,1,100.0,0,N,RURAL_VICTORIA,ROAD,1,12.0
87459,4,7,99,2,1,60.0,0,I,RURAL_VICTORIA,ROAD,1,15.0
87460,1,4,130,5,1,70.0,0,N,SMALL_CITIES,AVENUE,12,11.0
87461,8,7,174,5,1,60.0,0,N,MELB_URBAN,ROAD,1,16.0
87462,1,6,130,2,1,80.0,0,N,MELB_URBAN,HIGHWAY,1,16.0
87463,4,7,171,1,1,100.0,0,I,RURAL_VICTORIA,ROAD,1,17.0
87464,8,5,174,5,1,100.0,0,N,MELB_URBAN,FREEWAY,1,16.0
87465,4,7,181,5,1,60.0,0,N,RURAL_VICTORIA,ROAD,1,18.0
87466,2,7,100,1,1,60.0,0,I,MELB_URBAN,ROAD,1,19.0
87467,1,7,111,1,1,60.0,0,I,MELB_URBAN,ROAD,1,16.0
87468,1,7,160,5,2,100.0,0,N,RURAL_VICTORIA,FREEWAY,1,19.0
87469,1,7,120,5,1,60.0,0,N,RURAL_VICTORIA,ROAD,1,15.0
87470,4,7,171,5,1,60.0,0,N,MELB_URBAN,ROAD,1,19.0
87471,8,7,174,5,1,60.0,0,N,RURAL_VICTORIA,OTHER,1,18.0
87472,1,7,121,2,2,80.0,0,I,RURAL_VICTORIA,HIGHWAY,1,16.0
87473,4,6,171,5,1,80.0,0,N,RURAL_VICTORIA,ROAD,1,19.0
87474,7,7,99,2,1,40.0,0,N,MELBOURNE_CBD,STREET,1,19.0
87475,4,7,181,5,1,100.0,0,N,RURAL_VICTORIA,ROAD,1,18.0
87476,4,7,173,5,6,80.0,0,N,MELB_URBAN,FREEWAY,1,20.0
87477,4,7,181,5,5,100.0,0,N,RURAL_VICTORIA,ROAD,1,20.0
87478,2,7,100,1,3,60.0,0,I,MELB_URBAN,STREET,1,22.0
87479,4,7,171,5,4,80.0,0,N,SMALL_CITIES,ROAD,1,21.0
87480,1,1,120,5,3,60.0,0,N,MELB_URBAN,ROAD,1,0.0
87481,4,1,171,5,5,100.0,0,N,RURAL_VICTORIA,ROAD,1,3.0
87482,4,6,183,5,5,80.0,0,N,RURAL_VICTORIA,ROAD,1,23.0
87483,2,7,100,2,3,60.0,0,N,MELB_URBAN,STREET,1,23.0
87484,1,6,113,2,1,60.0,0,I,MELB_URBAN,ROAD,1,14.0
87485,1,1,160,5,3,100.0,0,N,MELB_URBAN,ROAD,1,4.0
87486,6,7,170,5,1,100.0,0,N,MELB_URBAN,RAMP,1,17.0
87487,4,1,183,5,1,60.0,0,N,MELB_URBAN,STREET,1,6.0
87488,1,1,133,5,1,60.0,0,N,TOWNS,STREET,1,8.0
87489,1,1,99,2,1,60.0,0,I,MELB_URBAN,PARADE,1,9.0
87490,1,1,140,5,1,100.0,0,N,RURAL_VICTORIA,ROAD,1,9.0
87491,1,0,130,1,1,70.0,0,I,MELB_URBAN,ROAD,1,12.0
87492,4,1,183,5,1,60.0,1,N,TOWNS,ROAD,1,13.0
87493,2,1,100,2,1,60.0,0,I,MELB_URBAN,ROAD,1,15.0
87494,1,1,99,5,1,60.0,0,N,MELB_URBAN,HIGHWAY,1,12.0
87495,5,0,99,5,1,100.0,0,N,RURAL_VICTORIA,ROAD,1,11.0
87496,1,1,132,5,1,100.0,0,N,RURAL_VICTORIA,HIGHWAY,1,11.0
87497,2,0,99,5,1,60.0,0,N,MELB_URBAN,STREET,1,14.0
87498,4,1,183,5,1,80.0,0,N,RURAL_VICTORIA,ROAD,1,15.0
87499,1,1,133,5,1,40.0,0,N,RURAL_VICTORIA,ROAD,1,15.0
87500,4,5,173,5,1,100.0,0,N,RURAL_VICTORIA,ROAD,1,17.0
87501,4,0,173,5,1,100.0,0,N,RURAL_VICTORIA,ROAD,1,16.0
87502,1,1,130,5,1,100.0,0,N,RURAL_VICTORIA,FREEWAY,1,17.0
87503,1,1,110,1,1,60.0,0,I,SMALL_CITIES,AVENUE,1,18.0
87504,1,1,113,2,1,60.0,0,I,MELB_URBAN,ROAD,1,15.0
87505,1,0,121,2,1,40.0,0,I,MELB_URBAN,STREET,1,17.0
87506,1,1,99,5,1,60.0,0,N,MELB_URBAN,FREEWAY,1,19.0
87507,4,0,183,5,1,50.0,0,N,TOWNS,ROAD,1,18.0
87508,1,1,113,2,1,60.0,0,I,MELB_URBAN,ROAD,1,18.0
87509,1,1,110,1,1,80.0,0,I,RURAL_VICTORIA,ROAD,1,18.0
87510,1,1,163,5,1,40.0,0,N,MELBOURNE_CBD,OTHER,1,19.0
87511,2,1,100,5,3,80.0,0,N,MELB_URBAN,ROAD,1,22.0
87512,1,4,130,5,1,60.0,0,N,MELB_URBAN,ROAD,12,15.0
87513,3,2,167,5,2,100.0,0,N,RURAL_VICTORIA,ROAD,1,5.0
87514,6,1,99,2,5,100.0,0,N,RURAL_VICTORIA,ROAD,1,5.0
87515,4,1,171,5,1,100.0,0,N,RURAL_VICTORIA,HIGHWAY,1,12.0
87516,8,6,184,5,5,100.0,0,N,RURAL_VICTORIA,ROAD,1,21.0
87517,4,2,173,1,1,60.0,0,I,MELB_URBAN,STREET,1,9.0
87518,6,2,99,5,1,60.0,0,N,MELB_URBAN,ROAD,1,9.0
87519,6,3,99,5,2,100.0,0,N,RURAL_VICTORIA,FREEWAY,12,19.0
87520,1,2,121,1,1,80.0,0,I,MELB_URBAN,HIGHWAY,1,9.0
87521,4,2,181,2,1,60.0,0,I,RURAL_VICTORIA,ROAD,1,8.0
87522,1,1,121,5,1,60.0,0,N,MELB_URBAN,STREET,1,10.0
87523,3,2,167,5,1,100.0,0,N,RURAL_VICTORIA,ROAD,1,11.0
87524,4,6,173,5,1,80.0,0,N,RURAL_VICTORIA,ROAD,1,9.0
87525,1,1,160,2,1,50.0,0,I,MELB_URBAN,ROAD,1,13.0
87526,4,2,181,5,1,70.0,0,N,LARGE_PROVINCIAL_CITIES,HIGHWAY,1,10.0
87527,2,2,99,5,1,50.0,0,N,SMALL_CITIES,STREET,1,14.0
87528,1,1,99,1,1,60.0,0,I,SMALL_CITIES,STREET,1,19.0
87529,3,7,167,5,1,60.0,0,N,RURAL_VICTORIA,ROAD,1,13.0
87530,4,6,173,5,3,60.0,0,N,MELB_URBAN,ROAD,1,1.0
87531,1,0,130,5,5,100.0,0,N,RURAL_VICTORIA,HIGHWAY,1,22.0
87532,1,2,130,5,1,110.0,0,N,RURAL_VICTORIA,FREEWAY,1,17.0
87533,4,2,181,5,1,100.0,0,N,RURAL_VICTORIA,HIGHWAY,1,13.0
87534,4,2,173,5,1,50.0,0,N,MELB_URBAN,STREET,1,15.0
87535,1,2,133,5,9,60.0,0,N,MELB_URBAN,STREET,1,19.0
87536,6,1,99,5,1,100.0,0,N,RURAL_VICTORIA,ROAD,1,17.0
87537,3,2,167,5,1,100.0,0,N,RURAL_VICTORIA,ROAD,1,17.0
87538,8,7,174,2,1,50.0,0,I,MELB_URBAN,ROAD,1,15.0
87539,1,1,130,2,1,60.0,0,I,MELB_URBAN,ROAD,1,19.0
87540,4,2,183,5,5,100.0,0,N,RURAL_VICTORIA,ROAD,1,3.0
87541,1,3,99,2,1,80.0,0,I,MELB_URBAN,STREET,1,6.0
87542,1,3,110,1,1,80.0,0,I,RURAL_VICTORIA,ROAD,1,6.0
87543,1,5,110,1,2,100.0,0,I,RURAL_VICTORIA,AVENUE,1,6.0
87544,2,3,99,1,1,80.0,0,I,RURAL_VICTORIA,HIGHWAY,1,8.0
87545,1,3,130,5,1,80.0,0,N,MELB_URBAN,ROAD,1,8.0
87546,1,3,99,5,1,40.0,0,N,MELBOURNE_CBD,STREET,1,9.0
87547,1,6,130,1,1,40.0,0,I,MELB_URBAN,OTHER,1,14.0
87548,1,2,130,1,3,80.0,0,I,MELB_URBAN,HIGHWAY,1,21.0
87549,1,3,147,5,1,50.0,0,N,MELB_URBAN,OTHER,1,9.0
87550,4,2,171,2,3,50.0,0,I,MELB_URBAN,STREET,1,20.0
87551,5,1,99,2,1,50.0,0,I,RURAL_VICTORIA,DRIVE,12,9.0
87552,1,3,120,5,1,90.0,0,N,MELB_URBAN,HIGHWAY,1,11.0
87553,1,3,130,5,1,60.0,0,N,MELB_URBAN,ROAD,1,9.0
87554,4,3,173,5,1,80.0,0,N,RURAL_VICTORIA,ROAD,1,11.0
87555,1,3,130,2,1,80.0,0,I,MELB_URBAN,HIGHWAY,1,12.0
87556,1,3,110,1,1,80.0,0,I,RURAL_VICTORIA,ROAD,1,13.0
87557,1,6,111,1,1,60.0,0,I,MELB_URBAN,STREET,12,14.0
87558,1,2,130,5,1,60.0,0,N,LARGE_PROVINCIAL_CITIES,STREET,1,13.0
87559,4,2,173,5,1,80.0,0,N,MELB_URBAN,ROAD,1,13.0
87560,1,3,120,2,1,100.0,1,I,RURAL_VICTORIA,HIGHWAY,1,10.0
87561,1,3,130,1,1,100.0,0,I,RURAL_VICTORIA,HIGHWAY,1,14.0
87562,1,3,121,2,1,60.0,0,I,MELB_URBAN,ROAD,1,11.0
87563,1,2,120,5,1,50.0,0,N,SMALL_TOWNS,DRIVE,1,16.0
87564,1,6,130,5,9,60.0,0,N,MELB_URBAN,ROAD,1,13.0
87565,1,3,132,5,1,80.0,0,N,RURAL_VICTORIA,HIGHWAY,1,16.0
87566,1,2,147,5,1,100.0,0,N,RURAL_VICTORIA,ROAD,1,16.0
87567,1,5,130,1,1,80.0,0,N,MELB_URBAN,HIGHWAY,1,16.0
87568,1,3,99,2,1,80.0,0,I,MELB_URBAN,ROAD,1,19.0
87569,1,3,134,5,1,70.0,0,N,MELB_URBAN,OTHER,1,18.0
87570,1,6,110,1,9,50.0,0,I,MELB_URBAN,STREET,1,18.0
87571,1,3,111,2,3,60.0,0,I,MELB_URBAN,ROAD,1,21.0
87572,1,2,113,1,2,80.0,0,N,MELB_URBAN,ROAD,1,5.0