,accident_type,day_of_week,dca_code,road_geometry,light_condition,speed_zone,severity,node_type,deg_urban_name,road_type,month,hour
87573,1,3,120,1,1,60.0,0,I,MELB_URBAN,AVENUE,1,19.0
87574,1,2,140,5,1,40.0,0,N,MELB_URBAN,STREET,1,16.0
87575,4,2,99,2,3,60.0,0,I,RURAL_VICTORIA,ROAD,1,23.0
87576,4,3,183,5,5,100.0,0,N,RURAL_VICTORIA,ROAD,1,22.0
87577,1,3,110,1,1,60.0,0,I,SMALL_CITIES,STREET,12,17.0
87578,1,4,147,5,3,50.0,0,N,LARGE_PROVINCIAL_CITIES,STREET,1,1.0
87579,1,3,120,5,1,60.0,0,N,MELB_URBAN,ROAD,1,8.0
87580,1,3,160,5,1,50.0,0,N,MELB_URBAN,DRIVE,1,5.0
87581,1,5,160,5,1,60.0,0,N,MELB_URBAN,AVENUE,1,17.0
87582,5,3,171,5,2,100.0,0,N,RURAL_VICTORIA,HIGHWAY,1,19.0
87583,1,4,99,2,1,60.0,0,I,MELB_URBAN,ROAD,8,11.0
87584,1,4,110,1,1,60.0,0,I,MELB_URBAN,STREET,1,8.0
87585,1,2,120,5,2,60.0,0,N,MELB_URBAN,ROAD,1,7.0
87586,1,4,110,1,1,100.0,0,I,RURAL_VICTORIA,HIGHWAY,1,7.0
87587,1,2,130,2,9,60.0,0,I,MELB_URBAN,HIGHWAY,1,18.0
87588,1,7,110,1,2,60.0,0,I,MELB_URBAN,PARADE,1,20.0
87589,1,3,99,5,9,60.0,0,N,MELB_URBAN,STREET,1,21.0
87590,1,4,113,2,1,60.0,0,I,MELB_URBAN,STREET,1,8.0
87591,1,4,110,1,1,50.0,0,I,TOWNS,STREET,1,9.0
87592,8,1,99,5,1,100.0,0,N,RURAL_VICTORIA,ROAD,1,12.0
87593,1,4,135,5,1,70.0,0,N,MELB_URBAN,ROAD,1,7.0
87594,1,4,99,5,1,60.0,0,N,MELB_URBAN,STREET,1,8.0
87595,3,2,167,5,1,60.0,0,N,RURAL_VICTORIA,ROAD,1,14.0
87596,4,3,171,5,1,80.0,0,N,RURAL_VICTORIA,ROAD,1,9.0
87597,1,4,130,5,5,60.0,0,N,MELB_URBAN,ROAD,1,6.0
87598,8,2,184,5,1,100.0,0,N,RURAL_VICTORIA,UNKNOWN,1,15.0
87599,1,4,120,5,1,80.0,0,N,SMALL_TOWNS,ROAD,1,11.0
87600,1,4,134,1,1,40.0,0,N,MELBOURNE_CBD,STREET,1,14.0
87601,1,4,130,2,1,60.0,0,I,MELB_URBAN,ROAD,1,15.0
87602,4,4,171,5,1,50.0,0,N,MELB_URBAN,STREET,1,16.0
87603,1,3,110,1,1,60.0,0,I,TOWNS,STREET,1,15.0
87604,1,4,120,2,1,60.0,0,I,MELB_URBAN,ROAD,1,16.0
87605,1,2,130,1,1,80.0,0,I,MELB_URBAN,ROAD,12,10.0
87606,1,3,140,5,1,100.0,0,N,RURAL_VICTORIA,OTHER,1,15.0
87607,1,4,121,2,1,80.0,0,I,RURAL_VICTORIA,ROAD,1,17.0
87608,8,4,174,1,1,60.0,0,I,MELB_URBAN,ROAD,1,19.0
87609,1,4,110,1,1,100.0,0,I,RURAL_VICTORIA,ROAD,1,16.0
87610,1,4,113,1,2,60.0,0,I,MELB_URBAN,OTHER,1,19.0
87611,1,3,116,1,1,50.0,0,I,MELB_URBAN,ROAD,1,17.0
87612,1,4,130,5,1,60.0,0,N,SMALL_CITIES,ROAD,1,17.0
87613,1,4,110,1,1,50.0,0,I,SMALL_CITIES,AVENUE,1,20.0
87614,1,4,133,5,1,100.0,0,N,RURAL_VICTORIA,FREEWAY,1,19.0
87615,6,4,174,2,1,50.0,0,I,SMALL_CITIES,STREET,1,17.0
87616,4,4,171,5,3,60.0,0,N,MELB_URBAN,STREET,1,23.0
87617,1,3,130,5,6,100.0,0,N,MELB_URBAN,FREEWAY,1,1.0
87618,1,5,160,5,3,50.0,0,N,MELB_URBAN,AVENUE,1,1.0
87619,1,4,99,1,3,50.0,0,I,MELB_URBAN,STREET,1,22.0
87620,4,5,183,5,5,50.0,0,N,SMALL_TOWNS,ROAD,1,4.0
87621,1,4,133,2,1,50.0,0,I,MELB_URBAN,STREET,1,7.0
87622,1,5,147,5,1,60.0,0,N,MELB_URBAN,ROAD,1,8.0
87623,1,6,130,1,1,70.0,0,I,LARGE_PROVINCIAL_CITIES,ROAD,1,14.0
87624,1,3,130,2,1,60.0,0,I,MELB_URBAN,ROAD,1,17.0
87625,1,5,132,2,1,60.0,0,I,SMALL_CITIES,OTHER,1,10.0
87626,4,5,171,2,3,80.0,0,I,RURAL_VICTORIA,ROAD,1,3.0
87627,4,5,173,1,1,60.0,0,I,MELB_URBAN,STREET,1,12.0
87628,1,5,113,2,1,60.0,0,I,MELB_URBAN,ROAD,1,7.0
87629,1,4,130,5,1,80.0,0,N,MELB_URBAN,FREEWAY,1,16.0
87630,6,5,99,5,1,50.0,0,N,RURAL_VICTORIA,ROAD,1,10.0
87631,4,4,171,5,1,50.0,0,N,MELB_URBAN,OTHER,1,6.0
87632,1,4,130,5,1,60.0,0,N,MELB_URBAN,ROAD,1,14.0
87633,4,4,173,5,1,100.0,0,N,MELB_URBAN,FREEWAY,1,18.0
87634,1,5,134,5,1,80.0,0,N,MELB_URBAN,FREEWAY,1,12.0
87635,1,4,130,5,1,60.0,0,N,MELB_URBAN,STREET,1,19.0
87636,1,5,132,5,1,60.0,0,N,MELB_URBAN,ROAD,1,13.0
87637,1,5,121,1,1,80.0,0,N,MELB_URBAN,ROAD,1,15.0
87638,5,5,173,2,1,80.0,0,N,TOWNS,ROAD,1,13.0
87639,1,5,121,1,1,60.0,0,I,LARGE_PROVINCIAL_CITIES,AVENUE,1,15.0
87640,1,5,130,5,1,60.0,0,N,MELB_URBAN,ROAD,1,15.0
87641,2,5,99,5,1,60.0,0,N,MELB_URBAN,OTHER,1,15.0
87642,2,4,99,5,1,60.0,0,N,SMALL_CITIES,STREET,1,16.0
87643,1,6,147,5,1,50.0,0,N,MELB_URBAN,STREET,1,17.0
87644,6,5,184,5,1,100.0,0,UNKNOWN,UNKNOWN,UNKNOWN,1,11.0
87645,1,4,110,1,2,60.0,0,I,MELB_URBAN,PARADE,1,19.0
87646,1,5,130,5,1,80.0,0,N,MELB_URBAN,OTHER,1,17.0
87647,4,5,183,5,5,100.0,0,N,RURAL_VICTORIA,ROAD,1,2.0
87648,4,5,181,5,1,100.0,0,N,RURAL_VICTORIA,ROAD,1,17.0
87649,1,4,130,5,1,70.0,0,N,LARGE_PROVINCIAL_CITIES,ROAD,1,17.0
87650,4,5,173,5,4,100.0,0,N,MELB_URBAN,ROAD,1,21.0
87651,1,5,110,1,1,40.0,0,I,MELB_URBAN,STREET,1,20.0
87652,1,5,110,1,3,50.0,0,I,MELB_URBAN,STREET,1,21.0
87653,8,6,174,1,9,60.0,0,I,MELB_URBAN,ROAD,1,19.0
87654,4,6,173,5,3,60.0,0,N,MELB_URBAN,DRIVE,1,1.0
87655,4,6,181,5,3,60.0,0,N,MELB_URBAN,ROAD,1,1.0
87656,1,4,111,2,1,40.0,0,I,MELB_URBAN,STREET,1,8.0
87657,4,5,171,5,1,80.0,0,N,RURAL_VICTORIA,ROAD,1,13.0
87658,6,5,184,5,1,100.0,0,N,RURAL_VICTORIA,OTHER,1,13.0
87659,1,6,99,2,1,60.0,0,I,MELB_URBAN,DRIVE,1,10.0
87660,3,5,167,5,2,80.0,0,N,RURAL_VICTORIA,ROAD,1,5.0
87661,1,6,130,2,1,50.0,0,N,MELB_URBAN,ROAD,1,12.0
87662,6,6,99,5,1,80.0,0,N,RURAL_VICTORIA,ROAD,1,13.0
87663,2,6,99,5,1,40.0,0,N,SMALL_CITIES,STREET,1,13.0
87664,1,4,99,5,1,60.0,0,N,MELB_URBAN,STREET,12,16.0
87665,4,4,181,5,1,50.0,0,N,RURAL_VICTORIA,ROAD,1,13.0
87666,1,6,99,1,1,50.0,0,I,MELB_URBAN,STREET,1,9.0
87667,1,6,121,1,1,40.0,0,I,MELB_URBAN,PARADE,1,10.0
87668,1,6,113,2,1,80.0,0,I,MELB_URBAN,ROAD,1,15.0
87669,1,7,113,4,3,60.0,0,I,MELB_URBAN,RAMP,1,21.0
87670,1,5,120,5,1,100.0,0,N,RURAL_VICTORIA,HIGHWAY,1,15.0
87671,4,6,99,5,1,60.0,0,N,RURAL_VICTORIA,ROAD,1,15.0
87672,1,6,130,5,1,100.0,0,N,MELB_URBAN,ROAD,1,17.0
87673,1,6,121,2,1,80.0,0,I,SMALL_CITIES,HIGHWAY,1,18.0
87674,4,6,171,4,1,50.0,0,I,MELB_URBAN,STREET,1,17.0
87675,2,5,100,5,1,50.0,0,N,SMALL_CITIES,STREET,1,13.0
87676,1,6,160,5,1,60.0,0,N,MELB_URBAN,ROAD,1,18.0
87677,2,6,102,1,1,60.0,0,I,MELB_URBAN,ROAD,1,18.0
87678,1,6,121,1,1,50.0,0,I,LARGE_PROVINCIAL_CITIES,STREET,1,18.0
87679,1,6,130,1,1,40.0,0,N,MELB_URBAN,STREET,1,18.0
87680,1,6,130,5,1,100.0,0,N,MELB_URBAN,ROAD,1,19.0
87681,1,6,99,5,1,60.0,0,N,TOWNS,ROAD,1,19.0
87682,2,6,100,1,1,60.0,0,I,MELB_URBAN,ROAD,1,18.0
87683,1,6,110,4,2,70.0,0,I,RURAL_VICTORIA,ROAD,1,20.0
87684,1,6,121,1,3,100.0,0,I,RURAL_VICTORIA,HIGHWAY,1,22.0
87685,1,6,99,5,3,40.0,0,N,MELB_URBAN,ROAD,1,21.0
87686,1,7,99,5,3,50.0,0,N,TOWNS,AVENUE,1,1.0
87687,2,7,99,1,3,60.0,0,I,MELB_URBAN,ROAD,1,1.0
87688,1,7,120,5,5,90.0,0,N,RURAL_VICTORIA,HIGHWAY,1,0.0
87689,1,5,121,2,1,60.0,0,I,MELB_URBAN,ROAD,1,17.0
87690,4,5,181,5,1,100.0,0,N,RURAL_VICTORIA,ROAD,1,8.0
87691,6,7,184,5,1,60.0,0,N,RURAL_VICTORIA,ROAD,1,8.0
87692,1,7,121,2,1,60.0,0,I,MELB_URBAN,STREET,1,9.0
87693,4,7,183,5,1,80.0,0,N,RURAL_VICTORIA,PARADE,1,10.0
87694,1,7,99,2,1,50.0,0,I,MELB_URBAN,STREET,1,10.0
87695,1,7,120,5,1,80.0,0,N,RURAL_VICTORIA,ROAD,1,11.0
87696,4,6,173,5,1,110.0,0,N,RURAL_VICTORIA,FREEWAY,1,14.0
87697,1,7,99,5,1,80.0,0,N,RURAL_VICTORIA,ROAD,1,9.0
87698,5,7,99,5,1,60.0,0,N,RURAL_VICTORIA,ROAD,1,10.0
87699,4,7,171,5,1,100.0,0,N,RURAL_VICTORIA,HIGHWAY,1,10.0
87700,1,7,99,2,1,50.0,0,I,SMALL_CITIES,STREET,1,11.0
87701,1,7,110,1,1,60.0,0,I,MELB_URBAN,ROAD,1,12.0
87702,6,4,174,1,2,80.0,0,I,MELB_URBAN,ROAD,1,5.0
87703,8,7,99,5,1,100.0,1,N,RURAL_VICTORIA,ROAD,1,10.0
87704,2,7,100,5,1,40.0,0,N,MELB_URBAN,STREET,1,13.0
87705,1,7,135,5,1,100.0,0,N,LARGE_PROVINCIAL_CITIES,ROAD,1,8.0
87706,1,6,120,2,1,60.0,0,N,MELB_URBAN,ROAD,1,13.0
87707,1,7,121,5,1,80.0,0,N,MELB_URBAN,UNKNOWN,1,10.0
87708,1,7,133,5,1,80.0,0,N,MELB_URBAN,HIGHWAY,1,13.0
87709,1,6,130,5,1,80.0,0,N,MELB_URBAN,HIGHWAY,1,14.0
87710,4,7,181,5,5,100.0,0,N,RURAL_VICTORIA,ROAD,1,3.0
87711,1,3,130,5,1,80.0,0,N,MELB_URBAN,ROAD,12,15.0
87712,1,3,132,2,1,60.0,0,I,MELB_URBAN,ROAD,1,14.0
87713,2,7,99,5,1,50.0,0,N,MELB_URBAN,AVENUE,1,16.0
87714,4,6,99,2,1,100.0,0,I,RURAL_VICTORIA,ROAD,1,15.0
87715,1,7,130,1,1,50.0,0,I,SMALL_CITIES,STREET,1,18.0
87716,1,6,130,5,1,80.0,0,N,MELB_URBAN,FREEWAY,1,14.0
87717,8,7,170,5,3,40.0,0,N,MELB_URBAN,STREET,1,21.0
87718,1,7,99,2,2,60.0,0,I,SMALL_CITIES,STREET,1,20.0
87719,1,7,99,2,5,80.0,0,I,MELB_URBAN,ROAD,1,21.0
87720,4,5,171,5,1,100.0,0,N,RURAL_VICTORIA,ROAD,1,12.0
87721,4,7,99,2,3,40.0,0,I,SMALL_CITIES,STREET,1,22.0
87722,1,1,99,5,3,40.0,0,N,MELB_URBAN,STREET,1,0.0
87723,4,6,181,5,3,50.0,0,N,MELB_URBAN,AVENUE,1,22.0
87724,1,3,130,1,1,60.0,0,I,MELB_URBAN,STREET,12,13.0
87725,7,1,99,1,3,80.0,0,I,MELB_URBAN,HIGHWAY,1,2.0
87726,5,7,99,5,1,60.0,0,N,SMALL_CITIES,HIGHWAY,1,18.0
87727,1,1,121,1,2,80.0,0,I,MELB_URBAN,HIGHWAY,1,5.0
87728,4,1,181,5,1,60.0,0,N,RURAL_VICTORIA,ROAD,1,7.0
87729,1,3,134,2,2,60.0,0,I,MELB_URBAN,ROAD,12,21.0
87730,3,7,167,5,3,60.0,0,N,SMALL_TOWNS,ROAD,1,21.0
87731,1,1,134,2,1,60.0,0,I,RURAL_VICTORIA,ROAD,1,12.0
87732,1,1,121,2,1,80.0,0,I,MELB_URBAN,ROAD,1,13.0
87733,4,1,183,5,5,100.0,0,N,RURAL_VICTORIA,ROAD,1,0.0
87734,1,1,110,1,1,60.0,0,I,MELB_URBAN,ROAD,1,14.0
87735,8,2,174,1,1,40.0,0,I,MELB_URBAN,ROAD,12,16.0
87736,4,1,171,5,1,100.0,0,N,RURAL_VICTORIA,ROAD,1,13.0
87737,1,7,99,2,1,60.0,0,I,MELB_URBAN,STREET,1,10.0
87738,4,1,181,5,1,80.0,0,N,RURAL_VICTORIA,ROAD,1,9.0
87739,1,1,121,1,1,80.0,0,I,MELB_URBAN,ROAD,1,16.0
87740,1,7,163,2,2,60.0,0,N,MELB_URBAN,ROAD,1,19.0
87741,1,7,110,1,1,60.0,0,I,MELB_URBAN,STREET,1,10.0
87742,4,1,181,5,1,50.0,0,N,RURAL_VICTORIA,ROAD,1,16.0
87743,4,1,181,5,1,100.0,0,N,RURAL_VICTORIA,ROAD,1,14.0
87744,1,6,110,1,5,50.0,0,I,MELB_URBAN,STREET,1,22.0
87745,1,1,99,1,1,50.0,0,I,MELB_URBAN,STREET,1,19.0
87746,1,7,116,2,1,60.0,0,I,RURAL_VICTORIA,ROAD,1,8.0
87747,4,1,183,5,2,50.0,0,N,SMALL_CITIES,STREET,1,20.0
87748,1,1,121,4,3,80.0,0,I,MELB_URBAN,ROAD,1,21.0
87749,4,1,171,5,3,50.0,0,N,MELB_URBAN,UNKNOWN,1,20.0
87750,1,6,116,2,1,60.0,0,I,MELB_URBAN,ROAD,1,13.0
87751,1,0,121,1,3,50.0,0,I,LARGE_PROVINCIAL_CITIES,AVENUE,1,21.0
87752,1,1,130,5,1,60.0,0,N,MELB_URBAN,ROAD,1,11.0
87753,4,1,171,2,1,50.0,0,I,MELB_URBAN,STREET,1,15.0
87754,6,1,99,2,1,80.0,0,I,RURAL_VICTORIA,ROAD,1,19.0
87755,1,2,130,5,1,80.0,0,N,MELB_URBAN,OTHER,1,7.0
87756,6,1,184,5,1,100.0,0,N,RURAL_VICTORIA,ROAD,1,14.0
87757,1,2,113,1,1,50.0,0,I,MELB_URBAN,ROAD,1,7.0
87758,4,2,173,5,1,60.0,0,N,MELB_URBAN,RAMP,1,8.0
87759,1,1,99,1,1,40.0,0,I,MELB_URBAN,STREET,1,13.0
87760,2,6,100,1,2,50.0,0,I,MELB_URBAN,STREET,1,19.0
87761,1,2,110,1,1,60.0,0,I,MELB_URBAN,STREET,1,7.0
87762,4,2,171,5,1,60.0,0,N,MELB_URBAN,ROAD,1,11.0
87763,1,7,181,5,1,50.0,0,N,MELB_URBAN,ROAD,1,18.0
87764,1,2,135,5,1,60.0,0,N,SMALL_CITIES,STREET,1,11.0
87765,1,2,99,5,1,40.0,0,N,MELB_URBAN,OTHER,1,13.0
87766,1,2,160,2,1,50.0,0,I,MELB_URBAN,STREET,1,13.0
87767,1,2,99,1,1,40.0,0,I,MELB_URBAN,ROAD,1,13.0
87768,1,2,130,5,1,80.0,0,N,MELB_URBAN,ROAD,1,13.0
87769,1,2,132,2,1,60.0,0,I,MELB_URBAN,OTHER,1,14.0
87770,1,6,99,2,1,60.0,0,I,MELB_URBAN,STREET,1,7.0
87771,4,7,183,5,1,60.0,0,N,RURAL_VICTORIA,ROAD,12,11.0
87772,8,1,184,1,9,60.0,0,I,RURAL_VICTORIA,ROAD,1,14.0
87773,1,1,121,2,1,60.0,0,I,MELB_URBAN,ROAD,1,16.0
87774,1,1,110,1,1,60.0,0,I,SMALL_CITIES,ROAD,1,16.0
87775,1,1,99,1,1,80.0,0,I,RURAL_VICTORIA,ROAD,1,17.0
87776,1,2,130,5,1,80.0,0,N,MELB_URBAN,HIGHWAY,1,16.0
87777,1,2,130,5,1,80.0,0,N,RURAL_VICTORIA,HIGHWAY,1,16.0
87778,1,2,110,1,1,60.0,0,N,MELB_URBAN,ROAD,1,17.0
87779,4,2,171,5,1,80.0,0,N,RURAL_VICTORIA,HIGHWAY,1,16.0
87780,4,2,99,5,1,100.0,0,N,RURAL_VICTORIA,OTHER,1,17.0
87781,1,2,99,5,1,40.0,0,N,MELBOURNE_CBD,STREET,1,18.0
87782,1,2,140,4,1,80.0,0,I,MELB_URBAN,RAMP,1,18.0
87783,1,6,130,1,9,60.0,0,I,MELB_URBAN,ROAD,1,17.0
87784,1,1,147,5,3,60.0,0,N,SMALL_CITIES,ROAD,1,21.0
87785,1,6,130,1,3,60.0,0,N,MELB_URBAN,ROAD,1,22.0
87786,1,2,130,2,1,60.0,0,I,MELB_URBAN,ROAD,1,19.0
87787,1,2,160,5,3,50.0,0,N,MELB_URBAN,ROAD,1,21.0
87788,1,2,130,5,1,60.0,0,N,MELB_URBAN,STREET,1,19.0
87789,1,2,120,5,1,100.0,1,N,RURAL_VICTORIA,ROAD,1,15.0
87790,1,4,99,5,9,60.0,0,N,MELB_URBAN,STREET,1,21.0
87791,1,1,99,5,1,50.0,0,N,MELB_URBAN,STREET,1,8.0
87792,1,3,116,1,1,60.0,0,I,LARGE_PROVINCIAL_CITIES,ROAD,1,7.0
87793,4,3,181,5,1,70.0,0,N,MELB_URBAN,ROAD,1,6.0
87794,4,2,171,5,1,60.0,0,N,MELB_URBAN,HIGHWAY,1,15.0
87795,8,5,174,5,1,80.0,0,N,RURAL_VICTORIA,ROAD,6,13.0
87796,1,3,110,1,1,60.0,0,I,LARGE_PROVINCIAL_CITIES,STREET,1,9.0
87797,8,3,174,5,1,50.0,0,N,MELB_URBAN,BOULEVARD,1,10.0
87798,1,3,140,2,1,60.0,0,I,SMALL_CITIES,ROAD,1,10.0
87799,1,3,121,2,1,60.0,0,I,MELB_URBAN,ROAD,1,10.0
87800,1,3,121,2,1,60.0,0,I,MELB_URBAN,ROAD,12,16.0
87801,4,3,173,5,2,60.0,0,N,LARGE_PROVINCIAL_CITIES,ROAD,1,6.0
87802,1,1,99,5,1,100.0,0,N,RURAL_VICTORIA,HIGHWAY,12,13.0
87803,4,3,173,5,5,100.0,0,N,RURAL_VICTORIA,ROAD,1,4.0
87804,1,3,130,1,1,60.0,0,N,MELB_URBAN,ROAD,1,11.0
87805,1,3,113,2,1,60.0,0,I,MELB_URBAN,ROAD,1,13.0
87806,1,3,113,2,1,60.0,0,I,MELB_URBAN,STREET,1,13.0
87807,2,3,99,5,1,60.0,0,N,MELB_URBAN,STREET,1,13.0
87808,3,2,167,5,2,100.0,0,N,RURAL_VICTORIA,ROAD,1,20.0
87809,1,3,110,1,1,50.0,0,I,TOWNS,STREET,1,15.0
87810,1,2,130,1,1,70.0,0,N,MELB_URBAN,ROAD,1,16.0
87811,1,3,121,5,1,100.0,0,N,RURAL_VICTORIA,ROAD,1,16.0
87812,1,3,99,5,1,60.0,0,N,SMALL_CITIES,STREET,1,18.0
87813,1,2,130,5,1,70.0,0,N,MELB_URBAN,HIGHWAY,1,15.0
87814,1,3,110,4,1,60.0,0,I,MELB_URBAN,ROAD,1,17.0
87815,1,3,132,2,1,60.0,0,I,MELB_URBAN,ROAD,1,19.0
87816,2,3,100,1,1,50.0,0,I,SMALL_CITIES,STREET,1,19.0
87817,4,3,173,5,1,100.0,0,N,RURAL_VICTORIA,ROAD,1,17.0
87818,1,3,132,5,9,40.0,0,N,MELB_URBAN,ROAD,1,10.0
87819,8,3,174,5,2,80.0,0,N,LARGE_PROVINCIAL_CITIES,HIGHWAY,1,19.0
87820,1,3,160,5,1,80.0,0,N,RURAL_VICTORIA,HIGHWAY,1,16.0
87821,1,2,130,5,5,60.0,0,N,RURAL_VICTORIA,FREEWAY,1,21.0
87822,2,3,100,5,3,70.0,0,N,MELB_URBAN,ROAD,1,22.0
87823,3,5,167,5,1,100.0,0,N,RURAL_VICTORIA,ROAD,1,13.0
87824,1,3,113,1,5,80.0,0,I,LARGE_PROVINCIAL_CITIES,ROAD,1,21.0
87825,4,3,181,5,3,60.0,0,N,LARGE_PROVINCIAL_CITIES,STREET,1,23.0
87826,4,4,171,5,5,100.0,0,N,RURAL_VICTORIA,ROAD,1,1.0
87827,1,3,110,1,2,60.0,0,I,SMALL_CITIES,AVENUE,1,6.0
87828,4,4,173,5,3,40.0,0,N,MELB_URBAN,BOULEVARD,1,3.0
87829,1,4,130,1,2,60.0,0,I,MELB_URBAN,STREET,1,6.0
87830,1,4,99,5,1,50.0,0,N,LARGE_PROVINCIAL_CITIES,AVENUE,1,6.0
87831,1,4,110,1,1,60.0,0,I,MELB_URBAN,STREET,1,7.0
87832,1,3,130,5,1,60.0,0,N,MELB_URBAN,ROAD,1,16.0
87833,1,3,99,4,1,80.0,0,I,MELB_URBAN,RAMP,1,10.0
87834,4,4,171,5,1,60.0,0,N,MELB_URBAN,ROAD,1,9.0
87835,1,6,130,5,1,60.0,0,N,MELB_URBAN,OTHER,1,15.0
87836,1,6,130,5,1,60.0,0,N,MELB_URBAN,PARADE,1,15.0
87837,1,4,110,1,1,50.0,0,I,MELB_URBAN,ROAD,1,8.0
87838,6,6,174,5,1,50.0,0,N,MELB_URBAN,STREET,1,17.0
87839,2,4,100,2,1,40.0,0,I,MELB_URBAN,STREET,1,12.0
87840,1,2,99,2,1,60.0,0,I,MELB_URBAN,ROAD,1,18.0
87841,5,4,99,5,1,50.0,0,I,LARGE_PROVINCIAL_CITIES,STREET,1,13.0
87842,4,4,181,5,1,100.0,0,N,RURAL_VICTORIA,ROAD,1,13.0
87843,2,3,100,1,1,40.0,0,N,MELBOURNE_CBD,STREET,1,15.0
87844,1,5,140,1,1,100.0,0,I,RURAL_VICTORIA,ROAD,1,12.0
87845,1,2,130,2,1,60.0,0,I,MELB_URBAN,ROAD,1,17.0
87846,1,7,134,2,1,60.0,0,N,MELB_URBAN,ROAD,12,13.0
87847,4,4,171,2,1,60.0,0,N,MELB_URBAN,STREET,1,15.0
87848,1,2,130,5,9,60.0,0,N,MELB_URBAN,FREEWAY,1,18.0
87849,1,6,99,5,1,40.0,0,N,MELBOURNE_CBD,STREET,12,15.0
87850,1,4,147,5,1,60.0,0,N,SMALL_CITIES,STREET,1,17.0
87851,1,3,160,5,1,60.0,0,N,LARGE_PROVINCIAL_CITIES,HIGHWAY,1,17.0
87852,1,4,130,5,1,80.0,0,N,MELB_URBAN,FREEWAY,1,17.0
87853,4,4,99,5,1,40.0,0,N,MELB_URBAN,ROAD,1,16.0
87854,1,4,111,1,1,70.0,0,I,MELB_URBAN,ROAD,1,17.0
87855,1,3,130,5,1,80.0,0,N,MELB_URBAN,ROAD,1,18.0
87856,5,4,99,5,1,100.0,0,N,MELB_URBAN,ROAD,1,10.0
87857,2,4,100,5,2,60.0,0,N,MELB_URBAN,UNKNOWN,1,19.0
87858,1,4,99,2,1,60.0,0,I,LARGE_PROVINCIAL_CITIES,STREET,1,16.0
87859,1,2,99,5,3,70.0,0,N,MELB_URBAN,HIGHWAY,1,21.0
87860,1,4,130,5,2,80.0,0,N,MELB_URBAN,ROAD,1,5.0
87861,2,4,102,5,1,60.0,0,N,SMALL_CITIES,ROAD,1,17.0
87862,4,4,173,2,5,50.0,0,I,SMALL_TOWNS,ROAD,1,21.0
87863,1,5,113,1,3,80.0,0,I,MELB_URBAN,HIGHWAY,1,3.0
87864,4,4,181,5,1,80.0,0,N,MELB_URBAN,HIGHWAY,1,6.0
87865,1,4,160,5,1,50.0,0,N,MELB_URBAN,STREET,1,16.0
87866,1,4,99,5,1,100.0,0,N,TOWNS,HIGHWAY,1,9.0
87867,1,5,121,1,1,50.0,0,I,MELB_URBAN,ROAD,1,10.0
87868,1,4,99,1,1,60.0,0,I,MELB_URBAN,ROAD,1,7.0
87869,1,5,120,5,1,70.0,0,N,RURAL_VICTORIA,ROAD,1,9.0
87870,8,0,99,5,1,60.0,0,N,RURAL_VICTORIA,ROAD,1,11.0
87871,1,4,110,1,1,70.0,0,I,LARGE_PROVINCIAL_CITIES,ROAD,1,12.0
87872,4,4,171,2,3,50.0,0,N,MELB_URBAN,STREET,1,20.0
87873,1,3,99,2,1,60.0,0,I,MELB_URBAN,STREET,1,7.0
87874,2,5,99,5,1,50.0,0,N,MELB_URBAN,STREET,1,7.0
87875,1,5,130,2,1,60.0,0,I,MELB_URBAN,ROAD,1,13.0
87876,4,3,99,2,9,60.0,0,I,MELB_URBAN,UNKNOWN,11,12.0
87877,1,5,160,5,1,50.0,0,N,MELB_URBAN,STREET,1,11.0
87878,2,7,99,5,1,60.0,0,N,MELB_URBAN,HIGHWAY,1,16.0
87879,4,5,171,5,1,100.0,0,N,RURAL_VICTORIA,ROAD,1,12.0
87880,1,5,110,1,1,50.0,0,I,LARGE_PROVINCIAL_CITIES,ROAD,1,16.0
87881,1,5,130,5,1,40.0,0,N,MELB_URBAN,STREET,1,16.0
87882,8,5,99,5,1,60.0,0,N,MELB_URBAN,STREET,1,12.0
87883,1,7,120,5,1,60.0,0,N,RURAL_VICTORIA,ROAD,1,18.0
87884,1,5,130,2,1,50.0,0,I,MELB_URBAN,ROAD,1,15.0
87885,4,5,173,5,1,80.0,0,N,RURAL_VICTORIA,ROAD,1,15.0
87886,4,5,173,5,1,100.0,0,N,RURAL_VICTORIA,ROAD,1,13.0
87887,4,5,173,5,1,60.0,0,N,MELB_URBAN,ROAD,1,17.0
87888,1,5,116,1,1,60.0,0,I,MELB_URBAN,ROAD,1,10.0
87889,1,5,121,2,1,70.0,0,I,MELB_URBAN,ROAD,1,17.0
87890,8,1,174,5,9,60.0,0,I,RURAL_VICTORIA,OTHER,1,16.0
87891,1,4,163,5,1,40.0,0,N,MELB_URBAN,STREET,1,17.0
87892,1,4,116,2,1,60.0,0,I,RURAL_VICTORIA,ROAD,1,12.0
87893,1,4,130,1,1,80.0,0,N,MELB_URBAN,ROAD,1,13.0
87894,1,4,99,2,3,50.0,0,I,MELB_URBAN,OTHER,1,20.0
87895,1,5,99,5,1,50.0,0,N,MELB_URBAN,ROAD,1,17.0
87896,1,5,140,5,3,60.0,0,N,LARGE_PROVINCIAL_CITIES,STREET,1,21.0
87897,1,4,160,5,3,50.0,0,N,MELBOURNE_CBD,STREET,1,2.0
87898,4,5,181,5,5,110.0,0,N,RURAL_VICTORIA,FREEWAY,1,23.0
87899,5,6,99,2,5,100.0,0,I,RURAL_VICTORIA,ROAD,1,0.0
87900,4,6,99,2,5,80.0,0,I,RURAL_VICTORIA,ROAD,1,2.0
87901,1,6,120,5,1,50.0,0,N,MELB_URBAN,STREET,1,7.0
87902,4,5,171,5,1,100.0,0,N,MELB_URBAN,FREEWAY,1,7.0
87903,1,5,99,2,1,60.0,0,I,RURAL_VICTORIA,ROAD,1,13.0