,accident_type,day_of_week,dca_code,road_geometry,light_condition,speed_zone,severity,node_type,deg_urban_name,road_type,month,hour
87904,4,6,173,5,1,50.0,0,N,MELB_URBAN,AVENUE,1,7.0
87905,4,6,173,5,1,100.0,0,N,RURAL_VICTORIA,ROAD,1,8.0
87906,8,6,174,5,1,60.0,0,N,RURAL_VICTORIA,OTHER,1,11.0
87907,2,6,99,5,1,50.0,0,N,MELB_URBAN,OTHER,1,9.0
87908,1,6,99,5,1,60.0,0,N,MELB_URBAN,DRIVE,1,12.0
87909,1,4,130,1,1,80.0,0,N,RURAL_VICTORIA,OTHER,1,15.0
87910,1,5,130,5,1,80.0,0,N,MELB_URBAN,FREEWAY,1,11.0
87911,1,5,99,1,1,60.0,0,I,SMALL_CITIES,ROAD,1,13.0
87912,2,6,99,5,1,50.0,0,N,LARGE_PROVINCIAL_CITIES,STREET,1,10.0
87913,1,4,116,1,2,40.0,0,I,MELB_URBAN,ROAD,1,19.0
87914,1,6,173,5,1,80.0,0,N,RURAL_VICTORIA,ROAD,1,13.0
87915,4,6,181,4,1,60.0,0,I,TOWNS,STREET,1,12.0
87916,1,5,99,5,1,50.0,0,N,SMALL_CITIES,STREET,1,15.0
87917,1,6,113,2,1,50.0,0,I,MELB_URBAN,DRIVE,1,12.0
87918,4,6,173,5,1,100.0,0,N,RURAL_VICTORIA,HIGHWAY,1,14.0
87919,6,1,99,5,1,100.0,0,N,RURAL_VICTORIA,ROAD,1,16.0
87920,1,6,121,1,1,60.0,0,I,MELB_URBAN,STREET,1,13.0
87921,4,6,173,5,1,70.0,0,N,RURAL_VICTORIA,ROAD,1,15.0
87922,4,5,99,2,1,100.0,0,I,RURAL_VICTORIA,HIGHWAY,1,19.0
87923,1,6,110,1,1,100.0,0,I,RURAL_VICTORIA,FREEWAY,1,16.0
87924,1,6,113,1,1,50.0,0,I,MELB_URBAN,ROAD,1,16.0
87925,1,6,113,2,1,100.0,0,I,RURAL_VICTORIA,ROAD,1,16.0
87926,6,6,170,5,2,80.0,0,N,RURAL_VICTORIA,ROAD,1,18.0
87927,2,6,99,5,1,60.0,0,N,MELB_URBAN,ROAD,1,18.0
87928,1,6,110,1,3,60.0,0,I,MELB_URBAN,ROAD,1,20.0
87929,4,6,183,5,5,80.0,0,N,RURAL_VICTORIA,ROAD,1,21.0
87930,6,5,174,4,3,60.0,0,I,MELB_URBAN,STREET,1,22.0
87931,4,6,183,5,1,100.0,0,N,RURAL_VICTORIA,ROAD,1,14.0
87932,1,6,132,2,3,70.0,0,I,MELB_URBAN,ROAD,1,21.0
87933,4,7,183,5,3,60.0,0,N,MELB_URBAN,STREET,1,1.0
87934,1,7,160,2,3,50.0,0,I,SMALL_CITIES,STREET,1,0.0
87935,1,5,110,1,1,60.0,0,I,MELB_URBAN,STREET,1,7.0
87936,8,6,174,5,3,50.0,0,N,MELB_URBAN,ROAD,1,22.0
87937,4,7,173,2,3,60.0,0,N,SMALL_CITIES,STREET,1,0.0
87938,2,7,100,5,1,60.0,0,N,MELB_URBAN,ROAD,1,8.0
87939,1,7,133,5,1,60.0,0,N,MELB_URBAN,UNKNOWN,1,9.0
87940,1,6,120,5,1,60.0,0,N,MELB_URBAN,ROAD,1,7.0
87941,1,5,99,1,3,60.0,0,N,MELB_URBAN,STREET,1,0.0
87942,8,7,184,5,1,100.0,0,N,RURAL_VICTORIA,ROAD,1,11.0
87943,1,6,130,2,1,60.0,0,I,MELB_URBAN,PARADE,1,9.0
87944,1,7,110,1,1,50.0,0,I,MELB_URBAN,STREET,1,11.0
87945,1,7,111,1,1,60.0,0,I,SMALL_TOWNS,HIGHWAY,1,10.0
87946,1,6,110,1,1,60.0,0,I,MELB_URBAN,AVENUE,1,9.0
87947,1,7,130,5,1,100.0,0,N,MELB_URBAN,UNKNOWN,1,11.0
87948,4,6,173,1,3,80.0,0,N,MELB_URBAN,ROAD,1,19.0
87949,8,7,99,5,2,100.0,1,N,RURAL_VICTORIA,ROAD,1,6.0
87950,1,6,160,5,1,50.0,0,N,MELB_URBAN,DRIVE,1,11.0
87951,1,7,147,5,1,60.0,0,N,MELB_URBAN,STREET,1,12.0
87952,1,7,130,5,1,60.0,0,N,MELB_URBAN,STREET,1,12.0
87953,1,4,133,1,1,60.0,0,I,MELB_URBAN,ROAD,1,16.0
87954,1,7,160,5,1,50.0,0,N,MELB_URBAN,ROAD,1,12.0
87955,1,7,135,5,1,60.0,0,N,MELB_URBAN,ROAD,1,14.0
87956,1,6,160,5,1,50.0,0,N,MELB_URBAN,DRIVE,1,15.0
87957,1,4,130,5,1,40.0,0,N,MELB_URBAN,STREET,1,16.0
87958,1,1,130,5,1,60.0,0,N,MELB_URBAN,ROAD,1,16.0
87959,1,7,135,5,1,100.0,0,N,MELB_URBAN,FREEWAY,1,17.0
87960,2,6,99,5,1,50.0,0,N,MELB_URBAN,ROAD,1,17.0
87961,1,7,110,1,3,70.0,0,I,MELB_URBAN,ROAD,1,21.0
87962,1,7,130,5,3,80.0,0,N,MELB_URBAN,FREEWAY,1,22.0
87963,1,7,120,1,3,60.0,0,I,MELB_URBAN,STREET,1,23.0
87964,1,2,99,1,1,60.0,0,I,LARGE_PROVINCIAL_CITIES,STREET,1,10.0
87965,1,6,111,2,1,60.0,0,I,MELB_URBAN,ROAD,1,17.0
87966,4,1,173,5,5,100.0,0,N,RURAL_VICTORIA,FREEWAY,1,4.0
87967,1,1,121,1,2,60.0,0,I,MELB_URBAN,ROAD,1,6.0
87968,1,1,121,2,1,50.0,0,I,MELB_URBAN,ROAD,1,7.0
87969,4,1,181,5,1,80.0,0,N,RURAL_VICTORIA,ROAD,1,7.0
87970,1,1,120,5,1,80.0,0,N,RURAL_VICTORIA,HIGHWAY,1,7.0
87971,4,7,171,5,5,100.0,0,N,RURAL_VICTORIA,ROAD,1,22.0
87972,1,1,110,1,1,60.0,0,I,MELB_URBAN,UNKNOWN,1,10.0
87973,1,0,99,1,1,80.0,0,I,MELB_URBAN,HIGHWAY,1,11.0
87974,4,0,173,5,1,110.0,0,N,RURAL_VICTORIA,FREEWAY,1,12.0
87975,6,1,99,5,1,80.0,0,N,TOWNS,ROAD,1,8.0
87976,1,1,160,2,1,60.0,0,N,LARGE_PROVINCIAL_CITIES,ROAD,1,12.0
87977,8,1,174,5,1,60.0,0,N,MELB_URBAN,ROAD,1,12.0
87978,1,1,113,2,1,60.0,0,I,MELB_URBAN,ROAD,1,10.0
87979,1,0,99,1,1,40.0,0,I,MELBOURNE_CBD,STREET,1,14.0
87980,1,1,120,5,1,80.0,0,N,RURAL_VICTORIA,ROAD,1,13.0
87981,1,7,130,5,1,80.0,0,N,MELB_URBAN,FREEWAY,1,18.0
87982,4,1,183,5,1,60.0,1,N,SMALL_TOWNS,ROAD,1,9.0
87983,1,1,113,1,1,70.0,0,I,LARGE_PROVINCIAL_CITIES,STREET,1,13.0
87984,4,0,181,5,1,100.0,0,N,RURAL_VICTORIA,ROAD,1,14.0
87985,1,1,121,2,1,60.0,0,I,MELB_URBAN,BOULEVARD,1,15.0
87986,1,1,130,1,1,60.0,0,I,MELB_URBAN,ROAD,1,15.0
87987,1,1,99,2,1,100.0,0,I,RURAL_VICTORIA,ROAD,1,14.0
87988,8,1,99,5,1,80.0,0,N,RURAL_VICTORIA,ROAD,1,14.0
87989,1,1,121,5,1,60.0,0,N,MELB_URBAN,ROAD,1,15.0
87990,1,1,121,5,1,60.0,0,N,SMALL_CITIES,ROAD,1,17.0
87991,2,1,99,5,1,50.0,0,N,MELB_URBAN,STREET,1,16.0
87992,4,7,171,5,5,110.0,0,N,RURAL_VICTORIA,HIGHWAY,1,22.0
87993,4,1,181,5,1,80.0,0,N,RURAL_VICTORIA,ROAD,1,17.0
87994,1,0,113,1,1,60.0,0,I,MELB_URBAN,STREET,1,19.0
87995,6,1,184,5,1,100.0,0,N,RURAL_VICTORIA,ROAD,1,18.0
87996,4,1,173,5,1,70.0,0,N,MELB_URBAN,ROAD,1,16.0
87997,1,1,120,5,3,50.0,0,N,MELB_URBAN,ROAD,1,22.0
87998,1,0,130,5,1,60.0,0,N,MELB_URBAN,STREET,1,15.0
87999,4,1,173,5,5,100.0,1,N,RURAL_VICTORIA,ROAD,1,20.0
88000,4,2,171,5,3,80.0,0,N,MELB_URBAN,HIGHWAY,1,1.0
88001,1,5,121,1,3,50.0,0,I,LARGE_PROVINCIAL_CITIES,STREET,1,23.0
88002,6,2,174,5,1,60.0,0,N,MELB_URBAN,ROAD,1,7.0
88003,4,1,173,2,1,100.0,0,I,RURAL_VICTORIA,ROAD,1,7.0
88004,4,2,171,5,1,100.0,0,N,RURAL_VICTORIA,ROAD,1,10.0
88005,2,2,102,5,1,60.0,0,I,MELB_URBAN,ROAD,1,9.0
88006,1,2,121,4,1,80.0,0,I,MELB_URBAN,HIGHWAY,1,10.0
88007,1,2,110,1,1,60.0,0,N,MELB_URBAN,ROAD,1,11.0
88008,1,1,130,2,1,60.0,0,I,SMALL_CITIES,OTHER,1,12.0
88009,1,2,130,5,1,60.0,0,N,MELB_URBAN,ROAD,1,8.0
88010,1,2,110,1,1,60.0,0,I,TOWNS,STREET,1,14.0
88011,1,2,121,4,9,60.0,0,I,MELB_URBAN,ROAD,1,14.0
88012,1,2,120,5,1,80.0,1,N,RURAL_VICTORIA,ROAD,1,14.0
88013,8,2,174,1,1,100.0,0,I,RURAL_VICTORIA,ROAD,1,15.0
88014,1,1,110,1,1,60.0,0,I,LARGE_PROVINCIAL_CITIES,ROAD,1,14.0
88015,1,2,140,5,1,40.0,0,N,MELB_URBAN,STREET,1,15.0
88016,1,2,110,1,1,50.0,0,I,SMALL_CITIES,STREET,1,17.0
88017,1,2,130,2,1,70.0,0,I,LARGE_PROVINCIAL_CITIES,STREET,1,17.0
88018,1,1,133,5,1,80.0,0,N,MELB_URBAN,FREEWAY,1,16.0
88019,4,2,99,4,1,60.0,0,I,MELB_URBAN,ROAD,1,18.0
88020,1,2,160,5,1,70.0,0,N,MELB_URBAN,ROAD,1,18.0
88021,1,2,130,5,1,80.0,0,N,MELB_URBAN,FREEWAY,1,15.0
88022,1,2,130,5,2,80.0,0,N,MELB_URBAN,ROAD,1,18.0
88023,6,2,184,5,1,60.0,0,N,RURAL_VICTORIA,ROAD,1,19.0
88024,8,2,99,5,1,70.0,0,N,MELB_URBAN,ROAD,1,17.0
88025,1,2,132,1,3,60.0,0,I,MELB_URBAN,STREET,1,20.0
88026,1,2,160,5,3,60.0,0,N,MELB_URBAN,OTHER,1,23.0
88027,1,2,160,5,3,60.0,0,N,MELB_URBAN,STREET,1,23.0
88028,4,2,173,5,5,80.0,0,N,RURAL_VICTORIA,HIGHWAY,1,22.0
88029,6,3,174,2,3,60.0,0,I,RURAL_VICTORIA,ROAD,1,3.0
88030,1,3,120,5,3,60.0,0,N,MELB_URBAN,STREET,1,4.0
88031,5,3,99,5,2,60.0,0,N,RURAL_VICTORIA,ROAD,1,6.0
88032,8,2,174,1,1,40.0,0,I,MELB_URBAN,STREET,1,17.0
88033,1,3,99,5,1,60.0,0,N,MELB_URBAN,DRIVE,1,7.0
88034,1,2,110,1,1,50.0,0,I,MELB_URBAN,ROAD,1,8.0
88035,1,3,147,2,1,60.0,0,N,MELB_URBAN,ROAD,1,10.0
88036,6,3,170,5,1,100.0,0,N,RURAL_VICTORIA,ROAD,1,10.0
88037,1,7,163,5,9,40.0,0,N,MELB_URBAN,STREET,1,15.0
88038,1,2,140,5,1,60.0,0,N,LARGE_PROVINCIAL_CITIES,ROAD,1,9.0
88039,4,3,171,5,1,75.0,0,N,RURAL_VICTORIA,HIGHWAY,1,11.0
88040,8,1,174,5,1,60.0,0,N,MELB_URBAN,ROAD,12,18.0
88041,4,3,183,5,1,80.0,0,N,RURAL_VICTORIA,ROAD,1,7.0
88042,1,3,130,5,1,70.0,1,N,MELB_URBAN,ROAD,1,14.0
88043,1,3,130,1,1,60.0,0,I,MELB_URBAN,STREET,1,13.0
88044,3,6,167,5,5,100.0,0,N,RURAL_VICTORIA,HIGHWAY,1,21.0
88045,2,3,102,4,1,40.0,0,N,LARGE_PROVINCIAL_CITIES,PARADE,1,14.0
88046,1,3,110,1,1,60.0,0,I,SMALL_CITIES,STREET,1,15.0
88047,2,3,99,5,1,40.0,0,N,MELB_URBAN,ROAD,1,13.0
88048,1,3,99,5,1,60.0,0,N,LARGE_PROVINCIAL_CITIES,ROAD,1,15.0
88049,1,3,130,5,1,50.0,0,N,MELB_URBAN,ROAD,1,14.0
88050,1,3,160,5,1,70.0,0,N,MELB_URBAN,ROAD,1,14.0
88051,1,3,130,5,1,60.0,0,N,MELB_URBAN,ROAD,1,16.0
88052,2,4,100,1,2,50.0,0,I,MELB_URBAN,ROAD,12,6.0
88053,4,3,173,5,1,100.0,0,N,RURAL_VICTORIA,HIGHWAY,1,18.0
88054,4,3,171,5,5,100.0,0,N,RURAL_VICTORIA,ROAD,1,20.0
88055,1,2,99,5,1,60.0,0,N,MELB_URBAN,STREET,1,15.0
88056,1,3,110,1,3,60.0,0,I,LARGE_PROVINCIAL_CITIES,ROAD,1,21.0
88057,4,3,173,5,1,100.0,0,N,RURAL_VICTORIA,ROAD,1,18.0
88058,6,3,170,5,9,100.0,0,N,RURAL_VICTORIA,HIGHWAY,1,11.0
88059,5,7,99,5,1,60.0,0,N,RURAL_VICTORIA,OTHER,1,10.0
88060,1,3,130,5,1,80.0,0,N,SMALL_CITIES,DRIVE,1,15.0
88061,1,4,121,5,1,50.0,0,N,MELB_URBAN,STREET,1,8.0
88062,1,4,110,1,1,60.0,0,N,MELB_URBAN,STREET,1,8.0
88063,4,3,171,1,1,50.0,0,I,MELB_URBAN,STREET,1,8.0
88064,1,4,121,2,1,80.0,0,I,MELB_URBAN,HIGHWAY,1,6.0
88065,1,4,110,1,1,60.0,0,I,SMALL_CITIES,STREET,1,11.0
88066,1,4,99,2,1,60.0,0,I,SMALL_CITIES,STREET,1,8.0
88067,1,3,130,5,1,80.0,0,N,MELB_URBAN,HIGHWAY,1,17.0
88068,1,4,110,1,1,50.0,0,I,MELB_URBAN,STREET,1,11.0
88069,1,3,134,5,1,60.0,0,N,SMALL_TOWNS,STREET,1,16.0
88070,1,3,121,2,1,60.0,0,I,MELB_URBAN,STREET,1,17.0
88071,1,4,99,5,1,60.0,0,N,MELB_URBAN,ROAD,1,8.0
88072,4,4,171,5,1,40.0,0,N,MELB_URBAN,ROAD,1,11.0
88073,1,3,130,5,1,80.0,0,N,MELB_URBAN,UNKNOWN,1,19.0
88074,6,3,174,1,1,40.0,0,I,MELB_URBAN,STREET,1,17.0
88075,6,3,174,5,9,60.0,0,N,MELB_URBAN,ROAD,12,7.0
88076,1,3,163,5,1,60.0,0,N,MELB_URBAN,ROAD,1,15.0
88077,2,4,99,5,9,40.0,0,N,MELBOURNE_CBD,STREET,1,10.0
88078,2,1,99,1,9,40.0,0,I,MELB_URBAN,STREET,1,15.0
88079,1,4,130,5,1,80.0,0,I,MELB_URBAN,UNKNOWN,1,15.0
88080,1,4,130,5,1,90.0,0,N,RURAL_VICTORIA,HIGHWAY,1,17.0
88081,4,4,181,5,1,100.0,0,N,RURAL_VICTORIA,ROAD,1,14.0
88082,1,4,99,1,1,40.0,0,N,MELB_URBAN,STREET,1,17.0
88083,1,4,130,5,1,40.0,0,N,MELB_URBAN,STREET,1,16.0
88084,4,4,171,5,2,50.0,0,N,MELB_URBAN,ROAD,1,19.0
88085,4,4,173,5,1,80.0,1,N,MELB_URBAN,FREEWAY,1,18.0
88086,1,5,160,5,3,40.0,0,N,MELB_URBAN,STREET,2,0.0
88087,1,4,130,2,1,70.0,0,I,MELB_URBAN,STREET,2,8.0
88088,2,5,99,5,1,40.0,0,N,MELB_URBAN,STREET,2,8.0
88089,7,5,99,5,1,60.0,0,N,MELB_URBAN,STREET,2,8.0
88090,1,5,163,2,1,60.0,0,I,MELB_URBAN,STREET,2,9.0
88091,2,3,102,5,1,50.0,0,N,LARGE_PROVINCIAL_CITIES,STREET,1,12.0
88092,1,5,130,4,1,50.0,0,I,MELB_URBAN,STREET,2,9.0
88093,1,4,111,2,1,50.0,0,I,MELB_URBAN,AVENUE,2,7.0
88094,1,4,130,5,1,80.0,0,N,MELB_URBAN,ROAD,2,10.0
88095,1,4,121,2,1,60.0,0,I,LARGE_PROVINCIAL_CITIES,STREET,2,10.0
88096,1,5,99,2,1,40.0,0,N,MELB_URBAN,STREET,2,13.0
88097,1,5,121,1,1,60.0,0,I,MELB_URBAN,STREET,2,13.0
88098,1,4,121,2,1,70.0,0,N,MELB_URBAN,STREET,2,10.0
88099,1,4,99,5,1,50.0,0,N,MELB_URBAN,DRIVE,1,16.0
88100,1,5,121,5,1,60.0,0,N,MELB_URBAN,STREET,2,8.0
88101,1,4,121,2,1,60.0,0,I,SMALL_TOWNS,HIGHWAY,2,11.0
88102,1,5,113,1,1,80.0,0,I,LARGE_PROVINCIAL_CITIES,HIGHWAY,2,13.0
88103,4,1,173,2,3,40.0,0,N,MELB_URBAN,STREET,1,2.0
88104,1,5,99,5,1,60.0,0,N,LARGE_PROVINCIAL_CITIES,STREET,2,11.0
88105,1,5,130,5,1,100.0,0,N,MELB_URBAN,FREEWAY,10,17.0
88106,1,2,163,5,1,40.0,0,N,MELB_URBAN,STREET,11,19.0
88107,1,4,121,2,1,70.0,0,I,MELB_URBAN,ROAD,2,15.0
88108,5,5,99,5,1,100.0,0,N,MELB_URBAN,FREEWAY,2,10.0
88109,1,5,133,5,1,80.0,0,N,MELB_URBAN,HIGHWAY,2,16.0
88110,1,4,121,2,1,60.0,0,I,MELB_URBAN,ROAD,2,16.0
88111,1,4,110,1,1,60.0,0,I,SMALL_CITIES,PARADE,2,16.0
88112,1,4,121,2,1,40.0,0,I,MELB_URBAN,STREET,2,16.0
88113,1,5,121,2,1,40.0,0,I,MELB_URBAN,STREET,2,16.0
88114,1,5,113,2,2,50.0,0,I,LARGE_PROVINCIAL_CITIES,STREET,2,19.0
88115,6,5,99,5,1,100.0,0,N,RURAL_VICTORIA,ROAD,2,17.0
88116,1,5,130,1,2,60.0,0,I,MELB_URBAN,ROAD,2,20.0
88117,1,5,132,2,1,60.0,0,N,MELB_URBAN,ROAD,2,20.0
88118,4,4,99,5,1,100.0,0,N,RURAL_VICTORIA,ROAD,1,18.0
88119,2,4,100,1,1,40.0,0,I,MELBOURNE_CBD,STREET,2,19.0
88120,1,3,99,5,1,60.0,0,N,MELB_URBAN,ROAD,1,11.0
88121,1,5,110,1,1,50.0,0,I,MELB_URBAN,BOULEVARD,2,19.0
88122,1,1,160,5,1,50.0,0,N,MELB_URBAN,STREET,1,19.0
88123,6,4,99,5,5,100.0,0,N,RURAL_VICTORIA,ROAD,2,22.0
88124,4,6,173,5,3,60.0,0,N,MELB_URBAN,PARADE,2,2.0
88125,1,6,111,2,3,80.0,0,I,MELB_URBAN,HIGHWAY,2,4.0
88126,1,5,111,2,3,50.0,0,I,MELB_URBAN,STREET,2,23.0
88127,1,6,130,1,2,80.0,0,I,MELB_URBAN,HIGHWAY,2,5.0
88128,2,6,100,5,1,60.0,0,N,MELB_URBAN,ROAD,2,7.0
88129,1,6,110,1,3,60.0,0,I,MELB_URBAN,BOULEVARD,2,4.0
88130,1,7,111,2,1,50.0,0,N,MELB_URBAN,BOULEVARD,1,14.0
88131,1,5,121,2,1,50.0,0,I,MELB_URBAN,ROAD,2,9.0
88132,1,6,99,2,1,40.0,0,I,MELB_URBAN,ROAD,2,10.0
88133,2,6,99,2,1,40.0,0,I,MELB_URBAN,STREET,2,8.0
88134,1,6,132,2,1,50.0,0,I,MELB_URBAN,STREET,2,9.0
88135,1,5,121,2,1,60.0,0,I,MELB_URBAN,ROAD,2,9.0
88136,1,4,110,1,1,50.0,0,I,MELB_URBAN,PARADE,2,17.0
88137,4,6,171,5,1,80.0,0,N,RURAL_VICTORIA,ROAD,2,7.0
88138,1,6,130,2,1,40.0,0,I,MELBOURNE_CBD,STREET,2,11.0
88139,4,6,173,5,1,80.0,0,N,MELB_URBAN,FREEWAY,2,10.0
88140,1,6,130,5,1,60.0,0,N,MELB_URBAN,ROAD,2,11.0
88141,4,5,173,5,2,60.0,0,N,RURAL_VICTORIA,ROAD,2,19.0
88142,1,6,130,2,1,60.0,0,I,MELB_URBAN,STREET,2,12.0
88143,4,6,173,5,1,60.0,0,N,MELB_URBAN,STREET,2,14.0
88144,1,6,110,1,1,60.0,0,I,LARGE_PROVINCIAL_CITIES,STREET,2,16.0
88145,1,6,135,5,1,80.0,0,N,MELB_URBAN,ROAD,2,15.0
88146,1,6,140,2,1,70.0,0,I,MELB_URBAN,ROAD,2,16.0
88147,4,6,173,5,1,100.0,0,N,RURAL_VICTORIA,HIGHWAY,2,16.0
88148,5,6,171,5,1,100.0,0,N,RURAL_VICTORIA,HIGHWAY,1,16.0
88149,1,6,130,5,1,80.0,0,N,MELB_URBAN,FREEWAY,2,17.0
88150,1,6,130,5,1,80.0,0,N,MELB_URBAN,ROAD,2,18.0
88151,1,6,110,1,1,50.0,0,I,MELB_URBAN,STREET,2,16.0
88152,2,6,102,1,1,60.0,0,N,MELB_URBAN,ROAD,2,18.0
88153,1,6,130,5,1,60.0,0,N,MELB_URBAN,ROAD,2,19.0
88154,1,6,130,5,1,60.0,0,N,MELB_URBAN,ROAD,2,17.0
88155,1,6,110,1,1,60.0,0,I,MELB_URBAN,ROAD,2,17.0
88156,4,5,171,5,1,70.0,0,N,LARGE_PROVINCIAL_CITIES,ROAD,2,20.0
88157,1,6,130,1,1,60.0,0,I,MELB_URBAN,AVENUE,2,16.0
88158,1,6,121,5,1,60.0,0,N,MELB_URBAN,STREET,2,16.0
88159,4,6,171,5,1,80.0,0,N,MELB_URBAN,ROAD,2,19.0
88160,6,6,174,5,2,80.0,0,N,RURAL_VICTORIA,AVENUE,2,20.0
88161,1,0,130,5,1,60.0,0,N,MELB_URBAN,ROAD,12,12.0
88162,1,5,130,1,3,80.0,0,I,MELB_URBAN,HIGHWAY,2,21.0
88163,2,2,99,2,1,60.0,0,I,MELB_URBAN,ROAD,1,19.0
88164,1,6,130,5,1,90.0,0,N,MELB_URBAN,ROAD,2,17.0
88165,1,5,99,2,1,40.0,0,N,MELB_URBAN,STREET,1,15.0
88166,1,7,110,1,1,80.0,0,I,RURAL_VICTORIA,ROAD,2,9.0
88167,4,7,171,5,1,100.0,0,N,RURAL_VICTORIA,ROAD,2,10.0
88168,6,7,99,2,1,80.0,0,N,MELB_URBAN,ROAD,1,7.0
88169,1,7,130,5,1,60.0,0,N,RURAL_VICTORIA,FREEWAY,2,10.0
88170,4,7,99,2,1,40.0,0,N,MELB_URBAN,ROAD,2,6.0
88171,1,6,130,5,1,60.0,0,N,MELB_URBAN,HIGHWAY,2,11.0
88172,1,6,133,2,1,60.0,0,I,MELB_URBAN,ROAD,2,16.0
88173,8,3,174,2,1,40.0,0,N,MELB_URBAN,STREET,1,8.0
88174,1,7,130,5,1,80.0,0,N,MELB_URBAN,ROAD,2,13.0
88175,1,7,110,4,1,60.0,0,I,MELB_URBAN,RAMP,2,12.0
88176,2,6,99,5,2,70.0,0,N,MELB_URBAN,ROAD,2,20.0
88177,1,7,99,5,1,80.0,0,N,MELB_URBAN,HIGHWAY,2,12.0
88178,1,6,130,2,9,60.0,0,I,MELB_URBAN,STREET,1,20.0
88179,4,7,99,5,1,100.0,0,N,RURAL_VICTORIA,ROAD,2,10.0
88180,4,7,173,2,1,50.0,0,N,MELB_URBAN,OTHER,2,12.0
88181,2,3,99,1,1,50.0,0,I,MELB_URBAN,ROAD,6,13.0
88182,4,6,171,5,1,50.0,0,N,MELB_URBAN,STREET,2,15.0
88183,1,7,130,5,1,80.0,0,N,MELB_URBAN,ROAD,2,15.0
88184,5,7,99,2,1,110.0,0,I,RURAL_VICTORIA,HIGHWAY,2,13.0
88185,1,7,120,5,1,60.0,0,N,MELB_URBAN,ROAD,2,16.0
88186,4,6,173,5,1,50.0,0,N,MELB_URBAN,ROAD,2,17.0
88187,1,7,110,1,1,60.0,0,I,MELB_URBAN,AVENUE,2,18.0
88188,1,7,130,5,1,60.0,0,N,MELB_URBAN,STREET,2,18.0
88189,4,7,173,1,1,60.0,0,I,TOWNS,ROAD,2,19.0
88190,1,7,121,2,1,60.0,0,I,MELB_URBAN,ROAD,2,14.0
88191,4,7,171,5,5,60.0,0,N,RURAL_VICTORIA,ROAD,2,2.0
88192,1,7,140,1,1,60.0,0,I,MELB_URBAN,STREET,2,18.0
88193,1,7,99,5,1,80.0,1,N,RURAL_VICTORIA,HIGHWAY,2,14.0
88194,1,7,120,5,1,100.0,0,N,RURAL_VICTORIA,ROAD,2,17.0
88195,4,1,181,5,5,80.0,0,N,RURAL_VICTORIA,HIGHWAY,2,1.0
88196,1,1,110,4,3,80.0,0,N,LARGE_PROVINCIAL_CITIES,HIGHWAY,2,0.0
88197,4,7,183,5,1,100.0,0,N,RURAL_VICTORIA,HIGHWAY,2,17.0
88198,1,1,160,5,3,70.0,0,N,MELB_URBAN,ROAD,2,5.0
88199,1,7,99,5,1,50.0,0,N,MELB_URBAN,STREET,2,12.0
88200,1,6,130,1,9,60.0,0,I,RURAL_VICTORIA,ROAD,2,20.0
88201,1,1,110,1,1,80.0,0,I,RURAL_VICTORIA,HIGHWAY,2,8.0
88202,1,1,113,2,1,50.0,0,I,SMALL_CITIES,STREET,2,10.0
88203,1,1,99,4,1,80.0,0,N,SMALL_CITIES,ROAD,2,8.0
88204,1,0,116,2,1,60.0,0,I,MELB_URBAN,ROAD,2,9.0
88205,1,0,130,2,1,60.0,0,I,MELB_URBAN,ROAD,2,10.0
88206,6,1,184,5,1,100.0,0,N,RURAL_VICTORIA,ROAD,2,9.0
88207,1,1,111,1,1,60.0,0,I,LARGE_PROVINCIAL_CITIES,ROAD,2,11.0
88208,1,1,99,2,1,60.0,0,I,MELB_URBAN,ROAD,2,9.0
88209,1,1,121,1,1,60.0,0,N,MELB_URBAN,ROAD,2,12.0
88210,1,1,121,1,1,60.0,0,I,MELB_URBAN,HIGHWAY,2,8.0
88211,1,1,130,2,1,80.0,0,I,MELB_URBAN,ROAD,2,12.0
88212,1,0,140,5,1,40.0,0,N,MELB_URBAN,BOULEVARD,2,12.0
88213,3,5,167,5,2,100.0,0,N,RURAL_VICTORIA,ROAD,2,6.0
88214,4,1,181,5,1,100.0,0,N,RURAL_VICTORIA,ROAD,2,12.0
88215,1,1,99,5,1,60.0,0,N,MELB_URBAN,STREET,2,13.0
88216,1,5,121,1,1,60.0,0,I,MELB_URBAN,HIGHWAY,2,11.0
88217,6,1,184,5,1,80.0,0,N,RURAL_VICTORIA,ROAD,2,12.0
88218,4,7,99,2,5,100.0,0,N,RURAL_VICTORIA,ROAD,2,23.0
88219,1,4,113,4,2,40.0,0,I,MELB_URBAN,STREET,1,17.0
88220,5,7,171,5,1,100.0,0,N,RURAL_VICTORIA,ROAD,1,14.0
88221,1,1,111,1,1,50.0,0,I,RURAL_VICTORIA,STREET,2,16.0
88222,1,0,110,1,1,50.0,0,I,MELB_URBAN,STREET,2,18.0
88223,1,7,110,1,1,40.0,0,I,LARGE_PROVINCIAL_CITIES,STREET,2,14.0
88224,1,0,110,1,1,40.0,0,I,MELB_URBAN,ROAD,2,18.0
88225,8,1,170,5,1,50.0,0,N,MELB_URBAN,ROAD,2,17.0
88226,1,1,163,5,1,60.0,0,N,MELB_URBAN,ROAD,2,16.0
88227,4,1,181,5,1,80.0,0,N,RURAL_VICTORIA,ROAD,2,15.0
88228,1,1,163,5,1,50.0,0,N,MELB_URBAN,ROAD,2,10.0
88229,1,1,121,2,1,60.0,0,I,MELB_URBAN,ROAD,2,18.0
88230,2,1,99,5,2,50.0,0,N,MELB_URBAN,DRIVE,2,19.0
88231,1,1,121,1,1,70.0,0,I,MELB_URBAN,ROAD,2,17.0
88232,1,0,110,1,1,40.0,0,I,MELB_URBAN,STREET,2,16.0
88233,1,1,121,2,3,60.0,0,I,MELB_URBAN,ROAD,2,21.0