,accident_type,day_of_week,dca_code,road_geometry,light_condition,speed_zone,severity,node_type,deg_urban_name,road_type,month,hour
88234,1,0,160,9,3,50.0,0,N,MELB_URBAN,AVENUE,2,23.0
88235,4,2,99,2,3,70.0,0,I,MELB_URBAN,ROAD,2,3.0
88236,1,2,130,5,1,100.0,0,N,MELB_URBAN,FREEWAY,2,6.0
88237,1,5,121,1,1,80.0,0,I,MELB_URBAN,DRIVE,2,19.0
88238,1,2,135,5,1,80.0,0,N,MELB_URBAN,ROAD,2,9.0
88239,1,2,113,1,1,80.0,0,I,RURAL_VICTORIA,ROAD,2,8.0
88240,1,1,160,5,1,50.0,0,N,SMALL_CITIES,AVENUE,2,11.0
88241,1,2,116,2,1,60.0,0,I,MELB_URBAN,ROAD,2,6.0
88242,6,1,184,5,1,60.0,0,N,RURAL_VICTORIA,OTHER,2,10.0
88243,6,7,99,5,1,60.0,0,N,RURAL_VICTORIA,UNKNOWN,2,14.0
88244,1,2,132,5,1,60.0,0,N,MELB_URBAN,ROAD,2,12.0
88245,1,2,121,1,1,60.0,0,I,LARGE_PROVINCIAL_CITIES,STREET,2,14.0
88246,4,6,181,3,1,100.0,0,I,RURAL_VICTORIA,ROAD,1,13.0
88247,8,2,174,3,1,50.0,0,I,MELB_URBAN,STREET,2,15.0
88248,1,2,130,2,1,80.0,0,I,MELB_URBAN,STREET,2,17.0
88249,4,1,171,5,3,60.0,0,N,MELB_URBAN,ROAD,2,21.0
88250,1,1,140,5,1,50.0,0,N,MELB_URBAN,STREET,2,17.0
88251,1,2,160,5,1,60.0,0,N,LARGE_PROVINCIAL_CITIES,ROAD,2,17.0
88252,1,4,99,5,1,40.0,0,N,MELB_URBAN,ROAD,1,19.0
88253,1,2,132,5,1,60.0,0,N,MELB_URBAN,ROAD,2,16.0
88254,1,5,99,2,1,80.0,0,I,RURAL_VICTORIA,ROAD,1,14.0
88255,1,1,147,5,1,50.0,0,N,MELB_URBAN,OTHER,2,19.0
88256,1,2,110,1,1,50.0,0,I,TOWNS,STREET,2,18.0
88257,2,2,102,5,1,50.0,0,N,MELB_URBAN,OTHER,2,18.0
88258,1,2,147,5,1,60.0,0,N,SMALL_CITIES,ROAD,2,18.0
88259,2,2,102,1,1,50.0,0,I,TOWNS,STREET,2,11.0
88260,1,2,99,5,1,40.0,0,N,SMALL_CITIES,STREET,2,17.0
88261,1,1,130,5,1,60.0,0,N,MELB_URBAN,HIGHWAY,2,17.0
88262,4,2,171,5,1,100.0,1,N,RURAL_VICTORIA,ROAD,2,14.0
88263,4,2,171,2,1,60.0,0,I,MELB_URBAN,ROAD,2,15.0
88264,1,2,160,5,3,60.0,0,N,MELB_URBAN,ROAD,2,23.0
88265,4,2,171,5,3,60.0,0,N,MELB_URBAN,ROAD,2,2.0
88266,4,3,173,5,2,60.0,0,N,LARGE_PROVINCIAL_CITIES,STREET,2,6.0
88267,1,2,99,5,1,100.0,0,N,RURAL_VICTORIA,HIGHWAY,2,13.0
88268,1,5,110,1,3,60.0,0,I,SMALL_CITIES,ROAD,2,21.0
88269,1,3,110,1,1,50.0,0,I,MELB_URBAN,STREET,2,8.0
88270,2,3,99,5,3,60.0,0,N,MELB_URBAN,ROAD,1,1.0
88271,1,3,110,1,1,80.0,0,I,RURAL_VICTORIA,ROAD,2,7.0
88272,4,6,171,5,1,60.0,0,N,RURAL_VICTORIA,ROAD,11,15.0
88273,1,3,110,1,1,50.0,0,I,LARGE_PROVINCIAL_CITIES,ROAD,2,8.0
88274,2,7,99,5,1,50.0,0,I,LARGE_PROVINCIAL_CITIES,OTHER,1,14.0
88275,1,3,121,5,1,40.0,0,N,MELB_URBAN,ROAD,2,8.0
88276,1,6,130,2,1,70.0,0,I,MELB_URBAN,ROAD,2,8.0
88277,1,3,163,1,9,40.0,0,I,MELB_URBAN,STREET,2,12.0
88278,1,3,121,1,1,80.0,0,I,MELB_URBAN,HIGHWAY,1,15.0
88279,1,3,130,5,1,40.0,0,N,RURAL_VICTORIA,HIGHWAY,2,10.0
88280,4,3,99,5,1,50.0,0,N,MELB_URBAN,STREET,2,13.0
88281,1,2,130,2,1,60.0,0,I,MELB_URBAN,ROAD,2,11.0
88282,1,3,113,2,1,50.0,0,I,MELB_URBAN,ROAD,2,9.0
88283,1,3,113,2,1,60.0,0,I,MELB_URBAN,STREET,1,13.0
88284,1,3,130,5,1,70.0,0,N,TOWNS,ROAD,2,9.0
88285,3,0,167,5,5,100.0,0,N,RURAL_VICTORIA,ROAD,1,3.0
88286,3,3,167,5,1,100.0,0,N,RURAL_VICTORIA,ROAD,2,14.0
88287,2,3,99,5,1,50.0,0,N,MELB_URBAN,DRIVE,2,16.0
88288,1,3,130,5,1,60.0,0,N,MELB_URBAN,ROAD,2,16.0
88289,4,3,181,5,1,80.0,0,N,RURAL_VICTORIA,ROAD,2,17.0
88290,2,3,100,1,1,50.0,0,I,MELB_URBAN,STREET,2,17.0
88291,1,2,113,2,1,50.0,0,I,MELB_URBAN,AVENUE,2,19.0
88292,4,3,173,5,1,80.0,0,N,MELB_URBAN,HIGHWAY,2,17.0
88293,1,3,140,4,1,60.0,0,I,MELB_URBAN,ROAD,2,15.0
88294,4,3,171,5,1,80.0,0,N,MELB_URBAN,FREEWAY,2,16.0
88295,1,1,110,1,4,80.0,0,I,LARGE_PROVINCIAL_CITIES,ROAD,2,21.0
88296,1,3,99,5,1,50.0,0,N,MELB_URBAN,STREET,2,18.0
88297,1,3,121,2,3,60.0,0,I,LARGE_PROVINCIAL_CITIES,STREET,2,21.0
88298,1,1,121,1,2,60.0,0,I,MELB_URBAN,ROAD,2,6.0
88299,1,4,121,2,1,60.0,0,I,MELB_URBAN,ROAD,2,7.0
88300,1,4,130,5,2,100.0,0,N,MELB_URBAN,HIGHWAY,2,5.0
88301,1,3,130,5,1,80.0,0,N,RURAL_VICTORIA,ROAD,2,8.0
88302,4,3,99,5,5,100.0,0,N,RURAL_VICTORIA,ROAD,2,21.0
88303,1,4,121,2,1,60.0,0,I,MELB_URBAN,ROAD,2,8.0
88304,1,4,130,5,1,80.0,0,N,MELB_URBAN,FREEWAY,2,8.0
88305,1,2,160,5,1,50.0,0,N,MELB_URBAN,ROAD,2,18.0
88306,4,4,99,2,1,50.0,0,I,MELB_URBAN,AVENUE,2,8.0
88307,1,4,135,1,1,60.0,0,I,MELB_URBAN,STREET,2,8.0
88308,1,4,163,5,1,40.0,0,N,MELB_URBAN,STREET,2,8.0
88309,1,2,111,2,1,50.0,0,I,MELB_URBAN,DRIVE,2,19.0
88310,1,4,147,5,1,50.0,0,N,MELB_URBAN,STREET,2,7.0
88311,1,4,99,2,1,60.0,0,I,LARGE_PROVINCIAL_CITIES,ROAD,2,12.0
88312,1,4,110,1,1,80.0,0,I,SMALL_CITIES,HIGHWAY,2,7.0
88313,1,6,99,5,1,60.0,0,N,TOWNS,ROAD,2,12.0
88314,1,4,130,5,1,50.0,0,N,MELB_URBAN,PARADE,2,13.0
88315,1,4,130,5,1,60.0,0,N,MELB_URBAN,ROAD,2,9.0
88316,2,4,102,1,1,60.0,0,I,SMALL_CITIES,AVENUE,2,11.0
88317,1,2,130,5,1,60.0,0,I,MELB_URBAN,FREEWAY,2,18.0
88318,1,3,99,2,1,60.0,0,I,MELB_URBAN,ROAD,2,14.0
88319,1,4,130,1,1,80.0,0,I,MELB_URBAN,HIGHWAY,2,15.0
88320,1,4,121,2,1,60.0,0,I,MELB_URBAN,ROAD,2,18.0
88321,1,4,130,5,1,80.0,0,N,RURAL_VICTORIA,ROAD,2,17.0
88322,1,4,132,5,1,50.0,0,N,MELB_URBAN,DRIVE,2,16.0
88323,1,3,132,2,1,50.0,0,I,MELB_URBAN,STREET,2,15.0
88324,4,3,171,5,1,60.0,0,N,MELB_URBAN,ROAD,2,17.0
88325,4,4,181,5,1,100.0,0,N,RURAL_VICTORIA,ROAD,2,15.0
88326,1,4,121,2,3,60.0,0,N,MELB_URBAN,ROAD,2,21.0
88327,1,4,130,5,3,60.0,0,N,MELB_URBAN,STREET,2,21.0
88328,4,4,173,5,1,100.0,0,N,RURAL_VICTORIA,ROAD,2,18.0
88329,1,4,130,1,3,70.0,0,I,MELB_URBAN,ROAD,2,22.0
88330,2,4,99,5,3,60.0,0,N,MELBOURNE_CBD,OTHER,2,1.0
88331,1,4,121,2,9,50.0,0,I,TOWNS,STREET,10,12.0
88332,1,2,135,5,1,100.0,0,N,MELB_URBAN,FREEWAY,1,9.0
88333,1,5,110,1,9,60.0,0,I,MELB_URBAN,ROAD,2,7.0
88334,1,5,120,1,1,60.0,0,I,MELB_URBAN,STREET,2,8.0
88335,4,5,171,5,1,100.0,0,N,RURAL_VICTORIA,HIGHWAY,2,6.0
88336,6,1,99,5,1,100.0,0,N,RURAL_VICTORIA,ROAD,12,11.0
88337,1,5,110,1,1,80.0,0,I,RURAL_VICTORIA,ROAD,2,10.0
88338,1,5,135,2,1,80.0,0,I,MELB_URBAN,ROAD,2,8.0
88339,1,5,130,5,1,60.0,0,N,MELB_URBAN,ROAD,2,6.0
88340,1,5,110,1,1,60.0,0,I,LARGE_PROVINCIAL_CITIES,STREET,2,11.0
88341,1,5,130,5,1,40.0,0,N,RURAL_VICTORIA,HIGHWAY,2,8.0
88342,4,6,173,5,1,60.0,0,N,MELB_URBAN,ROAD,1,16.0
88343,4,5,173,5,1,100.0,0,N,RURAL_VICTORIA,ROAD,2,11.0
88344,1,4,130,5,1,60.0,0,N,MELB_URBAN,ROAD,2,7.0
88345,1,5,130,5,1,60.0,0,N,MELB_URBAN,FREEWAY,2,10.0
88346,1,5,130,5,1,40.0,0,N,RURAL_VICTORIA,HIGHWAY,2,11.0
88347,4,5,173,5,1,100.0,0,N,RURAL_VICTORIA,ROAD,2,13.0
88348,1,5,147,5,1,80.0,0,N,MELB_URBAN,ROAD,2,15.0
88349,4,5,99,5,1,100.0,0,N,RURAL_VICTORIA,ROAD,2,15.0
88350,1,4,130,5,9,80.0,0,N,MELB_URBAN,ROAD,2,15.0
88351,1,5,121,2,1,60.0,0,N,MELB_URBAN,ROAD,2,16.0
88352,4,4,173,2,1,60.0,0,I,MELB_URBAN,STREET,2,18.0
88353,1,4,134,5,1,80.0,0,N,MELB_URBAN,FREEWAY,2,17.0
88354,2,5,102,5,1,60.0,0,N,MELB_URBAN,ROAD,2,16.0
88355,4,4,181,5,1,80.0,0,N,RURAL_VICTORIA,ROAD,2,16.0
88356,4,5,171,5,1,80.0,0,N,MELB_URBAN,ROAD,2,15.0
88357,8,5,174,2,1,40.0,0,N,MELB_URBAN,BOULEVARD,2,19.0
88358,1,5,113,2,3,70.0,0,I,MELB_URBAN,ROAD,2,21.0
88359,1,5,130,5,1,80.0,0,N,MELB_URBAN,HIGHWAY,2,16.0
88360,8,5,170,5,5,100.0,0,N,RURAL_VICTORIA,ROAD,2,1.0
88361,4,5,173,5,5,100.0,0,N,RURAL_VICTORIA,ROAD,2,23.0
88362,1,3,110,1,3,60.0,0,I,SMALL_CITIES,STREET,2,23.0
88363,1,5,173,5,3,40.0,0,N,MELB_URBAN,ROAD,2,3.0
88364,4,6,183,5,5,100.0,0,N,RURAL_VICTORIA,ROAD,2,4.0
88365,1,6,110,1,3,60.0,0,I,MELB_URBAN,ROAD,2,1.0
88366,4,6,181,5,3,80.0,0,N,MELB_URBAN,ROAD,2,2.0
88367,1,6,130,5,1,60.0,0,N,MELB_URBAN,ROAD,12,16.0
88368,1,6,132,2,1,80.0,0,I,RURAL_VICTORIA,HIGHWAY,2,7.0
88369,8,5,170,2,1,100.0,0,I,RURAL_VICTORIA,ROAD,2,19.0
88370,6,5,174,5,1,100.0,0,N,RURAL_VICTORIA,HIGHWAY,2,8.0
88371,1,2,130,4,1,60.0,0,I,MELB_URBAN,STREET,1,14.0
88372,4,6,171,1,1,60.0,0,N,MELB_URBAN,ROAD,2,7.0
88373,1,3,130,2,1,60.0,0,I,MELB_URBAN,OTHER,2,13.0
88374,8,6,174,5,1,80.0,0,N,MELB_URBAN,UNKNOWN,2,10.0
88375,6,4,170,2,1,80.0,0,I,LARGE_PROVINCIAL_CITIES,ROAD,2,14.0
88376,1,3,160,5,1,50.0,0,N,MELB_URBAN,OTHER,2,9.0
88377,4,5,181,5,1,60.0,0,N,MELB_URBAN,ROAD,2,13.0
88378,1,6,110,1,1,100.0,0,I,RURAL_VICTORIA,DRIVE,2,11.0
88379,2,3,102,5,1,50.0,0,N,MELB_URBAN,ROAD,2,12.0
88380,2,2,102,2,1,60.0,0,I,LARGE_PROVINCIAL_CITIES,ROAD,8,15.0
88381,1,5,163,5,3,40.0,0,N,MELB_URBAN,STREET,2,23.0
88382,8,4,174,1,2,60.0,0,N,MELB_URBAN,STREET,1,18.0
88383,1,5,130,5,1,60.0,0,N,MELB_URBAN,RAMP,1,10.0
88384,1,6,99,5,1,50.0,0,N,MELB_URBAN,ROAD,2,15.0
88385,1,6,147,2,1,50.0,0,I,MELB_URBAN,AVENUE,2,12.0
88386,4,6,99,5,1,50.0,0,N,MELB_URBAN,STREET,2,13.0
88387,1,6,99,5,1,40.0,0,N,MELB_URBAN,STREET,2,16.0
88388,2,6,102,5,1,50.0,0,N,MELB_URBAN,AVENUE,2,12.0
88389,1,6,110,1,1,50.0,0,I,MELB_URBAN,STREET,2,16.0
88390,1,6,130,5,1,100.0,0,N,MELB_URBAN,FREEWAY,2,16.0
88391,1,6,111,2,1,60.0,0,I,MELB_URBAN,ROAD,2,18.0
88392,2,6,102,1,1,60.0,0,I,LARGE_PROVINCIAL_CITIES,STREET,2,19.0
88393,1,6,134,5,1,60.0,0,N,MELB_URBAN,ROAD,2,18.0
88394,6,6,99,5,1,100.0,0,N,RURAL_VICTORIA,ROAD,2,17.0
88395,1,6,130,5,1,100.0,0,N,MELB_URBAN,FREEWAY,2,17.0
88396,1,4,110,1,1,50.0,0,I,TOWNS,STREET,2,6.0
88397,1,5,130,5,1,60.0,0,N,MELB_URBAN,ROAD,2,16.0
88398,2,5,100,5,1,40.0,0,N,MELB_URBAN,DRIVE,2,15.0
88399,4,6,99,5,3,80.0,0,N,MELB_URBAN,ROAD,2,3.0
88400,1,7,120,5,3,60.0,0,N,MELB_URBAN,AVENUE,2,3.0
88401,1,7,99,1,2,60.0,0,N,RURAL_VICTORIA,ROAD,2,6.0
88402,1,5,130,2,1,70.0,0,I,RURAL_VICTORIA,DRIVE,2,10.0
88403,4,7,183,5,3,50.0,0,N,LARGE_PROVINCIAL_CITIES,STREET,2,3.0
88404,1,1,121,1,1,50.0,0,I,MELB_URBAN,AVENUE,2,10.0
88405,1,7,120,5,1,60.0,0,N,MELB_URBAN,ROAD,2,6.0
88406,4,7,99,1,2,40.0,0,I,MELBOURNE_CBD,STREET,2,6.0
88407,1,7,99,2,1,80.0,0,I,MELB_URBAN,DRIVE,2,11.0
88408,2,7,100,2,1,60.0,0,I,MELB_URBAN,ROAD,2,10.0
88409,1,7,110,1,1,100.0,0,I,RURAL_VICTORIA,HIGHWAY,2,10.0
88410,1,5,130,5,9,60.0,0,N,MELB_URBAN,UNKNOWN,2,6.0
88411,1,7,110,1,1,60.0,0,I,LARGE_PROVINCIAL_CITIES,STREET,2,14.0
88412,6,7,99,5,1,50.0,0,N,RURAL_VICTORIA,ROAD,2,10.0
88413,8,7,174,2,1,100.0,0,I,MELB_URBAN,HIGHWAY,10,17.0
88414,4,7,171,5,1,60.0,0,N,RURAL_VICTORIA,ROAD,2,14.0
88415,6,1,99,5,5,100.0,0,N,RURAL_VICTORIA,ROAD,12,0.0
88416,1,6,130,2,1,60.0,0,I,MELB_URBAN,ROAD,2,15.0
88417,1,7,120,5,1,80.0,0,N,RURAL_VICTORIA,HIGHWAY,2,14.0
88418,1,7,130,1,1,70.0,0,I,MELB_URBAN,ROAD,12,12.0
88419,8,7,99,5,1,100.0,0,N,RURAL_VICTORIA,ROAD,2,14.0
88420,1,7,120,5,1,100.0,0,N,RURAL_VICTORIA,ROAD,2,13.0
88421,5,6,99,5,1,100.0,0,N,RURAL_VICTORIA,HIGHWAY,2,16.0
88422,1,7,111,2,1,100.0,0,N,RURAL_VICTORIA,HIGHWAY,2,16.0
88423,1,7,160,5,1,60.0,0,N,MELB_URBAN,ROAD,2,19.0
88424,4,7,183,5,1,50.0,0,N,MELB_URBAN,AVENUE,2,18.0
88425,1,6,130,1,1,60.0,0,I,MELB_URBAN,ROAD,2,16.0
88426,1,7,132,2,3,60.0,0,I,MELB_URBAN,STREET,2,23.0
88427,1,7,113,2,1,60.0,0,I,MELB_URBAN,DRIVE,2,11.0
88428,4,2,173,5,1,100.0,0,N,RURAL_VICTORIA,ROAD,2,18.0
88429,1,1,110,1,1,60.0,0,I,MELB_URBAN,OTHER,2,9.0
88430,4,1,173,2,1,50.0,0,N,MELB_URBAN,STREET,2,12.0
88431,1,1,121,2,1,60.0,0,I,MELB_URBAN,HIGHWAY,2,12.0
88432,1,1,110,1,1,40.0,0,I,MELB_URBAN,STREET,2,11.0
88433,1,4,140,1,1,60.0,0,N,MELB_URBAN,ROAD,2,15.0
88434,1,1,120,5,1,40.0,0,N,MELB_URBAN,ROAD,2,9.0
88435,6,1,99,5,1,100.0,0,N,RURAL_VICTORIA,ROAD,2,12.0
88436,1,1,113,2,1,70.0,0,I,SMALL_CITIES,AVENUE,2,15.0
88437,7,1,99,5,1,80.0,0,N,MELB_URBAN,ROAD,2,17.0
88438,1,6,163,5,2,60.0,0,N,MELB_URBAN,ROAD,2,20.0
88439,1,1,99,5,1,50.0,0,N,LARGE_PROVINCIAL_CITIES,STREET,2,15.0
88440,4,1,181,5,1,100.0,0,N,RURAL_VICTORIA,ROAD,2,15.0
88441,1,6,121,2,1,40.0,0,I,MELB_URBAN,ROAD,2,19.0
88442,2,1,100,5,1,70.0,0,N,MELB_URBAN,ROAD,2,14.0
88443,1,1,121,1,1,40.0,0,I,MELB_URBAN,STREET,2,14.0
88444,1,0,140,5,1,80.0,0,N,RURAL_VICTORIA,ROAD,2,17.0
88445,1,1,130,1,1,50.0,0,I,MELB_URBAN,PARADE,2,15.0
88446,1,1,99,5,1,80.0,0,N,MELB_URBAN,ROAD,2,17.0
88447,1,1,130,5,1,80.0,0,N,MELB_URBAN,RAMP,2,17.0
88448,1,1,130,5,1,60.0,0,N,SMALL_CITIES,STREET,2,17.0
88449,1,2,160,5,3,60.0,0,N,TOWNS,ROAD,2,0.0
88450,1,1,130,1,3,80.0,0,I,MELB_URBAN,HIGHWAY,2,23.0
88451,1,1,110,4,3,80.0,1,I,LARGE_PROVINCIAL_CITIES,HIGHWAY,2,23.0
88452,1,3,120,5,1,50.0,0,N,MELB_URBAN,STREET,2,7.0
88453,3,2,167,5,2,100.0,0,N,SMALL_CITIES,HIGHWAY,2,6.0
88454,1,2,121,2,2,40.0,0,I,MELB_URBAN,ROAD,2,6.0
88455,1,1,121,1,1,60.0,0,I,MELB_URBAN,ROAD,2,14.0
88456,1,4,140,5,3,60.0,0,N,MELB_URBAN,STREET,2,23.0
88457,1,2,160,5,1,60.0,0,N,MELB_URBAN,ROAD,2,7.0
88458,4,0,173,5,3,40.0,0,N,MELB_URBAN,ROAD,2,3.0
88459,1,1,130,2,1,50.0,0,I,MELBOURNE_CBD,STREET,2,8.0
88460,1,2,110,1,1,70.0,0,I,MELB_URBAN,AVENUE,2,8.0
88461,1,0,110,1,3,50.0,0,I,LARGE_PROVINCIAL_CITIES,STREET,2,21.0
88462,5,7,99,5,1,100.0,0,N,RURAL_VICTORIA,OTHER,2,9.0
88463,2,2,99,5,1,60.0,0,N,MELB_URBAN,OTHER,2,8.0
88464,1,2,113,2,1,60.0,0,I,MELB_URBAN,ROAD,2,7.0
88465,1,2,99,2,1,50.0,0,I,MELB_URBAN,ROAD,2,10.0
88466,7,0,99,1,1,80.0,0,I,SMALL_TOWNS,ROAD,2,8.0
88467,2,2,99,2,1,60.0,0,I,MELB_URBAN,ROAD,2,16.0
88468,1,2,121,1,1,50.0,0,I,MELB_URBAN,ROAD,2,8.0
88469,1,2,132,2,1,60.0,0,I,SMALL_CITIES,STREET,2,14.0
88470,2,2,100,5,1,50.0,0,N,MELB_URBAN,STREET,2,12.0
88471,1,2,121,5,1,80.0,0,N,RURAL_VICTORIA,ROAD,2,12.0
88472,1,0,130,2,1,60.0,0,I,MELB_URBAN,FREEWAY,2,14.0
88473,6,2,174,2,1,80.0,0,I,RURAL_VICTORIA,ROAD,2,11.0
88474,1,2,99,5,1,50.0,0,N,TOWNS,ROAD,2,14.0
88475,1,2,140,5,1,50.0,0,N,SMALL_CITIES,STREET,2,15.0
88476,1,2,99,5,1,50.0,0,N,SMALL_CITIES,ROAD,2,15.0
88477,4,2,171,5,1,60.0,0,N,MELB_URBAN,ROAD,2,15.0
88478,4,1,181,5,1,60.0,0,N,RURAL_VICTORIA,ROAD,2,13.0
88479,1,2,130,1,1,60.0,0,I,LARGE_PROVINCIAL_CITIES,STREET,2,16.0
88480,1,2,113,2,1,60.0,0,I,MELB_URBAN,ROAD,2,17.0
88481,1,2,130,5,1,60.0,0,N,MELB_URBAN,ROAD,2,16.0
88482,1,2,110,1,1,60.0,0,I,MELB_URBAN,STREET,2,18.0
88483,1,2,110,1,1,80.0,0,I,MELB_URBAN,HIGHWAY,2,14.0
88484,1,1,130,1,1,60.0,0,I,MELB_URBAN,STREET,2,17.0
88485,1,1,147,5,1,60.0,0,N,LARGE_PROVINCIAL_CITIES,STREET,2,18.0
88486,1,2,99,2,1,40.0,0,I,MELB_URBAN,STREET,2,17.0
88487,2,2,102,1,1,50.0,0,I,MELB_URBAN,ROAD,2,16.0
88488,2,3,100,5,1,40.0,0,N,MELB_URBAN,AVENUE,8,8.0
88489,1,2,120,5,3,60.0,0,N,MELB_URBAN,STREET,2,21.0
88490,1,2,130,4,3,60.0,0,I,MELB_URBAN,ROAD,2,23.0
88491,1,1,130,5,1,80.0,0,N,MELB_URBAN,ROAD,2,15.0
88492,1,2,120,5,1,70.0,0,N,MELB_URBAN,ROAD,2,14.0
88493,4,3,181,5,9,100.0,0,N,RURAL_VICTORIA,ROAD,2,1.0
88494,6,7,174,5,6,70.0,0,N,MELB_URBAN,STREET,2,5.0
88495,1,3,163,5,1,40.0,0,N,MELB_URBAN,STREET,2,8.0
88496,1,3,133,5,2,100.0,0,N,MELB_URBAN,FREEWAY,2,6.0
88497,1,3,133,5,1,40.0,0,N,MELBOURNE_CBD,STREET,2,10.0
88498,1,1,130,5,1,60.0,0,N,TOWNS,ROAD,2,16.0
88499,2,3,100,1,1,60.0,0,I,MELB_URBAN,STREET,2,9.0
88500,1,3,121,2,1,80.0,0,I,SMALL_CITIES,HIGHWAY,2,11.0
88501,1,2,130,5,1,80.0,0,N,MELB_URBAN,RAMP,2,8.0
88502,1,1,111,2,1,60.0,0,I,MELB_URBAN,ROAD,2,17.0
88503,2,3,102,5,1,50.0,0,N,MELB_URBAN,STREET,2,12.0
88504,4,3,171,9,5,100.0,0,N,RURAL_VICTORIA,ROAD,1,1.0
88505,1,2,130,5,1,80.0,0,N,MELB_URBAN,ROAD,2,7.0
88506,1,1,99,2,1,50.0,0,N,MELB_URBAN,OTHER,2,17.0
88507,4,3,173,5,1,60.0,0,N,RURAL_VICTORIA,ROAD,2,9.0
88508,1,3,99,5,1,100.0,0,N,MELB_URBAN,FREEWAY,2,13.0
88509,4,3,171,5,1,100.0,0,N,RURAL_VICTORIA,OTHER,2,14.0
88510,2,6,99,5,1,80.0,0,N,RURAL_VICTORIA,ROAD,2,12.0
88511,1,1,130,5,1,60.0,0,N,MELB_URBAN,PARADE,2,8.0
88512,1,3,99,5,1,50.0,0,N,MELB_URBAN,UNKNOWN,2,9.0
88513,2,1,99,5,6,60.0,0,UNKNOWN,UNKNOWN,UNKNOWN,2,5.0
88514,1,5,121,2,1,80.0,0,I,TOWNS,HIGHWAY,2,16.0
88515,6,3,99,5,1,80.0,0,N,MELB_URBAN,RAMP,2,16.0
88516,1,3,160,5,1,80.0,0,N,RURAL_VICTORIA,BOULEVARD,2,18.0
88517,1,3,130,1,2,50.0,0,I,MELB_URBAN,ROAD,2,7.0
88518,1,3,147,5,1,50.0,0,N,TOWNS,STREET,2,17.0
88519,1,3,99,5,1,40.0,0,N,MELBOURNE_CBD,STREET,2,9.0
88520,1,3,160,5,1,60.0,0,N,MELB_URBAN,ROAD,2,17.0
88521,1,3,121,2,1,80.0,0,I,MELB_URBAN,ROAD,2,16.0
88522,1,3,147,5,1,50.0,0,N,MELB_URBAN,OTHER,2,16.0
88523,2,3,100,5,1,60.0,0,N,SMALL_CITIES,STREET,2,17.0
88524,1,1,99,5,1,60.0,0,N,MELB_URBAN,STREET,2,17.0
88525,4,3,181,5,1,50.0,0,N,RURAL_VICTORIA,ROAD,2,18.0
88526,1,3,120,5,1,70.0,0,N,RURAL_VICTORIA,ROAD,2,19.0
88527,4,3,171,5,5,80.0,0,N,MELB_URBAN,HIGHWAY,2,21.0
88528,1,3,110,1,1,100.0,0,I,RURAL_VICTORIA,ROAD,2,16.0
88529,1,2,163,5,3,60.0,0,N,MELB_URBAN,ROAD,2,23.0
88530,4,4,183,5,3,100.0,0,N,MELB_URBAN,RAMP,2,1.0
88531,4,3,181,5,5,100.0,0,N,RURAL_VICTORIA,ROAD,2,21.0
88532,2,3,99,5,1,60.0,0,N,RURAL_VICTORIA,ROAD,2,16.0
88533,1,3,110,1,4,70.0,0,I,MELB_URBAN,ROAD,2,2.0
88534,4,4,173,5,5,110.0,0,N,RURAL_VICTORIA,FREEWAY,2,3.0
88535,4,4,171,1,5,100.0,0,I,RURAL_VICTORIA,ROAD,2,0.0
88536,4,4,181,5,3,60.0,0,N,MELB_URBAN,STREET,2,4.0
88537,1,3,113,2,1,60.0,0,I,TOWNS,HIGHWAY,2,14.0
88538,1,4,99,5,1,50.0,0,N,MELB_URBAN,ROAD,2,6.0
88539,4,4,181,5,1,100.0,0,N,RURAL_VICTORIA,ROAD,2,7.0
88540,1,4,120,1,1,60.0,0,I,SMALL_CITIES,STREET,2,10.0
88541,1,3,130,5,1,80.0,0,I,MELB_URBAN,HIGHWAY,2,15.0
88542,4,4,181,5,1,80.0,0,N,RURAL_VICTORIA,HIGHWAY,2,10.0
88543,4,3,171,5,1,70.0,0,N,MELB_URBAN,ROAD,2,10.0
88544,1,4,110,1,1,100.0,0,I,RURAL_VICTORIA,ROAD,2,8.0
88545,1,4,110,1,1,60.0,0,I,MELB_URBAN,ROAD,2,7.0
88546,4,4,171,2,1,100.0,0,N,RURAL_VICTORIA,HIGHWAY,2,12.0
88547,4,4,173,5,3,50.0,0,N,MELB_URBAN,ROAD,2,5.0
88548,1,4,121,1,2,60.0,0,I,MELB_URBAN,ROAD,2,6.0
88549,1,3,99,5,1,40.0,0,N,MELB_URBAN,ROAD,8,9.0
88550,1,4,110,1,1,50.0,0,I,MELB_URBAN,STREET,2,11.0
88551,1,3,111,2,1,80.0,0,I,MELB_URBAN,ROAD,2,7.0
88552,1,2,160,5,1,60.0,0,N,MELB_URBAN,STREET,2,10.0
88553,1,6,130,5,1,60.0,0,N,LARGE_PROVINCIAL_CITIES,STREET,1,16.0
88554,1,3,99,5,1,50.0,0,N,MELB_URBAN,STREET,2,15.0
88555,1,6,99,1,1,60.0,0,I,MELB_URBAN,ROAD,2,16.0
88556,4,4,173,5,1,50.0,0,N,MELB_URBAN,DRIVE,2,15.0
88557,2,4,100,1,1,60.0,0,I,MELB_URBAN,ROAD,2,15.0
88558,1,3,130,5,1,40.0,0,N,LARGE_PROVINCIAL_CITIES,STREET,2,15.0
88559,1,2,116,2,9,60.0,0,I,TOWNS,STREET,1,9.0
88560,1,4,120,1,1,60.0,0,I,RURAL_VICTORIA,ROAD,2,17.0
88561,1,4,160,5,1,40.0,0,N,MELB_URBAN,DRIVE,2,17.0
88562,2,4,99,2,1,60.0,0,I,MELB_URBAN,ROAD,2,16.0
88563,1,4,133,4,1,60.0,0,I,MELB_URBAN,ROAD,2,19.0
88564,1,4,121,2,1,60.0,0,I,MELB_URBAN,STREET,2,14.0
88565,1,4,132,1,1,60.0,0,I,MELB_URBAN,ROAD,2,16.0