,accident_type,day_of_week,dca_code,road_geometry,light_condition,speed_zone,severity,node_type,deg_urban_name,road_type,month,hour
88566,4,4,181,5,1,100.0,0,N,RURAL_VICTORIA,HIGHWAY,2,19.0
88567,1,4,121,2,1,50.0,0,I,MELB_URBAN,STREET,2,17.0
88568,1,3,130,5,1,80.0,0,N,MELB_URBAN,HIGHWAY,2,15.0
88569,1,4,121,1,1,60.0,0,I,MELB_URBAN,STREET,2,16.0
88570,1,4,140,5,3,60.0,0,N,MELB_URBAN,ROAD,2,22.0
88571,1,4,110,1,2,60.0,0,I,MELB_URBAN,ROAD,2,20.0
88572,1,5,113,1,3,60.0,0,I,MELB_URBAN,STREET,2,1.0
88573,1,4,110,1,3,50.0,0,I,MELB_URBAN,STREET,2,21.0
88574,2,5,99,5,5,50.0,0,N,SMALL_CITIES,UNKNOWN,2,2.0
88575,4,5,181,5,5,100.0,0,N,RURAL_VICTORIA,HIGHWAY,2,20.0
88576,1,5,121,1,1,60.0,0,I,MELB_URBAN,STREET,2,6.0
88577,2,5,102,2,1,50.0,0,I,MELB_URBAN,STREET,2,7.0
88578,1,4,99,4,1,50.0,0,I,MELB_URBAN,STREET,2,16.0
88579,1,3,99,5,1,70.0,0,N,MELB_URBAN,ROAD,2,15.0
88580,4,2,181,5,1,80.0,0,N,RURAL_VICTORIA,ROAD,2,18.0
88581,1,5,110,1,1,70.0,0,I,MELB_URBAN,ROAD,2,7.0
88582,2,3,99,5,1,60.0,0,N,MELB_URBAN,ROAD,2,16.0
88583,1,5,121,1,1,60.0,0,I,MELB_URBAN,STREET,2,8.0
88584,2,5,100,2,1,40.0,0,I,MELB_URBAN,STREET,2,9.0
88585,1,1,130,1,1,60.0,0,I,MELB_URBAN,ROAD,2,13.0
88586,1,5,111,1,1,70.0,0,I,LARGE_PROVINCIAL_CITIES,ROAD,2,11.0
88587,1,4,116,2,1,60.0,0,I,MELB_URBAN,STREET,1,8.0
88588,1,5,132,5,1,50.0,0,N,MELB_URBAN,STREET,2,10.0
88589,1,5,130,2,1,60.0,0,I,MELB_URBAN,ROAD,2,13.0
88590,1,5,140,5,1,80.0,0,N,MELB_URBAN,ROAD,2,8.0
88591,4,5,171,1,1,80.0,1,I,MELB_URBAN,ROAD,2,11.0
88592,1,5,121,5,1,60.0,0,N,MELB_URBAN,ROAD,2,13.0
88593,1,5,130,5,1,70.0,0,N,MELB_URBAN,ROAD,2,14.0
88594,1,5,99,2,1,60.0,0,I,MELB_URBAN,STREET,2,13.0
88595,1,5,130,5,1,70.0,0,N,MELB_URBAN,OTHER,2,14.0
88596,4,5,173,5,1,40.0,1,N,RURAL_VICTORIA,HIGHWAY,2,9.0
88597,1,5,130,5,1,70.0,0,N,MELB_URBAN,ROAD,2,14.0
88598,2,4,100,2,1,40.0,0,I,SMALL_CITIES,STREET,2,16.0
88599,4,1,171,2,2,60.0,0,I,MELB_URBAN,HIGHWAY,12,20.0
88600,6,4,174,5,5,100.0,0,N,RURAL_VICTORIA,HIGHWAY,2,21.0
88601,1,4,121,2,1,60.0,0,I,MELB_URBAN,STREET,2,16.0
88602,1,5,121,1,1,50.0,0,I,LARGE_PROVINCIAL_CITIES,STREET,2,13.0
88603,4,5,171,2,1,50.0,0,I,MELB_URBAN,AVENUE,2,14.0
88604,1,5,113,1,1,50.0,0,I,MELB_URBAN,ROAD,2,17.0
88605,1,5,121,2,1,60.0,0,I,MELB_URBAN,ROAD,2,16.0
88606,1,5,121,2,1,60.0,0,I,MELB_URBAN,ROAD,2,7.0
88607,4,5,173,5,1,100.0,0,N,RURAL_VICTORIA,HIGHWAY,2,17.0
88608,1,4,121,1,2,60.0,0,N,MELB_URBAN,ROAD,2,19.0
88609,1,4,121,1,3,60.0,0,I,MELB_URBAN,ROAD,2,21.0
88610,1,4,130,5,1,60.0,0,N,SMALL_TOWNS,ROAD,2,16.0
88611,6,5,99,5,5,100.0,0,N,RURAL_VICTORIA,HIGHWAY,2,20.0
88612,1,5,120,5,3,60.0,0,N,MELB_URBAN,ROAD,2,21.0
88613,4,4,171,2,5,100.0,0,N,RURAL_VICTORIA,ROAD,2,0.0
88614,6,5,174,1,3,40.0,0,I,MELBOURNE_CBD,STREET,2,23.0
88615,1,5,130,5,9,60.0,0,N,MELB_URBAN,ROAD,2,11.0
88616,4,5,173,5,3,70.0,0,N,MELB_URBAN,PARADE,2,22.0
88617,4,5,181,5,1,100.0,0,N,RURAL_VICTORIA,HIGHWAY,2,15.0
88618,4,5,183,2,2,80.0,0,I,RURAL_VICTORIA,ROAD,2,6.0
88619,1,5,121,1,2,60.0,0,I,MELB_URBAN,ROAD,2,20.0
88620,1,6,120,5,5,80.0,1,N,RURAL_VICTORIA,HIGHWAY,2,5.0
88621,1,6,110,1,1,50.0,0,I,LARGE_PROVINCIAL_CITIES,AVENUE,2,8.0
88622,4,5,173,5,5,100.0,0,N,RURAL_VICTORIA,ROAD,2,21.0
88623,1,6,113,2,1,80.0,0,I,MELB_URBAN,ROAD,2,7.0
88624,2,6,100,2,1,60.0,0,I,SMALL_CITIES,STREET,2,8.0
88625,1,6,130,5,1,100.0,0,N,MELB_URBAN,FREEWAY,2,8.0
88626,1,4,130,5,2,80.0,0,N,MELB_URBAN,UNKNOWN,2,7.0
88627,4,4,99,5,1,30.0,0,N,LARGE_PROVINCIAL_CITIES,STREET,2,12.0
88628,4,6,183,5,1,60.0,0,N,MELB_URBAN,ROAD,2,10.0
88629,1,2,130,5,1,80.0,0,N,MELB_URBAN,RAMP,2,16.0
88630,1,5,130,5,1,60.0,0,N,TOWNS,ROAD,2,12.0
88631,1,0,130,1,3,70.0,0,I,MELB_URBAN,ROAD,1,0.0
88632,1,5,130,5,1,70.0,0,N,MELB_URBAN,ROAD,2,11.0
88633,1,6,121,1,1,60.0,0,I,LARGE_PROVINCIAL_CITIES,STREET,2,9.0
88634,4,6,183,5,1,80.0,0,N,RURAL_VICTORIA,HIGHWAY,2,9.0
88635,4,6,173,2,1,100.0,0,I,RURAL_VICTORIA,ROAD,2,10.0
88636,1,6,99,5,1,60.0,0,N,MELB_URBAN,ROAD,2,11.0
88637,1,5,130,2,1,60.0,0,I,MELB_URBAN,ROAD,2,17.0
88638,2,4,100,5,3,60.0,0,N,MELB_URBAN,ROAD,2,20.0
88639,4,6,173,5,1,100.0,0,N,RURAL_VICTORIA,ROAD,2,13.0
88640,1,4,132,2,4,60.0,0,I,MELB_URBAN,ROAD,2,21.0
88641,4,6,173,5,5,100.0,0,N,RURAL_VICTORIA,HIGHWAY,2,6.0
88642,1,6,121,1,1,40.0,0,I,MELB_URBAN,ROAD,2,10.0
88643,1,6,130,5,1,60.0,0,N,LARGE_PROVINCIAL_CITIES,STREET,2,15.0
88644,1,6,130,5,1,70.0,0,N,MELB_URBAN,HIGHWAY,2,15.0
88645,4,6,99,1,1,80.0,0,I,SMALL_CITIES,HIGHWAY,2,15.0
88646,1,4,130,2,1,70.0,0,I,LARGE_PROVINCIAL_CITIES,HIGHWAY,2,17.0
88647,1,3,99,2,1,40.0,0,I,MELB_URBAN,ROAD,2,8.0
88648,1,5,160,2,1,60.0,0,I,MELB_URBAN,ROAD,2,15.0
88649,1,6,132,2,1,60.0,0,I,LARGE_PROVINCIAL_CITIES,STREET,2,17.0
88650,1,6,134,5,1,100.0,0,N,MELB_URBAN,UNKNOWN,2,15.0
88651,1,6,120,5,1,60.0,0,N,MELB_URBAN,ROAD,2,15.0
88652,4,6,181,5,1,100.0,0,N,RURAL_VICTORIA,AVENUE,2,16.0
88653,1,6,120,5,1,100.0,0,N,RURAL_VICTORIA,ROAD,2,19.0
88654,2,6,99,5,1,60.0,0,N,TOWNS,UNKNOWN,2,20.0
88655,1,7,110,1,1,40.0,0,I,RURAL_VICTORIA,HIGHWAY,2,8.0
88656,7,6,99,5,3,60.0,0,N,TOWNS,STREET,2,23.0
88657,2,7,100,5,3,70.0,0,N,MELB_URBAN,ROAD,2,1.0
88658,1,6,110,1,3,80.0,0,I,MELB_URBAN,ROAD,2,23.0
88659,1,5,160,5,3,50.0,0,N,MELB_URBAN,DRIVE,2,23.0
88660,1,7,160,5,3,80.0,0,N,MELB_URBAN,FREEWAY,2,2.0
88661,1,4,121,2,1,40.0,0,I,MELB_URBAN,ROAD,2,18.0
88662,1,7,120,5,1,100.0,0,N,RURAL_VICTORIA,ROAD,2,7.0
88663,1,7,133,5,1,40.0,0,N,MELB_URBAN,HIGHWAY,2,8.0
88664,1,6,160,5,3,40.0,0,N,LARGE_PROVINCIAL_CITIES,STREET,2,20.0
88665,4,7,171,5,1,60.0,0,N,TOWNS,STREET,2,11.0
88666,1,6,99,2,1,60.0,0,I,MELB_URBAN,ROAD,2,13.0
88667,1,6,130,5,1,80.0,0,N,MELB_URBAN,UNKNOWN,2,17.0
88668,1,7,130,5,1,80.0,0,N,MELB_URBAN,FREEWAY,2,12.0
88669,1,6,121,1,1,50.0,0,I,MELB_URBAN,ROAD,2,10.0
88670,1,7,130,5,1,60.0,0,N,MELB_URBAN,ROAD,2,13.0
88671,1,7,130,5,1,50.0,0,N,MELB_URBAN,UNKNOWN,2,7.0
88672,1,7,120,9,1,60.0,0,N,SMALL_CITIES,ROAD,2,14.0
88673,8,7,99,5,1,100.0,0,N,RURAL_VICTORIA,ROAD,2,14.0
88674,6,7,99,5,1,100.0,0,N,RURAL_VICTORIA,ROAD,2,14.0
88675,1,7,130,1,1,60.0,0,I,MELB_URBAN,ROAD,2,13.0
88676,1,6,121,1,1,60.0,0,I,MELB_URBAN,OTHER,2,11.0
88677,1,6,121,2,1,60.0,0,I,MELB_URBAN,STREET,2,18.0
88678,1,7,121,1,1,60.0,0,I,MELB_URBAN,ROAD,2,16.0
88679,1,6,110,1,1,50.0,0,I,TOWNS,STREET,2,16.0
88680,4,6,173,1,1,100.0,0,I,RURAL_VICTORIA,HIGHWAY,2,16.0
88681,1,7,130,5,5,100.0,0,N,RURAL_VICTORIA,HIGHWAY,2,20.0
88682,4,7,171,5,5,80.0,0,N,RURAL_VICTORIA,ROAD,2,20.0
88683,1,7,132,1,3,40.0,0,I,MELB_URBAN,ROAD,2,23.0
88684,1,7,111,2,3,60.0,1,I,SMALL_CITIES,ROAD,2,21.0
88685,1,1,110,1,3,60.0,0,I,MELB_URBAN,ROAD,2,3.0
88686,2,1,100,1,3,60.0,0,I,MELB_URBAN,ROAD,2,4.0
88687,1,1,110,1,3,60.0,0,I,MELB_URBAN,PARADE,2,1.0
88688,2,1,99,2,3,50.0,0,I,SMALL_CITIES,STREET,2,3.0
88689,1,4,135,5,1,40.0,0,N,MELBOURNE_CBD,STREET,2,9.0
88690,1,7,130,1,1,70.0,0,I,MELB_URBAN,ROAD,2,18.0
88691,1,1,133,5,1,80.0,0,N,MELB_URBAN,ROAD,2,7.0
88692,1,0,160,5,3,60.0,0,N,MELB_URBAN,ROAD,2,6.0
88693,2,1,102,5,1,60.0,0,N,MELB_URBAN,UNKNOWN,2,9.0
88694,1,1,130,5,1,80.0,0,N,MELB_URBAN,ROAD,2,11.0
88695,2,1,99,2,1,50.0,0,I,MELB_URBAN,STREET,2,8.0
88696,8,1,174,2,1,40.0,0,I,MELB_URBAN,ROAD,2,12.0
88697,1,7,140,2,3,60.0,0,N,MELB_URBAN,ROAD,2,20.0
88698,1,1,121,2,1,60.0,0,I,LARGE_PROVINCIAL_CITIES,BOULEVARD,2,12.0
88699,1,7,160,5,3,50.0,0,N,LARGE_PROVINCIAL_CITIES,OTHER,2,22.0
88700,1,0,130,5,1,40.0,0,N,MELB_URBAN,ROAD,2,13.0
88701,8,7,99,5,1,80.0,0,N,RURAL_VICTORIA,ROAD,2,12.0
88702,1,1,121,2,1,100.0,0,I,RURAL_VICTORIA,HIGHWAY,2,14.0
88703,1,1,110,1,1,100.0,0,I,RURAL_VICTORIA,ROAD,2,12.0
88704,2,1,102,2,1,60.0,0,I,MELB_URBAN,DRIVE,2,13.0
88705,3,0,167,5,1,100.0,0,N,RURAL_VICTORIA,ROAD,2,12.0
88706,1,5,99,1,1,70.0,0,I,MELB_URBAN,ROAD,2,17.0
88707,1,1,130,5,1,80.0,0,N,MELB_URBAN,ROAD,2,15.0
88708,6,1,99,5,1,100.0,0,N,RURAL_VICTORIA,ROAD,2,14.0
88709,1,1,120,5,1,50.0,1,N,RURAL_VICTORIA,ROAD,2,12.0
88710,1,1,110,1,1,70.0,0,I,MELB_URBAN,ROAD,2,18.0
88711,1,1,99,3,1,60.0,0,I,MELB_URBAN,OTHER,2,19.0
88712,1,1,130,5,1,60.0,0,N,MELB_URBAN,STREET,2,17.0
88713,1,0,160,5,1,50.0,0,N,MELB_URBAN,OTHER,2,15.0
88714,1,1,121,2,3,60.0,0,I,MELB_URBAN,ROAD,2,21.0
88715,1,4,140,2,1,50.0,0,I,MELB_URBAN,AVENUE,1,18.0
88716,1,1,147,5,1,100.0,1,I,RURAL_VICTORIA,FREEWAY,2,18.0
88717,1,2,99,1,2,70.0,0,I,MELB_URBAN,ROAD,2,6.0
88718,4,0,171,6,5,100.0,0,N,RURAL_VICTORIA,ROAD,2,3.0
88719,4,1,171,5,1,100.0,0,N,RURAL_VICTORIA,OTHER,2,15.0
88720,4,2,171,5,2,60.0,0,N,TOWNS,STREET,2,7.0
88721,1,2,99,4,1,50.0,0,I,MELB_URBAN,STREET,2,8.0
88722,1,2,110,1,1,80.0,0,I,MELB_URBAN,ROAD,2,8.0
88723,1,1,130,5,1,60.0,0,N,MELB_URBAN,ROAD,2,8.0
88724,8,5,170,5,1,60.0,0,N,MELB_URBAN,ROAD,2,19.0
88725,1,1,99,5,1,60.0,0,I,MELB_URBAN,ROAD,2,11.0
88726,2,1,100,5,1,60.0,0,N,MELB_URBAN,STREET,2,9.0
88727,5,2,99,5,1,100.0,0,N,RURAL_VICTORIA,HIGHWAY,2,8.0
88728,4,2,173,5,1,100.0,0,N,RURAL_VICTORIA,HIGHWAY,2,11.0
88729,1,6,110,1,1,50.0,0,I,MELB_URBAN,STREET,2,12.0
88730,1,2,121,1,1,60.0,0,I,MELB_URBAN,DRIVE,2,12.0
88731,1,7,99,5,1,60.0,0,N,MELB_URBAN,OTHER,2,11.0
88732,1,1,130,5,1,60.0,0,N,LARGE_PROVINCIAL_CITIES,STREET,2,13.0
88733,1,1,134,5,1,40.0,0,N,MELB_URBAN,STREET,2,9.0
88734,1,2,99,2,1,50.0,0,I,MELB_URBAN,ROAD,2,8.0
88735,2,2,100,1,3,70.0,0,N,MELB_URBAN,ROAD,2,6.0
88736,1,7,140,5,3,60.0,0,N,MELB_URBAN,ROAD,2,22.0
88737,1,2,163,5,1,50.0,0,N,MELB_URBAN,STREET,2,9.0
88738,1,6,130,1,1,60.0,0,I,MELB_URBAN,STREET,2,16.0
88739,1,1,113,2,1,70.0,0,I,RURAL_VICTORIA,ROAD,2,14.0
88740,1,6,110,1,2,40.0,0,I,MELB_URBAN,STREET,2,20.0
88741,2,2,99,5,1,70.0,0,N,MELB_URBAN,UNKNOWN,2,17.0
88742,1,2,121,1,1,50.0,0,I,LARGE_PROVINCIAL_CITIES,STREET,2,18.0
88743,2,2,99,2,1,60.0,0,I,MELB_URBAN,ROAD,2,17.0
88744,4,2,181,5,1,80.0,0,N,RURAL_VICTORIA,ROAD,2,16.0
88745,1,2,110,1,1,50.0,0,I,MELB_URBAN,STREET,2,16.0
88746,1,2,121,1,1,80.0,0,I,MELB_URBAN,ROAD,2,17.0
88747,1,1,130,5,1,80.0,0,N,MELB_URBAN,ROAD,2,14.0
88748,4,2,99,5,1,60.0,0,N,MELB_URBAN,STREET,2,19.0
88749,8,2,99,5,1,100.0,0,N,RURAL_VICTORIA,ROAD,2,17.0
88750,1,2,110,1,1,60.0,0,I,MELB_URBAN,STREET,2,17.0
88751,4,2,171,5,2,60.0,0,N,RURAL_VICTORIA,ROAD,2,19.0
88752,4,2,173,5,5,80.0,0,N,RURAL_VICTORIA,ROAD,2,21.0
88753,1,1,130,2,1,80.0,0,N,MELB_URBAN,HIGHWAY,2,16.0
88754,1,1,120,5,5,100.0,0,N,RURAL_VICTORIA,ROAD,2,5.0
88755,1,6,133,5,9,50.0,0,N,MELB_URBAN,ROAD,2,10.0
88756,4,2,171,5,4,110.0,0,N,RURAL_VICTORIA,FREEWAY,2,3.0
88757,1,2,147,5,1,60.0,0,N,LARGE_PROVINCIAL_CITIES,ROAD,2,13.0
88758,1,3,147,5,3,80.0,0,N,MELB_URBAN,ROAD,2,6.0
88759,1,3,121,1,1,40.0,0,I,MELB_URBAN,STREET,2,6.0
88760,1,2,99,5,1,50.0,0,N,MELB_URBAN,STREET,2,18.0
88761,1,3,130,5,1,40.0,0,N,MELB_URBAN,ROAD,2,8.0
88762,1,7,135,1,1,60.0,0,I,MELB_URBAN,STREET,2,10.0
88763,1,3,121,2,1,70.0,0,I,MELB_URBAN,ROAD,2,9.0
88764,1,3,99,5,1,40.0,0,N,MELB_URBAN,ROAD,2,8.0
88765,1,3,130,5,1,80.0,0,N,MELB_URBAN,ROAD,2,16.0
88766,1,3,120,5,1,60.0,0,N,MELB_URBAN,BOULEVARD,2,9.0
88767,1,3,99,4,1,80.0,0,I,MELB_URBAN,ROAD,2,10.0
88768,1,2,130,3,1,60.0,0,N,MELB_URBAN,ROAD,2,10.0
88769,1,1,110,1,3,50.0,0,I,MELB_URBAN,STREET,2,3.0
88770,1,3,130,4,1,60.0,0,I,MELB_URBAN,ROAD,2,18.0
88771,1,2,130,5,1,80.0,0,N,MELB_URBAN,ROAD,2,15.0
88772,1,3,147,2,1,60.0,0,I,MELB_URBAN,ROAD,2,8.0
88773,1,2,99,1,1,50.0,0,I,MELB_URBAN,HIGHWAY,2,16.0
88774,4,3,183,5,1,50.0,0,N,MELB_URBAN,UNKNOWN,2,11.0
88775,2,3,100,1,1,70.0,0,I,MELB_URBAN,ROAD,2,7.0
88776,1,6,160,9,1,60.0,0,N,MELB_URBAN,ROAD,1,12.0
88777,1,6,130,5,9,60.0,0,N,MELB_URBAN,RAMP,2,18.0
88778,1,5,130,1,1,80.0,0,I,MELB_URBAN,HIGHWAY,2,10.0
88779,1,2,130,5,1,80.0,0,N,MELB_URBAN,HIGHWAY,2,12.0
88780,1,3,140,5,1,50.0,0,N,MELB_URBAN,STREET,2,14.0
88781,1,6,110,1,1,50.0,0,I,TOWNS,STREET,2,13.0
88782,1,2,160,5,1,50.0,0,N,MELB_URBAN,OTHER,2,7.0
88783,5,2,99,5,2,100.0,0,N,MELB_URBAN,FREEWAY,2,19.0
88784,2,3,100,1,1,50.0,0,I,MELB_URBAN,ROAD,2,14.0
88785,8,2,174,2,1,100.0,0,I,TOWNS,ROAD,2,13.0
88786,1,3,99,1,9,60.0,0,I,MELB_URBAN,STREET,2,18.0
88787,1,5,130,1,1,50.0,0,N,SMALL_CITIES,STREET,2,14.0
88788,1,2,120,5,1,100.0,0,N,RURAL_VICTORIA,ROAD,2,7.0
88789,1,3,113,2,1,60.0,0,I,MELB_URBAN,ROAD,2,16.0
88790,1,3,130,5,1,70.0,0,N,RURAL_VICTORIA,ROAD,2,14.0
88791,1,3,135,2,1,60.0,0,I,MELB_URBAN,STREET,2,14.0
88792,1,3,132,2,1,60.0,0,I,LARGE_PROVINCIAL_CITIES,ROAD,2,18.0
88793,2,3,102,4,1,40.0,0,I,MELB_URBAN,ROAD,2,15.0
88794,1,2,163,5,1,50.0,0,N,MELB_URBAN,AVENUE,2,14.0
88795,1,2,110,1,1,80.0,0,I,MELB_URBAN,ROAD,2,16.0
88796,1,2,120,5,1,70.0,0,N,MELB_URBAN,ROAD,2,16.0
88797,1,3,130,5,1,60.0,0,N,MELB_URBAN,ROAD,2,7.0
88798,1,3,99,4,9,60.0,0,I,MELB_URBAN,STREET,2,17.0
88799,8,3,99,1,1,60.0,0,N,SMALL_TOWNS,STREET,2,19.0
88800,2,3,102,5,1,60.0,0,N,MELB_URBAN,DRIVE,2,19.0
88801,1,2,113,2,1,40.0,0,I,MELB_URBAN,BOULEVARD,2,18.0
88802,4,3,183,5,1,100.0,0,N,MELB_URBAN,ROAD,2,18.0
88803,1,2,99,3,1,60.0,0,I,MELB_URBAN,AVENUE,2,18.0
88804,4,2,171,5,5,50.0,0,N,RURAL_VICTORIA,ROAD,2,22.0
88805,4,4,171,5,3,60.0,0,N,SMALL_CITIES,STREET,2,5.0
88806,1,3,140,5,1,60.0,0,N,MELB_URBAN,ROAD,2,16.0
88807,1,4,134,2,3,80.0,0,I,MELB_URBAN,HIGHWAY,2,6.0
88808,1,3,121,1,1,50.0,0,I,MELB_URBAN,STREET,2,17.0
88809,1,3,110,1,1,60.0,0,I,MELB_URBAN,ROAD,2,9.0
88810,6,4,174,5,1,80.0,0,N,RURAL_VICTORIA,ROAD,1,11.0
88811,1,3,130,5,1,60.0,0,N,MELB_URBAN,ROAD,2,8.0
88812,1,4,110,1,1,60.0,0,I,LARGE_PROVINCIAL_CITIES,STREET,2,10.0
88813,1,3,121,5,1,60.0,0,N,MELB_URBAN,ROAD,2,9.0
88814,2,4,102,1,1,60.0,0,I,MELB_URBAN,OTHER,2,9.0
88815,1,4,130,1,1,60.0,0,I,MELB_URBAN,STREET,2,9.0
88816,2,6,99,5,1,40.0,0,N,MELB_URBAN,STREET,2,10.0
88817,1,3,99,5,1,100.0,0,N,RURAL_VICTORIA,HIGHWAY,2,10.0
88818,5,4,173,5,1,100.0,0,N,RURAL_VICTORIA,ROAD,2,9.0
88819,1,3,120,5,1,80.0,0,N,RURAL_VICTORIA,ROAD,2,12.0
88820,4,7,183,5,3,80.0,0,N,MELB_URBAN,RAMP,2,1.0
88821,1,3,130,4,1,60.0,0,N,MELB_URBAN,ROAD,2,18.0
88822,4,4,171,5,1,100.0,1,N,RURAL_VICTORIA,ROAD,2,8.0
88823,1,3,130,5,1,40.0,0,N,MELB_URBAN,STREET,2,8.0
88824,1,4,113,2,1,80.0,0,I,LARGE_PROVINCIAL_CITIES,ROAD,2,13.0
88825,4,2,171,5,3,50.0,0,N,MELB_URBAN,STREET,2,20.0
88826,1,3,132,1,1,100.0,0,N,RURAL_VICTORIA,ROAD,2,9.0
88827,4,4,171,5,1,80.0,0,N,MELB_URBAN,ROAD,2,10.0
88828,6,4,99,9,1,100.0,0,N,RURAL_VICTORIA,HIGHWAY,2,12.0
88829,1,4,99,1,1,60.0,0,I,MELB_URBAN,PARADE,2,14.0
88830,1,7,130,1,2,60.0,0,I,MELB_URBAN,ROAD,2,19.0
88831,1,3,140,5,1,60.0,0,N,MELB_URBAN,HIGHWAY,2,14.0
88832,4,4,171,5,1,40.0,0,N,LARGE_PROVINCIAL_CITIES,STREET,2,14.0
88833,1,4,120,5,1,100.0,0,N,RURAL_VICTORIA,ROAD,2,15.0
88834,1,4,130,5,1,80.0,0,N,MELB_URBAN,ROAD,2,15.0
88835,1,4,130,5,1,100.0,0,N,MELB_URBAN,ROAD,2,15.0
88836,1,3,121,2,1,50.0,0,I,SMALL_CITIES,ROAD,2,15.0
88837,1,4,121,2,1,40.0,0,I,MELB_URBAN,STREET,2,18.0
88838,6,4,174,2,1,60.0,0,I,MELB_URBAN,STREET,2,18.0
88839,1,4,130,5,1,110.0,0,N,RURAL_VICTORIA,FREEWAY,2,17.0
88840,4,4,171,5,1,100.0,0,N,RURAL_VICTORIA,ROAD,2,17.0
88841,1,4,121,2,3,60.0,0,I,MELB_URBAN,ROAD,2,22.0
88842,4,4,99,2,3,80.0,0,I,MELB_URBAN,ROAD,2,22.0
88843,4,5,173,5,3,60.0,0,N,MELB_URBAN,ROAD,2,2.0
88844,1,2,111,2,1,60.0,0,I,MELB_URBAN,ROAD,9,15.0
88845,1,5,140,2,1,70.0,0,I,MELB_URBAN,ROAD,2,7.0
88846,1,5,140,4,1,80.0,0,I,MELB_URBAN,RAMP,2,9.0
88847,2,2,99,2,1,60.0,0,N,LARGE_PROVINCIAL_CITIES,UNKNOWN,2,13.0
88848,1,5,99,2,1,40.0,0,N,MELB_URBAN,STREET,2,8.0
88849,1,5,110,1,1,50.0,0,I,LARGE_PROVINCIAL_CITIES,AVENUE,2,10.0
88850,1,4,147,5,1,60.0,0,N,SMALL_CITIES,STREET,2,8.0
88851,1,5,160,5,1,50.0,0,N,MELB_URBAN,AVENUE,2,9.0
88852,6,4,174,5,1,80.0,0,N,RURAL_VICTORIA,ROAD,2,15.0
88853,4,5,171,5,1,100.0,0,N,RURAL_VICTORIA,ROAD,2,12.0
88854,1,5,110,1,2,50.0,0,I,MELB_URBAN,UNKNOWN,2,6.0
88855,1,5,147,5,1,60.0,0,N,MELB_URBAN,STREET,2,12.0
88856,1,4,113,2,1,60.0,0,I,MELB_URBAN,STREET,2,11.0
88857,4,4,173,5,1,100.0,0,N,RURAL_VICTORIA,FREEWAY,2,13.0
88858,1,3,140,5,1,40.0,0,N,MELBOURNE_CBD,STREET,2,10.0
88859,4,4,171,5,1,60.0,0,N,MELB_URBAN,ROAD,2,16.0
88860,1,5,113,2,1,60.0,0,I,MELB_URBAN,STREET,2,11.0
88861,2,5,99,2,1,60.0,0,I,MELB_URBAN,PARADE,2,8.0
88862,1,5,130,2,9,70.0,0,I,MELB_URBAN,STREET,2,17.0
88863,2,5,100,1,1,40.0,0,I,MELB_URBAN,STREET,2,14.0
88864,1,5,130,2,1,50.0,0,I,MELB_URBAN,ROAD,2,13.0
88865,2,5,99,5,1,50.0,0,N,SMALL_CITIES,DRIVE,2,15.0
88866,1,4,121,2,1,60.0,0,I,MELB_URBAN,ROAD,2,10.0
88867,2,5,100,1,1,40.0,1,N,MELB_URBAN,STREET,2,16.0
88868,2,5,102,2,1,50.0,0,I,SMALL_CITIES,STREET,2,17.0
88869,1,4,99,5,1,70.0,0,I,MELB_URBAN,ROAD,2,18.0
88870,4,5,171,5,1,80.0,0,N,MELB_URBAN,ROAD,2,16.0
88871,1,2,121,1,1,40.0,0,I,MELB_URBAN,ROAD,2,18.0
88872,1,5,121,1,1,100.0,0,I,RURAL_VICTORIA,HIGHWAY,2,16.0
88873,1,4,130,1,1,60.0,0,I,MELB_URBAN,ROAD,2,17.0
88874,1,5,130,2,1,70.0,0,I,MELB_URBAN,ROAD,2,18.0
88875,1,5,110,1,1,50.0,0,I,MELB_URBAN,STREET,2,17.0
88876,4,5,181,5,1,80.0,1,N,RURAL_VICTORIA,ROAD,2,15.0
88877,4,4,171,5,3,50.0,0,N,MELB_URBAN,ROAD,2,0.0
88878,4,5,173,5,3,110.0,0,N,RURAL_VICTORIA,FREEWAY,2,23.0
88879,4,6,173,5,6,80.0,0,N,MELB_URBAN,ROAD,2,3.0
88880,1,1,132,5,1,60.0,0,N,MELB_URBAN,ROAD,2,17.0
88881,3,6,167,5,2,100.0,0,N,RURAL_VICTORIA,ROAD,2,6.0
88882,4,6,183,5,5,100.0,0,N,RURAL_VICTORIA,ROAD,2,4.0
88883,1,6,135,5,1,100.0,0,N,MELB_URBAN,FREEWAY,2,8.0
88884,1,5,111,2,1,60.0,0,I,MELB_URBAN,ROAD,2,14.0
88885,1,6,113,2,1,80.0,0,I,RURAL_VICTORIA,HIGHWAY,2,8.0
88886,1,6,99,1,1,60.0,0,I,MELB_URBAN,STREET,2,11.0
88887,1,6,134,5,3,100.0,0,N,MELB_URBAN,ROAD,2,5.0
88888,1,6,163,5,1,40.0,0,N,MELB_URBAN,ROAD,2,9.0
88889,1,5,116,1,1,100.0,0,N,RURAL_VICTORIA,HIGHWAY,2,17.0
88890,2,6,99,5,1,60.0,0,N,MELBOURNE_CBD,OTHER,2,11.0
88891,4,6,171,2,1,50.0,0,I,MELB_URBAN,ROAD,2,6.0
88892,1,6,130,5,1,100.0,0,N,MELB_URBAN,ROAD,2,9.0
88893,4,6,171,5,1,80.0,0,N,RURAL_VICTORIA,ROAD,2,11.0
88894,1,6,110,1,1,50.0,0,I,MELB_URBAN,AVENUE,2,12.0
88895,1,6,130,5,1,80.0,0,N,MELB_URBAN,HIGHWAY,2,13.0
88896,1,5,130,5,1,60.0,0,N,MELB_URBAN,ROAD,2,13.0
88897,6,6,99,5,5,70.0,0,N,RURAL_VICTORIA,UNKNOWN,7,1.0