,accident_type,day_of_week,dca_code,road_geometry,light_condition,speed_zone,severity,node_type,deg_urban_name,road_type,month,hour
88898,1,6,160,5,1,60.0,0,N,MELB_URBAN,ROAD,2,9.0
88899,1,6,160,5,1,50.0,0,N,MELB_URBAN,PARADE,2,11.0
88900,1,4,140,5,1,100.0,0,N,MELB_URBAN,HIGHWAY,2,15.0
88901,4,6,183,3,1,100.0,0,I,RURAL_VICTORIA,OTHER,2,9.0
88902,1,6,120,5,1,70.0,0,N,MELB_URBAN,ROAD,2,7.0
88903,1,6,120,5,1,80.0,0,N,RURAL_VICTORIA,HIGHWAY,2,13.0
88904,1,6,99,1,1,60.0,0,I,MELB_URBAN,STREET,2,8.0
88905,1,4,111,2,1,60.0,0,I,SMALL_CITIES,DRIVE,2,8.0
88906,2,6,99,5,1,60.0,0,N,MELB_URBAN,ROAD,2,15.0
88907,1,6,121,2,1,80.0,0,I,MELB_URBAN,ROAD,2,15.0
88908,1,6,110,1,4,60.0,0,I,LARGE_PROVINCIAL_CITIES,STREET,1,21.0
88909,2,6,99,5,1,50.0,0,N,SMALL_CITIES,ROAD,2,15.0
88910,1,6,110,1,1,60.0,0,I,MELB_URBAN,ROAD,2,16.0
88911,4,6,183,5,1,100.0,0,N,RURAL_VICTORIA,ROAD,2,15.0
88912,2,6,102,5,1,60.0,0,N,MELB_URBAN,ROAD,2,13.0
88913,1,5,147,5,1,50.0,0,N,SMALL_CITIES,OTHER,2,16.0
88914,1,6,133,5,1,80.0,0,N,MELB_URBAN,UNKNOWN,2,17.0
88915,4,6,181,5,1,80.0,0,N,RURAL_VICTORIA,ROAD,2,7.0
88916,1,6,140,5,1,60.0,0,N,MELB_URBAN,ROAD,2,18.0
88917,1,6,99,2,1,50.0,0,I,MELB_URBAN,STREET,2,17.0
88918,1,6,99,5,1,80.0,0,N,MELB_URBAN,HIGHWAY,2,16.0
88919,1,6,121,4,1,80.0,0,I,RURAL_VICTORIA,RAMP,2,13.0
88920,2,6,99,5,1,60.0,0,N,MELB_URBAN,ROAD,2,18.0
88921,4,6,99,5,3,80.0,0,N,TOWNS,HIGHWAY,2,5.0
88922,1,5,130,5,3,50.0,0,N,LARGE_PROVINCIAL_CITIES,AVENUE,2,1.0
88923,1,6,121,5,3,60.0,0,N,MELB_URBAN,ROAD,2,21.0
88924,1,5,130,5,1,60.0,0,N,LARGE_PROVINCIAL_CITIES,HIGHWAY,2,18.0
88925,1,7,160,5,3,50.0,0,N,MELB_URBAN,STREET,2,0.0
88926,1,6,133,1,3,80.0,0,I,MELB_URBAN,ROAD,2,20.0
88927,2,7,102,5,3,50.0,0,N,TOWNS,DRIVE,2,3.0
88928,1,7,121,5,3,80.0,0,N,MELB_URBAN,ROAD,2,1.0
88929,1,7,113,4,1,60.0,0,I,RURAL_VICTORIA,ROAD,2,8.0
88930,1,7,121,2,1,60.0,0,I,MELB_URBAN,ROAD,2,9.0
88931,1,7,99,5,1,50.0,0,N,SMALL_CITIES,STREET,2,9.0
88932,4,7,171,5,1,100.0,0,N,SMALL_TOWNS,HIGHWAY,2,10.0
88933,1,6,113,1,9,60.0,0,I,MELB_URBAN,ROAD,2,18.0
88934,3,7,167,5,1,100.0,0,N,RURAL_VICTORIA,HIGHWAY,2,11.0
88935,1,7,116,2,1,60.0,0,I,MELB_URBAN,STREET,2,10.0
88936,8,6,99,4,9,60.0,0,I,MELB_URBAN,ROAD,2,8.0
88937,1,4,121,5,1,60.0,0,N,LARGE_PROVINCIAL_CITIES,ROAD,2,17.0
88938,1,4,130,5,9,100.0,0,N,RURAL_VICTORIA,FREEWAY,2,6.0
88939,4,6,181,5,2,100.0,0,N,RURAL_VICTORIA,ROAD,2,19.0
88940,1,7,171,5,1,60.0,0,N,MELB_URBAN,ROAD,2,9.0
88941,1,7,121,2,1,80.0,0,I,MELB_URBAN,HIGHWAY,2,12.0
88942,1,6,130,1,1,60.0,0,I,MELB_URBAN,ROAD,2,11.0
88943,1,7,121,5,1,50.0,0,N,MELB_URBAN,ROAD,2,13.0
88944,1,6,121,2,1,80.0,0,I,MELB_URBAN,HIGHWAY,2,16.0
88945,4,7,181,5,3,60.0,0,N,SMALL_TOWNS,STREET,2,0.0
88946,2,7,99,5,1,60.0,0,N,MELB_URBAN,ROAD,2,14.0
88947,1,7,130,5,1,60.0,0,N,MELB_URBAN,STREET,2,10.0
88948,2,7,100,2,1,60.0,0,I,MELB_URBAN,STREET,2,10.0
88949,2,2,102,5,3,60.0,0,N,TOWNS,STREET,2,20.0
88950,1,4,134,5,1,80.0,0,N,MELB_URBAN,FREEWAY,2,7.0
88951,2,7,102,4,1,60.0,0,I,MELB_URBAN,ROAD,2,10.0
88952,1,6,110,1,1,60.0,0,I,SMALL_CITIES,STREET,2,15.0
88953,1,7,130,5,1,80.0,0,N,MELB_URBAN,FREEWAY,2,17.0
88954,6,7,184,5,1,100.0,0,N,RURAL_VICTORIA,HIGHWAY,2,15.0
88955,4,1,183,5,1,80.0,0,N,RURAL_VICTORIA,ROAD,2,14.0
88956,4,7,173,5,1,100.0,0,N,RURAL_VICTORIA,ROAD,2,14.0
88957,1,4,130,5,1,60.0,0,N,MELB_URBAN,STREET,7,16.0
88958,4,3,171,5,1,100.0,0,N,RURAL_VICTORIA,ROAD,2,16.0
88959,1,7,120,5,3,50.0,0,N,MELB_URBAN,STREET,2,21.0
88960,1,7,121,1,3,60.0,0,I,MELB_URBAN,ROAD,2,23.0
88961,1,7,134,1,3,80.0,0,I,MELB_URBAN,ROAD,2,2.0
88962,4,6,183,5,5,110.0,0,N,RURAL_VICTORIA,FREEWAY,2,5.0
88963,2,1,99,5,3,60.0,0,N,MELB_URBAN,ROAD,2,3.0
88964,4,1,171,5,5,100.0,0,N,RURAL_VICTORIA,ROAD,2,3.0
88965,1,7,121,1,3,60.0,0,I,MELB_URBAN,OTHER,2,20.0
88966,4,7,173,5,1,100.0,0,N,RURAL_VICTORIA,HIGHWAY,2,8.0
88967,1,1,99,7,1,100.0,0,N,MELB_URBAN,FREEWAY,2,9.0
88968,1,1,160,5,1,70.0,0,N,MELB_URBAN,HIGHWAY,2,11.0
88969,1,0,110,1,1,60.0,0,I,LARGE_PROVINCIAL_CITIES,STREET,2,12.0
88970,1,1,120,2,5,80.0,0,I,RURAL_VICTORIA,ROAD,2,5.0
88971,2,1,100,1,1,70.0,0,I,MELB_URBAN,ROAD,2,13.0
88972,1,1,130,5,1,60.0,0,N,MELB_URBAN,ROAD,2,13.0
88973,1,0,130,5,1,100.0,0,N,MELB_URBAN,FREEWAY,2,12.0
88974,1,6,130,5,1,60.0,0,N,MELB_URBAN,ROAD,2,15.0
88975,1,1,140,5,1,80.0,0,N,RURAL_VICTORIA,STREET,2,9.0
88976,1,1,135,5,1,110.0,0,N,RURAL_VICTORIA,FREEWAY,2,8.0
88977,1,5,110,1,9,60.0,0,I,MELB_URBAN,AVENUE,2,14.0
88978,1,7,160,5,5,40.0,0,N,MELB_URBAN,STREET,2,23.0
88979,2,0,99,5,1,50.0,0,N,MELB_URBAN,OTHER,2,11.0
88980,1,0,110,1,1,60.0,0,I,LARGE_PROVINCIAL_CITIES,STREET,2,16.0
88981,1,1,132,5,1,80.0,0,N,RURAL_VICTORIA,ROAD,2,15.0
88982,1,1,99,5,1,50.0,0,N,LARGE_PROVINCIAL_CITIES,STREET,2,11.0
88983,6,1,184,5,1,100.0,0,N,RURAL_VICTORIA,ROAD,2,16.0
88984,1,0,110,1,1,60.0,0,I,MELB_URBAN,ROAD,2,15.0
88985,1,1,99,5,1,50.0,0,N,MELB_URBAN,STREET,2,13.0
88986,1,1,121,5,3,60.0,0,I,MELB_URBAN,ROAD,2,20.0
88987,1,1,132,2,3,60.0,0,I,MELB_URBAN,PARADE,2,21.0
88988,1,0,130,1,3,40.0,0,I,MELB_URBAN,OTHER,2,22.0
88989,4,0,171,5,5,80.0,0,N,RURAL_VICTORIA,ROAD,2,23.0
88990,1,1,160,2,5,60.0,0,N,MELB_URBAN,ROAD,2,0.0
88991,4,2,171,2,3,50.0,0,I,MELB_URBAN,DRIVE,2,3.0
88992,1,1,147,5,1,80.0,0,N,MELB_URBAN,ROAD,2,11.0
88993,4,2,183,5,5,60.0,0,N,MELB_URBAN,ROAD,2,5.0
88994,4,0,173,5,3,60.0,0,N,MELB_URBAN,ROAD,2,3.0
88995,4,2,181,5,2,100.0,0,N,RURAL_VICTORIA,ROAD,2,6.0
88996,1,2,113,2,2,60.0,0,I,LARGE_PROVINCIAL_CITIES,ROAD,2,6.0
88997,1,2,130,1,1,70.0,0,I,MELB_URBAN,ROAD,2,8.0
88998,5,5,99,2,1,50.0,0,I,MELB_URBAN,STREET,2,17.0
88999,1,2,130,5,1,60.0,0,N,MELB_URBAN,ROAD,2,7.0
89000,1,2,130,5,1,80.0,0,N,MELB_URBAN,ROAD,2,8.0
89001,1,2,99,5,1,60.0,0,N,MELB_URBAN,OTHER,2,8.0
89002,1,2,160,5,1,50.0,0,N,MELB_URBAN,OTHER,2,8.0
89003,1,2,102,2,1,70.0,0,N,LARGE_PROVINCIAL_CITIES,ROAD,2,7.0
89004,1,2,99,2,1,60.0,0,I,MELB_URBAN,ROAD,2,8.0
89005,3,2,167,5,1,100.0,0,N,RURAL_VICTORIA,ROAD,2,9.0
89006,1,2,113,1,9,60.0,0,I,MELB_URBAN,AVENUE,2,12.0
89007,4,1,181,5,1,40.0,0,N,RURAL_VICTORIA,ROAD,2,12.0
89008,8,1,174,5,9,60.0,0,N,RURAL_VICTORIA,ROAD,2,11.0
89009,1,2,130,5,1,60.0,0,N,MELB_URBAN,ROAD,2,14.0
89010,1,2,110,1,1,50.0,0,I,SMALL_CITIES,STREET,2,8.0
89011,1,2,140,5,1,40.0,0,N,LARGE_PROVINCIAL_CITIES,ROAD,2,8.0
89012,1,2,160,5,1,50.0,0,N,MELB_URBAN,DRIVE,2,7.0
89013,1,1,130,2,1,60.0,0,I,MELB_URBAN,HIGHWAY,2,8.0
89014,1,2,121,2,1,60.0,0,I,MELB_URBAN,ROAD,2,12.0
89015,1,2,132,2,1,60.0,0,I,SMALL_CITIES,ROAD,2,16.0
89016,1,2,130,2,1,60.0,0,N,MELB_URBAN,ROAD,2,15.0
89017,4,2,181,5,1,100.0,0,N,RURAL_VICTORIA,ROAD,2,12.0
89018,1,2,99,5,1,50.0,0,N,SMALL_CITIES,AVENUE,2,15.0
89019,1,2,130,4,1,70.0,0,I,RURAL_VICTORIA,RAMP,2,14.0
89020,1,1,130,1,9,60.0,0,I,MELB_URBAN,ROAD,2,17.0
89021,2,1,99,5,1,50.0,0,N,MELB_URBAN,AVENUE,2,15.0
89022,3,6,167,5,5,80.0,0,N,RURAL_VICTORIA,ROAD,2,22.0
89023,1,5,130,5,1,100.0,0,N,MELB_URBAN,FREEWAY,2,11.0
89024,1,2,130,5,1,100.0,0,N,RURAL_VICTORIA,ROAD,2,16.0
89025,1,1,140,5,1,60.0,0,N,LARGE_PROVINCIAL_CITIES,STREET,2,18.0
89026,2,2,100,5,1,50.0,0,N,MELB_URBAN,STREET,2,18.0
89027,6,1,184,5,5,40.0,0,N,RURAL_VICTORIA,ROAD,2,21.0
89028,1,2,110,1,1,60.0,0,I,TOWNS,STREET,2,19.0
89029,8,5,99,5,1,50.0,0,N,MELB_URBAN,AVENUE,1,16.0
89030,5,2,171,5,5,100.0,0,N,RURAL_VICTORIA,ROAD,2,20.0
89031,2,2,99,5,3,40.0,0,N,MELB_URBAN,STREET,2,21.0
89032,5,2,99,5,5,40.0,0,N,RURAL_VICTORIA,ROAD,2,23.0
89033,4,3,171,5,4,80.0,0,N,MELB_URBAN,ROAD,2,0.0
89034,1,3,110,1,3,50.0,0,I,MELB_URBAN,AVENUE,2,1.0
89035,1,2,130,5,5,60.0,1,N,RURAL_VICTORIA,ROAD,2,21.0
89036,1,1,130,1,1,80.0,0,I,MELB_URBAN,ROAD,2,12.0
89037,1,2,163,5,1,60.0,0,N,MELB_URBAN,ROAD,2,17.0
89038,1,1,160,5,1,50.0,0,N,MELB_URBAN,BOULEVARD,2,9.0
89039,1,3,130,5,2,60.0,0,N,LARGE_PROVINCIAL_CITIES,ROAD,2,7.0
89040,1,3,111,2,1,50.0,0,I,MELB_URBAN,OTHER,2,7.0
89041,1,3,113,1,1,60.0,0,I,MELB_URBAN,DRIVE,2,7.0
89042,1,3,110,1,9,60.0,0,I,SMALL_CITIES,DRIVE,2,8.0
89043,1,3,130,2,1,70.0,0,N,MELB_URBAN,HIGHWAY,2,7.0
89044,1,3,120,5,9,50.0,0,N,MELB_URBAN,AVENUE,2,7.0
89045,1,3,99,5,1,80.0,0,N,MELB_URBAN,RAMP,2,7.0
89046,1,3,121,1,1,60.0,0,I,MELB_URBAN,ROAD,2,7.0
89047,1,6,135,2,1,60.0,0,I,MELB_URBAN,ROAD,2,19.0
89048,1,2,130,2,1,60.0,0,N,SMALL_CITIES,ROAD,2,9.0
89049,4,7,181,5,5,100.0,0,N,RURAL_VICTORIA,HIGHWAY,2,20.0
89050,1,2,133,5,1,60.0,0,N,LARGE_PROVINCIAL_CITIES,STREET,2,11.0
89051,2,2,99,1,1,40.0,0,I,LARGE_PROVINCIAL_CITIES,STREET,2,10.0
89052,2,3,100,2,1,50.0,0,I,MELB_URBAN,AVENUE,2,8.0
89053,1,2,163,5,1,60.0,0,N,MELB_URBAN,ROAD,2,17.0
89054,1,2,130,5,1,60.0,0,N,MELB_URBAN,ROAD,1,18.0
89055,1,3,110,1,1,60.0,0,I,MELB_URBAN,ROAD,2,12.0
89056,4,2,171,2,1,50.0,0,N,MELB_URBAN,OTHER,2,13.0
89057,1,2,130,5,1,80.0,0,N,MELB_URBAN,ROAD,2,6.0
89058,1,3,121,5,1,50.0,0,N,MELB_URBAN,STREET,2,15.0
89059,1,3,121,2,1,60.0,0,I,MELB_URBAN,PARADE,2,16.0
89060,4,1,171,5,5,80.0,0,N,RURAL_VICTORIA,ROAD,2,21.0
89061,1,3,140,5,1,60.0,0,N,MELB_URBAN,ROAD,2,11.0
89062,1,2,130,5,1,40.0,0,N,SMALL_CITIES,FREEWAY,2,15.0
89063,1,3,111,2,1,60.0,0,N,MELB_URBAN,DRIVE,2,15.0
89064,8,1,174,5,1,60.0,0,N,RURAL_VICTORIA,ROAD,2,15.0
89065,1,2,160,5,1,50.0,0,N,SMALL_CITIES,STREET,2,15.0
89066,1,3,99,2,1,50.0,0,I,MELB_URBAN,UNKNOWN,2,7.0
89067,1,3,130,5,1,80.0,0,N,MELB_URBAN,ROAD,2,16.0
89068,1,3,121,2,1,40.0,0,I,MELB_URBAN,STREET,2,17.0
89069,1,3,113,2,1,60.0,0,I,MELB_URBAN,STREET,2,15.0
89070,1,2,110,1,1,50.0,0,I,MELB_URBAN,STREET,2,17.0
89071,1,3,140,5,1,60.0,0,N,LARGE_PROVINCIAL_CITIES,STREET,2,11.0
89072,1,3,130,5,1,60.0,0,N,MELB_URBAN,ROAD,2,15.0
89073,1,3,110,1,1,60.0,0,I,LARGE_PROVINCIAL_CITIES,ROAD,2,15.0
89074,1,3,110,1,2,80.0,0,I,RURAL_VICTORIA,ROAD,2,18.0
89075,1,3,99,5,1,40.0,0,N,MELB_URBAN,STREET,2,18.0
89076,1,3,116,2,1,80.0,0,I,RURAL_VICTORIA,STREET,2,17.0
89077,1,3,134,5,1,80.0,0,N,MELB_URBAN,HIGHWAY,2,17.0
89078,1,3,110,1,1,70.0,0,I,LARGE_PROVINCIAL_CITIES,STREET,2,17.0
89079,1,2,121,2,1,60.0,0,I,MELB_URBAN,ROAD,2,16.0
89080,4,2,171,2,1,60.0,0,N,LARGE_PROVINCIAL_CITIES,STREET,2,14.0
89081,1,3,147,5,1,50.0,0,N,MELB_URBAN,ROAD,2,15.0
89082,1,3,130,2,1,80.0,0,I,MELB_URBAN,ROAD,2,17.0
89083,1,3,116,1,1,80.0,0,N,MELB_URBAN,ROAD,2,15.0
89084,1,3,134,5,3,70.0,0,N,MELB_URBAN,STREET,2,19.0
89085,1,3,121,1,3,60.0,0,I,MELB_URBAN,ROAD,2,21.0
89086,6,4,99,5,5,50.0,0,N,MELB_URBAN,ROAD,2,5.0
89087,1,5,130,5,1,80.0,0,N,MELB_URBAN,UNKNOWN,2,14.0
89088,1,4,130,5,3,70.0,0,N,MELB_URBAN,ROAD,2,6.0
89089,4,3,171,5,1,70.0,0,N,RURAL_VICTORIA,AVENUE,2,10.0
89090,8,5,99,5,1,60.0,0,N,RURAL_VICTORIA,ROAD,1,8.0
89091,2,4,99,5,1,60.0,0,N,SMALL_CITIES,STREET,2,7.0
89092,1,4,99,2,1,60.0,0,I,SMALL_CITIES,STREET,2,8.0
89093,1,2,111,1,9,50.0,0,I,MELB_URBAN,STREET,2,17.0
89094,4,4,183,4,1,80.0,0,N,MELB_URBAN,RAMP,2,8.0
89095,8,4,99,5,1,100.0,0,N,RURAL_VICTORIA,ROAD,2,7.0
89096,1,3,130,5,1,100.0,0,N,MELB_URBAN,FREEWAY,2,18.0
89097,8,4,170,5,2,100.0,0,N,RURAL_VICTORIA,ROAD,2,6.0
89098,1,4,99,1,1,60.0,0,I,MELB_URBAN,ROAD,2,9.0
89099,1,4,121,4,1,80.0,0,N,MELB_URBAN,ROAD,2,12.0
89100,1,4,113,2,1,100.0,0,I,RURAL_VICTORIA,ROAD,2,13.0
89101,1,4,132,2,1,60.0,0,I,MELB_URBAN,ROAD,2,11.0
89102,1,5,121,1,1,60.0,0,I,MELB_URBAN,ROAD,2,13.0
89103,2,3,100,5,1,60.0,0,N,MELB_URBAN,BOULEVARD,2,9.0
89104,4,4,183,5,1,110.0,0,N,RURAL_VICTORIA,FREEWAY,2,13.0
89105,1,6,130,2,1,60.0,0,N,MELB_URBAN,ROAD,2,17.0
89106,2,3,102,1,2,60.0,0,I,MELB_URBAN,STREET,2,6.0
89107,1,3,130,2,1,60.0,0,I,MELB_URBAN,ROAD,2,7.0
89108,1,4,99,1,1,80.0,0,I,MELB_URBAN,ROAD,2,12.0
89109,1,3,111,1,1,40.0,0,I,MELB_URBAN,ROAD,2,9.0
89110,1,3,140,2,1,70.0,0,I,SMALL_TOWNS,STREET,2,9.0
89111,1,3,110,1,1,50.0,0,I,MELB_URBAN,STREET,2,15.0
89112,4,4,181,5,1,80.0,0,N,RURAL_VICTORIA,ROAD,2,16.0
89113,4,4,171,5,1,80.0,0,N,MELB_URBAN,FREEWAY,2,16.0
89114,1,4,110,1,1,100.0,0,I,RURAL_VICTORIA,ROAD,2,17.0
89115,1,4,130,2,1,60.0,0,N,MELB_URBAN,ROAD,2,17.0
89116,1,4,99,2,2,80.0,0,I,MELB_URBAN,ROAD,2,18.0
89117,1,4,163,5,1,60.0,0,N,MELB_URBAN,STREET,2,11.0
89118,1,3,113,2,2,60.0,0,I,SMALL_CITIES,STREET,2,6.0
89119,1,4,120,5,1,100.0,0,N,RURAL_VICTORIA,ROAD,2,17.0
89120,1,4,99,2,1,60.0,0,I,SMALL_CITIES,ROAD,2,17.0
89121,1,4,121,1,3,60.0,0,N,LARGE_PROVINCIAL_CITIES,STREET,2,22.0
89122,1,4,130,5,5,80.0,0,N,MELB_URBAN,FREEWAY,2,21.0
89123,1,4,130,5,1,100.0,0,N,RURAL_VICTORIA,FREEWAY,2,15.0
89124,2,4,102,1,3,40.0,0,N,MELB_URBAN,STREET,2,20.0
89125,2,3,99,5,3,50.0,0,N,RURAL_VICTORIA,DRIVE,2,5.0
89126,1,3,121,4,1,60.0,0,I,MELB_URBAN,ROAD,2,10.0
89127,4,5,173,5,1,100.0,0,N,RURAL_VICTORIA,ROAD,3,7.0
89128,1,3,130,5,1,80.0,0,N,SMALL_TOWNS,HIGHWAY,2,16.0
89129,4,5,181,2,1,80.0,0,N,RURAL_VICTORIA,ROAD,3,7.0
89130,1,4,130,5,1,80.0,0,N,MELB_URBAN,ROAD,1,17.0
89131,1,5,120,2,1,60.0,0,N,MELB_URBAN,STREET,3,11.0
89132,1,4,130,5,1,80.0,0,N,MELB_URBAN,ROAD,2,18.0
89133,6,5,170,1,1,80.0,0,N,LARGE_PROVINCIAL_CITIES,PARADE,3,8.0
89134,1,5,121,1,2,60.0,0,I,RURAL_VICTORIA,ROAD,3,6.0
89135,1,3,140,5,1,40.0,0,N,MELBOURNE_CBD,STREET,2,19.0
89136,1,5,121,2,1,60.0,0,I,MELB_URBAN,BOULEVARD,3,9.0
89137,2,5,100,2,1,40.0,0,N,MELB_URBAN,STREET,3,14.0
89138,1,1,99,5,1,60.0,0,N,MELB_URBAN,STREET,2,11.0
89139,1,5,121,2,1,100.0,0,N,RURAL_VICTORIA,HIGHWAY,3,11.0
89140,2,5,99,5,1,60.0,0,N,MELB_URBAN,ROAD,3,11.0
89141,2,3,100,5,1,40.0,0,N,MELB_URBAN,STREET,2,19.0
89142,6,5,174,1,1,80.0,0,N,RURAL_VICTORIA,AVENUE,3,10.0
89143,1,5,113,2,1,60.0,0,I,MELB_URBAN,ROAD,3,10.0
89144,6,4,99,5,5,100.0,0,N,RURAL_VICTORIA,ROAD,2,6.0
89145,8,5,174,5,1,60.0,0,N,MELB_URBAN,ROAD,3,11.0
89146,1,6,147,5,1,60.0,0,N,LARGE_PROVINCIAL_CITIES,STREET,2,19.0
89147,1,5,130,1,1,50.0,0,N,SMALL_CITIES,STREET,3,16.0
89148,4,4,181,5,9,60.0,0,N,RURAL_VICTORIA,HIGHWAY,2,20.0
89149,1,4,130,5,1,70.0,0,N,MELB_URBAN,ROAD,3,15.0
89150,1,4,130,1,1,60.0,0,I,MELB_URBAN,ROAD,3,7.0
89151,1,5,121,1,1,60.0,0,I,MELB_URBAN,HIGHWAY,3,18.0
89152,2,5,102,1,1,60.0,0,I,LARGE_PROVINCIAL_CITIES,STREET,3,15.0
89153,1,5,113,2,9,60.0,0,I,MELB_URBAN,DRIVE,3,14.0
89154,1,5,130,5,1,110.0,0,N,RURAL_VICTORIA,OTHER,3,17.0
89155,2,4,99,1,2,60.0,0,I,MELB_URBAN,STREET,3,18.0
89156,1,4,130,5,1,60.0,0,N,MELB_URBAN,AVENUE,3,16.0
89157,3,5,167,5,5,100.0,0,N,RURAL_VICTORIA,ROAD,3,21.0
89158,1,5,121,1,1,80.0,0,N,MELB_URBAN,ROAD,3,18.0
89159,1,4,130,1,9,60.0,0,I,MELB_URBAN,STREET,11,9.0
89160,1,5,116,2,1,80.0,0,I,MELB_URBAN,ROAD,3,14.0
89161,1,4,130,1,3,60.0,0,I,MELB_URBAN,ROAD,3,21.0
89162,4,4,171,5,1,50.0,0,N,MELB_URBAN,ROAD,3,19.0
89163,6,5,174,5,3,60.0,0,N,MELB_URBAN,ROAD,3,5.0
89164,4,4,171,5,3,60.0,0,N,MELB_URBAN,STREET,3,21.0
89165,8,5,170,5,3,80.0,1,N,MELB_URBAN,DRIVE,3,23.0
89166,1,5,121,2,3,60.0,0,I,MELB_URBAN,STREET,3,21.0
89167,1,6,160,2,3,60.0,0,I,LARGE_PROVINCIAL_CITIES,STREET,3,5.0
89168,1,2,130,5,1,80.0,0,N,SMALL_TOWNS,HIGHWAY,11,15.0
89169,1,5,99,1,1,60.0,0,I,MELB_URBAN,STREET,3,8.0
89170,1,6,121,1,2,60.0,0,I,MELB_URBAN,STREET,3,5.0
89171,4,5,173,5,5,80.0,0,N,RURAL_VICTORIA,HIGHWAY,3,6.0
89172,1,3,110,1,1,40.0,0,I,MELB_URBAN,AVENUE,2,17.0
89173,4,5,173,5,5,110.0,0,N,RURAL_VICTORIA,FREEWAY,3,4.0
89174,1,3,130,5,1,80.0,0,N,MELB_URBAN,FREEWAY,2,9.0
89175,1,6,99,2,1,50.0,0,I,MELB_URBAN,OTHER,3,9.0
89176,1,5,130,1,1,60.0,0,I,MELB_URBAN,STREET,3,12.0
89177,4,6,181,5,2,110.0,0,N,RURAL_VICTORIA,FREEWAY,3,7.0
89178,1,6,121,2,1,70.0,0,I,MELB_URBAN,ROAD,3,11.0
89179,1,6,140,5,1,60.0,0,N,LARGE_PROVINCIAL_CITIES,STREET,3,10.0
89180,1,4,113,2,1,80.0,0,I,RURAL_VICTORIA,ROAD,2,17.0
89181,1,2,99,5,1,80.0,0,N,RURAL_VICTORIA,ROAD,2,14.0
89182,1,6,130,5,1,110.0,0,N,RURAL_VICTORIA,FREEWAY,3,11.0
89183,1,2,135,5,1,50.0,0,N,MELB_URBAN,ROAD,2,11.0
89184,1,5,135,5,1,100.0,0,N,MELB_URBAN,ROAD,3,11.0
89185,1,4,121,2,1,60.0,0,I,MELB_URBAN,ROAD,2,8.0
89186,2,6,102,5,1,60.0,0,N,MELB_URBAN,STREET,3,13.0
89187,8,2,99,1,1,60.0,0,I,MELB_URBAN,AVENUE,2,8.0
89188,1,6,121,2,1,60.0,0,I,MELB_URBAN,ROAD,3,13.0
89189,1,3,113,2,1,60.0,0,I,MELB_URBAN,ROAD,2,11.0
89190,1,6,130,5,1,60.0,0,N,MELB_URBAN,ROAD,3,13.0
89191,1,6,120,5,2,60.0,0,N,MELB_URBAN,ROAD,3,7.0
89192,1,6,110,1,1,60.0,0,I,LARGE_PROVINCIAL_CITIES,STREET,3,13.0
89193,4,6,183,5,1,70.0,0,N,LARGE_PROVINCIAL_CITIES,HIGHWAY,3,14.0
89194,1,5,130,1,1,60.0,0,I,MELB_URBAN,ROAD,2,13.0
89195,1,6,113,1,1,60.0,0,I,TOWNS,HIGHWAY,3,14.0
89196,1,6,130,2,1,30.0,0,I,MELB_URBAN,STREET,3,16.0
89197,1,6,99,5,1,50.0,1,N,MELB_URBAN,AVENUE,3,11.0
89198,1,4,130,2,2,60.0,0,I,MELB_URBAN,ROAD,2,6.0
89199,1,3,147,5,1,100.0,0,N,RURAL_VICTORIA,HIGHWAY,2,13.0
89200,1,6,130,1,1,60.0,0,I,MELB_URBAN,ROAD,3,16.0
89201,1,6,121,2,2,40.0,0,I,MELB_URBAN,ROAD,3,19.0
89202,1,6,140,5,1,50.0,0,N,SMALL_CITIES,STREET,3,19.0
89203,1,6,134,5,1,60.0,0,N,MELB_URBAN,OTHER,3,17.0
89204,2,6,102,2,2,60.0,0,I,MELB_URBAN,ROAD,3,19.0
89205,1,5,134,2,1,60.0,0,N,MELB_URBAN,DRIVE,3,19.0
89206,1,6,99,5,9,40.0,0,N,MELBOURNE_CBD,STREET,3,21.0
89207,1,6,130,5,1,100.0,0,N,MELB_URBAN,FREEWAY,3,17.0
89208,1,6,130,5,1,100.0,0,N,MELB_URBAN,FREEWAY,3,16.0
89209,1,6,113,2,1,80.0,0,I,MELB_URBAN,ROAD,3,18.0
89210,4,6,171,5,6,100.0,0,N,MELB_URBAN,FREEWAY,3,22.0
89211,4,4,183,5,3,100.0,0,N,MELB_URBAN,FREEWAY,2,5.0
89212,1,7,120,5,5,70.0,0,N,MELB_URBAN,ROAD,3,0.0
89213,1,6,120,1,3,80.0,0,I,MELB_URBAN,ROAD,3,0.0
89214,2,5,102,5,1,60.0,0,N,MELB_URBAN,ROAD,11,11.0
89215,1,3,130,5,1,70.0,0,N,MELB_URBAN,ROAD,2,16.0
89216,4,7,173,5,3,60.0,0,N,TOWNS,HIGHWAY,3,3.0
89217,1,7,133,5,3,70.0,0,N,MELB_URBAN,HIGHWAY,3,6.0
89218,1,7,130,5,1,100.0,0,I,RURAL_VICTORIA,ROAD,3,8.0
89219,2,7,99,5,3,40.0,1,N,MELB_URBAN,ROAD,3,2.0
89220,1,5,130,5,1,80.0,0,N,MELB_URBAN,FREEWAY,3,9.0
89221,1,6,130,5,1,70.0,0,N,MELB_URBAN,ROAD,3,8.0
89222,6,7,99,5,2,100.0,0,N,RURAL_VICTORIA,ROAD,3,6.0
89223,1,7,110,1,1,50.0,0,I,MELB_URBAN,STREET,3,7.0
89224,1,6,121,2,1,60.0,0,I,MELB_URBAN,ROAD,3,10.0
89225,2,7,99,5,1,60.0,0,N,TOWNS,STREET,3,9.0
89226,1,7,113,1,1,60.0,0,I,MELB_URBAN,ROAD,3,8.0
89227,1,6,130,5,1,80.0,0,N,MELB_URBAN,HIGHWAY,3,15.0