,accident_type,day_of_week,dca_code,road_geometry,light_condition,speed_zone,severity,node_type,deg_urban_name,road_type,month,hour
89228,1,6,121,1,1,40.0,0,I,MELBOURNE_CBD,STREET,3,10.0
89229,4,7,173,5,1,50.0,0,N,SMALL_CITIES,ROAD,3,9.0
89230,1,7,163,5,1,60.0,0,N,MELB_URBAN,HIGHWAY,3,11.0
89231,4,7,173,5,3,60.0,0,N,MELB_URBAN,ROAD,3,6.0
89232,2,6,99,5,9,60.0,0,N,MELB_URBAN,STREET,12,9.0
89233,1,7,160,5,1,40.0,0,N,MELB_URBAN,STREET,3,7.0
89234,1,7,110,1,1,50.0,0,I,MELB_URBAN,STREET,3,12.0
89235,1,5,113,1,1,60.0,0,I,MELB_URBAN,ROAD,3,18.0
89236,1,3,130,5,1,100.0,0,N,MELB_URBAN,UNKNOWN,2,11.0
89237,1,6,121,1,1,40.0,0,I,MELBOURNE_CBD,OTHER,3,14.0
89238,1,7,121,1,1,80.0,0,I,RURAL_VICTORIA,HIGHWAY,3,12.0
89239,1,7,113,2,1,70.0,0,I,MELB_URBAN,ROAD,3,13.0
89240,1,7,113,1,1,60.0,0,I,MELB_URBAN,ROAD,3,11.0
89241,4,7,99,2,1,50.0,0,I,MELB_URBAN,AVENUE,3,15.0
89242,4,7,171,5,1,100.0,0,N,RURAL_VICTORIA,ROAD,3,15.0
89243,1,7,121,2,1,60.0,0,I,MELB_URBAN,OTHER,3,14.0
89244,4,7,183,5,1,80.0,0,N,RURAL_VICTORIA,HIGHWAY,3,16.0
89245,1,7,130,5,1,100.0,0,N,MELB_URBAN,FREEWAY,3,14.0
89246,1,7,130,5,1,60.0,0,N,MELB_URBAN,ROAD,3,16.0
89247,4,7,171,5,1,80.0,0,N,RURAL_VICTORIA,ROAD,3,16.0
89248,1,7,120,5,1,50.0,0,N,MELB_URBAN,STREET,3,11.0
89249,4,7,171,5,1,100.0,0,N,RURAL_VICTORIA,ROAD,3,18.0
89250,4,7,183,5,1,100.0,0,N,RURAL_VICTORIA,OTHER,3,16.0
89251,4,7,183,5,1,80.0,0,N,MELB_URBAN,RAMP,3,16.0
89252,4,7,171,1,3,60.0,0,I,SMALL_CITIES,STREET,3,3.0
89253,1,6,160,1,3,60.0,0,I,TOWNS,STREET,3,22.0
89254,2,6,99,5,3,60.0,0,N,SMALL_CITIES,STREET,3,21.0
89255,8,1,99,1,3,50.0,0,I,TOWNS,STREET,3,1.0
89256,1,0,130,5,3,60.0,0,N,MELB_URBAN,STREET,3,0.0
89257,5,1,173,1,3,60.0,0,N,MELB_URBAN,ROAD,3,3.0
89258,6,7,99,5,1,100.0,0,N,RURAL_VICTORIA,ROAD,3,14.0
89259,8,1,174,5,1,70.0,0,N,RURAL_VICTORIA,HIGHWAY,3,8.0
89260,4,1,173,5,5,110.0,0,N,RURAL_VICTORIA,FREEWAY,3,7.0
89261,1,0,121,1,1,60.0,0,I,LARGE_PROVINCIAL_CITIES,STREET,3,9.0
89262,1,2,132,2,1,60.0,0,I,TOWNS,ROAD,2,15.0
89263,6,3,184,2,1,60.0,0,I,RURAL_VICTORIA,ROAD,2,17.0
89264,2,7,100,2,1,60.0,0,I,MELB_URBAN,STREET,3,12.0
89265,1,1,99,5,1,70.0,0,N,MELB_URBAN,ROAD,3,11.0
89266,1,1,99,1,1,70.0,0,I,LARGE_PROVINCIAL_CITIES,HIGHWAY,3,12.0
89267,1,6,130,5,1,100.0,0,N,RURAL_VICTORIA,HIGHWAY,3,17.0
89268,1,1,121,1,1,50.0,0,I,MELB_URBAN,STREET,3,13.0
89269,1,1,135,2,1,50.0,0,I,MELB_URBAN,ROAD,3,13.0
89270,1,1,113,1,1,60.0,0,I,MELB_URBAN,PARADE,3,10.0
89271,1,1,110,1,1,60.0,0,I,MELB_URBAN,STREET,3,14.0
89272,1,1,113,4,9,60.0,0,I,RURAL_VICTORIA,ROAD,1,6.0
89273,1,6,132,2,1,60.0,0,I,SMALL_CITIES,BOULEVARD,3,9.0
89274,4,1,181,5,1,100.0,0,N,RURAL_VICTORIA,ROAD,3,17.0
89275,1,0,130,1,1,80.0,0,I,MELB_URBAN,ROAD,3,14.0
89276,1,1,99,1,1,50.0,0,I,LARGE_PROVINCIAL_CITIES,STREET,3,17.0
89277,2,1,99,5,1,50.0,0,N,TOWNS,ROAD,3,16.0
89278,1,1,130,1,1,60.0,0,I,MELB_URBAN,STREET,3,20.0
89279,1,1,133,5,1,70.0,0,N,MELB_URBAN,HIGHWAY,3,18.0
89280,6,0,99,5,1,100.0,0,N,RURAL_VICTORIA,ROAD,3,19.0
89281,1,1,130,5,1,80.0,0,N,MELB_URBAN,ROAD,3,19.0
89282,6,2,99,5,3,60.0,0,N,MELB_URBAN,RAMP,3,1.0
89283,2,2,99,5,5,60.0,0,N,MELB_URBAN,OTHER,3,1.0
89284,2,7,102,5,2,50.0,0,N,MELB_URBAN,OTHER,2,19.0
89285,1,2,130,5,2,100.0,0,N,MELB_URBAN,ROAD,3,6.0
89286,1,1,130,5,1,70.0,0,N,RURAL_VICTORIA,HIGHWAY,3,8.0
89287,1,2,99,2,1,60.0,0,I,MELB_URBAN,STREET,3,6.0
89288,1,5,99,2,1,50.0,0,I,SMALL_CITIES,ROAD,2,13.0
89289,1,2,111,2,1,60.0,0,I,SMALL_CITIES,ROAD,3,10.0
89290,1,2,160,5,1,60.0,0,N,MELB_URBAN,ROAD,3,8.0
89291,2,2,99,5,1,60.0,0,N,MELB_URBAN,ROAD,3,10.0
89292,1,2,99,2,1,50.0,0,I,MELB_URBAN,ROAD,3,8.0
89293,1,2,99,4,1,80.0,0,I,MELB_URBAN,ROAD,3,8.0
89294,6,7,184,5,1,70.0,0,N,LARGE_PROVINCIAL_CITIES,HIGHWAY,3,16.0
89295,8,3,99,5,1,100.0,0,N,RURAL_VICTORIA,ROAD,12,17.0
89296,2,7,99,5,1,60.0,0,N,MELB_URBAN,OTHER,1,14.0
89297,1,2,110,1,1,50.0,0,I,SMALL_CITIES,ROAD,3,11.0
89298,1,2,120,5,1,60.0,0,N,MELB_URBAN,ROAD,3,10.0
89299,6,1,99,5,1,60.0,0,N,RURAL_VICTORIA,ROAD,6,14.0
89300,1,2,110,1,1,50.0,0,I,MELB_URBAN,OTHER,3,12.0
89301,1,7,133,5,1,80.0,0,N,MELB_URBAN,HIGHWAY,3,12.0
89302,1,7,130,1,1,60.0,0,I,LARGE_PROVINCIAL_CITIES,AVENUE,3,15.0
89303,2,2,102,2,1,70.0,0,N,MELB_URBAN,ROAD,3,11.0
89304,4,2,171,1,1,60.0,0,I,RURAL_VICTORIA,STREET,3,13.0
89305,1,1,121,2,1,80.0,0,I,MELB_URBAN,ROAD,3,15.0
89306,1,2,99,1,1,60.0,0,I,MELB_URBAN,STREET,3,15.0
89307,1,6,130,5,1,100.0,0,N,MELB_URBAN,FREEWAY,2,16.0
89308,1,2,99,2,1,80.0,0,I,MELB_URBAN,HIGHWAY,3,16.0
89309,6,1,170,5,1,100.0,0,N,MELB_URBAN,FREEWAY,3,14.0
89310,1,1,130,5,1,60.0,0,N,MELB_URBAN,ROAD,3,15.0
89311,1,2,121,5,1,80.0,0,N,MELB_URBAN,ROAD,3,15.0
89312,1,2,130,2,1,100.0,0,I,RURAL_VICTORIA,HIGHWAY,3,16.0
89313,1,2,130,5,1,70.0,0,N,MELB_URBAN,ROAD,3,17.0
89314,4,1,173,5,1,50.0,0,N,MELB_URBAN,ROAD,3,15.0
89315,2,2,100,5,1,40.0,0,N,MELB_URBAN,STREET,3,15.0
89316,6,2,99,5,1,60.0,0,N,SMALL_TOWNS,ROAD,3,15.0
89317,4,2,171,1,1,80.0,0,I,RURAL_VICTORIA,ROAD,3,16.0
89318,1,2,121,2,3,100.0,0,I,MELB_URBAN,ROAD,3,19.0
89319,1,2,147,5,1,80.0,0,N,RURAL_VICTORIA,ROAD,3,16.0
89320,1,2,130,5,6,60.0,0,N,MELB_URBAN,RAMP,3,22.0
89321,4,2,171,2,3,70.0,0,I,MELB_URBAN,ROAD,3,22.0
89322,2,3,102,1,3,60.0,0,I,MELB_URBAN,ROAD,3,0.0
89323,1,1,134,5,2,80.0,0,N,MELB_URBAN,ROAD,3,6.0
89324,4,1,173,5,5,100.0,0,N,RURAL_VICTORIA,HIGHWAY,3,22.0
89325,4,2,171,5,3,70.0,0,N,MELB_URBAN,ROAD,3,0.0
89326,4,3,173,1,3,80.0,0,N,RURAL_VICTORIA,ROAD,3,1.0
89327,5,3,99,5,5,80.0,0,N,SMALL_CITIES,ROAD,3,4.0
89328,1,6,130,1,1,80.0,0,I,MELB_URBAN,HIGHWAY,3,17.0
89329,1,4,121,2,1,40.0,0,I,MELB_URBAN,ROAD,2,7.0
89330,1,2,99,1,1,40.0,0,I,LARGE_PROVINCIAL_CITIES,STREET,3,8.0
89331,1,2,130,1,1,60.0,0,I,MELB_URBAN,ROAD,3,8.0
89332,1,3,110,1,1,60.0,0,I,MELB_URBAN,ROAD,3,7.0
89333,1,3,121,2,1,80.0,0,I,RURAL_VICTORIA,ROAD,3,8.0
89334,4,3,99,1,5,60.0,0,N,RURAL_VICTORIA,ROAD,3,6.0
89335,1,3,132,2,1,60.0,0,I,LARGE_PROVINCIAL_CITIES,STREET,3,10.0
89336,2,2,100,5,1,50.0,0,N,LARGE_PROVINCIAL_CITIES,STREET,3,8.0
89337,1,3,110,1,1,40.0,0,I,MELB_URBAN,STREET,3,8.0
89338,2,2,100,2,1,40.0,0,N,MELB_URBAN,ROAD,3,7.0
89339,6,6,99,5,1,100.0,0,N,RURAL_VICTORIA,HIGHWAY,3,11.0
89340,1,3,130,2,1,80.0,0,N,MELB_URBAN,ROAD,3,8.0
89341,1,2,121,1,1,70.0,0,I,LARGE_PROVINCIAL_CITIES,ROAD,3,9.0
89342,1,3,121,2,1,40.0,0,I,MELB_URBAN,ROAD,3,7.0
89343,1,6,130,5,1,90.0,0,N,RURAL_VICTORIA,HIGHWAY,3,7.0
89344,1,3,130,5,1,60.0,0,N,MELB_URBAN,RAMP,3,11.0
89345,2,3,100,5,1,60.0,0,N,MELB_URBAN,STREET,3,9.0
89346,1,7,133,5,1,50.0,0,N,MELB_URBAN,DRIVE,3,13.0
89347,2,2,99,5,1,50.0,0,N,MELB_URBAN,ROAD,3,8.0
89348,1,3,121,5,1,60.0,0,N,MELB_URBAN,ROAD,3,10.0
89349,1,3,99,1,1,60.0,0,I,MELB_URBAN,ROAD,3,9.0
89350,1,3,110,1,1,60.0,0,I,TOWNS,STREET,3,10.0
89351,1,2,130,5,1,60.0,0,N,MELB_URBAN,ROAD,3,8.0
89352,1,3,99,5,1,80.0,0,N,MELB_URBAN,ROAD,3,8.0
89353,1,2,121,5,1,80.0,0,N,MELB_URBAN,ROAD,3,12.0
89354,1,3,140,5,1,80.0,0,N,RURAL_VICTORIA,HIGHWAY,3,9.0
89355,4,3,171,1,1,80.0,0,I,MELB_URBAN,HIGHWAY,3,9.0
89356,4,3,171,5,1,80.0,0,N,RURAL_VICTORIA,ROAD,3,8.0
89357,4,1,99,2,1,80.0,0,I,RURAL_VICTORIA,ROAD,4,17.0
89358,1,3,99,5,5,100.0,1,N,RURAL_VICTORIA,ROAD,3,6.0
89359,4,3,99,5,1,50.0,0,N,MELB_URBAN,STREET,3,15.0
89360,1,2,130,5,1,50.0,0,N,MELB_URBAN,STREET,2,13.0
89361,1,3,110,1,1,60.0,0,N,LARGE_PROVINCIAL_CITIES,STREET,3,17.0
89362,1,3,99,5,1,50.0,0,N,SMALL_CITIES,ROAD,3,17.0
89363,2,3,99,2,1,60.0,0,N,TOWNS,ROAD,3,16.0
89364,2,3,102,5,1,50.0,0,N,SMALL_CITIES,STREET,3,18.0
89365,2,3,100,1,1,60.0,0,I,MELBOURNE_CBD,STREET,3,17.0
89366,1,3,121,1,1,60.0,0,I,MELB_URBAN,ROAD,3,19.0
89367,1,3,110,1,3,60.0,0,I,RURAL_VICTORIA,HIGHWAY,3,20.0
89368,1,2,130,2,1,60.0,0,I,RURAL_VICTORIA,ROAD,3,8.0
89369,1,3,140,5,1,100.0,0,N,RURAL_VICTORIA,HIGHWAY,3,17.0
89370,1,2,135,5,5,100.0,0,N,MELB_URBAN,ROAD,3,21.0
89371,2,6,102,2,1,60.0,0,N,MELB_URBAN,ROAD,3,15.0
89372,1,4,134,5,5,100.0,0,N,RURAL_VICTORIA,ROAD,3,2.0
89373,1,4,130,1,6,60.0,0,N,MELB_URBAN,DRIVE,3,0.0
89374,1,4,110,4,3,60.0,0,I,MELB_URBAN,ROAD,3,5.0
89375,1,4,130,2,3,60.0,0,I,MELB_URBAN,STREET,3,5.0
89376,1,2,134,5,2,80.0,0,N,MELB_URBAN,ROAD,3,7.0
89377,1,2,140,2,1,60.0,0,I,MELB_URBAN,STREET,3,16.0
89378,1,2,130,5,1,100.0,0,N,RURAL_VICTORIA,HIGHWAY,3,16.0
89379,1,3,99,5,1,60.0,0,N,MELB_URBAN,ROAD,3,12.0
89380,6,4,99,5,1,70.0,0,N,RURAL_VICTORIA,ROAD,3,7.0
89381,1,4,99,1,1,60.0,0,N,MELB_URBAN,ROAD,3,7.0
89382,1,4,121,2,1,80.0,0,I,MELB_URBAN,HIGHWAY,3,7.0
89383,1,5,160,5,3,60.0,0,N,MELB_URBAN,ROAD,2,21.0
89384,1,4,99,2,1,60.0,0,I,MELB_URBAN,STREET,2,9.0
89385,1,4,113,2,1,60.0,0,I,MELB_URBAN,ROAD,3,8.0
89386,1,4,130,5,1,100.0,0,N,MELB_URBAN,ROAD,3,8.0
89387,1,4,147,5,1,40.0,0,N,MELB_URBAN,ROAD,3,8.0
89388,6,1,184,2,5,80.0,0,I,RURAL_VICTORIA,ROAD,3,23.0
89389,1,3,130,5,1,60.0,0,N,RURAL_VICTORIA,ROAD,3,16.0
89390,4,4,173,1,1,50.0,0,I,MELB_URBAN,ROAD,3,10.0
89391,1,4,110,1,1,100.0,0,I,RURAL_VICTORIA,ROAD,3,9.0
89392,8,3,170,4,1,60.0,0,I,MELB_URBAN,PARADE,3,9.0
89393,1,4,121,2,1,60.0,0,I,MELB_URBAN,ROAD,3,10.0
89394,1,4,160,5,1,70.0,0,N,SMALL_CITIES,STREET,3,10.0
89395,1,4,113,2,3,70.0,0,I,LARGE_PROVINCIAL_CITIES,STREET,3,6.0
89396,1,5,130,5,1,60.0,0,N,MELB_URBAN,ROAD,2,18.0
89397,1,4,110,1,1,60.0,0,I,MELB_URBAN,ROAD,3,13.0
89398,2,3,102,2,1,60.0,0,N,MELB_URBAN,DRIVE,3,18.0
89399,1,4,99,5,1,100.0,0,N,RURAL_VICTORIA,ROAD,3,12.0
89400,4,4,171,2,2,60.0,0,I,MELB_URBAN,ROAD,3,7.0
89401,6,4,99,1,1,70.0,0,I,MELB_URBAN,ROAD,3,12.0
89402,2,4,102,5,1,60.0,0,N,MELB_URBAN,AVENUE,3,16.0
89403,1,4,121,1,1,40.0,0,I,MELB_URBAN,PARADE,3,14.0
89404,1,4,121,1,1,70.0,0,I,MELB_URBAN,ROAD,3,15.0
89405,4,4,183,5,1,100.0,1,N,RURAL_VICTORIA,ROAD,3,11.0
89406,4,2,173,5,3,100.0,0,N,RURAL_VICTORIA,FREEWAY,3,20.0
89407,1,4,130,5,1,80.0,0,N,MELB_URBAN,ROAD,3,16.0
89408,6,7,174,5,1,50.0,0,I,MELB_URBAN,STREET,3,13.0
89409,1,4,121,4,1,80.0,0,I,MELB_URBAN,HIGHWAY,3,18.0
89410,1,4,130,5,1,50.0,0,N,MELB_URBAN,STREET,3,18.0
89411,1,4,121,2,1,60.0,0,I,MELB_URBAN,ROAD,3,18.0
89412,1,4,135,5,1,60.0,0,N,MELB_URBAN,STREET,3,18.0
89413,1,2,99,5,1,40.0,0,I,MELB_URBAN,STREET,3,17.0
89414,1,3,130,2,1,60.0,0,I,LARGE_PROVINCIAL_CITIES,OTHER,3,16.0
89415,1,4,110,1,3,60.0,0,I,MELB_URBAN,STREET,3,19.0
89416,4,3,171,5,1,50.0,0,N,MELB_URBAN,ROAD,3,18.0
89417,1,3,99,5,1,50.0,0,N,MELB_URBAN,DRIVE,3,15.0
89418,1,4,113,2,3,80.0,0,I,MELB_URBAN,HIGHWAY,3,23.0
89419,1,4,132,2,1,60.0,0,I,MELB_URBAN,ROAD,3,16.0
89420,2,4,99,5,3,50.0,0,N,MELB_URBAN,STREET,3,23.0
89421,4,5,173,1,3,80.0,0,I,MELB_URBAN,ROAD,3,4.0
89422,6,1,174,5,1,60.0,0,N,LARGE_PROVINCIAL_CITIES,STREET,1,12.0
89423,1,5,121,2,1,60.0,0,I,MELB_URBAN,ROAD,3,6.0
89424,1,4,130,5,1,60.0,0,I,MELB_URBAN,ROAD,2,18.0
89425,2,5,100,5,1,60.0,0,N,MELB_URBAN,BOULEVARD,3,8.0
89426,1,1,130,5,2,80.0,0,N,MELB_URBAN,HIGHWAY,3,19.0
89427,1,5,140,2,1,50.0,0,I,MELB_URBAN,ROAD,3,8.0
89428,4,4,99,6,1,60.0,0,N,RURAL_VICTORIA,ROAD,3,19.0
89429,1,5,130,2,2,80.0,0,I,MELB_URBAN,ROAD,3,6.0
89430,1,5,113,2,1,40.0,0,I,MELB_URBAN,ROAD,3,9.0
89431,4,2,173,2,1,60.0,1,N,MELB_URBAN,UNKNOWN,2,11.0
89432,2,5,100,5,1,50.0,0,N,MELB_URBAN,STREET,3,8.0
89433,1,4,99,5,1,40.0,0,N,RURAL_VICTORIA,ROAD,3,13.0
89434,1,5,111,2,1,40.0,0,I,MELB_URBAN,ROAD,3,11.0
89435,1,4,121,2,1,60.0,0,I,MELB_URBAN,ROAD,3,8.0
89436,1,5,110,1,1,60.0,0,I,MELB_URBAN,ROAD,3,8.0
89437,2,5,99,5,1,50.0,0,N,LARGE_PROVINCIAL_CITIES,STREET,3,9.0
89438,1,4,121,1,5,60.0,0,N,MELB_URBAN,BOULEVARD,3,20.0
89439,1,5,116,2,1,60.0,0,I,MELB_URBAN,ROAD,3,12.0
89440,1,5,120,3,1,40.0,0,I,MELB_URBAN,ROAD,3,10.0
89441,1,5,135,5,1,60.0,0,N,MELB_URBAN,ROAD,3,12.0
89442,2,5,100,5,1,70.0,1,N,MELB_URBAN,ROAD,3,10.0
89443,1,5,130,5,1,60.0,0,N,MELB_URBAN,RAMP,3,14.0
89444,1,5,130,5,1,80.0,0,N,MELB_URBAN,RAMP,3,12.0
89445,1,4,110,1,6,60.0,0,I,RURAL_VICTORIA,ROAD,11,0.0
89446,1,4,121,1,1,60.0,0,I,MELB_URBAN,STREET,3,15.0
89447,1,4,99,2,1,80.0,0,I,RURAL_VICTORIA,ROAD,3,14.0
89448,1,6,130,5,9,60.0,0,N,MELB_URBAN,ROAD,3,18.0
89449,1,4,163,5,1,40.0,0,N,RURAL_VICTORIA,ROAD,3,15.0
89450,1,5,113,2,1,100.0,0,I,RURAL_VICTORIA,HIGHWAY,3,15.0
89451,2,3,100,1,9,60.0,0,I,MELB_URBAN,ROAD,4,17.0
89452,1,5,120,5,1,50.0,0,N,MELB_URBAN,AVENUE,3,8.0
89453,8,5,99,5,1,100.0,0,N,RURAL_VICTORIA,ROAD,3,14.0
89454,1,5,116,2,1,60.0,0,I,MELB_URBAN,ROAD,3,16.0
89455,1,4,163,5,1,40.0,0,N,MELBOURNE_CBD,STREET,3,18.0
89456,1,5,110,1,1,50.0,0,I,MELB_URBAN,PARADE,3,17.0
89457,1,4,130,5,1,70.0,0,N,MELB_URBAN,ROAD,3,16.0
89458,1,4,99,5,1,50.0,0,N,MELB_URBAN,ROAD,3,16.0
89459,1,5,121,2,1,40.0,0,I,MELB_URBAN,STREET,3,16.0
89460,1,5,160,5,1,70.0,0,N,MELB_URBAN,HIGHWAY,3,17.0
89461,1,4,130,5,1,80.0,0,N,RURAL_VICTORIA,ROAD,3,15.0
89462,1,5,130,5,1,40.0,0,N,MELB_URBAN,ROAD,3,13.0
89463,2,5,99,5,2,50.0,0,N,MELB_URBAN,ROAD,3,19.0
89464,1,5,130,2,1,70.0,0,I,MELB_URBAN,ROAD,3,16.0
89465,2,5,100,5,5,80.0,0,N,RURAL_VICTORIA,HIGHWAY,3,21.0
89466,1,5,135,5,3,100.0,0,N,MELB_URBAN,FREEWAY,3,21.0
89467,1,5,130,2,3,60.0,0,I,MELB_URBAN,ROAD,3,20.0
89468,1,5,120,5,3,60.0,0,N,MELB_URBAN,ROAD,3,21.0
89469,1,5,130,5,1,40.0,0,N,MELB_URBAN,STREET,3,8.0
89470,1,5,110,1,1,60.0,0,I,MELB_URBAN,ROAD,3,9.0
89471,1,4,99,5,1,60.0,0,N,MELB_URBAN,ROAD,3,10.0
89472,1,2,116,2,2,60.0,0,I,MELB_URBAN,ROAD,2,19.0
89473,2,6,99,2,1,40.0,0,I,MELB_URBAN,STREET,3,8.0
89474,6,4,99,5,1,100.0,0,N,RURAL_VICTORIA,ROAD,3,16.0
89475,6,6,184,4,6,60.0,0,I,MELB_URBAN,RAMP,2,21.0
89476,1,6,116,4,1,70.0,0,N,MELB_URBAN,ROAD,3,8.0
89477,8,5,99,2,1,80.0,0,N,RURAL_VICTORIA,HIGHWAY,3,16.0
89478,1,5,99,5,1,60.0,0,N,MELB_URBAN,ROAD,3,7.0
89479,1,6,160,5,1,60.0,1,N,MELB_URBAN,ROAD,3,7.0
89480,6,7,174,1,1,60.0,0,I,MELB_URBAN,ROAD,2,13.0
89481,8,6,174,5,1,60.0,0,N,MELB_URBAN,ROAD,3,11.0
89482,2,6,100,1,1,50.0,0,I,MELB_URBAN,ROAD,3,8.0
89483,1,5,121,2,1,70.0,0,I,MELB_URBAN,STREET,3,11.0
89484,4,6,173,5,5,100.0,1,N,RURAL_VICTORIA,ROAD,3,3.0
89485,1,6,120,2,1,80.0,0,I,MELB_URBAN,HIGHWAY,3,12.0
89486,4,6,99,5,1,60.0,0,N,MELB_URBAN,ROAD,3,13.0
89487,1,6,147,5,1,60.0,0,N,MELB_URBAN,ROAD,3,9.0
89488,1,3,134,2,1,70.0,0,N,MELB_URBAN,STREET,3,15.0
89489,6,5,99,2,1,100.0,0,N,RURAL_VICTORIA,ROAD,3,13.0
89490,1,6,130,5,1,60.0,0,N,MELB_URBAN,STREET,3,10.0
89491,1,6,130,4,1,80.0,0,N,MELB_URBAN,HIGHWAY,3,14.0
89492,2,6,100,5,1,40.0,0,N,MELB_URBAN,ROAD,3,14.0
89493,1,6,132,2,1,60.0,0,I,MELB_URBAN,ROAD,3,14.0
89494,1,6,110,1,1,50.0,0,I,MELB_URBAN,PARADE,3,10.0
89495,5,4,99,5,1,100.0,0,N,MELB_URBAN,HIGHWAY,2,15.0
89496,1,2,116,1,1,60.0,0,I,MELB_URBAN,ROAD,2,15.0
89497,4,6,181,5,1,100.0,1,N,RURAL_VICTORIA,ROAD,3,13.0
89498,1,6,140,5,1,80.0,0,N,MELB_URBAN,ROAD,3,16.0
89499,1,6,163,5,2,50.0,0,N,MELB_URBAN,ROAD,3,18.0
89500,1,6,160,5,1,50.0,0,N,SMALL_CITIES,AVENUE,3,17.0
89501,1,6,120,5,1,60.0,0,N,RURAL_VICTORIA,ROAD,3,14.0
89502,1,6,130,1,1,60.0,0,N,SMALL_CITIES,HIGHWAY,3,13.0
89503,2,5,99,5,1,50.0,0,N,MELB_URBAN,STREET,3,19.0
89504,1,6,113,2,1,80.0,0,I,RURAL_VICTORIA,ROAD,3,15.0
89505,6,4,99,5,5,60.0,0,N,TOWNS,ROAD,3,21.0
89506,1,6,140,5,1,40.0,0,N,MELB_URBAN,DRIVE,3,18.0
89507,1,5,120,5,1,100.0,0,N,RURAL_VICTORIA,ROAD,3,18.0
89508,4,6,171,5,9,60.0,0,N,MELB_URBAN,ROAD,3,15.0
89509,1,5,134,5,1,60.0,0,N,MELB_URBAN,HIGHWAY,3,16.0
89510,1,4,121,1,2,60.0,0,I,MELB_URBAN,ROAD,3,6.0
89511,4,7,171,5,5,100.0,1,N,RURAL_VICTORIA,ROAD,3,1.0
89512,2,7,99,2,3,50.0,0,N,SMALL_CITIES,ROAD,3,0.0
89513,4,7,181,5,5,80.0,0,N,RURAL_VICTORIA,ROAD,3,0.0
89514,1,6,160,5,3,50.0,0,N,MELB_URBAN,DRIVE,3,22.0
89515,6,7,99,5,1,80.0,0,N,RURAL_VICTORIA,ROAD,3,9.0
89516,1,7,120,5,1,100.0,0,N,RURAL_VICTORIA,ROAD,3,10.0
89517,1,4,99,2,9,60.0,0,I,MELB_URBAN,ROAD,3,14.0
89518,1,5,130,5,1,100.0,0,N,MELB_URBAN,FREEWAY,7,8.0
89519,1,6,163,5,9,60.0,0,N,MELB_URBAN,STREET,2,20.0
89520,1,6,99,5,1,40.0,0,N,MELB_URBAN,PARADE,3,10.0
89521,1,3,130,5,1,60.0,0,N,MELB_URBAN,RAMP,3,9.0
89522,1,7,130,5,1,50.0,0,N,SMALL_CITIES,STREET,3,12.0
89523,4,7,173,5,1,60.0,0,N,MELB_URBAN,ROAD,3,10.0
89524,2,7,102,2,1,60.0,0,I,MELB_URBAN,ROAD,3,12.0
89525,1,7,121,1,1,60.0,0,I,MELB_URBAN,STREET,3,9.0
89526,1,7,99,2,1,60.0,0,I,MELB_URBAN,STREET,3,10.0
89527,3,7,167,5,1,80.0,0,N,RURAL_VICTORIA,ROAD,3,13.0
89528,2,3,102,1,1,60.0,0,I,MELB_URBAN,HIGHWAY,3,19.0
89529,1,7,130,1,1,50.0,0,I,LARGE_PROVINCIAL_CITIES,STREET,3,10.0
89530,2,6,99,5,1,60.0,0,N,MELB_URBAN,ROAD,3,17.0
89531,1,7,120,5,1,80.0,0,N,RURAL_VICTORIA,ROAD,3,13.0
89532,1,2,130,5,1,50.0,0,N,MELB_URBAN,STREET,3,15.0
89533,1,3,130,5,1,60.0,0,N,MELB_URBAN,ROAD,3,8.0
89534,1,7,120,5,1,100.0,0,N,RURAL_VICTORIA,ROAD,3,12.0
89535,1,7,120,5,1,100.0,0,N,RURAL_VICTORIA,ROAD,3,16.0
89536,5,5,99,5,1,100.0,0,N,RURAL_VICTORIA,ROAD,3,14.0
89537,1,7,99,2,1,60.0,0,N,MELB_URBAN,STREET,3,17.0
89538,4,7,171,5,1,60.0,0,I,MELB_URBAN,ROAD,3,16.0
89539,4,7,181,5,1,100.0,0,N,RURAL_VICTORIA,HIGHWAY,3,15.0
89540,1,7,130,1,1,100.0,0,I,RURAL_VICTORIA,HIGHWAY,3,7.0
89541,2,7,99,5,1,50.0,0,N,LARGE_PROVINCIAL_CITIES,PARADE,3,18.0
89542,1,6,121,2,3,40.0,0,I,MELB_URBAN,STREET,3,20.0
89543,1,6,133,5,5,100.0,0,N,RURAL_VICTORIA,ROAD,3,21.0
89544,2,7,100,5,3,60.0,0,N,MELB_URBAN,ROAD,3,5.0
89545,8,6,174,5,5,110.0,0,N,RURAL_VICTORIA,FREEWAY,3,21.0
89546,2,7,99,5,9,60.0,0,N,MELB_URBAN,STREET,10,15.0
89547,4,7,181,5,1,60.0,0,N,SMALL_TOWNS,ROAD,3,16.0
89548,6,7,170,5,3,60.0,0,N,MELB_URBAN,ROAD,3,21.0
89549,6,7,170,5,5,100.0,0,N,RURAL_VICTORIA,ROAD,3,22.0
89550,4,5,173,5,3,80.0,0,N,MELB_URBAN,ROAD,3,2.0
89551,3,1,167,5,5,100.0,0,N,RURAL_VICTORIA,ROAD,3,2.0
89552,1,7,130,1,3,60.0,0,N,MELB_URBAN,STREET,3,22.0
89553,1,1,130,1,3,50.0,0,I,SMALL_CITIES,STREET,3,3.0
89554,4,1,171,5,3,60.0,0,N,LARGE_PROVINCIAL_CITIES,STREET,3,0.0
89555,4,7,171,2,1,60.0,0,I,SMALL_CITIES,AVENUE,3,11.0
89556,4,7,171,5,5,60.0,0,N,RURAL_VICTORIA,ROAD,3,20.0
89557,1,1,99,5,1,60.0,0,N,MELB_URBAN,ROAD,3,9.0
89558,1,4,130,1,1,60.0,0,I,MELB_URBAN,ROAD,3,13.0
89559,4,7,183,5,1,100.0,0,N,RURAL_VICTORIA,HIGHWAY,3,17.0
89560,1,4,130,5,1,60.0,0,N,MELB_URBAN,ROAD,3,16.0
89561,1,7,147,5,1,60.0,0,N,RURAL_VICTORIA,ROAD,3,15.0