,accident_type,day_of_week,dca_code,road_geometry,light_condition,speed_zone,severity,node_type,deg_urban_name,road_type,month,hour
89562,1,6,160,5,1,50.0,0,N,TOWNS,HIGHWAY,3,15.0
89563,2,3,102,1,3,50.0,0,N,MELB_URBAN,OTHER,3,21.0
89564,1,1,110,1,1,80.0,0,I,RURAL_VICTORIA,ROAD,3,9.0
89565,1,7,120,5,1,50.0,0,N,MELB_URBAN,DRIVE,3,7.0
89566,1,1,99,1,1,50.0,0,I,MELB_URBAN,ROAD,3,12.0
89567,1,1,120,5,1,40.0,0,N,RURAL_VICTORIA,ROAD,3,9.0
89568,1,1,130,5,1,60.0,0,N,MELB_URBAN,ROAD,3,10.0
89569,1,1,163,5,1,60.0,0,N,MELB_URBAN,AVENUE,3,12.0
89570,1,1,110,1,1,60.0,0,I,LARGE_PROVINCIAL_CITIES,ROAD,3,13.0
89571,1,1,130,1,1,50.0,0,I,SMALL_CITIES,STREET,3,13.0
89572,1,5,163,2,9,60.0,0,I,MELB_URBAN,STREET,3,14.0
89573,1,5,130,1,9,70.0,0,I,MELB_URBAN,ROAD,3,18.0
89574,1,1,110,1,1,70.0,0,I,MELB_URBAN,ROAD,3,12.0
89575,1,0,121,2,1,80.0,0,I,MELB_URBAN,ROAD,3,14.0
89576,1,1,130,5,1,100.0,0,N,RURAL_VICTORIA,FREEWAY,3,14.0
89577,1,0,121,2,1,100.0,0,I,RURAL_VICTORIA,HIGHWAY,3,13.0
89578,1,1,121,4,1,50.0,0,I,LARGE_PROVINCIAL_CITIES,STREET,3,16.0
89579,4,1,171,2,1,70.0,0,N,MELB_URBAN,ROAD,3,13.0
89580,4,1,171,5,1,100.0,0,N,RURAL_VICTORIA,HIGHWAY,3,17.0
89581,4,1,183,5,5,100.0,0,N,RURAL_VICTORIA,ROAD,3,19.0
89582,1,1,113,2,3,60.0,0,I,MELB_URBAN,STREET,3,22.0
89583,4,1,171,1,3,60.0,0,I,MELB_URBAN,ROAD,3,3.0
89584,4,1,183,5,5,100.0,0,N,RURAL_VICTORIA,ROAD,3,23.0
89585,4,2,173,5,5,100.0,0,N,RURAL_VICTORIA,HIGHWAY,3,3.0
89586,1,1,110,1,3,80.0,0,I,RURAL_VICTORIA,ROAD,3,22.0
89587,3,0,167,5,1,100.0,0,N,RURAL_VICTORIA,ROAD,3,8.0
89588,8,2,174,5,1,100.0,0,N,RURAL_VICTORIA,ROAD,3,9.0
89589,1,2,110,1,1,50.0,0,I,MELB_URBAN,STREET,3,9.0
89590,1,1,147,5,1,60.0,0,N,MELB_URBAN,ROAD,3,13.0
89591,1,2,163,5,1,60.0,0,N,MELB_URBAN,ROAD,3,11.0
89592,8,1,99,5,1,60.0,0,N,RURAL_VICTORIA,ROAD,3,10.0
89593,8,5,135,2,1,40.0,0,I,MELB_URBAN,ROAD,3,19.0
89594,8,2,170,5,1,80.0,0,N,MELB_URBAN,ROAD,3,7.0
89595,1,2,147,5,1,80.0,0,N,MELB_URBAN,HIGHWAY,3,10.0
89596,4,1,183,5,1,100.0,0,N,RURAL_VICTORIA,ROAD,3,13.0
89597,2,5,99,5,5,50.0,0,N,MELB_URBAN,AVENUE,3,22.0
89598,6,2,174,5,1,100.0,0,N,RURAL_VICTORIA,ROAD,3,14.0
89599,1,2,121,2,1,60.0,0,I,MELB_URBAN,ROAD,3,15.0
89600,1,2,99,2,1,100.0,0,I,RURAL_VICTORIA,HIGHWAY,3,16.0
89601,4,2,173,5,1,50.0,0,N,MELB_URBAN,AVENUE,3,15.0
89602,1,2,121,2,1,60.0,0,I,MELB_URBAN,ROAD,3,17.0
89603,1,2,99,4,1,60.0,0,I,MELB_URBAN,ROAD,3,19.0
89604,1,2,99,5,1,100.0,1,N,RURAL_VICTORIA,HIGHWAY,3,16.0
89605,1,2,160,5,3,50.0,0,N,MELB_URBAN,ROAD,3,21.0
89606,1,3,160,5,3,70.0,0,N,MELB_URBAN,ROAD,3,1.0
89607,1,1,130,1,1,50.0,0,I,MELB_URBAN,OTHER,2,17.0
89608,1,3,110,1,6,80.0,0,I,MELB_URBAN,ROAD,3,5.0
89609,4,3,173,5,3,60.0,0,N,MELB_URBAN,ROAD,3,5.0
89610,1,2,111,1,2,60.0,0,I,MELB_URBAN,ROAD,3,7.0
89611,2,3,100,5,1,50.0,0,N,SMALL_CITIES,STREET,3,7.0
89612,1,2,110,1,1,50.0,0,I,MELB_URBAN,STREET,3,8.0
89613,4,3,173,5,1,100.0,0,N,RURAL_VICTORIA,OTHER,3,8.0
89614,1,3,99,2,1,100.0,0,I,RURAL_VICTORIA,ROAD,3,8.0
89615,6,3,174,5,1,40.0,0,N,MELB_URBAN,ROAD,3,7.0
89616,1,3,121,2,1,50.0,0,I,MELB_URBAN,ROAD,3,9.0
89617,1,3,135,5,2,80.0,0,N,MELB_URBAN,OTHER,3,7.0
89618,1,2,140,5,1,80.0,0,N,MELB_URBAN,STREET,3,9.0
89619,1,3,160,5,1,50.0,0,N,TOWNS,AVENUE,3,8.0
89620,1,3,110,1,1,60.0,0,I,MELB_URBAN,ROAD,3,11.0
89621,1,2,135,5,1,60.0,0,N,MELB_URBAN,ROAD,3,11.0
89622,4,2,171,5,5,100.0,1,N,RURAL_VICTORIA,ROAD,3,6.0
89623,1,2,130,9,1,60.0,0,I,LARGE_PROVINCIAL_CITIES,STREET,3,8.0
89624,1,1,132,1,1,100.0,0,I,RURAL_VICTORIA,HIGHWAY,3,11.0
89625,1,3,116,2,1,50.0,0,I,SMALL_CITIES,AVENUE,3,8.0
89626,1,3,116,1,1,50.0,0,I,SMALL_CITIES,STREET,3,11.0
89627,2,3,99,1,1,50.0,0,I,MELB_URBAN,STREET,3,8.0
89628,1,3,113,2,1,70.0,0,N,MELB_URBAN,DRIVE,3,13.0
89629,2,2,102,1,1,70.0,0,I,MELB_URBAN,ROAD,3,10.0
89630,1,3,130,2,1,60.0,0,I,MELB_URBAN,ROAD,3,8.0
89631,6,5,99,2,1,60.0,0,I,RURAL_VICTORIA,ROAD,10,11.0
89632,1,0,110,1,1,50.0,0,I,TOWNS,STREET,3,16.0
89633,1,3,140,5,1,60.0,0,N,MELB_URBAN,PARADE,3,7.0
89634,5,3,99,5,1,100.0,0,N,RURAL_VICTORIA,OTHER,3,11.0
89635,1,2,110,1,1,50.0,0,I,LARGE_PROVINCIAL_CITIES,STREET,3,14.0
89636,1,3,121,2,1,100.0,0,I,RURAL_VICTORIA,ROAD,3,16.0
89637,4,3,183,5,1,80.0,0,N,RURAL_VICTORIA,ROAD,3,17.0
89638,2,3,102,5,1,50.0,0,N,SMALL_CITIES,DRIVE,3,15.0
89639,1,3,121,2,1,70.0,0,I,LARGE_PROVINCIAL_CITIES,HIGHWAY,3,17.0
89640,3,3,167,5,2,100.0,0,N,RURAL_VICTORIA,ROAD,3,19.0
89641,1,0,110,1,3,50.0,0,I,MELB_URBAN,STREET,3,3.0
89642,1,3,113,1,3,70.0,0,I,LARGE_PROVINCIAL_CITIES,HIGHWAY,3,20.0
89643,1,3,99,5,1,60.0,0,N,MELB_URBAN,ROAD,3,16.0
89644,4,2,171,5,1,100.0,0,N,RURAL_VICTORIA,ROAD,3,19.0
89645,1,3,130,5,1,70.0,0,N,MELB_URBAN,ROAD,3,16.0
89646,4,3,171,5,5,100.0,0,N,RURAL_VICTORIA,HIGHWAY,3,21.0
89647,1,3,99,5,1,60.0,0,N,MELB_URBAN,ROAD,2,8.0
89648,1,3,99,5,1,50.0,0,N,LARGE_PROVINCIAL_CITIES,STREET,3,13.0
89649,1,4,110,1,1,100.0,0,I,RURAL_VICTORIA,ROAD,3,9.0
89650,1,4,110,1,1,40.0,0,I,MELB_URBAN,STREET,3,7.0
89651,1,4,116,2,3,80.0,0,I,MELB_URBAN,ROAD,3,6.0
89652,1,4,133,5,1,40.0,0,N,MELB_URBAN,STREET,3,10.0
89653,1,4,99,5,1,60.0,0,N,MELB_URBAN,ROAD,3,10.0
89654,1,4,130,2,1,70.0,0,I,LARGE_PROVINCIAL_CITIES,HIGHWAY,3,8.0
89655,1,4,130,5,2,60.0,0,N,MELB_URBAN,ROAD,3,6.0
89656,1,3,121,1,1,60.0,0,I,LARGE_PROVINCIAL_CITIES,ROAD,3,15.0
89657,1,4,130,1,1,60.0,0,I,SMALL_CITIES,AVENUE,3,11.0
89658,2,4,100,5,1,50.0,0,N,MELB_URBAN,STREET,3,8.0
89659,1,4,110,1,1,50.0,0,I,MELB_URBAN,ROAD,3,13.0
89660,1,4,99,1,1,60.0,0,I,SMALL_CITIES,STREET,2,11.0
89661,6,1,184,5,1,60.0,0,N,RURAL_VICTORIA,ROAD,3,13.0
89662,1,1,130,2,1,60.0,0,I,MELB_URBAN,STREET,3,12.0
89663,1,3,134,2,1,70.0,0,N,SMALL_CITIES,ROAD,3,11.0
89664,1,4,99,2,1,50.0,0,I,MELB_URBAN,ROAD,3,11.0
89665,1,4,133,2,1,60.0,0,I,MELB_URBAN,DRIVE,3,13.0
89666,1,4,133,5,1,60.0,0,N,MELB_URBAN,ROAD,3,8.0
89667,4,2,181,5,1,100.0,0,N,RURAL_VICTORIA,ROAD,3,18.0
89668,1,5,110,1,3,60.0,0,I,MELB_URBAN,ROAD,10,23.0
89669,4,4,183,5,1,100.0,0,N,RURAL_VICTORIA,ROAD,3,15.0
89670,1,3,116,2,1,60.0,0,I,MELB_URBAN,ROAD,2,7.0
89671,2,4,102,5,1,60.0,0,N,MELB_URBAN,STREET,3,17.0
89672,1,4,130,5,1,60.0,1,N,RURAL_VICTORIA,ROAD,3,15.0
89673,1,6,163,5,1,50.0,0,N,MELB_URBAN,PARADE,3,9.0
89674,1,4,99,5,1,40.0,0,N,MELB_URBAN,ROAD,3,15.0
89675,1,6,130,5,1,60.0,0,N,LARGE_PROVINCIAL_CITIES,ROAD,3,17.0
89676,1,3,130,5,2,60.0,0,N,MELB_URBAN,HIGHWAY,3,6.0
89677,4,4,171,5,1,100.0,0,N,RURAL_VICTORIA,ROAD,3,15.0
89678,1,4,163,5,1,40.0,0,N,MELB_URBAN,STREET,3,9.0
89679,1,4,111,1,2,50.0,0,I,MELB_URBAN,PARADE,3,18.0
89680,1,4,121,2,2,50.0,0,I,MELB_URBAN,AVENUE,3,18.0
89681,1,4,132,2,1,50.0,0,I,MELB_URBAN,DRIVE,3,16.0
89682,6,3,174,5,1,50.0,0,N,MELB_URBAN,ROAD,3,18.0
89683,6,6,99,1,1,40.0,0,I,MELB_URBAN,STREET,3,8.0
89684,5,3,99,2,6,80.0,0,I,RURAL_VICTORIA,HIGHWAY,3,22.0
89685,2,4,100,5,2,60.0,0,N,MELB_URBAN,STREET,3,19.0
89686,1,4,120,5,1,100.0,0,N,RURAL_VICTORIA,HIGHWAY,3,17.0
89687,1,4,110,1,1,50.0,0,I,SMALL_CITIES,PARADE,3,19.0
89688,1,2,99,5,9,60.0,0,N,MELB_URBAN,AVENUE,3,7.0
89689,1,4,99,5,2,60.0,0,N,MELB_URBAN,ROAD,3,19.0
89690,1,4,110,1,5,100.0,0,I,RURAL_VICTORIA,ROAD,3,20.0
89691,1,4,121,1,1,60.0,0,I,MELB_URBAN,STREET,3,16.0
89692,1,3,173,5,1,100.0,0,N,RURAL_VICTORIA,RAMP,3,14.0
89693,4,5,183,5,3,70.0,0,N,MELB_URBAN,ROAD,3,4.0
89694,1,2,121,2,1,60.0,0,I,MELB_URBAN,STREET,3,8.0
89695,1,3,99,5,1,60.0,0,N,LARGE_PROVINCIAL_CITIES,STREET,3,9.0
89696,1,5,99,1,1,40.0,0,I,SMALL_CITIES,STREET,3,8.0
89697,1,5,130,5,3,80.0,0,N,MELB_URBAN,FREEWAY,3,6.0
89698,1,5,113,4,1,70.0,0,I,RURAL_VICTORIA,ROAD,3,8.0
89699,1,3,130,5,1,60.0,0,N,LARGE_PROVINCIAL_CITIES,AVENUE,3,18.0
89700,1,5,113,2,1,60.0,0,I,MELB_URBAN,BOULEVARD,3,8.0
89701,1,4,110,1,1,80.0,0,I,RURAL_VICTORIA,ROAD,11,6.0
89702,1,4,140,5,1,40.0,0,N,MELB_URBAN,STREET,3,8.0
89703,6,7,174,5,1,60.0,0,N,RURAL_VICTORIA,ROAD,3,17.0
89704,1,7,130,4,1,50.0,0,I,TOWNS,STREET,3,9.0
89705,6,2,174,2,1,60.0,0,I,MELB_URBAN,ROAD,3,14.0
89706,1,5,147,5,1,60.0,0,N,MELB_URBAN,ROAD,3,11.0
89707,2,4,99,5,1,40.0,0,N,MELB_URBAN,ROAD,3,9.0
89708,1,2,130,5,9,60.0,0,N,MELB_URBAN,ROAD,3,16.0
89709,1,4,121,2,2,60.0,0,I,MELB_URBAN,ROAD,3,19.0
89710,7,5,99,5,1,60.0,0,N,MELB_URBAN,OTHER,3,7.0
89711,4,5,171,1,1,50.0,0,I,MELB_URBAN,AVENUE,3,9.0
89712,1,1,130,1,1,60.0,0,I,MELB_URBAN,ROAD,2,9.0
89713,1,5,121,1,1,60.0,0,I,MELB_URBAN,STREET,3,16.0
89714,1,4,130,5,1,70.0,0,N,MELB_URBAN,ROAD,3,16.0
89715,1,5,113,2,1,50.0,0,I,MELB_URBAN,STREET,3,8.0
89716,1,4,132,2,3,60.0,0,I,MELB_URBAN,ROAD,3,20.0
89717,1,6,130,2,1,80.0,0,N,SMALL_CITIES,ROAD,12,14.0
89718,1,5,121,5,1,40.0,0,N,MELBOURNE_CBD,STREET,3,16.0
89719,1,5,130,5,1,60.0,0,N,MELB_URBAN,UNKNOWN,3,16.0
89720,1,5,113,2,1,60.0,0,I,MELB_URBAN,ROAD,3,16.0
89721,2,5,102,2,1,80.0,0,I,MELB_URBAN,ROAD,3,17.0
89722,4,5,181,5,1,80.0,0,N,RURAL_VICTORIA,HIGHWAY,3,13.0
89723,1,5,110,4,1,60.0,0,I,LARGE_PROVINCIAL_CITIES,ROAD,3,15.0
89724,4,5,173,5,1,100.0,0,N,RURAL_VICTORIA,STREET,3,18.0
89725,2,5,102,1,3,80.0,0,I,MELB_URBAN,ROAD,3,21.0
89726,1,5,132,4,3,60.0,0,I,MELB_URBAN,OTHER,3,20.0
89727,1,5,99,1,3,60.0,0,N,MELB_URBAN,STREET,3,22.0
89728,4,5,173,5,5,100.0,0,N,RURAL_VICTORIA,ROAD,3,20.0
89729,2,5,99,5,3,40.0,0,N,MELBOURNE_CBD,STREET,3,22.0
89730,4,6,183,5,5,60.0,0,N,MELB_URBAN,ROAD,3,0.0
89731,1,5,140,1,9,60.0,0,I,MELB_URBAN,ROAD,3,5.0
89732,1,2,130,5,1,80.0,0,N,MELB_URBAN,FREEWAY,2,18.0
89733,8,6,99,5,1,40.0,0,N,MELB_URBAN,STREET,3,7.0
89734,8,5,99,5,1,50.0,0,N,SMALL_TOWNS,PARADE,3,15.0
89735,2,5,99,5,3,60.0,0,N,MELB_URBAN,STREET,2,22.0
89736,1,6,113,2,1,60.0,0,I,LARGE_PROVINCIAL_CITIES,ROAD,3,7.0
89737,1,5,113,2,1,70.0,0,I,MELB_URBAN,ROAD,3,7.0
89738,1,6,130,2,1,60.0,0,I,MELB_URBAN,ROAD,3,6.0
89739,4,5,171,2,1,60.0,0,I,RURAL_VICTORIA,ROAD,3,11.0
89740,1,5,121,2,1,60.0,0,I,MELB_URBAN,ROAD,3,8.0
89741,1,5,99,1,1,60.0,0,I,MELB_URBAN,ROAD,3,16.0
89742,1,2,130,5,1,80.0,0,N,MELB_URBAN,ROAD,2,10.0
89743,6,6,174,2,1,50.0,0,I,SMALL_CITIES,STREET,3,10.0
89744,2,5,99,5,1,50.0,0,N,MELB_URBAN,OTHER,3,10.0
89745,2,4,99,5,1,40.0,0,N,MELB_URBAN,ROAD,3,15.0
89746,4,6,173,5,1,60.0,0,N,MELB_URBAN,ROAD,3,11.0
89747,6,6,184,5,1,100.0,0,N,RURAL_VICTORIA,RAMP,3,12.0
89748,1,3,120,5,1,80.0,0,N,RURAL_VICTORIA,ROAD,3,9.0
89749,8,1,174,5,9,50.0,0,N,MELB_URBAN,AVENUE,3,15.0
89750,1,6,113,2,1,60.0,0,I,MELB_URBAN,STREET,3,11.0
89751,1,5,99,5,1,60.0,0,N,SMALL_CITIES,STREET,3,13.0
89752,1,6,121,2,1,40.0,0,I,MELB_URBAN,HIGHWAY,3,8.0
89753,2,6,102,2,1,50.0,0,N,TOWNS,STREET,3,13.0
89754,4,5,99,2,1,60.0,0,I,SMALL_CITIES,STREET,3,10.0
89755,2,6,100,1,1,50.0,0,I,SMALL_CITIES,STREET,3,11.0
89756,1,6,121,1,1,50.0,0,I,MELB_URBAN,ROAD,3,14.0
89757,1,6,99,5,1,60.0,0,N,TOWNS,STREET,3,15.0
89758,8,6,170,1,1,80.0,0,I,MELB_URBAN,ROAD,3,13.0
89759,6,6,174,1,1,70.0,0,I,MELB_URBAN,ROAD,3,16.0
89760,6,6,170,5,1,110.0,0,N,RURAL_VICTORIA,FREEWAY,3,16.0
89761,8,6,174,4,1,80.0,0,I,MELB_URBAN,ROAD,3,16.0
89762,1,6,121,1,1,50.0,0,I,TOWNS,HIGHWAY,3,17.0
89763,4,6,181,5,1,100.0,0,N,RURAL_VICTORIA,ROAD,3,17.0
89764,1,6,130,5,1,80.0,0,N,MELB_URBAN,HIGHWAY,3,17.0
89765,1,5,121,5,1,60.0,0,N,MELB_URBAN,ROAD,3,18.0
89766,1,5,110,1,1,70.0,0,I,MELB_URBAN,ROAD,3,14.0
89767,1,6,99,2,1,60.0,0,I,MELB_URBAN,ROAD,3,17.0
89768,1,6,120,5,3,60.0,0,N,MELB_URBAN,STREET,3,19.0
89769,4,6,173,2,1,60.0,0,N,MELB_URBAN,DRIVE,3,16.0
89770,4,6,99,1,3,60.0,0,I,SMALL_CITIES,STREET,3,22.0
89771,1,5,99,2,1,60.0,0,UNKNOWN,UNKNOWN,UNKNOWN,3,15.0
89772,1,7,163,5,1,60.0,0,N,MELB_URBAN,STREET,3,7.0
89773,4,7,183,5,3,60.0,1,N,SMALL_CITIES,ROAD,3,5.0
89774,1,7,99,2,1,70.0,0,I,MELB_URBAN,ROAD,3,8.0
89775,1,6,130,2,1,70.0,0,N,MELB_URBAN,ROAD,3,15.0
89776,1,6,130,5,1,70.0,0,N,MELB_URBAN,ROAD,3,8.0
89777,1,7,110,1,1,60.0,0,I,TOWNS,STREET,3,9.0
89778,6,7,174,5,1,100.0,0,N,RURAL_VICTORIA,ROAD,3,9.0
89779,4,7,171,5,1,70.0,0,N,MELB_URBAN,ROAD,3,8.0
89780,1,6,99,5,1,60.0,0,N,MELB_URBAN,ROAD,3,8.0
89781,1,5,99,5,1,100.0,0,N,MELB_URBAN,FREEWAY,3,17.0
89782,1,7,110,1,1,50.0,0,I,MELB_URBAN,OTHER,3,11.0
89783,1,6,110,1,1,40.0,0,I,MELB_URBAN,STREET,3,17.0
89784,2,6,99,5,1,50.0,0,N,MELB_URBAN,ROAD,3,15.0
89785,1,7,140,2,1,80.0,0,I,MELB_URBAN,ROAD,3,11.0
89786,1,5,116,1,1,50.0,0,I,MELB_URBAN,STREET,10,7.0
89787,4,6,171,5,1,110.0,0,N,RURAL_VICTORIA,FREEWAY,3,14.0
89788,1,7,130,2,1,80.0,0,I,MELB_URBAN,ROAD,3,13.0
89789,4,7,173,5,1,100.0,0,N,RURAL_VICTORIA,ROAD,3,17.0
89790,4,7,181,5,1,80.0,0,N,RURAL_VICTORIA,ROAD,3,15.0
89791,4,7,173,5,1,60.0,0,N,SMALL_CITIES,STREET,3,17.0
89792,4,6,171,2,1,50.0,0,I,MELB_URBAN,OTHER,3,15.0
89793,8,7,174,2,1,60.0,0,I,MELB_URBAN,STREET,3,8.0
89794,1,7,160,5,1,50.0,0,N,MELB_URBAN,STREET,3,18.0
89795,2,7,100,5,3,60.0,0,N,MELB_URBAN,AVENUE,3,20.0
89796,7,7,99,5,1,60.0,0,N,RURAL_VICTORIA,ROAD,3,18.0
89797,4,7,173,5,1,50.0,0,N,MELB_URBAN,BOULEVARD,3,18.0
89798,1,1,99,2,3,50.0,0,I,LARGE_PROVINCIAL_CITIES,STREET,3,0.0
89799,8,1,184,5,3,50.0,0,N,MELB_URBAN,STREET,3,0.0
89800,1,0,120,5,5,40.0,0,N,SMALL_CITIES,STREET,3,0.0
89801,1,6,130,1,3,80.0,0,I,MELB_URBAN,OTHER,3,22.0
89802,1,6,140,5,1,70.0,0,N,MELB_URBAN,ROAD,3,15.0
89803,4,7,183,5,1,100.0,0,N,RURAL_VICTORIA,ROAD,3,13.0
89804,1,1,147,5,1,60.0,0,N,SMALL_CITIES,ROAD,3,12.0
89805,4,1,181,5,2,60.0,0,N,MELB_URBAN,STREET,3,5.0
89806,5,0,99,5,1,100.0,0,N,RURAL_VICTORIA,HIGHWAY,3,12.0
89807,1,1,130,5,1,100.0,0,N,RURAL_VICTORIA,HIGHWAY,3,13.0
89808,6,1,170,5,1,60.0,0,N,RURAL_VICTORIA,ROAD,3,8.0
89809,1,1,130,5,1,80.0,0,N,MELB_URBAN,ROAD,3,10.0
89810,1,1,183,5,1,50.0,0,N,MELB_URBAN,STREET,3,14.0
89811,1,1,134,5,1,100.0,0,N,MELB_URBAN,HIGHWAY,3,16.0
89812,1,1,160,5,1,60.0,0,N,LARGE_PROVINCIAL_CITIES,OTHER,3,17.0
89813,2,1,100,2,1,60.0,0,I,MELB_URBAN,ROAD,3,12.0
89814,1,1,147,5,4,50.0,0,N,MELB_URBAN,STREET,3,20.0
89815,1,0,132,2,1,60.0,0,I,MELB_URBAN,ROAD,3,17.0
89816,1,2,160,5,3,60.0,0,N,MELB_URBAN,ROAD,3,3.0
89817,1,2,130,1,3,60.0,0,I,MELB_URBAN,STREET,3,5.0
89818,1,7,99,5,1,60.0,0,N,RURAL_VICTORIA,ROAD,3,13.0
89819,1,1,99,4,1,50.0,0,I,SMALL_CITIES,OTHER,3,8.0
89820,1,1,130,5,4,70.0,0,N,MELB_URBAN,ROAD,3,5.0
89821,2,2,100,5,1,60.0,0,N,MELB_URBAN,ROAD,3,8.0
89822,1,2,140,2,1,70.0,0,I,MELB_URBAN,PARADE,3,9.0
89823,8,7,99,5,1,60.0,0,N,RURAL_VICTORIA,ROAD,3,10.0
89824,8,1,174,5,1,50.0,0,O,MELB_URBAN,STREET,3,10.0
89825,5,1,99,5,1,100.0,0,N,RURAL_VICTORIA,ROAD,3,7.0
89826,4,2,171,5,1,60.0,0,N,TOWNS,OTHER,3,9.0
89827,1,2,130,5,1,100.0,0,N,MELB_URBAN,FREEWAY,3,8.0
89828,1,1,99,2,3,50.0,0,I,MELB_URBAN,STREET,3,2.0
89829,1,2,121,5,2,40.0,0,N,MELBOURNE_CBD,OTHER,3,7.0
89830,1,2,130,1,1,80.0,0,I,RURAL_VICTORIA,HIGHWAY,3,10.0
89831,1,1,121,2,1,60.0,0,I,MELB_URBAN,ROAD,3,9.0
89832,1,4,130,5,1,60.0,0,N,MELB_URBAN,HIGHWAY,2,17.0
89833,1,0,130,2,1,50.0,0,I,MELB_URBAN,ROAD,3,11.0
89834,2,2,100,1,1,60.0,0,I,MELB_URBAN,ROAD,3,18.0
89835,6,2,184,5,1,40.0,0,N,RURAL_VICTORIA,ROAD,3,11.0
89836,1,2,130,5,1,60.0,0,N,MELB_URBAN,RAMP,3,12.0
89837,4,2,99,2,1,60.0,0,N,TOWNS,STREET,2,18.0
89838,1,6,130,5,1,60.0,0,N,MELB_URBAN,ROAD,3,19.0
89839,6,7,170,5,2,100.0,0,N,RURAL_VICTORIA,ROAD,1,6.0
89840,6,4,174,2,3,60.0,0,I,LARGE_PROVINCIAL_CITIES,STREET,7,19.0
89841,1,2,130,1,1,60.0,0,I,MELB_URBAN,ROAD,3,13.0
89842,8,7,99,5,1,50.0,0,N,RURAL_VICTORIA,ROAD,3,13.0
89843,1,2,147,5,1,60.0,0,N,MELB_URBAN,ROAD,3,18.0
89844,1,2,160,5,1,50.0,0,N,MELB_URBAN,ROAD,3,15.0
89845,4,0,171,5,1,60.0,0,N,SMALL_TOWNS,ROAD,2,15.0
89846,1,2,130,5,1,80.0,0,N,MELB_URBAN,OTHER,3,14.0
89847,1,1,130,2,3,60.0,0,N,MELB_URBAN,ROAD,3,20.0
89848,1,2,130,5,1,60.0,0,N,MELB_URBAN,ROAD,3,17.0
89849,1,6,110,1,3,60.0,0,I,MELBOURNE_CBD,STREET,3,1.0
89850,1,2,140,5,1,110.0,1,N,RURAL_VICTORIA,RAMP,3,14.0
89851,4,2,181,5,5,100.0,0,N,RURAL_VICTORIA,HIGHWAY,3,20.0
89852,4,2,171,1,2,100.0,0,N,RURAL_VICTORIA,ROAD,3,18.0
89853,2,2,100,5,3,50.0,0,N,MELB_URBAN,STREET,3,6.0
89854,1,2,121,1,1,60.0,0,I,MELB_URBAN,ROAD,3,17.0
89855,1,2,130,5,3,80.0,0,N,MELB_URBAN,ROAD,3,6.0
89856,4,3,171,5,2,100.0,0,N,RURAL_VICTORIA,ROAD,3,6.0
89857,1,3,113,2,1,60.0,0,I,MELB_URBAN,ROAD,3,7.0
89858,6,0,99,2,3,100.0,0,I,RURAL_VICTORIA,ROAD,3,22.0
89859,4,3,173,5,5,60.0,0,N,RURAL_VICTORIA,ROAD,3,6.0
89860,2,2,99,5,3,50.0,0,N,MELB_URBAN,DRIVE,3,6.0
89861,1,5,99,2,9,60.0,0,I,MELB_URBAN,STREET,3,7.0
89862,1,3,130,5,1,100.0,0,N,MELB_URBAN,FREEWAY,3,9.0
89863,1,1,99,1,1,60.0,0,I,MELB_URBAN,ROAD,3,13.0
89864,1,3,121,1,3,60.0,0,I,MELB_URBAN,ROAD,3,6.0
89865,1,3,99,1,1,40.0,0,N,MELBOURNE_CBD,STREET,3,12.0
89866,2,5,99,2,3,50.0,0,I,MELB_URBAN,STREET,3,23.0
89867,1,5,130,5,1,70.0,0,N,RURAL_VICTORIA,ROAD,3,16.0
89868,4,2,171,5,5,80.0,0,N,RURAL_VICTORIA,ROAD,3,6.0
89869,4,2,173,5,2,100.0,0,N,RURAL_VICTORIA,OTHER,3,6.0
89870,6,2,99,5,1,100.0,0,N,RURAL_VICTORIA,ROAD,3,19.0
89871,1,3,121,1,1,60.0,0,I,MELB_URBAN,STREET,3,9.0
89872,6,1,174,1,5,60.0,0,I,MELB_URBAN,ROAD,3,21.0
89873,1,3,130,2,1,60.0,0,I,MELB_URBAN,AVENUE,3,14.0
89874,1,3,116,2,1,50.0,0,I,MELB_URBAN,ROAD,3,14.0
89875,6,3,174,5,1,100.0,0,N,RURAL_VICTORIA,HIGHWAY,3,10.0
89876,1,2,160,5,1,60.0,0,N,MELB_URBAN,HIGHWAY,3,16.0
89877,1,3,132,2,1,60.0,0,I,SMALL_CITIES,STREET,3,16.0
89878,1,3,121,5,1,60.0,0,N,MELB_URBAN,ROAD,3,16.0
89879,1,3,130,4,1,60.0,0,I,MELB_URBAN,RAMP,3,9.0
89880,1,4,121,1,3,60.0,0,I,LARGE_PROVINCIAL_CITIES,HIGHWAY,3,21.0
89881,1,2,110,1,1,60.0,0,I,LARGE_PROVINCIAL_CITIES,STREET,3,15.0
89882,1,3,130,5,1,80.0,0,N,MELB_URBAN,ROAD,3,18.0
89883,4,3,181,5,1,100.0,0,N,RURAL_VICTORIA,ROAD,3,17.0
89884,1,3,99,5,1,90.0,0,N,MELB_URBAN,ROAD,3,15.0
89885,1,5,147,5,1,40.0,0,N,MELB_URBAN,ROAD,3,7.0
89886,1,3,121,2,1,80.0,0,I,MELB_URBAN,ROAD,3,17.0
89887,6,3,99,1,1,60.0,0,I,MELB_URBAN,ROAD,3,18.0
89888,1,3,116,2,1,60.0,0,I,MELB_URBAN,STREET,3,18.0
89889,1,3,121,2,1,100.0,0,I,RURAL_VICTORIA,HIGHWAY,3,17.0
89890,1,3,121,2,1,70.0,0,I,MELB_URBAN,ROAD,3,15.0
89891,1,3,130,5,4,100.0,0,N,MELB_URBAN,RAMP,3,21.0
89892,1,3,99,5,3,80.0,0,N,MELB_URBAN,RAMP,3,22.0
89893,4,4,171,5,3,70.0,0,N,MELB_URBAN,ROAD,3,0.0