,accident_type,day_of_week,dca_code,road_geometry,light_condition,speed_zone,severity,node_type,deg_urban_name,road_type,month,hour
89894,8,4,174,5,3,60.0,0,N,MELB_URBAN,ROAD,3,4.0
89895,5,4,99,5,3,100.0,0,I,RURAL_VICTORIA,FREEWAY,3,5.0
89896,1,2,99,2,1,60.0,0,I,MELB_URBAN,ROAD,3,8.0
89897,1,4,120,5,5,100.0,0,N,RURAL_VICTORIA,HIGHWAY,3,6.0
89898,4,3,173,5,1,50.0,0,N,MELB_URBAN,ROAD,3,8.0
89899,6,4,174,5,3,60.0,0,N,TOWNS,STREET,3,1.0
89900,1,1,130,5,1,60.0,0,N,MELB_URBAN,ROAD,3,8.0
89901,1,4,133,5,1,60.0,0,N,MELB_URBAN,ROAD,3,10.0
89902,1,4,130,2,1,70.0,0,N,MELB_URBAN,STREET,3,13.0
89903,1,1,121,2,1,60.0,0,I,MELB_URBAN,STREET,3,18.0
89904,1,5,130,5,1,70.0,0,N,RURAL_VICTORIA,HIGHWAY,3,9.0
89905,1,4,132,5,1,60.0,0,N,MELB_URBAN,ROAD,3,14.0
89906,1,7,121,1,1,60.0,0,I,MELB_URBAN,ROAD,3,13.0
89907,1,0,121,1,1,60.0,0,I,MELB_URBAN,PARADE,3,8.0
89908,5,4,99,5,1,50.0,0,N,MELB_URBAN,ROAD,3,14.0
89909,2,4,99,5,1,80.0,0,N,RURAL_VICTORIA,DRIVE,3,16.0
89910,8,4,174,2,1,60.0,0,I,MELB_URBAN,STREET,3,15.0
89911,1,4,121,2,1,80.0,0,I,MELB_URBAN,ROAD,3,17.0
89912,1,2,130,5,1,80.0,0,N,RURAL_VICTORIA,ROAD,3,18.0
89913,4,4,171,5,1,50.0,0,N,MELB_URBAN,PARADE,3,15.0
89914,1,3,110,1,1,50.0,0,I,SMALL_CITIES,STREET,3,17.0
89915,8,4,184,5,2,60.0,0,N,RURAL_VICTORIA,RAMP,3,19.0
89916,1,3,110,1,1,60.0,0,I,MELB_URBAN,ROAD,3,9.0
89917,6,4,99,5,1,100.0,1,N,RURAL_VICTORIA,ROAD,3,18.0
89918,4,4,183,5,1,100.0,0,N,RURAL_VICTORIA,ROAD,3,18.0
89919,1,4,163,5,1,60.0,0,N,MELBOURNE_CBD,STREET,3,17.0
89920,6,4,99,5,1,80.0,0,N,MELB_URBAN,RAMP,3,19.0
89921,2,2,102,1,1,60.0,0,N,MELB_URBAN,STREET,2,9.0
89922,1,4,135,5,3,80.0,0,N,MELB_URBAN,FREEWAY,3,21.0
89923,1,4,160,5,3,50.0,0,N,LARGE_PROVINCIAL_CITIES,ROAD,3,23.0
89924,4,5,99,4,3,50.0,0,I,MELB_URBAN,OTHER,3,0.0
89925,1,5,160,5,3,60.0,0,N,MELB_URBAN,ROAD,3,2.0
89926,4,4,173,5,2,70.0,0,N,RURAL_VICTORIA,ROAD,3,6.0
89927,1,4,110,1,1,50.0,0,I,MELB_URBAN,STREET,3,8.0
89928,1,5,130,5,1,70.0,0,N,LARGE_PROVINCIAL_CITIES,ROAD,3,9.0
89929,2,5,99,5,1,60.0,0,N,MELB_URBAN,ROAD,3,7.0
89930,5,5,99,5,5,80.0,0,N,RURAL_VICTORIA,ROAD,3,1.0
89931,4,5,173,5,1,100.0,0,N,RURAL_VICTORIA,HIGHWAY,3,10.0
89932,6,5,174,5,1,60.0,0,I,MELB_URBAN,ROAD,3,10.0
89933,2,5,102,1,1,60.0,0,I,LARGE_PROVINCIAL_CITIES,STREET,3,11.0
89934,1,5,121,1,1,60.0,0,I,MELB_URBAN,ROAD,3,7.0
89935,8,4,170,5,5,40.0,0,N,RURAL_VICTORIA,HIGHWAY,3,20.0
89936,1,4,133,2,1,80.0,0,I,SMALL_CITIES,HIGHWAY,3,7.0
89937,1,5,121,1,1,60.0,0,N,MELB_URBAN,ROAD,3,10.0
89938,1,5,130,2,1,40.0,0,I,MELB_URBAN,STREET,3,9.0
89939,1,4,116,2,1,60.0,0,I,LARGE_PROVINCIAL_CITIES,ROAD,3,13.0
89940,4,5,171,5,1,70.0,0,N,RURAL_VICTORIA,ROAD,3,8.0
89941,1,5,120,5,5,60.0,0,N,RURAL_VICTORIA,ROAD,3,7.0
89942,1,3,130,5,1,60.0,0,N,MELB_URBAN,ROAD,3,14.0
89943,1,4,116,1,1,60.0,0,I,MELB_URBAN,STREET,3,8.0
89944,6,2,99,2,1,50.0,0,I,MELB_URBAN,AVENUE,3,15.0
89945,1,2,130,1,1,60.0,0,N,MELB_URBAN,ROAD,3,12.0
89946,1,3,121,2,9,60.0,0,I,MELB_URBAN,STREET,3,8.0
89947,1,4,130,5,1,80.0,0,N,MELB_URBAN,ROAD,3,14.0
89948,1,3,130,1,1,80.0,0,I,MELB_URBAN,ROAD,3,14.0
89949,4,5,181,5,1,100.0,0,N,RURAL_VICTORIA,ROAD,3,7.0
89950,1,4,121,2,1,80.0,0,I,MELB_URBAN,ROAD,3,15.0
89951,1,5,130,5,1,80.0,0,N,MELB_URBAN,FREEWAY,3,15.0
89952,4,5,171,5,1,50.0,0,N,MELB_URBAN,AVENUE,3,16.0
89953,6,5,184,5,1,80.0,0,N,RURAL_VICTORIA,ROAD,3,15.0
89954,1,5,160,5,1,100.0,0,N,RURAL_VICTORIA,FREEWAY,3,17.0
89955,1,4,110,1,1,50.0,0,I,LARGE_PROVINCIAL_CITIES,STREET,3,18.0
89956,1,5,121,1,1,50.0,0,I,RURAL_VICTORIA,HIGHWAY,3,17.0
89957,1,5,147,5,1,70.0,0,N,MELB_URBAN,ROAD,3,16.0
89958,1,4,133,2,1,60.0,0,I,LARGE_PROVINCIAL_CITIES,ROAD,3,15.0
89959,1,7,140,5,1,40.0,0,N,MELB_URBAN,STREET,9,17.0
89960,1,5,130,5,1,80.0,0,N,MELB_URBAN,HIGHWAY,3,15.0
89961,1,5,121,2,3,70.0,0,I,MELB_URBAN,ROAD,3,20.0
89962,1,5,120,5,1,70.0,0,N,MELB_URBAN,DRIVE,3,16.0
89963,1,5,120,5,5,80.0,0,N,RURAL_VICTORIA,ROAD,3,21.0
89964,4,4,173,5,3,100.0,0,N,MELB_URBAN,FREEWAY,3,23.0
89965,4,6,171,5,3,100.0,0,N,MELB_URBAN,FREEWAY,3,1.0
89966,4,5,171,5,3,80.0,0,N,MELB_URBAN,ROAD,3,22.0
89967,4,6,171,5,5,60.0,0,N,SMALL_CITIES,STREET,3,3.0
89968,1,5,99,1,1,40.0,0,I,MELB_URBAN,STREET,3,17.0
89969,1,6,130,5,5,110.0,0,N,RURAL_VICTORIA,FREEWAY,3,6.0
89970,4,6,183,5,5,100.0,0,N,RURAL_VICTORIA,HIGHWAY,3,2.0
89971,1,6,116,2,1,50.0,0,I,MELB_URBAN,DRIVE,3,8.0
89972,6,2,174,5,5,60.0,0,N,MELB_URBAN,ROAD,3,19.0
89973,2,6,102,1,1,60.0,0,I,MELB_URBAN,ROAD,3,10.0
89974,4,6,171,5,1,80.0,0,N,MELB_URBAN,ROAD,3,11.0
89975,1,6,113,4,1,60.0,0,I,MELB_URBAN,AVENUE,3,12.0
89976,1,5,110,1,1,50.0,0,I,SMALL_CITIES,STREET,3,13.0
89977,8,5,184,2,5,60.0,0,I,MELB_URBAN,HIGHWAY,3,20.0
89978,1,6,121,5,1,60.0,0,N,SMALL_CITIES,STREET,3,15.0
89979,2,6,102,5,1,60.0,1,N,MELB_URBAN,ROAD,3,14.0
89980,1,5,135,1,2,60.0,0,I,MELB_URBAN,ROAD,3,17.0
89981,6,6,99,5,1,100.0,0,N,RURAL_VICTORIA,ROAD,3,12.0
89982,1,6,121,5,1,80.0,0,N,MELB_URBAN,ROAD,3,15.0
89983,1,4,99,2,1,50.0,0,N,MELB_URBAN,STREET,3,8.0
89984,1,6,160,5,1,60.0,0,N,LARGE_PROVINCIAL_CITIES,ROAD,3,16.0
89985,1,6,99,5,1,60.0,0,N,MELB_URBAN,ROAD,3,15.0
89986,1,5,160,5,2,50.0,0,N,SMALL_CITIES,OTHER,3,18.0
89987,1,4,110,1,1,60.0,0,I,SMALL_CITIES,PARADE,3,17.0
89988,2,6,99,5,1,50.0,0,N,LARGE_PROVINCIAL_CITIES,STREET,3,17.0
89989,1,3,135,5,6,80.0,0,N,MELB_URBAN,FREEWAY,3,21.0
89990,1,6,120,5,1,80.0,0,N,RURAL_VICTORIA,ROAD,3,15.0
89991,1,3,99,2,1,40.0,0,N,MELB_URBAN,STREET,3,15.0
89992,4,6,183,5,1,100.0,0,N,RURAL_VICTORIA,OTHER,3,18.0
89993,1,6,140,5,1,80.0,0,I,MELB_URBAN,ROAD,3,17.0
89994,1,6,147,5,1,50.0,0,N,MELB_URBAN,DRIVE,3,18.0
89995,2,6,102,1,1,70.0,0,I,MELB_URBAN,ROAD,3,18.0
89996,1,5,130,5,1,70.0,0,N,MELB_URBAN,ROAD,3,18.0
89997,1,6,121,1,1,50.0,0,I,SMALL_CITIES,AVENUE,3,18.0
89998,1,6,134,5,1,70.0,0,N,MELB_URBAN,ROAD,3,17.0
89999,1,6,120,1,1,60.0,1,I,MELB_URBAN,ROAD,3,15.0
90000,2,5,100,1,1,60.0,0,I,MELB_URBAN,STREET,3,9.0
90001,1,6,110,1,3,50.0,0,I,SMALL_CITIES,STREET,3,19.0
90002,5,7,99,5,1,60.0,0,N,RURAL_VICTORIA,OTHER,3,12.0
90003,1,5,160,5,3,50.0,0,N,LARGE_PROVINCIAL_CITIES,STREET,3,2.0
90004,1,6,130,5,3,50.0,0,N,MELB_URBAN,STREET,3,23.0
90005,4,7,171,2,3,60.0,0,I,MELB_URBAN,STREET,3,0.0
90006,4,7,171,1,5,100.0,0,I,RURAL_VICTORIA,HIGHWAY,3,1.0
90007,4,6,173,5,3,60.0,0,N,LARGE_PROVINCIAL_CITIES,STREET,3,1.0
90008,2,3,100,5,1,60.0,0,N,MELB_URBAN,ROAD,2,16.0
90009,1,6,134,1,1,60.0,0,I,MELB_URBAN,STREET,3,15.0
90010,1,3,130,5,9,80.0,0,N,MELB_URBAN,ROAD,2,7.0
90011,1,6,110,1,1,60.0,0,I,LARGE_PROVINCIAL_CITIES,STREET,3,8.0
90012,1,5,110,1,3,100.0,0,N,MELB_URBAN,ROAD,3,22.0
90013,1,7,160,5,3,50.0,0,N,MELB_URBAN,STREET,3,5.0
90014,1,7,130,5,1,50.0,0,N,MELB_URBAN,ROAD,3,9.0
90015,6,5,184,5,1,60.0,0,N,RURAL_VICTORIA,ROAD,3,13.0
90016,4,7,173,5,1,70.0,0,N,MELB_URBAN,ROAD,3,11.0
90017,6,7,174,1,1,60.0,0,I,SMALL_TOWNS,HIGHWAY,3,12.0
90018,1,7,113,1,1,60.0,0,I,TOWNS,ROAD,3,12.0
90019,1,6,121,5,3,60.0,0,N,MELB_URBAN,ROAD,3,21.0
90020,1,7,130,5,1,60.0,0,N,MELB_URBAN,ROAD,3,11.0
90021,4,7,183,5,1,100.0,0,N,RURAL_VICTORIA,ROAD,3,12.0
90022,1,6,130,5,1,60.0,0,N,MELB_URBAN,ROAD,3,10.0
90023,1,5,130,2,3,60.0,0,I,MELB_URBAN,AVENUE,3,21.0
90024,1,7,121,5,1,70.0,0,N,MELB_URBAN,HIGHWAY,3,13.0
90025,1,7,160,5,1,50.0,0,N,MELB_URBAN,ROAD,3,8.0
90026,1,7,120,5,1,60.0,0,N,MELB_URBAN,ROAD,3,14.0
90027,2,6,100,5,1,60.0,0,N,MELB_URBAN,ROAD,3,17.0
90028,2,6,100,5,1,40.0,0,N,MELB_URBAN,STREET,3,15.0
90029,4,7,171,5,5,100.0,0,N,RURAL_VICTORIA,ROAD,3,3.0
90030,1,6,110,1,1,50.0,0,N,MELB_URBAN,AVENUE,3,16.0
90031,1,7,99,1,1,50.0,0,N,TOWNS,STREET,3,15.0
90032,4,7,171,5,1,80.0,0,N,MELB_URBAN,ROAD,3,15.0
90033,1,7,130,5,1,60.0,0,N,MELB_URBAN,FREEWAY,3,12.0
90034,8,7,174,5,1,60.0,0,N,RURAL_VICTORIA,OTHER,3,16.0
90035,2,7,100,5,1,60.0,0,N,MELB_URBAN,STREET,3,18.0
90036,1,7,113,2,1,70.0,0,I,MELB_URBAN,ROAD,3,18.0
90037,4,7,171,2,1,60.0,0,I,MELB_URBAN,STREET,3,15.0
90038,4,7,183,5,3,60.0,0,N,MELB_URBAN,RAMP,3,19.0
90039,1,7,130,1,1,60.0,0,I,MELB_URBAN,STREET,3,18.0
90040,1,6,130,5,1,60.0,0,N,MELB_URBAN,ROAD,3,16.0
90041,4,7,183,5,3,60.0,0,N,SMALL_CITIES,OTHER,3,18.0
90042,1,7,130,5,1,60.0,0,N,MELB_URBAN,RAMP,3,15.0
90043,1,7,120,5,2,50.0,0,N,SMALL_CITIES,AVENUE,3,19.0
90044,4,7,183,2,1,80.0,0,I,SMALL_TOWNS,ROAD,3,15.0
90045,4,7,181,5,5,60.0,0,N,MELB_URBAN,ROAD,3,22.0
90046,4,6,173,5,3,80.0,0,N,RURAL_VICTORIA,STREET,3,5.0
90047,1,1,120,1,3,60.0,0,I,MELB_URBAN,STREET,3,0.0
90048,1,6,99,5,1,60.0,0,N,MELB_URBAN,STREET,3,17.0
90049,1,1,99,1,3,40.0,0,I,MELBOURNE_CBD,STREET,3,0.0
90050,1,3,110,1,1,40.0,0,I,MELBOURNE_CBD,OTHER,3,16.0
90051,1,7,160,5,3,70.0,0,N,MELB_URBAN,ROAD,3,21.0
90052,4,1,173,1,3,80.0,0,I,MELB_URBAN,ROAD,3,3.0
90053,1,1,99,5,3,50.0,0,N,MELB_URBAN,STREET,3,0.0
90054,4,6,181,5,1,80.0,0,N,SMALL_CITIES,ROAD,3,13.0
90055,6,7,99,5,1,70.0,0,N,RURAL_VICTORIA,ROAD,3,15.0
90056,6,4,174,5,1,60.0,0,N,RURAL_VICTORIA,OTHER,3,14.0
90057,1,1,130,5,1,60.0,0,N,MELB_URBAN,OTHER,3,9.0
90058,1,6,99,5,1,100.0,0,N,RURAL_VICTORIA,FREEWAY,3,14.0
90059,1,0,171,5,3,60.0,0,N,MELB_URBAN,ROAD,3,5.0
90060,1,7,130,5,1,100.0,0,N,RURAL_VICTORIA,ROAD,3,15.0
90061,4,7,171,5,5,100.0,0,N,TOWNS,HIGHWAY,3,23.0
90062,4,1,171,5,5,100.0,0,N,RURAL_VICTORIA,ROAD,3,6.0
90063,1,1,134,5,1,80.0,0,N,MELB_URBAN,OTHER,3,11.0
90064,8,3,174,5,9,60.0,0,N,MELB_URBAN,ROAD,1,23.0
90065,1,1,120,5,1,100.0,0,N,RURAL_VICTORIA,ROAD,3,11.0
90066,1,1,140,5,1,60.0,0,N,MELB_URBAN,PARADE,3,12.0
90067,4,6,183,5,1,80.0,0,N,RURAL_VICTORIA,RAMP,3,8.0
90068,2,0,102,5,1,40.0,0,N,MELB_URBAN,STREET,3,11.0
90069,1,7,133,5,1,100.0,0,N,MELB_URBAN,FREEWAY,3,11.0
90070,1,0,110,1,1,50.0,0,I,LARGE_PROVINCIAL_CITIES,STREET,3,10.0
90071,4,1,183,5,1,80.0,0,N,RURAL_VICTORIA,ROAD,2,15.0
90072,1,4,140,2,9,80.0,0,I,MELB_URBAN,HIGHWAY,3,23.0
90073,1,6,121,1,3,80.0,0,I,MELB_URBAN,HIGHWAY,3,22.0
90074,6,1,99,5,1,80.0,0,N,MELB_URBAN,RAMP,3,15.0
90075,1,1,132,5,1,70.0,0,N,LARGE_PROVINCIAL_CITIES,ROAD,3,14.0
90076,6,4,99,5,2,100.0,0,N,RURAL_VICTORIA,ROAD,3,17.0
90077,1,5,130,5,3,60.0,0,N,MELB_URBAN,ROAD,3,20.0
90078,1,1,130,5,1,80.0,0,N,MELB_URBAN,ROAD,3,14.0
90079,1,4,130,1,1,80.0,0,I,MELB_URBAN,ROAD,3,15.0
90080,1,0,121,4,1,60.0,0,N,MELB_URBAN,ROAD,3,15.0
90081,1,6,163,5,1,40.0,0,N,MELB_URBAN,STREET,3,17.0
90082,1,1,113,3,1,80.0,0,I,RURAL_VICTORIA,ROAD,3,13.0
90083,8,1,184,5,1,50.0,0,N,MELB_URBAN,DRIVE,3,17.0
90084,1,1,160,2,1,40.0,0,N,MELBOURNE_CBD,STREET,3,18.0
90085,1,0,130,5,1,110.0,0,N,RURAL_VICTORIA,FREEWAY,3,17.0
90086,1,1,99,1,3,40.0,0,I,MELB_URBAN,STREET,3,20.0
90087,4,1,181,5,1,100.0,0,N,RURAL_VICTORIA,ROAD,3,16.0
90088,1,5,130,5,2,40.0,0,N,MELB_URBAN,FREEWAY,3,19.0
90089,6,1,99,5,5,100.0,0,N,RURAL_VICTORIA,ROAD,3,20.0
90090,1,7,130,5,1,60.0,0,N,MELB_URBAN,ROAD,3,8.0
90091,2,1,102,1,3,60.0,0,I,MELB_URBAN,ROAD,3,22.0
90092,1,1,99,1,1,60.0,0,I,MELB_URBAN,ROAD,3,9.0
90093,1,5,130,1,1,60.0,0,I,SMALL_CITIES,STREET,3,16.0
90094,1,2,113,2,2,60.0,0,I,MELB_URBAN,ROAD,3,7.0
90095,1,1,113,2,1,80.0,0,I,MELB_URBAN,ROAD,3,13.0
90096,1,2,121,5,1,80.0,0,N,MELB_URBAN,ROAD,3,9.0
90097,6,6,99,5,5,100.0,0,N,RURAL_VICTORIA,ROAD,3,22.0
90098,1,1,99,5,1,80.0,0,N,MELB_URBAN,UNKNOWN,3,6.0
90099,1,3,99,1,9,60.0,0,N,MELB_URBAN,STREET,3,12.0
90100,4,0,173,5,3,60.0,0,N,MELB_URBAN,ROAD,3,6.0
90101,8,1,174,5,1,100.0,0,N,RURAL_VICTORIA,ROAD,3,11.0
90102,2,2,100,1,2,60.0,0,N,MELB_URBAN,ROAD,3,7.0
90103,4,5,173,5,1,100.0,0,N,RURAL_VICTORIA,ROAD,3,18.0
90104,1,2,120,2,1,70.0,0,N,MELB_URBAN,ROAD,3,13.0
90105,4,2,183,2,1,50.0,0,N,MELB_URBAN,STREET,3,15.0
90106,1,2,113,2,1,80.0,0,N,RURAL_VICTORIA,ROAD,3,15.0
90107,1,2,130,5,1,80.0,0,N,MELB_URBAN,ROAD,3,15.0
90108,1,2,140,2,1,60.0,0,I,MELB_URBAN,ROAD,3,17.0
90109,2,2,100,5,1,50.0,0,N,LARGE_PROVINCIAL_CITIES,STREET,3,15.0
90110,1,2,113,2,1,70.0,0,I,MELB_URBAN,ROAD,3,18.0
90111,1,2,121,1,2,80.0,0,I,MELB_URBAN,STREET,3,19.0
90112,1,2,113,2,1,70.0,0,I,MELB_URBAN,BOULEVARD,3,16.0
90113,8,0,170,5,1,60.0,0,N,RURAL_VICTORIA,HIGHWAY,3,13.0
90114,1,2,110,1,3,60.0,0,I,MELB_URBAN,ROAD,3,5.0
90115,6,2,99,5,5,60.0,0,N,RURAL_VICTORIA,ROAD,3,20.0
90116,1,2,110,1,3,60.0,0,I,SMALL_CITIES,STREET,3,6.0
90117,4,2,171,2,1,60.0,0,I,MELB_URBAN,STREET,3,13.0
90118,4,2,171,5,1,100.0,0,N,RURAL_VICTORIA,ROAD,3,19.0
90119,4,2,181,5,3,50.0,0,N,MELB_URBAN,BOULEVARD,3,6.0
90120,4,2,99,5,3,60.0,0,I,MELB_URBAN,STREET,3,22.0
90121,4,2,173,5,5,80.0,0,N,RURAL_VICTORIA,ROAD,3,5.0
90122,1,2,110,1,3,60.0,0,I,MELB_URBAN,STREET,3,22.0
90123,1,2,120,5,1,100.0,0,N,RURAL_VICTORIA,ROAD,3,18.0
90124,1,2,110,1,3,60.0,0,I,LARGE_PROVINCIAL_CITIES,STREET,3,23.0
90125,1,3,160,5,3,70.0,0,N,LARGE_PROVINCIAL_CITIES,HIGHWAY,3,5.0
90126,1,2,110,4,2,80.0,0,N,MELB_URBAN,RAMP,3,5.0
90127,4,1,181,5,1,80.0,0,N,RURAL_VICTORIA,HIGHWAY,3,9.0
90128,2,3,99,5,1,60.0,0,N,MELB_URBAN,UNKNOWN,3,7.0
90129,4,2,181,5,2,80.0,0,N,RURAL_VICTORIA,ROAD,3,6.0
90130,1,7,120,5,1,80.0,0,N,SMALL_TOWNS,ROAD,3,12.0
90131,1,2,99,1,1,60.0,0,I,LARGE_PROVINCIAL_CITIES,STREET,3,8.0
90132,1,1,147,5,2,40.0,0,N,MELBOURNE_CBD,OTHER,3,19.0
90133,4,2,183,5,2,60.0,0,N,SMALL_TOWNS,ROAD,3,17.0
90134,1,3,110,1,2,80.0,0,I,SMALL_CITIES,ROAD,3,7.0
90135,1,3,111,2,1,60.0,0,I,SMALL_CITIES,ROAD,3,8.0
90136,1,3,132,2,1,50.0,0,I,MELB_URBAN,STREET,3,9.0
90137,1,2,110,1,1,70.0,0,N,MELB_URBAN,ROAD,3,9.0
90138,2,2,100,2,1,40.0,0,I,MELB_URBAN,STREET,3,9.0
90139,8,3,174,1,3,40.0,0,N,MELB_URBAN,STREET,3,5.0
90140,1,2,130,5,1,80.0,0,N,MELB_URBAN,UNKNOWN,3,16.0
90141,1,5,110,1,1,60.0,0,N,MELB_URBAN,ROAD,3,14.0
90142,1,3,135,5,1,100.0,0,N,MELB_URBAN,UNKNOWN,3,8.0
90143,1,1,160,5,1,50.0,0,N,MELB_URBAN,STREET,3,17.0
90144,1,1,110,1,1,50.0,0,I,SMALL_CITIES,STREET,3,10.0
90145,1,3,121,1,1,70.0,0,I,MELB_URBAN,ROAD,3,13.0
90146,6,3,170,5,1,100.0,0,N,RURAL_VICTORIA,ROAD,3,8.0
90147,1,4,121,1,1,60.0,0,I,LARGE_PROVINCIAL_CITIES,STREET,3,11.0
90148,1,5,121,2,9,60.0,0,I,MELB_URBAN,STREET,2,8.0
90149,1,3,130,5,1,80.0,0,N,MELB_URBAN,FREEWAY,3,7.0
90150,1,2,99,1,9,60.0,0,I,MELB_URBAN,ROAD,3,13.0
90151,1,3,130,5,1,100.0,0,N,MELB_URBAN,FREEWAY,3,7.0
90152,4,3,171,2,1,60.0,0,N,MELB_URBAN,STREET,3,13.0
90153,1,3,99,1,1,60.0,0,N,MELB_URBAN,ROAD,3,11.0
90154,6,3,99,2,1,60.0,0,I,RURAL_VICTORIA,ROAD,2,17.0
90155,1,3,116,1,1,80.0,0,I,MELB_URBAN,ROAD,3,15.0
90156,1,3,134,5,1,60.0,0,N,MELB_URBAN,ROAD,3,14.0
90157,1,3,120,5,1,60.0,0,N,MELB_URBAN,ROAD,3,14.0
90158,1,3,116,2,1,60.0,0,I,MELB_URBAN,ROAD,3,16.0
90159,1,2,110,1,1,100.0,0,I,RURAL_VICTORIA,ROAD,3,17.0
90160,1,3,99,5,1,60.0,0,N,MELB_URBAN,STREET,3,14.0
90161,2,2,100,5,1,50.0,0,N,MELB_URBAN,DRIVE,3,16.0
90162,1,7,130,5,1,60.0,0,N,MELB_URBAN,STREET,3,14.0
90163,1,3,121,2,2,80.0,0,I,SMALL_CITIES,ROAD,3,18.0
90164,2,3,102,2,1,60.0,0,N,MELB_URBAN,ROAD,3,17.0
90165,4,2,173,2,1,60.0,0,N,MELB_URBAN,ROAD,3,16.0
90166,1,6,140,5,1,100.0,0,N,RURAL_VICTORIA,ROAD,3,12.0
90167,1,3,120,5,1,50.0,1,N,MELB_URBAN,STREET,3,17.0
90168,1,2,121,1,1,60.0,0,I,MELB_URBAN,ROAD,3,17.0
90169,1,3,160,5,2,60.0,0,N,MELB_URBAN,ROAD,3,18.0
90170,1,3,130,5,1,80.0,0,N,MELB_URBAN,OTHER,3,17.0
90171,4,3,183,5,1,80.0,0,N,RURAL_VICTORIA,ROAD,3,18.0
90172,1,3,110,1,1,60.0,0,I,MELB_URBAN,STREET,3,18.0
90173,1,3,121,2,1,60.0,0,I,MELB_URBAN,STREET,3,17.0
90174,1,4,132,2,3,50.0,0,I,MELB_URBAN,DRIVE,3,0.0
90175,2,5,99,5,1,40.0,0,N,MELB_URBAN,ROAD,3,12.0
90176,1,4,132,2,3,50.0,0,I,LARGE_PROVINCIAL_CITIES,ROAD,3,5.0
90177,6,3,170,5,5,100.0,0,N,RURAL_VICTORIA,ROAD,3,4.0
90178,4,4,99,2,5,100.0,0,I,RURAL_VICTORIA,ROAD,3,4.0
90179,1,4,110,1,1,50.0,0,I,MELB_URBAN,STREET,3,7.0
90180,1,4,99,2,1,80.0,0,I,MELB_URBAN,ROAD,3,8.0
90181,2,4,102,2,1,50.0,0,N,MELB_URBAN,ROAD,3,8.0
90182,1,4,120,5,1,100.0,0,N,RURAL_VICTORIA,HIGHWAY,3,8.0
90183,2,4,100,5,1,50.0,0,N,MELB_URBAN,STREET,3,10.0
90184,1,3,130,4,2,80.0,0,I,MELB_URBAN,ROAD,3,7.0
90185,1,4,121,5,1,60.0,0,N,LARGE_PROVINCIAL_CITIES,ROAD,3,10.0
90186,2,5,99,5,3,50.0,0,N,MELB_URBAN,BOULEVARD,7,20.0
90187,1,4,110,1,5,100.0,0,I,RURAL_VICTORIA,ROAD,3,7.0
90188,1,4,120,5,1,80.0,0,N,RURAL_VICTORIA,ROAD,3,12.0
90189,9,4,99,5,1,40.0,1,N,MELB_URBAN,STREET,3,9.0
90190,1,3,135,5,1,40.0,0,N,MELB_URBAN,ROAD,3,8.0
90191,1,4,110,1,1,50.0,0,I,TOWNS,AVENUE,3,11.0
90192,1,6,133,2,2,60.0,0,I,MELB_URBAN,ROAD,3,20.0
90193,1,4,130,2,1,60.0,0,N,MELB_URBAN,STREET,3,7.0
90194,1,4,99,1,1,40.0,0,I,MELB_URBAN,PARADE,3,9.0
90195,1,6,130,5,9,100.0,0,N,MELB_URBAN,FREEWAY,3,15.0
90196,4,4,173,5,1,60.0,0,N,MELB_URBAN,STREET,3,13.0
90197,3,4,167,5,1,100.0,0,N,RURAL_VICTORIA,HIGHWAY,3,13.0
90198,1,3,121,1,1,60.0,0,I,MELB_URBAN,STREET,3,18.0
90199,1,4,121,2,1,60.0,0,I,MELB_URBAN,STREET,3,13.0
90200,1,4,121,4,1,60.0,0,N,MELB_URBAN,RAMP,3,13.0
90201,1,3,116,2,1,60.0,0,I,MELB_URBAN,STREET,3,15.0
90202,1,6,130,1,9,60.0,0,I,TOWNS,ROAD,3,5.0
90203,1,4,113,2,1,80.0,0,I,MELB_URBAN,ROAD,3,15.0
90204,1,4,120,5,1,80.0,0,N,RURAL_VICTORIA,ROAD,3,13.0
90205,4,4,171,5,1,100.0,0,N,RURAL_VICTORIA,ROAD,3,15.0
90206,2,3,100,1,3,60.0,0,N,MELB_URBAN,ROAD,3,21.0
90207,4,3,99,5,1,50.0,0,N,LARGE_PROVINCIAL_CITIES,DRIVE,3,16.0
90208,1,4,110,1,1,60.0,0,I,TOWNS,STREET,3,15.0
90209,1,3,113,2,1,60.0,0,I,MELB_URBAN,ROAD,3,16.0
90210,2,4,102,1,1,50.0,0,I,SMALL_CITIES,STREET,3,17.0
90211,1,4,116,1,3,80.0,0,I,MELB_URBAN,ROAD,3,19.0
90212,4,4,99,5,3,50.0,0,N,MELB_URBAN,AVENUE,3,19.0
90213,1,4,132,2,3,60.0,0,N,MELB_URBAN,STREET,3,20.0
90214,1,3,99,1,1,70.0,0,I,MELB_URBAN,ROAD,3,18.0
90215,1,4,130,5,3,50.0,0,N,MELB_URBAN,ROAD,3,19.0
90216,4,4,181,2,5,50.0,0,N,RURAL_VICTORIA,ROAD,3,19.0
90217,1,4,121,1,1,60.0,0,I,MELB_URBAN,ROAD,3,16.0
90218,8,4,170,5,5,100.0,0,N,RURAL_VICTORIA,ROAD,3,5.0
90219,1,4,121,2,1,40.0,0,I,MELB_URBAN,STREET,3,18.0
90220,1,2,110,1,1,60.0,0,I,TOWNS,STREET,1,7.0
90221,4,6,181,5,1,100.0,0,N,RURAL_VICTORIA,ROAD,3,19.0
90222,1,5,133,5,9,40.0,0,N,MELB_URBAN,PARADE,3,7.0
90223,1,6,99,5,2,60.0,0,N,MELB_URBAN,STREET,3,18.0
90224,6,4,170,1,1,100.0,0,I,RURAL_VICTORIA,ROAD,11,15.0
90225,1,4,130,2,1,60.0,0,I,MELB_URBAN,ROAD,3,7.0