,accident_type,day_of_week,dca_code,road_geometry,light_condition,speed_zone,severity,node_type,deg_urban_name,road_type,month,hour
90226,1,4,99,5,1,110.0,0,N,RURAL_VICTORIA,HIGHWAY,3,8.0
90227,2,5,99,2,1,40.0,0,N,MELB_URBAN,ROAD,3,8.0
90228,1,5,99,1,1,100.0,0,I,RURAL_VICTORIA,HIGHWAY,3,9.0
90229,1,5,113,2,1,100.0,0,I,RURAL_VICTORIA,HIGHWAY,3,8.0
90230,1,5,163,5,1,60.0,0,N,MELB_URBAN,ROAD,3,9.0
90231,1,5,147,5,1,50.0,0,N,MELB_URBAN,ROAD,3,11.0
90232,1,5,110,4,1,60.0,0,I,LARGE_PROVINCIAL_CITIES,ROAD,3,13.0
90233,1,5,140,5,1,50.0,0,N,MELB_URBAN,STREET,3,10.0
90234,1,5,121,1,1,60.0,0,I,MELB_URBAN,STREET,3,14.0
90235,2,5,99,5,1,50.0,0,N,SMALL_CITIES,STREET,3,11.0
90236,1,5,135,5,1,60.0,0,N,MELB_URBAN,ROAD,3,13.0
90237,1,4,121,2,1,100.0,0,I,RURAL_VICTORIA,ROAD,3,15.0
90238,1,4,163,5,1,40.0,0,N,MELBOURNE_CBD,STREET,3,8.0
90239,2,4,100,1,1,60.0,0,I,MELB_URBAN,ROAD,3,14.0
90240,4,5,171,5,1,100.0,0,N,RURAL_VICTORIA,HIGHWAY,3,12.0
90241,1,3,135,5,9,100.0,0,N,MELB_URBAN,FREEWAY,3,7.0
90242,2,5,100,2,1,60.0,0,N,MELB_URBAN,ROAD,3,16.0
90243,6,5,170,5,1,80.0,0,N,RURAL_VICTORIA,DRIVE,3,15.0
90244,1,5,113,2,1,60.0,0,I,MELB_URBAN,STREET,3,14.0
90245,1,5,99,1,1,40.0,0,I,MELB_URBAN,STREET,3,16.0
90246,1,0,130,5,1,40.0,0,N,MELB_URBAN,ROAD,2,14.0
90247,1,5,99,1,2,40.0,0,I,MELB_URBAN,OTHER,3,18.0
90248,1,5,133,1,1,50.0,0,I,MELB_URBAN,ROAD,3,17.0
90249,1,5,132,2,1,60.0,0,I,MELB_URBAN,ROAD,3,18.0
90250,6,5,99,5,2,100.0,0,N,RURAL_VICTORIA,ROAD,3,19.0
90251,1,5,130,5,1,80.0,0,N,MELB_URBAN,OTHER,3,17.0
90252,1,5,121,1,3,60.0,0,I,MELB_URBAN,ROAD,3,4.0
90253,4,4,173,5,1,100.0,0,N,MELB_URBAN,UNKNOWN,3,17.0
90254,1,5,130,5,1,100.0,0,N,MELB_URBAN,FREEWAY,3,15.0
90255,4,5,171,5,1,60.0,0,N,MELB_URBAN,ROAD,3,19.0
90256,1,3,135,1,1,60.0,0,N,MELB_URBAN,ROAD,3,15.0
90257,4,5,171,5,5,70.0,0,N,MELB_URBAN,ROAD,3,20.0
90258,4,5,173,1,2,60.0,0,I,SMALL_CITIES,STREET,3,6.0
90259,1,4,110,1,3,80.0,0,I,MELB_URBAN,ROAD,3,22.0
90260,1,5,99,5,3,50.0,0,N,MELB_URBAN,DRIVE,3,23.0
90261,1,4,130,5,3,80.0,0,N,MELB_URBAN,ROAD,3,23.0
90262,1,6,160,5,3,50.0,0,N,MELB_URBAN,STREET,3,6.0
90263,1,5,120,5,1,100.0,0,N,RURAL_VICTORIA,HIGHWAY,3,8.0
90264,1,6,132,5,1,60.0,0,N,TOWNS,STREET,3,9.0
90265,1,3,99,5,6,60.0,0,N,MELB_URBAN,AVENUE,2,6.0
90266,6,6,170,5,1,100.0,0,N,RURAL_VICTORIA,ROAD,3,10.0
90267,1,6,132,2,1,80.0,0,I,RURAL_VICTORIA,ROAD,3,10.0
90268,3,4,167,2,1,60.0,0,I,RURAL_VICTORIA,ROAD,3,16.0
90269,6,6,174,1,1,40.0,0,O,SMALL_TOWNS,STREET,3,9.0
90270,1,4,130,5,2,80.0,0,N,MELB_URBAN,ROAD,3,18.0
90271,4,6,171,3,1,80.0,0,I,RURAL_VICTORIA,ROAD,3,12.0
90272,6,6,170,5,1,100.0,0,N,RURAL_VICTORIA,ROAD,3,12.0
90273,6,6,99,5,1,100.0,0,N,RURAL_VICTORIA,ROAD,3,9.0
90274,7,6,99,1,1,60.0,0,I,MELB_URBAN,ROAD,3,13.0
90275,1,6,140,1,1,60.0,0,I,MELB_URBAN,STREET,3,14.0
90276,1,2,130,5,1,60.0,0,N,MELB_URBAN,AVENUE,3,16.0
90277,4,6,183,5,1,100.0,0,N,RURAL_VICTORIA,OTHER,3,9.0
90278,6,6,170,5,1,70.0,0,N,LARGE_PROVINCIAL_CITIES,HIGHWAY,3,12.0
90279,1,3,113,2,1,50.0,0,I,SMALL_CITIES,STREET,3,18.0
90280,1,6,130,5,1,80.0,0,N,MELB_URBAN,FREEWAY,3,13.0
90281,8,6,170,5,1,70.0,0,N,SMALL_CITIES,ROAD,3,14.0
90282,1,6,111,1,1,60.0,0,I,LARGE_PROVINCIAL_CITIES,ROAD,3,10.0
90283,4,2,171,5,2,100.0,0,N,RURAL_VICTORIA,ROAD,3,6.0
90284,1,6,99,5,1,60.0,0,N,MELB_URBAN,BOULEVARD,3,12.0
90285,1,5,130,5,1,60.0,0,N,MELB_URBAN,ROAD,3,17.0
90286,1,6,110,1,1,60.0,0,I,SMALL_TOWNS,HIGHWAY,3,13.0
90287,1,4,140,2,3,40.0,0,I,MELB_URBAN,STREET,3,20.0
90288,4,6,171,5,1,110.0,0,N,RURAL_VICTORIA,FREEWAY,3,15.0
90289,4,6,173,5,1,100.0,0,N,RURAL_VICTORIA,HIGHWAY,3,16.0
90290,1,6,99,1,3,40.0,0,I,MELB_URBAN,ROAD,3,19.0
90291,1,0,121,2,1,60.0,0,I,MELB_URBAN,AVENUE,3,10.0
90292,2,6,102,5,1,60.0,0,N,MELB_URBAN,ROAD,3,18.0
90293,1,6,134,5,3,80.0,0,N,MELB_URBAN,FREEWAY,3,20.0
90294,1,6,99,1,1,60.0,0,I,MELB_URBAN,OTHER,3,18.0
90295,1,5,110,1,1,80.0,0,I,RURAL_VICTORIA,ROAD,3,19.0
90296,4,6,181,2,5,100.0,0,I,RURAL_VICTORIA,ROAD,3,21.0
90297,4,6,183,5,1,60.0,0,N,MELB_URBAN,ROAD,3,16.0
90298,6,6,174,5,1,60.0,0,N,MELB_URBAN,ROAD,3,15.0
90299,6,5,174,2,3,80.0,0,I,MELB_URBAN,STREET,3,21.0
90300,4,6,181,2,1,50.0,0,N,MELB_URBAN,DRIVE,3,16.0
90301,1,6,99,2,3,60.0,0,I,MELB_URBAN,STREET,3,21.0
90302,1,3,130,5,1,60.0,0,N,MELB_URBAN,HIGHWAY,3,18.0
90303,6,6,170,5,1,100.0,0,N,RURAL_VICTORIA,HIGHWAY,3,18.0
90304,1,6,116,1,1,100.0,0,I,RURAL_VICTORIA,HIGHWAY,3,10.0
90305,1,7,110,1,1,50.0,0,I,MELB_URBAN,ROAD,3,8.0
90306,1,7,121,2,1,40.0,0,I,MELB_URBAN,STREET,3,9.0
90307,1,7,130,5,1,80.0,0,N,RURAL_VICTORIA,ROAD,3,12.0
90308,8,7,170,5,1,80.0,0,N,TOWNS,ROAD,3,11.0
90309,4,7,181,5,1,100.0,0,N,RURAL_VICTORIA,ROAD,3,10.0
90310,1,6,135,2,1,60.0,0,I,SMALL_CITIES,ROAD,3,11.0
90311,1,7,121,1,1,50.0,0,I,SMALL_CITIES,ROAD,3,12.0
90312,1,7,181,2,1,80.0,0,I,MELB_URBAN,ROAD,3,10.0
90313,6,6,174,5,1,60.0,0,N,RURAL_VICTORIA,OTHER,3,19.0
90314,4,7,181,5,1,100.0,0,N,RURAL_VICTORIA,ROAD,3,12.0
90315,2,3,99,1,1,50.0,0,I,MELB_URBAN,STREET,3,19.0
90316,1,7,113,2,1,80.0,0,N,MELB_URBAN,HIGHWAY,3,15.0
90317,1,7,121,5,1,60.0,0,N,SMALL_CITIES,ROAD,3,13.0
90318,1,7,110,1,1,100.0,0,I,RURAL_VICTORIA,ROAD,3,14.0
90319,1,7,120,5,1,60.0,0,N,RURAL_VICTORIA,ROAD,3,16.0
90320,1,7,121,2,1,50.0,0,I,RURAL_VICTORIA,BOULEVARD,3,15.0
90321,4,7,173,2,1,80.0,0,N,RURAL_VICTORIA,ROAD,3,15.0
90322,1,6,130,5,1,60.0,0,N,RURAL_VICTORIA,HIGHWAY,3,16.0
90323,1,7,120,5,1,60.0,0,N,SMALL_TOWNS,ROAD,3,15.0
90324,1,7,121,1,2,60.0,0,I,MELB_URBAN,STREET,3,18.0
90325,1,6,99,5,2,100.0,0,N,RURAL_VICTORIA,OTHER,3,18.0
90326,7,7,99,5,1,100.0,0,N,RURAL_VICTORIA,OTHER,3,13.0
90327,1,7,121,1,2,80.0,0,I,MELB_URBAN,HIGHWAY,3,18.0
90328,1,7,110,1,1,40.0,0,I,MELB_URBAN,STREET,3,16.0
90329,1,7,120,5,1,100.0,1,N,RURAL_VICTORIA,ROAD,3,14.0
90330,1,7,160,5,5,60.0,0,N,MELB_URBAN,ROAD,3,2.0
90331,4,7,181,5,1,100.0,0,N,RURAL_VICTORIA,ROAD,3,18.0
90332,4,7,171,5,1,80.0,0,N,MELB_URBAN,ROAD,3,16.0
90333,1,7,110,1,3,60.0,0,I,RURAL_VICTORIA,HIGHWAY,3,20.0
90334,4,7,181,5,2,100.0,0,N,RURAL_VICTORIA,ROAD,3,19.0
90335,1,6,130,5,3,80.0,0,N,MELB_URBAN,ROAD,3,21.0
90336,4,0,183,5,5,100.0,0,N,RURAL_VICTORIA,OTHER,4,0.0
90337,4,0,173,5,5,60.0,0,N,RURAL_VICTORIA,ROAD,4,2.0
90338,2,2,100,1,1,40.0,0,I,MELB_URBAN,ROAD,3,15.0
90339,1,7,130,5,3,50.0,0,I,MELB_URBAN,STREET,3,21.0
90340,1,1,99,5,1,60.0,0,N,MELB_URBAN,STREET,4,8.0
90341,1,0,130,5,1,100.0,0,I,MELB_URBAN,UNKNOWN,4,11.0
90342,1,1,130,5,1,70.0,0,N,MELB_URBAN,ROAD,4,11.0
90343,1,0,134,5,1,70.0,0,N,MELB_URBAN,ROAD,4,11.0
90344,8,7,174,1,1,60.0,0,I,SMALL_CITIES,STREET,3,15.0
90345,1,1,110,1,1,60.0,0,I,SMALL_CITIES,STREET,4,13.0
90346,1,1,140,2,1,60.0,0,I,MELB_URBAN,ROAD,4,12.0
90347,1,6,99,5,3,50.0,0,N,SMALL_TOWNS,STREET,3,19.0
90348,1,1,121,1,1,60.0,0,I,MELB_URBAN,STREET,3,10.0
90349,1,1,120,5,1,100.0,0,N,RURAL_VICTORIA,ROAD,4,12.0
90350,1,1,130,5,1,80.0,0,N,MELB_URBAN,HIGHWAY,4,15.0
90351,1,1,130,2,1,70.0,0,I,MELB_URBAN,ROAD,4,14.0
90352,2,0,99,1,1,40.0,0,I,MELB_URBAN,STREET,4,17.0
90353,1,1,113,2,1,50.0,0,I,MELB_URBAN,ROAD,4,18.0
90354,6,4,99,2,9,60.0,0,I,MELB_URBAN,ROAD,3,17.0
90355,4,1,171,1,5,80.0,0,I,RURAL_VICTORIA,ROAD,4,19.0
90356,1,1,121,1,3,60.0,0,I,LARGE_PROVINCIAL_CITIES,STREET,4,21.0
90357,4,0,171,1,3,50.0,0,N,MELB_URBAN,STREET,4,23.0
90358,8,2,99,5,5,60.0,0,N,SMALL_TOWNS,ROAD,4,2.0
90359,1,2,130,1,3,80.0,0,I,MELB_URBAN,ROAD,4,1.0
90360,1,5,130,5,9,80.0,0,N,MELB_URBAN,FREEWAY,3,17.0
90361,4,0,171,2,3,40.0,0,I,MELB_URBAN,OTHER,4,20.0
90362,4,2,171,5,1,80.0,0,N,MELB_URBAN,OTHER,4,7.0
90363,2,5,99,5,1,60.0,0,N,LARGE_PROVINCIAL_CITIES,ROAD,3,13.0
90364,6,7,174,2,1,60.0,0,I,MELB_URBAN,ROAD,3,11.0
90365,1,1,120,2,1,50.0,0,I,LARGE_PROVINCIAL_CITIES,AVENUE,4,18.0
90366,4,2,173,2,1,60.0,0,I,LARGE_PROVINCIAL_CITIES,ROAD,4,7.0
90367,1,2,121,4,1,60.0,0,I,MELB_URBAN,ROAD,4,9.0
90368,1,1,160,5,1,60.0,0,N,MELB_URBAN,ROAD,4,8.0
90369,3,6,167,5,5,80.0,0,N,RURAL_VICTORIA,ROAD,3,21.0
90370,4,2,171,2,1,60.0,0,N,MELB_URBAN,STREET,4,11.0
90371,1,2,113,2,1,60.0,0,I,MELB_URBAN,HIGHWAY,4,12.0
90372,6,2,174,5,1,60.0,0,N,RURAL_VICTORIA,ROAD,4,11.0
90373,1,2,121,1,1,60.0,0,N,MELB_URBAN,STREET,4,13.0
90374,4,2,181,1,1,80.0,0,I,RURAL_VICTORIA,ROAD,4,11.0
90375,1,2,110,1,1,60.0,0,I,MELB_URBAN,STREET,4,13.0
90376,6,2,99,5,1,80.0,0,N,MELB_URBAN,HIGHWAY,4,13.0
90377,2,2,100,5,1,100.0,0,N,RURAL_VICTORIA,ROAD,4,13.0
90378,4,2,183,5,1,80.0,0,N,RURAL_VICTORIA,ROAD,4,11.0
90379,1,2,110,1,1,80.0,0,I,MELB_URBAN,ROAD,4,15.0
90380,1,2,121,1,1,60.0,0,I,MELB_URBAN,ROAD,4,15.0
90381,1,2,130,2,1,80.0,0,I,RURAL_VICTORIA,ROAD,4,14.0
90382,1,1,121,4,1,80.0,0,I,SMALL_TOWNS,ROAD,4,16.0
90383,1,6,110,1,1,80.0,0,I,RURAL_VICTORIA,ROAD,3,13.0
90384,4,2,183,5,1,60.0,0,N,RURAL_VICTORIA,OTHER,4,15.0
90385,1,2,130,5,1,100.0,0,N,RURAL_VICTORIA,ROAD,4,12.0
90386,1,2,130,5,1,100.0,0,N,TOWNS,HIGHWAY,4,15.0
90387,1,2,160,5,2,50.0,0,N,MELB_URBAN,ROAD,4,18.0
90388,1,2,147,5,1,60.0,0,N,MELB_URBAN,ROAD,4,17.0
90389,1,2,110,1,5,50.0,0,I,MELB_URBAN,STREET,4,18.0
90390,8,2,99,5,1,100.0,0,N,RURAL_VICTORIA,ROAD,4,15.0
90391,1,2,121,2,1,50.0,0,I,MELB_URBAN,STREET,4,17.0
90392,1,2,121,1,3,60.0,0,I,MELB_URBAN,ROAD,4,18.0
90393,1,2,140,5,1,90.0,0,N,RURAL_VICTORIA,DRIVE,4,17.0
90394,1,2,99,2,1,60.0,0,I,TOWNS,AVENUE,4,17.0
90395,1,2,130,2,1,70.0,0,N,MELB_URBAN,STREET,4,17.0
90396,1,2,130,5,1,80.0,0,N,MELB_URBAN,HIGHWAY,3,15.0
90397,1,3,99,5,1,60.0,0,N,MELB_URBAN,ROAD,4,9.0
90398,1,2,99,2,1,60.0,0,I,MELB_URBAN,ROAD,4,15.0
90399,1,3,120,5,1,80.0,0,N,RURAL_VICTORIA,ROAD,4,7.0
90400,1,3,134,5,1,100.0,0,N,MELB_URBAN,ROAD,4,7.0
90401,8,6,99,5,1,60.0,0,N,RURAL_VICTORIA,ROAD,3,15.0
90402,6,6,174,2,9,60.0,0,N,LARGE_PROVINCIAL_CITIES,ROAD,3,17.0
90403,1,3,130,5,1,60.0,0,N,MELB_URBAN,ROAD,4,13.0
90404,1,7,120,5,1,80.0,0,N,RURAL_VICTORIA,ROAD,3,17.0
90405,1,3,121,2,1,70.0,0,I,SMALL_CITIES,HIGHWAY,4,12.0
90406,4,2,173,5,1,100.0,0,N,RURAL_VICTORIA,ROAD,4,16.0
90407,1,0,130,1,1,60.0,0,I,MELB_URBAN,ROAD,4,15.0
90408,1,5,130,5,1,60.0,0,N,MELB_URBAN,ROAD,3,14.0
90409,8,3,99,5,1,80.0,0,N,RURAL_VICTORIA,ROAD,4,14.0
90410,1,3,116,2,1,60.0,0,I,LARGE_PROVINCIAL_CITIES,ROAD,12,8.0
90411,1,4,121,1,3,50.0,0,I,MELBOURNE_CBD,STREET,12,22.0
90412,6,3,174,5,1,50.0,0,N,MELB_URBAN,ROAD,3,12.0
90413,1,3,111,2,1,40.0,0,I,LARGE_PROVINCIAL_CITIES,DRIVE,4,16.0
90414,1,3,121,5,1,60.0,0,N,MELB_URBAN,ROAD,1,17.0
90415,8,5,99,5,1,60.0,0,N,RURAL_VICTORIA,ROAD,3,14.0
90416,2,3,102,5,1,70.0,0,N,MELB_URBAN,ROAD,4,16.0
90417,1,3,163,5,9,40.0,0,N,MELB_URBAN,STREET,4,18.0
90418,1,3,130,5,1,80.0,0,N,RURAL_VICTORIA,HIGHWAY,4,15.0
90419,1,3,135,2,1,60.0,0,I,MELB_URBAN,ROAD,4,17.0
90420,1,2,110,1,3,40.0,0,I,MELB_URBAN,STREET,4,19.0
90421,1,3,121,2,1,50.0,0,I,MELB_URBAN,STREET,4,16.0
90422,4,3,171,5,5,80.0,0,N,RURAL_VICTORIA,ROAD,4,20.0
90423,1,3,121,5,1,80.0,0,I,MELB_URBAN,HIGHWAY,4,16.0
90424,1,3,130,2,3,60.0,0,N,MELB_URBAN,ROAD,4,20.0
90425,4,3,171,5,3,80.0,0,N,MELB_URBAN,STREET,4,23.0
90426,4,3,171,2,1,100.0,0,I,RURAL_VICTORIA,ROAD,4,18.0
90427,1,1,99,5,3,60.0,0,N,SMALL_CITIES,STREET,2,1.0
90428,1,3,99,2,2,50.0,0,I,MELB_URBAN,AVENUE,4,6.0
90429,1,4,116,2,1,60.0,0,I,MELB_URBAN,ROAD,4,7.0
90430,2,4,100,1,1,60.0,0,I,MELB_URBAN,ROAD,4,8.0
90431,1,4,130,1,1,80.0,0,N,MELB_URBAN,HIGHWAY,4,9.0
90432,1,4,110,1,1,80.0,0,I,TOWNS,HIGHWAY,4,9.0
90433,1,4,121,4,1,80.0,0,N,MELB_URBAN,ROAD,4,8.0
90434,4,2,181,5,1,100.0,0,N,RURAL_VICTORIA,ROAD,3,13.0
90435,1,4,135,2,1,80.0,0,I,MELB_URBAN,ROAD,4,9.0
90436,2,6,99,5,9,60.0,0,N,MELBOURNE_CBD,STREET,11,21.0
90437,1,4,140,5,2,70.0,0,N,MELB_URBAN,ROAD,3,18.0
90438,1,5,116,2,9,50.0,0,I,MELB_URBAN,ROAD,3,12.0
90439,4,7,181,5,3,100.0,0,N,MELB_URBAN,FREEWAY,3,3.0
90440,1,4,121,1,1,40.0,0,I,MELB_URBAN,STREET,4,13.0
90441,1,4,130,5,1,60.0,0,N,MELB_URBAN,ROAD,2,10.0
90442,1,3,130,5,1,80.0,0,N,LARGE_PROVINCIAL_CITIES,HIGHWAY,4,8.0
90443,1,4,163,5,1,40.0,0,N,MELB_URBAN,STREET,4,11.0
90444,1,4,130,1,1,60.0,0,I,LARGE_PROVINCIAL_CITIES,ROAD,4,12.0
90445,1,4,99,5,1,40.0,0,N,MELB_URBAN,STREET,4,12.0
90446,1,4,121,2,1,60.0,0,I,SMALL_CITIES,HIGHWAY,4,10.0
90447,1,7,99,5,1,100.0,0,N,RURAL_VICTORIA,ROAD,3,15.0
90448,2,4,100,2,1,50.0,0,I,MELB_URBAN,ROAD,4,16.0
90449,1,4,111,1,1,100.0,0,I,RURAL_VICTORIA,ROAD,4,15.0
90450,1,5,130,5,1,60.0,0,N,MELB_URBAN,RAMP,3,10.0
90451,1,3,120,5,1,40.0,0,N,MELB_URBAN,STREET,4,16.0
90452,1,4,135,5,2,60.0,0,N,MELB_URBAN,STREET,4,18.0
90453,1,4,130,5,1,60.0,0,N,MELB_URBAN,STREET,4,15.0
90454,1,4,121,1,1,60.0,0,I,MELB_URBAN,ROAD,4,17.0
90455,1,4,121,1,1,80.0,0,I,MELB_URBAN,ROAD,4,16.0
90456,1,4,134,1,1,60.0,0,I,MELB_URBAN,ROAD,4,17.0
90457,1,3,163,5,1,40.0,0,N,LARGE_PROVINCIAL_CITIES,STREET,4,14.0
90458,2,4,100,1,1,60.0,0,N,MELB_URBAN,ROAD,4,16.0
90459,1,4,121,2,2,60.0,0,I,MELB_URBAN,ROAD,4,17.0
90460,2,3,102,5,1,60.0,0,N,MELB_URBAN,STREET,4,18.0
90461,2,3,100,1,1,60.0,0,I,MELB_URBAN,STREET,4,16.0
90462,1,3,130,5,5,110.0,0,N,RURAL_VICTORIA,FREEWAY,4,5.0
90463,1,4,135,1,6,60.0,0,I,MELB_URBAN,STREET,3,0.0
90464,1,4,130,2,1,60.0,0,I,MELB_URBAN,ROAD,4,12.0
90465,1,5,99,1,1,60.0,0,I,LARGE_PROVINCIAL_CITIES,STREET,4,9.0
90466,1,5,134,5,1,40.0,0,N,MELB_URBAN,STREET,4,7.0
90467,1,5,130,5,1,100.0,0,N,MELB_URBAN,ROAD,4,7.0
90468,1,5,113,2,1,80.0,0,I,RURAL_VICTORIA,ROAD,4,9.0
90469,6,5,99,2,3,50.0,0,I,MELB_URBAN,OTHER,3,23.0
90470,1,5,110,1,1,50.0,0,I,SMALL_CITIES,STREET,4,12.0
90471,6,5,174,5,1,80.0,0,N,MELB_URBAN,FREEWAY,4,11.0
90472,1,4,132,2,1,60.0,0,I,MELB_URBAN,UNKNOWN,4,13.0
90473,1,4,132,2,1,60.0,0,I,RURAL_VICTORIA,ROAD,4,12.0
90474,1,5,120,5,1,100.0,1,N,RURAL_VICTORIA,HIGHWAY,4,9.0
90475,1,3,163,5,1,40.0,0,N,MELB_URBAN,STREET,4,17.0
90476,4,2,99,5,1,70.0,0,N,LARGE_PROVINCIAL_CITIES,STREET,3,17.0
90477,1,5,147,5,1,60.0,0,N,MELB_URBAN,ROAD,4,7.0
90478,1,5,130,5,1,60.0,0,N,MELB_URBAN,STREET,4,15.0
90479,8,1,99,4,3,40.0,0,I,MELB_URBAN,ROAD,3,20.0
90480,1,5,160,2,1,80.0,0,I,MELB_URBAN,ROAD,4,13.0
90481,4,5,99,5,1,80.0,0,N,RURAL_VICTORIA,HIGHWAY,4,11.0
90482,1,5,110,1,1,100.0,0,I,RURAL_VICTORIA,FREEWAY,4,14.0
90483,1,5,132,2,1,60.0,0,I,RURAL_VICTORIA,OTHER,4,15.0
90484,1,4,110,1,3,60.0,0,I,MELB_URBAN,STREET,4,19.0
90485,2,5,100,5,1,80.0,1,N,MELB_URBAN,ROAD,4,13.0
90486,1,5,121,1,1,80.0,0,I,MELB_URBAN,ROAD,4,13.0
90487,1,4,133,5,9,60.0,0,N,MELB_URBAN,RAMP,11,16.0
90488,2,1,99,1,3,60.0,0,I,MELB_URBAN,STREET,4,20.0
90489,1,5,113,2,1,100.0,0,I,RURAL_VICTORIA,OTHER,4,16.0
90490,7,4,99,5,2,50.0,0,N,MELB_URBAN,OTHER,4,20.0
90491,1,5,130,5,1,70.0,0,N,MELB_URBAN,ROAD,4,17.0
90492,1,3,130,5,1,60.0,0,N,SMALL_CITIES,DRIVE,3,17.0
90493,9,7,99,5,3,60.0,0,UNKNOWN,UNKNOWN,UNKNOWN,9,4.0
90494,4,5,173,5,1,100.0,0,N,RURAL_VICTORIA,ROAD,4,17.0
90495,1,5,113,1,1,100.0,0,I,RURAL_VICTORIA,HIGHWAY,4,13.0
90496,1,5,120,2,1,60.0,0,N,MELB_URBAN,STREET,4,16.0
90497,1,5,132,2,3,60.0,0,I,SMALL_CITIES,ROAD,4,18.0
90498,1,5,130,5,3,80.0,0,N,MELB_URBAN,FREEWAY,4,18.0
90499,1,5,130,2,1,60.0,0,I,RURAL_VICTORIA,OTHER,4,16.0
90500,1,5,121,1,3,60.0,0,I,MELB_URBAN,STREET,4,22.0
90501,2,5,100,2,3,80.0,0,I,MELB_URBAN,HIGHWAY,4,18.0
90502,1,5,99,2,1,60.0,0,I,MELB_URBAN,ROAD,4,17.0
90503,4,5,99,2,3,80.0,0,I,RURAL_VICTORIA,HIGHWAY,4,22.0
90504,6,5,170,2,3,60.0,0,I,MELB_URBAN,BOULEVARD,4,22.0
90505,1,5,120,5,1,50.0,0,N,SMALL_CITIES,STREET,3,15.0
90506,1,6,130,5,1,100.0,0,N,MELB_URBAN,FREEWAY,4,6.0
90507,3,1,167,5,2,100.0,0,N,RURAL_VICTORIA,ROAD,3,19.0
90508,1,4,134,5,1,80.0,0,N,MELB_URBAN,OTHER,3,14.0
90509,8,3,174,2,1,60.0,0,I,MELB_URBAN,ROAD,4,16.0
90510,1,5,133,5,1,40.0,0,N,LARGE_PROVINCIAL_CITIES,STREET,4,11.0
90511,2,6,100,2,1,40.0,0,N,MELB_URBAN,ROAD,4,8.0
90512,1,6,130,1,1,80.0,0,I,MELB_URBAN,ROAD,4,10.0
90513,1,4,121,2,3,60.0,0,I,MELB_URBAN,STREET,4,18.0
90514,1,5,121,2,1,80.0,0,I,RURAL_VICTORIA,ROAD,4,8.0
90515,1,5,130,5,1,80.0,0,N,MELB_URBAN,ROAD,4,14.0
90516,8,6,99,5,1,50.0,0,N,MELB_URBAN,AVENUE,4,13.0
90517,1,6,110,1,1,50.0,0,I,LARGE_PROVINCIAL_CITIES,HIGHWAY,4,13.0
90518,1,5,130,5,1,80.0,0,N,MELB_URBAN,ROAD,4,13.0
90519,1,5,99,5,3,100.0,0,N,MELB_URBAN,RAMP,4,22.0
90520,1,6,99,5,1,50.0,0,N,TOWNS,STREET,4,13.0
90521,1,3,130,1,2,60.0,0,I,MELB_URBAN,HIGHWAY,4,17.0
90522,1,2,130,1,1,40.0,0,I,LARGE_PROVINCIAL_CITIES,STREET,4,8.0
90523,1,5,130,1,3,70.0,0,I,MELB_URBAN,ROAD,4,20.0
90524,2,4,99,5,1,30.0,0,N,MELB_URBAN,STREET,3,12.0
90525,1,6,120,5,1,100.0,0,N,RURAL_VICTORIA,ROAD,4,12.0
90526,8,6,170,5,1,100.0,0,N,RURAL_VICTORIA,ROAD,4,14.0
90527,1,4,163,5,9,60.0,0,N,MELB_URBAN,STREET,4,19.0
90528,5,1,99,5,1,70.0,0,N,MELB_URBAN,ROAD,12,11.0
90529,1,5,160,2,1,50.0,0,N,SMALL_CITIES,DRIVE,4,15.0
90530,1,4,160,5,3,50.0,0,N,TOWNS,STREET,4,18.0
90531,1,6,99,1,1,50.0,0,I,MELB_URBAN,ROAD,4,14.0
90532,1,5,130,1,1,60.0,0,N,LARGE_PROVINCIAL_CITIES,STREET,4,14.0
90533,1,7,130,1,1,60.0,0,I,MELB_URBAN,UNKNOWN,3,13.0
90534,1,6,99,5,1,50.0,0,N,TOWNS,STREET,4,16.0
90535,1,6,111,2,1,80.0,0,I,TOWNS,HIGHWAY,4,17.0
90536,2,5,102,1,3,60.0,0,I,SMALL_CITIES,HIGHWAY,4,19.0
90537,1,5,99,2,1,40.0,0,I,MELB_URBAN,UNKNOWN,4,14.0
90538,1,5,160,5,3,50.0,0,N,MELB_URBAN,ROAD,4,18.0
90539,1,6,173,5,1,60.0,0,I,LARGE_PROVINCIAL_CITIES,STREET,4,16.0
90540,1,6,130,1,1,50.0,0,N,MELB_URBAN,ROAD,4,12.0
90541,1,6,121,5,1,80.0,0,N,MELB_URBAN,HIGHWAY,4,17.0
90542,1,6,113,1,1,60.0,0,I,MELB_URBAN,DRIVE,4,15.0
90543,1,6,140,1,3,60.0,0,I,MELB_URBAN,STREET,4,20.0
90544,1,5,130,5,1,100.0,0,N,RURAL_VICTORIA,HIGHWAY,4,17.0
90545,1,6,113,2,3,50.0,0,I,MELB_URBAN,HIGHWAY,4,18.0
90546,2,6,100,2,3,60.0,0,N,LARGE_PROVINCIAL_CITIES,STREET,4,21.0
90547,1,5,121,1,3,60.0,0,I,MELB_URBAN,ROAD,4,20.0
90548,1,6,113,2,3,60.0,0,I,MELB_URBAN,ROAD,4,18.0
90549,8,5,174,5,1,40.0,0,N,MELB_URBAN,STREET,4,17.0
90550,1,6,110,1,1,40.0,0,I,MELB_URBAN,STREET,4,16.0
90551,1,6,132,2,5,80.0,0,I,RURAL_VICTORIA,ROAD,4,20.0
90552,4,5,173,5,5,50.0,0,N,RURAL_VICTORIA,ROAD,4,21.0
90553,1,6,113,2,3,60.0,0,I,SMALL_CITIES,STREET,4,22.0
90554,1,6,99,5,3,50.0,0,N,MELB_URBAN,ROAD,4,22.0
90555,4,6,171,5,5,100.0,0,N,RURAL_VICTORIA,ROAD,4,3.0