,accident_type,day_of_week,dca_code,road_geometry,light_condition,speed_zone,severity,node_type,deg_urban_name,road_type,month,hour
90556,1,5,120,2,6,60.0,0,I,MELB_URBAN,ROAD,3,20.0
90557,1,5,130,5,1,100.0,0,N,MELB_URBAN,UNKNOWN,4,8.0
90558,1,5,163,1,1,60.0,0,I,MELB_URBAN,ROAD,4,17.0
90559,4,7,171,2,1,60.0,0,N,MELB_URBAN,STREET,4,8.0
90560,1,7,130,5,1,100.0,0,N,RURAL_VICTORIA,HIGHWAY,4,10.0
90561,4,7,171,2,1,50.0,0,N,LARGE_PROVINCIAL_CITIES,STREET,4,11.0
90562,3,7,167,5,1,100.0,0,N,RURAL_VICTORIA,HIGHWAY,4,10.0
90563,8,7,99,5,1,50.0,0,N,MELB_URBAN,DRIVE,4,7.0
90564,8,7,184,5,1,50.0,0,N,MELB_URBAN,STREET,4,13.0
90565,4,7,171,5,1,60.0,0,N,MELB_URBAN,STREET,4,8.0
90566,1,7,160,5,1,50.0,0,N,SMALL_TOWNS,STREET,4,13.0
90567,1,7,121,1,1,60.0,0,I,MELB_URBAN,ROAD,4,16.0
90568,1,6,120,5,1,70.0,0,N,MELB_URBAN,ROAD,4,15.0
90569,1,7,121,4,1,60.0,0,I,MELB_URBAN,STREET,4,16.0
90570,8,7,170,5,1,80.0,0,N,MELB_URBAN,ROAD,4,14.0
90571,2,7,102,1,2,50.0,0,I,MELB_URBAN,HIGHWAY,4,16.0
90572,1,7,116,2,1,60.0,0,I,MELB_URBAN,BOULEVARD,4,9.0
90573,1,6,113,2,1,60.0,0,I,MELB_URBAN,ROAD,4,16.0
90574,1,7,110,1,1,50.0,0,I,MELB_URBAN,ROAD,4,14.0
90575,1,6,110,1,1,100.0,0,I,RURAL_VICTORIA,ROAD,4,16.0
90576,1,6,121,1,3,60.0,0,I,MELB_URBAN,STREET,4,18.0
90577,1,6,135,5,3,100.0,0,N,RURAL_VICTORIA,FREEWAY,4,22.0
90578,6,7,170,2,2,50.0,0,N,LARGE_PROVINCIAL_CITIES,STREET,4,21.0
90579,1,7,110,1,3,70.0,0,I,MELB_URBAN,ROAD,4,20.0
90580,1,7,110,1,1,40.0,0,I,MELBOURNE_CBD,STREET,4,13.0
90581,1,7,116,1,1,60.0,0,I,MELB_URBAN,PARADE,4,7.0
90582,1,7,110,1,1,40.0,0,I,MELB_URBAN,ROAD,4,12.0
90583,1,6,130,1,3,40.0,0,I,MELB_URBAN,STREET,4,19.0
90584,1,1,110,1,1,60.0,0,I,MELB_URBAN,ROAD,4,11.0
90585,1,6,110,1,1,60.0,0,I,MELB_URBAN,ROAD,3,12.0
90586,1,1,120,5,1,60.0,0,N,MELB_URBAN,ROAD,4,11.0
90587,4,1,173,2,1,60.0,0,N,MELB_URBAN,ROAD,4,10.0
90588,2,0,100,5,1,50.0,0,N,MELB_URBAN,STREET,3,11.0
90589,1,1,140,5,1,80.0,0,N,MELB_URBAN,HIGHWAY,4,13.0
90590,1,1,160,5,1,60.0,0,N,MELB_URBAN,ROAD,4,11.0
90591,4,1,171,5,1,60.0,0,N,SMALL_TOWNS,STREET,4,10.0
90592,4,1,183,5,1,40.0,0,N,TOWNS,OTHER,4,9.0
90593,1,7,163,1,3,40.0,0,N,MELB_URBAN,STREET,4,22.0
90594,1,1,121,2,1,60.0,0,I,MELB_URBAN,OTHER,4,14.0
90595,8,1,99,5,1,100.0,0,N,RURAL_VICTORIA,ROAD,4,15.0
90596,6,1,184,5,1,60.0,0,N,SMALL_TOWNS,ROAD,4,15.0
90597,1,1,113,4,1,80.0,0,I,MELB_URBAN,ROAD,4,15.0
90598,2,1,100,1,1,60.0,0,N,MELB_URBAN,ROAD,4,13.0
90599,1,1,113,2,3,60.0,0,I,SMALL_CITIES,STREET,4,18.0
90600,1,1,130,5,1,60.0,0,N,MELB_URBAN,ROAD,4,17.0
90601,4,1,181,5,3,50.0,0,N,MELB_URBAN,AVENUE,4,19.0
90602,4,1,183,5,3,60.0,0,N,MELB_URBAN,DRIVE,4,20.0
90603,8,1,99,2,3,60.0,0,N,MELB_URBAN,ROAD,4,21.0
90604,6,1,170,5,2,100.0,0,N,RURAL_VICTORIA,ROAD,4,18.0
90605,1,1,113,2,3,60.0,0,I,MELB_URBAN,ROAD,4,20.0
90606,4,1,183,1,3,100.0,0,I,MELB_URBAN,ROAD,4,23.0
90607,4,2,173,5,3,80.0,0,N,MELB_URBAN,ROAD,4,1.0
90608,2,1,99,5,3,60.0,0,N,MELB_URBAN,STREET,4,23.0
90609,4,1,99,2,5,100.0,0,I,RURAL_VICTORIA,ROAD,4,23.0
90610,6,1,184,2,1,100.0,0,I,RURAL_VICTORIA,ROAD,4,13.0
90611,1,2,130,5,1,100.0,0,N,MELB_URBAN,FREEWAY,4,7.0
90612,1,6,130,5,2,100.0,0,N,MELB_URBAN,RAMP,4,6.0
90613,4,1,181,2,1,50.0,0,N,MELB_URBAN,UNKNOWN,4,7.0
90614,8,2,174,1,1,50.0,0,I,MELB_URBAN,STREET,4,10.0
90615,4,2,171,5,1,60.0,0,N,MELB_URBAN,AVENUE,4,10.0
90616,4,1,171,1,5,100.0,0,I,RURAL_VICTORIA,ROAD,4,20.0
90617,1,5,121,1,1,60.0,0,I,MELB_URBAN,ROAD,4,17.0
90618,2,2,99,5,1,60.0,0,N,MELB_URBAN,ROAD,4,7.0
90619,1,2,130,5,1,60.0,0,N,MELB_URBAN,ROAD,3,6.0
90620,1,6,130,5,1,100.0,0,N,RURAL_VICTORIA,ROAD,4,11.0
90621,6,2,170,5,5,60.0,0,N,RURAL_VICTORIA,AVENUE,4,0.0
90622,1,2,110,1,1,100.0,0,I,RURAL_VICTORIA,ROAD,4,12.0
90623,3,7,167,5,2,100.0,0,N,RURAL_VICTORIA,ROAD,4,6.0
90624,1,1,130,5,1,60.0,0,N,MELB_URBAN,ROAD,3,11.0
90625,1,7,99,5,1,40.0,0,N,MELB_URBAN,ROAD,4,14.0
90626,6,1,184,5,1,100.0,0,N,RURAL_VICTORIA,ROAD,3,11.0
90627,4,2,183,5,1,80.0,0,N,RURAL_VICTORIA,HIGHWAY,3,14.0
90628,2,2,99,5,1,60.0,0,N,SMALL_CITIES,ROAD,4,14.0
90629,1,2,113,2,1,100.0,0,I,RURAL_VICTORIA,OTHER,4,14.0
90630,6,2,174,1,1,60.0,0,I,MELB_URBAN,ROAD,4,13.0
90631,1,2,130,5,1,70.0,0,N,MELB_URBAN,STREET,4,14.0
90632,1,2,113,1,3,60.0,0,I,MELB_URBAN,DRIVE,4,6.0
90633,2,2,102,5,1,60.0,0,N,MELB_URBAN,STREET,4,10.0
90634,1,2,99,5,1,60.0,0,N,MELB_URBAN,ROAD,4,16.0
90635,1,2,121,1,1,60.0,0,I,SMALL_CITIES,STREET,4,16.0
90636,1,2,120,5,1,60.0,0,N,MELB_URBAN,ROAD,4,13.0
90637,1,2,113,2,1,80.0,0,I,SMALL_CITIES,STREET,4,13.0
90638,5,1,99,5,9,60.0,0,N,RURAL_VICTORIA,ROAD,4,16.0
90639,1,1,132,5,1,60.0,0,N,MELB_URBAN,ROAD,4,16.0
90640,1,2,121,1,1,60.0,0,I,MELB_URBAN,STREET,4,16.0
90641,1,2,113,2,1,70.0,0,I,MELB_URBAN,ROAD,4,14.0
90642,1,2,121,2,3,60.0,0,I,MELB_URBAN,STREET,4,18.0
90643,1,2,120,5,3,60.0,0,N,MELB_URBAN,ROAD,4,18.0
90644,1,2,121,2,1,60.0,0,I,MELB_URBAN,ROAD,4,17.0
90645,6,2,174,5,3,100.0,0,N,MELB_URBAN,ROAD,4,18.0
90646,1,2,134,5,1,100.0,0,N,MELB_URBAN,ROAD,4,17.0
90647,4,4,171,2,3,60.0,0,N,RURAL_VICTORIA,STREET,4,21.0
90648,6,3,174,1,3,50.0,0,I,MELB_URBAN,DRIVE,4,0.0
90649,4,7,181,5,3,80.0,0,N,MELB_URBAN,ROAD,4,5.0
90650,6,2,99,5,2,100.0,0,N,MELB_URBAN,FREEWAY,4,6.0
90651,1,6,110,1,1,50.0,0,I,MELB_URBAN,ROAD,3,15.0
90652,1,2,130,1,1,60.0,0,I,MELB_URBAN,ROAD,3,16.0
90653,4,2,183,5,1,100.0,0,N,RURAL_VICTORIA,ROAD,4,16.0
90654,1,3,111,1,1,60.0,0,I,TOWNS,ROAD,4,8.0
90655,1,3,130,5,1,80.0,0,N,MELB_URBAN,ROAD,4,8.0
90656,2,3,99,5,1,50.0,0,N,MELB_URBAN,AVENUE,4,8.0
90657,1,3,99,4,1,40.0,0,I,MELB_URBAN,ROAD,4,7.0
90658,1,2,121,2,1,70.0,0,I,MELB_URBAN,ROAD,4,9.0
90659,4,3,171,2,1,70.0,0,I,MELB_URBAN,OTHER,4,9.0
90660,1,1,130,2,2,80.0,0,I,SMALL_TOWNS,HIGHWAY,4,17.0
90661,1,3,121,1,1,80.0,0,I,MELB_URBAN,RAMP,4,9.0
90662,1,2,130,2,3,60.0,0,I,MELB_URBAN,ROAD,4,18.0
90663,4,3,173,5,1,100.0,0,N,RURAL_VICTORIA,STREET,4,11.0
90664,7,3,99,5,2,60.0,0,N,SMALL_TOWNS,ROAD,4,6.0
90665,1,3,130,5,1,60.0,0,N,MELB_URBAN,ROAD,4,12.0
90666,1,2,99,2,6,60.0,0,I,SMALL_CITIES,STREET,3,21.0
90667,2,5,100,2,1,70.0,0,N,LARGE_PROVINCIAL_CITIES,HIGHWAY,4,15.0
90668,1,3,110,1,1,50.0,0,I,LARGE_PROVINCIAL_CITIES,STREET,4,12.0
90669,1,3,130,5,1,50.0,0,N,MELB_URBAN,ROAD,4,13.0
90670,1,3,130,5,1,100.0,0,N,MELB_URBAN,FREEWAY,4,9.0
90671,5,3,99,5,1,50.0,0,N,MELB_URBAN,ROAD,4,13.0
90672,4,3,181,5,1,50.0,0,N,MELB_URBAN,OTHER,4,13.0
90673,4,3,181,5,5,80.0,0,N,RURAL_VICTORIA,ROAD,4,17.0
90674,1,3,133,5,2,100.0,0,N,MELB_URBAN,FREEWAY,4,18.0
90675,1,6,130,1,1,60.0,0,N,MELB_URBAN,ROAD,3,16.0
90676,1,3,121,2,3,60.0,0,I,MELB_URBAN,ROAD,4,19.0
90677,1,1,130,5,1,50.0,0,N,MELB_URBAN,STREET,11,15.0
90678,1,3,130,1,1,60.0,0,I,MELB_URBAN,HIGHWAY,4,10.0
90679,4,3,183,5,5,100.0,0,N,RURAL_VICTORIA,HIGHWAY,4,20.0
90680,1,5,130,5,3,80.0,0,N,MELB_URBAN,FREEWAY,4,18.0
90681,2,3,99,5,3,50.0,0,N,TOWNS,STREET,4,23.0
90682,1,4,160,5,3,80.0,0,N,MELB_URBAN,HIGHWAY,4,1.0
90683,1,3,120,5,3,50.0,0,N,MELB_URBAN,BOULEVARD,4,23.0
90684,1,0,132,2,1,100.0,0,I,RURAL_VICTORIA,ROAD,4,14.0
90685,5,3,99,5,1,100.0,0,N,RURAL_VICTORIA,HIGHWAY,4,16.0
90686,2,4,102,1,1,50.0,0,I,MELB_URBAN,ROAD,4,8.0
90687,1,4,130,5,1,80.0,0,N,MELB_URBAN,FREEWAY,4,8.0
90688,1,4,99,1,1,60.0,0,I,MELB_URBAN,ROAD,4,7.0
90689,6,4,174,5,1,60.0,0,N,MELB_URBAN,ROAD,4,7.0
90690,6,4,99,5,2,60.0,0,N,RURAL_VICTORIA,ROAD,4,7.0
90691,2,4,100,1,1,50.0,0,I,MELB_URBAN,ROAD,4,10.0
90692,1,4,147,5,1,60.0,0,N,MELB_URBAN,ROAD,4,11.0
90693,1,4,110,1,1,50.0,0,I,LARGE_PROVINCIAL_CITIES,STREET,4,11.0
90694,1,2,147,5,3,60.0,0,I,LARGE_PROVINCIAL_CITIES,OTHER,4,17.0
90695,4,4,99,2,1,50.0,0,I,MELB_URBAN,STREET,4,11.0
90696,8,5,174,2,1,50.0,0,I,SMALL_CITIES,STREET,3,16.0
90697,1,4,135,5,1,80.0,0,N,MELB_URBAN,FREEWAY,4,6.0
90698,1,4,163,5,1,40.0,0,N,MELB_URBAN,STREET,4,14.0
90699,6,3,99,5,1,50.0,0,N,RURAL_VICTORIA,ROAD,4,12.0
90700,1,3,99,1,1,60.0,0,I,MELB_URBAN,STREET,4,16.0
90701,1,3,99,5,3,50.0,0,N,MELB_URBAN,ROAD,4,22.0
90702,1,3,140,2,1,100.0,0,I,RURAL_VICTORIA,ROAD,4,16.0
90703,1,4,130,5,1,60.0,0,N,SMALL_CITIES,ROAD,4,16.0
90704,8,4,99,5,1,100.0,0,N,RURAL_VICTORIA,ROAD,4,15.0
90705,1,4,147,2,1,80.0,0,I,MELB_URBAN,HIGHWAY,4,17.0
90706,1,4,130,5,2,60.0,0,N,MELB_URBAN,STREET,4,17.0
90707,4,4,171,2,1,80.0,0,I,RURAL_VICTORIA,HIGHWAY,4,16.0
90708,1,4,110,1,3,50.0,0,I,MELB_URBAN,ROAD,4,18.0
90709,2,4,100,1,1,60.0,0,I,LARGE_PROVINCIAL_CITIES,STREET,4,17.0
90710,1,4,110,1,2,50.0,0,I,MELB_URBAN,STREET,4,17.0
90711,1,4,130,5,3,60.0,0,N,LARGE_PROVINCIAL_CITIES,STREET,4,18.0
90712,1,4,110,1,3,60.0,0,I,SMALL_CITIES,STREET,4,20.0
90713,1,3,132,2,6,60.0,0,I,MELB_URBAN,PARADE,4,21.0
90714,1,4,99,5,3,80.0,0,I,MELB_URBAN,ROAD,4,21.0
90715,1,4,134,5,3,80.0,0,N,MELB_URBAN,OTHER,4,21.0
90716,1,4,130,5,3,40.0,0,N,MELB_URBAN,FREEWAY,4,19.0
90717,1,4,116,2,3,50.0,0,N,MELB_URBAN,AVENUE,4,21.0
90718,1,4,147,9,1,60.0,0,N,MELB_URBAN,ROAD,4,15.0
90719,1,5,163,5,1,40.0,0,N,MELB_URBAN,STREET,4,8.0
90720,8,3,174,1,1,90.0,0,I,RURAL_VICTORIA,ROAD,4,15.0
90721,1,5,113,2,1,60.0,0,I,TOWNS,ROAD,4,8.0
90722,1,5,130,1,6,80.0,0,I,MELB_URBAN,HIGHWAY,3,5.0
90723,1,7,147,5,1,50.0,0,N,TOWNS,ROAD,4,14.0
90724,1,1,130,5,1,70.0,0,N,MELB_URBAN,HIGHWAY,2,16.0
90725,1,4,99,5,9,40.0,0,N,MELB_URBAN,STREET,4,7.0
90726,1,5,147,2,1,70.0,0,N,MELB_URBAN,ROAD,4,11.0
90727,1,1,163,5,9,60.0,0,N,MELB_URBAN,PARADE,4,9.0
90728,1,3,130,2,2,50.0,0,N,SMALL_CITIES,STREET,4,19.0
90729,8,5,99,5,1,100.0,0,N,RURAL_VICTORIA,ROAD,4,10.0
90730,4,5,171,5,1,100.0,0,N,RURAL_VICTORIA,ROAD,4,11.0
90731,1,5,121,1,1,60.0,0,I,MELB_URBAN,ROAD,4,13.0
90732,1,5,135,2,1,30.0,0,I,MELB_URBAN,OTHER,4,12.0
90733,4,1,173,1,1,60.0,0,I,MELB_URBAN,ROAD,4,7.0
90734,1,5,99,2,1,60.0,0,N,MELB_URBAN,ROAD,4,16.0
90735,1,5,99,2,1,50.0,0,I,MELB_URBAN,ROAD,4,13.0
90736,8,5,99,5,1,60.0,0,N,RURAL_VICTORIA,ROAD,4,17.0
90737,1,5,99,5,3,60.0,0,N,MELB_URBAN,STREET,4,18.0
90738,1,4,135,5,3,60.0,0,N,MELB_URBAN,ROAD,4,17.0
90739,1,5,113,2,3,60.0,0,N,MELB_URBAN,ROAD,4,18.0
90740,1,5,99,2,3,70.0,0,I,MELB_URBAN,ROAD,4,18.0
90741,1,5,111,2,5,80.0,0,I,RURAL_VICTORIA,ROAD,4,18.0
90742,1,4,147,5,1,60.0,0,N,MELB_URBAN,ROAD,3,7.0
90743,1,5,110,1,1,60.0,0,I,MELB_URBAN,ROAD,4,18.0
90744,1,5,121,1,3,60.0,0,I,MELB_URBAN,ROAD,4,18.0
90745,1,5,163,2,3,50.0,0,N,MELB_URBAN,STREET,4,18.0
90746,4,5,171,5,5,100.0,0,N,RURAL_VICTORIA,HIGHWAY,4,19.0
90747,1,5,147,5,1,50.0,0,N,MELB_URBAN,ROAD,4,12.0
90748,1,5,163,5,1,50.0,0,N,MELB_URBAN,STREET,4,10.0
90749,1,4,121,2,1,60.0,0,I,SMALL_CITIES,STREET,4,19.0
90750,1,6,111,2,1,50.0,0,I,LARGE_PROVINCIAL_CITIES,STREET,4,7.0
90751,1,6,163,5,1,60.0,0,N,MELB_URBAN,STREET,4,7.0
90752,1,6,130,5,1,70.0,0,N,MELB_URBAN,ROAD,4,8.0
90753,1,3,121,1,3,50.0,0,I,MELB_URBAN,STREET,4,22.0
90754,1,4,121,2,2,50.0,0,I,MELB_URBAN,UNKNOWN,4,17.0
90755,1,5,147,5,3,50.0,0,N,MELB_URBAN,STREET,4,19.0
90756,1,5,99,5,3,40.0,0,N,MELB_URBAN,STREET,4,21.0
90757,4,6,99,2,1,50.0,0,I,SMALL_CITIES,STREET,4,10.0
90758,1,5,99,5,6,40.0,0,N,MELB_URBAN,STREET,4,19.0
90759,1,5,160,5,3,50.0,0,N,MELB_URBAN,STREET,4,21.0
90760,1,6,140,2,1,60.0,0,I,RURAL_VICTORIA,OTHER,4,11.0
90761,1,6,110,1,1,50.0,0,I,MELB_URBAN,STREET,4,8.0
90762,1,4,132,2,1,60.0,0,I,LARGE_PROVINCIAL_CITIES,STREET,3,15.0
90763,1,6,140,5,1,60.0,0,N,MELB_URBAN,DRIVE,4,12.0
90764,1,5,116,4,1,60.0,0,N,MELB_URBAN,AVENUE,4,11.0
90765,1,5,130,5,1,60.0,0,N,RURAL_VICTORIA,ROAD,4,17.0
90766,1,2,121,5,1,60.0,0,N,MELB_URBAN,ROAD,4,7.0
90767,1,6,113,2,1,60.0,0,I,MELB_URBAN,ROAD,4,13.0
90768,1,4,130,5,1,40.0,0,N,MELB_URBAN,STREET,4,16.0
90769,1,5,99,2,1,60.0,0,I,MELB_URBAN,STREET,4,7.0
90770,1,6,160,5,1,60.0,0,N,MELB_URBAN,STREET,4,15.0
90771,1,3,130,2,1,60.0,0,N,MELB_URBAN,STREET,2,9.0
90772,4,6,173,5,1,50.0,0,N,MELB_URBAN,ROAD,4,12.0
90773,2,6,99,2,1,60.0,0,N,MELB_URBAN,STREET,4,10.0
90774,1,6,121,2,1,60.0,0,I,MELB_URBAN,STREET,4,16.0
90775,1,4,110,1,2,60.0,0,I,MELB_URBAN,STREET,4,17.0
90776,1,3,99,2,1,60.0,0,I,SMALL_CITIES,STREET,4,7.0
90777,1,6,121,2,1,60.0,0,I,MELB_URBAN,ROAD,4,16.0
90778,1,6,121,2,1,60.0,0,I,MELB_URBAN,STREET,4,17.0
90779,1,6,133,1,1,40.0,0,I,MELBOURNE_CBD,STREET,4,16.0
90780,1,6,110,1,3,40.0,0,I,MELB_URBAN,STREET,4,18.0
90781,1,3,111,2,1,60.0,0,I,MELB_URBAN,PARADE,4,16.0
90782,1,6,120,5,2,100.0,0,N,RURAL_VICTORIA,ROAD,4,18.0
90783,3,5,167,5,5,100.0,0,N,RURAL_VICTORIA,AVENUE,4,19.0
90784,1,6,130,1,1,60.0,0,I,MELB_URBAN,STREET,4,15.0
90785,1,6,99,5,1,60.0,0,N,MELB_URBAN,ROAD,4,16.0
90786,1,6,99,5,3,60.0,0,N,MELB_URBAN,ROAD,4,20.0
90787,1,7,130,5,5,110.0,0,N,SMALL_TOWNS,FREEWAY,4,2.0
90788,1,1,99,5,1,60.0,0,N,MELB_URBAN,UNKNOWN,4,12.0
90789,4,6,173,5,1,50.0,0,N,MELB_URBAN,OTHER,4,7.0
90790,1,6,99,5,1,50.0,0,N,MELB_URBAN,ROAD,4,9.0
90791,3,7,167,5,1,100.0,0,N,RURAL_VICTORIA,ROAD,4,8.0
90792,1,7,160,2,2,60.0,0,I,MELB_URBAN,ROAD,4,6.0
90793,1,6,110,1,1,60.0,0,I,SMALL_CITIES,STREET,4,17.0
90794,1,2,99,1,1,80.0,0,I,MELB_URBAN,HIGHWAY,4,8.0
90795,1,6,147,5,1,100.0,0,N,RURAL_VICTORIA,ROAD,4,12.0
90796,4,7,183,5,1,100.0,0,N,RURAL_VICTORIA,HIGHWAY,4,11.0
90797,2,7,100,5,1,60.0,0,N,MELB_URBAN,STREET,4,13.0
90798,1,6,113,2,1,60.0,0,I,MELB_URBAN,STREET,4,12.0
90799,1,6,99,2,1,60.0,0,I,MELB_URBAN,ROAD,4,13.0
90800,6,6,170,5,1,100.0,0,N,RURAL_VICTORIA,HIGHWAY,4,9.0
90801,1,7,120,5,1,60.0,0,N,RURAL_VICTORIA,ROAD,4,12.0
90802,1,7,120,5,1,80.0,0,N,RURAL_VICTORIA,ROAD,4,14.0
90803,6,7,184,5,1,100.0,0,N,RURAL_VICTORIA,ROAD,4,9.0
90804,6,7,99,5,1,100.0,0,N,RURAL_VICTORIA,HIGHWAY,4,9.0
90805,1,7,121,5,9,60.0,0,N,MELB_URBAN,ROAD,4,13.0
90806,1,3,121,1,1,60.0,0,I,MELB_URBAN,ROAD,4,19.0
90807,1,7,113,2,1,60.0,0,I,MELB_URBAN,ROAD,4,17.0
90808,1,2,130,5,1,60.0,0,N,MELB_URBAN,ROAD,4,12.0
90809,1,7,173,5,1,50.0,0,N,MELB_URBAN,BOULEVARD,4,17.0
90810,1,6,140,5,3,40.0,0,N,MELB_URBAN,STREET,4,19.0
90811,1,7,130,5,3,80.0,0,N,MELB_URBAN,FREEWAY,4,5.0
90812,1,7,110,1,3,80.0,0,I,MELB_URBAN,HIGHWAY,4,20.0
90813,6,6,174,5,3,50.0,0,N,MELB_URBAN,AVENUE,4,5.0
90814,4,1,173,5,3,50.0,0,N,SMALL_CITIES,STREET,4,0.0
90815,1,7,130,2,1,80.0,0,I,RURAL_VICTORIA,ROAD,4,11.0
90816,4,7,183,5,1,60.0,0,N,MELB_URBAN,ROAD,4,14.0
90817,1,7,99,5,1,80.0,0,N,LARGE_PROVINCIAL_CITIES,ROAD,4,13.0
90818,1,7,135,2,1,80.0,0,N,MELB_URBAN,ROAD,4,11.0
90819,1,6,132,2,1,60.0,0,I,MELB_URBAN,PARADE,4,11.0
90820,1,7,160,5,2,40.0,0,N,MELB_URBAN,STREET,4,18.0
90821,1,6,121,2,1,60.0,0,I,MELB_URBAN,ROAD,4,11.0
90822,6,1,99,5,1,100.0,0,N,MELB_URBAN,ROAD,4,11.0
90823,1,7,110,1,3,60.0,0,I,MELB_URBAN,DRIVE,4,20.0
90824,1,7,132,2,3,60.0,0,I,MELB_URBAN,ROAD,4,19.0
90825,4,0,181,5,1,80.0,0,N,RURAL_VICTORIA,ROAD,4,14.0
90826,1,4,130,5,3,70.0,0,N,MELB_URBAN,ROAD,4,19.0
90827,1,1,140,2,1,50.0,0,I,LARGE_PROVINCIAL_CITIES,STREET,4,15.0
90828,1,1,135,5,1,100.0,0,N,MELB_URBAN,FREEWAY,4,15.0
90829,1,1,130,2,1,60.0,0,I,MELB_URBAN,STREET,4,13.0
90830,4,1,181,5,1,50.0,0,N,MELB_URBAN,DRIVE,4,16.0
90831,1,1,110,1,1,100.0,0,I,RURAL_VICTORIA,ROAD,4,16.0
90832,4,0,173,5,1,100.0,0,N,RURAL_VICTORIA,HIGHWAY,4,16.0
90833,6,1,174,5,1,40.0,0,N,MELB_URBAN,ROAD,4,17.0
90834,1,1,130,1,1,80.0,0,N,LARGE_PROVINCIAL_CITIES,HIGHWAY,4,16.0
90835,1,1,99,5,1,80.0,0,N,LARGE_PROVINCIAL_CITIES,ROAD,4,13.0
90836,1,1,147,5,1,60.0,0,N,MELB_URBAN,ROAD,4,14.0
90837,1,1,110,1,3,60.0,0,N,MELB_URBAN,BOULEVARD,4,18.0
90838,1,1,132,5,3,50.0,0,N,MELB_URBAN,DRIVE,4,18.0
90839,8,7,174,5,6,60.0,0,N,MELB_URBAN,ROAD,4,17.0
90840,4,1,173,1,3,60.0,0,I,MELB_URBAN,STREET,4,18.0
90841,1,1,134,2,3,100.0,0,I,RURAL_VICTORIA,HIGHWAY,4,20.0
90842,1,1,110,1,3,40.0,0,I,MELBOURNE_CBD,STREET,4,20.0
90843,4,0,171,5,5,80.0,0,N,RURAL_VICTORIA,ROAD,4,19.0
90844,1,1,120,5,1,60.0,0,N,MELB_URBAN,STREET,4,13.0
90845,4,0,171,5,5,100.0,0,N,RURAL_VICTORIA,ROAD,4,22.0
90846,3,2,167,2,2,100.0,0,I,RURAL_VICTORIA,ROAD,2,6.0
90847,8,7,174,5,3,60.0,0,N,MELB_URBAN,ROAD,4,19.0
90848,1,1,130,5,2,100.0,0,N,MELB_URBAN,FREEWAY,4,6.0
90849,1,5,130,5,1,60.0,0,N,MELB_URBAN,ROAD,4,16.0
90850,1,2,130,5,1,80.0,0,N,MELB_URBAN,HIGHWAY,4,9.0
90851,1,2,130,5,1,60.0,0,N,MELB_URBAN,ROAD,4,8.0
90852,1,6,160,5,1,60.0,0,N,MELB_URBAN,UNKNOWN,3,11.0
90853,1,2,110,1,1,100.0,0,I,RURAL_VICTORIA,ROAD,4,8.0
90854,1,3,110,1,1,60.0,0,I,SMALL_TOWNS,STREET,3,14.0
90855,4,7,181,2,5,100.0,0,I,RURAL_VICTORIA,ROAD,3,23.0
90856,1,6,111,1,1,70.0,0,I,MELB_URBAN,ROAD,4,17.0
90857,8,1,99,1,3,60.0,0,I,MELB_URBAN,DRIVE,4,19.0
90858,1,2,111,1,1,80.0,0,N,MELB_URBAN,ROAD,4,11.0
90859,1,1,160,5,3,50.0,0,N,MELB_URBAN,ROAD,4,21.0
90860,1,1,113,2,1,80.0,0,I,MELB_URBAN,ROAD,4,9.0
90861,4,1,183,5,2,60.0,0,N,MELB_URBAN,ROAD,4,17.0
90862,1,2,113,2,1,60.0,0,I,MELB_URBAN,DRIVE,4,8.0
90863,4,1,171,5,5,60.0,0,N,MELB_URBAN,ROAD,4,20.0
90864,1,2,132,2,1,60.0,0,N,MELB_URBAN,ROAD,4,6.0
90865,4,2,171,1,1,60.0,0,I,MELB_URBAN,ROAD,4,13.0
90866,1,2,130,5,1,80.0,0,N,MELB_URBAN,ROAD,4,7.0
90867,1,2,163,5,1,50.0,0,N,MELB_URBAN,STREET,4,11.0
90868,4,2,173,5,1,100.0,0,N,RURAL_VICTORIA,OTHER,4,14.0
90869,4,1,181,5,1,60.0,0,N,MELB_URBAN,ROAD,4,14.0
90870,1,1,110,1,1,60.0,0,I,SMALL_CITIES,STREET,4,15.0
90871,6,2,184,5,1,60.0,0,N,RURAL_VICTORIA,ROAD,4,14.0
90872,1,7,130,1,1,60.0,0,I,MELB_URBAN,ROAD,4,11.0
90873,1,4,130,5,1,100.0,0,N,MELB_URBAN,UNKNOWN,4,15.0
90874,1,2,99,5,5,70.0,0,N,MELB_URBAN,ROAD,4,18.0
90875,6,7,184,5,1,100.0,0,N,SMALL_TOWNS,ROAD,3,14.0
90876,1,2,130,5,3,80.0,0,N,RURAL_VICTORIA,ROAD,4,18.0
90877,4,2,173,5,9,60.0,0,N,RURAL_VICTORIA,ROAD,12,10.0
90878,2,2,102,1,2,80.0,0,I,MELB_URBAN,ROAD,4,6.0
90879,6,1,184,2,1,60.0,0,I,MELB_URBAN,ROAD,4,8.0
90880,4,2,181,5,1,100.0,0,N,RURAL_VICTORIA,HIGHWAY,4,8.0
90881,1,2,110,1,9,60.0,0,I,MELBOURNE_CBD,OTHER,4,19.0
90882,1,3,99,5,1,40.0,0,N,MELBOURNE_CBD,STREET,4,10.0
90883,4,3,173,5,2,100.0,0,N,RURAL_VICTORIA,ROAD,4,6.0
90884,1,3,160,5,1,70.0,0,N,MELB_URBAN,ROAD,4,10.0
90885,1,2,99,1,1,50.0,0,N,MELB_URBAN,ROAD,4,8.0
90886,6,4,99,5,1,60.0,0,N,RURAL_VICTORIA,OTHER,4,12.0
90887,1,1,121,1,1,60.0,0,I,MELB_URBAN,ROAD,4,11.0
90888,1,3,120,5,1,60.0,0,N,MELB_URBAN,AVENUE,4,14.0