,accident_type,day_of_week,dca_code,road_geometry,light_condition,speed_zone,severity,node_type,deg_urban_name,road_type,month,hour
90889,1,4,130,1,1,80.0,0,I,MELB_URBAN,ROAD,3,17.0
90890,1,3,130,6,1,100.0,0,N,MELB_URBAN,ROAD,4,13.0
90891,2,2,99,1,1,40.0,0,N,MELBOURNE_CBD,STREET,4,14.0
90892,1,3,130,1,1,80.0,0,N,MELB_URBAN,HIGHWAY,4,15.0
90893,1,5,113,1,1,80.0,0,I,MELB_URBAN,ROAD,11,10.0
90894,1,3,130,5,1,70.0,0,N,MELB_URBAN,ROAD,4,15.0
90895,1,3,110,1,1,100.0,0,I,RURAL_VICTORIA,ROAD,4,16.0
90896,1,1,130,5,1,60.0,0,N,MELB_URBAN,FREEWAY,4,8.0
90897,1,6,116,2,1,60.0,0,I,MELB_URBAN,AVENUE,3,17.0
90898,1,3,113,2,2,60.0,0,I,MELB_URBAN,ROAD,4,17.0
90899,1,3,113,2,5,60.0,0,I,RURAL_VICTORIA,ROAD,4,18.0
90900,1,3,130,5,1,80.0,0,N,MELB_URBAN,HIGHWAY,4,17.0
90901,5,4,99,5,5,60.0,0,N,RURAL_VICTORIA,HIGHWAY,3,19.0
90902,8,3,99,5,2,50.0,0,N,LARGE_PROVINCIAL_CITIES,STREET,4,17.0
90903,1,6,163,5,3,40.0,0,N,MELB_URBAN,STREET,4,23.0
90904,1,3,120,5,5,80.0,0,N,RURAL_VICTORIA,ROAD,4,18.0
90905,1,2,121,1,3,60.0,0,I,MELB_URBAN,STREET,4,18.0
90906,1,2,120,5,1,60.0,0,N,MELB_URBAN,ROAD,3,15.0
90907,1,3,130,5,5,60.0,0,N,RURAL_VICTORIA,FREEWAY,4,18.0
90908,1,3,134,5,1,80.0,0,N,MELB_URBAN,ROAD,4,17.0
90909,1,2,140,5,3,80.0,0,N,MELB_URBAN,OTHER,4,23.0
90910,4,3,181,5,5,100.0,0,N,RURAL_VICTORIA,ROAD,4,21.0
90911,2,4,100,1,3,60.0,0,I,MELB_URBAN,STREET,4,0.0
90912,1,2,130,5,3,60.0,0,N,MELB_URBAN,ROAD,4,18.0
90913,1,4,121,1,3,60.0,0,I,MELB_URBAN,ROAD,4,4.0
90914,2,4,100,5,5,100.0,0,N,RURAL_VICTORIA,ROAD,4,4.0
90915,1,3,130,5,1,40.0,0,N,LARGE_PROVINCIAL_CITIES,ROAD,4,15.0
90916,4,4,183,5,1,80.0,0,N,RURAL_VICTORIA,HIGHWAY,4,8.0
90917,1,5,99,1,1,40.0,0,I,MELB_URBAN,STREET,11,10.0
90918,1,2,121,1,1,60.0,0,I,MELB_URBAN,ROAD,4,11.0
90919,1,6,135,5,1,100.0,0,N,RURAL_VICTORIA,ROAD,4,10.0
90920,1,4,130,5,2,80.0,0,N,MELB_URBAN,HIGHWAY,4,6.0
90921,1,3,121,2,1,60.0,0,I,LARGE_PROVINCIAL_CITIES,ROAD,4,9.0
90922,2,4,102,5,1,80.0,0,N,MELB_URBAN,ROAD,4,8.0
90923,1,4,135,5,1,80.0,0,N,MELB_URBAN,ROAD,4,7.0
90924,1,3,110,1,1,80.0,0,I,RURAL_VICTORIA,STREET,4,17.0
90925,1,4,113,1,1,50.0,0,I,MELB_URBAN,OTHER,4,8.0
90926,8,2,174,1,9,40.0,0,I,MELB_URBAN,ROAD,4,16.0
90927,1,4,113,2,1,100.0,0,I,RURAL_VICTORIA,HIGHWAY,4,8.0
90928,1,3,130,2,1,60.0,0,I,MELB_URBAN,ROAD,4,10.0
90929,1,4,121,5,1,50.0,0,N,SMALL_CITIES,STREET,4,12.0
90930,6,6,184,5,1,50.0,0,N,RURAL_VICTORIA,ROAD,3,17.0
90931,1,4,135,5,1,60.0,0,N,MELB_URBAN,STREET,4,13.0
90932,1,4,140,1,1,60.0,0,I,MELB_URBAN,ROAD,4,12.0
90933,1,4,160,5,1,40.0,0,N,MELB_URBAN,ROAD,4,9.0
90934,1,4,130,5,1,100.0,0,N,MELB_URBAN,FREEWAY,4,13.0
90935,4,0,181,5,5,100.0,0,N,RURAL_VICTORIA,ROAD,4,19.0
90936,2,4,100,1,1,50.0,0,N,LARGE_PROVINCIAL_CITIES,STREET,4,16.0
90937,1,4,110,1,1,60.0,0,I,SMALL_CITIES,STREET,4,16.0
90938,1,4,121,2,1,40.0,0,I,MELB_URBAN,STREET,4,16.0
90939,1,4,99,5,1,50.0,0,N,SMALL_CITIES,STREET,4,13.0
90940,1,4,110,1,1,50.0,0,I,MELB_URBAN,STREET,4,17.0
90941,1,4,110,1,1,60.0,0,I,MELB_URBAN,ROAD,4,15.0
90942,4,4,173,2,1,50.0,0,I,MELB_URBAN,BOULEVARD,4,16.0
90943,1,4,132,2,1,100.0,0,I,RURAL_VICTORIA,ROAD,4,14.0
90944,1,4,130,5,2,80.0,0,N,MELB_URBAN,ROAD,4,17.0
90945,2,4,102,1,3,60.0,0,I,MELB_URBAN,ROAD,4,17.0
90946,1,3,121,2,3,60.0,0,I,MELB_URBAN,ROAD,4,20.0
90947,4,4,171,5,1,60.0,0,N,MELB_URBAN,ROAD,4,17.0
90948,1,4,121,1,1,40.0,0,I,MELBOURNE_CBD,STREET,4,14.0
90949,2,4,100,1,1,50.0,0,I,MELB_URBAN,STREET,4,15.0
90950,1,4,99,5,3,60.0,0,N,MELB_URBAN,STREET,4,21.0
90951,2,4,99,5,3,50.0,1,N,MELB_URBAN,ROAD,4,18.0
90952,1,3,99,1,1,50.0,0,I,MELB_URBAN,ROAD,4,9.0
90953,1,4,130,5,5,100.0,0,N,RURAL_VICTORIA,HIGHWAY,4,19.0
90954,4,4,181,5,5,60.0,0,N,MELB_URBAN,ROAD,4,21.0
90955,1,4,121,2,1,60.0,0,I,MELB_URBAN,ROAD,4,16.0
90956,4,5,183,5,5,100.0,0,N,RURAL_VICTORIA,ROAD,4,5.0
90957,1,5,147,2,1,50.0,0,I,MELB_URBAN,AVENUE,4,8.0
90958,1,4,120,5,5,60.0,0,N,MELB_URBAN,ROAD,4,22.0
90959,1,5,130,5,1,100.0,0,N,MELB_URBAN,FREEWAY,4,8.0
90960,1,5,121,2,1,80.0,0,I,MELB_URBAN,ROAD,4,7.0
90961,2,5,100,2,1,50.0,0,N,MELB_URBAN,OTHER,4,9.0
90962,1,3,110,1,1,60.0,0,I,MELB_URBAN,ROAD,4,17.0
90963,6,7,174,5,3,60.0,0,N,MELB_URBAN,STREET,3,23.0
90964,5,4,99,5,1,60.0,0,N,RURAL_VICTORIA,ROAD,4,12.0
90965,1,6,130,2,1,60.0,0,I,MELB_URBAN,ROAD,4,9.0
90966,1,5,110,1,1,60.0,0,I,MELB_URBAN,ROAD,4,12.0
90967,6,4,99,5,5,100.0,0,N,RURAL_VICTORIA,ROAD,4,20.0
90968,1,4,163,2,2,40.0,0,I,MELB_URBAN,ROAD,4,7.0
90969,1,6,132,2,1,100.0,0,I,RURAL_VICTORIA,HIGHWAY,3,17.0
90970,1,5,110,1,1,60.0,0,I,RURAL_VICTORIA,ROAD,4,11.0
90971,1,5,121,1,1,50.0,0,I,MELB_URBAN,STREET,4,8.0
90972,1,5,110,1,1,80.0,0,I,RURAL_VICTORIA,ROAD,4,14.0
90973,1,5,120,5,1,60.0,0,N,MELB_URBAN,UNKNOWN,4,15.0
90974,6,5,99,2,1,60.0,0,I,RURAL_VICTORIA,ROAD,4,14.0
90975,1,5,110,1,1,50.0,0,I,MELB_URBAN,BOULEVARD,4,11.0
90976,1,5,160,5,1,50.0,0,N,TOWNS,STREET,4,15.0
90977,8,1,174,2,1,60.0,0,N,SMALL_CITIES,ROAD,4,8.0
90978,1,4,99,2,1,40.0,0,I,MELB_URBAN,STREET,4,16.0
90979,1,5,121,1,1,80.0,0,I,TOWNS,STREET,4,15.0
90980,6,1,99,5,1,60.0,0,N,RURAL_VICTORIA,ROAD,3,10.0
90981,1,5,133,5,1,60.0,0,N,MELB_URBAN,ROAD,4,16.0
90982,1,4,130,5,1,60.0,0,N,SMALL_CITIES,STREET,4,16.0
90983,4,5,171,5,1,100.0,0,N,RURAL_VICTORIA,HIGHWAY,4,15.0
90984,4,5,171,5,3,60.0,0,N,MELB_URBAN,DRIVE,4,18.0
90985,1,5,130,5,3,70.0,0,N,MELB_URBAN,ROAD,4,18.0
90986,1,6,163,5,9,40.0,0,N,MELB_URBAN,STREET,3,8.0
90987,1,5,110,1,1,60.0,0,N,MELB_URBAN,ROAD,4,17.0
90988,7,5,184,2,5,60.0,0,I,RURAL_VICTORIA,ROAD,4,19.0
90989,8,5,174,1,3,70.0,0,I,LARGE_PROVINCIAL_CITIES,ROAD,4,19.0
90990,2,3,99,5,1,60.0,0,N,SMALL_CITIES,STREET,4,16.0
90991,1,5,116,2,3,70.0,0,I,MELB_URBAN,ROAD,4,19.0
90992,1,5,163,5,3,40.0,0,N,MELB_URBAN,ROAD,4,19.0
90993,1,5,147,5,3,60.0,0,N,MELB_URBAN,DRIVE,4,20.0
90994,4,5,99,3,5,60.0,0,I,RURAL_VICTORIA,ROAD,4,22.0
90995,1,5,113,2,1,60.0,0,I,MELB_URBAN,ROAD,4,14.0
90996,1,5,130,5,1,60.0,0,N,MELB_URBAN,ROAD,4,16.0
90997,1,5,130,5,1,80.0,0,N,MELB_URBAN,FREEWAY,4,16.0
90998,2,6,100,1,2,60.0,0,I,MELB_URBAN,ROAD,4,6.0
90999,1,5,130,4,1,80.0,0,N,MELB_URBAN,RAMP,4,16.0
91000,1,6,110,1,1,80.0,0,I,RURAL_VICTORIA,ROAD,4,7.0
91001,1,6,130,5,3,60.0,0,N,MELB_URBAN,ROAD,4,6.0
91002,2,6,102,5,1,50.0,0,N,MELB_URBAN,ROAD,4,9.0
91003,2,6,102,2,2,50.0,0,N,MELB_URBAN,STREET,4,6.0
91004,1,1,130,5,1,40.0,0,N,MELB_URBAN,STREET,3,11.0
91005,1,6,111,2,1,100.0,0,I,RURAL_VICTORIA,HIGHWAY,4,7.0
91006,1,6,113,2,1,80.0,0,I,MELB_URBAN,ROAD,4,11.0
91007,2,6,100,5,1,50.0,0,N,MELB_URBAN,STREET,4,9.0
91008,1,6,132,2,1,60.0,0,I,RURAL_VICTORIA,ROAD,4,11.0
91009,2,6,99,5,1,50.0,0,N,SMALL_CITIES,STREET,4,13.0
91010,1,4,130,2,9,60.0,0,N,MELB_URBAN,ROAD,4,10.0
91011,1,6,113,2,1,50.0,0,I,MELB_URBAN,DRIVE,4,8.0
91012,1,6,130,2,1,70.0,0,N,MELB_URBAN,ROAD,4,12.0
91013,1,6,130,5,1,60.0,0,I,MELB_URBAN,HIGHWAY,4,13.0
91014,2,5,99,5,1,40.0,0,N,MELB_URBAN,STREET,4,16.0
91015,1,6,111,1,1,60.0,0,I,SMALL_TOWNS,STREET,4,12.0
91016,1,6,99,5,1,40.0,0,N,MELB_URBAN,ROAD,4,15.0
91017,5,6,99,3,1,40.0,0,I,MELB_URBAN,ROAD,4,10.0
91018,1,6,99,3,1,100.0,0,N,RURAL_VICTORIA,HIGHWAY,4,14.0
91019,2,6,99,5,1,50.0,0,N,LARGE_PROVINCIAL_CITIES,STREET,4,15.0
91020,1,6,110,1,1,60.0,0,I,LARGE_PROVINCIAL_CITIES,STREET,4,16.0
91021,1,6,121,2,1,40.0,0,I,MELB_URBAN,ROAD,4,17.0
91022,1,5,130,5,1,80.0,0,N,MELB_URBAN,FREEWAY,4,16.0
91023,2,6,100,2,1,50.0,0,N,MELB_URBAN,STREET,4,16.0
91024,1,6,113,2,1,80.0,0,I,RURAL_VICTORIA,ROAD,4,15.0
91025,1,6,113,2,1,70.0,0,I,MELB_URBAN,ROAD,4,15.0
91026,2,5,99,1,1,40.0,0,I,MELB_URBAN,DRIVE,4,8.0
91027,1,5,99,5,1,50.0,0,N,MELB_URBAN,STREET,4,17.0
91028,1,6,130,2,9,60.0,0,I,MELB_URBAN,STREET,4,16.0
91029,1,6,130,1,1,80.0,0,I,MELB_URBAN,ROAD,4,12.0
91030,1,5,130,1,1,60.0,0,N,MELB_URBAN,OTHER,4,15.0
91031,1,6,130,1,5,60.0,0,I,MELB_URBAN,ROAD,4,19.0
91032,4,5,171,5,5,100.0,0,N,RURAL_VICTORIA,ROAD,4,19.0
91033,1,6,99,4,3,60.0,0,I,MELB_URBAN,STREET,4,21.0
91034,1,6,120,5,5,100.0,0,N,RURAL_VICTORIA,ROAD,4,20.0
91035,1,7,110,1,3,80.0,1,I,MELB_URBAN,ROAD,4,1.0
91036,4,6,171,5,3,60.0,0,N,MELB_URBAN,ROAD,4,23.0
91037,1,7,130,1,3,60.0,0,I,MELB_URBAN,ROAD,4,4.0
91038,1,3,116,1,1,80.0,0,I,RURAL_VICTORIA,STREET,11,11.0
91039,2,5,100,5,1,50.0,0,N,SMALL_CITIES,STREET,4,12.0
91040,1,6,110,1,1,60.0,0,I,LARGE_PROVINCIAL_CITIES,STREET,4,7.0
91041,1,6,110,1,3,50.0,0,I,MELB_URBAN,AVENUE,4,18.0
91042,1,4,163,5,3,60.0,0,N,MELBOURNE_CBD,STREET,4,20.0
91043,1,7,121,5,1,60.0,0,I,MELB_URBAN,HIGHWAY,4,10.0
91044,1,7,134,5,1,60.0,0,N,MELB_URBAN,ROAD,4,5.0
91045,4,7,171,5,1,100.0,0,N,RURAL_VICTORIA,HIGHWAY,4,10.0
91046,1,7,130,2,1,80.0,0,N,MELB_URBAN,HIGHWAY,4,12.0
91047,1,7,111,2,1,60.0,0,I,MELB_URBAN,ROAD,4,12.0
91048,6,7,174,5,1,100.0,0,N,RURAL_VICTORIA,ROAD,4,12.0
91049,5,6,99,5,1,40.0,0,N,RURAL_VICTORIA,OTHER,4,11.0
91050,1,6,130,5,1,80.0,0,N,MELB_URBAN,FREEWAY,4,12.0
91051,3,1,167,4,1,80.0,0,N,RURAL_VICTORIA,ROAD,3,15.0
91052,2,7,100,1,1,60.0,0,I,MELB_URBAN,ROAD,4,13.0
91053,1,4,111,2,1,100.0,0,I,RURAL_VICTORIA,OTHER,2,16.0
91054,1,2,99,5,1,60.0,0,N,MELB_URBAN,ROAD,4,9.0
91055,4,1,183,5,1,80.0,0,N,RURAL_VICTORIA,OTHER,4,13.0
91056,5,7,99,5,1,60.0,0,N,RURAL_VICTORIA,OTHER,4,9.0
91057,1,6,130,5,1,60.0,0,N,MELB_URBAN,ROAD,4,11.0
91058,1,7,130,2,1,60.0,0,I,MELB_URBAN,ROAD,4,12.0
91059,1,7,132,2,1,60.0,0,N,MELB_URBAN,STREET,4,13.0
91060,1,7,113,2,3,60.0,0,I,MELB_URBAN,ROAD,4,17.0
91061,4,7,173,1,3,80.0,0,N,MELB_URBAN,HIGHWAY,4,18.0
91062,1,7,120,5,3,50.0,0,N,MELB_URBAN,OTHER,4,21.0
91063,1,7,132,2,3,60.0,0,I,MELB_URBAN,ROAD,4,20.0
91064,4,6,99,2,5,100.0,0,I,RURAL_VICTORIA,ROAD,4,18.0
91065,8,1,174,2,3,50.0,0,I,TOWNS,OTHER,4,1.0
91066,4,1,181,5,3,60.0,0,N,MELB_URBAN,STREET,4,1.0
91067,1,0,99,6,6,50.0,0,N,MELB_URBAN,OTHER,4,1.0
91068,1,2,163,5,1,40.0,0,N,MELB_URBAN,STREET,4,16.0
91069,4,1,99,2,5,100.0,0,I,RURAL_VICTORIA,OTHER,4,4.0
91070,8,1,174,5,1,60.0,0,N,MELB_URBAN,PARADE,4,7.0
91071,4,0,99,4,5,100.0,0,I,RURAL_VICTORIA,ROAD,4,6.0
91072,1,1,130,2,1,60.0,0,N,MELB_URBAN,ROAD,4,10.0
91073,1,7,120,5,5,110.0,0,N,RURAL_VICTORIA,FREEWAY,4,20.0
91074,2,1,99,5,1,60.0,0,N,LARGE_PROVINCIAL_CITIES,STREET,4,12.0
91075,1,1,132,2,1,60.0,0,I,TOWNS,ROAD,4,11.0
91076,8,1,184,5,1,60.0,0,N,RURAL_VICTORIA,OTHER,4,10.0
91077,1,1,121,4,1,60.0,0,N,TOWNS,ROAD,4,9.0
91078,5,2,99,5,1,80.0,0,N,MELB_URBAN,HIGHWAY,3,8.0
91079,7,1,99,5,1,50.0,0,N,MELB_URBAN,ROAD,4,15.0
91080,8,1,99,5,1,80.0,0,N,RURAL_VICTORIA,ROAD,4,14.0
91081,1,1,113,2,1,80.0,0,I,MELB_URBAN,ROAD,4,16.0
91082,1,0,121,2,1,60.0,0,I,MELB_URBAN,ROAD,4,13.0
91083,2,1,99,5,1,50.0,0,N,TOWNS,DRIVE,4,16.0
91084,1,0,113,2,1,50.0,0,I,MELB_URBAN,STREET,4,15.0
91085,1,1,110,1,1,80.0,0,I,TOWNS,OTHER,4,16.0
91086,1,1,121,1,3,60.0,0,I,MELB_URBAN,ROAD,4,18.0
91087,4,1,171,5,5,60.0,0,N,MELB_URBAN,ROAD,4,18.0
91088,4,1,173,5,1,100.0,0,N,MELB_URBAN,ROAD,4,16.0
91089,4,0,181,5,1,60.0,0,N,MELB_URBAN,ROAD,4,17.0
91090,1,1,135,5,1,80.0,0,N,MELB_URBAN,ROAD,4,15.0
91091,4,0,181,5,5,100.0,0,N,RURAL_VICTORIA,ROAD,4,19.0
91092,1,1,130,5,1,80.0,0,N,MELB_URBAN,ROAD,4,17.0
91093,1,1,110,1,1,50.0,0,I,TOWNS,STREET,4,17.0
91094,2,1,102,5,3,60.0,0,N,SMALL_TOWNS,AVENUE,4,19.0
91095,1,1,121,2,3,60.0,0,I,MELB_URBAN,ROAD,4,20.0
91096,4,1,171,5,5,100.0,0,N,RURAL_VICTORIA,HIGHWAY,4,19.0
91097,1,2,173,5,3,60.0,0,N,MELB_URBAN,STREET,4,1.0
91098,1,5,113,1,1,80.0,0,I,RURAL_VICTORIA,ROAD,4,7.0
91099,4,2,171,5,5,100.0,0,N,RURAL_VICTORIA,HIGHWAY,4,5.0
91100,1,4,133,1,1,50.0,0,I,MELB_URBAN,STREET,4,16.0
91101,4,1,181,5,5,60.0,0,N,RURAL_VICTORIA,ROAD,4,5.0
91102,2,2,100,2,1,50.0,0,I,MELB_URBAN,STREET,4,9.0
91103,1,6,113,2,1,60.0,0,I,MELB_URBAN,ROAD,4,16.0
91104,1,2,99,1,1,40.0,0,I,TOWNS,ROAD,4,8.0
91105,1,2,99,5,1,60.0,0,N,MELB_URBAN,ROAD,4,10.0
91106,6,2,184,5,5,80.0,0,N,RURAL_VICTORIA,ROAD,4,5.0
91107,1,2,121,2,1,80.0,0,I,RURAL_VICTORIA,ROAD,4,9.0
91108,1,1,140,5,1,40.0,0,I,MELBOURNE_CBD,STREET,4,12.0
91109,4,2,181,5,1,100.0,0,N,RURAL_VICTORIA,ROAD,4,11.0
91110,4,2,181,5,1,80.0,0,N,RURAL_VICTORIA,UNKNOWN,4,13.0
91111,1,2,120,5,1,60.0,0,N,MELB_URBAN,ROAD,4,13.0
91112,1,2,99,1,1,50.0,0,N,MELB_URBAN,AVENUE,3,18.0
91113,2,2,102,5,1,50.0,0,N,MELB_URBAN,STREET,4,14.0
91114,8,3,184,5,1,100.0,0,N,RURAL_VICTORIA,OTHER,4,16.0
91115,1,2,140,5,1,60.0,0,N,MELB_URBAN,STREET,4,14.0
91116,2,2,100,5,1,60.0,0,N,MELB_URBAN,ROAD,4,15.0
91117,1,2,110,1,1,50.0,0,I,LARGE_PROVINCIAL_CITIES,STREET,4,13.0
91118,1,2,113,2,1,50.0,1,I,MELB_URBAN,ROAD,4,16.0
91119,1,2,99,5,1,60.0,0,N,MELB_URBAN,ROAD,4,15.0
91120,1,2,121,1,9,50.0,0,I,MELB_URBAN,STREET,4,16.0
91121,1,2,113,1,1,80.0,0,I,MELB_URBAN,ROAD,4,15.0
91122,1,6,110,1,1,50.0,0,I,TOWNS,ROAD,4,8.0
91123,8,2,99,5,1,100.0,0,N,RURAL_VICTORIA,ROAD,4,14.0
91124,1,2,110,1,3,60.0,0,I,MELB_URBAN,STREET,4,17.0
91125,2,1,100,5,3,40.0,0,N,MELB_URBAN,STREET,4,18.0
91126,6,2,99,5,1,80.0,0,N,RURAL_VICTORIA,ROAD,4,15.0
91127,1,1,135,1,6,100.0,0,I,RURAL_VICTORIA,FREEWAY,4,18.0
91128,1,2,160,5,2,60.0,0,N,MELB_URBAN,ROAD,4,6.0
91129,1,2,130,5,2,80.0,0,N,MELB_URBAN,ROAD,4,17.0
91130,1,2,130,5,3,100.0,0,N,MELB_URBAN,FREEWAY,4,18.0
91131,1,2,110,1,1,60.0,0,I,LARGE_PROVINCIAL_CITIES,STREET,4,7.0
91132,4,2,181,2,3,60.0,0,I,TOWNS,AVENUE,4,19.0
91133,4,2,171,5,1,110.0,1,N,RURAL_VICTORIA,FREEWAY,4,17.0
91134,1,2,121,5,1,60.0,0,I,MELB_URBAN,STREET,4,17.0
91135,1,2,113,1,5,50.0,0,I,SMALL_CITIES,STREET,4,20.0
91136,1,3,130,5,5,70.0,0,N,MELB_URBAN,ROAD,4,5.0
91137,1,2,99,5,3,100.0,0,N,MELB_URBAN,FREEWAY,4,21.0
91138,6,3,174,2,5,80.0,0,I,TOWNS,ROAD,4,5.0
91139,1,1,110,1,3,60.0,0,I,MELB_URBAN,ROAD,4,22.0
91140,8,6,174,5,1,60.0,0,N,RURAL_VICTORIA,ROAD,4,10.0
91141,1,2,113,2,1,60.0,0,I,MELB_URBAN,ROAD,4,14.0
91142,1,2,121,2,1,60.0,0,I,MELB_URBAN,ROAD,4,7.0
91143,4,4,99,5,1,100.0,0,N,RURAL_VICTORIA,ROAD,4,11.0
91144,6,3,174,2,1,80.0,0,I,RURAL_VICTORIA,ROAD,4,9.0
91145,1,4,99,5,3,50.0,0,N,MELB_URBAN,STREET,4,18.0
91146,1,3,140,5,1,40.0,0,N,MELB_URBAN,ROAD,4,12.0
91147,1,3,130,1,1,70.0,0,I,MELB_URBAN,STREET,4,9.0
91148,5,2,99,5,1,60.0,0,N,RURAL_VICTORIA,ROAD,4,16.0
91149,1,3,130,5,1,60.0,0,N,MELB_URBAN,ROAD,4,8.0
91150,2,2,99,1,1,60.0,0,N,MELB_URBAN,ROAD,4,10.0
91151,2,2,99,5,1,50.0,0,N,TOWNS,STREET,4,13.0
91152,1,3,130,5,1,60.0,0,N,MELB_URBAN,RAMP,4,11.0
91153,4,3,171,5,1,80.0,0,N,RURAL_VICTORIA,HIGHWAY,4,10.0
91154,4,1,181,5,1,60.0,0,N,RURAL_VICTORIA,OTHER,4,13.0
91155,4,3,183,5,1,100.0,0,N,RURAL_VICTORIA,ROAD,4,11.0
91156,4,1,171,5,1,50.0,0,N,LARGE_PROVINCIAL_CITIES,ROAD,4,15.0
91157,1,3,134,5,1,100.0,0,N,RURAL_VICTORIA,HIGHWAY,4,10.0
91158,1,3,147,5,1,80.0,0,N,MELB_URBAN,ROAD,4,8.0
91159,1,2,99,5,1,40.0,0,N,MELBOURNE_CBD,STREET,4,15.0
91160,1,7,130,1,1,60.0,0,I,MELB_URBAN,ROAD,4,15.0
91161,1,1,130,5,1,60.0,0,N,MELB_URBAN,UNKNOWN,4,17.0
91162,1,3,99,2,1,50.0,0,I,MELB_URBAN,OTHER,4,15.0
91163,1,3,133,5,2,40.0,0,N,MELBOURNE_CBD,STREET,4,16.0
91164,1,2,130,5,1,60.0,0,N,MELB_URBAN,ROAD,4,16.0
91165,4,2,171,5,1,80.0,0,N,MELB_URBAN,ROAD,4,15.0
91166,1,3,134,1,1,60.0,0,N,MELB_URBAN,ROAD,4,16.0
91167,8,3,99,5,1,100.0,0,N,RURAL_VICTORIA,ROAD,4,15.0
91168,1,5,163,2,1,40.0,0,N,MELB_URBAN,STREET,4,16.0
91169,1,3,130,5,3,100.0,0,I,MELB_URBAN,ROAD,4,19.0
91170,1,3,120,2,5,50.0,0,I,MELB_URBAN,BOULEVARD,4,18.0
91171,1,3,99,5,3,60.0,0,N,LARGE_PROVINCIAL_CITIES,STREET,4,19.0
91172,2,3,99,5,3,30.0,0,N,SMALL_CITIES,STREET,4,19.0
91173,1,3,99,2,1,60.0,0,I,MELB_URBAN,RAMP,4,17.0
91174,2,2,100,5,1,60.0,0,N,MELB_URBAN,DRIVE,4,17.0
91175,1,3,121,1,3,60.0,0,I,MELB_URBAN,HIGHWAY,4,18.0
91176,4,3,173,5,5,60.0,0,N,RURAL_VICTORIA,ROAD,4,20.0
91177,2,3,99,5,3,60.0,0,N,TOWNS,STREET,4,20.0
91178,1,4,120,5,5,60.0,0,N,RURAL_VICTORIA,ROAD,4,3.0
91179,6,5,99,5,1,100.0,0,N,RURAL_VICTORIA,ROAD,3,16.0
91180,1,2,99,1,1,60.0,0,I,MELB_URBAN,STREET,3,12.0
91181,1,1,113,1,1,100.0,0,N,RURAL_VICTORIA,HIGHWAY,4,11.0
91182,1,3,110,1,1,50.0,0,I,MELB_URBAN,STREET,4,14.0
91183,1,4,99,5,1,50.0,0,N,MELB_URBAN,STREET,4,10.0
91184,1,3,110,1,1,50.0,0,I,LARGE_PROVINCIAL_CITIES,STREET,4,9.0
91185,2,3,99,4,1,50.0,0,I,SMALL_CITIES,STREET,4,9.0
91186,1,4,130,5,9,60.0,0,I,TOWNS,HIGHWAY,3,18.0
91187,1,3,130,5,9,80.0,0,N,MELB_URBAN,OTHER,4,1.0
91188,1,3,121,5,3,80.0,0,N,MELB_URBAN,ROAD,4,17.0
91189,1,3,121,2,6,40.0,0,I,MELB_URBAN,ROAD,4,18.0
91190,1,4,99,5,1,60.0,0,N,MELB_URBAN,ROAD,4,14.0
91191,1,4,99,5,1,80.0,0,N,RURAL_VICTORIA,HIGHWAY,4,13.0
91192,8,4,99,5,1,100.0,0,N,RURAL_VICTORIA,HIGHWAY,4,14.0
91193,1,4,120,5,1,60.0,0,N,TOWNS,STREET,4,15.0
91194,4,4,183,5,1,60.0,0,N,RURAL_VICTORIA,ROAD,4,16.0
91195,1,4,99,5,1,100.0,1,N,RURAL_VICTORIA,ROAD,4,10.0
91196,1,4,99,2,1,50.0,0,I,MELB_URBAN,AVENUE,4,16.0
91197,1,3,120,5,1,60.0,0,N,MELB_URBAN,ROAD,4,17.0
91198,1,4,113,2,3,40.0,0,I,MELB_URBAN,STREET,4,18.0
91199,2,3,100,2,1,50.0,0,I,MELB_URBAN,ROAD,4,8.0
91200,4,4,181,5,5,60.0,0,N,RURAL_VICTORIA,ROAD,4,4.0
91201,2,4,99,5,5,70.0,0,N,RURAL_VICTORIA,ROAD,4,20.0
91202,1,6,120,5,1,50.0,0,N,RURAL_VICTORIA,ROAD,4,7.0
91203,6,5,174,1,3,60.0,0,I,LARGE_PROVINCIAL_CITIES,STREET,4,0.0
91204,1,6,113,2,1,70.0,0,I,MELB_URBAN,ROAD,4,17.0
91205,1,5,110,1,1,60.0,0,I,MELB_URBAN,STREET,4,7.0
91206,1,5,110,1,1,50.0,0,I,MELB_URBAN,DRIVE,4,7.0
91207,1,7,99,5,1,80.0,0,N,MELB_URBAN,ROAD,2,17.0
91208,3,2,167,5,2,60.0,0,N,RURAL_VICTORIA,ROAD,4,18.0
91209,1,5,130,5,1,60.0,0,N,MELB_URBAN,HIGHWAY,4,8.0
91210,4,4,171,5,1,40.0,0,N,MELB_URBAN,STREET,4,8.0
91211,8,3,99,1,3,50.0,0,I,MELB_URBAN,STREET,4,19.0
91212,1,5,99,2,1,60.0,0,I,MELB_URBAN,STREET,4,8.0
91213,1,5,110,1,1,50.0,0,I,MELB_URBAN,STREET,4,9.0
91214,4,1,183,5,5,80.0,0,N,RURAL_VICTORIA,ROAD,4,21.0
91215,1,5,110,1,1,50.0,0,I,MELB_URBAN,STREET,4,8.0
91216,6,3,184,5,1,70.0,0,N,MELB_URBAN,OTHER,4,16.0
91217,6,3,99,5,6,100.0,0,N,SMALL_TOWNS,ROAD,6,17.0
91218,1,5,121,2,1,60.0,0,I,MELB_URBAN,HIGHWAY,4,12.0
91219,1,5,121,5,1,60.0,0,N,LARGE_PROVINCIAL_CITIES,ROAD,4,11.0
91220,1,5,132,5,1,80.0,0,N,MELB_URBAN,ROAD,4,12.0
91221,1,4,110,1,2,60.0,0,I,MELB_URBAN,STREET,4,16.0