,accident_type,day_of_week,dca_code,road_geometry,light_condition,speed_zone,severity,node_type,deg_urban_name,road_type,month,hour
91222,1,5,110,1,1,50.0,0,I,MELB_URBAN,STREET,4,12.0
91223,1,5,121,2,1,80.0,0,I,MELB_URBAN,HIGHWAY,4,11.0
91224,1,3,130,5,1,60.0,0,N,MELB_URBAN,STREET,4,9.0
91225,1,5,111,1,1,50.0,0,I,LARGE_PROVINCIAL_CITIES,STREET,4,13.0
91226,1,5,147,5,1,50.0,0,N,TOWNS,STREET,4,14.0
91227,1,4,134,5,1,70.0,0,N,SMALL_CITIES,ROAD,4,13.0
91228,1,5,113,2,1,40.0,0,I,MELB_URBAN,OTHER,4,14.0
91229,1,5,113,2,1,70.0,0,I,RURAL_VICTORIA,ROAD,4,14.0
91230,1,6,130,5,1,60.0,0,N,MELB_URBAN,ROAD,1,15.0
91231,1,4,99,2,1,50.0,0,I,MELB_URBAN,OTHER,4,15.0
91232,1,2,140,5,1,50.0,0,N,SMALL_CITIES,STREET,4,14.0
91233,1,5,130,5,3,70.0,0,N,MELB_URBAN,ROAD,4,17.0
91234,6,1,184,2,1,60.0,0,I,MELB_URBAN,STREET,4,12.0
91235,1,5,130,5,1,100.0,0,N,MELB_URBAN,FREEWAY,4,12.0
91236,1,5,130,5,3,60.0,0,N,MELB_URBAN,STREET,4,18.0
91237,1,5,113,2,5,60.0,0,I,MELB_URBAN,ROAD,4,17.0
91238,2,5,100,5,1,60.0,0,I,MELB_URBAN,ROAD,4,15.0
91239,1,5,133,2,3,40.0,0,I,MELB_URBAN,OTHER,4,20.0
91240,1,4,121,1,3,60.0,0,N,MELB_URBAN,STREET,4,19.0
91241,1,4,130,5,3,60.0,0,N,MELB_URBAN,ROAD,4,20.0
91242,4,4,99,2,5,50.0,0,I,MELB_URBAN,AVENUE,4,20.0
91243,1,5,121,1,1,60.0,0,I,MELB_URBAN,STREET,4,15.0
91244,4,6,181,5,5,80.0,0,N,MELB_URBAN,HIGHWAY,4,1.0
91245,4,4,181,5,1,100.0,0,N,RURAL_VICTORIA,ROAD,4,9.0
91246,8,2,174,1,3,50.0,0,I,MELB_URBAN,STREET,4,20.0
91247,1,6,111,1,1,60.0,0,I,LARGE_PROVINCIAL_CITIES,ROAD,4,8.0
91248,1,2,116,2,1,60.0,0,I,MELB_URBAN,STREET,4,16.0
91249,1,5,130,5,1,80.0,0,N,MELB_URBAN,FREEWAY,4,15.0
91250,1,6,110,1,1,60.0,0,I,SMALL_CITIES,STREET,4,9.0
91251,1,6,163,5,1,40.0,0,N,MELB_URBAN,STREET,4,9.0
91252,4,3,171,5,1,80.0,0,N,RURAL_VICTORIA,ROAD,4,14.0
91253,1,5,135,5,1,70.0,0,N,MELB_URBAN,ROAD,4,11.0
91254,6,5,99,5,1,100.0,0,N,RURAL_VICTORIA,ROAD,4,8.0
91255,2,6,100,2,1,40.0,0,N,MELB_URBAN,ROAD,4,9.0
91256,1,6,130,2,1,80.0,0,I,MELB_URBAN,RAMP,4,7.0
91257,1,6,147,5,1,80.0,0,N,RURAL_VICTORIA,ROAD,4,10.0
91258,1,6,121,5,1,60.0,0,N,MELB_URBAN,STREET,4,9.0
91259,1,6,110,1,1,70.0,0,I,MELB_URBAN,ROAD,4,7.0
91260,1,6,132,2,1,60.0,0,I,TOWNS,STREET,4,12.0
91261,1,4,120,5,3,40.0,0,N,MELB_URBAN,ROAD,4,19.0
91262,1,6,110,1,1,70.0,0,I,MELB_URBAN,ROAD,4,11.0
91263,2,6,99,2,1,70.0,0,I,LARGE_PROVINCIAL_CITIES,OTHER,4,10.0
91264,1,6,130,5,1,100.0,0,N,MELB_URBAN,ROAD,4,8.0
91265,2,5,102,1,1,60.0,0,I,MELB_URBAN,STREET,4,9.0
91266,1,5,113,2,1,80.0,0,I,MELB_URBAN,ROAD,4,10.0
91267,1,5,110,1,1,60.0,0,I,MELB_URBAN,ROAD,4,7.0
91268,1,3,116,1,3,50.0,0,I,MELB_URBAN,STREET,4,18.0
91269,1,0,99,2,3,50.0,0,I,SMALL_CITIES,OTHER,4,21.0
91270,6,4,99,5,1,60.0,0,N,RURAL_VICTORIA,ROAD,4,9.0
91271,6,6,99,5,1,100.0,0,N,RURAL_VICTORIA,OTHER,4,12.0
91272,1,6,99,5,1,100.0,0,N,RURAL_VICTORIA,ROAD,4,14.0
91273,1,5,121,2,3,70.0,0,I,MELB_URBAN,ROAD,4,17.0
91274,2,6,102,5,3,60.0,0,N,MELB_URBAN,ROAD,4,18.0
91275,1,6,140,5,2,50.0,0,N,MELB_URBAN,DRIVE,4,17.0
91276,1,6,113,2,3,60.0,0,I,MELB_URBAN,ROAD,4,18.0
91277,1,6,99,2,1,50.0,0,I,MELB_URBAN,ROAD,4,14.0
91278,4,6,171,2,1,60.0,0,N,RURAL_VICTORIA,OTHER,4,17.0
91279,1,6,111,2,5,80.0,0,I,MELB_URBAN,ROAD,4,18.0
91280,1,6,130,5,3,100.0,0,N,MELB_URBAN,ROAD,4,18.0
91281,2,6,100,5,1,40.0,0,N,MELB_URBAN,OTHER,4,16.0
91282,8,6,174,4,2,80.0,0,I,RURAL_VICTORIA,RAMP,4,17.0
91283,2,6,99,5,3,60.0,0,N,MELB_URBAN,STREET,4,19.0
91284,1,6,116,2,1,80.0,0,I,RURAL_VICTORIA,HIGHWAY,4,15.0
91285,8,6,174,5,3,60.0,0,N,MELB_URBAN,STREET,4,18.0
91286,6,3,184,5,1,100.0,0,N,RURAL_VICTORIA,ROAD,4,9.0
91287,1,5,130,5,2,100.0,0,N,MELB_URBAN,ROAD,4,6.0
91288,1,6,110,1,3,70.0,0,N,MELB_URBAN,PARADE,4,20.0
91289,1,6,130,5,3,70.0,0,N,MELB_URBAN,ROAD,4,20.0
91290,1,5,121,2,3,70.0,0,I,MELB_URBAN,ROAD,4,22.0
91291,1,6,171,5,3,80.0,0,N,MELB_URBAN,STREET,4,22.0
91292,1,7,110,1,3,50.0,0,I,MELB_URBAN,STREET,4,2.0
91293,4,7,171,5,3,70.0,0,N,MELB_URBAN,ROAD,4,1.0
91294,4,5,181,5,1,100.0,0,N,RURAL_VICTORIA,ROAD,4,14.0
91295,4,6,173,5,3,50.0,0,N,MELB_URBAN,STREET,4,17.0
91296,6,2,170,5,1,60.0,0,N,RURAL_VICTORIA,ROAD,4,16.0
91297,1,7,130,5,1,40.0,0,N,MELB_URBAN,ROAD,4,8.0
91298,1,7,140,5,1,50.0,0,N,MELB_URBAN,AVENUE,4,8.0
91299,1,7,130,5,1,80.0,0,N,MELB_URBAN,OTHER,4,7.0
91300,1,6,133,1,1,60.0,0,I,MELB_URBAN,ROAD,4,9.0
91301,1,7,121,2,1,60.0,0,I,MELB_URBAN,ROAD,4,11.0
91302,1,7,111,2,1,80.0,0,I,RURAL_VICTORIA,HIGHWAY,4,11.0
91303,1,7,132,5,1,70.0,0,N,LARGE_PROVINCIAL_CITIES,ROAD,4,12.0
91304,1,6,121,1,1,50.0,0,I,TOWNS,HIGHWAY,4,12.0
91305,1,7,99,2,1,50.0,0,N,MELB_URBAN,ROAD,4,9.0
91306,4,6,173,5,6,50.0,0,N,MELB_URBAN,OTHER,4,21.0
91307,1,7,132,2,1,100.0,0,I,RURAL_VICTORIA,ROAD,4,13.0
91308,1,7,113,2,1,50.0,0,I,LARGE_PROVINCIAL_CITIES,STREET,4,13.0
91309,4,4,171,5,1,100.0,0,N,RURAL_VICTORIA,ROAD,4,15.0
91310,1,7,120,5,1,80.0,0,N,RURAL_VICTORIA,ROAD,4,11.0
91311,4,7,173,5,1,70.0,0,N,RURAL_VICTORIA,HIGHWAY,4,16.0
91312,1,5,99,2,1,40.0,0,I,MELB_URBAN,ROAD,4,8.0
91313,1,7,99,5,1,60.0,0,N,SMALL_CITIES,STREET,4,17.0
91314,1,7,116,1,3,80.0,0,I,RURAL_VICTORIA,ROAD,4,18.0
91315,1,7,110,1,1,60.0,0,I,MELB_URBAN,STREET,4,13.0
91316,4,7,173,5,3,90.0,0,N,RURAL_VICTORIA,HIGHWAY,4,19.0
91317,1,7,113,2,3,60.0,0,I,MELB_URBAN,ROAD,4,22.0
91318,4,7,173,2,3,50.0,0,N,MELB_URBAN,AVENUE,4,23.0
91319,2,7,100,5,3,60.0,0,N,MELB_URBAN,ROAD,4,21.0
91320,1,7,121,1,3,80.0,0,I,MELB_URBAN,ROAD,4,23.0
91321,2,1,100,5,3,60.0,0,N,LARGE_PROVINCIAL_CITIES,HIGHWAY,4,2.0
91322,6,7,99,5,5,70.0,0,N,MELB_URBAN,ROAD,4,23.0
91323,4,6,171,1,2,80.0,0,I,RURAL_VICTORIA,ROAD,4,5.0
91324,1,7,99,2,1,60.0,0,N,MELB_URBAN,ROAD,4,13.0
91325,1,1,135,5,1,70.0,0,N,MELB_URBAN,ROAD,4,10.0
91326,1,1,130,1,1,80.0,0,I,MELB_URBAN,ROAD,4,11.0
91327,4,6,99,5,1,60.0,0,N,RURAL_VICTORIA,ROAD,4,14.0
91328,4,1,99,5,1,80.0,0,N,MELB_URBAN,ROAD,4,11.0
91329,1,1,130,1,1,50.0,0,I,TOWNS,PARADE,4,11.0
91330,1,7,173,5,3,60.0,0,N,MELB_URBAN,ROAD,4,21.0
91331,4,0,171,1,1,60.0,0,I,RURAL_VICTORIA,DRIVE,4,7.0
91332,1,5,135,2,3,70.0,0,N,MELB_URBAN,ROAD,4,18.0
91333,1,1,110,1,1,50.0,0,I,MELB_URBAN,STREET,4,14.0
91334,2,0,100,5,1,50.0,0,N,MELB_URBAN,ROAD,4,17.0
91335,1,7,113,2,1,80.0,0,I,MELB_URBAN,DRIVE,4,16.0
91336,2,1,102,2,1,60.0,1,N,SMALL_CITIES,ROAD,4,16.0
91337,1,5,120,5,1,60.0,0,N,MELB_URBAN,ROAD,4,7.0
91338,2,1,102,2,1,50.0,0,I,TOWNS,STREET,4,15.0
91339,4,7,173,5,1,60.0,0,N,RURAL_VICTORIA,OTHER,4,14.0
91340,1,1,121,1,3,70.0,0,N,MELB_URBAN,ROAD,4,22.0
91341,1,0,130,5,5,110.0,0,N,RURAL_VICTORIA,FREEWAY,4,21.0
91342,4,1,99,6,3,50.0,0,N,MELB_URBAN,AVENUE,4,22.0
91343,1,6,130,5,1,110.0,0,N,RURAL_VICTORIA,FREEWAY,4,8.0
91344,4,2,173,5,3,70.0,0,N,MELB_URBAN,ROAD,4,1.0
91345,1,2,135,5,3,100.0,0,N,MELB_URBAN,ROAD,4,5.0
91346,1,2,110,1,1,50.0,0,I,MELB_URBAN,STREET,4,7.0
91347,2,3,99,5,1,60.0,0,N,MELBOURNE_CBD,OTHER,4,8.0
91348,4,6,183,5,5,80.0,0,N,RURAL_VICTORIA,ROAD,4,5.0
91349,1,6,130,1,1,50.0,0,I,SMALL_CITIES,STREET,4,14.0
91350,1,1,130,5,2,100.0,0,N,MELB_URBAN,FREEWAY,4,17.0
91351,4,1,99,2,1,80.0,0,I,SMALL_CITIES,ROAD,4,8.0
91352,1,2,110,1,1,100.0,0,I,RURAL_VICTORIA,HIGHWAY,4,6.0
91353,1,1,130,5,1,80.0,0,I,RURAL_VICTORIA,RAMP,4,8.0
91354,2,2,99,5,1,40.0,0,N,SMALL_CITIES,OTHER,4,7.0
91355,1,7,133,5,1,60.0,0,N,RURAL_VICTORIA,ROAD,4,12.0
91356,1,1,110,1,1,60.0,0,I,LARGE_PROVINCIAL_CITIES,STREET,4,10.0
91357,1,2,147,5,1,60.0,0,N,MELB_URBAN,ROAD,4,9.0
91358,1,1,130,5,1,40.0,0,N,MELB_URBAN,ROAD,4,9.0
91359,4,2,173,5,1,80.0,0,N,MELB_URBAN,ROAD,4,8.0
91360,1,2,160,5,1,50.0,0,N,MELB_URBAN,STREET,4,12.0
91361,1,2,113,2,1,60.0,0,I,MELB_URBAN,ROAD,4,8.0
91362,1,1,130,2,1,70.0,0,I,LARGE_PROVINCIAL_CITIES,ROAD,4,12.0
91363,5,1,99,5,1,60.0,0,N,RURAL_VICTORIA,OTHER,4,11.0
91364,1,1,130,5,1,60.0,0,N,MELB_URBAN,ROAD,4,19.0
91365,2,2,99,5,1,60.0,0,N,MELB_URBAN,ROAD,4,12.0
91366,1,2,130,2,1,80.0,0,I,MELB_URBAN,HIGHWAY,4,8.0
91367,1,2,99,1,1,60.0,0,I,MELB_URBAN,AVENUE,4,8.0
91368,1,1,120,2,1,50.0,0,I,MELB_URBAN,DRIVE,4,16.0
91369,4,0,183,5,6,60.0,0,N,TOWNS,ROAD,4,21.0
91370,2,0,99,5,6,40.0,0,N,MELBOURNE_CBD,STREET,4,21.0
91371,1,2,111,1,1,60.0,0,I,LARGE_PROVINCIAL_CITIES,STREET,4,14.0
91372,2,1,100,5,1,50.0,0,N,MELB_URBAN,STREET,4,15.0
91373,4,2,181,1,1,60.0,0,I,LARGE_PROVINCIAL_CITIES,STREET,4,15.0
91374,1,2,130,5,6,60.0,0,N,MELB_URBAN,ROAD,4,18.0
91375,1,2,110,1,1,60.0,0,I,SMALL_CITIES,AVENUE,4,15.0
91376,1,2,121,1,1,60.0,0,N,MELB_URBAN,ROAD,4,15.0
91377,1,2,130,1,1,60.0,0,I,MELB_URBAN,ROAD,4,16.0
91378,1,2,121,2,3,60.0,0,I,LARGE_PROVINCIAL_CITIES,ROAD,4,19.0
91379,1,1,130,1,1,60.0,0,I,LARGE_PROVINCIAL_CITIES,STREET,4,14.0
91380,4,1,171,5,3,60.0,0,N,MELB_URBAN,ROAD,4,18.0
91381,1,1,130,5,2,70.0,0,N,MELB_URBAN,ROAD,4,16.0
91382,1,2,121,2,3,60.0,0,I,MELB_URBAN,STREET,4,18.0
91383,1,2,132,5,2,100.0,0,N,RURAL_VICTORIA,ROAD,4,17.0
91384,1,2,121,1,3,60.0,0,I,MELB_URBAN,ROAD,4,18.0
91385,1,2,132,2,3,60.0,0,I,MELB_URBAN,ROAD,4,21.0
91386,4,2,181,5,5,60.0,0,N,RURAL_VICTORIA,ROAD,4,23.0
91387,6,3,174,5,3,80.0,0,N,RURAL_VICTORIA,RAMP,5,4.0
91388,1,3,121,1,1,60.0,0,I,LARGE_PROVINCIAL_CITIES,AVENUE,10,15.0
91389,1,3,140,5,1,60.0,0,N,MELB_URBAN,ROAD,5,8.0
91390,6,3,174,5,1,60.0,0,N,MELB_URBAN,ROAD,5,9.0
91391,1,3,116,2,1,100.0,0,I,RURAL_VICTORIA,ROAD,5,8.0
91392,8,3,174,2,1,100.0,0,I,RURAL_VICTORIA,ROAD,4,11.0
91393,1,3,110,1,1,50.0,0,I,LARGE_PROVINCIAL_CITIES,STREET,5,10.0
91394,2,1,99,5,3,40.0,0,N,LARGE_PROVINCIAL_CITIES,STREET,4,18.0
91395,1,0,113,2,1,60.0,0,UNKNOWN,RURAL_VICTORIA,UNKNOWN,4,16.0
91396,1,3,130,1,1,80.0,0,I,MELB_URBAN,HIGHWAY,5,8.0
91397,1,7,132,2,1,60.0,0,I,MELB_URBAN,ROAD,6,15.0
91398,1,1,130,5,1,60.0,0,N,MELB_URBAN,ROAD,4,15.0
91399,4,6,171,5,6,70.0,0,N,MELB_URBAN,ROAD,1,3.0
91400,1,3,110,1,1,80.0,0,I,TOWNS,STREET,5,12.0
91401,1,2,130,5,1,50.0,0,N,SMALL_CITIES,STREET,5,13.0
91402,1,3,130,1,1,70.0,0,I,SMALL_CITIES,PARADE,5,8.0
91403,1,3,140,5,1,100.0,0,N,RURAL_VICTORIA,ROAD,5,10.0
91404,4,3,181,2,1,50.0,0,I,TOWNS,STREET,5,13.0
91405,1,3,147,2,1,60.0,0,I,MELB_URBAN,ROAD,5,7.0
91406,4,2,183,5,1,60.0,0,N,SMALL_TOWNS,ROAD,5,14.0
91407,1,3,120,5,1,80.0,1,N,RURAL_VICTORIA,ROAD,5,11.0
91408,1,2,140,5,1,40.0,0,N,MELB_URBAN,STREET,5,11.0
91409,1,2,130,1,1,60.0,0,I,MELB_URBAN,ROAD,4,11.0
91410,1,3,130,5,1,60.0,0,N,MELB_URBAN,ROAD,5,14.0
91411,1,3,121,4,1,80.0,0,I,RURAL_VICTORIA,ROAD,5,16.0
91412,1,2,160,5,3,50.0,0,N,SMALL_CITIES,STREET,5,17.0
91413,1,3,160,5,1,50.0,0,N,MELB_URBAN,ROAD,5,17.0
91414,1,4,130,5,1,100.0,0,N,MELB_URBAN,FREEWAY,3,8.0
91415,1,3,120,5,3,60.0,0,N,MELB_URBAN,ROAD,5,17.0
91416,1,3,160,5,3,60.0,0,N,TOWNS,ROAD,5,19.0
91417,2,3,102,1,5,60.0,0,I,MELB_URBAN,ROAD,5,19.0
91418,8,3,99,5,3,50.0,0,N,RURAL_VICTORIA,ROAD,5,18.0
91419,1,3,140,5,1,100.0,0,N,RURAL_VICTORIA,ROAD,5,16.0
91420,1,3,130,6,3,70.0,0,N,RURAL_VICTORIA,HIGHWAY,5,19.0
91421,1,3,120,5,1,70.0,0,N,SMALL_CITIES,ROAD,5,16.0
91422,1,3,99,5,5,100.0,0,N,RURAL_VICTORIA,HIGHWAY,5,18.0
91423,1,3,121,2,3,60.0,0,I,MELB_URBAN,ROAD,5,20.0
91424,1,3,130,5,3,60.0,0,N,SMALL_CITIES,ROAD,5,18.0
91425,4,4,181,5,5,60.0,0,N,TOWNS,HIGHWAY,5,2.0
91426,4,4,171,5,3,50.0,0,N,MELB_URBAN,STREET,10,1.0
91427,1,4,120,5,2,80.0,0,N,RURAL_VICTORIA,ROAD,5,5.0
91428,6,1,99,5,2,60.0,0,N,RURAL_VICTORIA,UNKNOWN,3,19.0
91429,1,3,110,1,1,70.0,0,I,MELB_URBAN,ROAD,5,12.0
91430,1,7,130,5,1,40.0,0,N,MELB_URBAN,STREET,4,13.0
91431,8,7,174,1,1,40.0,0,I,MELB_URBAN,STREET,4,14.0
91432,1,3,110,1,1,100.0,0,I,MELB_URBAN,ROAD,5,9.0
91433,1,5,113,2,1,60.0,0,I,MELB_URBAN,AVENUE,2,8.0
91434,1,4,121,2,1,70.0,0,I,LARGE_PROVINCIAL_CITIES,HIGHWAY,5,8.0
91435,1,3,147,5,1,50.0,0,N,MELB_URBAN,STREET,5,8.0
91436,1,4,135,5,1,60.0,0,N,MELB_URBAN,STREET,5,12.0
91437,4,4,173,5,1,60.0,0,N,TOWNS,ROAD,5,12.0
91438,1,4,130,2,1,40.0,0,N,LARGE_PROVINCIAL_CITIES,AVENUE,5,11.0
91439,1,4,113,2,1,60.0,0,I,MELB_URBAN,ROAD,5,12.0
91440,1,4,130,2,1,80.0,0,I,LARGE_PROVINCIAL_CITIES,ROAD,5,12.0
91441,1,2,163,5,1,40.0,0,N,MELB_URBAN,STREET,5,16.0
91442,1,7,130,1,2,70.0,0,I,MELB_URBAN,ROAD,4,18.0
91443,1,3,130,5,3,70.0,0,N,LARGE_PROVINCIAL_CITIES,ROAD,5,17.0
91444,8,7,174,3,1,60.0,0,I,RURAL_VICTORIA,OTHER,4,15.0
91445,6,6,99,5,1,60.0,0,N,TOWNS,HIGHWAY,4,10.0
91446,1,4,99,1,1,40.0,0,I,MELBOURNE_CBD,STREET,5,11.0
91447,1,4,130,5,1,80.0,0,N,RURAL_VICTORIA,HIGHWAY,5,15.0
91448,1,4,132,2,2,60.0,0,I,TOWNS,ROAD,5,17.0
91449,1,4,113,2,1,60.0,0,I,MELB_URBAN,STREET,5,15.0
91450,1,4,130,5,3,60.0,0,N,MELB_URBAN,UNKNOWN,5,18.0
91451,1,4,121,2,3,60.0,0,I,MELB_URBAN,OTHER,5,19.0
91452,1,3,99,5,1,70.0,0,N,MELB_URBAN,ROAD,5,17.0
91453,1,4,121,2,1,80.0,0,I,MELB_URBAN,HIGHWAY,5,15.0
91454,3,4,167,5,5,100.0,0,N,RURAL_VICTORIA,ROAD,5,19.0
91455,1,3,130,5,3,60.0,0,N,MELB_URBAN,ROAD,5,18.0
91456,1,4,121,1,3,70.0,0,I,MELB_URBAN,ROAD,5,20.0
91457,8,5,99,5,5,110.0,0,N,RURAL_VICTORIA,FREEWAY,5,0.0
91458,4,5,173,5,5,110.0,0,N,RURAL_VICTORIA,FREEWAY,5,0.0
91459,4,4,181,5,3,80.0,1,N,MELB_URBAN,HIGHWAY,5,23.0
91460,1,5,99,9,2,60.0,0,N,MELB_URBAN,ROAD,5,6.0
91461,1,6,130,5,1,100.0,0,N,MELB_URBAN,ROAD,4,18.0
91462,1,4,99,1,9,60.0,0,I,MELB_URBAN,STREET,5,17.0
91463,6,5,174,5,1,60.0,0,N,MELB_URBAN,ROAD,5,9.0
91464,1,5,130,2,1,60.0,0,I,TOWNS,ROAD,5,8.0
91465,6,4,184,5,5,100.0,0,N,RURAL_VICTORIA,ROAD,5,1.0
91466,1,4,130,5,2,60.0,0,N,MELB_URBAN,ROAD,5,18.0
91467,1,5,135,5,1,80.0,0,N,MELB_URBAN,HIGHWAY,5,7.0
91468,1,4,111,1,1,80.0,0,I,MELB_URBAN,ROAD,5,8.0
91469,1,5,130,5,1,100.0,0,N,MELB_URBAN,ROAD,5,9.0
91470,1,1,130,2,3,60.0,0,I,MELB_URBAN,ROAD,4,19.0
91471,1,5,130,5,1,60.0,0,I,LARGE_PROVINCIAL_CITIES,STREET,5,8.0
91472,1,5,121,2,1,40.0,0,I,MELB_URBAN,STREET,5,10.0
91473,4,5,171,5,1,110.0,0,N,RURAL_VICTORIA,FREEWAY,5,10.0
91474,1,5,110,1,1,60.0,0,I,SMALL_CITIES,ROAD,5,9.0
91475,2,4,102,5,1,50.0,0,N,SMALL_CITIES,STREET,5,11.0
91476,1,4,140,5,1,60.0,0,N,MELB_URBAN,ROAD,5,12.0
91477,1,5,140,2,1,50.0,0,I,MELB_URBAN,ROAD,5,14.0
91478,1,5,121,1,1,80.0,0,I,MELB_URBAN,ROAD,5,11.0
91479,4,5,173,5,1,100.0,0,N,RURAL_VICTORIA,HIGHWAY,5,14.0
91480,1,1,130,5,2,70.0,0,N,MELB_URBAN,ROAD,4,6.0
91481,1,4,110,1,1,60.0,0,I,RURAL_VICTORIA,ROAD,5,17.0
91482,1,2,135,1,1,70.0,0,I,MELB_URBAN,ROAD,4,12.0
91483,1,4,110,4,3,60.0,0,N,MELB_URBAN,ROAD,5,21.0
91484,1,5,160,5,3,60.0,0,N,MELB_URBAN,ROAD,5,17.0
91485,1,5,160,5,1,40.0,0,N,MELBOURNE_CBD,STREET,5,16.0
91486,1,4,130,5,1,60.0,0,N,MELB_URBAN,ROAD,5,16.0
91487,1,5,99,5,1,40.0,0,N,SMALL_CITIES,OTHER,5,16.0
91488,1,5,163,5,3,40.0,0,N,MELB_URBAN,STREET,5,20.0
91489,1,4,121,1,3,60.0,0,I,MELB_URBAN,ROAD,5,18.0
91490,1,5,130,5,3,80.0,0,N,MELB_URBAN,HIGHWAY,5,18.0
91491,1,5,121,1,3,60.0,0,I,MELB_URBAN,ROAD,5,20.0
91492,1,5,113,2,1,70.0,0,I,MELB_URBAN,ROAD,5,16.0
91493,1,5,130,5,3,80.0,0,N,MELB_URBAN,ROAD,5,19.0
91494,1,5,99,5,1,60.0,0,N,MELB_URBAN,ROAD,5,15.0
91495,2,4,99,5,3,60.0,0,N,MELB_URBAN,ROAD,5,19.0
91496,4,5,173,2,6,60.0,0,I,LARGE_PROVINCIAL_CITIES,ROAD,5,21.0
91497,4,5,171,5,2,100.0,0,N,RURAL_VICTORIA,HIGHWAY,5,6.0
91498,1,5,110,1,3,60.0,0,I,MELB_URBAN,AVENUE,5,22.0
91499,2,6,99,2,3,60.0,0,I,MELB_URBAN,ROAD,5,0.0
91500,1,5,130,5,3,80.0,0,N,RURAL_VICTORIA,HIGHWAY,5,2.0
91501,1,6,99,2,3,60.0,0,I,MELB_URBAN,ROAD,5,6.0
91502,1,5,120,2,3,80.0,0,I,LARGE_PROVINCIAL_CITIES,HIGHWAY,5,17.0
91503,1,4,110,1,1,50.0,0,I,LARGE_PROVINCIAL_CITIES,STREET,5,17.0
91504,4,6,171,1,1,60.0,0,I,MELB_URBAN,RAMP,5,6.0
91505,1,6,99,1,1,60.0,0,N,MELB_URBAN,ROAD,5,7.0
91506,1,6,121,1,1,50.0,0,I,MELB_URBAN,STREET,4,10.0
91507,1,5,120,5,1,60.0,0,N,MELB_URBAN,ROAD,5,7.0
91508,1,6,121,1,1,60.0,0,I,MELB_URBAN,ROAD,5,8.0
91509,2,6,102,5,1,60.0,0,N,MELB_URBAN,ROAD,5,7.0
91510,4,6,181,5,1,100.0,0,N,RURAL_VICTORIA,HIGHWAY,5,8.0
91511,1,5,132,5,3,60.0,0,N,MELB_URBAN,ROAD,5,22.0
91512,2,2,99,4,1,60.0,0,N,MELB_URBAN,ROAD,4,14.0
91513,6,5,99,5,1,80.0,0,N,RURAL_VICTORIA,ROAD,5,9.0
91514,4,6,171,5,1,60.0,0,N,MELB_URBAN,ROAD,5,7.0
91515,1,6,110,1,1,60.0,0,I,MELB_URBAN,PARADE,5,8.0
91516,6,6,174,2,1,100.0,0,I,RURAL_VICTORIA,ROAD,4,11.0
91517,1,6,99,2,1,50.0,0,I,MELB_URBAN,STREET,5,9.0
91518,2,5,102,5,1,80.0,0,I,MELB_URBAN,ROAD,5,9.0
91519,1,5,110,4,1,60.0,0,I,SMALL_CITIES,ROAD,5,14.0
91520,1,4,130,1,1,80.0,0,I,MELB_URBAN,HIGHWAY,5,8.0
91521,1,4,133,1,1,50.0,0,N,MELB_URBAN,STREET,4,15.0
91522,4,5,181,5,1,100.0,0,N,RURAL_VICTORIA,HIGHWAY,5,12.0
91523,4,6,173,5,2,40.0,0,N,SMALL_CITIES,STREET,5,16.0
91524,9,5,99,5,1,60.0,0,N,MELB_URBAN,ROAD,5,8.0
91525,6,5,99,5,1,80.0,0,N,RURAL_VICTORIA,ROAD,5,9.0
91526,1,6,120,5,1,80.0,0,N,RURAL_VICTORIA,ROAD,5,15.0
91527,1,6,99,1,9,50.0,0,I,LARGE_PROVINCIAL_CITIES,STREET,4,18.0
91528,1,6,99,1,5,80.0,0,I,RURAL_VICTORIA,ROAD,5,5.0
91529,4,6,181,2,1,80.0,0,N,RURAL_VICTORIA,ROAD,5,13.0
91530,1,6,130,5,1,70.0,0,N,MELB_URBAN,ROAD,5,16.0
91531,8,7,184,5,1,60.0,0,N,RURAL_VICTORIA,ROAD,4,10.0
91532,1,6,130,5,1,50.0,0,N,MELB_URBAN,AVENUE,5,14.0
91533,4,5,173,5,1,100.0,0,N,RURAL_VICTORIA,FREEWAY,5,9.0
91534,1,6,121,1,1,50.0,0,I,LARGE_PROVINCIAL_CITIES,STREET,5,19.0
91535,1,6,110,1,3,70.0,0,I,MELB_URBAN,HIGHWAY,5,18.0
91536,2,5,99,2,3,60.0,0,N,MELB_URBAN,ROAD,5,17.0
91537,1,4,163,1,1,40.0,0,I,MELBOURNE_CBD,STREET,5,16.0
91538,1,5,121,1,3,60.0,0,N,LARGE_PROVINCIAL_CITIES,STREET,5,21.0
91539,1,5,130,5,2,100.0,0,N,MELB_URBAN,FREEWAY,5,17.0
91540,1,6,133,5,3,60.0,0,N,MELB_URBAN,STREET,5,20.0
91541,1,6,99,2,3,50.0,0,I,MELB_URBAN,STREET,5,18.0
91542,3,6,167,5,5,100.0,0,N,RURAL_VICTORIA,ROAD,5,5.0
91543,6,6,170,5,5,80.0,0,N,RURAL_VICTORIA,ROAD,5,3.0
91544,1,5,130,2,1,80.0,0,I,SMALL_CITIES,ROAD,5,14.0
91545,1,7,110,4,1,50.0,0,I,MELB_URBAN,ROAD,5,8.0
91546,8,7,99,5,5,80.0,1,N,RURAL_VICTORIA,HIGHWAY,5,2.0
91547,1,6,110,1,1,60.0,0,I,LARGE_PROVINCIAL_CITIES,STREET,5,9.0
91548,1,7,110,1,1,60.0,0,I,LARGE_PROVINCIAL_CITIES,STREET,5,7.0
91549,1,7,130,2,1,60.0,0,I,MELB_URBAN,ROAD,5,9.0
91550,2,3,99,5,5,60.0,0,N,RURAL_VICTORIA,OTHER,5,18.0
91551,1,4,120,5,1,100.0,0,N,RURAL_VICTORIA,ROAD,5,11.0
91552,4,7,181,5,2,100.0,0,N,RURAL_VICTORIA,HIGHWAY,5,7.0