,accident_type,day_of_week,dca_code,road_geometry,light_condition,speed_zone,severity,node_type,deg_urban_name,road_type,month,hour
91553,1,7,132,4,1,80.0,0,I,RURAL_VICTORIA,ROAD,5,11.0
91554,1,6,121,2,1,60.0,0,I,MELB_URBAN,ROAD,5,10.0
91555,1,7,130,2,1,60.0,0,I,MELB_URBAN,ROAD,5,11.0
91556,8,7,99,5,1,60.0,0,N,RURAL_VICTORIA,ROAD,5,7.0
91557,1,7,130,5,1,80.0,0,N,LARGE_PROVINCIAL_CITIES,STREET,5,12.0
91558,8,3,99,5,1,60.0,0,N,MELB_URBAN,STREET,5,16.0
91559,1,7,160,5,1,50.0,0,N,MELB_URBAN,PARADE,5,14.0
91560,4,6,181,5,1,100.0,0,N,RURAL_VICTORIA,ROAD,5,14.0
91561,1,6,120,2,1,40.0,0,N,MELB_URBAN,STREET,5,16.0
91562,1,7,99,5,1,100.0,0,N,RURAL_VICTORIA,ROAD,5,14.0
91563,4,7,181,5,1,100.0,0,N,RURAL_VICTORIA,ROAD,5,15.0
91564,2,7,102,5,3,60.0,0,N,MELB_URBAN,DRIVE,5,18.0
91565,8,7,99,5,1,100.0,0,N,RURAL_VICTORIA,ROAD,5,14.0
91566,1,7,116,2,3,60.0,0,I,MELB_URBAN,ROAD,5,17.0
91567,1,7,99,1,3,110.0,0,I,RURAL_VICTORIA,FREEWAY,5,18.0
91568,1,7,163,5,1,40.0,0,N,MELB_URBAN,STREET,5,11.0
91569,6,6,99,5,5,100.0,0,N,RURAL_VICTORIA,ROAD,5,3.0
91570,1,7,99,5,1,60.0,0,N,MELB_URBAN,ROAD,5,16.0
91571,1,7,140,5,3,60.0,0,N,MELB_URBAN,ROAD,5,17.0
91572,1,7,121,4,1,50.0,1,I,MELB_URBAN,STREET,5,14.0
91573,1,6,110,1,1,50.0,0,I,MELB_URBAN,AVENUE,5,15.0
91574,8,7,170,5,3,60.0,0,N,MELB_URBAN,ROAD,5,6.0
91575,4,6,183,5,5,50.0,0,N,MELB_URBAN,ROAD,5,22.0
91576,6,6,99,5,5,60.0,0,N,RURAL_VICTORIA,ROAD,5,22.0
91577,4,1,173,1,3,60.0,0,I,SMALL_CITIES,OTHER,5,0.0
91578,1,7,110,1,5,80.0,1,I,RURAL_VICTORIA,ROAD,5,18.0
91579,4,7,183,5,5,80.0,1,N,TOWNS,ROAD,5,22.0
91580,4,0,171,5,5,90.0,0,N,RURAL_VICTORIA,HIGHWAY,5,2.0
91581,1,6,116,2,6,60.0,0,I,RURAL_VICTORIA,ROAD,5,18.0
91582,6,7,99,2,1,100.0,0,N,RURAL_VICTORIA,ROAD,5,16.0
91583,4,1,181,5,5,100.0,1,N,RURAL_VICTORIA,ROAD,5,2.0
91584,4,1,181,5,3,50.0,0,N,SMALL_CITIES,DRIVE,5,1.0
91585,1,7,99,5,1,60.0,0,I,SMALL_CITIES,STREET,5,11.0
91586,1,6,99,1,1,40.0,0,I,MELBOURNE_CBD,STREET,5,12.0
91587,1,4,121,5,1,60.0,0,N,MELB_URBAN,ROAD,4,9.0
91588,1,1,130,5,1,100.0,0,N,MELB_URBAN,ROAD,5,7.0
91589,4,1,181,5,1,100.0,0,N,RURAL_VICTORIA,HIGHWAY,5,8.0
91590,2,1,99,5,1,60.0,0,N,MELB_URBAN,ROAD,5,9.0
91591,1,2,121,1,1,40.0,0,I,MELBOURNE_CBD,STREET,4,16.0
91592,1,1,121,2,1,60.0,0,N,LARGE_PROVINCIAL_CITIES,ROAD,5,11.0
91593,1,1,110,1,1,60.0,0,I,MELB_URBAN,ROAD,5,11.0
91594,1,1,147,2,1,60.0,0,N,MELB_URBAN,ROAD,5,12.0
91595,1,1,130,1,1,60.0,0,I,LARGE_PROVINCIAL_CITIES,STREET,5,11.0
91596,8,1,99,2,5,100.0,0,I,RURAL_VICTORIA,ROAD,4,23.0
91597,1,1,163,2,1,40.0,0,I,MELB_URBAN,ROAD,5,13.0
91598,1,1,130,5,1,80.0,0,N,MELB_URBAN,ROAD,5,14.0
91599,4,7,173,5,5,50.0,0,N,RURAL_VICTORIA,STREET,5,23.0
91600,1,6,130,5,3,80.0,0,N,MELB_URBAN,HIGHWAY,5,18.0
91601,2,1,100,5,1,60.0,1,N,MELB_URBAN,HIGHWAY,5,12.0
91602,8,1,174,5,1,50.0,0,N,SMALL_CITIES,OTHER,5,12.0
91603,1,1,99,5,1,60.0,0,N,RURAL_VICTORIA,ROAD,5,16.0
91604,2,1,99,2,3,70.0,0,I,MELB_URBAN,ROAD,5,18.0
91605,1,1,99,5,3,60.0,0,N,SMALL_CITIES,ROAD,5,19.0
91606,4,2,173,5,5,80.0,0,N,RURAL_VICTORIA,ROAD,5,1.0
91607,1,6,130,5,1,40.0,0,N,MELB_URBAN,STREET,5,12.0
91608,1,2,111,2,6,60.0,0,I,MELB_URBAN,STREET,5,4.0
91609,1,1,130,5,1,100.0,0,N,RURAL_VICTORIA,HIGHWAY,5,14.0
91610,1,2,99,2,1,60.0,0,I,MELB_URBAN,PARADE,5,8.0
91611,1,2,130,2,1,50.0,0,I,MELB_URBAN,ROAD,5,9.0
91612,1,2,147,5,1,60.0,0,N,MELB_URBAN,ROAD,5,10.0
91613,1,2,130,5,1,60.0,0,N,SMALL_CITIES,STREET,5,11.0
91614,1,1,99,2,1,60.0,0,I,TOWNS,ROAD,5,8.0
91615,2,2,100,1,1,80.0,0,I,MELB_URBAN,ROAD,5,10.0
91616,3,2,167,5,1,60.0,0,N,RURAL_VICTORIA,OTHER,5,12.0
91617,4,2,171,5,1,60.0,0,N,TOWNS,STREET,5,13.0
91618,2,1,99,5,1,40.0,0,N,TOWNS,STREET,5,9.0
91619,1,4,130,2,9,60.0,0,I,MELB_URBAN,STREET,5,16.0
91620,1,6,132,2,3,80.0,0,I,MELB_URBAN,ROAD,5,18.0
91621,2,3,99,5,9,60.0,0,N,MELB_URBAN,PARADE,4,15.0
91622,1,2,130,5,2,80.0,0,N,MELB_URBAN,ROAD,5,17.0
91623,1,2,113,2,1,70.0,0,I,MELB_URBAN,ROAD,5,15.0
91624,1,2,130,2,1,60.0,0,N,MELB_URBAN,ROAD,5,17.0
91625,2,1,102,2,2,50.0,0,I,MELB_URBAN,AVENUE,5,18.0
91626,1,2,121,2,2,60.0,0,I,MELB_URBAN,ROAD,5,18.0
91627,1,2,99,5,5,70.0,0,N,MELB_URBAN,ROAD,5,17.0
91628,8,1,174,1,1,50.0,0,I,MELB_URBAN,STREET,5,18.0
91629,8,2,99,5,1,100.0,0,N,RURAL_VICTORIA,ROAD,5,16.0
91630,1,2,121,2,5,100.0,0,I,RURAL_VICTORIA,ROAD,5,18.0
91631,1,2,121,2,3,60.0,0,I,LARGE_PROVINCIAL_CITIES,ROAD,5,17.0
91632,4,2,183,5,5,100.0,0,N,RURAL_VICTORIA,ROAD,5,17.0
91633,1,2,130,5,1,80.0,0,N,MELB_URBAN,HIGHWAY,5,16.0
91634,2,2,102,5,3,60.0,0,N,MELB_URBAN,ROAD,5,18.0
91635,4,1,171,5,1,80.0,0,N,RURAL_VICTORIA,ROAD,5,17.0
91636,1,1,113,2,3,70.0,0,N,MELB_URBAN,ROAD,5,20.0
91637,1,2,130,1,2,40.0,0,I,MELB_URBAN,ROAD,5,18.0
91638,1,2,134,5,2,80.0,0,N,MELB_URBAN,FREEWAY,5,6.0
91639,4,2,171,5,6,60.0,0,N,RURAL_VICTORIA,ROAD,5,22.0
91640,1,2,134,5,3,80.0,0,N,MELB_URBAN,UNKNOWN,5,19.0
91641,1,2,120,5,5,80.0,0,N,MELB_URBAN,ROAD,5,21.0
91642,1,2,130,5,3,60.0,0,N,MELB_URBAN,ROAD,5,19.0
91643,4,3,173,2,3,50.0,0,I,MELB_URBAN,STREET,5,2.0
91644,1,3,110,1,3,60.0,0,I,MELB_URBAN,ROAD,5,0.0
91645,1,7,120,5,6,50.0,0,N,TOWNS,STREET,5,3.0
91646,1,3,99,5,5,60.0,0,N,RURAL_VICTORIA,ROAD,5,6.0
91647,4,7,183,5,2,60.0,0,N,MELB_URBAN,ROAD,3,18.0
91648,4,3,173,5,1,100.0,0,N,RURAL_VICTORIA,ROAD,5,6.0
91649,4,3,171,3,1,80.0,0,N,RURAL_VICTORIA,ROAD,5,8.0
91650,1,3,110,1,1,60.0,0,I,TOWNS,STREET,5,9.0
91651,1,2,133,1,2,80.0,0,I,MELB_URBAN,HIGHWAY,5,6.0
91652,1,3,130,5,1,80.0,0,N,MELB_URBAN,FREEWAY,5,8.0
91653,1,3,163,5,1,40.0,0,N,MELB_URBAN,ROAD,5,9.0
91654,1,3,99,5,1,40.0,0,N,MELB_URBAN,ROAD,5,8.0
91655,1,1,116,2,1,100.0,0,I,RURAL_VICTORIA,HIGHWAY,5,10.0
91656,1,3,147,1,1,60.0,0,I,LARGE_PROVINCIAL_CITIES,ROAD,4,14.0
91657,1,2,121,1,1,60.0,0,I,MELB_URBAN,ROAD,5,11.0
91658,1,1,130,5,1,60.0,0,N,MELB_URBAN,ROAD,5,13.0
91659,4,3,171,5,1,60.0,0,N,MELB_URBAN,ROAD,5,11.0
91660,1,3,140,2,1,100.0,0,I,RURAL_VICTORIA,ROAD,5,11.0
91661,1,3,130,5,1,80.0,0,N,LARGE_PROVINCIAL_CITIES,HIGHWAY,5,8.0
91662,4,2,171,5,1,60.0,0,N,RURAL_VICTORIA,OTHER,5,11.0
91663,1,1,111,2,1,50.0,0,I,SMALL_CITIES,STREET,5,13.0
91664,1,2,160,5,1,50.0,0,N,MELB_URBAN,DRIVE,5,12.0
91665,1,3,163,5,1,60.0,0,N,MELB_URBAN,ROAD,5,13.0
91666,4,3,99,5,1,50.0,0,N,MELB_URBAN,AVENUE,5,13.0
91667,1,3,113,2,1,60.0,0,I,MELB_URBAN,ROAD,5,14.0
91668,1,2,130,5,1,60.0,0,N,MELB_URBAN,ROAD,5,13.0
91669,1,3,120,2,1,60.0,0,I,MELB_URBAN,STREET,5,13.0
91670,1,6,113,2,1,60.0,0,I,MELB_URBAN,AVENUE,4,13.0
91671,1,3,113,2,1,60.0,0,I,LARGE_PROVINCIAL_CITIES,ROAD,5,15.0
91672,8,2,174,5,1,60.0,0,N,MELB_URBAN,ROAD,4,11.0
91673,1,3,130,1,1,80.0,0,I,MELB_URBAN,ROAD,5,15.0
91674,2,3,100,2,1,50.0,0,I,MELB_URBAN,ROAD,5,16.0
91675,1,3,130,5,4,80.0,0,N,MELB_URBAN,FREEWAY,5,17.0
91676,1,3,130,5,3,60.0,0,N,SMALL_CITIES,STREET,5,18.0
91677,6,6,174,5,9,60.0,0,N,MELB_URBAN,STREET,5,8.0
91678,3,3,167,5,5,80.0,0,N,RURAL_VICTORIA,HIGHWAY,5,19.0
91679,1,3,113,2,1,60.0,0,I,LARGE_PROVINCIAL_CITIES,DRIVE,5,17.0
91680,1,3,121,1,2,70.0,0,I,MELB_URBAN,ROAD,5,18.0
91681,4,3,171,2,3,100.0,0,I,RURAL_VICTORIA,HIGHWAY,5,18.0
91682,1,3,130,5,3,60.0,0,N,MELB_URBAN,ROAD,5,18.0
91683,1,3,111,1,3,50.0,0,I,TOWNS,STREET,5,18.0
91684,8,2,174,5,3,50.0,0,N,SMALL_CITIES,DRIVE,5,17.0
91685,1,4,130,2,1,70.0,0,I,RURAL_VICTORIA,ROAD,5,16.0
91686,1,3,130,5,3,60.0,0,N,MELB_URBAN,UNKNOWN,5,18.0
91687,1,3,121,1,2,80.0,0,I,MELB_URBAN,HIGHWAY,5,17.0
91688,1,3,147,5,2,60.0,0,N,MELB_URBAN,ROAD,5,16.0
91689,1,2,133,5,1,70.0,0,N,MELB_URBAN,ROAD,5,16.0
91690,1,3,160,5,1,60.0,0,N,MELB_URBAN,ROAD,5,14.0
91691,1,3,120,5,3,60.0,0,N,MELB_URBAN,ROAD,5,6.0
91692,1,4,160,5,4,50.0,0,N,MELB_URBAN,ROAD,5,0.0
91693,1,5,110,1,3,60.0,0,I,MELB_URBAN,STREET,4,21.0
91694,8,4,170,5,2,110.0,0,N,RURAL_VICTORIA,FREEWAY,4,20.0
91695,1,2,113,2,1,60.0,0,I,RURAL_VICTORIA,BOULEVARD,5,13.0
91696,1,3,121,5,1,50.0,0,N,SMALL_CITIES,STREET,5,13.0
91697,1,4,130,5,2,100.0,0,N,MELB_URBAN,ROAD,5,6.0
91698,8,4,174,5,9,60.0,0,N,MELB_URBAN,ROAD,5,8.0
91699,6,4,174,5,1,50.0,0,I,TOWNS,OTHER,5,8.0
91700,1,5,110,1,5,50.0,0,I,TOWNS,STREET,5,19.0
91701,1,4,135,5,1,100.0,0,N,MELB_URBAN,FREEWAY,5,8.0
91702,1,4,135,5,1,100.0,0,N,MELB_URBAN,FREEWAY,5,9.0
91703,1,4,121,1,1,60.0,0,I,MELB_URBAN,STREET,5,11.0
91704,1,3,110,1,1,50.0,0,I,MELB_URBAN,STREET,5,9.0
91705,2,4,100,1,3,60.0,0,N,MELB_URBAN,ROAD,5,6.0
91706,1,4,135,5,1,100.0,0,N,MELB_URBAN,ROAD,5,11.0
91707,7,1,99,2,9,60.0,0,I,MELB_URBAN,ROAD,5,12.0
91708,1,3,99,2,1,40.0,0,I,MELB_URBAN,STREET,5,11.0
91709,1,3,130,5,3,100.0,0,N,MELB_URBAN,UNKNOWN,5,18.0
91710,1,3,134,5,1,80.0,0,N,MELB_URBAN,ROAD,5,15.0
91711,1,4,130,5,1,100.0,0,N,RURAL_VICTORIA,ROAD,5,8.0
91712,1,4,113,2,1,80.0,0,I,MELB_URBAN,ROAD,5,13.0
91713,2,4,100,2,1,40.0,1,N,LARGE_PROVINCIAL_CITIES,STREET,5,11.0
91714,1,4,99,5,1,100.0,0,N,SMALL_TOWNS,ROAD,5,12.0
91715,4,6,181,5,1,50.0,0,UNKNOWN,UNKNOWN,UNKNOWN,4,10.0
91716,4,4,171,5,1,70.0,0,N,MELB_URBAN,HIGHWAY,5,12.0
91717,6,4,99,5,1,100.0,0,N,RURAL_VICTORIA,ROAD,5,9.0
91718,1,3,116,2,1,50.0,0,I,SMALL_CITIES,ROAD,5,16.0
91719,1,4,110,1,1,100.0,1,I,RURAL_VICTORIA,ROAD,5,14.0
91720,1,3,110,1,1,80.0,0,I,MELB_URBAN,ROAD,5,15.0
91721,1,4,121,2,1,60.0,0,I,MELB_URBAN,ROAD,5,16.0
91722,1,4,160,5,1,50.0,0,N,MELB_URBAN,DRIVE,5,16.0
91723,1,4,130,3,1,60.0,0,I,MELB_URBAN,OTHER,5,14.0
91724,1,4,135,5,1,100.0,0,N,MELB_URBAN,FREEWAY,5,15.0
91725,2,4,102,5,3,60.0,0,N,MELB_URBAN,PARADE,5,20.0
91726,6,4,174,2,1,60.0,0,I,MELB_URBAN,ROAD,5,16.0
91727,4,4,173,5,2,100.0,0,N,RURAL_VICTORIA,ROAD,5,17.0
91728,4,4,99,5,1,50.0,0,N,SMALL_CITIES,OTHER,5,15.0
91729,1,3,130,5,1,60.0,0,N,RURAL_VICTORIA,ROAD,5,7.0
91730,1,4,121,2,5,60.0,0,N,TOWNS,ROAD,5,18.0
91731,3,4,167,5,5,100.0,0,N,RURAL_VICTORIA,ROAD,5,21.0
91732,1,5,120,1,3,40.0,0,I,MELB_URBAN,ROAD,5,2.0
91733,1,5,121,5,1,50.0,0,N,LARGE_PROVINCIAL_CITIES,STREET,5,9.0
91734,4,3,171,5,1,100.0,0,N,RURAL_VICTORIA,ROAD,5,9.0
91735,6,4,99,5,1,100.0,0,N,RURAL_VICTORIA,ROAD,5,14.0
91736,1,5,110,1,1,40.0,0,I,MELB_URBAN,STREET,5,7.0
91737,2,4,99,8,3,50.0,0,N,MELB_URBAN,ROAD,5,19.0
91738,1,5,132,2,3,60.0,0,I,MELB_URBAN,ROAD,5,6.0
91739,4,5,171,1,1,70.0,0,I,MELB_URBAN,ROAD,5,10.0
91740,2,4,100,2,1,50.0,0,I,MELB_URBAN,ROAD,5,9.0
91741,1,4,110,1,3,60.0,0,I,MELB_URBAN,STREET,5,21.0
91742,2,5,102,5,1,50.0,0,N,MELB_URBAN,STREET,5,8.0
91743,1,5,160,5,1,70.0,0,N,MELB_URBAN,ROAD,5,10.0
91744,1,5,130,5,1,40.0,0,N,MELB_URBAN,ROAD,5,8.0
91745,1,5,130,2,1,60.0,0,I,MELB_URBAN,ROAD,5,12.0
91746,1,5,135,5,1,80.0,0,N,MELB_URBAN,FREEWAY,5,12.0
91747,1,2,130,1,1,60.0,0,I,MELB_URBAN,OTHER,5,12.0
91748,8,5,99,5,1,100.0,0,N,RURAL_VICTORIA,HIGHWAY,5,12.0
91749,1,4,113,2,1,60.0,0,N,MELB_URBAN,ROAD,5,13.0
91750,2,5,102,1,1,60.0,0,I,MELB_URBAN,ROAD,5,13.0
91751,1,5,99,2,1,60.0,1,N,TOWNS,STREET,5,11.0
91752,4,5,171,5,1,100.0,0,N,RURAL_VICTORIA,HIGHWAY,5,13.0
91753,1,5,147,5,2,60.0,0,N,MELB_URBAN,OTHER,5,17.0
91754,1,5,99,5,1,60.0,0,N,MELB_URBAN,STREET,5,15.0
91755,1,2,130,2,1,60.0,0,I,MELB_URBAN,ROAD,4,15.0
91756,1,5,110,1,1,100.0,0,I,RURAL_VICTORIA,ROAD,5,15.0
91757,1,5,140,5,1,60.0,0,N,MELB_URBAN,ROAD,5,13.0
91758,6,4,174,5,1,50.0,0,N,SMALL_CITIES,DRIVE,5,10.0
91759,1,5,160,5,1,50.0,0,N,MELB_URBAN,ROAD,5,14.0
91760,1,6,130,2,9,60.0,0,N,MELB_URBAN,ROAD,5,8.0
91761,1,2,121,1,1,50.0,0,N,MELB_URBAN,DRIVE,5,17.0
91762,8,2,174,5,1,60.0,0,N,RURAL_VICTORIA,UNKNOWN,1,10.0
91763,1,4,99,5,3,60.0,0,N,MELB_URBAN,ROAD,5,19.0
91764,1,4,130,5,3,80.0,0,N,MELB_URBAN,FREEWAY,5,20.0
91765,4,5,183,5,5,60.0,0,N,RURAL_VICTORIA,ROAD,5,18.0
91766,1,5,130,5,5,80.0,0,N,MELB_URBAN,ROAD,5,18.0
91767,1,5,113,2,3,80.0,0,I,LARGE_PROVINCIAL_CITIES,ROAD,5,19.0
91768,4,5,171,5,5,60.0,0,N,SMALL_CITIES,ROAD,5,21.0
91769,1,4,110,1,3,50.0,0,I,MELB_URBAN,AVENUE,5,22.0
91770,8,5,99,5,3,70.0,0,N,MELB_URBAN,ROAD,5,23.0
91771,5,6,99,5,5,110.0,0,N,RURAL_VICTORIA,RAMP,5,5.0
91772,4,5,173,5,3,80.0,1,N,MELB_URBAN,ROAD,5,22.0
91773,1,5,160,5,1,50.0,0,N,MELB_URBAN,STREET,5,12.0
91774,4,6,171,2,3,70.0,0,I,MELB_URBAN,ROAD,5,6.0
91775,1,5,113,2,1,60.0,0,N,MELB_URBAN,STREET,5,14.0
91776,1,3,110,1,1,40.0,0,I,MELB_URBAN,ROAD,4,15.0
91777,1,6,133,5,1,100.0,0,N,RURAL_VICTORIA,RAMP,5,10.0
91778,4,6,171,5,1,100.0,0,N,RURAL_VICTORIA,ROAD,5,8.0
91779,1,6,120,4,1,60.0,0,N,LARGE_PROVINCIAL_CITIES,STREET,5,10.0
91780,4,6,173,5,1,60.0,0,N,MELB_URBAN,HIGHWAY,5,12.0
91781,1,5,110,1,1,50.0,0,I,SMALL_CITIES,STREET,5,12.0
91782,1,6,111,1,1,80.0,0,I,LARGE_PROVINCIAL_CITIES,ROAD,5,7.0
91783,2,5,100,1,3,60.0,0,N,MELB_URBAN,HIGHWAY,5,20.0
91784,1,6,147,5,1,40.0,0,N,LARGE_PROVINCIAL_CITIES,STREET,5,12.0
91785,1,6,140,5,1,50.0,0,N,LARGE_PROVINCIAL_CITIES,STREET,5,14.0
91786,1,6,147,5,1,40.0,0,N,SMALL_CITIES,PARADE,5,15.0
91787,4,6,171,5,1,60.0,0,N,MELB_URBAN,BOULEVARD,5,9.0
91788,5,6,99,5,5,50.0,0,N,RURAL_VICTORIA,ROAD,5,2.0
91789,1,5,134,5,3,70.0,0,N,MELB_URBAN,ROAD,5,18.0
91790,1,6,130,1,1,80.0,0,N,RURAL_VICTORIA,ROAD,5,14.0
91791,1,6,99,2,2,60.0,0,I,MELB_URBAN,STREET,5,17.0
91792,1,6,130,4,1,50.0,0,N,MELB_URBAN,STREET,5,11.0
91793,1,6,120,5,1,70.0,0,N,LARGE_PROVINCIAL_CITIES,ROAD,5,15.0
91794,1,6,121,1,3,60.0,0,I,MELB_URBAN,STREET,5,18.0
91795,1,6,110,1,1,60.0,0,I,TOWNS,STREET,5,15.0
91796,4,6,171,5,3,50.0,0,N,MELB_URBAN,STREET,5,18.0
91797,4,6,173,5,6,60.0,0,N,LARGE_PROVINCIAL_CITIES,STREET,5,21.0
91798,1,3,130,2,1,80.0,0,I,MELB_URBAN,ROAD,5,13.0
91799,2,6,100,5,3,60.0,0,N,MELB_URBAN,ROAD,5,20.0
91800,8,6,174,2,3,50.0,0,N,MELB_URBAN,STREET,5,19.0
91801,1,6,121,1,5,60.0,0,I,RURAL_VICTORIA,ROAD,5,17.0
91802,1,6,130,1,3,60.0,0,I,MELB_URBAN,ROAD,5,17.0
91803,4,6,173,1,3,50.0,0,N,MELB_URBAN,STREET,5,19.0
91804,1,6,110,1,3,80.0,0,I,MELB_URBAN,ROAD,5,20.0
91805,1,6,132,2,1,60.0,0,I,MELB_URBAN,STREET,5,11.0
91806,4,7,171,5,5,100.0,0,N,RURAL_VICTORIA,ROAD,5,4.0
91807,4,7,171,5,5,110.0,0,N,RURAL_VICTORIA,FREEWAY,5,4.0
91808,2,6,102,1,3,60.0,0,I,MELB_URBAN,ROAD,5,20.0
91809,1,5,110,1,2,80.0,0,I,SMALL_TOWNS,ROAD,5,16.0
91810,1,6,121,2,1,80.0,0,I,RURAL_VICTORIA,HIGHWAY,5,9.0
91811,1,6,133,2,1,60.0,0,I,LARGE_PROVINCIAL_CITIES,DRIVE,5,15.0
91812,1,7,113,2,1,70.0,0,I,MELB_URBAN,ROAD,5,10.0
91813,2,6,100,5,1,60.0,0,N,SMALL_CITIES,STREET,5,10.0
91814,4,7,171,1,1,50.0,0,I,MELB_URBAN,STREET,5,7.0
91815,7,7,99,5,6,60.0,0,N,LARGE_PROVINCIAL_CITIES,STREET,5,5.0
91816,1,7,130,5,1,80.0,0,N,TOWNS,STREET,5,9.0
91817,2,7,99,1,1,60.0,0,N,MELB_URBAN,STREET,5,12.0
91818,1,7,130,2,1,60.0,0,N,MELB_URBAN,ROAD,5,12.0
91819,1,5,99,1,9,80.0,0,N,MELB_URBAN,ROAD,5,5.0
91820,1,6,163,1,1,40.0,0,N,MELB_URBAN,ROAD,5,11.0
91821,5,7,181,5,2,60.0,0,N,TOWNS,ROAD,5,17.0
91822,1,7,130,5,1,60.0,0,N,MELB_URBAN,ROAD,5,16.0
91823,1,7,120,5,1,100.0,0,N,RURAL_VICTORIA,HIGHWAY,5,16.0
91824,1,2,116,2,1,60.0,0,I,MELB_URBAN,ROAD,4,7.0
91825,2,7,102,5,3,40.0,0,N,MELB_URBAN,ROAD,5,19.0
91826,1,7,113,2,3,60.0,0,I,MELB_URBAN,ROAD,5,19.0
91827,1,7,110,1,3,60.0,0,I,MELB_URBAN,STREET,5,19.0
91828,6,7,174,5,3,50.0,0,N,MELB_URBAN,STREET,5,22.0
91829,4,7,181,5,3,50.0,0,N,MELB_URBAN,ROAD,5,22.0
91830,4,7,99,5,5,100.0,0,N,RURAL_VICTORIA,HIGHWAY,5,23.0
91831,1,1,99,2,3,60.0,0,I,MELB_URBAN,ROAD,5,0.0
91832,4,1,99,2,3,60.0,0,I,MELB_URBAN,ROAD,5,2.0
91833,4,2,171,5,1,100.0,0,N,RURAL_VICTORIA,ROAD,3,15.0
91834,4,1,171,1,1,40.0,0,I,LARGE_PROVINCIAL_CITIES,STREET,5,9.0
91835,1,1,120,5,5,80.0,0,N,MELB_URBAN,ROAD,5,6.0
91836,1,1,163,5,1,50.0,0,N,MELB_URBAN,STREET,5,13.0
91837,1,0,120,5,1,100.0,0,N,RURAL_VICTORIA,ROAD,5,10.0
91838,1,7,130,5,1,80.0,0,N,MELB_URBAN,ROAD,5,13.0
91839,1,1,113,1,1,70.0,0,I,MELB_URBAN,ROAD,5,11.0
91840,1,1,120,5,1,60.0,0,N,RURAL_VICTORIA,ROAD,5,12.0
91841,4,1,183,5,1,60.0,0,N,TOWNS,ROAD,5,12.0
91842,1,0,130,5,1,80.0,0,N,MELB_URBAN,HIGHWAY,5,13.0
91843,1,1,110,1,1,60.0,0,I,MELB_URBAN,STREET,5,12.0
91844,5,1,99,5,1,40.0,0,N,MELB_URBAN,ROAD,5,14.0
91845,1,6,99,2,9,70.0,0,N,MELB_URBAN,ROAD,5,17.0
91846,1,1,147,2,3,80.0,0,I,MELB_URBAN,HIGHWAY,5,17.0
91847,4,1,183,5,2,80.0,0,N,RURAL_VICTORIA,ROAD,5,17.0
91848,4,1,183,5,5,100.0,0,N,RURAL_VICTORIA,HIGHWAY,5,18.0
91849,2,7,100,2,1,50.0,0,I,MELB_URBAN,STREET,5,11.0
91850,4,1,183,5,5,80.0,0,N,RURAL_VICTORIA,ROAD,5,18.0
91851,6,1,174,5,3,50.0,0,N,MELB_URBAN,STREET,5,21.0
91852,1,5,110,1,1,50.0,0,I,MELB_URBAN,STREET,3,19.0
91853,1,7,130,1,3,70.0,0,I,MELB_URBAN,STREET,5,18.0
91854,1,2,113,2,2,80.0,0,I,MELB_URBAN,ROAD,5,6.0
91855,1,2,160,5,1,60.0,0,N,MELB_URBAN,ROAD,5,8.0
91856,1,2,120,5,1,80.0,0,N,RURAL_VICTORIA,ROAD,5,7.0
91857,1,1,130,5,1,70.0,0,N,MELB_URBAN,STREET,5,8.0
91858,1,2,113,2,1,60.0,0,I,MELB_URBAN,STREET,5,8.0
91859,1,2,113,2,1,60.0,0,I,MELB_URBAN,ROAD,5,7.0
91860,6,6,174,3,1,60.0,0,N,MELB_URBAN,ROAD,5,14.0
91861,1,6,130,5,1,90.0,0,N,RURAL_VICTORIA,ROAD,3,13.0
91862,1,2,121,3,1,60.0,0,I,MELB_URBAN,ROAD,5,8.0
91863,1,2,110,1,2,50.0,0,I,MELB_URBAN,ROAD,5,7.0
91864,4,1,171,5,1,100.0,0,N,RURAL_VICTORIA,HIGHWAY,5,8.0
91865,8,1,99,5,1,80.0,0,N,RURAL_VICTORIA,ROAD,5,12.0
91866,1,1,121,1,1,50.0,0,I,MELB_URBAN,STREET,5,10.0
91867,1,2,147,5,1,60.0,0,N,MELB_URBAN,ROAD,5,11.0
91868,4,0,171,1,3,40.0,0,I,MELBOURNE_CBD,STREET,5,21.0
91869,1,2,113,2,2,60.0,0,I,MELB_URBAN,BOULEVARD,5,6.0
91870,4,1,173,5,1,50.0,0,N,MELB_URBAN,UNKNOWN,5,8.0
91871,1,1,130,5,1,40.0,0,N,MELB_URBAN,ROAD,5,9.0
91872,1,2,130,5,1,60.0,0,N,TOWNS,STREET,5,13.0
91873,1,2,121,5,1,70.0,0,N,LARGE_PROVINCIAL_CITIES,ROAD,5,11.0
91874,1,2,130,5,1,60.0,0,N,MELB_URBAN,ROAD,5,9.0
91875,1,2,140,5,1,110.0,0,N,RURAL_VICTORIA,FREEWAY,5,13.0
91876,1,2,121,5,1,60.0,0,N,MELB_URBAN,ROAD,5,13.0
91877,4,0,183,5,1,60.0,0,N,RURAL_VICTORIA,OTHER,5,11.0
91878,1,2,99,5,1,70.0,0,N,LARGE_PROVINCIAL_CITIES,ROAD,5,10.0
91879,1,2,113,2,4,60.0,0,I,LARGE_PROVINCIAL_CITIES,ROAD,5,17.0
91880,1,1,110,1,3,60.0,0,I,MELB_URBAN,STREET,5,22.0
91881,1,1,116,2,1,60.0,0,I,MELB_URBAN,HIGHWAY,5,15.0
91882,6,2,184,5,2,50.0,0,N,MELB_URBAN,STREET,5,16.0
91883,1,2,130,5,1,60.0,0,N,MELB_URBAN,ROAD,5,15.0
91884,1,2,140,5,1,70.0,0,N,MELB_URBAN,HIGHWAY,5,16.0