,accident_type,day_of_week,dca_code,road_geometry,light_condition,speed_zone,severity,node_type,deg_urban_name,road_type,month,hour
91885,2,2,99,5,2,50.0,0,N,RURAL_VICTORIA,ROAD,5,17.0
91886,1,4,99,2,9,60.0,0,N,MELB_URBAN,AVENUE,3,9.0
91887,2,2,99,5,3,40.0,0,N,MELBOURNE_CBD,STREET,5,20.0
91888,2,1,102,5,5,70.0,0,N,MELB_URBAN,ROAD,5,19.0
91889,1,2,120,5,1,60.0,0,N,MELB_URBAN,ROAD,5,16.0
91890,6,1,99,5,5,100.0,0,N,RURAL_VICTORIA,ROAD,5,20.0
91891,1,2,111,2,3,60.0,0,I,MELB_URBAN,BOULEVARD,5,20.0
91892,1,2,160,5,3,40.0,0,N,MELB_URBAN,AVENUE,5,18.0
91893,1,5,130,5,1,60.0,0,N,RURAL_VICTORIA,ROAD,5,15.0
91894,2,5,102,1,2,60.0,0,I,MELBOURNE_CBD,STREET,5,6.0
91895,4,2,173,5,3,60.0,0,N,MELB_URBAN,ROAD,5,5.0
91896,1,2,130,1,1,70.0,0,N,MELB_URBAN,ROAD,5,13.0
91897,3,3,167,5,5,100.0,0,N,RURAL_VICTORIA,ROAD,5,4.0
91898,1,3,130,1,1,60.0,0,N,MELB_URBAN,DRIVE,5,8.0
91899,2,3,100,1,2,60.0,0,I,MELB_URBAN,STREET,5,6.0
91900,1,3,130,5,1,70.0,0,N,SMALL_CITIES,AVENUE,5,7.0
91901,6,7,99,5,9,60.0,0,N,SMALL_CITIES,OTHER,2,14.0
91902,4,3,171,5,1,60.0,0,I,SMALL_CITIES,STREET,5,9.0
91903,1,1,132,2,1,80.0,0,I,RURAL_VICTORIA,ROAD,5,10.0
91904,1,3,120,5,3,60.0,0,N,MELB_URBAN,ROAD,5,21.0
91905,5,2,99,1,1,50.0,0,I,MELB_URBAN,STREET,5,10.0
91906,1,3,130,4,1,80.0,0,N,MELB_URBAN,ROAD,5,9.0
91907,6,7,99,1,1,50.0,0,I,MELB_URBAN,UNKNOWN,4,12.0
91908,1,3,110,1,1,60.0,0,I,SMALL_CITIES,STREET,5,11.0
91909,1,5,120,2,1,60.0,0,N,SMALL_CITIES,STREET,5,16.0
91910,4,3,183,5,1,50.0,0,N,SMALL_CITIES,AVENUE,5,11.0
91911,2,5,100,1,3,80.0,0,I,MELB_URBAN,ROAD,5,18.0
91912,7,1,99,5,1,60.0,0,O,RURAL_VICTORIA,ROAD,4,11.0
91913,6,3,174,2,1,60.0,0,I,MELB_URBAN,STREET,3,16.0
91914,1,3,120,5,1,70.0,0,N,MELB_URBAN,HIGHWAY,5,12.0
91915,2,3,100,2,1,70.0,0,I,LARGE_PROVINCIAL_CITIES,OTHER,5,14.0
91916,1,3,130,5,1,100.0,1,N,SMALL_TOWNS,FREEWAY,5,11.0
91917,4,3,183,5,1,50.0,0,N,MELB_URBAN,DRIVE,5,12.0
91918,1,2,113,2,1,60.0,0,I,MELB_URBAN,ROAD,5,14.0
91919,1,3,130,5,1,60.0,0,N,MELB_URBAN,ROAD,5,8.0
91920,1,2,111,2,1,50.0,0,I,MELB_URBAN,STREET,5,9.0
91921,1,3,130,5,1,50.0,0,N,SMALL_CITIES,STREET,5,11.0
91922,6,1,174,5,6,60.0,0,N,MELB_URBAN,ROAD,5,4.0
91923,1,2,130,5,1,60.0,0,N,SMALL_CITIES,STREET,5,14.0
91924,1,3,99,1,1,40.0,0,I,MELB_URBAN,ROAD,5,15.0
91925,1,3,134,5,1,80.0,0,I,MELB_URBAN,ROAD,5,16.0
91926,1,2,132,2,1,60.0,0,I,MELB_URBAN,ROAD,5,8.0
91927,1,3,140,5,1,50.0,0,N,MELB_URBAN,STREET,5,16.0
91928,1,2,160,5,1,60.0,0,N,LARGE_PROVINCIAL_CITIES,BOULEVARD,5,16.0
91929,1,3,163,5,3,60.0,0,N,MELB_URBAN,ROAD,5,18.0
91930,1,3,121,2,1,50.0,0,I,LARGE_PROVINCIAL_CITIES,STREET,5,15.0
91931,4,2,171,5,5,60.0,0,N,RURAL_VICTORIA,ROAD,5,18.0
91932,1,3,160,5,5,40.0,0,N,MELB_URBAN,OTHER,5,18.0
91933,1,3,147,5,3,80.0,0,N,MELB_URBAN,HIGHWAY,5,6.0
91934,4,3,171,5,1,80.0,0,N,MELB_URBAN,HIGHWAY,5,16.0
91935,1,2,130,5,3,100.0,0,N,MELB_URBAN,FREEWAY,5,21.0
91936,1,3,121,1,3,60.0,0,I,MELB_URBAN,PARADE,5,22.0
91937,1,4,130,1,3,70.0,0,I,MELB_URBAN,ROAD,5,2.0
91938,6,3,174,1,1,40.0,0,I,MELB_URBAN,ROAD,5,14.0
91939,2,6,99,5,1,40.0,0,N,MELB_URBAN,STREET,4,14.0
91940,1,3,140,5,1,60.0,0,N,TOWNS,STREET,5,7.0
91941,4,4,171,5,1,80.0,0,N,RURAL_VICTORIA,ROAD,5,7.0
91942,5,6,99,5,1,60.0,0,N,RURAL_VICTORIA,ROAD,5,11.0
91943,1,4,121,2,1,80.0,0,I,MELB_URBAN,ROAD,5,7.0
91944,6,4,174,1,1,60.0,0,I,MELB_URBAN,ROAD,5,11.0
91945,1,4,99,5,1,60.0,0,N,MELB_URBAN,ROAD,5,11.0
91946,1,3,135,1,1,60.0,0,I,MELB_URBAN,ROAD,5,9.0
91947,1,4,130,5,2,100.0,0,N,MELB_URBAN,FREEWAY,5,7.0
91948,1,3,110,1,1,50.0,0,I,MELB_URBAN,STREET,5,16.0
91949,1,4,121,1,1,60.0,0,I,MELB_URBAN,ROAD,5,9.0
91950,7,4,99,5,1,100.0,0,N,RURAL_VICTORIA,ROAD,4,13.0
91951,1,6,120,5,1,80.0,0,N,MELB_URBAN,HIGHWAY,5,14.0
91952,1,4,99,5,1,50.0,0,N,LARGE_PROVINCIAL_CITIES,STREET,5,12.0
91953,6,3,184,5,1,60.0,0,N,MELB_URBAN,ROAD,5,14.0
91954,2,4,100,1,2,80.0,1,N,MELB_URBAN,ROAD,5,7.0
91955,2,4,102,5,1,60.0,0,N,MELB_URBAN,ROAD,5,13.0
91956,1,3,99,1,1,50.0,0,I,MELB_URBAN,STREET,5,14.0
91957,1,3,111,1,1,60.0,0,I,MELB_URBAN,ROAD,5,14.0
91958,1,4,110,1,1,80.0,0,I,MELB_URBAN,ROAD,5,9.0
91959,1,4,110,1,1,60.0,0,I,TOWNS,STREET,5,15.0
91960,1,4,113,2,9,50.0,0,I,MELB_URBAN,ROAD,5,7.0
91961,1,4,111,2,1,80.0,0,N,MELB_URBAN,HIGHWAY,5,13.0
91962,1,7,130,5,1,50.0,0,N,MELB_URBAN,STREET,5,14.0
91963,1,4,130,5,5,100.0,0,N,MELB_URBAN,FREEWAY,5,17.0
91964,4,4,173,5,1,100.0,0,N,RURAL_VICTORIA,HIGHWAY,5,14.0
91965,1,4,110,1,3,50.0,0,I,MELB_URBAN,STREET,5,17.0
91966,1,4,110,1,1,80.0,0,I,LARGE_PROVINCIAL_CITIES,ROAD,5,15.0
91967,6,4,174,5,1,50.0,0,N,MELB_URBAN,ROAD,5,16.0
91968,1,3,121,1,2,50.0,0,I,MELB_URBAN,STREET,5,16.0
91969,2,4,100,1,3,60.0,0,I,TOWNS,STREET,5,19.0
91970,1,3,130,5,3,100.0,0,N,MELB_URBAN,FREEWAY,5,18.0
91971,1,4,120,5,2,100.0,0,N,RURAL_VICTORIA,ROAD,5,17.0
91972,1,4,113,2,5,80.0,0,I,RURAL_VICTORIA,ROAD,5,19.0
91973,1,4,120,5,1,40.0,0,N,RURAL_VICTORIA,ROAD,5,14.0
91974,4,3,171,2,4,60.0,0,N,MELB_URBAN,ROAD,5,17.0
91975,2,4,102,2,3,60.0,0,I,MELB_URBAN,STREET,5,20.0
91976,1,4,147,5,3,50.0,0,N,SMALL_CITIES,ROAD,5,19.0
91977,1,4,111,2,3,80.0,0,I,MELB_URBAN,ROAD,5,21.0
91978,6,4,170,5,5,100.0,1,N,RURAL_VICTORIA,ROAD,5,21.0
91979,1,5,134,2,3,70.0,0,N,MELB_URBAN,ROAD,5,2.0
91980,4,5,173,5,5,100.0,0,N,RURAL_VICTORIA,ROAD,5,1.0
91981,1,5,121,1,1,60.0,0,I,MELB_URBAN,ROAD,5,8.0
91982,1,5,130,5,9,80.0,0,N,MELB_URBAN,FREEWAY,4,15.0
91983,1,4,130,5,2,100.0,0,N,MELB_URBAN,FREEWAY,5,6.0
91984,1,5,110,1,1,50.0,0,I,LARGE_PROVINCIAL_CITIES,STREET,5,8.0
91985,1,5,120,5,1,60.0,0,N,MELB_URBAN,ROAD,5,8.0
91986,1,5,147,5,5,100.0,0,N,RURAL_VICTORIA,ROAD,5,6.0
91987,1,4,99,5,1,60.0,0,N,TOWNS,RAMP,5,11.0
91988,1,5,135,2,1,60.0,0,N,MELB_URBAN,ROAD,5,8.0
91989,2,5,99,1,1,40.0,0,I,MELBOURNE_CBD,STREET,5,12.0
91990,4,5,173,4,1,50.0,0,I,MELB_URBAN,ROAD,5,12.0
91991,2,2,102,2,1,40.0,0,I,MELB_URBAN,STREET,4,11.0
91992,1,3,163,5,1,60.0,0,N,MELB_URBAN,DRIVE,4,16.0
91993,4,4,181,5,5,80.0,0,N,RURAL_VICTORIA,ROAD,5,18.0
91994,2,5,99,5,1,50.0,0,N,MELB_URBAN,ROAD,5,9.0
91995,1,4,99,5,1,50.0,0,N,MELB_URBAN,ROAD,5,9.0
91996,4,5,173,5,1,60.0,0,N,MELB_URBAN,ROAD,5,13.0
91997,1,5,134,5,1,40.0,0,N,MELBOURNE_CBD,STREET,5,10.0
91998,1,5,130,1,1,60.0,0,I,MELB_URBAN,OTHER,5,13.0
91999,1,4,130,5,1,60.0,0,N,MELB_URBAN,ROAD,5,14.0
92000,1,5,130,5,1,40.0,0,N,LARGE_PROVINCIAL_CITIES,STREET,5,15.0
92001,1,4,134,1,1,40.0,0,N,MELB_URBAN,STREET,5,15.0
92002,1,5,110,1,1,60.0,0,I,MELB_URBAN,ROAD,5,15.0
92003,1,5,130,5,1,40.0,0,N,MELB_URBAN,ROAD,5,15.0
92004,3,5,167,5,1,100.0,0,N,RURAL_VICTORIA,ROAD,5,15.0
92005,1,5,130,5,1,40.0,0,N,MELB_URBAN,ROAD,5,14.0
92006,1,5,121,2,3,70.0,0,I,TOWNS,ROAD,5,17.0
92007,1,5,99,1,1,60.0,0,I,MELB_URBAN,HIGHWAY,5,15.0
92008,1,5,110,1,1,50.0,0,I,MELB_URBAN,OTHER,5,14.0
92009,1,5,99,1,3,60.0,0,I,MELB_URBAN,STREET,5,18.0
92010,8,5,99,5,2,80.0,0,N,RURAL_VICTORIA,HIGHWAY,5,17.0
92011,1,4,130,5,3,100.0,0,N,MELB_URBAN,FREEWAY,5,17.0
92012,2,3,99,5,3,50.0,0,N,MELB_URBAN,ROAD,5,21.0
92013,1,5,99,5,2,60.0,0,N,MELB_URBAN,ROAD,5,18.0
92014,3,5,167,5,5,80.0,0,N,MELB_URBAN,ROAD,5,19.0
92015,2,5,102,1,3,60.0,0,I,MELB_URBAN,ROAD,5,17.0
92016,2,5,100,2,3,50.0,0,I,MELB_URBAN,ROAD,5,20.0
92017,1,5,130,5,5,100.0,0,N,MELB_URBAN,FREEWAY,5,17.0
92018,1,5,130,5,1,80.0,0,N,RURAL_VICTORIA,HIGHWAY,5,16.0
92019,1,5,113,1,3,40.0,0,I,MELB_URBAN,ROAD,5,19.0
92020,6,5,174,5,1,60.0,0,N,MELB_URBAN,ROAD,5,15.0
92021,1,5,113,2,3,60.0,0,I,MELB_URBAN,STREET,5,22.0
92022,1,5,132,2,3,50.0,0,I,MELB_URBAN,STREET,5,19.0
92023,1,5,110,1,5,100.0,0,I,RURAL_VICTORIA,FREEWAY,5,23.0
92024,4,6,183,5,5,110.0,0,N,RURAL_VICTORIA,RAMP,5,1.0
92025,1,6,130,2,1,80.0,0,I,MELB_URBAN,ROAD,5,15.0
92026,1,5,160,5,2,60.0,0,N,MELB_URBAN,PARADE,5,7.0
92027,2,6,100,1,1,60.0,0,I,MELB_URBAN,STREET,5,8.0
92028,8,3,99,5,5,50.0,0,N,MELB_URBAN,ROAD,5,23.0
92029,1,6,121,2,1,40.0,0,I,MELB_URBAN,ROAD,5,8.0
92030,4,5,173,5,1,100.0,0,N,RURAL_VICTORIA,ROAD,5,8.0
92031,2,6,99,5,1,50.0,0,N,MELB_URBAN,ROAD,5,10.0
92032,1,2,110,1,3,50.0,0,I,TOWNS,DRIVE,5,19.0
92033,4,5,171,5,1,100.0,0,N,RURAL_VICTORIA,ROAD,5,8.0
92034,1,6,110,4,1,60.0,0,I,MELB_URBAN,STREET,5,10.0
92035,6,6,99,5,1,100.0,0,N,RURAL_VICTORIA,HIGHWAY,5,7.0
92036,1,6,113,2,1,50.0,0,I,MELB_URBAN,STREET,5,9.0
92037,3,6,167,5,6,80.0,0,N,RURAL_VICTORIA,HIGHWAY,5,1.0
92038,1,5,133,5,1,60.0,0,N,MELB_URBAN,ROAD,5,8.0
92039,1,6,160,5,1,60.0,0,N,MELB_URBAN,STREET,5,8.0
92040,1,6,121,1,3,70.0,0,I,RURAL_VICTORIA,ROAD,5,6.0
92041,1,6,130,5,1,60.0,0,I,SMALL_TOWNS,ROAD,5,11.0
92042,4,5,181,5,1,60.0,0,N,MELB_URBAN,ROAD,5,11.0
92043,4,5,181,5,1,60.0,0,N,RURAL_VICTORIA,ROAD,5,14.0
92044,1,5,160,5,6,60.0,0,N,MELB_URBAN,HIGHWAY,5,21.0
92045,1,7,130,2,1,60.0,0,I,MELB_URBAN,HIGHWAY,4,11.0
92046,8,4,174,5,2,60.0,0,N,MELB_URBAN,ROAD,5,17.0
92047,1,6,110,4,1,80.0,0,I,MELB_URBAN,RAMP,5,12.0
92048,1,5,140,5,1,40.0,0,N,MELB_URBAN,STREET,5,14.0
92049,1,6,130,5,1,70.0,0,N,MELB_URBAN,ROAD,5,14.0
92050,4,6,173,5,1,100.0,0,N,RURAL_VICTORIA,ROAD,5,15.0
92051,1,6,140,5,2,80.0,0,N,MELB_URBAN,HIGHWAY,5,16.0
92052,1,6,121,1,1,60.0,0,I,LARGE_PROVINCIAL_CITIES,STREET,5,15.0
92053,1,6,130,5,1,80.0,0,N,MELB_URBAN,ROAD,5,16.0
92054,4,6,183,5,3,60.0,0,N,SMALL_CITIES,STREET,5,17.0
92055,1,6,163,5,2,60.0,0,N,MELB_URBAN,ROAD,5,7.0
92056,1,6,133,5,1,80.0,0,N,MELB_URBAN,UNKNOWN,5,14.0
92057,1,6,121,2,3,80.0,0,I,TOWNS,HIGHWAY,5,19.0
92058,1,6,99,5,1,60.0,0,N,MELB_URBAN,STREET,5,13.0
92059,3,6,167,5,2,100.0,0,N,RURAL_VICTORIA,ROAD,5,18.0
92060,1,6,120,5,5,80.0,0,N,RURAL_VICTORIA,ROAD,5,19.0
92061,4,6,173,5,5,60.0,0,N,TOWNS,ROAD,5,5.0
92062,1,3,110,1,3,70.0,0,N,MELB_URBAN,ROAD,5,18.0
92063,4,7,173,1,3,70.0,0,I,MELB_URBAN,ROAD,5,2.0
92064,4,6,183,5,3,80.0,0,N,RURAL_VICTORIA,ROAD,5,20.0
92065,1,7,132,2,1,60.0,0,I,RURAL_VICTORIA,ROAD,5,8.0
92066,1,5,130,5,2,80.0,0,N,MELB_URBAN,ROAD,5,6.0
92067,1,7,113,2,1,60.0,0,I,MELB_URBAN,OTHER,5,10.0
92068,6,7,99,5,1,100.0,0,N,RURAL_VICTORIA,ROAD,5,6.0
92069,2,5,99,5,1,40.0,0,N,MELB_URBAN,OTHER,5,15.0
92070,6,7,174,5,1,60.0,0,N,RURAL_VICTORIA,OTHER,5,12.0
92071,1,7,99,5,1,50.0,0,N,MELB_URBAN,ROAD,5,13.0
92072,1,7,130,2,1,60.0,0,N,MELB_URBAN,ROAD,5,13.0
92073,6,6,170,5,3,80.0,0,N,RURAL_VICTORIA,ROAD,5,21.0
92074,1,7,99,5,1,50.0,0,N,MELB_URBAN,STREET,5,14.0
92075,4,7,181,5,1,100.0,0,N,RURAL_VICTORIA,ROAD,5,15.0
92076,1,5,130,5,2,60.0,0,N,LARGE_PROVINCIAL_CITIES,STREET,5,16.0
92077,1,7,110,1,3,80.0,0,I,MELB_URBAN,HIGHWAY,5,18.0
92078,1,4,110,1,2,60.0,0,I,SMALL_CITIES,STREET,5,17.0
92079,1,7,121,4,3,80.0,0,I,MELB_URBAN,RAMP,5,18.0
92080,1,7,113,2,3,50.0,0,I,MELB_URBAN,HIGHWAY,5,0.0
92081,1,7,121,2,3,60.0,0,I,MELB_URBAN,ROAD,5,20.0
92082,6,7,174,5,1,50.0,0,N,LARGE_PROVINCIAL_CITIES,PARADE,5,16.0
92083,1,7,160,5,3,50.0,0,N,MELB_URBAN,ROAD,5,22.0
92084,4,5,173,1,3,40.0,0,I,MELB_URBAN,HIGHWAY,5,0.0
92085,4,7,183,5,3,60.0,0,N,MELB_URBAN,ROAD,5,23.0
92086,1,7,99,5,3,60.0,0,N,SMALL_CITIES,ROAD,5,23.0
92087,5,0,99,5,5,40.0,0,N,RURAL_VICTORIA,ROAD,5,6.0
92088,6,1,174,2,1,60.0,0,N,MELB_URBAN,ROAD,5,7.0
92089,1,1,130,2,1,60.0,0,I,MELB_URBAN,ROAD,5,9.0
92090,8,7,174,1,1,60.0,0,I,MELB_URBAN,STREET,5,13.0
92091,1,1,130,5,1,80.0,0,N,MELB_URBAN,ROAD,5,8.0
92092,8,1,99,5,1,100.0,0,N,RURAL_VICTORIA,ROAD,5,13.0
92093,6,0,99,5,1,100.0,0,N,RURAL_VICTORIA,ROAD,5,9.0
92094,1,1,140,5,1,50.0,0,N,MELB_URBAN,ROAD,5,15.0
92095,4,1,181,5,1,60.0,0,N,RURAL_VICTORIA,ROAD,5,10.0
92096,1,1,110,1,1,60.0,0,I,LARGE_PROVINCIAL_CITIES,STREET,5,16.0
92097,1,5,163,2,2,60.0,0,N,MELB_URBAN,ROAD,4,17.0
92098,1,7,160,5,3,60.0,0,N,MELB_URBAN,ROAD,5,23.0
92099,4,1,171,5,3,100.0,0,N,RURAL_VICTORIA,HIGHWAY,5,19.0
92100,1,5,130,2,1,60.0,0,I,MELB_URBAN,OTHER,4,17.0
92101,1,1,134,5,3,80.0,0,N,MELB_URBAN,UNKNOWN,5,19.0
92102,1,1,133,5,3,60.0,0,N,MELB_URBAN,ROAD,5,18.0
92103,4,1,173,5,5,70.0,0,N,RURAL_VICTORIA,ROAD,5,18.0
92104,1,1,111,2,3,40.0,0,I,MELB_URBAN,ROAD,5,21.0
92105,4,1,173,5,5,70.0,0,N,RURAL_VICTORIA,ROAD,5,5.0
92106,2,2,102,1,3,60.0,0,N,MELB_URBAN,STREET,5,6.0
92107,1,7,135,5,6,100.0,0,N,MELB_URBAN,FREEWAY,5,1.0
92108,1,5,121,2,1,60.0,0,I,MELB_URBAN,ROAD,5,8.0
92109,1,5,134,5,2,60.0,0,N,MELB_URBAN,ROAD,4,18.0
92110,1,2,130,1,1,70.0,0,N,MELB_URBAN,ROAD,5,7.0
92111,1,5,121,1,1,60.0,0,I,MELB_URBAN,ROAD,9,8.0
92112,1,1,121,1,1,60.0,0,I,MELB_URBAN,ROAD,5,7.0
92113,4,2,171,1,1,60.0,0,I,SMALL_CITIES,OTHER,5,8.0
92114,1,2,99,5,1,80.0,0,N,MELB_URBAN,ROAD,5,8.0
92115,1,1,140,1,1,80.0,0,I,MELB_URBAN,ROAD,5,8.0
92116,1,0,130,5,3,60.0,0,N,MELB_URBAN,STREET,5,22.0
92117,1,2,99,2,1,50.0,0,I,MELB_URBAN,STREET,5,9.0
92118,4,2,171,5,1,100.0,0,N,RURAL_VICTORIA,ROAD,5,9.0
92119,1,1,99,5,1,50.0,0,N,MELB_URBAN,ROAD,5,9.0
92120,8,7,170,5,2,60.0,0,N,RURAL_VICTORIA,OTHER,5,18.0
92121,1,2,110,1,1,60.0,0,I,LARGE_PROVINCIAL_CITIES,STREET,5,11.0
92122,1,2,120,5,1,100.0,0,N,RURAL_VICTORIA,ROAD,5,9.0
92123,1,2,99,2,1,70.0,0,I,RURAL_VICTORIA,DRIVE,5,11.0
92124,1,6,121,4,2,80.0,0,N,MELB_URBAN,ROAD,5,18.0
92125,1,1,130,1,1,60.0,0,I,MELB_URBAN,ROAD,5,10.0
92126,2,2,100,1,2,60.0,1,I,SMALL_CITIES,STREET,5,6.0
92127,1,2,140,5,1,60.0,0,N,MELB_URBAN,ROAD,5,14.0
92128,1,4,134,1,1,60.0,0,N,MELB_URBAN,AVENUE,5,9.0
92129,1,2,120,5,3,80.0,0,N,MELB_URBAN,HIGHWAY,5,7.0
92130,1,2,111,1,1,60.0,0,I,MELB_URBAN,ROAD,5,14.0
92131,1,7,130,5,5,80.0,0,N,MELB_URBAN,FREEWAY,5,18.0
92132,1,2,163,5,1,40.0,0,N,MELBOURNE_CBD,STREET,5,15.0
92133,1,2,130,5,1,100.0,0,N,RURAL_VICTORIA,ROAD,5,14.0
92134,1,2,121,2,2,80.0,0,I,RURAL_VICTORIA,HIGHWAY,5,16.0
92135,1,2,111,2,1,70.0,0,I,MELB_URBAN,ROAD,5,15.0
92136,1,2,113,2,6,50.0,0,I,MELB_URBAN,STREET,5,18.0
92137,4,2,171,5,5,100.0,0,N,RURAL_VICTORIA,ROAD,5,19.0
92138,1,2,99,2,1,50.0,0,I,MELB_URBAN,ROAD,5,14.0
92139,4,2,173,5,1,100.0,0,N,RURAL_VICTORIA,ROAD,5,15.0
92140,2,2,99,2,1,50.0,0,I,MELB_URBAN,ROAD,5,16.0
92141,4,5,181,5,1,100.0,0,N,RURAL_VICTORIA,ROAD,5,12.0
92142,1,2,147,5,1,60.0,0,N,SMALL_CITIES,AVENUE,5,17.0
92143,1,2,121,1,3,50.0,0,I,MELB_URBAN,ROAD,5,18.0
92144,1,2,160,5,3,50.0,0,N,MELB_URBAN,BOULEVARD,5,20.0
92145,2,2,102,5,1,60.0,0,N,MELB_URBAN,ROAD,5,15.0
92146,1,2,121,1,3,70.0,0,I,MELB_URBAN,ROAD,5,21.0
92147,2,2,100,2,4,50.0,0,I,MELB_URBAN,STREET,5,22.0
92148,4,2,171,5,1,70.0,1,N,MELB_URBAN,ROAD,5,14.0
92149,1,2,160,1,3,60.0,0,N,MELB_URBAN,STREET,5,1.0
92150,1,1,130,5,6,100.0,0,N,MELB_URBAN,UNKNOWN,5,18.0
92151,1,3,134,5,1,60.0,0,N,MELB_URBAN,ROAD,5,7.0
92152,1,3,120,5,1,60.0,0,N,LARGE_PROVINCIAL_CITIES,ROAD,4,17.0
92153,1,3,130,5,9,60.0,0,N,MELB_URBAN,ROAD,5,6.0
92154,1,7,99,2,1,60.0,0,I,MELB_URBAN,STREET,5,13.0
92155,1,5,121,2,1,60.0,0,I,MELB_URBAN,STREET,5,11.0
92156,1,1,140,5,1,40.0,0,N,MELB_URBAN,STREET,3,14.0
92157,2,1,102,1,2,60.0,0,I,MELB_URBAN,ROAD,5,16.0
92158,1,2,121,1,1,60.0,0,I,MELB_URBAN,ROAD,5,6.0
92159,1,3,140,5,1,40.0,0,N,MELB_URBAN,STREET,5,9.0
92160,4,7,173,5,3,50.0,0,N,MELB_URBAN,STREET,5,23.0
92161,1,4,130,5,2,60.0,0,N,MELB_URBAN,ROAD,5,16.0
92162,1,3,120,5,1,80.0,0,N,RURAL_VICTORIA,ROAD,5,9.0
92163,1,1,99,5,5,110.0,0,N,RURAL_VICTORIA,FREEWAY,5,17.0
92164,4,3,181,5,1,70.0,0,N,RURAL_VICTORIA,ROAD,5,8.0
92165,1,3,110,1,1,50.0,0,I,MELB_URBAN,ROAD,5,9.0
92166,1,3,110,1,1,60.0,0,I,MELB_URBAN,STREET,5,13.0
92167,4,3,171,5,1,60.0,0,N,SMALL_CITIES,STREET,5,12.0
92168,1,3,110,1,2,100.0,0,I,RURAL_VICTORIA,ROAD,5,6.0
92169,1,2,110,1,9,60.0,0,I,MELB_URBAN,ROAD,5,17.0
92170,1,3,130,5,3,100.0,0,N,MELB_URBAN,FREEWAY,5,6.0
92171,1,3,110,1,1,50.0,0,I,MELB_URBAN,AVENUE,5,14.0
92172,1,3,113,4,1,70.0,0,I,RURAL_VICTORIA,ROAD,5,14.0
92173,1,3,121,1,1,100.0,0,I,RURAL_VICTORIA,ROAD,5,15.0
92174,1,2,110,1,1,80.0,0,I,RURAL_VICTORIA,ROAD,5,15.0
92175,1,3,121,1,2,60.0,0,I,MELB_URBAN,ROAD,5,17.0
92176,1,3,130,5,1,60.0,0,N,MELB_URBAN,HIGHWAY,5,14.0
92177,1,3,130,2,9,60.0,0,I,MELB_URBAN,ROAD,12,7.0
92178,1,3,121,1,1,60.0,0,I,SMALL_CITIES,PARADE,5,15.0
92179,1,3,130,5,2,70.0,0,N,MELB_URBAN,ROAD,5,17.0
92180,1,3,140,5,5,60.0,0,N,MELB_URBAN,ROAD,5,17.0
92181,6,4,184,2,1,50.0,0,I,MELB_URBAN,DRIVE,12,16.0
92182,1,3,147,5,9,60.0,0,N,MELB_URBAN,ROAD,5,6.0
92183,4,3,173,5,3,60.0,0,N,TOWNS,AVENUE,5,19.0
92184,1,3,130,5,3,70.0,0,N,MELB_URBAN,ROAD,5,17.0
92185,2,3,100,1,1,50.0,0,I,SMALL_CITIES,STREET,5,15.0
92186,1,3,134,5,3,50.0,0,N,MELB_URBAN,STREET,5,19.0
92187,1,3,121,1,3,80.0,0,I,MELB_URBAN,HIGHWAY,5,19.0
92188,1,3,121,1,3,80.0,0,N,MELB_URBAN,ROAD,5,20.0
92189,6,7,99,5,5,100.0,0,N,SMALL_TOWNS,FREEWAY,5,23.0
92190,1,3,113,2,3,60.0,0,I,MELB_URBAN,ROAD,5,18.0
92191,1,1,110,1,1,50.0,0,I,MELB_URBAN,OTHER,5,12.0
92192,8,3,174,1,3,60.0,0,I,SMALL_CITIES,STREET,5,20.0
92193,1,3,130,4,3,60.0,0,I,MELB_URBAN,ROAD,5,19.0
92194,4,3,99,5,3,50.0,0,I,MELB_URBAN,ROAD,5,21.0
92195,1,3,121,2,3,60.0,0,I,MELB_URBAN,ROAD,5,22.0
92196,1,3,132,1,3,60.0,0,I,MELB_URBAN,STREET,5,21.0
92197,1,3,121,1,3,60.0,0,I,MELB_URBAN,ROAD,5,23.0
92198,1,5,132,2,1,70.0,0,I,MELB_URBAN,ROAD,5,8.0
92199,1,4,110,1,3,80.0,0,I,MELB_URBAN,ROAD,5,6.0
92200,1,4,113,2,1,50.0,0,I,SMALL_CITIES,STREET,5,8.0
92201,2,4,99,5,1,50.0,0,N,RURAL_VICTORIA,ROAD,5,10.0
92202,1,4,130,5,2,80.0,0,N,MELB_URBAN,HIGHWAY,5,8.0
92203,1,4,130,1,1,60.0,0,I,LARGE_PROVINCIAL_CITIES,STREET,5,8.0
92204,1,2,130,5,1,50.0,0,N,SMALL_CITIES,STREET,5,13.0
92205,1,4,130,6,1,70.0,0,N,MELB_URBAN,ROAD,5,8.0
92206,1,4,113,1,1,60.0,0,I,MELB_URBAN,ROAD,5,8.0
92207,2,3,130,2,3,80.0,0,I,MELB_URBAN,ROAD,5,21.0
92208,6,3,99,2,1,100.0,0,I,RURAL_VICTORIA,ROAD,5,9.0
92209,1,2,121,1,1,60.0,0,I,MELB_URBAN,ROAD,5,16.0
92210,2,4,100,1,1,60.0,0,I,MELB_URBAN,ROAD,5,8.0
92211,1,4,121,2,1,80.0,0,I,MELB_URBAN,HIGHWAY,3,13.0
92212,4,4,181,5,2,100.0,0,N,RURAL_VICTORIA,ROAD,5,6.0
92213,4,4,181,5,1,100.0,0,N,RURAL_VICTORIA,HIGHWAY,5,9.0
92214,4,2,171,5,3,60.0,0,N,LARGE_PROVINCIAL_CITIES,STREET,5,21.0
92215,2,4,102,1,1,60.0,0,I,MELB_URBAN,STREET,5,9.0
92216,1,3,163,1,9,40.0,0,N,MELBOURNE_CBD,STREET,5,17.0
92217,5,4,99,5,9,100.0,0,N,RURAL_VICTORIA,FREEWAY,5,10.0
92218,1,4,160,5,3,60.0,0,N,MELB_URBAN,ROAD,5,6.0