,accident_type,day_of_week,dca_code,road_geometry,light_condition,speed_zone,severity,node_type,deg_urban_name,road_type,month,hour
92219,1,4,130,5,1,100.0,0,N,MELB_URBAN,ROAD,5,13.0
92220,1,5,99,1,1,60.0,0,N,MELB_URBAN,DRIVE,5,10.0
92221,4,4,173,5,1,40.0,0,N,MELB_URBAN,AVENUE,5,9.0
92222,1,5,121,5,1,40.0,0,N,MELB_URBAN,STREET,5,9.0
92223,1,3,99,5,1,30.0,0,O,MELB_URBAN,OTHER,5,15.0
92224,2,3,102,1,1,80.0,0,I,LARGE_PROVINCIAL_CITIES,HIGHWAY,5,15.0
92225,2,4,102,1,1,60.0,0,I,MELB_URBAN,ROAD,5,14.0
92226,1,4,133,1,3,80.0,0,N,MELB_URBAN,ROAD,5,19.0
92227,2,4,100,1,3,50.0,0,I,MELB_URBAN,ROAD,5,17.0
92228,4,3,171,2,3,70.0,0,I,MELB_URBAN,ROAD,5,18.0
92229,4,4,181,5,5,100.0,0,N,RURAL_VICTORIA,ROAD,5,19.0
92230,1,4,130,5,3,60.0,0,N,MELB_URBAN,STREET,5,20.0
92231,4,4,183,5,5,60.0,0,N,RURAL_VICTORIA,DRIVE,5,20.0
92232,1,4,121,1,3,40.0,0,I,MELB_URBAN,AVENUE,5,20.0
92233,4,2,171,5,1,100.0,0,N,MELB_URBAN,FREEWAY,5,16.0
92234,4,3,173,5,3,100.0,0,N,RURAL_VICTORIA,ROAD,5,23.0
92235,1,5,130,5,3,40.0,0,N,MELB_URBAN,FREEWAY,5,0.0
92236,1,4,110,1,1,50.0,0,I,MELB_URBAN,STREET,5,9.0
92237,1,4,163,5,6,60.0,0,N,MELB_URBAN,ROAD,5,17.0
92238,2,5,102,1,1,60.0,0,I,MELB_URBAN,STREET,5,9.0
92239,1,5,135,5,3,80.0,0,N,MELB_URBAN,HIGHWAY,5,6.0
92240,1,5,99,2,1,70.0,0,I,MELB_URBAN,ROAD,5,6.0
92241,1,3,121,5,1,60.0,0,N,LARGE_PROVINCIAL_CITIES,ROAD,5,14.0
92242,1,5,130,5,1,60.0,0,N,MELB_URBAN,STREET,5,8.0
92243,6,1,174,2,1,50.0,0,I,SMALL_CITIES,STREET,5,9.0
92244,1,4,121,2,1,60.0,0,I,MELB_URBAN,ROAD,5,8.0
92245,1,5,135,1,1,50.0,0,I,MELB_URBAN,ROAD,5,8.0
92246,4,4,181,5,1,100.0,0,N,RURAL_VICTORIA,ROAD,5,12.0
92247,1,5,120,5,1,100.0,0,N,RURAL_VICTORIA,HIGHWAY,5,12.0
92248,2,5,99,5,1,50.0,0,N,MELB_URBAN,ROAD,5,14.0
92249,1,5,116,1,1,60.0,0,I,MELB_URBAN,ROAD,5,12.0
92250,2,5,100,1,1,50.0,0,N,MELB_URBAN,STREET,5,16.0
92251,2,5,102,2,1,70.0,0,I,MELB_URBAN,STREET,5,8.0
92252,1,5,130,5,1,60.0,0,N,MELB_URBAN,STREET,5,15.0
92253,1,5,110,1,3,60.0,0,I,LARGE_PROVINCIAL_CITIES,ROAD,5,22.0
92254,8,5,99,5,1,100.0,0,N,RURAL_VICTORIA,HIGHWAY,5,14.0
92255,4,5,173,5,1,100.0,1,N,RURAL_VICTORIA,ROAD,5,13.0
92256,1,4,120,5,2,60.0,0,N,MELB_URBAN,ROAD,5,17.0
92257,1,5,113,2,3,70.0,0,I,MELB_URBAN,ROAD,5,18.0
92258,1,5,130,5,3,80.0,0,N,MELB_URBAN,RAMP,5,17.0
92259,8,5,174,5,5,100.0,0,N,MELB_URBAN,FREEWAY,5,18.0
92260,1,6,121,5,3,60.0,0,N,MELB_URBAN,DRIVE,5,18.0
92261,1,5,120,5,2,100.0,0,N,RURAL_VICTORIA,ROAD,5,17.0
92262,4,5,173,5,3,60.0,0,N,MELB_URBAN,ROAD,5,20.0
92263,1,5,160,5,3,60.0,0,N,MELB_URBAN,ROAD,5,18.0
92264,2,5,102,2,3,50.0,0,I,MELB_URBAN,AVENUE,5,19.0
92265,4,5,173,2,3,70.0,0,N,MELB_URBAN,DRIVE,5,19.0
92266,5,6,120,5,5,110.0,0,N,RURAL_VICTORIA,FREEWAY,5,0.0
92267,4,6,173,5,5,60.0,0,N,MELB_URBAN,ROAD,5,3.0
92268,4,5,171,5,1,70.0,0,N,RURAL_VICTORIA,ROAD,5,9.0
92269,1,5,130,5,1,70.0,0,N,LARGE_PROVINCIAL_CITIES,OTHER,5,9.0
92270,4,4,171,5,3,60.0,0,N,SMALL_CITIES,STREET,5,19.0
92271,1,6,110,1,1,60.0,0,I,SMALL_CITIES,HIGHWAY,5,10.0
92272,6,5,99,5,1,100.0,0,N,RURAL_VICTORIA,ROAD,5,14.0
92273,1,6,132,5,1,80.0,0,N,RURAL_VICTORIA,HIGHWAY,5,8.0
92274,4,4,173,5,1,100.0,0,N,MELB_URBAN,FREEWAY,3,11.0
92275,1,2,99,1,1,60.0,0,I,MELB_URBAN,RAMP,5,12.0
92276,1,5,134,5,3,80.0,0,N,MELB_URBAN,ROAD,5,18.0
92277,1,6,110,1,1,70.0,0,I,MELB_URBAN,STREET,5,8.0
92278,1,5,121,1,3,80.0,0,I,MELB_URBAN,ROAD,5,21.0
92279,1,5,135,5,1,60.0,0,N,MELB_URBAN,PARADE,5,16.0
92280,1,5,130,5,3,60.0,0,I,MELB_URBAN,ROAD,5,19.0
92281,1,6,133,5,1,100.0,0,N,MELB_URBAN,UNKNOWN,5,6.0
92282,1,6,99,5,1,80.0,0,N,MELB_URBAN,HIGHWAY,5,14.0
92283,1,6,116,2,1,80.0,0,I,SMALL_CITIES,ROAD,5,15.0
92284,1,6,99,1,1,60.0,0,I,SMALL_CITIES,HIGHWAY,4,13.0
92285,1,6,130,2,1,50.0,0,I,TOWNS,HIGHWAY,5,14.0
92286,1,5,130,1,1,60.0,0,I,MELB_URBAN,BOULEVARD,3,16.0
92287,1,5,110,1,1,60.0,0,I,SMALL_CITIES,STREET,5,17.0
92288,2,5,102,2,2,60.0,0,I,MELB_URBAN,ROAD,5,16.0
92289,1,6,160,5,1,60.0,0,N,MELB_URBAN,STREET,5,14.0
92290,1,7,130,2,6,60.0,0,N,MELB_URBAN,ROAD,5,21.0
92291,1,5,99,1,1,60.0,0,I,MELB_URBAN,ROAD,5,13.0
92292,1,6,113,2,3,60.0,0,I,MELB_URBAN,ROAD,5,17.0
92293,1,6,130,5,3,100.0,0,N,MELB_URBAN,FREEWAY,5,17.0
92294,1,6,130,2,1,60.0,0,I,MELB_URBAN,STREET,5,13.0
92295,1,6,121,2,3,60.0,0,I,MELB_URBAN,ROAD,5,18.0
92296,1,6,140,5,2,50.0,0,N,LARGE_PROVINCIAL_CITIES,STREET,5,19.0
92297,1,6,110,1,1,100.0,1,I,RURAL_VICTORIA,ROAD,5,13.0
92298,1,5,147,5,3,50.0,0,N,TOWNS,STREET,5,18.0
92299,1,6,99,5,1,40.0,0,N,MELBOURNE_CBD,STREET,5,14.0
92300,4,6,181,5,5,100.0,0,N,RURAL_VICTORIA,ROAD,5,17.0
92301,1,6,121,2,3,60.0,0,I,RURAL_VICTORIA,ROAD,5,17.0
92302,5,6,99,5,1,50.0,0,N,MELB_URBAN,AVENUE,5,15.0
92303,1,6,116,2,3,40.0,0,I,MELB_URBAN,STREET,5,18.0
92304,2,6,99,5,9,50.0,0,N,MELB_URBAN,ROAD,5,17.0
92305,4,6,173,1,3,50.0,0,I,SMALL_TOWNS,STREET,5,20.0
92306,8,6,99,5,5,60.0,0,N,RURAL_VICTORIA,ROAD,5,23.0
92307,1,5,130,5,5,100.0,0,N,MELB_URBAN,FREEWAY,5,5.0
92308,4,6,181,5,5,60.0,0,N,MELB_URBAN,ROAD,5,22.0
92309,1,4,130,5,3,40.0,0,N,MELB_URBAN,ROAD,5,21.0
92310,1,7,133,1,2,50.0,0,I,MELB_URBAN,ROAD,5,6.0
92311,4,7,181,5,1,60.0,0,N,RURAL_VICTORIA,ROAD,5,7.0
92312,1,7,110,1,1,60.0,0,I,MELB_URBAN,ROAD,5,10.0
92313,1,7,113,2,1,70.0,0,I,MELB_URBAN,ROAD,5,11.0
92314,6,7,184,5,1,80.0,0,N,RURAL_VICTORIA,RAMP,5,11.0
92315,4,7,181,5,2,100.0,0,N,MELB_URBAN,RAMP,5,6.0
92316,1,6,116,2,1,60.0,0,I,LARGE_PROVINCIAL_CITIES,OTHER,5,10.0
92317,1,6,113,2,1,60.0,0,I,MELB_URBAN,ROAD,5,11.0
92318,4,1,173,5,3,50.0,0,N,SMALL_CITIES,STREET,5,17.0
92319,1,7,130,5,1,60.0,0,N,MELB_URBAN,ROAD,5,13.0
92320,1,6,130,5,1,60.0,0,N,RURAL_VICTORIA,ROAD,5,12.0
92321,4,7,181,2,1,100.0,0,I,RURAL_VICTORIA,ROAD,5,10.0
92322,1,6,113,2,1,60.0,0,I,MELB_URBAN,ROAD,5,12.0
92323,1,7,111,1,2,60.0,0,I,MELB_URBAN,ROAD,5,7.0
92324,1,7,120,5,1,100.0,0,N,RURAL_VICTORIA,ROAD,5,12.0
92325,1,6,99,2,1,60.0,0,I,MELB_URBAN,PARADE,5,15.0
92326,1,7,130,2,1,40.0,0,I,MELB_URBAN,ROAD,5,15.0
92327,4,7,183,5,5,100.0,1,N,RURAL_VICTORIA,HIGHWAY,5,5.0
92328,1,7,121,1,1,80.0,0,I,MELB_URBAN,ROAD,5,12.0
92329,4,7,183,5,1,100.0,0,N,RURAL_VICTORIA,ROAD,5,13.0
92330,2,7,99,1,1,60.0,0,I,MELB_URBAN,ROAD,5,15.0
92331,1,7,99,2,1,50.0,0,N,MELB_URBAN,ROAD,5,14.0
92332,1,5,110,1,1,80.0,0,I,MELB_URBAN,ROAD,5,16.0
92333,1,7,120,5,5,80.0,0,N,RURAL_VICTORIA,ROAD,5,17.0
92334,1,7,130,5,3,70.0,0,N,MELB_URBAN,HIGHWAY,5,17.0
92335,1,7,160,5,3,70.0,0,N,MELB_URBAN,ROAD,5,4.0
92336,1,7,113,2,3,40.0,0,I,MELB_URBAN,STREET,5,18.0
92337,4,7,173,5,5,100.0,0,N,RURAL_VICTORIA,ROAD,5,17.0
92338,1,6,121,1,1,60.0,0,I,MELB_URBAN,STREET,5,15.0
92339,1,7,120,2,1,50.0,0,I,LARGE_PROVINCIAL_CITIES,DRIVE,5,16.0
92340,2,1,99,5,3,60.0,0,N,MELB_URBAN,STREET,5,0.0
92341,2,1,102,5,3,40.0,0,N,MELB_URBAN,STREET,5,0.0
92342,1,1,130,5,3,100.0,0,N,MELB_URBAN,FREEWAY,5,1.0
92343,4,1,181,5,5,60.0,0,N,RURAL_VICTORIA,ROAD,5,2.0
92344,4,5,171,2,3,80.0,0,I,MELB_URBAN,HIGHWAY,5,6.0
92345,1,7,133,5,5,100.0,0,N,RURAL_VICTORIA,FREEWAY,5,6.0
92346,1,1,160,5,1,50.0,0,N,MELB_URBAN,STREET,5,7.0
92347,4,6,99,5,1,60.0,0,N,TOWNS,ROAD,5,12.0
92348,1,1,99,1,1,80.0,0,I,MELB_URBAN,HIGHWAY,5,8.0
92349,4,0,173,5,1,100.0,0,N,MELB_URBAN,FREEWAY,5,8.0
92350,1,6,140,5,3,40.0,0,N,LARGE_PROVINCIAL_CITIES,STREET,5,20.0
92351,1,1,110,1,1,110.0,0,I,RURAL_VICTORIA,FREEWAY,5,10.0
92352,1,1,133,5,1,50.0,0,N,MELB_URBAN,STREET,5,10.0
92353,4,1,171,5,1,80.0,0,N,RURAL_VICTORIA,ROAD,5,15.0
92354,8,1,174,5,1,100.0,0,N,RURAL_VICTORIA,OTHER,5,10.0
92355,1,1,121,2,2,60.0,0,I,MELB_URBAN,ROAD,5,17.0
92356,1,1,121,2,2,60.0,0,I,MELB_URBAN,ROAD,5,16.0
92357,6,1,99,5,1,110.0,0,N,RURAL_VICTORIA,FREEWAY,5,16.0
92358,1,1,147,5,1,80.0,0,I,MELB_URBAN,ROAD,5,15.0
92359,1,1,111,2,1,50.0,0,N,MELB_URBAN,STREET,5,16.0
92360,1,0,110,1,2,60.0,0,I,LARGE_PROVINCIAL_CITIES,STREET,5,17.0
92361,1,6,130,5,5,80.0,0,N,MELB_URBAN,FREEWAY,5,17.0
92362,2,1,102,1,3,60.0,0,I,MELB_URBAN,ROAD,5,19.0
92363,4,0,173,5,5,100.0,0,N,MELB_URBAN,FREEWAY,5,20.0
92364,4,2,99,5,5,60.0,0,N,RURAL_VICTORIA,ROAD,5,0.0
92365,5,2,99,5,3,40.0,0,N,MELB_URBAN,UNKNOWN,5,1.0
92366,1,1,121,1,3,80.0,0,N,MELB_URBAN,ROAD,5,23.0
92367,4,1,171,5,3,100.0,0,N,MELB_URBAN,UNKNOWN,5,22.0
92368,2,5,99,2,1,40.0,0,I,MELB_URBAN,ROAD,5,9.0
92369,5,1,99,5,9,60.0,0,N,RURAL_VICTORIA,ROAD,5,14.0
92370,1,1,130,5,5,100.0,0,N,LARGE_PROVINCIAL_CITIES,ROAD,5,21.0
92371,1,2,113,1,1,60.0,0,I,MELB_URBAN,STREET,5,10.0
92372,1,2,121,1,1,40.0,0,I,MELB_URBAN,STREET,5,9.0
92373,8,5,174,5,1,60.0,0,N,RURAL_VICTORIA,OTHER,12,12.0
92374,1,2,160,5,1,60.0,0,N,MELB_URBAN,ROAD,5,9.0
92375,4,2,173,5,1,60.0,0,N,MELB_URBAN,AVENUE,5,11.0
92376,1,2,110,1,1,50.0,0,I,MELB_URBAN,STREET,5,14.0
92377,1,1,113,2,3,50.0,0,N,MELB_URBAN,AVENUE,5,18.0
92378,1,6,140,1,3,60.0,0,I,MELB_URBAN,STREET,5,1.0
92379,1,2,110,1,1,60.0,0,I,MELB_URBAN,STREET,5,12.0
92380,1,1,130,5,9,60.0,0,N,MELB_URBAN,RAMP,5,18.0
92381,8,2,174,5,1,40.0,0,N,TOWNS,ROAD,5,15.0
92382,4,2,99,5,1,80.0,0,N,RURAL_VICTORIA,HIGHWAY,5,16.0
92383,1,2,113,2,6,60.0,0,I,MELB_URBAN,DRIVE,5,18.0
92384,4,2,181,5,1,100.0,0,N,RURAL_VICTORIA,ROAD,5,16.0
92385,1,3,130,5,1,60.0,0,N,RURAL_VICTORIA,ROAD,4,17.0
92386,1,2,163,5,9,60.0,0,N,MELB_URBAN,ROAD,5,13.0
92387,1,2,130,5,3,100.0,0,N,MELB_URBAN,FREEWAY,5,18.0
92388,1,2,130,5,1,50.0,0,N,MELB_URBAN,STREET,5,16.0
92389,1,2,110,1,1,80.0,0,I,RURAL_VICTORIA,ROAD,5,14.0
92390,6,2,99,2,5,100.0,0,I,RURAL_VICTORIA,AVENUE,5,6.0
92391,2,2,100,1,2,60.0,0,N,MELB_URBAN,ROAD,5,6.0
92392,1,3,99,1,3,50.0,0,I,MELB_URBAN,AVENUE,5,0.0
92393,1,4,110,1,1,60.0,0,I,LARGE_PROVINCIAL_CITIES,AVENUE,5,8.0
92394,1,3,130,5,2,60.0,0,N,MELB_URBAN,BOULEVARD,5,7.0
92395,8,2,99,5,1,100.0,0,N,RURAL_VICTORIA,HIGHWAY,5,9.0
92396,4,3,181,5,1,100.0,0,I,RURAL_VICTORIA,ROAD,5,9.0
92397,1,3,147,5,5,50.0,0,N,MELB_URBAN,ROAD,5,5.0
92398,1,3,99,2,1,60.0,0,I,MELB_URBAN,ROAD,5,7.0
92399,8,3,174,1,1,70.0,0,I,MELB_URBAN,ROAD,5,8.0
92400,1,3,113,2,1,60.0,0,I,LARGE_PROVINCIAL_CITIES,ROAD,5,10.0
92401,1,3,130,5,1,60.0,0,N,MELB_URBAN,STREET,5,10.0
92402,4,3,99,2,1,50.0,0,I,MELB_URBAN,STREET,5,11.0
92403,1,3,120,5,1,60.0,0,N,MELB_URBAN,ROAD,5,9.0
92404,1,3,110,1,1,60.0,0,I,LARGE_PROVINCIAL_CITIES,STREET,5,9.0
92405,1,3,110,1,6,50.0,0,I,MELB_URBAN,ROAD,5,7.0
92406,1,3,130,1,1,60.0,0,I,LARGE_PROVINCIAL_CITIES,STREET,5,7.0
92407,1,3,130,5,1,50.0,0,N,MELB_URBAN,STREET,5,12.0
92408,2,3,99,5,1,50.0,0,N,MELB_URBAN,STREET,5,14.0
92409,1,3,99,1,1,80.0,0,I,MELB_URBAN,ROAD,5,10.0
92410,1,3,116,2,1,50.0,0,I,MELB_URBAN,ROAD,5,16.0
92411,1,7,163,2,1,60.0,0,I,MELB_URBAN,STREET,5,9.0
92412,2,3,99,5,2,60.0,0,N,MELB_URBAN,HIGHWAY,5,17.0
92413,4,3,171,2,1,80.0,0,I,RURAL_VICTORIA,ROAD,5,15.0
92414,1,3,99,1,3,70.0,0,I,MELB_URBAN,BOULEVARD,5,18.0
92415,8,2,174,1,9,60.0,0,I,MELB_URBAN,ROAD,5,10.0
92416,1,3,130,1,1,50.0,0,I,MELB_URBAN,ROAD,5,8.0
92417,4,3,173,2,3,60.0,0,I,MELB_URBAN,OTHER,5,19.0
92418,1,2,130,5,1,110.0,0,UNKNOWN,UNKNOWN,UNKNOWN,5,11.0
92419,1,3,120,2,3,50.0,0,I,MELB_URBAN,ROAD,5,19.0
92420,1,3,113,2,3,80.0,0,I,RURAL_VICTORIA,HIGHWAY,5,18.0
92421,1,3,163,5,1,40.0,0,N,MELB_URBAN,STREET,5,14.0
92422,1,3,110,1,3,60.0,0,I,MELB_URBAN,HIGHWAY,5,21.0
92423,1,3,135,2,1,70.0,0,I,MELB_URBAN,ROAD,5,15.0
92424,4,4,171,1,5,100.0,0,N,RURAL_VICTORIA,ROAD,5,3.0
92425,1,2,130,1,2,70.0,0,I,MELB_URBAN,ROAD,1,20.0
92426,1,6,130,5,9,50.0,0,N,MELB_URBAN,AVENUE,5,12.0
92427,2,4,102,5,1,50.0,0,N,MELB_URBAN,STREET,5,9.0
92428,1,5,132,5,1,60.0,0,N,LARGE_PROVINCIAL_CITIES,ROAD,4,11.0
92429,2,3,102,1,1,50.0,0,N,MELB_URBAN,STREET,5,10.0
92430,1,3,99,2,1,40.0,0,N,MELB_URBAN,ROAD,5,14.0
92431,4,4,171,5,1,100.0,0,N,RURAL_VICTORIA,ROAD,5,10.0
92432,1,3,134,5,1,60.0,0,N,MELB_URBAN,BOULEVARD,7,15.0
92433,1,1,121,2,1,60.0,0,I,MELB_URBAN,ROAD,5,13.0
92434,1,4,113,2,2,60.0,0,I,MELB_URBAN,STREET,5,6.0
92435,1,4,110,1,1,80.0,0,I,LARGE_PROVINCIAL_CITIES,HIGHWAY,5,12.0
92436,1,3,134,5,1,60.0,0,N,RURAL_VICTORIA,ROAD,5,9.0
92437,1,4,116,2,1,80.0,0,I,MELB_URBAN,ROAD,5,12.0
92438,1,7,121,1,1,50.0,0,I,LARGE_PROVINCIAL_CITIES,HIGHWAY,4,10.0
92439,1,5,130,1,3,60.0,0,I,MELB_URBAN,ROAD,5,21.0
92440,1,4,113,2,1,60.0,0,I,MELB_URBAN,STREET,5,8.0
92441,1,4,99,5,1,50.0,0,N,MELB_URBAN,OTHER,5,9.0
92442,1,4,147,5,1,70.0,0,N,MELB_URBAN,STREET,5,11.0
92443,1,3,163,5,1,40.0,0,N,MELB_URBAN,STREET,5,15.0
92444,4,3,173,5,1,80.0,0,N,MELB_URBAN,ROAD,5,15.0
92445,2,4,100,5,1,60.0,0,N,MELB_URBAN,HIGHWAY,5,16.0
92446,1,4,120,5,1,50.0,0,N,RURAL_VICTORIA,DRIVE,5,15.0
92447,1,4,171,1,2,60.0,0,I,SMALL_CITIES,STREET,5,17.0
92448,1,4,130,2,2,80.0,0,I,MELB_URBAN,HIGHWAY,5,16.0
92449,1,4,121,2,2,60.0,0,I,MELB_URBAN,ROAD,5,17.0
92450,1,4,121,2,2,60.0,0,I,MELB_URBAN,ROAD,5,17.0
92451,1,4,99,2,3,60.0,0,I,SMALL_CITIES,HIGHWAY,5,18.0
92452,1,3,110,1,3,60.0,0,I,SMALL_CITIES,STREET,5,21.0
92453,1,4,116,2,3,60.0,0,N,MELB_URBAN,STREET,5,19.0
92454,4,4,173,5,5,100.0,0,N,RURAL_VICTORIA,ROAD,5,17.0
92455,1,4,99,5,3,60.0,0,I,MELB_URBAN,ROAD,5,19.0
92456,1,4,110,4,1,60.0,0,N,SMALL_CITIES,STREET,5,15.0
92457,1,4,110,4,2,60.0,0,I,LARGE_PROVINCIAL_CITIES,STREET,5,17.0
92458,1,4,99,2,3,50.0,0,I,MELB_URBAN,ROAD,5,17.0
92459,1,4,130,5,5,90.0,0,N,RURAL_VICTORIA,ROAD,5,18.0
92460,4,4,183,5,5,100.0,0,N,RURAL_VICTORIA,HIGHWAY,5,18.0
92461,1,4,130,5,5,100.0,0,N,SMALL_TOWNS,HIGHWAY,5,18.0
92462,1,4,130,2,3,60.0,0,I,MELB_URBAN,ROAD,5,19.0
92463,1,5,110,1,3,40.0,0,I,LARGE_PROVINCIAL_CITIES,STREET,5,0.0
92464,1,6,121,2,1,40.0,0,I,MELB_URBAN,STREET,5,11.0
92465,4,5,173,5,3,60.0,0,N,MELB_URBAN,ROAD,5,1.0
92466,1,5,116,2,3,70.0,0,I,MELB_URBAN,ROAD,5,1.0
92467,1,5,110,1,1,60.0,0,I,MELB_URBAN,STREET,4,17.0
92468,4,5,171,5,5,80.0,0,N,RURAL_VICTORIA,ROAD,5,1.0
92469,1,5,130,1,2,60.0,0,N,MELB_URBAN,STREET,5,7.0
92470,1,7,121,1,1,60.0,0,I,MELB_URBAN,STREET,5,11.0
92471,1,1,160,5,3,50.0,0,N,MELB_URBAN,OTHER,5,20.0
92472,1,4,130,5,3,60.0,0,N,SMALL_CITIES,ROAD,5,17.0
92473,1,4,121,5,1,60.0,0,N,RURAL_VICTORIA,ROAD,4,17.0
92474,1,3,130,5,3,80.0,0,N,MELB_URBAN,ROAD,5,18.0
92475,1,5,130,5,1,60.0,0,I,MELB_URBAN,HIGHWAY,5,15.0
92476,1,5,116,2,1,80.0,0,I,MELB_URBAN,HIGHWAY,5,10.0
92477,1,5,130,5,1,60.0,0,N,MELB_URBAN,ROAD,5,7.0
92478,1,6,130,5,3,60.0,0,N,MELB_URBAN,ROAD,5,20.0
92479,2,5,99,5,1,50.0,0,N,MELB_URBAN,STREET,5,9.0
92480,4,5,99,8,1,60.0,0,I,MELB_URBAN,DRIVE,5,10.0
92481,1,5,121,2,2,60.0,0,I,MELB_URBAN,ROAD,5,7.0
92482,5,5,99,5,1,50.0,0,N,MELB_URBAN,STREET,5,11.0
92483,1,5,121,2,1,60.0,0,I,MELB_URBAN,ROAD,5,11.0
92484,2,5,99,5,1,60.0,0,N,MELB_URBAN,ROAD,5,13.0
92485,1,5,120,5,1,50.0,0,N,SMALL_CITIES,DRIVE,5,6.0
92486,1,5,140,5,1,40.0,0,N,MELBOURNE_CBD,STREET,5,13.0
92487,1,4,130,5,1,80.0,0,N,MELB_URBAN,ROAD,5,10.0
92488,7,5,99,9,9,60.0,0,N,MELB_URBAN,STREET,5,12.0
92489,1,4,147,5,3,80.0,0,N,MELB_URBAN,ROAD,5,22.0
92490,1,5,130,5,1,60.0,0,I,MELB_URBAN,ROAD,5,13.0
92491,8,4,99,5,1,50.0,0,N,MELB_URBAN,ROAD,5,16.0
92492,1,5,121,2,3,60.0,0,I,MELB_URBAN,ROAD,5,18.0
92493,1,4,121,1,3,80.0,0,N,MELB_URBAN,ROAD,5,22.0
92494,2,4,99,2,1,50.0,0,N,TOWNS,STREET,5,15.0
92495,1,5,130,5,1,100.0,0,N,RURAL_VICTORIA,ROAD,5,15.0
92496,1,5,110,1,3,60.0,0,I,MELB_URBAN,ROAD,5,18.0
92497,1,5,147,5,3,60.0,0,N,MELBOURNE_CBD,STREET,5,20.0
92498,1,5,99,3,3,60.0,0,I,MELB_URBAN,OTHER,5,20.0
92499,4,4,171,5,5,100.0,0,N,RURAL_VICTORIA,HIGHWAY,5,20.0
92500,1,5,99,5,2,60.0,0,N,MELB_URBAN,ROAD,5,6.0
92501,1,5,130,2,1,70.0,0,I,MELB_URBAN,ROAD,5,16.0
92502,4,6,171,5,3,80.0,0,N,LARGE_PROVINCIAL_CITIES,ROAD,6,3.0
92503,1,5,99,5,1,60.0,0,N,MELB_URBAN,ROAD,5,9.0
92504,1,1,130,1,1,80.0,0,I,MELB_URBAN,HIGHWAY,5,13.0
92505,1,6,130,5,1,80.0,0,N,MELB_URBAN,ROAD,6,7.0
92506,2,6,100,5,1,40.0,0,N,MELB_URBAN,OTHER,6,9.0
92507,1,6,130,5,1,60.0,0,N,RURAL_VICTORIA,ROAD,6,8.0
92508,1,5,130,1,1,80.0,0,I,MELB_URBAN,HIGHWAY,5,10.0
92509,1,6,130,5,1,70.0,0,N,MELB_URBAN,ROAD,6,8.0
92510,1,5,110,1,1,60.0,0,I,SMALL_CITIES,ROAD,6,10.0
92511,1,6,140,5,1,60.0,0,N,MELB_URBAN,ROAD,6,9.0
92512,4,6,171,5,1,60.0,0,N,LARGE_PROVINCIAL_CITIES,ROAD,6,10.0
92513,2,5,99,5,1,40.0,0,N,SMALL_CITIES,OTHER,6,8.0
92514,1,6,130,5,1,80.0,0,N,MELB_URBAN,OTHER,6,9.0
92515,1,6,99,2,1,50.0,0,I,MELB_URBAN,ROAD,6,7.0
92516,1,6,113,2,1,60.0,0,I,MELB_URBAN,ROAD,6,13.0
92517,1,5,110,1,1,60.0,0,I,SMALL_CITIES,STREET,5,17.0
92518,1,5,121,2,3,60.0,0,I,MELB_URBAN,STREET,5,20.0
92519,1,5,130,5,6,100.0,0,N,MELB_URBAN,FREEWAY,5,18.0
92520,1,5,130,5,6,100.0,0,N,MELB_URBAN,UNKNOWN,5,19.0
92521,1,4,130,2,2,80.0,0,N,MELB_URBAN,ROAD,5,6.0
92522,1,6,110,1,1,50.0,0,I,LARGE_PROVINCIAL_CITIES,STREET,6,15.0
92523,1,6,130,5,1,60.0,0,N,MELB_URBAN,DRIVE,6,14.0
92524,1,6,121,2,1,60.0,0,I,MELB_URBAN,ROAD,6,16.0
92525,1,6,121,2,1,60.0,0,I,MELB_URBAN,ROAD,6,15.0
92526,4,6,181,5,1,60.0,0,N,RURAL_VICTORIA,ROAD,6,17.0
92527,1,6,99,1,1,50.0,0,I,MELB_URBAN,STREET,6,14.0
92528,1,6,110,1,1,80.0,0,I,MELB_URBAN,ROAD,6,16.0
92529,1,6,110,1,1,60.0,0,I,MELB_URBAN,ROAD,6,16.0
92530,1,6,121,1,3,60.0,0,I,MELB_URBAN,STREET,6,18.0
92531,1,6,113,2,3,60.0,0,I,MELB_URBAN,STREET,6,18.0
92532,4,6,181,5,2,50.0,0,N,RURAL_VICTORIA,ROAD,6,17.0
92533,1,6,121,5,3,80.0,0,N,SMALL_CITIES,OTHER,6,20.0
92534,1,6,110,1,1,50.0,0,I,SMALL_CITIES,STREET,6,16.0
92535,1,6,110,1,3,50.0,0,I,MELB_URBAN,ROAD,6,6.0
92536,1,6,121,1,1,60.0,0,I,MELB_URBAN,ROAD,6,16.0
92537,4,6,171,5,5,80.0,0,N,RURAL_VICTORIA,ROAD,6,22.0
92538,4,5,181,5,5,80.0,0,N,RURAL_VICTORIA,ROAD,6,21.0
92539,4,6,171,5,5,50.0,0,N,MELB_URBAN,AVENUE,6,21.0
92540,2,7,100,2,3,60.0,0,N,MELB_URBAN,STREET,6,2.0
92541,4,7,171,1,3,60.0,0,N,MELB_URBAN,HIGHWAY,6,1.0
92542,8,7,170,2,3,50.0,0,I,MELB_URBAN,AVENUE,6,1.0
92543,1,5,116,1,1,50.0,0,I,LARGE_PROVINCIAL_CITIES,STREET,5,11.0
92544,1,2,130,5,3,80.0,0,N,MELB_URBAN,ROAD,5,18.0
92545,2,3,99,5,1,40.0,0,N,MELB_URBAN,STREET,5,9.0
92546,2,3,99,5,1,40.0,0,N,MELB_URBAN,STREET,5,14.0
92547,2,5,99,1,1,50.0,0,N,TOWNS,STREET,6,9.0
92548,1,7,110,1,1,80.0,0,I,RURAL_VICTORIA,ROAD,6,11.0
92549,1,2,130,1,1,60.0,0,N,SMALL_CITIES,STREET,5,14.0
92550,1,5,116,2,1,50.0,0,I,MELB_URBAN,ROAD,5,8.0