,accident_type,day_of_week,dca_code,road_geometry,light_condition,speed_zone,severity,node_type,deg_urban_name,road_type,month,hour
92551,1,7,133,5,1,40.0,0,N,MELB_URBAN,STREET,6,8.0
92552,1,7,121,2,1,100.0,0,I,RURAL_VICTORIA,ROAD,6,13.0
92553,4,7,183,5,1,100.0,0,N,RURAL_VICTORIA,ROAD,6,13.0
92554,4,7,173,5,1,50.0,0,N,MELB_URBAN,ROAD,6,15.0
92555,4,7,171,5,1,100.0,0,N,RURAL_VICTORIA,ROAD,6,14.0
92556,1,7,121,1,1,60.0,0,I,SMALL_CITIES,RAMP,6,16.0
92557,1,6,110,1,3,50.0,0,I,TOWNS,STREET,6,19.0
92558,6,5,174,2,1,100.0,0,N,RURAL_VICTORIA,HIGHWAY,5,14.0
92559,1,7,163,5,1,60.0,0,N,MELB_URBAN,STREET,6,15.0
92560,1,7,130,5,5,100.0,0,N,MELB_URBAN,FREEWAY,6,18.0
92561,1,6,110,1,3,80.0,0,I,MELB_URBAN,HIGHWAY,6,19.0
92562,1,7,99,1,3,60.0,0,I,MELB_URBAN,RAMP,6,18.0
92563,1,7,120,2,3,60.0,0,I,MELB_URBAN,ROAD,6,22.0
92564,1,6,130,1,3,70.0,0,I,MELB_URBAN,ROAD,6,22.0
92565,2,7,100,5,3,80.0,0,N,MELB_URBAN,HIGHWAY,6,23.0
92566,2,1,100,1,3,40.0,0,I,MELBOURNE_CBD,STREET,6,0.0
92567,4,1,171,5,3,60.0,0,N,MELB_URBAN,ROAD,6,3.0
92568,1,5,130,5,1,80.0,0,N,MELB_URBAN,ROAD,5,6.0
92569,1,1,110,1,3,50.0,0,I,MELB_URBAN,AVENUE,6,6.0
92570,1,1,116,2,1,80.0,0,I,MELB_URBAN,HIGHWAY,6,7.0
92571,1,0,110,1,1,80.0,0,I,SMALL_CITIES,ROAD,6,9.0
92572,4,6,181,5,9,50.0,0,N,MELB_URBAN,STREET,4,8.0
92573,1,1,132,1,1,70.0,0,N,MELB_URBAN,DRIVE,6,9.0
92574,3,1,167,5,1,100.0,0,N,RURAL_VICTORIA,ROAD,6,9.0
92575,1,1,130,1,1,70.0,0,N,MELB_URBAN,ROAD,6,13.0
92576,1,6,99,5,3,60.0,0,N,MELB_URBAN,ROAD,6,6.0
92577,1,0,110,1,1,70.0,0,I,MELB_URBAN,ROAD,6,10.0
92578,8,1,184,5,1,80.0,0,N,TOWNS,ROAD,6,11.0
92579,4,1,183,5,1,60.0,0,N,TOWNS,ROAD,6,11.0
92580,5,1,99,5,1,60.0,0,N,RURAL_VICTORIA,ROAD,5,10.0
92581,1,0,130,2,1,60.0,0,I,MELB_URBAN,ROAD,6,15.0
92582,1,1,121,1,1,80.0,0,I,MELB_URBAN,ROAD,6,14.0
92583,6,1,170,5,1,100.0,0,N,RURAL_VICTORIA,ROAD,6,14.0
92584,1,1,133,5,1,60.0,0,N,MELB_URBAN,ROAD,6,9.0
92585,1,0,130,5,5,70.0,0,N,RURAL_VICTORIA,ROAD,6,18.0
92586,1,1,133,5,3,80.0,0,I,MELB_URBAN,ROAD,6,18.0
92587,2,0,102,5,6,40.0,0,N,MELB_URBAN,STREET,6,0.0
92588,1,1,113,2,3,60.0,0,I,MELB_URBAN,ROAD,6,20.0
92589,1,1,99,5,6,80.0,0,N,MELB_URBAN,FREEWAY,6,18.0
92590,1,1,99,1,1,40.0,0,I,MELBOURNE_CBD,STREET,6,15.0
92591,8,1,170,5,3,50.0,0,N,MELB_URBAN,STREET,6,18.0
92592,1,1,111,1,3,80.0,0,I,MELB_URBAN,RAMP,6,22.0
92593,8,1,174,5,1,100.0,0,N,RURAL_VICTORIA,UNKNOWN,6,11.0
92594,1,2,130,5,2,60.0,0,N,MELB_URBAN,ROAD,6,6.0
92595,2,2,100,1,3,70.0,0,I,MELB_URBAN,ROAD,6,6.0
92596,1,2,110,1,5,80.0,0,I,RURAL_VICTORIA,ROAD,6,6.0
92597,1,4,163,1,3,40.0,0,I,MELB_URBAN,STREET,5,18.0
92598,1,2,120,2,3,60.0,0,I,MELB_URBAN,HIGHWAY,6,6.0
92599,1,2,160,5,1,60.0,0,N,MELB_URBAN,AVENUE,6,8.0
92600,1,2,160,5,1,50.0,0,N,MELB_URBAN,OTHER,6,8.0
92601,1,1,110,1,1,50.0,0,I,MELB_URBAN,STREET,6,13.0
92602,1,6,121,2,9,60.0,0,I,MELB_URBAN,ROAD,6,16.0
92603,1,2,113,2,9,60.0,0,I,MELB_URBAN,STREET,6,11.0
92604,5,4,99,5,9,100.0,0,N,MELB_URBAN,FREEWAY,5,7.0
92605,2,2,102,1,1,60.0,0,I,MELB_URBAN,ROAD,6,10.0
92606,1,2,120,5,2,100.0,0,N,RURAL_VICTORIA,HIGHWAY,6,7.0
92607,4,2,171,5,1,80.0,0,N,RURAL_VICTORIA,ROAD,6,12.0
92608,2,2,99,2,1,50.0,0,N,MELB_URBAN,STREET,6,8.0
92609,1,2,99,1,1,50.0,0,I,MELB_URBAN,STREET,6,9.0
92610,1,2,130,5,1,60.0,0,N,LARGE_PROVINCIAL_CITIES,STREET,6,12.0
92611,4,5,183,5,5,80.0,0,N,RURAL_VICTORIA,ROAD,5,1.0
92612,2,2,99,1,1,40.0,0,I,MELB_URBAN,STREET,6,14.0
92613,4,2,171,5,1,100.0,0,N,RURAL_VICTORIA,ROAD,6,10.0
92614,1,7,110,1,1,100.0,0,I,RURAL_VICTORIA,HIGHWAY,6,10.0
92615,1,2,110,1,1,80.0,0,I,MELB_URBAN,ROAD,6,15.0
92616,1,2,99,2,9,50.0,0,N,MELB_URBAN,AVENUE,6,7.0
92617,1,2,130,1,3,60.0,0,N,MELB_URBAN,ROAD,6,18.0
92618,1,5,111,2,1,40.0,0,I,MELB_URBAN,PARADE,3,15.0
92619,1,5,130,5,1,60.0,0,N,RURAL_VICTORIA,HIGHWAY,5,18.0
92620,1,2,140,5,3,60.0,0,N,MELB_URBAN,ROAD,6,19.0
92621,1,1,120,5,3,50.0,0,N,SMALL_CITIES,ROAD,6,18.0
92622,4,2,99,5,3,40.0,0,N,MELB_URBAN,ROAD,6,19.0
92623,1,2,110,1,3,60.0,0,I,MELB_URBAN,STREET,6,18.0
92624,8,2,174,5,3,60.0,0,N,MELB_URBAN,STREET,6,20.0
92625,4,1,99,5,1,50.0,0,N,MELB_URBAN,STREET,6,16.0
92626,4,2,171,5,5,60.0,0,N,RURAL_VICTORIA,ROAD,6,17.0
92627,1,2,121,1,3,60.0,0,I,RURAL_VICTORIA,BOULEVARD,6,18.0
92628,1,1,99,2,3,50.0,0,I,SMALL_CITIES,OTHER,6,21.0
92629,1,1,160,5,3,60.0,0,N,MELB_URBAN,ROAD,6,21.0
92630,1,2,130,5,2,80.0,0,N,MELB_URBAN,FREEWAY,6,18.0
92631,1,2,130,4,1,80.0,0,N,MELB_URBAN,HIGHWAY,6,9.0
92632,1,3,130,5,2,110.0,0,N,RURAL_VICTORIA,FREEWAY,6,6.0
92633,1,2,111,2,1,60.0,0,I,MELB_URBAN,ROAD,6,9.0
92634,1,5,99,5,5,60.0,0,N,MELB_URBAN,ROAD,8,20.0
92635,2,2,100,1,3,60.0,0,I,MELB_URBAN,ROAD,6,5.0
92636,6,6,99,5,5,100.0,0,N,RURAL_VICTORIA,ROAD,5,20.0
92637,2,3,102,1,1,50.0,0,I,LARGE_PROVINCIAL_CITIES,STREET,6,8.0
92638,1,3,130,2,1,60.0,0,I,MELB_URBAN,ROAD,5,10.0
92639,1,3,120,5,3,40.0,0,I,MELB_URBAN,ROAD,6,6.0
92640,4,3,173,5,1,50.0,0,N,MELB_URBAN,DRIVE,6,9.0
92641,1,3,110,1,1,60.0,0,I,SMALL_CITIES,STREET,6,11.0
92642,2,2,102,1,1,60.0,0,N,MELB_URBAN,ROAD,6,16.0
92643,2,3,99,1,1,40.0,0,I,MELB_URBAN,ROAD,6,8.0
92644,1,3,130,5,1,60.0,0,N,MELB_URBAN,ROAD,6,12.0
92645,1,3,120,5,1,80.0,0,N,RURAL_VICTORIA,ROAD,6,10.0
92646,2,7,100,1,9,60.0,0,I,MELB_URBAN,ROAD,5,8.0
92647,1,3,113,1,1,60.0,0,I,MELB_URBAN,ROAD,6,12.0
92648,1,3,140,5,1,60.0,0,N,MELB_URBAN,ROAD,6,8.0
92649,1,2,113,2,1,50.0,0,I,MELB_URBAN,STREET,6,13.0
92650,4,3,173,5,1,40.0,0,N,MELB_URBAN,ROAD,6,8.0
92651,2,3,99,5,1,40.0,0,N,MELB_URBAN,STREET,6,13.0
92652,1,3,133,5,1,100.0,0,I,RURAL_VICTORIA,HIGHWAY,6,11.0
92653,2,3,100,2,1,40.0,0,I,MELBOURNE_CBD,OTHER,6,14.0
92654,1,3,110,1,1,50.0,0,I,MELB_URBAN,OTHER,6,13.0
92655,1,3,130,5,1,60.0,0,N,LARGE_PROVINCIAL_CITIES,STREET,6,8.0
92656,1,3,130,5,2,60.0,0,N,MELB_URBAN,FREEWAY,5,17.0
92657,1,2,110,1,1,60.0,0,I,SMALL_CITIES,ROAD,6,15.0
92658,2,3,99,5,1,50.0,0,N,MELB_URBAN,STREET,6,15.0
92659,4,3,173,5,1,100.0,0,N,RURAL_VICTORIA,HIGHWAY,6,14.0
92660,1,2,113,1,3,40.0,0,I,MELB_URBAN,ROAD,6,19.0
92661,2,3,100,1,3,40.0,0,I,MELB_URBAN,STREET,6,17.0
92662,8,3,170,5,1,100.0,0,N,RURAL_VICTORIA,ROAD,6,16.0
92663,2,3,99,5,3,60.0,0,N,MELB_URBAN,ROAD,6,17.0
92664,1,4,121,5,1,60.0,0,N,MELB_URBAN,STREET,9,15.0
92665,1,3,110,1,3,60.0,0,I,MELB_URBAN,ROAD,6,17.0
92666,2,3,102,5,1,60.0,0,UNKNOWN,UNKNOWN,UNKNOWN,6,10.0
92667,1,3,110,1,1,100.0,0,I,RURAL_VICTORIA,ROAD,6,16.0
92668,1,3,130,5,3,70.0,0,N,MELB_URBAN,ROAD,6,19.0
92669,1,1,130,1,3,60.0,0,N,MELB_URBAN,ROAD,6,23.0
92670,1,2,110,1,3,50.0,0,I,TOWNS,STREET,6,19.0
92671,1,2,113,2,1,50.0,0,N,TOWNS,STREET,6,16.0
92672,1,3,160,5,3,50.0,0,N,MELB_URBAN,STREET,6,20.0
92673,4,3,183,5,5,100.0,0,N,RURAL_VICTORIA,FREEWAY,6,22.0
92674,1,4,121,1,3,60.0,0,I,MELB_URBAN,ROAD,6,5.0
92675,8,4,170,2,5,50.0,0,I,RURAL_VICTORIA,ROAD,6,6.0
92676,1,4,110,1,3,60.0,0,I,MELB_URBAN,ROAD,6,7.0
92677,1,4,113,2,1,60.0,0,I,MELB_URBAN,ROAD,6,7.0
92678,1,4,121,1,2,60.0,0,I,MELB_URBAN,ROAD,6,6.0
92679,2,3,99,5,2,50.0,0,N,MELB_URBAN,STREET,6,7.0
92680,1,4,130,5,1,70.0,0,N,MELB_URBAN,HIGHWAY,6,8.0
92681,8,4,184,5,1,60.0,0,N,RURAL_VICTORIA,ROAD,6,10.0
92682,2,4,100,5,1,40.0,0,N,SMALL_CITIES,AVENUE,6,9.0
92683,2,4,100,2,1,80.0,0,I,MELB_URBAN,ROAD,6,8.0
92684,4,3,99,6,1,50.0,0,N,MELB_URBAN,OTHER,6,8.0
92685,1,3,110,1,2,50.0,0,I,MELB_URBAN,STREET,6,7.0
92686,1,3,130,5,1,80.0,0,N,MELB_URBAN,ROAD,6,14.0
92687,8,1,174,5,1,100.0,0,N,RURAL_VICTORIA,ROAD,6,12.0
92688,8,4,170,5,1,100.0,1,N,RURAL_VICTORIA,ROAD,6,11.0
92689,1,4,110,1,1,50.0,0,I,SMALL_CITIES,AVENUE,6,15.0
92690,1,4,121,1,1,50.0,0,I,MELB_URBAN,AVENUE,6,16.0
92691,1,3,111,1,3,70.0,0,I,LARGE_PROVINCIAL_CITIES,HIGHWAY,6,19.0
92692,1,4,99,5,1,50.0,0,N,TOWNS,ROAD,6,15.0
92693,1,4,120,5,1,60.0,0,N,LARGE_PROVINCIAL_CITIES,ROAD,6,16.0
92694,2,4,100,2,1,60.0,0,I,MELB_URBAN,OTHER,6,16.0
92695,1,7,99,1,1,60.0,0,I,MELB_URBAN,ROAD,5,10.0
92696,1,7,130,4,3,60.0,0,I,MELB_URBAN,ROAD,5,19.0
92697,1,4,120,5,1,80.0,0,N,SMALL_TOWNS,HIGHWAY,6,16.0
92698,2,4,99,4,2,60.0,0,I,MELB_URBAN,AVENUE,6,16.0
92699,1,3,130,5,1,60.0,0,N,MELB_URBAN,STREET,6,15.0
92700,1,4,120,5,1,100.0,0,N,RURAL_VICTORIA,ROAD,6,15.0
92701,4,4,173,5,5,100.0,0,N,RURAL_VICTORIA,ROAD,6,18.0
92702,1,4,121,2,1,80.0,0,I,MELB_URBAN,HIGHWAY,6,15.0
92703,1,4,130,5,2,50.0,0,N,TOWNS,HIGHWAY,6,17.0
92704,1,4,121,5,3,60.0,0,N,LARGE_PROVINCIAL_CITIES,ROAD,6,19.0
92705,2,3,100,1,1,60.0,0,N,LARGE_PROVINCIAL_CITIES,ROAD,6,16.0
92706,1,4,140,4,2,80.0,0,N,RURAL_VICTORIA,STREET,6,18.0
92707,6,4,99,5,1,100.0,0,N,RURAL_VICTORIA,ROAD,6,14.0
92708,1,4,130,5,3,60.0,0,N,MELB_URBAN,ROAD,6,19.0
92709,1,4,134,5,2,100.0,0,N,MELB_URBAN,FREEWAY,6,17.0
92710,2,4,100,5,2,60.0,0,N,MELB_URBAN,PARADE,6,19.0
92711,1,4,121,2,1,60.0,0,I,MELB_URBAN,BOULEVARD,6,16.0
92712,1,3,171,5,3,70.0,0,N,MELB_URBAN,HIGHWAY,6,23.0
92713,1,4,160,5,5,100.0,0,N,RURAL_VICTORIA,FREEWAY,6,0.0
92714,4,5,173,5,5,40.0,0,N,MELB_URBAN,STREET,6,0.0
92715,1,4,140,5,2,50.0,0,N,MELB_URBAN,STREET,5,18.0
92716,1,4,130,5,6,40.0,0,N,MELB_URBAN,ROAD,5,21.0
92717,1,5,110,1,1,60.0,0,I,MELB_URBAN,ROAD,6,7.0
92718,1,5,99,5,1,60.0,0,N,MELB_URBAN,STREET,6,7.0
92719,1,5,130,5,1,100.0,0,N,MELB_URBAN,ROAD,6,7.0
92720,1,5,130,2,1,60.0,0,I,MELB_URBAN,ROAD,6,9.0
92721,2,1,100,1,3,60.0,0,N,MELB_URBAN,ROAD,4,19.0
92722,6,7,174,5,1,50.0,0,N,MELB_URBAN,ROAD,6,9.0
92723,1,4,133,5,1,80.0,0,N,MELB_URBAN,HIGHWAY,6,11.0
92724,1,5,121,2,1,80.0,0,I,MELB_URBAN,ROAD,6,14.0
92725,6,5,170,5,1,60.0,0,I,MELB_URBAN,ROAD,6,13.0
92726,1,5,121,2,2,60.0,0,I,MELB_URBAN,ROAD,6,16.0
92727,1,4,121,5,9,60.0,0,N,MELB_URBAN,ROAD,6,12.0
92728,1,4,121,1,3,40.0,0,I,MELBOURNE_CBD,STREET,6,19.0
92729,1,6,99,5,1,60.0,0,N,MELB_URBAN,ROAD,4,7.0
92730,1,5,140,2,3,70.0,0,I,RURAL_VICTORIA,ROAD,6,17.0
92731,1,5,99,5,1,40.0,0,N,MELB_URBAN,ROAD,6,8.0
92732,1,5,160,5,3,50.0,0,N,MELB_URBAN,STREET,6,19.0
92733,1,5,130,5,3,60.0,0,N,MELB_URBAN,FREEWAY,6,17.0
92734,1,4,160,5,3,60.0,0,N,MELB_URBAN,ROAD,6,3.0
92735,1,5,147,2,3,60.0,0,I,MELB_URBAN,HIGHWAY,6,20.0
92736,3,5,167,5,5,100.0,0,N,RURAL_VICTORIA,ROAD,6,4.0
92737,1,4,130,5,2,50.0,0,N,SMALL_CITIES,ROAD,6,17.0
92738,4,6,99,2,3,80.0,0,I,RURAL_VICTORIA,HIGHWAY,6,5.0
92739,8,6,174,5,1,60.0,0,N,MELB_URBAN,STREET,6,9.0
92740,8,6,99,5,2,60.0,0,N,MELB_URBAN,ROAD,6,7.0
92741,1,6,121,1,1,60.0,0,I,LARGE_PROVINCIAL_CITIES,STREET,6,8.0
92742,2,6,102,1,3,60.0,1,I,MELB_URBAN,STREET,6,7.0
92743,1,6,163,5,1,50.0,0,N,MELB_URBAN,STREET,6,7.0
92744,1,6,160,5,1,50.0,0,N,MELB_URBAN,DRIVE,6,11.0
92745,1,5,121,1,1,40.0,0,I,MELBOURNE_CBD,STREET,6,9.0
92746,1,6,116,1,1,80.0,0,N,MELB_URBAN,HIGHWAY,4,8.0
92747,1,5,130,5,3,100.0,0,N,MELB_URBAN,FREEWAY,6,22.0
92748,4,6,183,5,1,100.0,0,N,RURAL_VICTORIA,HIGHWAY,6,11.0
92749,2,6,102,2,3,70.0,1,N,MELB_URBAN,ROAD,6,5.0
92750,1,6,130,2,1,60.0,0,I,MELB_URBAN,ROAD,6,12.0
92751,1,7,99,1,1,60.0,0,I,SMALL_TOWNS,OTHER,6,14.0
92752,4,6,171,5,1,90.0,0,N,RURAL_VICTORIA,HIGHWAY,6,8.0
92753,1,6,130,5,1,80.0,0,I,MELB_URBAN,FREEWAY,6,13.0
92754,1,5,121,2,3,60.0,0,I,MELB_URBAN,ROAD,6,20.0
92755,1,3,110,1,1,40.0,0,I,MELB_URBAN,STREET,5,16.0
92756,2,6,102,1,1,40.0,0,I,MELBOURNE_CBD,STREET,6,14.0
92757,1,4,110,4,1,50.0,0,I,MELB_URBAN,ROAD,6,11.0
92758,1,7,130,5,2,60.0,0,N,MELB_URBAN,ROAD,6,7.0
92759,1,6,121,2,1,60.0,0,I,LARGE_PROVINCIAL_CITIES,ROAD,6,15.0
92760,1,6,121,5,1,60.0,0,N,MELB_URBAN,ROAD,6,17.0
92761,2,6,100,5,1,100.0,0,N,RURAL_VICTORIA,ROAD,6,15.0
92762,1,6,111,2,1,60.0,0,I,LARGE_PROVINCIAL_CITIES,ROAD,6,17.0
92763,6,6,99,5,5,50.0,0,N,LARGE_PROVINCIAL_CITIES,ROAD,6,18.0
92764,1,6,113,2,3,60.0,0,I,MELB_URBAN,ROAD,6,18.0
92765,1,6,110,1,3,70.0,0,I,MELB_URBAN,ROAD,6,17.0
92766,1,5,130,1,1,60.0,0,I,MELB_URBAN,ROAD,6,12.0
92767,1,6,130,5,3,80.0,0,N,MELB_URBAN,FREEWAY,6,18.0
92768,1,6,110,1,5,60.0,0,I,SMALL_TOWNS,ROAD,6,18.0
92769,8,6,99,2,3,40.0,0,N,MELB_URBAN,ROAD,6,17.0
92770,1,6,121,1,3,60.0,0,I,MELB_URBAN,ROAD,6,20.0
92771,2,6,99,5,1,100.0,0,N,MELB_URBAN,ROAD,6,16.0
92772,4,6,171,5,5,100.0,0,N,RURAL_VICTORIA,ROAD,6,19.0
92773,1,6,121,1,1,60.0,0,I,MELB_URBAN,ROAD,6,16.0
92774,1,6,130,2,3,70.0,0,I,MELB_URBAN,ROAD,6,23.0
92775,4,6,171,5,3,70.0,0,N,MELB_URBAN,ROAD,6,0.0
92776,4,7,181,5,5,100.0,0,N,RURAL_VICTORIA,OTHER,6,3.0
92777,1,4,132,2,1,60.0,0,I,MELB_URBAN,ROAD,5,7.0
92778,1,4,130,1,3,50.0,0,I,MELB_URBAN,ROAD,5,18.0
92779,1,3,135,1,1,80.0,0,I,MELB_URBAN,ROAD,6,14.0
92780,1,3,113,2,3,60.0,0,I,MELB_URBAN,ROAD,6,18.0
92781,2,5,99,5,9,60.0,0,N,MELB_URBAN,ROAD,6,13.0
92782,7,7,99,5,1,60.0,0,N,MELB_URBAN,STREET,6,11.0
92783,2,6,99,1,2,40.0,0,I,MELBOURNE_CBD,OTHER,6,17.0
92784,1,7,133,4,1,60.0,0,I,MELB_URBAN,RAMP,6,11.0
92785,1,7,110,1,1,60.0,0,I,RURAL_VICTORIA,ROAD,6,9.0
92786,4,7,171,5,1,100.0,0,N,RURAL_VICTORIA,ROAD,6,10.0
92787,1,3,110,1,1,100.0,0,I,RURAL_VICTORIA,FREEWAY,6,9.0
92788,1,7,121,5,1,80.0,0,N,MELB_URBAN,HIGHWAY,6,13.0
92789,1,2,121,1,3,60.0,0,I,MELB_URBAN,ROAD,4,19.0
92790,1,7,130,1,1,60.0,0,I,TOWNS,STREET,6,14.0
92791,1,7,121,4,1,50.0,0,I,TOWNS,ROAD,6,14.0
92792,4,6,171,5,1,60.0,0,N,MELB_URBAN,ROAD,6,10.0
92793,4,7,181,5,1,100.0,0,N,RURAL_VICTORIA,ROAD,6,13.0
92794,1,7,121,1,1,60.0,0,I,MELB_URBAN,ROAD,6,15.0
92795,1,6,99,5,1,60.0,0,N,LARGE_PROVINCIAL_CITIES,STREET,6,15.0
92796,4,6,181,5,1,100.0,0,I,RURAL_VICTORIA,ROAD,6,16.0
92797,1,7,113,2,1,60.0,0,I,MELB_URBAN,ROAD,6,10.0
92798,1,7,130,2,3,60.0,0,I,MELB_URBAN,ROAD,6,17.0
92799,4,7,171,2,3,50.0,0,I,MELB_URBAN,AVENUE,6,17.0
92800,1,6,99,1,1,80.0,0,I,MELB_URBAN,ROAD,6,17.0
92801,1,7,99,5,1,70.0,0,N,MELB_URBAN,ROAD,5,10.0
92802,4,7,173,5,2,110.0,0,N,RURAL_VICTORIA,FREEWAY,6,17.0
92803,1,7,110,1,3,50.0,0,I,MELB_URBAN,ROAD,6,18.0
92804,1,7,99,5,3,60.0,0,N,MELB_URBAN,ROAD,6,18.0
92805,2,7,100,5,3,60.0,0,N,MELB_URBAN,ROAD,6,18.0
92806,4,7,183,5,5,100.0,0,N,RURAL_VICTORIA,ROAD,6,20.0
92807,4,7,99,2,5,100.0,0,I,RURAL_VICTORIA,ROAD,6,20.0
92808,1,5,111,2,1,40.0,0,I,RURAL_VICTORIA,ROAD,6,10.0
92809,1,7,121,1,3,60.0,0,I,MELB_URBAN,STREET,6,18.0
92810,1,1,130,5,5,110.0,0,N,RURAL_VICTORIA,FREEWAY,6,0.0
92811,1,0,121,1,3,60.0,0,I,MELB_URBAN,STREET,6,2.0
92812,4,1,171,5,3,80.0,0,N,MELB_URBAN,ROAD,6,1.0
92813,1,1,99,5,3,50.0,0,N,MELB_URBAN,ROAD,6,4.0
92814,4,1,171,5,3,50.0,0,N,MELB_URBAN,STREET,6,6.0
92815,1,1,121,1,1,60.0,0,I,MELB_URBAN,ROAD,6,7.0
92816,9,6,99,5,5,100.0,0,N,RURAL_VICTORIA,HIGHWAY,6,22.0
92817,8,1,99,2,1,60.0,0,I,MELB_URBAN,ROAD,6,11.0
92818,1,0,99,5,1,50.0,0,I,MELB_URBAN,ROAD,6,9.0
92819,1,5,121,2,1,40.0,0,I,MELB_URBAN,STREET,6,16.0
92820,1,1,121,4,1,60.0,0,I,MELB_URBAN,RAMP,6,11.0
92821,1,7,111,2,1,40.0,0,I,MELB_URBAN,STREET,6,16.0
92822,2,3,99,5,1,60.0,0,N,MELB_URBAN,ROAD,6,16.0
92823,4,1,171,5,1,70.0,0,N,MELB_URBAN,ROAD,6,14.0
92824,2,5,99,1,1,60.0,0,I,SMALL_CITIES,STREET,6,9.0
92825,8,1,174,5,9,60.0,0,N,MELB_URBAN,ROAD,1,11.0
92826,6,0,174,5,1,80.0,0,N,RURAL_VICTORIA,ROAD,6,11.0
92827,1,1,121,4,1,80.0,0,I,MELB_URBAN,DRIVE,6,13.0
92828,1,0,121,5,1,80.0,0,N,MELB_URBAN,HIGHWAY,6,14.0
92829,1,1,120,2,1,80.0,0,I,RURAL_VICTORIA,ROAD,6,12.0
92830,6,1,174,5,2,80.0,0,N,RURAL_VICTORIA,ROAD,6,17.0
92831,1,1,110,1,1,80.0,0,I,RURAL_VICTORIA,HIGHWAY,6,15.0
92832,6,1,99,5,5,100.0,0,N,RURAL_VICTORIA,OTHER,6,19.0
92833,1,1,99,2,1,50.0,0,I,MELB_URBAN,STREET,6,17.0
92834,1,0,120,2,3,60.0,0,I,MELB_URBAN,ROAD,6,22.0
92835,4,1,171,5,5,100.0,1,N,RURAL_VICTORIA,ROAD,6,19.0
92836,1,7,130,1,1,60.0,0,I,MELB_URBAN,ROAD,11,16.0
92837,1,2,116,2,3,70.0,0,I,LARGE_PROVINCIAL_CITIES,OTHER,6,1.0
92838,1,2,110,1,3,60.0,1,I,MELB_URBAN,ROAD,6,1.0
92839,2,2,99,5,3,80.0,0,N,MELB_URBAN,ROAD,6,3.0
92840,4,2,181,5,3,50.0,0,N,MELB_URBAN,BOULEVARD,6,5.0
92841,1,2,99,2,1,60.0,0,N,MELB_URBAN,STREET,6,7.0
92842,4,7,171,5,5,100.0,0,N,SMALL_TOWNS,STREET,6,17.0
92843,2,1,102,2,3,60.0,0,N,MELB_URBAN,STREET,6,22.0
92844,6,1,99,5,1,100.0,0,N,RURAL_VICTORIA,OTHER,6,12.0
92845,1,2,140,5,1,40.0,0,N,MELB_URBAN,DRIVE,6,12.0
92846,1,2,120,5,1,100.0,0,N,RURAL_VICTORIA,ROAD,6,11.0
92847,1,2,130,5,1,110.0,0,N,RURAL_VICTORIA,FREEWAY,6,13.0
92848,1,2,121,2,1,50.0,0,I,TOWNS,AVENUE,6,10.0
92849,1,2,110,1,1,60.0,0,I,MELB_URBAN,STREET,6,14.0
92850,1,1,113,2,1,80.0,0,I,MELB_URBAN,HIGHWAY,6,8.0
92851,1,2,110,1,1,60.0,0,I,LARGE_PROVINCIAL_CITIES,ROAD,6,13.0
92852,1,1,120,4,1,50.0,0,N,MELB_URBAN,STREET,6,14.0
92853,1,4,135,5,1,80.0,0,N,MELB_URBAN,HIGHWAY,6,13.0
92854,1,1,132,5,1,80.0,0,N,RURAL_VICTORIA,ROAD,6,11.0
92855,1,2,121,1,1,50.0,0,I,LARGE_PROVINCIAL_CITIES,STREET,6,14.0
92856,1,2,99,5,1,100.0,1,N,RURAL_VICTORIA,HIGHWAY,6,11.0
92857,8,2,99,5,1,70.0,0,N,RURAL_VICTORIA,ROAD,6,15.0
92858,6,2,99,5,1,80.0,0,N,SMALL_CITIES,HIGHWAY,6,12.0
92859,1,2,121,2,1,100.0,0,I,RURAL_VICTORIA,ROAD,6,13.0
92860,1,2,99,5,1,100.0,0,N,RURAL_VICTORIA,ROAD,6,13.0
92861,1,2,130,5,1,100.0,1,N,MELB_URBAN,HIGHWAY,6,10.0
92862,4,1,171,5,1,100.0,0,N,RURAL_VICTORIA,HIGHWAY,6,15.0
92863,1,2,140,5,3,50.0,0,N,MELB_URBAN,STREET,6,18.0
92864,6,1,99,5,1,100.0,0,N,RURAL_VICTORIA,ROAD,6,17.0
92865,1,2,130,5,1,80.0,0,N,RURAL_VICTORIA,HIGHWAY,6,14.0
92866,1,2,134,5,1,80.0,0,N,MELB_URBAN,ROAD,6,17.0
92867,4,6,171,1,3,50.0,0,N,SMALL_CITIES,STREET,6,20.0
92868,1,1,120,5,5,80.0,0,N,RURAL_VICTORIA,HIGHWAY,6,20.0
92869,4,3,171,9,3,60.0,0,I,MELB_URBAN,ROAD,6,3.0
92870,1,3,120,5,1,80.0,0,N,MELB_URBAN,ROAD,6,7.0
92871,6,3,99,5,3,40.0,0,N,SMALL_TOWNS,ROAD,6,6.0
92872,1,3,110,1,1,60.0,0,I,RURAL_VICTORIA,DRIVE,6,8.0
92873,1,3,110,1,1,70.0,0,I,SMALL_CITIES,AVENUE,6,8.0
92874,1,3,140,5,1,60.0,0,N,MELB_URBAN,ROAD,6,8.0
92875,1,3,121,1,1,60.0,0,I,MELB_URBAN,HIGHWAY,6,8.0
92876,1,2,160,5,1,50.0,0,N,SMALL_CITIES,STREET,6,12.0
92877,1,3,147,5,1,60.0,0,N,MELB_URBAN,ROAD,6,7.0
92878,1,2,121,5,3,60.0,0,N,MELB_URBAN,STREET,6,18.0
92879,1,3,130,5,1,50.0,0,N,TOWNS,ROAD,6,8.0
92880,1,3,135,5,1,50.0,0,N,MELB_URBAN,ROAD,6,9.0
92881,1,3,130,1,1,80.0,0,I,MELB_URBAN,HIGHWAY,6,11.0
92882,4,3,183,1,5,60.0,0,I,TOWNS,ROAD,6,6.0
92883,1,1,130,5,1,100.0,0,N,MELB_URBAN,FREEWAY,6,15.0