,accident_type,day_of_week,dca_code,road_geometry,light_condition,speed_zone,severity,node_type,deg_urban_name,road_type,month,hour
92884,4,2,171,5,5,100.0,0,N,RURAL_VICTORIA,ROAD,6,21.0
92885,2,3,100,2,1,60.0,0,I,MELB_URBAN,BOULEVARD,6,7.0
92886,1,3,113,2,1,60.0,0,I,MELB_URBAN,ROAD,6,12.0
92887,1,3,113,2,1,100.0,0,I,RURAL_VICTORIA,ROAD,6,14.0
92888,5,3,99,2,1,50.0,0,N,LARGE_PROVINCIAL_CITIES,BOULEVARD,6,14.0
92889,1,6,140,5,1,40.0,0,N,MELB_URBAN,ROAD,6,13.0
92890,1,3,110,1,1,50.0,0,I,TOWNS,STREET,6,15.0
92891,4,3,171,1,1,50.0,0,I,MELB_URBAN,STREET,6,13.0
92892,1,3,130,5,1,100.0,0,N,MELB_URBAN,RAMP,6,15.0
92893,1,3,121,1,1,80.0,0,N,MELB_URBAN,ROAD,6,15.0
92894,1,3,147,5,1,60.0,0,N,MELB_URBAN,ROAD,6,15.0
92895,1,3,110,1,1,100.0,0,I,RURAL_VICTORIA,HIGHWAY,6,16.0
92896,1,6,130,5,9,70.0,0,N,MELB_URBAN,ROAD,6,17.0
92897,1,4,130,2,2,100.0,0,N,MELB_URBAN,FREEWAY,6,7.0
92898,2,3,102,5,3,60.0,0,N,MELB_URBAN,ROAD,6,19.0
92899,4,2,171,5,1,100.0,0,N,RURAL_VICTORIA,ROAD,6,12.0
92900,1,3,130,5,1,60.0,0,N,SMALL_CITIES,PARADE,6,8.0
92901,2,2,102,1,1,60.0,0,I,MELB_URBAN,STREET,11,18.0
92902,1,3,121,1,5,60.0,0,I,MELB_URBAN,STREET,6,20.0
92903,4,3,171,1,3,60.0,0,I,TOWNS,ROAD,6,18.0
92904,4,3,183,5,5,80.0,0,N,RURAL_VICTORIA,ROAD,6,19.0
92905,6,4,174,5,3,50.0,0,N,MELB_URBAN,AVENUE,6,4.0
92906,2,0,102,5,6,50.0,0,N,MELB_URBAN,AVENUE,6,1.0
92907,1,4,116,2,3,40.0,0,I,MELB_URBAN,STREET,6,6.0
92908,8,2,170,5,1,50.0,0,N,LARGE_PROVINCIAL_CITIES,STREET,4,7.0
92909,4,4,173,5,1,50.0,0,N,MELB_URBAN,AVENUE,6,7.0
92910,4,4,183,5,5,100.0,0,N,RURAL_VICTORIA,ROAD,5,5.0
92911,2,5,99,5,1,40.0,0,N,LARGE_PROVINCIAL_CITIES,STREET,3,14.0
92912,1,4,130,5,1,70.0,0,N,MELB_URBAN,ROAD,6,7.0
92913,1,4,116,1,1,80.0,0,I,MELB_URBAN,OTHER,6,10.0
92914,6,4,99,5,1,60.0,0,N,RURAL_VICTORIA,ROAD,6,9.0
92915,1,4,121,5,1,80.0,0,I,MELB_URBAN,ROAD,6,7.0
92916,4,4,183,5,1,80.0,0,N,RURAL_VICTORIA,ROAD,6,9.0
92917,1,3,130,5,5,60.0,0,N,RURAL_VICTORIA,ROAD,6,17.0
92918,4,2,181,1,2,100.0,0,N,RURAL_VICTORIA,ROAD,6,17.0
92919,1,4,120,5,1,60.0,0,N,MELB_URBAN,ROAD,6,12.0
92920,6,4,174,5,1,100.0,0,N,RURAL_VICTORIA,ROAD,2,17.0
92921,1,4,110,1,1,50.0,0,I,MELB_URBAN,STREET,6,15.0
92922,6,7,99,5,1,60.0,0,N,RURAL_VICTORIA,ROAD,6,10.0
92923,1,3,130,1,1,60.0,0,I,MELB_URBAN,ROAD,5,17.0
92924,1,4,113,2,1,60.0,0,I,MELB_URBAN,ROAD,6,13.0
92925,4,4,171,6,1,80.0,0,N,RURAL_VICTORIA,ROAD,6,15.0
92926,1,1,99,5,1,60.0,0,N,MELB_URBAN,ROAD,5,14.0
92927,1,4,120,5,1,60.0,0,N,MELB_URBAN,ROAD,6,15.0
92928,2,4,102,1,3,60.0,0,I,MELB_URBAN,STREET,6,17.0
92929,1,4,135,5,2,80.0,0,N,MELB_URBAN,ROAD,6,16.0
92930,1,2,130,1,2,60.0,0,I,MELB_URBAN,ROAD,6,16.0
92931,1,4,160,6,1,60.0,0,N,MELB_URBAN,AVENUE,6,15.0
92932,1,4,99,1,3,50.0,0,I,MELB_URBAN,STREET,6,18.0
92933,1,6,147,5,1,60.0,0,N,MELB_URBAN,ROAD,2,7.0
92934,2,4,102,5,3,40.0,0,N,MELB_URBAN,AVENUE,6,19.0
92935,1,4,130,5,3,100.0,0,N,MELB_URBAN,ROAD,6,17.0
92936,1,4,120,5,1,100.0,1,N,RURAL_VICTORIA,HIGHWAY,6,15.0
92937,1,4,99,5,1,70.0,0,N,MELB_URBAN,ROAD,6,15.0
92938,1,4,110,1,3,80.0,0,I,MELB_URBAN,HIGHWAY,6,19.0
92939,4,4,181,5,3,100.0,0,N,RURAL_VICTORIA,RAMP,6,19.0
92940,2,4,102,5,3,50.0,0,N,MELB_URBAN,ROAD,6,19.0
92941,1,4,132,2,6,50.0,0,I,LARGE_PROVINCIAL_CITIES,AVENUE,6,18.0
92942,2,4,100,5,3,60.0,0,N,MELB_URBAN,ROAD,6,17.0
92943,1,4,140,2,3,60.0,0,I,MELB_URBAN,ROAD,6,18.0
92944,1,3,130,2,3,80.0,0,I,MELB_URBAN,ROAD,6,17.0
92945,4,3,171,5,3,60.0,0,N,MELB_URBAN,ROAD,6,22.0
92946,1,2,130,5,3,100.0,0,N,MELB_URBAN,RAMP,6,5.0
92947,4,4,181,5,3,50.0,0,N,MELB_URBAN,STREET,6,23.0
92948,2,3,100,2,1,50.0,0,I,MELB_URBAN,STREET,5,15.0
92949,7,1,99,1,1,60.0,1,N,MELB_URBAN,ROAD,8,9.0
92950,1,5,121,1,1,60.0,0,I,MELB_URBAN,STREET,6,7.0
92951,1,2,99,2,1,60.0,0,I,MELB_URBAN,STREET,6,9.0
92952,1,5,121,1,1,60.0,0,I,MELB_URBAN,ROAD,6,7.0
92953,1,4,99,4,2,70.0,0,I,MELB_URBAN,ROAD,5,6.0
92954,6,5,174,1,3,70.0,0,I,MELB_URBAN,ROAD,6,17.0
92955,1,5,113,2,9,60.0,0,I,MELB_URBAN,STREET,6,7.0
92956,1,4,110,1,6,80.0,0,N,MELB_URBAN,AVENUE,6,22.0
92957,4,2,183,5,1,100.0,0,N,RURAL_VICTORIA,ROAD,5,13.0
92958,4,5,171,5,1,60.0,0,N,SMALL_TOWNS,STREET,6,10.0
92959,1,7,120,5,1,60.0,0,N,RURAL_VICTORIA,ROAD,6,16.0
92960,1,5,133,5,1,80.0,0,N,MELB_URBAN,FREEWAY,6,12.0
92961,1,5,135,5,9,80.0,0,N,MELB_URBAN,ROAD,6,12.0
92962,1,7,99,2,1,40.0,0,I,MELB_URBAN,STREET,6,11.0
92963,2,6,100,2,9,60.0,0,I,MELB_URBAN,ROAD,6,19.0
92964,1,4,110,1,1,60.0,0,I,MELB_URBAN,ROAD,6,16.0
92965,1,4,130,2,1,70.0,0,I,MELB_URBAN,HIGHWAY,6,10.0
92966,1,5,113,2,1,80.0,0,I,MELB_URBAN,AVENUE,6,14.0
92967,1,5,130,5,1,60.0,0,N,RURAL_VICTORIA,ROAD,6,14.0
92968,1,5,121,1,1,60.0,0,I,MELB_URBAN,ROAD,6,11.0
92969,1,5,120,5,1,60.0,0,N,MELB_URBAN,ROAD,6,15.0
92970,1,4,130,5,1,60.0,0,N,MELB_URBAN,ROAD,6,15.0
92971,8,5,174,5,1,60.0,0,N,MELB_URBAN,ROAD,6,15.0
92972,2,5,102,1,3,50.0,0,I,SMALL_CITIES,STREET,6,18.0
92973,1,3,121,2,1,60.0,0,I,MELB_URBAN,ROAD,10,10.0
92974,2,5,102,2,3,60.0,0,N,MELB_URBAN,ROAD,6,18.0
92975,4,5,171,5,5,60.0,0,N,SMALL_TOWNS,ROAD,6,17.0
92976,2,5,99,5,9,60.0,0,N,MELB_URBAN,STREET,6,11.0
92977,4,4,183,5,5,100.0,0,N,RURAL_VICTORIA,ROAD,6,18.0
92978,1,4,110,1,3,50.0,0,I,TOWNS,STREET,6,18.0
92979,1,2,113,2,1,100.0,0,I,TOWNS,HIGHWAY,6,13.0
92980,1,4,113,2,1,60.0,0,I,MELB_URBAN,ROAD,6,14.0
92981,7,5,99,5,5,100.0,0,N,RURAL_VICTORIA,HIGHWAY,6,19.0
92982,1,5,120,5,5,100.0,1,N,RURAL_VICTORIA,ROAD,6,17.0
92983,1,5,134,5,5,100.0,0,N,MELB_URBAN,FREEWAY,6,19.0
92984,1,5,99,2,1,60.0,0,I,MELB_URBAN,ROAD,5,8.0
92985,4,1,99,2,1,50.0,0,I,MELB_URBAN,STREET,6,15.0
92986,1,4,130,5,1,60.0,0,N,MELB_URBAN,PARADE,6,13.0
92987,1,3,121,2,3,50.0,0,I,MELB_URBAN,OTHER,6,18.0
92988,1,6,130,5,3,80.0,0,N,MELB_URBAN,ROAD,6,7.0
92989,6,6,174,5,1,60.0,0,N,MELB_URBAN,STREET,6,10.0
92990,1,6,110,1,1,60.0,0,I,TOWNS,STREET,6,10.0
92991,4,5,171,5,1,100.0,0,N,RURAL_VICTORIA,ROAD,6,7.0
92992,4,6,183,5,1,80.0,0,N,RURAL_VICTORIA,ROAD,6,8.0
92993,1,6,120,5,1,60.0,0,N,MELB_URBAN,ROAD,6,16.0
92994,1,5,113,4,1,80.0,0,I,MELB_URBAN,STREET,6,9.0
92995,1,6,116,2,1,60.0,0,I,MELB_URBAN,ROAD,6,12.0
92996,1,6,130,5,1,60.0,0,N,MELB_URBAN,PARADE,6,11.0
92997,1,4,130,5,5,60.0,0,N,RURAL_VICTORIA,HIGHWAY,6,18.0
92998,1,6,171,5,1,60.0,0,N,TOWNS,STREET,6,14.0
92999,1,3,135,5,6,60.0,0,N,MELB_URBAN,DRIVE,6,18.0
93000,1,3,130,5,3,60.0,0,N,MELB_URBAN,ROAD,6,18.0
93001,2,6,99,5,1,40.0,0,N,MELB_URBAN,ROAD,6,15.0
93002,1,5,121,4,3,60.0,0,N,MELB_URBAN,ROAD,5,22.0
93003,1,6,99,1,1,60.0,0,N,MELB_URBAN,STREET,6,15.0
93004,1,5,130,5,3,80.0,0,N,MELB_URBAN,UNKNOWN,6,18.0
93005,1,6,110,1,5,80.0,0,I,RURAL_VICTORIA,ROAD,6,17.0
93006,2,6,99,1,3,60.0,0,N,MELB_URBAN,ROAD,6,18.0
93007,1,7,147,5,1,60.0,0,N,MELB_URBAN,STREET,2,7.0
93008,2,6,100,2,1,50.0,0,I,MELB_URBAN,STREET,6,17.0
93009,2,6,102,1,3,40.0,0,N,MELB_URBAN,ROAD,6,21.0
93010,3,6,167,5,5,100.0,0,N,RURAL_VICTORIA,ROAD,6,20.0
93011,2,6,102,5,3,80.0,0,N,MELB_URBAN,HIGHWAY,6,18.0
93012,4,6,171,5,3,70.0,0,N,MELB_URBAN,ROAD,6,23.0
93013,1,6,113,2,1,60.0,0,I,MELB_URBAN,ROAD,6,16.0
93014,1,7,130,5,3,50.0,0,N,MELB_URBAN,STREET,6,4.0
93015,4,7,181,2,5,60.0,0,I,RURAL_VICTORIA,ROAD,6,5.0
93016,2,7,102,4,1,60.0,1,I,MELB_URBAN,ROAD,6,8.0
93017,6,7,174,5,1,80.0,0,N,SMALL_CITIES,ROAD,6,7.0
93018,3,7,167,5,5,100.0,0,N,RURAL_VICTORIA,ROAD,6,22.0
93019,1,6,110,1,1,60.0,0,I,MELB_URBAN,ROAD,6,10.0
93020,1,6,130,5,1,80.0,0,N,MELB_URBAN,HIGHWAY,6,10.0
93021,2,3,100,1,1,40.0,0,I,MELB_URBAN,STREET,6,15.0
93022,1,6,110,1,1,80.0,0,I,MELB_URBAN,ROAD,6,13.0
93023,4,7,171,2,1,50.0,0,I,MELB_URBAN,ROAD,6,13.0
93024,2,7,100,5,1,70.0,0,N,MELB_URBAN,ROAD,6,12.0
93025,1,7,110,1,1,80.0,0,I,MELB_URBAN,ROAD,6,12.0
93026,1,5,130,5,6,60.0,0,N,MELB_URBAN,STREET,6,18.0
93027,2,7,102,5,1,60.0,0,N,SMALL_CITIES,STREET,6,13.0
93028,4,6,171,5,1,60.0,0,N,MELB_URBAN,ROAD,6,7.0
93029,4,7,171,2,1,100.0,0,N,RURAL_VICTORIA,ROAD,6,14.0
93030,1,6,160,5,3,50.0,0,N,TOWNS,STREET,6,20.0
93031,1,7,110,1,1,80.0,0,I,MELB_URBAN,HIGHWAY,6,14.0
93032,4,7,183,5,1,100.0,0,N,RURAL_VICTORIA,ROAD,6,13.0
93033,1,7,99,5,1,60.0,0,N,SMALL_CITIES,STREET,6,16.0
93034,1,7,110,1,3,50.0,0,N,MELB_URBAN,STREET,6,18.0
93035,2,7,99,5,3,60.0,0,N,MELB_URBAN,ROAD,6,17.0
93036,1,7,110,1,3,50.0,0,I,LARGE_PROVINCIAL_CITIES,STREET,6,18.0
93037,1,7,99,5,3,80.0,0,I,MELB_URBAN,ROAD,6,19.0
93038,1,7,110,1,3,80.0,0,I,RURAL_VICTORIA,ROAD,6,19.0
93039,4,7,171,1,6,50.0,0,I,MELB_URBAN,DRIVE,6,20.0
93040,4,7,171,5,1,60.0,0,N,MELB_URBAN,ROAD,6,16.0
93041,4,7,183,5,5,100.0,0,N,RURAL_VICTORIA,HIGHWAY,6,19.0
93042,2,7,102,5,3,60.0,0,N,MELB_URBAN,ROAD,6,21.0
93043,1,7,99,5,5,40.0,0,N,MELB_URBAN,STREET,6,19.0
93044,1,7,130,5,3,60.0,0,N,MELB_URBAN,RAMP,6,18.0
93045,6,1,170,5,3,60.0,0,N,TOWNS,AVENUE,6,0.0
93046,4,1,99,2,3,50.0,0,N,MELB_URBAN,STREET,6,3.0
93047,1,7,113,2,1,60.0,0,I,MELB_URBAN,ROAD,6,10.0
93048,1,1,130,2,3,80.0,0,I,MELB_URBAN,ROAD,6,6.0
93049,1,1,110,1,3,80.0,0,N,MELB_URBAN,ROAD,6,5.0
93050,1,1,110,1,3,40.0,0,I,MELB_URBAN,STREET,6,6.0
93051,4,1,171,2,3,60.0,0,N,MELB_URBAN,STREET,6,6.0
93052,4,1,183,5,1,60.0,0,N,RURAL_VICTORIA,ROAD,6,8.0
93053,2,0,100,1,1,40.0,0,I,MELB_URBAN,ROAD,6,10.0
93054,1,0,99,5,1,80.0,0,N,MELB_URBAN,HIGHWAY,6,11.0
93055,1,1,120,5,1,70.0,0,N,MELB_URBAN,STREET,6,10.0
93056,1,3,130,2,2,60.0,0,I,MELB_URBAN,HIGHWAY,3,16.0
93057,1,0,113,1,1,60.0,0,I,MELB_URBAN,STREET,6,12.0
93058,4,1,171,5,1,100.0,0,N,RURAL_VICTORIA,ROAD,6,12.0
93059,1,2,113,2,1,60.0,0,I,MELB_URBAN,AVENUE,6,8.0
93060,1,5,120,5,1,60.0,0,N,MELB_URBAN,ROAD,6,12.0
93061,1,1,99,1,1,60.0,0,I,MELB_URBAN,ROAD,6,13.0
93062,4,5,171,5,1,70.0,0,N,MELB_URBAN,ROAD,6,10.0
93063,4,0,181,5,1,100.0,0,N,RURAL_VICTORIA,ROAD,6,15.0
93064,8,3,174,5,1,60.0,0,N,RURAL_VICTORIA,ROAD,5,10.0
93065,1,4,132,1,1,60.0,0,I,TOWNS,ROAD,6,15.0
93066,2,1,99,1,3,60.0,0,I,MELB_URBAN,ROAD,6,17.0
93067,1,1,121,1,3,60.0,0,I,MELB_URBAN,ROAD,6,18.0
93068,1,1,99,5,3,60.0,0,N,MELB_URBAN,ROAD,6,19.0
93069,2,1,102,5,3,50.0,0,N,MELB_URBAN,STREET,6,19.0
93070,4,1,181,5,1,60.0,0,N,MELB_URBAN,RAMP,6,15.0
93071,4,1,181,5,2,80.0,0,N,MELB_URBAN,RAMP,6,17.0
93072,1,1,160,5,5,80.0,0,N,MELB_URBAN,HIGHWAY,6,23.0
93073,1,3,110,1,1,50.0,0,I,MELB_URBAN,AVENUE,6,16.0
93074,6,4,174,5,3,100.0,0,N,MELB_URBAN,FREEWAY,6,19.0
93075,1,6,130,1,3,60.0,0,I,MELB_URBAN,HIGHWAY,6,18.0
93076,1,2,121,1,1,60.0,0,I,MELB_URBAN,ROAD,6,9.0
93077,1,1,130,5,1,100.0,0,N,MELB_URBAN,FREEWAY,6,8.0
93078,1,2,130,5,5,80.0,0,N,MELB_URBAN,ROAD,6,7.0
93079,4,1,183,5,5,100.0,0,N,RURAL_VICTORIA,ROAD,6,20.0
93080,4,2,171,5,3,60.0,0,N,MELB_URBAN,ROAD,6,6.0
93081,1,2,121,1,1,80.0,0,I,MELB_URBAN,ROAD,6,11.0
93082,1,4,130,1,9,40.0,0,I,MELBOURNE_CBD,STREET,5,17.0
93083,2,2,99,2,2,70.0,0,I,MELB_URBAN,ROAD,6,6.0
93084,1,1,130,1,1,80.0,0,I,MELB_URBAN,ROAD,6,11.0
93085,1,2,130,5,1,100.0,0,N,MELB_URBAN,FREEWAY,6,7.0
93086,1,4,132,5,6,60.0,0,N,MELB_URBAN,PARADE,6,6.0
93087,2,6,99,5,1,60.0,0,N,MELB_URBAN,STREET,6,12.0
93088,1,2,120,5,1,100.0,0,N,RURAL_VICTORIA,HIGHWAY,6,14.0
93089,4,2,181,5,1,50.0,0,N,MELB_URBAN,AVENUE,6,13.0
93090,1,2,99,5,1,50.0,0,N,MELB_URBAN,STREET,6,10.0
93091,1,2,130,2,1,60.0,0,I,MELB_URBAN,STREET,6,14.0
93092,2,1,100,1,1,50.0,0,I,LARGE_PROVINCIAL_CITIES,STREET,6,16.0
93093,1,2,111,2,3,60.0,0,I,MELB_URBAN,HIGHWAY,6,17.0
93094,2,2,99,5,1,50.0,0,N,LARGE_PROVINCIAL_CITIES,AVENUE,6,15.0
93095,1,6,130,5,6,110.0,0,I,RURAL_VICTORIA,FREEWAY,6,17.0
93096,1,2,110,1,2,60.0,0,I,MELB_URBAN,ROAD,6,17.0
93097,2,2,100,6,1,60.0,0,N,MELB_URBAN,STREET,6,16.0
93098,2,2,100,4,3,60.0,0,I,MELB_URBAN,STREET,6,21.0
93099,1,6,99,2,1,60.0,0,I,SMALL_CITIES,STREET,6,7.0
93100,1,2,132,5,2,60.0,0,N,MELB_URBAN,ROAD,6,18.0
93101,4,2,173,5,5,100.0,0,N,RURAL_VICTORIA,HIGHWAY,6,23.0
93102,1,1,130,5,1,100.0,0,N,MELB_URBAN,FREEWAY,6,13.0
93103,2,7,102,5,9,60.0,0,N,MELB_URBAN,OTHER,6,17.0
93104,1,3,110,1,1,60.0,0,I,MELB_URBAN,ROAD,6,8.0
93105,1,4,130,5,1,100.0,0,N,MELB_URBAN,UNKNOWN,6,8.0
93106,1,3,99,2,1,40.0,0,I,MELB_URBAN,STREET,6,8.0
93107,2,3,99,5,1,60.0,0,N,MELB_URBAN,ROAD,6,8.0
93108,1,2,130,5,5,80.0,0,N,MELB_URBAN,FREEWAY,6,20.0
93109,1,1,130,5,5,100.0,0,N,MELB_URBAN,FREEWAY,6,7.0
93110,2,3,99,2,1,60.0,0,I,MELB_URBAN,STREET,6,9.0
93111,2,4,100,1,3,70.0,0,I,MELB_URBAN,ROAD,6,19.0
93112,2,3,102,5,1,60.0,0,N,MELB_URBAN,ROAD,6,8.0
93113,1,3,110,1,1,80.0,0,I,MELB_URBAN,HIGHWAY,6,9.0
93114,2,3,100,1,5,50.0,0,I,LARGE_PROVINCIAL_CITIES,STREET,6,6.0
93115,1,3,113,2,1,50.0,0,I,LARGE_PROVINCIAL_CITIES,STREET,6,11.0
93116,1,3,130,5,1,60.0,0,N,MELB_URBAN,STREET,6,7.0
93117,1,3,110,1,1,60.0,0,I,MELB_URBAN,ROAD,6,10.0
93118,1,3,110,1,1,60.0,0,I,LARGE_PROVINCIAL_CITIES,STREET,6,8.0
93119,1,2,130,5,1,70.0,0,N,MELB_URBAN,OTHER,6,8.0
93120,1,3,111,2,1,50.0,0,I,RURAL_VICTORIA,PARADE,6,8.0
93121,1,3,132,5,1,60.0,0,N,MELB_URBAN,ROAD,6,7.0
93122,1,7,116,2,3,50.0,0,I,MELB_URBAN,DRIVE,5,20.0
93123,2,3,99,1,1,60.0,0,I,MELB_URBAN,ROAD,6,8.0
93124,2,1,99,5,1,40.0,0,N,MELB_URBAN,STREET,6,15.0
93125,8,3,174,2,1,50.0,0,N,MELB_URBAN,STREET,6,10.0
93126,1,3,140,5,1,50.0,0,N,MELB_URBAN,STREET,6,13.0
93127,4,2,183,5,1,60.0,0,N,RURAL_VICTORIA,ROAD,6,16.0
93128,4,2,171,5,3,80.0,0,N,MELB_URBAN,FREEWAY,6,20.0
93129,1,3,113,2,1,80.0,0,I,RURAL_VICTORIA,ROAD,6,14.0
93130,1,3,135,4,1,50.0,0,N,MELB_URBAN,STREET,6,15.0
93131,1,1,99,5,1,50.0,0,N,MELB_URBAN,STREET,6,15.0
93132,1,3,130,5,9,60.0,0,N,MELB_URBAN,ROAD,6,8.0
93133,4,2,171,1,2,60.0,0,I,MELB_URBAN,DRIVE,6,17.0
93134,4,4,171,5,1,40.0,0,N,MELB_URBAN,STREET,5,16.0
93135,1,3,113,2,1,100.0,0,I,RURAL_VICTORIA,ROAD,6,14.0
93136,1,3,110,1,3,60.0,0,I,MELB_URBAN,STREET,6,18.0
93137,1,3,130,5,1,60.0,0,N,MELB_URBAN,ROAD,6,16.0
93138,1,2,99,5,3,60.0,0,N,MELB_URBAN,ROAD,6,18.0
93139,1,3,130,5,3,100.0,0,N,MELB_URBAN,FREEWAY,6,17.0
93140,1,2,130,2,2,100.0,0,N,MELB_URBAN,RAMP,6,7.0
93141,1,3,130,1,3,60.0,0,I,SMALL_CITIES,ROAD,6,17.0
93142,1,3,130,5,3,80.0,0,N,MELB_URBAN,RAMP,6,17.0
93143,1,3,121,3,3,60.0,0,I,MELB_URBAN,ROAD,6,18.0
93144,6,3,99,5,3,50.0,0,N,MELB_URBAN,ROAD,6,20.0
93145,2,3,102,1,3,50.0,0,I,MELB_URBAN,STREET,6,19.0
93146,2,2,100,2,3,60.0,0,I,MELB_URBAN,ROAD,6,23.0
93147,4,4,171,5,3,60.0,0,N,MELB_URBAN,DRIVE,6,1.0
93148,2,3,99,5,1,50.0,0,N,MELB_URBAN,STREET,6,8.0
93149,4,2,99,5,1,100.0,0,N,RURAL_VICTORIA,ROAD,6,13.0
93150,1,4,130,5,3,60.0,0,N,MELB_URBAN,STREET,6,6.0
93151,1,4,113,2,3,60.0,0,I,SMALL_CITIES,STREET,6,6.0
93152,1,3,121,2,5,60.0,0,I,MELB_URBAN,ROAD,6,18.0
93153,8,1,184,5,1,60.0,0,N,RURAL_VICTORIA,ROAD,6,10.0
93154,2,4,100,1,1,60.0,0,I,MELB_URBAN,STREET,6,7.0
93155,8,2,99,5,1,40.0,0,N,MELB_URBAN,ROAD,4,17.0
93156,1,5,110,1,1,100.0,0,I,RURAL_VICTORIA,FREEWAY,6,16.0
93157,1,3,130,1,1,60.0,0,I,MELB_URBAN,ROAD,6,16.0
93158,1,4,99,5,1,60.0,0,N,MELB_URBAN,STREET,6,11.0
93159,2,3,99,5,1,60.0,0,N,MELB_URBAN,BOULEVARD,6,8.0
93160,1,4,121,1,1,70.0,0,I,MELB_URBAN,ROAD,6,12.0
93161,2,4,99,5,1,50.0,0,N,MELB_URBAN,STREET,6,8.0
93162,4,4,171,5,2,60.0,0,N,RURAL_VICTORIA,ROAD,6,7.0
93163,1,4,133,5,1,40.0,0,N,MELB_URBAN,STREET,6,13.0
93164,8,7,184,5,6,80.0,0,I,MELB_URBAN,HIGHWAY,6,23.0
93165,4,4,181,5,1,80.0,0,I,RURAL_VICTORIA,ROAD,6,14.0
93166,1,5,133,5,5,60.0,0,I,MELB_URBAN,STREET,6,19.0
93167,1,4,130,2,1,50.0,0,I,MELB_URBAN,STREET,6,15.0
93168,1,4,99,2,1,60.0,0,I,MELB_URBAN,ROAD,6,14.0
93169,4,4,181,5,1,100.0,0,N,RURAL_VICTORIA,DRIVE,6,15.0
93170,2,4,99,2,1,60.0,0,I,MELB_URBAN,AVENUE,6,13.0
93171,1,4,121,1,3,60.0,0,I,MELB_URBAN,STREET,6,17.0
93172,2,4,100,2,1,50.0,0,I,MELB_URBAN,STREET,6,14.0
93173,1,4,99,1,3,60.0,0,I,MELB_URBAN,ROAD,6,17.0
93174,1,5,134,1,1,60.0,0,I,MELB_URBAN,STREET,3,16.0
93175,2,4,99,1,3,70.0,0,I,MELB_URBAN,ROAD,6,20.0
93176,4,4,171,5,1,100.0,0,N,RURAL_VICTORIA,ROAD,6,16.0
93177,1,4,99,2,2,50.0,0,I,MELB_URBAN,ROAD,6,16.0
93178,1,4,147,5,9,60.0,0,N,MELB_URBAN,ROAD,6,13.0
93179,8,4,184,5,3,50.0,0,I,MELB_URBAN,BOULEVARD,6,21.0
93180,1,4,121,1,3,80.0,0,N,MELB_URBAN,ROAD,6,23.0
93181,1,5,130,5,2,50.0,0,N,LARGE_PROVINCIAL_CITIES,ROAD,6,7.0
93182,1,5,130,5,1,80.0,0,N,MELB_URBAN,UNKNOWN,6,7.0
93183,1,5,113,2,2,80.0,0,I,SMALL_CITIES,ROAD,6,7.0
93184,1,5,130,5,1,60.0,0,N,LARGE_PROVINCIAL_CITIES,OTHER,6,9.0
93185,1,5,110,1,1,50.0,0,I,MELB_URBAN,STREET,6,9.0
93186,1,5,121,1,1,70.0,0,N,MELB_URBAN,STREET,6,8.0
93187,1,5,130,5,1,60.0,0,N,MELB_URBAN,ROAD,6,9.0
93188,1,5,130,1,2,60.0,0,I,TOWNS,ROAD,5,17.0
93189,2,5,100,1,1,70.0,0,I,MELB_URBAN,ROAD,6,9.0
93190,1,5,121,2,2,80.0,0,I,MELB_URBAN,ROAD,6,7.0
93191,1,5,132,2,1,60.0,0,I,LARGE_PROVINCIAL_CITIES,STREET,6,12.0
93192,1,2,130,5,1,60.0,0,N,MELB_URBAN,ROAD,6,8.0
93193,2,5,100,1,1,60.0,0,I,MELB_URBAN,ROAD,6,13.0
93194,1,5,111,1,1,60.0,0,I,SMALL_CITIES,STREET,6,14.0
93195,1,5,121,2,1,60.0,0,I,MELB_URBAN,ROAD,6,14.0
93196,1,3,116,4,9,70.0,0,N,MELB_URBAN,ROAD,6,13.0
93197,1,5,120,5,1,60.0,0,N,SMALL_CITIES,ROAD,6,13.0
93198,4,4,173,5,3,50.0,0,N,MELB_URBAN,STREET,6,20.0
93199,6,5,99,5,1,100.0,0,N,RURAL_VICTORIA,ROAD,6,14.0
93200,1,5,130,1,1,60.0,0,I,MELB_URBAN,ROAD,6,9.0
93201,1,5,135,5,1,80.0,0,N,MELB_URBAN,FREEWAY,6,14.0
93202,1,5,121,1,1,50.0,0,I,RURAL_VICTORIA,OTHER,6,15.0
93203,1,5,113,2,1,100.0,0,I,RURAL_VICTORIA,ROAD,6,15.0
93204,1,5,121,1,1,40.0,0,I,MELB_URBAN,STREET,6,14.0
93205,1,3,163,5,1,40.0,0,N,MELB_URBAN,ROAD,6,16.0
93206,1,5,134,5,1,80.0,0,N,SMALL_TOWNS,STREET,6,16.0
93207,1,5,130,5,1,100.0,0,N,MELB_URBAN,FREEWAY,6,16.0
93208,1,4,160,5,1,50.0,0,N,MELB_URBAN,OTHER,6,14.0
93209,1,5,121,2,2,70.0,0,I,MELB_URBAN,ROAD,6,16.0
93210,1,5,163,2,1,40.0,0,N,MELB_URBAN,STREET,6,16.0
93211,1,5,121,2,1,80.0,0,I,RURAL_VICTORIA,ROAD,6,16.0
93212,1,5,130,1,3,70.0,0,I,TOWNS,HIGHWAY,6,20.0
93213,4,6,183,2,6,60.0,0,N,RURAL_VICTORIA,AVENUE,5,1.0
93214,1,5,135,1,1,70.0,0,N,MELB_URBAN,ROAD,6,16.0
93215,1,5,121,2,2,80.0,0,I,MELB_URBAN,HIGHWAY,6,17.0
93216,4,5,171,5,5,100.0,0,N,RURAL_VICTORIA,HIGHWAY,6,20.0
93217,4,5,183,5,5,100.0,0,N,RURAL_VICTORIA,HIGHWAY,6,20.0
93218,1,4,113,2,2,50.0,0,I,MELB_URBAN,STREET,6,17.0
93219,1,4,120,5,5,60.0,0,N,MELB_URBAN,ROAD,6,18.0