,accident_type,day_of_week,dca_code,road_geometry,light_condition,speed_zone,severity,node_type,deg_urban_name,road_type,month,hour
93220,1,6,121,5,5,80.0,0,N,MELB_URBAN,ROAD,6,4.0
93221,1,4,130,1,1,50.0,0,I,LARGE_PROVINCIAL_CITIES,STREET,6,17.0
93222,1,6,130,5,3,80.0,0,N,SMALL_TOWNS,HIGHWAY,6,6.0
93223,8,2,99,5,9,60.0,0,UNKNOWN,UNKNOWN,UNKNOWN,4,19.0
93224,1,6,147,5,1,60.0,0,N,MELB_URBAN,ROAD,6,14.0
93225,2,5,100,2,1,50.0,0,I,MELB_URBAN,ROAD,6,11.0
93226,1,3,99,1,1,60.0,0,I,RURAL_VICTORIA,ROAD,6,10.0
93227,1,4,99,5,1,50.0,0,N,LARGE_PROVINCIAL_CITIES,STREET,5,11.0
93228,1,6,130,5,1,80.0,0,N,MELB_URBAN,UNKNOWN,6,8.0
93229,1,6,134,5,1,40.0,0,N,MELBOURNE_CBD,STREET,6,10.0
93230,1,5,130,4,3,60.0,0,I,MELB_URBAN,FREEWAY,6,18.0
93231,1,6,99,5,1,40.0,0,N,MELBOURNE_CBD,STREET,6,10.0
93232,1,5,130,2,1,60.0,0,I,MELB_URBAN,ROAD,6,10.0
93233,1,5,99,1,2,50.0,0,I,MELB_URBAN,ROAD,5,17.0
93234,1,4,99,1,1,40.0,0,I,MELB_URBAN,STREET,6,16.0
93235,1,6,110,1,9,60.0,0,I,MELB_URBAN,AVENUE,4,11.0
93236,1,6,140,5,1,100.0,0,N,MELB_URBAN,FREEWAY,6,9.0
93237,4,4,173,5,5,100.0,0,N,RURAL_VICTORIA,ROAD,6,21.0
93238,1,6,99,5,1,70.0,0,N,MELB_URBAN,ROAD,6,9.0
93239,1,5,130,5,1,70.0,0,N,MELB_URBAN,STREET,6,16.0
93240,1,3,99,5,1,50.0,0,N,LARGE_PROVINCIAL_CITIES,STREET,6,12.0
93241,2,6,102,5,1,40.0,0,N,MELB_URBAN,STREET,6,11.0
93242,4,4,171,2,3,60.0,0,I,SMALL_CITIES,STREET,6,22.0
93243,4,6,181,5,9,50.0,0,N,RURAL_VICTORIA,ROAD,6,11.0
93244,1,5,121,2,3,80.0,0,N,MELB_URBAN,ROAD,6,17.0
93245,1,6,110,4,1,80.0,0,I,MELB_URBAN,HIGHWAY,6,11.0
93246,8,5,174,2,9,60.0,0,I,MELB_URBAN,ROAD,5,22.0
93247,1,5,120,5,1,40.0,0,N,MELB_URBAN,DRIVE,6,8.0
93248,1,6,147,2,1,50.0,0,I,MELB_URBAN,OTHER,6,8.0
93249,2,6,99,5,1,40.0,0,N,MELB_URBAN,STREET,6,15.0
93250,1,6,130,2,1,60.0,0,I,MELB_URBAN,ROAD,6,10.0
93251,6,6,184,5,5,100.0,0,N,RURAL_VICTORIA,HIGHWAY,6,7.0
93252,1,6,110,1,1,60.0,0,I,TOWNS,STREET,6,15.0
93253,1,5,163,5,3,50.0,0,N,MELB_URBAN,ROAD,6,19.0
93254,1,6,99,2,1,60.0,0,I,MELB_URBAN,ROAD,6,15.0
93255,1,5,99,5,3,70.0,0,N,MELB_URBAN,ROAD,6,18.0
93256,1,6,171,5,1,50.0,0,N,LARGE_PROVINCIAL_CITIES,AVENUE,6,14.0
93257,1,5,110,1,1,50.0,0,I,MELB_URBAN,STREET,6,15.0
93258,2,6,102,2,1,60.0,0,I,MELB_URBAN,ROAD,6,19.0
93259,2,6,102,2,3,60.0,0,I,MELB_URBAN,ROAD,6,23.0
93260,4,6,171,5,5,100.0,0,N,RURAL_VICTORIA,ROAD,6,18.0
93261,4,6,181,5,5,100.0,0,N,RURAL_VICTORIA,ROAD,6,19.0
93262,1,6,121,2,3,50.0,0,I,MELB_URBAN,OTHER,6,21.0
93263,1,6,111,2,3,60.0,0,N,MELB_URBAN,ROAD,6,22.0
93264,4,7,171,5,3,80.0,0,N,MELB_URBAN,ROAD,6,4.0
93265,1,6,110,1,9,60.0,0,I,MELB_URBAN,STREET,6,7.0
93266,1,6,121,2,1,60.0,0,I,MELB_URBAN,ROAD,5,15.0
93267,1,6,113,2,1,60.0,0,I,MELB_URBAN,STREET,6,14.0
93268,1,7,130,5,1,60.0,0,N,MELB_URBAN,ROAD,6,9.0
93269,6,7,170,5,1,100.0,0,N,RURAL_VICTORIA,ROAD,6,9.0
93270,1,1,121,1,1,80.0,0,I,MELB_URBAN,ROAD,6,11.0
93271,6,7,170,5,5,100.0,0,N,RURAL_VICTORIA,ROAD,6,1.0
93272,2,6,99,5,1,60.0,0,N,TOWNS,AVENUE,6,10.0
93273,1,4,111,2,1,50.0,0,I,LARGE_PROVINCIAL_CITIES,AVENUE,6,16.0
93274,1,7,120,2,1,60.0,0,I,MELB_URBAN,ROAD,6,7.0
93275,1,6,99,1,1,100.0,0,I,RURAL_VICTORIA,HIGHWAY,6,16.0
93276,1,7,130,5,1,60.0,0,N,LARGE_PROVINCIAL_CITIES,AVENUE,6,12.0
93277,1,7,163,5,1,40.0,0,N,MELB_URBAN,STREET,6,12.0
93278,1,7,110,1,1,100.0,0,I,RURAL_VICTORIA,ROAD,6,13.0
93279,1,7,110,1,1,50.0,0,I,MELB_URBAN,STREET,6,12.0
93280,4,7,173,5,1,110.0,0,N,RURAL_VICTORIA,FREEWAY,6,13.0
93281,2,6,99,5,1,50.0,0,N,MELB_URBAN,STREET,6,13.0
93282,1,3,130,5,1,80.0,0,N,MELB_URBAN,ROAD,6,8.0
93283,1,4,113,2,9,60.0,0,I,LARGE_PROVINCIAL_CITIES,STREET,6,15.0
93284,1,6,130,5,1,60.0,0,N,MELB_URBAN,ROAD,6,11.0
93285,6,6,174,5,2,60.0,0,I,MELB_URBAN,ROAD,6,7.0
93286,4,7,173,5,1,100.0,0,N,SMALL_TOWNS,ROAD,6,14.0
93287,1,7,121,2,3,50.0,0,I,MELB_URBAN,STREET,6,20.0
93288,1,7,121,1,3,60.0,0,I,MELB_URBAN,ROAD,6,19.0
93289,4,7,181,5,5,80.0,0,N,RURAL_VICTORIA,ROAD,6,20.0
93290,1,7,113,2,3,60.0,0,I,MELB_URBAN,STREET,6,19.0
93291,1,6,135,5,3,80.0,0,N,MELB_URBAN,FREEWAY,6,22.0
93292,1,7,110,1,3,60.0,0,N,LARGE_PROVINCIAL_CITIES,STREET,6,23.0
93293,1,6,160,3,3,50.0,0,N,LARGE_PROVINCIAL_CITIES,STREET,6,20.0
93294,2,7,100,1,3,30.0,0,I,MELB_URBAN,OTHER,6,22.0
93295,1,0,133,5,3,70.0,0,N,LARGE_PROVINCIAL_CITIES,ROAD,6,1.0
93296,4,1,183,5,3,70.0,0,N,RURAL_VICTORIA,ROAD,6,2.0
93297,1,0,121,2,3,60.0,0,N,SMALL_CITIES,ROAD,6,2.0
93298,4,1,171,5,6,100.0,0,N,RURAL_VICTORIA,ROAD,6,6.0
93299,4,1,183,1,5,100.0,0,I,RURAL_VICTORIA,RAMP,6,5.0
93300,4,5,181,5,1,60.0,0,N,MELB_URBAN,RAMP,3,8.0
93301,1,6,121,2,1,60.0,0,I,MELB_URBAN,STREET,6,15.0
93302,4,1,173,5,5,100.0,0,N,RURAL_VICTORIA,ROAD,6,5.0
93303,1,1,99,1,9,60.0,0,I,MELB_URBAN,STREET,6,6.0
93304,1,1,121,5,1,80.0,0,I,MELB_URBAN,HIGHWAY,6,14.0
93305,1,1,140,5,1,100.0,0,N,RURAL_VICTORIA,ROAD,6,13.0
93306,1,0,130,5,1,80.0,0,N,MELB_URBAN,HIGHWAY,6,14.0
93307,4,1,171,5,5,100.0,0,N,RURAL_VICTORIA,ROAD,6,17.0
93308,1,1,130,5,3,70.0,0,I,MELB_URBAN,ROAD,6,17.0
93309,1,1,113,1,3,60.0,0,I,MELB_URBAN,STREET,6,18.0
93310,2,0,99,5,3,40.0,0,N,MELB_URBAN,DRIVE,6,18.0
93311,1,1,99,1,3,40.0,0,I,MELBOURNE_CBD,STREET,6,21.0
93312,1,1,130,1,3,70.0,0,N,MELB_URBAN,ROAD,6,17.0
93313,4,1,99,5,1,50.0,0,N,MELB_URBAN,OTHER,6,15.0
93314,1,1,120,5,5,80.0,0,N,MELB_URBAN,ROAD,6,20.0
93315,1,1,120,5,3,50.0,0,N,MELB_URBAN,AVENUE,6,19.0
93316,6,1,174,1,3,60.0,0,I,MELB_URBAN,HIGHWAY,6,22.0
93317,4,2,171,5,5,100.0,0,N,RURAL_VICTORIA,ROAD,6,0.0
93318,4,2,181,5,5,100.0,0,N,RURAL_VICTORIA,HIGHWAY,6,0.0
93319,1,1,121,2,3,80.0,0,I,MELB_URBAN,ROAD,6,5.0
93320,1,2,113,2,1,40.0,0,I,RURAL_VICTORIA,ROAD,6,7.0
93321,2,2,100,5,1,60.0,0,N,LARGE_PROVINCIAL_CITIES,STREET,6,10.0
93322,4,2,173,5,3,80.0,0,N,MELB_URBAN,HIGHWAY,6,6.0
93323,1,2,140,5,1,60.0,0,I,MELB_URBAN,OTHER,6,8.0
93324,1,2,160,2,1,80.0,0,I,MELB_URBAN,HIGHWAY,6,11.0
93325,1,2,130,5,1,60.0,0,N,MELB_URBAN,ROAD,6,12.0
93326,1,2,113,2,1,80.0,0,I,MELB_URBAN,ROAD,6,12.0
93327,2,2,100,2,1,60.0,0,I,MELB_URBAN,ROAD,6,12.0
93328,1,2,147,3,1,60.0,0,I,RURAL_VICTORIA,ROAD,6,11.0
93329,1,2,147,5,1,50.0,0,N,MELB_URBAN,STREET,6,14.0
93330,1,2,110,1,1,80.0,0,I,MELB_URBAN,ROAD,6,8.0
93331,1,2,110,1,1,100.0,0,I,RURAL_VICTORIA,ROAD,6,13.0
93332,1,5,110,1,5,50.0,0,I,MELB_URBAN,STREET,5,19.0
93333,1,2,111,1,1,50.0,0,I,SMALL_CITIES,STREET,6,15.0
93334,1,7,130,5,1,60.0,0,N,TOWNS,HIGHWAY,5,11.0
93335,4,2,181,5,1,60.0,0,N,RURAL_VICTORIA,ROAD,6,9.0
93336,1,2,130,1,1,50.0,0,I,MELB_URBAN,STREET,6,14.0
93337,4,2,173,5,1,80.0,0,N,RURAL_VICTORIA,HIGHWAY,6,15.0
93338,1,2,121,1,1,50.0,0,I,MELB_URBAN,ROAD,6,15.0
93339,1,2,135,4,1,60.0,0,I,MELB_URBAN,ROAD,6,13.0
93340,4,2,173,1,1,60.0,0,I,LARGE_PROVINCIAL_CITIES,STREET,6,16.0
93341,4,2,181,5,1,60.0,0,N,MELB_URBAN,DRIVE,6,15.0
93342,1,2,120,5,1,60.0,0,N,MELB_URBAN,ROAD,6,15.0
93343,8,0,99,2,5,100.0,0,I,RURAL_VICTORIA,ROAD,4,4.0
93344,4,2,183,5,2,50.0,0,N,RURAL_VICTORIA,ROAD,6,17.0
93345,1,2,130,5,1,100.0,0,N,MELB_URBAN,FREEWAY,6,16.0
93346,1,1,121,1,1,60.0,0,I,MELB_URBAN,ROAD,6,15.0
93347,3,2,167,5,1,100.0,0,N,RURAL_VICTORIA,ROAD,6,8.0
93348,4,2,173,5,5,100.0,0,N,RURAL_VICTORIA,FREEWAY,6,18.0
93349,6,2,99,5,5,100.0,0,N,RURAL_VICTORIA,HIGHWAY,6,19.0
93350,1,2,133,5,3,80.0,0,N,MELB_URBAN,ROAD,6,20.0
93351,1,2,130,5,3,80.0,0,N,MELB_URBAN,ROAD,6,17.0
93352,2,2,99,5,1,60.0,0,N,MELB_URBAN,STREET,6,13.0
93353,4,2,173,5,5,80.0,0,N,RURAL_VICTORIA,ROAD,6,19.0
93354,1,2,160,5,3,50.0,0,N,MELB_URBAN,ROAD,6,18.0
93355,1,2,110,1,3,60.0,0,I,SMALL_CITIES,DRIVE,6,18.0
93356,1,2,160,5,5,50.0,0,N,MELB_URBAN,ROAD,6,17.0
93357,1,3,111,2,1,40.0,0,I,MELB_URBAN,STREET,6,14.0
93358,1,2,147,5,2,60.0,0,N,MELB_URBAN,ROAD,6,16.0
93359,4,2,183,5,5,80.0,0,N,SMALL_TOWNS,STREET,6,22.0
93360,1,2,110,1,6,60.0,0,N,MELB_URBAN,STREET,6,23.0
93361,2,2,102,1,1,60.0,0,I,MELB_URBAN,ROAD,6,15.0
93362,4,0,183,5,3,50.0,0,N,MELB_URBAN,AVENUE,6,23.0
93363,1,2,99,2,3,60.0,0,I,MELB_URBAN,ROAD,6,20.0
93364,1,2,160,5,3,50.0,0,N,MELB_URBAN,AVENUE,6,23.0
93365,1,3,113,2,1,60.0,0,I,MELB_URBAN,ROAD,6,11.0
93366,1,3,130,5,3,100.0,0,N,MELB_URBAN,UNKNOWN,5,17.0
93367,1,3,99,2,1,50.0,0,I,MELB_URBAN,ROAD,6,15.0
93368,1,2,99,5,1,60.0,0,N,MELB_URBAN,ROAD,6,14.0
93369,1,4,130,5,1,70.0,0,N,MELB_URBAN,ROAD,2,12.0
93370,4,1,181,5,1,60.0,0,N,SMALL_TOWNS,ROAD,6,16.0
93371,1,2,132,2,1,60.0,0,I,MELB_URBAN,ROAD,6,16.0
93372,4,2,181,5,2,100.0,0,N,RURAL_VICTORIA,ROAD,6,16.0
93373,1,2,130,1,1,60.0,0,I,MELB_URBAN,ROAD,6,13.0
93374,1,3,120,2,1,60.0,0,N,MELB_URBAN,ROAD,6,7.0
93375,1,3,134,2,1,100.0,0,I,RURAL_VICTORIA,RAMP,6,13.0
93376,1,3,121,1,2,80.0,0,I,MELB_URBAN,ROAD,6,7.0
93377,1,1,113,2,1,60.0,0,I,MELB_URBAN,ROAD,6,9.0
93378,6,7,174,5,1,100.0,0,N,RURAL_VICTORIA,OTHER,6,15.0
93379,1,3,113,2,1,60.0,0,I,MELB_URBAN,OTHER,6,14.0
93380,4,3,99,9,1,60.0,0,N,LARGE_PROVINCIAL_CITIES,RAMP,6,13.0
93381,1,3,130,6,1,110.0,0,N,RURAL_VICTORIA,FREEWAY,6,14.0
93382,1,3,110,1,1,70.0,0,I,MELB_URBAN,ROAD,6,15.0
93383,1,3,121,4,1,80.0,0,I,MELB_URBAN,ROAD,6,15.0
93384,1,3,113,2,1,60.0,0,I,MELB_URBAN,STREET,6,12.0
93385,1,2,99,1,9,60.0,0,I,MELB_URBAN,ROAD,5,12.0
93386,2,3,102,2,1,50.0,0,I,LARGE_PROVINCIAL_CITIES,AVENUE,6,15.0
93387,1,3,130,5,1,80.0,0,N,MELB_URBAN,ROAD,6,16.0
93388,2,3,102,5,3,60.0,0,N,SMALL_CITIES,STREET,6,17.0
93389,1,3,113,3,1,80.0,0,I,RURAL_VICTORIA,ROAD,6,16.0
93390,1,3,132,2,1,60.0,0,I,MELB_URBAN,ROAD,6,17.0
93391,4,3,99,1,6,40.0,0,I,MELB_URBAN,STREET,6,5.0
93392,4,3,173,5,1,100.0,0,N,RURAL_VICTORIA,HIGHWAY,6,16.0
93393,1,5,99,2,1,60.0,0,I,MELB_URBAN,ROAD,6,15.0
93394,1,2,147,5,3,50.0,0,N,MELB_URBAN,STREET,6,17.0
93395,1,3,121,1,3,60.0,0,I,MELB_URBAN,HIGHWAY,6,18.0
93396,1,3,116,2,1,60.0,0,I,LARGE_PROVINCIAL_CITIES,STREET,6,16.0
93397,4,3,171,1,3,50.0,0,I,TOWNS,ROAD,6,19.0
93398,4,2,181,5,3,50.0,0,I,MELB_URBAN,STREET,6,19.0
93399,6,3,174,5,1,60.0,0,I,MELB_URBAN,ROAD,6,15.0
93400,1,2,160,5,1,60.0,0,I,MELB_URBAN,STREET,6,17.0
93401,4,3,181,5,5,100.0,0,N,RURAL_VICTORIA,ROAD,6,20.0
93402,1,3,130,2,3,60.0,0,I,RURAL_VICTORIA,ROAD,6,17.0
93403,1,2,160,5,3,60.0,0,N,MELB_URBAN,HIGHWAY,6,22.0
93404,1,7,132,1,3,60.0,0,I,TOWNS,STREET,6,17.0
93405,4,4,171,5,3,70.0,0,N,MELB_URBAN,ROAD,6,1.0
93406,5,4,173,2,3,50.0,0,I,MELB_URBAN,OTHER,6,0.0
93407,3,4,167,5,5,100.0,0,N,RURAL_VICTORIA,ROAD,6,6.0
93408,1,4,130,5,3,100.0,0,N,MELB_URBAN,FREEWAY,6,6.0
93409,6,3,99,5,1,100.0,0,N,RURAL_VICTORIA,ROAD,6,15.0
93410,1,3,116,2,1,100.0,0,I,RURAL_VICTORIA,HIGHWAY,6,10.0
93411,1,4,110,1,2,100.0,0,I,SMALL_TOWNS,ROAD,6,7.0
93412,1,4,99,4,1,100.0,0,N,MELB_URBAN,FREEWAY,6,7.0
93413,1,4,116,2,1,60.0,0,I,LARGE_PROVINCIAL_CITIES,ROAD,6,9.0
93414,1,4,147,5,1,60.0,0,I,MELB_URBAN,ROAD,6,8.0
93415,1,3,130,4,1,70.0,0,I,MELB_URBAN,RAMP,6,15.0
93416,1,4,113,2,1,80.0,0,I,MELB_URBAN,ROAD,6,10.0
93417,4,4,99,5,1,80.0,0,N,RURAL_VICTORIA,HIGHWAY,6,11.0
93418,1,3,130,1,3,60.0,0,I,MELB_URBAN,STREET,6,22.0
93419,1,3,121,2,3,80.0,0,I,MELB_URBAN,BOULEVARD,6,20.0
93420,1,4,99,5,1,60.0,0,N,SMALL_CITIES,STREET,6,13.0
93421,1,4,135,5,1,40.0,0,N,MELB_URBAN,STREET,6,9.0
93422,1,5,130,1,1,80.0,0,I,MELB_URBAN,ROAD,3,8.0
93423,4,2,171,5,1,100.0,0,N,RURAL_VICTORIA,ROAD,6,11.0
93424,1,4,113,4,1,50.0,0,I,RURAL_VICTORIA,RAMP,6,15.0
93425,4,3,173,5,1,100.0,0,N,RURAL_VICTORIA,ROAD,6,14.0
93426,4,4,171,5,1,80.0,0,N,SMALL_TOWNS,ROAD,6,15.0
93427,1,4,116,2,1,60.0,0,I,MELB_URBAN,STREET,6,15.0
93428,1,4,130,2,1,60.0,0,I,MELB_URBAN,ROAD,6,14.0
93429,1,2,99,1,1,80.0,0,I,LARGE_PROVINCIAL_CITIES,HIGHWAY,6,12.0
93430,1,4,121,2,1,60.0,0,I,MELB_URBAN,STREET,6,15.0
93431,4,4,171,5,1,60.0,0,N,MELB_URBAN,ROAD,6,15.0
93432,1,4,110,1,3,50.0,0,I,MELB_URBAN,DRIVE,6,17.0
93433,1,4,110,1,1,100.0,1,I,RURAL_VICTORIA,ROAD,6,13.0
93434,1,4,110,1,3,60.0,0,I,LARGE_PROVINCIAL_CITIES,STREET,6,19.0
93435,1,4,160,5,3,50.0,1,N,MELB_URBAN,STREET,6,19.0
93436,4,3,173,5,2,70.0,0,O,MELB_URBAN,UNKNOWN,6,17.0
93437,1,5,160,6,3,60.0,0,N,SMALL_CITIES,ROAD,6,3.0
93438,1,5,140,5,3,80.0,0,N,RURAL_VICTORIA,HIGHWAY,6,6.0
93439,1,4,135,5,5,100.0,0,N,MELB_URBAN,FREEWAY,6,20.0
93440,8,5,121,5,1,60.0,0,N,MELB_URBAN,PARADE,6,8.0
93441,1,5,116,2,3,70.0,0,I,MELB_URBAN,ROAD,6,7.0
93442,1,5,160,5,1,50.0,0,N,TOWNS,ROAD,6,9.0
93443,2,4,99,2,1,50.0,0,I,MELB_URBAN,AVENUE,6,15.0
93444,1,5,130,2,1,60.0,0,N,MELB_URBAN,ROAD,6,10.0
93445,1,2,110,1,3,60.0,0,N,LARGE_PROVINCIAL_CITIES,STREET,6,6.0
93446,1,5,173,5,1,60.0,0,N,SMALL_CITIES,ROAD,6,10.0
93447,2,4,102,2,5,50.0,0,I,MELB_URBAN,STREET,6,18.0
93448,1,5,99,2,1,70.0,0,I,MELB_URBAN,ROAD,6,11.0
93449,1,1,110,1,1,60.0,0,I,MELB_URBAN,ROAD,6,14.0
93450,4,5,171,5,1,60.0,0,N,MELB_URBAN,ROAD,6,12.0
93451,1,4,110,1,1,60.0,0,I,LARGE_PROVINCIAL_CITIES,STREET,6,14.0
93452,1,7,120,2,1,60.0,0,I,MELB_URBAN,AVENUE,6,13.0
93453,4,5,183,5,1,60.0,0,N,MELB_URBAN,STREET,6,13.0
93454,1,2,99,2,1,100.0,0,N,RURAL_VICTORIA,ROAD,4,14.0
93455,1,5,110,1,1,80.0,0,I,LARGE_PROVINCIAL_CITIES,HIGHWAY,6,12.0
93456,1,5,130,2,1,80.0,0,I,MELB_URBAN,RAMP,6,16.0
93457,1,5,110,1,1,50.0,0,I,MELB_URBAN,STREET,6,16.0
93458,4,4,99,2,1,60.0,0,I,MELB_URBAN,OTHER,6,7.0
93459,1,5,113,2,2,60.0,0,I,MELB_URBAN,ROAD,6,17.0
93460,8,5,174,1,3,60.0,0,I,MELB_URBAN,ROAD,6,17.0
93461,1,2,99,2,2,50.0,0,I,MELB_URBAN,STREET,6,7.0
93462,1,4,110,1,2,60.0,0,I,MELB_URBAN,ROAD,6,16.0
93463,1,5,135,5,3,80.0,0,N,MELB_URBAN,RAMP,6,18.0
93464,1,5,110,1,3,60.0,0,I,TOWNS,STREET,6,18.0
93465,1,5,121,2,3,70.0,0,I,MELB_URBAN,ROAD,6,20.0
93466,1,5,121,1,3,80.0,0,I,MELB_URBAN,HIGHWAY,6,19.0
93467,6,1,184,5,1,60.0,0,N,RURAL_VICTORIA,ROAD,6,9.0
93468,8,5,174,2,3,50.0,0,I,MELB_URBAN,STREET,6,18.0
93469,1,5,130,5,3,80.0,0,N,MELB_URBAN,ROAD,6,22.0
93470,4,5,171,5,3,50.0,0,N,SMALL_CITIES,OTHER,6,21.0
93471,1,5,113,1,3,80.0,0,I,MELB_URBAN,ROAD,6,23.0
93472,4,5,171,5,5,100.0,0,N,RURAL_VICTORIA,ROAD,6,23.0
93473,3,6,167,5,2,100.0,0,N,RURAL_VICTORIA,ROAD,6,7.0
93474,1,6,130,5,1,80.0,0,N,MELB_URBAN,ROAD,6,7.0
93475,1,1,135,1,1,60.0,0,I,MELB_URBAN,DRIVE,6,13.0
93476,4,6,171,5,1,50.0,0,N,MELB_URBAN,OTHER,6,9.0
93477,1,3,130,1,1,50.0,0,N,MELB_URBAN,ROAD,6,8.0
93478,1,5,163,5,2,40.0,0,N,MELB_URBAN,STREET,6,16.0
93479,6,6,184,5,1,60.0,0,N,RURAL_VICTORIA,ROAD,6,12.0
93480,1,6,130,1,1,60.0,0,I,MELB_URBAN,ROAD,6,9.0
93481,1,2,130,5,1,60.0,0,N,MELB_URBAN,ROAD,5,13.0
93482,1,4,110,1,1,60.0,0,I,MELB_URBAN,ROAD,6,16.0
93483,1,3,99,5,1,50.0,0,N,MELB_URBAN,UNKNOWN,2,17.0
93484,6,6,99,2,1,80.0,0,N,MELB_URBAN,ROAD,6,8.0
93485,1,3,130,1,2,50.0,0,I,MELB_URBAN,HIGHWAY,6,7.0
93486,1,6,110,1,1,40.0,0,I,MELB_URBAN,OTHER,6,12.0
93487,1,6,130,5,1,60.0,0,N,MELB_URBAN,ROAD,6,10.0
93488,6,5,99,1,1,100.0,0,I,RURAL_VICTORIA,FREEWAY,6,7.0
93489,6,6,99,2,1,40.0,0,I,MELB_URBAN,STREET,6,12.0
93490,1,6,99,2,1,60.0,0,I,MELB_URBAN,STREET,6,13.0
93491,1,6,140,5,1,60.0,0,N,MELB_URBAN,STREET,6,13.0
93492,1,6,116,2,1,60.0,0,I,MELB_URBAN,DRIVE,6,9.0
93493,1,5,130,5,1,80.0,0,N,MELB_URBAN,UNKNOWN,6,16.0
93494,2,6,100,1,1,80.0,0,I,MELB_URBAN,ROAD,6,15.0
93495,1,6,99,2,1,60.0,0,I,MELB_URBAN,ROAD,6,16.0
93496,4,4,181,5,1,100.0,0,N,RURAL_VICTORIA,ROAD,6,16.0
93497,1,6,110,1,1,60.0,0,I,SMALL_CITIES,AVENUE,6,15.0
93498,2,4,100,1,1,50.0,0,I,TOWNS,ROAD,6,8.0
93499,1,5,130,5,3,50.0,0,N,LARGE_PROVINCIAL_CITIES,ROAD,6,17.0
93500,1,5,134,3,3,100.0,0,N,MELB_URBAN,FREEWAY,6,17.0
93501,1,6,121,1,3,60.0,0,I,MELB_URBAN,ROAD,6,17.0
93502,6,6,174,5,3,50.0,0,N,MELB_URBAN,STREET,6,18.0
93503,1,6,160,5,3,50.0,0,N,MELB_URBAN,AVENUE,6,20.0
93504,4,6,171,2,5,60.0,0,I,RURAL_VICTORIA,ROAD,6,21.0
93505,1,6,130,5,3,100.0,0,N,MELB_URBAN,FREEWAY,6,5.0
93506,1,6,130,5,3,60.0,0,N,MELB_URBAN,ROAD,6,18.0
93507,4,7,99,2,5,100.0,0,I,RURAL_VICTORIA,ROAD,2,4.0
93508,1,6,121,2,3,60.0,0,I,MELB_URBAN,DRIVE,6,20.0
93509,2,7,102,2,3,50.0,0,I,MELB_URBAN,STREET,6,2.0
93510,1,7,110,1,3,60.0,0,I,MELB_URBAN,ROAD,6,1.0
93511,1,7,121,2,3,80.0,0,I,MELB_URBAN,HIGHWAY,6,6.0
93512,1,7,121,1,1,70.0,0,I,LARGE_PROVINCIAL_CITIES,STREET,6,8.0
93513,1,7,160,2,1,50.0,0,I,MELB_URBAN,BOULEVARD,6,8.0
93514,1,7,163,5,1,60.0,0,N,MELB_URBAN,STREET,6,10.0
93515,1,2,111,2,3,80.0,0,N,MELB_URBAN,HIGHWAY,6,18.0
93516,1,4,99,5,1,50.0,0,N,MELB_URBAN,STREET,6,8.0
93517,1,4,163,5,9,60.0,0,N,MELB_URBAN,ROAD,6,18.0
93518,1,7,110,1,1,50.0,0,I,RURAL_VICTORIA,ROAD,6,10.0
93519,1,6,130,2,1,60.0,0,I,MELB_URBAN,ROAD,6,11.0
93520,1,7,140,5,1,100.0,0,N,RURAL_VICTORIA,ROAD,6,11.0
93521,1,7,140,5,1,50.0,0,N,MELB_URBAN,ROAD,6,12.0
93522,1,7,110,1,1,50.0,0,I,MELB_URBAN,ROAD,6,12.0
93523,1,7,121,2,1,50.0,0,N,MELB_URBAN,AVENUE,6,11.0
93524,1,7,113,1,1,50.0,0,I,MELB_URBAN,AVENUE,6,8.0
93525,1,7,140,5,1,100.0,0,N,RURAL_VICTORIA,ROAD,6,12.0
93526,6,7,99,5,1,100.0,0,N,RURAL_VICTORIA,ROAD,6,13.0
93527,1,7,130,5,1,70.0,0,N,LARGE_PROVINCIAL_CITIES,HIGHWAY,6,13.0
93528,1,7,110,1,1,60.0,0,I,MELB_URBAN,ROAD,6,14.0
93529,1,7,160,5,1,50.0,0,N,MELB_URBAN,OTHER,6,10.0
93530,1,7,120,2,9,80.0,0,I,MELB_URBAN,HIGHWAY,6,13.0
93531,5,7,99,5,1,60.0,0,N,RURAL_VICTORIA,ROAD,6,13.0
93532,1,7,134,5,9,60.0,0,N,MELB_URBAN,ROAD,6,15.0
93533,1,7,121,1,3,70.0,0,I,MELB_URBAN,ROAD,6,18.0
93534,1,6,130,5,3,100.0,0,N,MELB_URBAN,FREEWAY,6,17.0
93535,4,7,181,5,3,60.0,0,N,MELB_URBAN,ROAD,6,19.0
93536,1,7,132,1,6,100.0,0,I,RURAL_VICTORIA,HIGHWAY,6,18.0
93537,1,7,110,1,1,60.0,0,I,MELB_URBAN,STREET,6,15.0
93538,1,7,130,5,6,60.0,0,N,MELB_URBAN,ROAD,6,18.0
93539,1,7,99,5,3,40.0,0,I,MELBOURNE_CBD,STREET,6,19.0
93540,1,1,160,5,3,70.0,0,N,MELB_URBAN,ROAD,7,2.0
93541,4,7,181,5,2,50.0,0,N,MELB_URBAN,ROAD,6,7.0
93542,4,1,173,2,1,60.0,0,I,MELB_URBAN,ROAD,7,7.0
93543,4,0,181,5,5,40.0,0,N,RURAL_VICTORIA,ROAD,7,1.0
93544,4,7,171,1,6,50.0,0,I,LARGE_PROVINCIAL_CITIES,STREET,6,21.0
93545,4,1,173,5,1,100.0,0,N,RURAL_VICTORIA,HIGHWAY,7,8.0
93546,1,1,133,5,1,60.0,0,N,MELB_URBAN,ROAD,7,8.0
93547,1,5,130,5,2,60.0,0,N,MELB_URBAN,FREEWAY,6,18.0
93548,4,1,173,5,1,100.0,0,N,RURAL_VICTORIA,ROAD,7,7.0
93549,1,3,130,1,9,80.0,0,I,MELB_URBAN,ROAD,4,13.0
93550,1,1,134,5,1,60.0,0,N,MELB_URBAN,ROAD,7,11.0