,accident_type,day_of_week,dca_code,road_geometry,light_condition,speed_zone,severity,node_type,deg_urban_name,road_type,month,hour
93551,1,7,132,2,1,80.0,0,I,RURAL_VICTORIA,ROAD,6,15.0
93552,5,7,99,5,3,80.0,0,N,MELB_URBAN,ROAD,6,22.0
93553,1,1,160,5,1,50.0,0,N,SMALL_CITIES,STREET,7,11.0
93554,1,1,110,1,1,50.0,0,I,MELB_URBAN,STREET,7,10.0
93555,4,1,183,5,5,50.0,0,N,SMALL_CITIES,OTHER,7,1.0
93556,1,1,121,5,1,60.0,0,N,MELB_URBAN,ROAD,7,14.0
93557,1,1,113,2,1,50.0,0,I,MELB_URBAN,OTHER,7,14.0
93558,4,1,173,5,1,80.0,0,N,RURAL_VICTORIA,ROAD,7,14.0
93559,1,0,110,1,1,60.0,0,I,MELB_URBAN,STREET,7,15.0
93560,4,1,183,5,1,100.0,0,N,RURAL_VICTORIA,ROAD,7,15.0
93561,1,1,113,1,2,80.0,0,N,MELB_URBAN,OTHER,7,16.0
93562,1,1,120,5,1,100.0,0,N,RURAL_VICTORIA,ROAD,7,16.0
93563,6,1,170,5,2,70.0,0,N,MELB_URBAN,ROAD,7,17.0
93564,4,6,171,1,1,60.0,0,I,MELB_URBAN,ROAD,5,14.0
93565,4,0,181,5,1,60.0,0,N,RURAL_VICTORIA,ROAD,7,16.0
93566,1,1,121,2,3,60.0,0,I,MELB_URBAN,ROAD,7,18.0
93567,4,6,173,5,5,100.0,0,N,RURAL_VICTORIA,OTHER,6,18.0
93568,1,6,121,1,3,60.0,0,I,MELB_URBAN,STREET,6,1.0
93569,4,1,173,5,1,40.0,0,N,MELB_URBAN,STREET,7,15.0
93570,1,0,160,5,1,50.0,0,N,MELB_URBAN,STREET,7,14.0
93571,6,1,184,5,1,100.0,0,N,RURAL_VICTORIA,ROAD,7,9.0
93572,7,1,99,5,1,50.0,0,N,MELB_URBAN,STREET,7,14.0
93573,1,1,110,1,3,50.0,0,I,MELB_URBAN,AVENUE,7,19.0
93574,4,1,171,5,5,100.0,0,N,RURAL_VICTORIA,ROAD,7,21.0
93575,4,1,99,5,3,50.0,0,N,MELB_URBAN,ROAD,7,22.0
93576,1,1,160,5,3,50.0,0,N,MELB_URBAN,STREET,7,22.0
93577,2,1,100,5,3,50.0,0,N,MELB_URBAN,ROAD,7,21.0
93578,1,5,130,5,1,90.0,0,N,MELB_URBAN,FREEWAY,6,7.0
93579,2,1,102,2,6,60.0,0,I,MELB_URBAN,ROAD,7,18.0
93580,1,7,133,5,3,60.0,0,N,MELB_URBAN,ROAD,6,23.0
93581,2,2,100,5,3,50.0,0,N,LARGE_PROVINCIAL_CITIES,STREET,7,7.0
93582,3,0,167,5,1,100.0,0,N,RURAL_VICTORIA,ROAD,7,8.0
93583,4,1,183,2,2,100.0,0,I,RURAL_VICTORIA,ROAD,7,6.0
93584,1,4,116,2,1,50.0,0,I,MELB_URBAN,STREET,4,10.0
93585,1,2,130,5,3,60.0,0,N,MELB_URBAN,STREET,7,6.0
93586,5,1,99,5,1,50.0,0,N,RURAL_VICTORIA,ROAD,6,14.0
93587,1,2,110,1,3,40.0,0,I,MELB_URBAN,STREET,7,7.0
93588,2,6,102,1,3,40.0,0,I,MELB_URBAN,ROAD,6,17.0
93589,1,7,99,5,1,50.0,0,N,SMALL_TOWNS,AVENUE,6,14.0
93590,1,2,110,1,1,80.0,0,N,RURAL_VICTORIA,HIGHWAY,7,11.0
93591,1,2,99,5,1,60.0,0,N,SMALL_CITIES,UNKNOWN,7,11.0
93592,1,2,121,5,1,60.0,0,N,MELB_URBAN,ROAD,7,10.0
93593,1,1,140,5,1,100.0,0,N,RURAL_VICTORIA,HIGHWAY,6,16.0
93594,1,2,111,1,1,60.0,0,I,MELB_URBAN,STREET,7,9.0
93595,2,7,99,5,3,40.0,0,N,MELB_URBAN,STREET,6,21.0
93596,2,2,99,1,3,60.0,0,N,MELB_URBAN,ROAD,7,6.0
93597,1,2,113,1,1,80.0,0,I,MELB_URBAN,ROAD,7,13.0
93598,7,2,99,5,1,60.0,0,N,MELB_URBAN,ROAD,7,13.0
93599,1,1,160,5,1,50.0,0,N,LARGE_PROVINCIAL_CITIES,STREET,7,8.0
93600,1,5,133,5,1,50.0,0,N,MELB_URBAN,ROAD,6,13.0
93601,1,2,99,1,1,60.0,0,I,MELB_URBAN,ROAD,7,14.0
93602,1,2,99,1,1,80.0,0,I,MELB_URBAN,HIGHWAY,7,15.0
93603,1,2,121,1,3,50.0,0,I,MELB_URBAN,STREET,7,17.0
93604,1,2,99,1,1,60.0,0,N,MELB_URBAN,ROAD,7,16.0
93605,4,2,173,4,1,80.0,0,I,RURAL_VICTORIA,ROAD,7,15.0
93606,4,1,171,5,1,60.0,0,N,RURAL_VICTORIA,OTHER,7,9.0
93607,1,2,113,2,1,80.0,0,I,RURAL_VICTORIA,HIGHWAY,7,16.0
93608,2,2,102,1,1,60.0,0,I,MELB_URBAN,ROAD,7,16.0
93609,1,1,113,2,1,50.0,0,I,MELB_URBAN,ROAD,7,15.0
93610,1,2,110,1,1,60.0,0,I,LARGE_PROVINCIAL_CITIES,STREET,7,16.0
93611,1,2,113,2,3,60.0,0,I,MELB_URBAN,ROAD,7,18.0
93612,1,1,140,5,5,100.0,0,N,RURAL_VICTORIA,HIGHWAY,6,18.0
93613,1,2,99,5,1,100.0,0,N,SMALL_TOWNS,FREEWAY,7,7.0
93614,1,1,132,5,3,70.0,0,N,MELB_URBAN,ROAD,7,17.0
93615,1,2,110,1,1,50.0,0,I,MELB_URBAN,AVENUE,7,16.0
93616,1,2,132,2,3,60.0,0,I,MELB_URBAN,STREET,7,18.0
93617,1,2,160,9,1,40.0,0,N,TOWNS,STREET,6,15.0
93618,1,1,121,1,3,70.0,0,I,MELB_URBAN,ROAD,7,21.0
93619,1,2,120,5,2,60.0,0,N,MELB_URBAN,ROAD,7,6.0
93620,1,3,130,5,1,80.0,0,N,LARGE_PROVINCIAL_CITIES,HIGHWAY,4,13.0
93621,1,2,120,1,3,70.0,0,I,MELB_URBAN,ROAD,7,21.0
93622,4,3,173,5,3,70.0,0,N,MELB_URBAN,BOULEVARD,7,2.0
93623,4,3,181,5,5,110.0,0,N,RURAL_VICTORIA,FREEWAY,7,1.0
93624,6,3,174,1,2,60.0,0,N,SMALL_CITIES,STREET,7,7.0
93625,1,3,113,2,3,80.0,0,I,MELB_URBAN,HIGHWAY,7,6.0
93626,1,6,120,5,1,80.0,0,N,RURAL_VICTORIA,ROAD,6,15.0
93627,1,1,121,2,1,60.0,0,I,MELB_URBAN,DRIVE,7,14.0
93628,8,3,174,4,6,40.0,0,I,MELB_URBAN,STREET,6,20.0
93629,4,3,99,5,1,50.0,0,N,SMALL_TOWNS,ROAD,7,12.0
93630,1,3,132,2,1,60.0,0,N,LARGE_PROVINCIAL_CITIES,STREET,7,12.0
93631,2,3,99,5,1,60.0,0,N,MELB_URBAN,HIGHWAY,6,12.0
93632,1,7,163,5,1,40.0,0,N,MELB_URBAN,STREET,6,14.0
93633,6,2,174,5,1,50.0,0,N,MELB_URBAN,STREET,7,16.0
93634,1,6,99,5,1,60.0,0,N,MELB_URBAN,STREET,6,13.0
93635,1,3,130,2,1,50.0,0,N,MELB_URBAN,STREET,7,6.0
93636,1,3,163,5,6,50.0,0,N,MELB_URBAN,STREET,7,17.0
93637,1,3,130,5,3,60.0,0,N,MELB_URBAN,ROAD,7,18.0
93638,1,3,120,2,1,60.0,0,I,LARGE_PROVINCIAL_CITIES,ROAD,7,15.0
93639,1,3,130,5,1,50.0,0,N,LARGE_PROVINCIAL_CITIES,STREET,7,15.0
93640,1,3,99,5,9,40.0,0,N,MELB_URBAN,FREEWAY,7,10.0
93641,4,3,171,5,6,60.0,0,N,MELB_URBAN,ROAD,7,21.0
93642,4,3,173,5,3,60.0,0,N,RURAL_VICTORIA,ROAD,7,23.0
93643,1,4,110,1,3,40.0,0,I,MELBOURNE_CBD,STREET,7,4.0
93644,1,4,99,5,3,60.0,0,N,MELB_URBAN,HIGHWAY,7,5.0
93645,1,4,140,5,1,80.0,0,N,MELB_URBAN,HIGHWAY,7,7.0
93646,4,3,173,2,1,80.0,0,N,SMALL_CITIES,ROAD,7,7.0
93647,1,4,121,1,1,60.0,0,I,MELB_URBAN,ROAD,7,8.0
93648,8,3,174,2,1,50.0,0,I,MELB_URBAN,STREET,7,8.0
93649,1,4,130,2,1,80.0,0,I,MELB_URBAN,ROAD,7,7.0
93650,2,4,100,5,1,60.0,0,N,MELB_URBAN,ROAD,7,11.0
93651,7,4,99,5,1,50.0,0,N,MELB_URBAN,DRIVE,7,9.0
93652,1,4,132,2,1,60.0,0,I,MELB_URBAN,ROAD,7,9.0
93653,1,4,134,5,1,50.0,0,N,MELB_URBAN,STREET,7,13.0
93654,1,3,140,5,1,50.0,0,N,MELB_URBAN,DRIVE,3,7.0
93655,1,4,116,2,1,60.0,0,I,MELB_URBAN,STREET,7,14.0
93656,1,4,120,5,1,60.0,0,N,MELB_URBAN,STREET,7,14.0
93657,1,4,113,2,1,60.0,0,I,MELB_URBAN,STREET,7,13.0
93658,1,4,99,2,1,60.0,0,I,SMALL_CITIES,ROAD,7,15.0
93659,1,4,130,1,1,80.0,0,N,RURAL_VICTORIA,OTHER,7,15.0
93660,1,4,113,2,1,80.0,0,I,MELB_URBAN,HIGHWAY,7,12.0
93661,1,4,121,2,1,80.0,0,I,MELB_URBAN,ROAD,7,14.0
93662,1,3,110,1,1,50.0,0,N,MELB_URBAN,STREET,7,16.0
93663,4,4,181,5,1,40.0,0,I,MELB_URBAN,STREET,7,14.0
93664,1,1,99,5,1,70.0,0,N,MELB_URBAN,ROAD,7,12.0
93665,2,4,100,1,1,60.0,0,I,MELB_URBAN,ROAD,7,16.0
93666,1,4,99,1,2,70.0,0,I,MELB_URBAN,ROAD,7,17.0
93667,1,4,130,5,1,80.0,0,N,MELB_URBAN,ROAD,7,17.0
93668,1,4,130,5,5,100.0,0,N,MELB_URBAN,FREEWAY,7,17.0
93669,1,4,113,2,3,60.0,0,I,SMALL_CITIES,ROAD,7,20.0
93670,5,1,171,5,1,60.0,0,N,MELB_URBAN,ROAD,6,13.0
93671,1,5,132,5,3,60.0,0,N,MELB_URBAN,ROAD,7,4.0
93672,1,5,130,5,3,100.0,0,N,LARGE_PROVINCIAL_CITIES,ROAD,7,7.0
93673,2,5,102,1,3,60.0,0,I,MELB_URBAN,ROAD,7,6.0
93674,2,5,102,5,3,60.0,0,N,MELB_URBAN,ROAD,7,7.0
93675,1,4,130,5,3,80.0,0,N,MELB_URBAN,ROAD,7,18.0
93676,1,5,133,5,1,40.0,0,N,MELB_URBAN,ROAD,7,9.0
93677,4,5,171,5,5,80.0,0,N,RURAL_VICTORIA,ROAD,7,4.0
93678,3,1,167,5,5,100.0,0,N,RURAL_VICTORIA,OTHER,7,21.0
93679,1,5,110,1,1,60.0,0,I,SMALL_TOWNS,STREET,7,9.0
93680,1,5,99,1,1,50.0,0,I,MELB_URBAN,ROAD,6,8.0
93681,1,5,130,5,1,40.0,0,N,MELB_URBAN,ROAD,7,11.0
93682,4,5,173,5,1,70.0,0,N,MELB_URBAN,ROAD,7,12.0
93683,3,1,167,5,5,80.0,0,N,RURAL_VICTORIA,ROAD,7,19.0
93684,1,5,110,1,1,50.0,0,I,SMALL_CITIES,STREET,7,14.0
93685,2,5,99,5,5,50.0,0,N,TOWNS,STREET,6,20.0
93686,1,5,99,5,1,110.0,0,N,RURAL_VICTORIA,HIGHWAY,7,10.0
93687,1,5,111,1,1,100.0,0,I,RURAL_VICTORIA,STREET,7,13.0
93688,1,5,113,2,2,80.0,0,I,MELB_URBAN,HIGHWAY,7,17.0
93689,2,5,99,5,1,50.0,0,N,TOWNS,ROAD,7,16.0
93690,1,5,99,5,1,110.0,1,N,RURAL_VICTORIA,HIGHWAY,7,12.0
93691,3,5,167,5,5,100.0,0,N,RURAL_VICTORIA,ROAD,7,17.0
93692,2,5,99,5,1,60.0,0,N,MELB_URBAN,ROAD,7,16.0
93693,1,5,135,5,2,80.0,0,N,MELB_URBAN,HIGHWAY,7,17.0
93694,1,5,110,1,1,100.0,0,I,RURAL_VICTORIA,HIGHWAY,7,15.0
93695,1,5,113,2,1,50.0,0,I,MELB_URBAN,STREET,7,16.0
93696,1,5,110,1,3,50.0,0,I,TOWNS,STREET,7,19.0
93697,4,5,171,5,1,100.0,0,N,RURAL_VICTORIA,ROAD,7,12.0
93698,1,5,99,5,3,60.0,0,N,LARGE_PROVINCIAL_CITIES,ROAD,7,19.0
93699,1,5,99,2,3,70.0,0,I,MELB_URBAN,ROAD,7,18.0
93700,4,5,171,2,3,80.0,0,I,MELB_URBAN,ROAD,7,23.0
93701,1,5,160,5,3,70.0,0,N,MELB_URBAN,ROAD,7,4.0
93702,1,5,134,5,2,60.0,0,N,MELB_URBAN,ROAD,7,6.0
93703,1,6,121,5,5,100.0,0,N,RURAL_VICTORIA,HIGHWAY,7,6.0
93704,1,6,140,5,3,60.0,0,N,MELB_URBAN,ROAD,7,7.0
93705,6,5,174,5,1,40.0,0,N,MELB_URBAN,ROAD,7,8.0
93706,1,6,110,1,1,60.0,0,I,LARGE_PROVINCIAL_CITIES,STREET,7,9.0
93707,1,6,120,5,1,50.0,0,N,MELB_URBAN,ROAD,7,8.0
93708,1,6,130,2,1,60.0,0,I,MELB_URBAN,ROAD,7,10.0
93709,2,6,102,1,1,40.0,0,I,MELB_URBAN,STREET,7,11.0
93710,1,6,113,1,5,60.0,0,I,MELB_URBAN,ROAD,7,6.0
93711,1,6,130,5,2,60.0,0,N,MELB_URBAN,ROAD,5,17.0
93712,1,6,130,5,1,40.0,0,N,MELB_URBAN,ROAD,7,11.0
93713,4,6,99,5,1,40.0,0,N,MELB_URBAN,ROAD,7,8.0
93714,1,6,121,1,1,60.0,0,I,MELB_URBAN,ROAD,7,10.0
93715,1,6,160,5,1,50.0,0,N,MELB_URBAN,OTHER,7,12.0
93716,2,6,100,1,1,60.0,0,I,MELB_URBAN,ROAD,7,7.0
93717,1,6,99,2,1,50.0,0,I,MELB_URBAN,ROAD,7,14.0
93718,4,6,173,5,1,100.0,0,N,RURAL_VICTORIA,ROAD,7,12.0
93719,1,6,130,5,1,100.0,0,N,MELB_URBAN,FREEWAY,7,13.0
93720,1,6,110,1,1,50.0,0,I,TOWNS,STREET,7,14.0
93721,4,6,173,5,1,80.0,0,N,RURAL_VICTORIA,ROAD,7,12.0
93722,1,5,133,5,2,80.0,0,N,MELB_URBAN,ROAD,6,16.0
93723,1,5,147,5,3,60.0,0,N,MELB_URBAN,ROAD,7,17.0
93724,4,6,181,5,1,60.0,0,N,RURAL_VICTORIA,OTHER,7,16.0
93725,2,2,100,1,1,60.0,0,I,MELB_URBAN,BOULEVARD,7,18.0
93726,1,6,133,2,1,60.0,0,I,MELB_URBAN,ROAD,7,17.0
93727,1,6,120,5,1,50.0,0,N,MELB_URBAN,DRIVE,7,16.0
93728,1,5,160,5,9,60.0,0,N,SMALL_CITIES,STREET,7,15.0
93729,1,6,130,5,1,60.0,0,N,MELB_URBAN,ROAD,12,12.0
93730,1,6,130,5,3,70.0,0,N,MELB_URBAN,ROAD,7,18.0
93731,1,6,113,1,3,80.0,0,I,MELB_URBAN,HIGHWAY,7,17.0
93732,4,6,173,5,1,100.0,0,N,RURAL_VICTORIA,HIGHWAY,7,17.0
93733,1,6,140,5,3,60.0,0,N,SMALL_CITIES,STREET,7,19.0
93734,1,6,121,1,1,50.0,0,I,MELB_URBAN,ROAD,7,14.0
93735,1,5,110,1,1,50.0,0,I,MELB_URBAN,ROAD,7,16.0
93736,1,6,113,2,1,60.0,0,I,MELB_URBAN,ROAD,7,16.0
93737,1,6,121,2,3,60.0,0,I,MELB_URBAN,AVENUE,7,21.0
93738,1,6,113,2,3,50.0,0,I,RURAL_VICTORIA,OTHER,7,17.0
93739,4,5,181,5,3,60.0,0,N,MELB_URBAN,ROAD,7,3.0
93740,1,5,160,5,3,50.0,0,N,LARGE_PROVINCIAL_CITIES,ROAD,7,23.0
93741,3,7,167,5,6,60.0,0,N,RURAL_VICTORIA,HIGHWAY,7,0.0
93742,5,7,99,5,5,100.0,0,N,RURAL_VICTORIA,ROAD,7,3.0
93743,1,7,135,5,3,100.0,0,N,MELB_URBAN,FREEWAY,7,3.0
93744,1,7,99,5,3,100.0,0,N,MELB_URBAN,FREEWAY,7,5.0
93745,1,7,121,2,1,80.0,0,I,MELB_URBAN,ROAD,7,10.0
93746,2,7,102,1,1,50.0,0,I,MELB_URBAN,ROAD,7,11.0
93747,4,7,173,5,1,100.0,0,N,RURAL_VICTORIA,ROAD,7,9.0
93748,4,7,173,5,1,80.0,0,N,RURAL_VICTORIA,ROAD,7,10.0
93749,1,7,99,5,1,60.0,0,N,RURAL_VICTORIA,ROAD,7,11.0
93750,2,7,99,5,1,60.0,0,N,MELB_URBAN,STREET,7,11.0
93751,1,7,130,1,1,80.0,0,I,MELB_URBAN,HIGHWAY,7,13.0
93752,2,7,102,5,1,60.0,0,N,MELB_URBAN,STREET,7,13.0
93753,1,6,163,1,9,60.0,0,I,MELB_URBAN,STREET,7,18.0
93754,1,5,110,1,1,60.0,0,I,MELB_URBAN,ROAD,7,16.0
93755,4,7,171,5,1,60.0,0,N,MELB_URBAN,ROAD,7,13.0
93756,1,7,130,5,1,70.0,0,N,SMALL_CITIES,HIGHWAY,7,16.0
93757,1,7,113,2,1,80.0,0,I,MELB_URBAN,HIGHWAY,7,15.0
93758,4,7,181,5,1,100.0,0,N,RURAL_VICTORIA,ROAD,7,15.0
93759,1,7,116,2,2,60.0,0,I,MELB_URBAN,ROAD,7,17.0
93760,1,6,130,1,1,60.0,0,I,MELB_URBAN,ROAD,6,12.0
93761,1,7,120,5,2,60.0,0,I,LARGE_PROVINCIAL_CITIES,STREET,7,17.0
93762,1,5,130,5,3,80.0,0,N,MELB_URBAN,FREEWAY,7,18.0
93763,4,7,173,5,3,50.0,0,N,MELB_URBAN,STREET,7,18.0
93764,6,7,174,5,3,80.0,0,N,MELB_URBAN,HIGHWAY,7,18.0
93765,1,7,110,1,3,60.0,0,I,SMALL_CITIES,ROAD,7,19.0
93766,1,7,113,1,3,60.0,0,I,MELB_URBAN,ROAD,7,19.0
93767,1,7,99,1,3,60.0,0,I,MELB_URBAN,STREET,7,22.0
93768,1,7,120,5,5,80.0,0,N,RURAL_VICTORIA,HIGHWAY,7,18.0
93769,1,7,160,5,3,50.0,0,N,MELB_URBAN,ROAD,7,21.0
93770,1,7,130,5,5,110.0,0,N,RURAL_VICTORIA,FREEWAY,7,19.0
93771,4,1,171,5,3,50.0,0,N,MELB_URBAN,DRIVE,7,3.0
93772,1,1,99,5,5,80.0,1,N,RURAL_VICTORIA,ROAD,7,0.0
93773,1,6,130,5,1,100.0,0,N,MELB_URBAN,FREEWAY,7,12.0
93774,1,7,110,1,1,50.0,0,N,MELB_URBAN,STREET,7,13.0
93775,4,1,171,5,3,70.0,0,N,MELB_URBAN,ROAD,7,5.0
93776,1,3,130,5,1,60.0,0,N,MELB_URBAN,ROAD,3,9.0
93777,6,1,170,5,1,100.0,0,N,RURAL_VICTORIA,ROAD,7,8.0
93778,1,2,130,5,2,80.0,0,N,MELB_URBAN,UNKNOWN,3,17.0
93779,1,1,110,1,1,60.0,0,I,MELB_URBAN,ROAD,7,10.0
93780,4,1,181,5,1,70.0,0,N,RURAL_VICTORIA,ROAD,7,9.0
93781,1,7,130,2,1,50.0,0,I,MELB_URBAN,STREET,6,16.0
93782,1,3,135,5,9,80.0,0,N,MELB_URBAN,HIGHWAY,9,18.0
93783,1,7,99,1,3,40.0,0,I,MELB_URBAN,STREET,7,19.0
93784,4,1,173,5,1,50.0,1,N,TOWNS,STREET,7,9.0
93785,1,1,130,2,1,100.0,0,I,RURAL_VICTORIA,ROAD,7,11.0
93786,4,1,173,2,1,50.0,0,I,MELB_URBAN,ROAD,7,10.0
93787,1,1,99,5,1,80.0,0,N,SMALL_TOWNS,ROAD,7,13.0
93788,4,1,99,5,1,40.0,0,N,MELB_URBAN,STREET,7,11.0
93789,1,1,121,5,1,60.0,0,N,MELB_URBAN,ROAD,7,12.0
93790,1,1,121,1,1,80.0,0,I,MELB_URBAN,HIGHWAY,7,15.0
93791,4,1,171,5,2,80.0,0,N,RURAL_VICTORIA,HIGHWAY,7,16.0
93792,1,0,130,5,1,40.0,0,N,MELB_URBAN,STREET,7,14.0
93793,1,1,130,2,1,70.0,0,I,MELB_URBAN,ROAD,7,15.0
93794,2,7,102,1,3,60.0,0,I,MELB_URBAN,STREET,7,20.0
93795,4,1,171,5,3,60.0,0,N,MELB_URBAN,ROAD,7,18.0
93796,3,1,167,5,5,100.0,0,N,RURAL_VICTORIA,ROAD,7,18.0
93797,1,1,111,2,3,60.0,0,I,MELB_URBAN,ROAD,7,22.0
93798,6,1,99,5,2,100.0,0,N,RURAL_VICTORIA,ROAD,7,16.0
93799,1,2,110,4,3,80.0,0,I,MELB_URBAN,HIGHWAY,7,0.0
93800,4,2,171,5,3,60.0,0,N,MELB_URBAN,ROAD,7,5.0
93801,1,2,133,5,3,40.0,0,N,MELB_URBAN,ROAD,7,6.0
93802,1,7,116,1,5,60.0,0,I,MELB_URBAN,ROAD,7,4.0
93803,1,1,110,1,3,60.0,0,I,LARGE_PROVINCIAL_CITIES,STREET,7,18.0
93804,3,1,167,5,2,100.0,0,I,RURAL_VICTORIA,HIGHWAY,7,7.0
93805,4,2,99,5,1,60.0,0,N,LARGE_PROVINCIAL_CITIES,ROAD,7,9.0
93806,1,7,133,5,1,100.0,0,N,MELB_URBAN,FREEWAY,7,13.0
93807,1,5,130,5,2,100.0,0,N,MELB_URBAN,FREEWAY,7,17.0
93808,1,2,110,1,1,60.0,0,I,SMALL_CITIES,STREET,7,10.0
93809,1,1,130,5,1,100.0,0,N,RURAL_VICTORIA,HIGHWAY,7,15.0
93810,1,2,160,5,1,60.0,0,N,MELB_URBAN,ROAD,7,8.0
93811,1,7,130,5,3,100.0,0,I,MELB_URBAN,FREEWAY,7,17.0
93812,1,2,110,1,1,60.0,0,I,TOWNS,STREET,7,12.0
93813,1,2,132,5,1,60.0,0,N,MELB_URBAN,ROAD,7,13.0
93814,4,2,99,3,1,50.0,0,N,TOWNS,STREET,7,13.0
93815,1,1,140,5,1,80.0,0,N,MELB_URBAN,ROAD,7,8.0
93816,6,1,170,9,1,100.0,0,N,RURAL_VICTORIA,ROAD,7,10.0
93817,1,2,99,2,1,60.0,0,I,MELB_URBAN,ROAD,7,14.0
93818,4,2,183,5,1,80.0,0,N,RURAL_VICTORIA,ROAD,7,10.0
93819,1,2,130,5,1,60.0,0,N,MELB_URBAN,ROAD,7,15.0
93820,1,2,99,5,1,70.0,0,N,MELB_URBAN,HIGHWAY,7,15.0
93821,4,2,173,5,1,70.0,0,N,MELB_URBAN,ROAD,7,16.0
93822,1,6,130,2,3,60.0,0,I,MELB_URBAN,ROAD,6,17.0
93823,2,2,102,2,3,50.0,0,I,MELB_URBAN,ROAD,7,17.0
93824,4,2,173,5,9,60.0,0,N,RURAL_VICTORIA,HIGHWAY,7,16.0
93825,4,2,99,5,5,80.0,0,N,RURAL_VICTORIA,ROAD,7,17.0
93826,4,2,171,5,5,100.0,0,N,RURAL_VICTORIA,HIGHWAY,7,18.0
93827,1,2,134,5,3,70.0,0,N,MELB_URBAN,ROAD,7,17.0
93828,4,2,99,2,5,60.0,0,I,SMALL_CITIES,ROAD,7,23.0
93829,8,4,99,5,1,50.0,0,N,LARGE_PROVINCIAL_CITIES,STREET,4,17.0
93830,1,5,130,5,3,60.0,0,N,MELB_URBAN,ROAD,6,18.0
93831,4,0,99,5,1,80.0,0,N,RURAL_VICTORIA,HIGHWAY,7,10.0
93832,1,1,121,1,1,60.0,0,I,MELB_URBAN,ROAD,7,16.0
93833,1,5,160,1,1,50.0,0,I,LARGE_PROVINCIAL_CITIES,STREET,7,13.0
93834,1,1,130,5,1,60.0,0,I,MELB_URBAN,OTHER,6,8.0
93835,1,3,160,5,1,100.0,0,N,MELB_URBAN,UNKNOWN,7,11.0
93836,1,3,135,5,1,80.0,0,N,MELB_URBAN,FREEWAY,7,7.0
93837,1,3,133,5,1,60.0,0,N,MELB_URBAN,ROAD,7,10.0
93838,1,3,133,5,1,40.0,0,N,RURAL_VICTORIA,ROAD,7,12.0
93839,1,7,130,1,1,80.0,0,I,MELB_URBAN,ROAD,7,14.0
93840,2,3,99,2,5,50.0,0,I,LARGE_PROVINCIAL_CITIES,OTHER,7,6.0
93841,4,3,173,1,1,100.0,0,N,RURAL_VICTORIA,ROAD,7,12.0
93842,1,3,147,2,1,70.0,0,I,MELB_URBAN,ROAD,7,13.0
93843,1,5,113,2,1,60.0,0,I,MELB_URBAN,AVENUE,6,16.0
93844,1,3,113,2,1,60.0,0,I,SMALL_CITIES,DRIVE,7,16.0
93845,8,1,174,5,1,60.0,0,N,RURAL_VICTORIA,ROAD,7,12.0
93846,1,3,130,1,2,50.0,0,I,LARGE_PROVINCIAL_CITIES,STREET,7,16.0
93847,1,5,130,5,1,50.0,0,N,LARGE_PROVINCIAL_CITIES,STREET,6,13.0
93848,1,3,113,1,1,100.0,0,I,RURAL_VICTORIA,ROAD,7,14.0
93849,1,3,113,2,3,60.0,0,I,MELB_URBAN,ROAD,7,17.0
93850,1,3,99,5,1,70.0,0,N,MELB_URBAN,ROAD,7,16.0
93851,1,3,99,2,1,80.0,0,I,MELB_URBAN,HIGHWAY,7,15.0
93852,4,3,171,5,5,60.0,0,N,RURAL_VICTORIA,ROAD,7,17.0
93853,1,3,132,5,3,60.0,0,N,MELB_URBAN,ROAD,7,18.0
93854,1,3,110,1,1,60.0,0,I,MELB_URBAN,ROAD,7,13.0
93855,2,3,100,5,5,50.0,0,N,LARGE_PROVINCIAL_CITIES,AVENUE,7,19.0
93856,1,3,113,1,3,60.0,0,I,MELB_URBAN,DRIVE,7,18.0
93857,4,3,181,5,5,100.0,0,N,RURAL_VICTORIA,ROAD,7,18.0
93858,1,3,163,1,3,60.0,0,I,MELB_URBAN,ROAD,7,19.0
93859,1,3,113,2,3,60.0,0,I,MELB_URBAN,STREET,7,17.0
93860,4,3,181,2,3,40.0,0,I,MELB_URBAN,STREET,7,19.0
93861,4,2,171,5,3,60.0,0,N,MELB_URBAN,ROAD,7,23.0
93862,1,3,110,1,9,60.0,0,I,MELB_URBAN,ROAD,7,10.0
93863,4,3,99,5,5,60.0,0,N,RURAL_VICTORIA,HIGHWAY,7,20.0
93864,1,3,110,1,2,60.0,0,I,TOWNS,ROAD,7,17.0
93865,1,4,163,5,9,40.0,0,N,MELB_URBAN,STREET,7,7.0
93866,1,3,134,5,6,60.0,0,N,MELB_URBAN,ROAD,7,17.0
93867,1,4,135,5,1,100.0,0,N,MELB_URBAN,FREEWAY,7,11.0
93868,1,4,121,5,1,40.0,0,N,MELB_URBAN,ROAD,7,8.0
93869,6,4,174,1,1,40.0,0,I,MELBOURNE_CBD,STREET,7,9.0
93870,1,4,130,5,1,60.0,0,N,MELB_URBAN,ROAD,7,12.0
93871,1,0,130,5,3,50.0,0,N,MELB_URBAN,ROAD,7,21.0
93872,4,3,173,5,1,100.0,0,N,RURAL_VICTORIA,ROAD,7,14.0
93873,1,2,132,5,1,60.0,0,N,MELB_URBAN,ROAD,4,16.0
93874,1,1,110,1,1,60.0,0,I,MELB_URBAN,STREET,7,16.0
93875,1,2,130,5,1,60.0,0,N,MELB_URBAN,STREET,7,16.0
93876,3,1,167,9,1,50.0,0,N,TOWNS,STREET,7,12.0
93877,1,4,121,5,1,40.0,0,N,MELBOURNE_CBD,STREET,7,11.0
93878,1,2,147,5,1,40.0,0,N,MELB_URBAN,DRIVE,7,14.0
93879,1,2,163,6,1,40.0,0,N,MELBOURNE_CBD,STREET,7,8.0
93880,2,4,99,5,1,50.0,0,N,TOWNS,STREET,7,14.0
93881,4,4,181,5,1,100.0,0,N,RURAL_VICTORIA,ROAD,7,11.0
93882,4,3,173,5,1,60.0,0,N,TOWNS,AVENUE,7,14.0