,accident_type,day_of_week,dca_code,road_geometry,light_condition,speed_zone,severity,node_type,deg_urban_name,road_type,month,hour
93883,4,4,171,2,9,60.0,0,I,MELB_URBAN,STREET,7,7.0
93884,1,4,121,1,3,60.0,0,I,MELB_URBAN,STREET,7,17.0
93885,4,4,173,2,3,50.0,0,I,SMALL_CITIES,STREET,7,18.0
93886,1,4,121,1,1,60.0,0,I,MELB_URBAN,STREET,7,15.0
93887,1,3,130,5,6,100.0,0,N,MELB_URBAN,ROAD,7,17.0
93888,2,4,102,1,1,80.0,0,I,MELB_URBAN,HIGHWAY,7,15.0
93889,1,4,163,5,3,60.0,0,N,MELB_URBAN,STREET,7,21.0
93890,4,4,171,5,3,50.0,0,N,TOWNS,STREET,7,20.0
93891,4,3,171,5,3,50.0,0,N,MELB_URBAN,DRIVE,7,22.0
93892,1,4,130,5,3,80.0,0,N,MELB_URBAN,FREEWAY,7,22.0
93893,4,4,171,5,3,60.0,0,N,TOWNS,STREET,7,23.0
93894,4,4,171,5,3,50.0,0,N,SMALL_CITIES,ROAD,7,4.0
93895,1,4,132,2,1,60.0,0,I,MELB_URBAN,ROAD,7,14.0
93896,6,4,184,5,5,110.0,0,N,RURAL_VICTORIA,FREEWAY,7,22.0
93897,1,7,110,1,6,50.0,0,I,MELB_URBAN,ROAD,7,23.0
93898,8,1,174,5,1,60.0,0,N,RURAL_VICTORIA,DRIVE,7,13.0
93899,4,5,171,1,1,50.0,0,I,MELB_URBAN,STREET,7,8.0
93900,3,4,167,5,9,100.0,0,N,RURAL_VICTORIA,ROAD,7,18.0
93901,1,5,130,5,9,80.0,0,N,MELB_URBAN,HIGHWAY,7,6.0
93902,1,5,121,5,1,70.0,0,I,MELB_URBAN,ROAD,7,6.0
93903,2,5,102,4,1,60.0,0,I,MELB_URBAN,ROAD,7,9.0
93904,1,5,120,5,2,100.0,0,N,RURAL_VICTORIA,ROAD,7,6.0
93905,4,7,171,2,1,60.0,0,I,MELB_URBAN,ROAD,7,10.0
93906,4,5,171,5,1,100.0,0,N,RURAL_VICTORIA,ROAD,7,10.0
93907,1,5,121,2,1,50.0,0,I,MELB_URBAN,ROAD,7,10.0
93908,1,3,110,1,5,100.0,0,I,RURAL_VICTORIA,ROAD,7,17.0
93909,1,5,110,1,1,60.0,0,I,LARGE_PROVINCIAL_CITIES,STREET,7,10.0
93910,9,5,99,5,1,100.0,0,N,RURAL_VICTORIA,HIGHWAY,7,8.0
93911,3,5,167,5,1,100.0,0,N,RURAL_VICTORIA,HIGHWAY,7,10.0
93912,4,2,171,5,1,70.0,0,N,MELB_URBAN,ROAD,7,9.0
93913,1,3,121,2,1,60.0,0,I,MELB_URBAN,AVENUE,7,14.0
93914,1,5,130,1,1,60.0,0,N,LARGE_PROVINCIAL_CITIES,ROAD,6,12.0
93915,1,5,121,1,1,50.0,0,I,MELB_URBAN,STREET,7,7.0
93916,1,5,99,1,1,60.0,0,I,MELB_URBAN,ROAD,7,11.0
93917,1,3,99,2,3,80.0,0,I,MELB_URBAN,HIGHWAY,7,17.0
93918,2,5,99,4,1,70.0,0,I,MELB_URBAN,ROAD,7,15.0
93919,1,5,135,1,1,40.0,0,I,MELB_URBAN,HIGHWAY,7,16.0
93920,1,5,99,1,1,100.0,0,I,RURAL_VICTORIA,HIGHWAY,7,16.0
93921,1,5,140,1,1,70.0,0,I,MELB_URBAN,ROAD,7,15.0
93922,1,5,130,5,1,60.0,0,N,MELB_URBAN,ROAD,7,16.0
93923,1,5,140,5,3,50.0,0,N,SMALL_CITIES,STREET,7,18.0
93924,1,5,130,5,2,60.0,0,N,MELB_URBAN,ROAD,7,16.0
93925,1,2,130,1,1,70.0,0,N,MELB_URBAN,ROAD,7,15.0
93926,1,5,130,5,1,40.0,0,N,MELB_URBAN,ROAD,7,16.0
93927,1,5,120,5,1,50.0,0,N,MELB_URBAN,ROAD,7,15.0
93928,1,5,130,5,1,70.0,0,N,MELB_URBAN,ROAD,7,17.0
93929,1,5,113,1,2,70.0,0,I,MELB_URBAN,ROAD,7,18.0
93930,1,5,110,1,3,60.0,0,I,TOWNS,STREET,7,20.0
93931,1,0,171,5,3,50.0,0,N,MELB_URBAN,BOULEVARD,7,0.0
93932,1,5,120,5,3,60.0,0,N,MELB_URBAN,STREET,7,19.0
93933,1,5,121,1,3,60.0,0,I,SMALL_CITIES,STREET,7,20.0
93934,1,5,110,1,3,60.0,0,I,MELB_URBAN,ROAD,7,21.0
93935,2,7,100,1,3,60.0,0,I,MELB_URBAN,ROAD,7,22.0
93936,1,5,110,4,3,60.0,0,I,MELB_URBAN,ROAD,7,6.0
93937,1,5,110,1,3,60.0,0,I,MELB_URBAN,ROAD,7,23.0
93938,4,5,181,4,3,70.0,0,I,MELB_URBAN,DRIVE,7,23.0
93939,1,5,110,1,3,40.0,0,I,MELBOURNE_CBD,STREET,7,0.0
93940,1,6,99,5,3,100.0,0,N,MELB_URBAN,ROAD,7,2.0
93941,1,6,133,5,5,110.0,0,N,RURAL_VICTORIA,FREEWAY,7,6.0
93942,1,5,99,5,3,40.0,0,N,MELB_URBAN,DRIVE,7,18.0
93943,4,6,99,4,1,50.0,0,I,TOWNS,STREET,7,8.0
93944,1,5,99,2,5,100.0,0,N,RURAL_VICTORIA,HIGHWAY,7,18.0
93945,1,6,160,5,1,110.0,0,N,RURAL_VICTORIA,FREEWAY,7,9.0
93946,3,6,167,5,5,100.0,0,N,RURAL_VICTORIA,HIGHWAY,7,4.0
93947,1,5,116,1,1,60.0,0,I,MELB_URBAN,ROAD,7,13.0
93948,4,5,173,5,5,100.0,0,N,RURAL_VICTORIA,ROAD,7,23.0
93949,1,6,140,5,1,40.0,0,I,MELB_URBAN,STREET,7,13.0
93950,1,4,130,5,9,60.0,0,N,MELB_URBAN,ROAD,7,16.0
93951,1,6,140,1,1,50.0,0,I,MELB_URBAN,AVENUE,7,12.0
93952,1,6,120,5,1,80.0,0,N,MELB_URBAN,ROAD,7,13.0
93953,1,6,121,2,1,40.0,0,N,TOWNS,HIGHWAY,7,12.0
93954,8,3,174,2,1,50.0,0,I,MELB_URBAN,ROAD,7,8.0
93955,1,6,121,2,1,80.0,0,I,MELB_URBAN,ROAD,7,14.0
93956,1,6,120,5,1,80.0,0,N,RURAL_VICTORIA,ROAD,7,12.0
93957,1,6,99,5,1,90.0,0,N,RURAL_VICTORIA,ROAD,7,10.0
93958,8,6,99,5,1,60.0,0,N,SMALL_CITIES,ROAD,7,13.0
93959,1,5,130,5,1,80.0,0,N,RURAL_VICTORIA,ROAD,7,14.0
93960,1,6,134,1,1,60.0,0,I,SMALL_CITIES,STREET,7,12.0
93961,1,6,120,5,1,100.0,1,N,RURAL_VICTORIA,ROAD,7,14.0
93962,1,6,130,5,6,80.0,0,N,MELB_URBAN,ROAD,7,17.0
93963,1,6,130,5,2,40.0,0,N,MELB_URBAN,ROAD,7,18.0
93964,1,6,130,9,2,60.0,0,I,MELB_URBAN,STREET,7,17.0
93965,1,6,110,1,2,110.0,0,I,RURAL_VICTORIA,FREEWAY,7,16.0
93966,4,6,99,5,3,60.0,0,N,MELB_URBAN,OTHER,7,18.0
93967,1,6,110,1,5,80.0,0,I,RURAL_VICTORIA,ROAD,7,6.0
93968,1,6,110,1,3,60.0,0,I,SMALL_CITIES,STREET,7,18.0
93969,1,6,120,5,2,60.0,0,N,RURAL_VICTORIA,ROAD,7,16.0
93970,1,5,130,5,3,100.0,0,N,MELB_URBAN,FREEWAY,7,18.0
93971,1,6,111,2,1,80.0,0,I,MELB_URBAN,HIGHWAY,7,16.0
93972,4,6,171,5,5,100.0,0,N,RURAL_VICTORIA,HIGHWAY,7,19.0
93973,1,6,110,4,3,60.0,0,I,MELB_URBAN,ROAD,7,21.0
93974,1,5,120,2,1,50.0,0,I,MELB_URBAN,STREET,6,13.0
93975,4,6,171,1,3,100.0,0,I,RURAL_VICTORIA,ROAD,7,20.0
93976,1,6,130,5,5,100.0,0,N,RURAL_VICTORIA,FREEWAY,7,18.0
93977,1,5,163,5,3,60.0,0,N,MELB_URBAN,STREET,7,23.0
93978,4,7,173,1,3,40.0,0,I,MELBOURNE_CBD,STREET,7,4.0
93979,1,7,113,2,2,70.0,0,I,MELB_URBAN,ROAD,7,6.0
93980,1,6,130,1,1,70.0,0,I,MELB_URBAN,ROAD,7,12.0
93981,4,7,181,5,5,100.0,0,N,MELB_URBAN,FREEWAY,7,2.0
93982,4,7,171,1,3,60.0,0,I,MELB_URBAN,ROAD,7,6.0
93983,8,7,184,5,1,60.0,0,N,RURAL_VICTORIA,ROAD,7,8.0
93984,4,6,181,5,1,100.0,0,N,RURAL_VICTORIA,HIGHWAY,7,8.0
93985,1,6,147,5,1,60.0,0,N,MELB_URBAN,ROAD,7,17.0
93986,1,5,130,5,2,80.0,0,N,MELB_URBAN,FREEWAY,7,17.0
93987,1,7,160,5,1,50.0,0,N,MELB_URBAN,OTHER,7,8.0
93988,6,7,174,3,1,60.0,0,I,MELB_URBAN,ROAD,7,11.0
93989,1,7,111,2,1,50.0,0,I,MELB_URBAN,STREET,7,12.0
93990,4,7,173,5,1,60.0,0,N,SMALL_TOWNS,HIGHWAY,7,10.0
93991,1,7,99,1,1,70.0,0,N,MELB_URBAN,ROAD,7,14.0
93992,5,7,99,5,1,60.0,0,N,RURAL_VICTORIA,ROAD,7,13.0
93993,2,7,100,1,1,60.0,0,I,MELB_URBAN,ROAD,7,12.0
93994,1,7,130,2,1,80.0,0,N,MELB_URBAN,ROAD,7,14.0
93995,1,7,130,5,1,80.0,0,N,MELB_URBAN,FREEWAY,7,15.0
93996,2,4,121,5,1,60.0,0,N,MELB_URBAN,ROAD,7,7.0
93997,6,7,170,1,3,50.0,0,I,MELB_URBAN,DRIVE,7,1.0
93998,6,7,99,5,5,100.0,0,N,RURAL_VICTORIA,ROAD,7,0.0
93999,1,7,110,1,1,100.0,0,I,RURAL_VICTORIA,ROAD,7,15.0
94000,1,7,130,2,1,60.0,0,I,TOWNS,HIGHWAY,7,16.0
94001,1,7,130,5,1,80.0,0,N,MELB_URBAN,OTHER,7,16.0
94002,2,7,99,5,1,60.0,0,N,SMALL_TOWNS,UNKNOWN,7,16.0
94003,1,2,130,5,2,100.0,0,N,MELB_URBAN,UNKNOWN,7,17.0
94004,6,6,174,5,1,60.0,0,N,RURAL_VICTORIA,ROAD,7,11.0
94005,1,7,130,2,1,40.0,0,I,MELB_URBAN,ROAD,7,12.0
94006,1,7,130,5,3,80.0,0,N,MELB_URBAN,RAMP,7,18.0
94007,2,7,100,2,3,40.0,0,I,MELB_URBAN,STREET,7,19.0
94008,6,7,170,5,5,110.0,0,N,RURAL_VICTORIA,FREEWAY,7,20.0
94009,4,7,183,5,3,50.0,0,N,MELB_URBAN,RAMP,7,22.0
94010,1,7,111,1,3,60.0,0,I,MELB_URBAN,STREET,7,23.0
94011,4,0,171,5,5,80.0,0,N,RURAL_VICTORIA,ROAD,7,0.0
94012,1,7,160,5,3,60.0,0,N,MELB_URBAN,ROAD,7,5.0
94013,4,1,171,2,3,80.0,0,I,MELB_URBAN,ROAD,7,3.0
94014,1,7,133,1,5,100.0,0,I,RURAL_VICTORIA,ROAD,7,23.0
94015,4,6,171,2,1,50.0,0,I,MELB_URBAN,DRIVE,7,12.0
94016,4,1,171,5,1,60.0,0,N,MELB_URBAN,ROAD,7,8.0
94017,1,7,130,5,1,60.0,0,N,MELB_URBAN,ROAD,7,12.0
94018,6,7,99,2,5,100.0,0,I,RURAL_VICTORIA,ROAD,7,21.0
94019,1,2,130,2,9,60.0,0,N,MELB_URBAN,ROAD,6,17.0
94020,4,6,171,3,1,80.0,0,I,RURAL_VICTORIA,ROAD,7,15.0
94021,1,1,99,2,1,100.0,0,I,RURAL_VICTORIA,ROAD,7,12.0
94022,1,1,113,2,1,60.0,0,I,MELB_URBAN,ROAD,7,10.0
94023,1,1,121,2,1,60.0,0,I,MELB_URBAN,ROAD,7,15.0
94024,8,1,99,2,1,60.0,0,I,SMALL_CITIES,PARADE,7,15.0
94025,4,1,183,5,1,60.0,0,N,RURAL_VICTORIA,ROAD,7,12.0
94026,1,5,135,5,6,60.0,0,N,MELB_URBAN,ROAD,6,21.0
94027,2,0,100,5,1,40.0,0,N,MELB_URBAN,ROAD,7,15.0
94028,1,0,160,2,9,50.0,0,I,TOWNS,STREET,7,2.0
94029,1,1,160,2,1,40.0,0,I,MELB_URBAN,STREET,7,15.0
94030,8,1,174,6,1,100.0,0,N,TOWNS,ROAD,7,16.0
94031,1,1,160,5,1,50.0,0,N,MELB_URBAN,STREET,7,15.0
94032,8,1,174,2,1,80.0,0,I,RURAL_VICTORIA,ROAD,7,15.0
94033,1,1,160,5,2,50.0,0,N,MELB_URBAN,STREET,7,16.0
94034,4,1,181,5,2,60.0,0,N,RURAL_VICTORIA,OTHER,6,17.0
94035,4,1,173,5,1,100.0,0,N,RURAL_VICTORIA,ROAD,7,16.0
94036,4,1,173,5,1,70.0,0,N,MELB_URBAN,ROAD,7,15.0
94037,1,1,120,5,1,50.0,0,N,SMALL_TOWNS,ROAD,7,15.0
94038,1,1,130,5,5,80.0,0,N,MELB_URBAN,ROAD,7,18.0
94039,1,1,113,2,1,60.0,0,I,MELB_URBAN,ROAD,7,17.0
94040,4,4,173,5,1,80.0,0,N,RURAL_VICTORIA,ROAD,3,8.0
94041,6,1,99,1,1,60.0,0,I,LARGE_PROVINCIAL_CITIES,STREET,7,15.0
94042,1,0,140,5,5,50.0,0,N,MELB_URBAN,STREET,7,17.0
94043,1,2,130,5,3,80.0,0,N,MELB_URBAN,ROAD,7,0.0
94044,1,2,121,1,3,70.0,0,I,MELB_URBAN,ROAD,7,6.0
94045,1,2,113,4,3,70.0,0,I,RURAL_VICTORIA,ROAD,7,21.0
94046,1,1,132,2,1,60.0,0,I,RURAL_VICTORIA,ROAD,7,11.0
94047,6,2,99,5,1,100.0,0,N,RURAL_VICTORIA,ROAD,7,7.0
94048,1,2,111,2,1,80.0,0,I,MELB_URBAN,HIGHWAY,7,7.0
94049,6,1,184,5,1,50.0,0,N,MELB_URBAN,STREET,7,8.0
94050,4,2,181,5,1,60.0,0,N,RURAL_VICTORIA,ROAD,7,8.0
94051,1,2,135,2,1,60.0,0,I,MELB_URBAN,ROAD,7,8.0
94052,1,1,113,2,1,50.0,0,I,MELB_URBAN,ROAD,7,8.0
94053,1,2,140,2,1,60.0,0,I,MELB_URBAN,OTHER,7,10.0
94054,4,1,183,5,3,80.0,1,N,MELB_URBAN,RAMP,7,22.0
94055,1,2,120,5,2,80.0,0,N,MELB_URBAN,ROAD,7,7.0
94056,4,2,171,5,1,50.0,0,N,MELB_URBAN,STREET,7,11.0
94057,1,2,121,2,1,60.0,0,I,MELB_URBAN,ROAD,7,10.0
94058,1,2,160,1,1,60.0,0,I,MELB_URBAN,ROAD,7,6.0
94059,8,1,99,5,1,60.0,0,N,RURAL_VICTORIA,ROAD,7,15.0
94060,1,2,134,2,1,80.0,0,I,MELB_URBAN,ROAD,7,10.0
94061,2,2,100,2,1,60.0,0,N,MELB_URBAN,ROAD,7,12.0
94062,4,2,173,5,1,100.0,1,N,RURAL_VICTORIA,ROAD,7,11.0
94063,1,2,110,1,1,80.0,0,I,MELB_URBAN,OTHER,7,12.0
94064,1,2,160,5,1,70.0,0,N,TOWNS,STREET,7,14.0
94065,1,2,147,5,1,50.0,0,N,MELB_URBAN,STREET,7,14.0
94066,1,2,110,1,1,60.0,0,I,MELB_URBAN,STREET,7,9.0
94067,1,2,130,5,3,80.0,0,N,MELB_URBAN,ROAD,7,18.0
94068,1,2,130,5,1,60.0,0,N,MELB_URBAN,ROAD,7,16.0
94069,1,3,133,5,1,60.0,0,N,MELB_URBAN,PARADE,7,16.0
94070,2,6,99,5,2,60.0,0,N,TOWNS,ROAD,7,17.0
94071,1,2,120,5,3,70.0,0,N,MELB_URBAN,ROAD,7,18.0
94072,4,2,171,5,2,80.0,0,N,RURAL_VICTORIA,ROAD,7,16.0
94073,4,2,171,5,1,50.0,0,N,MELB_URBAN,STREET,7,16.0
94074,1,2,121,1,3,60.0,0,I,MELB_URBAN,ROAD,7,22.0
94075,1,1,135,5,1,100.0,0,N,MELB_URBAN,ROAD,6,12.0
94076,8,3,99,5,3,60.0,0,N,MELB_URBAN,ROAD,7,4.0
94077,1,2,110,1,1,110.0,0,I,RURAL_VICTORIA,HIGHWAY,7,8.0
94078,1,0,130,5,5,100.0,0,N,RURAL_VICTORIA,ROAD,8,3.0
94079,1,3,132,2,1,100.0,0,I,LARGE_PROVINCIAL_CITIES,HIGHWAY,7,8.0
94080,1,3,110,1,1,70.0,0,I,MELB_URBAN,ROAD,7,9.0
94081,4,1,183,5,5,60.0,0,N,RURAL_VICTORIA,ROAD,7,21.0
94082,1,3,110,1,1,60.0,0,I,MELB_URBAN,HIGHWAY,7,10.0
94083,1,4,147,5,1,60.0,0,N,MELB_URBAN,STREET,1,7.0
94084,1,3,99,2,2,70.0,0,N,MELB_URBAN,ROAD,7,7.0
94085,4,1,171,5,6,80.0,0,N,RURAL_VICTORIA,ROAD,7,3.0
94086,1,3,163,5,1,40.0,0,N,MELB_URBAN,ROAD,7,8.0
94087,1,5,130,1,3,60.0,0,I,MELB_URBAN,ROAD,7,6.0
94088,1,3,181,5,1,80.0,0,N,RURAL_VICTORIA,HIGHWAY,7,10.0
94089,2,3,102,2,1,60.0,1,I,MELB_URBAN,ROAD,7,9.0
94090,2,3,99,1,1,60.0,0,I,TOWNS,HIGHWAY,7,9.0
94091,1,3,99,5,1,100.0,0,N,RURAL_VICTORIA,ROAD,7,12.0
94092,1,3,147,5,1,60.0,0,N,MELB_URBAN,STREET,7,7.0
94093,1,2,110,1,1,50.0,0,I,MELB_URBAN,STREET,7,13.0
94094,1,3,99,2,1,60.0,0,I,MELB_URBAN,ROAD,7,14.0
94095,2,3,102,1,1,80.0,0,I,MELB_URBAN,HIGHWAY,7,15.0
94096,2,3,102,5,1,50.0,0,N,TOWNS,STREET,7,15.0
94097,2,3,102,2,1,40.0,0,I,MELB_URBAN,ROAD,7,16.0
94098,2,3,102,5,1,40.0,0,N,MELB_URBAN,ROAD,7,14.0
94099,1,2,130,2,9,60.0,0,I,MELB_URBAN,OTHER,7,17.0
94100,4,3,171,2,1,50.0,0,I,MELB_URBAN,OTHER,7,16.0
94101,8,2,174,2,1,40.0,0,N,MELB_URBAN,ROAD,7,16.0
94102,1,3,130,2,3,70.0,0,N,SMALL_CITIES,HIGHWAY,7,6.0
94103,1,3,113,2,1,50.0,0,I,MELB_URBAN,ROAD,7,15.0
94104,1,3,121,1,1,80.0,0,I,MELB_URBAN,ROAD,7,17.0
94105,1,3,130,5,1,60.0,0,N,MELB_URBAN,OTHER,7,16.0
94106,5,3,99,5,1,110.0,0,N,SMALL_CITIES,FREEWAY,7,16.0
94107,1,3,147,5,1,40.0,0,N,MELB_URBAN,STREET,7,16.0
94108,1,3,130,5,1,60.0,0,N,MELB_URBAN,STREET,7,15.0
94109,2,3,99,2,3,60.0,0,I,MELB_URBAN,STREET,7,18.0
94110,1,3,121,1,3,60.0,0,I,MELB_URBAN,HIGHWAY,7,18.0
94111,1,3,130,5,2,100.0,0,N,RURAL_VICTORIA,FREEWAY,7,17.0
94112,4,3,181,5,5,100.0,0,N,RURAL_VICTORIA,ROAD,7,18.0
94113,1,3,121,1,3,60.0,0,I,MELB_URBAN,ROAD,7,19.0
94114,2,5,99,5,1,50.0,0,N,MELB_URBAN,ROAD,6,11.0
94115,2,3,99,2,1,60.0,0,I,MELB_URBAN,ROAD,7,8.0
94116,1,3,130,1,3,80.0,0,I,MELB_URBAN,HIGHWAY,7,22.0
94117,4,3,171,2,3,50.0,0,I,MELB_URBAN,STREET,7,22.0
94118,1,3,121,1,1,60.0,0,I,RURAL_VICTORIA,ROAD,7,8.0
94119,4,4,171,2,1,80.0,0,I,MELB_URBAN,ROAD,7,7.0
94120,2,4,100,5,1,60.0,0,N,SMALL_CITIES,ROAD,7,8.0
94121,1,4,113,1,1,60.0,0,I,MELB_URBAN,ROAD,7,8.0
94122,5,3,99,5,1,40.0,0,N,RURAL_VICTORIA,HIGHWAY,7,13.0
94123,2,3,100,5,3,40.0,0,N,MELB_URBAN,STREET,7,20.0
94124,2,4,102,2,1,50.0,0,I,MELB_URBAN,STREET,7,10.0
94125,1,4,110,1,1,50.0,0,I,MELB_URBAN,STREET,7,12.0
94126,4,4,171,5,1,60.0,0,N,MELB_URBAN,BOULEVARD,7,11.0
94127,1,3,130,5,1,60.0,0,N,MELB_URBAN,ROAD,7,7.0
94128,1,4,134,5,1,60.0,0,I,LARGE_PROVINCIAL_CITIES,OTHER,7,13.0
94129,1,3,130,5,1,70.0,0,N,MELB_URBAN,ROAD,7,15.0
94130,1,5,113,2,1,60.0,0,I,LARGE_PROVINCIAL_CITIES,STREET,7,15.0
94131,1,4,130,5,1,50.0,0,N,MELB_URBAN,STREET,7,13.0
94132,1,4,130,2,1,60.0,0,I,MELB_URBAN,STREET,7,8.0
94133,1,3,133,5,1,100.0,0,N,RURAL_VICTORIA,ROAD,7,15.0
94134,1,4,113,2,1,60.0,0,I,MELB_URBAN,ROAD,7,14.0
94135,4,4,181,2,1,80.0,0,I,RURAL_VICTORIA,ROAD,7,14.0
94136,6,7,174,5,1,60.0,0,N,LARGE_PROVINCIAL_CITIES,ROAD,7,14.0
94137,1,3,134,5,3,100.0,0,N,MELB_URBAN,ROAD,7,17.0
94138,4,3,171,5,1,100.0,0,N,RURAL_VICTORIA,HIGHWAY,7,10.0
94139,1,4,130,5,1,100.0,0,N,MELB_URBAN,FREEWAY,7,15.0
94140,1,4,110,1,3,50.0,0,I,MELB_URBAN,STREET,7,18.0
94141,1,4,113,2,2,50.0,0,I,MELB_URBAN,ROAD,7,17.0
94142,1,3,121,1,3,50.0,0,I,LARGE_PROVINCIAL_CITIES,STREET,7,18.0
94143,1,4,130,2,3,60.0,0,I,MELB_URBAN,ROAD,7,17.0
94144,6,4,170,5,5,100.0,0,N,RURAL_VICTORIA,ROAD,7,20.0
94145,4,4,171,5,1,80.0,1,N,LARGE_PROVINCIAL_CITIES,ROAD,7,16.0
94146,6,4,99,5,5,100.0,0,N,RURAL_VICTORIA,HIGHWAY,7,22.0
94147,1,3,130,1,3,80.0,0,I,LARGE_PROVINCIAL_CITIES,HIGHWAY,7,23.0
94148,1,3,121,1,3,80.0,0,N,MELB_URBAN,ROAD,7,21.0
94149,1,5,130,5,1,100.0,0,N,MELB_URBAN,ROAD,7,8.0
94150,1,5,116,1,1,60.0,0,I,MELB_URBAN,HIGHWAY,7,9.0
94151,1,4,130,5,3,60.0,0,N,MELB_URBAN,STREET,7,18.0
94152,4,4,171,5,1,50.0,0,N,TOWNS,STREET,7,8.0
94153,1,3,110,1,6,60.0,0,I,MELB_URBAN,OTHER,7,18.0
94154,4,5,99,5,1,40.0,0,N,MELB_URBAN,UNKNOWN,7,8.0
94155,1,5,120,5,1,100.0,0,N,RURAL_VICTORIA,OTHER,7,9.0
94156,2,4,99,5,1,60.0,0,N,LARGE_PROVINCIAL_CITIES,ROAD,7,15.0
94157,1,5,110,1,1,80.0,0,I,MELB_URBAN,ROAD,7,10.0
94158,1,5,120,5,1,60.0,0,N,MELB_URBAN,ROAD,7,12.0
94159,8,1,174,2,9,40.0,0,N,MELB_URBAN,ROAD,7,17.0
94160,4,5,181,5,3,60.0,0,N,RURAL_VICTORIA,ROAD,7,6.0
94161,1,5,113,2,1,60.0,0,I,LARGE_PROVINCIAL_CITIES,STREET,7,12.0
94162,1,4,130,5,3,60.0,0,N,MELB_URBAN,ROAD,7,18.0
94163,1,5,171,5,1,60.0,0,N,TOWNS,ROAD,7,12.0
94164,4,3,171,5,1,40.0,0,N,MELB_URBAN,ROAD,7,14.0
94165,4,5,181,5,1,100.0,0,N,RURAL_VICTORIA,ROAD,7,8.0
94166,1,4,99,5,1,50.0,0,I,TOWNS,STREET,7,11.0
94167,5,5,99,5,1,100.0,0,N,RURAL_VICTORIA,ROAD,7,11.0
94168,1,5,121,1,1,80.0,0,N,MELB_URBAN,ROAD,7,13.0
94169,1,5,116,2,1,70.0,0,I,RURAL_VICTORIA,ROAD,7,12.0
94170,2,5,102,1,1,60.0,0,I,MELB_URBAN,ROAD,7,10.0
94171,9,6,99,2,9,50.0,0,I,LARGE_PROVINCIAL_CITIES,STREET,7,7.0
94172,1,5,110,1,1,80.0,0,I,RURAL_VICTORIA,HIGHWAY,7,12.0
94173,4,4,171,5,1,100.0,0,N,RURAL_VICTORIA,HIGHWAY,7,14.0
94174,4,5,171,5,1,110.0,0,N,RURAL_VICTORIA,FREEWAY,7,12.0
94175,1,5,121,2,1,100.0,0,I,RURAL_VICTORIA,ROAD,7,12.0
94176,2,4,99,5,1,60.0,0,N,MELB_URBAN,STREET,7,12.0
94177,1,5,133,5,1,80.0,0,N,MELB_URBAN,OTHER,7,15.0
94178,1,5,99,1,1,60.0,0,I,SMALL_CITIES,STREET,7,15.0
94179,4,4,171,5,1,80.0,0,N,RURAL_VICTORIA,ROAD,7,15.0
94180,2,5,100,5,2,50.0,0,N,LARGE_PROVINCIAL_CITIES,STREET,7,16.0
94181,2,5,100,2,6,50.0,0,I,MELB_URBAN,OTHER,7,17.0
94182,1,7,130,4,9,60.0,0,I,MELB_URBAN,RAMP,7,16.0
94183,1,5,160,5,2,50.0,0,N,LARGE_PROVINCIAL_CITIES,STREET,7,17.0
94184,1,4,130,5,2,60.0,0,N,MELB_URBAN,ROAD,7,17.0
94185,1,5,130,5,2,80.0,0,N,MELB_URBAN,FREEWAY,7,17.0
94186,2,5,102,1,3,40.0,0,I,LARGE_PROVINCIAL_CITIES,STREET,7,18.0
94187,1,5,173,5,3,60.0,0,N,MELB_URBAN,ROAD,7,19.0
94188,1,5,160,5,3,50.0,0,N,SMALL_CITIES,OTHER,7,20.0
94189,1,5,130,5,3,80.0,0,N,TOWNS,STREET,7,18.0
94190,4,5,171,5,5,100.0,0,N,RURAL_VICTORIA,HIGHWAY,7,4.0
94191,1,5,130,2,3,50.0,0,I,MELB_URBAN,STREET,7,18.0
94192,2,5,102,5,3,40.0,0,N,MELB_URBAN,OTHER,7,18.0
94193,4,5,99,1,3,60.0,0,I,MELB_URBAN,ROAD,7,19.0
94194,4,4,99,3,3,60.0,0,N,MELB_URBAN,BOULEVARD,7,22.0
94195,1,4,130,1,1,80.0,0,I,MELB_URBAN,HIGHWAY,7,11.0
94196,1,6,113,1,3,60.0,0,I,MELB_URBAN,STREET,7,7.0
94197,1,6,113,2,3,80.0,0,I,MELB_URBAN,ROAD,7,6.0
94198,2,6,100,2,1,80.0,0,I,MELB_URBAN,ROAD,7,8.0
94199,1,6,99,1,3,50.0,0,I,MELB_URBAN,AVENUE,7,5.0
94200,1,6,147,1,1,50.0,0,I,SMALL_CITIES,STREET,7,9.0
94201,1,6,113,1,1,60.0,0,I,MELB_URBAN,ROAD,7,9.0
94202,1,6,134,1,1,80.0,0,I,MELB_URBAN,HIGHWAY,7,10.0
94203,1,6,110,1,1,80.0,0,I,RURAL_VICTORIA,ROAD,7,7.0
94204,1,6,99,4,1,60.0,0,N,SMALL_CITIES,PARADE,7,9.0
94205,4,6,181,5,1,100.0,0,N,RURAL_VICTORIA,ROAD,7,8.0
94206,2,6,99,5,2,60.0,1,N,MELB_URBAN,DRIVE,7,6.0
94207,2,6,99,5,9,50.0,0,N,SMALL_CITIES,PARADE,7,22.0
94208,1,6,113,2,1,50.0,0,I,MELB_URBAN,ROAD,7,11.0
94209,1,3,130,1,1,60.0,0,I,RURAL_VICTORIA,ROAD,7,12.0
94210,1,6,113,2,1,80.0,1,I,RURAL_VICTORIA,ROAD,7,9.0
94211,6,5,174,5,9,60.0,0,N,MELB_URBAN,ROAD,7,20.0
94212,1,6,121,1,1,80.0,0,N,MELB_URBAN,HIGHWAY,7,9.0
94213,1,6,121,5,1,60.0,0,N,SMALL_CITIES,STREET,7,13.0
94214,1,6,121,5,1,80.0,0,N,MELB_URBAN,ROAD,7,13.0
94215,1,6,113,2,1,80.0,0,I,MELB_URBAN,HIGHWAY,7,13.0