,accident_type,day_of_week,dca_code,road_geometry,light_condition,speed_zone,severity,node_type,deg_urban_name,road_type,month,hour
94216,1,6,99,2,1,60.0,0,I,MELB_URBAN,HIGHWAY,7,14.0
94217,1,6,130,2,1,60.0,0,I,MELB_URBAN,ROAD,7,13.0
94218,1,6,130,1,1,80.0,0,I,MELB_URBAN,ROAD,7,13.0
94219,1,2,99,5,3,60.0,0,N,TOWNS,ROAD,7,17.0
94220,4,6,183,5,1,80.0,0,N,RURAL_VICTORIA,RAMP,7,15.0
94221,1,6,111,2,1,70.0,0,I,SMALL_CITIES,ROAD,7,16.0
94222,1,5,99,5,1,60.0,0,N,MELB_URBAN,STREET,7,13.0
94223,1,6,110,1,1,60.0,0,I,MELB_URBAN,ROAD,7,15.0
94224,6,2,184,2,1,50.0,0,I,LARGE_PROVINCIAL_CITIES,STREET,6,10.0
94225,1,5,130,5,1,100.0,0,N,MELB_URBAN,FREEWAY,7,16.0
94226,1,6,113,2,1,80.0,0,I,RURAL_VICTORIA,HIGHWAY,7,14.0
94227,1,6,110,1,3,60.0,0,I,LARGE_PROVINCIAL_CITIES,STREET,7,18.0
94228,6,6,174,1,1,60.0,0,I,MELB_URBAN,ROAD,7,14.0
94229,1,6,121,2,1,60.0,0,I,MELB_URBAN,ROAD,7,17.0
94230,4,6,181,5,1,60.0,0,N,RURAL_VICTORIA,ROAD,7,16.0
94231,2,4,99,5,2,50.0,0,N,MELB_URBAN,ROAD,7,17.0
94232,1,6,130,1,3,80.0,0,I,RURAL_VICTORIA,HIGHWAY,7,18.0
94233,1,6,121,2,1,80.0,0,I,RURAL_VICTORIA,ROAD,7,17.0
94234,1,6,130,5,5,80.0,0,N,SMALL_CITIES,HIGHWAY,7,18.0
94235,3,6,167,5,5,80.0,0,N,RURAL_VICTORIA,ROAD,7,17.0
94236,5,6,99,5,4,50.0,0,N,MELB_URBAN,STREET,7,17.0
94237,1,6,110,1,5,40.0,0,I,LARGE_PROVINCIAL_CITIES,STREET,7,18.0
94238,1,6,135,5,9,40.0,0,N,MELBOURNE_CBD,STREET,7,16.0
94239,1,6,130,5,5,100.0,0,N,RURAL_VICTORIA,FREEWAY,7,20.0
94240,2,6,100,2,3,60.0,0,I,MELB_URBAN,ROAD,7,20.0
94241,4,6,173,1,3,60.0,0,N,MELB_URBAN,ROAD,7,19.0
94242,1,7,99,5,3,100.0,0,N,RURAL_VICTORIA,FREEWAY,7,1.0
94243,1,6,99,5,3,100.0,0,N,MELB_URBAN,FREEWAY,7,21.0
94244,4,7,173,5,2,60.0,0,N,SMALL_CITIES,ROAD,7,7.0
94245,1,6,121,2,1,50.0,0,I,MELB_URBAN,ROAD,7,13.0
94246,2,7,100,1,1,40.0,0,I,MELB_URBAN,STREET,7,11.0
94247,4,7,171,5,1,80.0,0,N,SMALL_CITIES,ROAD,7,12.0
94248,1,7,110,1,1,80.0,0,I,RURAL_VICTORIA,ROAD,7,10.0
94249,4,7,183,5,1,40.0,0,N,RURAL_VICTORIA,ROAD,7,11.0
94250,1,7,160,5,1,50.0,0,N,MELB_URBAN,ROAD,7,10.0
94251,1,7,121,2,1,50.0,0,I,SMALL_CITIES,STREET,7,10.0
94252,1,7,113,2,1,60.0,0,I,MELB_URBAN,BOULEVARD,7,12.0
94253,1,7,130,2,1,60.0,0,I,RURAL_VICTORIA,ROAD,7,12.0
94254,1,4,130,5,1,60.0,0,N,MELB_URBAN,ROAD,7,15.0
94255,6,7,184,5,1,60.0,0,N,SMALL_TOWNS,ROAD,7,12.0
94256,2,7,99,5,1,50.0,0,N,TOWNS,OTHER,7,16.0
94257,1,1,130,5,3,60.0,0,N,MELB_URBAN,HIGHWAY,7,17.0
94258,1,7,99,5,1,80.0,0,N,MELB_URBAN,ROAD,7,10.0
94259,1,6,130,2,1,80.0,0,N,MELB_URBAN,HIGHWAY,7,16.0
94260,4,7,171,5,3,50.0,0,N,SMALL_CITIES,STREET,7,19.0
94261,1,3,130,1,1,60.0,0,I,RURAL_VICTORIA,ROAD,7,14.0
94262,9,7,99,1,1,60.0,0,I,MELB_URBAN,STREET,7,15.0
94263,2,1,100,1,3,40.0,0,I,MELB_URBAN,STREET,7,0.0
94264,4,6,171,5,5,100.0,0,N,RURAL_VICTORIA,ROAD,7,4.0
94265,4,1,173,2,3,60.0,0,I,MELB_URBAN,ROAD,7,1.0
94266,1,1,130,5,3,50.0,0,N,MELB_URBAN,DRIVE,7,1.0
94267,1,1,120,5,3,80.0,0,N,MELB_URBAN,ROAD,7,2.0
94268,1,7,99,5,3,60.0,0,N,MELB_URBAN,ROAD,7,23.0
94269,4,4,181,5,1,100.0,0,N,RURAL_VICTORIA,ROAD,7,13.0
94270,1,1,110,1,2,80.0,0,I,MELB_URBAN,ROAD,7,7.0
94271,4,1,173,2,1,50.0,0,I,MELB_URBAN,STREET,7,7.0
94272,1,1,99,5,1,50.0,0,N,SMALL_CITIES,ROAD,7,10.0
94273,1,1,111,4,1,50.0,0,I,MELB_URBAN,RAMP,7,10.0
94274,2,1,100,5,1,50.0,0,N,MELB_URBAN,AVENUE,7,11.0
94275,1,2,130,2,6,70.0,0,N,MELB_URBAN,RAMP,7,18.0
94276,1,1,110,1,1,60.0,0,I,MELB_URBAN,ROAD,7,12.0
94277,1,5,133,5,1,80.0,0,N,MELB_URBAN,FREEWAY,7,8.0
94278,1,1,140,5,1,80.0,0,N,LARGE_PROVINCIAL_CITIES,ROAD,7,13.0
94279,8,1,174,5,1,50.0,0,N,MELB_URBAN,ROAD,7,14.0
94280,1,1,113,1,1,80.0,0,I,MELB_URBAN,HIGHWAY,7,14.0
94281,1,6,130,5,1,70.0,0,N,MELB_URBAN,ROAD,7,16.0
94282,1,1,130,5,1,60.0,0,N,MELB_URBAN,ROAD,7,11.0
94283,6,1,99,2,1,80.0,0,I,RURAL_VICTORIA,HIGHWAY,7,9.0
94284,1,1,140,5,1,40.0,0,N,MELB_URBAN,ROAD,7,11.0
94285,2,1,100,1,1,70.0,0,I,MELB_URBAN,DRIVE,7,16.0
94286,6,1,99,5,1,100.0,0,N,RURAL_VICTORIA,ROAD,7,14.0
94287,2,1,100,5,2,60.0,0,N,MELB_URBAN,PARADE,7,17.0
94288,1,1,130,5,5,110.0,0,N,RURAL_VICTORIA,FREEWAY,7,18.0
94289,2,1,100,1,3,80.0,0,I,MELB_URBAN,ROAD,7,18.0
94290,1,1,160,5,5,80.0,0,N,MELB_URBAN,FREEWAY,7,21.0
94291,1,5,130,5,1,60.0,0,N,MELB_URBAN,HIGHWAY,7,15.0
94292,4,2,171,5,5,80.0,0,N,MELB_URBAN,HIGHWAY,7,1.0
94293,1,1,140,5,3,60.0,0,N,MELB_URBAN,AVENUE,7,23.0
94294,4,2,181,5,3,50.0,0,N,MELB_URBAN,OTHER,7,0.0
94295,2,2,99,5,2,60.0,0,N,MELB_URBAN,STREET,7,6.0
94296,1,2,113,2,9,60.0,0,I,MELB_URBAN,PARADE,7,6.0
94297,1,2,113,2,1,60.0,0,I,RURAL_VICTORIA,DRIVE,7,9.0
94298,1,1,121,1,3,60.0,0,I,MELB_URBAN,ROAD,7,17.0
94299,1,3,121,1,3,40.0,0,I,MELB_URBAN,STREET,7,18.0
94300,1,3,130,1,1,80.0,0,I,MELB_URBAN,ROAD,7,13.0
94301,1,2,110,1,1,80.0,0,I,MELB_URBAN,ROAD,7,9.0
94302,1,1,121,2,1,80.0,0,I,RURAL_VICTORIA,ROAD,7,8.0
94303,4,2,171,5,3,50.0,0,N,SMALL_CITIES,DRIVE,7,2.0
94304,4,2,171,2,1,60.0,0,I,MELB_URBAN,ROAD,7,9.0
94305,1,2,121,2,1,60.0,0,I,MELB_URBAN,ROAD,7,9.0
94306,1,4,130,5,1,60.0,0,N,SMALL_CITIES,ROAD,7,16.0
94307,1,3,111,2,3,80.0,0,N,MELB_URBAN,ROAD,7,21.0
94308,2,2,100,5,1,60.0,0,N,SMALL_CITIES,ROAD,7,11.0
94309,1,2,130,2,1,80.0,0,I,MELB_URBAN,ROAD,7,14.0
94310,6,2,174,2,1,50.0,0,I,TOWNS,STREET,7,16.0
94311,4,2,171,6,1,100.0,0,N,RURAL_VICTORIA,HIGHWAY,7,16.0
94312,6,1,174,5,1,60.0,0,N,RURAL_VICTORIA,OTHER,7,12.0
94313,1,2,130,5,3,100.0,0,N,MELB_URBAN,ROAD,7,18.0
94314,1,7,163,5,1,40.0,0,N,MELB_URBAN,STREET,4,15.0
94315,1,2,135,1,1,40.0,0,I,MELBOURNE_CBD,STREET,7,14.0
94316,1,2,110,1,1,60.0,0,I,SMALL_CITIES,STREET,7,16.0
94317,1,1,135,2,1,60.0,0,I,MELB_URBAN,STREET,7,18.0
94318,2,2,99,5,6,60.0,0,N,MELB_URBAN,ROAD,7,17.0
94319,4,2,171,5,3,60.0,0,N,MELB_URBAN,ROAD,7,21.0
94320,4,3,171,5,3,60.0,0,N,MELB_URBAN,STREET,7,1.0
94321,1,1,160,5,3,50.0,0,N,MELB_URBAN,DRIVE,7,21.0
94322,1,1,133,5,3,80.0,0,N,MELB_URBAN,FREEWAY,7,18.0
94323,1,3,132,2,2,80.0,0,I,RURAL_VICTORIA,HIGHWAY,7,7.0
94324,1,3,121,1,1,60.0,0,I,MELB_URBAN,ROAD,7,8.0
94325,1,3,135,2,1,60.0,0,I,MELB_URBAN,ROAD,7,9.0
94326,2,3,102,1,1,40.0,0,I,MELB_URBAN,STREET,7,8.0
94327,4,3,99,5,1,50.0,0,N,SMALL_CITIES,STREET,7,10.0
94328,2,2,100,1,5,50.0,0,I,SMALL_TOWNS,STREET,7,6.0
94329,1,3,110,1,1,80.0,0,I,MELB_URBAN,AVENUE,7,9.0
94330,1,3,130,1,1,80.0,0,I,TOWNS,ROAD,7,10.0
94331,6,3,170,1,1,50.0,0,I,LARGE_PROVINCIAL_CITIES,UNKNOWN,7,10.0
94332,4,3,171,5,1,100.0,0,N,RURAL_VICTORIA,FREEWAY,7,7.0
94333,6,7,99,1,3,40.0,0,I,MELB_URBAN,HIGHWAY,3,18.0
94334,1,3,130,2,1,60.0,0,I,MELB_URBAN,ROAD,7,8.0
94335,1,3,130,5,1,60.0,0,N,MELB_URBAN,BOULEVARD,7,10.0
94336,1,2,121,1,3,80.0,0,I,MELB_URBAN,ROAD,4,19.0
94337,1,3,99,2,1,60.0,0,I,MELB_URBAN,STREET,7,14.0
94338,2,3,99,5,1,80.0,0,N,TOWNS,STREET,7,11.0
94339,1,3,110,1,1,100.0,0,I,RURAL_VICTORIA,ROAD,7,14.0
94340,1,7,99,1,1,60.0,0,I,SMALL_TOWNS,ROAD,7,14.0
94341,1,2,113,1,3,70.0,0,I,MELB_URBAN,ROAD,7,18.0
94342,1,3,99,2,2,80.0,0,I,MELB_URBAN,ROAD,7,16.0
94343,1,2,130,5,9,80.0,0,N,MELB_URBAN,HIGHWAY,2,6.0
94344,1,2,113,2,3,60.0,0,I,MELB_URBAN,STREET,7,18.0
94345,1,3,110,1,2,50.0,0,I,MELB_URBAN,AVENUE,7,17.0
94346,2,3,102,5,9,50.0,0,N,MELB_URBAN,STREET,7,16.0
94347,2,2,100,1,1,40.0,0,I,MELB_URBAN,ROAD,7,16.0
94348,4,3,181,5,1,60.0,0,N,MELB_URBAN,ROAD,7,15.0
94349,1,2,134,1,3,70.0,0,I,MELB_URBAN,STREET,7,17.0
94350,4,2,99,5,5,60.0,0,N,RURAL_VICTORIA,ROAD,7,5.0
94351,2,4,100,5,3,60.0,0,N,MELB_URBAN,STREET,6,18.0
94352,1,5,130,1,1,100.0,0,I,RURAL_VICTORIA,ROAD,7,17.0
94353,5,3,99,5,5,100.0,0,N,RURAL_VICTORIA,ROAD,7,19.0
94354,1,3,133,2,2,50.0,0,I,MELB_URBAN,STREET,7,16.0
94355,4,2,171,5,5,100.0,0,N,RURAL_VICTORIA,ROAD,7,18.0
94356,1,3,110,1,3,80.0,0,N,MELB_URBAN,STREET,7,20.0
94357,4,3,171,5,5,100.0,0,N,MELB_URBAN,FREEWAY,7,21.0
94358,2,3,99,5,3,50.0,1,N,MELB_URBAN,ROAD,7,18.0
94359,1,3,120,2,3,70.0,0,I,MELB_URBAN,BOULEVARD,7,22.0
94360,1,3,130,1,3,60.0,0,I,MELB_URBAN,STREET,7,21.0
94361,1,3,140,5,1,50.0,0,N,MELB_URBAN,ROAD,7,15.0
94362,4,4,173,5,5,80.0,0,N,RURAL_VICTORIA,ROAD,7,1.0
94363,4,4,173,5,3,100.0,0,N,MELB_URBAN,FREEWAY,7,5.0
94364,1,3,130,5,1,60.0,0,N,MELB_URBAN,ROAD,7,14.0
94365,3,7,167,5,1,100.0,0,N,RURAL_VICTORIA,OTHER,7,14.0
94366,1,7,110,1,4,60.0,0,I,RURAL_VICTORIA,STREET,7,18.0
94367,1,3,113,2,9,60.0,0,I,MELB_URBAN,ROAD,7,11.0
94368,2,4,100,1,1,40.0,0,I,SMALL_CITIES,STREET,7,9.0
94369,6,4,174,2,1,40.0,0,I,MELB_URBAN,STREET,7,8.0
94370,1,4,160,2,1,60.0,0,I,MELB_URBAN,BOULEVARD,7,10.0
94371,1,4,163,5,1,60.0,0,N,MELB_URBAN,STREET,7,10.0
94372,4,4,181,5,1,110.0,0,N,RURAL_VICTORIA,HIGHWAY,7,7.0
94373,1,2,135,5,1,110.0,0,N,RURAL_VICTORIA,FREEWAY,7,16.0
94374,1,4,110,1,1,50.0,0,I,SMALL_CITIES,STREET,7,11.0
94375,1,5,163,5,3,60.0,0,N,MELB_URBAN,ROAD,7,18.0
94376,1,3,130,5,1,40.0,0,N,LARGE_PROVINCIAL_CITIES,STREET,7,11.0
94377,2,4,100,5,1,40.0,0,N,MELB_URBAN,AVENUE,7,8.0
94378,4,3,183,5,1,100.0,0,N,RURAL_VICTORIA,ROAD,7,9.0
94379,1,4,110,1,1,70.0,0,I,MELB_URBAN,ROAD,7,11.0
94380,1,4,121,1,1,80.0,0,I,MELB_URBAN,OTHER,7,9.0
94381,2,4,102,1,3,60.0,0,I,MELB_URBAN,STREET,7,7.0
94382,1,4,121,2,1,50.0,0,I,MELB_URBAN,STREET,7,9.0
94383,1,4,110,1,1,60.0,0,I,MELB_URBAN,STREET,7,9.0
94384,1,4,110,1,1,60.0,0,I,MELB_URBAN,ROAD,7,11.0
94385,1,4,99,5,1,60.0,0,N,LARGE_PROVINCIAL_CITIES,ROAD,7,10.0
94386,8,4,99,5,1,60.0,0,N,RURAL_VICTORIA,OTHER,7,10.0
94387,1,4,147,5,1,60.0,0,N,MELB_URBAN,STREET,7,9.0
94388,1,3,121,1,1,60.0,0,I,MELB_URBAN,ROAD,7,8.0
94389,1,3,110,1,1,100.0,0,I,RURAL_VICTORIA,HIGHWAY,7,13.0
94390,4,3,173,5,1,100.0,0,N,RURAL_VICTORIA,ROAD,7,13.0
94391,4,3,173,5,1,100.0,0,N,RURAL_VICTORIA,ROAD,7,10.0
94392,1,3,99,1,1,70.0,0,I,MELB_URBAN,ROAD,7,15.0
94393,4,4,181,5,1,100.0,0,N,RURAL_VICTORIA,ROAD,7,15.0
94394,2,4,99,2,1,40.0,0,I,TOWNS,STREET,7,15.0
94395,1,3,111,1,1,110.0,0,I,RURAL_VICTORIA,FREEWAY,7,15.0
94396,1,4,120,5,1,80.0,0,N,RURAL_VICTORIA,ROAD,7,15.0
94397,1,4,121,1,1,50.0,0,I,MELB_URBAN,STREET,7,16.0
94398,1,4,132,2,2,60.0,0,I,MELB_URBAN,ROAD,7,16.0
94399,1,5,130,1,9,70.0,0,I,MELB_URBAN,ROAD,7,12.0
94400,1,4,120,5,1,70.0,0,N,MELB_URBAN,ROAD,7,16.0
94401,1,4,130,3,3,100.0,0,I,MELB_URBAN,FREEWAY,7,19.0
94402,1,3,110,1,1,50.0,0,I,SMALL_CITIES,STREET,7,17.0
94403,1,4,99,5,5,100.0,0,N,MELB_URBAN,FREEWAY,7,19.0
94404,3,3,167,5,5,80.0,0,N,RURAL_VICTORIA,ROAD,7,19.0
94405,2,4,100,2,3,60.0,0,I,MELB_URBAN,ROAD,7,21.0
94406,1,3,99,5,5,100.0,1,N,RURAL_VICTORIA,HIGHWAY,7,19.0
94407,4,5,173,5,3,80.0,0,N,MELB_URBAN,ROAD,7,5.0
94408,1,5,130,5,1,60.0,0,N,MELB_URBAN,ROAD,7,6.0
94409,1,4,130,5,1,60.0,0,N,RURAL_VICTORIA,ROAD,7,7.0
94410,8,5,184,5,3,80.0,1,N,MELB_URBAN,RAMP,7,0.0
94411,6,5,170,5,5,100.0,0,N,RURAL_VICTORIA,HIGHWAY,7,6.0
94412,1,5,135,1,1,60.0,0,I,MELB_URBAN,STREET,7,10.0
94413,1,5,113,2,1,50.0,0,I,RURAL_VICTORIA,ROAD,7,8.0
94414,1,3,130,5,1,60.0,0,N,MELB_URBAN,ROAD,7,14.0
94415,4,5,173,5,1,60.0,0,N,LARGE_PROVINCIAL_CITIES,ROAD,7,9.0
94416,4,5,99,5,5,100.0,0,N,RURAL_VICTORIA,ROAD,7,6.0
94417,8,5,174,5,1,40.0,0,N,MELB_URBAN,STREET,7,13.0
94418,1,4,110,1,1,40.0,0,I,MELB_URBAN,STREET,7,13.0
94419,1,1,135,5,1,80.0,0,N,MELB_URBAN,ROAD,7,9.0
94420,1,3,163,5,2,40.0,0,N,MELB_URBAN,ROAD,7,17.0
94421,1,5,130,5,1,60.0,0,N,RURAL_VICTORIA,ROAD,7,8.0
94422,8,4,174,5,1,60.0,0,N,MELB_URBAN,ROAD,7,9.0
94423,1,4,121,5,1,60.0,0,N,MELB_URBAN,ROAD,7,7.0
94424,1,5,113,4,1,60.0,0,I,MELB_URBAN,HIGHWAY,7,9.0
94425,1,5,116,2,1,60.0,0,I,MELB_URBAN,ROAD,7,7.0
94426,6,5,170,5,1,80.0,0,N,RURAL_VICTORIA,ROAD,7,16.0
94427,1,5,121,1,1,60.0,0,I,LARGE_PROVINCIAL_CITIES,STREET,7,10.0
94428,1,5,111,2,1,40.0,0,I,MELB_URBAN,ROAD,7,14.0
94429,1,4,147,5,1,80.0,0,I,MELB_URBAN,HIGHWAY,7,16.0
94430,2,4,100,1,2,80.0,0,I,MELB_URBAN,OTHER,7,7.0
94431,1,5,121,2,2,60.0,0,I,MELB_URBAN,PARADE,7,17.0
94432,1,5,120,5,1,100.0,0,N,RURAL_VICTORIA,HIGHWAY,7,17.0
94433,1,5,130,2,1,40.0,0,N,MELB_URBAN,ROAD,7,14.0
94434,4,5,171,5,3,60.0,0,N,LARGE_PROVINCIAL_CITIES,ROAD,7,20.0
94435,4,5,183,5,5,110.0,0,N,RURAL_VICTORIA,FREEWAY,7,21.0
94436,1,5,130,5,3,60.0,0,N,MELB_URBAN,STREET,7,18.0
94437,4,5,99,2,1,100.0,0,I,RURAL_VICTORIA,ROAD,7,14.0
94438,1,6,110,1,1,60.0,0,I,LARGE_PROVINCIAL_CITIES,STREET,7,7.0
94439,2,6,99,5,1,50.0,0,N,MELB_URBAN,OTHER,7,8.0
94440,1,5,110,1,3,60.0,0,I,MELB_URBAN,ROAD,7,6.0
94441,4,6,171,5,1,100.0,0,N,RURAL_VICTORIA,ROAD,7,8.0
94442,1,6,160,5,1,50.0,0,N,MELB_URBAN,AVENUE,7,9.0
94443,1,2,113,2,1,60.0,0,I,MELB_URBAN,DRIVE,7,15.0
94444,4,6,171,5,1,60.0,0,N,MELB_URBAN,STREET,7,8.0
94445,2,6,99,5,1,50.0,0,N,MELB_URBAN,STREET,7,8.0
94446,1,3,134,4,1,50.0,0,N,LARGE_PROVINCIAL_CITIES,STREET,7,8.0
94447,1,6,140,1,1,80.0,0,I,MELB_URBAN,HIGHWAY,7,11.0
94448,1,6,160,5,1,60.0,0,N,MELB_URBAN,ROAD,7,9.0
94449,1,6,110,1,1,60.0,0,I,LARGE_PROVINCIAL_CITIES,STREET,7,15.0
94450,1,6,111,1,1,60.0,0,I,MELB_URBAN,STREET,7,7.0
94451,1,5,113,2,1,50.0,0,I,RURAL_VICTORIA,BOULEVARD,7,9.0
94452,2,6,100,2,1,60.0,0,I,MELB_URBAN,HIGHWAY,7,15.0
94453,1,6,130,5,1,40.0,0,N,MELB_URBAN,ROAD,7,16.0
94454,1,6,160,5,1,50.0,0,N,MELB_URBAN,STREET,7,15.0
94455,1,6,111,2,1,60.0,0,I,MELB_URBAN,FREEWAY,7,16.0
94456,1,6,130,2,3,80.0,0,I,MELB_URBAN,DRIVE,7,17.0
94457,1,6,130,5,1,60.0,0,N,LARGE_PROVINCIAL_CITIES,AVENUE,7,16.0
94458,1,6,110,1,1,50.0,0,I,SMALL_CITIES,STREET,7,15.0
94459,9,6,99,2,1,50.0,0,I,RURAL_VICTORIA,STREET,7,17.0
94460,1,6,121,1,1,80.0,0,I,RURAL_VICTORIA,OTHER,7,16.0
94461,1,6,110,1,3,70.0,0,N,MELB_URBAN,HIGHWAY,7,20.0
94462,1,6,130,2,1,80.0,0,I,MELB_URBAN,HIGHWAY,7,14.0
94463,6,5,174,5,3,80.0,0,N,MELB_URBAN,HIGHWAY,7,21.0
94464,6,6,170,5,5,100.0,0,N,RURAL_VICTORIA,ROAD,7,21.0
94465,1,6,110,1,3,60.0,0,I,MELB_URBAN,ROAD,7,23.0
94466,1,5,121,2,1,60.0,0,I,MELB_URBAN,ROAD,7,15.0
94467,4,7,173,1,3,40.0,0,I,MELB_URBAN,ROAD,7,5.0
94468,1,7,121,1,1,60.0,0,I,MELB_URBAN,RAMP,7,9.0
94469,1,7,130,2,1,70.0,0,I,MELB_URBAN,HIGHWAY,7,10.0
94470,4,7,181,5,1,100.0,0,N,RURAL_VICTORIA,ROAD,7,9.0
94471,1,3,163,5,2,50.0,0,N,MELB_URBAN,ROAD,7,16.0
94472,8,5,174,1,9,60.0,0,N,LARGE_PROVINCIAL_CITIES,ROAD,7,10.0
94473,4,4,181,5,1,100.0,0,N,RURAL_VICTORIA,OTHER,7,9.0
94474,1,6,140,1,1,50.0,0,I,LARGE_PROVINCIAL_CITIES,STREET,7,10.0
94475,4,7,183,5,1,80.0,0,N,RURAL_VICTORIA,ROAD,7,10.0
94476,1,6,110,1,2,60.0,0,I,MELB_URBAN,AVENUE,7,8.0
94477,6,7,184,5,1,100.0,0,N,RURAL_VICTORIA,HIGHWAY,7,15.0
94478,1,7,130,5,1,100.0,0,N,MELB_URBAN,FREEWAY,7,12.0
94479,4,5,99,2,5,100.0,0,I,RURAL_VICTORIA,ROAD,7,23.0
94480,1,6,130,5,1,70.0,0,N,MELB_URBAN,ROAD,7,13.0
94481,4,6,171,5,5,100.0,0,N,RURAL_VICTORIA,ROAD,7,23.0
94482,1,6,130,5,3,80.0,0,N,MELB_URBAN,FREEWAY,7,19.0
94483,4,6,171,5,1,100.0,0,N,RURAL_VICTORIA,ROAD,7,15.0
94484,4,6,171,5,5,100.0,0,N,RURAL_VICTORIA,ROAD,7,21.0
94485,4,7,183,5,1,50.0,0,N,MELB_URBAN,DRIVE,7,17.0
94486,1,7,99,1,1,60.0,0,I,MELB_URBAN,ROAD,7,12.0
94487,1,6,135,5,1,40.0,0,N,MELB_URBAN,AVENUE,7,12.0
94488,4,7,173,5,5,100.0,0,N,RURAL_VICTORIA,ROAD,7,18.0
94489,1,7,121,1,5,60.0,0,I,LARGE_PROVINCIAL_CITIES,STREET,7,20.0
94490,3,7,167,5,5,100.0,0,N,RURAL_VICTORIA,ROAD,7,18.0
94491,1,7,120,2,1,50.0,0,I,MELB_URBAN,ROAD,7,15.0
94492,2,7,100,5,3,60.0,0,N,MELB_URBAN,ROAD,7,20.0
94493,1,7,120,5,1,80.0,0,N,RURAL_VICTORIA,HIGHWAY,7,16.0
94494,1,2,111,2,1,100.0,0,N,RURAL_VICTORIA,ROAD,7,12.0
94495,4,7,171,5,5,100.0,0,N,RURAL_VICTORIA,HIGHWAY,7,23.0
94496,1,6,160,5,3,50.0,0,N,MELB_URBAN,ROAD,7,23.0
94497,6,7,174,5,3,60.0,0,N,MELB_URBAN,ROAD,7,20.0
94498,2,7,100,2,3,60.0,0,I,MELB_URBAN,ROAD,7,23.0
94499,2,7,100,1,3,40.0,0,I,MELBOURNE_CBD,STREET,7,23.0
94500,1,1,120,5,5,40.0,0,N,MELB_URBAN,STREET,7,1.0
94501,2,7,102,5,3,60.0,0,N,MELB_URBAN,HIGHWAY,7,23.0
94502,4,1,99,2,3,50.0,0,I,SMALL_TOWNS,STREET,7,1.0
94503,1,7,110,1,1,80.0,0,I,RURAL_VICTORIA,ROAD,7,11.0
94504,1,7,140,5,1,70.0,0,N,MELB_URBAN,ROAD,7,9.0
94505,6,1,174,5,1,80.0,0,N,MELB_URBAN,ROAD,6,15.0
94506,4,0,171,5,1,60.0,0,N,MELB_URBAN,ROAD,7,7.0
94507,1,1,113,1,1,100.0,0,I,RURAL_VICTORIA,HIGHWAY,7,9.0
94508,1,1,135,5,1,60.0,0,N,MELB_URBAN,ROAD,7,11.0
94509,1,1,133,2,1,80.0,0,I,MELB_URBAN,ROAD,7,8.0
94510,1,2,147,5,9,80.0,0,N,MELB_URBAN,ROAD,6,17.0
94511,2,1,99,5,1,100.0,0,N,RURAL_VICTORIA,ROAD,7,13.0
94512,1,1,140,5,1,70.0,0,N,MELB_URBAN,HIGHWAY,7,13.0
94513,1,1,113,2,1,50.0,0,I,MELB_URBAN,ROAD,7,13.0
94514,1,1,110,1,1,60.0,0,I,MELB_URBAN,ROAD,7,7.0
94515,4,1,171,5,3,50.0,0,N,MELB_URBAN,BOULEVARD,7,0.0
94516,1,1,113,2,1,60.0,0,I,MELB_URBAN,ROAD,7,13.0
94517,4,1,173,5,1,50.0,0,N,MELB_URBAN,STREET,7,12.0
94518,1,1,110,1,1,100.0,0,I,RURAL_VICTORIA,HIGHWAY,7,13.0
94519,6,1,170,5,1,60.0,0,N,SMALL_TOWNS,ROAD,7,14.0
94520,4,1,171,2,1,70.0,0,I,MELB_URBAN,ROAD,7,15.0
94521,1,1,99,5,3,60.0,0,N,MELB_URBAN,STREET,7,17.0
94522,1,1,133,5,1,70.0,0,N,LARGE_PROVINCIAL_CITIES,HIGHWAY,7,13.0
94523,1,1,110,1,3,50.0,0,I,MELB_URBAN,DRIVE,7,20.0
94524,2,1,102,5,3,60.0,0,N,MELB_URBAN,HIGHWAY,7,22.0
94525,1,1,110,1,3,50.0,0,I,LARGE_PROVINCIAL_CITIES,UNKNOWN,7,20.0
94526,3,2,167,5,5,80.0,0,N,RURAL_VICTORIA,RAMP,7,0.0
94527,4,1,173,5,5,100.0,0,N,RURAL_VICTORIA,HIGHWAY,7,23.0
94528,1,2,121,1,2,80.0,0,I,MELB_URBAN,ROAD,7,6.0
94529,1,1,110,1,1,80.0,0,N,MELB_URBAN,ROAD,7,13.0
94530,1,2,130,5,1,80.0,0,N,MELB_URBAN,ROAD,7,8.0
94531,1,1,99,2,1,50.0,0,I,MELB_URBAN,ROAD,7,13.0
94532,4,2,171,2,1,80.0,0,I,MELB_URBAN,HIGHWAY,7,8.0
94533,1,2,121,2,1,60.0,0,I,MELB_URBAN,ROAD,7,9.0
94534,1,2,130,5,1,60.0,0,N,MELB_URBAN,ROAD,7,11.0
94535,1,2,99,5,1,50.0,0,N,MELB_URBAN,STREET,7,9.0
94536,1,2,99,2,1,60.0,0,I,LARGE_PROVINCIAL_CITIES,STREET,7,12.0
94537,2,2,100,1,1,40.0,0,I,MELBOURNE_CBD,STREET,7,11.0
94538,1,1,99,2,1,100.0,0,I,RURAL_VICTORIA,HIGHWAY,7,14.0
94539,1,1,132,5,1,60.0,0,N,LARGE_PROVINCIAL_CITIES,ROAD,7,8.0
94540,1,1,130,5,1,100.0,0,N,RURAL_VICTORIA,HIGHWAY,7,7.0
94541,1,1,120,5,1,60.0,0,N,SMALL_TOWNS,ROAD,7,12.0
94542,2,2,102,2,1,60.0,0,I,MELB_URBAN,STREET,7,15.0
94543,1,3,99,5,3,40.0,0,N,MELBOURNE_CBD,STREET,7,18.0
94544,1,2,110,1,3,50.0,0,I,MELB_URBAN,ROAD,7,17.0
94545,1,1,140,2,1,50.0,0,N,MELB_URBAN,AVENUE,7,15.0