,accident_type,day_of_week,dca_code,road_geometry,light_condition,speed_zone,severity,node_type,deg_urban_name,road_type,month,hour
94546,1,1,99,2,5,60.0,0,N,MELB_URBAN,ROAD,7,18.0
94547,1,2,121,2,3,60.0,0,I,MELB_URBAN,HIGHWAY,7,19.0
94548,2,2,99,5,3,40.0,0,N,MELB_URBAN,STREET,7,20.0
94549,2,1,99,2,3,50.0,0,I,LARGE_PROVINCIAL_CITIES,AVENUE,7,22.0
94550,1,4,173,5,1,50.0,0,N,MELB_URBAN,STREET,7,12.0
94551,4,2,173,5,5,60.0,1,N,MELB_URBAN,ROAD,7,23.0
94552,6,3,99,5,5,100.0,0,N,RURAL_VICTORIA,ROAD,7,4.0
94553,4,3,173,5,5,100.0,0,N,RURAL_VICTORIA,RAMP,7,2.0
94554,1,2,99,4,1,50.0,0,N,MELB_URBAN,AVENUE,7,13.0
94555,1,3,130,5,1,100.0,0,N,LARGE_PROVINCIAL_CITIES,ROAD,7,7.0
94556,1,1,110,1,1,60.0,0,I,LARGE_PROVINCIAL_CITIES,STREET,7,8.0
94557,1,6,113,1,3,60.0,0,I,MELB_URBAN,ROAD,7,18.0
94558,1,3,113,2,1,60.0,0,I,MELB_URBAN,STREET,7,9.0
94559,2,1,99,5,5,80.0,0,N,MELB_URBAN,OTHER,7,4.0
94560,1,4,130,1,1,60.0,0,I,MELB_URBAN,STREET,7,13.0
94561,1,3,130,5,1,100.0,0,N,MELB_URBAN,FREEWAY,7,15.0
94562,1,3,130,5,1,80.0,0,N,MELB_URBAN,ROAD,7,7.0
94563,1,3,133,5,1,100.0,0,N,MELB_URBAN,FREEWAY,7,8.0
94564,2,1,99,5,9,60.0,0,N,MELB_URBAN,STREET,7,3.0
94565,4,2,171,5,5,100.0,0,N,MELB_URBAN,FREEWAY,7,18.0
94566,4,3,99,5,1,60.0,0,N,SMALL_TOWNS,STREET,7,9.0
94567,1,5,111,2,1,50.0,0,I,SMALL_CITIES,DRIVE,5,13.0
94568,1,3,134,5,1,80.0,0,N,MELB_URBAN,ROAD,7,11.0
94569,1,2,130,5,1,60.0,0,N,LARGE_PROVINCIAL_CITIES,STREET,7,8.0
94570,1,3,116,2,1,50.0,0,I,MELB_URBAN,STREET,7,8.0
94571,6,3,99,5,1,70.0,0,N,MELB_URBAN,ROAD,7,11.0
94572,1,3,134,1,1,60.0,0,I,MELB_URBAN,ROAD,7,10.0
94573,2,2,99,5,1,60.0,0,N,MELB_URBAN,ROAD,7,12.0
94574,1,6,130,1,3,50.0,0,I,LARGE_PROVINCIAL_CITIES,STREET,7,23.0
94575,4,3,171,5,3,60.0,0,N,LARGE_PROVINCIAL_CITIES,STREET,7,6.0
94576,1,3,116,2,1,50.0,0,I,MELB_URBAN,STREET,7,13.0
94577,2,1,99,5,2,40.0,0,N,TOWNS,STREET,6,17.0
94578,1,3,113,2,1,60.0,0,I,MELB_URBAN,ROAD,7,13.0
94579,1,3,121,1,2,80.0,0,I,RURAL_VICTORIA,ROAD,7,6.0
94580,1,2,99,5,3,50.0,0,N,SMALL_CITIES,AVENUE,7,18.0
94581,2,3,100,1,1,40.0,0,I,MELBOURNE_CBD,STREET,7,15.0
94582,1,3,130,5,1,70.0,0,N,MELB_URBAN,ROAD,7,13.0
94583,1,3,130,1,1,80.0,0,I,MELB_URBAN,HIGHWAY,7,14.0
94584,7,3,99,5,1,40.0,0,N,MELB_URBAN,STREET,7,16.0
94585,1,6,160,5,2,80.0,0,N,MELB_URBAN,HIGHWAY,4,19.0
94586,2,3,102,2,3,70.0,0,I,MELB_URBAN,DRIVE,7,19.0
94587,1,3,99,1,2,50.0,0,I,MELB_URBAN,STREET,7,17.0
94588,1,3,130,5,1,60.0,0,N,MELB_URBAN,ROAD,7,15.0
94589,1,1,121,1,3,80.0,0,I,MELB_URBAN,ROAD,7,20.0
94590,1,3,99,5,5,100.0,0,N,RURAL_VICTORIA,ROAD,7,18.0
94591,2,3,100,2,1,50.0,0,I,MELB_URBAN,STREET,7,15.0
94592,1,3,110,1,3,50.0,0,I,SMALL_CITIES,STREET,7,22.0
94593,1,2,130,5,5,100.0,0,N,MELB_URBAN,FREEWAY,7,18.0
94594,2,3,100,1,1,50.0,0,I,MELB_URBAN,ROAD,7,15.0
94595,1,2,116,2,1,50.0,0,I,MELB_URBAN,DRIVE,7,7.0
94596,1,3,121,1,1,60.0,0,I,MELB_URBAN,ROAD,7,13.0
94597,1,2,160,5,1,70.0,0,N,MELB_URBAN,ROAD,7,12.0
94598,1,0,134,5,1,60.0,0,N,MELB_URBAN,ROAD,7,12.0
94599,1,4,111,2,1,50.0,0,I,MELB_URBAN,BOULEVARD,8,9.0
94600,1,3,133,1,1,60.0,0,I,MELB_URBAN,ROAD,8,8.0
94601,1,4,135,5,1,110.0,0,N,RURAL_VICTORIA,FREEWAY,8,8.0
94602,1,6,130,5,1,60.0,0,N,MELB_URBAN,ROAD,6,16.0
94603,1,6,130,1,1,70.0,0,I,MELB_URBAN,ROAD,12,10.0
94604,1,4,130,1,1,40.0,0,I,MELBOURNE_CBD,STREET,8,9.0
94605,1,4,121,2,1,40.0,0,I,MELB_URBAN,ROAD,8,10.0
94606,1,2,99,5,1,60.0,0,N,RURAL_VICTORIA,ROAD,7,14.0
94607,1,4,140,5,1,80.0,0,N,MELB_URBAN,ROAD,8,15.0
94608,3,5,167,5,5,100.0,0,N,RURAL_VICTORIA,HIGHWAY,6,22.0
94609,1,4,147,5,1,60.0,0,N,LARGE_PROVINCIAL_CITIES,STREET,8,14.0
94610,1,3,130,5,2,70.0,0,N,MELB_URBAN,ROAD,8,16.0
94611,1,4,99,5,1,60.0,0,N,MELB_URBAN,ROAD,8,16.0
94612,1,4,135,5,1,100.0,0,N,MELB_URBAN,ROAD,8,13.0
94613,6,4,174,5,1,100.0,0,N,RURAL_VICTORIA,ROAD,8,14.0
94614,2,3,99,5,1,60.0,0,N,SMALL_CITIES,ROAD,8,15.0
94615,4,3,171,2,2,100.0,0,N,RURAL_VICTORIA,ROAD,8,17.0
94616,1,3,130,5,1,80.0,0,N,MELB_URBAN,ROAD,8,16.0
94617,1,3,130,2,2,40.0,0,I,MELB_URBAN,ROAD,7,6.0
94618,1,4,130,2,9,80.0,0,I,LARGE_PROVINCIAL_CITIES,HIGHWAY,8,9.0
94619,4,4,171,2,3,60.0,0,I,MELB_URBAN,ROAD,8,18.0
94620,1,4,110,1,2,60.0,0,I,MELB_URBAN,AVENUE,8,17.0
94621,1,4,110,1,3,50.0,0,I,MELB_URBAN,STREET,8,18.0
94622,1,4,116,2,1,60.0,0,N,MELB_URBAN,STREET,8,14.0
94623,1,4,110,1,1,70.0,1,I,MELB_URBAN,ROAD,8,16.0
94624,1,4,111,2,1,60.0,0,I,MELB_URBAN,ROAD,8,18.0
94625,1,3,160,5,3,50.0,0,N,MELB_URBAN,STREET,8,19.0
94626,1,3,99,5,3,50.0,0,N,MELB_URBAN,STREET,8,18.0
94627,4,3,171,2,1,60.0,0,I,MELB_URBAN,ROAD,8,16.0
94628,1,4,110,1,3,50.0,0,I,SMALL_CITIES,STREET,8,18.0
94629,1,4,140,5,4,60.0,0,N,MELB_URBAN,ROAD,8,6.0
94630,8,4,174,1,3,40.0,0,I,MELB_URBAN,STREET,8,22.0
94631,1,4,130,1,1,60.0,0,I,MELB_URBAN,STREET,8,16.0
94632,3,1,167,5,1,100.0,0,N,SMALL_TOWNS,ROAD,7,17.0
94633,2,5,100,1,2,60.0,0,I,MELB_URBAN,ROAD,8,6.0
94634,1,5,113,2,2,80.0,0,N,MELB_URBAN,ROAD,8,6.0
94635,4,4,181,5,5,80.0,0,N,RURAL_VICTORIA,ROAD,8,17.0
94636,1,5,130,5,2,100.0,0,N,MELB_URBAN,FREEWAY,6,18.0
94637,1,5,160,5,1,110.0,0,N,RURAL_VICTORIA,RAMP,8,7.0
94638,2,4,99,5,3,60.0,0,N,SMALL_TOWNS,STREET,7,1.0
94639,1,5,121,1,1,50.0,0,I,MELB_URBAN,ROAD,8,8.0
94640,1,5,130,5,1,110.0,0,N,SMALL_CITIES,FREEWAY,8,8.0
94641,1,4,130,5,5,100.0,0,N,RURAL_VICTORIA,ROAD,8,19.0
94642,1,5,110,1,2,100.0,0,I,RURAL_VICTORIA,ROAD,8,7.0
94643,1,4,130,5,3,50.0,0,N,MELB_URBAN,STREET,8,18.0
94644,4,5,181,5,1,80.0,0,N,RURAL_VICTORIA,ROAD,8,9.0
94645,1,2,163,2,1,60.0,0,N,MELB_URBAN,ROAD,7,8.0
94646,1,3,99,1,1,60.0,0,I,TOWNS,ROAD,8,15.0
94647,1,5,130,2,1,60.0,0,N,SMALL_CITIES,AVENUE,8,11.0
94648,1,5,121,2,1,60.0,0,N,MELB_URBAN,ROAD,8,9.0
94649,1,5,163,1,1,40.0,0,I,MELB_URBAN,STREET,8,11.0
94650,2,3,100,1,1,60.0,0,I,MELB_URBAN,ROAD,7,14.0
94651,3,6,167,5,9,100.0,0,N,RURAL_VICTORIA,HIGHWAY,6,18.0
94652,1,5,134,5,1,100.0,0,N,MELB_URBAN,ROAD,8,8.0
94653,1,5,130,2,1,70.0,0,I,MELB_URBAN,ROAD,8,9.0
94654,1,5,121,5,1,80.0,0,N,MELB_URBAN,ROAD,8,12.0
94655,2,5,102,2,1,40.0,0,N,MELB_URBAN,DRIVE,8,8.0
94656,1,5,99,1,1,60.0,0,I,MELB_URBAN,STREET,8,8.0
94657,3,4,167,2,1,60.0,0,I,RURAL_VICTORIA,ROAD,7,15.0
94658,1,3,121,5,3,80.0,0,N,MELB_URBAN,ROAD,8,18.0
94659,1,5,121,2,1,80.0,0,I,MELB_URBAN,HIGHWAY,8,14.0
94660,1,5,130,2,1,60.0,0,I,MELB_URBAN,ROAD,8,12.0
94661,1,2,133,9,3,80.0,0,N,MELB_URBAN,ROAD,7,22.0
94662,1,2,130,5,3,60.0,0,N,MELB_URBAN,RAMP,7,5.0
94663,1,5,110,1,1,50.0,0,I,MELB_URBAN,STREET,8,14.0
94664,4,4,171,5,1,50.0,0,N,MELB_URBAN,ROAD,8,14.0
94665,2,4,99,5,1,60.0,0,N,MELB_URBAN,STREET,8,12.0
94666,1,5,121,1,1,60.0,0,I,MELB_URBAN,STREET,8,16.0
94667,1,5,130,5,1,100.0,0,N,MELB_URBAN,FREEWAY,8,15.0
94668,1,5,130,5,1,80.0,0,N,MELB_URBAN,HIGHWAY,8,16.0
94669,1,5,110,1,3,50.0,0,I,MELB_URBAN,ROAD,8,17.0
94670,1,4,130,1,1,80.0,0,I,MELB_URBAN,ROAD,8,13.0
94671,4,5,173,1,1,80.0,0,I,LARGE_PROVINCIAL_CITIES,HIGHWAY,8,15.0
94672,1,5,110,1,3,60.0,0,I,MELB_URBAN,ROAD,8,17.0
94673,1,4,130,2,3,60.0,0,I,MELB_URBAN,STREET,8,6.0
94674,1,5,130,2,3,60.0,0,N,MELB_URBAN,STREET,8,17.0
94675,1,5,116,2,1,70.0,0,N,MELB_URBAN,STREET,8,15.0
94676,1,5,133,2,1,50.0,0,N,MELB_URBAN,STREET,8,17.0
94677,1,3,130,2,1,60.0,0,I,MELB_URBAN,ROAD,7,13.0
94678,2,5,100,5,5,60.0,0,N,MELB_URBAN,ROAD,8,18.0
94679,4,5,173,5,9,100.0,0,N,RURAL_VICTORIA,ROAD,8,21.0
94680,1,5,130,5,1,80.0,0,N,MELB_URBAN,ROAD,8,15.0
94681,5,3,99,5,1,60.0,0,N,RURAL_VICTORIA,OTHER,8,15.0
94682,1,5,110,1,3,50.0,0,I,TOWNS,STREET,8,18.0
94683,1,6,111,2,1,50.0,0,I,MELB_URBAN,AVENUE,8,8.0
94684,1,6,130,1,1,60.0,0,I,LARGE_PROVINCIAL_CITIES,ROAD,8,8.0
94685,1,6,99,2,1,50.0,0,I,MELB_URBAN,ROAD,8,8.0
94686,1,6,130,1,1,60.0,0,I,SMALL_CITIES,ROAD,8,10.0
94687,1,3,110,1,1,50.0,0,I,SMALL_CITIES,STREET,7,10.0
94688,4,6,181,5,1,60.0,0,N,RURAL_VICTORIA,ROAD,8,8.0
94689,2,3,102,2,3,50.0,0,I,MELB_URBAN,STREET,7,18.0
94690,1,5,116,2,1,80.0,0,I,MELB_URBAN,ROAD,7,8.0
94691,1,6,99,2,1,70.0,0,N,MELB_URBAN,ROAD,8,9.0
94692,1,6,135,2,1,50.0,0,I,MELB_URBAN,ROAD,8,11.0
94693,1,3,130,5,3,80.0,0,N,MELB_URBAN,ROAD,7,6.0
94694,1,2,121,1,3,80.0,0,I,MELB_URBAN,HIGHWAY,7,21.0
94695,1,6,130,5,1,40.0,0,N,RURAL_VICTORIA,HIGHWAY,8,14.0
94696,4,6,171,5,1,40.0,0,N,MELB_URBAN,ROAD,8,14.0
94697,1,6,99,5,1,60.0,0,N,MELB_URBAN,AVENUE,8,15.0
94698,2,6,99,1,1,50.0,0,I,SMALL_CITIES,HIGHWAY,8,16.0
94699,4,6,171,2,2,60.0,0,I,MELB_URBAN,ROAD,8,16.0
94700,1,6,140,2,1,70.0,0,I,MELB_URBAN,ROAD,8,10.0
94701,1,6,121,1,1,80.0,0,I,SMALL_TOWNS,ROAD,8,17.0
94702,2,6,102,1,3,70.0,0,I,MELB_URBAN,HIGHWAY,8,17.0
94703,1,5,110,1,3,50.0,0,I,MELB_URBAN,STREET,8,18.0
94704,1,6,99,5,1,60.0,0,N,MELB_URBAN,ROAD,8,16.0
94705,1,5,121,1,2,60.0,0,I,MELB_URBAN,ROAD,8,16.0
94706,1,6,111,2,3,60.0,0,I,MELB_URBAN,STREET,8,18.0
94707,6,6,174,2,3,60.0,0,I,MELB_URBAN,ROAD,8,20.0
94708,8,7,174,2,1,80.0,0,I,MELB_URBAN,ROAD,3,10.0
94709,1,6,121,2,3,60.0,0,I,MELB_URBAN,ROAD,8,19.0
94710,1,6,130,5,3,60.0,0,N,MELB_URBAN,ROAD,8,19.0
94711,1,6,99,5,1,50.0,0,N,MELB_URBAN,STREET,8,16.0
94712,1,6,130,5,3,100.0,1,N,RURAL_VICTORIA,FREEWAY,8,5.0
94713,1,7,99,2,1,60.0,0,I,MELB_URBAN,ROAD,8,9.0
94714,2,7,99,1,1,60.0,0,I,MELB_URBAN,STREET,8,9.0
94715,1,7,147,5,1,60.0,0,N,MELB_URBAN,ROAD,8,9.0
94716,5,6,99,5,5,100.0,0,N,RURAL_VICTORIA,ROAD,7,0.0
94717,1,6,99,5,1,60.0,0,N,MELB_URBAN,ROAD,8,10.0
94718,1,7,99,2,3,50.0,0,I,MELB_URBAN,ROAD,7,19.0
94719,4,7,173,5,5,80.0,1,N,RURAL_VICTORIA,ROAD,8,0.0
94720,1,4,130,2,9,60.0,0,I,MELB_URBAN,ROAD,8,6.0
94721,2,7,100,2,1,50.0,0,I,MELB_URBAN,ROAD,8,10.0
94722,1,1,130,1,1,60.0,0,N,MELB_URBAN,ROAD,7,13.0
94723,1,7,130,5,1,70.0,0,N,LARGE_PROVINCIAL_CITIES,OTHER,8,11.0
94724,1,6,130,5,1,70.0,0,N,MELB_URBAN,HIGHWAY,8,13.0
94725,1,6,113,2,3,60.0,0,I,MELB_URBAN,ROAD,8,19.0
94726,1,7,121,1,1,50.0,0,I,MELB_URBAN,OTHER,8,14.0
94727,4,7,181,5,1,100.0,0,N,RURAL_VICTORIA,ROAD,8,16.0
94728,1,6,130,5,3,80.0,0,N,MELB_URBAN,FREEWAY,8,18.0
94729,4,7,171,5,2,80.0,0,N,SMALL_CITIES,HIGHWAY,8,18.0
94730,1,7,134,5,3,60.0,0,N,MELB_URBAN,PARADE,8,19.0
94731,1,6,130,4,1,60.0,0,I,MELB_URBAN,ROAD,8,10.0
94732,1,6,120,5,5,80.0,0,N,RURAL_VICTORIA,ROAD,8,18.0
94733,1,7,111,2,3,70.0,1,I,MELB_URBAN,ROAD,8,19.0
94734,1,6,121,1,3,60.0,0,I,MELB_URBAN,ROAD,8,22.0
94735,4,7,173,2,3,40.0,0,I,MELB_URBAN,DRIVE,8,20.0
94736,1,7,121,2,3,60.0,0,I,MELB_URBAN,STREET,8,23.0
94737,4,1,171,5,3,60.0,0,N,MELB_URBAN,ROAD,8,2.0
94738,1,1,116,1,1,60.0,0,I,MELB_URBAN,ROAD,8,9.0
94739,2,1,102,5,1,60.0,0,N,MELB_URBAN,ROAD,8,11.0
94740,2,1,100,2,1,60.0,0,I,MELB_URBAN,FREEWAY,8,12.0
94741,4,1,183,5,1,60.0,0,N,RURAL_VICTORIA,BOULEVARD,8,7.0
94742,1,1,110,1,1,80.0,0,I,RURAL_VICTORIA,STREET,8,13.0
94743,1,1,130,5,1,60.0,0,N,MELB_URBAN,RAMP,8,13.0
94744,1,1,121,2,1,50.0,0,I,MELB_URBAN,OTHER,8,12.0
94745,8,1,174,1,1,60.0,0,I,MELB_URBAN,ROAD,8,16.0
94746,1,1,130,2,1,60.0,0,I,MELB_URBAN,ROAD,8,14.0
94747,1,0,130,5,2,70.0,0,N,LARGE_PROVINCIAL_CITIES,HIGHWAY,8,17.0
94748,1,1,121,5,1,60.0,0,N,MELB_URBAN,ROAD,8,14.0
94749,2,1,99,5,1,50.0,0,N,SMALL_CITIES,OTHER,8,17.0
94750,1,1,132,2,1,60.0,0,I,LARGE_PROVINCIAL_CITIES,STREET,8,15.0
94751,1,5,130,5,1,100.0,0,N,MELB_URBAN,ROAD,8,15.0
94752,1,1,110,1,1,60.0,0,I,MELB_URBAN,ROAD,8,16.0
94753,1,1,140,5,2,60.0,0,N,MELB_URBAN,ROAD,8,18.0
94754,4,1,181,5,5,60.0,0,N,LARGE_PROVINCIAL_CITIES,ROAD,8,18.0
94755,1,1,120,5,3,60.0,0,N,MELB_URBAN,ROAD,8,3.0
94756,4,1,171,5,3,60.0,0,N,MELB_URBAN,ROAD,8,23.0
94757,1,2,121,1,3,60.0,0,I,MELB_URBAN,ROAD,8,0.0
94758,1,2,121,1,1,70.0,0,I,MELB_URBAN,ROAD,8,7.0
94759,2,1,100,5,1,50.0,0,N,MELB_URBAN,ROAD,8,8.0
94760,1,2,130,5,1,60.0,0,N,MELB_URBAN,ROAD,8,7.0
94761,1,7,130,1,3,60.0,0,I,MELB_URBAN,ROAD,8,23.0
94762,1,2,130,2,1,50.0,0,I,TOWNS,STREET,8,9.0
94763,1,2,121,1,1,80.0,0,I,SMALL_CITIES,DRIVE,8,8.0
94764,1,2,132,2,1,60.0,0,I,MELB_URBAN,ROAD,8,6.0
94765,1,2,130,2,1,80.0,0,I,MELB_URBAN,ROAD,8,10.0
94766,4,2,171,5,1,110.0,0,N,RURAL_VICTORIA,FREEWAY,8,9.0
94767,1,1,130,5,1,60.0,0,N,MELB_URBAN,STREET,8,9.0
94768,8,2,99,2,1,50.0,0,I,MELB_URBAN,AVENUE,8,7.0
94769,1,1,130,1,1,80.0,0,I,MELB_URBAN,ROAD,8,12.0
94770,6,0,174,5,1,100.0,0,N,RURAL_VICTORIA,ROAD,8,11.0
94771,4,2,99,5,1,60.0,0,N,MELB_URBAN,STREET,8,9.0
94772,1,2,113,2,1,60.0,0,I,MELB_URBAN,AVENUE,7,13.0
94773,2,2,100,2,1,70.0,0,I,LARGE_PROVINCIAL_CITIES,OTHER,8,13.0
94774,1,2,99,5,1,60.0,0,N,RURAL_VICTORIA,ROAD,8,15.0
94775,1,1,130,2,1,60.0,0,I,MELB_URBAN,ROAD,8,15.0
94776,1,1,163,5,1,50.0,0,I,MELB_URBAN,STREET,8,15.0
94777,2,2,100,2,3,60.0,0,I,MELB_URBAN,ROAD,8,17.0
94778,1,2,121,1,1,60.0,0,I,MELB_URBAN,ROAD,8,16.0
94779,1,2,121,2,3,50.0,0,I,SMALL_CITIES,DRIVE,8,18.0
94780,1,2,116,1,3,60.0,0,I,LARGE_PROVINCIAL_CITIES,ROAD,8,20.0
94781,1,2,130,1,1,60.0,0,I,MELB_URBAN,ROAD,7,12.0
94782,1,2,121,5,3,60.0,0,N,MELB_URBAN,ROAD,8,19.0
94783,1,2,110,1,1,100.0,0,I,RURAL_VICTORIA,ROAD,8,15.0
94784,1,2,120,2,1,60.0,0,I,MELB_URBAN,DRIVE,8,16.0
94785,1,1,130,2,1,60.0,0,N,LARGE_PROVINCIAL_CITIES,STREET,8,15.0
94786,1,3,163,2,1,60.0,0,N,MELB_URBAN,STREET,7,10.0
94787,4,2,171,5,3,60.0,0,N,MELB_URBAN,ROAD,8,22.0
94788,4,3,173,5,1,80.0,0,N,RURAL_VICTORIA,OTHER,8,7.0
94789,2,3,100,1,1,60.0,0,I,MELB_URBAN,BOULEVARD,8,8.0
94790,3,3,167,5,2,110.0,0,N,RURAL_VICTORIA,HIGHWAY,8,6.0
94791,8,7,184,5,1,60.0,0,N,RURAL_VICTORIA,OTHER,7,11.0
94792,1,3,110,1,1,60.0,0,I,RURAL_VICTORIA,STREET,8,8.0
94793,6,7,99,5,5,50.0,0,N,RURAL_VICTORIA,STREET,5,21.0
94794,1,2,99,2,1,60.0,0,I,MELB_URBAN,DRIVE,8,13.0
94795,1,3,130,2,1,50.0,0,I,MELB_URBAN,OTHER,8,7.0
94796,1,3,130,1,1,40.0,0,N,MELB_URBAN,STREET,8,9.0
94797,4,2,173,5,1,40.0,0,N,MELB_URBAN,ROAD,8,9.0
94798,1,3,99,5,1,60.0,0,N,MELB_URBAN,ROAD,8,8.0
94799,1,6,135,1,1,50.0,0,I,MELB_URBAN,ROAD,7,18.0
94800,1,3,133,1,1,50.0,0,I,MELB_URBAN,ROAD,8,12.0
94801,1,3,99,5,2,60.0,1,N,SMALL_CITIES,STREET,8,6.0
94802,1,1,133,5,1,60.0,0,N,RURAL_VICTORIA,ROAD,7,14.0
94803,4,3,99,5,1,50.0,0,N,MELB_URBAN,ROAD,8,11.0
94804,4,3,99,2,1,100.0,0,I,RURAL_VICTORIA,ROAD,8,10.0
94805,4,1,181,5,1,80.0,0,N,RURAL_VICTORIA,HIGHWAY,8,16.0
94806,1,3,121,2,1,60.0,0,I,MELB_URBAN,ROAD,8,9.0
94807,6,3,170,2,1,60.0,0,I,MELB_URBAN,ROAD,8,10.0
94808,1,3,110,1,1,60.0,0,I,MELB_URBAN,STREET,8,10.0
94809,4,3,183,5,1,100.0,0,N,RURAL_VICTORIA,ROAD,8,13.0
94810,1,3,111,2,1,60.0,0,I,MELB_URBAN,ROAD,8,8.0
94811,1,6,99,2,3,50.0,0,I,MELB_URBAN,STREET,8,17.0
94812,2,3,99,1,1,40.0,0,I,MELB_URBAN,STREET,8,9.0
94813,4,3,183,5,1,50.0,0,N,MELB_URBAN,OTHER,8,13.0
94814,4,3,99,2,1,50.0,0,I,MELB_URBAN,ROAD,8,15.0
94815,4,2,183,5,5,60.0,0,N,RURAL_VICTORIA,ROAD,8,22.0
94816,1,7,99,1,1,80.0,0,I,MELB_URBAN,HIGHWAY,8,9.0
94817,1,3,110,1,1,70.0,0,I,MELB_URBAN,ROAD,8,15.0
94818,1,3,121,2,1,80.0,0,I,RURAL_VICTORIA,ROAD,8,14.0
94819,1,4,121,5,3,60.0,0,N,MELB_URBAN,ROAD,8,21.0
94820,1,3,121,2,3,60.0,0,I,SMALL_CITIES,ROAD,8,17.0
94821,1,2,120,5,5,80.0,0,N,RURAL_VICTORIA,HIGHWAY,8,17.0
94822,2,2,102,5,3,70.0,0,N,MELB_URBAN,ROAD,8,18.0
94823,6,3,99,5,3,60.0,0,N,MELB_URBAN,STREET,8,21.0
94824,1,3,121,4,3,70.0,0,I,MELB_URBAN,ROAD,8,19.0
94825,2,4,102,5,3,70.0,0,I,MELB_URBAN,STREET,8,0.0
94826,1,2,110,1,1,80.0,0,I,MELB_URBAN,ROAD,7,14.0
94827,2,4,100,2,6,50.0,0,I,MELB_URBAN,STREET,8,5.0
94828,1,3,121,2,1,60.0,0,I,MELB_URBAN,ROAD,8,7.0
94829,2,4,100,1,1,40.0,0,I,MELB_URBAN,STREET,8,8.0
94830,1,4,110,1,1,60.0,0,I,MELB_URBAN,STREET,8,9.0
94831,1,4,121,1,1,50.0,0,I,MELB_URBAN,ROAD,8,6.0
94832,1,4,130,5,1,80.0,0,N,MELB_URBAN,STREET,8,7.0
94833,4,3,173,5,1,60.0,0,N,MELB_URBAN,ROAD,8,14.0
94834,2,4,100,5,3,40.0,0,N,MELB_URBAN,ROAD,8,6.0
94835,1,3,111,2,9,60.0,0,UNKNOWN,UNKNOWN,UNKNOWN,6,9.0
94836,1,3,120,2,1,60.0,0,I,MELB_URBAN,ROAD,8,7.0
94837,1,4,130,5,2,100.0,0,N,MELB_URBAN,FREEWAY,8,7.0
94838,4,4,181,5,5,100.0,0,N,RURAL_VICTORIA,ROAD,8,6.0
94839,1,4,130,5,1,60.0,0,N,MELB_URBAN,STREET,8,11.0
94840,1,2,130,2,1,60.0,0,I,MELB_URBAN,ROAD,8,12.0
94841,1,4,132,2,1,60.0,0,I,LARGE_PROVINCIAL_CITIES,ROAD,8,10.0
94842,1,4,134,5,1,40.0,0,N,SMALL_CITIES,STREET,8,12.0
94843,1,3,121,5,1,40.0,0,N,MELB_URBAN,ROAD,8,15.0
94844,2,4,100,2,1,60.0,0,I,MELB_URBAN,OTHER,8,13.0
94845,1,5,110,1,2,60.0,0,I,MELB_URBAN,STREET,7,7.0
94846,1,2,135,1,1,60.0,0,I,MELB_URBAN,STREET,8,17.0
94847,1,3,113,2,1,60.0,0,I,MELB_URBAN,ROAD,8,12.0
94848,1,4,113,4,1,100.0,0,I,RURAL_VICTORIA,FREEWAY,8,14.0
94849,1,4,130,1,1,80.0,0,I,MELB_URBAN,HIGHWAY,8,14.0
94850,1,4,160,5,1,50.0,0,N,MELB_URBAN,OTHER,8,15.0
94851,1,4,99,5,1,60.0,0,N,MELB_URBAN,DRIVE,8,16.0
94852,1,4,110,4,1,100.0,0,I,RURAL_VICTORIA,ROAD,8,17.0
94853,2,4,100,5,3,40.0,0,N,MELB_URBAN,UNKNOWN,8,18.0
94854,1,4,111,2,3,60.0,0,I,MELB_URBAN,ROAD,8,17.0
94855,1,4,130,2,1,50.0,0,I,MELB_URBAN,STREET,8,18.0
94856,4,3,181,5,2,100.0,0,N,RURAL_VICTORIA,ROAD,8,18.0
94857,1,4,140,2,3,40.0,0,I,MELB_URBAN,STREET,8,20.0
94858,4,4,181,2,3,50.0,0,I,MELB_URBAN,ROAD,8,18.0
94859,6,4,99,5,5,80.0,0,N,RURAL_VICTORIA,ROAD,8,20.0
94860,1,4,120,5,3,60.0,0,N,MELB_URBAN,ROAD,8,23.0
94861,1,4,111,2,3,60.0,0,I,MELB_URBAN,ROAD,8,22.0
94862,4,5,173,2,3,60.0,0,I,SMALL_CITIES,DRIVE,8,0.0
94863,1,5,160,5,3,60.0,0,N,MELB_URBAN,ROAD,8,4.0
94864,1,5,130,5,3,60.0,0,N,MELB_URBAN,STREET,8,6.0
94865,2,4,102,5,3,60.0,0,N,MELB_URBAN,STREET,2,19.0
94866,1,4,111,1,1,60.0,0,I,TOWNS,STREET,8,9.0
94867,2,4,102,1,5,50.0,0,I,MELB_URBAN,STREET,8,18.0
94868,1,5,99,2,1,70.0,0,N,MELB_URBAN,ROAD,8,9.0
94869,1,4,130,5,1,80.0,0,N,MELB_URBAN,FREEWAY,8,9.0
94870,1,5,147,5,1,50.0,0,N,MELB_URBAN,ROAD,8,10.0
94871,1,5,163,5,1,40.0,0,N,MELB_URBAN,ROAD,7,7.0
94872,1,5,130,5,1,80.0,0,N,RURAL_VICTORIA,ROAD,8,11.0
94873,4,5,181,5,1,80.0,0,N,SMALL_TOWNS,ROAD,8,11.0
94874,2,2,100,5,3,50.0,0,N,MELB_URBAN,AVENUE,8,17.0
94875,1,5,135,5,1,60.0,0,I,SMALL_CITIES,ROAD,8,11.0
94876,1,5,121,1,1,60.0,0,I,MELB_URBAN,ROAD,8,11.0
94877,2,5,102,5,1,80.0,0,N,MELB_URBAN,HIGHWAY,8,12.0
94878,1,3,130,5,1,60.0,0,N,MELB_URBAN,OTHER,6,12.0
94879,1,4,133,5,3,100.0,0,N,MELB_URBAN,FREEWAY,8,6.0
94880,8,5,174,5,1,50.0,0,N,SMALL_CITIES,DRIVE,8,12.0