,accident_type,day_of_week,dca_code,road_geometry,light_condition,speed_zone,severity,node_type,deg_urban_name,road_type,month,hour
94881,1,5,121,2,1,40.0,0,I,MELB_URBAN,STREET,8,11.0
94882,1,5,113,1,1,40.0,0,I,MELB_URBAN,ROAD,8,7.0
94883,1,4,121,1,1,60.0,0,I,TOWNS,STREET,8,13.0
94884,4,5,99,5,1,50.0,0,N,MELB_URBAN,OTHER,8,12.0
94885,1,5,99,1,1,80.0,0,N,MELB_URBAN,ROAD,8,13.0
94886,1,5,113,2,1,60.0,0,I,MELB_URBAN,ROAD,8,14.0
94887,2,5,100,2,1,50.0,0,I,TOWNS,HIGHWAY,8,17.0
94888,1,5,130,2,3,60.0,0,I,MELB_URBAN,ROAD,8,17.0
94889,1,5,120,5,1,60.0,0,N,RURAL_VICTORIA,ROAD,8,17.0
94890,4,5,181,5,5,80.0,0,N,RURAL_VICTORIA,ROAD,8,18.0
94891,1,5,130,5,3,100.0,0,I,MELB_URBAN,ROAD,8,18.0
94892,1,4,160,5,3,60.0,0,N,MELB_URBAN,PARADE,8,18.0
94893,1,4,120,5,1,50.0,0,N,MELB_URBAN,AVENUE,8,14.0
94894,2,5,102,3,1,50.0,0,I,MELB_URBAN,STREET,8,17.0
94895,2,5,102,1,3,50.0,0,I,MELB_URBAN,AVENUE,8,19.0
94896,1,5,130,5,3,60.0,0,N,MELB_URBAN,ROAD,8,18.0
94897,1,5,130,1,3,60.0,0,I,MELB_URBAN,STREET,8,17.0
94898,1,5,160,2,3,60.0,0,I,MELB_URBAN,AVENUE,8,18.0
94899,1,5,111,2,3,40.0,0,I,MELB_URBAN,STREET,8,19.0
94900,1,5,121,2,3,60.0,0,I,MELB_URBAN,STREET,8,18.0
94901,2,5,100,5,5,60.0,0,N,MELB_URBAN,ROAD,8,18.0
94902,1,4,135,2,2,40.0,0,N,MELB_URBAN,STREET,8,6.0
94903,1,5,121,1,1,60.0,0,I,MELB_URBAN,STREET,8,16.0
94904,1,3,121,5,2,80.0,0,N,MELB_URBAN,HIGHWAY,8,7.0
94905,1,5,121,1,3,60.0,0,N,MELB_URBAN,RAMP,8,21.0
94906,2,5,100,1,3,50.0,0,I,MELB_URBAN,STREET,8,18.0
94907,3,4,167,5,5,100.0,0,N,RURAL_VICTORIA,ROAD,8,22.0
94908,4,5,181,5,5,60.0,0,N,RURAL_VICTORIA,ROAD,8,2.0
94909,1,5,111,2,1,60.0,0,I,MELB_URBAN,ROAD,8,14.0
94910,1,5,99,5,3,100.0,0,N,MELB_URBAN,FREEWAY,8,4.0
94911,4,5,173,5,5,100.0,0,N,RURAL_VICTORIA,HIGHWAY,8,18.0
94912,1,3,133,5,3,80.0,0,N,MELB_URBAN,HIGHWAY,8,17.0
94913,1,6,130,5,1,60.0,0,N,MELB_URBAN,ROAD,8,7.0
94914,1,5,130,1,1,70.0,0,I,MELB_URBAN,STREET,8,17.0
94915,1,6,99,5,1,60.0,0,N,MELB_URBAN,ROAD,8,9.0
94916,1,6,113,2,1,60.0,0,I,TOWNS,STREET,8,11.0
94917,1,6,121,5,1,60.0,0,N,MELB_URBAN,ROAD,8,9.0
94918,1,4,99,5,2,50.0,0,N,MELB_URBAN,HIGHWAY,8,18.0
94919,4,5,171,5,1,50.0,0,N,MELB_URBAN,STREET,8,9.0
94920,2,6,102,1,1,60.0,0,I,MELB_URBAN,ROAD,8,12.0
94921,1,5,116,1,1,60.0,0,I,MELB_URBAN,PARADE,8,14.0
94922,1,6,99,5,1,60.0,0,N,LARGE_PROVINCIAL_CITIES,ROAD,8,15.0
94923,1,6,130,5,1,70.0,0,N,MELB_URBAN,ROAD,8,12.0
94924,4,5,171,5,1,60.0,0,N,MELB_URBAN,RAMP,8,14.0
94925,1,6,113,2,1,60.0,0,I,MELB_URBAN,ROAD,8,15.0
94926,1,6,110,1,1,50.0,0,I,TOWNS,STREET,8,15.0
94927,1,5,130,2,9,60.0,0,I,MELB_URBAN,ROAD,6,8.0
94928,1,5,130,2,1,50.0,0,I,SMALL_CITIES,AVENUE,8,14.0
94929,1,6,121,1,1,80.0,0,I,MELB_URBAN,ROAD,8,18.0
94930,1,6,135,5,2,80.0,0,N,MELB_URBAN,UNKNOWN,8,6.0
94931,4,6,171,5,1,60.0,0,N,TOWNS,ROAD,8,15.0
94932,2,6,102,2,1,50.0,0,I,MELB_URBAN,HIGHWAY,8,15.0
94933,1,5,113,2,1,80.0,0,I,MELB_URBAN,ROAD,8,15.0
94934,1,6,130,5,1,100.0,0,N,MELB_URBAN,ROAD,8,16.0
94935,1,6,121,1,1,50.0,0,I,LARGE_PROVINCIAL_CITIES,OTHER,8,17.0
94936,1,6,130,5,1,50.0,0,N,MELB_URBAN,UNKNOWN,8,15.0
94937,1,3,110,1,1,50.0,0,I,MELB_URBAN,STREET,7,9.0
94938,1,6,110,1,6,80.0,0,I,RURAL_VICTORIA,ROAD,8,18.0
94939,1,6,121,1,1,60.0,0,N,MELB_URBAN,ROAD,8,16.0
94940,1,6,110,1,3,50.0,0,I,MELB_URBAN,STREET,8,20.0
94941,2,5,100,5,3,40.0,0,N,LARGE_PROVINCIAL_CITIES,STREET,8,21.0
94942,2,5,99,5,1,60.0,0,N,RURAL_VICTORIA,ROAD,8,8.0
94943,2,6,102,1,3,60.0,0,I,MELB_URBAN,ROAD,8,20.0
94944,2,6,100,5,9,100.0,0,N,MELB_URBAN,FREEWAY,8,11.0
94945,5,6,183,5,5,50.0,0,N,RURAL_VICTORIA,ROAD,8,2.0
94946,4,7,99,5,3,70.0,0,N,MELB_URBAN,ROAD,8,4.0
94947,1,7,132,2,1,70.0,0,I,MELB_URBAN,HIGHWAY,8,7.0
94948,5,7,99,5,1,60.0,0,I,TOWNS,ROAD,8,9.0
94949,1,6,147,5,1,60.0,0,N,LARGE_PROVINCIAL_CITIES,ROAD,7,15.0
94950,1,3,130,5,1,80.0,0,N,MELB_URBAN,ROAD,8,16.0
94951,1,6,130,2,1,60.0,0,N,MELB_URBAN,ROAD,8,11.0
94952,1,7,130,1,1,80.0,0,I,MELB_URBAN,OTHER,8,11.0
94953,1,7,99,1,1,60.0,0,I,MELB_URBAN,ROAD,8,9.0
94954,1,7,130,5,1,80.0,0,N,MELB_URBAN,HIGHWAY,8,8.0
94955,1,7,130,1,1,80.0,0,I,MELB_URBAN,HIGHWAY,8,14.0
94956,2,5,99,2,3,40.0,0,I,MELB_URBAN,ROAD,8,19.0
94957,1,7,130,5,1,80.0,0,N,MELB_URBAN,ROAD,8,12.0
94958,1,7,120,5,1,100.0,0,N,RURAL_VICTORIA,HIGHWAY,8,13.0
94959,3,6,167,5,5,100.0,0,N,RURAL_VICTORIA,ROAD,8,19.0
94960,1,7,113,2,1,70.0,0,I,MELB_URBAN,ROAD,8,12.0
94961,1,7,160,5,1,50.0,0,N,MELB_URBAN,HIGHWAY,8,14.0
94962,1,7,99,2,1,60.0,0,I,TOWNS,HIGHWAY,8,13.0
94963,4,6,173,5,1,60.0,0,N,MELB_URBAN,ROAD,8,12.0
94964,4,6,181,5,1,50.0,0,N,MELB_URBAN,DRIVE,8,15.0
94965,4,7,171,5,1,110.0,0,N,RURAL_VICTORIA,HIGHWAY,8,7.0
94966,2,7,102,5,1,40.0,0,N,MELB_URBAN,STREET,8,16.0
94967,1,7,130,5,9,60.0,0,N,MELB_URBAN,ROAD,8,17.0
94968,1,7,121,2,3,60.0,0,I,MELB_URBAN,ROAD,8,18.0
94969,3,7,167,2,5,100.0,0,I,RURAL_VICTORIA,ROAD,8,18.0
94970,2,7,100,5,3,50.0,0,N,MELB_URBAN,ROAD,8,19.0
94971,2,6,100,1,1,50.0,0,I,SMALL_CITIES,STREET,8,14.0
94972,1,7,110,1,1,100.0,1,I,RURAL_VICTORIA,AVENUE,8,13.0
94973,4,7,183,5,5,110.0,0,N,RURAL_VICTORIA,FREEWAY,8,20.0
94974,1,7,130,5,1,80.0,0,N,MELB_URBAN,ROAD,8,17.0
94975,1,7,171,5,3,50.0,0,N,LARGE_PROVINCIAL_CITIES,STREET,8,20.0
94976,6,7,170,5,1,110.0,0,N,RURAL_VICTORIA,FREEWAY,8,15.0
94977,1,7,111,2,3,80.0,0,I,MELB_URBAN,ROAD,8,5.0
94978,1,7,110,1,3,80.0,0,I,RURAL_VICTORIA,AVENUE,8,19.0
94979,2,7,100,2,3,60.0,0,I,MELB_URBAN,STREET,8,23.0
94980,1,1,99,2,4,80.0,0,I,MELB_URBAN,HIGHWAY,8,0.0
94981,4,0,181,5,5,100.0,0,N,RURAL_VICTORIA,ROAD,8,0.0
94982,1,7,99,5,3,50.0,0,N,MELB_URBAN,STREET,8,22.0
94983,2,7,100,2,3,50.0,0,I,MELB_URBAN,STREET,8,22.0
94984,8,1,99,2,3,70.0,0,N,MELB_URBAN,ROAD,8,1.0
94985,1,7,110,1,3,50.0,0,I,TOWNS,STREET,8,23.0
94986,2,1,99,2,9,60.0,0,N,MELB_URBAN,BOULEVARD,8,1.0
94987,1,7,121,2,3,60.0,0,I,MELB_URBAN,STREET,8,23.0
94988,4,6,173,2,5,100.0,0,I,RURAL_VICTORIA,HIGHWAY,8,4.0
94989,1,1,160,5,5,100.0,0,N,MELB_URBAN,FREEWAY,8,5.0
94990,4,1,171,5,5,80.0,0,N,RURAL_VICTORIA,ROAD,8,4.0
94991,1,1,130,5,3,100.0,0,N,MELB_URBAN,ROAD,8,5.0
94992,1,1,130,5,1,60.0,0,N,MELB_URBAN,STREET,8,10.0
94993,1,0,99,1,1,60.0,0,N,MELB_URBAN,ROAD,8,10.0
94994,1,1,116,2,1,60.0,0,I,MELB_URBAN,HIGHWAY,8,11.0
94995,4,1,171,5,1,110.0,0,N,RURAL_VICTORIA,FREEWAY,8,11.0
94996,1,1,121,1,1,50.0,0,I,MELB_URBAN,ROAD,8,9.0
94997,1,1,110,1,1,50.0,0,I,SMALL_CITIES,STREET,8,10.0
94998,6,1,99,5,1,80.0,0,N,RURAL_VICTORIA,OTHER,8,11.0
94999,4,1,173,5,1,80.0,0,N,RURAL_VICTORIA,ROAD,8,11.0
95000,4,1,183,2,1,100.0,0,I,RURAL_VICTORIA,ROAD,8,11.0
95001,7,1,99,2,1,60.0,0,I,SMALL_CITIES,STREET,8,13.0
95002,1,1,130,2,1,40.0,1,I,MELB_URBAN,STREET,8,9.0
95003,1,1,110,1,1,100.0,0,I,RURAL_VICTORIA,ROAD,8,14.0
95004,4,1,171,1,1,80.0,0,I,RURAL_VICTORIA,ROAD,8,14.0
95005,4,1,173,5,1,60.0,0,N,MELB_URBAN,ROAD,8,16.0
95006,2,5,99,5,1,50.0,0,N,MELB_URBAN,STREET,7,17.0
95007,1,1,121,2,3,80.0,0,I,MELB_URBAN,HIGHWAY,8,19.0
95008,1,1,110,1,3,60.0,0,I,MELB_URBAN,STREET,8,19.0
95009,1,1,130,5,1,70.0,0,N,MELB_URBAN,ROAD,8,14.0
95010,4,0,171,5,5,100.0,0,N,RURAL_VICTORIA,ROAD,8,22.0
95011,1,1,120,1,3,40.0,0,I,LARGE_PROVINCIAL_CITIES,STREET,8,21.0
95012,4,2,171,1,5,100.0,0,I,RURAL_VICTORIA,HIGHWAY,8,0.0
95013,1,2,130,5,3,60.0,0,N,SMALL_CITIES,STREET,8,5.0
95014,4,5,171,5,1,110.0,0,N,RURAL_VICTORIA,FREEWAY,8,11.0
95015,2,1,100,5,2,40.0,0,N,MELB_URBAN,STREET,8,6.0
95016,5,7,99,5,3,40.0,0,I,MELB_URBAN,STREET,8,18.0
95017,1,2,110,1,1,100.0,0,I,RURAL_VICTORIA,ROAD,8,7.0
95018,1,2,140,5,1,50.0,0,N,MELB_URBAN,UNKNOWN,7,15.0
95019,4,2,99,1,1,60.0,0,I,SMALL_CITIES,STREET,8,7.0
95020,2,2,100,5,1,60.0,0,N,MELB_URBAN,STREET,8,9.0
95021,1,2,130,5,1,80.0,0,N,MELB_URBAN,ROAD,8,9.0
95022,1,2,121,1,1,80.0,0,I,RURAL_VICTORIA,BOULEVARD,8,11.0
95023,1,2,99,2,1,80.0,0,I,MELB_URBAN,HIGHWAY,8,9.0
95024,2,1,100,2,1,60.0,0,N,MELB_URBAN,OTHER,8,9.0
95025,2,2,99,5,1,60.0,0,N,MELB_URBAN,STREET,8,10.0
95026,1,3,110,1,1,50.0,0,I,MELB_URBAN,STREET,8,9.0
95027,4,2,173,5,5,100.0,0,N,RURAL_VICTORIA,HIGHWAY,8,1.0
95028,1,2,140,2,1,60.0,0,I,MELB_URBAN,HIGHWAY,8,12.0
95029,1,2,99,1,1,80.0,0,I,TOWNS,ROAD,8,9.0
95030,1,2,111,2,1,60.0,0,I,SMALL_CITIES,DRIVE,8,8.0
95031,4,2,171,2,3,50.0,0,I,SMALL_CITIES,STREET,8,18.0
95032,4,2,181,5,5,100.0,0,N,RURAL_VICTORIA,HIGHWAY,8,19.0
95033,1,1,99,5,3,60.0,0,N,MELB_URBAN,ROAD,8,21.0
95034,2,2,102,5,3,60.0,0,N,MELB_URBAN,DRIVE,8,18.0
95035,1,3,135,2,2,40.0,0,I,MELB_URBAN,STREET,8,6.0
95036,1,3,110,1,1,60.0,0,I,MELB_URBAN,STREET,8,8.0
95037,2,4,99,5,1,60.0,0,N,MELB_URBAN,STREET,8,9.0
95038,1,3,121,2,1,60.0,0,I,MELB_URBAN,ROAD,8,8.0
95039,1,3,110,1,1,60.0,0,I,MELB_URBAN,STREET,8,8.0
95040,2,3,100,2,1,50.0,0,I,MELB_URBAN,ROAD,8,8.0
95041,4,3,173,5,1,100.0,0,N,TOWNS,ROAD,8,9.0
95042,1,2,110,1,3,70.0,0,I,MELB_URBAN,ROAD,8,6.0
95043,1,3,130,5,1,80.0,0,N,MELB_URBAN,HIGHWAY,8,10.0
95044,1,3,121,2,1,40.0,0,I,SMALL_CITIES,ROAD,8,8.0
95045,4,1,173,5,5,100.0,0,N,MELB_URBAN,FREEWAY,8,20.0
95046,1,3,111,2,1,60.0,0,I,RURAL_VICTORIA,ROAD,8,7.0
95047,1,3,121,5,1,80.0,0,I,MELB_URBAN,ROAD,8,12.0
95048,1,7,130,2,1,60.0,0,I,MELB_URBAN,ROAD,8,11.0
95049,1,2,113,2,1,60.0,0,I,MELB_URBAN,ROAD,8,11.0
95050,1,3,130,5,1,50.0,0,N,SMALL_CITIES,STREET,8,12.0
95051,1,3,135,5,1,80.0,0,N,MELB_URBAN,FREEWAY,8,11.0
95052,1,2,130,2,1,70.0,0,I,LARGE_PROVINCIAL_CITIES,STREET,8,11.0
95053,1,3,130,2,1,90.0,0,I,SMALL_TOWNS,HIGHWAY,8,12.0
95054,1,3,171,2,1,60.0,0,I,MELB_URBAN,STREET,8,12.0
95055,2,3,100,1,1,60.0,0,I,MELB_URBAN,STREET,8,8.0
95056,1,3,113,2,1,50.0,0,I,MELB_URBAN,STREET,8,11.0
95057,4,7,171,5,1,80.0,0,N,RURAL_VICTORIA,ROAD,8,11.0
95058,1,3,99,1,1,100.0,0,I,RURAL_VICTORIA,ROAD,8,13.0
95059,6,1,99,5,1,100.0,0,N,RURAL_VICTORIA,ROAD,8,12.0
95060,1,3,130,5,1,60.0,0,N,MELB_URBAN,DRIVE,8,14.0
95061,1,3,135,5,1,100.0,0,N,MELB_URBAN,FREEWAY,7,10.0
95062,4,3,181,5,1,100.0,0,N,RURAL_VICTORIA,HIGHWAY,8,12.0
95063,1,3,173,5,1,50.0,0,N,MELB_URBAN,ROAD,8,10.0
95064,1,2,110,1,1,100.0,0,I,RURAL_VICTORIA,ROAD,8,15.0
95065,4,3,171,5,1,80.0,0,N,RURAL_VICTORIA,ROAD,8,7.0
95066,1,3,111,2,1,70.0,0,I,MELB_URBAN,ROAD,8,15.0
95067,1,3,130,5,1,100.0,0,N,MELB_URBAN,FREEWAY,8,15.0
95068,1,1,130,1,3,60.0,0,N,MELB_URBAN,ROAD,8,4.0
95069,1,3,130,5,5,100.0,0,N,RURAL_VICTORIA,ROAD,8,19.0
95070,1,5,130,3,1,50.0,0,I,MELB_URBAN,ROAD,8,17.0
95071,1,1,99,2,3,50.0,0,I,MELB_URBAN,BOULEVARD,8,23.0
95072,2,3,102,2,1,60.0,0,I,MELB_URBAN,HIGHWAY,8,16.0
95073,1,3,160,5,3,50.0,0,N,MELB_URBAN,STREET,8,18.0
95074,1,4,130,5,9,60.0,0,N,MELB_URBAN,FREEWAY,8,15.0
95075,1,3,120,5,3,60.0,0,N,MELB_URBAN,ROAD,8,19.0
95076,1,3,111,2,1,100.0,0,I,RURAL_VICTORIA,ROAD,8,15.0
95077,8,6,99,5,9,60.0,0,N,MELB_URBAN,STREET,7,20.0
95078,4,3,173,5,5,100.0,0,N,RURAL_VICTORIA,FREEWAY,8,23.0
95079,4,3,99,9,3,60.0,0,N,MELB_URBAN,DRIVE,8,19.0
95080,5,4,99,5,5,60.0,0,N,RURAL_VICTORIA,ROAD,8,5.0
95081,1,4,140,5,2,60.0,0,N,LARGE_PROVINCIAL_CITIES,ROAD,8,7.0
95082,1,6,110,1,2,60.0,0,I,MELB_URBAN,HIGHWAY,8,17.0
95083,5,4,99,5,1,80.0,0,N,RURAL_VICTORIA,ROAD,8,9.0
95084,2,4,102,5,1,60.0,0,N,MELB_URBAN,ROAD,8,7.0
95085,1,4,130,1,1,60.0,0,N,MELB_URBAN,ROAD,8,10.0
95086,1,5,130,5,1,80.0,0,N,MELB_URBAN,HIGHWAY,3,13.0
95087,1,4,134,5,1,80.0,0,N,MELB_URBAN,FREEWAY,8,9.0
95088,1,4,111,1,1,50.0,0,I,MELB_URBAN,STREET,8,7.0
95089,1,2,163,5,3,60.0,0,N,MELB_URBAN,ROAD,8,17.0
95090,1,3,130,1,1,60.0,0,I,LARGE_PROVINCIAL_CITIES,STREET,8,9.0
95091,4,7,173,1,1,50.0,0,I,SMALL_CITIES,STREET,6,12.0
95092,1,4,130,5,1,110.0,0,N,RURAL_VICTORIA,FREEWAY,8,11.0
95093,1,4,99,5,2,60.0,0,N,SMALL_CITIES,STREET,8,17.0
95094,4,4,181,5,1,100.0,0,N,RURAL_VICTORIA,ROAD,8,15.0
95095,4,4,171,5,1,80.0,0,N,SMALL_CITIES,HIGHWAY,8,16.0
95096,4,3,171,2,1,50.0,0,N,MELB_URBAN,DRIVE,8,15.0
95097,1,4,147,5,1,60.0,0,N,MELB_URBAN,PARADE,8,15.0
95098,1,4,113,1,3,60.0,0,I,SMALL_CITIES,ROAD,8,19.0
95099,8,4,174,2,3,60.0,0,I,MELB_URBAN,ROAD,8,20.0
95100,1,4,130,1,3,40.0,0,N,MELB_URBAN,STREET,8,18.0
95101,1,4,130,1,6,50.0,0,I,MELB_URBAN,AVENUE,8,19.0
95102,2,4,100,5,3,70.0,1,N,MELB_URBAN,ROAD,8,18.0
95103,1,4,116,1,6,60.0,0,I,MELB_URBAN,ROAD,8,21.0
95104,1,4,133,5,5,100.0,0,N,MELB_URBAN,FREEWAY,8,19.0
95105,1,4,121,1,3,60.0,0,I,MELB_URBAN,ROAD,8,22.0
95106,1,2,130,5,1,80.0,0,N,MELB_URBAN,ROAD,8,8.0
95107,2,5,99,5,1,60.0,0,N,MELB_URBAN,ROAD,8,7.0
95108,8,3,99,5,2,60.0,0,N,RURAL_VICTORIA,ROAD,8,7.0
95109,1,4,173,2,1,50.0,0,N,SMALL_CITIES,OTHER,8,9.0
95110,1,4,135,5,1,60.0,0,N,MELB_URBAN,ROAD,8,11.0
95111,1,5,121,1,1,80.0,0,I,MELB_URBAN,HIGHWAY,8,10.0
95112,1,5,121,5,1,50.0,0,N,MELB_URBAN,ROAD,8,7.0
95113,4,5,173,5,1,60.0,0,N,MELB_URBAN,STREET,8,11.0
95114,1,5,111,2,1,40.0,0,I,MELB_URBAN,STREET,8,8.0
95115,1,5,130,5,1,100.0,0,N,MELB_URBAN,FREEWAY,8,11.0
95116,2,5,102,5,1,60.0,0,N,SMALL_CITIES,STREET,8,10.0
95117,4,5,181,5,1,100.0,0,N,RURAL_VICTORIA,HIGHWAY,8,9.0
95118,1,3,130,5,5,100.0,0,N,RURAL_VICTORIA,HIGHWAY,8,18.0
95119,4,5,171,2,1,100.0,0,I,RURAL_VICTORIA,HIGHWAY,8,11.0
95120,1,5,133,5,1,100.0,0,N,MELB_URBAN,FREEWAY,8,11.0
95121,3,3,167,2,5,100.0,0,I,RURAL_VICTORIA,HIGHWAY,8,19.0
95122,1,4,130,2,2,70.0,0,I,MELB_URBAN,ROAD,8,16.0
95123,1,4,130,5,1,100.0,0,N,MELB_URBAN,FREEWAY,8,12.0
95124,4,5,173,5,1,100.0,0,N,MELB_URBAN,ROAD,8,14.0
95125,1,5,113,2,1,60.0,0,I,MELB_URBAN,RAMP,8,15.0
95126,1,4,99,2,1,60.0,0,I,LARGE_PROVINCIAL_CITIES,ROAD,8,16.0
95127,1,5,110,1,1,40.0,0,I,MELBOURNE_CBD,STREET,8,14.0
95128,1,4,130,2,1,80.0,0,I,MELB_URBAN,ROAD,8,9.0
95129,1,1,130,1,9,60.0,0,I,TOWNS,ROAD,8,18.0
95130,1,1,130,5,1,60.0,0,N,MELB_URBAN,ROAD,8,9.0
95131,1,1,163,5,3,40.0,0,N,MELB_URBAN,STREET,8,19.0
95132,1,5,130,1,1,60.0,0,I,MELB_URBAN,ROAD,8,16.0
95133,2,5,100,2,1,50.0,0,I,MELB_URBAN,ROAD,8,15.0
95134,2,3,102,1,1,80.0,0,I,MELB_URBAN,HIGHWAY,8,16.0
95135,1,5,121,1,3,60.0,0,I,MELB_URBAN,ROAD,8,18.0
95136,1,5,99,5,1,60.0,0,N,MELB_URBAN,ROAD,8,14.0
95137,1,5,135,2,4,80.0,0,I,MELB_URBAN,ROAD,8,18.0
95138,1,5,130,2,1,60.0,0,I,MELB_URBAN,ROAD,8,15.0
95139,1,5,130,5,1,100.0,0,N,MELB_URBAN,FREEWAY,8,14.0
95140,1,5,113,2,3,60.0,0,I,MELB_URBAN,ROAD,8,19.0
95141,8,5,99,5,3,60.0,0,N,MELB_URBAN,ROAD,8,18.0
95142,4,5,173,5,1,50.0,0,N,MELB_URBAN,DRIVE,8,17.0
95143,1,4,99,5,9,100.0,0,N,MELB_URBAN,FREEWAY,8,22.0
95144,1,5,130,5,1,60.0,0,N,MELB_URBAN,ROAD,8,15.0
95145,4,6,173,5,5,80.0,0,N,RURAL_VICTORIA,ROAD,8,2.0
95146,4,6,171,5,3,60.0,0,N,MELB_URBAN,HIGHWAY,8,3.0
95147,8,4,174,2,1,60.0,0,I,LARGE_PROVINCIAL_CITIES,OTHER,7,14.0
95148,1,6,110,1,1,50.0,0,I,MELB_URBAN,STREET,8,7.0
95149,1,4,130,5,9,60.0,0,N,MELB_URBAN,UNKNOWN,7,20.0
95150,2,6,100,5,9,40.0,0,N,MELB_URBAN,ROAD,8,15.0
95151,1,1,130,5,9,60.0,0,N,MELB_URBAN,ROAD,4,11.0
95152,2,6,100,1,1,40.0,0,I,MELB_URBAN,STREET,8,10.0
95153,1,6,110,1,1,60.0,0,I,RURAL_VICTORIA,ROAD,8,12.0
95154,1,3,130,1,1,60.0,0,I,MELB_URBAN,STREET,8,12.0
95155,1,5,130,5,1,60.0,0,N,LARGE_PROVINCIAL_CITIES,ROAD,8,13.0
95156,1,2,111,2,3,60.0,0,I,MELB_URBAN,BOULEVARD,8,19.0
95157,1,6,130,2,1,60.0,0,I,MELB_URBAN,ROAD,8,13.0
95158,1,6,111,2,1,100.0,0,I,RURAL_VICTORIA,HIGHWAY,8,9.0
95159,2,6,99,5,1,50.0,0,N,SMALL_CITIES,STREET,8,14.0
95160,1,5,99,5,1,100.0,0,N,MELB_URBAN,FREEWAY,8,7.0
95161,2,2,100,2,1,40.0,0,I,MELB_URBAN,AVENUE,8,9.0
95162,1,3,130,5,1,80.0,0,N,MELB_URBAN,OTHER,7,16.0
95163,2,6,99,5,1,40.0,0,N,TOWNS,ROAD,8,15.0
95164,1,5,130,5,1,70.0,0,N,MELB_URBAN,ROAD,8,14.0
95165,1,6,99,5,1,60.0,0,N,SMALL_CITIES,ROAD,8,15.0
95166,8,5,99,5,5,80.0,0,N,RURAL_VICTORIA,ROAD,8,6.0
95167,1,7,99,5,2,60.0,0,N,MELB_URBAN,ROAD,2,20.0
95168,1,5,135,5,1,100.0,0,N,MELB_URBAN,FREEWAY,8,13.0
95169,7,6,99,2,1,40.0,0,I,TOWNS,ROAD,8,15.0
95170,1,5,163,5,1,40.0,0,N,MELB_URBAN,STREET,8,14.0
95171,1,6,120,5,1,100.0,0,N,RURAL_VICTORIA,ROAD,8,16.0
95172,4,5,99,5,5,60.0,0,N,RURAL_VICTORIA,ROAD,8,20.0
95173,8,6,99,5,5,60.0,0,N,SMALL_CITIES,ROAD,8,18.0
95174,1,6,160,5,1,50.0,0,N,MELB_URBAN,PARADE,8,16.0
95175,1,4,110,1,2,40.0,0,I,MELB_URBAN,STREET,8,18.0
95176,1,5,99,4,1,60.0,0,I,MELB_URBAN,STREET,8,16.0
95177,1,6,110,1,1,80.0,0,I,RURAL_VICTORIA,ROAD,8,15.0
95178,1,6,120,5,2,60.0,0,N,SMALL_TOWNS,ROAD,8,17.0
95179,1,6,140,1,3,60.0,0,I,MELB_URBAN,OTHER,8,19.0
95180,1,6,147,5,3,60.0,0,N,MELB_URBAN,PARADE,8,22.0
95181,1,6,130,5,1,80.0,0,I,MELB_URBAN,HIGHWAY,8,16.0
95182,2,6,99,5,3,40.0,0,I,MELB_URBAN,STREET,8,20.0
95183,1,5,120,5,3,60.0,0,N,MELB_URBAN,ROAD,8,23.0
95184,1,5,110,1,3,60.0,0,I,LARGE_PROVINCIAL_CITIES,STREET,8,23.0
95185,1,5,110,1,3,60.0,0,I,LARGE_PROVINCIAL_CITIES,STREET,8,6.0
95186,1,6,99,5,5,110.0,0,N,RURAL_VICTORIA,HIGHWAY,8,21.0
95187,4,7,183,5,5,100.0,0,N,RURAL_VICTORIA,ROAD,8,3.0
95188,1,6,113,1,3,80.0,0,I,MELB_URBAN,HIGHWAY,8,22.0
95189,4,4,171,5,3,60.0,0,N,MELB_URBAN,ROAD,8,21.0
95190,1,7,110,1,3,80.0,0,I,MELB_URBAN,ROAD,8,5.0
95191,2,4,102,2,1,60.0,0,I,MELB_URBAN,STREET,8,12.0
95192,1,2,110,1,2,80.0,0,I,RURAL_VICTORIA,ROAD,5,6.0
95193,8,7,174,1,1,60.0,0,N,MELB_URBAN,ROAD,8,9.0
95194,1,7,132,2,1,70.0,0,I,MELB_URBAN,ROAD,8,9.0
95195,1,5,130,5,1,80.0,0,N,MELB_URBAN,HIGHWAY,8,15.0
95196,1,2,99,2,1,40.0,0,I,MELB_URBAN,STREET,8,17.0
95197,1,6,130,5,1,80.0,0,N,MELB_URBAN,HIGHWAY,8,13.0
95198,1,7,111,1,1,100.0,0,I,RURAL_VICTORIA,ROAD,8,11.0
95199,4,7,173,5,1,50.0,0,N,SMALL_CITIES,DRIVE,8,11.0
95200,4,7,181,5,1,60.0,0,N,MELB_URBAN,ROAD,8,13.0
95201,1,4,130,2,3,60.0,0,I,MELB_URBAN,ROAD,8,19.0
95202,1,7,113,2,1,70.0,0,I,MELB_URBAN,ROAD,8,13.0
95203,1,7,130,5,2,110.0,0,N,RURAL_VICTORIA,FREEWAY,8,17.0
95204,6,6,99,5,1,100.0,0,N,RURAL_VICTORIA,HIGHWAY,8,16.0
95205,4,7,183,5,2,80.0,0,N,MELB_URBAN,RAMP,8,17.0
95206,1,7,121,1,3,60.0,0,I,MELB_URBAN,HIGHWAY,8,17.0
95207,1,3,110,1,6,60.0,0,I,TOWNS,STREET,8,19.0
95208,4,6,99,5,1,60.0,0,N,RURAL_VICTORIA,ROAD,8,16.0
95209,2,7,100,5,3,60.0,1,N,MELB_URBAN,ROAD,8,18.0
95210,1,7,130,5,3,50.0,0,N,MELB_URBAN,STREET,8,22.0
95211,1,7,130,2,3,50.0,0,I,MELB_URBAN,ROAD,8,20.0
95212,1,1,110,1,3,60.0,0,I,MELB_URBAN,STREET,8,3.0
95213,1,0,160,5,5,50.0,0,N,MELB_URBAN,STREET,8,0.0