,accident_type,day_of_week,dca_code,road_geometry,light_condition,speed_zone,severity,node_type,deg_urban_name,road_type,month,hour
95214,2,7,100,1,3,80.0,0,I,MELB_URBAN,ROAD,8,18.0
95215,4,0,171,5,5,100.0,0,N,RURAL_VICTORIA,FREEWAY,8,6.0
95216,1,1,120,5,3,60.0,0,N,MELB_URBAN,ROAD,8,5.0
95217,1,7,110,1,5,100.0,0,I,RURAL_VICTORIA,HIGHWAY,8,20.0
95218,1,5,99,2,9,60.0,0,I,MELB_URBAN,ROAD,8,17.0
95219,1,6,130,2,1,60.0,0,I,LARGE_PROVINCIAL_CITIES,STREET,8,10.0
95220,1,1,99,5,1,100.0,0,N,RURAL_VICTORIA,ROAD,8,10.0
95221,1,0,132,2,1,70.0,0,I,TOWNS,HIGHWAY,8,10.0
95222,1,1,121,2,1,80.0,0,I,MELB_URBAN,ROAD,8,10.0
95223,4,1,183,5,1,100.0,0,N,RURAL_VICTORIA,HIGHWAY,8,9.0
95224,1,0,110,1,1,60.0,0,I,LARGE_PROVINCIAL_CITIES,STREET,8,11.0
95225,1,6,113,2,1,60.0,0,I,MELB_URBAN,STREET,8,14.0
95226,1,0,130,5,1,80.0,0,N,MELB_URBAN,HIGHWAY,8,11.0
95227,7,6,99,5,1,80.0,0,N,MELB_URBAN,HIGHWAY,8,14.0
95228,4,7,173,5,1,50.0,0,N,SMALL_TOWNS,ROAD,8,12.0
95229,1,1,130,5,1,80.0,0,N,RURAL_VICTORIA,HIGHWAY,8,12.0
95230,1,6,130,5,1,80.0,0,N,MELB_URBAN,FREEWAY,7,16.0
95231,1,1,132,2,1,70.0,0,I,TOWNS,STREET,8,14.0
95232,2,1,99,5,1,50.0,0,N,TOWNS,DRIVE,8,15.0
95233,1,1,110,1,1,60.0,0,I,SMALL_CITIES,PARADE,8,17.0
95234,1,0,121,2,3,100.0,0,I,MELB_URBAN,ROAD,8,17.0
95235,6,7,174,5,3,40.0,0,N,MELB_URBAN,STREET,8,20.0
95236,2,0,99,5,2,50.0,0,N,SMALL_CITIES,OTHER,8,17.0
95237,1,0,130,2,3,60.0,0,I,MELB_URBAN,ROAD,8,18.0
95238,6,1,174,2,3,40.0,0,I,MELB_URBAN,ROAD,8,23.0
95239,1,1,173,5,3,50.0,0,N,MELB_URBAN,AVENUE,8,23.0
95240,4,2,173,5,5,110.0,0,N,RURAL_VICTORIA,FREEWAY,8,3.0
95241,4,1,171,5,5,100.0,0,N,MELB_URBAN,RAMP,8,5.0
95242,1,6,113,1,1,60.0,0,I,MELB_URBAN,ROAD,8,15.0
95243,1,1,147,5,1,60.0,0,N,MELB_URBAN,ROAD,8,14.0
95244,1,1,121,2,1,80.0,0,I,MELB_URBAN,ROAD,8,15.0
95245,4,2,173,5,1,100.0,0,I,MELB_URBAN,UNKNOWN,8,13.0
95246,8,2,174,5,3,40.0,0,N,MELB_URBAN,ROAD,8,4.0
95247,1,6,110,1,1,60.0,0,I,LARGE_PROVINCIAL_CITIES,STREET,8,16.0
95248,4,7,173,3,5,80.0,0,I,RURAL_VICTORIA,ROAD,8,23.0
95249,1,2,147,5,1,50.0,0,N,MELB_URBAN,OTHER,8,8.0
95250,6,2,99,5,1,100.0,0,N,RURAL_VICTORIA,ROAD,8,11.0
95251,1,4,130,1,1,80.0,0,I,MELB_URBAN,ROAD,8,13.0
95252,2,2,100,2,2,40.0,0,I,MELB_URBAN,ROAD,8,17.0
95253,1,2,130,2,1,40.0,0,I,MELBOURNE_CBD,STREET,8,15.0
95254,1,2,135,5,1,100.0,0,N,MELB_URBAN,FREEWAY,8,16.0
95255,1,1,130,5,1,60.0,0,N,MELB_URBAN,ROAD,8,17.0
95256,1,2,110,1,1,80.0,0,N,MELB_URBAN,ROAD,8,16.0
95257,1,2,113,2,3,60.0,0,I,MELB_URBAN,ROAD,8,19.0
95258,1,2,121,2,3,100.0,0,I,RURAL_VICTORIA,OTHER,8,18.0
95259,1,2,130,5,2,90.0,0,I,TOWNS,HIGHWAY,8,17.0
95260,4,2,173,5,3,60.0,0,N,LARGE_PROVINCIAL_CITIES,STREET,8,19.0
95261,1,7,121,2,3,60.0,0,I,MELB_URBAN,ROAD,8,20.0
95262,4,2,173,5,5,100.0,0,N,RURAL_VICTORIA,HIGHWAY,8,22.0
95263,4,2,183,5,5,80.0,0,N,RURAL_VICTORIA,ROAD,8,22.0
95264,1,2,130,5,3,60.0,0,N,MELB_URBAN,ROAD,8,22.0
95265,6,3,184,2,1,70.0,0,N,MELB_URBAN,ROAD,8,7.0
95266,4,1,173,5,2,100.0,0,N,RURAL_VICTORIA,ROAD,8,17.0
95267,1,2,134,5,1,60.0,0,N,MELB_URBAN,HIGHWAY,8,15.0
95268,1,2,163,5,1,60.0,0,N,MELB_URBAN,ROAD,8,9.0
95269,1,3,135,2,1,60.0,0,N,LARGE_PROVINCIAL_CITIES,AVENUE,8,8.0
95270,1,3,147,5,1,50.0,0,N,MELB_URBAN,DRIVE,8,9.0
95271,4,3,183,5,1,100.0,0,I,RURAL_VICTORIA,ROAD,8,9.0
95272,1,2,110,1,1,60.0,0,I,SMALL_CITIES,AVENUE,8,8.0
95273,1,3,132,2,1,60.0,0,I,MELB_URBAN,ROAD,8,9.0
95274,1,2,130,2,9,60.0,0,I,MELB_URBAN,STREET,8,17.0
95275,1,1,130,5,9,60.0,0,N,MELB_URBAN,ROAD,2,19.0
95276,1,1,99,1,1,50.0,0,I,MELB_URBAN,AVENUE,8,12.0
95277,2,3,99,5,1,60.0,0,N,MELB_URBAN,BOULEVARD,8,8.0
95278,1,3,130,5,2,100.0,0,I,MELB_URBAN,FREEWAY,8,7.0
95279,1,4,130,5,2,60.0,0,N,MELB_URBAN,ROAD,8,18.0
95280,1,3,130,5,1,60.0,0,I,MELB_URBAN,OTHER,8,8.0
95281,1,3,120,5,1,60.0,0,N,MELB_URBAN,BOULEVARD,8,15.0
95282,1,2,130,1,2,50.0,0,I,MELBOURNE_CBD,STREET,7,18.0
95283,1,3,113,2,1,100.0,1,I,RURAL_VICTORIA,HIGHWAY,8,10.0
95284,1,3,130,1,2,60.0,0,I,MELB_URBAN,ROAD,8,7.0
95285,8,3,174,5,2,60.0,0,N,MELB_URBAN,ROAD,8,17.0
95286,1,3,121,1,3,60.0,0,I,MELB_URBAN,ROAD,8,18.0
95287,2,3,100,2,5,40.0,0,I,MELB_URBAN,ROAD,8,18.0
95288,1,3,110,1,1,50.0,0,I,LARGE_PROVINCIAL_CITIES,STREET,8,14.0
95289,1,3,120,5,1,70.0,0,N,SMALL_CITIES,ROAD,8,15.0
95290,1,3,130,2,1,80.0,0,I,MELB_URBAN,HIGHWAY,8,16.0
95291,8,3,99,5,1,100.0,1,N,RURAL_VICTORIA,ROAD,8,17.0
95292,1,3,160,1,1,60.0,0,I,LARGE_PROVINCIAL_CITIES,STREET,8,16.0
95293,4,2,171,5,5,100.0,0,N,RURAL_VICTORIA,ROAD,8,18.0
95294,4,3,99,5,1,100.0,0,N,RURAL_VICTORIA,OTHER,8,16.0
95295,1,3,132,1,2,60.0,0,I,MELB_URBAN,ROAD,8,17.0
95296,2,3,99,5,4,50.0,0,N,LARGE_PROVINCIAL_CITIES,OTHER,8,21.0
95297,3,1,167,5,5,100.0,0,N,RURAL_VICTORIA,ROAD,8,22.0
95298,1,2,130,5,3,60.0,0,N,MELB_URBAN,OTHER,8,22.0
95299,4,3,173,2,3,60.0,0,N,MELB_URBAN,ROAD,8,22.0
95300,1,6,130,5,1,100.0,0,N,LARGE_PROVINCIAL_CITIES,ROAD,3,16.0
95301,1,4,99,5,2,60.0,0,N,MELB_URBAN,ROAD,8,6.0
95302,1,4,99,1,2,60.0,0,I,LARGE_PROVINCIAL_CITIES,STREET,8,6.0
95303,5,3,99,5,5,100.0,1,N,RURAL_VICTORIA,ROAD,8,21.0
95304,1,4,130,2,5,80.0,0,I,RURAL_VICTORIA,ROAD,8,6.0
95305,4,3,171,5,1,60.0,0,N,MELB_URBAN,STREET,8,16.0
95306,1,4,99,5,3,50.0,0,N,MELB_URBAN,STREET,8,6.0
95307,1,4,110,1,1,50.0,0,I,TOWNS,STREET,8,8.0
95308,1,4,121,2,1,60.0,0,I,MELB_URBAN,STREET,8,8.0
95309,1,6,113,2,1,40.0,0,I,MELB_URBAN,ROAD,8,14.0
95310,2,4,99,5,1,60.0,0,N,MELB_URBAN,ROAD,8,8.0
95311,4,6,173,5,5,100.0,0,N,RURAL_VICTORIA,HIGHWAY,8,21.0
95312,4,4,171,5,1,100.0,0,N,RURAL_VICTORIA,ROAD,8,11.0
95313,8,1,174,2,9,50.0,0,I,MELB_URBAN,STREET,7,8.0
95314,1,4,147,5,1,60.0,0,N,MELB_URBAN,ROAD,8,16.0
95315,1,4,147,5,1,70.0,0,N,MELB_URBAN,HIGHWAY,8,14.0
95316,1,4,110,1,1,60.0,0,I,RURAL_VICTORIA,ROAD,8,15.0
95317,2,5,99,1,3,50.0,0,I,MELB_URBAN,AVENUE,8,5.0
95318,4,4,181,5,1,100.0,0,N,RURAL_VICTORIA,ROAD,8,15.0
95319,3,4,167,5,5,100.0,0,N,RURAL_VICTORIA,ROAD,8,18.0
95320,1,4,120,2,3,60.0,0,I,MELB_URBAN,ROAD,8,19.0
95321,1,4,130,5,3,40.0,0,N,MELB_URBAN,ROAD,8,20.0
95322,1,4,113,2,3,60.0,0,I,MELB_URBAN,ROAD,8,19.0
95323,4,4,173,5,1,50.0,1,N,RURAL_VICTORIA,ROAD,8,17.0
95324,1,4,113,2,2,80.0,0,I,MELB_URBAN,ROAD,8,5.0
95325,1,4,113,4,3,60.0,0,I,MELB_URBAN,RAMP,8,0.0
95326,4,5,173,5,3,80.0,0,N,MELB_URBAN,DRIVE,8,1.0
95327,8,3,99,5,1,100.0,0,N,RURAL_VICTORIA,ROAD,8,16.0
95328,1,4,120,5,1,60.0,0,N,LARGE_PROVINCIAL_CITIES,STREET,8,7.0
95329,2,5,99,5,1,40.0,0,N,MELB_URBAN,ROAD,8,8.0
95330,1,4,135,5,1,100.0,0,N,MELB_URBAN,UNKNOWN,8,8.0
95331,1,5,113,2,1,100.0,0,N,RURAL_VICTORIA,ROAD,8,8.0
95332,1,4,99,5,1,50.0,0,N,MELB_URBAN,STREET,8,12.0
95333,1,4,116,2,1,50.0,0,I,MELB_URBAN,DRIVE,8,9.0
95334,1,5,132,2,1,70.0,0,I,MELB_URBAN,HIGHWAY,8,7.0
95335,1,5,140,5,1,40.0,0,N,LARGE_PROVINCIAL_CITIES,STREET,8,10.0
95336,1,6,134,5,1,60.0,0,N,MELB_URBAN,ROAD,8,11.0
95337,1,3,130,5,1,100.0,0,N,MELB_URBAN,ROAD,8,8.0
95338,1,5,110,1,1,50.0,0,I,MELB_URBAN,ROAD,8,12.0
95339,1,0,130,5,1,60.0,0,N,MELB_URBAN,STREET,8,11.0
95340,2,5,102,1,1,80.0,0,N,MELB_URBAN,HIGHWAY,8,10.0
95341,1,5,99,2,1,50.0,0,I,SMALL_CITIES,STREET,8,11.0
95342,1,5,130,5,1,80.0,0,N,MELB_URBAN,ROAD,8,8.0
95343,1,5,147,2,1,80.0,0,I,MELB_URBAN,HIGHWAY,8,13.0
95344,1,5,113,2,3,60.0,0,I,MELB_URBAN,ROAD,8,6.0
95345,1,5,99,2,1,60.0,0,I,MELB_URBAN,AVENUE,8,11.0
95346,1,5,130,5,1,40.0,0,N,MELB_URBAN,ROAD,8,15.0
95347,2,5,100,5,1,50.0,0,N,MELB_URBAN,STREET,8,14.0
95348,1,1,135,5,1,100.0,0,N,MELB_URBAN,ROAD,8,8.0
95349,1,5,113,2,1,80.0,0,I,RURAL_VICTORIA,ROAD,8,17.0
95350,1,5,121,1,3,60.0,0,I,RURAL_VICTORIA,HIGHWAY,8,18.0
95351,1,5,130,2,1,60.0,0,I,MELB_URBAN,ROAD,8,16.0
95352,1,5,121,1,3,60.0,0,I,MELB_URBAN,ROAD,8,18.0
95353,1,5,110,1,3,40.0,0,I,MELB_URBAN,ROAD,8,19.0
95354,1,5,130,2,3,60.0,0,I,RURAL_VICTORIA,ROAD,8,19.0
95355,3,5,167,5,5,100.0,0,N,RURAL_VICTORIA,HIGHWAY,8,19.0
95356,1,4,130,5,2,60.0,0,N,RURAL_VICTORIA,ROAD,8,16.0
95357,1,5,130,5,3,80.0,0,N,MELB_URBAN,ROAD,8,20.0
95358,1,5,130,2,1,60.0,0,I,MELB_URBAN,STREET,8,10.0
95359,1,5,130,2,1,70.0,0,I,MELB_URBAN,ROAD,8,16.0
95360,1,3,113,1,3,40.0,0,I,MELB_URBAN,STREET,8,18.0
95361,1,6,160,5,3,50.0,0,N,MELB_URBAN,ROAD,8,3.0
95362,1,5,121,2,3,80.0,0,I,MELB_URBAN,AVENUE,8,23.0
95363,1,6,130,5,1,60.0,0,N,MELB_URBAN,ROAD,8,15.0
95364,1,5,99,5,1,60.0,0,N,MELB_URBAN,STREET,8,6.0
95365,1,5,99,1,1,60.0,0,I,MELB_URBAN,ROAD,8,17.0
95366,1,4,121,1,1,60.0,0,I,SMALL_CITIES,STREET,8,12.0
95367,1,6,130,1,1,80.0,0,N,MELB_URBAN,ROAD,8,9.0
95368,1,6,130,5,1,70.0,0,N,LARGE_PROVINCIAL_CITIES,ROAD,8,8.0
95369,8,7,174,5,1,60.0,0,N,RURAL_VICTORIA,ROAD,8,12.0
95370,1,5,110,1,1,60.0,0,I,LARGE_PROVINCIAL_CITIES,STREET,8,8.0
95371,1,6,120,5,1,80.0,0,N,MELB_URBAN,DRIVE,8,11.0
95372,1,4,121,5,2,80.0,0,N,SMALL_CITIES,OTHER,7,17.0
95373,1,6,110,1,1,50.0,0,I,MELB_URBAN,STREET,8,8.0
95374,1,6,120,5,1,50.0,0,N,SMALL_CITIES,UNKNOWN,8,11.0
95375,2,6,102,5,1,70.0,0,N,MELB_URBAN,ROAD,8,12.0
95376,2,6,100,1,1,60.0,0,I,MELB_URBAN,ROAD,8,8.0
95377,1,6,132,2,1,60.0,0,I,MELB_URBAN,ROAD,8,13.0
95378,1,6,133,5,1,100.0,0,N,RURAL_VICTORIA,HIGHWAY,8,11.0
95379,2,5,99,2,1,40.0,0,I,MELBOURNE_CBD,STREET,8,12.0
95380,1,5,140,5,1,40.0,0,N,MELB_URBAN,ROAD,8,14.0
95381,1,5,111,2,4,70.0,0,I,MELB_URBAN,ROAD,8,22.0
95382,4,6,173,5,1,80.0,0,N,RURAL_VICTORIA,STREET,8,7.0
95383,1,6,121,2,1,40.0,0,I,MELB_URBAN,STREET,8,14.0
95384,8,6,99,5,1,60.0,0,N,RURAL_VICTORIA,ROAD,7,9.0
95385,3,6,167,5,1,80.0,0,N,RURAL_VICTORIA,ROAD,8,13.0
95386,2,6,100,5,1,50.0,0,N,MELB_URBAN,STREET,8,13.0
95387,4,6,173,5,1,60.0,0,N,RURAL_VICTORIA,ROAD,8,13.0
95388,1,6,110,1,1,60.0,0,I,TOWNS,UNKNOWN,8,14.0
95389,4,6,183,5,1,60.0,0,N,LARGE_PROVINCIAL_CITIES,ROAD,8,14.0
95390,1,6,130,1,1,70.0,0,I,MELB_URBAN,ROAD,8,14.0
95391,1,6,116,1,1,60.0,0,I,MELB_URBAN,STREET,8,12.0
95392,2,6,102,5,1,80.0,0,N,RURAL_VICTORIA,HIGHWAY,8,15.0
95393,1,5,135,5,1,60.0,0,N,MELB_URBAN,ROAD,8,17.0
95394,1,5,130,5,1,100.0,0,N,MELB_URBAN,FREEWAY,8,16.0
95395,1,6,110,1,1,100.0,1,I,RURAL_VICTORIA,ROAD,8,15.0
95396,1,5,121,2,3,60.0,0,I,MELB_URBAN,STREET,8,18.0
95397,1,6,111,2,1,40.0,0,I,RURAL_VICTORIA,ROAD,8,15.0
95398,1,4,121,2,5,80.0,0,I,RURAL_VICTORIA,ROAD,8,18.0
95399,6,6,184,1,3,70.0,0,I,MELB_URBAN,ROAD,8,18.0
95400,1,5,130,1,1,60.0,0,I,LARGE_PROVINCIAL_CITIES,STREET,8,9.0
95401,1,6,110,1,3,50.0,0,I,LARGE_PROVINCIAL_CITIES,STREET,8,18.0
95402,1,5,130,2,1,50.0,0,I,MELB_URBAN,ROAD,8,14.0
95403,1,6,132,2,1,60.0,0,I,MELB_URBAN,STREET,8,15.0
95404,1,6,110,1,3,50.0,0,I,MELB_URBAN,STREET,8,18.0
95405,2,6,100,1,1,40.0,0,I,MELB_URBAN,ROAD,8,17.0
95406,2,6,100,2,2,50.0,0,I,MELB_URBAN,ROAD,8,17.0
95407,1,6,116,2,3,60.0,0,I,MELB_URBAN,ROAD,8,20.0
95408,1,6,130,5,1,80.0,0,N,MELB_URBAN,FREEWAY,8,17.0
95409,1,5,110,1,3,60.0,0,I,MELB_URBAN,ROAD,8,18.0
95410,1,3,99,2,9,60.0,0,I,MELB_URBAN,ROAD,7,19.0
95411,1,5,135,5,3,100.0,0,N,MELB_URBAN,ROAD,4,19.0
95412,1,6,130,5,3,60.0,0,N,MELB_URBAN,ROAD,8,5.0
95413,4,6,99,6,3,50.0,0,N,MELB_URBAN,STREET,8,19.0
95414,1,6,110,1,3,60.0,0,N,MELB_URBAN,ROAD,8,19.0
95415,6,6,170,5,5,110.0,0,N,TOWNS,FREEWAY,8,23.0
95416,1,6,160,5,3,60.0,0,N,MELB_URBAN,STREET,8,0.0
95417,5,6,99,5,5,80.0,0,N,RURAL_VICTORIA,ROAD,8,18.0
95418,8,7,99,1,1,80.0,0,I,RURAL_VICTORIA,STREET,8,10.0
95419,4,7,173,5,1,80.0,0,N,MELB_URBAN,ROAD,8,8.0
95420,1,7,99,2,1,50.0,0,I,MELB_URBAN,PARADE,8,9.0
95421,2,7,99,5,1,50.0,0,N,MELB_URBAN,STREET,8,10.0
95422,1,7,130,5,1,50.0,0,N,MELB_URBAN,STREET,8,12.0
95423,6,7,99,5,1,100.0,0,N,RURAL_VICTORIA,ROAD,8,8.0
95424,4,6,173,5,1,100.0,0,N,RURAL_VICTORIA,ROAD,8,10.0
95425,1,7,113,2,1,60.0,0,I,MELB_URBAN,DRIVE,8,8.0
95426,1,7,121,1,1,60.0,0,I,MELB_URBAN,STREET,8,13.0
95427,8,7,99,5,1,50.0,0,N,SMALL_CITIES,AVENUE,8,13.0
95428,6,5,174,5,1,60.0,0,N,MELB_URBAN,STREET,8,16.0
95429,1,6,163,5,1,50.0,0,N,MELB_URBAN,STREET,8,14.0
95430,1,7,99,5,1,50.0,0,N,MELB_URBAN,AVENUE,8,10.0
95431,8,7,99,5,1,100.0,0,N,RURAL_VICTORIA,ROAD,8,13.0
95432,1,7,147,5,1,80.0,0,N,MELB_URBAN,ROAD,8,13.0
95433,1,7,130,5,1,80.0,0,N,MELB_URBAN,UNKNOWN,8,12.0
95434,1,2,130,5,1,60.0,0,N,MELB_URBAN,AVENUE,8,7.0
95435,4,7,99,2,1,80.0,0,I,RURAL_VICTORIA,ROAD,8,14.0
95436,1,7,110,1,1,60.0,0,I,LARGE_PROVINCIAL_CITIES,ROAD,8,16.0
95437,8,7,99,5,1,60.0,0,N,RURAL_VICTORIA,ROAD,8,13.0
95438,4,7,183,5,1,40.0,0,N,RURAL_VICTORIA,ROAD,8,16.0
95439,6,7,174,1,1,60.0,0,I,MELB_URBAN,ROAD,8,16.0
95440,1,4,130,2,2,50.0,0,N,MELB_URBAN,OTHER,8,17.0
95441,1,6,130,5,1,60.0,0,N,LARGE_PROVINCIAL_CITIES,ROAD,8,15.0
95442,8,7,99,2,2,50.0,0,I,MELB_URBAN,STREET,8,18.0
95443,1,7,130,2,1,80.0,0,I,MELB_URBAN,AVENUE,8,14.0
95444,1,7,130,1,2,50.0,0,I,MELB_URBAN,ROAD,8,17.0
95445,4,7,173,5,5,80.0,1,N,MELB_URBAN,HIGHWAY,8,19.0
95446,1,7,110,1,3,50.0,0,I,MELB_URBAN,STREET,8,18.0
95447,4,1,171,1,3,60.0,0,N,MELB_URBAN,ROAD,8,2.0
95448,4,0,173,5,3,50.0,0,N,MELB_URBAN,AVENUE,8,0.0
95449,1,6,99,5,1,60.0,0,N,MELB_URBAN,ROAD,8,13.0
95450,1,0,110,1,1,60.0,0,I,SMALL_CITIES,STREET,8,8.0
95451,1,1,110,1,1,80.0,0,I,MELB_URBAN,ROAD,8,10.0
95452,4,1,181,5,1,80.0,0,N,RURAL_VICTORIA,ROAD,8,10.0
95453,4,1,173,5,1,60.0,0,N,MELB_URBAN,ROAD,8,11.0
95454,2,1,100,1,1,60.0,0,I,LARGE_PROVINCIAL_CITIES,STREET,8,7.0
95455,1,1,160,2,1,60.0,0,I,MELB_URBAN,STREET,8,11.0
95456,6,1,174,5,1,50.0,0,I,TOWNS,STREET,8,12.0
95457,8,6,174,1,1,40.0,0,I,SMALL_CITIES,ROAD,8,16.0
95458,1,0,140,5,1,60.0,0,N,MELB_URBAN,ROAD,8,12.0
95459,1,1,120,5,1,50.0,0,N,LARGE_PROVINCIAL_CITIES,STREET,8,14.0
95460,1,3,121,1,1,60.0,0,I,MELB_URBAN,ROAD,8,7.0
95461,1,1,130,2,1,60.0,0,N,MELB_URBAN,ROAD,8,15.0
95462,1,1,134,2,3,70.0,0,I,MELB_URBAN,STREET,8,18.0
95463,6,1,174,2,3,80.0,0,I,MELB_URBAN,ROAD,8,19.0
95464,1,1,130,5,2,60.0,0,N,MELB_URBAN,ROAD,8,17.0
95465,2,7,100,5,1,60.0,0,N,MELB_URBAN,AVENUE,8,15.0
95466,7,1,99,5,3,40.0,0,N,MELB_URBAN,STREET,8,20.0
95467,4,2,173,1,3,60.0,0,I,MELB_URBAN,STREET,8,1.0
95468,4,7,171,5,1,60.0,0,N,RURAL_VICTORIA,OTHER,8,11.0
95469,1,2,110,1,1,50.0,0,I,MELB_URBAN,ROAD,8,7.0
95470,1,2,160,5,1,60.0,0,N,LARGE_PROVINCIAL_CITIES,ROAD,8,8.0
95471,2,2,100,1,1,60.0,0,I,MELB_URBAN,ROAD,8,8.0
95472,1,1,110,1,1,50.0,0,I,MELB_URBAN,STREET,8,9.0
95473,7,7,170,1,1,60.0,0,N,MELB_URBAN,ROAD,8,13.0
95474,1,6,133,5,9,60.0,0,N,MELB_URBAN,ROAD,1,6.0
95475,1,2,110,1,1,50.0,0,I,SMALL_CITIES,STREET,8,9.0
95476,1,1,163,5,1,40.0,0,N,MELB_URBAN,ROAD,8,10.0
95477,1,5,121,2,1,60.0,0,I,MELB_URBAN,ROAD,8,15.0
95478,8,7,184,5,1,30.0,0,N,RURAL_VICTORIA,OTHER,8,11.0
95479,1,2,147,5,1,40.0,0,N,MELB_URBAN,STREET,8,7.0
95480,4,1,171,5,5,100.0,0,N,RURAL_VICTORIA,ROAD,8,0.0
95481,1,0,160,5,1,60.0,0,N,SMALL_CITIES,STREET,8,14.0
95482,1,1,160,5,1,60.0,0,N,MELB_URBAN,ROAD,8,11.0
95483,5,7,99,5,1,60.0,0,N,RURAL_VICTORIA,OTHER,8,11.0
95484,1,1,120,9,1,50.0,0,N,MELB_URBAN,OTHER,8,9.0
95485,1,2,147,5,1,80.0,0,I,TOWNS,OTHER,8,7.0
95486,1,1,121,1,2,60.0,0,I,MELB_URBAN,ROAD,8,6.0
95487,1,2,147,5,1,50.0,0,N,MELB_URBAN,AVENUE,8,9.0
95488,1,2,163,5,1,50.0,0,N,SMALL_CITIES,STREET,8,14.0
95489,1,2,110,1,1,80.0,0,I,LARGE_PROVINCIAL_CITIES,ROAD,8,12.0
95490,1,1,130,5,1,60.0,0,N,MELB_URBAN,ROAD,8,15.0
95491,1,0,110,1,1,60.0,0,I,MELB_URBAN,AVENUE,8,14.0
95492,1,4,130,2,1,80.0,0,I,MELB_URBAN,ROAD,8,13.0
95493,1,2,121,1,1,60.0,0,I,MELB_URBAN,ROAD,8,16.0
95494,3,6,167,5,1,60.0,0,N,RURAL_VICTORIA,OTHER,8,16.0
95495,1,2,113,2,1,80.0,0,I,MELB_URBAN,ROAD,8,14.0
95496,1,2,130,5,1,100.0,0,N,RURAL_VICTORIA,FREEWAY,8,15.0
95497,1,2,113,1,2,70.0,0,I,LARGE_PROVINCIAL_CITIES,HIGHWAY,8,18.0
95498,1,2,99,2,2,40.0,0,I,MELB_URBAN,STREET,8,17.0
95499,2,2,99,5,3,50.0,0,N,LARGE_PROVINCIAL_CITIES,STREET,8,18.0
95500,1,2,121,2,1,60.0,0,I,MELB_URBAN,ROAD,8,15.0
95501,2,2,100,2,3,80.0,0,I,MELB_URBAN,HIGHWAY,8,20.0
95502,1,1,130,5,9,60.0,0,N,MELB_URBAN,ROAD,8,16.0
95503,6,2,170,5,5,80.0,0,N,RURAL_VICTORIA,ROAD,8,20.0
95504,2,2,100,2,1,40.0,0,I,MELB_URBAN,ROAD,8,17.0
95505,1,2,134,5,6,60.0,1,N,RURAL_VICTORIA,ROAD,8,18.0
95506,4,3,171,5,5,60.0,0,N,RURAL_VICTORIA,HIGHWAY,8,4.0
95507,5,0,99,5,1,80.0,0,N,RURAL_VICTORIA,ROAD,7,15.0
95508,4,2,183,5,1,110.0,0,N,LARGE_PROVINCIAL_CITIES,RAMP,8,15.0
95509,1,5,133,5,1,60.0,0,N,MELB_URBAN,ROAD,8,10.0
95510,1,1,110,1,1,60.0,0,I,SMALL_CITIES,STREET,8,16.0
95511,1,2,130,5,3,60.0,0,N,MELB_URBAN,FREEWAY,7,22.0
95512,4,3,173,5,5,80.0,1,N,RURAL_VICTORIA,ROAD,8,4.0
95513,2,3,99,1,1,80.0,0,I,MELB_URBAN,HIGHWAY,8,7.0
95514,1,4,130,5,1,80.0,0,N,MELB_URBAN,FREEWAY,8,10.0
95515,2,2,99,5,1,30.0,0,N,MELB_URBAN,ROAD,8,16.0
95516,1,3,130,5,9,80.0,0,N,MELB_URBAN,FREEWAY,8,6.0
95517,4,2,173,5,1,100.0,0,N,RURAL_VICTORIA,ROAD,8,14.0
95518,1,2,99,5,1,60.0,0,N,MELB_URBAN,STREET,8,9.0
95519,1,3,147,5,1,60.0,0,N,MELB_URBAN,ROAD,8,11.0
95520,4,3,171,5,1,40.0,0,N,RURAL_VICTORIA,ROAD,8,10.0
95521,1,3,121,2,1,60.0,0,I,MELB_URBAN,STREET,8,11.0
95522,1,6,130,5,1,100.0,0,I,MELB_URBAN,FREEWAY,8,17.0
95523,1,2,130,2,9,70.0,0,I,MELB_URBAN,ROAD,8,16.0
95524,2,3,99,2,1,60.0,0,I,MELB_URBAN,STREET,8,15.0
95525,4,3,173,1,1,60.0,0,N,MELB_URBAN,STREET,8,11.0
95526,3,2,167,5,1,100.0,0,N,RURAL_VICTORIA,ROAD,8,7.0
95527,1,3,133,1,1,70.0,0,I,MELB_URBAN,ROAD,8,11.0
95528,6,7,174,1,1,80.0,0,I,TOWNS,ROAD,8,16.0
95529,1,2,140,5,1,40.0,0,N,MELB_URBAN,ROAD,8,15.0
95530,2,2,102,2,1,40.0,0,N,MELB_URBAN,ROAD,8,14.0
95531,1,3,116,2,1,70.0,0,I,SMALL_CITIES,AVENUE,8,13.0
95532,3,1,167,5,1,110.0,0,N,TOWNS,FREEWAY,8,6.0
95533,4,2,173,2,1,100.0,0,I,RURAL_VICTORIA,ROAD,8,15.0
95534,1,3,99,5,1,40.0,0,N,MELB_URBAN,ROAD,8,15.0
95535,8,3,99,5,1,50.0,0,N,MELB_URBAN,ROAD,8,16.0
95536,6,3,174,5,1,60.0,0,N,MELB_URBAN,ROAD,8,15.0
95537,1,3,116,2,2,60.0,0,I,MELB_URBAN,STREET,8,17.0
95538,1,3,116,2,1,100.0,0,I,RURAL_VICTORIA,STREET,8,17.0
95539,1,3,140,5,1,50.0,0,N,TOWNS,ROAD,8,15.0
95540,4,3,171,5,1,60.0,0,N,MELB_URBAN,ROAD,8,16.0
95541,1,3,134,5,3,60.0,0,N,MELB_URBAN,ROAD,8,18.0
95542,8,2,174,5,5,100.0,0,N,RURAL_VICTORIA,HIGHWAY,8,18.0
95543,1,3,99,5,3,50.0,0,N,MELB_URBAN,AVENUE,8,19.0
95544,1,3,130,5,2,100.0,0,N,MELB_URBAN,RAMP,8,18.0