,accident_type,day_of_week,dca_code,road_geometry,light_condition,speed_zone,severity,node_type,deg_urban_name,road_type,month,hour
95545,1,3,121,1,1,60.0,0,I,RURAL_VICTORIA,ROAD,8,15.0
95546,1,3,130,2,3,70.0,0,I,MELB_URBAN,ROAD,8,18.0
95547,6,3,184,2,5,70.0,0,I,RURAL_VICTORIA,ROAD,8,21.0
95548,1,4,130,5,1,70.0,0,N,MELB_URBAN,ROAD,8,7.0
95549,2,4,100,1,1,40.0,0,I,MELBOURNE_CBD,STREET,8,8.0
95550,1,3,110,1,1,50.0,0,I,TOWNS,STREET,8,7.0
95551,1,4,121,2,1,60.0,0,I,MELB_URBAN,STREET,8,6.0
95552,2,4,100,4,1,40.0,0,N,MELB_URBAN,ROAD,8,8.0
95553,5,7,99,2,3,50.0,0,I,MELB_URBAN,OTHER,8,21.0
95554,1,4,99,5,1,50.0,0,N,RURAL_VICTORIA,ROAD,8,7.0
95555,1,4,130,5,1,100.0,0,N,MELB_URBAN,ROAD,8,7.0
95556,1,4,163,5,1,40.0,0,N,MELB_URBAN,STREET,8,8.0
95557,1,4,121,2,1,80.0,0,I,MELB_URBAN,ROAD,8,8.0
95558,3,5,167,5,2,100.0,0,N,RURAL_VICTORIA,ROAD,6,7.0
95559,2,6,100,1,1,60.0,0,I,MELB_URBAN,ROAD,8,8.0
95560,1,4,110,1,1,60.0,0,I,MELB_URBAN,ROAD,8,11.0
95561,4,3,171,5,1,80.0,0,N,RURAL_VICTORIA,STREET,8,10.0
95562,1,4,140,4,1,40.0,0,I,MELB_URBAN,RAMP,8,12.0
95563,1,3,110,1,1,60.0,0,I,MELB_URBAN,STREET,8,12.0
95564,2,3,99,5,1,50.0,0,N,MELB_URBAN,STREET,8,13.0
95565,1,4,130,2,1,60.0,0,N,MELB_URBAN,ROAD,8,10.0
95566,4,4,171,5,1,100.0,0,N,RURAL_VICTORIA,OTHER,8,12.0
95567,6,4,99,5,1,80.0,0,N,RURAL_VICTORIA,HIGHWAY,8,12.0
95568,1,4,130,2,1,40.0,0,I,MELB_URBAN,STREET,8,14.0
95569,4,4,171,5,1,80.0,0,N,MELB_URBAN,HIGHWAY,8,13.0
95570,3,6,167,5,2,60.0,0,N,RURAL_VICTORIA,ROAD,8,6.0
95571,2,4,102,1,2,50.0,0,I,MELB_URBAN,STREET,8,7.0
95572,1,4,99,5,1,60.0,0,N,TOWNS,STREET,8,13.0
95573,4,4,171,5,1,100.0,0,N,RURAL_VICTORIA,ROAD,8,16.0
95574,1,6,147,5,1,60.0,0,N,MELB_URBAN,STREET,8,12.0
95575,2,3,100,2,1,40.0,0,I,MELB_URBAN,ROAD,8,14.0
95576,1,4,130,5,1,100.0,0,N,MELB_URBAN,ROAD,8,18.0
95577,1,4,132,2,3,60.0,0,I,MELB_URBAN,ROAD,8,18.0
95578,4,3,173,5,2,60.0,0,N,SMALL_CITIES,STREET,8,17.0
95579,4,4,173,5,2,100.0,0,N,RURAL_VICTORIA,ROAD,8,17.0
95580,1,3,130,5,3,60.0,0,N,MELB_URBAN,ROAD,8,19.0
95581,1,4,121,1,3,80.0,0,I,RURAL_VICTORIA,STREET,8,18.0
95582,1,4,147,5,1,50.0,0,N,MELB_URBAN,ROAD,8,6.0
95583,1,3,121,1,3,70.0,0,I,MELB_URBAN,ROAD,8,20.0
95584,6,5,174,5,5,50.0,0,N,MELB_URBAN,STREET,8,0.0
95585,1,6,133,1,1,60.0,0,I,MELB_URBAN,BOULEVARD,8,15.0
95586,1,4,130,5,1,80.0,0,N,MELB_URBAN,HIGHWAY,8,16.0
95587,1,5,113,2,1,50.0,0,I,MELB_URBAN,BOULEVARD,8,6.0
95588,1,4,121,2,1,60.0,0,I,SMALL_CITIES,ROAD,8,13.0
95589,1,4,121,4,1,60.0,0,I,SMALL_CITIES,STREET,8,7.0
95590,1,5,110,1,1,80.0,0,I,MELB_URBAN,ROAD,8,8.0
95591,1,5,130,5,1,80.0,0,N,MELB_URBAN,ROAD,8,9.0
95592,4,4,173,5,1,50.0,0,N,LARGE_PROVINCIAL_CITIES,OTHER,8,10.0
95593,1,5,110,1,1,100.0,0,I,RURAL_VICTORIA,HIGHWAY,8,9.0
95594,4,4,171,5,1,100.0,0,N,RURAL_VICTORIA,HIGHWAY,8,13.0
95595,6,4,99,5,2,80.0,0,N,RURAL_VICTORIA,ROAD,8,16.0
95596,1,4,99,5,9,50.0,0,N,MELB_URBAN,AVENUE,8,14.0
95597,1,5,99,2,1,60.0,0,I,MELB_URBAN,ROAD,8,9.0
95598,1,5,130,5,1,80.0,0,N,MELB_URBAN,RAMP,8,8.0
95599,1,4,130,2,1,40.0,0,I,TOWNS,UNKNOWN,8,11.0
95600,1,5,110,1,1,80.0,0,I,MELB_URBAN,ROAD,8,7.0
95601,4,6,173,5,3,100.0,0,N,RURAL_VICTORIA,FREEWAY,6,20.0
95602,1,4,110,1,1,50.0,0,I,MELB_URBAN,STREET,8,11.0
95603,1,5,130,5,1,70.0,0,N,MELB_URBAN,ROAD,8,13.0
95604,1,5,113,1,1,80.0,0,I,MELB_URBAN,ROAD,8,12.0
95605,4,5,171,5,1,80.0,0,N,RURAL_VICTORIA,HIGHWAY,8,14.0
95606,1,5,121,5,1,60.0,0,N,SMALL_CITIES,ROAD,8,15.0
95607,1,3,163,2,1,60.0,0,N,MELB_URBAN,STREET,8,8.0
95608,1,5,110,1,1,80.0,0,I,RURAL_VICTORIA,RAMP,8,14.0
95609,1,5,130,1,9,60.0,0,I,MELB_URBAN,ROAD,8,9.0
95610,1,5,121,5,1,60.0,0,N,MELB_URBAN,ROAD,8,13.0
95611,1,5,111,1,1,60.0,0,I,MELB_URBAN,ROAD,8,14.0
95612,1,5,110,1,2,80.0,0,I,MELB_URBAN,ROAD,8,17.0
95613,1,5,113,2,1,60.0,0,I,LARGE_PROVINCIAL_CITIES,STREET,8,16.0
95614,1,5,130,2,1,60.0,0,I,MELB_URBAN,ROAD,8,14.0
95615,1,5,116,2,1,60.0,0,I,MELB_URBAN,BOULEVARD,8,15.0
95616,1,5,99,2,2,60.0,0,I,MELB_URBAN,ROAD,8,17.0
95617,1,5,110,1,1,70.0,0,I,LARGE_PROVINCIAL_CITIES,HIGHWAY,8,15.0
95618,2,5,100,5,1,60.0,0,N,MELB_URBAN,STREET,8,16.0
95619,1,5,130,5,3,60.0,0,N,MELB_URBAN,ROAD,8,20.0
95620,1,5,99,5,3,80.0,0,N,MELB_URBAN,FREEWAY,8,22.0
95621,4,5,99,5,1,80.0,0,N,RURAL_VICTORIA,ROAD,8,17.0
95622,4,6,173,5,3,70.0,0,N,MELB_URBAN,ROAD,8,4.0
95623,1,5,160,5,3,50.0,0,N,SMALL_TOWNS,ROAD,8,21.0
95624,1,6,130,5,1,80.0,0,N,MELB_URBAN,ROAD,8,8.0
95625,1,6,113,2,1,80.0,0,I,RURAL_VICTORIA,ROAD,8,9.0
95626,1,6,130,5,1,60.0,0,N,MELB_URBAN,STREET,8,9.0
95627,1,2,130,5,1,80.0,0,N,MELB_URBAN,UNKNOWN,8,7.0
95628,1,5,163,1,1,40.0,0,N,MELB_URBAN,STREET,8,11.0
95629,1,6,113,2,1,60.0,0,I,MELB_URBAN,OTHER,8,8.0
95630,7,4,99,5,3,50.0,0,N,TOWNS,STREET,8,21.0
95631,1,6,99,5,1,60.0,0,N,MELB_URBAN,ROAD,8,11.0
95632,1,5,130,5,1,60.0,0,N,MELB_URBAN,ROAD,8,12.0
95633,1,6,99,2,1,60.0,0,I,MELB_URBAN,AVENUE,8,10.0
95634,1,6,130,1,1,60.0,0,I,MELB_URBAN,ROAD,8,9.0
95635,1,6,113,2,1,80.0,0,I,MELB_URBAN,ROAD,8,10.0
95636,1,6,113,2,1,60.0,0,I,MELB_URBAN,ROAD,8,12.0
95637,4,6,173,2,1,50.0,0,N,MELB_URBAN,AVENUE,8,13.0
95638,1,6,113,2,1,80.0,0,I,RURAL_VICTORIA,HIGHWAY,8,15.0
95639,1,5,130,5,2,80.0,0,N,MELB_URBAN,FREEWAY,8,18.0
95640,1,6,121,2,1,60.0,0,I,MELB_URBAN,ROAD,8,12.0
95641,4,5,173,5,1,100.0,0,N,MELB_URBAN,ROAD,8,14.0
95642,2,6,99,2,1,60.0,0,I,MELB_URBAN,ROAD,8,16.0
95643,1,7,130,1,1,80.0,0,I,MELB_URBAN,HIGHWAY,8,15.0
95644,1,3,116,4,1,60.0,0,I,MELB_URBAN,ROAD,8,8.0
95645,1,6,110,1,1,80.0,0,I,MELB_URBAN,ROAD,8,16.0
95646,1,6,121,1,3,60.0,0,I,MELB_URBAN,ROAD,8,0.0
95647,1,6,121,2,1,80.0,0,I,MELB_URBAN,HIGHWAY,8,15.0
95648,1,6,110,1,3,60.0,0,I,TOWNS,STREET,8,19.0
95649,2,6,102,1,3,60.0,0,I,MELB_URBAN,HIGHWAY,8,18.0
95650,1,6,121,1,3,80.0,0,N,MELB_URBAN,HIGHWAY,8,19.0
95651,1,6,113,2,2,70.0,0,I,MELB_URBAN,ROAD,8,16.0
95652,2,6,100,1,3,60.0,0,I,MELB_URBAN,ROAD,8,18.0
95653,1,6,110,1,2,50.0,0,I,MELB_URBAN,STREET,8,16.0
95654,1,6,110,1,2,60.0,0,I,SMALL_CITIES,STREET,8,17.0
95655,1,5,121,2,1,80.0,0,I,MELB_URBAN,HIGHWAY,8,16.0
95656,1,6,140,5,3,60.0,0,N,MELB_URBAN,STREET,8,21.0
95657,1,6,110,1,3,60.0,0,I,MELB_URBAN,ROAD,8,23.0
95658,1,6,121,1,3,60.0,0,I,MELB_URBAN,ROAD,8,19.0
95659,1,6,121,1,3,60.0,0,I,MELB_URBAN,HIGHWAY,8,23.0
95660,1,6,130,5,3,70.0,0,N,MELB_URBAN,ROAD,8,18.0
95661,1,7,121,1,3,70.0,0,I,MELB_URBAN,ROAD,9,0.0
95662,4,6,181,5,1,60.0,0,N,RURAL_VICTORIA,ROAD,8,11.0
95663,1,4,147,5,6,60.0,0,N,MELB_URBAN,ROAD,8,21.0
95664,1,7,116,2,1,50.0,0,I,MELB_URBAN,STREET,9,9.0
95665,1,7,99,5,1,60.0,0,N,TOWNS,STREET,9,9.0
95666,5,7,99,5,1,110.0,0,N,RURAL_VICTORIA,FREEWAY,9,6.0
95667,1,7,120,5,1,80.0,0,N,RURAL_VICTORIA,ROAD,9,10.0
95668,1,7,121,1,1,60.0,0,I,MELB_URBAN,STREET,9,10.0
95669,1,3,121,2,1,60.0,0,I,MELB_URBAN,ROAD,8,12.0
95670,1,7,110,1,1,60.0,0,I,LARGE_PROVINCIAL_CITIES,ROAD,9,11.0
95671,1,7,147,5,1,70.0,0,N,MELB_URBAN,ROAD,9,11.0
95672,8,7,174,1,1,40.0,0,I,MELBOURNE_CBD,OTHER,9,13.0
95673,1,7,120,5,1,60.0,0,N,MELB_URBAN,ROAD,9,12.0
95674,1,3,130,2,9,60.0,0,I,MELB_URBAN,ROAD,5,17.0
95675,4,7,171,1,1,60.0,0,I,MELB_URBAN,ROAD,9,13.0
95676,1,5,130,5,6,100.0,0,N,MELB_URBAN,FREEWAY,8,5.0
95677,1,6,140,5,1,80.0,0,N,MELB_URBAN,ROAD,9,12.0
95678,1,7,133,5,1,100.0,0,N,MELB_URBAN,ROAD,9,14.0
95679,1,7,160,1,1,60.0,0,N,MELB_URBAN,STREET,9,12.0
95680,1,7,110,1,1,60.0,0,I,MELB_URBAN,ROAD,9,14.0
95681,8,7,174,5,1,60.0,0,N,RURAL_VICTORIA,ROAD,8,15.0
95682,1,7,99,1,1,40.0,0,I,MELB_URBAN,STREET,9,10.0
95683,8,6,174,1,1,100.0,0,I,RURAL_VICTORIA,ROAD,9,15.0
95684,1,7,133,5,1,100.0,0,N,RURAL_VICTORIA,HIGHWAY,9,15.0
95685,1,6,147,5,1,60.0,0,N,SMALL_CITIES,STREET,8,17.0
95686,1,7,130,5,1,70.0,0,N,MELB_URBAN,ROAD,9,14.0
95687,2,3,99,5,2,50.0,0,N,MELB_URBAN,PARADE,8,17.0
95688,1,7,121,1,1,60.0,0,I,MELB_URBAN,HIGHWAY,9,16.0
95689,2,6,100,2,1,70.0,0,I,MELB_URBAN,ROAD,9,16.0
95690,4,7,171,5,1,100.0,0,N,RURAL_VICTORIA,ROAD,9,16.0
95691,1,7,99,1,1,80.0,0,I,MELB_URBAN,ROAD,9,17.0
95692,4,7,181,5,1,60.0,0,N,MELB_URBAN,AVENUE,9,16.0
95693,1,7,113,2,3,70.0,0,I,LARGE_PROVINCIAL_CITIES,HIGHWAY,9,18.0
95694,1,6,99,1,3,80.0,0,I,RURAL_VICTORIA,ROAD,8,23.0
95695,2,7,100,1,3,60.0,0,I,MELB_URBAN,ROAD,9,19.0
95696,1,7,160,5,3,50.0,0,N,MELB_URBAN,STREET,9,19.0
95697,4,7,183,5,1,100.0,0,N,RURAL_VICTORIA,ROAD,9,15.0
95698,1,7,110,1,3,50.0,0,I,LARGE_PROVINCIAL_CITIES,STREET,9,20.0
95699,2,7,100,1,3,60.0,0,I,MELB_URBAN,ROAD,9,21.0
95700,4,6,171,5,1,100.0,0,N,RURAL_VICTORIA,ROAD,8,9.0
95701,1,7,130,5,5,100.0,0,N,MELB_URBAN,FREEWAY,9,2.0
95702,4,2,181,5,2,60.0,0,N,SMALL_CITIES,STREET,8,6.0
95703,1,1,110,1,3,60.0,0,I,SMALL_CITIES,ROAD,9,1.0
95704,4,1,173,2,3,80.0,0,I,MELB_URBAN,ROAD,9,1.0
95705,1,1,160,5,3,50.0,0,N,MELB_URBAN,ROAD,9,3.0
95706,4,1,173,5,5,100.0,0,N,RURAL_VICTORIA,ROAD,9,4.0
95707,4,6,183,5,3,60.0,0,N,LARGE_PROVINCIAL_CITIES,STREET,8,20.0
95708,4,1,183,5,1,100.0,0,N,RURAL_VICTORIA,ROAD,9,7.0
95709,1,2,163,5,9,60.0,0,N,MELBOURNE_CBD,STREET,8,16.0
95710,2,1,100,5,1,60.0,0,N,MELB_URBAN,STREET,9,10.0
95711,1,1,160,5,3,50.0,0,N,MELB_URBAN,STREET,9,6.0
95712,1,1,110,4,1,60.0,0,I,MELB_URBAN,STREET,9,8.0
95713,4,1,173,5,1,100.0,0,N,RURAL_VICTORIA,ROAD,9,10.0
95714,2,1,100,1,1,50.0,0,I,LARGE_PROVINCIAL_CITIES,ROAD,9,12.0
95715,1,0,120,5,1,60.0,0,N,MELB_URBAN,ROAD,9,11.0
95716,4,1,171,1,1,50.0,0,I,MELB_URBAN,DRIVE,9,10.0
95717,1,1,130,5,1,70.0,0,N,LARGE_PROVINCIAL_CITIES,OTHER,9,12.0
95718,1,1,132,2,1,100.0,0,I,RURAL_VICTORIA,ROAD,9,13.0
95719,1,0,120,5,1,50.0,0,N,MELB_URBAN,DRIVE,9,10.0
95720,1,0,120,5,1,100.0,0,N,RURAL_VICTORIA,ROAD,9,12.0
95721,1,1,130,5,1,80.0,0,N,MELB_URBAN,OTHER,9,16.0
95722,1,1,99,2,1,60.0,0,I,LARGE_PROVINCIAL_CITIES,STREET,9,13.0
95723,4,1,171,5,1,100.0,0,N,RURAL_VICTORIA,HIGHWAY,9,15.0
95724,1,6,160,5,1,60.0,0,N,MELB_URBAN,STREET,9,15.0
95725,1,1,160,5,3,50.0,0,N,LARGE_PROVINCIAL_CITIES,STREET,9,18.0
95726,1,1,99,2,3,60.0,0,I,MELB_URBAN,STREET,9,19.0
95727,2,4,102,1,3,60.0,0,I,MELB_URBAN,STREET,8,19.0
95728,1,1,121,2,3,60.0,0,I,MELB_URBAN,AVENUE,9,19.0
95729,1,1,160,5,3,60.0,0,N,MELB_URBAN,STREET,9,19.0
95730,6,1,174,5,3,50.0,0,N,MELB_URBAN,ROAD,9,21.0
95731,4,1,173,5,3,60.0,0,N,MELB_URBAN,STREET,9,20.0
95732,2,1,99,5,3,60.0,0,N,MELB_URBAN,STREET,9,18.0
95733,1,1,121,2,1,60.0,0,I,MELB_URBAN,STREET,9,17.0
95734,4,2,173,2,3,60.0,0,N,LARGE_PROVINCIAL_CITIES,PARADE,9,0.0
95735,1,3,121,1,3,60.0,0,I,MELB_URBAN,STREET,8,20.0
95736,4,1,171,5,1,60.0,0,N,MELB_URBAN,ROAD,9,12.0
95737,1,2,113,2,3,40.0,0,I,MELB_URBAN,ROAD,9,5.0
95738,1,2,147,5,1,60.0,0,N,SMALL_CITIES,ROAD,9,8.0
95739,1,0,99,5,1,100.0,0,N,RURAL_VICTORIA,ROAD,9,15.0
95740,4,1,173,5,1,50.0,0,N,MELB_URBAN,AVENUE,9,7.0
95741,1,2,110,1,1,80.0,0,I,RURAL_VICTORIA,ROAD,9,8.0
95742,4,1,171,5,1,60.0,0,N,MELB_URBAN,ROAD,9,9.0
95743,1,2,121,1,1,60.0,0,I,MELB_URBAN,ROAD,9,9.0
95744,2,4,99,5,1,50.0,0,N,MELB_URBAN,ROAD,8,16.0
95745,1,2,113,1,1,50.0,0,I,MELB_URBAN,ROAD,9,8.0
95746,1,2,130,2,1,80.0,0,I,MELB_URBAN,HIGHWAY,9,11.0
95747,1,2,99,5,1,50.0,0,N,SMALL_CITIES,STREET,9,11.0
95748,2,2,99,5,1,50.0,1,N,SMALL_CITIES,ROAD,9,12.0
95749,2,2,99,5,1,40.0,0,N,MELB_URBAN,STREET,9,15.0
95750,4,2,171,5,1,80.0,0,N,RURAL_VICTORIA,ROAD,9,10.0
95751,4,2,99,5,1,60.0,0,N,LARGE_PROVINCIAL_CITIES,STREET,9,15.0
95752,1,2,99,2,1,60.0,0,I,SMALL_CITIES,HIGHWAY,9,13.0
95753,1,2,120,2,1,100.0,0,I,RURAL_VICTORIA,HIGHWAY,9,16.0
95754,1,2,130,1,2,60.0,0,I,LARGE_PROVINCIAL_CITIES,ROAD,9,18.0
95755,1,2,130,5,1,110.0,0,N,TOWNS,FREEWAY,9,17.0
95756,4,2,181,5,1,40.0,0,N,MELB_URBAN,ROAD,9,15.0
95757,1,2,110,1,1,100.0,0,I,RURAL_VICTORIA,ROAD,9,13.0
95758,2,1,99,5,3,50.0,0,N,MELB_URBAN,STREET,9,2.0
95759,1,2,110,1,1,50.0,0,I,SMALL_CITIES,AVENUE,9,17.0
95760,1,2,99,5,5,80.0,0,N,MELB_URBAN,FREEWAY,9,19.0
95761,1,2,121,4,3,60.0,0,I,MELB_URBAN,RAMP,9,20.0
95762,1,1,121,1,1,40.0,0,I,LARGE_PROVINCIAL_CITIES,STREET,7,16.0
95763,1,2,116,1,3,60.0,0,I,SMALL_CITIES,ROAD,9,4.0
95764,3,2,167,5,5,100.0,0,N,RURAL_VICTORIA,HIGHWAY,9,3.0
95765,4,3,171,5,1,80.0,0,N,MELB_URBAN,FREEWAY,9,8.0
95766,1,3,160,5,1,50.0,0,N,SMALL_CITIES,STREET,9,8.0
95767,1,2,121,2,9,80.0,0,I,SMALL_CITIES,ROAD,7,13.0
95768,2,3,102,5,1,80.0,0,N,MELB_URBAN,ROAD,9,8.0
95769,4,3,171,5,5,80.0,1,N,RURAL_VICTORIA,ROAD,9,5.0
95770,1,3,113,2,1,50.0,0,I,MELB_URBAN,ROAD,9,10.0
95771,2,3,100,2,1,60.0,0,I,MELB_URBAN,HIGHWAY,9,10.0
95772,1,3,99,2,3,60.0,0,I,SMALL_CITIES,STREET,8,18.0
95773,1,3,99,5,1,60.0,0,N,MELB_URBAN,ROAD,9,8.0
95774,1,3,110,1,1,60.0,0,I,LARGE_PROVINCIAL_CITIES,ROAD,9,11.0
95775,1,2,130,2,1,80.0,0,I,MELB_URBAN,STREET,9,17.0
95776,1,3,130,2,1,60.0,0,I,MELB_URBAN,OTHER,9,11.0
95777,4,3,173,2,1,60.0,0,N,LARGE_PROVINCIAL_CITIES,ROAD,9,14.0
95778,1,3,116,2,2,50.0,0,I,MELB_URBAN,OTHER,9,7.0
95779,1,6,130,1,2,60.0,0,I,MELB_URBAN,ROAD,8,18.0
95780,1,1,130,5,1,60.0,0,N,MELB_URBAN,ROAD,8,16.0
95781,1,3,130,1,1,80.0,0,I,MELB_URBAN,HIGHWAY,9,12.0
95782,1,3,147,2,1,60.0,0,N,MELB_URBAN,ROAD,9,14.0
95783,1,3,99,2,1,60.0,0,I,MELB_URBAN,ROAD,9,13.0
95784,2,3,100,5,1,60.0,0,N,MELB_URBAN,ROAD,9,15.0
95785,4,3,183,5,1,100.0,1,N,RURAL_VICTORIA,ROAD,9,11.0
95786,1,3,135,5,1,80.0,0,N,MELB_URBAN,HIGHWAY,9,15.0
95787,1,3,110,1,2,60.0,0,I,MELB_URBAN,ROAD,9,17.0
95788,1,3,110,1,1,60.0,0,I,MELB_URBAN,ROAD,9,15.0
95789,1,1,130,5,3,80.0,0,N,RURAL_VICTORIA,HIGHWAY,9,19.0
95790,2,3,99,5,1,40.0,0,N,MELB_URBAN,ROAD,9,17.0
95791,1,4,130,5,1,60.0,0,N,MELB_URBAN,ROAD,8,17.0
95792,1,3,160,5,1,50.0,0,N,SMALL_TOWNS,STREET,9,15.0
95793,1,3,113,2,1,60.0,0,N,LARGE_PROVINCIAL_CITIES,ROAD,9,17.0
95794,1,2,99,2,3,50.0,0,I,MELB_URBAN,DRIVE,9,19.0
95795,8,3,99,2,3,60.0,0,N,MELB_URBAN,STREET,9,19.0
95796,1,6,110,1,1,60.0,0,I,MELB_URBAN,ROAD,8,11.0
95797,2,3,100,5,1,60.0,0,I,MELB_URBAN,ROAD,9,17.0
95798,4,3,171,1,1,50.0,0,I,MELB_URBAN,DRIVE,9,17.0
95799,1,3,130,5,1,60.0,0,N,MELB_URBAN,HIGHWAY,9,14.0
95800,2,3,100,5,1,40.0,0,N,LARGE_PROVINCIAL_CITIES,ROAD,9,14.0
95801,4,4,183,2,1,100.0,0,N,RURAL_VICTORIA,HIGHWAY,9,7.0
95802,1,4,134,5,1,70.0,0,I,MELB_URBAN,ROAD,9,7.0
95803,6,5,174,5,5,100.0,0,N,RURAL_VICTORIA,ROAD,7,22.0
95804,2,4,100,1,1,50.0,0,I,TOWNS,STREET,9,9.0
95805,1,3,113,4,2,60.0,0,I,RURAL_VICTORIA,ROAD,9,17.0
95806,1,4,132,2,1,100.0,0,I,RURAL_VICTORIA,HIGHWAY,8,15.0
95807,1,2,110,1,1,50.0,0,I,TOWNS,STREET,9,8.0
95808,1,3,130,1,9,60.0,0,I,MELB_URBAN,STREET,2,17.0
95809,7,4,99,5,1,50.0,0,N,LARGE_PROVINCIAL_CITIES,STREET,9,10.0
95810,4,6,181,5,5,100.0,0,N,RURAL_VICTORIA,ROAD,7,23.0
95811,1,2,99,1,1,70.0,0,I,MELB_URBAN,ROAD,9,6.0
95812,1,2,130,2,1,60.0,0,I,MELB_URBAN,ROAD,8,14.0
95813,1,4,110,1,1,60.0,0,I,MELB_URBAN,ROAD,9,11.0
95814,2,4,100,5,1,60.0,0,I,MELB_URBAN,ROAD,9,10.0
95815,1,7,132,5,1,100.0,0,N,RURAL_VICTORIA,ROAD,9,10.0
95816,1,4,121,1,1,80.0,0,I,MELB_URBAN,ROAD,9,12.0
95817,1,4,99,5,1,60.0,0,N,MELB_URBAN,STREET,9,6.0
95818,1,4,132,2,1,100.0,0,I,RURAL_VICTORIA,ROAD,9,13.0
95819,4,4,171,5,1,60.0,0,N,MELB_URBAN,ROAD,9,12.0
95820,6,4,99,5,1,100.0,0,N,RURAL_VICTORIA,ROAD,9,13.0
95821,1,4,130,5,1,100.0,0,N,MELB_URBAN,FREEWAY,9,7.0
95822,1,3,130,1,1,60.0,0,I,MELB_URBAN,ROAD,8,11.0
95823,8,2,174,1,1,40.0,0,I,MELB_URBAN,STREET,9,17.0
95824,1,4,140,5,1,60.0,0,N,RURAL_VICTORIA,ROAD,9,16.0
95825,1,4,130,5,1,70.0,0,N,MELB_URBAN,ROAD,9,17.0
95826,1,4,121,2,1,60.0,0,I,MELB_URBAN,ROAD,9,14.0
95827,2,4,102,1,1,40.0,0,I,MELB_URBAN,STREET,9,17.0
95828,2,4,99,2,2,60.0,0,I,LARGE_PROVINCIAL_CITIES,STREET,9,18.0
95829,2,4,100,2,3,60.0,0,I,MELB_URBAN,ROAD,9,19.0
95830,1,3,130,5,1,60.0,0,N,MELB_URBAN,ROAD,9,10.0
95831,1,4,110,1,2,60.0,0,I,MELB_URBAN,STREET,9,17.0
95832,1,6,120,1,3,60.0,0,I,LARGE_PROVINCIAL_CITIES,STREET,8,17.0
95833,2,4,100,2,3,50.0,0,I,MELB_URBAN,OTHER,9,21.0
95834,2,4,99,2,3,60.0,0,N,MELB_URBAN,ROAD,9,0.0
95835,1,2,130,5,1,80.0,0,N,RURAL_VICTORIA,ROAD,9,16.0
95836,1,5,130,5,1,100.0,0,N,MELB_URBAN,FREEWAY,9,8.0
95837,1,5,130,5,1,60.0,0,I,LARGE_PROVINCIAL_CITIES,STREET,9,9.0
95838,1,5,99,2,1,50.0,0,I,MELB_URBAN,BOULEVARD,9,8.0
95839,1,5,116,1,1,70.0,0,I,LARGE_PROVINCIAL_CITIES,STREET,9,10.0
95840,1,0,130,2,1,80.0,0,I,MELB_URBAN,ROAD,8,12.0
95841,8,5,174,2,1,50.0,0,I,SMALL_CITIES,STREET,8,15.0
95842,5,7,99,2,1,80.0,0,I,RURAL_VICTORIA,ROAD,8,12.0
95843,4,4,181,5,1,100.0,0,N,RURAL_VICTORIA,ROAD,9,10.0
95844,1,5,130,1,1,80.0,0,I,MELB_URBAN,OTHER,9,7.0
95845,1,4,160,5,1,60.0,0,N,MELB_URBAN,ROAD,9,14.0
95846,1,5,171,5,1,60.0,0,I,MELB_URBAN,ROAD,9,8.0
95847,1,3,130,1,1,80.0,0,I,MELB_URBAN,ROAD,8,16.0
95848,1,5,99,5,1,40.0,0,N,MELB_URBAN,STREET,9,10.0
95849,4,5,173,5,1,100.0,0,N,MELB_URBAN,UNKNOWN,9,10.0
95850,2,5,99,2,1,50.0,1,I,MELB_URBAN,ROAD,9,7.0
95851,1,5,99,1,1,60.0,0,I,MELB_URBAN,STREET,9,8.0
95852,4,5,171,1,1,50.0,0,I,MELB_URBAN,UNKNOWN,9,9.0
95853,1,5,120,5,1,60.0,0,N,MELB_URBAN,STREET,8,16.0
95854,4,4,171,5,3,60.0,0,N,MELB_URBAN,STREET,9,22.0
95855,1,4,130,5,1,50.0,0,N,SMALL_CITIES,STREET,9,15.0
95856,1,5,111,1,1,80.0,0,I,RURAL_VICTORIA,ROAD,9,16.0
95857,1,4,130,1,1,40.0,0,N,MELB_URBAN,STREET,9,17.0
95858,5,1,99,5,1,60.0,0,N,RURAL_VICTORIA,ROAD,6,11.0
95859,1,5,99,1,1,70.0,0,I,MELB_URBAN,OTHER,9,15.0
95860,1,4,121,1,1,80.0,0,I,MELB_URBAN,HIGHWAY,9,6.0
95861,2,5,102,4,1,60.0,0,I,LARGE_PROVINCIAL_CITIES,STREET,9,17.0
95862,4,5,183,5,1,60.0,0,N,RURAL_VICTORIA,ROAD,9,13.0
95863,1,5,110,1,5,50.0,0,I,TOWNS,STREET,9,18.0
95864,1,5,130,2,3,60.0,0,I,MELB_URBAN,STREET,9,17.0
95865,2,5,102,1,3,60.0,0,I,MELB_URBAN,ROAD,9,18.0
95866,1,5,121,2,1,60.0,0,I,MELB_URBAN,STREET,9,16.0
95867,4,4,171,1,1,50.0,0,I,SMALL_CITIES,DRIVE,8,16.0
95868,1,5,110,1,1,100.0,0,I,MELB_URBAN,ROAD,9,13.0
95869,1,5,130,2,3,60.0,0,I,MELB_URBAN,STREET,9,19.0
95870,1,5,110,1,3,60.0,0,I,MELB_URBAN,STREET,9,21.0
95871,1,5,111,2,3,80.0,0,I,MELB_URBAN,ROAD,9,18.0
95872,1,5,147,5,9,60.0,0,N,MELB_URBAN,STREET,9,16.0
95873,1,5,160,5,3,40.0,0,N,MELB_URBAN,STREET,9,21.0
95874,4,5,173,1,3,50.0,0,I,MELB_URBAN,STREET,9,19.0
95875,2,5,100,1,2,60.0,0,I,MELB_URBAN,ROAD,9,6.0
95876,1,5,121,1,1,60.0,0,I,MELB_URBAN,ROAD,9,16.0