,accident_type,day_of_week,dca_code,road_geometry,light_condition,speed_zone,severity,node_type,deg_urban_name,road_type,month,hour
95877,8,4,174,5,3,40.0,0,N,LARGE_PROVINCIAL_CITIES,STREET,9,0.0
95878,4,5,181,5,3,100.0,0,N,MELB_URBAN,FREEWAY,9,23.0
95879,1,5,121,1,3,80.0,0,I,MELB_URBAN,HIGHWAY,9,22.0
95880,1,5,121,1,3,80.0,0,I,MELB_URBAN,HIGHWAY,9,19.0
95881,2,6,100,2,1,50.0,0,I,LARGE_PROVINCIAL_CITIES,STREET,9,9.0
95882,1,6,113,1,1,50.0,0,I,MELB_URBAN,OTHER,9,11.0
95883,1,6,130,1,1,60.0,0,N,MELB_URBAN,PARADE,9,9.0
95884,1,5,99,4,1,70.0,0,I,MELB_URBAN,RAMP,9,17.0
95885,1,5,140,1,1,80.0,0,I,MELB_URBAN,HIGHWAY,9,11.0
95886,1,4,130,5,1,60.0,0,N,MELB_URBAN,ROAD,9,9.0
95887,2,6,102,1,2,60.0,0,I,MELB_URBAN,OTHER,9,6.0
95888,8,6,174,5,1,100.0,0,N,RURAL_VICTORIA,HIGHWAY,9,11.0
95889,1,6,130,4,1,80.0,0,I,MELB_URBAN,HIGHWAY,9,12.0
95890,1,3,160,5,3,60.0,0,N,LARGE_PROVINCIAL_CITIES,ROAD,8,17.0
95891,1,6,130,2,1,60.0,0,I,MELB_URBAN,ROAD,9,16.0
95892,2,6,102,5,1,50.0,0,N,LARGE_PROVINCIAL_CITIES,STREET,9,14.0
95893,4,5,171,5,1,100.0,0,N,RURAL_VICTORIA,HIGHWAY,9,14.0
95894,4,5,171,5,1,60.0,0,N,MELB_URBAN,ROAD,9,15.0
95895,1,5,121,2,1,60.0,0,I,MELB_URBAN,ROAD,9,16.0
95896,1,6,130,5,1,60.0,0,N,MELB_URBAN,RAMP,9,15.0
95897,1,5,135,5,1,60.0,0,N,MELB_URBAN,PARADE,9,17.0
95898,1,6,121,2,1,60.0,0,I,MELB_URBAN,ROAD,9,17.0
95899,1,5,160,5,1,50.0,0,N,MELB_URBAN,ROAD,9,15.0
95900,2,6,100,2,1,60.0,0,I,SMALL_CITIES,STREET,9,16.0
95901,1,6,110,1,3,70.0,0,I,MELB_URBAN,ROAD,9,19.0
95902,1,6,130,5,1,110.0,0,N,RURAL_VICTORIA,FREEWAY,9,17.0
95903,1,6,121,1,3,60.0,0,I,MELB_URBAN,ROAD,9,20.0
95904,1,6,110,1,3,60.0,0,N,MELB_URBAN,OTHER,9,18.0
95905,1,6,130,2,3,60.0,0,I,MELB_URBAN,ROAD,9,20.0
95906,7,7,170,5,3,50.0,0,N,MELB_URBAN,ROAD,9,0.0
95907,4,7,99,2,3,50.0,0,I,MELB_URBAN,DRIVE,9,1.0
95908,4,7,173,5,1,60.0,0,N,MELB_URBAN,ROAD,9,6.0
95909,1,6,130,2,1,70.0,0,I,MELB_URBAN,ROAD,9,11.0
95910,1,7,121,5,1,60.0,0,N,MELB_URBAN,BOULEVARD,9,9.0
95911,1,7,121,2,1,80.0,0,I,MELB_URBAN,HIGHWAY,9,12.0
95912,1,6,110,1,1,50.0,0,I,LARGE_PROVINCIAL_CITIES,STREET,9,13.0
95913,1,6,116,4,1,80.0,0,I,RURAL_VICTORIA,RAMP,9,11.0
95914,1,7,120,5,1,60.0,0,N,TOWNS,STREET,9,8.0
95915,8,7,174,2,1,70.0,0,I,LARGE_PROVINCIAL_CITIES,HIGHWAY,9,15.0
95916,1,7,135,5,1,70.0,0,I,MELB_URBAN,ROAD,9,11.0
95917,1,7,132,5,1,50.0,0,N,MELB_URBAN,ROAD,9,13.0
95918,4,7,171,5,1,100.0,0,N,RURAL_VICTORIA,ROAD,9,10.0
95919,1,7,121,2,1,60.0,0,I,MELB_URBAN,OTHER,9,14.0
95920,8,7,184,5,1,60.0,0,N,RURAL_VICTORIA,ROAD,8,10.0
95921,1,7,121,5,1,80.0,0,N,MELB_URBAN,ROAD,9,15.0
95922,1,7,99,5,1,100.0,0,N,RURAL_VICTORIA,ROAD,9,15.0
95923,1,7,140,5,1,100.0,0,N,RURAL_VICTORIA,HIGHWAY,9,14.0
95924,1,7,121,1,1,70.0,0,I,RURAL_VICTORIA,HIGHWAY,9,5.0
95925,2,7,102,5,1,40.0,0,N,MELB_URBAN,ROAD,9,13.0
95926,2,7,102,5,3,60.0,0,N,SMALL_CITIES,STREET,9,18.0
95927,4,7,171,5,1,80.0,0,N,MELB_URBAN,ROAD,9,17.0
95928,2,7,100,1,3,40.0,0,I,MELB_URBAN,ROAD,9,20.0
95929,1,7,121,2,3,60.0,0,I,LARGE_PROVINCIAL_CITIES,STREET,9,21.0
95930,4,7,99,5,5,60.0,0,N,MELB_URBAN,STREET,9,21.0
95931,1,7,121,9,3,60.0,0,I,MELB_URBAN,ROAD,9,21.0
95932,1,6,121,1,3,60.0,0,I,MELB_URBAN,ROAD,9,23.0
95933,4,1,99,4,3,100.0,0,N,MELB_URBAN,STREET,9,4.0
95934,1,5,120,5,1,100.0,0,N,RURAL_VICTORIA,HIGHWAY,9,15.0
95935,2,7,100,1,1,50.0,0,I,MELB_URBAN,ROAD,9,11.0
95936,1,4,99,5,1,40.0,0,N,MELB_URBAN,STREET,9,16.0
95937,4,1,173,5,1,100.0,0,N,RURAL_VICTORIA,HIGHWAY,9,10.0
95938,1,7,110,1,1,60.0,0,I,MELB_URBAN,ROAD,8,15.0
95939,8,0,99,5,1,60.0,0,N,RURAL_VICTORIA,ROAD,9,11.0
95940,1,1,116,2,1,60.0,0,I,MELB_URBAN,ROAD,9,9.0
95941,1,6,130,2,9,60.0,0,I,MELB_URBAN,ROAD,9,10.0
95942,4,7,171,5,2,100.0,0,N,RURAL_VICTORIA,ROAD,9,6.0
95943,8,1,174,2,1,50.0,0,I,TOWNS,ROAD,9,12.0
95944,1,1,120,5,1,50.0,0,N,MELB_URBAN,PARADE,9,7.0
95945,8,1,99,5,1,60.0,0,N,LARGE_PROVINCIAL_CITIES,STREET,9,13.0
95946,1,1,130,5,1,60.0,0,N,MELB_URBAN,ROAD,9,12.0
95947,4,1,99,5,1,60.0,0,N,MELB_URBAN,ROAD,9,15.0
95948,1,7,130,5,3,60.0,0,N,MELB_URBAN,ROAD,9,21.0
95949,4,1,171,5,1,90.0,0,N,RURAL_VICTORIA,DRIVE,9,15.0
95950,1,1,99,5,1,40.0,0,N,LARGE_PROVINCIAL_CITIES,ROAD,9,14.0
95951,8,1,184,5,1,60.0,0,N,RURAL_VICTORIA,OTHER,9,12.0
95952,1,0,121,2,3,70.0,0,I,MELB_URBAN,ROAD,9,20.0
95953,1,1,130,5,3,60.0,0,I,MELB_URBAN,ROAD,9,19.0
95954,2,1,102,2,3,60.0,0,N,MELB_URBAN,AVENUE,9,20.0
95955,1,1,120,5,5,100.0,0,N,RURAL_VICTORIA,OTHER,9,22.0
95956,1,1,113,1,3,50.0,0,I,MELB_URBAN,ROAD,9,22.0
95957,1,2,99,1,3,60.0,0,I,MELB_URBAN,STREET,9,2.0
95958,1,2,135,5,1,100.0,0,N,MELB_URBAN,ROAD,9,7.0
95959,4,2,99,5,1,40.0,0,N,MELB_URBAN,STREET,9,9.0
95960,4,2,171,5,1,60.0,0,I,LARGE_PROVINCIAL_CITIES,ROAD,9,8.0
95961,6,0,184,5,1,60.0,0,N,RURAL_VICTORIA,OTHER,9,9.0
95962,1,2,130,2,1,80.0,0,I,TOWNS,ROAD,9,9.0
95963,1,2,130,5,1,60.0,0,N,SMALL_CITIES,HIGHWAY,9,8.0
95964,1,2,130,5,1,80.0,0,N,MELB_URBAN,ROAD,9,7.0
95965,1,2,110,1,1,50.0,0,I,TOWNS,STREET,9,13.0
95966,1,2,111,1,1,60.0,0,I,MELB_URBAN,STREET,9,9.0
95967,1,2,147,5,1,60.0,0,N,MELB_URBAN,ROAD,9,7.0
95968,1,2,121,1,1,60.0,0,I,SMALL_CITIES,STREET,9,14.0
95969,1,1,111,2,1,50.0,0,N,MELB_URBAN,STREET,9,14.0
95970,1,6,132,1,1,60.0,0,N,MELB_URBAN,ROAD,9,12.0
95971,1,6,130,5,1,60.0,0,N,RURAL_VICTORIA,ROAD,9,15.0
95972,1,1,130,2,1,60.0,0,I,MELB_URBAN,STREET,9,11.0
95973,1,2,130,5,1,40.0,0,N,SMALL_TOWNS,HIGHWAY,9,15.0
95974,1,2,134,5,1,100.0,0,N,MELB_URBAN,ROAD,9,17.0
95975,1,1,99,5,3,80.0,0,N,RURAL_VICTORIA,ROAD,9,19.0
95976,1,2,132,5,1,100.0,0,N,TOWNS,ROAD,9,16.0
95977,1,2,121,2,1,70.0,0,I,LARGE_PROVINCIAL_CITIES,STREET,9,13.0
95978,1,2,130,5,1,70.0,0,N,LARGE_PROVINCIAL_CITIES,ROAD,9,17.0
95979,1,2,110,1,1,70.0,0,I,MELB_URBAN,ROAD,9,16.0
95980,2,2,100,1,1,60.0,0,I,MELB_URBAN,ROAD,9,18.0
95981,1,2,132,5,2,100.0,0,N,RURAL_VICTORIA,HIGHWAY,9,18.0
95982,1,2,130,2,3,70.0,0,N,MELB_URBAN,ROAD,9,21.0
95983,1,2,147,5,2,80.0,1,N,RURAL_VICTORIA,ROAD,9,18.0
95984,1,2,121,1,3,70.0,0,I,LARGE_PROVINCIAL_CITIES,ROAD,9,22.0
95985,4,3,99,5,3,50.0,0,N,LARGE_PROVINCIAL_CITIES,ROAD,9,2.0
95986,1,5,130,5,1,60.0,0,N,SMALL_CITIES,ROAD,8,15.0
95987,1,2,135,5,1,100.0,0,N,MELB_URBAN,FREEWAY,9,15.0
95988,1,3,133,5,1,50.0,0,N,MELB_URBAN,STREET,9,8.0
95989,1,3,130,5,1,80.0,0,N,MELB_URBAN,HIGHWAY,9,8.0
95990,1,3,130,1,1,60.0,0,I,MELB_URBAN,ROAD,9,9.0
95991,6,3,99,5,1,100.0,0,N,RURAL_VICTORIA,ROAD,9,8.0
95992,1,3,140,5,1,60.0,1,N,MELB_URBAN,ROAD,9,10.0
95993,1,3,99,5,1,60.0,0,N,MELB_URBAN,ROAD,9,6.0
95994,1,3,130,5,1,80.0,0,N,MELB_URBAN,HIGHWAY,9,7.0
95995,1,3,121,2,1,60.0,0,I,MELB_URBAN,STREET,9,13.0
95996,1,3,130,5,1,60.0,0,N,MELB_URBAN,ROAD,9,13.0
95997,1,2,130,5,1,40.0,0,N,MELB_URBAN,ROAD,9,11.0
95998,2,3,99,5,1,60.0,0,N,MELB_URBAN,AVENUE,9,10.0
95999,1,3,110,1,1,50.0,0,I,SMALL_CITIES,STREET,9,17.0
96000,2,3,102,1,1,60.0,0,I,MELB_URBAN,STREET,9,15.0
96001,1,2,130,5,1,100.0,0,N,MELB_URBAN,UNKNOWN,9,15.0
96002,4,3,181,5,5,60.0,0,N,RURAL_VICTORIA,ROAD,9,18.0
96003,1,3,113,1,3,80.0,0,I,MELB_URBAN,ROAD,9,18.0
96004,2,3,99,1,1,40.0,0,I,MELB_URBAN,ROAD,9,15.0
96005,1,2,113,2,1,80.0,0,I,RURAL_VICTORIA,ROAD,9,15.0
96006,1,3,132,2,3,60.0,0,I,MELB_URBAN,ROAD,9,18.0
96007,4,3,173,5,3,80.0,0,N,SMALL_CITIES,ROAD,9,19.0
96008,1,3,130,1,9,80.0,0,I,MELB_URBAN,ROAD,9,10.0
96009,1,3,130,5,3,100.0,0,N,MELB_URBAN,FREEWAY,9,18.0
96010,1,3,130,1,3,70.0,0,I,RURAL_VICTORIA,ROAD,9,20.0
96011,1,7,130,1,3,60.0,0,I,MELB_URBAN,ROAD,8,19.0
96012,2,2,102,5,5,50.0,0,N,MELB_URBAN,ROAD,9,20.0
96013,1,4,121,2,1,60.0,0,I,MELB_URBAN,ROAD,9,8.0
96014,1,2,130,1,1,100.0,0,I,RURAL_VICTORIA,ROAD,9,13.0
96015,1,3,130,2,1,40.0,0,I,TOWNS,HIGHWAY,9,8.0
96016,8,4,170,5,1,100.0,0,N,RURAL_VICTORIA,HIGHWAY,9,9.0
96017,1,3,130,2,1,60.0,0,I,MELB_URBAN,ROAD,9,8.0
96018,1,3,130,5,9,60.0,0,I,MELB_URBAN,ROAD,9,10.0
96019,1,4,130,5,1,110.0,0,N,RURAL_VICTORIA,FREEWAY,9,9.0
96020,8,4,170,2,1,60.0,0,I,LARGE_PROVINCIAL_CITIES,ROAD,9,10.0
96021,1,6,120,2,1,60.0,0,N,MELB_URBAN,ROAD,9,7.0
96022,4,3,181,5,1,100.0,0,N,RURAL_VICTORIA,ROAD,9,11.0
96023,2,3,100,2,1,30.0,0,I,MELB_URBAN,STREET,9,12.0
96024,1,4,110,1,1,60.0,0,I,MELB_URBAN,STREET,9,8.0
96025,4,4,171,5,1,100.0,0,N,MELB_URBAN,UNKNOWN,9,10.0
96026,1,3,130,5,1,50.0,0,N,MELB_URBAN,STREET,9,8.0
96027,1,3,110,1,1,50.0,0,I,MELB_URBAN,ROAD,9,17.0
96028,1,4,130,5,1,70.0,0,N,MELB_URBAN,ROAD,8,7.0
96029,4,3,171,5,3,40.0,0,N,LARGE_PROVINCIAL_CITIES,ROAD,9,19.0
96030,1,3,99,5,1,100.0,0,N,RURAL_VICTORIA,HIGHWAY,9,15.0
96031,1,4,130,5,1,60.0,0,N,MELB_URBAN,ROAD,9,10.0
96032,1,3,130,5,1,90.0,0,N,MELB_URBAN,ROAD,9,8.0
96033,6,4,174,1,2,70.0,0,I,RURAL_VICTORIA,ROAD,9,18.0
96034,1,4,111,2,2,60.0,0,I,TOWNS,ROAD,9,17.0
96035,1,4,135,5,5,100.0,0,N,MELB_URBAN,ROAD,9,19.0
96036,2,4,99,5,3,50.0,0,N,SMALL_CITIES,OTHER,9,19.0
96037,3,4,167,5,5,80.0,0,N,RURAL_VICTORIA,ROAD,9,20.0
96038,2,3,100,5,3,80.0,0,I,MELB_URBAN,HIGHWAY,9,20.0
96039,1,3,130,5,1,100.0,0,N,MELB_URBAN,FREEWAY,9,17.0
96040,4,4,173,5,5,60.0,0,N,RURAL_VICTORIA,ROAD,9,19.0
96041,5,4,99,5,1,50.0,0,N,MELB_URBAN,DRIVE,9,17.0
96042,1,5,130,5,2,60.0,0,I,MELB_URBAN,ROAD,9,6.0
96043,1,6,130,1,1,70.0,0,I,MELB_URBAN,ROAD,8,10.0
96044,1,3,160,5,1,40.0,0,N,MELB_URBAN,ROAD,9,12.0
96045,1,3,130,2,3,60.0,0,I,MELB_URBAN,ROAD,9,20.0
96046,1,5,133,5,1,80.0,0,N,MELB_URBAN,HIGHWAY,9,7.0
96047,1,5,99,1,1,60.0,0,I,MELB_URBAN,ROAD,9,7.0
96048,8,4,99,1,1,50.0,0,I,MELB_URBAN,STREET,9,17.0
96049,1,4,130,5,1,60.0,0,N,MELB_URBAN,ROAD,9,8.0
96050,1,5,130,5,1,40.0,0,I,MELB_URBAN,ROAD,9,9.0
96051,1,5,121,1,1,60.0,0,I,MELB_URBAN,STREET,9,9.0
96052,2,5,100,2,1,60.0,0,I,MELB_URBAN,ROAD,9,8.0
96053,1,4,135,5,1,80.0,0,N,MELB_URBAN,RAMP,9,10.0
96054,1,5,130,1,1,70.0,0,I,MELB_URBAN,ROAD,9,12.0
96055,1,5,99,1,9,50.0,0,I,MELB_URBAN,STREET,9,7.0
96056,4,1,171,5,3,70.0,0,N,MELB_URBAN,ROAD,9,2.0
96057,1,5,130,4,1,60.0,0,I,LARGE_PROVINCIAL_CITIES,ROAD,9,14.0
96058,4,4,173,5,1,100.0,1,N,RURAL_VICTORIA,ROAD,9,10.0
96059,4,5,99,5,1,70.0,0,N,MELB_URBAN,HIGHWAY,9,14.0
96060,2,5,99,5,1,50.0,0,N,MELB_URBAN,OTHER,9,13.0
96061,1,5,130,2,2,60.0,0,I,MELB_URBAN,STREET,7,17.0
96062,1,5,111,2,1,60.0,0,I,MELB_URBAN,DRIVE,9,9.0
96063,1,5,130,5,1,60.0,0,N,SMALL_CITIES,DRIVE,9,15.0
96064,1,5,130,5,1,60.0,0,N,TOWNS,FREEWAY,9,15.0
96065,1,5,99,5,1,50.0,0,N,SMALL_CITIES,STREET,9,14.0
96066,1,5,147,5,1,60.0,0,I,MELB_URBAN,ROAD,9,16.0
96067,1,5,111,2,1,80.0,0,I,MELB_URBAN,ROAD,9,16.0
96068,1,5,121,2,1,60.0,0,I,MELB_URBAN,ROAD,9,16.0
96069,1,4,121,2,1,40.0,0,I,MELB_URBAN,ROAD,9,16.0
96070,1,3,110,1,1,60.0,0,N,MELB_URBAN,ROAD,9,10.0
96071,1,4,116,2,1,60.0,0,I,MELB_URBAN,ROAD,9,17.0
96072,1,5,121,1,1,80.0,0,I,MELB_URBAN,ROAD,9,15.0
96073,1,5,120,5,5,70.0,0,N,MELB_URBAN,DRIVE,9,19.0
96074,1,5,121,1,3,60.0,0,I,MELB_URBAN,ROAD,9,20.0
96075,1,5,147,5,1,60.0,0,N,MELB_URBAN,ROAD,9,16.0
96076,4,5,171,5,5,60.0,0,N,RURAL_VICTORIA,ROAD,9,4.0
96077,1,4,113,2,1,40.0,0,I,MELB_URBAN,OTHER,9,17.0
96078,1,5,121,5,3,70.0,0,N,MELB_URBAN,ROAD,9,19.0
96079,1,3,113,2,2,50.0,0,I,MELB_URBAN,DRIVE,9,17.0
96080,1,6,140,5,1,60.0,0,N,MELB_URBAN,ROAD,9,9.0
96081,4,5,181,5,5,50.0,0,N,RURAL_VICTORIA,OTHER,9,22.0
96082,4,5,171,5,1,50.0,0,N,MELB_URBAN,ROAD,9,8.0
96083,8,0,174,2,1,60.0,0,N,RURAL_VICTORIA,ROAD,9,11.0
96084,1,4,130,2,1,60.0,0,I,MELB_URBAN,ROAD,8,15.0
96085,1,5,130,5,1,80.0,0,N,MELB_URBAN,HIGHWAY,9,8.0
96086,1,3,99,5,1,50.0,0,N,SMALL_CITIES,STREET,9,12.0
96087,1,6,121,5,1,60.0,0,N,SMALL_CITIES,HIGHWAY,9,8.0
96088,1,5,110,1,1,50.0,0,I,MELB_URBAN,STREET,9,8.0
96089,4,6,171,5,1,80.0,0,N,RURAL_VICTORIA,HIGHWAY,9,10.0
96090,1,2,163,5,1,60.0,0,N,MELB_URBAN,ROAD,8,11.0
96091,2,6,100,2,1,60.0,0,N,MELB_URBAN,ROAD,9,11.0
96092,1,3,130,5,2,60.0,0,N,RURAL_VICTORIA,ROAD,9,17.0
96093,1,4,99,5,2,110.0,0,N,RURAL_VICTORIA,FREEWAY,9,18.0
96094,1,6,99,5,1,50.0,0,N,MELB_URBAN,STREET,9,9.0
96095,1,6,111,2,1,50.0,0,I,MELB_URBAN,ROAD,9,10.0
96096,4,4,171,5,5,60.0,0,N,RURAL_VICTORIA,ROAD,8,18.0
96097,4,5,171,5,3,80.0,0,N,MELB_URBAN,ROAD,8,2.0
96098,4,6,181,5,9,100.0,1,N,RURAL_VICTORIA,ROAD,9,7.0
96099,1,3,99,1,3,60.0,0,I,MELB_URBAN,HIGHWAY,9,20.0
96100,1,6,110,1,1,80.0,1,I,RURAL_VICTORIA,ROAD,9,13.0
96101,1,6,99,5,1,50.0,0,N,TOWNS,STREET,9,13.0
96102,1,6,110,1,1,60.0,0,I,SMALL_CITIES,ROAD,9,7.0
96103,1,3,130,5,1,80.0,0,I,MELB_URBAN,ROAD,9,11.0
96104,4,5,173,5,1,60.0,0,N,MELB_URBAN,ROAD,9,12.0
96105,1,6,130,2,1,40.0,0,I,MELB_URBAN,OTHER,9,15.0
96106,1,4,163,5,9,60.0,0,N,MELB_URBAN,STREET,9,14.0
96107,1,6,147,5,1,40.0,0,N,SMALL_CITIES,STREET,9,15.0
96108,1,6,132,5,1,100.0,0,N,RURAL_VICTORIA,HIGHWAY,9,10.0
96109,4,6,173,5,1,100.0,1,N,RURAL_VICTORIA,ROAD,9,12.0
96110,1,6,121,1,1,60.0,0,I,MELB_URBAN,STREET,9,16.0
96111,1,6,130,5,1,100.0,0,N,MELB_URBAN,FREEWAY,9,15.0
96112,1,3,163,5,9,60.0,0,N,MELB_URBAN,STREET,9,19.0
96113,1,6,130,1,1,60.0,0,I,MELB_URBAN,STREET,9,14.0
96114,1,5,121,2,1,60.0,0,I,MELB_URBAN,ROAD,9,17.0
96115,2,5,102,2,1,40.0,0,I,LARGE_PROVINCIAL_CITIES,STREET,9,15.0
96116,1,6,113,2,3,80.0,0,I,MELB_URBAN,ROAD,9,18.0
96117,1,4,130,5,2,100.0,0,N,RURAL_VICTORIA,FREEWAY,9,5.0
96118,2,6,100,2,3,40.0,0,I,MELB_URBAN,OTHER,9,20.0
96119,1,6,120,2,1,100.0,1,N,RURAL_VICTORIA,HIGHWAY,9,14.0
96120,4,6,171,5,5,100.0,0,N,RURAL_VICTORIA,OTHER,9,21.0
96121,1,7,110,1,3,60.0,0,I,MELB_URBAN,DRIVE,9,1.0
96122,8,6,99,5,3,80.0,0,N,MELB_URBAN,ROAD,9,22.0
96123,1,4,134,5,1,50.0,0,N,MELB_URBAN,ROAD,9,14.0
96124,1,2,130,1,1,60.0,0,I,SMALL_CITIES,AVENUE,8,9.0
96125,1,7,130,5,6,60.0,0,N,MELB_URBAN,DRIVE,9,6.0
96126,1,6,130,5,1,70.0,0,N,MELB_URBAN,ROAD,9,8.0
96127,1,7,99,5,1,100.0,0,N,RURAL_VICTORIA,FREEWAY,9,8.0
96128,1,6,130,5,5,100.0,0,N,RURAL_VICTORIA,HIGHWAY,9,19.0
96129,8,6,174,5,1,100.0,0,I,RURAL_VICTORIA,OTHER,9,9.0
96130,1,4,121,2,1,70.0,0,I,LARGE_PROVINCIAL_CITIES,STREET,9,17.0
96131,4,7,181,5,1,60.0,0,N,MELB_URBAN,ROAD,9,9.0
96132,1,7,121,2,1,60.0,0,I,MELB_URBAN,ROAD,9,9.0
96133,4,6,171,5,1,50.0,0,N,MELB_URBAN,BOULEVARD,9,8.0
96134,1,7,121,2,1,50.0,0,I,MELB_URBAN,STREET,9,10.0
96135,1,7,99,5,1,60.0,0,N,MELB_URBAN,ROAD,9,11.0
96136,2,7,102,2,1,40.0,0,I,MELB_URBAN,STREET,9,13.0
96137,1,7,130,5,1,80.0,0,N,MELB_URBAN,ROAD,9,11.0
96138,1,7,120,5,1,60.0,0,N,MELB_URBAN,ROAD,9,10.0
96139,1,7,160,1,1,50.0,0,I,LARGE_PROVINCIAL_CITIES,STREET,9,13.0
96140,1,7,130,1,1,60.0,0,I,MELB_URBAN,ROAD,7,13.0
96141,4,7,181,5,1,80.0,0,N,RURAL_VICTORIA,HIGHWAY,9,11.0
96142,1,7,121,2,1,60.0,0,I,MELB_URBAN,ROAD,9,14.0
96143,2,7,102,1,1,40.0,0,I,LARGE_PROVINCIAL_CITIES,STREET,9,14.0
96144,2,7,99,5,1,60.0,0,N,MELB_URBAN,ROAD,9,15.0
96145,1,5,135,5,1,60.0,0,N,MELB_URBAN,ROAD,9,8.0
96146,1,7,113,2,1,60.0,0,I,MELB_URBAN,ROAD,9,14.0
96147,4,7,171,5,3,80.0,0,N,MELB_URBAN,ROAD,9,18.0
96148,6,7,174,1,3,40.0,0,I,MELBOURNE_CBD,STREET,9,19.0
96149,1,7,133,5,1,60.0,0,N,MELB_URBAN,ROAD,9,13.0
96150,1,7,130,5,3,80.0,0,N,MELB_URBAN,ROAD,9,20.0
96151,2,7,100,5,3,40.0,0,N,MELB_URBAN,ROAD,9,17.0
96152,1,6,130,2,3,60.0,0,I,MELB_URBAN,ROAD,9,19.0
96153,1,6,130,5,1,80.0,0,I,MELB_URBAN,HIGHWAY,9,16.0
96154,4,7,171,5,2,80.0,0,N,MELB_URBAN,ROAD,9,6.0
96155,1,7,160,5,3,50.0,0,N,TOWNS,STREET,9,21.0
96156,1,7,99,2,3,60.0,0,N,MELB_URBAN,STREET,9,23.0
96157,4,1,173,5,5,60.0,0,N,SMALL_CITIES,ROAD,9,0.0
96158,4,1,181,2,5,100.0,0,I,RURAL_VICTORIA,ROAD,9,0.0
96159,4,0,171,5,3,70.0,0,N,MELB_URBAN,ROAD,9,1.0
96160,1,6,130,2,1,100.0,0,N,RURAL_VICTORIA,ROAD,9,15.0
96161,6,0,174,5,3,50.0,0,N,MELB_URBAN,ROAD,9,3.0
96162,4,7,99,1,3,60.0,0,I,MELB_URBAN,ROAD,9,23.0
96163,8,7,99,5,6,110.0,0,N,RURAL_VICTORIA,FREEWAY,9,19.0
96164,4,3,173,5,2,100.0,0,N,RURAL_VICTORIA,ROAD,8,7.0
96165,1,1,147,5,1,60.0,0,N,MELB_URBAN,ROAD,9,9.0
96166,1,0,147,5,1,60.0,0,N,MELB_URBAN,UNKNOWN,9,10.0
96167,1,1,99,2,1,40.0,0,I,MELB_URBAN,ROAD,9,11.0
96168,9,1,147,5,1,60.0,0,N,MELB_URBAN,STREET,9,7.0
96169,4,1,99,5,1,100.0,0,N,RURAL_VICTORIA,OTHER,9,11.0
96170,1,1,121,2,1,60.0,0,I,MELB_URBAN,ROAD,9,10.0
96171,1,0,110,1,1,50.0,0,I,MELB_URBAN,STREET,9,10.0
96172,1,5,130,2,1,60.0,0,N,MELB_URBAN,ROAD,9,8.0
96173,1,1,120,5,1,100.0,0,N,RURAL_VICTORIA,HIGHWAY,9,10.0
96174,6,1,99,5,1,50.0,0,N,TOWNS,STREET,9,11.0
96175,1,1,135,2,1,60.0,0,I,MELB_URBAN,HIGHWAY,9,8.0
96176,1,1,111,2,1,80.0,0,I,MELB_URBAN,ROAD,9,14.0
96177,1,1,130,5,1,80.0,0,N,MELB_URBAN,ROAD,9,15.0
96178,8,1,174,2,1,60.0,0,I,MELB_URBAN,ROAD,9,16.0
96179,1,1,121,2,1,40.0,0,I,MELB_URBAN,ROAD,9,15.0
96180,1,1,111,2,1,100.0,0,I,RURAL_VICTORIA,HIGHWAY,9,14.0
96181,1,1,113,2,1,80.0,0,I,MELB_URBAN,ROAD,9,13.0
96182,1,1,111,2,1,60.0,0,I,MELB_URBAN,HIGHWAY,9,15.0
96183,1,1,135,5,3,100.0,0,N,MELB_URBAN,FREEWAY,9,19.0
96184,1,1,130,2,3,50.0,0,I,MELB_URBAN,ROAD,9,20.0
96185,1,1,160,5,3,60.0,0,N,MELB_URBAN,ROAD,9,19.0
96186,1,7,132,5,2,80.0,0,N,MELB_URBAN,ROAD,9,17.0
96187,1,1,133,5,5,100.0,0,N,TOWNS,ROAD,9,20.0
96188,5,1,99,5,3,50.0,0,N,MELB_URBAN,STREET,9,19.0
96189,1,1,110,1,3,60.0,0,I,MELB_URBAN,ROAD,9,18.0
96190,1,1,160,5,3,60.0,0,N,MELB_URBAN,STREET,9,21.0
96191,4,2,183,5,5,110.0,0,N,RURAL_VICTORIA,FREEWAY,9,0.0
96192,6,2,99,1,3,60.0,0,I,MELB_URBAN,STREET,9,2.0
96193,1,2,99,2,1,60.0,0,N,MELB_URBAN,ROAD,9,6.0
96194,1,2,135,5,1,100.0,0,N,MELB_URBAN,FREEWAY,9,6.0
96195,8,2,99,5,1,80.0,0,N,RURAL_VICTORIA,ROAD,9,6.0
96196,1,1,160,5,1,50.0,0,N,MELB_URBAN,AVENUE,9,17.0
96197,1,2,130,5,1,80.0,0,N,RURAL_VICTORIA,ROAD,9,8.0
96198,6,1,99,4,9,60.0,0,I,MELB_URBAN,ROAD,9,4.0
96199,1,2,113,1,1,80.0,0,I,MELB_URBAN,HIGHWAY,9,9.0
96200,1,2,113,2,1,80.0,0,I,SMALL_CITIES,HIGHWAY,9,8.0
96201,8,5,99,2,1,100.0,0,I,RURAL_VICTORIA,ROAD,9,12.0
96202,1,2,120,5,1,100.0,0,N,RURAL_VICTORIA,ROAD,9,8.0
96203,2,2,99,5,1,40.0,0,N,MELB_URBAN,DRIVE,9,8.0
96204,1,3,99,2,1,60.0,0,I,MELB_URBAN,STREET,9,15.0
96205,1,2,130,5,1,80.0,0,N,MELB_URBAN,FREEWAY,9,8.0
96206,1,4,160,5,3,60.0,0,N,MELB_URBAN,ROAD,9,19.0
96207,6,2,110,1,1,60.0,0,I,LARGE_PROVINCIAL_CITIES,ROAD,9,8.0
96208,1,1,130,5,1,70.0,0,N,MELB_URBAN,ROAD,9,12.0
96209,1,1,173,5,3,50.0,0,N,MELB_URBAN,STREET,9,18.0