,accident_type,day_of_week,dca_code,road_geometry,light_condition,speed_zone,severity,node_type,deg_urban_name,road_type,month,hour
96210,6,2,99,2,2,100.0,0,I,RURAL_VICTORIA,HIGHWAY,9,5.0
96211,1,6,130,2,1,60.0,0,N,MELB_URBAN,ROAD,7,17.0
96212,1,2,110,1,1,60.0,0,I,SMALL_CITIES,PARADE,9,14.0
96213,4,1,171,5,3,60.0,0,I,LARGE_PROVINCIAL_CITIES,STREET,9,0.0
96214,6,2,174,1,1,60.0,0,I,MELB_URBAN,ROAD,8,7.0
96215,6,2,170,2,1,50.0,0,I,MELB_URBAN,ROAD,9,9.0
96216,4,5,171,5,5,60.0,0,N,MELB_URBAN,ROAD,7,3.0
96217,1,2,147,2,1,80.0,0,I,MELB_URBAN,HIGHWAY,9,14.0
96218,1,3,130,4,3,60.0,0,I,MELB_URBAN,ROAD,8,6.0
96219,1,2,110,1,1,60.0,0,I,RURAL_VICTORIA,HIGHWAY,9,13.0
96220,8,2,99,5,1,40.0,0,I,MELB_URBAN,STREET,9,9.0
96221,1,2,163,2,1,60.0,0,N,MELB_URBAN,STREET,9,9.0
96222,2,2,99,2,1,60.0,0,I,MELB_URBAN,ROAD,9,17.0
96223,1,2,130,5,1,60.0,0,N,RURAL_VICTORIA,ROAD,9,17.0
96224,1,2,130,2,1,60.0,0,I,MELB_URBAN,ROAD,9,16.0
96225,1,2,121,1,3,80.0,0,I,MELB_URBAN,ROAD,9,18.0
96226,1,2,110,1,1,80.0,0,I,RURAL_VICTORIA,STREET,9,15.0
96227,1,2,135,5,3,60.0,0,N,MELB_URBAN,ROAD,9,21.0
96228,1,2,99,5,1,50.0,0,N,SMALL_CITIES,AVENUE,9,14.0
96229,1,6,130,5,1,60.0,0,N,MELB_URBAN,PARADE,9,13.0
96230,1,3,110,1,1,80.0,0,I,MELB_URBAN,ROAD,9,6.0
96231,1,3,113,2,1,50.0,0,I,MELB_URBAN,STREET,9,6.0
96232,1,5,99,2,1,50.0,0,I,MELB_URBAN,STREET,9,7.0
96233,2,3,100,5,1,60.0,0,N,MELB_URBAN,STREET,9,7.0
96234,4,3,171,5,1,50.0,0,N,RURAL_VICTORIA,ROAD,9,7.0
96235,1,3,121,5,1,50.0,0,N,MELB_URBAN,ROAD,9,8.0
96236,1,1,111,2,1,100.0,0,I,SMALL_CITIES,STREET,9,16.0
96237,1,3,113,2,2,60.0,0,I,TOWNS,STREET,9,7.0
96238,7,3,99,2,2,40.0,0,N,MELB_URBAN,OTHER,5,18.0
96239,1,3,121,2,1,60.0,0,I,MELB_URBAN,ROAD,9,11.0
96240,1,3,110,4,1,70.0,0,N,MELB_URBAN,ROAD,9,11.0
96241,1,3,130,5,1,100.0,1,N,MELB_URBAN,ROAD,9,7.0
96242,1,3,99,5,1,60.0,0,N,TOWNS,STREET,9,11.0
96243,4,3,171,2,1,80.0,0,N,MELB_URBAN,ROAD,9,10.0
96244,6,3,184,5,1,100.0,0,N,RURAL_VICTORIA,ROAD,9,11.0
96245,3,5,167,5,9,60.0,0,N,MELB_URBAN,ROAD,9,18.0
96246,1,3,130,5,1,60.0,0,N,SMALL_CITIES,ROAD,9,8.0
96247,1,3,121,1,2,60.0,0,I,MELB_URBAN,ROAD,9,7.0
96248,1,3,130,5,1,60.0,0,N,MELB_URBAN,PARADE,9,17.0
96249,4,3,181,5,2,80.0,0,N,RURAL_VICTORIA,ROAD,9,17.0
96250,1,2,135,5,3,100.0,0,N,MELB_URBAN,FREEWAY,9,22.0
96251,8,2,170,5,1,100.0,0,N,RURAL_VICTORIA,HIGHWAY,9,17.0
96252,1,3,134,5,3,60.0,0,N,MELB_URBAN,STREET,9,21.0
96253,1,3,121,5,1,70.0,0,N,MELB_URBAN,ROAD,9,15.0
96254,4,3,171,5,1,100.0,1,N,RURAL_VICTORIA,ROAD,9,15.0
96255,1,3,121,1,3,40.0,0,I,MELB_URBAN,STREET,9,19.0
96256,4,4,99,5,4,60.0,0,N,LARGE_PROVINCIAL_CITIES,OTHER,9,1.0
96257,1,4,121,1,3,80.0,0,I,MELB_URBAN,STREET,9,2.0
96258,1,2,130,1,3,60.0,0,I,LARGE_PROVINCIAL_CITIES,STREET,9,21.0
96259,1,4,113,2,1,80.0,0,I,MELB_URBAN,ROAD,9,7.0
96260,1,4,121,2,1,60.0,0,I,MELB_URBAN,ROAD,9,9.0
96261,1,4,130,5,1,60.0,0,N,SMALL_TOWNS,ROAD,9,10.0
96262,4,2,171,5,1,80.0,0,N,MELB_URBAN,ROAD,9,15.0
96263,1,4,99,1,1,100.0,0,I,SMALL_TOWNS,ROAD,9,8.0
96264,2,3,100,1,3,50.0,0,I,MELB_URBAN,ROAD,9,20.0
96265,1,4,130,1,1,100.0,0,I,RURAL_VICTORIA,HIGHWAY,9,11.0
96266,1,4,121,2,1,60.0,0,I,MELB_URBAN,ROAD,9,7.0
96267,2,4,99,5,1,40.0,0,N,LARGE_PROVINCIAL_CITIES,STREET,9,9.0
96268,1,4,121,1,1,80.0,0,I,MELB_URBAN,HIGHWAY,9,12.0
96269,1,4,110,4,1,80.0,0,I,RURAL_VICTORIA,RAMP,9,10.0
96270,1,4,113,2,1,100.0,0,I,RURAL_VICTORIA,ROAD,9,12.0
96271,4,2,99,3,5,80.0,0,N,RURAL_VICTORIA,ROAD,9,19.0
96272,1,4,110,1,1,50.0,0,I,MELB_URBAN,STREET,9,9.0
96273,1,4,99,5,1,40.0,0,N,MELB_URBAN,STREET,9,15.0
96274,8,4,99,2,1,50.0,0,I,TOWNS,STREET,9,15.0
96275,1,4,110,1,1,50.0,0,I,MELB_URBAN,AVENUE,9,15.0
96276,2,3,100,1,1,60.0,0,I,MELB_URBAN,ROAD,9,12.0
96277,1,4,133,1,1,60.0,0,I,MELB_URBAN,ROAD,9,17.0
96278,2,4,100,2,1,60.0,0,N,MELB_URBAN,STREET,9,15.0
96279,9,4,99,5,9,50.0,0,N,MELB_URBAN,STREET,9,0.0
96280,1,6,130,1,3,60.0,0,N,MELB_URBAN,ROAD,9,1.0
96281,2,3,102,5,1,70.0,0,N,LARGE_PROVINCIAL_CITIES,ROAD,9,17.0
96282,1,4,110,1,1,60.0,0,I,LARGE_PROVINCIAL_CITIES,STREET,9,17.0
96283,1,1,140,5,1,60.0,0,N,MELB_URBAN,ROAD,9,12.0
96284,4,5,181,5,1,100.0,0,N,RURAL_VICTORIA,ROAD,9,14.0
96285,4,4,173,1,1,100.0,0,I,RURAL_VICTORIA,OTHER,9,18.0
96286,4,1,173,5,1,70.0,0,N,MELB_URBAN,ROAD,9,17.0
96287,1,3,113,3,1,100.0,0,I,RURAL_VICTORIA,ROAD,9,15.0
96288,1,4,113,1,3,60.0,0,I,MELB_URBAN,ROAD,9,20.0
96289,1,4,99,5,3,70.0,0,N,MELB_URBAN,STREET,9,21.0
96290,4,4,171,5,1,100.0,0,N,RURAL_VICTORIA,ROAD,9,17.0
96291,1,4,121,1,3,60.0,0,I,MELB_URBAN,ROAD,9,22.0
96292,2,5,99,5,3,50.0,0,N,LARGE_PROVINCIAL_CITIES,OTHER,9,21.0
96293,2,4,102,2,3,60.0,0,I,MELB_URBAN,STREET,9,21.0
96294,1,5,133,5,3,60.0,0,N,MELB_URBAN,ROAD,9,1.0
96295,4,5,173,5,5,110.0,0,N,TOWNS,FREEWAY,9,0.0
96296,1,6,99,5,1,110.0,0,N,RURAL_VICTORIA,HIGHWAY,8,14.0
96297,1,5,130,5,1,110.0,0,N,RURAL_VICTORIA,FREEWAY,9,6.0
96298,1,5,140,2,1,50.0,0,I,MELB_URBAN,AVENUE,9,7.0
96299,1,5,130,5,1,80.0,0,N,MELB_URBAN,HIGHWAY,9,17.0
96300,1,5,130,5,1,60.0,0,N,LARGE_PROVINCIAL_CITIES,ROAD,9,9.0
96301,1,5,135,5,1,60.0,0,N,MELB_URBAN,ROAD,9,8.0
96302,1,1,130,2,1,60.0,0,I,MELB_URBAN,ROAD,9,13.0
96303,2,5,99,5,1,40.0,0,N,MELB_URBAN,STREET,9,9.0
96304,1,5,130,5,1,60.0,0,N,RURAL_VICTORIA,FREEWAY,9,9.0
96305,1,5,135,5,1,40.0,0,N,MELB_URBAN,ROAD,9,11.0
96306,1,5,113,2,1,80.0,0,I,RURAL_VICTORIA,HIGHWAY,9,8.0
96307,4,5,181,5,1,60.0,0,N,MELB_URBAN,ROAD,9,9.0
96308,2,5,99,5,1,50.0,0,N,MELB_URBAN,AVENUE,9,8.0
96309,1,4,133,5,6,100.0,0,N,RURAL_VICTORIA,OTHER,9,18.0
96310,1,5,113,2,1,60.0,0,I,MELB_URBAN,STREET,9,12.0
96311,1,1,130,5,1,100.0,0,N,RURAL_VICTORIA,HIGHWAY,9,10.0
96312,1,3,132,2,3,80.0,0,I,LARGE_PROVINCIAL_CITIES,OTHER,9,19.0
96313,1,5,99,5,1,60.0,0,N,MELB_URBAN,AVENUE,9,12.0
96314,2,1,100,1,1,60.0,0,I,MELB_URBAN,ROAD,9,15.0
96315,1,7,130,4,1,80.0,0,I,MELB_URBAN,RAMP,9,10.0
96316,1,6,110,1,9,60.0,0,I,SMALL_CITIES,STREET,9,16.0
96317,4,5,173,5,1,100.0,0,N,RURAL_VICTORIA,ROAD,9,16.0
96318,1,5,130,5,2,80.0,0,N,MELB_URBAN,ROAD,9,17.0
96319,1,5,110,1,3,60.0,0,I,MELB_URBAN,STREET,9,18.0
96320,1,5,99,2,1,100.0,0,I,RURAL_VICTORIA,ROAD,9,15.0
96321,8,5,174,5,2,80.0,0,N,MELB_URBAN,ROAD,9,18.0
96322,1,1,121,2,1,60.0,0,I,MELB_URBAN,STREET,9,9.0
96323,1,5,113,1,3,60.0,0,I,MELB_URBAN,STREET,9,20.0
96324,1,2,132,5,1,80.0,0,N,MELB_URBAN,ROAD,9,14.0
96325,4,5,173,5,5,80.0,0,N,RURAL_VICTORIA,ROAD,9,21.0
96326,1,5,113,1,3,60.0,0,I,MELB_URBAN,ROAD,9,23.0
96327,3,5,167,5,5,60.0,0,N,RURAL_VICTORIA,ROAD,9,23.0
96328,4,6,171,5,3,60.0,0,N,MELB_URBAN,ROAD,9,1.0
96329,2,6,102,5,2,50.0,0,N,RURAL_VICTORIA,DRIVE,9,5.0
96330,1,2,130,2,1,50.0,0,I,MELB_URBAN,ROAD,9,16.0
96331,1,4,99,5,9,60.0,0,N,MELB_URBAN,STREET,9,8.0
96332,1,5,130,1,1,60.0,0,I,MELB_URBAN,ROAD,8,15.0
96333,1,5,113,2,3,100.0,0,I,RURAL_VICTORIA,HIGHWAY,9,20.0
96334,1,5,140,5,1,70.0,0,I,MELB_URBAN,ROAD,9,15.0
96335,3,5,167,5,2,100.0,0,N,RURAL_VICTORIA,ROAD,6,18.0
96336,1,6,110,1,1,50.0,0,I,LARGE_PROVINCIAL_CITIES,STREET,9,9.0
96337,4,5,171,5,1,80.0,0,N,TOWNS,ROAD,9,14.0
96338,2,6,100,1,1,60.0,0,I,MELB_URBAN,ROAD,9,10.0
96339,1,6,121,2,1,50.0,0,I,MELB_URBAN,ROAD,5,14.0
96340,1,6,113,2,1,60.0,0,I,TOWNS,STREET,9,9.0
96341,1,6,133,5,1,40.0,0,N,MELB_URBAN,ROAD,9,13.0
96342,1,5,130,5,9,60.0,0,N,MELB_URBAN,ROAD,9,15.0
96343,1,2,130,5,1,100.0,0,N,MELB_URBAN,UNKNOWN,9,16.0
96344,1,6,132,1,1,100.0,0,I,RURAL_VICTORIA,ROAD,9,13.0
96345,1,5,99,5,3,60.0,0,N,MELB_URBAN,ROAD,9,19.0
96346,1,6,99,1,1,50.0,0,I,MELB_URBAN,ROAD,9,12.0
96347,1,6,120,5,1,100.0,0,N,RURAL_VICTORIA,HIGHWAY,9,11.0
96348,6,5,174,2,3,50.0,0,N,MELB_URBAN,STREET,9,19.0
96349,1,6,132,2,1,60.0,0,I,SMALL_TOWNS,ROAD,9,15.0
96350,4,6,171,5,1,100.0,0,N,RURAL_VICTORIA,ROAD,9,15.0
96351,1,6,110,1,1,50.0,0,I,MELB_URBAN,AVENUE,9,16.0
96352,4,6,183,5,1,100.0,0,N,RURAL_VICTORIA,ROAD,9,14.0
96353,1,6,160,5,6,50.0,0,N,MELB_URBAN,OTHER,9,1.0
96354,1,5,121,1,3,70.0,0,I,MELB_URBAN,ROAD,9,19.0
96355,1,6,99,5,1,40.0,0,N,MELB_URBAN,ROAD,9,16.0
96356,1,6,130,5,1,80.0,0,N,MELB_URBAN,ROAD,9,14.0
96357,1,6,140,5,1,50.0,0,N,TOWNS,STREET,9,17.0
96358,2,5,99,5,1,50.0,0,N,MELB_URBAN,STREET,9,14.0
96359,1,6,130,5,1,60.0,0,N,MELB_URBAN,ROAD,9,15.0
96360,1,4,99,1,1,60.0,0,I,MELB_URBAN,ROAD,9,16.0
96361,1,6,135,5,1,60.0,0,N,MELB_URBAN,PARADE,9,14.0
96362,2,5,100,1,2,40.0,0,I,MELB_URBAN,STREET,9,18.0
96363,6,6,184,5,1,80.0,0,N,RURAL_VICTORIA,UNKNOWN,9,16.0
96364,1,6,130,1,1,70.0,0,N,MELB_URBAN,ROAD,9,14.0
96365,1,6,130,5,1,60.0,0,N,MELB_URBAN,ROAD,9,14.0
96366,1,6,130,1,3,80.0,0,I,MELB_URBAN,ROAD,9,20.0
96367,1,7,160,5,3,60.0,0,N,MELB_URBAN,ROAD,9,3.0
96368,1,7,121,5,3,80.0,0,N,MELB_URBAN,ROAD,9,3.0
96369,1,4,120,5,1,100.0,0,N,RURAL_VICTORIA,ROAD,9,10.0
96370,4,7,173,5,6,80.0,0,N,MELB_URBAN,RAMP,9,4.0
96371,1,7,110,1,1,60.0,0,I,TOWNS,STREET,9,10.0
96372,2,5,102,2,1,50.0,0,N,LARGE_PROVINCIAL_CITIES,AVENUE,9,17.0
96373,1,3,120,5,1,60.0,0,N,MELB_URBAN,BOULEVARD,9,17.0
96374,1,6,113,2,1,50.0,0,I,SMALL_CITIES,AVENUE,9,14.0
96375,2,7,102,2,1,40.0,0,I,MELB_URBAN,AVENUE,9,11.0
96376,1,7,113,2,1,60.0,0,I,LARGE_PROVINCIAL_CITIES,ROAD,9,10.0
96377,6,6,99,2,5,100.0,0,N,RURAL_VICTORIA,ROAD,9,2.0
96378,1,7,113,2,1,70.0,0,I,RURAL_VICTORIA,AVENUE,9,13.0
96379,1,7,147,5,1,60.0,0,N,MELB_URBAN,DRIVE,9,13.0
96380,4,7,173,5,1,50.0,0,N,LARGE_PROVINCIAL_CITIES,STREET,9,15.0
96381,1,7,113,2,1,50.0,0,I,MELB_URBAN,ROAD,9,17.0
96382,1,7,130,1,1,60.0,0,I,MELB_URBAN,ROAD,9,16.0
96383,1,7,99,2,2,60.0,0,I,MELB_URBAN,OTHER,9,17.0
96384,4,7,183,5,1,50.0,0,N,MELB_URBAN,DRIVE,9,18.0
96385,4,7,181,5,1,100.0,0,N,RURAL_VICTORIA,ROAD,9,17.0
96386,1,6,130,5,1,60.0,0,N,MELB_URBAN,ROAD,9,15.0
96387,3,6,167,5,5,80.0,0,N,RURAL_VICTORIA,ROAD,9,20.0
96388,1,6,160,1,1,100.0,0,I,RURAL_VICTORIA,HIGHWAY,9,7.0
96389,4,7,171,2,4,70.0,0,I,MELB_URBAN,HIGHWAY,9,3.0
96390,4,7,171,5,1,50.0,0,N,RURAL_VICTORIA,ROAD,9,17.0
96391,1,6,99,5,3,40.0,0,N,MELB_URBAN,OTHER,9,23.0
96392,1,6,120,5,2,70.0,0,N,MELB_URBAN,ROAD,9,5.0
96393,4,7,171,5,6,60.0,0,N,MELB_URBAN,ROAD,9,22.0
96394,6,1,99,5,5,60.0,0,N,RURAL_VICTORIA,ROAD,9,1.0
96395,4,7,181,5,3,80.0,0,N,RURAL_VICTORIA,ROAD,9,23.0
96396,4,0,173,1,2,60.0,0,N,MELB_URBAN,ROAD,9,5.0
96397,1,1,110,4,1,50.0,0,I,SMALL_CITIES,STREET,9,7.0
96398,4,1,181,5,1,60.0,0,N,TOWNS,STREET,9,7.0
96399,1,7,113,2,2,50.0,0,I,MELB_URBAN,ROAD,9,18.0
96400,6,1,99,5,1,100.0,0,N,RURAL_VICTORIA,ROAD,9,10.0
96401,1,1,121,2,1,70.0,0,N,MELB_URBAN,ROAD,9,9.0
96402,1,1,130,4,1,60.0,0,I,MELB_URBAN,RAMP,9,11.0
96403,6,4,174,1,9,60.0,0,I,MELB_URBAN,PARADE,11,15.0
96404,1,3,130,5,2,60.0,0,N,MELB_URBAN,ROAD,9,18.0
96405,1,1,99,2,1,60.0,0,I,MELB_URBAN,STREET,9,12.0
96406,1,6,121,2,3,80.0,0,I,MELB_URBAN,ROAD,9,21.0
96407,4,0,171,5,1,50.0,0,N,MELB_URBAN,STREET,9,15.0
96408,1,3,113,1,1,80.0,1,I,MELB_URBAN,ROAD,9,13.0
96409,1,1,110,1,1,100.0,0,I,RURAL_VICTORIA,ROAD,9,15.0
96410,1,0,113,2,1,60.0,0,I,MELB_URBAN,STREET,9,13.0
96411,1,1,99,2,1,50.0,0,I,MELB_URBAN,ROAD,9,16.0
96412,1,1,99,1,3,60.0,0,I,MELB_URBAN,AVENUE,9,5.0
96413,4,1,171,5,5,60.0,0,N,MELB_URBAN,ROAD,9,23.0
96414,8,2,99,5,2,60.0,0,N,MELB_URBAN,ROAD,9,5.0
96415,2,2,100,2,1,60.0,0,I,MELB_URBAN,ROAD,9,7.0
96416,4,2,171,5,5,80.0,0,N,RURAL_VICTORIA,HIGHWAY,9,5.0
96417,1,6,130,1,3,40.0,0,I,LARGE_PROVINCIAL_CITIES,UNKNOWN,9,19.0
96418,1,1,130,5,1,100.0,0,N,MELB_URBAN,RAMP,9,8.0
96419,1,2,110,1,1,50.0,0,I,SMALL_CITIES,AVENUE,9,11.0
96420,4,6,181,5,1,80.0,0,N,RURAL_VICTORIA,ROAD,9,11.0
96421,1,6,99,5,1,60.0,0,N,LARGE_PROVINCIAL_CITIES,STREET,9,11.0
96422,1,2,130,2,1,70.0,0,I,MELB_URBAN,ROAD,9,16.0
96423,1,2,121,2,1,60.0,0,I,MELB_URBAN,STREET,9,14.0
96424,5,1,99,5,1,60.0,0,N,RURAL_VICTORIA,ROAD,8,12.0
96425,1,1,121,2,1,60.0,0,I,MELB_URBAN,ROAD,9,17.0
96426,1,2,99,5,1,40.0,0,N,MELB_URBAN,STREET,9,17.0
96427,1,2,134,5,1,60.0,0,N,MELB_URBAN,ROAD,9,17.0
96428,1,7,134,5,3,80.0,0,N,MELB_URBAN,FREEWAY,9,23.0
96429,1,1,140,5,2,100.0,0,N,RURAL_VICTORIA,ROAD,9,18.0
96430,6,2,170,5,5,100.0,0,N,RURAL_VICTORIA,ROAD,9,19.0
96431,1,2,147,6,1,60.0,0,N,LARGE_PROVINCIAL_CITIES,STREET,9,15.0
96432,1,3,130,5,1,80.0,0,N,MELB_URBAN,FREEWAY,9,15.0
96433,4,1,171,2,3,60.0,0,I,MELB_URBAN,ROAD,9,22.0
96434,1,2,110,1,3,80.0,1,I,MELB_URBAN,ROAD,9,22.0
96435,1,3,113,2,3,70.0,0,I,LARGE_PROVINCIAL_CITIES,OTHER,9,5.0
96436,2,6,99,5,1,30.0,0,N,MELB_URBAN,ROAD,4,11.0
96437,2,2,99,5,1,50.0,0,N,SMALL_CITIES,STREET,9,8.0
96438,4,7,173,1,1,80.0,0,I,MELB_URBAN,ROAD,9,15.0
96439,1,2,110,1,3,60.0,0,I,SMALL_CITIES,AVENUE,9,18.0
96440,1,3,135,2,1,60.0,0,N,MELB_URBAN,ROAD,9,8.0
96441,4,2,171,5,3,100.0,0,N,MELB_URBAN,ROAD,9,21.0
96442,4,2,181,5,1,80.0,0,N,RURAL_VICTORIA,ROAD,9,9.0
96443,1,2,120,2,2,60.0,0,I,SMALL_CITIES,STREET,9,7.0
96444,1,1,130,5,1,80.0,0,N,RURAL_VICTORIA,ROAD,9,10.0
96445,1,2,130,2,1,80.0,0,I,TOWNS,HIGHWAY,9,12.0
96446,1,2,130,1,1,80.0,0,N,MELB_URBAN,BOULEVARD,9,12.0
96447,1,3,130,2,1,60.0,0,I,MELB_URBAN,ROAD,9,15.0
96448,1,5,120,5,1,60.0,0,N,MELB_URBAN,ROAD,9,16.0
96449,4,2,99,2,1,60.0,0,I,MELB_URBAN,ROAD,9,12.0
96450,4,3,173,5,1,60.0,0,N,MELB_URBAN,ROAD,9,11.0
96451,5,6,99,2,1,100.0,0,I,RURAL_VICTORIA,HIGHWAY,9,13.0
96452,1,2,130,1,1,40.0,0,I,MELB_URBAN,ROAD,8,11.0
96453,1,3,133,5,1,100.0,0,N,MELB_URBAN,FREEWAY,9,15.0
96454,1,3,110,1,1,100.0,0,I,RURAL_VICTORIA,ROAD,9,15.0
96455,4,3,183,5,1,80.0,0,N,RURAL_VICTORIA,HIGHWAY,9,13.0
96456,1,3,121,1,1,50.0,0,I,MELBOURNE_CBD,STREET,9,15.0
96457,1,7,147,5,1,50.0,0,N,TOWNS,STREET,9,16.0
96458,1,3,99,5,1,80.0,0,N,MELB_URBAN,ROAD,9,16.0
96459,4,3,171,5,1,50.0,0,N,MELB_URBAN,STREET,9,15.0
96460,1,3,110,1,1,60.0,0,I,MELB_URBAN,ROAD,9,16.0
96461,7,3,99,2,1,50.0,0,I,SMALL_CITIES,OTHER,9,17.0
96462,1,3,99,5,3,70.0,0,N,LARGE_PROVINCIAL_CITIES,ROAD,9,18.0
96463,8,2,174,1,1,50.0,0,I,MELB_URBAN,ROAD,9,16.0
96464,1,3,121,2,1,80.0,0,I,RURAL_VICTORIA,ROAD,9,16.0
96465,1,3,130,5,1,70.0,0,N,LARGE_PROVINCIAL_CITIES,ROAD,9,17.0
96466,1,3,130,5,1,80.0,0,N,MELB_URBAN,ROAD,9,18.0
96467,1,4,120,5,3,100.0,0,N,MELB_URBAN,UNKNOWN,9,0.0
96468,1,4,160,5,9,60.0,0,N,MELB_URBAN,ROAD,9,1.0
96469,6,3,170,2,3,50.0,0,I,MELB_URBAN,STREET,9,21.0
96470,1,3,120,5,9,60.0,0,N,LARGE_PROVINCIAL_CITIES,ROAD,9,10.0
96471,1,2,121,2,3,60.0,0,I,MELB_URBAN,ROAD,9,23.0
96472,1,4,130,5,1,80.0,0,N,MELB_URBAN,ROAD,9,5.0
96473,1,4,133,5,2,80.0,0,N,MELB_URBAN,HIGHWAY,9,5.0
96474,1,1,110,1,1,80.0,0,I,MELB_URBAN,HIGHWAY,9,14.0
96475,2,3,100,5,1,40.0,0,N,MELB_URBAN,STREET,9,8.0
96476,1,3,132,2,1,60.0,0,N,MELB_URBAN,ROAD,9,15.0
96477,1,4,121,2,1,60.0,0,I,MELB_URBAN,ROAD,9,7.0
96478,1,2,181,5,3,50.0,0,N,TOWNS,DRIVE,9,18.0
96479,1,4,116,2,1,50.0,0,I,MELB_URBAN,DRIVE,9,7.0
96480,1,3,140,5,2,60.0,0,N,SMALL_CITIES,ROAD,7,7.0
96481,1,2,99,1,1,70.0,0,I,MELB_URBAN,HIGHWAY,9,16.0
96482,2,4,102,2,1,60.0,0,I,MELB_URBAN,ROAD,9,9.0
96483,1,2,116,2,1,70.0,0,I,RURAL_VICTORIA,ROAD,9,8.0
96484,1,4,130,1,1,60.0,0,I,LARGE_PROVINCIAL_CITIES,STREET,9,11.0
96485,1,3,110,1,1,50.0,0,I,MELB_URBAN,DRIVE,9,9.0
96486,1,6,140,5,1,60.0,0,N,MELB_URBAN,ROAD,8,11.0
96487,1,4,130,2,1,70.0,0,I,LARGE_PROVINCIAL_CITIES,HIGHWAY,9,13.0
96488,6,4,174,2,1,70.0,0,I,MELB_URBAN,ROAD,9,12.0
96489,1,4,132,5,1,80.0,0,N,RURAL_VICTORIA,ROAD,9,11.0
96490,2,2,99,1,3,80.0,1,I,MELB_URBAN,ROAD,9,22.0
96491,1,4,130,5,1,40.0,0,N,MELB_URBAN,ROAD,9,7.0
96492,4,4,171,2,1,40.0,0,I,MELB_URBAN,STREET,9,12.0
96493,4,4,171,5,1,100.0,0,N,RURAL_VICTORIA,HIGHWAY,9,12.0
96494,1,4,113,4,1,80.0,0,I,MELB_URBAN,ROAD,9,14.0
96495,1,6,130,1,1,60.0,0,I,LARGE_PROVINCIAL_CITIES,STREET,8,13.0
96496,1,4,110,1,1,80.0,0,N,MELB_URBAN,ROAD,9,13.0
96497,1,4,120,2,1,60.0,0,I,SMALL_TOWNS,STREET,9,14.0
96498,1,4,121,4,1,40.0,0,I,MELB_URBAN,STREET,9,7.0
96499,1,4,130,5,1,70.0,0,N,MELB_URBAN,ROAD,9,15.0
96500,1,4,121,2,1,60.0,0,I,MELB_URBAN,ROAD,9,13.0
96501,1,3,110,5,1,50.0,0,I,TOWNS,STREET,9,15.0
96502,7,4,99,2,1,50.0,0,I,MELB_URBAN,DRIVE,9,16.0
96503,4,3,171,5,1,80.0,0,N,RURAL_VICTORIA,ROAD,9,17.0
96504,2,3,99,2,3,50.0,0,N,LARGE_PROVINCIAL_CITIES,STREET,9,18.0
96505,2,4,100,1,3,70.0,0,I,MELB_URBAN,ROAD,9,18.0
96506,1,4,99,5,1,60.0,0,N,MELBOURNE_CBD,STREET,9,15.0
96507,1,4,130,5,9,60.0,0,N,MELB_URBAN,ROAD,9,7.0
96508,1,6,132,1,1,40.0,0,I,RURAL_VICTORIA,HIGHWAY,9,15.0
96509,1,4,99,5,1,60.0,0,N,MELB_URBAN,ROAD,9,17.0
96510,1,3,140,5,3,60.0,0,N,MELB_URBAN,PARADE,9,20.0
96511,1,4,121,2,3,40.0,0,I,MELB_URBAN,ROAD,9,18.0
96512,2,4,99,2,1,60.0,0,N,MELB_URBAN,ROAD,9,15.0
96513,1,3,130,5,2,70.0,0,N,MELB_URBAN,HIGHWAY,9,19.0
96514,1,4,135,5,1,80.0,0,N,MELB_URBAN,FREEWAY,9,17.0
96515,2,4,99,2,3,70.0,0,I,MELB_URBAN,ROAD,9,22.0
96516,1,4,130,5,3,50.0,0,N,MELB_URBAN,DRIVE,9,22.0
96517,4,5,183,5,5,60.0,0,N,SMALL_TOWNS,ROAD,9,2.0
96518,1,4,120,1,3,60.0,0,I,MELB_URBAN,ROAD,9,4.0
96519,1,4,130,5,1,30.0,0,N,MELB_URBAN,ROAD,9,17.0
96520,1,3,130,1,1,60.0,0,I,MELB_URBAN,ROAD,9,7.0
96521,1,4,113,2,1,70.0,0,I,RURAL_VICTORIA,OTHER,9,7.0
96522,1,5,160,5,1,50.0,0,N,MELB_URBAN,ROAD,9,9.0
96523,1,5,160,5,1,50.0,0,N,MELB_URBAN,STREET,9,10.0
96524,2,5,102,5,1,50.0,0,N,TOWNS,STREET,9,10.0
96525,1,5,130,2,2,60.0,0,N,MELB_URBAN,HIGHWAY,9,5.0
96526,1,5,130,5,1,60.0,0,N,MELB_URBAN,ROAD,9,8.0
96527,1,3,110,1,9,60.0,0,I,MELB_URBAN,STREET,9,16.0
96528,1,5,110,4,1,60.0,0,I,MELB_URBAN,STREET,9,10.0
96529,1,5,116,1,1,50.0,0,I,LARGE_PROVINCIAL_CITIES,STREET,9,12.0
96530,1,5,160,2,1,60.0,0,I,MELB_URBAN,AVENUE,9,13.0
96531,1,5,110,1,1,60.0,0,I,MELB_URBAN,STREET,9,14.0
96532,1,5,113,2,1,60.0,0,I,TOWNS,ROAD,9,12.0
96533,8,6,99,2,1,40.0,0,I,MELB_URBAN,STREET,8,8.0
96534,1,4,113,2,3,60.0,0,I,MELB_URBAN,AVENUE,9,18.0
96535,4,5,99,5,1,40.0,0,N,MELB_URBAN,ROAD,9,13.0
96536,6,5,99,5,1,60.0,0,N,RURAL_VICTORIA,ROAD,9,16.0
96537,1,4,130,5,1,60.0,0,N,MELB_URBAN,AVENUE,9,14.0
96538,1,5,120,5,2,70.0,0,N,MELB_URBAN,ROAD,9,16.0
96539,1,5,121,5,1,50.0,0,N,MELB_URBAN,ROAD,9,13.0
96540,2,5,100,5,1,50.0,0,N,MELB_URBAN,STREET,9,17.0
96541,1,5,110,1,1,60.0,0,I,MELB_URBAN,ROAD,9,17.0
96542,1,5,130,5,2,60.0,0,N,LARGE_PROVINCIAL_CITIES,STREET,9,17.0