,accident_type,day_of_week,dca_code,road_geometry,light_condition,speed_zone,severity,node_type,deg_urban_name,road_type,month,hour
96543,1,5,130,5,1,80.0,0,N,MELB_URBAN,HIGHWAY,9,17.0
96544,1,5,130,3,1,60.0,0,N,MELB_URBAN,BOULEVARD,9,16.0
96545,2,5,99,2,1,50.0,0,N,MELB_URBAN,DRIVE,9,17.0
96546,1,5,110,1,2,100.0,0,I,RURAL_VICTORIA,ROAD,9,17.0
96547,1,5,147,5,3,80.0,0,N,MELB_URBAN,ROAD,9,19.0
96548,4,5,173,1,1,60.0,0,I,MELB_URBAN,ROAD,9,17.0
96549,1,5,120,5,3,80.0,0,N,RURAL_VICTORIA,ROAD,9,20.0
96550,4,5,173,5,5,80.0,0,N,RURAL_VICTORIA,ROAD,9,22.0
96551,8,5,99,2,1,50.0,0,I,MELB_URBAN,STREET,9,14.0
96552,4,6,181,5,5,100.0,1,N,RURAL_VICTORIA,ROAD,9,1.0
96553,3,5,167,5,5,100.0,0,N,RURAL_VICTORIA,ROAD,9,18.0
96554,1,2,130,2,1,50.0,0,I,TOWNS,STREET,9,15.0
96555,1,4,120,5,1,60.0,0,N,LARGE_PROVINCIAL_CITIES,ROAD,9,15.0
96556,1,6,116,2,1,60.0,0,I,TOWNS,HIGHWAY,9,9.0
96557,1,2,113,2,1,50.0,0,I,MELB_URBAN,ROAD,9,10.0
96558,2,4,99,5,1,50.0,0,N,TOWNS,STREET,9,12.0
96559,8,6,174,5,1,60.0,0,I,MELB_URBAN,ROAD,9,11.0
96560,1,5,133,2,3,80.0,0,I,MELB_URBAN,ROAD,9,5.0
96561,1,6,120,5,1,100.0,0,N,RURAL_VICTORIA,ROAD,9,11.0
96562,1,6,110,1,1,60.0,0,I,MELB_URBAN,ROAD,9,11.0
96563,4,5,181,5,5,100.0,0,N,RURAL_VICTORIA,ROAD,9,22.0
96564,1,4,130,2,6,60.0,0,N,SMALL_CITIES,ROAD,9,21.0
96565,1,5,147,5,1,50.0,0,N,MELB_URBAN,STREET,9,11.0
96566,8,6,170,5,6,70.0,0,N,MELB_URBAN,DRIVE,9,21.0
96567,8,6,174,5,1,60.0,0,N,RURAL_VICTORIA,ROAD,9,15.0
96568,2,6,100,5,1,60.0,0,N,MELB_URBAN,HIGHWAY,9,12.0
96569,4,6,171,5,1,50.0,0,N,MELB_URBAN,AVENUE,9,17.0
96570,1,5,120,5,5,80.0,0,N,RURAL_VICTORIA,ROAD,9,18.0
96571,4,6,183,5,1,100.0,0,N,RURAL_VICTORIA,HIGHWAY,9,17.0
96572,8,6,174,1,1,80.0,0,I,MELB_URBAN,ROAD,9,16.0
96573,1,6,99,2,2,60.0,0,I,MELB_URBAN,ROAD,9,20.0
96574,1,6,130,5,3,50.0,0,N,RURAL_VICTORIA,DRIVE,9,21.0
96575,1,4,163,5,9,60.0,0,N,MELB_URBAN,STREET,9,17.0
96576,1,6,99,1,3,50.0,0,I,LARGE_PROVINCIAL_CITIES,UNKNOWN,9,23.0
96577,6,7,174,2,5,60.0,0,N,SMALL_CITIES,HIGHWAY,9,1.0
96578,4,6,99,5,5,80.0,0,N,MELB_URBAN,ROAD,9,21.0
96579,1,5,130,2,3,80.0,0,N,MELB_URBAN,AVENUE,9,22.0
96580,4,7,171,5,5,80.0,0,N,LARGE_PROVINCIAL_CITIES,ROAD,9,3.0
96581,1,7,121,2,1,60.0,0,I,MELB_URBAN,ROAD,9,10.0
96582,1,5,110,1,3,60.0,0,I,MELB_URBAN,ROAD,9,19.0
96583,1,7,99,1,1,60.0,0,I,MELB_URBAN,ROAD,9,8.0
96584,8,4,99,1,9,60.0,0,I,MELB_URBAN,STREET,9,8.0
96585,1,7,130,2,1,80.0,0,I,MELB_URBAN,ROAD,9,14.0
96586,1,7,121,2,1,60.0,0,I,MELB_URBAN,STREET,9,9.0
96587,1,5,130,2,1,60.0,0,I,SMALL_CITIES,ROAD,9,12.0
96588,1,7,120,4,1,60.0,0,I,MELB_URBAN,ROAD,9,15.0
96589,1,7,110,1,1,60.0,0,I,MELB_URBAN,ROAD,9,15.0
96590,1,4,133,1,1,60.0,0,N,LARGE_PROVINCIAL_CITIES,ROAD,9,14.0
96591,4,6,171,5,1,60.0,0,N,MELB_URBAN,ROAD,9,16.0
96592,1,7,113,2,1,60.0,0,I,MELB_URBAN,ROAD,9,13.0
96593,4,7,173,5,2,110.0,0,N,RURAL_VICTORIA,FREEWAY,9,17.0
96594,4,7,171,5,1,60.0,0,N,RURAL_VICTORIA,ROAD,9,15.0
96595,4,7,171,1,1,50.0,1,I,TOWNS,STREET,9,17.0
96596,1,7,110,1,1,80.0,0,I,RURAL_VICTORIA,ROAD,9,15.0
96597,1,7,99,5,3,50.0,0,N,LARGE_PROVINCIAL_CITIES,STREET,9,22.0
96598,1,7,130,5,5,60.0,0,N,MELB_URBAN,ROAD,9,22.0
96599,4,0,173,5,5,50.0,0,O,MELB_URBAN,UNKNOWN,9,1.0
96600,4,7,181,5,5,80.0,1,N,RURAL_VICTORIA,ROAD,9,22.0
96601,1,0,160,5,3,60.0,0,N,MELB_URBAN,STREET,9,0.0
96602,6,1,170,5,1,100.0,0,N,RURAL_VICTORIA,ROAD,9,8.0
96603,4,1,173,1,1,70.0,0,I,MELB_URBAN,DRIVE,9,9.0
96604,1,1,134,5,1,60.0,0,N,MELB_URBAN,ROAD,9,7.0
96605,1,1,121,2,1,80.0,0,I,RURAL_VICTORIA,HIGHWAY,9,12.0
96606,1,0,130,1,1,60.0,0,I,SMALL_TOWNS,ROAD,9,11.0
96607,1,1,99,2,1,50.0,0,I,MELB_URBAN,DRIVE,9,12.0
96608,4,1,181,2,1,60.0,0,I,MELB_URBAN,BOULEVARD,9,14.0
96609,1,1,120,5,1,100.0,0,N,RURAL_VICTORIA,ROAD,9,12.0
96610,2,1,100,5,1,70.0,0,N,MELB_URBAN,ROAD,9,15.0
96611,8,2,99,1,1,50.0,0,I,MELB_URBAN,STREET,9,17.0
96612,4,1,171,5,3,80.0,0,I,MELB_URBAN,RAMP,9,2.0
96613,1,1,110,1,1,80.0,0,I,RURAL_VICTORIA,FREEWAY,9,16.0
96614,1,1,113,2,1,60.0,0,I,MELB_URBAN,ROAD,9,17.0
96615,1,0,110,1,1,50.0,0,I,MELB_URBAN,AVENUE,9,16.0
96616,2,3,99,5,1,40.0,0,N,MELB_URBAN,DRIVE,9,15.0
96617,1,1,110,1,1,60.0,0,I,TOWNS,ROAD,9,16.0
96618,1,1,121,4,1,60.0,0,I,MELB_URBAN,RAMP,9,17.0
96619,1,1,160,5,3,50.0,0,N,MELB_URBAN,STREET,9,18.0
96620,1,1,99,5,3,60.0,0,N,MELB_URBAN,ROAD,9,21.0
96621,8,0,170,5,1,50.0,0,N,MELB_URBAN,AVENUE,9,15.0
96622,4,1,171,5,3,60.0,0,N,TOWNS,STREET,9,20.0
96623,1,4,130,5,1,60.0,0,N,MELB_URBAN,ROAD,9,11.0
96624,1,5,133,1,2,60.0,0,I,MELB_URBAN,ROAD,6,17.0
96625,1,1,181,5,5,100.0,0,N,MELB_URBAN,ROAD,9,23.0
96626,1,5,121,2,1,80.0,0,N,MELB_URBAN,ROAD,9,16.0
96627,1,2,120,5,1,60.0,0,N,LARGE_PROVINCIAL_CITIES,ROAD,10,8.0
96628,4,2,173,2,1,60.0,0,I,MELB_URBAN,STREET,10,8.0
96629,1,4,130,5,1,80.0,0,N,MELB_URBAN,ROAD,9,17.0
96630,1,1,110,1,1,50.0,0,I,MELB_URBAN,STREET,10,11.0
96631,6,2,174,2,1,60.0,0,I,MELB_URBAN,ROAD,10,11.0
96632,3,2,167,2,5,100.0,0,N,RURAL_VICTORIA,ROAD,10,4.0
96633,6,2,170,5,1,100.0,0,N,RURAL_VICTORIA,HIGHWAY,10,11.0
96634,1,2,99,2,1,50.0,0,I,MELB_URBAN,DRIVE,10,13.0
96635,1,2,132,1,1,100.0,0,I,RURAL_VICTORIA,ROAD,10,12.0
96636,1,2,110,1,1,50.0,0,I,SMALL_CITIES,STREET,10,11.0
96637,1,2,110,1,1,50.0,0,I,MELB_URBAN,AVENUE,10,13.0
96638,4,1,181,5,1,80.0,0,N,TOWNS,HIGHWAY,10,12.0
96639,1,2,110,1,1,80.0,0,I,MELB_URBAN,ROAD,10,14.0
96640,1,2,110,1,1,80.0,0,I,MELB_URBAN,ROAD,10,13.0
96641,1,1,130,2,1,60.0,0,I,MELB_URBAN,ROAD,10,11.0
96642,1,2,120,5,1,80.0,0,N,RURAL_VICTORIA,ROAD,10,8.0
96643,3,1,167,5,1,60.0,0,N,RURAL_VICTORIA,ROAD,9,13.0
96644,1,0,110,1,3,50.0,0,I,MELB_URBAN,BOULEVARD,9,19.0
96645,1,2,99,5,1,60.0,0,N,MELB_URBAN,ROAD,10,14.0
96646,2,1,100,5,1,60.0,0,N,SMALL_TOWNS,OTHER,10,16.0
96647,1,2,130,5,1,60.0,0,N,MELB_URBAN,STREET,10,8.0
96648,2,1,102,5,1,60.0,0,N,MELB_URBAN,STREET,10,15.0
96649,1,2,133,5,1,80.0,0,N,MELB_URBAN,ROAD,10,16.0
96650,1,2,120,5,1,100.0,0,N,RURAL_VICTORIA,HIGHWAY,10,15.0
96651,8,1,184,5,1,60.0,0,N,RURAL_VICTORIA,OTHER,9,9.0
96652,6,7,99,5,1,60.0,0,N,RURAL_VICTORIA,ROAD,9,10.0
96653,1,2,99,2,1,60.0,0,UNKNOWN,UNKNOWN,UNKNOWN,10,17.0
96654,1,1,147,5,3,60.0,0,N,MELB_URBAN,ROAD,10,19.0
96655,4,1,181,5,1,60.0,0,N,MELB_URBAN,ROAD,10,16.0
96656,1,2,120,2,3,60.0,0,N,MELB_URBAN,ROAD,10,19.0
96657,1,2,134,2,1,60.0,0,I,MELB_URBAN,ROAD,10,16.0
96658,2,2,100,4,1,60.0,1,I,MELB_URBAN,STREET,10,16.0
96659,1,3,130,5,1,100.0,0,N,MELB_URBAN,FREEWAY,9,17.0
96660,1,2,121,2,3,60.0,0,I,MELB_URBAN,OTHER,10,20.0
96661,1,2,121,4,3,60.0,0,I,SMALL_CITIES,RAMP,10,21.0
96662,1,3,121,1,3,60.0,0,I,LARGE_PROVINCIAL_CITIES,STREET,10,0.0
96663,2,5,100,2,1,60.0,0,I,MELB_URBAN,STREET,5,13.0
96664,4,3,173,5,1,80.0,0,N,RURAL_VICTORIA,ROAD,10,6.0
96665,6,3,174,5,1,100.0,0,N,RURAL_VICTORIA,ROAD,10,9.0
96666,8,1,99,5,1,60.0,0,N,MELB_URBAN,ROAD,10,16.0
96667,4,4,173,5,3,60.0,0,N,LARGE_PROVINCIAL_CITIES,PARADE,12,1.0
96668,1,2,140,2,1,40.0,0,I,LARGE_PROVINCIAL_CITIES,STREET,10,9.0
96669,1,3,99,5,1,60.0,0,N,SMALL_CITIES,AVENUE,10,9.0
96670,2,2,100,5,3,60.0,0,N,TOWNS,ROAD,10,21.0
96671,1,5,99,1,1,60.0,0,I,MELB_URBAN,STREET,9,12.0
96672,2,3,100,2,1,50.0,0,I,MELB_URBAN,ROAD,10,11.0
96673,1,3,134,5,1,100.0,0,N,MELB_URBAN,UNKNOWN,10,8.0
96674,2,2,100,1,1,60.0,0,I,MELB_URBAN,OTHER,10,9.0
96675,8,3,174,5,1,60.0,0,N,MELB_URBAN,STREET,10,8.0
96676,4,3,171,2,1,60.0,0,I,MELB_URBAN,STREET,10,11.0
96677,1,5,113,2,1,60.0,0,I,MELB_URBAN,DRIVE,9,15.0
96678,1,3,134,5,2,70.0,0,N,MELB_URBAN,ROAD,9,7.0
96679,1,3,135,5,1,50.0,0,N,MELB_URBAN,OTHER,10,8.0
96680,1,1,130,2,9,60.0,0,I,SMALL_CITIES,DRIVE,8,8.0
96681,1,3,110,1,1,50.0,0,I,MELB_URBAN,AVENUE,10,13.0
96682,1,3,121,1,1,60.0,0,I,MELB_URBAN,ROAD,10,13.0
96683,1,3,99,2,1,70.0,0,I,MELB_URBAN,ROAD,10,10.0
96684,1,3,99,2,1,60.0,0,N,MELB_URBAN,ROAD,10,6.0
96685,4,3,183,5,1,60.0,0,N,MELB_URBAN,ROAD,10,13.0
96686,1,3,130,2,1,60.0,0,N,MELB_URBAN,STREET,10,8.0
96687,6,1,184,5,1,60.0,0,N,RURAL_VICTORIA,OTHER,9,12.0
96688,4,3,171,5,1,100.0,0,N,MELB_URBAN,FREEWAY,10,8.0
96689,1,3,113,2,1,70.0,0,I,SMALL_CITIES,ROAD,10,15.0
96690,8,3,170,2,1,70.0,0,I,MELB_URBAN,STREET,10,14.0
96691,1,3,130,4,1,80.0,0,N,SMALL_TOWNS,RAMP,10,16.0
96692,1,3,134,5,1,60.0,0,N,LARGE_PROVINCIAL_CITIES,ROAD,10,17.0
96693,1,2,110,1,2,40.0,0,I,LARGE_PROVINCIAL_CITIES,STREET,10,17.0
96694,4,3,171,5,2,100.0,0,N,RURAL_VICTORIA,ROAD,10,18.0
96695,1,3,110,1,3,40.0,0,I,MELBOURNE_CBD,STREET,10,18.0
96696,1,3,133,5,1,80.0,0,N,MELB_URBAN,FREEWAY,10,7.0
96697,4,3,173,5,1,50.0,0,N,MELB_URBAN,STREET,10,15.0
96698,4,3,183,5,1,100.0,0,N,RURAL_VICTORIA,ROAD,10,16.0
96699,4,3,171,5,3,40.0,0,N,MELB_URBAN,ROAD,10,18.0
96700,1,3,113,2,1,60.0,0,I,MELB_URBAN,DRIVE,10,15.0
96701,1,3,110,1,1,50.0,0,I,MELB_URBAN,STREET,10,17.0
96702,1,3,121,4,3,80.0,0,I,MELB_URBAN,ROAD,10,20.0
96703,1,3,121,2,3,70.0,0,I,MELB_URBAN,ROAD,10,22.0
96704,4,4,173,5,5,100.0,0,N,RURAL_VICTORIA,ROAD,10,0.0
96705,4,3,171,5,3,60.0,0,N,MELB_URBAN,ROAD,10,22.0
96706,1,3,135,5,1,60.0,0,N,MELB_URBAN,STREET,10,7.0
96707,1,4,116,2,1,60.0,0,I,MELB_URBAN,ROAD,10,7.0
96708,1,2,130,1,1,60.0,0,I,MELB_URBAN,ROAD,10,11.0
96709,1,7,99,1,1,60.0,0,I,MELB_URBAN,ROAD,2,12.0
96710,1,3,130,5,1,60.0,0,N,MELB_URBAN,ROAD,10,11.0
96711,4,4,173,5,1,100.0,1,N,RURAL_VICTORIA,ROAD,10,9.0
96712,4,4,171,5,1,100.0,0,N,RURAL_VICTORIA,OTHER,10,13.0
96713,1,4,140,5,1,50.0,0,N,MELB_URBAN,AVENUE,10,13.0
96714,1,3,135,1,1,60.0,0,I,MELB_URBAN,PARADE,10,8.0
96715,1,4,130,5,1,60.0,0,N,SMALL_CITIES,ROAD,10,11.0
96716,1,4,130,5,1,40.0,0,N,MELB_URBAN,STREET,10,16.0
96717,1,4,130,5,3,60.0,0,N,MELB_URBAN,ROAD,10,18.0
96718,1,4,121,2,3,70.0,0,I,MELB_URBAN,ROAD,10,18.0
96719,1,4,110,1,2,60.0,0,I,MELB_URBAN,AVENUE,10,18.0
96720,1,4,110,1,3,60.0,0,I,SMALL_CITIES,STREET,10,18.0
96721,5,7,99,5,1,100.0,0,N,RURAL_VICTORIA,ROAD,9,14.0
96722,4,4,171,2,3,50.0,0,I,SMALL_TOWNS,DRIVE,10,19.0
96723,8,5,174,5,3,40.0,0,N,MELB_URBAN,STREET,10,2.0
96724,2,4,102,1,3,50.0,0,I,SMALL_CITIES,STREET,10,0.0
96725,1,5,121,1,3,70.0,0,I,MELB_URBAN,DRIVE,10,5.0
96726,1,5,130,5,5,110.0,0,N,RURAL_VICTORIA,FREEWAY,10,3.0
96727,1,4,163,2,1,40.0,0,N,MELB_URBAN,STREET,9,11.0
96728,1,2,130,5,3,70.0,0,N,MELB_URBAN,ROAD,10,19.0
96729,1,5,110,1,1,60.0,0,I,MELB_URBAN,ROAD,10,7.0
96730,1,4,120,5,1,60.0,0,N,MELB_URBAN,ROAD,10,7.0
96731,2,5,100,1,1,40.0,0,I,MELB_URBAN,STREET,10,9.0
96732,1,2,130,5,1,80.0,0,N,MELB_URBAN,FREEWAY,7,8.0
96733,1,5,110,1,1,100.0,0,I,RURAL_VICTORIA,ROAD,10,10.0
96734,1,7,130,1,3,80.0,0,I,MELB_URBAN,ROAD,8,19.0
96735,2,5,99,2,1,40.0,0,I,MELB_URBAN,ROAD,10,11.0
96736,1,4,110,4,1,60.0,0,I,MELB_URBAN,RAMP,10,11.0
96737,2,5,102,2,1,40.0,0,I,MELBOURNE_CBD,STREET,10,13.0
96738,4,4,183,5,1,100.0,0,N,RURAL_VICTORIA,HIGHWAY,10,16.0
96739,1,4,130,2,1,60.0,0,N,MELB_URBAN,ROAD,10,15.0
96740,1,5,130,5,1,80.0,0,N,RURAL_VICTORIA,HIGHWAY,10,14.0
96741,4,4,171,2,3,60.0,0,I,LARGE_PROVINCIAL_CITIES,STREET,10,22.0
96742,1,5,121,1,1,60.0,0,I,MELB_URBAN,BOULEVARD,10,15.0
96743,1,5,147,5,1,60.0,0,N,LARGE_PROVINCIAL_CITIES,STREET,10,16.0
96744,1,4,130,5,1,100.0,0,N,MELB_URBAN,FREEWAY,10,16.0
96745,6,1,170,5,2,80.0,0,N,RURAL_VICTORIA,ROAD,10,18.0
96746,1,5,130,5,1,80.0,0,N,SMALL_CITIES,PARADE,10,15.0
96747,1,5,121,1,1,40.0,0,I,MELB_URBAN,STREET,10,15.0
96748,1,3,116,1,1,70.0,0,I,MELB_URBAN,ROAD,10,16.0
96749,4,5,173,5,5,110.0,0,N,SMALL_CITIES,FREEWAY,10,18.0
96750,2,5,99,5,1,50.0,0,N,MELBOURNE_CBD,STREET,10,17.0
96751,1,5,99,2,3,60.0,0,I,MELB_URBAN,STREET,10,19.0
96752,8,4,99,1,1,60.0,0,I,MELB_URBAN,STREET,10,18.0
96753,1,5,130,1,3,60.0,0,I,RURAL_VICTORIA,HIGHWAY,10,20.0
96754,2,5,100,1,3,80.0,0,I,MELB_URBAN,ROAD,10,20.0
96755,2,5,99,5,5,50.0,0,N,MELB_URBAN,ROAD,10,17.0
96756,1,5,160,5,3,60.0,0,N,LARGE_PROVINCIAL_CITIES,ROAD,10,20.0
96757,4,5,181,5,5,50.0,0,N,SMALL_CITIES,UNKNOWN,10,23.0
96758,4,6,181,5,3,60.0,0,N,MELB_URBAN,STREET,10,4.0
96759,2,6,100,5,1,60.0,0,N,MELB_URBAN,STREET,10,6.0
96760,3,3,167,5,5,100.0,0,N,RURAL_VICTORIA,ROAD,10,22.0
96761,1,6,134,1,1,60.0,0,I,MELB_URBAN,ROAD,10,6.0
96762,1,4,121,2,3,60.0,0,I,MELB_URBAN,HIGHWAY,10,19.0
96763,1,6,120,5,1,80.0,0,N,RURAL_VICTORIA,HIGHWAY,10,6.0
96764,1,6,99,5,1,80.0,0,N,RURAL_VICTORIA,ROAD,10,7.0
96765,1,5,130,2,1,60.0,0,I,MELB_URBAN,STREET,10,8.0
96766,1,6,99,2,1,80.0,0,I,SMALL_CITIES,STREET,10,9.0
96767,1,6,130,5,1,100.0,0,N,SMALL_TOWNS,FREEWAY,10,8.0
96768,4,5,173,5,1,50.0,0,N,MELB_URBAN,DRIVE,10,12.0
96769,1,6,133,5,1,80.0,0,N,MELB_URBAN,ROAD,10,8.0
96770,4,6,171,5,1,50.0,0,N,SMALL_TOWNS,ROAD,10,8.0
96771,1,5,121,2,1,70.0,0,I,LARGE_PROVINCIAL_CITIES,STREET,10,12.0
96772,1,6,135,2,1,40.0,0,I,MELB_URBAN,STREET,10,12.0
96773,1,6,130,5,1,100.0,0,N,MELB_URBAN,FREEWAY,10,7.0
96774,1,6,99,5,1,40.0,0,N,RURAL_VICTORIA,ROAD,10,9.0
96775,7,6,99,5,1,80.0,0,N,RURAL_VICTORIA,ROAD,10,13.0
96776,1,6,130,5,1,60.0,0,N,MELB_URBAN,ROAD,10,10.0
96777,1,6,113,2,1,40.0,0,I,MELB_URBAN,DRIVE,10,14.0
96778,1,6,120,2,1,60.0,0,I,RURAL_VICTORIA,ROAD,10,14.0
96779,1,6,130,5,1,70.0,0,N,LARGE_PROVINCIAL_CITIES,ROAD,10,15.0
96780,1,6,134,2,1,40.0,0,N,MELB_URBAN,STREET,10,16.0
96781,1,5,130,5,1,100.0,0,N,MELB_URBAN,FREEWAY,10,16.0
96782,1,5,130,5,1,70.0,0,N,MELB_URBAN,ROAD,10,16.0
96783,1,6,99,2,1,50.0,0,I,MELB_URBAN,AVENUE,10,16.0
96784,8,7,184,5,1,100.0,0,N,RURAL_VICTORIA,ROAD,9,12.0
96785,1,6,111,4,1,60.0,0,I,MELB_URBAN,RAMP,10,16.0
96786,1,5,130,5,1,40.0,0,N,RURAL_VICTORIA,HIGHWAY,10,9.0
96787,2,5,100,2,1,40.0,0,I,MELB_URBAN,STREET,10,13.0
96788,2,6,100,1,3,80.0,0,I,MELB_URBAN,HIGHWAY,10,18.0
96789,1,5,130,5,1,100.0,0,N,RURAL_VICTORIA,FREEWAY,10,16.0
96790,1,6,133,1,1,80.0,0,I,RURAL_VICTORIA,ROAD,10,16.0
96791,1,4,160,5,3,60.0,0,N,MELB_URBAN,ROAD,9,20.0
96792,1,6,121,1,1,70.0,0,I,MELB_URBAN,ROAD,10,17.0
96793,1,6,99,5,2,60.0,0,N,SMALL_CITIES,STREET,10,18.0
96794,1,6,171,5,3,60.0,0,N,MELB_URBAN,OTHER,10,20.0
96795,4,6,173,2,1,100.0,0,I,RURAL_VICTORIA,ROAD,10,17.0
96796,4,6,173,5,1,100.0,1,N,RURAL_VICTORIA,ROAD,10,15.0
96797,1,3,99,6,1,40.0,0,N,MELBOURNE_CBD,STREET,9,7.0
96798,1,7,99,2,5,80.0,0,I,RURAL_VICTORIA,ROAD,10,0.0
96799,1,6,110,1,3,80.0,0,N,MELB_URBAN,ROAD,10,22.0
96800,4,7,173,5,1,80.0,0,N,MELB_URBAN,OTHER,10,7.0
96801,1,5,132,5,1,100.0,0,N,RURAL_VICTORIA,ROAD,10,17.0
96802,1,6,111,2,1,60.0,0,I,MELB_URBAN,ROAD,10,12.0
96803,1,7,99,2,1,60.0,0,I,SMALL_CITIES,STREET,10,12.0
96804,4,7,173,5,1,50.0,0,N,MELB_URBAN,AVENUE,10,12.0
96805,6,2,170,5,1,100.0,0,N,RURAL_VICTORIA,ROAD,10,12.0
96806,4,6,173,5,1,100.0,0,N,RURAL_VICTORIA,ROAD,10,10.0
96807,1,7,130,5,1,60.0,0,N,MELB_URBAN,ROAD,10,11.0
96808,4,7,173,2,2,80.0,1,I,MELB_URBAN,HIGHWAY,10,5.0
96809,1,6,99,5,9,50.0,0,N,MELB_URBAN,STREET,10,12.0
96810,1,7,130,5,1,80.0,0,N,MELB_URBAN,ROAD,10,8.0
96811,4,7,171,5,1,50.0,0,N,TOWNS,STREET,10,12.0
96812,1,7,120,2,1,80.0,0,I,TOWNS,ROAD,10,14.0
96813,1,7,120,5,1,100.0,1,N,RURAL_VICTORIA,ROAD,10,11.0
96814,1,7,130,2,1,80.0,0,I,TOWNS,HIGHWAY,10,11.0
96815,1,7,130,5,1,80.0,0,N,RURAL_VICTORIA,ROAD,10,14.0
96816,1,7,110,4,1,60.0,0,I,MELB_URBAN,RAMP,10,15.0
96817,1,4,130,5,1,80.0,0,N,LARGE_PROVINCIAL_CITIES,STREET,9,12.0
96818,1,7,160,5,1,50.0,0,N,MELB_URBAN,STREET,10,15.0
96819,1,6,113,2,1,60.0,0,I,SMALL_CITIES,STREET,9,16.0
96820,1,7,132,2,3,60.0,0,I,MELB_URBAN,STREET,10,19.0
96821,1,7,99,5,1,60.0,0,N,MELB_URBAN,ROAD,10,17.0
96822,2,6,99,5,1,50.0,0,N,RURAL_VICTORIA,OTHER,10,13.0
96823,7,7,99,1,1,80.0,0,I,RURAL_VICTORIA,ROAD,10,18.0
96824,1,7,140,5,3,70.0,0,N,MELB_URBAN,HIGHWAY,10,19.0
96825,4,7,171,5,5,100.0,0,N,RURAL_VICTORIA,ROAD,10,20.0
96826,2,7,99,5,3,60.0,0,N,MELB_URBAN,ROAD,10,20.0
96827,8,7,170,5,5,100.0,0,N,MELB_URBAN,FREEWAY,10,4.0
96828,4,7,173,5,5,50.0,0,N,MELB_URBAN,STREET,10,19.0
96829,1,1,133,2,3,60.0,0,I,MELB_URBAN,ROAD,10,3.0
96830,4,0,173,5,5,100.0,0,N,RURAL_VICTORIA,ROAD,10,3.0
96831,1,2,135,5,1,100.0,0,N,MELB_URBAN,FREEWAY,9,13.0
96832,4,1,171,5,3,60.0,0,N,MELB_URBAN,ROAD,10,5.0
96833,4,1,171,5,5,60.0,0,N,RURAL_VICTORIA,ROAD,10,3.0
96834,1,4,99,1,1,60.0,0,I,MELB_URBAN,STREET,9,9.0
96835,1,7,110,1,1,80.0,0,I,MELB_URBAN,ROAD,10,12.0
96836,4,1,171,2,1,40.0,0,I,RURAL_VICTORIA,ROAD,10,8.0
96837,1,0,121,2,1,60.0,0,N,MELB_URBAN,STREET,10,8.0
96838,5,7,99,2,1,60.0,0,I,LARGE_PROVINCIAL_CITIES,ROAD,10,15.0
96839,1,7,111,2,1,60.0,0,I,MELB_URBAN,ROAD,10,14.0
96840,1,1,99,5,1,100.0,0,N,RURAL_VICTORIA,ROAD,10,10.0
96841,1,6,121,1,3,50.0,0,I,MELB_URBAN,ROAD,10,18.0
96842,1,1,99,5,1,60.0,0,N,MELB_URBAN,STREET,10,13.0
96843,1,1,99,1,1,100.0,0,I,RURAL_VICTORIA,ROAD,10,11.0
96844,4,0,171,2,1,60.0,0,N,LARGE_PROVINCIAL_CITIES,STREET,10,14.0
96845,1,1,110,1,1,50.0,0,I,MELB_URBAN,DRIVE,10,13.0
96846,4,0,181,5,1,100.0,0,N,RURAL_VICTORIA,ROAD,10,13.0
96847,1,0,130,2,1,60.0,0,I,MELB_URBAN,ROAD,10,12.0
96848,1,1,120,5,1,100.0,0,N,RURAL_VICTORIA,ROAD,10,14.0
96849,1,1,130,1,1,50.0,0,I,MELB_URBAN,ROAD,10,16.0
96850,1,1,120,2,1,100.0,1,I,RURAL_VICTORIA,HIGHWAY,10,10.0
96851,1,1,113,2,1,60.0,0,I,MELB_URBAN,HIGHWAY,10,17.0
96852,8,2,99,1,1,40.0,0,N,MELB_URBAN,STREET,10,18.0
96853,1,1,171,2,1,50.0,0,I,MELB_URBAN,OTHER,10,17.0
96854,4,1,173,5,1,60.0,0,N,MELB_URBAN,ROAD,10,19.0
96855,1,1,110,1,1,100.0,0,I,RURAL_VICTORIA,HIGHWAY,10,15.0
96856,4,1,171,5,1,70.0,0,N,MELB_URBAN,ROAD,10,15.0
96857,4,1,183,5,1,100.0,0,N,RURAL_VICTORIA,ROAD,10,14.0
96858,1,1,130,5,3,50.0,0,N,MELB_URBAN,OTHER,10,21.0
96859,1,0,121,1,1,60.0,0,I,MELB_URBAN,STREET,10,16.0
96860,4,1,173,5,5,100.0,0,N,RURAL_VICTORIA,ROAD,10,21.0
96861,1,1,120,2,1,60.0,0,I,MELB_URBAN,ROAD,10,16.0
96862,1,0,130,2,3,60.0,0,I,MELB_URBAN,ROAD,10,21.0
96863,1,1,130,5,3,80.0,0,N,MELB_URBAN,ROAD,10,22.0
96864,1,2,110,1,1,50.0,0,I,TOWNS,STREET,10,8.0
96865,1,1,160,5,1,50.0,0,N,MELB_URBAN,ROAD,10,9.0
96866,1,2,121,1,2,80.0,0,I,MELB_URBAN,ROAD,10,5.0
96867,1,5,135,2,1,100.0,0,I,MELB_URBAN,FREEWAY,10,17.0
96868,1,6,116,2,1,60.0,0,N,RURAL_VICTORIA,ROAD,10,14.0
96869,1,1,121,1,3,60.0,0,I,MELB_URBAN,ROAD,10,21.0