,accident_type,day_of_week,dca_code,road_geometry,light_condition,speed_zone,severity,node_type,deg_urban_name,road_type,month,hour
96870,1,2,134,5,1,80.0,0,N,MELB_URBAN,ROAD,10,10.0
96871,1,0,130,2,1,60.0,0,N,MELB_URBAN,ROAD,10,10.0
96872,1,2,110,1,1,50.0,0,I,TOWNS,STREET,10,9.0
96873,1,5,130,2,1,60.0,0,I,MELB_URBAN,ROAD,8,15.0
96874,2,2,99,5,1,60.0,0,N,MELB_URBAN,STREET,10,12.0
96875,1,2,160,5,1,60.0,0,N,LARGE_PROVINCIAL_CITIES,OTHER,10,12.0
96876,1,2,160,5,1,60.0,0,N,LARGE_PROVINCIAL_CITIES,STREET,10,8.0
96877,4,1,171,5,1,50.0,0,N,SMALL_CITIES,STREET,10,11.0
96878,8,1,99,5,1,60.0,0,N,RURAL_VICTORIA,ROAD,10,14.0
96879,1,2,130,5,1,80.0,0,N,RURAL_VICTORIA,ROAD,10,15.0
96880,1,2,135,5,1,50.0,0,N,MELB_URBAN,OTHER,10,11.0
96881,1,4,99,5,9,60.0,0,N,MELB_URBAN,ROAD,5,18.0
96882,1,2,121,2,1,60.0,0,I,MELB_URBAN,ROAD,10,15.0
96883,3,6,167,5,9,60.0,0,N,RURAL_VICTORIA,ROAD,10,6.0
96884,1,2,113,2,1,60.0,0,I,MELB_URBAN,ROAD,10,17.0
96885,1,2,120,5,1,80.0,0,N,RURAL_VICTORIA,ROAD,10,16.0
96886,1,2,121,1,1,60.0,0,I,MELB_URBAN,ROAD,10,18.0
96887,1,2,99,5,1,100.0,0,N,RURAL_VICTORIA,OTHER,10,17.0
96888,4,2,183,2,1,50.0,0,N,MELB_URBAN,BOULEVARD,10,15.0
96889,4,3,171,5,3,60.0,0,N,MELB_URBAN,ROAD,10,5.0
96890,1,3,110,1,1,30.0,0,I,RURAL_VICTORIA,HIGHWAY,10,6.0
96891,1,2,99,5,1,60.0,0,N,MELB_URBAN,ROAD,10,13.0
96892,1,4,147,5,1,70.0,0,N,MELB_URBAN,ROAD,9,10.0
96893,1,2,110,1,1,50.0,0,I,LARGE_PROVINCIAL_CITIES,STREET,10,15.0
96894,1,3,130,5,1,80.0,0,N,RURAL_VICTORIA,HIGHWAY,10,8.0
96895,6,2,99,5,1,80.0,0,N,RURAL_VICTORIA,ROAD,10,8.0
96896,1,3,130,5,1,60.0,0,N,MELB_URBAN,ROAD,10,7.0
96897,1,3,113,2,1,60.0,0,I,MELB_URBAN,ROAD,10,8.0
96898,4,2,99,2,1,50.0,0,I,MELB_URBAN,ROAD,10,11.0
96899,4,3,171,5,1,80.0,0,N,MELB_URBAN,RAMP,10,11.0
96900,1,3,130,5,1,80.0,0,N,MELB_URBAN,UNKNOWN,10,11.0
96901,8,3,174,2,1,50.0,0,I,MELB_URBAN,AVENUE,10,11.0
96902,2,5,99,5,1,50.0,0,N,TOWNS,STREET,10,14.0
96903,6,6,174,5,2,100.0,0,N,RURAL_VICTORIA,ROAD,10,19.0
96904,4,3,181,5,1,100.0,0,N,RURAL_VICTORIA,HIGHWAY,10,8.0
96905,1,2,147,5,1,60.0,0,N,MELB_URBAN,ROAD,10,8.0
96906,1,3,121,2,1,70.0,0,I,MELB_URBAN,ROAD,10,12.0
96907,1,3,120,5,1,50.0,0,N,MELB_URBAN,PARADE,10,13.0
96908,1,3,130,5,1,70.0,0,N,MELB_URBAN,ROAD,10,13.0
96909,1,2,110,1,3,80.0,0,I,MELB_URBAN,HIGHWAY,10,21.0
96910,1,3,121,1,1,40.0,0,I,MELB_URBAN,ROAD,10,15.0
96911,4,7,173,5,5,60.0,0,N,RURAL_VICTORIA,STREET,9,20.0
96912,1,3,110,1,1,50.0,0,I,MELB_URBAN,STREET,10,15.0
96913,1,3,110,1,1,60.0,0,I,MELB_URBAN,STREET,10,15.0
96914,1,3,130,5,1,110.0,0,N,RURAL_VICTORIA,FREEWAY,10,16.0
96915,1,3,120,5,1,60.0,0,N,LARGE_PROVINCIAL_CITIES,ROAD,10,14.0
96916,1,2,110,1,1,60.0,0,I,MELB_URBAN,ROAD,10,16.0
96917,2,3,100,1,1,60.0,0,I,MELB_URBAN,ROAD,10,16.0
96918,2,3,99,1,1,60.0,0,N,MELB_URBAN,ROAD,10,17.0
96919,4,3,181,5,1,60.0,0,N,MELB_URBAN,ROAD,10,15.0
96920,1,7,130,5,1,60.0,0,N,MELB_URBAN,HIGHWAY,10,8.0
96921,1,3,99,2,1,60.0,0,I,LARGE_PROVINCIAL_CITIES,ROAD,10,18.0
96922,1,3,121,2,1,80.0,0,I,RURAL_VICTORIA,ROAD,10,17.0
96923,1,3,99,2,1,60.0,0,I,MELB_URBAN,ROAD,10,18.0
96924,1,2,130,5,1,70.0,0,N,MELB_URBAN,ROAD,10,11.0
96925,1,4,111,2,1,70.0,0,I,MELB_URBAN,ROAD,10,14.0
96926,4,3,183,5,5,80.0,0,N,RURAL_VICTORIA,ROAD,10,19.0
96927,1,3,147,5,1,60.0,0,N,MELB_URBAN,DRIVE,10,15.0
96928,1,2,130,5,5,100.0,0,N,MELB_URBAN,FREEWAY,7,18.0
96929,1,4,110,1,3,80.0,0,I,MELB_URBAN,ROAD,10,1.0
96930,1,3,130,5,1,70.0,0,N,LARGE_PROVINCIAL_CITIES,ROAD,10,10.0
96931,1,1,132,1,1,60.0,0,I,MELB_URBAN,ROAD,10,8.0
96932,1,3,132,5,1,60.0,0,N,MELB_URBAN,ROAD,10,16.0
96933,7,3,99,1,1,80.0,0,N,MELB_URBAN,ROAD,10,13.0
96934,1,3,130,5,1,80.0,0,I,MELB_URBAN,RAMP,10,7.0
96935,1,4,111,1,1,60.0,0,I,MELB_URBAN,ROAD,10,8.0
96936,1,4,121,2,1,60.0,0,I,MELB_URBAN,ROAD,10,8.0
96937,1,4,134,2,1,80.0,0,I,MELB_URBAN,ROAD,10,9.0
96938,1,4,130,5,1,80.0,0,N,MELB_URBAN,FREEWAY,10,9.0
96939,1,3,110,1,1,60.0,0,I,TOWNS,STREET,10,9.0
96940,1,3,135,1,1,60.0,0,I,MELB_URBAN,ROAD,10,16.0
96941,8,3,174,5,1,40.0,0,N,MELB_URBAN,ROAD,8,13.0
96942,1,3,134,5,1,70.0,0,N,MELB_URBAN,ROAD,10,17.0
96943,1,4,134,2,1,80.0,0,I,MELB_URBAN,ROAD,10,10.0
96944,2,4,100,2,1,60.0,0,I,MELB_URBAN,ROAD,10,8.0
96945,1,3,130,5,1,80.0,0,N,MELB_URBAN,HIGHWAY,10,8.0
96946,1,4,135,5,1,60.0,0,N,MELB_URBAN,STREET,10,8.0
96947,1,4,113,2,1,80.0,0,I,MELB_URBAN,HIGHWAY,10,6.0
96948,1,4,130,5,1,80.0,1,N,MELB_URBAN,FREEWAY,10,12.0
96949,4,4,99,5,1,60.0,0,N,MELB_URBAN,OTHER,10,10.0
96950,1,4,99,2,1,60.0,0,I,MELB_URBAN,ROAD,10,15.0
96951,1,4,147,5,1,60.0,0,N,SMALL_CITIES,STREET,10,15.0
96952,1,4,120,2,1,100.0,0,I,RURAL_VICTORIA,HIGHWAY,10,14.0
96953,1,4,160,5,1,50.0,0,N,MELB_URBAN,DRIVE,10,17.0
96954,1,3,121,2,1,80.0,0,I,MELB_URBAN,ROAD,10,15.0
96955,2,4,99,5,2,60.0,0,I,LARGE_PROVINCIAL_CITIES,STREET,10,19.0
96956,1,4,130,5,1,100.0,0,N,RURAL_VICTORIA,HIGHWAY,10,15.0
96957,1,4,130,5,1,60.0,0,N,MELB_URBAN,ROAD,10,18.0
96958,1,4,133,1,1,60.0,0,N,MELB_URBAN,ROAD,10,18.0
96959,1,4,121,2,1,60.0,0,I,MELB_URBAN,HIGHWAY,10,17.0
96960,1,4,111,2,2,50.0,0,I,MELB_URBAN,ROAD,10,17.0
96961,4,0,171,5,1,60.0,0,N,MELB_URBAN,ROAD,7,14.0
96962,1,4,99,1,2,40.0,0,I,MELB_URBAN,STREET,10,19.0
96963,1,4,121,1,3,80.0,0,I,RURAL_VICTORIA,HIGHWAY,10,20.0
96964,6,2,99,5,1,100.0,0,N,RURAL_VICTORIA,HIGHWAY,10,10.0
96965,1,4,121,4,3,80.0,0,I,MELB_URBAN,HIGHWAY,10,20.0
96966,5,5,171,2,3,60.0,0,I,MELB_URBAN,ROAD,10,1.0
96967,4,4,171,2,3,60.0,0,I,MELB_URBAN,ROAD,10,3.0
96968,1,5,133,5,1,60.0,0,N,MELB_URBAN,STREET,10,7.0
96969,1,1,99,5,1,60.0,0,N,MELB_URBAN,ROAD,10,10.0
96970,1,6,130,1,1,80.0,0,I,MELB_URBAN,HIGHWAY,8,9.0
96971,2,2,99,1,1,50.0,0,I,MELB_URBAN,STREET,10,12.0
96972,1,5,121,2,1,60.0,0,I,MELB_URBAN,ROAD,10,10.0
96973,1,5,99,1,1,50.0,0,I,MELB_URBAN,STREET,10,7.0
96974,1,4,130,1,1,60.0,0,I,SMALL_CITIES,STREET,10,17.0
96975,1,5,160,5,1,40.0,0,N,MELB_URBAN,STREET,10,11.0
96976,1,4,99,5,1,60.0,0,N,MELB_URBAN,STREET,10,8.0
96977,4,5,171,5,5,60.0,0,N,RURAL_VICTORIA,ROAD,10,18.0
96978,1,4,99,5,1,60.0,0,N,RURAL_VICTORIA,ROAD,10,12.0
96979,1,5,130,1,1,60.0,0,I,MELB_URBAN,PARADE,10,14.0
96980,2,4,100,5,9,60.0,0,N,MELB_URBAN,ROAD,10,21.0
96981,1,5,111,2,1,50.0,0,I,MELB_URBAN,STREET,10,7.0
96982,1,5,99,5,1,60.0,0,N,TOWNS,STREET,10,16.0
96983,1,5,130,5,1,100.0,0,N,RURAL_VICTORIA,HIGHWAY,10,15.0
96984,1,5,110,1,1,100.0,0,I,RURAL_VICTORIA,ROAD,10,9.0
96985,1,5,111,2,3,60.0,0,I,MELB_URBAN,FREEWAY,7,18.0
96986,1,4,116,1,1,50.0,0,I,MELB_URBAN,ROAD,10,15.0
96987,1,5,111,2,1,80.0,0,I,RURAL_VICTORIA,ROAD,10,15.0
96988,1,5,120,5,1,60.0,1,N,LARGE_PROVINCIAL_CITIES,OTHER,10,16.0
96989,1,5,163,5,1,60.0,0,N,MELB_URBAN,OTHER,10,18.0
96990,1,5,147,5,1,60.0,0,N,MELB_URBAN,ROAD,10,19.0
96991,2,4,102,5,1,60.0,0,N,SMALL_CITIES,ROAD,10,19.0
96992,1,5,99,5,1,60.0,0,N,MELB_URBAN,ROAD,10,17.0
96993,1,2,113,1,1,60.0,0,N,MELB_URBAN,ROAD,9,18.0
96994,6,5,99,5,1,100.0,0,N,RURAL_VICTORIA,ROAD,10,18.0
96995,1,5,110,1,1,50.0,0,I,SMALL_CITIES,STREET,10,18.0
96996,1,5,113,2,3,80.0,0,I,MELB_URBAN,ROAD,10,20.0
96997,2,5,99,2,3,60.0,0,N,MELB_URBAN,STREET,10,19.0
96998,1,6,110,1,3,60.0,0,I,MELB_URBAN,BOULEVARD,10,5.0
96999,2,6,102,5,3,60.0,0,N,MELB_URBAN,ROAD,10,3.0
97000,1,1,120,5,1,60.0,0,N,RURAL_VICTORIA,ROAD,10,10.0
97001,6,6,99,5,5,100.0,0,N,RURAL_VICTORIA,ROAD,10,3.0
97002,1,6,130,5,1,80.0,0,N,MELB_URBAN,OTHER,10,8.0
97003,1,5,110,1,1,40.0,0,I,LARGE_PROVINCIAL_CITIES,ROAD,10,16.0
97004,1,0,130,5,1,70.0,0,N,MELB_URBAN,HIGHWAY,10,11.0
97005,1,6,111,1,1,60.0,0,I,SMALL_CITIES,ROAD,10,9.0
97006,1,6,110,1,1,40.0,0,I,MELB_URBAN,STREET,10,10.0
97007,2,6,99,2,1,40.0,0,N,MELBOURNE_CBD,STREET,10,12.0
97008,1,5,116,1,1,80.0,0,I,MELB_URBAN,BOULEVARD,10,9.0
97009,8,6,174,1,1,60.0,0,I,MELB_URBAN,STREET,10,11.0
97010,2,4,100,2,1,60.0,0,I,MELB_URBAN,AVENUE,10,15.0
97011,1,6,110,1,1,50.0,0,I,MELB_URBAN,STREET,10,12.0
97012,6,6,174,5,2,60.0,0,N,MELB_URBAN,OTHER,10,6.0
97013,1,6,132,2,1,80.0,0,I,RURAL_VICTORIA,ROAD,10,7.0
97014,1,5,113,2,1,60.0,0,N,MELB_URBAN,ROAD,10,14.0
97015,1,3,130,5,1,70.0,0,N,LARGE_PROVINCIAL_CITIES,ROAD,10,16.0
97016,1,6,130,5,1,70.0,0,N,LARGE_PROVINCIAL_CITIES,STREET,10,16.0
97017,1,6,140,5,1,70.0,0,N,MELB_URBAN,ROAD,10,15.0
97018,1,5,110,1,9,60.0,0,I,MELB_URBAN,ROAD,9,21.0
97019,4,6,173,5,1,50.0,0,N,MELB_URBAN,BOULEVARD,10,15.0
97020,8,6,174,2,1,60.0,0,I,MELB_URBAN,ROAD,10,15.0
97021,2,6,99,5,1,60.0,0,N,MELB_URBAN,STREET,10,16.0
97022,1,5,130,5,1,70.0,0,N,MELB_URBAN,STREET,10,15.0
97023,1,6,130,5,1,80.0,0,N,MELB_URBAN,UNKNOWN,10,16.0
97024,1,6,130,5,1,60.0,0,N,MELB_URBAN,ROAD,10,17.0
97025,1,6,132,1,1,40.0,0,I,MELB_URBAN,STREET,10,16.0
97026,2,6,102,1,1,50.0,0,I,MELB_URBAN,STREET,10,15.0
97027,1,6,160,5,1,40.0,0,N,MELB_URBAN,ROAD,10,18.0
97028,1,4,130,5,1,60.0,0,N,MELB_URBAN,ROAD,10,8.0
97029,1,6,163,5,3,40.0,0,N,MELB_URBAN,STREET,10,21.0
97030,1,6,121,2,2,60.0,0,I,MELB_URBAN,ROAD,10,20.0
97031,2,6,100,2,3,60.0,0,N,MELB_URBAN,STREET,10,21.0
97032,1,6,134,5,2,100.0,0,N,MELB_URBAN,FREEWAY,10,5.0
97033,1,5,163,5,1,40.0,0,N,MELB_URBAN,STREET,10,17.0
97034,1,5,160,5,3,50.0,0,N,MELB_URBAN,STREET,10,22.0
97035,4,7,99,1,3,60.0,0,I,SMALL_CITIES,AVENUE,10,3.0
97036,8,4,170,5,1,100.0,0,N,SMALL_TOWNS,ROAD,10,12.0
97037,1,3,110,1,1,60.0,0,I,MELB_URBAN,ROAD,10,12.0
97038,1,6,110,1,1,60.0,0,I,SMALL_CITIES,ROAD,10,12.0
97039,8,4,174,5,9,60.0,0,N,MELB_URBAN,STREET,10,18.0
97040,1,7,99,5,1,40.0,0,N,LARGE_PROVINCIAL_CITIES,STREET,10,9.0
97041,1,7,110,1,1,80.0,0,I,SMALL_CITIES,ROAD,10,9.0
97042,6,6,99,5,1,100.0,0,N,RURAL_VICTORIA,ROAD,10,13.0
97043,1,7,99,1,1,70.0,0,I,MELB_URBAN,ROAD,10,13.0
97044,4,7,99,5,1,50.0,0,N,SMALL_TOWNS,STREET,10,11.0
97045,1,5,99,5,1,60.0,0,N,MELB_URBAN,PARADE,10,13.0
97046,1,7,113,1,1,60.0,0,I,LARGE_PROVINCIAL_CITIES,STREET,10,7.0
97047,1,7,132,2,1,60.0,0,I,SMALL_CITIES,STREET,10,11.0
97048,1,7,160,2,1,60.0,0,N,MELB_URBAN,OTHER,10,12.0
97049,1,7,99,1,1,40.0,0,I,MELB_URBAN,ROAD,10,12.0
97050,8,6,170,2,1,50.0,0,I,TOWNS,DRIVE,10,12.0
97051,1,7,99,1,1,80.0,0,I,LARGE_PROVINCIAL_CITIES,ROAD,10,12.0
97052,1,7,113,2,1,50.0,0,I,MELB_URBAN,ROAD,10,12.0
97053,1,7,134,5,1,100.0,0,I,MELB_URBAN,FREEWAY,10,13.0
97054,6,7,174,5,1,70.0,0,N,MELB_URBAN,ROAD,10,12.0
97055,4,7,171,1,1,60.0,0,I,LARGE_PROVINCIAL_CITIES,ROAD,10,13.0
97056,1,6,130,2,1,80.0,0,I,MELB_URBAN,HIGHWAY,10,13.0
97057,8,7,170,5,1,70.0,0,N,MELB_URBAN,ROAD,10,14.0
97058,4,7,171,5,1,50.0,0,N,SMALL_CITIES,STREET,10,14.0
97059,2,7,99,1,1,50.0,0,N,MELB_URBAN,ROAD,10,13.0
97060,1,7,121,1,1,70.0,0,N,MELB_URBAN,RAMP,10,14.0
97061,1,3,120,5,3,60.0,0,N,MELB_URBAN,ROAD,10,20.0
97062,1,7,130,5,1,80.0,0,N,MELB_URBAN,ROAD,10,7.0
97063,1,7,130,5,1,60.0,0,N,MELB_URBAN,ROAD,10,14.0
97064,1,7,110,1,1,50.0,0,I,LARGE_PROVINCIAL_CITIES,STREET,10,16.0
97065,5,7,99,5,1,70.0,0,N,MELB_URBAN,ROAD,10,18.0
97066,1,7,130,2,1,70.0,0,I,MELB_URBAN,ROAD,10,18.0
97067,4,7,183,5,3,40.0,0,N,MELB_URBAN,RAMP,10,1.0
97068,1,6,130,2,1,100.0,0,I,RURAL_VICTORIA,ROAD,10,15.0
97069,2,7,100,2,1,60.0,0,I,MELB_URBAN,ROAD,10,19.0
97070,1,7,121,1,1,60.0,0,I,MELB_URBAN,STREET,10,16.0
97071,6,7,99,2,3,50.0,0,I,MELB_URBAN,ROAD,10,1.0
97072,2,7,99,5,1,100.0,0,N,RURAL_VICTORIA,ROAD,10,16.0
97073,4,7,183,5,5,100.0,0,N,RURAL_VICTORIA,ROAD,10,20.0
97074,4,7,171,1,3,70.0,0,I,MELB_URBAN,ROAD,10,21.0
97075,1,7,121,1,3,60.0,0,I,MELB_URBAN,STREET,10,22.0
97076,4,1,173,5,3,80.0,0,N,MELB_URBAN,ROAD,10,2.0
97077,2,0,100,5,1,40.0,0,I,MELB_URBAN,PARADE,10,7.0
97078,8,7,99,5,1,100.0,0,N,RURAL_VICTORIA,ROAD,10,13.0
97079,4,1,173,5,1,100.0,0,N,RURAL_VICTORIA,HIGHWAY,10,7.0
97080,1,1,130,1,1,80.0,0,I,MELB_URBAN,HIGHWAY,10,8.0
97081,1,1,113,2,1,70.0,0,I,MELB_URBAN,ROAD,10,9.0
97082,1,1,121,2,1,50.0,0,I,MELB_URBAN,AVENUE,10,8.0
97083,8,5,99,5,1,50.0,0,N,MELB_URBAN,ROAD,10,14.0
97084,1,0,99,5,1,60.0,0,N,MELB_URBAN,ROAD,10,9.0
97085,1,1,121,2,1,60.0,0,I,MELB_URBAN,STREET,10,12.0
97086,4,1,171,5,1,100.0,0,N,SMALL_CITIES,HIGHWAY,10,12.0
97087,8,6,99,5,1,100.0,0,N,RURAL_VICTORIA,ROAD,9,17.0
97088,2,1,100,2,1,60.0,0,I,MELB_URBAN,ROAD,10,13.0
97089,1,1,130,2,1,60.0,0,N,MELB_URBAN,ROAD,10,11.0
97090,8,1,99,5,1,60.0,0,N,RURAL_VICTORIA,OTHER,10,12.0
97091,4,1,173,5,1,100.0,0,N,RURAL_VICTORIA,HIGHWAY,10,12.0
97092,1,1,110,1,1,60.0,0,I,MELB_URBAN,ROAD,10,13.0
97093,7,1,99,5,1,40.0,0,N,RURAL_VICTORIA,STREET,10,12.0
97094,1,7,121,1,3,80.0,0,I,RURAL_VICTORIA,ROAD,10,21.0
97095,1,0,110,1,1,60.0,0,I,MELB_URBAN,ROAD,10,15.0
97096,8,7,174,5,1,60.0,0,N,RURAL_VICTORIA,ROAD,10,15.0
97097,1,1,121,4,1,60.0,0,I,MELB_URBAN,RAMP,10,13.0
97098,4,0,171,5,1,50.0,0,N,MELB_URBAN,DRIVE,10,16.0
97099,2,1,99,5,1,50.0,0,N,MELB_URBAN,AVENUE,10,18.0
97100,1,1,130,2,1,60.0,0,I,MELB_URBAN,HIGHWAY,10,17.0
97101,4,1,171,5,1,80.0,0,N,MELB_URBAN,ROAD,10,18.0
97102,1,1,130,5,1,80.0,0,N,RURAL_VICTORIA,AVENUE,10,14.0
97103,2,1,100,2,3,60.0,0,I,MELB_URBAN,PARADE,10,22.0
97104,1,1,121,1,1,40.0,0,I,MELB_URBAN,RAMP,10,17.0
97105,1,1,160,2,1,50.0,0,N,MELB_URBAN,STREET,10,15.0
97106,3,0,167,5,5,100.0,0,N,RURAL_VICTORIA,HIGHWAY,10,21.0
97107,8,2,99,2,1,60.0,0,I,MELB_URBAN,ROAD,10,17.0
97108,1,2,130,5,1,80.0,0,N,MELB_URBAN,HIGHWAY,10,6.0
97109,1,1,99,5,3,60.0,0,N,MELB_URBAN,OTHER,10,21.0
97110,4,1,181,5,1,100.0,0,N,RURAL_VICTORIA,HIGHWAY,10,14.0
97111,1,2,130,2,1,60.0,0,I,LARGE_PROVINCIAL_CITIES,ROAD,10,8.0
97112,6,6,174,5,9,60.0,0,N,RURAL_VICTORIA,ROAD,10,12.0
97113,7,4,99,1,1,60.0,0,I,SMALL_CITIES,ROAD,10,17.0
97114,6,7,170,5,2,100.0,0,N,RURAL_VICTORIA,ROAD,10,18.0
97115,8,1,170,5,5,100.0,0,N,RURAL_VICTORIA,ROAD,10,0.0
97116,1,1,120,5,1,60.0,0,N,RURAL_VICTORIA,ROAD,10,10.0
97117,4,7,171,2,3,70.0,0,I,LARGE_PROVINCIAL_CITIES,HIGHWAY,10,1.0
97118,1,1,110,1,1,50.0,0,I,LARGE_PROVINCIAL_CITIES,STREET,10,12.0
97119,1,7,160,5,3,60.0,0,N,LARGE_PROVINCIAL_CITIES,ROAD,10,22.0
97120,4,7,99,2,1,60.0,0,I,RURAL_VICTORIA,ROAD,10,16.0
97121,1,6,130,5,1,60.0,0,N,MELB_URBAN,FREEWAY,10,7.0
97122,1,2,121,2,1,60.0,0,I,MELB_URBAN,AVENUE,10,11.0
97123,1,2,113,1,1,80.0,0,I,TOWNS,HIGHWAY,10,14.0
97124,1,6,130,5,1,100.0,0,N,MELB_URBAN,UNKNOWN,10,17.0
97125,1,2,121,1,1,60.0,0,I,MELB_URBAN,HIGHWAY,10,16.0
97126,1,4,132,1,1,50.0,0,I,MELB_URBAN,ROAD,10,10.0
97127,1,2,99,5,1,60.0,0,N,MELB_URBAN,ROAD,10,17.0
97128,4,2,171,5,1,60.0,0,N,TOWNS,ROAD,10,17.0
97129,1,3,130,1,2,60.0,0,I,MELB_URBAN,HIGHWAY,10,17.0
97130,1,2,120,5,1,100.0,1,N,RURAL_VICTORIA,ROAD,10,15.0
97131,4,3,171,5,3,60.0,0,N,MELB_URBAN,ROAD,10,1.0
97132,4,2,171,5,5,80.0,0,N,TOWNS,HIGHWAY,10,23.0
97133,1,2,110,1,3,60.0,0,I,MELB_URBAN,PARADE,10,23.0
97134,1,3,133,5,1,60.0,0,N,LARGE_PROVINCIAL_CITIES,STREET,10,8.0
97135,1,3,110,1,1,60.0,0,I,MELB_URBAN,ROAD,10,7.0
97136,4,3,181,2,1,80.0,0,N,RURAL_VICTORIA,ROAD,10,8.0
97137,1,4,147,5,1,60.0,0,N,LARGE_PROVINCIAL_CITIES,OTHER,10,13.0
97138,1,3,130,2,1,80.0,0,I,MELB_URBAN,ROAD,10,9.0
97139,1,3,130,1,1,50.0,0,I,LARGE_PROVINCIAL_CITIES,STREET,10,9.0
97140,1,3,99,5,1,40.0,0,N,MELB_URBAN,ROAD,10,8.0
97141,4,3,183,5,1,100.0,0,N,RURAL_VICTORIA,ROAD,10,8.0
97142,1,2,140,2,1,60.0,0,I,MELB_URBAN,STREET,10,9.0
97143,1,3,110,1,1,50.0,0,I,SMALL_CITIES,STREET,10,11.0
97144,4,3,173,5,1,50.0,0,N,MELB_URBAN,STREET,10,11.0
97145,2,3,102,5,1,40.0,0,N,TOWNS,STREET,10,12.0
97146,1,3,110,1,1,100.0,0,I,RURAL_VICTORIA,FREEWAY,10,12.0
97147,1,3,121,1,1,80.0,0,I,MELB_URBAN,HIGHWAY,10,12.0
97148,1,3,121,2,1,60.0,0,I,LARGE_PROVINCIAL_CITIES,ROAD,10,11.0
97149,4,3,183,5,1,100.0,0,N,RURAL_VICTORIA,ROAD,10,13.0
97150,1,7,132,5,1,100.0,0,N,RURAL_VICTORIA,ROAD,10,13.0
97151,1,6,130,1,1,60.0,0,I,MELB_URBAN,ROAD,10,16.0
97152,1,3,160,5,1,60.0,0,N,MELB_URBAN,ROAD,10,14.0
97153,1,3,99,5,1,60.0,0,N,MELB_URBAN,ROAD,10,14.0
97154,1,2,130,5,1,80.0,0,N,RURAL_VICTORIA,HIGHWAY,10,15.0
97155,6,3,174,1,1,50.0,0,I,MELB_URBAN,ROAD,10,14.0
97156,1,3,130,1,1,80.0,0,N,MELB_URBAN,HIGHWAY,10,15.0
97157,1,3,99,2,2,60.0,0,I,MELB_URBAN,ROAD,10,17.0
97158,4,2,173,5,1,100.0,0,N,RURAL_VICTORIA,HIGHWAY,10,16.0
97159,4,3,181,5,1,100.0,0,N,RURAL_VICTORIA,FREEWAY,10,14.0
97160,4,3,173,5,1,80.0,0,N,RURAL_VICTORIA,ROAD,10,16.0
97161,1,3,163,5,3,40.0,0,N,MELB_URBAN,OTHER,10,18.0
97162,4,3,173,5,5,50.0,0,N,MELB_URBAN,STREET,10,20.0
97163,1,3,130,5,3,50.0,0,N,MELB_URBAN,STREET,10,20.0
97164,1,3,113,4,3,60.0,0,I,MELB_URBAN,RAMP,10,20.0
97165,4,3,173,3,2,80.0,0,I,MELB_URBAN,DRIVE,10,18.0
97166,4,3,183,2,3,50.0,0,I,MELB_URBAN,STREET,10,21.0
97167,1,3,99,1,1,80.0,0,I,MELB_URBAN,ROAD,10,18.0
97168,6,3,99,5,5,80.0,0,N,RURAL_VICTORIA,ROAD,10,20.0
97169,8,3,99,5,5,80.0,0,N,RURAL_VICTORIA,ROAD,10,23.0
97170,1,3,130,5,1,60.0,0,N,MELB_URBAN,ROAD,10,18.0
97171,6,3,184,1,1,80.0,0,N,MELB_URBAN,ROAD,10,17.0
97172,1,2,130,2,1,60.0,0,I,MELB_URBAN,ROAD,10,6.0
97173,1,3,113,2,1,40.0,0,I,SMALL_CITIES,ROAD,10,7.0
97174,1,4,113,2,1,50.0,0,I,MELB_URBAN,STREET,10,7.0
97175,2,1,99,5,5,100.0,0,N,RURAL_VICTORIA,ROAD,10,20.0
97176,1,4,132,5,1,60.0,0,N,MELB_URBAN,PARADE,10,8.0
97177,8,7,174,1,1,60.0,0,I,SMALL_CITIES,STREET,9,17.0
97178,1,4,110,4,1,40.0,0,I,MELB_URBAN,STREET,10,11.0
97179,1,4,111,2,1,60.0,0,I,MELB_URBAN,ROAD,10,10.0
97180,1,4,121,5,1,60.0,0,N,MELB_URBAN,ROAD,10,7.0
97181,8,4,174,2,1,60.0,0,I,MELB_URBAN,ROAD,8,15.0
97182,1,4,171,5,1,60.0,0,N,MELB_URBAN,ROAD,10,10.0
97183,1,4,99,5,1,80.0,0,N,MELB_URBAN,ROAD,10,10.0
97184,1,4,130,1,1,80.0,0,I,MELB_URBAN,HIGHWAY,10,12.0
97185,4,4,171,5,1,100.0,0,N,RURAL_VICTORIA,ROAD,10,12.0
97186,1,4,99,2,1,60.0,0,I,LARGE_PROVINCIAL_CITIES,ROAD,10,10.0
97187,1,4,120,5,1,60.0,0,N,MELB_URBAN,ROAD,10,14.0
97188,1,3,130,5,1,40.0,0,N,RURAL_VICTORIA,HIGHWAY,10,13.0
97189,1,4,121,5,1,60.0,0,N,MELB_URBAN,HIGHWAY,10,15.0
97190,1,4,132,2,1,60.0,0,I,MELB_URBAN,ROAD,10,16.0
97191,6,2,99,5,1,100.0,0,N,RURAL_VICTORIA,ROAD,10,13.0
97192,1,4,130,4,1,80.0,0,N,MELB_URBAN,RAMP,10,14.0
97193,1,4,113,1,1,60.0,0,I,MELB_URBAN,ROAD,10,17.0
97194,1,4,99,5,1,40.0,0,N,MELB_URBAN,STREET,10,18.0
97195,1,3,133,5,1,50.0,0,N,MELBOURNE_CBD,STREET,10,9.0