,accident_type,day_of_week,dca_code,road_geometry,light_condition,speed_zone,severity,node_type,deg_urban_name,road_type,month,hour
97196,1,1,140,5,9,60.0,0,N,TOWNS,HIGHWAY,10,15.0
97197,4,2,171,1,3,60.0,0,I,SMALL_CITIES,STREET,10,5.0
97198,1,4,130,5,1,60.0,0,N,MELB_URBAN,OTHER,10,17.0
97199,4,2,173,5,5,70.0,0,N,MELB_URBAN,ROAD,10,21.0
97200,4,4,181,5,2,100.0,0,N,RURAL_VICTORIA,HIGHWAY,10,19.0
97201,1,4,110,1,3,60.0,0,I,MELB_URBAN,ROAD,10,21.0
97202,1,4,116,2,3,80.0,0,I,MELB_URBAN,HIGHWAY,10,21.0
97203,6,5,174,5,3,40.0,0,N,MELB_URBAN,ROAD,10,0.0
97204,1,4,160,5,3,60.0,0,N,MELB_URBAN,ROAD,10,5.0
97205,1,4,130,5,1,80.0,0,N,MELB_URBAN,ROAD,10,16.0
97206,1,4,121,2,1,40.0,0,I,MELB_URBAN,STREET,9,17.0
97207,1,5,99,2,1,60.0,0,I,MELB_URBAN,AVENUE,10,16.0
97208,4,5,173,2,1,70.0,0,I,MELB_URBAN,ROAD,10,8.0
97209,6,3,99,5,1,100.0,0,N,RURAL_VICTORIA,ROAD,10,12.0
97210,1,4,99,5,1,60.0,0,N,MELB_URBAN,ROAD,10,17.0
97211,1,7,121,1,3,60.0,0,I,MELB_URBAN,ROAD,10,22.0
97212,2,4,100,1,1,60.0,0,I,MELB_URBAN,ROAD,10,7.0
97213,1,4,120,5,1,70.0,0,N,RURAL_VICTORIA,ROAD,10,9.0
97214,1,4,111,2,1,60.0,0,I,MELB_URBAN,ROAD,10,17.0
97215,1,4,134,1,1,60.0,0,I,MELB_URBAN,ROAD,10,19.0
97216,4,5,171,5,3,60.0,0,N,MELB_URBAN,ROAD,10,5.0
97217,1,3,121,1,9,40.0,0,I,MELB_URBAN,ROAD,9,18.0
97218,1,3,140,5,3,40.0,0,N,MELB_URBAN,ROAD,10,20.0
97219,1,2,113,2,1,60.0,0,I,MELB_URBAN,ROAD,10,14.0
97220,4,5,173,2,1,50.0,0,I,MELB_URBAN,DRIVE,10,11.0
97221,1,3,130,1,1,50.0,0,I,MELB_URBAN,STREET,10,7.0
97222,1,5,130,2,1,50.0,0,N,MELB_URBAN,STREET,10,9.0
97223,1,3,130,1,2,80.0,0,N,MELB_URBAN,HIGHWAY,10,18.0
97224,1,5,130,5,1,80.0,0,N,MELB_URBAN,FREEWAY,10,13.0
97225,4,4,183,5,1,80.0,0,N,RURAL_VICTORIA,HIGHWAY,10,8.0
97226,4,5,173,5,1,60.0,0,N,MELB_URBAN,ROAD,10,15.0
97227,2,5,100,5,1,50.0,0,N,MELB_URBAN,AVENUE,10,16.0
97228,1,4,130,5,1,40.0,0,N,MELB_URBAN,STREET,10,8.0
97229,1,5,147,5,1,60.0,0,N,LARGE_PROVINCIAL_CITIES,STREET,10,16.0
97230,2,4,99,5,1,40.0,0,N,MELB_URBAN,UNKNOWN,10,13.0
97231,1,4,111,2,1,80.0,0,N,MELB_URBAN,ROAD,10,17.0
97232,1,5,111,2,1,50.0,0,I,MELB_URBAN,ROAD,10,16.0
97233,1,5,116,1,1,50.0,0,I,MELB_URBAN,STREET,10,19.0
97234,4,4,173,1,1,80.0,0,I,MELB_URBAN,HIGHWAY,10,16.0
97235,2,4,99,5,1,60.0,0,N,MELB_URBAN,OTHER,10,11.0
97236,2,2,102,1,1,60.0,0,I,MELB_URBAN,ROAD,10,15.0
97237,4,5,171,5,1,100.0,0,N,RURAL_VICTORIA,FREEWAY,10,17.0
97238,1,4,113,2,3,60.0,0,I,MELB_URBAN,ROAD,10,19.0
97239,1,4,130,2,1,60.0,0,N,MELB_URBAN,ROAD,10,16.0
97240,4,5,99,5,5,100.0,0,N,RURAL_VICTORIA,ROAD,10,20.0
97241,1,5,160,5,3,50.0,0,N,MELB_URBAN,STREET,10,20.0
97242,4,5,171,5,4,80.0,0,N,SMALL_TOWNS,ROAD,10,21.0
97243,1,6,130,1,3,80.0,0,N,MELB_URBAN,ROAD,10,4.0
97244,1,6,110,1,1,80.0,0,I,TOWNS,HIGHWAY,10,9.0
97245,1,6,173,1,1,70.0,0,N,MELB_URBAN,ROAD,10,9.0
97246,8,5,99,2,1,60.0,0,I,MELB_URBAN,ROAD,10,9.0
97247,1,5,120,5,5,100.0,0,N,RURAL_VICTORIA,ROAD,10,4.0
97248,2,5,99,5,1,50.0,0,N,MELB_URBAN,STREET,10,12.0
97249,5,6,99,5,1,60.0,0,N,MELB_URBAN,ROAD,10,10.0
97250,1,5,160,5,1,60.0,0,N,MELB_URBAN,ROAD,10,10.0
97251,4,3,99,5,5,60.0,0,N,RURAL_VICTORIA,HIGHWAY,10,20.0
97252,2,6,102,5,1,60.0,0,N,MELB_URBAN,STREET,10,12.0
97253,1,1,99,5,1,40.0,0,N,MELB_URBAN,STREET,7,8.0
97254,8,6,174,3,1,40.0,0,I,MELB_URBAN,OTHER,10,7.0
97255,1,5,110,1,1,50.0,0,I,MELB_URBAN,STREET,10,15.0
97256,1,6,130,5,1,60.0,0,N,MELB_URBAN,STREET,10,13.0
97257,1,2,147,5,1,60.0,0,N,LARGE_PROVINCIAL_CITIES,ROAD,10,12.0
97258,1,2,110,1,9,60.0,0,I,MELB_URBAN,ROAD,10,20.0
97259,1,6,160,5,1,50.0,0,N,MELB_URBAN,ROAD,10,9.0
97260,4,5,173,5,1,100.0,0,N,RURAL_VICTORIA,ROAD,10,15.0
97261,1,6,121,5,1,60.0,0,N,MELB_URBAN,STREET,10,15.0
97262,8,6,99,5,1,100.0,0,N,RURAL_VICTORIA,ROAD,10,15.0
97263,1,6,133,3,1,100.0,0,N,MELB_URBAN,FREEWAY,10,16.0
97264,1,6,120,2,1,80.0,0,I,MELB_URBAN,ROAD,10,15.0
97265,1,6,130,5,1,80.0,0,N,MELB_URBAN,RAMP,10,17.0
97266,1,6,130,5,1,100.0,0,N,MELB_URBAN,FREEWAY,10,16.0
97267,1,6,130,5,1,70.0,0,N,RURAL_VICTORIA,ROAD,10,15.0
97268,1,6,113,2,1,100.0,0,N,RURAL_VICTORIA,ROAD,10,17.0
97269,6,6,99,2,1,60.0,0,N,MELB_URBAN,ROAD,10,15.0
97270,6,6,170,5,1,100.0,0,N,RURAL_VICTORIA,ROAD,10,19.0
97271,1,6,160,5,3,60.0,0,N,MELB_URBAN,STREET,10,20.0
97272,1,6,121,1,3,60.0,0,I,MELB_URBAN,STREET,10,20.0
97273,1,7,160,5,3,50.0,0,N,MELB_URBAN,DRIVE,10,1.0
97274,2,6,100,2,1,50.0,0,I,MELB_URBAN,ROAD,10,12.0
97275,1,7,132,2,1,60.0,0,I,MELB_URBAN,ROAD,10,12.0
97276,1,7,132,2,1,60.0,0,I,MELB_URBAN,ROAD,10,7.0
97277,1,7,110,1,1,60.0,0,I,MELB_URBAN,PARADE,10,7.0
97278,4,7,171,5,1,60.0,0,N,MELB_URBAN,ROAD,10,8.0
97279,1,7,99,2,1,60.0,0,I,MELB_URBAN,ROAD,10,11.0
97280,4,7,171,2,1,70.0,0,I,MELB_URBAN,ROAD,10,10.0
97281,4,7,181,5,1,100.0,0,N,RURAL_VICTORIA,ROAD,10,11.0
97282,1,3,130,1,1,50.0,0,I,SMALL_CITIES,STREET,10,14.0
97283,1,6,130,2,1,60.0,0,I,SMALL_CITIES,OTHER,10,11.0
97284,1,6,140,5,1,60.0,0,N,MELB_URBAN,ROAD,10,10.0
97285,1,7,99,4,1,60.0,0,N,MELB_URBAN,ROAD,10,12.0
97286,1,6,110,1,1,50.0,0,I,LARGE_PROVINCIAL_CITIES,STREET,10,12.0
97287,1,6,181,2,1,50.0,0,I,MELB_URBAN,ROAD,10,13.0
97288,6,6,174,5,1,40.0,0,N,MELB_URBAN,STREET,10,18.0
97289,4,6,171,5,1,60.0,0,N,MELB_URBAN,STREET,10,11.0
97290,1,6,116,2,1,50.0,0,N,RURAL_VICTORIA,ROAD,10,12.0
97291,1,7,130,5,1,60.0,0,N,MELB_URBAN,ROAD,10,11.0
97292,5,6,99,5,1,60.0,0,N,RURAL_VICTORIA,OTHER,9,10.0
97293,1,7,110,1,1,100.0,0,I,RURAL_VICTORIA,ROAD,10,15.0
97294,2,7,99,5,1,40.0,0,N,MELB_URBAN,OTHER,10,15.0
97295,1,7,113,2,1,70.0,0,I,MELB_URBAN,ROAD,10,15.0
97296,1,6,130,5,1,70.0,0,N,MELB_URBAN,ROAD,10,16.0
97297,1,7,121,1,1,60.0,0,I,MELB_URBAN,ROAD,10,15.0
97298,6,6,170,5,1,100.0,0,N,RURAL_VICTORIA,ROAD,10,17.0
97299,4,7,171,5,2,60.0,0,N,RURAL_VICTORIA,ROAD,10,17.0
97300,1,6,120,5,1,60.0,0,N,MELB_URBAN,ROAD,10,16.0
97301,4,7,181,5,1,100.0,0,N,MELB_URBAN,FREEWAY,10,9.0
97302,1,7,113,1,1,60.0,0,I,MELB_URBAN,ROAD,10,18.0
97303,1,7,110,1,9,100.0,0,I,RURAL_VICTORIA,ROAD,10,10.0
97304,1,7,121,1,2,60.0,0,N,MELB_URBAN,ROAD,10,20.0
97305,1,7,140,5,1,60.0,0,N,MELB_URBAN,STREET,10,18.0
97306,4,7,181,5,1,80.0,0,N,RURAL_VICTORIA,ROAD,10,15.0
97307,4,6,171,3,1,50.0,0,N,TOWNS,HIGHWAY,10,19.0
97308,1,6,111,1,3,60.0,0,N,MELB_URBAN,ROAD,10,21.0
97309,1,7,110,1,1,50.0,0,I,MELB_URBAN,AVENUE,10,10.0
97310,2,1,100,5,5,80.0,1,N,MELB_URBAN,OTHER,10,5.0
97311,4,1,173,5,1,100.0,0,N,RURAL_VICTORIA,OTHER,10,7.0
97312,1,1,110,1,1,50.0,0,I,MELB_URBAN,STREET,10,11.0
97313,1,1,130,2,1,50.0,0,I,MELB_URBAN,ROAD,10,15.0
97314,1,1,130,5,1,60.0,0,N,MELB_URBAN,HIGHWAY,10,8.0
97315,1,7,130,5,1,50.0,0,N,SMALL_CITIES,STREET,10,13.0
97316,1,6,110,1,1,60.0,0,I,MELB_URBAN,ROAD,10,15.0
97317,1,1,99,2,1,100.0,0,I,RURAL_VICTORIA,HIGHWAY,10,11.0
97318,1,1,110,1,1,50.0,0,N,TOWNS,STREET,10,14.0
97319,1,6,110,1,1,50.0,0,I,MELB_URBAN,OTHER,10,15.0
97320,4,1,181,5,1,80.0,0,N,RURAL_VICTORIA,ROAD,10,13.0
97321,2,7,100,1,2,50.0,0,I,MELB_URBAN,ROAD,10,18.0
97322,6,1,99,5,1,50.0,0,N,MELB_URBAN,STREET,10,14.0
97323,8,1,99,5,1,60.0,0,N,RURAL_VICTORIA,ROAD,10,15.0
97324,1,5,99,5,9,100.0,0,N,RURAL_VICTORIA,HIGHWAY,10,21.0
97325,4,0,181,5,1,100.0,0,N,RURAL_VICTORIA,ROAD,10,13.0
97326,1,6,110,5,1,50.0,0,N,MELB_URBAN,ROAD,10,18.0
97327,1,1,110,1,1,100.0,0,I,RURAL_VICTORIA,ROAD,10,16.0
97328,4,1,171,5,1,60.0,0,N,MELB_URBAN,STREET,10,19.0
97329,1,1,110,1,1,100.0,0,I,RURAL_VICTORIA,ROAD,10,17.0
97330,1,1,133,5,1,60.0,0,N,MELB_URBAN,ROAD,10,16.0
97331,1,1,99,2,2,60.0,0,I,MELB_URBAN,HIGHWAY,10,18.0
97332,2,1,102,4,1,60.0,0,I,MELB_URBAN,ROAD,10,18.0
97333,4,1,171,5,1,100.0,1,N,RURAL_VICTORIA,ROAD,10,13.0
97334,4,1,171,5,3,80.0,0,N,MELB_URBAN,HIGHWAY,10,23.0
97335,1,1,99,2,1,80.0,0,I,MELB_URBAN,HIGHWAY,10,16.0
97336,1,1,121,5,3,80.0,1,N,MELB_URBAN,ROAD,10,20.0
97337,4,2,183,5,3,50.0,0,N,SMALL_CITIES,OTHER,10,1.0
97338,1,1,130,5,1,60.0,0,N,MELB_URBAN,DRIVE,10,6.0
97339,5,1,99,5,5,80.0,0,N,TOWNS,ROAD,10,1.0
97340,1,2,110,1,2,60.0,0,I,MELB_URBAN,HIGHWAY,10,7.0
97341,1,5,130,5,1,60.0,0,N,MELB_URBAN,ROAD,10,17.0
97342,1,2,130,5,1,60.0,0,N,MELB_URBAN,STREET,10,7.0
97343,1,7,99,5,1,80.0,0,N,MELB_URBAN,ROAD,10,12.0
97344,1,2,121,5,1,40.0,0,N,MELB_URBAN,STREET,10,9.0
97345,1,2,130,5,1,80.0,0,N,RURAL_VICTORIA,ROAD,10,8.0
97346,1,6,130,1,2,60.0,0,I,MELB_URBAN,ROAD,10,17.0
97347,1,2,130,5,2,60.0,0,N,MELB_URBAN,ROAD,10,6.0
97348,1,2,130,5,1,80.0,0,N,MELB_URBAN,ROAD,10,7.0
97349,1,1,130,2,1,60.0,0,I,MELB_URBAN,ROAD,10,8.0
97350,1,1,130,5,1,60.0,0,N,TOWNS,ROAD,10,8.0
97351,1,1,130,5,1,100.0,0,N,RURAL_VICTORIA,FREEWAY,10,9.0
97352,1,2,110,1,1,80.0,0,I,TOWNS,ROAD,10,11.0
97353,4,2,171,5,1,70.0,0,N,MELB_URBAN,STREET,10,10.0
97354,1,2,99,1,1,60.0,0,I,MELB_URBAN,STREET,10,8.0
97355,6,2,99,5,1,80.0,0,N,RURAL_VICTORIA,ROAD,10,12.0
97356,1,2,130,5,1,60.0,0,N,RURAL_VICTORIA,ROAD,10,11.0
97357,1,2,147,5,1,60.0,0,N,MELB_URBAN,ROAD,10,10.0
97358,8,7,174,1,3,60.0,0,N,MELB_URBAN,STREET,7,23.0
97359,1,1,134,5,6,80.0,0,N,MELB_URBAN,ROAD,10,20.0
97360,1,1,140,2,1,50.0,0,I,RURAL_VICTORIA,ROAD,10,13.0
97361,1,2,111,2,1,80.0,0,I,MELB_URBAN,ROAD,10,16.0
97362,4,2,171,5,1,100.0,0,N,RURAL_VICTORIA,OTHER,10,17.0
97363,4,2,171,2,1,80.0,0,I,MELB_URBAN,HIGHWAY,10,16.0
97364,8,2,99,1,1,60.0,0,I,MELB_URBAN,ROAD,10,8.0
97365,1,2,99,5,1,50.0,0,N,MELB_URBAN,ROAD,10,15.0
97366,4,2,173,5,1,100.0,0,N,RURAL_VICTORIA,ROAD,10,19.0
97367,1,1,110,1,1,70.0,0,I,MELB_URBAN,BOULEVARD,10,19.0
97368,1,1,160,5,3,60.0,0,N,MELB_URBAN,ROAD,10,20.0
97369,1,2,99,2,1,60.0,0,I,MELB_URBAN,STREET,10,17.0
97370,1,2,130,5,1,100.0,0,N,MELB_URBAN,FREEWAY,10,18.0
97371,2,1,102,1,3,60.0,0,I,MELB_URBAN,STREET,10,19.0
97372,1,2,130,5,5,40.0,0,N,SMALL_TOWNS,ROAD,10,22.0
97373,1,2,130,2,3,60.0,0,I,MELB_URBAN,ROAD,10,22.0
97374,2,2,100,5,3,50.0,0,N,MELB_URBAN,STREET,10,22.0
97375,1,2,110,1,3,60.0,0,I,MELB_URBAN,STREET,10,21.0
97376,1,2,163,5,1,40.0,0,N,MELB_URBAN,STREET,10,16.0
97377,4,1,181,5,1,50.0,0,N,MELB_URBAN,ROAD,10,19.0
97378,1,3,121,2,1,50.0,0,I,MELB_URBAN,STREET,10,7.0
97379,1,3,120,5,2,60.0,0,N,MELB_URBAN,STREET,10,6.0
97380,1,2,130,5,1,60.0,0,N,MELB_URBAN,STREET,10,17.0
97381,6,4,174,5,6,50.0,0,N,MELB_URBAN,ROAD,4,19.0
97382,1,6,120,1,3,60.0,0,N,MELB_URBAN,ROAD,10,22.0
97383,1,2,130,1,3,60.0,0,N,MELB_URBAN,STREET,10,20.0
97384,4,2,181,5,1,50.0,0,N,MELB_URBAN,ROAD,10,10.0
97385,1,2,130,2,1,60.0,0,I,MELB_URBAN,ROAD,10,8.0
97386,1,3,121,2,1,40.0,0,I,LARGE_PROVINCIAL_CITIES,STREET,10,12.0
97387,1,3,121,5,1,80.0,0,I,MELB_URBAN,ROAD,10,9.0
97388,1,2,111,2,1,60.0,0,I,MELB_URBAN,ROAD,10,12.0
97389,1,3,130,5,1,70.0,0,N,MELB_URBAN,ROAD,10,9.0
97390,8,3,99,5,1,50.0,0,N,MELB_URBAN,ROAD,10,13.0
97391,6,2,99,5,1,100.0,0,N,RURAL_VICTORIA,ROAD,10,11.0
97392,2,3,102,5,1,70.0,0,N,MELB_URBAN,ROAD,10,7.0
97393,1,3,99,5,1,50.0,0,N,MELB_URBAN,ROAD,10,12.0
97394,1,2,121,2,1,50.0,0,I,MELB_URBAN,ROAD,10,15.0
97395,4,3,171,5,1,100.0,0,N,RURAL_VICTORIA,HIGHWAY,10,12.0
97396,1,3,121,2,2,60.0,0,I,MELB_URBAN,ROAD,10,17.0
97397,1,3,147,5,1,40.0,0,N,TOWNS,STREET,10,8.0
97398,1,2,121,2,3,60.0,0,I,MELB_URBAN,STREET,10,21.0
97399,3,0,167,5,1,100.0,0,N,RURAL_VICTORIA,ROAD,10,14.0
97400,4,3,173,1,1,50.0,0,I,TOWNS,AVENUE,10,17.0
97401,1,2,120,5,2,100.0,0,N,RURAL_VICTORIA,ROAD,10,19.0
97402,1,3,99,5,1,40.0,0,N,MELB_URBAN,ROAD,10,18.0
97403,1,3,135,2,1,60.0,0,I,LARGE_PROVINCIAL_CITIES,ROAD,10,15.0
97404,1,3,111,1,1,50.0,0,I,TOWNS,STREET,10,15.0
97405,4,3,171,5,1,100.0,0,N,RURAL_VICTORIA,ROAD,10,15.0
97406,1,3,130,5,1,100.0,0,N,MELB_URBAN,ROAD,10,17.0
97407,8,1,99,2,3,60.0,0,I,MELB_URBAN,ROAD,10,20.0
97408,1,3,171,5,3,50.0,0,N,MELB_URBAN,STREET,10,22.0
97409,7,1,99,5,1,60.0,0,N,RURAL_VICTORIA,OTHER,10,10.0
97410,4,4,173,5,5,50.0,0,N,MELB_URBAN,UNKNOWN,10,4.0
97411,1,4,99,1,2,60.0,0,I,MELB_URBAN,OTHER,10,6.0
97412,1,3,116,2,1,60.0,0,I,MELB_URBAN,DRIVE,10,7.0
97413,1,4,113,2,1,80.0,0,I,MELB_URBAN,ROAD,8,16.0
97414,4,4,173,5,1,100.0,0,N,RURAL_VICTORIA,ROAD,10,8.0
97415,1,4,120,4,1,100.0,0,N,RURAL_VICTORIA,ROAD,10,8.0
97416,1,4,130,2,1,80.0,0,I,RURAL_VICTORIA,HIGHWAY,10,8.0
97417,6,4,174,1,1,50.0,0,I,RURAL_VICTORIA,AVENUE,10,10.0
97418,4,4,171,5,1,100.0,0,N,RURAL_VICTORIA,HIGHWAY,10,7.0
97419,1,6,110,1,1,60.0,0,I,MELB_URBAN,ROAD,3,9.0
97420,1,4,110,1,1,60.0,0,I,MELB_URBAN,ROAD,10,11.0
97421,1,4,99,1,1,60.0,0,I,SMALL_CITIES,PARADE,10,12.0
97422,4,4,181,5,3,70.0,0,N,RURAL_VICTORIA,ROAD,10,1.0
97423,6,4,99,5,1,100.0,0,N,RURAL_VICTORIA,ROAD,10,10.0
97424,1,4,130,1,1,70.0,0,I,MELB_URBAN,ROAD,10,13.0
97425,1,3,130,5,1,60.0,0,N,MELB_URBAN,OTHER,10,13.0
97426,1,6,130,1,2,50.0,0,I,MELB_URBAN,AVENUE,10,18.0
97427,1,3,130,5,1,80.0,0,N,RURAL_VICTORIA,HIGHWAY,10,8.0
97428,2,3,99,5,1,50.0,0,N,MELB_URBAN,BOULEVARD,10,14.0
97429,1,2,99,2,1,50.0,0,I,MELB_URBAN,STREET,10,8.0
97430,1,4,110,1,1,50.0,0,I,TOWNS,STREET,10,11.0
97431,1,4,110,1,1,50.0,0,I,MELB_URBAN,STREET,10,10.0
97432,1,4,110,1,1,60.0,0,I,MELB_URBAN,ROAD,10,7.0
97433,1,5,130,2,9,80.0,0,I,MELB_URBAN,ROAD,10,17.0
97434,2,4,100,2,1,60.0,0,I,MELB_URBAN,OTHER,10,13.0
97435,8,4,99,5,1,60.0,0,N,MELB_URBAN,ROAD,10,14.0
97436,1,4,130,5,1,80.0,0,N,MELB_URBAN,RAMP,10,15.0
97437,1,4,121,1,1,50.0,0,I,MELB_URBAN,STREET,10,17.0
97438,2,4,99,5,1,60.0,0,N,MELB_URBAN,ROAD,10,14.0
97439,1,4,99,2,1,50.0,0,I,MELB_URBAN,ROAD,10,17.0
97440,1,4,130,1,1,60.0,0,N,MELB_URBAN,HIGHWAY,10,17.0
97441,2,4,102,5,1,40.0,0,N,MELB_URBAN,STREET,10,18.0
97442,1,4,110,1,1,50.0,0,I,MELB_URBAN,ROAD,10,18.0
97443,3,2,167,5,9,80.0,0,N,MELB_URBAN,ROAD,4,6.0
97444,1,5,130,2,1,60.0,0,I,MELB_URBAN,STREET,8,15.0
97445,1,3,130,5,1,60.0,0,N,MELB_URBAN,ROAD,10,15.0
97446,6,5,99,1,3,60.0,0,I,MELB_URBAN,STREET,10,0.0
97447,1,2,163,2,1,60.0,0,N,MELB_URBAN,STREET,10,8.0
97448,1,5,121,2,1,70.0,0,I,MELB_URBAN,ROAD,10,6.0
97449,4,5,181,5,3,60.0,0,N,MELB_URBAN,ROAD,10,5.0
97450,1,3,116,2,1,60.0,0,I,MELB_URBAN,ROAD,10,7.0
97451,1,5,110,1,1,60.0,0,I,RURAL_VICTORIA,ROAD,10,7.0
97452,2,2,102,1,1,50.0,0,I,MELB_URBAN,STREET,10,16.0
97453,1,5,163,5,1,40.0,0,N,MELB_URBAN,STREET,10,9.0
97454,7,5,184,5,1,80.0,0,N,TOWNS,ROAD,10,11.0
97455,2,4,99,1,1,40.0,0,I,LARGE_PROVINCIAL_CITIES,STREET,10,13.0
97456,1,4,163,5,9,40.0,0,N,MELB_URBAN,STREET,10,20.0
97457,1,4,130,2,1,60.0,0,N,MELB_URBAN,DRIVE,10,17.0
97458,4,5,99,2,1,60.0,0,I,TOWNS,ROAD,10,12.0
97459,1,4,113,1,1,50.0,0,I,LARGE_PROVINCIAL_CITIES,HIGHWAY,10,9.0
97460,1,5,116,1,1,50.0,0,I,MELB_URBAN,ROAD,10,13.0
97461,1,5,140,5,1,50.0,0,N,MELB_URBAN,STREET,10,11.0
97462,1,5,113,2,1,50.0,0,I,MELB_URBAN,STREET,10,11.0
97463,1,5,121,1,1,60.0,0,I,TOWNS,STREET,10,11.0
97464,1,5,110,1,1,80.0,0,I,RURAL_VICTORIA,HIGHWAY,10,11.0
97465,1,5,130,2,1,100.0,0,I,RURAL_VICTORIA,ROAD,10,14.0
97466,1,4,110,1,1,100.0,0,I,RURAL_VICTORIA,ROAD,10,15.0
97467,1,5,130,2,1,60.0,0,N,MELB_URBAN,ROAD,10,14.0
97468,2,5,102,2,1,50.0,0,I,MELB_URBAN,DRIVE,10,15.0
97469,1,5,116,2,1,70.0,0,I,MELB_URBAN,ROAD,10,15.0
97470,1,5,130,2,1,80.0,0,I,SMALL_CITIES,DRIVE,10,15.0
97471,1,4,130,5,1,100.0,0,N,MELB_URBAN,FREEWAY,10,17.0
97472,4,5,99,5,1,50.0,0,N,MELB_URBAN,OTHER,10,16.0
97473,6,5,174,2,1,60.0,0,I,MELB_URBAN,ROAD,10,17.0
97474,1,5,132,5,1,70.0,0,N,MELB_URBAN,ROAD,10,18.0
97475,1,4,121,2,1,40.0,0,I,MELB_URBAN,ROAD,10,18.0
97476,1,5,130,1,1,60.0,0,I,RURAL_VICTORIA,ROAD,10,16.0
97477,1,5,147,5,1,40.0,0,N,LARGE_PROVINCIAL_CITIES,STREET,10,15.0
97478,1,5,121,2,1,60.0,0,I,MELB_URBAN,ROAD,10,19.0
97479,1,5,113,2,1,60.0,0,I,MELB_URBAN,STREET,10,16.0
97480,1,5,121,2,1,60.0,0,I,MELB_URBAN,ROAD,10,13.0
97481,1,5,99,2,1,60.0,0,I,MELB_URBAN,STREET,10,18.0
97482,1,4,110,1,1,60.0,0,I,MELB_URBAN,PARADE,10,15.0
97483,1,5,140,5,1,50.0,0,N,MELB_URBAN,AVENUE,10,18.0
97484,2,5,100,1,1,60.0,0,I,MELB_URBAN,STREET,10,17.0
97485,4,5,171,5,2,100.0,0,N,RURAL_VICTORIA,ROAD,10,19.0
97486,4,5,173,2,3,60.0,0,N,MELB_URBAN,UNKNOWN,10,20.0
97487,4,5,173,5,5,50.0,0,N,MELB_URBAN,STREET,10,22.0
97488,4,5,173,5,2,100.0,0,N,RURAL_VICTORIA,HIGHWAY,10,6.0
97489,1,5,130,5,2,100.0,0,N,RURAL_VICTORIA,HIGHWAY,10,6.0
97490,6,6,99,5,3,80.0,0,N,MELB_URBAN,ROAD,10,2.0
97491,1,4,130,2,3,70.0,0,I,MELB_URBAN,ROAD,10,23.0
97492,4,5,173,5,3,50.0,0,I,MELB_URBAN,DRIVE,10,0.0
97493,1,6,130,5,2,80.0,0,N,MELB_URBAN,HIGHWAY,10,6.0
97494,1,1,130,1,1,60.0,0,I,MELB_URBAN,ROAD,12,8.0
97495,1,5,130,5,1,100.0,0,N,MELB_URBAN,FREEWAY,10,7.0
97496,1,6,116,1,1,50.0,0,I,MELB_URBAN,STREET,10,7.0
97497,1,6,99,1,1,80.0,0,I,MELB_URBAN,ROAD,10,8.0
97498,1,6,120,5,1,40.0,0,N,MELB_URBAN,ROAD,10,7.0
97499,1,6,121,1,1,100.0,0,I,RURAL_VICTORIA,HIGHWAY,10,7.0
97500,4,6,173,5,1,110.0,0,N,RURAL_VICTORIA,FREEWAY,10,10.0
97501,1,6,121,1,1,50.0,0,I,MELB_URBAN,STREET,10,12.0
97502,1,6,130,5,1,100.0,0,N,MELB_URBAN,FREEWAY,10,12.0
97503,1,6,160,5,1,60.0,0,N,SMALL_CITIES,ROAD,10,14.0
97504,1,4,130,5,1,100.0,0,N,MELB_URBAN,FREEWAY,10,8.0
97505,1,6,130,5,1,60.0,0,N,SMALL_CITIES,STREET,10,12.0
97506,1,6,113,2,1,60.0,0,I,MELB_URBAN,STREET,10,12.0
97507,1,6,160,5,1,50.0,0,N,MELB_URBAN,BOULEVARD,10,11.0
97508,1,6,163,5,1,50.0,0,N,MELB_URBAN,STREET,10,12.0
97509,1,6,121,2,1,60.0,0,I,TOWNS,HIGHWAY,10,15.0
97510,1,5,130,5,1,60.0,0,N,RURAL_VICTORIA,ROAD,10,16.0
97511,2,6,102,1,1,80.0,0,I,MELB_URBAN,ROAD,10,17.0
97512,2,5,99,5,1,60.0,0,N,MELB_URBAN,STREET,10,17.0
97513,1,5,120,5,1,100.0,0,N,RURAL_VICTORIA,HIGHWAY,10,14.0
97514,1,6,110,1,1,50.0,0,I,MELB_URBAN,ROAD,10,15.0
97515,1,6,130,5,1,60.0,0,N,MELB_URBAN,STREET,10,17.0
97516,1,6,121,2,1,60.0,0,I,MELB_URBAN,ROAD,10,18.0
97517,1,6,130,4,1,60.0,0,I,MELB_URBAN,ROAD,10,16.0
97518,1,6,130,5,1,100.0,0,N,MELB_URBAN,ROAD,10,17.0
97519,4,6,181,5,1,50.0,0,N,MELB_URBAN,DRIVE,10,17.0
97520,1,5,130,2,1,60.0,0,I,MELB_URBAN,ROAD,10,14.0
97521,1,6,132,2,2,60.0,0,I,MELB_URBAN,ROAD,10,19.0
97522,8,6,99,2,3,50.0,0,I,MELB_URBAN,STREET,10,20.0
97523,4,6,173,5,2,100.0,0,N,RURAL_VICTORIA,ROAD,10,19.0
97524,1,6,130,4,3,60.0,0,I,MELB_URBAN,RAMP,10,20.0
97525,8,6,99,5,1,60.0,0,N,RURAL_VICTORIA,ROAD,10,17.0
97526,4,6,173,5,5,100.0,0,N,RURAL_VICTORIA,ROAD,10,3.0