,accident_type,day_of_week,dca_code,road_geometry,light_condition,speed_zone,severity,node_type,deg_urban_name,road_type,month,hour
97527,6,6,184,5,5,100.0,0,N,RURAL_VICTORIA,HIGHWAY,10,1.0
97528,3,5,167,5,5,100.0,0,N,RURAL_VICTORIA,FREEWAY,10,23.0
97529,2,5,99,4,3,50.0,0,N,LARGE_PROVINCIAL_CITIES,OTHER,10,22.0
97530,6,7,99,5,3,80.0,0,N,MELB_URBAN,ROAD,10,3.0
97531,2,6,99,5,3,70.0,0,N,MELB_URBAN,ROAD,10,23.0
97532,1,6,121,1,1,80.0,0,N,MELB_URBAN,ROAD,10,9.0
97533,2,7,99,2,1,80.0,0,N,MELB_URBAN,ROAD,10,7.0
97534,5,7,99,5,1,100.0,0,N,RURAL_VICTORIA,ROAD,10,8.0
97535,2,7,99,5,1,40.0,0,N,MELB_URBAN,PARADE,10,8.0
97536,1,6,121,5,1,60.0,0,N,MELB_URBAN,STREET,10,16.0
97537,2,7,102,5,1,40.0,0,N,TOWNS,STREET,10,11.0
97538,2,6,100,2,3,60.0,0,I,MELB_URBAN,PARADE,10,21.0
97539,1,6,130,2,1,50.0,0,I,MELB_URBAN,STREET,10,17.0
97540,7,5,184,5,1,60.0,0,N,RURAL_VICTORIA,ROAD,10,14.0
97541,1,7,99,1,1,50.0,0,N,MELB_URBAN,STREET,10,10.0
97542,1,7,147,5,1,40.0,0,N,MELB_URBAN,OTHER,10,10.0
97543,1,7,113,2,1,60.0,0,I,MELB_URBAN,ROAD,10,11.0
97544,1,3,130,5,1,70.0,0,N,MELB_URBAN,HIGHWAY,10,18.0
97545,1,7,140,1,1,70.0,0,I,MELB_URBAN,ROAD,10,8.0
97546,1,7,110,1,1,60.0,0,I,RURAL_VICTORIA,ROAD,10,9.0
97547,4,7,181,5,5,100.0,1,N,RURAL_VICTORIA,HIGHWAY,10,5.0
97548,1,7,116,2,1,50.0,0,I,MELB_URBAN,ROAD,10,12.0
97549,1,5,121,1,3,60.0,0,I,SMALL_CITIES,ROAD,10,21.0
97550,1,7,113,2,1,60.0,0,I,MELB_URBAN,ROAD,10,15.0
97551,1,2,116,2,1,80.0,0,I,MELB_URBAN,STREET,10,18.0
97552,1,7,160,5,1,60.0,0,N,MELB_URBAN,ROAD,10,11.0
97553,1,7,120,5,1,80.0,0,N,RURAL_VICTORIA,ROAD,10,13.0
97554,1,7,110,1,3,40.0,0,I,MELB_URBAN,STREET,10,2.0
97555,1,7,147,5,1,60.0,0,N,TOWNS,ROAD,10,15.0
97556,4,7,183,5,1,100.0,0,N,RURAL_VICTORIA,ROAD,10,11.0
97557,4,7,171,5,1,100.0,0,N,RURAL_VICTORIA,ROAD,10,18.0
97558,4,7,173,5,1,100.0,1,N,RURAL_VICTORIA,HIGHWAY,10,12.0
97559,4,7,173,5,1,100.0,0,N,RURAL_VICTORIA,ROAD,10,15.0
97560,3,7,167,5,2,80.0,0,N,RURAL_VICTORIA,ROAD,10,20.0
97561,1,7,130,1,3,80.0,0,I,MELB_URBAN,ROAD,10,21.0
97562,4,7,173,5,9,50.0,0,N,MELB_URBAN,AVENUE,10,22.0
97563,1,7,99,5,3,50.0,0,N,MELB_URBAN,STREET,10,22.0
97564,2,1,102,1,3,40.0,0,I,MELBOURNE_CBD,STREET,10,1.0
97565,4,6,183,5,5,100.0,1,N,SMALL_CITIES,ROAD,10,23.0
97566,1,1,130,5,3,100.0,0,N,MELB_URBAN,UNKNOWN,10,4.0
97567,1,7,121,1,3,80.0,0,I,MELB_URBAN,ROAD,10,22.0
97568,1,1,163,5,3,60.0,0,N,MELB_URBAN,STREET,9,23.0
97569,7,5,99,2,1,50.0,0,I,MELB_URBAN,DRIVE,10,17.0
97570,1,5,120,5,1,40.0,0,N,MELB_URBAN,ROAD,10,18.0
97571,4,1,181,2,3,60.0,0,I,MELB_URBAN,ROAD,10,4.0
97572,1,5,130,1,9,60.0,0,I,MELB_URBAN,OTHER,10,7.0
97573,4,5,171,5,2,100.0,0,N,RURAL_VICTORIA,ROAD,8,16.0
97574,1,1,130,2,1,60.0,0,N,MELB_URBAN,STREET,10,11.0
97575,1,7,121,1,3,60.0,0,I,MELB_URBAN,STREET,9,23.0
97576,6,7,99,5,1,100.0,0,N,RURAL_VICTORIA,ROAD,10,17.0
97577,1,1,130,5,1,60.0,0,N,MELB_URBAN,ROAD,10,12.0
97578,1,1,121,1,1,80.0,0,I,MELB_URBAN,HIGHWAY,10,14.0
97579,1,1,99,1,1,80.0,0,I,MELB_URBAN,HIGHWAY,10,13.0
97580,1,1,163,5,1,40.0,0,N,MELB_URBAN,STREET,10,14.0
97581,4,1,173,5,1,60.0,0,N,MELB_URBAN,STREET,10,14.0
97582,1,1,120,5,1,100.0,0,N,RURAL_VICTORIA,ROAD,10,14.0
97583,2,1,100,5,1,60.0,0,N,MELB_URBAN,ROAD,10,17.0
97584,4,1,173,1,1,50.0,0,I,MELB_URBAN,STREET,10,18.0
97585,1,1,110,1,3,60.0,0,I,MELB_URBAN,STREET,10,20.0
97586,1,1,130,5,1,60.0,0,N,MELB_URBAN,ROAD,10,18.0
97587,1,0,130,5,3,70.0,0,N,MELB_URBAN,ROAD,10,20.0
97588,8,1,99,5,1,60.0,0,N,RURAL_VICTORIA,ROAD,10,14.0
97589,2,1,102,4,3,60.0,0,I,MELB_URBAN,STREET,10,21.0
97590,6,1,170,5,5,60.0,0,N,RURAL_VICTORIA,ROAD,10,20.0
97591,4,1,183,5,5,100.0,0,N,RURAL_VICTORIA,HIGHWAY,10,22.0
97592,4,1,171,5,3,60.0,0,N,MELB_URBAN,ROAD,10,22.0
97593,1,1,132,1,1,80.0,1,I,RURAL_VICTORIA,AVENUE,10,14.0
97594,1,1,130,5,3,50.0,0,N,MELB_URBAN,ROAD,10,23.0
97595,2,2,100,5,3,60.0,0,N,MELB_URBAN,ROAD,10,5.0
97596,1,2,160,5,1,60.0,0,N,MELB_URBAN,ROAD,10,6.0
97597,1,7,130,4,1,60.0,0,I,MELB_URBAN,STREET,10,11.0
97598,8,1,170,5,1,80.0,0,N,MELB_URBAN,ROAD,10,17.0
97599,1,2,130,5,1,90.0,0,N,RURAL_VICTORIA,ROAD,10,9.0
97600,1,2,113,2,1,60.0,0,I,MELB_URBAN,ROAD,10,8.0
97601,4,2,173,5,1,100.0,0,N,RURAL_VICTORIA,ROAD,10,8.0
97602,7,6,99,5,1,60.0,1,N,MELB_URBAN,STREET,10,17.0
97603,1,5,130,1,2,60.0,0,I,MELB_URBAN,HIGHWAY,10,18.0
97604,1,1,111,1,1,40.0,0,I,MELBOURNE_CBD,STREET,10,7.0
97605,1,2,113,2,1,60.0,0,I,SMALL_CITIES,DRIVE,10,9.0
97606,1,2,135,1,1,40.0,0,I,MELB_URBAN,STREET,10,11.0
97607,1,6,130,5,1,80.0,0,N,MELB_URBAN,ROAD,10,16.0
97608,1,2,130,4,1,60.0,0,I,MELB_URBAN,ROAD,10,12.0
97609,4,2,171,5,1,60.0,0,N,MELB_URBAN,ROAD,10,7.0
97610,6,2,174,5,9,60.0,0,N,RURAL_VICTORIA,ROAD,10,13.0
97611,1,2,135,2,1,60.0,0,N,SMALL_CITIES,ROAD,10,13.0
97612,2,2,99,5,1,50.0,0,N,MELB_URBAN,ROAD,10,13.0
97613,1,1,130,1,1,70.0,0,N,MELB_URBAN,DRIVE,10,13.0
97614,1,2,130,5,1,60.0,0,N,MELB_URBAN,ROAD,10,8.0
97615,1,2,99,5,1,80.0,0,N,RURAL_VICTORIA,ROAD,10,13.0
97616,1,2,132,2,1,70.0,0,I,MELB_URBAN,ROAD,10,11.0
97617,1,2,132,2,1,60.0,0,I,TOWNS,ROAD,10,14.0
97618,1,1,130,5,1,60.0,0,N,MELB_URBAN,ROAD,10,16.0
97619,1,2,163,5,1,40.0,0,N,MELB_URBAN,STREET,10,16.0
97620,5,1,99,5,5,100.0,0,N,RURAL_VICTORIA,ROAD,10,5.0
97621,6,7,99,5,1,60.0,0,N,RURAL_VICTORIA,ROAD,10,11.0
97622,1,2,110,1,1,60.0,0,I,MELB_URBAN,ROAD,10,13.0
97623,6,2,174,5,1,100.0,0,N,MELB_URBAN,ROAD,10,15.0
97624,4,2,181,2,1,60.0,0,I,SMALL_CITIES,ROAD,10,15.0
97625,2,2,99,5,1,80.0,0,N,MELB_URBAN,ROAD,10,14.0
97626,1,2,110,1,1,40.0,0,I,MELB_URBAN,STREET,10,15.0
97627,4,2,173,5,1,100.0,0,N,RURAL_VICTORIA,ROAD,10,17.0
97628,1,2,135,5,1,100.0,0,N,MELB_URBAN,ROAD,10,17.0
97629,5,2,99,5,1,80.0,0,N,SMALL_TOWNS,ROAD,10,18.0
97630,1,2,113,1,1,60.0,0,I,LARGE_PROVINCIAL_CITIES,ROAD,10,14.0
97631,1,2,110,1,1,80.0,0,I,RURAL_VICTORIA,DRIVE,10,15.0
97632,1,2,130,5,1,80.0,0,N,MELB_URBAN,FREEWAY,10,18.0
97633,1,2,130,2,1,60.0,0,I,RURAL_VICTORIA,ROAD,10,18.0
97634,1,2,110,1,1,50.0,0,I,MELB_URBAN,ROAD,10,15.0
97635,1,2,133,5,1,70.0,1,N,MELB_URBAN,ROAD,10,15.0
97636,4,6,99,5,2,100.0,0,N,RURAL_VICTORIA,ROAD,10,6.0
97637,4,3,173,2,3,50.0,0,N,MELB_URBAN,OTHER,10,4.0
97638,4,3,171,5,5,100.0,0,N,RURAL_VICTORIA,FREEWAY,10,4.0
97639,1,2,121,5,1,60.0,0,N,MELB_URBAN,ROAD,10,18.0
97640,2,2,100,1,1,40.0,0,I,MELBOURNE_CBD,STREET,10,14.0
97641,6,1,99,5,1,100.0,0,N,RURAL_VICTORIA,ROAD,10,16.0
97642,2,2,99,5,1,50.0,0,N,MELB_URBAN,STREET,10,14.0
97643,1,3,140,5,1,50.0,0,N,MELB_URBAN,STREET,10,7.0
97644,1,3,130,5,1,60.0,0,N,MELB_URBAN,ROAD,10,7.0
97645,1,5,130,5,1,50.0,0,N,MELB_URBAN,ROAD,10,8.0
97646,1,3,130,5,1,80.0,0,N,RURAL_VICTORIA,ROAD,10,8.0
97647,1,2,130,5,1,60.0,0,N,MELB_URBAN,HIGHWAY,10,8.0
97648,1,3,121,1,1,40.0,0,I,MELB_URBAN,STREET,10,10.0
97649,2,3,102,2,1,70.0,0,N,MELB_URBAN,ROAD,10,9.0
97650,1,3,171,2,1,60.0,0,N,MELB_URBAN,ROAD,10,10.0
97651,1,2,147,5,1,60.0,0,N,MELB_URBAN,ROAD,10,16.0
97652,8,7,99,5,9,60.0,0,N,RURAL_VICTORIA,ROAD,10,12.0
97653,2,3,99,5,2,100.0,0,N,RURAL_VICTORIA,ROAD,10,6.0
97654,1,3,99,5,1,60.0,0,N,MELB_URBAN,ROAD,10,12.0
97655,1,2,113,2,3,60.0,0,I,MELB_URBAN,ROAD,10,20.0
97656,1,2,121,2,1,60.0,0,N,LARGE_PROVINCIAL_CITIES,ROAD,10,13.0
97657,1,3,99,5,1,40.0,0,I,MELB_URBAN,DRIVE,10,7.0
97658,8,3,99,5,1,100.0,0,N,RURAL_VICTORIA,ROAD,10,11.0
97659,4,3,171,2,1,80.0,0,N,MELB_URBAN,ROAD,10,14.0
97660,1,1,147,5,9,50.0,0,N,MELB_URBAN,STREET,10,11.0
97661,1,3,116,2,1,60.0,0,I,SMALL_CITIES,AVENUE,10,15.0
97662,1,3,113,2,1,80.0,0,I,MELB_URBAN,ROAD,10,15.0
97663,6,3,99,5,1,100.0,0,N,RURAL_VICTORIA,HIGHWAY,10,12.0
97664,1,2,113,1,1,60.0,0,I,MELB_URBAN,ROAD,10,17.0
97665,1,2,140,1,1,40.0,0,I,MELB_URBAN,STREET,10,16.0
97666,1,3,130,2,1,70.0,0,I,MELB_URBAN,ROAD,10,15.0
97667,1,2,121,2,1,100.0,0,I,RURAL_VICTORIA,ROAD,10,17.0
97668,1,3,113,2,1,80.0,0,I,MELB_URBAN,ROAD,10,17.0
97669,1,3,171,5,1,100.0,0,N,MELB_URBAN,RAMP,10,13.0
97670,1,3,111,2,1,80.0,0,I,MELB_URBAN,ROAD,10,17.0
97671,1,3,130,5,1,50.0,0,N,SMALL_CITIES,ROAD,10,17.0
97672,1,1,130,5,1,100.0,0,N,RURAL_VICTORIA,ROAD,10,17.0
97673,6,3,174,5,1,110.0,0,N,RURAL_VICTORIA,FREEWAY,10,18.0
97674,1,3,110,1,1,50.0,0,I,MELB_URBAN,STREET,10,18.0
97675,1,2,130,1,1,60.0,0,I,MELB_URBAN,ROAD,10,10.0
97676,4,3,183,5,1,100.0,0,N,RURAL_VICTORIA,ROAD,10,17.0
97677,4,3,171,5,1,100.0,0,N,RURAL_VICTORIA,HIGHWAY,10,14.0
97678,1,3,134,5,1,60.0,0,N,MELB_URBAN,ROAD,10,16.0
97679,1,2,130,1,1,60.0,0,I,MELB_URBAN,STREET,10,6.0
97680,1,3,99,5,1,60.0,0,N,MELB_URBAN,ROAD,10,18.0
97681,1,4,121,5,1,80.0,0,N,MELB_URBAN,ROAD,10,7.0
97682,1,3,134,5,1,50.0,0,N,SMALL_CITIES,STREET,10,6.0
97683,1,4,110,1,1,100.0,0,I,RURAL_VICTORIA,ROAD,10,9.0
97684,1,4,110,1,1,60.0,0,I,MELB_URBAN,DRIVE,10,10.0
97685,1,4,99,5,1,50.0,0,N,SMALL_CITIES,STREET,10,11.0
97686,1,4,121,2,1,80.0,0,I,SMALL_CITIES,HIGHWAY,10,12.0
97687,8,4,174,5,9,60.0,0,N,RURAL_VICTORIA,ROAD,10,12.0
97688,1,0,130,5,1,100.0,0,N,RURAL_VICTORIA,ROAD,10,12.0
97689,1,4,130,5,1,40.0,0,N,RURAL_VICTORIA,HIGHWAY,10,12.0
97690,2,4,102,1,1,50.0,0,I,MELB_URBAN,ROAD,10,12.0
97691,1,3,110,1,1,50.0,0,I,MELB_URBAN,ROAD,10,13.0
97692,6,3,99,5,1,80.0,0,N,RURAL_VICTORIA,ROAD,10,12.0
97693,1,5,110,1,1,40.0,0,I,MELB_URBAN,STREET,10,7.0
97694,2,4,100,2,1,40.0,0,N,MELBOURNE_CBD,STREET,10,11.0
97695,1,4,99,5,1,60.0,0,N,MELB_URBAN,ROAD,10,13.0
97696,1,4,130,5,1,60.0,0,N,MELB_URBAN,ROAD,10,14.0
97697,1,4,130,5,1,40.0,0,N,MELB_URBAN,ROAD,10,10.0
97698,1,4,110,1,1,50.0,0,I,SMALL_CITIES,STREET,10,13.0
97699,1,4,130,5,1,80.0,1,N,MELB_URBAN,ROAD,10,14.0
97700,4,4,181,2,1,100.0,0,I,RURAL_VICTORIA,ROAD,10,14.0
97701,1,4,99,1,1,60.0,0,I,MELB_URBAN,STREET,10,15.0
97702,1,4,99,2,1,70.0,0,I,MELB_URBAN,ROAD,10,17.0
97703,2,4,102,1,1,70.0,0,I,MELB_URBAN,ROAD,10,17.0
97704,1,4,110,1,1,50.0,0,I,MELB_URBAN,ROAD,10,16.0
97705,1,4,110,1,1,60.0,0,I,MELB_URBAN,STREET,10,16.0
97706,1,4,110,1,1,80.0,0,I,MELB_URBAN,ROAD,10,17.0
97707,1,4,99,1,1,60.0,0,I,MELB_URBAN,ROAD,10,15.0
97708,1,3,130,5,9,80.0,0,N,MELB_URBAN,UNKNOWN,10,17.0
97709,1,4,130,5,3,110.0,0,N,RURAL_VICTORIA,FREEWAY,10,20.0
97710,8,6,174,5,1,40.0,0,N,MELB_URBAN,STREET,10,12.0
97711,1,3,110,1,1,60.0,0,I,LARGE_PROVINCIAL_CITIES,ROAD,10,18.0
97712,2,3,99,1,5,60.0,0,I,MELB_URBAN,ROAD,10,20.0
97713,1,4,130,5,1,100.0,0,N,MELB_URBAN,FREEWAY,10,16.0
97714,1,4,120,5,1,70.0,0,N,MELB_URBAN,ROAD,10,18.0
97715,4,3,171,5,6,60.0,0,N,MELB_URBAN,STREET,10,22.0
97716,4,4,171,5,3,60.0,0,N,MELB_URBAN,ROAD,10,22.0
97717,2,4,100,1,1,50.0,0,I,MELB_URBAN,BOULEVARD,10,15.0
97718,1,4,110,1,3,50.0,0,I,MELB_URBAN,ROAD,10,23.0
97719,2,4,99,5,1,50.0,0,N,MELB_URBAN,ROAD,10,13.0
97720,1,3,130,5,1,100.0,0,I,MELB_URBAN,FREEWAY,10,17.0
97721,4,4,181,5,1,100.0,0,N,RURAL_VICTORIA,ROAD,10,15.0
97722,1,3,99,5,3,60.0,0,N,MELB_URBAN,STREET,10,20.0
97723,4,4,99,5,2,100.0,0,N,MELB_URBAN,HIGHWAY,11,6.0
97724,1,5,121,5,1,60.0,0,I,MELB_URBAN,ROAD,11,8.0
97725,4,5,171,1,1,60.0,0,I,LARGE_PROVINCIAL_CITIES,STREET,11,8.0
97726,1,5,121,4,1,60.0,0,I,SMALL_CITIES,RAMP,11,9.0
97727,5,4,99,5,1,100.0,0,N,MELB_URBAN,FREEWAY,10,16.0
97728,1,5,99,2,1,80.0,0,I,TOWNS,OTHER,11,11.0
97729,1,6,111,1,1,60.0,0,I,SMALL_CITIES,STREET,8,13.0
97730,8,4,99,5,2,70.0,0,N,RURAL_VICTORIA,ROAD,10,19.0
97731,2,4,100,2,1,60.0,0,I,MELB_URBAN,ROAD,11,12.0
97732,4,4,171,5,1,60.0,0,N,LARGE_PROVINCIAL_CITIES,ROAD,10,18.0
97733,1,5,121,1,1,50.0,0,I,SMALL_CITIES,ROAD,11,12.0
97734,1,2,130,5,1,60.0,0,N,MELB_URBAN,ROAD,10,16.0
97735,1,4,121,2,1,60.0,0,I,MELB_URBAN,ROAD,11,11.0
97736,1,2,99,1,1,40.0,0,I,MELBOURNE_CBD,STREET,10,18.0
97737,4,3,183,5,1,80.0,0,N,RURAL_VICTORIA,ROAD,10,12.0
97738,1,5,132,2,1,100.0,0,I,RURAL_VICTORIA,ROAD,11,15.0
97739,2,5,100,1,1,60.0,0,I,MELB_URBAN,ROAD,11,15.0
97740,8,5,99,5,1,80.0,0,N,RURAL_VICTORIA,HIGHWAY,11,14.0
97741,6,4,99,5,1,100.0,0,N,RURAL_VICTORIA,ROAD,11,14.0
97742,1,2,121,5,9,60.0,0,N,MELB_URBAN,ROAD,6,18.0
97743,1,5,140,5,1,40.0,0,N,MELBOURNE_CBD,STREET,11,19.0
97744,1,5,147,5,1,50.0,0,N,TOWNS,STREET,11,15.0
97745,2,5,102,5,5,60.0,0,N,MELB_URBAN,STREET,11,20.0
97746,1,5,134,5,3,100.0,0,N,MELB_URBAN,ROAD,11,21.0
97747,1,4,110,1,1,50.0,0,I,TOWNS,STREET,11,15.0
97748,1,5,116,1,4,70.0,0,I,LARGE_PROVINCIAL_CITIES,HIGHWAY,11,23.0
97749,6,6,99,5,3,40.0,0,N,MELB_URBAN,RAMP,11,3.0
97750,1,3,130,5,1,60.0,0,N,MELB_URBAN,STREET,10,14.0
97751,1,6,121,1,2,60.0,0,I,MELB_URBAN,ROAD,11,7.0
97752,2,5,100,1,1,50.0,0,I,MELB_URBAN,STREET,11,16.0
97753,4,4,173,5,1,100.0,0,N,RURAL_VICTORIA,ROAD,10,15.0
97754,1,2,130,2,1,80.0,0,I,MELB_URBAN,HIGHWAY,10,16.0
97755,1,4,130,5,1,40.0,0,N,MELB_URBAN,ROAD,10,17.0
97756,4,6,171,5,1,100.0,0,N,RURAL_VICTORIA,FREEWAY,11,6.0
97757,4,6,171,2,1,110.0,0,I,RURAL_VICTORIA,HIGHWAY,11,7.0
97758,1,6,121,1,1,60.0,0,I,MELB_URBAN,STREET,11,8.0
97759,1,6,130,1,1,80.0,0,I,MELB_URBAN,HIGHWAY,11,9.0
97760,1,6,120,5,1,70.0,0,N,LARGE_PROVINCIAL_CITIES,ROAD,11,9.0
97761,6,5,174,5,1,100.0,0,N,MELB_URBAN,ROAD,11,11.0
97762,6,6,99,5,1,110.0,0,N,RURAL_VICTORIA,FREEWAY,11,10.0
97763,6,5,174,5,1,100.0,0,N,RURAL_VICTORIA,HIGHWAY,11,12.0
97764,1,6,121,2,1,80.0,0,I,RURAL_VICTORIA,HIGHWAY,11,7.0
97765,4,6,181,5,1,60.0,0,N,RURAL_VICTORIA,ROAD,11,10.0
97766,4,6,171,5,1,100.0,0,N,RURAL_VICTORIA,FREEWAY,10,10.0
97767,1,6,140,5,1,80.0,1,N,SMALL_CITIES,HIGHWAY,11,6.0
97768,1,5,130,1,1,70.0,0,I,MELB_URBAN,HIGHWAY,11,11.0
97769,1,5,121,2,1,60.0,0,I,MELB_URBAN,ROAD,11,15.0
97770,4,5,171,5,2,80.0,0,N,MELB_URBAN,ROAD,11,19.0
97771,1,5,116,2,1,50.0,0,I,MELB_URBAN,ROAD,11,13.0
97772,4,6,171,5,1,60.0,0,N,MELB_URBAN,ROAD,11,13.0
97773,4,6,181,5,1,60.0,0,N,RURAL_VICTORIA,ROAD,11,9.0
97774,1,6,130,5,1,100.0,0,N,RURAL_VICTORIA,ROAD,11,9.0
97775,1,6,130,1,1,60.0,0,I,SMALL_CITIES,DRIVE,11,15.0
97776,1,6,99,5,1,50.0,0,N,MELB_URBAN,PARADE,11,15.0
97777,2,5,102,2,1,60.0,0,N,MELB_URBAN,ROAD,11,15.0
97778,1,5,130,5,1,60.0,0,N,MELB_URBAN,BOULEVARD,11,15.0
97779,2,6,100,1,1,50.0,0,I,SMALL_CITIES,STREET,11,16.0
97780,1,6,121,5,1,80.0,0,N,MELB_URBAN,HIGHWAY,11,17.0
97781,4,6,99,5,1,50.0,0,N,MELB_URBAN,DRIVE,11,15.0
97782,1,6,130,5,1,80.0,0,N,MELB_URBAN,ROAD,11,17.0
97783,1,5,121,1,1,50.0,0,I,MELB_URBAN,STREET,11,18.0
97784,1,6,111,2,1,80.0,0,I,MELB_URBAN,HIGHWAY,11,15.0
97785,4,6,171,5,1,100.0,0,N,RURAL_VICTORIA,ROAD,11,19.0
97786,4,6,173,5,3,50.0,0,N,MELB_URBAN,OTHER,11,20.0
97787,1,5,99,5,1,80.0,0,N,MELB_URBAN,FREEWAY,11,19.0
97788,1,6,99,5,1,50.0,0,N,MELB_URBAN,STREET,11,18.0
97789,4,6,183,5,9,100.0,0,N,RURAL_VICTORIA,ROAD,11,19.0
97790,1,7,130,5,3,50.0,0,N,MELB_URBAN,ROAD,11,0.0
97791,1,6,133,5,5,100.0,0,N,MELB_URBAN,FREEWAY,11,23.0
97792,4,6,99,2,3,60.0,0,I,MELB_URBAN,ROAD,11,3.0
97793,1,6,120,5,5,100.0,1,N,RURAL_VICTORIA,HIGHWAY,11,21.0
97794,8,2,174,2,1,60.0,0,I,MELB_URBAN,HIGHWAY,10,12.0
97795,4,6,183,5,1,100.0,0,N,RURAL_VICTORIA,HIGHWAY,11,11.0
97796,1,7,173,5,2,100.0,0,N,RURAL_VICTORIA,HIGHWAY,11,6.0
97797,1,7,99,5,1,60.0,0,N,MELB_URBAN,BOULEVARD,11,10.0
97798,1,7,130,5,1,60.0,0,N,MELB_URBAN,RAMP,11,11.0
97799,4,7,171,5,1,60.0,1,N,RURAL_VICTORIA,ROAD,11,9.0
97800,2,7,99,5,1,50.0,0,N,SMALL_TOWNS,PARADE,11,9.0
97801,4,7,183,5,1,60.0,0,I,MELB_URBAN,ROAD,11,8.0
97802,6,7,99,5,1,100.0,0,N,RURAL_VICTORIA,ROAD,11,11.0
97803,1,7,134,5,1,100.0,0,N,MELB_URBAN,FREEWAY,11,13.0
97804,1,7,99,2,9,100.0,0,I,RURAL_VICTORIA,FREEWAY,10,20.0
97805,1,7,130,5,1,80.0,0,N,LARGE_PROVINCIAL_CITIES,OTHER,11,15.0
97806,1,6,140,5,1,40.0,0,N,LARGE_PROVINCIAL_CITIES,PARADE,11,11.0
97807,4,6,171,1,1,70.0,0,I,SMALL_CITIES,ROAD,11,19.0
97808,8,7,99,5,1,60.0,0,N,MELB_URBAN,STREET,11,16.0
97809,2,7,102,5,1,50.0,0,N,MELB_URBAN,STREET,11,14.0
97810,4,6,173,5,1,60.0,0,N,RURAL_VICTORIA,OTHER,11,14.0
97811,1,7,113,2,1,80.0,0,I,SMALL_CITIES,HIGHWAY,11,13.0
97812,1,5,120,5,1,100.0,0,N,RURAL_VICTORIA,ROAD,11,18.0
97813,1,7,110,1,1,60.0,0,I,SMALL_CITIES,STREET,11,18.0
97814,4,7,99,5,1,50.0,0,N,MELB_URBAN,STREET,11,16.0
97815,1,7,130,5,1,60.0,0,N,SMALL_CITIES,ROAD,11,16.0
97816,1,7,120,5,1,60.0,0,N,MELB_URBAN,STREET,11,17.0
97817,1,7,160,5,1,50.0,0,N,MELB_URBAN,ROAD,11,17.0
97818,1,1,113,2,6,60.0,0,I,MELB_URBAN,STREET,10,20.0
97819,1,1,130,2,3,60.0,0,I,MELB_URBAN,ROAD,11,0.0
97820,1,1,130,5,3,60.0,0,N,MELB_URBAN,ROAD,11,1.0
97821,2,1,100,5,3,70.0,0,N,LARGE_PROVINCIAL_CITIES,OTHER,11,4.0
97822,6,1,99,5,5,100.0,0,N,RURAL_VICTORIA,ROAD,11,2.0
97823,1,1,130,5,2,80.0,0,N,MELB_URBAN,HIGHWAY,11,5.0
97824,1,7,173,5,1,60.0,0,N,MELB_URBAN,ROAD,11,12.0
97825,1,1,110,1,3,80.0,0,I,MELB_URBAN,STREET,11,4.0
97826,1,1,99,1,3,60.0,0,N,MELB_URBAN,ROAD,11,3.0
97827,2,1,100,1,1,40.0,0,I,MELB_URBAN,STREET,11,10.0
97828,1,1,111,2,1,60.0,0,I,MELB_URBAN,ROAD,11,11.0
97829,1,0,99,2,1,100.0,0,I,RURAL_VICTORIA,ROAD,11,13.0
97830,1,0,130,5,1,100.0,0,N,MELB_URBAN,ROAD,11,12.0
97831,6,3,184,5,1,60.0,0,N,RURAL_VICTORIA,OTHER,10,14.0
97832,2,1,102,5,1,50.0,0,N,SMALL_CITIES,ROAD,11,12.0
97833,1,1,121,1,1,60.0,0,I,MELB_URBAN,STREET,11,15.0
97834,1,4,132,2,1,60.0,0,I,MELB_URBAN,ROAD,10,12.0
97835,1,1,130,5,1,60.0,0,N,MELB_URBAN,ROAD,11,14.0
97836,6,1,184,5,1,60.0,0,N,RURAL_VICTORIA,ROAD,11,15.0
97837,1,1,99,5,1,50.0,0,N,MELB_URBAN,AVENUE,11,18.0
97838,1,0,110,1,1,80.0,0,I,RURAL_VICTORIA,ROAD,11,17.0
97839,1,1,121,5,2,40.0,0,N,MELB_URBAN,STREET,11,19.0
97840,1,1,113,2,1,80.0,0,I,MELB_URBAN,ROAD,11,18.0
97841,4,1,173,5,3,60.0,0,N,MELB_URBAN,ROAD,11,22.0
97842,1,5,132,5,1,60.0,0,N,SMALL_CITIES,AVENUE,8,8.0
97843,2,2,100,2,9,60.0,0,I,MELB_URBAN,STREET,10,10.0
97844,8,7,99,5,5,60.0,0,N,MELB_URBAN,OTHER,11,23.0
97845,4,2,181,2,1,60.0,0,I,MELB_URBAN,ROAD,11,7.0
97846,4,2,171,1,5,100.0,0,I,RURAL_VICTORIA,HIGHWAY,11,5.0
97847,6,6,184,5,1,80.0,0,N,RURAL_VICTORIA,ROAD,10,12.0
97848,1,2,121,1,1,50.0,0,I,MELB_URBAN,ROAD,11,8.0
97849,1,5,99,5,1,40.0,0,N,MELB_URBAN,OTHER,11,14.0
97850,6,6,99,5,1,100.0,0,N,RURAL_VICTORIA,ROAD,11,16.0
97851,7,1,99,5,3,60.0,0,N,TOWNS,STREET,11,0.0
97852,6,7,174,5,1,100.0,0,N,RURAL_VICTORIA,ROAD,10,11.0