,accident_type,day_of_week,dca_code,road_geometry,light_condition,speed_zone,severity,node_type,deg_urban_name,road_type,month,hour
97853,1,3,163,5,9,40.0,0,N,MELB_URBAN,STREET,8,20.0
97854,1,7,99,2,1,40.0,0,I,MELB_URBAN,STREET,11,11.0
97855,4,2,99,2,1,60.0,0,I,MELB_URBAN,ROAD,11,11.0
97856,1,2,130,6,1,60.0,0,N,MELB_URBAN,ROAD,11,7.0
97857,4,2,181,5,1,70.0,0,N,RURAL_VICTORIA,ROAD,11,7.0
97858,2,2,100,1,1,50.0,0,I,MELB_URBAN,STREET,11,13.0
97859,2,2,99,5,1,40.0,0,N,MELB_URBAN,ROAD,11,12.0
97860,1,2,160,5,1,50.0,0,N,MELB_URBAN,STREET,11,9.0
97861,1,2,130,5,1,80.0,0,N,LARGE_PROVINCIAL_CITIES,HIGHWAY,11,12.0
97862,8,2,174,2,1,60.0,0,I,SMALL_TOWNS,ROAD,11,15.0
97863,1,2,130,1,1,60.0,0,I,MELB_URBAN,ROAD,11,16.0
97864,1,2,99,5,1,100.0,0,N,RURAL_VICTORIA,HIGHWAY,11,16.0
97865,1,2,121,2,6,40.0,0,I,MELB_URBAN,STREET,5,19.0
97866,1,2,130,5,1,100.0,0,N,RURAL_VICTORIA,FREEWAY,11,18.0
97867,1,2,135,4,1,60.0,0,I,MELB_URBAN,RAMP,11,17.0
97868,4,7,181,5,5,60.0,0,N,MELB_URBAN,ROAD,11,1.0
97869,8,1,170,5,1,100.0,0,N,RURAL_VICTORIA,OTHER,11,17.0
97870,1,1,121,2,1,70.0,0,I,MELB_URBAN,ROAD,11,16.0
97871,1,2,130,2,3,70.0,0,I,MELB_URBAN,ROAD,11,20.0
97872,1,2,99,5,3,40.0,0,N,MELBOURNE_CBD,STREET,11,20.0
97873,1,2,130,5,1,60.0,0,N,MELB_URBAN,PARADE,11,19.0
97874,1,2,130,5,1,70.0,0,N,RURAL_VICTORIA,HIGHWAY,11,18.0
97875,1,2,130,5,3,70.0,0,N,MELB_URBAN,HIGHWAY,11,21.0
97876,1,1,121,2,3,70.0,0,I,MELB_URBAN,ROAD,11,22.0
97877,4,3,171,5,6,80.0,0,N,MELB_URBAN,ROAD,11,2.0
97878,1,1,121,2,1,60.0,0,I,MELB_URBAN,ROAD,11,7.0
97879,1,3,140,2,1,60.0,0,N,MELB_URBAN,PARADE,11,8.0
97880,1,2,121,2,1,80.0,0,I,SMALL_CITIES,HIGHWAY,11,7.0
97881,1,3,171,5,1,60.0,0,N,MELB_URBAN,ROAD,11,9.0
97882,4,3,173,5,1,60.0,0,N,MELB_URBAN,ROAD,11,11.0
97883,6,2,170,2,1,60.0,0,I,MELB_URBAN,ROAD,11,12.0
97884,4,1,99,5,1,60.0,0,N,RURAL_VICTORIA,OTHER,11,12.0
97885,4,3,171,2,1,80.0,0,I,MELB_URBAN,ROAD,11,12.0
97886,3,3,167,5,1,80.0,0,N,RURAL_VICTORIA,ROAD,11,12.0
97887,1,2,99,2,9,60.0,0,I,MELB_URBAN,STREET,5,18.0
97888,4,3,171,2,1,60.0,0,N,MELB_URBAN,ROAD,11,13.0
97889,1,3,120,5,1,100.0,0,N,RURAL_VICTORIA,HIGHWAY,11,11.0
97890,2,2,99,2,2,60.0,0,I,MELB_URBAN,ROAD,11,19.0
97891,6,7,184,5,1,60.0,0,N,RURAL_VICTORIA,OTHER,11,9.0
97892,6,1,184,5,1,60.0,0,N,SMALL_TOWNS,ROAD,11,11.0
97893,1,3,121,1,1,60.0,0,I,LARGE_PROVINCIAL_CITIES,STREET,11,15.0
97894,4,3,183,5,1,60.0,0,N,MELB_URBAN,ROAD,11,13.0
97895,1,3,130,2,1,60.0,0,I,SMALL_CITIES,AVENUE,11,12.0
97896,1,3,132,5,1,60.0,0,N,MELB_URBAN,ROAD,11,15.0
97897,1,3,121,2,2,60.0,0,I,LARGE_PROVINCIAL_CITIES,ROAD,11,16.0
97898,1,2,140,2,1,60.0,0,I,LARGE_PROVINCIAL_CITIES,STREET,11,12.0
97899,1,3,113,2,1,50.0,0,I,MELB_URBAN,STREET,11,18.0
97900,1,3,113,2,1,50.0,0,I,SMALL_CITIES,ROAD,11,19.0
97901,2,3,102,2,1,60.0,0,N,MELB_URBAN,ROAD,11,19.0
97902,1,6,99,5,1,60.0,0,N,MELB_URBAN,STREET,11,15.0
97903,6,2,99,5,1,100.0,1,N,RURAL_VICTORIA,ROAD,11,18.0
97904,1,3,99,5,1,70.0,0,N,MELB_URBAN,HIGHWAY,11,18.0
97905,6,2,170,5,1,100.0,0,N,RURAL_VICTORIA,ROAD,11,18.0
97906,1,0,130,5,1,70.0,0,N,LARGE_PROVINCIAL_CITIES,OTHER,11,12.0
97907,1,4,110,1,3,50.0,0,I,MELB_URBAN,ROAD,11,0.0
97908,4,3,181,5,3,60.0,0,N,MELB_URBAN,STREET,11,23.0
97909,2,3,99,5,1,50.0,0,N,MELB_URBAN,STREET,11,7.0
97910,1,4,99,2,1,70.0,0,N,MELB_URBAN,ROAD,11,8.0
97911,2,4,99,5,1,40.0,0,N,MELB_URBAN,STREET,11,8.0
97912,1,3,99,5,1,40.0,0,N,MELB_URBAN,DRIVE,11,9.0
97913,4,3,173,5,1,100.0,0,N,RURAL_VICTORIA,HIGHWAY,11,8.0
97914,1,4,130,1,1,60.0,0,I,MELB_URBAN,STREET,11,11.0
97915,1,4,99,5,1,60.0,0,N,MELB_URBAN,ROAD,11,10.0
97916,4,4,173,5,1,50.0,0,N,MELB_URBAN,STREET,11,10.0
97917,1,2,99,1,3,60.0,0,I,MELB_URBAN,ROAD,11,22.0
97918,1,3,130,2,1,60.0,0,I,RURAL_VICTORIA,HIGHWAY,11,18.0
97919,1,4,113,2,1,60.0,0,I,RURAL_VICTORIA,OTHER,11,11.0
97920,2,4,99,5,1,50.0,0,N,MELB_URBAN,STREET,11,12.0
97921,1,3,111,1,1,60.0,0,I,RURAL_VICTORIA,ROAD,11,15.0
97922,6,4,184,5,1,50.0,0,N,MELB_URBAN,STREET,11,16.0
97923,1,4,140,5,1,60.0,0,N,SMALL_CITIES,STREET,11,14.0
97924,2,4,102,5,1,40.0,0,N,MELB_URBAN,OTHER,11,15.0
97925,1,4,116,4,1,60.0,0,N,MELB_URBAN,HIGHWAY,11,17.0
97926,1,4,130,5,2,80.0,0,N,MELB_URBAN,OTHER,11,18.0
97927,1,4,99,1,1,80.0,0,I,MELB_URBAN,ROAD,11,18.0
97928,1,3,130,5,1,60.0,0,N,MELB_URBAN,UNKNOWN,10,7.0
97929,1,3,121,2,1,40.0,0,I,MELB_URBAN,STREET,11,17.0
97930,1,4,130,2,1,60.0,0,N,MELB_URBAN,PARADE,11,17.0
97931,4,4,181,5,2,50.0,0,N,SMALL_CITIES,OTHER,11,19.0
97932,1,3,130,5,3,70.0,0,N,MELB_URBAN,ROAD,11,20.0
97933,1,4,132,2,1,60.0,0,I,MELB_URBAN,OTHER,11,16.0
97934,1,4,134,5,1,60.0,0,N,RURAL_VICTORIA,ROAD,11,17.0
97935,4,4,99,2,3,60.0,0,I,MELB_URBAN,ROAD,11,21.0
97936,6,4,99,5,1,60.0,0,N,MELB_URBAN,ROAD,11,18.0
97937,1,3,99,5,3,60.0,0,N,MELB_URBAN,STREET,11,22.0
97938,4,4,99,5,5,50.0,0,N,RURAL_VICTORIA,OTHER,11,22.0
97939,1,4,121,1,1,60.0,0,I,MELB_URBAN,HIGHWAY,11,13.0
97940,1,4,99,5,3,50.0,0,N,MELB_URBAN,OTHER,11,21.0
97941,1,2,130,1,1,60.0,0,I,MELB_URBAN,STREET,10,17.0
97942,1,4,130,5,1,100.0,0,N,MELB_URBAN,FREEWAY,11,8.0
97943,1,4,121,2,1,60.0,0,I,LARGE_PROVINCIAL_CITIES,OTHER,11,7.0
97944,1,5,120,5,1,50.0,0,N,RURAL_VICTORIA,ROAD,11,8.0
97945,6,1,174,2,1,60.0,0,I,RURAL_VICTORIA,OTHER,11,8.0
97946,3,3,167,5,1,100.0,0,N,RURAL_VICTORIA,ROAD,11,14.0
97947,6,4,99,5,1,100.0,0,N,RURAL_VICTORIA,ROAD,11,10.0
97948,1,5,132,5,1,60.0,0,N,MELB_URBAN,ROAD,11,13.0
97949,1,5,130,4,1,40.0,0,N,MELB_URBAN,UNKNOWN,11,8.0
97950,2,5,100,1,1,50.0,0,I,SMALL_CITIES,STREET,11,10.0
97951,1,4,110,1,1,50.0,0,I,MELB_URBAN,STREET,11,17.0
97952,1,1,121,2,1,60.0,0,I,MELB_URBAN,ROAD,11,6.0
97953,1,4,113,2,1,60.0,0,I,MELB_URBAN,ROAD,11,15.0
97954,1,3,130,5,1,100.0,0,N,MELB_URBAN,FREEWAY,11,12.0
97955,1,3,121,1,2,60.0,0,I,MELB_URBAN,ROAD,9,5.0
97956,1,5,110,1,1,50.0,0,I,TOWNS,STREET,11,15.0
97957,1,4,99,2,9,60.0,0,N,MELB_URBAN,ROAD,11,15.0
97958,1,5,110,5,1,60.0,0,N,SMALL_CITIES,ROAD,11,15.0
97959,7,5,170,1,1,50.0,0,I,SMALL_TOWNS,ROAD,11,14.0
97960,1,5,99,1,1,40.0,0,I,MELBOURNE_CBD,STREET,11,18.0
97961,8,4,99,4,1,60.0,0,N,MELB_URBAN,DRIVE,11,16.0
97962,1,5,121,2,1,50.0,0,I,MELB_URBAN,ROAD,11,14.0
97963,1,5,99,5,3,40.0,0,N,MELB_URBAN,ROAD,11,22.0
97964,1,5,133,5,1,80.0,0,N,MELB_URBAN,ROAD,11,18.0
97965,1,5,130,5,6,100.0,0,N,MELB_URBAN,FREEWAY,11,4.0
97966,1,5,121,2,3,60.0,0,I,MELB_URBAN,PARADE,11,22.0
97967,4,6,173,2,3,60.0,0,N,MELB_URBAN,ROAD,11,0.0
97968,8,6,170,5,5,100.0,0,N,RURAL_VICTORIA,HIGHWAY,11,1.0
97969,1,6,110,1,1,60.0,0,I,MELB_URBAN,ROAD,11,12.0
97970,1,6,130,5,1,60.0,0,N,MELB_URBAN,STREET,9,17.0
97971,6,2,174,5,1,100.0,0,N,RURAL_VICTORIA,ROAD,10,15.0
97972,1,5,130,5,1,70.0,0,N,MELB_URBAN,ROAD,11,16.0
97973,1,6,110,1,1,80.0,0,I,MELB_URBAN,HIGHWAY,11,6.0
97974,4,6,173,5,2,50.0,0,N,LARGE_PROVINCIAL_CITIES,OTHER,11,6.0
97975,1,6,99,1,1,80.0,0,I,SMALL_CITIES,HIGHWAY,11,8.0
97976,1,5,110,1,1,50.0,0,I,MELB_URBAN,PARADE,11,8.0
97977,1,5,130,5,1,110.0,0,N,RURAL_VICTORIA,FREEWAY,11,14.0
97978,1,6,99,5,1,60.0,0,N,MELB_URBAN,STREET,11,8.0
97979,1,5,110,1,1,100.0,0,I,RURAL_VICTORIA,ROAD,11,17.0
97980,1,6,130,5,1,100.0,0,N,RURAL_VICTORIA,HIGHWAY,11,10.0
97981,1,6,113,2,1,60.0,0,I,MELB_URBAN,STREET,11,12.0
97982,4,6,99,5,1,100.0,0,N,RURAL_VICTORIA,ROAD,11,10.0
97983,1,6,130,5,1,70.0,0,N,MELB_URBAN,ROAD,11,12.0
97984,1,6,121,1,1,50.0,0,I,LARGE_PROVINCIAL_CITIES,STREET,11,12.0
97985,5,5,99,5,1,60.0,0,N,RURAL_VICTORIA,OTHER,11,13.0
97986,1,6,160,5,1,60.0,0,N,SMALL_CITIES,AVENUE,11,13.0
97987,1,6,133,5,1,50.0,0,N,MELB_URBAN,PARADE,11,8.0
97988,1,6,113,2,1,60.0,0,I,MELB_URBAN,ROAD,11,14.0
97989,1,5,130,1,1,60.0,0,I,MELB_URBAN,ROAD,11,12.0
97990,2,6,100,2,1,60.0,0,I,TOWNS,STREET,11,17.0
97991,1,7,133,2,1,60.0,0,I,MELB_URBAN,ROAD,10,17.0
97992,1,5,163,5,1,40.0,0,N,MELB_URBAN,STREET,11,17.0
97993,1,6,116,1,2,60.0,0,I,MELB_URBAN,ROAD,11,20.0
97994,8,6,174,2,1,60.0,0,I,MELB_URBAN,STREET,11,18.0
97995,6,6,99,2,1,100.0,0,I,RURAL_VICTORIA,ROAD,11,18.0
97996,4,6,183,5,3,100.0,0,N,RURAL_VICTORIA,FREEWAY,11,3.0
97997,4,5,171,5,1,80.0,0,N,MELB_URBAN,ROAD,11,19.0
97998,1,5,130,2,1,60.0,0,I,RURAL_VICTORIA,BOULEVARD,11,15.0
97999,4,6,173,5,3,100.0,0,N,MELB_URBAN,UNKNOWN,11,21.0
98000,1,6,113,2,6,50.0,0,I,SMALL_CITIES,ROAD,11,0.0
98001,1,6,99,2,3,50.0,0,I,MELB_URBAN,OTHER,11,23.0
98002,1,6,110,1,1,50.0,0,I,MELB_URBAN,STREET,11,18.0
98003,1,1,110,5,1,60.0,0,N,MELB_URBAN,ROAD,10,13.0
98004,1,5,135,2,1,60.0,0,I,MELB_URBAN,STREET,11,18.0
98005,4,6,173,5,1,100.0,0,N,RURAL_VICTORIA,ROAD,11,19.0
98006,8,7,99,2,9,60.0,0,I,RURAL_VICTORIA,ROAD,11,9.0
98007,1,7,163,5,1,40.0,0,N,MELB_URBAN,STREET,11,10.0
98008,1,7,160,5,1,60.0,0,N,LARGE_PROVINCIAL_CITIES,STREET,11,10.0
98009,1,7,121,2,1,70.0,0,I,RURAL_VICTORIA,ROAD,11,11.0
98010,1,7,147,5,1,60.0,0,N,SMALL_CITIES,STREET,11,10.0
98011,1,7,140,2,1,60.0,0,I,MELB_URBAN,ROAD,11,14.0
98012,1,7,130,5,1,80.0,0,N,MELB_URBAN,HIGHWAY,11,13.0
98013,4,7,173,5,1,60.0,0,N,MELB_URBAN,PARADE,11,12.0
98014,1,7,121,1,1,60.0,0,I,LARGE_PROVINCIAL_CITIES,ROAD,11,13.0
98015,1,7,116,2,1,60.0,0,N,SMALL_TOWNS,STREET,11,15.0
98016,1,7,120,5,1,70.0,0,N,MELB_URBAN,ROAD,11,16.0
98017,4,7,181,5,1,80.0,0,N,RURAL_VICTORIA,ROAD,11,15.0
98018,1,7,121,5,1,100.0,0,N,RURAL_VICTORIA,HIGHWAY,11,16.0
98019,4,7,181,5,1,60.0,0,N,MELB_URBAN,ROAD,11,14.0
98020,2,7,102,5,1,80.0,0,N,MELB_URBAN,ROAD,11,17.0
98021,4,7,183,5,1,50.0,0,N,MELB_URBAN,STREET,11,17.0
98022,2,7,99,5,3,40.0,0,N,MELBOURNE_CBD,STREET,11,0.0
98023,4,7,99,5,1,100.0,0,N,RURAL_VICTORIA,ROAD,11,16.0
98024,2,7,102,5,1,40.0,0,N,MELB_URBAN,STREET,11,16.0
98025,4,7,173,5,2,50.0,0,N,MELB_URBAN,AVENUE,11,20.0
98026,1,7,110,5,1,80.0,0,N,MELB_URBAN,ROAD,11,17.0
98027,4,6,99,2,5,50.0,0,I,SMALL_CITIES,ROAD,11,22.0
98028,1,5,99,5,3,80.0,0,N,MELB_URBAN,UNKNOWN,11,23.0
98029,4,7,181,5,5,80.0,0,N,RURAL_VICTORIA,ROAD,11,22.0
98030,4,7,171,5,3,50.0,0,N,LARGE_PROVINCIAL_CITIES,ROAD,11,4.0
98031,4,7,171,5,5,80.0,0,N,RURAL_VICTORIA,ROAD,11,23.0
98032,4,7,171,5,5,80.0,0,N,RURAL_VICTORIA,ROAD,11,23.0
98033,4,1,183,5,5,60.0,0,N,RURAL_VICTORIA,STREET,11,1.0
98034,4,1,173,5,5,60.0,1,N,RURAL_VICTORIA,ROAD,11,2.0
98035,1,7,110,1,1,60.0,0,I,RURAL_VICTORIA,AVENUE,11,16.0
98036,1,0,132,1,1,60.0,0,I,MELB_URBAN,HIGHWAY,11,8.0
98037,1,7,110,1,2,50.0,0,I,MELB_URBAN,STREET,11,17.0
98038,8,7,99,5,1,60.0,0,N,RURAL_VICTORIA,ROAD,11,18.0
98039,4,1,173,5,1,60.0,0,N,MELB_URBAN,ROAD,11,8.0
98040,2,5,99,1,1,50.0,0,I,MELB_URBAN,STREET,11,19.0
98041,1,1,111,1,1,70.0,0,I,MELB_URBAN,HIGHWAY,11,7.0
98042,4,1,171,2,1,60.0,0,N,MELB_URBAN,HIGHWAY,11,6.0
98043,1,1,110,1,1,60.0,0,I,MELB_URBAN,ROAD,11,11.0
98044,1,1,113,2,1,80.0,0,I,SMALL_CITIES,ROAD,11,9.0
98045,1,1,113,2,1,80.0,0,I,RURAL_VICTORIA,ROAD,11,10.0
98046,1,1,130,5,3,80.0,0,N,MELB_URBAN,ROAD,11,0.0
98047,1,1,121,2,1,60.0,0,I,SMALL_CITIES,STREET,11,13.0
98048,1,1,111,2,1,60.0,0,I,MELB_URBAN,ROAD,11,12.0
98049,4,1,181,5,1,100.0,0,N,RURAL_VICTORIA,ROAD,11,12.0
98050,6,1,99,5,1,100.0,0,N,RURAL_VICTORIA,ROAD,11,11.0
98051,4,1,173,5,1,100.0,0,N,RURAL_VICTORIA,HIGHWAY,11,15.0
98052,1,1,140,5,1,50.0,0,N,MELB_URBAN,ROAD,11,11.0
98053,1,1,130,5,1,80.0,0,N,MELB_URBAN,STREET,11,14.0
98054,6,1,170,5,1,100.0,1,N,RURAL_VICTORIA,ROAD,11,16.0
98055,1,1,99,2,1,60.0,0,I,LARGE_PROVINCIAL_CITIES,ROAD,11,17.0
98056,1,6,160,5,1,60.0,0,N,MELB_URBAN,PARADE,11,9.0
98057,1,1,99,2,1,50.0,0,I,MELB_URBAN,OTHER,11,17.0
98058,1,1,121,5,1,60.0,0,N,MELB_URBAN,ROAD,11,15.0
98059,4,1,183,2,1,60.0,0,I,MELB_URBAN,ROAD,11,16.0
98060,1,3,135,5,1,60.0,0,N,MELB_URBAN,ROAD,10,7.0
98061,4,1,173,5,1,50.0,0,N,MELB_URBAN,STREET,11,17.0
98062,4,6,173,2,3,60.0,0,I,SMALL_CITIES,OTHER,11,22.0
98063,1,1,120,5,1,100.0,0,N,RURAL_VICTORIA,ROAD,11,16.0
98064,1,1,121,1,1,40.0,0,I,MELB_URBAN,STREET,11,19.0
98065,8,2,170,5,5,100.0,0,N,RURAL_VICTORIA,ROAD,11,0.0
98066,1,5,99,2,3,60.0,0,I,MELB_URBAN,STREET,11,1.0
98067,1,2,121,2,1,80.0,0,I,MELB_URBAN,HIGHWAY,11,7.0
98068,6,0,174,5,1,60.0,0,N,TOWNS,ROAD,9,11.0
98069,4,6,171,5,3,50.0,0,N,MELB_URBAN,DRIVE,11,23.0
98070,1,2,130,5,1,100.0,0,N,MELB_URBAN,FREEWAY,11,7.0
98071,2,1,100,2,1,60.0,0,I,MELB_URBAN,AVENUE,11,9.0
98072,1,4,99,1,1,40.0,0,I,MELBOURNE_CBD,STREET,10,17.0
98073,1,2,121,2,1,50.0,0,I,MELB_URBAN,STREET,11,8.0
98074,1,2,116,2,1,60.0,0,I,MELB_URBAN,STREET,11,8.0
98075,2,1,99,5,1,50.0,0,N,TOWNS,ROAD,11,9.0
98076,4,2,181,5,5,100.0,0,N,RURAL_VICTORIA,ROAD,11,1.0
98077,4,2,173,2,1,60.0,0,I,MELB_URBAN,ROAD,11,12.0
98078,1,4,121,5,1,60.0,0,N,MELB_URBAN,HIGHWAY,10,16.0
98079,4,1,171,5,1,50.0,0,N,MELB_URBAN,OTHER,11,13.0
98080,2,2,102,1,1,50.0,0,I,MELB_URBAN,STREET,11,10.0
98081,1,1,130,5,1,80.0,0,N,MELB_URBAN,UNKNOWN,11,9.0
98082,6,2,99,5,1,100.0,0,N,RURAL_VICTORIA,ROAD,11,12.0
98083,1,2,130,5,1,100.0,0,N,MELB_URBAN,FREEWAY,11,9.0
98084,1,2,110,1,1,60.0,0,I,MELB_URBAN,ROAD,11,13.0
98085,1,2,147,5,1,60.0,0,N,TOWNS,ROAD,11,12.0
98086,4,2,171,5,1,70.0,0,N,MELB_URBAN,HIGHWAY,11,13.0
98087,1,2,110,1,1,80.0,0,I,RURAL_VICTORIA,STREET,11,15.0
98088,2,2,100,5,1,40.0,0,N,MELB_URBAN,ROAD,11,15.0
98089,6,2,174,5,1,100.0,0,N,RURAL_VICTORIA,ROAD,11,13.0
98090,1,2,132,5,1,60.0,0,N,SMALL_CITIES,STREET,11,8.0
98091,1,2,130,5,1,80.0,0,N,MELB_URBAN,HIGHWAY,11,15.0
98092,1,2,120,5,1,60.0,0,N,MELB_URBAN,STREET,11,15.0
98093,1,2,99,5,1,100.0,0,N,RURAL_VICTORIA,HIGHWAY,11,11.0
98094,4,2,171,9,1,40.0,0,N,MELB_URBAN,STREET,11,16.0
98095,1,5,130,5,1,70.0,0,N,LARGE_PROVINCIAL_CITIES,OTHER,10,7.0
98096,1,2,99,5,1,60.0,0,N,MELB_URBAN,ROAD,11,16.0
98097,1,2,140,2,1,50.0,0,I,MELB_URBAN,DRIVE,10,11.0
98098,1,2,140,5,1,60.0,0,N,MELB_URBAN,ROAD,11,17.0
98099,1,1,110,1,1,60.0,0,I,LARGE_PROVINCIAL_CITIES,STREET,11,17.0
98100,6,2,174,1,1,80.0,0,N,MELB_URBAN,HIGHWAY,11,17.0
98101,1,2,130,5,1,80.0,0,N,MELB_URBAN,FREEWAY,11,17.0
98102,1,1,132,5,1,50.0,0,N,MELB_URBAN,OTHER,11,16.0
98103,6,2,99,5,1,60.0,0,N,RURAL_VICTORIA,ROAD,11,17.0
98104,4,2,173,5,1,80.0,0,N,MELB_URBAN,ROAD,11,18.0
98105,1,2,130,5,1,80.0,0,N,MELB_URBAN,HIGHWAY,11,17.0
98106,1,2,160,5,1,60.0,0,N,LARGE_PROVINCIAL_CITIES,PARADE,11,19.0
98107,4,2,181,5,1,100.0,0,N,RURAL_VICTORIA,ROAD,11,17.0
98108,1,2,121,5,1,50.0,0,N,SMALL_CITIES,DRIVE,11,19.0
98109,1,2,99,2,1,60.0,0,I,SMALL_CITIES,AVENUE,11,16.0
98110,1,1,121,1,3,80.0,0,I,MELB_URBAN,ROAD,11,23.0
98111,3,2,167,5,5,60.0,0,N,TOWNS,ROAD,11,20.0
98112,1,2,130,5,1,100.0,0,N,MELB_URBAN,FREEWAY,11,16.0
98113,6,7,99,2,1,60.0,0,I,RURAL_VICTORIA,OTHER,11,11.0
98114,1,1,99,2,1,50.0,0,I,TOWNS,ROAD,11,18.0
98115,1,2,99,1,1,60.0,0,I,RURAL_VICTORIA,ROAD,11,17.0
98116,1,2,130,5,5,100.0,0,N,MELB_URBAN,FREEWAY,11,22.0
98117,1,7,99,1,3,60.0,0,I,MELB_URBAN,ROAD,9,22.0
98118,1,2,110,1,1,50.0,0,I,SMALL_CITIES,STREET,11,14.0
98119,6,3,170,5,5,80.0,0,N,RURAL_VICTORIA,ROAD,11,0.0
98120,1,6,135,2,9,60.0,0,I,MELB_URBAN,STREET,9,19.0
98121,3,2,167,5,1,100.0,0,N,RURAL_VICTORIA,ROAD,11,10.0
98122,1,3,130,2,1,80.0,0,N,MELB_URBAN,ROAD,11,7.0
98123,1,1,121,1,1,50.0,0,I,MELB_URBAN,STREET,11,16.0
98124,8,1,184,5,1,100.0,0,N,RURAL_VICTORIA,OTHER,10,15.0
98125,1,2,130,5,1,100.0,0,N,MELB_URBAN,FREEWAY,11,17.0
98126,1,3,110,1,9,40.0,0,I,MELB_URBAN,STREET,11,0.0
98127,1,2,120,5,2,80.0,0,N,RURAL_VICTORIA,ROAD,11,19.0
98128,1,2,121,5,1,60.0,0,N,MELB_URBAN,STREET,6,16.0
98129,4,3,171,5,1,80.0,0,N,MELB_URBAN,ROAD,11,10.0
98130,1,2,160,5,1,50.0,0,N,LARGE_PROVINCIAL_CITIES,ROAD,11,12.0
98131,1,3,160,5,1,60.0,0,N,LARGE_PROVINCIAL_CITIES,STREET,11,10.0
98132,1,0,110,1,2,50.0,0,I,MELB_URBAN,STREET,11,20.0
98133,8,1,174,2,1,60.0,0,I,RURAL_VICTORIA,ROAD,11,14.0
98134,4,2,173,5,1,50.0,0,N,MELB_URBAN,STREET,11,14.0
98135,4,3,173,2,1,50.0,0,I,MELB_URBAN,ROAD,11,13.0
98136,2,3,99,5,1,40.0,0,N,MELB_URBAN,STREET,11,15.0
98137,4,3,181,5,1,60.0,0,N,RURAL_VICTORIA,ROAD,11,13.0
98138,1,3,121,1,1,40.0,0,I,LARGE_PROVINCIAL_CITIES,STREET,11,16.0
98139,1,2,130,5,1,100.0,0,N,MELB_URBAN,UNKNOWN,11,17.0
98140,1,2,147,5,1,50.0,0,N,MELB_URBAN,ROAD,11,16.0
98141,4,3,173,5,1,80.0,0,N,MELB_URBAN,ROAD,11,17.0
98142,1,6,130,1,1,60.0,0,I,MELB_URBAN,STREET,10,16.0
98143,2,3,99,5,1,40.0,0,N,MELB_URBAN,STREET,11,20.0
98144,1,3,147,5,1,60.0,0,N,MELB_URBAN,ROAD,11,19.0
98145,1,5,130,5,1,60.0,0,N,MELB_URBAN,ROAD,11,18.0
98146,1,3,113,2,3,60.0,0,I,MELB_URBAN,AVENUE,11,20.0
98147,1,3,113,2,1,60.0,0,I,MELB_URBAN,STREET,11,15.0
98148,1,3,130,5,1,70.0,0,N,MELB_URBAN,HIGHWAY,11,16.0
98149,6,2,170,5,3,60.0,0,N,MELB_URBAN,ROAD,11,22.0
98150,1,2,140,5,3,60.0,0,N,MELB_URBAN,AVENUE,11,23.0
98151,1,3,99,5,3,60.0,0,N,MELB_URBAN,BOULEVARD,11,22.0
98152,4,4,171,5,3,80.0,0,N,MELB_URBAN,HIGHWAY,11,2.0
98153,4,3,99,5,5,60.0,0,N,RURAL_VICTORIA,AVENUE,11,22.0
98154,2,4,99,2,1,100.0,0,I,RURAL_VICTORIA,ROAD,9,15.0
98155,1,4,130,5,1,80.0,0,N,RURAL_VICTORIA,ROAD,11,6.0
98156,1,3,133,5,1,60.0,0,N,RURAL_VICTORIA,ROAD,11,9.0
98157,1,3,121,2,1,60.0,0,I,TOWNS,HIGHWAY,11,8.0
98158,1,4,120,5,1,60.0,0,N,TOWNS,ROAD,11,7.0
98159,1,4,120,5,1,60.0,0,N,MELB_URBAN,ROAD,11,7.0
98160,1,4,130,1,2,60.0,0,I,MELB_URBAN,ROAD,11,18.0
98161,2,4,99,5,1,50.0,0,N,MELB_URBAN,STREET,11,11.0
98162,4,1,171,2,5,80.0,0,I,RURAL_VICTORIA,ROAD,11,0.0
98163,1,2,130,5,1,70.0,0,N,MELB_URBAN,ROAD,11,17.0
98164,1,2,132,2,9,60.0,0,I,MELB_URBAN,STREET,10,12.0
98165,1,6,130,5,3,60.0,0,N,MELB_URBAN,ROAD,8,18.0
98166,1,4,113,2,1,60.0,0,I,MELB_URBAN,ROAD,11,9.0
98167,4,7,171,5,5,100.0,0,N,RURAL_VICTORIA,ROAD,11,0.0
98168,1,3,111,2,1,40.0,0,I,MELB_URBAN,ROAD,11,7.0
98169,8,6,99,5,1,80.0,1,N,MELB_URBAN,HIGHWAY,10,10.0
98170,1,2,121,5,3,50.0,0,N,MELB_URBAN,ROAD,11,22.0
98171,1,3,113,2,1,60.0,0,I,MELB_URBAN,ROAD,10,13.0
98172,1,4,171,5,1,50.0,0,N,MELB_URBAN,AVENUE,11,12.0
98173,4,4,171,5,1,110.0,0,N,RURAL_VICTORIA,FREEWAY,11,14.0
98174,1,4,132,5,1,80.0,0,N,RURAL_VICTORIA,ROAD,11,14.0
98175,1,4,130,5,1,60.0,0,N,MELB_URBAN,ROAD,11,13.0
98176,1,4,130,2,1,80.0,0,I,MELB_URBAN,AVENUE,11,14.0
98177,1,6,133,5,1,50.0,0,N,MELB_URBAN,STREET,11,8.0
98178,2,4,99,5,1,60.0,0,N,TOWNS,STREET,11,15.0