,accident_type,day_of_week,dca_code,road_geometry,light_condition,speed_zone,severity,node_type,deg_urban_name,road_type,month,hour
98179,1,3,130,5,1,100.0,0,N,MELB_URBAN,ROAD,11,16.0
98180,1,4,140,5,1,80.0,0,I,MELB_URBAN,HIGHWAY,11,17.0
98181,1,3,130,5,1,80.0,0,N,MELB_URBAN,UNKNOWN,11,15.0
98182,8,4,99,5,1,110.0,0,N,RURAL_VICTORIA,HIGHWAY,11,16.0
98183,4,4,171,5,1,100.0,0,N,RURAL_VICTORIA,ROAD,11,19.0
98184,1,4,133,5,3,60.0,0,N,MELB_URBAN,OTHER,11,20.0
98185,1,4,113,2,3,60.0,0,I,MELB_URBAN,AVENUE,11,19.0
98186,4,4,173,5,1,60.0,0,N,MELB_URBAN,ROAD,11,19.0
98187,1,3,120,2,1,50.0,0,I,MELB_URBAN,STREET,11,18.0
98188,1,5,130,1,1,60.0,0,I,MELB_URBAN,ROAD,11,10.0
98189,6,6,174,5,1,60.0,0,N,MELB_URBAN,ROAD,11,16.0
98190,2,4,99,5,1,50.0,0,N,MELB_URBAN,PARADE,11,17.0
98191,4,5,173,5,5,80.0,0,N,MELB_URBAN,ROAD,11,0.0
98192,6,3,99,5,1,100.0,0,N,RURAL_VICTORIA,ROAD,11,15.0
98193,2,5,99,5,1,60.0,0,N,MELB_URBAN,STREET,11,7.0
98194,1,4,110,5,1,60.0,0,I,LARGE_PROVINCIAL_CITIES,STREET,11,9.0
98195,1,4,130,1,1,80.0,0,I,MELB_URBAN,HIGHWAY,11,9.0
98196,1,4,130,5,1,80.0,0,N,RURAL_VICTORIA,ROAD,11,8.0
98197,4,4,183,5,1,100.0,0,N,RURAL_VICTORIA,ROAD,11,15.0
98198,1,5,130,5,1,60.0,0,N,MELB_URBAN,STREET,11,9.0
98199,1,5,99,1,1,40.0,0,I,MELB_URBAN,STREET,11,6.0
98200,2,5,100,1,1,60.0,0,I,MELB_URBAN,ROAD,11,13.0
98201,1,5,130,1,1,60.0,0,I,MELB_URBAN,STREET,11,10.0
98202,1,5,120,5,1,30.0,0,N,RURAL_VICTORIA,ROAD,11,6.0
98203,1,1,111,1,1,60.0,0,I,MELB_URBAN,ROAD,11,10.0
98204,1,4,99,5,1,50.0,0,N,TOWNS,STREET,11,15.0
98205,4,4,171,5,3,80.0,0,N,MELB_URBAN,ROAD,11,20.0
98206,1,5,99,2,1,60.0,0,I,MELB_URBAN,ROAD,11,14.0
98207,1,5,130,5,1,50.0,0,N,MELB_URBAN,ROAD,11,7.0
98208,1,5,135,2,1,60.0,0,N,MELB_URBAN,ROAD,11,16.0
98209,4,1,171,5,1,60.0,0,N,LARGE_PROVINCIAL_CITIES,ROAD,11,13.0
98210,2,5,100,5,1,60.0,0,N,TOWNS,STREET,11,17.0
98211,1,5,121,4,1,60.0,0,I,MELB_URBAN,ROAD,11,17.0
98212,2,5,100,1,1,60.0,0,N,MELB_URBAN,STREET,11,18.0
98213,1,5,99,5,1,50.0,0,N,LARGE_PROVINCIAL_CITIES,STREET,11,18.0
98214,1,5,110,1,1,50.0,0,I,TOWNS,STREET,11,17.0
98215,1,5,99,2,3,40.0,0,I,MELB_URBAN,STREET,11,21.0
98216,1,5,116,1,3,50.0,0,I,MELB_URBAN,ROAD,11,20.0
98217,1,5,130,5,3,30.0,0,N,MELB_URBAN,ROAD,11,20.0
98218,4,6,181,5,5,100.0,0,N,RURAL_VICTORIA,ROAD,11,0.0
98219,1,5,110,1,3,60.0,0,I,SMALL_CITIES,AVENUE,11,1.0
98220,3,6,167,5,3,80.0,0,N,RURAL_VICTORIA,STREET,11,4.0
98221,2,3,100,2,1,60.0,0,N,MELB_URBAN,UNKNOWN,11,17.0
98222,4,5,171,5,1,70.0,0,N,TOWNS,ROAD,11,17.0
98223,1,6,99,5,1,50.0,0,N,MELB_URBAN,DRIVE,11,6.0
98224,2,6,100,2,1,50.0,0,I,MELB_URBAN,OTHER,11,8.0
98225,8,6,99,5,1,110.0,0,N,RURAL_VICTORIA,FREEWAY,11,8.0
98226,1,6,134,5,1,40.0,0,N,LARGE_PROVINCIAL_CITIES,FREEWAY,11,9.0
98227,1,6,163,5,1,40.0,0,N,MELBOURNE_CBD,STREET,11,9.0
98228,1,5,120,5,1,60.0,0,N,MELB_URBAN,ROAD,11,15.0
98229,2,6,100,2,1,80.0,0,I,MELB_URBAN,ROAD,11,8.0
98230,1,6,130,5,6,60.0,0,N,MELB_URBAN,STREET,11,2.0
98231,1,6,132,2,1,80.0,0,I,RURAL_VICTORIA,ROAD,11,10.0
98232,1,5,147,5,1,50.0,0,N,MELB_URBAN,STREET,11,6.0
98233,1,6,121,1,1,80.0,0,I,MELB_URBAN,HIGHWAY,11,11.0
98234,1,4,130,1,1,60.0,0,I,MELB_URBAN,OTHER,11,14.0
98235,1,5,120,5,1,80.0,0,N,MELB_URBAN,ROAD,11,11.0
98236,1,6,130,5,1,40.0,0,N,RURAL_VICTORIA,HIGHWAY,11,11.0
98237,1,5,130,2,1,80.0,0,I,MELB_URBAN,UNKNOWN,10,8.0
98238,1,6,121,5,1,80.0,0,N,MELB_URBAN,ROAD,11,12.0
98239,1,6,130,2,1,80.0,0,I,MELB_URBAN,HIGHWAY,11,14.0
98240,1,5,99,5,1,50.0,0,N,MELB_URBAN,STREET,11,16.0
98241,1,6,121,2,1,60.0,0,I,MELB_URBAN,ROAD,11,6.0
98242,1,7,130,5,1,80.0,0,N,MELB_URBAN,ROAD,10,13.0
98243,1,5,121,2,1,60.0,0,I,MELB_URBAN,ROAD,11,15.0
98244,1,5,130,2,1,60.0,0,I,MELB_URBAN,STREET,11,15.0
98245,1,4,116,1,1,40.0,0,I,MELB_URBAN,STREET,11,7.0
98246,1,6,130,5,1,100.0,0,N,MELB_URBAN,FREEWAY,11,16.0
98247,1,5,120,5,1,80.0,0,N,RURAL_VICTORIA,ROAD,11,16.0
98248,1,6,121,1,1,60.0,0,I,MELB_URBAN,STREET,11,15.0
98249,1,5,99,5,1,60.0,0,N,LARGE_PROVINCIAL_CITIES,STREET,11,18.0
98250,1,6,140,5,1,60.0,0,N,MELB_URBAN,ROAD,11,17.0
98251,1,6,160,5,1,50.0,0,N,MELB_URBAN,ROAD,11,14.0
98252,1,6,130,5,1,60.0,0,N,LARGE_PROVINCIAL_CITIES,ROAD,11,15.0
98253,2,6,100,5,1,50.0,0,N,MELB_URBAN,STREET,11,17.0
98254,1,5,121,1,1,40.0,0,I,MELB_URBAN,ROAD,11,19.0
98255,1,6,133,5,1,100.0,0,N,MELB_URBAN,RAMP,11,15.0
98256,1,6,99,1,1,60.0,0,I,MELB_URBAN,ROAD,11,8.0
98257,1,2,130,2,1,60.0,0,I,MELB_URBAN,ROAD,11,11.0
98258,1,6,110,1,9,60.0,0,I,MELB_URBAN,STREET,11,19.0
98259,4,6,181,5,1,100.0,0,N,RURAL_VICTORIA,OTHER,11,20.0
98260,1,6,121,1,3,80.0,0,I,MELB_URBAN,ROAD,11,20.0
98261,1,6,113,4,3,60.0,0,I,MELB_URBAN,ROAD,11,20.0
98262,1,6,116,2,2,50.0,0,I,MELB_URBAN,ROAD,11,16.0
98263,2,6,100,5,1,50.0,0,N,SMALL_CITIES,STREET,11,15.0
98264,1,5,130,5,1,60.0,0,N,LARGE_PROVINCIAL_CITIES,STREET,11,7.0
98265,4,7,173,1,3,60.0,0,I,MELB_URBAN,ROAD,11,1.0
98266,2,2,102,5,6,50.0,0,N,SMALL_CITIES,STREET,8,19.0
98267,1,5,110,1,1,50.0,0,I,TOWNS,STREET,11,18.0
98268,1,7,121,5,1,80.0,0,N,MELB_URBAN,ROAD,11,6.0
98269,4,6,181,5,1,100.0,1,N,RURAL_VICTORIA,ROAD,11,13.0
98270,4,7,173,5,1,80.0,0,N,SMALL_TOWNS,DRIVE,11,7.0
98271,1,7,147,5,1,60.0,0,N,MELB_URBAN,ROAD,11,11.0
98272,6,7,170,2,1,100.0,0,I,RURAL_VICTORIA,ROAD,11,10.0
98273,4,5,99,2,1,40.0,0,I,MELB_URBAN,ROAD,11,14.0
98274,1,7,110,1,1,60.0,0,I,MELB_URBAN,STREET,11,12.0
98275,1,7,130,5,1,70.0,0,N,MELB_URBAN,ROAD,11,17.0
98276,4,7,173,5,1,80.0,0,N,RURAL_VICTORIA,ROAD,11,9.0
98277,1,7,130,1,1,60.0,0,I,LARGE_PROVINCIAL_CITIES,ROAD,11,11.0
98278,1,7,130,5,1,100.0,0,N,RURAL_VICTORIA,RAMP,11,12.0
98279,4,7,99,5,1,80.0,0,N,MELB_URBAN,HIGHWAY,11,10.0
98280,2,7,99,5,2,80.0,0,N,MELB_URBAN,HIGHWAY,11,6.0
98281,1,7,133,2,1,70.0,0,N,LARGE_PROVINCIAL_CITIES,OTHER,11,12.0
98282,2,6,100,1,1,50.0,0,I,MELB_URBAN,STREET,11,8.0
98283,4,7,171,1,1,80.0,0,I,MELB_URBAN,HIGHWAY,11,12.0
98284,1,7,140,2,1,40.0,0,N,MELB_URBAN,STREET,11,17.0
98285,2,7,102,2,1,50.0,0,I,MELB_URBAN,STREET,11,16.0
98286,4,7,183,5,1,80.0,1,N,RURAL_VICTORIA,ROAD,11,13.0
98287,4,6,181,2,1,100.0,0,I,RURAL_VICTORIA,HIGHWAY,11,11.0
98288,1,6,130,5,1,80.0,0,N,MELB_URBAN,HIGHWAY,11,17.0
98289,6,2,99,5,1,60.0,0,UNKNOWN,UNKNOWN,UNKNOWN,11,13.0
98290,4,7,171,2,1,60.0,0,I,MELB_URBAN,ROAD,11,17.0
98291,1,7,147,5,1,100.0,0,N,RURAL_VICTORIA,ROAD,11,14.0
98292,1,6,110,1,1,60.0,0,I,MELB_URBAN,ROAD,11,18.0
98293,2,7,99,5,1,60.0,0,N,MELB_URBAN,ROAD,11,8.0
98294,1,7,99,1,1,50.0,0,N,MELB_URBAN,STREET,11,18.0
98295,1,7,132,2,1,100.0,0,I,RURAL_VICTORIA,ROAD,11,17.0
98296,1,7,130,5,1,80.0,0,N,MELB_URBAN,HIGHWAY,11,19.0
98297,1,6,130,5,2,80.0,0,N,MELB_URBAN,FREEWAY,11,19.0
98298,3,7,167,5,5,100.0,0,N,TOWNS,HIGHWAY,11,22.0
98299,1,7,160,1,3,80.0,0,N,MELB_URBAN,ROAD,11,23.0
98300,1,7,111,1,3,60.0,0,I,MELB_URBAN,STREET,11,23.0
98301,1,7,121,2,2,80.0,0,I,MELB_URBAN,HIGHWAY,11,5.0
98302,4,7,173,5,3,40.0,0,N,MELB_URBAN,STREET,11,23.0
98303,2,0,102,5,3,40.0,0,N,MELBOURNE_CBD,STREET,11,1.0
98304,1,7,121,2,3,80.0,1,I,MELB_URBAN,HIGHWAY,11,22.0
98305,2,1,99,5,3,50.0,0,N,SMALL_CITIES,OTHER,11,0.0
98306,1,7,130,5,1,80.0,0,I,MELB_URBAN,HIGHWAY,11,7.0
98307,3,1,167,5,5,100.0,0,N,RURAL_VICTORIA,HIGHWAY,11,5.0
98308,2,7,99,5,3,80.0,1,N,MELB_URBAN,ROAD,11,23.0
98309,1,2,130,5,1,80.0,0,N,MELB_URBAN,HIGHWAY,11,15.0
98310,4,1,171,2,2,60.0,0,I,MELB_URBAN,ROAD,11,5.0
98311,4,1,99,5,3,60.0,0,N,MELB_URBAN,STREET,6,5.0
98312,1,7,130,5,1,60.0,0,N,LARGE_PROVINCIAL_CITIES,STREET,11,16.0
98313,1,1,111,4,1,60.0,0,N,RURAL_VICTORIA,ROAD,11,8.0
98314,1,1,113,1,1,60.0,0,I,MELB_URBAN,ROAD,11,8.0
98315,1,7,121,2,3,80.0,0,I,MELB_URBAN,ROAD,11,21.0
98316,1,1,120,2,1,100.0,0,I,RURAL_VICTORIA,ROAD,11,9.0
98317,6,1,174,2,1,80.0,0,I,RURAL_VICTORIA,HIGHWAY,11,9.0
98318,2,1,100,2,1,50.0,0,I,SMALL_CITIES,STREET,11,12.0
98319,1,1,130,5,1,60.0,0,N,MELB_URBAN,STREET,11,9.0
98320,1,1,113,2,1,80.0,0,I,RURAL_VICTORIA,ROAD,11,13.0
98321,1,1,132,2,1,60.0,0,I,MELB_URBAN,ROAD,11,13.0
98322,1,1,121,5,1,60.0,0,N,RURAL_VICTORIA,ROAD,11,12.0
98323,6,1,170,5,5,100.0,0,N,RURAL_VICTORIA,ROAD,11,1.0
98324,1,0,160,5,1,60.0,0,N,MELB_URBAN,ROAD,11,14.0
98325,4,1,173,5,1,100.0,0,N,MELB_URBAN,FREEWAY,11,15.0
98326,1,1,120,5,9,60.0,0,N,RURAL_VICTORIA,ROAD,11,7.0
98327,1,0,110,1,1,100.0,0,I,RURAL_VICTORIA,ROAD,11,14.0
98328,1,1,99,5,1,70.0,0,N,SMALL_CITIES,STREET,11,14.0
98329,2,1,100,1,1,80.0,0,I,MELB_URBAN,HIGHWAY,11,14.0
98330,1,1,135,1,1,60.0,0,I,MELB_URBAN,STREET,11,17.0
98331,1,1,121,2,1,80.0,0,I,SMALL_CITIES,STREET,11,16.0
98332,4,1,173,5,1,100.0,1,N,RURAL_VICTORIA,ROAD,11,14.0
98333,1,1,120,5,1,100.0,0,N,RURAL_VICTORIA,ROAD,11,16.0
98334,4,1,181,5,1,80.0,1,N,RURAL_VICTORIA,ROAD,11,11.0
98335,1,1,163,5,1,50.0,0,N,MELB_URBAN,ROAD,11,18.0
98336,1,1,130,5,1,80.0,0,N,MELB_URBAN,ROAD,11,18.0
98337,4,1,173,5,1,60.0,0,N,RURAL_VICTORIA,OTHER,11,15.0
98338,1,1,110,1,1,70.0,0,I,MELB_URBAN,ROAD,11,19.0
98339,1,1,130,5,3,60.0,0,N,MELB_URBAN,FREEWAY,11,21.0
98340,1,1,110,1,3,60.0,0,I,MELB_URBAN,ROAD,11,21.0
98341,1,1,130,5,1,50.0,0,N,MELB_URBAN,ROAD,11,20.0
98342,1,1,121,2,5,100.0,0,I,RURAL_VICTORIA,ROAD,11,21.0
98343,2,4,99,5,1,60.0,0,N,MELB_URBAN,STREET,11,13.0
98344,2,1,102,2,3,40.0,1,I,MELB_URBAN,STREET,11,20.0
98345,4,2,173,5,3,70.0,0,N,MELB_URBAN,ROAD,11,3.0
98346,1,0,113,2,1,100.0,0,I,RURAL_VICTORIA,ROAD,11,11.0
98347,4,2,99,2,1,50.0,0,I,LARGE_PROVINCIAL_CITIES,STREET,11,6.0
98348,2,5,99,5,1,60.0,0,N,SMALL_TOWNS,ROAD,10,14.0
98349,4,4,181,5,3,60.0,0,N,LARGE_PROVINCIAL_CITIES,ROAD,11,4.0
98350,1,2,99,4,1,50.0,0,I,MELB_URBAN,ROAD,11,9.0
98351,2,2,100,2,1,60.0,1,N,MELB_URBAN,ROAD,11,10.0
98352,1,5,163,5,1,40.0,0,N,MELB_URBAN,ROAD,11,14.0
98353,1,1,110,1,1,80.0,0,I,RURAL_VICTORIA,ROAD,11,9.0
98354,1,2,140,2,1,60.0,0,N,MELB_URBAN,ROAD,11,12.0
98355,1,2,130,5,1,100.0,0,N,RURAL_VICTORIA,FREEWAY,11,7.0
98356,1,2,111,1,1,60.0,0,I,MELB_URBAN,ROAD,11,11.0
98357,1,2,140,2,1,60.0,0,I,RURAL_VICTORIA,ROAD,11,14.0
98358,8,2,174,2,1,60.0,0,I,MELB_URBAN,ROAD,11,9.0
98359,4,2,183,5,1,100.0,0,N,RURAL_VICTORIA,ROAD,11,14.0
98360,4,2,183,5,1,100.0,0,N,MELB_URBAN,ROAD,11,14.0
98361,1,1,121,2,1,60.0,0,I,MELB_URBAN,ROAD,11,15.0
98362,1,2,132,2,1,50.0,0,I,SMALL_CITIES,AVENUE,11,18.0
98363,1,2,113,1,1,60.0,0,I,MELB_URBAN,ROAD,10,9.0
98364,1,1,130,5,1,60.0,0,N,MELB_URBAN,STREET,11,17.0
98365,2,2,99,1,1,60.0,0,I,MELB_URBAN,ROAD,11,15.0
98366,1,2,111,2,1,60.0,0,I,MELB_URBAN,ROAD,11,16.0
98367,1,1,133,2,1,70.0,0,N,LARGE_PROVINCIAL_CITIES,ROAD,11,15.0
98368,4,1,173,5,1,100.0,0,N,MELB_URBAN,FREEWAY,11,17.0
98369,1,2,121,5,3,80.0,0,N,MELB_URBAN,ROAD,11,20.0
98370,1,0,121,1,1,40.0,0,I,MELB_URBAN,STREET,11,18.0
98371,4,3,171,5,5,50.0,0,N,MELB_URBAN,STREET,11,0.0
98372,1,2,134,5,3,100.0,0,N,MELB_URBAN,ROAD,11,23.0
98373,4,3,171,5,5,100.0,0,N,RURAL_VICTORIA,HIGHWAY,11,2.0
98374,1,1,121,5,1,60.0,0,N,TOWNS,ROAD,11,15.0
98375,1,2,121,1,1,60.0,0,I,MELB_URBAN,ROAD,11,7.0
98376,1,3,130,2,1,40.0,0,I,MELB_URBAN,ROAD,11,8.0
98377,4,1,181,5,1,70.0,0,N,RURAL_VICTORIA,HIGHWAY,11,12.0
98378,3,3,167,5,2,80.0,0,N,RURAL_VICTORIA,ROAD,11,5.0
98379,5,2,99,5,1,80.0,0,UNKNOWN,UNKNOWN,UNKNOWN,11,10.0
98380,1,2,99,5,1,70.0,0,N,SMALL_CITIES,ROAD,11,16.0
98381,1,2,121,2,1,60.0,0,I,MELB_URBAN,STREET,11,9.0
98382,1,2,99,1,1,50.0,0,I,SMALL_CITIES,HIGHWAY,11,10.0
98383,1,3,133,5,1,100.0,0,N,MELB_URBAN,FREEWAY,11,9.0
98384,1,3,110,1,1,60.0,0,I,MELB_URBAN,DRIVE,11,11.0
98385,1,3,113,2,1,70.0,0,I,MELB_URBAN,ROAD,11,10.0
98386,4,3,171,5,1,110.0,0,N,SMALL_TOWNS,FREEWAY,11,11.0
98387,1,3,99,1,1,60.0,0,I,MELB_URBAN,STREET,11,11.0
98388,1,3,130,1,1,80.0,0,I,TOWNS,STREET,11,13.0
98389,1,2,113,4,1,60.0,0,I,MELB_URBAN,HIGHWAY,11,16.0
98390,2,3,102,5,1,50.0,0,N,MELB_URBAN,STREET,11,13.0
98391,1,3,130,2,1,60.0,0,I,MELB_URBAN,ROAD,11,7.0
98392,1,6,133,1,9,60.0,0,I,MELB_URBAN,STREET,11,7.0
98393,1,7,99,5,2,60.0,0,N,MELB_URBAN,ROAD,11,20.0
98394,1,1,110,1,3,60.0,0,I,MELB_URBAN,ROAD,11,20.0
98395,1,3,110,1,1,100.0,0,I,RURAL_VICTORIA,HIGHWAY,11,11.0
98396,1,3,99,2,1,60.0,0,I,MELB_URBAN,OTHER,11,6.0
98397,1,3,130,5,1,40.0,0,N,MELBOURNE_CBD,STREET,11,16.0
98398,4,3,183,5,1,100.0,0,N,RURAL_VICTORIA,ROAD,11,16.0
98399,1,3,140,5,1,100.0,0,N,RURAL_VICTORIA,ROAD,11,17.0
98400,2,3,102,1,1,80.0,0,I,MELB_URBAN,ROAD,11,11.0
98401,1,3,133,5,1,80.0,0,N,MELB_URBAN,ROAD,11,17.0
98402,4,3,181,2,1,60.0,0,I,MELB_URBAN,ROAD,11,16.0
98403,4,3,173,5,2,50.0,0,N,SMALL_CITIES,AVENUE,11,19.0
98404,1,3,99,1,1,60.0,1,I,MELB_URBAN,ROAD,11,14.0
98405,1,3,130,5,1,80.0,0,N,RURAL_VICTORIA,HIGHWAY,11,16.0
98406,8,1,174,5,1,60.0,0,N,RURAL_VICTORIA,OTHER,11,12.0
98407,1,5,99,1,1,60.0,0,I,LARGE_PROVINCIAL_CITIES,STREET,11,18.0
98408,1,3,147,5,3,80.0,0,N,MELB_URBAN,ROAD,11,20.0
98409,1,3,110,1,3,60.0,0,I,TOWNS,ROAD,11,21.0
98410,1,3,110,1,3,60.0,0,I,RURAL_VICTORIA,ROAD,11,23.0
98411,2,4,100,2,3,80.0,0,I,MELB_URBAN,ROAD,11,0.0
98412,4,3,99,5,1,100.0,0,N,MELB_URBAN,FREEWAY,11,17.0
98413,1,2,160,5,3,50.0,0,N,MELB_URBAN,OTHER,11,3.0
98414,1,4,120,5,1,60.0,0,N,MELB_URBAN,ROAD,11,7.0
98415,8,4,170,1,1,60.0,0,I,LARGE_PROVINCIAL_CITIES,ROAD,11,8.0
98416,1,4,120,5,1,100.0,0,N,RURAL_VICTORIA,HIGHWAY,11,8.0
98417,1,4,130,1,2,60.0,0,I,MELB_URBAN,ROAD,11,6.0
98418,1,4,130,5,1,110.0,0,N,SMALL_CITIES,FREEWAY,11,7.0
98419,1,4,130,2,1,70.0,0,N,MELB_URBAN,ROAD,11,8.0
98420,1,4,130,5,1,100.0,0,N,MELB_URBAN,FREEWAY,11,7.0
98421,1,4,132,5,1,100.0,0,N,RURAL_VICTORIA,ROAD,11,9.0
98422,1,4,147,2,1,60.0,0,N,LARGE_PROVINCIAL_CITIES,ROAD,11,10.0
98423,1,4,130,5,1,80.0,0,N,RURAL_VICTORIA,ROAD,11,9.0
98424,4,4,171,5,1,80.0,0,N,MELB_URBAN,HIGHWAY,11,11.0
98425,1,4,113,2,1,60.0,0,I,MELB_URBAN,STREET,11,11.0
98426,1,2,130,5,1,100.0,0,N,MELB_URBAN,UNKNOWN,11,17.0
98427,1,3,99,5,1,60.0,0,N,MELB_URBAN,ROAD,11,8.0
98428,2,4,99,5,1,50.0,0,N,MELB_URBAN,STREET,11,13.0
98429,1,4,121,1,1,60.0,0,I,LARGE_PROVINCIAL_CITIES,STREET,11,8.0
98430,1,1,130,5,1,80.0,0,N,MELB_URBAN,ROAD,11,9.0
98431,1,4,130,5,1,80.0,0,N,MELB_URBAN,ROAD,11,7.0
98432,1,4,110,1,1,50.0,0,I,TOWNS,STREET,11,11.0
98433,1,4,110,1,1,50.0,0,I,SMALL_CITIES,STREET,11,10.0
98434,7,4,99,5,1,50.0,0,N,MELB_URBAN,OTHER,11,14.0
98435,1,4,110,1,1,50.0,0,I,MELB_URBAN,STREET,11,15.0
98436,4,3,171,2,1,60.0,0,I,MELB_URBAN,STREET,11,15.0
98437,1,3,160,5,1,50.0,0,N,MELB_URBAN,STREET,11,14.0
98438,1,4,130,5,1,70.0,0,N,MELB_URBAN,STREET,11,16.0
98439,1,4,99,2,1,70.0,0,I,MELB_URBAN,ROAD,11,13.0
98440,1,5,130,5,1,60.0,0,N,MELB_URBAN,ROAD,11,17.0
98441,2,4,99,5,1,40.0,0,N,MELB_URBAN,ROAD,11,15.0
98442,4,4,173,2,1,60.0,0,I,MELB_URBAN,STREET,11,15.0
98443,1,4,171,5,1,50.0,0,N,MELB_URBAN,AVENUE,11,16.0
98444,2,4,100,5,1,60.0,0,N,SMALL_CITIES,ROAD,11,17.0
98445,1,3,147,5,1,60.0,0,N,MELB_URBAN,OTHER,11,15.0
98446,1,4,147,2,1,80.0,0,I,RURAL_VICTORIA,DRIVE,11,18.0
98447,1,4,132,5,1,60.0,0,N,MELB_URBAN,STREET,11,15.0
98448,6,4,174,5,5,100.0,1,N,RURAL_VICTORIA,ROAD,11,17.0
98449,2,4,100,1,3,80.0,0,I,LARGE_PROVINCIAL_CITIES,HIGHWAY,11,21.0
98450,1,3,130,5,1,60.0,0,N,MELB_URBAN,ROAD,11,17.0
98451,3,2,167,5,2,110.0,0,N,RURAL_VICTORIA,FREEWAY,11,5.0
98452,1,4,130,5,3,60.0,0,N,MELB_URBAN,ROAD,11,22.0
98453,1,5,113,2,1,50.0,0,I,SMALL_CITIES,STREET,11,13.0
98454,4,5,181,5,3,80.0,0,N,MELB_URBAN,OTHER,11,2.0
98455,1,6,116,1,1,60.0,0,I,LARGE_PROVINCIAL_CITIES,STREET,11,15.0
98456,1,4,121,2,3,60.0,0,I,MELB_URBAN,ROAD,11,21.0
98457,1,1,121,2,1,80.0,0,I,SMALL_CITIES,HIGHWAY,11,18.0
98458,6,5,174,5,1,40.0,0,N,MELB_URBAN,STREET,11,8.0
98459,6,5,99,2,1,60.0,0,I,MELB_URBAN,ROAD,11,8.0
98460,1,4,110,1,1,40.0,0,I,SMALL_CITIES,HIGHWAY,11,19.0
98461,1,5,116,1,1,70.0,0,N,RURAL_VICTORIA,ROAD,11,10.0
98462,1,5,160,5,2,60.0,0,N,TOWNS,AVENUE,11,6.0
98463,2,5,102,1,1,50.0,0,I,MELB_URBAN,STREET,11,9.0
98464,1,5,111,2,1,50.0,0,I,SMALL_CITIES,STREET,11,8.0
98465,4,4,171,5,6,60.0,0,N,RURAL_VICTORIA,ROAD,11,0.0
98466,1,4,121,2,1,80.0,0,N,MELB_URBAN,ROAD,11,7.0
98467,1,5,130,2,1,80.0,0,I,MELB_URBAN,ROAD,11,12.0
98468,1,6,130,5,3,60.0,0,N,MELB_URBAN,AVENUE,11,23.0
98469,1,4,130,1,1,70.0,0,I,MELB_URBAN,ROAD,11,12.0
98470,1,4,121,1,1,60.0,0,I,LARGE_PROVINCIAL_CITIES,STREET,11,12.0
98471,1,2,121,2,1,50.0,0,I,MELB_URBAN,STREET,9,17.0
98472,4,5,181,5,1,60.0,0,N,MELB_URBAN,ROAD,11,13.0
98473,4,5,171,5,1,100.0,0,N,RURAL_VICTORIA,RAMP,11,10.0
98474,1,4,110,1,1,60.0,0,I,SMALL_CITIES,STREET,11,14.0
98475,2,2,100,1,1,60.0,0,I,MELB_URBAN,STREET,10,7.0
98476,1,3,130,5,1,100.0,0,N,RURAL_VICTORIA,HIGHWAY,11,13.0
98477,1,5,116,1,1,50.0,0,I,SMALL_CITIES,STREET,11,15.0
98478,4,5,183,2,1,100.0,0,N,RURAL_VICTORIA,ROAD,11,11.0
98479,1,5,121,2,1,100.0,0,I,RURAL_VICTORIA,ROAD,11,12.0
98480,6,7,99,2,1,60.0,0,I,MELB_URBAN,OTHER,11,6.0
98481,1,5,99,2,1,80.0,0,N,MELB_URBAN,HIGHWAY,11,10.0
98482,1,4,121,1,3,50.0,0,I,MELB_URBAN,STREET,8,18.0
98483,1,5,121,2,1,50.0,0,I,MELB_URBAN,ROAD,11,15.0
98484,8,5,99,5,1,100.0,0,N,RURAL_VICTORIA,HIGHWAY,11,9.0
98485,1,5,140,5,1,40.0,0,N,MELBOURNE_CBD,STREET,11,16.0
98486,2,5,99,5,1,50.0,0,N,MELB_URBAN,ROAD,11,16.0
98487,1,5,130,5,1,80.0,0,N,MELB_URBAN,OTHER,11,15.0
98488,1,5,120,5,1,100.0,1,N,RURAL_VICTORIA,HIGHWAY,11,14.0
98489,1,5,121,1,1,60.0,0,I,MELB_URBAN,ROAD,11,16.0
98490,1,4,163,5,1,40.0,0,N,MELB_URBAN,STREET,8,8.0
98491,1,3,130,5,9,60.0,0,N,MELB_URBAN,ROAD,11,18.0
98492,1,4,110,1,1,40.0,0,I,MELB_URBAN,STREET,11,15.0
98493,2,5,100,5,1,40.0,0,N,MELB_URBAN,STREET,11,16.0
98494,1,5,130,5,1,80.0,0,N,MELB_URBAN,HIGHWAY,11,17.0
98495,1,5,147,5,1,60.0,0,N,MELB_URBAN,ROAD,11,17.0
98496,1,5,134,1,2,40.0,0,I,MELBOURNE_CBD,STREET,11,19.0
98497,2,5,102,1,3,60.0,0,I,MELB_URBAN,ROAD,11,22.0
98498,1,4,134,2,3,60.0,0,I,MELB_URBAN,ROAD,11,21.0
98499,4,6,173,5,1,100.0,0,N,RURAL_VICTORIA,ROAD,11,7.0
98500,1,5,130,1,1,80.0,0,I,MELB_URBAN,OTHER,11,17.0
98501,1,5,99,1,1,60.0,0,I,MELB_URBAN,PARADE,11,16.0
98502,2,6,102,1,1,60.0,0,I,MELB_URBAN,ROAD,11,11.0
98503,4,6,173,5,1,100.0,0,N,MELB_URBAN,FREEWAY,11,12.0
98504,1,5,113,2,1,50.0,0,I,MELB_URBAN,OTHER,11,8.0