,accident_type,day_of_week,dca_code,road_geometry,light_condition,speed_zone,severity,node_type,deg_urban_name,road_type,month,hour
98505,1,5,116,2,1,60.0,0,I,MELB_URBAN,STREET,10,10.0
98506,1,5,130,5,1,100.0,0,N,MELB_URBAN,RAMP,11,10.0
98507,4,6,171,5,1,60.0,0,N,MELB_URBAN,STREET,11,11.0
98508,1,6,130,1,1,60.0,0,I,MELB_URBAN,STREET,11,12.0
98509,1,1,111,2,1,60.0,0,I,RURAL_VICTORIA,ROAD,11,11.0
98510,1,5,132,5,1,60.0,0,N,MELB_URBAN,ROAD,11,10.0
98511,1,4,110,1,1,50.0,0,I,MELB_URBAN,STREET,11,13.0
98512,4,6,181,5,1,100.0,0,N,RURAL_VICTORIA,ROAD,11,12.0
98513,1,5,99,2,3,60.0,0,I,MELB_URBAN,STREET,11,22.0
98514,1,4,99,5,1,80.0,0,N,RURAL_VICTORIA,ROAD,11,18.0
98515,1,6,130,5,1,80.0,0,N,MELB_URBAN,HIGHWAY,11,13.0
98516,1,6,110,1,1,60.0,0,I,RURAL_VICTORIA,ROAD,11,15.0
98517,1,6,160,5,1,60.0,0,N,MELB_URBAN,DRIVE,11,7.0
98518,4,6,181,5,1,80.0,0,N,RURAL_VICTORIA,ROAD,11,15.0
98519,1,6,120,5,1,60.0,0,N,SMALL_TOWNS,HIGHWAY,11,14.0
98520,1,5,160,5,1,60.0,0,N,RURAL_VICTORIA,ROAD,11,13.0
98521,1,6,110,1,1,60.0,0,I,MELB_URBAN,OTHER,11,13.0
98522,1,6,130,5,1,100.0,0,N,MELB_URBAN,RAMP,11,16.0
98523,1,5,130,1,1,80.0,0,I,MELB_URBAN,ROAD,11,15.0
98524,2,6,102,2,1,60.0,0,I,MELB_URBAN,PARADE,11,15.0
98525,1,6,99,1,1,80.0,0,I,RURAL_VICTORIA,HIGHWAY,11,16.0
98526,4,5,171,2,1,60.0,0,I,MELB_URBAN,ROAD,11,17.0
98527,1,6,113,2,2,80.0,0,I,SMALL_TOWNS,ROAD,11,19.0
98528,1,6,121,2,1,50.0,0,I,RURAL_VICTORIA,DRIVE,11,16.0
98529,1,5,110,1,1,60.0,0,I,MELB_URBAN,STREET,11,15.0
98530,1,6,140,5,1,50.0,0,N,MELB_URBAN,DRIVE,11,16.0
98531,1,6,134,5,1,60.0,0,N,MELB_URBAN,ROAD,11,17.0
98532,1,6,130,5,3,70.0,0,N,MELB_URBAN,ROAD,11,21.0
98533,4,6,171,5,5,70.0,0,N,RURAL_VICTORIA,ROAD,11,21.0
98534,4,6,99,2,3,60.0,0,I,MELB_URBAN,PARADE,11,23.0
98535,4,7,173,1,3,50.0,0,I,MELB_URBAN,STREET,11,0.0
98536,4,6,171,5,3,70.0,0,N,MELB_URBAN,ROAD,11,23.0
98537,1,6,130,2,3,80.0,0,I,MELB_URBAN,AVENUE,11,20.0
98538,4,7,171,2,4,50.0,0,I,MELB_URBAN,BOULEVARD,11,3.0
98539,1,1,130,4,1,80.0,0,N,MELB_URBAN,DRIVE,11,14.0
98540,4,7,171,5,2,60.0,0,N,TOWNS,STREET,11,6.0
98541,1,7,130,5,1,70.0,0,N,MELB_URBAN,HIGHWAY,11,9.0
98542,1,6,135,2,1,60.0,0,N,MELB_URBAN,ROAD,11,11.0
98543,1,6,130,2,1,60.0,0,N,MELB_URBAN,ROAD,11,16.0
98544,1,6,134,5,1,60.0,0,N,MELB_URBAN,ROAD,11,10.0
98545,2,6,102,1,1,40.0,0,I,MELB_URBAN,STREET,11,10.0
98546,1,7,130,5,1,60.0,0,N,MELB_URBAN,STREET,11,12.0
98547,1,6,110,1,1,60.0,0,I,LARGE_PROVINCIAL_CITIES,STREET,11,12.0
98548,1,1,99,5,9,40.0,0,N,MELB_URBAN,STREET,8,17.0
98549,1,7,116,2,1,60.0,0,I,MELB_URBAN,ROAD,11,11.0
98550,1,7,110,1,1,50.0,0,I,SMALL_CITIES,STREET,11,14.0
98551,2,6,99,5,1,50.0,0,N,SMALL_CITIES,AVENUE,11,13.0
98552,1,7,111,1,1,80.0,0,I,MELB_URBAN,ROAD,11,13.0
98553,1,6,160,2,1,50.0,0,N,MELB_URBAN,STREET,11,14.0
98554,1,6,130,2,1,80.0,0,I,LARGE_PROVINCIAL_CITIES,HIGHWAY,11,13.0
98555,1,7,130,5,1,80.0,0,N,MELB_URBAN,ROAD,11,13.0
98556,1,6,113,1,1,80.0,0,I,MELB_URBAN,HIGHWAY,11,13.0
98557,1,7,130,5,1,100.0,0,N,MELB_URBAN,FREEWAY,11,14.0
98558,1,5,113,2,3,50.0,0,I,SMALL_CITIES,STREET,11,20.0
98559,4,7,181,5,1,100.0,0,N,RURAL_VICTORIA,ROAD,11,15.0
98560,2,2,99,1,1,80.0,0,I,MELB_URBAN,ROAD,11,15.0
98561,1,7,121,1,1,60.0,0,I,MELB_URBAN,ROAD,11,15.0
98562,6,7,170,5,1,80.0,0,N,RURAL_VICTORIA,ROAD,11,15.0
98563,4,7,173,5,1,60.0,0,N,MELB_URBAN,ROAD,11,19.0
98564,1,6,121,1,1,60.0,0,I,MELB_URBAN,STREET,11,17.0
98565,3,7,167,5,5,60.0,0,N,MELB_URBAN,ROAD,11,20.0
98566,1,7,121,4,3,40.0,0,I,LARGE_PROVINCIAL_CITIES,STREET,11,23.0
98567,1,7,111,1,3,50.0,0,I,MELB_URBAN,STREET,11,22.0
98568,4,1,171,5,3,60.0,0,N,MELB_URBAN,ROAD,11,0.0
98569,1,0,160,5,3,60.0,0,N,SMALL_CITIES,ROAD,11,0.0
98570,1,0,99,5,3,50.0,0,N,LARGE_PROVINCIAL_CITIES,AVENUE,11,2.0
98571,1,7,110,1,1,80.0,1,I,RURAL_VICTORIA,DRIVE,11,20.0
98572,4,0,173,5,5,100.0,0,N,RURAL_VICTORIA,ROAD,11,1.0
98573,4,7,181,5,1,100.0,0,N,RURAL_VICTORIA,ROAD,11,14.0
98574,1,6,133,5,1,100.0,0,N,RURAL_VICTORIA,HIGHWAY,11,17.0
98575,1,1,132,2,1,60.0,0,I,MELB_URBAN,STREET,11,9.0
98576,1,1,110,1,6,60.0,1,I,RURAL_VICTORIA,BOULEVARD,11,2.0
98577,1,2,99,2,1,80.0,0,I,RURAL_VICTORIA,ROAD,8,10.0
98578,1,1,99,2,1,40.0,0,I,MELB_URBAN,STREET,11,7.0
98579,2,0,99,5,1,60.0,0,N,MELB_URBAN,ROAD,11,11.0
98580,2,1,99,5,1,60.0,0,N,MELB_URBAN,HIGHWAY,11,12.0
98581,1,1,132,2,1,100.0,0,I,RURAL_VICTORIA,ROAD,11,12.0
98582,1,1,121,5,1,100.0,0,N,RURAL_VICTORIA,HIGHWAY,11,13.0
98583,1,6,130,2,1,40.0,0,N,MELB_URBAN,ROAD,11,8.0
98584,1,7,113,2,1,60.0,0,I,RURAL_VICTORIA,HIGHWAY,11,13.0
98585,1,4,99,5,1,60.0,0,N,MELB_URBAN,ROAD,11,18.0
98586,2,1,102,1,1,60.0,0,I,MELB_URBAN,ROAD,11,15.0
98587,7,1,184,5,1,100.0,0,N,RURAL_VICTORIA,ROAD,11,15.0
98588,6,0,99,5,1,110.0,0,N,RURAL_VICTORIA,FREEWAY,11,15.0
98589,1,1,99,1,1,80.0,0,I,MELB_URBAN,ROAD,11,17.0
98590,4,0,99,5,5,100.0,0,N,RURAL_VICTORIA,ROAD,11,4.0
98591,1,7,110,1,1,100.0,0,I,RURAL_VICTORIA,ROAD,11,17.0
98592,4,1,173,5,1,80.0,0,N,LARGE_PROVINCIAL_CITIES,ROAD,11,18.0
98593,1,1,110,1,1,80.0,0,I,MELB_URBAN,HIGHWAY,11,19.0
98594,4,1,181,5,1,80.0,0,N,RURAL_VICTORIA,ROAD,11,13.0
98595,6,1,99,5,1,100.0,0,N,RURAL_VICTORIA,HIGHWAY,11,19.0
98596,4,1,181,5,5,80.0,0,N,SMALL_TOWNS,ROAD,11,20.0
98597,1,0,132,2,5,60.0,0,I,TOWNS,STREET,11,18.0
98598,4,1,181,5,1,100.0,0,N,RURAL_VICTORIA,ROAD,11,19.0
98599,4,1,171,1,1,50.0,0,I,MELB_URBAN,STREET,11,20.0
98600,2,0,99,5,9,60.0,0,N,MELB_URBAN,STREET,11,19.0
98601,4,0,99,5,3,50.0,0,N,MELB_URBAN,STREET,11,23.0
98602,4,1,181,5,5,80.0,0,N,RURAL_VICTORIA,ROAD,11,21.0
98603,1,1,99,2,3,70.0,0,I,MELB_URBAN,ROAD,11,22.0
98604,1,1,130,2,3,80.0,0,N,MELB_URBAN,HIGHWAY,11,23.0
98605,1,2,99,5,1,50.0,0,N,MELB_URBAN,STREET,11,18.0
98606,4,1,171,5,3,70.0,0,N,SMALL_CITIES,PARADE,11,22.0
98607,4,2,171,5,1,80.0,0,N,TOWNS,ROAD,11,5.0
98608,2,1,99,2,3,50.0,0,I,LARGE_PROVINCIAL_CITIES,ROAD,11,3.0
98609,8,2,174,5,1,40.0,0,N,MELB_URBAN,ROAD,11,7.0
98610,6,3,99,5,1,100.0,0,N,RURAL_VICTORIA,ROAD,11,12.0
98611,1,1,130,5,1,70.0,0,N,MELB_URBAN,ROAD,11,9.0
98612,6,1,170,4,1,60.0,0,N,RURAL_VICTORIA,ROAD,11,19.0
98613,4,2,173,5,1,80.0,0,N,MELB_URBAN,ROAD,11,7.0
98614,1,2,110,1,1,50.0,0,I,MELB_URBAN,STREET,11,8.0
98615,1,2,130,5,9,80.0,0,N,MELB_URBAN,HIGHWAY,4,8.0
98616,8,1,174,5,9,60.0,0,N,RURAL_VICTORIA,OTHER,11,13.0
98617,1,2,130,5,1,60.0,0,N,RURAL_VICTORIA,ROAD,11,9.0
98618,1,2,130,1,2,80.0,0,I,MELB_URBAN,ROAD,11,6.0
98619,4,2,99,2,1,50.0,0,I,MELB_URBAN,STREET,11,13.0
98620,4,2,173,5,1,80.0,0,N,MELB_URBAN,ROAD,11,12.0
98621,4,2,171,5,1,100.0,0,N,MELB_URBAN,FREEWAY,11,13.0
98622,2,6,100,1,3,60.0,0,I,MELB_URBAN,STREET,11,20.0
98623,1,2,130,2,1,70.0,0,N,MELB_URBAN,ROAD,11,12.0
98624,1,2,99,5,1,100.0,0,N,MELB_URBAN,FREEWAY,11,14.0
98625,3,2,167,5,1,100.0,0,N,RURAL_VICTORIA,ROAD,11,14.0
98626,2,5,99,5,9,50.0,0,N,MELB_URBAN,AVENUE,8,14.0
98627,4,2,181,5,1,100.0,0,N,RURAL_VICTORIA,HIGHWAY,11,13.0
98628,4,2,171,5,1,50.0,0,N,MELB_URBAN,AVENUE,11,11.0
98629,1,2,135,2,1,40.0,0,I,MELB_URBAN,ROAD,11,13.0
98630,1,5,147,5,1,60.0,0,O,MELB_URBAN,UNKNOWN,11,16.0
98631,1,1,134,5,1,60.0,0,N,MELB_URBAN,ROAD,11,16.0
98632,1,2,130,5,1,60.0,0,N,MELB_URBAN,ROAD,11,15.0
98633,1,2,130,5,1,60.0,0,N,MELB_URBAN,ROAD,11,16.0
98634,4,1,171,5,1,110.0,0,N,RURAL_VICTORIA,HIGHWAY,11,20.0
98635,1,2,130,5,1,60.0,0,N,MELB_URBAN,ROAD,11,15.0
98636,1,2,130,5,1,70.0,0,N,LARGE_PROVINCIAL_CITIES,OTHER,11,18.0
98637,4,2,171,5,1,70.0,0,N,LARGE_PROVINCIAL_CITIES,HIGHWAY,11,16.0
98638,6,2,170,5,1,110.0,0,N,RURAL_VICTORIA,FREEWAY,11,16.0
98639,1,2,132,5,1,60.0,0,N,SMALL_CITIES,ROAD,11,17.0
98640,1,2,130,5,1,100.0,0,N,MELB_URBAN,FREEWAY,11,16.0
98641,1,2,121,1,1,60.0,0,I,MELB_URBAN,ROAD,11,18.0
98642,4,2,99,5,1,100.0,0,N,RURAL_VICTORIA,ROAD,11,15.0
98643,1,1,121,2,3,70.0,0,I,MELB_URBAN,ROAD,11,20.0
98644,1,2,110,5,3,50.0,0,N,MELB_URBAN,AVENUE,11,21.0
98645,1,1,133,5,1,60.0,0,N,MELB_URBAN,ROAD,11,19.0
98646,4,2,173,5,6,50.0,0,N,MELB_URBAN,OTHER,11,21.0
98647,1,6,130,5,1,80.0,0,N,MELB_URBAN,ROAD,11,9.0
98648,4,2,171,1,6,50.0,0,I,TOWNS,ROAD,11,22.0
98649,1,2,130,2,1,60.0,0,I,MELB_URBAN,RAMP,11,16.0
98650,1,3,121,1,2,50.0,0,I,MELB_URBAN,STREET,11,5.0
98651,1,2,130,1,1,60.0,0,I,MELB_URBAN,ROAD,11,6.0
98652,2,4,99,5,1,40.0,0,N,TOWNS,ROAD,11,15.0
98653,1,3,130,5,2,100.0,0,N,MELB_URBAN,ROAD,11,6.0
98654,1,2,171,2,1,60.0,0,I,MELB_URBAN,DRIVE,11,10.0
98655,2,3,100,5,1,60.0,0,N,MELB_URBAN,ROAD,11,9.0
98656,6,4,99,5,1,60.0,0,N,MELB_URBAN,ROAD,8,15.0
98657,1,2,130,5,1,100.0,0,N,MELB_URBAN,FREEWAY,11,7.0
98658,1,2,99,1,1,60.0,0,I,SMALL_CITIES,STREET,11,9.0
98659,1,3,133,5,1,60.0,0,N,MELB_URBAN,STREET,11,6.0
98660,1,3,99,2,1,70.0,0,I,MELB_URBAN,HIGHWAY,11,9.0
98661,1,2,110,5,1,40.0,0,I,MELB_URBAN,OTHER,11,17.0
98662,4,1,181,5,1,80.0,0,N,RURAL_VICTORIA,HIGHWAY,11,17.0
98663,1,2,140,5,1,50.0,0,N,MELB_URBAN,STREET,11,12.0
98664,1,3,147,5,1,60.0,0,N,MELB_URBAN,ROAD,11,11.0
98665,1,3,110,1,9,60.0,0,I,LARGE_PROVINCIAL_CITIES,STREET,11,14.0
98666,1,3,132,5,1,50.0,0,N,MELB_URBAN,ROAD,11,9.0
98667,1,3,120,1,1,80.0,0,N,MELB_URBAN,ROAD,11,7.0
98668,1,2,99,2,1,60.0,0,I,LARGE_PROVINCIAL_CITIES,RAMP,11,14.0
98669,1,3,133,5,1,100.0,0,N,MELB_URBAN,FREEWAY,11,11.0
98670,1,3,140,5,1,80.0,0,N,RURAL_VICTORIA,ROAD,11,14.0
98671,1,3,111,1,1,50.0,0,I,MELB_URBAN,STREET,11,16.0
98672,1,3,99,1,1,80.0,0,I,MELB_URBAN,ROAD,11,12.0
98673,1,3,99,1,3,60.0,0,I,MELB_URBAN,ROAD,11,2.0
98674,7,6,184,5,1,60.0,0,N,RURAL_VICTORIA,OTHER,11,12.0
98675,1,2,120,5,1,80.0,0,N,MELB_URBAN,ROAD,11,16.0
98676,1,2,110,1,1,40.0,0,N,MELB_URBAN,STREET,11,14.0
98677,1,2,110,1,3,50.0,0,I,MELB_URBAN,DRIVE,11,21.0
98678,2,3,99,5,3,60.0,0,N,MELB_URBAN,STREET,11,21.0
98679,1,4,121,2,2,70.0,0,I,LARGE_PROVINCIAL_CITIES,STREET,11,6.0
98680,8,6,174,5,6,80.0,0,N,MELB_URBAN,ROAD,11,5.0
98681,6,4,170,5,5,100.0,0,N,RURAL_VICTORIA,HIGHWAY,11,5.0
98682,1,4,99,5,1,80.0,0,N,MELB_URBAN,ROAD,11,7.0
98683,1,4,99,2,1,60.0,0,N,MELB_URBAN,ROAD,11,8.0
98684,2,4,100,2,1,70.0,0,I,MELB_URBAN,ROAD,11,8.0
98685,1,3,110,1,1,50.0,0,I,MELB_URBAN,AVENUE,11,16.0
98686,1,4,99,2,1,60.0,0,I,MELB_URBAN,OTHER,11,8.0
98687,6,0,99,5,1,60.0,0,N,RURAL_VICTORIA,OTHER,10,10.0
98688,8,4,170,1,6,60.0,0,I,MELB_URBAN,STREET,11,20.0
98689,1,5,113,2,1,60.0,0,I,MELB_URBAN,ROAD,11,9.0
98690,2,3,100,2,1,40.0,0,I,LARGE_PROVINCIAL_CITIES,STREET,11,12.0
98691,1,4,99,2,1,60.0,0,I,MELB_URBAN,ROAD,11,10.0
98692,1,4,130,5,1,60.0,0,N,MELB_URBAN,ROAD,11,13.0
98693,1,4,130,1,1,70.0,0,I,MELB_URBAN,ROAD,11,8.0
98694,1,4,116,1,1,40.0,0,I,MELB_URBAN,STREET,11,15.0
98695,1,4,116,1,1,70.0,0,N,MELB_URBAN,ROAD,11,10.0
98696,1,4,121,1,1,40.0,0,I,MELB_URBAN,ROAD,11,15.0
98697,1,4,133,5,1,60.0,0,N,MELB_URBAN,STREET,11,6.0
98698,1,4,121,5,1,50.0,0,N,MELB_URBAN,STREET,11,14.0
98699,4,4,171,5,1,60.0,0,N,MELB_URBAN,ROAD,11,14.0
98700,1,4,116,2,1,60.0,0,I,SMALL_CITIES,STREET,11,17.0
98701,1,4,160,5,1,50.0,0,N,MELB_URBAN,STREET,11,16.0
98702,6,4,174,5,1,40.0,0,N,MELB_URBAN,ROAD,11,17.0
98703,1,4,163,5,1,40.0,0,N,MELBOURNE_CBD,STREET,11,17.0
98704,1,4,130,2,1,40.0,0,N,MELB_URBAN,STREET,11,15.0
98705,2,4,100,5,1,50.0,0,N,MELB_URBAN,STREET,11,17.0
98706,6,4,174,5,1,60.0,0,N,MELB_URBAN,STREET,11,18.0
98707,1,4,110,1,1,60.0,0,I,LARGE_PROVINCIAL_CITIES,STREET,11,18.0
98708,4,4,171,2,1,50.0,0,I,MELB_URBAN,BOULEVARD,11,16.0
98709,2,4,99,5,1,60.0,1,N,MELB_URBAN,STREET,11,18.0
98710,4,4,181,5,5,60.0,0,N,MELB_URBAN,ROAD,11,21.0
98711,1,3,110,1,2,80.0,0,I,RURAL_VICTORIA,ROAD,11,6.0
98712,4,4,171,2,5,100.0,0,I,RURAL_VICTORIA,ROAD,11,21.0
98713,1,4,135,2,3,70.0,0,I,MELB_URBAN,ROAD,11,23.0
98714,1,4,110,1,3,50.0,0,I,MELB_URBAN,STREET,11,20.0
98715,1,5,121,1,1,70.0,0,I,MELB_URBAN,ROAD,11,6.0
98716,1,4,120,5,1,60.0,0,N,MELB_URBAN,ROAD,11,13.0
98717,1,4,160,5,1,60.0,0,N,MELB_URBAN,ROAD,11,12.0
98718,1,3,113,1,1,100.0,0,I,RURAL_VICTORIA,HIGHWAY,11,16.0
98719,1,2,99,5,1,60.0,0,N,MELB_URBAN,STREET,11,11.0
98720,1,4,132,1,1,60.0,0,I,MELB_URBAN,ROAD,11,11.0
98721,1,2,99,5,1,60.0,0,N,MELB_URBAN,HIGHWAY,11,17.0
98722,4,5,173,5,1,50.0,0,N,SMALL_CITIES,ROAD,11,8.0
98723,1,5,110,1,1,60.0,0,I,LARGE_PROVINCIAL_CITIES,STREET,11,9.0
98724,1,5,121,2,1,40.0,0,I,MELB_URBAN,STREET,11,7.0
98725,1,2,110,5,1,50.0,0,N,SMALL_CITIES,STREET,11,14.0
98726,1,4,130,1,1,60.0,0,I,MELB_URBAN,ROAD,11,17.0
98727,1,4,160,5,1,50.0,0,N,MELB_URBAN,DRIVE,11,9.0
98728,1,5,130,1,1,70.0,0,N,MELB_URBAN,AVENUE,11,10.0
98729,1,5,121,1,1,60.0,0,I,MELB_URBAN,STREET,11,10.0
98730,1,5,121,2,1,60.0,0,I,MELB_URBAN,ROAD,11,7.0
98731,1,2,110,1,1,50.0,0,I,MELB_URBAN,STREET,11,14.0
98732,1,4,110,1,9,60.0,0,I,MELB_URBAN,DRIVE,11,7.0
98733,8,5,174,2,1,50.0,0,N,MELB_URBAN,STREET,11,11.0
98734,1,4,110,1,1,50.0,0,I,MELB_URBAN,ROAD,11,8.0
98735,1,5,110,1,1,60.0,0,I,RURAL_VICTORIA,ROAD,11,13.0
98736,2,4,102,5,1,40.0,0,N,MELB_URBAN,ROAD,11,16.0
98737,8,4,170,5,1,60.0,0,N,MELB_URBAN,ROAD,11,17.0
98738,1,5,130,5,1,80.0,0,N,MELB_URBAN,ROAD,11,16.0
98739,1,4,121,2,1,80.0,0,I,RURAL_VICTORIA,ROAD,11,18.0
98740,6,5,174,5,1,100.0,0,N,RURAL_VICTORIA,HIGHWAY,11,18.0
98741,2,5,100,5,1,40.0,0,N,MELB_URBAN,OTHER,11,15.0
98742,1,4,121,2,1,60.0,0,N,MELB_URBAN,ROAD,11,18.0
98743,1,3,111,1,1,60.0,0,I,MELB_URBAN,ROAD,11,16.0
98744,1,5,121,1,1,60.0,0,I,MELB_URBAN,STREET,11,14.0
98745,4,5,171,5,5,80.0,0,N,RURAL_VICTORIA,HIGHWAY,11,2.0
98746,1,5,160,5,1,60.0,0,N,MELB_URBAN,ROAD,11,18.0
98747,4,5,173,5,1,100.0,0,N,RURAL_VICTORIA,ROAD,11,6.0
98748,1,6,121,2,1,60.0,0,I,MELB_URBAN,STREET,11,8.0
98749,1,6,110,1,1,50.0,0,I,MELB_URBAN,ROAD,11,9.0
98750,1,6,121,1,1,30.0,0,I,MELB_URBAN,STREET,11,7.0
98751,1,6,99,2,1,40.0,0,I,MELB_URBAN,ROAD,11,9.0
98752,4,6,171,2,1,80.0,0,I,MELB_URBAN,ROAD,11,10.0
98753,1,6,110,1,1,80.0,0,I,MELB_URBAN,OTHER,11,7.0
98754,4,5,181,5,1,100.0,0,N,RURAL_VICTORIA,HIGHWAY,11,6.0
98755,4,6,171,5,1,60.0,0,N,MELB_URBAN,ROAD,11,11.0
98756,1,5,130,2,1,60.0,0,I,MELB_URBAN,STREET,11,12.0
98757,1,5,113,2,9,50.0,0,I,MELB_URBAN,STREET,11,18.0
98758,1,6,110,1,1,60.0,0,I,MELB_URBAN,ROAD,11,12.0
98759,4,5,183,5,2,60.0,0,N,MELB_URBAN,ROAD,11,19.0
98760,1,3,99,2,9,60.0,0,I,MELB_URBAN,HIGHWAY,11,8.0
98761,1,6,130,5,1,70.0,0,N,MELB_URBAN,ROAD,11,13.0
98762,1,6,121,2,1,40.0,0,I,MELB_URBAN,STREET,11,14.0
98763,1,6,120,5,1,70.0,0,N,MELB_URBAN,ROAD,11,9.0
98764,1,6,121,2,1,60.0,0,I,MELB_URBAN,ROAD,11,13.0
98765,1,6,110,1,1,100.0,0,I,RURAL_VICTORIA,ROAD,11,13.0
98766,4,6,171,5,1,100.0,0,N,RURAL_VICTORIA,ROAD,11,12.0
98767,1,5,130,2,1,60.0,0,I,MELB_URBAN,ROAD,11,15.0
98768,1,6,99,5,1,50.0,0,N,MELB_URBAN,ROAD,11,14.0
98769,1,6,121,2,1,60.0,0,I,SMALL_CITIES,STREET,11,15.0
98770,1,6,130,2,1,70.0,0,I,MELB_URBAN,ROAD,11,13.0
98771,1,6,130,5,1,60.0,0,N,MELB_URBAN,ROAD,11,16.0
98772,1,6,121,5,1,60.0,0,N,MELB_URBAN,PARADE,11,15.0
98773,4,5,171,5,1,100.0,0,N,RURAL_VICTORIA,HIGHWAY,11,15.0
98774,1,6,130,5,1,60.0,0,N,LARGE_PROVINCIAL_CITIES,AVENUE,11,12.0
98775,1,6,163,5,1,50.0,0,N,MELB_URBAN,STREET,11,18.0
98776,1,6,147,5,1,50.0,0,N,SMALL_TOWNS,ROAD,11,14.0
98777,1,3,99,2,1,40.0,0,I,MELB_URBAN,STREET,11,7.0
98778,1,6,134,5,1,80.0,0,N,MELB_URBAN,FREEWAY,11,17.0
98779,1,4,132,1,2,60.0,0,I,LARGE_PROVINCIAL_CITIES,STREET,11,19.0
98780,1,6,110,1,2,50.0,0,I,MELB_URBAN,STREET,11,18.0
98781,1,6,130,1,1,60.0,0,I,MELB_URBAN,ROAD,11,18.0
98782,1,6,121,2,1,60.0,0,I,MELB_URBAN,STREET,11,19.0
98783,1,5,99,2,3,60.0,0,I,MELB_URBAN,ROAD,11,21.0
98784,1,6,120,5,1,60.0,0,N,MELB_URBAN,ROAD,11,18.0
98785,1,6,111,1,3,80.0,0,I,MELB_URBAN,ROAD,11,21.0
98786,4,6,173,5,1,60.0,0,N,MELB_URBAN,ROAD,11,18.0
98787,7,5,99,5,9,50.0,0,N,SMALL_CITIES,STREET,11,10.0
98788,1,6,121,1,3,80.0,1,I,MELB_URBAN,HIGHWAY,11,23.0
98789,4,6,171,1,3,60.0,0,I,MELB_URBAN,FREEWAY,12,1.0
98790,4,5,173,5,1,80.0,0,N,SMALL_CITIES,HIGHWAY,11,9.0
98791,1,6,99,5,1,50.0,0,N,MELB_URBAN,AVENUE,12,6.0
98792,1,7,110,1,1,70.0,0,I,TOWNS,HIGHWAY,12,6.0
98793,1,7,133,2,1,70.0,0,N,MELB_URBAN,OTHER,12,9.0
98794,6,7,184,5,1,80.0,0,N,RURAL_VICTORIA,ROAD,12,9.0
98795,4,1,171,5,3,80.0,0,N,MELB_URBAN,ROAD,11,22.0
98796,1,7,116,1,1,100.0,0,I,RURAL_VICTORIA,HIGHWAY,12,12.0
98797,4,6,99,5,1,50.0,0,N,MELB_URBAN,PARADE,12,9.0
98798,1,7,121,2,1,60.0,0,I,LARGE_PROVINCIAL_CITIES,ROAD,12,10.0
98799,1,7,120,5,1,80.0,0,N,RURAL_VICTORIA,ROAD,12,10.0
98800,1,7,120,5,1,80.0,0,N,SMALL_TOWNS,ROAD,12,9.0
98801,1,5,130,5,1,80.0,0,N,MELB_URBAN,HIGHWAY,3,12.0
98802,1,7,120,5,1,60.0,0,N,MELB_URBAN,ROAD,12,12.0
98803,1,7,121,2,1,50.0,0,I,MELB_URBAN,BOULEVARD,12,12.0
98804,1,6,121,5,1,40.0,0,O,MELB_URBAN,UNKNOWN,12,14.0
98805,1,7,130,5,1,60.0,0,N,MELB_URBAN,STREET,12,12.0
98806,1,6,99,2,1,70.0,0,I,LARGE_PROVINCIAL_CITIES,HIGHWAY,11,10.0
98807,1,7,113,2,1,60.0,0,I,MELB_URBAN,ROAD,12,13.0
98808,8,7,99,5,1,100.0,0,N,RURAL_VICTORIA,ROAD,12,13.0
98809,4,7,183,5,1,80.0,0,N,RURAL_VICTORIA,ROAD,12,12.0
98810,1,7,130,5,1,80.0,0,N,TOWNS,ROAD,12,16.0
98811,1,7,121,1,1,60.0,0,I,MELB_URBAN,STREET,12,18.0
98812,1,7,113,2,1,60.0,0,I,MELB_URBAN,ROAD,12,7.0
98813,1,7,99,5,9,60.0,0,N,MELB_URBAN,AVENUE,12,17.0
98814,2,6,99,5,1,40.0,0,N,MELB_URBAN,ROAD,12,17.0
98815,1,7,121,1,3,60.0,0,I,MELB_URBAN,STREET,12,22.0
98816,1,7,130,5,1,70.0,0,N,MELB_URBAN,ROAD,12,17.0
98817,1,7,130,5,3,80.0,0,N,MELB_URBAN,ROAD,12,21.0
98818,1,1,130,5,5,100.0,0,N,MELB_URBAN,ROAD,12,1.0
98819,4,1,171,2,3,50.0,0,N,MELB_URBAN,STREET,12,0.0
98820,2,1,102,1,3,80.0,0,I,MELB_URBAN,ROAD,12,2.0
98821,8,7,170,5,5,100.0,0,N,RURAL_VICTORIA,AVENUE,12,23.0
98822,1,1,110,1,3,60.0,0,I,SMALL_CITIES,AVENUE,12,1.0
98823,3,1,167,5,1,80.0,0,N,RURAL_VICTORIA,ROAD,12,7.0
98824,4,1,171,5,1,70.0,0,N,RURAL_VICTORIA,ROAD,12,10.0
98825,1,1,110,1,1,60.0,0,I,MELB_URBAN,STREET,12,8.0
98826,1,7,130,2,1,80.0,0,I,MELB_URBAN,ROAD,12,17.0
98827,1,1,99,5,1,60.0,0,N,MELB_URBAN,STREET,12,12.0
98828,1,1,120,5,1,100.0,0,N,RURAL_VICTORIA,ROAD,12,11.0
98829,1,1,130,5,1,50.0,1,N,MELB_URBAN,STREET,12,11.0
98830,2,1,102,5,1,50.0,0,N,MELB_URBAN,STREET,12,14.0