,accident_type,day_of_week,dca_code,road_geometry,light_condition,speed_zone,severity,node_type,deg_urban_name,road_type,month,hour
98831,1,7,121,1,1,60.0,0,I,LARGE_PROVINCIAL_CITIES,STREET,12,18.0
98832,1,1,130,2,1,70.0,0,I,MELB_URBAN,ROAD,12,15.0
98833,1,1,121,5,1,80.0,0,N,MELB_URBAN,ROAD,12,19.0
98834,2,0,102,1,1,50.0,0,I,MELB_URBAN,UNKNOWN,12,15.0
98835,1,0,120,5,1,60.0,0,N,RURAL_VICTORIA,ROAD,12,15.0
98836,1,1,110,1,2,50.0,0,I,LARGE_PROVINCIAL_CITIES,AVENUE,12,18.0
98837,1,5,121,2,1,60.0,0,I,MELB_URBAN,ROAD,11,15.0
98838,3,1,167,5,5,100.0,0,N,RURAL_VICTORIA,HIGHWAY,12,22.0
98839,1,1,121,2,3,60.0,0,I,MELB_URBAN,ROAD,12,22.0
98840,1,1,99,5,5,50.0,0,N,SMALL_TOWNS,ROAD,12,20.0
98841,1,1,133,5,3,40.0,0,N,MELB_URBAN,ROAD,12,23.0
98842,1,1,147,5,3,70.0,0,N,LARGE_PROVINCIAL_CITIES,ROAD,12,23.0
98843,4,0,183,5,6,60.0,0,N,MELB_URBAN,ROAD,12,23.0
98844,1,1,110,1,3,60.0,0,I,MELB_URBAN,ROAD,12,22.0
98845,4,2,173,5,2,70.0,0,N,RURAL_VICTORIA,HIGHWAY,12,5.0
98846,1,2,121,2,1,80.0,0,I,RURAL_VICTORIA,ROAD,12,7.0
98847,1,7,121,1,1,60.0,0,I,MELB_URBAN,ROAD,12,19.0
98848,1,2,113,2,1,100.0,0,I,RURAL_VICTORIA,HIGHWAY,12,8.0
98849,1,1,110,1,3,60.0,0,I,MELB_URBAN,ROAD,12,4.0
98850,1,2,120,5,1,60.0,0,N,SMALL_CITIES,STREET,12,10.0
98851,1,1,135,5,1,70.0,0,N,MELB_URBAN,HIGHWAY,10,10.0
98852,1,2,160,5,1,60.0,0,N,RURAL_VICTORIA,ROAD,10,12.0
98853,4,2,171,5,1,100.0,0,N,RURAL_VICTORIA,ROAD,12,9.0
98854,6,5,174,2,2,60.0,0,I,LARGE_PROVINCIAL_CITIES,ROAD,11,19.0
98855,6,6,174,2,9,50.0,0,I,MELB_URBAN,AVENUE,11,18.0
98856,1,2,132,5,1,100.0,0,N,RURAL_VICTORIA,ROAD,12,8.0
98857,1,2,121,5,1,50.0,0,N,TOWNS,STREET,12,9.0
98858,1,6,120,5,1,80.0,0,N,RURAL_VICTORIA,ROAD,11,6.0
98859,4,2,173,5,1,60.0,0,N,LARGE_PROVINCIAL_CITIES,STREET,12,11.0
98860,1,5,110,1,1,80.0,0,I,MELB_URBAN,ROAD,11,19.0
98861,2,2,102,1,1,60.0,0,I,MELB_URBAN,STREET,12,8.0
98862,2,2,99,2,1,40.0,0,N,MELB_URBAN,AVENUE,12,13.0
98863,1,2,111,2,1,60.0,0,I,LARGE_PROVINCIAL_CITIES,ROAD,12,13.0
98864,1,2,130,2,1,60.0,0,I,SMALL_CITIES,HIGHWAY,12,14.0
98865,1,2,121,5,1,80.0,0,N,RURAL_VICTORIA,ROAD,12,10.0
98866,1,6,130,1,1,40.0,0,I,MELB_URBAN,STREET,11,11.0
98867,1,4,130,5,1,50.0,0,N,LARGE_PROVINCIAL_CITIES,ROAD,11,12.0
98868,4,2,171,5,1,100.0,0,N,RURAL_VICTORIA,ROAD,12,10.0
98869,1,1,121,2,3,60.0,0,I,MELB_URBAN,ROAD,12,21.0
98870,1,2,113,2,1,30.0,0,I,MELB_URBAN,STREET,12,15.0
98871,1,2,135,5,9,40.0,0,N,MELB_URBAN,ROAD,12,15.0
98872,1,2,147,5,1,60.0,0,N,MELB_URBAN,ROAD,12,16.0
98873,1,2,133,5,1,80.0,0,N,MELB_URBAN,HIGHWAY,12,17.0
98874,1,1,113,2,1,60.0,0,I,MELB_URBAN,ROAD,12,19.0
98875,1,2,113,2,2,70.0,0,N,RURAL_VICTORIA,ROAD,12,19.0
98876,2,7,99,5,9,60.0,0,I,RURAL_VICTORIA,ROAD,9,9.0
98877,1,2,99,5,3,60.0,0,N,MELB_URBAN,ROAD,12,20.0
98878,4,1,171,5,5,100.0,0,N,RURAL_VICTORIA,ROAD,12,23.0
98879,1,7,130,5,1,70.0,0,N,MELB_URBAN,ROAD,11,19.0
98880,1,3,110,1,3,40.0,0,I,MELBOURNE_CBD,STREET,12,3.0
98881,1,1,130,5,1,50.0,0,N,MELB_URBAN,AVENUE,12,13.0
98882,1,2,130,5,1,100.0,0,N,MELB_URBAN,FREEWAY,12,17.0
98883,1,2,121,2,1,80.0,0,I,MELB_URBAN,ROAD,12,13.0
98884,1,1,99,5,1,60.0,0,N,MELB_URBAN,ROAD,12,16.0
98885,1,4,130,5,1,70.0,0,N,MELB_URBAN,ROAD,11,12.0
98886,1,3,99,5,1,40.0,0,N,MELB_URBAN,STREET,12,10.0
98887,1,4,130,1,6,60.0,0,I,MELB_URBAN,ROAD,11,22.0
98888,1,3,130,5,1,60.0,0,N,RURAL_VICTORIA,ROAD,11,13.0
98889,1,2,113,2,1,50.0,0,I,SMALL_CITIES,STREET,12,10.0
98890,2,3,102,5,1,50.0,0,N,MELB_URBAN,ROAD,12,13.0
98891,8,2,170,5,1,60.0,0,N,SMALL_CITIES,ROAD,12,13.0
98892,1,3,120,5,1,50.0,0,N,LARGE_PROVINCIAL_CITIES,STREET,12,8.0
98893,1,3,99,5,1,50.0,0,N,MELB_URBAN,STREET,12,13.0
98894,1,3,133,5,1,50.0,0,N,MELB_URBAN,OTHER,12,14.0
98895,1,3,120,5,1,50.0,0,N,MELB_URBAN,PARADE,12,15.0
98896,1,1,130,2,1,50.0,0,I,MELB_URBAN,DRIVE,12,16.0
98897,1,3,121,1,1,60.0,0,I,MELB_URBAN,HIGHWAY,12,16.0
98898,1,3,121,2,1,80.0,0,N,MELB_URBAN,HIGHWAY,12,16.0
98899,4,0,183,5,1,60.0,0,N,RURAL_VICTORIA,ROAD,12,12.0
98900,1,6,99,5,1,70.0,0,N,MELB_URBAN,HIGHWAY,12,17.0
98901,1,3,121,2,1,60.0,0,I,MELB_URBAN,BOULEVARD,12,18.0
98902,1,2,110,1,1,50.0,0,I,LARGE_PROVINCIAL_CITIES,AVENUE,12,16.0
98903,1,3,133,1,1,60.0,0,I,MELB_URBAN,STREET,12,11.0
98904,2,3,100,5,2,60.0,0,N,MELB_URBAN,ROAD,12,19.0
98905,1,3,111,2,1,40.0,0,I,MELB_URBAN,STREET,12,17.0
98906,1,3,130,5,1,70.0,0,N,MELB_URBAN,HIGHWAY,11,17.0
98907,1,3,120,5,1,100.0,0,N,RURAL_VICTORIA,ROAD,12,17.0
98908,1,3,99,2,1,50.0,0,I,MELB_URBAN,OTHER,12,16.0
98909,1,3,113,2,1,80.0,0,I,MELB_URBAN,ROAD,12,15.0
98910,1,3,130,5,1,100.0,1,N,RURAL_VICTORIA,ROAD,12,18.0
98911,1,3,116,2,2,50.0,0,I,MELB_URBAN,ROAD,12,18.0
98912,2,3,99,5,1,50.0,0,N,MELB_URBAN,STREET,12,16.0
98913,2,3,102,1,3,60.0,0,I,MELB_URBAN,STREET,12,21.0
98914,1,3,130,5,1,110.0,0,N,RURAL_VICTORIA,FREEWAY,12,6.0
98915,6,4,184,5,1,100.0,0,N,RURAL_VICTORIA,ROAD,11,10.0
98916,1,3,110,1,2,60.0,0,I,MELB_URBAN,AVENUE,12,5.0
98917,1,1,113,2,1,60.0,0,I,TOWNS,STREET,12,10.0
98918,1,5,99,5,1,40.0,0,N,SMALL_TOWNS,STREET,11,8.0
98919,1,4,134,5,1,60.0,0,N,MELB_URBAN,ROAD,12,8.0
98920,1,3,135,2,1,60.0,0,I,MELB_URBAN,STREET,12,8.0
98921,1,3,121,2,1,60.0,0,I,MELB_URBAN,ROAD,12,14.0
98922,1,1,121,2,9,70.0,0,I,LARGE_PROVINCIAL_CITIES,OTHER,11,19.0
98923,1,4,121,2,1,40.0,0,I,MELB_URBAN,ROAD,12,7.0
98924,1,4,110,5,1,40.0,0,I,MELB_URBAN,OTHER,12,9.0
98925,4,3,171,5,1,100.0,0,N,RURAL_VICTORIA,ROAD,12,9.0
98926,1,5,110,1,9,60.0,0,I,MELBOURNE_CBD,STREET,11,15.0
98927,1,1,130,5,9,80.0,0,N,MELB_URBAN,ROAD,11,17.0
98928,8,4,99,1,1,40.0,0,I,MELB_URBAN,STREET,12,9.0
98929,1,7,110,1,1,50.0,0,I,MELB_URBAN,STREET,9,12.0
98930,1,4,121,2,1,60.0,0,I,MELB_URBAN,STREET,12,14.0
98931,1,4,113,2,1,80.0,0,I,RURAL_VICTORIA,HIGHWAY,12,12.0
98932,1,5,130,5,1,80.0,0,N,MELB_URBAN,ROAD,11,17.0
98933,8,4,174,5,1,50.0,0,N,SMALL_CITIES,ROAD,12,14.0
98934,1,4,99,1,1,70.0,0,I,SMALL_CITIES,ROAD,11,16.0
98935,1,4,111,2,1,80.0,0,I,MELB_URBAN,HIGHWAY,12,18.0
98936,4,4,171,1,1,60.0,0,I,SMALL_CITIES,AVENUE,12,18.0
98937,1,4,135,5,1,100.0,0,N,MELB_URBAN,ROAD,12,17.0
98938,1,4,99,2,1,60.0,0,I,MELB_URBAN,ROAD,12,12.0
98939,1,4,130,2,1,60.0,0,I,LARGE_PROVINCIAL_CITIES,ROAD,12,16.0
98940,1,3,130,5,1,70.0,0,N,MELB_URBAN,HIGHWAY,12,17.0
98941,1,4,130,2,1,80.0,0,N,MELB_URBAN,ROAD,12,16.0
98942,1,4,121,2,1,60.0,0,I,MELB_URBAN,STREET,12,17.0
98943,1,4,121,2,4,50.0,0,I,MELB_URBAN,ROAD,12,20.0
98944,1,4,130,1,3,60.0,0,I,MELB_URBAN,STREET,12,21.0
98945,4,3,171,5,1,100.0,0,N,RURAL_VICTORIA,ROAD,12,18.0
98946,1,4,130,5,3,80.0,0,N,MELB_URBAN,ROAD,12,21.0
98947,4,3,171,2,3,60.0,0,I,MELB_URBAN,ROAD,12,22.0
98948,1,4,121,1,9,60.0,0,I,MELB_URBAN,ROAD,12,21.0
98949,1,4,130,5,3,70.0,0,N,MELB_URBAN,ROAD,12,22.0
98950,1,4,130,5,3,40.0,0,N,MELB_URBAN,ROAD,12,22.0
98951,2,5,100,2,3,60.0,0,I,MELB_URBAN,STREET,12,1.0
98952,1,4,140,2,3,80.0,0,I,MELB_URBAN,AVENUE,12,22.0
98953,1,3,130,5,1,80.0,0,N,MELB_URBAN,RAMP,12,11.0
98954,1,2,130,2,3,60.0,0,I,MELB_URBAN,ROAD,11,20.0
98955,1,5,110,1,1,60.0,0,I,MELB_URBAN,ROAD,12,6.0
98956,1,4,99,2,1,50.0,0,I,MELB_URBAN,PARADE,12,7.0
98957,1,4,113,2,1,60.0,0,I,MELB_URBAN,BOULEVARD,12,16.0
98958,4,5,173,5,5,100.0,0,N,RURAL_VICTORIA,ROAD,12,4.0
98959,2,4,99,5,1,50.0,0,N,SMALL_CITIES,ROAD,12,12.0
98960,1,5,99,2,1,60.0,0,N,MELB_URBAN,STREET,12,8.0
98961,2,5,100,1,1,60.0,0,I,MELB_URBAN,STREET,12,8.0
98962,6,4,99,5,1,50.0,0,N,MELB_URBAN,OTHER,12,8.0
98963,1,4,130,5,1,40.0,0,N,RURAL_VICTORIA,HIGHWAY,12,8.0
98964,8,4,174,1,1,40.0,0,I,MELB_URBAN,STREET,12,17.0
98965,4,4,173,5,6,50.0,0,N,MELB_URBAN,DRIVE,12,0.0
98966,1,5,140,2,1,60.0,0,I,MELB_URBAN,ROAD,12,10.0
98967,1,4,113,1,1,60.0,0,I,MELB_URBAN,STREET,12,11.0
98968,2,5,99,5,1,60.0,0,N,MELB_URBAN,STREET,12,9.0
98969,1,4,113,2,1,50.0,0,I,MELB_URBAN,STREET,12,9.0
98970,1,5,140,2,1,50.0,0,I,MELB_URBAN,ROAD,12,11.0
98971,8,5,140,5,1,60.0,0,N,MELB_URBAN,ROAD,12,13.0
98972,4,7,99,5,5,100.0,0,N,RURAL_VICTORIA,ROAD,12,23.0
98973,1,5,140,5,1,60.0,0,N,MELB_URBAN,HIGHWAY,12,11.0
98974,1,5,116,2,1,70.0,0,I,MELB_URBAN,ROAD,12,8.0
98975,1,1,160,5,3,50.0,0,N,LARGE_PROVINCIAL_CITIES,STREET,12,1.0
98976,1,4,110,1,1,60.0,0,I,LARGE_PROVINCIAL_CITIES,DRIVE,9,12.0
98977,4,5,173,5,3,50.0,0,N,MELB_URBAN,AVENUE,12,1.0
98978,1,5,160,5,1,50.0,0,N,MELB_URBAN,DRIVE,12,14.0
98979,1,4,140,2,1,60.0,0,N,LARGE_PROVINCIAL_CITIES,ROAD,12,10.0
98980,1,5,99,5,1,80.0,0,N,MELB_URBAN,ROAD,12,13.0
98981,1,1,133,1,1,60.0,0,I,MELB_URBAN,ROAD,10,8.0
98982,6,5,99,5,1,80.0,0,N,MELB_URBAN,OTHER,12,17.0
98983,1,5,111,2,1,50.0,0,I,MELB_URBAN,ROAD,12,16.0
98984,1,5,121,2,1,60.0,0,I,MELB_URBAN,PARADE,12,16.0
98985,1,5,130,5,1,70.0,0,N,RURAL_VICTORIA,STREET,12,15.0
98986,1,4,99,5,1,60.0,0,N,MELB_URBAN,ROAD,12,18.0
98987,1,4,135,5,1,100.0,0,N,MELB_URBAN,FREEWAY,12,16.0
98988,1,3,130,1,9,60.0,0,I,MELB_URBAN,STREET,12,18.0
98989,1,5,110,5,1,60.0,0,N,MELB_URBAN,ROAD,12,19.0
98990,4,5,173,5,1,80.0,0,N,MELB_URBAN,ROAD,12,15.0
98991,1,5,110,1,2,60.0,0,I,MELB_URBAN,STREET,12,19.0
98992,1,5,99,1,1,60.0,0,I,MELB_URBAN,BOULEVARD,12,15.0
98993,1,5,130,2,1,70.0,0,I,MELB_URBAN,ROAD,12,19.0
98994,4,5,171,5,5,100.0,0,N,RURAL_VICTORIA,ROAD,12,21.0
98995,1,4,130,5,5,110.0,0,N,RURAL_VICTORIA,FREEWAY,12,3.0
98996,1,5,130,5,1,60.0,0,N,LARGE_PROVINCIAL_CITIES,STREET,12,15.0
98997,8,5,99,5,5,100.0,0,N,MELB_URBAN,FREEWAY,12,4.0
98998,1,5,163,5,1,40.0,0,N,MELBOURNE_CBD,STREET,12,14.0
98999,1,7,121,2,1,60.0,0,I,MELB_URBAN,STREET,11,13.0
99000,1,6,130,5,1,60.0,0,N,MELB_URBAN,ROAD,12,8.0
99001,2,6,100,2,1,50.0,0,I,MELB_URBAN,STREET,12,8.0
99002,2,6,102,5,1,50.0,0,N,MELB_URBAN,ROAD,12,9.0
99003,2,5,100,2,1,50.0,0,I,MELB_URBAN,ROAD,12,9.0
99004,1,6,130,5,1,80.0,0,N,MELB_URBAN,HIGHWAY,12,8.0
99005,1,3,120,5,1,100.0,0,N,RURAL_VICTORIA,ROAD,12,19.0
99006,1,6,111,2,1,60.0,0,I,MELB_URBAN,ROAD,12,10.0
99007,1,6,99,2,1,50.0,0,N,SMALL_CITIES,DRIVE,12,10.0
99008,4,6,173,5,1,80.0,0,N,RURAL_VICTORIA,ROAD,12,7.0
99009,1,6,121,2,2,60.0,0,I,MELB_URBAN,ROAD,12,7.0
99010,1,6,99,1,1,60.0,0,I,MELB_URBAN,DRIVE,12,10.0
99011,1,5,110,1,1,50.0,0,I,MELB_URBAN,ROAD,12,9.0
99012,1,6,121,2,1,100.0,0,I,RURAL_VICTORIA,OTHER,12,8.0
99013,1,6,130,5,1,30.0,0,N,SMALL_CITIES,STREET,11,16.0
99014,1,6,99,2,1,60.0,0,N,MELB_URBAN,ROAD,12,9.0
99015,1,6,120,5,1,80.0,0,N,RURAL_VICTORIA,ROAD,12,8.0
99016,1,6,130,2,1,50.0,0,I,MELB_URBAN,STREET,12,12.0
99017,1,5,130,5,1,60.0,0,N,MELB_URBAN,ROAD,12,9.0
99018,1,6,133,5,1,110.0,0,N,RURAL_VICTORIA,FREEWAY,12,12.0
99019,8,5,99,5,1,50.0,0,N,MELB_URBAN,ROAD,12,11.0
99020,1,3,111,2,1,60.0,0,I,MELB_URBAN,ROAD,12,18.0
99021,1,6,120,5,1,100.0,0,N,RURAL_VICTORIA,ROAD,12,13.0
99022,1,7,130,1,1,60.0,0,I,MELB_URBAN,STREET,12,11.0
99023,1,6,130,5,1,70.0,0,N,MELB_URBAN,ROAD,12,17.0
99024,1,6,130,1,1,80.0,0,I,MELB_URBAN,HIGHWAY,12,17.0
99025,8,6,99,1,1,40.0,0,I,MELBOURNE_CBD,STREET,12,15.0
99026,1,6,99,5,1,60.0,0,N,MELB_URBAN,ROAD,12,17.0
99027,1,6,130,5,9,60.0,0,N,MELB_URBAN,ROAD,11,14.0
99028,1,6,99,1,1,60.0,0,I,MELB_URBAN,ROAD,12,18.0
99029,1,6,147,5,1,60.0,0,N,TOWNS,STREET,12,18.0
99030,1,6,163,5,2,40.0,0,N,MELB_URBAN,STREET,12,19.0
99031,4,5,181,5,1,50.0,0,N,RURAL_VICTORIA,ROAD,12,15.0
99032,1,5,110,1,1,80.0,0,I,MELB_URBAN,ROAD,12,12.0
99033,2,6,102,2,3,50.0,0,I,MELB_URBAN,STREET,12,21.0
99034,4,6,181,5,1,60.0,0,N,MELB_URBAN,DRIVE,12,18.0
99035,1,6,113,2,1,80.0,0,I,MELB_URBAN,ROAD,12,15.0
99036,1,6,173,5,1,80.0,0,N,MELB_URBAN,FREEWAY,12,14.0
99037,1,6,121,1,3,70.0,0,I,MELB_URBAN,DRIVE,12,21.0
99038,1,6,134,5,3,60.0,0,N,MELBOURNE_CBD,STREET,12,22.0
99039,1,6,120,5,3,60.0,0,N,MELB_URBAN,ROAD,12,22.0
99040,4,7,183,5,5,100.0,0,N,RURAL_VICTORIA,ROAD,12,1.0
99041,4,7,171,5,3,80.0,0,N,MELB_URBAN,ROAD,12,3.0
99042,4,7,99,1,2,70.0,0,I,MELB_URBAN,ROAD,12,5.0
99043,1,6,133,5,1,50.0,0,N,MELB_URBAN,ROAD,12,11.0
99044,1,7,121,1,1,60.0,0,I,MELB_URBAN,ROAD,12,8.0
99045,1,7,121,1,3,80.0,0,I,MELB_URBAN,HIGHWAY,11,0.0
99046,1,7,130,5,1,60.0,0,N,RURAL_VICTORIA,ROAD,12,8.0
99047,1,7,130,2,1,80.0,0,I,RURAL_VICTORIA,HIGHWAY,12,10.0
99048,1,4,130,1,9,60.0,0,N,MELB_URBAN,HIGHWAY,12,10.0
99049,5,6,171,5,1,60.0,0,N,MELB_URBAN,HIGHWAY,12,8.0
99050,1,7,134,5,1,60.0,0,N,MELB_URBAN,ROAD,12,11.0
99051,1,5,133,5,1,60.0,0,N,MELB_URBAN,UNKNOWN,12,11.0
99052,7,7,184,5,1,100.0,0,N,RURAL_VICTORIA,ROAD,12,6.0
99053,1,7,134,2,1,60.0,0,I,MELB_URBAN,ROAD,12,15.0
99054,1,7,121,2,1,60.0,0,I,MELB_URBAN,ROAD,12,12.0
99055,1,6,99,1,1,50.0,0,I,SMALL_CITIES,STREET,12,15.0
99056,4,6,171,5,1,110.0,0,N,RURAL_VICTORIA,FREEWAY,12,12.0
99057,1,7,130,1,1,80.0,0,I,MELB_URBAN,ROAD,12,14.0
99058,4,7,171,5,1,70.0,0,N,RURAL_VICTORIA,ROAD,12,13.0
99059,3,7,167,5,1,100.0,0,N,RURAL_VICTORIA,ROAD,12,16.0
99060,1,7,99,2,1,50.0,0,I,MELB_URBAN,ROAD,12,17.0
99061,1,6,111,1,1,60.0,0,N,MELB_URBAN,ROAD,12,17.0
99062,1,7,130,1,1,60.0,0,I,MELB_URBAN,ROAD,12,15.0
99063,4,7,99,5,1,80.0,0,N,RURAL_VICTORIA,ROAD,12,18.0
99064,3,7,167,2,5,100.0,0,I,RURAL_VICTORIA,ROAD,12,21.0
99065,6,6,99,5,1,60.0,0,N,RURAL_VICTORIA,ROAD,11,12.0
99066,1,6,113,2,3,80.0,0,I,MELB_URBAN,RAMP,12,23.0
99067,4,1,171,5,3,60.0,0,N,MELB_URBAN,ROAD,12,1.0
99068,1,1,160,5,3,40.0,0,N,MELB_URBAN,STREET,12,0.0
99069,4,0,173,5,3,60.0,0,N,MELB_URBAN,DRIVE,12,1.0
99070,1,4,130,5,1,50.0,0,N,MELB_URBAN,STREET,11,7.0
99071,6,1,174,2,1,50.0,0,I,TOWNS,STREET,12,7.0
99072,1,7,110,1,1,80.0,0,I,SMALL_TOWNS,STREET,12,16.0
99073,2,4,99,2,1,60.0,0,I,MELB_URBAN,STREET,12,8.0
99074,4,1,173,5,1,80.0,0,N,MELB_URBAN,HIGHWAY,12,8.0
99075,6,7,170,5,1,100.0,0,N,RURAL_VICTORIA,ROAD,12,18.0
99076,1,0,160,5,1,60.0,0,N,MELB_URBAN,STREET,12,10.0
99077,1,1,121,5,1,40.0,0,N,TOWNS,STREET,12,11.0
99078,1,1,121,1,1,60.0,0,I,MELB_URBAN,STREET,12,11.0
99079,6,0,184,5,1,100.0,0,N,RURAL_VICTORIA,ROAD,12,11.0
99080,4,1,181,5,1,50.0,0,N,MELB_URBAN,OTHER,12,12.0
99081,1,0,110,1,1,50.0,0,I,LARGE_PROVINCIAL_CITIES,STREET,12,7.0
99082,1,0,133,5,1,50.0,0,N,SMALL_CITIES,ROAD,12,11.0
99083,1,0,110,1,1,50.0,0,I,TOWNS,STREET,12,14.0
99084,6,1,184,5,1,80.0,0,N,RURAL_VICTORIA,ROAD,12,7.0
99085,1,1,120,5,5,100.0,1,N,RURAL_VICTORIA,HIGHWAY,12,4.0
99086,1,4,99,2,1,60.0,0,I,MELB_URBAN,ROAD,12,17.0
99087,1,1,133,5,1,100.0,0,N,RURAL_VICTORIA,HIGHWAY,12,14.0
99088,1,1,135,5,1,60.0,0,N,MELB_URBAN,ROAD,12,9.0
99089,1,1,132,5,1,50.0,0,N,MELB_URBAN,ROAD,12,7.0
99090,4,0,171,5,1,60.0,0,N,MELB_URBAN,ROAD,12,15.0
99091,1,1,147,5,1,80.0,0,N,MELB_URBAN,ROAD,12,16.0
99092,6,1,99,5,1,100.0,0,N,RURAL_VICTORIA,ROAD,12,15.0
99093,1,1,130,5,1,60.0,0,N,MELB_URBAN,ROAD,12,15.0
99094,1,3,130,2,2,60.0,0,I,MELB_URBAN,STREET,12,6.0
99095,1,1,110,1,3,50.0,0,I,MELB_URBAN,ROAD,12,21.0
99096,1,0,140,1,3,60.0,0,I,TOWNS,STREET,12,20.0
99097,4,1,173,5,1,100.0,0,N,RURAL_VICTORIA,ROAD,10,17.0
99098,4,0,171,1,3,60.0,0,I,MELB_URBAN,ROAD,12,23.0
99099,1,7,130,5,5,60.0,0,N,RURAL_VICTORIA,HIGHWAY,12,23.0
99100,2,2,100,1,1,40.0,0,I,LARGE_PROVINCIAL_CITIES,STREET,12,8.0
99101,2,2,99,5,1,50.0,0,N,MELB_URBAN,ROAD,12,7.0
99102,1,2,135,5,1,60.0,0,N,MELB_URBAN,STREET,12,8.0
99103,1,2,130,5,1,60.0,0,N,MELB_URBAN,ROAD,12,7.0
99104,1,5,99,5,3,50.0,0,N,TOWNS,ROAD,9,20.0
99105,6,1,170,5,2,100.0,0,N,RURAL_VICTORIA,ROAD,12,5.0
99106,2,7,99,5,3,50.0,0,N,MELB_URBAN,STREET,12,19.0
99107,2,2,102,5,1,60.0,0,N,MELB_URBAN,ROAD,12,8.0
99108,1,2,121,5,1,60.0,0,N,MELB_URBAN,ROAD,12,9.0
99109,4,2,183,5,1,50.0,0,N,MELB_URBAN,HIGHWAY,12,9.0
99110,1,3,99,2,9,50.0,0,I,SMALL_CITIES,DRIVE,11,18.0
99111,2,1,102,5,1,40.0,0,N,MELBOURNE_CBD,STREET,12,12.0
99112,1,2,121,2,1,100.0,0,I,RURAL_VICTORIA,HIGHWAY,12,10.0
99113,1,2,99,2,1,40.0,0,I,MELBOURNE_CBD,STREET,12,8.0
99114,1,3,130,5,1,60.0,0,N,MELB_URBAN,ROAD,12,16.0
99115,1,1,113,1,1,60.0,0,I,MELB_URBAN,ROAD,12,18.0
99116,1,2,132,2,1,60.0,0,I,MELB_URBAN,ROAD,12,13.0
99117,1,2,120,5,1,100.0,0,N,RURAL_VICTORIA,DRIVE,12,13.0
99118,1,2,160,5,1,50.0,0,N,LARGE_PROVINCIAL_CITIES,STREET,12,14.0
99119,2,2,100,5,1,60.0,0,N,MELB_URBAN,DRIVE,12,16.0
99120,1,2,99,5,1,50.0,0,N,MELB_URBAN,OTHER,12,11.0
99121,2,2,100,2,1,40.0,0,I,MELB_URBAN,STREET,12,15.0
99122,1,2,113,2,1,60.0,0,I,MELB_URBAN,ROAD,12,16.0
99123,1,2,130,2,1,100.0,0,I,MELB_URBAN,FREEWAY,12,17.0
99124,1,6,147,5,9,60.0,0,N,MELB_URBAN,ROAD,12,8.0
99125,1,2,133,5,1,60.0,0,N,MELB_URBAN,ROAD,12,19.0
99126,4,1,171,5,1,60.0,0,N,MELB_URBAN,STREET,12,17.0
99127,1,2,99,5,1,50.0,0,N,MELB_URBAN,AVENUE,12,17.0
99128,1,2,130,2,9,60.0,0,I,LARGE_PROVINCIAL_CITIES,STREET,12,16.0
99129,1,2,130,5,1,70.0,0,N,SMALL_CITIES,STREET,12,18.0
99130,2,1,99,5,2,40.0,0,N,MELB_URBAN,STREET,12,18.0
99131,1,2,113,2,1,60.0,0,I,MELB_URBAN,STREET,12,18.0
99132,1,1,110,1,1,40.0,0,I,SMALL_CITIES,STREET,12,16.0
99133,1,2,134,5,3,40.0,0,N,MELBOURNE_CBD,STREET,12,21.0
99134,1,2,130,5,1,60.0,0,N,RURAL_VICTORIA,FREEWAY,12,6.0
99135,6,2,99,5,3,70.0,0,N,MELB_URBAN,ROAD,12,21.0
99136,1,2,130,5,1,80.0,0,N,MELB_URBAN,RAMP,12,18.0
99137,1,3,130,5,1,80.0,0,N,MELB_URBAN,RAMP,8,8.0
99138,1,3,113,2,1,40.0,0,I,MELB_URBAN,STREET,12,6.0
99139,1,5,140,1,2,40.0,0,I,MELB_URBAN,STREET,11,20.0
99140,1,2,99,2,1,50.0,0,N,MELB_URBAN,STREET,12,17.0
99141,1,2,130,5,1,110.0,0,N,SMALL_CITIES,FREEWAY,12,8.0
99142,1,7,130,1,1,70.0,0,I,MELB_URBAN,STREET,12,13.0
99143,1,2,121,5,1,60.0,0,N,MELB_URBAN,ROAD,12,11.0
99144,1,2,130,1,1,60.0,0,I,RURAL_VICTORIA,ROAD,12,17.0
99145,1,5,121,1,3,80.0,0,I,MELB_URBAN,HIGHWAY,12,1.0
99146,4,6,181,5,1,100.0,0,N,RURAL_VICTORIA,OTHER,10,11.0
99147,3,2,167,5,5,100.0,0,N,RURAL_VICTORIA,ROAD,12,23.0
99148,1,1,133,2,2,40.0,0,N,MELB_URBAN,ROAD,12,5.0
99149,6,7,170,2,5,100.0,0,I,RURAL_VICTORIA,ROAD,10,23.0
99150,1,2,130,1,1,60.0,0,N,MELB_URBAN,ROAD,11,10.0
99151,2,3,100,5,1,60.0,0,N,MELB_URBAN,STREET,12,9.0
99152,7,2,99,5,1,60.0,0,N,MELB_URBAN,ROAD,12,7.0
99153,1,3,130,5,1,60.0,0,N,MELB_URBAN,ROAD,12,8.0
99154,1,3,120,5,1,60.0,0,N,MELB_URBAN,STREET,12,10.0
99155,1,2,99,2,1,60.0,0,I,MELB_URBAN,HIGHWAY,12,16.0
99156,4,3,173,5,1,50.0,0,N,MELB_URBAN,ROAD,12,9.0
99157,1,2,130,1,1,60.0,0,N,MELB_URBAN,ROAD,12,9.0