,accident_type,day_of_week,dca_code,road_geometry,light_condition,speed_zone,severity,node_type,deg_urban_name,road_type,month,hour
99158,1,3,121,2,1,60.0,0,I,SMALL_CITIES,HIGHWAY,12,10.0
99159,1,4,134,1,2,40.0,0,I,MELB_URBAN,STREET,12,20.0
99160,1,3,99,5,1,60.0,0,N,MELB_URBAN,STREET,12,14.0
99161,2,2,99,5,1,60.0,0,O,LARGE_PROVINCIAL_CITIES,UNKNOWN,12,11.0
99162,4,3,99,5,1,100.0,0,N,RURAL_VICTORIA,ROAD,12,14.0
99163,1,3,121,2,1,60.0,0,N,MELB_URBAN,ROAD,12,15.0
99164,1,2,140,5,9,60.0,0,N,RURAL_VICTORIA,BOULEVARD,12,16.0
99165,8,3,170,5,1,100.0,0,N,RURAL_VICTORIA,ROAD,12,9.0
99166,1,7,121,2,1,50.0,0,I,MELB_URBAN,STREET,12,16.0
99167,1,3,130,5,1,40.0,0,N,MELB_URBAN,ROAD,12,15.0
99168,1,2,121,1,1,60.0,0,I,MELB_URBAN,ROAD,12,16.0
99169,1,2,110,5,1,50.0,0,N,MELB_URBAN,AVENUE,12,14.0
99170,1,2,110,1,1,40.0,0,I,MELB_URBAN,STREET,12,17.0
99171,1,2,130,5,1,60.0,0,N,MELB_URBAN,ROAD,12,8.0
99172,1,2,121,2,1,50.0,0,I,RURAL_VICTORIA,AVENUE,12,13.0
99173,6,3,99,5,1,100.0,0,N,RURAL_VICTORIA,ROAD,12,14.0
99174,1,3,130,1,1,60.0,0,I,MELB_URBAN,STREET,12,18.0
99175,5,3,99,5,1,60.0,0,N,MELBOURNE_CBD,STREET,12,18.0
99176,3,3,167,5,1,110.0,0,N,RURAL_VICTORIA,FREEWAY,12,18.0
99177,1,2,99,2,1,50.0,0,I,MELB_URBAN,AVENUE,12,17.0
99178,1,2,130,5,1,70.0,0,N,MELB_URBAN,ROAD,12,19.0
99179,7,3,99,2,1,60.0,0,I,SMALL_CITIES,ROAD,12,15.0
99180,1,4,130,5,1,80.0,0,N,MELB_URBAN,HIGHWAY,12,17.0
99181,4,3,183,2,1,60.0,0,N,MELB_URBAN,HIGHWAY,12,19.0
99182,1,3,135,5,1,100.0,0,N,MELB_URBAN,UNKNOWN,12,15.0
99183,4,3,173,1,1,60.0,0,I,SMALL_CITIES,ROAD,12,20.0
99184,1,3,132,2,1,60.0,0,I,LARGE_PROVINCIAL_CITIES,STREET,12,17.0
99185,1,3,116,1,1,80.0,0,I,RURAL_VICTORIA,ROAD,12,18.0
99186,1,3,130,1,2,60.0,0,I,MELB_URBAN,HIGHWAY,12,19.0
99187,2,2,99,5,5,50.0,0,N,MELB_URBAN,STREET,12,20.0
99188,1,4,120,2,3,60.0,0,I,MELB_URBAN,ROAD,12,0.0
99189,4,3,173,5,5,60.0,0,N,RURAL_VICTORIA,ROAD,12,22.0
99190,1,4,130,2,3,60.0,0,I,MELB_URBAN,ROAD,12,0.0
99191,2,2,100,5,3,60.0,0,N,MELB_URBAN,STREET,12,21.0
99192,4,3,99,2,3,50.0,0,I,MELB_URBAN,ROAD,12,1.0
99193,1,3,116,1,1,60.0,0,I,SMALL_CITIES,HIGHWAY,12,15.0
99194,1,4,130,5,1,60.0,0,N,LARGE_PROVINCIAL_CITIES,ROAD,12,8.0
99195,1,1,120,5,1,110.0,0,N,RURAL_VICTORIA,FREEWAY,12,7.0
99196,3,3,167,5,5,80.0,0,N,RURAL_VICTORIA,ROAD,12,5.0
99197,1,3,121,2,1,60.0,0,I,MELB_URBAN,DRIVE,12,6.0
99198,1,4,130,5,1,60.0,0,N,MELB_URBAN,ROAD,12,7.0
99199,1,4,110,1,1,60.0,0,I,MELB_URBAN,ROAD,12,8.0
99200,4,4,171,2,1,60.0,0,I,MELB_URBAN,ROAD,12,6.0
99201,1,4,147,5,1,60.0,0,N,MELB_URBAN,ROAD,12,10.0
99202,1,4,111,2,1,50.0,0,I,MELB_URBAN,ROAD,12,6.0
99203,1,4,110,1,1,60.0,0,I,MELB_URBAN,ROAD,12,10.0
99204,2,5,100,2,1,60.0,0,I,MELB_URBAN,ROAD,11,10.0
99205,1,2,99,2,1,60.0,0,I,MELB_URBAN,ROAD,11,16.0
99206,1,3,130,5,1,80.0,0,N,RURAL_VICTORIA,HIGHWAY,12,8.0
99207,1,3,121,1,1,50.0,0,I,MELB_URBAN,STREET,12,11.0
99208,1,4,110,1,1,60.0,0,I,MELB_URBAN,STREET,12,7.0
99209,1,3,134,5,1,100.0,0,N,RURAL_VICTORIA,FREEWAY,12,11.0
99210,1,4,111,2,1,60.0,0,I,MELB_URBAN,ROAD,12,10.0
99211,4,4,183,5,1,80.0,0,N,RURAL_VICTORIA,RAMP,12,11.0
99212,1,2,160,5,1,50.0,0,N,MELB_URBAN,BOULEVARD,12,9.0
99213,1,4,121,2,1,60.0,0,I,MELB_URBAN,ROAD,12,11.0
99214,1,4,99,5,1,50.0,0,N,MELB_URBAN,STREET,12,12.0
99215,3,3,167,5,1,80.0,0,N,RURAL_VICTORIA,OTHER,12,12.0
99216,1,2,135,5,1,80.0,0,N,MELB_URBAN,ROAD,12,18.0
99217,5,3,99,5,1,60.0,0,N,RURAL_VICTORIA,ROAD,11,14.0
99218,1,2,140,5,1,40.0,0,N,MELB_URBAN,STREET,12,17.0
99219,1,3,113,2,2,80.0,0,I,MELB_URBAN,ROAD,12,19.0
99220,6,4,170,5,1,100.0,0,N,RURAL_VICTORIA,ROAD,12,14.0
99221,1,4,147,5,1,40.0,0,N,MELB_URBAN,AVENUE,12,7.0
99222,1,4,110,1,1,80.0,0,I,MELB_URBAN,HIGHWAY,12,14.0
99223,1,4,99,5,1,60.0,0,N,MELB_URBAN,ROAD,12,12.0
99224,4,4,173,5,1,100.0,0,N,MELB_URBAN,FREEWAY,12,15.0
99225,1,4,140,2,1,80.0,0,I,MELB_URBAN,ROAD,12,14.0
99226,1,4,110,1,1,60.0,0,I,TOWNS,ROAD,12,15.0
99227,1,2,130,5,1,60.0,0,N,MELB_URBAN,ROAD,12,8.0
99228,1,4,130,5,1,70.0,0,N,MELB_URBAN,ROAD,12,16.0
99229,1,2,171,5,9,50.0,0,N,MELB_URBAN,AVENUE,11,12.0
99230,1,4,110,1,1,60.0,0,I,MELB_URBAN,STREET,12,17.0
99231,2,4,100,2,1,50.0,0,I,MELB_URBAN,STREET,12,14.0
99232,1,4,160,5,1,60.0,0,N,MELB_URBAN,ROAD,12,14.0
99233,1,4,132,2,1,80.0,0,I,MELB_URBAN,ROAD,12,17.0
99234,2,4,100,5,1,60.0,0,N,MELB_URBAN,ROAD,12,18.0
99235,1,4,99,5,1,50.0,0,I,MELBOURNE_CBD,OTHER,12,18.0
99236,1,3,140,5,1,60.0,0,N,SMALL_CITIES,STREET,12,18.0
99237,4,4,171,5,1,60.0,0,N,RURAL_VICTORIA,ROAD,12,19.0
99238,1,4,110,1,2,80.0,0,I,RURAL_VICTORIA,HIGHWAY,12,20.0
99239,1,4,113,2,1,60.0,0,I,LARGE_PROVINCIAL_CITIES,STREET,12,17.0
99240,4,4,171,5,3,60.0,0,N,MELB_URBAN,ROAD,12,22.0
99241,2,4,100,2,1,80.0,1,I,MELB_URBAN,HIGHWAY,12,19.0
99242,4,4,181,4,3,50.0,1,N,MELB_URBAN,ROAD,12,20.0
99243,1,5,99,5,1,60.0,0,N,MELB_URBAN,ROAD,12,8.0
99244,1,4,130,5,1,80.0,0,N,MELB_URBAN,ROAD,12,14.0
99245,1,5,99,5,1,60.0,0,N,MELB_URBAN,HIGHWAY,12,7.0
99246,1,5,120,5,1,50.0,0,N,MELB_URBAN,STREET,12,7.0
99247,4,5,181,5,1,80.0,0,N,RURAL_VICTORIA,ROAD,12,9.0
99248,1,5,120,5,1,60.0,0,N,MELB_URBAN,ROAD,12,8.0
99249,1,4,130,1,1,80.0,0,N,MELB_URBAN,UNKNOWN,12,10.0
99250,1,4,130,2,1,60.0,0,I,MELB_URBAN,ROAD,12,19.0
99251,2,5,99,5,1,60.0,0,N,MELB_URBAN,STREET,12,9.0
99252,1,4,130,1,1,60.0,0,I,MELB_URBAN,PARADE,12,11.0
99253,2,4,100,1,1,60.0,0,I,MELB_URBAN,STREET,12,12.0
99254,1,5,133,5,1,100.0,0,N,RURAL_VICTORIA,FREEWAY,12,8.0
99255,4,5,171,5,1,50.0,0,N,SMALL_CITIES,STREET,12,12.0
99256,1,3,130,5,1,60.0,0,N,MELB_URBAN,DRIVE,12,17.0
99257,1,4,134,5,1,70.0,0,N,MELB_URBAN,STREET,12,13.0
99258,1,4,99,2,1,40.0,0,I,MELB_URBAN,STREET,11,18.0
99259,1,5,130,2,1,60.0,0,I,LARGE_PROVINCIAL_CITIES,ROAD,12,14.0
99260,1,5,121,1,1,80.0,0,I,MELB_URBAN,OTHER,12,13.0
99261,2,4,102,5,1,80.0,0,N,MELB_URBAN,ROAD,12,16.0
99262,1,4,135,5,1,60.0,0,N,MELB_URBAN,ROAD,12,10.0
99263,1,4,120,5,1,80.0,0,N,RURAL_VICTORIA,ROAD,12,16.0
99264,4,4,181,2,1,60.0,0,I,SMALL_CITIES,DRIVE,12,16.0
99265,6,5,174,5,1,110.0,0,N,SMALL_CITIES,FREEWAY,12,17.0
99266,1,5,99,2,1,50.0,0,I,SMALL_CITIES,AVENUE,12,15.0
99267,4,4,181,5,1,100.0,0,N,RURAL_VICTORIA,ROAD,12,18.0
99268,1,4,99,1,1,60.0,0,I,MELB_URBAN,STREET,12,18.0
99269,4,5,171,5,2,100.0,0,N,RURAL_VICTORIA,ROAD,12,19.0
99270,1,4,130,5,2,100.0,0,I,MELB_URBAN,FREEWAY,12,19.0
99271,4,5,171,1,3,60.0,0,I,SMALL_CITIES,HIGHWAY,12,21.0
99272,8,5,174,5,1,50.0,0,N,SMALL_CITIES,ROAD,12,18.0
99273,1,5,134,5,1,60.0,0,N,MELB_URBAN,ROAD,12,15.0
99274,1,5,140,5,3,50.0,0,N,MELB_URBAN,ROAD,12,21.0
99275,1,6,140,5,3,50.0,0,N,MELB_URBAN,ROAD,12,0.0
99276,4,6,99,2,5,100.0,0,I,RURAL_VICTORIA,ROAD,12,0.0
99277,2,0,99,2,1,50.0,0,I,TOWNS,STREET,12,17.0
99278,1,5,120,5,1,80.0,0,N,MELB_URBAN,HIGHWAY,12,12.0
99279,1,5,130,5,1,80.0,0,N,RURAL_VICTORIA,ROAD,12,16.0
99280,4,3,171,5,1,60.0,0,N,MELB_URBAN,ROAD,12,16.0
99281,8,7,99,2,6,60.0,0,I,LARGE_PROVINCIAL_CITIES,STREET,12,4.0
99282,2,6,102,2,1,60.0,0,I,MELB_URBAN,AVENUE,12,7.0
99283,4,5,99,5,1,100.0,0,N,RURAL_VICTORIA,ROAD,12,16.0
99284,2,6,100,5,1,60.0,0,N,MELB_URBAN,ROAD,12,8.0
99285,1,6,121,5,1,60.0,0,N,MELB_URBAN,ROAD,12,16.0
99286,1,6,99,2,1,60.0,0,I,MELB_URBAN,ROAD,12,9.0
99287,6,5,99,5,1,80.0,0,N,RURAL_VICTORIA,ROAD,12,8.0
99288,1,5,130,5,1,60.0,0,N,RURAL_VICTORIA,ROAD,12,7.0
99289,1,5,130,2,1,60.0,0,I,MELB_URBAN,ROAD,12,12.0
99290,1,6,147,5,1,60.0,0,N,MELB_URBAN,AVENUE,12,11.0
99291,1,3,130,5,9,60.0,0,N,SMALL_CITIES,STREET,12,8.0
99292,1,6,111,1,1,80.0,0,I,MELB_URBAN,ROAD,12,11.0
99293,1,5,99,2,1,60.0,0,N,MELB_URBAN,ROAD,12,9.0
99294,2,6,99,5,1,50.0,0,N,SMALL_CITIES,OTHER,12,13.0
99295,1,6,99,2,1,100.0,0,I,RURAL_VICTORIA,HIGHWAY,12,9.0
99296,1,5,110,1,1,60.0,0,I,TOWNS,OTHER,12,13.0
99297,4,6,181,5,1,80.0,0,N,RURAL_VICTORIA,HIGHWAY,12,13.0
99298,4,6,173,5,1,50.0,0,N,MELB_URBAN,STREET,12,15.0
99299,1,5,130,5,1,40.0,0,N,RURAL_VICTORIA,ROAD,12,15.0
99300,1,6,110,1,1,50.0,0,I,MELB_URBAN,STREET,12,15.0
99301,4,6,99,5,1,40.0,0,N,MELB_URBAN,OTHER,12,12.0
99302,1,5,130,1,1,60.0,0,N,MELB_URBAN,OTHER,12,6.0
99303,1,6,121,1,1,60.0,0,I,MELB_URBAN,ROAD,12,17.0
99304,1,6,121,1,1,60.0,0,I,MELB_URBAN,ROAD,12,13.0
99305,7,6,99,5,1,40.0,0,N,MELB_URBAN,STREET,12,16.0
99306,1,5,130,5,4,60.0,0,N,MELB_URBAN,STREET,12,18.0
99307,1,6,113,2,1,60.0,0,I,MELB_URBAN,ROAD,12,15.0
99308,4,6,171,5,1,80.0,0,N,MELB_URBAN,RAMP,12,19.0
99309,4,6,171,5,1,100.0,0,N,RURAL_VICTORIA,FREEWAY,12,19.0
99310,4,6,171,5,1,80.0,0,N,RURAL_VICTORIA,ROAD,12,16.0
99311,1,6,113,2,1,60.0,0,I,SMALL_CITIES,ROAD,12,17.0
99312,2,6,99,5,1,60.0,0,N,MELBOURNE_CBD,OTHER,12,15.0
99313,1,6,110,1,1,50.0,0,I,MELB_URBAN,ROAD,12,18.0
99314,1,5,130,1,1,80.0,0,I,MELB_URBAN,HIGHWAY,12,12.0
99315,2,6,100,5,1,50.0,0,N,SMALL_CITIES,STREET,12,16.0
99316,1,6,110,1,1,90.0,0,N,MELB_URBAN,ROAD,12,14.0
99317,1,6,99,5,1,100.0,0,N,RURAL_VICTORIA,HIGHWAY,12,18.0
99318,1,6,130,1,1,60.0,0,I,MELB_URBAN,HIGHWAY,12,18.0
99319,1,6,99,2,1,80.0,0,I,RURAL_VICTORIA,HIGHWAY,12,17.0
99320,1,7,110,1,3,60.0,0,I,MELB_URBAN,ROAD,12,1.0
99321,6,5,99,5,3,60.0,0,N,SMALL_CITIES,AVENUE,12,23.0
99322,4,7,99,5,5,80.0,0,N,RURAL_VICTORIA,ROAD,12,0.0
99323,4,7,173,5,3,60.0,0,N,MELB_URBAN,HIGHWAY,12,3.0
99324,1,6,147,5,1,50.0,0,N,LARGE_PROVINCIAL_CITIES,STREET,12,15.0
99325,1,7,111,1,2,70.0,0,I,MELB_URBAN,ROAD,12,6.0
99326,1,5,130,5,1,70.0,0,N,MELB_URBAN,ROAD,12,16.0
99327,2,7,99,5,1,50.0,0,N,TOWNS,STREET,12,9.0
99328,2,7,100,5,1,60.0,0,N,MELB_URBAN,BOULEVARD,12,11.0
99329,1,7,110,1,1,40.0,0,I,LARGE_PROVINCIAL_CITIES,STREET,12,10.0
99330,4,7,171,5,1,80.0,0,N,MELB_URBAN,ROAD,12,10.0
99331,6,6,170,5,2,100.0,0,N,RURAL_VICTORIA,ROAD,12,17.0
99332,1,6,113,2,1,50.0,0,I,MELB_URBAN,ROAD,12,11.0
99333,1,7,130,5,1,60.0,0,N,TOWNS,STREET,12,11.0
99334,1,6,130,5,1,60.0,0,N,MELB_URBAN,STREET,12,13.0
99335,1,5,130,1,1,70.0,0,N,MELB_URBAN,ROAD,12,13.0
99336,1,5,121,2,9,60.0,0,I,MELB_URBAN,PARADE,6,16.0
99337,1,7,135,5,1,100.0,0,N,MELB_URBAN,FREEWAY,12,14.0
99338,1,5,130,5,1,40.0,0,N,MELB_URBAN,ROAD,11,17.0
99339,1,7,140,2,1,60.0,0,I,MELB_URBAN,OTHER,12,14.0
99340,1,7,113,1,1,40.0,0,I,MELBOURNE_CBD,STREET,12,13.0
99341,2,4,100,5,1,70.0,0,I,MELB_URBAN,STREET,12,9.0
99342,1,7,111,2,1,70.0,0,I,MELB_URBAN,ROAD,12,12.0
99343,2,7,100,1,3,40.0,0,I,LARGE_PROVINCIAL_CITIES,STREET,12,0.0
99344,2,6,99,5,3,50.0,0,N,LARGE_PROVINCIAL_CITIES,DRIVE,12,21.0
99345,4,7,99,5,1,80.0,0,N,MELB_URBAN,ROAD,12,15.0
99346,1,5,160,5,1,50.0,0,N,MELB_URBAN,DRIVE,12,13.0
99347,2,7,99,5,1,50.0,0,N,MELB_URBAN,STREET,12,16.0
99348,2,7,102,5,1,80.0,0,N,LARGE_PROVINCIAL_CITIES,ROAD,12,16.0
99349,2,7,99,5,1,60.0,0,N,MELB_URBAN,STREET,12,19.0
99350,2,7,102,2,2,40.0,0,N,MELB_URBAN,STREET,12,18.0
99351,1,7,121,5,1,50.0,0,N,MELB_URBAN,ROAD,12,16.0
99352,4,7,183,5,1,60.0,0,N,RURAL_VICTORIA,ROAD,12,18.0
99353,6,7,99,2,2,100.0,0,N,RURAL_VICTORIA,ROAD,12,20.0
99354,4,7,171,2,1,60.0,0,N,MELB_URBAN,ROAD,12,17.0
99355,4,7,183,5,1,80.0,0,N,RURAL_VICTORIA,ROAD,12,17.0
99356,1,7,121,2,1,80.0,0,I,MELB_URBAN,ROAD,12,15.0
99357,1,7,99,5,1,50.0,0,N,MELB_URBAN,ROAD,12,20.0
99358,6,7,174,2,3,40.0,0,I,MELB_URBAN,ROAD,12,22.0
99359,1,6,130,5,1,60.0,0,N,MELB_URBAN,STREET,12,19.0
99360,1,0,130,1,3,60.0,0,N,MELB_URBAN,ROAD,12,0.0
99361,4,7,183,2,2,60.0,0,I,MELB_URBAN,BOULEVARD,12,5.0
99362,1,6,147,5,3,40.0,0,N,MELB_URBAN,ROAD,12,21.0
99363,4,7,181,5,3,70.0,0,N,MELB_URBAN,ROAD,12,23.0
99364,1,1,110,1,3,50.0,0,I,MELB_URBAN,STREET,12,0.0
99365,4,7,181,5,3,80.0,1,N,MELB_URBAN,RAMP,12,20.0
99366,4,1,173,5,3,60.0,0,N,MELB_URBAN,ROAD,12,0.0
99367,2,6,100,1,3,40.0,0,I,MELB_URBAN,UNKNOWN,12,22.0
99368,1,7,110,1,1,50.0,0,I,MELB_URBAN,STREET,12,14.0
99369,1,1,160,5,1,70.0,0,N,MELB_URBAN,ROAD,12,8.0
99370,1,1,113,2,1,60.0,0,I,TOWNS,HIGHWAY,12,10.0
99371,4,1,99,2,1,50.0,0,I,MELB_URBAN,DRIVE,12,10.0
99372,4,1,171,2,1,60.0,0,N,MELB_URBAN,STREET,12,10.0
99373,1,0,99,5,1,40.0,0,N,LARGE_PROVINCIAL_CITIES,STREET,12,12.0
99374,1,0,110,1,1,60.0,0,I,TOWNS,STREET,12,7.0
99375,6,6,170,5,1,100.0,0,N,RURAL_VICTORIA,ROAD,12,19.0
99376,4,1,99,2,1,50.0,0,I,LARGE_PROVINCIAL_CITIES,STREET,12,13.0
99377,2,6,100,5,6,50.0,0,N,MELB_URBAN,STREET,12,17.0
99378,1,1,132,1,1,60.0,0,I,LARGE_PROVINCIAL_CITIES,STREET,12,12.0
99379,2,1,102,2,1,60.0,0,I,MELB_URBAN,STREET,12,15.0
99380,1,0,121,2,1,60.0,0,I,MELB_URBAN,ROAD,12,15.0
99381,1,6,110,1,3,50.0,0,I,TOWNS,HIGHWAY,12,22.0
99382,1,1,110,1,1,60.0,0,I,RURAL_VICTORIA,ROAD,12,14.0
99383,1,1,130,5,1,70.0,0,N,MELB_URBAN,ROAD,12,16.0
99384,1,1,121,2,1,80.0,0,I,RURAL_VICTORIA,ROAD,12,13.0
99385,4,1,173,5,1,100.0,0,N,RURAL_VICTORIA,ROAD,12,16.0
99386,1,7,132,2,1,100.0,0,I,RURAL_VICTORIA,ROAD,12,13.0
99387,1,1,160,5,1,100.0,0,N,RURAL_VICTORIA,ROAD,12,16.0
99388,1,1,116,1,1,60.0,0,I,MELB_URBAN,ROAD,12,15.0
99389,1,1,110,1,1,70.0,0,I,TOWNS,HIGHWAY,12,17.0
99390,1,0,99,1,1,40.0,0,I,MELB_URBAN,STREET,12,15.0
99391,1,1,130,2,1,80.0,0,I,MELB_URBAN,STREET,12,16.0
99392,1,1,130,5,1,80.0,0,N,MELB_URBAN,ROAD,12,16.0
99393,1,3,130,1,9,60.0,0,I,MELB_URBAN,ROAD,12,15.0
99394,1,5,121,2,2,60.0,0,I,MELB_URBAN,ROAD,12,20.0
99395,4,2,171,5,3,70.0,0,N,MELB_URBAN,ROAD,12,2.0
99396,1,6,120,2,1,50.0,0,N,RURAL_VICTORIA,STREET,12,11.0
99397,4,1,99,5,1,50.0,0,N,MELB_URBAN,OTHER,12,13.0
99398,1,7,130,5,1,100.0,0,N,MELB_URBAN,FREEWAY,12,12.0
99399,1,2,121,2,2,50.0,0,I,MELB_URBAN,STREET,12,5.0
99400,4,5,183,5,5,80.0,0,N,RURAL_VICTORIA,ROAD,11,23.0
99401,1,5,110,1,3,60.0,0,I,MELB_URBAN,AVENUE,12,18.0
99402,2,1,99,5,1,60.0,0,N,MELB_URBAN,ROAD,12,9.0
99403,4,1,181,5,1,100.0,0,N,RURAL_VICTORIA,ROAD,12,8.0
99404,4,2,173,5,1,100.0,0,N,RURAL_VICTORIA,ROAD,12,8.0
99405,7,7,99,5,1,100.0,0,N,RURAL_VICTORIA,ROAD,12,19.0
99406,3,2,167,5,1,100.0,0,N,RURAL_VICTORIA,ROAD,12,7.0
99407,1,2,99,1,1,50.0,0,I,MELB_URBAN,STREET,12,13.0
99408,6,2,170,5,5,50.0,0,N,RURAL_VICTORIA,ROAD,12,2.0
99409,1,1,130,5,1,80.0,0,N,MELB_URBAN,ROAD,12,7.0
99410,1,1,111,1,1,60.0,0,I,MELB_URBAN,STREET,12,13.0
99411,1,1,110,1,1,60.0,0,I,MELB_URBAN,ROAD,12,12.0
99412,1,2,133,5,1,60.0,0,N,MELB_URBAN,ROAD,12,13.0
99413,4,2,173,2,1,100.0,0,I,SMALL_TOWNS,ROAD,12,15.0
99414,1,1,113,2,1,80.0,0,I,MELB_URBAN,HIGHWAY,12,14.0
99415,1,1,121,2,1,60.0,0,I,MELB_URBAN,ROAD,12,16.0
99416,4,2,173,5,1,100.0,0,N,RURAL_VICTORIA,ROAD,12,16.0
99417,1,1,130,5,1,60.0,0,N,MELB_URBAN,STREET,12,16.0
99418,1,2,133,5,1,100.0,0,N,MELB_URBAN,ROAD,12,15.0
99419,6,2,174,2,1,50.0,0,I,MELB_URBAN,DRIVE,12,17.0
99420,2,2,100,1,1,70.0,0,I,SMALL_CITIES,STREET,12,19.0
99421,1,2,110,1,1,80.0,0,I,MELB_URBAN,ROAD,12,14.0
99422,4,2,171,5,1,50.0,1,N,SMALL_CITIES,OTHER,12,18.0
99423,4,2,171,1,3,60.0,0,N,MELB_URBAN,ROAD,12,21.0
99424,1,2,110,1,3,60.0,0,I,LARGE_PROVINCIAL_CITIES,ROAD,12,21.0
99425,4,6,173,5,5,100.0,0,N,MELB_URBAN,FREEWAY,11,4.0
99426,5,0,99,5,5,100.0,0,N,RURAL_VICTORIA,ROAD,12,23.0
99427,4,2,183,5,1,60.0,0,N,RURAL_VICTORIA,UNKNOWN,12,6.0
99428,6,2,99,5,1,80.0,0,N,MELB_URBAN,OTHER,12,18.0
99429,4,2,171,5,1,100.0,0,N,RURAL_VICTORIA,ROAD,12,16.0
99430,6,1,99,5,1,60.0,0,N,RURAL_VICTORIA,OTHER,11,15.0
99431,1,3,133,5,1,60.0,0,N,MELB_URBAN,RAMP,12,5.0
99432,1,2,121,2,3,60.0,1,I,LARGE_PROVINCIAL_CITIES,STREET,12,1.0
99433,1,2,130,5,1,70.0,0,I,RURAL_VICTORIA,ROAD,12,10.0
99434,1,3,140,2,1,50.0,0,I,MELB_URBAN,OTHER,12,7.0
99435,1,3,110,1,1,80.0,0,I,MELB_URBAN,ROAD,12,10.0
99436,6,3,170,5,1,100.0,0,N,RURAL_VICTORIA,ROAD,12,10.0
99437,1,2,121,1,1,60.0,0,N,MELB_URBAN,ROAD,12,7.0
99438,2,3,100,5,1,50.0,0,N,MELB_URBAN,ROAD,12,12.0
99439,6,3,99,5,1,60.0,0,N,RURAL_VICTORIA,ROAD,12,8.0
99440,2,3,99,5,1,50.0,0,N,MELB_URBAN,UNKNOWN,12,13.0
99441,4,3,99,5,1,80.0,0,N,RURAL_VICTORIA,HIGHWAY,12,12.0
99442,2,3,99,5,1,50.0,0,N,MELB_URBAN,STREET,12,14.0
99443,1,2,130,5,1,70.0,0,N,MELB_URBAN,ROAD,12,7.0
99444,1,3,110,1,1,60.0,0,I,TOWNS,ROAD,12,15.0
99445,1,3,110,1,1,80.0,0,I,MELB_URBAN,ROAD,12,14.0
99446,1,3,130,5,1,100.0,0,N,MELB_URBAN,FREEWAY,12,14.0
99447,1,4,130,5,1,80.0,0,N,MELB_URBAN,HIGHWAY,12,17.0
99448,1,5,121,5,1,60.0,0,N,MELB_URBAN,ROAD,10,14.0
99449,8,3,174,5,2,70.0,0,N,MELB_URBAN,ROAD,12,18.0
99450,1,2,121,2,1,60.0,0,I,MELB_URBAN,ROAD,12,17.0
99451,1,3,130,2,1,100.0,0,I,RURAL_VICTORIA,HIGHWAY,12,16.0
99452,1,3,110,1,2,60.0,0,I,LARGE_PROVINCIAL_CITIES,STREET,12,19.0
99453,1,3,130,5,1,60.0,0,N,SMALL_CITIES,DRIVE,12,17.0
99454,1,2,110,1,3,60.0,0,I,MELB_URBAN,ROAD,12,21.0
99455,1,2,135,5,1,100.0,0,N,MELB_URBAN,FREEWAY,12,16.0
99456,5,3,171,5,3,60.0,0,N,SMALL_CITIES,STREET,12,20.0
99457,1,3,121,2,3,50.0,0,N,MELB_URBAN,DRIVE,12,21.0
99458,1,3,160,5,3,60.0,0,N,MELB_URBAN,ROAD,12,22.0
99459,1,4,130,5,3,60.0,0,N,MELB_URBAN,ROAD,12,2.0
99460,3,4,167,5,5,100.0,0,N,SMALL_TOWNS,FREEWAY,12,3.0
99461,1,2,160,5,3,60.0,0,N,MELB_URBAN,HIGHWAY,12,23.0
99462,2,4,100,5,2,60.0,0,N,MELB_URBAN,ROAD,12,18.0
99463,1,3,99,5,9,50.0,0,N,MELB_URBAN,ROAD,12,17.0
99464,1,3,121,5,1,60.0,0,N,SMALL_CITIES,STREET,12,14.0
99465,1,4,121,2,1,50.0,0,I,MELB_URBAN,AVENUE,12,8.0
99466,1,1,113,2,1,50.0,0,I,MELB_URBAN,AVENUE,12,12.0
99467,1,3,130,5,1,60.0,0,N,MELB_URBAN,ROAD,12,8.0
99468,1,4,120,5,1,100.0,1,N,RURAL_VICTORIA,ROAD,12,6.0
99469,1,4,111,1,1,50.0,0,I,MELB_URBAN,STREET,12,7.0
99470,1,2,130,5,1,60.0,0,N,MELB_URBAN,HIGHWAY,12,17.0
99471,2,5,99,5,1,40.0,0,N,SMALL_CITIES,STREET,11,11.0
99472,1,2,113,2,1,60.0,0,I,SMALL_CITIES,STREET,12,16.0
99473,1,3,130,5,1,70.0,0,N,MELB_URBAN,ROAD,12,15.0
99474,2,3,99,5,1,60.0,0,N,MELB_URBAN,ROAD,12,13.0
99475,2,4,99,5,1,50.0,0,N,MELB_URBAN,OTHER,12,9.0
99476,1,4,110,1,1,50.0,0,I,MELB_URBAN,STREET,12,13.0
99477,1,7,135,5,1,60.0,0,N,MELB_URBAN,STREET,12,13.0
99478,4,4,99,5,1,40.0,0,N,MELB_URBAN,STREET,12,10.0
99479,4,3,99,5,1,50.0,0,N,MELB_URBAN,STREET,12,10.0
99480,1,4,132,2,1,40.0,0,I,MELB_URBAN,STREET,12,12.0
99481,1,3,110,1,1,60.0,0,I,MELB_URBAN,ROAD,12,10.0
99482,1,4,133,5,1,80.0,0,N,MELB_URBAN,FREEWAY,12,14.0
99483,1,4,111,1,1,60.0,0,I,MELB_URBAN,ROAD,12,13.0
99484,1,4,121,2,1,60.0,0,I,RURAL_VICTORIA,ROAD,12,17.0