,accident_type,day_of_week,dca_code,road_geometry,light_condition,speed_zone,severity,node_type,deg_urban_name,road_type,month,hour
99485,1,4,163,5,1,60.0,0,N,MELB_URBAN,ROAD,12,10.0
99486,1,4,121,1,1,70.0,0,I,MELB_URBAN,ROAD,12,17.0
99487,1,4,130,5,1,80.0,0,N,MELB_URBAN,OTHER,12,16.0
99488,1,3,121,2,1,60.0,0,I,MELB_URBAN,ROAD,11,17.0
99489,1,4,113,2,1,60.0,0,I,SMALL_CITIES,ROAD,12,18.0
99490,2,4,100,1,1,80.0,0,I,MELB_URBAN,ROAD,12,17.0
99491,1,4,99,5,1,60.0,0,N,MELB_URBAN,ROAD,12,17.0
99492,6,1,170,5,1,100.0,0,N,RURAL_VICTORIA,ROAD,10,14.0
99493,2,4,102,2,3,40.0,0,I,MELB_URBAN,ROAD,12,21.0
99494,1,4,120,5,1,50.0,0,N,MELB_URBAN,PARADE,12,17.0
99495,1,4,99,5,1,50.0,0,N,MELB_URBAN,STREET,12,16.0
99496,4,4,171,2,5,80.0,0,I,RURAL_VICTORIA,ROAD,12,22.0
99497,1,4,121,1,3,60.0,0,I,MELB_URBAN,ROAD,12,23.0
99498,2,4,99,5,1,60.0,0,N,SMALL_CITIES,STREET,12,16.0
99499,1,5,135,5,1,40.0,0,N,MELB_URBAN,STREET,12,8.0
99500,1,5,113,2,1,60.0,0,I,MELB_URBAN,ROAD,12,8.0
99501,1,5,120,5,1,100.0,0,N,RURAL_VICTORIA,ROAD,12,8.0
99502,1,4,160,5,1,50.0,0,N,MELB_URBAN,STREET,12,9.0
99503,6,7,99,5,5,100.0,0,N,RURAL_VICTORIA,UNKNOWN,10,4.0
99504,1,5,111,2,1,60.0,0,I,MELB_URBAN,ROAD,12,9.0
99505,6,5,170,5,1,100.0,0,N,RURAL_VICTORIA,ROAD,12,9.0
99506,2,4,99,5,1,60.0,0,N,RURAL_VICTORIA,HIGHWAY,12,10.0
99507,1,4,111,2,1,60.0,0,I,MELB_URBAN,STREET,12,12.0
99508,1,3,147,2,1,50.0,0,N,MELB_URBAN,STREET,12,13.0
99509,1,5,111,2,1,80.0,0,I,MELB_URBAN,ROAD,12,13.0
99510,1,3,99,1,9,60.0,0,I,MELB_URBAN,STREET,12,16.0
99511,1,2,113,2,1,60.0,0,I,MELB_URBAN,HIGHWAY,12,17.0
99512,1,5,120,2,1,60.0,0,I,MELB_URBAN,STREET,12,14.0
99513,1,5,140,5,1,60.0,0,N,MELB_URBAN,STREET,12,14.0
99514,1,5,130,5,1,50.0,0,N,MELB_URBAN,ROAD,12,15.0
99515,1,4,110,1,1,60.0,0,I,MELB_URBAN,ROAD,12,16.0
99516,8,5,99,1,1,50.0,0,N,RURAL_VICTORIA,STREET,12,15.0
99517,6,5,170,5,1,100.0,0,N,RURAL_VICTORIA,ROAD,12,15.0
99518,1,5,110,1,1,100.0,0,I,RURAL_VICTORIA,ROAD,12,18.0
99519,1,4,133,1,1,60.0,0,I,MELB_URBAN,ROAD,12,8.0
99520,2,5,100,5,2,40.0,0,N,MELB_URBAN,STREET,12,19.0
99521,4,3,171,1,1,80.0,0,N,MELB_URBAN,ROAD,11,17.0
99522,1,5,110,1,1,60.0,0,I,TOWNS,STREET,12,14.0
99523,4,4,183,5,1,110.0,0,N,RURAL_VICTORIA,FREEWAY,12,16.0
99524,2,5,102,5,1,60.0,0,N,MELB_URBAN,STREET,12,18.0
99525,1,4,130,5,1,70.0,0,N,MELB_URBAN,STREET,12,19.0
99526,1,5,140,2,1,80.0,0,I,MELB_URBAN,DRIVE,12,18.0
99527,1,5,121,2,2,80.0,0,I,MELB_URBAN,HIGHWAY,12,19.0
99528,2,5,99,5,1,60.0,0,N,MELB_URBAN,ROAD,12,17.0
99529,1,5,99,5,2,50.0,0,N,MELB_URBAN,AVENUE,12,19.0
99530,1,4,110,1,1,50.0,0,I,TOWNS,STREET,12,16.0
99531,1,5,110,1,6,40.0,0,I,LARGE_PROVINCIAL_CITIES,STREET,12,21.0
99532,1,4,130,1,1,60.0,0,I,MELB_URBAN,ROAD,6,17.0
99533,4,5,183,5,5,100.0,0,N,RURAL_VICTORIA,ROAD,12,22.0
99534,8,2,99,5,6,60.0,0,UNKNOWN,UNKNOWN,UNKNOWN,5,20.0
99535,1,6,116,1,1,60.0,0,I,MELB_URBAN,ROAD,12,7.0
99536,1,6,130,2,1,60.0,0,I,MELB_URBAN,ROAD,12,9.0
99537,1,4,99,2,1,50.0,0,I,MELB_URBAN,DRIVE,12,15.0
99538,4,6,181,5,1,100.0,0,N,RURAL_VICTORIA,HIGHWAY,12,7.0
99539,1,5,160,5,1,50.0,0,N,MELB_URBAN,ROAD,12,8.0
99540,1,6,120,1,1,50.0,0,I,MELB_URBAN,OTHER,12,11.0
99541,3,2,167,5,5,100.0,0,N,RURAL_VICTORIA,ROAD,11,21.0
99542,1,5,160,5,1,60.0,0,N,MELB_URBAN,ROAD,12,13.0
99543,4,5,99,5,1,60.0,0,N,SMALL_TOWNS,FREEWAY,12,19.0
99544,4,6,171,5,1,100.0,0,N,MELB_URBAN,FREEWAY,12,10.0
99545,1,5,163,2,1,40.0,0,I,MELBOURNE_CBD,STREET,12,16.0
99546,2,5,102,2,1,50.0,0,I,MELB_URBAN,OTHER,12,10.0
99547,7,0,99,5,1,100.0,0,N,RURAL_VICTORIA,ROAD,6,10.0
99548,1,6,99,2,1,100.0,0,I,RURAL_VICTORIA,HIGHWAY,12,12.0
99549,1,3,130,1,9,60.0,0,I,MELB_URBAN,ROAD,12,12.0
99550,1,6,116,2,1,70.0,0,I,MELB_URBAN,ROAD,12,12.0
99551,1,6,135,1,1,60.0,0,N,MELB_URBAN,ROAD,12,10.0
99552,1,6,121,5,1,60.0,0,N,MELB_URBAN,ROAD,12,11.0
99553,4,6,173,2,1,80.0,0,N,MELB_URBAN,RAMP,12,15.0
99554,1,2,160,5,1,50.0,0,N,MELB_URBAN,ROAD,12,14.0
99555,1,6,163,5,1,50.0,0,N,LARGE_PROVINCIAL_CITIES,STREET,12,16.0
99556,1,6,110,1,1,80.0,0,I,MELB_URBAN,OTHER,12,16.0
99557,1,6,99,5,1,50.0,0,N,MELB_URBAN,ROAD,12,11.0
99558,4,5,173,2,1,40.0,0,I,MELB_URBAN,STREET,12,17.0
99559,1,6,130,5,1,60.0,0,N,MELB_URBAN,ROAD,12,14.0
99560,4,6,171,5,1,60.0,0,N,MELB_URBAN,ROAD,12,16.0
99561,1,5,130,1,2,70.0,0,I,MELB_URBAN,ROAD,12,5.0
99562,1,6,135,5,1,100.0,0,N,MELB_URBAN,FREEWAY,12,17.0
99563,1,6,160,5,1,60.0,0,N,MELB_URBAN,ROAD,12,17.0
99564,1,6,120,1,2,60.0,0,I,SMALL_CITIES,STREET,12,18.0
99565,1,6,110,1,2,40.0,0,I,MELB_URBAN,ROAD,12,20.0
99566,4,6,99,2,3,70.0,0,I,MELB_URBAN,ROAD,12,22.0
99567,1,6,130,5,1,80.0,0,N,MELB_URBAN,FREEWAY,12,14.0
99568,8,6,174,5,3,60.0,0,N,SMALL_CITIES,STREET,12,22.0
99569,1,6,110,1,3,80.0,0,I,SMALL_TOWNS,ROAD,12,21.0
99570,4,7,99,5,3,50.0,0,N,MELB_URBAN,STREET,12,0.0
99571,4,5,171,5,3,80.0,0,N,MELB_URBAN,ROAD,12,22.0
99572,1,5,120,5,1,100.0,0,N,RURAL_VICTORIA,HIGHWAY,12,5.0
99573,2,6,99,5,5,100.0,1,N,RURAL_VICTORIA,HIGHWAY,12,22.0
99574,4,7,173,5,2,70.0,0,N,MELB_URBAN,ROAD,12,5.0
99575,6,7,174,5,1,60.0,0,N,MELB_URBAN,ROAD,12,6.0
99576,1,7,121,1,1,50.0,0,I,MELB_URBAN,STREET,12,5.0
99577,4,7,173,5,3,60.0,0,N,RURAL_VICTORIA,HIGHWAY,12,3.0
99578,2,7,99,5,3,60.0,1,N,LARGE_PROVINCIAL_CITIES,STREET,12,3.0
99579,4,6,171,5,1,60.0,0,N,SMALL_TOWNS,STREET,12,17.0
99580,1,2,135,2,9,50.0,0,I,MELB_URBAN,ROAD,12,17.0
99581,1,7,130,1,1,80.0,0,I,MELB_URBAN,HIGHWAY,12,8.0
99582,1,7,113,2,1,60.0,0,I,MELB_URBAN,STREET,12,12.0
99583,1,6,99,5,1,80.0,0,N,MELB_URBAN,ROAD,12,15.0
99584,1,7,130,5,1,50.0,0,N,MELB_URBAN,ROAD,12,11.0
99585,1,7,134,5,1,60.0,0,N,MELB_URBAN,ROAD,12,11.0
99586,1,6,121,1,1,60.0,0,I,MELB_URBAN,AVENUE,12,11.0
99587,1,7,99,5,1,100.0,0,N,RURAL_VICTORIA,HIGHWAY,12,12.0
99588,1,5,110,5,1,60.0,0,N,MELB_URBAN,ROAD,12,17.0
99589,1,6,121,1,1,60.0,0,I,MELB_URBAN,STREET,12,17.0
99590,4,6,173,5,1,60.0,0,N,TOWNS,ROAD,12,16.0
99591,6,7,170,5,3,60.0,0,N,TOWNS,STREET,12,0.0
99592,1,3,130,5,1,70.0,0,N,RURAL_VICTORIA,HIGHWAY,12,16.0
99593,1,7,113,2,1,60.0,0,I,MELB_URBAN,STREET,12,15.0
99594,1,7,110,1,1,60.0,0,I,MELB_URBAN,ROAD,12,18.0
99595,7,7,99,5,1,100.0,0,N,RURAL_VICTORIA,ROAD,12,18.0
99596,1,7,140,5,1,60.0,0,N,MELB_URBAN,ROAD,12,13.0
99597,2,7,102,5,1,80.0,0,N,MELB_URBAN,ROAD,12,14.0
99598,1,7,110,1,1,50.0,0,I,MELB_URBAN,STREET,12,16.0
99599,1,7,130,5,1,60.0,0,N,MELB_URBAN,ROAD,12,15.0
99600,1,6,130,5,3,80.0,0,N,MELB_URBAN,FREEWAY,12,4.0
99601,1,7,99,5,1,50.0,0,N,MELB_URBAN,STREET,12,18.0
99602,6,7,99,2,5,100.0,0,I,RURAL_VICTORIA,ROAD,12,21.0
99603,1,1,173,5,3,50.0,0,N,MELB_URBAN,BOULEVARD,12,1.0
99604,1,7,132,2,3,60.0,0,I,MELB_URBAN,ROAD,12,22.0
99605,1,6,113,2,1,80.0,0,I,TOWNS,HIGHWAY,12,16.0
99606,1,5,130,1,1,50.0,0,I,LARGE_PROVINCIAL_CITIES,STREET,12,12.0
99607,1,1,113,2,1,50.0,0,I,MELB_URBAN,STREET,12,10.0
99608,1,1,135,2,1,60.0,0,I,MELB_URBAN,STREET,12,9.0
99609,1,1,130,2,1,60.0,0,I,RURAL_VICTORIA,ROAD,12,11.0
99610,1,1,120,1,1,60.0,0,I,MELB_URBAN,ROAD,12,12.0
99611,1,1,113,2,1,50.0,0,I,MELB_URBAN,ROAD,12,10.0
99612,1,1,110,1,1,60.0,0,I,MELB_URBAN,ROAD,12,12.0
99613,4,1,171,5,1,80.0,0,N,RURAL_VICTORIA,HIGHWAY,12,11.0
99614,1,1,110,1,1,50.0,0,I,MELB_URBAN,DRIVE,12,10.0
99615,1,7,135,5,3,100.0,0,N,MELB_URBAN,FREEWAY,12,22.0
99616,1,4,130,5,1,80.0,0,N,MELB_URBAN,AVENUE,12,16.0
99617,1,3,110,1,2,50.0,0,I,MELB_URBAN,ROAD,12,20.0
99618,1,1,121,1,1,60.0,0,I,MELB_URBAN,ROAD,12,12.0
99619,1,1,110,1,1,60.0,0,I,MELB_URBAN,ROAD,12,14.0
99620,7,5,184,5,1,40.0,0,N,RURAL_VICTORIA,ROAD,12,10.0
99621,1,1,140,5,1,60.0,0,N,RURAL_VICTORIA,HIGHWAY,12,11.0
99622,1,0,121,1,1,60.0,0,I,MELB_URBAN,STREET,12,16.0
99623,8,1,174,5,1,60.0,0,N,MELB_URBAN,STREET,12,16.0
99624,8,1,99,5,1,60.0,0,N,RURAL_VICTORIA,OTHER,11,10.0
99625,1,1,113,2,1,50.0,0,I,MELB_URBAN,ROAD,12,16.0
99626,1,1,99,5,1,80.0,0,N,RURAL_VICTORIA,ROAD,12,15.0
99627,6,1,170,5,1,100.0,0,N,RURAL_VICTORIA,ROAD,12,19.0
99628,1,5,130,4,1,80.0,0,I,MELB_URBAN,ROAD,12,16.0
99629,4,1,171,5,2,100.0,0,N,RURAL_VICTORIA,RAMP,12,21.0
99630,4,1,171,5,1,50.0,0,N,MELB_URBAN,DRIVE,12,19.0
99631,1,1,110,1,1,80.0,0,I,MELB_URBAN,ROAD,12,19.0
99632,1,1,140,5,5,60.0,0,N,SMALL_CITIES,ROAD,12,21.0
99633,5,1,99,5,5,110.0,0,N,RURAL_VICTORIA,FREEWAY,12,22.0
99634,2,1,100,5,1,50.0,0,N,MELB_URBAN,STREET,12,17.0
99635,2,1,99,5,3,60.0,0,N,TOWNS,ROAD,12,23.0
99636,4,2,171,5,6,70.0,0,N,MELB_URBAN,ROAD,12,4.0
99637,1,1,121,1,3,80.0,0,I,MELB_URBAN,ROAD,12,23.0
99638,2,1,100,1,4,40.0,0,I,MELB_URBAN,ROAD,12,23.0
99639,1,2,147,5,1,70.0,0,N,MELB_URBAN,STREET,12,8.0
99640,1,5,160,5,1,60.0,0,N,MELB_URBAN,ROAD,12,17.0
99641,1,2,113,2,1,50.0,0,I,LARGE_PROVINCIAL_CITIES,DRIVE,12,7.0
99642,8,7,174,5,1,80.0,0,N,RURAL_VICTORIA,ROAD,12,9.0
99643,1,4,133,1,2,60.0,0,I,MELB_URBAN,ROAD,10,21.0
99644,4,2,173,5,1,60.0,0,N,MELB_URBAN,ROAD,12,8.0
99645,1,2,121,2,1,80.0,0,I,MELB_URBAN,ROAD,12,11.0
99646,1,1,110,1,1,60.0,0,I,SMALL_CITIES,STREET,12,10.0
99647,1,2,130,5,1,60.0,0,N,RURAL_VICTORIA,ROAD,12,7.0
99648,1,2,99,1,1,60.0,0,I,MELB_URBAN,ROAD,12,10.0
99649,4,1,173,5,5,100.0,0,N,RURAL_VICTORIA,ROAD,12,21.0
99650,1,6,130,5,3,40.0,0,N,MELB_URBAN,ROAD,10,20.0
99651,2,2,100,5,1,60.0,0,N,MELB_URBAN,ROAD,12,13.0
99652,4,2,171,5,1,60.0,0,N,MELB_URBAN,ROAD,12,14.0
99653,4,2,173,5,1,60.0,0,N,MELB_URBAN,ROAD,12,13.0
99654,2,2,99,5,1,60.0,0,N,MELB_URBAN,STREET,12,14.0
99655,1,2,99,2,1,70.0,0,I,MELB_URBAN,ROAD,12,14.0
99656,1,2,130,5,1,60.0,0,N,MELB_URBAN,ROAD,12,15.0
99657,1,2,160,5,1,40.0,0,N,MELB_URBAN,STREET,12,16.0
99658,1,1,135,5,1,60.0,0,N,LARGE_PROVINCIAL_CITIES,STREET,12,13.0
99659,4,2,171,5,1,40.0,0,N,LARGE_PROVINCIAL_CITIES,STREET,12,16.0
99660,1,2,113,2,1,60.0,0,I,LARGE_PROVINCIAL_CITIES,STREET,12,16.0
99661,4,1,99,5,1,100.0,0,N,RURAL_VICTORIA,ROAD,12,16.0
99662,1,3,99,5,3,50.0,0,N,RURAL_VICTORIA,OTHER,12,21.0
99663,1,2,121,5,1,50.0,0,N,SMALL_TOWNS,STREET,12,11.0
99664,1,1,130,1,1,70.0,0,I,MELB_URBAN,ROAD,12,16.0
99665,1,2,121,1,1,70.0,0,I,MELB_URBAN,ROAD,12,19.0
99666,1,2,130,5,1,100.0,0,N,MELB_URBAN,FREEWAY,12,18.0
99667,1,2,121,1,1,60.0,0,I,MELB_URBAN,STREET,12,18.0
99668,1,1,134,5,1,70.0,0,O,MELB_URBAN,ROAD,12,18.0
99669,1,2,110,1,1,80.0,0,I,MELB_URBAN,ROAD,12,17.0
99670,1,2,110,5,1,60.0,0,N,SMALL_TOWNS,ROAD,12,18.0
99671,1,2,110,1,1,60.0,1,I,SMALL_CITIES,STREET,12,20.0
99672,1,1,121,1,3,80.0,0,I,MELB_URBAN,ROAD,12,22.0
99673,8,2,170,5,1,100.0,1,N,RURAL_VICTORIA,ROAD,12,19.0
99674,4,3,99,5,3,70.0,0,N,MELB_URBAN,HIGHWAY,12,1.0
99675,1,2,160,5,3,60.0,0,N,MELB_URBAN,STREET,12,1.0
99676,1,2,99,2,5,60.0,0,I,RURAL_VICTORIA,ROAD,12,2.0
99677,4,3,99,5,3,100.0,0,N,RURAL_VICTORIA,FREEWAY,12,2.0
99678,4,1,173,5,4,60.0,0,N,LARGE_PROVINCIAL_CITIES,ROAD,12,22.0
99679,1,3,160,5,1,50.0,0,N,MELB_URBAN,DRIVE,12,9.0
99680,1,3,110,1,1,80.0,0,I,RURAL_VICTORIA,ROAD,12,11.0
99681,1,3,147,5,1,40.0,0,N,MELB_URBAN,HIGHWAY,12,12.0
99682,1,3,120,5,1,80.0,0,N,RURAL_VICTORIA,ROAD,12,11.0
99683,1,2,130,5,1,60.0,0,N,MELB_URBAN,ROAD,12,15.0
99684,1,3,130,5,6,60.0,0,N,MELB_URBAN,STREET,12,4.0
99685,1,3,121,2,1,50.0,0,I,MELB_URBAN,ROAD,12,16.0
99686,1,3,113,2,1,80.0,0,I,RURAL_VICTORIA,ROAD,12,17.0
99687,4,3,173,5,1,100.0,0,N,RURAL_VICTORIA,ROAD,12,18.0
99688,1,3,110,1,1,60.0,0,I,MELB_URBAN,ROAD,12,19.0
99689,1,2,121,1,3,60.0,0,I,MELB_URBAN,HIGHWAY,12,22.0
99690,1,3,113,2,1,60.0,0,I,LARGE_PROVINCIAL_CITIES,STREET,12,20.0
99691,4,3,171,5,4,80.0,0,N,RURAL_VICTORIA,ROAD,12,4.0
99692,4,3,173,5,2,100.0,0,N,RURAL_VICTORIA,ROAD,12,20.0
99693,2,3,100,5,5,60.0,0,N,MELB_URBAN,ROAD,12,23.0
99694,3,2,167,5,5,100.0,0,N,RURAL_VICTORIA,ROAD,12,20.0
99695,1,1,121,5,1,60.0,0,N,MELB_URBAN,ROAD,12,14.0
99696,4,3,171,5,1,60.0,0,N,RURAL_VICTORIA,ROAD,12,13.0
99697,4,4,171,2,2,60.0,0,I,RURAL_VICTORIA,ROAD,12,6.0
99698,1,4,133,5,1,40.0,0,N,MELB_URBAN,STREET,12,11.0
99699,1,3,121,1,1,70.0,0,I,MELB_URBAN,ROAD,12,8.0
99700,1,3,130,5,1,90.0,0,N,MELB_URBAN,FREEWAY,12,11.0
99701,1,3,120,2,1,70.0,0,N,MELB_URBAN,HIGHWAY,12,13.0
99702,1,4,110,1,1,60.0,0,I,TOWNS,ROAD,12,14.0
99703,1,4,110,5,1,40.0,0,N,LARGE_PROVINCIAL_CITIES,UNKNOWN,12,14.0
99704,1,4,130,3,9,100.0,0,I,MELB_URBAN,UNKNOWN,12,1.0
99705,4,3,171,5,1,100.0,0,N,RURAL_VICTORIA,ROAD,12,14.0
99706,2,4,100,2,1,60.0,1,I,MELB_URBAN,STREET,12,12.0
99707,2,4,102,1,2,60.0,0,I,MELB_URBAN,ROAD,12,19.0
99708,1,4,135,2,3,40.0,0,I,MELB_URBAN,STREET,12,23.0
99709,1,5,171,5,3,60.0,0,N,MELB_URBAN,ROAD,12,0.0
99710,1,5,110,1,1,70.0,0,I,MELB_URBAN,ROAD,12,6.0
99711,1,5,116,2,1,80.0,0,I,RURAL_VICTORIA,ROAD,12,7.0
99712,1,3,130,5,2,40.0,0,N,MELB_URBAN,STREET,12,20.0
99713,1,5,113,2,1,60.0,0,I,MELB_URBAN,STREET,12,8.0
99714,4,5,171,5,1,100.0,0,N,RURAL_VICTORIA,ROAD,12,9.0
99715,7,5,99,2,1,60.0,0,I,RURAL_VICTORIA,ROAD,12,7.0
99716,4,5,171,5,1,60.0,0,N,MELB_URBAN,STREET,12,9.0
99717,1,5,133,5,1,80.0,0,N,MELB_URBAN,HIGHWAY,12,10.0
99718,1,4,121,1,1,50.0,0,I,MELB_URBAN,PARADE,12,10.0
99719,1,5,121,2,1,100.0,0,I,RURAL_VICTORIA,HIGHWAY,12,10.0
99720,7,4,99,5,1,50.0,0,N,MELB_URBAN,STREET,12,19.0
99721,4,5,171,5,1,60.0,0,N,MELB_URBAN,ROAD,12,13.0
99722,1,4,130,5,1,70.0,0,N,MELB_URBAN,ROAD,12,12.0
99723,1,6,116,1,1,60.0,0,N,LARGE_PROVINCIAL_CITIES,ROAD,10,9.0
99724,1,5,110,1,1,60.0,0,I,MELB_URBAN,STREET,12,14.0
99725,1,5,99,3,1,40.0,0,N,RURAL_VICTORIA,RAMP,12,11.0
99726,1,3,130,5,2,80.0,0,I,MELB_URBAN,ROAD,12,20.0
99727,1,5,130,5,1,50.0,0,N,MELB_URBAN,ROAD,12,12.0
99728,2,5,100,1,1,60.0,0,I,MELB_URBAN,STREET,12,14.0
99729,4,4,171,5,1,110.0,0,N,RURAL_VICTORIA,HIGHWAY,12,14.0
99730,1,5,120,5,1,100.0,0,N,RURAL_VICTORIA,HIGHWAY,12,14.0
99731,1,5,147,5,1,60.0,0,N,MELB_URBAN,STREET,12,17.0
99732,4,5,173,5,1,100.0,0,N,RURAL_VICTORIA,ROAD,12,16.0
99733,1,4,99,2,1,60.0,0,I,MELB_URBAN,ROAD,12,17.0
99734,1,2,99,1,1,40.0,0,I,MELB_URBAN,PARADE,12,16.0
99735,1,4,113,2,1,80.0,0,I,MELB_URBAN,HIGHWAY,12,17.0
99736,1,4,130,1,1,40.0,0,N,MELB_URBAN,STREET,12,16.0
99737,1,5,121,2,3,60.0,0,I,MELB_URBAN,ROAD,12,21.0
99738,1,5,135,2,3,40.0,0,I,MELBOURNE_CBD,STREET,12,23.0
99739,2,5,100,1,3,60.0,0,I,MELB_URBAN,ROAD,12,22.0
99740,1,6,99,1,1,60.0,0,I,TOWNS,STREET,12,7.0
99741,1,5,121,2,1,40.0,0,I,MELB_URBAN,STREET,12,9.0
99742,1,6,130,1,1,60.0,0,I,MELB_URBAN,OTHER,12,17.0
99743,6,6,99,5,1,50.0,0,N,RURAL_VICTORIA,ROAD,12,7.0
99744,4,6,173,4,1,100.0,0,N,RURAL_VICTORIA,ROAD,12,7.0
99745,1,6,113,2,1,60.0,0,I,MELB_URBAN,STREET,12,9.0
99746,1,6,120,5,1,100.0,0,N,RURAL_VICTORIA,ROAD,12,9.0
99747,4,5,171,5,1,50.0,0,N,MELB_URBAN,ROAD,12,11.0
99748,1,6,130,2,1,60.0,0,I,MELB_URBAN,ROAD,12,10.0
99749,1,6,121,4,1,50.0,0,I,MELB_URBAN,DRIVE,12,11.0
99750,1,7,99,2,1,80.0,0,I,MELB_URBAN,ROAD,12,9.0
99751,1,5,120,5,2,60.0,0,N,LARGE_PROVINCIAL_CITIES,HIGHWAY,12,18.0
99752,2,6,100,5,1,40.0,0,N,MELB_URBAN,STREET,12,12.0
99753,1,6,132,2,1,80.0,0,I,RURAL_VICTORIA,ROAD,12,13.0
99754,4,6,171,2,1,70.0,0,N,MELB_URBAN,ROAD,12,16.0
99755,1,6,99,2,1,50.0,0,N,MELB_URBAN,DRIVE,12,17.0
99756,1,5,111,1,1,70.0,0,N,MELB_URBAN,ROAD,12,19.0
99757,1,6,121,2,1,70.0,0,I,MELB_URBAN,ROAD,12,20.0
99758,4,5,99,5,5,80.0,0,N,RURAL_VICTORIA,ROAD,12,23.0
99759,4,6,171,5,1,40.0,0,N,MELB_URBAN,RAMP,12,8.0
99760,4,7,181,5,1,100.0,0,N,RURAL_VICTORIA,ROAD,12,8.0
99761,6,6,99,5,5,100.0,0,N,RURAL_VICTORIA,HIGHWAY,12,23.0
99762,4,7,171,5,2,100.0,0,N,RURAL_VICTORIA,ROAD,12,7.0
99763,1,5,113,2,1,50.0,0,I,MELB_URBAN,ROAD,12,16.0
99764,1,1,110,1,1,50.0,0,I,LARGE_PROVINCIAL_CITIES,ROAD,12,9.0
99765,6,4,174,5,1,80.0,0,N,RURAL_VICTORIA,ROAD,12,15.0
99766,1,2,130,1,1,70.0,0,I,MELB_URBAN,ROAD,12,14.0
99767,6,7,170,5,1,100.0,0,N,RURAL_VICTORIA,DRIVE,12,14.0
99768,1,7,99,1,1,50.0,0,I,MELB_URBAN,ROAD,12,15.0
99769,4,7,99,2,1,100.0,0,I,RURAL_VICTORIA,ROAD,12,15.0
99770,1,7,132,5,1,100.0,0,N,RURAL_VICTORIA,ROAD,12,16.0
99771,1,6,130,2,1,60.0,0,I,MELB_URBAN,STREET,12,13.0
99772,1,5,130,5,3,70.0,0,N,MELB_URBAN,ROAD,3,0.0
99773,6,5,174,5,5,100.0,0,N,RURAL_VICTORIA,ROAD,12,20.0
99774,2,7,99,2,1,50.0,0,I,MELB_URBAN,AVENUE,12,18.0
99775,1,7,130,5,1,100.0,0,N,RURAL_VICTORIA,ROAD,12,16.0
99776,1,6,110,1,1,50.0,0,I,MELB_URBAN,ROAD,12,16.0
99777,4,7,181,5,1,100.0,1,N,RURAL_VICTORIA,HIGHWAY,12,17.0
99778,2,7,99,5,3,50.0,0,N,LARGE_PROVINCIAL_CITIES,STREET,12,21.0
99779,1,7,121,2,2,80.0,0,I,MELB_URBAN,HIGHWAY,12,20.0
99780,4,0,171,5,3,50.0,0,N,MELB_URBAN,PARADE,12,3.0
99781,1,7,132,2,1,60.0,0,N,MELB_URBAN,ROAD,12,14.0
99782,1,7,121,2,1,80.0,0,I,SMALL_CITIES,HIGHWAY,12,13.0
99783,1,7,113,2,1,80.0,0,I,RURAL_VICTORIA,ROAD,12,9.0
99784,4,7,181,5,5,100.0,0,N,RURAL_VICTORIA,HIGHWAY,12,23.0
99785,1,7,120,5,2,100.0,0,N,RURAL_VICTORIA,OTHER,12,16.0
99786,1,1,121,2,2,60.0,0,I,MELB_URBAN,ROAD,12,5.0
99787,1,1,111,2,1,80.0,0,I,MELB_URBAN,ROAD,12,10.0
99788,1,1,99,5,1,40.0,0,N,SMALL_CITIES,STREET,12,11.0
99789,1,1,113,1,1,50.0,0,I,MELB_URBAN,STREET,12,9.0
99790,4,1,171,5,1,50.0,0,N,TOWNS,ROAD,12,13.0
99791,4,1,171,5,1,60.0,0,N,MELB_URBAN,ROAD,12,8.0
99792,4,1,181,5,5,80.0,0,N,RURAL_VICTORIA,HIGHWAY,12,2.0
99793,4,1,181,5,1,100.0,0,N,RURAL_VICTORIA,OTHER,12,13.0
99794,4,1,171,5,1,100.0,0,N,RURAL_VICTORIA,ROAD,12,12.0
99795,4,7,171,5,5,80.0,0,N,RURAL_VICTORIA,HIGHWAY,12,22.0
99796,1,7,135,1,1,60.0,0,N,MELB_URBAN,STREET,12,18.0
99797,4,1,173,5,1,100.0,0,N,RURAL_VICTORIA,HIGHWAY,12,10.0
99798,1,0,110,1,1,50.0,0,N,MELB_URBAN,STREET,12,14.0
99799,1,0,116,1,1,70.0,0,I,MELB_URBAN,ROAD,12,15.0
99800,8,1,99,5,1,80.0,0,N,RURAL_VICTORIA,ROAD,12,13.0
99801,1,1,132,2,1,60.0,0,I,SMALL_CITIES,ROAD,12,17.0
99802,4,1,181,5,1,80.0,0,N,MELB_URBAN,RAMP,12,13.0
99803,6,3,174,5,1,60.0,0,N,RURAL_VICTORIA,OTHER,12,10.0
99804,4,0,181,5,5,100.0,0,N,RURAL_VICTORIA,ROAD,12,21.0
99805,1,1,99,5,3,80.0,0,N,MELB_URBAN,HIGHWAY,12,23.0
99806,4,1,173,2,5,80.0,0,I,RURAL_VICTORIA,ROAD,12,23.0
99807,2,2,100,5,3,80.0,1,N,MELB_URBAN,ROAD,12,2.0
99808,1,1,120,5,1,100.0,0,N,RURAL_VICTORIA,ROAD,12,10.0
99809,5,1,99,5,1,100.0,0,N,RURAL_VICTORIA,OTHER,12,12.0
99810,5,2,99,5,1,50.0,0,N,TOWNS,ROAD,12,10.0