,accident_type,day_of_week,dca_code,road_geometry,light_condition,speed_zone,severity,node_type,deg_urban_name,road_type,month,hour
99811,2,1,100,2,1,40.0,0,I,MELB_URBAN,ROAD,12,10.0
99812,1,2,110,1,1,80.0,0,I,MELB_URBAN,ROAD,12,9.0
99813,8,2,99,5,1,80.0,0,N,RURAL_VICTORIA,ROAD,12,8.0
99814,1,1,120,5,1,80.0,0,N,RURAL_VICTORIA,HIGHWAY,12,18.0
99815,4,2,181,5,1,80.0,0,N,RURAL_VICTORIA,ROAD,12,13.0
99816,1,2,121,2,1,70.0,0,I,MELB_URBAN,HIGHWAY,12,14.0
99817,1,2,120,5,1,80.0,0,N,RURAL_VICTORIA,ROAD,12,12.0
99818,1,2,130,5,1,80.0,0,N,MELB_URBAN,ROAD,12,14.0
99819,1,2,130,5,1,70.0,0,N,LARGE_PROVINCIAL_CITIES,HIGHWAY,12,16.0
99820,1,2,116,1,1,80.0,0,I,RURAL_VICTORIA,ROAD,12,17.0
99821,1,2,120,5,1,60.0,0,N,MELB_URBAN,ROAD,12,17.0
99822,1,1,160,2,1,50.0,0,N,MELB_URBAN,STREET,12,17.0
99823,1,2,147,5,1,60.0,0,N,MELB_URBAN,ROAD,12,16.0
99824,1,2,113,2,1,60.0,0,I,SMALL_CITIES,RAMP,12,18.0
99825,4,2,173,2,1,50.0,0,I,LARGE_PROVINCIAL_CITIES,STREET,12,18.0
99826,1,2,135,5,1,110.0,0,N,SMALL_CITIES,FREEWAY,12,18.0
99827,8,2,99,5,1,60.0,0,N,RURAL_VICTORIA,ROAD,12,18.0
99828,1,1,120,5,3,40.0,0,N,LARGE_PROVINCIAL_CITIES,STREET,12,21.0
99829,4,2,173,2,3,80.0,0,N,MELB_URBAN,ROAD,12,23.0
99830,1,2,99,2,1,60.0,0,N,MELB_URBAN,ROAD,12,19.0
99831,1,2,160,5,3,50.0,0,N,MELB_URBAN,OTHER,12,21.0
99832,4,2,183,5,5,100.0,0,N,RURAL_VICTORIA,ROAD,12,23.0
99833,4,3,173,2,3,60.0,0,N,MELB_URBAN,ROAD,1,2.0
99834,4,2,171,5,5,70.0,0,N,RURAL_VICTORIA,HIGHWAY,1,3.0
99835,4,2,173,5,3,50.0,0,N,MELB_URBAN,STREET,1,2.0
99836,4,3,173,5,1,100.0,0,N,MELB_URBAN,UNKNOWN,1,6.0
99837,4,3,173,2,1,50.0,0,I,MELB_URBAN,OTHER,1,6.0
99838,4,3,173,2,1,50.0,0,I,MELB_URBAN,STREET,1,8.0
99839,4,3,171,5,1,100.0,0,N,LARGE_PROVINCIAL_CITIES,HIGHWAY,1,7.0
99840,8,3,99,5,1,100.0,0,N,RURAL_VICTORIA,HIGHWAY,1,7.0
99841,2,3,100,1,1,60.0,0,I,MELB_URBAN,STREET,1,10.0
99842,4,2,171,5,1,100.0,0,N,RURAL_VICTORIA,HIGHWAY,12,18.0
99843,6,2,99,5,1,100.0,0,N,RURAL_VICTORIA,ROAD,1,12.0
99844,1,3,120,5,1,80.0,0,N,RURAL_VICTORIA,ROAD,1,13.0
99845,1,4,130,5,1,80.0,0,N,MELB_URBAN,HIGHWAY,12,16.0
99846,7,6,99,5,3,60.0,0,N,RURAL_VICTORIA,ROAD,12,23.0
99847,1,2,113,2,1,60.0,0,I,TOWNS,HIGHWAY,1,15.0
99848,4,3,99,2,1,50.0,0,I,MELB_URBAN,AVENUE,1,15.0
99849,5,2,99,5,1,80.0,0,N,RURAL_VICTORIA,HIGHWAY,1,15.0
99850,1,3,110,1,1,80.0,0,I,RURAL_VICTORIA,ROAD,1,15.0
99851,1,6,130,5,1,40.0,0,N,MELB_URBAN,STREET,12,12.0
99852,4,2,171,5,1,50.0,0,N,MELB_URBAN,DRIVE,1,13.0
99853,4,3,171,5,1,50.0,0,N,RURAL_VICTORIA,ROAD,1,14.0
99854,1,3,160,5,1,50.0,0,N,MELB_URBAN,STREET,1,17.0
99855,4,2,171,5,1,100.0,0,N,RURAL_VICTORIA,FREEWAY,1,17.0
99856,1,3,130,5,1,60.0,0,N,SMALL_CITIES,ROAD,1,19.0
99857,4,3,171,1,3,80.0,0,N,MELB_URBAN,HIGHWAY,1,4.0
99858,3,2,167,5,5,100.0,0,N,RURAL_VICTORIA,HIGHWAY,1,20.0
99859,1,2,113,2,3,60.0,0,I,MELB_URBAN,ROAD,1,22.0
99860,4,3,171,5,3,60.0,0,N,LARGE_PROVINCIAL_CITIES,HIGHWAY,1,3.0
99861,1,3,120,5,1,100.0,0,N,RURAL_VICTORIA,HIGHWAY,1,16.0
99862,4,3,171,5,3,100.0,0,N,MELB_URBAN,UNKNOWN,1,23.0
99863,1,4,121,1,3,80.0,0,I,MELB_URBAN,ROAD,1,0.0
99864,1,4,120,2,3,70.0,0,I,MELB_URBAN,ROAD,1,1.0
99865,2,4,102,2,3,50.0,0,I,MELB_URBAN,DRIVE,1,0.0
99866,1,4,140,5,3,50.0,0,N,MELB_URBAN,DRIVE,1,4.0
99867,1,4,110,1,2,40.0,0,I,MELB_URBAN,ROAD,1,5.0
99868,1,4,110,1,1,50.0,0,I,LARGE_PROVINCIAL_CITIES,STREET,1,7.0
99869,4,3,99,5,1,50.0,0,N,SMALL_CITIES,ROAD,1,20.0
99870,2,3,99,5,3,60.0,0,N,TOWNS,HIGHWAY,1,22.0
99871,7,4,99,5,1,50.0,0,N,SMALL_CITIES,STREET,1,11.0
99872,2,4,100,1,1,60.0,0,I,MELB_URBAN,STREET,1,6.0
99873,8,7,174,1,5,60.0,0,I,MELB_URBAN,STREET,12,23.0
99874,1,3,110,1,3,50.0,0,I,MELB_URBAN,AVENUE,12,21.0
99875,1,4,121,1,3,70.0,0,N,MELB_URBAN,PARADE,1,2.0
99876,4,4,171,2,1,60.0,0,I,MELB_URBAN,ROAD,1,13.0
99877,1,4,130,1,1,80.0,0,N,MELB_URBAN,HIGHWAY,1,13.0
99878,3,2,167,2,5,80.0,0,N,MELB_URBAN,ROAD,12,4.0
99879,2,4,102,1,1,40.0,0,I,MELBOURNE_CBD,STREET,1,15.0
99880,1,4,121,2,1,50.0,0,I,MELB_URBAN,OTHER,1,14.0
99881,1,3,130,5,1,80.0,0,N,MELB_URBAN,OTHER,9,8.0
99882,6,4,99,5,1,100.0,0,N,RURAL_VICTORIA,ROAD,1,10.0
99883,1,4,113,2,1,100.0,0,I,RURAL_VICTORIA,ROAD,1,14.0
99884,8,4,184,5,1,40.0,0,N,RURAL_VICTORIA,ROAD,1,17.0
99885,9,5,99,5,1,80.0,0,N,MELB_URBAN,ROAD,12,19.0
99886,2,4,100,2,1,60.0,0,I,MELB_URBAN,HIGHWAY,1,20.0
99887,1,4,110,1,1,60.0,0,I,MELB_URBAN,STREET,1,19.0
99888,1,1,113,2,1,60.0,0,I,MELB_URBAN,ROAD,12,18.0
99889,1,4,121,5,1,50.0,0,N,SMALL_CITIES,ROAD,1,13.0
99890,2,4,100,5,1,30.0,0,N,MELB_URBAN,ROAD,1,18.0
99891,1,5,135,5,9,40.0,0,N,MELBOURNE_CBD,STREET,12,19.0
99892,1,4,130,5,1,80.0,0,N,MELB_URBAN,ROAD,1,10.0
99893,1,7,121,2,1,50.0,0,I,MELB_URBAN,STREET,12,14.0
99894,4,5,171,5,1,80.0,0,N,RURAL_VICTORIA,ROAD,1,10.0
99895,1,4,99,5,1,80.0,0,N,RURAL_VICTORIA,ROAD,1,12.0
99896,6,3,99,5,1,100.0,0,N,RURAL_VICTORIA,ROAD,1,12.0
99897,6,2,174,2,1,60.0,0,I,MELB_URBAN,ROAD,12,10.0
99898,5,5,181,5,1,100.0,0,N,RURAL_VICTORIA,HIGHWAY,1,14.0
99899,1,5,132,5,1,50.0,0,N,SMALL_CITIES,DRIVE,1,17.0
99900,1,4,130,5,1,60.0,0,N,MELB_URBAN,STREET,1,16.0
99901,4,4,99,1,1,60.0,0,I,MELB_URBAN,ROAD,1,17.0
99902,8,5,174,5,1,40.0,0,N,MELB_URBAN,STREET,1,19.0
99903,1,5,130,2,1,80.0,0,I,RURAL_VICTORIA,HIGHWAY,1,16.0
99904,4,4,181,2,1,100.0,0,I,RURAL_VICTORIA,ROAD,1,18.0
99905,1,4,130,1,1,80.0,0,N,MELB_URBAN,ROAD,1,18.0
99906,1,5,130,2,2,60.0,0,I,SMALL_CITIES,DRIVE,1,20.0
99907,4,6,171,5,5,100.0,0,N,RURAL_VICTORIA,HIGHWAY,1,2.0
99908,8,5,174,5,3,60.0,0,N,TOWNS,AVENUE,1,22.0
99909,1,6,147,5,1,60.0,0,N,TOWNS,STREET,1,11.0
99910,1,6,116,2,1,70.0,0,I,SMALL_CITIES,ROAD,1,10.0
99911,2,6,99,1,1,60.0,0,I,MELB_URBAN,ROAD,1,13.0
99912,4,7,173,2,9,60.0,0,N,SMALL_CITIES,ROAD,12,20.0
99913,1,6,133,1,1,80.0,0,N,MELB_URBAN,ROAD,1,12.0
99914,2,6,100,2,1,60.0,0,N,MELB_URBAN,ROAD,1,10.0
99915,1,4,135,6,1,60.0,0,N,MELB_URBAN,ROAD,11,6.0
99916,1,4,110,1,1,60.0,0,I,MELB_URBAN,STREET,12,15.0
99917,1,6,134,5,1,60.0,0,N,MELB_URBAN,ROAD,1,15.0
99918,4,5,171,5,1,60.0,0,N,MELB_URBAN,ROAD,1,12.0
99919,1,6,110,1,1,50.0,0,I,TOWNS,STREET,1,15.0
99920,6,6,170,5,1,75.0,0,N,MELB_URBAN,ROAD,1,14.0
99921,1,6,121,2,1,60.0,0,I,MELB_URBAN,OTHER,1,15.0
99922,1,6,130,1,1,60.0,0,I,MELB_URBAN,STREET,1,18.0
99923,1,6,130,1,1,80.0,0,I,MELB_URBAN,ROAD,1,17.0
99924,1,3,147,5,1,60.0,0,N,MELB_URBAN,OTHER,12,10.0
99925,1,6,121,2,1,60.0,0,N,MELB_URBAN,STREET,1,7.0
99926,4,6,171,5,1,100.0,0,N,RURAL_VICTORIA,HIGHWAY,1,18.0
99927,4,6,181,5,1,100.0,0,N,RURAL_VICTORIA,ROAD,1,19.0
99928,4,5,99,2,1,60.0,0,I,LARGE_PROVINCIAL_CITIES,ROAD,1,19.0
99929,4,6,171,1,3,80.0,0,I,MELB_URBAN,ROAD,1,20.0
99930,1,7,99,2,3,40.0,0,I,SMALL_CITIES,ROAD,1,3.0
99931,4,7,173,2,5,60.0,0,I,MELB_URBAN,ROAD,1,3.0
99932,2,5,100,5,1,50.0,0,N,MELB_URBAN,ROAD,1,14.0
99933,1,6,130,2,1,60.0,0,I,MELB_URBAN,ROAD,1,9.0
99934,1,1,99,1,1,60.0,0,I,SMALL_CITIES,ROAD,12,12.0
99935,1,7,130,5,1,60.0,0,N,MELB_URBAN,ROAD,1,9.0
99936,1,7,99,5,1,80.0,0,N,SMALL_CITIES,OTHER,1,10.0
99937,1,7,110,1,1,60.0,0,I,MELB_URBAN,STREET,1,11.0
99938,1,6,130,5,1,80.0,0,N,MELB_URBAN,ROAD,1,16.0
99939,1,7,116,2,1,60.0,0,I,MELB_URBAN,ROAD,1,9.0
99940,4,7,171,5,1,60.0,0,N,MELB_URBAN,ROAD,1,12.0
99941,5,7,99,5,6,80.0,0,N,RURAL_VICTORIA,ROAD,1,1.0
99942,1,7,121,1,1,60.0,0,I,MELB_URBAN,HIGHWAY,1,13.0
99943,1,7,121,2,1,100.0,0,I,RURAL_VICTORIA,HIGHWAY,1,13.0
99944,1,6,134,2,1,60.0,0,N,MELB_URBAN,ROAD,1,13.0
99945,1,7,130,2,1,60.0,0,I,MELB_URBAN,ROAD,1,14.0
99946,4,5,183,2,1,60.0,0,I,SMALL_TOWNS,ROAD,1,19.0
99947,1,7,130,2,1,60.0,0,I,MELB_URBAN,ROAD,1,15.0
99948,1,7,130,5,1,60.0,0,N,MELB_URBAN,ROAD,1,14.0
99949,1,6,110,1,2,60.0,0,I,LARGE_PROVINCIAL_CITIES,ROAD,1,16.0
99950,1,6,110,1,1,80.0,0,I,MELB_URBAN,RAMP,1,19.0
99951,1,5,130,2,9,50.0,0,I,MELB_URBAN,ROAD,1,17.0
99952,1,7,110,1,1,60.0,0,I,SMALL_TOWNS,HIGHWAY,1,14.0
99953,1,7,120,5,1,80.0,0,N,RURAL_VICTORIA,ROAD,1,12.0
99954,1,5,130,5,5,100.0,0,N,RURAL_VICTORIA,ROAD,1,23.0
99955,6,7,174,5,1,100.0,0,N,RURAL_VICTORIA,HIGHWAY,1,17.0
99956,1,6,130,2,1,80.0,0,I,RURAL_VICTORIA,DRIVE,1,17.0
99957,1,6,121,2,1,80.0,0,N,MELB_URBAN,ROAD,1,15.0
99958,1,7,121,1,1,80.0,0,I,MELB_URBAN,HIGHWAY,1,19.0
99959,2,6,100,1,1,60.0,0,I,MELB_URBAN,STREET,1,19.0
99960,1,6,130,5,1,50.0,0,N,MELB_URBAN,ROAD,1,16.0
99961,4,7,171,5,2,80.0,0,N,RURAL_VICTORIA,ROAD,1,20.0
99962,1,3,110,1,1,50.0,0,I,MELB_URBAN,STREET,12,17.0
99963,1,6,110,1,3,70.0,0,I,MELB_URBAN,ROAD,1,0.0
99964,9,1,99,1,9,60.0,0,I,SMALL_CITIES,STREET,1,1.0
99965,4,7,99,5,5,80.0,0,UNKNOWN,UNKNOWN,UNKNOWN,1,22.0
99966,4,1,173,5,3,60.0,0,N,SMALL_CITIES,STREET,12,21.0
99967,4,1,173,5,2,80.0,0,N,SMALL_TOWNS,ROAD,1,6.0
99968,1,1,99,2,1,60.0,0,I,MELB_URBAN,ROAD,1,11.0
99969,1,1,110,1,1,40.0,0,I,MELB_URBAN,ROAD,1,10.0
99970,4,0,181,5,1,80.0,0,N,RURAL_VICTORIA,ROAD,1,8.0
99971,1,0,110,1,1,60.0,0,I,MELB_URBAN,STREET,1,10.0
99972,1,1,134,5,1,80.0,0,N,MELB_URBAN,ROAD,1,12.0
99973,1,1,113,2,1,100.0,0,I,RURAL_VICTORIA,ROAD,1,12.0
99974,1,0,99,4,1,60.0,0,I,LARGE_PROVINCIAL_CITIES,ROAD,1,12.0
99975,1,1,121,2,1,80.0,0,I,TOWNS,HIGHWAY,1,12.0
99976,8,6,99,1,2,80.0,0,I,MELB_URBAN,ROAD,1,20.0
99977,6,6,99,2,1,100.0,0,I,RURAL_VICTORIA,HIGHWAY,1,16.0
99978,2,0,102,5,1,50.0,0,N,MELB_URBAN,PARADE,1,15.0
99979,1,1,130,5,1,60.0,0,N,MELB_URBAN,BOULEVARD,1,17.0
99980,1,1,121,2,1,60.0,0,I,MELB_URBAN,ROAD,1,16.0
99981,6,1,170,5,2,100.0,0,N,RURAL_VICTORIA,ROAD,1,5.0
99982,4,1,171,5,1,60.0,0,N,MELB_URBAN,ROAD,1,19.0
99983,1,1,99,5,1,60.0,0,N,MELB_URBAN,STREET,1,18.0
99984,4,5,181,5,5,100.0,0,N,RURAL_VICTORIA,ROAD,1,5.0
99985,4,1,183,5,1,100.0,0,N,RURAL_VICTORIA,ROAD,1,17.0
99986,4,0,171,5,1,100.0,0,N,RURAL_VICTORIA,FREEWAY,1,17.0
99987,1,1,160,5,1,40.0,0,N,MELB_URBAN,ROAD,1,13.0
99988,4,7,171,5,1,50.0,0,N,RURAL_VICTORIA,ROAD,1,17.0
99989,1,1,110,1,1,50.0,0,I,MELB_URBAN,ROAD,1,10.0
99990,3,3,167,5,5,100.0,0,N,RURAL_VICTORIA,ROAD,1,21.0
99991,4,1,173,5,2,100.0,0,N,RURAL_VICTORIA,HIGHWAY,1,20.0
99992,1,1,130,5,1,50.0,0,N,MELB_URBAN,ROAD,1,18.0
99993,4,1,99,2,3,50.0,0,I,MELB_URBAN,STREET,1,23.0
99994,6,2,170,5,5,60.0,0,N,RURAL_VICTORIA,ROAD,1,0.0
99995,4,2,183,5,5,100.0,1,N,RURAL_VICTORIA,ROAD,1,2.0
99996,1,3,121,1,3,60.0,0,I,MELB_URBAN,HIGHWAY,1,23.0
99997,1,1,121,1,1,60.0,0,I,MELB_URBAN,ROAD,1,8.0
99998,1,1,130,5,1,80.0,0,N,MELB_URBAN,HIGHWAY,1,6.0
99999,2,1,102,2,1,60.0,0,I,MELB_URBAN,ROAD,1,19.0
100000,1,2,121,2,1,80.0,0,I,RURAL_VICTORIA,ROAD,1,8.0
100001,1,2,99,1,1,90.0,0,I,RURAL_VICTORIA,ROAD,1,9.0
100002,2,2,100,1,1,50.0,0,I,MELB_URBAN,ROAD,1,12.0
100003,1,1,110,1,1,80.0,0,I,RURAL_VICTORIA,ROAD,1,12.0
100004,1,2,111,2,1,60.0,0,I,MELB_URBAN,ROAD,1,13.0
100005,1,2,113,2,1,80.0,0,I,TOWNS,ROAD,1,11.0
100006,1,2,121,2,1,60.0,0,N,MELB_URBAN,ROAD,1,13.0
100007,1,1,130,5,1,100.0,0,N,RURAL_VICTORIA,HIGHWAY,1,19.0
100008,1,2,110,1,1,60.0,0,I,LARGE_PROVINCIAL_CITIES,STREET,1,13.0
100009,1,2,121,2,1,60.0,0,I,SMALL_CITIES,STREET,1,14.0
100010,4,2,181,5,1,100.0,0,N,RURAL_VICTORIA,ROAD,1,8.0
100011,4,1,173,5,1,100.0,0,N,RURAL_VICTORIA,UNKNOWN,1,16.0
100012,1,2,130,5,1,40.0,0,N,MELB_URBAN,STREET,1,13.0
100013,1,4,121,2,1,70.0,0,I,MELB_URBAN,ROAD,12,13.0
100014,1,3,130,5,1,80.0,0,N,MELB_URBAN,HIGHWAY,12,13.0
100015,1,3,120,5,1,60.0,0,N,RURAL_VICTORIA,ROAD,1,18.0
100016,1,2,110,1,1,50.0,0,I,MELB_URBAN,AVENUE,1,17.0
100017,6,2,174,5,1,80.0,0,N,MELB_URBAN,ROAD,1,17.0
100018,1,0,135,5,1,50.0,0,N,MELB_URBAN,UNKNOWN,7,10.0
100019,1,2,130,2,1,60.0,0,I,MELB_URBAN,PARADE,1,18.0
100020,1,2,140,5,1,100.0,0,N,RURAL_VICTORIA,ROAD,1,15.0
100021,1,5,130,2,1,60.0,0,I,MELB_URBAN,ROAD,12,8.0
100022,1,2,121,1,3,70.0,0,I,MELB_URBAN,ROAD,1,21.0
100023,1,2,132,2,6,60.0,0,I,MELB_URBAN,ROAD,1,21.0
100024,1,2,120,2,3,50.0,0,I,MELB_URBAN,ROAD,1,22.0
100025,3,2,167,5,3,50.0,0,N,SMALL_TOWNS,AVENUE,1,0.0
100026,3,3,167,5,5,110.0,0,N,RURAL_VICTORIA,FREEWAY,1,5.0
100027,1,2,120,5,1,110.0,1,N,RURAL_VICTORIA,HIGHWAY,1,12.0
100028,4,3,99,5,1,60.0,0,N,SMALL_CITIES,DRIVE,1,7.0
100029,4,2,173,1,1,60.0,0,I,MELB_URBAN,STREET,1,14.0
100030,2,5,99,5,2,100.0,0,N,MELB_URBAN,UNKNOWN,12,17.0
100031,1,1,130,5,1,70.0,0,N,MELB_URBAN,STREET,1,18.0
100032,1,0,99,1,1,60.0,0,I,TOWNS,STREET,1,11.0
100033,1,3,99,4,1,60.0,0,I,MELB_URBAN,ROAD,1,12.0
100034,1,3,110,1,1,50.0,0,I,TOWNS,STREET,1,11.0
100035,1,3,113,2,1,80.0,0,I,SMALL_CITIES,HIGHWAY,1,13.0
100036,1,3,147,5,1,60.0,0,N,MELB_URBAN,STREET,1,11.0
100037,4,3,173,5,1,60.0,0,N,SMALL_CITIES,ROAD,1,14.0
100038,1,2,130,5,1,70.0,0,N,SMALL_CITIES,HIGHWAY,1,11.0
100039,1,3,99,2,1,50.0,0,I,MELB_URBAN,STREET,1,16.0
100040,2,3,102,1,9,60.0,0,I,MELB_URBAN,STREET,1,11.0
100041,1,3,173,2,1,80.0,0,I,MELB_URBAN,ROAD,1,14.0
100042,1,3,111,1,1,60.0,0,I,MELB_URBAN,OTHER,1,11.0
100043,1,3,120,5,1,50.0,0,N,MELB_URBAN,DRIVE,1,16.0
100044,4,3,173,5,1,100.0,0,N,RURAL_VICTORIA,ROAD,1,15.0
100045,5,3,99,5,1,80.0,0,N,MELB_URBAN,RAMP,1,17.0
100046,1,3,130,5,2,60.0,0,N,MELB_URBAN,ROAD,1,17.0
100047,1,3,147,2,1,60.0,0,N,MELB_URBAN,ROAD,1,16.0
100048,1,3,130,5,2,60.0,0,N,MELB_URBAN,ROAD,1,20.0
100049,4,3,171,5,1,80.0,0,N,MELB_URBAN,RAMP,1,20.0
100050,2,1,100,2,6,40.0,0,I,MELB_URBAN,STREET,12,4.0
100051,2,3,100,1,3,40.0,0,I,MELB_URBAN,OTHER,1,23.0
100052,4,4,99,2,3,50.0,0,I,MELB_URBAN,ROAD,1,2.0
100053,1,3,110,1,2,60.0,0,I,LARGE_PROVINCIAL_CITIES,STREET,1,5.0
100054,1,2,130,5,1,80.0,0,N,MELB_URBAN,ROAD,1,19.0
100055,1,4,132,2,1,60.0,0,I,SMALL_CITIES,AVENUE,1,9.0
100056,1,3,130,5,1,100.0,0,N,MELB_URBAN,FREEWAY,1,11.0
100057,1,3,135,2,1,40.0,0,I,MELB_URBAN,STREET,1,12.0
100058,1,6,110,1,3,80.0,0,N,MELB_URBAN,STREET,12,20.0
100059,1,3,113,2,1,80.0,0,I,RURAL_VICTORIA,ROAD,1,14.0
100060,1,1,130,5,1,60.0,0,N,MELB_URBAN,HIGHWAY,1,12.0
100061,1,4,110,1,1,60.0,0,I,TOWNS,STREET,1,12.0
100062,1,3,110,1,1,60.0,0,I,SMALL_CITIES,HIGHWAY,1,13.0
100063,4,4,171,5,1,100.0,0,N,RURAL_VICTORIA,HIGHWAY,1,11.0
100064,1,4,130,1,1,60.0,0,I,MELB_URBAN,ROAD,1,13.0
100065,8,4,174,5,1,40.0,0,N,MELB_URBAN,HIGHWAY,1,6.0
100066,1,4,130,2,1,60.0,0,I,RURAL_VICTORIA,ROAD,1,14.0
100067,1,4,130,5,1,70.0,0,N,MELB_URBAN,ROAD,1,15.0
100068,1,3,135,5,1,60.0,0,N,MELB_URBAN,ROAD,1,17.0
100069,1,4,121,5,1,60.0,0,N,TOWNS,STREET,1,17.0
100070,1,4,120,5,1,60.0,0,N,MELB_URBAN,ROAD,1,16.0
100071,1,4,132,2,1,90.0,0,I,RURAL_VICTORIA,HIGHWAY,1,16.0
100072,5,3,99,5,1,100.0,0,N,RURAL_VICTORIA,ROAD,1,17.0
100073,6,6,174,5,1,50.0,0,O,RURAL_VICTORIA,UNKNOWN,2,13.0
100074,8,4,174,5,1,100.0,0,N,RURAL_VICTORIA,ROAD,1,16.0
100075,1,4,121,2,1,80.0,0,I,MELB_URBAN,ROAD,1,19.0
100076,4,3,171,1,1,50.0,0,I,MELB_URBAN,STREET,11,11.0
100077,4,2,171,1,3,70.0,0,I,MELB_URBAN,BOULEVARD,1,0.0
100078,1,4,140,1,3,70.0,0,I,MELB_URBAN,ROAD,1,23.0
100079,1,6,110,1,1,40.0,0,I,MELB_URBAN,ROAD,1,15.0
100080,1,5,130,5,1,80.0,0,N,MELB_URBAN,ROAD,1,7.0
100081,3,3,167,5,1,60.0,0,N,RURAL_VICTORIA,ROAD,1,7.0
100082,1,6,110,1,1,60.0,0,I,SMALL_CITIES,STREET,1,17.0
100083,4,4,171,1,5,80.0,0,I,RURAL_VICTORIA,ROAD,1,1.0
100084,1,5,110,1,1,50.0,0,I,SMALL_CITIES,STREET,1,13.0
100085,1,5,116,2,1,80.0,0,N,MELB_URBAN,STREET,1,7.0
100086,4,5,173,5,1,100.0,0,N,RURAL_VICTORIA,ROAD,1,13.0
100087,1,6,133,5,2,100.0,0,N,RURAL_VICTORIA,FREEWAY,12,20.0
100088,1,5,130,1,1,80.0,0,N,MELB_URBAN,ROAD,1,11.0
100089,1,4,121,1,1,50.0,0,I,MELB_URBAN,ROAD,1,13.0
100090,1,5,99,5,1,60.0,0,N,MELB_URBAN,STREET,1,13.0
100091,3,4,167,5,5,100.0,0,N,RURAL_VICTORIA,ROAD,1,21.0
100092,2,4,102,5,1,40.0,0,N,MELBOURNE_CBD,STREET,1,15.0
100093,1,5,163,5,1,60.0,0,N,MELB_URBAN,STREET,1,16.0
100094,1,5,99,2,1,50.0,0,I,MELB_URBAN,STREET,1,14.0
100095,1,5,130,2,1,70.0,0,N,MELB_URBAN,ROAD,1,15.0
100096,1,5,120,5,1,60.0,0,N,RURAL_VICTORIA,ROAD,1,14.0
100097,4,4,171,5,1,50.0,0,N,MELB_URBAN,OTHER,1,17.0
100098,1,5,130,5,1,80.0,0,N,MELB_URBAN,HIGHWAY,1,17.0
100099,1,5,110,1,1,50.0,0,I,LARGE_PROVINCIAL_CITIES,STREET,1,17.0
100100,1,5,130,5,1,80.0,0,N,TOWNS,HIGHWAY,1,15.0
100101,1,5,99,5,1,40.0,0,N,MELB_URBAN,STREET,1,19.0
100102,1,5,99,2,6,60.0,0,I,MELB_URBAN,OTHER,1,20.0
100103,4,5,171,5,1,70.0,0,N,MELB_URBAN,ROAD,1,17.0
100104,1,4,110,1,3,50.0,0,I,MELB_URBAN,ROAD,1,21.0
100105,2,5,100,2,1,50.0,0,I,LARGE_PROVINCIAL_CITIES,STREET,1,17.0
100106,4,5,171,5,1,110.0,1,N,RURAL_VICTORIA,HIGHWAY,1,18.0
100107,1,5,120,5,1,60.0,0,N,MELB_URBAN,ROAD,1,18.0
100108,1,6,121,1,1,60.0,0,I,MELB_URBAN,STREET,1,8.0
100109,1,5,130,5,1,60.0,0,N,MELB_URBAN,STREET,1,7.0
100110,4,6,173,5,1,60.0,0,N,LARGE_PROVINCIAL_CITIES,ROAD,1,8.0
100111,1,6,110,1,1,60.0,0,I,MELB_URBAN,ROAD,1,9.0
100112,8,4,99,5,1,60.0,0,N,RURAL_VICTORIA,ROAD,1,13.0
100113,1,5,130,5,1,60.0,0,N,MELB_URBAN,ROAD,1,16.0
100114,1,5,134,5,2,80.0,0,N,MELB_URBAN,ROAD,1,7.0
100115,1,6,130,2,1,60.0,0,I,MELB_URBAN,ROAD,1,9.0
100116,1,6,121,5,1,40.0,0,N,MELB_URBAN,STREET,1,12.0
100117,1,4,130,1,1,80.0,0,I,MELB_URBAN,ROAD,1,15.0
100118,1,6,130,5,1,100.0,0,N,SMALL_TOWNS,FREEWAY,1,11.0
100119,1,6,130,2,1,60.0,0,I,MELB_URBAN,ROAD,1,11.0
100120,1,5,130,5,1,40.0,0,N,LARGE_PROVINCIAL_CITIES,STREET,1,12.0
100121,1,6,111,2,1,60.0,0,I,SMALL_CITIES,DRIVE,1,13.0
100122,1,6,130,5,1,60.0,0,N,SMALL_CITIES,STREET,1,13.0
100123,4,6,171,2,1,50.0,0,I,MELB_URBAN,STREET,1,14.0
100124,1,2,121,2,1,70.0,0,I,MELB_URBAN,ROAD,1,17.0
100125,1,6,160,1,1,60.0,0,I,MELB_URBAN,ROAD,1,11.0
100126,2,6,99,5,1,40.0,0,N,MELB_URBAN,ROAD,1,13.0
100127,4,6,171,5,1,100.0,0,N,RURAL_VICTORIA,ROAD,1,16.0
100128,1,6,121,2,1,60.0,0,I,MELB_URBAN,ROAD,1,16.0
100129,1,5,110,1,1,50.0,0,I,MELB_URBAN,STREET,1,15.0
100130,1,3,130,5,1,60.0,0,N,MELB_URBAN,STREET,1,16.0
100131,4,3,181,5,1,100.0,0,N,RURAL_VICTORIA,ROAD,1,5.0
100132,1,6,121,5,1,70.0,0,N,MELB_URBAN,ROAD,1,13.0
100133,6,5,99,5,1,70.0,0,N,RURAL_VICTORIA,ROAD,1,16.0
100134,1,6,121,5,1,70.0,0,N,MELB_URBAN,ROAD,1,18.0
100135,1,6,110,1,1,60.0,0,I,MELB_URBAN,ROAD,1,14.0
100136,1,6,99,2,1,60.0,0,I,MELB_URBAN,ROAD,1,18.0
100137,2,6,100,5,1,70.0,0,N,MELB_URBAN,ROAD,1,19.0
100138,1,6,130,5,1,70.0,0,N,LARGE_PROVINCIAL_CITIES,ROAD,1,17.0