,accident_type,day_of_week,dca_code,road_geometry,light_condition,speed_zone,severity,node_type,deg_urban_name,road_type,month,hour
100139,6,6,170,5,1,100.0,0,N,RURAL_VICTORIA,ROAD,1,17.0
100140,1,5,130,5,1,50.0,0,N,MELB_URBAN,DRIVE,1,17.0
100141,1,6,171,5,1,40.0,0,N,RURAL_VICTORIA,DRIVE,1,15.0
100142,1,5,110,1,1,50.0,0,N,MELB_URBAN,STREET,1,19.0
100143,1,6,99,2,1,50.0,0,I,MELB_URBAN,HIGHWAY,1,19.0
100144,4,6,171,2,1,50.0,0,I,TOWNS,AVENUE,1,16.0
100145,1,6,121,2,3,80.0,0,N,MELB_URBAN,ROAD,1,1.0
100146,4,6,173,5,5,60.0,0,N,TOWNS,HIGHWAY,1,21.0
100147,3,5,167,5,2,100.0,0,N,TOWNS,ROAD,1,5.0
100148,4,5,171,5,1,70.0,0,N,MELB_URBAN,ROAD,1,16.0
100149,4,6,181,5,1,100.0,0,N,RURAL_VICTORIA,ROAD,1,19.0
100150,1,5,110,1,6,60.0,0,I,MELB_URBAN,ROAD,1,0.0
100151,1,3,121,2,9,60.0,0,I,MELB_URBAN,STREET,12,13.0
100152,1,6,135,5,1,100.0,1,N,MELB_URBAN,FREEWAY,1,16.0
100153,4,6,173,4,5,100.0,1,N,RURAL_VICTORIA,HIGHWAY,1,21.0
100154,4,6,99,5,3,50.0,0,N,MELB_URBAN,OTHER,1,1.0
100155,8,6,99,5,6,60.0,0,N,MELB_URBAN,ROAD,1,22.0
100156,4,6,171,2,3,60.0,0,N,MELB_URBAN,ROAD,1,3.0
100157,2,7,102,1,3,50.0,0,I,TOWNS,STREET,1,1.0
100158,1,6,130,5,5,100.0,0,N,RURAL_VICTORIA,HIGHWAY,1,23.0
100159,1,7,110,1,1,80.0,0,I,RURAL_VICTORIA,HIGHWAY,1,8.0
100160,1,5,147,5,1,60.0,0,N,MELB_URBAN,ROAD,1,18.0
100161,6,7,99,5,1,100.0,0,N,RURAL_VICTORIA,ROAD,1,9.0
100162,1,6,99,1,1,50.0,0,I,LARGE_PROVINCIAL_CITIES,STREET,1,10.0
100163,4,7,171,5,1,90.0,0,N,RURAL_VICTORIA,ROAD,1,10.0
100164,1,7,140,2,1,60.0,0,I,SMALL_CITIES,ROAD,1,11.0
100165,1,7,130,2,1,80.0,0,I,RURAL_VICTORIA,ROAD,1,13.0
100166,1,7,130,5,1,80.0,0,N,MELB_URBAN,ROAD,1,9.0
100167,1,1,110,1,1,60.0,0,I,MELB_URBAN,ROAD,1,13.0
100168,1,7,120,5,1,100.0,0,N,RURAL_VICTORIA,ROAD,1,10.0
100169,2,7,99,2,1,40.0,0,I,MELB_URBAN,ROAD,1,14.0
100170,4,6,183,5,1,100.0,0,N,RURAL_VICTORIA,HIGHWAY,1,14.0
100171,1,7,130,5,1,60.0,0,N,MELB_URBAN,ROAD,1,16.0
100172,1,7,130,1,1,40.0,0,I,MELB_URBAN,STREET,1,15.0
100173,4,7,171,5,1,100.0,0,N,RURAL_VICTORIA,ROAD,1,7.0
100174,1,6,121,1,1,80.0,0,I,SMALL_TOWNS,ROAD,1,16.0
100175,1,7,110,1,1,80.0,0,I,MELB_URBAN,ROAD,1,17.0
100176,1,7,99,1,1,50.0,0,N,MELB_URBAN,ROAD,1,18.0
100177,1,7,134,5,1,80.0,0,N,MELB_URBAN,RAMP,1,19.0
100178,8,7,174,5,1,80.0,0,N,MELB_URBAN,RAMP,1,19.0
100179,2,7,100,5,3,60.0,0,N,MELB_URBAN,ROAD,1,21.0
100180,4,7,173,5,5,100.0,0,N,RURAL_VICTORIA,ROAD,1,22.0
100181,4,7,171,5,3,70.0,0,N,LARGE_PROVINCIAL_CITIES,ROAD,1,22.0
100182,1,1,171,5,5,60.0,0,N,MELB_URBAN,STREET,1,0.0
100183,4,7,173,1,3,50.0,0,I,MELB_URBAN,DRIVE,1,23.0
100184,2,1,102,1,3,60.0,0,I,MELB_URBAN,STREET,1,1.0
100185,6,1,174,5,3,80.0,0,N,MELB_URBAN,HIGHWAY,1,1.0
100186,4,7,99,5,5,60.0,0,N,MELB_URBAN,ROAD,1,23.0
100187,9,1,99,5,9,60.0,0,N,MELB_URBAN,STREET,1,6.0
100188,2,1,99,5,3,40.0,0,N,MELB_URBAN,STREET,1,5.0
100189,2,1,102,5,3,60.0,0,N,MELB_URBAN,STREET,1,2.0
100190,2,4,100,1,1,60.0,0,I,MELB_URBAN,STREET,1,19.0
100191,8,1,170,5,1,100.0,0,N,RURAL_VICTORIA,ROAD,1,6.0
100192,2,2,99,5,1,50.0,0,N,LARGE_PROVINCIAL_CITIES,DRIVE,1,14.0
100193,2,1,100,1,1,60.0,0,I,MELB_URBAN,ROAD,1,8.0
100194,4,0,173,5,1,100.0,0,N,RURAL_VICTORIA,ROAD,1,11.0
100195,1,1,99,5,1,80.0,0,N,MELB_URBAN,ROAD,1,11.0
100196,4,1,183,5,1,60.0,1,N,SMALL_CITIES,ROAD,1,7.0
100197,4,1,99,5,1,50.0,0,N,MELB_URBAN,STREET,1,10.0
100198,1,1,130,5,1,100.0,0,N,MELB_URBAN,UNKNOWN,1,11.0
100199,1,1,130,2,1,60.0,0,I,MELB_URBAN,BOULEVARD,1,12.0
100200,1,6,121,2,1,60.0,0,I,MELB_URBAN,STREET,12,11.0
100201,1,7,130,2,3,70.0,0,I,MELB_URBAN,ROAD,1,22.0
100202,1,1,121,2,1,100.0,0,I,RURAL_VICTORIA,HIGHWAY,1,11.0
100203,1,1,121,2,1,60.0,0,I,MELB_URBAN,RAMP,1,13.0
100204,1,1,121,1,1,80.0,0,I,MELB_URBAN,ROAD,1,12.0
100205,1,1,121,5,1,60.0,0,N,MELB_URBAN,ROAD,1,14.0
100206,1,1,147,2,1,60.0,0,I,MELB_URBAN,STREET,1,11.0
100207,1,0,130,5,1,100.0,0,N,RURAL_VICTORIA,FREEWAY,1,14.0
100208,1,1,99,4,1,60.0,0,I,RURAL_VICTORIA,ROAD,1,14.0
100209,1,1,99,2,1,100.0,0,I,RURAL_VICTORIA,ROAD,1,15.0
100210,4,1,181,2,1,50.0,0,N,MELB_URBAN,STREET,1,15.0
100211,1,0,130,5,1,80.0,0,N,MELB_URBAN,HIGHWAY,1,12.0
100212,4,1,181,5,1,100.0,0,N,RURAL_VICTORIA,HIGHWAY,1,14.0
100213,8,1,99,5,1,50.0,0,N,RURAL_VICTORIA,ROAD,1,13.0
100214,1,1,130,5,1,80.0,0,N,MELB_URBAN,ROAD,1,13.0
100215,1,1,120,5,1,100.0,0,N,RURAL_VICTORIA,ROAD,1,15.0
100216,2,1,100,5,1,60.0,0,N,TOWNS,PARADE,1,15.0
100217,1,1,130,2,1,60.0,0,I,MELB_URBAN,HIGHWAY,1,12.0
100218,4,1,173,2,1,50.0,0,N,MELB_URBAN,ROAD,1,17.0
100219,1,2,130,5,1,50.0,0,N,LARGE_PROVINCIAL_CITIES,STREET,1,12.0
100220,1,1,134,2,1,80.0,0,I,MELB_URBAN,ROAD,1,18.0
100221,1,0,120,5,2,60.0,0,N,SMALL_CITIES,ROAD,1,19.0
100222,1,1,183,5,1,90.0,0,N,RURAL_VICTORIA,ROAD,1,16.0
100223,4,1,173,5,1,60.0,0,I,MELB_URBAN,OTHER,1,20.0
100224,1,1,121,2,1,80.0,0,I,MELB_URBAN,ROAD,1,16.0
100225,4,1,99,5,3,60.0,0,N,LARGE_PROVINCIAL_CITIES,ROAD,1,20.0
100226,1,1,120,5,1,60.0,1,I,MELB_URBAN,STREET,1,17.0
100227,1,0,113,2,1,60.0,0,I,MELB_URBAN,PARADE,1,15.0
100228,1,0,110,1,2,80.0,0,I,MELB_URBAN,ROAD,1,20.0
100229,4,1,171,5,5,100.0,0,N,RURAL_VICTORIA,ROAD,1,22.0
100230,1,2,99,5,3,50.0,0,N,MELB_URBAN,OTHER,1,0.0
100231,5,2,99,2,3,60.0,0,I,MELB_URBAN,DRIVE,1,2.0
100232,1,2,110,1,2,80.0,0,N,MELB_URBAN,ROAD,1,4.0
100233,1,2,130,5,1,100.0,0,N,MELB_URBAN,FREEWAY,1,9.0
100234,1,2,121,2,2,60.0,0,I,MELB_URBAN,ROAD,1,6.0
100235,1,1,110,1,1,60.0,0,I,MELB_URBAN,ROAD,1,7.0
100236,1,2,121,2,1,80.0,0,I,SMALL_CITIES,HIGHWAY,1,11.0
100237,4,2,173,5,1,80.0,0,N,MELB_URBAN,ROAD,1,12.0
100238,1,3,99,5,1,100.0,0,N,RURAL_VICTORIA,ROAD,10,17.0
100239,1,1,113,2,1,100.0,0,N,RURAL_VICTORIA,HIGHWAY,1,7.0
100240,4,2,171,4,1,110.0,0,I,RURAL_VICTORIA,FREEWAY,1,10.0
100241,4,2,183,5,1,50.0,0,N,MELB_URBAN,OTHER,1,15.0
100242,1,2,113,1,1,60.0,0,I,MELB_URBAN,STREET,1,14.0
100243,1,7,133,5,2,60.0,0,N,MELB_URBAN,ROAD,1,19.0
100244,4,2,171,5,1,50.0,0,N,MELB_URBAN,STREET,1,11.0
100245,1,2,132,5,1,100.0,0,N,RURAL_VICTORIA,ROAD,1,16.0
100246,1,1,110,1,1,50.0,0,I,MELB_URBAN,STREET,1,15.0
100247,1,1,140,5,1,60.0,0,N,MELB_URBAN,RAMP,1,16.0
100248,1,1,160,5,1,50.0,0,N,MELB_URBAN,STREET,1,15.0
100249,4,2,171,5,1,60.0,0,N,MELB_URBAN,ROAD,1,20.0
100250,1,2,110,1,1,60.0,0,I,MELB_URBAN,ROAD,1,19.0
100251,1,1,130,5,9,80.0,0,N,MELB_URBAN,ROAD,11,16.0
100252,1,6,120,2,1,50.0,0,N,MELB_URBAN,DRIVE,1,11.0
100253,6,2,99,5,1,100.0,0,N,MELB_URBAN,UNKNOWN,1,14.0
100254,1,2,130,2,3,60.0,0,I,MELB_URBAN,STREET,1,22.0
100255,4,2,171,5,3,60.0,0,N,MELB_URBAN,STREET,1,0.0
100256,1,2,111,2,3,70.0,0,I,SMALL_CITIES,STREET,1,1.0
100257,4,3,99,2,6,50.0,0,I,MELB_URBAN,STREET,1,1.0
100258,4,2,171,5,1,70.0,0,N,MELB_URBAN,ROAD,1,16.0
100259,1,3,113,2,1,50.0,0,I,MELB_URBAN,STREET,1,8.0
100260,1,3,130,5,1,60.0,0,N,MELB_URBAN,ROAD,10,14.0
100261,5,3,99,5,1,60.0,0,N,RURAL_VICTORIA,HIGHWAY,1,7.0
100262,2,3,102,5,1,40.0,0,N,MELB_URBAN,ROAD,1,7.0
100263,1,3,130,5,1,80.0,0,N,TOWNS,HIGHWAY,1,10.0
100264,4,3,171,5,1,100.0,0,N,RURAL_VICTORIA,ROAD,1,7.0
100265,1,2,111,1,2,80.0,0,I,RURAL_VICTORIA,HIGHWAY,1,6.0
100266,1,3,99,5,9,60.0,0,N,LARGE_PROVINCIAL_CITIES,STREET,1,7.0
100267,5,3,181,5,1,100.0,0,N,RURAL_VICTORIA,ROAD,1,14.0
100268,1,3,135,5,1,60.0,0,N,MELB_URBAN,ROAD,1,15.0
100269,1,2,110,1,1,60.0,0,I,MELB_URBAN,ROAD,1,14.0
100270,2,3,100,5,1,60.0,0,N,MELB_URBAN,ROAD,1,15.0
100271,4,3,99,5,1,60.0,0,N,MELB_URBAN,STREET,1,14.0
100272,1,3,130,5,1,80.0,0,N,RURAL_VICTORIA,ROAD,1,8.0
100273,1,3,120,5,1,60.0,0,N,MELB_URBAN,OTHER,1,13.0
100274,1,3,113,2,1,60.0,0,I,MELB_URBAN,ROAD,1,14.0
100275,1,2,121,1,1,60.0,0,I,MELB_URBAN,STREET,1,18.0
100276,2,3,99,5,1,40.0,0,N,MELB_URBAN,STREET,1,18.0
100277,1,3,113,2,1,60.0,0,I,MELB_URBAN,RAMP,1,18.0
100278,4,3,99,5,1,100.0,0,N,RURAL_VICTORIA,ROAD,1,17.0
100279,1,3,140,5,1,60.0,0,N,RURAL_VICTORIA,ROAD,1,10.0
100280,1,3,121,1,1,60.0,0,I,MELB_URBAN,ROAD,1,19.0
100281,1,3,99,1,1,60.0,0,N,MELB_URBAN,STREET,1,19.0
100282,6,3,99,5,1,100.0,0,N,RURAL_VICTORIA,ROAD,1,12.0
100283,1,3,120,5,3,50.0,0,N,MELB_URBAN,STREET,1,21.0
100284,4,3,171,5,5,100.0,0,N,RURAL_VICTORIA,HIGHWAY,1,22.0
100285,1,4,121,1,1,50.0,0,I,SMALL_CITIES,STREET,1,7.0
100286,1,4,135,5,1,60.0,0,I,LARGE_PROVINCIAL_CITIES,STREET,1,7.0
100287,1,4,121,1,1,60.0,0,I,MELB_URBAN,STREET,1,8.0
100288,2,4,102,5,1,60.0,0,N,MELB_URBAN,ROAD,1,8.0
100289,1,4,121,2,1,70.0,0,I,MELB_URBAN,ROAD,1,9.0
100290,6,4,99,5,1,100.0,0,N,RURAL_VICTORIA,ROAD,1,9.0
100291,1,4,171,5,1,80.0,0,N,MELB_URBAN,HIGHWAY,1,12.0
100292,1,2,130,5,1,100.0,0,N,SMALL_TOWNS,FREEWAY,1,15.0
100293,2,4,102,1,1,60.0,0,N,MELB_URBAN,ROAD,1,11.0
100294,1,4,130,2,1,60.0,0,N,MELB_URBAN,ROAD,1,9.0
100295,1,3,130,5,1,80.0,0,N,MELB_URBAN,FREEWAY,1,10.0
100296,4,7,183,2,1,80.0,0,I,RURAL_VICTORIA,ROAD,1,10.0
100297,1,4,120,5,1,70.0,0,N,MELB_URBAN,HIGHWAY,1,12.0
100298,1,3,121,2,1,60.0,0,I,MELB_URBAN,ROAD,1,11.0
100299,1,3,121,2,1,60.0,0,I,TOWNS,ROAD,1,12.0
100300,1,3,121,1,1,70.0,0,I,MELB_URBAN,ROAD,1,13.0
100301,1,3,132,1,1,100.0,0,I,RURAL_VICTORIA,OTHER,1,13.0
100302,1,3,110,1,1,60.0,0,I,MELB_URBAN,ROAD,1,19.0
100303,1,4,134,5,9,50.0,0,N,MELB_URBAN,STREET,1,10.0
100304,1,4,130,1,1,40.0,0,I,MELB_URBAN,STREET,1,13.0
100305,1,3,130,2,1,80.0,0,I,RURAL_VICTORIA,ROAD,1,17.0
100306,1,4,121,1,1,60.0,0,I,MELB_URBAN,STREET,11,16.0
100307,4,4,173,5,1,100.0,0,N,RURAL_VICTORIA,HIGHWAY,1,13.0
100308,1,3,130,5,1,80.0,0,N,MELB_URBAN,STREET,1,14.0
100309,4,4,173,5,1,100.0,0,N,RURAL_VICTORIA,ROAD,1,15.0
100310,1,4,130,5,1,80.0,0,N,MELB_URBAN,HIGHWAY,1,16.0
100311,1,4,133,1,1,40.0,0,I,MELB_URBAN,ROAD,1,17.0
100312,1,4,110,1,1,50.0,0,I,MELB_URBAN,STREET,1,17.0
100313,1,3,110,1,1,80.0,0,I,MELB_URBAN,ROAD,1,18.0
100314,2,4,102,5,2,60.0,0,N,LARGE_PROVINCIAL_CITIES,STREET,1,20.0
100315,2,3,100,2,3,40.0,0,N,MELB_URBAN,AVENUE,1,21.0
100316,1,4,130,1,3,40.0,0,I,MELB_URBAN,STREET,1,0.0
100317,1,4,160,5,3,70.0,0,N,LARGE_PROVINCIAL_CITIES,HIGHWAY,1,22.0
100318,4,3,173,5,3,80.0,0,N,MELB_URBAN,FREEWAY,1,1.0
100319,4,5,181,5,1,60.0,0,N,RURAL_VICTORIA,ROAD,1,6.0
100320,4,6,173,5,6,60.0,0,N,SMALL_CITIES,DRIVE,4,23.0
100321,1,5,99,5,1,50.0,0,N,MELB_URBAN,ROAD,1,8.0
100322,1,3,120,5,3,70.0,0,N,MELB_URBAN,ROAD,1,20.0
100323,4,4,171,5,1,60.0,0,N,MELB_URBAN,ROAD,1,17.0
100324,1,5,163,5,1,40.0,0,N,MELB_URBAN,STREET,1,8.0
100325,1,5,121,1,2,60.0,0,N,MELB_URBAN,ROAD,1,6.0
100326,1,4,130,2,1,80.0,0,I,MELB_URBAN,ROAD,1,16.0
100327,1,5,121,1,1,60.0,0,I,MELB_URBAN,STREET,1,6.0
100328,1,5,121,1,1,110.0,0,I,RURAL_VICTORIA,FREEWAY,1,14.0
100329,1,5,120,5,1,100.0,0,N,RURAL_VICTORIA,ROAD,1,12.0
100330,1,3,130,5,1,80.0,0,N,MELB_URBAN,ROAD,1,18.0
100331,1,5,121,2,1,60.0,0,N,MELB_URBAN,ROAD,1,12.0
100332,1,4,140,5,1,60.0,0,N,MELB_URBAN,ROAD,1,6.0
100333,1,4,160,2,1,50.0,0,I,MELB_URBAN,ROAD,1,9.0
100334,1,5,120,5,1,80.0,0,N,TOWNS,ROAD,1,13.0
100335,1,1,135,5,1,60.0,0,N,MELB_URBAN,ROAD,1,17.0
100336,1,5,113,2,9,60.0,0,I,LARGE_PROVINCIAL_CITIES,STREET,1,5.0
100337,8,5,174,5,1,80.0,0,N,MELB_URBAN,RAMP,1,15.0
100338,1,5,113,2,1,60.0,0,I,MELB_URBAN,STREET,1,17.0
100339,1,5,110,1,1,60.0,0,I,MELB_URBAN,ROAD,1,15.0
100340,1,5,99,5,1,60.0,0,N,MELB_URBAN,ROAD,1,17.0
100341,1,4,120,4,1,60.0,0,N,LARGE_PROVINCIAL_CITIES,STREET,1,16.0
100342,1,5,130,1,1,60.0,0,I,MELB_URBAN,STREET,1,17.0
100343,4,5,173,5,1,100.0,0,N,MELB_URBAN,FREEWAY,1,16.0
100344,1,5,130,5,1,110.0,0,N,SMALL_CITIES,FREEWAY,1,16.0
100345,4,5,99,5,1,70.0,0,N,MELB_URBAN,ROAD,1,19.0
100346,1,5,130,5,1,60.0,0,N,MELB_URBAN,ROAD,1,17.0
100347,1,4,121,1,1,60.0,0,I,MELB_URBAN,PARADE,1,18.0
100348,4,5,173,5,1,50.0,0,N,SMALL_CITIES,ROAD,1,19.0
100349,1,5,99,5,1,50.0,0,N,MELB_URBAN,STREET,1,17.0
100350,1,3,110,1,1,60.0,0,I,LARGE_PROVINCIAL_CITIES,STREET,1,15.0
100351,4,5,171,5,1,60.0,0,N,TOWNS,STREET,1,13.0
100352,1,5,130,5,1,100.0,0,N,MELB_URBAN,FREEWAY,1,6.0
100353,1,6,110,1,1,60.0,0,I,MELB_URBAN,STREET,1,8.0
100354,2,4,99,1,1,60.0,0,I,MELB_URBAN,ROAD,1,16.0
100355,1,3,130,5,1,80.0,0,N,MELB_URBAN,HIGHWAY,1,12.0
100356,1,5,120,5,1,80.0,0,N,RURAL_VICTORIA,HIGHWAY,1,11.0
100357,1,6,110,1,1,60.0,0,I,TOWNS,STREET,1,9.0
100358,4,3,171,2,1,50.0,0,I,MELB_URBAN,OTHER,1,14.0
100359,8,5,184,2,1,80.0,0,I,MELB_URBAN,ROAD,1,15.0
100360,1,5,99,5,1,100.0,0,N,RURAL_VICTORIA,FREEWAY,1,12.0
100361,1,6,130,1,1,80.0,0,N,SMALL_TOWNS,ROAD,1,9.0
100362,1,5,99,5,1,60.0,0,N,MELB_URBAN,STREET,1,17.0
100363,1,5,110,1,1,100.0,0,I,RURAL_VICTORIA,ROAD,1,15.0
100364,4,5,171,5,1,100.0,0,N,MELB_URBAN,FREEWAY,1,9.0
100365,6,5,99,5,1,60.0,0,N,MELB_URBAN,ROAD,1,11.0
100366,1,6,147,5,1,60.0,0,N,LARGE_PROVINCIAL_CITIES,STREET,1,12.0
100367,1,6,121,2,1,60.0,0,I,MELB_URBAN,OTHER,1,10.0
100368,1,6,130,5,1,50.0,0,N,MELB_URBAN,ROAD,1,11.0
100369,6,6,174,5,1,60.0,0,N,MELB_URBAN,ROAD,1,12.0
100370,1,5,130,2,1,40.0,0,I,MELB_URBAN,STREET,1,13.0
100371,4,6,173,2,1,70.0,0,I,MELB_URBAN,ROAD,1,11.0
100372,1,6,111,2,1,40.0,0,I,SMALL_CITIES,STREET,1,13.0
100373,6,6,174,4,1,40.0,0,N,MELB_URBAN,STREET,1,14.0
100374,1,6,121,2,1,50.0,0,I,MELB_URBAN,OTHER,1,10.0
100375,1,5,99,1,1,80.0,0,I,MELB_URBAN,ROAD,1,7.0
100376,1,5,130,5,1,70.0,0,N,MELB_URBAN,ROAD,1,18.0
100377,1,6,99,1,1,100.0,0,I,RURAL_VICTORIA,ROAD,1,13.0
100378,1,6,110,1,1,100.0,0,I,RURAL_VICTORIA,HIGHWAY,1,16.0
100379,8,6,174,5,1,110.0,0,N,RURAL_VICTORIA,FREEWAY,1,13.0
100380,6,6,99,5,1,80.0,0,N,TOWNS,ROAD,1,18.0
100381,4,6,171,5,1,110.0,1,N,RURAL_VICTORIA,FREEWAY,1,14.0
100382,1,6,110,1,1,50.0,0,I,LARGE_PROVINCIAL_CITIES,STREET,1,18.0
100383,1,6,99,5,9,60.0,0,N,MELB_URBAN,RAMP,1,18.0
100384,1,3,130,5,1,60.0,0,N,MELB_URBAN,ROAD,1,17.0
100385,4,6,181,5,1,100.0,0,N,RURAL_VICTORIA,ROAD,1,17.0
100386,1,6,160,5,3,60.0,0,N,MELB_URBAN,STREET,1,5.0
100387,4,7,171,5,3,40.0,0,N,MELB_URBAN,ROAD,1,0.0
100388,1,7,130,2,3,80.0,0,I,MELB_URBAN,ROAD,1,2.0
100389,4,7,171,5,5,70.0,0,N,RURAL_VICTORIA,ROAD,1,0.0
100390,4,6,171,5,5,80.0,0,N,RURAL_VICTORIA,ROAD,1,4.0
100391,4,7,99,1,3,40.0,0,I,MELB_URBAN,HIGHWAY,1,0.0
100392,1,5,113,2,1,60.0,0,I,MELB_URBAN,STREET,1,11.0
100393,4,7,171,5,3,70.0,0,N,MELB_URBAN,ROAD,1,4.0
100394,4,6,171,5,1,60.0,0,N,MELB_URBAN,ROAD,1,7.0
100395,8,4,99,5,1,60.0,0,N,MELB_URBAN,STREET,12,9.0
100396,1,6,99,2,1,60.0,0,I,MELB_URBAN,STREET,1,18.0
100397,4,7,171,5,1,100.0,0,N,RURAL_VICTORIA,ROAD,1,9.0
100398,1,5,130,5,1,40.0,0,N,MELB_URBAN,FREEWAY,1,16.0
100399,1,7,130,5,1,60.0,0,N,MELB_URBAN,PARADE,1,9.0
100400,1,6,132,2,1,60.0,0,I,MELB_URBAN,STREET,1,10.0
100401,1,5,130,2,1,80.0,0,I,MELB_URBAN,AVENUE,12,11.0
100402,1,7,130,5,1,40.0,0,N,MELB_URBAN,ROAD,1,10.0
100403,2,3,100,1,9,60.0,0,N,MELB_URBAN,ROAD,1,8.0
100404,1,7,111,2,1,60.0,0,N,MELB_URBAN,ROAD,1,11.0
100405,1,7,120,5,1,80.0,0,N,RURAL_VICTORIA,ROAD,1,12.0
100406,1,6,113,2,1,60.0,0,I,SMALL_CITIES,HIGHWAY,1,11.0
100407,1,7,121,2,1,80.0,0,I,RURAL_VICTORIA,ROAD,1,13.0
100408,1,7,160,5,1,60.0,0,N,MELB_URBAN,AVENUE,1,15.0
100409,1,4,99,5,1,50.0,0,N,TOWNS,STREET,1,14.0
100410,4,7,99,5,1,100.0,0,N,SMALL_TOWNS,ROAD,1,16.0
100411,1,6,99,2,9,60.0,0,I,MELB_URBAN,ROAD,1,3.0
100412,1,7,99,5,1,80.0,0,N,RURAL_VICTORIA,ROAD,1,16.0
100413,1,7,130,5,1,50.0,0,N,MELB_URBAN,STREET,1,11.0
100414,1,6,120,5,1,80.0,0,N,RURAL_VICTORIA,HIGHWAY,1,12.0
100415,4,7,99,5,1,50.0,0,N,MELB_URBAN,STREET,1,15.0
100416,1,7,121,2,1,80.0,0,I,MELB_URBAN,ROAD,1,18.0
100417,1,6,130,5,1,60.0,0,N,MELB_URBAN,ROAD,1,7.0
100418,1,6,113,2,1,70.0,0,N,MELB_URBAN,ROAD,1,19.0
100419,4,7,171,1,3,50.0,0,I,MELB_URBAN,ROAD,1,21.0
100420,1,6,110,1,1,50.0,0,I,MELB_URBAN,STREET,1,15.0
100421,4,7,173,5,5,100.0,0,N,RURAL_VICTORIA,ROAD,1,22.0
100422,6,1,99,5,5,100.0,0,N,RURAL_VICTORIA,ROAD,1,2.0
100423,1,1,130,1,3,60.0,0,I,MELB_URBAN,PARADE,1,3.0
100424,4,1,173,5,6,70.0,0,N,MELB_URBAN,ROAD,1,4.0
100425,1,7,121,5,9,60.0,0,N,MELB_URBAN,ROAD,12,10.0
100426,2,1,99,5,1,50.0,0,N,TOWNS,STREET,1,12.0
100427,4,1,171,5,1,100.0,0,N,RURAL_VICTORIA,FREEWAY,1,11.0
100428,4,0,99,5,1,50.0,0,N,MELB_URBAN,STREET,1,11.0
100429,1,1,130,5,1,60.0,0,N,MELB_URBAN,ROAD,1,9.0
100430,2,1,99,2,1,80.0,0,I,RURAL_VICTORIA,STREET,1,8.0
100431,1,0,110,1,1,100.0,0,I,MELB_URBAN,ROAD,1,9.0
100432,6,7,99,5,1,100.0,0,N,RURAL_VICTORIA,ROAD,1,10.0
100433,2,1,102,5,1,60.0,0,N,MELB_URBAN,ROAD,1,12.0
100434,8,1,170,5,1,100.0,0,I,RURAL_VICTORIA,HIGHWAY,1,10.0
100435,1,3,160,5,1,50.0,0,N,MELB_URBAN,STREET,1,18.0
100436,1,1,134,5,1,100.0,0,N,MELB_URBAN,FREEWAY,1,15.0
100437,1,1,120,5,1,100.0,0,N,RURAL_VICTORIA,ROAD,1,15.0
100438,4,7,181,5,5,80.0,0,N,RURAL_VICTORIA,ROAD,1,22.0
100439,2,1,100,1,1,60.0,0,I,MELB_URBAN,ROAD,1,14.0
100440,1,1,120,5,1,80.0,0,N,RURAL_VICTORIA,ROAD,1,15.0
100441,1,1,99,5,1,100.0,0,N,RURAL_VICTORIA,ROAD,1,16.0
100442,1,1,113,2,1,60.0,0,I,MELB_URBAN,OTHER,1,17.0
100443,2,1,102,2,1,80.0,0,I,MELB_URBAN,ROAD,1,15.0
100444,1,6,130,5,1,80.0,0,N,MELB_URBAN,FREEWAY,1,18.0
100445,8,1,99,5,1,100.0,0,N,RURAL_VICTORIA,ROAD,1,16.0
100446,1,0,130,5,1,80.0,0,N,MELB_URBAN,FREEWAY,1,19.0
100447,1,0,130,5,1,100.0,0,N,RURAL_VICTORIA,HIGHWAY,1,18.0
100448,1,0,130,5,1,60.0,0,N,RURAL_VICTORIA,ROAD,1,15.0
100449,1,1,110,1,1,70.0,0,I,MELB_URBAN,ROAD,1,20.0
100450,1,1,130,5,1,80.0,0,N,MELB_URBAN,ROAD,1,16.0
100451,1,0,130,5,1,80.0,0,N,MELB_URBAN,FREEWAY,1,16.0
100452,1,1,121,1,3,70.0,0,I,MELB_URBAN,RAMP,1,21.0
100453,5,1,99,5,4,50.0,0,N,MELB_URBAN,STREET,1,21.0
100454,1,0,110,1,3,50.0,0,I,MELB_URBAN,STREET,1,23.0
100455,4,1,183,5,3,80.0,0,N,MELB_URBAN,RAMP,1,23.0
100456,1,1,120,5,5,100.0,1,N,RURAL_VICTORIA,HIGHWAY,1,21.0
100457,4,5,171,5,3,70.0,0,N,TOWNS,OTHER,11,0.0
100458,1,2,130,2,1,60.0,0,I,MELB_URBAN,ROAD,1,15.0
100459,4,2,173,5,3,50.0,0,N,MELB_URBAN,ROAD,1,3.0
100460,1,4,120,5,1,80.0,0,N,RURAL_VICTORIA,HIGHWAY,1,10.0
100461,1,2,140,1,1,80.0,0,I,MELB_URBAN,HIGHWAY,1,6.0
100462,1,7,121,2,1,60.0,0,I,LARGE_PROVINCIAL_CITIES,STREET,1,19.0
100463,1,2,121,1,1,60.0,0,I,MELB_URBAN,DRIVE,1,8.0
100464,4,2,183,5,1,70.0,0,N,RURAL_VICTORIA,ROAD,1,7.0
100465,1,1,130,5,9,60.0,0,N,MELB_URBAN,ROAD,1,6.0