,accident_type,day_of_week,dca_code,road_geometry,light_condition,speed_zone,severity,node_type,deg_urban_name,road_type,month,hour
100466,1,1,171,5,1,50.0,0,N,TOWNS,STREET,1,9.0
100467,1,2,113,2,1,60.0,0,I,SMALL_CITIES,STREET,10,17.0
100468,1,2,130,5,6,60.0,0,N,MELB_URBAN,ROAD,1,5.0
100469,1,2,130,5,1,50.0,0,N,MELB_URBAN,STREET,1,10.0
100470,1,6,140,5,1,50.0,0,N,MELB_URBAN,STREET,1,18.0
100471,1,2,135,5,1,80.0,0,N,MELB_URBAN,FREEWAY,1,6.0
100472,4,2,171,2,3,60.0,0,N,MELB_URBAN,DRIVE,1,6.0
100473,1,2,121,2,1,70.0,0,I,MELB_URBAN,ROAD,1,9.0
100474,1,2,120,5,1,70.0,0,N,RURAL_VICTORIA,ROAD,1,13.0
100475,1,2,121,1,1,60.0,0,I,MELB_URBAN,ROAD,1,10.0
100476,1,2,130,5,1,80.0,0,N,MELB_URBAN,OTHER,1,10.0
100477,1,1,116,2,1,70.0,0,I,MELB_URBAN,ROAD,1,8.0
100478,6,1,170,5,1,80.0,0,N,RURAL_VICTORIA,ROAD,1,13.0
100479,8,5,174,5,1,60.0,0,N,MELB_URBAN,ROAD,1,14.0
100480,1,1,116,4,1,60.0,0,I,RURAL_VICTORIA,ROAD,1,8.0
100481,1,2,110,1,1,60.0,0,I,LARGE_PROVINCIAL_CITIES,STREET,1,15.0
100482,1,2,163,5,1,60.0,0,N,MELB_URBAN,ROAD,1,13.0
100483,2,2,99,5,1,50.0,0,N,MELB_URBAN,STREET,1,15.0
100484,1,2,130,5,1,60.0,0,N,MELB_URBAN,ROAD,1,16.0
100485,1,2,130,5,1,80.0,0,N,MELB_URBAN,ROAD,1,16.0
100486,1,2,99,2,1,80.0,0,I,RURAL_VICTORIA,ROAD,1,15.0
100487,1,3,111,2,1,60.0,0,I,MELB_URBAN,PARADE,1,15.0
100488,1,2,130,2,1,60.0,0,N,MELB_URBAN,ROAD,1,17.0
100489,1,2,110,1,1,60.0,0,I,TOWNS,ROAD,1,16.0
100490,1,2,110,1,1,60.0,0,I,SMALL_CITIES,ROAD,1,18.0
100491,1,2,130,5,1,80.0,0,N,MELB_URBAN,FREEWAY,1,17.0
100492,1,2,130,1,1,100.0,0,N,MELB_URBAN,ROAD,1,17.0
100493,1,2,121,2,1,60.0,0,I,MELB_URBAN,ROAD,1,20.0
100494,1,1,130,1,1,60.0,0,I,MELB_URBAN,ROAD,1,15.0
100495,1,1,135,5,9,80.0,0,I,MELB_URBAN,FREEWAY,1,22.0
100496,1,2,121,2,3,60.0,0,I,MELB_URBAN,STREET,1,22.0
100497,4,2,171,2,3,60.0,0,I,MELB_URBAN,ROAD,1,23.0
100498,1,3,147,5,1,60.0,0,N,MELB_URBAN,ROAD,1,6.0
100499,6,2,99,5,1,40.0,0,N,RURAL_VICTORIA,HIGHWAY,1,7.0
100500,1,2,130,1,1,60.0,0,I,MELB_URBAN,DRIVE,1,8.0
100501,1,3,140,5,1,50.0,0,N,MELB_URBAN,ROAD,1,8.0
100502,1,3,110,1,1,50.0,0,I,MELB_URBAN,ROAD,1,8.0
100503,1,6,130,1,1,60.0,0,I,MELB_URBAN,STREET,12,17.0
100504,1,1,130,5,1,80.0,0,N,MELB_URBAN,HIGHWAY,1,16.0
100505,1,3,110,1,1,60.0,0,I,MELB_URBAN,ROAD,1,20.0
100506,1,3,99,5,1,60.0,0,N,MELB_URBAN,ROAD,1,11.0
100507,1,2,163,5,9,50.0,0,N,MELB_URBAN,STREET,1,17.0
100508,1,3,99,5,1,50.0,0,N,MELB_URBAN,ROAD,1,9.0
100509,1,1,130,1,1,50.0,0,I,SMALL_CITIES,STREET,1,13.0
100510,1,6,163,2,1,60.0,0,N,MELBOURNE_CBD,STREET,1,18.0
100511,2,3,99,1,1,60.0,0,I,MELB_URBAN,ROAD,1,13.0
100512,8,1,99,5,6,50.0,0,N,MELB_URBAN,OTHER,12,22.0
100513,1,3,130,5,1,80.0,0,N,RURAL_VICTORIA,ROAD,1,10.0
100514,1,3,113,2,1,60.0,0,I,MELB_URBAN,ROAD,1,14.0
100515,4,3,173,1,1,60.0,0,I,MELB_URBAN,ROAD,1,14.0
100516,2,3,99,5,1,80.0,0,N,MELB_URBAN,ROAD,1,16.0
100517,1,1,140,5,3,80.0,0,N,RURAL_VICTORIA,ROAD,10,20.0
100518,1,2,121,1,1,60.0,0,I,TOWNS,STREET,1,16.0
100519,6,3,99,5,1,100.0,0,N,RURAL_VICTORIA,ROAD,1,16.0
100520,1,3,111,2,1,80.0,0,I,MELB_URBAN,HIGHWAY,1,17.0
100521,1,3,135,2,1,60.0,0,I,MELB_URBAN,ROAD,1,17.0
100522,1,3,121,2,1,60.0,0,I,MELB_URBAN,ROAD,1,17.0
100523,7,3,99,2,1,50.0,0,I,MELB_URBAN,ROAD,1,18.0
100524,2,3,100,2,1,50.0,0,I,MELB_URBAN,OTHER,1,19.0
100525,2,2,99,5,1,60.0,0,I,MELB_URBAN,STREET,1,10.0
100526,4,3,173,5,1,50.0,1,N,SMALL_CITIES,DRIVE,1,19.0
100527,1,2,130,5,1,80.0,0,N,MELB_URBAN,RAMP,1,16.0
100528,1,3,116,1,1,60.0,0,N,MELB_URBAN,ROAD,1,16.0
100529,1,3,99,5,3,60.0,0,N,MELB_URBAN,ROAD,1,23.0
100530,1,3,99,1,3,50.0,0,N,MELB_URBAN,STREET,1,21.0
100531,6,4,99,5,2,100.0,0,N,RURAL_VICTORIA,ROAD,1,6.0
100532,1,3,116,1,1,70.0,0,I,SMALL_CITIES,STREET,1,8.0
100533,4,3,173,5,1,100.0,0,N,RURAL_VICTORIA,ROAD,1,7.0
100534,1,3,130,1,1,80.0,0,I,MELB_URBAN,HIGHWAY,1,14.0
100535,2,3,100,1,1,80.0,0,I,MELB_URBAN,ROAD,1,7.0
100536,1,2,130,5,1,60.0,0,N,MELB_URBAN,FREEWAY,1,6.0
100537,6,4,99,5,1,100.0,0,N,RURAL_VICTORIA,ROAD,1,9.0
100538,1,2,110,1,1,50.0,0,I,MELB_URBAN,STREET,1,17.0
100539,1,1,130,5,1,80.0,0,N,MELB_URBAN,ROAD,1,8.0
100540,4,4,171,5,1,50.0,0,N,MELB_URBAN,AVENUE,1,11.0
100541,2,3,100,5,1,50.0,0,N,MELB_URBAN,ROAD,1,12.0
100542,1,4,99,1,1,80.0,0,I,MELB_URBAN,HIGHWAY,1,12.0
100543,1,4,130,2,1,60.0,0,I,MELB_URBAN,AVENUE,1,13.0
100544,5,4,99,5,1,40.0,0,N,RURAL_VICTORIA,ROAD,1,7.0
100545,4,4,173,5,1,60.0,0,N,MELB_URBAN,ROAD,1,7.0
100546,1,3,113,2,1,60.0,0,I,MELB_URBAN,ROAD,1,15.0
100547,1,4,120,5,1,60.0,0,N,RURAL_VICTORIA,ROAD,1,14.0
100548,4,4,171,5,1,100.0,0,N,RURAL_VICTORIA,ROAD,1,12.0
100549,1,4,111,1,1,80.0,0,I,MELB_URBAN,HIGHWAY,1,14.0
100550,1,4,121,2,1,80.0,1,I,MELB_URBAN,ROAD,1,14.0
100551,1,4,133,5,1,100.0,0,N,RURAL_VICTORIA,ROAD,1,16.0
100552,1,3,132,1,1,60.0,0,I,SMALL_CITIES,ROAD,1,17.0
100553,2,6,100,5,6,60.0,0,N,SMALL_CITIES,ROAD,1,1.0
100554,2,3,99,5,1,50.0,0,N,MELB_URBAN,STREET,1,19.0
100555,1,4,130,1,1,40.0,0,I,MELB_URBAN,STREET,1,18.0
100556,6,3,170,5,1,60.0,0,N,RURAL_VICTORIA,ROAD,1,14.0
100557,1,4,130,5,1,100.0,0,N,MELB_URBAN,ROAD,1,18.0
100558,1,3,135,2,1,60.0,0,I,MELB_URBAN,STREET,1,17.0
100559,1,4,99,5,1,100.0,0,N,MELB_URBAN,FREEWAY,1,18.0
100560,1,4,120,5,1,50.0,0,N,MELB_URBAN,OTHER,1,18.0
100561,1,4,121,1,2,60.0,0,I,MELB_URBAN,ROAD,1,19.0
100562,4,4,183,2,1,60.0,0,I,MELB_URBAN,DRIVE,1,20.0
100563,4,4,173,5,1,70.0,0,N,MELB_URBAN,ROAD,1,19.0
100564,6,3,99,5,1,50.0,0,N,TOWNS,STREET,1,20.0
100565,1,4,140,5,2,100.0,1,N,RURAL_VICTORIA,HIGHWAY,1,19.0
100566,4,5,173,5,5,80.0,0,N,RURAL_VICTORIA,ROAD,1,3.0
100567,6,4,99,5,5,80.0,0,N,RURAL_VICTORIA,ROAD,1,5.0
100568,1,5,121,1,2,60.0,0,I,MELB_URBAN,ROAD,1,6.0
100569,1,5,133,5,1,110.0,0,N,RURAL_VICTORIA,FREEWAY,1,5.0
100570,4,3,183,5,1,80.0,0,N,SMALL_CITIES,DRIVE,1,16.0
100571,1,4,130,5,1,60.0,0,N,RURAL_VICTORIA,ROAD,1,15.0
100572,1,5,133,5,1,100.0,0,N,RURAL_VICTORIA,ROAD,1,8.0
100573,1,5,121,5,1,40.0,0,N,MELBOURNE_CBD,STREET,1,9.0
100574,1,2,130,5,1,80.0,0,N,MELB_URBAN,STREET,1,14.0
100575,1,5,110,1,1,50.0,0,I,MELB_URBAN,ROAD,1,7.0
100576,1,5,130,2,1,70.0,0,N,MELB_URBAN,ROAD,1,11.0
100577,1,5,140,6,1,50.0,0,N,MELB_URBAN,OTHER,1,9.0
100578,1,4,121,2,1,60.0,0,I,MELB_URBAN,HIGHWAY,1,19.0
100579,1,2,130,1,1,60.0,0,I,MELB_URBAN,ROAD,1,11.0
100580,1,6,99,4,1,60.0,0,I,LARGE_PROVINCIAL_CITIES,ROAD,1,8.0
100581,1,5,120,5,1,100.0,0,N,RURAL_VICTORIA,HIGHWAY,1,11.0
100582,2,5,102,5,1,50.0,0,N,MELB_URBAN,STREET,1,13.0
100583,6,5,170,5,1,110.0,1,N,RURAL_VICTORIA,FREEWAY,1,11.0
100584,1,5,110,1,1,80.0,0,I,MELB_URBAN,HIGHWAY,1,13.0
100585,1,4,135,5,9,80.0,0,N,MELB_URBAN,FREEWAY,1,16.0
100586,1,4,130,5,1,60.0,0,N,MELB_URBAN,STREET,1,15.0
100587,1,5,130,2,1,60.0,0,I,MELB_URBAN,ROAD,1,11.0
100588,1,5,121,2,1,80.0,0,I,MELB_URBAN,HIGHWAY,1,15.0
100589,1,5,130,5,1,100.0,0,N,MELB_URBAN,ROAD,1,16.0
100590,1,5,110,1,1,60.0,0,I,MELB_URBAN,ROAD,1,17.0
100591,4,5,173,5,1,50.0,1,N,MELB_URBAN,STREET,1,13.0
100592,4,5,173,5,1,60.0,0,N,RURAL_VICTORIA,ROAD,1,16.0
100593,1,4,130,1,1,60.0,0,I,MELB_URBAN,STREET,1,14.0
100594,1,5,130,5,1,80.0,0,N,MELB_URBAN,ROAD,1,17.0
100595,1,5,110,1,1,60.0,0,I,MELB_URBAN,ROAD,1,18.0
100596,1,5,121,2,3,70.0,0,I,MELB_URBAN,HIGHWAY,1,22.0
100597,2,5,102,1,1,50.0,0,I,MELB_URBAN,STREET,1,16.0
100598,7,6,99,5,3,60.0,0,N,MELB_URBAN,ROAD,1,1.0
100599,1,6,99,2,1,60.0,0,I,MELB_URBAN,ROAD,11,12.0
100600,4,6,173,5,1,110.0,0,N,RURAL_VICTORIA,FREEWAY,1,7.0
100601,1,4,130,1,1,70.0,0,I,LARGE_PROVINCIAL_CITIES,HIGHWAY,1,9.0
100602,1,5,130,5,1,60.0,0,N,MELB_URBAN,ROAD,1,13.0
100603,6,6,99,5,5,100.0,1,N,RURAL_VICTORIA,ROAD,1,3.0
100604,1,6,130,1,1,60.0,0,I,MELB_URBAN,STREET,1,7.0
100605,1,5,135,5,1,80.0,0,N,MELB_URBAN,ROAD,1,11.0
100606,1,6,116,4,1,60.0,0,I,MELB_URBAN,ROAD,1,11.0
100607,1,4,130,2,1,60.0,0,I,MELB_URBAN,ROAD,1,9.0
100608,4,6,171,5,1,100.0,0,N,RURAL_VICTORIA,ROAD,1,11.0
100609,1,5,110,1,1,60.0,0,I,MELB_URBAN,ROAD,1,6.0
100610,4,6,171,5,1,100.0,0,N,RURAL_VICTORIA,ROAD,1,12.0
100611,1,6,120,5,1,60.0,0,N,MELB_URBAN,ROAD,1,13.0
100612,1,6,99,2,1,100.0,0,I,RURAL_VICTORIA,ROAD,1,14.0
100613,6,5,174,5,1,100.0,0,N,RURAL_VICTORIA,ROAD,1,12.0
100614,1,5,110,1,1,60.0,0,I,MELB_URBAN,ROAD,1,12.0
100615,1,6,121,1,1,60.0,0,I,MELB_URBAN,STREET,1,13.0
100616,1,6,99,5,1,60.0,0,N,MELB_URBAN,ROAD,1,12.0
100617,4,6,99,2,1,100.0,0,I,RURAL_VICTORIA,ROAD,1,13.0
100618,1,5,130,2,1,70.0,0,I,MELB_URBAN,ROAD,1,14.0
100619,1,7,110,1,3,80.0,0,I,SMALL_CITIES,HIGHWAY,12,21.0
100620,4,6,173,5,5,60.0,0,N,MELB_URBAN,DRIVE,10,2.0
100621,1,6,110,1,1,80.0,0,I,MELB_URBAN,ROAD,1,15.0
100622,1,5,130,5,1,60.0,0,N,MELB_URBAN,OTHER,1,17.0
100623,4,6,173,1,1,60.0,0,I,TOWNS,STREET,1,16.0
100624,1,6,130,1,1,50.0,0,I,MELB_URBAN,ROAD,1,16.0
100625,2,6,102,5,1,40.0,0,N,MELBOURNE_CBD,STREET,1,19.0
100626,1,5,130,5,1,80.0,0,N,MELB_URBAN,ROAD,7,8.0
100627,1,5,130,5,1,60.0,0,N,RURAL_VICTORIA,HIGHWAY,1,17.0
100628,4,6,171,5,1,60.0,0,N,MELB_URBAN,ROAD,1,15.0
100629,4,6,171,5,1,80.0,0,N,MELB_URBAN,ROAD,1,17.0
100630,1,5,135,1,3,40.0,0,I,MELB_URBAN,STREET,1,21.0
100631,1,6,113,1,2,60.0,0,I,MELB_URBAN,STREET,1,20.0
100632,1,7,130,5,5,80.0,0,N,MELB_URBAN,ROAD,1,0.0
100633,1,6,120,5,2,60.0,0,N,MELB_URBAN,ROAD,1,5.0
100634,4,7,181,2,3,80.0,0,I,MELB_URBAN,ROAD,1,1.0
100635,1,6,130,1,3,60.0,0,I,MELB_URBAN,ROAD,1,23.0
100636,3,6,167,5,5,100.0,0,N,RURAL_VICTORIA,FREEWAY,1,4.0
100637,4,6,173,5,1,100.0,0,N,RURAL_VICTORIA,ROAD,1,7.0
100638,1,6,110,5,1,60.0,0,N,MELB_URBAN,ROAD,12,7.0
100639,1,7,130,5,1,60.0,0,N,MELB_URBAN,ROAD,1,11.0
100640,1,6,160,5,1,60.0,0,N,MELB_URBAN,ROAD,1,14.0
100641,1,5,110,1,1,50.0,0,I,MELB_URBAN,STREET,1,19.0
100642,1,7,130,5,1,60.0,0,N,RURAL_VICTORIA,ROAD,1,11.0
100643,2,7,99,5,1,60.0,0,N,MELB_URBAN,STREET,1,13.0
100644,1,6,133,5,1,60.0,0,N,MELB_URBAN,ROAD,1,12.0
100645,4,6,173,5,1,50.0,0,N,SMALL_TOWNS,ROAD,1,10.0
100646,1,7,130,5,1,100.0,0,N,MELB_URBAN,UNKNOWN,1,10.0
100647,1,7,110,1,1,80.0,0,I,MELB_URBAN,ROAD,1,14.0
100648,1,7,113,2,1,60.0,0,I,MELB_URBAN,ROAD,1,15.0
100649,1,7,111,1,1,60.0,0,I,MELB_URBAN,ROAD,1,13.0
100650,1,5,130,1,9,80.0,0,I,RURAL_VICTORIA,ROAD,1,14.0
100651,1,7,110,1,1,60.0,0,I,TOWNS,ROAD,1,15.0
100652,1,4,121,2,1,60.0,0,I,MELB_URBAN,ROAD,1,7.0
100653,1,6,130,2,1,100.0,0,I,RURAL_VICTORIA,ROAD,1,15.0
100654,2,7,102,5,1,60.0,0,N,MELB_URBAN,ROAD,1,15.0
100655,1,7,110,1,1,50.0,0,I,SMALL_CITIES,STREET,1,16.0
100656,1,7,130,5,1,60.0,0,N,MELB_URBAN,ROAD,1,16.0
100657,1,3,130,2,9,50.0,0,I,LARGE_PROVINCIAL_CITIES,ROAD,1,15.0
100658,1,7,140,2,1,60.0,0,I,TOWNS,STREET,1,11.0
100659,4,7,173,5,1,100.0,0,N,RURAL_VICTORIA,ROAD,1,13.0
100660,4,7,183,5,1,100.0,1,N,RURAL_VICTORIA,ROAD,1,14.0
100661,1,7,99,2,1,70.0,0,I,MELB_URBAN,ROAD,1,18.0
100662,6,7,99,5,1,100.0,0,N,RURAL_VICTORIA,ROAD,1,13.0
100663,6,7,99,5,1,100.0,0,N,MELB_URBAN,FREEWAY,1,17.0
100664,4,7,181,5,1,100.0,0,N,RURAL_VICTORIA,HIGHWAY,1,16.0
100665,6,7,170,5,5,60.0,0,N,RURAL_VICTORIA,ROAD,1,21.0
100666,5,7,99,5,5,80.0,0,N,RURAL_VICTORIA,ROAD,1,22.0
100667,1,7,173,5,3,60.0,0,N,MELB_URBAN,ROAD,1,23.0
100668,1,7,130,1,3,60.0,0,N,MELB_URBAN,HIGHWAY,1,4.0
100669,1,7,132,2,3,60.0,0,I,MELB_URBAN,STREET,1,22.0
100670,2,4,100,5,3,60.0,0,N,MELB_URBAN,STREET,1,22.0
100671,4,1,173,5,3,50.0,0,N,MELB_URBAN,ROAD,1,1.0
100672,1,2,120,5,1,50.0,0,UNKNOWN,UNKNOWN,UNKNOWN,1,10.0
100673,4,1,171,5,1,60.0,0,N,MELB_URBAN,ROAD,1,7.0
100674,1,1,110,1,1,50.0,0,I,MELB_URBAN,STREET,1,11.0
100675,1,1,120,5,1,60.0,0,N,RURAL_VICTORIA,HIGHWAY,1,11.0
100676,1,2,130,2,1,60.0,0,I,MELB_URBAN,STREET,12,11.0
100677,4,1,171,5,1,50.0,0,N,TOWNS,DRIVE,1,14.0
100678,1,1,132,2,1,60.0,0,I,MELB_URBAN,STREET,1,13.0
100679,1,5,130,5,1,40.0,0,N,SMALL_CITIES,ROAD,1,20.0
100680,1,1,130,1,1,60.0,0,I,MELB_URBAN,STREET,1,16.0
100681,1,1,121,2,1,60.0,0,N,LARGE_PROVINCIAL_CITIES,ROAD,1,16.0
100682,4,1,181,5,1,80.0,1,N,RURAL_VICTORIA,ROAD,1,13.0
100683,1,1,113,1,1,80.0,0,I,MELB_URBAN,HIGHWAY,1,16.0
100684,2,1,99,5,1,50.0,1,N,TOWNS,AVENUE,1,18.0
100685,1,1,130,2,1,80.0,0,I,MELB_URBAN,ROAD,1,18.0
100686,4,7,99,5,1,60.0,0,N,RURAL_VICTORIA,ROAD,1,11.0
100687,1,1,110,1,1,60.0,0,I,TOWNS,STREET,1,20.0
100688,1,1,130,5,1,80.0,0,N,SMALL_TOWNS,ROAD,1,17.0
100689,6,1,99,5,1,100.0,0,N,RURAL_VICTORIA,HIGHWAY,1,19.0
100690,1,1,121,2,1,50.0,0,I,MELB_URBAN,STREET,1,17.0
100691,1,0,121,1,3,60.0,0,I,SMALL_CITIES,AVENUE,1,22.0
100692,1,2,160,5,3,60.0,0,N,LARGE_PROVINCIAL_CITIES,ROAD,1,0.0
100693,4,2,99,2,3,50.0,0,I,MELB_URBAN,STREET,1,0.0
100694,1,2,160,5,3,60.0,0,N,MELB_URBAN,ROAD,1,3.0
100695,1,2,113,2,1,60.0,0,I,MELB_URBAN,ROAD,1,8.0
100696,4,7,171,5,1,80.0,0,N,MELB_URBAN,ROAD,1,10.0
100697,1,2,110,1,1,100.0,0,I,RURAL_VICTORIA,HIGHWAY,1,6.0
100698,1,1,110,1,1,100.0,0,I,RURAL_VICTORIA,HIGHWAY,1,14.0
100699,1,2,99,1,1,40.0,0,I,MELB_URBAN,STREET,1,9.0
100700,1,2,99,5,1,80.0,0,N,RURAL_VICTORIA,ROAD,1,10.0
100701,1,1,163,5,1,50.0,0,N,MELB_URBAN,STREET,12,12.0
100702,4,2,171,5,1,60.0,0,N,TOWNS,STREET,1,11.0
100703,1,2,110,1,1,60.0,0,I,TOWNS,STREET,1,10.0
100704,1,2,130,5,2,50.0,0,N,MELB_URBAN,DRIVE,10,18.0
100705,1,2,99,2,1,60.0,0,I,MELB_URBAN,STREET,1,10.0
100706,2,2,100,2,1,60.0,0,I,MELB_URBAN,ROAD,1,10.0
100707,7,2,184,5,1,100.0,0,N,RURAL_VICTORIA,ROAD,1,10.0
100708,8,2,99,5,1,60.0,0,N,RURAL_VICTORIA,ROAD,1,11.0
100709,1,2,99,2,1,80.0,0,I,SMALL_CITIES,STREET,1,9.0
100710,8,3,99,2,2,50.0,0,I,RURAL_VICTORIA,UNKNOWN,12,18.0
100711,4,5,99,5,5,75.0,0,N,RURAL_VICTORIA,ROAD,12,22.0
100712,1,2,130,1,1,80.0,0,I,MELB_URBAN,ROAD,1,13.0
100713,1,2,113,2,1,80.0,0,I,RURAL_VICTORIA,HIGHWAY,1,13.0
100714,1,2,111,2,1,80.0,0,N,MELB_URBAN,FREEWAY,1,13.0
100715,6,2,184,5,1,80.0,0,N,RURAL_VICTORIA,ROAD,1,14.0
100716,1,2,111,2,1,60.0,0,I,MELB_URBAN,DRIVE,1,16.0
100717,1,1,130,5,1,60.0,0,N,MELB_URBAN,HIGHWAY,1,12.0
100718,1,2,120,5,1,100.0,1,N,RURAL_VICTORIA,ROAD,1,12.0
100719,1,2,147,5,1,60.0,0,N,MELB_URBAN,ROAD,1,16.0
100720,1,2,99,5,1,50.0,0,N,MELB_URBAN,PARADE,1,17.0
100721,1,2,110,1,1,80.0,0,I,RURAL_VICTORIA,ROAD,1,16.0
100722,4,1,173,4,1,60.0,0,I,LARGE_PROVINCIAL_CITIES,STREET,1,16.0
100723,4,2,173,5,1,80.0,0,N,RURAL_VICTORIA,HIGHWAY,1,16.0
100724,1,2,110,1,1,80.0,0,I,MELB_URBAN,HIGHWAY,1,19.0
100725,8,2,174,1,1,60.0,0,I,LARGE_PROVINCIAL_CITIES,STREET,1,19.0
100726,1,2,121,1,1,70.0,0,I,MELB_URBAN,ROAD,1,15.0
100727,4,2,171,5,2,100.0,0,N,RURAL_VICTORIA,HIGHWAY,1,20.0
100728,1,1,130,1,1,50.0,0,I,MELB_URBAN,ROAD,1,9.0
100729,4,2,171,5,5,100.0,0,N,RURAL_VICTORIA,ROAD,1,21.0
100730,1,2,116,2,2,50.0,0,I,MELB_URBAN,AVENUE,1,20.0
100731,1,1,110,1,3,80.0,0,I,MELB_URBAN,ROAD,1,23.0
100732,1,1,130,5,1,60.0,0,N,MELB_URBAN,ROAD,1,13.0
100733,1,3,135,2,1,80.0,0,I,MELB_URBAN,ROAD,1,8.0
100734,4,3,171,5,2,100.0,0,N,RURAL_VICTORIA,HIGHWAY,1,6.0
100735,1,3,132,2,2,60.0,0,N,MELB_URBAN,STREET,1,7.0
100736,1,3,99,2,1,50.0,0,I,MELB_URBAN,ROAD,1,9.0
100737,8,2,99,5,1,60.0,0,N,RURAL_VICTORIA,ROAD,1,11.0
100738,1,4,99,2,1,50.0,0,N,MELBOURNE_CBD,STREET,1,15.0
100739,1,3,120,5,1,60.0,0,N,MELB_URBAN,ROAD,1,10.0
100740,1,6,99,2,1,60.0,0,I,TOWNS,OTHER,1,19.0
100741,2,1,99,5,1,60.0,0,N,MELB_URBAN,STREET,1,14.0
100742,4,3,171,5,1,100.0,0,N,RURAL_VICTORIA,ROAD,1,12.0
100743,1,3,99,2,1,40.0,0,I,MELB_URBAN,STREET,1,14.0
100744,6,2,99,5,2,80.0,0,N,RURAL_VICTORIA,ROAD,1,20.0
100745,1,3,130,2,1,60.0,0,I,MELB_URBAN,ROAD,1,18.0
100746,1,3,121,5,1,70.0,0,I,MELB_URBAN,ROAD,1,7.0
100747,1,2,110,1,1,50.0,0,N,MELB_URBAN,STREET,1,15.0
100748,1,3,160,5,1,60.0,0,N,LARGE_PROVINCIAL_CITIES,STREET,1,12.0
100749,1,3,132,5,1,60.0,0,N,MELB_URBAN,ROAD,1,16.0
100750,1,3,140,2,1,60.0,0,N,MELB_URBAN,ROAD,1,16.0
100751,8,1,174,2,1,60.0,0,I,SMALL_CITIES,DRIVE,1,11.0
100752,4,2,183,5,1,100.0,0,N,RURAL_VICTORIA,RAMP,1,16.0
100753,1,3,110,1,1,60.0,0,I,MELB_URBAN,ROAD,1,17.0
100754,1,3,147,5,1,50.0,0,N,MELB_URBAN,STREET,1,15.0
100755,1,3,99,2,1,50.0,0,I,MELBOURNE_CBD,STREET,1,17.0
100756,4,2,173,5,1,100.0,0,N,RURAL_VICTORIA,ROAD,1,19.0
100757,6,3,99,5,2,50.0,0,N,SMALL_CITIES,STREET,1,20.0
100758,4,3,171,5,1,60.0,0,N,MELB_URBAN,ROAD,1,15.0
100759,4,4,99,2,5,100.0,0,I,RURAL_VICTORIA,ROAD,1,4.0
100760,8,7,174,5,5,60.0,0,N,RURAL_VICTORIA,ROAD,1,22.0
100761,1,3,121,2,1,60.0,0,I,MELB_URBAN,STREET,1,8.0
100762,1,4,121,1,1,50.0,0,I,MELB_URBAN,ROAD,1,11.0
100763,1,4,121,2,1,60.0,0,I,MELB_URBAN,ROAD,1,8.0
100764,2,2,102,2,9,50.0,0,I,MELB_URBAN,ROAD,1,7.0
100765,1,4,121,2,1,60.0,0,I,MELB_URBAN,AVENUE,1,12.0
100766,1,6,133,5,1,80.0,0,N,MELB_URBAN,FREEWAY,1,11.0
100767,1,1,121,1,1,40.0,0,I,MELB_URBAN,STREET,1,13.0
100768,1,4,121,2,1,70.0,0,I,MELB_URBAN,ROAD,1,11.0
100769,2,4,100,2,1,60.0,0,I,MELB_URBAN,STREET,1,11.0
100770,1,7,130,1,1,70.0,0,I,MELB_URBAN,ROAD,1,17.0
100771,1,3,130,2,1,60.0,0,I,MELB_URBAN,ROAD,1,15.0
100772,4,4,99,2,1,100.0,0,I,RURAL_VICTORIA,ROAD,1,8.0
100773,1,2,99,4,1,60.0,0,I,MELB_URBAN,ROAD,1,12.0
100774,4,2,173,5,9,60.0,0,N,MELB_URBAN,STREET,1,4.0
100775,1,7,130,5,3,100.0,0,N,MELB_URBAN,UNKNOWN,10,1.0
100776,1,2,135,5,2,50.0,0,I,MELB_URBAN,STREET,1,19.0
100777,1,4,130,5,1,100.0,0,N,MELB_URBAN,FREEWAY,1,14.0
100778,8,7,174,5,1,60.0,0,N,RURAL_VICTORIA,OTHER,1,10.0
100779,1,3,130,5,1,60.0,0,N,MELB_URBAN,ROAD,1,17.0
100780,1,4,130,1,1,70.0,0,I,MELB_URBAN,ROAD,1,17.0
100781,1,4,120,5,1,80.0,0,N,RURAL_VICTORIA,ROAD,1,17.0
100782,1,4,121,1,1,60.0,0,I,MELB_URBAN,STREET,1,17.0
100783,7,3,99,5,1,60.0,0,N,MELB_URBAN,STREET,1,16.0
100784,1,4,110,1,1,50.0,0,I,MELB_URBAN,ROAD,1,18.0
100785,1,3,99,2,1,60.0,0,I,MELB_URBAN,ROAD,1,14.0
100786,4,4,171,5,2,60.0,0,N,SMALL_TOWNS,STREET,1,19.0
100787,1,4,130,1,1,40.0,0,I,SMALL_CITIES,HIGHWAY,1,8.0
100788,1,4,99,2,3,50.0,0,I,MELB_URBAN,DRIVE,1,22.0
100789,1,4,130,1,3,60.0,0,I,MELB_URBAN,ROAD,1,23.0
100790,1,3,110,1,1,80.0,0,N,MELB_URBAN,STREET,1,18.0
100791,1,6,121,1,1,60.0,0,I,MELB_URBAN,ROAD,1,10.0
100792,1,4,99,2,1,60.0,0,I,MELB_URBAN,ROAD,1,14.0
100793,8,4,174,2,1,60.0,0,I,MELB_URBAN,DRIVE,1,18.0
100794,2,5,102,5,1,40.0,0,N,MELB_URBAN,STREET,1,7.0