,accident_type,day_of_week,dca_code,road_geometry,light_condition,speed_zone,severity,node_type,deg_urban_name,road_type,month,hour
100795,1,4,130,2,3,70.0,0,N,MELB_URBAN,RAMP,1,0.0
100796,1,5,99,1,1,40.0,0,I,MELB_URBAN,OTHER,1,9.0
100797,1,5,130,5,1,60.0,0,N,LARGE_PROVINCIAL_CITIES,STREET,1,10.0
100798,6,7,184,5,1,80.0,0,N,RURAL_VICTORIA,OTHER,1,13.0
100799,2,3,102,1,1,50.0,0,I,SMALL_CITIES,OTHER,1,12.0
100800,7,5,99,2,1,50.0,0,I,MELB_URBAN,ROAD,1,7.0
100801,1,4,110,1,1,60.0,0,I,MELB_URBAN,ROAD,1,10.0
100802,1,5,181,5,1,40.0,0,N,MELB_URBAN,RAMP,1,11.0
100803,1,4,130,2,3,60.0,0,I,RURAL_VICTORIA,ROAD,12,21.0
100804,1,4,130,2,1,60.0,0,N,LARGE_PROVINCIAL_CITIES,STREET,1,12.0
100805,1,5,121,2,1,60.0,0,I,MELB_URBAN,ROAD,1,12.0
100806,1,5,121,2,1,60.0,0,I,MELB_URBAN,HIGHWAY,1,7.0
100807,1,5,110,1,1,80.0,0,I,MELB_URBAN,OTHER,1,13.0
100808,4,6,171,5,5,100.0,0,N,RURAL_VICTORIA,ROAD,11,5.0
100809,1,5,110,1,1,80.0,0,I,LARGE_PROVINCIAL_CITIES,HIGHWAY,1,13.0
100810,1,5,121,2,1,80.0,0,I,MELB_URBAN,DRIVE,1,12.0
100811,1,5,99,5,1,40.0,0,N,LARGE_PROVINCIAL_CITIES,STREET,1,14.0
100812,1,4,121,2,1,60.0,0,I,SMALL_CITIES,ROAD,1,14.0
100813,1,3,130,5,1,60.0,0,N,MELB_URBAN,ROAD,1,16.0
100814,6,4,99,5,1,100.0,0,N,RURAL_VICTORIA,ROAD,1,13.0
100815,1,2,132,2,1,60.0,0,I,MELB_URBAN,ROAD,1,14.0
100816,1,5,130,5,1,60.0,0,N,MELB_URBAN,ROAD,1,16.0
100817,1,5,130,5,1,100.0,0,N,RURAL_VICTORIA,ROAD,1,16.0
100818,1,5,130,5,1,70.0,0,N,LARGE_PROVINCIAL_CITIES,ROAD,1,17.0
100819,1,4,121,5,1,60.0,0,N,MELB_URBAN,ROAD,1,17.0
100820,4,5,171,1,1,100.0,1,I,RURAL_VICTORIA,HIGHWAY,1,14.0
100821,1,4,135,5,1,50.0,0,N,MELB_URBAN,STREET,1,18.0
100822,4,5,171,5,1,50.0,0,N,MELB_URBAN,AVENUE,1,16.0
100823,1,5,99,2,1,60.0,0,I,LARGE_PROVINCIAL_CITIES,ROAD,1,11.0
100824,4,5,171,5,1,80.0,1,N,RURAL_VICTORIA,ROAD,1,15.0
100825,2,5,99,5,1,60.0,0,N,MELB_URBAN,ROAD,1,5.0
100826,4,5,171,2,1,50.0,0,N,MELB_URBAN,ROAD,1,20.0
100827,1,5,110,1,1,60.0,0,I,LARGE_PROVINCIAL_CITIES,STREET,1,15.0
100828,1,5,160,5,3,50.0,0,N,MELB_URBAN,AVENUE,1,2.0
100829,1,5,110,1,3,60.0,0,I,MELB_URBAN,ROAD,1,21.0
100830,2,5,100,5,5,80.0,1,N,SMALL_TOWNS,ROAD,1,3.0
100831,1,5,120,5,1,60.0,0,N,MELB_URBAN,STREET,1,18.0
100832,1,4,130,5,1,100.0,0,N,MELB_URBAN,UNKNOWN,1,18.0
100833,1,6,110,1,1,60.0,0,I,TOWNS,HIGHWAY,2,7.0
100834,4,6,171,5,1,50.0,0,N,MELB_URBAN,STREET,2,8.0
100835,1,6,99,5,1,60.0,0,N,MELB_URBAN,STREET,2,7.0
100836,1,6,121,1,1,50.0,0,I,MELB_URBAN,STREET,2,7.0
100837,1,5,121,1,1,60.0,0,I,MELB_URBAN,STREET,2,8.0
100838,1,6,113,2,1,50.0,0,I,MELB_URBAN,STREET,2,9.0
100839,1,6,130,2,1,60.0,0,I,MELB_URBAN,STREET,2,8.0
100840,1,6,99,1,1,50.0,0,I,MELB_URBAN,STREET,2,9.0
100841,1,4,121,2,1,60.0,0,I,SMALL_CITIES,STREET,1,10.0
100842,1,6,121,2,1,40.0,0,I,MELB_URBAN,ROAD,2,9.0
100843,1,5,121,1,1,60.0,0,I,MELB_URBAN,STREET,1,15.0
100844,7,6,99,5,1,60.0,0,N,RURAL_VICTORIA,ROAD,2,10.0
100845,1,6,121,2,1,60.0,0,I,MELB_URBAN,ROAD,2,6.0
100846,6,7,184,5,1,60.0,0,N,RURAL_VICTORIA,ROAD,1,16.0
100847,1,6,133,1,9,60.0,0,N,MELB_URBAN,ROAD,2,12.0
100848,1,5,121,2,1,60.0,0,I,MELB_URBAN,ROAD,2,13.0
100849,1,6,130,5,1,60.0,0,N,MELB_URBAN,ROAD,2,11.0
100850,1,6,140,1,1,60.0,0,I,MELB_URBAN,HIGHWAY,2,11.0
100851,1,6,130,1,1,60.0,0,I,TOWNS,HIGHWAY,2,9.0
100852,4,3,183,5,9,100.0,0,N,RURAL_VICTORIA,ROAD,1,12.0
100853,1,6,121,5,1,70.0,0,N,MELB_URBAN,ROAD,2,15.0
100854,1,6,99,2,1,80.0,0,I,MELB_URBAN,STREET,2,13.0
100855,4,5,99,2,3,40.0,0,I,MELB_URBAN,STREET,1,21.0
100856,2,2,99,1,1,60.0,0,I,MELB_URBAN,STREET,1,9.0
100857,1,6,130,5,1,70.0,0,N,MELB_URBAN,HIGHWAY,2,17.0
100858,1,3,130,2,9,60.0,0,N,MELB_URBAN,HIGHWAY,1,16.0
100859,1,6,130,5,1,80.0,0,N,MELB_URBAN,OTHER,2,17.0
100860,4,6,99,5,1,100.0,0,N,RURAL_VICTORIA,HIGHWAY,2,18.0
100861,4,6,173,5,5,50.0,0,N,LARGE_PROVINCIAL_CITIES,STREET,2,21.0
100862,4,6,171,5,1,80.0,0,N,LARGE_PROVINCIAL_CITIES,ROAD,2,17.0
100863,1,6,110,1,1,40.0,0,I,MELB_URBAN,STREET,2,20.0
100864,4,6,171,5,2,50.0,0,N,TOWNS,OTHER,2,20.0
100865,7,6,184,5,3,60.0,0,N,MELB_URBAN,STREET,2,21.0
100866,2,6,100,1,2,50.0,0,I,SMALL_CITIES,STREET,2,19.0
100867,1,6,110,1,1,50.0,0,I,MELB_URBAN,ROAD,2,17.0
100868,2,5,102,5,1,40.0,0,N,MELB_URBAN,STREET,2,15.0
100869,1,6,99,2,1,80.0,1,I,RURAL_VICTORIA,AVENUE,2,19.0
100870,1,6,130,2,3,60.0,0,I,MELB_URBAN,AVENUE,2,22.0
100871,1,7,130,5,3,40.0,0,N,MELB_URBAN,STREET,2,0.0
100872,4,7,171,5,3,70.0,0,N,MELB_URBAN,ROAD,2,4.0
100873,1,7,99,2,1,50.0,0,I,MELB_URBAN,STREET,2,7.0
100874,4,7,181,5,2,100.0,0,N,MELB_URBAN,ROAD,2,7.0
100875,4,7,173,5,1,100.0,0,N,RURAL_VICTORIA,ROAD,2,7.0
100876,2,7,102,5,1,50.0,0,N,TOWNS,STREET,2,8.0
100877,2,7,100,1,1,40.0,0,I,MELB_URBAN,STREET,2,11.0
100878,1,6,132,2,1,60.0,0,I,MELB_URBAN,PARADE,2,12.0
100879,6,7,99,5,5,100.0,1,N,RURAL_VICTORIA,ROAD,2,3.0
100880,1,7,99,2,1,60.0,0,I,MELB_URBAN,STREET,2,12.0
100881,7,7,99,5,1,60.0,0,N,MELB_URBAN,STREET,2,13.0
100882,1,7,111,2,1,80.0,0,I,MELB_URBAN,HIGHWAY,2,11.0
100883,4,7,173,2,1,60.0,0,N,MELB_URBAN,ROAD,2,11.0
100884,1,7,135,5,1,60.0,0,N,MELB_URBAN,OTHER,2,10.0
100885,1,6,130,5,1,60.0,0,N,MELB_URBAN,DRIVE,2,13.0
100886,1,5,133,1,1,60.0,0,I,MELB_URBAN,STREET,2,15.0
100887,1,7,121,2,1,60.0,0,I,MELB_URBAN,ROAD,2,16.0
100888,1,7,99,3,1,50.0,0,I,MELB_URBAN,STREET,2,18.0
100889,1,2,130,5,3,40.0,0,N,MELB_URBAN,ROAD,1,22.0
100890,4,7,171,5,1,60.0,0,N,MELB_URBAN,STREET,2,18.0
100891,4,7,181,5,5,40.0,0,N,RURAL_VICTORIA,HIGHWAY,2,1.0
100892,1,7,110,1,1,50.0,0,I,MELB_URBAN,STREET,2,18.0
100893,6,7,174,5,1,80.0,0,N,RURAL_VICTORIA,ROAD,2,15.0
100894,4,7,99,5,1,100.0,0,N,RURAL_VICTORIA,OTHER,2,19.0
100895,2,6,100,5,1,50.0,0,N,MELB_URBAN,ROAD,2,18.0
100896,1,6,133,5,3,100.0,0,N,MELB_URBAN,FREEWAY,2,21.0
100897,1,7,110,1,1,60.0,0,I,MELB_URBAN,OTHER,2,18.0
100898,4,7,173,5,1,100.0,0,N,RURAL_VICTORIA,ROAD,2,18.0
100899,1,7,110,1,3,60.0,0,I,MELB_URBAN,ROAD,2,23.0
100900,1,7,99,5,3,60.0,0,N,MELB_URBAN,ROAD,2,23.0
100901,2,7,102,4,3,60.0,0,N,MELB_URBAN,ROAD,2,23.0
100902,4,1,171,5,5,80.0,0,N,RURAL_VICTORIA,ROAD,2,4.0
100903,1,7,120,2,3,60.0,0,N,MELB_URBAN,ROAD,2,23.0
100904,1,5,113,2,1,60.0,0,I,MELB_URBAN,STREET,1,16.0
100905,1,7,99,5,1,60.0,0,N,MELB_URBAN,ROAD,2,9.0
100906,1,5,130,5,9,60.0,0,N,MELB_URBAN,FREEWAY,2,9.0
100907,4,1,173,1,1,50.0,0,N,SMALL_TOWNS,STREET,2,9.0
100908,4,1,183,5,5,100.0,0,N,RURAL_VICTORIA,ROAD,2,1.0
100909,1,1,121,1,1,60.0,0,I,MELB_URBAN,STREET,2,9.0
100910,2,1,102,5,1,60.0,0,N,MELB_URBAN,ROAD,2,10.0
100911,1,1,110,1,1,100.0,0,I,RURAL_VICTORIA,ROAD,2,10.0
100912,1,1,99,2,1,80.0,0,I,MELB_URBAN,ROAD,2,11.0
100913,2,6,99,5,1,60.0,0,N,SMALL_TOWNS,OTHER,2,11.0
100914,4,1,183,5,1,100.0,0,N,RURAL_VICTORIA,ROAD,2,12.0
100915,1,1,130,5,1,50.0,0,N,TOWNS,STREET,2,13.0
100916,1,1,130,5,1,60.0,0,N,MELB_URBAN,ROAD,2,13.0
100917,1,1,110,1,1,70.0,0,I,MELB_URBAN,ROAD,2,14.0
100918,6,7,99,5,5,80.0,0,N,RURAL_VICTORIA,ROAD,2,23.0
100919,4,4,99,2,1,60.0,0,N,MELB_URBAN,AVENUE,1,10.0
100920,1,7,163,2,1,60.0,0,I,MELB_URBAN,PARADE,2,13.0
100921,1,1,110,1,1,100.0,0,I,RURAL_VICTORIA,HIGHWAY,2,7.0
100922,1,0,121,5,1,80.0,0,N,RURAL_VICTORIA,ROAD,2,18.0
100923,1,1,111,2,1,60.0,0,I,MELB_URBAN,ROAD,2,14.0
100924,1,1,110,1,1,60.0,0,I,MELB_URBAN,STREET,2,14.0
100925,4,7,171,5,1,80.0,0,N,RURAL_VICTORIA,HIGHWAY,2,10.0
100926,2,1,99,5,1,50.0,0,N,MELB_URBAN,OTHER,2,19.0
100927,1,1,130,1,1,60.0,0,I,MELB_URBAN,ROAD,2,19.0
100928,1,0,160,5,1,50.0,0,N,MELB_URBAN,DRIVE,2,19.0
100929,1,1,99,4,3,80.0,0,I,MELB_URBAN,ROAD,2,22.0
100930,1,1,160,5,3,60.0,0,N,MELB_URBAN,ROAD,2,21.0
100931,1,0,171,2,6,50.0,0,N,SMALL_CITIES,ROAD,2,0.0
100932,4,1,173,5,1,60.0,0,N,MELB_URBAN,STREET,2,12.0
100933,1,2,110,1,2,80.0,0,I,RURAL_VICTORIA,ROAD,2,6.0
100934,1,1,130,5,1,110.0,0,N,RURAL_VICTORIA,FREEWAY,2,16.0
100935,8,4,174,2,1,60.0,0,N,RURAL_VICTORIA,OTHER,1,17.0
100936,2,2,99,5,1,50.0,0,N,MELB_URBAN,AVENUE,2,8.0
100937,2,2,100,1,1,50.0,0,I,SMALL_CITIES,STREET,2,12.0
100938,1,1,113,2,1,70.0,0,I,MELB_URBAN,ROAD,2,8.0
100939,1,2,120,5,1,40.0,0,N,MELB_URBAN,HIGHWAY,2,13.0
100940,1,2,121,5,1,50.0,0,N,MELB_URBAN,DRIVE,2,10.0
100941,8,2,99,5,1,50.0,0,N,MELB_URBAN,STREET,2,11.0
100942,1,2,111,1,1,60.0,0,I,MELB_URBAN,STREET,2,12.0
100943,7,7,99,5,1,60.0,0,N,TOWNS,ROAD,2,14.0
100944,1,6,130,2,9,70.0,0,I,MELB_URBAN,ROAD,1,13.0
100945,8,3,174,5,1,50.0,0,N,MELB_URBAN,STREET,1,17.0
100946,1,2,130,4,1,60.0,0,N,RURAL_VICTORIA,ROAD,2,17.0
100947,1,2,130,2,1,60.0,0,N,MELB_URBAN,ROAD,2,15.0
100948,1,2,130,5,1,100.0,0,N,RURAL_VICTORIA,ROAD,2,18.0
100949,1,2,130,5,1,80.0,0,N,RURAL_VICTORIA,ROAD,2,15.0
100950,1,3,110,1,9,60.0,0,I,MELB_URBAN,STREET,11,22.0
100951,2,6,102,2,2,50.0,0,I,MELB_URBAN,OTHER,2,21.0
100952,1,2,99,2,1,40.0,0,I,MELB_URBAN,STREET,2,17.0
100953,1,2,120,5,1,100.0,0,N,RURAL_VICTORIA,ROAD,2,20.0
100954,4,2,171,5,1,50.0,0,N,RURAL_VICTORIA,AVENUE,2,19.0
100955,1,2,130,5,1,100.0,0,N,MELB_URBAN,FREEWAY,2,17.0
100956,2,0,99,5,1,60.0,0,N,MELB_URBAN,ROAD,1,15.0
100957,1,2,130,2,1,60.0,0,I,MELB_URBAN,ROAD,2,16.0
100958,1,2,121,1,1,60.0,0,I,MELB_URBAN,STREET,2,12.0
100959,1,3,121,2,3,60.0,0,I,MELB_URBAN,ROAD,2,5.0
100960,2,6,100,5,2,40.0,0,N,MELB_URBAN,STREET,2,20.0
100961,4,2,171,5,5,80.0,1,N,SMALL_CITIES,STREET,2,21.0
100962,1,7,110,1,1,40.0,0,N,MELB_URBAN,DRIVE,12,11.0
100963,1,3,110,1,1,50.0,0,I,MELB_URBAN,ROAD,2,9.0
100964,1,2,133,2,1,60.0,0,I,MELB_URBAN,ROAD,2,9.0
100965,1,6,130,5,2,60.0,0,N,MELB_URBAN,ROAD,2,20.0
100966,1,3,140,5,1,60.0,0,N,TOWNS,STREET,2,9.0
100967,7,6,99,5,1,60.0,0,N,MELB_URBAN,ROAD,2,20.0
100968,1,5,130,5,1,60.0,0,N,MELB_URBAN,ROAD,2,17.0
100969,1,3,133,1,1,80.0,0,I,MELB_URBAN,ROAD,2,15.0
100970,1,2,130,5,1,60.0,0,N,MELB_URBAN,ROAD,2,16.0
100971,1,3,130,5,1,80.0,0,N,MELB_URBAN,ROAD,2,15.0
100972,1,3,110,1,1,60.0,0,I,MELB_URBAN,PARADE,2,18.0
100973,1,3,121,5,1,60.0,0,N,MELB_URBAN,STREET,2,17.0
100974,4,3,171,5,1,100.0,0,N,RURAL_VICTORIA,ROAD,2,17.0
100975,1,2,111,1,2,60.0,0,I,MELB_URBAN,HIGHWAY,2,19.0
100976,4,3,99,5,2,60.0,0,N,MELB_URBAN,AVENUE,2,19.0
100977,1,2,113,2,1,60.0,0,I,MELB_URBAN,ROAD,2,14.0
100978,2,3,100,5,1,50.0,0,N,MELB_URBAN,STREET,8,16.0
100979,1,3,121,1,4,60.0,0,I,MELB_URBAN,STREET,2,21.0
100980,1,3,110,1,5,100.0,1,I,RURAL_VICTORIA,ROAD,2,22.0
100981,4,3,181,5,5,60.0,1,N,RURAL_VICTORIA,ROAD,2,23.0
100982,1,2,130,2,9,60.0,0,I,MELB_URBAN,ROAD,2,18.0
100983,1,4,99,5,1,60.0,0,N,MELB_URBAN,STREET,2,8.0
100984,1,4,130,2,1,60.0,0,I,MELB_URBAN,STREET,2,7.0
100985,1,0,120,5,1,80.0,0,N,RURAL_VICTORIA,HIGHWAY,1,15.0
100986,2,3,99,2,1,40.0,0,I,LARGE_PROVINCIAL_CITIES,STREET,2,7.0
100987,4,4,173,5,1,80.0,0,N,RURAL_VICTORIA,ROAD,2,9.0
100988,1,4,130,5,1,70.0,0,N,MELB_URBAN,HIGHWAY,2,8.0
100989,4,3,181,5,1,100.0,0,N,RURAL_VICTORIA,HIGHWAY,2,11.0
100990,1,4,111,2,1,80.0,0,I,RURAL_VICTORIA,OTHER,2,10.0
100991,1,4,130,5,1,40.0,0,N,MELB_URBAN,BOULEVARD,2,7.0
100992,1,4,130,5,1,100.0,1,N,MELB_URBAN,FREEWAY,2,8.0
100993,1,3,113,2,9,60.0,0,I,MELB_URBAN,ROAD,2,16.0
100994,1,4,147,5,1,50.0,0,N,MELB_URBAN,ROAD,2,12.0
100995,1,4,130,5,1,60.0,0,N,MELB_URBAN,ROAD,2,11.0
100996,1,1,99,5,1,40.0,0,N,MELB_URBAN,ROAD,2,16.0
100997,1,6,130,5,1,80.0,0,N,MELB_URBAN,ROAD,1,11.0
100998,3,2,167,5,2,100.0,0,N,RURAL_VICTORIA,ROAD,1,6.0
100999,1,4,130,5,1,60.0,0,N,MELB_URBAN,ROAD,2,12.0
101000,8,3,184,5,5,70.0,0,N,MELB_URBAN,ROAD,2,20.0
101001,1,2,113,2,1,50.0,0,I,MELB_URBAN,ROAD,1,16.0
101002,7,4,99,1,1,60.0,0,I,MELB_URBAN,STREET,2,12.0
101003,1,4,171,5,1,70.0,0,N,MELB_URBAN,STREET,2,14.0
101004,1,4,99,5,1,100.0,0,N,MELB_URBAN,ROAD,2,15.0
101005,1,4,130,1,1,60.0,0,I,MELB_URBAN,DRIVE,2,12.0
101006,1,4,121,2,1,60.0,0,I,RURAL_VICTORIA,ROAD,2,17.0
101007,6,4,170,2,1,80.0,0,I,RURAL_VICTORIA,DRIVE,2,16.0
101008,1,4,111,1,1,40.0,0,I,LARGE_PROVINCIAL_CITIES,STREET,2,17.0
101009,4,4,171,5,1,40.0,0,N,SMALL_CITIES,STREET,2,17.0
101010,1,4,160,5,1,50.0,0,N,MELB_URBAN,DRIVE,2,18.0
101011,1,4,113,2,1,60.0,0,I,MELB_URBAN,STREET,2,13.0
101012,1,4,171,5,3,60.0,0,N,MELB_URBAN,STREET,2,20.0
101013,6,4,174,5,1,100.0,0,N,RURAL_VICTORIA,ROAD,2,15.0
101014,6,4,174,5,1,100.0,0,N,RURAL_VICTORIA,ROAD,2,17.0
101015,6,4,170,5,5,100.0,0,N,RURAL_VICTORIA,ROAD,2,20.0
101016,1,4,99,1,3,40.0,0,I,MELB_URBAN,STREET,2,21.0
101017,1,4,130,5,1,70.0,0,N,MELB_URBAN,ROAD,2,14.0
101018,7,4,99,1,3,60.0,0,I,MELB_URBAN,STREET,2,22.0
101019,4,3,99,1,3,60.0,0,I,LARGE_PROVINCIAL_CITIES,HIGHWAY,2,22.0
101020,1,5,121,5,1,60.0,0,N,MELB_URBAN,ROAD,2,7.0
101021,1,4,130,5,1,100.0,1,N,RURAL_VICTORIA,ROAD,2,16.0
101022,1,4,121,2,3,50.0,0,I,SMALL_CITIES,ROAD,2,6.0
101023,1,4,120,5,5,110.0,1,N,RURAL_VICTORIA,FREEWAY,2,21.0
101024,1,4,130,5,1,70.0,0,N,RURAL_VICTORIA,ROAD,1,17.0
101025,1,4,160,5,3,60.0,0,N,SMALL_CITIES,ROAD,2,5.0
101026,1,3,121,2,1,60.0,0,I,MELB_URBAN,RAMP,2,15.0
101027,1,5,133,5,1,60.0,0,N,MELB_URBAN,ROAD,2,7.0
101028,1,4,130,2,2,70.0,0,I,MELB_URBAN,HIGHWAY,2,17.0
101029,4,3,183,5,1,100.0,0,N,RURAL_VICTORIA,ROAD,2,18.0
101030,1,2,132,1,1,40.0,0,I,MELB_URBAN,STREET,10,10.0
101031,4,5,181,5,1,60.0,0,N,MELB_URBAN,ROAD,2,10.0
101032,1,5,99,5,1,70.0,0,N,LARGE_PROVINCIAL_CITIES,ROAD,2,11.0
101033,1,4,130,5,1,60.0,0,N,MELB_URBAN,STREET,2,7.0
101034,1,3,130,1,1,80.0,0,I,MELB_URBAN,ROAD,2,7.0
101035,1,5,121,1,1,80.0,0,I,MELB_URBAN,HIGHWAY,2,8.0
101036,1,5,121,5,1,70.0,0,N,MELB_URBAN,DRIVE,2,10.0
101037,7,2,184,5,1,60.0,0,N,RURAL_VICTORIA,ROAD,2,14.0
101038,1,5,130,5,1,80.0,0,N,RURAL_VICTORIA,HIGHWAY,2,12.0
101039,1,5,130,5,1,80.0,0,N,MELB_URBAN,FREEWAY,2,9.0
101040,1,5,130,1,1,50.0,0,I,MELBOURNE_CBD,STREET,2,10.0
101041,1,5,110,1,1,110.0,0,N,RURAL_VICTORIA,FREEWAY,2,12.0
101042,5,4,99,5,5,100.0,0,N,RURAL_VICTORIA,HIGHWAY,2,21.0
101043,1,5,147,5,1,60.0,0,N,RURAL_VICTORIA,ROAD,2,15.0
101044,1,5,120,5,1,50.0,0,N,SMALL_CITIES,STREET,2,15.0
101045,1,4,99,1,1,50.0,0,I,MELB_URBAN,ROAD,1,11.0
101046,6,4,99,5,3,60.0,0,N,MELB_URBAN,ROAD,2,21.0
101047,1,4,111,2,2,70.0,0,I,MELB_URBAN,ROAD,2,6.0
101048,2,5,102,1,1,60.0,0,I,MELB_URBAN,STREET,2,15.0
101049,1,6,110,1,1,70.0,0,I,MELB_URBAN,ROAD,1,16.0
101050,1,5,121,5,1,30.0,0,UNKNOWN,UNKNOWN,UNKNOWN,2,17.0
101051,1,5,130,2,1,60.0,0,I,RURAL_VICTORIA,ROAD,2,8.0
101052,1,5,147,5,1,60.0,0,N,MELB_URBAN,ROAD,2,17.0
101053,1,5,173,5,1,110.0,0,N,RURAL_VICTORIA,FREEWAY,2,17.0
101054,4,5,171,5,1,100.0,0,N,RURAL_VICTORIA,ROAD,2,15.0
101055,1,4,110,1,1,50.0,0,I,SMALL_CITIES,STREET,2,15.0
101056,1,1,111,2,1,50.0,0,I,MELB_URBAN,OTHER,2,8.0
101057,1,5,130,5,1,100.0,0,N,MELB_URBAN,FREEWAY,2,18.0
101058,1,5,130,1,1,40.0,0,I,MELBOURNE_CBD,STREET,2,18.0
101059,1,5,130,5,5,80.0,0,N,MELB_URBAN,ROAD,2,18.0
101060,1,4,133,5,1,60.0,0,N,MELB_URBAN,ROAD,2,18.0
101061,2,3,100,5,1,60.0,0,N,MELB_URBAN,STREET,1,16.0
101062,1,4,121,2,1,70.0,0,I,LARGE_PROVINCIAL_CITIES,HIGHWAY,2,16.0
101063,2,4,100,5,1,50.0,0,N,MELB_URBAN,AVENUE,2,19.0
101064,1,5,135,5,1,100.0,0,N,RURAL_VICTORIA,FREEWAY,2,18.0
101065,1,5,111,1,3,60.0,0,I,MELB_URBAN,STREET,2,22.0
101066,4,5,171,5,1,80.0,0,N,SMALL_CITIES,ROAD,2,16.0
101067,4,6,99,5,3,40.0,0,N,MELBOURNE_CBD,STREET,2,0.0
101068,4,6,171,5,5,80.0,0,N,RURAL_VICTORIA,ROAD,2,0.0
101069,4,2,183,2,5,100.0,0,I,RURAL_VICTORIA,ROAD,2,3.0
101070,1,6,130,1,3,80.0,0,I,MELB_URBAN,HIGHWAY,2,3.0
101071,1,4,130,1,1,80.0,0,N,MELB_URBAN,HIGHWAY,2,9.0
101072,1,6,130,2,2,80.0,0,I,RURAL_VICTORIA,HIGHWAY,2,6.0
101073,1,6,110,1,1,60.0,0,I,LARGE_PROVINCIAL_CITIES,STREET,2,7.0
101074,1,6,99,2,1,80.0,0,I,MELB_URBAN,HIGHWAY,2,7.0
101075,1,6,121,1,1,60.0,0,I,MELB_URBAN,STREET,2,8.0
101076,2,5,102,1,1,40.0,0,I,MELB_URBAN,HIGHWAY,2,8.0
101077,4,3,183,5,1,100.0,0,N,RURAL_VICTORIA,ROAD,1,13.0
101078,1,4,130,5,9,60.0,0,N,MELB_URBAN,ROAD,2,17.0
101079,1,1,135,5,2,50.0,0,N,MELB_URBAN,ROAD,2,6.0
101080,4,6,173,5,1,60.0,0,N,MELB_URBAN,UNKNOWN,2,11.0
101081,4,6,171,5,1,90.0,0,N,RURAL_VICTORIA,ROAD,2,10.0
101082,6,6,99,5,1,100.0,0,N,RURAL_VICTORIA,ROAD,2,11.0
101083,1,6,110,1,1,60.0,1,I,LARGE_PROVINCIAL_CITIES,STREET,2,12.0
101084,1,5,113,2,1,60.0,0,I,MELB_URBAN,ROAD,2,16.0
101085,1,6,121,2,1,60.0,0,I,MELB_URBAN,ROAD,2,12.0
101086,1,5,133,5,1,100.0,0,N,MELB_URBAN,UNKNOWN,2,10.0
101087,4,6,173,5,1,100.0,0,N,MELB_URBAN,UNKNOWN,1,14.0
101088,1,6,110,1,1,80.0,0,I,MELB_URBAN,ROAD,2,12.0
101089,1,6,130,5,1,80.0,0,N,RURAL_VICTORIA,ROAD,2,12.0
101090,1,6,163,5,1,60.0,0,N,MELB_URBAN,STREET,2,12.0
101091,1,5,133,5,1,50.0,0,N,MELB_URBAN,STREET,2,8.0
101092,1,6,134,5,1,100.0,0,N,RURAL_VICTORIA,HIGHWAY,2,10.0
101093,1,6,135,2,1,100.0,0,I,RURAL_VICTORIA,ROAD,2,14.0
101094,1,6,130,5,1,80.0,0,N,MELB_URBAN,ROAD,2,14.0
101095,2,4,100,2,1,40.0,0,I,MELB_URBAN,ROAD,2,8.0
101096,1,6,130,1,1,60.0,0,I,MELB_URBAN,HIGHWAY,2,19.0
101097,1,6,110,1,1,60.0,0,I,MELB_URBAN,ROAD,2,18.0
101098,1,6,130,5,1,70.0,0,N,MELB_URBAN,ROAD,2,15.0
101099,1,6,130,5,1,60.0,0,N,MELB_URBAN,ROAD,2,14.0
101100,1,6,121,5,1,70.0,0,N,MELB_URBAN,ROAD,2,16.0
101101,1,6,132,2,1,60.0,0,I,LARGE_PROVINCIAL_CITIES,STREET,2,19.0
101102,1,5,110,1,1,60.0,0,I,MELB_URBAN,ROAD,2,17.0
101103,1,5,130,5,1,100.0,0,I,MELB_URBAN,FREEWAY,2,16.0
101104,1,5,130,5,3,60.0,0,N,MELB_URBAN,ROAD,2,21.0
101105,4,5,99,5,5,60.0,0,N,MELB_URBAN,STREET,2,23.0
101106,2,6,102,1,3,40.0,0,I,MELB_URBAN,OTHER,2,23.0
101107,4,6,173,5,5,60.0,0,N,RURAL_VICTORIA,ROAD,2,23.0
101108,1,6,130,5,3,40.0,0,N,MELBOURNE_CBD,STREET,2,22.0
101109,2,6,100,1,1,40.0,0,I,MELBOURNE_CBD,OTHER,2,19.0
101110,1,4,163,5,1,60.0,0,N,MELB_URBAN,ROAD,1,17.0
101111,1,7,110,1,1,50.0,0,I,TOWNS,ROAD,2,9.0
101112,1,7,110,1,1,50.0,0,I,TOWNS,STREET,2,9.0
101113,1,7,110,1,1,60.0,0,I,MELB_URBAN,ROAD,2,10.0
101114,1,7,120,5,1,80.0,0,N,MELB_URBAN,ROAD,2,12.0
101115,1,6,171,5,1,50.0,0,N,MELB_URBAN,AVENUE,2,8.0
101116,1,7,113,2,1,60.0,0,I,MELB_URBAN,ROAD,2,10.0
101117,8,6,99,5,1,60.0,0,N,MELB_URBAN,ROAD,2,12.0
101118,4,7,173,5,1,100.0,0,N,RURAL_VICTORIA,HIGHWAY,2,8.0
101119,1,7,140,5,1,80.0,0,N,RURAL_VICTORIA,ROAD,2,13.0
101120,8,6,174,1,1,60.0,0,I,TOWNS,STREET,2,15.0