,accident_type,day_of_week,dca_code,road_geometry,light_condition,speed_zone,severity,node_type,deg_urban_name,road_type,month,hour
101121,1,7,110,1,1,100.0,0,I,RURAL_VICTORIA,ROAD,2,12.0
101122,1,3,110,1,1,50.0,0,I,TOWNS,STREET,2,15.0
101123,1,7,133,1,1,60.0,0,I,MELB_URBAN,ROAD,2,14.0
101124,1,6,120,5,1,60.0,0,N,MELB_URBAN,DRIVE,2,11.0
101125,1,7,113,4,1,80.0,0,I,MELB_URBAN,HIGHWAY,2,12.0
101126,7,7,99,5,1,60.0,0,N,MELB_URBAN,ROAD,10,13.0
101127,2,6,100,1,1,60.0,0,I,MELB_URBAN,STREET,2,15.0
101128,1,7,99,2,1,80.0,0,I,MELB_URBAN,HIGHWAY,2,15.0
101129,2,6,100,1,3,40.0,0,I,MELBOURNE_CBD,STREET,2,21.0
101130,6,7,174,5,1,50.0,0,N,MELB_URBAN,ROAD,2,15.0
101131,2,7,100,2,1,50.0,0,I,MELB_URBAN,BOULEVARD,2,18.0
101132,7,3,99,2,1,40.0,0,I,MELB_URBAN,STREET,2,8.0
101133,1,4,99,1,1,60.0,0,I,MELB_URBAN,STREET,1,12.0
101134,1,7,121,2,1,60.0,0,I,MELB_URBAN,STREET,2,17.0
101135,2,3,100,5,1,60.0,0,N,MELB_URBAN,STREET,1,16.0
101136,1,7,111,1,1,80.0,0,I,MELB_URBAN,HIGHWAY,2,18.0
101137,6,3,99,5,1,100.0,0,N,RURAL_VICTORIA,ROAD,1,11.0
101138,1,7,110,1,1,75.0,0,I,MELB_URBAN,OTHER,2,19.0
101139,4,7,173,5,3,80.0,0,N,MELB_URBAN,HIGHWAY,2,22.0
101140,2,7,100,5,1,60.0,0,N,MELB_URBAN,STREET,2,17.0
101141,4,1,171,2,5,100.0,0,I,RURAL_VICTORIA,OTHER,2,1.0
101142,1,7,110,1,3,50.0,0,I,MELB_URBAN,STREET,2,22.0
101143,1,1,121,1,3,50.0,0,I,MELB_URBAN,AVENUE,2,0.0
101144,4,1,171,2,3,60.0,0,I,MELB_URBAN,ROAD,2,5.0
101145,4,7,183,5,1,100.0,0,N,RURAL_VICTORIA,ROAD,2,14.0
101146,5,0,99,5,1,60.0,0,N,RURAL_VICTORIA,HIGHWAY,2,8.0
101147,1,6,135,5,1,110.0,0,N,SMALL_CITIES,FREEWAY,2,16.0
101148,1,1,113,2,1,100.0,0,I,RURAL_VICTORIA,ROAD,2,9.0
101149,1,1,147,2,1,60.0,0,N,MELB_URBAN,ROAD,2,10.0
101150,1,1,110,1,1,80.0,0,I,MELB_URBAN,ROAD,2,10.0
101151,1,0,130,2,1,60.0,0,N,MELB_URBAN,ROAD,2,12.0
101152,1,2,99,1,1,60.0,0,I,SMALL_CITIES,STREET,1,10.0
101153,1,1,99,2,1,60.0,0,I,MELB_URBAN,ROAD,2,9.0
101154,4,7,171,5,5,100.0,0,N,RURAL_VICTORIA,ROAD,2,23.0
101155,1,1,110,1,1,70.0,0,N,MELB_URBAN,STREET,2,8.0
101156,6,4,174,1,9,50.0,0,I,MELB_URBAN,STREET,12,7.0
101157,1,0,130,1,1,60.0,0,I,MELB_URBAN,STREET,2,14.0
101158,2,1,102,2,1,50.0,0,N,MELB_URBAN,STREET,2,12.0
101159,1,7,120,5,1,40.0,0,N,RURAL_VICTORIA,OTHER,2,15.0
101160,1,1,120,2,1,100.0,0,I,RURAL_VICTORIA,ROAD,2,15.0
101161,5,1,99,5,1,100.0,0,N,RURAL_VICTORIA,ROAD,2,14.0
101162,1,1,132,2,1,100.0,1,I,RURAL_VICTORIA,HIGHWAY,2,10.0
101163,2,1,100,5,1,60.0,0,N,LARGE_PROVINCIAL_CITIES,STREET,2,17.0
101164,1,1,113,2,2,70.0,0,I,MELB_URBAN,ROAD,2,18.0
101165,1,1,99,5,1,50.0,0,N,RURAL_VICTORIA,DRIVE,2,15.0
101166,1,0,99,5,1,100.0,0,N,RURAL_VICTORIA,ROAD,2,14.0
101167,1,1,130,2,1,60.0,0,I,SMALL_CITIES,STREET,2,18.0
101168,6,1,170,5,5,100.0,0,N,RURAL_VICTORIA,ROAD,2,2.0
101169,4,1,181,5,1,100.0,0,N,RURAL_VICTORIA,ROAD,2,18.0
101170,6,1,99,5,1,60.0,0,N,RURAL_VICTORIA,ROAD,2,18.0
101171,4,1,99,1,1,100.0,0,I,RURAL_VICTORIA,ROAD,2,20.0
101172,1,1,110,1,3,60.0,0,I,SMALL_CITIES,PARADE,2,21.0
101173,4,4,173,5,3,70.0,0,N,MELB_URBAN,HIGHWAY,2,21.0
101174,1,2,130,5,2,80.0,0,N,MELB_URBAN,STREET,2,6.0
101175,1,2,121,1,2,60.0,0,I,MELB_URBAN,HIGHWAY,2,6.0
101176,7,1,99,5,1,50.0,0,N,RURAL_VICTORIA,ROAD,2,14.0
101177,1,2,130,5,1,100.0,0,N,MELB_URBAN,FREEWAY,2,8.0
101178,1,1,99,5,1,60.0,0,N,SMALL_CITIES,STREET,2,19.0
101179,2,2,99,5,2,50.0,0,N,MELB_URBAN,STREET,2,7.0
101180,1,3,121,2,1,60.0,0,I,MELB_URBAN,ROAD,2,16.0
101181,1,2,113,1,1,60.0,0,I,TOWNS,OTHER,2,8.0
101182,2,2,102,5,1,50.0,0,N,SMALL_CITIES,STREET,2,9.0
101183,1,1,99,2,1,100.0,0,I,RURAL_VICTORIA,ROAD,2,6.0
101184,1,2,130,5,1,90.0,0,N,MELB_URBAN,FREEWAY,2,8.0
101185,1,2,121,2,1,60.0,0,I,MELB_URBAN,STREET,2,8.0
101186,1,1,130,5,1,60.0,0,N,TOWNS,STREET,2,8.0
101187,4,2,171,5,1,100.0,0,N,RURAL_VICTORIA,ROAD,2,8.0
101188,1,2,121,1,1,80.0,0,I,MELB_URBAN,HIGHWAY,2,10.0
101189,1,1,130,5,1,60.0,0,N,LARGE_PROVINCIAL_CITIES,ROAD,2,8.0
101190,7,2,99,2,1,80.0,0,I,MELB_URBAN,HIGHWAY,2,12.0
101191,1,2,121,2,1,60.0,0,I,MELB_URBAN,DRIVE,2,10.0
101192,1,4,121,1,1,40.0,0,I,MELB_URBAN,STREET,2,15.0
101193,1,2,121,2,1,60.0,0,I,MELB_URBAN,STREET,2,12.0
101194,1,2,130,5,1,40.0,0,N,MELB_URBAN,STREET,2,10.0
101195,1,1,140,5,1,100.0,0,N,RURAL_VICTORIA,ROAD,2,12.0
101196,6,1,99,5,1,80.0,0,N,RURAL_VICTORIA,ROAD,2,15.0
101197,1,2,120,5,1,100.0,0,N,RURAL_VICTORIA,ROAD,2,7.0
101198,1,2,116,2,1,60.0,0,I,MELB_URBAN,STREET,2,6.0
101199,6,1,170,5,1,100.0,0,N,MELB_URBAN,FREEWAY,2,12.0
101200,1,2,130,5,1,40.0,0,N,MELB_URBAN,ROAD,2,15.0
101201,1,2,130,2,1,60.0,0,I,MELB_URBAN,ROAD,2,14.0
101202,1,1,147,5,1,50.0,0,N,SMALL_CITIES,STREET,2,16.0
101203,1,4,147,5,1,60.0,0,N,MELB_URBAN,ROAD,1,16.0
101204,1,2,121,2,1,60.0,0,I,LARGE_PROVINCIAL_CITIES,OTHER,2,16.0
101205,1,2,121,1,1,70.0,0,I,LARGE_PROVINCIAL_CITIES,ROAD,2,16.0
101206,1,2,110,1,1,70.0,0,I,MELB_URBAN,ROAD,2,15.0
101207,2,2,99,5,1,60.0,0,N,MELB_URBAN,ROAD,2,16.0
101208,6,2,174,5,3,60.0,0,N,SMALL_CITIES,ROAD,2,22.0
101209,1,2,110,1,3,60.0,0,I,RURAL_VICTORIA,ROAD,2,23.0
101210,4,3,181,5,5,80.0,0,N,RURAL_VICTORIA,ROAD,2,0.0
101211,1,1,130,2,1,50.0,0,I,MELB_URBAN,STREET,2,16.0
101212,1,3,130,1,1,60.0,0,N,MELB_URBAN,ROAD,2,8.0
101213,1,3,130,2,1,60.0,0,I,SMALL_CITIES,ROAD,2,8.0
101214,1,3,121,2,1,60.0,0,I,MELB_URBAN,ROAD,2,7.0
101215,1,3,110,1,1,60.0,0,I,MELB_URBAN,ROAD,2,9.0
101216,1,3,110,1,1,110.0,0,I,RURAL_VICTORIA,FREEWAY,2,7.0
101217,1,3,130,5,1,80.0,0,N,MELB_URBAN,RAMP,2,9.0
101218,1,3,130,5,1,80.0,0,N,RURAL_VICTORIA,OTHER,2,9.0
101219,2,3,102,5,3,50.0,0,N,MELB_URBAN,AVENUE,2,6.0
101220,1,4,130,5,1,60.0,0,N,MELB_URBAN,ROAD,1,16.0
101221,1,3,120,5,1,60.0,0,N,SMALL_CITIES,ROAD,2,10.0
101222,4,3,183,5,1,80.0,0,N,RURAL_VICTORIA,OTHER,2,11.0
101223,1,3,113,2,1,70.0,0,N,MELB_URBAN,STREET,2,11.0
101224,6,3,99,5,1,60.0,0,N,RURAL_VICTORIA,ROAD,2,8.0
101225,1,3,113,2,1,60.0,0,N,MELB_URBAN,ROAD,2,13.0
101226,1,1,130,5,1,60.0,0,N,MELB_URBAN,UNKNOWN,2,12.0
101227,1,2,121,2,1,70.0,0,I,RURAL_VICTORIA,ROAD,2,13.0
101228,4,2,171,5,1,100.0,0,N,RURAL_VICTORIA,FREEWAY,1,17.0
101229,4,2,99,5,1,100.0,0,N,RURAL_VICTORIA,OTHER,2,11.0
101230,1,3,121,2,1,60.0,0,I,MELB_URBAN,ROAD,2,15.0
101231,4,3,181,5,1,60.0,0,N,MELB_URBAN,ROAD,2,14.0
101232,4,3,171,5,1,80.0,0,N,RURAL_VICTORIA,ROAD,2,14.0
101233,1,3,120,5,1,50.0,0,N,MELB_URBAN,ROAD,2,15.0
101234,1,2,120,5,1,80.0,0,N,TOWNS,HIGHWAY,2,14.0
101235,1,3,130,5,1,80.0,0,N,MELB_URBAN,HIGHWAY,2,16.0
101236,1,3,130,2,1,60.0,0,I,RURAL_VICTORIA,ROAD,2,15.0
101237,1,3,121,2,1,60.0,0,I,MELB_URBAN,ROAD,2,17.0
101238,1,3,99,2,1,50.0,0,I,SMALL_CITIES,ROAD,2,16.0
101239,1,3,130,5,1,70.0,0,N,MELB_URBAN,ROAD,2,17.0
101240,1,2,130,2,1,70.0,0,I,MELB_URBAN,ROAD,2,17.0
101241,1,3,120,5,1,80.0,0,N,MELB_URBAN,ROAD,2,18.0
101242,1,3,121,2,1,60.0,0,I,MELB_URBAN,ROAD,2,6.0
101243,2,2,102,5,3,80.0,0,N,MELB_URBAN,ROAD,2,20.0
101244,4,1,181,5,1,100.0,0,N,RURAL_VICTORIA,ROAD,11,9.0
101245,1,3,120,2,1,60.0,0,I,MELB_URBAN,STREET,2,17.0
101246,1,3,111,1,3,50.0,0,I,SMALL_CITIES,STREET,2,20.0
101247,1,2,99,5,1,50.0,0,N,MELB_URBAN,DRIVE,2,13.0
101248,1,4,130,5,6,70.0,0,N,MELB_URBAN,ROAD,2,5.0
101249,1,4,130,3,2,100.0,0,N,MELB_URBAN,FREEWAY,1,17.0
101250,2,4,102,5,1,50.0,0,N,MELB_URBAN,ROAD,2,8.0
101251,1,3,121,1,2,60.0,0,I,MELB_URBAN,PARADE,2,6.0
101252,1,4,130,5,1,100.0,0,N,MELB_URBAN,FREEWAY,2,8.0
101253,1,4,130,5,2,60.0,0,N,MELB_URBAN,ROAD,2,7.0
101254,1,4,132,2,1,100.0,0,I,RURAL_VICTORIA,ROAD,2,9.0
101255,1,4,110,1,1,100.0,1,I,RURAL_VICTORIA,HIGHWAY,2,7.0
101256,1,4,110,1,1,50.0,0,I,LARGE_PROVINCIAL_CITIES,STREET,2,10.0
101257,8,6,174,5,1,60.0,0,N,MELB_URBAN,STREET,2,13.0
101258,1,3,113,1,1,60.0,0,I,MELB_URBAN,ROAD,2,8.0
101259,2,2,102,5,1,50.0,0,N,MELB_URBAN,ROAD,2,18.0
101260,8,5,184,5,1,80.0,0,N,RURAL_VICTORIA,ROAD,2,10.0
101261,1,3,121,2,3,60.0,0,I,MELB_URBAN,ROAD,2,21.0
101262,1,3,121,4,3,80.0,0,I,MELB_URBAN,RAMP,1,2.0
101263,1,4,173,5,1,60.0,0,N,MELB_URBAN,ROAD,2,12.0
101264,1,4,110,1,1,50.0,0,I,MELB_URBAN,ROAD,2,11.0
101265,1,1,130,5,1,100.0,0,N,MELB_URBAN,FREEWAY,2,16.0
101266,1,3,99,2,1,100.0,0,I,RURAL_VICTORIA,DRIVE,2,16.0
101267,4,2,171,5,2,100.0,0,N,RURAL_VICTORIA,HIGHWAY,2,18.0
101268,1,4,140,5,1,40.0,0,N,MELBOURNE_CBD,STREET,2,15.0
101269,1,3,130,2,1,60.0,0,I,LARGE_PROVINCIAL_CITIES,ROAD,1,15.0
101270,1,2,99,1,1,60.0,0,I,MELB_URBAN,ROAD,1,8.0
101271,1,4,120,2,1,60.0,0,I,MELB_URBAN,ROAD,2,14.0
101272,1,4,110,1,1,60.0,0,I,MELB_URBAN,ROAD,2,16.0
101273,1,4,163,5,1,60.0,0,N,MELB_URBAN,STREET,2,16.0
101274,2,3,102,2,1,50.0,0,I,MELB_URBAN,ROAD,2,16.0
101275,4,4,173,5,1,100.0,1,N,RURAL_VICTORIA,ROAD,2,15.0
101276,1,2,130,1,9,60.0,0,N,MELB_URBAN,STREET,2,18.0
101277,2,3,100,1,1,60.0,0,I,RURAL_VICTORIA,HIGHWAY,2,15.0
101278,1,4,130,5,1,100.0,0,N,MELB_URBAN,FREEWAY,2,19.0
101279,1,4,113,1,1,100.0,1,I,RURAL_VICTORIA,ROAD,2,16.0
101280,4,4,181,5,1,100.0,1,N,RURAL_VICTORIA,ROAD,2,14.0
101281,1,4,110,1,1,80.0,0,I,RURAL_VICTORIA,ROAD,2,18.0
101282,1,4,160,5,1,60.0,0,N,MELB_URBAN,ROAD,2,19.0
101283,4,4,171,5,2,60.0,0,N,RURAL_VICTORIA,ROAD,2,20.0
101284,1,4,130,5,2,100.0,0,N,RURAL_VICTORIA,ROAD,2,6.0
101285,1,4,120,5,1,60.0,0,N,RURAL_VICTORIA,ROAD,2,16.0
101286,4,4,171,5,5,100.0,0,N,RURAL_VICTORIA,ROAD,2,22.0
101287,6,4,184,5,3,80.0,0,N,MELB_URBAN,ROAD,2,23.0
101288,1,5,99,5,3,50.0,0,N,MELB_URBAN,OTHER,2,2.0
101289,1,5,130,1,3,80.0,0,I,MELB_URBAN,HIGHWAY,2,5.0
101290,2,4,102,2,3,40.0,0,I,MELB_URBAN,DRIVE,2,21.0
101291,4,5,171,2,2,60.0,0,N,MELB_URBAN,STREET,2,6.0
101292,1,4,130,5,5,110.0,0,N,RURAL_VICTORIA,FREEWAY,2,21.0
101293,1,4,99,5,1,50.0,0,I,MELB_URBAN,ROAD,2,8.0
101294,1,5,130,2,1,60.0,0,N,MELB_URBAN,STREET,2,9.0
101295,1,5,147,5,1,60.0,0,N,MELB_URBAN,ROAD,2,7.0
101296,1,4,130,1,1,50.0,0,I,TOWNS,STREET,2,7.0
101297,1,5,130,5,1,100.0,0,N,MELB_URBAN,ROAD,2,9.0
101298,1,5,99,5,1,80.0,0,N,MELB_URBAN,ROAD,2,10.0
101299,4,5,171,1,1,50.0,0,I,SMALL_CITIES,STREET,2,10.0
101300,1,5,110,1,1,50.0,0,I,TOWNS,ROAD,2,8.0
101301,1,5,130,5,1,100.0,0,N,MELB_URBAN,FREEWAY,2,7.0
101302,1,5,121,2,1,100.0,0,I,RURAL_VICTORIA,HIGHWAY,2,10.0
101303,1,5,120,2,1,100.0,0,N,RURAL_VICTORIA,HIGHWAY,2,10.0
101304,1,5,130,2,1,60.0,0,I,MELB_URBAN,ROAD,2,7.0
101305,1,4,99,2,1,60.0,0,I,MELB_URBAN,STREET,2,13.0
101306,1,4,130,5,1,70.0,0,N,LARGE_PROVINCIAL_CITIES,HIGHWAY,2,10.0
101307,1,4,121,1,1,60.0,0,I,MELB_URBAN,ROAD,2,6.0
101308,4,7,171,5,1,80.0,0,N,RURAL_VICTORIA,ROAD,2,16.0
101309,1,4,113,2,1,60.0,0,I,MELB_URBAN,BOULEVARD,2,9.0
101310,1,5,160,5,1,60.0,0,N,MELB_URBAN,ROAD,2,8.0
101311,1,5,121,2,1,60.0,0,I,MELB_URBAN,ROAD,2,13.0
101312,1,5,130,2,1,50.0,0,I,MELB_URBAN,ROAD,2,15.0
101313,4,4,171,5,1,50.0,0,N,MELB_URBAN,BOULEVARD,2,13.0
101314,2,4,99,5,1,50.0,0,N,TOWNS,STREET,2,11.0
101315,1,5,130,5,1,100.0,0,N,MELB_URBAN,ROAD,2,16.0
101316,1,5,121,2,1,60.0,0,I,MELB_URBAN,ROAD,2,17.0
101317,1,5,133,5,1,100.0,0,N,MELB_URBAN,FREEWAY,2,16.0
101318,1,4,113,1,1,80.0,0,I,MELB_URBAN,HIGHWAY,2,18.0
101319,1,5,113,1,1,60.0,0,I,MELB_URBAN,ROAD,2,18.0
101320,1,5,130,1,1,60.0,0,I,MELB_URBAN,STREET,2,19.0
101321,2,5,102,2,3,60.0,0,I,MELB_URBAN,ROAD,2,20.0
101322,1,4,110,1,1,40.0,0,I,MELB_URBAN,AVENUE,2,17.0
101323,1,5,120,2,1,70.0,1,I,MELB_URBAN,HIGHWAY,2,18.0
101324,1,5,110,1,2,100.0,0,I,RURAL_VICTORIA,ROAD,2,19.0
101325,1,5,121,2,1,100.0,1,I,RURAL_VICTORIA,HIGHWAY,2,16.0
101326,1,5,130,2,3,60.0,0,I,MELB_URBAN,STREET,2,21.0
101327,1,5,113,1,3,60.0,0,I,LARGE_PROVINCIAL_CITIES,STREET,2,21.0
101328,4,5,181,5,3,60.0,0,N,MELB_URBAN,ROAD,2,21.0
101329,1,5,173,5,3,50.0,0,N,LARGE_PROVINCIAL_CITIES,AVENUE,2,22.0
101330,2,5,100,5,2,60.0,1,N,MELB_URBAN,STREET,2,19.0
101331,4,6,173,5,3,60.0,0,N,MELB_URBAN,STREET,2,3.0
101332,2,5,100,1,1,50.0,0,I,SMALL_CITIES,STREET,2,8.0
101333,1,3,130,5,1,50.0,0,N,MELB_URBAN,STREET,1,11.0
101334,2,5,102,2,1,80.0,0,I,MELB_URBAN,ROAD,2,7.0
101335,1,5,147,5,1,60.0,0,N,SMALL_CITIES,STREET,2,8.0
101336,1,5,120,5,1,60.0,0,N,MELB_URBAN,ROAD,2,7.0
101337,1,3,130,5,1,80.0,0,N,RURAL_VICTORIA,ROAD,2,17.0
101338,1,3,121,5,1,60.0,0,N,SMALL_TOWNS,HIGHWAY,2,11.0
101339,4,6,173,5,5,100.0,0,N,RURAL_VICTORIA,ROAD,2,4.0
101340,2,4,99,5,1,60.0,0,N,TOWNS,STREET,2,14.0
101341,1,6,111,2,1,50.0,0,I,MELB_URBAN,BOULEVARD,2,8.0
101342,1,5,160,5,2,60.0,0,N,LARGE_PROVINCIAL_CITIES,STREET,2,18.0
101343,1,6,120,2,1,60.0,0,N,MELB_URBAN,AVENUE,2,9.0
101344,1,5,147,5,1,50.0,0,N,MELB_URBAN,ROAD,9,14.0
101345,1,6,130,5,1,50.0,0,N,LARGE_PROVINCIAL_CITIES,STREET,2,10.0
101346,1,6,130,5,1,60.0,0,N,MELB_URBAN,STREET,2,7.0
101347,1,3,135,5,1,80.0,0,N,MELB_URBAN,FREEWAY,2,16.0
101348,1,6,132,5,1,100.0,0,N,RURAL_VICTORIA,HIGHWAY,2,14.0
101349,1,6,130,5,1,80.0,0,N,MELB_URBAN,FREEWAY,2,14.0
101350,1,6,130,5,1,60.0,0,N,MELB_URBAN,ROAD,2,9.0
101351,2,1,102,2,1,50.0,0,I,MELB_URBAN,ROAD,12,14.0
101352,2,6,100,1,1,40.0,0,I,MELB_URBAN,OTHER,2,16.0
101353,1,6,130,2,1,40.0,0,I,MELB_URBAN,OTHER,2,15.0
101354,1,6,99,5,1,40.0,0,N,MELB_URBAN,STREET,2,15.0
101355,1,6,110,1,1,60.0,0,I,MELB_URBAN,STREET,2,17.0
101356,1,6,130,5,1,60.0,0,N,MELB_URBAN,ROAD,2,18.0
101357,1,5,99,5,3,100.0,0,N,MELB_URBAN,UNKNOWN,2,4.0
101358,1,6,130,1,1,80.0,0,N,MELB_URBAN,HIGHWAY,2,19.0
101359,1,6,130,2,9,50.0,0,I,MELB_URBAN,DRIVE,2,16.0
101360,1,5,135,5,1,80.0,0,N,MELB_URBAN,ROAD,2,17.0
101361,1,6,99,5,3,50.0,0,N,MELB_URBAN,UNKNOWN,2,21.0
101362,2,6,99,1,1,60.0,0,I,RURAL_VICTORIA,ROAD,2,20.0
101363,4,6,99,5,3,60.0,0,N,MELB_URBAN,ROAD,2,21.0
101364,1,6,121,1,3,60.0,0,N,MELB_URBAN,PARADE,2,22.0
101365,1,5,130,5,3,60.0,0,N,MELB_URBAN,STREET,2,22.0
101366,1,6,121,1,3,60.0,0,I,MELB_URBAN,STREET,2,21.0
101367,1,5,130,5,3,40.0,0,N,MELB_URBAN,FREEWAY,2,2.0
101368,1,5,110,1,3,40.0,0,I,LARGE_PROVINCIAL_CITIES,STREET,2,21.0
101369,1,6,121,1,3,80.0,0,I,MELB_URBAN,ROAD,2,23.0
101370,8,4,99,2,9,60.0,0,N,SMALL_TOWNS,STREET,2,2.0
101371,1,6,160,5,3,50.0,0,N,MELB_URBAN,STREET,2,23.0
101372,5,7,99,5,3,60.0,0,N,MELB_URBAN,ROAD,2,3.0
101373,2,7,99,2,5,80.0,1,I,RURAL_VICTORIA,HIGHWAY,2,2.0
101374,1,6,130,5,5,110.0,0,N,RURAL_VICTORIA,FREEWAY,2,22.0
101375,1,7,110,1,1,60.0,0,I,MELB_URBAN,ROAD,2,7.0
101376,2,7,99,5,1,50.0,0,N,TOWNS,STREET,2,7.0
101377,1,6,120,5,1,60.0,0,N,MELB_URBAN,AVENUE,2,9.0
101378,1,7,160,5,1,50.0,0,N,TOWNS,STREET,2,7.0
101379,1,6,111,2,1,50.0,0,I,MELB_URBAN,ROAD,2,10.0
101380,1,7,133,5,1,100.0,0,N,RURAL_VICTORIA,ROAD,2,10.0
101381,6,7,99,5,1,60.0,0,N,RURAL_VICTORIA,ROAD,2,11.0
101382,1,7,110,1,1,60.0,0,I,SMALL_CITIES,STREET,2,12.0
101383,1,7,110,1,1,60.0,0,I,SMALL_CITIES,STREET,2,8.0
101384,1,7,113,2,1,60.0,0,I,MELB_URBAN,ROAD,2,11.0
101385,1,6,110,1,1,40.0,0,I,SMALL_CITIES,STREET,2,14.0
101386,1,6,110,1,1,40.0,0,I,MELB_URBAN,AVENUE,2,12.0
101387,1,7,113,2,1,50.0,0,I,RURAL_VICTORIA,DRIVE,2,16.0
101388,5,7,99,5,1,100.0,0,N,RURAL_VICTORIA,ROAD,2,14.0
101389,1,7,130,2,1,60.0,0,I,MELB_URBAN,ROAD,2,15.0
101390,1,7,99,2,3,80.0,0,I,MELB_URBAN,HIGHWAY,2,0.0
101391,4,7,181,5,1,80.0,0,N,RURAL_VICTORIA,ROAD,2,16.0
101392,1,7,113,2,1,60.0,0,I,MELB_URBAN,OTHER,2,15.0
101393,6,7,99,5,1,80.0,0,N,RURAL_VICTORIA,ROAD,2,17.0
101394,1,1,140,5,2,40.0,0,N,LARGE_PROVINCIAL_CITIES,ROAD,12,21.0
101395,2,7,100,2,1,40.0,0,N,MELB_URBAN,STREET,2,16.0
101396,1,5,130,5,3,50.0,0,N,TOWNS,STREET,2,21.0
101397,2,7,99,5,2,40.0,0,N,MELBOURNE_CBD,STREET,2,19.0
101398,1,6,110,1,3,60.0,0,I,MELB_URBAN,ROAD,2,23.0
101399,1,7,110,1,3,80.0,0,I,MELB_URBAN,HIGHWAY,2,5.0
101400,6,7,174,5,5,50.0,0,N,RURAL_VICTORIA,ROAD,2,23.0
101401,4,7,99,2,3,60.0,0,I,SMALL_CITIES,ROAD,2,23.0
101402,1,6,121,1,3,50.0,0,I,MELB_URBAN,STREET,2,23.0
101403,4,7,181,5,5,60.0,0,N,MELB_URBAN,ROAD,2,23.0
101404,4,0,171,5,3,100.0,0,N,MELB_URBAN,FREEWAY,2,3.0
101405,1,0,120,5,3,50.0,0,N,MELB_URBAN,OTHER,2,5.0
101406,1,0,99,2,3,60.0,0,I,MELB_URBAN,ROAD,2,5.0
101407,1,7,133,5,1,100.0,0,N,RURAL_VICTORIA,ROAD,2,16.0
101408,1,7,130,1,1,50.0,0,I,LARGE_PROVINCIAL_CITIES,STREET,2,12.0
101409,1,3,130,5,1,60.0,0,N,MELB_URBAN,ROAD,2,18.0
101410,7,5,99,5,1,60.0,0,N,MELB_URBAN,ROAD,2,15.0
101411,1,1,116,2,1,80.0,0,I,MELB_URBAN,ROAD,2,12.0
101412,1,1,120,5,1,80.0,0,N,MELB_URBAN,ROAD,2,12.0
101413,4,1,183,5,1,40.0,0,N,RURAL_VICTORIA,ROAD,2,12.0
101414,1,7,130,1,2,60.0,0,I,LARGE_PROVINCIAL_CITIES,STREET,2,20.0
101415,6,7,184,5,9,60.0,0,N,RURAL_VICTORIA,ROAD,2,12.0
101416,7,0,99,5,1,80.0,0,N,RURAL_VICTORIA,ROAD,2,14.0
101417,1,2,130,2,1,80.0,0,I,MELB_URBAN,ROAD,2,7.0
101418,1,1,135,5,1,80.0,1,N,MELB_URBAN,ROAD,2,12.0
101419,1,0,113,2,1,60.0,0,I,MELB_URBAN,ROAD,2,8.0
101420,2,1,102,1,1,60.0,0,I,SMALL_CITIES,STREET,2,17.0
101421,3,1,167,5,1,100.0,0,N,RURAL_VICTORIA,HIGHWAY,2,16.0
101422,4,1,99,5,1,60.0,0,N,RURAL_VICTORIA,ROAD,2,13.0
101423,1,1,120,5,1,60.0,0,N,MELB_URBAN,ROAD,2,15.0
101424,1,1,130,2,1,80.0,0,I,MELB_URBAN,ROAD,2,18.0
101425,4,1,171,5,2,100.0,0,N,RURAL_VICTORIA,ROAD,2,19.0
101426,1,1,121,1,3,60.0,0,I,MELB_URBAN,ROAD,2,20.0
101427,4,1,171,5,1,50.0,0,N,MELB_URBAN,AVENUE,2,18.0
101428,4,1,183,5,5,100.0,1,N,RURAL_VICTORIA,ROAD,2,20.0
101429,1,2,130,5,3,40.0,0,N,MELB_URBAN,ROAD,2,2.0
101430,4,7,183,5,3,50.0,0,N,MELB_URBAN,AVENUE,2,0.0
101431,4,2,173,2,3,60.0,0,I,TOWNS,STREET,2,5.0
101432,4,1,171,5,1,40.0,0,N,MELB_URBAN,OTHER,2,19.0
101433,1,2,121,1,3,80.0,0,I,MELB_URBAN,OTHER,2,6.0
101434,1,1,99,2,3,50.0,0,I,MELB_URBAN,AVENUE,2,3.0
101435,1,2,163,5,1,40.0,0,N,MELB_URBAN,STREET,2,8.0
101436,5,5,171,5,5,100.0,0,N,RURAL_VICTORIA,ROAD,10,4.0
101437,8,5,99,5,1,50.0,0,N,SMALL_CITIES,BOULEVARD,2,17.0
101438,1,6,130,1,1,80.0,0,I,MELB_URBAN,ROAD,2,14.0
101439,3,2,167,5,5,100.0,0,N,RURAL_VICTORIA,ROAD,2,1.0
101440,1,0,132,2,1,100.0,0,I,RURAL_VICTORIA,ROAD,2,13.0
101441,1,2,121,1,1,60.0,0,I,MELB_URBAN,ROAD,2,12.0
101442,1,3,121,2,1,70.0,0,I,MELB_URBAN,ROAD,2,16.0
101443,1,0,181,5,3,50.0,0,I,RURAL_VICTORIA,DRIVE,2,21.0
101444,1,2,130,1,1,60.0,0,I,MELB_URBAN,HIGHWAY,2,8.0
101445,2,2,99,5,1,40.0,0,N,MELB_URBAN,STREET,2,15.0
101446,1,2,130,5,1,60.0,0,N,MELB_URBAN,ROAD,2,16.0