,accident_type,day_of_week,dca_code,road_geometry,light_condition,speed_zone,severity,node_type,deg_urban_name,road_type,month,hour
101447,1,2,130,1,1,60.0,0,I,MELB_URBAN,STREET,2,16.0
101448,4,2,183,5,1,50.0,0,N,TOWNS,ROAD,2,13.0
101449,1,2,113,1,1,80.0,0,I,MELB_URBAN,ROAD,2,17.0
101450,1,2,121,1,1,60.0,0,I,MELB_URBAN,OTHER,2,15.0
101451,1,2,121,2,1,50.0,0,I,MELB_URBAN,STREET,2,17.0
101452,1,2,121,5,1,60.0,0,N,LARGE_PROVINCIAL_CITIES,STREET,2,15.0
101453,2,2,100,2,1,40.0,0,I,RURAL_VICTORIA,ROAD,2,16.0
101454,2,1,100,2,1,80.0,0,I,SMALL_CITIES,HIGHWAY,2,16.0
101455,8,6,184,5,1,60.0,0,N,RURAL_VICTORIA,OTHER,2,10.0
101456,1,2,163,5,1,50.0,0,N,MELB_URBAN,STREET,2,15.0
101457,1,5,160,5,1,60.0,0,N,MELB_URBAN,ROAD,2,14.0
101458,1,1,130,2,1,60.0,0,I,MELB_URBAN,HIGHWAY,2,19.0
101459,1,2,130,2,1,60.0,0,I,MELB_URBAN,ROAD,2,14.0
101460,1,6,130,5,1,100.0,0,N,RURAL_VICTORIA,HIGHWAY,2,13.0
101461,1,1,135,5,3,100.0,0,N,SMALL_TOWNS,FREEWAY,2,20.0
101462,1,2,110,1,1,60.0,0,I,SMALL_CITIES,PARADE,2,19.0
101463,2,2,99,2,3,70.0,0,I,MELB_URBAN,ROAD,2,21.0
101464,4,2,171,5,5,110.0,0,N,RURAL_VICTORIA,FREEWAY,2,23.0
101465,4,1,171,5,1,70.0,0,N,LARGE_PROVINCIAL_CITIES,ROAD,2,16.0
101466,2,3,100,2,2,60.0,0,I,MELB_URBAN,ROAD,2,6.0
101467,1,1,140,2,1,60.0,0,I,LARGE_PROVINCIAL_CITIES,STREET,2,17.0
101468,4,7,183,2,1,40.0,0,I,MELB_URBAN,STREET,2,12.0
101469,1,2,99,1,5,100.0,0,I,RURAL_VICTORIA,ROAD,2,22.0
101470,1,3,160,5,3,50.0,0,N,RURAL_VICTORIA,STREET,2,0.0
101471,4,1,171,5,1,60.0,0,N,MELB_URBAN,ROAD,2,11.0
101472,1,2,121,2,1,80.0,0,I,RURAL_VICTORIA,ROAD,2,7.0
101473,3,2,167,5,2,100.0,0,N,RURAL_VICTORIA,ROAD,2,6.0
101474,4,2,181,5,2,100.0,0,N,RURAL_VICTORIA,ROAD,2,20.0
101475,1,3,99,2,1,50.0,0,I,MELB_URBAN,ROAD,2,8.0
101476,1,3,120,2,2,80.0,0,I,MELB_URBAN,ROAD,2,6.0
101477,1,2,163,5,9,60.0,0,N,MELB_URBAN,ROAD,1,19.0
101478,1,2,110,1,1,50.0,0,I,MELB_URBAN,STREET,2,11.0
101479,6,2,99,5,1,80.0,0,N,RURAL_VICTORIA,ROAD,2,12.0
101480,4,3,171,5,1,100.0,0,N,RURAL_VICTORIA,ROAD,2,10.0
101481,1,1,121,2,1,60.0,0,I,MELB_URBAN,ROAD,2,13.0
101482,1,3,99,2,1,50.0,0,I,MELB_URBAN,STREET,2,7.0
101483,1,2,130,2,1,60.0,0,I,MELB_URBAN,ROAD,2,16.0
101484,1,3,130,5,1,70.0,0,N,MELB_URBAN,ROAD,2,10.0
101485,2,5,99,5,1,40.0,0,N,MELB_URBAN,AVENUE,2,12.0
101486,1,2,121,1,1,40.0,0,I,MELB_URBAN,STREET,2,13.0
101487,1,3,113,1,1,60.0,0,N,LARGE_PROVINCIAL_CITIES,STREET,2,13.0
101488,1,1,110,1,2,80.0,0,I,MELB_URBAN,ROAD,2,6.0
101489,4,2,181,5,1,80.0,0,N,RURAL_VICTORIA,ROAD,2,8.0
101490,1,3,130,5,1,80.0,0,N,MELB_URBAN,ROAD,2,15.0
101491,1,7,121,2,1,60.0,0,I,MELB_URBAN,ROAD,2,10.0
101492,1,3,130,5,1,70.0,0,N,MELB_URBAN,ROAD,2,13.0
101493,1,3,135,5,1,60.0,0,N,MELB_URBAN,ROAD,2,13.0
101494,1,3,171,5,1,50.0,0,N,MELB_URBAN,STREET,2,17.0
101495,1,3,130,5,1,60.0,0,N,MELB_URBAN,RAMP,2,14.0
101496,4,1,171,5,1,50.0,0,N,MELB_URBAN,STREET,2,15.0
101497,1,3,130,2,1,50.0,0,N,MELB_URBAN,STREET,2,18.0
101498,1,2,130,5,1,60.0,0,N,MELB_URBAN,ROAD,2,18.0
101499,1,3,147,5,1,60.0,0,N,MELB_URBAN,HIGHWAY,2,17.0
101500,8,3,99,5,1,40.0,0,N,LARGE_PROVINCIAL_CITIES,STREET,2,8.0
101501,1,3,99,5,1,60.0,0,N,MELB_URBAN,ROAD,2,16.0
101502,1,3,130,5,1,100.0,0,N,MELB_URBAN,ROAD,2,17.0
101503,2,3,100,2,3,50.0,0,I,MELB_URBAN,ROAD,2,21.0
101504,1,3,130,1,1,70.0,0,I,MELB_URBAN,ROAD,2,17.0
101505,4,3,99,5,5,60.0,0,N,LARGE_PROVINCIAL_CITIES,ROAD,2,20.0
101506,1,3,111,2,3,60.0,0,N,MELB_URBAN,ROAD,2,21.0
101507,1,3,116,2,1,80.0,0,I,MELB_URBAN,ROAD,2,15.0
101508,1,3,120,5,5,100.0,0,N,RURAL_VICTORIA,ROAD,2,22.0
101509,4,3,173,5,3,60.0,0,N,MELB_URBAN,ROAD,2,23.0
101510,1,4,120,5,5,60.0,0,N,RURAL_VICTORIA,HIGHWAY,2,0.0
101511,1,3,110,1,3,50.0,0,I,MELB_URBAN,ROAD,2,22.0
101512,4,4,171,5,3,60.0,0,N,MELB_URBAN,ROAD,2,1.0
101513,4,4,173,2,3,80.0,0,I,MELB_URBAN,ROAD,2,3.0
101514,1,2,130,5,1,100.0,0,N,MELB_URBAN,ROAD,2,13.0
101515,2,3,102,1,3,60.0,0,I,MELB_URBAN,STREET,2,23.0
101516,1,4,181,5,1,80.0,0,N,RURAL_VICTORIA,STREET,2,10.0
101517,2,6,102,2,1,40.0,0,I,LARGE_PROVINCIAL_CITIES,ROAD,2,16.0
101518,1,3,130,5,1,80.0,0,N,MELB_URBAN,ROAD,2,16.0
101519,1,4,135,5,1,60.0,0,N,MELB_URBAN,PARADE,2,7.0
101520,4,3,171,5,1,100.0,0,N,SMALL_CITIES,HIGHWAY,1,15.0
101521,2,3,102,1,1,60.0,0,I,SMALL_CITIES,HIGHWAY,2,10.0
101522,1,4,110,1,1,80.0,0,I,RURAL_VICTORIA,STREET,2,9.0
101523,1,4,121,5,1,60.0,0,N,MELB_URBAN,ROAD,2,7.0
101524,3,4,167,5,5,80.0,0,N,RURAL_VICTORIA,ROAD,2,6.0
101525,1,4,110,4,1,50.0,0,I,TOWNS,STREET,2,9.0
101526,1,4,130,1,1,60.0,0,N,MELB_URBAN,ROAD,2,11.0
101527,1,4,130,2,1,60.0,0,I,MELB_URBAN,ROAD,2,10.0
101528,1,4,147,5,1,60.0,0,N,MELB_URBAN,STREET,2,10.0
101529,1,4,132,5,1,80.0,0,N,MELB_URBAN,ROAD,2,12.0
101530,1,4,99,5,1,40.0,0,N,SMALL_CITIES,STREET,2,13.0
101531,1,5,121,2,1,60.0,0,N,LARGE_PROVINCIAL_CITIES,ROAD,2,15.0
101532,7,3,99,5,1,50.0,0,N,SMALL_TOWNS,OTHER,2,11.0
101533,5,1,99,5,1,110.0,0,N,RURAL_VICTORIA,HIGHWAY,2,16.0
101534,1,4,134,5,1,100.0,0,N,MELB_URBAN,FREEWAY,2,11.0
101535,4,4,171,5,1,80.0,0,N,MELB_URBAN,ROAD,2,12.0
101536,1,7,130,1,1,50.0,0,I,MELB_URBAN,ROAD,2,11.0
101537,1,4,113,2,1,60.0,0,I,MELB_URBAN,OTHER,2,16.0
101538,1,4,130,5,1,100.0,0,N,MELB_URBAN,ROAD,2,17.0
101539,1,4,130,5,1,60.0,0,N,LARGE_PROVINCIAL_CITIES,ROAD,2,18.0
101540,1,4,130,5,1,80.0,0,N,MELB_URBAN,ROAD,2,18.0
101541,1,4,110,1,1,50.0,0,I,MELB_URBAN,STREET,2,15.0
101542,1,4,130,2,1,60.0,0,N,MELB_URBAN,ROAD,2,18.0
101543,2,4,99,1,1,50.0,0,I,MELB_URBAN,BOULEVARD,2,16.0
101544,4,4,173,2,1,50.0,0,I,TOWNS,DRIVE,2,17.0
101545,1,4,99,5,1,60.0,0,N,MELB_URBAN,ROAD,2,17.0
101546,2,4,99,5,1,60.0,0,N,MELB_URBAN,STREET,2,18.0
101547,1,3,99,2,3,70.0,0,I,MELB_URBAN,ROAD,2,22.0
101548,1,4,111,2,3,60.0,0,I,MELB_URBAN,ROAD,2,22.0
101549,4,4,173,5,5,100.0,0,N,RURAL_VICTORIA,ROAD,2,5.0
101550,1,4,121,2,3,60.0,0,I,MELB_URBAN,ROAD,2,22.0
101551,1,4,130,5,3,80.0,0,N,MELB_URBAN,FREEWAY,2,22.0
101552,1,4,99,2,3,60.0,0,I,LARGE_PROVINCIAL_CITIES,STREET,2,23.0
101553,1,5,130,5,5,100.0,0,N,MELB_URBAN,FREEWAY,2,6.0
101554,1,4,130,5,1,70.0,0,N,MELB_URBAN,ROAD,2,13.0
101555,1,3,110,1,1,50.0,0,I,RURAL_VICTORIA,STREET,2,13.0
101556,1,5,121,2,2,60.0,0,I,MELB_URBAN,DRIVE,2,6.0
101557,6,5,99,5,1,100.0,0,N,RURAL_VICTORIA,ROAD,2,7.0
101558,1,5,99,2,1,50.0,0,I,MELB_URBAN,ROAD,2,10.0
101559,1,4,163,5,1,40.0,0,N,MELB_URBAN,STREET,2,10.0
101560,1,4,113,2,3,70.0,0,I,MELB_URBAN,ROAD,2,21.0
101561,1,4,121,2,1,50.0,0,I,SMALL_CITIES,STREET,2,19.0
101562,1,5,121,5,1,60.0,0,N,MELB_URBAN,ROAD,2,11.0
101563,1,5,130,1,1,60.0,0,N,MELB_URBAN,ROAD,2,12.0
101564,5,5,99,5,1,60.0,0,N,MELB_URBAN,ROAD,2,13.0
101565,1,4,99,2,1,80.0,0,I,MELB_URBAN,ROAD,2,16.0
101566,6,0,99,5,1,60.0,0,N,RURAL_VICTORIA,ROAD,1,9.0
101567,4,5,173,1,1,80.0,0,I,RURAL_VICTORIA,ROAD,2,13.0
101568,1,5,110,1,1,60.0,0,I,LARGE_PROVINCIAL_CITIES,ROAD,2,8.0
101569,8,4,99,2,1,60.0,0,I,MELB_URBAN,ROAD,2,15.0
101570,2,4,102,1,1,60.0,0,I,MELB_URBAN,ROAD,2,11.0
101571,2,5,100,5,1,60.0,0,N,LARGE_PROVINCIAL_CITIES,ROAD,2,16.0
101572,1,5,121,2,1,100.0,0,I,RURAL_VICTORIA,ROAD,2,15.0
101573,4,5,181,5,1,80.0,0,N,RURAL_VICTORIA,ROAD,2,16.0
101574,1,5,113,1,1,60.0,0,I,SMALL_CITIES,ROAD,2,15.0
101575,1,5,110,1,1,60.0,0,I,MELB_URBAN,ROAD,2,10.0
101576,1,5,113,1,1,50.0,0,I,MELB_URBAN,ROAD,2,16.0
101577,4,5,173,5,1,110.0,0,N,RURAL_VICTORIA,FREEWAY,2,16.0
101578,1,5,116,2,1,50.0,0,I,SMALL_CITIES,AVENUE,2,16.0
101579,1,5,113,1,1,60.0,0,I,MELB_URBAN,STREET,2,17.0
101580,1,7,147,1,1,60.0,0,N,MELB_URBAN,STREET,2,15.0
101581,1,5,130,5,1,80.0,0,N,MELB_URBAN,FREEWAY,2,17.0
101582,1,5,113,1,1,50.0,0,I,MELB_URBAN,STREET,2,18.0
101583,1,5,113,2,1,60.0,0,I,MELB_URBAN,ROAD,2,14.0
101584,1,5,113,1,2,60.0,0,I,MELB_URBAN,ROAD,2,19.0
101585,4,5,99,5,1,40.0,0,N,MELB_URBAN,STREET,2,15.0
101586,1,5,110,1,1,50.0,0,I,SMALL_CITIES,STREET,2,16.0
101587,1,3,113,2,1,100.0,0,I,RURAL_VICTORIA,ROAD,2,16.0
101588,1,5,130,5,1,100.0,0,N,MELB_URBAN,FREEWAY,2,18.0
101589,1,5,99,2,1,60.0,0,I,MELB_URBAN,STREET,2,18.0
101590,1,4,130,5,1,60.0,0,N,MELB_URBAN,DRIVE,2,15.0
101591,1,4,130,1,3,80.0,0,I,MELB_URBAN,OTHER,2,20.0
101592,1,5,113,1,3,80.0,0,I,MELB_URBAN,HIGHWAY,2,20.0
101593,1,5,130,5,1,80.0,0,N,MELB_URBAN,HIGHWAY,2,16.0
101594,1,5,110,1,2,60.0,0,I,LARGE_PROVINCIAL_CITIES,HIGHWAY,2,19.0
101595,1,6,121,2,1,60.0,0,I,MELB_URBAN,STREET,2,7.0
101596,1,5,130,5,1,100.0,0,N,RURAL_VICTORIA,STREET,2,7.0
101597,1,5,111,1,1,60.0,0,I,LARGE_PROVINCIAL_CITIES,STREET,2,8.0
101598,1,6,113,2,5,60.0,0,I,MELB_URBAN,STREET,2,6.0
101599,1,6,99,2,1,60.0,0,I,MELB_URBAN,ROAD,2,8.0
101600,4,5,173,5,1,100.0,0,N,RURAL_VICTORIA,HIGHWAY,2,8.0
101601,1,5,130,5,1,60.0,0,N,MELB_URBAN,ROAD,2,10.0
101602,1,6,121,1,1,50.0,0,I,MELB_URBAN,ROAD,2,8.0
101603,1,5,121,1,1,50.0,0,I,MELB_URBAN,STREET,2,8.0
101604,1,6,113,1,1,50.0,0,I,MELB_URBAN,DRIVE,2,8.0
101605,1,5,99,2,1,80.0,0,N,MELB_URBAN,HIGHWAY,2,8.0
101606,1,5,163,5,1,50.0,0,N,MELB_URBAN,OTHER,2,16.0
101607,1,5,121,5,1,60.0,0,N,MELB_URBAN,ROAD,2,7.0
101608,1,1,99,1,1,50.0,0,I,SMALL_CITIES,STREET,2,7.0
101609,1,4,110,1,1,50.0,0,I,MELB_URBAN,STREET,2,8.0
101610,1,6,132,2,1,60.0,0,N,MELB_URBAN,ROAD,2,10.0
101611,6,6,170,5,5,100.0,0,N,RURAL_VICTORIA,ROAD,2,5.0
101612,4,6,173,5,1,100.0,0,N,RURAL_VICTORIA,OTHER,2,10.0
101613,1,6,120,2,1,50.0,0,I,MELB_URBAN,DRIVE,2,11.0
101614,1,6,135,5,1,60.0,0,N,MELB_URBAN,FREEWAY,2,7.0
101615,1,6,116,2,1,80.0,0,I,MELB_URBAN,OTHER,2,13.0
101616,1,6,121,1,1,70.0,0,I,MELB_URBAN,ROAD,2,13.0
101617,4,4,183,5,1,100.0,0,N,RURAL_VICTORIA,HIGHWAY,2,12.0
101618,1,5,130,5,1,50.0,0,N,MELB_URBAN,ROAD,2,14.0
101619,1,6,116,2,1,50.0,0,I,SMALL_CITIES,AVENUE,2,15.0
101620,4,5,171,5,1,100.0,0,N,RURAL_VICTORIA,ROAD,2,10.0
101621,1,5,120,5,1,100.0,0,N,RURAL_VICTORIA,ROAD,2,14.0
101622,4,6,181,5,1,100.0,0,N,RURAL_VICTORIA,ROAD,2,12.0
101623,1,6,130,5,1,60.0,0,N,SMALL_CITIES,PARADE,2,15.0
101624,4,5,171,5,1,100.0,0,N,RURAL_VICTORIA,ROAD,2,14.0
101625,1,5,132,4,1,80.0,0,I,RURAL_VICTORIA,HIGHWAY,2,15.0
101626,2,5,102,1,1,40.0,0,I,LARGE_PROVINCIAL_CITIES,STREET,2,14.0
101627,1,6,99,5,1,70.0,0,N,MELB_URBAN,STREET,2,11.0
101628,2,6,100,2,1,40.0,0,I,LARGE_PROVINCIAL_CITIES,OTHER,2,16.0
101629,4,5,181,5,1,100.0,1,N,RURAL_VICTORIA,HIGHWAY,2,14.0
101630,1,6,110,1,1,50.0,0,I,LARGE_PROVINCIAL_CITIES,STREET,2,16.0
101631,1,6,110,1,1,60.0,0,I,SMALL_CITIES,STREET,2,16.0
101632,1,6,99,1,1,50.0,0,I,TOWNS,STREET,2,15.0
101633,1,4,99,2,1,40.0,0,I,MELB_URBAN,STREET,2,18.0
101634,2,6,99,5,1,50.0,0,N,MELB_URBAN,AVENUE,2,16.0
101635,1,6,113,2,1,80.0,0,I,MELB_URBAN,ROAD,2,17.0
101636,1,6,130,5,1,80.0,0,N,MELB_URBAN,FREEWAY,2,19.0
101637,1,6,111,2,1,80.0,0,I,RURAL_VICTORIA,HIGHWAY,2,19.0
101638,1,6,111,2,1,80.0,0,N,MELB_URBAN,OTHER,2,16.0
101639,1,5,120,1,1,40.0,0,N,MELB_URBAN,STREET,2,18.0
101640,1,6,99,5,1,80.0,0,N,MELB_URBAN,FREEWAY,2,18.0
101641,1,5,120,5,1,60.0,0,N,SMALL_CITIES,STREET,2,18.0
101642,1,6,110,1,1,50.0,0,I,SMALL_CITIES,STREET,2,19.0
101643,1,6,110,1,4,80.0,0,I,MELB_URBAN,HIGHWAY,2,21.0
101644,1,6,163,1,3,40.0,0,I,MELBOURNE_CBD,STREET,2,23.0
101645,1,6,140,2,3,60.0,0,I,MELB_URBAN,STREET,2,23.0
101646,4,7,171,5,3,80.0,0,N,MELB_URBAN,STREET,2,6.0
101647,1,7,163,5,1,50.0,0,N,MELB_URBAN,STREET,2,8.0
101648,1,7,120,5,1,60.0,0,N,TOWNS,ROAD,2,7.0
101649,1,3,110,1,1,80.0,0,I,MELB_URBAN,HIGHWAY,2,12.0
101650,1,7,111,2,1,100.0,0,I,RURAL_VICTORIA,HIGHWAY,2,10.0
101651,1,7,171,5,3,50.0,1,N,MELB_URBAN,ROAD,2,2.0
101652,1,5,130,5,1,60.0,0,N,MELB_URBAN,ROAD,2,17.0
101653,1,6,130,5,1,100.0,0,N,MELB_URBAN,ROAD,2,10.0
101654,1,6,130,4,9,50.0,0,I,MELB_URBAN,STREET,2,16.0
101655,1,1,130,2,1,60.0,0,I,MELB_URBAN,ROAD,2,15.0
101656,1,5,130,4,1,60.0,0,I,LARGE_PROVINCIAL_CITIES,ROAD,2,17.0
101657,2,7,100,5,1,60.0,0,N,MELB_URBAN,ROAD,2,11.0
101658,1,7,110,1,1,60.0,0,I,MELB_URBAN,ROAD,2,13.0
101659,4,7,171,5,1,50.0,0,N,MELB_URBAN,ROAD,2,10.0
101660,1,6,130,5,1,80.0,0,N,MELB_URBAN,RAMP,2,14.0
101661,1,7,99,2,1,100.0,0,I,RURAL_VICTORIA,ROAD,2,16.0
101662,1,6,110,1,1,40.0,0,I,TOWNS,STREET,2,12.0
101663,6,7,170,5,1,50.0,0,N,MELB_URBAN,DRIVE,2,16.0
101664,1,7,120,5,1,60.0,0,N,RURAL_VICTORIA,ROAD,2,11.0
101665,1,7,99,2,1,70.0,0,I,MELB_URBAN,ROAD,2,15.0
101666,4,7,183,5,1,70.0,0,N,RURAL_VICTORIA,ROAD,2,15.0
101667,1,7,120,5,1,70.0,0,N,RURAL_VICTORIA,ROAD,2,15.0
101668,2,2,99,5,9,60.0,0,N,MELB_URBAN,ROAD,2,8.0
101669,1,7,116,2,1,60.0,0,I,SMALL_CITIES,STREET,2,18.0
101670,1,7,113,2,1,80.0,1,I,RURAL_VICTORIA,ROAD,2,15.0
101671,1,7,173,2,1,60.0,1,I,MELB_URBAN,ROAD,2,16.0
101672,4,6,171,2,1,60.0,0,I,MELB_URBAN,ROAD,2,18.0
101673,1,7,130,5,1,50.0,0,N,MELB_URBAN,ROAD,2,16.0
101674,1,7,99,2,1,50.0,0,I,SMALL_TOWNS,HIGHWAY,2,18.0
101675,1,7,130,5,1,70.0,0,N,MELB_URBAN,STREET,2,14.0
101676,1,7,110,1,1,80.0,1,I,TOWNS,HIGHWAY,2,17.0
101677,1,7,134,5,1,100.0,0,N,RURAL_VICTORIA,HIGHWAY,2,18.0
101678,6,6,99,5,2,100.0,0,N,RURAL_VICTORIA,ROAD,2,18.0
101679,4,7,183,5,3,80.0,0,N,MELB_URBAN,FREEWAY,2,20.0
101680,1,7,121,2,2,50.0,0,I,MELB_URBAN,DRIVE,2,19.0
101681,5,7,99,5,5,80.0,0,N,MELB_URBAN,ROAD,2,20.0
101682,4,7,181,5,1,100.0,0,N,RURAL_VICTORIA,ROAD,2,17.0
101683,1,7,135,5,3,80.0,0,N,MELB_URBAN,HIGHWAY,2,22.0
101684,1,1,99,5,5,60.0,0,N,MELB_URBAN,STREET,2,3.0
101685,7,7,99,5,5,60.0,0,N,RURAL_VICTORIA,ROAD,2,23.0
101686,4,1,171,2,3,60.0,0,I,MELB_URBAN,ROAD,2,3.0
101687,1,7,110,1,3,60.0,0,I,MELB_URBAN,HIGHWAY,2,0.0
101688,1,1,121,2,2,60.0,0,I,MELB_URBAN,ROAD,2,7.0
101689,4,1,173,5,2,100.0,0,N,RURAL_VICTORIA,ROAD,2,6.0
101690,6,1,99,2,1,100.0,0,I,RURAL_VICTORIA,ROAD,2,8.0
101691,4,1,171,5,3,100.0,0,N,MELB_URBAN,FREEWAY,2,6.0
101692,1,1,121,2,1,60.0,0,I,LARGE_PROVINCIAL_CITIES,STREET,2,10.0
101693,1,1,110,1,1,60.0,0,I,MELB_URBAN,ROAD,2,11.0
101694,7,7,99,5,9,80.0,0,N,MELB_URBAN,ROAD,6,12.0
101695,1,1,113,1,1,60.0,0,I,MELB_URBAN,ROAD,2,12.0
101696,4,7,173,5,1,100.0,0,N,RURAL_VICTORIA,OTHER,2,10.0
101697,2,0,100,1,1,40.0,0,I,MELB_URBAN,ROAD,2,9.0
101698,1,6,99,5,9,60.0,0,N,MELB_URBAN,DRIVE,9,19.0
101699,1,1,132,5,1,60.0,0,N,MELB_URBAN,HIGHWAY,2,12.0
101700,1,1,120,5,1,60.0,0,N,MELB_URBAN,ROAD,2,15.0
101701,1,1,160,5,1,50.0,0,N,RURAL_VICTORIA,BOULEVARD,2,11.0
101702,1,7,113,1,1,60.0,0,I,MELB_URBAN,ROAD,2,18.0
101703,1,6,99,5,1,50.0,0,N,MELB_URBAN,ROAD,2,12.0
101704,1,0,110,1,1,60.0,0,I,LARGE_PROVINCIAL_CITIES,STREET,2,13.0
101705,1,1,120,2,1,60.0,0,N,MELB_URBAN,ROAD,2,14.0
101706,1,1,135,5,1,80.0,0,N,RURAL_VICTORIA,ROAD,2,15.0
101707,1,6,99,2,1,60.0,0,I,MELB_URBAN,ROAD,12,15.0
101708,4,0,181,5,1,100.0,0,N,RURAL_VICTORIA,ROAD,2,16.0
101709,1,6,99,2,1,60.0,0,I,RURAL_VICTORIA,RAMP,2,18.0
101710,1,1,163,2,1,40.0,0,N,MELB_URBAN,STREET,2,15.0
101711,1,1,130,5,1,60.0,0,N,MELB_URBAN,ROAD,2,19.0
101712,4,1,173,5,1,100.0,0,N,RURAL_VICTORIA,ROAD,2,19.0
101713,1,0,130,5,1,40.0,0,N,MELB_URBAN,ROAD,2,18.0
101714,4,1,173,5,1,100.0,0,N,RURAL_VICTORIA,HIGHWAY,2,18.0
101715,4,0,171,5,5,100.0,0,N,RURAL_VICTORIA,OTHER,2,21.0
101716,1,1,121,2,3,50.0,1,I,MELB_URBAN,ROAD,2,20.0
101717,1,1,116,2,3,80.0,0,N,RURAL_VICTORIA,HIGHWAY,2,23.0
101718,1,2,121,1,1,40.0,0,I,MELB_URBAN,STREET,2,7.0
101719,1,2,130,5,1,50.0,0,N,SMALL_CITIES,DRIVE,2,7.0
101720,1,2,99,2,1,50.0,0,I,MELB_URBAN,ROAD,2,7.0
101721,4,2,99,5,1,100.0,0,N,RURAL_VICTORIA,HIGHWAY,2,7.0
101722,1,2,110,1,1,60.0,0,I,MELB_URBAN,ROAD,2,8.0
101723,1,2,130,5,1,60.0,0,N,LARGE_PROVINCIAL_CITIES,STREET,2,8.0
101724,1,2,130,5,1,60.0,0,N,MELB_URBAN,ROAD,2,7.0
101725,2,2,100,5,3,50.0,1,N,MELB_URBAN,ROAD,2,6.0
101726,1,1,120,5,1,60.0,0,N,RURAL_VICTORIA,ROAD,2,9.0
101727,1,2,99,5,1,100.0,0,N,RURAL_VICTORIA,HIGHWAY,2,8.0
101728,1,2,110,1,1,80.0,0,I,TOWNS,ROAD,2,12.0
101729,2,2,102,2,1,40.0,0,I,MELB_URBAN,BOULEVARD,2,8.0
101730,2,2,99,5,1,40.0,0,N,MELB_URBAN,ROAD,2,8.0
101731,1,2,130,5,1,80.0,0,N,MELB_URBAN,OTHER,2,7.0
101732,1,1,110,1,1,100.0,0,I,RURAL_VICTORIA,ROAD,2,12.0
101733,4,2,171,5,1,100.0,0,N,RURAL_VICTORIA,ROAD,2,15.0
101734,1,2,130,2,1,60.0,0,I,MELB_URBAN,ROAD,2,13.0
101735,1,2,171,5,1,60.0,0,N,RURAL_VICTORIA,ROAD,2,15.0
101736,1,2,110,1,1,60.0,0,N,MELB_URBAN,ROAD,2,13.0
101737,1,2,121,2,1,80.0,0,I,MELB_URBAN,HIGHWAY,2,15.0
101738,1,2,160,5,1,40.0,0,N,MELB_URBAN,UNKNOWN,2,13.0
101739,1,7,130,5,6,60.0,0,N,RURAL_VICTORIA,ROAD,2,21.0
101740,1,6,147,5,1,70.0,0,N,SMALL_CITIES,STREET,12,11.0
101741,1,2,110,1,1,60.0,0,I,TOWNS,STREET,2,16.0
101742,1,1,113,2,1,60.0,0,I,MELB_URBAN,ROAD,2,16.0
101743,1,2,140,5,1,80.0,0,N,TOWNS,ROAD,2,17.0
101744,2,2,102,5,1,60.0,0,N,MELB_URBAN,ROAD,2,17.0
101745,1,2,120,5,1,100.0,0,N,RURAL_VICTORIA,ROAD,2,16.0
101746,1,2,99,2,1,80.0,0,N,RURAL_VICTORIA,ROAD,2,16.0
101747,1,3,111,2,9,70.0,0,I,MELB_URBAN,RAMP,2,19.0
101748,7,1,99,2,1,80.0,0,I,RURAL_VICTORIA,ROAD,12,15.0
101749,8,0,99,5,1,100.0,0,N,RURAL_VICTORIA,HIGHWAY,2,9.0
101750,1,1,130,5,1,60.0,0,N,MELB_URBAN,PARADE,2,17.0
101751,1,2,130,5,1,100.0,0,N,RURAL_VICTORIA,ROAD,2,17.0
101752,4,2,173,5,1,100.0,0,N,RURAL_VICTORIA,ROAD,2,17.0
101753,1,1,121,2,1,60.0,0,I,MELB_URBAN,STREET,2,15.0
101754,1,2,130,5,1,50.0,0,N,MELB_URBAN,ROAD,2,15.0
101755,1,2,99,2,1,80.0,0,N,MELB_URBAN,HIGHWAY,2,18.0
101756,1,1,140,2,1,70.0,0,O,MELB_URBAN,UNKNOWN,2,17.0
101757,1,5,130,1,1,50.0,0,I,SMALL_CITIES,STREET,2,18.0
101758,1,1,130,2,3,60.0,0,I,MELB_URBAN,STREET,2,22.0
101759,1,2,120,5,1,100.0,1,N,RURAL_VICTORIA,ROAD,2,16.0
101760,7,2,99,5,3,50.0,0,N,RURAL_VICTORIA,UNKNOWN,2,23.0
101761,4,2,99,5,3,50.0,0,N,SMALL_CITIES,ROAD,2,20.0
101762,2,1,99,5,3,40.0,0,I,MELB_URBAN,STREET,2,23.0
101763,1,1,130,4,3,60.0,0,I,MELB_URBAN,ROAD,2,22.0
101764,1,3,120,5,1,70.0,0,N,RURAL_VICTORIA,HIGHWAY,2,6.0
101765,1,3,133,5,3,60.0,0,N,MELB_URBAN,HIGHWAY,2,5.0
101766,6,0,170,5,1,60.0,0,N,RURAL_VICTORIA,ROAD,2,14.0
101767,1,2,130,2,1,60.0,0,N,LARGE_PROVINCIAL_CITIES,STREET,2,8.0
101768,1,2,99,5,1,100.0,0,N,MELB_URBAN,FREEWAY,2,7.0
101769,1,3,99,2,1,40.0,0,N,MELB_URBAN,STREET,2,7.0
101770,2,3,99,5,1,70.0,0,N,MELB_URBAN,ROAD,2,9.0