,accident_type,day_of_week,dca_code,road_geometry,light_condition,speed_zone,severity,node_type,deg_urban_name,road_type,month,hour
101771,6,3,170,5,1,100.0,0,N,RURAL_VICTORIA,HIGHWAY,2,7.0
101772,1,2,130,2,1,60.0,0,I,MELB_URBAN,ROAD,2,13.0
101773,1,3,99,2,1,80.0,0,I,RURAL_VICTORIA,HIGHWAY,2,9.0
101774,2,3,100,2,1,40.0,0,I,MELB_URBAN,STREET,2,8.0
101775,1,3,160,5,1,60.0,0,N,SMALL_TOWNS,STREET,2,12.0
101776,2,3,102,2,1,60.0,1,I,LARGE_PROVINCIAL_CITIES,ROAD,2,11.0
101777,1,3,99,5,1,60.0,0,N,LARGE_PROVINCIAL_CITIES,STREET,2,10.0
101778,1,3,133,5,1,40.0,0,N,MELB_URBAN,STREET,2,12.0
101779,1,2,171,2,1,50.0,0,N,MELB_URBAN,ROAD,2,14.0
101780,1,3,110,1,1,60.0,0,I,MELB_URBAN,STREET,2,14.0
101781,1,3,130,1,1,80.0,0,N,MELB_URBAN,ROAD,2,12.0
101782,1,3,134,5,1,80.0,0,N,MELB_URBAN,ROAD,2,15.0
101783,1,2,130,1,1,50.0,0,I,MELB_URBAN,STREET,2,17.0
101784,1,3,121,2,1,80.0,0,I,MELB_URBAN,ROAD,2,17.0
101785,1,2,99,1,1,60.0,0,I,LARGE_PROVINCIAL_CITIES,STREET,2,8.0
101786,1,3,130,2,1,60.0,0,I,MELB_URBAN,ROAD,2,16.0
101787,5,3,183,5,1,100.0,0,N,RURAL_VICTORIA,HIGHWAY,2,14.0
101788,1,3,121,1,1,60.0,0,I,MELB_URBAN,ROAD,2,16.0
101789,6,3,174,2,1,40.0,0,N,MELBOURNE_CBD,STREET,2,17.0
101790,1,1,99,1,1,80.0,0,I,MELB_URBAN,HIGHWAY,2,13.0
101791,1,3,116,2,1,60.0,0,I,SMALL_CITIES,DRIVE,2,17.0
101792,1,3,130,5,3,50.0,0,N,MELB_URBAN,ROAD,2,20.0
101793,1,3,130,5,1,80.0,0,N,MELB_URBAN,ROAD,2,17.0
101794,1,2,99,5,1,60.0,0,N,MELB_URBAN,AVENUE,2,14.0
101795,1,2,121,1,2,60.0,0,I,RURAL_VICTORIA,BOULEVARD,2,6.0
101796,4,4,181,2,3,60.0,0,I,MELB_URBAN,ROAD,2,4.0
101797,2,3,99,5,1,40.0,0,N,MELB_URBAN,STREET,2,15.0
101798,1,6,113,2,1,60.0,0,I,MELB_URBAN,ROAD,2,17.0
101799,1,4,132,1,1,100.0,0,I,RURAL_VICTORIA,ROAD,2,8.0
101800,5,2,99,5,1,60.0,0,N,RURAL_VICTORIA,OTHER,2,18.0
101801,2,4,102,5,1,40.0,0,N,MELBOURNE_CBD,OTHER,2,10.0
101802,1,4,110,1,2,80.0,0,I,MELB_URBAN,ROAD,2,6.0
101803,1,3,135,1,1,60.0,0,I,MELB_URBAN,AVENUE,2,18.0
101804,1,2,99,4,1,60.0,0,I,MELB_URBAN,UNKNOWN,2,15.0
101805,4,4,171,5,1,80.0,0,N,MELB_URBAN,HIGHWAY,2,9.0
101806,4,2,181,5,1,100.0,0,N,RURAL_VICTORIA,ROAD,2,15.0
101807,1,3,110,1,1,40.0,0,I,MELB_URBAN,ROAD,2,8.0
101808,1,4,147,5,1,80.0,0,N,RURAL_VICTORIA,ROAD,2,11.0
101809,1,2,99,5,1,60.0,0,N,SMALL_CITIES,STREET,2,10.0
101810,4,3,183,2,1,110.0,0,I,RURAL_VICTORIA,FREEWAY,2,12.0
101811,1,4,132,2,1,100.0,0,I,RURAL_VICTORIA,ROAD,2,12.0
101812,1,4,113,2,1,100.0,0,I,SMALL_TOWNS,HIGHWAY,2,8.0
101813,1,4,113,1,1,50.0,0,I,MELB_URBAN,STREET,2,7.0
101814,1,4,130,2,1,60.0,0,I,MELB_URBAN,HIGHWAY,2,12.0
101815,1,2,130,1,1,60.0,0,I,MELB_URBAN,HIGHWAY,2,17.0
101816,2,4,100,1,1,60.0,0,I,MELB_URBAN,AVENUE,2,10.0
101817,4,6,181,5,5,60.0,0,N,RURAL_VICTORIA,ROAD,2,22.0
101818,4,4,171,5,1,100.0,0,N,RURAL_VICTORIA,HIGHWAY,2,14.0
101819,1,4,110,1,1,60.0,0,I,TOWNS,STREET,2,14.0
101820,1,4,130,5,1,100.0,0,N,MELB_URBAN,FREEWAY,2,13.0
101821,1,4,120,5,1,100.0,0,N,RURAL_VICTORIA,HIGHWAY,2,13.0
101822,1,3,121,2,1,80.0,0,I,RURAL_VICTORIA,STREET,2,16.0
101823,1,3,121,2,1,40.0,0,I,MELB_URBAN,STREET,2,15.0
101824,1,4,121,1,1,60.0,0,I,MELB_URBAN,ROAD,2,16.0
101825,1,4,110,1,1,50.0,0,I,TOWNS,STREET,2,17.0
101826,1,4,130,2,1,80.0,0,N,RURAL_VICTORIA,ROAD,2,16.0
101827,1,4,110,1,1,50.0,0,I,MELB_URBAN,AVENUE,2,15.0
101828,1,4,113,2,1,80.0,0,I,MELB_URBAN,HIGHWAY,2,14.0
101829,4,4,173,5,1,100.0,0,N,RURAL_VICTORIA,ROAD,2,17.0
101830,1,3,130,5,1,80.0,0,N,MELB_URBAN,ROAD,2,17.0
101831,1,3,130,2,9,60.0,0,I,MELB_URBAN,ROAD,2,18.0
101832,1,3,99,3,1,60.0,0,I,MELB_URBAN,AVENUE,2,17.0
101833,1,4,113,2,1,50.0,0,I,SMALL_CITIES,STREET,2,17.0
101834,1,4,113,2,1,70.0,0,I,MELB_URBAN,ROAD,2,15.0
101835,5,3,99,5,2,60.0,0,N,MELB_URBAN,ROAD,2,19.0
101836,1,4,99,2,1,50.0,0,I,MELB_URBAN,ROAD,2,19.0
101837,1,4,130,4,1,80.0,0,N,MELB_URBAN,ROAD,2,17.0
101838,2,6,99,5,1,60.0,0,N,MELB_URBAN,STREET,2,15.0
101839,1,4,110,1,1,60.0,0,I,MELB_URBAN,STREET,2,16.0
101840,1,4,121,1,2,60.0,0,I,MELB_URBAN,STREET,2,19.0
101841,1,7,130,1,1,80.0,0,N,MELB_URBAN,DRIVE,2,19.0
101842,1,3,134,5,2,60.0,0,N,MELB_URBAN,OTHER,2,19.0
101843,1,3,110,1,2,50.0,0,I,SMALL_CITIES,STREET,2,6.0
101844,4,5,173,1,3,70.0,0,I,MELB_URBAN,ROAD,2,3.0
101845,1,7,99,2,1,50.0,0,I,LARGE_PROVINCIAL_CITIES,STREET,2,9.0
101846,4,5,171,5,3,100.0,0,N,RURAL_VICTORIA,HIGHWAY,2,5.0
101847,2,5,100,2,1,60.0,0,I,MELB_URBAN,ROAD,2,7.0
101848,1,5,121,4,3,60.0,0,I,MELB_URBAN,RAMP,2,5.0
101849,8,5,99,5,2,50.0,0,N,TOWNS,STREET,2,6.0
101850,1,4,130,5,1,60.0,0,N,MELB_URBAN,ROAD,2,20.0
101851,4,5,173,5,1,100.0,0,N,RURAL_VICTORIA,ROAD,2,8.0
101852,1,5,160,5,1,80.0,0,N,RURAL_VICTORIA,ROAD,2,7.0
101853,1,5,110,1,1,60.0,0,I,LARGE_PROVINCIAL_CITIES,STREET,2,7.0
101854,1,5,130,5,2,100.0,0,N,MELB_URBAN,ROAD,2,7.0
101855,1,3,130,2,1,60.0,0,I,MELB_URBAN,ROAD,2,15.0
101856,1,5,120,5,1,60.0,0,N,LARGE_PROVINCIAL_CITIES,ROAD,2,8.0
101857,1,1,121,2,1,70.0,0,I,MELB_URBAN,ROAD,2,14.0
101858,1,4,113,2,3,50.0,0,I,MELB_URBAN,AVENUE,2,0.0
101859,1,5,99,5,1,60.0,0,N,MELB_URBAN,STREET,2,11.0
101860,1,5,171,5,1,40.0,0,N,MELB_URBAN,ROAD,2,11.0
101861,1,5,121,2,1,80.0,0,I,LARGE_PROVINCIAL_CITIES,ROAD,2,10.0
101862,1,5,132,2,1,60.0,0,I,MELB_URBAN,ROAD,2,9.0
101863,1,6,147,5,9,60.0,0,N,MELB_URBAN,STREET,2,13.0
101864,4,5,99,5,1,60.0,1,N,RURAL_VICTORIA,ROAD,2,9.0
101865,2,5,100,2,1,50.0,1,I,MELB_URBAN,STREET,2,8.0
101866,1,5,121,2,1,60.0,0,I,MELB_URBAN,ROAD,2,8.0
101867,1,1,147,5,1,60.0,0,N,MELB_URBAN,DRIVE,2,15.0
101868,1,3,110,1,1,60.0,0,I,MELB_URBAN,STREET,2,7.0
101869,1,5,135,2,1,40.0,0,I,MELB_URBAN,STREET,2,12.0
101870,1,2,130,5,1,80.0,0,N,MELB_URBAN,ROAD,2,15.0
101871,1,4,121,2,1,60.0,0,I,MELB_URBAN,ROAD,2,13.0
101872,1,5,99,2,1,60.0,0,I,MELB_URBAN,STREET,2,13.0
101873,1,6,121,1,1,50.0,0,I,MELB_URBAN,ROAD,2,13.0
101874,1,5,160,5,1,40.0,0,N,MELB_URBAN,ROAD,2,15.0
101875,1,5,99,1,1,40.0,0,I,MELB_URBAN,ROAD,2,10.0
101876,1,6,140,5,1,60.0,0,N,MELB_URBAN,ROAD,2,12.0
101877,1,5,130,5,1,100.0,0,N,MELB_URBAN,FREEWAY,2,15.0
101878,1,5,160,5,1,60.0,0,N,LARGE_PROVINCIAL_CITIES,AVENUE,2,16.0
101879,2,4,100,5,1,60.0,0,N,MELB_URBAN,STREET,2,13.0
101880,2,5,102,1,1,50.0,0,I,MELB_URBAN,STREET,2,18.0
101881,4,4,173,5,1,60.0,0,N,MELB_URBAN,ROAD,2,18.0
101882,1,4,111,1,1,60.0,0,I,MELB_URBAN,STREET,2,18.0
101883,1,5,113,2,1,80.0,0,I,MELB_URBAN,ROAD,2,14.0
101884,2,5,102,2,1,70.0,0,I,MELB_URBAN,ROAD,2,16.0
101885,1,4,110,1,3,60.0,0,I,TOWNS,STREET,2,21.0
101886,6,5,170,5,1,60.0,0,N,SMALL_CITIES,ROAD,2,16.0
101887,1,5,121,5,3,60.0,0,N,LARGE_PROVINCIAL_CITIES,STREET,2,20.0
101888,2,3,100,2,2,80.0,0,N,MELB_URBAN,HIGHWAY,2,6.0
101889,1,3,113,2,5,100.0,0,I,RURAL_VICTORIA,HIGHWAY,2,23.0
101890,1,6,111,1,3,80.0,0,I,MELB_URBAN,HIGHWAY,3,0.0
101891,2,6,102,1,3,60.0,1,N,MELB_URBAN,ROAD,3,0.0
101892,2,5,100,5,3,40.0,0,N,MELB_URBAN,STREET,3,1.0
101893,1,5,121,2,3,80.0,0,I,MELB_URBAN,HIGHWAY,2,23.0
101894,2,6,100,2,3,50.0,0,I,MELB_URBAN,OTHER,3,5.0
101895,2,6,99,5,3,60.0,0,N,MELB_URBAN,STREET,3,5.0
101896,7,1,99,5,1,60.0,0,N,RURAL_VICTORIA,ROAD,2,12.0
101897,6,6,99,5,3,80.0,1,N,RURAL_VICTORIA,STREET,3,1.0
101898,1,6,116,1,1,50.0,0,I,MELB_URBAN,STREET,3,7.0
101899,1,6,110,1,1,50.0,0,I,MELB_URBAN,AVENUE,3,7.0
101900,1,6,110,1,1,60.0,0,I,MELB_URBAN,STREET,3,7.0
101901,6,5,184,5,5,60.0,0,N,TOWNS,ROAD,2,22.0
101902,1,5,134,5,1,100.0,0,N,MELB_URBAN,FREEWAY,2,8.0
101903,1,5,121,1,1,80.0,0,I,MELB_URBAN,ROAD,2,15.0
101904,1,5,113,2,1,60.0,0,I,MELB_URBAN,ROAD,2,12.0
101905,2,2,99,5,1,60.0,0,N,MELB_URBAN,ROAD,2,15.0
101906,1,5,110,1,1,70.0,0,I,MELB_URBAN,ROAD,3,10.0
101907,7,5,99,2,1,60.0,0,I,RURAL_VICTORIA,ROAD,2,13.0
101908,1,6,111,2,1,60.0,0,I,SMALL_CITIES,STREET,3,10.0
101909,1,6,130,2,1,80.0,0,I,MELB_URBAN,ROAD,3,7.0
101910,2,6,100,5,1,40.0,0,N,LARGE_PROVINCIAL_CITIES,STREET,3,12.0
101911,7,6,99,5,1,100.0,0,N,RURAL_VICTORIA,ROAD,3,10.0
101912,1,6,147,5,1,50.0,0,N,MELB_URBAN,PARADE,3,12.0
101913,1,5,116,2,1,70.0,0,I,MELB_URBAN,ROAD,2,15.0
101914,1,6,110,1,1,100.0,0,I,RURAL_VICTORIA,HIGHWAY,3,11.0
101915,1,6,113,2,1,80.0,0,I,MELB_URBAN,ROAD,3,9.0
101916,1,6,134,5,1,60.0,0,N,MELB_URBAN,STREET,3,12.0
101917,1,6,113,2,1,100.0,0,I,SMALL_TOWNS,HIGHWAY,3,9.0
101918,1,6,113,2,1,60.0,0,I,MELB_URBAN,ROAD,3,13.0
101919,1,5,110,1,1,80.0,0,I,SMALL_CITIES,ROAD,3,10.0
101920,1,6,116,1,1,70.0,0,I,TOWNS,STREET,3,15.0
101921,1,6,130,5,9,60.0,0,I,MELB_URBAN,ROAD,3,16.0
101922,7,5,99,5,1,100.0,0,N,RURAL_VICTORIA,ROAD,1,17.0
101923,1,6,113,2,1,70.0,0,I,MELB_URBAN,ROAD,3,16.0
101924,2,5,102,5,3,50.0,0,N,MELB_URBAN,ROAD,2,21.0
101925,1,5,110,1,1,80.0,0,I,RURAL_VICTORIA,ROAD,3,16.0
101926,2,6,102,1,9,40.0,0,I,MELB_URBAN,ROAD,3,17.0
101927,7,6,99,5,1,110.0,0,N,RURAL_VICTORIA,FREEWAY,3,17.0
101928,1,6,121,2,1,70.0,0,I,MELB_URBAN,ROAD,3,18.0
101929,1,6,130,5,1,60.0,0,N,MELB_URBAN,STREET,3,15.0
101930,1,2,110,1,1,80.0,0,I,RURAL_VICTORIA,AVENUE,2,19.0
101931,1,6,113,2,3,50.0,0,I,SMALL_CITIES,DRIVE,3,20.0
101932,4,6,171,5,1,60.0,0,N,MELB_URBAN,ROAD,3,18.0
101933,1,6,110,1,3,50.0,0,I,MELB_URBAN,STREET,3,23.0
101934,6,6,184,5,1,80.0,0,N,RURAL_VICTORIA,ROAD,3,17.0
101935,1,6,120,5,3,60.0,0,N,MELB_URBAN,ROAD,3,2.0
101936,1,7,99,2,3,50.0,0,I,MELB_URBAN,OTHER,3,4.0
101937,1,6,121,1,1,60.0,0,I,MELB_URBAN,ROAD,3,13.0
101938,4,7,183,5,1,100.0,0,N,RURAL_VICTORIA,HIGHWAY,3,7.0
101939,1,6,130,5,1,50.0,0,N,RURAL_VICTORIA,STREET,3,10.0
101940,6,7,99,5,5,60.0,0,N,TOWNS,STREET,3,4.0
101941,1,3,130,1,1,60.0,0,I,MELB_URBAN,STREET,2,13.0
101942,1,7,160,5,2,70.0,0,N,MELB_URBAN,ROAD,3,6.0
101943,1,6,171,5,3,60.0,0,N,MELB_URBAN,ROAD,3,6.0
101944,1,7,113,2,1,50.0,0,I,MELB_URBAN,STREET,3,12.0
101945,2,7,102,2,1,60.0,0,I,MELB_URBAN,ROAD,3,8.0
101946,1,7,99,5,1,100.0,0,N,RURAL_VICTORIA,ROAD,3,9.0
101947,1,7,135,1,1,70.0,0,I,LARGE_PROVINCIAL_CITIES,UNKNOWN,3,12.0
101948,1,7,99,5,1,60.0,0,N,MELB_URBAN,ROAD,3,10.0
101949,1,4,130,5,1,100.0,0,N,MELB_URBAN,FREEWAY,2,17.0
101950,1,6,121,1,1,50.0,0,I,SMALL_CITIES,STREET,3,12.0
101951,1,5,113,2,1,50.0,0,I,MELB_URBAN,OTHER,2,9.0
101952,1,7,130,5,1,80.0,0,N,MELB_URBAN,HIGHWAY,3,12.0
101953,6,6,99,5,5,80.0,0,N,RURAL_VICTORIA,ROAD,3,23.0
101954,1,6,110,1,1,60.0,0,I,MELB_URBAN,ROAD,3,12.0
101955,6,6,174,5,1,50.0,0,N,MELB_URBAN,AVENUE,3,16.0
101956,1,6,135,5,1,110.0,0,N,RURAL_VICTORIA,FREEWAY,3,13.0
101957,4,7,173,5,1,100.0,0,N,RURAL_VICTORIA,ROAD,3,16.0
101958,1,7,113,1,1,60.0,0,I,MELB_URBAN,HIGHWAY,3,18.0
101959,6,7,174,5,1,50.0,0,N,MELB_URBAN,DRIVE,3,16.0
101960,4,7,171,2,1,60.0,0,N,MELB_URBAN,DRIVE,3,17.0
101961,1,6,130,2,2,70.0,0,N,MELB_URBAN,ROAD,3,19.0
101962,1,4,110,1,1,50.0,0,I,MELB_URBAN,STREET,2,16.0
101963,6,7,99,5,6,60.0,0,N,MELB_URBAN,STREET,3,21.0
101964,1,7,130,2,3,60.0,0,I,MELB_URBAN,ROAD,3,22.0
101965,7,7,99,2,3,60.0,0,I,LARGE_PROVINCIAL_CITIES,STREET,3,23.0
101966,1,1,99,5,3,50.0,0,N,MELB_URBAN,STREET,3,3.0
101967,1,7,134,2,1,100.0,0,I,RURAL_VICTORIA,HIGHWAY,3,10.0
101968,1,1,130,5,1,70.0,0,N,RURAL_VICTORIA,ROAD,3,10.0
101969,1,1,121,2,1,60.0,0,N,MELB_URBAN,ROAD,3,9.0
101970,1,7,130,2,1,50.0,0,I,MELB_URBAN,HIGHWAY,3,11.0
101971,4,1,171,5,1,50.0,0,N,LARGE_PROVINCIAL_CITIES,AVENUE,3,11.0
101972,4,1,173,5,1,60.0,0,N,MELB_URBAN,HIGHWAY,3,10.0
101973,2,1,99,5,1,60.0,0,N,MELB_URBAN,STREET,3,10.0
101974,6,1,174,5,5,100.0,0,N,RURAL_VICTORIA,ROAD,3,0.0
101975,7,1,99,5,1,100.0,0,N,RURAL_VICTORIA,ROAD,2,12.0
101976,1,1,110,1,1,60.0,0,I,TOWNS,HIGHWAY,3,9.0
101977,8,7,99,5,1,60.0,0,N,RURAL_VICTORIA,OTHER,3,12.0
101978,1,1,130,5,1,100.0,0,N,MELB_URBAN,FREEWAY,3,13.0
101979,7,0,99,5,5,80.0,0,N,RURAL_VICTORIA,ROAD,3,0.0
101980,5,1,99,5,1,100.0,0,N,RURAL_VICTORIA,OTHER,3,11.0
101981,1,6,111,1,1,60.0,0,I,MELB_URBAN,ROAD,3,13.0
101982,8,1,99,2,1,60.0,0,I,MELB_URBAN,STREET,3,16.0
101983,1,1,121,5,1,80.0,0,N,MELB_URBAN,ROAD,3,13.0
101984,1,1,147,5,1,50.0,0,N,MELB_URBAN,ROAD,3,13.0
101985,1,1,140,2,1,60.0,0,N,MELB_URBAN,STREET,3,17.0
101986,1,6,111,1,1,60.0,0,I,MELB_URBAN,ROAD,3,16.0
101987,1,1,134,1,1,40.0,0,N,MELBOURNE_CBD,STREET,3,18.0
101988,1,1,99,2,1,50.0,0,I,TOWNS,STREET,3,17.0
101989,4,6,171,5,1,50.0,0,N,MELB_URBAN,ROAD,3,13.0
101990,1,1,130,5,3,60.0,0,N,MELB_URBAN,ROAD,3,20.0
101991,1,1,110,1,6,60.0,0,I,LARGE_PROVINCIAL_CITIES,STREET,3,21.0
101992,4,1,173,5,3,60.0,0,N,MELB_URBAN,ROAD,3,22.0
101993,1,1,120,5,5,100.0,0,N,RURAL_VICTORIA,ROAD,3,22.0
101994,2,1,102,2,3,60.0,0,I,MELB_URBAN,ROAD,3,21.0
101995,1,0,99,5,5,60.0,0,N,MELB_URBAN,STREET,3,21.0
101996,1,2,130,5,1,80.0,0,N,MELB_URBAN,FREEWAY,3,7.0
101997,1,3,113,2,2,50.0,0,I,LARGE_PROVINCIAL_CITIES,STREET,2,19.0
101998,6,6,170,5,5,50.0,0,N,TOWNS,AVENUE,3,22.0
101999,1,2,121,2,1,60.0,0,I,MELB_URBAN,AVENUE,3,8.0
102000,1,1,121,2,1,60.0,0,I,MELB_URBAN,AVENUE,3,8.0
102001,1,2,130,1,1,60.0,0,N,MELB_URBAN,ROAD,3,8.0
102002,1,5,130,5,1,60.0,0,N,MELB_URBAN,ROAD,2,15.0
102003,1,2,130,1,1,60.0,0,I,MELB_URBAN,ROAD,3,8.0
102004,1,2,110,1,1,60.0,0,I,LARGE_PROVINCIAL_CITIES,STREET,3,9.0
102005,1,0,130,1,2,60.0,0,I,MELB_URBAN,STREET,3,19.0
102006,1,2,110,1,3,60.0,0,I,TOWNS,STREET,2,21.0
102007,1,7,113,1,1,50.0,0,I,MELBOURNE_CBD,STREET,3,12.0
102008,2,6,100,5,1,50.0,0,N,LARGE_PROVINCIAL_CITIES,STREET,2,8.0
102009,1,4,130,5,2,100.0,0,N,MELB_URBAN,FREEWAY,2,6.0
102010,1,5,121,5,2,80.0,0,N,MELB_URBAN,ROAD,2,19.0
102011,2,2,99,5,1,40.0,0,N,MELB_URBAN,ROAD,3,11.0
102012,1,2,116,2,1,60.0,0,I,MELB_URBAN,ROAD,3,6.0
102013,1,2,99,5,5,60.0,0,N,MELB_URBAN,ROAD,3,6.0
102014,1,2,110,1,2,100.0,0,I,RURAL_VICTORIA,ROAD,3,6.0
102015,5,6,183,2,9,60.0,0,N,MELB_URBAN,ROAD,3,21.0
102016,1,2,120,5,1,60.0,0,N,MELB_URBAN,ROAD,3,11.0
102017,1,2,130,5,1,70.0,0,N,MELB_URBAN,ROAD,3,9.0
102018,1,2,113,1,1,60.0,0,I,MELB_URBAN,STREET,3,11.0
102019,4,2,171,2,1,100.0,0,I,MELB_URBAN,UNKNOWN,3,14.0
102020,1,2,130,5,1,60.0,0,N,SMALL_CITIES,ROAD,3,16.0
102021,1,1,163,5,1,50.0,0,N,MELB_URBAN,STREET,1,10.0
102022,2,2,99,5,1,40.0,0,N,MELB_URBAN,ROAD,3,15.0
102023,1,1,99,5,1,70.0,0,N,MELB_URBAN,ROAD,3,17.0
102024,1,2,130,5,1,60.0,0,N,MELB_URBAN,ROAD,3,16.0
102025,1,5,121,1,3,60.0,0,I,MELB_URBAN,HIGHWAY,2,22.0
102026,1,2,121,1,1,80.0,0,I,LARGE_PROVINCIAL_CITIES,ROAD,3,17.0
102027,4,2,99,5,1,60.0,0,N,MELB_URBAN,ROAD,3,18.0
102028,1,2,120,2,1,60.0,0,N,MELB_URBAN,ROAD,3,18.0
102029,1,1,110,1,1,50.0,0,I,LARGE_PROVINCIAL_CITIES,STREET,3,15.0
102030,1,1,120,2,3,90.0,0,I,RURAL_VICTORIA,ROAD,3,22.0
102031,1,0,140,5,1,60.0,0,N,MELB_URBAN,ROAD,1,12.0
102032,2,3,102,2,3,50.0,0,I,LARGE_PROVINCIAL_CITIES,STREET,3,6.0
102033,1,3,110,1,2,70.0,0,I,MELB_URBAN,ROAD,3,6.0
102034,1,1,132,5,2,60.0,0,N,MELB_URBAN,AVENUE,3,18.0
102035,1,1,110,1,9,50.0,0,I,LARGE_PROVINCIAL_CITIES,STREET,4,16.0
102036,1,4,130,2,1,70.0,0,I,MELB_URBAN,ROAD,2,8.0
102037,4,3,181,5,1,80.0,0,N,MELB_URBAN,RAMP,3,8.0
102038,1,1,147,5,1,60.0,0,N,MELB_URBAN,STREET,3,16.0
102039,1,3,121,5,1,60.0,0,N,SMALL_CITIES,STREET,3,10.0
102040,1,3,130,5,1,110.0,0,N,SMALL_CITIES,FREEWAY,3,8.0
102041,1,2,130,2,1,70.0,0,I,MELB_URBAN,ROAD,3,8.0
102042,1,3,99,2,1,60.0,0,I,MELB_URBAN,ROAD,3,11.0
102043,1,2,113,1,1,80.0,0,I,MELB_URBAN,STREET,3,7.0
102044,1,2,111,2,1,60.0,0,I,LARGE_PROVINCIAL_CITIES,ROAD,3,15.0
102045,1,6,130,5,9,60.0,0,N,MELB_URBAN,ROAD,1,12.0
102046,1,3,130,5,1,60.0,0,N,MELB_URBAN,STREET,3,11.0
102047,4,2,183,5,1,60.0,0,N,SMALL_TOWNS,ROAD,3,8.0
102048,1,3,99,5,1,50.0,0,N,MELB_URBAN,STREET,3,10.0
102049,1,2,110,1,1,50.0,0,N,MELB_URBAN,STREET,3,10.0
102050,8,2,174,5,1,50.0,0,N,SMALL_CITIES,DRIVE,3,12.0
102051,1,1,132,1,1,40.0,0,I,MELB_URBAN,ROAD,3,12.0
102052,1,2,110,1,1,100.0,0,I,RURAL_VICTORIA,ROAD,3,12.0
102053,1,3,120,5,1,70.0,0,N,MELB_URBAN,HIGHWAY,3,7.0
102054,7,2,99,2,1,50.0,0,N,MELB_URBAN,AVENUE,3,18.0
102055,1,2,130,5,1,100.0,0,N,MELB_URBAN,FREEWAY,3,17.0
102056,2,2,99,5,1,30.0,0,N,MELB_URBAN,UNKNOWN,3,14.0
102057,7,6,99,5,6,60.0,0,N,RURAL_VICTORIA,HIGHWAY,3,21.0
102058,1,3,130,2,1,40.0,0,I,MELB_URBAN,STREET,3,13.0
102059,4,2,171,5,1,80.0,0,N,MELB_URBAN,OTHER,3,15.0
102060,1,3,121,1,1,50.0,0,I,MELB_URBAN,STREET,3,18.0
102061,1,3,116,2,1,50.0,0,I,MELB_URBAN,AVENUE,3,18.0
102062,1,3,113,2,1,60.0,0,I,LARGE_PROVINCIAL_CITIES,AVENUE,3,18.0
102063,1,2,130,2,1,60.0,0,N,MELB_URBAN,ROAD,3,17.0
102064,1,3,116,2,2,50.0,0,I,MELB_URBAN,STREET,3,19.0
102065,1,1,130,2,1,60.0,0,I,MELB_URBAN,STREET,3,15.0
102066,1,3,120,5,1,60.0,0,N,MELB_URBAN,ROAD,3,16.0
102067,1,3,130,5,5,110.0,0,N,RURAL_VICTORIA,RAMP,3,4.0
102068,2,4,99,5,1,60.0,0,N,RURAL_VICTORIA,ROAD,2,18.0
102069,1,3,110,1,1,50.0,0,I,MELB_URBAN,STREET,3,8.0
102070,4,3,171,5,1,100.0,0,N,RURAL_VICTORIA,ROAD,3,16.0
102071,1,1,130,1,9,70.0,0,I,MELB_URBAN,ROAD,2,16.0
102072,2,3,102,5,1,50.0,0,N,MELB_URBAN,STREET,3,8.0
102073,1,4,130,5,1,100.0,0,N,MELB_URBAN,FREEWAY,3,7.0
102074,1,4,99,5,1,50.0,0,N,MELB_URBAN,DRIVE,3,9.0
102075,2,3,99,2,1,40.0,0,N,LARGE_PROVINCIAL_CITIES,ROAD,3,8.0
102076,1,2,130,5,1,60.0,0,N,MELB_URBAN,ROAD,3,17.0
102077,3,4,167,5,1,100.0,0,N,RURAL_VICTORIA,ROAD,3,8.0
102078,1,4,113,2,1,70.0,0,I,LARGE_PROVINCIAL_CITIES,OTHER,3,8.0
102079,1,4,113,2,1,70.0,0,I,RURAL_VICTORIA,ROAD,3,10.0
102080,1,4,110,1,1,60.0,0,I,SMALL_TOWNS,STREET,3,11.0
102081,1,3,120,2,1,60.0,0,N,MELB_URBAN,ROAD,3,13.0
102082,1,4,99,2,1,80.0,0,I,MELB_URBAN,ROAD,3,14.0
102083,2,1,100,1,1,60.0,0,I,MELB_URBAN,ROAD,2,16.0
102084,2,4,99,5,1,50.0,0,N,SMALL_CITIES,DRIVE,3,14.0
102085,4,3,99,5,1,60.0,0,N,SMALL_TOWNS,PARADE,3,14.0
102086,4,4,173,5,1,80.0,0,N,MELB_URBAN,HIGHWAY,3,12.0
102087,1,4,130,1,1,70.0,0,I,MELB_URBAN,ROAD,3,14.0
102088,4,3,99,5,1,50.0,0,N,SMALL_CITIES,STREET,3,15.0
102089,1,4,110,1,1,60.0,0,I,RURAL_VICTORIA,ROAD,3,16.0
102090,4,1,173,5,1,100.0,0,N,RURAL_VICTORIA,ROAD,3,5.0
102091,1,4,163,5,1,40.0,0,N,MELB_URBAN,ROAD,3,18.0
102092,1,4,130,2,1,80.0,0,N,MELB_URBAN,HIGHWAY,3,15.0
102093,1,3,160,5,3,60.0,0,N,MELB_URBAN,ROAD,3,20.0
102094,2,3,99,5,1,40.0,0,N,MELB_URBAN,STREET,3,17.0
102095,1,4,130,2,1,60.0,0,I,MELB_URBAN,ROAD,3,15.0
102096,1,4,120,5,1,80.0,0,N,MELB_URBAN,HIGHWAY,3,17.0