,accident_type,day_of_week,dca_code,road_geometry,light_condition,speed_zone,severity,node_type,deg_urban_name,road_type,month,hour
102097,1,4,99,1,1,60.0,0,I,MELB_URBAN,PARADE,2,11.0
102098,1,2,113,2,1,60.0,0,I,RURAL_VICTORIA,ROAD,3,6.0
102099,7,5,99,2,4,60.0,0,I,MELB_URBAN,ROAD,3,1.0
102100,4,4,181,5,3,80.0,0,N,MELB_URBAN,ROAD,3,2.0
102101,1,5,130,5,6,50.0,0,N,MELB_URBAN,STREET,3,0.0
102102,4,4,181,5,3,60.0,0,N,MELB_URBAN,ROAD,3,6.0
102103,1,5,135,5,6,100.0,0,N,MELB_URBAN,FREEWAY,3,4.0
102104,1,3,121,2,1,60.0,0,I,MELB_URBAN,ROAD,3,17.0
102105,4,4,173,5,1,100.0,0,N,RURAL_VICTORIA,HIGHWAY,3,16.0
102106,1,4,130,5,1,70.0,0,N,LARGE_PROVINCIAL_CITIES,ROAD,3,9.0
102107,1,4,110,1,1,50.0,0,I,MELB_URBAN,STREET,3,16.0
102108,1,5,116,2,1,40.0,0,N,MELB_URBAN,STREET,3,8.0
102109,1,0,132,5,1,60.0,0,N,MELB_URBAN,UNKNOWN,3,13.0
102110,1,5,110,1,5,60.0,0,I,MELB_URBAN,ROAD,3,6.0
102111,1,5,130,5,1,100.0,0,N,MELB_URBAN,ROAD,3,8.0
102112,1,5,99,2,1,80.0,0,I,MELB_URBAN,ROAD,3,9.0
102113,1,6,130,2,1,60.0,0,I,MELB_URBAN,HIGHWAY,3,19.0
102114,1,5,99,2,1,80.0,0,I,MELB_URBAN,ROAD,3,8.0
102115,1,4,135,1,9,60.0,0,I,MELB_URBAN,STREET,9,12.0
102116,1,5,121,5,1,60.0,0,UNKNOWN,UNKNOWN,UNKNOWN,3,12.0
102117,1,5,121,2,1,60.0,0,I,MELB_URBAN,STREET,3,7.0
102118,1,5,163,5,1,40.0,0,N,LARGE_PROVINCIAL_CITIES,STREET,3,13.0
102119,1,5,110,1,6,50.0,0,I,MELB_URBAN,STREET,3,6.0
102120,1,5,130,5,1,80.0,0,N,MELB_URBAN,HIGHWAY,3,13.0
102121,1,5,110,1,1,50.0,0,I,LARGE_PROVINCIAL_CITIES,ROAD,3,10.0
102122,1,4,110,1,1,70.0,0,N,MELB_URBAN,ROAD,3,13.0
102123,1,4,121,2,1,60.0,0,I,MELB_URBAN,HIGHWAY,3,7.0
102124,7,7,99,1,1,80.0,0,I,MELB_URBAN,ROAD,2,11.0
102125,6,5,99,5,1,60.0,0,N,LARGE_PROVINCIAL_CITIES,STREET,3,12.0
102126,1,5,121,2,1,60.0,0,I,MELB_URBAN,OTHER,3,14.0
102127,1,5,113,2,1,60.0,0,I,MELB_URBAN,ROAD,3,12.0
102128,1,5,121,4,1,60.0,0,I,SMALL_CITIES,ROAD,3,16.0
102129,1,2,99,2,1,80.0,0,I,MELB_URBAN,ROAD,3,15.0
102130,1,5,120,5,1,40.0,0,N,MELB_URBAN,STREET,3,17.0
102131,1,5,113,2,1,80.0,0,I,SMALL_TOWNS,ROAD,3,17.0
102132,4,7,183,5,1,100.0,0,N,RURAL_VICTORIA,ROAD,3,7.0
102133,6,5,99,2,5,80.0,0,I,RURAL_VICTORIA,ROAD,3,5.0
102134,1,5,99,1,3,50.0,0,I,MELB_URBAN,STREET,3,6.0
102135,2,4,99,5,3,50.0,0,N,TOWNS,STREET,3,19.0
102136,8,5,99,5,1,50.0,0,N,LARGE_PROVINCIAL_CITIES,STREET,3,18.0
102137,7,5,170,5,3,60.0,0,N,MELB_URBAN,ROAD,3,20.0
102138,1,5,130,5,5,100.0,0,N,RURAL_VICTORIA,ROAD,3,21.0
102139,4,5,171,5,3,50.0,0,N,MELB_URBAN,ROAD,3,20.0
102140,1,5,134,2,1,100.0,0,N,MELB_URBAN,RAMP,3,18.0
102141,1,5,110,1,3,60.0,0,I,MELB_URBAN,ROAD,3,23.0
102142,1,5,130,5,3,100.0,0,N,MELB_URBAN,FREEWAY,3,21.0
102143,7,5,99,5,3,50.0,0,N,MELB_URBAN,STREET,3,0.0
102144,2,4,99,5,3,60.0,0,N,MELB_URBAN,HIGHWAY,3,23.0
102145,1,6,111,2,1,80.0,0,I,MELB_URBAN,ROAD,3,8.0
102146,1,5,99,1,9,60.0,0,I,MELB_URBAN,DRIVE,3,19.0
102147,1,6,121,5,1,60.0,0,N,MELB_URBAN,ROAD,3,10.0
102148,1,6,140,5,1,60.0,0,N,MELB_URBAN,ROAD,3,9.0
102149,1,5,130,2,1,70.0,0,I,LARGE_PROVINCIAL_CITIES,OTHER,3,10.0
102150,2,3,99,5,5,60.0,0,N,MELB_URBAN,STREET,3,21.0
102151,1,5,121,2,3,60.0,0,I,MELB_URBAN,STREET,3,22.0
102152,1,6,121,2,1,40.0,0,I,MELB_URBAN,STREET,3,11.0
102153,4,6,171,5,1,100.0,0,N,MELB_URBAN,ROAD,3,9.0
102154,4,6,171,5,5,60.0,0,N,RURAL_VICTORIA,ROAD,1,22.0
102155,1,5,130,5,9,60.0,0,N,MELB_URBAN,STREET,3,8.0
102156,1,3,121,2,1,60.0,0,I,MELB_URBAN,ROAD,10,17.0
102157,1,6,113,2,2,70.0,0,I,MELB_URBAN,ROAD,3,6.0
102158,1,6,130,5,1,80.0,0,N,MELB_URBAN,OTHER,3,14.0
102159,1,5,130,1,1,60.0,0,I,MELB_URBAN,ROAD,3,13.0
102160,1,5,134,5,1,100.0,0,N,MELB_URBAN,FREEWAY,3,6.0
102161,1,4,121,2,3,80.0,0,N,MELB_URBAN,FREEWAY,3,6.0
102162,2,6,99,5,1,40.0,0,N,SMALL_CITIES,STREET,3,8.0
102163,2,5,99,2,1,60.0,0,I,SMALL_CITIES,STREET,3,14.0
102164,1,6,133,5,1,80.0,0,N,MELB_URBAN,ROAD,3,11.0
102165,4,6,183,5,1,80.0,0,N,RURAL_VICTORIA,ROAD,3,12.0
102166,1,6,140,5,1,60.0,0,N,MELB_URBAN,STREET,3,16.0
102167,1,6,99,2,1,70.0,0,I,MELB_URBAN,ROAD,3,7.0
102168,1,6,121,1,1,60.0,0,I,MELB_URBAN,STREET,3,15.0
102169,1,5,130,2,1,40.0,0,N,MELB_URBAN,STREET,3,9.0
102170,1,5,130,5,1,100.0,0,N,MELB_URBAN,UNKNOWN,3,17.0
102171,1,5,121,2,1,60.0,0,I,MELB_URBAN,ROAD,3,19.0
102172,1,5,121,2,1,80.0,0,I,MELB_URBAN,STREET,3,17.0
102173,4,5,171,5,1,100.0,0,N,RURAL_VICTORIA,ROAD,3,15.0
102174,4,6,181,5,1,100.0,0,N,RURAL_VICTORIA,ROAD,3,13.0
102175,7,6,99,5,2,60.0,0,N,RURAL_VICTORIA,ROAD,3,16.0
102176,1,1,121,2,1,60.0,0,I,MELB_URBAN,ROAD,3,12.0
102177,1,7,99,2,3,50.0,0,N,MELB_URBAN,STREET,3,0.0
102178,4,6,171,5,2,110.0,0,N,RURAL_VICTORIA,FREEWAY,3,19.0
102179,1,6,160,5,3,60.0,0,N,MELB_URBAN,AVENUE,3,23.0
102180,4,7,171,1,3,60.0,0,I,MELB_URBAN,ROAD,3,2.0
102181,8,6,174,5,5,100.0,0,N,MELB_URBAN,FREEWAY,3,23.0
102182,4,7,183,1,3,60.0,0,I,SMALL_TOWNS,HIGHWAY,3,4.0
102183,1,7,99,5,3,40.0,0,N,MELB_URBAN,STREET,3,5.0
102184,1,4,99,5,1,60.0,0,N,MELB_URBAN,ROAD,2,8.0
102185,1,7,99,5,1,80.0,0,N,MELB_URBAN,RAMP,3,12.0
102186,1,6,113,2,1,60.0,0,I,MELB_URBAN,OTHER,3,10.0
102187,1,7,130,2,1,60.0,0,N,MELB_URBAN,STREET,3,12.0
102188,1,7,99,2,1,80.0,0,N,MELB_URBAN,HIGHWAY,3,9.0
102189,1,6,134,5,2,100.0,0,N,RURAL_VICTORIA,RAMP,3,19.0
102190,1,1,130,5,1,40.0,0,N,MELB_URBAN,ROAD,2,11.0
102191,7,4,99,5,1,60.0,0,N,MELB_URBAN,RAMP,3,10.0
102192,1,7,140,5,1,50.0,0,N,MELB_URBAN,BOULEVARD,3,13.0
102193,1,5,110,1,1,40.0,0,I,LARGE_PROVINCIAL_CITIES,STREET,3,15.0
102194,1,7,130,5,1,100.0,0,N,MELB_URBAN,FREEWAY,3,11.0
102195,1,3,130,2,1,40.0,0,I,MELB_URBAN,AVENUE,3,18.0
102196,6,6,99,2,1,60.0,0,I,MELB_URBAN,ROAD,3,13.0
102197,1,7,120,5,1,100.0,0,N,SMALL_TOWNS,ROAD,3,10.0
102198,1,3,110,1,1,60.0,0,I,SMALL_CITIES,STREET,3,17.0
102199,1,7,130,1,1,60.0,0,I,MELB_URBAN,STREET,3,12.0
102200,1,7,160,1,1,50.0,0,I,MELB_URBAN,STREET,3,16.0
102201,1,6,110,1,1,60.0,0,I,TOWNS,STREET,3,18.0
102202,4,7,183,5,1,60.0,0,N,SMALL_CITIES,ROAD,3,16.0
102203,4,7,99,5,1,80.0,0,N,RURAL_VICTORIA,ROAD,3,17.0
102204,4,7,173,5,2,80.0,0,N,RURAL_VICTORIA,ROAD,3,20.0
102205,4,7,99,5,3,100.0,0,N,MELB_URBAN,RAMP,3,20.0
102206,1,6,121,1,1,80.0,0,I,MELB_URBAN,ROAD,3,18.0
102207,1,7,130,2,6,60.0,0,I,MELB_URBAN,ROAD,3,2.0
102208,8,6,170,5,1,60.0,0,N,MELB_URBAN,ROAD,3,18.0
102209,1,7,120,5,5,100.0,0,N,RURAL_VICTORIA,ROAD,3,22.0
102210,1,7,121,2,3,80.0,0,I,MELB_URBAN,ROAD,3,22.0
102211,1,7,120,5,3,60.0,0,N,SMALL_CITIES,HIGHWAY,3,22.0
102212,4,1,171,5,3,50.0,0,N,MELB_URBAN,DRIVE,3,2.0
102213,4,7,171,5,1,50.0,0,N,MELB_URBAN,DRIVE,3,12.0
102214,1,6,113,2,1,80.0,0,N,RURAL_VICTORIA,HIGHWAY,3,12.0
102215,1,7,99,2,1,50.0,0,I,TOWNS,STREET,3,17.0
102216,4,1,171,5,3,60.0,0,N,MELB_URBAN,STREET,3,6.0
102217,1,1,99,5,3,50.0,1,I,MELB_URBAN,AVENUE,3,5.0
102218,1,1,99,2,1,80.0,0,I,RURAL_VICTORIA,ROAD,3,13.0
102219,6,1,184,5,1,100.0,0,N,RURAL_VICTORIA,ROAD,3,13.0
102220,1,1,113,1,1,60.0,0,I,MELB_URBAN,ROAD,3,11.0
102221,1,1,110,1,1,80.0,0,I,MELB_URBAN,HIGHWAY,3,13.0
102222,1,1,110,1,1,100.0,0,I,RURAL_VICTORIA,ROAD,3,13.0
102223,6,3,99,5,1,70.0,0,N,SMALL_CITIES,ROAD,3,19.0
102224,1,0,99,2,1,40.0,0,I,MELB_URBAN,ROAD,3,11.0
102225,1,1,130,5,1,80.0,0,N,MELB_URBAN,HIGHWAY,3,14.0
102226,4,1,181,5,1,100.0,0,N,RURAL_VICTORIA,ROAD,3,10.0
102227,4,7,171,2,1,60.0,0,N,MELB_URBAN,ROAD,3,18.0
102228,1,1,135,5,3,100.0,0,N,MELB_URBAN,ROAD,3,20.0
102229,1,1,99,5,1,40.0,0,N,LARGE_PROVINCIAL_CITIES,PARADE,3,15.0
102230,1,7,113,2,1,80.0,0,I,MELB_URBAN,ROAD,3,18.0
102231,7,1,99,5,1,50.0,1,N,MELB_URBAN,OTHER,3,18.0
102232,4,0,171,5,5,60.0,0,N,MELB_URBAN,STREET,3,22.0
102233,1,0,130,5,1,40.0,0,N,MELB_URBAN,STREET,3,11.0
102234,4,1,173,1,3,80.0,0,N,MELB_URBAN,ROAD,3,22.0
102235,1,1,99,5,5,100.0,0,N,MELB_URBAN,FREEWAY,3,21.0
102236,6,1,170,2,3,50.0,0,I,MELB_URBAN,OTHER,3,22.0
102237,1,0,110,1,3,50.0,0,I,TOWNS,STREET,3,23.0
102238,1,2,121,2,1,60.0,0,I,MELB_URBAN,ROAD,3,11.0
102239,1,7,135,2,1,50.0,0,I,MELB_URBAN,ROAD,3,8.0
102240,1,1,110,1,1,50.0,0,I,TOWNS,STREET,3,11.0
102241,1,2,121,1,1,60.0,0,I,MELB_URBAN,STREET,3,10.0
102242,2,1,100,1,1,50.0,0,I,SMALL_CITIES,STREET,3,11.0
102243,1,1,130,5,3,70.0,0,N,MELB_URBAN,ROAD,3,20.0
102244,1,2,110,1,1,70.0,0,I,MELB_URBAN,ROAD,3,11.0
102245,1,2,113,2,1,50.0,0,I,MELB_URBAN,STREET,3,9.0
102246,4,2,99,5,1,80.0,0,N,MELB_URBAN,ROAD,3,12.0
102247,1,6,99,2,1,60.0,0,I,MELB_URBAN,STREET,3,8.0
102248,1,2,113,1,1,80.0,0,I,MELB_URBAN,ROAD,3,8.0
102249,4,3,173,5,1,80.0,0,N,MELB_URBAN,HIGHWAY,3,13.0
102250,6,1,99,5,1,50.0,0,N,SMALL_CITIES,ROAD,3,13.0
102251,1,2,160,5,1,50.0,0,N,SMALL_CITIES,STREET,3,13.0
102252,4,2,171,5,1,100.0,0,N,RURAL_VICTORIA,ROAD,3,11.0
102253,4,1,171,5,1,60.0,0,N,MELB_URBAN,AVENUE,3,14.0
102254,1,2,130,1,1,80.0,0,I,MELB_URBAN,ROAD,3,14.0
102255,1,1,140,5,1,100.0,0,N,MELB_URBAN,FREEWAY,3,19.0
102256,1,1,121,1,1,60.0,0,I,MELB_URBAN,STREET,3,10.0
102257,1,2,99,2,1,40.0,0,I,MELB_URBAN,STREET,3,16.0
102258,1,2,111,2,1,60.0,0,N,MELB_URBAN,ROAD,3,13.0
102259,1,2,130,5,1,100.0,0,N,MELB_URBAN,FREEWAY,3,13.0
102260,1,1,132,2,2,80.0,0,I,RURAL_VICTORIA,ROAD,3,18.0
102261,1,2,110,1,1,60.0,0,I,MELB_URBAN,AVENUE,3,16.0
102262,1,2,110,1,1,40.0,0,I,MELBOURNE_CBD,OTHER,3,18.0
102263,1,2,110,1,1,40.0,0,I,TOWNS,STREET,3,18.0
102264,4,2,171,5,1,80.0,0,N,RURAL_VICTORIA,ROAD,3,16.0
102265,1,2,113,2,3,50.0,0,I,MELB_URBAN,STREET,3,20.0
102266,4,2,171,5,3,60.0,0,N,MELB_URBAN,HIGHWAY,3,20.0
102267,1,2,99,5,1,60.0,0,N,MELB_URBAN,ROAD,3,19.0
102268,4,1,171,5,1,100.0,0,N,RURAL_VICTORIA,ROAD,3,18.0
102269,1,4,110,1,2,60.0,0,I,LARGE_PROVINCIAL_CITIES,STREET,3,18.0
102270,1,1,121,1,3,60.0,0,I,MELB_URBAN,ROAD,3,23.0
102271,2,2,102,5,3,40.0,0,N,MELB_URBAN,STREET,3,2.0
102272,1,1,110,1,3,70.0,0,N,RURAL_VICTORIA,ROAD,3,23.0
102273,2,3,102,5,3,60.0,0,N,MELB_URBAN,STREET,3,6.0
102274,2,2,99,2,3,40.0,0,I,MELB_URBAN,STREET,3,0.0
102275,2,2,99,2,1,60.0,0,I,SMALL_CITIES,ROAD,3,16.0
102276,7,3,99,5,1,60.0,0,I,LARGE_PROVINCIAL_CITIES,ROAD,3,7.0
102277,1,3,130,5,2,100.0,0,N,RURAL_VICTORIA,FREEWAY,3,6.0
102278,1,3,121,1,1,30.0,0,I,MELB_URBAN,STREET,3,8.0
102279,2,7,99,5,3,60.0,0,N,MELB_URBAN,STREET,3,1.0
102280,1,6,121,2,1,80.0,0,I,MELB_URBAN,ROAD,3,11.0
102281,1,3,133,5,1,100.0,0,N,RURAL_VICTORIA,ROAD,3,9.0
102282,2,3,100,1,1,60.0,0,I,MELB_URBAN,STREET,3,10.0
102283,1,3,147,5,1,60.0,0,N,MELB_URBAN,ROAD,3,8.0
102284,1,6,130,1,1,60.0,0,I,SMALL_CITIES,STREET,1,15.0
102285,1,3,130,5,1,60.0,0,N,MELB_URBAN,ROAD,2,8.0
102286,1,3,140,5,1,80.0,0,N,MELB_URBAN,ROAD,3,10.0
102287,1,2,120,5,1,100.0,1,N,RURAL_VICTORIA,HIGHWAY,3,16.0
102288,6,3,174,5,1,60.0,0,N,RURAL_VICTORIA,UNKNOWN,2,17.0
102289,1,2,110,1,1,50.0,0,I,SMALL_CITIES,STREET,3,8.0
102290,4,3,99,5,1,80.0,0,N,MELB_URBAN,HIGHWAY,3,12.0
102291,1,2,133,1,1,40.0,0,I,MELB_URBAN,STREET,3,13.0
102292,8,2,184,5,5,60.0,0,N,MELB_URBAN,ROAD,3,19.0
102293,1,3,160,5,1,60.0,0,N,LARGE_PROVINCIAL_CITIES,ROAD,3,10.0
102294,1,3,120,5,1,60.0,0,N,MELB_URBAN,STREET,3,11.0
102295,6,1,184,5,1,80.0,0,N,RURAL_VICTORIA,ROAD,3,16.0
102296,1,3,113,2,1,60.0,0,I,MELB_URBAN,AVENUE,3,9.0
102297,1,3,130,2,1,60.0,0,I,MELB_URBAN,ROAD,3,14.0
102298,1,3,171,5,1,50.0,0,N,MELB_URBAN,STREET,3,14.0
102299,4,1,183,5,3,60.0,0,N,TOWNS,STREET,3,1.0
102300,1,2,110,1,1,60.0,0,I,MELB_URBAN,ROAD,3,18.0
102301,8,7,99,5,1,60.0,0,N,RURAL_VICTORIA,OTHER,3,17.0
102302,4,3,171,5,1,80.0,0,N,MELB_URBAN,RAMP,3,13.0
102303,6,3,99,5,1,100.0,0,N,RURAL_VICTORIA,OTHER,3,11.0
102304,2,3,102,5,1,40.0,0,N,MELB_URBAN,ROAD,3,15.0
102305,1,3,113,2,1,80.0,0,N,RURAL_VICTORIA,ROAD,3,16.0
102306,1,2,135,1,1,60.0,0,I,MELB_URBAN,ROAD,3,16.0
102307,2,2,99,5,3,60.0,0,N,MELB_URBAN,HIGHWAY,3,20.0
102308,4,3,181,5,5,80.0,0,N,RURAL_VICTORIA,ROAD,3,19.0
102309,1,3,121,2,1,50.0,0,I,MELB_URBAN,OTHER,3,15.0
102310,1,3,130,5,1,80.0,0,N,MELB_URBAN,RAMP,3,18.0
102311,1,1,130,1,6,60.0,0,I,MELB_URBAN,AVENUE,3,0.0
102312,8,3,99,5,1,100.0,1,N,RURAL_VICTORIA,ROAD,3,18.0
102313,1,4,111,2,1,80.0,0,I,MELB_URBAN,ROAD,3,5.0
102314,1,3,120,2,2,50.0,0,I,MELB_URBAN,ROAD,3,6.0
102315,1,4,121,1,1,60.0,0,I,MELB_URBAN,RAMP,3,6.0
102316,1,4,130,2,1,60.0,0,I,TOWNS,ROAD,3,8.0
102317,1,5,133,5,3,40.0,0,N,MELB_URBAN,STREET,10,19.0
102318,1,4,99,2,1,60.0,0,I,MELB_URBAN,ROAD,3,9.0
102319,1,4,99,5,1,80.0,0,N,MELB_URBAN,ROAD,3,9.0
102320,2,4,99,2,1,60.0,0,I,MELB_URBAN,PARADE,3,11.0
102321,4,4,173,5,1,80.0,0,N,MELB_URBAN,ROAD,3,10.0
102322,1,3,140,2,1,50.0,0,I,MELB_URBAN,DRIVE,3,11.0
102323,1,3,130,5,1,80.0,0,N,MELB_URBAN,ROAD,2,16.0
102324,1,3,133,2,1,40.0,0,I,MELB_URBAN,STREET,3,13.0
102325,1,3,121,2,1,80.0,0,I,MELB_URBAN,ROAD,3,14.0
102326,4,4,173,1,1,60.0,0,N,MELB_URBAN,STREET,3,13.0
102327,4,4,171,5,1,100.0,0,N,RURAL_VICTORIA,ROAD,3,8.0
102328,1,4,132,2,1,60.0,0,N,MELB_URBAN,ROAD,3,13.0
102329,1,4,147,5,1,60.0,0,N,MELB_URBAN,DRIVE,3,14.0
102330,1,4,110,1,1,80.0,0,I,MELB_URBAN,ROAD,3,14.0
102331,4,4,99,4,1,60.0,0,I,TOWNS,ROAD,3,14.0
102332,1,3,140,5,1,50.0,0,N,MELB_URBAN,BOULEVARD,3,14.0
102333,1,4,130,5,1,100.0,0,N,MELB_URBAN,ROAD,3,16.0
102334,2,4,99,5,1,60.0,0,N,MELB_URBAN,ROAD,3,16.0
102335,1,4,116,1,1,60.0,0,I,SMALL_CITIES,STREET,3,15.0
102336,1,3,130,2,1,80.0,0,I,MELB_URBAN,HIGHWAY,3,19.0
102337,1,3,121,5,1,60.0,0,N,MELB_URBAN,ROAD,3,14.0
102338,1,3,134,5,2,60.0,0,N,MELB_URBAN,ROAD,3,18.0
102339,1,3,99,5,1,50.0,0,N,MELB_URBAN,STREET,3,18.0
102340,4,3,171,5,5,100.0,0,N,RURAL_VICTORIA,ROAD,3,22.0
102341,1,4,130,5,5,110.0,0,N,RURAL_VICTORIA,FREEWAY,3,22.0
102342,4,4,183,5,1,80.0,0,N,RURAL_VICTORIA,ROAD,3,19.0
102343,4,4,171,2,3,50.0,0,N,MELB_URBAN,AVENUE,3,3.0
102344,1,5,134,5,1,100.0,0,N,MELB_URBAN,UNKNOWN,3,7.0
102345,7,4,99,1,1,50.0,0,I,SMALL_CITIES,STREET,3,16.0
102346,1,5,130,5,2,80.0,0,N,MELB_URBAN,FREEWAY,3,6.0
102347,1,5,130,5,1,100.0,0,N,MELB_URBAN,FREEWAY,3,8.0
102348,1,5,130,5,1,50.0,0,N,SMALL_CITIES,AVENUE,3,10.0
102349,2,3,100,5,1,60.0,0,N,MELB_URBAN,HIGHWAY,3,17.0
102350,1,5,130,2,1,80.0,0,I,MELB_URBAN,ROAD,3,9.0
102351,1,4,121,2,2,100.0,0,I,RURAL_VICTORIA,ROAD,3,7.0
102352,1,4,135,2,1,60.0,0,I,MELB_URBAN,ROAD,3,10.0
102353,1,2,130,5,1,60.0,0,N,MELB_URBAN,OTHER,10,12.0
102354,1,4,110,1,1,60.0,0,I,SMALL_CITIES,STREET,1,11.0
102355,1,4,134,2,1,60.0,0,I,MELB_URBAN,STREET,3,11.0
102356,1,5,130,2,1,70.0,0,I,TOWNS,HIGHWAY,3,10.0
102357,1,4,147,5,1,50.0,0,N,MELB_URBAN,STREET,3,8.0
102358,1,4,130,5,1,80.0,0,N,RURAL_VICTORIA,ROAD,3,11.0
102359,1,3,111,2,6,50.0,0,I,MELB_URBAN,OTHER,3,19.0
102360,4,4,171,5,1,100.0,0,N,SMALL_TOWNS,ROAD,3,15.0
102361,1,4,121,1,1,50.0,0,I,MELB_URBAN,STREET,3,15.0
102362,1,5,110,1,1,100.0,0,I,RURAL_VICTORIA,HIGHWAY,3,10.0
102363,2,5,102,1,1,40.0,0,I,LARGE_PROVINCIAL_CITIES,ROAD,3,15.0
102364,1,5,147,5,1,60.0,0,N,TOWNS,AVENUE,3,16.0
102365,4,3,171,1,1,50.0,0,I,LARGE_PROVINCIAL_CITIES,STREET,3,18.0
102366,1,4,132,1,1,60.0,0,I,LARGE_PROVINCIAL_CITIES,ROAD,3,15.0
102367,1,4,160,5,1,50.0,0,N,MELB_URBAN,AVENUE,3,12.0
102368,1,4,130,5,1,60.0,0,N,MELB_URBAN,ROAD,3,14.0
102369,1,5,121,5,1,70.0,0,N,MELB_URBAN,ROAD,3,16.0
102370,6,5,99,2,2,60.0,0,I,LARGE_PROVINCIAL_CITIES,ROAD,3,19.0
102371,1,4,113,1,1,80.0,0,I,MELB_URBAN,OTHER,3,16.0
102372,1,3,135,1,1,40.0,0,I,MELB_URBAN,ROAD,3,17.0
102373,1,5,111,2,1,80.0,0,I,TOWNS,HIGHWAY,3,17.0
102374,1,4,147,5,1,60.0,0,N,MELB_URBAN,STREET,3,8.0
102375,1,5,113,2,1,50.0,0,I,LARGE_PROVINCIAL_CITIES,OTHER,3,16.0
102376,1,5,99,5,1,50.0,0,N,MELB_URBAN,STREET,3,19.0
102377,1,5,130,5,1,60.0,0,N,MELB_URBAN,ROAD,3,15.0
102378,1,5,130,2,1,60.0,0,I,MELB_URBAN,ROAD,3,18.0
102379,1,4,140,5,1,50.0,0,N,LARGE_PROVINCIAL_CITIES,STREET,3,15.0
102380,1,4,133,2,1,80.0,0,I,RURAL_VICTORIA,ROAD,3,8.0
102381,1,4,113,2,1,60.0,0,I,MELB_URBAN,BOULEVARD,3,17.0
102382,4,6,173,5,3,60.0,0,N,MELB_URBAN,STREET,3,1.0
102383,1,2,111,2,3,70.0,0,I,LARGE_PROVINCIAL_CITIES,OTHER,2,1.0
102384,1,5,120,5,3,60.0,0,N,MELB_URBAN,ROAD,3,21.0
102385,1,5,113,2,1,80.0,0,I,MELB_URBAN,ROAD,3,11.0
102386,1,5,130,2,5,100.0,0,I,RURAL_VICTORIA,HIGHWAY,3,21.0
102387,6,2,99,1,3,50.0,0,I,LARGE_PROVINCIAL_CITIES,STREET,3,22.0
102388,1,5,121,1,1,60.0,0,I,MELB_URBAN,AVENUE,2,14.0
102389,1,5,130,2,4,80.0,0,N,MELB_URBAN,HIGHWAY,3,5.0
102390,1,2,140,5,1,50.0,0,N,TOWNS,STREET,3,11.0
102391,1,6,121,2,1,80.0,0,I,RURAL_VICTORIA,ROAD,3,8.0
102392,1,6,130,5,1,70.0,0,N,MELB_URBAN,ROAD,3,9.0
102393,1,5,116,2,9,60.0,0,I,MELB_URBAN,DRIVE,3,17.0
102394,1,6,130,5,1,100.0,0,N,RURAL_VICTORIA,STREET,3,8.0
102395,2,6,99,4,1,50.0,0,N,MELB_URBAN,ROAD,3,9.0
102396,4,6,171,5,1,50.0,0,N,MELB_URBAN,ROAD,3,10.0
102397,1,5,133,5,1,60.0,0,N,RURAL_VICTORIA,ROAD,3,9.0
102398,1,5,99,2,1,40.0,0,I,MELB_URBAN,PARADE,3,8.0
102399,1,6,110,1,1,100.0,0,I,RURAL_VICTORIA,ROAD,3,9.0
102400,1,6,130,1,1,60.0,0,I,SMALL_CITIES,HIGHWAY,3,11.0
102401,1,5,111,1,1,60.0,0,I,MELB_URBAN,ROAD,3,12.0
102402,4,5,173,5,1,60.0,0,N,RURAL_VICTORIA,HIGHWAY,2,10.0
102403,1,6,121,1,1,60.0,0,I,MELB_URBAN,ROAD,3,13.0
102404,4,6,171,5,1,100.0,0,N,RURAL_VICTORIA,ROAD,3,11.0
102405,1,7,130,1,1,70.0,0,I,LARGE_PROVINCIAL_CITIES,ROAD,2,12.0
102406,1,6,99,5,1,50.0,0,N,SMALL_CITIES,STREET,3,12.0
102407,1,4,130,5,6,60.0,0,N,MELB_URBAN,STREET,3,20.0
102408,1,5,130,5,1,100.0,0,N,RURAL_VICTORIA,ROAD,3,14.0
102409,1,5,130,5,1,70.0,0,N,MELB_URBAN,ROAD,3,13.0
102410,2,6,99,2,1,60.0,0,I,MELB_URBAN,ROAD,3,11.0
102411,2,6,99,2,1,60.0,0,N,MELB_URBAN,ROAD,3,14.0
102412,1,3,135,5,2,80.0,0,N,MELB_URBAN,OTHER,3,19.0
102413,1,3,130,2,1,100.0,0,N,MELB_URBAN,FREEWAY,3,9.0
102414,2,5,102,5,1,60.0,0,N,MELB_URBAN,ROAD,3,16.0
102415,1,5,130,5,1,60.0,0,N,MELB_URBAN,ROAD,3,15.0
102416,1,6,171,5,1,50.0,0,N,MELB_URBAN,STREET,3,16.0
102417,1,6,121,2,1,50.0,0,I,MELB_URBAN,STREET,3,8.0
102418,1,6,120,1,1,60.0,0,I,MELB_URBAN,ROAD,3,17.0
102419,1,6,120,5,1,60.0,1,N,MELB_URBAN,ROAD,3,15.0
102420,1,6,121,5,1,60.0,0,N,MELB_URBAN,ROAD,3,15.0
102421,1,5,163,5,1,50.0,0,N,MELB_URBAN,STREET,3,16.0
102422,1,5,140,1,1,40.0,0,N,MELBOURNE_CBD,STREET,3,16.0
102423,4,6,183,5,1,100.0,0,N,LARGE_PROVINCIAL_CITIES,ROAD,3,16.0