,accident_type,day_of_week,dca_code,road_geometry,light_condition,speed_zone,severity,node_type,deg_urban_name,road_type,month,hour
102424,1,6,130,5,1,70.0,0,N,MELB_URBAN,ROAD,3,16.0
102425,8,6,102,2,1,50.0,0,I,MELB_URBAN,STREET,3,17.0
102426,1,6,113,2,3,60.0,0,I,LARGE_PROVINCIAL_CITIES,STREET,3,21.0
102427,1,5,133,5,2,80.0,0,N,MELB_URBAN,UNKNOWN,3,5.0
102428,1,6,113,2,1,80.0,0,I,RURAL_VICTORIA,ROAD,3,16.0
102429,5,6,171,5,1,50.0,0,N,MELB_URBAN,DRIVE,3,16.0
102430,1,6,110,1,3,60.0,0,I,MELB_URBAN,STREET,3,20.0
102431,1,6,130,5,1,80.0,0,N,MELB_URBAN,UNKNOWN,3,17.0
102432,4,7,171,5,5,100.0,0,N,RURAL_VICTORIA,ROAD,3,5.0
102433,1,3,130,2,1,60.0,0,I,MELB_URBAN,ROAD,3,14.0
102434,1,7,120,5,5,100.0,0,N,RURAL_VICTORIA,HIGHWAY,3,6.0
102435,2,7,99,5,2,50.0,0,N,TOWNS,ROAD,3,6.0
102436,1,5,130,5,1,50.0,0,N,MELB_URBAN,STREET,3,17.0
102437,1,7,130,5,1,110.0,0,N,TOWNS,FREEWAY,3,8.0
102438,1,7,171,5,1,50.0,0,N,LARGE_PROVINCIAL_CITIES,STREET,3,7.0
102439,1,7,111,1,1,60.0,0,I,LARGE_PROVINCIAL_CITIES,ROAD,3,10.0
102440,1,7,113,1,1,60.0,0,I,MELB_URBAN,STREET,3,8.0
102441,2,7,100,1,1,40.0,0,I,MELB_URBAN,OTHER,3,12.0
102442,4,7,173,5,1,100.0,0,N,RURAL_VICTORIA,ROAD,3,7.0
102443,7,6,99,1,1,60.0,0,I,RURAL_VICTORIA,ROAD,3,11.0
102444,2,7,100,2,1,60.0,0,I,MELB_URBAN,ROAD,3,10.0
102445,4,7,171,5,1,60.0,0,N,MELB_URBAN,STREET,3,7.0
102446,1,4,110,1,3,60.0,0,I,LARGE_PROVINCIAL_CITIES,STREET,3,20.0
102447,6,4,174,5,1,110.0,0,N,LARGE_PROVINCIAL_CITIES,FREEWAY,3,15.0
102448,1,6,111,1,1,50.0,0,I,MELB_URBAN,ROAD,3,17.0
102449,1,7,132,1,1,50.0,0,I,SMALL_CITIES,UNKNOWN,3,9.0
102450,4,7,173,5,1,60.0,0,N,MELB_URBAN,ROAD,3,8.0
102451,4,7,171,1,1,60.0,0,I,MELB_URBAN,ROAD,3,12.0
102452,2,6,100,2,1,60.0,0,O,RURAL_VICTORIA,UNKNOWN,3,7.0
102453,1,6,110,1,1,60.0,0,I,LARGE_PROVINCIAL_CITIES,OTHER,3,15.0
102454,1,6,130,5,1,60.0,0,N,MELB_URBAN,ROAD,3,12.0
102455,7,7,99,5,1,70.0,0,N,MELB_URBAN,ROAD,3,14.0
102456,2,7,100,1,1,60.0,0,I,MELB_URBAN,HIGHWAY,3,17.0
102457,4,7,99,5,1,60.0,0,N,RURAL_VICTORIA,ROAD,3,14.0
102458,2,7,99,1,1,40.0,0,I,MELB_URBAN,STREET,3,15.0
102459,2,6,100,1,1,40.0,0,I,MELB_URBAN,STREET,3,15.0
102460,1,5,147,5,1,60.0,0,N,MELB_URBAN,STREET,3,17.0
102461,1,7,99,5,1,50.0,0,N,TOWNS,STREET,3,18.0
102462,1,7,160,5,1,60.0,0,N,MELB_URBAN,STREET,3,17.0
102463,1,7,113,2,2,60.0,0,I,MELB_URBAN,ROAD,3,18.0
102464,4,7,181,5,1,100.0,1,N,RURAL_VICTORIA,ROAD,3,17.0
102465,1,0,130,1,3,60.0,0,I,SMALL_CITIES,DRIVE,3,0.0
102466,1,7,113,2,3,60.0,0,I,MELB_URBAN,ROAD,3,20.0
102467,1,6,130,2,3,60.0,0,I,MELB_URBAN,ROAD,3,23.0
102468,1,7,147,5,1,70.0,0,I,MELB_URBAN,HIGHWAY,3,13.0
102469,6,5,99,2,1,60.0,0,I,RURAL_VICTORIA,ROAD,3,14.0
102470,4,3,173,5,3,100.0,0,N,MELB_URBAN,FREEWAY,2,21.0
102471,1,1,130,1,1,80.0,0,I,MELB_URBAN,HIGHWAY,3,12.0
102472,1,1,163,5,1,50.0,0,N,MELB_URBAN,ROAD,3,10.0
102473,1,1,147,5,1,60.0,0,N,MELB_URBAN,STREET,3,11.0
102474,1,1,99,2,1,80.0,0,I,RURAL_VICTORIA,HIGHWAY,3,10.0
102475,1,1,135,5,1,100.0,0,N,MELB_URBAN,UNKNOWN,3,10.0
102476,1,2,113,2,1,60.0,0,I,LARGE_PROVINCIAL_CITIES,STREET,3,16.0
102477,1,7,135,5,1,40.0,0,N,MELB_URBAN,ROAD,3,14.0
102478,1,1,113,2,1,60.0,0,I,MELB_URBAN,ROAD,3,11.0
102479,1,1,120,2,1,100.0,1,I,RURAL_VICTORIA,ROAD,3,10.0
102480,1,0,130,5,1,80.0,0,I,MELB_URBAN,FREEWAY,3,14.0
102481,1,0,130,5,1,80.0,0,N,MELB_URBAN,STREET,3,14.0
102482,6,0,99,5,1,60.0,0,N,LARGE_PROVINCIAL_CITIES,STREET,3,11.0
102483,1,1,130,2,1,70.0,0,I,LARGE_PROVINCIAL_CITIES,OTHER,3,13.0
102484,4,1,173,2,1,100.0,0,I,RURAL_VICTORIA,OTHER,3,11.0
102485,6,7,174,5,1,50.0,0,N,TOWNS,ROAD,3,12.0
102486,1,1,99,2,1,50.0,0,I,MELB_URBAN,STREET,3,13.0
102487,1,1,113,2,1,70.0,0,I,MELB_URBAN,ROAD,3,16.0
102488,1,0,110,1,1,60.0,0,I,LARGE_PROVINCIAL_CITIES,ROAD,3,18.0
102489,1,1,130,5,1,40.0,0,N,MELB_URBAN,ROAD,3,17.0
102490,1,1,140,5,1,100.0,1,N,RURAL_VICTORIA,HIGHWAY,3,13.0
102491,1,0,111,2,1,50.0,0,I,MELB_URBAN,STREET,3,18.0
102492,1,1,99,2,1,50.0,0,I,MELB_URBAN,AVENUE,3,20.0
102493,1,0,163,5,1,40.0,0,N,MELB_URBAN,STREET,3,18.0
102494,4,1,99,5,1,40.0,0,N,MELB_URBAN,OTHER,3,18.0
102495,1,1,130,3,1,60.0,0,I,MELB_URBAN,ROAD,3,15.0
102496,1,1,120,5,5,100.0,0,N,RURAL_VICTORIA,ROAD,3,19.0
102497,1,1,135,2,3,80.0,0,I,RURAL_VICTORIA,ROAD,3,22.0
102498,1,1,121,2,3,40.0,0,I,MELB_URBAN,ROAD,3,23.0
102499,4,2,173,2,3,60.0,0,I,MELB_URBAN,STREET,3,1.0
102500,1,6,110,1,5,60.0,0,I,LARGE_PROVINCIAL_CITIES,STREET,3,21.0
102501,4,2,181,5,5,100.0,0,N,RURAL_VICTORIA,ROAD,3,5.0
102502,1,5,110,1,1,40.0,0,I,MELBOURNE_CBD,STREET,3,17.0
102503,1,2,121,1,1,50.0,0,I,MELB_URBAN,STREET,3,8.0
102504,1,2,121,5,1,40.0,0,N,MELB_URBAN,ROAD,3,7.0
102505,1,2,130,5,1,80.0,0,N,RURAL_VICTORIA,ROAD,3,8.0
102506,1,1,99,2,2,50.0,0,I,MELB_URBAN,BOULEVARD,10,19.0
102507,1,2,132,2,1,60.0,0,I,SMALL_CITIES,DRIVE,3,12.0
102508,5,2,173,2,1,60.0,0,I,MELB_URBAN,ROAD,3,13.0
102509,6,2,99,2,1,40.0,0,I,MELB_URBAN,STREET,3,15.0
102510,4,2,173,5,5,100.0,1,N,RURAL_VICTORIA,HIGHWAY,3,3.0
102511,1,2,121,2,1,40.0,0,I,MELB_URBAN,ROAD,3,15.0
102512,4,1,181,5,1,60.0,0,N,RURAL_VICTORIA,ROAD,3,15.0
102513,4,1,99,2,1,70.0,0,I,RURAL_VICTORIA,OTHER,3,15.0
102514,1,2,135,5,1,60.0,0,N,MELB_URBAN,RAMP,3,17.0
102515,1,1,130,1,1,80.0,0,I,MELB_URBAN,RAMP,3,15.0
102516,4,2,171,5,1,70.0,0,N,MELB_URBAN,ROAD,3,18.0
102517,1,2,130,5,1,50.0,0,N,MELB_URBAN,ROAD,3,10.0
102518,1,0,121,1,3,80.0,0,I,MELB_URBAN,HIGHWAY,3,21.0
102519,1,1,130,1,1,60.0,0,N,MELB_URBAN,ROAD,3,16.0
102520,1,2,120,5,1,70.0,0,N,RURAL_VICTORIA,ROAD,3,15.0
102521,2,2,102,5,4,60.0,0,N,MELB_URBAN,HIGHWAY,3,20.0
102522,1,2,99,2,1,60.0,0,I,MELB_URBAN,ROAD,3,8.0
102523,1,2,135,5,1,100.0,0,N,MELB_URBAN,ROAD,3,8.0
102524,4,2,171,5,1,100.0,0,N,MELB_URBAN,FREEWAY,3,18.0
102525,1,2,130,5,1,80.0,0,N,MELB_URBAN,FREEWAY,3,18.0
102526,4,2,171,5,1,100.0,1,N,RURAL_VICTORIA,HIGHWAY,3,11.0
102527,1,2,130,5,1,80.0,0,N,MELB_URBAN,FREEWAY,3,18.0
102528,1,1,110,1,3,60.0,0,I,MELB_URBAN,STREET,3,21.0
102529,2,2,99,2,1,60.0,0,I,MELB_URBAN,ROAD,3,15.0
102530,4,2,171,5,3,70.0,0,N,MELB_URBAN,ROAD,3,0.0
102531,1,3,99,5,6,50.0,0,N,LARGE_PROVINCIAL_CITIES,STREET,3,1.0
102532,1,3,130,2,1,60.0,0,N,MELB_URBAN,ROAD,3,7.0
102533,1,3,130,5,1,40.0,0,N,MELB_URBAN,STREET,3,7.0
102534,1,1,130,2,1,70.0,0,N,MELB_URBAN,ROAD,3,17.0
102535,4,2,181,5,1,100.0,0,N,RURAL_VICTORIA,ROAD,3,7.0
102536,1,4,163,2,9,60.0,0,I,MELB_URBAN,STREET,3,17.0
102537,3,2,167,5,2,90.0,0,N,LARGE_PROVINCIAL_CITIES,HIGHWAY,3,7.0
102538,1,2,130,5,1,100.0,0,N,RURAL_VICTORIA,ROAD,3,8.0
102539,1,3,113,2,1,60.0,0,I,MELB_URBAN,ROAD,3,10.0
102540,1,3,130,5,3,60.0,0,N,MELB_URBAN,ROAD,3,6.0
102541,4,3,171,5,1,70.0,0,N,MELB_URBAN,ROAD,3,11.0
102542,1,0,130,2,3,70.0,0,I,MELB_URBAN,ROAD,3,5.0
102543,1,3,110,1,1,50.0,0,I,MELB_URBAN,STREET,3,10.0
102544,1,1,110,1,1,80.0,0,I,MELB_URBAN,OTHER,3,11.0
102545,1,3,135,5,1,50.0,0,N,MELB_URBAN,ROAD,3,11.0
102546,8,6,174,1,1,50.0,0,I,MELB_URBAN,STREET,3,9.0
102547,1,2,171,5,1,50.0,0,O,MELB_URBAN,STREET,3,11.0
102548,1,2,160,5,1,40.0,0,N,MELB_URBAN,ROAD,3,12.0
102549,1,3,99,1,1,50.0,0,I,MELB_URBAN,ROAD,3,12.0
102550,1,2,130,5,1,100.0,0,N,RURAL_VICTORIA,HIGHWAY,3,11.0
102551,1,5,133,5,3,60.0,0,N,MELB_URBAN,ROAD,12,3.0
102552,1,3,134,5,1,80.0,0,N,MELB_URBAN,ROAD,3,14.0
102553,1,3,135,5,1,110.0,0,N,RURAL_VICTORIA,FREEWAY,3,9.0
102554,1,3,160,5,1,60.0,0,N,MELB_URBAN,ROAD,3,15.0
102555,1,3,130,1,1,60.0,0,I,MELB_URBAN,ROAD,10,8.0
102556,1,2,120,5,1,80.0,0,N,RURAL_VICTORIA,OTHER,3,14.0
102557,4,3,171,5,1,80.0,0,N,RURAL_VICTORIA,ROAD,3,15.0
102558,1,2,111,2,1,50.0,0,I,MELB_URBAN,ROAD,3,11.0
102559,1,3,121,1,1,60.0,0,I,SMALL_CITIES,STREET,3,17.0
102560,1,3,121,1,1,60.0,0,I,MELB_URBAN,ROAD,3,18.0
102561,1,3,120,5,1,60.0,0,N,MELB_URBAN,ROAD,3,15.0
102562,1,3,130,5,1,100.0,0,N,MELB_URBAN,ROAD,3,17.0
102563,1,2,130,5,1,100.0,0,N,MELB_URBAN,RAMP,3,17.0
102564,1,2,130,5,1,100.0,0,N,MELB_URBAN,FREEWAY,3,17.0
102565,1,3,134,5,1,60.0,0,N,LARGE_PROVINCIAL_CITIES,STREET,3,17.0
102566,4,3,183,5,1,100.0,0,N,RURAL_VICTORIA,ROAD,3,13.0
102567,1,3,99,2,1,60.0,0,I,MELB_URBAN,ROAD,3,17.0
102568,4,3,171,5,1,100.0,0,N,RURAL_VICTORIA,HIGHWAY,3,17.0
102569,1,3,99,5,1,60.0,0,N,MELB_URBAN,ROAD,3,16.0
102570,1,2,121,2,5,60.0,0,I,TOWNS,OTHER,3,20.0
102571,2,3,99,5,1,60.0,0,N,MELB_URBAN,STREET,3,14.0
102572,3,2,167,5,3,80.0,0,N,MELB_URBAN,HIGHWAY,3,19.0
102573,1,2,140,5,1,50.0,0,N,MELB_URBAN,STREET,3,18.0
102574,1,2,120,5,1,60.0,0,N,RURAL_VICTORIA,ROAD,3,16.0
102575,1,3,121,2,1,60.0,0,I,MELB_URBAN,PARADE,3,17.0
102576,4,3,173,5,1,100.0,0,N,RURAL_VICTORIA,HIGHWAY,3,17.0
102577,1,2,121,4,3,60.0,0,I,MELB_URBAN,STREET,3,21.0
102578,2,2,102,2,1,80.0,0,I,SMALL_TOWNS,PARADE,3,15.0
102579,1,3,133,2,1,50.0,0,I,MELB_URBAN,DRIVE,12,8.0
102580,1,3,116,2,3,60.0,0,I,MELB_URBAN,ROAD,3,23.0
102581,1,3,135,5,5,100.0,0,N,MELB_URBAN,FREEWAY,3,6.0
102582,1,3,99,2,1,80.0,0,I,MELB_URBAN,HIGHWAY,3,8.0
102583,6,4,174,1,1,50.0,0,I,MELB_URBAN,STREET,3,7.0
102584,1,4,99,5,2,80.0,0,N,RURAL_VICTORIA,ROAD,3,7.0
102585,1,4,132,1,6,60.0,0,I,MELB_URBAN,ROAD,3,4.0
102586,1,4,121,5,1,60.0,0,N,MELB_URBAN,OTHER,3,8.0
102587,4,4,181,5,1,100.0,0,N,RURAL_VICTORIA,ROAD,3,7.0
102588,4,0,173,5,1,100.0,0,N,RURAL_VICTORIA,OTHER,3,17.0
102589,2,4,99,5,1,40.0,0,N,MELB_URBAN,STREET,3,12.0
102590,1,3,130,5,1,100.0,0,N,MELB_URBAN,UNKNOWN,3,7.0
102591,4,4,173,5,1,100.0,0,N,MELB_URBAN,FREEWAY,3,8.0
102592,4,4,181,5,1,60.0,0,N,RURAL_VICTORIA,ROAD,3,8.0
102593,4,4,171,5,1,100.0,0,N,RURAL_VICTORIA,ROAD,3,12.0
102594,1,4,147,5,1,100.0,0,N,RURAL_VICTORIA,ROAD,3,9.0
102595,1,4,111,2,2,70.0,0,I,TOWNS,ROAD,3,7.0
102596,1,2,121,1,1,50.0,0,I,MELB_URBAN,OTHER,3,14.0
102597,1,4,135,5,1,50.0,0,N,MELB_URBAN,ROAD,3,9.0
102598,2,2,100,1,3,60.0,0,I,MELB_URBAN,STREET,3,21.0
102599,5,4,99,5,1,70.0,0,N,RURAL_VICTORIA,ROAD,3,13.0
102600,1,4,113,1,1,60.0,0,I,MELB_URBAN,ROAD,3,16.0
102601,1,4,130,5,1,60.0,0,N,MELB_URBAN,ROAD,3,15.0
102602,1,4,99,2,3,60.0,0,I,MELB_URBAN,ROAD,3,20.0
102603,1,3,130,5,1,60.0,0,N,MELB_URBAN,ROAD,1,9.0
102604,1,0,121,1,1,70.0,0,I,MELB_URBAN,ROAD,3,17.0
102605,1,3,121,2,1,60.0,0,I,MELB_URBAN,ROAD,3,16.0
102606,1,4,130,5,1,60.0,0,N,MELB_URBAN,ROAD,3,17.0
102607,4,4,183,5,1,100.0,0,I,RURAL_VICTORIA,ROAD,3,16.0
102608,1,3,130,1,2,80.0,0,N,MELB_URBAN,HIGHWAY,3,19.0
102609,1,4,121,1,2,60.0,0,I,MELB_URBAN,PARADE,3,19.0
102610,2,4,100,5,1,60.0,0,N,MELB_URBAN,ROAD,3,18.0
102611,1,3,130,5,1,80.0,0,N,MELB_URBAN,ROAD,2,9.0
102612,1,4,99,2,1,80.0,0,I,RURAL_VICTORIA,RAMP,3,17.0
102613,1,4,110,1,3,60.0,0,I,SMALL_CITIES,ROAD,3,21.0
102614,2,3,100,1,3,40.0,0,I,MELBOURNE_CBD,STREET,3,21.0
102615,2,4,102,2,3,50.0,0,I,MELB_URBAN,ROAD,3,21.0
102616,4,5,171,5,3,60.0,0,N,MELB_URBAN,ROAD,3,1.0
102617,6,5,170,5,5,60.0,0,N,TOWNS,ROAD,3,0.0
102618,1,4,130,2,1,80.0,0,I,MELB_URBAN,HIGHWAY,3,7.0
102619,1,5,121,2,1,80.0,0,I,MELB_URBAN,ROAD,3,8.0
102620,1,5,135,5,1,80.0,0,N,MELB_URBAN,ROAD,3,8.0
102621,1,5,140,5,3,60.0,0,N,MELB_URBAN,ROAD,3,6.0
102622,1,4,130,1,1,60.0,0,I,MELB_URBAN,ROAD,3,15.0
102623,1,5,130,1,1,80.0,0,I,MELB_URBAN,ROAD,3,7.0
102624,1,5,130,5,1,80.0,0,N,MELB_URBAN,ROAD,3,9.0
102625,1,5,111,2,1,60.0,0,I,MELB_URBAN,STREET,3,11.0
102626,1,5,130,5,1,80.0,0,N,RURAL_VICTORIA,ROAD,3,9.0
102627,1,3,121,2,1,60.0,0,I,MELB_URBAN,ROAD,3,14.0
102628,1,5,132,2,1,50.0,0,I,LARGE_PROVINCIAL_CITIES,OTHER,3,11.0
102629,1,5,113,2,1,50.0,1,I,MELB_URBAN,ROAD,3,8.0
102630,1,5,133,1,1,40.0,0,I,MELB_URBAN,ROAD,3,8.0
102631,1,5,121,1,1,80.0,0,I,MELB_URBAN,STREET,3,11.0
102632,1,4,130,5,1,80.0,0,N,MELB_URBAN,ROAD,3,8.0
102633,4,5,181,5,1,100.0,0,N,RURAL_VICTORIA,ROAD,3,12.0
102634,2,5,99,2,1,60.0,0,I,MELB_URBAN,ROAD,3,11.0
102635,1,4,171,5,3,60.0,0,N,TOWNS,ROAD,3,21.0
102636,1,5,120,5,1,100.0,0,N,RURAL_VICTORIA,ROAD,3,13.0
102637,1,5,99,5,1,60.0,0,N,LARGE_PROVINCIAL_CITIES,AVENUE,3,11.0
102638,4,1,99,5,1,100.0,0,N,RURAL_VICTORIA,OTHER,2,13.0
102639,1,5,121,5,1,80.0,0,N,LARGE_PROVINCIAL_CITIES,ROAD,3,13.0
102640,2,5,100,1,1,60.0,0,I,MELB_URBAN,HIGHWAY,3,15.0
102641,2,5,100,5,1,60.0,0,N,SMALL_CITIES,OTHER,3,14.0
102642,1,5,113,2,1,60.0,0,N,MELB_URBAN,ROAD,3,16.0
102643,1,5,120,5,1,100.0,0,N,RURAL_VICTORIA,ROAD,3,14.0
102644,7,4,99,5,1,60.0,0,N,MELB_URBAN,OTHER,3,14.0
102645,1,5,130,2,1,80.0,0,I,MELB_URBAN,ROAD,3,15.0
102646,1,5,113,2,1,60.0,0,N,MELB_URBAN,ROAD,3,14.0
102647,2,5,102,1,1,50.0,0,I,LARGE_PROVINCIAL_CITIES,STREET,3,15.0
102648,1,5,110,1,1,50.0,0,I,SMALL_CITIES,STREET,3,17.0
102649,2,5,102,5,1,60.0,0,I,MELB_URBAN,ROAD,3,16.0
102650,1,5,147,5,1,50.0,0,N,MELB_URBAN,STREET,3,15.0
102651,1,4,121,2,1,60.0,0,I,MELB_URBAN,STREET,3,16.0
102652,1,4,110,1,1,60.0,0,I,MELB_URBAN,PARADE,3,18.0
102653,2,5,99,5,1,50.0,0,N,TOWNS,STREET,3,18.0
102654,4,5,171,5,2,80.0,0,N,MELB_URBAN,RAMP,3,18.0
102655,1,5,133,5,1,80.0,0,N,MELB_URBAN,UNKNOWN,3,15.0
102656,1,3,130,5,1,80.0,0,N,MELB_URBAN,ROAD,3,17.0
102657,1,5,130,5,5,110.0,0,N,RURAL_VICTORIA,FREEWAY,3,6.0
102658,1,5,110,1,3,60.0,0,I,LARGE_PROVINCIAL_CITIES,STREET,3,20.0
102659,1,4,130,1,3,60.0,0,I,MELB_URBAN,HIGHWAY,3,20.0
102660,4,5,173,5,5,80.0,0,N,RURAL_VICTORIA,HIGHWAY,3,20.0
102661,6,5,99,5,5,80.0,0,N,RURAL_VICTORIA,ROAD,3,5.0
102662,1,6,130,5,3,60.0,0,N,MELB_URBAN,STREET,3,0.0
102663,1,5,113,2,1,40.0,0,I,MELB_URBAN,ROAD,3,7.0
102664,2,5,100,5,1,60.0,0,N,MELB_URBAN,STREET,3,14.0
102665,1,6,147,1,1,50.0,0,N,MELB_URBAN,STREET,3,7.0
102666,4,6,183,5,3,40.0,0,N,MELB_URBAN,DRIVE,3,5.0
102667,1,6,130,5,1,80.0,0,N,MELB_URBAN,FREEWAY,3,7.0
102668,3,6,167,5,2,80.0,0,N,RURAL_VICTORIA,ROAD,3,7.0
102669,4,5,183,5,5,60.0,0,N,RURAL_VICTORIA,ROAD,3,21.0
102670,2,5,99,5,1,60.0,0,N,MELB_URBAN,ROAD,3,18.0
102671,6,5,99,5,1,80.0,0,N,RURAL_VICTORIA,RAMP,3,17.0
102672,7,6,99,1,9,60.0,0,I,MELB_URBAN,STREET,3,6.0
102673,1,6,130,5,1,60.0,0,N,MELB_URBAN,ROAD,3,9.0
102674,1,0,130,2,2,60.0,0,I,MELB_URBAN,ROAD,3,17.0
102675,2,6,100,2,2,40.0,0,I,MELB_URBAN,ROAD,3,7.0
102676,1,6,110,1,1,100.0,0,I,RURAL_VICTORIA,ROAD,3,7.0
102677,1,5,121,1,1,50.0,0,I,MELB_URBAN,STREET,3,6.0
102678,1,5,110,1,9,50.0,0,I,MELB_URBAN,ROAD,3,14.0
102679,1,5,135,5,1,100.0,0,N,RURAL_VICTORIA,FREEWAY,2,18.0
102680,2,5,102,1,1,60.0,0,I,MELB_URBAN,HIGHWAY,3,15.0
102681,1,6,130,5,1,80.0,0,N,RURAL_VICTORIA,STREET,3,12.0
102682,1,6,130,5,1,40.0,0,N,RURAL_VICTORIA,HIGHWAY,3,13.0
102683,1,6,130,5,1,80.0,0,N,MELB_URBAN,ROAD,3,14.0
102684,7,5,184,5,1,60.0,0,N,RURAL_VICTORIA,ROAD,3,11.0
102685,1,7,163,5,3,60.0,0,N,MELB_URBAN,STREET,9,19.0
102686,8,5,99,5,1,100.0,0,N,RURAL_VICTORIA,ROAD,3,12.0
102687,6,6,170,5,1,50.0,0,N,MELB_URBAN,OTHER,3,11.0
102688,1,5,135,2,1,70.0,0,N,MELB_URBAN,ROAD,3,16.0
102689,1,6,113,2,1,60.0,0,I,MELB_URBAN,ROAD,3,10.0
102690,2,6,100,2,2,50.0,0,I,MELB_URBAN,STREET,3,6.0
102691,1,5,130,5,1,80.0,0,N,MELB_URBAN,ROAD,3,14.0
102692,1,3,99,5,1,60.0,0,N,SMALL_TOWNS,ROAD,3,12.0
102693,1,6,113,4,1,60.0,0,I,MELB_URBAN,ROAD,3,14.0
102694,4,6,173,1,1,60.0,0,I,TOWNS,ROAD,3,15.0
102695,1,5,130,2,1,80.0,0,N,MELB_URBAN,RAMP,3,8.0
102696,1,5,135,1,1,60.0,0,I,MELB_URBAN,STREET,3,16.0
102697,1,6,132,1,1,60.0,0,I,MELB_URBAN,HIGHWAY,3,17.0
102698,6,6,184,5,2,100.0,0,N,RURAL_VICTORIA,HIGHWAY,3,19.0
102699,1,6,99,2,1,60.0,0,I,MELB_URBAN,ROAD,3,17.0
102700,2,4,99,1,1,50.0,0,I,TOWNS,STREET,3,16.0
102701,1,6,99,2,1,60.0,0,I,MELB_URBAN,ROAD,3,18.0
102702,1,6,121,1,3,70.0,0,I,MELB_URBAN,ROAD,3,22.0
102703,1,6,134,5,3,80.0,0,N,MELB_URBAN,HIGHWAY,3,20.0
102704,4,6,183,5,3,100.0,0,N,RURAL_VICTORIA,HIGHWAY,3,4.0
102705,4,6,181,5,3,60.0,0,N,MELB_URBAN,STREET,3,20.0
102706,1,6,133,5,3,100.0,0,N,MELB_URBAN,ROAD,3,5.0
102707,1,7,134,5,3,40.0,0,N,MELB_URBAN,STREET,3,3.0
102708,4,7,183,5,5,80.0,0,N,MELB_URBAN,HIGHWAY,3,3.0
102709,1,6,121,2,1,100.0,0,I,RURAL_VICTORIA,OTHER,3,15.0
102710,8,1,174,5,1,60.0,0,N,RURAL_VICTORIA,ROAD,3,9.0
102711,1,7,130,2,1,60.0,0,I,MELB_URBAN,ROAD,3,9.0
102712,6,6,99,5,1,100.0,0,N,RURAL_VICTORIA,ROAD,3,9.0
102713,1,7,99,1,1,80.0,0,N,MELB_URBAN,OTHER,3,10.0
102714,6,7,170,5,1,60.0,0,N,RURAL_VICTORIA,ROAD,3,12.0
102715,4,7,181,5,1,60.0,0,N,MELB_URBAN,ROAD,3,9.0
102716,1,6,133,5,1,80.0,0,N,MELB_URBAN,HIGHWAY,3,12.0
102717,1,7,113,1,1,60.0,0,I,MELB_URBAN,ROAD,3,11.0
102718,1,7,130,5,9,60.0,0,N,MELB_URBAN,ROAD,3,12.0
102719,1,2,130,1,1,60.0,0,I,MELB_URBAN,BOULEVARD,2,10.0
102720,1,7,130,2,1,60.0,0,I,MELB_URBAN,STREET,3,10.0
102721,4,7,181,5,1,60.0,0,N,TOWNS,ROAD,3,13.0
102722,1,5,147,5,1,60.0,0,N,SMALL_CITIES,ROAD,3,16.0
102723,1,7,130,5,1,50.0,0,N,TOWNS,STREET,3,9.0
102724,1,6,113,2,1,60.0,0,I,MELB_URBAN,ROAD,3,15.0
102725,2,7,99,1,1,50.0,0,I,MELB_URBAN,AVENUE,3,15.0
102726,1,7,110,1,1,60.0,0,I,MELB_URBAN,STREET,3,16.0
102727,1,7,130,2,1,50.0,0,I,TOWNS,ROAD,3,12.0
102728,1,4,163,5,2,50.0,0,N,MELB_URBAN,STREET,3,18.0
102729,4,7,171,5,1,100.0,0,N,TOWNS,HIGHWAY,3,15.0
102730,4,6,183,5,1,60.0,0,N,TOWNS,ROAD,3,12.0
102731,1,6,111,2,1,60.0,0,I,MELB_URBAN,UNKNOWN,3,17.0
102732,7,7,99,1,2,60.0,0,I,RURAL_VICTORIA,ROAD,3,18.0
102733,4,7,173,5,5,100.0,0,N,SMALL_CITIES,AVENUE,3,21.0
102734,7,1,99,5,5,110.0,0,N,RURAL_VICTORIA,FREEWAY,3,1.0
102735,1,2,110,1,3,60.0,0,I,MELB_URBAN,STREET,3,22.0
102736,1,7,110,1,1,60.0,0,I,MELB_URBAN,STREET,3,13.0
102737,4,7,173,2,1,50.0,0,I,MELB_URBAN,AVENUE,3,18.0
102738,1,6,130,1,1,50.0,0,I,TOWNS,STREET,3,13.0
102739,4,1,183,5,1,50.0,0,N,LARGE_PROVINCIAL_CITIES,OTHER,3,8.0
102740,4,1,99,5,3,50.0,0,N,MELB_URBAN,ROAD,3,5.0
102741,1,5,99,5,3,80.0,0,N,MELB_URBAN,ROAD,3,20.0
102742,1,0,110,1,1,50.0,0,I,MELB_URBAN,STREET,3,9.0
102743,1,6,147,5,1,80.0,0,N,MELB_URBAN,ROAD,3,14.0
102744,1,7,99,5,1,60.0,0,N,MELB_URBAN,ROAD,3,16.0
102745,1,1,120,5,1,80.0,0,N,RURAL_VICTORIA,ROAD,3,11.0
102746,1,1,130,2,1,60.0,0,I,MELB_URBAN,AVENUE,3,13.0
102747,1,0,113,1,1,70.0,0,I,MELB_URBAN,HIGHWAY,3,9.0
102748,4,1,181,5,1,100.0,0,N,RURAL_VICTORIA,OTHER,3,10.0
102749,7,1,184,5,1,100.0,0,N,RURAL_VICTORIA,ROAD,3,14.0
102750,4,1,183,5,9,100.0,1,N,RURAL_VICTORIA,ROAD,3,9.0