,accident_type,day_of_week,dca_code,road_geometry,light_condition,speed_zone,severity,node_type,deg_urban_name,road_type,month,hour
102751,1,1,110,1,1,60.0,0,I,MELB_URBAN,ROAD,3,12.0
102752,1,1,134,5,1,60.0,0,N,MELB_URBAN,STREET,3,15.0
102753,4,1,171,5,1,100.0,0,N,RURAL_VICTORIA,ROAD,3,15.0
102754,4,1,171,5,1,50.0,0,N,MELB_URBAN,AVENUE,3,17.0
102755,4,1,181,5,1,100.0,0,N,RURAL_VICTORIA,ROAD,3,17.0
102756,4,7,173,2,3,50.0,0,I,TOWNS,STREET,3,21.0
102757,2,1,100,1,2,60.0,0,I,MELB_URBAN,ROAD,3,18.0
102758,4,1,183,5,1,100.0,0,N,MELB_URBAN,RAMP,3,14.0
102759,4,0,171,5,1,60.0,0,N,RURAL_VICTORIA,ROAD,3,13.0
102760,1,1,130,5,1,80.0,0,N,MELB_URBAN,OTHER,3,15.0
102761,1,1,130,5,1,100.0,1,N,RURAL_VICTORIA,ROAD,3,15.0
102762,1,1,121,1,2,60.0,0,I,MELB_URBAN,ROAD,3,18.0
102763,4,1,171,5,5,100.0,0,N,MELB_URBAN,ROAD,3,0.0
102764,1,7,99,1,1,60.0,0,I,MELB_URBAN,HIGHWAY,3,12.0
102765,1,2,173,5,3,50.0,0,N,MELB_URBAN,ROAD,3,4.0
102766,2,7,100,2,1,60.0,0,I,MELB_URBAN,ROAD,3,9.0
102767,1,1,160,5,3,50.0,0,N,MELB_URBAN,STREET,3,6.0
102768,1,5,110,1,1,50.0,0,I,MELB_URBAN,STREET,3,18.0
102769,2,2,100,1,1,60.0,1,I,MELB_URBAN,ROAD,3,9.0
102770,1,0,110,1,1,60.0,0,I,RURAL_VICTORIA,ROAD,3,13.0
102771,1,1,130,5,1,40.0,0,N,MELBOURNE_CBD,STREET,3,9.0
102772,1,1,121,2,1,60.0,0,I,SMALL_CITIES,STREET,3,10.0
102773,1,2,110,1,1,80.0,0,N,MELB_URBAN,ROAD,3,10.0
102774,4,2,171,5,1,40.0,0,N,MELBOURNE_CBD,OTHER,3,10.0
102775,1,7,147,5,1,80.0,0,N,MELB_URBAN,ROAD,3,10.0
102776,1,2,121,2,1,80.0,0,I,MELB_URBAN,ROAD,3,11.0
102777,1,2,113,1,1,60.0,0,I,LARGE_PROVINCIAL_CITIES,ROAD,3,12.0
102778,1,2,133,2,1,60.0,0,I,MELB_URBAN,STREET,3,11.0
102779,6,2,99,5,1,100.0,0,N,RURAL_VICTORIA,ROAD,3,12.0
102780,1,2,110,1,1,70.0,0,I,MELB_URBAN,ROAD,3,10.0
102781,1,6,99,5,1,40.0,0,N,MELB_URBAN,STREET,2,17.0
102782,1,2,99,5,2,80.0,0,N,MELB_URBAN,ROAD,3,7.0
102783,1,2,130,5,1,80.0,0,N,MELB_URBAN,HIGHWAY,3,12.0
102784,1,2,120,5,5,100.0,1,N,RURAL_VICTORIA,ROAD,3,6.0
102785,4,1,171,5,1,100.0,0,N,RURAL_VICTORIA,ROAD,3,14.0
102786,1,2,140,5,1,40.0,0,N,MELB_URBAN,ROAD,3,15.0
102787,1,1,113,2,1,60.0,0,I,MELB_URBAN,ROAD,3,15.0
102788,4,2,173,5,1,100.0,0,N,RURAL_VICTORIA,ROAD,3,13.0
102789,1,2,130,5,1,80.0,0,N,MELB_URBAN,ROAD,3,15.0
102790,1,2,121,2,1,60.0,0,I,MELB_URBAN,ROAD,3,17.0
102791,1,2,121,1,1,40.0,0,I,MELB_URBAN,STREET,3,17.0
102792,1,2,121,4,1,60.0,0,I,MELB_URBAN,STREET,3,17.0
102793,1,1,130,5,1,80.0,0,N,MELB_URBAN,ROAD,3,17.0
102794,4,2,171,2,1,70.0,0,I,MELB_URBAN,ROAD,3,17.0
102795,1,2,130,5,3,60.0,0,N,MELB_URBAN,ROAD,3,22.0
102796,4,1,171,1,3,60.0,0,I,LARGE_PROVINCIAL_CITIES,STREET,3,3.0
102797,4,2,171,5,1,70.0,0,N,MELB_URBAN,ROAD,3,13.0
102798,1,2,130,5,1,80.0,0,N,MELB_URBAN,ROAD,3,12.0
102799,1,2,110,1,1,60.0,0,I,MELB_URBAN,ROAD,3,13.0
102800,1,2,110,1,1,50.0,0,I,MELB_URBAN,STREET,3,8.0
102801,1,3,113,2,3,60.0,0,I,MELB_URBAN,ROAD,3,6.0
102802,1,2,130,5,3,60.0,0,N,MELB_URBAN,ROAD,3,7.0
102803,1,3,113,2,1,80.0,0,I,RURAL_VICTORIA,ROAD,3,8.0
102804,2,3,99,5,1,60.0,0,N,MELB_URBAN,OTHER,3,9.0
102805,1,3,121,1,1,70.0,0,I,MELB_URBAN,ROAD,3,8.0
102806,1,2,99,2,1,70.0,0,N,LARGE_PROVINCIAL_CITIES,STREET,3,9.0
102807,1,3,130,5,1,60.0,0,N,MELB_URBAN,ROAD,3,9.0
102808,1,3,111,1,1,50.0,0,I,TOWNS,STREET,3,8.0
102809,5,6,99,5,1,110.0,0,N,RURAL_VICTORIA,HIGHWAY,3,14.0
102810,1,3,99,5,1,60.0,0,N,MELB_URBAN,AVENUE,3,8.0
102811,1,3,111,2,1,50.0,0,I,MELB_URBAN,OTHER,3,8.0
102812,4,6,183,5,1,60.0,0,N,RURAL_VICTORIA,ROAD,3,17.0
102813,4,3,181,5,2,100.0,0,N,RURAL_VICTORIA,ROAD,3,6.0
102814,1,3,110,1,1,100.0,0,I,RURAL_VICTORIA,ROAD,3,10.0
102815,1,3,147,1,1,80.0,0,I,MELB_URBAN,HIGHWAY,3,9.0
102816,6,3,174,1,1,60.0,0,I,SMALL_TOWNS,ROAD,3,11.0
102817,1,3,121,1,1,70.0,0,I,SMALL_CITIES,STREET,3,11.0
102818,8,1,174,5,1,60.0,0,N,RURAL_VICTORIA,ROAD,3,12.0
102819,1,2,113,2,1,60.0,0,I,MELB_URBAN,ROAD,3,8.0
102820,1,3,110,1,1,60.0,0,I,LARGE_PROVINCIAL_CITIES,STREET,3,10.0
102821,1,3,130,5,1,60.0,0,N,SMALL_CITIES,PARADE,3,13.0
102822,1,3,130,5,1,60.0,0,N,TOWNS,STREET,3,12.0
102823,1,2,140,5,1,60.0,0,N,MELB_URBAN,ROAD,3,17.0
102824,1,2,111,2,1,60.0,0,I,MELB_URBAN,ROAD,3,16.0
102825,6,7,99,2,3,80.0,0,N,RURAL_VICTORIA,HIGHWAY,3,22.0
102826,1,3,99,5,1,70.0,0,N,MELB_URBAN,ROAD,3,14.0
102827,1,6,116,2,2,60.0,0,I,MELB_URBAN,ROAD,3,6.0
102828,6,1,174,5,1,50.0,0,N,TOWNS,ROAD,3,15.0
102829,1,3,130,5,1,60.0,0,N,LARGE_PROVINCIAL_CITIES,STREET,3,17.0
102830,4,2,171,1,2,60.0,0,N,LARGE_PROVINCIAL_CITIES,STREET,2,20.0
102831,1,3,121,1,1,50.0,0,I,MELB_URBAN,STREET,3,18.0
102832,2,3,102,1,1,60.0,0,I,SMALL_CITIES,STREET,3,16.0
102833,1,2,132,1,1,60.0,0,N,MELB_URBAN,STREET,3,16.0
102834,1,3,134,5,1,100.0,0,I,MELB_URBAN,FREEWAY,3,17.0
102835,1,1,130,5,1,80.0,0,N,MELB_URBAN,ROAD,3,14.0
102836,1,3,130,5,1,100.0,0,N,RURAL_VICTORIA,FREEWAY,3,15.0
102837,1,3,132,2,1,80.0,0,I,RURAL_VICTORIA,HIGHWAY,3,18.0
102838,2,3,99,5,3,60.0,0,N,MELB_URBAN,OTHER,3,21.0
102839,1,3,113,1,3,80.0,0,I,MELB_URBAN,ROAD,3,19.0
102840,1,3,140,2,3,60.0,0,I,MELB_URBAN,ROAD,3,21.0
102841,1,3,110,1,3,70.0,0,I,MELB_URBAN,BOULEVARD,3,23.0
102842,1,4,113,2,3,60.0,0,I,MELB_URBAN,STREET,3,5.0
102843,1,7,130,1,1,60.0,0,I,MELB_URBAN,ROAD,2,10.0
102844,1,4,111,2,1,70.0,0,I,MELB_URBAN,ROAD,3,8.0
102845,1,2,130,2,1,70.0,0,I,MELB_URBAN,STREET,3,8.0
102846,1,4,110,1,6,80.0,0,I,TOWNS,RAMP,3,6.0
102847,1,4,99,5,2,60.0,0,N,MELB_URBAN,BOULEVARD,3,6.0
102848,1,4,121,1,1,80.0,0,I,MELB_URBAN,ROAD,3,12.0
102849,2,1,102,1,1,60.0,0,I,MELB_URBAN,STREET,3,15.0
102850,4,0,181,5,1,80.0,0,N,RURAL_VICTORIA,ROAD,3,13.0
102851,1,3,130,2,1,60.0,0,I,MELB_URBAN,ROAD,3,11.0
102852,1,4,120,5,1,100.0,0,N,RURAL_VICTORIA,HIGHWAY,3,12.0
102853,1,3,147,5,1,60.0,0,N,MELB_URBAN,ROAD,3,13.0
102854,2,3,100,1,2,50.0,0,I,LARGE_PROVINCIAL_CITIES,STREET,3,7.0
102855,1,4,111,1,1,70.0,0,N,MELB_URBAN,HIGHWAY,3,14.0
102856,1,4,110,1,1,60.0,0,I,MELB_URBAN,STREET,3,16.0
102857,1,2,99,2,2,60.0,0,I,MELB_URBAN,ROAD,3,7.0
102858,1,3,121,1,1,60.0,0,I,MELB_URBAN,ROAD,3,15.0
102859,1,3,120,2,1,50.0,0,I,RURAL_VICTORIA,UNKNOWN,3,15.0
102860,1,4,130,1,1,60.0,0,I,MELB_URBAN,STREET,3,13.0
102861,1,4,132,2,1,60.0,0,I,MELB_URBAN,ROAD,3,17.0
102862,1,4,99,2,1,50.0,0,N,SMALL_CITIES,ROAD,3,17.0
102863,1,4,135,5,6,50.0,0,N,MELB_URBAN,STREET,2,19.0
102864,1,3,130,5,1,70.0,0,N,MELB_URBAN,ROAD,3,16.0
102865,1,3,99,1,1,50.0,0,I,LARGE_PROVINCIAL_CITIES,STREET,3,18.0
102866,1,1,130,5,3,50.0,0,N,MELB_URBAN,PARADE,12,23.0
102867,1,3,121,2,1,40.0,0,I,MELB_URBAN,STREET,3,18.0
102868,1,2,140,5,2,50.0,0,N,MELB_URBAN,ROAD,3,16.0
102869,1,4,130,5,1,60.0,0,N,SMALL_CITIES,STREET,3,18.0
102870,1,4,99,1,3,60.0,0,I,MELB_URBAN,DRIVE,3,20.0
102871,1,3,160,5,2,50.0,0,N,MELB_URBAN,DRIVE,3,19.0
102872,1,4,113,2,3,60.0,0,I,MELB_URBAN,ROAD,3,22.0
102873,2,4,99,2,3,50.0,0,I,MELB_URBAN,DRIVE,3,23.0
102874,1,4,120,5,1,100.0,0,N,RURAL_VICTORIA,ROAD,3,18.0
102875,1,5,121,2,3,80.0,0,I,RURAL_VICTORIA,HIGHWAY,3,6.0
102876,1,7,99,5,1,40.0,0,N,MELB_URBAN,STREET,3,17.0
102877,1,5,130,5,1,60.0,0,N,SMALL_CITIES,DRIVE,3,8.0
102878,1,5,130,2,3,60.0,1,I,MELB_URBAN,HIGHWAY,3,5.0
102879,2,5,100,5,1,50.0,0,N,MELB_URBAN,ROAD,3,9.0
102880,1,2,121,2,1,60.0,0,I,SMALL_CITIES,AVENUE,3,8.0
102881,1,5,121,2,1,60.0,0,I,MELB_URBAN,ROAD,3,7.0
102882,1,2,130,2,1,50.0,0,I,MELB_URBAN,STREET,3,17.0
102883,1,4,110,1,1,60.0,0,I,MELB_URBAN,ROAD,3,7.0
102884,2,5,99,5,1,50.0,0,N,MELB_URBAN,STREET,3,11.0
102885,1,4,110,1,1,60.0,0,I,RURAL_VICTORIA,ROAD,3,6.0
102886,2,4,100,1,1,50.0,0,I,MELB_URBAN,ROAD,3,11.0
102887,2,5,100,2,1,60.0,0,I,MELB_URBAN,ROAD,3,8.0
102888,1,5,130,1,1,30.0,0,I,MELB_URBAN,ROAD,3,12.0
102889,2,5,100,5,1,60.0,0,N,MELB_URBAN,ROAD,3,13.0
102890,1,5,110,1,5,80.0,0,I,RURAL_VICTORIA,STREET,3,6.0
102891,1,6,130,5,9,80.0,0,N,MELB_URBAN,RAMP,3,11.0
102892,1,5,121,1,1,40.0,0,I,MELBOURNE_CBD,STREET,3,9.0
102893,1,5,116,1,1,80.0,0,I,MELB_URBAN,ROAD,3,14.0
102894,1,3,99,5,1,100.0,0,N,RURAL_VICTORIA,ROAD,3,16.0
102895,1,5,99,2,1,60.0,0,I,MELB_URBAN,ROAD,3,8.0
102896,2,5,100,1,1,60.0,0,I,TOWNS,STREET,3,15.0
102897,1,5,130,5,1,80.0,0,I,RURAL_VICTORIA,HIGHWAY,3,17.0
102898,1,5,116,1,1,70.0,0,I,MELB_URBAN,ROAD,3,14.0
102899,1,5,121,1,1,60.0,0,I,MELB_URBAN,ROAD,3,18.0
102900,1,5,130,2,1,60.0,0,I,MELB_URBAN,ROAD,3,17.0
102901,1,5,113,2,1,80.0,0,I,MELB_URBAN,ROAD,3,17.0
102902,1,3,130,5,1,60.0,0,I,MELB_URBAN,ROAD,3,8.0
102903,4,5,173,5,2,100.0,0,N,SMALL_TOWNS,ROAD,3,19.0
102904,1,5,135,5,1,100.0,0,N,SMALL_TOWNS,FREEWAY,3,18.0
102905,1,5,110,1,1,60.0,0,I,MELB_URBAN,ROAD,3,14.0
102906,6,5,99,5,1,80.0,0,N,RURAL_VICTORIA,ROAD,3,15.0
102907,1,3,133,1,9,40.0,0,I,MELBOURNE_CBD,STREET,3,13.0
102908,1,5,99,1,1,60.0,0,I,MELB_URBAN,PARADE,3,17.0
102909,4,5,181,5,5,100.0,1,N,RURAL_VICTORIA,OTHER,3,19.0
102910,1,5,130,5,5,80.0,0,N,RURAL_VICTORIA,ROAD,3,20.0
102911,1,5,99,1,3,80.0,0,N,MELB_URBAN,ROAD,3,23.0
102912,1,6,121,1,3,60.0,0,I,MELB_URBAN,RAMP,3,0.0
102913,1,4,140,2,3,60.0,0,I,MELB_URBAN,ROAD,3,0.0
102914,4,1,183,5,5,60.0,0,N,MELB_URBAN,RAMP,3,17.0
102915,1,4,110,1,1,50.0,0,I,MELB_URBAN,STREET,3,11.0
102916,5,5,99,5,1,60.0,0,N,RURAL_VICTORIA,ROAD,3,11.0
102917,1,6,110,1,1,60.0,0,I,MELB_URBAN,ROAD,3,8.0
102918,1,1,163,5,1,60.0,0,N,MELB_URBAN,STREET,2,17.0
102919,2,6,102,5,1,100.0,0,N,MELB_URBAN,ROAD,3,8.0
102920,1,3,147,5,9,60.0,0,N,MELB_URBAN,ROAD,3,13.0
102921,1,6,99,5,2,60.0,0,N,MELB_URBAN,ROAD,3,6.0
102922,4,5,181,5,2,100.0,0,N,RURAL_VICTORIA,ROAD,3,7.0
102923,1,6,121,1,1,60.0,0,I,MELB_URBAN,STREET,3,9.0
102924,1,6,130,2,1,60.0,0,I,MELB_URBAN,STREET,3,9.0
102925,3,1,167,5,1,80.0,0,N,RURAL_VICTORIA,ROAD,3,9.0
102926,1,6,130,1,1,80.0,0,I,MELB_URBAN,HIGHWAY,3,8.0
102927,1,6,110,1,1,100.0,0,I,RURAL_VICTORIA,ROAD,3,11.0
102928,1,5,133,5,1,100.0,0,N,RURAL_VICTORIA,HIGHWAY,3,16.0
102929,1,6,130,5,1,100.0,0,N,MELB_URBAN,FREEWAY,3,8.0
102930,7,6,99,2,1,60.0,0,I,MELB_URBAN,ROAD,3,9.0
102931,6,6,99,5,1,100.0,0,N,RURAL_VICTORIA,ROAD,3,11.0
102932,1,5,116,2,1,60.0,0,I,LARGE_PROVINCIAL_CITIES,ROAD,3,18.0
102933,1,5,160,5,9,60.0,0,N,MELB_URBAN,DRIVE,11,2.0
102934,1,5,110,1,1,50.0,0,I,SMALL_CITIES,STREET,3,12.0
102935,1,6,121,2,1,60.0,0,I,MELB_URBAN,STREET,3,11.0
102936,1,5,99,2,1,60.0,0,I,MELB_URBAN,PARADE,3,15.0
102937,1,6,120,2,1,60.0,0,I,MELB_URBAN,ROAD,3,13.0
102938,1,3,130,2,1,60.0,0,I,MELB_URBAN,OTHER,3,18.0
102939,1,2,130,5,1,60.0,0,N,MELB_URBAN,ROAD,3,7.0
102940,1,6,130,5,1,100.0,0,N,RURAL_VICTORIA,HIGHWAY,3,8.0
102941,1,6,121,1,1,70.0,0,I,LARGE_PROVINCIAL_CITIES,ROAD,3,15.0
102942,1,6,99,1,1,40.0,0,I,MELB_URBAN,PARADE,3,14.0
102943,1,6,130,5,1,60.0,0,N,SMALL_CITIES,ROAD,3,15.0
102944,1,6,121,1,1,60.0,0,I,MELB_URBAN,HIGHWAY,3,16.0
102945,4,5,99,5,1,50.0,0,N,MELB_URBAN,ROAD,3,7.0
102946,1,4,160,5,1,60.0,0,N,MELB_URBAN,OTHER,3,12.0
102947,1,6,163,5,1,40.0,0,N,MELB_URBAN,STREET,3,15.0
102948,4,6,181,5,1,100.0,0,N,RURAL_VICTORIA,ROAD,3,14.0
102949,2,5,100,1,1,40.0,0,I,SMALL_CITIES,STREET,3,15.0
102950,1,6,130,5,1,80.0,0,N,MELB_URBAN,HIGHWAY,3,16.0
102951,1,6,121,5,1,60.0,0,N,SMALL_CITIES,STREET,3,16.0
102952,1,6,160,5,1,50.0,0,N,LARGE_PROVINCIAL_CITIES,STREET,3,15.0
102953,1,6,121,2,1,50.0,0,I,MELB_URBAN,BOULEVARD,3,16.0
102954,1,6,130,2,3,60.0,0,I,MELB_URBAN,ROAD,3,19.0
102955,1,5,130,5,2,60.0,0,N,MELB_URBAN,STREET,3,7.0
102956,1,5,120,5,5,60.0,0,N,SMALL_TOWNS,ROAD,3,19.0
102957,6,6,184,5,3,60.0,0,N,MELB_URBAN,AVENUE,3,21.0
102958,1,6,99,5,1,60.0,0,N,MELB_URBAN,ROAD,3,15.0
102959,1,6,99,2,3,80.0,0,N,MELB_URBAN,HIGHWAY,3,21.0
102960,1,6,134,5,3,60.0,0,N,MELB_URBAN,ROAD,3,19.0
102961,4,6,183,5,5,60.0,0,N,RURAL_VICTORIA,ROAD,3,22.0
102962,2,5,102,2,1,50.0,0,I,TOWNS,STREET,3,7.0
102963,4,7,171,5,3,40.0,0,N,MELB_URBAN,ROAD,3,0.0
102964,8,7,99,2,3,60.0,0,N,MELB_URBAN,PARADE,3,0.0
102965,4,7,181,5,5,60.0,0,N,SMALL_TOWNS,ROAD,3,2.0
102966,1,7,113,2,1,80.0,0,I,SMALL_CITIES,HIGHWAY,3,9.0
102967,1,6,121,1,3,60.0,0,I,RURAL_VICTORIA,ROAD,3,20.0
102968,2,7,102,5,1,40.0,0,N,MELB_URBAN,STREET,3,9.0
102969,1,4,116,2,1,60.0,0,I,MELB_URBAN,ROAD,3,9.0
102970,1,7,99,1,1,60.0,0,I,MELB_URBAN,ROAD,3,18.0
102971,1,7,130,1,6,60.0,0,N,MELB_URBAN,ROAD,3,20.0
102972,1,7,130,5,1,100.0,0,N,MELB_URBAN,FREEWAY,3,14.0
102973,1,7,120,5,1,80.0,0,N,MELB_URBAN,ROAD,3,17.0
102974,7,7,99,2,1,100.0,0,I,RURAL_VICTORIA,HIGHWAY,3,14.0
102975,4,3,171,5,9,60.0,0,N,MELB_URBAN,ROAD,3,6.0
102976,1,7,110,1,1,50.0,0,I,TOWNS,STREET,3,18.0
102977,8,7,174,1,3,60.0,0,N,MELB_URBAN,ROAD,3,22.0
102978,2,1,100,5,3,60.0,0,N,SMALL_CITIES,STREET,3,0.0
102979,7,7,99,5,3,40.0,0,N,MELB_URBAN,STREET,3,23.0
102980,1,1,120,5,3,60.0,0,N,RURAL_VICTORIA,ROAD,3,1.0
102981,7,7,99,5,3,50.0,0,N,SMALL_CITIES,AVENUE,3,23.0
102982,2,1,102,1,3,40.0,0,I,MELB_URBAN,ROAD,3,3.0
102983,4,1,171,5,5,80.0,0,N,MELB_URBAN,ROAD,3,0.0
102984,2,1,99,5,3,60.0,0,N,LARGE_PROVINCIAL_CITIES,STREET,3,3.0
102985,4,1,171,5,3,80.0,0,N,MELB_URBAN,RAMP,3,2.0
102986,1,1,110,1,3,60.0,0,I,MELB_URBAN,HIGHWAY,3,1.0
102987,4,1,99,5,6,60.0,0,N,MELB_URBAN,ROAD,3,2.0
102988,4,0,173,2,3,60.0,0,I,MELB_URBAN,STREET,3,5.0
102989,1,6,113,2,3,60.0,0,I,MELB_URBAN,ROAD,3,19.0
102990,1,4,130,1,2,60.0,0,N,MELB_URBAN,DRIVE,3,18.0
102991,1,6,134,5,9,80.0,0,N,MELB_URBAN,ROAD,3,15.0
102992,4,1,171,5,1,60.0,0,N,MELB_URBAN,ROAD,3,11.0
102993,6,1,184,5,1,100.0,0,N,RURAL_VICTORIA,ROAD,3,10.0
102994,1,4,135,2,1,80.0,0,I,MELB_URBAN,ROAD,3,13.0
102995,1,7,130,1,9,80.0,0,I,MELB_URBAN,ROAD,3,15.0
102996,1,1,110,1,1,60.0,0,I,TOWNS,HIGHWAY,3,11.0
102997,4,1,173,1,1,60.0,0,I,MELB_URBAN,ROAD,3,13.0
102998,1,6,110,1,6,60.0,0,I,MELB_URBAN,BOULEVARD,3,18.0
102999,3,1,167,5,1,100.0,0,N,RURAL_VICTORIA,ROAD,3,13.0
103000,8,1,99,2,1,60.0,0,N,MELB_URBAN,STREET,3,14.0
103001,5,6,183,5,1,100.0,0,N,RURAL_VICTORIA,HIGHWAY,3,11.0
103002,4,1,171,5,1,80.0,0,N,RURAL_VICTORIA,ROAD,3,17.0
103003,4,7,171,5,5,100.0,0,N,RURAL_VICTORIA,ROAD,3,6.0
103004,4,1,173,5,1,40.0,0,N,LARGE_PROVINCIAL_CITIES,STREET,3,16.0
103005,1,1,110,1,1,40.0,0,I,MELB_URBAN,STREET,3,13.0
103006,1,1,160,5,3,50.0,0,N,MELB_URBAN,STREET,3,21.0
103007,1,1,130,5,1,80.0,0,N,MELB_URBAN,UNKNOWN,3,15.0
103008,4,2,171,5,3,50.0,0,N,MELB_URBAN,ROAD,4,2.0
103009,1,2,110,1,2,50.0,0,I,MELB_URBAN,STREET,4,6.0
103010,2,4,100,1,1,60.0,0,N,MELB_URBAN,ROAD,3,15.0
103011,5,2,99,5,2,100.0,0,N,MELB_URBAN,UNKNOWN,4,7.0
103012,2,2,99,5,5,80.0,1,N,RURAL_VICTORIA,HIGHWAY,4,5.0
103013,1,1,130,5,1,80.0,0,N,MELB_URBAN,ROAD,4,8.0
103014,3,2,167,5,6,60.0,0,N,RURAL_VICTORIA,ROAD,4,6.0
103015,1,2,130,5,1,40.0,0,N,SMALL_CITIES,STREET,4,8.0
103016,2,6,100,5,1,40.0,0,N,MELB_URBAN,STREET,3,15.0
103017,1,6,113,2,1,50.0,0,I,MELB_URBAN,STREET,3,8.0
103018,1,2,130,2,1,60.0,0,I,MELB_URBAN,ROAD,4,9.0
103019,1,2,110,1,1,50.0,0,I,SMALL_CITIES,STREET,4,8.0
103020,1,1,99,1,1,50.0,0,I,SMALL_CITIES,STREET,4,11.0
103021,1,1,135,5,1,80.0,0,N,MELB_URBAN,ROAD,4,7.0
103022,8,2,99,5,1,100.0,0,N,RURAL_VICTORIA,ROAD,4,11.0
103023,1,2,130,5,1,110.0,0,N,RURAL_VICTORIA,FREEWAY,4,11.0
103024,7,4,99,5,1,60.0,0,N,RURAL_VICTORIA,OTHER,3,12.0
103025,1,1,110,1,1,60.0,0,I,LARGE_PROVINCIAL_CITIES,AVENUE,4,10.0
103026,8,2,99,5,1,60.0,0,N,SMALL_CITIES,DRIVE,4,15.0
103027,1,2,121,2,1,80.0,0,I,SMALL_CITIES,DRIVE,4,10.0
103028,1,0,130,4,9,60.0,0,I,MELB_URBAN,DRIVE,3,18.0
103029,7,4,99,1,1,70.0,0,I,MELB_URBAN,STREET,3,13.0
103030,5,2,99,5,1,60.0,0,N,RURAL_VICTORIA,ROAD,4,15.0
103031,1,2,121,1,1,80.0,0,I,MELB_URBAN,ROAD,4,14.0
103032,1,2,140,2,1,60.0,0,I,RURAL_VICTORIA,ROAD,4,17.0
103033,1,1,130,5,2,60.0,0,N,MELB_URBAN,ROAD,4,18.0
103034,1,1,110,1,2,80.0,0,N,MELB_URBAN,HIGHWAY,4,18.0
103035,1,2,121,1,2,50.0,0,I,MELB_URBAN,STREET,4,19.0
103036,2,2,99,5,1,60.0,0,N,SMALL_TOWNS,STREET,4,16.0
103037,1,1,130,1,9,80.0,0,I,MELB_URBAN,ROAD,3,11.0
103038,1,2,147,5,1,60.0,0,N,SMALL_CITIES,ROAD,4,17.0
103039,1,4,121,1,3,60.0,0,I,MELB_URBAN,STREET,3,22.0
103040,1,2,99,5,1,60.0,0,I,MELB_URBAN,OTHER,3,8.0
103041,1,2,113,2,1,50.0,0,I,MELB_URBAN,DRIVE,4,16.0
103042,6,2,99,5,1,60.0,0,N,MELB_URBAN,ROAD,4,18.0
103043,1,1,163,5,3,60.0,0,N,MELB_URBAN,STREET,4,20.0
103044,1,2,171,2,3,60.0,0,I,MELB_URBAN,STREET,4,19.0
103045,2,1,102,5,1,60.0,0,N,MELB_URBAN,ROAD,4,16.0
103046,1,2,113,1,3,80.0,0,I,MELB_URBAN,STREET,4,19.0
103047,1,2,110,1,5,70.0,0,I,MELB_URBAN,ROAD,4,21.0
103048,2,2,99,1,3,40.0,0,I,TOWNS,STREET,4,20.0
103049,1,1,140,2,3,70.0,0,I,MELB_URBAN,ROAD,4,20.0
103050,4,1,173,5,5,100.0,0,N,RURAL_VICTORIA,ROAD,4,20.0
103051,4,2,171,5,5,100.0,0,N,RURAL_VICTORIA,HIGHWAY,4,23.0
103052,1,5,121,1,1,60.0,0,I,MELB_URBAN,STREET,3,7.0
103053,1,1,173,5,1,50.0,0,N,MELB_URBAN,STREET,4,10.0
103054,7,3,99,1,3,60.0,0,I,LARGE_PROVINCIAL_CITIES,ROAD,4,6.0
103055,1,2,120,5,1,80.0,0,N,MELB_URBAN,HIGHWAY,4,15.0
103056,1,3,99,2,3,60.0,0,I,SMALL_TOWNS,ROAD,4,6.0
103057,2,1,99,5,1,60.0,0,N,MELB_URBAN,STREET,4,18.0
103058,1,2,130,5,2,80.0,0,N,MELB_URBAN,OTHER,4,7.0
103059,1,4,130,1,3,60.0,0,I,LARGE_PROVINCIAL_CITIES,STREET,3,20.0
103060,2,3,100,2,1,60.0,0,I,MELB_URBAN,ROAD,4,8.0
103061,1,2,130,2,1,60.0,0,I,MELB_URBAN,ROAD,4,9.0
103062,1,2,116,2,3,60.0,0,I,MELB_URBAN,AVENUE,4,7.0
103063,4,2,181,5,1,100.0,0,N,RURAL_VICTORIA,HIGHWAY,4,14.0
103064,1,2,110,1,1,80.0,0,I,RURAL_VICTORIA,FREEWAY,4,10.0
103065,1,5,130,2,1,60.0,0,N,RURAL_VICTORIA,ROAD,3,15.0
103066,1,3,135,5,1,100.0,0,N,MELB_URBAN,FREEWAY,4,10.0
103067,1,6,116,2,1,50.0,0,I,MELB_URBAN,STREET,3,11.0
103068,1,3,121,5,2,80.0,0,N,MELB_URBAN,ROAD,4,7.0
103069,1,6,121,1,3,60.0,0,I,MELB_URBAN,ROAD,3,22.0
103070,1,2,130,5,1,50.0,0,N,MELB_URBAN,ROAD,4,9.0
103071,1,3,132,2,1,100.0,0,I,RURAL_VICTORIA,ROAD,4,7.0
103072,2,3,102,2,1,60.0,0,N,MELB_URBAN,ROAD,4,12.0
103073,1,1,130,1,1,60.0,0,I,MELB_URBAN,STREET,3,12.0
103074,1,2,130,5,5,80.0,0,N,MELB_URBAN,HIGHWAY,4,6.0
103075,2,2,102,5,1,40.0,0,N,MELB_URBAN,STREET,4,12.0
103076,2,2,100,1,1,60.0,0,I,MELB_URBAN,STREET,4,10.0
103077,1,5,130,5,2,100.0,0,N,MELB_URBAN,FREEWAY,3,7.0
103078,1,2,99,1,1,60.0,0,I,MELB_URBAN,ROAD,4,12.0