,accident_type,day_of_week,dca_code,road_geometry,light_condition,speed_zone,severity,node_type,deg_urban_name,road_type,month,hour
103079,3,4,167,5,6,100.0,0,N,RURAL_VICTORIA,ROAD,2,21.0
103080,1,3,160,5,1,50.0,0,N,SMALL_CITIES,STREET,4,15.0
103081,2,2,100,1,1,50.0,0,I,MELB_URBAN,ROAD,4,7.0
103082,4,3,181,5,1,70.0,0,N,TOWNS,ROAD,4,15.0
103083,4,0,181,2,1,60.0,0,I,MELB_URBAN,ROAD,3,12.0
103084,1,3,130,2,1,60.0,0,I,MELB_URBAN,PARADE,4,15.0
103085,1,3,110,1,1,50.0,0,I,MELB_URBAN,STREET,4,15.0
103086,1,2,130,5,1,60.0,0,N,MELB_URBAN,ROAD,4,16.0
103087,8,3,174,5,1,50.0,0,N,LARGE_PROVINCIAL_CITIES,ROAD,2,16.0
103088,1,3,121,2,2,60.0,0,I,MELB_URBAN,ROAD,4,18.0
103089,1,2,111,2,1,60.0,0,I,MELB_URBAN,ROAD,4,16.0
103090,3,2,167,5,1,100.0,0,N,RURAL_VICTORIA,ROAD,4,14.0
103091,4,2,173,5,1,50.0,0,N,MELB_URBAN,AVENUE,4,16.0
103092,3,4,167,5,1,100.0,0,N,RURAL_VICTORIA,ROAD,3,12.0
103093,1,2,113,4,2,80.0,0,I,MELB_URBAN,RAMP,4,18.0
103094,1,3,120,5,1,80.0,0,N,MELB_URBAN,ROAD,4,16.0
103095,2,2,100,1,1,80.0,0,I,MELB_URBAN,ROAD,4,16.0
103096,1,3,110,1,1,60.0,0,I,MELB_URBAN,STREET,4,16.0
103097,2,3,102,2,1,40.0,0,I,MELB_URBAN,ROAD,4,18.0
103098,1,2,133,2,1,60.0,0,I,MELB_URBAN,ROAD,4,14.0
103099,8,3,99,5,1,100.0,0,N,RURAL_VICTORIA,ROAD,4,18.0
103100,2,3,100,1,1,50.0,0,I,MELB_URBAN,ROAD,4,15.0
103101,1,3,163,5,1,40.0,0,N,MELB_URBAN,STREET,4,17.0
103102,4,2,173,5,1,100.0,0,N,RURAL_VICTORIA,HIGHWAY,4,16.0
103103,1,2,130,2,1,80.0,0,I,MELB_URBAN,ROAD,3,14.0
103104,3,4,167,5,5,100.0,0,N,TOWNS,ROAD,4,6.0
103105,1,4,121,1,2,80.0,0,N,MELB_URBAN,HIGHWAY,4,6.0
103106,1,4,121,1,1,50.0,0,I,MELB_URBAN,STREET,4,8.0
103107,1,2,121,2,1,60.0,0,I,MELB_URBAN,ROAD,4,13.0
103108,1,3,110,1,2,60.0,0,I,LARGE_PROVINCIAL_CITIES,STREET,4,7.0
103109,3,4,167,5,1,80.0,0,N,RURAL_VICTORIA,ROAD,4,7.0
103110,1,6,99,2,1,80.0,0,I,MELB_URBAN,ROAD,3,15.0
103111,1,4,99,4,1,40.0,0,I,MELB_URBAN,STREET,4,8.0
103112,4,7,173,5,1,80.0,0,N,MELB_URBAN,HIGHWAY,3,14.0
103113,1,3,130,5,1,60.0,0,N,MELB_URBAN,ROAD,4,8.0
103114,4,6,171,5,1,100.0,0,N,RURAL_VICTORIA,ROAD,3,19.0
103115,1,4,134,5,1,110.0,0,N,SMALL_TOWNS,FREEWAY,3,9.0
103116,1,5,133,5,1,40.0,0,N,MELB_URBAN,ROAD,3,15.0
103117,1,2,147,5,2,80.0,0,N,SMALL_CITIES,ROAD,4,18.0
103118,1,4,130,5,1,100.0,0,N,RURAL_VICTORIA,FREEWAY,4,12.0
103119,1,3,130,5,1,50.0,0,N,SMALL_CITIES,STREET,4,13.0
103120,1,4,140,1,1,60.0,0,N,MELB_URBAN,STREET,4,13.0
103121,8,3,174,5,2,40.0,0,N,MELB_URBAN,STREET,4,6.0
103122,1,4,135,5,1,100.0,0,N,RURAL_VICTORIA,HIGHWAY,4,13.0
103123,4,4,171,2,1,60.0,0,I,MELB_URBAN,ROAD,4,13.0
103124,6,4,99,5,1,60.0,0,N,LARGE_PROVINCIAL_CITIES,ROAD,4,13.0
103125,1,4,132,5,1,80.0,0,N,RURAL_VICTORIA,HIGHWAY,4,14.0
103126,1,4,121,1,1,60.0,0,I,SMALL_CITIES,STREET,4,15.0
103127,1,3,130,5,1,90.0,0,N,RURAL_VICTORIA,FREEWAY,4,15.0
103128,1,4,110,1,1,80.0,0,I,RURAL_VICTORIA,ROAD,4,15.0
103129,4,4,173,1,1,60.0,0,N,RURAL_VICTORIA,RAMP,4,14.0
103130,1,3,140,5,1,50.0,0,N,MELB_URBAN,AVENUE,4,17.0
103131,7,3,99,2,1,60.0,0,I,MELB_URBAN,STREET,4,16.0
103132,1,4,116,1,2,50.0,0,I,MELB_URBAN,ROAD,4,17.0
103133,1,4,99,2,1,70.0,0,I,MELB_URBAN,DRIVE,4,16.0
103134,1,4,130,1,1,60.0,0,I,MELB_URBAN,ROAD,4,17.0
103135,8,4,99,5,1,50.0,0,N,MELB_URBAN,DRIVE,4,17.0
103136,4,4,171,1,1,50.0,0,I,MELB_URBAN,ROAD,4,16.0
103137,1,4,116,2,3,60.0,0,I,MELB_URBAN,STREET,4,19.0
103138,1,4,113,2,1,60.0,0,I,MELB_URBAN,ROAD,4,17.0
103139,1,4,113,2,1,60.0,1,I,MELB_URBAN,ROAD,4,17.0
103140,1,4,110,1,1,60.0,0,I,MELB_URBAN,STREET,4,16.0
103141,2,3,100,1,1,60.0,0,I,LARGE_PROVINCIAL_CITIES,ROAD,4,15.0
103142,4,3,171,5,1,100.0,0,N,MELB_URBAN,RAMP,3,18.0
103143,4,4,183,5,5,100.0,0,N,RURAL_VICTORIA,ROAD,4,21.0
103144,1,5,120,5,3,90.0,1,N,RURAL_VICTORIA,HIGHWAY,4,5.0
103145,4,6,99,9,9,60.0,0,UNKNOWN,UNKNOWN,UNKNOWN,12,3.0
103146,1,5,130,5,1,70.0,0,N,MELB_URBAN,ROAD,4,8.0
103147,1,5,110,1,1,40.0,0,I,MELB_URBAN,STREET,4,9.0
103148,1,2,110,1,1,60.0,0,I,MELB_URBAN,ROAD,4,13.0
103149,1,3,132,2,1,100.0,0,I,RURAL_VICTORIA,ROAD,4,15.0
103150,1,5,130,5,3,100.0,0,N,MELB_URBAN,FREEWAY,4,7.0
103151,2,5,102,1,1,50.0,0,I,MELB_URBAN,ROAD,4,10.0
103152,3,5,167,5,1,100.0,0,N,RURAL_VICTORIA,ROAD,4,8.0
103153,2,5,100,5,1,40.0,0,N,MELB_URBAN,STREET,4,10.0
103154,1,5,120,4,1,60.0,0,I,MELB_URBAN,RAMP,4,8.0
103155,1,4,130,1,1,60.0,0,I,LARGE_PROVINCIAL_CITIES,STREET,4,12.0
103156,1,4,130,1,1,60.0,0,I,MELB_URBAN,ROAD,4,8.0
103157,4,2,173,5,1,100.0,0,N,RURAL_VICTORIA,HIGHWAY,4,14.0
103158,4,5,181,5,1,80.0,0,N,RURAL_VICTORIA,ROAD,4,12.0
103159,1,4,121,5,1,50.0,0,N,MELB_URBAN,STREET,4,13.0
103160,1,4,135,2,1,60.0,0,I,MELB_URBAN,ROAD,4,14.0
103161,1,5,130,1,9,60.0,0,I,MELB_URBAN,ROAD,2,15.0
103162,2,5,102,2,1,50.0,0,I,MELB_URBAN,STREET,4,9.0
103163,1,5,160,5,1,60.0,0,N,LARGE_PROVINCIAL_CITIES,STREET,4,11.0
103164,1,5,121,1,1,50.0,0,I,MELB_URBAN,STREET,4,15.0
103165,1,5,99,2,1,60.0,0,N,MELB_URBAN,STREET,4,16.0
103166,1,5,116,1,1,60.0,0,I,MELB_URBAN,ROAD,4,14.0
103167,1,4,120,5,1,60.0,0,N,MELB_URBAN,ROAD,4,16.0
103168,1,2,130,2,1,60.0,0,I,MELB_URBAN,RAMP,3,10.0
103169,6,4,99,5,1,100.0,0,N,RURAL_VICTORIA,ROAD,4,15.0
103170,1,4,113,2,1,60.0,0,I,MELB_URBAN,ROAD,4,15.0
103171,1,4,133,1,1,40.0,0,I,MELB_URBAN,STREET,4,8.0
103172,1,5,130,5,1,80.0,0,N,RURAL_VICTORIA,HIGHWAY,4,17.0
103173,1,5,110,1,1,60.0,0,I,MELB_URBAN,ROAD,4,18.0
103174,1,5,130,5,1,80.0,0,N,MELB_URBAN,ROAD,4,16.0
103175,1,5,130,2,1,60.0,0,I,MELB_URBAN,STREET,4,18.0
103176,1,4,99,1,1,60.0,0,N,MELB_URBAN,ROAD,4,16.0
103177,2,5,100,2,1,40.0,0,I,MELB_URBAN,STREET,4,15.0
103178,2,5,102,5,1,80.0,0,N,MELB_URBAN,ROAD,4,20.0
103179,4,5,171,5,5,40.0,0,N,RURAL_VICTORIA,ROAD,4,20.0
103180,1,3,111,2,1,70.0,0,I,MELB_URBAN,STREET,3,12.0
103181,6,5,170,5,5,60.0,0,N,SMALL_CITIES,ROAD,4,23.0
103182,4,5,171,5,3,80.0,0,N,RURAL_VICTORIA,ROAD,4,4.0
103183,1,4,113,1,1,60.0,0,I,LARGE_PROVINCIAL_CITIES,STREET,4,11.0
103184,1,5,113,2,5,50.0,0,I,MELB_URBAN,STREET,4,6.0
103185,2,4,99,2,1,50.0,0,I,MELB_URBAN,OTHER,4,8.0
103186,1,5,110,1,3,60.0,0,I,MELB_URBAN,ROAD,4,6.0
103187,2,6,100,2,1,50.0,0,I,LARGE_PROVINCIAL_CITIES,STREET,4,9.0
103188,1,5,113,2,1,80.0,0,I,SMALL_CITIES,AVENUE,4,18.0
103189,4,6,183,5,1,80.0,0,N,RURAL_VICTORIA,ROAD,4,8.0
103190,1,6,113,1,1,60.0,0,I,MELB_URBAN,RAMP,4,11.0
103191,5,6,181,5,1,50.0,0,N,MELB_URBAN,DRIVE,4,9.0
103192,1,6,99,5,1,100.0,0,N,MELB_URBAN,ROAD,4,8.0
103193,1,6,99,5,1,50.0,0,N,MELB_URBAN,STREET,4,9.0
103194,1,6,110,1,1,60.0,0,I,RURAL_VICTORIA,ROAD,4,10.0
103195,4,6,171,5,1,100.0,0,N,RURAL_VICTORIA,ROAD,4,10.0
103196,1,6,121,1,1,60.0,0,I,MELB_URBAN,ROAD,4,10.0
103197,7,6,99,5,1,40.0,0,N,SMALL_TOWNS,STREET,3,19.0
103198,4,6,173,2,1,80.0,0,N,MELB_URBAN,ROAD,4,12.0
103199,1,6,130,5,1,100.0,0,N,RURAL_VICTORIA,FREEWAY,4,10.0
103200,1,6,163,5,1,40.0,0,N,MELBOURNE_CBD,STREET,4,10.0
103201,1,5,110,1,1,100.0,0,I,RURAL_VICTORIA,ROAD,4,18.0
103202,1,6,130,5,1,80.0,0,N,MELB_URBAN,RAMP,4,9.0
103203,1,6,133,5,1,110.0,0,N,RURAL_VICTORIA,FREEWAY,4,15.0
103204,1,6,130,5,1,80.0,0,N,LARGE_PROVINCIAL_CITIES,HIGHWAY,4,14.0
103205,1,5,116,2,1,60.0,0,I,RURAL_VICTORIA,HIGHWAY,4,15.0
103206,1,6,120,5,1,50.0,0,N,MELB_URBAN,STREET,4,16.0
103207,1,5,130,5,1,80.0,0,N,MELB_URBAN,FREEWAY,4,15.0
103208,2,6,100,1,1,50.0,0,I,TOWNS,ROAD,4,18.0
103209,1,6,120,5,1,100.0,0,N,RURAL_VICTORIA,ROAD,4,12.0
103210,1,6,110,1,1,60.0,0,I,SMALL_CITIES,STREET,4,17.0
103211,1,6,163,5,1,40.0,0,N,MELB_URBAN,STREET,4,18.0
103212,4,5,171,2,2,60.0,0,I,MELB_URBAN,ROAD,4,18.0
103213,1,6,113,2,1,80.0,0,N,MELB_URBAN,ROAD,4,18.0
103214,1,6,116,2,1,100.0,0,I,RURAL_VICTORIA,ROAD,4,15.0
103215,3,6,167,5,9,80.0,0,N,RURAL_VICTORIA,ROAD,1,9.0
103216,1,6,120,5,3,60.0,0,N,MELB_URBAN,ROAD,4,20.0
103217,2,6,102,1,3,60.0,0,I,MELB_URBAN,STREET,4,22.0
103218,1,6,130,1,3,60.0,0,I,SMALL_CITIES,STREET,4,21.0
103219,1,5,135,1,3,60.0,0,I,MELB_URBAN,STREET,4,20.0
103220,1,6,120,5,5,100.0,0,N,RURAL_VICTORIA,ROAD,4,22.0
103221,1,7,121,1,3,80.0,0,I,MELB_URBAN,ROAD,4,1.0
103222,2,7,102,1,1,60.0,0,I,MELB_URBAN,STREET,4,9.0
103223,7,6,99,5,1,100.0,0,N,RURAL_VICTORIA,OTHER,4,16.0
103224,1,7,99,2,1,80.0,0,I,MELB_URBAN,HIGHWAY,4,11.0
103225,1,6,110,1,1,50.0,0,I,MELB_URBAN,ROAD,4,10.0
103226,1,7,147,5,1,60.0,0,N,MELB_URBAN,ROAD,4,11.0
103227,6,7,174,1,1,80.0,0,I,RURAL_VICTORIA,HIGHWAY,4,13.0
103228,4,7,173,4,1,50.0,0,I,MELB_URBAN,STREET,4,7.0
103229,4,7,173,2,1,50.0,0,I,MELB_URBAN,AVENUE,4,13.0
103230,1,7,116,2,1,80.0,0,I,MELB_URBAN,OTHER,4,13.0
103231,4,6,171,5,1,60.0,0,N,SMALL_CITIES,DRIVE,4,17.0
103232,1,7,130,5,1,40.0,0,N,RURAL_VICTORIA,ROAD,4,14.0
103233,1,7,113,1,1,60.0,0,I,MELB_URBAN,ROAD,4,14.0
103234,1,7,132,2,1,60.0,0,I,RURAL_VICTORIA,ROAD,4,14.0
103235,1,4,99,5,6,60.0,0,N,MELB_URBAN,STREET,4,5.0
103236,4,7,181,2,1,80.0,0,I,RURAL_VICTORIA,ROAD,4,12.0
103237,4,7,173,5,1,80.0,0,N,RURAL_VICTORIA,ROAD,4,14.0
103238,1,7,116,2,1,50.0,0,I,MELB_URBAN,ROAD,4,13.0
103239,4,7,99,5,1,50.0,0,N,MELB_URBAN,STREET,4,14.0
103240,1,6,99,5,1,60.0,0,N,MELB_URBAN,ROAD,4,17.0
103241,1,7,130,2,1,60.0,0,I,RURAL_VICTORIA,ROAD,4,8.0
103242,4,7,99,5,1,100.0,0,N,RURAL_VICTORIA,ROAD,4,17.0
103243,1,7,135,5,1,100.0,0,N,MELB_URBAN,FREEWAY,4,18.0
103244,1,6,110,1,2,60.0,0,I,MELB_URBAN,ROAD,4,18.0
103245,1,6,130,3,1,80.0,0,I,MELB_URBAN,ROAD,4,13.0
103246,1,6,133,2,1,40.0,0,I,MELB_URBAN,STREET,4,15.0
103247,3,7,167,5,5,100.0,0,N,RURAL_VICTORIA,ROAD,4,19.0
103248,4,7,171,5,1,100.0,0,N,RURAL_VICTORIA,ROAD,4,18.0
103249,4,6,173,5,5,100.0,0,N,RURAL_VICTORIA,ROAD,4,22.0
103250,5,7,99,5,5,80.0,0,N,RURAL_VICTORIA,ROAD,4,21.0
103251,4,7,183,2,6,50.0,0,N,MELB_URBAN,DRIVE,4,21.0
103252,8,7,99,5,1,100.0,1,N,RURAL_VICTORIA,ROAD,4,15.0
103253,1,7,163,5,3,40.0,0,N,MELBOURNE_CBD,STREET,4,23.0
103254,4,7,171,5,5,100.0,0,N,RURAL_VICTORIA,OTHER,4,21.0
103255,2,1,100,1,6,60.0,0,I,SMALL_CITIES,AVENUE,4,2.0
103256,1,7,111,2,3,80.0,0,I,MELB_URBAN,HIGHWAY,4,23.0
103257,1,5,130,2,1,60.0,0,N,MELB_URBAN,ROAD,3,11.0
103258,4,7,173,5,1,100.0,0,N,RURAL_VICTORIA,ROAD,4,10.0
103259,1,1,171,5,1,80.0,0,N,MELB_URBAN,HIGHWAY,4,7.0
103260,1,7,130,5,1,60.0,0,N,MELB_URBAN,ROAD,4,10.0
103261,6,1,99,5,1,100.0,0,N,RURAL_VICTORIA,OTHER,4,10.0
103262,1,1,113,2,1,70.0,0,I,LARGE_PROVINCIAL_CITIES,OTHER,4,6.0
103263,1,6,110,1,3,80.0,0,I,MELB_URBAN,RAMP,4,20.0
103264,7,1,184,5,1,80.0,0,N,RURAL_VICTORIA,ROAD,4,11.0
103265,1,1,160,5,1,50.0,0,N,MELB_URBAN,STREET,4,11.0
103266,1,0,130,5,1,80.0,0,N,MELB_URBAN,HIGHWAY,4,12.0
103267,1,1,111,1,1,60.0,0,I,TOWNS,ROAD,4,13.0
103268,6,7,99,5,2,80.0,0,N,RURAL_VICTORIA,ROAD,4,19.0
103269,1,1,121,2,1,60.0,0,I,MELB_URBAN,ROAD,4,12.0
103270,1,2,120,2,3,60.0,0,I,LARGE_PROVINCIAL_CITIES,STREET,4,19.0
103271,1,1,113,2,1,60.0,0,I,MELB_URBAN,ROAD,4,12.0
103272,1,1,130,5,1,80.0,0,N,MELB_URBAN,HIGHWAY,4,12.0
103273,1,0,120,5,1,60.0,0,N,MELB_URBAN,ROAD,4,13.0
103274,2,0,99,5,1,60.0,0,N,TOWNS,STREET,4,15.0
103275,6,0,174,5,1,100.0,0,N,MELB_URBAN,FREEWAY,4,11.0
103276,4,1,183,5,1,100.0,0,N,RURAL_VICTORIA,ROAD,4,15.0
103277,2,1,99,5,1,60.0,1,N,MELB_URBAN,ROAD,4,13.0
103278,1,1,130,5,1,80.0,0,N,SMALL_CITIES,HIGHWAY,4,15.0
103279,1,1,113,2,1,60.0,0,I,MELB_URBAN,ROAD,4,16.0
103280,1,1,113,2,1,60.0,0,I,MELB_URBAN,ROAD,4,15.0
103281,2,1,102,1,2,60.0,0,I,MELB_URBAN,ROAD,4,18.0
103282,1,1,130,5,1,100.0,0,N,SMALL_CITIES,FREEWAY,4,16.0
103283,1,1,132,5,1,60.0,0,N,MELB_URBAN,ROAD,4,14.0
103284,1,1,120,5,1,100.0,1,N,RURAL_VICTORIA,HIGHWAY,4,16.0
103285,1,0,99,2,1,100.0,0,I,RURAL_VICTORIA,ROAD,4,17.0
103286,1,0,120,5,1,70.0,0,N,MELB_URBAN,ROAD,4,16.0
103287,1,1,110,1,1,80.0,0,I,MELB_URBAN,ROAD,4,17.0
103288,1,7,135,2,3,60.0,0,I,MELB_URBAN,ROAD,4,22.0
103289,4,1,173,1,2,70.0,0,I,MELB_URBAN,ROAD,4,18.0
103290,1,1,132,5,1,60.0,0,N,MELB_URBAN,AVENUE,4,15.0
103291,1,1,121,2,1,60.0,0,I,MELB_URBAN,STREET,4,14.0
103292,1,1,120,5,1,80.0,0,N,RURAL_VICTORIA,ROAD,4,11.0
103293,1,2,99,5,1,60.0,0,N,SMALL_TOWNS,ROAD,4,7.0
103294,4,2,171,1,3,60.0,1,I,RURAL_VICTORIA,ROAD,4,5.0
103295,2,5,99,5,1,50.0,0,N,SMALL_CITIES,OTHER,3,14.0
103296,6,2,99,5,5,100.0,0,N,RURAL_VICTORIA,ROAD,4,6.0
103297,1,1,121,4,1,60.0,0,I,MELB_URBAN,ROAD,4,7.0
103298,1,2,113,2,1,80.0,0,I,SMALL_CITIES,ROAD,4,9.0
103299,1,1,130,5,1,100.0,0,N,MELB_URBAN,ROAD,4,11.0
103300,1,2,113,2,1,60.0,0,I,MELB_URBAN,ROAD,4,9.0
103301,4,2,183,5,1,80.0,0,N,RURAL_VICTORIA,ROAD,4,9.0
103302,1,6,130,5,1,100.0,0,N,MELB_URBAN,UNKNOWN,4,17.0
103303,1,1,110,1,1,50.0,0,I,LARGE_PROVINCIAL_CITIES,STREET,4,12.0
103304,1,2,99,5,1,50.0,0,N,TOWNS,STREET,4,12.0
103305,1,1,116,2,1,50.0,0,I,MELB_URBAN,ROAD,4,11.0
103306,1,4,130,5,1,80.0,0,N,MELB_URBAN,HIGHWAY,2,14.0
103307,2,2,102,1,1,60.0,1,I,MELB_URBAN,HIGHWAY,4,11.0
103308,4,1,181,2,1,60.0,0,I,RURAL_VICTORIA,OTHER,4,10.0
103309,1,2,133,5,1,50.0,0,N,SMALL_CITIES,OTHER,4,15.0
103310,1,1,130,1,1,80.0,0,I,RURAL_VICTORIA,HIGHWAY,4,14.0
103311,1,6,99,2,1,60.0,0,I,MELB_URBAN,ROAD,3,16.0
103312,1,3,99,2,1,60.0,0,I,MELB_URBAN,STREET,4,15.0
103313,1,1,134,5,1,80.0,0,N,MELB_URBAN,ROAD,4,16.0
103314,1,3,116,3,1,50.0,0,N,RURAL_VICTORIA,DRIVE,3,9.0
103315,2,2,100,5,2,50.0,0,N,SMALL_CITIES,ROAD,4,17.0
103316,4,2,171,1,1,60.0,0,I,LARGE_PROVINCIAL_CITIES,ROAD,4,17.0
103317,1,1,130,2,3,60.0,0,N,MELB_URBAN,STREET,4,19.0
103318,2,2,99,5,3,70.0,0,N,MELB_URBAN,ROAD,4,18.0
103319,6,2,170,5,3,60.0,1,N,TOWNS,ROAD,4,19.0
103320,1,3,99,5,1,50.0,0,N,MELB_URBAN,BOULEVARD,4,18.0
103321,1,1,110,1,1,50.0,0,I,LARGE_PROVINCIAL_CITIES,STREET,4,16.0
103322,1,7,113,2,1,60.0,0,I,MELB_URBAN,STREET,4,17.0
103323,3,3,167,5,2,100.0,0,N,RURAL_VICTORIA,ROAD,4,7.0
103324,4,3,173,5,2,100.0,0,N,RURAL_VICTORIA,HIGHWAY,4,6.0
103325,1,5,111,2,1,60.0,0,I,TOWNS,ROAD,4,14.0
103326,1,1,110,1,1,50.0,0,I,MELB_URBAN,STREET,4,15.0
103327,1,3,113,1,1,80.0,0,I,RURAL_VICTORIA,HIGHWAY,4,9.0
103328,4,3,183,2,1,60.0,0,I,MELB_URBAN,ROAD,4,8.0
103329,1,3,135,5,1,100.0,0,N,MELB_URBAN,FREEWAY,4,9.0
103330,2,6,100,2,3,40.0,0,N,MELB_URBAN,STREET,4,20.0
103331,1,3,113,2,1,60.0,0,I,LARGE_PROVINCIAL_CITIES,ROAD,4,9.0
103332,1,2,163,5,1,40.0,0,N,MELBOURNE_CBD,STREET,4,17.0
103333,1,3,130,5,9,60.0,0,N,MELB_URBAN,ROAD,4,11.0
103334,1,5,121,1,1,60.0,0,I,MELB_URBAN,ROAD,3,15.0
103335,1,3,160,5,1,40.0,0,N,MELB_URBAN,BOULEVARD,4,11.0
103336,1,2,121,5,1,40.0,0,I,MELB_URBAN,ROAD,4,13.0
103337,1,2,113,2,3,80.0,0,I,MELB_URBAN,HIGHWAY,4,21.0
103338,4,3,173,5,1,100.0,0,N,RURAL_VICTORIA,ROAD,4,9.0
103339,1,2,130,2,2,60.0,0,I,MELB_URBAN,ROAD,2,17.0
103340,1,2,134,1,1,40.0,0,I,MELBOURNE_CBD,STREET,4,8.0
103341,1,2,111,2,1,50.0,0,I,MELB_URBAN,STREET,4,12.0
103342,1,3,130,5,1,60.0,0,N,MELB_URBAN,ROAD,4,15.0
103343,1,3,135,5,1,40.0,0,N,MELB_URBAN,ROAD,3,14.0
103344,8,6,174,5,3,80.0,0,N,MELB_URBAN,ROAD,3,22.0
103345,2,3,100,1,1,60.0,0,I,MELB_URBAN,STREET,4,14.0
103346,1,3,121,2,1,50.0,0,I,MELB_URBAN,PARADE,4,17.0
103347,1,2,111,2,2,80.0,0,I,MELB_URBAN,ROAD,4,18.0
103348,1,3,120,1,1,50.0,0,I,LARGE_PROVINCIAL_CITIES,STREET,4,15.0
103349,4,3,171,5,2,60.0,0,N,MELB_URBAN,ROAD,4,17.0
103350,6,2,174,5,2,60.0,0,N,RURAL_VICTORIA,RAMP,4,5.0
103351,1,3,121,1,1,60.0,0,I,MELB_URBAN,ROAD,4,16.0
103352,1,3,121,1,3,60.0,0,I,MELB_URBAN,ROAD,4,18.0
103353,8,3,174,2,6,60.0,0,I,MELB_URBAN,ROAD,4,20.0
103354,1,3,99,2,2,50.0,0,I,MELB_URBAN,PARADE,4,17.0
103355,1,3,140,2,1,40.0,0,I,MELB_URBAN,OTHER,4,17.0
103356,1,3,121,2,1,80.0,0,I,RURAL_VICTORIA,STREET,4,15.0
103357,1,3,116,1,3,60.0,0,I,MELB_URBAN,ROAD,4,18.0
103358,1,3,121,2,3,80.0,0,I,MELB_URBAN,ROAD,4,19.0
103359,1,3,133,5,1,100.0,0,N,MELB_URBAN,ROAD,4,17.0
103360,2,3,100,1,3,60.0,0,N,MELB_URBAN,BOULEVARD,4,19.0
103361,4,3,171,5,1,50.0,0,N,MELB_URBAN,STREET,4,16.0
103362,1,3,163,5,9,40.0,0,N,MELB_URBAN,STREET,4,19.0
103363,1,3,121,5,3,60.0,0,I,RURAL_VICTORIA,BOULEVARD,4,18.0
103364,4,3,171,5,5,100.0,0,N,RURAL_VICTORIA,ROAD,4,20.0
103365,1,3,130,5,1,60.0,0,N,MELB_URBAN,ROAD,4,18.0
103366,2,3,99,1,3,40.0,0,I,MELB_URBAN,STREET,4,22.0
103367,1,3,120,5,5,100.0,0,I,RURAL_VICTORIA,HIGHWAY,4,23.0
103368,1,6,121,5,1,60.0,0,N,MELB_URBAN,ROAD,4,16.0
103369,4,4,171,2,3,70.0,0,N,MELB_URBAN,OTHER,4,5.0
103370,1,4,121,2,1,60.0,0,I,MELB_URBAN,STREET,4,7.0
103371,1,4,121,1,1,60.0,0,I,MELB_URBAN,STREET,4,7.0
103372,1,4,116,4,2,60.0,0,I,LARGE_PROVINCIAL_CITIES,STREET,4,6.0
103373,1,5,130,1,1,60.0,0,I,MELB_URBAN,ROAD,3,18.0
103374,1,3,163,5,1,40.0,0,N,MELB_URBAN,STREET,4,8.0
103375,7,1,99,1,2,40.0,0,I,MELB_URBAN,STREET,4,18.0
103376,1,4,110,1,1,60.0,0,I,LARGE_PROVINCIAL_CITIES,STREET,4,12.0
103377,1,3,110,1,6,80.0,0,I,MELB_URBAN,ROAD,4,22.0
103378,1,3,130,5,1,100.0,0,N,RURAL_VICTORIA,HIGHWAY,4,10.0
103379,1,4,121,2,1,50.0,0,I,MELB_URBAN,STREET,4,12.0
103380,4,4,173,5,1,50.0,0,N,SMALL_TOWNS,STREET,4,13.0
103381,1,3,130,1,1,70.0,0,I,MELB_URBAN,ROAD,4,11.0
103382,1,2,130,2,1,80.0,0,I,MELB_URBAN,ROAD,4,16.0
103383,2,4,102,2,1,40.0,0,N,MELBOURNE_CBD,STREET,4,14.0
103384,2,4,99,5,1,100.0,1,N,RURAL_VICTORIA,OTHER,4,9.0
103385,1,4,160,5,1,60.0,0,N,LARGE_PROVINCIAL_CITIES,STREET,4,15.0
103386,1,3,120,5,1,70.0,0,N,RURAL_VICTORIA,HIGHWAY,4,15.0
103387,1,1,163,5,1,40.0,0,N,MELB_URBAN,STREET,4,14.0
103388,1,3,121,1,1,60.0,0,I,MELB_URBAN,STREET,4,16.0
103389,2,4,99,5,2,50.0,0,N,MELB_URBAN,DRIVE,4,17.0
103390,6,7,184,5,1,60.0,0,N,RURAL_VICTORIA,ROAD,12,11.0
103391,1,4,121,1,2,60.0,0,I,MELB_URBAN,STREET,4,18.0
103392,1,4,121,4,3,60.0,0,I,MELB_URBAN,ROAD,4,18.0
103393,2,4,100,5,5,50.0,0,N,MELB_URBAN,STREET,4,18.0
103394,1,4,99,5,1,80.0,0,N,MELB_URBAN,ROAD,4,14.0
103395,1,4,121,1,3,60.0,0,I,LARGE_PROVINCIAL_CITIES,STREET,4,19.0
103396,2,4,99,2,3,60.0,0,I,MELB_URBAN,STREET,4,19.0
103397,2,4,99,1,1,80.0,0,I,MELB_URBAN,ROAD,4,18.0
103398,4,4,171,2,3,80.0,0,N,MELB_URBAN,ROAD,4,19.0
103399,1,4,121,1,3,50.0,0,I,LARGE_PROVINCIAL_CITIES,STREET,4,18.0
103400,4,4,183,5,5,80.0,0,N,RURAL_VICTORIA,ROAD,4,5.0
103401,4,3,173,5,3,70.0,0,N,LARGE_PROVINCIAL_CITIES,ROAD,4,23.0
103402,1,3,110,1,3,50.0,0,I,MELB_URBAN,ROAD,4,23.0