,accident_type,day_of_week,dca_code,road_geometry,light_condition,speed_zone,severity,node_type,deg_urban_name,road_type,month,hour
103403,1,5,133,1,1,40.0,0,I,MELB_URBAN,AVENUE,4,6.0
103404,1,4,99,5,1,70.0,0,N,MELB_URBAN,ROAD,4,7.0
103405,1,5,99,1,1,40.0,0,I,MELB_URBAN,ROAD,4,7.0
103406,1,4,130,5,3,60.0,0,N,MELB_URBAN,STREET,4,20.0
103407,8,3,174,5,5,100.0,0,N,RURAL_VICTORIA,ROAD,4,19.0
103408,1,5,121,1,1,50.0,0,I,TOWNS,STREET,4,8.0
103409,2,5,100,5,1,60.0,0,N,MELB_URBAN,ROAD,4,9.0
103410,1,5,113,2,1,60.0,0,I,MELB_URBAN,ROAD,4,10.0
103411,1,4,163,5,2,70.0,0,N,MELB_URBAN,ROAD,4,6.0
103412,6,5,170,5,1,100.0,0,N,RURAL_VICTORIA,ROAD,4,7.0
103413,1,5,140,5,1,80.0,0,N,MELB_URBAN,ROAD,4,7.0
103414,1,5,99,2,1,100.0,0,I,RURAL_VICTORIA,ROAD,4,7.0
103415,8,7,184,5,1,60.0,0,N,RURAL_VICTORIA,ROAD,4,11.0
103416,1,5,113,2,1,70.0,0,I,RURAL_VICTORIA,HIGHWAY,4,13.0
103417,1,5,121,1,1,50.0,0,I,LARGE_PROVINCIAL_CITIES,STREET,4,12.0
103418,1,5,121,2,1,60.0,0,N,MELB_URBAN,STREET,4,12.0
103419,1,6,130,5,1,60.0,0,I,MELB_URBAN,ROAD,3,9.0
103420,1,5,133,5,1,100.0,0,N,MELB_URBAN,ROAD,4,11.0
103421,2,4,99,5,1,100.0,0,N,SMALL_TOWNS,ROAD,10,8.0
103422,1,5,110,1,1,80.0,0,I,SMALL_CITIES,ROAD,4,8.0
103423,6,5,184,5,1,100.0,0,N,RURAL_VICTORIA,ROAD,4,11.0
103424,1,5,130,2,1,60.0,0,I,MELB_URBAN,ROAD,4,13.0
103425,1,5,99,2,1,50.0,0,I,MELB_URBAN,STREET,4,10.0
103426,1,4,130,5,1,60.0,0,N,MELB_URBAN,ROAD,4,13.0
103427,1,4,99,2,1,100.0,0,I,RURAL_VICTORIA,ROAD,4,13.0
103428,1,5,147,5,1,80.0,0,N,MELB_URBAN,ROAD,4,14.0
103429,2,5,100,2,1,50.0,0,I,MELB_URBAN,STREET,4,10.0
103430,6,7,184,5,1,60.0,0,N,RURAL_VICTORIA,OTHER,4,9.0
103431,1,2,130,5,2,80.0,0,N,MELB_URBAN,HIGHWAY,4,7.0
103432,1,5,132,2,1,60.0,0,I,LARGE_PROVINCIAL_CITIES,STREET,4,16.0
103433,1,5,99,1,1,60.0,0,I,MELB_URBAN,ROAD,4,16.0
103434,1,4,160,5,1,60.0,0,N,MELB_URBAN,STREET,4,15.0
103435,1,5,130,5,9,80.0,0,N,MELB_URBAN,HIGHWAY,4,7.0
103436,1,5,99,2,1,50.0,0,I,MELB_URBAN,ROAD,4,10.0
103437,6,5,174,5,3,50.0,0,N,TOWNS,STREET,4,18.0
103438,1,5,130,2,1,60.0,0,I,MELB_URBAN,FREEWAY,4,15.0
103439,1,5,121,1,2,60.0,0,I,MELB_URBAN,STREET,4,17.0
103440,1,3,133,5,1,100.0,0,N,MELB_URBAN,RAMP,4,7.0
103441,1,4,130,5,1,80.0,0,N,MELB_URBAN,HIGHWAY,4,14.0
103442,1,5,130,2,1,60.0,0,I,MELB_URBAN,AVENUE,4,15.0
103443,4,4,171,5,3,60.0,0,N,MELB_URBAN,STREET,4,19.0
103444,1,4,130,5,3,100.0,0,N,MELB_URBAN,FREEWAY,4,18.0
103445,8,4,99,1,3,50.0,0,I,MELB_URBAN,STREET,4,18.0
103446,1,5,99,1,3,60.0,0,I,LARGE_PROVINCIAL_CITIES,ROAD,4,22.0
103447,1,5,121,2,3,60.0,0,I,MELB_URBAN,ROAD,4,19.0
103448,6,6,99,5,6,100.0,0,N,RURAL_VICTORIA,STREET,4,2.0
103449,1,5,140,5,3,60.0,0,N,MELB_URBAN,ROAD,4,21.0
103450,1,4,99,1,3,60.0,0,I,MELB_URBAN,ROAD,4,22.0
103451,4,6,171,1,3,50.0,1,I,MELB_URBAN,STREET,4,1.0
103452,6,5,174,5,3,70.0,0,N,MELB_URBAN,HIGHWAY,4,22.0
103453,2,6,99,5,1,60.0,0,N,TOWNS,OTHER,4,7.0
103454,8,6,99,5,1,100.0,0,N,MELB_URBAN,FREEWAY,4,6.0
103455,8,2,174,5,2,60.0,0,N,RURAL_VICTORIA,OTHER,4,17.0
103456,5,6,99,5,5,60.0,0,N,MELB_URBAN,ROAD,4,6.0
103457,1,4,130,5,1,50.0,0,N,MELB_URBAN,ROAD,4,16.0
103458,1,6,121,2,1,60.0,0,I,LARGE_PROVINCIAL_CITIES,ROAD,4,7.0
103459,1,6,130,2,1,70.0,0,I,MELB_URBAN,PARADE,4,11.0
103460,1,6,110,1,1,40.0,0,I,MELBOURNE_CBD,STREET,4,10.0
103461,1,6,130,5,1,60.0,0,N,MELB_URBAN,ROAD,4,8.0
103462,1,6,99,2,1,60.0,1,I,MELB_URBAN,ROAD,4,6.0
103463,1,5,140,5,1,60.0,0,N,LARGE_PROVINCIAL_CITIES,ROAD,4,17.0
103464,1,6,116,1,1,50.0,0,I,LARGE_PROVINCIAL_CITIES,STREET,4,14.0
103465,1,5,111,1,1,60.0,0,N,MELB_URBAN,ROAD,4,13.0
103466,1,5,134,5,1,50.0,0,N,MELB_URBAN,STREET,4,16.0
103467,1,6,147,5,1,60.0,0,N,LARGE_PROVINCIAL_CITIES,ROAD,4,11.0
103468,1,6,121,2,1,60.0,0,I,MELB_URBAN,HIGHWAY,4,13.0
103469,1,5,121,5,1,70.0,0,N,MELB_URBAN,ROAD,4,16.0
103470,1,4,132,2,1,60.0,0,I,MELB_URBAN,HIGHWAY,4,9.0
103471,1,5,130,5,1,40.0,0,N,MELB_URBAN,AVENUE,4,16.0
103472,1,5,121,2,1,60.0,0,I,MELB_URBAN,ROAD,4,17.0
103473,2,5,100,2,1,60.0,0,I,MELB_URBAN,ROAD,4,16.0
103474,1,5,121,1,3,60.0,0,I,LARGE_PROVINCIAL_CITIES,OTHER,4,18.0
103475,1,5,113,2,3,70.0,0,I,MELB_URBAN,ROAD,4,19.0
103476,1,6,130,5,1,80.0,0,N,MELB_URBAN,OTHER,4,16.0
103477,1,6,130,5,1,80.0,0,N,MELB_URBAN,FREEWAY,4,16.0
103478,2,6,102,2,1,60.0,0,I,MELB_URBAN,STREET,4,18.0
103479,1,6,130,5,1,80.0,0,N,RURAL_VICTORIA,ROAD,4,15.0
103480,1,6,133,5,2,100.0,0,N,MELB_URBAN,ROAD,4,17.0
103481,1,6,120,5,1,60.0,0,N,MELB_URBAN,ROAD,4,17.0
103482,1,6,111,2,1,50.0,0,I,MELB_URBAN,BOULEVARD,4,17.0
103483,1,5,130,5,3,60.0,0,N,MELB_URBAN,ROAD,4,20.0
103484,1,6,121,1,3,40.0,0,I,MELB_URBAN,STREET,4,20.0
103485,1,6,121,1,3,70.0,0,I,MELB_URBAN,ROAD,4,19.0
103486,1,5,134,1,3,80.0,0,I,MELB_URBAN,ROAD,4,20.0
103487,1,6,134,5,5,110.0,0,N,RURAL_VICTORIA,FREEWAY,4,18.0
103488,1,5,130,5,5,110.0,0,N,RURAL_VICTORIA,FREEWAY,4,19.0
103489,1,7,140,5,3,40.0,0,N,MELB_URBAN,STREET,4,0.0
103490,7,5,99,2,1,50.0,0,I,MELB_URBAN,AVENUE,2,15.0
103491,1,7,147,5,2,80.0,0,N,MELB_URBAN,HIGHWAY,4,7.0
103492,1,3,130,2,1,60.0,0,I,MELB_URBAN,ROAD,3,15.0
103493,1,6,110,1,1,50.0,0,I,SMALL_CITIES,STREET,4,11.0
103494,4,7,173,5,2,100.0,0,N,RURAL_VICTORIA,ROAD,4,6.0
103495,1,7,116,2,1,60.0,0,I,SMALL_CITIES,ROAD,4,10.0
103496,1,7,130,2,1,70.0,0,N,MELB_URBAN,ROAD,4,10.0
103497,1,2,113,2,1,50.0,0,I,LARGE_PROVINCIAL_CITIES,ROAD,4,11.0
103498,1,3,130,2,1,60.0,0,N,RURAL_VICTORIA,ROAD,4,16.0
103499,1,7,110,1,1,100.0,0,I,RURAL_VICTORIA,ROAD,4,11.0
103500,1,6,132,2,1,60.0,0,I,RURAL_VICTORIA,ROAD,4,12.0
103501,3,4,167,5,2,80.0,0,N,RURAL_VICTORIA,ROAD,4,18.0
103502,4,7,173,5,1,100.0,0,N,RURAL_VICTORIA,ROAD,4,8.0
103503,1,7,99,5,1,100.0,0,N,MELB_URBAN,RAMP,4,12.0
103504,1,6,121,2,3,40.0,0,I,MELB_URBAN,STREET,4,20.0
103505,1,7,130,5,1,50.0,0,N,MELB_URBAN,STREET,4,14.0
103506,1,5,113,2,2,60.0,0,I,MELB_URBAN,ROAD,4,7.0
103507,1,7,135,5,1,100.0,0,N,MELB_URBAN,ROAD,4,14.0
103508,1,7,147,5,1,50.0,0,N,MELB_URBAN,ROAD,4,15.0
103509,1,6,130,2,1,80.0,0,I,MELB_URBAN,HIGHWAY,4,14.0
103510,4,6,181,5,5,100.0,0,N,RURAL_VICTORIA,ROAD,4,17.0
103511,2,7,102,5,2,40.0,0,N,MELB_URBAN,STREET,4,17.0
103512,1,6,140,2,1,80.0,0,I,MELB_URBAN,ROAD,4,15.0
103513,6,7,170,2,3,60.0,0,I,MELB_URBAN,AVENUE,4,22.0
103514,1,7,160,5,3,60.0,0,N,MELB_URBAN,ROAD,4,23.0
103515,4,1,181,5,3,60.0,0,N,SMALL_TOWNS,ROAD,4,2.0
103516,1,1,99,5,3,60.0,0,N,SMALL_CITIES,ROAD,4,2.0
103517,2,1,100,5,3,50.0,0,N,SMALL_CITIES,STREET,4,2.0
103518,1,7,99,1,1,100.0,0,I,RURAL_VICTORIA,ROAD,4,14.0
103519,1,6,121,1,3,60.0,0,I,MELB_URBAN,DRIVE,4,19.0
103520,1,6,130,5,1,80.0,0,N,RURAL_VICTORIA,HIGHWAY,4,15.0
103521,1,1,110,1,1,60.0,0,I,TOWNS,STREET,4,9.0
103522,2,1,102,1,1,40.0,0,I,MELB_URBAN,STREET,4,9.0
103523,1,1,121,1,1,40.0,0,I,MELB_URBAN,STREET,4,10.0
103524,1,1,130,2,1,60.0,0,N,MELB_URBAN,PARADE,4,10.0
103525,1,1,111,2,2,100.0,0,I,RURAL_VICTORIA,HIGHWAY,4,7.0
103526,1,1,121,2,1,60.0,0,I,MELB_URBAN,STREET,4,9.0
103527,2,1,100,1,1,50.0,0,I,MELB_URBAN,STREET,4,10.0
103528,1,7,147,5,3,60.0,0,N,MELB_URBAN,ROAD,4,18.0
103529,1,1,113,1,1,60.0,0,N,RURAL_VICTORIA,ROAD,4,10.0
103530,1,3,130,2,1,50.0,0,N,LARGE_PROVINCIAL_CITIES,AVENUE,4,10.0
103531,1,6,130,2,9,60.0,0,I,MELB_URBAN,HIGHWAY,3,11.0
103532,1,1,130,5,1,80.0,0,N,MELB_URBAN,ROAD,4,11.0
103533,1,1,130,1,1,70.0,0,I,MELB_URBAN,ROAD,4,11.0
103534,1,1,160,5,1,50.0,0,N,MELB_URBAN,STREET,4,12.0
103535,1,1,160,5,1,50.0,0,N,SMALL_CITIES,STREET,4,12.0
103536,1,6,110,1,1,60.0,0,I,SMALL_CITIES,ROAD,4,17.0
103537,8,3,174,5,1,50.0,0,N,SMALL_TOWNS,STREET,1,8.0
103538,4,1,173,5,1,70.0,0,N,MELB_URBAN,HIGHWAY,4,13.0
103539,1,0,121,5,1,60.0,0,I,MELB_URBAN,ROAD,4,14.0
103540,1,4,130,2,1,50.0,0,N,LARGE_PROVINCIAL_CITIES,AVENUE,4,10.0
103541,1,1,130,2,1,80.0,0,I,MELB_URBAN,ROAD,4,11.0
103542,1,3,130,2,1,60.0,0,N,MELB_URBAN,ROAD,4,14.0
103543,1,0,135,6,1,80.0,0,N,MELB_URBAN,HIGHWAY,4,15.0
103544,6,0,170,5,1,100.0,0,N,RURAL_VICTORIA,ROAD,4,16.0
103545,1,1,110,1,1,60.0,0,I,MELB_URBAN,RAMP,4,14.0
103546,1,1,130,5,1,60.0,0,N,SMALL_CITIES,ROAD,4,13.0
103547,1,1,140,1,1,80.0,0,I,MELB_URBAN,HIGHWAY,4,16.0
103548,7,1,99,2,1,60.0,0,N,RURAL_VICTORIA,ROAD,4,16.0
103549,1,1,120,5,1,100.0,1,N,RURAL_VICTORIA,HIGHWAY,4,13.0
103550,1,5,110,1,9,60.0,0,I,MELB_URBAN,ROAD,4,18.0
103551,1,1,147,5,3,40.0,0,N,MELB_URBAN,STREET,4,20.0
103552,1,1,120,5,5,40.0,0,O,RURAL_VICTORIA,ROAD,4,19.0
103553,1,0,121,2,4,80.0,0,I,MELB_URBAN,ROAD,4,22.0
103554,1,1,121,1,2,60.0,0,I,MELB_URBAN,ROAD,4,6.0
103555,4,7,173,5,1,50.0,0,N,MELB_URBAN,STREET,4,10.0
103556,4,2,99,1,1,50.0,0,I,MELB_URBAN,ROAD,4,8.0
103557,1,1,99,5,1,60.0,0,N,LARGE_PROVINCIAL_CITIES,ROAD,4,8.0
103558,1,2,99,2,1,60.0,0,I,MELB_URBAN,STREET,4,10.0
103559,1,2,120,5,1,100.0,0,N,RURAL_VICTORIA,AVENUE,4,9.0
103560,4,7,171,5,3,60.0,0,N,MELB_URBAN,ROAD,2,23.0
103561,1,1,121,2,3,60.0,0,I,TOWNS,STREET,4,19.0
103562,1,2,130,5,1,70.0,0,N,SMALL_CITIES,HIGHWAY,4,12.0
103563,4,2,171,2,1,70.0,0,I,TOWNS,ROAD,4,11.0
103564,1,5,110,1,1,50.0,0,I,MELB_URBAN,STREET,4,16.0
103565,1,5,130,1,1,80.0,0,I,RURAL_VICTORIA,ROAD,4,16.0
103566,4,1,183,5,1,100.0,0,N,RURAL_VICTORIA,ROAD,4,11.0
103567,1,6,121,2,1,60.0,0,I,SMALL_CITIES,DRIVE,4,15.0
103568,1,5,99,5,1,50.0,0,N,MELB_URBAN,STREET,3,16.0
103569,1,2,110,1,1,60.0,0,I,LARGE_PROVINCIAL_CITIES,STREET,4,14.0
103570,1,7,130,5,1,50.0,0,N,MELB_URBAN,ROAD,3,13.0
103571,1,2,121,2,1,60.0,0,I,MELB_URBAN,ROAD,4,13.0
103572,4,6,183,5,1,100.0,0,N,RURAL_VICTORIA,ROAD,3,16.0
103573,1,2,99,5,1,80.0,0,N,RURAL_VICTORIA,ROAD,4,15.0
103574,1,2,130,5,1,80.0,0,N,MELB_URBAN,HIGHWAY,4,16.0
103575,1,2,110,1,1,100.0,0,I,RURAL_VICTORIA,HIGHWAY,4,16.0
103576,1,4,133,5,1,40.0,0,N,MELB_URBAN,AVENUE,4,13.0
103577,1,2,121,5,1,60.0,0,N,MELB_URBAN,STREET,4,16.0
103578,2,2,102,1,1,60.0,0,I,MELB_URBAN,ROAD,4,17.0
103579,4,1,171,5,1,60.0,0,N,MELB_URBAN,ROAD,4,15.0
103580,8,2,99,5,1,100.0,0,N,RURAL_VICTORIA,ROAD,4,16.0
103581,1,3,130,1,1,60.0,0,I,MELB_URBAN,STREET,4,15.0
103582,1,1,113,1,1,60.0,0,I,MELB_URBAN,ROAD,4,15.0
103583,1,5,121,1,1,60.0,0,I,LARGE_PROVINCIAL_CITIES,STREET,3,17.0
103584,1,2,130,5,1,80.0,0,N,MELB_URBAN,ROAD,4,6.0
103585,1,2,121,1,3,60.0,1,I,MELB_URBAN,STREET,4,20.0
103586,1,2,160,5,3,60.0,0,N,LARGE_PROVINCIAL_CITIES,ROAD,4,2.0
103587,1,3,110,1,3,80.0,0,I,MELB_URBAN,ROAD,4,1.0
103588,1,0,163,5,1,40.0,0,N,MELB_URBAN,ROAD,4,14.0
103589,1,5,130,5,1,50.0,0,N,SMALL_CITIES,STREET,2,13.0
103590,1,3,130,5,5,110.0,0,N,RURAL_VICTORIA,FREEWAY,4,5.0
103591,1,3,113,2,1,60.0,0,I,LARGE_PROVINCIAL_CITIES,STREET,4,8.0
103592,1,3,99,2,1,40.0,0,I,MELB_URBAN,ROAD,4,7.0
103593,1,2,160,5,3,50.0,0,N,MELB_URBAN,AVENUE,4,19.0
103594,1,3,133,1,1,60.0,0,I,MELB_URBAN,STREET,4,7.0
103595,6,2,174,2,1,50.0,0,N,MELB_URBAN,OTHER,4,9.0
103596,1,1,160,5,3,50.0,0,N,MELB_URBAN,STREET,4,20.0
103597,4,2,173,4,3,50.0,0,I,MELB_URBAN,DRIVE,4,21.0
103598,1,3,134,6,1,80.0,0,N,MELB_URBAN,FREEWAY,4,10.0
103599,1,0,130,5,9,70.0,0,N,MELB_URBAN,ROAD,4,16.0
103600,7,3,99,1,1,40.0,0,I,MELBOURNE_CBD,STREET,4,9.0
103601,7,3,99,5,1,60.0,0,I,MELB_URBAN,STREET,4,11.0
103602,1,3,160,5,1,60.0,0,N,LARGE_PROVINCIAL_CITIES,ROAD,4,13.0
103603,1,3,130,5,1,80.0,0,N,RURAL_VICTORIA,ROAD,4,13.0
103604,7,6,99,1,6,60.0,0,I,MELB_URBAN,ROAD,3,20.0
103605,1,3,163,5,1,60.0,0,N,MELB_URBAN,ROAD,3,8.0
103606,1,2,134,5,1,70.0,0,N,MELB_URBAN,ROAD,4,10.0
103607,4,2,181,1,5,100.0,0,N,RURAL_VICTORIA,ROAD,4,18.0
103608,1,3,130,5,1,60.0,0,N,MELB_URBAN,ROAD,4,13.0
103609,4,3,173,1,1,100.0,0,I,RURAL_VICTORIA,HIGHWAY,4,14.0
103610,1,3,110,1,1,60.0,0,I,MELB_URBAN,STREET,4,8.0
103611,4,3,173,5,1,70.0,0,N,MELB_URBAN,ROAD,4,15.0
103612,1,2,121,2,3,60.0,0,I,MELB_URBAN,STREET,4,18.0
103613,1,3,99,5,1,60.0,0,N,MELB_URBAN,ROAD,4,17.0
103614,1,3,99,2,1,60.0,0,I,MELB_URBAN,ROAD,4,16.0
103615,1,3,147,5,3,50.0,0,N,LARGE_PROVINCIAL_CITIES,STREET,4,19.0
103616,1,2,130,5,1,60.0,0,N,MELB_URBAN,ROAD,4,14.0
103617,1,2,147,5,1,60.0,0,N,MELB_URBAN,ROAD,4,8.0
103618,1,3,99,5,1,80.0,0,N,MELB_URBAN,ROAD,4,15.0
103619,1,3,99,2,1,80.0,0,I,RURAL_VICTORIA,HIGHWAY,4,17.0
103620,4,3,181,5,1,90.0,1,N,RURAL_VICTORIA,ROAD,4,16.0
103621,7,3,99,5,3,60.0,0,N,MELB_URBAN,ROAD,4,18.0
103622,4,3,183,5,3,110.0,0,N,RURAL_VICTORIA,RAMP,4,21.0
103623,1,5,121,4,1,60.0,0,I,MELB_URBAN,DRIVE,4,12.0
103624,1,4,110,1,3,60.0,0,I,MELB_URBAN,ROAD,4,3.0
103625,1,3,99,5,1,50.0,0,N,MELB_URBAN,OTHER,4,7.0
103626,4,4,171,2,1,80.0,0,I,MELB_URBAN,ROAD,4,7.0
103627,1,4,113,2,1,60.0,0,I,MELB_URBAN,ROAD,4,8.0
103628,1,4,111,2,1,60.0,0,I,MELB_URBAN,ROAD,4,6.0
103629,1,3,147,5,1,60.0,0,N,MELB_URBAN,DRIVE,4,14.0
103630,1,4,135,5,1,100.0,0,N,MELB_URBAN,UNKNOWN,4,8.0
103631,1,4,110,1,1,80.0,0,I,MELB_URBAN,ROAD,4,8.0
103632,1,2,121,5,3,80.0,0,N,MELB_URBAN,ROAD,4,21.0
103633,1,4,99,2,1,60.0,0,I,MELB_URBAN,ROAD,4,11.0
103634,1,4,160,5,1,40.0,0,N,LARGE_PROVINCIAL_CITIES,ROAD,4,12.0
103635,1,4,130,5,1,100.0,0,N,RURAL_VICTORIA,HIGHWAY,4,10.0
103636,4,3,171,1,1,50.0,0,I,TOWNS,STREET,4,13.0
103637,1,3,130,5,1,100.0,0,N,RURAL_VICTORIA,HIGHWAY,4,10.0
103638,5,3,99,5,1,100.0,0,N,RURAL_VICTORIA,ROAD,4,12.0
103639,1,4,110,1,1,80.0,0,I,RURAL_VICTORIA,AVENUE,4,13.0
103640,1,4,134,1,1,60.0,0,I,LARGE_PROVINCIAL_CITIES,STREET,4,13.0
103641,4,4,99,5,1,80.0,0,I,MELB_URBAN,DRIVE,4,11.0
103642,4,4,171,5,1,80.0,0,N,MELB_URBAN,ROAD,4,11.0
103643,1,4,110,1,1,50.0,0,I,MELB_URBAN,STREET,4,14.0
103644,1,3,110,1,1,50.0,0,I,LARGE_PROVINCIAL_CITIES,STREET,4,13.0
103645,1,4,130,2,1,60.0,0,I,MELB_URBAN,ROAD,4,15.0
103646,1,4,160,5,1,50.0,0,N,MELB_URBAN,PARADE,4,15.0
103647,2,4,99,5,1,60.0,0,N,MELB_URBAN,ROAD,4,16.0
103648,1,4,113,2,1,50.0,0,I,MELB_URBAN,ROAD,4,15.0
103649,1,4,113,2,1,60.0,0,I,SMALL_CITIES,ROAD,4,17.0
103650,6,2,99,5,1,50.0,0,N,MELB_URBAN,STREET,4,13.0
103651,1,4,99,2,1,60.0,0,I,MELB_URBAN,ROAD,4,16.0
103652,1,6,130,1,1,60.0,0,I,MELB_URBAN,ROAD,3,15.0
103653,1,5,135,2,2,60.0,0,I,MELB_URBAN,ROAD,4,19.0
103654,1,4,135,5,3,80.0,0,N,MELB_URBAN,FREEWAY,4,18.0
103655,2,4,102,5,3,50.0,0,N,MELB_URBAN,STREET,4,18.0
103656,1,4,130,5,1,100.0,0,N,RURAL_VICTORIA,ROAD,4,13.0
103657,1,4,121,1,3,60.0,0,I,RURAL_VICTORIA,ROAD,4,20.0
103658,4,4,183,5,1,100.0,0,N,RURAL_VICTORIA,ROAD,4,16.0
103659,1,4,121,1,3,80.0,0,I,MELB_URBAN,ROAD,4,20.0
103660,1,4,121,1,3,60.0,0,I,MELB_URBAN,ROAD,4,23.0
103661,1,4,130,5,5,100.0,0,N,MELB_URBAN,FREEWAY,4,23.0
103662,1,2,99,1,1,60.0,0,I,MELB_URBAN,PARADE,4,9.0
103663,1,4,130,5,1,100.0,0,N,MELB_URBAN,ROAD,3,15.0
103664,1,6,130,2,1,50.0,0,I,MELB_URBAN,ROAD,4,17.0
103665,1,4,130,5,2,80.0,0,N,MELB_URBAN,ROAD,4,18.0
103666,1,5,113,2,1,60.0,0,N,MELB_URBAN,STREET,4,8.0
103667,1,4,110,1,1,70.0,0,I,MELB_URBAN,ROAD,4,9.0
103668,1,4,130,1,1,60.0,0,I,MELB_URBAN,ROAD,4,7.0
103669,1,3,130,5,9,60.0,0,N,MELB_URBAN,STREET,2,14.0
103670,1,5,99,5,2,80.0,0,N,RURAL_VICTORIA,AVENUE,4,7.0
103671,2,5,100,5,1,60.0,0,N,MELB_URBAN,ROAD,4,11.0
103672,1,3,130,5,1,100.0,0,N,MELB_URBAN,FREEWAY,4,12.0
103673,1,6,99,2,1,50.0,0,I,MELB_URBAN,AVENUE,3,18.0
103674,4,7,171,2,1,60.0,0,N,MELB_URBAN,ROAD,1,13.0
103675,1,5,130,5,1,110.0,0,N,SMALL_CITIES,FREEWAY,4,8.0
103676,1,3,133,1,9,60.0,0,I,MELB_URBAN,AVENUE,4,14.0
103677,4,5,181,2,1,100.0,0,I,RURAL_VICTORIA,ROAD,4,10.0
103678,4,4,173,5,1,100.0,0,N,RURAL_VICTORIA,ROAD,4,16.0
103679,1,5,132,2,9,50.0,0,I,MELB_URBAN,ROAD,2,23.0
103680,6,5,99,5,1,100.0,0,N,RURAL_VICTORIA,ROAD,4,10.0
103681,8,5,184,2,1,60.0,0,I,MELB_URBAN,OTHER,4,13.0
103682,2,5,102,1,1,50.0,0,I,MELB_URBAN,STREET,4,8.0
103683,1,6,130,5,9,60.0,0,I,MELB_URBAN,ROAD,4,19.0
103684,1,5,147,5,3,60.0,0,N,MELB_URBAN,OTHER,4,20.0
103685,1,5,111,1,1,60.0,0,I,SMALL_CITIES,AVENUE,4,14.0
103686,1,5,113,2,1,50.0,0,I,MELB_URBAN,UNKNOWN,4,12.0
103687,1,4,99,5,1,60.0,0,N,LARGE_PROVINCIAL_CITIES,STREET,4,15.0
103688,4,5,173,5,1,100.0,0,N,MELB_URBAN,ROAD,4,15.0
103689,1,5,113,2,1,60.0,0,N,SMALL_CITIES,STREET,4,16.0
103690,2,5,99,5,1,40.0,0,N,MELB_URBAN,UNKNOWN,4,13.0
103691,1,5,130,2,3,60.0,0,I,MELB_URBAN,ROAD,4,18.0
103692,1,5,113,2,1,60.0,0,I,MELB_URBAN,ROAD,4,16.0
103693,8,3,135,2,1,60.0,0,I,MELB_URBAN,ROAD,3,16.0
103694,2,5,99,2,6,60.0,0,I,MELB_URBAN,ROAD,4,19.0
103695,1,4,130,5,3,100.0,0,N,MELB_URBAN,FREEWAY,4,17.0
103696,1,5,130,5,3,50.0,0,N,MELB_URBAN,STREET,4,20.0
103697,1,4,110,4,3,50.0,0,I,TOWNS,STREET,4,18.0
103698,1,5,121,1,5,80.0,0,I,RURAL_VICTORIA,ROAD,4,18.0
103699,4,5,99,2,5,100.0,0,I,RURAL_VICTORIA,ROAD,4,0.0
103700,1,5,121,1,3,60.0,0,I,MELB_URBAN,OTHER,4,20.0
103701,1,4,133,5,3,40.0,0,N,MELB_URBAN,STREET,4,22.0
103702,1,5,99,1,3,80.0,0,I,MELB_URBAN,ROAD,4,18.0
103703,1,5,120,2,3,60.0,0,N,MELB_URBAN,ROAD,4,23.0
103704,1,6,120,5,5,80.0,0,N,RURAL_VICTORIA,ROAD,4,0.0
103705,1,5,160,5,3,50.0,0,N,MELB_URBAN,ROAD,4,23.0
103706,1,4,130,5,1,40.0,0,N,MELBOURNE_CBD,STREET,4,7.0
103707,7,6,99,5,3,50.0,1,N,MELB_URBAN,ROAD,4,2.0
103708,4,5,173,5,5,100.0,0,N,RURAL_VICTORIA,ROAD,4,23.0
103709,1,5,160,5,9,60.0,0,N,MELB_URBAN,AVENUE,4,18.0
103710,2,3,99,5,3,40.0,0,N,MELB_URBAN,STREET,4,20.0
103711,1,6,130,5,1,60.0,0,N,MELB_URBAN,ROAD,4,11.0
103712,4,6,171,5,1,100.0,0,N,RURAL_VICTORIA,ROAD,4,10.0
103713,2,5,99,5,1,60.0,0,N,SMALL_CITIES,ROAD,4,12.0
103714,1,6,121,1,1,60.0,0,I,MELB_URBAN,STREET,4,11.0
103715,1,6,121,2,1,60.0,0,I,MELB_URBAN,ROAD,4,11.0
103716,1,3,163,5,1,40.0,0,N,MELB_URBAN,STREET,4,8.0
103717,1,6,110,1,1,100.0,0,I,RURAL_VICTORIA,ROAD,4,10.0
103718,4,6,173,5,1,100.0,1,N,RURAL_VICTORIA,HIGHWAY,4,6.0
103719,1,6,110,1,1,60.0,0,I,MELB_URBAN,ROAD,4,11.0
103720,1,4,130,1,1,60.0,0,I,MELB_URBAN,ROAD,10,11.0
103721,1,5,130,1,1,60.0,0,I,SMALL_CITIES,ROAD,4,13.0
103722,4,6,171,5,1,100.0,0,N,RURAL_VICTORIA,ROAD,4,13.0
103723,8,6,170,2,1,80.0,0,I,RURAL_VICTORIA,ROAD,4,12.0
103724,4,6,181,2,1,100.0,0,I,RURAL_VICTORIA,ROAD,4,10.0
103725,1,5,130,5,1,100.0,0,N,RURAL_VICTORIA,ROAD,4,15.0
103726,1,6,110,1,1,60.0,0,I,TOWNS,STREET,4,15.0
103727,1,5,121,2,1,60.0,0,I,MELB_URBAN,ROAD,4,16.0
103728,1,6,130,5,1,100.0,0,N,RURAL_VICTORIA,ROAD,4,11.0