,accident_type,day_of_week,dca_code,road_geometry,light_condition,speed_zone,severity,node_type,deg_urban_name,road_type,month,hour
103729,1,5,130,5,1,100.0,0,N,RURAL_VICTORIA,HIGHWAY,4,11.0
103730,4,6,173,5,5,80.0,0,N,MELB_URBAN,ROAD,4,18.0
103731,1,6,110,1,1,60.0,0,I,SMALL_TOWNS,STREET,4,15.0
103732,1,6,110,1,1,40.0,0,I,MELB_URBAN,STREET,4,16.0
103733,1,6,121,5,3,60.0,0,N,MELB_URBAN,STREET,4,18.0
103734,1,6,134,5,1,80.0,0,N,MELB_URBAN,RAMP,4,15.0
103735,1,5,130,5,1,60.0,0,N,MELB_URBAN,STREET,4,16.0
103736,1,5,130,5,1,60.0,0,I,SMALL_CITIES,ROAD,4,17.0
103737,1,6,113,1,3,60.0,0,I,MELB_URBAN,STREET,4,21.0
103738,1,5,121,1,3,60.0,0,I,MELB_URBAN,ROAD,4,0.0
103739,2,6,102,5,1,80.0,1,N,MELB_URBAN,ROAD,4,19.0
103740,1,7,110,1,2,80.0,0,I,LARGE_PROVINCIAL_CITIES,HIGHWAY,4,6.0
103741,5,7,173,5,1,30.0,0,N,MELB_URBAN,UNKNOWN,4,11.0
103742,1,7,130,5,1,60.0,0,N,MELB_URBAN,STREET,4,12.0
103743,1,6,132,2,1,60.0,0,I,MELB_URBAN,ROAD,4,11.0
103744,1,7,130,5,1,80.0,0,N,MELB_URBAN,FREEWAY,4,11.0
103745,1,6,99,2,1,50.0,0,I,MELB_URBAN,DRIVE,4,13.0
103746,1,7,120,5,1,100.0,0,N,RURAL_VICTORIA,ROAD,4,11.0
103747,1,5,135,5,1,40.0,0,N,MELB_URBAN,ROAD,4,16.0
103748,3,6,167,5,5,70.0,0,N,LARGE_PROVINCIAL_CITIES,ROAD,4,0.0
103749,1,7,120,5,1,100.0,0,N,RURAL_VICTORIA,ROAD,4,14.0
103750,1,7,99,5,1,100.0,0,N,RURAL_VICTORIA,ROAD,4,13.0
103751,1,7,113,1,2,60.0,0,I,MELB_URBAN,STREET,4,16.0
103752,7,7,99,5,1,100.0,0,N,MELB_URBAN,FREEWAY,4,12.0
103753,6,6,174,5,1,100.0,0,N,RURAL_VICTORIA,OTHER,4,14.0
103754,5,6,99,5,9,60.0,0,N,RURAL_VICTORIA,ROAD,4,16.0
103755,1,7,130,5,1,50.0,0,N,MELB_URBAN,ROAD,4,15.0
103756,6,7,170,5,1,100.0,0,N,RURAL_VICTORIA,ROAD,4,14.0
103757,1,7,130,2,1,80.0,0,I,MELB_URBAN,ROAD,4,16.0
103758,1,6,121,5,3,60.0,0,N,SMALL_CITIES,DRIVE,4,19.0
103759,5,7,99,5,1,80.0,0,N,RURAL_VICTORIA,ROAD,4,16.0
103760,3,7,167,5,5,100.0,0,N,RURAL_VICTORIA,HIGHWAY,4,20.0
103761,1,7,130,5,1,60.0,0,N,MELB_URBAN,STREET,4,15.0
103762,1,7,110,1,3,60.0,0,I,MELB_URBAN,BOULEVARD,4,21.0
103763,4,7,183,5,5,60.0,0,N,RURAL_VICTORIA,ROAD,4,22.0
103764,4,1,181,5,3,50.0,0,N,MELB_URBAN,OTHER,4,3.0
103765,1,1,120,5,2,60.0,0,N,MELB_URBAN,DRIVE,4,6.0
103766,1,0,120,1,3,60.0,0,N,MELB_URBAN,ROAD,4,4.0
103767,1,1,110,1,1,50.0,0,I,TOWNS,STREET,4,10.0
103768,8,7,174,5,1,60.0,0,I,RURAL_VICTORIA,ROAD,4,14.0
103769,4,7,99,5,1,110.0,0,N,RURAL_VICTORIA,FREEWAY,4,12.0
103770,6,1,174,5,1,100.0,0,N,RURAL_VICTORIA,OTHER,4,10.0
103771,1,1,99,2,1,100.0,0,I,RURAL_VICTORIA,HIGHWAY,4,12.0
103772,1,1,110,1,1,70.0,0,I,RURAL_VICTORIA,ROAD,4,12.0
103773,1,7,116,1,1,60.0,0,I,LARGE_PROVINCIAL_CITIES,STREET,4,16.0
103774,1,0,120,5,1,100.0,0,N,RURAL_VICTORIA,ROAD,4,12.0
103775,1,0,121,2,1,60.0,0,I,MELB_URBAN,HIGHWAY,4,12.0
103776,2,0,99,2,1,60.0,0,I,MELB_URBAN,ROAD,4,16.0
103777,1,1,121,1,3,60.0,0,I,MELB_URBAN,ROAD,4,19.0
103778,1,4,130,2,1,60.0,0,N,MELB_URBAN,ROAD,3,14.0
103779,4,1,171,1,3,60.0,0,I,RURAL_VICTORIA,BOULEVARD,4,6.0
103780,1,6,99,5,1,100.0,0,N,MELB_URBAN,ROAD,4,16.0
103781,1,1,121,1,1,60.0,0,I,MELB_URBAN,ROAD,4,15.0
103782,6,1,174,5,1,100.0,0,N,RURAL_VICTORIA,ROAD,4,11.0
103783,1,2,113,2,1,70.0,0,I,MELB_URBAN,STREET,4,9.0
103784,5,6,173,5,1,60.0,0,N,RURAL_VICTORIA,ROAD,4,14.0
103785,7,6,99,5,1,60.0,0,I,MELB_URBAN,STREET,3,14.0
103786,1,2,130,5,1,60.0,0,N,MELB_URBAN,ROAD,4,12.0
103787,4,2,181,5,1,80.0,0,N,RURAL_VICTORIA,ROAD,4,10.0
103788,1,4,160,2,1,50.0,0,I,MELB_URBAN,STREET,4,11.0
103789,1,2,113,2,2,60.0,0,I,LARGE_PROVINCIAL_CITIES,ROAD,4,6.0
103790,1,7,110,1,1,60.0,0,I,TOWNS,STREET,3,13.0
103791,1,2,116,2,1,70.0,0,I,MELB_URBAN,FREEWAY,4,12.0
103792,4,2,171,5,1,80.0,0,N,RURAL_VICTORIA,ROAD,4,11.0
103793,1,6,130,5,1,50.0,0,N,MELB_URBAN,OTHER,4,14.0
103794,1,2,121,2,1,60.0,0,I,TOWNS,ROAD,4,14.0
103795,1,1,110,1,1,60.0,0,I,MELB_URBAN,STREET,4,7.0
103796,1,1,110,1,1,70.0,0,I,MELB_URBAN,ROAD,4,14.0
103797,1,7,99,2,1,60.0,0,I,MELB_URBAN,STREET,4,9.0
103798,1,2,121,1,2,50.0,0,I,LARGE_PROVINCIAL_CITIES,STREET,4,18.0
103799,4,2,181,2,5,100.0,0,I,RURAL_VICTORIA,ROAD,4,18.0
103800,1,1,99,5,3,50.0,0,N,MELB_URBAN,DRIVE,4,18.0
103801,1,2,130,1,3,70.0,0,I,MELB_URBAN,ROAD,4,20.0
103802,4,1,171,5,5,100.0,0,N,RURAL_VICTORIA,ROAD,4,21.0
103803,1,2,99,2,3,60.0,0,N,MELB_URBAN,STREET,4,21.0
103804,4,3,181,5,3,50.0,0,N,SMALL_CITIES,STREET,4,0.0
103805,4,2,171,5,5,80.0,0,N,TOWNS,ROAD,4,0.0
103806,4,2,99,5,2,60.0,0,N,MELB_URBAN,ROAD,4,5.0
103807,4,3,171,5,5,80.0,0,N,RURAL_VICTORIA,ROAD,4,0.0
103808,1,3,135,5,2,110.0,0,N,RURAL_VICTORIA,FREEWAY,4,6.0
103809,1,7,111,2,1,50.0,0,I,MELB_URBAN,BOULEVARD,4,10.0
103810,1,3,121,2,2,60.0,0,I,MELB_URBAN,ROAD,4,6.0
103811,1,1,173,5,5,60.0,0,N,SMALL_TOWNS,ROAD,4,2.0
103812,1,3,135,5,1,80.0,0,N,MELB_URBAN,UNKNOWN,4,8.0
103813,4,3,173,5,1,60.0,0,N,TOWNS,STREET,4,8.0
103814,4,2,171,5,1,100.0,0,N,RURAL_VICTORIA,HIGHWAY,4,8.0
103815,1,2,99,5,1,60.0,0,N,MELB_URBAN,ROAD,4,8.0
103816,1,3,173,5,1,60.0,0,N,MELB_URBAN,STREET,4,11.0
103817,1,2,113,1,3,70.0,0,I,MELB_URBAN,ROAD,4,20.0
103818,4,3,171,5,1,100.0,0,N,RURAL_VICTORIA,HIGHWAY,4,8.0
103819,4,3,181,5,1,100.0,1,N,RURAL_VICTORIA,ROAD,4,10.0
103820,2,3,99,2,1,50.0,0,I,LARGE_PROVINCIAL_CITIES,STREET,4,9.0
103821,1,5,147,5,1,50.0,0,N,MELBOURNE_CBD,STREET,3,17.0
103822,4,6,99,2,5,80.0,0,I,RURAL_VICTORIA,STREET,4,0.0
103823,1,3,99,1,3,100.0,0,N,MELB_URBAN,ROAD,4,23.0
103824,2,3,99,6,1,50.0,0,N,MELB_URBAN,STREET,4,13.0
103825,1,3,121,4,1,60.0,0,I,MELB_URBAN,RAMP,4,12.0
103826,5,3,99,5,1,40.0,0,N,MELB_URBAN,ROAD,4,12.0
103827,2,3,102,5,1,50.0,0,N,MELB_URBAN,AVENUE,4,16.0
103828,1,2,99,5,1,50.0,0,N,MELB_URBAN,DRIVE,4,14.0
103829,4,3,171,5,1,60.0,0,N,LARGE_PROVINCIAL_CITIES,ROAD,4,14.0
103830,2,3,99,2,1,50.0,0,N,SMALL_CITIES,STREET,4,15.0
103831,1,3,111,1,1,50.0,0,I,MELB_URBAN,STREET,4,17.0
103832,1,3,130,5,1,60.0,0,N,MELB_URBAN,HIGHWAY,4,13.0
103833,1,2,132,2,2,80.0,0,I,SMALL_TOWNS,ROAD,4,16.0
103834,1,3,113,2,1,60.0,0,I,SMALL_CITIES,ROAD,4,15.0
103835,4,3,171,5,5,100.0,0,N,RURAL_VICTORIA,HIGHWAY,4,19.0
103836,8,3,99,5,5,100.0,0,N,RURAL_VICTORIA,HIGHWAY,4,19.0
103837,4,3,173,5,5,100.0,0,N,RURAL_VICTORIA,ROAD,4,18.0
103838,6,3,174,5,2,100.0,0,N,RURAL_VICTORIA,HIGHWAY,4,18.0
103839,1,3,111,1,2,50.0,0,I,MELB_URBAN,STREET,4,18.0
103840,4,2,173,5,3,50.0,0,N,MELB_URBAN,STREET,4,20.0
103841,2,3,99,5,3,50.0,0,N,TOWNS,OTHER,4,18.0
103842,4,3,171,5,2,100.0,0,N,RURAL_VICTORIA,HIGHWAY,4,18.0
103843,4,3,171,5,5,100.0,0,N,RURAL_VICTORIA,STREET,4,22.0
103844,4,3,99,5,3,60.0,0,N,MELB_URBAN,STREET,4,23.0
103845,4,3,171,5,1,40.0,0,N,MELB_URBAN,STREET,4,9.0
103846,1,3,99,5,1,80.0,0,N,MELB_URBAN,FREEWAY,4,14.0
103847,2,4,100,5,9,50.0,0,N,MELB_URBAN,DRIVE,4,14.0
103848,1,1,130,2,1,50.0,0,I,TOWNS,HIGHWAY,4,13.0
103849,1,6,130,5,2,60.0,0,N,MELB_URBAN,STREET,4,20.0
103850,1,4,120,5,1,100.0,0,N,RURAL_VICTORIA,HIGHWAY,4,8.0
103851,1,4,99,2,1,50.0,0,I,MELB_URBAN,STREET,4,9.0
103852,1,3,99,5,1,60.0,0,N,MELB_URBAN,PARADE,4,15.0
103853,4,3,171,5,1,60.0,0,N,RURAL_VICTORIA,ROAD,4,15.0
103854,1,3,130,5,2,80.0,0,N,MELB_URBAN,STREET,4,17.0
103855,1,3,163,2,1,60.0,0,N,MELB_URBAN,ROAD,4,11.0
103856,1,3,130,5,1,60.0,0,N,MELB_URBAN,STREET,4,9.0
103857,1,4,130,5,1,70.0,0,N,MELB_URBAN,ROAD,4,12.0
103858,4,4,183,5,1,100.0,0,N,RURAL_VICTORIA,ROAD,4,7.0
103859,4,3,173,5,1,60.0,0,N,MELB_URBAN,HIGHWAY,4,14.0
103860,6,4,99,5,1,100.0,0,N,RURAL_VICTORIA,ROAD,4,11.0
103861,1,4,130,1,1,80.0,0,I,MELB_URBAN,ROAD,4,14.0
103862,1,4,110,1,1,50.0,0,I,MELB_URBAN,STREET,4,13.0
103863,1,4,99,5,1,60.0,0,N,RURAL_VICTORIA,ROAD,4,14.0
103864,1,4,147,5,1,40.0,0,N,MELB_URBAN,ROAD,4,14.0
103865,1,3,110,1,1,60.0,0,I,TOWNS,STREET,4,14.0
103866,1,2,134,5,3,80.0,0,N,MELB_URBAN,HIGHWAY,4,18.0
103867,3,4,167,5,1,100.0,0,N,RURAL_VICTORIA,ROAD,4,15.0
103868,1,3,133,5,2,40.0,0,N,MELB_URBAN,ROAD,4,17.0
103869,1,3,113,2,1,80.0,0,I,RURAL_VICTORIA,ROAD,4,15.0
103870,1,4,110,1,3,50.0,0,I,SMALL_CITIES,STREET,4,18.0
103871,1,4,110,1,1,40.0,0,I,MELB_URBAN,STREET,4,17.0
103872,1,3,130,1,1,60.0,0,I,MELB_URBAN,HIGHWAY,4,17.0
103873,2,3,100,1,1,60.0,0,I,MELB_URBAN,ROAD,4,16.0
103874,1,4,121,1,3,60.0,0,I,MELB_URBAN,ROAD,4,18.0
103875,1,3,130,5,1,70.0,0,N,SMALL_CITIES,AVENUE,4,17.0
103876,1,4,121,1,1,60.0,0,I,MELB_URBAN,STREET,4,16.0
103877,4,4,171,5,5,60.0,0,N,RURAL_VICTORIA,ROAD,4,19.0
103878,1,4,132,2,1,60.0,0,I,SMALL_CITIES,ROAD,4,16.0
103879,1,4,120,5,1,50.0,0,N,MELB_URBAN,DRIVE,4,16.0
103880,4,4,181,2,5,100.0,0,I,RURAL_VICTORIA,HIGHWAY,4,19.0
103881,1,4,116,2,1,60.0,0,I,MELB_URBAN,ROAD,4,16.0
103882,4,4,171,1,3,60.0,0,I,MELB_URBAN,OTHER,4,0.0
103883,6,5,174,5,3,60.0,0,N,MELB_URBAN,STREET,4,3.0
103884,4,4,181,5,3,60.0,0,N,MELB_URBAN,STREET,4,23.0
103885,1,4,133,5,3,100.0,0,N,MELB_URBAN,RAMP,12,23.0
103886,4,5,171,5,5,100.0,0,N,RURAL_VICTORIA,ROAD,4,5.0
103887,1,2,130,5,1,60.0,0,N,LARGE_PROVINCIAL_CITIES,STREET,3,12.0
103888,4,4,171,5,1,80.0,0,N,MELB_URBAN,OTHER,4,16.0
103889,1,4,110,1,1,70.0,0,I,MELB_URBAN,ROAD,4,8.0
103890,2,5,99,5,1,50.0,0,N,RURAL_VICTORIA,ROAD,4,7.0
103891,1,5,160,5,1,40.0,0,N,MELB_URBAN,ROAD,4,8.0
103892,4,5,183,5,1,100.0,0,N,RURAL_VICTORIA,ROAD,4,9.0
103893,4,5,171,5,1,60.0,0,N,TOWNS,ROAD,4,8.0
103894,1,5,160,5,1,60.0,0,N,MELB_URBAN,ROAD,4,11.0
103895,7,5,99,5,1,80.0,0,N,RURAL_VICTORIA,ROAD,4,12.0
103896,4,1,183,5,1,60.0,0,N,RURAL_VICTORIA,ROAD,4,10.0
103897,1,3,132,1,2,60.0,0,I,MELB_URBAN,ROAD,4,21.0
103898,4,7,171,5,1,60.0,0,N,MELB_URBAN,ROAD,3,16.0
103899,1,3,113,2,1,60.0,0,I,MELB_URBAN,ROAD,4,15.0
103900,6,5,170,5,1,100.0,1,N,RURAL_VICTORIA,ROAD,4,13.0
103901,1,5,120,5,1,60.0,1,N,MELB_URBAN,ROAD,4,12.0
103902,2,2,102,5,3,50.0,0,N,MELB_URBAN,ROAD,4,18.0
103903,4,5,171,2,1,50.0,0,I,SMALL_CITIES,STREET,4,17.0
103904,2,5,100,5,5,50.0,0,N,SMALL_CITIES,STREET,4,18.0
103905,1,5,113,2,3,60.0,0,I,MELB_URBAN,ROAD,4,18.0
103906,1,4,130,1,3,60.0,0,I,MELB_URBAN,ROAD,4,18.0
103907,1,4,130,5,1,80.0,0,N,MELB_URBAN,ROAD,4,13.0
103908,4,4,181,5,1,100.0,0,N,RURAL_VICTORIA,ROAD,4,9.0
103909,1,5,160,5,6,50.0,0,N,MELB_URBAN,ROAD,4,21.0
103910,6,5,99,5,5,60.0,0,N,RURAL_VICTORIA,ROAD,4,2.0
103911,4,6,171,5,5,100.0,0,N,RURAL_VICTORIA,HIGHWAY,4,3.0
103912,1,6,99,2,3,60.0,0,I,MELB_URBAN,STREET,4,6.0
103913,6,4,170,5,1,100.0,0,N,RURAL_VICTORIA,ROAD,4,15.0
103914,1,6,120,5,5,100.0,0,N,RURAL_VICTORIA,ROAD,4,6.0
103915,1,6,110,1,1,50.0,0,I,TOWNS,STREET,4,8.0
103916,6,2,170,5,1,60.0,0,N,RURAL_VICTORIA,ROAD,4,13.0
103917,1,6,121,1,2,50.0,0,I,MELB_URBAN,ROAD,4,6.0
103918,1,5,130,5,1,60.0,0,N,RURAL_VICTORIA,DRIVE,4,11.0
103919,1,6,130,5,1,70.0,0,N,MELB_URBAN,ROAD,4,9.0
103920,2,4,99,5,1,50.0,0,N,MELB_URBAN,AVENUE,4,15.0
103921,1,5,99,2,1,60.0,0,I,LARGE_PROVINCIAL_CITIES,ROAD,4,8.0
103922,4,5,173,5,1,80.0,0,N,RURAL_VICTORIA,OTHER,4,11.0
103923,4,5,99,2,3,60.0,0,I,RURAL_VICTORIA,ROAD,4,22.0
103924,1,6,121,2,1,60.0,0,I,MELB_URBAN,ROAD,4,11.0
103925,1,6,116,1,1,70.0,0,I,MELB_URBAN,ROAD,4,12.0
103926,4,6,171,5,1,100.0,0,N,RURAL_VICTORIA,HIGHWAY,4,13.0
103927,4,6,173,5,1,100.0,1,N,RURAL_VICTORIA,HIGHWAY,4,11.0
103928,1,6,130,5,1,60.0,0,N,MELB_URBAN,HIGHWAY,4,13.0
103929,1,6,120,5,1,80.0,0,N,RURAL_VICTORIA,ROAD,4,13.0
103930,1,5,130,1,1,60.0,0,I,MELB_URBAN,STREET,4,14.0
103931,1,6,130,1,1,70.0,0,N,MELB_URBAN,STREET,4,7.0
103932,2,6,99,5,1,50.0,0,N,RURAL_VICTORIA,STREET,4,16.0
103933,1,6,121,1,1,80.0,0,N,MELB_URBAN,ROAD,4,15.0
103934,1,5,147,5,2,80.0,0,N,SMALL_CITIES,HIGHWAY,4,18.0
103935,4,6,183,5,1,100.0,0,N,RURAL_VICTORIA,HIGHWAY,4,14.0
103936,1,6,120,5,1,100.0,0,N,RURAL_VICTORIA,ROAD,4,14.0
103937,1,5,121,2,5,60.0,0,I,LARGE_PROVINCIAL_CITIES,DRIVE,4,19.0
103938,1,6,130,5,5,100.0,0,N,MELB_URBAN,FREEWAY,4,19.0
103939,1,6,113,2,3,60.0,0,I,MELB_URBAN,ROAD,4,18.0
103940,1,6,140,5,5,80.0,0,N,RURAL_VICTORIA,ROAD,4,19.0
103941,2,6,100,9,1,60.0,0,I,MELB_URBAN,UNKNOWN,4,11.0
103942,1,6,140,5,5,50.0,0,N,MELB_URBAN,STREET,4,21.0
103943,4,6,173,2,3,50.0,0,I,MELB_URBAN,AVENUE,4,1.0
103944,1,2,121,5,3,40.0,0,I,MELB_URBAN,STREET,3,18.0
103945,1,7,130,2,1,40.0,0,I,MELB_URBAN,STREET,4,6.0
103946,1,5,110,1,3,50.0,0,I,MELB_URBAN,ROAD,4,17.0
103947,6,1,99,5,1,100.0,0,N,RURAL_VICTORIA,ROAD,12,19.0
103948,4,4,183,5,1,60.0,0,N,RURAL_VICTORIA,ROAD,4,8.0
103949,4,7,99,5,1,90.0,0,N,RURAL_VICTORIA,ROAD,4,9.0
103950,1,6,130,5,1,80.0,0,N,RURAL_VICTORIA,ROAD,4,13.0
103951,4,7,173,5,1,100.0,0,N,RURAL_VICTORIA,HIGHWAY,4,10.0
103952,4,1,171,5,6,50.0,0,N,MELB_URBAN,STREET,3,19.0
103953,1,7,99,2,1,40.0,0,I,MELB_URBAN,ROAD,4,14.0
103954,1,5,130,5,1,100.0,0,N,MELB_URBAN,FREEWAY,4,7.0
103955,1,7,113,2,2,60.0,0,I,SMALL_CITIES,HIGHWAY,4,16.0
103956,1,6,121,2,1,60.0,0,I,MELB_URBAN,STREET,4,16.0
103957,4,7,183,5,3,80.0,0,N,MELB_URBAN,RAMP,4,17.0
103958,1,7,110,1,5,100.0,0,I,RURAL_VICTORIA,ROAD,4,18.0
103959,1,7,134,5,1,60.0,0,N,MELB_URBAN,ROAD,4,14.0
103960,7,7,99,5,1,60.0,0,I,RURAL_VICTORIA,OTHER,4,14.0
103961,6,7,99,5,5,60.0,0,N,MELB_URBAN,DRIVE,4,17.0
103962,4,7,171,5,5,70.0,0,N,LARGE_PROVINCIAL_CITIES,ROAD,4,21.0
103963,4,7,181,5,5,100.0,0,N,RURAL_VICTORIA,ROAD,4,20.0
103964,2,7,99,5,2,60.0,0,N,SMALL_CITIES,STREET,4,17.0
103965,6,6,99,5,5,100.0,0,N,RURAL_VICTORIA,ROAD,4,21.0
103966,4,1,183,5,3,60.0,0,N,SMALL_CITIES,DRIVE,4,1.0
103967,4,1,173,1,3,80.0,0,N,MELB_URBAN,HIGHWAY,4,3.0
103968,1,1,130,5,5,110.0,0,N,RURAL_VICTORIA,FREEWAY,4,6.0
103969,8,1,99,5,1,60.0,0,N,MELB_URBAN,STREET,4,11.0
103970,4,1,181,5,1,60.0,0,N,RURAL_VICTORIA,ROAD,4,11.0
103971,1,0,121,1,1,60.0,0,I,MELB_URBAN,ROAD,4,13.0
103972,1,1,120,5,1,100.0,0,N,RURAL_VICTORIA,ROAD,4,12.0
103973,4,1,181,5,1,100.0,0,N,RURAL_VICTORIA,ROAD,4,15.0
103974,1,2,130,5,1,60.0,0,N,MELB_URBAN,ROAD,4,11.0
103975,4,1,173,5,1,100.0,0,N,RURAL_VICTORIA,HIGHWAY,4,16.0
103976,2,1,100,2,1,50.0,0,I,MELB_URBAN,STREET,4,17.0
103977,4,1,99,5,2,100.0,0,I,SMALL_TOWNS,HIGHWAY,4,17.0
103978,1,4,160,5,2,50.0,0,N,MELB_URBAN,ROAD,4,7.0
103979,1,1,140,5,2,60.0,0,N,MELB_URBAN,ROAD,4,17.0
103980,6,1,184,5,1,60.0,0,N,RURAL_VICTORIA,OTHER,4,12.0
103981,1,0,110,1,3,50.0,0,I,SMALL_CITIES,STREET,4,19.0
103982,1,0,160,5,3,60.0,0,N,MELB_URBAN,ROAD,4,19.0
103983,2,1,102,1,3,50.0,0,I,MELB_URBAN,STREET,4,19.0
103984,4,2,99,1,3,70.0,0,N,MELB_URBAN,ROAD,4,0.0
103985,6,1,99,5,1,100.0,0,N,RURAL_VICTORIA,ROAD,4,7.0
103986,4,6,181,5,5,50.0,0,N,TOWNS,ROAD,4,23.0
103987,1,7,120,5,1,100.0,0,N,RURAL_VICTORIA,ROAD,4,12.0
103988,3,5,167,5,9,50.0,0,N,RURAL_VICTORIA,ROAD,4,8.0
103989,1,2,130,5,1,80.0,0,N,MELB_URBAN,FREEWAY,4,8.0
103990,1,2,130,1,1,80.0,0,I,MELB_URBAN,OTHER,4,7.0
103991,1,6,110,1,3,60.0,0,I,TOWNS,STREET,4,19.0
103992,1,2,99,2,2,50.0,0,I,MELB_URBAN,STREET,4,6.0
103993,4,1,99,5,3,50.0,0,N,TOWNS,STREET,4,19.0
103994,6,6,170,1,1,80.0,0,I,MELB_URBAN,ROAD,3,14.0
103995,1,2,113,1,1,80.0,0,I,MELB_URBAN,ROAD,4,10.0
103996,1,2,110,1,1,50.0,0,I,MELB_URBAN,OTHER,4,11.0
103997,1,2,99,2,1,60.0,0,I,SMALL_CITIES,ROAD,4,8.0
103998,1,7,130,5,1,80.0,0,N,MELB_URBAN,HIGHWAY,4,16.0
103999,2,2,100,2,1,40.0,0,I,MELB_URBAN,ROAD,4,8.0
104000,8,2,99,5,1,80.0,0,N,RURAL_VICTORIA,ROAD,4,13.0
104001,1,1,99,1,2,60.0,0,I,MELB_URBAN,ROAD,4,18.0
104002,7,2,184,5,1,50.0,0,N,MELB_URBAN,AVENUE,4,7.0
104003,1,1,130,1,1,80.0,0,I,MELB_URBAN,HIGHWAY,4,12.0
104004,1,2,113,2,1,50.0,0,I,MELB_URBAN,BOULEVARD,4,13.0
104005,1,1,130,5,1,50.0,0,N,MELB_URBAN,STREET,4,12.0
104006,1,1,130,5,1,100.0,0,N,MELB_URBAN,ROAD,4,14.0
104007,8,2,174,2,1,50.0,0,I,MELB_URBAN,STREET,4,9.0
104008,1,1,130,1,1,60.0,0,N,SMALL_CITIES,STREET,4,16.0
104009,1,2,113,2,1,60.0,0,I,TOWNS,ROAD,4,15.0
104010,1,2,134,5,1,100.0,0,N,MELB_URBAN,FREEWAY,4,16.0
104011,4,2,181,5,1,100.0,1,N,RURAL_VICTORIA,HIGHWAY,4,13.0
104012,4,1,99,1,2,60.0,0,I,MELB_URBAN,ROAD,4,16.0
104013,1,1,121,1,6,60.0,0,I,MELB_URBAN,STREET,4,19.0
104014,1,2,120,5,1,60.0,0,N,MELB_URBAN,ROAD,4,15.0
104015,1,1,99,1,1,40.0,0,I,MELBOURNE_CBD,STREET,4,16.0
104016,1,1,130,5,3,70.0,0,N,MELB_URBAN,ROAD,4,18.0
104017,4,2,173,5,1,50.0,0,N,MELB_URBAN,PARADE,4,17.0
104018,1,2,99,2,1,60.0,0,I,MELB_URBAN,ROAD,4,15.0
104019,1,1,120,5,3,60.0,0,N,MELB_URBAN,ROAD,4,20.0
104020,1,2,130,5,5,80.0,0,N,MELB_URBAN,HIGHWAY,4,18.0
104021,4,2,183,5,5,80.0,0,N,MELB_URBAN,ROAD,4,22.0
104022,1,2,99,2,3,60.0,0,I,LARGE_PROVINCIAL_CITIES,STREET,4,22.0
104023,6,2,99,5,1,100.0,0,N,RURAL_VICTORIA,ROAD,4,12.0
104024,1,2,140,5,1,70.0,0,N,MELB_URBAN,ROAD,4,7.0
104025,1,3,110,1,1,40.0,0,I,LARGE_PROVINCIAL_CITIES,STREET,4,8.0
104026,4,2,171,5,3,60.0,0,N,RURAL_VICTORIA,STREET,4,19.0
104027,4,3,171,5,1,100.0,0,N,RURAL_VICTORIA,ROAD,4,8.0
104028,1,5,130,1,1,60.0,0,I,LARGE_PROVINCIAL_CITIES,STREET,4,16.0
104029,1,3,121,2,1,60.0,0,I,MELB_URBAN,ROAD,4,9.0
104030,1,3,163,5,1,40.0,0,N,MELBOURNE_CBD,STREET,4,10.0
104031,1,2,130,5,1,80.0,0,N,RURAL_VICTORIA,ROAD,4,10.0
104032,1,2,130,1,3,70.0,0,I,LARGE_PROVINCIAL_CITIES,OTHER,4,0.0
104033,1,2,130,1,1,80.0,0,I,MELB_URBAN,ROAD,4,11.0
104034,1,3,134,5,1,50.0,0,N,MELB_URBAN,ROAD,4,10.0
104035,1,7,130,2,1,40.0,0,I,SMALL_TOWNS,ROAD,4,15.0
104036,1,7,121,4,1,60.0,0,N,MELB_URBAN,RAMP,6,7.0
104037,1,2,110,1,1,60.0,0,I,MELB_URBAN,ROAD,4,12.0
104038,1,2,130,5,1,60.0,0,N,LARGE_PROVINCIAL_CITIES,STREET,4,13.0
104039,4,3,171,5,1,110.0,0,N,RURAL_VICTORIA,FREEWAY,4,12.0
104040,4,3,173,2,1,60.0,0,I,MELB_URBAN,ROAD,4,15.0
104041,4,2,171,5,1,60.0,0,N,SMALL_CITIES,STREET,4,14.0
104042,1,3,110,1,1,40.0,0,I,MELB_URBAN,STREET,4,9.0
104043,2,3,100,2,1,40.0,0,N,LARGE_PROVINCIAL_CITIES,STREET,4,14.0
104044,1,2,110,1,1,50.0,0,I,TOWNS,STREET,4,15.0
104045,1,3,113,2,1,70.0,0,I,MELB_URBAN,ROAD,4,16.0
104046,1,2,130,5,1,80.0,0,N,MELB_URBAN,HIGHWAY,4,16.0
104047,1,3,130,2,1,60.0,0,I,MELB_URBAN,STREET,4,16.0
104048,1,3,116,2,1,60.0,0,I,MELB_URBAN,ROAD,4,16.0
104049,1,2,130,4,9,60.0,0,I,MELB_URBAN,ROAD,4,18.0
104050,2,3,100,5,1,60.0,0,N,MELB_URBAN,DRIVE,4,15.0
104051,1,3,120,1,1,50.0,0,I,LARGE_PROVINCIAL_CITIES,STREET,4,17.0
104052,1,3,121,2,3,70.0,0,I,MELB_URBAN,ROAD,4,20.0