,accident_type,day_of_week,dca_code,road_geometry,light_condition,speed_zone,severity,node_type,deg_urban_name,road_type,month,hour
104053,1,3,113,1,3,110.0,0,I,RURAL_VICTORIA,FREEWAY,4,19.0
104054,1,3,130,5,1,60.0,0,N,MELB_URBAN,ROAD,4,15.0
104055,1,1,110,1,3,60.0,0,I,MELB_URBAN,ROAD,4,0.0
104056,6,3,174,5,1,100.0,0,N,RURAL_VICTORIA,ROAD,4,17.0
104057,2,3,100,5,1,80.0,0,N,MELB_URBAN,ROAD,4,18.0
104058,1,3,121,1,3,60.0,0,I,MELB_URBAN,ROAD,4,21.0
104059,7,7,99,2,3,50.0,0,I,MELB_URBAN,ROAD,3,23.0
104060,1,2,110,1,3,80.0,0,I,MELB_URBAN,AVENUE,4,22.0
104061,1,4,110,1,3,80.0,0,I,MELB_URBAN,ROAD,5,2.0
104062,1,4,99,1,3,60.0,0,I,MELB_URBAN,DRIVE,5,2.0
104063,6,4,99,5,5,100.0,1,N,RURAL_VICTORIA,FREEWAY,5,1.0
104064,4,3,171,5,6,80.0,0,N,RURAL_VICTORIA,ROAD,4,23.0
104065,1,3,163,5,1,60.0,0,N,MELBOURNE_CBD,STREET,4,16.0
104066,1,2,113,2,1,60.0,0,I,MELB_URBAN,ROAD,4,16.0
104067,1,4,132,5,1,60.0,0,N,MELB_URBAN,ROAD,5,10.0
104068,6,3,99,5,1,40.0,0,N,MELBOURNE_CBD,STREET,5,11.0
104069,4,4,173,5,1,110.0,0,N,RURAL_VICTORIA,FREEWAY,5,10.0
104070,1,4,113,2,1,60.0,0,I,MELB_URBAN,OTHER,5,10.0
104071,2,4,102,1,1,60.0,0,I,MELB_URBAN,ROAD,5,11.0
104072,3,6,167,5,5,100.0,0,N,RURAL_VICTORIA,ROAD,3,5.0
104073,1,5,130,2,1,60.0,0,I,RURAL_VICTORIA,ROAD,4,7.0
104074,6,6,99,5,1,110.0,0,N,RURAL_VICTORIA,FREEWAY,4,8.0
104075,6,4,99,5,1,70.0,0,N,RURAL_VICTORIA,STREET,5,12.0
104076,4,4,183,5,5,100.0,1,N,RURAL_VICTORIA,ROAD,5,4.0
104077,1,4,99,2,1,60.0,0,I,RURAL_VICTORIA,ROAD,5,10.0
104078,8,7,99,5,1,100.0,0,N,RURAL_VICTORIA,ROAD,4,12.0
104079,1,4,110,1,1,50.0,0,I,SMALL_CITIES,STREET,5,15.0
104080,7,2,99,2,6,60.0,0,I,MELB_URBAN,ROAD,5,17.0
104081,2,4,102,1,1,60.0,0,I,MELB_URBAN,STREET,5,17.0
104082,1,4,130,5,1,100.0,0,N,RURAL_VICTORIA,ROAD,5,15.0
104083,1,4,121,5,3,80.0,0,N,MELB_URBAN,ROAD,5,18.0
104084,2,3,100,1,3,40.0,0,I,LARGE_PROVINCIAL_CITIES,STREET,5,18.0
104085,1,2,130,5,1,60.0,0,N,MELB_URBAN,ROAD,4,15.0
104086,2,4,102,5,1,60.0,0,N,MELB_URBAN,ROAD,5,17.0
104087,1,3,130,5,3,60.0,0,N,MELB_URBAN,ROAD,5,18.0
104088,4,4,181,5,1,60.0,0,N,SMALL_TOWNS,ROAD,5,16.0
104089,1,4,99,2,1,50.0,0,I,SMALL_CITIES,STREET,5,15.0
104090,1,4,130,5,3,60.0,0,N,MELB_URBAN,ROAD,5,17.0
104091,1,4,130,5,1,80.0,0,N,MELB_URBAN,OTHER,5,16.0
104092,1,4,130,5,3,60.0,0,N,MELB_URBAN,UNKNOWN,5,0.0
104093,1,4,130,2,3,60.0,0,I,MELB_URBAN,ROAD,5,23.0
104094,1,5,113,2,3,60.0,0,I,MELB_URBAN,ROAD,5,5.0
104095,1,5,120,5,1,60.0,0,N,MELB_URBAN,ROAD,5,7.0
104096,6,5,99,2,1,50.0,0,I,MELB_URBAN,STREET,5,6.0
104097,1,4,120,5,5,80.0,0,N,RURAL_VICTORIA,ROAD,5,6.0
104098,1,4,130,5,2,70.0,0,N,LARGE_PROVINCIAL_CITIES,ROAD,5,6.0
104099,1,5,130,5,1,60.0,0,N,MELB_URBAN,ROAD,4,13.0
104100,4,5,183,5,1,100.0,0,N,MELB_URBAN,RAMP,5,9.0
104101,1,5,120,5,1,100.0,0,N,RURAL_VICTORIA,ROAD,5,7.0
104102,1,5,113,2,1,50.0,0,I,TOWNS,ROAD,5,9.0
104103,4,5,171,5,1,50.0,0,N,MELB_URBAN,DRIVE,5,9.0
104104,4,5,171,5,1,50.0,0,N,MELB_URBAN,ROAD,5,12.0
104105,1,5,160,5,1,50.0,0,N,SMALL_CITIES,STREET,5,13.0
104106,1,5,130,1,1,80.0,0,I,MELB_URBAN,ROAD,4,14.0
104107,2,5,102,1,1,60.0,0,I,MELB_URBAN,ROAD,5,13.0
104108,1,5,130,1,1,40.0,0,I,LARGE_PROVINCIAL_CITIES,STREET,5,10.0
104109,8,1,174,5,1,100.0,0,N,RURAL_VICTORIA,ROAD,4,13.0
104110,1,5,171,5,1,50.0,0,N,SMALL_CITIES,STREET,5,13.0
104111,4,5,99,1,1,50.0,0,I,SMALL_CITIES,ROAD,5,9.0
104112,1,5,130,5,1,100.0,0,N,MELB_URBAN,ROAD,5,14.0
104113,1,4,147,5,1,40.0,0,N,MELB_URBAN,STREET,5,14.0
104114,1,5,120,5,1,60.0,0,N,MELB_URBAN,ROAD,5,11.0
104115,2,5,100,1,1,60.0,0,I,MELB_URBAN,ROAD,5,11.0
104116,8,2,174,3,1,60.0,0,I,RURAL_VICTORIA,ROAD,4,12.0
104117,4,5,173,5,2,80.0,0,N,MELB_URBAN,ROAD,5,17.0
104118,1,4,113,2,1,60.0,0,I,MELB_URBAN,STREET,5,8.0
104119,1,5,130,2,3,60.0,0,I,TOWNS,HIGHWAY,5,17.0
104120,1,5,130,5,1,50.0,0,N,MELB_URBAN,ROAD,5,15.0
104121,1,5,121,2,3,70.0,0,I,MELB_URBAN,ROAD,5,18.0
104122,1,5,140,1,3,40.0,0,I,MELB_URBAN,OTHER,5,17.0
104123,4,4,171,2,1,80.0,0,N,MELB_URBAN,ROAD,3,18.0
104124,1,5,130,5,2,80.0,0,N,MELB_URBAN,ROAD,5,16.0
104125,1,4,130,5,3,70.0,0,N,MELB_URBAN,ROAD,5,17.0
104126,1,4,130,5,1,100.0,0,N,MELB_URBAN,ROAD,5,15.0
104127,6,5,99,5,5,100.0,0,N,RURAL_VICTORIA,ROAD,5,5.0
104128,1,5,110,4,3,60.0,0,I,MELB_URBAN,STREET,5,21.0
104129,1,6,130,1,3,50.0,0,I,MELB_URBAN,STREET,5,0.0
104130,1,5,110,1,3,50.0,0,I,TOWNS,ROAD,5,18.0
104131,2,5,99,1,1,50.0,0,I,TOWNS,STREET,5,16.0
104132,1,6,130,5,1,60.0,0,N,MELB_URBAN,ROAD,4,16.0
104133,1,6,130,1,1,80.0,0,I,SMALL_TOWNS,ROAD,5,8.0
104134,8,6,174,2,1,50.0,0,I,MELB_URBAN,AVENUE,5,8.0
104135,1,5,116,2,1,70.0,0,I,MELB_URBAN,ROAD,5,7.0
104136,1,6,147,5,2,60.0,0,N,MELB_URBAN,STREET,5,6.0
104137,1,6,140,5,1,60.0,0,N,MELB_URBAN,DRIVE,5,9.0
104138,7,3,99,2,1,60.0,0,I,RURAL_VICTORIA,ROAD,4,14.0
104139,1,5,135,5,1,60.0,0,N,MELB_URBAN,ROAD,5,8.0
104140,1,6,110,1,1,50.0,0,I,MELB_URBAN,ROAD,5,10.0
104141,2,6,102,5,1,60.0,0,I,MELB_URBAN,STREET,5,12.0
104142,1,6,110,1,1,60.0,0,I,MELB_URBAN,ROAD,5,10.0
104143,1,6,110,1,1,50.0,0,I,MELB_URBAN,STREET,5,13.0
104144,1,4,132,1,1,90.0,0,I,RURAL_VICTORIA,ROAD,5,16.0
104145,4,5,181,5,5,50.0,0,N,RURAL_VICTORIA,ROAD,4,19.0
104146,4,5,183,5,1,60.0,0,N,LARGE_PROVINCIAL_CITIES,OTHER,5,10.0
104147,1,6,113,2,1,80.0,0,I,RURAL_VICTORIA,HIGHWAY,5,8.0
104148,6,6,184,5,1,60.0,0,N,SMALL_TOWNS,ROAD,5,12.0
104149,1,6,99,5,1,80.0,0,N,MELB_URBAN,ROAD,5,12.0
104150,2,6,102,2,3,60.0,0,I,MELB_URBAN,ROAD,5,6.0
104151,6,6,170,5,1,80.0,0,N,RURAL_VICTORIA,HIGHWAY,5,12.0
104152,2,6,102,5,1,60.0,0,N,MELB_URBAN,ROAD,5,8.0
104153,1,6,130,5,1,50.0,0,N,MELB_URBAN,STREET,5,14.0
104154,8,6,170,2,1,60.0,0,I,SMALL_CITIES,ROAD,5,15.0
104155,1,6,110,1,1,50.0,0,I,MELB_URBAN,STREET,5,16.0
104156,1,4,110,1,1,80.0,0,I,RURAL_VICTORIA,HIGHWAY,4,11.0
104157,4,6,181,5,1,100.0,0,N,RURAL_VICTORIA,ROAD,5,15.0
104158,1,5,130,5,2,80.0,0,N,RURAL_VICTORIA,ROAD,5,16.0
104159,1,6,116,2,2,70.0,0,N,MELB_URBAN,ROAD,5,17.0
104160,1,5,130,1,1,60.0,0,I,LARGE_PROVINCIAL_CITIES,ROAD,4,11.0
104161,1,4,110,1,1,50.0,0,N,TOWNS,STREET,4,8.0
104162,1,5,99,1,2,100.0,0,I,RURAL_VICTORIA,ROAD,5,17.0
104163,1,5,121,2,2,60.0,0,I,MELB_URBAN,ROAD,5,17.0
104164,1,5,163,5,1,60.0,0,N,MELB_URBAN,STREET,5,15.0
104165,6,5,99,5,1,60.0,0,N,RURAL_VICTORIA,OTHER,4,14.0
104166,1,5,120,5,5,80.0,0,N,RURAL_VICTORIA,ROAD,5,18.0
104167,4,6,99,2,5,100.0,0,N,RURAL_VICTORIA,ROAD,5,19.0
104168,1,6,130,5,3,100.0,0,N,MELB_URBAN,RAMP,5,18.0
104169,1,6,121,2,3,60.0,0,I,MELB_URBAN,ROAD,5,20.0
104170,1,6,121,1,3,80.0,0,I,MELB_URBAN,HIGHWAY,5,5.0
104171,7,6,99,1,6,60.0,0,I,MELB_URBAN,ROAD,5,21.0
104172,1,5,160,5,1,50.0,0,N,MELB_URBAN,PARADE,5,16.0
104173,7,6,99,2,3,60.0,0,I,MELB_URBAN,ROAD,5,21.0
104174,2,6,100,1,3,80.0,0,I,MELB_URBAN,ROAD,5,22.0
104175,1,6,160,5,4,50.0,0,N,MELB_URBAN,STREET,5,20.0
104176,1,6,130,5,3,50.0,0,N,MELB_URBAN,STREET,5,22.0
104177,1,5,110,1,3,50.0,0,I,MELB_URBAN,STREET,5,22.0
104178,1,6,130,5,3,100.0,0,I,MELB_URBAN,FREEWAY,5,19.0
104179,1,6,160,5,3,50.0,0,N,MELB_URBAN,STREET,5,19.0
104180,4,6,171,5,5,100.0,0,N,SMALL_TOWNS,ROAD,5,23.0
104181,1,6,110,1,3,60.0,0,I,MELB_URBAN,DRIVE,5,3.0
104182,1,6,130,5,1,60.0,0,N,MELB_URBAN,STREET,5,13.0
104183,4,6,173,5,3,50.0,0,N,MELB_URBAN,DRIVE,5,4.0
104184,1,2,99,1,3,40.0,0,I,MELB_URBAN,STREET,4,21.0
104185,1,7,120,5,5,100.0,1,N,RURAL_VICTORIA,ROAD,5,0.0
104186,4,7,173,2,1,80.0,0,N,RURAL_VICTORIA,ROAD,5,8.0
104187,1,5,99,2,1,40.0,0,I,MELB_URBAN,STREET,4,16.0
104188,6,6,174,2,1,100.0,0,I,RURAL_VICTORIA,ROAD,5,7.0
104189,1,7,120,5,1,70.0,0,N,RURAL_VICTORIA,ROAD,5,8.0
104190,1,6,130,5,1,60.0,0,N,MELB_URBAN,ROAD,5,11.0
104191,2,6,99,2,1,50.0,0,N,SMALL_CITIES,AVENUE,5,9.0
104192,1,7,130,5,1,60.0,0,N,LARGE_PROVINCIAL_CITIES,ROAD,5,11.0
104193,1,7,120,5,1,100.0,1,N,RURAL_VICTORIA,HIGHWAY,5,7.0
104194,1,7,120,5,2,60.0,0,I,MELB_URBAN,ROAD,5,7.0
104195,1,7,110,1,1,60.0,0,I,MELB_URBAN,HIGHWAY,5,12.0
104196,4,7,99,5,3,80.0,0,N,MELB_URBAN,ROAD,5,6.0
104197,1,6,130,1,2,60.0,0,I,SMALL_CITIES,ROAD,4,18.0
104198,1,4,99,2,3,50.0,0,N,MELB_URBAN,STREET,5,20.0
104199,1,6,121,2,1,60.0,0,I,MELB_URBAN,PARADE,5,17.0
104200,1,7,113,2,1,60.0,0,I,MELB_URBAN,ROAD,5,12.0
104201,1,7,120,5,1,100.0,0,N,RURAL_VICTORIA,ROAD,5,13.0
104202,5,7,99,5,1,60.0,0,N,MELB_URBAN,ROAD,5,13.0
104203,1,7,173,5,3,60.0,0,N,MELB_URBAN,STREET,5,7.0
104204,1,7,113,2,1,60.0,0,I,MELB_URBAN,ROAD,5,13.0
104205,1,7,120,5,1,100.0,0,N,RURAL_VICTORIA,HIGHWAY,5,13.0
104206,1,7,110,1,1,60.0,0,I,MELB_URBAN,ROAD,5,15.0
104207,1,7,140,5,1,50.0,0,I,MELB_URBAN,ROAD,5,15.0
104208,1,6,132,2,3,60.0,0,I,MELB_URBAN,ROAD,5,17.0
104209,4,7,183,5,2,80.0,0,N,RURAL_VICTORIA,ROAD,5,17.0
104210,1,7,110,1,1,50.0,0,I,SMALL_CITIES,STREET,5,17.0
104211,2,7,99,2,1,70.0,0,I,LARGE_PROVINCIAL_CITIES,OTHER,5,14.0
104212,1,7,99,2,3,50.0,0,I,TOWNS,STREET,5,18.0
104213,4,7,181,5,1,80.0,1,N,RURAL_VICTORIA,ROAD,5,12.0
104214,1,7,140,5,3,50.0,0,N,MELB_URBAN,ROAD,5,19.0
104215,1,7,173,5,5,60.0,0,N,RURAL_VICTORIA,FREEWAY,5,20.0
104216,4,6,173,5,1,50.0,0,N,MELB_URBAN,ROAD,5,14.0
104217,1,7,130,5,3,60.0,0,N,MELB_URBAN,ROAD,5,17.0
104218,4,6,173,6,5,40.0,0,N,MELB_URBAN,STREET,5,20.0
104219,2,7,100,1,1,50.0,0,I,MELB_URBAN,OTHER,5,18.0
104220,4,7,173,5,3,80.0,0,N,MELB_URBAN,ROAD,5,21.0
104221,1,6,135,1,1,40.0,0,I,MELBOURNE_CBD,STREET,5,9.0
104222,2,1,100,1,6,60.0,0,I,MELB_URBAN,STREET,5,5.0
104223,1,1,130,5,1,40.0,0,N,MELB_URBAN,STREET,4,8.0
104224,1,4,121,1,3,60.0,0,I,LARGE_PROVINCIAL_CITIES,STREET,5,18.0
104225,4,0,171,1,3,80.0,0,I,MELB_URBAN,HIGHWAY,5,6.0
104226,1,0,130,5,2,60.0,0,N,MELB_URBAN,ROAD,5,7.0
104227,1,2,140,1,1,60.0,0,I,MELB_URBAN,ROAD,4,13.0
104228,4,1,171,1,1,100.0,0,I,RURAL_VICTORIA,ROAD,5,12.0
104229,1,1,130,2,1,80.0,0,I,RURAL_VICTORIA,ROAD,5,12.0
104230,1,0,130,1,1,60.0,0,I,RURAL_VICTORIA,HIGHWAY,5,10.0
104231,1,7,130,2,9,60.0,0,I,MELB_URBAN,ROAD,5,12.0
104232,4,5,183,5,1,100.0,0,N,RURAL_VICTORIA,ROAD,5,10.0
104233,4,1,171,5,1,60.0,0,N,MELB_URBAN,ROAD,5,12.0
104234,4,1,171,5,1,60.0,0,N,MELB_URBAN,ROAD,5,15.0
104235,1,7,120,5,5,80.0,0,N,RURAL_VICTORIA,ROAD,5,19.0
104236,1,1,121,2,3,60.0,0,I,MELB_URBAN,ROAD,5,18.0
104237,4,0,173,5,2,50.0,0,N,MELB_URBAN,ROAD,5,17.0
104238,4,1,171,5,5,100.0,0,N,RURAL_VICTORIA,FREEWAY,5,19.0
104239,1,1,110,1,1,50.0,0,I,MELB_URBAN,BOULEVARD,5,16.0
104240,4,0,173,5,5,100.0,0,N,RURAL_VICTORIA,HIGHWAY,5,17.0
104241,4,1,183,5,5,80.0,0,N,RURAL_VICTORIA,ROAD,5,18.0
104242,1,1,110,1,2,100.0,1,I,RURAL_VICTORIA,HIGHWAY,5,17.0
104243,1,1,171,5,3,50.0,0,I,LARGE_PROVINCIAL_CITIES,DRIVE,5,18.0
104244,2,1,99,5,5,60.0,0,N,SMALL_CITIES,OTHER,5,20.0
104245,1,1,160,2,3,60.0,0,I,LARGE_PROVINCIAL_CITIES,ROAD,5,19.0
104246,1,0,160,5,3,50.0,0,N,MELB_URBAN,STREET,5,20.0
104247,4,7,183,5,5,100.0,0,N,RURAL_VICTORIA,ROAD,5,22.0
104248,7,2,99,1,1,40.0,0,I,MELB_URBAN,STREET,5,7.0
104249,8,1,184,5,1,60.0,0,N,RURAL_VICTORIA,OTHER,5,12.0
104250,2,1,102,5,3,60.0,0,N,MELB_URBAN,ROAD,5,19.0
104251,2,2,102,1,1,60.0,0,I,LARGE_PROVINCIAL_CITIES,OTHER,5,7.0
104252,1,2,113,2,1,60.0,0,I,MELB_URBAN,AVENUE,5,8.0
104253,2,2,99,5,1,100.0,0,N,MELB_URBAN,FREEWAY,5,8.0
104254,6,1,99,5,1,100.0,0,N,RURAL_VICTORIA,ROAD,5,9.0
104255,5,1,99,5,1,100.0,0,N,MELB_URBAN,FREEWAY,5,12.0
104256,1,2,121,2,1,60.0,0,I,MELB_URBAN,ROAD,5,9.0
104257,2,5,100,1,3,80.0,0,I,MELB_URBAN,ROAD,5,17.0
104258,1,4,130,2,1,60.0,0,I,MELB_URBAN,BOULEVARD,5,17.0
104259,1,2,110,1,1,40.0,0,I,MELB_URBAN,STREET,5,6.0
104260,1,5,147,5,1,60.0,0,N,MELB_URBAN,ROAD,5,16.0
104261,1,2,160,5,3,60.0,0,N,MELB_URBAN,BOULEVARD,4,19.0
104262,1,2,113,2,1,40.0,0,I,MELB_URBAN,ROAD,5,7.0
104263,4,2,173,5,1,80.0,0,N,MELB_URBAN,HIGHWAY,5,14.0
104264,1,7,130,5,1,70.0,0,N,LARGE_PROVINCIAL_CITIES,ROAD,5,14.0
104265,1,0,130,5,5,110.0,0,N,RURAL_VICTORIA,FREEWAY,5,0.0
104266,3,5,167,5,5,60.0,0,N,RURAL_VICTORIA,ROAD,3,21.0
104267,1,1,99,2,1,50.0,0,I,MELB_URBAN,STREET,5,15.0
104268,1,2,147,5,1,60.0,0,N,MELB_URBAN,ROAD,4,8.0
104269,1,2,130,5,1,60.0,0,N,MELB_URBAN,ROAD,5,15.0
104270,4,2,171,5,1,100.0,0,N,RURAL_VICTORIA,ROAD,5,13.0
104271,1,0,99,5,1,60.0,0,N,MELB_URBAN,STREET,5,9.0
104272,2,2,100,1,3,60.0,0,I,MELB_URBAN,ROAD,5,19.0
104273,1,2,130,5,1,70.0,0,N,MELB_URBAN,OTHER,5,17.0
104274,4,1,171,5,5,100.0,0,N,RURAL_VICTORIA,ROAD,5,20.0
104275,2,1,99,5,3,40.0,0,N,MELB_URBAN,STREET,5,21.0
104276,1,2,160,5,3,60.0,0,N,MELB_URBAN,ROAD,5,20.0
104277,6,2,99,5,1,100.0,0,N,RURAL_VICTORIA,ROAD,5,14.0
104278,4,2,171,5,5,110.0,0,N,RURAL_VICTORIA,FREEWAY,5,20.0
104279,1,2,99,5,1,60.0,0,O,MELB_URBAN,UNKNOWN,5,15.0
104280,1,3,111,2,3,60.0,0,I,MELB_URBAN,PARADE,5,0.0
104281,1,1,110,1,3,60.0,0,I,MELB_URBAN,ROAD,5,21.0
104282,4,3,181,5,3,50.0,0,N,MELB_URBAN,DRIVE,5,5.0
104283,1,2,110,4,1,50.0,0,I,MELB_URBAN,STREET,5,14.0
104284,1,2,135,5,3,60.0,0,N,MELB_URBAN,ROAD,5,6.0
104285,1,3,113,2,1,60.0,0,I,MELB_URBAN,ROAD,5,6.0
104286,1,3,99,2,1,80.0,0,I,RURAL_VICTORIA,HIGHWAY,5,8.0
104287,1,2,133,2,1,60.0,0,N,MELB_URBAN,STREET,5,8.0
104288,1,2,99,5,3,80.0,0,N,MELB_URBAN,ROAD,5,6.0
104289,1,2,113,2,1,60.0,0,I,MELB_URBAN,ROAD,5,9.0
104290,1,3,110,1,1,60.0,0,I,RURAL_VICTORIA,ROAD,5,7.0
104291,4,7,171,5,1,80.0,0,N,RURAL_VICTORIA,ROAD,5,14.0
104292,2,3,100,5,1,60.0,0,N,MELB_URBAN,ROAD,5,10.0
104293,2,3,100,5,1,50.0,0,N,MELB_URBAN,ROAD,5,8.0
104294,4,2,171,5,1,80.0,0,I,MELB_URBAN,ROAD,5,11.0
104295,4,5,181,5,1,80.0,0,N,RURAL_VICTORIA,ROAD,5,16.0
104296,1,3,99,1,1,50.0,0,I,SMALL_CITIES,STREET,5,8.0
104297,1,5,121,2,1,50.0,0,I,MELB_URBAN,ROAD,5,16.0
104298,1,2,121,1,1,60.0,0,I,LARGE_PROVINCIAL_CITIES,ROAD,5,12.0
104299,2,3,100,1,1,50.0,0,I,LARGE_PROVINCIAL_CITIES,STREET,5,8.0
104300,2,1,100,5,1,60.0,0,N,MELB_URBAN,ROAD,5,15.0
104301,1,3,121,2,1,60.0,0,I,MELB_URBAN,STREET,5,10.0
104302,1,3,133,5,1,80.0,0,N,MELB_URBAN,UNKNOWN,5,7.0
104303,2,3,102,1,1,60.0,0,I,LARGE_PROVINCIAL_CITIES,STREET,5,13.0
104304,2,3,100,1,1,50.0,1,I,MELB_URBAN,ROAD,5,10.0
104305,5,1,183,5,1,60.0,0,N,RURAL_VICTORIA,ROAD,4,13.0
104306,1,3,113,2,1,70.0,0,I,MELB_URBAN,ROAD,5,7.0
104307,1,3,110,1,1,80.0,0,I,RURAL_VICTORIA,HIGHWAY,5,10.0
104308,2,1,100,1,1,40.0,0,I,MELB_URBAN,STREET,5,8.0
104309,1,3,110,1,1,60.0,0,I,MELB_URBAN,STREET,5,8.0
104310,2,2,100,2,1,50.0,0,N,MELB_URBAN,ROAD,5,14.0
104311,2,1,100,5,3,60.0,0,O,MELB_URBAN,UNKNOWN,5,17.0
104312,1,3,121,2,1,60.0,0,I,LARGE_PROVINCIAL_CITIES,STREET,4,17.0
104313,1,2,110,1,1,50.0,0,I,TOWNS,STREET,5,15.0
104314,1,3,99,5,1,50.0,0,N,MELB_URBAN,ROAD,5,15.0
104315,2,3,100,2,1,60.0,0,I,MELB_URBAN,HIGHWAY,5,13.0
104316,6,2,99,9,9,60.0,0,I,RURAL_VICTORIA,ROAD,5,10.0
104317,1,3,130,1,1,60.0,0,I,MELB_URBAN,ROAD,5,11.0
104318,1,3,140,2,2,80.0,0,N,MELB_URBAN,HIGHWAY,5,17.0
104319,1,3,121,1,3,60.0,0,I,MELB_URBAN,HIGHWAY,5,17.0
104320,1,2,113,2,3,50.0,0,I,MELB_URBAN,PARADE,5,18.0
104321,1,2,130,5,3,80.0,0,N,MELB_URBAN,ROAD,5,18.0
104322,1,3,130,5,1,80.0,0,N,MELB_URBAN,ROAD,5,17.0
104323,4,3,99,5,1,50.0,0,N,LARGE_PROVINCIAL_CITIES,OTHER,5,16.0
104324,4,3,181,1,5,100.0,0,I,RURAL_VICTORIA,ROAD,5,18.0
104325,1,2,130,5,3,60.0,0,N,MELB_URBAN,STREET,5,18.0
104326,1,2,130,5,2,80.0,0,N,MELB_URBAN,ROAD,5,6.0
104327,4,3,173,5,2,70.0,0,N,MELB_URBAN,OTHER,5,19.0
104328,1,3,99,2,1,50.0,0,I,MELB_URBAN,AVENUE,5,15.0
104329,6,3,99,5,3,40.0,0,N,MELB_URBAN,ROAD,5,21.0
104330,1,3,110,1,3,60.0,0,I,LARGE_PROVINCIAL_CITIES,STREET,5,22.0
104331,4,3,183,5,5,100.0,0,N,RURAL_VICTORIA,HIGHWAY,5,20.0
104332,1,6,113,2,1,60.0,0,I,MELB_URBAN,ROAD,5,16.0
104333,1,4,130,1,3,60.0,0,N,MELB_URBAN,ROAD,5,5.0
104334,6,5,99,5,3,50.0,0,N,MELB_URBAN,STREET,5,20.0
104335,1,2,130,2,1,60.0,0,I,MELB_URBAN,ROAD,5,6.0
104336,1,3,130,5,1,80.0,0,N,MELB_URBAN,ROAD,5,8.0
104337,1,4,113,2,3,80.0,0,I,MELB_URBAN,ROAD,5,6.0
104338,1,4,121,1,1,60.0,0,I,MELB_URBAN,ROAD,5,6.0
104339,1,3,160,5,1,50.0,0,N,MELB_URBAN,STREET,5,7.0
104340,1,4,130,5,1,80.0,0,N,RURAL_VICTORIA,STREET,5,11.0
104341,1,5,147,5,1,80.0,0,N,MELB_URBAN,ROAD,7,14.0
104342,1,4,121,1,1,60.0,0,I,SMALL_CITIES,ROAD,5,10.0
104343,2,3,100,1,1,60.0,0,I,MELB_URBAN,ROAD,5,16.0
104344,2,4,99,5,1,60.0,0,N,MELB_URBAN,ROAD,5,11.0
104345,4,3,181,5,1,100.0,0,N,RURAL_VICTORIA,ROAD,5,10.0
104346,8,4,170,5,1,50.0,0,N,SMALL_CITIES,STREET,5,12.0
104347,2,1,100,1,1,60.0,0,I,MELB_URBAN,ROAD,4,11.0
104348,4,4,99,5,1,80.0,0,N,RURAL_VICTORIA,ROAD,5,8.0
104349,1,3,113,1,1,40.0,0,I,RURAL_VICTORIA,HIGHWAY,5,11.0
104350,1,4,99,2,1,40.0,0,I,MELB_URBAN,STREET,5,10.0
104351,2,2,99,2,1,60.0,0,I,MELB_URBAN,STREET,5,14.0
104352,1,3,135,5,1,60.0,0,N,RURAL_VICTORIA,HIGHWAY,5,14.0
104353,1,3,130,5,1,80.0,0,N,MELB_URBAN,OTHER,5,15.0
104354,1,3,121,2,2,80.0,0,I,RURAL_VICTORIA,STREET,5,17.0
104355,1,4,121,1,1,60.0,0,I,LARGE_PROVINCIAL_CITIES,STREET,5,14.0
104356,1,4,134,1,2,40.0,0,I,MELBOURNE_CBD,STREET,5,17.0
104357,1,4,113,2,3,60.0,0,I,MELB_URBAN,ROAD,5,17.0
104358,1,3,120,2,1,40.0,0,N,MELB_URBAN,STREET,5,14.0
104359,4,4,181,5,3,60.0,0,N,TOWNS,STREET,5,17.0
104360,4,3,171,5,5,80.0,0,N,RURAL_VICTORIA,ROAD,5,20.0
104361,1,4,113,2,3,60.0,0,I,MELB_URBAN,ROAD,5,21.0
104362,2,4,99,5,3,60.0,1,N,MELB_URBAN,ROAD,5,20.0
104363,5,4,99,2,1,40.0,0,N,MELB_URBAN,STREET,5,14.0
104364,1,4,130,1,3,100.0,0,N,RURAL_VICTORIA,HIGHWAY,5,19.0
104365,1,5,160,5,3,70.0,0,N,MELB_URBAN,ROAD,5,6.0
104366,1,5,111,2,1,50.0,0,I,MELB_URBAN,ROAD,5,16.0
104367,1,5,110,1,1,60.0,0,I,LARGE_PROVINCIAL_CITIES,STREET,5,8.0
104368,1,3,130,5,3,60.0,0,N,MELB_URBAN,ROAD,5,21.0
104369,1,2,130,1,1,60.0,0,I,RURAL_VICTORIA,ROAD,5,9.0
104370,1,5,111,2,1,40.0,0,N,MELB_URBAN,ROAD,5,8.0
104371,1,5,110,1,2,80.0,0,I,RURAL_VICTORIA,ROAD,5,6.0
104372,1,5,99,2,1,50.0,0,I,SMALL_CITIES,ROAD,5,8.0
104373,1,5,121,2,1,70.0,1,I,MELB_URBAN,ROAD,5,8.0
104374,4,5,183,5,1,100.0,0,N,RURAL_VICTORIA,ROAD,5,8.0
104375,1,4,130,5,3,50.0,0,N,MELB_URBAN,STREET,5,18.0
104376,1,5,130,5,2,60.0,0,I,MELB_URBAN,ROAD,4,17.0
104377,1,4,130,1,1,50.0,0,N,MELB_URBAN,ROAD,5,10.0
104378,1,5,133,5,1,60.0,0,N,TOWNS,OTHER,5,8.0