,accident_type,day_of_week,dca_code,road_geometry,light_condition,speed_zone,severity,node_type,deg_urban_name,road_type,month,hour
104379,8,5,174,5,1,60.0,0,N,MELB_URBAN,ROAD,5,14.0
104380,1,7,132,2,1,50.0,0,I,MELB_URBAN,STREET,5,11.0
104381,1,5,132,5,1,60.0,0,N,MELB_URBAN,ROAD,5,14.0
104382,1,4,135,5,1,80.0,0,N,MELB_URBAN,UNKNOWN,5,15.0
104383,1,5,147,2,1,60.0,0,N,RURAL_VICTORIA,ROAD,5,13.0
104384,1,5,140,5,1,100.0,0,N,RURAL_VICTORIA,RAMP,5,16.0
104385,1,5,130,5,3,60.0,0,N,LARGE_PROVINCIAL_CITIES,STREET,5,18.0
104386,1,4,121,1,3,60.0,0,I,MELB_URBAN,ROAD,5,18.0
104387,1,5,121,1,2,50.0,0,I,MELB_URBAN,STREET,5,17.0
104388,1,4,130,5,3,60.0,0,N,MELB_URBAN,ROAD,5,18.0
104389,2,5,99,1,1,60.0,0,I,MELB_URBAN,ROAD,5,17.0
104390,1,3,113,2,2,60.0,0,I,SMALL_CITIES,AVENUE,4,17.0
104391,1,5,147,5,3,80.0,0,N,MELB_URBAN,HIGHWAY,5,19.0
104392,1,5,116,2,1,60.0,0,I,MELB_URBAN,UNKNOWN,5,15.0
104393,1,5,121,2,3,70.0,0,I,MELB_URBAN,ROAD,5,19.0
104394,1,5,121,2,3,50.0,0,I,MELB_URBAN,ROAD,5,20.0
104395,1,4,130,4,1,60.0,0,N,MELB_URBAN,RAMP,5,15.0
104396,4,5,171,5,3,80.0,0,N,MELB_URBAN,FREEWAY,5,18.0
104397,4,4,173,5,3,60.0,0,N,MELB_URBAN,ROAD,5,18.0
104398,1,5,130,2,1,70.0,0,N,MELB_URBAN,ROAD,5,15.0
104399,1,5,121,2,3,50.0,0,I,MELB_URBAN,STREET,5,21.0
104400,1,5,110,1,3,60.0,0,I,MELB_URBAN,BOULEVARD,5,0.0
104401,1,4,130,1,3,80.0,0,I,MELB_URBAN,HIGHWAY,5,21.0
104402,4,6,171,2,3,50.0,0,I,MELB_URBAN,ROAD,5,0.0
104403,1,4,132,2,3,60.0,0,I,MELB_URBAN,ROAD,5,22.0
104404,1,6,130,1,2,80.0,0,I,MELB_URBAN,HIGHWAY,5,6.0
104405,1,4,110,1,9,60.0,0,I,SMALL_CITIES,PARADE,5,8.0
104406,1,5,113,2,3,60.0,0,I,MELB_URBAN,ROAD,5,19.0
104407,1,6,121,5,1,70.0,0,N,MELB_URBAN,ROAD,5,8.0
104408,2,6,100,5,1,60.0,0,N,MELB_URBAN,ROAD,5,8.0
104409,1,3,133,1,1,40.0,0,I,MELB_URBAN,STREET,5,15.0
104410,6,6,99,2,1,60.0,0,I,MELB_URBAN,ROAD,5,7.0
104411,1,6,130,5,1,60.0,0,N,MELB_URBAN,ROAD,5,11.0
104412,1,5,130,2,1,60.0,0,I,MELB_URBAN,ROAD,5,13.0
104413,1,4,116,2,1,50.0,0,I,SMALL_CITIES,STREET,5,17.0
104414,1,5,163,5,6,40.0,0,N,MELB_URBAN,ROAD,5,18.0
104415,1,5,130,1,1,80.0,0,I,MELB_URBAN,HIGHWAY,5,8.0
104416,1,5,163,5,9,40.0,0,I,MELB_URBAN,STREET,4,17.0
104417,1,6,110,1,1,60.0,0,I,LARGE_PROVINCIAL_CITIES,STREET,5,10.0
104418,1,5,130,1,1,50.0,0,N,MELB_URBAN,ROAD,5,16.0
104419,1,2,134,5,6,40.0,0,N,MELB_URBAN,FREEWAY,5,22.0
104420,1,5,110,1,1,50.0,0,I,MELB_URBAN,STREET,5,9.0
104421,1,6,121,1,1,50.0,0,I,MELB_URBAN,STREET,5,13.0
104422,2,6,102,5,1,50.0,0,N,MELB_URBAN,AVENUE,5,13.0
104423,1,6,130,2,2,80.0,0,I,MELB_URBAN,ROAD,5,16.0
104424,2,1,99,2,1,40.0,0,I,MELB_URBAN,STREET,5,9.0
104425,1,6,130,1,1,40.0,0,I,MELB_URBAN,ROAD,5,13.0
104426,1,6,130,5,6,100.0,0,N,MELB_URBAN,FREEWAY,5,18.0
104427,1,6,99,1,2,50.0,0,I,MELB_URBAN,STREET,5,17.0
104428,6,6,99,3,5,100.0,0,I,RURAL_VICTORIA,ROAD,5,18.0
104429,4,5,171,5,1,60.0,0,N,MELB_URBAN,STREET,5,16.0
104430,2,6,100,5,5,80.0,1,N,RURAL_VICTORIA,ROAD,5,18.0
104431,2,5,102,5,1,40.0,0,N,SMALL_CITIES,STREET,5,15.0
104432,4,6,181,5,3,50.0,0,N,MELB_URBAN,BOULEVARD,5,20.0
104433,1,6,130,2,5,80.0,0,I,SMALL_CITIES,ROAD,5,18.0
104434,1,6,160,5,3,50.0,0,N,LARGE_PROVINCIAL_CITIES,AVENUE,5,1.0
104435,4,6,171,5,3,60.0,0,N,MELB_URBAN,ROAD,5,23.0
104436,1,6,130,5,5,100.0,0,N,RURAL_VICTORIA,ROAD,5,20.0
104437,1,6,140,5,3,60.0,0,N,MELB_URBAN,ROAD,5,22.0
104438,4,7,99,2,3,50.0,0,I,TOWNS,STREET,5,5.0
104439,4,6,171,5,1,60.0,0,N,MELB_URBAN,DRIVE,5,14.0
104440,6,0,99,5,1,50.0,0,N,RURAL_VICTORIA,ROAD,5,14.0
104441,1,6,113,2,1,80.0,0,I,RURAL_VICTORIA,DRIVE,5,11.0
104442,4,7,171,5,1,100.0,0,N,RURAL_VICTORIA,OTHER,5,8.0
104443,1,7,160,5,1,60.0,0,N,SMALL_CITIES,STREET,5,9.0
104444,1,5,163,9,1,40.0,0,N,MELBOURNE_CBD,STREET,5,9.0
104445,4,7,181,5,1,70.0,0,N,RURAL_VICTORIA,ROAD,5,7.0
104446,1,6,163,2,1,60.0,0,N,MELB_URBAN,ROAD,5,12.0
104447,1,6,130,4,1,60.0,0,N,MELB_URBAN,RAMP,5,10.0
104448,2,7,99,5,1,50.0,0,N,MELB_URBAN,STREET,5,14.0
104449,1,7,130,1,1,50.0,0,I,SMALL_CITIES,ROAD,5,14.0
104450,1,7,110,1,1,50.0,0,I,TOWNS,STREET,5,14.0
104451,1,6,140,5,1,60.0,0,N,TOWNS,STREET,5,15.0
104452,1,7,99,5,1,100.0,0,N,RURAL_VICTORIA,ROAD,5,9.0
104453,4,7,181,2,1,50.0,0,I,MELB_URBAN,BOULEVARD,5,16.0
104454,4,6,183,5,1,80.0,0,N,RURAL_VICTORIA,ROAD,5,13.0
104455,1,7,111,2,1,60.0,0,I,MELB_URBAN,ROAD,5,15.0
104456,3,6,167,5,5,100.0,0,N,RURAL_VICTORIA,ROAD,5,17.0
104457,1,6,130,5,3,60.0,0,N,MELB_URBAN,ROAD,5,20.0
104458,2,7,99,5,1,50.0,0,N,MELB_URBAN,AVENUE,5,17.0
104459,1,7,120,5,1,60.0,1,N,LARGE_PROVINCIAL_CITIES,ROAD,5,15.0
104460,4,6,171,5,3,60.0,0,N,MELB_URBAN,STREET,5,20.0
104461,1,7,116,1,3,60.0,0,I,MELB_URBAN,STREET,5,18.0
104462,2,6,100,1,3,60.0,0,I,MELB_URBAN,STREET,3,20.0
104463,1,7,121,2,3,60.0,1,I,MELB_URBAN,ROAD,5,20.0
104464,1,4,130,5,2,80.0,0,I,MELB_URBAN,HIGHWAY,5,16.0
104465,1,7,130,5,3,50.0,0,N,SMALL_CITIES,ROAD,5,22.0
104466,1,4,135,5,1,60.0,0,N,MELB_URBAN,ROAD,5,8.0
104467,1,1,121,4,3,60.0,0,I,MELB_URBAN,ROAD,5,6.0
104468,5,6,99,5,1,80.0,0,N,RURAL_VICTORIA,HIGHWAY,5,13.0
104469,4,1,183,5,1,100.0,0,N,MELB_URBAN,UNKNOWN,5,7.0
104470,1,6,110,1,3,50.0,0,I,MELB_URBAN,STREET,5,18.0
104471,1,6,130,5,1,60.0,0,N,MELB_URBAN,ROAD,5,16.0
104472,1,1,130,1,1,60.0,0,I,MELB_URBAN,DRIVE,5,10.0
104473,1,7,121,2,3,70.0,0,I,RURAL_VICTORIA,ROAD,5,23.0
104474,1,1,163,5,9,40.0,0,N,MELB_URBAN,ROAD,5,9.0
104475,6,7,184,5,1,100.0,0,N,RURAL_VICTORIA,ROAD,5,10.0
104476,1,1,121,1,1,40.0,0,I,MELB_URBAN,ROAD,5,10.0
104477,1,1,121,2,2,60.0,0,I,MELB_URBAN,ROAD,5,17.0
104478,2,1,102,1,5,60.0,1,I,LARGE_PROVINCIAL_CITIES,AVENUE,5,17.0
104479,1,1,120,5,1,100.0,0,N,RURAL_VICTORIA,ROAD,5,16.0
104480,1,1,121,2,3,60.0,0,I,MELB_URBAN,ROAD,5,22.0
104481,4,0,181,5,1,50.0,0,N,MELB_URBAN,DRIVE,5,16.0
104482,6,1,170,5,5,100.0,0,N,RURAL_VICTORIA,ROAD,5,22.0
104483,1,2,111,1,1,50.0,0,I,MELB_URBAN,STREET,5,6.0
104484,4,2,173,5,5,100.0,0,N,RURAL_VICTORIA,HIGHWAY,5,4.0
104485,1,6,163,5,1,60.0,0,N,SMALL_CITIES,ROAD,5,15.0
104486,6,3,174,5,1,40.0,0,N,MELB_URBAN,ROAD,4,14.0
104487,2,1,99,5,1,40.0,0,N,MELBOURNE_CBD,STREET,5,8.0
104488,4,2,171,2,1,60.0,0,N,MELB_URBAN,ROAD,5,9.0
104489,1,2,110,1,1,50.0,0,I,MELB_URBAN,STREET,5,9.0
104490,1,2,130,5,1,60.0,0,N,MELB_URBAN,STREET,5,10.0
104491,1,2,110,1,1,60.0,0,I,MELB_URBAN,STREET,5,7.0
104492,2,1,102,5,1,40.0,0,N,MELBOURNE_CBD,STREET,5,9.0
104493,1,2,121,5,1,60.0,0,N,SMALL_CITIES,ROAD,5,12.0
104494,1,2,130,5,1,60.0,0,N,MELB_URBAN,FREEWAY,5,12.0
104495,4,1,181,5,1,100.0,0,N,SMALL_TOWNS,ROAD,1,14.0
104496,4,1,171,1,1,50.0,0,N,SMALL_CITIES,STREET,5,7.0
104497,2,3,100,2,1,60.0,0,I,MELB_URBAN,ROAD,5,16.0
104498,1,6,130,2,9,50.0,0,N,LARGE_PROVINCIAL_CITIES,STREET,5,11.0
104499,1,2,120,5,1,60.0,0,N,MELB_URBAN,ROAD,5,12.0
104500,2,1,100,1,1,70.0,0,I,MELB_URBAN,ROAD,5,7.0
104501,1,1,120,5,1,50.0,0,N,MELB_URBAN,STREET,5,9.0
104502,1,1,110,1,1,60.0,0,I,MELB_URBAN,BOULEVARD,5,8.0
104503,1,2,120,5,1,100.0,0,N,RURAL_VICTORIA,ROAD,5,12.0
104504,1,1,110,1,1,60.0,0,I,MELB_URBAN,ROAD,5,14.0
104505,8,1,99,1,1,60.0,0,I,SMALL_CITIES,ROAD,5,12.0
104506,1,2,140,5,1,50.0,0,N,MELB_URBAN,STREET,5,12.0
104507,1,6,130,5,2,60.0,0,N,MELB_URBAN,ROAD,5,6.0
104508,1,4,130,5,3,80.0,0,N,MELB_URBAN,FREEWAY,5,6.0
104509,1,2,121,2,1,70.0,0,I,MELB_URBAN,ROAD,5,10.0
104510,1,2,113,4,1,60.0,0,I,LARGE_PROVINCIAL_CITIES,STREET,5,14.0
104511,1,2,130,5,1,80.0,0,N,MELB_URBAN,ROAD,5,15.0
104512,8,2,99,2,1,50.0,0,I,MELB_URBAN,DRIVE,5,14.0
104513,1,2,110,1,1,80.0,1,I,RURAL_VICTORIA,ROAD,5,13.0
104514,1,2,130,5,1,100.0,0,N,MELB_URBAN,ROAD,5,16.0
104515,1,2,171,1,1,40.0,0,I,MELB_URBAN,STREET,5,15.0
104516,4,2,173,5,1,100.0,0,N,MELB_URBAN,FREEWAY,5,15.0
104517,1,5,120,5,1,50.0,0,N,MELB_URBAN,STREET,4,14.0
104518,4,2,171,5,5,110.0,0,N,RURAL_VICTORIA,FREEWAY,5,18.0
104519,4,2,171,1,1,50.0,0,N,MELB_URBAN,ROAD,5,15.0
104520,1,2,110,1,1,50.0,0,I,MELB_URBAN,STREET,5,15.0
104521,1,2,120,5,5,80.0,0,N,MELB_URBAN,ROAD,5,18.0
104522,1,2,121,1,3,80.0,0,I,MELB_URBAN,ROAD,5,20.0
104523,3,2,167,5,5,100.0,0,N,RURAL_VICTORIA,ROAD,5,0.0
104524,4,2,171,2,3,60.0,0,I,LARGE_PROVINCIAL_CITIES,ROAD,5,22.0
104525,4,3,173,5,5,110.0,0,N,TOWNS,FREEWAY,5,3.0
104526,1,2,113,2,1,60.0,0,I,LARGE_PROVINCIAL_CITIES,ROAD,5,12.0
104527,1,3,116,2,1,100.0,0,N,RURAL_VICTORIA,HIGHWAY,5,6.0
104528,4,3,183,5,1,60.0,0,N,MELB_URBAN,ROAD,5,7.0
104529,6,6,174,5,1,60.0,0,N,RURAL_VICTORIA,ROAD,4,15.0
104530,1,3,140,2,1,60.0,0,N,MELB_URBAN,PARADE,5,8.0
104531,1,3,99,5,1,100.0,0,N,MELB_URBAN,FREEWAY,5,8.0
104532,1,1,160,5,1,50.0,0,N,MELB_URBAN,OTHER,5,8.0
104533,4,2,183,5,1,60.0,0,N,RURAL_VICTORIA,UNKNOWN,5,11.0
104534,1,2,113,2,1,50.0,0,I,LARGE_PROVINCIAL_CITIES,STREET,5,11.0
104535,1,3,160,5,1,60.0,0,N,TOWNS,ROAD,5,11.0
104536,1,3,113,2,1,80.0,1,I,MELB_URBAN,ROAD,5,7.0
104537,2,3,100,1,1,40.0,0,I,MELB_URBAN,ROAD,5,10.0
104538,4,3,171,5,1,80.0,0,N,SMALL_TOWNS,ROAD,5,11.0
104539,1,2,110,1,1,60.0,0,I,TOWNS,STREET,5,12.0
104540,1,2,132,5,3,60.0,0,N,MELB_URBAN,ROAD,5,22.0
104541,1,4,99,5,1,60.0,0,N,MELB_URBAN,ROAD,5,9.0
104542,8,7,184,5,1,100.0,0,N,RURAL_VICTORIA,ROAD,5,16.0
104543,1,2,130,5,1,40.0,0,N,MELB_URBAN,AVENUE,5,13.0
104544,1,6,133,5,1,100.0,0,N,RURAL_VICTORIA,FREEWAY,5,8.0
104545,4,6,171,5,5,100.0,0,N,RURAL_VICTORIA,ROAD,5,19.0
104546,2,2,99,5,1,50.0,0,N,SMALL_CITIES,STREET,5,8.0
104547,1,3,116,1,1,60.0,0,I,MELB_URBAN,STREET,5,10.0
104548,1,3,132,1,1,80.0,0,I,MELB_URBAN,HIGHWAY,5,12.0
104549,1,1,130,5,1,60.0,0,N,TOWNS,ROAD,5,12.0
104550,1,3,130,5,1,80.0,0,N,MELB_URBAN,UNKNOWN,5,10.0
104551,1,3,121,5,1,60.0,0,N,MELB_URBAN,STREET,5,13.0
104552,1,2,110,1,1,60.0,0,I,SMALL_CITIES,STREET,5,14.0
104553,6,3,170,5,1,100.0,0,N,RURAL_VICTORIA,HIGHWAY,5,9.0
104554,8,2,184,5,1,60.0,0,N,LARGE_PROVINCIAL_CITIES,STREET,5,10.0
104555,4,2,173,5,1,100.0,0,N,RURAL_VICTORIA,ROAD,5,11.0
104556,1,3,120,5,1,80.0,0,N,RURAL_VICTORIA,ROAD,5,14.0
104557,1,6,130,2,2,80.0,0,N,MELB_URBAN,ROAD,5,6.0
104558,4,3,173,5,1,100.0,0,N,RURAL_VICTORIA,HIGHWAY,5,9.0
104559,1,3,121,2,1,60.0,0,I,MELB_URBAN,STREET,5,16.0
104560,1,2,130,1,1,80.0,0,I,MELB_URBAN,ROAD,5,14.0
104561,1,3,99,1,3,50.0,0,I,MELB_URBAN,BOULEVARD,5,19.0
104562,1,3,130,5,3,80.0,0,N,MELB_URBAN,ROAD,5,18.0
104563,8,3,174,5,3,70.0,0,N,LARGE_PROVINCIAL_CITIES,HIGHWAY,5,19.0
104564,1,2,163,5,3,50.0,0,N,MELB_URBAN,STREET,5,17.0
104565,1,2,110,1,3,60.0,0,I,MELB_URBAN,STREET,5,2.0
104566,4,3,181,5,3,50.0,0,N,MELB_URBAN,OTHER,5,23.0
104567,1,4,113,2,3,80.0,0,I,MELB_URBAN,HIGHWAY,5,5.0
104568,1,7,130,1,1,60.0,0,N,LARGE_PROVINCIAL_CITIES,ROAD,5,11.0
104569,6,2,174,2,1,40.0,0,N,MELB_URBAN,STREET,5,9.0
104570,4,3,171,5,5,100.0,0,N,RURAL_VICTORIA,ROAD,5,20.0
104571,1,4,130,5,3,80.0,0,N,MELB_URBAN,UNKNOWN,5,6.0
104572,4,2,171,5,2,60.0,0,N,RURAL_VICTORIA,ROAD,5,17.0
104573,1,4,134,5,1,80.0,0,N,MELB_URBAN,OTHER,5,9.0
104574,1,5,113,1,3,60.0,0,I,MELB_URBAN,ROAD,4,23.0
104575,1,4,99,4,1,60.0,0,I,MELB_URBAN,ROAD,5,8.0
104576,1,4,140,5,1,50.0,0,N,SMALL_CITIES,STREET,5,9.0
104577,1,4,130,5,1,60.0,0,N,MELB_URBAN,ROAD,5,10.0
104578,5,3,171,5,5,100.0,0,N,RURAL_VICTORIA,HIGHWAY,5,23.0
104579,1,3,111,1,1,110.0,0,I,RURAL_VICTORIA,FREEWAY,5,13.0
104580,1,4,130,5,1,60.0,0,N,SMALL_CITIES,STREET,5,8.0
104581,1,3,99,5,1,40.0,0,N,MELB_URBAN,STREET,5,14.0
104582,1,4,140,5,1,50.0,0,N,MELB_URBAN,DRIVE,5,15.0
104583,1,4,134,5,1,60.0,0,I,MELB_URBAN,HIGHWAY,5,13.0
104584,1,3,130,1,9,60.0,0,I,MELB_URBAN,STREET,5,17.0
104585,1,2,99,2,1,60.0,0,I,LARGE_PROVINCIAL_CITIES,ROAD,4,8.0
104586,1,4,134,5,2,80.0,0,N,MELB_URBAN,FREEWAY,5,16.0
104587,1,3,130,5,1,80.0,0,N,MELB_URBAN,ROAD,4,8.0
104588,1,4,120,1,1,60.0,0,N,MELB_URBAN,DRIVE,5,14.0
104589,1,3,130,2,1,80.0,0,I,MELB_URBAN,HIGHWAY,5,15.0
104590,1,3,130,5,1,100.0,0,N,MELB_URBAN,UNKNOWN,5,16.0
104591,1,4,110,1,1,80.0,0,I,RURAL_VICTORIA,ROAD,5,17.0
104592,1,4,116,2,3,60.0,0,I,LARGE_PROVINCIAL_CITIES,STREET,5,18.0
104593,1,4,99,2,1,50.0,0,I,MELB_URBAN,STREET,5,14.0
104594,1,3,130,5,2,100.0,0,N,MELB_URBAN,RAMP,5,17.0
104595,1,5,130,5,3,50.0,0,N,MELB_URBAN,STREET,3,6.0
104596,1,4,130,2,1,40.0,0,I,MELB_URBAN,ROAD,5,17.0
104597,1,4,130,5,3,40.0,0,N,MELB_URBAN,HIGHWAY,5,17.0
104598,1,3,110,1,2,40.0,0,I,MELB_URBAN,STREET,5,17.0
104599,1,4,99,5,1,40.0,0,N,MELBOURNE_CBD,STREET,5,14.0
104600,6,4,174,5,5,80.0,0,N,RURAL_VICTORIA,ROAD,5,0.0
104601,1,4,121,1,1,60.0,0,I,LARGE_PROVINCIAL_CITIES,HIGHWAY,5,16.0
104602,4,5,173,2,3,80.0,0,N,MELB_URBAN,ROAD,5,0.0
104603,2,3,102,1,3,60.0,0,I,MELB_URBAN,STREET,5,22.0
104604,4,4,171,5,3,60.0,0,N,MELB_URBAN,ROAD,5,20.0
104605,1,4,120,5,5,100.0,0,N,RURAL_VICTORIA,ROAD,5,23.0
104606,1,5,121,2,2,80.0,0,I,RURAL_VICTORIA,HIGHWAY,5,5.0
104607,1,3,160,5,1,50.0,0,N,SMALL_CITIES,STREET,5,15.0
104608,1,5,121,5,3,80.0,0,I,MELB_URBAN,ROAD,5,4.0
104609,1,2,134,5,1,60.0,0,N,LARGE_PROVINCIAL_CITIES,STREET,5,16.0
104610,1,3,160,5,3,60.0,0,N,TOWNS,STREET,5,19.0
104611,1,4,135,5,1,100.0,0,N,MELB_URBAN,FREEWAY,5,8.0
104612,1,4,110,1,3,60.0,0,I,MELB_URBAN,ROAD,5,22.0
104613,1,4,134,5,9,60.0,0,N,MELB_URBAN,ROAD,5,18.0
104614,1,4,99,2,1,60.0,0,N,MELB_URBAN,ROAD,5,7.0
104615,1,5,99,2,1,60.0,0,I,TOWNS,STREET,5,10.0
104616,1,5,110,1,1,60.0,0,I,TOWNS,STREET,5,7.0
104617,6,4,174,5,6,60.0,0,N,MELB_URBAN,STREET,5,21.0
104618,1,5,135,5,5,80.0,0,N,MELB_URBAN,FREEWAY,5,5.0
104619,1,4,132,5,1,80.0,0,N,RURAL_VICTORIA,ROAD,5,7.0
104620,1,5,130,1,9,60.0,0,I,MELB_URBAN,ROAD,5,21.0
104621,4,4,173,5,1,60.0,0,N,MELB_URBAN,ROAD,5,9.0
104622,1,1,130,5,1,100.0,0,N,RURAL_VICTORIA,FREEWAY,5,14.0
104623,2,5,99,5,1,40.0,0,N,RURAL_VICTORIA,HIGHWAY,5,8.0
104624,1,4,130,1,3,60.0,0,I,LARGE_PROVINCIAL_CITIES,STREET,5,19.0
104625,8,4,174,2,3,40.0,0,N,MELB_URBAN,STREET,5,19.0
104626,1,4,130,5,3,60.0,0,N,MELB_URBAN,STREET,5,18.0
104627,1,4,130,5,1,60.0,0,N,MELB_URBAN,ROAD,5,14.0
104628,4,5,181,5,1,80.0,0,N,TOWNS,ROAD,5,13.0
104629,2,4,99,1,1,40.0,0,I,MELB_URBAN,STREET,5,15.0
104630,4,5,171,5,1,50.0,0,N,MELB_URBAN,STREET,5,14.0
104631,4,4,171,2,2,60.0,0,I,MELB_URBAN,HIGHWAY,1,19.0
104632,1,5,135,5,1,70.0,0,N,MELB_URBAN,ROAD,5,12.0
104633,1,3,121,2,3,60.0,0,I,MELB_URBAN,ROAD,5,18.0
104634,4,5,99,2,1,60.0,0,I,RURAL_VICTORIA,ROAD,5,14.0
104635,1,5,147,5,1,80.0,0,N,MELB_URBAN,ROAD,5,14.0
104636,1,4,110,1,1,60.0,0,I,SMALL_CITIES,HIGHWAY,5,15.0
104637,1,5,121,2,1,60.0,0,N,MELB_URBAN,ROAD,5,14.0
104638,1,5,113,1,1,60.0,0,I,MELB_URBAN,ROAD,5,15.0
104639,1,5,130,5,3,100.0,0,N,MELB_URBAN,FREEWAY,5,17.0
104640,1,5,120,5,1,60.0,0,N,MELB_URBAN,ROAD,5,14.0
104641,1,5,130,5,1,60.0,0,N,MELB_URBAN,ROAD,5,16.0
104642,1,5,130,5,3,80.0,0,N,MELB_URBAN,ROAD,5,18.0
104643,1,5,140,5,1,60.0,0,N,MELB_URBAN,ROAD,5,16.0
104644,1,5,130,5,1,80.0,0,N,MELB_URBAN,OTHER,5,16.0
104645,1,5,160,5,1,60.0,0,N,MELB_URBAN,ROAD,5,14.0
104646,4,5,173,5,5,100.0,0,N,RURAL_VICTORIA,ROAD,5,18.0
104647,1,5,160,5,3,50.0,0,N,MELB_URBAN,DRIVE,5,20.0
104648,4,4,99,2,5,80.0,0,I,RURAL_VICTORIA,ROAD,5,22.0
104649,1,5,120,1,3,60.0,0,N,MELB_URBAN,ROAD,5,22.0
104650,1,5,130,5,3,50.0,0,N,MELB_URBAN,STREET,5,18.0
104651,8,6,99,2,5,100.0,0,I,RURAL_VICTORIA,ROAD,5,4.0
104652,8,6,99,2,5,100.0,0,I,RURAL_VICTORIA,ROAD,5,6.0
104653,1,5,111,2,1,60.0,0,I,MELB_URBAN,ROAD,5,13.0
104654,1,4,120,5,1,60.0,0,N,SMALL_TOWNS,ROAD,1,10.0
104655,1,5,121,2,1,60.0,0,I,MELB_URBAN,ROAD,5,17.0
104656,1,6,120,5,1,60.0,0,N,RURAL_VICTORIA,ROAD,5,6.0
104657,1,6,130,5,1,60.0,0,N,MELB_URBAN,ROAD,5,8.0
104658,1,6,121,2,1,80.0,0,I,RURAL_VICTORIA,HIGHWAY,5,8.0
104659,2,5,102,4,2,40.0,0,I,LARGE_PROVINCIAL_CITIES,OTHER,5,6.0
104660,1,5,110,1,4,50.0,0,I,MELB_URBAN,STREET,5,19.0
104661,2,6,100,2,1,60.0,0,I,MELB_URBAN,STREET,5,10.0
104662,1,6,130,4,1,100.0,0,N,MELB_URBAN,FREEWAY,5,8.0
104663,1,6,99,2,1,60.0,0,N,MELB_URBAN,BOULEVARD,5,12.0
104664,1,6,135,5,1,80.0,0,N,MELB_URBAN,FREEWAY,5,10.0
104665,1,5,130,5,1,60.0,0,N,MELB_URBAN,ROAD,5,9.0
104666,1,5,130,5,1,80.0,0,N,MELB_URBAN,HIGHWAY,5,8.0
104667,1,5,99,2,1,60.0,0,I,MELB_URBAN,STREET,5,13.0
104668,1,6,113,2,1,40.0,0,I,SMALL_CITIES,ROAD,5,11.0
104669,1,5,130,5,5,70.0,0,N,MELB_URBAN,ROAD,5,18.0
104670,1,5,113,2,1,50.0,0,I,MELB_URBAN,ROAD,5,15.0
104671,1,4,130,6,1,50.0,0,N,MELB_URBAN,STREET,5,17.0
104672,1,6,120,5,1,60.0,0,N,RURAL_VICTORIA,ROAD,5,12.0
104673,1,6,121,2,1,80.0,0,I,MELB_URBAN,HIGHWAY,5,16.0
104674,1,6,121,1,1,60.0,0,I,MELB_URBAN,ROAD,5,14.0
104675,1,6,110,1,1,50.0,0,I,SMALL_CITIES,STREET,5,16.0
104676,1,4,130,5,1,40.0,0,N,MELBOURNE_CBD,STREET,5,19.0
104677,2,6,102,5,1,40.0,0,N,MELB_URBAN,DRIVE,5,15.0
104678,1,6,99,5,3,60.0,0,N,MELB_URBAN,ROAD,5,21.0
104679,1,6,121,2,1,40.0,0,I,SMALL_CITIES,ROAD,5,15.0
104680,1,6,120,5,1,100.0,1,N,RURAL_VICTORIA,HIGHWAY,5,15.0
104681,1,6,130,5,3,60.0,0,N,SMALL_CITIES,ROAD,5,21.0
104682,3,6,167,2,3,60.0,0,N,MELB_URBAN,ROAD,5,22.0
104683,2,6,100,2,3,50.0,0,I,MELB_URBAN,ROAD,5,18.0
104684,2,6,100,5,3,40.0,0,N,MELBOURNE_CBD,STREET,5,2.0
104685,1,6,99,2,4,80.0,0,I,MELB_URBAN,ROAD,5,2.0
104686,4,5,99,5,9,60.0,0,N,TOWNS,ROAD,5,23.0
104687,1,7,99,5,3,60.0,0,N,MELB_URBAN,ROAD,5,2.0
104688,1,7,130,5,3,100.0,0,N,MELB_URBAN,FREEWAY,5,2.0
104689,4,7,173,5,5,110.0,0,N,RURAL_VICTORIA,FREEWAY,5,5.0
104690,1,6,173,5,1,40.0,0,N,MELB_URBAN,STREET,5,7.0
104691,1,6,130,5,1,60.0,0,N,RURAL_VICTORIA,ROAD,5,9.0
104692,2,5,102,5,5,100.0,0,N,RURAL_VICTORIA,HIGHWAY,5,22.0
104693,1,4,130,5,9,50.0,0,N,MELB_URBAN,ROAD,5,15.0
104694,2,7,100,1,1,40.0,0,I,MELB_URBAN,ROAD,5,9.0
104695,1,6,160,5,1,50.0,0,N,MELB_URBAN,STREET,5,8.0
104696,1,7,121,2,1,60.0,0,I,SMALL_CITIES,STREET,5,11.0
104697,1,7,132,5,1,60.0,0,N,MELB_URBAN,ROAD,5,11.0
104698,2,7,100,5,1,50.0,0,O,MELB_URBAN,UNKNOWN,5,12.0
104699,1,6,163,5,9,40.0,0,N,MELB_URBAN,STREET,5,18.0
104700,1,6,121,5,1,50.0,0,N,MELB_URBAN,ROAD,5,14.0
104701,1,6,110,1,1,100.0,0,I,RURAL_VICTORIA,HIGHWAY,5,13.0
104702,1,6,121,1,1,50.0,0,I,SMALL_CITIES,STREET,5,14.0
104703,1,6,113,1,1,60.0,0,I,TOWNS,STREET,5,17.0
104704,1,7,110,1,1,70.0,0,I,RURAL_VICTORIA,HIGHWAY,5,13.0