,accident_type,day_of_week,dca_code,road_geometry,light_condition,speed_zone,severity,node_type,deg_urban_name,road_type,month,hour
104705,1,6,160,5,1,50.0,0,N,TOWNS,STREET,5,8.0
104706,1,7,116,2,1,50.0,0,I,MELB_URBAN,STREET,5,8.0
104707,1,6,130,1,1,80.0,0,I,MELB_URBAN,ROAD,5,16.0
104708,1,7,121,2,1,80.0,0,I,MELB_URBAN,ROAD,5,14.0
104709,8,7,99,5,1,80.0,0,N,RURAL_VICTORIA,ROAD,5,16.0
104710,1,4,110,1,3,60.0,0,I,MELB_URBAN,STREET,5,20.0
104711,1,7,130,5,1,60.0,0,N,MELB_URBAN,STREET,5,15.0
104712,6,5,99,5,1,60.0,0,N,RURAL_VICTORIA,ROAD,5,14.0
104713,1,7,99,5,1,60.0,0,N,MELB_URBAN,ROAD,5,16.0
104714,1,7,135,2,1,60.0,0,I,MELB_URBAN,ROAD,5,14.0
104715,4,7,171,2,1,60.0,0,N,RURAL_VICTORIA,ROAD,5,15.0
104716,6,7,184,5,1,60.0,1,N,RURAL_VICTORIA,ROAD,5,15.0
104717,1,7,140,5,3,60.0,0,N,MELB_URBAN,ROAD,5,17.0
104718,1,7,110,1,1,50.0,0,I,MELB_URBAN,OTHER,5,15.0
104719,1,7,121,4,1,70.0,0,I,MELB_URBAN,ROAD,5,17.0
104720,1,7,113,2,3,60.0,0,I,RURAL_VICTORIA,ROAD,5,17.0
104721,1,7,121,2,3,60.0,0,I,MELB_URBAN,ROAD,5,21.0
104722,1,7,110,1,3,80.0,0,I,MELB_URBAN,ROAD,5,22.0
104723,4,6,173,2,3,50.0,0,I,MELB_URBAN,STREET,5,21.0
104724,1,3,130,2,3,60.0,0,I,MELB_URBAN,ROAD,5,18.0
104725,1,6,134,5,3,40.0,0,N,MELBOURNE_CBD,STREET,5,23.0
104726,1,7,121,1,3,60.0,0,I,MELB_URBAN,ROAD,5,23.0
104727,8,6,99,5,1,80.0,0,N,RURAL_VICTORIA,ROAD,5,15.0
104728,4,1,183,5,5,100.0,1,N,RURAL_VICTORIA,OTHER,5,2.0
104729,1,1,130,1,1,60.0,0,I,MELB_URBAN,ROAD,5,11.0
104730,1,1,99,5,1,60.0,0,N,MELB_URBAN,ROAD,5,11.0
104731,1,0,99,2,1,50.0,0,I,MELB_URBAN,AVENUE,5,10.0
104732,1,1,130,5,1,60.0,0,N,MELB_URBAN,ROAD,5,10.0
104733,1,0,132,5,1,60.0,0,N,MELB_URBAN,ROAD,5,12.0
104734,1,7,110,1,3,100.0,0,I,RURAL_VICTORIA,ROAD,5,20.0
104735,1,1,113,2,1,80.0,0,I,MELB_URBAN,ROAD,5,12.0
104736,1,1,113,9,1,60.0,0,N,MELB_URBAN,HIGHWAY,5,12.0
104737,1,1,99,2,1,60.0,0,N,MELB_URBAN,STREET,5,12.0
104738,2,1,99,5,1,40.0,0,N,MELB_URBAN,OTHER,5,13.0
104739,1,0,110,1,1,60.0,0,I,MELB_URBAN,ROAD,5,14.0
104740,1,1,121,1,1,60.0,0,I,MELB_URBAN,ROAD,5,14.0
104741,1,1,110,1,1,60.0,0,I,MELB_URBAN,DRIVE,5,14.0
104742,9,0,99,5,9,100.0,0,N,RURAL_VICTORIA,ROAD,5,6.0
104743,1,1,147,5,1,60.0,0,N,MELB_URBAN,ROAD,5,9.0
104744,2,1,100,1,2,60.0,0,I,MELB_URBAN,BOULEVARD,5,16.0
104745,5,1,99,5,1,100.0,0,N,RURAL_VICTORIA,OTHER,5,15.0
104746,4,1,171,5,1,100.0,0,N,MELB_URBAN,FREEWAY,5,16.0
104747,4,0,171,5,1,60.0,0,N,RURAL_VICTORIA,ROAD,5,14.0
104748,1,1,130,5,2,100.0,0,N,RURAL_VICTORIA,FREEWAY,5,17.0
104749,6,1,99,5,1,100.0,1,N,RURAL_VICTORIA,ROAD,5,16.0
104750,1,1,163,5,1,40.0,0,N,SMALL_CITIES,STREET,5,15.0
104751,8,1,99,5,2,50.0,0,N,MELB_URBAN,DRIVE,5,17.0
104752,4,0,171,5,1,100.0,0,N,MELB_URBAN,FREEWAY,5,16.0
104753,1,1,160,5,3,50.0,0,N,MELB_URBAN,STREET,5,19.0
104754,2,6,99,5,6,50.0,0,N,MELB_URBAN,ROAD,5,19.0
104755,4,1,181,5,5,100.0,0,N,RURAL_VICTORIA,ROAD,5,0.0
104756,1,4,130,5,1,70.0,0,N,RURAL_VICTORIA,ROAD,5,15.0
104757,1,1,130,5,5,110.0,0,N,RURAL_VICTORIA,FREEWAY,5,6.0
104758,1,2,99,5,3,80.0,0,N,MELB_URBAN,ROAD,5,5.0
104759,8,2,174,2,1,50.0,0,I,MELB_URBAN,STREET,5,8.0
104760,1,7,160,5,3,60.0,0,N,MELB_URBAN,ROAD,5,19.0
104761,1,2,121,5,1,60.0,0,N,MELB_URBAN,PARADE,5,8.0
104762,3,6,167,5,1,80.0,0,N,MELB_URBAN,STREET,5,11.0
104763,2,2,100,1,2,40.0,0,I,MELB_URBAN,ROAD,5,7.0
104764,1,1,130,2,1,60.0,0,I,MELB_URBAN,ROAD,5,8.0
104765,1,2,121,2,1,60.0,0,I,MELB_URBAN,ROAD,5,8.0
104766,1,6,130,5,3,80.0,0,N,MELB_URBAN,RAMP,5,18.0
104767,1,2,121,1,1,60.0,0,I,RURAL_VICTORIA,BOULEVARD,5,8.0
104768,1,1,110,1,1,60.0,0,I,MELB_URBAN,PARADE,5,8.0
104769,1,2,111,2,1,60.0,0,I,MELB_URBAN,ROAD,5,11.0
104770,1,1,99,1,1,100.0,0,N,RURAL_VICTORIA,ROAD,5,11.0
104771,1,4,140,5,9,60.0,0,N,MELB_URBAN,STREET,5,19.0
104772,1,2,133,5,1,60.0,0,N,MELB_URBAN,ROAD,5,14.0
104773,4,2,171,5,1,60.0,1,N,SMALL_TOWNS,ROAD,5,14.0
104774,1,2,133,5,1,80.0,0,N,MELB_URBAN,ROAD,5,13.0
104775,1,2,99,5,3,40.0,0,N,MELBOURNE_CBD,STREET,5,18.0
104776,2,1,100,2,2,60.0,0,I,MELB_URBAN,STREET,5,17.0
104777,6,4,174,5,2,50.0,0,I,MELB_URBAN,STREET,5,6.0
104778,1,2,130,5,2,70.0,0,N,RURAL_VICTORIA,HIGHWAY,5,17.0
104779,1,2,121,2,3,70.0,0,N,MELB_URBAN,ROAD,5,18.0
104780,4,1,99,2,3,50.0,0,I,MELB_URBAN,OTHER,5,19.0
104781,1,1,130,5,1,80.0,0,N,RURAL_VICTORIA,ROAD,5,15.0
104782,4,2,171,1,3,80.0,0,I,MELB_URBAN,HIGHWAY,5,18.0
104783,1,2,120,5,1,110.0,1,N,RURAL_VICTORIA,HIGHWAY,5,10.0
104784,2,2,99,5,1,50.0,0,N,MELB_URBAN,STREET,5,15.0
104785,4,2,173,5,3,60.0,0,N,MELB_URBAN,ROAD,5,0.0
104786,1,3,132,2,9,60.0,0,I,LARGE_PROVINCIAL_CITIES,STREET,5,8.0
104787,4,7,171,5,1,50.0,0,I,MELB_URBAN,AVENUE,5,14.0
104788,1,2,121,1,1,60.0,0,I,MELB_URBAN,ROAD,5,9.0
104789,1,2,99,4,1,60.0,0,I,MELB_URBAN,ROAD,5,9.0
104790,1,3,134,5,3,80.0,0,N,MELB_URBAN,OTHER,5,6.0
104791,1,3,140,5,1,80.0,0,N,RURAL_VICTORIA,ROAD,5,11.0
104792,1,3,113,2,1,60.0,0,I,MELB_URBAN,ROAD,5,9.0
104793,2,2,102,5,1,100.0,0,N,RURAL_VICTORIA,HIGHWAY,5,16.0
104794,1,2,110,1,1,60.0,0,I,MELB_URBAN,ROAD,5,10.0
104795,1,4,130,1,1,70.0,0,N,MELB_URBAN,ROAD,5,7.0
104796,2,1,102,2,9,40.0,0,N,MELB_URBAN,ROAD,5,14.0
104797,1,3,113,1,1,70.0,0,I,MELB_URBAN,STREET,5,12.0
104798,1,3,99,2,2,30.0,0,I,MELB_URBAN,STREET,5,17.0
104799,1,2,130,5,3,100.0,0,N,MELB_URBAN,FREEWAY,5,18.0
104800,1,3,121,2,1,60.0,0,I,MELB_URBAN,STREET,5,10.0
104801,1,2,135,5,3,60.0,0,N,MELB_URBAN,ROAD,5,18.0
104802,7,3,99,2,1,40.0,0,N,LARGE_PROVINCIAL_CITIES,STREET,5,9.0
104803,1,0,130,5,1,50.0,0,N,MELB_URBAN,ROAD,5,13.0
104804,1,3,130,5,1,80.0,0,I,MELB_URBAN,ROAD,5,13.0
104805,1,5,111,4,1,60.0,0,N,MELB_URBAN,ROAD,5,13.0
104806,1,3,147,5,1,50.0,0,N,MELB_URBAN,STREET,5,16.0
104807,4,2,173,2,1,50.0,0,I,SMALL_CITIES,DRIVE,5,13.0
104808,1,3,121,2,3,60.0,0,I,MELB_URBAN,DRIVE,5,18.0
104809,1,2,130,5,3,80.0,0,N,MELB_URBAN,FREEWAY,5,18.0
104810,4,5,181,5,1,80.0,0,N,MELB_URBAN,ROAD,5,8.0
104811,1,3,99,2,3,60.0,0,N,SMALL_CITIES,STREET,5,18.0
104812,4,3,171,2,5,80.0,0,N,RURAL_VICTORIA,ROAD,5,20.0
104813,2,3,99,5,3,60.0,0,N,MELB_URBAN,STREET,5,19.0
104814,4,3,183,5,3,80.0,0,N,MELB_URBAN,RAMP,5,22.0
104815,1,2,130,1,3,60.0,0,I,MELB_URBAN,ROAD,5,22.0
104816,4,4,99,5,3,60.0,0,N,MELB_URBAN,STREET,5,1.0
104817,1,4,140,2,3,80.0,0,I,MELB_URBAN,ROAD,5,1.0
104818,1,4,147,5,1,60.0,0,N,MELB_URBAN,ROAD,5,13.0
104819,4,4,171,5,3,60.0,0,N,MELB_URBAN,STREET,5,5.0
104820,1,4,113,2,2,80.0,0,I,MELB_URBAN,ROAD,5,6.0
104821,1,4,99,5,1,60.0,0,N,SMALL_CITIES,ROAD,5,7.0
104822,1,4,130,5,1,60.0,0,N,MELB_URBAN,ROAD,5,6.0
104823,1,3,110,1,1,50.0,0,I,MELB_URBAN,STREET,5,7.0
104824,2,4,102,1,5,40.0,0,I,MELB_URBAN,STREET,5,6.0
104825,1,3,99,5,1,40.0,0,N,MELB_URBAN,STREET,5,8.0
104826,1,3,134,5,3,100.0,0,N,MELB_URBAN,RAMP,5,6.0
104827,1,3,130,5,3,100.0,0,N,MELB_URBAN,FREEWAY,5,6.0
104828,1,3,130,2,3,70.0,0,N,MELB_URBAN,AVENUE,5,19.0
104829,1,4,120,5,1,80.0,0,N,RURAL_VICTORIA,ROAD,5,9.0
104830,1,4,120,1,1,100.0,0,I,RURAL_VICTORIA,HIGHWAY,5,8.0
104831,1,3,121,1,6,50.0,0,I,MELB_URBAN,STREET,5,17.0
104832,4,3,99,5,1,40.0,0,N,MELB_URBAN,STREET,5,11.0
104833,2,3,100,5,9,60.0,0,N,MELB_URBAN,ROAD,5,8.0
104834,1,3,130,2,2,80.0,0,I,RURAL_VICTORIA,ROAD,5,17.0
104835,6,3,99,5,5,100.0,0,N,RURAL_VICTORIA,ROAD,5,19.0
104836,2,4,100,5,1,40.0,0,N,MELB_URBAN,ROAD,5,13.0
104837,1,4,110,1,1,70.0,0,I,MELB_URBAN,ROAD,5,11.0
104838,4,3,173,5,1,80.0,0,N,RURAL_VICTORIA,HIGHWAY,5,14.0
104839,8,4,99,1,1,50.0,0,I,SMALL_CITIES,STREET,5,15.0
104840,2,4,102,5,1,60.0,0,O,MELB_URBAN,UNKNOWN,5,9.0
104841,2,6,100,2,2,60.0,0,I,MELB_URBAN,ROAD,5,17.0
104842,2,3,99,5,1,50.0,0,N,MELB_URBAN,STREET,5,13.0
104843,1,3,130,2,1,60.0,0,I,MELB_URBAN,ROAD,5,10.0
104844,2,4,102,2,1,50.0,0,I,MELBOURNE_CBD,STREET,5,16.0
104845,4,3,171,5,1,100.0,0,N,RURAL_VICTORIA,HIGHWAY,5,14.0
104846,1,4,133,2,3,40.0,0,I,MELB_URBAN,ROAD,5,18.0
104847,1,2,99,2,1,50.0,0,N,MELB_URBAN,ROAD,5,8.0
104848,1,3,121,2,3,60.0,0,I,MELB_URBAN,STREET,5,17.0
104849,1,4,113,2,2,80.0,0,I,MELB_URBAN,HIGHWAY,5,16.0
104850,1,4,130,5,2,100.0,0,N,MELB_URBAN,FREEWAY,5,17.0
104851,1,4,130,5,3,100.0,0,N,MELB_URBAN,ROAD,5,18.0
104852,1,4,130,5,1,100.0,0,N,RURAL_VICTORIA,FREEWAY,5,16.0
104853,1,3,99,2,2,50.0,0,I,MELB_URBAN,STREET,5,16.0
104854,2,4,99,5,3,60.0,0,N,MELB_URBAN,ROAD,5,18.0
104855,1,3,99,5,3,70.0,0,N,MELB_URBAN,ROAD,5,21.0
104856,1,4,113,2,2,60.0,0,I,MELB_URBAN,ROAD,5,17.0
104857,1,4,99,5,3,60.0,0,N,MELB_URBAN,ROAD,5,20.0
104858,4,4,181,5,5,100.0,0,N,RURAL_VICTORIA,ROAD,5,1.0
104859,1,4,160,5,1,50.0,0,N,TOWNS,ROAD,5,12.0
104860,1,5,120,5,2,60.0,0,N,MELB_URBAN,ROAD,5,6.0
104861,2,5,99,5,1,60.0,0,N,MELB_URBAN,ROAD,5,7.0
104862,1,5,113,2,1,60.0,0,I,MELB_URBAN,AVENUE,5,7.0
104863,2,4,100,2,1,60.0,0,I,MELB_URBAN,ROAD,5,15.0
104864,1,5,110,1,1,60.0,0,I,SMALL_CITIES,ROAD,5,9.0
104865,1,5,130,5,1,100.0,0,N,MELB_URBAN,ROAD,5,8.0
104866,1,5,140,2,1,60.0,0,I,MELB_URBAN,AVENUE,5,9.0
104867,1,5,134,5,6,60.0,0,N,MELB_URBAN,ROAD,5,6.0
104868,2,5,100,2,1,50.0,0,I,MELB_URBAN,ROAD,5,10.0
104869,1,5,132,2,1,60.0,0,I,MELB_URBAN,ROAD,5,10.0
104870,2,6,100,1,1,50.0,0,I,MELB_URBAN,ROAD,4,16.0
104871,1,1,130,5,1,60.0,0,N,MELB_URBAN,ROAD,3,16.0
104872,1,4,135,5,1,100.0,0,N,RURAL_VICTORIA,HIGHWAY,5,9.0
104873,6,0,170,5,5,100.0,0,N,RURAL_VICTORIA,ROAD,5,17.0
104874,1,0,113,1,1,60.0,0,I,MELB_URBAN,STREET,5,15.0
104875,1,5,110,1,1,50.0,0,I,MELB_URBAN,STREET,5,11.0
104876,1,5,99,2,1,60.0,0,I,LARGE_PROVINCIAL_CITIES,ROAD,5,9.0
104877,3,4,167,5,5,80.0,0,N,RURAL_VICTORIA,ROAD,5,18.0
104878,1,5,111,4,1,60.0,0,N,SMALL_CITIES,STREET,5,14.0
104879,1,5,120,5,1,60.0,0,N,MELB_URBAN,ROAD,5,9.0
104880,1,3,99,2,1,100.0,0,I,RURAL_VICTORIA,ROAD,5,8.0
104881,1,5,135,5,9,60.0,0,N,MELB_URBAN,ROAD,5,12.0
104882,2,5,99,5,1,50.0,0,N,MELB_URBAN,STREET,5,15.0
104883,4,4,171,2,1,50.0,0,I,MELB_URBAN,DRIVE,5,14.0
104884,1,5,130,5,1,60.0,0,N,MELB_URBAN,ROAD,5,15.0
104885,1,2,133,1,1,70.0,0,I,MELB_URBAN,ROAD,5,16.0
104886,1,5,160,5,1,50.0,0,N,MELB_URBAN,OTHER,5,14.0
104887,8,4,174,5,1,60.0,0,I,MELB_URBAN,STREET,5,14.0
104888,1,5,121,2,1,60.0,0,I,MELB_URBAN,STREET,5,15.0
104889,2,5,102,5,1,40.0,0,N,MELB_URBAN,STREET,5,15.0
104890,1,5,130,5,1,80.0,0,N,MELB_URBAN,ROAD,5,14.0
104891,1,5,134,5,1,80.0,0,N,MELB_URBAN,FREEWAY,5,17.0
104892,4,5,171,5,5,100.0,0,N,RURAL_VICTORIA,ROAD,5,17.0
104893,1,5,147,5,9,60.0,0,N,MELB_URBAN,STREET,5,16.0
104894,1,5,110,1,3,60.0,0,I,LARGE_PROVINCIAL_CITIES,ROAD,5,20.0
104895,1,5,130,2,1,80.0,0,I,MELB_URBAN,HIGHWAY,5,15.0
104896,1,5,160,5,3,60.0,0,N,LARGE_PROVINCIAL_CITIES,ROAD,5,21.0
104897,1,5,111,2,1,40.0,0,I,MELB_URBAN,STREET,5,15.0
104898,4,6,173,5,3,80.0,1,N,RURAL_VICTORIA,AVENUE,5,0.0
104899,1,5,110,1,1,50.0,0,I,MELB_URBAN,STREET,5,9.0
104900,4,5,171,1,1,60.0,0,N,MELB_URBAN,ROAD,5,14.0
104901,1,6,121,2,3,60.0,0,I,MELB_URBAN,ROAD,5,6.0
104902,1,5,130,2,3,40.0,0,I,MELB_URBAN,STREET,5,7.0
104903,1,6,130,5,2,60.0,0,N,MELB_URBAN,ROAD,5,7.0
104904,1,5,160,5,1,80.0,0,N,RURAL_VICTORIA,ROAD,5,9.0
104905,1,6,111,2,1,60.0,0,I,MELB_URBAN,ROAD,5,10.0
104906,1,4,116,2,1,60.0,0,I,MELB_URBAN,PARADE,5,9.0
104907,1,6,110,1,1,50.0,0,I,SMALL_CITIES,AVENUE,5,10.0
104908,1,2,130,5,1,60.0,0,N,MELB_URBAN,STREET,5,8.0
104909,1,6,130,1,9,80.0,0,I,MELB_URBAN,ROAD,4,17.0
104910,2,6,99,2,1,40.0,0,I,MELB_URBAN,STREET,5,9.0
104911,2,6,99,5,1,50.0,0,N,MELB_URBAN,STREET,5,10.0
104912,1,6,130,1,1,50.0,0,I,SMALL_CITIES,STREET,5,12.0
104913,1,6,113,2,1,60.0,0,I,MELB_URBAN,ROAD,5,13.0
104914,1,6,121,1,1,70.0,0,I,MELB_URBAN,ROAD,5,14.0
104915,1,5,110,1,1,50.0,0,I,SMALL_CITIES,STREET,5,16.0
104916,1,4,132,1,2,60.0,0,I,MELB_URBAN,OTHER,5,17.0
104917,2,6,100,5,1,50.0,0,N,MELB_URBAN,AVENUE,5,15.0
104918,4,6,181,5,1,100.0,0,N,RURAL_VICTORIA,OTHER,5,14.0
104919,1,6,130,1,9,60.0,0,I,MELB_URBAN,ROAD,5,9.0
104920,1,4,110,1,1,60.0,0,N,MELB_URBAN,ROAD,5,11.0
104921,8,1,174,2,1,40.0,0,I,TOWNS,STREET,5,12.0
104922,1,6,111,2,1,70.0,0,N,MELB_URBAN,ROAD,5,9.0
104923,6,6,99,5,1,100.0,0,N,RURAL_VICTORIA,ROAD,5,10.0
104924,1,5,110,4,1,60.0,0,I,MELB_URBAN,STREET,5,13.0
104925,1,6,116,2,3,50.0,0,I,MELB_URBAN,BOULEVARD,5,18.0
104926,2,6,102,1,1,60.0,0,I,MELB_URBAN,ROAD,5,16.0
104927,1,6,133,5,3,60.0,0,N,MELB_URBAN,STREET,5,17.0
104928,1,6,130,5,3,70.0,0,N,MELB_URBAN,ROAD,5,17.0
104929,1,6,110,1,3,60.0,0,I,MELB_URBAN,PARADE,5,19.0
104930,4,6,99,5,5,40.0,0,N,RURAL_VICTORIA,ROAD,5,20.0
104931,2,6,99,1,3,50.0,0,I,MELB_URBAN,ROAD,5,20.0
104932,1,6,110,1,3,50.0,0,I,MELB_URBAN,STREET,5,19.0
104933,1,3,99,1,9,60.0,0,I,MELB_URBAN,STREET,5,17.0
104934,4,6,99,5,3,80.0,0,N,MELB_URBAN,HIGHWAY,5,21.0
104935,1,5,163,5,1,60.0,0,N,MELB_URBAN,ROAD,5,9.0
104936,1,7,163,1,3,60.0,0,N,SMALL_CITIES,PARADE,5,2.0
104937,1,6,121,1,3,40.0,0,I,LARGE_PROVINCIAL_CITIES,STREET,5,21.0
104938,1,7,120,5,5,100.0,0,N,RURAL_VICTORIA,ROAD,5,0.0
104939,4,6,171,1,3,60.0,0,I,LARGE_PROVINCIAL_CITIES,STREET,5,22.0
104940,1,7,121,2,2,60.0,0,I,MELB_URBAN,ROAD,5,7.0
104941,1,2,113,1,1,50.0,0,I,MELB_URBAN,STREET,2,7.0
104942,1,4,110,1,1,80.0,0,I,MELB_URBAN,HIGHWAY,5,9.0
104943,2,7,100,5,1,40.0,0,N,MELB_URBAN,ROAD,5,9.0
104944,4,7,173,5,1,50.0,1,N,MELB_URBAN,STREET,5,9.0
104945,2,7,102,1,1,60.0,0,I,MELB_URBAN,ROAD,5,11.0
104946,1,6,130,5,1,60.0,0,N,MELB_URBAN,ROAD,5,12.0
104947,1,7,113,1,1,100.0,0,I,RURAL_VICTORIA,HIGHWAY,5,9.0
104948,1,7,113,2,1,60.0,0,I,MELB_URBAN,ROAD,5,13.0
104949,4,6,171,5,1,110.0,0,N,RURAL_VICTORIA,HIGHWAY,5,12.0
104950,4,7,171,5,1,50.0,0,N,MELB_URBAN,STREET,5,10.0
104951,1,7,110,1,1,80.0,0,I,SMALL_TOWNS,ROAD,5,13.0
104952,4,7,171,1,1,80.0,0,I,RURAL_VICTORIA,ROAD,5,15.0
104953,1,6,99,5,1,60.0,0,N,MELB_URBAN,ROAD,5,13.0
104954,1,6,110,1,1,100.0,0,I,RURAL_VICTORIA,HIGHWAY,5,15.0
104955,2,7,102,1,3,60.0,0,I,MELB_URBAN,ROAD,5,18.0
104956,2,7,102,2,3,60.0,0,N,MELB_URBAN,ROAD,5,18.0
104957,1,7,132,1,3,60.0,0,N,MELB_URBAN,STREET,5,19.0
104958,4,6,173,2,3,60.0,0,I,LARGE_PROVINCIAL_CITIES,ROAD,5,19.0
104959,2,7,100,1,3,60.0,0,I,MELB_URBAN,STREET,5,21.0
104960,1,7,140,5,1,40.0,0,N,MELB_URBAN,ROAD,5,13.0
104961,4,1,171,5,5,80.0,0,N,RURAL_VICTORIA,ROAD,5,4.0
104962,4,0,171,5,5,100.0,0,N,RURAL_VICTORIA,ROAD,5,4.0
104963,4,6,171,5,1,100.0,0,N,RURAL_VICTORIA,ROAD,5,16.0
104964,1,0,99,5,1,40.0,0,N,MELB_URBAN,STREET,5,9.0
104965,2,4,99,5,1,60.0,0,N,MELB_URBAN,STREET,5,10.0
104966,8,5,99,9,1,60.0,0,N,RURAL_VICTORIA,ROAD,5,13.0
104967,1,1,121,2,1,80.0,0,I,MELB_URBAN,ROAD,5,12.0
104968,2,6,100,1,3,40.0,0,I,MELB_URBAN,ROAD,5,19.0
104969,1,0,160,5,1,60.0,0,N,MELB_URBAN,ROAD,5,11.0
104970,1,1,99,2,1,50.0,0,I,MELB_URBAN,ROAD,5,9.0
104971,1,1,130,1,1,60.0,0,I,MELB_URBAN,RAMP,5,13.0
104972,2,1,99,5,1,40.0,0,N,RURAL_VICTORIA,ROAD,5,14.0
104973,1,7,147,5,1,50.0,0,N,MELB_URBAN,DRIVE,4,10.0
104974,4,1,183,5,3,80.0,0,N,MELB_URBAN,RAMP,5,7.0
104975,4,0,181,5,1,80.0,0,N,RURAL_VICTORIA,ROAD,5,14.0
104976,1,0,110,1,1,50.0,0,I,SMALL_CITIES,STREET,5,8.0
104977,2,3,102,1,2,60.0,0,I,LARGE_PROVINCIAL_CITIES,AVENUE,5,7.0
104978,1,1,120,1,1,100.0,0,I,RURAL_VICTORIA,ROAD,5,16.0
104979,1,1,130,5,1,60.0,0,N,MELB_URBAN,ROAD,5,16.0
104980,1,1,130,5,3,60.0,0,N,SMALL_CITIES,AVENUE,5,17.0
104981,8,1,174,5,1,50.0,0,I,MELB_URBAN,AVENUE,5,16.0
104982,4,1,181,5,5,100.0,0,N,RURAL_VICTORIA,ROAD,5,18.0
104983,1,1,99,2,3,60.0,0,I,MELB_URBAN,OTHER,5,19.0
104984,1,0,121,1,3,80.0,0,I,MELB_URBAN,ROAD,5,20.0
104985,4,1,181,1,1,100.0,0,N,LARGE_PROVINCIAL_CITIES,ROAD,5,13.0
104986,1,1,121,1,1,60.0,0,I,MELB_URBAN,RAMP,5,16.0
104987,2,0,102,5,3,40.0,0,N,MELB_URBAN,ROAD,5,21.0
104988,1,1,99,5,5,110.0,0,I,SMALL_CITIES,FREEWAY,5,21.0
104989,2,1,100,5,2,80.0,0,N,MELB_URBAN,ROAD,5,17.0
104990,1,0,99,5,9,60.0,0,N,MELB_URBAN,STREET,5,19.0
104991,1,1,99,5,3,40.0,0,N,MELB_URBAN,STREET,5,22.0
104992,4,1,173,5,5,60.0,0,N,TOWNS,ROAD,5,4.0
104993,4,1,171,5,5,100.0,0,N,RURAL_VICTORIA,ROAD,5,4.0
104994,2,2,102,2,2,50.0,0,I,MELB_URBAN,ROAD,5,7.0
104995,1,2,120,5,5,100.0,0,N,RURAL_VICTORIA,HIGHWAY,5,5.0
104996,1,2,147,5,1,50.0,0,I,LARGE_PROVINCIAL_CITIES,OTHER,5,8.0
104997,6,1,174,5,1,40.0,0,N,MELB_URBAN,ROAD,5,8.0
104998,1,5,130,5,9,60.0,0,N,TOWNS,HIGHWAY,4,14.0
104999,1,2,120,2,1,50.0,0,I,MELB_URBAN,AVENUE,5,10.0
105000,6,2,174,2,1,60.0,0,N,MELB_URBAN,STREET,5,9.0
105001,1,2,113,2,1,60.0,0,I,MELB_URBAN,STREET,5,10.0
105002,2,6,99,5,1,60.0,0,N,TOWNS,STREET,5,10.0
105003,1,2,110,1,1,60.0,0,I,MELB_URBAN,STREET,5,11.0
105004,8,2,170,5,1,80.0,0,N,SMALL_TOWNS,ROAD,5,12.0
105005,1,7,130,5,1,100.0,0,N,RURAL_VICTORIA,ROAD,5,15.0
105006,4,1,181,5,1,100.0,0,N,RURAL_VICTORIA,HIGHWAY,5,9.0
105007,2,2,99,1,1,60.0,0,I,RURAL_VICTORIA,ROAD,5,13.0
105008,1,2,135,2,1,40.0,0,I,MELB_URBAN,STREET,4,13.0
105009,4,1,181,5,1,60.0,0,I,MELB_URBAN,AVENUE,5,15.0
105010,1,1,130,5,1,40.0,0,N,RURAL_VICTORIA,HIGHWAY,5,13.0
105011,1,2,130,5,1,50.0,0,N,MELB_URBAN,AVENUE,5,13.0
105012,1,2,110,1,2,40.0,0,I,SMALL_CITIES,AVENUE,5,17.0
105013,1,2,116,1,1,100.0,0,I,RURAL_VICTORIA,ROAD,5,16.0
105014,1,1,110,1,2,60.0,0,I,MELB_URBAN,ROAD,5,17.0
105015,1,2,135,5,3,100.0,0,N,MELB_URBAN,FREEWAY,5,17.0
105016,1,2,134,5,1,80.0,0,N,MELB_URBAN,FREEWAY,5,15.0
105017,1,2,130,2,1,60.0,0,N,MELB_URBAN,ROAD,5,13.0
105018,2,2,100,1,3,60.0,0,N,MELB_URBAN,ROAD,5,17.0
105019,1,2,160,5,3,70.0,0,N,SMALL_CITIES,AVENUE,5,19.0
105020,1,1,130,2,3,60.0,0,N,MELB_URBAN,ROAD,5,17.0
105021,8,2,184,1,1,40.0,0,I,MELB_URBAN,STREET,5,13.0
105022,2,2,100,1,6,50.0,0,N,LARGE_PROVINCIAL_CITIES,STREET,5,17.0
105023,1,1,110,1,3,60.0,0,I,MELB_URBAN,ROAD,5,23.0
105024,1,1,121,4,3,60.0,0,I,MELB_URBAN,ROAD,5,22.0
105025,4,2,173,2,3,50.0,0,I,MELB_URBAN,ROAD,5,22.0
105026,4,2,173,5,3,60.0,0,N,MELB_URBAN,STREET,5,21.0
105027,1,2,113,2,3,60.0,0,I,MELB_URBAN,ROAD,5,21.0
105028,1,1,163,5,1,40.0,0,N,MELB_URBAN,STREET,5,8.0
105029,4,2,171,5,3,60.0,1,N,TOWNS,AVENUE,5,20.0
105030,1,2,120,2,3,80.0,1,I,MELB_URBAN,OTHER,5,23.0
105031,2,2,100,5,2,80.0,1,N,MELB_URBAN,ROAD,5,19.0
105032,1,2,121,2,1,60.0,0,I,SMALL_CITIES,STREET,5,13.0
105033,1,1,130,5,1,80.0,0,N,MELB_URBAN,ROAD,5,14.0