,accident_type,day_of_week,dca_code,road_geometry,light_condition,speed_zone,severity,node_type,deg_urban_name,road_type,month,hour
105034,4,3,181,5,1,60.0,0,N,RURAL_VICTORIA,ROAD,5,5.0
105035,8,3,170,5,1,60.0,0,N,LARGE_PROVINCIAL_CITIES,ROAD,5,14.0
105036,8,3,170,5,1,100.0,0,N,RURAL_VICTORIA,ROAD,5,8.0
105037,1,3,113,2,3,80.0,0,I,MELB_URBAN,ROAD,5,6.0
105038,7,3,170,1,1,60.0,0,I,MELB_URBAN,ROAD,5,8.0
105039,1,5,111,2,3,80.0,0,I,MELB_URBAN,HIGHWAY,5,18.0
105040,4,3,171,5,1,100.0,0,N,RURAL_VICTORIA,HIGHWAY,5,11.0
105041,1,6,130,5,2,60.0,0,N,MELB_URBAN,ROAD,5,17.0
105042,1,5,121,1,1,60.0,0,I,MELB_URBAN,STREET,5,8.0
105043,4,3,173,5,1,60.0,0,N,SMALL_CITIES,ROAD,5,12.0
105044,6,3,174,1,1,40.0,0,I,MELB_URBAN,STREET,5,12.0
105045,1,3,130,5,1,100.0,0,N,MELB_URBAN,FREEWAY,5,13.0
105046,1,5,160,2,1,50.0,0,I,MELB_URBAN,STREET,4,13.0
105047,2,3,99,5,1,40.0,0,N,LARGE_PROVINCIAL_CITIES,STREET,5,15.0
105048,1,2,130,5,1,80.0,0,N,MELB_URBAN,ROAD,5,14.0
105049,1,4,121,5,1,60.0,0,N,MELB_URBAN,STREET,5,9.0
105050,1,3,110,1,1,60.0,0,I,SMALL_CITIES,ROAD,5,15.0
105051,8,3,174,1,3,40.0,0,I,MELB_URBAN,STREET,5,17.0
105052,8,3,99,2,1,60.0,0,I,RURAL_VICTORIA,ROAD,5,16.0
105053,1,3,147,5,3,50.0,0,N,MELB_URBAN,DRIVE,5,17.0
105054,1,3,130,2,3,50.0,0,I,MELB_URBAN,DRIVE,5,17.0
105055,1,5,116,1,9,50.0,0,I,MELB_URBAN,STREET,2,17.0
105056,1,3,99,1,3,80.0,0,N,MELB_URBAN,OTHER,5,19.0
105057,4,3,183,5,5,100.0,0,N,RURAL_VICTORIA,ROAD,5,18.0
105058,1,3,147,5,3,80.0,0,N,MELB_URBAN,OTHER,5,20.0
105059,1,3,130,2,5,40.0,0,I,RURAL_VICTORIA,HIGHWAY,5,17.0
105060,1,3,130,5,3,100.0,0,N,MELB_URBAN,ROAD,5,20.0
105061,2,2,99,5,1,50.0,0,N,MELB_URBAN,ROAD,5,13.0
105062,1,3,121,1,6,60.0,0,I,MELB_URBAN,ROAD,5,22.0
105063,1,2,110,1,3,50.0,0,N,SMALL_CITIES,STREET,5,22.0
105064,1,2,121,2,1,60.0,0,I,MELB_URBAN,ROAD,5,15.0
105065,4,6,171,1,3,60.0,0,I,MELB_URBAN,STREET,5,20.0
105066,1,3,130,5,3,80.0,0,N,MELB_URBAN,RAMP,5,18.0
105067,1,4,160,5,3,60.0,0,N,MELB_URBAN,STREET,5,4.0
105068,5,1,99,5,5,110.0,0,N,RURAL_VICTORIA,FREEWAY,5,21.0
105069,1,4,113,2,1,50.0,0,I,MELB_URBAN,STREET,5,8.0
105070,1,3,134,5,3,100.0,0,N,MELB_URBAN,RAMP,5,6.0
105071,1,4,121,1,3,80.0,0,I,MELB_URBAN,ROAD,5,6.0
105072,1,4,110,1,1,60.0,0,I,MELB_URBAN,STREET,5,7.0
105073,1,2,121,1,1,60.0,0,I,MELB_URBAN,ROAD,5,11.0
105074,1,4,147,5,1,60.0,0,N,MELB_URBAN,ROAD,5,7.0
105075,1,3,130,5,1,100.0,0,N,RURAL_VICTORIA,ROAD,5,15.0
105076,1,2,147,2,1,60.0,0,N,MELB_URBAN,ROAD,5,16.0
105077,1,3,130,1,1,60.0,0,I,MELB_URBAN,STREET,5,11.0
105078,4,4,183,5,2,70.0,0,N,RURAL_VICTORIA,ROAD,5,7.0
105079,1,4,111,1,1,60.0,0,I,MELB_URBAN,ROAD,5,12.0
105080,4,5,171,5,1,60.0,0,N,MELB_URBAN,AVENUE,1,17.0
105081,1,7,163,5,1,60.0,0,N,MELB_URBAN,ROAD,5,11.0
105082,4,5,183,5,2,80.0,0,N,RURAL_VICTORIA,ROAD,5,19.0
105083,1,4,121,2,1,100.0,0,I,RURAL_VICTORIA,ROAD,5,11.0
105084,1,4,147,5,1,80.0,0,N,MELB_URBAN,ROAD,5,11.0
105085,1,4,132,3,1,60.0,0,I,MELB_URBAN,ROAD,5,12.0
105086,4,4,171,5,1,80.0,0,N,RURAL_VICTORIA,ROAD,5,11.0
105087,1,4,110,1,1,80.0,0,I,RURAL_VICTORIA,ROAD,5,12.0
105088,1,3,160,5,1,50.0,0,N,MELB_URBAN,OTHER,5,16.0
105089,1,3,99,1,1,60.0,0,I,MELB_URBAN,STREET,5,13.0
105090,1,4,140,5,1,60.0,0,N,MELB_URBAN,STREET,5,13.0
105091,1,4,130,5,1,60.0,0,N,MELB_URBAN,ROAD,5,10.0
105092,1,4,130,1,1,60.0,0,N,MELB_URBAN,ROAD,5,15.0
105093,1,4,113,2,1,50.0,0,I,MELB_URBAN,STREET,5,15.0
105094,1,0,111,1,9,60.0,0,I,MELB_URBAN,STREET,5,17.0
105095,1,4,113,2,3,60.0,0,N,LARGE_PROVINCIAL_CITIES,STREET,5,17.0
105096,1,4,120,5,5,40.0,0,N,SMALL_CITIES,ROAD,5,18.0
105097,1,4,113,2,3,60.0,0,I,MELB_URBAN,ROAD,5,17.0
105098,1,4,121,5,1,100.0,0,N,RURAL_VICTORIA,ROAD,5,16.0
105099,1,4,132,2,1,60.0,0,I,SMALL_CITIES,DRIVE,5,16.0
105100,4,3,173,5,2,40.0,0,N,MELB_URBAN,ROAD,5,16.0
105101,1,3,99,2,3,50.0,0,I,LARGE_PROVINCIAL_CITIES,ROAD,5,19.0
105102,4,4,171,5,1,70.0,1,N,MELB_URBAN,ROAD,5,16.0
105103,2,4,102,1,1,60.0,0,I,MELB_URBAN,STREET,5,14.0
105104,1,4,120,5,3,50.0,0,N,MELB_URBAN,AVENUE,5,19.0
105105,4,3,171,2,3,40.0,0,I,MELB_URBAN,ROAD,5,18.0
105106,1,1,130,5,5,100.0,0,N,RURAL_VICTORIA,ROAD,5,18.0
105107,1,3,110,1,3,80.0,0,I,MELB_URBAN,ROAD,5,23.0
105108,2,4,100,1,3,60.0,0,I,MELB_URBAN,ROAD,5,21.0
105109,1,4,130,1,3,80.0,0,I,MELB_URBAN,ROAD,5,6.0
105110,4,4,183,5,1,100.0,0,N,RURAL_VICTORIA,ROAD,5,14.0
105111,8,5,174,5,1,50.0,0,N,MELB_URBAN,ROAD,5,11.0
105112,6,3,174,5,3,40.0,0,N,MELB_URBAN,STREET,5,18.0
105113,1,4,121,1,1,40.0,0,I,MELBOURNE_CBD,STREET,5,15.0
105114,1,3,130,5,1,60.0,0,N,MELB_URBAN,ROAD,5,16.0
105115,1,6,99,2,1,60.0,0,I,MELB_URBAN,ROAD,3,8.0
105116,1,5,110,1,1,50.0,0,I,MELB_URBAN,STREET,5,9.0
105117,1,5,99,2,1,80.0,0,I,MELB_URBAN,HIGHWAY,5,12.0
105118,2,3,100,5,1,50.0,0,N,MELB_URBAN,STREET,5,12.0
105119,4,2,99,6,1,50.0,0,N,RURAL_VICTORIA,ROAD,4,13.0
105120,1,6,130,5,3,70.0,0,N,RURAL_VICTORIA,ROAD,5,22.0
105121,1,5,110,1,1,60.0,0,I,SMALL_TOWNS,STREET,5,9.0
105122,1,5,116,1,1,80.0,0,I,MELB_URBAN,ROAD,5,7.0
105123,1,4,113,2,1,60.0,0,I,MELB_URBAN,ROAD,5,14.0
105124,1,5,132,2,1,60.0,0,I,MELB_URBAN,ROAD,5,14.0
105125,1,4,111,2,1,80.0,0,I,MELB_URBAN,ROAD,5,12.0
105126,1,4,130,4,1,60.0,0,I,MELB_URBAN,ROAD,4,8.0
105127,1,4,121,1,1,60.0,0,I,MELB_URBAN,ROAD,5,15.0
105128,1,5,113,2,1,80.0,0,I,MELB_URBAN,ROAD,5,17.0
105129,4,5,173,5,5,100.0,0,N,MELB_URBAN,FREEWAY,5,17.0
105130,2,4,99,5,3,60.0,0,N,SMALL_CITIES,DRIVE,5,17.0
105131,1,5,113,2,3,50.0,0,I,LARGE_PROVINCIAL_CITIES,DRIVE,5,17.0
105132,1,5,160,5,1,60.0,0,N,MELB_URBAN,ROAD,5,15.0
105133,6,4,174,4,4,60.0,0,N,MELB_URBAN,ROAD,5,19.0
105134,1,4,130,1,2,60.0,0,I,MELB_URBAN,ROAD,5,18.0
105135,1,5,120,5,1,80.0,0,N,RURAL_VICTORIA,HIGHWAY,5,16.0
105136,2,5,102,1,3,70.0,0,I,MELB_URBAN,ROAD,5,18.0
105137,1,5,135,5,3,60.0,0,N,MELB_URBAN,ROAD,5,19.0
105138,1,5,113,2,1,60.0,0,I,MELB_URBAN,ROAD,5,15.0
105139,4,4,171,5,3,80.0,0,N,MELB_URBAN,ROAD,5,22.0
105140,1,4,120,3,1,60.0,0,I,RURAL_VICTORIA,AVENUE,5,7.0
105141,4,5,173,5,1,100.0,0,N,MELB_URBAN,FREEWAY,5,8.0
105142,8,7,99,5,2,100.0,0,N,RURAL_VICTORIA,ROAD,1,20.0
105143,1,6,116,1,1,60.0,0,N,RURAL_VICTORIA,DRIVE,5,9.0
105144,4,6,99,2,1,60.0,0,I,MELB_URBAN,ROAD,5,8.0
105145,5,5,99,5,1,100.0,0,N,MELB_URBAN,FREEWAY,5,9.0
105146,1,6,111,1,1,80.0,0,I,MELB_URBAN,ROAD,5,8.0
105147,1,6,132,1,1,60.0,0,I,SMALL_TOWNS,STREET,5,9.0
105148,1,5,113,2,1,60.0,0,I,MELB_URBAN,ROAD,5,10.0
105149,1,6,110,1,1,50.0,0,I,MELB_URBAN,ROAD,5,7.0
105150,4,1,99,5,1,100.0,0,N,RURAL_VICTORIA,OTHER,5,14.0
105151,2,5,100,1,1,50.0,0,N,MELB_URBAN,ROAD,5,9.0
105152,2,6,99,5,1,60.0,0,N,MELB_URBAN,ROAD,5,9.0
105153,1,6,130,2,1,80.0,0,I,MELB_URBAN,ROAD,5,10.0
105154,1,6,130,5,1,100.0,0,N,MELB_URBAN,RAMP,5,10.0
105155,1,5,120,5,1,90.0,0,N,MELB_URBAN,ROAD,5,8.0
105156,8,6,99,5,1,50.0,0,N,MELB_URBAN,ROAD,5,11.0
105157,1,5,121,5,2,80.0,0,N,MELB_URBAN,HIGHWAY,5,16.0
105158,6,6,184,2,1,50.0,0,I,MELB_URBAN,ROAD,5,14.0
105159,1,6,113,1,1,80.0,0,I,MELB_URBAN,ROAD,5,13.0
105160,4,5,181,5,1,60.0,0,N,RURAL_VICTORIA,ROAD,5,13.0
105161,4,5,181,5,1,80.0,0,N,RURAL_VICTORIA,ROAD,5,12.0
105162,1,6,140,5,1,100.0,0,N,RURAL_VICTORIA,AVENUE,5,13.0
105163,1,6,110,1,1,40.0,0,I,MELB_URBAN,STREET,5,7.0
105164,2,5,100,5,2,40.0,0,N,MELB_URBAN,STREET,5,17.0
105165,1,6,99,1,1,50.0,0,I,LARGE_PROVINCIAL_CITIES,STREET,5,15.0
105166,1,6,110,1,1,50.0,0,I,MELB_URBAN,OTHER,5,16.0
105167,1,6,147,5,3,60.0,0,N,MELB_URBAN,ROAD,5,17.0
105168,4,5,171,5,1,50.0,0,N,MELB_URBAN,OTHER,5,15.0
105169,4,6,173,2,3,50.0,0,I,LARGE_PROVINCIAL_CITIES,STREET,5,19.0
105170,2,6,100,9,3,40.0,0,I,MELB_URBAN,ROAD,5,19.0
105171,4,6,171,2,3,60.0,0,I,MELB_URBAN,ROAD,5,20.0
105172,2,6,102,2,2,60.0,0,N,MELB_URBAN,STREET,5,17.0
105173,8,7,174,1,1,60.0,0,I,RURAL_VICTORIA,ROAD,5,12.0
105174,1,6,120,2,3,60.0,0,N,RURAL_VICTORIA,ROAD,5,18.0
105175,1,6,99,1,1,60.0,0,I,MELB_URBAN,STREET,5,17.0
105176,4,6,99,2,3,50.0,1,I,LARGE_PROVINCIAL_CITIES,DRIVE,5,21.0
105177,4,7,173,5,5,80.0,0,N,RURAL_VICTORIA,ROAD,6,0.0
105178,2,7,99,5,3,60.0,0,N,MELB_URBAN,STREET,6,2.0
105179,2,7,102,5,3,60.0,0,N,MELB_URBAN,STREET,6,5.0
105180,1,7,113,2,1,60.0,0,I,SMALL_CITIES,ROAD,6,8.0
105181,5,6,99,5,5,100.0,0,N,RURAL_VICTORIA,ROAD,5,22.0
105182,1,7,113,1,1,60.0,0,I,LARGE_PROVINCIAL_CITIES,ROAD,6,9.0
105183,4,0,173,5,1,60.0,0,N,SMALL_TOWNS,OTHER,5,11.0
105184,4,7,171,5,1,60.0,0,N,SMALL_TOWNS,ROAD,6,9.0
105185,1,7,130,5,1,70.0,0,N,MELB_URBAN,ROAD,6,12.0
105186,1,7,110,1,1,50.0,0,I,MELB_URBAN,STREET,6,12.0
105187,1,7,160,5,1,50.0,0,N,TOWNS,STREET,6,13.0
105188,1,7,140,5,1,60.0,0,N,LARGE_PROVINCIAL_CITIES,ROAD,6,13.0
105189,1,7,130,5,1,40.0,0,N,MELBOURNE_CBD,STREET,6,14.0
105190,1,7,113,2,1,60.0,0,I,MELB_URBAN,ROAD,6,11.0
105191,1,7,99,5,1,60.0,0,N,MELB_URBAN,ROAD,6,12.0
105192,1,7,99,1,1,60.0,0,I,MELB_URBAN,ROAD,6,9.0
105193,1,7,110,1,2,50.0,0,I,SMALL_CITIES,STREET,6,17.0
105194,1,4,130,5,5,100.0,0,N,MELB_URBAN,ROAD,5,5.0
105195,1,7,113,2,1,60.0,0,N,SMALL_CITIES,STREET,6,16.0
105196,1,7,130,5,3,100.0,0,N,MELB_URBAN,FREEWAY,6,17.0
105197,1,7,130,5,1,100.0,0,N,RURAL_VICTORIA,ROAD,6,17.0
105198,1,6,121,2,1,60.0,0,I,MELB_URBAN,STREET,5,14.0
105199,1,3,99,2,2,60.0,0,I,MELB_URBAN,STREET,5,17.0
105200,4,7,181,5,5,60.0,0,N,TOWNS,ROAD,6,21.0
105201,4,7,181,5,5,80.0,0,N,RURAL_VICTORIA,HIGHWAY,6,19.0
105202,8,7,170,5,2,60.0,0,UNKNOWN,UNKNOWN,UNKNOWN,6,17.0
105203,3,7,167,5,5,80.0,0,N,RURAL_VICTORIA,ROAD,6,18.0
105204,2,7,99,5,3,70.0,1,N,MELB_URBAN,ROAD,6,19.0
105205,4,7,171,5,3,60.0,0,N,TOWNS,STREET,6,23.0
105206,1,7,132,2,1,60.0,0,I,MELB_URBAN,ROAD,6,14.0
105207,2,7,100,1,1,40.0,0,I,MELB_URBAN,STREET,6,10.0
105208,1,0,135,5,1,100.0,0,N,MELB_URBAN,FREEWAY,6,10.0
105209,1,1,121,2,1,60.0,0,I,MELB_URBAN,ROAD,6,11.0
105210,1,1,160,5,1,60.0,0,N,MELB_URBAN,ROAD,6,10.0
105211,6,1,184,5,1,100.0,0,N,RURAL_VICTORIA,OTHER,6,10.0
105212,2,1,102,2,5,100.0,1,I,RURAL_VICTORIA,HIGHWAY,6,6.0
105213,1,1,130,5,1,40.0,0,N,MELB_URBAN,DRIVE,6,13.0
105214,1,7,110,1,3,50.0,0,I,MELB_URBAN,AVENUE,6,20.0
105215,9,1,99,5,1,80.0,0,N,RURAL_VICTORIA,HIGHWAY,6,10.0
105216,1,6,130,5,3,80.0,0,N,MELB_URBAN,FREEWAY,5,19.0
105217,1,5,111,2,1,60.0,0,I,MELB_URBAN,ROAD,5,19.0
105218,1,7,130,1,3,60.0,0,N,SMALL_CITIES,STREET,6,18.0
105219,1,5,140,2,3,50.0,0,N,MELB_URBAN,STREET,5,18.0
105220,2,1,99,5,1,50.0,0,N,MELB_URBAN,STREET,6,15.0
105221,1,0,121,1,2,60.0,0,I,MELB_URBAN,STREET,6,16.0
105222,1,0,130,5,2,80.0,0,N,MELB_URBAN,FREEWAY,6,17.0
105223,1,1,110,1,3,60.0,0,I,MELB_URBAN,STREET,6,17.0
105224,1,1,160,1,3,50.0,0,I,MELB_URBAN,BOULEVARD,6,17.0
105225,1,1,121,1,3,60.0,0,I,MELB_URBAN,ROAD,6,18.0
105226,4,1,171,1,1,80.0,0,N,RURAL_VICTORIA,ROAD,6,16.0
105227,2,1,99,5,1,60.0,0,N,MELB_URBAN,AVENUE,6,15.0
105228,1,1,163,5,6,40.0,0,N,MELBOURNE_CBD,STREET,6,1.0
105229,1,1,121,1,3,80.0,0,N,MELB_URBAN,HIGHWAY,6,19.0
105230,4,1,171,5,5,80.0,0,N,RURAL_VICTORIA,ROAD,6,19.0
105231,1,1,120,5,5,60.0,0,N,RURAL_VICTORIA,ROAD,6,17.0
105232,4,0,171,5,5,100.0,0,N,RURAL_VICTORIA,ROAD,6,22.0
105233,8,6,170,2,1,60.0,0,I,MELB_URBAN,STREET,5,8.0
105234,1,1,130,5,5,60.0,0,N,MELB_URBAN,FREEWAY,6,23.0
105235,4,5,181,5,1,60.0,0,N,RURAL_VICTORIA,ROAD,4,9.0
105236,6,1,174,2,1,50.0,0,I,MELB_URBAN,STREET,6,15.0
105237,1,1,121,1,3,80.0,0,I,MELB_URBAN,ROAD,6,3.0
105238,1,6,110,1,1,70.0,0,I,MELB_URBAN,ROAD,5,13.0
105239,1,0,130,5,1,60.0,0,N,MELB_URBAN,STREET,6,12.0
105240,1,2,110,1,1,80.0,0,I,MELB_URBAN,ROAD,6,8.0
105241,1,5,130,1,1,50.0,0,I,MELB_URBAN,ROAD,5,9.0
105242,1,0,120,2,3,60.0,0,N,MELB_URBAN,ROAD,6,0.0
105243,1,1,110,1,1,60.0,0,I,MELB_URBAN,ROAD,6,10.0
105244,1,2,130,1,1,60.0,0,N,SMALL_CITIES,DRIVE,6,10.0
105245,1,6,130,5,1,40.0,0,N,MELB_URBAN,STREET,5,14.0
105246,1,1,160,5,1,60.0,0,N,MELB_URBAN,ROAD,6,11.0
105247,1,2,99,2,1,60.0,0,I,MELB_URBAN,ROAD,6,9.0
105248,1,2,130,5,1,100.0,0,N,MELB_URBAN,RAMP,6,8.0
105249,1,2,130,5,1,60.0,0,N,MELB_URBAN,ROAD,6,8.0
105250,4,2,181,5,1,60.0,0,N,MELB_URBAN,ROAD,6,11.0
105251,1,2,113,2,1,70.0,0,I,MELB_URBAN,ROAD,6,11.0
105252,1,2,121,2,1,60.0,0,I,LARGE_PROVINCIAL_CITIES,STREET,6,11.0
105253,2,2,99,5,2,50.0,0,N,TOWNS,STREET,6,16.0
105254,3,5,167,2,5,60.0,0,I,RURAL_VICTORIA,ROAD,5,17.0
105255,1,2,113,2,3,60.0,0,I,MELB_URBAN,OTHER,6,18.0
105256,2,2,100,5,3,80.0,0,N,MELB_URBAN,ROAD,6,18.0
105257,1,2,120,5,2,60.0,0,N,SMALL_CITIES,AVENUE,6,16.0
105258,1,1,130,2,3,60.0,0,N,MELB_URBAN,ROAD,6,18.0
105259,1,4,116,2,3,70.0,0,I,MELB_URBAN,ROAD,5,17.0
105260,1,2,99,1,2,70.0,0,I,MELB_URBAN,ROAD,6,17.0
105261,1,1,130,2,3,80.0,0,I,MELB_URBAN,STREET,6,20.0
105262,1,2,132,5,2,60.0,0,N,MELB_URBAN,ROAD,6,17.0
105263,2,2,100,1,2,60.0,0,I,MELB_URBAN,ROAD,6,17.0
105264,1,2,113,1,3,70.0,0,I,MELB_URBAN,ROAD,6,20.0
105265,4,2,171,5,5,80.0,0,N,LARGE_PROVINCIAL_CITIES,ROAD,6,20.0
105266,4,2,183,5,1,100.0,0,N,RURAL_VICTORIA,ROAD,6,16.0
105267,1,1,121,1,3,60.0,0,I,MELB_URBAN,STREET,6,6.0
105268,1,2,99,1,1,60.0,0,N,MELB_URBAN,BOULEVARD,6,14.0
105269,4,2,171,5,6,60.0,0,N,SMALL_TOWNS,STREET,6,23.0
105270,6,3,99,5,5,100.0,0,N,RURAL_VICTORIA,ROAD,6,1.0
105271,4,1,171,5,5,60.0,0,N,MELB_URBAN,DRIVE,6,23.0
105272,1,1,160,5,3,50.0,0,N,MELB_URBAN,STREET,6,1.0
105273,2,3,100,2,3,60.0,0,I,MELB_URBAN,ROAD,6,6.0
105274,5,2,99,5,5,100.0,0,N,RURAL_VICTORIA,ROAD,6,6.0
105275,1,3,99,2,2,60.0,0,I,MELB_URBAN,ROAD,6,7.0
105276,1,2,113,2,1,80.0,0,I,MELB_URBAN,ROAD,6,9.0
105277,8,2,99,5,1,50.0,0,N,MELB_URBAN,STREET,6,11.0
105278,8,3,184,5,1,50.0,0,N,RURAL_VICTORIA,UNKNOWN,6,12.0
105279,6,2,174,5,1,60.0,0,N,MELB_URBAN,ROAD,6,13.0
105280,1,3,134,5,1,100.0,0,N,MELB_URBAN,RAMP,6,9.0
105281,1,3,133,5,1,50.0,0,N,LARGE_PROVINCIAL_CITIES,ROAD,6,9.0
105282,1,4,110,1,1,100.0,0,I,RURAL_VICTORIA,ROAD,5,9.0
105283,1,3,116,1,1,60.0,0,I,RURAL_VICTORIA,ROAD,6,8.0
105284,1,2,135,4,1,60.0,0,N,MELB_URBAN,ROAD,6,16.0
105285,2,2,99,5,1,50.0,0,N,MELB_URBAN,BOULEVARD,6,16.0
105286,6,2,174,2,2,60.0,0,I,MELB_URBAN,ROAD,6,17.0
105287,1,1,135,5,9,60.0,0,N,MELB_URBAN,ROAD,5,15.0
105288,1,3,99,5,1,100.0,0,N,RURAL_VICTORIA,ROAD,6,15.0
105289,1,3,130,5,2,40.0,0,N,MELB_URBAN,ROAD,6,16.0
105290,1,2,130,5,3,100.0,0,N,MELB_URBAN,ROAD,6,18.0
105291,1,3,132,2,1,80.0,0,I,LARGE_PROVINCIAL_CITIES,ROAD,6,8.0
105292,2,3,102,1,3,50.0,0,I,MELB_URBAN,ROAD,6,18.0
105293,1,2,135,5,1,60.0,0,N,MELB_URBAN,ROAD,6,15.0
105294,1,2,113,2,2,60.0,0,I,MELB_URBAN,ROAD,6,17.0
105295,1,3,121,2,1,70.0,0,I,MELB_URBAN,ROAD,6,15.0
105296,4,2,173,5,3,60.0,0,N,LARGE_PROVINCIAL_CITIES,ROAD,6,21.0
105297,1,2,120,5,4,60.0,0,N,LARGE_PROVINCIAL_CITIES,ROAD,6,19.0
105298,1,3,130,5,3,60.0,0,N,MELB_URBAN,ROAD,6,18.0
105299,1,3,111,2,3,80.0,0,I,MELB_URBAN,ROAD,6,20.0
105300,4,3,173,5,3,100.0,0,N,RURAL_VICTORIA,HIGHWAY,6,0.0
105301,4,3,181,5,3,60.0,0,N,MELB_URBAN,ROAD,6,0.0
105302,1,4,130,5,3,100.0,0,N,MELB_URBAN,FREEWAY,6,6.0
105303,8,6,174,5,3,60.0,0,N,MELB_URBAN,ROAD,5,19.0
105304,4,3,173,5,1,100.0,0,N,RURAL_VICTORIA,ROAD,6,15.0
105305,1,4,110,1,1,50.0,0,I,MELB_URBAN,ROAD,6,9.0
105306,2,4,100,2,1,50.0,0,I,SMALL_CITIES,STREET,6,12.0
105307,1,3,135,5,1,100.0,0,N,MELB_URBAN,FREEWAY,6,8.0
105308,6,7,99,2,1,60.0,0,I,RURAL_VICTORIA,OTHER,5,8.0
105309,1,3,130,9,1,80.0,0,I,MELB_URBAN,STREET,6,8.0
105310,8,4,174,1,3,60.0,0,I,LARGE_PROVINCIAL_CITIES,ROAD,5,20.0
105311,2,2,100,1,3,60.0,0,N,MELB_URBAN,STREET,6,21.0
105312,4,4,171,2,1,40.0,0,N,TOWNS,ROAD,6,7.0
105313,1,4,140,5,1,60.0,0,N,SMALL_CITIES,ROAD,6,13.0
105314,1,4,120,2,1,60.0,0,I,MELB_URBAN,STREET,6,11.0
105315,4,1,171,5,1,100.0,0,N,RURAL_VICTORIA,ROAD,6,14.0
105316,4,4,173,4,1,60.0,0,I,MELB_URBAN,ROAD,6,14.0
105317,1,2,135,5,1,100.0,0,N,MELB_URBAN,ROAD,6,11.0
105318,2,4,102,2,1,40.0,0,I,MELB_URBAN,STREET,6,14.0
105319,1,2,135,1,3,60.0,0,I,MELB_URBAN,ROAD,6,18.0
105320,1,4,121,5,1,50.0,0,N,MELB_URBAN,AVENUE,6,15.0
105321,2,4,100,2,2,50.0,0,I,MELB_URBAN,ROAD,6,16.0
105322,1,4,121,1,3,60.0,0,I,MELB_URBAN,UNKNOWN,6,17.0
105323,5,3,99,5,2,60.0,0,N,MELB_URBAN,ROAD,6,17.0
105324,4,4,171,5,5,100.0,0,N,RURAL_VICTORIA,ROAD,6,18.0
105325,1,5,120,2,2,60.0,0,N,MELB_URBAN,ROAD,5,7.0
105326,1,4,130,1,3,60.0,0,I,LARGE_PROVINCIAL_CITIES,STREET,6,19.0
105327,1,3,160,2,3,60.0,0,N,MELB_URBAN,ROAD,6,21.0
105328,1,4,99,5,3,60.0,0,I,MELB_URBAN,ROAD,6,19.0
105329,1,4,99,4,1,60.0,0,N,MELB_URBAN,RAMP,6,15.0
105330,1,3,160,5,3,50.0,0,N,LARGE_PROVINCIAL_CITIES,OTHER,6,21.0
105331,4,4,99,5,5,110.0,0,N,RURAL_VICTORIA,FREEWAY,6,0.0
105332,1,5,113,1,3,80.0,0,I,MELB_URBAN,HIGHWAY,6,5.0
105333,1,1,133,5,1,100.0,0,N,MELB_URBAN,ROAD,1,10.0
105334,1,5,111,1,1,60.0,0,I,SMALL_CITIES,ROAD,6,8.0
105335,1,5,147,5,1,60.0,0,N,MELB_URBAN,STREET,6,9.0
105336,1,4,121,1,1,60.0,0,N,MELB_URBAN,ROAD,6,7.0
105337,1,5,116,2,1,60.0,0,I,SMALL_CITIES,STREET,6,10.0
105338,1,5,121,5,1,40.0,0,N,MELB_URBAN,STREET,6,9.0
105339,1,4,130,5,1,60.0,0,N,MELB_URBAN,STREET,5,15.0
105340,4,4,173,5,1,60.0,0,N,RURAL_VICTORIA,ROAD,6,10.0
105341,1,4,113,2,1,60.0,0,I,MELB_URBAN,STREET,6,9.0
105342,1,4,121,2,1,60.0,0,I,MELB_URBAN,ROAD,6,12.0
105343,2,4,100,1,1,40.0,0,I,SMALL_CITIES,STREET,6,13.0
105344,4,4,183,5,1,100.0,0,N,RURAL_VICTORIA,ROAD,6,14.0
105345,2,7,100,5,3,60.0,0,O,MELB_URBAN,HIGHWAY,5,21.0
105346,6,3,174,5,1,60.0,0,N,MELB_URBAN,ROAD,5,10.0
105347,1,4,110,1,1,60.0,0,I,LARGE_PROVINCIAL_CITIES,STREET,6,16.0
105348,1,6,110,1,1,50.0,0,I,TOWNS,STREET,4,10.0
105349,1,5,99,5,1,50.0,0,N,SMALL_CITIES,STREET,6,14.0
105350,1,5,121,5,3,50.0,0,N,MELB_URBAN,ROAD,6,18.0
105351,1,5,99,2,1,60.0,0,I,MELB_URBAN,ROAD,6,14.0
105352,2,5,100,1,5,50.0,0,I,MELB_URBAN,STREET,6,17.0
105353,4,4,171,5,5,80.0,0,N,RURAL_VICTORIA,ROAD,6,19.0
105354,1,4,160,5,6,60.0,0,N,MELB_URBAN,ROAD,6,17.0
105355,1,4,121,2,3,60.0,0,N,MELB_URBAN,STREET,6,17.0
105356,1,4,130,5,3,80.0,0,N,MELB_URBAN,RAMP,6,19.0
105357,1,5,99,5,2,60.0,1,N,MELB_URBAN,ROAD,6,16.0
105358,1,5,121,1,3,80.0,0,N,MELB_URBAN,ROAD,6,18.0
105359,1,5,121,1,3,60.0,0,I,MELB_URBAN,HIGHWAY,6,22.0
105360,1,5,160,5,3,70.0,0,N,MELB_URBAN,ROAD,6,2.0