,accident_type,day_of_week,dca_code,road_geometry,light_condition,speed_zone,severity,node_type,deg_urban_name,road_type,month,hour
105361,1,5,99,5,3,60.0,0,N,MELB_URBAN,ROAD,6,3.0
105362,2,4,99,9,9,60.0,0,UNKNOWN,UNKNOWN,UNKNOWN,3,18.0
105363,1,5,121,2,2,70.0,0,I,MELB_URBAN,ROAD,6,16.0
105364,6,6,174,4,2,60.0,0,I,LARGE_PROVINCIAL_CITIES,STREET,6,6.0
105365,1,5,113,2,2,60.0,0,I,SMALL_CITIES,ROAD,6,7.0
105366,1,1,99,2,3,60.0,0,I,MELB_URBAN,ROAD,5,7.0
105367,1,4,121,1,3,60.0,0,I,MELB_URBAN,ROAD,6,21.0
105368,1,5,116,2,1,60.0,0,I,MELB_URBAN,ROAD,6,8.0
105369,2,7,99,5,3,50.0,0,N,MELB_URBAN,OTHER,5,20.0
105370,1,5,130,5,3,100.0,0,N,MELB_URBAN,UNKNOWN,6,17.0
105371,1,5,133,5,5,100.0,0,N,MELB_URBAN,FREEWAY,6,6.0
105372,1,6,120,5,1,50.0,0,N,TOWNS,STREET,6,10.0
105373,4,5,171,5,1,100.0,0,N,RURAL_VICTORIA,ROAD,6,8.0
105374,2,6,100,1,1,60.0,0,I,RURAL_VICTORIA,ROAD,6,11.0
105375,1,5,121,1,1,60.0,0,I,MELB_URBAN,ROAD,6,11.0
105376,1,5,130,5,1,100.0,0,N,MELB_URBAN,RAMP,5,18.0
105377,8,1,174,5,3,60.0,0,N,MELB_URBAN,STREET,11,2.0
105378,1,6,110,1,1,80.0,0,I,RURAL_VICTORIA,ROAD,6,12.0
105379,1,4,111,2,6,100.0,0,I,RURAL_VICTORIA,ROAD,5,4.0
105380,1,5,130,2,1,30.0,0,N,MELB_URBAN,ROAD,6,12.0
105381,1,6,130,1,1,60.0,0,I,MELB_URBAN,ROAD,9,14.0
105382,1,6,121,1,1,70.0,0,I,MELB_URBAN,HIGHWAY,6,15.0
105383,1,6,110,1,1,60.0,1,I,LARGE_PROVINCIAL_CITIES,STREET,6,12.0
105384,1,6,130,5,1,80.0,0,N,MELB_URBAN,HIGHWAY,6,15.0
105385,4,6,173,5,1,100.0,0,N,MELB_URBAN,RAMP,6,15.0
105386,1,6,99,2,3,60.0,0,I,LARGE_PROVINCIAL_CITIES,ROAD,6,18.0
105387,1,5,130,5,1,60.0,0,N,MELB_URBAN,STREET,6,16.0
105388,1,5,130,5,5,80.0,0,N,LARGE_PROVINCIAL_CITIES,ROAD,6,17.0
105389,2,6,99,5,1,50.0,0,N,TOWNS,STREET,6,16.0
105390,2,6,102,1,3,40.0,0,I,MELB_URBAN,STREET,6,6.0
105391,2,6,102,2,1,40.0,0,N,MELB_URBAN,STREET,6,15.0
105392,1,6,110,1,1,60.0,0,I,LARGE_PROVINCIAL_CITIES,STREET,6,15.0
105393,1,6,121,1,1,60.0,0,I,MELB_URBAN,OTHER,6,15.0
105394,1,5,111,1,3,60.0,0,I,LARGE_PROVINCIAL_CITIES,ROAD,6,20.0
105395,1,6,99,2,1,60.0,0,I,MELB_URBAN,ROAD,6,15.0
105396,1,5,120,5,5,100.0,0,N,RURAL_VICTORIA,HIGHWAY,6,17.0
105397,1,5,113,2,1,60.0,0,I,MELB_URBAN,ROAD,6,16.0
105398,4,5,171,5,5,50.0,0,N,LARGE_PROVINCIAL_CITIES,STREET,6,21.0
105399,1,7,160,5,3,50.0,0,N,MELB_URBAN,OTHER,6,0.0
105400,2,6,100,1,2,60.0,0,I,MELB_URBAN,STREET,6,16.0
105401,1,5,121,1,1,60.0,0,I,MELB_URBAN,STREET,6,8.0
105402,1,6,130,5,3,60.0,0,N,MELB_URBAN,HIGHWAY,6,22.0
105403,4,6,171,1,3,60.0,0,I,MELB_URBAN,ROAD,6,4.0
105404,1,6,132,5,1,60.0,0,N,MELB_URBAN,ROAD,6,11.0
105405,1,7,110,1,1,60.0,0,I,SMALL_CITIES,STREET,6,11.0
105406,1,6,121,1,1,60.0,0,I,MELB_URBAN,ROAD,6,12.0
105407,4,6,171,5,1,100.0,0,N,RURAL_VICTORIA,ROAD,6,12.0
105408,1,6,173,5,1,60.0,0,N,MELB_URBAN,STREET,6,9.0
105409,1,4,113,2,1,50.0,0,I,RURAL_VICTORIA,PARADE,6,7.0
105410,1,6,99,5,3,50.0,0,N,MELB_URBAN,DRIVE,6,20.0
105411,6,7,99,5,1,100.0,0,N,RURAL_VICTORIA,ROAD,6,14.0
105412,2,5,100,1,3,40.0,0,N,MELB_URBAN,ROAD,5,23.0
105413,4,6,173,2,1,80.0,0,N,RURAL_VICTORIA,ROAD,6,15.0
105414,2,6,102,5,1,50.0,0,N,TOWNS,PARADE,6,14.0
105415,1,6,130,5,1,70.0,0,N,MELB_URBAN,ROAD,6,15.0
105416,1,6,110,4,1,60.0,0,N,MELB_URBAN,STREET,6,15.0
105417,2,7,102,5,6,50.0,0,I,MELB_URBAN,AVENUE,6,19.0
105418,1,7,110,1,1,50.0,0,I,MELB_URBAN,ROAD,6,13.0
105419,1,7,132,5,1,100.0,0,N,RURAL_VICTORIA,OTHER,6,13.0
105420,1,7,121,2,3,80.0,0,I,RURAL_VICTORIA,HIGHWAY,6,17.0
105421,1,7,163,5,3,60.0,0,N,MELB_URBAN,STREET,6,18.0
105422,2,7,100,1,1,50.0,0,I,MELB_URBAN,HIGHWAY,6,15.0
105423,2,6,99,5,3,60.0,0,N,MELB_URBAN,ROAD,6,22.0
105424,1,7,110,1,1,50.0,0,I,LARGE_PROVINCIAL_CITIES,STREET,6,16.0
105425,7,6,99,5,5,50.0,0,N,RURAL_VICTORIA,BOULEVARD,6,21.0
105426,8,7,170,5,5,100.0,1,N,RURAL_VICTORIA,ROAD,6,19.0
105427,2,7,99,5,5,100.0,1,N,RURAL_VICTORIA,ROAD,6,23.0
105428,3,1,167,2,5,100.0,0,I,RURAL_VICTORIA,HIGHWAY,6,3.0
105429,1,6,135,5,1,70.0,0,N,MELB_URBAN,ROAD,6,15.0
105430,6,7,184,5,1,60.0,0,N,MELB_URBAN,STREET,6,16.0
105431,1,1,130,5,1,70.0,0,N,TOWNS,HIGHWAY,6,8.0
105432,8,1,99,5,5,100.0,0,N,RURAL_VICTORIA,ROAD,6,6.0
105433,1,4,130,5,1,40.0,0,N,RURAL_VICTORIA,ROAD,6,15.0
105434,1,0,110,1,1,80.0,0,N,MELB_URBAN,ROAD,6,9.0
105435,6,1,99,5,1,80.0,0,N,RURAL_VICTORIA,ROAD,6,12.0
105436,2,1,100,1,1,80.0,0,I,MELB_URBAN,HIGHWAY,6,12.0
105437,1,2,99,5,1,60.0,0,N,MELB_URBAN,STREET,5,16.0
105438,8,1,174,5,1,40.0,0,N,MELB_URBAN,STREET,6,14.0
105439,4,1,183,5,1,100.0,0,N,RURAL_VICTORIA,ROAD,6,11.0
105440,1,0,121,1,1,80.0,0,N,MELB_URBAN,ROAD,6,14.0
105441,4,1,171,2,1,80.0,0,I,RURAL_VICTORIA,ROAD,6,14.0
105442,6,1,174,5,1,60.0,0,N,RURAL_VICTORIA,ROAD,6,12.0
105443,1,1,130,2,3,60.0,0,I,MELB_URBAN,ROAD,6,17.0
105444,1,1,120,2,1,80.0,0,I,MELB_URBAN,ROAD,6,16.0
105445,1,1,120,5,2,100.0,0,N,RURAL_VICTORIA,ROAD,6,17.0
105446,4,0,99,5,1,50.0,0,N,MELB_URBAN,OTHER,6,16.0
105447,1,0,130,5,3,70.0,0,N,MELB_URBAN,ROAD,6,19.0
105448,1,0,135,5,9,60.0,0,N,MELB_URBAN,HIGHWAY,6,11.0
105449,4,1,171,5,3,60.0,0,N,MELB_URBAN,ROAD,6,0.0
105450,2,1,102,1,3,50.0,0,I,MELB_URBAN,STREET,6,23.0
105451,2,5,100,5,1,50.0,0,N,MELB_URBAN,ROAD,5,12.0
105452,6,0,174,5,1,100.0,0,N,RURAL_VICTORIA,OTHER,6,14.0
105453,4,1,181,5,1,100.0,0,N,RURAL_VICTORIA,ROAD,6,12.0
105454,1,6,140,5,1,60.0,0,N,MELB_URBAN,ROAD,6,13.0
105455,4,0,171,1,1,80.0,0,I,MELB_URBAN,HIGHWAY,6,13.0
105456,1,7,130,5,6,80.0,0,N,MELB_URBAN,HIGHWAY,5,18.0
105457,4,1,99,2,5,80.0,0,N,RURAL_VICTORIA,ROAD,6,21.0
105458,4,1,183,2,2,80.0,0,I,RURAL_VICTORIA,ROAD,6,7.0
105459,6,1,174,5,1,60.0,0,N,RURAL_VICTORIA,ROAD,6,13.0
105460,4,2,173,1,3,60.0,0,I,LARGE_PROVINCIAL_CITIES,ROAD,6,1.0
105461,4,1,171,5,5,100.0,0,N,RURAL_VICTORIA,ROAD,6,21.0
105462,1,4,130,2,1,70.0,0,I,SMALL_CITIES,AVENUE,6,8.0
105463,1,2,121,1,1,80.0,0,N,MELB_URBAN,ROAD,6,12.0
105464,1,2,130,5,1,100.0,0,N,MELB_URBAN,FREEWAY,6,12.0
105465,1,2,99,2,1,100.0,0,I,RURAL_VICTORIA,ROAD,6,12.0
105466,2,2,100,2,1,60.0,0,I,MELB_URBAN,UNKNOWN,6,10.0
105467,1,1,160,5,1,60.0,0,N,MELB_URBAN,ROAD,6,12.0
105468,1,6,99,5,2,40.0,0,N,MELBOURNE_CBD,STREET,5,17.0
105469,6,1,170,5,1,100.0,0,N,RURAL_VICTORIA,ROAD,6,13.0
105470,1,2,120,5,1,80.0,0,N,RURAL_VICTORIA,ROAD,6,12.0
105471,1,1,121,5,1,60.0,0,N,RURAL_VICTORIA,ROAD,6,14.0
105472,1,1,99,5,1,80.0,0,N,RURAL_VICTORIA,ROAD,6,15.0
105473,1,2,116,1,1,80.0,0,I,MELB_URBAN,ROAD,6,16.0
105474,1,2,120,5,1,60.0,0,N,RURAL_VICTORIA,ROAD,6,15.0
105475,2,0,102,5,3,40.0,0,N,MELB_URBAN,STREET,6,20.0
105476,1,1,121,1,1,80.0,0,I,MELB_URBAN,HIGHWAY,6,17.0
105477,1,2,140,2,2,80.0,0,I,RURAL_VICTORIA,HIGHWAY,6,16.0
105478,4,2,173,5,3,50.0,0,N,TOWNS,PARADE,6,0.0
105479,4,3,173,5,5,100.0,0,N,MELB_URBAN,FREEWAY,6,0.0
105480,2,5,100,5,1,40.0,0,N,TOWNS,STREET,5,10.0
105481,1,2,160,5,3,50.0,0,N,MELB_URBAN,STREET,6,5.0
105482,4,3,99,5,2,60.0,0,N,RURAL_VICTORIA,ROAD,6,7.0
105483,1,3,130,2,1,80.0,0,N,MELB_URBAN,HIGHWAY,6,8.0
105484,2,3,99,5,1,50.0,0,N,MELB_URBAN,ROAD,6,7.0
105485,1,3,130,5,1,80.0,0,N,MELB_URBAN,HIGHWAY,6,8.0
105486,2,2,102,2,1,50.0,0,N,MELB_URBAN,ROAD,6,8.0
105487,4,3,173,5,1,110.0,0,N,RURAL_VICTORIA,FREEWAY,6,7.0
105488,1,5,110,1,3,60.0,0,I,MELB_URBAN,STREET,6,1.0
105489,1,3,99,5,9,60.0,0,N,MELB_URBAN,ROAD,6,8.0
105490,1,2,113,2,1,60.0,0,I,SMALL_CITIES,STREET,6,12.0
105491,2,5,99,5,1,60.0,0,N,MELB_URBAN,STREET,6,15.0
105492,1,2,99,1,1,80.0,0,N,MELB_URBAN,STREET,6,8.0
105493,6,7,174,5,3,50.0,0,N,SMALL_CITIES,ROAD,6,18.0
105494,1,3,171,2,1,50.0,0,N,MELB_URBAN,STREET,6,11.0
105495,8,2,99,5,1,60.0,0,N,RURAL_VICTORIA,ROAD,6,15.0
105496,1,2,132,2,1,100.0,0,I,RURAL_VICTORIA,HIGHWAY,6,12.0
105497,1,2,130,2,1,60.0,0,I,MELB_URBAN,STREET,6,13.0
105498,1,2,121,2,1,60.0,0,I,MELB_URBAN,ROAD,6,15.0
105499,8,2,174,5,1,40.0,0,N,RURAL_VICTORIA,ROAD,6,10.0
105500,6,3,170,5,1,60.0,0,N,TOWNS,ROAD,6,15.0
105501,1,2,160,5,1,60.0,0,N,TOWNS,AVENUE,6,15.0
105502,2,3,100,5,1,40.0,0,N,MELB_URBAN,ROAD,6,16.0
105503,4,3,173,5,1,100.0,0,N,MELB_URBAN,FREEWAY,6,16.0
105504,1,7,110,1,9,60.0,0,I,MELB_URBAN,STREET,6,16.0
105505,1,2,130,5,1,100.0,0,N,MELB_URBAN,FREEWAY,6,16.0
105506,1,2,130,5,5,60.0,0,N,RURAL_VICTORIA,ROAD,6,18.0
105507,4,3,171,5,5,100.0,0,N,RURAL_VICTORIA,ROAD,6,19.0
105508,1,2,130,5,3,60.0,0,N,MELB_URBAN,ROAD,6,19.0
105509,1,3,130,1,1,60.0,0,N,MELB_URBAN,ROAD,6,12.0
105510,1,2,160,5,3,50.0,0,N,SMALL_CITIES,DRIVE,6,21.0
105511,4,3,171,5,5,100.0,0,N,RURAL_VICTORIA,ROAD,6,4.0
105512,8,4,174,1,3,60.0,0,I,MELB_URBAN,DRIVE,6,3.0
105513,1,3,99,1,3,40.0,0,I,MELBOURNE_CBD,STREET,6,4.0
105514,1,3,121,2,1,60.0,0,I,TOWNS,HIGHWAY,6,13.0
105515,4,4,171,5,1,60.0,0,N,MELB_URBAN,ROAD,6,7.0
105516,1,4,133,5,1,80.0,0,I,MELB_URBAN,ROAD,6,7.0
105517,1,3,121,1,1,60.0,0,I,MELB_URBAN,ROAD,6,8.0
105518,1,3,110,1,1,40.0,0,I,MELB_URBAN,ROAD,6,8.0
105519,1,3,121,2,1,80.0,0,I,MELB_URBAN,ROAD,6,9.0
105520,1,3,130,5,1,60.0,0,N,MELB_URBAN,STREET,6,9.0
105521,1,3,130,5,1,100.0,0,N,MELB_URBAN,FREEWAY,6,7.0
105522,1,0,130,5,1,80.0,0,N,MELB_URBAN,HIGHWAY,6,10.0
105523,1,4,130,5,1,90.0,0,N,RURAL_VICTORIA,HIGHWAY,6,9.0
105524,2,5,100,1,1,80.0,0,I,MELB_URBAN,ROAD,6,15.0
105525,1,4,121,1,1,80.0,0,I,MELB_URBAN,HIGHWAY,6,12.0
105526,2,4,99,5,5,100.0,0,N,RURAL_VICTORIA,ROAD,6,6.0
105527,1,4,132,2,1,60.0,0,I,MELB_URBAN,ROAD,6,14.0
105528,1,4,113,2,1,60.0,0,I,LARGE_PROVINCIAL_CITIES,STREET,6,10.0
105529,1,4,113,1,1,60.0,0,I,TOWNS,STREET,6,14.0
105530,1,4,130,2,1,80.0,0,I,MELB_URBAN,HIGHWAY,6,15.0
105531,8,2,170,5,5,100.0,0,N,RURAL_VICTORIA,ROAD,6,1.0
105532,1,3,113,2,3,80.0,0,I,MELB_URBAN,HIGHWAY,6,17.0
105533,1,3,121,1,3,50.0,0,I,MELB_URBAN,ROAD,6,17.0
105534,1,4,110,1,3,50.0,0,I,MELB_URBAN,HIGHWAY,6,17.0
105535,2,4,99,5,3,60.0,0,N,MELB_URBAN,ROAD,6,20.0
105536,1,3,113,2,5,60.0,0,I,MELB_URBAN,ROAD,6,19.0
105537,1,3,160,5,3,50.0,0,N,MELB_URBAN,STREET,6,19.0
105538,1,4,110,1,3,60.0,0,N,MELB_URBAN,ROAD,6,19.0
105539,8,3,174,2,3,60.0,0,I,MELB_URBAN,ROAD,6,21.0
105540,1,3,140,2,3,70.0,0,I,MELB_URBAN,ROAD,6,18.0
105541,4,3,171,5,5,60.0,0,N,RURAL_VICTORIA,ROAD,6,4.0
105542,6,3,174,1,1,70.0,0,I,MELB_URBAN,ROAD,6,15.0
105543,4,3,171,5,3,50.0,0,N,MELB_URBAN,STREET,6,22.0
105544,1,4,113,2,2,80.0,0,I,MELB_URBAN,ROAD,6,6.0
105545,1,3,163,5,3,40.0,0,N,MELBOURNE_CBD,STREET,6,23.0
105546,5,4,171,5,5,100.0,0,N,RURAL_VICTORIA,ROAD,6,22.0
105547,1,3,130,5,1,60.0,0,N,MELB_URBAN,STREET,4,16.0
105548,3,4,167,5,2,100.0,0,N,RURAL_VICTORIA,ROAD,6,7.0
105549,1,5,110,1,1,60.0,0,I,MELB_URBAN,STREET,6,7.0
105550,1,4,113,2,3,50.0,0,I,MELB_URBAN,STREET,6,6.0
105551,1,1,99,5,1,60.0,0,N,MELB_URBAN,AVENUE,6,11.0
105552,1,5,130,5,1,110.0,0,N,RURAL_VICTORIA,FREEWAY,6,8.0
105553,2,4,99,5,1,50.0,0,N,SMALL_CITIES,STREET,6,15.0
105554,1,3,120,5,1,100.0,0,N,RURAL_VICTORIA,UNKNOWN,6,14.0
105555,4,4,171,5,1,60.0,0,N,TOWNS,STREET,6,9.0
105556,1,5,130,5,1,100.0,0,N,MELB_URBAN,RAMP,6,9.0
105557,1,5,113,2,1,60.0,0,N,RURAL_VICTORIA,STREET,6,10.0
105558,1,5,130,5,9,60.0,0,N,MELB_URBAN,ROAD,4,7.0
105559,1,4,99,2,1,60.0,0,I,RURAL_VICTORIA,STREET,6,14.0
105560,8,5,170,2,1,50.0,0,N,MELB_URBAN,DRIVE,6,10.0
105561,6,3,184,5,1,60.0,0,I,LARGE_PROVINCIAL_CITIES,ROAD,6,16.0
105562,4,5,183,1,1,100.0,0,I,RURAL_VICTORIA,ROAD,6,8.0
105563,1,5,160,2,1,50.0,0,I,MELB_URBAN,STREET,6,13.0
105564,1,5,132,2,1,60.0,0,I,MELB_URBAN,ROAD,6,12.0
105565,8,4,174,5,3,50.0,0,N,MELB_URBAN,ROAD,6,18.0
105566,6,6,174,5,1,60.0,0,N,RURAL_VICTORIA,ROAD,6,12.0
105567,1,5,130,1,2,80.0,0,I,MELB_URBAN,HIGHWAY,6,16.0
105568,1,5,147,5,1,60.0,0,N,MELB_URBAN,OTHER,6,15.0
105569,8,5,121,2,3,70.0,0,I,MELB_URBAN,STREET,6,17.0
105570,1,5,132,1,5,80.0,0,I,LARGE_PROVINCIAL_CITIES,HIGHWAY,6,17.0
105571,1,5,113,2,6,60.0,0,I,LARGE_PROVINCIAL_CITIES,STREET,6,17.0
105572,1,4,130,5,3,60.0,0,N,MELB_URBAN,ROAD,6,17.0
105573,1,5,130,1,3,60.0,0,N,LARGE_PROVINCIAL_CITIES,STREET,6,18.0
105574,1,4,121,2,3,60.0,0,N,MELB_URBAN,ROAD,6,17.0
105575,1,3,163,5,1,60.0,0,N,MELB_URBAN,ROAD,6,11.0
105576,1,4,130,2,3,60.0,0,I,MELB_URBAN,ROAD,6,18.0
105577,1,5,116,2,3,60.0,0,I,MELB_URBAN,ROAD,6,18.0
105578,1,6,120,5,3,60.0,0,N,RURAL_VICTORIA,ROAD,5,5.0
105579,1,5,110,1,1,60.0,0,I,MELB_URBAN,ROAD,6,12.0
105580,2,5,102,1,3,60.0,0,I,MELB_URBAN,ROAD,6,19.0
105581,2,5,100,1,3,60.0,0,N,MELB_URBAN,ROAD,6,22.0
105582,4,5,173,5,1,100.0,1,N,RURAL_VICTORIA,ROAD,6,13.0
105583,2,5,99,5,3,40.0,0,N,MELB_URBAN,STREET,6,19.0
105584,1,4,121,1,1,60.0,0,I,RURAL_VICTORIA,ROAD,6,20.0
105585,4,5,173,2,3,100.0,0,N,RURAL_VICTORIA,HIGHWAY,6,2.0
105586,5,1,99,5,1,60.0,0,N,RURAL_VICTORIA,ROAD,6,10.0
105587,4,6,171,5,1,50.0,0,N,RURAL_VICTORIA,ROAD,6,13.0
105588,4,6,171,5,5,80.0,0,N,TOWNS,STREET,6,4.0
105589,2,5,100,1,1,60.0,0,I,MELB_URBAN,STREET,6,9.0
105590,4,4,171,5,2,60.0,0,N,SMALL_CITIES,STREET,6,17.0
105591,1,4,99,1,1,80.0,0,I,MELB_URBAN,ROAD,6,9.0
105592,1,3,130,5,1,60.0,0,N,SMALL_CITIES,STREET,6,8.0
105593,8,6,174,1,1,50.0,0,I,TOWNS,STREET,6,9.0
105594,2,4,100,1,3,70.0,0,I,LARGE_PROVINCIAL_CITIES,OTHER,6,19.0
105595,1,6,113,2,1,50.0,0,I,MELB_URBAN,STREET,6,14.0
105596,1,6,140,2,1,50.0,0,I,MELB_URBAN,HIGHWAY,6,14.0
105597,6,6,174,1,1,60.0,0,I,LARGE_PROVINCIAL_CITIES,STREET,6,15.0
105598,4,6,171,5,1,50.0,0,N,SMALL_CITIES,STREET,6,15.0
105599,1,5,99,1,3,60.0,0,N,MELB_URBAN,STREET,6,17.0
105600,8,6,99,5,1,100.0,0,N,RURAL_VICTORIA,OTHER,6,16.0
105601,1,6,113,2,2,80.0,0,N,RURAL_VICTORIA,ROAD,6,16.0
105602,1,5,133,5,2,100.0,0,N,MELB_URBAN,ROAD,6,17.0
105603,2,6,102,5,3,60.0,0,N,MELB_URBAN,STREET,6,18.0
105604,2,6,100,2,3,80.0,0,I,MELB_URBAN,ROAD,6,17.0
105605,1,5,113,2,2,100.0,0,I,RURAL_VICTORIA,ROAD,6,16.0
105606,2,3,99,5,2,50.0,0,N,MELB_URBAN,AVENUE,6,17.0
105607,1,6,130,5,2,60.0,0,N,MELB_URBAN,PARADE,6,17.0
105608,1,6,120,5,5,100.0,0,N,RURAL_VICTORIA,HIGHWAY,6,17.0
105609,1,5,121,2,3,60.0,0,I,MELB_URBAN,ROAD,6,18.0
105610,1,6,160,5,3,60.0,0,N,MELB_URBAN,ROAD,6,19.0
105611,4,7,99,2,3,90.0,0,I,RURAL_VICTORIA,ROAD,6,1.0
105612,1,6,121,1,1,50.0,0,I,MELB_URBAN,HIGHWAY,6,8.0
105613,1,6,130,5,1,80.0,0,N,MELB_URBAN,ROAD,6,9.0
105614,1,7,160,5,1,50.0,0,N,TOWNS,STREET,6,8.0
105615,4,6,171,2,1,80.0,0,I,MELB_URBAN,DRIVE,6,9.0
105616,1,6,99,2,1,70.0,0,I,MELB_URBAN,ROAD,6,12.0
105617,1,7,121,1,3,50.0,0,N,MELB_URBAN,ROAD,6,17.0
105618,2,7,99,2,1,60.0,0,N,MELB_URBAN,ROAD,6,13.0
105619,2,6,102,1,3,60.0,0,I,MELB_URBAN,HIGHWAY,6,17.0
105620,1,6,113,1,1,60.0,0,I,MELB_URBAN,ROAD,6,14.0
105621,4,6,99,1,1,50.0,0,I,MELB_URBAN,DRIVE,6,11.0
105622,1,7,160,5,1,50.0,0,N,MELB_URBAN,OTHER,6,8.0
105623,1,7,113,4,9,60.0,0,I,MELB_URBAN,ROAD,6,15.0
105624,1,6,130,4,1,100.0,0,I,MELB_URBAN,FREEWAY,6,15.0
105625,1,7,130,5,1,80.0,0,N,MELB_URBAN,HIGHWAY,6,16.0
105626,1,5,110,1,9,60.0,0,I,MELB_URBAN,AVENUE,6,17.0
105627,2,7,100,9,3,50.0,0,I,MELB_URBAN,ROAD,6,17.0
105628,2,7,100,5,1,40.0,0,N,MELB_URBAN,STREET,6,15.0
105629,2,4,102,1,3,60.0,0,I,MELB_URBAN,ROAD,6,20.0
105630,2,6,100,1,3,60.0,0,N,MELB_URBAN,ROAD,6,17.0
105631,2,6,99,5,1,60.0,0,N,LARGE_PROVINCIAL_CITIES,STREET,6,12.0
105632,2,1,99,5,3,50.0,1,N,TOWNS,STREET,6,0.0
105633,1,6,130,5,2,40.0,0,N,MELB_URBAN,ROAD,6,7.0
105634,2,0,99,5,2,50.0,0,N,MELB_URBAN,OTHER,6,6.0
105635,4,7,173,1,1,60.0,0,I,LARGE_PROVINCIAL_CITIES,ROAD,6,8.0
105636,1,6,132,2,1,60.0,0,I,MELB_URBAN,DRIVE,6,16.0
105637,4,1,181,5,1,100.0,0,N,RURAL_VICTORIA,ROAD,6,7.0
105638,1,0,99,1,1,60.0,0,I,MELB_URBAN,ROAD,6,6.0
105639,1,0,113,1,1,50.0,0,I,LARGE_PROVINCIAL_CITIES,ROAD,6,11.0
105640,4,7,173,5,5,100.0,0,N,RURAL_VICTORIA,ROAD,6,23.0
105641,4,0,99,5,1,50.0,0,N,SMALL_CITIES,STREET,6,10.0
105642,8,5,174,5,3,40.0,0,N,MELB_URBAN,ROAD,6,17.0
105643,1,0,121,1,1,60.0,0,I,MELB_URBAN,STREET,6,11.0
105644,1,0,130,5,1,80.0,0,N,MELB_URBAN,FREEWAY,6,14.0
105645,1,0,99,1,1,60.0,0,I,MELB_URBAN,STREET,6,14.0
105646,4,1,173,5,1,100.0,0,N,RURAL_VICTORIA,ROAD,6,13.0
105647,6,0,174,2,1,60.0,0,I,MELB_URBAN,ROAD,6,15.0
105648,1,1,160,5,3,60.0,0,N,MELB_URBAN,ROAD,6,17.0
105649,8,1,99,1,1,80.0,0,I,MELB_URBAN,ROAD,6,16.0
105650,1,0,113,1,5,60.0,0,I,MELB_URBAN,ROAD,6,17.0
105651,4,1,171,5,2,50.0,0,N,MELB_URBAN,OTHER,6,17.0
105652,1,1,99,5,3,50.0,0,N,MELB_URBAN,STREET,6,17.0
105653,1,1,110,1,1,80.0,1,I,RURAL_VICTORIA,ROAD,6,16.0
105654,1,1,111,2,3,60.0,0,I,MELB_URBAN,AVENUE,6,21.0
105655,1,5,130,5,5,100.0,0,N,RURAL_VICTORIA,OTHER,2,23.0
105656,1,1,160,5,3,50.0,0,N,MELB_URBAN,STREET,6,21.0
105657,1,0,130,1,3,60.0,0,I,MELB_URBAN,ROAD,6,21.0
105658,1,1,121,1,3,60.0,0,I,MELB_URBAN,STREET,6,20.0
105659,1,2,133,5,5,110.0,0,N,RURAL_VICTORIA,FREEWAY,6,5.0
105660,1,2,113,1,2,80.0,0,I,MELB_URBAN,STREET,6,6.0
105661,1,2,121,1,3,80.0,0,I,RURAL_VICTORIA,HIGHWAY,6,7.0
105662,1,1,130,5,1,80.0,0,N,RURAL_VICTORIA,HIGHWAY,6,7.0
105663,1,1,130,5,1,60.0,0,N,MELB_URBAN,ROAD,6,11.0
105664,1,1,113,2,1,110.0,0,I,SMALL_TOWNS,FREEWAY,6,10.0
105665,2,1,102,5,1,50.0,0,N,TOWNS,STREET,6,12.0
105666,1,2,121,1,1,50.0,0,I,TOWNS,STREET,6,8.0
105667,4,2,171,5,1,80.0,0,N,RURAL_VICTORIA,ROAD,6,8.0
105668,1,2,171,5,1,80.0,0,N,LARGE_PROVINCIAL_CITIES,OTHER,6,13.0
105669,1,2,121,1,1,100.0,0,I,RURAL_VICTORIA,ROAD,6,10.0
105670,8,4,174,5,1,100.0,0,N,RURAL_VICTORIA,HIGHWAY,6,14.0
105671,1,1,140,5,1,60.0,0,N,MELB_URBAN,STREET,6,10.0
105672,1,1,110,1,1,50.0,0,I,MELB_URBAN,STREET,6,8.0
105673,1,2,133,5,1,60.0,0,N,MELB_URBAN,ROAD,6,12.0
105674,1,6,160,2,1,50.0,0,I,MELB_URBAN,STREET,6,10.0
105675,1,1,135,5,1,60.0,0,N,MELB_URBAN,STREET,6,11.0
105676,1,1,135,5,1,60.0,0,N,MELB_URBAN,OTHER,6,8.0
105677,4,1,181,5,1,80.0,0,N,RURAL_VICTORIA,HIGHWAY,6,14.0
105678,2,2,100,9,1,60.0,0,N,MELB_URBAN,UNKNOWN,6,10.0
105679,2,2,102,2,1,60.0,0,I,MELB_URBAN,ROAD,6,15.0
105680,1,1,130,5,1,60.0,0,N,MELB_URBAN,ROAD,6,15.0
105681,4,2,99,5,1,50.0,1,N,MELB_URBAN,ROAD,6,15.0
105682,2,2,100,2,1,50.0,0,I,SMALL_CITIES,STREET,6,16.0
105683,1,2,120,5,5,100.0,0,N,MELB_URBAN,ROAD,6,18.0
105684,1,2,130,5,2,60.0,0,N,MELB_URBAN,ROAD,6,17.0
105685,1,1,110,1,3,60.0,0,I,MELB_URBAN,STREET,6,18.0
105686,1,2,130,5,1,80.0,0,N,RURAL_VICTORIA,ROAD,6,16.0