,accident_type,day_of_week,dca_code,road_geometry,light_condition,speed_zone,severity,node_type,deg_urban_name,road_type,month,hour
105687,4,2,173,5,1,100.0,0,N,RURAL_VICTORIA,HIGHWAY,6,15.0
105688,4,4,173,5,5,100.0,0,N,RURAL_VICTORIA,HIGHWAY,4,19.0
105689,1,1,130,5,3,100.0,0,N,MELB_URBAN,RAMP,6,18.0
105690,4,1,171,5,5,80.0,0,N,RURAL_VICTORIA,ROAD,6,21.0
105691,1,1,130,5,3,60.0,0,N,MELB_URBAN,ROAD,6,17.0
105692,1,2,99,5,5,40.0,1,N,MELB_URBAN,FREEWAY,6,19.0
105693,1,3,160,5,1,50.0,0,N,TOWNS,OTHER,6,7.0
105694,2,3,99,5,5,60.0,0,N,MELB_URBAN,DRIVE,6,1.0
105695,2,5,102,5,1,40.0,0,N,SMALL_CITIES,STREET,6,10.0
105696,1,3,99,1,2,70.0,0,I,MELB_URBAN,ROAD,6,6.0
105697,1,3,130,5,1,80.0,0,N,MELB_URBAN,ROAD,6,9.0
105698,1,5,130,1,1,50.0,0,I,MELB_URBAN,ROAD,6,16.0
105699,1,0,99,5,1,40.0,0,N,MELB_URBAN,ROAD,6,11.0
105700,1,4,173,5,3,80.0,0,N,MELB_URBAN,ROAD,6,0.0
105701,1,3,130,2,1,60.0,0,I,MELB_URBAN,ROAD,6,11.0
105702,1,2,130,2,1,80.0,0,I,MELB_URBAN,ROAD,6,13.0
105703,1,2,111,2,1,60.0,0,I,MELB_URBAN,STREET,6,8.0
105704,1,3,116,2,1,100.0,0,I,RURAL_VICTORIA,HIGHWAY,6,11.0
105705,1,4,110,1,1,60.0,0,I,MELB_URBAN,STREET,6,15.0
105706,1,2,147,5,1,50.0,0,N,MELB_URBAN,ROAD,6,12.0
105707,1,3,110,1,1,50.0,0,I,SMALL_CITIES,STREET,6,9.0
105708,5,3,171,5,1,50.0,0,N,MELB_URBAN,BOULEVARD,6,12.0
105709,1,3,130,5,1,100.0,0,N,MELB_URBAN,FREEWAY,6,9.0
105710,1,3,113,2,1,70.0,0,I,MELB_URBAN,HIGHWAY,6,13.0
105711,1,2,130,5,1,60.0,0,N,LARGE_PROVINCIAL_CITIES,ROAD,6,12.0
105712,1,2,111,1,1,50.0,0,I,MELB_URBAN,ROAD,6,14.0
105713,1,3,110,1,1,60.0,0,I,SMALL_CITIES,STREET,6,16.0
105714,1,2,130,5,3,60.0,0,N,MELB_URBAN,ROAD,6,1.0
105715,1,2,130,5,5,60.0,0,N,MELB_URBAN,STREET,6,17.0
105716,1,2,130,1,2,80.0,0,N,MELB_URBAN,OTHER,8,6.0
105717,4,3,171,5,1,100.0,0,N,RURAL_VICTORIA,HIGHWAY,6,16.0
105718,4,3,173,5,3,80.0,0,N,MELB_URBAN,ROAD,6,17.0
105719,1,7,99,5,2,60.0,0,N,MELB_URBAN,BOULEVARD,6,16.0
105720,1,3,99,5,3,70.0,0,N,MELB_URBAN,OTHER,6,17.0
105721,1,2,133,2,1,80.0,0,I,SMALL_CITIES,ROAD,5,14.0
105722,1,2,99,2,1,60.0,0,N,MELB_URBAN,ROAD,6,14.0
105723,3,3,167,5,3,60.0,0,N,MELB_URBAN,STREET,6,18.0
105724,6,3,99,5,5,100.0,0,N,RURAL_VICTORIA,ROAD,6,18.0
105725,1,3,99,5,3,40.0,0,I,RURAL_VICTORIA,ROAD,6,17.0
105726,1,3,121,2,3,60.0,0,I,MELB_URBAN,AVENUE,6,19.0
105727,1,3,110,1,1,80.0,0,I,RURAL_VICTORIA,ROAD,6,13.0
105728,1,3,140,5,3,50.0,0,N,MELB_URBAN,STREET,6,18.0
105729,1,3,160,5,3,60.0,0,N,MELB_URBAN,STREET,6,18.0
105730,1,3,99,5,1,50.0,0,N,SMALL_CITIES,STREET,6,13.0
105731,4,3,171,5,5,60.0,0,N,MELB_URBAN,ROAD,6,21.0
105732,4,3,171,5,5,100.0,0,N,RURAL_VICTORIA,ROAD,6,23.0
105733,4,4,173,5,3,60.0,0,N,MELB_URBAN,ROAD,6,5.0
105734,1,5,121,5,3,60.0,0,N,MELB_URBAN,ROAD,5,19.0
105735,2,3,102,1,3,50.0,0,I,MELB_URBAN,STREET,6,6.0
105736,4,4,99,2,1,50.0,0,I,MELB_URBAN,ROAD,6,7.0
105737,1,4,120,5,5,60.0,0,N,TOWNS,ROAD,6,6.0
105738,4,3,181,5,1,100.0,0,N,RURAL_VICTORIA,ROAD,6,8.0
105739,1,4,135,5,2,80.0,0,N,MELB_URBAN,ROAD,6,6.0
105740,1,3,113,2,1,100.0,0,I,RURAL_VICTORIA,ROAD,6,13.0
105741,1,2,163,5,1,60.0,0,N,MELB_URBAN,STREET,6,13.0
105742,1,4,113,2,1,80.0,0,I,RURAL_VICTORIA,ROAD,6,9.0
105743,1,3,121,1,2,80.0,0,I,MELB_URBAN,ROAD,6,7.0
105744,1,4,135,5,1,80.0,0,N,MELB_URBAN,FREEWAY,6,10.0
105745,4,4,173,5,1,100.0,0,N,RURAL_VICTORIA,ROAD,6,13.0
105746,8,7,170,5,1,100.0,0,N,RURAL_VICTORIA,ROAD,6,13.0
105747,1,4,99,2,1,80.0,0,I,MELB_URBAN,ROAD,6,12.0
105748,1,2,130,5,6,100.0,0,N,MELB_URBAN,FREEWAY,6,6.0
105749,1,4,110,1,1,100.0,0,I,RURAL_VICTORIA,ROAD,6,14.0
105750,1,4,99,5,2,60.0,0,N,MELB_URBAN,ROAD,6,16.0
105751,1,3,121,5,1,60.0,0,N,MELB_URBAN,ROAD,6,15.0
105752,1,3,121,2,1,60.0,0,I,MELB_URBAN,ROAD,6,16.0
105753,1,4,130,5,3,80.0,0,N,MELB_URBAN,HIGHWAY,6,18.0
105754,2,4,99,5,3,60.0,0,N,MELB_URBAN,ROAD,6,19.0
105755,2,4,100,1,3,60.0,0,I,MELB_URBAN,BOULEVARD,6,17.0
105756,6,4,99,5,1,100.0,0,N,RURAL_VICTORIA,ROAD,6,15.0
105757,4,4,181,5,5,60.0,0,N,RURAL_VICTORIA,OTHER,6,20.0
105758,2,4,102,1,3,60.0,0,I,MELB_URBAN,ROAD,6,20.0
105759,2,5,100,1,6,50.0,0,I,LARGE_PROVINCIAL_CITIES,STREET,6,6.0
105760,1,5,99,2,3,60.0,0,I,MELB_URBAN,ROAD,6,6.0
105761,2,5,100,2,6,60.0,0,I,MELB_URBAN,STREET,6,6.0
105762,1,3,130,5,1,60.0,0,N,LARGE_PROVINCIAL_CITIES,STREET,6,13.0
105763,2,5,99,5,1,60.0,0,N,MELB_URBAN,STREET,6,8.0
105764,1,4,130,1,1,60.0,0,I,MELB_URBAN,ROAD,6,7.0
105765,4,4,183,5,1,110.0,0,N,RURAL_VICTORIA,RAMP,6,8.0
105766,1,5,140,5,1,60.0,0,N,MELB_URBAN,ROAD,6,9.0
105767,1,4,130,5,1,80.0,0,N,MELB_URBAN,ROAD,6,15.0
105768,1,5,135,5,1,70.0,0,N,MELB_URBAN,ROAD,5,12.0
105769,1,5,135,5,2,80.0,0,N,MELB_URBAN,FREEWAY,6,7.0
105770,1,5,130,2,1,80.0,0,I,MELB_URBAN,ROAD,4,10.0
105771,6,2,174,2,1,60.0,0,I,MELB_URBAN,DRIVE,5,10.0
105772,6,5,99,5,1,100.0,0,N,RURAL_VICTORIA,ROAD,6,8.0
105773,2,4,100,1,3,60.0,0,I,MELB_URBAN,HIGHWAY,6,17.0
105774,1,5,110,1,1,50.0,0,I,MELB_URBAN,STREET,6,11.0
105775,2,4,100,5,1,40.0,0,N,MELB_URBAN,DRIVE,6,9.0
105776,2,5,102,1,1,40.0,0,I,MELB_URBAN,ROAD,6,7.0
105777,4,5,183,5,1,100.0,0,N,RURAL_VICTORIA,ROAD,6,12.0
105778,1,5,120,5,1,80.0,0,N,RURAL_VICTORIA,ROAD,6,13.0
105779,1,5,130,1,1,70.0,0,N,LARGE_PROVINCIAL_CITIES,ROAD,6,17.0
105780,1,5,130,5,1,80.0,0,N,MELB_URBAN,ROAD,6,16.0
105781,1,4,130,5,1,40.0,0,N,MELB_URBAN,STREET,6,15.0
105782,1,5,130,5,3,60.0,0,N,MELB_URBAN,BOULEVARD,6,17.0
105783,1,5,116,2,3,60.0,0,I,MELB_URBAN,STREET,6,18.0
105784,4,5,183,2,3,60.0,0,I,MELB_URBAN,ROAD,6,19.0
105785,2,4,100,2,3,50.0,0,I,MELB_URBAN,DRIVE,6,20.0
105786,2,3,100,1,3,50.0,0,I,SMALL_CITIES,STREET,6,18.0
105787,2,5,102,2,3,50.0,0,I,MELB_URBAN,ROAD,6,20.0
105788,1,5,110,1,1,50.0,0,I,MELB_URBAN,STREET,6,15.0
105789,2,5,100,2,2,40.0,0,N,MELB_URBAN,STREET,6,17.0
105790,1,5,133,5,3,80.0,0,N,MELB_URBAN,ROAD,6,20.0
105791,8,2,184,5,1,60.0,0,N,RURAL_VICTORIA,ROAD,6,14.0
105792,1,5,140,5,1,80.0,0,N,RURAL_VICTORIA,ROAD,6,14.0
105793,1,6,130,5,3,60.0,0,N,MELB_URBAN,ROAD,6,6.0
105794,1,5,110,1,1,60.0,0,I,MELB_URBAN,AVENUE,6,14.0
105795,1,3,160,5,3,50.0,0,N,MELB_URBAN,ROAD,6,18.0
105796,2,6,102,1,3,60.0,0,I,MELB_URBAN,ROAD,6,6.0
105797,1,6,113,2,3,70.0,0,I,MELB_URBAN,HIGHWAY,6,7.0
105798,1,5,135,5,2,80.0,0,N,MELB_URBAN,HIGHWAY,6,8.0
105799,1,5,110,1,3,60.0,0,I,MELB_URBAN,ROAD,6,17.0
105800,5,6,171,5,1,100.0,0,N,RURAL_VICTORIA,ROAD,6,8.0
105801,2,6,99,5,1,50.0,0,N,TOWNS,STREET,6,9.0
105802,1,6,130,5,1,60.0,0,N,RURAL_VICTORIA,ROAD,6,7.0
105803,4,5,173,2,5,100.0,0,I,RURAL_VICTORIA,HIGHWAY,6,22.0
105804,2,6,100,2,1,80.0,0,N,MELB_URBAN,ROAD,6,11.0
105805,1,6,163,5,1,40.0,0,N,MELB_URBAN,STREET,6,12.0
105806,2,3,99,3,1,40.0,0,I,MELB_URBAN,AVENUE,6,13.0
105807,1,5,110,1,1,50.0,0,I,MELB_URBAN,STREET,6,11.0
105808,1,6,121,2,1,50.0,0,I,MELB_URBAN,ROAD,6,11.0
105809,1,6,110,1,1,80.0,0,I,MELB_URBAN,ROAD,6,10.0
105810,1,6,113,2,1,60.0,0,I,MELB_URBAN,ROAD,6,11.0
105811,1,5,160,5,1,60.0,0,N,RURAL_VICTORIA,ROAD,6,12.0
105812,4,5,99,5,2,100.0,0,N,RURAL_VICTORIA,ROAD,6,7.0
105813,2,6,102,1,1,40.0,0,I,MELB_URBAN,STREET,6,9.0
105814,2,2,99,1,3,40.0,0,I,MELB_URBAN,ROAD,6,1.0
105815,1,6,135,5,1,100.0,0,N,RURAL_VICTORIA,FREEWAY,6,7.0
105816,1,6,121,1,1,60.0,0,I,MELB_URBAN,STREET,6,12.0
105817,6,6,170,5,1,100.0,0,N,RURAL_VICTORIA,ROAD,6,9.0
105818,1,6,140,5,2,80.0,0,N,MELB_URBAN,ROAD,6,7.0
105819,4,6,183,5,5,100.0,0,N,RURAL_VICTORIA,ROAD,6,6.0
105820,4,3,99,5,1,60.0,0,N,RURAL_VICTORIA,ROAD,6,14.0
105821,1,6,120,5,1,80.0,0,N,RURAL_VICTORIA,ROAD,6,16.0
105822,1,5,121,5,1,80.0,0,N,MELB_URBAN,HIGHWAY,6,16.0
105823,6,6,170,5,1,60.0,0,N,MELB_URBAN,STREET,6,15.0
105824,1,6,121,2,3,60.0,0,I,LARGE_PROVINCIAL_CITIES,ROAD,6,17.0
105825,2,6,100,2,1,60.0,0,N,MELB_URBAN,ROAD,6,15.0
105826,1,6,147,2,3,60.0,0,I,LARGE_PROVINCIAL_CITIES,STREET,6,17.0
105827,1,5,130,1,1,50.0,0,N,TOWNS,STREET,6,16.0
105828,1,6,130,5,3,60.0,0,N,MELB_URBAN,ROAD,6,17.0
105829,1,5,140,5,3,60.0,0,N,MELB_URBAN,ROAD,6,18.0
105830,1,5,110,1,2,50.0,0,I,SMALL_CITIES,STREET,6,17.0
105831,1,6,121,2,3,60.0,0,I,MELB_URBAN,STREET,6,18.0
105832,1,5,163,5,3,40.0,0,I,MELB_URBAN,STREET,6,18.0
105833,1,6,147,5,3,70.0,0,N,MELB_URBAN,ROAD,6,22.0
105834,4,5,171,2,3,70.0,0,I,MELB_URBAN,ROAD,6,19.0
105835,1,6,133,5,3,100.0,0,N,MELB_URBAN,ROAD,6,22.0
105836,1,7,130,5,3,60.0,0,N,MELB_URBAN,ROAD,5,18.0
105837,1,5,113,1,3,80.0,0,I,MELB_URBAN,ROAD,6,5.0
105838,4,6,99,2,3,60.0,0,I,MELB_URBAN,ROAD,6,4.0
105839,1,7,110,1,1,60.0,0,N,MELB_URBAN,ROAD,6,7.0
105840,6,5,174,5,1,40.0,0,N,MELB_URBAN,STREET,6,12.0
105841,1,7,160,2,1,50.0,0,I,MELB_URBAN,ROAD,6,10.0
105842,2,6,99,2,1,50.0,0,N,RURAL_VICTORIA,OTHER,6,11.0
105843,1,7,132,2,1,50.0,0,I,TOWNS,STREET,5,11.0
105844,8,7,174,5,1,50.0,0,N,SMALL_CITIES,ROAD,6,9.0
105845,1,6,110,1,1,40.0,0,I,MELB_URBAN,STREET,6,16.0
105846,1,6,132,2,1,80.0,0,N,MELB_URBAN,HIGHWAY,6,11.0
105847,6,7,184,5,1,60.0,0,N,RURAL_VICTORIA,ROAD,6,12.0
105848,8,7,170,5,1,60.0,0,N,MELB_URBAN,ROAD,6,12.0
105849,1,7,130,5,1,70.0,0,N,MELB_URBAN,ROAD,6,13.0
105850,2,4,100,2,1,60.0,0,N,MELB_URBAN,ROAD,6,15.0
105851,1,1,130,5,1,80.0,0,N,MELB_URBAN,DRIVE,6,10.0
105852,1,6,113,2,1,60.0,0,I,MELB_URBAN,ROAD,6,15.0
105853,1,7,113,2,1,60.0,0,I,MELB_URBAN,ROAD,6,16.0
105854,1,6,130,5,3,80.0,0,N,MELB_URBAN,ROAD,6,17.0
105855,1,6,121,1,1,60.0,0,N,MELB_URBAN,STREET,6,15.0
105856,4,7,171,5,1,80.0,0,N,RURAL_VICTORIA,ROAD,6,15.0
105857,1,7,99,2,3,80.0,0,I,RURAL_VICTORIA,ROAD,6,20.0
105858,1,7,121,5,3,60.0,0,N,MELB_URBAN,ROAD,6,19.0
105859,1,7,110,1,3,60.0,0,I,MELB_URBAN,STREET,6,23.0
105860,4,1,173,2,3,60.0,0,I,SMALL_CITIES,AVENUE,6,0.0
105861,3,6,167,5,5,80.0,0,N,RURAL_VICTORIA,ROAD,6,23.0
105862,1,6,110,1,3,60.0,0,I,MELB_URBAN,ROAD,6,23.0
105863,1,5,132,2,1,80.0,0,I,MELB_URBAN,HIGHWAY,6,16.0
105864,1,0,147,5,1,80.0,0,N,MELB_URBAN,HIGHWAY,6,9.0
105865,1,1,121,2,1,70.0,0,I,LARGE_PROVINCIAL_CITIES,HIGHWAY,6,7.0
105866,4,1,99,5,1,60.0,0,N,MELB_URBAN,STREET,6,8.0
105867,1,0,130,5,1,60.0,0,N,MELB_URBAN,ROAD,6,11.0
105868,1,1,113,1,1,60.0,0,I,MELB_URBAN,STREET,6,12.0
105869,4,0,173,5,1,80.0,0,N,MELB_URBAN,HIGHWAY,6,12.0
105870,8,1,174,5,1,100.0,0,N,RURAL_VICTORIA,ROAD,6,11.0
105871,1,1,140,5,1,60.0,0,N,MELB_URBAN,ROAD,6,11.0
105872,1,0,130,2,1,60.0,0,I,MELB_URBAN,ROAD,6,14.0
105873,1,5,121,1,1,80.0,0,I,MELB_URBAN,HIGHWAY,6,9.0
105874,1,0,135,5,1,80.0,0,N,MELB_URBAN,RAMP,6,13.0
105875,1,1,140,5,1,80.0,0,N,MELB_URBAN,ROAD,6,15.0
105876,1,0,110,1,1,80.0,0,I,SMALL_CITIES,HIGHWAY,6,13.0
105877,1,1,160,5,1,60.0,0,N,RURAL_VICTORIA,ROAD,6,15.0
105878,1,0,121,2,3,60.0,0,I,MELB_URBAN,STREET,6,18.0
105879,1,6,110,1,1,40.0,0,I,MELB_URBAN,STREET,6,16.0
105880,4,7,171,5,5,60.0,0,N,RURAL_VICTORIA,ROAD,6,23.0
105881,1,1,130,2,1,80.0,0,N,MELB_URBAN,STREET,6,16.0
105882,6,0,174,5,1,50.0,0,N,MELB_URBAN,AVENUE,6,15.0
105883,1,1,111,2,5,80.0,0,I,RURAL_VICTORIA,ROAD,6,17.0
105884,1,1,121,2,5,60.0,0,I,MELB_URBAN,ROAD,6,19.0
105885,1,1,130,5,1,110.0,0,N,RURAL_VICTORIA,FREEWAY,6,15.0
105886,1,1,130,5,3,100.0,0,N,RURAL_VICTORIA,FREEWAY,6,17.0
105887,4,0,171,5,3,50.0,0,I,MELB_URBAN,ROAD,6,18.0
105888,1,1,113,1,3,80.0,0,I,MELB_URBAN,HIGHWAY,6,19.0
105889,4,1,183,5,3,60.0,0,N,MELB_URBAN,RAMP,6,1.0
105890,1,1,160,5,5,100.0,0,N,RURAL_VICTORIA,ROAD,6,19.0
105891,1,0,160,5,3,50.0,0,N,MELB_URBAN,DRIVE,6,23.0
105892,4,0,173,5,2,110.0,0,N,RURAL_VICTORIA,FREEWAY,6,7.0
105893,1,2,130,5,2,80.0,0,N,MELB_URBAN,HIGHWAY,6,6.0
105894,4,6,171,5,1,100.0,0,N,RURAL_VICTORIA,ROAD,6,12.0
105895,2,2,102,1,1,40.0,0,I,MELB_URBAN,STREET,6,8.0
105896,1,2,110,1,1,80.0,0,I,MELB_URBAN,ROAD,6,9.0
105897,1,2,130,5,1,60.0,0,N,SMALL_CITIES,ROAD,6,8.0
105898,1,0,130,2,1,60.0,0,I,MELB_URBAN,DRIVE,6,12.0
105899,2,2,99,5,1,60.0,0,N,MELB_URBAN,UNKNOWN,6,8.0
105900,2,2,102,1,3,60.0,0,I,MELB_URBAN,ROAD,6,6.0
105901,4,2,99,5,1,60.0,0,N,MELB_URBAN,ROAD,6,11.0
105902,1,2,121,1,1,40.0,0,I,MELB_URBAN,STREET,6,12.0
105903,1,5,147,5,1,60.0,0,N,MELB_URBAN,BOULEVARD,6,14.0
105904,4,1,171,5,1,100.0,0,N,RURAL_VICTORIA,ROAD,6,11.0
105905,1,1,110,1,1,60.0,0,I,SMALL_TOWNS,STREET,6,11.0
105906,1,2,132,1,1,60.0,0,I,MELB_URBAN,HIGHWAY,6,15.0
105907,1,2,99,5,1,40.0,0,N,MELB_URBAN,ROAD,6,14.0
105908,1,6,130,5,1,80.0,0,N,MELB_URBAN,ROAD,6,9.0
105909,4,6,181,5,1,100.0,0,N,RURAL_VICTORIA,ROAD,10,14.0
105910,2,2,99,5,1,80.0,0,N,MELB_URBAN,ROAD,6,15.0
105911,1,5,130,5,1,60.0,0,N,MELB_URBAN,ROAD,5,7.0
105912,1,1,130,5,2,50.0,0,N,MELB_URBAN,ROAD,6,7.0
105913,1,2,110,1,1,50.0,0,I,MELB_URBAN,STREET,6,16.0
105914,2,2,102,5,1,80.0,0,N,MELB_URBAN,ROAD,6,15.0
105915,1,2,110,1,3,60.0,0,I,MELB_URBAN,ROAD,6,17.0
105916,1,2,113,2,1,60.0,0,I,MELB_URBAN,ROAD,6,15.0
105917,2,2,102,5,3,60.0,0,N,MELB_URBAN,ROAD,6,18.0
105918,1,1,130,5,5,60.0,0,N,MELB_URBAN,ROAD,6,17.0
105919,1,1,121,1,1,60.0,0,I,MELB_URBAN,ROAD,6,16.0
105920,1,2,130,5,3,100.0,0,N,MELB_URBAN,FREEWAY,6,18.0
105921,2,2,99,5,9,50.0,0,N,SMALL_CITIES,ROAD,6,8.0
105922,1,2,120,5,5,100.0,0,N,RURAL_VICTORIA,HIGHWAY,6,20.0
105923,1,1,110,1,3,60.0,0,I,SMALL_CITIES,STREET,6,18.0
105924,1,6,113,2,1,60.0,0,I,SMALL_CITIES,AVENUE,6,13.0
105925,4,3,99,2,3,60.0,0,N,MELB_URBAN,ROAD,6,2.0
105926,1,2,99,5,3,60.0,0,N,MELB_URBAN,BOULEVARD,6,20.0
105927,1,2,110,1,1,100.0,0,I,RURAL_VICTORIA,ROAD,6,16.0
105928,1,2,147,5,1,80.0,0,N,MELB_URBAN,ROAD,6,8.0
105929,1,3,134,5,1,100.0,0,N,MELB_URBAN,RAMP,6,7.0
105930,1,3,163,5,1,60.0,0,N,MELB_URBAN,ROAD,6,8.0
105931,1,3,130,4,1,80.0,0,I,MELB_URBAN,ROAD,6,10.0
105932,1,2,99,1,1,40.0,0,I,MELB_URBAN,STREET,6,9.0
105933,1,6,99,2,3,60.0,0,I,MELB_URBAN,ROAD,5,19.0
105934,1,3,111,2,1,70.0,0,N,MELB_URBAN,ROAD,6,11.0
105935,1,4,99,1,6,80.0,0,I,MELB_URBAN,ROAD,6,18.0
105936,2,3,99,5,1,60.0,0,N,LARGE_PROVINCIAL_CITIES,ROAD,6,13.0
105937,8,2,99,5,2,80.0,0,N,MELB_URBAN,ROAD,6,17.0
105938,1,2,132,2,1,60.0,0,I,MELB_URBAN,ROAD,6,10.0
105939,1,3,130,5,1,70.0,0,N,MELB_URBAN,ROAD,6,9.0
105940,1,3,130,5,1,80.0,0,N,MELB_URBAN,HIGHWAY,6,11.0
105941,6,6,174,5,3,60.0,0,N,MELB_URBAN,ROAD,6,19.0
105942,1,2,111,1,1,40.0,0,I,MELB_URBAN,AVENUE,6,10.0
105943,1,1,116,2,2,80.0,0,I,MELB_URBAN,ROAD,6,17.0
105944,1,3,116,1,1,60.0,0,I,MELB_URBAN,STREET,6,15.0
105945,4,3,183,5,1,100.0,0,N,RURAL_VICTORIA,ROAD,6,15.0
105946,1,3,120,5,1,100.0,0,N,RURAL_VICTORIA,HIGHWAY,6,16.0
105947,1,3,147,5,6,60.0,0,N,MELB_URBAN,ROAD,6,6.0
105948,2,3,99,5,1,60.0,0,N,MELB_URBAN,ROAD,6,16.0
105949,1,3,130,5,2,100.0,0,N,MELB_URBAN,ROAD,6,17.0
105950,8,5,174,5,2,100.0,0,N,MELB_URBAN,FREEWAY,6,18.0
105951,2,3,100,5,1,60.0,0,N,MELB_URBAN,STREET,6,15.0
105952,4,3,173,5,5,80.0,0,N,MELB_URBAN,HIGHWAY,6,19.0
105953,1,6,135,5,3,100.0,0,N,MELB_URBAN,FREEWAY,6,17.0
105954,1,3,121,1,3,60.0,0,I,MELB_URBAN,ROAD,6,19.0
105955,1,3,110,1,3,60.0,0,I,MELB_URBAN,ROAD,6,19.0
105956,1,3,130,1,3,80.0,0,I,MELB_URBAN,HIGHWAY,6,22.0
105957,1,2,130,5,3,80.0,0,N,MELB_URBAN,UNKNOWN,6,18.0
105958,1,3,147,5,3,60.0,0,N,MELB_URBAN,ROAD,6,21.0
105959,2,2,100,1,3,50.0,0,I,MELB_URBAN,ROAD,6,23.0
105960,1,3,140,5,1,50.0,0,N,MELB_URBAN,STREET,6,9.0
105961,1,2,130,1,1,80.0,0,N,MELB_URBAN,ROAD,6,9.0
105962,8,7,174,1,3,60.0,0,I,MELB_URBAN,STREET,5,0.0
105963,2,4,100,1,2,60.0,0,I,MELB_URBAN,STREET,6,7.0
105964,1,4,147,5,3,60.0,0,N,TOWNS,OTHER,6,6.0
105965,1,3,110,1,1,50.0,0,I,MELB_URBAN,STREET,6,8.0
105966,1,3,130,1,1,60.0,0,N,MELB_URBAN,ROAD,6,9.0
105967,1,4,163,5,1,70.0,0,N,MELB_URBAN,ROAD,6,9.0
105968,4,4,181,5,1,80.0,0,N,RURAL_VICTORIA,ROAD,6,8.0
105969,1,7,121,2,9,60.0,0,N,SMALL_CITIES,ROAD,6,13.0
105970,1,4,110,1,1,50.0,0,I,LARGE_PROVINCIAL_CITIES,STREET,6,11.0
105971,1,4,130,5,1,50.0,0,N,TOWNS,ROAD,6,11.0
105972,1,7,111,2,1,60.0,0,I,MELB_URBAN,UNKNOWN,6,14.0
105973,1,4,113,2,1,60.0,0,I,MELB_URBAN,UNKNOWN,6,10.0
105974,1,3,130,5,1,80.0,0,N,MELB_URBAN,HIGHWAY,6,12.0
105975,1,4,130,2,2,50.0,0,I,LARGE_PROVINCIAL_CITIES,STREET,5,17.0
105976,1,3,110,4,1,50.0,0,I,LARGE_PROVINCIAL_CITIES,STREET,6,8.0
105977,1,7,121,2,1,50.0,0,N,SMALL_CITIES,ROAD,6,13.0
105978,2,1,100,2,1,50.0,0,I,LARGE_PROVINCIAL_CITIES,STREET,4,8.0
105979,4,3,171,5,1,100.0,0,N,RURAL_VICTORIA,HIGHWAY,6,7.0
105980,1,3,99,1,1,60.0,0,I,LARGE_PROVINCIAL_CITIES,UNKNOWN,6,12.0
105981,2,4,100,2,1,30.0,0,O,LARGE_PROVINCIAL_CITIES,UNKNOWN,6,15.0
105982,1,4,110,1,1,60.0,0,I,MELB_URBAN,STREET,6,9.0
105983,1,4,160,5,1,50.0,0,N,MELB_URBAN,STREET,6,11.0
105984,1,1,111,2,9,40.0,0,I,MELB_URBAN,STREET,6,20.0
105985,1,4,116,1,1,80.0,0,I,MELB_URBAN,ROAD,6,15.0
105986,2,4,102,1,1,60.0,0,I,MELB_URBAN,ROAD,6,14.0
105987,2,3,100,2,1,60.0,0,I,MELB_URBAN,ROAD,6,16.0
105988,1,4,110,1,2,60.0,0,I,MELB_URBAN,STREET,6,17.0
105989,1,4,99,2,1,50.0,0,I,MELB_URBAN,STREET,6,16.0
105990,1,3,113,2,2,70.0,0,I,SMALL_CITIES,AVENUE,6,17.0
105991,1,4,113,2,1,60.0,0,I,LARGE_PROVINCIAL_CITIES,ROAD,6,14.0
105992,4,3,171,5,1,50.0,0,N,MELB_URBAN,ROAD,6,16.0
105993,1,4,130,5,3,80.0,0,N,MELB_URBAN,FREEWAY,6,18.0
105994,6,4,99,3,2,60.0,0,I,MELB_URBAN,ROAD,6,16.0
105995,1,3,130,5,3,80.0,0,N,MELB_URBAN,OTHER,6,18.0
105996,2,4,100,5,2,60.0,0,N,MELB_URBAN,ROAD,6,17.0
105997,1,3,110,1,3,60.0,0,I,MELB_URBAN,STREET,6,18.0
105998,1,4,120,5,1,100.0,1,N,RURAL_VICTORIA,ROAD,6,16.0
105999,1,3,121,1,3,60.0,0,I,LARGE_PROVINCIAL_CITIES,STREET,6,18.0
106000,2,3,99,5,5,100.0,0,N,TOWNS,ROAD,6,19.0
106001,7,4,184,1,2,50.0,0,I,MELB_URBAN,AVENUE,6,17.0
106002,1,4,132,1,3,60.0,0,N,MELB_URBAN,RAMP,6,22.0
106003,1,4,173,1,1,60.0,0,N,MELB_URBAN,ROAD,6,10.0
106004,4,4,171,5,3,80.0,0,N,MELB_URBAN,ROAD,6,3.0
106005,8,4,99,2,1,60.0,1,I,MELB_URBAN,ROAD,6,8.0
106006,1,1,163,5,3,40.0,0,N,MELBOURNE_CBD,STREET,6,19.0
106007,8,5,174,2,1,60.0,0,I,MELB_URBAN,STREET,6,7.0
106008,2,5,102,1,1,60.0,0,I,MELB_URBAN,ROAD,6,7.0
106009,2,5,102,2,1,60.0,0,N,MELB_URBAN,ROAD,6,9.0
106010,9,2,99,5,9,60.0,0,N,LARGE_PROVINCIAL_CITIES,OTHER,6,12.0
106011,1,5,113,2,1,50.0,0,I,MELB_URBAN,AVENUE,6,9.0
106012,2,5,100,1,1,50.0,0,I,LARGE_PROVINCIAL_CITIES,STREET,6,8.0
106013,1,5,130,2,1,100.0,0,I,RURAL_VICTORIA,ROAD,6,7.0
106014,1,5,113,2,1,80.0,0,I,RURAL_VICTORIA,ROAD,6,9.0