,accident_type,day_of_week,dca_code,road_geometry,light_condition,speed_zone,severity,node_type,deg_urban_name,road_type,month,hour
106015,3,5,167,5,9,100.0,0,N,RURAL_VICTORIA,ROAD,6,8.0
106016,1,5,110,1,1,40.0,0,I,MELB_URBAN,STREET,6,9.0
106017,2,6,102,5,9,40.0,0,N,MELB_URBAN,OTHER,6,15.0
106018,1,4,110,1,1,60.0,0,I,SMALL_CITIES,STREET,6,12.0
106019,4,5,99,5,1,50.0,0,N,MELB_URBAN,ROAD,6,9.0
106020,1,7,132,5,1,60.0,0,N,MELB_URBAN,STREET,5,15.0
106021,4,5,181,5,1,100.0,0,N,RURAL_VICTORIA,ROAD,6,8.0
106022,1,4,130,5,1,80.0,0,N,MELB_URBAN,OTHER,6,10.0
106023,1,5,132,5,1,60.0,0,N,RURAL_VICTORIA,ROAD,6,9.0
106024,1,5,121,2,1,100.0,0,I,RURAL_VICTORIA,ROAD,6,12.0
106025,1,5,121,2,1,80.0,0,N,MELB_URBAN,AVENUE,6,15.0
106026,1,5,113,4,1,80.0,0,I,RURAL_VICTORIA,ROAD,6,16.0
106027,4,4,173,5,1,80.0,0,N,RURAL_VICTORIA,ROAD,6,14.0
106028,1,5,121,1,3,80.0,0,N,MELB_URBAN,HIGHWAY,6,17.0
106029,1,5,135,5,2,100.0,0,N,MELB_URBAN,FREEWAY,6,16.0
106030,1,6,111,2,3,70.0,0,I,MELB_URBAN,ROAD,6,20.0
106031,2,5,100,1,1,60.0,1,I,TOWNS,STREET,6,14.0
106032,4,1,173,5,9,60.0,0,N,RURAL_VICTORIA,ROAD,4,16.0
106033,1,4,133,5,3,50.0,0,N,MELB_URBAN,STREET,6,19.0
106034,1,5,121,1,3,60.0,0,I,MELB_URBAN,ROAD,6,19.0
106035,1,5,120,5,1,60.0,0,N,MELB_URBAN,ROAD,6,17.0
106036,1,5,135,5,1,60.0,0,N,MELB_URBAN,STREET,5,15.0
106037,1,4,110,1,3,50.0,0,I,MELB_URBAN,OTHER,6,19.0
106038,4,5,171,5,1,50.0,0,N,RURAL_VICTORIA,BOULEVARD,6,16.0
106039,1,5,110,1,3,50.0,0,I,MELB_URBAN,STREET,6,17.0
106040,2,5,102,1,1,60.0,0,I,MELB_URBAN,ROAD,6,18.0
106041,1,5,99,1,3,60.0,0,I,MELB_URBAN,ROAD,6,23.0
106042,4,5,183,5,5,100.0,0,N,RURAL_VICTORIA,HIGHWAY,6,23.0
106043,6,5,99,5,5,100.0,0,N,RURAL_VICTORIA,ROAD,6,23.0
106044,1,5,147,5,3,60.0,0,N,MELB_URBAN,ROAD,6,2.0
106045,8,6,174,1,1,60.0,0,I,MELB_URBAN,STREET,6,7.0
106046,1,6,130,5,5,100.0,0,N,RURAL_VICTORIA,FREEWAY,6,4.0
106047,1,5,121,1,1,80.0,0,I,MELB_URBAN,ROAD,6,7.0
106048,2,4,100,5,1,80.0,0,N,MELB_URBAN,HIGHWAY,6,14.0
106049,1,3,132,5,1,60.0,0,N,MELB_URBAN,ROAD,6,15.0
106050,1,3,130,5,2,60.0,0,N,MELB_URBAN,ROAD,6,6.0
106051,1,5,160,5,1,50.0,0,N,MELB_URBAN,DRIVE,6,8.0
106052,1,5,121,1,1,60.0,0,I,TOWNS,STREET,6,9.0
106053,1,6,130,2,1,60.0,0,I,MELB_URBAN,ROAD,6,9.0
106054,1,6,113,1,1,100.0,0,I,RURAL_VICTORIA,ROAD,6,11.0
106055,8,6,174,5,3,60.0,0,N,MELB_URBAN,UNKNOWN,6,6.0
106056,1,6,147,8,1,60.0,0,N,SMALL_CITIES,STREET,6,12.0
106057,1,6,113,1,1,60.0,0,I,MELB_URBAN,ROAD,6,9.0
106058,4,6,99,5,1,110.0,0,N,RURAL_VICTORIA,FREEWAY,6,12.0
106059,4,6,173,1,1,60.0,0,I,MELB_URBAN,ROAD,6,11.0
106060,1,5,130,1,1,60.0,0,I,MELB_URBAN,ROAD,6,13.0
106061,1,6,130,5,1,80.0,0,N,MELB_URBAN,UNKNOWN,6,12.0
106062,1,6,110,1,1,40.0,0,I,LARGE_PROVINCIAL_CITIES,STREET,6,13.0
106063,1,3,160,5,5,60.0,0,N,MELB_URBAN,STREET,6,6.0
106064,1,6,130,5,1,70.0,0,N,LARGE_PROVINCIAL_CITIES,ROAD,6,16.0
106065,8,6,184,5,1,80.0,0,N,MELB_URBAN,RAMP,6,16.0
106066,1,5,121,2,1,60.0,0,I,MELB_URBAN,ROAD,6,16.0
106067,2,6,100,1,1,50.0,1,I,MELB_URBAN,STREET,6,12.0
106068,8,6,99,5,1,60.0,0,N,RURAL_VICTORIA,ROAD,6,8.0
106069,7,6,99,5,3,50.0,0,N,MELB_URBAN,STREET,6,1.0
106070,2,5,102,5,1,60.0,0,N,TOWNS,STREET,6,8.0
106071,2,5,102,5,1,60.0,0,N,MELB_URBAN,STREET,6,16.0
106072,1,6,121,1,3,60.0,0,I,MELB_URBAN,ROAD,6,17.0
106073,1,5,147,5,3,40.0,0,N,MELB_URBAN,STREET,6,19.0
106074,1,6,140,5,1,60.0,0,N,RURAL_VICTORIA,ROAD,6,17.0
106075,1,3,147,5,1,60.0,0,N,MELB_URBAN,ROAD,4,16.0
106076,2,6,100,5,1,60.0,0,N,MELB_URBAN,ROAD,6,14.0
106077,3,5,167,5,5,100.0,0,N,RURAL_VICTORIA,ROAD,6,19.0
106078,1,6,121,2,1,60.0,0,I,MELB_URBAN,STREET,6,14.0
106079,1,6,130,2,3,60.0,0,I,MELB_URBAN,ROAD,6,19.0
106080,1,6,121,3,1,80.0,0,I,RURAL_VICTORIA,ROAD,6,15.0
106081,1,6,160,5,4,60.0,0,N,MELB_URBAN,STREET,6,22.0
106082,1,6,121,1,1,50.0,0,I,MELB_URBAN,ROAD,6,14.0
106083,1,5,160,5,3,50.0,0,N,MELB_URBAN,ROAD,6,21.0
106084,1,6,110,1,5,80.0,0,I,RURAL_VICTORIA,ROAD,6,17.0
106085,4,7,99,5,3,80.0,0,N,MELB_URBAN,ROAD,6,1.0
106086,1,6,99,5,3,60.0,0,N,RURAL_VICTORIA,BOULEVARD,6,23.0
106087,4,7,173,5,3,60.0,0,N,TOWNS,STREET,6,3.0
106088,1,7,121,2,3,80.0,0,N,MELB_URBAN,HIGHWAY,6,6.0
106089,1,7,130,5,1,60.0,0,N,MELB_URBAN,FREEWAY,6,8.0
106090,1,6,130,5,1,100.0,0,N,MELB_URBAN,RAMP,6,15.0
106091,1,7,130,5,5,110.0,0,N,RURAL_VICTORIA,FREEWAY,6,6.0
106092,1,7,99,1,1,80.0,0,I,MELB_URBAN,ROAD,6,11.0
106093,1,7,110,1,1,60.0,0,I,MELB_URBAN,HIGHWAY,6,8.0
106094,1,5,121,1,1,60.0,0,I,MELB_URBAN,STREET,6,10.0
106095,1,6,110,1,2,60.0,0,I,MELB_URBAN,ROAD,6,7.0
106096,4,7,99,5,1,50.0,0,N,MELB_URBAN,STREET,6,11.0
106097,1,7,113,2,1,60.0,0,I,SMALL_CITIES,ROAD,6,10.0
106098,1,5,163,5,1,60.0,0,N,MELB_URBAN,STREET,6,16.0
106099,1,1,121,1,1,40.0,0,I,MELB_URBAN,ROAD,6,16.0
106100,2,3,99,5,1,40.0,0,N,MELB_URBAN,ROAD,6,8.0
106101,2,6,99,8,1,60.0,0,N,MELB_URBAN,STREET,6,14.0
106102,1,6,130,5,1,100.0,0,N,MELB_URBAN,FREEWAY,6,14.0
106103,8,3,174,1,1,60.0,0,I,MELB_URBAN,ROAD,5,16.0
106104,4,7,173,5,1,60.0,0,N,LARGE_PROVINCIAL_CITIES,STREET,6,14.0
106105,1,6,99,5,3,60.0,0,N,MELB_URBAN,AVENUE,6,17.0
106106,4,7,181,5,1,80.0,0,N,RURAL_VICTORIA,ROAD,6,14.0
106107,1,6,121,1,3,60.0,0,I,SMALL_CITIES,DRIVE,6,18.0
106108,1,7,110,1,1,50.0,0,I,LARGE_PROVINCIAL_CITIES,STREET,6,8.0
106109,3,4,167,5,2,100.0,0,N,RURAL_VICTORIA,ROAD,6,17.0
106110,4,7,173,5,5,110.0,1,N,RURAL_VICTORIA,HIGHWAY,6,1.0
106111,2,6,99,5,3,40.0,0,N,LARGE_PROVINCIAL_CITIES,STREET,6,19.0
106112,4,7,171,5,2,100.0,0,N,RURAL_VICTORIA,ROAD,6,17.0
106113,1,7,130,5,2,70.0,0,N,MELB_URBAN,ROAD,6,16.0
106114,4,7,171,5,3,50.0,0,N,MELB_URBAN,OTHER,6,17.0
106115,2,7,99,5,3,50.0,0,N,MELB_URBAN,ROAD,6,17.0
106116,8,6,174,1,3,60.0,0,I,MELB_URBAN,ROAD,6,19.0
106117,4,7,183,5,5,80.0,0,N,RURAL_VICTORIA,ROAD,6,22.0
106118,1,7,130,5,5,100.0,0,N,MELB_URBAN,FREEWAY,6,22.0
106119,2,0,100,5,3,60.0,0,N,MELB_URBAN,STREET,6,0.0
106120,2,7,102,4,3,70.0,0,I,MELB_URBAN,ROAD,6,22.0
106121,1,0,130,1,3,60.0,0,N,MELB_URBAN,ROAD,6,4.0
106122,4,7,181,5,5,100.0,0,N,RURAL_VICTORIA,HIGHWAY,6,7.0
106123,1,2,99,5,3,40.0,0,N,MELB_URBAN,UNKNOWN,2,20.0
106124,1,4,140,1,1,60.0,0,I,MELB_URBAN,STREET,6,15.0
106125,4,1,171,1,1,60.0,0,I,TOWNS,STREET,6,9.0
106126,4,1,171,1,3,60.0,1,N,LARGE_PROVINCIAL_CITIES,STREET,6,5.0
106127,1,6,130,1,9,50.0,0,I,MELB_URBAN,STREET,6,14.0
106128,1,7,132,1,1,60.0,0,I,MELB_URBAN,ROAD,6,11.0
106129,1,6,99,5,1,60.0,0,N,MELB_URBAN,STREET,5,8.0
106130,2,1,99,1,1,60.0,0,N,MELB_URBAN,ROAD,6,12.0
106131,1,1,113,2,1,70.0,0,I,MELB_URBAN,UNKNOWN,6,12.0
106132,2,1,99,5,1,40.0,0,N,MELBOURNE_CBD,STREET,6,12.0
106133,1,0,99,1,1,60.0,0,I,MELB_URBAN,STREET,6,12.0
106134,2,7,100,1,3,60.0,0,I,MELB_URBAN,STREET,6,18.0
106135,4,1,173,5,1,60.0,0,N,MELB_URBAN,ROAD,6,12.0
106136,1,1,110,1,1,100.0,0,I,RURAL_VICTORIA,HIGHWAY,6,12.0
106137,1,1,171,5,1,50.0,0,N,MELB_URBAN,ROAD,6,11.0
106138,4,1,181,5,1,100.0,0,N,RURAL_VICTORIA,ROAD,6,12.0
106139,1,6,160,5,3,60.0,0,N,MELB_URBAN,ROAD,6,20.0
106140,1,1,99,2,1,80.0,0,N,RURAL_VICTORIA,ROAD,6,15.0
106141,1,0,130,2,1,60.0,0,I,MELB_URBAN,ROAD,6,16.0
106142,4,1,181,5,1,100.0,0,N,RURAL_VICTORIA,ROAD,6,14.0
106143,1,1,121,1,3,40.0,0,I,MELB_URBAN,STREET,6,18.0
106144,1,1,99,5,3,100.0,0,N,MELB_URBAN,ROAD,6,17.0
106145,5,6,99,5,1,60.0,0,N,RURAL_VICTORIA,ROAD,6,11.0
106146,1,0,110,1,3,70.0,0,I,MELB_URBAN,ROAD,6,19.0
106147,3,0,167,5,5,100.0,0,N,RURAL_VICTORIA,ROAD,6,19.0
106148,4,1,173,5,3,80.0,0,N,MELB_URBAN,ROAD,6,19.0
106149,4,1,173,5,3,60.0,0,N,MELB_URBAN,ROAD,6,23.0
106150,1,6,99,2,3,80.0,0,I,MELB_URBAN,ROAD,6,17.0
106151,4,2,173,3,3,60.0,0,N,MELB_URBAN,ROAD,7,0.0
106152,1,2,99,5,3,60.0,0,N,SMALL_CITIES,AVENUE,7,5.0
106153,1,2,120,5,5,60.0,1,N,MELB_URBAN,DRIVE,7,0.0
106154,1,2,113,2,1,60.0,0,I,LARGE_PROVINCIAL_CITIES,ROAD,7,8.0
106155,1,3,130,1,2,100.0,0,I,MELB_URBAN,ROAD,6,17.0
106156,1,2,121,1,1,40.0,0,I,MELB_URBAN,ROAD,7,9.0
106157,1,1,133,5,1,110.0,0,N,RURAL_VICTORIA,FREEWAY,7,10.0
106158,2,4,99,4,9,50.0,0,I,LARGE_PROVINCIAL_CITIES,AVENUE,4,18.0
106159,2,2,100,5,1,60.0,0,N,MELB_URBAN,AVENUE,7,11.0
106160,3,4,167,5,2,100.0,0,N,RURAL_VICTORIA,ROAD,6,17.0
106161,2,2,102,1,1,50.0,0,I,MELB_URBAN,ROAD,7,11.0
106162,1,4,121,2,1,50.0,0,I,MELB_URBAN,ROAD,5,8.0
106163,1,1,130,5,1,100.0,0,N,MELB_URBAN,ROAD,7,11.0
106164,1,2,130,5,1,80.0,0,N,MELB_URBAN,ROAD,7,12.0
106165,1,1,130,5,1,100.0,0,N,MELB_URBAN,FREEWAY,7,8.0
106166,1,2,130,5,1,100.0,0,N,MELB_URBAN,FREEWAY,7,14.0
106167,1,2,135,5,1,60.0,0,N,MELB_URBAN,ROAD,7,11.0
106168,4,2,181,5,1,50.0,0,N,MELB_URBAN,ROAD,7,15.0
106169,1,2,130,5,1,80.0,0,N,MELB_URBAN,ROAD,7,13.0
106170,1,6,160,2,3,50.0,0,I,MELB_URBAN,OTHER,6,21.0
106171,1,2,113,2,1,60.0,0,I,RURAL_VICTORIA,ROAD,7,10.0
106172,1,2,130,5,1,100.0,0,N,MELB_URBAN,FREEWAY,7,15.0
106173,1,2,110,1,1,100.0,0,I,RURAL_VICTORIA,ROAD,7,15.0
106174,4,2,171,4,1,50.0,0,N,MELB_URBAN,OTHER,7,16.0
106175,1,2,140,2,3,80.0,0,N,MELB_URBAN,OTHER,7,17.0
106176,1,1,130,5,3,100.0,0,N,MELB_URBAN,FREEWAY,7,17.0
106177,1,2,130,5,3,60.0,0,N,MELB_URBAN,ROAD,7,17.0
106178,1,2,134,5,1,80.0,0,N,MELB_URBAN,ROAD,7,14.0
106179,1,2,113,1,3,60.0,0,I,MELB_URBAN,ROAD,7,18.0
106180,4,2,99,2,3,50.0,0,I,MELB_URBAN,OTHER,7,18.0
106181,4,2,183,5,1,60.0,0,N,MELB_URBAN,ROAD,7,16.0
106182,1,2,99,5,1,60.0,0,N,MELB_URBAN,ROAD,7,16.0
106183,1,2,130,5,1,60.0,0,N,LARGE_PROVINCIAL_CITIES,ROAD,7,8.0
106184,1,2,120,5,1,100.0,0,N,RURAL_VICTORIA,HIGHWAY,7,14.0
106185,2,2,99,5,1,60.0,0,N,MELB_URBAN,ROAD,7,11.0
106186,1,3,99,5,2,70.0,0,N,MELB_URBAN,ROAD,7,7.0
106187,1,3,121,2,1,60.0,0,I,MELB_URBAN,ROAD,7,8.0
106188,4,1,171,5,3,80.0,0,N,RURAL_VICTORIA,ROAD,7,21.0
106189,1,2,130,1,1,60.0,0,I,MELB_URBAN,ROAD,5,8.0
106190,1,2,110,1,1,80.0,0,N,SMALL_CITIES,OTHER,7,7.0
106191,4,3,171,5,2,60.0,0,N,LARGE_PROVINCIAL_CITIES,STREET,7,6.0
106192,1,3,130,1,1,80.0,0,I,MELB_URBAN,ROAD,7,12.0
106193,1,2,116,1,1,80.0,0,I,MELB_URBAN,ROAD,7,9.0
106194,4,3,99,5,3,60.0,0,I,MELB_URBAN,STREET,7,6.0
106195,1,3,130,5,1,40.0,0,N,MELBOURNE_CBD,STREET,7,13.0
106196,1,3,130,2,1,100.0,0,I,RURAL_VICTORIA,ROAD,7,13.0
106197,1,6,99,1,1,40.0,0,N,RURAL_VICTORIA,HIGHWAY,6,15.0
106198,1,3,99,5,1,60.0,0,N,MELB_URBAN,STREET,7,14.0
106199,4,3,171,5,1,100.0,0,N,RURAL_VICTORIA,ROAD,7,11.0
106200,4,3,173,5,3,60.0,0,N,MELB_URBAN,ROAD,7,5.0
106201,4,4,181,5,3,60.0,0,N,MELB_URBAN,DRIVE,6,1.0
106202,1,5,130,5,1,60.0,0,N,MELB_URBAN,STREET,6,8.0
106203,2,2,99,5,1,50.0,0,N,MELB_URBAN,AVENUE,7,15.0
106204,1,5,110,1,1,60.0,0,I,MELB_URBAN,STREET,6,16.0
106205,1,3,110,1,1,50.0,0,I,LARGE_PROVINCIAL_CITIES,STREET,7,15.0
106206,1,3,111,2,1,80.0,0,I,MELB_URBAN,HIGHWAY,7,14.0
106207,2,3,100,2,3,70.0,0,I,MELB_URBAN,ROAD,7,18.0
106208,1,5,113,2,1,60.0,0,I,LARGE_PROVINCIAL_CITIES,ROAD,6,15.0
106209,1,4,130,5,1,60.0,0,N,MELB_URBAN,ROAD,6,16.0
106210,4,3,171,5,1,60.0,0,N,RURAL_VICTORIA,DRIVE,7,13.0
106211,1,3,113,2,2,60.0,0,I,MELB_URBAN,STREET,7,17.0
106212,1,2,130,5,3,80.0,0,N,MELB_URBAN,ROAD,7,17.0
106213,1,2,121,1,3,50.0,0,I,MELB_URBAN,AVENUE,7,18.0
106214,2,2,100,1,3,60.0,0,I,MELB_URBAN,PARADE,7,19.0
106215,1,3,120,1,3,60.0,0,N,MELB_URBAN,STREET,7,19.0
106216,1,3,113,2,1,60.0,0,I,MELB_URBAN,ROAD,7,13.0
106217,8,6,174,5,1,30.0,0,N,MELBOURNE_CBD,STREET,6,13.0
106218,1,3,99,2,3,60.0,0,N,MELB_URBAN,STREET,7,18.0
106219,4,3,171,5,3,60.0,0,N,MELB_URBAN,ROAD,7,22.0
106220,1,2,130,5,1,60.0,0,N,MELB_URBAN,ROAD,7,17.0
106221,4,3,183,5,9,50.0,0,N,MELB_URBAN,BOULEVARD,7,11.0
106222,8,1,147,5,1,50.0,0,N,MELB_URBAN,OTHER,7,15.0
106223,2,4,99,2,3,60.0,0,I,LARGE_PROVINCIAL_CITIES,STREET,7,5.0
106224,1,3,130,5,3,80.0,0,I,MELB_URBAN,ROAD,6,18.0
106225,1,6,160,5,1,60.0,0,N,TOWNS,STREET,6,10.0
106226,4,4,171,5,2,110.0,0,N,RURAL_VICTORIA,FREEWAY,7,7.0
106227,1,3,134,5,1,40.0,0,N,MELB_URBAN,ROAD,7,11.0
106228,6,4,174,5,1,60.0,0,N,MELB_URBAN,UNKNOWN,7,10.0
106229,4,4,183,5,1,80.0,0,N,RURAL_VICTORIA,ROAD,7,8.0
106230,4,4,171,5,1,100.0,0,N,RURAL_VICTORIA,ROAD,7,7.0
106231,2,4,100,5,1,60.0,0,N,MELB_URBAN,ROAD,7,11.0
106232,1,4,133,5,1,80.0,0,N,MELB_URBAN,FREEWAY,7,10.0
106233,1,4,121,1,5,80.0,0,I,RURAL_VICTORIA,ROAD,7,6.0
106234,4,4,173,5,1,100.0,0,N,RURAL_VICTORIA,ROAD,7,8.0
106235,4,4,173,5,1,100.0,0,N,RURAL_VICTORIA,ROAD,7,8.0
106236,1,4,110,1,1,80.0,0,I,MELB_URBAN,ROAD,7,12.0
106237,1,6,116,1,3,50.0,0,I,MELB_URBAN,STREET,6,17.0
106238,1,2,113,1,1,50.0,0,I,MELB_URBAN,ROAD,6,10.0
106239,1,4,121,2,1,80.0,0,I,RURAL_VICTORIA,HIGHWAY,7,11.0
106240,1,4,135,5,1,100.0,0,N,MELB_URBAN,FREEWAY,7,10.0
106241,2,0,100,1,3,40.0,0,I,MELBOURNE_CBD,STREET,6,21.0
106242,1,4,130,5,1,80.0,0,N,MELB_URBAN,HIGHWAY,7,11.0
106243,2,5,102,2,1,60.0,0,I,MELB_URBAN,ROAD,5,15.0
106244,1,3,111,1,1,80.0,0,N,RURAL_VICTORIA,STREET,7,7.0
106245,1,4,130,5,1,60.0,0,N,MELB_URBAN,ROAD,7,15.0
106246,1,4,99,5,1,50.0,0,N,SMALL_CITIES,STREET,7,12.0
106247,1,4,110,1,1,60.0,0,I,TOWNS,STREET,7,15.0
106248,1,4,120,2,1,60.0,1,N,TOWNS,STREET,7,15.0
106249,4,4,173,5,1,80.0,0,N,RURAL_VICTORIA,HIGHWAY,7,9.0
106250,4,4,171,5,1,80.0,0,N,RURAL_VICTORIA,ROAD,7,14.0
106251,1,4,130,5,1,60.0,0,N,MELB_URBAN,BOULEVARD,7,16.0
106252,2,4,102,3,3,60.0,0,I,MELB_URBAN,ROAD,7,18.0
106253,1,4,133,1,1,50.0,0,I,MELB_URBAN,ROAD,7,16.0
106254,1,4,133,5,1,100.0,0,N,MELB_URBAN,FREEWAY,7,15.0
106255,1,3,160,5,3,60.0,0,N,MELB_URBAN,ROAD,7,6.0
106256,1,3,121,2,3,40.0,0,I,MELB_URBAN,STREET,7,18.0
106257,1,2,130,1,6,60.0,0,I,MELB_URBAN,RAMP,7,19.0
106258,4,4,173,2,1,60.0,0,I,MELB_URBAN,HIGHWAY,7,14.0
106259,1,3,130,5,1,80.0,0,N,MELB_URBAN,ROAD,7,16.0
106260,2,3,99,1,1,50.0,0,I,SMALL_CITIES,STREET,6,15.0
106261,1,4,140,2,3,60.0,0,N,MELB_URBAN,ROAD,7,4.0
106262,1,3,120,5,3,60.0,0,N,MELB_URBAN,ROAD,7,21.0
106263,2,4,102,2,3,50.0,0,I,LARGE_PROVINCIAL_CITIES,STREET,7,23.0
106264,4,5,181,5,5,100.0,0,N,RURAL_VICTORIA,HIGHWAY,7,3.0
106265,1,5,130,5,3,80.0,0,N,MELB_URBAN,HIGHWAY,7,6.0
106266,1,4,130,5,1,100.0,0,N,MELB_URBAN,FREEWAY,7,8.0
106267,1,2,121,1,1,70.0,0,I,MELB_URBAN,ROAD,7,14.0
106268,1,5,99,2,1,50.0,0,I,MELB_URBAN,STREET,7,8.0
106269,1,7,113,2,9,80.0,0,I,MELB_URBAN,ROAD,6,14.0
106270,4,5,173,5,3,80.0,0,N,MELB_URBAN,ROAD,7,6.0
106271,1,5,113,2,1,60.0,0,I,LARGE_PROVINCIAL_CITIES,ROAD,7,11.0
106272,1,4,130,5,1,100.0,0,N,MELB_URBAN,ROAD,7,8.0
106273,1,4,121,2,1,60.0,0,I,TOWNS,HIGHWAY,7,11.0
106274,1,7,110,1,1,50.0,0,I,SMALL_CITIES,ROAD,6,8.0
106275,1,4,130,2,1,60.0,0,I,SMALL_CITIES,ROAD,7,13.0
106276,4,5,171,5,1,100.0,0,N,RURAL_VICTORIA,ROAD,7,12.0
106277,1,5,121,2,2,70.0,0,I,MELB_URBAN,ROAD,7,7.0
106278,2,5,100,5,6,60.0,0,N,MELB_URBAN,ROAD,7,6.0
106279,2,5,100,5,1,60.0,0,N,LARGE_PROVINCIAL_CITIES,ROAD,7,13.0
106280,4,5,173,5,5,60.0,0,N,SMALL_TOWNS,ROAD,7,4.0
106281,1,4,120,5,1,70.0,0,N,LARGE_PROVINCIAL_CITIES,ROAD,7,15.0
106282,1,4,133,5,1,50.0,0,N,MELB_URBAN,STREET,7,8.0
106283,1,5,110,1,1,80.0,0,I,MELB_URBAN,ROAD,7,16.0
106284,1,3,121,1,3,60.0,0,I,MELB_URBAN,ROAD,7,21.0
106285,5,6,99,5,5,100.0,0,N,RURAL_VICTORIA,HIGHWAY,6,17.0
106286,4,5,183,5,1,80.0,0,N,MELB_URBAN,ROAD,7,13.0
106287,1,4,120,5,3,40.0,0,N,SMALL_TOWNS,ROAD,7,18.0
106288,1,4,99,3,6,60.0,0,N,MELB_URBAN,ROAD,7,21.0
106289,1,5,132,2,1,60.0,0,I,MELB_URBAN,ROAD,7,17.0
106290,1,5,132,2,1,60.0,1,I,LARGE_PROVINCIAL_CITIES,ROAD,7,11.0
106291,4,5,173,5,5,100.0,0,N,RURAL_VICTORIA,HIGHWAY,7,17.0
106292,1,5,132,2,3,60.0,0,I,MELB_URBAN,ROAD,6,19.0
106293,2,5,99,5,3,60.0,0,N,TOWNS,STREET,7,18.0
106294,1,4,113,2,1,60.0,0,I,MELB_URBAN,ROAD,7,16.0
106295,1,5,130,5,3,60.0,0,N,MELB_URBAN,ROAD,7,19.0
106296,2,5,100,5,3,60.0,0,N,MELB_URBAN,STREET,7,20.0
106297,1,5,113,2,3,70.0,0,I,LARGE_PROVINCIAL_CITIES,STREET,7,19.0
106298,1,5,130,5,3,100.0,0,N,MELB_URBAN,HIGHWAY,7,18.0
106299,1,4,110,1,1,50.0,0,I,MELB_URBAN,STREET,7,16.0
106300,1,5,130,5,1,60.0,0,N,MELB_URBAN,ROAD,7,14.0
106301,2,4,99,5,3,60.0,0,N,MELB_URBAN,STREET,7,22.0
106302,1,5,121,1,3,60.0,0,I,MELB_URBAN,ROAD,7,19.0
106303,2,2,102,5,9,50.0,0,N,MELB_URBAN,STREET,6,17.0
106304,1,2,163,5,3,50.0,0,N,MELB_URBAN,STREET,7,18.0
106305,2,6,102,1,1,60.0,0,I,LARGE_PROVINCIAL_CITIES,STREET,7,9.0
106306,4,6,181,5,1,60.0,0,N,MELB_URBAN,ROAD,7,8.0
106307,2,5,99,5,1,60.0,0,N,MELB_URBAN,STREET,7,10.0
106308,1,5,110,1,1,50.0,0,I,MELB_URBAN,STREET,7,10.0
106309,2,6,99,2,9,60.0,0,I,MELB_URBAN,OTHER,7,11.0
106310,1,6,121,2,1,80.0,0,I,MELB_URBAN,ROAD,7,10.0
106311,1,3,121,1,1,60.0,0,I,MELB_URBAN,UNKNOWN,6,15.0
106312,4,6,171,5,1,40.0,0,N,MELB_URBAN,ROAD,7,10.0
106313,1,6,110,1,1,50.0,0,I,LARGE_PROVINCIAL_CITIES,STREET,7,10.0
106314,1,4,110,1,3,60.0,0,I,SMALL_CITIES,PARADE,7,21.0
106315,4,6,181,5,1,100.0,0,N,RURAL_VICTORIA,ROAD,7,10.0
106316,1,6,110,1,3,60.0,0,I,MELB_URBAN,STREET,7,6.0
106317,1,6,113,2,1,80.0,0,I,MELB_URBAN,ROAD,7,12.0
106318,4,5,181,5,2,100.0,0,N,RURAL_VICTORIA,ROAD,7,6.0
106319,1,6,135,5,1,50.0,0,N,MELB_URBAN,HIGHWAY,7,9.0
106320,1,6,121,2,1,80.0,0,I,SMALL_CITIES,STREET,7,9.0
106321,1,3,99,1,1,50.0,0,I,MELB_URBAN,DRIVE,6,8.0
106322,4,5,171,5,1,60.0,0,N,RURAL_VICTORIA,ROAD,7,13.0
106323,4,5,171,5,3,60.0,0,N,MELB_URBAN,STREET,7,4.0
106324,2,6,100,4,1,60.0,0,I,MELB_URBAN,ROAD,7,14.0
106325,1,4,110,1,1,60.0,0,I,TOWNS,ROAD,7,12.0
106326,1,5,160,5,3,60.0,0,N,MELB_URBAN,ROAD,7,18.0
106327,2,6,100,1,3,50.0,0,I,MELB_URBAN,STREET,7,18.0
106328,1,6,113,2,1,50.0,0,I,MELB_URBAN,STREET,6,11.0
106329,1,3,130,5,3,70.0,0,N,MELB_URBAN,ROAD,7,17.0
106330,2,6,100,2,1,60.0,0,N,MELB_URBAN,STREET,7,16.0
106331,2,6,100,1,3,60.0,0,I,MELB_URBAN,STREET,7,18.0
106332,1,5,130,2,2,70.0,0,I,MELB_URBAN,ROAD,7,7.0
106333,2,6,100,5,1,60.0,0,N,MELB_URBAN,AVENUE,7,16.0
106334,1,5,99,1,1,60.0,0,N,MELB_URBAN,STREET,7,14.0
106335,2,6,100,2,1,60.0,1,N,MELB_URBAN,ROAD,7,13.0
106336,1,5,130,2,2,80.0,0,I,MELB_URBAN,ROAD,7,16.0
106337,8,6,99,5,5,80.0,0,N,RURAL_VICTORIA,STREET,7,19.0
106338,1,6,99,5,1,100.0,0,N,RURAL_VICTORIA,ROAD,7,12.0
106339,4,6,171,5,1,80.0,0,N,MELB_URBAN,RAMP,6,12.0
106340,4,6,171,5,6,60.0,0,N,LARGE_PROVINCIAL_CITIES,ROAD,7,20.0