,accident_type,day_of_week,dca_code,road_geometry,light_condition,speed_zone,severity,node_type,deg_urban_name,road_type,month,hour
106341,1,5,130,5,3,60.0,0,N,MELB_URBAN,ROAD,7,20.0
106342,1,6,99,1,3,40.0,0,N,MELB_URBAN,STREET,7,22.0
106343,1,7,160,5,3,60.0,0,N,LARGE_PROVINCIAL_CITIES,DRIVE,7,0.0
106344,1,6,121,2,3,60.0,0,I,MELB_URBAN,ROAD,7,22.0
106345,1,6,163,5,5,100.0,0,N,RURAL_VICTORIA,ROAD,7,23.0
106346,2,4,100,2,3,50.0,0,I,MELB_URBAN,AVENUE,7,21.0
106347,1,7,116,2,1,50.0,0,I,MELB_URBAN,ROAD,7,8.0
106348,1,6,121,1,1,70.0,0,N,MELB_URBAN,ROAD,7,7.0
106349,1,7,110,1,1,60.0,0,I,MELB_URBAN,ROAD,7,8.0
106350,4,6,173,5,1,80.0,0,N,MELB_URBAN,HIGHWAY,7,11.0
106351,4,7,183,5,1,50.0,0,N,MELB_URBAN,STREET,7,9.0
106352,1,7,99,5,3,60.0,0,N,MELB_URBAN,ROAD,7,7.0
106353,1,7,135,5,1,80.0,0,N,MELB_URBAN,ROAD,7,12.0
106354,1,7,110,1,1,80.0,0,I,RURAL_VICTORIA,ROAD,7,11.0
106355,1,7,113,1,2,60.0,0,I,MELB_URBAN,ROAD,7,7.0
106356,4,6,173,2,1,70.0,0,I,MELB_URBAN,STREET,7,15.0
106357,5,6,99,5,1,100.0,0,N,RURAL_VICTORIA,ROAD,7,17.0
106358,2,7,99,5,1,40.0,0,N,MELBOURNE_CBD,STREET,7,13.0
106359,4,7,183,5,1,80.0,0,N,RURAL_VICTORIA,ROAD,7,13.0
106360,1,2,113,2,1,60.0,0,N,MELB_URBAN,RAMP,6,15.0
106361,1,7,130,5,1,80.0,0,N,MELB_URBAN,HIGHWAY,7,14.0
106362,1,7,99,1,1,70.0,0,I,MELB_URBAN,ROAD,7,16.0
106363,6,7,174,2,1,50.0,0,I,TOWNS,HIGHWAY,7,14.0
106364,1,5,110,1,1,60.0,0,I,TOWNS,STREET,7,17.0
106365,1,7,113,2,2,80.0,0,I,MELB_URBAN,HIGHWAY,7,18.0
106366,1,7,121,2,1,60.0,0,I,TOWNS,HIGHWAY,7,17.0
106367,4,7,181,5,1,60.0,1,N,MELB_URBAN,STREET,7,16.0
106368,1,7,130,5,3,100.0,0,N,MELB_URBAN,HIGHWAY,7,19.0
106369,7,7,99,5,1,100.0,0,N,RURAL_VICTORIA,OTHER,7,15.0
106370,2,6,100,5,3,50.0,0,N,LARGE_PROVINCIAL_CITIES,ROAD,7,18.0
106371,1,6,99,5,1,80.0,0,N,MELB_URBAN,ROAD,7,15.0
106372,1,7,133,5,1,60.0,0,N,MELB_URBAN,STREET,7,16.0
106373,1,6,99,2,5,60.0,0,I,MELB_URBAN,OTHER,7,19.0
106374,1,7,99,1,1,60.0,0,N,MELB_URBAN,STREET,7,13.0
106375,1,5,121,1,3,40.0,0,I,MELB_URBAN,STREET,7,23.0
106376,4,7,171,5,6,100.0,0,N,MELB_URBAN,UNKNOWN,7,0.0
106377,4,1,171,5,3,50.0,0,N,MELB_URBAN,AVENUE,7,2.0
106378,1,1,181,5,5,40.0,0,N,RURAL_VICTORIA,ROAD,7,0.0
106379,1,1,147,6,3,50.0,0,N,SMALL_CITIES,OTHER,7,2.0
106380,4,7,181,5,1,100.0,0,N,RURAL_VICTORIA,ROAD,7,16.0
106381,1,7,116,2,3,70.0,0,I,MELB_URBAN,ROAD,7,20.0
106382,1,1,121,1,1,60.0,0,I,LARGE_PROVINCIAL_CITIES,ROAD,7,10.0
106383,1,1,113,2,1,60.0,0,I,LARGE_PROVINCIAL_CITIES,ROAD,7,10.0
106384,1,6,130,5,1,90.0,0,N,RURAL_VICTORIA,ROAD,7,16.0
106385,1,1,116,1,1,80.0,0,I,MELB_URBAN,HIGHWAY,7,12.0
106386,4,1,173,5,1,80.0,0,N,MELB_URBAN,ROAD,7,13.0
106387,1,7,135,2,3,60.0,0,I,MELB_URBAN,BOULEVARD,7,22.0
106388,1,1,160,5,1,60.0,0,N,MELB_URBAN,STREET,7,9.0
106389,2,1,99,5,1,50.0,0,N,SMALL_CITIES,OTHER,7,13.0
106390,4,1,181,1,1,50.0,0,I,MELB_URBAN,STREET,7,13.0
106391,6,0,170,5,1,100.0,0,N,RURAL_VICTORIA,HIGHWAY,7,13.0
106392,1,1,110,1,1,60.0,0,I,MELB_URBAN,ROAD,7,14.0
106393,1,6,130,1,9,60.0,0,I,MELB_URBAN,PARADE,7,10.0
106394,1,1,132,1,5,100.0,0,N,RURAL_VICTORIA,ROAD,7,1.0
106395,6,1,174,5,1,50.0,0,N,MELB_URBAN,STREET,7,16.0
106396,1,0,121,1,1,60.0,0,I,MELB_URBAN,ROAD,7,15.0
106397,2,6,100,2,1,60.0,0,I,MELB_URBAN,STREET,7,17.0
106398,1,1,121,2,3,80.0,0,I,MELB_URBAN,HIGHWAY,7,19.0
106399,1,1,130,5,3,80.0,0,N,MELB_URBAN,HIGHWAY,7,18.0
106400,4,1,173,5,3,80.0,0,N,RURAL_VICTORIA,ROAD,7,17.0
106401,2,1,99,5,6,50.0,0,N,MELB_URBAN,DRIVE,6,3.0
106402,1,2,160,5,3,60.0,0,N,MELB_URBAN,ROAD,7,4.0
106403,4,2,173,5,5,100.0,0,N,RURAL_VICTORIA,ROAD,7,7.0
106404,2,6,100,1,1,50.0,0,I,SMALL_CITIES,STREET,7,9.0
106405,1,1,130,5,3,40.0,0,N,MELB_URBAN,STREET,7,2.0
106406,1,2,99,2,2,100.0,0,I,RURAL_VICTORIA,ROAD,7,6.0
106407,2,6,102,1,1,60.0,0,I,MELB_URBAN,ROAD,7,14.0
106408,1,4,160,5,3,70.0,0,N,MELB_URBAN,ROAD,7,21.0
106409,2,2,100,2,1,60.0,0,I,SMALL_CITIES,ROAD,7,7.0
106410,1,2,130,5,1,60.0,0,N,MELB_URBAN,STREET,10,14.0
106411,1,6,99,5,1,80.0,0,N,MELB_URBAN,HIGHWAY,3,13.0
106412,1,2,113,2,1,80.0,0,I,MELB_URBAN,ROAD,7,8.0
106413,6,7,99,5,1,60.0,0,N,RURAL_VICTORIA,ROAD,5,17.0
106414,1,1,99,1,3,60.0,0,I,MELB_URBAN,HIGHWAY,7,17.0
106415,1,1,99,2,3,60.0,0,I,MELB_URBAN,ROAD,7,20.0
106416,1,2,99,1,1,60.0,0,N,MELB_URBAN,STREET,7,12.0
106417,6,7,170,5,1,50.0,0,N,SMALL_TOWNS,ROAD,7,10.0
106418,8,5,99,5,9,60.0,0,N,RURAL_VICTORIA,HIGHWAY,6,16.0
106419,1,2,120,5,1,80.0,0,N,RURAL_VICTORIA,ROAD,7,9.0
106420,4,2,173,5,1,100.0,0,N,RURAL_VICTORIA,ROAD,7,11.0
106421,1,2,99,2,1,60.0,0,I,MELB_URBAN,STREET,7,13.0
106422,1,1,99,5,3,50.0,0,N,SMALL_CITIES,STREET,7,22.0
106423,1,2,110,1,1,50.0,0,I,MELB_URBAN,STREET,7,14.0
106424,4,2,181,5,1,60.0,0,N,MELB_URBAN,ROAD,7,14.0
106425,1,2,130,1,1,60.0,0,I,MELB_URBAN,ROAD,7,13.0
106426,1,2,134,5,1,80.0,0,N,MELB_URBAN,HIGHWAY,7,16.0
106427,1,2,147,5,1,60.0,0,N,MELB_URBAN,STREET,6,15.0
106428,6,2,99,5,3,60.0,0,N,SMALL_CITIES,DRIVE,7,18.0
106429,4,2,171,5,3,60.0,0,N,MELB_URBAN,ROAD,7,18.0
106430,1,2,130,5,3,60.0,0,N,MELB_URBAN,AVENUE,7,17.0
106431,2,2,100,5,5,60.0,0,N,MELB_URBAN,STREET,7,18.0
106432,2,2,99,5,5,80.0,0,N,MELB_URBAN,ROAD,7,18.0
106433,1,1,130,5,9,80.0,0,N,MELB_URBAN,ROAD,7,17.0
106434,6,2,99,3,1,80.0,0,I,MELB_URBAN,OTHER,7,16.0
106435,1,2,120,5,3,60.0,0,N,MELB_URBAN,BOULEVARD,7,19.0
106436,1,2,147,5,3,60.0,0,N,MELB_URBAN,ROAD,7,22.0
106437,5,1,99,5,5,110.0,0,N,RURAL_VICTORIA,FREEWAY,7,1.0
106438,1,2,110,1,1,80.0,0,I,MELB_URBAN,ROAD,7,14.0
106439,1,1,130,5,3,80.0,0,N,MELB_URBAN,ROAD,7,18.0
106440,1,3,130,5,3,60.0,0,N,TOWNS,ROAD,7,5.0
106441,1,1,120,5,1,100.0,0,N,RURAL_VICTORIA,ROAD,7,12.0
106442,2,3,100,5,3,60.0,0,N,SMALL_CITIES,STREET,7,6.0
106443,1,3,160,5,3,50.0,0,N,MELB_URBAN,ROAD,7,6.0
106444,1,3,121,1,1,50.0,0,I,MELB_URBAN,STREET,7,8.0
106445,1,3,147,2,1,60.0,0,I,MELB_URBAN,ROAD,7,10.0
106446,9,3,99,2,1,60.0,0,N,MELB_URBAN,ROAD,7,9.0
106447,7,7,99,5,9,50.0,1,N,SMALL_CITIES,STREET,6,10.0
106448,1,0,130,5,2,70.0,0,N,MELB_URBAN,STREET,7,17.0
106449,1,2,130,5,1,60.0,0,N,SMALL_CITIES,STREET,7,10.0
106450,1,2,163,5,1,40.0,0,N,MELB_URBAN,ROAD,7,8.0
106451,1,5,130,2,3,60.0,0,I,MELB_URBAN,ROAD,6,18.0
106452,1,3,130,5,1,80.0,0,N,MELB_URBAN,ROAD,7,14.0
106453,6,3,170,1,1,100.0,0,I,RURAL_VICTORIA,ROAD,7,12.0
106454,4,2,171,5,1,60.0,0,N,LARGE_PROVINCIAL_CITIES,STREET,7,11.0
106455,1,3,121,2,1,70.0,0,I,MELB_URBAN,ROAD,7,13.0
106456,1,3,99,2,9,40.0,0,I,MELB_URBAN,OTHER,7,15.0
106457,1,3,120,5,1,80.0,0,N,RURAL_VICTORIA,ROAD,7,14.0
106458,8,6,174,5,2,30.0,0,N,RURAL_VICTORIA,OTHER,4,17.0
106459,8,1,170,5,2,100.0,0,N,MELB_URBAN,FREEWAY,7,17.0
106460,1,2,110,1,1,70.0,0,I,MELB_URBAN,ROAD,7,15.0
106461,1,3,120,5,1,80.0,0,N,RURAL_VICTORIA,ROAD,7,16.0
106462,1,3,132,1,1,60.0,0,N,RURAL_VICTORIA,ROAD,7,16.0
106463,1,2,121,2,2,60.0,0,I,MELB_URBAN,ROAD,7,17.0
106464,1,3,121,1,3,60.0,0,I,MELB_URBAN,ROAD,7,18.0
106465,1,6,130,5,2,100.0,0,N,MELB_URBAN,UNKNOWN,7,17.0
106466,1,3,113,2,1,60.0,0,I,SMALL_CITIES,HIGHWAY,7,16.0
106467,8,2,99,5,1,60.0,0,N,MELB_URBAN,ROAD,7,17.0
106468,1,2,99,5,5,80.0,0,N,RURAL_VICTORIA,HIGHWAY,7,18.0
106469,2,2,102,2,3,50.0,0,N,MELB_URBAN,STREET,7,21.0
106470,1,3,110,1,5,60.0,0,I,RURAL_VICTORIA,ROAD,7,18.0
106471,1,4,121,1,3,40.0,0,I,MELBOURNE_CBD,STREET,7,1.0
106472,4,3,181,5,5,100.0,0,N,RURAL_VICTORIA,ROAD,7,23.0
106473,1,6,134,2,3,80.0,0,N,MELB_URBAN,ROAD,6,18.0
106474,2,4,102,2,3,50.0,0,I,MELB_URBAN,AVENUE,7,7.0
106475,1,4,110,1,1,60.0,0,I,LARGE_PROVINCIAL_CITIES,ROAD,7,7.0
106476,1,5,130,5,2,60.0,0,N,RURAL_VICTORIA,ROAD,7,17.0
106477,2,6,102,1,1,60.0,0,I,LARGE_PROVINCIAL_CITIES,ROAD,7,15.0
106478,1,4,110,1,1,40.0,0,I,MELB_URBAN,STREET,7,8.0
106479,1,4,130,5,3,100.0,0,N,MELB_URBAN,ROAD,7,17.0
106480,5,5,99,5,3,60.0,0,N,MELB_URBAN,STREET,6,6.0
106481,1,4,113,2,1,60.0,0,I,MELB_URBAN,ROAD,7,8.0
106482,1,2,130,5,1,80.0,0,N,MELB_URBAN,HIGHWAY,7,15.0
106483,1,4,99,5,1,60.0,0,N,MELB_URBAN,ROAD,7,8.0
106484,1,3,116,1,1,70.0,0,I,TOWNS,OTHER,7,12.0
106485,1,4,120,2,1,110.0,0,N,RURAL_VICTORIA,HIGHWAY,7,10.0
106486,1,4,121,1,1,60.0,0,I,LARGE_PROVINCIAL_CITIES,ROAD,7,11.0
106487,1,3,121,2,1,60.0,0,I,MELB_URBAN,ROAD,7,13.0
106488,8,6,174,2,1,60.0,0,I,RURAL_VICTORIA,ROAD,7,14.0
106489,1,4,132,2,1,60.0,0,I,LARGE_PROVINCIAL_CITIES,PARADE,7,10.0
106490,5,0,99,2,1,60.0,0,I,RURAL_VICTORIA,OTHER,6,14.0
106491,1,3,120,1,1,50.0,0,N,SMALL_CITIES,STREET,7,16.0
106492,1,4,110,1,1,50.0,0,I,MELB_URBAN,ROAD,7,13.0
106493,2,4,102,5,3,60.0,0,N,MELB_URBAN,ROAD,7,17.0
106494,1,4,163,6,1,60.0,0,N,MELB_URBAN,STREET,7,14.0
106495,1,4,130,5,5,110.0,0,N,RURAL_VICTORIA,FREEWAY,7,18.0
106496,2,4,100,5,3,60.0,0,N,MELB_URBAN,STREET,7,17.0
106497,1,4,130,5,3,100.0,0,N,MELB_URBAN,FREEWAY,7,18.0
106498,1,3,130,5,1,50.0,0,N,SMALL_CITIES,AVENUE,7,15.0
106499,6,4,174,5,2,60.0,0,N,MELB_URBAN,STREET,7,17.0
106500,1,4,121,2,1,60.0,0,I,SMALL_CITIES,STREET,7,14.0
106501,1,4,99,5,3,50.0,0,N,MELB_URBAN,PARADE,7,19.0
106502,1,4,120,5,2,100.0,0,N,RURAL_VICTORIA,ROAD,7,17.0
106503,1,4,99,5,3,50.0,0,N,MELB_URBAN,OTHER,7,21.0
106504,1,3,111,2,2,60.0,0,I,MELB_URBAN,STREET,7,17.0
106505,2,4,100,1,3,60.0,0,I,MELB_URBAN,STREET,7,22.0
106506,1,4,120,5,5,100.0,0,N,RURAL_VICTORIA,HIGHWAY,7,17.0
106507,1,4,130,5,5,100.0,0,N,RURAL_VICTORIA,FREEWAY,7,22.0
106508,8,4,174,5,9,60.0,0,N,MELB_URBAN,ROAD,7,22.0
106509,1,4,110,1,4,70.0,0,I,MELB_URBAN,ROAD,7,22.0
106510,6,5,170,5,3,40.0,0,N,MELB_URBAN,ROAD,7,0.0
106511,1,5,130,5,5,110.0,0,N,RURAL_VICTORIA,FREEWAY,7,3.0
106512,6,5,174,5,5,100.0,1,N,RURAL_VICTORIA,HIGHWAY,7,2.0
106513,4,4,173,5,5,100.0,0,N,RURAL_VICTORIA,ROAD,7,20.0
106514,4,5,173,5,2,100.0,0,N,RURAL_VICTORIA,ROAD,7,7.0
106515,1,4,110,1,1,50.0,0,I,LARGE_PROVINCIAL_CITIES,STREET,7,8.0
106516,1,5,121,5,2,80.0,0,N,TOWNS,OTHER,7,7.0
106517,2,4,99,5,1,80.0,0,N,LARGE_PROVINCIAL_CITIES,STREET,7,10.0
106518,1,5,135,5,1,100.0,0,N,RURAL_VICTORIA,HIGHWAY,7,9.0
106519,1,3,130,2,3,60.0,0,N,MELB_URBAN,RAMP,6,22.0
106520,1,5,110,1,1,60.0,0,I,LARGE_PROVINCIAL_CITIES,STREET,7,11.0
106521,3,5,167,5,5,100.0,0,N,RURAL_VICTORIA,HIGHWAY,7,6.0
106522,1,5,120,5,1,80.0,0,N,MELB_URBAN,HIGHWAY,7,8.0
106523,1,5,121,1,1,60.0,0,I,MELB_URBAN,ROAD,7,10.0
106524,4,4,99,2,1,50.0,0,I,MELB_URBAN,ROAD,7,10.0
106525,1,2,130,5,2,50.0,0,N,LARGE_PROVINCIAL_CITIES,STREET,7,17.0
106526,3,5,167,5,1,100.0,0,N,RURAL_VICTORIA,HIGHWAY,7,11.0
106527,1,5,121,1,1,70.0,0,I,MELB_URBAN,ROAD,7,13.0
106528,1,4,163,5,1,60.0,0,N,MELB_URBAN,ROAD,7,8.0
106529,1,5,116,1,1,80.0,0,I,MELB_URBAN,HIGHWAY,7,14.0
106530,1,5,110,1,1,100.0,0,I,RURAL_VICTORIA,ROAD,7,14.0
106531,1,5,113,2,1,60.0,0,I,MELB_URBAN,ROAD,7,15.0
106532,1,4,130,5,1,100.0,0,N,MELB_URBAN,FREEWAY,7,8.0
106533,1,5,121,1,1,60.0,0,I,MELB_URBAN,ROAD,7,16.0
106534,1,5,130,2,3,50.0,0,I,MELB_URBAN,ROAD,7,18.0
106535,6,5,99,5,1,100.0,0,N,RURAL_VICTORIA,ROAD,7,15.0
106536,8,4,174,1,2,60.0,0,I,MELB_URBAN,STREET,7,18.0
106537,1,5,120,5,1,80.0,0,N,RURAL_VICTORIA,OTHER,7,16.0
106538,1,5,120,5,5,80.0,0,N,RURAL_VICTORIA,DRIVE,7,18.0
106539,1,4,135,5,1,60.0,0,N,MELB_URBAN,ROAD,7,16.0
106540,1,4,130,5,1,80.0,0,N,MELB_URBAN,FREEWAY,7,15.0
106541,1,5,133,5,3,100.0,0,N,MELB_URBAN,FREEWAY,7,20.0
106542,1,5,121,1,1,60.0,0,I,MELB_URBAN,STREET,7,16.0
106543,1,5,99,4,3,70.0,0,I,MELB_URBAN,RAMP,7,21.0
106544,4,5,99,2,3,50.0,0,I,RURAL_VICTORIA,PARADE,7,22.0
106545,4,5,171,2,3,40.0,0,I,LARGE_PROVINCIAL_CITIES,STREET,7,21.0
106546,1,5,110,1,3,60.0,0,N,SMALL_CITIES,ROAD,7,20.0
106547,1,5,99,1,3,50.0,0,I,MELB_URBAN,STREET,6,0.0
106548,1,5,110,1,2,40.0,0,N,MELB_URBAN,ROAD,7,7.0
106549,5,6,99,5,5,80.0,0,N,RURAL_VICTORIA,ROAD,7,6.0
106550,1,6,99,1,1,40.0,0,I,MELB_URBAN,STREET,7,8.0
106551,1,6,121,2,1,80.0,0,N,MELB_URBAN,HIGHWAY,7,9.0
106552,1,3,130,1,1,50.0,0,I,TOWNS,STREET,6,15.0
106553,1,6,130,1,1,80.0,0,I,MELB_URBAN,HIGHWAY,7,10.0
106554,1,3,130,1,1,70.0,0,N,LARGE_PROVINCIAL_CITIES,ROAD,6,8.0
106555,6,6,174,5,1,60.0,0,N,MELB_URBAN,ROAD,7,10.0
106556,4,6,173,5,1,100.0,0,N,RURAL_VICTORIA,ROAD,7,11.0
106557,1,5,110,1,3,50.0,0,I,MELB_URBAN,ROAD,7,17.0
106558,1,1,113,2,3,50.0,0,I,MELB_URBAN,ROAD,5,6.0
106559,4,5,171,2,1,60.0,0,I,SMALL_CITIES,STREET,7,13.0
106560,1,6,113,2,1,50.0,0,I,MELB_URBAN,ROAD,7,15.0
106561,1,6,111,2,1,60.0,0,N,SMALL_CITIES,STREET,7,15.0
106562,1,5,113,2,1,50.0,0,N,MELB_URBAN,STREET,7,14.0
106563,1,6,120,5,1,100.0,0,N,RURAL_VICTORIA,HIGHWAY,7,12.0
106564,1,6,113,2,1,100.0,0,I,RURAL_VICTORIA,HIGHWAY,7,15.0
106565,1,5,121,2,1,40.0,0,I,MELB_URBAN,ROAD,7,16.0
106566,1,6,110,1,1,60.0,0,I,TOWNS,STREET,7,16.0
106567,1,6,99,5,2,60.0,0,N,LARGE_PROVINCIAL_CITIES,STREET,7,17.0
106568,1,6,116,2,5,100.0,0,I,RURAL_VICTORIA,HIGHWAY,7,20.0
106569,1,6,135,4,3,70.0,0,I,MELB_URBAN,ROAD,7,19.0
106570,1,6,130,5,2,80.0,0,N,LARGE_PROVINCIAL_CITIES,STREET,7,17.0
106571,2,6,102,2,3,50.0,1,N,MELB_URBAN,OTHER,7,17.0
106572,4,6,183,5,3,60.0,0,N,MELB_URBAN,ROAD,7,22.0
106573,4,5,173,1,4,50.0,0,I,TOWNS,STREET,7,22.0
106574,1,6,99,2,3,50.0,0,I,MELB_URBAN,STREET,7,22.0
106575,1,6,130,1,3,80.0,0,N,MELB_URBAN,HIGHWAY,7,0.0
106576,1,6,111,4,6,60.0,0,I,MELB_URBAN,ROAD,7,4.0
106577,4,7,171,5,5,100.0,0,N,RURAL_VICTORIA,HIGHWAY,7,3.0
106578,1,6,121,2,1,60.0,0,N,MELB_URBAN,ROAD,7,8.0
106579,1,4,130,5,1,100.0,0,N,MELB_URBAN,FREEWAY,7,10.0
106580,1,7,121,4,2,80.0,0,I,MELB_URBAN,FREEWAY,7,7.0
106581,1,6,130,2,1,60.0,0,I,MELB_URBAN,ROAD,7,11.0
106582,1,7,110,1,1,70.0,0,I,MELB_URBAN,ROAD,7,8.0
106583,1,6,110,1,1,60.0,0,I,RURAL_VICTORIA,HIGHWAY,7,11.0
106584,1,6,130,1,1,60.0,0,I,MELB_URBAN,STREET,7,12.0
106585,4,6,171,5,1,60.0,0,I,MELB_URBAN,ROAD,7,8.0
106586,1,7,130,2,1,80.0,0,I,MELB_URBAN,ROAD,7,10.0
106587,1,7,130,5,5,100.0,0,N,MELB_URBAN,FREEWAY,7,3.0
106588,1,7,120,5,1,40.0,0,N,SMALL_TOWNS,ROAD,7,12.0
106589,1,6,99,1,2,60.0,0,I,MELB_URBAN,STREET,7,17.0
106590,2,7,100,2,1,40.0,0,I,MELB_URBAN,ROAD,7,13.0
106591,4,7,171,2,1,50.0,0,I,MELB_URBAN,STREET,7,15.0
106592,4,6,173,5,1,110.0,0,N,RURAL_VICTORIA,FREEWAY,7,15.0
106593,1,7,130,5,1,100.0,0,N,MELB_URBAN,FREEWAY,7,13.0
106594,1,7,130,5,1,100.0,0,N,MELB_URBAN,FREEWAY,7,14.0
106595,4,7,171,5,1,80.0,0,N,RURAL_VICTORIA,ROAD,7,15.0
106596,8,7,100,1,6,60.0,0,N,MELB_URBAN,ROAD,6,18.0
106597,2,7,102,5,3,40.0,0,N,MELB_URBAN,ROAD,7,18.0
106598,1,7,110,1,1,80.0,0,I,RURAL_VICTORIA,ROAD,7,16.0
106599,1,7,121,1,3,60.0,0,I,MELB_URBAN,ROAD,7,18.0
106600,1,2,121,1,1,80.0,0,I,RURAL_VICTORIA,ROAD,7,19.0
106601,1,4,130,2,1,50.0,0,N,MELB_URBAN,STREET,6,16.0
106602,1,6,130,2,2,40.0,0,N,MELB_URBAN,STREET,7,17.0
106603,2,7,100,5,3,80.0,0,N,MELB_URBAN,ROAD,7,20.0
106604,1,6,113,1,3,60.0,0,I,LARGE_PROVINCIAL_CITIES,STREET,7,21.0
106605,4,7,171,5,3,60.0,0,N,SMALL_CITIES,STREET,7,22.0
106606,4,7,171,2,5,50.0,0,I,SMALL_CITIES,DRIVE,7,22.0
106607,1,6,130,1,9,60.0,0,I,MELB_URBAN,ROAD,7,19.0
106608,5,3,99,5,5,100.0,0,N,RURAL_VICTORIA,HIGHWAY,7,1.0
106609,2,7,100,1,1,60.0,0,I,MELB_URBAN,ROAD,7,9.0
106610,6,6,99,5,1,100.0,0,N,RURAL_VICTORIA,ROAD,7,12.0
106611,4,3,173,2,3,50.0,0,I,LARGE_PROVINCIAL_CITIES,DRIVE,5,19.0
106612,1,1,121,2,1,50.0,0,I,MELB_URBAN,AVENUE,7,9.0
106613,1,6,134,5,3,50.0,0,N,TOWNS,STREET,7,18.0
106614,4,1,171,5,1,60.0,0,O,LARGE_PROVINCIAL_CITIES,UNKNOWN,7,11.0
106615,1,3,130,2,1,40.0,0,N,MELB_URBAN,ROAD,7,11.0
106616,2,1,100,5,1,40.0,0,N,MELB_URBAN,STREET,7,13.0
106617,1,1,113,1,1,80.0,0,I,RURAL_VICTORIA,HIGHWAY,7,13.0
106618,1,1,130,5,1,100.0,0,N,MELB_URBAN,ROAD,7,15.0
106619,4,6,171,5,1,100.0,0,N,RURAL_VICTORIA,HIGHWAY,7,12.0
106620,2,1,102,3,2,40.0,0,N,MELBOURNE_CBD,STREET,7,16.0
106621,4,1,99,5,1,50.0,0,N,LARGE_PROVINCIAL_CITIES,STREET,7,15.0
106622,2,1,100,5,3,40.0,0,N,MELB_URBAN,STREET,7,17.0
106623,4,1,173,5,1,90.0,0,I,RURAL_VICTORIA,ROAD,7,13.0
106624,1,1,120,1,1,80.0,0,N,MELB_URBAN,ROAD,7,16.0
106625,8,1,99,9,1,60.0,0,N,RURAL_VICTORIA,OTHER,7,13.0
106626,1,3,99,2,3,60.0,0,I,MELB_URBAN,ROAD,7,17.0
106627,2,1,100,2,3,80.0,0,I,MELB_URBAN,ROAD,7,19.0
106628,1,5,99,1,1,50.0,0,I,MELB_URBAN,STREET,7,8.0
106629,2,0,99,5,1,60.0,0,N,MELB_URBAN,ROAD,7,14.0
106630,1,0,120,5,1,80.0,0,N,RURAL_VICTORIA,ROAD,7,16.0
106631,1,0,120,5,3,60.0,0,N,MELB_URBAN,ROAD,7,19.0
106632,4,1,173,1,5,60.0,0,I,TOWNS,HIGHWAY,7,20.0
106633,6,1,174,5,5,100.0,0,N,RURAL_VICTORIA,ROAD,7,1.0
106634,1,0,140,2,3,60.0,0,I,MELB_URBAN,STREET,7,19.0
106635,1,1,113,2,1,80.0,0,I,MELB_URBAN,ROAD,7,14.0
106636,2,0,99,5,1,50.0,0,N,MELB_URBAN,STREET,7,14.0
106637,4,3,171,5,3,50.0,0,N,MELB_URBAN,ROAD,7,19.0
106638,4,1,173,5,3,70.0,0,N,MELB_URBAN,ROAD,7,22.0
106639,1,2,113,2,3,80.0,0,I,MELB_URBAN,HIGHWAY,7,20.0
106640,4,1,171,5,5,100.0,0,N,RURAL_VICTORIA,ROAD,7,23.0
106641,1,1,130,5,5,80.0,0,N,RURAL_VICTORIA,ROAD,7,0.0
106642,1,1,121,2,3,80.0,0,I,LARGE_PROVINCIAL_CITIES,STREET,7,18.0
106643,1,3,130,5,3,60.0,0,N,MELB_URBAN,ROAD,6,18.0
106644,1,2,113,2,5,100.0,0,I,RURAL_VICTORIA,HIGHWAY,7,7.0
106645,1,2,135,5,2,100.0,0,N,MELB_URBAN,UNKNOWN,7,7.0
106646,1,2,113,2,1,60.0,0,I,MELB_URBAN,ROAD,7,9.0
106647,1,2,121,1,2,60.0,0,I,MELB_URBAN,ROAD,7,7.0
106648,1,2,113,1,1,60.0,0,I,MELB_URBAN,ROAD,7,10.0
106649,1,2,130,5,2,60.0,0,N,SMALL_TOWNS,ROAD,7,7.0
106650,1,2,110,1,1,50.0,0,I,MELB_URBAN,STREET,7,8.0
106651,4,0,183,5,1,100.0,0,N,RURAL_VICTORIA,ROAD,7,12.0
106652,1,2,140,2,3,70.0,0,I,MELB_URBAN,HIGHWAY,7,5.0
106653,1,2,173,5,1,60.0,0,N,SMALL_TOWNS,HIGHWAY,7,11.0
106654,1,2,132,2,1,60.0,0,N,MELB_URBAN,ROAD,7,9.0
106655,1,2,116,2,1,60.0,0,I,MELB_URBAN,ROAD,7,10.0
106656,4,2,171,5,1,100.0,0,N,MELB_URBAN,FREEWAY,7,13.0
106657,1,2,134,5,1,80.0,0,N,MELB_URBAN,HIGHWAY,7,12.0
106658,1,1,130,5,1,70.0,0,N,LARGE_PROVINCIAL_CITIES,STREET,7,13.0
106659,2,4,99,5,1,60.0,0,N,SMALL_CITIES,STREET,7,10.0
106660,1,0,120,5,1,50.0,0,N,MELB_URBAN,DRIVE,7,8.0
106661,6,2,170,5,1,80.0,0,N,MELB_URBAN,FREEWAY,7,12.0
106662,1,2,130,5,1,100.0,0,N,RURAL_VICTORIA,ROAD,7,15.0
106663,1,1,113,2,1,60.0,0,I,MELB_URBAN,STREET,7,15.0
106664,2,2,100,5,1,40.0,0,N,MELB_URBAN,STREET,7,11.0