,accident_type,day_of_week,dca_code,road_geometry,light_condition,speed_zone,severity,node_type,deg_urban_name,road_type,month,hour
106665,4,1,171,5,5,100.0,0,N,RURAL_VICTORIA,ROAD,7,19.0
106666,1,5,130,5,1,80.0,0,N,MELB_URBAN,ROAD,7,16.0
106667,1,2,113,2,3,60.0,0,I,SMALL_CITIES,STREET,7,18.0
106668,1,1,121,1,1,60.0,0,N,MELB_URBAN,ROAD,7,17.0
106669,1,2,130,5,1,60.0,0,N,LARGE_PROVINCIAL_CITIES,ROAD,7,15.0
106670,1,2,99,1,9,60.0,0,N,MELB_URBAN,ROAD,7,18.0
106671,1,2,132,2,3,80.0,0,I,RURAL_VICTORIA,ROAD,7,17.0
106672,2,2,102,5,3,80.0,0,N,MELB_URBAN,ROAD,7,17.0
106673,1,7,130,5,1,50.0,0,N,MELB_URBAN,HIGHWAY,7,14.0
106674,4,2,173,5,3,100.0,0,N,MELB_URBAN,UNKNOWN,7,19.0
106675,1,1,121,2,3,60.0,0,I,MELB_URBAN,ROAD,7,17.0
106676,1,2,99,2,3,50.0,0,N,TOWNS,STREET,7,19.0
106677,2,2,100,2,5,60.0,0,I,MELB_URBAN,ROAD,7,20.0
106678,1,3,130,5,1,80.0,0,N,MELB_URBAN,ROAD,3,7.0
106679,1,2,132,2,3,60.0,0,N,MELB_URBAN,HIGHWAY,7,18.0
106680,1,2,110,1,3,60.0,0,I,MELB_URBAN,STREET,7,22.0
106681,1,2,121,1,3,60.0,0,I,MELB_URBAN,ROAD,7,19.0
106682,1,3,130,5,3,60.0,0,N,MELB_URBAN,OTHER,7,19.0
106683,1,6,121,2,1,60.0,0,I,SMALL_CITIES,HIGHWAY,7,15.0
106684,1,1,130,5,1,60.0,0,N,MELB_URBAN,ROAD,7,8.0
106685,6,2,174,2,1,60.0,0,I,MELB_URBAN,STREET,7,8.0
106686,1,3,130,2,1,60.0,0,N,MELB_URBAN,STREET,7,8.0
106687,2,6,100,1,1,80.0,0,I,MELB_URBAN,HIGHWAY,6,14.0
106688,1,3,130,5,5,80.0,0,N,RURAL_VICTORIA,ROAD,7,7.0
106689,1,3,99,5,1,80.0,0,N,MELB_URBAN,HIGHWAY,7,9.0
106690,3,3,167,5,5,100.0,0,N,RURAL_VICTORIA,ROAD,7,6.0
106691,4,3,171,5,1,50.0,0,N,MELB_URBAN,AVENUE,7,7.0
106692,1,4,134,1,1,50.0,0,I,MELB_URBAN,ROAD,6,11.0
106693,1,3,99,1,1,60.0,0,I,MELB_URBAN,ROAD,7,10.0
106694,1,2,130,5,1,40.0,0,N,MELB_URBAN,STREET,7,8.0
106695,1,5,130,5,3,70.0,0,N,MELB_URBAN,ROAD,7,19.0
106696,1,2,132,5,1,60.0,0,N,MELB_URBAN,STREET,7,10.0
106697,1,3,163,5,1,60.0,0,N,MELB_URBAN,ROAD,7,7.0
106698,8,4,184,5,6,50.0,0,N,MELB_URBAN,ROAD,7,20.0
106699,4,3,99,5,1,100.0,0,N,RURAL_VICTORIA,HIGHWAY,7,11.0
106700,1,3,121,5,1,60.0,0,N,SMALL_CITIES,ROAD,7,11.0
106701,4,1,99,5,5,100.0,0,N,RURAL_VICTORIA,ROAD,7,21.0
106702,1,3,110,1,1,60.0,0,I,LARGE_PROVINCIAL_CITIES,ROAD,7,14.0
106703,1,3,140,5,1,40.0,0,N,MELB_URBAN,ROAD,7,13.0
106704,1,3,116,1,1,80.0,0,N,MELB_URBAN,ROAD,7,14.0
106705,4,3,173,2,1,50.0,0,I,RURAL_VICTORIA,DRIVE,7,8.0
106706,4,3,181,5,1,100.0,0,N,RURAL_VICTORIA,ROAD,7,13.0
106707,4,2,171,5,1,100.0,0,N,RURAL_VICTORIA,ROAD,7,14.0
106708,1,2,130,5,1,60.0,0,N,MELB_URBAN,STREET,7,15.0
106709,1,3,130,5,1,80.0,0,N,MELB_URBAN,ROAD,7,15.0
106710,7,2,99,5,4,50.0,0,N,MELB_URBAN,OTHER,7,20.0
106711,6,3,174,5,5,60.0,0,N,RURAL_VICTORIA,DRIVE,7,6.0
106712,1,3,130,5,5,60.0,0,N,LARGE_PROVINCIAL_CITIES,STREET,7,17.0
106713,1,3,130,5,3,60.0,0,N,MELB_URBAN,ROAD,7,18.0
106714,1,6,130,5,1,60.0,0,N,MELB_URBAN,ROAD,7,13.0
106715,1,3,130,5,2,110.0,0,N,MELB_URBAN,FREEWAY,6,6.0
106716,1,3,130,5,9,60.0,0,N,MELB_URBAN,UNKNOWN,7,8.0
106717,4,3,173,2,3,60.0,0,I,MELB_URBAN,ROAD,7,19.0
106718,4,2,183,5,5,80.0,0,N,RURAL_VICTORIA,ROAD,7,18.0
106719,4,3,173,4,5,100.0,0,N,MELB_URBAN,FREEWAY,7,19.0
106720,1,3,110,1,3,60.0,0,I,MELB_URBAN,BOULEVARD,7,20.0
106721,2,3,102,5,3,50.0,1,N,SMALL_CITIES,STREET,7,18.0
106722,1,5,113,2,1,70.0,0,I,MELB_URBAN,STREET,7,7.0
106723,1,5,133,5,1,80.0,0,N,TOWNS,HIGHWAY,7,9.0
106724,2,3,99,5,3,50.0,0,N,TOWNS,STREET,7,22.0
106725,4,4,173,5,5,100.0,0,N,RURAL_VICTORIA,ROAD,7,0.0
106726,6,3,170,5,3,80.0,0,N,MELB_URBAN,HIGHWAY,7,0.0
106727,1,4,99,5,5,60.0,0,N,RURAL_VICTORIA,ROAD,7,5.0
106728,1,4,130,1,9,60.0,0,I,MELB_URBAN,ROAD,7,6.0
106729,1,3,99,5,1,60.0,0,N,MELB_URBAN,STREET,7,7.0
106730,1,3,113,2,2,80.0,0,I,MELB_URBAN,HIGHWAY,7,17.0
106731,4,4,173,5,1,100.0,0,N,RURAL_VICTORIA,HIGHWAY,7,7.0
106732,4,4,171,5,1,100.0,0,N,RURAL_VICTORIA,HIGHWAY,7,8.0
106733,1,4,130,1,1,50.0,0,I,MELB_URBAN,STREET,7,9.0
106734,4,4,99,5,1,50.0,0,N,SMALL_CITIES,OTHER,7,9.0
106735,4,3,171,5,1,100.0,0,N,RURAL_VICTORIA,HIGHWAY,6,9.0
106736,4,3,99,5,1,60.0,0,N,MELB_URBAN,OTHER,7,7.0
106737,1,4,121,1,1,60.0,0,N,MELB_URBAN,ROAD,7,11.0
106738,4,2,173,5,1,100.0,0,N,RURAL_VICTORIA,FREEWAY,7,9.0
106739,1,6,116,1,1,60.0,0,I,MELB_URBAN,RAMP,7,15.0
106740,1,4,111,1,1,50.0,0,I,LARGE_PROVINCIAL_CITIES,BOULEVARD,7,13.0
106741,6,4,99,2,1,80.0,0,I,RURAL_VICTORIA,ROAD,7,13.0
106742,1,3,130,5,1,40.0,0,N,MELB_URBAN,ROAD,7,13.0
106743,2,4,99,2,3,50.0,0,N,MELBOURNE_CBD,STREET,7,5.0
106744,1,2,121,2,3,60.0,0,I,MELB_URBAN,ROAD,7,18.0
106745,1,1,113,1,1,50.0,0,I,MELB_URBAN,ROAD,7,14.0
106746,2,4,99,5,1,60.0,0,N,MELB_URBAN,ROAD,7,13.0
106747,1,4,110,1,1,60.0,0,I,MELB_URBAN,ROAD,7,8.0
106748,1,2,113,2,2,50.0,0,I,MELB_URBAN,AVENUE,6,17.0
106749,1,4,135,5,1,80.0,0,N,TOWNS,HIGHWAY,7,9.0
106750,1,4,110,1,1,100.0,0,I,RURAL_VICTORIA,ROAD,7,15.0
106751,1,4,120,5,1,60.0,0,N,MELB_URBAN,ROAD,7,14.0
106752,1,3,130,2,1,50.0,0,I,TOWNS,OTHER,7,14.0
106753,1,4,121,2,3,60.0,0,I,MELB_URBAN,STREET,7,18.0
106754,1,4,130,5,5,80.0,0,N,MELB_URBAN,ROAD,7,17.0
106755,2,4,102,1,3,70.0,0,I,MELB_URBAN,ROAD,7,18.0
106756,1,4,116,2,3,60.0,0,I,LARGE_PROVINCIAL_CITIES,AVENUE,7,19.0
106757,1,3,121,2,3,60.0,0,I,MELB_URBAN,HIGHWAY,7,18.0
106758,1,7,113,3,9,60.0,0,I,MELB_URBAN,ROAD,6,13.0
106759,1,4,130,5,3,80.0,0,N,MELB_URBAN,HIGHWAY,7,17.0
106760,1,1,113,2,1,60.0,0,I,MELB_URBAN,STREET,7,16.0
106761,4,1,99,5,1,50.0,0,N,MELB_URBAN,PARADE,6,16.0
106762,1,4,110,1,1,50.0,0,I,LARGE_PROVINCIAL_CITIES,OTHER,7,15.0
106763,4,4,99,2,3,60.0,0,N,LARGE_PROVINCIAL_CITIES,STREET,7,22.0
106764,1,4,160,5,3,60.0,0,N,MELB_URBAN,ROAD,7,23.0
106765,4,5,171,4,5,110.0,0,N,RURAL_VICTORIA,FREEWAY,7,1.0
106766,1,4,130,5,3,100.0,0,N,MELB_URBAN,FREEWAY,7,23.0
106767,1,4,130,5,1,60.0,0,N,MELB_URBAN,ROAD,7,14.0
106768,4,7,173,5,5,50.0,0,N,RURAL_VICTORIA,ROAD,5,3.0
106769,4,5,183,5,3,60.0,0,N,MELB_URBAN,ROAD,7,4.0
106770,1,6,99,1,2,40.0,0,N,MELB_URBAN,STREET,6,5.0
106771,2,3,102,5,1,50.0,0,N,MELB_URBAN,DRIVE,7,15.0
106772,1,5,132,2,2,80.0,0,I,RURAL_VICTORIA,ROAD,7,7.0
106773,1,4,130,5,1,60.0,0,N,MELB_URBAN,STREET,7,7.0
106774,1,3,160,5,1,60.0,0,N,MELB_URBAN,DRIVE,7,9.0
106775,1,4,130,5,3,80.0,0,N,MELB_URBAN,OTHER,7,18.0
106776,1,3,130,1,1,60.0,0,I,LARGE_PROVINCIAL_CITIES,STREET,7,16.0
106777,1,3,130,5,2,60.0,0,N,SMALL_CITIES,STREET,7,17.0
106778,2,4,99,5,3,50.0,0,N,TOWNS,HIGHWAY,7,6.0
106779,1,4,130,5,1,60.0,0,N,MELB_URBAN,ROAD,7,6.0
106780,1,5,130,5,1,80.0,0,N,MELB_URBAN,HIGHWAY,7,11.0
106781,4,3,173,5,1,100.0,0,N,RURAL_VICTORIA,ROAD,7,8.0
106782,4,7,183,5,9,60.0,0,N,SMALL_TOWNS,ROAD,7,16.0
106783,1,4,160,5,1,50.0,0,N,MELB_URBAN,DRIVE,7,8.0
106784,2,5,100,4,4,60.0,1,I,MELB_URBAN,RAMP,7,5.0
106785,1,5,140,5,1,60.0,0,N,LARGE_PROVINCIAL_CITIES,STREET,7,13.0
106786,1,5,130,2,1,60.0,0,I,MELB_URBAN,STREET,7,7.0
106787,1,5,130,5,1,40.0,0,N,MELB_URBAN,ROAD,7,8.0
106788,1,5,121,2,1,80.0,0,I,SMALL_CITIES,HIGHWAY,7,15.0
106789,1,3,130,2,1,80.0,0,I,MELB_URBAN,ROAD,7,14.0
106790,8,4,99,5,1,60.0,0,N,MELB_URBAN,STREET,7,7.0
106791,1,3,130,1,1,80.0,0,I,MELB_URBAN,ROAD,4,13.0
106792,1,4,110,1,1,60.0,0,I,MELB_URBAN,ROAD,7,15.0
106793,1,3,130,5,1,80.0,0,I,MELB_URBAN,ROAD,7,16.0
106794,1,4,110,1,2,50.0,0,I,SMALL_CITIES,STREET,7,17.0
106795,8,4,184,5,9,80.0,0,N,RURAL_VICTORIA,ROAD,7,8.0
106796,2,5,102,1,3,80.0,0,N,MELB_URBAN,ROAD,7,18.0
106797,1,5,121,1,1,60.0,0,I,MELB_URBAN,ROAD,7,16.0
106798,1,5,130,5,3,60.0,0,N,MELB_URBAN,ROAD,7,17.0
106799,1,5,111,1,3,50.0,0,I,MELB_URBAN,STREET,7,18.0
106800,1,5,110,1,3,60.0,0,I,MELB_URBAN,ROAD,7,19.0
106801,1,5,110,1,1,100.0,0,I,RURAL_VICTORIA,AVENUE,7,15.0
106802,4,5,173,5,3,50.0,0,N,LARGE_PROVINCIAL_CITIES,STREET,7,19.0
106803,1,5,111,1,3,60.0,0,I,MELB_URBAN,ROAD,7,20.0
106804,1,5,160,5,5,50.0,0,N,TOWNS,ROAD,7,20.0
106805,2,5,99,1,3,60.0,0,I,MELB_URBAN,ROAD,7,19.0
106806,1,4,130,5,2,60.0,0,N,RURAL_VICTORIA,ROAD,7,17.0
106807,2,5,99,5,1,50.0,0,N,MELB_URBAN,STREET,7,14.0
106808,1,5,113,2,3,70.0,0,I,MELB_URBAN,ROAD,7,5.0
106809,1,6,160,2,3,70.0,0,N,MELB_URBAN,ROAD,7,0.0
106810,4,6,171,2,3,60.0,0,I,MELB_URBAN,STREET,7,5.0
106811,1,2,113,2,3,50.0,0,I,MELB_URBAN,STREET,6,18.0
106812,1,2,130,5,2,100.0,0,N,MELB_URBAN,FREEWAY,7,17.0
106813,1,5,121,1,1,70.0,0,N,MELB_URBAN,RAMP,7,14.0
106814,1,6,135,5,2,100.0,0,N,MELB_URBAN,RAMP,7,7.0
106815,1,6,110,1,1,60.0,0,I,LARGE_PROVINCIAL_CITIES,STREET,7,8.0
106816,1,5,121,1,3,60.0,0,I,LARGE_PROVINCIAL_CITIES,STREET,7,21.0
106817,1,5,163,5,1,40.0,0,N,MELB_URBAN,ROAD,5,18.0
106818,1,6,99,4,1,50.0,0,N,MELB_URBAN,STREET,7,9.0
106819,1,5,121,1,2,60.0,0,I,RURAL_VICTORIA,ROAD,7,6.0
106820,1,7,121,2,1,60.0,0,I,MELB_URBAN,ROAD,5,11.0
106821,1,6,113,1,1,70.0,0,I,MELB_URBAN,ROAD,7,9.0
106822,1,5,121,1,1,60.0,0,I,MELB_URBAN,ROAD,7,8.0
106823,1,5,130,1,1,60.0,0,N,SMALL_CITIES,STREET,7,12.0
106824,1,6,110,1,1,50.0,0,I,MELB_URBAN,STREET,7,8.0
106825,8,6,174,5,1,60.0,0,N,MELB_URBAN,ROAD,7,12.0
106826,1,5,121,2,1,60.0,0,I,LARGE_PROVINCIAL_CITIES,UNKNOWN,5,15.0
106827,4,6,171,1,1,80.0,0,I,MELB_URBAN,ROAD,7,12.0
106828,1,4,130,5,2,100.0,0,N,MELB_URBAN,FREEWAY,7,18.0
106829,4,5,171,5,1,50.0,0,N,MELB_URBAN,STREET,7,12.0
106830,1,2,130,2,9,60.0,0,I,MELB_URBAN,ROAD,6,16.0
106831,1,4,130,2,2,60.0,0,I,MELB_URBAN,ROAD,7,6.0
106832,1,5,130,5,9,60.0,0,N,MELB_URBAN,UNKNOWN,7,13.0
106833,1,6,110,1,1,110.0,0,I,RURAL_VICTORIA,FREEWAY,7,12.0
106834,4,5,173,1,6,50.0,0,I,MELB_URBAN,AVENUE,7,18.0
106835,5,1,99,5,5,110.0,0,N,RURAL_VICTORIA,FREEWAY,7,5.0
106836,1,6,160,5,1,70.0,0,N,MELB_URBAN,ROAD,7,15.0
106837,1,6,116,2,1,60.0,0,I,LARGE_PROVINCIAL_CITIES,ROAD,7,16.0
106838,1,6,130,5,1,40.0,0,N,LARGE_PROVINCIAL_CITIES,STREET,7,15.0
106839,1,6,120,5,1,100.0,0,N,RURAL_VICTORIA,ROAD,7,15.0
106840,1,6,110,1,1,50.0,0,I,MELB_URBAN,STREET,7,14.0
106841,1,5,113,2,3,50.0,0,N,MELB_URBAN,STREET,7,0.0
106842,8,6,170,5,1,60.0,0,N,MELB_URBAN,ROAD,7,14.0
106843,1,3,111,1,1,60.0,0,I,MELB_URBAN,STREET,6,11.0
106844,4,4,171,5,1,60.0,0,N,MELB_URBAN,ROAD,7,15.0
106845,2,6,100,1,1,60.0,0,I,MELB_URBAN,ROAD,7,16.0
106846,1,5,120,5,1,40.0,0,N,MELB_URBAN,STREET,7,17.0
106847,1,5,130,5,1,80.0,0,N,MELB_URBAN,ROAD,7,15.0
106848,2,6,99,5,5,60.0,0,N,MELB_URBAN,ROAD,7,18.0
106849,4,6,171,5,3,50.0,0,N,SMALL_CITIES,ROAD,7,20.0
106850,1,6,160,2,3,50.0,0,N,LARGE_PROVINCIAL_CITIES,STREET,7,21.0
106851,1,6,130,5,3,70.0,0,N,MELB_URBAN,ROAD,7,17.0
106852,2,0,102,5,5,80.0,0,N,MELB_URBAN,HIGHWAY,6,19.0
106853,1,6,99,5,3,80.0,0,N,MELB_URBAN,HIGHWAY,7,20.0
106854,3,5,167,5,5,60.0,0,N,RURAL_VICTORIA,ROAD,7,19.0
106855,1,6,113,2,3,60.0,0,I,MELB_URBAN,AVENUE,7,20.0
106856,2,6,102,5,3,80.0,0,N,MELB_URBAN,HIGHWAY,7,21.0
106857,8,6,99,9,3,50.0,0,N,SMALL_CITIES,STREET,7,0.0
106858,6,6,99,5,5,100.0,0,N,RURAL_VICTORIA,ROAD,7,1.0
106859,7,7,99,5,3,100.0,0,N,MELB_URBAN,FREEWAY,7,0.0
106860,3,7,167,5,5,100.0,0,N,RURAL_VICTORIA,ROAD,7,1.0
106861,4,7,171,5,3,60.0,0,N,MELB_URBAN,STREET,7,2.0
106862,1,6,130,5,3,80.0,0,N,MELB_URBAN,FREEWAY,7,4.0
106863,1,2,130,1,9,60.0,0,N,MELB_URBAN,STREET,5,12.0
106864,1,7,121,1,1,100.0,0,I,RURAL_VICTORIA,ROAD,7,9.0
106865,4,7,183,5,1,100.0,0,N,RURAL_VICTORIA,ROAD,7,8.0
106866,1,6,121,1,1,60.0,0,I,MELB_URBAN,ROAD,7,9.0
106867,2,3,99,5,6,60.0,0,N,MELB_URBAN,ROAD,5,18.0
106868,1,7,113,1,1,60.0,0,I,MELB_URBAN,ROAD,7,8.0
106869,1,2,121,2,1,60.0,0,I,MELB_URBAN,ROAD,7,14.0
106870,8,6,174,2,1,60.0,0,I,SMALL_CITIES,ROAD,7,12.0
106871,4,7,173,5,1,50.0,0,N,MELB_URBAN,STREET,7,10.0
106872,6,5,170,5,1,100.0,0,N,MELB_URBAN,ROAD,2,8.0
106873,1,7,130,5,1,60.0,0,N,LARGE_PROVINCIAL_CITIES,STREET,7,10.0
106874,1,7,113,2,1,100.0,0,I,RURAL_VICTORIA,HIGHWAY,7,9.0
106875,1,3,110,1,1,60.0,0,I,MELB_URBAN,ROAD,7,17.0
106876,1,2,135,5,1,60.0,0,N,LARGE_PROVINCIAL_CITIES,STREET,5,10.0
106877,1,6,121,2,1,80.0,0,I,MELB_URBAN,ROAD,7,12.0
106878,2,7,100,5,1,50.0,0,N,MELB_URBAN,STREET,7,14.0
106879,1,7,99,5,1,80.0,0,N,MELB_URBAN,HIGHWAY,7,13.0
106880,1,6,99,2,9,70.0,0,N,MELB_URBAN,ROAD,6,10.0
106881,1,6,99,2,1,50.0,0,I,MELB_URBAN,ROAD,7,15.0
106882,8,7,174,5,1,80.0,0,N,RURAL_VICTORIA,ROAD,7,15.0
106883,5,5,99,5,3,80.0,0,N,MELB_URBAN,ROAD,7,18.0
106884,1,7,99,2,1,60.0,0,I,RURAL_VICTORIA,DRIVE,7,16.0
106885,1,3,130,5,2,100.0,0,N,MELB_URBAN,ROAD,7,17.0
106886,1,6,110,1,1,70.0,0,I,MELB_URBAN,ROAD,7,16.0
106887,1,6,113,2,1,70.0,0,I,MELB_URBAN,ROAD,7,11.0
106888,1,7,121,2,5,100.0,0,I,RURAL_VICTORIA,ROAD,7,17.0
106889,2,7,102,5,3,50.0,0,N,MELB_URBAN,STREET,7,18.0
106890,1,7,121,5,2,60.0,0,N,MELB_URBAN,ROAD,7,17.0
106891,4,7,173,5,1,110.0,0,I,RURAL_VICTORIA,RAMP,7,16.0
106892,1,7,113,2,1,100.0,0,I,RURAL_VICTORIA,HIGHWAY,7,17.0
106893,1,6,121,1,1,80.0,0,I,RURAL_VICTORIA,HIGHWAY,7,14.0
106894,1,7,110,1,3,60.0,0,I,SMALL_CITIES,STREET,7,19.0
106895,1,6,147,2,3,80.0,0,UNKNOWN,UNKNOWN,UNKNOWN,7,6.0
106896,1,7,99,2,1,80.0,1,I,RURAL_VICTORIA,ROAD,7,16.0
106897,1,7,147,5,3,70.0,0,N,MELB_URBAN,ROAD,7,18.0
106898,1,7,121,1,3,70.0,1,I,MELB_URBAN,ROAD,7,20.0
106899,2,7,102,1,3,60.0,0,I,MELB_URBAN,STREET,7,22.0
106900,1,7,110,1,3,60.0,0,I,LARGE_PROVINCIAL_CITIES,STREET,7,21.0
106901,1,6,110,1,3,60.0,0,I,MELB_URBAN,ROAD,7,2.0
106902,2,7,99,5,5,60.0,0,N,MELB_URBAN,ROAD,7,22.0
106903,2,1,100,2,3,40.0,0,N,MELB_URBAN,STREET,7,1.0
106904,4,1,171,2,3,80.0,0,N,MELB_URBAN,ROAD,7,5.0
106905,1,6,130,5,1,70.0,0,N,MELB_URBAN,ROAD,7,16.0
106906,1,0,99,1,3,60.0,0,I,MELB_URBAN,ROAD,7,5.0
106907,1,5,99,2,1,40.0,0,I,MELB_URBAN,DRIVE,7,15.0
106908,1,1,120,5,1,60.0,0,N,MELB_URBAN,STREET,7,7.0
106909,1,7,110,1,1,60.0,0,I,SMALL_CITIES,PARADE,7,9.0
106910,3,1,167,5,2,100.0,0,N,RURAL_VICTORIA,OTHER,7,6.0
106911,1,1,132,2,1,60.0,0,N,MELB_URBAN,ROAD,7,10.0
106912,1,1,99,5,1,100.0,0,N,RURAL_VICTORIA,ROAD,7,11.0
106913,4,0,171,5,1,100.0,0,N,RURAL_VICTORIA,ROAD,7,11.0
106914,1,1,130,5,1,80.0,0,N,RURAL_VICTORIA,ROAD,7,11.0
106915,1,1,110,1,1,100.0,0,I,RURAL_VICTORIA,ROAD,7,14.0
106916,1,1,132,1,1,60.0,0,I,MELB_URBAN,ROAD,7,15.0
106917,1,1,110,1,1,80.0,0,I,RURAL_VICTORIA,ROAD,7,13.0
106918,1,1,121,2,1,80.0,0,I,RURAL_VICTORIA,ROAD,7,16.0
106919,8,7,174,2,1,60.0,0,N,MELB_URBAN,ROAD,7,15.0
106920,1,0,130,5,3,100.0,0,N,MELB_URBAN,ROAD,7,19.0
106921,1,7,120,5,5,100.0,0,N,RURAL_VICTORIA,ROAD,7,18.0
106922,6,1,184,5,1,60.0,0,N,RURAL_VICTORIA,ROAD,7,16.0
106923,1,1,113,2,1,60.0,0,I,MELB_URBAN,AVENUE,7,15.0
106924,1,0,135,5,3,100.0,0,N,MELB_URBAN,ROAD,7,18.0
106925,9,1,174,1,3,60.0,0,I,MELB_URBAN,OTHER,7,3.0
106926,1,1,160,5,3,40.0,0,N,MELB_URBAN,BOULEVARD,7,22.0
106927,1,1,130,5,3,60.0,0,N,MELB_URBAN,ROAD,7,18.0
106928,4,2,183,5,3,60.0,0,N,MELB_URBAN,STREET,7,1.0
106929,1,2,120,2,3,50.0,0,I,MELB_URBAN,ROAD,7,5.0
106930,1,2,121,1,3,60.0,0,I,MELB_URBAN,ROAD,7,6.0
106931,4,1,173,5,1,100.0,1,N,RURAL_VICTORIA,HIGHWAY,7,16.0
106932,1,2,121,2,2,50.0,0,I,MELB_URBAN,STREET,7,6.0
106933,1,2,99,2,3,70.0,0,I,MELB_URBAN,ROAD,7,20.0
106934,1,6,160,5,3,50.0,0,N,SMALL_CITIES,OTHER,7,20.0
106935,1,2,163,5,1,60.0,0,N,MELB_URBAN,STREET,7,9.0
106936,1,2,110,1,1,80.0,0,I,MELB_URBAN,HIGHWAY,7,7.0
106937,1,7,130,4,1,60.0,0,I,LARGE_PROVINCIAL_CITIES,ROAD,7,10.0
106938,1,2,130,5,1,70.0,0,N,MELB_URBAN,ROAD,7,8.0
106939,8,3,99,5,3,100.0,0,N,MELB_URBAN,ROAD,7,19.0
106940,1,6,130,1,3,50.0,0,I,LARGE_PROVINCIAL_CITIES,STREET,7,20.0
106941,1,2,121,1,1,40.0,0,I,SMALL_CITIES,STREET,7,11.0
106942,2,2,102,5,1,50.0,0,N,MELB_URBAN,ROAD,7,8.0
106943,1,3,135,5,3,60.0,0,N,LARGE_PROVINCIAL_CITIES,STREET,7,19.0
106944,1,6,132,2,1,60.0,0,I,MELB_URBAN,AVENUE,7,9.0
106945,2,1,99,2,1,40.0,0,N,MELB_URBAN,STREET,7,8.0
106946,1,4,147,5,9,60.0,0,N,MELB_URBAN,ROAD,6,7.0
106947,1,3,113,2,6,60.0,0,I,MELB_URBAN,STREET,7,18.0
106948,1,1,110,1,1,50.0,0,I,MELB_URBAN,STREET,7,11.0
106949,1,6,130,2,1,70.0,0,I,LARGE_PROVINCIAL_CITIES,HIGHWAY,1,16.0
106950,1,2,130,2,1,60.0,0,I,MELB_URBAN,ROAD,7,17.0
106951,1,3,121,2,9,60.0,0,I,MELB_URBAN,STREET,7,8.0
106952,4,2,99,2,1,60.0,0,N,MELB_URBAN,DRIVE,7,16.0
106953,1,2,130,5,9,60.0,0,N,MELB_URBAN,ROAD,6,15.0
106954,1,2,130,1,1,40.0,0,N,MELB_URBAN,ROAD,7,15.0
106955,1,1,121,1,1,60.0,0,I,MELB_URBAN,ROAD,7,16.0
106956,2,2,102,1,1,80.0,1,I,MELB_URBAN,OTHER,7,16.0
106957,1,2,130,5,1,100.0,0,N,MELB_URBAN,ROAD,7,16.0
106958,1,2,99,4,1,60.0,0,N,MELB_URBAN,ROAD,7,15.0
106959,1,1,135,2,1,60.0,0,N,MELB_URBAN,STREET,7,12.0
106960,1,7,99,2,1,80.0,0,I,MELB_URBAN,ROAD,7,8.0
106961,1,1,121,1,1,60.0,0,I,MELB_URBAN,ROAD,7,16.0
106962,1,2,121,2,3,70.0,0,I,MELB_URBAN,STREET,7,21.0
106963,6,7,174,5,1,60.0,0,N,RURAL_VICTORIA,ROAD,7,15.0
106964,1,3,110,1,5,80.0,0,I,RURAL_VICTORIA,ROAD,7,0.0
106965,1,4,130,1,1,60.0,0,I,RURAL_VICTORIA,ROAD,6,11.0
106966,1,1,120,2,3,50.0,0,I,MELB_URBAN,STREET,7,22.0
106967,6,3,174,1,3,70.0,0,N,MELB_URBAN,ROAD,7,4.0
106968,4,3,171,5,3,50.0,0,N,MELB_URBAN,STREET,7,4.0
106969,1,2,133,5,1,60.0,0,N,MELB_URBAN,STREET,7,13.0
106970,8,3,174,5,2,60.0,0,N,MELB_URBAN,ROAD,7,6.0
106971,1,6,113,2,3,60.0,0,I,MELB_URBAN,ROAD,7,22.0
106972,4,3,171,5,1,40.0,0,N,MELB_URBAN,ROAD,7,7.0
106973,1,3,130,5,5,110.0,0,N,RURAL_VICTORIA,FREEWAY,7,6.0
106974,1,3,99,5,1,60.0,0,N,MELB_URBAN,ROAD,7,7.0
106975,2,3,102,1,1,80.0,0,I,MELB_URBAN,HIGHWAY,7,8.0
106976,8,3,99,1,1,60.0,0,N,MELB_URBAN,STREET,7,7.0
106977,1,2,133,5,1,60.0,0,N,MELB_URBAN,STREET,7,16.0
106978,1,1,130,1,1,80.0,0,N,RURAL_VICTORIA,ROAD,7,11.0
106979,1,5,113,2,3,50.0,0,I,MELB_URBAN,ROAD,7,21.0
106980,1,5,130,2,1,70.0,0,I,MELB_URBAN,ROAD,7,16.0
106981,1,2,130,5,1,60.0,0,N,MELB_URBAN,ROAD,7,10.0
106982,2,1,99,5,1,60.0,0,N,MELB_URBAN,STREET,7,16.0
106983,1,4,130,5,5,70.0,0,N,MELB_URBAN,ROAD,7,17.0
106984,1,2,99,5,1,50.0,0,N,MELB_URBAN,OTHER,7,16.0
106985,1,3,121,1,1,80.0,0,N,MELB_URBAN,ROAD,7,8.0
106986,1,1,130,2,1,60.0,0,I,MELB_URBAN,ROAD,7,8.0
106987,1,3,121,4,1,70.0,0,I,MELB_URBAN,ROAD,7,12.0
106988,1,3,130,5,5,110.0,0,N,LARGE_PROVINCIAL_CITIES,FREEWAY,7,6.0
106989,1,3,113,2,1,60.0,0,I,MELB_URBAN,HIGHWAY,7,12.0
106990,1,6,130,5,1,60.0,0,N,MELB_URBAN,PARADE,7,10.0