,accident_type,day_of_week,dca_code,road_geometry,light_condition,speed_zone,severity,node_type,deg_urban_name,road_type,month,hour
106991,1,6,140,5,1,40.0,0,N,RURAL_VICTORIA,STREET,6,10.0
106992,1,3,130,5,1,100.0,0,N,MELB_URBAN,ROAD,7,8.0
106993,1,4,130,5,3,60.0,0,N,MELB_URBAN,ROAD,7,17.0
106994,7,3,99,5,1,100.0,0,N,RURAL_VICTORIA,ROAD,7,12.0
106995,1,3,113,2,2,40.0,0,I,MELB_URBAN,ROAD,3,7.0
106996,1,7,130,5,1,50.0,0,N,MELB_URBAN,STREET,6,17.0
106997,1,3,110,1,1,80.0,0,I,RURAL_VICTORIA,ROAD,7,14.0
106998,1,3,120,5,1,80.0,0,N,SMALL_CITIES,ROAD,7,15.0
106999,1,3,130,5,1,40.0,0,N,MELB_URBAN,ROAD,7,15.0
107000,1,3,110,1,2,100.0,0,I,RURAL_VICTORIA,HIGHWAY,7,16.0
107001,1,7,135,1,1,40.0,0,I,MELB_URBAN,ROAD,7,7.0
107002,4,3,183,5,2,60.0,0,N,RURAL_VICTORIA,ROAD,7,16.0
107003,1,2,110,1,3,60.0,0,I,MELB_URBAN,ROAD,7,18.0
107004,2,3,102,5,3,60.0,0,N,MELB_URBAN,ROAD,7,18.0
107005,1,3,99,2,2,60.0,0,I,MELB_URBAN,STREET,7,16.0
107006,2,3,102,2,3,60.0,0,N,MELB_URBAN,STREET,7,18.0
107007,2,2,102,5,1,50.0,0,N,MELB_URBAN,OTHER,7,16.0
107008,1,3,110,1,5,50.0,0,I,LARGE_PROVINCIAL_CITIES,AVENUE,7,18.0
107009,1,3,99,5,3,50.0,0,N,MELB_URBAN,STREET,7,18.0
107010,2,3,102,1,3,50.0,0,N,MELB_URBAN,STREET,7,18.0
107011,1,3,121,1,3,70.0,0,I,MELB_URBAN,ROAD,7,19.0
107012,1,7,132,5,1,60.0,0,N,MELB_URBAN,ROAD,5,13.0
107013,1,3,160,5,3,60.0,0,N,MELB_URBAN,ROAD,7,23.0
107014,1,4,140,5,2,40.0,0,N,MELBOURNE_CBD,STREET,7,6.0
107015,1,5,99,1,9,40.0,0,I,MELBOURNE_CBD,STREET,6,17.0
107016,8,2,184,1,9,60.0,0,I,SMALL_CITIES,AVENUE,7,17.0
107017,2,3,100,2,1,50.0,0,I,LARGE_PROVINCIAL_CITIES,STREET,7,9.0
107018,1,4,130,2,1,60.0,0,I,MELB_URBAN,ROAD,7,10.0
107019,1,4,110,1,3,80.0,1,I,MELB_URBAN,HIGHWAY,7,6.0
107020,2,7,99,5,3,50.0,0,N,MELB_URBAN,OTHER,7,2.0
107021,1,6,130,5,1,100.0,0,N,MELB_URBAN,ROAD,7,9.0
107022,1,4,147,5,1,60.0,0,N,MELB_URBAN,ROAD,7,11.0
107023,2,3,100,1,1,60.0,0,I,MELB_URBAN,ROAD,7,8.0
107024,4,3,171,5,5,100.0,0,N,MELB_URBAN,FREEWAY,7,19.0
107025,1,4,160,5,1,50.0,0,N,LARGE_PROVINCIAL_CITIES,DRIVE,7,12.0
107026,1,3,132,5,1,60.0,0,N,SMALL_CITIES,ROAD,7,11.0
107027,1,4,121,1,1,60.0,0,I,MELB_URBAN,STREET,7,8.0
107028,1,4,130,5,1,60.0,0,N,MELB_URBAN,ROAD,7,11.0
107029,1,3,121,5,1,60.0,0,N,MELB_URBAN,ROAD,7,12.0
107030,4,4,173,5,1,100.0,0,N,RURAL_VICTORIA,ROAD,7,11.0
107031,6,2,174,2,6,60.0,0,I,MELB_URBAN,ROAD,7,18.0
107032,1,4,181,5,1,80.0,0,N,MELB_URBAN,RAMP,7,11.0
107033,1,4,110,1,1,50.0,0,I,TOWNS,STREET,7,9.0
107034,6,4,174,5,1,60.0,0,N,SMALL_CITIES,ROAD,7,9.0
107035,1,6,99,5,1,70.0,0,N,MELB_URBAN,ROAD,6,13.0
107036,4,4,181,5,1,100.0,0,N,RURAL_VICTORIA,ROAD,7,13.0
107037,2,4,100,5,1,50.0,0,N,TOWNS,STREET,7,13.0
107038,1,3,130,5,1,60.0,0,N,MELB_URBAN,STREET,5,14.0
107039,1,2,130,5,9,80.0,0,N,MELB_URBAN,FREEWAY,7,16.0
107040,1,4,140,1,1,60.0,0,I,MELB_URBAN,ROAD,7,14.0
107041,1,4,130,5,1,60.0,0,N,MELB_URBAN,STREET,7,16.0
107042,1,4,113,2,1,60.0,0,I,LARGE_PROVINCIAL_CITIES,ROAD,7,15.0
107043,1,3,121,2,2,40.0,0,I,MELB_URBAN,STREET,7,18.0
107044,1,3,160,5,1,60.0,0,N,MELB_URBAN,STREET,7,16.0
107045,8,2,99,5,1,60.0,0,N,LARGE_PROVINCIAL_CITIES,ROAD,7,15.0
107046,1,4,140,2,3,60.0,0,I,LARGE_PROVINCIAL_CITIES,STREET,7,18.0
107047,1,4,121,1,3,80.0,0,I,MELB_URBAN,ROAD,7,18.0
107048,1,4,132,2,3,50.0,0,I,LARGE_PROVINCIAL_CITIES,STREET,7,18.0
107049,1,4,130,5,3,80.0,0,N,MELB_URBAN,RAMP,7,18.0
107050,1,4,130,5,1,60.0,0,N,MELB_URBAN,FREEWAY,6,7.0
107051,2,4,100,2,3,50.0,0,I,MELB_URBAN,OTHER,7,19.0
107052,4,3,171,5,5,100.0,0,N,RURAL_VICTORIA,ROAD,7,21.0
107053,1,4,120,5,3,60.0,0,N,MELB_URBAN,ROAD,7,22.0
107054,2,4,100,5,3,40.0,0,N,MELB_URBAN,STREET,7,6.0
107055,1,5,113,2,3,60.0,0,I,MELB_URBAN,ROAD,7,5.0
107056,4,4,183,5,1,60.0,0,N,SMALL_CITIES,HIGHWAY,7,15.0
107057,8,7,99,3,1,60.0,0,I,RURAL_VICTORIA,OTHER,7,11.0
107058,2,5,102,1,3,60.0,0,I,MELB_URBAN,ROAD,7,5.0
107059,1,1,135,5,9,100.0,0,N,MELB_URBAN,FREEWAY,7,5.0
107060,1,4,160,5,1,50.0,0,N,MELB_URBAN,DRIVE,7,7.0
107061,1,3,99,1,1,50.0,0,I,SMALL_CITIES,HIGHWAY,7,12.0
107062,1,4,121,2,1,60.0,0,I,MELB_URBAN,ROAD,7,7.0
107063,1,5,130,5,1,100.0,0,N,MELB_URBAN,FREEWAY,7,7.0
107064,1,3,130,5,1,80.0,0,N,MELB_URBAN,HIGHWAY,7,17.0
107065,1,3,130,5,1,60.0,0,N,MELB_URBAN,ROAD,6,15.0
107066,2,3,100,1,9,60.0,0,I,MELB_URBAN,ROAD,7,18.0
107067,1,5,130,5,1,80.0,0,N,LARGE_PROVINCIAL_CITIES,ROAD,7,16.0
107068,1,5,120,5,1,60.0,0,N,TOWNS,ROAD,7,10.0
107069,1,3,130,2,1,60.0,0,I,MELB_URBAN,ROAD,7,16.0
107070,1,5,147,5,1,60.0,0,N,MELB_URBAN,ROAD,7,7.0
107071,1,4,130,5,3,100.0,0,N,MELB_URBAN,FREEWAY,7,6.0
107072,1,2,130,1,1,80.0,0,I,MELB_URBAN,HIGHWAY,7,11.0
107073,1,1,140,5,1,60.0,0,N,SMALL_CITIES,ROAD,7,13.0
107074,1,1,99,5,1,100.0,0,N,RURAL_VICTORIA,ROAD,7,14.0
107075,5,2,99,5,1,100.0,0,N,MELB_URBAN,FREEWAY,7,12.0
107076,1,1,130,5,1,60.0,0,N,MELB_URBAN,FREEWAY,5,15.0
107077,1,4,130,5,1,100.0,0,N,MELB_URBAN,FREEWAY,7,7.0
107078,1,5,113,1,1,60.0,0,I,MELB_URBAN,AVENUE,7,16.0
107079,4,5,181,5,1,100.0,0,N,RURAL_VICTORIA,ROAD,7,14.0
107080,4,5,173,5,1,50.0,0,N,MELB_URBAN,STREET,7,16.0
107081,1,4,130,5,1,80.0,0,N,MELB_URBAN,FREEWAY,7,11.0
107082,1,6,132,2,1,70.0,0,I,SMALL_CITIES,ROAD,7,13.0
107083,1,5,130,5,3,60.0,0,N,MELB_URBAN,ROAD,7,18.0
107084,1,4,113,2,3,80.0,0,I,SMALL_CITIES,ROAD,7,17.0
107085,8,4,174,5,1,40.0,0,N,MELB_URBAN,STREET,1,14.0
107086,2,5,102,5,3,80.0,0,N,MELB_URBAN,ROAD,7,17.0
107087,1,5,99,5,3,50.0,0,N,MELB_URBAN,ROAD,7,18.0
107088,1,3,99,5,3,50.0,0,N,MELB_URBAN,AVENUE,7,17.0
107089,1,4,121,2,3,60.0,0,I,MELB_URBAN,ROAD,7,19.0
107090,4,4,171,5,5,100.0,0,N,RURAL_VICTORIA,ROAD,7,22.0
107091,1,4,121,1,3,60.0,0,I,MELB_URBAN,ROAD,7,22.0
107092,1,6,121,2,3,60.0,0,I,MELB_URBAN,DRIVE,7,4.0
107093,1,5,110,1,1,50.0,0,I,MELB_URBAN,STREET,7,13.0
107094,1,6,99,5,2,80.0,0,N,MELB_URBAN,ROAD,7,7.0
107095,1,3,110,1,1,60.0,0,I,LARGE_PROVINCIAL_CITIES,STREET,7,8.0
107096,1,6,110,1,1,80.0,0,I,RURAL_VICTORIA,OTHER,5,15.0
107097,4,6,173,5,1,50.0,0,N,TOWNS,STREET,7,9.0
107098,1,4,130,5,1,80.0,0,N,MELB_URBAN,ROAD,7,16.0
107099,2,5,99,5,1,60.0,0,N,MELB_URBAN,STREET,7,16.0
107100,1,4,110,1,1,60.0,0,I,MELB_URBAN,ROAD,7,8.0
107101,1,6,130,1,1,60.0,0,I,MELB_URBAN,STREET,7,13.0
107102,4,6,171,5,1,60.0,0,N,MELB_URBAN,ROAD,7,11.0
107103,8,6,174,2,1,50.0,0,I,MELB_URBAN,OTHER,7,9.0
107104,4,6,171,5,1,100.0,0,N,RURAL_VICTORIA,HIGHWAY,7,11.0
107105,1,6,130,1,1,60.0,0,I,MELB_URBAN,ROAD,7,12.0
107106,1,6,130,1,1,80.0,0,I,MELB_URBAN,HIGHWAY,7,11.0
107107,1,6,130,2,1,60.0,0,N,LARGE_PROVINCIAL_CITIES,STREET,7,10.0
107108,1,6,130,2,1,60.0,0,I,MELB_URBAN,ROAD,7,11.0
107109,1,6,134,5,1,110.0,0,N,RURAL_VICTORIA,FREEWAY,7,13.0
107110,4,6,183,5,1,50.0,0,N,MELB_URBAN,STREET,7,12.0
107111,4,6,171,5,5,60.0,0,N,TOWNS,ROAD,7,4.0
107112,1,3,130,1,3,60.0,0,I,MELB_URBAN,ROAD,7,5.0
107113,1,5,110,1,1,60.0,0,I,LARGE_PROVINCIAL_CITIES,STREET,7,15.0
107114,1,0,121,2,1,50.0,0,I,MELB_URBAN,STREET,7,11.0
107115,3,3,167,5,2,100.0,0,N,RURAL_VICTORIA,ROAD,7,6.0
107116,1,5,99,2,1,100.0,0,I,RURAL_VICTORIA,ROAD,7,11.0
107117,1,3,130,5,1,60.0,0,N,MELB_URBAN,RAMP,7,17.0
107118,1,5,110,1,1,100.0,0,N,RURAL_VICTORIA,STREET,7,14.0
107119,1,6,130,5,3,80.0,0,N,MELB_URBAN,HIGHWAY,7,18.0
107120,2,5,102,2,3,50.0,0,I,MELB_URBAN,STREET,7,18.0
107121,1,6,110,1,3,60.0,0,I,LARGE_PROVINCIAL_CITIES,STREET,7,18.0
107122,1,6,130,2,6,60.0,0,I,MELB_URBAN,PARADE,7,20.0
107123,1,6,110,1,3,80.0,0,I,RURAL_VICTORIA,ROAD,7,18.0
107124,2,6,100,1,3,60.0,0,N,MELB_URBAN,ROAD,7,18.0
107125,1,6,99,2,3,60.0,0,I,MELB_URBAN,ROAD,7,18.0
107126,1,5,113,2,5,80.0,0,I,MELB_URBAN,ROAD,7,18.0
107127,2,6,102,5,3,60.0,0,N,MELB_URBAN,ROAD,7,20.0
107128,2,6,102,2,3,60.0,0,I,MELB_URBAN,ROAD,7,20.0
107129,1,2,121,5,1,40.0,0,N,MELB_URBAN,STREET,7,14.0
107130,1,6,120,5,3,60.0,0,N,MELB_URBAN,ROAD,7,19.0
107131,4,6,171,5,1,100.0,0,N,RURAL_VICTORIA,HIGHWAY,7,16.0
107132,2,6,102,1,3,50.0,0,I,MELB_URBAN,STREET,7,22.0
107133,4,6,173,1,3,60.0,0,N,MELB_URBAN,ROAD,7,21.0
107134,4,6,171,5,3,80.0,0,N,MELB_URBAN,HIGHWAY,7,22.0
107135,1,2,133,1,3,60.0,0,N,MELB_URBAN,ROAD,7,18.0
107136,8,7,170,5,1,60.0,0,N,MELB_URBAN,STREET,7,7.0
107137,2,3,99,5,6,60.0,0,N,LARGE_PROVINCIAL_CITIES,STREET,7,5.0
107138,1,7,110,1,1,60.0,0,I,MELB_URBAN,ROAD,7,9.0
107139,6,5,170,5,5,100.0,0,N,RURAL_VICTORIA,ROAD,7,18.0
107140,1,7,113,2,1,60.0,0,N,LARGE_PROVINCIAL_CITIES,STREET,7,10.0
107141,2,4,100,2,5,50.0,0,I,MELB_URBAN,STREET,7,18.0
107142,1,6,121,2,2,60.0,0,I,MELB_URBAN,STREET,8,17.0
107143,6,7,174,1,1,60.0,0,I,MELB_URBAN,ROAD,7,12.0
107144,1,7,110,1,1,80.0,0,I,RURAL_VICTORIA,HIGHWAY,7,12.0
107145,4,7,181,5,1,100.0,0,N,RURAL_VICTORIA,ROAD,7,10.0
107146,1,6,130,5,1,60.0,0,N,RURAL_VICTORIA,ROAD,7,11.0
107147,1,6,160,5,1,50.0,0,N,MELB_URBAN,STREET,7,10.0
107148,1,6,147,5,1,60.0,0,N,MELB_URBAN,STREET,7,14.0
107149,1,7,120,5,1,100.0,0,N,RURAL_VICTORIA,ROAD,7,10.0
107150,1,7,130,5,1,100.0,0,N,RURAL_VICTORIA,ROAD,7,13.0
107151,1,7,133,5,1,100.0,0,N,RURAL_VICTORIA,ROAD,7,9.0
107152,1,7,120,5,1,60.0,0,N,SMALL_CITIES,STREET,7,16.0
107153,5,7,99,5,1,100.0,0,N,RURAL_VICTORIA,OTHER,7,15.0
107154,1,6,130,5,3,60.0,0,N,MELB_URBAN,STREET,7,18.0
107155,1,6,121,2,2,60.0,0,I,MELB_URBAN,STREET,7,17.0
107156,1,7,99,5,3,60.0,0,N,LARGE_PROVINCIAL_CITIES,OTHER,7,18.0
107157,5,7,99,5,3,110.0,0,N,RURAL_VICTORIA,FREEWAY,7,20.0
107158,1,7,110,1,1,80.0,0,I,RURAL_VICTORIA,ROAD,7,14.0
107159,4,7,171,5,3,60.0,0,N,MELB_URBAN,ROAD,7,21.0
107160,1,6,130,5,1,60.0,0,N,MELB_URBAN,ROAD,7,17.0
107161,2,7,102,1,3,80.0,0,N,MELB_URBAN,ROAD,7,23.0
107162,1,6,160,5,3,50.0,0,N,MELB_URBAN,AVENUE,7,5.0
107163,1,7,130,5,3,60.0,0,N,LARGE_PROVINCIAL_CITIES,STREET,7,23.0
107164,4,1,171,1,3,80.0,0,I,MELB_URBAN,ROAD,7,1.0
107165,1,4,163,5,9,40.0,0,N,MELB_URBAN,ROAD,7,19.0
107166,1,1,99,5,1,40.0,0,N,MELB_URBAN,STREET,7,9.0
107167,1,6,121,2,2,80.0,0,I,RURAL_VICTORIA,HIGHWAY,7,16.0
107168,4,1,171,5,1,100.0,0,N,MELB_URBAN,FREEWAY,7,8.0
107169,1,1,99,1,1,80.0,0,I,MELB_URBAN,ROAD,7,8.0
107170,1,1,160,5,1,50.0,0,N,MELB_URBAN,STREET,7,11.0
107171,1,0,120,5,1,100.0,0,N,RURAL_VICTORIA,ROAD,7,10.0
107172,6,1,174,2,1,50.0,0,N,MELB_URBAN,STREET,7,13.0
107173,4,6,171,5,1,100.0,0,N,RURAL_VICTORIA,ROAD,7,14.0
107174,1,6,140,2,1,50.0,0,I,MELB_URBAN,DRIVE,7,16.0
107175,1,5,99,5,2,80.0,0,N,MELB_URBAN,HIGHWAY,6,17.0
107176,5,4,99,5,3,100.0,0,N,RURAL_VICTORIA,ROAD,7,22.0
107177,1,1,130,5,1,70.0,0,N,MELB_URBAN,HIGHWAY,7,14.0
107178,1,0,130,5,1,70.0,0,N,MELB_URBAN,ROAD,7,16.0
107179,2,1,100,2,1,60.0,0,I,MELB_URBAN,OTHER,7,14.0
107180,2,1,100,1,1,40.0,0,I,MELBOURNE_CBD,STREET,7,14.0
107181,4,1,171,5,5,100.0,0,N,RURAL_VICTORIA,HIGHWAY,7,19.0
107182,1,2,120,1,3,70.0,0,N,MELB_URBAN,ROAD,7,4.0
107183,4,1,99,5,3,50.0,0,N,MELB_URBAN,STREET,7,5.0
107184,1,2,121,1,3,80.0,0,I,MELB_URBAN,ROAD,7,5.0
107185,2,2,99,5,1,60.0,0,N,MELB_URBAN,ROAD,7,8.0
107186,1,6,130,4,1,60.0,0,I,LARGE_PROVINCIAL_CITIES,ROAD,7,8.0
107187,5,0,99,5,1,100.0,0,N,RURAL_VICTORIA,OTHER,6,14.0
107188,1,5,132,2,1,60.0,0,I,MELB_URBAN,ROAD,7,12.0
107189,1,2,121,1,3,80.0,0,I,MELB_URBAN,HIGHWAY,7,6.0
107190,4,2,171,5,1,40.0,0,N,MELB_URBAN,STREET,7,9.0
107191,6,1,174,5,1,60.0,0,N,RURAL_VICTORIA,ROAD,7,13.0
107192,2,2,99,5,1,50.0,0,N,MELB_URBAN,STREET,7,11.0
107193,1,2,99,2,1,60.0,0,I,MELB_URBAN,ROAD,7,12.0
107194,1,2,132,2,1,60.0,0,N,MELB_URBAN,ROAD,7,12.0
107195,1,2,130,1,1,70.0,0,N,MELB_URBAN,ROAD,7,9.0
107196,1,1,110,1,1,60.0,0,I,MELB_URBAN,ROAD,7,12.0
107197,4,0,171,5,5,100.0,0,N,RURAL_VICTORIA,HIGHWAY,7,19.0
107198,1,6,130,5,1,60.0,0,N,MELB_URBAN,ROAD,7,17.0
107199,1,1,99,1,1,40.0,0,I,MELBOURNE_CBD,STREET,7,8.0
107200,2,6,100,1,6,50.0,0,N,MELB_URBAN,AVENUE,7,20.0
107201,1,2,99,1,1,70.0,0,I,MELB_URBAN,STREET,1,14.0
107202,1,2,120,5,1,60.0,0,N,RURAL_VICTORIA,ROAD,7,13.0
107203,4,2,173,5,1,100.0,0,N,RURAL_VICTORIA,ROAD,7,15.0
107204,1,2,121,2,1,70.0,0,I,MELB_URBAN,ROAD,7,14.0
107205,1,2,121,2,1,80.0,0,I,SMALL_CITIES,HIGHWAY,7,16.0
107206,1,1,99,5,1,60.0,0,N,SMALL_CITIES,STREET,7,12.0
107207,1,6,130,2,1,60.0,0,I,SMALL_CITIES,DRIVE,7,16.0
107208,1,1,111,4,1,80.0,0,N,MELB_URBAN,ROAD,7,14.0
107209,1,2,163,5,1,40.0,0,N,MELB_URBAN,STREET,7,16.0
107210,1,4,110,1,6,60.0,0,I,MELB_URBAN,STREET,7,18.0
107211,2,1,102,1,1,40.0,0,N,MELB_URBAN,OTHER,7,15.0
107212,7,2,173,1,3,40.0,0,I,MELB_URBAN,STREET,7,17.0
107213,1,4,111,2,1,50.0,0,N,MELB_URBAN,ROAD,7,12.0
107214,2,1,102,1,3,80.0,0,I,MELB_URBAN,ROAD,7,18.0
107215,1,1,121,2,3,60.0,0,I,MELB_URBAN,ROAD,7,18.0
107216,1,2,147,2,3,50.0,0,N,RURAL_VICTORIA,ROAD,7,18.0
107217,4,2,171,5,1,100.0,0,N,RURAL_VICTORIA,HIGHWAY,7,17.0
107218,1,1,130,5,1,80.0,0,N,MELB_URBAN,ROAD,7,7.0
107219,2,2,99,5,3,40.0,0,N,MELB_URBAN,STREET,7,18.0
107220,1,2,134,5,3,60.0,0,N,MELB_URBAN,HIGHWAY,7,19.0
107221,4,2,171,5,3,60.0,0,N,MELB_URBAN,ROAD,7,22.0
107222,2,2,100,5,3,60.0,1,N,MELB_URBAN,ROAD,7,18.0
107223,1,2,160,5,3,50.0,0,N,MELB_URBAN,ROAD,7,22.0
107224,1,2,116,2,3,50.0,0,I,MELB_URBAN,ROAD,7,6.0
107225,1,2,130,2,1,60.0,0,I,SMALL_CITIES,STREET,7,8.0
107226,1,2,99,5,5,100.0,0,N,RURAL_VICTORIA,ROAD,7,5.0
107227,1,2,113,1,3,60.0,0,N,MELB_URBAN,STREET,7,18.0
107228,2,2,99,2,1,50.0,0,I,SMALL_CITIES,ROAD,7,9.0
107229,1,4,121,2,1,50.0,0,I,MELB_URBAN,STREET,6,17.0
107230,2,2,102,1,1,60.0,0,I,MELB_URBAN,ROAD,7,7.0
107231,1,7,130,5,9,80.0,0,N,MELB_URBAN,RAMP,7,19.0
107232,1,2,160,5,3,60.0,0,N,MELB_URBAN,ROAD,7,21.0
107233,2,3,100,1,2,60.0,0,I,MELB_URBAN,STREET,7,6.0
107234,1,7,99,2,3,50.0,0,I,MELB_URBAN,DRIVE,7,17.0
107235,4,3,183,5,5,80.0,0,N,LARGE_PROVINCIAL_CITIES,ROAD,7,6.0
107236,1,3,135,5,1,60.0,0,N,MELB_URBAN,ROAD,7,8.0
107237,8,3,174,5,1,100.0,0,N,RURAL_VICTORIA,HIGHWAY,7,12.0
107238,1,4,130,5,1,80.0,0,N,MELB_URBAN,ROAD,6,8.0
107239,1,1,111,1,3,60.0,0,N,MELB_URBAN,HIGHWAY,7,21.0
107240,7,2,99,5,1,50.0,0,N,MELB_URBAN,STREET,7,14.0
107241,1,2,110,1,1,60.0,0,I,TOWNS,STREET,7,14.0
107242,1,3,135,3,2,60.0,0,I,MELBOURNE_CBD,STREET,7,6.0
107243,1,5,130,5,9,60.0,0,N,MELB_URBAN,FREEWAY,7,17.0
107244,1,2,121,1,1,60.0,0,I,TOWNS,ROAD,7,14.0
107245,1,2,133,5,1,80.0,0,N,MELB_URBAN,HIGHWAY,7,8.0
107246,1,6,130,5,1,60.0,0,N,MELB_URBAN,STREET,7,12.0
107247,1,3,130,5,1,80.0,0,I,MELB_URBAN,ROAD,7,12.0
107248,1,3,99,5,1,60.0,0,N,MELB_URBAN,STREET,7,15.0
107249,1,3,110,1,1,40.0,0,I,MELB_URBAN,STREET,7,17.0
107250,1,3,160,5,1,40.0,0,N,MELBOURNE_CBD,STREET,7,13.0
107251,4,4,171,5,5,60.0,0,N,SMALL_TOWNS,ROAD,7,17.0
107252,1,2,121,2,2,60.0,0,I,MELB_URBAN,ROAD,7,7.0
107253,1,3,140,5,1,80.0,0,N,MELB_URBAN,STREET,7,13.0
107254,1,3,132,2,5,60.0,0,I,LARGE_PROVINCIAL_CITIES,STREET,7,17.0
107255,1,2,120,5,5,80.0,0,N,RURAL_VICTORIA,ROAD,7,18.0
107256,1,3,147,5,3,40.0,0,N,MELB_URBAN,STREET,7,17.0
107257,1,3,130,5,1,70.0,0,N,MELB_URBAN,ROAD,7,16.0
107258,1,3,120,2,3,70.0,0,N,MELB_URBAN,OTHER,7,18.0
107259,4,3,183,5,3,40.0,0,N,MELB_URBAN,STREET,7,21.0
107260,1,5,130,2,1,80.0,0,I,MELB_URBAN,ROAD,6,11.0
107261,1,3,120,2,1,60.0,0,I,MELB_URBAN,ROAD,7,17.0
107262,6,3,174,1,6,60.0,0,I,MELB_URBAN,ROAD,7,5.0
107263,4,4,171,5,5,100.0,0,N,RURAL_VICTORIA,ROAD,7,0.0
107264,1,2,113,2,3,60.0,0,I,MELB_URBAN,ROAD,7,18.0
107265,1,4,140,5,1,100.0,0,N,RURAL_VICTORIA,HIGHWAY,7,7.0
107266,4,4,171,2,2,60.0,0,N,LARGE_PROVINCIAL_CITIES,STREET,7,6.0
107267,1,4,121,1,1,50.0,0,I,MELB_URBAN,HIGHWAY,7,8.0
107268,1,3,135,5,1,100.0,0,N,MELB_URBAN,FREEWAY,7,15.0
107269,6,3,174,1,2,60.0,0,I,MELB_URBAN,ROAD,7,18.0
107270,1,4,99,5,1,50.0,0,N,MELB_URBAN,ROAD,7,7.0
107271,8,6,174,5,1,30.0,0,N,RURAL_VICTORIA,ROAD,7,12.0
107272,1,4,110,1,1,60.0,0,I,MELB_URBAN,STREET,7,9.0
107273,2,4,102,2,1,50.0,0,I,MELB_URBAN,STREET,7,10.0
107274,1,4,130,5,1,80.0,0,N,MELB_URBAN,ROAD,7,10.0
107275,1,4,135,5,1,60.0,0,N,MELB_URBAN,ROAD,7,9.0
107276,5,3,99,5,1,110.0,0,N,RURAL_VICTORIA,FREEWAY,7,7.0
107277,1,4,99,5,1,50.0,0,N,MELB_URBAN,STREET,7,11.0
107278,2,3,99,2,1,40.0,0,I,MELB_URBAN,OTHER,7,7.0
107279,1,2,121,1,3,60.0,0,I,MELB_URBAN,HIGHWAY,7,18.0
107280,7,3,99,5,1,50.0,0,N,SMALL_CITIES,OTHER,5,15.0
107281,1,4,135,5,1,70.0,0,N,MELB_URBAN,ROAD,7,13.0
107282,4,4,183,5,1,80.0,0,N,RURAL_VICTORIA,ROAD,7,8.0
107283,2,4,99,5,1,60.0,0,N,MELB_URBAN,STREET,7,13.0
107284,1,4,120,5,1,80.0,0,N,SMALL_TOWNS,ROAD,7,11.0
107285,1,2,130,5,3,70.0,0,N,MELB_URBAN,ROAD,7,6.0
107286,4,4,173,5,1,50.0,0,N,MELB_URBAN,DRIVE,7,13.0
107287,1,4,113,2,1,70.0,0,I,MELB_URBAN,ROAD,7,14.0
107288,1,3,121,1,1,50.0,0,I,MELB_URBAN,ROAD,7,9.0
107289,2,4,100,5,1,50.0,0,N,MELB_URBAN,ROAD,7,15.0
107290,1,6,130,4,1,80.0,0,I,MELB_URBAN,AVENUE,7,12.0
107291,1,4,130,5,1,60.0,0,N,MELB_URBAN,ROAD,7,14.0
107292,6,2,174,1,1,30.0,0,I,MELB_URBAN,STREET,7,8.0
107293,1,4,99,5,1,100.0,0,N,MELB_URBAN,ROAD,7,15.0
107294,1,4,135,1,1,80.0,0,I,MELB_URBAN,HIGHWAY,7,7.0
107295,1,4,121,2,1,60.0,0,I,MELB_URBAN,STREET,7,16.0
107296,1,3,130,5,1,80.0,0,N,MELB_URBAN,ROAD,7,17.0
107297,1,4,113,2,1,50.0,0,I,MELB_URBAN,BOULEVARD,7,17.0
107298,1,6,116,4,1,60.0,0,I,MELB_URBAN,STREET,7,10.0
107299,2,4,100,2,3,50.0,0,I,MELB_URBAN,ROAD,7,17.0
107300,1,4,120,5,1,60.0,0,N,RURAL_VICTORIA,ROAD,7,16.0
107301,1,4,110,1,6,60.0,0,I,MELB_URBAN,ROAD,7,18.0
107302,2,3,102,1,3,50.0,0,I,MELB_URBAN,ROAD,7,20.0
107303,1,2,130,5,2,60.0,0,N,MELB_URBAN,ROAD,7,18.0
107304,1,3,99,5,3,60.0,0,O,MELB_URBAN,UNKNOWN,7,18.0
107305,1,4,120,5,1,60.0,0,N,MELB_URBAN,ROAD,7,15.0
107306,1,3,110,1,3,100.0,0,I,RURAL_VICTORIA,STREET,7,21.0
107307,2,4,99,5,3,60.0,0,N,MELB_URBAN,ROAD,7,22.0
107308,1,3,130,5,2,100.0,0,N,MELB_URBAN,FREEWAY,7,17.0
107309,1,2,134,5,1,50.0,0,I,MELB_URBAN,UNKNOWN,7,16.0
107310,1,3,163,5,1,40.0,0,N,MELB_URBAN,STREET,7,12.0
107311,1,4,130,5,1,80.0,0,N,MELB_URBAN,ROAD,8,9.0
107312,1,5,132,2,1,60.0,0,I,MELB_URBAN,ROAD,8,12.0
107313,1,5,113,2,1,70.0,0,I,MELB_URBAN,ROAD,8,12.0
107314,6,3,170,2,2,70.0,0,I,LARGE_PROVINCIAL_CITIES,STREET,7,17.0
107315,8,1,174,2,1,60.0,0,I,RURAL_VICTORIA,ROAD,7,7.0
107316,1,0,121,1,3,60.0,0,I,MELB_URBAN,ROAD,7,20.0