,accident_type,day_of_week,dca_code,road_geometry,light_condition,speed_zone,severity,node_type,deg_urban_name,road_type,month,hour
107317,1,5,121,5,1,60.0,0,N,MELB_URBAN,ROAD,7,8.0
107318,6,5,174,1,1,60.0,0,N,MELB_URBAN,ROAD,8,11.0
107319,8,5,174,5,1,60.0,0,N,LARGE_PROVINCIAL_CITIES,STREET,8,8.0
107320,1,4,113,2,3,80.0,0,I,MELB_URBAN,ROAD,7,20.0
107321,1,3,99,5,9,80.0,0,N,MELB_URBAN,HIGHWAY,7,7.0
107322,1,6,116,1,1,60.0,0,I,MELB_URBAN,ROAD,7,11.0
107323,1,3,135,5,2,60.0,0,N,MELB_URBAN,ROAD,6,17.0
107324,7,4,99,5,1,70.0,0,N,MELB_URBAN,ROAD,7,13.0
107325,1,3,130,2,3,60.0,0,N,MELB_URBAN,ROAD,7,18.0
107326,1,5,130,2,1,60.0,0,I,LARGE_PROVINCIAL_CITIES,STREET,8,11.0
107327,1,3,99,1,6,60.0,0,N,MELB_URBAN,STREET,7,18.0
107328,1,0,140,5,2,60.0,0,N,LARGE_PROVINCIAL_CITIES,STREET,7,17.0
107329,1,5,135,5,1,60.0,0,N,LARGE_PROVINCIAL_CITIES,STREET,8,8.0
107330,1,5,121,1,1,80.0,0,N,MELB_URBAN,ROAD,8,16.0
107331,1,5,132,1,1,80.0,0,I,LARGE_PROVINCIAL_CITIES,OTHER,8,16.0
107332,1,5,116,1,3,80.0,0,N,MELB_URBAN,ROAD,8,17.0
107333,1,7,111,2,9,60.0,0,I,MELB_URBAN,ROAD,7,19.0
107334,2,5,99,2,1,50.0,0,I,SMALL_CITIES,STREET,8,17.0
107335,1,4,160,5,3,60.0,0,N,MELB_URBAN,ROAD,8,18.0
107336,2,5,102,5,3,60.0,0,N,MELB_URBAN,ROAD,8,18.0
107337,1,5,99,1,1,60.0,0,I,MELB_URBAN,ROAD,8,15.0
107338,3,5,167,5,5,60.0,0,N,RURAL_VICTORIA,ROAD,8,18.0
107339,4,5,99,5,2,60.0,0,N,MELB_URBAN,OTHER,8,16.0
107340,1,5,130,5,5,80.0,0,N,LARGE_PROVINCIAL_CITIES,ROAD,8,20.0
107341,1,5,99,5,3,50.0,0,N,MELB_URBAN,STREET,8,19.0
107342,1,5,110,1,3,60.0,0,I,LARGE_PROVINCIAL_CITIES,STREET,8,22.0
107343,2,5,100,1,3,60.0,0,I,MELB_URBAN,ROAD,8,22.0
107344,1,5,121,2,3,80.0,0,I,RURAL_VICTORIA,ROAD,8,5.0
107345,2,5,102,2,3,50.0,1,I,SMALL_CITIES,DRIVE,8,18.0
107346,4,6,171,5,5,110.0,0,N,RURAL_VICTORIA,FREEWAY,8,2.0
107347,1,4,135,5,3,60.0,0,N,MELB_URBAN,ROAD,8,19.0
107348,1,3,110,1,1,50.0,0,I,MELB_URBAN,STREET,7,12.0
107349,2,6,99,5,3,60.0,0,N,MELB_URBAN,ROAD,8,6.0
107350,1,4,135,5,3,60.0,0,N,MELB_URBAN,ROAD,5,19.0
107351,1,4,130,5,2,50.0,0,N,MELB_URBAN,STREET,7,7.0
107352,1,3,130,5,3,50.0,0,N,SMALL_CITIES,HIGHWAY,7,18.0
107353,1,3,110,1,3,80.0,0,I,LARGE_PROVINCIAL_CITIES,ROAD,7,19.0
107354,1,6,110,1,1,60.0,0,I,SMALL_CITIES,STREET,8,8.0
107355,1,5,121,1,3,60.0,0,I,MELB_URBAN,RAMP,8,18.0
107356,1,5,130,1,2,50.0,0,I,MELB_URBAN,ROAD,5,7.0
107357,1,6,130,1,9,60.0,0,I,MELB_URBAN,ROAD,7,16.0
107358,1,5,130,5,1,70.0,0,N,MELB_URBAN,ROAD,7,16.0
107359,1,6,99,5,1,40.0,0,N,MELB_URBAN,STREET,8,11.0
107360,1,4,160,5,3,60.0,0,N,MELB_URBAN,ROAD,7,22.0
107361,1,5,134,5,1,50.0,0,N,MELB_URBAN,STREET,8,9.0
107362,1,2,147,5,3,60.0,0,N,MELB_URBAN,ROAD,7,19.0
107363,4,5,99,5,1,60.0,0,N,MELB_URBAN,STREET,8,12.0
107364,1,5,130,5,1,70.0,0,N,MELB_URBAN,ROAD,8,12.0
107365,1,5,121,5,1,60.0,0,N,MELB_URBAN,STREET,8,13.0
107366,1,6,147,2,1,60.0,0,I,MELB_URBAN,ROAD,7,10.0
107367,3,6,167,5,1,50.0,0,N,RURAL_VICTORIA,ROAD,8,11.0
107368,4,6,171,5,1,100.0,0,N,RURAL_VICTORIA,ROAD,8,11.0
107369,2,6,102,2,1,80.0,0,N,MELB_URBAN,ROAD,8,15.0
107370,1,6,116,1,1,100.0,0,I,RURAL_VICTORIA,FREEWAY,8,11.0
107371,1,5,116,2,3,50.0,0,I,MELB_URBAN,STREET,6,17.0
107372,1,6,113,2,3,60.0,0,I,MELB_URBAN,ROAD,7,21.0
107373,1,6,130,1,1,50.0,0,I,TOWNS,HIGHWAY,8,15.0
107374,1,6,132,2,1,60.0,0,I,MELB_URBAN,ROAD,8,14.0
107375,1,6,120,4,1,50.0,0,N,LARGE_PROVINCIAL_CITIES,STREET,8,13.0
107376,1,4,99,2,1,50.0,0,I,TOWNS,STREET,7,10.0
107377,6,5,170,5,5,100.0,0,N,RURAL_VICTORIA,FREEWAY,8,23.0
107378,1,5,132,2,1,80.0,0,I,MELB_URBAN,ROAD,8,8.0
107379,1,5,121,1,1,60.0,0,I,MELB_URBAN,STREET,8,16.0
107380,1,6,113,1,3,60.0,0,I,MELB_URBAN,ROAD,7,20.0
107381,1,3,130,5,2,80.0,0,N,MELB_URBAN,FREEWAY,7,17.0
107382,8,1,170,5,1,50.0,0,N,MELB_URBAN,UNKNOWN,7,16.0
107383,2,6,99,2,1,40.0,0,I,MELB_URBAN,ROAD,8,16.0
107384,1,6,110,1,1,60.0,0,I,LARGE_PROVINCIAL_CITIES,STREET,8,15.0
107385,4,6,99,2,1,50.0,0,N,MELB_URBAN,ROAD,8,11.0
107386,1,4,130,5,1,100.0,0,N,MELB_URBAN,FREEWAY,8,8.0
107387,6,7,99,5,3,110.0,1,N,RURAL_VICTORIA,FREEWAY,7,0.0
107388,1,6,121,1,3,60.0,0,I,MELB_URBAN,ROAD,8,19.0
107389,2,6,100,1,2,40.0,0,N,MELB_URBAN,STREET,8,17.0
107390,1,6,120,5,1,60.0,0,N,MELB_URBAN,STREET,8,16.0
107391,1,4,130,5,9,80.0,0,N,MELB_URBAN,ROAD,7,18.0
107392,1,6,120,5,3,60.0,0,N,MELB_URBAN,DRIVE,8,20.0
107393,1,6,120,5,5,60.0,0,N,MELB_URBAN,ROAD,8,22.0
107394,4,6,99,1,3,60.0,0,I,LARGE_PROVINCIAL_CITIES,ROAD,8,23.0
107395,2,4,100,5,1,50.0,0,N,LARGE_PROVINCIAL_CITIES,STREET,7,11.0
107396,1,3,130,5,1,70.0,0,N,MELB_URBAN,ROAD,7,12.0
107397,1,7,113,2,1,50.0,0,I,RURAL_VICTORIA,BOULEVARD,8,10.0
107398,4,3,183,5,5,100.0,0,N,RURAL_VICTORIA,ROAD,7,21.0
107399,1,7,110,1,1,60.0,0,I,TOWNS,ROAD,8,11.0
107400,7,5,99,5,5,60.0,0,N,RURAL_VICTORIA,UNKNOWN,8,22.0
107401,1,7,113,2,1,60.0,0,I,LARGE_PROVINCIAL_CITIES,OTHER,8,14.0
107402,1,6,99,2,1,80.0,0,I,LARGE_PROVINCIAL_CITIES,HIGHWAY,8,9.0
107403,1,7,130,1,1,80.0,0,I,MELB_URBAN,HIGHWAY,8,16.0
107404,4,6,171,1,3,50.0,0,I,MELB_URBAN,ROAD,8,23.0
107405,1,6,113,2,1,60.0,0,I,MELB_URBAN,ROAD,8,16.0
107406,1,7,110,1,1,60.0,0,I,MELB_URBAN,STREET,8,16.0
107407,4,7,99,5,2,60.0,0,N,LARGE_PROVINCIAL_CITIES,ROAD,8,16.0
107408,4,7,171,5,1,80.0,0,N,MELB_URBAN,HIGHWAY,8,17.0
107409,1,7,121,1,3,50.0,0,I,RURAL_VICTORIA,ROAD,8,18.0
107410,1,7,99,5,3,60.0,0,N,TOWNS,ROAD,8,18.0
107411,1,7,140,5,3,60.0,0,N,MELB_URBAN,STREET,8,17.0
107412,1,7,110,4,3,60.0,0,I,MELB_URBAN,STREET,8,18.0
107413,1,7,110,1,3,60.0,0,I,MELB_URBAN,STREET,8,19.0
107414,1,7,121,9,2,60.0,0,I,MELB_URBAN,ROAD,8,18.0
107415,1,7,99,2,1,80.0,0,I,MELB_URBAN,ROAD,8,14.0
107416,2,6,100,1,3,50.0,0,I,MELB_URBAN,AVENUE,8,18.0
107417,1,7,110,4,3,50.0,0,I,LARGE_PROVINCIAL_CITIES,ROAD,8,20.0
107418,2,7,102,1,3,60.0,0,I,MELB_URBAN,STREET,8,18.0
107419,1,7,181,5,3,60.0,0,N,SMALL_CITIES,DRIVE,8,20.0
107420,1,6,132,2,5,100.0,0,N,RURAL_VICTORIA,ROAD,8,18.0
107421,1,7,113,2,3,50.0,0,I,MELB_URBAN,ROAD,8,21.0
107422,1,7,140,5,1,60.0,0,N,TOWNS,STREET,8,16.0
107423,1,7,147,5,5,100.0,0,N,RURAL_VICTORIA,HIGHWAY,8,21.0
107424,2,7,100,2,3,50.0,0,I,MELB_URBAN,BOULEVARD,8,19.0
107425,4,7,171,2,3,80.0,0,N,MELB_URBAN,HIGHWAY,8,20.0
107426,1,7,110,1,3,50.0,0,I,SMALL_CITIES,STREET,8,22.0
107427,2,7,100,1,3,60.0,0,N,MELB_URBAN,STREET,8,21.0
107428,1,7,121,2,3,80.0,0,I,MELB_URBAN,HIGHWAY,8,5.0
107429,1,6,147,5,1,60.0,0,N,MELB_URBAN,ROAD,7,13.0
107430,4,1,171,1,1,60.0,0,N,MELB_URBAN,ROAD,8,7.0
107431,1,2,130,5,1,100.0,0,N,MELB_URBAN,FREEWAY,7,7.0
107432,1,1,113,2,1,60.0,0,I,SMALL_CITIES,STREET,8,9.0
107433,1,6,121,2,1,60.0,0,I,MELB_URBAN,ROAD,8,8.0
107434,1,7,113,1,1,60.0,0,I,MELB_URBAN,HIGHWAY,8,10.0
107435,1,0,121,1,1,40.0,0,I,MELB_URBAN,ROAD,8,9.0
107436,8,1,174,5,1,60.0,0,N,MELB_URBAN,STREET,8,12.0
107437,4,0,99,2,1,50.0,0,I,SMALL_CITIES,STREET,8,14.0
107438,1,6,110,1,3,100.0,0,I,MELB_URBAN,ROAD,8,19.0
107439,4,0,173,5,1,100.0,0,N,RURAL_VICTORIA,HIGHWAY,8,14.0
107440,2,1,102,1,3,60.0,0,I,MELB_URBAN,ROAD,8,6.0
107441,1,4,130,5,6,40.0,0,N,MELB_URBAN,STREET,8,17.0
107442,1,1,147,5,2,60.0,0,N,MELB_URBAN,STREET,8,17.0
107443,1,1,110,1,1,70.0,0,I,MELB_URBAN,ROAD,8,14.0
107444,6,1,174,2,1,50.0,0,I,MELB_URBAN,ROAD,8,16.0
107445,1,0,130,9,3,60.0,0,N,SMALL_CITIES,STREET,8,18.0
107446,4,1,99,2,5,100.0,0,I,RURAL_VICTORIA,ROAD,8,18.0
107447,1,5,121,1,1,50.0,0,I,MELB_URBAN,STREET,6,8.0
107448,4,1,171,5,3,80.0,0,N,MELB_URBAN,ROAD,8,21.0
107449,1,1,130,5,1,60.0,0,N,MELB_URBAN,STREET,7,12.0
107450,1,2,110,1,3,60.0,0,I,MELB_URBAN,STREET,8,1.0
107451,6,2,174,1,9,60.0,0,I,LARGE_PROVINCIAL_CITIES,STREET,7,17.0
107452,1,2,121,1,1,60.0,0,I,SMALL_CITIES,ROAD,8,9.0
107453,4,0,171,5,5,100.0,0,N,RURAL_VICTORIA,ROAD,8,21.0
107454,3,6,167,5,1,80.0,0,N,RURAL_VICTORIA,ROAD,7,14.0
107455,1,4,130,5,1,50.0,0,N,MELB_URBAN,DRIVE,7,9.0
107456,1,7,99,1,1,50.0,0,I,RURAL_VICTORIA,AVENUE,7,12.0
107457,1,4,110,1,9,50.0,0,I,MELB_URBAN,STREET,6,8.0
107458,1,2,121,5,1,80.0,0,N,RURAL_VICTORIA,HIGHWAY,7,8.0
107459,2,2,100,2,1,50.0,0,I,MELB_URBAN,STREET,8,13.0
107460,1,1,110,1,1,80.0,0,I,RURAL_VICTORIA,ROAD,8,13.0
107461,2,2,100,5,1,60.0,0,N,MELB_URBAN,ROAD,8,12.0
107462,1,1,121,1,1,60.0,0,I,MELB_URBAN,ROAD,8,7.0
107463,1,2,121,2,1,60.0,0,I,LARGE_PROVINCIAL_CITIES,ROAD,8,12.0
107464,1,2,113,2,1,80.0,0,I,MELB_URBAN,HIGHWAY,8,10.0
107465,1,2,99,5,1,60.0,0,N,RURAL_VICTORIA,ROAD,8,13.0
107466,4,1,183,5,1,100.0,0,N,RURAL_VICTORIA,ROAD,8,11.0
107467,4,6,171,5,1,100.0,0,N,RURAL_VICTORIA,ROAD,7,10.0
107468,4,2,99,1,1,60.0,0,I,MELB_URBAN,ROAD,8,10.0
107469,2,7,100,1,9,70.0,0,N,MELB_URBAN,ROAD,8,14.0
107470,1,1,110,1,1,60.0,0,I,LARGE_PROVINCIAL_CITIES,STREET,8,14.0
107471,1,2,147,5,1,60.0,0,N,MELB_URBAN,ROAD,8,14.0
107472,1,0,130,5,1,60.0,0,N,RURAL_VICTORIA,HIGHWAY,7,16.0
107473,1,6,113,1,1,80.0,0,I,RURAL_VICTORIA,ROAD,7,16.0
107474,1,2,99,5,1,80.0,0,N,MELB_URBAN,STREET,8,13.0
107475,4,2,171,5,1,100.0,1,N,RURAL_VICTORIA,ROAD,8,13.0
107476,2,2,102,5,1,50.0,0,N,MELB_URBAN,STREET,8,13.0
107477,1,3,121,1,1,50.0,0,I,MELB_URBAN,ROAD,11,11.0
107478,4,2,173,1,1,50.0,0,I,MELB_URBAN,STREET,8,16.0
107479,1,2,130,1,3,60.0,0,N,SMALL_CITIES,ROAD,8,18.0
107480,1,5,130,5,3,40.0,0,N,MELB_URBAN,ROAD,7,18.0
107481,1,2,99,5,1,50.0,0,N,MELB_URBAN,ROAD,8,17.0
107482,1,2,130,2,3,100.0,0,I,RURAL_VICTORIA,HIGHWAY,8,18.0
107483,6,5,174,1,1,50.0,0,I,MELB_URBAN,STREET,8,16.0
107484,5,2,99,5,1,60.0,0,N,RURAL_VICTORIA,OTHER,8,16.0
107485,4,2,99,2,3,60.0,0,I,MELB_URBAN,STREET,8,2.0
107486,6,1,99,2,1,80.0,0,I,RURAL_VICTORIA,ROAD,7,13.0
107487,4,2,171,5,3,60.0,0,N,SMALL_TOWNS,STREET,8,19.0
107488,2,1,99,5,5,60.0,0,N,RURAL_VICTORIA,ROAD,8,23.0
107489,2,3,100,2,1,50.0,0,I,MELB_URBAN,OTHER,7,10.0
107490,4,3,171,2,3,60.0,0,N,TOWNS,ROAD,8,4.0
107491,1,2,121,1,3,60.0,0,I,MELB_URBAN,HIGHWAY,8,5.0
107492,1,2,140,2,1,80.0,0,N,MELB_URBAN,ROAD,8,15.0
107493,1,6,130,5,3,50.0,0,N,MELB_URBAN,ROAD,7,18.0
107494,1,5,121,1,1,70.0,0,I,MELB_URBAN,ROAD,7,13.0
107495,1,5,99,1,1,60.0,0,I,MELB_URBAN,ROAD,8,10.0
107496,1,3,110,1,1,40.0,0,I,MELB_URBAN,STREET,8,9.0
107497,1,7,130,1,1,80.0,0,I,MELB_URBAN,ROAD,7,18.0
107498,1,3,113,1,1,60.0,0,I,MELB_URBAN,ROAD,8,8.0
107499,1,3,120,5,1,60.0,0,N,MELB_URBAN,ROAD,8,9.0
107500,1,3,113,2,1,80.0,0,I,MELB_URBAN,ROAD,8,10.0
107501,1,2,99,1,1,60.0,0,N,MELB_URBAN,ROAD,7,9.0
107502,7,1,99,2,1,60.0,0,I,MELB_URBAN,ROAD,7,16.0
107503,2,2,100,1,3,60.0,0,I,MELB_URBAN,ROAD,8,6.0
107504,1,1,130,1,1,70.0,0,I,LARGE_PROVINCIAL_CITIES,HIGHWAY,8,10.0
107505,1,1,130,5,1,80.0,0,N,MELB_URBAN,ROAD,8,13.0
107506,1,1,140,5,1,100.0,0,N,RURAL_VICTORIA,ROAD,7,16.0
107507,6,3,99,5,1,100.0,0,N,RURAL_VICTORIA,ROAD,8,8.0
107508,6,6,174,5,1,60.0,0,N,MELB_URBAN,STREET,8,9.0
107509,1,3,140,2,1,100.0,0,I,RURAL_VICTORIA,ROAD,8,12.0
107510,1,1,130,1,1,60.0,0,I,MELB_URBAN,ROAD,5,9.0
107511,1,5,130,5,1,40.0,0,N,MELB_URBAN,ROAD,7,16.0
107512,1,3,132,2,1,80.0,0,I,RURAL_VICTORIA,ROAD,8,15.0
107513,4,3,181,5,1,100.0,0,N,RURAL_VICTORIA,HIGHWAY,8,15.0
107514,6,3,99,1,1,80.0,0,I,SMALL_CITIES,HIGHWAY,8,14.0
107515,8,0,99,5,1,60.0,0,N,RURAL_VICTORIA,OTHER,7,12.0
107516,1,3,121,2,3,60.0,0,I,MELB_URBAN,ROAD,8,17.0
107517,1,3,120,2,1,50.0,0,N,MELB_URBAN,ROAD,8,15.0
107518,2,3,102,2,1,50.0,0,N,MELB_URBAN,ROAD,8,17.0
107519,1,5,132,5,1,40.0,0,N,RURAL_VICTORIA,OTHER,7,16.0
107520,1,3,110,1,5,80.0,0,I,RURAL_VICTORIA,ROAD,8,18.0
107521,1,3,120,5,1,80.0,0,N,RURAL_VICTORIA,ROAD,8,16.0
107522,4,3,171,5,1,100.0,0,N,RURAL_VICTORIA,ROAD,8,15.0
107523,1,3,130,5,9,70.0,0,N,MELB_URBAN,ROAD,5,18.0
107524,4,3,99,2,1,70.0,0,I,MELB_URBAN,ROAD,8,14.0
107525,1,2,110,1,1,50.0,0,I,MELB_URBAN,STREET,8,16.0
107526,1,3,130,5,1,60.0,0,N,MELB_URBAN,ROAD,7,14.0
107527,2,3,130,1,1,60.0,0,I,SMALL_CITIES,STREET,8,15.0
107528,1,2,130,1,3,70.0,0,I,MELB_URBAN,STREET,8,19.0
107529,1,5,113,2,1,60.0,0,I,MELB_URBAN,ROAD,7,13.0
107530,1,4,121,2,1,60.0,0,I,MELB_URBAN,STREET,7,12.0
107531,1,2,99,1,9,70.0,0,I,MELB_URBAN,ROAD,11,8.0
107532,1,2,130,2,1,60.0,0,I,MELB_URBAN,ROAD,8,16.0
107533,2,3,100,2,3,50.0,0,I,LARGE_PROVINCIAL_CITIES,OTHER,8,21.0
107534,1,3,110,1,3,60.0,0,I,LARGE_PROVINCIAL_CITIES,STREET,8,20.0
107535,1,3,120,5,3,60.0,0,N,MELB_URBAN,STREET,8,22.0
107536,6,7,99,5,1,100.0,0,N,RURAL_VICTORIA,OTHER,7,11.0
107537,4,4,181,5,3,50.0,0,N,MELB_URBAN,AVENUE,8,1.0
107538,1,4,121,2,1,60.0,0,I,MELB_URBAN,ROAD,7,10.0
107539,1,1,99,1,1,80.0,0,I,MELB_URBAN,ROAD,8,14.0
107540,6,6,99,5,5,60.0,0,N,RURAL_VICTORIA,ROAD,7,23.0
107541,1,3,147,5,9,60.0,0,N,MELB_URBAN,ROAD,8,14.0
107542,1,3,99,5,3,80.0,0,N,MELB_URBAN,ROAD,8,6.0
107543,1,7,121,2,5,100.0,0,I,RURAL_VICTORIA,OTHER,8,19.0
107544,1,4,130,1,1,60.0,0,I,LARGE_PROVINCIAL_CITIES,STREET,7,15.0
107545,1,4,130,5,9,60.0,0,N,MELB_URBAN,FREEWAY,6,7.0
107546,1,4,135,5,1,40.0,0,N,MELB_URBAN,OTHER,8,9.0
107547,1,4,113,2,1,100.0,0,I,RURAL_VICTORIA,ROAD,8,8.0
107548,1,3,121,2,1,60.0,0,UNKNOWN,UNKNOWN,UNKNOWN,8,9.0
107549,7,0,99,2,1,60.0,0,I,LARGE_PROVINCIAL_CITIES,AVENUE,8,14.0
107550,4,2,171,1,3,60.0,0,I,MELB_URBAN,STREET,8,19.0
107551,1,4,147,5,1,60.0,0,N,MELB_URBAN,STREET,8,8.0
107552,1,3,130,5,1,60.0,0,N,MELB_URBAN,ROAD,8,11.0
107553,1,5,113,2,1,60.0,0,I,MELB_URBAN,STREET,7,9.0
107554,1,2,99,5,1,50.0,0,N,MELB_URBAN,ROAD,8,16.0
107555,1,6,113,2,1,60.0,0,I,TOWNS,STREET,8,15.0
107556,1,4,132,2,3,60.0,0,I,LARGE_PROVINCIAL_CITIES,ROAD,8,6.0
107557,1,3,163,2,1,40.0,0,I,MELB_URBAN,STREET,8,9.0
107558,2,4,100,5,1,60.0,0,N,MELB_URBAN,AVENUE,8,12.0
107559,1,4,130,5,1,80.0,0,N,MELB_URBAN,ROAD,8,7.0
107560,1,4,110,1,1,60.0,0,N,MELB_URBAN,RAMP,8,13.0
107561,1,4,121,1,1,50.0,0,I,MELB_URBAN,AVENUE,8,13.0
107562,9,0,99,2,1,50.0,0,UNKNOWN,UNKNOWN,UNKNOWN,7,16.0
107563,1,4,110,1,1,70.0,0,I,LARGE_PROVINCIAL_CITIES,STREET,8,16.0
107564,1,4,147,1,9,60.0,0,I,MELB_URBAN,ROAD,7,15.0
107565,1,0,130,2,1,80.0,0,N,MELB_URBAN,ROAD,8,12.0
107566,1,6,140,5,1,60.0,0,N,MELB_URBAN,ROAD,5,8.0
107567,1,4,121,1,1,80.0,0,I,MELB_URBAN,RAMP,8,14.0
107568,1,4,110,1,3,80.0,0,I,MELB_URBAN,HIGHWAY,8,18.0
107569,1,3,99,5,1,60.0,0,N,MELB_URBAN,HIGHWAY,8,15.0
107570,1,4,110,1,2,50.0,0,I,SMALL_CITIES,STREET,8,17.0
107571,4,4,171,5,2,50.0,0,N,LARGE_PROVINCIAL_CITIES,STREET,8,17.0
107572,1,4,130,5,3,70.0,0,N,RURAL_VICTORIA,ROAD,8,17.0
107573,1,7,110,1,3,50.0,0,I,MELB_URBAN,STREET,8,18.0
107574,1,4,132,1,3,60.0,0,I,MELB_URBAN,ROAD,8,20.0
107575,1,2,130,5,9,60.0,0,N,MELB_URBAN,ROAD,7,6.0
107576,1,3,99,5,3,50.0,0,N,MELB_URBAN,STREET,8,19.0
107577,1,4,110,1,3,60.0,0,I,MELB_URBAN,STREET,8,22.0
107578,4,4,171,5,5,80.0,0,N,SMALL_TOWNS,ROAD,8,22.0
107579,4,4,181,5,3,80.0,1,N,MELB_URBAN,ROAD,8,21.0
107580,1,4,130,2,5,80.0,0,N,MELB_URBAN,RAMP,8,22.0
107581,1,5,132,2,1,60.0,0,I,MELB_URBAN,ROAD,8,10.0
107582,1,0,110,1,1,60.0,0,I,MELB_URBAN,ROAD,7,12.0
107583,1,5,120,1,3,80.0,0,I,TOWNS,ROAD,8,6.0
107584,1,3,130,1,3,60.0,0,I,MELB_URBAN,ROAD,2,21.0
107585,1,4,120,5,1,60.0,0,N,MELB_URBAN,UNKNOWN,1,13.0
107586,4,5,173,5,3,110.0,0,N,RURAL_VICTORIA,FREEWAY,8,4.0
107587,1,5,121,2,1,60.0,0,I,MELB_URBAN,ROAD,8,7.0
107588,1,4,121,1,1,50.0,0,I,MELB_URBAN,STREET,8,8.0
107589,1,5,133,5,1,100.0,0,I,RURAL_VICTORIA,FREEWAY,8,7.0
107590,1,0,134,5,1,40.0,0,N,MELBOURNE_CBD,STREET,8,12.0
107591,1,5,134,2,1,60.0,0,N,MELB_URBAN,ROAD,8,9.0
107592,1,4,130,1,1,60.0,0,N,MELB_URBAN,ROAD,7,14.0
107593,1,5,120,5,1,100.0,0,N,RURAL_VICTORIA,ROAD,8,9.0
107594,2,6,102,2,1,40.0,0,I,MELB_URBAN,ROAD,7,16.0
107595,1,3,121,1,3,50.0,0,I,SMALL_CITIES,ROAD,7,18.0
107596,1,5,121,1,1,60.0,0,I,MELB_URBAN,STREET,8,8.0
107597,3,4,167,5,9,80.0,0,N,RURAL_VICTORIA,ROAD,2,4.0
107598,6,0,99,5,1,60.0,0,N,RURAL_VICTORIA,ROAD,8,16.0
107599,1,5,147,5,1,60.0,0,N,MELB_URBAN,ROAD,8,11.0
107600,4,4,171,5,1,60.0,0,N,MELB_URBAN,ROAD,7,16.0
107601,1,5,110,1,1,70.0,0,I,LARGE_PROVINCIAL_CITIES,ROAD,8,15.0
107602,1,0,130,1,1,50.0,0,I,SMALL_TOWNS,STREET,1,15.0
107603,1,2,130,5,2,100.0,0,N,MELB_URBAN,FREEWAY,8,17.0
107604,1,5,140,5,1,60.0,0,N,MELB_URBAN,STREET,8,9.0
107605,4,5,99,5,1,50.0,0,N,MELB_URBAN,ROAD,8,16.0
107606,1,4,110,1,6,60.0,0,I,MELB_URBAN,STREET,8,6.0
107607,1,5,147,2,1,50.0,0,N,MELB_URBAN,ROAD,8,16.0
107608,1,3,130,5,3,60.0,0,N,MELB_URBAN,ROAD,8,20.0
107609,4,4,171,5,1,80.0,0,N,MELB_URBAN,ROAD,8,15.0
107610,1,4,130,5,1,60.0,0,N,MELB_URBAN,HIGHWAY,8,9.0
107611,1,5,121,1,1,60.0,0,I,MELB_URBAN,STREET,8,17.0
107612,1,4,116,2,1,50.0,0,I,MELB_URBAN,STREET,7,8.0
107613,1,4,113,2,3,50.0,0,I,SMALL_CITIES,STREET,8,18.0
107614,1,5,110,1,1,60.0,0,I,LARGE_PROVINCIAL_CITIES,ROAD,8,16.0
107615,1,5,113,2,3,50.0,0,I,MELB_URBAN,OTHER,8,18.0
107616,1,1,133,5,1,80.0,0,N,MELB_URBAN,FREEWAY,8,11.0
107617,1,4,99,5,1,60.0,0,N,MELB_URBAN,PARADE,8,8.0
107618,1,5,135,5,3,40.0,0,N,MELB_URBAN,ROAD,8,18.0
107619,1,5,132,2,3,60.0,0,I,MELB_URBAN,ROAD,8,19.0
107620,1,4,130,5,3,60.0,0,N,MELB_URBAN,AVENUE,8,17.0
107621,1,4,130,5,1,60.0,0,N,MELB_URBAN,ROAD,8,12.0
107622,1,5,132,2,3,50.0,0,I,SMALL_CITIES,STREET,8,18.0
107623,8,5,174,5,3,60.0,0,N,MELB_URBAN,STREET,8,18.0
107624,4,5,171,5,3,50.0,0,N,LARGE_PROVINCIAL_CITIES,BOULEVARD,8,18.0
107625,1,5,130,5,1,80.0,0,N,MELB_URBAN,OTHER,8,14.0
107626,4,4,171,5,3,70.0,0,N,MELB_URBAN,DRIVE,8,23.0
107627,2,4,100,1,3,60.0,0,I,MELB_URBAN,STREET,8,19.0
107628,1,3,147,5,1,50.0,0,N,SMALL_CITIES,ROAD,7,8.0
107629,1,5,111,2,3,50.0,0,I,MELB_URBAN,BOULEVARD,8,23.0
107630,1,5,130,1,3,60.0,0,I,MELB_URBAN,ROAD,8,22.0
107631,2,5,102,1,3,60.0,0,I,MELB_URBAN,ROAD,8,21.0
107632,1,6,160,5,3,60.0,0,N,SMALL_CITIES,STREET,8,5.0
107633,2,6,100,2,2,40.0,0,N,MELBOURNE_CBD,STREET,8,6.0
107634,2,6,99,1,3,60.0,0,I,MELB_URBAN,STREET,8,6.0
107635,1,6,121,2,1,80.0,0,N,MELB_URBAN,ROAD,8,16.0
107636,1,6,110,1,1,60.0,0,I,MELB_URBAN,STREET,8,9.0
107637,1,5,130,5,1,50.0,0,N,MELB_URBAN,ROAD,8,8.0
107638,8,5,170,2,1,50.0,0,I,SMALL_CITIES,ROAD,8,8.0
107639,1,4,130,2,2,50.0,0,I,MELB_URBAN,AVENUE,8,18.0
107640,1,6,147,5,1,30.0,0,N,MELB_URBAN,STREET,8,9.0
107641,1,3,130,5,1,70.0,0,N,MELB_URBAN,ROAD,8,16.0