,accident_type,day_of_week,dca_code,road_geometry,light_condition,speed_zone,severity,node_type,deg_urban_name,road_type,month,hour
107642,1,6,132,2,1,60.0,0,I,MELB_URBAN,ROAD,8,10.0
107643,1,6,110,1,1,60.0,0,I,MELB_URBAN,ROAD,8,11.0
107644,1,6,130,1,6,60.0,0,I,MELB_URBAN,RAMP,8,5.0
107645,3,1,167,5,1,50.0,0,N,MELB_URBAN,DRIVE,8,14.0
107646,1,5,121,1,9,60.0,0,I,MELB_URBAN,PARADE,8,7.0
107647,1,6,120,5,1,80.0,0,N,RURAL_VICTORIA,ROAD,8,11.0
107648,4,0,171,5,5,60.0,0,N,RURAL_VICTORIA,ROAD,6,21.0
107649,1,5,121,2,1,60.0,0,I,MELB_URBAN,ROAD,8,15.0
107650,1,6,110,1,2,50.0,0,I,TOWNS,STREET,7,17.0
107651,2,6,102,4,1,50.0,0,I,MELB_URBAN,STREET,8,13.0
107652,4,6,173,5,1,100.0,0,N,RURAL_VICTORIA,ROAD,8,8.0
107653,1,4,147,5,1,50.0,0,N,MELB_URBAN,ROAD,7,10.0
107654,1,6,99,5,1,100.0,0,N,MELB_URBAN,ROAD,8,14.0
107655,1,6,147,5,1,60.0,0,N,LARGE_PROVINCIAL_CITIES,STREET,8,13.0
107656,5,6,99,5,5,100.0,0,N,RURAL_VICTORIA,HIGHWAY,8,1.0
107657,1,5,99,5,1,60.0,0,N,MELB_URBAN,ROAD,8,11.0
107658,1,5,113,2,1,60.0,0,N,SMALL_CITIES,STREET,8,15.0
107659,8,5,99,5,5,60.0,0,N,TOWNS,STREET,8,5.0
107660,4,6,171,1,1,60.0,0,I,MELB_URBAN,ROAD,8,15.0
107661,1,4,130,5,1,80.0,0,N,RURAL_VICTORIA,ROAD,7,15.0
107662,1,6,121,2,1,70.0,0,I,MELB_URBAN,ROAD,8,15.0
107663,6,7,174,2,1,100.0,0,I,RURAL_VICTORIA,OTHER,8,10.0
107664,4,6,183,5,1,100.0,0,N,RURAL_VICTORIA,HIGHWAY,8,15.0
107665,1,6,163,5,3,40.0,0,N,MELBOURNE_CBD,STREET,8,17.0
107666,1,6,121,1,1,40.0,0,I,MELB_URBAN,STREET,8,15.0
107667,1,6,130,2,5,100.0,0,N,RURAL_VICTORIA,OTHER,8,17.0
107668,6,6,174,1,2,60.0,0,I,LARGE_PROVINCIAL_CITIES,DRIVE,8,6.0
107669,1,5,99,5,3,100.0,0,N,MELB_URBAN,FREEWAY,8,18.0
107670,1,6,110,1,3,100.0,0,I,RURAL_VICTORIA,ROAD,8,18.0
107671,2,6,102,1,3,60.0,0,I,SMALL_CITIES,STREET,8,18.0
107672,1,6,116,2,1,100.0,0,I,RURAL_VICTORIA,HIGHWAY,8,17.0
107673,9,6,99,5,9,60.0,0,N,RURAL_VICTORIA,ROAD,8,18.0
107674,1,6,121,5,3,80.0,0,N,MELB_URBAN,HIGHWAY,8,21.0
107675,4,6,171,5,3,70.0,0,N,LARGE_PROVINCIAL_CITIES,ROAD,8,22.0
107676,4,6,173,5,3,80.0,0,N,TOWNS,HIGHWAY,8,0.0
107677,2,7,102,1,3,40.0,0,I,MELB_URBAN,STREET,8,0.0
107678,4,6,171,5,3,70.0,0,N,MELB_URBAN,ROAD,8,23.0
107679,1,7,160,5,3,40.0,0,N,LARGE_PROVINCIAL_CITIES,STREET,8,1.0
107680,1,7,110,1,3,60.0,0,I,MELB_URBAN,STREET,8,3.0
107681,4,6,173,5,5,50.0,0,N,TOWNS,ROAD,8,21.0
107682,1,7,121,1,3,80.0,0,I,MELB_URBAN,DRIVE,8,5.0
107683,1,7,132,1,1,60.0,0,N,MELB_URBAN,ROAD,8,8.0
107684,6,6,174,5,1,50.0,0,N,SMALL_CITIES,ROAD,8,10.0
107685,1,5,121,1,3,60.0,0,I,MELB_URBAN,ROAD,7,17.0
107686,4,6,173,5,1,60.0,0,N,MELB_URBAN,HIGHWAY,8,8.0
107687,1,7,116,2,1,50.0,0,I,MELB_URBAN,STREET,8,12.0
107688,4,7,173,5,1,80.0,0,N,MELB_URBAN,ROAD,8,10.0
107689,1,5,130,5,6,50.0,0,N,MELB_URBAN,STREET,8,19.0
107690,4,7,171,1,1,60.0,0,I,MELB_URBAN,ROAD,8,12.0
107691,1,5,121,1,3,60.0,0,I,MELB_URBAN,ROAD,8,22.0
107692,4,6,173,5,1,60.0,0,N,MELB_URBAN,HIGHWAY,8,12.0
107693,2,7,102,5,1,40.0,0,N,LARGE_PROVINCIAL_CITIES,STREET,8,12.0
107694,1,7,130,5,1,80.0,0,N,MELB_URBAN,ROAD,8,13.0
107695,1,3,130,5,1,50.0,0,N,LARGE_PROVINCIAL_CITIES,OTHER,6,8.0
107696,1,7,120,5,1,100.0,0,N,RURAL_VICTORIA,OTHER,8,12.0
107697,1,2,99,5,1,80.0,0,I,MELB_URBAN,ROAD,6,13.0
107698,2,6,99,5,1,50.0,0,N,TOWNS,STREET,8,16.0
107699,4,6,183,5,5,80.0,0,N,RURAL_VICTORIA,ROAD,8,19.0
107700,1,7,135,2,1,60.0,0,I,MELB_URBAN,ROAD,8,15.0
107701,1,4,130,5,1,60.0,0,N,MELB_URBAN,ROAD,4,10.0
107702,1,7,132,2,3,60.0,0,I,MELB_URBAN,ROAD,8,18.0
107703,1,7,121,2,1,60.0,0,I,MELB_URBAN,ROAD,8,17.0
107704,1,7,99,5,3,80.0,0,N,MELB_URBAN,ROAD,8,18.0
107705,1,6,121,4,3,60.0,0,N,SMALL_CITIES,ROAD,8,19.0
107706,4,7,171,5,5,100.0,0,N,RURAL_VICTORIA,HIGHWAY,8,20.0
107707,2,6,99,5,1,60.0,0,N,MELB_URBAN,STREET,8,15.0
107708,1,7,160,2,3,50.0,0,I,MELB_URBAN,STREET,8,18.0
107709,1,6,110,1,3,50.0,0,I,MELB_URBAN,STREET,8,18.0
107710,1,7,110,1,5,100.0,0,I,RURAL_VICTORIA,ROAD,8,19.0
107711,1,7,110,1,1,100.0,0,I,RURAL_VICTORIA,HIGHWAY,8,15.0
107712,2,7,102,2,3,70.0,1,N,MELB_URBAN,ROAD,8,22.0
107713,4,0,173,5,5,100.0,0,N,RURAL_VICTORIA,FREEWAY,8,0.0
107714,1,2,121,1,1,60.0,0,I,MELB_URBAN,STREET,7,15.0
107715,1,1,160,5,3,60.0,0,N,LARGE_PROVINCIAL_CITIES,ROAD,8,1.0
107716,1,3,147,5,1,60.0,0,N,MELB_URBAN,ROAD,6,9.0
107717,1,1,99,5,1,60.0,0,N,LARGE_PROVINCIAL_CITIES,AVENUE,8,8.0
107718,1,1,132,2,1,60.0,0,I,MELB_URBAN,ROAD,8,9.0
107719,2,1,100,5,1,50.0,0,N,MELB_URBAN,STREET,8,9.0
107720,4,1,173,5,1,80.0,0,N,RURAL_VICTORIA,OTHER,8,8.0
107721,1,1,99,5,1,80.0,0,N,RURAL_VICTORIA,ROAD,8,10.0
107722,1,4,111,1,3,60.0,0,I,SMALL_TOWNS,ROAD,6,20.0
107723,4,1,173,5,5,100.0,0,N,RURAL_VICTORIA,HIGHWAY,8,5.0
107724,1,6,130,5,5,90.0,0,N,MELB_URBAN,ROAD,7,6.0
107725,4,1,99,1,1,60.0,0,I,MELB_URBAN,ROAD,8,9.0
107726,1,5,121,4,3,60.0,0,I,MELB_URBAN,ROAD,5,20.0
107727,1,0,121,1,1,70.0,0,N,MELB_URBAN,ROAD,8,12.0
107728,4,7,99,5,5,70.0,0,N,RURAL_VICTORIA,ROAD,8,19.0
107729,6,0,170,5,1,110.0,0,N,RURAL_VICTORIA,HIGHWAY,8,15.0
107730,4,1,183,2,1,100.0,0,I,RURAL_VICTORIA,ROAD,8,8.0
107731,1,1,121,1,1,60.0,0,I,MELB_URBAN,STREET,8,14.0
107732,1,1,111,2,9,60.0,0,I,MELB_URBAN,ROAD,7,18.0
107733,1,4,130,5,1,80.0,0,N,MELB_URBAN,ROAD,8,7.0
107734,1,1,99,2,3,100.0,0,I,MELB_URBAN,FREEWAY,8,19.0
107735,1,1,120,1,1,80.0,1,N,MELB_URBAN,HIGHWAY,8,16.0
107736,4,1,99,5,3,60.0,0,N,SMALL_CITIES,ROAD,8,21.0
107737,1,1,99,5,3,60.0,0,N,LARGE_PROVINCIAL_CITIES,STREET,8,21.0
107738,1,1,99,5,3,60.0,0,N,MELB_URBAN,STREET,8,21.0
107739,1,5,132,1,6,60.0,0,N,MELB_URBAN,ROAD,8,20.0
107740,1,6,130,5,1,80.0,0,N,LARGE_PROVINCIAL_CITIES,STREET,7,8.0
107741,6,2,174,5,5,100.0,0,N,RURAL_VICTORIA,OTHER,8,5.0
107742,2,1,99,5,1,60.0,0,N,MELB_URBAN,STREET,8,13.0
107743,5,0,99,5,5,100.0,0,N,RURAL_VICTORIA,ROAD,8,21.0
107744,1,1,130,1,1,80.0,0,I,MELB_URBAN,ROAD,8,8.0
107745,4,2,171,5,1,80.0,0,N,RURAL_VICTORIA,ROAD,8,7.0
107746,1,2,111,2,1,60.0,0,I,MELB_URBAN,ROAD,8,8.0
107747,4,2,171,5,1,80.0,0,N,MELB_URBAN,FREEWAY,8,9.0
107748,1,0,134,5,3,100.0,0,N,MELB_URBAN,ROAD,8,21.0
107749,4,4,183,5,1,80.0,0,N,MELB_URBAN,ROAD,8,13.0
107750,1,6,130,1,1,50.0,0,I,MELB_URBAN,ROAD,7,14.0
107751,1,4,132,2,6,60.0,0,I,MELB_URBAN,ROAD,8,19.0
107752,2,2,100,1,1,50.0,0,I,MELB_URBAN,ROAD,8,8.0
107753,3,5,167,5,2,100.0,0,N,RURAL_VICTORIA,ROAD,8,19.0
107754,1,6,110,1,1,60.0,0,I,MELB_URBAN,ROAD,8,12.0
107755,1,1,130,5,9,80.0,0,N,MELB_URBAN,ROAD,7,17.0
107756,2,5,99,5,1,60.0,0,N,SMALL_CITIES,ROAD,8,15.0
107757,4,2,171,5,1,60.0,0,N,TOWNS,ROAD,8,7.0
107758,1,1,113,2,1,50.0,0,I,MELB_URBAN,ROAD,8,14.0
107759,2,2,102,5,1,40.0,0,N,MELB_URBAN,STREET,8,14.0
107760,1,4,130,5,5,110.0,0,N,SMALL_CITIES,FREEWAY,8,22.0
107761,1,0,113,1,1,60.0,0,I,LARGE_PROVINCIAL_CITIES,ROAD,8,15.0
107762,1,4,135,5,1,50.0,0,N,MELB_URBAN,STREET,6,17.0
107763,2,3,100,1,9,50.0,0,I,MELB_URBAN,DRIVE,7,18.0
107764,1,2,121,1,1,60.0,0,I,MELB_URBAN,STREET,8,14.0
107765,1,2,99,5,1,80.0,0,N,MELB_URBAN,ROAD,8,14.0
107766,1,1,110,1,2,50.0,0,I,MELB_URBAN,ROAD,7,18.0
107767,1,2,99,5,1,60.0,0,N,MELB_URBAN,ROAD,8,15.0
107768,1,2,160,5,5,50.0,0,N,TOWNS,STREET,8,19.0
107769,1,1,130,2,3,70.0,0,N,MELB_URBAN,ROAD,8,18.0
107770,1,1,130,5,5,80.0,0,N,MELB_URBAN,OTHER,8,19.0
107771,1,2,99,5,3,50.0,0,N,MELB_URBAN,ROAD,8,19.0
107772,6,2,174,5,2,80.0,0,N,MELB_URBAN,FREEWAY,8,16.0
107773,1,3,120,1,3,50.0,0,I,MELB_URBAN,STREET,8,1.0
107774,4,3,171,2,3,70.0,0,N,MELB_URBAN,ROAD,8,4.0
107775,4,2,171,2,1,60.0,0,I,MELB_URBAN,ROAD,8,13.0
107776,4,3,171,5,3,60.0,0,N,LARGE_PROVINCIAL_CITIES,STREET,8,0.0
107777,1,7,121,1,1,50.0,0,I,TOWNS,ROAD,8,14.0
107778,6,3,174,2,1,50.0,0,I,MELB_URBAN,ROAD,8,6.0
107779,4,0,171,5,1,50.0,0,N,RURAL_VICTORIA,ROAD,8,14.0
107780,1,1,140,4,1,60.0,0,N,MELB_URBAN,ROAD,8,13.0
107781,1,2,110,1,1,100.0,0,I,RURAL_VICTORIA,ROAD,8,9.0
107782,8,6,174,5,1,100.0,0,N,RURAL_VICTORIA,HIGHWAY,8,15.0
107783,1,7,111,2,1,50.0,0,I,MELB_URBAN,STREET,5,12.0
107784,4,3,171,5,1,50.0,0,N,MELB_URBAN,ROAD,8,10.0
107785,2,3,102,5,3,70.0,0,N,MELB_URBAN,ROAD,8,6.0
107786,1,2,130,1,1,60.0,0,I,MELB_URBAN,STREET,8,8.0
107787,4,6,171,5,3,60.0,0,N,MELB_URBAN,ROAD,8,6.0
107788,1,3,120,2,1,100.0,0,I,RURAL_VICTORIA,HIGHWAY,8,12.0
107789,8,2,184,1,1,60.0,0,N,MELB_URBAN,ROAD,8,8.0
107790,1,6,130,2,9,60.0,0,I,MELB_URBAN,PARADE,8,21.0
107791,4,3,173,1,1,80.0,0,I,MELB_URBAN,ROAD,8,10.0
107792,4,3,173,1,1,80.0,0,N,RURAL_VICTORIA,ROAD,8,11.0
107793,1,3,99,2,1,80.0,0,I,RURAL_VICTORIA,HIGHWAY,8,12.0
107794,1,4,130,5,1,70.0,0,N,MELB_URBAN,ROAD,7,16.0
107795,1,0,120,5,1,100.0,0,N,RURAL_VICTORIA,ROAD,8,13.0
107796,2,3,100,2,1,60.0,0,N,MELB_URBAN,ROAD,8,12.0
107797,1,6,113,1,3,60.0,0,I,MELB_URBAN,ROAD,8,18.0
107798,1,3,121,2,2,40.0,0,I,MELB_URBAN,RAMP,8,6.0
107799,1,6,130,1,9,60.0,0,I,MELB_URBAN,RAMP,6,8.0
107800,4,3,99,1,1,40.0,0,I,MELB_URBAN,OTHER,8,15.0
107801,4,2,99,5,1,50.0,0,N,MELB_URBAN,STREET,7,12.0
107802,1,3,99,5,1,30.0,0,N,MELB_URBAN,STREET,8,16.0
107803,1,3,130,5,1,50.0,0,N,MELB_URBAN,STREET,8,7.0
107804,2,2,100,1,1,50.0,0,I,MELB_URBAN,STREET,8,13.0
107805,4,2,99,5,1,50.0,0,N,MELB_URBAN,OTHER,8,16.0
107806,1,2,163,5,3,40.0,0,N,MELB_URBAN,STREET,8,18.0
107807,1,2,140,5,1,60.0,0,N,MELB_URBAN,ROAD,8,14.0
107808,1,3,121,2,3,80.0,0,I,RURAL_VICTORIA,ROAD,8,17.0
107809,2,3,102,1,3,60.0,0,I,MELB_URBAN,ROAD,8,18.0
107810,1,3,133,1,3,60.0,0,I,MELB_URBAN,ROAD,8,19.0
107811,1,3,121,2,3,60.0,0,I,MELB_URBAN,ROAD,8,22.0
107812,4,4,173,5,5,100.0,0,N,RURAL_VICTORIA,ROAD,8,3.0
107813,1,3,130,5,1,70.0,0,N,MELB_URBAN,ROAD,8,9.0
107814,1,4,130,1,3,60.0,0,N,MELB_URBAN,ROAD,8,4.0
107815,1,3,130,5,1,80.0,0,N,MELB_URBAN,HIGHWAY,8,15.0
107816,1,3,130,5,3,60.0,0,N,MELB_URBAN,ROAD,8,6.0
107817,1,4,99,5,1,50.0,0,N,LARGE_PROVINCIAL_CITIES,STREET,8,8.0
107818,1,4,130,5,2,80.0,0,N,MELB_URBAN,ROAD,8,6.0
107819,1,4,121,1,1,60.0,0,I,MELB_URBAN,ROAD,8,7.0
107820,1,6,130,1,6,60.0,0,I,MELB_URBAN,ROAD,8,19.0
107821,4,4,181,5,1,70.0,0,N,RURAL_VICTORIA,ROAD,8,9.0
107822,1,1,113,2,1,80.0,0,I,MELB_URBAN,ROAD,7,8.0
107823,6,1,99,5,1,100.0,0,N,RURAL_VICTORIA,ROAD,8,10.0
107824,4,4,173,5,1,100.0,0,N,RURAL_VICTORIA,ROAD,8,7.0
107825,1,6,134,5,1,70.0,0,N,MELB_URBAN,ROAD,5,11.0
107826,1,2,99,2,1,40.0,0,I,RURAL_VICTORIA,UNKNOWN,7,12.0
107827,2,4,102,5,1,40.0,0,N,MELB_URBAN,ROAD,8,12.0
107828,1,5,132,1,9,80.0,0,I,MELB_URBAN,HIGHWAY,8,12.0
107829,4,4,181,5,5,100.0,0,N,RURAL_VICTORIA,ROAD,8,4.0
107830,1,3,110,1,1,40.0,0,I,MELB_URBAN,STREET,8,8.0
107831,1,4,113,1,1,50.0,0,I,MELB_URBAN,OTHER,8,7.0
107832,1,3,130,1,1,60.0,0,I,MELB_URBAN,BOULEVARD,8,13.0
107833,1,5,130,2,2,80.0,0,N,MELB_URBAN,HIGHWAY,8,17.0
107834,1,4,113,2,1,50.0,0,I,MELB_URBAN,ROAD,8,11.0
107835,4,4,183,5,1,100.0,0,N,RURAL_VICTORIA,ROAD,8,14.0
107836,1,4,110,1,1,100.0,0,I,TOWNS,HIGHWAY,8,15.0
107837,1,3,110,1,1,50.0,0,I,LARGE_PROVINCIAL_CITIES,AVENUE,8,15.0
107838,1,1,121,1,9,60.0,0,I,MELB_URBAN,ROAD,8,18.0
107839,2,4,100,1,3,40.0,0,I,MELBOURNE_CBD,STREET,8,0.0
107840,1,3,130,1,1,60.0,0,I,MELB_URBAN,ROAD,8,12.0
107841,1,4,111,2,1,60.0,0,I,LARGE_PROVINCIAL_CITIES,ROAD,8,16.0
107842,1,6,99,5,1,50.0,0,N,MELB_URBAN,STREET,7,11.0
107843,4,3,173,5,3,60.0,0,N,MELB_URBAN,RAMP,8,19.0
107844,4,4,183,5,2,60.0,0,N,RURAL_VICTORIA,ROAD,8,17.0
107845,3,2,167,5,5,100.0,0,N,RURAL_VICTORIA,ROAD,8,19.0
107846,4,3,181,5,3,50.0,0,N,MELB_URBAN,AVENUE,8,19.0
107847,1,4,121,1,3,70.0,0,I,MELB_URBAN,ROAD,8,19.0
107848,1,4,116,2,3,70.0,0,I,MELB_URBAN,ROAD,8,19.0
107849,1,4,132,1,1,50.0,0,I,TOWNS,STREET,8,15.0
107850,1,4,121,2,3,60.0,0,I,MELB_URBAN,STREET,8,18.0
107851,4,2,99,5,1,60.0,1,N,TOWNS,STREET,8,11.0
107852,1,3,113,2,1,60.0,0,I,MELB_URBAN,ROAD,7,8.0
107853,4,4,183,5,5,70.0,0,N,MELB_URBAN,ROAD,8,21.0
107854,2,2,99,8,1,50.0,0,N,TOWNS,STREET,7,17.0
107855,1,4,110,1,1,50.0,0,I,MELB_URBAN,STREET,8,7.0
107856,1,6,130,1,1,60.0,0,I,MELB_URBAN,PARADE,7,11.0
107857,4,5,171,5,1,100.0,0,N,RURAL_VICTORIA,HIGHWAY,8,7.0
107858,1,5,130,5,3,100.0,0,N,MELB_URBAN,FREEWAY,8,6.0
107859,1,5,116,2,1,50.0,0,I,LARGE_PROVINCIAL_CITIES,STREET,8,8.0
107860,1,5,160,5,1,50.0,0,N,TOWNS,AVENUE,8,8.0
107861,2,5,99,5,1,50.0,0,N,MELB_URBAN,AVENUE,8,9.0
107862,1,5,134,5,1,70.0,0,N,MELB_URBAN,ROAD,8,8.0
107863,1,5,132,1,9,60.0,0,I,MELB_URBAN,BOULEVARD,8,17.0
107864,1,4,110,1,1,60.0,0,I,TOWNS,HIGHWAY,8,9.0
107865,1,5,130,5,1,80.0,0,N,LARGE_PROVINCIAL_CITIES,HIGHWAY,8,8.0
107866,1,5,160,5,1,50.0,0,N,MELB_URBAN,STREET,8,10.0
107867,1,4,99,5,1,50.0,0,N,MELB_URBAN,STREET,8,9.0
107868,1,3,133,1,1,50.0,0,I,MELB_URBAN,STREET,8,15.0
107869,1,4,130,1,1,80.0,0,I,MELB_URBAN,ROAD,8,12.0
107870,1,4,99,2,1,60.0,0,I,MELB_URBAN,ROAD,8,8.0
107871,1,4,99,5,1,50.0,0,N,SMALL_CITIES,STREET,8,8.0
107872,1,5,130,1,1,60.0,0,I,MELB_URBAN,ROAD,8,15.0
107873,1,2,130,5,1,60.0,0,N,MELB_URBAN,ROAD,8,14.0
107874,4,5,171,5,1,50.0,0,N,MELB_URBAN,OTHER,8,10.0
107875,1,3,130,5,1,60.0,0,N,MELB_URBAN,ROAD,1,11.0
107876,1,2,130,5,5,80.0,0,N,MELB_URBAN,ROAD,8,17.0
107877,1,2,130,2,1,60.0,0,N,MELB_URBAN,ROAD,8,9.0
107878,2,5,102,5,1,40.0,0,N,MELB_URBAN,AVENUE,8,15.0
107879,2,4,99,5,1,40.0,0,N,RURAL_VICTORIA,ROAD,8,15.0
107880,4,4,171,5,5,70.0,0,N,MELB_URBAN,DRIVE,8,18.0
107881,1,4,99,1,3,50.0,0,N,TOWNS,STREET,8,18.0
107882,1,5,130,1,9,70.0,0,I,MELB_URBAN,ROAD,8,7.0
107883,1,5,110,1,1,60.0,0,I,LARGE_PROVINCIAL_CITIES,STREET,8,17.0
107884,1,4,147,5,1,50.0,0,N,MELB_URBAN,ROAD,8,16.0
107885,1,4,130,2,1,80.0,0,I,RURAL_VICTORIA,ROAD,8,17.0
107886,1,4,130,5,3,100.0,0,N,MELB_URBAN,FREEWAY,8,19.0
107887,4,5,171,5,5,100.0,0,N,RURAL_VICTORIA,ROAD,8,2.0
107888,1,4,110,1,3,50.0,0,I,MELB_URBAN,STREET,8,20.0
107889,1,4,130,5,1,80.0,0,N,MELB_URBAN,ROAD,8,6.0
107890,1,4,134,5,3,80.0,0,N,MELB_URBAN,UNKNOWN,8,20.0
107891,1,5,110,1,3,70.0,0,I,MELB_URBAN,DRIVE,8,21.0
107892,1,5,120,5,1,60.0,0,N,RURAL_VICTORIA,OTHER,8,17.0
107893,4,5,171,5,3,50.0,0,N,TOWNS,ROAD,8,20.0
107894,6,5,174,2,1,100.0,0,I,RURAL_VICTORIA,ROAD,8,15.0
107895,1,3,130,1,4,60.0,0,I,MELB_URBAN,ROAD,8,20.0
107896,1,5,130,5,1,60.0,0,N,MELB_URBAN,UNKNOWN,8,8.0
107897,2,5,102,1,3,50.0,0,N,MELB_URBAN,DRIVE,8,18.0
107898,4,5,171,2,3,80.0,0,I,RURAL_VICTORIA,HIGHWAY,8,22.0
107899,2,6,99,5,3,50.0,0,N,SMALL_CITIES,OTHER,8,3.0
107900,5,6,99,5,3,100.0,0,N,MELB_URBAN,ROAD,8,5.0
107901,2,6,102,1,6,60.0,0,I,MELB_URBAN,STREET,8,6.0
107902,8,6,174,5,1,80.0,0,N,MELB_URBAN,FREEWAY,8,7.0
107903,1,4,130,5,1,80.0,0,N,MELB_URBAN,FREEWAY,8,16.0
107904,1,6,160,2,1,50.0,0,I,MELB_URBAN,STREET,8,8.0
107905,1,5,132,2,3,60.0,0,I,SMALL_CITIES,STREET,8,19.0
107906,1,6,121,2,1,60.0,0,I,MELB_URBAN,STREET,8,10.0
107907,2,5,100,5,1,60.0,0,N,MELB_URBAN,STREET,8,8.0
107908,2,6,100,1,1,80.0,0,I,MELB_URBAN,ROAD,8,10.0
107909,2,6,99,5,1,50.0,0,N,MELB_URBAN,AVENUE,8,8.0
107910,1,6,99,5,1,100.0,0,N,MELB_URBAN,ROAD,4,8.0
107911,1,3,140,5,9,60.0,0,N,MELB_URBAN,ROAD,8,16.0
107912,2,5,102,5,1,50.0,0,N,MELB_URBAN,PARADE,8,16.0
107913,1,4,130,5,3,100.0,0,I,MELB_URBAN,FREEWAY,7,17.0
107914,1,5,130,1,1,50.0,0,I,MELB_URBAN,STREET,8,14.0
107915,1,6,99,5,1,60.0,0,N,MELB_URBAN,STREET,8,11.0
107916,1,6,99,5,1,40.0,0,N,MELB_URBAN,STREET,8,13.0
107917,1,6,130,5,1,60.0,0,N,MELB_URBAN,ROAD,8,12.0
107918,1,5,130,5,2,60.0,0,N,MELB_URBAN,ROAD,8,6.0
107919,1,5,130,5,3,60.0,0,N,MELB_URBAN,STREET,8,17.0
107920,1,3,130,1,3,80.0,0,N,MELB_URBAN,ROAD,7,5.0
107921,1,5,130,2,1,100.0,0,I,RURAL_VICTORIA,HIGHWAY,8,13.0
107922,1,6,99,5,1,50.0,0,N,MELB_URBAN,STREET,8,13.0
107923,1,6,130,5,1,80.0,0,N,MELB_URBAN,ROAD,8,10.0
107924,1,6,113,2,1,60.0,0,I,MELB_URBAN,ROAD,8,14.0
107925,4,6,183,5,1,100.0,0,N,RURAL_VICTORIA,ROAD,8,13.0
107926,1,6,132,5,1,80.0,0,N,MELB_URBAN,HIGHWAY,8,12.0
107927,2,6,99,9,1,50.0,0,N,TOWNS,STREET,8,14.0
107928,1,6,132,2,1,60.0,0,I,LARGE_PROVINCIAL_CITIES,ROAD,8,13.0
107929,1,5,130,5,1,80.0,0,N,RURAL_VICTORIA,ROAD,8,10.0
107930,1,5,113,1,1,60.0,0,I,LARGE_PROVINCIAL_CITIES,STREET,8,13.0
107931,2,6,99,5,1,50.0,0,N,MELB_URBAN,ROAD,8,9.0
107932,1,4,121,1,3,80.0,0,I,RURAL_VICTORIA,HIGHWAY,8,18.0
107933,1,6,120,5,1,60.0,0,N,MELB_URBAN,ROAD,8,16.0
107934,1,6,111,2,1,60.0,0,N,MELB_URBAN,ROAD,8,6.0
107935,1,6,120,5,1,80.0,1,N,RURAL_VICTORIA,ROAD,8,13.0
107936,1,6,147,2,1,60.0,0,N,MELB_URBAN,ROAD,8,16.0
107937,1,6,121,1,1,60.0,0,I,MELB_URBAN,AVENUE,8,16.0
107938,1,5,130,1,3,70.0,0,I,LARGE_PROVINCIAL_CITIES,ROAD,8,22.0
107939,1,6,113,2,3,60.0,0,I,MELB_URBAN,HIGHWAY,8,22.0
107940,4,6,171,5,3,60.0,1,N,MELB_URBAN,ROAD,8,23.0
107941,5,5,99,5,2,60.0,0,N,LARGE_PROVINCIAL_CITIES,STREET,8,17.0
107942,2,6,100,1,3,80.0,0,I,MELB_URBAN,HIGHWAY,8,22.0
107943,6,7,170,5,3,80.0,0,N,RURAL_VICTORIA,ROAD,8,0.0
107944,1,6,121,2,3,60.0,0,I,MELB_URBAN,STREET,8,4.0
107945,1,7,99,2,1,60.0,0,I,MELB_URBAN,ROAD,8,7.0
107946,4,6,173,5,2,50.0,0,N,MELB_URBAN,DRIVE,8,6.0
107947,2,7,99,2,1,60.0,0,I,MELB_URBAN,ROAD,8,8.0
107948,1,7,130,5,1,100.0,0,N,RURAL_VICTORIA,ROAD,8,9.0
107949,6,7,99,5,1,50.0,0,N,TOWNS,ROAD,8,10.0
107950,1,7,110,1,1,70.0,0,I,MELB_URBAN,HIGHWAY,8,10.0
107951,1,6,134,5,9,60.0,0,N,MELB_URBAN,ROAD,6,12.0
107952,1,7,113,2,1,80.0,0,I,MELB_URBAN,ROAD,8,11.0
107953,1,5,121,1,3,50.0,0,I,MELB_URBAN,STREET,8,17.0
107954,1,7,121,1,1,60.0,0,I,SMALL_CITIES,HIGHWAY,8,10.0
107955,1,2,133,5,2,100.0,0,N,MELB_URBAN,FREEWAY,8,5.0
107956,1,6,110,1,1,50.0,0,I,MELB_URBAN,STREET,8,13.0
107957,1,5,130,5,1,100.0,0,N,MELB_URBAN,FREEWAY,8,17.0
107958,2,6,100,5,1,40.0,0,N,MELB_URBAN,UNKNOWN,8,11.0
107959,4,6,173,5,5,60.0,0,N,RURAL_VICTORIA,ROAD,8,22.0
107960,1,6,113,2,1,50.0,0,I,MELB_URBAN,OTHER,8,14.0
107961,4,7,171,5,1,100.0,0,N,RURAL_VICTORIA,HIGHWAY,8,14.0
107962,1,7,120,5,1,100.0,0,N,RURAL_VICTORIA,ROAD,8,17.0
107963,4,7,130,5,1,70.0,0,N,LARGE_PROVINCIAL_CITIES,ROAD,8,17.0
107964,5,7,99,5,1,100.0,0,N,MELB_URBAN,ROAD,8,17.0
107965,1,6,130,5,2,80.0,0,N,RURAL_VICTORIA,ROAD,8,17.0
107966,1,0,110,1,1,50.0,0,I,SMALL_CITIES,STREET,7,13.0
107967,1,7,121,1,1,60.0,0,I,MELB_URBAN,HIGHWAY,8,13.0
107968,2,7,102,5,1,60.0,0,N,MELB_URBAN,STREET,8,17.0