,accident_type,day_of_week,dca_code,road_geometry,light_condition,speed_zone,severity,node_type,deg_urban_name,road_type,month,hour
107969,1,6,121,2,3,50.0,0,I,MELB_URBAN,STREET,8,18.0
107970,2,7,100,5,3,80.0,0,N,MELB_URBAN,HIGHWAY,8,18.0
107971,4,6,171,5,3,50.0,0,N,MELB_URBAN,OTHER,8,19.0
107972,1,7,120,5,5,100.0,0,N,RURAL_VICTORIA,ROAD,8,18.0
107973,1,7,160,5,3,50.0,0,N,MELB_URBAN,ROAD,8,20.0
107974,1,6,121,2,1,60.0,0,I,MELB_URBAN,ROAD,8,15.0
107975,1,5,120,5,1,100.0,0,N,RURAL_VICTORIA,HIGHWAY,8,14.0
107976,1,7,99,5,5,80.0,0,N,SMALL_TOWNS,ROAD,8,18.0
107977,1,7,121,1,3,80.0,0,I,MELB_URBAN,OTHER,8,22.0
107978,4,1,173,5,3,60.0,0,N,MELB_URBAN,ROAD,8,1.0
107979,1,0,99,5,3,60.0,0,N,MELB_URBAN,ROAD,8,2.0
107980,1,6,113,2,1,60.0,0,I,MELB_URBAN,ROAD,8,8.0
107981,4,1,173,5,3,80.0,0,N,MELB_URBAN,FREEWAY,8,0.0
107982,2,7,102,2,3,60.0,0,N,MELB_URBAN,ROAD,8,19.0
107983,1,2,130,2,3,60.0,0,I,MELB_URBAN,ROAD,7,18.0
107984,1,0,110,1,1,60.0,0,I,MELB_URBAN,ROAD,8,7.0
107985,1,3,111,2,3,60.0,0,I,MELB_URBAN,ROAD,7,18.0
107986,1,0,130,1,1,60.0,0,I,MELB_URBAN,FREEWAY,8,9.0
107987,1,0,130,5,1,80.0,0,N,MELB_URBAN,HIGHWAY,8,12.0
107988,1,7,111,1,3,60.0,0,N,SMALL_CITIES,ROAD,8,17.0
107989,2,1,100,5,1,60.0,0,I,MELB_URBAN,ROAD,8,13.0
107990,2,1,100,1,2,60.0,0,I,MELB_URBAN,HIGHWAY,8,18.0
107991,1,1,121,1,2,60.0,0,I,MELB_URBAN,ROAD,8,16.0
107992,4,1,181,5,5,100.0,0,N,RURAL_VICTORIA,ROAD,8,4.0
107993,1,1,147,5,1,60.0,0,N,MELB_URBAN,ROAD,8,11.0
107994,1,1,130,5,2,80.0,0,N,MELB_URBAN,ROAD,8,17.0
107995,1,0,140,5,2,50.0,0,N,MELB_URBAN,ROAD,8,18.0
107996,1,1,130,1,2,80.0,0,I,MELB_URBAN,ROAD,8,17.0
107997,1,1,130,1,3,60.0,0,I,MELB_URBAN,ROAD,8,20.0
107998,1,1,120,5,5,100.0,0,N,RURAL_VICTORIA,HIGHWAY,8,23.0
107999,1,0,130,1,1,80.0,0,I,RURAL_VICTORIA,ROAD,8,15.0
108000,1,5,171,5,1,110.0,0,N,RURAL_VICTORIA,FREEWAY,6,15.0
108001,1,2,130,1,1,70.0,0,I,MELB_URBAN,ROAD,8,8.0
108002,1,4,130,5,1,80.0,0,N,RURAL_VICTORIA,HIGHWAY,6,16.0
108003,1,1,130,5,1,80.0,0,N,MELB_URBAN,HIGHWAY,8,8.0
108004,1,6,130,5,2,100.0,0,N,RURAL_VICTORIA,HIGHWAY,8,17.0
108005,1,1,160,5,1,50.0,0,N,MELB_URBAN,STREET,8,10.0
108006,1,2,121,1,1,80.0,0,I,MELB_URBAN,STREET,8,7.0
108007,2,2,100,5,1,60.0,0,N,MELB_URBAN,ROAD,8,11.0
108008,2,6,102,5,1,60.0,0,N,MELB_URBAN,ROAD,5,11.0
108009,1,2,110,1,1,60.0,0,I,MELB_URBAN,STREET,8,12.0
108010,4,2,181,4,1,100.0,0,N,RURAL_VICTORIA,HIGHWAY,8,13.0
108011,1,2,160,2,1,40.0,0,N,MELB_URBAN,STREET,8,14.0
108012,4,2,171,5,1,50.0,0,N,MELB_URBAN,AVENUE,8,12.0
108013,1,2,130,5,1,60.0,0,N,MELB_URBAN,ROAD,8,14.0
108014,2,2,102,5,1,40.0,1,N,MELB_URBAN,STREET,8,12.0
108015,1,2,130,5,1,60.0,0,N,MELB_URBAN,ROAD,8,14.0
108016,2,6,102,5,3,40.0,0,N,MELBOURNE_CBD,OTHER,8,0.0
108017,1,0,121,1,1,80.0,0,I,MELB_URBAN,HIGHWAY,8,9.0
108018,1,2,99,5,9,60.0,0,N,MELB_URBAN,UNKNOWN,8,11.0
108019,1,2,110,1,1,80.0,1,I,MELB_URBAN,ROAD,8,15.0
108020,8,1,99,9,1,60.0,0,N,RURAL_VICTORIA,OTHER,6,13.0
108021,2,2,102,2,2,60.0,0,N,SMALL_TOWNS,HIGHWAY,8,17.0
108022,1,2,110,1,3,60.0,0,N,MELB_URBAN,ROAD,8,19.0
108023,1,6,130,5,6,80.0,0,N,MELB_URBAN,ROAD,7,18.0
108024,1,1,99,5,1,50.0,0,N,TOWNS,STREET,8,11.0
108025,1,2,99,5,1,50.0,0,N,MELB_URBAN,STREET,8,14.0
108026,1,4,134,5,9,80.0,0,N,MELB_URBAN,UNKNOWN,7,16.0
108027,1,6,121,2,1,80.0,0,I,MELB_URBAN,STREET,8,8.0
108028,4,0,181,5,1,100.0,0,N,RURAL_VICTORIA,ROAD,3,10.0
108029,1,6,99,1,1,50.0,0,N,MELB_URBAN,STREET,8,11.0
108030,1,2,110,1,1,50.0,0,I,MELB_URBAN,STREET,8,8.0
108031,1,3,130,5,1,80.0,0,N,MELB_URBAN,FREEWAY,8,8.0
108032,2,2,99,5,3,50.0,0,N,MELB_URBAN,DRIVE,8,6.0
108033,5,3,99,5,1,60.0,0,N,MELB_URBAN,ROAD,8,8.0
108034,1,6,132,5,1,50.0,0,N,MELB_URBAN,ROAD,8,7.0
108035,1,3,130,1,2,70.0,0,I,MELB_URBAN,ROAD,8,18.0
108036,1,3,121,1,3,60.0,0,I,MELB_URBAN,ROAD,8,6.0
108037,1,1,130,5,1,60.0,0,N,MELB_URBAN,ROAD,8,14.0
108038,1,7,130,5,9,80.0,0,N,MELB_URBAN,FREEWAY,8,18.0
108039,4,3,171,5,1,100.0,0,N,MELB_URBAN,ROAD,8,7.0
108040,6,3,99,1,1,60.0,0,I,MELB_URBAN,STREET,8,17.0
108041,1,7,140,2,9,60.0,0,I,MELB_URBAN,ROAD,5,18.0
108042,1,6,130,1,1,80.0,0,I,MELB_URBAN,HIGHWAY,8,16.0
108043,1,3,99,1,1,50.0,0,N,SMALL_CITIES,ROAD,8,15.0
108044,1,2,120,5,1,60.0,0,N,RURAL_VICTORIA,HIGHWAY,8,15.0
108045,1,2,110,1,1,60.0,0,I,SMALL_CITIES,STREET,8,9.0
108046,4,2,171,5,1,50.0,0,N,MELB_URBAN,ROAD,8,16.0
108047,1,3,120,2,1,60.0,0,N,MELB_URBAN,STREET,8,10.0
108048,1,3,99,2,1,80.0,0,N,MELB_URBAN,ROAD,8,13.0
108049,4,3,173,5,1,60.0,0,N,SMALL_CITIES,ROAD,8,7.0
108050,1,2,99,1,2,70.0,0,I,RURAL_VICTORIA,ROAD,7,18.0
108051,1,2,99,5,1,50.0,0,N,MELB_URBAN,BOULEVARD,8,11.0
108052,1,2,130,2,1,80.0,0,I,SMALL_CITIES,DRIVE,8,10.0
108053,1,3,130,5,2,60.0,0,N,MELB_URBAN,ROAD,7,6.0
108054,1,3,121,9,2,60.0,0,I,MELB_URBAN,HIGHWAY,8,17.0
108055,1,3,130,5,1,100.0,0,N,MELB_URBAN,ROAD,8,17.0
108056,6,3,170,5,5,50.0,0,N,RURAL_VICTORIA,STREET,4,21.0
108057,1,3,99,2,3,50.0,0,I,MELB_URBAN,STREET,8,18.0
108058,1,2,110,1,1,50.0,0,I,MELB_URBAN,STREET,8,17.0
108059,1,3,120,2,1,50.0,0,N,MELB_URBAN,AVENUE,8,16.0
108060,1,2,110,1,1,40.0,0,I,MELB_URBAN,STREET,8,13.0
108061,8,3,99,5,3,70.0,0,N,MELB_URBAN,ROAD,8,20.0
108062,2,3,102,1,3,50.0,0,I,MELB_URBAN,STREET,8,18.0
108063,2,3,102,1,6,60.0,0,I,MELB_URBAN,ROAD,8,18.0
108064,1,3,99,1,3,60.0,0,I,MELB_URBAN,OTHER,8,18.0
108065,1,3,160,5,3,60.0,0,N,TOWNS,OTHER,8,20.0
108066,1,2,121,1,3,60.0,0,N,MELB_URBAN,ROAD,8,22.0
108067,1,3,130,5,5,110.0,0,N,RURAL_VICTORIA,FREEWAY,8,22.0
108068,4,3,173,5,3,60.0,0,N,MELB_URBAN,ROAD,8,23.0
108069,1,2,130,5,1,80.0,0,N,MELB_URBAN,ROAD,6,13.0
108070,1,3,130,5,3,60.0,0,N,MELB_URBAN,ROAD,8,21.0
108071,7,3,99,5,1,80.0,0,N,RURAL_VICTORIA,ROAD,6,7.0
108072,1,3,121,1,2,80.0,0,I,MELB_URBAN,ROAD,8,6.0
108073,6,1,174,5,5,60.0,0,N,RURAL_VICTORIA,ROAD,8,23.0
108074,2,4,99,1,1,50.0,0,I,MELB_URBAN,STREET,8,7.0
108075,1,1,110,1,1,60.0,0,I,MELB_URBAN,ROAD,8,8.0
108076,1,5,111,1,1,60.0,0,I,MELB_URBAN,ROAD,8,15.0
108077,1,4,130,5,1,100.0,0,N,MELB_URBAN,FREEWAY,8,9.0
108078,1,3,116,1,3,80.0,0,I,MELB_URBAN,RAMP,8,18.0
108079,1,4,99,2,1,80.0,0,I,MELB_URBAN,ROAD,8,10.0
108080,1,4,110,1,3,80.0,0,I,LARGE_PROVINCIAL_CITIES,HIGHWAY,7,18.0
108081,1,5,121,1,1,60.0,0,I,MELB_URBAN,ROAD,8,17.0
108082,2,3,99,1,1,60.0,0,I,MELB_URBAN,ROAD,8,9.0
108083,2,4,100,1,1,40.0,0,I,MELB_URBAN,STREET,8,11.0
108084,1,5,121,5,1,60.0,0,N,MELB_URBAN,ROAD,8,15.0
108085,1,2,111,1,1,80.0,0,N,MELB_URBAN,ROAD,4,15.0
108086,1,4,121,1,1,80.0,0,I,MELB_URBAN,OTHER,8,12.0
108087,1,3,130,2,3,70.0,0,N,RURAL_VICTORIA,ROAD,8,18.0
108088,1,4,99,5,1,60.0,0,N,MELB_URBAN,ROAD,8,13.0
108089,1,4,121,2,1,60.0,0,I,MELB_URBAN,ROAD,8,12.0
108090,1,4,160,5,1,50.0,0,N,MELB_URBAN,OTHER,8,13.0
108091,3,4,167,5,2,80.0,0,N,RURAL_VICTORIA,ROAD,8,6.0
108092,1,4,121,2,1,60.0,0,I,TOWNS,ROAD,8,10.0
108093,2,3,102,5,1,50.0,0,N,TOWNS,STREET,8,15.0
108094,1,4,121,1,1,80.0,0,I,MELB_URBAN,HIGHWAY,8,14.0
108095,1,2,110,1,1,40.0,0,I,MELB_URBAN,ROAD,8,10.0
108096,6,7,174,5,1,50.0,0,N,MELB_URBAN,OTHER,8,9.0
108097,2,4,99,5,1,60.0,0,N,TOWNS,AVENUE,8,16.0
108098,1,6,99,2,1,70.0,0,I,MELB_URBAN,ROAD,8,11.0
108099,1,2,130,1,1,80.0,0,N,MELB_URBAN,ROAD,2,18.0
108100,1,3,99,2,1,60.0,0,I,MELB_URBAN,ROAD,8,15.0
108101,1,4,121,1,2,50.0,0,I,SMALL_CITIES,STREET,8,17.0
108102,1,1,116,1,3,60.0,0,I,MELB_URBAN,BOULEVARD,8,19.0
108103,1,4,130,5,1,80.0,0,N,MELB_URBAN,ROAD,8,15.0
108104,2,5,99,5,1,60.0,0,O,MELB_URBAN,UNKNOWN,3,16.0
108105,1,4,130,5,2,60.0,0,N,MELB_URBAN,HIGHWAY,8,17.0
108106,4,4,183,5,1,60.0,0,N,RURAL_VICTORIA,ROAD,8,15.0
108107,1,5,116,2,3,50.0,0,I,MELB_URBAN,ROAD,8,19.0
108108,1,3,130,2,3,70.0,0,N,MELB_URBAN,ROAD,8,18.0
108109,1,3,130,1,4,60.0,0,I,SMALL_CITIES,ROAD,8,17.0
108110,1,4,121,2,1,40.0,0,I,MELB_URBAN,PARADE,8,15.0
108111,1,4,120,1,3,60.0,0,I,MELB_URBAN,ROAD,8,20.0
108112,1,3,120,5,5,60.0,0,N,RURAL_VICTORIA,ROAD,8,23.0
108113,1,3,110,1,3,60.0,0,I,MELB_URBAN,ROAD,8,6.0
108114,1,2,130,5,1,80.0,0,N,MELB_URBAN,ROAD,8,8.0
108115,1,6,130,5,1,110.0,0,N,RURAL_VICTORIA,FREEWAY,5,16.0
108116,1,2,121,2,1,60.0,0,I,SMALL_CITIES,ROAD,8,8.0
108117,8,5,184,2,3,60.0,0,I,MELB_URBAN,STREET,8,20.0
108118,6,2,99,5,1,60.0,0,N,MELB_URBAN,HIGHWAY,8,16.0
108119,2,5,102,1,1,60.0,0,I,LARGE_PROVINCIAL_CITIES,STREET,8,8.0
108120,1,4,130,5,9,60.0,0,N,MELB_URBAN,ROAD,8,5.0
108121,1,3,132,1,1,60.0,0,I,TOWNS,STREET,8,11.0
108122,1,5,113,2,1,80.0,0,I,MELB_URBAN,HIGHWAY,8,6.0
108123,6,4,99,5,1,50.0,0,N,MELB_URBAN,BOULEVARD,8,16.0
108124,4,5,171,1,1,80.0,0,N,MELB_URBAN,RAMP,8,10.0
108125,1,5,121,1,3,60.0,0,I,LARGE_PROVINCIAL_CITIES,ROAD,8,22.0
108126,2,5,100,5,1,60.0,0,N,MELB_URBAN,ROAD,8,11.0
108127,1,5,120,5,1,50.0,0,N,MELB_URBAN,DRIVE,8,8.0
108128,1,5,113,2,1,60.0,0,I,MELB_URBAN,HIGHWAY,8,11.0
108129,2,5,100,1,1,60.0,0,I,MELB_URBAN,STREET,8,6.0
108130,5,1,99,5,1,80.0,0,N,MELB_URBAN,HIGHWAY,8,10.0
108131,1,4,130,1,1,60.0,0,N,MELB_URBAN,ROAD,8,16.0
108132,2,5,99,5,1,60.0,0,N,SMALL_TOWNS,STREET,8,12.0
108133,5,7,171,5,1,110.0,0,N,RURAL_VICTORIA,ROAD,8,16.0
108134,1,4,113,2,1,60.0,0,I,SMALL_CITIES,DRIVE,8,14.0
108135,3,5,167,5,1,100.0,0,N,RURAL_VICTORIA,ROAD,8,15.0
108136,1,5,113,2,1,60.0,0,I,MELB_URBAN,OTHER,8,7.0
108137,1,3,147,5,3,40.0,0,N,MELB_URBAN,STREET,8,21.0
108138,1,5,99,1,1,70.0,0,I,MELB_URBAN,ROAD,8,10.0
108139,6,7,99,5,1,100.0,0,O,RURAL_VICTORIA,OTHER,7,15.0
108140,1,5,99,5,1,50.0,0,N,MELB_URBAN,STREET,8,15.0
108141,1,4,113,3,3,60.0,0,I,RURAL_VICTORIA,HIGHWAY,7,20.0
108142,1,5,121,1,1,80.0,0,I,MELB_URBAN,HIGHWAY,8,16.0
108143,1,5,113,2,1,80.0,0,I,MELB_URBAN,BOULEVARD,8,15.0
108144,1,5,111,1,1,50.0,0,I,MELB_URBAN,STREET,8,15.0
108145,2,5,99,5,1,60.0,0,N,MELB_URBAN,ROAD,8,14.0
108146,1,5,130,5,1,80.0,0,N,MELB_URBAN,FREEWAY,8,15.0
108147,1,5,120,5,1,80.0,0,N,MELB_URBAN,ROAD,8,14.0
108148,1,5,110,1,2,50.0,0,I,MELB_URBAN,BOULEVARD,8,17.0
108149,2,4,99,5,3,80.0,0,N,MELB_URBAN,ROAD,8,20.0
108150,1,5,132,2,1,60.0,0,I,MELB_URBAN,AVENUE,8,16.0
108151,1,4,121,1,3,80.0,0,I,MELB_URBAN,ROAD,8,19.0
108152,2,5,102,1,5,60.0,0,N,MELB_URBAN,STREET,8,19.0
108153,1,7,163,5,3,40.0,0,N,MELB_URBAN,STREET,8,0.0
108154,2,5,100,1,2,60.0,0,I,MELB_URBAN,ROAD,8,17.0
108155,1,5,121,1,3,70.0,0,I,MELB_URBAN,ROAD,8,18.0
108156,4,5,183,5,5,100.0,0,N,RURAL_VICTORIA,HIGHWAY,8,17.0
108157,1,4,130,5,3,80.0,0,N,MELB_URBAN,ROAD,8,18.0
108158,1,4,99,5,3,40.0,0,N,MELB_URBAN,STREET,8,18.0
108159,1,5,99,1,3,80.0,0,N,MELB_URBAN,ROAD,8,22.0
108160,1,1,110,1,3,50.0,0,I,MELB_URBAN,STREET,7,18.0
108161,1,2,113,2,1,60.0,0,I,MELB_URBAN,ROAD,8,8.0
108162,2,6,99,5,1,40.0,0,N,LARGE_PROVINCIAL_CITIES,STREET,8,8.0
108163,2,6,100,1,1,50.0,0,I,LARGE_PROVINCIAL_CITIES,STREET,8,8.0
108164,1,6,160,5,1,60.0,0,N,TOWNS,ROAD,8,8.0
108165,1,6,130,5,1,60.0,0,N,MELB_URBAN,STREET,8,9.0
108166,1,6,130,5,1,80.0,0,N,RURAL_VICTORIA,ROAD,8,7.0
108167,4,6,181,5,1,100.0,0,N,RURAL_VICTORIA,ROAD,8,8.0
108168,4,6,183,4,1,100.0,0,N,MELB_URBAN,RAMP,8,7.0
108169,1,6,121,2,1,80.0,0,I,MELB_URBAN,HIGHWAY,8,7.0
108170,1,6,130,5,1,60.0,0,N,MELB_URBAN,ROAD,8,8.0
108171,4,6,183,5,1,50.0,0,N,SMALL_CITIES,DRIVE,8,9.0
108172,2,6,99,5,1,60.0,0,N,MELB_URBAN,ROAD,8,11.0
108173,1,5,110,1,1,50.0,0,I,TOWNS,STREET,8,12.0
108174,1,5,163,5,1,40.0,0,N,MELB_URBAN,STREET,8,9.0
108175,8,5,99,2,1,50.0,0,I,RURAL_VICTORIA,ROAD,8,10.0
108176,1,6,99,5,9,50.0,0,N,MELB_URBAN,STREET,8,11.0
108177,1,6,130,5,1,100.0,0,N,MELB_URBAN,FREEWAY,8,6.0
108178,1,5,99,5,1,40.0,0,N,TOWNS,ROAD,8,8.0
108179,1,6,140,2,1,60.0,0,N,MELB_URBAN,ROAD,8,12.0
108180,1,5,130,1,1,60.0,0,I,MELB_URBAN,ROAD,8,14.0
108181,1,5,121,1,1,60.0,0,I,MELB_URBAN,STREET,8,11.0
108182,1,6,160,5,1,50.0,0,N,MELB_URBAN,ROAD,8,12.0
108183,1,6,121,5,1,40.0,0,N,MELB_URBAN,ROAD,8,13.0
108184,6,6,174,5,1,60.0,0,N,LARGE_PROVINCIAL_CITIES,STREET,8,15.0
108185,2,6,102,5,1,80.0,0,N,MELB_URBAN,ROAD,8,16.0
108186,1,6,110,1,1,80.0,0,I,RURAL_VICTORIA,ROAD,8,16.0
108187,2,6,100,5,1,60.0,0,N,MELB_URBAN,STREET,8,16.0
108188,1,5,130,2,1,60.0,0,I,MELB_URBAN,ROAD,8,14.0
108189,4,6,171,5,1,60.0,0,N,MELB_URBAN,STREET,8,17.0
108190,1,4,110,1,1,60.0,0,I,MELB_URBAN,STREET,8,8.0
108191,1,5,160,5,1,50.0,0,N,MELB_URBAN,ROAD,8,15.0
108192,4,6,173,5,3,50.0,0,N,MELB_URBAN,ROAD,8,18.0
108193,5,6,99,2,3,60.0,0,I,MELB_URBAN,ROAD,8,22.0
108194,2,6,99,5,4,60.0,1,N,MELB_URBAN,ROAD,8,22.0
108195,4,7,173,5,6,100.0,0,N,RURAL_VICTORIA,HIGHWAY,8,3.0
108196,1,1,130,5,9,80.0,0,N,MELB_URBAN,HIGHWAY,8,16.0
108197,1,6,130,5,1,80.0,0,N,MELB_URBAN,HIGHWAY,8,8.0
108198,1,5,130,5,1,80.0,0,N,MELB_URBAN,HIGHWAY,8,18.0
108199,1,6,120,5,5,100.0,0,N,RURAL_VICTORIA,HIGHWAY,8,23.0
108200,1,7,121,1,1,70.0,0,N,LARGE_PROVINCIAL_CITIES,ROAD,8,10.0
108201,1,6,132,1,9,60.0,0,N,MELB_URBAN,STREET,8,6.0
108202,2,7,102,1,1,40.0,0,N,MELB_URBAN,STREET,8,9.0
108203,2,7,100,2,1,60.0,0,I,MELB_URBAN,ROAD,8,11.0
108204,1,7,130,2,9,60.0,0,N,MELB_URBAN,ROAD,8,8.0
108205,1,7,113,1,1,60.0,0,I,SMALL_CITIES,ROAD,8,9.0
108206,8,7,174,5,1,100.0,0,N,RURAL_VICTORIA,ROAD,8,9.0
108207,1,5,130,2,1,60.0,0,N,MELB_URBAN,ROAD,8,13.0
108208,8,1,170,5,1,100.0,0,N,RURAL_VICTORIA,ROAD,8,9.0
108209,1,6,121,1,1,70.0,0,I,MELB_URBAN,ROAD,8,11.0
108210,1,7,99,5,1,80.0,0,N,MELB_URBAN,UNKNOWN,8,9.0
108211,1,6,133,5,1,100.0,0,N,MELB_URBAN,ROAD,8,9.0
108212,1,7,130,2,1,80.0,0,I,MELB_URBAN,ROAD,8,11.0
108213,1,7,113,2,1,80.0,0,I,MELB_URBAN,HIGHWAY,8,12.0
108214,1,7,113,2,1,100.0,0,I,RURAL_VICTORIA,ROAD,8,8.0
108215,6,6,170,5,1,40.0,0,N,MELB_URBAN,ROAD,8,13.0
108216,1,5,111,1,1,50.0,0,N,MELB_URBAN,STREET,8,14.0
108217,1,4,110,1,1,50.0,0,I,MELB_URBAN,STREET,8,10.0
108218,1,7,121,1,1,60.0,0,I,MELB_URBAN,RAMP,8,16.0
108219,1,7,130,1,1,60.0,0,I,MELB_URBAN,ROAD,8,13.0
108220,1,6,160,5,1,60.0,0,N,MELB_URBAN,ROAD,8,14.0
108221,3,6,167,5,1,100.0,0,N,RURAL_VICTORIA,ROAD,8,14.0
108222,4,6,171,5,1,100.0,0,N,RURAL_VICTORIA,HIGHWAY,8,14.0
108223,2,6,99,2,2,60.0,0,N,MELB_URBAN,PARADE,8,16.0
108224,2,7,100,1,1,60.0,1,I,MELB_URBAN,ROAD,8,12.0
108225,1,7,130,5,1,60.0,0,N,MELB_URBAN,ROAD,8,10.0
108226,2,6,102,1,3,60.0,0,N,MELB_URBAN,STREET,8,18.0
108227,1,6,133,5,1,50.0,0,N,MELB_URBAN,STREET,8,8.0
108228,4,7,99,5,1,70.0,0,N,MELB_URBAN,ROAD,8,17.0
108229,1,7,120,5,3,60.0,0,N,MELB_URBAN,STREET,8,18.0
108230,1,7,121,2,1,70.0,0,N,MELB_URBAN,STREET,8,16.0
108231,1,7,121,2,3,50.0,0,I,MELB_URBAN,OTHER,8,19.0
108232,8,7,174,2,3,50.0,0,I,MELB_URBAN,AVENUE,8,17.0
108233,1,7,120,5,1,60.0,0,N,RURAL_VICTORIA,ROAD,8,16.0
108234,1,7,111,1,2,60.0,0,I,MELB_URBAN,STREET,8,18.0
108235,5,7,99,5,3,60.0,0,N,MELBOURNE_CBD,STREET,8,20.0
108236,1,7,160,5,3,50.0,0,N,SMALL_CITIES,DRIVE,8,20.0
108237,4,7,171,5,5,100.0,0,N,RURAL_VICTORIA,ROAD,8,19.0
108238,1,4,130,4,9,60.0,0,N,MELB_URBAN,ROAD,3,21.0
108239,2,5,100,1,3,60.0,0,I,MELB_URBAN,ROAD,8,19.0
108240,1,2,99,5,1,60.0,0,N,MELB_URBAN,STREET,8,12.0
108241,4,7,173,5,3,100.0,0,N,MELB_URBAN,FREEWAY,8,22.0
108242,1,6,121,2,3,60.0,0,I,MELB_URBAN,ROAD,8,18.0
108243,8,6,170,5,1,60.0,0,N,MELB_URBAN,ROAD,8,11.0
108244,1,1,130,5,5,110.0,0,N,RURAL_VICTORIA,FREEWAY,8,0.0
108245,1,7,160,5,5,60.0,0,N,MELB_URBAN,ROAD,8,22.0
108246,4,1,171,5,3,70.0,0,N,MELB_URBAN,ROAD,8,4.0
108247,1,6,130,5,1,60.0,0,N,MELB_URBAN,ROAD,8,14.0
108248,1,1,135,5,1,60.0,0,N,MELB_URBAN,ROAD,8,7.0
108249,2,1,100,1,1,50.0,0,N,MELB_URBAN,ROAD,8,9.0
108250,1,1,120,5,1,60.0,0,N,MELB_URBAN,ROAD,8,9.0
108251,4,1,173,5,3,80.0,0,N,MELB_URBAN,ROAD,8,5.0
108252,4,1,171,5,1,60.0,0,N,MELB_URBAN,ROAD,8,8.0
108253,1,1,110,1,1,50.0,0,I,MELB_URBAN,PARADE,8,9.0
108254,4,1,181,5,1,80.0,0,N,RURAL_VICTORIA,ROAD,8,9.0
108255,1,1,99,4,1,60.0,0,N,MELB_URBAN,OTHER,8,11.0
108256,4,1,173,5,1,80.0,0,N,RURAL_VICTORIA,ROAD,8,11.0
108257,4,1,171,2,1,50.0,0,I,MELB_URBAN,STREET,8,12.0
108258,4,1,173,5,1,60.0,0,N,MELB_URBAN,ROAD,8,11.0
108259,2,1,99,5,1,50.0,0,N,MELB_URBAN,OTHER,8,12.0
108260,1,1,120,1,1,50.0,0,N,MELB_URBAN,BOULEVARD,8,10.0
108261,1,0,111,2,1,60.0,0,I,MELB_URBAN,UNKNOWN,8,7.0
108262,1,1,130,5,1,80.0,0,N,MELB_URBAN,HIGHWAY,8,14.0
108263,6,1,99,5,1,100.0,0,N,RURAL_VICTORIA,ROAD,8,15.0
108264,1,7,130,5,3,60.0,0,N,MELB_URBAN,PARADE,8,18.0
108265,1,5,130,2,2,60.0,0,I,MELB_URBAN,OTHER,7,18.0
108266,1,1,110,1,1,60.0,0,I,SMALL_CITIES,PARADE,8,16.0
108267,4,1,183,5,1,100.0,0,N,RURAL_VICTORIA,ROAD,8,16.0
108268,4,0,173,2,3,50.0,0,N,MELB_URBAN,OTHER,8,18.0
108269,1,1,113,2,2,80.0,0,I,MELB_URBAN,ROAD,8,17.0
108270,1,1,120,5,1,60.0,0,N,MELB_URBAN,AVENUE,8,13.0
108271,1,2,121,1,2,80.0,0,N,MELB_URBAN,ROAD,8,6.0
108272,1,2,130,2,1,60.0,0,I,MELB_URBAN,ROAD,8,6.0
108273,1,2,133,1,1,60.0,0,I,MELB_URBAN,ROAD,8,7.0
108274,1,3,99,5,2,60.0,0,N,MELB_URBAN,STREET,8,18.0
108275,1,0,120,2,1,50.0,0,N,MELB_URBAN,ROAD,8,15.0
108276,4,1,99,2,1,100.0,0,I,RURAL_VICTORIA,ROAD,8,12.0
108277,1,5,99,2,1,60.0,0,I,MELB_URBAN,ROAD,8,12.0
108278,1,4,130,5,1,40.0,0,N,MELB_URBAN,ROAD,8,14.0
108279,3,3,167,5,5,100.0,0,N,RURAL_VICTORIA,ROAD,8,5.0
108280,1,5,130,5,2,40.0,0,N,RURAL_VICTORIA,ROAD,8,17.0
108281,4,2,171,5,1,50.0,0,N,MELB_URBAN,ROAD,8,10.0
108282,1,1,147,5,1,60.0,0,N,MELB_URBAN,ROAD,8,11.0
108283,1,4,130,1,9,60.0,0,I,MELB_URBAN,RAMP,8,17.0
108284,1,5,130,1,3,40.0,0,I,MELB_URBAN,ROAD,8,3.0
108285,4,2,171,5,1,60.0,0,N,RURAL_VICTORIA,ROAD,8,12.0
108286,1,2,99,5,1,100.0,0,N,RURAL_VICTORIA,FREEWAY,8,8.0
108287,1,5,130,5,1,60.0,0,N,MELB_URBAN,ROAD,8,17.0
108288,1,2,130,1,1,60.0,0,I,MELB_URBAN,PARADE,8,11.0
108289,4,2,171,5,1,100.0,0,N,RURAL_VICTORIA,ROAD,8,11.0
108290,1,2,130,1,1,60.0,0,I,MELB_URBAN,ROAD,8,8.0
108291,1,2,110,1,1,100.0,0,I,RURAL_VICTORIA,ROAD,8,10.0
108292,8,1,99,1,3,40.0,0,N,MELBOURNE_CBD,STREET,8,5.0
108293,1,6,130,1,1,60.0,0,I,MELB_URBAN,STREET,8,11.0
108294,1,1,113,1,1,80.0,0,I,MELB_URBAN,ROAD,8,14.0
108295,1,5,116,1,3,70.0,0,I,MELB_URBAN,ROAD,8,20.0
108296,1,3,134,5,2,40.0,0,N,MELB_URBAN,STREET,8,19.0
108297,3,6,167,5,1,100.0,0,N,RURAL_VICTORIA,ROAD,6,11.0
108298,1,7,99,1,3,60.0,0,I,LARGE_PROVINCIAL_CITIES,ROAD,8,19.0
108299,1,1,110,1,1,50.0,0,I,MELB_URBAN,STREET,8,10.0