,accident_type,day_of_week,dca_code,road_geometry,light_condition,speed_zone,severity,node_type,deg_urban_name,road_type,month,hour
108300,1,2,99,2,1,70.0,0,I,MELB_URBAN,ROAD,8,16.0
108301,1,2,113,1,1,50.0,0,I,MELB_URBAN,BOULEVARD,8,17.0
108302,1,3,99,2,1,60.0,0,N,MELB_URBAN,AVENUE,8,15.0
108303,1,2,130,5,1,100.0,0,N,MELB_URBAN,ROAD,8,16.0
108304,1,6,99,2,1,100.0,0,N,RURAL_VICTORIA,HIGHWAY,8,8.0
108305,1,5,135,5,1,60.0,0,N,MELB_URBAN,HIGHWAY,8,11.0
108306,2,2,100,5,3,60.0,0,N,MELB_URBAN,ROAD,8,19.0
108307,1,6,130,5,1,80.0,0,N,MELB_URBAN,FREEWAY,8,16.0
108308,1,2,110,1,1,60.0,0,I,TOWNS,STREET,8,17.0
108309,1,0,110,1,1,50.0,0,I,MELB_URBAN,STREET,8,13.0
108310,4,2,99,5,1,50.0,1,N,MELB_URBAN,AVENUE,8,15.0
108311,1,2,121,2,1,60.0,0,I,MELB_URBAN,PARADE,8,15.0
108312,1,4,110,1,1,50.0,0,I,MELB_URBAN,STREET,4,9.0
108313,1,2,111,2,1,60.0,0,I,MELB_URBAN,ROAD,8,17.0
108314,1,2,110,1,3,50.0,0,I,LARGE_PROVINCIAL_CITIES,STREET,8,4.0
108315,4,3,183,2,5,100.0,0,I,RURAL_VICTORIA,HIGHWAY,8,3.0
108316,1,7,111,1,1,50.0,0,I,TOWNS,STREET,8,16.0
108317,1,2,110,1,1,40.0,0,I,MELB_URBAN,STREET,8,8.0
108318,1,3,121,2,1,60.0,0,I,MELB_URBAN,ROAD,8,8.0
108319,1,3,130,5,1,100.0,0,N,MELB_URBAN,RAMP,8,8.0
108320,2,3,102,2,1,80.0,0,N,MELB_URBAN,ROAD,8,7.0
108321,1,5,147,5,9,60.0,0,N,MELB_URBAN,STREET,7,9.0
108322,4,2,173,5,5,100.0,0,N,RURAL_VICTORIA,ROAD,8,22.0
108323,2,3,102,2,1,50.0,0,N,MELB_URBAN,ROAD,8,12.0
108324,1,4,110,1,1,50.0,0,I,TOWNS,ROAD,6,9.0
108325,1,3,130,5,1,110.0,0,N,RURAL_VICTORIA,FREEWAY,8,8.0
108326,1,3,130,5,1,60.0,0,N,MELB_URBAN,ROAD,8,9.0
108327,1,3,121,2,1,80.0,0,I,MELB_URBAN,HIGHWAY,7,14.0
108328,1,7,113,2,1,60.0,0,I,SMALL_CITIES,ROAD,8,16.0
108329,1,3,130,2,1,60.0,0,I,MELB_URBAN,OTHER,1,17.0
108330,1,3,99,2,1,50.0,0,I,SMALL_CITIES,OTHER,8,6.0
108331,1,3,113,3,1,60.0,0,I,SMALL_CITIES,OTHER,8,13.0
108332,1,3,121,5,1,60.0,0,N,MELB_URBAN,ROAD,8,9.0
108333,4,4,99,5,1,60.0,0,N,MELB_URBAN,ROAD,8,10.0
108334,1,3,113,1,1,40.0,0,I,MELB_URBAN,STREET,8,6.0
108335,1,2,130,5,1,60.0,0,N,MELB_URBAN,STREET,8,8.0
108336,1,6,130,5,9,60.0,0,N,MELB_URBAN,DRIVE,8,16.0
108337,5,7,99,5,5,80.0,0,N,RURAL_VICTORIA,ROAD,6,17.0
108338,1,3,110,1,1,50.0,0,I,SMALL_CITIES,STREET,8,13.0
108339,1,2,130,5,1,100.0,0,N,RURAL_VICTORIA,HIGHWAY,8,10.0
108340,1,5,121,1,9,60.0,0,I,MELBOURNE_CBD,STREET,8,15.0
108341,8,1,174,5,6,60.0,0,N,MELB_URBAN,ROAD,8,2.0
108342,1,3,130,5,1,60.0,0,N,MELB_URBAN,ROAD,8,8.0
108343,1,3,133,5,5,110.0,0,N,RURAL_VICTORIA,HIGHWAY,8,0.0
108344,5,3,99,1,1,100.0,0,N,MELB_URBAN,ROAD,8,7.0
108345,1,3,130,5,1,70.0,0,I,MELB_URBAN,PARADE,8,10.0
108346,1,3,110,1,1,40.0,0,I,MELB_URBAN,STREET,8,7.0
108347,1,3,111,1,1,60.0,0,I,MELB_URBAN,STREET,8,15.0
108348,7,0,99,5,1,60.0,0,N,RURAL_VICTORIA,OTHER,5,15.0
108349,1,3,110,1,1,60.0,0,I,LARGE_PROVINCIAL_CITIES,STREET,8,8.0
108350,1,3,111,2,1,40.0,0,I,MELB_URBAN,ROAD,8,16.0
108351,1,3,113,2,1,60.0,0,I,SMALL_CITIES,ROAD,8,16.0
108352,1,3,110,1,1,60.0,0,I,MELB_URBAN,ROAD,8,16.0
108353,1,2,130,2,1,60.0,0,I,MELB_URBAN,HIGHWAY,8,16.0
108354,1,3,113,2,1,80.0,0,I,RURAL_VICTORIA,HIGHWAY,8,16.0
108355,1,3,132,5,3,60.0,0,N,MELB_URBAN,ROAD,8,18.0
108356,5,3,171,5,1,60.0,0,N,RURAL_VICTORIA,ROAD,8,17.0
108357,1,3,130,1,3,60.0,0,N,SMALL_CITIES,STREET,8,18.0
108358,1,1,110,1,1,80.0,0,I,RURAL_VICTORIA,ROAD,8,16.0
108359,4,3,181,5,4,50.0,0,N,MELB_URBAN,DRIVE,8,18.0
108360,1,3,120,5,5,70.0,0,N,MELB_URBAN,ROAD,8,5.0
108361,1,3,130,1,1,80.0,0,I,MELB_URBAN,ROAD,8,11.0
108362,1,4,99,2,1,80.0,0,I,RURAL_VICTORIA,ROAD,8,6.0
108363,2,2,99,5,2,60.0,0,N,MELB_URBAN,ROAD,8,17.0
108364,4,4,171,5,2,70.0,0,N,MELB_URBAN,ROAD,8,6.0
108365,1,4,130,5,1,80.0,0,N,MELB_URBAN,FREEWAY,8,7.0
108366,1,4,130,5,1,100.0,0,N,RURAL_VICTORIA,ROAD,8,8.0
108367,1,3,140,2,1,60.0,0,N,MELB_URBAN,HIGHWAY,8,6.0
108368,1,5,99,5,1,50.0,0,N,SMALL_CITIES,STREET,8,10.0
108369,1,4,135,3,1,60.0,0,N,MELB_URBAN,ROAD,8,11.0
108370,1,5,140,5,9,80.0,0,N,MELB_URBAN,ROAD,8,10.0
108371,4,4,173,5,1,100.0,0,N,RURAL_VICTORIA,HIGHWAY,8,9.0
108372,7,7,99,5,1,60.0,0,N,RURAL_VICTORIA,ROAD,6,11.0
108373,1,4,116,1,1,80.0,0,N,MELB_URBAN,HIGHWAY,8,11.0
108374,1,5,113,2,1,60.0,0,I,SMALL_CITIES,HIGHWAY,8,9.0
108375,6,4,99,5,1,80.0,0,N,RURAL_VICTORIA,ROAD,8,10.0
108376,2,4,100,5,1,30.0,0,O,MELB_URBAN,UNKNOWN,8,12.0
108377,1,3,121,1,1,60.0,0,I,MELB_URBAN,RAMP,8,6.0
108378,1,4,121,2,1,60.0,0,N,MELB_URBAN,DRIVE,8,12.0
108379,1,3,111,1,1,70.0,0,I,TOWNS,HIGHWAY,8,16.0
108380,1,4,110,1,2,60.0,0,I,MELB_URBAN,ROAD,8,7.0
108381,1,3,110,1,1,50.0,0,I,MELB_URBAN,DRIVE,8,13.0
108382,1,4,110,1,1,60.0,0,I,MELB_URBAN,ROAD,8,12.0
108383,1,4,99,5,1,40.0,0,N,MELB_URBAN,STREET,8,8.0
108384,4,7,181,5,5,80.0,0,N,RURAL_VICTORIA,ROAD,4,23.0
108385,1,4,130,1,1,50.0,0,I,MELB_URBAN,STREET,8,15.0
108386,1,3,130,5,2,100.0,0,N,MELB_URBAN,ROAD,8,5.0
108387,1,2,99,5,1,100.0,0,N,MELB_URBAN,FREEWAY,7,9.0
108388,2,4,99,5,1,40.0,0,N,MELB_URBAN,ROAD,8,15.0
108389,4,3,171,5,1,60.0,0,N,RURAL_VICTORIA,ROAD,8,11.0
108390,1,7,130,5,1,100.0,0,N,RURAL_VICTORIA,ROAD,8,11.0
108391,1,3,121,2,1,60.0,0,N,MELB_URBAN,ROAD,8,12.0
108392,4,5,183,5,5,80.0,0,N,RURAL_VICTORIA,ROAD,6,22.0
108393,1,4,121,1,1,60.0,0,I,MELB_URBAN,ROAD,8,17.0
108394,2,3,102,1,3,60.0,0,I,MELB_URBAN,STREET,8,18.0
108395,1,4,130,5,1,70.0,0,N,MELB_URBAN,ROAD,8,12.0
108396,1,2,110,1,1,60.0,0,I,MELB_URBAN,ROAD,8,15.0
108397,4,4,173,1,1,50.0,0,I,LARGE_PROVINCIAL_CITIES,DRIVE,8,12.0
108398,6,7,99,5,1,60.0,0,N,RURAL_VICTORIA,ROAD,7,9.0
108399,4,3,171,5,5,100.0,0,N,RURAL_VICTORIA,ROAD,8,18.0
108400,1,4,121,1,3,60.0,0,I,MELB_URBAN,ROAD,8,17.0
108401,1,0,121,1,1,60.0,0,I,MELB_URBAN,HIGHWAY,8,15.0
108402,8,5,174,5,3,80.0,0,N,MELB_URBAN,ROAD,8,6.0
108403,1,3,130,5,3,60.0,0,N,MELB_URBAN,ROAD,8,18.0
108404,1,4,99,5,3,60.0,0,N,MELB_URBAN,STREET,8,21.0
108405,2,3,102,1,3,60.0,0,I,MELB_URBAN,ROAD,8,19.0
108406,1,4,121,2,3,60.0,0,I,MELB_URBAN,ROAD,8,21.0
108407,1,4,110,1,2,60.0,0,I,LARGE_PROVINCIAL_CITIES,STREET,8,17.0
108408,2,4,100,1,1,60.0,0,I,SMALL_CITIES,STREET,8,18.0
108409,1,4,116,2,3,60.0,0,N,RURAL_VICTORIA,ROAD,8,19.0
108410,4,5,99,5,3,60.0,0,N,SMALL_CITIES,STREET,8,0.0
108411,1,4,130,5,5,110.0,0,N,RURAL_VICTORIA,FREEWAY,8,22.0
108412,8,5,99,5,5,100.0,0,N,MELB_URBAN,FREEWAY,8,0.0
108413,1,6,99,1,1,80.0,0,I,RURAL_VICTORIA,HIGHWAY,8,15.0
108414,4,5,173,5,3,70.0,0,N,MELB_URBAN,ROAD,8,2.0
108415,1,5,160,5,3,60.0,0,N,SMALL_CITIES,PARADE,8,5.0
108416,2,3,99,5,1,60.0,0,N,RURAL_VICTORIA,OTHER,8,13.0
108417,1,5,113,2,2,80.0,0,N,MELB_URBAN,ROAD,8,6.0
108418,2,4,100,1,1,60.0,0,I,SMALL_CITIES,DRIVE,8,14.0
108419,1,5,113,2,1,80.0,0,I,MELB_URBAN,ROAD,8,7.0
108420,1,2,163,5,1,60.0,0,N,MELB_URBAN,STREET,8,15.0
108421,8,1,99,5,1,60.0,0,N,RURAL_VICTORIA,OTHER,8,15.0
108422,1,5,99,4,1,80.0,0,N,MELB_URBAN,ROAD,8,7.0
108423,1,5,120,5,1,70.0,0,N,MELB_URBAN,ROAD,8,8.0
108424,1,4,130,5,1,60.0,0,N,MELB_URBAN,ROAD,8,9.0
108425,1,5,140,5,1,80.0,0,N,MELB_URBAN,ROAD,8,10.0
108426,1,4,130,2,1,100.0,0,I,RURAL_VICTORIA,ROAD,8,9.0
108427,1,3,121,2,3,60.0,0,I,MELB_URBAN,ROAD,8,18.0
108428,1,4,163,5,3,40.0,0,N,MELBOURNE_CBD,STREET,8,21.0
108429,8,3,184,5,2,80.0,0,N,RURAL_VICTORIA,OTHER,8,20.0
108430,6,0,174,5,9,60.0,0,N,RURAL_VICTORIA,ROAD,8,12.0
108431,1,5,99,2,1,60.0,0,I,MELB_URBAN,ROAD,8,13.0
108432,4,5,171,5,1,50.0,0,N,LARGE_PROVINCIAL_CITIES,AVENUE,8,12.0
108433,2,4,99,5,1,60.0,0,O,MELB_URBAN,UNKNOWN,8,11.0
108434,1,4,130,5,1,60.0,0,N,MELB_URBAN,STREET,8,13.0
108435,1,6,135,5,9,80.0,0,N,MELB_URBAN,FREEWAY,9,12.0
108436,1,6,113,1,3,80.0,0,I,MELB_URBAN,ROAD,7,20.0
108437,1,5,110,1,1,60.0,0,I,SMALL_CITIES,STREET,8,13.0
108438,1,5,135,2,1,60.0,0,I,MELB_URBAN,ROAD,8,8.0
108439,1,5,130,5,1,110.0,0,N,RURAL_VICTORIA,FREEWAY,8,13.0
108440,1,5,99,5,1,50.0,0,N,MELBOURNE_CBD,STREET,8,13.0
108441,1,6,130,1,1,80.0,0,N,MELB_URBAN,STREET,8,15.0
108442,1,4,135,5,6,100.0,0,N,MELB_URBAN,FREEWAY,7,4.0
108443,1,4,110,1,1,60.0,0,I,SMALL_CITIES,STREET,8,14.0
108444,1,5,134,5,1,70.0,0,N,MELB_URBAN,ROAD,8,15.0
108445,1,5,113,2,1,60.0,0,N,MELB_URBAN,ROAD,8,15.0
108446,1,2,121,2,1,50.0,0,I,MELB_URBAN,STREET,8,8.0
108447,6,5,174,5,1,100.0,0,N,RURAL_VICTORIA,ROAD,8,15.0
108448,1,5,130,5,3,80.0,0,N,MELB_URBAN,ROAD,8,18.0
108449,1,3,147,5,6,60.0,0,N,MELB_URBAN,DRIVE,8,20.0
108450,1,5,99,1,1,70.0,0,I,MELB_URBAN,ROAD,8,17.0
108451,1,5,116,2,2,50.0,0,I,SMALL_CITIES,STREET,8,17.0
108452,1,2,130,1,2,60.0,0,I,MELB_URBAN,ROAD,8,18.0
108453,1,5,133,5,1,100.0,0,I,MELB_URBAN,FREEWAY,8,16.0
108454,1,4,113,2,2,50.0,0,I,MELB_URBAN,ROAD,8,16.0
108455,1,6,130,5,1,80.0,0,N,MELB_URBAN,ROAD,5,15.0
108456,1,2,120,5,2,60.0,0,N,MELB_URBAN,DRIVE,7,18.0
108457,1,5,121,1,3,60.0,0,N,MELB_URBAN,HIGHWAY,8,19.0
108458,2,5,100,2,3,50.0,0,I,MELB_URBAN,AVENUE,8,19.0
108459,1,5,147,5,3,60.0,0,N,MELB_URBAN,ROAD,8,21.0
108460,1,5,116,2,1,80.0,0,I,RURAL_VICTORIA,HIGHWAY,8,15.0
108461,4,5,181,5,5,100.0,0,N,RURAL_VICTORIA,ROAD,8,21.0
108462,1,2,132,4,1,80.0,0,N,MELB_URBAN,RAMP,8,11.0
108463,1,5,121,2,3,60.0,0,I,MELB_URBAN,HIGHWAY,8,21.0
108464,1,5,110,1,3,60.0,0,I,SMALL_CITIES,STREET,8,20.0
108465,4,5,171,5,3,60.0,0,N,MELB_URBAN,ROAD,8,2.0
108466,1,6,113,2,1,80.0,0,I,RURAL_VICTORIA,HIGHWAY,8,7.0
108467,1,6,99,2,1,60.0,0,I,MELB_URBAN,ROAD,8,15.0
108468,1,5,110,1,1,60.0,0,I,TOWNS,ROAD,8,16.0
108469,1,6,130,5,1,60.0,0,N,MELB_URBAN,DRIVE,8,8.0
108470,4,4,183,2,1,50.0,0,N,MELB_URBAN,STREET,8,7.0
108471,4,5,99,5,1,50.0,0,N,MELB_URBAN,STREET,8,9.0
108472,4,7,173,5,3,60.0,0,N,MELB_URBAN,HIGHWAY,8,3.0
108473,1,4,130,1,9,80.0,0,I,LARGE_PROVINCIAL_CITIES,ROAD,8,14.0
108474,2,6,100,5,2,40.0,0,N,MELB_URBAN,DRIVE,6,16.0
108475,4,6,99,2,1,60.0,0,I,MELB_URBAN,ROAD,8,11.0
108476,1,4,113,2,1,60.0,0,I,MELB_URBAN,ROAD,8,15.0
108477,1,5,132,1,1,70.0,0,I,MELB_URBAN,STREET,8,11.0
108478,6,6,99,2,1,60.0,0,I,MELB_URBAN,ROAD,8,11.0
108479,1,6,110,1,1,60.0,0,I,LARGE_PROVINCIAL_CITIES,STREET,8,7.0
108480,1,2,130,4,1,60.0,0,N,MELB_URBAN,OTHER,8,15.0
108481,2,2,99,5,1,60.0,0,N,MELB_URBAN,ROAD,8,15.0
108482,1,6,140,1,9,60.0,0,I,MELB_URBAN,HIGHWAY,8,14.0
108483,1,5,120,5,1,100.0,0,N,RURAL_VICTORIA,HIGHWAY,8,9.0
108484,2,5,102,2,3,80.0,1,N,MELB_URBAN,ROAD,8,21.0
108485,1,5,163,5,1,40.0,0,N,MELBOURNE_CBD,STREET,8,16.0
108486,6,6,99,2,1,50.0,0,I,MELB_URBAN,ROAD,8,10.0
108487,1,6,113,1,1,70.0,0,I,MELB_URBAN,HIGHWAY,8,13.0
108488,2,6,99,4,1,60.0,0,N,MELB_URBAN,ROAD,8,12.0
108489,1,6,99,2,1,60.0,0,I,MELB_URBAN,AVENUE,8,13.0
108490,5,4,99,5,5,90.0,0,N,RURAL_VICTORIA,ROAD,8,5.0
108491,1,1,99,1,1,60.0,0,I,MELB_URBAN,HIGHWAY,8,17.0
108492,1,6,130,5,1,80.0,0,N,MELB_URBAN,ROAD,8,15.0
108493,1,4,130,5,3,60.0,0,N,MELB_URBAN,ROAD,8,21.0
108494,1,3,130,1,1,80.0,0,I,MELB_URBAN,HIGHWAY,8,14.0
108495,1,4,99,5,1,100.0,0,N,RURAL_VICTORIA,ROAD,8,13.0
108496,7,1,99,2,9,80.0,0,I,RURAL_VICTORIA,ROAD,5,12.0
108497,6,5,99,5,3,50.0,0,N,LARGE_PROVINCIAL_CITIES,STREET,8,20.0
108498,1,1,160,5,3,70.0,0,N,MELB_URBAN,ROAD,7,17.0
108499,1,5,130,5,1,80.0,0,N,MELB_URBAN,HIGHWAY,8,15.0
108500,1,6,111,2,1,80.0,0,I,TOWNS,HIGHWAY,8,16.0
108501,4,5,99,5,1,40.0,1,N,MELB_URBAN,STREET,8,15.0
108502,1,6,113,1,1,80.0,0,N,MELB_URBAN,ROAD,8,15.0
108503,1,6,99,2,2,60.0,0,I,MELB_URBAN,ROAD,8,18.0
108504,2,6,100,2,1,50.0,0,I,MELB_URBAN,OTHER,8,17.0
108505,1,6,130,5,6,80.0,0,N,MELB_URBAN,ROAD,8,19.0
108506,1,6,130,5,1,60.0,0,N,MELB_URBAN,ROAD,8,16.0
108507,1,6,130,2,1,60.0,0,N,MELB_URBAN,ROAD,8,16.0
108508,1,6,130,2,1,60.0,0,I,MELB_URBAN,AVENUE,8,17.0
108509,4,0,99,5,6,60.0,0,N,MELB_URBAN,STREET,8,0.0
108510,1,6,130,9,1,80.0,0,I,MELB_URBAN,FREEWAY,8,15.0
108511,1,6,121,1,1,60.0,0,I,MELB_URBAN,STREET,8,17.0
108512,4,0,173,1,3,60.0,0,I,MELB_URBAN,DRIVE,8,0.0
108513,1,6,130,5,3,60.0,0,N,MELB_URBAN,STREET,8,19.0
108514,1,6,160,5,2,60.0,0,N,LARGE_PROVINCIAL_CITIES,ROAD,8,17.0
108515,1,5,113,2,1,60.0,0,I,MELB_URBAN,STREET,12,15.0
108516,1,7,163,5,2,60.0,0,N,MELB_URBAN,OTHER,8,18.0
108517,1,6,99,5,1,60.0,0,N,MELB_URBAN,STREET,8,16.0
108518,1,5,130,2,1,60.0,0,I,MELB_URBAN,STREET,8,14.0
108519,1,6,121,2,2,60.0,0,I,MELB_URBAN,ROAD,8,17.0
108520,1,6,130,5,1,80.0,0,N,MELB_URBAN,HIGHWAY,8,16.0
108521,1,6,130,5,3,60.0,0,N,MELB_URBAN,STREET,8,20.0
108522,1,6,121,5,1,60.0,0,N,SMALL_CITIES,ROAD,8,16.0
108523,1,5,134,5,3,60.0,0,N,MELB_URBAN,OTHER,8,20.0
108524,1,6,121,1,3,80.0,0,I,MELB_URBAN,HIGHWAY,8,20.0
108525,4,7,99,5,5,80.0,0,I,RURAL_VICTORIA,ROAD,8,0.0
108526,1,6,132,1,3,80.0,0,I,MELB_URBAN,OTHER,8,23.0
108527,4,7,171,5,5,80.0,0,N,RURAL_VICTORIA,ROAD,8,0.0
108528,4,7,171,2,3,80.0,0,I,RURAL_VICTORIA,ROAD,8,5.0
108529,4,7,171,5,2,60.0,0,N,RURAL_VICTORIA,ROAD,8,5.0
108530,1,5,147,5,2,60.0,0,N,MELB_URBAN,ROAD,8,17.0
108531,1,4,130,1,1,60.0,0,I,LARGE_PROVINCIAL_CITIES,ROAD,8,8.0
108532,4,6,181,5,1,100.0,0,N,RURAL_VICTORIA,ROAD,8,14.0
108533,1,3,130,5,1,70.0,0,N,MELB_URBAN,ROAD,8,10.0
108534,6,7,174,5,5,100.0,0,N,RURAL_VICTORIA,HIGHWAY,8,6.0
108535,1,1,121,1,2,60.0,0,I,MELB_URBAN,BOULEVARD,5,7.0
108536,1,6,132,5,3,40.0,0,N,LARGE_PROVINCIAL_CITIES,STREET,8,18.0
108537,1,4,147,5,1,60.0,0,N,MELB_URBAN,ROAD,8,10.0
108538,1,7,130,5,1,100.0,0,N,RURAL_VICTORIA,OTHER,8,9.0
108539,4,7,173,5,1,80.0,0,N,MELB_URBAN,ROAD,8,8.0
108540,1,7,130,1,6,80.0,0,I,RURAL_VICTORIA,ROAD,8,5.0
108541,1,7,113,1,1,80.0,0,I,MELB_URBAN,HIGHWAY,8,10.0
108542,5,5,181,5,1,60.0,0,N,RURAL_VICTORIA,ROAD,8,10.0
108543,1,7,113,2,1,60.0,0,I,MELB_URBAN,ROAD,8,9.0
108544,1,7,130,5,1,60.0,0,N,MELB_URBAN,PARADE,8,11.0
108545,8,6,99,2,1,50.0,0,N,RURAL_VICTORIA,DRIVE,8,13.0
108546,1,5,130,2,2,50.0,0,I,MELB_URBAN,ROAD,8,17.0
108547,1,6,121,2,1,60.0,0,I,MELB_URBAN,ROAD,8,10.0
108548,1,7,173,5,1,60.0,0,N,MELB_URBAN,STREET,8,10.0
108549,1,6,121,5,1,80.0,0,N,LARGE_PROVINCIAL_CITIES,STREET,8,15.0
108550,4,6,171,5,1,100.0,0,N,RURAL_VICTORIA,ROAD,8,11.0
108551,1,7,113,2,1,70.0,0,I,MELB_URBAN,ROAD,8,14.0
108552,1,3,130,5,1,80.0,0,N,MELB_URBAN,ROAD,6,8.0
108553,8,7,174,5,1,80.0,0,N,RURAL_VICTORIA,ROAD,8,14.0
108554,4,7,183,1,1,60.0,0,I,MELB_URBAN,ROAD,8,14.0
108555,1,7,130,5,1,70.0,0,N,RURAL_VICTORIA,FREEWAY,8,13.0
108556,1,7,130,5,1,40.0,0,N,MELB_URBAN,STREET,8,15.0
108557,4,7,181,5,1,100.0,0,N,RURAL_VICTORIA,HIGHWAY,8,14.0
108558,1,7,130,5,1,60.0,0,N,MELB_URBAN,ROAD,8,14.0
108559,1,7,147,5,1,60.0,0,N,MELB_URBAN,ROAD,8,15.0
108560,4,6,99,2,1,50.0,0,I,MELB_URBAN,ROAD,8,15.0
108561,1,6,135,4,3,100.0,0,N,MELB_URBAN,FREEWAY,7,19.0
108562,1,7,130,5,1,60.0,0,N,MELB_URBAN,ROAD,8,14.0
108563,4,7,171,2,3,60.0,0,N,MELB_URBAN,ROAD,8,0.0
108564,1,7,147,5,1,60.0,0,N,RURAL_VICTORIA,ROAD,8,16.0
108565,1,6,130,5,2,80.0,0,N,MELB_URBAN,FREEWAY,8,17.0
108566,1,7,140,5,1,60.0,0,N,RURAL_VICTORIA,ROAD,8,16.0
108567,5,6,99,5,1,60.0,0,N,RURAL_VICTORIA,UNKNOWN,8,12.0
108568,4,7,173,5,1,50.0,0,N,SMALL_CITIES,STREET,8,14.0
108569,1,7,99,5,5,80.0,0,N,MELB_URBAN,HIGHWAY,8,18.0
108570,4,7,173,1,3,50.0,0,I,LARGE_PROVINCIAL_CITIES,OTHER,8,5.0
108571,2,6,99,2,9,50.0,0,N,MELB_URBAN,OTHER,8,20.0
108572,1,7,110,1,3,70.0,0,I,MELB_URBAN,BOULEVARD,8,20.0
108573,1,7,99,5,3,50.0,0,N,MELB_URBAN,STREET,8,21.0
108574,4,7,173,5,2,100.0,0,N,RURAL_VICTORIA,ROAD,8,16.0
108575,4,7,171,5,3,80.0,0,N,MELB_URBAN,AVENUE,8,23.0
108576,1,7,99,5,3,80.0,0,N,MELB_URBAN,HIGHWAY,8,23.0
108577,4,7,99,5,3,70.0,0,N,RURAL_VICTORIA,ROAD,8,21.0
108578,4,0,173,5,5,100.0,0,N,RURAL_VICTORIA,ROAD,9,0.0
108579,4,1,171,5,3,60.0,0,N,MELB_URBAN,ROAD,9,3.0
108580,1,6,132,2,1,60.0,0,I,MELB_URBAN,ROAD,8,11.0
108581,1,5,147,5,1,40.0,0,N,SMALL_CITIES,OTHER,8,11.0
108582,1,1,113,4,1,60.0,0,I,MELB_URBAN,RAMP,9,9.0
108583,1,1,99,2,1,60.0,0,I,MELB_URBAN,STREET,9,10.0
108584,1,1,140,5,1,50.0,0,N,LARGE_PROVINCIAL_CITIES,STREET,7,16.0
108585,1,0,130,5,1,30.0,0,N,MELB_URBAN,STREET,9,9.0
108586,1,1,130,1,1,60.0,0,I,MELB_URBAN,RAMP,9,12.0
108587,4,1,173,5,1,100.0,0,N,RURAL_VICTORIA,ROAD,9,11.0
108588,1,1,160,5,1,60.0,0,N,MELB_URBAN,ROAD,9,13.0
108589,1,0,130,5,1,60.0,0,N,RURAL_VICTORIA,ROAD,9,11.0
108590,1,1,113,1,1,60.0,0,I,MELB_URBAN,STREET,9,13.0
108591,1,1,130,5,1,80.0,0,N,MELB_URBAN,ROAD,9,14.0
108592,4,1,183,5,1,80.0,0,N,RURAL_VICTORIA,ROAD,9,10.0
108593,1,5,111,1,1,80.0,0,N,MELB_URBAN,ROAD,8,14.0
108594,1,1,120,2,1,70.0,0,I,MELB_URBAN,HIGHWAY,9,14.0
108595,2,1,99,5,1,50.0,0,N,MELB_URBAN,OTHER,9,15.0
108596,2,5,100,1,2,60.0,0,I,MELB_URBAN,UNKNOWN,8,17.0
108597,6,0,99,5,1,100.0,0,N,RURAL_VICTORIA,OTHER,9,11.0
108598,1,1,121,5,1,50.0,0,N,MELB_URBAN,STREET,9,15.0
108599,1,2,130,5,1,80.0,0,N,RURAL_VICTORIA,HIGHWAY,8,9.0
108600,4,1,181,5,1,80.0,0,N,RURAL_VICTORIA,ROAD,9,16.0
108601,1,0,110,1,2,80.0,0,I,MELB_URBAN,ROAD,9,17.0
108602,4,1,171,5,2,100.0,0,N,RURAL_VICTORIA,ROAD,9,17.0
108603,2,1,99,5,6,60.0,0,UNKNOWN,UNKNOWN,UNKNOWN,9,18.0
108604,1,1,160,5,3,50.0,0,N,MELB_URBAN,STREET,9,19.0
108605,4,1,183,5,1,80.0,0,N,RURAL_VICTORIA,ROAD,9,15.0
108606,2,2,100,1,1,60.0,0,N,MELB_URBAN,STREET,9,6.0
108607,1,4,160,5,1,60.0,0,N,MELB_URBAN,STREET,8,15.0
108608,1,2,113,2,2,60.0,0,I,MELB_URBAN,STREET,9,6.0
108609,1,1,160,5,3,60.0,0,N,LARGE_PROVINCIAL_CITIES,STREET,9,19.0
108610,1,1,110,1,1,50.0,0,I,TOWNS,STREET,9,7.0
108611,1,5,130,5,1,80.0,0,N,MELB_URBAN,ROAD,8,9.0
108612,1,2,110,1,1,50.0,0,I,MELB_URBAN,AVENUE,9,7.0
108613,6,6,99,5,1,60.0,0,N,SMALL_TOWNS,ROAD,8,12.0
108614,6,2,99,4,1,80.0,0,I,MELB_URBAN,ROAD,9,7.0
108615,3,0,167,5,5,100.0,0,N,RURAL_VICTORIA,ROAD,8,20.0
108616,1,5,121,1,3,60.0,0,I,SMALL_CITIES,RAMP,8,6.0
108617,6,2,174,5,1,80.0,0,N,MELB_URBAN,ROAD,9,8.0
108618,4,1,171,4,1,60.0,0,N,MELB_URBAN,RAMP,9,8.0
108619,2,2,102,2,1,50.0,0,I,MELB_URBAN,ROAD,9,9.0
108620,1,2,121,4,1,60.0,0,I,MELB_URBAN,HIGHWAY,9,9.0
108621,4,4,171,5,2,100.0,0,N,RURAL_VICTORIA,ROAD,8,17.0
108622,1,2,120,2,1,60.0,0,I,MELB_URBAN,ROAD,9,9.0
108623,1,2,120,2,1,60.0,0,I,MELB_URBAN,ROAD,9,12.0
108624,1,2,110,1,1,80.0,0,I,MELB_URBAN,ROAD,9,13.0
108625,8,1,174,5,1,100.0,0,N,RURAL_VICTORIA,ROAD,9,9.0
108626,1,2,130,2,1,70.0,0,I,MELB_URBAN,ROAD,9,7.0