,accident_type,day_of_week,dca_code,road_geometry,light_condition,speed_zone,severity,node_type,deg_urban_name,road_type,month,hour
108627,2,2,99,5,1,50.0,0,N,TOWNS,STREET,9,13.0
108628,1,1,110,1,1,60.0,0,I,SMALL_CITIES,STREET,9,13.0
108629,4,0,171,5,1,100.0,0,N,RURAL_VICTORIA,ROAD,8,13.0
108630,4,1,173,2,1,40.0,0,N,MELB_URBAN,STREET,9,13.0
108631,1,1,133,5,1,60.0,0,N,MELB_URBAN,AVENUE,9,9.0
108632,1,3,135,5,1,40.0,0,N,MELB_URBAN,ROAD,8,16.0
108633,1,1,110,1,1,60.0,0,I,RURAL_VICTORIA,ROAD,9,16.0
108634,1,2,130,5,1,80.0,0,N,MELB_URBAN,ROAD,9,15.0
108635,4,2,181,5,1,80.0,0,N,RURAL_VICTORIA,ROAD,9,15.0
108636,1,2,130,5,1,100.0,0,N,MELB_URBAN,FREEWAY,9,15.0
108637,1,1,130,4,2,60.0,0,I,MELB_URBAN,ROAD,9,6.0
108638,1,5,160,5,1,50.0,0,N,MELB_URBAN,ROAD,8,13.0
108639,1,6,130,5,1,80.0,0,N,MELB_URBAN,RAMP,8,15.0
108640,1,2,130,5,2,60.0,0,N,MELB_URBAN,ROAD,9,17.0
108641,1,5,130,1,2,60.0,0,I,MELB_URBAN,ROAD,8,5.0
108642,2,2,100,2,3,50.0,0,I,MELB_URBAN,ROAD,9,19.0
108643,1,3,130,5,1,80.0,0,N,MELB_URBAN,FREEWAY,8,8.0
108644,1,3,111,2,1,70.0,0,I,MELB_URBAN,STREET,5,8.0
108645,2,2,100,1,3,70.0,0,N,MELB_URBAN,STREET,9,18.0
108646,1,5,121,1,2,60.0,0,I,MELB_URBAN,STREET,7,18.0
108647,1,6,130,5,1,60.0,0,N,MELB_URBAN,ROAD,8,12.0
108648,1,2,121,1,1,60.0,0,I,MELB_URBAN,STREET,9,15.0
108649,6,3,99,2,3,60.0,0,N,MELB_URBAN,ROAD,9,1.0
108650,1,6,99,2,1,60.0,0,I,MELB_URBAN,ROAD,8,16.0
108651,1,2,99,5,1,40.0,0,N,MELB_URBAN,ROAD,9,8.0
108652,1,3,130,5,1,60.0,0,N,LARGE_PROVINCIAL_CITIES,ROAD,9,8.0
108653,1,2,140,5,2,40.0,0,N,MELBOURNE_CBD,STREET,9,16.0
108654,1,3,110,1,1,60.0,0,I,MELB_URBAN,AVENUE,9,8.0
108655,1,1,130,1,1,70.0,0,I,MELB_URBAN,ROAD,8,10.0
108656,1,2,130,5,1,60.0,0,N,MELB_URBAN,ROAD,9,10.0
108657,1,3,121,2,1,80.0,0,N,MELB_URBAN,HIGHWAY,9,10.0
108658,1,2,130,5,1,70.0,0,N,MELB_URBAN,HIGHWAY,9,14.0
108659,1,3,130,4,1,100.0,0,N,MELB_URBAN,ROAD,9,6.0
108660,6,1,99,5,2,100.0,0,N,RURAL_VICTORIA,HIGHWAY,9,17.0
108661,1,3,121,1,1,40.0,0,I,MELB_URBAN,STREET,9,8.0
108662,1,4,110,1,5,60.0,0,I,LARGE_PROVINCIAL_CITIES,HIGHWAY,10,20.0
108663,1,6,130,5,1,80.0,0,N,MELB_URBAN,HIGHWAY,8,16.0
108664,1,4,134,5,5,100.0,0,N,MELB_URBAN,ROAD,8,5.0
108665,4,3,181,5,5,100.0,0,N,RURAL_VICTORIA,ROAD,9,4.0
108666,1,3,113,2,1,60.0,0,I,MELB_URBAN,ROAD,9,12.0
108667,2,2,99,5,1,60.0,0,N,MELB_URBAN,STREET,9,12.0
108668,1,3,135,5,1,100.0,0,N,MELB_URBAN,FREEWAY,9,12.0
108669,1,3,132,2,1,100.0,0,N,RURAL_VICTORIA,HIGHWAY,9,7.0
108670,4,3,181,5,1,100.0,0,N,RURAL_VICTORIA,ROAD,9,10.0
108671,1,1,99,2,1,50.0,0,I,SMALL_CITIES,DRIVE,9,15.0
108672,1,1,121,1,3,60.0,0,I,MELB_URBAN,ROAD,9,19.0
108673,2,6,99,5,2,60.0,0,N,MELB_URBAN,OTHER,8,16.0
108674,6,3,170,5,1,100.0,0,N,RURAL_VICTORIA,ROAD,9,11.0
108675,1,3,133,5,1,100.0,0,N,MELB_URBAN,ROAD,9,10.0
108676,1,2,130,5,1,100.0,0,N,RURAL_VICTORIA,FREEWAY,8,15.0
108677,1,3,113,2,1,60.0,0,I,RURAL_VICTORIA,HIGHWAY,9,13.0
108678,1,4,130,5,1,100.0,0,N,MELB_URBAN,FREEWAY,8,14.0
108679,1,7,99,2,1,80.0,0,I,MELB_URBAN,ROAD,8,14.0
108680,1,2,130,5,3,60.0,0,N,MELB_URBAN,ROAD,8,18.0
108681,6,3,99,5,1,80.0,0,N,RURAL_VICTORIA,ROAD,9,12.0
108682,2,3,100,5,1,40.0,0,N,MELBOURNE_CBD,STREET,9,13.0
108683,1,3,147,5,1,60.0,0,N,MELB_URBAN,ROAD,9,13.0
108684,4,3,171,5,1,100.0,0,N,RURAL_VICTORIA,AVENUE,9,13.0
108685,4,3,173,5,1,100.0,0,N,MELB_URBAN,FREEWAY,9,8.0
108686,1,4,133,5,3,100.0,0,N,MELB_URBAN,ROAD,6,6.0
108687,1,3,120,5,1,60.0,0,N,MELB_URBAN,ROAD,9,10.0
108688,1,2,130,4,1,100.0,0,I,MELB_URBAN,RAMP,9,15.0
108689,1,3,110,1,1,80.0,0,I,MELB_URBAN,ROAD,9,15.0
108690,1,3,147,5,1,60.0,0,N,MELB_URBAN,ROAD,9,15.0
108691,8,2,99,5,1,60.0,0,N,TOWNS,ROAD,9,15.0
108692,3,3,167,5,9,80.0,0,N,RURAL_VICTORIA,ROAD,9,6.0
108693,1,3,121,2,1,80.0,0,I,MELB_URBAN,ROAD,9,15.0
108694,1,7,134,5,9,60.0,0,N,MELB_URBAN,UNKNOWN,8,15.0
108695,1,4,121,1,1,40.0,0,I,MELB_URBAN,STREET,8,10.0
108696,2,2,100,5,9,60.0,0,N,MELB_URBAN,PARADE,9,17.0
108697,1,6,130,5,9,60.0,0,N,MELB_URBAN,ROAD,8,19.0
108698,1,2,130,2,1,60.0,0,I,MELB_URBAN,ROAD,9,9.0
108699,4,3,171,5,1,100.0,0,N,RURAL_VICTORIA,HIGHWAY,9,17.0
108700,1,2,130,5,1,80.0,0,N,MELB_URBAN,ROAD,9,17.0
108701,1,2,130,5,1,70.0,0,N,MELB_URBAN,ROAD,9,8.0
108702,1,3,130,5,1,70.0,0,N,LARGE_PROVINCIAL_CITIES,ROAD,9,15.0
108703,1,3,99,2,1,60.0,0,I,MELB_URBAN,AVENUE,9,9.0
108704,1,3,121,1,3,60.0,0,I,MELB_URBAN,ROAD,9,18.0
108705,4,2,171,5,3,60.0,0,N,LARGE_PROVINCIAL_CITIES,ROAD,9,19.0
108706,4,2,183,2,5,60.0,0,I,MELB_URBAN,ROAD,9,19.0
108707,1,2,130,5,1,80.0,0,N,MELB_URBAN,FREEWAY,9,17.0
108708,8,4,99,2,3,80.0,0,N,MELB_URBAN,PARADE,8,22.0
108709,1,3,160,5,3,70.0,0,N,MELB_URBAN,ROAD,9,0.0
108710,4,5,173,1,3,60.0,0,I,SMALL_TOWNS,ROAD,7,20.0
108711,1,3,99,2,3,50.0,0,I,MELB_URBAN,AVENUE,9,20.0
108712,6,4,174,2,3,60.0,0,I,MELB_URBAN,ROAD,9,2.0
108713,1,3,130,5,1,70.0,0,N,MELB_URBAN,STREET,9,16.0
108714,1,7,130,2,1,60.0,0,I,MELB_URBAN,ROAD,8,12.0
108715,1,4,111,1,1,60.0,0,I,TOWNS,ROAD,9,8.0
108716,5,2,99,2,1,90.0,0,I,RURAL_VICTORIA,ROAD,8,9.0
108717,1,4,121,1,1,60.0,0,I,MELB_URBAN,ROAD,9,8.0
108718,6,7,99,5,1,100.0,0,N,RURAL_VICTORIA,ROAD,8,13.0
108719,1,2,130,1,1,40.0,0,I,MELB_URBAN,ROAD,9,17.0
108720,1,3,113,1,1,60.0,0,I,MELB_URBAN,ROAD,9,17.0
108721,1,4,121,2,1,60.0,0,I,MELB_URBAN,ROAD,9,6.0
108722,1,4,130,5,1,60.0,0,N,RURAL_VICTORIA,UNKNOWN,9,9.0
108723,8,4,99,5,1,50.0,0,N,MELB_URBAN,STREET,8,9.0
108724,1,4,113,2,1,80.0,0,I,SMALL_CITIES,ROAD,9,10.0
108725,1,6,130,1,9,70.0,0,I,RURAL_VICTORIA,ROAD,8,15.0
108726,1,6,130,2,1,60.0,0,I,MELB_URBAN,ROAD,8,13.0
108727,1,4,99,5,1,50.0,0,N,MELB_URBAN,STREET,9,10.0
108728,4,1,171,5,5,80.0,0,N,RURAL_VICTORIA,ROAD,7,19.0
108729,2,4,100,5,1,60.0,0,N,MELB_URBAN,STREET,8,14.0
108730,1,4,160,5,1,50.0,0,N,MELB_URBAN,DRIVE,9,9.0
108731,1,4,130,1,1,60.0,0,I,MELB_URBAN,STREET,9,8.0
108732,4,4,173,5,1,100.0,0,N,RURAL_VICTORIA,ROAD,9,11.0
108733,1,7,130,5,1,60.0,0,N,MELB_URBAN,ROAD,8,16.0
108734,1,3,132,2,1,100.0,0,I,RURAL_VICTORIA,ROAD,9,16.0
108735,4,2,171,5,5,70.0,0,N,RURAL_VICTORIA,HIGHWAY,9,21.0
108736,4,2,171,5,9,60.0,0,N,MELB_URBAN,ROAD,4,18.0
108737,1,6,130,5,1,100.0,0,N,MELB_URBAN,UNKNOWN,8,7.0
108738,1,3,130,5,1,100.0,0,N,SMALL_TOWNS,FREEWAY,8,9.0
108739,1,4,113,1,1,80.0,0,I,LARGE_PROVINCIAL_CITIES,HIGHWAY,8,19.0
108740,1,4,160,2,1,50.0,0,N,LARGE_PROVINCIAL_CITIES,DRIVE,9,14.0
108741,1,3,99,1,1,80.0,0,I,RURAL_VICTORIA,STREET,9,16.0
108742,1,4,121,1,1,60.0,0,I,MELB_URBAN,STREET,9,16.0
108743,1,4,99,2,1,80.0,0,N,SMALL_CITIES,HIGHWAY,9,15.0
108744,2,4,102,5,1,80.0,0,N,MELB_URBAN,ROAD,9,16.0
108745,1,4,140,1,1,80.0,0,I,MELB_URBAN,ROAD,9,15.0
108746,1,4,130,1,1,60.0,0,I,MELB_URBAN,STREET,9,17.0
108747,1,5,121,2,3,60.0,0,I,SMALL_CITIES,HIGHWAY,8,20.0
108748,1,2,130,5,9,100.0,0,N,MELB_URBAN,UNKNOWN,6,9.0
108749,1,0,130,5,9,60.0,0,N,RURAL_VICTORIA,ROAD,8,16.0
108750,6,4,174,2,1,80.0,0,N,MELB_URBAN,HIGHWAY,9,18.0
108751,7,7,99,2,1,60.0,0,N,MELB_URBAN,STREET,8,10.0
108752,4,3,173,5,1,50.0,0,N,MELB_URBAN,STREET,9,15.0
108753,1,4,111,2,1,60.0,0,I,MELB_URBAN,ROAD,9,17.0
108754,1,4,110,1,1,50.0,0,I,TOWNS,STREET,9,17.0
108755,1,3,121,2,1,50.0,0,I,MELB_URBAN,ROAD,9,16.0
108756,1,4,130,2,1,50.0,0,I,MELB_URBAN,STREET,8,14.0
108757,2,4,102,1,3,60.0,0,I,MELB_URBAN,ROAD,9,20.0
108758,1,2,121,1,1,40.0,0,I,MELB_URBAN,ROAD,9,7.0
108759,1,3,110,1,1,50.0,0,I,MELB_URBAN,STREET,9,17.0
108760,4,3,99,2,3,60.0,0,I,TOWNS,ROAD,9,18.0
108761,1,4,121,1,3,60.0,0,I,MELB_URBAN,ROAD,9,19.0
108762,1,4,147,5,9,60.0,0,N,MELB_URBAN,STREET,9,22.0
108763,1,4,121,1,1,60.0,0,I,MELB_URBAN,ROAD,9,17.0
108764,2,5,102,1,3,60.0,0,I,MELB_URBAN,ROAD,9,6.0
108765,1,4,99,5,1,70.0,0,N,TOWNS,OTHER,9,16.0
108766,1,4,121,1,3,70.0,0,I,MELB_URBAN,ROAD,9,18.0
108767,1,7,99,2,1,40.0,0,I,MELB_URBAN,STREET,8,15.0
108768,1,4,113,1,3,60.0,0,I,MELB_URBAN,ROAD,9,6.0
108769,1,3,133,4,6,80.0,0,I,MELB_URBAN,HIGHWAY,9,18.0
108770,1,4,130,2,1,60.0,0,N,MELB_URBAN,OTHER,9,8.0
108771,4,5,171,5,1,60.0,0,N,RURAL_VICTORIA,ROAD,9,8.0
108772,5,5,99,5,1,80.0,0,N,MELB_URBAN,FREEWAY,9,7.0
108773,4,4,181,5,5,100.0,0,N,RURAL_VICTORIA,OTHER,9,21.0
108774,4,5,173,5,1,70.0,0,N,MELB_URBAN,ROAD,9,9.0
108775,8,5,99,2,1,50.0,0,I,MELB_URBAN,STREET,9,9.0
108776,1,5,133,5,1,50.0,0,N,MELB_URBAN,ROAD,9,6.0
108777,1,6,99,2,2,40.0,0,I,MELB_URBAN,HIGHWAY,8,18.0
108778,2,7,100,1,3,70.0,0,I,MELB_URBAN,ROAD,8,19.0
108779,4,2,171,5,5,60.0,0,N,MELB_URBAN,ROAD,7,23.0
108780,1,5,132,1,1,50.0,0,I,LARGE_PROVINCIAL_CITIES,STREET,9,11.0
108781,1,4,121,5,1,60.0,0,N,MELB_URBAN,ROAD,9,9.0
108782,1,5,130,5,2,80.0,0,N,MELB_URBAN,OTHER,9,6.0
108783,1,4,110,1,1,100.0,0,I,RURAL_VICTORIA,ROAD,9,10.0
108784,1,4,121,2,1,60.0,0,I,MELB_URBAN,ROAD,9,14.0
108785,1,1,111,2,1,100.0,0,I,RURAL_VICTORIA,HIGHWAY,8,12.0
108786,1,4,120,5,1,40.0,0,N,MELB_URBAN,DRIVE,9,15.0
108787,1,3,110,1,1,80.0,0,I,MELB_URBAN,ROAD,1,15.0
108788,1,1,135,5,1,50.0,0,N,MELB_URBAN,ROAD,8,15.0
108789,1,5,111,2,1,60.0,0,I,MELB_URBAN,OTHER,9,11.0
108790,1,5,121,1,1,60.0,0,I,MELB_URBAN,ROAD,9,14.0
108791,1,5,130,5,1,40.0,0,N,RURAL_VICTORIA,ROAD,9,10.0
108792,8,5,174,1,1,50.0,0,I,SMALL_CITIES,AVENUE,9,13.0
108793,8,5,99,5,1,60.0,0,N,TOWNS,ROAD,9,9.0
108794,1,5,133,5,1,60.0,0,N,MELB_URBAN,DRIVE,9,7.0
108795,1,5,140,5,1,50.0,0,N,MELB_URBAN,STREET,9,13.0
108796,1,5,121,1,1,50.0,0,I,MELB_URBAN,STREET,9,9.0
108797,1,3,133,5,1,80.0,0,N,MELB_URBAN,HIGHWAY,8,12.0
108798,1,5,99,1,1,30.0,0,I,MELB_URBAN,STREET,9,8.0
108799,1,3,130,1,1,60.0,0,N,MELB_URBAN,ROAD,9,11.0
108800,2,4,100,5,3,50.0,0,N,MELB_URBAN,OTHER,9,19.0
108801,1,3,163,5,1,60.0,0,N,MELB_URBAN,STREET,8,7.0
108802,1,4,120,5,1,60.0,0,N,MELB_URBAN,ROAD,9,17.0
108803,1,5,132,5,1,50.0,0,N,SMALL_CITIES,STREET,9,15.0
108804,1,5,135,2,1,60.0,0,I,MELB_URBAN,STREET,9,16.0
108805,3,7,167,5,5,110.0,0,N,RURAL_VICTORIA,FREEWAY,8,4.0
108806,1,4,111,4,3,70.0,0,I,MELB_URBAN,ROAD,9,19.0
108807,1,5,113,1,1,110.0,0,I,RURAL_VICTORIA,FREEWAY,9,16.0
108808,1,5,99,1,6,60.0,0,I,MELB_URBAN,ROAD,9,18.0
108809,4,5,171,5,5,100.0,0,N,RURAL_VICTORIA,ROAD,9,18.0
108810,4,5,173,5,3,100.0,0,N,MELB_URBAN,ROAD,9,18.0
108811,1,5,113,2,3,50.0,0,I,SMALL_CITIES,STREET,9,22.0
108812,1,5,130,5,1,70.0,0,N,MELB_URBAN,HIGHWAY,9,16.0
108813,2,5,100,2,3,70.0,0,I,MELB_URBAN,ROAD,9,21.0
108814,1,5,120,5,5,80.0,0,N,RURAL_VICTORIA,ROAD,9,18.0
108815,6,3,174,5,3,40.0,0,N,MELB_URBAN,STREET,9,23.0
108816,1,3,130,5,1,100.0,0,N,MELB_URBAN,ROAD,8,7.0
108817,1,4,130,5,1,60.0,0,N,MELB_URBAN,STREET,8,9.0
108818,2,4,100,5,1,70.0,0,N,MELB_URBAN,ROAD,7,10.0
108819,1,6,113,2,5,80.0,0,N,MELB_URBAN,HIGHWAY,9,0.0
108820,1,4,121,3,1,60.0,0,I,RURAL_VICTORIA,ROAD,6,9.0
108821,1,1,130,5,1,60.0,0,N,MELB_URBAN,ROAD,6,11.0
108822,1,4,116,2,1,50.0,0,N,MELB_URBAN,ROAD,8,13.0
108823,1,6,132,5,1,60.0,0,N,MELB_URBAN,STREET,9,7.0
108824,6,5,174,2,9,40.0,0,I,MELB_URBAN,STREET,9,14.0
108825,1,6,120,1,1,70.0,0,I,MELB_URBAN,ROAD,9,8.0
108826,1,6,113,1,1,100.0,0,N,RURAL_VICTORIA,ROAD,9,8.0
108827,1,5,99,1,1,80.0,0,I,MELB_URBAN,ROAD,9,10.0
108828,1,6,147,5,1,50.0,0,N,MELB_URBAN,STREET,9,10.0
108829,1,4,99,2,6,60.0,0,I,MELB_URBAN,DRIVE,9,21.0
108830,1,5,130,1,1,70.0,0,I,MELB_URBAN,ROAD,7,9.0
108831,1,2,110,1,3,50.0,0,I,TOWNS,STREET,9,21.0
108832,8,3,174,2,1,50.0,0,I,LARGE_PROVINCIAL_CITIES,DRIVE,8,16.0
108833,4,7,181,5,1,80.0,0,N,RURAL_VICTORIA,ROAD,8,14.0
108834,1,6,110,1,1,70.0,0,N,MELB_URBAN,ROAD,9,10.0
108835,2,5,102,2,1,60.0,0,N,MELB_URBAN,ROAD,9,10.0
108836,1,2,99,6,1,60.0,0,N,MELB_URBAN,OTHER,1,15.0
108837,4,5,173,5,2,100.0,0,N,RURAL_VICTORIA,ROAD,9,6.0
108838,1,6,130,5,1,110.0,0,N,RURAL_VICTORIA,FREEWAY,9,12.0
108839,1,6,110,1,1,50.0,0,I,LARGE_PROVINCIAL_CITIES,STREET,9,13.0
108840,1,4,130,5,3,60.0,0,N,MELB_URBAN,ROAD,8,18.0
108841,4,6,171,5,1,60.0,1,N,MELB_URBAN,PARADE,9,13.0
108842,1,6,110,1,1,60.0,0,I,SMALL_CITIES,DRIVE,9,16.0
108843,1,5,130,5,3,60.0,0,N,MELB_URBAN,ROAD,9,18.0
108844,1,6,113,1,1,60.0,0,I,RURAL_VICTORIA,HIGHWAY,9,14.0
108845,1,4,130,5,1,80.0,0,N,MELB_URBAN,ROAD,8,8.0
108846,1,6,130,5,1,80.0,0,N,MELB_URBAN,HIGHWAY,9,14.0
108847,4,6,183,5,1,100.0,0,N,RURAL_VICTORIA,ROAD,9,8.0
108848,1,1,110,1,1,40.0,0,I,MELB_URBAN,STREET,9,7.0
108849,1,6,130,2,1,80.0,0,I,MELB_URBAN,FREEWAY,8,8.0
108850,1,5,99,2,3,60.0,0,N,MELB_URBAN,ROAD,9,18.0
108851,1,6,113,2,1,60.0,0,N,TOWNS,ROAD,9,16.0
108852,1,6,132,1,1,60.0,0,I,MELB_URBAN,ROAD,9,14.0
108853,1,6,121,2,1,80.0,0,I,MELB_URBAN,AVENUE,9,16.0
108854,1,5,130,2,1,80.0,0,I,MELB_URBAN,HIGHWAY,9,15.0
108855,1,6,99,1,1,50.0,0,I,SMALL_TOWNS,AVENUE,9,14.0
108856,1,1,130,5,1,80.0,0,N,RURAL_VICTORIA,ROAD,9,17.0
108857,1,6,147,5,3,50.0,0,N,MELB_URBAN,ROAD,9,19.0
108858,2,5,102,5,5,30.0,0,N,MELB_URBAN,AVENUE,9,19.0
108859,1,6,110,1,3,100.0,0,I,RURAL_VICTORIA,HIGHWAY,9,17.0
108860,1,6,120,5,1,100.0,1,N,RURAL_VICTORIA,HIGHWAY,9,14.0
108861,4,6,99,2,3,50.0,0,I,LARGE_PROVINCIAL_CITIES,DRIVE,9,21.0
108862,1,6,133,5,2,100.0,0,N,MELB_URBAN,FREEWAY,9,6.0
108863,1,6,132,5,3,60.0,0,N,MELB_URBAN,STREET,9,22.0
108864,1,2,163,5,1,40.0,0,N,MELB_URBAN,STREET,8,9.0
108865,1,7,160,5,1,50.0,0,N,MELB_URBAN,STREET,9,7.0
108866,1,6,163,5,1,40.0,0,N,MELBOURNE_CBD,STREET,9,14.0
108867,1,7,116,2,1,60.0,0,I,SMALL_CITIES,AVENUE,9,7.0
108868,1,6,120,5,1,60.0,0,N,MELB_URBAN,ROAD,9,9.0
108869,1,7,110,1,1,60.0,0,I,MELB_URBAN,ROAD,9,9.0
108870,1,1,99,1,1,80.0,0,I,MELB_URBAN,ROAD,9,13.0
108871,2,7,100,5,3,40.0,0,N,MELB_URBAN,STREET,9,1.0
108872,4,6,171,1,1,100.0,0,N,RURAL_VICTORIA,FREEWAY,9,11.0
108873,1,6,140,5,1,60.0,0,N,LARGE_PROVINCIAL_CITIES,STREET,9,10.0
108874,1,4,135,2,1,60.0,0,I,MELB_URBAN,ROAD,7,15.0
108875,1,5,99,1,1,60.0,0,I,LARGE_PROVINCIAL_CITIES,STREET,9,8.0
108876,1,6,121,1,1,40.0,0,I,MELBOURNE_CBD,STREET,7,11.0
108877,4,7,173,5,1,100.0,0,N,MELB_URBAN,RAMP,9,12.0
108878,1,7,130,2,1,80.0,0,I,MELB_URBAN,HIGHWAY,9,10.0
108879,3,6,167,5,1,60.0,0,N,SMALL_CITIES,ROAD,9,11.0
108880,1,7,140,5,1,40.0,0,N,MELBOURNE_CBD,STREET,9,13.0
108881,4,6,171,5,5,60.0,0,N,RURAL_VICTORIA,ROAD,8,22.0
108882,1,6,130,5,1,90.0,0,N,RURAL_VICTORIA,HIGHWAY,9,10.0
108883,1,7,132,5,1,60.0,0,N,TOWNS,HIGHWAY,9,13.0
108884,1,6,130,2,9,60.0,0,I,MELB_URBAN,ROAD,5,12.0
108885,8,7,174,5,1,50.0,0,N,MELB_URBAN,STREET,9,14.0
108886,2,6,99,5,1,60.0,0,N,MELB_URBAN,ROAD,9,15.0
108887,4,7,183,5,1,100.0,0,N,RURAL_VICTORIA,ROAD,9,14.0
108888,1,7,171,5,1,40.0,0,N,MELB_URBAN,STREET,9,15.0
108889,1,6,130,2,1,60.0,0,N,MELB_URBAN,ROAD,9,12.0
108890,1,7,110,1,1,100.0,0,I,RURAL_VICTORIA,ROAD,9,17.0
108891,1,6,110,1,1,50.0,0,I,MELB_URBAN,STREET,9,16.0
108892,1,7,130,5,3,100.0,0,N,MELB_URBAN,FREEWAY,9,17.0
108893,1,5,99,2,1,60.0,0,I,RURAL_VICTORIA,OTHER,3,15.0
108894,1,6,113,2,3,70.0,0,N,MELB_URBAN,FREEWAY,9,20.0
108895,1,7,121,1,3,50.0,0,I,SMALL_CITIES,STREET,9,19.0
108896,1,6,110,1,3,60.0,0,I,MELB_URBAN,STREET,9,18.0
108897,2,6,100,4,3,60.0,0,N,MELB_URBAN,RAMP,9,18.0
108898,1,7,99,1,2,60.0,0,I,MELB_URBAN,STREET,9,6.0
108899,1,7,99,5,3,50.0,0,N,MELB_URBAN,STREET,9,20.0
108900,1,7,121,1,3,60.0,0,I,MELB_URBAN,ROAD,9,22.0
108901,1,6,121,5,2,50.0,0,N,MELB_URBAN,STREET,9,6.0
108902,5,7,99,5,5,80.0,0,N,RURAL_VICTORIA,ROAD,9,4.0
108903,6,7,174,2,3,50.0,0,I,SMALL_CITIES,BOULEVARD,9,22.0
108904,1,7,160,5,5,50.0,1,N,MELB_URBAN,DRIVE,9,21.0
108905,1,7,133,5,3,80.0,0,N,MELB_URBAN,UNKNOWN,9,18.0
108906,2,1,102,2,5,40.0,0,I,MELB_URBAN,STREET,8,19.0
108907,1,1,121,2,3,60.0,0,I,MELB_URBAN,ROAD,9,0.0
108908,8,1,170,5,5,100.0,0,N,RURAL_VICTORIA,ROAD,9,2.0
108909,1,1,113,2,2,50.0,0,I,SMALL_CITIES,ROAD,9,5.0
108910,1,4,121,1,1,60.0,0,I,MELB_URBAN,ROAD,9,13.0
108911,2,1,99,2,1,50.0,0,N,MELB_URBAN,OTHER,9,7.0
108912,1,6,99,5,9,50.0,0,N,MELB_URBAN,OTHER,8,11.0
108913,1,6,140,5,3,50.0,0,N,LARGE_PROVINCIAL_CITIES,DRIVE,8,4.0
108914,1,7,116,4,2,80.0,0,I,MELB_URBAN,RAMP,9,7.0
108915,1,6,99,5,3,60.0,0,N,SMALL_CITIES,STREET,7,17.0
108916,4,1,181,5,1,80.0,0,N,RURAL_VICTORIA,ROAD,9,8.0
108917,1,1,116,2,1,70.0,0,I,MELB_URBAN,ROAD,9,10.0
108918,1,1,121,2,1,60.0,0,I,MELB_URBAN,ROAD,9,9.0
108919,4,0,173,5,1,100.0,0,N,RURAL_VICTORIA,HIGHWAY,9,10.0
108920,1,0,120,5,1,60.0,0,N,MELB_URBAN,ROAD,9,13.0
108921,1,0,130,2,6,80.0,0,N,RURAL_VICTORIA,ROAD,9,5.0
108922,1,5,130,1,1,70.0,0,I,MELB_URBAN,ROAD,8,8.0
108923,1,1,133,2,1,70.0,0,I,MELB_URBAN,STREET,9,13.0
108924,1,0,110,1,1,60.0,0,N,MELB_URBAN,ROAD,9,14.0
108925,1,5,113,2,1,60.0,0,I,SMALL_CITIES,AVENUE,9,14.0
108926,1,1,121,2,1,60.0,0,I,TOWNS,HIGHWAY,9,14.0
108927,4,1,181,5,1,80.0,0,N,RURAL_VICTORIA,ROAD,9,14.0
108928,5,1,99,5,1,100.0,0,N,RURAL_VICTORIA,ROAD,9,13.0
108929,1,6,135,5,6,100.0,0,N,RURAL_VICTORIA,FREEWAY,8,19.0
108930,4,1,171,5,1,80.0,0,N,RURAL_VICTORIA,ROAD,9,16.0
108931,1,1,110,1,1,60.0,0,I,MELB_URBAN,STREET,9,16.0
108932,2,1,100,1,3,60.0,0,N,MELB_URBAN,ROAD,9,18.0
108933,1,1,120,5,5,100.0,0,N,RURAL_VICTORIA,ROAD,9,19.0
108934,1,5,135,1,1,80.0,0,N,MELB_URBAN,ROAD,8,14.0
108935,1,1,99,5,5,100.0,0,N,RURAL_VICTORIA,HIGHWAY,9,19.0
108936,4,1,173,5,5,100.0,0,N,RURAL_VICTORIA,ROAD,9,19.0
108937,1,6,160,5,1,60.0,0,I,MELB_URBAN,ROAD,9,12.0
108938,8,1,174,1,9,70.0,0,I,MELB_URBAN,ROAD,9,22.0
108939,2,1,99,5,3,40.0,0,N,MELB_URBAN,DRIVE,9,23.0
108940,4,2,171,2,3,40.0,0,I,MELB_URBAN,STREET,9,2.0
108941,4,2,173,5,3,60.0,0,N,MELB_URBAN,ROAD,9,1.0
108942,4,1,183,5,3,50.0,1,N,TOWNS,DRIVE,9,23.0
108943,4,1,181,5,1,100.0,0,N,RURAL_VICTORIA,FREEWAY,9,8.0
108944,1,2,121,1,1,80.0,0,I,MELB_URBAN,ROAD,8,7.0
108945,1,2,130,5,9,60.0,0,N,MELB_URBAN,ROAD,8,11.0
108946,1,5,110,1,3,60.0,0,I,RURAL_VICTORIA,BOULEVARD,4,22.0
108947,2,2,99,5,1,50.0,0,N,SMALL_CITIES,STREET,9,10.0
108948,4,1,171,5,1,50.0,0,N,MELB_URBAN,BOULEVARD,9,10.0
108949,2,3,99,5,5,60.0,0,N,TOWNS,HIGHWAY,9,21.0
108950,4,6,173,5,1,60.0,0,N,RURAL_VICTORIA,ROAD,8,15.0
108951,1,1,99,1,3,70.0,0,N,MELB_URBAN,ROAD,9,19.0
108952,1,0,113,2,1,80.0,0,I,SMALL_TOWNS,ROAD,6,15.0
108953,1,1,130,1,1,60.0,0,N,MELB_URBAN,ROAD,9,12.0
108954,2,1,100,2,1,40.0,0,I,MELB_URBAN,STREET,9,12.0