,accident_type,day_of_week,dca_code,road_geometry,light_condition,speed_zone,severity,node_type,deg_urban_name,road_type,month,hour
108955,1,5,121,2,1,60.0,0,I,MELB_URBAN,ROAD,8,16.0
108956,1,2,99,5,1,40.0,0,N,MELB_URBAN,OTHER,9,11.0
108957,1,5,121,2,1,80.0,0,I,MELB_URBAN,HIGHWAY,9,16.0
108958,1,2,140,5,1,60.0,0,N,TOWNS,OTHER,9,10.0
108959,2,2,100,2,1,40.0,0,N,MELB_URBAN,STREET,9,13.0
108960,1,6,113,2,6,60.0,0,N,MELB_URBAN,ROAD,9,19.0
108961,1,1,110,1,1,60.0,0,I,TOWNS,STREET,9,15.0
108962,1,2,110,1,1,50.0,0,I,TOWNS,ROAD,9,15.0
108963,1,1,130,1,1,70.0,0,I,MELB_URBAN,PARADE,7,17.0
108964,1,2,130,1,1,60.0,0,I,LARGE_PROVINCIAL_CITIES,HIGHWAY,9,15.0
108965,1,4,121,2,9,60.0,0,I,MELB_URBAN,HIGHWAY,9,7.0
108966,1,1,110,1,2,80.0,0,I,RURAL_VICTORIA,HIGHWAY,9,17.0
108967,1,2,121,1,3,60.0,0,I,MELB_URBAN,ROAD,9,18.0
108968,1,6,130,1,2,70.0,0,I,MELB_URBAN,ROAD,8,18.0
108969,2,2,100,2,2,50.0,0,I,MELB_URBAN,DRIVE,9,7.0
108970,7,2,99,5,3,60.0,0,N,MELB_URBAN,STREET,9,19.0
108971,5,1,99,5,5,100.0,0,N,RURAL_VICTORIA,ROAD,9,5.0
108972,2,4,99,1,9,40.0,0,I,MELB_URBAN,STREET,5,6.0
108973,1,2,134,5,3,60.0,0,N,MELB_URBAN,STREET,7,17.0
108974,1,3,130,5,1,80.0,0,N,LARGE_PROVINCIAL_CITIES,HIGHWAY,9,6.0
108975,8,7,174,5,1,60.0,0,N,RURAL_VICTORIA,ROAD,8,13.0
108976,6,6,174,5,1,50.0,0,N,MELB_URBAN,ROAD,5,12.0
108977,1,2,130,5,1,60.0,0,N,SMALL_CITIES,PARADE,9,15.0
108978,1,3,110,1,1,40.0,0,I,SMALL_CITIES,STREET,9,9.0
108979,1,3,121,1,1,40.0,0,I,MELBOURNE_CBD,STREET,9,8.0
108980,1,3,130,5,9,100.0,0,N,MELB_URBAN,FREEWAY,9,6.0
108981,1,2,110,1,1,50.0,0,I,SMALL_CITIES,STREET,9,10.0
108982,4,3,99,2,1,100.0,0,I,RURAL_VICTORIA,ROAD,9,10.0
108983,1,2,110,1,1,60.0,0,I,MELB_URBAN,STREET,9,12.0
108984,3,3,167,5,1,100.0,0,I,RURAL_VICTORIA,ROAD,9,16.0
108985,4,6,99,1,1,40.0,0,I,MELB_URBAN,STREET,8,14.0
108986,1,5,134,1,1,60.0,0,I,MELB_URBAN,DRIVE,8,15.0
108987,1,2,130,5,1,100.0,0,N,SMALL_TOWNS,FREEWAY,9,10.0
108988,1,3,121,1,1,80.0,0,I,MELB_URBAN,RAMP,9,10.0
108989,1,3,147,5,1,70.0,0,N,MELB_URBAN,ROAD,9,12.0
108990,1,3,121,2,1,60.0,0,I,MELB_URBAN,ROAD,9,9.0
108991,2,3,100,5,1,60.0,0,N,SMALL_CITIES,STREET,9,12.0
108992,5,3,99,5,1,60.0,0,N,LARGE_PROVINCIAL_CITIES,STREET,9,13.0
108993,1,5,130,5,1,60.0,0,N,MELB_URBAN,DRIVE,8,6.0
108994,4,5,99,5,1,40.0,0,N,MELB_URBAN,ROAD,7,16.0
108995,1,2,130,5,1,60.0,0,N,MELB_URBAN,ROAD,7,15.0
108996,4,2,99,5,2,60.0,0,N,TOWNS,ROAD,9,6.0
108997,4,7,173,3,3,70.0,0,I,MELB_URBAN,ROAD,9,4.0
108998,1,3,110,1,1,50.0,0,I,MELB_URBAN,STREET,9,15.0
108999,1,3,113,1,1,60.0,0,I,LARGE_PROVINCIAL_CITIES,ROAD,9,16.0
109000,4,4,171,5,6,70.0,0,N,MELB_URBAN,ROAD,8,0.0
109001,1,3,130,5,9,60.0,0,N,SMALL_CITIES,RAMP,8,16.0
109002,1,2,130,5,2,60.0,0,N,MELB_URBAN,ROAD,9,7.0
109003,1,2,130,2,2,60.0,0,N,MELB_URBAN,ROAD,9,17.0
109004,2,2,100,1,5,40.0,0,I,MELB_URBAN,STREET,9,23.0
109005,4,6,173,5,3,50.0,0,N,MELB_URBAN,DRIVE,9,5.0
109006,1,3,163,5,1,40.0,0,N,MELBOURNE_CBD,STREET,9,17.0
109007,1,2,130,1,2,60.0,0,N,MELB_URBAN,ROAD,9,17.0
109008,1,3,120,5,1,100.0,0,N,RURAL_VICTORIA,ROAD,9,16.0
109009,1,2,99,5,1,40.0,0,N,MELB_URBAN,STREET,9,14.0
109010,1,2,130,5,1,80.0,0,N,MELB_URBAN,ROAD,9,16.0
109011,1,2,111,2,1,50.0,0,I,LARGE_PROVINCIAL_CITIES,ROAD,9,15.0
109012,1,3,113,2,3,100.0,0,I,RURAL_VICTORIA,HIGHWAY,9,21.0
109013,4,3,181,5,1,60.0,0,N,RURAL_VICTORIA,ROAD,9,16.0
109014,2,2,102,1,3,60.0,0,N,MELB_URBAN,ROAD,9,20.0
109015,1,3,121,1,1,60.0,0,I,MELB_URBAN,ROAD,9,14.0
109016,2,3,99,5,1,50.0,0,N,SMALL_CITIES,ROAD,9,14.0
109017,1,3,130,5,1,60.0,0,N,MELB_URBAN,RAMP,8,10.0
109018,3,3,167,5,5,100.0,0,N,RURAL_VICTORIA,HIGHWAY,9,0.0
109019,1,2,130,5,3,60.0,0,N,MELB_URBAN,ROAD,9,17.0
109020,1,4,160,5,2,50.0,0,N,MELB_URBAN,DRIVE,9,6.0
109021,1,5,130,5,3,80.0,0,N,MELB_URBAN,HIGHWAY,8,23.0
109022,1,6,121,2,1,60.0,0,I,MELB_URBAN,ROAD,9,6.0
109023,1,3,113,2,1,60.0,0,I,MELB_URBAN,ROAD,9,11.0
109024,1,4,132,1,1,60.0,0,I,MELB_URBAN,ROAD,9,7.0
109025,1,4,130,5,1,80.0,0,N,MELB_URBAN,HIGHWAY,9,7.0
109026,2,3,100,2,1,40.0,0,N,LARGE_PROVINCIAL_CITIES,STREET,9,11.0
109027,1,4,160,5,1,40.0,0,N,MELB_URBAN,ROAD,9,9.0
109028,1,1,111,2,1,70.0,0,I,MELB_URBAN,STREET,5,14.0
109029,1,3,130,5,1,100.0,0,N,MELB_URBAN,UNKNOWN,9,9.0
109030,1,6,130,5,3,80.0,0,N,MELB_URBAN,OTHER,8,6.0
109031,2,4,102,5,1,60.0,0,N,MELB_URBAN,ROAD,9,7.0
109032,8,6,174,5,9,60.0,0,N,MELB_URBAN,ROAD,9,6.0
109033,1,4,111,2,1,40.0,0,I,MELB_URBAN,STREET,9,8.0
109034,1,4,120,5,1,80.0,0,N,RURAL_VICTORIA,ROAD,9,8.0
109035,2,5,100,1,2,60.0,0,I,MELB_URBAN,ROAD,11,6.0
109036,1,3,113,1,3,60.0,0,I,LARGE_PROVINCIAL_CITIES,ROAD,8,6.0
109037,1,4,120,5,1,60.0,0,N,MELB_URBAN,ROAD,9,8.0
109038,1,2,130,2,1,80.0,0,N,MELB_URBAN,HIGHWAY,9,15.0
109039,1,4,130,5,1,80.0,0,I,MELB_URBAN,FREEWAY,9,10.0
109040,1,2,130,2,1,60.0,0,I,MELB_URBAN,STREET,9,18.0
109041,1,4,147,5,1,60.0,0,N,MELB_URBAN,STREET,9,8.0
109042,1,4,130,2,1,40.0,0,I,MELB_URBAN,PARADE,9,8.0
109043,1,4,135,5,1,100.0,0,N,MELB_URBAN,ROAD,9,10.0
109044,1,4,134,2,9,50.0,0,N,MELB_URBAN,STREET,8,14.0
109045,2,4,100,1,1,60.0,0,I,SMALL_CITIES,AVENUE,9,12.0
109046,1,3,121,1,1,60.0,0,I,MELB_URBAN,ROAD,9,13.0
109047,1,4,130,5,1,70.0,0,N,RURAL_VICTORIA,ROAD,9,13.0
109048,1,4,121,2,1,50.0,0,I,TOWNS,STREET,9,14.0
109049,1,4,121,1,9,70.0,0,I,MELB_URBAN,ROAD,9,14.0
109050,2,1,100,1,3,60.0,0,I,MELB_URBAN,ROAD,9,20.0
109051,1,4,99,1,1,60.0,0,I,MELB_URBAN,ROAD,9,13.0
109052,1,2,130,5,1,40.0,0,N,LARGE_PROVINCIAL_CITIES,STREET,9,15.0
109053,1,4,130,5,1,100.0,0,N,MELB_URBAN,FREEWAY,9,8.0
109054,1,4,121,1,1,60.0,0,I,MELB_URBAN,BOULEVARD,9,12.0
109055,1,2,130,1,2,80.0,0,I,RURAL_VICTORIA,HIGHWAY,9,16.0
109056,2,1,99,5,1,40.0,0,N,MELB_URBAN,ROAD,8,15.0
109057,4,4,173,5,1,100.0,1,N,RURAL_VICTORIA,ROAD,9,13.0
109058,1,4,132,2,1,90.0,0,I,RURAL_VICTORIA,HIGHWAY,9,15.0
109059,1,4,130,2,1,80.0,0,N,MELB_URBAN,ROAD,9,15.0
109060,1,2,111,1,1,80.0,0,I,TOWNS,HIGHWAY,9,8.0
109061,1,3,134,5,1,60.0,0,N,MELB_URBAN,ROAD,9,16.0
109062,1,2,130,5,1,70.0,0,N,MELB_URBAN,ROAD,9,15.0
109063,1,3,130,5,1,60.0,0,N,MELB_URBAN,ROAD,9,15.0
109064,2,2,100,1,1,70.0,0,I,MELB_URBAN,ROAD,9,16.0
109065,2,4,99,5,2,50.0,0,N,MELB_URBAN,OTHER,9,17.0
109066,2,3,99,5,1,40.0,0,N,RURAL_VICTORIA,OTHER,9,8.0
109067,1,4,133,5,1,60.0,0,N,MELB_URBAN,UNKNOWN,9,16.0
109068,1,4,121,2,1,60.0,0,I,MELB_URBAN,STREET,9,17.0
109069,1,4,121,1,1,40.0,0,I,MELB_URBAN,STREET,9,17.0
109070,1,4,160,5,2,50.0,0,N,MELB_URBAN,AVENUE,9,18.0
109071,2,4,100,2,3,60.0,0,I,MELB_URBAN,ROAD,9,18.0
109072,1,4,121,2,3,60.0,0,I,MELB_URBAN,ROAD,9,18.0
109073,1,4,135,5,9,60.0,0,N,MELB_URBAN,ROAD,9,7.0
109074,1,4,133,2,9,60.0,0,I,MELB_URBAN,ROAD,9,20.0
109075,1,4,130,2,1,60.0,0,I,MELB_URBAN,ROAD,9,18.0
109076,1,4,160,5,3,60.0,0,N,LARGE_PROVINCIAL_CITIES,UNKNOWN,9,18.0
109077,1,3,99,1,1,50.0,0,I,MELBOURNE_CBD,STREET,9,9.0
109078,1,4,130,1,2,60.0,0,I,MELB_URBAN,ROAD,9,17.0
109079,1,2,110,1,1,40.0,0,I,MELB_URBAN,STREET,3,11.0
109080,1,4,130,1,3,60.0,0,I,MELB_URBAN,ROAD,9,5.0
109081,4,4,171,1,1,50.0,0,I,MELB_URBAN,STREET,9,17.0
109082,1,3,147,5,2,60.0,0,O,MELB_URBAN,UNKNOWN,9,17.0
109083,1,3,130,2,1,60.0,0,I,MELB_URBAN,ROAD,9,17.0
109084,1,3,130,5,1,80.0,0,N,RURAL_VICTORIA,HIGHWAY,9,6.0
109085,1,4,130,1,3,40.0,0,N,MELB_URBAN,STREET,9,1.0
109086,1,4,121,1,3,70.0,0,I,RURAL_VICTORIA,ROAD,9,22.0
109087,1,4,121,1,3,60.0,0,N,LARGE_PROVINCIAL_CITIES,STREET,9,23.0
109088,4,4,171,5,5,80.0,0,N,RURAL_VICTORIA,ROAD,9,23.0
109089,5,3,99,2,6,50.0,0,I,MELB_URBAN,DRIVE,9,21.0
109090,1,5,130,5,5,110.0,0,N,RURAL_VICTORIA,FREEWAY,9,2.0
109091,1,5,110,1,1,60.0,0,I,MELB_URBAN,ROAD,9,6.0
109092,6,6,99,5,1,60.0,0,N,RURAL_VICTORIA,ROAD,8,11.0
109093,1,3,110,1,1,60.0,0,I,MELB_URBAN,ROAD,9,12.0
109094,3,5,167,5,1,100.0,0,N,RURAL_VICTORIA,ROAD,9,6.0
109095,1,5,121,1,1,80.0,0,I,MELB_URBAN,DRIVE,9,9.0
109096,1,4,113,2,1,80.0,0,I,MELB_URBAN,ROAD,9,7.0
109097,1,2,147,5,9,80.0,0,N,RURAL_VICTORIA,STREET,8,17.0
109098,4,5,173,5,1,80.0,0,N,MELB_URBAN,ROAD,9,11.0
109099,1,4,135,5,2,60.0,0,N,MELB_URBAN,STREET,9,18.0
109100,1,5,113,2,1,100.0,0,I,RURAL_VICTORIA,ROAD,9,10.0
109101,8,5,99,5,5,60.0,0,N,RURAL_VICTORIA,ROAD,7,5.0
109102,1,5,99,2,1,60.0,0,I,LARGE_PROVINCIAL_CITIES,STREET,9,12.0
109103,1,5,110,1,1,50.0,0,I,MELB_URBAN,AVENUE,9,7.0
109104,1,5,140,5,1,50.0,0,N,TOWNS,STREET,9,12.0
109105,1,4,121,2,1,60.0,0,N,MELB_URBAN,UNKNOWN,9,7.0
109106,1,7,130,5,1,100.0,0,N,RURAL_VICTORIA,ROAD,9,10.0
109107,1,5,121,2,1,80.0,0,I,TOWNS,HIGHWAY,9,11.0
109108,1,4,121,5,1,40.0,0,N,MELB_URBAN,ROAD,8,8.0
109109,6,5,99,5,1,100.0,0,N,RURAL_VICTORIA,ROAD,9,12.0
109110,1,5,121,2,1,60.0,0,I,MELB_URBAN,ROAD,9,11.0
109111,1,5,99,5,1,70.0,0,N,SMALL_CITIES,OTHER,9,10.0
109112,1,4,120,2,3,60.0,0,I,MELB_URBAN,ROAD,9,19.0
109113,1,3,130,1,1,50.0,0,I,MELB_URBAN,DRIVE,7,11.0
109114,1,5,110,1,1,60.0,0,I,TOWNS,STREET,9,15.0
109115,1,5,99,1,1,40.0,0,I,MELBOURNE_CBD,STREET,9,15.0
109116,1,4,113,2,1,60.0,0,I,MELB_URBAN,DRIVE,9,15.0
109117,2,4,102,5,1,40.0,0,N,MELB_URBAN,STREET,9,15.0
109118,4,5,183,5,1,100.0,0,N,RURAL_VICTORIA,ROAD,9,14.0
109119,1,5,130,5,1,60.0,0,N,LARGE_PROVINCIAL_CITIES,ROAD,9,16.0
109120,2,5,99,5,1,60.0,0,N,MELB_URBAN,ROAD,9,8.0
109121,1,4,130,4,3,70.0,0,I,MELB_URBAN,RAMP,9,18.0
109122,1,5,121,1,3,60.0,0,I,MELB_URBAN,ROAD,9,19.0
109123,4,5,171,5,1,60.0,0,N,MELB_URBAN,ROAD,9,17.0
109124,1,5,110,1,2,50.0,0,I,MELB_URBAN,STREET,9,18.0
109125,1,4,121,2,3,60.0,0,I,MELB_URBAN,STREET,9,18.0
109126,4,5,171,5,1,110.0,0,N,RURAL_VICTORIA,HIGHWAY,9,16.0
109127,2,4,102,2,5,50.0,0,I,MELB_URBAN,OTHER,9,20.0
109128,4,4,183,5,1,70.0,0,N,RURAL_VICTORIA,ROAD,9,16.0
109129,1,5,116,1,3,50.0,0,I,MELB_URBAN,AVENUE,9,18.0
109130,1,4,130,1,2,60.0,0,I,MELB_URBAN,ROAD,9,17.0
109131,1,5,130,5,3,70.0,0,N,MELB_URBAN,HIGHWAY,6,18.0
109132,1,5,160,5,3,60.0,0,N,SMALL_CITIES,STREET,9,22.0
109133,1,6,147,5,9,60.0,0,N,MELB_URBAN,ROAD,8,15.0
109134,1,2,113,2,3,80.0,0,I,MELB_URBAN,ROAD,8,23.0
109135,4,5,99,2,3,60.0,0,I,MELB_URBAN,ROAD,9,0.0
109136,2,7,100,1,1,40.0,0,I,MELB_URBAN,STREET,9,13.0
109137,4,6,173,5,5,100.0,0,N,RURAL_VICTORIA,HIGHWAY,9,0.0
109138,6,6,174,5,1,60.0,0,N,MELB_URBAN,ROAD,9,6.0
109139,1,6,99,2,1,50.0,0,I,LARGE_PROVINCIAL_CITIES,STREET,9,8.0
109140,1,4,130,2,1,60.0,0,I,MELB_URBAN,ROAD,8,13.0
109141,4,5,171,5,3,50.0,0,N,MELB_URBAN,STREET,9,20.0
109142,2,4,102,1,3,60.0,0,N,MELB_URBAN,STREET,9,23.0
109143,1,6,99,5,1,60.0,0,N,MELB_URBAN,ROAD,9,8.0
109144,4,1,181,5,1,80.0,0,N,RURAL_VICTORIA,ROAD,9,14.0
109145,1,3,134,5,1,70.0,0,N,MELB_URBAN,ROAD,9,10.0
109146,5,5,99,5,1,40.0,0,N,MELB_URBAN,AVENUE,9,8.0
109147,1,6,121,5,1,40.0,0,N,MELBOURNE_CBD,STREET,9,8.0
109148,1,6,130,5,1,80.0,0,N,MELB_URBAN,FREEWAY,9,8.0
109149,1,6,130,2,1,60.0,0,N,MELB_URBAN,ROAD,9,10.0
109150,1,3,130,5,9,60.0,0,N,MELB_URBAN,ROAD,8,15.0
109151,8,3,174,1,1,50.0,0,I,SMALL_TOWNS,STREET,9,12.0
109152,6,6,99,5,1,100.0,0,N,MELB_URBAN,RAMP,9,11.0
109153,1,5,130,5,1,60.0,0,N,LARGE_PROVINCIAL_CITIES,ROAD,9,12.0
109154,4,6,181,5,9,60.0,1,N,RURAL_VICTORIA,OTHER,9,10.0
109155,1,6,113,2,1,60.0,0,I,MELB_URBAN,ROAD,9,8.0
109156,1,3,99,1,1,60.0,0,I,MELB_URBAN,ROAD,9,8.0
109157,1,6,121,2,1,60.0,0,I,MELB_URBAN,ROAD,9,14.0
109158,1,4,163,5,6,60.0,0,N,MELB_URBAN,STREET,9,22.0
109159,1,5,130,1,1,50.0,0,N,MELB_URBAN,STREET,9,12.0
109160,2,6,102,1,1,40.0,0,N,LARGE_PROVINCIAL_CITIES,STREET,9,13.0
109161,1,7,130,5,1,80.0,0,N,MELB_URBAN,HIGHWAY,9,12.0
109162,1,5,121,1,1,60.0,0,I,MELB_URBAN,RAMP,9,7.0
109163,1,5,120,5,1,50.0,0,N,SMALL_CITIES,AVENUE,9,14.0
109164,1,6,133,5,1,80.0,0,N,MELB_URBAN,FREEWAY,9,12.0
109165,1,5,121,1,1,40.0,0,I,MELB_URBAN,STREET,9,14.0
109166,2,6,100,4,1,60.0,0,I,MELB_URBAN,STREET,9,15.0
109167,2,6,99,5,1,40.0,0,N,SMALL_CITIES,STREET,9,15.0
109168,1,5,130,5,1,60.0,0,N,MELB_URBAN,STREET,9,7.0
109169,1,6,130,5,1,70.0,0,N,MELB_URBAN,ROAD,9,17.0
109170,1,6,121,1,2,70.0,0,I,MELB_URBAN,STREET,9,17.0
109171,1,6,110,1,1,50.0,0,I,TOWNS,STREET,9,15.0
109172,2,2,99,2,1,60.0,0,I,MELB_URBAN,ROAD,7,16.0
109173,1,6,130,5,1,80.0,0,N,MELB_URBAN,ROAD,9,16.0
109174,1,5,110,1,1,70.0,0,I,RURAL_VICTORIA,HIGHWAY,9,16.0
109175,1,6,130,2,3,60.0,0,I,MELB_URBAN,ROAD,9,20.0
109176,1,5,99,4,1,80.0,0,I,MELB_URBAN,RAMP,9,18.0
109177,1,6,121,1,3,60.0,0,I,LARGE_PROVINCIAL_CITIES,STREET,9,21.0
109178,1,5,130,1,9,60.0,0,I,MELB_URBAN,BOULEVARD,9,19.0
109179,1,6,130,5,6,70.0,0,N,LARGE_PROVINCIAL_CITIES,ROAD,9,21.0
109180,2,6,100,1,3,60.0,0,I,LARGE_PROVINCIAL_CITIES,STREET,9,2.0
109181,1,3,99,1,9,40.0,0,I,MELBOURNE_CBD,STREET,8,7.0
109182,1,7,130,5,5,110.0,0,N,RURAL_VICTORIA,FREEWAY,9,3.0
109183,1,7,110,1,1,80.0,0,I,MELB_URBAN,ROAD,9,6.0
109184,4,1,171,5,5,80.0,0,N,RURAL_VICTORIA,ROAD,7,1.0
109185,4,7,171,5,1,80.0,0,N,MELB_URBAN,RAMP,9,7.0
109186,6,7,99,5,9,60.0,0,N,TOWNS,ROAD,9,6.0
109187,1,6,130,5,1,40.0,0,N,MELB_URBAN,ROAD,9,8.0
109188,1,7,99,1,1,50.0,0,I,MELB_URBAN,AVENUE,9,9.0
109189,1,7,99,5,1,40.0,0,N,MELBOURNE_CBD,STREET,9,7.0
109190,4,7,171,2,1,60.0,0,I,MELB_URBAN,ROAD,9,8.0
109191,1,6,130,5,1,80.0,0,N,MELB_URBAN,ROAD,9,16.0
109192,8,6,99,1,1,60.0,0,I,SMALL_CITIES,ROAD,9,11.0
109193,1,4,140,5,1,40.0,0,N,TOWNS,AVENUE,9,15.0
109194,1,3,130,1,1,50.0,0,I,MELB_URBAN,ROAD,9,8.0
109195,1,6,99,5,9,60.0,0,N,TOWNS,STREET,8,18.0
109196,2,7,100,5,1,80.0,0,N,MELB_URBAN,HIGHWAY,9,12.0
109197,1,7,160,5,1,40.0,0,N,MELB_URBAN,STREET,9,12.0
109198,1,6,160,5,1,60.0,0,I,MELB_URBAN,STREET,9,12.0
109199,5,7,171,5,1,100.0,0,N,RURAL_VICTORIA,ROAD,9,12.0
109200,1,7,130,2,1,60.0,0,I,MELB_URBAN,OTHER,9,12.0
109201,1,7,99,2,1,80.0,0,I,RURAL_VICTORIA,ROAD,9,13.0
109202,1,6,121,2,1,60.0,0,I,MELB_URBAN,ROAD,8,16.0
109203,1,3,99,5,1,40.0,0,N,MELB_URBAN,STREET,9,8.0
109204,2,4,100,1,1,60.0,0,I,MELB_URBAN,PARADE,9,7.0
109205,1,7,99,1,1,60.0,0,N,MELB_URBAN,DRIVE,9,15.0
109206,1,4,130,5,2,80.0,0,N,MELB_URBAN,HIGHWAY,8,6.0
109207,1,7,130,5,1,60.0,0,N,LARGE_PROVINCIAL_CITIES,HIGHWAY,9,16.0
109208,1,6,99,4,1,60.0,0,I,MELB_URBAN,ROAD,9,8.0
109209,1,5,121,2,1,70.0,0,I,MELB_URBAN,ROAD,2,16.0
109210,1,6,130,5,1,60.0,0,N,MELB_URBAN,OTHER,9,10.0
109211,1,7,120,2,1,60.0,0,I,MELB_URBAN,ROAD,9,16.0
109212,8,7,174,5,1,50.0,0,N,RURAL_VICTORIA,OTHER,9,15.0
109213,1,6,130,5,3,60.0,0,N,MELB_URBAN,ROAD,9,18.0
109214,1,7,120,2,1,80.0,0,I,RURAL_VICTORIA,HIGHWAY,9,15.0
109215,1,7,110,1,1,60.0,0,I,RURAL_VICTORIA,ROAD,9,17.0
109216,4,7,181,5,1,100.0,0,N,RURAL_VICTORIA,ROAD,9,17.0
109217,1,7,120,5,5,80.0,0,N,TOWNS,ROAD,9,20.0
109218,1,7,99,2,3,60.0,0,N,MELB_URBAN,PARADE,9,21.0
109219,2,7,100,5,5,70.0,0,N,MELB_URBAN,ROAD,9,20.0
109220,1,7,160,5,3,50.0,0,N,MELB_URBAN,BOULEVARD,9,19.0
109221,4,1,173,5,3,60.0,0,N,MELB_URBAN,ROAD,9,1.0
109222,1,7,160,5,1,60.0,0,N,MELB_URBAN,ROAD,9,17.0
109223,1,0,133,1,3,70.0,0,N,MELB_URBAN,ROAD,9,2.0
109224,1,6,130,1,3,60.0,0,N,MELB_URBAN,ROAD,9,23.0
109225,1,1,110,1,3,60.0,0,I,LARGE_PROVINCIAL_CITIES,STREET,9,0.0
109226,1,2,110,1,1,50.0,0,I,MELB_URBAN,STREET,9,8.0
109227,1,6,99,2,2,60.0,0,I,MELB_URBAN,ROAD,9,17.0
109228,1,1,130,1,1,60.0,0,I,MELB_URBAN,ROAD,9,6.0
109229,1,7,110,1,1,50.0,0,I,MELB_URBAN,STREET,9,10.0
109230,1,1,99,5,1,50.0,0,N,TOWNS,STREET,9,8.0
109231,4,7,171,5,1,50.0,0,N,MELB_URBAN,ROAD,9,14.0
109232,4,6,99,5,1,50.0,0,N,MELB_URBAN,STREET,9,9.0
109233,1,3,130,5,9,60.0,0,N,MELB_URBAN,FREEWAY,8,8.0
109234,6,1,99,5,1,80.0,0,N,RURAL_VICTORIA,ROAD,9,11.0
109235,1,1,130,2,1,60.0,0,I,MELB_URBAN,STREET,9,13.0
109236,2,1,99,5,1,100.0,0,N,MELB_URBAN,RAMP,9,9.0
109237,1,1,99,5,1,50.0,0,N,MELB_URBAN,STREET,9,12.0
109238,5,1,99,2,1,60.0,0,I,RURAL_VICTORIA,OTHER,9,11.0
109239,1,6,111,2,1,50.0,0,I,MELB_URBAN,DRIVE,5,8.0
109240,9,1,99,5,1,80.0,0,N,RURAL_VICTORIA,HIGHWAY,9,10.0
109241,6,1,99,5,1,80.0,0,N,RURAL_VICTORIA,ROAD,9,15.0
109242,2,0,100,5,1,50.0,0,N,SMALL_CITIES,BOULEVARD,9,15.0
109243,6,1,170,5,1,100.0,0,I,RURAL_VICTORIA,ROAD,9,14.0
109244,1,1,116,1,1,70.0,0,I,MELB_URBAN,ROAD,9,16.0
109245,6,1,99,5,2,100.0,0,N,RURAL_VICTORIA,ROAD,9,17.0
109246,1,1,121,2,2,70.0,0,I,MELB_URBAN,HIGHWAY,9,17.0
109247,4,0,99,1,3,50.0,0,I,MELB_URBAN,STREET,9,18.0
109248,6,1,170,5,2,80.0,0,N,TOWNS,ROAD,9,17.0
109249,1,1,120,5,3,60.0,0,N,MELB_URBAN,ROAD,9,18.0
109250,1,0,121,1,3,80.0,0,I,MELB_URBAN,RAMP,9,19.0
109251,4,6,173,5,5,100.0,0,N,RURAL_VICTORIA,ROAD,9,22.0
109252,2,1,100,1,3,60.0,0,I,MELB_URBAN,ROAD,9,18.0
109253,4,1,183,5,5,80.0,0,N,RURAL_VICTORIA,ROAD,9,19.0
109254,2,1,102,1,3,60.0,0,N,MELB_URBAN,ROAD,9,20.0
109255,4,1,173,1,3,70.0,0,N,MELB_URBAN,ROAD,9,21.0
109256,6,6,99,5,1,40.0,0,N,MELB_URBAN,STREET,9,8.0
109257,1,5,99,2,1,60.0,0,O,MELB_URBAN,UNKNOWN,6,11.0
109258,1,6,130,5,1,60.0,0,N,MELB_URBAN,ROAD,8,13.0
109259,2,1,99,5,1,40.0,0,N,SMALL_CITIES,STREET,9,8.0
109260,4,2,181,5,1,50.0,0,N,MELB_URBAN,OTHER,9,8.0
109261,8,2,174,2,1,60.0,0,N,MELB_URBAN,ROAD,9,8.0
109262,1,2,130,1,1,80.0,0,I,MELB_URBAN,HIGHWAY,8,10.0
109263,1,2,130,5,1,100.0,0,N,RURAL_VICTORIA,HIGHWAY,9,7.0
109264,1,4,160,5,2,50.0,0,N,MELB_URBAN,AVENUE,9,7.0
109265,6,2,99,5,1,100.0,0,N,RURAL_VICTORIA,ROAD,9,10.0
109266,6,2,174,5,1,50.0,0,N,RURAL_VICTORIA,ROAD,9,10.0
109267,1,2,121,2,1,60.0,0,N,SMALL_CITIES,ROAD,9,12.0
109268,1,2,130,5,1,60.0,0,N,MELB_URBAN,ROAD,9,15.0
109269,4,1,171,5,1,60.0,0,N,MELB_URBAN,ROAD,9,9.0
109270,1,2,121,1,1,80.0,0,N,MELB_URBAN,ROAD,9,12.0
109271,1,1,130,1,9,60.0,0,I,MELB_URBAN,STREET,9,17.0
109272,2,1,100,1,3,60.0,0,I,MELB_URBAN,ROAD,9,21.0
109273,1,2,110,1,1,60.0,0,I,MELB_URBAN,ROAD,9,12.0
109274,1,2,99,1,1,80.0,0,I,RURAL_VICTORIA,ROAD,9,13.0
109275,1,5,113,2,1,80.0,0,I,MELB_URBAN,HIGHWAY,8,9.0
109276,3,4,167,5,2,60.0,0,N,RURAL_VICTORIA,ROAD,4,4.0
109277,1,5,121,2,1,70.0,0,I,LARGE_PROVINCIAL_CITIES,HIGHWAY,9,16.0
109278,3,5,167,5,5,100.0,0,N,RURAL_VICTORIA,HIGHWAY,1,6.0
109279,7,1,99,5,9,60.0,0,N,RURAL_VICTORIA,OTHER,4,13.0
109280,4,1,173,2,1,50.0,0,I,MELB_URBAN,OTHER,9,13.0
109281,4,1,173,2,1,50.0,0,N,MELB_URBAN,DRIVE,9,15.0