,accident_type,day_of_week,dca_code,road_geometry,light_condition,speed_zone,severity,node_type,deg_urban_name,road_type,month,hour
109282,1,3,113,1,1,40.0,0,I,MELB_URBAN,STREET,9,17.0
109283,4,1,171,1,9,60.0,0,I,RURAL_VICTORIA,AVENUE,8,14.0
109284,1,6,163,5,6,40.0,0,N,MELB_URBAN,STREET,9,18.0
109285,1,2,121,2,1,60.0,0,I,LARGE_PROVINCIAL_CITIES,STREET,9,15.0
109286,2,2,99,5,1,60.0,0,N,MELB_URBAN,ROAD,9,7.0
109287,1,6,130,2,9,60.0,0,I,MELB_URBAN,ROAD,9,10.0
109288,1,2,147,2,1,50.0,0,N,MELB_URBAN,ROAD,9,16.0
109289,1,1,113,2,1,60.0,0,I,LARGE_PROVINCIAL_CITIES,HIGHWAY,9,15.0
109290,1,7,110,1,3,50.0,0,I,MELB_URBAN,ROAD,9,20.0
109291,1,2,121,1,1,80.0,0,N,TOWNS,HIGHWAY,9,17.0
109292,1,1,99,2,3,60.0,0,N,MELB_URBAN,DRIVE,9,19.0
109293,1,2,110,1,3,60.0,0,I,MELB_URBAN,STREET,9,18.0
109294,8,2,99,5,5,100.0,0,N,RURAL_VICTORIA,ROAD,9,20.0
109295,1,5,110,1,1,50.0,0,I,SMALL_CITIES,STREET,8,9.0
109296,1,1,113,2,3,80.0,0,I,MELB_URBAN,ROAD,5,21.0
109297,1,2,120,5,3,60.0,0,N,MELB_URBAN,ROAD,9,22.0
109298,4,3,183,5,3,70.0,0,N,LARGE_PROVINCIAL_CITIES,ROAD,9,1.0
109299,1,3,160,5,3,60.0,0,N,MELB_URBAN,ROAD,9,1.0
109300,4,3,171,5,5,60.0,0,N,TOWNS,UNKNOWN,9,2.0
109301,1,3,121,2,1,60.0,0,I,MELB_URBAN,ROAD,9,6.0
109302,1,7,140,5,1,100.0,0,N,RURAL_VICTORIA,HIGHWAY,4,11.0
109303,8,1,184,5,1,100.0,0,N,RURAL_VICTORIA,ROAD,8,10.0
109304,2,1,102,1,1,50.0,0,I,MELB_URBAN,STREET,9,11.0
109305,1,3,99,5,1,50.0,0,N,MELB_URBAN,STREET,9,8.0
109306,1,5,130,5,1,100.0,0,N,RURAL_VICTORIA,ROAD,9,17.0
109307,1,3,130,1,1,80.0,0,N,MELB_URBAN,HIGHWAY,9,8.0
109308,1,6,121,2,1,40.0,0,I,MELB_URBAN,STREET,8,8.0
109309,1,3,99,5,1,60.0,0,N,MELB_URBAN,PARADE,9,9.0
109310,1,2,99,2,1,40.0,0,I,MELB_URBAN,STREET,9,9.0
109311,1,3,130,5,1,70.0,0,N,MELB_URBAN,ROAD,9,8.0
109312,1,3,130,5,1,80.0,0,N,MELB_URBAN,FREEWAY,9,14.0
109313,1,7,130,2,1,60.0,0,I,MELB_URBAN,ROAD,6,17.0
109314,4,3,99,5,1,60.0,0,N,MELB_URBAN,AVENUE,9,7.0
109315,1,3,130,3,2,100.0,0,I,MELB_URBAN,FREEWAY,9,6.0
109316,1,5,111,1,9,60.0,0,I,MELB_URBAN,ROAD,9,14.0
109317,2,3,102,2,1,50.0,0,I,MELB_URBAN,STREET,9,8.0
109318,1,6,130,5,1,80.0,0,N,MELB_URBAN,ROAD,7,16.0
109319,4,1,183,5,1,80.0,0,N,RURAL_VICTORIA,HIGHWAY,9,11.0
109320,1,3,135,5,1,100.0,0,N,MELB_URBAN,ROAD,9,8.0
109321,5,1,99,5,3,80.0,0,N,MELB_URBAN,ROAD,9,19.0
109322,4,0,171,1,1,60.0,0,I,MELB_URBAN,ROAD,7,12.0
109323,1,2,99,5,1,60.0,0,N,MELB_URBAN,STREET,9,8.0
109324,1,3,99,1,1,60.0,0,I,MELB_URBAN,ROAD,9,11.0
109325,1,3,130,3,1,60.0,0,N,MELB_URBAN,HIGHWAY,9,10.0
109326,1,6,113,2,2,50.0,0,I,MELB_URBAN,OTHER,8,18.0
109327,8,3,99,5,1,100.0,0,N,RURAL_VICTORIA,HIGHWAY,9,11.0
109328,1,3,140,5,1,60.0,0,N,MELB_URBAN,ROAD,9,11.0
109329,1,1,130,2,1,50.0,0,N,MELB_URBAN,STREET,9,17.0
109330,1,7,99,2,1,80.0,0,I,MELB_URBAN,HIGHWAY,9,13.0
109331,1,2,111,2,4,60.0,0,I,MELB_URBAN,ROAD,9,22.0
109332,1,3,160,5,1,50.0,0,N,SMALL_CITIES,STREET,9,10.0
109333,4,3,181,5,1,80.0,1,N,RURAL_VICTORIA,UNKNOWN,9,6.0
109334,1,4,130,2,1,60.0,0,I,MELB_URBAN,ROAD,4,14.0
109335,1,3,110,1,1,60.0,0,I,MELB_URBAN,STREET,9,13.0
109336,1,2,121,2,1,50.0,0,I,MELB_URBAN,STREET,9,9.0
109337,1,5,140,5,1,60.0,0,N,MELB_URBAN,HIGHWAY,8,9.0
109338,1,3,99,5,9,40.0,0,N,MELB_URBAN,ROAD,8,16.0
109339,4,3,171,5,1,50.0,0,N,SMALL_CITIES,OTHER,9,13.0
109340,1,3,130,5,1,80.0,0,I,MELB_URBAN,HIGHWAY,9,16.0
109341,2,3,99,5,1,50.0,0,N,SMALL_CITIES,DRIVE,9,16.0
109342,1,3,116,2,1,50.0,0,I,MELB_URBAN,STREET,9,15.0
109343,1,3,140,5,1,60.0,0,N,TOWNS,STREET,9,11.0
109344,1,3,130,2,1,70.0,0,I,MELB_URBAN,HIGHWAY,9,16.0
109345,1,3,130,2,1,60.0,0,I,MELB_URBAN,ROAD,9,16.0
109346,1,1,130,2,6,60.0,0,N,MELB_URBAN,RAMP,12,20.0
109347,1,3,110,1,1,50.0,0,I,MELB_URBAN,STREET,9,16.0
109348,1,3,110,1,1,50.0,0,I,TOWNS,STREET,9,16.0
109349,2,3,100,1,1,40.0,0,I,MELB_URBAN,ROAD,9,17.0
109350,6,3,174,5,1,50.0,1,N,SMALL_CITIES,ROAD,9,15.0
109351,4,3,99,5,1,60.0,0,N,RURAL_VICTORIA,OTHER,9,12.0
109352,1,1,130,2,9,60.0,0,N,MELB_URBAN,STREET,9,17.0
109353,2,6,100,2,1,60.0,0,I,MELB_URBAN,ROAD,8,11.0
109354,5,1,99,1,3,80.0,0,I,MELB_URBAN,ROAD,8,4.0
109355,1,3,120,5,3,60.0,0,N,LARGE_PROVINCIAL_CITIES,AVENUE,9,18.0
109356,1,3,110,1,3,60.0,0,I,SMALL_CITIES,AVENUE,9,21.0
109357,1,3,130,5,1,40.0,0,N,MELB_URBAN,STREET,9,17.0
109358,1,3,132,2,1,60.0,0,I,MELB_URBAN,ROAD,9,15.0
109359,1,3,120,5,5,80.0,0,N,RURAL_VICTORIA,ROAD,9,20.0
109360,1,2,116,2,3,80.0,0,I,RURAL_VICTORIA,ROAD,9,21.0
109361,4,4,181,5,5,100.0,0,N,RURAL_VICTORIA,HIGHWAY,9,0.0
109362,6,2,170,5,5,100.0,0,N,RURAL_VICTORIA,ROAD,9,20.0
109363,4,4,183,5,3,80.0,0,N,RURAL_VICTORIA,ROAD,9,3.0
109364,4,4,173,5,2,70.0,0,N,LARGE_PROVINCIAL_CITIES,ROAD,9,5.0
109365,1,3,111,1,1,60.0,0,I,MELB_URBAN,ROAD,9,15.0
109366,1,4,120,2,1,70.0,0,I,SMALL_CITIES,ROAD,9,6.0
109367,1,4,133,5,2,100.0,0,N,MELB_URBAN,FREEWAY,9,6.0
109368,7,1,99,5,1,60.0,0,O,RURAL_VICTORIA,UNKNOWN,9,10.0
109369,2,4,100,4,1,60.0,0,N,MELB_URBAN,STREET,9,8.0
109370,1,4,99,2,1,60.0,0,N,MELB_URBAN,ROAD,9,8.0
109371,4,4,173,5,1,80.0,0,N,RURAL_VICTORIA,HIGHWAY,9,8.0
109372,1,5,130,4,3,60.0,0,N,SMALL_CITIES,RAMP,9,20.0
109373,4,4,171,5,1,110.0,0,N,RURAL_VICTORIA,FREEWAY,9,8.0
109374,1,4,99,1,1,60.0,0,I,TOWNS,STREET,9,10.0
109375,1,4,99,5,1,60.0,0,N,MELB_URBAN,PARADE,9,9.0
109376,1,4,121,1,1,60.0,0,I,MELB_URBAN,STREET,9,10.0
109377,1,3,130,5,1,50.0,0,N,MELB_URBAN,STREET,9,9.0
109378,6,1,99,5,1,60.0,0,N,RURAL_VICTORIA,ROAD,9,13.0
109379,1,3,110,1,9,50.0,0,I,MELB_URBAN,STREET,9,17.0
109380,1,4,113,2,1,60.0,0,I,LARGE_PROVINCIAL_CITIES,ROAD,9,12.0
109381,1,5,99,1,9,50.0,0,I,SMALL_TOWNS,AVENUE,9,18.0
109382,1,3,99,5,1,50.0,0,N,MELB_URBAN,OTHER,9,11.0
109383,1,4,130,5,1,110.0,0,N,RURAL_VICTORIA,FREEWAY,9,7.0
109384,1,4,130,2,2,60.0,0,I,MELB_URBAN,ROAD,9,6.0
109385,1,3,163,5,1,60.0,0,N,MELB_URBAN,ROAD,9,16.0
109386,1,5,130,5,1,60.0,0,N,MELB_URBAN,ROAD,9,14.0
109387,1,3,99,5,1,60.0,0,N,SMALL_TOWNS,OTHER,9,11.0
109388,1,4,120,5,5,100.0,1,N,RURAL_VICTORIA,HIGHWAY,9,5.0
109389,1,3,163,2,1,60.0,0,I,MELB_URBAN,HIGHWAY,9,8.0
109390,2,4,102,5,1,50.0,0,N,MELB_URBAN,ROAD,9,13.0
109391,1,4,135,5,1,80.0,0,N,MELB_URBAN,RAMP,9,12.0
109392,2,3,102,2,9,50.0,0,N,MELB_URBAN,STREET,9,10.0
109393,1,7,130,4,2,80.0,0,N,MELB_URBAN,ROAD,9,17.0
109394,1,4,110,1,1,60.0,0,N,MELB_URBAN,ROAD,9,14.0
109395,2,4,100,2,1,60.0,0,I,MELB_URBAN,ROAD,9,15.0
109396,1,4,130,1,1,60.0,0,I,MELB_URBAN,ROAD,9,13.0
109397,5,4,99,5,1,60.0,0,N,RURAL_VICTORIA,ROAD,9,11.0
109398,4,3,171,1,1,80.0,0,I,MELB_URBAN,STREET,9,15.0
109399,1,4,116,1,1,60.0,0,I,MELB_URBAN,ROAD,9,7.0
109400,1,7,121,2,1,60.0,0,I,MELB_URBAN,ROAD,9,16.0
109401,2,4,99,5,1,60.0,0,N,MELB_URBAN,STREET,9,16.0
109402,1,1,130,5,9,70.0,0,N,MELB_URBAN,ROAD,7,7.0
109403,2,4,100,2,3,30.0,0,I,MELB_URBAN,AVENUE,9,18.0
109404,2,4,100,1,1,60.0,0,N,LARGE_PROVINCIAL_CITIES,STREET,9,16.0
109405,1,4,160,5,1,60.0,0,N,MELB_URBAN,ROAD,9,15.0
109406,8,4,174,5,1,100.0,0,N,MELB_URBAN,FREEWAY,9,17.0
109407,1,7,135,5,1,60.0,0,N,MELB_URBAN,ROAD,9,13.0
109408,4,4,171,5,1,60.0,0,N,LARGE_PROVINCIAL_CITIES,STREET,9,16.0
109409,1,4,121,1,1,60.0,0,I,MELB_URBAN,STREET,9,20.0
109410,1,4,121,1,3,60.0,0,I,RURAL_VICTORIA,OTHER,9,20.0
109411,1,4,133,5,5,100.0,0,N,MELB_URBAN,FREEWAY,9,19.0
109412,1,4,110,1,1,50.0,0,I,MELB_URBAN,STREET,9,13.0
109413,1,1,111,1,3,80.0,0,I,MELB_URBAN,HIGHWAY,8,2.0
109414,1,7,132,2,1,40.0,0,I,MELB_URBAN,ROAD,9,10.0
109415,1,4,147,5,1,60.0,0,N,MELB_URBAN,STREET,9,17.0
109416,1,4,121,1,1,40.0,0,I,MELB_URBAN,ROAD,9,15.0
109417,1,4,99,2,1,60.0,0,I,MELB_URBAN,ROAD,9,15.0
109418,4,3,181,4,2,80.0,0,N,RURAL_VICTORIA,ROAD,9,5.0
109419,1,4,110,4,1,60.0,0,I,SMALL_CITIES,OTHER,9,17.0
109420,4,4,171,2,1,60.0,0,I,TOWNS,ROAD,9,11.0
109421,1,5,110,1,1,100.0,0,I,RURAL_VICTORIA,ROAD,9,8.0
109422,4,1,181,5,5,100.0,0,N,RURAL_VICTORIA,ROAD,9,20.0
109423,4,3,171,5,5,100.0,0,N,RURAL_VICTORIA,ROAD,9,19.0
109424,2,5,100,1,1,60.0,0,N,MELB_URBAN,ROAD,9,9.0
109425,4,7,173,5,1,80.0,0,N,RURAL_VICTORIA,RAMP,9,7.0
109426,1,1,130,5,9,60.0,0,N,MELB_URBAN,HIGHWAY,11,23.0
109427,4,3,173,5,5,80.0,0,N,RURAL_VICTORIA,ROAD,9,0.0
109428,1,4,130,5,3,50.0,0,N,LARGE_PROVINCIAL_CITIES,STREET,9,20.0
109429,1,4,130,5,1,40.0,0,N,MELB_URBAN,STREET,9,9.0
109430,2,5,99,5,1,40.0,0,N,MELB_URBAN,STREET,9,10.0
109431,1,5,130,5,1,70.0,0,N,MELB_URBAN,ROAD,9,13.0
109432,4,3,173,5,5,80.0,0,N,RURAL_VICTORIA,ROAD,8,0.0
109433,1,4,130,5,1,60.0,0,N,MELB_URBAN,ROAD,8,14.0
109434,1,3,110,1,1,60.0,0,I,SMALL_CITIES,STREET,9,14.0
109435,6,4,99,5,1,60.0,0,N,MELB_URBAN,STREET,9,16.0
109436,1,5,110,1,1,60.0,0,I,MELB_URBAN,AVENUE,9,12.0
109437,1,6,160,5,1,40.0,0,N,MELB_URBAN,STREET,9,7.0
109438,4,5,171,5,1,50.0,0,N,MELB_URBAN,AVENUE,9,12.0
109439,1,5,173,5,1,50.0,0,N,LARGE_PROVINCIAL_CITIES,STREET,9,14.0
109440,1,5,130,2,1,70.0,0,I,LARGE_PROVINCIAL_CITIES,ROAD,9,14.0
109441,1,4,130,1,1,60.0,0,N,SMALL_CITIES,HIGHWAY,9,15.0
109442,1,6,133,1,1,50.0,0,N,MELB_URBAN,STREET,9,12.0
109443,1,4,113,1,1,50.0,0,I,MELB_URBAN,ROAD,9,15.0
109444,1,5,111,2,1,60.0,0,I,MELB_URBAN,ROAD,9,15.0
109445,1,5,160,5,1,50.0,0,N,MELB_URBAN,AVENUE,9,15.0
109446,4,5,171,2,2,60.0,0,I,LARGE_PROVINCIAL_CITIES,ROAD,9,17.0
109447,4,5,183,5,1,50.0,0,N,MELB_URBAN,AVENUE,9,16.0
109448,4,1,171,5,2,110.0,0,N,RURAL_VICTORIA,FREEWAY,9,17.0
109449,2,6,102,2,1,60.0,0,I,LARGE_PROVINCIAL_CITIES,STREET,9,11.0
109450,2,4,100,5,1,60.0,0,N,MELB_URBAN,ROAD,9,16.0
109451,4,5,173,5,1,70.0,1,N,MELB_URBAN,ROAD,9,10.0
109452,1,5,120,5,5,100.0,0,N,RURAL_VICTORIA,ROAD,9,19.0
109453,1,5,130,5,1,80.0,0,N,MELB_URBAN,ROAD,9,16.0
109454,1,5,110,1,3,60.0,0,I,MELB_URBAN,ROAD,9,20.0
109455,1,4,140,2,3,60.0,0,N,MELB_URBAN,ROAD,9,21.0
109456,1,4,133,5,5,100.0,0,N,MELB_URBAN,RAMP,9,19.0
109457,4,5,173,5,3,50.0,0,N,MELB_URBAN,ROAD,9,22.0
109458,1,5,140,5,3,40.0,0,N,MELB_URBAN,STREET,9,23.0
109459,1,5,130,5,3,80.0,0,N,MELB_URBAN,HIGHWAY,9,22.0
109460,4,6,181,5,5,60.0,0,N,MELB_URBAN,ROAD,9,1.0
109461,3,6,167,5,5,110.0,0,N,RURAL_VICTORIA,FREEWAY,9,5.0
109462,4,2,173,1,5,110.0,0,I,RURAL_VICTORIA,HIGHWAY,7,17.0
109463,6,7,174,5,9,80.0,0,N,RURAL_VICTORIA,UNKNOWN,8,11.0
109464,1,7,147,5,1,60.0,0,N,MELB_URBAN,ROAD,9,9.0
109465,1,3,130,5,1,50.0,0,N,LARGE_PROVINCIAL_CITIES,STREET,9,9.0
109466,1,6,130,1,1,80.0,0,N,MELB_URBAN,HIGHWAY,9,8.0
109467,1,7,132,4,1,60.0,0,I,MELB_URBAN,STREET,3,11.0
109468,4,5,173,1,1,110.0,0,I,RURAL_VICTORIA,HIGHWAY,9,9.0
109469,1,6,132,2,1,60.0,0,I,MELB_URBAN,ROAD,9,9.0
109470,1,6,110,1,1,60.0,0,I,MELB_URBAN,STREET,9,6.0
109471,3,5,167,5,9,80.0,0,N,RURAL_VICTORIA,ROAD,7,11.0
109472,1,2,130,2,1,60.0,0,N,MELB_URBAN,ROAD,8,8.0
109473,1,6,121,2,1,60.0,0,I,MELB_URBAN,HIGHWAY,9,10.0
109474,6,5,174,5,1,60.0,0,N,RURAL_VICTORIA,ROAD,9,15.0
109475,4,6,171,5,1,80.0,0,N,RURAL_VICTORIA,ROAD,9,10.0
109476,1,4,121,2,6,80.0,0,I,RURAL_VICTORIA,ROAD,9,21.0
109477,2,5,102,5,1,50.0,0,N,SMALL_CITIES,STREET,9,12.0
109478,1,3,163,5,1,40.0,0,N,MELB_URBAN,STREET,9,10.0
109479,1,5,121,1,1,70.0,0,I,RURAL_VICTORIA,ROAD,9,15.0
109480,4,6,183,5,1,100.0,0,N,RURAL_VICTORIA,ROAD,9,11.0
109481,1,7,130,1,1,60.0,0,I,MELB_URBAN,ROAD,9,11.0
109482,1,2,130,5,1,60.0,0,N,MELB_URBAN,ROAD,9,11.0
109483,1,6,110,1,1,80.0,0,I,MELB_URBAN,ROAD,9,11.0
109484,5,2,99,5,2,80.0,0,N,RURAL_VICTORIA,ROAD,9,6.0
109485,1,4,99,1,2,60.0,0,I,MELB_URBAN,ROAD,9,17.0
109486,8,3,170,2,6,60.0,0,I,MELB_URBAN,STREET,9,19.0
109487,1,6,130,5,1,70.0,0,N,MELB_URBAN,HIGHWAY,9,12.0
109488,2,4,99,5,1,40.0,0,N,MELB_URBAN,PARADE,9,6.0
109489,8,5,99,5,1,50.0,0,N,MELB_URBAN,PARADE,9,8.0
109490,1,6,132,2,1,60.0,0,I,SMALL_CITIES,ROAD,9,14.0
109491,1,4,121,1,3,80.0,0,I,MELB_URBAN,HIGHWAY,9,21.0
109492,1,6,130,5,1,60.0,0,N,MELB_URBAN,ROAD,9,15.0
109493,8,1,174,5,1,60.0,0,N,RURAL_VICTORIA,ROAD,9,9.0
109494,1,5,120,5,1,50.0,0,N,MELB_URBAN,STREET,9,17.0
109495,1,5,99,2,1,60.0,0,N,MELB_URBAN,STREET,9,8.0
109496,1,6,120,2,1,60.0,0,I,MELB_URBAN,ROAD,9,15.0
109497,4,6,181,5,1,100.0,0,N,RURAL_VICTORIA,ROAD,9,14.0
109498,4,6,173,5,1,80.0,0,N,RURAL_VICTORIA,ROAD,9,17.0
109499,1,5,99,2,2,50.0,0,N,SMALL_CITIES,STREET,9,18.0
109500,1,5,160,5,1,50.0,0,N,MELB_URBAN,STREET,9,14.0
109501,1,6,132,2,3,60.0,0,I,MELB_URBAN,ROAD,9,19.0
109502,1,6,110,1,5,60.0,0,I,RURAL_VICTORIA,AVENUE,9,21.0
109503,1,3,120,5,1,100.0,0,N,RURAL_VICTORIA,ROAD,9,16.0
109504,4,6,173,5,1,60.0,0,N,MELB_URBAN,PARADE,9,6.0
109505,2,6,100,5,3,60.0,0,N,MELB_URBAN,ROAD,9,23.0
109506,4,7,171,2,3,80.0,0,I,RURAL_VICTORIA,STREET,9,2.0
109507,4,7,173,5,3,60.0,0,N,MELB_URBAN,ROAD,9,4.0
109508,4,6,181,5,5,100.0,0,N,RURAL_VICTORIA,ROAD,9,1.0
109509,1,6,132,5,1,60.0,0,N,MELB_URBAN,ROAD,9,8.0
109510,1,4,140,5,1,100.0,0,N,TOWNS,ROAD,8,8.0
109511,1,4,111,3,9,50.0,0,I,MELB_URBAN,PARADE,3,15.0
109512,4,5,171,1,1,80.0,0,I,RURAL_VICTORIA,ROAD,9,7.0
109513,1,7,140,5,1,40.0,0,N,MELB_URBAN,ROAD,9,15.0
109514,2,6,100,5,1,60.0,0,N,MELB_URBAN,ROAD,9,9.0
109515,1,6,130,4,9,80.0,0,N,MELB_URBAN,ROAD,9,10.0
109516,1,0,121,2,1,60.0,0,I,MELB_URBAN,DRIVE,9,11.0
109517,1,6,130,5,1,70.0,0,N,LARGE_PROVINCIAL_CITIES,HIGHWAY,9,11.0
109518,1,7,99,2,2,40.0,0,I,SMALL_CITIES,PARADE,4,16.0
109519,1,6,99,5,1,50.0,0,N,MELB_URBAN,ROAD,9,13.0
109520,1,7,130,5,1,60.0,0,N,MELB_URBAN,ROAD,9,9.0
109521,1,7,132,1,1,60.0,0,I,MELB_URBAN,ROAD,9,6.0
109522,1,2,130,5,1,60.0,0,N,RURAL_VICTORIA,ROAD,9,8.0
109523,1,7,121,1,1,70.0,0,I,MELB_URBAN,ROAD,9,12.0
109524,1,7,99,2,1,80.0,0,N,RURAL_VICTORIA,ROAD,9,13.0
109525,1,6,130,5,1,110.0,0,N,MELB_URBAN,ROAD,9,16.0
109526,6,7,174,5,1,100.0,0,N,RURAL_VICTORIA,ROAD,9,11.0
109527,1,2,130,5,1,100.0,0,N,MELB_URBAN,RAMP,9,15.0
109528,1,6,130,1,1,80.0,0,I,MELB_URBAN,ROAD,9,13.0
109529,1,6,130,5,1,70.0,0,N,MELB_URBAN,STREET,9,17.0
109530,1,7,99,3,2,60.0,0,N,MELB_URBAN,STREET,9,17.0
109531,4,7,173,5,2,60.0,0,N,MELB_URBAN,ROAD,9,18.0
109532,1,4,130,5,9,60.0,0,N,MELB_URBAN,OTHER,9,16.0
109533,1,7,113,1,3,60.0,0,I,RURAL_VICTORIA,HIGHWAY,9,18.0
109534,8,4,174,1,3,40.0,0,I,MELB_URBAN,AVENUE,6,20.0
109535,1,7,121,1,3,60.0,0,I,MELB_URBAN,STREET,9,18.0
109536,1,6,99,2,3,60.0,0,N,MELB_URBAN,ROAD,9,17.0
109537,1,4,130,5,1,70.0,0,N,MELB_URBAN,ROAD,6,10.0
109538,2,7,99,5,3,50.0,0,N,LARGE_PROVINCIAL_CITIES,STREET,9,21.0
109539,4,7,171,2,3,80.0,0,I,MELB_URBAN,HIGHWAY,9,20.0
109540,4,7,171,2,3,80.0,0,N,MELB_URBAN,ROAD,9,23.0
109541,4,7,183,5,5,100.0,1,N,RURAL_VICTORIA,ROAD,9,21.0
109542,1,7,113,2,3,80.0,0,I,MELB_URBAN,ROAD,9,23.0
109543,4,1,173,2,3,60.0,0,N,MELB_URBAN,ROAD,9,2.0
109544,1,1,120,5,3,40.0,0,N,MELB_URBAN,ROAD,9,4.0
109545,6,1,99,5,5,100.0,0,N,RURAL_VICTORIA,OTHER,9,1.0
109546,4,1,171,2,3,40.0,0,N,MELB_URBAN,STREET,9,3.0
109547,1,6,111,1,1,60.0,0,I,LARGE_PROVINCIAL_CITIES,STREET,9,13.0
109548,6,7,99,1,1,80.0,0,N,RURAL_VICTORIA,ROAD,8,17.0
109549,1,3,130,4,1,80.0,0,N,MELB_URBAN,FREEWAY,9,8.0
109550,4,3,173,5,1,100.0,0,N,RURAL_VICTORIA,ROAD,3,12.0
109551,5,7,173,1,1,40.0,0,I,MELBOURNE_CBD,OTHER,9,14.0
109552,1,0,110,1,1,50.0,0,I,TOWNS,ROAD,9,8.0
109553,1,4,130,5,1,60.0,0,N,MELB_URBAN,ROAD,9,8.0
109554,1,1,130,2,1,80.0,0,I,MELB_URBAN,ROAD,9,12.0
109555,2,1,100,2,1,50.0,0,N,MELB_URBAN,OTHER,9,12.0
109556,6,1,170,2,1,80.0,0,N,RURAL_VICTORIA,ROAD,9,12.0
109557,4,1,99,2,1,100.0,0,N,RURAL_VICTORIA,ROAD,9,10.0
109558,1,0,130,2,1,100.0,0,N,RURAL_VICTORIA,ROAD,9,11.0
109559,1,1,130,4,1,80.0,0,N,MELB_URBAN,RAMP,9,13.0
109560,1,7,130,5,5,100.0,0,N,RURAL_VICTORIA,HIGHWAY,9,20.0
109561,1,1,110,1,1,50.0,0,I,SMALL_CITIES,STREET,9,14.0
109562,4,1,171,5,1,50.0,0,N,MELB_URBAN,AVENUE,9,11.0
109563,1,0,147,5,1,60.0,0,N,SMALL_CITIES,STREET,9,13.0
109564,1,6,110,1,3,60.0,0,N,SMALL_CITIES,AVENUE,9,19.0
109565,1,1,99,5,1,40.0,0,N,MELB_URBAN,DRIVE,9,10.0
109566,1,1,130,5,1,50.0,0,N,MELB_URBAN,STREET,9,12.0
109567,4,1,171,5,1,30.0,0,N,LARGE_PROVINCIAL_CITIES,STREET,9,11.0
109568,4,1,173,5,1,100.0,1,N,RURAL_VICTORIA,ROAD,9,12.0
109569,4,1,181,2,1,50.0,0,I,MELB_URBAN,DRIVE,9,16.0
109570,1,3,130,5,3,80.0,0,N,MELB_URBAN,HIGHWAY,7,21.0
109571,6,1,99,5,1,60.0,0,N,RURAL_VICTORIA,ROAD,9,13.0
109572,4,1,171,5,1,80.0,0,N,RURAL_VICTORIA,ROAD,9,16.0
109573,1,0,135,5,1,60.0,0,N,MELB_URBAN,STREET,9,12.0
109574,1,0,130,2,9,60.0,0,I,MELB_URBAN,STREET,9,20.0
109575,1,1,121,1,3,60.0,0,I,MELB_URBAN,ROAD,9,20.0
109576,1,1,113,2,1,100.0,0,N,RURAL_VICTORIA,HIGHWAY,9,15.0
109577,4,1,99,5,1,60.0,0,N,MELB_URBAN,ROAD,9,13.0
109578,1,1,160,5,3,50.0,0,N,SMALL_CITIES,STREET,9,19.0
109579,1,0,160,5,3,60.0,0,I,MELB_URBAN,ROAD,9,23.0
109580,4,2,173,2,3,60.0,0,N,MELB_URBAN,ROAD,9,1.0
109581,1,0,130,5,1,60.0,0,N,MELB_URBAN,HIGHWAY,8,10.0
109582,1,2,121,1,1,80.0,0,I,MELB_URBAN,RAMP,9,7.0
109583,1,2,130,5,1,60.0,0,N,RURAL_VICTORIA,ROAD,9,8.0
109584,8,2,99,5,1,100.0,0,N,SMALL_CITIES,UNKNOWN,9,9.0
109585,1,3,110,1,1,60.0,0,I,MELB_URBAN,ROAD,8,17.0
109586,1,2,110,1,1,50.0,0,I,TOWNS,STREET,9,10.0
109587,1,6,113,2,1,80.0,0,I,RURAL_VICTORIA,HIGHWAY,9,16.0
109588,6,7,99,5,5,100.0,0,N,RURAL_VICTORIA,ROAD,9,19.0
109589,1,2,113,2,1,80.0,0,I,MELB_URBAN,ROAD,9,9.0
109590,2,1,99,5,1,40.0,0,N,MELB_URBAN,STREET,9,11.0
109591,1,2,111,1,1,60.0,0,N,MELB_URBAN,ROAD,9,10.0
109592,1,1,121,2,2,70.0,0,I,RURAL_VICTORIA,ROAD,9,6.0
109593,1,7,130,1,9,60.0,0,N,MELB_URBAN,ROAD,11,14.0
109594,7,0,99,5,1,60.0,0,N,MELB_URBAN,ROAD,9,13.0
109595,1,7,130,5,6,60.0,0,N,SMALL_CITIES,ROAD,6,18.0
109596,2,2,100,2,1,60.0,0,N,SMALL_CITIES,OTHER,9,12.0
109597,2,2,102,1,1,50.0,0,N,MELB_URBAN,STREET,9,8.0
109598,2,2,100,1,1,60.0,0,I,MELB_URBAN,STREET,9,9.0
109599,8,1,174,5,1,80.0,0,N,SMALL_CITIES,ROAD,9,14.0
109600,2,6,102,2,1,60.0,0,I,MELB_URBAN,ROAD,9,11.0
109601,1,1,130,5,2,40.0,0,N,RURAL_VICTORIA,FREEWAY,9,5.0
109602,1,2,130,5,1,60.0,0,N,MELB_URBAN,STREET,9,15.0
109603,1,2,140,5,1,60.0,0,N,MELB_URBAN,ROAD,9,14.0
109604,1,2,113,2,1,60.0,0,I,MELB_URBAN,ROAD,9,15.0
109605,4,2,173,5,1,50.0,0,N,MELB_URBAN,PARADE,9,13.0
109606,8,1,99,5,1,60.0,0,N,RURAL_VICTORIA,ROAD,9,12.0
109607,1,5,99,1,1,40.0,0,I,MELBOURNE_CBD,STREET,9,9.0