,accident_type,day_of_week,dca_code,road_geometry,light_condition,speed_zone,severity,node_type,deg_urban_name,road_type,month,hour
109608,1,1,130,5,1,60.0,0,N,MELB_URBAN,ROAD,9,16.0
109609,4,2,171,1,1,50.0,0,I,LARGE_PROVINCIAL_CITIES,STREET,9,17.0
109610,1,2,130,5,2,100.0,0,N,MELB_URBAN,FREEWAY,9,17.0
109611,4,2,99,5,1,60.0,0,N,MELB_URBAN,ROAD,9,17.0
109612,1,1,121,2,1,60.0,0,N,LARGE_PROVINCIAL_CITIES,ROAD,9,15.0
109613,4,2,181,5,1,50.0,0,N,LARGE_PROVINCIAL_CITIES,DRIVE,9,17.0
109614,1,2,113,2,3,70.0,0,N,MELB_URBAN,AVENUE,9,18.0
109615,1,5,110,1,1,60.0,0,I,MELB_URBAN,ROAD,9,10.0
109616,1,2,140,5,3,60.0,0,N,MELB_URBAN,ROAD,9,19.0
109617,1,2,111,1,3,40.0,0,I,MELB_URBAN,STREET,9,21.0
109618,1,4,121,4,1,60.0,0,N,SMALL_CITIES,ROAD,9,7.0
109619,1,4,110,1,1,80.0,0,I,MELB_URBAN,STREET,7,9.0
109620,7,2,99,5,1,60.0,0,N,TOWNS,ROAD,9,7.0
109621,1,3,116,2,1,80.0,0,I,RURAL_VICTORIA,HIGHWAY,9,8.0
109622,1,2,121,2,1,70.0,0,I,MELB_URBAN,ROAD,9,13.0
109623,1,3,99,2,1,60.0,0,N,MELB_URBAN,ROAD,9,10.0
109624,1,1,130,1,1,60.0,0,I,MELB_URBAN,ROAD,9,13.0
109625,8,3,184,2,1,50.0,0,I,MELB_URBAN,OTHER,9,15.0
109626,2,2,99,5,1,40.0,0,N,MELB_URBAN,STREET,9,13.0
109627,1,3,99,5,1,40.0,0,N,MELB_URBAN,ROAD,9,8.0
109628,8,3,99,5,1,100.0,0,N,RURAL_VICTORIA,OTHER,9,9.0
109629,1,2,130,1,1,60.0,0,I,MELB_URBAN,HIGHWAY,9,13.0
109630,1,3,121,2,1,60.0,0,I,MELB_URBAN,PARADE,9,16.0
109631,1,3,99,5,1,40.0,0,N,MELB_URBAN,STREET,9,14.0
109632,1,2,130,5,1,60.0,0,N,MELB_URBAN,ROAD,9,8.0
109633,1,5,121,2,1,60.0,0,I,RURAL_VICTORIA,ROAD,9,9.0
109634,1,2,130,1,1,50.0,0,I,MELB_URBAN,STREET,9,16.0
109635,1,3,120,9,1,60.0,0,N,MELB_URBAN,ROAD,9,8.0
109636,1,3,99,5,3,60.0,0,N,MELB_URBAN,STREET,9,18.0
109637,1,2,160,5,3,60.0,0,N,TOWNS,ROAD,9,19.0
109638,1,3,140,2,3,60.0,0,I,MELB_URBAN,OTHER,9,19.0
109639,1,3,113,1,1,60.0,0,I,MELB_URBAN,STREET,9,17.0
109640,1,3,99,5,1,50.0,0,N,MELB_URBAN,OTHER,9,16.0
109641,1,2,111,2,1,40.0,0,I,MELB_URBAN,STREET,9,17.0
109642,4,3,171,5,5,60.0,0,N,RURAL_VICTORIA,ROAD,7,1.0
109643,2,3,100,4,3,50.0,0,I,MELB_URBAN,STREET,9,19.0
109644,1,3,130,5,3,40.0,0,N,MELB_URBAN,DRIVE,9,22.0
109645,1,7,130,2,3,40.0,0,N,MELB_URBAN,STREET,9,18.0
109646,4,0,171,5,1,80.0,0,N,RURAL_VICTORIA,ROAD,9,16.0
109647,1,4,121,1,9,70.0,0,I,LARGE_PROVINCIAL_CITIES,HIGHWAY,9,21.0
109648,1,4,99,2,1,60.0,0,I,MELB_URBAN,PARADE,9,8.0
109649,1,3,130,5,1,60.0,0,N,MELB_URBAN,ROAD,9,8.0
109650,1,2,132,2,1,80.0,0,N,MELB_URBAN,OTHER,8,14.0
109651,1,3,121,5,1,60.0,0,N,MELB_URBAN,ROAD,9,8.0
109652,1,4,132,1,1,60.0,0,I,LARGE_PROVINCIAL_CITIES,ROAD,9,6.0
109653,1,4,99,2,1,60.0,0,N,MELB_URBAN,STREET,9,9.0
109654,1,4,130,5,1,60.0,0,N,MELB_URBAN,ROAD,9,10.0
109655,1,3,130,5,1,80.0,0,N,MELB_URBAN,RAMP,9,9.0
109656,1,4,113,2,1,40.0,0,I,MELB_URBAN,ROAD,8,15.0
109657,4,4,99,2,1,60.0,0,I,MELB_URBAN,ROAD,9,10.0
109658,1,4,110,1,1,70.0,0,I,MELB_URBAN,DRIVE,9,12.0
109659,1,4,130,1,1,80.0,0,I,MELB_URBAN,ROAD,9,6.0
109660,1,4,130,2,1,60.0,0,I,SMALL_CITIES,ROAD,9,8.0
109661,1,2,130,5,1,60.0,0,N,MELB_URBAN,STREET,8,10.0
109662,8,1,99,5,1,60.0,0,N,SMALL_TOWNS,ROAD,3,16.0
109663,4,2,171,5,2,100.0,0,N,RURAL_VICTORIA,ROAD,6,6.0
109664,1,6,121,1,1,60.0,0,I,MELB_URBAN,ROAD,9,15.0
109665,1,4,130,5,1,70.0,0,N,MELB_URBAN,ROAD,9,13.0
109666,1,3,120,5,1,50.0,0,N,LARGE_PROVINCIAL_CITIES,OTHER,9,12.0
109667,1,7,99,2,1,60.0,0,N,MELB_URBAN,ROAD,7,15.0
109668,1,4,132,5,1,60.0,0,N,MELB_URBAN,HIGHWAY,9,12.0
109669,4,4,171,5,1,100.0,0,I,RURAL_VICTORIA,ROAD,9,13.0
109670,1,6,121,4,3,60.0,0,I,MELB_URBAN,RAMP,9,22.0
109671,1,3,130,5,1,50.0,0,N,SMALL_CITIES,STREET,9,15.0
109672,1,5,130,2,1,60.0,0,N,MELB_URBAN,ROAD,7,13.0
109673,1,4,130,5,1,60.0,0,N,MELB_URBAN,STREET,9,12.0
109674,1,4,110,1,1,80.0,0,I,RURAL_VICTORIA,ROAD,9,13.0
109675,1,4,134,5,3,60.0,0,N,MELB_URBAN,ROAD,9,18.0
109676,1,3,130,5,1,100.0,0,N,MELB_URBAN,FREEWAY,9,5.0
109677,1,4,121,2,1,60.0,0,I,MELB_URBAN,ROAD,9,17.0
109678,1,3,121,1,3,70.0,0,I,MELB_URBAN,ROAD,9,19.0
109679,2,4,100,5,1,40.0,0,N,MELB_URBAN,STREET,9,17.0
109680,5,1,99,5,1,60.0,0,N,LARGE_PROVINCIAL_CITIES,BOULEVARD,9,7.0
109681,4,4,99,5,6,100.0,0,N,MELB_URBAN,FREEWAY,9,5.0
109682,4,4,171,5,5,100.0,0,N,RURAL_VICTORIA,HIGHWAY,9,20.0
109683,2,4,100,2,2,60.0,0,N,MELB_URBAN,ROAD,9,17.0
109684,1,3,111,1,3,60.0,0,N,MELB_URBAN,STREET,9,22.0
109685,1,5,130,5,3,50.0,0,N,LARGE_PROVINCIAL_CITIES,STREET,9,1.0
109686,8,5,174,2,2,70.0,0,I,MELB_URBAN,ROAD,9,6.0
109687,1,3,132,5,3,80.0,0,N,MELB_URBAN,ROAD,9,20.0
109688,1,2,99,4,1,60.0,0,N,RURAL_VICTORIA,BOULEVARD,9,15.0
109689,1,5,130,5,1,60.0,0,N,MELB_URBAN,ROAD,9,7.0
109690,4,4,171,5,1,60.0,0,N,TOWNS,AVENUE,9,14.0
109691,1,1,121,2,1,80.0,0,I,RURAL_VICTORIA,ROAD,9,10.0
109692,1,1,130,5,1,70.0,0,N,MELB_URBAN,ROAD,9,15.0
109693,4,3,181,5,1,60.0,0,N,RURAL_VICTORIA,ROAD,2,17.0
109694,1,4,110,1,1,40.0,0,I,TOWNS,ROAD,9,8.0
109695,4,4,171,5,5,110.0,0,N,RURAL_VICTORIA,FREEWAY,8,20.0
109696,1,4,99,5,1,50.0,0,N,MELB_URBAN,AVENUE,9,15.0
109697,1,5,130,2,1,60.0,0,I,MELB_URBAN,ROAD,9,7.0
109698,1,3,130,1,3,60.0,0,N,MELB_URBAN,DRIVE,9,20.0
109699,1,2,110,1,1,50.0,0,N,MELB_URBAN,STREET,9,17.0
109700,1,2,130,5,2,60.0,0,N,MELB_URBAN,STREET,9,19.0
109701,1,5,130,2,1,70.0,0,N,MELB_URBAN,ROAD,9,8.0
109702,1,0,111,2,1,70.0,0,N,MELB_URBAN,ROAD,9,8.0
109703,1,5,110,1,1,100.0,0,N,RURAL_VICTORIA,ROAD,9,8.0
109704,1,5,99,1,1,50.0,0,I,MELB_URBAN,AVENUE,9,13.0
109705,1,3,130,1,9,60.0,0,I,MELB_URBAN,ROAD,9,14.0
109706,3,1,167,5,5,100.0,0,N,RURAL_VICTORIA,HIGHWAY,8,2.0
109707,1,4,130,1,1,60.0,0,I,MELB_URBAN,ROAD,9,13.0
109708,1,5,110,1,1,50.0,0,I,MELB_URBAN,STREET,9,11.0
109709,1,5,130,5,1,50.0,0,N,MELB_URBAN,STREET,9,13.0
109710,1,5,99,5,1,40.0,0,N,MELB_URBAN,STREET,9,14.0
109711,1,5,140,5,1,50.0,0,I,MELB_URBAN,STREET,9,14.0
109712,1,5,130,5,1,50.0,0,N,MELB_URBAN,FREEWAY,8,10.0
109713,1,4,110,1,1,100.0,0,I,RURAL_VICTORIA,ROAD,9,11.0
109714,1,5,110,1,1,60.0,0,I,RURAL_VICTORIA,ROAD,9,14.0
109715,8,5,99,1,1,60.0,0,I,SMALL_CITIES,STREET,9,10.0
109716,1,5,99,5,1,60.0,0,N,MELB_URBAN,ROAD,9,12.0
109717,1,5,99,1,1,60.0,0,N,MELB_URBAN,HIGHWAY,9,15.0
109718,1,5,130,1,1,80.0,0,N,MELB_URBAN,ROAD,9,17.0
109719,1,4,121,5,1,50.0,0,N,RURAL_VICTORIA,STREET,9,17.0
109720,2,5,99,5,1,60.0,0,I,MELB_URBAN,STREET,9,9.0
109721,1,6,110,1,9,60.0,0,I,MELB_URBAN,STREET,9,18.0
109722,1,5,99,1,1,60.0,0,I,MELB_URBAN,ROAD,9,15.0
109723,1,4,113,2,1,80.0,0,I,MELB_URBAN,ROAD,9,17.0
109724,1,5,99,1,3,50.0,0,N,LARGE_PROVINCIAL_CITIES,STREET,9,19.0
109725,1,2,121,2,1,60.0,0,I,MELB_URBAN,ROAD,9,14.0
109726,2,5,100,5,9,50.0,0,N,MELB_URBAN,STREET,9,15.0
109727,1,5,113,1,1,60.0,0,I,MELB_URBAN,STREET,9,13.0
109728,4,4,183,5,1,60.0,0,N,RURAL_VICTORIA,AVENUE,9,16.0
109729,1,5,121,5,2,40.0,0,N,MELB_URBAN,DRIVE,9,18.0
109730,3,5,167,5,5,60.0,0,N,RURAL_VICTORIA,ROAD,9,19.0
109731,1,5,134,5,3,60.0,0,N,MELB_URBAN,OTHER,9,20.0
109732,1,5,110,1,3,60.0,0,I,RURAL_VICTORIA,ROAD,9,20.0
109733,4,5,171,5,3,60.0,0,N,MELB_URBAN,ROAD,9,19.0
109734,1,4,121,5,3,60.0,0,N,MELB_URBAN,ROAD,9,20.0
109735,1,5,140,5,1,70.0,0,N,RURAL_VICTORIA,HIGHWAY,9,18.0
109736,1,5,110,1,1,50.0,0,I,MELB_URBAN,STREET,9,6.0
109737,8,5,174,5,2,40.0,0,N,MELBOURNE_CBD,STREET,9,5.0
109738,1,5,99,5,3,60.0,0,N,MELB_URBAN,ROAD,9,23.0
109739,8,5,99,5,3,60.0,0,N,MELB_URBAN,STREET,9,22.0
109740,1,6,160,5,3,50.0,0,N,MELB_URBAN,ROAD,9,0.0
109741,2,5,100,5,3,60.0,0,N,MELB_URBAN,HIGHWAY,9,23.0
109742,1,5,99,5,5,40.0,0,N,MELB_URBAN,STREET,9,1.0
109743,1,4,113,2,1,60.0,0,I,MELB_URBAN,ROAD,9,7.0
109744,1,5,130,2,1,80.0,0,I,MELB_URBAN,HIGHWAY,9,9.0
109745,1,6,132,5,1,70.0,0,N,MELB_URBAN,ROAD,9,7.0
109746,3,2,167,5,5,100.0,0,N,RURAL_VICTORIA,ROAD,9,5.0
109747,1,6,130,5,1,100.0,0,N,RURAL_VICTORIA,HIGHWAY,9,9.0
109748,7,6,99,5,1,100.0,0,N,RURAL_VICTORIA,ROAD,9,10.0
109749,1,5,113,2,1,50.0,0,I,MELB_URBAN,DRIVE,9,12.0
109750,1,5,130,5,1,60.0,0,N,MELB_URBAN,RAMP,9,12.0
109751,1,5,130,5,1,60.0,0,N,MELB_URBAN,ROAD,9,13.0
109752,1,6,121,1,1,60.0,0,I,MELB_URBAN,ROAD,9,13.0
109753,1,3,110,1,1,60.0,0,I,LARGE_PROVINCIAL_CITIES,STREET,9,13.0
109754,6,6,99,5,1,100.0,0,N,RURAL_VICTORIA,ROAD,9,12.0
109755,4,5,99,5,1,50.0,0,N,MELB_URBAN,STREET,9,10.0
109756,8,6,99,5,1,100.0,0,N,RURAL_VICTORIA,ROAD,9,14.0
109757,6,6,170,5,1,100.0,0,N,RURAL_VICTORIA,HIGHWAY,9,12.0
109758,2,6,99,5,1,50.0,0,I,MELB_URBAN,STREET,9,10.0
109759,8,6,99,5,1,60.0,0,N,RURAL_VICTORIA,ROAD,9,11.0
109760,4,5,181,5,1,100.0,0,N,RURAL_VICTORIA,ROAD,9,16.0
109761,1,6,110,1,1,80.0,0,N,MELB_URBAN,ROAD,9,16.0
109762,1,5,130,5,1,80.0,0,N,MELB_URBAN,ROAD,9,15.0
109763,1,3,130,5,1,80.0,0,N,MELB_URBAN,HIGHWAY,9,15.0
109764,1,6,110,1,3,70.0,0,I,RURAL_VICTORIA,ROAD,9,18.0
109765,4,6,171,5,2,60.0,0,N,SMALL_CITIES,STREET,9,17.0
109766,1,6,113,2,3,50.0,0,I,MELB_URBAN,OTHER,9,19.0
109767,1,6,121,1,3,50.0,0,I,MELB_URBAN,STREET,9,19.0
109768,1,6,120,2,1,60.0,0,N,MELB_URBAN,ROAD,9,17.0
109769,1,6,120,5,1,80.0,0,N,RURAL_VICTORIA,ROAD,9,16.0
109770,4,6,183,5,5,60.0,0,N,MELB_URBAN,ROAD,9,19.0
109771,2,6,100,1,3,80.0,0,N,MELB_URBAN,HIGHWAY,9,22.0
109772,4,6,99,2,2,50.0,0,I,MELB_URBAN,STREET,9,19.0
109773,1,6,130,1,3,60.0,0,I,SMALL_CITIES,PARADE,9,21.0
109774,1,6,130,5,3,100.0,0,N,MELB_URBAN,ROAD,9,23.0
109775,4,7,181,5,1,60.0,0,N,MELB_URBAN,ROAD,9,6.0
109776,1,7,130,5,1,70.0,0,I,MELB_URBAN,ROAD,5,8.0
109777,1,7,140,9,1,50.0,0,N,SMALL_CITIES,UNKNOWN,9,9.0
109778,1,4,130,5,9,60.0,0,N,MELB_URBAN,ROAD,9,16.0
109779,4,6,173,2,1,60.0,0,I,MELB_URBAN,ROAD,9,9.0
109780,1,6,132,2,1,50.0,0,N,MELB_URBAN,STREET,9,16.0
109781,1,6,110,1,1,60.0,0,I,SMALL_CITIES,STREET,9,9.0
109782,1,3,132,1,2,60.0,0,I,MELB_URBAN,ROAD,9,18.0
109783,1,7,121,1,1,60.0,0,I,MELB_URBAN,STREET,9,11.0
109784,1,7,116,2,1,50.0,0,I,MELB_URBAN,STREET,9,13.0
109785,4,7,181,5,1,100.0,0,N,RURAL_VICTORIA,ROAD,9,11.0
109786,8,7,99,1,1,40.0,0,I,MELB_URBAN,BOULEVARD,9,12.0
109787,1,3,121,2,1,60.0,0,I,MELB_URBAN,OTHER,9,16.0
109788,6,6,184,5,2,60.0,0,N,RURAL_VICTORIA,ROAD,9,18.0
109789,4,7,173,5,1,100.0,0,N,RURAL_VICTORIA,ROAD,9,8.0
109790,1,7,116,2,1,40.0,0,I,MELB_URBAN,STREET,9,10.0
109791,5,7,99,5,1,60.0,0,N,RURAL_VICTORIA,ROAD,9,9.0
109792,1,3,113,1,3,60.0,0,N,MELB_URBAN,ROAD,9,20.0
109793,1,7,99,5,1,80.0,0,N,MELB_URBAN,FREEWAY,9,14.0
109794,1,6,99,5,1,50.0,0,N,TOWNS,DRIVE,9,16.0
109795,4,6,171,4,1,60.0,0,N,MELB_URBAN,ROAD,9,15.0
109796,1,7,99,1,1,60.0,0,I,MELB_URBAN,ROAD,9,17.0
109797,4,7,171,5,3,80.0,0,N,MELB_URBAN,HIGHWAY,9,2.0
109798,1,7,110,1,1,50.0,0,I,MELB_URBAN,STREET,9,15.0
109799,4,7,181,5,1,60.0,0,N,MELB_URBAN,ROAD,9,16.0
109800,1,7,133,5,3,70.0,0,N,LARGE_PROVINCIAL_CITIES,OTHER,9,22.0
109801,4,7,99,2,3,100.0,0,I,RURAL_VICTORIA,ROAD,9,20.0
109802,2,1,102,1,3,40.0,0,I,MELB_URBAN,STREET,9,0.0
109803,4,1,173,5,5,100.0,0,N,RURAL_VICTORIA,ROAD,9,2.0
109804,1,0,130,1,1,60.0,0,N,SMALL_CITIES,UNKNOWN,9,10.0
109805,2,5,99,5,5,50.0,0,I,MELB_URBAN,HIGHWAY,9,20.0
109806,1,3,99,2,1,80.0,0,I,MELB_URBAN,ROAD,9,15.0
109807,4,2,171,1,5,70.0,0,N,RURAL_VICTORIA,ROAD,9,21.0
109808,1,1,99,1,1,70.0,0,I,MELB_URBAN,ROAD,9,13.0
109809,1,1,130,5,1,80.0,0,N,RURAL_VICTORIA,ROAD,9,11.0
109810,4,1,181,5,1,50.0,0,N,LARGE_PROVINCIAL_CITIES,STREET,9,14.0
109811,1,0,120,5,1,60.0,0,N,MELB_URBAN,BOULEVARD,9,11.0
109812,4,1,173,5,1,100.0,0,N,MELB_URBAN,FREEWAY,9,13.0
109813,4,1,173,5,1,80.0,0,N,RURAL_VICTORIA,ROAD,9,14.0
109814,2,6,102,1,3,40.0,0,I,MELB_URBAN,STREET,9,20.0
109815,1,1,147,5,1,50.0,0,N,SMALL_CITIES,OTHER,9,14.0
109816,4,0,171,2,1,60.0,0,I,MELB_URBAN,ROAD,9,15.0
109817,1,1,121,1,3,60.0,0,I,LARGE_PROVINCIAL_CITIES,STREET,9,18.0
109818,4,1,173,1,3,50.0,0,I,SMALL_TOWNS,STREET,9,19.0
109819,1,5,130,2,1,80.0,0,I,MELB_URBAN,ROAD,9,15.0
109820,1,1,130,5,3,40.0,0,N,MELB_URBAN,STREET,9,21.0
109821,4,1,171,5,5,100.0,0,N,MELB_URBAN,FREEWAY,9,19.0
109822,1,0,130,5,2,80.0,0,N,MELB_URBAN,ROAD,9,18.0
109823,1,1,113,1,3,80.0,1,I,MELB_URBAN,ROAD,9,19.0
109824,1,2,130,2,9,60.0,0,N,MELB_URBAN,STREET,5,14.0
109825,1,1,135,5,3,40.0,0,N,MELB_URBAN,STREET,9,22.0
109826,1,2,120,5,5,60.0,0,N,RURAL_VICTORIA,STREET,9,5.0
109827,1,2,110,1,1,50.0,0,I,TOWNS,STREET,9,13.0
109828,1,1,130,5,1,80.0,0,N,MELB_URBAN,RAMP,9,7.0
109829,8,6,99,5,1,80.0,0,N,RURAL_VICTORIA,ROAD,9,12.0
109830,1,2,113,1,1,80.0,0,I,RURAL_VICTORIA,ROAD,9,7.0
109831,1,6,130,4,1,60.0,0,N,RURAL_VICTORIA,ROAD,9,10.0
109832,1,2,130,5,3,60.0,0,N,MELB_URBAN,STREET,7,18.0
109833,1,2,110,1,1,50.0,0,I,SMALL_CITIES,DRIVE,9,12.0
109834,1,2,147,5,1,60.0,0,N,RURAL_VICTORIA,ROAD,9,7.0
109835,1,3,147,5,1,60.0,0,I,MELB_URBAN,STREET,8,17.0
109836,4,1,99,5,1,50.0,0,N,MELB_URBAN,OTHER,9,10.0
109837,7,7,99,2,1,50.0,1,N,MELB_URBAN,OTHER,9,12.0
109838,1,2,130,1,9,60.0,0,I,MELB_URBAN,STREET,7,18.0
109839,6,5,184,5,1,100.0,0,N,RURAL_VICTORIA,ROAD,9,15.0
109840,1,0,121,1,9,60.0,0,I,MELB_URBAN,ROAD,9,9.0
109841,1,1,130,5,1,80.0,0,N,MELB_URBAN,UNKNOWN,9,12.0
109842,1,3,130,1,2,60.0,0,N,LARGE_PROVINCIAL_CITIES,STREET,9,18.0
109843,2,3,100,5,1,50.0,0,N,MELB_URBAN,STREET,9,15.0
109844,1,2,130,5,1,80.0,0,N,MELB_URBAN,HIGHWAY,9,13.0
109845,8,3,99,1,1,60.0,0,N,SMALL_CITIES,STREET,9,17.0
109846,5,1,99,5,1,50.0,0,N,MELB_URBAN,STREET,9,12.0
109847,1,2,110,1,1,50.0,0,I,SMALL_CITIES,STREET,9,15.0
109848,2,2,100,5,1,60.0,0,N,MELB_URBAN,ROAD,9,14.0
109849,6,2,184,5,1,80.0,0,N,RURAL_VICTORIA,ROAD,9,14.0
109850,1,5,130,1,9,60.0,0,I,RURAL_VICTORIA,ROAD,9,17.0
109851,1,1,130,5,1,60.0,0,N,MELB_URBAN,AVENUE,9,13.0
109852,6,0,174,5,1,100.0,0,N,RURAL_VICTORIA,ROAD,9,11.0
109853,1,1,121,1,1,60.0,0,I,MELB_URBAN,STREET,9,12.0
109854,1,2,113,2,1,80.0,0,I,RURAL_VICTORIA,ROAD,9,13.0
109855,1,1,99,2,1,80.0,0,I,MELB_URBAN,ROAD,6,12.0
109856,1,2,130,2,1,60.0,0,I,MELB_URBAN,ROAD,1,15.0
109857,2,3,100,5,1,60.0,0,N,SMALL_TOWNS,DRIVE,8,11.0
109858,1,2,113,1,2,60.0,0,I,MELB_URBAN,ROAD,9,18.0
109859,6,7,99,5,1,60.0,0,N,RURAL_VICTORIA,ROAD,9,14.0
109860,8,4,174,5,1,60.0,0,N,SMALL_CITIES,ROAD,9,15.0
109861,1,2,111,2,1,60.0,0,I,MELB_URBAN,ROAD,9,11.0
109862,1,2,121,2,1,60.0,0,N,LARGE_PROVINCIAL_CITIES,ROAD,9,16.0
109863,1,3,130,4,1,70.0,0,N,LARGE_PROVINCIAL_CITIES,HIGHWAY,9,12.0
109864,1,2,133,5,1,100.0,0,N,RURAL_VICTORIA,ROAD,9,17.0
109865,1,2,121,2,1,60.0,0,N,MELB_URBAN,STREET,9,15.0
109866,2,1,99,5,1,50.0,0,N,RURAL_VICTORIA,OTHER,9,14.0
109867,1,1,110,1,3,50.0,0,I,MELB_URBAN,STREET,9,19.0
109868,1,2,99,5,1,50.0,0,N,MELB_URBAN,STREET,9,16.0
109869,1,2,121,1,2,60.0,0,I,MELB_URBAN,ROAD,9,19.0
109870,2,1,100,2,3,60.0,0,I,SMALL_CITIES,STREET,9,21.0
109871,1,4,121,2,1,80.0,0,N,MELB_URBAN,ROAD,9,17.0
109872,2,3,99,5,5,80.0,0,N,MELB_URBAN,ROAD,10,0.0
109873,1,2,99,2,1,50.0,0,I,SMALL_CITIES,STREET,9,13.0
109874,1,3,135,3,1,100.0,0,I,MELB_URBAN,FREEWAY,10,6.0
109875,1,3,99,1,1,40.0,0,I,MELBOURNE_CBD,STREET,10,7.0
109876,4,3,183,5,1,60.0,0,N,MELB_URBAN,RAMP,10,7.0
109877,2,5,100,2,3,60.0,0,I,LARGE_PROVINCIAL_CITIES,ROAD,9,22.0
109878,4,6,183,5,2,60.0,0,N,RURAL_VICTORIA,ROAD,5,18.0
109879,1,1,160,5,3,60.0,0,N,MELB_URBAN,OTHER,9,20.0
109880,2,2,99,5,1,60.0,0,N,SMALL_CITIES,STREET,10,10.0
109881,1,6,130,5,1,60.0,0,N,TOWNS,HIGHWAY,7,14.0
109882,1,3,99,5,1,70.0,0,N,MELB_URBAN,ROAD,10,11.0
109883,4,7,171,5,1,80.0,0,N,RURAL_VICTORIA,ROAD,8,8.0
109884,1,7,99,1,3,50.0,0,N,LARGE_PROVINCIAL_CITIES,STREET,9,19.0
109885,2,7,99,5,2,100.0,0,N,RURAL_VICTORIA,ROAD,9,18.0
109886,1,3,130,2,1,60.0,0,I,MELB_URBAN,DRIVE,9,14.0
109887,1,3,121,5,1,100.0,0,N,RURAL_VICTORIA,ROAD,10,12.0
109888,1,3,111,1,1,60.0,0,I,RURAL_VICTORIA,ROAD,10,13.0
109889,4,3,171,5,1,100.0,0,N,RURAL_VICTORIA,ROAD,10,15.0
109890,4,4,173,5,9,100.0,0,N,RURAL_VICTORIA,ROAD,9,7.0
109891,1,3,121,2,1,100.0,0,I,TOWNS,HIGHWAY,10,14.0
109892,2,3,99,5,1,40.0,0,N,MELB_URBAN,ROAD,10,11.0
109893,1,1,121,1,3,40.0,0,I,MELBOURNE_CBD,STREET,9,21.0
109894,1,3,130,5,1,60.0,0,N,MELB_URBAN,HIGHWAY,10,15.0
109895,1,7,99,1,9,60.0,0,I,MELB_URBAN,STREET,7,16.0
109896,4,3,171,5,1,60.0,0,N,MELB_URBAN,STREET,10,15.0
109897,2,3,102,1,1,80.0,0,I,MELB_URBAN,ROAD,10,16.0
109898,1,3,120,5,1,70.0,0,N,MELB_URBAN,ROAD,10,15.0
109899,6,7,184,5,1,80.0,0,N,RURAL_VICTORIA,HIGHWAY,9,13.0
109900,1,3,130,5,2,60.0,0,N,MELB_URBAN,ROAD,10,17.0
109901,1,3,99,5,1,80.0,0,N,TOWNS,ROAD,10,16.0
109902,1,2,160,5,3,60.0,0,N,SMALL_CITIES,ROAD,10,19.0
109903,1,3,110,1,2,100.0,0,I,RURAL_VICTORIA,ROAD,10,17.0
109904,1,3,140,5,1,100.0,0,N,RURAL_VICTORIA,ROAD,10,14.0
109905,2,4,102,1,2,50.0,0,N,MELB_URBAN,STREET,9,17.0
109906,1,3,134,5,1,80.0,0,N,MELB_URBAN,UNKNOWN,10,15.0
109907,4,3,173,5,2,80.0,0,N,RURAL_VICTORIA,ROAD,10,18.0
109908,1,3,99,5,3,60.0,0,N,MELB_URBAN,STREET,10,19.0
109909,1,3,113,1,3,70.0,0,N,MELB_URBAN,ROAD,10,21.0
109910,1,1,130,4,6,100.0,0,I,MELB_URBAN,ROAD,9,4.0
109911,4,3,181,5,5,100.0,1,N,RURAL_VICTORIA,HIGHWAY,10,19.0
109912,1,3,160,5,3,50.0,0,N,MELB_URBAN,ROAD,10,23.0
109913,5,4,99,4,1,110.0,0,I,MELB_URBAN,ROAD,9,11.0
109914,1,4,99,1,1,80.0,0,N,MELB_URBAN,ROAD,10,6.0
109915,6,5,174,5,1,60.0,0,N,MELB_URBAN,ROAD,8,12.0
109916,1,2,110,1,1,60.0,0,I,SMALL_CITIES,STREET,10,13.0
109917,1,2,130,1,3,60.0,0,I,LARGE_PROVINCIAL_CITIES,STREET,9,18.0
109918,1,0,110,1,3,60.0,0,N,MELB_URBAN,ROAD,8,23.0
109919,1,4,121,1,1,40.0,0,I,MELB_URBAN,STREET,10,9.0
109920,6,6,170,1,1,60.0,0,I,RURAL_VICTORIA,ROAD,11,11.0
109921,1,3,121,1,1,40.0,0,N,MELB_URBAN,STREET,10,9.0
109922,2,4,100,1,1,40.0,0,N,MELB_URBAN,STREET,10,8.0
109923,1,4,99,2,1,100.0,0,I,RURAL_VICTORIA,FREEWAY,10,7.0
109924,1,3,99,5,9,60.0,0,N,MELB_URBAN,HIGHWAY,8,19.0
109925,1,2,110,1,9,60.0,0,I,MELB_URBAN,ROAD,8,17.0
109926,5,2,99,5,1,50.0,0,N,SMALL_CITIES,OTHER,10,16.0
109927,2,4,102,5,1,60.0,0,N,LARGE_PROVINCIAL_CITIES,STREET,10,9.0
109928,1,1,121,1,1,60.0,0,I,SMALL_TOWNS,HIGHWAY,9,17.0
109929,1,2,121,2,3,60.0,0,I,MELB_URBAN,ROAD,10,18.0
109930,8,1,99,5,1,60.0,0,N,RURAL_VICTORIA,ROAD,9,11.0
109931,1,1,130,1,1,50.0,0,I,LARGE_PROVINCIAL_CITIES,STREET,9,18.0
109932,1,5,147,5,1,40.0,0,N,MELB_URBAN,ROAD,8,8.0