,accident_type,day_of_week,dca_code,road_geometry,light_condition,speed_zone,severity,node_type,deg_urban_name,road_type,month,hour
109933,1,3,130,2,9,50.0,0,I,MELB_URBAN,STREET,9,11.0
109934,4,3,171,5,1,70.0,0,N,SMALL_CITIES,STREET,10,11.0
109935,1,4,173,5,1,100.0,0,N,MELB_URBAN,ROAD,10,12.0
109936,6,4,99,5,1,100.0,0,N,RURAL_VICTORIA,ROAD,10,7.0
109937,8,4,99,2,1,60.0,0,N,MELB_URBAN,ROAD,10,12.0
109938,2,3,102,5,1,60.0,0,N,MELB_URBAN,ROAD,10,13.0
109939,1,4,160,5,1,60.0,0,N,MELB_URBAN,ROAD,10,12.0
109940,1,4,99,5,1,100.0,0,UNKNOWN,UNKNOWN,UNKNOWN,10,9.0
109941,1,3,110,1,1,50.0,0,I,MELB_URBAN,STREET,10,8.0
109942,1,2,110,1,2,80.0,0,I,TOWNS,HIGHWAY,10,6.0
109943,1,4,116,1,1,60.0,0,I,MELB_URBAN,ROAD,10,11.0
109944,1,4,132,5,1,110.0,0,N,RURAL_VICTORIA,FREEWAY,10,11.0
109945,4,5,173,5,5,100.0,0,N,RURAL_VICTORIA,HIGHWAY,9,19.0
109946,2,3,100,1,1,40.0,0,N,MELBOURNE_CBD,STREET,10,12.0
109947,1,3,130,5,1,70.0,0,N,SMALL_CITIES,STREET,10,17.0
109948,1,4,130,5,1,100.0,0,N,MELB_URBAN,FREEWAY,10,16.0
109949,1,4,135,4,2,50.0,0,N,MELB_URBAN,STREET,10,17.0
109950,1,0,99,5,3,80.0,0,N,MELB_URBAN,HIGHWAY,9,21.0
109951,2,1,100,1,1,30.0,0,I,MELB_URBAN,ROAD,8,10.0
109952,1,4,130,5,1,60.0,0,N,MELB_URBAN,STREET,10,14.0
109953,4,4,173,5,1,100.0,0,N,SMALL_TOWNS,ROAD,10,15.0
109954,1,4,130,1,3,60.0,0,I,SMALL_CITIES,STREET,10,18.0
109955,1,4,140,5,1,40.0,0,N,MELB_URBAN,STREET,10,15.0
109956,1,4,110,1,1,60.0,0,I,MELB_URBAN,ROAD,10,17.0
109957,1,4,130,5,5,110.0,0,N,RURAL_VICTORIA,FREEWAY,10,18.0
109958,2,2,99,5,1,70.0,0,N,MELB_URBAN,HIGHWAY,9,16.0
109959,1,4,132,2,1,60.0,0,I,MELB_URBAN,ROAD,10,17.0
109960,4,4,171,5,5,50.0,0,N,SMALL_TOWNS,STREET,10,19.0
109961,1,3,130,5,3,60.0,0,N,MELB_URBAN,RAMP,10,21.0
109962,1,4,113,2,3,80.0,0,I,MELB_URBAN,HIGHWAY,10,21.0
109963,4,4,173,5,3,80.0,0,N,MELB_URBAN,HIGHWAY,10,20.0
109964,1,4,130,2,3,80.0,0,I,MELB_URBAN,HIGHWAY,10,22.0
109965,1,2,121,4,3,60.0,0,I,MELB_URBAN,HIGHWAY,9,21.0
109966,1,0,130,5,1,70.0,0,N,MELB_URBAN,ROAD,9,12.0
109967,1,3,110,1,1,50.0,0,I,MELB_URBAN,STREET,9,8.0
109968,1,2,163,5,1,40.0,0,N,MELB_URBAN,STREET,9,13.0
109969,4,5,183,5,2,100.0,0,N,RURAL_VICTORIA,ROAD,10,7.0
109970,6,5,99,5,1,60.0,0,N,RURAL_VICTORIA,ROAD,10,8.0
109971,1,4,121,5,1,60.0,0,N,MELB_URBAN,ROAD,10,15.0
109972,1,4,140,5,1,60.0,0,N,MELB_URBAN,STREET,10,11.0
109973,2,5,100,3,1,60.0,0,I,MELB_URBAN,ROAD,10,10.0
109974,1,4,130,5,1,80.0,0,N,RURAL_VICTORIA,ROAD,10,10.0
109975,1,6,130,1,1,60.0,0,I,MELB_URBAN,ROAD,9,15.0
109976,6,5,99,5,1,80.0,0,N,RURAL_VICTORIA,ROAD,10,10.0
109977,4,5,173,5,1,50.0,0,N,MELB_URBAN,ROAD,10,10.0
109978,1,4,121,5,1,70.0,0,N,MELB_URBAN,ROAD,10,7.0
109979,1,6,130,5,1,60.0,0,N,MELB_URBAN,HIGHWAY,9,12.0
109980,1,2,147,5,1,60.0,0,N,MELB_URBAN,HIGHWAY,9,7.0
109981,1,5,113,2,1,70.0,0,I,MELB_URBAN,ROAD,10,8.0
109982,1,4,130,5,1,60.0,0,N,RURAL_VICTORIA,ROAD,6,16.0
109983,2,3,99,5,2,60.0,0,N,MELB_URBAN,ROAD,10,18.0
109984,1,5,130,5,1,100.0,0,N,RURAL_VICTORIA,ROAD,10,7.0
109985,1,5,140,5,1,80.0,0,N,RURAL_VICTORIA,ROAD,10,13.0
109986,1,4,134,5,1,100.0,0,N,MELB_URBAN,FREEWAY,10,12.0
109987,1,5,130,5,2,80.0,0,N,MELB_URBAN,ROAD,9,19.0
109988,1,3,121,5,9,60.0,0,N,MELB_URBAN,STREET,9,19.0
109989,1,5,147,5,1,50.0,0,N,MELB_URBAN,STREET,10,13.0
109990,1,4,120,5,1,40.0,0,N,MELB_URBAN,OTHER,10,15.0
109991,1,5,130,5,1,50.0,0,N,MELB_URBAN,OTHER,10,17.0
109992,1,5,116,1,3,80.0,0,I,RURAL_VICTORIA,ROAD,10,17.0
109993,1,4,130,5,1,40.0,0,N,MELB_URBAN,ROAD,10,17.0
109994,1,5,130,5,1,100.0,0,N,MELB_URBAN,FREEWAY,10,15.0
109995,1,5,183,2,1,50.0,0,N,MELB_URBAN,DRIVE,10,15.0
109996,1,6,130,5,9,60.0,0,N,MELB_URBAN,ROAD,9,8.0
109997,1,5,116,2,3,60.0,0,N,MELB_URBAN,ROAD,10,18.0
109998,1,5,147,5,1,60.0,0,N,MELB_URBAN,ROAD,10,17.0
109999,4,5,181,5,5,80.0,0,N,MELB_URBAN,RAMP,10,18.0
110000,1,5,133,5,3,60.0,0,N,MELB_URBAN,ROAD,10,19.0
110001,1,5,163,5,2,70.0,0,N,MELB_URBAN,ROAD,10,17.0
110002,1,4,130,5,1,60.0,0,N,MELB_URBAN,ROAD,10,15.0
110003,1,5,121,1,3,50.0,0,I,MELB_URBAN,ROAD,10,19.0
110004,1,5,130,1,3,60.0,0,N,MELB_URBAN,ROAD,10,18.0
110005,1,5,134,5,1,100.0,0,N,MELB_URBAN,FREEWAY,10,17.0
110006,1,5,160,5,3,60.0,0,N,SMALL_CITIES,STREET,10,20.0
110007,4,5,183,5,2,60.0,0,N,RURAL_VICTORIA,ROAD,10,18.0
110008,5,4,99,5,1,110.0,0,N,RURAL_VICTORIA,FREEWAY,10,17.0
110009,1,4,130,5,3,60.0,0,N,MELB_URBAN,OTHER,6,18.0
110010,1,5,113,2,1,80.0,0,I,MELB_URBAN,HIGHWAY,10,14.0
110011,6,5,99,5,1,40.0,0,N,MELBOURNE_CBD,STREET,10,7.0
110012,2,7,99,5,3,40.0,0,N,TOWNS,STREET,8,23.0
110013,1,3,135,5,1,60.0,0,N,MELB_URBAN,UNKNOWN,1,10.0
110014,6,6,174,5,1,70.0,0,N,MELB_URBAN,ROAD,10,8.0
110015,4,5,171,5,1,60.0,0,N,MELB_URBAN,ROAD,10,10.0
110016,1,6,130,5,1,100.0,0,N,SMALL_CITIES,FREEWAY,11,11.0
110017,4,6,173,5,1,100.0,0,N,RURAL_VICTORIA,ROAD,10,10.0
110018,1,3,130,5,1,100.0,0,N,MELB_URBAN,FREEWAY,10,16.0
110019,1,6,132,1,1,60.0,0,I,MELB_URBAN,ROAD,10,7.0
110020,4,6,171,5,1,100.0,0,N,RURAL_VICTORIA,ROAD,10,11.0
110021,1,5,99,1,1,80.0,0,N,MELB_URBAN,ROAD,10,8.0
110022,1,6,110,1,1,100.0,1,I,RURAL_VICTORIA,ROAD,10,7.0
110023,1,7,130,5,3,80.0,0,N,MELB_URBAN,ROAD,9,19.0
110024,6,6,99,5,1,100.0,0,N,RURAL_VICTORIA,ROAD,10,11.0
110025,4,6,181,5,5,100.0,1,N,RURAL_VICTORIA,HIGHWAY,10,3.0
110026,1,5,147,5,3,50.0,0,N,MELB_URBAN,STREET,10,19.0
110027,4,6,173,5,1,100.0,0,N,RURAL_VICTORIA,HIGHWAY,10,8.0
110028,1,4,120,5,1,40.0,0,N,RURAL_VICTORIA,ROAD,10,15.0
110029,4,6,171,5,1,80.0,0,N,MELB_URBAN,RAMP,10,13.0
110030,1,6,163,5,1,40.0,0,N,MELB_URBAN,ROAD,10,13.0
110031,1,6,110,1,1,100.0,0,I,RURAL_VICTORIA,ROAD,10,9.0
110032,4,6,173,5,1,100.0,0,N,RURAL_VICTORIA,HIGHWAY,10,9.0
110033,8,4,99,5,1,60.0,0,N,MELB_URBAN,STREET,10,8.0
110034,1,6,130,5,1,100.0,0,N,MELB_URBAN,ROAD,10,12.0
110035,1,1,121,1,1,80.0,0,I,MELB_URBAN,ROAD,9,11.0
110036,1,6,140,5,1,80.0,0,N,RURAL_VICTORIA,ROAD,10,14.0
110037,1,6,160,2,1,40.0,0,N,MELB_URBAN,STREET,10,14.0
110038,1,5,132,2,1,60.0,0,I,MELB_URBAN,PARADE,10,17.0
110039,4,7,171,5,5,70.0,0,N,RURAL_VICTORIA,ROAD,8,1.0
110040,1,6,113,2,1,50.0,0,I,SMALL_CITIES,STREET,10,15.0
110041,1,6,120,1,1,60.0,0,N,RURAL_VICTORIA,ROAD,10,12.0
110042,1,6,121,2,1,70.0,0,I,MELB_URBAN,ROAD,10,15.0
110043,1,3,130,5,1,40.0,0,N,MELB_URBAN,ROAD,8,15.0
110044,1,5,120,3,2,80.0,0,I,RURAL_VICTORIA,ROAD,10,17.0
110045,2,5,99,2,1,50.0,0,I,MELB_URBAN,DRIVE,10,16.0
110046,1,6,121,2,1,70.0,0,I,MELB_URBAN,ROAD,10,17.0
110047,1,6,99,5,3,60.0,0,N,MELB_URBAN,ROAD,10,17.0
110048,1,6,99,5,1,50.0,0,N,MELB_URBAN,STREET,10,13.0
110049,1,5,121,2,1,70.0,0,N,MELB_URBAN,ROAD,10,17.0
110050,1,6,121,5,1,80.0,0,N,MELB_URBAN,ROAD,10,13.0
110051,1,5,130,5,3,80.0,0,N,MELB_URBAN,HIGHWAY,10,18.0
110052,7,6,99,5,2,40.0,0,N,MELB_URBAN,ROAD,10,16.0
110053,1,6,113,2,1,60.0,0,N,MELB_URBAN,STREET,10,17.0
110054,1,6,110,1,3,100.0,0,I,RURAL_VICTORIA,ROAD,10,19.0
110055,1,6,121,1,3,60.0,0,I,MELB_URBAN,ROAD,10,20.0
110056,1,5,113,2,1,30.0,0,I,MELB_URBAN,OTHER,9,16.0
110057,2,6,99,2,3,80.0,0,I,RURAL_VICTORIA,ROAD,10,18.0
110058,1,6,110,1,3,60.0,0,I,MELB_URBAN,PARADE,10,21.0
110059,1,6,134,5,3,60.0,0,N,MELB_URBAN,AVENUE,10,21.0
110060,4,6,173,5,3,50.0,0,N,MELB_URBAN,DRIVE,10,23.0
110061,4,6,171,5,3,60.0,0,N,RURAL_VICTORIA,ROAD,10,0.0
110062,4,6,181,5,5,50.0,0,N,MELB_URBAN,ROAD,10,23.0
110063,1,7,110,1,3,70.0,0,I,MELB_URBAN,ROAD,10,2.0
110064,1,7,121,2,3,80.0,0,N,MELB_URBAN,ROAD,10,4.0
110065,4,7,171,5,5,100.0,0,N,RURAL_VICTORIA,HIGHWAY,10,3.0
110066,4,5,181,5,3,50.0,0,N,MELB_URBAN,OTHER,10,19.0
110067,1,6,120,5,1,80.0,0,N,RURAL_VICTORIA,ROAD,10,8.0
110068,1,7,110,1,1,40.0,0,I,MELB_URBAN,STREET,10,10.0
110069,1,6,130,5,1,70.0,0,N,MELB_URBAN,RAMP,10,8.0
110070,1,7,130,5,1,80.0,0,N,MELB_URBAN,ROAD,10,11.0
110071,2,7,102,5,1,60.0,0,N,MELB_URBAN,ROAD,10,10.0
110072,1,6,121,1,1,60.0,0,I,MELB_URBAN,HIGHWAY,10,11.0
110073,1,4,99,5,1,60.0,0,N,MELB_URBAN,ROAD,9,11.0
110074,1,7,120,5,2,100.0,0,N,RURAL_VICTORIA,HIGHWAY,10,6.0
110075,1,6,110,1,1,70.0,0,I,SMALL_CITIES,HIGHWAY,10,11.0
110076,1,6,132,1,1,70.0,0,I,MELB_URBAN,ROAD,10,17.0
110077,1,6,130,5,1,80.0,0,N,MELB_URBAN,HIGHWAY,10,12.0
110078,1,7,130,5,1,80.0,0,N,MELB_URBAN,FREEWAY,10,12.0
110079,4,6,171,3,1,110.0,0,N,RURAL_VICTORIA,FREEWAY,10,13.0
110080,1,5,130,2,9,60.0,0,I,MELB_URBAN,ROAD,10,8.0
110081,1,7,130,5,1,60.0,0,N,MELB_URBAN,ROAD,10,13.0
110082,4,6,171,5,1,110.0,0,N,RURAL_VICTORIA,FREEWAY,10,12.0
110083,1,6,110,1,1,40.0,0,I,MELB_URBAN,STREET,10,11.0
110084,1,6,130,2,1,60.0,0,N,RURAL_VICTORIA,ROAD,9,17.0
110085,1,7,160,5,1,50.0,0,N,LARGE_PROVINCIAL_CITIES,STREET,10,17.0
110086,4,7,171,1,1,100.0,0,I,RURAL_VICTORIA,ROAD,10,17.0
110087,1,6,110,1,3,60.0,0,I,MELB_URBAN,ROAD,10,18.0
110088,1,7,140,1,3,110.0,0,N,RURAL_VICTORIA,FREEWAY,10,18.0
110089,2,7,99,5,3,40.0,0,N,SMALL_CITIES,STREET,10,18.0
110090,1,6,116,2,3,50.0,0,I,MELB_URBAN,STREET,10,18.0
110091,1,3,130,5,1,80.0,0,N,MELB_URBAN,ROAD,9,17.0
110092,1,7,130,2,3,60.0,0,N,MELB_URBAN,ROAD,10,21.0
110093,1,7,121,1,3,80.0,0,I,MELB_URBAN,ROAD,10,22.0
110094,2,7,100,5,3,40.0,0,N,MELB_URBAN,STREET,10,20.0
110095,1,5,135,4,2,40.0,0,I,MELB_URBAN,ROAD,10,6.0
110096,8,1,99,5,1,100.0,0,N,RURAL_VICTORIA,ROAD,10,10.0
110097,4,1,173,5,1,100.0,1,N,RURAL_VICTORIA,ROAD,10,5.0
110098,1,5,130,5,1,80.0,0,N,MELB_URBAN,HIGHWAY,8,16.0
110099,1,1,130,5,1,100.0,0,N,RURAL_VICTORIA,ROAD,10,12.0
110100,4,1,171,5,1,100.0,0,N,MELB_URBAN,FREEWAY,10,7.0
110101,1,1,133,5,1,60.0,0,N,MELB_URBAN,ROAD,10,11.0
110102,2,1,99,5,1,60.0,0,N,MELB_URBAN,ROAD,9,11.0
110103,1,0,121,2,1,40.0,0,I,MELB_URBAN,STREET,10,15.0
110104,1,0,135,4,1,40.0,0,I,MELB_URBAN,STREET,10,16.0
110105,1,1,121,1,1,80.0,0,I,MELB_URBAN,OTHER,10,15.0
110106,1,1,130,5,1,60.0,0,N,MELB_URBAN,ROAD,10,13.0
110107,4,1,173,5,1,100.0,0,N,RURAL_VICTORIA,ROAD,10,16.0
110108,4,7,171,5,3,50.0,0,N,SMALL_CITIES,STREET,5,1.0
110109,4,1,171,1,1,50.0,0,I,MELB_URBAN,DRIVE,10,18.0
110110,7,1,99,5,1,60.0,0,N,RURAL_VICTORIA,OTHER,10,13.0
110111,1,1,110,1,1,80.0,0,I,TOWNS,HIGHWAY,10,18.0
110112,1,0,121,2,3,80.0,0,I,SMALL_TOWNS,ROAD,10,21.0
110113,4,1,171,5,3,50.0,0,N,TOWNS,STREET,10,21.0
110114,1,2,160,5,2,50.0,0,N,MELB_URBAN,ROAD,8,17.0
110115,8,6,99,5,1,60.0,0,N,MELB_URBAN,ROAD,4,8.0
110116,4,2,173,5,1,80.0,0,N,MELB_URBAN,HIGHWAY,10,7.0
110117,4,4,171,5,4,60.0,0,N,MELB_URBAN,DRIVE,9,21.0
110118,1,1,130,5,1,60.0,0,N,MELB_URBAN,ROAD,10,15.0
110119,6,0,99,5,1,60.0,0,N,RURAL_VICTORIA,ROAD,10,17.0
110120,6,7,174,5,1,50.0,0,N,MELB_URBAN,OTHER,10,9.0
110121,8,0,99,3,1,60.0,0,N,RURAL_VICTORIA,ROAD,8,12.0
110122,1,1,121,2,1,60.0,0,I,MELB_URBAN,ROAD,10,10.0
110123,1,1,110,1,3,80.0,0,I,MELB_URBAN,STREET,9,21.0
110124,1,2,99,5,1,50.0,0,N,MELB_URBAN,ROAD,10,8.0
110125,1,6,110,1,1,50.0,0,I,MELB_URBAN,ROAD,10,14.0
110126,4,3,173,5,3,60.0,0,N,MELB_URBAN,ROAD,10,2.0
110127,1,2,147,5,1,60.0,0,N,MELB_URBAN,STREET,10,9.0
110128,1,1,120,5,1,60.0,0,N,RURAL_VICTORIA,ROAD,10,13.0
110129,1,2,163,5,1,40.0,0,N,MELB_URBAN,STREET,9,17.0
110130,5,2,99,5,1,60.0,0,UNKNOWN,UNKNOWN,UNKNOWN,10,11.0
110131,1,6,130,5,1,60.0,0,N,MELB_URBAN,ROAD,6,16.0
110132,3,2,167,5,5,100.0,0,N,RURAL_VICTORIA,HIGHWAY,10,2.0
110133,1,1,130,2,1,60.0,0,I,MELB_URBAN,ROAD,8,15.0
110134,1,2,147,2,1,60.0,0,I,MELB_URBAN,ROAD,10,12.0
110135,4,2,181,5,1,100.0,0,N,RURAL_VICTORIA,HIGHWAY,10,7.0
110136,1,2,130,1,1,80.0,0,I,MELB_URBAN,HIGHWAY,10,13.0
110137,1,6,130,5,9,60.0,0,N,MELB_URBAN,ROAD,9,20.0
110138,1,1,110,1,1,50.0,0,I,MELB_URBAN,ROAD,10,13.0
110139,1,7,130,5,2,110.0,0,N,SMALL_CITIES,FREEWAY,10,19.0
110140,6,7,99,5,1,100.0,0,N,RURAL_VICTORIA,HIGHWAY,9,12.0
110141,1,1,121,2,1,60.0,0,I,MELB_URBAN,STREET,10,8.0
110142,2,2,99,5,1,100.0,1,N,RURAL_VICTORIA,HIGHWAY,10,10.0
110143,1,3,130,2,2,80.0,0,I,MELB_URBAN,ROAD,10,17.0
110144,4,1,173,5,1,60.0,0,N,MELB_URBAN,BOULEVARD,10,13.0
110145,1,6,130,5,1,60.0,0,N,MELB_URBAN,ROAD,10,12.0
110146,1,2,132,2,1,60.0,0,I,MELB_URBAN,ROAD,10,17.0
110147,1,2,121,1,1,60.0,0,I,RURAL_VICTORIA,STREET,10,16.0
110148,1,2,163,5,1,50.0,0,N,MELB_URBAN,STREET,10,18.0
110149,2,2,99,5,1,100.0,0,N,RURAL_VICTORIA,ROAD,10,15.0
110150,1,1,130,1,1,60.0,0,I,MELB_URBAN,AVENUE,9,14.0
110151,1,1,130,5,1,50.0,0,N,TOWNS,HIGHWAY,10,12.0
110152,4,2,171,5,1,100.0,0,N,RURAL_VICTORIA,ROAD,10,15.0
110153,1,2,113,2,6,60.0,0,I,MELB_URBAN,ROAD,10,19.0
110154,1,2,99,2,3,50.0,0,I,MELB_URBAN,ROAD,10,20.0
110155,1,5,130,5,3,80.0,0,N,MELB_URBAN,ROAD,9,20.0
110156,1,3,163,5,3,40.0,0,N,MELB_URBAN,ROAD,9,19.0
110157,5,2,99,5,5,80.0,0,N,RURAL_VICTORIA,ROAD,9,4.0
110158,1,6,130,1,1,80.0,0,I,MELB_URBAN,HIGHWAY,10,14.0
110159,1,3,111,1,1,60.0,0,N,LARGE_PROVINCIAL_CITIES,AVENUE,10,8.0
110160,1,3,130,1,1,60.0,0,I,SMALL_CITIES,STREET,10,11.0
110161,1,3,121,2,1,80.0,0,I,MELB_URBAN,ROAD,10,10.0
110162,1,3,130,2,1,60.0,0,I,MELB_URBAN,ROAD,10,9.0
110163,1,3,110,1,1,60.0,0,I,MELB_URBAN,ROAD,10,10.0
110164,1,7,121,1,9,60.0,0,I,RURAL_VICTORIA,ROAD,9,11.0
110165,1,3,121,5,1,60.0,0,I,MELB_URBAN,RAMP,10,11.0
110166,6,5,99,2,1,60.0,0,I,MELB_URBAN,ROAD,10,16.0
110167,1,6,130,5,9,60.0,0,N,MELB_URBAN,ROAD,10,10.0
110168,1,2,130,1,1,50.0,0,I,TOWNS,HIGHWAY,10,11.0
110169,1,3,120,5,1,60.0,0,N,TOWNS,HIGHWAY,10,11.0
110170,4,3,173,5,1,100.0,0,N,RURAL_VICTORIA,ROAD,10,10.0
110171,1,1,130,2,3,60.0,0,I,MELB_URBAN,ROAD,6,20.0
110172,1,3,140,5,1,60.0,0,N,MELB_URBAN,ROAD,10,8.0
110173,1,7,99,1,2,60.0,0,I,MELB_URBAN,ROAD,10,18.0
110174,1,2,130,5,1,80.0,0,N,MELB_URBAN,ROAD,9,16.0
110175,1,5,147,9,1,70.0,0,N,MELB_URBAN,ROAD,9,15.0
110176,3,7,167,5,5,50.0,0,N,LARGE_PROVINCIAL_CITIES,STREET,8,0.0
110177,1,3,130,5,1,80.0,0,N,MELB_URBAN,ROAD,10,13.0
110178,5,6,99,5,1,30.0,0,N,RURAL_VICTORIA,ROAD,10,12.0
110179,1,6,130,4,1,60.0,0,I,LARGE_PROVINCIAL_CITIES,ROAD,10,11.0
110180,1,3,99,5,1,40.0,0,N,LARGE_PROVINCIAL_CITIES,AVENUE,10,14.0
110181,1,2,163,5,1,60.0,0,N,MELB_URBAN,HIGHWAY,10,12.0
110182,4,3,183,5,1,100.0,0,N,RURAL_VICTORIA,HIGHWAY,10,13.0
110183,1,2,130,5,1,80.0,0,N,MELB_URBAN,FREEWAY,10,15.0
110184,1,2,110,1,1,50.0,0,I,MELB_URBAN,STREET,10,17.0
110185,1,3,113,2,1,80.0,0,N,MELB_URBAN,DRIVE,10,14.0
110186,1,3,130,2,1,60.0,0,I,MELB_URBAN,STREET,10,17.0
110187,1,3,113,9,1,80.0,0,I,MELB_URBAN,FREEWAY,10,13.0
110188,1,3,121,2,1,80.0,0,I,MELB_URBAN,ROAD,10,16.0
110189,1,3,116,2,1,50.0,0,I,MELB_URBAN,BOULEVARD,10,13.0
110190,1,3,113,1,1,60.0,0,I,MELB_URBAN,ROAD,10,15.0
110191,1,3,135,5,1,70.0,0,N,RURAL_VICTORIA,ROAD,10,16.0
110192,1,3,113,2,1,80.0,0,I,MELB_URBAN,ROAD,10,18.0
110193,1,3,99,2,1,60.0,0,I,MELB_URBAN,ROAD,10,16.0
110194,4,3,171,1,2,50.0,0,I,LARGE_PROVINCIAL_CITIES,STREET,10,19.0
110195,1,2,121,1,3,60.0,0,I,MELB_URBAN,ROAD,10,19.0
110196,1,3,134,5,3,60.0,0,N,MELB_URBAN,ROAD,10,21.0
110197,1,1,99,1,3,60.0,0,I,MELB_URBAN,ROAD,6,20.0
110198,3,4,167,5,3,80.0,0,N,RURAL_VICTORIA,HIGHWAY,10,0.0
110199,4,2,173,5,3,50.0,0,N,SMALL_CITIES,STREET,10,23.0
110200,4,4,171,1,3,60.0,0,I,MELB_URBAN,ROAD,10,3.0
110201,1,4,130,5,1,60.0,0,N,MELB_URBAN,ROAD,6,15.0
110202,1,2,113,1,1,60.0,0,I,SMALL_CITIES,RAMP,9,7.0
110203,4,4,173,5,2,100.0,0,N,RURAL_VICTORIA,DRIVE,10,6.0
110204,1,4,134,5,2,60.0,0,N,MELB_URBAN,ROAD,10,7.0
110205,1,4,130,5,1,60.0,0,N,MELB_URBAN,ROAD,10,8.0
110206,1,4,130,5,1,70.0,0,I,LARGE_PROVINCIAL_CITIES,ROAD,10,14.0
110207,4,3,99,5,1,60.0,0,N,MELB_URBAN,PARADE,10,8.0
110208,1,3,110,1,1,60.0,0,I,MELB_URBAN,ROAD,10,7.0
110209,3,1,167,5,5,80.0,0,N,RURAL_VICTORIA,ROAD,9,23.0
110210,1,5,113,1,1,60.0,0,I,MELB_URBAN,ROAD,9,10.0
110211,1,1,121,5,1,50.0,0,N,MELB_URBAN,ROAD,10,17.0
110212,1,3,120,5,1,100.0,1,N,RURAL_VICTORIA,ROAD,10,8.0
110213,1,4,110,1,1,50.0,0,I,MELB_URBAN,OTHER,10,15.0
110214,4,4,171,5,1,100.0,0,N,RURAL_VICTORIA,OTHER,10,12.0
110215,1,4,111,1,1,60.0,0,I,MELB_URBAN,ROAD,10,9.0
110216,4,4,183,5,1,80.0,0,N,RURAL_VICTORIA,ROAD,10,11.0
110217,1,4,130,5,1,70.0,0,N,MELB_URBAN,ROAD,10,15.0
110218,1,4,160,5,1,50.0,0,N,MELB_URBAN,ROAD,10,10.0
110219,4,4,173,5,1,100.0,0,N,RURAL_VICTORIA,HIGHWAY,10,12.0
110220,1,5,110,1,9,60.0,0,I,MELB_URBAN,STREET,10,19.0
110221,4,4,173,2,1,80.0,0,I,MELB_URBAN,RAMP,10,13.0
110222,1,0,130,1,1,50.0,0,I,MELB_URBAN,STREET,10,16.0
110223,1,4,110,1,1,60.0,0,I,SMALL_CITIES,ROAD,10,12.0
110224,4,4,173,5,1,110.0,0,N,RURAL_VICTORIA,FREEWAY,10,13.0
110225,1,4,121,2,1,60.0,0,I,MELB_URBAN,ROAD,10,14.0
110226,1,4,130,2,1,60.0,0,N,MELB_URBAN,ROAD,10,15.0
110227,1,3,99,2,1,60.0,0,I,MELB_URBAN,STREET,10,17.0
110228,1,4,99,2,1,40.0,0,I,MELBOURNE_CBD,STREET,10,14.0
110229,6,0,99,2,1,60.0,0,I,RURAL_VICTORIA,ROAD,9,13.0
110230,1,4,113,2,1,80.0,0,I,MELB_URBAN,ROAD,10,15.0
110231,4,4,171,5,1,100.0,0,N,RURAL_VICTORIA,HIGHWAY,10,16.0
110232,1,2,121,1,1,60.0,0,I,MELB_URBAN,STREET,10,10.0
110233,1,4,133,5,1,60.0,0,N,MELB_URBAN,ROAD,10,16.0
110234,1,4,135,5,1,40.0,0,N,MELB_URBAN,ROAD,10,14.0
110235,1,6,160,2,3,50.0,0,I,MELB_URBAN,AVENUE,9,1.0
110236,1,2,111,2,1,60.0,0,I,MELB_URBAN,ROAD,10,8.0
110237,1,3,135,1,3,60.0,0,N,LARGE_PROVINCIAL_CITIES,STREET,10,21.0
110238,1,5,121,2,9,60.0,0,I,MELB_URBAN,STREET,9,17.0
110239,1,4,130,2,1,60.0,0,I,MELB_URBAN,STREET,10,18.0
110240,1,3,120,5,1,60.0,0,N,MELB_URBAN,ROAD,10,14.0
110241,1,4,110,1,3,50.0,0,I,MELB_URBAN,ROAD,10,20.0
110242,4,4,181,5,5,60.0,0,N,RURAL_VICTORIA,ROAD,10,20.0
110243,1,4,110,1,2,70.0,0,I,MELB_URBAN,STREET,10,19.0
110244,4,4,173,5,5,60.0,0,N,RURAL_VICTORIA,ROAD,10,22.0
110245,1,4,99,1,1,60.0,0,N,MELB_URBAN,STREET,10,19.0
110246,1,3,99,5,2,100.0,0,N,MELB_URBAN,FREEWAY,10,5.0
110247,1,3,130,1,1,80.0,0,I,MELB_URBAN,OTHER,10,12.0
110248,4,4,173,5,3,70.0,0,N,SMALL_CITIES,PARADE,10,23.0
110249,1,4,121,2,1,60.0,0,I,MELB_URBAN,STREET,9,16.0
110250,2,1,102,1,1,60.0,0,I,MELB_URBAN,HIGHWAY,10,14.0
110251,1,5,134,5,2,100.0,0,N,MELB_URBAN,ROAD,10,6.0
110252,1,5,110,1,1,60.0,0,I,MELB_URBAN,ROAD,10,7.0
110253,3,4,167,5,1,80.0,0,N,RURAL_VICTORIA,OTHER,10,6.0
110254,1,3,163,5,1,50.0,0,N,MELB_URBAN,STREET,9,10.0
110255,1,3,121,2,1,50.0,0,I,RURAL_VICTORIA,BOULEVARD,10,15.0