,accident_type,day_of_week,dca_code,road_geometry,light_condition,speed_zone,severity,node_type,deg_urban_name,road_type,month,hour
110256,1,5,99,5,1,50.0,0,N,MELB_URBAN,STREET,10,9.0
110257,1,3,130,2,1,80.0,0,N,MELB_URBAN,ROAD,10,13.0
110258,1,5,130,5,1,100.0,0,N,MELB_URBAN,FREEWAY,6,15.0
110259,1,5,121,2,1,60.0,0,I,MELB_URBAN,STREET,10,8.0
110260,1,5,132,2,1,60.0,0,I,SMALL_TOWNS,ROAD,10,10.0
110261,1,2,130,5,1,60.0,0,N,MELB_URBAN,ROAD,10,15.0
110262,1,5,130,5,3,70.0,0,N,MELB_URBAN,ROAD,6,17.0
110263,1,2,130,2,1,60.0,0,I,MELB_URBAN,OTHER,10,15.0
110264,1,5,135,1,2,100.0,0,N,MELB_URBAN,FREEWAY,10,6.0
110265,1,5,113,2,1,50.0,0,I,LARGE_PROVINCIAL_CITIES,STREET,10,12.0
110266,1,4,116,1,1,60.0,0,I,LARGE_PROVINCIAL_CITIES,ROAD,10,8.0
110267,1,3,99,1,9,60.0,0,N,MELB_URBAN,ROAD,10,16.0
110268,2,4,102,2,1,70.0,0,I,MELB_URBAN,ROAD,10,9.0
110269,2,4,99,5,1,50.0,0,N,MELB_URBAN,ROAD,10,8.0
110270,1,5,130,2,1,70.0,0,I,MELB_URBAN,ROAD,10,11.0
110271,1,5,121,2,1,60.0,0,I,MELB_URBAN,ROAD,10,10.0
110272,1,5,116,1,1,80.0,0,N,MELB_URBAN,HIGHWAY,10,12.0
110273,1,5,130,1,6,60.0,0,I,LARGE_PROVINCIAL_CITIES,STREET,8,18.0
110274,2,5,102,5,3,60.0,1,N,LARGE_PROVINCIAL_CITIES,ROAD,10,5.0
110275,6,0,99,1,9,60.0,0,N,MELB_URBAN,OTHER,6,17.0
110276,1,2,110,1,1,80.0,0,I,TOWNS,HIGHWAY,10,15.0
110277,1,6,130,5,1,60.0,0,N,MELB_URBAN,ROAD,7,17.0
110278,1,5,111,4,1,60.0,0,N,MELB_URBAN,ROAD,10,14.0
110279,1,4,130,5,1,60.0,0,N,MELB_URBAN,ROAD,10,12.0
110280,4,5,171,4,1,100.0,0,N,RURAL_VICTORIA,FREEWAY,10,12.0
110281,4,5,181,5,1,100.0,0,N,RURAL_VICTORIA,ROAD,10,14.0
110282,1,5,99,1,1,100.0,0,N,RURAL_VICTORIA,ROAD,10,12.0
110283,1,1,130,2,1,60.0,0,I,LARGE_PROVINCIAL_CITIES,ROAD,10,16.0
110284,1,4,140,5,1,40.0,0,N,MELB_URBAN,STREET,10,15.0
110285,1,3,130,1,1,70.0,0,N,MELB_URBAN,ROAD,8,14.0
110286,1,5,121,1,1,60.0,0,I,MELB_URBAN,ROAD,10,15.0
110287,6,6,99,4,1,60.0,0,N,RURAL_VICTORIA,ROAD,9,16.0
110288,1,4,121,1,1,60.0,0,I,RURAL_VICTORIA,ROAD,9,6.0
110289,1,5,121,2,1,80.0,0,I,SMALL_TOWNS,ROAD,10,16.0
110290,6,7,99,5,2,60.0,0,N,RURAL_VICTORIA,ROAD,8,17.0
110291,1,2,130,2,9,60.0,0,I,MELB_URBAN,ROAD,10,14.0
110292,6,5,99,5,1,100.0,0,I,RURAL_VICTORIA,OTHER,9,14.0
110293,8,5,170,2,1,50.0,0,I,MELB_URBAN,STREET,10,16.0
110294,1,5,130,1,9,60.0,0,N,LARGE_PROVINCIAL_CITIES,STREET,10,16.0
110295,1,5,116,2,1,60.0,0,I,MELB_URBAN,ROAD,10,19.0
110296,1,5,134,5,1,40.0,0,N,MELB_URBAN,ROAD,10,18.0
110297,1,5,120,5,1,60.0,0,N,MELB_URBAN,ROAD,10,18.0
110298,1,5,120,5,1,100.0,1,N,RURAL_VICTORIA,ROAD,10,15.0
110299,4,4,171,1,3,50.0,0,N,MELB_URBAN,OTHER,10,21.0
110300,1,5,160,5,2,50.0,0,N,MELB_URBAN,STREET,10,18.0
110301,1,5,121,2,1,60.0,0,I,MELB_URBAN,ROAD,10,18.0
110302,2,4,100,1,3,60.0,0,N,MELB_URBAN,ROAD,10,22.0
110303,1,5,160,5,3,60.0,0,N,MELB_URBAN,ROAD,10,22.0
110304,1,5,120,2,3,60.0,0,I,MELB_URBAN,ROAD,10,23.0
110305,4,5,171,1,3,60.0,0,I,MELB_URBAN,ROAD,10,0.0
110306,4,6,173,5,5,100.0,0,N,RURAL_VICTORIA,HIGHWAY,10,0.0
110307,4,6,173,5,5,100.0,0,N,RURAL_VICTORIA,ROAD,10,0.0
110308,3,6,167,5,1,80.0,0,N,RURAL_VICTORIA,ROAD,10,8.0
110309,1,6,99,1,1,40.0,0,I,MELB_URBAN,STREET,10,6.0
110310,1,4,132,2,1,60.0,0,I,MELB_URBAN,ROAD,8,12.0
110311,1,6,130,5,1,80.0,0,N,RURAL_VICTORIA,ROAD,10,7.0
110312,1,2,99,2,3,60.0,0,N,MELB_URBAN,ROAD,10,3.0
110313,1,2,99,2,1,60.0,0,I,MELB_URBAN,STREET,10,8.0
110314,6,7,99,5,1,60.0,0,N,RURAL_VICTORIA,ROAD,9,10.0
110315,1,4,130,1,1,60.0,0,I,MELB_URBAN,ROAD,9,10.0
110316,1,6,130,1,2,60.0,0,I,MELB_URBAN,OTHER,8,16.0
110317,1,5,120,5,1,60.0,0,N,MELB_URBAN,DRIVE,10,9.0
110318,1,3,120,5,1,50.0,0,N,MELB_URBAN,ROAD,10,16.0
110319,4,6,171,6,1,80.0,0,N,MELB_URBAN,ROAD,10,7.0
110320,1,6,110,1,6,60.0,0,I,MELB_URBAN,STREET,5,17.0
110321,2,6,102,1,1,60.0,0,N,MELB_URBAN,ROAD,10,12.0
110322,1,1,130,1,1,60.0,0,I,LARGE_PROVINCIAL_CITIES,OTHER,8,14.0
110323,1,6,120,5,1,80.0,0,N,TOWNS,HIGHWAY,10,13.0
110324,1,6,121,5,1,60.0,0,N,LARGE_PROVINCIAL_CITIES,ROAD,10,10.0
110325,6,6,170,5,1,80.0,0,N,RURAL_VICTORIA,HIGHWAY,10,13.0
110326,1,6,120,5,1,80.0,0,N,RURAL_VICTORIA,ROAD,10,8.0
110327,6,5,174,5,1,60.0,0,N,RURAL_VICTORIA,OTHER,10,11.0
110328,1,6,130,5,1,100.0,0,N,MELB_URBAN,FREEWAY,10,14.0
110329,1,6,116,2,1,60.0,0,N,MELB_URBAN,ROAD,10,16.0
110330,1,6,130,5,1,80.0,0,N,MELB_URBAN,OTHER,10,16.0
110331,1,5,121,1,9,60.0,0,I,MELB_URBAN,ROAD,10,14.0
110332,2,5,99,2,1,40.0,0,I,MELB_URBAN,STREET,10,11.0
110333,6,5,170,5,1,100.0,0,N,RURAL_VICTORIA,ROAD,10,16.0
110334,1,6,130,5,1,60.0,0,N,MELB_URBAN,ROAD,10,14.0
110335,1,4,130,2,1,50.0,0,I,MELB_URBAN,ROAD,10,8.0
110336,1,6,130,2,1,60.0,0,I,MELB_URBAN,ROAD,10,17.0
110337,1,3,99,1,1,60.0,0,I,RURAL_VICTORIA,ROAD,9,7.0
110338,1,4,130,5,1,80.0,0,N,MELB_URBAN,RAMP,10,18.0
110339,1,6,99,5,1,80.0,0,N,MELB_URBAN,ROAD,10,16.0
110340,1,4,99,1,1,60.0,0,N,MELB_URBAN,ROAD,10,17.0
110341,1,6,121,5,1,50.0,0,N,MELB_URBAN,STREET,10,15.0
110342,1,5,99,1,1,50.0,0,I,MELB_URBAN,STREET,10,17.0
110343,1,6,99,5,1,50.0,0,N,MELB_URBAN,ROAD,10,13.0
110344,7,6,99,5,1,60.0,0,N,MELB_URBAN,STREET,10,18.0
110345,4,6,99,5,2,60.0,0,N,MELB_URBAN,ROAD,10,19.0
110346,1,6,113,2,3,60.0,0,I,MELB_URBAN,DRIVE,10,22.0
110347,1,7,133,5,5,80.0,0,N,MELB_URBAN,HIGHWAY,10,2.0
110348,1,0,110,1,3,60.0,0,N,UNKNOWN,STREET,10,20.0
110349,4,7,171,5,2,100.0,0,N,RURAL_VICTORIA,ROAD,10,7.0
110350,1,6,173,5,1,60.0,0,N,MELB_URBAN,ROAD,10,14.0
110351,4,6,171,5,1,70.0,0,N,MELB_URBAN,STREET,10,11.0
110352,6,7,174,5,1,60.0,0,N,SMALL_TOWNS,STREET,10,10.0
110353,1,6,121,2,1,60.0,0,I,MELB_URBAN,ROAD,10,9.0
110354,1,7,120,5,1,80.0,0,N,RURAL_VICTORIA,ROAD,10,6.0
110355,1,7,110,1,1,80.0,0,I,MELB_URBAN,OTHER,10,11.0
110356,1,7,130,5,3,40.0,0,N,MELB_URBAN,FREEWAY,10,1.0
110357,1,7,120,5,1,100.0,0,N,RURAL_VICTORIA,ROAD,10,10.0
110358,6,3,99,5,6,60.0,0,N,MELB_URBAN,ROAD,5,18.0
110359,4,6,181,5,5,50.0,0,N,TOWNS,DRIVE,10,23.0
110360,1,7,160,5,1,60.0,0,N,MELB_URBAN,ROAD,10,7.0
110361,1,7,130,5,1,70.0,0,N,LARGE_PROVINCIAL_CITIES,ROAD,10,13.0
110362,7,7,99,5,1,50.0,0,N,MELB_URBAN,DRIVE,10,15.0
110363,7,7,99,5,1,70.0,0,N,MELB_URBAN,ROAD,10,14.0
110364,1,4,130,5,1,80.0,0,N,RURAL_VICTORIA,HIGHWAY,10,9.0
110365,1,7,110,1,1,60.0,0,I,MELB_URBAN,ROAD,10,14.0
110366,1,4,130,2,1,60.0,0,I,MELB_URBAN,STREET,10,17.0
110367,1,7,121,2,1,70.0,0,I,LARGE_PROVINCIAL_CITIES,ROAD,10,14.0
110368,1,1,130,5,1,60.0,0,N,MELB_URBAN,ROAD,10,16.0
110369,1,7,130,2,1,80.0,0,I,MELB_URBAN,HIGHWAY,10,16.0
110370,1,7,163,2,1,40.0,0,I,MELB_URBAN,STREET,10,19.0
110371,3,7,167,5,1,100.0,0,N,RURAL_VICTORIA,OTHER,10,13.0
110372,4,7,99,5,1,50.0,0,N,SMALL_CITIES,OTHER,10,18.0
110373,1,6,130,5,3,60.0,0,N,MELB_URBAN,ROAD,10,19.0
110374,1,7,99,5,2,100.0,0,N,RURAL_VICTORIA,ROAD,10,19.0
110375,1,6,140,1,1,60.0,0,I,MELB_URBAN,ROAD,10,16.0
110376,1,6,133,1,1,60.0,0,I,MELB_URBAN,ROAD,10,15.0
110377,5,7,173,5,5,100.0,0,N,RURAL_VICTORIA,ROAD,10,4.0
110378,1,7,121,1,3,80.0,0,I,MELB_URBAN,FREEWAY,10,20.0
110379,1,7,121,2,5,60.0,0,I,MELB_URBAN,ROAD,10,21.0
110380,1,6,110,1,3,70.0,0,I,MELB_URBAN,ROAD,10,22.0
110381,8,7,99,5,5,60.0,0,N,MELB_URBAN,ROAD,10,5.0
110382,1,1,130,2,3,50.0,0,I,MELB_URBAN,STREET,10,0.0
110383,6,1,99,5,5,80.0,0,N,RURAL_VICTORIA,OTHER,10,0.0
110384,2,1,99,5,5,50.0,0,N,SMALL_CITIES,OTHER,10,2.0
110385,1,1,120,1,3,60.0,0,N,MELB_URBAN,ROAD,10,2.0
110386,1,7,140,5,1,60.0,0,N,MELB_URBAN,ROAD,10,7.0
110387,1,6,140,2,1,80.0,0,I,MELB_URBAN,HIGHWAY,10,17.0
110388,2,0,100,5,1,60.0,0,N,LARGE_PROVINCIAL_CITIES,STREET,10,10.0
110389,4,7,171,2,5,100.0,0,I,RURAL_VICTORIA,ROAD,10,21.0
110390,1,6,111,1,3,60.0,0,I,MELB_URBAN,ROAD,10,20.0
110391,1,1,132,2,1,60.0,0,I,TOWNS,UNKNOWN,10,11.0
110392,1,0,113,2,1,60.0,0,I,MELB_URBAN,ROAD,10,11.0
110393,1,7,116,2,2,80.0,0,I,RURAL_VICTORIA,OTHER,10,19.0
110394,4,0,173,5,1,80.0,0,N,RURAL_VICTORIA,ROAD,10,12.0
110395,3,0,167,5,1,80.0,0,N,RURAL_VICTORIA,ROAD,10,12.0
110396,4,1,171,5,5,100.0,1,N,RURAL_VICTORIA,HIGHWAY,10,3.0
110397,1,1,113,1,1,60.0,0,N,MELB_URBAN,ROAD,10,14.0
110398,1,1,121,2,1,60.0,0,I,LARGE_PROVINCIAL_CITIES,STREET,10,13.0
110399,1,1,113,2,1,60.0,0,I,MELB_URBAN,ROAD,10,14.0
110400,4,1,183,5,1,60.0,0,N,RURAL_VICTORIA,ROAD,10,14.0
110401,1,7,132,2,3,60.0,0,I,MELB_URBAN,STREET,10,21.0
110402,1,6,120,5,1,60.0,0,N,RURAL_VICTORIA,ROAD,10,18.0
110403,6,3,174,3,1,60.0,0,I,MELB_URBAN,ROAD,10,7.0
110404,4,0,173,5,1,110.0,0,N,RURAL_VICTORIA,FREEWAY,10,15.0
110405,2,1,99,5,1,50.0,0,N,MELB_URBAN,ROAD,10,17.0
110406,1,0,140,1,1,60.0,0,N,MELB_URBAN,ROAD,10,15.0
110407,1,0,147,5,1,60.0,0,N,RURAL_VICTORIA,ROAD,10,18.0
110408,1,1,147,5,1,80.0,0,N,MELB_URBAN,ROAD,10,18.0
110409,1,7,99,5,1,50.0,0,N,SMALL_CITIES,ROAD,10,10.0
110410,1,1,99,5,1,80.0,0,N,MELB_URBAN,ROAD,10,18.0
110411,4,1,173,5,1,50.0,0,N,SMALL_CITIES,AVENUE,10,17.0
110412,1,1,111,2,1,80.0,1,I,MELB_URBAN,HIGHWAY,10,15.0
110413,4,1,181,3,1,100.0,1,I,RURAL_VICTORIA,ROAD,10,16.0
110414,1,1,110,1,2,80.0,0,I,RURAL_VICTORIA,ROAD,10,19.0
110415,1,1,130,5,1,60.0,0,N,MELB_URBAN,STREET,10,9.0
110416,1,1,121,1,3,60.0,0,I,MELB_URBAN,HIGHWAY,10,20.0
110417,1,1,99,1,2,50.0,0,I,MELB_URBAN,STREET,10,19.0
110418,2,7,100,5,3,70.0,0,N,LARGE_PROVINCIAL_CITIES,OTHER,10,22.0
110419,4,1,173,5,1,100.0,0,N,RURAL_VICTORIA,ROAD,10,14.0
110420,1,0,130,2,1,40.0,0,I,MELBOURNE_CBD,STREET,10,19.0
110421,4,1,173,5,5,100.0,1,N,RURAL_VICTORIA,ROAD,10,22.0
110422,1,5,110,1,1,50.0,0,I,MELB_URBAN,AVENUE,10,14.0
110423,1,6,110,1,1,60.0,0,I,MELB_URBAN,ROAD,10,8.0
110424,1,6,135,1,2,80.0,0,I,MELB_URBAN,HIGHWAY,10,16.0
110425,4,2,173,5,3,80.0,0,N,MELB_URBAN,ROAD,10,5.0
110426,1,4,121,2,1,80.0,0,I,RURAL_VICTORIA,OTHER,10,13.0
110427,1,2,116,2,1,100.0,0,I,RURAL_VICTORIA,ROAD,10,8.0
110428,1,0,99,2,1,60.0,0,I,MELB_URBAN,STREET,10,17.0
110429,8,7,174,5,1,60.0,0,N,RURAL_VICTORIA,ROAD,10,13.0
110430,1,2,99,1,1,60.0,0,I,LARGE_PROVINCIAL_CITIES,STREET,8,8.0
110431,1,4,99,2,1,60.0,0,N,MELB_URBAN,ROAD,4,12.0
110432,1,2,130,5,1,80.0,0,N,MELB_URBAN,FREEWAY,10,9.0
110433,4,1,171,5,1,80.0,0,N,MELB_URBAN,ROAD,10,11.0
110434,8,1,99,5,1,60.0,0,O,RURAL_VICTORIA,STREET,10,10.0
110435,6,1,184,5,1,60.0,0,N,RURAL_VICTORIA,OTHER,9,16.0
110436,1,7,130,1,1,50.0,0,I,MELB_URBAN,ROAD,9,11.0
110437,4,5,99,5,1,60.0,0,N,RURAL_VICTORIA,AVENUE,8,14.0
110438,8,2,184,5,1,100.0,0,N,RURAL_VICTORIA,ROAD,10,12.0
110439,1,2,110,1,1,60.0,0,I,SMALL_CITIES,STREET,10,14.0
110440,1,2,99,5,1,50.0,0,O,MELB_URBAN,UNKNOWN,10,8.0
110441,1,2,132,5,1,70.0,0,N,RURAL_VICTORIA,ROAD,10,14.0
110442,1,1,99,1,1,40.0,0,I,MELBOURNE_CBD,STREET,10,12.0
110443,3,7,167,5,9,100.0,0,N,TOWNS,ROAD,9,4.0
110444,1,5,130,2,1,50.0,0,I,LARGE_PROVINCIAL_CITIES,HIGHWAY,10,12.0
110445,1,2,130,2,1,60.0,0,I,SMALL_CITIES,ROAD,10,10.0
110446,1,2,130,5,1,80.0,0,N,MELB_URBAN,ROAD,10,11.0
110447,1,7,99,2,9,50.0,0,I,MELB_URBAN,STREET,10,17.0
110448,1,1,160,5,1,50.0,0,N,SMALL_CITIES,DRIVE,10,13.0
110449,4,1,183,5,1,100.0,0,N,RURAL_VICTORIA,HIGHWAY,10,17.0
110450,2,2,99,8,1,50.0,0,N,TOWNS,STREET,10,16.0
110451,1,2,116,1,1,60.0,0,I,MELB_URBAN,ROAD,10,15.0
110452,1,2,110,1,1,60.0,0,I,MELB_URBAN,STREET,10,15.0
110453,1,2,134,1,1,100.0,0,N,RURAL_VICTORIA,HIGHWAY,10,17.0
110454,1,2,130,5,1,60.0,0,N,MELB_URBAN,ROAD,9,17.0
110455,1,5,130,5,1,80.0,0,N,MELB_URBAN,UNKNOWN,10,11.0
110456,1,1,110,1,1,80.0,0,N,MELB_URBAN,HIGHWAY,10,14.0
110457,1,2,132,5,1,70.0,0,I,MELB_URBAN,UNKNOWN,10,17.0
110458,1,2,120,2,1,50.0,0,N,MELB_URBAN,STREET,10,14.0
110459,1,2,99,5,1,60.0,0,N,MELB_URBAN,DRIVE,10,17.0
110460,4,1,173,5,1,50.0,0,N,TOWNS,OTHER,10,19.0
110461,4,4,171,5,3,100.0,0,N,RURAL_VICTORIA,ROAD,8,20.0
110462,8,3,174,4,3,50.0,0,N,LARGE_PROVINCIAL_CITIES,ROAD,10,4.0
110463,1,3,135,5,2,100.0,0,N,RURAL_VICTORIA,FREEWAY,10,6.0
110464,1,5,99,2,1,40.0,0,I,MELBOURNE_CBD,STREET,10,16.0
110465,2,3,100,2,1,60.0,0,N,MELB_URBAN,STREET,10,6.0
110466,1,7,130,1,1,60.0,0,N,MELB_URBAN,OTHER,8,9.0
110467,1,2,160,1,1,60.0,0,N,MELB_URBAN,ROAD,10,12.0
110468,1,2,99,2,1,60.0,0,I,LARGE_PROVINCIAL_CITIES,STREET,10,17.0
110469,1,2,130,5,1,70.0,0,N,MELB_URBAN,ROAD,10,10.0
110470,3,2,167,5,5,100.0,0,N,RURAL_VICTORIA,ROAD,10,21.0
110471,1,3,130,1,1,80.0,0,I,LARGE_PROVINCIAL_CITIES,HIGHWAY,10,10.0
110472,1,4,99,2,1,60.0,0,N,MELB_URBAN,ROAD,9,16.0
110473,8,3,170,2,2,60.0,0,N,MELB_URBAN,STREET,10,17.0
110474,1,3,130,5,1,60.0,0,N,MELB_URBAN,STREET,10,11.0
110475,6,7,184,6,1,60.0,0,N,RURAL_VICTORIA,ROAD,10,10.0
110476,1,3,121,1,1,70.0,0,I,MELB_URBAN,ROAD,10,11.0
110477,1,3,110,1,1,50.0,0,I,TOWNS,STREET,10,8.0
110478,2,1,100,1,1,60.0,0,N,TOWNS,STREET,9,16.0
110479,1,3,135,5,1,100.0,0,N,MELB_URBAN,ROAD,10,11.0
110480,1,1,99,5,1,50.0,0,N,LARGE_PROVINCIAL_CITIES,BOULEVARD,10,17.0
110481,4,2,181,5,1,80.0,0,N,RURAL_VICTORIA,ROAD,10,14.0
110482,1,2,163,5,1,50.0,0,N,MELB_URBAN,STREET,10,8.0
110483,1,3,130,5,1,80.0,0,N,MELB_URBAN,ROAD,10,12.0
110484,2,2,102,5,1,60.0,0,UNKNOWN,UNKNOWN,UNKNOWN,10,9.0
110485,1,2,99,1,1,60.0,0,N,MELB_URBAN,ROAD,1,6.0
110486,1,2,99,5,1,40.0,0,I,MELB_URBAN,STREET,10,16.0
110487,1,2,130,5,1,80.0,0,N,MELB_URBAN,ROAD,10,15.0
110488,6,7,170,2,1,60.0,0,I,RURAL_VICTORIA,ROAD,10,15.0
110489,1,4,130,5,1,60.0,0,N,SMALL_CITIES,HIGHWAY,10,17.0
110490,5,2,181,5,1,100.0,0,N,TOWNS,ROAD,10,17.0
110491,1,1,130,2,1,50.0,0,I,MELB_URBAN,ROAD,9,16.0
110492,8,2,174,2,2,50.0,0,N,MELB_URBAN,STREET,10,8.0
110493,1,3,113,2,1,60.0,0,I,SMALL_CITIES,STREET,10,17.0
110494,1,3,130,5,9,50.0,0,N,MELB_URBAN,STREET,10,11.0
110495,1,3,121,2,1,40.0,0,I,MELB_URBAN,ROAD,10,17.0
110496,4,0,173,5,3,70.0,0,N,MELB_URBAN,ROAD,10,3.0
110497,1,3,110,1,1,100.0,1,I,RURAL_VICTORIA,ROAD,10,18.0
110498,4,3,171,5,3,80.0,0,N,RURAL_VICTORIA,ROAD,10,20.0
110499,1,3,132,2,3,60.0,0,I,MELB_URBAN,ROAD,10,22.0
110500,1,3,99,9,1,60.0,0,I,TOWNS,STREET,10,7.0
110501,1,3,99,1,3,60.0,0,I,MELB_URBAN,ROAD,10,6.0
110502,1,2,121,1,1,60.0,0,I,MELB_URBAN,ROAD,10,15.0
110503,6,1,184,5,1,60.0,0,O,RURAL_VICTORIA,OTHER,10,10.0
110504,1,4,121,2,1,60.0,0,I,MELB_URBAN,ROAD,10,8.0
110505,1,1,121,2,1,70.0,0,I,MELB_URBAN,ROAD,9,15.0
110506,1,4,147,5,1,50.0,0,N,MELB_URBAN,ROAD,10,8.0
110507,1,4,163,5,1,40.0,0,N,MELBOURNE_CBD,STREET,10,9.0
110508,1,6,132,2,1,60.0,0,N,MELB_URBAN,ROAD,9,17.0
110509,4,4,171,5,1,60.0,0,N,MELB_URBAN,ROAD,10,11.0
110510,1,5,163,5,1,40.0,0,N,MELBOURNE_CBD,STREET,10,15.0
110511,5,4,99,5,1,100.0,0,N,RURAL_VICTORIA,FREEWAY,10,9.0
110512,6,1,174,5,1,100.0,0,N,RURAL_VICTORIA,OTHER,10,9.0
110513,1,4,140,2,1,80.0,0,I,MELB_URBAN,HIGHWAY,10,12.0
110514,8,3,174,5,2,100.0,0,N,MELB_URBAN,FREEWAY,9,18.0
110515,1,4,130,5,1,80.0,0,N,MELB_URBAN,UNKNOWN,10,8.0
110516,1,7,116,1,3,50.0,0,I,MELB_URBAN,AVENUE,7,20.0
110517,1,3,163,5,1,40.0,0,N,MELBOURNE_CBD,STREET,10,10.0
110518,1,3,110,1,1,60.0,0,I,MELB_URBAN,ROAD,10,8.0
110519,1,6,121,2,9,50.0,0,I,TOWNS,STREET,7,13.0
110520,1,4,99,5,1,60.0,0,N,MELB_URBAN,ROAD,10,7.0
110521,1,4,111,1,1,40.0,0,I,MELBOURNE_CBD,STREET,10,10.0
110522,1,5,130,5,9,60.0,0,N,MELB_URBAN,ROAD,10,11.0
110523,1,4,132,4,1,80.0,0,I,RURAL_VICTORIA,RAMP,10,15.0
110524,1,2,147,5,1,60.0,0,N,MELB_URBAN,STREET,10,15.0
110525,1,3,113,2,2,80.0,0,N,MELB_URBAN,ROAD,10,18.0
110526,1,3,113,2,1,60.0,0,I,MELB_URBAN,ROAD,10,13.0
110527,1,3,132,2,1,60.0,0,I,MELB_URBAN,ROAD,10,18.0
110528,4,1,183,5,1,60.0,0,N,RURAL_VICTORIA,ROAD,10,8.0
110529,1,4,130,2,1,80.0,0,I,MELB_URBAN,ROAD,10,14.0
110530,1,3,130,1,1,60.0,0,N,MELB_URBAN,ROAD,10,16.0
110531,1,4,113,2,1,60.0,0,I,MELB_URBAN,ROAD,10,17.0
110532,1,4,110,1,3,70.0,0,I,MELB_URBAN,ROAD,10,2.0
110533,1,4,130,5,2,100.0,0,N,MELB_URBAN,ROAD,10,17.0
110534,1,4,130,5,1,100.0,0,N,MELB_URBAN,FREEWAY,10,15.0
110535,1,4,140,5,1,60.0,0,N,MELB_URBAN,ROAD,10,17.0
110536,1,4,99,1,3,50.0,0,N,MELB_URBAN,STREET,10,22.0
110537,6,4,174,4,1,80.0,0,I,RURAL_VICTORIA,ROAD,10,17.0
110538,1,3,110,1,1,60.0,0,I,LARGE_PROVINCIAL_CITIES,STREET,10,17.0
110539,1,4,171,5,1,60.0,0,N,LARGE_PROVINCIAL_CITIES,ROAD,10,17.0
110540,4,4,171,2,1,60.0,0,N,MELB_URBAN,ROAD,10,15.0
110541,1,3,110,1,1,80.0,0,I,RURAL_VICTORIA,STREET,10,19.0
110542,1,4,120,5,1,50.0,0,N,RURAL_VICTORIA,ROAD,10,13.0
110543,1,3,135,1,2,80.0,0,N,LARGE_PROVINCIAL_CITIES,STREET,10,18.0
110544,1,3,132,5,1,60.0,0,N,MELB_URBAN,ROAD,9,9.0
110545,2,5,100,5,9,60.0,0,N,MELB_URBAN,AVENUE,6,18.0
110546,1,4,110,1,9,80.0,0,I,LARGE_PROVINCIAL_CITIES,ROAD,10,10.0
110547,1,5,132,1,2,60.0,0,I,MELB_URBAN,STREET,10,7.0
110548,4,5,173,5,3,80.0,0,N,MELB_URBAN,RAMP,10,6.0
110549,1,4,135,2,1,60.0,0,N,MELB_URBAN,ROAD,10,11.0
110550,1,4,110,1,1,60.0,0,I,MELB_URBAN,ROAD,10,8.0
110551,1,4,111,1,9,40.0,0,I,MELB_URBAN,ROAD,10,12.0
110552,1,5,120,2,1,50.0,0,N,MELB_URBAN,ROAD,10,8.0
110553,1,5,130,2,1,60.0,0,N,MELB_URBAN,ROAD,10,16.0
110554,4,1,171,5,2,50.0,0,N,RURAL_VICTORIA,ROAD,9,17.0
110555,1,5,130,1,1,100.0,0,N,MELB_URBAN,FREEWAY,10,12.0
110556,2,3,99,5,9,50.0,0,N,MELB_URBAN,OTHER,12,15.0
110557,1,4,121,4,3,80.0,0,I,MELB_URBAN,RAMP,10,20.0
110558,1,3,130,1,1,70.0,0,I,MELB_URBAN,ROAD,10,6.0
110559,4,3,99,2,5,60.0,0,N,TOWNS,ROAD,10,20.0
110560,1,5,120,5,1,80.0,0,N,MELB_URBAN,ROAD,10,7.0
110561,1,4,99,2,1,60.0,0,N,MELB_URBAN,ROAD,10,15.0
110562,1,4,130,4,1,80.0,0,I,MELB_URBAN,ROAD,10,12.0
110563,1,5,121,1,1,50.0,0,I,MELB_URBAN,ROAD,10,13.0
110564,1,4,130,5,1,80.0,0,I,MELB_URBAN,ROAD,10,11.0
110565,1,4,133,1,1,60.0,0,I,MELB_URBAN,ROAD,10,8.0
110566,1,5,110,1,1,60.0,0,N,MELB_URBAN,PARADE,10,13.0
110567,1,5,121,2,1,70.0,0,I,LARGE_PROVINCIAL_CITIES,HIGHWAY,10,13.0
110568,1,5,99,5,1,40.0,0,N,SMALL_CITIES,STREET,10,8.0
110569,1,6,130,5,1,70.0,0,N,MELB_URBAN,HIGHWAY,8,13.0
110570,4,0,171,2,1,60.0,0,N,MELB_URBAN,ROAD,10,12.0
110571,1,3,140,5,1,50.0,0,N,MELB_URBAN,DRIVE,10,15.0
110572,1,4,110,1,1,60.0,0,I,LARGE_PROVINCIAL_CITIES,STREET,10,14.0
110573,1,5,113,1,1,60.0,0,I,MELB_URBAN,ROAD,10,10.0
110574,4,5,173,5,1,60.0,0,N,SMALL_TOWNS,STREET,10,15.0
110575,1,3,130,5,1,60.0,0,N,MELB_URBAN,ROAD,9,10.0
110576,4,2,171,5,1,60.0,0,N,MELB_URBAN,UNKNOWN,10,9.0