,accident_type,day_of_week,dca_code,road_geometry,light_condition,speed_zone,severity,node_type,deg_urban_name,road_type,month,hour
110577,1,4,134,5,1,100.0,0,N,MELB_URBAN,FREEWAY,10,16.0
110578,6,5,174,5,1,60.0,0,N,MELB_URBAN,ROAD,10,17.0
110579,1,5,113,2,1,40.0,0,I,SMALL_CITIES,STREET,10,16.0
110580,1,5,133,1,3,70.0,0,N,MELB_URBAN,ROAD,8,19.0
110581,1,5,147,5,1,80.0,0,N,MELB_URBAN,ROAD,10,17.0
110582,1,5,160,5,2,50.0,0,N,MELB_URBAN,STREET,10,18.0
110583,1,5,130,2,1,50.0,0,I,SMALL_CITIES,STREET,10,18.0
110584,1,4,121,2,1,50.0,0,I,SMALL_CITIES,STREET,10,18.0
110585,1,2,135,5,1,60.0,0,N,MELB_URBAN,ROAD,9,18.0
110586,1,4,130,5,2,110.0,0,N,RURAL_VICTORIA,FREEWAY,10,19.0
110587,1,5,121,5,1,60.0,0,N,MELB_URBAN,ROAD,10,18.0
110588,2,5,102,5,1,60.0,0,N,MELB_URBAN,ROAD,10,15.0
110589,1,5,121,1,1,80.0,0,I,MELB_URBAN,DRIVE,10,19.0
110590,1,5,121,5,5,60.0,0,N,MELB_URBAN,ROAD,10,21.0
110591,2,4,102,5,1,40.0,0,N,MELB_URBAN,STREET,10,16.0
110592,4,6,171,5,5,100.0,0,N,RURAL_VICTORIA,ROAD,10,1.0
110593,1,5,121,1,3,80.0,0,I,MELB_URBAN,OTHER,10,3.0
110594,4,6,173,5,5,80.0,0,N,RURAL_VICTORIA,ROAD,10,1.0
110595,2,6,102,1,1,80.0,0,N,MELB_URBAN,ROAD,10,5.0
110596,1,6,133,5,2,80.0,0,N,MELB_URBAN,ROAD,10,5.0
110597,1,6,135,5,1,100.0,0,N,MELB_URBAN,FREEWAY,10,6.0
110598,1,5,113,1,1,60.0,0,I,TOWNS,STREET,10,15.0
110599,1,5,130,1,1,80.0,0,N,MELB_URBAN,ROAD,9,7.0
110600,1,4,130,5,1,70.0,0,N,MELB_URBAN,ROAD,10,11.0
110601,4,5,171,1,1,50.0,0,I,TOWNS,STREET,10,14.0
110602,1,6,130,2,1,70.0,0,I,MELB_URBAN,ROAD,10,8.0
110603,1,4,110,1,1,100.0,0,I,RURAL_VICTORIA,ROAD,10,18.0
110604,8,5,99,5,1,80.0,0,N,SMALL_CITIES,HIGHWAY,10,10.0
110605,1,6,99,5,1,50.0,0,N,MELB_URBAN,STREET,10,9.0
110606,1,5,130,5,3,80.0,0,N,RURAL_VICTORIA,ROAD,10,7.0
110607,4,4,171,5,1,50.0,0,N,MELB_URBAN,STREET,10,17.0
110608,1,3,99,5,1,60.0,0,N,MELB_URBAN,ROAD,10,9.0
110609,1,4,133,1,1,60.0,0,I,MELB_URBAN,OTHER,10,8.0
110610,1,6,132,5,1,80.0,0,N,MELB_URBAN,ROAD,10,10.0
110611,1,6,130,5,1,80.0,0,N,MELB_URBAN,UNKNOWN,10,10.0
110612,2,5,102,5,1,60.0,0,N,MELB_URBAN,UNKNOWN,10,14.0
110613,2,6,100,5,1,60.0,0,N,LARGE_PROVINCIAL_CITIES,STREET,10,11.0
110614,1,6,130,5,1,80.0,0,N,MELB_URBAN,AVENUE,10,12.0
110615,1,3,110,1,1,60.0,0,I,MELB_URBAN,ROAD,10,7.0
110616,1,6,121,2,1,40.0,0,I,MELB_URBAN,STREET,10,11.0
110617,1,5,160,5,1,60.0,0,N,MELB_URBAN,STREET,10,16.0
110618,1,5,99,5,1,60.0,0,N,MELB_URBAN,STREET,10,17.0
110619,1,3,130,5,9,80.0,0,N,MELB_URBAN,ROAD,10,16.0
110620,1,6,110,1,1,60.0,0,I,TOWNS,STREET,10,13.0
110621,1,6,110,1,1,60.0,0,I,MELB_URBAN,ROAD,10,14.0
110622,1,6,132,2,1,60.0,0,I,MELB_URBAN,ROAD,10,14.0
110623,1,6,110,1,2,50.0,0,I,MELB_URBAN,STREET,10,7.0
110624,1,5,130,5,1,70.0,0,N,SMALL_CITIES,AVENUE,10,15.0
110625,1,6,134,1,1,80.0,0,I,RURAL_VICTORIA,HIGHWAY,10,13.0
110626,7,6,99,5,2,100.0,0,N,MELB_URBAN,ROAD,10,17.0
110627,6,6,99,5,1,60.0,0,N,LARGE_PROVINCIAL_CITIES,OTHER,10,13.0
110628,1,6,121,2,1,60.0,0,I,MELB_URBAN,ROAD,10,16.0
110629,7,1,99,5,1,50.0,0,N,MELB_URBAN,STREET,10,10.0
110630,1,6,99,1,1,50.0,0,N,MELB_URBAN,STREET,10,17.0
110631,1,5,99,5,1,50.0,0,N,MELB_URBAN,ROAD,10,14.0
110632,4,6,183,5,1,100.0,0,N,RURAL_VICTORIA,ROAD,10,16.0
110633,1,3,130,5,6,80.0,0,N,MELB_URBAN,FREEWAY,4,17.0
110634,1,6,147,5,1,50.0,0,I,MELB_URBAN,OTHER,10,16.0
110635,1,6,99,2,1,60.0,0,I,MELB_URBAN,STREET,10,17.0
110636,4,5,183,5,1,100.0,0,N,RURAL_VICTORIA,ROAD,10,15.0
110637,1,6,121,1,3,60.0,0,I,MELB_URBAN,ROAD,10,20.0
110638,1,6,120,5,1,90.0,0,N,RURAL_VICTORIA,ROAD,10,18.0
110639,1,6,113,2,1,60.0,0,N,MELB_URBAN,ROAD,10,15.0
110640,1,6,121,2,1,80.0,0,I,MELB_URBAN,HIGHWAY,10,16.0
110641,1,6,140,5,3,60.0,0,N,MELB_URBAN,DRIVE,10,20.0
110642,3,6,167,5,1,100.0,0,N,RURAL_VICTORIA,ROAD,10,16.0
110643,1,6,160,5,3,60.0,0,N,TOWNS,ROAD,10,21.0
110644,1,5,130,5,3,80.0,0,N,MELB_URBAN,ROAD,10,20.0
110645,7,6,99,2,3,50.0,0,N,MELB_URBAN,STREET,10,20.0
110646,1,4,132,2,1,60.0,0,I,MELB_URBAN,ROAD,10,7.0
110647,4,6,173,5,1,60.0,0,N,RURAL_VICTORIA,ROAD,10,17.0
110648,1,5,130,1,3,80.0,0,N,MELB_URBAN,RAMP,10,23.0
110649,1,6,130,5,5,60.0,0,N,SMALL_CITIES,AVENUE,10,1.0
110650,1,7,173,5,3,50.0,0,N,MELB_URBAN,STREET,10,1.0
110651,4,7,181,5,3,50.0,0,N,MELB_URBAN,ROAD,10,1.0
110652,4,7,183,5,3,60.0,1,N,TOWNS,ROAD,10,2.0
110653,1,5,147,5,1,50.0,0,N,MELB_URBAN,STREET,10,17.0
110654,3,7,167,5,2,100.0,0,N,MELB_URBAN,FREEWAY,10,6.0
110655,1,6,130,5,3,60.0,0,N,MELB_URBAN,ROAD,10,21.0
110656,4,1,171,5,1,50.0,0,N,MELB_URBAN,STREET,4,11.0
110657,1,7,132,2,1,60.0,0,I,LARGE_PROVINCIAL_CITIES,ROAD,10,10.0
110658,1,6,130,5,1,60.0,0,N,LARGE_PROVINCIAL_CITIES,ROAD,10,9.0
110659,1,1,130,5,1,100.0,0,N,SMALL_TOWNS,FREEWAY,7,13.0
110660,2,7,100,1,1,40.0,0,I,MELBOURNE_CBD,OTHER,10,10.0
110661,1,7,140,2,1,60.0,0,I,LARGE_PROVINCIAL_CITIES,STREET,10,11.0
110662,1,6,130,5,1,50.0,0,N,MELB_URBAN,STREET,7,15.0
110663,1,7,132,2,1,50.0,0,I,MELB_URBAN,ROAD,10,10.0
110664,6,7,99,5,1,100.0,0,N,RURAL_VICTORIA,ROAD,10,9.0
110665,1,3,111,1,2,60.0,0,I,RURAL_VICTORIA,ROAD,9,6.0
110666,1,4,99,5,2,80.0,0,N,MELB_URBAN,AVENUE,10,19.0
110667,1,2,113,2,9,40.0,0,I,MELB_URBAN,ROAD,9,14.0
110668,1,1,110,1,1,30.0,0,I,MELB_URBAN,STREET,10,15.0
110669,1,7,140,5,1,60.0,0,N,LARGE_PROVINCIAL_CITIES,ROAD,10,13.0
110670,4,7,181,5,1,100.0,0,N,RURAL_VICTORIA,ROAD,10,13.0
110671,4,6,171,5,1,70.0,0,N,MELB_URBAN,HIGHWAY,10,7.0
110672,1,7,110,1,1,50.0,0,I,LARGE_PROVINCIAL_CITIES,STREET,10,13.0
110673,8,7,184,5,1,60.0,0,N,SMALL_TOWNS,OTHER,10,8.0
110674,1,6,130,5,1,60.0,0,N,LARGE_PROVINCIAL_CITIES,STREET,10,11.0
110675,1,4,134,5,3,60.0,0,N,MELB_URBAN,UNKNOWN,10,19.0
110676,1,0,116,1,1,60.0,0,I,MELB_URBAN,STREET,10,12.0
110677,1,7,110,1,1,100.0,0,I,RURAL_VICTORIA,ROAD,10,13.0
110678,1,6,121,2,2,60.0,0,N,MELB_URBAN,ROAD,10,18.0
110679,8,6,170,5,6,80.0,0,N,MELB_URBAN,ROAD,8,6.0
110680,3,4,167,5,1,100.0,0,N,RURAL_VICTORIA,ROAD,10,9.0
110681,1,7,110,1,1,50.0,0,I,MELB_URBAN,STREET,3,13.0
110682,6,7,99,5,1,100.0,0,N,RURAL_VICTORIA,ROAD,10,12.0
110683,1,7,132,2,1,100.0,0,I,RURAL_VICTORIA,ROAD,10,17.0
110684,1,7,121,1,1,60.0,0,I,SMALL_CITIES,ROAD,10,17.0
110685,1,7,121,2,1,60.0,0,I,MELB_URBAN,ROAD,10,17.0
110686,4,7,173,2,1,50.0,0,N,MELB_URBAN,STREET,10,16.0
110687,1,7,147,2,1,80.0,0,N,MELB_URBAN,ROAD,10,18.0
110688,1,7,130,1,1,60.0,0,I,MELB_URBAN,ROAD,10,14.0
110689,4,7,183,5,1,100.0,0,N,RURAL_VICTORIA,ROAD,10,17.0
110690,1,7,99,5,1,100.0,0,N,RURAL_VICTORIA,ROAD,10,13.0
110691,7,6,99,2,1,60.0,0,N,MELB_URBAN,STREET,10,17.0
110692,1,6,163,5,1,50.0,0,N,TOWNS,STREET,9,17.0
110693,2,6,100,1,1,40.0,0,N,MELBOURNE_CBD,STREET,10,15.0
110694,1,7,110,1,2,40.0,0,N,TOWNS,ROAD,10,18.0
110695,1,7,121,1,2,80.0,0,I,MELB_URBAN,HIGHWAY,10,18.0
110696,1,5,130,5,3,70.0,0,N,MELB_URBAN,ROAD,10,23.0
110697,1,6,110,1,3,50.0,0,I,LARGE_PROVINCIAL_CITIES,STREET,10,5.0
110698,1,7,110,1,3,60.0,0,I,MELB_URBAN,ROAD,10,19.0
110699,2,4,99,5,2,60.0,0,N,MELB_URBAN,ROAD,9,17.0
110700,1,7,132,2,3,60.0,0,I,MELB_URBAN,ROAD,10,21.0
110701,1,5,130,5,9,60.0,0,N,MELB_URBAN,STREET,2,21.0
110702,4,1,173,5,5,100.0,0,N,RURAL_VICTORIA,ROAD,10,1.0
110703,1,7,135,5,1,60.0,0,N,MELB_URBAN,ROAD,10,10.0
110704,4,7,183,5,1,100.0,0,N,RURAL_VICTORIA,ROAD,10,10.0
110705,1,0,133,5,5,100.0,0,N,RURAL_VICTORIA,ROAD,10,4.0
110706,1,0,130,1,6,80.0,0,I,RURAL_VICTORIA,ROAD,10,4.0
110707,4,1,171,5,3,60.0,0,N,MELB_URBAN,ROAD,10,2.0
110708,6,6,99,5,5,100.0,0,N,RURAL_VICTORIA,HIGHWAY,10,21.0
110709,6,0,99,5,1,100.0,0,N,RURAL_VICTORIA,ROAD,10,6.0
110710,1,1,110,1,1,70.0,0,I,LARGE_PROVINCIAL_CITIES,STREET,10,9.0
110711,1,0,110,1,1,60.0,0,N,MELB_URBAN,ROAD,10,11.0
110712,1,1,113,2,1,70.0,0,I,MELB_URBAN,HIGHWAY,10,10.0
110713,1,1,130,5,1,80.0,0,N,MELB_URBAN,RAMP,10,9.0
110714,1,5,130,1,9,60.0,0,N,MELB_URBAN,DRIVE,10,16.0
110715,1,0,140,5,1,60.0,0,N,MELB_URBAN,ROAD,10,11.0
110716,4,1,173,5,1,60.0,0,N,RURAL_VICTORIA,ROAD,10,9.0
110717,1,1,110,1,1,60.0,0,I,RURAL_VICTORIA,ROAD,10,12.0
110718,1,0,130,5,1,60.0,0,N,MELB_URBAN,STREET,10,12.0
110719,1,3,132,2,1,60.0,0,I,MELB_URBAN,ROAD,9,13.0
110720,4,1,171,5,1,60.0,0,N,LARGE_PROVINCIAL_CITIES,ROAD,10,13.0
110721,1,1,163,5,1,40.0,0,N,MELB_URBAN,STREET,10,12.0
110722,4,1,183,5,5,100.0,1,N,RURAL_VICTORIA,ROAD,10,4.0
110723,1,6,130,5,1,60.0,0,N,MELB_URBAN,STREET,10,18.0
110724,1,3,130,5,2,60.0,0,N,MELB_URBAN,ROAD,10,20.0
110725,1,0,130,2,1,60.0,0,I,MELB_URBAN,ROAD,10,14.0
110726,1,1,113,2,1,80.0,0,N,RURAL_VICTORIA,ROAD,10,14.0
110727,1,1,110,1,1,100.0,0,I,RURAL_VICTORIA,ROAD,10,15.0
110728,1,1,135,5,1,60.0,0,N,MELB_URBAN,ROAD,10,10.0
110729,4,1,183,5,1,80.0,0,N,RURAL_VICTORIA,ROAD,10,15.0
110730,1,1,113,2,1,60.0,0,I,MELB_URBAN,ROAD,10,16.0
110731,1,1,110,1,1,80.0,0,I,RURAL_VICTORIA,ROAD,10,15.0
110732,1,1,113,1,2,60.0,0,I,MELB_URBAN,ROAD,10,18.0
110733,1,1,121,2,1,100.0,0,I,RURAL_VICTORIA,ROAD,10,16.0
110734,1,1,121,2,3,60.0,0,I,RURAL_VICTORIA,ROAD,10,20.0
110735,1,1,99,5,1,50.0,0,N,MELB_URBAN,ROAD,10,18.0
110736,1,4,130,4,1,100.0,0,I,MELB_URBAN,FREEWAY,10,17.0
110737,4,1,173,5,5,100.0,0,N,RURAL_VICTORIA,ROAD,10,20.0
110738,2,3,99,5,9,60.0,0,N,MELB_URBAN,HIGHWAY,10,20.0
110739,1,1,121,1,3,60.0,0,I,MELB_URBAN,STREET,10,21.0
110740,7,6,99,5,1,60.0,0,N,MELB_URBAN,ROAD,10,13.0
110741,4,1,183,5,2,100.0,0,N,RURAL_VICTORIA,ROAD,10,19.0
110742,3,0,167,2,5,100.0,0,N,RURAL_VICTORIA,ROAD,10,22.0
110743,1,1,120,5,3,50.0,0,N,MELB_URBAN,STREET,10,23.0
110744,4,1,171,5,3,60.0,0,N,MELB_URBAN,ROAD,10,23.0
110745,1,6,121,5,1,50.0,0,N,MELB_URBAN,STREET,10,16.0
110746,1,2,147,5,1,60.0,0,N,MELB_URBAN,ROAD,10,8.0
110747,1,2,113,3,5,60.0,0,I,TOWNS,ROAD,10,4.0
110748,6,6,174,5,2,60.0,0,N,MELB_URBAN,ROAD,9,16.0
110749,1,2,132,5,1,60.0,0,N,MELB_URBAN,ROAD,10,11.0
110750,3,2,167,5,1,100.0,0,N,RURAL_VICTORIA,HIGHWAY,10,8.0
110751,1,1,135,5,3,100.0,0,N,MELB_URBAN,FREEWAY,10,20.0
110752,7,6,99,1,1,50.0,0,N,MELBOURNE_CBD,STREET,10,12.0
110753,2,2,99,2,1,60.0,0,I,MELB_URBAN,STREET,10,9.0
110754,1,2,147,2,1,50.0,0,N,MELB_URBAN,ROAD,10,6.0
110755,1,2,130,1,1,80.0,0,I,MELB_URBAN,RAMP,10,6.0
110756,1,4,130,2,9,60.0,0,N,MELB_URBAN,STREET,1,18.0
110757,1,2,147,5,1,40.0,0,N,MELB_URBAN,STREET,10,9.0
110758,2,1,100,2,1,50.0,0,I,MELB_URBAN,ROAD,10,8.0
110759,1,2,99,1,1,60.0,0,I,MELB_URBAN,DRIVE,10,11.0
110760,5,2,99,5,1,70.0,0,N,MELB_URBAN,ROAD,10,12.0
110761,1,2,120,2,1,50.0,0,I,MELB_URBAN,STREET,10,13.0
110762,1,5,163,2,1,60.0,0,I,MELB_URBAN,ROAD,4,17.0
110763,2,1,100,2,1,60.0,0,N,MELB_URBAN,ROAD,10,15.0
110764,1,6,130,5,5,70.0,0,N,RURAL_VICTORIA,ROAD,10,20.0
110765,1,1,120,2,1,60.0,0,I,MELB_URBAN,ROAD,10,13.0
110766,8,4,99,2,1,40.0,0,N,MELB_URBAN,ROAD,10,18.0
110767,1,6,113,2,1,40.0,0,I,MELB_URBAN,STREET,10,9.0
110768,1,2,120,5,1,60.0,1,N,RURAL_VICTORIA,ROAD,10,14.0
110769,1,2,113,2,1,100.0,0,I,RURAL_VICTORIA,HIGHWAY,10,17.0
110770,1,2,121,2,1,60.0,0,I,MELB_URBAN,ROAD,10,16.0
110771,1,2,130,5,2,100.0,0,N,MELB_URBAN,FREEWAY,10,17.0
110772,1,1,110,1,1,50.0,0,I,SMALL_CITIES,ROAD,10,17.0
110773,1,3,163,5,3,40.0,0,N,MELB_URBAN,HIGHWAY,10,20.0
110774,1,1,147,5,1,60.0,0,N,MELB_URBAN,ROAD,10,16.0
110775,1,2,130,5,1,50.0,0,N,MELB_URBAN,BOULEVARD,10,18.0
110776,1,2,130,5,2,80.0,0,N,MELB_URBAN,FREEWAY,10,18.0
110777,1,1,116,2,2,40.0,0,I,MELB_URBAN,ROAD,10,19.0
110778,1,2,113,2,2,80.0,0,I,MELB_URBAN,ROAD,10,19.0
110779,4,2,99,2,1,50.0,0,I,MELB_URBAN,STREET,10,19.0
110780,1,2,130,5,1,60.0,0,N,LARGE_PROVINCIAL_CITIES,STREET,10,19.0
110781,7,3,99,5,1,60.0,0,N,MELB_URBAN,ROAD,10,10.0
110782,2,2,100,2,1,40.0,0,N,RURAL_VICTORIA,ROAD,10,15.0
110783,4,2,171,5,5,100.0,0,N,RURAL_VICTORIA,ROAD,10,21.0
110784,1,2,99,5,3,60.0,0,N,MELB_URBAN,ROAD,10,21.0
110785,2,3,100,5,1,30.0,0,N,MELB_URBAN,DRIVE,10,18.0
110786,4,3,181,2,3,50.0,0,I,MELB_URBAN,HIGHWAY,10,1.0
110787,1,5,133,5,6,100.0,0,N,SMALL_TOWNS,HIGHWAY,10,18.0
110788,1,2,120,5,1,80.0,0,N,MELB_URBAN,HIGHWAY,10,12.0
110789,4,2,173,5,2,50.0,0,N,MELB_URBAN,AVENUE,10,18.0
110790,2,1,99,2,2,50.0,0,I,MELB_URBAN,AVENUE,10,18.0
110791,6,6,99,5,9,60.0,0,N,MELB_URBAN,ROAD,10,7.0
110792,1,2,110,1,1,50.0,0,I,MELB_URBAN,STREET,10,9.0
110793,1,3,110,1,6,80.0,0,I,RURAL_VICTORIA,ROAD,10,6.0
110794,1,3,116,1,1,80.0,0,N,TOWNS,HIGHWAY,10,8.0
110795,1,1,130,5,1,100.0,0,N,MELB_URBAN,ROAD,9,17.0
110796,1,2,121,1,3,60.0,0,I,MELB_URBAN,STREET,10,20.0
110797,1,2,130,4,1,60.0,0,I,MELB_URBAN,STREET,10,7.0
110798,1,5,133,2,1,60.0,0,I,MELB_URBAN,ROAD,5,13.0
110799,3,6,167,5,5,100.0,0,N,RURAL_VICTORIA,HIGHWAY,10,20.0
110800,6,3,174,1,2,60.0,0,I,MELB_URBAN,ROAD,10,6.0
110801,1,6,121,2,1,60.0,0,I,RURAL_VICTORIA,ROAD,10,11.0
110802,1,2,110,1,1,50.0,0,I,MELB_URBAN,STREET,10,9.0
110803,1,2,130,4,1,60.0,0,N,MELB_URBAN,ROAD,10,17.0
110804,1,5,130,2,1,70.0,0,I,MELB_URBAN,HIGHWAY,11,8.0
110805,1,3,140,5,1,100.0,0,N,RURAL_VICTORIA,ROAD,10,8.0
110806,1,2,116,2,9,60.0,0,I,MELB_URBAN,ROAD,10,17.0
110807,1,6,130,5,1,80.0,0,N,MELB_URBAN,ROAD,10,15.0
110808,1,3,99,2,1,50.0,0,I,MELB_URBAN,STREET,10,10.0
110809,1,6,132,5,1,60.0,0,N,MELB_URBAN,ROAD,10,16.0
110810,1,3,130,5,9,60.0,0,N,LARGE_PROVINCIAL_CITIES,STREET,10,11.0
110811,1,2,130,5,1,60.0,0,N,LARGE_PROVINCIAL_CITIES,ROAD,10,9.0
110812,1,5,135,5,1,80.0,0,I,MELB_URBAN,RAMP,10,9.0
110813,6,1,170,5,5,100.0,0,N,RURAL_VICTORIA,HIGHWAY,10,5.0
110814,1,3,130,5,1,60.0,0,N,MELB_URBAN,AVENUE,10,8.0
110815,1,2,99,5,1,40.0,0,N,MELB_URBAN,ROAD,9,8.0
110816,1,4,121,1,1,80.0,0,I,MELB_URBAN,HIGHWAY,9,13.0
110817,1,2,110,1,1,50.0,0,I,MELB_URBAN,STREET,10,15.0
110818,1,3,130,5,1,50.0,0,N,MELB_URBAN,STREET,8,8.0
110819,8,2,99,1,1,50.0,0,I,LARGE_PROVINCIAL_CITIES,STREET,9,13.0
110820,1,4,135,5,1,80.0,0,N,MELB_URBAN,ROAD,10,15.0
110821,1,3,111,1,1,60.0,0,I,MELB_URBAN,ROAD,10,13.0
110822,1,2,130,2,1,60.0,0,I,MELB_URBAN,ROAD,10,16.0
110823,1,2,130,5,1,60.0,0,N,SMALL_CITIES,STREET,10,13.0
110824,4,3,171,5,1,60.0,0,N,MELB_URBAN,BOULEVARD,10,10.0
110825,1,6,130,1,2,100.0,0,N,MELB_URBAN,RAMP,10,18.0
110826,1,2,130,5,9,60.0,0,N,MELB_URBAN,ROAD,9,6.0
110827,1,2,110,1,1,50.0,0,I,LARGE_PROVINCIAL_CITIES,STREET,10,15.0
110828,6,5,99,2,1,60.0,0,I,MELB_URBAN,ROAD,6,18.0
110829,1,2,110,1,1,50.0,0,I,SMALL_CITIES,STREET,10,17.0
110830,1,3,111,1,1,50.0,0,I,MELB_URBAN,DRIVE,10,16.0
110831,2,3,99,5,1,60.0,0,N,LARGE_PROVINCIAL_CITIES,ROAD,10,16.0
110832,1,3,99,1,1,60.0,0,I,MELB_URBAN,ROAD,10,14.0
110833,4,3,173,5,1,100.0,0,N,RURAL_VICTORIA,ROAD,10,15.0
110834,1,3,121,2,3,40.0,0,I,MELB_URBAN,STREET,10,19.0
110835,1,3,130,5,1,100.0,0,N,MELB_URBAN,FREEWAY,10,16.0
110836,1,3,132,1,1,60.0,0,N,MELB_URBAN,ROAD,10,15.0
110837,1,2,130,5,1,80.0,0,N,MELB_URBAN,OTHER,10,16.0
110838,1,3,113,2,2,60.0,0,I,MELB_URBAN,ROAD,10,19.0
110839,1,3,130,5,3,60.0,0,N,MELB_URBAN,UNKNOWN,10,23.0
110840,4,3,99,2,3,50.0,0,N,MELB_URBAN,STREET,10,23.0
110841,1,4,133,5,3,80.0,0,N,MELB_URBAN,ROAD,10,1.0
110842,1,4,110,1,3,60.0,0,I,MELB_URBAN,ROAD,10,2.0
110843,1,1,130,5,1,60.0,0,N,SMALL_CITIES,AVENUE,10,17.0
110844,1,2,121,1,1,50.0,0,I,MELB_URBAN,STREET,10,14.0
110845,1,3,130,5,1,70.0,0,N,MELB_URBAN,HIGHWAY,10,13.0
110846,1,4,132,5,1,50.0,0,N,TOWNS,DRIVE,9,11.0
110847,1,1,110,1,3,60.0,0,N,MELB_URBAN,ROAD,5,20.0
110848,1,4,121,1,1,60.0,0,I,SMALL_TOWNS,ROAD,10,6.0
110849,1,3,130,5,1,70.0,0,N,MELB_URBAN,STREET,10,7.0
110850,1,4,99,2,1,60.0,0,N,RURAL_VICTORIA,ROAD,10,8.0
110851,1,2,134,5,1,60.0,0,N,MELB_URBAN,STREET,10,18.0
110852,1,3,130,5,1,100.0,0,N,MELB_URBAN,FREEWAY,10,7.0
110853,1,4,130,5,1,100.0,0,N,MELB_URBAN,ROAD,10,8.0
110854,1,0,121,1,3,50.0,0,I,MELB_URBAN,ROAD,7,19.0
110855,1,3,120,5,1,60.0,0,N,MELB_URBAN,DRIVE,10,9.0
110856,1,3,132,5,1,60.0,0,N,MELB_URBAN,ROAD,10,13.0
110857,1,4,99,5,1,80.0,0,N,MELB_URBAN,UNKNOWN,10,9.0
110858,2,4,100,1,1,60.0,0,N,MELB_URBAN,ROAD,10,8.0
110859,1,3,130,5,2,80.0,0,N,MELB_URBAN,FREEWAY,10,17.0
110860,1,4,99,1,9,60.0,0,I,MELB_URBAN,AVENUE,10,8.0
110861,1,1,110,1,1,60.0,0,I,MELB_URBAN,STREET,10,14.0
110862,1,6,130,5,1,80.0,0,N,MELB_URBAN,ROAD,10,16.0
110863,1,4,113,2,1,60.0,0,I,MELB_URBAN,ROAD,10,7.0
110864,1,3,130,5,1,40.0,0,N,MELB_URBAN,STREET,10,15.0
110865,1,2,130,5,2,60.0,0,N,MELB_URBAN,ROAD,10,6.0
110866,1,2,111,2,1,100.0,0,N,RURAL_VICTORIA,ROAD,9,15.0
110867,8,4,99,2,3,60.0,0,N,MELB_URBAN,OTHER,10,5.0
110868,1,3,132,1,9,50.0,0,N,MELB_URBAN,STREET,10,13.0
110869,2,3,100,1,1,60.0,0,I,MELB_URBAN,ROAD,10,10.0
110870,1,4,110,1,1,100.0,0,I,RURAL_VICTORIA,HIGHWAY,10,11.0
110871,1,2,130,5,1,60.0,0,N,SMALL_CITIES,ROAD,8,16.0
110872,1,3,134,5,1,60.0,0,N,MELB_URBAN,STREET,10,14.0
110873,1,3,99,2,1,60.0,0,I,MELB_URBAN,PARADE,10,14.0
110874,1,7,130,1,6,60.0,0,N,MELB_URBAN,ROAD,8,22.0
110875,1,3,121,1,1,60.0,0,I,MELB_URBAN,ROAD,10,12.0
110876,2,3,99,5,1,50.0,0,N,LARGE_PROVINCIAL_CITIES,STREET,10,19.0
110877,1,4,113,2,2,50.0,0,I,LARGE_PROVINCIAL_CITIES,STREET,10,17.0
110878,4,4,171,5,1,60.0,0,N,RURAL_VICTORIA,ROAD,10,14.0
110879,1,2,130,5,1,80.0,0,N,MELB_URBAN,HIGHWAY,10,7.0
110880,2,4,100,3,1,50.0,0,I,MELB_URBAN,STREET,10,18.0
110881,2,3,100,5,1,60.0,0,N,MELB_URBAN,STREET,10,18.0
110882,3,6,167,5,3,100.0,0,N,RURAL_VICTORIA,RAMP,10,23.0
110883,1,4,121,2,1,40.0,0,I,MELB_URBAN,STREET,10,17.0
110884,1,4,133,2,1,60.0,0,I,MELB_URBAN,PARADE,10,15.0
110885,1,4,160,5,3,50.0,0,N,MELB_URBAN,ROAD,10,0.0
110886,8,4,99,5,1,100.0,0,N,RURAL_VICTORIA,ROAD,10,17.0
110887,1,3,130,5,1,80.0,0,N,MELB_URBAN,ROAD,10,16.0
110888,1,4,110,1,1,60.0,0,I,MELB_URBAN,STREET,10,19.0
110889,1,4,135,5,3,100.0,0,N,MELB_URBAN,ROAD,10,20.0
110890,1,1,130,5,1,60.0,0,N,MELB_URBAN,FREEWAY,10,10.0
110891,1,5,99,2,1,50.0,0,I,MELB_URBAN,STREET,10,19.0
110892,1,4,120,5,5,100.0,1,N,RURAL_VICTORIA,ROAD,10,20.0
110893,4,4,181,5,5,100.0,0,N,RURAL_VICTORIA,STREET,10,23.0
110894,6,4,170,2,5,60.0,0,N,RURAL_VICTORIA,ROAD,10,2.0
110895,1,3,99,5,1,50.0,0,N,MELB_URBAN,STREET,10,11.0
110896,1,4,120,5,1,60.0,0,N,MELB_URBAN,ROAD,10,13.0
110897,1,4,121,2,1,70.0,0,N,MELB_URBAN,ROAD,10,9.0
110898,1,5,135,5,1,110.0,0,N,SMALL_CITIES,FREEWAY,10,6.0