,accident_type,day_of_week,dca_code,road_geometry,light_condition,speed_zone,severity,node_type,deg_urban_name,road_type,month,hour
110899,2,5,100,5,1,60.0,0,N,MELB_URBAN,ROAD,10,6.0
110900,1,5,130,5,1,40.0,0,N,RURAL_VICTORIA,HIGHWAY,10,8.0
110901,1,3,113,2,1,80.0,0,I,SMALL_CITIES,HIGHWAY,10,17.0
110902,1,4,121,1,1,60.0,0,N,LARGE_PROVINCIAL_CITIES,ROAD,10,9.0
110903,1,5,99,1,1,40.0,0,N,MELB_URBAN,STREET,10,8.0
110904,1,5,140,5,1,100.0,0,N,RURAL_VICTORIA,ROAD,10,9.0
110905,3,4,167,5,5,100.0,0,N,RURAL_VICTORIA,HIGHWAY,10,20.0
110906,2,5,99,2,1,60.0,0,N,MELB_URBAN,AVENUE,10,8.0
110907,4,4,171,5,1,110.0,0,N,RURAL_VICTORIA,FREEWAY,10,10.0
110908,4,5,171,5,1,100.0,0,N,RURAL_VICTORIA,ROAD,10,7.0
110909,2,4,100,2,1,60.0,0,N,MELB_URBAN,ROAD,10,11.0
110910,6,4,170,5,1,60.0,0,N,RURAL_VICTORIA,UNKNOWN,10,11.0
110911,1,5,130,5,9,60.0,0,N,MELB_URBAN,ROAD,5,14.0
110912,1,3,134,5,1,80.0,0,N,MELB_URBAN,ROAD,10,14.0
110913,6,4,170,5,1,110.0,0,N,RURAL_VICTORIA,HIGHWAY,10,11.0
110914,1,5,113,2,1,80.0,0,I,MELB_URBAN,ROAD,10,7.0
110915,2,5,100,2,1,60.0,0,I,MELB_URBAN,AVENUE,10,7.0
110916,2,5,100,2,1,50.0,0,I,MELB_URBAN,ROAD,10,10.0
110917,1,2,110,1,1,50.0,0,I,MELB_URBAN,STREET,10,7.0
110918,1,4,130,1,1,60.0,0,N,MELB_URBAN,STREET,10,7.0
110919,8,4,170,5,1,80.0,0,N,MELB_URBAN,HIGHWAY,10,11.0
110920,1,3,130,5,1,100.0,0,N,MELB_URBAN,ROAD,10,17.0
110921,4,5,181,5,1,80.0,0,N,RURAL_VICTORIA,ROAD,10,10.0
110922,1,3,130,1,9,80.0,0,N,MELB_URBAN,DRIVE,10,17.0
110923,1,4,121,2,1,60.0,0,I,MELB_URBAN,ROAD,10,15.0
110924,1,2,130,2,1,40.0,0,UNKNOWN,UNKNOWN,UNKNOWN,10,8.0
110925,1,5,99,5,1,60.0,0,N,MELB_URBAN,ROAD,10,11.0
110926,1,4,130,5,1,60.0,0,N,MELB_URBAN,ROAD,10,12.0
110927,6,1,174,5,1,50.0,0,N,MELB_URBAN,STREET,10,16.0
110928,8,5,99,5,1,80.0,0,N,RURAL_VICTORIA,HIGHWAY,10,15.0
110929,1,5,99,5,1,100.0,0,N,MELB_URBAN,FREEWAY,10,14.0
110930,4,5,181,5,1,80.0,0,N,RURAL_VICTORIA,ROAD,10,16.0
110931,1,3,130,2,1,60.0,0,I,MELB_URBAN,ROAD,10,12.0
110932,2,5,100,5,1,40.0,0,N,MELB_URBAN,STREET,10,18.0
110933,1,4,99,5,1,60.0,0,N,RURAL_VICTORIA,ROAD,10,17.0
110934,1,4,110,1,1,60.0,0,I,MELB_URBAN,HIGHWAY,10,18.0
110935,1,5,121,5,3,60.0,0,N,RURAL_VICTORIA,ROAD,10,21.0
110936,1,5,113,1,3,60.0,0,I,MELB_URBAN,RAMP,10,21.0
110937,1,4,130,5,1,60.0,0,N,MELB_URBAN,ROAD,10,14.0
110938,1,4,110,1,1,50.0,0,I,MELB_URBAN,STREET,10,17.0
110939,4,5,173,5,1,100.0,0,N,MELB_URBAN,FREEWAY,10,15.0
110940,1,5,121,2,1,60.0,0,I,MELB_URBAN,ROAD,10,17.0
110941,1,4,130,5,5,100.0,0,N,MELB_URBAN,FREEWAY,10,23.0
110942,1,5,130,1,6,60.0,0,N,MELB_URBAN,STREET,7,21.0
110943,1,5,111,1,3,80.0,0,I,MELB_URBAN,OTHER,10,4.0
110944,1,3,130,5,1,40.0,0,N,MELB_URBAN,ROAD,10,14.0
110945,4,6,171,5,1,60.0,0,N,MELB_URBAN,STREET,10,13.0
110946,1,2,110,1,1,50.0,0,I,LARGE_PROVINCIAL_CITIES,STREET,10,8.0
110947,8,6,99,5,2,50.0,0,N,TOWNS,UNKNOWN,10,6.0
110948,1,3,121,1,1,60.0,0,I,MELB_URBAN,STREET,10,7.0
110949,1,6,111,2,1,60.0,0,N,MELB_URBAN,ROAD,10,8.0
110950,4,4,171,5,5,100.0,0,N,RURAL_VICTORIA,ROAD,10,20.0
110951,1,6,110,1,1,80.0,0,I,RURAL_VICTORIA,ROAD,10,8.0
110952,8,6,99,5,1,60.0,0,N,TOWNS,ROAD,9,14.0
110953,1,5,116,1,1,60.0,0,I,TOWNS,ROAD,10,7.0
110954,2,4,102,1,1,50.0,0,I,MELB_URBAN,STREET,10,7.0
110955,4,6,171,5,1,100.0,0,N,RURAL_VICTORIA,ROAD,10,8.0
110956,1,6,130,2,1,70.0,0,I,MELB_URBAN,ROAD,10,7.0
110957,1,6,110,1,3,60.0,0,I,MELB_URBAN,DRIVE,10,21.0
110958,1,6,121,1,1,60.0,0,I,MELB_URBAN,STREET,10,10.0
110959,1,2,99,2,1,60.0,0,I,MELB_URBAN,HIGHWAY,10,15.0
110960,4,4,171,5,1,100.0,0,N,RURAL_VICTORIA,FREEWAY,10,7.0
110961,4,6,181,5,1,70.0,0,N,RURAL_VICTORIA,ROAD,10,8.0
110962,1,2,130,2,1,60.0,0,I,RURAL_VICTORIA,HIGHWAY,10,18.0
110963,1,3,130,5,9,60.0,0,N,MELB_URBAN,ROAD,10,10.0
110964,1,3,121,1,1,50.0,0,I,MELB_URBAN,STREET,10,16.0
110965,8,6,99,5,1,100.0,0,N,RURAL_VICTORIA,ROAD,10,9.0
110966,1,6,110,1,9,60.0,0,I,MELB_URBAN,ROAD,10,10.0
110967,1,5,121,5,1,80.0,0,N,MELB_URBAN,ROAD,10,13.0
110968,1,7,130,1,1,50.0,0,N,MELB_URBAN,AVENUE,10,8.0
110969,1,3,110,1,1,60.0,0,I,MELB_URBAN,OTHER,10,14.0
110970,1,6,130,5,1,60.0,0,N,SMALL_CITIES,AVENUE,10,14.0
110971,1,6,132,1,1,80.0,0,N,MELB_URBAN,ROAD,10,17.0
110972,1,6,130,5,1,60.0,0,N,SMALL_CITIES,ROAD,10,15.0
110973,1,5,111,1,1,50.0,0,I,MELB_URBAN,STREET,10,13.0
110974,1,3,147,5,3,50.0,0,N,MELB_URBAN,ROAD,10,20.0
110975,2,5,99,2,1,50.0,0,N,MELB_URBAN,OTHER,10,15.0
110976,1,6,110,1,1,60.0,0,I,LARGE_PROVINCIAL_CITIES,ROAD,10,16.0
110977,1,3,99,1,3,40.0,0,I,MELB_URBAN,ROAD,10,20.0
110978,2,5,100,2,1,50.0,0,N,SMALL_CITIES,STREET,10,14.0
110979,1,6,113,2,1,60.0,0,N,MELB_URBAN,UNKNOWN,10,8.0
110980,1,4,130,5,1,60.0,0,N,MELB_URBAN,ROAD,10,18.0
110981,1,2,113,2,1,50.0,0,I,LARGE_PROVINCIAL_CITIES,ROAD,7,17.0
110982,1,6,121,1,1,70.0,0,I,MELB_URBAN,ROAD,10,12.0
110983,1,6,113,1,1,100.0,0,I,RURAL_VICTORIA,HIGHWAY,10,13.0
110984,1,6,160,5,1,60.0,0,N,MELB_URBAN,ROAD,10,16.0
110985,1,6,113,2,1,60.0,0,I,SMALL_CITIES,ROAD,10,17.0
110986,1,5,130,5,1,80.0,0,N,MELB_URBAN,FREEWAY,1,14.0
110987,1,6,116,2,1,60.0,0,I,MELB_URBAN,ROAD,10,17.0
110988,1,5,121,1,1,80.0,0,I,RURAL_VICTORIA,ROAD,10,18.0
110989,1,6,130,5,1,60.0,0,N,MELB_URBAN,ROAD,10,11.0
110990,1,6,99,2,1,60.0,0,I,MELB_URBAN,STREET,10,10.0
110991,1,6,99,5,1,60.0,0,N,MELB_URBAN,FREEWAY,10,17.0
110992,1,5,130,5,1,60.0,0,N,MELB_URBAN,STREET,10,18.0
110993,1,4,111,2,1,60.0,0,I,MELB_URBAN,ROAD,10,14.0
110994,4,6,183,5,3,50.0,0,N,MELB_URBAN,DRIVE,10,21.0
110995,1,6,130,1,3,70.0,0,N,MELB_URBAN,HIGHWAY,10,21.0
110996,1,6,147,5,3,50.0,0,N,LARGE_PROVINCIAL_CITIES,STREET,10,23.0
110997,4,6,173,2,1,80.0,0,I,RURAL_VICTORIA,ROAD,10,18.0
110998,2,7,100,5,4,80.0,0,N,MELB_URBAN,HIGHWAY,10,0.0
110999,1,6,110,1,3,80.0,0,N,MELB_URBAN,HIGHWAY,10,21.0
111000,4,7,171,5,3,50.0,0,N,MELB_URBAN,ROAD,10,2.0
111001,1,3,130,5,5,110.0,0,N,RURAL_VICTORIA,FREEWAY,10,21.0
111002,6,7,99,5,3,60.0,0,N,TOWNS,OTHER,10,0.0
111003,2,7,99,5,5,80.0,1,N,LARGE_PROVINCIAL_CITIES,AVENUE,10,3.0
111004,1,6,110,1,1,50.0,0,I,MELB_URBAN,ROAD,10,16.0
111005,1,5,147,5,1,60.0,0,N,TOWNS,STREET,10,11.0
111006,1,6,134,1,1,40.0,0,I,MELB_URBAN,STREET,10,12.0
111007,5,7,99,5,5,100.0,0,N,RURAL_VICTORIA,ROAD,10,4.0
111008,1,5,99,5,1,60.0,0,N,MELB_URBAN,ROAD,10,16.0
111009,1,6,99,1,1,50.0,0,I,MELB_URBAN,STREET,10,15.0
111010,1,6,147,5,1,50.0,0,N,MELB_URBAN,HIGHWAY,10,16.0
111011,2,6,99,5,9,60.0,0,N,SMALL_CITIES,ROAD,10,23.0
111012,1,7,132,5,1,60.0,0,N,LARGE_PROVINCIAL_CITIES,ROAD,10,11.0
111013,6,7,174,5,1,100.0,0,N,RURAL_VICTORIA,HIGHWAY,10,10.0
111014,4,6,183,5,1,100.0,0,N,RURAL_VICTORIA,ROAD,10,9.0
111015,1,7,130,2,1,70.0,0,I,MELB_URBAN,ROAD,10,13.0
111016,4,7,173,5,1,50.0,0,N,SMALL_CITIES,STREET,10,12.0
111017,1,7,111,1,1,60.0,0,I,SMALL_CITIES,ROAD,10,14.0
111018,1,7,113,2,1,80.0,0,I,RURAL_VICTORIA,HIGHWAY,10,14.0
111019,4,7,173,5,1,80.0,0,N,MELB_URBAN,RAMP,10,16.0
111020,1,6,130,5,1,60.0,0,N,MELB_URBAN,ROAD,10,8.0
111021,1,7,110,1,1,80.0,0,I,RURAL_VICTORIA,ROAD,10,17.0
111022,1,7,99,1,1,60.0,0,N,MELB_URBAN,STREET,10,16.0
111023,1,7,121,2,1,60.0,0,I,MELB_URBAN,ROAD,10,18.0
111024,6,6,99,5,5,50.0,0,N,MELB_URBAN,STREET,10,21.0
111025,4,7,183,5,5,50.0,0,N,RURAL_VICTORIA,ROAD,10,5.0
111026,1,1,130,1,3,60.0,0,N,MELB_URBAN,STREET,10,4.0
111027,4,1,171,5,3,50.0,0,N,MELB_URBAN,AVENUE,10,0.0
111028,1,6,120,5,1,100.0,0,N,RURAL_VICTORIA,HIGHWAY,10,15.0
111029,4,7,171,5,1,60.0,0,N,MELB_URBAN,ROAD,10,13.0
111030,6,1,99,5,5,100.0,0,N,RURAL_VICTORIA,ROAD,10,3.0
111031,6,0,99,5,1,110.0,0,N,RURAL_VICTORIA,RAMP,10,8.0
111032,1,1,120,5,1,50.0,0,N,MELB_URBAN,DRIVE,10,9.0
111033,1,1,130,2,1,80.0,0,I,MELB_URBAN,ROAD,10,9.0
111034,1,5,121,1,3,60.0,0,I,MELB_URBAN,ROAD,10,19.0
111035,1,5,132,2,1,60.0,0,N,MELB_URBAN,ROAD,10,16.0
111036,6,0,170,5,3,60.0,0,N,MELB_URBAN,HIGHWAY,9,19.0
111037,1,1,130,2,1,80.0,0,I,LARGE_PROVINCIAL_CITIES,ROAD,10,12.0
111038,8,1,174,9,1,100.0,0,N,RURAL_VICTORIA,ROAD,10,11.0
111039,4,1,171,5,5,50.0,0,N,RURAL_VICTORIA,DRIVE,10,20.0
111040,4,1,181,5,1,80.0,0,N,RURAL_VICTORIA,ROAD,10,13.0
111041,1,1,113,2,1,80.0,0,I,MELB_URBAN,ROAD,10,18.0
111042,4,1,173,1,1,50.0,0,I,MELB_URBAN,ROAD,10,15.0
111043,4,1,173,5,1,80.0,0,N,MELB_URBAN,ROAD,10,14.0
111044,1,1,110,1,2,50.0,0,I,SMALL_CITIES,ROAD,10,19.0
111045,2,5,99,5,1,60.0,0,N,MELB_URBAN,ROAD,12,13.0
111046,1,1,113,2,1,60.0,0,N,RURAL_VICTORIA,ROAD,10,19.0
111047,6,1,174,5,1,40.0,0,N,MELB_URBAN,ROAD,10,18.0
111048,4,1,171,5,3,60.0,0,N,LARGE_PROVINCIAL_CITIES,STREET,10,20.0
111049,1,1,120,5,1,100.0,1,N,RURAL_VICTORIA,ROAD,10,13.0
111050,1,3,163,5,9,50.0,0,N,MELB_URBAN,STREET,10,17.0
111051,2,1,99,5,3,70.0,1,N,MELB_URBAN,ROAD,10,22.0
111052,1,1,110,1,3,60.0,0,N,MELB_URBAN,STREET,10,4.0
111053,1,1,121,2,1,40.0,0,I,MELB_URBAN,ROAD,10,14.0
111054,2,2,99,5,3,50.0,0,N,MELB_URBAN,STREET,10,5.0
111055,1,2,99,2,1,40.0,0,I,MELB_URBAN,STREET,10,7.0
111056,1,2,116,2,1,40.0,0,I,MELB_URBAN,PARADE,10,7.0
111057,2,2,100,2,1,50.0,0,I,MELB_URBAN,STREET,10,7.0
111058,3,1,167,5,1,60.0,0,N,RURAL_VICTORIA,ROAD,10,11.0
111059,1,3,130,5,3,60.0,0,N,MELB_URBAN,ROAD,9,18.0
111060,1,2,134,5,1,100.0,0,N,MELB_URBAN,RAMP,10,18.0
111061,1,5,130,5,1,60.0,0,N,MELB_URBAN,ROAD,10,8.0
111062,8,6,174,2,9,60.0,0,I,SMALL_CITIES,OTHER,9,21.0
111063,1,6,147,5,1,50.0,0,N,MELB_URBAN,PARADE,10,12.0
111064,6,1,174,5,1,70.0,0,N,MELB_URBAN,ROAD,10,11.0
111065,6,6,174,5,2,60.0,0,N,MELB_URBAN,ROAD,10,18.0
111066,6,7,174,2,1,60.0,0,I,RURAL_VICTORIA,ROAD,10,16.0
111067,6,1,174,2,1,60.0,0,I,RURAL_VICTORIA,OTHER,10,13.0
111068,8,3,130,5,1,80.0,0,N,RURAL_VICTORIA,ROAD,10,15.0
111069,4,5,99,2,1,50.0,0,I,MELB_URBAN,ROAD,10,14.0
111070,1,6,130,5,1,70.0,0,N,SMALL_CITIES,AVENUE,10,11.0
111071,1,7,113,2,1,60.0,0,I,MELB_URBAN,ROAD,10,13.0
111072,1,1,120,5,1,50.0,0,N,MELB_URBAN,DRIVE,10,12.0
111073,4,2,171,5,1,100.0,0,N,MELB_URBAN,FREEWAY,10,9.0
111074,1,1,121,4,1,60.0,0,I,SMALL_CITIES,RAMP,10,17.0
111075,1,2,99,4,1,60.0,0,N,LARGE_PROVINCIAL_CITIES,ROAD,10,13.0
111076,1,2,130,5,1,60.0,0,N,RURAL_VICTORIA,FREEWAY,10,18.0
111077,1,2,140,5,1,80.0,0,N,MELB_URBAN,ROAD,10,12.0
111078,1,2,160,5,1,50.0,0,N,MELBOURNE_CBD,OTHER,10,13.0
111079,4,2,171,5,1,100.0,0,N,RURAL_VICTORIA,ROAD,10,9.0
111080,1,6,130,1,1,60.0,0,I,LARGE_PROVINCIAL_CITIES,STREET,9,16.0
111081,1,2,120,5,1,60.0,0,N,RURAL_VICTORIA,ROAD,10,14.0
111082,1,2,147,5,1,50.0,0,N,MELB_URBAN,BOULEVARD,10,13.0
111083,1,2,113,2,1,50.0,0,N,SMALL_CITIES,DRIVE,10,15.0
111084,1,1,130,5,1,60.0,0,N,SMALL_CITIES,ROAD,10,16.0
111085,1,3,130,5,1,70.0,0,N,MELB_URBAN,HIGHWAY,10,9.0
111086,1,2,99,5,1,60.0,0,N,MELB_URBAN,STREET,10,11.0
111087,1,7,130,5,1,60.0,0,N,MELB_URBAN,ROAD,10,13.0
111088,1,2,130,5,1,60.0,0,I,RURAL_VICTORIA,ROAD,10,16.0
111089,1,2,99,1,1,60.0,0,N,MELB_URBAN,STREET,10,16.0
111090,1,4,160,5,1,60.0,0,N,MELB_URBAN,ROAD,10,7.0
111091,2,3,100,2,2,60.0,0,N,MELB_URBAN,BOULEVARD,10,20.0
111092,4,2,171,5,1,80.0,0,N,RURAL_VICTORIA,ROAD,10,16.0
111093,1,2,130,5,1,60.0,0,N,MELB_URBAN,ROAD,10,17.0
111094,1,4,99,2,1,60.0,0,I,MELB_URBAN,STREET,10,8.0
111095,8,1,174,5,1,100.0,0,N,RURAL_VICTORIA,ROAD,10,14.0
111096,1,2,99,2,1,60.0,0,I,MELB_URBAN,ROAD,10,16.0
111097,1,7,130,1,9,60.0,0,I,MELB_URBAN,STREET,10,21.0
111098,3,2,167,5,1,100.0,0,N,RURAL_VICTORIA,ROAD,10,17.0
111099,1,2,147,5,5,60.0,0,N,TOWNS,ROAD,10,20.0
111100,1,2,99,2,1,80.0,0,N,MELB_URBAN,ROAD,10,16.0
111101,4,2,171,5,5,100.0,0,N,RURAL_VICTORIA,ROAD,10,20.0
111102,1,1,130,5,1,60.0,0,N,MELB_URBAN,FREEWAY,10,16.0
111103,4,2,183,5,1,100.0,1,N,RURAL_VICTORIA,ROAD,10,11.0
111104,1,2,121,2,1,50.0,0,I,MELB_URBAN,STREET,10,17.0
111105,1,3,130,5,3,80.0,0,N,RURAL_VICTORIA,HIGHWAY,10,4.0
111106,4,2,173,5,3,70.0,0,N,MELB_URBAN,ROAD,10,0.0
111107,4,2,173,5,5,100.0,0,N,RURAL_VICTORIA,ROAD,10,21.0
111108,1,2,130,2,1,80.0,0,I,MELB_URBAN,ROAD,10,9.0
111109,1,3,130,2,1,60.0,0,I,LARGE_PROVINCIAL_CITIES,STREET,10,8.0
111110,1,3,121,1,1,60.0,0,I,MELB_URBAN,STREET,10,7.0
111111,1,3,160,5,1,40.0,0,N,LARGE_PROVINCIAL_CITIES,STREET,10,8.0
111112,1,5,130,5,1,100.0,0,N,MELB_URBAN,FREEWAY,10,7.0
111113,1,3,130,5,1,100.0,0,N,MELB_URBAN,FREEWAY,10,10.0
111114,1,2,110,1,1,50.0,0,I,RURAL_VICTORIA,STREET,10,10.0
111115,1,3,132,2,1,50.0,0,I,MELB_URBAN,DRIVE,10,10.0
111116,1,3,130,4,1,100.0,0,I,MELB_URBAN,FREEWAY,10,8.0
111117,1,3,133,5,1,60.0,0,N,MELB_URBAN,ROAD,10,9.0
111118,1,3,111,1,1,50.0,0,I,MELB_URBAN,ROAD,10,10.0
111119,1,2,121,2,1,60.0,0,I,MELB_URBAN,DRIVE,10,7.0
111120,1,2,147,5,2,60.0,0,N,MELB_URBAN,OTHER,10,20.0
111121,1,1,113,2,1,60.0,0,I,MELB_URBAN,ROAD,10,18.0
111122,6,3,184,5,1,60.0,0,N,TOWNS,STREET,10,10.0
111123,8,6,174,5,1,100.0,0,N,RURAL_VICTORIA,ROAD,10,11.0
111124,1,3,113,2,1,50.0,0,I,MELB_URBAN,DRIVE,10,12.0
111125,1,3,110,1,1,80.0,0,I,SMALL_CITIES,ROAD,10,10.0
111126,1,3,140,5,1,40.0,0,N,MELB_URBAN,STREET,10,11.0
111127,1,5,99,1,1,60.0,0,I,MELB_URBAN,ROAD,10,10.0
111128,1,3,99,5,1,80.0,0,N,MELB_URBAN,ROAD,10,13.0
111129,8,3,99,5,1,60.0,0,N,SMALL_TOWNS,ROAD,10,14.0
111130,1,2,134,5,1,80.0,0,N,MELB_URBAN,ROAD,10,10.0
111131,1,2,130,5,2,100.0,0,N,MELB_URBAN,ROAD,1,17.0
111132,1,6,132,5,1,60.0,0,N,MELB_URBAN,ROAD,10,16.0
111133,1,1,147,5,2,60.0,0,N,SMALL_CITIES,STREET,10,19.0
111134,1,2,121,2,9,60.0,0,I,MELB_URBAN,ROAD,10,16.0
111135,1,2,130,5,1,60.0,0,N,SMALL_CITIES,HIGHWAY,7,15.0
111136,1,3,147,5,1,60.0,0,N,MELB_URBAN,ROAD,10,14.0
111137,1,2,130,5,1,100.0,0,N,MELB_URBAN,FREEWAY,10,15.0
111138,1,2,110,1,1,100.0,0,I,SMALL_TOWNS,ROAD,10,15.0
111139,4,1,171,5,5,40.0,0,N,MELB_URBAN,ROAD,4,23.0
111140,1,3,121,5,1,100.0,1,N,RURAL_VICTORIA,HIGHWAY,10,12.0
111141,1,3,113,2,1,60.0,0,I,MELB_URBAN,STREET,10,17.0
111142,6,0,99,5,5,80.0,0,N,RURAL_VICTORIA,HIGHWAY,10,21.0
111143,1,1,163,5,1,50.0,0,N,MELB_URBAN,ROAD,10,17.0
111144,1,2,130,5,1,60.0,0,N,LARGE_PROVINCIAL_CITIES,ROAD,10,15.0
111145,1,3,113,2,1,80.0,0,I,RURAL_VICTORIA,HIGHWAY,10,18.0
111146,1,5,130,2,9,60.0,0,N,MELB_URBAN,STREET,5,9.0
111147,1,2,130,5,1,80.0,0,N,MELB_URBAN,ROAD,10,15.0
111148,1,2,121,2,3,50.0,0,I,MELB_URBAN,STREET,10,20.0
111149,1,3,132,2,1,50.0,0,I,MELB_URBAN,STREET,10,17.0
111150,4,3,171,5,5,100.0,0,N,RURAL_VICTORIA,ROAD,10,20.0
111151,4,3,171,5,2,100.0,0,N,RURAL_VICTORIA,ROAD,10,20.0
111152,1,3,110,1,3,50.0,0,I,MELB_URBAN,STREET,10,21.0
111153,1,3,130,5,2,60.0,0,N,MELB_URBAN,ROAD,10,18.0
111154,1,2,121,2,1,60.0,0,I,MELB_URBAN,STREET,10,18.0
111155,1,5,121,1,1,80.0,0,I,MELB_URBAN,ROAD,10,18.0
111156,4,4,173,2,3,60.0,0,I,SMALL_CITIES,ROAD,10,3.0
111157,1,3,130,9,2,100.0,0,N,MELB_URBAN,FREEWAY,10,6.0
111158,1,1,163,5,2,40.0,0,N,MELB_URBAN,OTHER,10,6.0
111159,1,3,130,5,1,100.0,0,N,MELB_URBAN,ROAD,10,6.0
111160,4,2,181,5,1,80.0,0,N,RURAL_VICTORIA,ROAD,10,12.0
111161,1,3,111,2,1,60.0,0,I,MELB_URBAN,ROAD,10,6.0
111162,1,3,113,2,1,50.0,0,N,SMALL_CITIES,STREET,10,7.0
111163,4,1,171,5,1,100.0,0,N,RURAL_VICTORIA,ROAD,10,11.0
111164,4,4,171,5,1,80.0,0,N,RURAL_VICTORIA,ROAD,10,7.0
111165,1,6,111,1,1,100.0,0,I,MELB_URBAN,ROAD,10,13.0
111166,1,3,111,2,1,60.0,0,I,MELB_URBAN,STREET,10,8.0
111167,1,4,130,5,1,70.0,0,N,MELB_URBAN,ROAD,10,8.0
111168,1,3,130,5,1,100.0,0,N,MELB_URBAN,FREEWAY,10,8.0
111169,1,4,147,5,9,60.0,0,N,MELB_URBAN,ROAD,10,6.0
111170,7,6,99,5,1,70.0,0,N,MELB_URBAN,ROAD,10,13.0
111171,4,3,183,5,5,100.0,0,N,RURAL_VICTORIA,HIGHWAY,10,4.0
111172,1,4,130,5,9,80.0,0,N,MELB_URBAN,ROAD,10,15.0
111173,1,2,121,2,1,60.0,0,I,MELB_URBAN,STREET,10,16.0
111174,1,4,163,5,1,60.0,0,N,MELB_URBAN,PARADE,10,10.0
111175,1,3,111,1,1,60.0,0,I,MELB_URBAN,ROAD,10,15.0
111176,2,6,99,1,2,60.0,0,N,MELB_URBAN,STREET,10,18.0
111177,1,4,130,5,1,80.0,0,N,MELB_URBAN,ROAD,10,11.0
111178,1,2,110,1,1,50.0,0,I,LARGE_PROVINCIAL_CITIES,STREET,10,15.0
111179,1,3,163,5,1,40.0,0,N,MELB_URBAN,ROAD,10,12.0
111180,1,4,130,5,1,100.0,0,N,MELB_URBAN,FREEWAY,10,9.0
111181,1,2,130,5,1,60.0,0,N,RURAL_VICTORIA,ROAD,10,16.0
111182,1,3,120,5,1,40.0,0,N,RURAL_VICTORIA,ROAD,10,8.0
111183,1,3,130,1,1,60.0,0,I,MELB_URBAN,RAMP,10,13.0
111184,8,4,99,4,1,50.0,0,N,TOWNS,STREET,10,14.0
111185,4,4,181,5,1,100.0,1,N,RURAL_VICTORIA,ROAD,10,7.0
111186,1,4,110,1,1,60.0,0,I,TOWNS,ROAD,10,13.0
111187,1,2,130,2,1,60.0,0,I,SMALL_CITIES,ROAD,10,6.0
111188,1,3,120,5,1,100.0,0,N,RURAL_VICTORIA,HIGHWAY,10,17.0
111189,1,6,99,2,1,60.0,0,N,MELB_URBAN,ROAD,10,15.0
111190,2,4,100,2,1,60.0,0,N,MELB_URBAN,ROAD,10,14.0
111191,8,1,99,3,1,60.0,0,I,RURAL_VICTORIA,ROAD,10,13.0
111192,1,5,130,1,2,60.0,0,N,MELB_URBAN,ROAD,9,17.0
111193,6,3,174,5,1,50.0,0,N,SMALL_TOWNS,ROAD,10,13.0
111194,1,4,120,5,1,80.0,0,N,RURAL_VICTORIA,HIGHWAY,10,16.0
111195,2,4,100,1,1,60.0,0,I,MELB_URBAN,ROAD,10,17.0
111196,1,4,113,2,1,100.0,0,I,RURAL_VICTORIA,ROAD,10,15.0
111197,1,4,130,5,1,60.0,0,N,MELB_URBAN,ROAD,10,17.0
111198,1,4,130,5,9,60.0,0,N,RURAL_VICTORIA,FREEWAY,10,16.0
111199,7,1,99,2,1,60.0,0,N,MELB_URBAN,ROAD,10,16.0
111200,8,2,174,1,1,40.0,0,I,MELB_URBAN,STREET,10,16.0
111201,6,3,174,5,1,50.0,0,N,MELB_URBAN,STREET,10,15.0
111202,1,2,130,5,1,50.0,0,N,MELB_URBAN,ROAD,10,16.0
111203,1,1,130,5,2,60.0,0,N,SMALL_CITIES,HIGHWAY,8,6.0
111204,2,3,100,1,1,60.0,0,N,TOWNS,STREET,2,15.0
111205,1,4,140,5,1,60.0,0,N,MELB_URBAN,HIGHWAY,10,14.0
111206,1,4,110,1,1,50.0,0,I,MELB_URBAN,STREET,10,14.0
111207,1,4,163,1,9,50.0,0,I,MELB_URBAN,STREET,10,16.0
111208,1,7,121,2,9,60.0,0,I,MELB_URBAN,ROAD,10,18.0
111209,1,1,163,5,1,60.0,0,N,MELB_URBAN,ROAD,10,18.0
111210,1,3,121,2,1,40.0,0,I,MELBOURNE_CBD,STREET,10,16.0
111211,1,1,163,5,1,60.0,0,N,MELB_URBAN,ROAD,10,18.0
111212,1,3,120,5,1,50.0,0,N,MELB_URBAN,DRIVE,10,17.0
111213,1,4,121,2,3,60.0,0,I,MELB_URBAN,STREET,10,22.0
111214,1,2,116,2,1,60.0,0,I,SMALL_CITIES,AVENUE,10,13.0
111215,1,4,113,2,3,60.0,0,I,SMALL_CITIES,STREET,10,0.0
111216,4,4,171,5,2,80.0,0,N,MELB_URBAN,HIGHWAY,10,19.0
111217,4,3,171,5,1,50.0,0,N,MELB_URBAN,AVENUE,10,11.0
111218,1,4,130,1,2,60.0,0,I,MELB_URBAN,STREET,5,17.0