,accident_type,day_of_week,dca_code,road_geometry,light_condition,speed_zone,severity,node_type,deg_urban_name,road_type,month,hour
111219,1,5,130,5,1,50.0,0,N,MELB_URBAN,ROAD,10,7.0
111220,2,4,99,5,1,60.0,0,N,SMALL_CITIES,STREET,10,13.0
111221,1,4,99,5,9,60.0,0,N,TOWNS,STREET,10,19.0
111222,1,5,110,1,1,60.0,0,N,MELB_URBAN,ROAD,10,8.0
111223,1,4,121,1,1,40.0,0,I,RURAL_VICTORIA,BOULEVARD,10,7.0
111224,2,5,99,2,1,60.0,0,N,MELB_URBAN,STREET,11,15.0
111225,1,1,99,5,1,60.0,0,N,MELB_URBAN,STREET,10,11.0
111226,1,4,113,2,2,80.0,0,I,RURAL_VICTORIA,ROAD,10,5.0
111227,4,4,173,2,3,60.0,0,I,TOWNS,ROAD,9,20.0
111228,1,5,121,1,1,80.0,0,I,RURAL_VICTORIA,ROAD,10,9.0
111229,4,4,99,2,1,50.0,0,N,LARGE_PROVINCIAL_CITIES,DRIVE,10,8.0
111230,6,7,174,5,1,50.0,0,N,RURAL_VICTORIA,ROAD,10,14.0
111231,2,3,99,5,1,60.0,0,N,MELB_URBAN,STREET,10,16.0
111232,1,5,110,1,1,60.0,0,I,MELB_URBAN,ROAD,10,10.0
111233,1,5,110,1,1,70.0,0,N,MELB_URBAN,STREET,10,10.0
111234,1,4,120,5,1,60.0,0,N,MELB_URBAN,ROAD,10,11.0
111235,8,1,174,3,1,60.0,0,I,RURAL_VICTORIA,ROAD,10,14.0
111236,5,5,99,5,1,60.0,0,N,MELB_URBAN,FREEWAY,10,10.0
111237,1,3,132,5,1,60.0,0,N,MELB_URBAN,ROAD,10,15.0
111238,1,4,130,5,1,60.0,0,N,MELB_URBAN,STREET,10,12.0
111239,1,4,120,5,1,60.0,0,N,SMALL_CITIES,ROAD,10,10.0
111240,1,5,113,2,1,60.0,0,I,MELB_URBAN,STREET,10,12.0
111241,1,4,163,1,1,40.0,0,N,MELB_URBAN,STREET,10,13.0
111242,1,4,130,5,1,60.0,0,N,SMALL_CITIES,ROAD,8,8.0
111243,1,2,130,5,1,100.0,0,N,RURAL_VICTORIA,ROAD,10,7.0
111244,8,1,99,5,1,60.0,0,N,RURAL_VICTORIA,ROAD,10,13.0
111245,1,4,130,5,1,60.0,0,N,MELB_URBAN,ROAD,10,8.0
111246,1,5,120,5,1,80.0,0,N,RURAL_VICTORIA,ROAD,10,12.0
111247,1,5,113,2,1,100.0,0,I,RURAL_VICTORIA,HIGHWAY,10,11.0
111248,2,5,99,1,1,50.0,0,N,MELB_URBAN,STREET,10,13.0
111249,1,5,121,1,1,60.0,0,I,MELB_URBAN,ROAD,10,11.0
111250,1,3,121,1,1,60.0,0,I,MELB_URBAN,STREET,10,16.0
111251,1,5,99,5,1,60.0,0,N,MELB_URBAN,DRIVE,10,15.0
111252,1,2,116,2,1,60.0,0,I,MELB_URBAN,ROAD,10,19.0
111253,1,5,133,2,1,60.0,0,N,MELB_URBAN,ROAD,10,14.0
111254,1,5,110,1,1,70.0,0,I,LARGE_PROVINCIAL_CITIES,STREET,10,16.0
111255,1,5,130,1,1,60.0,0,I,MELB_URBAN,ROAD,9,16.0
111256,1,6,130,5,1,60.0,0,N,MELB_URBAN,ROAD,10,11.0
111257,1,5,121,1,1,80.0,0,I,MELB_URBAN,ROAD,10,18.0
111258,1,4,99,3,1,60.0,0,N,SMALL_CITIES,DRIVE,10,15.0
111259,1,2,130,5,1,50.0,0,N,MELB_URBAN,STREET,10,8.0
111260,1,5,121,2,1,60.0,0,I,MELB_URBAN,PARADE,10,16.0
111261,2,4,100,5,3,40.0,0,N,MELB_URBAN,STREET,10,5.0
111262,2,5,100,2,3,40.0,0,I,LARGE_PROVINCIAL_CITIES,STREET,10,20.0
111263,1,2,130,5,1,80.0,0,N,MELB_URBAN,ROAD,10,7.0
111264,1,4,113,2,1,80.0,0,I,MELB_URBAN,ROAD,10,7.0
111265,1,4,110,1,1,60.0,0,I,MELB_URBAN,ROAD,10,15.0
111266,2,4,99,5,1,50.0,0,N,MELB_URBAN,ROAD,10,16.0
111267,4,4,173,2,5,100.0,0,I,RURAL_VICTORIA,HIGHWAY,10,1.0
111268,4,5,99,5,2,80.0,0,N,RURAL_VICTORIA,ROAD,10,19.0
111269,3,5,167,5,5,100.0,0,N,RURAL_VICTORIA,ROAD,10,20.0
111270,2,4,99,5,1,50.0,0,N,MELB_URBAN,DRIVE,10,14.0
111271,1,4,110,1,3,40.0,0,I,MELBOURNE_CBD,STREET,10,21.0
111272,1,5,130,5,2,80.0,0,N,MELB_URBAN,UNKNOWN,10,5.0
111273,1,5,130,5,5,100.0,1,N,RURAL_VICTORIA,FREEWAY,10,21.0
111274,4,5,171,5,3,60.0,0,N,MELB_URBAN,ROAD,10,23.0
111275,1,6,99,1,2,60.0,0,I,MELB_URBAN,ROAD,11,7.0
111276,1,6,130,1,1,60.0,0,I,MELB_URBAN,ROAD,10,8.0
111277,1,5,110,1,2,80.0,0,N,MELB_URBAN,ROAD,11,7.0
111278,1,1,110,1,1,50.0,0,I,MELB_URBAN,STREET,10,18.0
111279,1,5,130,5,1,80.0,0,N,MELB_URBAN,ROAD,11,9.0
111280,1,6,99,1,1,60.0,0,I,MELB_URBAN,ROAD,11,9.0
111281,2,6,102,9,1,40.0,0,N,MELB_URBAN,STREET,11,8.0
111282,1,4,130,2,1,60.0,0,I,MELB_URBAN,HIGHWAY,10,9.0
111283,4,6,181,5,1,70.0,0,N,RURAL_VICTORIA,ROAD,11,10.0
111284,2,4,99,5,1,40.0,0,N,LARGE_PROVINCIAL_CITIES,ROAD,10,7.0
111285,1,6,99,1,1,50.0,0,I,TOWNS,STREET,11,11.0
111286,1,6,121,2,1,70.0,0,I,MELB_URBAN,ROAD,10,16.0
111287,1,6,99,1,1,40.0,0,I,MELBOURNE_CBD,STREET,11,10.0
111288,4,6,181,5,1,60.0,0,N,MELB_URBAN,ROAD,11,12.0
111289,6,4,99,5,1,80.0,0,N,RURAL_VICTORIA,ROAD,10,15.0
111290,4,4,181,5,1,60.0,0,N,RURAL_VICTORIA,ROAD,10,11.0
111291,1,6,130,5,1,100.0,0,N,MELB_URBAN,ROAD,11,13.0
111292,1,5,121,2,2,60.0,0,I,MELB_URBAN,ROAD,11,7.0
111293,2,5,100,5,1,50.0,0,N,MELB_URBAN,STREET,11,13.0
111294,1,5,163,5,3,60.0,0,N,MELB_URBAN,STREET,10,20.0
111295,4,6,171,5,1,100.0,0,N,RURAL_VICTORIA,HIGHWAY,11,15.0
111296,1,5,163,5,1,40.0,0,N,MELB_URBAN,STREET,11,15.0
111297,1,4,99,1,1,40.0,0,I,MELBOURNE_CBD,STREET,10,15.0
111298,1,3,121,2,2,50.0,0,I,MELB_URBAN,DRIVE,10,18.0
111299,1,4,130,5,1,70.0,0,N,LARGE_PROVINCIAL_CITIES,ROAD,10,18.0
111300,1,5,130,2,1,60.0,0,N,MELB_URBAN,RAMP,11,8.0
111301,1,5,116,2,1,60.0,0,I,MELB_URBAN,ROAD,10,17.0
111302,1,1,99,2,1,60.0,0,I,MELB_URBAN,ROAD,10,7.0
111303,1,6,99,5,1,70.0,0,N,MELB_URBAN,STREET,11,9.0
111304,1,5,132,5,1,60.0,0,N,MELB_URBAN,STREET,8,12.0
111305,1,6,120,5,1,100.0,0,N,RURAL_VICTORIA,ROAD,11,16.0
111306,1,5,130,5,1,100.0,0,N,MELB_URBAN,ROAD,10,7.0
111307,2,5,100,1,1,60.0,0,I,MELB_URBAN,STREET,11,14.0
111308,1,3,132,5,1,60.0,0,N,MELB_URBAN,ROAD,10,16.0
111309,4,6,171,5,1,60.0,0,N,MELB_URBAN,DRIVE,11,17.0
111310,1,3,121,1,1,40.0,0,N,MELB_URBAN,STREET,10,7.0
111311,6,6,99,5,1,100.0,0,N,RURAL_VICTORIA,HIGHWAY,11,17.0
111312,1,4,135,4,1,50.0,0,I,MELB_URBAN,ROAD,10,8.0
111313,1,6,163,5,1,60.0,0,N,LARGE_PROVINCIAL_CITIES,STREET,10,16.0
111314,1,3,130,5,1,40.0,0,N,LARGE_PROVINCIAL_CITIES,UNKNOWN,10,13.0
111315,1,5,130,5,1,70.0,0,N,MELB_URBAN,ROAD,11,15.0
111316,1,6,110,1,1,100.0,0,I,RURAL_VICTORIA,ROAD,11,16.0
111317,4,6,181,2,2,75.0,0,N,MELB_URBAN,ROAD,11,19.0
111318,1,5,130,1,1,50.0,0,I,LARGE_PROVINCIAL_CITIES,STREET,11,17.0
111319,1,6,135,1,1,60.0,0,I,MELB_URBAN,STREET,11,8.0
111320,1,5,130,1,1,80.0,0,N,MELB_URBAN,ROAD,11,10.0
111321,1,6,140,5,2,50.0,0,N,MELB_URBAN,STREET,11,19.0
111322,1,6,121,2,1,60.0,1,I,MELB_URBAN,STREET,11,16.0
111323,6,6,99,5,1,60.0,0,N,MELB_URBAN,ROAD,11,19.0
111324,7,6,99,5,3,80.0,0,N,MELB_URBAN,ROAD,11,23.0
111325,1,3,130,5,9,60.0,0,N,MELB_URBAN,ROAD,9,16.0
111326,4,1,99,5,2,100.0,0,N,RURAL_VICTORIA,ROAD,10,19.0
111327,1,3,99,5,1,60.0,0,N,MELB_URBAN,STREET,10,8.0
111328,4,6,171,5,1,100.0,0,N,RURAL_VICTORIA,ROAD,10,17.0
111329,1,4,113,3,1,50.0,0,I,MELB_URBAN,ROAD,10,12.0
111330,4,6,173,5,2,80.0,0,N,RURAL_VICTORIA,ROAD,11,4.0
111331,4,7,171,1,2,80.0,0,I,MELB_URBAN,HIGHWAY,11,6.0
111332,4,6,171,5,1,80.0,0,N,RURAL_VICTORIA,ROAD,11,11.0
111333,1,0,135,1,1,40.0,0,N,MELB_URBAN,STREET,10,11.0
111334,4,1,171,5,2,100.0,0,N,RURAL_VICTORIA,HIGHWAY,9,17.0
111335,6,6,99,5,1,100.0,0,N,RURAL_VICTORIA,ROAD,10,12.0
111336,4,6,181,5,3,80.0,0,N,MELB_URBAN,RAMP,11,21.0
111337,1,7,147,5,1,60.0,0,N,MELB_URBAN,AVENUE,11,10.0
111338,1,7,147,5,1,60.0,0,N,MELB_URBAN,STREET,11,8.0
111339,1,7,121,2,1,60.0,0,I,MELB_URBAN,STREET,11,10.0
111340,1,7,132,2,1,100.0,0,I,RURAL_VICTORIA,HIGHWAY,11,10.0
111341,1,3,99,2,9,40.0,0,I,MELB_URBAN,STREET,10,16.0
111342,4,6,171,5,1,100.0,0,N,MELB_URBAN,FREEWAY,11,11.0
111343,1,4,130,2,3,80.0,0,N,MELB_URBAN,HIGHWAY,10,21.0
111344,1,3,130,1,1,80.0,0,N,MELB_URBAN,ROAD,10,14.0
111345,1,7,130,5,1,50.0,0,N,SMALL_CITIES,STREET,11,11.0
111346,4,7,181,5,1,80.0,0,N,RURAL_VICTORIA,ROAD,11,12.0
111347,1,7,116,2,1,60.0,0,I,MELB_URBAN,ROAD,11,10.0
111348,2,6,102,2,1,60.0,0,I,MELB_URBAN,STREET,11,9.0
111349,7,7,99,5,1,60.0,0,N,RURAL_VICTORIA,ROAD,11,13.0
111350,4,6,173,5,1,110.0,0,N,RURAL_VICTORIA,FREEWAY,11,13.0
111351,1,7,113,2,1,40.0,0,I,MELB_URBAN,ROAD,11,14.0
111352,1,0,130,5,1,60.0,0,N,MELB_URBAN,OTHER,10,17.0
111353,4,7,183,5,1,100.0,0,N,MELB_URBAN,RAMP,11,12.0
111354,4,7,183,5,1,100.0,0,N,MELB_URBAN,RAMP,11,16.0
111355,1,2,171,4,1,100.0,0,N,LARGE_PROVINCIAL_CITIES,ROAD,10,9.0
111356,6,6,170,5,1,100.0,0,N,MELB_URBAN,ROAD,11,16.0
111357,4,7,173,5,1,100.0,0,N,RURAL_VICTORIA,ROAD,11,17.0
111358,4,7,171,5,1,80.0,0,N,MELB_URBAN,ROAD,11,16.0
111359,1,7,130,1,1,70.0,0,I,MELB_URBAN,ROAD,11,15.0
111360,4,7,173,5,2,80.0,0,N,MELB_URBAN,ROAD,11,19.0
111361,6,7,99,2,1,50.0,0,I,MELB_URBAN,STREET,11,18.0
111362,1,7,113,2,1,50.0,0,I,MELB_URBAN,OTHER,11,19.0
111363,4,6,171,5,2,80.0,0,N,MELB_URBAN,ROAD,11,20.0
111364,1,7,130,5,1,50.0,0,N,SMALL_CITIES,STREET,11,15.0
111365,1,7,121,1,3,60.0,0,I,MELB_URBAN,FREEWAY,11,21.0
111366,2,7,99,5,1,60.0,0,N,MELB_URBAN,ROAD,11,19.0
111367,1,7,99,5,1,80.0,0,N,MELB_URBAN,UNKNOWN,10,14.0
111368,1,7,113,1,3,60.0,0,I,MELB_URBAN,STREET,11,23.0
111369,1,6,121,1,3,80.0,0,I,SMALL_CITIES,HIGHWAY,11,21.0
111370,1,1,130,5,3,30.0,0,N,MELBOURNE_CBD,STREET,11,0.0
111371,1,4,121,1,1,60.0,0,I,LARGE_PROVINCIAL_CITIES,STREET,5,8.0
111372,4,7,173,5,2,80.0,0,N,MELB_URBAN,HIGHWAY,11,5.0
111373,1,7,147,5,3,50.0,0,N,MELB_URBAN,STREET,11,23.0
111374,4,1,173,5,5,100.0,0,N,RURAL_VICTORIA,ROAD,11,2.0
111375,1,7,120,5,1,50.0,0,N,MELB_URBAN,DRIVE,11,9.0
111376,1,1,147,5,1,60.0,0,N,MELB_URBAN,ROAD,10,17.0
111377,4,6,171,1,1,80.0,0,N,RURAL_VICTORIA,ROAD,11,16.0
111378,1,7,130,4,1,60.0,0,N,MELB_URBAN,ROAD,11,9.0
111379,1,1,121,1,1,80.0,0,I,MELB_URBAN,ROAD,11,8.0
111380,1,1,121,2,1,60.0,0,I,MELB_URBAN,ROAD,11,8.0
111381,4,1,171,5,1,60.0,0,N,LARGE_PROVINCIAL_CITIES,STREET,11,9.0
111382,1,1,147,5,1,60.0,0,N,RURAL_VICTORIA,ROAD,11,10.0
111383,5,1,99,5,1,100.0,0,N,RURAL_VICTORIA,ROAD,11,11.0
111384,1,1,121,1,6,60.0,0,I,MELB_URBAN,ROAD,7,19.0
111385,6,1,99,5,1,100.0,0,N,RURAL_VICTORIA,FREEWAY,11,10.0
111386,4,7,183,3,5,100.0,0,I,RURAL_VICTORIA,ROAD,11,22.0
111387,1,6,130,2,1,60.0,0,N,MELB_URBAN,ROAD,11,14.0
111388,2,1,100,1,1,40.0,0,I,LARGE_PROVINCIAL_CITIES,STREET,11,12.0
111389,1,7,121,1,3,60.0,0,N,MELB_URBAN,ROAD,11,21.0
111390,8,2,170,5,9,50.0,0,N,SMALL_CITIES,STREET,8,11.0
111391,1,0,130,5,1,80.0,0,N,MELB_URBAN,HIGHWAY,11,13.0
111392,4,6,181,5,1,100.0,0,N,RURAL_VICTORIA,UNKNOWN,11,16.0
111393,4,0,173,2,1,60.0,0,I,RURAL_VICTORIA,ROAD,11,13.0
111394,8,1,174,5,1,100.0,0,N,RURAL_VICTORIA,OTHER,11,10.0
111395,6,1,184,5,1,80.0,0,N,RURAL_VICTORIA,ROAD,11,14.0
111396,8,1,174,5,1,50.0,0,N,MELB_URBAN,STREET,11,15.0
111397,1,1,113,2,1,60.0,0,I,MELB_URBAN,ROAD,11,18.0
111398,1,5,130,5,1,60.0,0,N,MELB_URBAN,ROAD,11,16.0
111399,1,1,110,1,1,50.0,0,I,MELB_URBAN,STREET,11,16.0
111400,1,1,132,5,2,60.0,0,N,SMALL_CITIES,STREET,11,18.0
111401,4,1,171,5,1,60.0,0,N,MELB_URBAN,BOULEVARD,11,18.0
111402,1,2,130,1,1,60.0,0,N,MELB_URBAN,ROAD,10,11.0
111403,4,1,183,5,3,50.0,0,N,MELB_URBAN,OTHER,11,21.0
111404,1,1,121,5,3,70.0,0,N,MELB_URBAN,ROAD,11,17.0
111405,6,1,99,5,1,60.0,0,N,MELB_URBAN,STREET,11,18.0
111406,1,3,130,5,1,50.0,0,N,MELB_URBAN,ROAD,10,16.0
111407,1,1,121,1,3,60.0,0,I,MELB_URBAN,ROAD,11,21.0
111408,2,2,99,5,2,50.0,0,N,MELB_URBAN,ROAD,11,7.0
111409,1,2,160,5,2,80.0,0,N,MELB_URBAN,FREEWAY,11,7.0
111410,1,2,110,1,1,60.0,0,I,MELB_URBAN,STREET,11,8.0
111411,2,5,99,5,9,60.0,0,N,MELB_URBAN,ROAD,10,15.0
111412,4,2,181,5,1,100.0,0,N,RURAL_VICTORIA,HIGHWAY,11,7.0
111413,8,6,174,5,6,50.0,0,N,SMALL_CITIES,STREET,11,19.0
111414,1,6,130,5,1,60.0,0,N,SMALL_CITIES,HIGHWAY,11,13.0
111415,1,6,132,2,9,60.0,0,N,MELB_URBAN,ROAD,11,11.0
111416,4,2,171,5,5,100.0,1,N,RURAL_VICTORIA,FREEWAY,11,3.0
111417,1,2,160,5,1,50.0,0,N,MELB_URBAN,ROAD,11,10.0
111418,1,2,113,1,1,100.0,0,I,MELB_URBAN,HIGHWAY,11,6.0
111419,1,4,113,2,1,70.0,0,I,MELB_URBAN,ROAD,10,18.0
111420,1,2,99,5,1,50.0,0,N,SMALL_CITIES,STREET,8,15.0
111421,1,1,113,2,1,70.0,0,N,LARGE_PROVINCIAL_CITIES,STREET,11,12.0
111422,1,2,99,5,1,60.0,0,N,MELB_URBAN,STREET,11,13.0
111423,2,2,102,5,1,50.0,0,N,MELB_URBAN,DRIVE,11,11.0
111424,6,6,174,2,1,100.0,0,N,RURAL_VICTORIA,ROAD,11,15.0
111425,1,2,99,5,1,100.0,0,N,RURAL_VICTORIA,FREEWAY,11,12.0
111426,1,2,140,2,1,60.0,0,N,MELB_URBAN,STREET,11,13.0
111427,4,1,181,5,5,100.0,0,I,MELB_URBAN,RAMP,11,20.0
111428,1,4,163,5,3,40.0,0,N,MELB_URBAN,STREET,10,22.0
111429,1,1,130,5,1,100.0,0,N,RURAL_VICTORIA,HIGHWAY,11,13.0
111430,1,1,110,1,1,60.0,0,I,MELB_URBAN,ROAD,11,9.0
111431,1,6,130,1,1,60.0,0,I,MELB_URBAN,ROAD,10,11.0
111432,1,5,130,5,1,80.0,0,N,RURAL_VICTORIA,HIGHWAY,10,16.0
111433,1,2,132,2,1,60.0,0,I,SMALL_CITIES,STREET,11,16.0
111434,1,2,99,5,1,50.0,0,N,LARGE_PROVINCIAL_CITIES,STREET,11,15.0
111435,1,2,121,2,1,70.0,0,I,MELB_URBAN,ROAD,11,17.0
111436,6,1,99,2,1,100.0,0,I,RURAL_VICTORIA,ROAD,11,14.0
111437,1,2,110,1,1,100.0,0,I,RURAL_VICTORIA,ROAD,11,17.0
111438,1,4,116,2,1,50.0,0,I,LARGE_PROVINCIAL_CITIES,STREET,10,9.0
111439,4,2,181,2,1,80.0,0,I,MELB_URBAN,RAMP,11,18.0
111440,1,1,120,5,1,70.0,0,N,MELB_URBAN,ROAD,11,17.0
111441,1,1,120,5,1,80.0,0,N,RURAL_VICTORIA,HIGHWAY,11,16.0
111442,4,2,173,1,3,60.0,0,I,MELB_URBAN,STREET,11,20.0
111443,1,2,130,5,1,60.0,0,N,MELB_URBAN,STREET,11,18.0
111444,4,2,173,5,1,60.0,0,N,MELB_URBAN,ROAD,11,17.0
111445,1,2,132,5,1,60.0,0,N,RURAL_VICTORIA,HIGHWAY,11,15.0
111446,4,2,99,2,1,60.0,0,N,MELB_URBAN,ROAD,11,15.0
111447,6,2,184,5,2,100.0,0,N,RURAL_VICTORIA,ROAD,11,19.0
111448,1,3,130,5,1,80.0,0,N,MELB_URBAN,HIGHWAY,10,12.0
111449,4,2,183,5,3,60.0,0,N,MELB_URBAN,ROAD,11,22.0
111450,4,2,173,5,5,100.0,0,N,RURAL_VICTORIA,FREEWAY,11,0.0
111451,4,6,183,5,5,80.0,0,N,RURAL_VICTORIA,ROAD,11,23.0
111452,4,7,181,2,1,80.0,0,N,RURAL_VICTORIA,ROAD,11,15.0
111453,1,5,99,5,1,60.0,0,N,MELB_URBAN,DRIVE,10,15.0
111454,1,6,130,5,3,50.0,0,N,MELB_URBAN,ROAD,10,19.0
111455,1,3,99,5,2,50.0,0,N,MELB_URBAN,STREET,11,7.0
111456,6,3,99,5,1,60.0,0,N,RURAL_VICTORIA,ROAD,10,13.0
111457,1,3,121,1,1,60.0,0,I,MELB_URBAN,ROAD,11,7.0
111458,1,6,133,5,2,80.0,0,N,MELB_URBAN,UNKNOWN,10,6.0
111459,4,3,171,5,1,110.0,0,N,RURAL_VICTORIA,FREEWAY,11,10.0
111460,6,2,99,5,6,50.0,0,N,MELB_URBAN,BOULEVARD,11,22.0
111461,1,2,130,5,1,60.0,0,I,SMALL_CITIES,STREET,11,17.0
111462,8,3,99,2,1,70.0,0,I,MELB_URBAN,ROAD,11,11.0
111463,1,2,99,2,9,60.0,0,I,MELB_URBAN,STREET,11,17.0
111464,1,1,121,2,3,70.0,0,N,MELB_URBAN,ROAD,10,21.0
111465,1,3,134,2,2,80.0,0,N,MELB_URBAN,HIGHWAY,4,18.0
111466,1,3,110,1,1,80.0,0,I,RURAL_VICTORIA,ROAD,11,12.0
111467,1,6,99,5,1,100.0,0,N,RURAL_VICTORIA,HIGHWAY,3,18.0
111468,1,3,110,1,1,60.0,0,I,LARGE_PROVINCIAL_CITIES,STREET,11,14.0
111469,7,5,99,1,9,60.0,0,N,MELB_URBAN,STREET,9,18.0
111470,6,3,174,5,1,100.0,0,N,RURAL_VICTORIA,HIGHWAY,11,12.0
111471,1,2,130,5,1,80.0,0,N,MELB_URBAN,HIGHWAY,10,15.0
111472,1,3,133,1,1,40.0,0,I,MELB_URBAN,ROAD,11,14.0
111473,7,1,99,2,1,60.0,0,I,RURAL_VICTORIA,ROAD,11,17.0
111474,1,3,120,5,1,100.0,0,N,RURAL_VICTORIA,ROAD,11,13.0
111475,1,3,120,5,1,100.0,0,N,RURAL_VICTORIA,ROAD,11,15.0
111476,1,3,99,5,1,50.0,0,N,RURAL_VICTORIA,ROAD,11,15.0
111477,4,3,171,5,1,100.0,0,N,RURAL_VICTORIA,ROAD,11,14.0
111478,1,2,130,5,1,60.0,0,N,MELB_URBAN,ROAD,11,14.0
111479,1,3,110,4,1,80.0,0,I,MELB_URBAN,HIGHWAY,11,15.0
111480,8,3,99,5,1,50.0,0,N,MELB_URBAN,DRIVE,11,18.0
111481,1,2,99,1,2,40.0,0,I,MELBOURNE_CBD,STREET,11,20.0
111482,6,3,170,5,1,100.0,0,N,RURAL_VICTORIA,ROAD,11,18.0
111483,1,3,120,5,3,80.0,0,N,RURAL_VICTORIA,ROAD,11,21.0
111484,1,3,132,2,1,60.0,0,I,MELB_URBAN,ROAD,11,15.0
111485,1,3,121,5,3,60.0,0,N,MELB_URBAN,ROAD,11,22.0
111486,1,3,130,5,1,100.0,0,N,MELB_URBAN,ROAD,11,5.0
111487,1,3,110,1,1,50.0,0,I,MELB_URBAN,STREET,11,19.0
111488,4,4,183,5,5,80.0,0,N,MELB_URBAN,ROAD,11,0.0
111489,1,7,132,2,1,60.0,0,I,MELB_URBAN,ROAD,11,15.0
111490,4,3,173,5,1,50.0,0,I,MELB_URBAN,STREET,11,15.0
111491,4,4,171,5,1,100.0,0,N,RURAL_VICTORIA,RAMP,8,11.0
111492,1,3,130,2,9,60.0,0,I,MELB_URBAN,ROAD,5,16.0
111493,1,4,120,5,1,100.0,1,N,RURAL_VICTORIA,HIGHWAY,11,10.0
111494,1,4,132,1,1,50.0,0,N,MELB_URBAN,AVENUE,11,17.0
111495,1,1,132,1,1,60.0,0,I,MELB_URBAN,AVENUE,10,13.0
111496,1,4,110,1,1,50.0,0,I,TOWNS,ROAD,11,16.0
111497,1,4,130,5,1,80.0,0,N,RURAL_VICTORIA,ROAD,11,18.0
111498,1,4,130,1,1,40.0,0,I,SMALL_CITIES,ROAD,11,17.0
111499,1,2,99,5,1,60.0,0,N,MELB_URBAN,ROAD,10,15.0
111500,1,3,130,5,1,60.0,0,N,MELB_URBAN,ROAD,11,19.0
111501,1,4,113,2,1,50.0,0,I,MELB_URBAN,ROAD,11,16.0
111502,1,4,147,5,1,60.0,0,N,LARGE_PROVINCIAL_CITIES,STREET,11,17.0
111503,1,4,121,1,3,60.0,0,N,SMALL_CITIES,ROAD,11,20.0
111504,1,4,110,4,3,70.0,0,I,MELB_URBAN,ROAD,11,21.0
111505,1,5,121,2,1,60.0,0,I,MELB_URBAN,ROAD,10,10.0
111506,4,3,173,5,5,60.0,0,N,TOWNS,OTHER,11,0.0
111507,1,4,132,2,1,60.0,0,N,LARGE_PROVINCIAL_CITIES,PARADE,10,15.0
111508,3,6,167,5,9,70.0,0,N,MELB_URBAN,DRIVE,10,9.0
111509,2,4,99,5,1,50.0,0,N,MELB_URBAN,STREET,11,11.0
111510,1,4,135,5,1,100.0,0,N,MELB_URBAN,FREEWAY,11,14.0
111511,1,4,130,2,1,60.0,0,N,MELB_URBAN,ROAD,11,17.0
111512,1,1,99,5,9,50.0,0,N,MELB_URBAN,STREET,11,11.0
111513,1,5,130,5,1,60.0,0,N,MELB_URBAN,ROAD,11,12.0
111514,1,4,133,1,1,40.0,0,I,MELB_URBAN,STREET,11,8.0
111515,2,5,102,5,1,40.0,0,N,MELB_URBAN,STREET,11,10.0
111516,4,5,181,5,1,50.0,0,N,MELB_URBAN,DRIVE,11,8.0
111517,1,4,110,1,1,60.0,0,I,MELB_URBAN,STREET,11,9.0
111518,1,3,135,5,1,80.0,0,N,MELB_URBAN,RAMP,10,8.0
111519,8,5,170,5,1,100.0,0,N,TOWNS,HIGHWAY,11,11.0
111520,5,3,99,1,1,60.0,0,I,SMALL_CITIES,STREET,11,17.0
111521,1,0,110,1,9,60.0,0,I,MELB_URBAN,STREET,10,9.0
111522,1,3,130,5,1,100.0,0,N,MELB_URBAN,UNKNOWN,11,8.0
111523,1,7,121,1,1,50.0,0,I,TOWNS,STREET,9,12.0
111524,1,3,99,5,1,60.0,0,O,MELB_URBAN,UNKNOWN,4,14.0
111525,5,4,99,5,9,100.0,0,N,MELB_URBAN,FREEWAY,9,3.0
111526,1,2,130,5,1,80.0,0,N,MELB_URBAN,ROAD,10,12.0
111527,1,5,130,5,1,70.0,0,N,MELB_URBAN,ROAD,11,14.0
111528,4,5,171,5,1,100.0,1,N,RURAL_VICTORIA,ROAD,11,10.0
111529,8,6,170,1,1,90.0,0,I,RURAL_VICTORIA,HIGHWAY,10,10.0
111530,1,5,99,5,1,60.0,0,N,MELB_URBAN,HIGHWAY,11,12.0
111531,1,5,113,2,1,60.0,0,I,MELB_URBAN,ROAD,11,14.0
111532,1,5,140,1,1,80.0,0,I,RURAL_VICTORIA,ROAD,11,15.0
111533,6,3,99,5,1,60.0,0,O,RURAL_VICTORIA,UNKNOWN,11,13.0
111534,2,5,100,4,1,50.0,0,N,LARGE_PROVINCIAL_CITIES,ROAD,11,14.0
111535,1,7,111,2,1,60.0,0,I,MELB_URBAN,ROAD,6,7.0
111536,6,5,174,5,3,40.0,0,N,MELB_URBAN,STREET,11,19.0
111537,1,5,99,5,1,100.0,0,N,RURAL_VICTORIA,HIGHWAY,11,14.0