,accident_type,day_of_week,dca_code,road_geometry,light_condition,speed_zone,severity,node_type,deg_urban_name,road_type,month,hour
111538,1,3,113,1,1,60.0,0,N,MELB_URBAN,STREET,10,18.0
111539,1,4,140,2,2,50.0,0,I,MELB_URBAN,ROAD,11,18.0
111540,1,5,130,5,1,60.0,0,N,MELB_URBAN,ROAD,11,14.0
111541,1,4,120,5,1,100.0,0,N,RURAL_VICTORIA,ROAD,11,15.0
111542,4,5,171,5,1,80.0,0,N,MELB_URBAN,ROAD,11,15.0
111543,4,4,173,5,1,100.0,0,N,MELB_URBAN,FREEWAY,11,17.0
111544,1,5,121,2,1,60.0,0,I,MELB_URBAN,ROAD,11,16.0
111545,6,5,99,1,1,70.0,0,I,MELB_URBAN,ROAD,11,17.0
111546,1,5,121,1,1,50.0,0,I,SMALL_CITIES,ROAD,11,16.0
111547,4,5,171,5,3,60.0,0,N,TOWNS,ROAD,11,20.0
111548,1,5,163,1,1,60.0,0,N,MELB_URBAN,STREET,11,17.0
111549,6,5,174,2,3,40.0,0,I,MELB_URBAN,ROAD,11,21.0
111550,1,5,135,1,3,80.0,0,I,MELB_URBAN,STREET,11,20.0
111551,1,5,113,2,1,50.0,0,N,MELB_URBAN,OTHER,11,18.0
111552,1,5,120,5,6,60.0,0,N,MELB_URBAN,ROAD,11,23.0
111553,8,5,174,5,3,50.0,0,N,SMALL_CITIES,STREET,11,22.0
111554,1,5,130,5,1,60.0,0,N,MELB_URBAN,ROAD,11,8.0
111555,4,4,173,5,3,60.0,0,N,MELB_URBAN,STREET,11,23.0
111556,4,5,99,5,5,100.0,0,N,RURAL_VICTORIA,ROAD,11,2.0
111557,1,5,99,5,3,60.0,0,N,MELB_URBAN,ROAD,11,22.0
111558,1,5,121,1,2,60.0,0,I,MELB_URBAN,STREET,11,5.0
111559,4,5,99,1,3,80.0,0,N,RURAL_VICTORIA,ROAD,11,5.0
111560,1,6,113,2,1,60.0,0,I,MELB_URBAN,STREET,11,7.0
111561,7,2,99,5,1,60.0,0,N,RURAL_VICTORIA,ROAD,11,13.0
111562,4,5,171,5,2,60.0,0,N,MELB_URBAN,STREET,11,6.0
111563,7,1,99,5,1,60.0,0,N,RURAL_VICTORIA,ROAD,11,11.0
111564,1,5,130,1,1,60.0,0,N,MELB_URBAN,ROAD,11,9.0
111565,1,6,130,1,1,50.0,0,I,MELB_URBAN,STREET,3,11.0
111566,1,6,121,5,1,50.0,0,N,MELB_URBAN,ROAD,11,8.0
111567,1,5,130,5,1,60.0,0,N,MELB_URBAN,ROAD,11,9.0
111568,8,5,170,5,1,50.0,0,N,RURAL_VICTORIA,ROAD,11,7.0
111569,6,6,99,5,1,100.0,0,N,RURAL_VICTORIA,HIGHWAY,11,8.0
111570,5,0,171,5,1,60.0,0,N,RURAL_VICTORIA,ROAD,11,11.0
111571,4,6,183,5,1,100.0,0,N,RURAL_VICTORIA,HIGHWAY,11,8.0
111572,2,1,99,5,2,40.0,0,N,MELB_URBAN,STREET,7,18.0
111573,1,2,99,5,5,110.0,0,N,RURAL_VICTORIA,OTHER,10,22.0
111574,1,6,130,5,2,100.0,0,N,MELB_URBAN,FREEWAY,11,7.0
111575,7,1,99,5,1,60.0,0,N,RURAL_VICTORIA,ROAD,11,11.0
111576,4,6,183,5,1,60.0,0,N,MELB_URBAN,ROAD,11,11.0
111577,1,5,135,2,2,60.0,0,I,MELB_URBAN,ROAD,11,19.0
111578,8,6,170,2,1,50.0,0,I,MELB_URBAN,ROAD,11,10.0
111579,7,6,99,5,1,70.0,0,N,MELB_URBAN,ROAD,11,13.0
111580,7,6,99,5,1,60.0,0,N,MELB_URBAN,HIGHWAY,11,12.0
111581,1,6,111,2,1,80.0,0,I,MELB_URBAN,ROAD,11,12.0
111582,1,5,121,2,1,50.0,0,I,MELB_URBAN,STREET,11,12.0
111583,5,6,171,5,1,100.0,0,N,RURAL_VICTORIA,ROAD,10,8.0
111584,1,2,130,5,1,60.0,0,N,MELB_URBAN,STREET,10,6.0
111585,1,4,130,5,1,60.0,0,N,MELB_URBAN,DRIVE,10,15.0
111586,1,5,120,5,1,60.0,0,N,MELB_URBAN,ROAD,11,7.0
111587,1,6,110,1,1,60.0,0,I,LARGE_PROVINCIAL_CITIES,STREET,11,12.0
111588,2,4,100,1,1,50.0,0,I,MELB_URBAN,HIGHWAY,11,13.0
111589,1,5,120,5,1,50.0,0,N,TOWNS,STREET,11,9.0
111590,8,3,174,5,1,60.0,0,N,MELB_URBAN,STREET,10,17.0
111591,4,6,183,2,1,60.0,0,N,MELB_URBAN,PARADE,11,14.0
111592,1,6,99,3,1,100.0,0,N,MELB_URBAN,RAMP,11,14.0
111593,1,5,99,2,1,50.0,0,I,MELB_URBAN,OTHER,11,11.0
111594,1,6,110,1,1,80.0,0,I,SMALL_TOWNS,ROAD,11,13.0
111595,1,3,99,5,1,100.0,0,N,MELB_URBAN,FREEWAY,11,9.0
111596,1,2,99,1,1,60.0,0,N,MELB_URBAN,AVENUE,11,9.0
111597,1,3,163,2,3,40.0,0,I,MELBOURNE_CBD,STREET,10,20.0
111598,6,5,99,5,3,60.0,0,N,MELB_URBAN,ROAD,11,21.0
111599,8,6,99,2,1,100.0,0,N,RURAL_VICTORIA,HIGHWAY,11,15.0
111600,1,5,116,1,1,60.0,0,I,RURAL_VICTORIA,ROAD,11,15.0
111601,1,6,130,5,1,100.0,0,N,MELB_URBAN,ROAD,11,15.0
111602,1,5,121,4,1,60.0,0,I,MELB_URBAN,ROAD,10,15.0
111603,2,1,99,5,1,50.0,0,N,MELB_URBAN,STREET,10,13.0
111604,4,6,99,5,1,100.0,0,N,RURAL_VICTORIA,ROAD,11,15.0
111605,1,6,130,5,1,80.0,0,N,MELB_URBAN,HIGHWAY,11,17.0
111606,1,6,147,5,1,60.0,0,N,RURAL_VICTORIA,ROAD,11,14.0
111607,2,6,99,5,1,60.0,0,N,MELB_URBAN,ROAD,11,16.0
111608,2,6,102,1,1,60.0,0,I,MELB_URBAN,ROAD,11,15.0
111609,1,6,130,4,1,50.0,0,I,LARGE_PROVINCIAL_CITIES,STREET,10,14.0
111610,6,1,174,4,1,100.0,0,N,RURAL_VICTORIA,ROAD,10,11.0
111611,6,7,99,1,1,50.0,0,I,MELB_URBAN,STREET,11,8.0
111612,1,6,121,1,1,80.0,0,I,RURAL_VICTORIA,ROAD,11,16.0
111613,4,6,173,5,1,100.0,0,N,MELB_URBAN,UNKNOWN,11,15.0
111614,1,5,130,1,2,40.0,0,I,RURAL_VICTORIA,ROAD,11,19.0
111615,4,5,173,5,1,100.0,0,N,RURAL_VICTORIA,OTHER,11,12.0
111616,1,6,99,5,2,80.0,0,N,MELB_URBAN,HIGHWAY,11,5.0
111617,1,5,113,2,1,60.0,0,I,SMALL_CITIES,STREET,11,15.0
111618,3,6,167,5,5,100.0,0,N,RURAL_VICTORIA,ROAD,11,21.0
111619,1,6,121,2,3,80.0,0,I,MELB_URBAN,ROAD,11,22.0
111620,6,7,174,9,3,40.0,0,N,MELB_URBAN,ROAD,11,0.0
111621,4,6,183,2,3,80.0,0,I,MELB_URBAN,OTHER,11,0.0
111622,2,6,100,5,3,60.0,0,N,MELB_URBAN,STREET,11,23.0
111623,2,6,100,5,3,50.0,0,N,SMALL_CITIES,STREET,11,1.0
111624,1,5,99,1,3,50.0,0,N,MELB_URBAN,STREET,11,23.0
111625,6,7,174,5,1,60.0,0,N,RURAL_VICTORIA,ROAD,10,13.0
111626,1,6,120,5,3,60.0,0,N,SMALL_TOWNS,ROAD,11,3.0
111627,1,7,130,1,1,60.0,0,N,MELB_URBAN,ROAD,11,16.0
111628,1,6,130,5,3,80.0,0,N,MELB_URBAN,ROAD,11,20.0
111629,1,7,147,5,1,100.0,0,N,RURAL_VICTORIA,ROAD,11,7.0
111630,1,6,130,5,1,60.0,0,N,RURAL_VICTORIA,ROAD,11,17.0
111631,1,4,147,5,1,40.0,0,N,MELB_URBAN,STREET,11,18.0
111632,1,5,110,1,1,80.0,0,I,LARGE_PROVINCIAL_CITIES,ROAD,11,16.0
111633,1,7,120,5,1,70.0,0,N,RURAL_VICTORIA,ROAD,11,7.0
111634,1,6,113,2,1,100.0,0,I,RURAL_VICTORIA,ROAD,11,17.0
111635,4,7,171,5,1,100.0,0,N,RURAL_VICTORIA,ROAD,11,6.0
111636,3,6,167,5,1,100.0,0,N,RURAL_VICTORIA,ROAD,11,8.0
111637,2,6,100,5,1,50.0,0,N,MELB_URBAN,ROAD,11,10.0
111638,1,1,99,1,9,60.0,0,I,MELB_URBAN,HIGHWAY,11,17.0
111639,2,7,99,2,1,60.0,0,N,MELB_URBAN,STREET,11,8.0
111640,1,6,121,2,2,50.0,0,I,MELB_URBAN,STREET,11,7.0
111641,2,4,100,1,1,40.0,0,N,MELB_URBAN,STREET,11,14.0
111642,2,7,102,5,1,40.0,0,N,MELB_URBAN,BOULEVARD,11,10.0
111643,1,6,132,2,1,60.0,0,N,MELB_URBAN,ROAD,10,11.0
111644,1,7,113,1,2,60.0,1,I,TOWNS,HIGHWAY,11,5.0
111645,6,1,99,5,3,40.0,0,N,MELB_URBAN,ROAD,11,20.0
111646,8,2,170,5,1,110.0,0,N,RURAL_VICTORIA,FREEWAY,10,9.0
111647,1,7,99,5,1,60.0,0,N,MELB_URBAN,STREET,11,10.0
111648,6,3,170,5,1,50.0,0,N,LARGE_PROVINCIAL_CITIES,DRIVE,11,18.0
111649,6,7,99,5,1,60.0,0,N,RURAL_VICTORIA,ROAD,11,11.0
111650,2,6,99,5,1,60.0,0,N,MELB_URBAN,ROAD,11,12.0
111651,1,7,132,2,1,50.0,0,I,MELB_URBAN,STREET,11,13.0
111652,1,7,121,1,1,60.0,0,I,MELB_URBAN,ROAD,11,11.0
111653,1,7,99,5,1,100.0,0,N,RURAL_VICTORIA,ROAD,11,15.0
111654,1,7,110,1,1,60.0,0,I,SMALL_CITIES,STREET,11,18.0
111655,1,7,120,5,2,60.0,0,N,TOWNS,STREET,11,18.0
111656,1,7,130,5,2,50.0,0,N,MELB_URBAN,STREET,11,18.0
111657,4,7,171,5,5,100.0,0,N,RURAL_VICTORIA,ROAD,11,20.0
111658,1,7,99,1,3,60.0,0,I,SMALL_CITIES,ROAD,11,20.0
111659,1,3,130,5,1,70.0,0,N,MELB_URBAN,ROAD,10,15.0
111660,2,0,99,5,5,50.0,0,N,MELB_URBAN,STREET,11,3.0
111661,1,7,120,5,1,80.0,0,N,RURAL_VICTORIA,ROAD,11,11.0
111662,4,6,173,5,1,80.0,0,N,MELB_URBAN,ROAD,11,9.0
111663,8,1,99,3,1,50.0,0,N,SMALL_CITIES,STREET,11,7.0
111664,3,1,167,5,1,100.0,0,N,RURAL_VICTORIA,ROAD,11,5.0
111665,1,2,132,5,1,60.0,0,N,MELB_URBAN,ROAD,11,15.0
111666,4,1,171,5,1,80.0,0,N,MELB_URBAN,RAMP,11,11.0
111667,1,7,121,2,3,50.0,0,I,SMALL_CITIES,STREET,11,22.0
111668,4,1,171,5,1,50.0,0,N,MELB_URBAN,ROAD,11,8.0
111669,1,1,134,5,1,100.0,0,N,RURAL_VICTORIA,HIGHWAY,11,12.0
111670,1,4,113,2,1,60.0,0,I,MELB_URBAN,ROAD,10,10.0
111671,1,1,133,5,1,80.0,0,N,MELB_URBAN,ROAD,11,12.0
111672,6,1,174,1,2,60.0,0,N,MELB_URBAN,ROAD,11,19.0
111673,1,5,132,1,1,60.0,0,N,MELB_URBAN,ROAD,11,14.0
111674,1,3,121,2,1,50.0,0,I,RURAL_VICTORIA,STREET,10,17.0
111675,1,1,110,1,1,60.0,0,I,SMALL_CITIES,AVENUE,11,16.0
111676,4,1,173,5,1,70.0,0,N,MELB_URBAN,HIGHWAY,11,17.0
111677,1,1,116,2,1,70.0,0,I,MELB_URBAN,ROAD,11,15.0
111678,1,5,130,2,9,80.0,0,I,MELB_URBAN,ROAD,11,14.0
111679,1,1,99,2,1,60.0,0,N,MELB_URBAN,AVENUE,11,17.0
111680,1,0,130,5,1,70.0,0,N,MELB_URBAN,OTHER,11,15.0
111681,1,1,121,5,3,60.0,0,I,SMALL_CITIES,ROAD,11,20.0
111682,1,7,130,5,1,70.0,0,N,MELB_URBAN,ROAD,11,13.0
111683,2,1,99,5,5,80.0,0,N,RURAL_VICTORIA,ROAD,11,22.0
111684,1,1,99,2,3,60.0,0,I,MELB_URBAN,STREET,11,20.0
111685,1,1,120,5,5,100.0,0,N,RURAL_VICTORIA,ROAD,11,22.0
111686,2,1,99,1,3,60.0,0,I,MELB_URBAN,ROAD,11,20.0
111687,4,1,183,5,1,100.0,0,N,RURAL_VICTORIA,OTHER,11,10.0
111688,3,1,167,5,1,80.0,0,N,RURAL_VICTORIA,DRIVE,11,7.0
111689,1,2,113,2,2,80.0,0,N,MELB_URBAN,ROAD,11,7.0
111690,1,2,116,2,2,50.0,0,I,MELB_URBAN,DRIVE,11,7.0
111691,1,2,110,1,1,50.0,0,N,MELB_URBAN,ROAD,11,8.0
111692,1,2,133,5,1,50.0,0,N,MELB_URBAN,ROAD,11,10.0
111693,1,2,113,2,1,60.0,0,I,SMALL_CITIES,ROAD,11,8.0
111694,2,2,100,1,1,60.0,0,I,MELB_URBAN,ROAD,11,8.0
111695,8,5,99,2,6,60.0,0,N,RURAL_VICTORIA,DRIVE,10,18.0
111696,4,1,171,1,1,40.0,0,I,RURAL_VICTORIA,HIGHWAY,11,8.0
111697,1,4,130,5,9,60.0,0,N,MELB_URBAN,ROAD,10,14.0
111698,2,2,99,5,1,60.0,0,N,MELB_URBAN,STREET,11,11.0
111699,2,2,102,1,1,70.0,0,N,MELB_URBAN,ROAD,11,11.0
111700,1,2,134,5,1,60.0,0,N,MELB_URBAN,ROAD,11,11.0
111701,1,3,121,2,1,60.0,0,I,MELB_URBAN,ROAD,10,17.0
111702,1,2,147,5,1,40.0,0,N,MELB_URBAN,OTHER,11,10.0
111703,4,1,173,1,1,70.0,0,I,MELB_URBAN,ROAD,11,12.0
111704,2,2,99,5,1,60.0,0,N,LARGE_PROVINCIAL_CITIES,ROAD,11,13.0
111705,8,0,174,5,1,60.0,0,N,RURAL_VICTORIA,ROAD,11,12.0
111706,1,2,133,5,1,60.0,0,N,MELB_URBAN,ROAD,11,12.0
111707,1,2,130,5,1,60.0,0,N,MELB_URBAN,ROAD,11,8.0
111708,8,2,174,5,1,50.0,0,N,MELB_URBAN,DRIVE,11,10.0
111709,1,7,130,5,1,50.0,0,N,TOWNS,HIGHWAY,11,16.0
111710,1,2,135,5,1,80.0,0,N,MELB_URBAN,STREET,11,13.0
111711,3,7,167,5,2,80.0,0,N,RURAL_VICTORIA,HIGHWAY,11,19.0
111712,1,1,130,5,1,60.0,0,N,MELB_URBAN,ROAD,11,12.0
111713,1,7,130,2,1,60.0,0,I,MELB_URBAN,ROAD,10,8.0
111714,1,1,116,2,1,80.0,0,I,MELB_URBAN,ROAD,11,12.0
111715,1,4,130,1,1,60.0,0,I,MELB_URBAN,ROAD,10,16.0
111716,1,2,130,5,2,100.0,0,N,MELB_URBAN,FREEWAY,11,7.0
111717,6,2,170,5,1,100.0,0,N,RURAL_VICTORIA,ROAD,11,13.0
111718,1,3,111,2,1,50.0,0,I,MELB_URBAN,STREET,10,18.0
111719,1,5,121,1,3,60.0,0,I,MELB_URBAN,ROAD,7,23.0
111720,1,5,140,5,9,40.0,0,N,MELB_URBAN,STREET,11,17.0
111721,1,2,130,5,1,80.0,0,N,MELB_URBAN,FREEWAY,11,17.0
111722,1,2,171,5,1,50.0,0,N,RURAL_VICTORIA,STREET,11,16.0
111723,1,1,130,1,1,50.0,0,I,SMALL_CITIES,STREET,11,18.0
111724,2,2,99,5,1,60.0,0,N,MELB_URBAN,ROAD,11,18.0
111725,1,4,113,2,1,60.0,0,I,SMALL_CITIES,ROAD,9,15.0
111726,1,2,130,5,1,60.0,0,N,LARGE_PROVINCIAL_CITIES,STREET,11,17.0
111727,1,1,121,2,1,60.0,0,I,MELB_URBAN,ROAD,11,18.0
111728,4,2,173,5,1,100.0,0,N,MELB_URBAN,FREEWAY,11,15.0
111729,1,2,99,1,2,60.0,0,N,MELB_URBAN,OTHER,11,16.0
111730,1,2,163,5,1,60.0,0,N,MELB_URBAN,STREET,11,18.0
111731,1,1,121,2,1,40.0,0,I,MELB_URBAN,STREET,11,16.0
111732,1,2,99,5,2,60.0,0,N,MELB_URBAN,ROAD,11,20.0
111733,1,4,130,1,1,40.0,0,I,MELB_URBAN,ROAD,10,15.0
111734,1,2,99,5,1,60.0,0,N,MELB_URBAN,STREET,11,8.0
111735,4,1,171,1,3,50.0,0,I,MELB_URBAN,STREET,11,21.0
111736,1,2,160,5,1,50.0,0,N,MELB_URBAN,ROAD,11,17.0
111737,1,2,110,1,3,70.0,0,I,MELB_URBAN,ROAD,11,20.0
111738,1,2,121,2,3,80.0,0,N,MELB_URBAN,ROAD,11,22.0
111739,1,4,130,5,1,100.0,0,N,MELB_URBAN,FREEWAY,10,16.0
111740,4,2,173,1,3,60.0,1,N,MELB_URBAN,ROAD,11,23.0
111741,4,2,173,5,3,70.0,0,I,LARGE_PROVINCIAL_CITIES,ROAD,11,2.0
111742,2,1,100,5,3,60.0,0,N,MELB_URBAN,ROAD,11,22.0
111743,7,3,99,2,1,60.0,0,N,MELB_URBAN,UNKNOWN,11,7.0
111744,1,3,183,5,1,80.0,0,N,MELB_URBAN,ROAD,11,7.0
111745,2,5,102,5,1,60.0,0,N,MELB_URBAN,ROAD,10,16.0
111746,1,2,130,5,1,80.0,0,N,MELB_URBAN,RAMP,10,16.0
111747,6,3,99,5,1,100.0,0,N,RURAL_VICTORIA,ROAD,11,8.0
111748,1,3,132,2,9,50.0,0,I,MELB_URBAN,AVENUE,11,8.0
111749,1,6,132,1,1,80.0,0,N,MELB_URBAN,HIGHWAY,11,8.0
111750,1,2,160,2,1,60.0,0,N,LARGE_PROVINCIAL_CITIES,ROAD,11,9.0
111751,1,2,132,2,2,60.0,0,N,MELB_URBAN,ROAD,11,6.0
111752,1,2,140,5,1,60.0,0,N,MELB_URBAN,ROAD,11,10.0
111753,1,3,121,5,1,80.0,0,N,RURAL_VICTORIA,ROAD,11,8.0
111754,3,2,167,5,1,80.0,0,N,RURAL_VICTORIA,ROAD,9,16.0
111755,1,3,121,2,1,60.0,0,I,MELB_URBAN,ROAD,11,7.0
111756,8,3,174,2,3,60.0,0,I,MELB_URBAN,BOULEVARD,10,21.0
111757,1,3,121,1,1,80.0,0,I,MELB_URBAN,ROAD,11,11.0
111758,8,2,99,5,1,60.0,0,N,RURAL_VICTORIA,DRIVE,10,16.0
111759,4,3,181,5,1,100.0,0,N,RURAL_VICTORIA,ROAD,11,10.0
111760,1,3,99,5,1,60.0,0,N,MELB_URBAN,STREET,11,13.0
111761,6,3,174,5,1,50.0,0,N,MELB_URBAN,STREET,11,11.0
111762,6,3,99,3,1,60.0,0,I,MELB_URBAN,ROAD,11,14.0
111763,1,0,110,1,3,60.0,0,N,MELB_URBAN,ROAD,11,5.0
111764,2,4,99,5,1,40.0,0,N,MELB_URBAN,ROAD,11,17.0
111765,1,2,130,1,1,60.0,0,I,RURAL_VICTORIA,HIGHWAY,11,14.0
111766,1,4,133,5,1,80.0,0,N,MELB_URBAN,HIGHWAY,10,12.0
111767,1,3,147,5,9,60.0,0,N,MELB_URBAN,STREET,11,23.0
111768,1,3,147,5,1,60.0,0,N,SMALL_CITIES,STREET,11,15.0
111769,1,3,132,5,1,60.0,0,N,MELB_URBAN,STREET,11,15.0
111770,1,3,147,5,1,60.0,0,N,MELB_URBAN,ROAD,11,15.0
111771,1,2,110,1,1,50.0,0,I,MELB_URBAN,STREET,11,16.0
111772,4,3,181,5,1,50.0,0,N,MELB_URBAN,ROAD,11,15.0
111773,6,7,174,5,9,60.0,0,N,MELB_URBAN,PARADE,8,13.0
111774,1,3,130,1,1,60.0,0,I,MELB_URBAN,ROAD,7,18.0
111775,1,3,160,5,1,70.0,0,N,MELB_URBAN,ROAD,11,16.0
111776,1,3,121,1,1,50.0,0,I,MELB_URBAN,ROAD,11,16.0
111777,1,0,111,2,1,50.0,0,I,MELB_URBAN,DRIVE,11,15.0
111778,1,3,130,4,1,100.0,0,N,MELB_URBAN,FREEWAY,11,15.0
111779,6,3,99,5,1,80.0,0,N,RURAL_VICTORIA,ROAD,11,17.0
111780,1,3,99,1,9,60.0,0,I,MELB_URBAN,STREET,10,15.0
111781,5,3,99,5,2,100.0,0,N,MELB_URBAN,RAMP,11,16.0
111782,3,2,167,5,5,100.0,0,N,RURAL_VICTORIA,ROAD,11,20.0
111783,7,3,99,5,3,40.0,0,N,LARGE_PROVINCIAL_CITIES,STREET,11,23.0
111784,1,2,110,1,3,50.0,0,I,MELB_URBAN,AVENUE,11,23.0
111785,9,3,99,5,5,100.0,0,N,RURAL_VICTORIA,ROAD,11,23.0
111786,2,3,100,5,1,60.0,0,N,MELB_URBAN,ROAD,11,18.0
111787,4,3,173,5,3,70.0,1,N,MELB_URBAN,ROAD,11,22.0
111788,1,4,160,5,6,60.0,0,N,MELB_URBAN,DRIVE,11,2.0
111789,1,3,120,5,2,60.0,0,N,MELB_URBAN,ROAD,11,6.0
111790,1,4,135,5,2,60.0,0,N,MELB_URBAN,ROAD,11,6.0
111791,1,2,140,1,1,60.0,0,I,TOWNS,ROAD,9,7.0
111792,6,4,174,2,9,70.0,0,I,MELB_URBAN,OTHER,5,18.0
111793,1,1,160,5,1,50.0,0,N,MELB_URBAN,STREET,11,18.0
111794,1,2,130,5,1,60.0,0,N,MELB_URBAN,ROAD,11,17.0
111795,1,5,99,4,3,30.0,0,N,MELB_URBAN,STREET,11,20.0
111796,1,4,110,1,1,60.0,0,I,LARGE_PROVINCIAL_CITIES,STREET,11,8.0
111797,1,6,99,1,1,60.0,0,I,MELB_URBAN,ROAD,10,6.0
111798,1,1,99,1,1,70.0,0,I,MELB_URBAN,HIGHWAY,11,12.0
111799,1,1,130,1,2,60.0,0,N,MELB_URBAN,STREET,11,17.0
111800,1,4,110,1,3,60.0,0,I,MELB_URBAN,ROAD,10,0.0
111801,1,2,110,1,1,60.0,0,I,MELB_URBAN,STREET,11,16.0
111802,1,5,130,2,1,80.0,0,I,MELB_URBAN,HIGHWAY,10,9.0
111803,1,3,130,5,1,60.0,0,N,MELB_URBAN,AVENUE,10,17.0
111804,1,3,130,5,1,80.0,0,N,MELB_URBAN,ROAD,11,19.0
111805,4,4,173,5,1,100.0,0,N,RURAL_VICTORIA,HIGHWAY,11,9.0
111806,8,7,99,5,1,60.0,0,O,RURAL_VICTORIA,UNKNOWN,11,12.0
111807,1,4,130,5,1,80.0,0,N,MELB_URBAN,OTHER,11,9.0
111808,1,2,130,1,2,60.0,0,I,MELB_URBAN,ROAD,11,17.0
111809,1,4,120,5,1,50.0,0,N,MELB_URBAN,AVENUE,11,10.0
111810,1,3,160,5,5,50.0,0,N,LARGE_PROVINCIAL_CITIES,AVENUE,10,3.0
111811,1,5,132,2,1,60.0,0,I,MELB_URBAN,ROAD,11,17.0
111812,1,4,121,1,9,60.0,0,I,MELB_URBAN,ROAD,11,8.0
111813,1,4,140,5,1,100.0,0,N,RURAL_VICTORIA,HIGHWAY,11,10.0
111814,2,3,99,5,1,60.0,0,N,MELB_URBAN,STREET,11,12.0
111815,1,2,130,5,1,100.0,0,N,MELB_URBAN,ROAD,11,16.0
111816,1,6,113,1,2,60.0,0,I,RURAL_VICTORIA,ROAD,6,5.0
111817,8,1,174,5,1,60.0,0,N,LARGE_PROVINCIAL_CITIES,STREET,10,10.0
111818,1,7,132,2,1,60.0,0,N,SMALL_CITIES,ROAD,11,8.0
111819,1,4,99,5,1,100.0,0,N,MELB_URBAN,FREEWAY,11,14.0
111820,1,4,121,2,1,60.0,0,I,MELB_URBAN,STREET,11,14.0
111821,4,3,171,5,1,60.0,0,N,LARGE_PROVINCIAL_CITIES,STREET,7,7.0
111822,1,4,121,2,1,50.0,0,I,LARGE_PROVINCIAL_CITIES,STREET,11,13.0
111823,1,4,113,2,1,60.0,0,N,MELB_URBAN,ROAD,11,13.0
111824,1,4,134,5,1,40.0,0,N,MELB_URBAN,STREET,11,15.0
111825,1,4,130,5,1,100.0,1,N,MELB_URBAN,ROAD,11,14.0
111826,1,3,130,1,1,80.0,0,I,RURAL_VICTORIA,ROAD,11,9.0
111827,4,4,181,5,1,100.0,0,N,RURAL_VICTORIA,ROAD,11,10.0
111828,1,5,99,5,1,60.0,0,N,MELB_URBAN,STREET,10,12.0
111829,1,4,130,1,3,80.0,0,I,MELB_URBAN,ROAD,10,22.0
111830,2,4,102,1,1,60.0,0,I,MELB_URBAN,ROAD,11,13.0
111831,1,6,130,5,9,70.0,0,N,MELB_URBAN,ROAD,11,11.0
111832,1,4,113,2,1,80.0,0,I,MELB_URBAN,ROAD,11,16.0
111833,2,4,100,2,9,60.0,0,I,LARGE_PROVINCIAL_CITIES,STREET,11,16.0
111834,1,3,99,5,1,40.0,0,N,TOWNS,STREET,11,16.0
111835,1,3,120,5,1,60.0,0,N,LARGE_PROVINCIAL_CITIES,DRIVE,11,16.0
111836,1,2,99,5,1,60.0,0,N,RURAL_VICTORIA,ROAD,11,15.0
111837,1,4,147,5,1,80.0,0,N,SMALL_CITIES,STREET,11,15.0
111838,1,3,99,2,1,60.0,0,N,SMALL_CITIES,RAMP,11,19.0
111839,1,3,99,1,1,50.0,0,I,MELB_URBAN,ROAD,11,17.0
111840,1,4,111,2,1,60.0,0,I,MELB_URBAN,ROAD,11,17.0
111841,4,4,181,2,1,50.0,0,I,MELB_URBAN,DRIVE,11,18.0
111842,1,3,113,2,1,80.0,0,I,RURAL_VICTORIA,ROAD,11,18.0
111843,1,4,147,2,1,60.0,0,I,MELB_URBAN,ROAD,11,14.0
111844,2,4,99,2,1,50.0,0,I,MELB_URBAN,OTHER,11,15.0
111845,1,4,140,2,2,50.0,0,N,MELB_URBAN,BOULEVARD,11,18.0
111846,1,4,99,5,3,60.0,0,N,MELB_URBAN,ROAD,11,21.0
111847,1,4,130,2,3,40.0,0,I,MELB_URBAN,ROAD,11,21.0
111848,1,4,113,2,1,60.0,0,I,MELB_URBAN,STREET,11,12.0
111849,1,5,160,5,1,60.0,0,N,MELB_URBAN,ROAD,11,7.0
111850,4,1,171,5,1,60.0,0,N,RURAL_VICTORIA,OTHER,11,9.0
111851,1,4,110,1,2,40.0,0,I,SMALL_CITIES,STREET,11,18.0
111852,1,5,99,1,1,50.0,0,I,MELB_URBAN,STREET,11,9.0
111853,1,4,134,1,1,60.0,0,N,MELB_URBAN,OTHER,11,8.0
111854,6,6,174,5,1,60.0,0,N,SMALL_CITIES,OTHER,3,7.0
111855,1,1,132,2,1,60.0,0,I,MELB_URBAN,ROAD,11,14.0
111856,1,5,147,2,1,40.0,0,N,MELB_URBAN,STREET,11,8.0
111857,1,3,130,5,3,60.0,0,N,MELB_URBAN,STREET,11,22.0
111858,1,5,110,1,1,50.0,0,I,TOWNS,STREET,11,16.0
111859,1,6,99,2,1,50.0,0,N,TOWNS,STREET,1,8.0
111860,1,4,99,2,1,60.0,0,I,MELB_URBAN,AVENUE,10,14.0