,accident_type,day_of_week,dca_code,road_geometry,light_condition,speed_zone,severity,node_type,deg_urban_name,road_type,month,hour
111861,1,3,99,1,1,60.0,0,N,MELB_URBAN,ROAD,11,14.0
111862,1,3,147,5,1,60.0,0,N,MELB_URBAN,OTHER,11,13.0
111863,1,5,130,5,3,40.0,0,N,MELB_URBAN,FREEWAY,3,21.0
111864,1,1,130,5,2,100.0,0,N,MELB_URBAN,ROAD,10,5.0
111865,1,5,163,5,1,50.0,0,N,MELB_URBAN,STREET,11,12.0
111866,1,4,130,1,1,60.0,0,I,MELB_URBAN,ROAD,10,8.0
111867,2,5,100,1,1,40.0,0,I,MELB_URBAN,STREET,11,13.0
111868,1,4,110,1,1,50.0,0,I,MELB_URBAN,ROAD,11,13.0
111869,1,4,130,1,1,60.0,0,I,MELB_URBAN,AVENUE,11,7.0
111870,1,3,121,5,1,60.0,0,N,MELB_URBAN,ROAD,11,12.0
111871,1,4,130,1,1,60.0,0,I,SMALL_CITIES,AVENUE,11,14.0
111872,1,1,130,2,3,60.0,0,I,MELB_URBAN,STREET,11,22.0
111873,1,5,111,1,1,60.0,0,I,MELB_URBAN,ROAD,11,8.0
111874,4,4,99,5,1,40.0,0,N,SMALL_CITIES,STREET,11,14.0
111875,1,4,130,5,1,70.0,0,N,MELB_URBAN,ROAD,11,13.0
111876,1,5,132,5,1,60.0,0,N,MELB_URBAN,ROAD,10,12.0
111877,1,5,110,1,1,60.0,0,I,SMALL_CITIES,AVENUE,11,16.0
111878,2,4,99,5,9,60.0,0,N,MELB_URBAN,BOULEVARD,5,20.0
111879,1,5,110,1,1,100.0,0,I,RURAL_VICTORIA,ROAD,11,13.0
111880,1,5,99,1,1,60.0,0,I,MELB_URBAN,ROAD,11,16.0
111881,1,2,130,1,9,40.0,0,I,MELB_URBAN,ROAD,11,7.0
111882,1,4,130,5,1,70.0,0,N,MELB_URBAN,ROAD,11,17.0
111883,4,4,171,5,1,60.0,0,N,MELB_URBAN,ROAD,11,15.0
111884,1,5,111,1,1,80.0,0,I,MELB_URBAN,ROAD,11,17.0
111885,1,4,121,1,1,60.0,0,I,MELB_URBAN,ROAD,11,18.0
111886,1,5,140,2,1,50.0,0,I,MELB_URBAN,STREET,11,19.0
111887,1,5,121,5,1,60.0,0,N,MELB_URBAN,ROAD,11,16.0
111888,1,5,110,1,1,60.0,0,I,MELB_URBAN,ROAD,11,17.0
111889,2,5,100,5,1,100.0,1,N,MELB_URBAN,FREEWAY,11,16.0
111890,1,5,121,1,2,60.0,0,I,MELB_URBAN,HIGHWAY,11,21.0
111891,1,5,121,1,1,60.0,0,I,MELB_URBAN,ROAD,11,17.0
111892,1,5,116,2,3,60.0,0,I,MELB_URBAN,PARADE,11,22.0
111893,1,3,113,2,1,60.0,0,I,RURAL_VICTORIA,ROAD,11,15.0
111894,2,5,100,2,2,50.0,0,I,MELB_URBAN,STREET,11,7.0
111895,4,6,173,5,3,60.0,0,N,SMALL_CITIES,ROAD,11,4.0
111896,4,6,171,5,1,80.0,0,N,RURAL_VICTORIA,ROAD,11,8.0
111897,1,2,130,5,1,60.0,0,N,MELB_URBAN,STREET,11,15.0
111898,2,4,99,5,3,60.0,0,N,LARGE_PROVINCIAL_CITIES,STREET,11,21.0
111899,3,1,167,5,5,110.0,0,N,RURAL_VICTORIA,FREEWAY,11,1.0
111900,4,5,171,3,1,100.0,0,I,MELB_URBAN,UNKNOWN,11,8.0
111901,1,4,121,2,6,50.0,0,N,MELB_URBAN,AVENUE,11,21.0
111902,1,4,130,5,9,60.0,0,N,MELB_URBAN,RAMP,9,7.0
111903,6,6,99,5,1,60.0,0,N,RURAL_VICTORIA,ROAD,11,9.0
111904,6,5,170,5,1,100.0,0,N,RURAL_VICTORIA,ROAD,10,13.0
111905,1,4,130,5,1,80.0,0,N,MELB_URBAN,HIGHWAY,11,15.0
111906,1,6,140,4,1,60.0,0,N,MELB_URBAN,STREET,11,12.0
111907,6,3,174,5,1,60.0,0,N,RURAL_VICTORIA,OTHER,11,11.0
111908,4,6,99,5,1,40.0,0,N,MELB_URBAN,STREET,11,13.0
111909,4,6,181,5,1,100.0,0,N,RURAL_VICTORIA,ROAD,11,10.0
111910,1,6,135,2,1,80.0,0,N,MELB_URBAN,ROAD,10,10.0
111911,1,6,120,5,1,40.0,0,N,RURAL_VICTORIA,ROAD,11,7.0
111912,1,6,121,1,1,40.0,0,I,LARGE_PROVINCIAL_CITIES,STREET,11,13.0
111913,1,6,120,5,1,100.0,0,N,RURAL_VICTORIA,HIGHWAY,11,13.0
111914,1,5,134,1,9,60.0,0,I,MELB_URBAN,STREET,11,17.0
111915,1,0,133,1,1,60.0,0,I,MELB_URBAN,ROAD,11,14.0
111916,4,6,183,5,1,100.0,0,N,RURAL_VICTORIA,HIGHWAY,11,14.0
111917,1,6,110,1,1,40.0,0,I,MELBOURNE_CBD,STREET,11,8.0
111918,4,6,181,5,1,100.0,0,N,RURAL_VICTORIA,ROAD,11,15.0
111919,1,4,130,5,9,50.0,0,N,MELB_URBAN,STREET,4,17.0
111920,1,4,111,4,1,40.0,0,I,MELB_URBAN,OTHER,11,9.0
111921,1,6,147,5,1,60.0,0,N,MELB_URBAN,ROAD,11,15.0
111922,1,5,121,1,1,60.0,0,I,MELB_URBAN,ROAD,11,16.0
111923,1,6,110,1,1,60.0,0,I,LARGE_PROVINCIAL_CITIES,STREET,11,17.0
111924,2,5,100,5,1,50.0,0,N,MELB_URBAN,ROAD,11,18.0
111925,1,6,130,1,1,60.0,0,N,MELB_URBAN,ROAD,11,10.0
111926,1,6,132,2,1,60.0,0,I,MELB_URBAN,BOULEVARD,11,10.0
111927,1,1,130,2,1,60.0,0,I,MELB_URBAN,ROAD,4,12.0
111928,1,6,130,5,1,100.0,0,N,MELB_URBAN,FREEWAY,11,16.0
111929,2,6,100,2,2,50.0,0,N,MELB_URBAN,ROAD,11,19.0
111930,5,4,99,5,1,100.0,0,N,RURAL_VICTORIA,HIGHWAY,11,10.0
111931,1,5,121,2,1,60.0,0,I,MELB_URBAN,STREET,11,17.0
111932,1,6,110,1,1,80.0,0,I,MELB_URBAN,HIGHWAY,11,15.0
111933,1,6,160,5,1,40.0,0,N,MELB_URBAN,ROAD,11,15.0
111934,1,6,130,5,1,60.0,0,N,TOWNS,ROAD,11,16.0
111935,1,6,132,1,1,80.0,0,I,MELB_URBAN,ROAD,11,18.0
111936,1,5,110,1,1,60.0,0,I,MELB_URBAN,DRIVE,11,16.0
111937,1,6,130,2,1,60.0,0,I,MELB_URBAN,ROAD,11,9.0
111938,1,6,147,5,1,60.0,0,N,MELB_URBAN,ROAD,11,15.0
111939,1,6,99,5,2,60.0,0,N,MELB_URBAN,ROAD,11,19.0
111940,1,6,99,5,1,50.0,0,N,MELB_URBAN,STREET,11,19.0
111941,1,6,160,5,2,60.0,0,N,MELB_URBAN,STREET,11,19.0
111942,1,6,113,1,1,80.0,0,I,RURAL_VICTORIA,ROAD,11,16.0
111943,1,4,110,1,3,60.0,0,I,MELB_URBAN,AVENUE,11,0.0
111944,1,2,130,4,1,70.0,0,N,LARGE_PROVINCIAL_CITIES,HIGHWAY,11,8.0
111945,1,5,99,1,2,80.0,0,I,MELB_URBAN,ROAD,11,21.0
111946,1,5,110,1,3,60.0,0,I,LARGE_PROVINCIAL_CITIES,STREET,11,21.0
111947,1,7,110,1,3,50.0,0,I,MELB_URBAN,ROAD,11,0.0
111948,1,5,110,1,1,50.0,0,I,LARGE_PROVINCIAL_CITIES,STREET,11,14.0
111949,6,3,99,1,3,60.0,0,I,MELB_URBAN,STREET,11,20.0
111950,1,4,99,2,1,50.0,0,I,SMALL_CITIES,STREET,10,15.0
111951,4,6,183,5,1,100.0,0,N,RURAL_VICTORIA,ROAD,11,16.0
111952,2,6,102,5,1,40.0,0,N,MELB_URBAN,STREET,11,9.0
111953,1,5,132,2,1,60.0,0,I,MELB_URBAN,ROAD,11,7.0
111954,1,6,116,2,1,50.0,0,I,MELB_URBAN,STREET,11,9.0
111955,1,5,121,2,1,60.0,0,N,MELB_URBAN,STREET,11,16.0
111956,7,7,99,5,1,60.0,0,N,MELB_URBAN,ROAD,9,15.0
111957,1,5,130,5,1,100.0,0,N,MELB_URBAN,FREEWAY,8,16.0
111958,1,6,99,1,1,50.0,0,I,TOWNS,ROAD,11,11.0
111959,4,7,181,5,1,100.0,0,N,RURAL_VICTORIA,ROAD,11,9.0
111960,1,7,130,4,1,70.0,0,I,MELB_URBAN,ROAD,11,11.0
111961,4,7,183,2,1,50.0,0,I,MELB_URBAN,AVENUE,11,9.0
111962,1,7,113,1,1,60.0,0,I,MELB_URBAN,STREET,11,8.0
111963,1,7,147,5,1,60.0,0,N,MELB_URBAN,ROAD,11,10.0
111964,6,7,99,5,1,100.0,0,N,RURAL_VICTORIA,ROAD,11,10.0
111965,1,6,99,5,1,40.0,0,N,LARGE_PROVINCIAL_CITIES,STREET,11,10.0
111966,8,7,174,5,6,60.0,0,N,MELB_URBAN,ROAD,9,20.0
111967,1,7,160,5,1,60.0,0,N,MELB_URBAN,ROAD,11,13.0
111968,1,6,110,1,1,50.0,0,I,MELB_URBAN,STREET,11,13.0
111969,1,6,133,5,1,60.0,0,N,LARGE_PROVINCIAL_CITIES,ROAD,11,14.0
111970,4,6,171,5,1,50.0,0,N,TOWNS,ROAD,11,11.0
111971,4,7,181,5,1,60.0,0,N,MELB_URBAN,DRIVE,11,13.0
111972,1,7,99,2,1,60.0,0,I,MELB_URBAN,ROAD,11,12.0
111973,4,7,181,2,1,100.0,0,N,RURAL_VICTORIA,HIGHWAY,11,15.0
111974,1,7,116,2,1,50.0,0,I,MELB_URBAN,STREET,11,15.0
111975,1,7,121,2,1,50.0,0,I,MELB_URBAN,STREET,11,14.0
111976,1,7,134,5,1,70.0,0,N,MELB_URBAN,ROAD,11,16.0
111977,4,6,173,5,5,50.0,0,N,RURAL_VICTORIA,ROAD,11,21.0
111978,1,6,133,2,1,40.0,0,N,MELB_URBAN,STREET,11,15.0
111979,1,6,120,5,1,60.0,0,N,SMALL_CITIES,ROAD,11,14.0
111980,2,7,99,2,3,60.0,0,N,MELB_URBAN,ROAD,11,20.0
111981,1,0,120,5,3,60.0,0,I,MELB_URBAN,ROAD,11,1.0
111982,1,0,110,1,3,60.0,0,I,MELB_URBAN,STREET,11,2.0
111983,2,7,100,2,3,60.0,0,I,MELB_URBAN,ROAD,11,1.0
111984,9,7,99,5,1,60.0,0,N,RURAL_VICTORIA,ROAD,11,9.0
111985,1,7,121,1,1,60.0,0,I,MELB_URBAN,ROAD,11,12.0
111986,1,7,130,1,2,60.0,0,I,TOWNS,STREET,11,6.0
111987,6,7,99,5,1,100.0,0,N,RURAL_VICTORIA,HIGHWAY,11,18.0
111988,4,7,181,5,1,80.0,0,N,MELB_URBAN,FREEWAY,11,18.0
111989,1,1,160,5,1,50.0,0,N,MELB_URBAN,STREET,11,12.0
111990,1,1,147,5,1,60.0,0,N,MELB_URBAN,ROAD,11,13.0
111991,4,1,171,5,1,100.0,0,N,RURAL_VICTORIA,OTHER,11,10.0
111992,1,1,99,5,1,40.0,0,N,TOWNS,STREET,11,13.0
111993,1,0,110,1,1,50.0,0,I,MELB_URBAN,STREET,11,12.0
111994,1,4,130,5,1,50.0,0,N,MELB_URBAN,STREET,11,12.0
111995,1,1,110,4,1,60.0,0,I,MELB_URBAN,ROAD,11,9.0
111996,1,0,110,1,1,50.0,0,N,MELB_URBAN,PARADE,11,13.0
111997,2,1,99,5,1,60.0,0,N,RURAL_VICTORIA,ROAD,11,13.0
111998,1,1,110,1,1,60.0,0,I,MELB_URBAN,STREET,11,7.0
111999,1,1,120,5,1,80.0,0,N,MELB_URBAN,ROAD,11,12.0
112000,2,1,99,5,1,70.0,0,N,MELB_URBAN,HIGHWAY,11,12.0
112001,1,1,121,9,1,60.0,0,I,MELB_URBAN,ROAD,11,16.0
112002,1,6,130,5,1,60.0,0,N,MELB_URBAN,ROAD,11,17.0
112003,1,1,140,5,1,80.0,0,N,MELB_URBAN,ROAD,11,15.0
112004,4,1,181,5,5,100.0,0,N,RURAL_VICTORIA,OTHER,11,1.0
112005,4,1,181,5,1,100.0,0,N,RURAL_VICTORIA,ROAD,11,14.0
112006,6,6,174,5,1,60.0,0,N,MELB_URBAN,ROAD,11,8.0
112007,1,1,116,2,6,40.0,0,I,MELB_URBAN,STREET,11,20.0
112008,1,1,130,5,1,60.0,0,N,MELB_URBAN,STREET,11,15.0
112009,1,1,99,2,1,100.0,0,I,RURAL_VICTORIA,ROAD,11,15.0
112010,1,1,132,5,1,60.0,0,N,MELB_URBAN,ROAD,11,18.0
112011,4,1,183,5,1,60.0,0,N,RURAL_VICTORIA,ROAD,11,16.0
112012,4,1,183,5,1,100.0,0,N,RURAL_VICTORIA,ROAD,11,19.0
112013,1,1,130,1,9,40.0,0,I,MELB_URBAN,STREET,11,10.0
112014,1,3,130,5,1,100.0,0,N,MELB_URBAN,UNKNOWN,10,17.0
112015,1,2,120,5,5,100.0,1,N,RURAL_VICTORIA,HIGHWAY,11,3.0
112016,1,2,116,2,1,40.0,0,I,SMALL_CITIES,DRIVE,11,9.0
112017,1,2,99,5,1,40.0,0,N,MELB_URBAN,STREET,11,8.0
112018,1,2,173,5,1,80.0,0,N,MELB_URBAN,HIGHWAY,11,6.0
112019,1,5,99,2,1,50.0,0,I,MELB_URBAN,AVENUE,11,15.0
112020,5,7,99,5,1,100.0,0,N,RURAL_VICTORIA,OTHER,11,12.0
112021,1,2,160,2,1,40.0,0,I,TOWNS,ROAD,11,8.0
112022,1,2,99,2,1,80.0,0,I,MELB_URBAN,STREET,11,9.0
112023,1,2,147,5,1,60.0,0,N,MELB_URBAN,DRIVE,11,13.0
112024,1,2,121,2,1,100.0,0,I,RURAL_VICTORIA,ROAD,11,17.0
112025,1,6,130,5,1,60.0,0,N,MELB_URBAN,ROAD,10,15.0
112026,2,2,100,1,1,50.0,0,I,MELB_URBAN,STREET,11,12.0
112027,6,2,170,5,1,100.0,0,N,LARGE_PROVINCIAL_CITIES,ROAD,11,11.0
112028,3,1,167,5,1,60.0,0,N,RURAL_VICTORIA,STREET,7,17.0
112029,1,4,130,5,1,80.0,0,N,TOWNS,HIGHWAY,9,10.0
112030,1,1,99,5,3,50.0,0,N,MELB_URBAN,AVENUE,7,6.0
112031,1,2,130,5,1,70.0,0,N,MELB_URBAN,ROAD,11,8.0
112032,1,2,121,1,1,70.0,0,I,MELB_URBAN,ROAD,11,11.0
112033,1,2,99,5,1,60.0,0,N,MELB_URBAN,ROAD,11,6.0
112034,1,6,113,1,1,60.0,0,I,RURAL_VICTORIA,STREET,11,17.0
112035,1,5,121,1,3,60.0,0,I,MELB_URBAN,ROAD,11,21.0
112036,1,2,110,1,1,80.0,0,I,MELB_URBAN,HIGHWAY,11,8.0
112037,4,6,183,2,3,60.0,0,I,MELB_URBAN,ROAD,11,2.0
112038,4,2,171,5,2,100.0,0,N,RURAL_VICTORIA,ROAD,11,7.0
112039,1,2,99,2,1,60.0,0,I,MELB_URBAN,ROAD,11,13.0
112040,1,5,113,2,9,60.0,0,I,MELB_URBAN,STREET,10,17.0
112041,1,1,135,5,1,100.0,0,N,MELB_URBAN,ROAD,11,11.0
112042,1,2,130,5,1,80.0,0,N,MELB_URBAN,STREET,9,14.0
112043,1,1,130,5,1,60.0,0,N,MELB_URBAN,ROAD,11,16.0
112044,1,1,130,1,1,80.0,0,I,MELB_URBAN,ROAD,11,13.0
112045,1,5,132,5,1,80.0,0,N,MELB_URBAN,HIGHWAY,10,8.0
112046,1,2,121,2,1,80.0,0,I,RURAL_VICTORIA,HIGHWAY,11,14.0
112047,1,1,135,1,1,50.0,0,I,MELB_URBAN,ROAD,11,15.0
112048,1,2,113,2,1,60.0,0,I,MELB_URBAN,ROAD,11,16.0
112049,1,1,99,5,1,50.0,0,N,MELB_URBAN,DRIVE,11,16.0
112050,1,3,121,1,3,60.0,0,I,MELB_URBAN,ROAD,10,20.0
112051,1,2,121,2,1,100.0,0,I,TOWNS,HIGHWAY,11,16.0
112052,1,2,130,1,1,50.0,0,I,MELB_URBAN,STREET,11,16.0
112053,1,2,121,5,1,60.0,0,N,MELB_URBAN,ROAD,11,17.0
112054,1,2,147,5,1,60.0,0,N,MELB_URBAN,ROAD,11,16.0
112055,1,2,99,5,1,50.0,0,N,MELB_URBAN,ROAD,11,17.0
112056,2,1,100,5,1,60.0,0,N,MELB_URBAN,DRIVE,11,14.0
112057,7,1,99,5,1,60.0,0,N,MELB_URBAN,DRIVE,11,16.0
112058,1,1,130,5,1,70.0,0,N,MELB_URBAN,ROAD,11,17.0
112059,4,2,171,2,1,60.0,0,N,SMALL_CITIES,STREET,11,19.0
112060,1,1,134,5,2,80.0,0,N,MELB_URBAN,HIGHWAY,11,19.0
112061,1,2,110,1,1,60.0,0,N,SMALL_CITIES,STREET,11,16.0
112062,1,3,120,5,2,60.0,0,N,MELB_URBAN,ROAD,11,6.0
112063,1,2,147,5,1,60.0,0,N,MELB_URBAN,ROAD,11,16.0
112064,1,2,99,5,1,50.0,0,N,MELB_URBAN,AVENUE,11,17.0
112065,1,2,130,5,1,70.0,0,N,MELB_URBAN,ROAD,11,15.0
112066,1,2,181,5,1,70.0,0,N,MELB_URBAN,ROAD,11,18.0
112067,4,2,171,5,1,50.0,0,N,MELB_URBAN,STREET,11,16.0
112068,1,2,121,1,3,60.0,0,I,RURAL_VICTORIA,ROAD,11,22.0
112069,1,1,121,1,1,80.0,0,I,TOWNS,HIGHWAY,11,17.0
112070,4,2,181,5,2,50.0,0,I,SMALL_CITIES,DRIVE,11,19.0
112071,1,2,121,5,2,80.0,0,N,MELB_URBAN,ROAD,11,20.0
112072,1,2,130,5,5,100.0,1,N,RURAL_VICTORIA,ROAD,11,22.0
112073,1,3,121,1,3,60.0,0,N,MELB_URBAN,HIGHWAY,11,20.0
112074,1,3,121,2,2,60.0,0,I,MELB_URBAN,ROAD,11,5.0
112075,1,2,135,5,1,100.0,0,N,MELB_URBAN,FREEWAY,10,13.0
112076,3,3,167,5,1,100.0,0,N,RURAL_VICTORIA,ROAD,11,6.0
112077,4,2,181,5,5,100.0,0,N,RURAL_VICTORIA,ROAD,11,21.0
112078,1,3,99,2,1,60.0,0,I,MELB_URBAN,ROAD,11,8.0
112079,1,3,133,5,2,60.0,0,N,MELB_URBAN,STREET,11,7.0
112080,2,3,99,5,1,40.0,0,N,MELB_URBAN,ROAD,11,8.0
112081,1,2,130,5,1,80.0,0,N,RURAL_VICTORIA,ROAD,11,17.0
112082,5,1,183,5,1,80.0,0,N,RURAL_VICTORIA,ROAD,11,12.0
112083,1,2,113,2,1,80.0,0,I,MELB_URBAN,HIGHWAY,11,14.0
112084,1,3,110,1,1,60.0,0,I,MELB_URBAN,ROAD,11,9.0
112085,1,2,147,5,1,60.0,0,N,MELB_URBAN,ROAD,11,11.0
112086,1,2,99,2,2,60.0,0,N,MELB_URBAN,ROAD,11,6.0
112087,1,6,121,2,9,60.0,0,I,MELB_URBAN,DRIVE,10,9.0
112088,1,2,130,3,1,60.0,0,I,MELB_URBAN,ROAD,11,7.0
112089,1,2,111,1,1,60.0,0,I,LARGE_PROVINCIAL_CITIES,STREET,11,12.0
112090,1,3,99,5,1,60.0,0,N,MELB_URBAN,ROAD,11,7.0
112091,1,2,121,1,1,80.0,0,I,MELB_URBAN,ROAD,11,13.0
112092,2,6,99,5,1,60.0,0,N,MELB_URBAN,DRIVE,11,12.0
112093,4,7,171,5,1,80.0,0,N,MELB_URBAN,RAMP,8,10.0
112094,1,0,110,1,3,80.0,0,I,MELB_URBAN,ROAD,9,0.0
112095,1,1,130,5,6,60.0,0,N,MELB_URBAN,STREET,11,21.0
112096,1,3,132,2,1,80.0,0,N,MELB_URBAN,HIGHWAY,11,14.0
112097,1,6,147,5,6,50.0,0,N,MELB_URBAN,STREET,11,23.0
112098,1,4,113,2,1,60.0,0,I,MELB_URBAN,ROAD,11,18.0
112099,6,2,174,5,1,50.0,0,N,MELB_URBAN,ROAD,11,17.0
112100,1,3,134,5,1,60.0,0,N,MELB_URBAN,ROAD,11,14.0
112101,1,4,99,1,6,50.0,0,N,SMALL_CITIES,STREET,11,20.0
112102,1,3,160,5,1,60.0,0,N,MELB_URBAN,ROAD,11,14.0
112103,6,3,99,5,1,100.0,0,N,RURAL_VICTORIA,ROAD,11,10.0
112104,2,3,99,5,1,40.0,0,N,MELB_URBAN,STREET,11,15.0
112105,1,3,130,5,1,40.0,0,N,MELB_URBAN,ROAD,10,10.0
112106,2,2,100,2,1,60.0,0,I,MELB_URBAN,ROAD,11,17.0
112107,1,3,130,5,1,60.0,0,N,MELB_URBAN,ROAD,11,15.0
112108,1,2,130,5,1,80.0,0,N,MELB_URBAN,ROAD,11,16.0
112109,4,3,181,3,1,110.0,0,I,RURAL_VICTORIA,FREEWAY,11,18.0
112110,1,3,120,5,1,50.0,0,N,MELB_URBAN,UNKNOWN,11,18.0
112111,1,3,99,5,1,60.0,0,N,MELB_URBAN,STREET,11,15.0
112112,1,3,111,2,1,30.0,0,N,MELB_URBAN,STREET,11,17.0
112113,1,3,110,1,1,60.0,0,N,RURAL_VICTORIA,ROAD,11,16.0
112114,4,3,173,5,1,100.0,0,N,RURAL_VICTORIA,ROAD,11,15.0
112115,6,2,174,1,1,50.0,0,I,MELBOURNE_CBD,STREET,11,11.0
112116,2,3,100,1,1,50.0,0,N,MELB_URBAN,OTHER,11,17.0
112117,1,7,130,5,9,60.0,0,N,MELB_URBAN,STREET,11,13.0
112118,1,2,121,2,5,60.0,0,I,MELB_URBAN,OTHER,11,21.0
112119,1,3,130,2,9,60.0,0,I,MELB_URBAN,PARADE,11,18.0
112120,1,3,110,1,1,50.0,0,I,SMALL_CITIES,STREET,11,14.0
112121,4,3,183,9,4,80.0,0,N,RURAL_VICTORIA,STREET,11,22.0
112122,1,2,160,2,3,50.0,0,N,MELB_URBAN,UNKNOWN,11,21.0
112123,1,3,99,2,1,50.0,0,I,MELB_URBAN,STREET,11,18.0
112124,2,2,100,2,1,40.0,0,N,MELB_URBAN,ROAD,11,15.0
112125,1,3,130,5,1,60.0,0,N,MELB_URBAN,ROAD,11,16.0
112126,1,3,121,1,3,80.0,0,I,MELB_URBAN,ROAD,11,22.0
112127,2,6,102,2,1,60.0,0,N,MELBOURNE_CBD,OTHER,10,14.0
112128,4,3,171,5,5,80.0,0,N,RURAL_VICTORIA,HIGHWAY,10,21.0
112129,6,2,184,2,1,80.0,0,I,RURAL_VICTORIA,ROAD,11,18.0
112130,1,4,110,1,1,100.0,0,I,RURAL_VICTORIA,ROAD,11,7.0
112131,2,4,102,2,1,40.0,0,N,MELBOURNE_CBD,STREET,11,8.0
112132,1,4,110,1,1,40.0,0,I,MELB_URBAN,STREET,11,8.0
112133,1,4,113,2,1,60.0,0,I,RURAL_VICTORIA,ROAD,11,6.0
112134,4,3,99,5,1,50.0,0,N,MELB_URBAN,ROAD,11,16.0
112135,1,3,147,2,1,60.0,0,I,MELB_URBAN,STREET,11,8.0
112136,1,3,130,5,1,60.0,0,N,MELB_URBAN,ROAD,11,8.0
112137,4,3,171,5,1,60.0,0,N,RURAL_VICTORIA,ROAD,11,16.0
112138,6,3,174,5,1,50.0,0,N,MELB_URBAN,STREET,10,19.0
112139,4,4,171,5,1,80.0,0,N,RURAL_VICTORIA,ROAD,11,7.0
112140,7,4,99,3,1,60.0,0,I,MELB_URBAN,OTHER,11,8.0
112141,1,4,121,1,1,60.0,0,I,MELB_URBAN,ROAD,11,8.0
112142,4,6,171,5,1,100.0,0,N,RURAL_VICTORIA,ROAD,11,17.0
112143,1,3,110,1,1,70.0,0,I,MELB_URBAN,ROAD,11,7.0
112144,1,4,120,2,1,80.0,0,N,TOWNS,ROAD,11,12.0
112145,1,4,130,5,1,50.0,0,N,MELB_URBAN,STREET,11,10.0
112146,1,4,130,5,1,60.0,0,N,MELB_URBAN,STREET,7,15.0
112147,1,4,116,2,1,80.0,0,I,RURAL_VICTORIA,ROAD,11,14.0
112148,1,3,130,5,1,60.0,0,N,MELB_URBAN,ROAD,11,17.0
112149,1,3,121,2,1,60.0,0,I,RURAL_VICTORIA,DRIVE,11,8.0
112150,1,4,99,4,2,80.0,0,I,RURAL_VICTORIA,RAMP,11,6.0
112151,2,5,99,2,1,40.0,0,I,MELBOURNE_CBD,STREET,11,14.0
112152,6,3,174,5,3,100.0,0,N,RURAL_VICTORIA,FREEWAY,11,1.0
112153,4,1,183,5,5,60.0,0,N,RURAL_VICTORIA,ROAD,8,1.0
112154,4,4,173,5,1,100.0,0,N,MELB_URBAN,RAMP,11,14.0
112155,1,4,130,5,1,70.0,0,N,LARGE_PROVINCIAL_CITIES,ROAD,11,15.0
112156,1,3,120,2,1,40.0,0,N,MELB_URBAN,ROAD,11,16.0
112157,1,4,134,5,1,60.0,0,N,MELB_URBAN,ROAD,11,12.0
112158,1,7,99,5,1,60.0,0,UNKNOWN,UNKNOWN,UNKNOWN,11,12.0
112159,1,4,116,2,1,50.0,0,I,TOWNS,STREET,11,15.0
112160,1,4,113,1,1,60.0,0,I,MELB_URBAN,ROAD,11,15.0
112161,1,3,130,5,1,100.0,0,I,MELB_URBAN,ROAD,11,15.0
112162,6,5,174,5,3,30.0,0,N,MELB_URBAN,STREET,11,19.0
112163,2,3,100,5,1,40.0,0,N,MELB_URBAN,STREET,11,16.0
112164,6,4,99,5,1,80.0,0,N,RURAL_VICTORIA,ROAD,11,14.0
112165,1,4,130,2,1,70.0,0,N,MELB_URBAN,ROAD,11,11.0
112166,1,3,135,5,1,100.0,0,N,MELB_URBAN,FREEWAY,11,13.0
112167,1,4,99,2,1,60.0,1,I,MELB_URBAN,ROAD,11,9.0
112168,1,3,113,1,3,60.0,0,I,MELB_URBAN,ROAD,11,22.0
112169,1,4,130,5,1,60.0,0,N,MELB_URBAN,ROAD,11,15.0
112170,1,5,130,1,1,60.0,0,N,MELB_URBAN,STREET,11,15.0
112171,1,7,110,1,1,60.0,0,I,LARGE_PROVINCIAL_CITIES,STREET,11,11.0
112172,4,4,99,5,1,100.0,0,N,RURAL_VICTORIA,HIGHWAY,11,16.0
112173,1,4,116,2,1,80.0,0,N,RURAL_VICTORIA,ROAD,11,17.0
112174,1,6,99,1,1,80.0,0,I,SMALL_CITIES,HIGHWAY,11,16.0
112175,1,3,116,2,1,60.0,0,N,MELB_URBAN,DRIVE,11,16.0
112176,1,4,113,2,1,60.0,0,I,MELB_URBAN,ROAD,11,17.0
112177,1,3,134,5,2,40.0,0,N,MELBOURNE_CBD,STREET,11,18.0
112178,1,4,121,1,1,50.0,0,I,MELB_URBAN,ROAD,11,16.0
112179,1,4,121,2,1,50.0,0,I,MELB_URBAN,STREET,11,18.0
112180,2,4,99,2,1,50.0,0,I,MELB_URBAN,STREET,11,18.0
112181,1,4,130,5,1,70.0,0,N,LARGE_PROVINCIAL_CITIES,HIGHWAY,11,16.0
112182,2,3,99,2,1,60.0,0,N,MELB_URBAN,STREET,11,18.0