,accident_type,day_of_week,dca_code,road_geometry,light_condition,speed_zone,severity,node_type,deg_urban_name,road_type,month,hour
112183,1,4,147,5,1,60.0,0,N,MELB_URBAN,DRIVE,11,14.0
112184,1,4,121,1,1,60.0,0,I,MELB_URBAN,ROAD,11,18.0
112185,4,4,171,5,5,100.0,0,N,RURAL_VICTORIA,ROAD,11,22.0
112186,4,4,171,2,3,50.0,0,I,MELB_URBAN,AVENUE,11,21.0
112187,1,4,130,5,3,60.0,0,N,MELB_URBAN,ROAD,11,23.0
112188,4,4,171,5,3,50.0,0,N,MELB_URBAN,STREET,11,4.0
112189,1,5,120,5,2,60.0,0,N,MELB_URBAN,ROAD,11,5.0
112190,1,0,99,2,1,50.0,0,I,MELB_URBAN,ROAD,11,12.0
112191,1,5,130,5,1,80.0,0,N,MELB_URBAN,HIGHWAY,10,15.0
112192,4,4,171,5,2,100.0,0,N,RURAL_VICTORIA,HIGHWAY,11,6.0
112193,1,2,99,1,1,60.0,0,I,MELB_URBAN,OTHER,11,8.0
112194,1,6,121,2,1,80.0,0,N,MELB_URBAN,STREET,11,17.0
112195,1,4,99,2,1,70.0,0,I,MELB_URBAN,ROAD,11,9.0
112196,4,2,171,5,1,80.0,0,N,LARGE_PROVINCIAL_CITIES,ROAD,11,14.0
112197,1,4,110,1,1,80.0,0,N,SMALL_CITIES,HIGHWAY,11,10.0
112198,1,5,132,5,1,50.0,0,N,LARGE_PROVINCIAL_CITIES,ROAD,11,10.0
112199,5,5,99,9,1,100.0,0,N,RURAL_VICTORIA,ROAD,11,12.0
112200,6,1,99,5,1,60.0,0,N,RURAL_VICTORIA,OTHER,11,14.0
112201,1,5,130,1,1,60.0,0,N,MELB_URBAN,STREET,10,8.0
112202,2,4,100,2,1,60.0,0,I,MELB_URBAN,ROAD,11,9.0
112203,1,4,121,1,2,60.0,0,I,MELB_URBAN,STREET,11,7.0
112204,1,2,130,2,1,90.0,0,I,RURAL_VICTORIA,HIGHWAY,9,14.0
112205,1,4,130,2,1,60.0,0,I,MELB_URBAN,ROAD,11,17.0
112206,1,4,130,1,2,70.0,0,I,MELB_URBAN,ROAD,11,6.0
112207,1,2,111,2,1,80.0,0,I,MELB_URBAN,ROAD,10,16.0
112208,1,5,121,2,1,60.0,0,I,MELB_URBAN,ROAD,11,14.0
112209,1,5,130,1,1,100.0,0,I,RURAL_VICTORIA,ROAD,11,14.0
112210,1,5,121,2,1,80.0,0,I,RURAL_VICTORIA,ROAD,11,10.0
112211,1,2,132,2,1,60.0,0,N,MELB_URBAN,STREET,11,17.0
112212,1,5,147,5,1,50.0,0,N,MELB_URBAN,STREET,11,16.0
112213,1,6,121,1,3,60.0,0,I,LARGE_PROVINCIAL_CITIES,STREET,11,22.0
112214,1,5,163,5,1,60.0,0,N,MELB_URBAN,STREET,11,17.0
112215,1,2,121,2,9,70.0,0,I,MELB_URBAN,ROAD,11,12.0
112216,1,5,121,1,1,60.0,0,I,MELB_URBAN,ROAD,11,17.0
112217,2,4,100,1,1,60.0,0,N,MELB_URBAN,STREET,11,15.0
112218,1,1,99,5,1,50.0,0,N,MELB_URBAN,STREET,10,11.0
112219,1,6,133,5,1,60.0,0,N,MELB_URBAN,HIGHWAY,10,11.0
112220,1,5,120,5,1,80.0,1,N,RURAL_VICTORIA,ROAD,11,16.0
112221,1,4,120,5,1,60.0,0,N,MELB_URBAN,DRIVE,11,15.0
112222,1,5,110,1,1,60.0,0,I,MELB_URBAN,STREET,11,17.0
112223,1,4,110,1,1,50.0,0,I,SMALL_CITIES,STREET,10,12.0
112224,1,5,135,2,2,70.0,0,N,MELB_URBAN,ROAD,11,18.0
112225,4,5,171,5,2,50.0,0,N,LARGE_PROVINCIAL_CITIES,STREET,11,20.0
112226,4,5,99,5,1,50.0,1,N,MELB_URBAN,UNKNOWN,11,16.0
112227,1,5,99,1,1,50.0,0,N,MELB_URBAN,ROAD,11,13.0
112228,1,5,120,5,2,40.0,0,N,LARGE_PROVINCIAL_CITIES,PARADE,11,6.0
112229,1,4,130,1,3,80.0,0,N,MELB_URBAN,ROAD,10,23.0
112230,1,6,110,1,1,60.0,0,I,MELB_URBAN,STREET,11,8.0
112231,5,1,99,5,1,60.0,0,N,RURAL_VICTORIA,OTHER,11,11.0
112232,1,6,133,5,1,100.0,0,N,MELB_URBAN,FREEWAY,11,7.0
112233,1,6,121,1,1,60.0,0,I,MELB_URBAN,ROAD,11,8.0
112234,1,6,121,2,5,70.0,0,I,MELB_URBAN,ROAD,11,5.0
112235,4,1,181,5,1,60.0,0,N,MELB_URBAN,HIGHWAY,11,7.0
112236,2,6,100,1,1,50.0,0,N,MELB_URBAN,STREET,11,8.0
112237,1,6,110,1,1,100.0,0,N,RURAL_VICTORIA,ROAD,11,7.0
112238,1,3,130,1,1,50.0,0,I,LARGE_PROVINCIAL_CITIES,STREET,11,12.0
112239,8,4,170,5,1,100.0,0,N,RURAL_VICTORIA,ROAD,12,14.0
112240,1,2,133,5,1,80.0,0,N,MELB_URBAN,ROAD,10,16.0
112241,1,6,147,2,1,50.0,0,N,MELB_URBAN,STREET,11,10.0
112242,1,1,110,1,1,60.0,0,N,MELB_URBAN,ROAD,11,13.0
112243,1,1,133,5,1,80.0,0,N,MELB_URBAN,ROAD,1,12.0
112244,1,5,121,1,1,60.0,0,I,LARGE_PROVINCIAL_CITIES,STREET,11,10.0
112245,6,6,174,5,1,60.0,0,N,RURAL_VICTORIA,ROAD,10,14.0
112246,1,6,99,5,1,50.0,0,N,MELB_URBAN,STREET,11,12.0
112247,1,4,99,4,1,60.0,0,I,MELB_URBAN,AVENUE,11,13.0
112248,1,6,113,1,2,60.0,0,I,MELB_URBAN,ROAD,11,7.0
112249,2,6,102,5,1,60.0,0,N,MELB_URBAN,STREET,11,9.0
112250,1,5,130,1,1,80.0,0,N,MELB_URBAN,ROAD,11,11.0
112251,1,6,110,1,1,60.0,0,I,MELB_URBAN,STREET,11,12.0
112252,6,6,174,5,1,110.0,0,N,RURAL_VICTORIA,FREEWAY,11,12.0
112253,2,5,102,2,1,60.0,0,I,MELB_URBAN,STREET,11,11.0
112254,1,6,130,2,1,60.0,0,I,MELB_URBAN,AVENUE,11,8.0
112255,1,6,132,1,1,60.0,0,I,LARGE_PROVINCIAL_CITIES,ROAD,11,15.0
112256,5,6,99,5,1,100.0,0,N,RURAL_VICTORIA,ROAD,11,16.0
112257,1,5,160,5,1,60.0,0,N,MELB_URBAN,ROAD,11,12.0
112258,1,5,110,1,1,60.0,0,I,MELB_URBAN,STREET,11,15.0
112259,1,6,120,1,1,60.0,0,I,LARGE_PROVINCIAL_CITIES,STREET,11,13.0
112260,1,5,130,5,3,100.0,0,N,MELB_URBAN,ROAD,10,4.0
112261,1,6,121,1,1,40.0,0,I,MELB_URBAN,ROAD,11,15.0
112262,1,6,116,1,1,100.0,0,I,RURAL_VICTORIA,FREEWAY,11,15.0
112263,1,6,110,1,1,50.0,0,I,MELB_URBAN,ROAD,11,17.0
112264,1,6,121,1,1,60.0,0,N,MELB_URBAN,AVENUE,11,16.0
112265,1,6,110,1,1,50.0,0,I,MELB_URBAN,STREET,11,14.0
112266,1,6,113,2,1,50.0,0,N,MELB_URBAN,OTHER,11,17.0
112267,4,6,173,5,1,60.0,0,N,RURAL_VICTORIA,ROAD,11,15.0
112268,1,6,132,2,1,40.0,0,I,MELB_URBAN,STREET,11,17.0
112269,1,5,130,1,1,60.0,0,N,MELB_URBAN,HIGHWAY,11,17.0
112270,1,6,130,5,1,100.0,0,I,MELB_URBAN,ROAD,11,17.0
112271,1,6,160,5,1,50.0,0,N,MELB_URBAN,ROAD,11,15.0
112272,1,6,113,1,1,110.0,0,I,RURAL_VICTORIA,FREEWAY,11,17.0
112273,1,5,130,5,1,60.0,0,N,MELB_URBAN,ROAD,11,19.0
112274,1,6,130,5,2,80.0,0,N,MELB_URBAN,ROAD,11,17.0
112275,2,5,99,5,1,40.0,0,N,MELB_URBAN,ROAD,11,15.0
112276,1,5,110,1,1,50.0,0,N,MELB_URBAN,OTHER,11,8.0
112277,1,6,147,2,2,40.0,0,N,MELBOURNE_CBD,STREET,11,19.0
112278,1,5,120,5,3,60.0,0,N,MELB_URBAN,ROAD,11,20.0
112279,1,6,160,5,3,50.0,0,N,MELB_URBAN,AVENUE,11,20.0
112280,2,6,99,2,1,50.0,0,N,MELB_URBAN,STREET,11,15.0
112281,1,6,132,1,5,100.0,0,I,RURAL_VICTORIA,HIGHWAY,11,22.0
112282,1,7,121,1,3,50.0,0,I,MELB_URBAN,ROAD,11,0.0
112283,2,6,99,2,3,60.0,0,I,SMALL_CITIES,STREET,11,21.0
112284,4,5,171,5,3,50.0,0,N,MELB_URBAN,DRIVE,11,22.0
112285,4,2,171,5,3,60.0,0,N,MELB_URBAN,ROAD,7,4.0
112286,1,5,121,2,1,60.0,0,I,MELB_URBAN,AVENUE,11,10.0
112287,1,2,135,5,1,80.0,0,N,MELB_URBAN,FREEWAY,10,14.0
112288,4,7,171,5,1,60.0,0,N,LARGE_PROVINCIAL_CITIES,ROAD,11,9.0
112289,1,7,130,5,1,110.0,0,N,SMALL_CITIES,FREEWAY,11,10.0
112290,1,6,99,5,1,50.0,0,N,LARGE_PROVINCIAL_CITIES,STREET,11,15.0
112291,1,7,111,2,1,80.0,0,N,RURAL_VICTORIA,ROAD,11,11.0
112292,1,6,133,5,1,60.0,0,N,MELB_URBAN,ROAD,11,8.0
112293,1,7,116,2,1,60.0,0,I,MELB_URBAN,RAMP,11,8.0
112294,1,7,99,2,1,60.0,0,I,RURAL_VICTORIA,ROAD,11,11.0
112295,1,6,130,5,1,80.0,0,I,MELB_URBAN,FREEWAY,11,13.0
112296,1,5,130,5,2,40.0,0,N,MELB_URBAN,OTHER,11,21.0
112297,1,7,110,1,1,100.0,0,I,RURAL_VICTORIA,HIGHWAY,11,12.0
112298,1,7,132,1,1,50.0,0,I,MELB_URBAN,STREET,11,13.0
112299,1,7,121,1,1,60.0,0,N,MELB_URBAN,STREET,11,12.0
112300,1,6,134,5,1,100.0,0,N,MELB_URBAN,ROAD,11,11.0
112301,1,7,99,5,1,100.0,0,N,RURAL_VICTORIA,ROAD,11,12.0
112302,4,6,171,2,1,50.0,0,I,MELB_URBAN,DRIVE,11,14.0
112303,1,7,130,5,1,80.0,0,N,MELB_URBAN,ROAD,11,14.0
112304,1,4,130,5,1,80.0,0,N,MELB_URBAN,ROAD,11,16.0
112305,1,7,121,1,1,70.0,0,I,LARGE_PROVINCIAL_CITIES,HIGHWAY,11,14.0
112306,1,7,99,5,1,100.0,0,N,RURAL_VICTORIA,HIGHWAY,11,14.0
112307,1,7,130,5,1,80.0,0,N,MELB_URBAN,ROAD,11,14.0
112308,1,7,121,2,1,70.0,0,I,MELB_URBAN,ROAD,11,15.0
112309,5,7,173,5,1,60.0,0,N,RURAL_VICTORIA,ROAD,11,16.0
112310,1,1,121,1,1,50.0,0,I,TOWNS,STREET,11,9.0
112311,4,7,183,5,1,100.0,0,N,RURAL_VICTORIA,ROAD,11,13.0
112312,1,7,113,2,1,60.0,0,I,TOWNS,ROAD,11,16.0
112313,7,7,184,3,1,100.0,0,N,RURAL_VICTORIA,ROAD,11,16.0
112314,1,7,121,2,1,40.0,0,I,MELBOURNE_CBD,STREET,11,17.0
112315,1,7,140,5,1,50.0,0,N,MELB_URBAN,STREET,11,19.0
112316,5,7,99,5,1,60.0,0,N,SMALL_TOWNS,ROAD,11,17.0
112317,6,7,174,5,1,60.0,0,N,SMALL_TOWNS,STREET,11,18.0
112318,1,7,130,5,1,40.0,0,N,MELB_URBAN,ROAD,11,18.0
112319,1,7,130,5,1,50.0,0,N,MELB_URBAN,AVENUE,11,16.0
112320,3,7,167,5,5,100.0,0,N,RURAL_VICTORIA,ROAD,11,21.0
112321,4,6,171,5,5,100.0,0,N,SMALL_CITIES,ROAD,11,2.0
112322,4,1,173,5,3,50.0,0,N,RURAL_VICTORIA,BOULEVARD,11,0.0
112323,4,1,171,5,5,80.0,0,N,RURAL_VICTORIA,ROAD,11,2.0
112324,1,0,160,5,3,50.0,0,N,LARGE_PROVINCIAL_CITIES,STREET,11,0.0
112325,1,1,121,2,2,60.0,0,I,MELB_URBAN,ROAD,11,5.0
112326,4,1,171,5,1,60.0,0,N,MELB_URBAN,ROAD,11,7.0
112327,1,3,132,2,1,60.0,0,I,MELB_URBAN,ROAD,11,18.0
112328,1,0,121,1,1,40.0,0,I,MELBOURNE_CBD,STREET,11,10.0
112329,4,1,181,5,1,100.0,0,N,RURAL_VICTORIA,ROAD,11,9.0
112330,2,1,99,1,1,50.0,0,I,MELB_URBAN,UNKNOWN,11,11.0
112331,1,6,110,1,1,80.0,0,I,RURAL_VICTORIA,HIGHWAY,11,19.0
112332,1,1,171,5,1,100.0,0,N,MELB_URBAN,UNKNOWN,11,11.0
112333,1,0,113,2,1,70.0,0,I,MELB_URBAN,STREET,11,10.0
112334,1,0,147,5,1,60.0,0,N,MELB_URBAN,ROAD,11,12.0
112335,2,1,100,1,1,60.0,0,I,MELB_URBAN,STREET,11,10.0
112336,1,1,130,5,1,60.0,0,N,MELB_URBAN,ROAD,11,11.0
112337,1,1,130,2,1,60.0,0,I,MELB_URBAN,ROAD,11,6.0
112338,1,0,99,5,1,60.0,0,N,MELB_URBAN,ROAD,11,10.0
112339,1,3,132,1,1,60.0,0,I,RURAL_VICTORIA,BOULEVARD,11,9.0
112340,1,3,130,1,1,60.0,0,N,MELB_URBAN,ROAD,11,16.0
112341,4,1,181,5,1,100.0,0,N,RURAL_VICTORIA,ROAD,11,12.0
112342,1,0,110,1,1,60.0,0,I,MELB_URBAN,ROAD,11,16.0
112343,1,1,110,1,1,100.0,0,I,RURAL_VICTORIA,HIGHWAY,11,16.0
112344,1,1,113,2,1,80.0,0,I,MELB_URBAN,ROAD,11,14.0
112345,1,0,130,5,1,60.0,0,N,MELB_URBAN,ROAD,11,17.0
112346,1,6,130,2,1,60.0,0,N,MELB_URBAN,ROAD,11,17.0
112347,1,1,110,1,1,80.0,0,N,MELB_URBAN,STREET,11,16.0
112348,4,1,99,5,1,60.0,1,N,TOWNS,HIGHWAY,11,16.0
112349,1,0,110,1,1,50.0,0,I,MELB_URBAN,STREET,11,15.0
112350,4,1,99,5,3,60.0,0,O,MELB_URBAN,UNKNOWN,11,20.0
112351,1,1,160,5,2,60.0,0,N,MELB_URBAN,STREET,11,20.0
112352,1,1,111,1,2,60.0,0,I,MELB_URBAN,ROAD,11,20.0
112353,1,1,99,1,5,100.0,0,I,RURAL_VICTORIA,FREEWAY,11,22.0
112354,1,6,99,2,6,60.0,0,I,MELB_URBAN,ROAD,8,21.0
112355,1,6,130,5,1,60.0,0,N,MELB_URBAN,PARADE,11,17.0
112356,1,2,121,1,6,40.0,0,I,MELBOURNE_CBD,OTHER,10,22.0
112357,4,4,171,5,1,100.0,0,N,MELB_URBAN,FREEWAY,11,16.0
112358,6,1,99,5,1,100.0,0,N,RURAL_VICTORIA,ROAD,11,10.0
112359,1,2,134,5,1,80.0,0,N,MELB_URBAN,FREEWAY,11,6.0
112360,4,6,173,5,5,100.0,0,N,RURAL_VICTORIA,ROAD,11,22.0
112361,1,2,130,5,1,100.0,0,N,MELB_URBAN,FREEWAY,11,7.0
112362,1,1,135,3,1,80.0,0,N,MELB_URBAN,RAMP,11,6.0
112363,4,1,173,5,1,80.0,0,N,RURAL_VICTORIA,ROAD,11,7.0
112364,1,2,130,5,1,100.0,0,N,MELB_URBAN,FREEWAY,11,6.0
112365,4,6,171,2,3,80.0,0,N,MELB_URBAN,ROAD,11,0.0
112366,1,1,110,1,1,60.0,0,I,SMALL_CITIES,ROAD,11,6.0
112367,8,6,99,5,1,100.0,0,N,RURAL_VICTORIA,ROAD,11,12.0
112368,6,2,174,5,1,50.0,0,N,MELB_URBAN,STREET,11,8.0
112369,1,2,110,1,1,100.0,0,I,RURAL_VICTORIA,HIGHWAY,11,7.0
112370,1,1,113,2,1,60.0,0,I,MELB_URBAN,ROAD,11,8.0
112371,1,2,132,5,1,80.0,0,N,RURAL_VICTORIA,ROAD,11,9.0
112372,1,2,113,1,1,80.0,0,N,RURAL_VICTORIA,ROAD,11,7.0
112373,1,4,121,2,1,40.0,0,I,MELB_URBAN,STREET,11,13.0
112374,6,0,184,5,1,60.0,0,N,RURAL_VICTORIA,OTHER,11,12.0
112375,1,2,147,5,1,60.0,0,N,MELB_URBAN,DRIVE,11,11.0
112376,6,1,184,4,1,60.0,0,I,MELB_URBAN,ROAD,11,12.0
112377,1,6,130,5,1,100.0,0,N,MELB_URBAN,FREEWAY,11,16.0
112378,1,0,134,1,9,40.0,0,N,MELB_URBAN,AVENUE,11,15.0
112379,1,1,110,1,1,50.0,0,I,MELB_URBAN,STREET,11,12.0
112380,1,2,147,2,1,50.0,0,I,SMALL_CITIES,STREET,11,12.0
112381,1,1,113,1,1,50.0,0,I,TOWNS,STREET,11,9.0
112382,1,2,121,1,1,60.0,0,I,MELB_URBAN,ROAD,11,8.0
112383,1,2,132,1,1,100.0,0,I,RURAL_VICTORIA,ROAD,11,14.0
112384,1,2,160,5,1,60.0,0,N,MELB_URBAN,STREET,11,14.0
112385,4,4,171,1,5,60.0,0,I,RURAL_VICTORIA,ROAD,11,21.0
112386,1,2,99,5,1,60.0,0,N,TOWNS,HIGHWAY,11,16.0
112387,1,2,135,5,1,80.0,0,N,MELB_URBAN,ROAD,11,15.0
112388,1,2,121,2,9,80.0,0,I,MELB_URBAN,HIGHWAY,11,10.0
112389,1,0,133,5,1,60.0,0,N,MELB_URBAN,STREET,11,17.0
112390,6,7,170,5,1,100.0,0,N,RURAL_VICTORIA,ROAD,11,12.0
112391,1,7,99,2,1,50.0,0,N,SMALL_CITIES,STREET,11,9.0
112392,1,1,147,5,1,60.0,0,N,MELB_URBAN,ROAD,11,16.0
112393,2,4,100,1,1,60.0,0,I,MELB_URBAN,DRIVE,11,18.0
112394,8,2,99,5,1,80.0,0,N,LARGE_PROVINCIAL_CITIES,STREET,11,15.0
112395,1,4,132,1,2,60.0,0,N,MELB_URBAN,BOULEVARD,11,7.0
112396,2,1,102,1,1,60.0,0,N,MELB_URBAN,STREET,11,17.0
112397,1,2,120,5,1,40.0,0,N,MELB_URBAN,STREET,11,19.0
112398,1,7,130,5,1,70.0,0,N,MELB_URBAN,ROAD,11,11.0
112399,4,2,181,4,2,100.0,0,N,RURAL_VICTORIA,ROAD,11,19.0
112400,1,2,121,5,1,80.0,0,N,MELB_URBAN,HIGHWAY,11,19.0
112401,1,1,113,2,1,50.0,0,I,MELB_URBAN,ROAD,11,11.0
112402,1,3,163,5,9,60.0,0,N,MELB_URBAN,ROAD,11,17.0
112403,4,3,171,5,3,60.0,0,N,MELB_URBAN,ROAD,11,0.0
112404,1,3,130,1,1,60.0,0,I,SMALL_CITIES,STREET,11,7.0
112405,1,6,99,1,1,60.0,0,I,MELB_URBAN,ROAD,9,16.0
112406,1,4,130,5,1,70.0,0,N,MELB_URBAN,ROAD,11,14.0
112407,6,5,99,5,1,100.0,0,N,RURAL_VICTORIA,ROAD,11,17.0
112408,1,3,113,2,1,60.0,0,I,MELB_URBAN,ROAD,11,9.0
112409,1,2,113,2,1,50.0,0,N,MELB_URBAN,OTHER,11,8.0
112410,1,3,147,5,1,40.0,0,N,MELB_URBAN,ROAD,11,9.0
112411,2,3,99,5,1,50.0,0,N,MELB_URBAN,STREET,11,10.0
112412,1,1,130,5,1,80.0,0,N,MELB_URBAN,HIGHWAY,11,16.0
112413,1,2,99,2,1,70.0,0,I,MELB_URBAN,HIGHWAY,11,12.0
112414,1,3,99,2,1,50.0,0,N,RURAL_VICTORIA,AVENUE,11,7.0
112415,1,3,110,1,1,60.0,0,I,SMALL_CITIES,AVENUE,11,11.0
112416,1,1,130,1,1,80.0,0,N,MELB_URBAN,ROAD,11,16.0
112417,1,4,113,2,1,60.0,0,I,MELB_URBAN,STREET,10,15.0
112418,1,0,99,2,1,60.0,0,I,MELB_URBAN,ROAD,11,12.0
112419,1,3,116,1,1,70.0,0,N,LARGE_PROVINCIAL_CITIES,STREET,11,10.0
112420,1,2,130,5,1,70.0,0,N,MELB_URBAN,ROAD,9,14.0
112421,1,3,130,5,1,60.0,0,N,MELB_URBAN,STREET,11,8.0
112422,6,0,174,5,1,50.0,0,N,RURAL_VICTORIA,STREET,11,14.0
112423,1,5,99,1,1,60.0,0,I,MELB_URBAN,ROAD,6,15.0
112424,1,2,130,5,9,70.0,0,N,MELB_URBAN,ROAD,11,17.0
112425,2,2,102,2,1,60.0,0,N,MELB_URBAN,STREET,11,11.0
112426,1,2,130,1,1,60.0,0,I,SMALL_CITIES,STREET,11,13.0
112427,1,3,113,1,1,80.0,0,I,MELB_URBAN,ROAD,11,13.0
112428,3,2,167,5,1,100.0,0,N,RURAL_VICTORIA,ROAD,11,11.0
112429,1,3,130,5,1,60.0,0,N,MELB_URBAN,STREET,11,6.0
112430,1,5,130,5,1,60.0,0,N,SMALL_CITIES,STREET,11,15.0
112431,1,2,113,2,1,50.0,0,N,SMALL_TOWNS,AVENUE,11,17.0
112432,4,3,173,5,1,80.0,0,N,SMALL_CITIES,ROAD,11,14.0
112433,4,3,171,1,1,60.0,0,N,MELB_URBAN,DRIVE,11,12.0
112434,1,2,132,2,1,60.0,0,I,MELB_URBAN,ROAD,11,14.0
112435,1,3,121,9,1,60.0,0,N,SMALL_CITIES,ROAD,11,14.0
112436,5,0,99,5,1,60.0,0,N,RURAL_VICTORIA,ROAD,11,10.0
112437,1,5,130,1,1,60.0,0,I,LARGE_PROVINCIAL_CITIES,HIGHWAY,10,9.0
112438,1,3,110,1,1,50.0,1,I,SMALL_CITIES,STREET,11,15.0
112439,4,3,181,5,1,100.0,0,N,RURAL_VICTORIA,ROAD,11,15.0
112440,1,2,130,5,1,100.0,0,N,RURAL_VICTORIA,HIGHWAY,11,16.0
112441,1,2,110,1,1,50.0,0,I,MELB_URBAN,STREET,11,15.0
112442,4,2,171,5,1,40.0,0,N,SMALL_CITIES,OTHER,11,15.0
112443,1,6,130,5,1,60.0,0,N,SMALL_CITIES,ROAD,11,14.0
112444,1,3,133,5,9,60.0,0,N,MELB_URBAN,OTHER,11,8.0
112445,1,1,130,5,3,60.0,0,N,MELB_URBAN,ROAD,3,20.0
112446,1,3,113,2,1,50.0,0,N,MELB_URBAN,AVENUE,11,18.0
112447,1,3,121,2,1,60.0,0,I,MELB_URBAN,ROAD,11,16.0
112448,1,3,163,5,1,40.0,0,N,MELB_URBAN,STREET,11,8.0
112449,1,4,110,1,1,50.0,0,I,MELB_URBAN,STREET,11,9.0
112450,4,3,171,5,1,60.0,0,N,MELB_URBAN,BOULEVARD,11,15.0
112451,6,7,184,5,1,100.0,0,N,RURAL_VICTORIA,ROAD,11,15.0
112452,1,3,121,1,1,60.0,0,I,MELB_URBAN,STREET,11,16.0
112453,1,3,110,4,1,80.0,0,I,MELB_URBAN,HIGHWAY,11,15.0
112454,1,3,110,1,1,60.0,0,I,MELB_URBAN,STREET,11,15.0
112455,2,3,99,5,3,50.0,0,N,MELB_URBAN,OTHER,11,21.0
112456,3,4,167,5,5,100.0,0,N,RURAL_VICTORIA,HIGHWAY,11,1.0
112457,4,4,171,5,3,60.0,0,N,MELB_URBAN,ROAD,11,0.0
112458,1,2,130,2,1,50.0,0,N,MELB_URBAN,PARADE,11,15.0
112459,1,2,110,1,1,50.0,0,I,MELB_URBAN,STREET,11,19.0
112460,1,2,130,5,1,100.0,0,N,RURAL_VICTORIA,FREEWAY,10,16.0
112461,1,2,130,5,1,50.0,0,N,MELB_URBAN,ROAD,11,10.0
112462,1,4,99,1,1,60.0,0,I,MELB_URBAN,ROAD,11,7.0
112463,2,4,99,5,1,60.0,0,I,MELB_URBAN,PARADE,11,8.0
112464,1,6,99,5,1,100.0,0,N,MELB_URBAN,FREEWAY,11,8.0
112465,4,4,171,5,1,60.0,0,N,TOWNS,HIGHWAY,11,9.0
112466,8,2,99,2,1,50.0,0,I,SMALL_CITIES,AVENUE,11,13.0
112467,4,5,171,5,1,100.0,0,N,RURAL_VICTORIA,ROAD,11,14.0
112468,3,5,167,5,3,100.0,0,N,RURAL_VICTORIA,RAMP,11,20.0
112469,1,4,116,2,1,60.0,0,I,TOWNS,ROAD,11,9.0
112470,1,1,113,1,1,60.0,0,I,MELB_URBAN,STREET,11,6.0
112471,1,4,135,5,1,80.0,0,N,MELB_URBAN,ROAD,11,9.0
112472,5,7,99,5,1,60.0,0,N,RURAL_VICTORIA,ROAD,5,12.0
112473,1,2,130,5,1,80.0,0,N,MELB_URBAN,ROAD,11,16.0
112474,1,3,132,1,1,60.0,0,N,MELB_URBAN,ROAD,11,14.0
112475,1,4,130,5,1,80.0,0,N,MELB_URBAN,ROAD,11,9.0
112476,2,4,102,2,1,50.0,0,N,MELB_URBAN,ROAD,11,8.0
112477,1,3,120,5,1,50.0,0,N,MELB_URBAN,STREET,11,9.0
112478,1,4,130,5,1,100.0,0,N,MELB_URBAN,FREEWAY,10,17.0
112479,1,3,99,2,3,60.0,0,I,MELB_URBAN,ROAD,11,21.0
112480,1,4,99,5,1,100.0,0,N,RURAL_VICTORIA,ROAD,11,10.0
112481,1,1,113,2,1,60.0,0,I,MELB_URBAN,ROAD,11,16.0
112482,1,3,99,5,1,60.0,0,I,MELB_URBAN,ROAD,11,16.0
112483,1,4,130,1,1,70.0,0,I,MELB_URBAN,ROAD,9,15.0
112484,2,4,102,5,1,50.0,0,N,MELB_URBAN,STREET,11,12.0
112485,6,4,174,5,1,40.0,0,N,MELB_URBAN,STREET,11,12.0
112486,1,2,130,5,1,40.0,0,N,RURAL_VICTORIA,ROAD,11,18.0
112487,1,4,130,5,1,100.0,0,N,RURAL_VICTORIA,ROAD,11,9.0
112488,6,4,99,5,1,100.0,0,N,RURAL_VICTORIA,ROAD,11,12.0
112489,1,4,99,1,1,40.0,0,I,MELB_URBAN,ROAD,11,12.0
112490,1,4,134,1,1,60.0,0,N,MELB_URBAN,BOULEVARD,11,8.0
112491,1,1,130,5,1,50.0,0,I,MELB_URBAN,ROAD,11,15.0
112492,2,4,100,1,1,60.0,0,I,SMALL_CITIES,ROAD,11,13.0
112493,2,3,100,5,1,50.0,0,N,MELB_URBAN,ROAD,11,15.0
112494,1,4,113,2,1,60.0,0,I,MELB_URBAN,ROAD,11,7.0
112495,1,3,133,1,1,60.0,0,I,MELB_URBAN,ROAD,11,12.0
112496,1,4,130,5,1,60.0,0,N,MELB_URBAN,RAMP,11,12.0
112497,1,3,110,1,1,50.0,0,I,MELB_URBAN,STREET,11,16.0
112498,8,4,99,5,1,100.0,0,N,MELB_URBAN,FREEWAY,11,15.0
112499,1,4,130,5,1,100.0,0,N,MELB_URBAN,FREEWAY,11,15.0
112500,1,4,130,5,2,60.0,0,N,MELB_URBAN,STREET,11,7.0
112501,1,3,130,5,1,60.0,0,N,MELB_URBAN,UNKNOWN,11,16.0
112502,1,3,121,1,1,60.0,0,I,MELB_URBAN,STREET,11,16.0
112503,6,4,170,1,1,80.0,0,N,MELB_URBAN,ROAD,11,15.0