,accident_type,day_of_week,dca_code,road_geometry,light_condition,speed_zone,severity,node_type,deg_urban_name,road_type,month,hour
112504,5,4,181,5,1,80.0,0,N,RURAL_VICTORIA,ROAD,11,17.0
112505,1,4,135,5,1,60.0,0,N,RURAL_VICTORIA,BOULEVARD,11,17.0
112506,4,4,173,5,2,60.0,0,N,RURAL_VICTORIA,ROAD,11,18.0
112507,4,4,171,1,1,100.0,0,I,RURAL_VICTORIA,ROAD,11,16.0
112508,1,3,110,1,2,60.0,0,I,TOWNS,STREET,11,19.0
112509,1,4,121,1,3,60.0,0,I,MELB_URBAN,ROAD,11,21.0
112510,1,3,110,1,1,50.0,0,I,MELB_URBAN,STREET,11,17.0
112511,1,3,130,5,9,60.0,0,N,MELB_URBAN,FREEWAY,11,15.0
112512,1,4,113,2,1,50.0,0,I,MELB_URBAN,STREET,11,16.0
112513,4,6,171,2,1,50.0,0,N,SMALL_CITIES,STREET,11,9.0
112514,2,5,99,5,3,80.0,1,N,SMALL_CITIES,ROAD,11,3.0
112515,1,1,99,2,1,40.0,0,I,MELB_URBAN,ROAD,11,9.0
112516,1,4,147,5,1,50.0,0,N,LARGE_PROVINCIAL_CITIES,ROAD,11,13.0
112517,1,3,121,5,3,50.0,0,N,MELB_URBAN,ROAD,11,21.0
112518,1,1,147,5,1,60.0,0,N,MELB_URBAN,STREET,11,18.0
112519,1,5,99,2,1,60.0,0,I,MELB_URBAN,STREET,11,8.0
112520,8,1,99,5,1,100.0,0,N,RURAL_VICTORIA,ROAD,11,11.0
112521,1,4,134,5,1,40.0,0,N,MELB_URBAN,STREET,11,17.0
112522,1,4,130,5,1,60.0,0,N,MELB_URBAN,ROAD,11,18.0
112523,1,4,130,5,9,80.0,0,N,MELB_URBAN,FREEWAY,11,6.0
112524,1,3,147,5,9,60.0,0,N,MELB_URBAN,STREET,11,15.0
112525,1,4,140,2,1,60.0,0,I,MELB_URBAN,STREET,11,10.0
112526,1,3,113,2,1,80.0,0,I,RURAL_VICTORIA,HIGHWAY,11,18.0
112527,6,5,184,2,1,60.0,0,I,TOWNS,STREET,11,10.0
112528,4,4,181,5,1,60.0,0,N,MELB_URBAN,ROAD,11,17.0
112529,6,5,99,5,2,100.0,0,N,RURAL_VICTORIA,ROAD,11,5.0
112530,6,6,99,5,9,60.0,0,UNKNOWN,UNKNOWN,UNKNOWN,11,17.0
112531,2,4,99,5,9,40.0,0,N,MELB_URBAN,STREET,11,10.0
112532,1,5,133,5,1,60.0,0,N,MELB_URBAN,ROAD,11,8.0
112533,1,5,130,5,1,80.0,0,N,MELB_URBAN,HIGHWAY,11,9.0
112534,1,5,121,2,1,80.0,0,I,RURAL_VICTORIA,ROAD,11,13.0
112535,6,5,174,1,1,60.0,0,I,MELB_URBAN,STREET,11,13.0
112536,1,0,121,2,1,60.0,0,N,MELB_URBAN,ROAD,11,17.0
112537,1,4,110,1,1,40.0,0,I,MELB_URBAN,AVENUE,11,11.0
112538,1,4,116,2,3,80.0,0,I,MELB_URBAN,ROAD,11,21.0
112539,1,5,113,1,1,80.0,0,I,MELB_URBAN,ROAD,11,13.0
112540,1,5,110,1,1,50.0,0,I,SMALL_CITIES,STREET,11,6.0
112541,4,5,183,5,2,100.0,0,N,RURAL_VICTORIA,HIGHWAY,11,6.0
112542,1,4,120,5,1,100.0,0,N,RURAL_VICTORIA,ROAD,11,11.0
112543,1,5,116,2,1,50.0,0,I,MELB_URBAN,OTHER,11,15.0
112544,1,5,110,1,1,80.0,0,N,MELB_URBAN,ROAD,11,14.0
112545,1,5,160,5,1,50.0,0,N,MELB_URBAN,STREET,11,15.0
112546,8,4,99,5,1,50.0,0,N,MELB_URBAN,STREET,11,18.0
112547,1,6,121,1,1,60.0,0,I,MELB_URBAN,STREET,11,8.0
112548,4,5,171,5,1,100.0,0,N,RURAL_VICTORIA,HIGHWAY,11,14.0
112549,1,4,99,1,1,40.0,0,I,MELB_URBAN,STREET,11,9.0
112550,1,5,130,5,9,60.0,0,N,MELB_URBAN,FREEWAY,4,17.0
112551,1,5,99,5,1,60.0,0,N,MELB_URBAN,ROAD,11,16.0
112552,1,5,110,1,1,70.0,0,N,MELB_URBAN,ROAD,11,17.0
112553,1,4,130,5,1,60.0,0,N,MELB_URBAN,STREET,11,15.0
112554,1,4,110,1,2,50.0,0,I,MELB_URBAN,STREET,11,7.0
112555,1,5,147,5,1,60.0,0,N,SMALL_TOWNS,ROAD,11,18.0
112556,1,4,130,2,2,60.0,0,N,MELB_URBAN,ROAD,11,19.0
112557,4,4,171,5,1,100.0,0,N,RURAL_VICTORIA,ROAD,11,13.0
112558,4,5,181,5,1,60.0,0,N,MELB_URBAN,AVENUE,11,14.0
112559,1,4,99,2,1,50.0,0,I,MELB_URBAN,ROAD,11,18.0
112560,4,5,183,5,1,100.0,0,N,RURAL_VICTORIA,ROAD,11,15.0
112561,1,5,160,5,3,50.0,0,N,MELB_URBAN,ROAD,11,5.0
112562,4,4,171,5,2,100.0,0,N,RURAL_VICTORIA,ROAD,11,19.0
112563,1,4,130,1,1,60.0,0,N,LARGE_PROVINCIAL_CITIES,STREET,11,15.0
112564,1,4,121,2,3,60.0,0,I,MELB_URBAN,HIGHWAY,11,23.0
112565,1,4,130,5,4,40.0,0,N,MELB_URBAN,FREEWAY,11,21.0
112566,4,3,99,1,1,60.0,0,I,LARGE_PROVINCIAL_CITIES,STREET,10,14.0
112567,1,3,147,2,1,50.0,0,N,MELB_URBAN,STREET,11,13.0
112568,1,7,130,1,1,60.0,0,N,MELB_URBAN,STREET,11,15.0
112569,1,6,130,2,3,80.0,0,I,RURAL_VICTORIA,ROAD,8,19.0
112570,1,6,132,2,1,60.0,0,I,MELB_URBAN,ROAD,11,8.0
112571,1,4,160,5,1,50.0,0,N,MELB_URBAN,ROAD,11,12.0
112572,1,6,163,5,1,60.0,0,N,MELB_URBAN,ROAD,11,8.0
112573,6,6,99,5,1,100.0,0,N,RURAL_VICTORIA,ROAD,11,7.0
112574,1,2,113,1,1,50.0,0,I,SMALL_CITIES,STREET,10,9.0
112575,4,5,171,5,1,50.0,0,N,LARGE_PROVINCIAL_CITIES,AVENUE,11,17.0
112576,1,2,110,1,6,80.0,0,I,MELB_URBAN,ROAD,7,3.0
112577,1,5,134,5,1,60.0,0,N,MELB_URBAN,ROAD,11,10.0
112578,1,2,99,1,1,70.0,0,I,MELB_URBAN,ROAD,11,14.0
112579,5,4,99,5,1,100.0,0,N,RURAL_VICTORIA,ROAD,11,14.0
112580,4,6,173,2,1,70.0,0,I,RURAL_VICTORIA,ROAD,11,7.0
112581,1,6,99,2,1,60.0,0,I,MELB_URBAN,ROAD,11,10.0
112582,1,6,121,2,1,60.0,0,I,MELB_URBAN,ROAD,11,11.0
112583,1,7,130,5,1,60.0,0,N,MELB_URBAN,ROAD,11,11.0
112584,1,2,130,5,2,60.0,0,N,MELB_URBAN,FREEWAY,11,21.0
112585,1,6,135,1,1,60.0,0,N,MELB_URBAN,ROAD,11,14.0
112586,8,2,99,2,1,60.0,0,I,MELB_URBAN,ROAD,11,8.0
112587,1,4,130,1,1,60.0,0,N,MELB_URBAN,ROAD,11,15.0
112588,1,6,130,2,1,80.0,0,I,RURAL_VICTORIA,ROAD,11,9.0
112589,1,5,130,5,1,60.0,0,N,MELB_URBAN,ROAD,11,16.0
112590,4,6,181,5,1,100.0,0,N,RURAL_VICTORIA,ROAD,11,13.0
112591,7,3,99,2,9,50.0,0,I,MELB_URBAN,ROAD,11,8.0
112592,5,6,99,5,1,50.0,0,N,MELB_URBAN,STREET,11,15.0
112593,1,5,111,1,1,60.0,0,N,MELB_URBAN,ROAD,11,9.0
112594,4,1,181,5,1,100.0,0,N,RURAL_VICTORIA,ROAD,11,18.0
112595,1,6,113,4,1,80.0,0,I,MELB_URBAN,ROAD,11,15.0
112596,4,6,181,5,1,100.0,1,N,RURAL_VICTORIA,ROAD,11,9.0
112597,1,2,99,2,1,60.0,0,I,MELB_URBAN,ROAD,11,14.0
112598,2,6,100,5,1,60.0,0,N,MELB_URBAN,OTHER,11,15.0
112599,1,6,130,5,1,80.0,0,N,MELB_URBAN,ROAD,11,13.0
112600,1,6,130,2,1,60.0,0,N,MELB_URBAN,STREET,11,18.0
112601,1,5,121,2,1,60.0,0,I,MELB_URBAN,ROAD,11,16.0
112602,4,6,171,1,1,50.0,0,I,MELB_URBAN,ROAD,11,14.0
112603,4,6,171,5,1,100.0,0,N,MELB_URBAN,FREEWAY,11,19.0
112604,1,6,130,5,1,100.0,0,N,MELB_URBAN,FREEWAY,11,16.0
112605,1,6,110,1,2,60.0,0,I,TOWNS,STREET,11,19.0
112606,4,5,171,2,2,60.0,0,I,MELB_URBAN,ROAD,11,17.0
112607,1,3,140,5,1,60.0,0,N,LARGE_PROVINCIAL_CITIES,STREET,11,15.0
112608,2,6,102,5,1,60.0,0,N,MELB_URBAN,DRIVE,11,15.0
112609,6,6,99,5,1,100.0,0,N,RURAL_VICTORIA,ROAD,11,18.0
112610,1,7,130,5,1,80.0,0,N,MELB_URBAN,RAMP,11,9.0
112611,1,5,120,5,1,60.0,0,N,MELB_URBAN,ROAD,11,18.0
112612,1,5,110,1,3,50.0,0,I,MELB_URBAN,STREET,11,21.0
112613,1,5,130,5,1,40.0,0,N,MELB_URBAN,ROAD,11,15.0
112614,1,6,121,2,3,80.0,0,I,MELB_URBAN,ROAD,11,20.0
112615,1,6,120,5,3,60.0,0,N,MELB_URBAN,ROAD,11,22.0
112616,2,6,100,1,3,60.0,0,N,MELB_URBAN,UNKNOWN,11,23.0
112617,1,6,110,1,3,80.0,0,N,MELB_URBAN,AVENUE,11,22.0
112618,2,6,100,5,3,100.0,0,N,RURAL_VICTORIA,FREEWAY,11,23.0
112619,1,6,99,5,3,60.0,0,N,MELB_URBAN,ROAD,11,0.0
112620,1,6,121,2,3,80.0,0,N,MELB_URBAN,ROAD,11,23.0
112621,1,6,134,5,3,60.0,0,N,MELB_URBAN,STREET,11,23.0
112622,6,7,99,5,5,100.0,0,N,RURAL_VICTORIA,HIGHWAY,11,2.0
112623,3,6,167,5,2,50.0,0,N,MELB_URBAN,OTHER,11,6.0
112624,1,6,130,1,1,60.0,0,I,MELB_URBAN,ROAD,11,15.0
112625,6,7,174,5,1,100.0,0,N,RURAL_VICTORIA,OTHER,10,15.0
112626,1,6,113,2,1,50.0,0,I,MELB_URBAN,DRIVE,11,14.0
112627,3,7,167,5,1,80.0,0,N,RURAL_VICTORIA,ROAD,11,9.0
112628,6,4,184,5,1,60.0,0,N,RURAL_VICTORIA,HIGHWAY,11,10.0
112629,1,7,120,2,3,50.0,0,I,MELB_URBAN,AVENUE,11,0.0
112630,2,7,100,5,1,50.0,0,N,TOWNS,STREET,11,12.0
112631,1,7,140,5,1,100.0,0,N,RURAL_VICTORIA,ROAD,11,9.0
112632,1,7,113,2,1,80.0,0,I,MELB_URBAN,BOULEVARD,11,12.0
112633,1,5,130,5,1,50.0,0,N,MELB_URBAN,ROAD,11,9.0
112634,1,4,110,1,9,60.0,0,I,LARGE_PROVINCIAL_CITIES,AVENUE,11,14.0
112635,1,7,121,1,1,70.0,0,N,MELB_URBAN,ROAD,11,13.0
112636,7,5,99,2,3,60.0,0,I,RURAL_VICTORIA,ROAD,11,23.0
112637,1,7,130,5,1,80.0,0,N,MELB_URBAN,FREEWAY,11,14.0
112638,1,7,140,2,1,70.0,0,I,MELB_URBAN,ROAD,11,12.0
112639,7,7,99,5,1,100.0,0,N,RURAL_VICTORIA,HIGHWAY,11,13.0
112640,6,7,99,5,1,60.0,0,N,MELB_URBAN,UNKNOWN,11,16.0
112641,2,7,100,1,1,60.0,0,I,LARGE_PROVINCIAL_CITIES,STREET,11,15.0
112642,4,7,183,5,1,80.0,0,N,RURAL_VICTORIA,ROAD,11,15.0
112643,1,7,130,5,1,50.0,0,N,LARGE_PROVINCIAL_CITIES,STREET,11,17.0
112644,1,7,99,5,1,50.0,0,N,MELB_URBAN,ROAD,11,10.0
112645,5,7,99,5,5,100.0,0,N,RURAL_VICTORIA,HIGHWAY,11,0.0
112646,1,7,110,1,1,60.0,0,I,MELB_URBAN,ROAD,11,17.0
112647,1,6,147,5,1,50.0,0,N,MELB_URBAN,ROAD,11,17.0
112648,2,7,102,2,2,60.0,0,N,MELB_URBAN,ROAD,11,19.0
112649,1,7,99,5,1,50.0,0,N,MELB_URBAN,STREET,11,18.0
112650,4,7,99,2,1,50.0,0,I,RURAL_VICTORIA,UNKNOWN,11,14.0
112651,4,7,99,2,1,50.0,0,I,TOWNS,STREET,11,19.0
112652,1,7,110,1,3,60.0,0,I,MELB_URBAN,STREET,11,21.0
112653,1,7,130,2,1,100.0,0,I,RURAL_VICTORIA,ROAD,11,17.0
112654,1,0,130,5,3,60.0,0,N,MELB_URBAN,ROAD,12,1.0
112655,4,7,171,5,5,100.0,0,N,RURAL_VICTORIA,ROAD,11,20.0
112656,1,1,113,4,3,80.0,0,I,MELB_URBAN,FREEWAY,12,2.0
112657,1,0,99,5,3,60.0,0,N,MELB_URBAN,ROAD,12,2.0
112658,1,7,99,2,1,40.0,0,I,MELB_URBAN,ROAD,11,9.0
112659,1,2,116,2,1,60.0,0,I,RURAL_VICTORIA,ROAD,11,6.0
112660,1,2,121,1,2,60.0,0,I,MELB_URBAN,ROAD,11,7.0
112661,1,1,99,5,1,40.0,0,N,MELB_URBAN,STREET,12,8.0
112662,1,6,99,5,2,40.0,0,N,MELB_URBAN,STREET,11,19.0
112663,2,5,99,5,1,40.0,0,N,MELB_URBAN,STREET,11,9.0
112664,2,7,99,5,1,60.0,0,N,MELB_URBAN,ROAD,11,12.0
112665,1,1,99,5,1,100.0,0,I,MELB_URBAN,FREEWAY,12,10.0
112666,1,7,121,5,3,60.0,0,N,MELB_URBAN,ROAD,11,21.0
112667,1,1,110,1,9,60.0,0,I,MELB_URBAN,ROAD,12,12.0
112668,1,1,130,5,1,60.0,0,N,MELB_URBAN,FREEWAY,12,12.0
112669,4,0,171,5,1,100.0,0,N,RURAL_VICTORIA,ROAD,12,12.0
112670,7,0,99,5,1,100.0,0,N,RURAL_VICTORIA,ROAD,12,11.0
112671,4,1,99,5,1,100.0,0,N,RURAL_VICTORIA,OTHER,12,10.0
112672,1,0,110,1,1,50.0,0,I,MELB_URBAN,STREET,12,14.0
112673,6,3,99,2,1,60.0,0,I,MELB_URBAN,ROAD,11,14.0
112674,1,1,160,5,1,50.0,0,N,MELB_URBAN,DRIVE,12,14.0
112675,1,6,99,2,1,60.0,0,I,RURAL_VICTORIA,ROAD,11,12.0
112676,7,3,99,5,1,60.0,0,N,MELB_URBAN,STREET,11,11.0
112677,1,1,130,1,1,80.0,0,I,MELB_URBAN,ROAD,12,15.0
112678,1,1,120,5,1,100.0,0,N,RURAL_VICTORIA,ROAD,12,16.0
112679,6,0,99,5,1,80.0,0,N,MELB_URBAN,OTHER,12,18.0
112680,1,3,113,1,1,60.0,0,I,RURAL_VICTORIA,ROAD,11,6.0
112681,1,0,140,5,1,60.0,0,N,MELB_URBAN,ROAD,12,16.0
112682,4,1,171,5,1,50.0,0,N,MELB_URBAN,OTHER,12,18.0
112683,1,0,99,1,1,60.0,0,I,MELB_URBAN,STREET,12,17.0
112684,4,1,171,5,1,100.0,0,N,RURAL_VICTORIA,ROAD,12,19.0
112685,1,2,130,1,1,60.0,0,N,MELB_URBAN,AVENUE,11,16.0
112686,1,1,110,1,6,50.0,0,I,MELB_URBAN,AVENUE,12,20.0
112687,4,1,183,5,2,100.0,0,N,RURAL_VICTORIA,ROAD,12,18.0
112688,1,1,99,2,1,60.0,0,N,MELB_URBAN,HIGHWAY,12,8.0
112689,1,4,130,5,1,80.0,0,N,MELB_URBAN,RAMP,9,8.0
112690,1,1,121,2,3,60.0,0,N,MELB_URBAN,ROAD,12,23.0
112691,1,1,130,5,3,60.0,1,N,LARGE_PROVINCIAL_CITIES,ROAD,12,21.0
112692,2,1,99,5,3,60.0,0,N,MELB_URBAN,STREET,12,21.0
112693,1,6,121,2,2,60.0,0,I,MELB_URBAN,ROAD,9,7.0
112694,1,2,120,5,1,70.0,0,N,RURAL_VICTORIA,ROAD,12,6.0
112695,1,0,99,5,1,50.0,0,N,MELB_URBAN,ROAD,11,15.0
112696,6,7,174,5,1,100.0,0,N,RURAL_VICTORIA,ROAD,11,12.0
112697,1,6,130,2,1,50.0,0,N,MELB_URBAN,STREET,11,9.0
112698,1,2,113,2,1,70.0,0,I,SMALL_CITIES,STREET,12,8.0
112699,1,2,160,5,1,50.0,0,N,MELB_URBAN,BOULEVARD,12,8.0
112700,1,1,130,1,1,80.0,0,I,MELB_URBAN,RAMP,12,6.0
112701,1,3,130,5,1,60.0,0,N,MELB_URBAN,ROAD,10,19.0
112702,1,4,113,1,1,70.0,0,I,MELB_URBAN,ROAD,10,17.0
112703,5,7,99,5,1,60.0,0,N,RURAL_VICTORIA,ROAD,11,10.0
112704,2,5,100,1,9,60.0,0,I,MELB_URBAN,STREET,11,15.0
112705,6,2,99,5,2,110.0,0,N,RURAL_VICTORIA,HIGHWAY,12,4.0
112706,1,2,130,5,1,60.0,0,N,MELB_URBAN,ROAD,12,9.0
112707,1,0,121,1,9,80.0,0,I,MELB_URBAN,ROAD,6,17.0
112708,7,2,99,5,1,100.0,0,N,RURAL_VICTORIA,HIGHWAY,12,8.0
112709,8,5,99,5,5,40.0,0,N,MELB_URBAN,OTHER,11,21.0
112710,1,5,147,5,1,80.0,0,I,MELB_URBAN,HIGHWAY,9,14.0
112711,1,1,113,2,1,50.0,0,I,MELB_URBAN,STREET,12,10.0
112712,1,4,113,2,1,50.0,0,I,MELB_URBAN,OTHER,11,20.0
112713,1,4,110,1,1,60.0,0,I,MELB_URBAN,STREET,11,8.0
112714,1,6,130,5,3,80.0,0,N,MELB_URBAN,HIGHWAY,11,20.0
112715,7,5,99,5,1,100.0,0,N,RURAL_VICTORIA,ROAD,11,18.0
112716,1,2,111,2,1,60.0,0,I,MELB_URBAN,PARADE,12,13.0
112717,1,1,130,2,9,50.0,0,N,MELB_URBAN,ROAD,11,16.0
112718,1,0,130,5,1,80.0,0,N,MELB_URBAN,ROAD,12,10.0
112719,1,1,113,2,1,50.0,0,I,MELB_URBAN,OTHER,12,14.0
112720,1,1,111,2,1,60.0,0,N,LARGE_PROVINCIAL_CITIES,ROAD,11,10.0
112721,1,2,110,1,1,50.0,0,I,MELB_URBAN,STREET,12,15.0
112722,1,5,134,2,1,60.0,0,N,MELB_URBAN,STREET,11,17.0
112723,8,0,99,3,1,60.0,0,I,RURAL_VICTORIA,ROAD,4,12.0
112724,1,6,130,2,1,60.0,0,I,MELB_URBAN,STREET,11,14.0
112725,1,2,160,5,1,60.0,0,N,MELB_URBAN,ROAD,12,16.0
112726,1,2,130,5,1,80.0,0,N,RURAL_VICTORIA,HIGHWAY,12,16.0
112727,2,2,99,5,1,50.0,0,N,MELB_URBAN,AVENUE,12,15.0
112728,1,4,121,1,1,60.0,0,I,MELB_URBAN,ROAD,7,8.0
112729,6,7,174,5,1,60.0,0,N,RURAL_VICTORIA,ROAD,12,16.0
112730,1,2,110,1,1,50.0,0,I,MELB_URBAN,ROAD,12,15.0
112731,1,7,121,2,1,80.0,0,I,MELB_URBAN,HIGHWAY,11,14.0
112732,1,2,130,5,1,80.0,0,N,MELB_URBAN,ROAD,12,17.0
112733,1,6,113,1,3,70.0,0,I,MELB_URBAN,ROAD,11,21.0
112734,2,0,102,2,6,60.0,0,I,MELB_URBAN,ROAD,9,18.0
112735,5,5,99,5,1,70.0,0,N,MELB_URBAN,ROAD,11,12.0
112736,1,2,121,2,1,50.0,0,I,MELB_URBAN,BOULEVARD,12,18.0
112737,1,4,130,5,1,60.0,0,N,MELB_URBAN,FREEWAY,11,16.0
112738,4,2,171,9,1,50.0,0,N,SMALL_TOWNS,PARADE,12,18.0
112739,1,1,160,5,1,50.0,0,N,MELB_URBAN,DRIVE,12,16.0
112740,1,2,130,5,5,80.0,0,N,RURAL_VICTORIA,HIGHWAY,12,21.0
112741,2,1,99,5,3,80.0,0,N,MELB_URBAN,ROAD,12,20.0
112742,4,1,171,5,5,110.0,0,N,RURAL_VICTORIA,HIGHWAY,12,23.0
112743,4,1,173,5,3,100.0,0,N,MELB_URBAN,UNKNOWN,12,22.0
112744,1,4,135,5,1,60.0,0,N,MELB_URBAN,STREET,10,13.0
112745,1,3,121,1,1,80.0,0,I,MELB_URBAN,ROAD,12,5.0
112746,1,1,130,5,1,100.0,0,N,MELB_URBAN,ROAD,11,9.0
112747,1,2,134,5,1,110.0,0,N,RURAL_VICTORIA,FREEWAY,12,12.0
112748,1,0,120,5,1,100.0,0,N,RURAL_VICTORIA,ROAD,12,11.0
112749,1,2,130,5,1,100.0,0,N,MELB_URBAN,FREEWAY,11,12.0
112750,1,5,130,5,1,80.0,0,N,MELB_URBAN,ROAD,10,16.0
112751,4,3,171,5,1,100.0,0,N,RURAL_VICTORIA,ROAD,12,8.0
112752,1,3,113,2,1,80.0,0,I,MELB_URBAN,ROAD,12,9.0
112753,1,3,99,5,1,40.0,0,N,MELB_URBAN,STREET,12,8.0
112754,1,2,130,5,1,80.0,0,N,MELB_URBAN,FREEWAY,12,9.0
112755,2,2,100,1,1,50.0,0,N,MELB_URBAN,ROAD,12,11.0
112756,1,6,160,5,1,60.0,0,N,SMALL_CITIES,PARADE,11,15.0
112757,6,5,99,5,1,60.0,0,N,RURAL_VICTORIA,ROAD,11,16.0
112758,1,3,132,2,1,60.0,0,I,MELB_URBAN,ROAD,12,12.0
112759,1,2,160,5,1,60.0,0,N,MELB_URBAN,ROAD,12,7.0
112760,1,3,116,1,1,100.0,0,N,RURAL_VICTORIA,ROAD,12,9.0
112761,1,6,130,5,9,60.0,0,N,MELB_URBAN,ROAD,11,17.0
112762,1,4,130,2,1,70.0,0,N,LARGE_PROVINCIAL_CITIES,ROAD,11,15.0
112763,1,7,121,4,1,70.0,0,I,MELB_URBAN,RAMP,11,7.0
112764,3,7,167,5,5,60.0,0,N,SMALL_TOWNS,ROAD,9,23.0
112765,1,3,99,5,1,60.0,0,N,MELB_URBAN,ROAD,12,10.0
112766,1,2,120,5,1,50.0,0,N,MELB_URBAN,AVENUE,12,11.0
112767,4,6,183,5,5,100.0,0,N,RURAL_VICTORIA,ROAD,11,21.0
112768,4,3,181,5,1,80.0,0,N,RURAL_VICTORIA,ROAD,12,12.0
112769,1,4,111,1,9,60.0,0,I,LARGE_PROVINCIAL_CITIES,STREET,7,6.0
112770,1,3,120,5,1,50.0,0,N,MELB_URBAN,STREET,12,8.0
112771,1,2,120,5,1,80.0,0,N,RURAL_VICTORIA,ROAD,12,16.0
112772,8,1,184,5,1,60.0,0,N,RURAL_VICTORIA,OTHER,11,11.0
112773,1,6,130,1,3,50.0,0,N,MELB_URBAN,STREET,11,1.0
112774,1,3,160,5,9,60.0,0,N,MELB_URBAN,ROAD,12,1.0
112775,1,6,130,1,1,60.0,0,I,LARGE_PROVINCIAL_CITIES,STREET,11,15.0
112776,1,6,160,5,6,60.0,0,N,MELB_URBAN,ROAD,11,22.0
112777,1,4,132,1,1,80.0,0,N,RURAL_VICTORIA,ROAD,11,16.0
112778,4,3,173,5,1,110.0,0,N,RURAL_VICTORIA,FREEWAY,12,15.0
112779,1,2,130,1,1,60.0,0,I,MELB_URBAN,STREET,12,18.0
112780,1,7,130,1,3,40.0,0,I,MELB_URBAN,OTHER,11,0.0
112781,1,2,130,1,1,60.0,0,N,MELB_URBAN,ROAD,12,15.0
112782,4,3,173,5,1,50.0,0,N,TOWNS,AVENUE,12,18.0
112783,1,3,99,2,1,60.0,0,N,MELB_URBAN,ROAD,12,17.0
112784,1,7,130,5,1,60.0,0,N,MELB_URBAN,OTHER,11,14.0
112785,5,3,99,5,1,60.0,0,N,MELB_URBAN,OTHER,12,14.0
112786,4,3,171,5,1,70.0,0,N,MELB_URBAN,ROAD,12,18.0
112787,1,0,113,4,1,80.0,0,N,MELB_URBAN,ROAD,12,15.0
112788,1,6,99,4,9,80.0,0,N,MELB_URBAN,AVENUE,10,14.0
112789,1,4,113,1,1,70.0,0,I,MELB_URBAN,ROAD,11,16.0
112790,1,3,121,1,1,50.0,0,I,MELB_URBAN,ROAD,12,18.0
112791,1,3,130,2,9,60.0,0,I,MELB_URBAN,ROAD,11,6.0
112792,1,7,130,5,1,50.0,0,N,MELB_URBAN,ROAD,11,11.0
112793,1,3,110,1,1,40.0,0,I,MELB_URBAN,STREET,12,19.0
112794,1,3,121,5,1,100.0,0,N,RURAL_VICTORIA,ROAD,12,16.0
112795,4,2,173,5,1,70.0,0,N,MELB_URBAN,ROAD,12,14.0
112796,1,2,110,1,9,60.0,0,I,MELB_URBAN,STREET,12,21.0
112797,2,3,99,5,1,60.0,0,N,MELB_URBAN,ROAD,12,17.0
112798,4,4,171,5,3,70.0,0,N,MELB_URBAN,ROAD,12,0.0
112799,1,2,130,5,1,80.0,0,N,MELB_URBAN,RAMP,11,16.0
112800,1,2,134,5,1,100.0,0,N,MELB_URBAN,ROAD,11,9.0
112801,4,3,173,5,1,110.0,0,N,RURAL_VICTORIA,FREEWAY,12,6.0
112802,1,5,130,5,1,60.0,0,N,MELB_URBAN,STREET,11,9.0
112803,1,4,133,5,1,60.0,0,N,TOWNS,ROAD,12,7.0
112804,4,4,99,2,1,80.0,0,I,MELB_URBAN,ROAD,12,8.0
112805,1,4,130,5,1,80.0,0,N,RURAL_VICTORIA,ROAD,12,7.0
112806,1,2,121,5,1,60.0,0,N,TOWNS,ROAD,12,17.0
112807,1,6,130,5,9,60.0,0,N,MELB_URBAN,OTHER,11,16.0
112808,1,4,120,5,1,80.0,0,N,RURAL_VICTORIA,ROAD,12,7.0
112809,1,4,110,1,1,60.0,0,I,MELB_URBAN,STREET,12,9.0
112810,1,4,99,2,1,50.0,0,I,MELB_URBAN,ROAD,12,9.0
112811,1,3,163,5,1,40.0,0,N,MELB_URBAN,STREET,12,9.0
112812,1,4,110,1,1,100.0,0,I,RURAL_VICTORIA,STREET,12,7.0
112813,1,1,130,5,1,60.0,0,N,MELB_URBAN,ROAD,12,14.0
112814,6,6,99,5,1,60.0,0,N,RURAL_VICTORIA,ROAD,11,15.0
112815,1,7,120,5,1,60.0,0,N,MELB_URBAN,ROAD,11,16.0
112816,1,2,130,2,1,80.0,0,N,RURAL_VICTORIA,RAMP,12,15.0
112817,1,4,132,5,1,60.0,0,N,LARGE_PROVINCIAL_CITIES,ROAD,12,6.0
112818,1,2,133,1,9,60.0,0,N,MELB_URBAN,STREET,12,7.0
112819,6,4,170,5,1,80.0,0,N,RURAL_VICTORIA,ROAD,12,7.0
112820,4,4,99,2,1,30.0,0,I,TOWNS,STREET,12,9.0
112821,1,3,130,5,1,100.0,0,N,MELB_URBAN,ROAD,12,18.0
112822,6,4,174,2,1,50.0,0,N,RURAL_VICTORIA,ROAD,12,11.0
112823,1,4,99,2,1,60.0,0,I,MELB_URBAN,AVENUE,12,8.0
112824,1,3,113,1,1,70.0,0,I,MELB_URBAN,ROAD,12,16.0
112825,4,4,181,5,1,60.0,0,N,RURAL_VICTORIA,ROAD,12,11.0