,accident_type,day_of_week,dca_code,road_geometry,light_condition,speed_zone,severity,node_type,deg_urban_name,road_type,month,hour
112826,4,3,171,5,1,100.0,0,N,RURAL_VICTORIA,ROAD,12,9.0
112827,2,4,100,5,1,60.0,0,N,MELB_URBAN,STREET,12,8.0
112828,1,7,132,1,1,60.0,0,I,MELB_URBAN,ROAD,11,12.0
112829,4,7,183,5,1,100.0,0,N,RURAL_VICTORIA,ROAD,11,15.0
112830,1,3,160,5,1,60.0,0,N,LARGE_PROVINCIAL_CITIES,ROAD,11,8.0
112831,1,1,132,2,1,50.0,0,N,MELB_URBAN,STREET,11,18.0
112832,1,2,121,2,1,60.0,0,I,MELB_URBAN,ROAD,12,19.0
112833,1,3,110,1,1,100.0,0,I,RURAL_VICTORIA,HIGHWAY,11,8.0
112834,1,7,130,5,1,40.0,0,N,LARGE_PROVINCIAL_CITIES,STREET,11,10.0
112835,1,4,130,9,1,80.0,0,N,MELB_URBAN,FREEWAY,12,15.0
112836,4,4,171,5,1,60.0,0,N,MELB_URBAN,STREET,12,10.0
112837,1,7,130,1,1,80.0,0,N,MELB_URBAN,ROAD,11,11.0
112838,1,4,133,5,1,60.0,0,N,MELB_URBAN,ROAD,12,16.0
112839,1,3,111,2,1,60.0,0,I,MELB_URBAN,ROAD,12,14.0
112840,2,4,100,1,1,40.0,0,I,MELB_URBAN,STREET,12,18.0
112841,1,4,130,3,1,100.0,0,I,MELB_URBAN,FREEWAY,12,17.0
112842,2,4,99,2,1,50.0,0,N,MELB_URBAN,STREET,12,20.0
112843,2,4,99,2,1,60.0,0,I,MELB_URBAN,ROAD,12,17.0
112844,1,4,116,2,1,70.0,0,I,MELB_URBAN,STREET,12,19.0
112845,1,3,130,2,1,60.0,0,N,MELB_URBAN,RAMP,12,12.0
112846,4,3,171,5,1,60.0,0,N,MELB_URBAN,PARADE,12,20.0
112847,1,4,130,5,1,60.0,0,N,MELB_URBAN,ROAD,12,19.0
112848,1,4,130,5,1,80.0,0,N,MELB_URBAN,ROAD,12,17.0
112849,2,4,100,5,1,60.0,0,N,MELB_URBAN,ROAD,12,19.0
112850,1,4,120,5,5,60.0,0,N,RURAL_VICTORIA,ROAD,12,21.0
112851,2,4,100,2,5,60.0,0,I,MELB_URBAN,ROAD,12,21.0
112852,1,4,111,1,1,60.0,0,I,MELB_URBAN,STREET,11,15.0
112853,1,4,130,5,1,80.0,0,N,SMALL_CITIES,HIGHWAY,12,16.0
112854,1,3,121,1,3,60.0,0,I,MELB_URBAN,ROAD,12,20.0
112855,1,3,130,5,1,60.0,0,N,MELB_URBAN,ROAD,11,15.0
112856,1,4,120,5,1,50.0,0,N,MELB_URBAN,STREET,12,20.0
112857,1,4,113,2,5,100.0,0,I,RURAL_VICTORIA,HIGHWAY,12,22.0
112858,1,3,113,2,1,60.0,0,I,MELB_URBAN,ROAD,11,17.0
112859,1,4,120,5,3,50.0,0,N,MELB_URBAN,STREET,12,21.0
112860,1,5,133,5,5,80.0,0,N,RURAL_VICTORIA,ROAD,12,3.0
112861,1,4,110,1,2,100.0,0,I,RURAL_VICTORIA,HIGHWAY,12,5.0
112862,4,5,181,5,5,60.0,0,N,RURAL_VICTORIA,ROAD,12,4.0
112863,1,3,130,5,1,60.0,0,N,MELB_URBAN,STREET,12,10.0
112864,1,5,121,2,1,60.0,0,I,MELB_URBAN,ROAD,12,7.0
112865,1,5,121,5,1,60.0,0,N,MELB_URBAN,ROAD,12,7.0
112866,4,4,181,5,1,50.0,0,N,MELB_URBAN,OTHER,10,12.0
112867,1,3,130,2,9,60.0,0,I,MELB_URBAN,ROAD,11,17.0
112868,1,0,110,1,1,50.0,0,I,MELB_URBAN,STREET,7,12.0
112869,1,4,121,2,1,60.0,0,I,MELB_URBAN,ROAD,12,10.0
112870,6,7,99,5,1,100.0,0,N,RURAL_VICTORIA,ROAD,11,12.0
112871,1,4,130,5,1,60.0,0,N,MELB_URBAN,STREET,12,8.0
112872,1,5,120,5,1,60.0,1,N,MELB_URBAN,HIGHWAY,12,6.0
112873,1,4,111,1,1,40.0,0,I,SMALL_CITIES,ROAD,12,9.0
112874,2,4,99,5,1,40.0,0,N,MELB_URBAN,ROAD,12,18.0
112875,1,2,163,1,1,60.0,0,N,MELBOURNE_CBD,STREET,12,8.0
112876,1,4,99,5,2,60.0,0,N,MELB_URBAN,BOULEVARD,12,20.0
112877,1,7,116,2,1,60.0,0,I,SMALL_CITIES,STREET,10,13.0
112878,1,5,130,5,1,60.0,0,N,MELB_URBAN,ROAD,12,7.0
112879,1,4,110,1,1,60.0,0,I,MELB_URBAN,ROAD,12,19.0
112880,1,5,113,2,1,70.0,0,N,SMALL_CITIES,STREET,12,11.0
112881,1,2,130,4,1,60.0,0,N,MELB_URBAN,RAMP,12,15.0
112882,1,5,113,2,1,80.0,0,N,MELB_URBAN,STREET,12,11.0
112883,6,7,184,5,1,60.0,0,N,RURAL_VICTORIA,OTHER,11,16.0
112884,2,5,99,5,1,60.0,0,N,MELBOURNE_CBD,STREET,12,7.0
112885,1,3,130,5,9,60.0,0,N,MELB_URBAN,HIGHWAY,12,18.0
112886,1,2,130,5,2,60.0,0,N,MELB_URBAN,STREET,11,7.0
112887,4,4,173,4,1,60.0,0,I,MELB_URBAN,RAMP,12,14.0
112888,4,5,171,5,3,80.0,0,N,MELB_URBAN,RAMP,12,1.0
112889,1,5,121,3,1,80.0,0,I,RURAL_VICTORIA,ROAD,12,7.0
112890,1,5,99,5,1,30.0,0,N,MELB_URBAN,OTHER,12,12.0
112891,1,4,99,5,1,50.0,0,N,MELB_URBAN,DRIVE,12,11.0
112892,1,5,130,5,1,60.0,0,N,MELB_URBAN,ROAD,11,15.0
112893,1,4,99,1,2,50.0,0,N,MELB_URBAN,STREET,12,18.0
112894,1,3,130,5,9,100.0,0,N,MELB_URBAN,FREEWAY,12,9.0
112895,1,4,110,1,1,50.0,0,I,MELB_URBAN,ROAD,12,15.0
112896,1,5,120,5,1,60.0,0,N,MELB_URBAN,AVENUE,12,15.0
112897,1,5,113,1,1,60.0,0,I,MELB_URBAN,STREET,12,14.0
112898,1,4,130,5,1,70.0,0,N,MELB_URBAN,HIGHWAY,12,16.0
112899,1,4,121,5,1,40.0,0,N,MELB_URBAN,ROAD,12,17.0
112900,4,4,99,5,1,60.0,0,N,SMALL_CITIES,AVENUE,12,15.0
112901,2,5,100,1,1,40.0,0,I,MELB_URBAN,STREET,12,14.0
112902,1,5,120,5,1,60.0,0,N,SMALL_TOWNS,HIGHWAY,12,16.0
112903,2,4,99,5,1,60.0,0,N,MELB_URBAN,DRIVE,12,16.0
112904,7,5,99,1,1,40.0,0,N,MELB_URBAN,ROAD,12,15.0
112905,1,5,130,1,9,60.0,0,N,MELB_URBAN,ROAD,12,18.0
112906,2,5,102,1,1,60.0,1,N,MELB_URBAN,ROAD,12,14.0
112907,1,5,135,5,1,70.0,0,N,MELB_URBAN,ROAD,12,17.0
112908,1,5,113,2,2,80.0,0,I,MELB_URBAN,ROAD,12,19.0
112909,1,5,121,5,1,80.0,0,I,MELB_URBAN,HIGHWAY,12,18.0
112910,1,5,110,1,1,50.0,0,I,SMALL_TOWNS,STREET,12,18.0
112911,4,5,181,5,2,50.0,0,N,RURAL_VICTORIA,ROAD,12,20.0
112912,4,5,183,5,2,80.0,0,N,RURAL_VICTORIA,ROAD,12,21.0
112913,1,1,130,5,1,60.0,0,N,MELB_URBAN,ROAD,11,16.0
112914,4,5,183,5,3,50.0,1,N,MELB_URBAN,OTHER,12,21.0
112915,1,5,121,1,3,50.0,0,I,SMALL_CITIES,STREET,12,22.0
112916,1,5,121,1,3,60.0,0,I,RURAL_VICTORIA,ROAD,12,21.0
112917,1,4,130,5,3,40.0,0,N,MELB_URBAN,FREEWAY,12,22.0
112918,1,4,130,2,1,60.0,0,I,MELB_URBAN,ROAD,12,17.0
112919,4,6,181,9,3,60.0,0,N,MELB_URBAN,ROAD,12,0.0
112920,1,4,163,5,9,60.0,0,N,MELBOURNE_CBD,STREET,11,12.0
112921,1,3,135,5,1,60.0,0,N,MELB_URBAN,ROAD,10,15.0
112922,4,6,99,2,1,40.0,0,I,MELB_URBAN,STREET,12,6.0
112923,8,5,99,5,1,100.0,0,N,RURAL_VICTORIA,ROAD,11,12.0
112924,4,5,171,5,3,80.0,0,N,MELB_URBAN,ROAD,12,21.0
112925,1,5,110,1,1,80.0,0,I,RURAL_VICTORIA,ROAD,12,7.0
112926,1,6,99,2,1,50.0,0,I,MELB_URBAN,STREET,12,8.0
112927,1,7,133,2,1,60.0,0,N,MELB_URBAN,HIGHWAY,11,11.0
112928,1,5,121,1,1,60.0,0,I,LARGE_PROVINCIAL_CITIES,STREET,12,16.0
112929,1,7,130,5,1,60.0,0,N,MELB_URBAN,ROAD,7,16.0
112930,1,4,135,1,1,60.0,0,N,MELB_URBAN,ROAD,11,12.0
112931,1,5,110,1,1,60.0,0,I,LARGE_PROVINCIAL_CITIES,ROAD,12,11.0
112932,1,4,130,5,1,80.0,0,N,MELB_URBAN,ROAD,11,14.0
112933,1,6,160,5,1,50.0,0,N,LARGE_PROVINCIAL_CITIES,AVENUE,12,11.0
112934,1,6,130,5,1,80.0,0,N,MELB_URBAN,HIGHWAY,12,13.0
112935,1,5,135,1,1,50.0,0,I,MELB_URBAN,STREET,12,13.0
112936,1,5,130,5,1,70.0,0,N,MELB_URBAN,ROAD,12,13.0
112937,1,5,121,1,1,60.0,0,I,MELB_URBAN,STREET,12,18.0
112938,1,5,147,5,1,50.0,0,N,MELB_URBAN,ROAD,12,12.0
112939,1,6,120,2,1,80.0,0,I,MELB_URBAN,ROAD,12,14.0
112940,1,4,99,1,1,60.0,0,I,MELB_URBAN,STREET,11,12.0
112941,1,5,130,5,1,60.0,0,N,LARGE_PROVINCIAL_CITIES,STREET,12,9.0
112942,4,6,173,5,1,110.0,0,N,RURAL_VICTORIA,FREEWAY,12,14.0
112943,5,6,171,5,1,100.0,0,N,RURAL_VICTORIA,ROAD,12,14.0
112944,1,6,130,2,1,70.0,0,N,MELB_URBAN,ROAD,12,10.0
112945,6,1,99,5,1,60.0,0,N,RURAL_VICTORIA,ROAD,11,14.0
112946,1,6,99,5,2,60.0,0,N,MELB_URBAN,ROAD,11,21.0
112947,1,6,133,1,1,60.0,0,N,LARGE_PROVINCIAL_CITIES,STREET,11,15.0
112948,1,5,132,2,1,80.0,0,I,MELB_URBAN,HIGHWAY,12,13.0
112949,1,6,120,5,1,100.0,0,N,SMALL_CITIES,ROAD,12,13.0
112950,1,6,130,4,1,60.0,0,I,LARGE_PROVINCIAL_CITIES,HIGHWAY,12,14.0
112951,1,6,121,4,1,80.0,0,I,MELB_URBAN,HIGHWAY,12,13.0
112952,4,1,181,4,2,80.0,0,N,RURAL_VICTORIA,ROAD,11,7.0
112953,4,6,171,5,1,60.0,0,N,MELB_URBAN,DRIVE,12,14.0
112954,1,6,130,5,1,80.0,0,N,MELB_URBAN,HIGHWAY,12,7.0
112955,1,6,99,1,1,110.0,0,I,RURAL_VICTORIA,FREEWAY,12,16.0
112956,1,4,130,1,1,60.0,0,N,MELB_URBAN,AVENUE,12,17.0
112957,1,6,132,1,1,70.0,0,N,MELB_URBAN,ROAD,12,14.0
112958,1,4,99,5,1,40.0,0,N,MELB_URBAN,STREET,12,16.0
112959,4,5,183,5,1,100.0,0,N,RURAL_VICTORIA,ROAD,12,16.0
112960,1,6,110,1,2,60.0,0,I,LARGE_PROVINCIAL_CITIES,STREET,12,19.0
112961,1,3,120,5,1,100.0,0,N,RURAL_VICTORIA,HIGHWAY,12,17.0
112962,1,6,133,4,1,60.0,0,N,MELB_URBAN,STREET,12,15.0
112963,1,5,130,5,3,60.0,0,N,MELB_URBAN,ROAD,12,22.0
112964,1,6,120,5,1,70.0,0,N,SMALL_CITIES,STREET,12,15.0
112965,2,6,99,5,1,50.0,0,N,MELB_URBAN,AVENUE,12,18.0
112966,1,3,130,5,1,50.0,0,N,MELB_URBAN,ROAD,12,15.0
112967,2,6,102,5,1,60.0,0,N,MELB_URBAN,STREET,12,19.0
112968,1,6,99,2,1,40.0,0,I,MELB_URBAN,ROAD,12,17.0
112969,1,6,130,5,1,70.0,0,N,LARGE_PROVINCIAL_CITIES,ROAD,12,17.0
112970,2,6,100,5,3,40.0,0,N,MELB_URBAN,STREET,12,23.0
112971,1,7,121,1,3,80.0,0,I,MELB_URBAN,ROAD,12,0.0
112972,4,7,183,5,5,70.0,0,N,MELB_URBAN,ROAD,12,0.0
112973,1,6,173,5,5,100.0,0,N,RURAL_VICTORIA,FREEWAY,12,22.0
112974,1,6,130,5,3,60.0,0,N,MELB_URBAN,STREET,12,1.0
112975,4,6,183,5,2,50.0,0,N,MELB_URBAN,AVENUE,12,21.0
112976,1,7,113,2,3,70.0,0,I,RURAL_VICTORIA,HIGHWAY,12,2.0
112977,4,7,171,5,3,60.0,0,N,MELB_URBAN,ROAD,12,2.0
112978,4,7,173,1,3,60.0,0,I,LARGE_PROVINCIAL_CITIES,STREET,12,2.0
112979,1,6,120,5,2,70.0,0,N,MELB_URBAN,ROAD,12,5.0
112980,4,7,171,5,2,60.0,0,N,MELB_URBAN,ROAD,12,5.0
112981,4,6,171,5,2,100.0,0,N,RURAL_VICTORIA,ROAD,11,6.0
112982,1,3,110,1,3,60.0,0,I,TOWNS,STREET,11,20.0
112983,4,7,171,5,5,100.0,0,N,RURAL_VICTORIA,HIGHWAY,12,5.0
112984,1,6,147,5,1,50.0,0,N,MELB_URBAN,STREET,12,8.0
112985,1,6,120,1,1,60.0,0,I,MELB_URBAN,ROAD,12,10.0
112986,1,5,135,5,1,60.0,0,I,MELB_URBAN,ROAD,12,18.0
112987,1,5,121,2,1,70.0,0,I,MELB_URBAN,ROAD,12,8.0
112988,1,6,110,1,1,60.0,0,I,MELB_URBAN,ROAD,12,11.0
112989,1,6,133,5,2,80.0,0,N,MELB_URBAN,HIGHWAY,12,6.0
112990,1,4,130,5,1,60.0,0,N,MELB_URBAN,HIGHWAY,12,9.0
112991,1,5,99,5,1,60.0,0,N,MELB_URBAN,STREET,10,12.0
112992,1,7,120,5,1,100.0,0,N,RURAL_VICTORIA,ROAD,12,12.0
112993,1,7,130,2,1,50.0,0,I,SMALL_CITIES,ROAD,12,14.0
112994,2,7,102,5,1,40.0,0,N,MELB_URBAN,STREET,12,15.0
112995,1,6,130,1,1,50.0,0,I,TOWNS,STREET,12,15.0
112996,8,7,184,5,1,100.0,0,N,RURAL_VICTORIA,OTHER,12,13.0
112997,8,4,99,5,9,100.0,0,N,RURAL_VICTORIA,ROAD,10,9.0
112998,4,7,181,5,1,100.0,0,N,RURAL_VICTORIA,ROAD,12,14.0
112999,1,7,116,2,1,80.0,0,I,MELB_URBAN,ROAD,12,15.0
113000,4,7,171,5,1,100.0,0,N,MELB_URBAN,FREEWAY,12,16.0
113001,1,7,130,5,1,70.0,0,N,LARGE_PROVINCIAL_CITIES,ROAD,12,16.0
113002,1,6,110,1,1,80.0,0,I,RURAL_VICTORIA,ROAD,12,15.0
113003,4,6,99,2,1,100.0,0,N,RURAL_VICTORIA,ROAD,12,18.0
113004,1,6,110,1,1,60.0,0,I,MELB_URBAN,STREET,12,18.0
113005,4,6,173,5,2,60.0,0,N,MELB_URBAN,ROAD,12,4.0
113006,1,5,99,1,1,60.0,0,N,MELB_URBAN,PARADE,11,7.0
113007,1,7,110,1,3,60.0,0,I,MELB_URBAN,HIGHWAY,12,23.0
113008,1,7,160,5,5,60.0,0,N,RURAL_VICTORIA,UNKNOWN,12,23.0
113009,1,1,130,2,3,80.0,0,I,MELB_URBAN,ROAD,12,2.0
113010,1,1,120,2,2,80.0,0,I,MELB_URBAN,HIGHWAY,12,4.0
113011,6,7,174,5,1,60.0,0,N,MELB_URBAN,ROAD,11,11.0
113012,1,7,135,5,1,100.0,0,N,MELB_URBAN,FREEWAY,10,17.0
113013,1,7,110,1,1,80.0,0,N,MELB_URBAN,STREET,12,13.0
113014,1,5,130,5,1,40.0,0,N,LARGE_PROVINCIAL_CITIES,ROAD,10,8.0
113015,1,1,110,1,1,60.0,0,I,SMALL_CITIES,ROAD,12,11.0
113016,1,2,130,1,3,70.0,0,I,MELB_URBAN,ROAD,11,21.0
113017,1,1,132,2,1,60.0,0,N,MELB_URBAN,ROAD,12,10.0
113018,4,7,181,5,1,80.0,0,N,RURAL_VICTORIA,ROAD,12,18.0
113019,4,6,171,2,1,60.0,0,I,MELB_URBAN,ROAD,12,13.0
113020,1,0,130,9,1,80.0,0,N,MELB_URBAN,UNKNOWN,12,13.0
113021,1,0,120,5,1,80.0,0,N,RURAL_VICTORIA,ROAD,12,7.0
113022,1,4,111,1,3,70.0,0,I,MELB_URBAN,ROAD,11,22.0
113023,6,1,99,5,1,100.0,0,N,RURAL_VICTORIA,OTHER,12,10.0
113024,1,1,132,1,1,60.0,0,I,MELB_URBAN,STREET,12,14.0
113025,1,1,121,1,1,80.0,0,I,MELB_URBAN,OTHER,12,11.0
113026,1,1,140,2,1,70.0,0,I,SMALL_CITIES,HIGHWAY,12,14.0
113027,1,1,130,1,1,70.0,0,N,MELB_URBAN,STREET,12,12.0
113028,1,5,130,5,5,60.0,0,N,TOWNS,UNKNOWN,11,21.0
113029,1,0,110,1,1,100.0,0,I,RURAL_VICTORIA,ROAD,12,11.0
113030,1,3,130,5,1,60.0,0,N,MELB_URBAN,ROAD,10,18.0
113031,4,1,99,5,1,60.0,0,N,RURAL_VICTORIA,DRIVE,12,9.0
113032,1,0,110,1,1,50.0,0,I,LARGE_PROVINCIAL_CITIES,STREET,12,15.0
113033,1,0,130,5,1,60.0,0,N,MELB_URBAN,ROAD,12,14.0
113034,4,1,181,5,1,100.0,0,N,RURAL_VICTORIA,ROAD,12,17.0
113035,6,1,99,5,1,80.0,0,N,RURAL_VICTORIA,HIGHWAY,12,17.0
113036,1,0,140,5,1,60.0,0,N,LARGE_PROVINCIAL_CITIES,ROAD,12,17.0
113037,6,2,99,5,1,50.0,0,N,MELB_URBAN,STREET,11,10.0
113038,1,1,113,1,1,60.0,0,I,MELB_URBAN,ROAD,12,18.0
113039,1,1,120,2,1,80.0,0,I,MELB_URBAN,ROAD,12,17.0
113040,4,1,171,5,1,80.0,0,N,RURAL_VICTORIA,ROAD,12,16.0
113041,1,1,130,1,1,80.0,0,N,LARGE_PROVINCIAL_CITIES,ROAD,12,15.0
113042,2,1,102,2,3,60.0,0,N,MELB_URBAN,ROAD,12,21.0
113043,1,1,116,2,3,80.0,0,I,RURAL_VICTORIA,HIGHWAY,12,21.0
113044,1,1,130,2,3,80.0,0,N,MELB_URBAN,ROAD,12,22.0
113045,1,4,130,5,1,60.0,0,N,MELB_URBAN,ROAD,10,19.0
113046,4,1,171,5,1,50.0,0,N,MELB_URBAN,OTHER,12,11.0
113047,1,6,130,5,1,60.0,0,N,MELB_URBAN,ROAD,12,17.0
113048,1,1,99,5,2,60.0,0,N,MELB_URBAN,ROAD,12,21.0
113049,1,2,132,1,2,50.0,0,I,LARGE_PROVINCIAL_CITIES,STREET,12,6.0
113050,1,1,121,2,1,60.0,0,I,MELB_URBAN,ROAD,12,12.0
113051,1,2,132,5,1,50.0,0,N,TOWNS,STREET,12,7.0
113052,1,4,99,2,2,60.0,0,N,MELB_URBAN,ROAD,12,6.0
113053,7,5,99,5,1,40.0,0,N,MELB_URBAN,STREET,10,8.0
113054,1,1,110,1,1,60.0,0,I,TOWNS,ROAD,12,6.0
113055,6,6,174,5,1,50.0,0,N,MELB_URBAN,DRIVE,11,14.0
113056,1,1,121,2,1,60.0,0,I,SMALL_CITIES,HIGHWAY,12,18.0
113057,7,4,99,5,9,40.0,0,N,MELB_URBAN,STREET,10,8.0
113058,1,6,130,5,9,60.0,0,N,MELB_URBAN,ROAD,11,13.0
113059,1,0,132,2,1,60.0,0,I,MELB_URBAN,STREET,12,13.0
113060,1,1,113,2,1,60.0,0,I,SMALL_CITIES,HIGHWAY,12,16.0
113061,8,2,174,2,1,80.0,0,N,MELB_URBAN,ROAD,12,13.0
113062,1,4,133,5,1,60.0,0,N,MELB_URBAN,RAMP,12,14.0
113063,1,4,130,5,1,60.0,0,N,LARGE_PROVINCIAL_CITIES,HIGHWAY,11,16.0
113064,1,2,140,5,1,70.0,0,N,MELB_URBAN,HIGHWAY,12,10.0
113065,1,7,147,5,1,80.0,0,N,MELB_URBAN,HIGHWAY,12,17.0
113066,8,2,99,5,1,60.0,0,N,LARGE_PROVINCIAL_CITIES,STREET,12,14.0
113067,1,2,121,1,1,80.0,0,I,MELB_URBAN,ROAD,12,13.0
113068,1,1,132,1,9,60.0,0,I,MELB_URBAN,ROAD,12,6.0
113069,1,4,130,4,2,40.0,0,I,MELB_URBAN,ROAD,11,6.0
113070,8,3,170,5,1,80.0,0,N,MELB_URBAN,ROAD,12,17.0
113071,1,5,134,5,2,80.0,0,N,MELB_URBAN,ROAD,11,6.0
113072,3,0,167,5,5,110.0,0,N,RURAL_VICTORIA,FREEWAY,12,2.0
113073,1,1,110,1,1,60.0,0,I,LARGE_PROVINCIAL_CITIES,STREET,12,14.0
113074,1,5,132,2,9,60.0,0,I,LARGE_PROVINCIAL_CITIES,ROAD,12,14.0
113075,1,2,116,1,1,100.0,0,I,RURAL_VICTORIA,FREEWAY,12,13.0
113076,1,7,130,5,3,100.0,0,N,MELB_URBAN,ROAD,12,22.0
113077,1,0,163,2,1,40.0,0,I,MELBOURNE_CBD,OTHER,12,15.0
113078,1,4,140,5,9,50.0,0,N,MELB_URBAN,AVENUE,12,9.0
113079,1,2,110,1,1,50.0,0,I,MELB_URBAN,ROAD,12,13.0
113080,1,1,113,2,1,70.0,0,I,SMALL_CITIES,HIGHWAY,12,17.0
113081,1,2,130,5,1,80.0,0,N,MELB_URBAN,RAMP,12,14.0
113082,1,2,110,1,1,80.0,0,N,RURAL_VICTORIA,ROAD,12,19.0
113083,5,2,173,5,1,90.0,0,N,RURAL_VICTORIA,ROAD,12,16.0
113084,4,2,99,5,1,100.0,0,I,RURAL_VICTORIA,ROAD,12,18.0
113085,4,2,173,5,2,80.0,1,N,RURAL_VICTORIA,ROAD,12,20.0
113086,1,6,120,5,1,80.0,0,N,MELB_URBAN,ROAD,12,16.0
113087,6,3,174,1,3,50.0,0,I,MELB_URBAN,ROAD,12,1.0
113088,2,1,99,5,6,50.0,0,N,RURAL_VICTORIA,ROAD,12,21.0
113089,1,1,132,2,9,50.0,0,I,MELB_URBAN,DRIVE,12,1.0
113090,1,2,130,5,1,80.0,0,N,RURAL_VICTORIA,HIGHWAY,12,7.0
113091,2,6,102,5,1,60.0,0,N,MELB_URBAN,STREET,11,14.0
113092,1,3,121,1,1,60.0,0,N,MELB_URBAN,ROAD,12,7.0
113093,2,3,99,5,1,60.0,0,N,MELB_URBAN,ROAD,12,8.0
113094,1,5,130,1,1,60.0,0,I,MELB_URBAN,ROAD,12,17.0
113095,1,4,110,1,3,50.0,0,I,LARGE_PROVINCIAL_CITIES,STREET,12,22.0
113096,1,2,121,1,1,60.0,0,I,MELB_URBAN,STREET,12,8.0
113097,1,6,135,5,1,80.0,0,N,MELB_URBAN,RAMP,10,17.0
113098,1,2,134,3,1,100.0,0,N,MELB_URBAN,ROAD,12,14.0
113099,6,4,99,2,1,50.0,0,I,MELB_URBAN,STREET,11,13.0
113100,1,3,130,5,1,100.0,0,N,MELB_URBAN,FREEWAY,12,9.0
113101,4,3,171,1,1,60.0,0,I,MELB_URBAN,ROAD,12,7.0
113102,1,3,113,2,1,60.0,0,I,MELB_URBAN,HIGHWAY,12,10.0
113103,1,7,134,5,6,60.0,0,N,MELB_URBAN,ROAD,12,22.0
113104,1,3,140,5,1,50.0,0,N,MELB_URBAN,UNKNOWN,12,7.0
113105,1,0,130,5,1,80.0,0,N,MELB_URBAN,ROAD,12,11.0
113106,1,7,132,2,1,50.0,0,I,MELB_URBAN,ROAD,11,10.0
113107,1,3,111,1,1,80.0,0,I,MELB_URBAN,ROAD,12,9.0
113108,1,3,134,3,1,80.0,0,I,MELB_URBAN,FREEWAY,12,12.0
113109,8,3,174,5,1,60.0,0,N,MELB_URBAN,STREET,10,20.0
113110,1,2,121,2,1,60.0,0,I,LARGE_PROVINCIAL_CITIES,ROAD,12,13.0
113111,1,3,110,1,1,100.0,0,I,RURAL_VICTORIA,FREEWAY,12,13.0
113112,1,3,113,2,1,50.0,0,I,MELB_URBAN,ROAD,12,13.0
113113,1,3,111,1,1,50.0,0,I,TOWNS,STREET,12,14.0
113114,1,3,130,5,1,60.0,0,N,MELB_URBAN,ROAD,12,14.0
113115,1,5,130,5,1,60.0,0,N,MELB_URBAN,ROAD,12,9.0
113116,1,2,113,2,1,80.0,0,I,RURAL_VICTORIA,ROAD,12,12.0
113117,4,3,173,5,9,100.0,1,N,RURAL_VICTORIA,ROAD,12,9.0
113118,4,7,99,5,1,80.0,0,N,RURAL_VICTORIA,ROAD,12,13.0
113119,5,5,99,5,1,80.0,0,N,RURAL_VICTORIA,HIGHWAY,11,10.0
113120,4,3,171,1,1,100.0,0,N,RURAL_VICTORIA,HIGHWAY,12,15.0
113121,1,3,130,5,1,80.0,0,N,MELB_URBAN,HIGHWAY,12,15.0
113122,4,3,181,5,1,60.0,0,N,MELB_URBAN,ROAD,12,16.0
113123,6,7,184,5,1,100.0,0,N,RURAL_VICTORIA,ROAD,12,17.0
113124,2,3,100,2,1,60.0,0,I,MELB_URBAN,ROAD,12,13.0
113125,1,5,99,5,1,60.0,0,N,TOWNS,STREET,10,16.0
113126,8,4,99,5,1,80.0,0,N,RURAL_VICTORIA,ROAD,11,11.0
113127,4,3,171,5,1,100.0,0,N,RURAL_VICTORIA,ROAD,12,16.0
113128,1,2,120,5,2,60.0,0,N,RURAL_VICTORIA,DRIVE,12,18.0
113129,1,3,113,2,1,60.0,0,I,MELB_URBAN,STREET,12,18.0
113130,3,0,167,5,1,60.0,0,N,RURAL_VICTORIA,ROAD,12,10.0
113131,1,1,132,1,3,60.0,0,N,MELB_URBAN,STREET,11,21.0
113132,4,1,181,5,2,100.0,0,N,RURAL_VICTORIA,ROAD,12,19.0
113133,1,3,99,2,3,100.0,0,I,RURAL_VICTORIA,ROAD,12,21.0
113134,1,2,121,1,1,40.0,0,I,MELB_URBAN,STREET,12,16.0
113135,1,3,99,2,2,50.0,0,I,MELB_URBAN,STREET,12,21.0
113136,2,3,99,4,1,60.0,0,I,MELB_URBAN,ROAD,12,19.0
113137,1,3,130,2,2,60.0,0,I,LARGE_PROVINCIAL_CITIES,ROAD,12,20.0
113138,1,2,110,1,3,50.0,0,I,MELB_URBAN,STREET,12,22.0
113139,1,2,130,5,1,60.0,0,N,RURAL_VICTORIA,ROAD,11,17.0
113140,2,2,102,1,3,60.0,0,N,MELB_URBAN,HIGHWAY,12,22.0
113141,2,4,99,2,3,60.0,0,I,RURAL_VICTORIA,BOULEVARD,12,0.0
113142,4,4,171,2,3,70.0,0,I,MELB_URBAN,ROAD,12,1.0
113143,1,4,133,1,1,40.0,0,I,LARGE_PROVINCIAL_CITIES,STREET,12,6.0