,accident_type,day_of_week,dca_code,road_geometry,light_condition,speed_zone,severity,node_type,deg_urban_name,road_type,month,hour
113144,1,4,132,1,3,40.0,0,I,MELB_URBAN,STREET,12,2.0
113145,1,1,121,1,9,60.0,0,I,MELB_URBAN,ROAD,12,21.0
113146,2,4,102,1,1,50.0,0,N,MELBOURNE_CBD,STREET,12,7.0
113147,1,3,121,4,2,80.0,0,N,MELB_URBAN,HIGHWAY,12,20.0
113148,1,4,130,5,1,60.0,0,N,LARGE_PROVINCIAL_CITIES,AVENUE,12,8.0
113149,1,2,130,2,1,60.0,0,I,MELB_URBAN,ROAD,11,15.0
113150,1,4,121,2,1,80.0,0,N,SMALL_TOWNS,PARADE,12,8.0
113151,2,4,100,1,1,60.0,0,N,MELB_URBAN,STREET,12,10.0
113152,1,6,130,5,1,70.0,0,N,MELB_URBAN,ROAD,11,11.0
113153,1,4,116,2,1,80.0,0,I,MELB_URBAN,HIGHWAY,12,11.0
113154,8,0,99,5,1,40.0,0,N,MELB_URBAN,STREET,12,15.0
113155,1,1,130,5,1,80.0,0,I,MELB_URBAN,FREEWAY,11,18.0
113156,1,2,147,5,9,60.0,0,N,MELB_URBAN,STREET,12,17.0
113157,4,3,171,5,1,90.0,0,N,TOWNS,STREET,12,10.0
113158,4,2,173,5,1,60.0,0,N,RURAL_VICTORIA,ROAD,11,14.0
113159,1,3,160,5,1,60.0,0,N,MELB_URBAN,STREET,12,11.0
113160,1,7,130,1,1,80.0,0,I,RURAL_VICTORIA,OTHER,11,10.0
113161,4,4,99,2,1,60.0,0,I,MELB_URBAN,STREET,12,9.0
113162,1,2,113,1,1,60.0,0,I,RURAL_VICTORIA,HIGHWAY,11,9.0
113163,7,7,99,5,1,100.0,0,I,RURAL_VICTORIA,ROAD,11,12.0
113164,1,5,99,2,1,60.0,0,I,MELB_URBAN,ROAD,11,10.0
113165,1,2,130,5,1,100.0,0,N,MELB_URBAN,FREEWAY,12,17.0
113166,1,5,121,1,3,60.0,0,I,MELB_URBAN,ROAD,8,22.0
113167,1,4,121,1,1,60.0,0,I,MELB_URBAN,HIGHWAY,12,8.0
113168,1,3,160,2,1,50.0,0,I,MELB_URBAN,ROAD,12,11.0
113169,4,4,181,3,1,80.0,0,I,MELB_URBAN,RAMP,12,11.0
113170,1,4,140,5,1,80.0,0,N,RURAL_VICTORIA,ROAD,12,13.0
113171,1,4,116,2,1,70.0,0,I,MELB_URBAN,HIGHWAY,12,14.0
113172,1,4,113,2,1,60.0,0,I,MELB_URBAN,ROAD,12,13.0
113173,2,4,99,5,1,40.0,0,N,MELB_URBAN,ROAD,12,14.0
113174,1,4,99,2,1,50.0,0,N,MELB_URBAN,STREET,11,9.0
113175,6,3,99,5,1,60.0,0,O,SMALL_CITIES,DRIVE,12,14.0
113176,2,1,102,2,1,50.0,0,I,MELB_URBAN,ROAD,12,18.0
113177,1,7,130,2,1,60.0,0,I,MELB_URBAN,ROAD,12,12.0
113178,1,2,99,5,1,60.0,0,N,LARGE_PROVINCIAL_CITIES,STREET,12,14.0
113179,4,3,173,5,6,50.0,0,N,MELB_URBAN,STREET,12,1.0
113180,1,2,132,2,1,60.0,0,I,MELB_URBAN,ROAD,12,14.0
113181,1,4,110,1,1,50.0,0,I,LARGE_PROVINCIAL_CITIES,STREET,12,17.0
113182,1,4,116,2,1,80.0,0,I,MELB_URBAN,STREET,12,17.0
113183,1,4,163,5,1,40.0,0,N,LARGE_PROVINCIAL_CITIES,STREET,12,17.0
113184,1,4,133,5,1,70.0,0,N,RURAL_VICTORIA,ROAD,12,15.0
113185,1,3,140,5,1,60.0,0,N,MELB_URBAN,ROAD,12,15.0
113186,1,4,99,5,1,100.0,0,N,MELB_URBAN,UNKNOWN,12,17.0
113187,1,3,130,5,1,60.0,0,N,LARGE_PROVINCIAL_CITIES,STREET,12,18.0
113188,1,3,130,5,1,60.0,0,N,MELB_URBAN,STREET,12,15.0
113189,1,4,113,2,1,70.0,0,I,SMALL_CITIES,STREET,12,17.0
113190,1,2,130,5,1,50.0,0,N,MELB_URBAN,STREET,12,13.0
113191,1,2,163,5,1,60.0,0,N,SMALL_CITIES,STREET,12,16.0
113192,1,4,130,2,1,70.0,0,N,RURAL_VICTORIA,ROAD,12,18.0
113193,1,4,132,2,1,80.0,0,I,MELB_URBAN,ROAD,12,17.0
113194,1,1,130,1,2,80.0,0,N,MELB_URBAN,ROAD,12,19.0
113195,1,3,110,1,1,60.0,0,I,MELB_URBAN,STREET,12,19.0
113196,1,4,140,5,1,60.0,0,N,MELB_URBAN,ROAD,8,8.0
113197,1,4,99,2,2,50.0,0,I,MELB_URBAN,OTHER,12,18.0
113198,4,4,173,5,1,60.0,0,N,MELB_URBAN,ROAD,12,17.0
113199,7,6,99,1,1,50.0,0,I,MELB_URBAN,STREET,12,13.0
113200,1,4,99,5,1,60.0,0,N,MELB_URBAN,BOULEVARD,12,19.0
113201,1,2,116,2,2,60.0,0,N,MELB_URBAN,ROAD,12,6.0
113202,1,3,147,5,1,60.0,0,N,MELB_URBAN,ROAD,12,16.0
113203,1,6,130,5,1,60.0,0,N,MELB_URBAN,ROAD,11,13.0
113204,1,4,113,2,2,60.0,0,I,MELB_URBAN,ROAD,12,20.0
113205,8,3,99,5,1,50.0,0,N,LARGE_PROVINCIAL_CITIES,STREET,12,15.0
113206,1,4,110,1,1,40.0,0,I,MELB_URBAN,STREET,12,11.0
113207,1,4,134,3,2,60.0,0,I,RURAL_VICTORIA,FREEWAY,12,6.0
113208,4,5,171,5,1,60.0,0,N,MELB_URBAN,STREET,12,7.0
113209,8,4,174,2,1,60.0,0,I,RURAL_VICTORIA,DRIVE,11,17.0
113210,2,2,102,5,2,60.0,0,N,MELB_URBAN,STREET,12,19.0
113211,1,6,111,2,1,60.0,0,I,MELB_URBAN,DRIVE,10,13.0
113212,1,2,130,2,9,60.0,0,I,MELB_URBAN,STREET,12,16.0
113213,2,3,100,5,2,50.0,0,N,MELB_URBAN,STREET,12,19.0
113214,2,3,99,5,1,50.0,0,N,MELB_URBAN,ROAD,12,20.0
113215,1,5,99,5,1,40.0,0,N,MELB_URBAN,ROAD,12,6.0
113216,1,4,130,1,1,60.0,0,I,MELB_URBAN,STREET,10,11.0
113217,1,5,130,1,1,80.0,0,I,MELB_URBAN,ROAD,10,17.0
113218,1,4,116,2,2,50.0,0,I,MELB_URBAN,STREET,12,4.0
113219,8,5,174,2,1,60.0,0,I,MELB_URBAN,DRIVE,12,8.0
113220,4,5,173,2,1,70.0,0,I,SMALL_CITIES,STREET,12,10.0
113221,5,0,99,5,1,100.0,0,N,RURAL_VICTORIA,ROAD,11,17.0
113222,1,5,130,1,1,60.0,0,N,MELB_URBAN,STREET,11,13.0
113223,1,5,99,5,2,60.0,0,N,MELB_URBAN,ROAD,12,6.0
113224,1,2,130,1,9,60.0,0,I,MELB_URBAN,RAMP,12,6.0
113225,6,5,174,2,1,50.0,0,I,MELB_URBAN,DRIVE,12,8.0
113226,4,4,181,5,1,80.0,0,N,RURAL_VICTORIA,ROAD,12,11.0
113227,1,4,160,5,3,50.0,0,N,MELB_URBAN,STREET,12,1.0
113228,1,5,160,5,1,50.0,0,N,MELB_URBAN,STREET,12,13.0
113229,1,5,99,5,1,40.0,0,N,LARGE_PROVINCIAL_CITIES,STREET,12,13.0
113230,1,5,132,5,1,80.0,0,N,TOWNS,ROAD,12,8.0
113231,1,5,110,1,1,60.0,0,I,MELB_URBAN,ROAD,12,13.0
113232,1,5,120,1,1,80.0,0,I,MELB_URBAN,HIGHWAY,12,13.0
113233,1,2,130,5,1,40.0,0,N,LARGE_PROVINCIAL_CITIES,STREET,12,15.0
113234,1,5,111,4,1,60.0,0,I,SMALL_TOWNS,OTHER,12,9.0
113235,2,3,99,2,2,60.0,0,I,MELB_URBAN,ROAD,12,21.0
113236,1,6,130,1,1,70.0,0,N,RURAL_VICTORIA,ROAD,11,14.0
113237,1,1,121,2,1,60.0,0,I,MELB_URBAN,ROAD,12,13.0
113238,1,5,132,5,1,80.0,0,N,RURAL_VICTORIA,HIGHWAY,12,8.0
113239,1,5,120,5,1,80.0,0,N,MELB_URBAN,ROAD,12,13.0
113240,5,1,99,5,1,60.0,0,N,RURAL_VICTORIA,HIGHWAY,12,9.0
113241,2,5,102,5,1,50.0,1,N,LARGE_PROVINCIAL_CITIES,STREET,12,14.0
113242,1,4,130,5,1,60.0,0,N,MELB_URBAN,STREET,12,16.0
113243,1,3,130,2,1,60.0,0,I,SMALL_CITIES,STREET,9,9.0
113244,1,5,132,5,1,60.0,0,N,MELB_URBAN,ROAD,12,7.0
113245,8,5,174,5,1,80.0,0,N,MELB_URBAN,ROAD,12,17.0
113246,1,4,99,2,1,50.0,0,N,MELB_URBAN,OTHER,12,8.0
113247,1,4,132,5,1,80.0,0,N,LARGE_PROVINCIAL_CITIES,STREET,12,15.0
113248,1,5,134,4,1,80.0,0,I,MELB_URBAN,HIGHWAY,12,15.0
113249,1,4,110,1,1,50.0,0,I,MELB_URBAN,STREET,12,17.0
113250,1,6,111,1,1,100.0,0,I,RURAL_VICTORIA,STREET,12,11.0
113251,2,4,99,5,2,60.0,0,N,MELB_URBAN,STREET,12,21.0
113252,1,4,130,5,1,80.0,0,N,RURAL_VICTORIA,ROAD,12,17.0
113253,1,2,130,2,1,60.0,0,I,MELB_URBAN,ROAD,12,18.0
113254,6,5,99,5,1,80.0,0,N,RURAL_VICTORIA,ROAD,12,16.0
113255,1,4,121,2,1,60.0,0,I,MELB_URBAN,ROAD,12,17.0
113256,1,4,99,5,1,50.0,0,N,SMALL_CITIES,STREET,12,14.0
113257,6,5,174,2,1,50.0,0,N,MELB_URBAN,BOULEVARD,12,16.0
113258,4,5,171,5,2,70.0,0,N,MELB_URBAN,ROAD,12,19.0
113259,3,5,167,5,1,60.0,0,N,RURAL_VICTORIA,ROAD,12,14.0
113260,1,5,120,5,5,100.0,0,N,MELB_URBAN,HIGHWAY,12,21.0
113261,1,6,120,5,3,60.0,0,N,MELB_URBAN,ROAD,12,2.0
113262,4,6,171,5,1,100.0,0,N,RURAL_VICTORIA,FREEWAY,12,7.0
113263,5,6,99,5,1,60.0,0,N,MELB_URBAN,ROAD,12,7.0
113264,1,3,99,2,1,40.0,0,I,MELB_URBAN,AVENUE,11,10.0
113265,4,6,171,5,1,60.0,0,N,SMALL_CITIES,AVENUE,12,7.0
113266,1,5,110,1,1,60.0,0,I,SMALL_CITIES,STREET,12,8.0
113267,1,6,121,2,1,100.0,0,N,RURAL_VICTORIA,HIGHWAY,12,8.0
113268,1,6,110,1,1,100.0,0,I,RURAL_VICTORIA,ROAD,12,7.0
113269,1,3,130,5,1,80.0,0,N,MELB_URBAN,HIGHWAY,12,17.0
113270,1,6,130,5,1,60.0,0,N,MELB_URBAN,STREET,12,8.0
113271,1,6,116,2,1,80.0,0,I,MELB_URBAN,HIGHWAY,12,10.0
113272,1,5,113,2,1,100.0,0,I,RURAL_VICTORIA,ROAD,12,18.0
113273,1,6,121,2,1,60.0,0,I,MELB_URBAN,ROAD,12,12.0
113274,1,6,163,5,1,50.0,0,N,MELB_URBAN,ROAD,12,8.0
113275,1,5,132,5,1,60.0,0,N,MELB_URBAN,ROAD,12,8.0
113276,4,6,181,5,1,80.0,0,N,RURAL_VICTORIA,ROAD,12,12.0
113277,7,6,99,1,6,60.0,0,I,MELB_URBAN,ROAD,12,6.0
113278,1,4,99,1,1,60.0,0,I,MELB_URBAN,HIGHWAY,12,16.0
113279,1,1,130,5,1,40.0,0,N,MELB_URBAN,FREEWAY,12,13.0
113280,1,6,130,5,1,100.0,0,N,MELB_URBAN,ROAD,12,14.0
113281,6,6,174,1,3,60.0,0,I,MELB_URBAN,STREET,11,22.0
113282,8,5,99,1,1,100.0,0,N,RURAL_VICTORIA,ROAD,11,15.0
113283,2,6,99,5,1,60.0,0,N,MELBOURNE_CBD,OTHER,12,11.0
113284,1,1,130,5,1,70.0,0,N,RURAL_VICTORIA,ROAD,12,7.0
113285,2,6,102,5,1,80.0,0,N,MELB_URBAN,ROAD,12,15.0
113286,1,5,140,5,1,80.0,0,N,MELB_URBAN,ROAD,12,14.0
113287,1,6,120,5,1,50.0,0,N,MELB_URBAN,ROAD,12,14.0
113288,1,6,130,2,1,60.0,0,I,LARGE_PROVINCIAL_CITIES,AVENUE,12,16.0
113289,1,6,121,1,1,80.0,0,I,MELB_URBAN,HIGHWAY,12,12.0
113290,6,6,174,5,1,100.0,0,N,RURAL_VICTORIA,HIGHWAY,12,12.0
113291,1,5,99,5,9,60.0,0,N,MELB_URBAN,ROAD,11,17.0
113292,2,5,100,2,1,50.0,0,I,SMALL_CITIES,OTHER,12,8.0
113293,1,5,99,5,1,60.0,0,N,SMALL_CITIES,ROAD,12,18.0
113294,1,6,110,1,1,50.0,0,I,MELB_URBAN,AVENUE,12,16.0
113295,1,6,121,1,1,70.0,0,N,MELB_URBAN,ROAD,12,15.0
113296,4,5,171,5,1,80.0,0,N,LARGE_PROVINCIAL_CITIES,HIGHWAY,12,15.0
113297,1,6,121,2,1,60.0,0,I,MELB_URBAN,ROAD,12,16.0
113298,1,5,130,2,1,60.0,0,I,MELB_URBAN,ROAD,12,18.0
113299,1,6,163,5,2,40.0,0,N,MELB_URBAN,ROAD,12,20.0
113300,1,6,134,5,2,70.0,0,N,MELB_URBAN,ROAD,12,19.0
113301,1,5,120,5,1,50.0,0,N,MELB_URBAN,STREET,12,17.0
113302,1,6,121,2,1,60.0,0,I,LARGE_PROVINCIAL_CITIES,STREET,12,18.0
113303,4,6,171,5,1,100.0,0,N,RURAL_VICTORIA,ROAD,12,19.0
113304,5,6,99,5,1,100.0,1,N,RURAL_VICTORIA,ROAD,12,14.0
113305,1,5,120,2,1,80.0,0,I,MELB_URBAN,ROAD,12,16.0
113306,5,1,99,5,1,100.0,0,N,RURAL_VICTORIA,ROAD,11,11.0
113307,1,6,113,2,2,50.0,0,I,MELB_URBAN,STREET,12,21.0
113308,1,2,135,5,1,60.0,0,N,MELB_URBAN,STREET,11,15.0
113309,1,6,113,2,1,60.0,0,I,MELB_URBAN,ROAD,12,19.0
113310,1,6,120,5,2,60.0,0,N,MELB_URBAN,ROAD,12,21.0
113311,4,6,181,5,1,80.0,1,N,RURAL_VICTORIA,ROAD,12,14.0
113312,4,6,173,2,1,50.0,0,I,MELB_URBAN,AVENUE,12,20.0
113313,1,5,130,5,1,100.0,0,N,RURAL_VICTORIA,ROAD,12,18.0
113314,2,6,99,5,3,60.0,0,N,SMALL_CITIES,ROAD,12,23.0
113315,7,6,99,5,3,60.0,0,N,MELB_URBAN,ROAD,12,23.0
113316,1,7,130,1,2,80.0,1,I,MELB_URBAN,ROAD,12,6.0
113317,4,7,181,5,1,60.0,0,N,MELB_URBAN,ROAD,12,8.0
113318,1,7,110,1,1,60.0,0,I,MELB_URBAN,STREET,12,9.0
113319,1,7,130,2,1,80.0,0,I,RURAL_VICTORIA,ROAD,12,10.0
113320,4,7,183,5,1,100.0,0,N,RURAL_VICTORIA,ROAD,12,9.0
113321,2,5,100,2,1,50.0,0,N,MELB_URBAN,STREET,12,17.0
113322,1,7,134,1,9,60.0,0,I,MELB_URBAN,ROAD,12,9.0
113323,2,7,102,2,1,60.0,0,I,MELB_URBAN,STREET,12,9.0
113324,1,7,99,5,1,100.0,0,N,RURAL_VICTORIA,ROAD,12,11.0
113325,1,7,130,5,1,80.0,0,N,MELB_URBAN,FREEWAY,12,13.0
113326,1,7,121,1,1,60.0,0,I,MELB_URBAN,ROAD,12,14.0
113327,4,6,181,5,6,50.0,0,N,MELB_URBAN,OTHER,9,2.0
113328,1,6,110,1,1,60.0,0,I,MELB_URBAN,BOULEVARD,12,16.0
113329,1,5,130,5,1,100.0,0,N,MELB_URBAN,FREEWAY,12,18.0
113330,1,7,130,2,1,60.0,0,I,MELB_URBAN,ROAD,12,16.0
113331,1,7,116,2,1,60.0,0,I,MELB_URBAN,ROAD,12,14.0
113332,8,7,99,5,1,60.0,0,N,RURAL_VICTORIA,ROAD,12,14.0
113333,6,7,99,5,1,60.0,0,N,TOWNS,ROAD,12,16.0
113334,1,6,116,2,1,60.0,0,I,MELB_URBAN,ROAD,12,14.0
113335,4,7,173,5,1,100.0,0,N,RURAL_VICTORIA,ROAD,12,16.0
113336,1,7,113,2,1,50.0,0,I,MELB_URBAN,OTHER,12,16.0
113337,1,6,110,1,1,70.0,0,I,MELB_URBAN,ROAD,12,17.0
113338,1,6,130,5,1,80.0,0,N,MELB_URBAN,OTHER,12,17.0
113339,1,6,130,1,1,70.0,0,I,MELB_URBAN,OTHER,12,18.0
113340,1,7,160,5,1,60.0,0,N,MELB_URBAN,PARADE,12,15.0
113341,5,7,99,2,1,100.0,0,I,RURAL_VICTORIA,ROAD,12,18.0
113342,1,7,130,5,1,80.0,0,N,MELB_URBAN,HIGHWAY,12,11.0
113343,6,6,99,5,1,100.0,0,N,RURAL_VICTORIA,ROAD,12,14.0
113344,1,2,121,1,1,60.0,0,I,MELB_URBAN,ROAD,12,13.0
113345,3,6,167,5,1,100.0,0,N,RURAL_VICTORIA,ROAD,12,18.0
113346,1,7,147,5,1,50.0,0,N,MELB_URBAN,AVENUE,12,18.0
113347,1,6,130,5,1,80.0,0,N,MELB_URBAN,ROAD,12,19.0
113348,1,3,110,1,1,60.0,0,I,TOWNS,STREET,9,9.0
113349,1,7,140,5,3,80.0,0,N,RURAL_VICTORIA,ROAD,12,22.0
113350,1,7,147,5,1,50.0,0,N,MELB_URBAN,OTHER,12,16.0
113351,1,0,160,5,3,50.0,0,N,MELB_URBAN,STREET,12,1.0
113352,4,1,181,5,5,80.0,0,N,MELB_URBAN,RAMP,12,1.0
113353,4,1,171,5,3,60.0,0,N,MELB_URBAN,ROAD,12,4.0
113354,4,7,171,5,3,60.0,0,N,MELB_URBAN,STREET,12,1.0
113355,4,1,183,5,5,60.0,0,N,RURAL_VICTORIA,HIGHWAY,12,3.0
113356,1,1,132,2,2,60.0,0,I,SMALL_CITIES,DRIVE,12,5.0
113357,7,7,99,2,3,50.0,0,I,MELB_URBAN,ROAD,12,23.0
113358,1,6,133,5,1,100.0,0,N,MELB_URBAN,FREEWAY,12,15.0
113359,2,1,99,5,5,80.0,0,N,LARGE_PROVINCIAL_CITIES,STREET,12,5.0
113360,1,7,130,2,1,100.0,0,I,RURAL_VICTORIA,ROAD,12,16.0
113361,2,1,99,5,1,60.0,0,N,LARGE_PROVINCIAL_CITIES,ROAD,12,15.0
113362,7,5,99,5,1,100.0,0,N,RURAL_VICTORIA,ROAD,12,15.0
113363,4,7,99,2,5,50.0,0,I,SMALL_TOWNS,STREET,12,22.0
113364,2,7,100,5,1,60.0,0,N,MELB_URBAN,ROAD,12,9.0
113365,1,0,130,1,1,60.0,0,N,MELB_URBAN,ROAD,12,10.0
113366,1,0,130,2,1,50.0,0,I,LARGE_PROVINCIAL_CITIES,PARADE,12,10.0
113367,1,1,120,5,1,40.0,0,N,MELB_URBAN,STREET,12,12.0
113368,6,1,99,2,1,100.0,0,N,RURAL_VICTORIA,ROAD,12,11.0
113369,1,1,99,5,1,100.0,0,N,MELB_URBAN,FREEWAY,12,7.0
113370,8,7,99,2,3,50.0,0,I,MELB_URBAN,STREET,12,22.0
113371,1,2,140,5,1,60.0,0,N,TOWNS,ROAD,12,19.0
113372,8,5,99,5,1,70.0,0,N,SMALL_CITIES,STREET,11,8.0
113373,6,3,174,5,1,60.0,0,N,RURAL_VICTORIA,ROAD,8,12.0
113374,1,0,121,2,1,80.0,0,I,MELB_URBAN,ROAD,12,17.0
113375,7,4,99,5,9,60.0,0,N,MELB_URBAN,STREET,11,15.0
113376,1,1,132,2,1,80.0,0,N,MELB_URBAN,HIGHWAY,12,13.0
113377,1,1,120,5,2,100.0,0,N,RURAL_VICTORIA,HIGHWAY,12,19.0
113378,6,1,170,5,9,100.0,0,N,RURAL_VICTORIA,ROAD,11,12.0
113379,1,0,110,1,2,60.0,0,I,LARGE_PROVINCIAL_CITIES,STREET,12,20.0
113380,1,5,147,5,1,70.0,0,N,MELB_URBAN,ROAD,12,9.0
113381,1,1,130,1,3,60.0,0,N,MELB_URBAN,STREET,12,23.0
113382,1,1,110,1,3,60.0,0,I,MELB_URBAN,STREET,12,23.0
113383,1,0,121,1,1,60.0,0,I,MELB_URBAN,ROAD,11,17.0
113384,1,1,130,5,2,100.0,1,N,MELB_URBAN,ROAD,12,20.0
113385,1,1,160,5,3,80.0,0,N,MELB_URBAN,ROAD,12,3.0
113386,1,1,130,5,2,100.0,0,N,MELB_URBAN,FREEWAY,12,6.0
113387,4,3,99,2,1,60.0,0,I,RURAL_VICTORIA,ROAD,8,14.0
113388,1,5,110,1,2,50.0,0,N,SMALL_CITIES,STREET,12,21.0
113389,4,3,173,5,2,100.0,0,N,RURAL_VICTORIA,ROAD,7,6.0
113390,4,1,99,5,1,50.0,0,N,TOWNS,AVENUE,12,9.0
113391,1,2,110,1,1,60.0,0,I,MELB_URBAN,STREET,12,9.0
113392,1,2,160,5,1,40.0,0,N,MELB_URBAN,STREET,12,9.0
113393,1,2,130,2,1,60.0,0,I,MELB_URBAN,ROAD,12,10.0
113394,1,2,132,2,1,60.0,0,I,MELB_URBAN,STREET,11,12.0
113395,4,2,173,5,1,70.0,0,N,MELB_URBAN,ROAD,12,8.0
113396,8,7,99,5,1,60.0,0,N,RURAL_VICTORIA,ROAD,11,15.0
113397,8,0,99,5,1,60.0,0,N,RURAL_VICTORIA,ROAD,12,12.0
113398,7,6,99,5,1,100.0,0,N,RURAL_VICTORIA,ROAD,12,15.0
113399,1,1,130,2,1,60.0,0,N,MELB_URBAN,RAMP,12,10.0
113400,1,5,99,5,1,50.0,0,N,MELB_URBAN,OTHER,6,6.0
113401,1,3,140,5,1,80.0,0,N,MELB_URBAN,HIGHWAY,12,9.0
113402,1,2,116,2,1,60.0,0,I,MELB_URBAN,ROAD,12,11.0
113403,1,1,130,5,9,110.0,0,N,SMALL_TOWNS,FREEWAY,12,12.0
113404,4,1,173,1,2,80.0,0,I,RURAL_VICTORIA,ROAD,12,7.0
113405,1,1,120,5,1,60.0,0,N,TOWNS,AVENUE,12,11.0
113406,1,6,130,1,1,60.0,0,I,MELB_URBAN,ROAD,12,11.0
113407,4,1,171,5,1,100.0,0,N,RURAL_VICTORIA,ROAD,12,13.0
113408,1,1,130,2,9,60.0,0,I,MELB_URBAN,ROAD,12,11.0
113409,1,6,147,5,1,60.0,0,N,MELB_URBAN,ROAD,12,9.0
113410,1,4,99,1,1,60.0,0,I,MELB_URBAN,ROAD,11,15.0
113411,1,2,121,2,1,60.0,0,N,MELB_URBAN,ROAD,12,14.0
113412,1,2,113,2,1,80.0,0,N,MELB_URBAN,ROAD,12,15.0
113413,4,5,173,5,1,100.0,0,N,RURAL_VICTORIA,ROAD,12,18.0
113414,4,5,181,5,1,100.0,0,N,RURAL_VICTORIA,ROAD,11,17.0
113415,1,2,130,5,1,60.0,0,N,LARGE_PROVINCIAL_CITIES,STREET,12,16.0
113416,1,3,130,1,1,80.0,0,I,MELB_URBAN,ROAD,12,17.0
113417,1,1,110,1,1,60.0,0,I,MELB_URBAN,ROAD,12,18.0
113418,1,2,132,2,1,80.0,0,I,MELB_URBAN,ROAD,12,16.0
113419,1,1,163,1,1,40.0,0,N,MELBOURNE_CBD,STREET,12,17.0
113420,1,2,121,4,1,60.0,0,I,MELB_URBAN,STREET,12,9.0
113421,1,2,120,5,1,60.0,0,N,LARGE_PROVINCIAL_CITIES,ROAD,12,17.0
113422,8,2,174,5,9,60.0,0,N,MELB_URBAN,DRIVE,12,18.0
113423,7,2,99,5,1,60.0,0,N,SMALL_CITIES,ROAD,12,16.0
113424,1,2,130,4,1,60.0,0,N,MELB_URBAN,ROAD,12,16.0
113425,8,1,174,1,1,80.0,0,N,MELB_URBAN,HIGHWAY,12,8.0
113426,1,2,163,2,1,40.0,0,N,MELB_URBAN,STREET,12,13.0
113427,1,2,121,2,1,100.0,0,I,RURAL_VICTORIA,HIGHWAY,12,15.0
113428,4,2,183,5,1,50.0,0,N,MELB_URBAN,AVENUE,12,15.0
113429,1,1,121,2,1,60.0,0,I,TOWNS,OTHER,12,14.0
113430,4,2,181,5,1,100.0,0,N,RURAL_VICTORIA,ROAD,12,5.0
113431,8,1,174,9,9,60.0,0,N,MELB_URBAN,OTHER,12,18.0
113432,4,2,171,1,3,80.0,0,I,RURAL_VICTORIA,OTHER,12,2.0
113433,2,6,99,7,3,40.0,0,I,MELB_URBAN,ROAD,12,0.0
113434,1,1,121,2,1,60.0,0,I,MELB_URBAN,ROAD,12,12.0
113435,1,7,121,1,9,60.0,0,I,MELB_URBAN,STREET,11,12.0
113436,4,3,181,5,1,80.0,0,N,RURAL_VICTORIA,ROAD,12,7.0
113437,1,1,99,5,1,50.0,0,N,MELB_URBAN,STREET,12,15.0
113438,3,3,167,5,1,100.0,0,N,RURAL_VICTORIA,ROAD,12,6.0
113439,6,7,184,5,9,60.0,0,N,RURAL_VICTORIA,ROAD,11,11.0
113440,4,6,183,5,1,80.0,0,N,RURAL_VICTORIA,ROAD,12,13.0
113441,1,3,99,2,1,80.0,0,I,MELB_URBAN,HIGHWAY,12,8.0
113442,1,3,130,5,1,60.0,0,N,MELB_URBAN,ROAD,12,9.0
113443,1,3,110,1,1,60.0,0,I,MELB_URBAN,ROAD,12,6.0
113444,1,3,113,2,1,50.0,0,I,SMALL_CITIES,STREET,12,7.0
113445,1,7,130,5,1,100.0,0,N,MELB_URBAN,RAMP,12,12.0
113446,1,3,121,2,1,80.0,0,N,MELB_URBAN,ROAD,12,10.0
113447,1,1,121,1,1,60.0,0,I,LARGE_PROVINCIAL_CITIES,ROAD,11,13.0
113448,1,3,130,5,1,70.0,0,N,MELB_URBAN,ROAD,12,11.0
113449,1,4,130,5,1,80.0,0,N,MELB_URBAN,STREET,12,11.0
113450,4,1,99,5,1,60.0,0,N,RURAL_VICTORIA,HIGHWAY,12,14.0
113451,1,5,163,5,1,60.0,0,N,MELB_URBAN,ROAD,11,7.0
113452,5,3,181,5,1,80.0,0,N,RURAL_VICTORIA,ROAD,12,8.0
113453,1,2,134,5,1,60.0,0,N,MELB_URBAN,ROAD,12,13.0
113454,1,2,130,2,1,60.0,0,I,MELB_URBAN,STREET,12,12.0
113455,1,4,130,3,1,100.0,0,I,RURAL_VICTORIA,HIGHWAY,12,9.0
113456,1,2,132,2,3,60.0,0,I,MELB_URBAN,ROAD,8,22.0
113457,1,7,99,1,2,50.0,0,I,MELB_URBAN,OTHER,12,19.0
113458,1,3,130,5,1,60.0,0,N,MELB_URBAN,STREET,12,15.0
113459,1,3,121,2,1,60.0,0,I,MELB_URBAN,ROAD,12,15.0
113460,1,2,99,5,1,60.0,0,N,RURAL_VICTORIA,FREEWAY,12,16.0
113461,1,3,130,5,1,100.0,0,N,RURAL_VICTORIA,ROAD,12,16.0
113462,4,3,171,5,1,100.0,0,N,RURAL_VICTORIA,ROAD,12,14.0
113463,8,3,99,2,1,80.0,0,I,MELB_URBAN,HIGHWAY,11,17.0