,accident_type,day_of_week,dca_code,road_geometry,light_condition,speed_zone,severity,node_type,deg_urban_name,road_type,month,hour
113464,1,3,99,2,1,40.0,0,I,MELB_URBAN,AVENUE,12,18.0
113465,1,1,110,1,1,60.0,0,I,MELB_URBAN,STREET,12,14.0
113466,1,3,120,5,1,80.0,0,N,MELB_URBAN,ROAD,12,17.0
113467,1,3,116,1,1,50.0,0,I,TOWNS,STREET,12,16.0
113468,2,3,100,5,1,50.0,0,N,MELB_URBAN,DRIVE,12,18.0
113469,1,3,99,1,2,60.0,0,I,RURAL_VICTORIA,OTHER,12,19.0
113470,1,2,130,5,1,110.0,0,N,RURAL_VICTORIA,FREEWAY,12,17.0
113471,1,3,121,4,2,40.0,0,I,MELB_URBAN,STREET,12,19.0
113472,1,2,99,1,2,60.0,0,I,MELB_URBAN,PARADE,12,20.0
113473,6,3,99,5,1,80.0,0,N,RURAL_VICTORIA,ROAD,12,14.0
113474,1,2,133,5,1,40.0,0,N,MELB_URBAN,STREET,12,17.0
113475,1,3,147,5,1,50.0,0,N,SMALL_CITIES,STREET,12,18.0
113476,4,3,171,5,1,100.0,0,N,RURAL_VICTORIA,ROAD,12,16.0
113477,1,3,130,1,2,80.0,0,N,MELB_URBAN,ROAD,12,20.0
113478,1,6,113,2,1,60.0,0,I,MELB_URBAN,ROAD,4,15.0
113479,1,3,99,5,5,100.0,0,N,RURAL_VICTORIA,HIGHWAY,12,22.0
113480,4,5,99,2,1,60.0,0,I,MELB_URBAN,DRIVE,12,14.0
113481,4,2,183,2,5,60.0,0,N,RURAL_VICTORIA,ROAD,12,22.0
113482,1,2,99,2,3,50.0,0,I,LARGE_PROVINCIAL_CITIES,STREET,12,23.0
113483,1,4,99,5,1,70.0,0,N,RURAL_VICTORIA,RAMP,12,8.0
113484,4,2,99,2,1,100.0,0,N,RURAL_VICTORIA,STREET,12,16.0
113485,1,3,110,1,1,60.0,0,I,LARGE_PROVINCIAL_CITIES,ROAD,12,6.0
113486,1,6,110,1,1,50.0,0,I,MELB_URBAN,STREET,12,17.0
113487,6,2,170,5,2,60.0,0,N,MELB_URBAN,ROAD,12,19.0
113488,4,5,173,5,6,70.0,0,N,MELB_URBAN,HIGHWAY,12,0.0
113489,1,4,99,1,1,60.0,0,I,MELB_URBAN,STREET,12,9.0
113490,4,4,173,5,2,50.0,0,N,MELB_URBAN,DRIVE,12,6.0
113491,1,4,132,5,1,60.0,0,N,MELB_URBAN,STREET,12,9.0
113492,1,4,99,4,1,80.0,0,N,MELB_URBAN,ROAD,12,9.0
113493,1,5,163,5,1,50.0,0,N,MELB_URBAN,ROAD,12,16.0
113494,2,5,99,5,9,60.0,0,N,MELB_URBAN,DRIVE,6,11.0
113495,4,4,171,5,1,100.0,0,N,RURAL_VICTORIA,ROAD,12,9.0
113496,1,4,130,2,1,60.0,0,I,MELB_URBAN,ROAD,12,12.0
113497,4,4,183,5,1,80.0,0,N,MELB_URBAN,FREEWAY,12,12.0
113498,1,5,130,5,1,60.0,0,N,MELB_URBAN,HIGHWAY,12,8.0
113499,1,5,130,1,2,60.0,0,I,MELB_URBAN,HIGHWAY,9,17.0
113500,1,3,130,5,1,40.0,0,N,MELB_URBAN,STREET,11,17.0
113501,2,4,100,1,1,50.0,0,I,MELB_URBAN,STREET,12,11.0
113502,2,4,99,5,1,40.0,0,N,MELB_URBAN,ROAD,12,10.0
113503,1,1,116,2,1,60.0,0,I,LARGE_PROVINCIAL_CITIES,ROAD,12,19.0
113504,1,3,113,2,1,60.0,0,I,MELB_URBAN,STREET,12,8.0
113505,2,4,100,5,1,40.0,0,N,MELBOURNE_CBD,STREET,12,13.0
113506,1,7,99,5,1,50.0,0,N,TOWNS,PARADE,12,16.0
113507,4,3,173,5,1,60.0,0,N,MELB_URBAN,STREET,12,14.0
113508,1,3,111,2,1,80.0,0,I,MELB_URBAN,ROAD,12,17.0
113509,1,4,140,5,1,50.0,0,N,TOWNS,STREET,12,13.0
113510,3,2,167,5,9,80.0,0,N,MELB_URBAN,ROAD,11,4.0
113511,1,1,147,5,1,60.0,0,N,MELB_URBAN,ROAD,4,8.0
113512,1,2,130,5,1,60.0,0,N,MELB_URBAN,ROAD,7,8.0
113513,1,6,130,5,3,60.0,0,N,MELB_URBAN,ROAD,11,1.0
113514,1,3,130,5,1,50.0,0,N,MELB_URBAN,STREET,12,15.0
113515,1,4,132,2,1,60.0,0,I,MELB_URBAN,STREET,12,18.0
113516,1,4,132,2,1,50.0,0,I,SMALL_CITIES,STREET,12,16.0
113517,1,4,133,5,1,100.0,0,N,MELB_URBAN,FREEWAY,12,11.0
113518,2,4,100,5,3,60.0,0,N,MELB_URBAN,BOULEVARD,12,22.0
113519,1,4,99,2,1,60.0,0,I,MELB_URBAN,ROAD,12,8.0
113520,1,4,99,2,2,50.0,0,I,MELB_URBAN,STREET,12,6.0
113521,1,5,110,1,1,50.0,0,I,SMALL_CITIES,STREET,12,8.0
113522,1,3,130,2,1,70.0,0,I,MELB_URBAN,ROAD,10,17.0
113523,1,2,116,2,1,70.0,0,I,MELB_URBAN,HIGHWAY,12,16.0
113524,1,5,130,2,1,50.0,0,I,MELB_URBAN,STREET,12,11.0
113525,1,4,99,5,1,40.0,0,I,MELBOURNE_CBD,UNKNOWN,12,9.0
113526,1,3,113,2,3,50.0,0,I,LARGE_PROVINCIAL_CITIES,STREET,12,22.0
113527,1,5,160,5,1,50.0,0,N,MELB_URBAN,STREET,12,11.0
113528,2,5,99,2,1,60.0,0,I,TOWNS,STREET,12,10.0
113529,1,5,130,5,1,60.0,0,N,MELB_URBAN,STREET,12,9.0
113530,1,4,163,2,1,60.0,0,N,MELB_URBAN,STREET,12,18.0
113531,1,5,113,1,1,80.0,0,I,MELB_URBAN,HIGHWAY,12,11.0
113532,1,5,130,1,1,60.0,0,I,MELB_URBAN,ROAD,12,10.0
113533,7,2,121,2,1,60.0,0,I,LARGE_PROVINCIAL_CITIES,ROAD,4,9.0
113534,1,5,120,5,1,50.0,1,N,MELB_URBAN,STREET,12,7.0
113535,6,2,99,5,5,80.0,0,N,RURAL_VICTORIA,AVENUE,12,23.0
113536,1,4,121,2,1,60.0,0,I,MELB_URBAN,ROAD,12,12.0
113537,1,4,99,5,1,40.0,0,I,MELBOURNE_CBD,UNKNOWN,12,9.0
113538,1,5,113,1,1,60.0,0,I,MELB_URBAN,ROAD,12,12.0
113539,1,5,121,2,1,40.0,0,I,MELB_URBAN,STREET,12,13.0
113540,1,5,130,2,1,60.0,0,N,MELB_URBAN,ROAD,12,12.0
113541,1,5,160,5,1,60.0,0,N,SMALL_TOWNS,STREET,12,8.0
113542,1,5,160,5,1,60.0,0,N,LARGE_PROVINCIAL_CITIES,ROAD,12,13.0
113543,1,5,130,5,1,60.0,0,N,MELB_URBAN,OTHER,12,11.0
113544,1,3,130,2,1,60.0,0,N,MELB_URBAN,STREET,12,18.0
113545,2,5,100,1,1,60.0,0,N,MELB_URBAN,HIGHWAY,12,7.0
113546,1,5,121,5,1,50.0,0,N,MELB_URBAN,STREET,12,13.0
113547,1,5,130,2,1,60.0,0,N,MELB_URBAN,STREET,12,15.0
113548,6,4,99,5,1,40.0,0,N,RURAL_VICTORIA,ROAD,12,12.0
113549,1,5,130,1,1,60.0,0,I,MELB_URBAN,ROAD,12,14.0
113550,1,4,121,2,3,60.0,0,I,TOWNS,HIGHWAY,8,20.0
113551,1,5,130,2,9,60.0,0,I,RURAL_VICTORIA,ROAD,12,9.0
113552,2,5,100,2,1,40.0,0,N,MELB_URBAN,ROAD,12,16.0
113553,1,5,140,5,1,60.0,0,N,LARGE_PROVINCIAL_CITIES,ROAD,12,15.0
113554,1,5,130,5,1,100.0,0,N,MELB_URBAN,FREEWAY,12,15.0
113555,1,5,113,2,1,70.0,0,I,MELB_URBAN,ROAD,12,16.0
113556,1,5,130,5,1,100.0,0,N,MELB_URBAN,FREEWAY,12,17.0
113557,1,5,133,1,1,60.0,0,I,SMALL_CITIES,ROAD,12,16.0
113558,1,5,130,5,1,60.0,0,N,RURAL_VICTORIA,ROAD,12,16.0
113559,1,5,130,1,1,60.0,0,N,SMALL_CITIES,STREET,12,13.0
113560,1,5,130,5,1,80.0,1,N,SMALL_CITIES,ROAD,12,6.0
113561,4,4,99,5,3,60.0,0,N,MELB_URBAN,ROAD,12,5.0
113562,4,5,99,5,1,50.0,0,N,MELB_URBAN,DRIVE,12,18.0
113563,4,5,173,5,1,100.0,1,N,RURAL_VICTORIA,ROAD,12,17.0
113564,1,4,130,5,1,60.0,0,N,MELB_URBAN,STREET,12,14.0
113565,1,5,160,5,2,40.0,0,N,MELB_URBAN,STREET,12,20.0
113566,1,5,110,1,1,50.0,0,I,MELB_URBAN,OTHER,12,19.0
113567,1,5,113,1,1,60.0,0,I,MELB_URBAN,RAMP,12,16.0
113568,1,5,120,5,1,50.0,0,N,MELB_URBAN,AVENUE,12,16.0
113569,2,5,99,5,1,60.0,0,N,MELB_URBAN,ROAD,12,16.0
113570,1,5,130,5,9,60.0,0,N,MELB_URBAN,STREET,12,10.0
113571,1,4,130,5,3,60.0,0,N,LARGE_PROVINCIAL_CITIES,ROAD,12,22.0
113572,4,6,183,5,5,60.0,0,N,MELB_URBAN,ROAD,12,1.0
113573,1,5,111,2,1,80.0,0,I,LARGE_PROVINCIAL_CITIES,ROAD,12,11.0
113574,1,1,130,2,1,80.0,0,N,MELB_URBAN,OTHER,12,18.0
113575,1,4,121,2,1,60.0,0,I,MELB_URBAN,ROAD,12,17.0
113576,1,4,111,2,1,80.0,0,I,MELB_URBAN,ROAD,11,15.0
113577,1,6,116,2,1,50.0,0,I,MELB_URBAN,ROAD,12,7.0
113578,8,5,99,5,1,100.0,0,N,RURAL_VICTORIA,ROAD,11,18.0
113579,3,5,167,5,2,100.0,0,N,RURAL_VICTORIA,ROAD,12,6.0
113580,3,6,167,5,5,100.0,0,N,RURAL_VICTORIA,HIGHWAY,12,5.0
113581,6,6,170,5,1,100.0,0,N,MELB_URBAN,ROAD,12,6.0
113582,1,4,99,1,9,80.0,0,N,MELB_URBAN,ROAD,7,10.0
113583,1,3,99,1,1,60.0,0,I,MELB_URBAN,ROAD,12,16.0
113584,1,6,133,5,1,100.0,0,N,RURAL_VICTORIA,FREEWAY,12,11.0
113585,7,6,99,5,1,70.0,0,N,RURAL_VICTORIA,ROAD,12,6.0
113586,1,5,110,1,1,50.0,0,I,LARGE_PROVINCIAL_CITIES,STREET,12,9.0
113587,1,4,130,5,1,40.0,0,N,MELB_URBAN,STREET,12,18.0
113588,1,5,140,5,1,80.0,0,N,MELB_URBAN,ROAD,12,11.0
113589,1,3,121,1,1,60.0,0,I,MELB_URBAN,ROAD,4,16.0
113590,2,6,99,2,6,60.0,1,N,MELB_URBAN,ROAD,12,4.0
113591,1,6,120,5,1,70.0,0,N,MELB_URBAN,STREET,12,12.0
113592,1,6,110,1,1,50.0,0,I,LARGE_PROVINCIAL_CITIES,STREET,12,13.0
113593,1,5,120,2,1,60.0,0,I,MELB_URBAN,ROAD,12,13.0
113594,8,5,99,1,1,50.0,0,I,MELB_URBAN,ROAD,12,14.0
113595,1,6,121,1,1,60.0,0,I,MELB_URBAN,ROAD,12,14.0
113596,1,6,140,5,1,60.0,0,N,MELB_URBAN,STREET,12,14.0
113597,1,4,130,2,1,60.0,0,I,MELB_URBAN,ROAD,12,13.0
113598,1,6,99,9,1,40.0,0,I,MELB_URBAN,ROAD,12,14.0
113599,1,2,130,5,9,60.0,0,N,MELB_URBAN,ROAD,12,6.0
113600,6,1,184,5,1,100.0,0,N,RURAL_VICTORIA,ROAD,11,14.0
113601,1,5,130,1,1,40.0,0,I,MELBOURNE_CBD,STREET,12,15.0
113602,1,5,113,2,1,80.0,0,I,RURAL_VICTORIA,DRIVE,12,16.0
113603,4,6,171,5,1,80.0,0,N,RURAL_VICTORIA,ROAD,12,16.0
113604,1,5,163,5,1,50.0,0,N,MELB_URBAN,ROAD,12,17.0
113605,6,2,174,2,1,60.0,0,I,MELB_URBAN,ROAD,12,9.0
113606,1,6,160,5,1,50.0,0,N,MELB_URBAN,STREET,12,19.0
113607,4,5,99,2,1,80.0,0,I,RURAL_VICTORIA,ROAD,12,16.0
113608,1,0,163,5,1,50.0,0,N,MELB_URBAN,OTHER,12,12.0
113609,1,6,121,1,1,80.0,0,I,MELB_URBAN,HIGHWAY,12,16.0
113610,1,5,99,5,1,100.0,0,N,RURAL_VICTORIA,HIGHWAY,12,16.0
113611,1,6,140,2,1,60.0,0,I,TOWNS,STREET,12,20.0
113612,4,6,99,5,2,60.0,0,N,MELB_URBAN,AVENUE,12,19.0
113613,4,5,181,4,1,80.0,0,I,RURAL_VICTORIA,ROAD,12,14.0
113614,1,5,120,5,1,60.0,0,N,MELB_URBAN,STREET,12,18.0
113615,1,6,130,5,5,100.0,0,N,RURAL_VICTORIA,ROAD,12,21.0
113616,4,6,173,5,1,50.0,0,N,MELB_URBAN,DRIVE,12,17.0
113617,6,5,170,5,5,100.0,0,N,RURAL_VICTORIA,FREEWAY,12,21.0
113618,2,6,100,5,3,70.0,0,N,MELB_URBAN,ROAD,12,23.0
113619,1,6,130,5,1,80.0,0,N,MELB_URBAN,ROAD,12,19.0
113620,4,6,181,1,1,50.0,0,I,RURAL_VICTORIA,ROAD,12,18.0
113621,4,6,171,5,5,100.0,0,N,RURAL_VICTORIA,ROAD,12,23.0
113622,8,7,174,5,5,60.0,0,N,RURAL_VICTORIA,ROAD,12,2.0
113623,4,6,171,2,3,50.0,0,N,LARGE_PROVINCIAL_CITIES,AVENUE,12,23.0
113624,1,7,130,5,1,40.0,0,N,MELB_URBAN,STREET,12,14.0
113625,1,6,113,1,2,50.0,0,I,MELB_URBAN,OTHER,12,19.0
113626,2,5,99,5,1,40.0,0,N,MELB_URBAN,STREET,12,16.0
113627,1,3,163,5,1,60.0,0,N,MELB_URBAN,STREET,12,18.0
113628,4,4,181,5,1,110.0,0,N,RURAL_VICTORIA,FREEWAY,11,18.0
113629,1,3,130,2,2,50.0,0,I,LARGE_PROVINCIAL_CITIES,STREET,12,20.0
113630,4,7,173,5,1,100.0,0,N,RURAL_VICTORIA,HIGHWAY,12,7.0
113631,1,7,121,2,1,60.0,0,I,MELB_URBAN,STREET,12,11.0
113632,1,7,99,5,1,60.0,0,N,LARGE_PROVINCIAL_CITIES,ROAD,12,11.0
113633,8,7,99,1,1,50.0,0,I,MELB_URBAN,STREET,12,9.0
113634,1,7,160,5,1,50.0,0,N,MELB_URBAN,STREET,12,13.0
113635,1,7,113,2,1,70.0,0,I,MELB_URBAN,ROAD,12,13.0
113636,2,7,102,1,1,60.0,1,I,MELB_URBAN,ROAD,12,9.0
113637,1,7,99,2,1,60.0,0,I,MELB_URBAN,ROAD,12,12.0
113638,1,7,99,1,1,40.0,0,I,MELBOURNE_CBD,STREET,12,13.0
113639,1,6,147,5,1,50.0,0,N,MELB_URBAN,STREET,12,11.0
113640,1,7,99,2,1,50.0,0,I,MELB_URBAN,ROAD,12,13.0
113641,1,7,113,1,1,80.0,0,I,MELB_URBAN,ROAD,12,7.0
113642,4,7,183,2,1,60.0,0,N,MELB_URBAN,STREET,12,15.0
113643,4,7,171,5,1,60.0,0,N,MELB_URBAN,ROAD,12,13.0
113644,1,2,130,5,1,60.0,0,N,MELB_URBAN,ROAD,11,16.0
113645,1,6,99,2,1,60.0,0,N,MELB_URBAN,ROAD,12,12.0
113646,1,7,132,2,1,60.0,0,I,MELB_URBAN,ROAD,12,13.0
113647,4,7,99,2,1,100.0,0,I,RURAL_VICTORIA,ROAD,12,11.0
113648,1,5,99,2,1,60.0,0,I,MELB_URBAN,ROAD,3,14.0
113649,1,7,110,1,1,50.0,0,I,TOWNS,STREET,12,12.0
113650,1,6,113,1,1,70.0,0,I,LARGE_PROVINCIAL_CITIES,ROAD,12,18.0
113651,1,5,130,5,9,60.0,0,N,MELBOURNE_CBD,STREET,12,23.0
113652,6,7,99,5,1,100.0,0,N,RURAL_VICTORIA,ROAD,12,16.0
113653,1,7,130,5,1,80.0,0,N,RURAL_VICTORIA,ROAD,12,15.0
113654,1,4,147,5,1,50.0,0,N,MELB_URBAN,AVENUE,12,10.0
113655,1,6,160,5,1,50.0,0,N,MELB_URBAN,AVENUE,12,18.0
113656,1,7,99,5,1,100.0,0,N,MELB_URBAN,FREEWAY,12,17.0
113657,1,7,130,5,1,60.0,0,N,MELB_URBAN,ROAD,12,20.0
113658,1,7,99,5,1,80.0,0,N,MELB_URBAN,ROAD,12,19.0
113659,1,5,130,2,9,60.0,0,N,MELB_URBAN,PARADE,12,18.0
113660,4,6,171,5,3,60.0,0,N,MELB_URBAN,OTHER,12,4.0
113661,4,7,173,5,5,80.0,0,N,SMALL_CITIES,ROAD,12,21.0
113662,1,7,173,5,5,80.0,0,N,RURAL_VICTORIA,ROAD,12,21.0
113663,1,6,111,2,3,60.0,0,N,MELB_URBAN,DRIVE,12,22.0
113664,6,1,99,5,5,80.0,0,N,RURAL_VICTORIA,ROAD,12,0.0
113665,4,0,171,1,3,80.0,0,I,MELB_URBAN,HIGHWAY,12,2.0
113666,2,7,100,4,1,50.0,0,N,MELB_URBAN,AVENUE,12,11.0
113667,1,1,121,1,1,50.0,0,I,LARGE_PROVINCIAL_CITIES,UNKNOWN,12,8.0
113668,2,1,100,1,1,60.0,0,I,MELB_URBAN,STREET,12,10.0
113669,1,3,130,1,1,60.0,0,I,MELB_URBAN,AVENUE,11,17.0
113670,1,1,130,5,1,100.0,0,N,MELB_URBAN,DRIVE,12,8.0
113671,6,1,99,5,1,100.0,0,N,RURAL_VICTORIA,ROAD,12,8.0
113672,1,1,130,5,1,70.0,0,N,MELB_URBAN,ROAD,12,11.0
113673,1,1,121,2,1,80.0,0,I,MELB_URBAN,DRIVE,12,12.0
113674,1,7,140,5,5,80.0,0,N,RURAL_VICTORIA,ROAD,12,21.0
113675,4,1,171,5,1,100.0,0,N,RURAL_VICTORIA,HIGHWAY,12,9.0
113676,1,4,160,5,3,50.0,0,N,MELB_URBAN,STREET,10,21.0
113677,2,1,100,2,1,40.0,0,N,MELB_URBAN,STREET,12,11.0
113678,1,3,130,1,9,60.0,0,I,RURAL_VICTORIA,ROAD,9,17.0
113679,1,0,110,1,1,40.0,0,I,MELB_URBAN,STREET,12,19.0
113680,1,1,120,5,1,80.0,0,N,RURAL_VICTORIA,ROAD,12,16.0
113681,1,3,140,1,1,60.0,0,N,MELB_URBAN,ROAD,12,15.0
113682,4,1,99,2,1,50.0,0,N,MELB_URBAN,ROAD,12,12.0
113683,1,2,120,5,3,60.0,0,N,MELB_URBAN,ROAD,12,0.0
113684,1,3,99,2,1,60.0,0,I,MELB_URBAN,ROAD,12,12.0
113685,1,7,110,1,3,60.0,0,N,MELB_URBAN,ROAD,12,3.0
113686,1,2,140,5,1,80.0,0,N,MELB_URBAN,ROAD,12,5.0
113687,7,7,184,5,1,80.0,0,N,RURAL_VICTORIA,ROAD,12,12.0
113688,1,2,99,5,1,80.0,0,I,MELB_URBAN,OTHER,12,7.0
113689,1,5,130,2,1,50.0,0,I,MELB_URBAN,ROAD,12,9.0
113690,4,5,171,5,9,80.0,0,N,RURAL_VICTORIA,ROAD,11,21.0
113691,8,1,99,5,1,60.0,0,N,RURAL_VICTORIA,ROAD,12,14.0
113692,1,3,121,2,3,70.0,0,I,MELB_URBAN,ROAD,11,22.0
113693,1,3,111,2,1,60.0,0,N,MELB_URBAN,ROAD,12,16.0
113694,1,1,99,1,3,50.0,0,I,MELB_URBAN,STREET,12,2.0
113695,6,1,184,5,1,80.0,0,N,RURAL_VICTORIA,OTHER,12,15.0
113696,5,2,173,5,1,100.0,0,N,RURAL_VICTORIA,HIGHWAY,12,12.0
113697,1,3,160,5,1,60.0,0,N,MELB_URBAN,STREET,12,16.0
113698,1,4,160,5,1,60.0,0,N,MELB_URBAN,PARADE,12,18.0
113699,4,2,183,5,1,70.0,0,N,TOWNS,HIGHWAY,12,11.0
113700,8,2,184,5,1,60.0,0,N,RURAL_VICTORIA,ROAD,12,11.0
113701,1,2,113,2,1,80.0,0,I,MELB_URBAN,ROAD,12,12.0
113702,1,1,111,2,1,80.0,0,I,MELB_URBAN,ROAD,12,8.0
113703,1,2,134,5,1,60.0,0,N,MELB_URBAN,ROAD,12,10.0
113704,1,6,163,5,9,60.0,0,N,MELB_URBAN,ROAD,12,18.0
113705,1,2,113,2,1,50.0,0,I,MELB_URBAN,OTHER,12,11.0
113706,1,1,160,5,3,50.0,0,N,MELB_URBAN,ROAD,12,22.0
113707,1,2,121,1,1,80.0,0,I,MELB_URBAN,ROAD,12,13.0
113708,1,2,99,2,1,40.0,0,I,MELB_URBAN,STREET,12,15.0
113709,1,2,113,1,1,60.0,0,I,MELB_URBAN,STREET,12,11.0
113710,1,0,135,5,2,80.0,0,N,MELB_URBAN,FREEWAY,12,20.0
113711,1,1,99,5,1,60.0,0,O,MELB_URBAN,UNKNOWN,12,15.0
113712,1,2,111,2,1,60.0,0,I,MELB_URBAN,ROAD,12,16.0
113713,1,4,113,1,1,60.0,0,I,LARGE_PROVINCIAL_CITIES,STREET,12,14.0
113714,1,2,110,1,1,60.0,0,I,TOWNS,ROAD,12,18.0
113715,1,7,130,1,1,60.0,0,N,MELB_URBAN,PARADE,12,19.0
113716,1,1,121,1,1,80.0,0,N,MELB_URBAN,STREET,12,19.0
113717,1,2,135,5,1,80.0,0,N,MELB_URBAN,ROAD,12,13.0
113718,1,1,147,5,1,60.0,0,N,SMALL_CITIES,STREET,12,19.0
113719,1,1,130,1,1,60.0,0,I,MELB_URBAN,HIGHWAY,12,8.0
113720,1,6,120,5,1,50.0,1,N,MELB_URBAN,ROAD,12,9.0
113721,1,2,120,5,1,60.0,0,N,LARGE_PROVINCIAL_CITIES,ROAD,12,18.0
113722,1,1,99,1,1,60.0,0,N,MELB_URBAN,ROAD,12,14.0
113723,6,2,170,5,5,100.0,0,N,RURAL_VICTORIA,ROAD,12,22.0
113724,4,2,171,5,5,60.0,0,N,RURAL_VICTORIA,ROAD,12,23.0
113725,1,3,130,2,3,50.0,0,I,MELB_URBAN,STREET,12,1.0
113726,1,2,130,5,3,60.0,0,N,MELB_URBAN,STREET,12,22.0
113727,6,2,99,5,1,100.0,0,N,RURAL_VICTORIA,ROAD,12,14.0
113728,1,3,99,1,1,60.0,0,I,RURAL_VICTORIA,HIGHWAY,12,8.0
113729,1,1,130,5,1,100.0,0,N,RURAL_VICTORIA,HIGHWAY,11,16.0
113730,3,6,167,5,5,100.0,0,N,RURAL_VICTORIA,ROAD,12,5.0
113731,1,5,163,1,2,50.0,0,N,MELB_URBAN,STREET,12,21.0
113732,1,6,147,2,1,60.0,0,N,MELB_URBAN,STREET,12,15.0
113733,1,3,99,1,1,100.0,0,I,RURAL_VICTORIA,ROAD,12,8.0
113734,1,5,130,5,1,80.0,0,I,MELB_URBAN,HIGHWAY,12,17.0
113735,1,4,99,5,1,80.0,0,N,MELB_URBAN,FREEWAY,12,14.0
113736,4,2,171,5,1,50.0,0,N,TOWNS,ROAD,12,10.0
113737,1,3,121,1,2,80.0,0,I,MELB_URBAN,UNKNOWN,12,6.0
113738,5,1,181,5,5,100.0,0,N,RURAL_VICTORIA,ROAD,12,22.0
113739,1,3,130,1,1,80.0,0,I,MELB_URBAN,HIGHWAY,12,11.0
113740,1,3,116,1,1,60.0,0,I,SMALL_TOWNS,ROAD,12,10.0
113741,1,1,140,5,1,50.0,0,N,LARGE_PROVINCIAL_CITIES,STREET,12,16.0
113742,6,2,174,5,1,100.0,0,N,MELB_URBAN,STREET,12,12.0
113743,4,2,99,2,1,60.0,0,N,MELB_URBAN,ROAD,12,13.0
113744,1,6,133,5,1,60.0,0,N,MELB_URBAN,ROAD,12,11.0
113745,1,3,113,1,9,50.0,0,I,SMALL_CITIES,AVENUE,12,11.0
113746,6,7,170,5,1,100.0,0,N,RURAL_VICTORIA,AVENUE,11,15.0
113747,4,3,171,5,1,50.0,0,N,MELB_URBAN,PARADE,12,9.0
113748,1,2,130,2,1,60.0,0,I,MELB_URBAN,BOULEVARD,12,8.0
113749,1,3,134,5,1,70.0,0,N,MELB_URBAN,RAMP,12,7.0
113750,5,3,99,5,1,60.0,0,N,RURAL_VICTORIA,ROAD,12,10.0
113751,1,2,130,2,1,60.0,0,I,MELB_URBAN,ROAD,12,9.0
113752,1,2,99,1,1,60.0,0,N,MELB_URBAN,ROAD,12,15.0
113753,4,2,173,5,2,100.0,0,N,RURAL_VICTORIA,ROAD,12,21.0
113754,1,3,113,1,1,60.0,0,I,MELB_URBAN,ROAD,12,16.0
113755,1,2,110,1,1,50.0,0,I,MELB_URBAN,AVENUE,12,15.0
113756,1,2,130,5,1,80.0,0,N,MELB_URBAN,HIGHWAY,12,15.0
113757,1,2,99,1,1,50.0,0,I,SMALL_CITIES,STREET,12,15.0
113758,1,2,130,2,1,60.0,0,I,LARGE_PROVINCIAL_CITIES,STREET,12,17.0
113759,1,2,130,1,1,60.0,0,I,TOWNS,HIGHWAY,12,15.0
113760,1,3,116,2,1,60.0,0,N,MELB_URBAN,DRIVE,12,15.0
113761,4,3,181,1,1,60.0,0,I,MELB_URBAN,ROAD,12,14.0
113762,1,2,130,2,1,60.0,0,N,MELB_URBAN,ROAD,12,16.0
113763,1,3,110,1,1,50.0,0,I,MELB_URBAN,STREET,12,18.0
113764,4,3,181,5,1,100.0,0,N,MELB_URBAN,RAMP,12,18.0
113765,1,3,132,1,1,60.0,0,I,MELB_URBAN,ROAD,12,19.0
113766,1,2,110,1,2,80.0,0,I,RURAL_VICTORIA,DRIVE,12,20.0
113767,1,3,113,2,1,70.0,0,I,MELB_URBAN,ROAD,12,19.0
113768,1,3,130,5,1,100.0,0,N,RURAL_VICTORIA,HIGHWAY,12,20.0
113769,3,3,167,5,5,100.0,0,N,RURAL_VICTORIA,HIGHWAY,12,21.0
113770,1,3,99,5,3,60.0,0,N,MELB_URBAN,STREET,12,22.0
113771,1,3,99,2,3,60.0,0,I,MELB_URBAN,ROAD,12,22.0
113772,4,4,173,5,3,80.0,0,N,MELB_URBAN,HIGHWAY,12,0.0
113773,1,3,160,5,3,50.0,0,N,SMALL_CITIES,DRIVE,12,21.0
113774,1,3,120,5,6,60.0,0,N,MELB_URBAN,ROAD,12,23.0
113775,1,2,110,1,1,50.0,0,I,MELB_URBAN,STREET,12,17.0
113776,4,4,183,5,5,100.0,0,N,RURAL_VICTORIA,ROAD,12,2.0
113777,2,4,99,5,1,50.0,0,N,MELB_URBAN,STREET,12,7.0
113778,8,4,170,5,1,100.0,0,N,RURAL_VICTORIA,ROAD,12,10.0
113779,2,4,99,5,1,60.0,0,N,MELB_URBAN,ROAD,12,11.0
113780,1,4,135,5,1,80.0,0,N,MELB_URBAN,RAMP,12,13.0
113781,2,3,99,5,1,60.0,0,N,LARGE_PROVINCIAL_CITIES,ROAD,12,11.0
113782,4,4,173,5,1,100.0,0,N,RURAL_VICTORIA,ROAD,12,13.0
113783,1,6,99,1,1,50.0,0,I,MELB_URBAN,STREET,12,17.0