,accident_type,day_of_week,dca_code,road_geometry,light_condition,speed_zone,severity,node_type,deg_urban_name,road_type,month,hour
113784,1,3,110,1,1,60.0,0,I,MELB_URBAN,ROAD,12,14.0
113785,6,3,174,1,1,60.0,0,I,MELB_URBAN,ROAD,12,15.0
113786,1,4,113,1,1,80.0,0,I,MELB_URBAN,RAMP,12,14.0
113787,1,4,121,4,1,80.0,0,N,MELB_URBAN,HIGHWAY,12,15.0
113788,1,2,121,1,1,60.0,0,I,MELB_URBAN,STREET,12,13.0
113789,1,4,110,1,1,60.0,0,I,MELB_URBAN,STREET,12,16.0
113790,1,4,110,1,1,60.0,0,I,MELB_URBAN,ROAD,12,18.0
113791,4,4,173,5,1,80.0,0,N,RURAL_VICTORIA,ROAD,12,17.0
113792,1,3,110,1,2,60.0,0,I,MELB_URBAN,STREET,12,20.0
113793,1,4,120,5,1,60.0,0,N,MELB_URBAN,DRIVE,12,19.0
113794,2,4,102,5,2,40.0,0,N,MELB_URBAN,STREET,12,5.0
113795,4,4,171,5,5,100.0,0,N,RURAL_VICTORIA,ROAD,12,0.0
113796,1,4,160,5,3,60.0,0,N,MELB_URBAN,ROAD,12,23.0
113797,1,3,171,5,1,100.0,0,N,RURAL_VICTORIA,ROAD,12,17.0
113798,1,5,113,2,1,60.0,0,I,MELB_URBAN,STREET,12,12.0
113799,1,4,130,5,1,60.0,0,N,LARGE_PROVINCIAL_CITIES,STREET,12,9.0
113800,4,4,173,5,1,80.0,0,N,RURAL_VICTORIA,ROAD,12,19.0
113801,5,3,99,2,9,60.0,0,I,MELB_URBAN,STREET,9,23.0
113802,1,5,110,1,1,50.0,0,I,SMALL_CITIES,STREET,12,11.0
113803,4,5,171,5,1,80.0,0,N,RURAL_VICTORIA,ROAD,12,6.0
113804,4,5,181,5,1,100.0,0,N,RURAL_VICTORIA,ROAD,12,10.0
113805,1,5,120,5,1,50.0,0,N,MELB_URBAN,ROAD,12,11.0
113806,1,5,130,5,1,50.0,0,N,MELB_URBAN,AVENUE,12,14.0
113807,4,3,181,5,1,100.0,0,N,RURAL_VICTORIA,ROAD,12,20.0
113808,1,5,99,5,1,80.0,0,N,MELB_URBAN,ROAD,12,12.0
113809,6,5,99,5,1,100.0,0,N,RURAL_VICTORIA,ROAD,12,14.0
113810,4,5,183,5,1,100.0,0,N,RURAL_VICTORIA,ROAD,12,14.0
113811,1,5,130,5,1,60.0,0,N,SMALL_TOWNS,ROAD,12,17.0
113812,4,5,181,5,1,60.0,0,N,RURAL_VICTORIA,ROAD,12,16.0
113813,1,5,121,2,1,60.0,0,I,MELB_URBAN,ROAD,12,16.0
113814,2,5,100,2,1,40.0,0,N,MELB_URBAN,STREET,12,16.0
113815,1,5,130,2,1,80.0,0,N,RURAL_VICTORIA,ROAD,12,16.0
113816,1,5,99,4,1,80.0,0,N,MELB_URBAN,RAMP,12,18.0
113817,1,4,130,1,1,60.0,0,I,MELB_URBAN,ROAD,12,19.0
113818,1,5,113,2,3,80.0,0,I,MELB_URBAN,HIGHWAY,12,19.0
113819,4,5,173,1,1,60.0,0,I,MELB_URBAN,ROAD,12,20.0
113820,1,5,135,5,2,100.0,0,N,MELB_URBAN,ROAD,12,6.0
113821,1,3,130,5,1,60.0,0,N,MELBOURNE_CBD,STREET,12,10.0
113822,4,2,171,2,1,70.0,0,I,TOWNS,HIGHWAY,12,10.0
113823,1,5,113,2,1,80.0,0,I,MELB_URBAN,ROAD,12,6.0
113824,1,6,99,2,1,60.0,0,I,MELB_URBAN,ROAD,12,9.0
113825,8,4,99,2,1,30.0,0,N,RURAL_VICTORIA,STREET,12,10.0
113826,1,4,99,5,1,100.0,0,N,MELB_URBAN,FREEWAY,12,17.0
113827,1,6,121,1,1,60.0,0,I,MELB_URBAN,ROAD,12,11.0
113828,1,6,130,1,1,60.0,0,I,MELB_URBAN,ROAD,12,10.0
113829,1,5,121,2,1,60.0,0,I,MELB_URBAN,ROAD,12,12.0
113830,1,3,110,1,1,60.0,0,I,LARGE_PROVINCIAL_CITIES,STREET,12,7.0
113831,6,6,174,5,1,60.0,0,N,RURAL_VICTORIA,OTHER,11,15.0
113832,4,6,181,5,1,60.0,0,N,LARGE_PROVINCIAL_CITIES,ROAD,12,12.0
113833,1,5,130,5,1,100.0,0,N,MELB_URBAN,UNKNOWN,12,11.0
113834,1,6,130,5,1,100.0,0,N,MELB_URBAN,FREEWAY,12,11.0
113835,8,7,184,5,1,100.0,0,N,RURAL_VICTORIA,ROAD,12,15.0
113836,1,6,99,3,1,100.0,0,I,MELB_URBAN,RAMP,12,13.0
113837,1,6,113,1,1,60.0,0,I,MELB_URBAN,STREET,12,12.0
113838,1,6,130,5,1,60.0,0,N,MELB_URBAN,ROAD,12,11.0
113839,1,6,111,1,1,40.0,0,I,RURAL_VICTORIA,ROAD,12,13.0
113840,1,6,140,5,1,60.0,0,N,MELB_URBAN,ROAD,12,11.0
113841,1,6,110,1,1,70.0,0,I,LARGE_PROVINCIAL_CITIES,HIGHWAY,12,13.0
113842,4,6,173,1,1,80.0,0,I,MELB_URBAN,ROAD,12,11.0
113843,1,2,130,5,1,60.0,0,N,MELB_URBAN,ROAD,11,13.0
113844,8,5,99,5,1,60.0,0,N,RURAL_VICTORIA,ROAD,12,16.0
113845,1,6,113,2,1,60.0,0,I,MELB_URBAN,ROAD,12,15.0
113846,1,3,120,5,1,40.0,0,N,RURAL_VICTORIA,OTHER,12,13.0
113847,4,6,181,5,1,100.0,0,N,RURAL_VICTORIA,ROAD,12,17.0
113848,1,5,121,5,1,80.0,0,N,MELB_URBAN,ROAD,12,18.0
113849,4,6,173,5,1,80.0,0,N,RURAL_VICTORIA,RAMP,12,18.0
113850,1,2,135,5,1,100.0,0,N,RURAL_VICTORIA,FREEWAY,12,10.0
113851,8,5,174,5,3,50.0,0,N,MELB_URBAN,STREET,12,18.0
113852,1,1,130,1,1,60.0,0,N,MELB_URBAN,ROAD,12,12.0
113853,1,6,121,1,1,60.0,0,I,MELB_URBAN,STREET,12,20.0
113854,1,6,171,5,5,60.0,0,N,LARGE_PROVINCIAL_CITIES,STREET,12,21.0
113855,1,6,130,5,3,110.0,0,N,SMALL_CITIES,FREEWAY,12,23.0
113856,4,7,183,5,5,60.0,0,I,MELB_URBAN,DRIVE,12,1.0
113857,1,7,121,1,3,60.0,0,I,MELB_URBAN,STREET,12,0.0
113858,1,5,116,2,1,50.0,0,I,MELB_URBAN,STREET,12,6.0
113859,4,7,99,5,2,60.0,0,N,MELB_URBAN,ROAD,12,6.0
113860,1,6,121,1,1,60.0,0,I,MELB_URBAN,ROAD,12,13.0
113861,1,5,120,5,1,100.0,0,N,RURAL_VICTORIA,ROAD,12,10.0
113862,1,7,99,5,1,60.0,0,N,MELB_URBAN,DRIVE,12,13.0
113863,1,7,111,2,1,60.0,0,I,LARGE_PROVINCIAL_CITIES,ROAD,12,8.0
113864,1,7,130,1,1,40.0,0,N,LARGE_PROVINCIAL_CITIES,STREET,12,9.0
113865,1,6,163,5,1,40.0,0,N,MELB_URBAN,STREET,12,12.0
113866,1,7,130,1,1,70.0,0,I,SMALL_CITIES,HIGHWAY,12,15.0
113867,1,7,130,5,1,60.0,0,N,MELB_URBAN,ROAD,12,14.0
113868,4,6,99,5,1,50.0,0,N,MELB_URBAN,OTHER,12,17.0
113869,4,7,99,2,1,50.0,0,I,MELB_URBAN,ROAD,12,18.0
113870,1,6,120,5,1,100.0,0,N,RURAL_VICTORIA,ROAD,12,17.0
113871,1,6,121,4,3,60.0,0,I,MELB_URBAN,RAMP,12,21.0
113872,2,6,99,5,3,40.0,0,N,MELBOURNE_CBD,STREET,12,23.0
113873,4,7,181,3,1,60.0,0,I,MELB_URBAN,STREET,12,6.0
113874,1,7,99,5,4,80.0,1,N,LARGE_PROVINCIAL_CITIES,ROAD,12,22.0
113875,1,1,116,1,1,50.0,0,I,MELB_URBAN,ROAD,12,7.0
113876,4,0,171,5,1,110.0,0,N,RURAL_VICTORIA,FREEWAY,12,8.0
113877,1,1,130,5,1,100.0,0,N,MELB_URBAN,FREEWAY,12,8.0
113878,1,1,99,5,1,80.0,0,N,RURAL_VICTORIA,ROAD,12,10.0
113879,4,1,99,2,1,50.0,0,I,TOWNS,STREET,12,11.0
113880,1,1,99,5,1,60.0,0,N,MELB_URBAN,DRIVE,12,10.0
113881,1,4,121,2,1,40.0,0,I,MELB_URBAN,ROAD,12,17.0
113882,1,0,130,1,1,80.0,0,I,RURAL_VICTORIA,ROAD,12,13.0
113883,1,1,110,1,1,80.0,1,I,RURAL_VICTORIA,ROAD,12,12.0
113884,1,7,99,5,3,50.0,0,N,TOWNS,STREET,12,22.0
113885,1,4,130,4,1,60.0,0,I,MELB_URBAN,ROAD,12,11.0
113886,6,1,99,5,1,80.0,0,N,RURAL_VICTORIA,ROAD,12,16.0
113887,6,1,170,5,1,70.0,0,N,MELB_URBAN,ROAD,12,16.0
113888,1,1,110,1,1,40.0,0,I,MELB_URBAN,STREET,12,19.0
113889,1,1,113,2,1,60.0,0,I,MELB_URBAN,HIGHWAY,12,19.0
113890,4,1,173,5,5,110.0,0,N,RURAL_VICTORIA,FREEWAY,12,21.0
113891,1,3,113,2,1,60.0,0,I,MELB_URBAN,ROAD,11,15.0
113892,4,1,181,1,3,100.0,0,I,RURAL_VICTORIA,ROAD,12,23.0
113893,1,2,160,5,3,50.0,0,N,MELB_URBAN,PARADE,12,2.0
113894,1,1,99,2,3,60.0,0,I,MELB_URBAN,ROAD,12,2.0
113895,4,1,183,5,2,80.0,0,N,TOWNS,HIGHWAY,12,6.0
113896,1,2,130,2,1,60.0,0,N,MELB_URBAN,ROAD,12,7.0
113897,1,0,113,1,1,50.0,0,I,MELB_URBAN,STREET,12,17.0
113898,8,1,174,2,9,60.0,0,I,SMALL_CITIES,ROAD,11,15.0
113899,2,6,99,5,1,60.0,0,N,TOWNS,AVENUE,12,18.0
113900,1,4,160,5,1,40.0,0,N,MELB_URBAN,STREET,12,16.0
113901,6,1,174,5,1,40.0,0,N,LARGE_PROVINCIAL_CITIES,ROAD,12,17.0
113902,1,2,130,1,9,60.0,0,I,MELB_URBAN,STREET,12,18.0
113903,1,2,110,1,1,50.0,0,I,MELB_URBAN,AVENUE,12,16.0
113904,8,1,99,5,1,100.0,0,N,RURAL_VICTORIA,ROAD,12,16.0
113905,1,2,130,5,1,60.0,0,N,MELB_URBAN,ROAD,12,12.0
113906,1,3,130,5,9,60.0,0,N,MELB_URBAN,ROAD,10,7.0
113907,6,1,99,5,5,100.0,0,N,RURAL_VICTORIA,HIGHWAY,12,20.0
113908,4,6,183,5,9,80.0,0,N,RURAL_VICTORIA,ROAD,12,9.0
113909,1,2,99,2,1,50.0,0,I,MELB_URBAN,STREET,12,13.0
113910,4,2,181,5,1,110.0,0,N,RURAL_VICTORIA,HIGHWAY,12,13.0
113911,1,7,130,5,1,60.0,0,N,MELB_URBAN,OTHER,10,18.0
113912,1,5,99,5,9,70.0,0,N,MELB_URBAN,ROAD,12,18.0
113913,1,2,160,5,1,60.0,0,N,LARGE_PROVINCIAL_CITIES,STREET,12,11.0
113914,8,7,99,5,1,100.0,0,N,RURAL_VICTORIA,ROAD,12,14.0
113915,1,6,121,2,1,60.0,0,N,MELB_URBAN,ROAD,12,14.0
113916,1,7,130,1,3,70.0,0,N,LARGE_PROVINCIAL_CITIES,ROAD,12,22.0
113917,1,7,99,5,3,60.0,0,N,LARGE_PROVINCIAL_CITIES,ROAD,10,20.0
113918,4,7,181,5,2,60.0,0,N,MELB_URBAN,DRIVE,12,19.0
113919,2,1,99,2,1,50.0,0,I,LARGE_PROVINCIAL_CITIES,DRIVE,12,13.0
113920,8,7,99,5,9,60.0,0,N,RURAL_VICTORIA,ROAD,12,18.0
113921,1,6,99,5,9,60.0,0,N,MELBOURNE_CBD,STREET,12,11.0
113922,1,4,120,5,1,50.0,0,O,MELB_URBAN,UNKNOWN,12,7.0
113923,1,2,110,1,1,60.0,0,I,LARGE_PROVINCIAL_CITIES,ROAD,12,11.0
113924,1,2,110,1,1,80.0,0,I,TOWNS,ROAD,12,13.0
113925,4,2,171,5,1,80.0,0,N,RURAL_VICTORIA,HIGHWAY,12,15.0
113926,1,1,120,5,1,80.0,0,N,RURAL_VICTORIA,ROAD,12,16.0
113927,1,2,113,2,1,60.0,0,I,MELB_URBAN,ROAD,12,18.0
113928,8,0,99,2,9,60.0,0,I,RURAL_VICTORIA,ROAD,12,19.0
113929,1,2,113,2,1,60.0,0,I,LARGE_PROVINCIAL_CITIES,STREET,12,19.0
113930,4,2,181,5,5,100.0,0,N,RURAL_VICTORIA,ROAD,12,20.0
113931,1,3,135,5,9,100.0,0,N,MELB_URBAN,ROAD,4,7.0
113932,4,2,99,5,1,40.0,0,N,MELB_URBAN,STREET,12,15.0
113933,1,0,130,5,1,80.0,0,N,MELB_URBAN,FREEWAY,12,17.0
113934,4,3,173,2,3,60.0,0,I,MELB_URBAN,ROAD,12,1.0
113935,4,3,99,5,3,50.0,0,N,RURAL_VICTORIA,DRIVE,12,1.0
113936,4,3,171,5,2,100.0,0,N,RURAL_VICTORIA,ROAD,12,6.0
113937,1,7,130,5,1,60.0,0,N,MELB_URBAN,ROAD,12,17.0
113938,1,4,99,2,2,60.0,0,I,MELB_URBAN,AVENUE,11,5.0
113939,1,1,111,4,1,50.0,0,N,MELB_URBAN,DRIVE,12,10.0
113940,1,3,140,5,1,40.0,0,N,MELB_URBAN,ROAD,12,9.0
113941,4,3,173,1,1,70.0,0,N,MELB_URBAN,ROAD,12,9.0
113942,1,3,111,1,1,50.0,0,I,LARGE_PROVINCIAL_CITIES,STREET,12,10.0
113943,1,3,110,1,1,60.0,0,I,MELB_URBAN,ROAD,12,10.0
113944,8,3,99,5,2,80.0,0,N,RURAL_VICTORIA,ROAD,12,20.0
113945,1,3,147,5,1,30.0,0,N,MELB_URBAN,HIGHWAY,12,12.0
113946,1,2,110,1,1,60.0,0,N,MELB_URBAN,ROAD,12,14.0
113947,1,3,99,5,1,100.0,0,N,MELB_URBAN,UNKNOWN,12,11.0
113948,1,2,140,5,1,80.0,0,I,MELB_URBAN,HIGHWAY,12,12.0
113949,4,7,171,5,6,60.0,0,N,LARGE_PROVINCIAL_CITIES,STREET,12,5.0
113950,1,2,99,2,1,100.0,0,N,RURAL_VICTORIA,FREEWAY,12,12.0
113951,1,3,110,1,1,80.0,1,I,RURAL_VICTORIA,ROAD,12,10.0
113952,2,3,100,5,1,60.0,0,N,MELB_URBAN,ROAD,12,11.0
113953,1,3,111,1,1,50.0,0,I,SMALL_CITIES,STREET,12,15.0
113954,1,2,130,5,1,80.0,0,N,MELB_URBAN,ROAD,12,15.0
113955,1,2,120,5,1,60.0,0,N,MELB_URBAN,STREET,12,16.0
113956,1,6,130,5,1,60.0,0,N,RURAL_VICTORIA,ROAD,12,15.0
113957,1,3,130,2,1,60.0,0,I,SMALL_CITIES,ROAD,12,16.0
113958,3,2,167,5,1,100.0,0,N,RURAL_VICTORIA,ROAD,12,12.0
113959,6,3,99,5,1,100.0,0,N,RURAL_VICTORIA,ROAD,12,17.0
113960,1,3,99,5,1,100.0,0,N,RURAL_VICTORIA,ROAD,12,13.0
113961,1,3,113,2,1,70.0,0,I,MELB_URBAN,ROAD,12,17.0
113962,1,2,110,1,2,40.0,0,I,MELB_URBAN,STREET,12,18.0
113963,6,3,99,5,2,100.0,0,N,RURAL_VICTORIA,ROAD,12,18.0
113964,4,3,183,5,5,50.0,0,N,MELB_URBAN,DRIVE,12,23.0
113965,4,3,173,4,3,80.0,0,N,MELB_URBAN,HIGHWAY,12,23.0
113966,1,3,130,5,5,60.0,0,N,SMALL_TOWNS,ROAD,12,22.0
113967,1,3,121,1,3,80.0,0,I,MELB_URBAN,ROAD,1,2.0
113968,1,4,121,5,3,60.0,1,N,MELB_URBAN,ROAD,1,2.0
113969,4,4,173,2,3,50.0,0,N,MELB_URBAN,STREET,1,0.0
113970,1,4,116,1,1,60.0,0,I,MELB_URBAN,ROAD,1,8.0
113971,5,0,99,5,1,60.0,0,N,RURAL_VICTORIA,ROAD,12,14.0
113972,1,4,110,1,1,60.0,0,I,SMALL_CITIES,ROAD,1,9.0
113973,1,4,99,2,1,50.0,0,N,MELB_URBAN,STREET,1,11.0
113974,1,2,163,5,1,40.0,0,N,MELB_URBAN,ROAD,12,14.0
113975,1,3,99,2,1,70.0,0,N,MELB_URBAN,ROAD,12,17.0
113976,1,3,130,5,5,100.0,0,N,RURAL_VICTORIA,HIGHWAY,12,23.0
113977,1,2,163,2,1,60.0,0,I,MELB_URBAN,STREET,12,14.0
113978,1,4,121,1,1,60.0,0,I,MELB_URBAN,ROAD,1,12.0
113979,1,1,132,2,3,60.0,0,I,MELB_URBAN,ROAD,11,23.0
113980,4,3,173,5,1,50.0,0,N,MELB_URBAN,BOULEVARD,1,13.0
113981,4,3,171,5,3,60.0,0,N,RURAL_VICTORIA,ROAD,12,22.0
113982,4,4,171,5,1,100.0,0,N,RURAL_VICTORIA,ROAD,1,12.0
113983,4,4,99,2,1,50.0,0,I,MELB_URBAN,AVENUE,1,13.0
113984,1,3,113,2,1,60.0,0,I,MELB_URBAN,STREET,12,16.0
113985,4,4,171,5,1,100.0,0,N,RURAL_VICTORIA,ROAD,1,15.0
113986,1,4,130,5,1,100.0,0,N,MELB_URBAN,FREEWAY,1,13.0
113987,4,4,181,5,1,100.0,0,N,RURAL_VICTORIA,ROAD,1,15.0
113988,6,3,170,5,2,100.0,0,N,RURAL_VICTORIA,ROAD,12,21.0
113989,6,4,99,5,1,100.0,0,N,RURAL_VICTORIA,ROAD,1,11.0
113990,1,5,121,2,1,50.0,0,I,MELB_URBAN,STREET,12,19.0
113991,1,4,110,1,1,50.0,0,I,MELB_URBAN,STREET,1,15.0
113992,1,4,99,5,1,60.0,0,N,MELB_URBAN,ROAD,1,7.0
113993,1,4,99,2,2,50.0,0,I,MELB_URBAN,STREET,1,19.0
113994,4,4,173,2,1,60.0,0,I,MELB_URBAN,ROAD,1,19.0
113995,2,3,99,5,1,60.0,0,N,LARGE_PROVINCIAL_CITIES,UNKNOWN,1,18.0
113996,1,5,121,2,1,70.0,0,I,MELB_URBAN,ROAD,1,7.0
113997,1,4,121,1,1,60.0,0,I,MELB_URBAN,HIGHWAY,1,6.0
113998,4,5,171,2,1,60.0,0,I,TOWNS,ROAD,1,9.0
113999,8,5,174,5,1,70.0,0,N,MELB_URBAN,STREET,1,10.0
114000,1,5,99,2,1,80.0,0,I,RURAL_VICTORIA,ROAD,1,8.0
114001,6,1,99,5,1,60.0,0,N,RURAL_VICTORIA,OTHER,12,11.0
114002,1,5,130,5,1,80.0,0,N,MELB_URBAN,HIGHWAY,1,9.0
114003,1,3,147,5,1,60.0,0,N,TOWNS,HIGHWAY,12,10.0
114004,1,5,121,1,1,40.0,0,I,MELBOURNE_CBD,STREET,1,10.0
114005,1,5,130,5,1,100.0,0,N,RURAL_VICTORIA,FREEWAY,1,11.0
114006,6,2,99,5,1,60.0,0,N,RURAL_VICTORIA,ROAD,12,14.0
114007,1,5,130,2,1,80.0,0,I,RURAL_VICTORIA,BOULEVARD,1,10.0
114008,1,5,110,1,1,60.0,0,I,LARGE_PROVINCIAL_CITIES,STREET,1,15.0
114009,2,1,99,5,1,50.0,0,N,SMALL_CITIES,AVENUE,12,9.0
114010,1,5,134,1,1,70.0,0,I,MELB_URBAN,ROAD,1,15.0
114011,1,4,113,1,1,60.0,0,I,MELB_URBAN,HIGHWAY,1,16.0
114012,1,1,132,2,1,100.0,0,I,RURAL_VICTORIA,HIGHWAY,12,17.0
114013,4,5,173,5,1,100.0,0,N,RURAL_VICTORIA,ROAD,1,12.0
114014,4,5,173,5,1,80.0,0,N,RURAL_VICTORIA,ROAD,1,18.0
114015,4,5,181,5,1,100.0,0,N,RURAL_VICTORIA,ROAD,1,17.0
114016,4,5,171,2,1,50.0,1,I,MELB_URBAN,STREET,1,14.0
114017,1,5,132,5,1,60.0,0,N,MELB_URBAN,ROAD,1,18.0
114018,1,5,133,5,1,80.0,0,N,MELB_URBAN,ROAD,1,15.0
114019,2,3,102,2,1,50.0,0,I,MELB_URBAN,DRIVE,12,18.0
114020,1,5,120,5,1,60.0,0,N,LARGE_PROVINCIAL_CITIES,ROAD,1,18.0
114021,1,5,99,5,1,100.0,0,N,RURAL_VICTORIA,HIGHWAY,1,19.0
114022,1,5,99,2,3,60.0,0,I,MELB_URBAN,ROAD,1,21.0
114023,2,5,102,2,2,50.0,0,I,RURAL_VICTORIA,STREET,1,21.0
114024,4,5,181,5,5,100.0,0,N,RURAL_VICTORIA,ROAD,1,22.0
114025,2,5,99,1,2,60.0,0,N,MELB_URBAN,ROAD,1,20.0
114026,3,5,167,5,5,80.0,0,N,RURAL_VICTORIA,ROAD,1,23.0
114027,1,6,160,5,3,50.0,0,N,MELB_URBAN,STREET,1,2.0
114028,1,6,130,2,1,60.0,0,I,MELB_URBAN,ROAD,12,13.0
114029,1,6,110,1,1,60.0,0,I,MELB_URBAN,STREET,1,5.0
114030,1,5,111,4,1,60.0,0,N,LARGE_PROVINCIAL_CITIES,AVENUE,1,19.0
114031,1,3,111,1,3,60.0,0,I,MELB_URBAN,STREET,1,21.0
114032,3,1,167,5,1,100.0,0,N,RURAL_VICTORIA,ROAD,12,7.0
114033,1,6,113,2,9,100.0,0,I,RURAL_VICTORIA,ROAD,1,11.0
114034,1,3,130,3,9,60.0,0,N,MELB_URBAN,STREET,12,17.0
114035,1,6,113,2,1,80.0,0,I,MELB_URBAN,STREET,1,7.0
114036,1,7,113,2,1,80.0,0,I,MELB_URBAN,RAMP,12,15.0
114037,4,6,173,5,1,70.0,0,N,MELB_URBAN,ROAD,1,9.0
114038,1,6,147,5,1,60.0,0,N,LARGE_PROVINCIAL_CITIES,ROAD,1,13.0
114039,1,1,130,5,1,60.0,0,N,MELB_URBAN,ROAD,11,12.0
114040,1,6,99,2,1,80.0,0,N,RURAL_VICTORIA,ROAD,1,9.0
114041,4,6,99,5,1,50.0,0,N,MELB_URBAN,ROAD,1,14.0
114042,1,6,99,4,1,60.0,0,N,MELB_URBAN,ROAD,1,13.0
114043,1,6,110,1,1,80.0,0,I,RURAL_VICTORIA,STREET,1,10.0
114044,1,6,121,1,1,60.0,0,I,LARGE_PROVINCIAL_CITIES,STREET,1,15.0
114045,1,6,99,2,1,60.0,0,I,MELB_URBAN,ROAD,1,14.0
114046,2,4,99,5,1,60.0,0,N,SMALL_CITIES,STREET,1,14.0
114047,1,6,99,5,1,50.0,1,N,LARGE_PROVINCIAL_CITIES,ROAD,1,15.0
114048,5,2,99,5,1,60.0,0,N,RURAL_VICTORIA,OTHER,12,19.0
114049,1,6,121,2,1,80.0,0,I,MELB_URBAN,HIGHWAY,1,12.0
114050,1,6,120,5,1,100.0,1,N,RURAL_VICTORIA,HIGHWAY,1,13.0
114051,1,3,116,2,1,100.0,0,N,MELB_URBAN,DRIVE,12,7.0
114052,1,5,110,1,1,60.0,0,I,MELB_URBAN,ROAD,1,16.0
114053,1,3,110,1,1,40.0,0,I,MELB_URBAN,STREET,12,15.0
114054,1,6,113,2,1,100.0,0,I,RURAL_VICTORIA,ROAD,1,14.0
114055,1,6,130,5,1,40.0,0,N,RURAL_VICTORIA,ROAD,11,9.0
114056,6,5,174,5,1,60.0,0,N,RURAL_VICTORIA,ROAD,1,12.0
114057,1,6,110,1,1,60.0,0,I,MELB_URBAN,STREET,1,18.0
114058,3,3,167,5,5,80.0,0,N,RURAL_VICTORIA,ROAD,7,23.0
114059,1,6,113,2,1,60.0,0,I,MELB_URBAN,STREET,1,17.0
114060,1,1,130,5,1,80.0,0,N,MELB_URBAN,HIGHWAY,12,14.0
114061,1,3,130,5,9,60.0,0,N,MELB_URBAN,DRIVE,1,19.0
114062,4,6,173,5,1,80.0,0,N,MELB_URBAN,FREEWAY,1,20.0
114063,4,6,181,5,3,80.0,0,N,RURAL_VICTORIA,ROAD,1,22.0
114064,2,6,99,2,3,50.0,0,I,SMALL_CITIES,STREET,1,0.0
114065,4,5,171,5,5,100.0,0,N,RURAL_VICTORIA,ROAD,1,22.0
114066,1,7,121,2,1,60.0,0,I,MELB_URBAN,ROAD,1,10.0
114067,1,1,110,1,1,50.0,0,I,MELB_URBAN,STREET,12,13.0
114068,2,7,100,1,1,40.0,0,I,MELB_URBAN,OTHER,1,13.0
114069,1,6,116,2,1,80.0,0,I,RURAL_VICTORIA,ROAD,1,8.0
114070,1,7,110,1,1,80.0,0,I,RURAL_VICTORIA,ROAD,1,14.0
114071,4,4,99,5,1,100.0,0,N,MELB_URBAN,ROAD,1,13.0
114072,6,7,174,5,1,100.0,0,N,RURAL_VICTORIA,HIGHWAY,1,16.0
114073,3,5,167,5,2,100.0,0,N,RURAL_VICTORIA,ROAD,1,18.0
114074,4,7,173,5,1,100.0,0,N,RURAL_VICTORIA,HIGHWAY,1,15.0
114075,1,7,113,2,1,80.0,0,I,MELB_URBAN,STREET,1,17.0
114076,1,6,130,5,1,100.0,0,N,MELB_URBAN,FREEWAY,1,17.0
114077,1,7,140,5,1,80.0,0,N,MELB_URBAN,ROAD,1,18.0
114078,2,7,102,4,1,50.0,0,I,MELB_URBAN,ROAD,1,15.0
114079,1,7,99,2,1,100.0,0,I,RURAL_VICTORIA,ROAD,1,16.0
114080,4,7,183,5,1,60.0,0,N,MELB_URBAN,HIGHWAY,1,17.0
114081,9,7,99,5,1,100.0,0,N,RURAL_VICTORIA,ROAD,1,16.0
114082,1,7,171,5,1,60.0,0,N,RURAL_VICTORIA,ROAD,1,17.0
114083,1,7,121,2,3,60.0,0,I,MELB_URBAN,ROAD,1,22.0
114084,5,6,99,5,1,60.0,0,N,LARGE_PROVINCIAL_CITIES,STREET,1,14.0
114085,1,4,134,1,1,60.0,0,N,MELB_URBAN,ROAD,1,15.0
114086,1,6,120,5,1,80.0,0,N,RURAL_VICTORIA,ROAD,1,11.0
114087,4,1,173,2,1,80.0,0,I,MELB_URBAN,FREEWAY,1,10.0
114088,4,1,171,5,1,100.0,0,N,RURAL_VICTORIA,ROAD,1,11.0
114089,4,1,99,5,1,80.0,0,N,MELB_URBAN,RAMP,1,9.0
114090,6,1,174,5,1,80.0,0,N,RURAL_VICTORIA,ROAD,1,10.0
114091,1,1,132,5,1,60.0,0,N,MELB_URBAN,ROAD,1,17.0
114092,4,1,183,5,1,80.0,0,N,MELB_URBAN,ROAD,1,12.0
114093,1,1,133,1,1,70.0,0,I,MELB_URBAN,OTHER,1,12.0
114094,1,1,120,5,1,50.0,0,N,TOWNS,ROAD,1,12.0
114095,1,1,113,2,1,80.0,0,I,MELB_URBAN,HIGHWAY,1,13.0
114096,4,0,181,5,1,100.0,0,N,RURAL_VICTORIA,ROAD,1,12.0
114097,1,1,113,1,1,70.0,0,I,MELB_URBAN,ROAD,1,13.0
114098,1,1,130,5,1,80.0,0,N,RURAL_VICTORIA,ROAD,1,12.0
114099,1,1,134,5,1,60.0,0,N,MELB_URBAN,DRIVE,1,10.0
114100,4,1,173,2,1,60.0,0,N,LARGE_PROVINCIAL_CITIES,PARADE,1,15.0
114101,3,5,167,5,2,80.0,0,N,MELB_URBAN,DRIVE,1,21.0
114102,6,6,99,5,5,100.0,0,N,RURAL_VICTORIA,HIGHWAY,1,1.0