,accident_type,day_of_week,dca_code,road_geometry,light_condition,speed_zone,severity,node_type,deg_urban_name,road_type,month,hour
114103,4,1,171,5,1,100.0,0,N,RURAL_VICTORIA,ROAD,1,15.0
114104,1,0,110,1,1,80.0,0,I,SMALL_TOWNS,STREET,1,17.0
114105,5,5,181,5,6,60.0,0,N,RURAL_VICTORIA,OTHER,10,20.0
114106,4,1,183,5,1,80.0,0,N,RURAL_VICTORIA,ROAD,1,16.0
114107,1,0,120,5,1,60.0,0,N,MELB_URBAN,ROAD,1,19.0
114108,4,0,181,5,6,60.0,0,N,RURAL_VICTORIA,ROAD,1,2.0
114109,1,7,99,5,3,50.0,0,N,MELB_URBAN,STREET,1,21.0
114110,4,2,183,5,5,60.0,0,N,MELB_URBAN,ROAD,1,1.0
114111,4,1,171,5,5,80.0,0,N,RURAL_VICTORIA,ROAD,1,23.0
114112,1,1,121,1,3,80.0,0,I,MELB_URBAN,ROAD,1,22.0
114113,1,1,120,5,1,70.0,0,N,MELB_URBAN,ROAD,1,11.0
114114,6,2,174,5,1,60.0,0,N,MELB_URBAN,STREET,1,8.0
114115,1,2,130,5,1,60.0,0,N,MELB_URBAN,ROAD,1,7.0
114116,1,2,113,2,1,50.0,0,I,MELB_URBAN,ROAD,1,8.0
114117,1,0,110,1,6,50.0,0,I,TOWNS,DRIVE,1,21.0
114118,6,2,174,5,1,60.0,0,N,MELB_URBAN,STREET,1,9.0
114119,6,0,99,2,1,50.0,0,I,SMALL_TOWNS,ROAD,12,14.0
114120,1,4,132,1,1,60.0,0,I,MELB_URBAN,OTHER,12,14.0
114121,1,1,113,2,1,60.0,0,I,MELB_URBAN,ROAD,1,13.0
114122,1,2,120,5,1,60.0,0,N,MELB_URBAN,ROAD,1,10.0
114123,4,7,171,5,1,60.0,0,N,RURAL_VICTORIA,ROAD,1,15.0
114124,1,5,130,5,1,60.0,0,N,MELB_URBAN,STREET,12,14.0
114125,1,3,163,5,9,60.0,0,N,MELB_URBAN,STREET,12,15.0
114126,1,2,110,1,1,60.0,0,I,SMALL_TOWNS,STREET,1,10.0
114127,4,1,171,1,1,60.0,0,N,MELB_URBAN,ROAD,1,10.0
114128,1,2,99,2,1,50.0,0,I,TOWNS,STREET,1,7.0
114129,9,6,99,5,1,60.0,0,N,RURAL_VICTORIA,ROAD,1,11.0
114130,1,6,130,2,1,60.0,0,N,MELB_URBAN,ROAD,1,10.0
114131,6,3,99,2,1,60.0,0,I,RURAL_VICTORIA,OTHER,12,11.0
114132,4,2,183,5,1,100.0,0,N,RURAL_VICTORIA,ROAD,1,12.0
114133,4,0,171,5,1,110.0,0,N,RURAL_VICTORIA,FREEWAY,1,18.0
114134,4,2,173,5,1,80.0,0,N,RURAL_VICTORIA,ROAD,1,8.0
114135,1,6,121,1,1,60.0,0,I,MELB_URBAN,AVENUE,1,15.0
114136,4,2,183,5,1,100.0,0,I,RURAL_VICTORIA,ROAD,1,13.0
114137,1,7,130,5,1,110.0,0,N,RURAL_VICTORIA,FREEWAY,1,13.0
114138,6,5,184,2,1,60.0,0,I,TOWNS,ROAD,12,18.0
114139,6,2,170,5,1,100.0,0,N,RURAL_VICTORIA,ROAD,1,10.0
114140,1,2,99,1,1,60.0,0,N,MELB_URBAN,HIGHWAY,1,12.0
114141,1,1,99,2,1,70.0,0,I,TOWNS,STREET,1,16.0
114142,4,1,171,5,1,110.0,0,I,RURAL_VICTORIA,HIGHWAY,1,17.0
114143,1,2,140,2,1,100.0,0,I,RURAL_VICTORIA,HIGHWAY,1,15.0
114144,8,2,99,5,1,100.0,0,N,RURAL_VICTORIA,ROAD,1,17.0
114145,6,2,170,2,1,60.0,0,I,MELB_URBAN,ROAD,1,17.0
114146,6,3,99,5,1,60.0,0,N,RURAL_VICTORIA,ROAD,12,13.0
114147,1,5,110,1,1,60.0,0,I,LARGE_PROVINCIAL_CITIES,STREET,1,17.0
114148,6,4,170,5,3,100.0,0,N,RURAL_VICTORIA,FREEWAY,1,21.0
114149,1,3,110,1,9,60.0,0,N,MELB_URBAN,AVENUE,12,2.0
114150,2,2,100,5,1,80.0,0,N,MELB_URBAN,ROAD,1,17.0
114151,8,5,184,5,1,60.0,0,N,SMALL_TOWNS,ROAD,1,9.0
114152,6,2,174,5,1,80.0,0,N,RURAL_VICTORIA,ROAD,1,17.0
114153,1,1,110,1,3,60.0,0,I,MELB_URBAN,ROAD,1,5.0
114154,4,3,171,5,3,60.0,0,N,MELB_URBAN,ROAD,1,5.0
114155,1,0,110,1,1,70.0,0,I,MELB_URBAN,ROAD,1,18.0
114156,4,2,183,5,2,80.0,0,N,RURAL_VICTORIA,ROAD,12,5.0
114157,7,1,99,5,9,50.0,0,N,TOWNS,AVENUE,1,1.0
114158,1,7,130,2,1,60.0,0,I,LARGE_PROVINCIAL_CITIES,ROAD,11,12.0
114159,1,3,113,2,1,40.0,0,I,MELB_URBAN,STREET,1,10.0
114160,4,3,173,5,1,60.0,0,N,LARGE_PROVINCIAL_CITIES,ROAD,1,10.0
114161,1,3,99,5,1,60.0,0,N,MELB_URBAN,ROAD,1,11.0
114162,1,6,130,2,2,50.0,0,I,SMALL_CITIES,ROAD,12,21.0
114163,6,3,99,5,1,70.0,0,N,MELB_URBAN,ROAD,1,11.0
114164,2,3,99,5,1,50.0,0,N,TOWNS,STREET,1,10.0
114165,1,2,110,1,1,60.0,0,N,MELB_URBAN,ROAD,12,8.0
114166,1,6,130,1,3,70.0,0,I,SMALL_CITIES,HIGHWAY,11,21.0
114167,1,4,110,1,1,60.0,0,I,MELB_URBAN,AVENUE,6,12.0
114168,1,3,160,5,1,50.0,0,N,MELB_URBAN,AVENUE,1,13.0
114169,1,3,99,5,1,60.0,0,N,MELB_URBAN,ROAD,1,13.0
114170,1,2,110,1,1,50.0,0,I,SMALL_CITIES,STREET,1,14.0
114171,1,3,121,2,1,60.0,0,I,MELB_URBAN,ROAD,1,10.0
114172,4,2,183,5,5,50.0,0,N,RURAL_VICTORIA,ROAD,1,17.0
114173,6,4,99,2,1,60.0,0,I,RURAL_VICTORIA,OTHER,1,7.0
114174,1,5,121,4,1,60.0,0,I,MELB_URBAN,OTHER,12,17.0
114175,1,3,130,5,1,100.0,0,N,MELB_URBAN,ROAD,1,15.0
114176,4,3,183,1,1,70.0,0,N,LARGE_PROVINCIAL_CITIES,ROAD,1,17.0
114177,1,3,130,5,2,50.0,0,N,SMALL_TOWNS,UNKNOWN,12,20.0
114178,4,3,99,5,1,60.0,0,O,MELB_URBAN,ROAD,1,14.0
114179,1,3,130,2,1,60.0,0,I,SMALL_CITIES,STREET,1,17.0
114180,1,3,110,1,1,40.0,0,I,LARGE_PROVINCIAL_CITIES,STREET,11,17.0
114181,6,4,99,9,1,50.0,0,N,MELB_URBAN,STREET,1,11.0
114182,4,2,171,5,1,60.0,0,N,MELB_URBAN,ROAD,1,15.0
114183,1,3,130,5,9,100.0,0,N,MELB_URBAN,RAMP,12,15.0
114184,1,2,99,3,2,60.0,0,I,TOWNS,OTHER,1,19.0
114185,1,2,132,5,2,60.0,0,I,MELB_URBAN,ROAD,1,17.0
114186,1,2,130,1,1,80.0,0,I,RURAL_VICTORIA,HIGHWAY,1,12.0
114187,4,3,171,5,3,70.0,0,N,MELB_URBAN,ROAD,1,20.0
114188,4,1,99,2,5,100.0,0,I,RURAL_VICTORIA,ROAD,11,0.0
114189,1,2,130,5,1,100.0,0,N,RURAL_VICTORIA,HIGHWAY,1,17.0
114190,4,3,99,2,1,50.0,0,I,SMALL_CITIES,OTHER,1,17.0
114191,1,3,99,5,1,70.0,0,N,LARGE_PROVINCIAL_CITIES,ROAD,1,17.0
114192,4,2,99,2,5,100.0,0,I,RURAL_VICTORIA,ROAD,1,4.0
114193,2,3,99,5,5,100.0,1,N,RURAL_VICTORIA,ROAD,1,22.0
114194,6,4,99,5,6,60.0,1,N,TOWNS,ROAD,1,0.0
114195,1,4,160,5,3,50.0,0,N,SMALL_CITIES,STREET,1,1.0
114196,1,4,99,1,1,40.0,0,I,MELB_URBAN,ROAD,1,8.0
114197,1,0,110,1,1,50.0,0,I,SMALL_CITIES,STREET,1,11.0
114198,4,0,171,5,1,110.0,0,O,RURAL_VICTORIA,UNKNOWN,1,15.0
114199,6,1,174,5,1,60.0,0,N,RURAL_VICTORIA,ROAD,1,11.0
114200,1,1,99,1,2,50.0,0,I,SMALL_CITIES,STREET,12,20.0
114201,1,3,130,5,1,60.0,0,N,MELB_URBAN,UNKNOWN,12,15.0
114202,4,1,183,5,1,100.0,0,N,RURAL_VICTORIA,HIGHWAY,1,15.0
114203,1,1,140,5,1,50.0,0,N,MELB_URBAN,DRIVE,12,14.0
114204,1,6,130,5,1,60.0,0,N,MELB_URBAN,STREET,11,15.0
114205,1,2,110,1,1,50.0,0,I,MELB_URBAN,STREET,11,7.0
114206,1,3,130,5,6,80.0,0,N,MELB_URBAN,FREEWAY,12,23.0
114207,1,4,121,2,1,50.0,0,I,MELB_URBAN,PARADE,1,8.0
114208,1,3,130,5,1,80.0,0,N,MELB_URBAN,ROAD,1,18.0
114209,6,6,184,5,1,40.0,0,N,MELB_URBAN,OTHER,1,16.0
114210,1,2,135,5,9,60.0,0,N,MELB_URBAN,FREEWAY,10,17.0
114211,4,7,173,5,2,100.0,0,N,RURAL_VICTORIA,ROAD,9,19.0
114212,1,3,147,5,1,40.0,0,N,MELB_URBAN,ROAD,1,12.0
114213,1,3,111,2,1,60.0,0,I,MELB_URBAN,ROAD,12,9.0
114214,1,4,121,1,1,60.0,0,I,MELB_URBAN,HIGHWAY,1,13.0
114215,4,4,173,1,1,50.0,0,N,MELB_URBAN,STREET,1,11.0
114216,1,3,171,5,3,60.0,0,N,RURAL_VICTORIA,ROAD,12,22.0
114217,1,4,160,5,1,50.0,0,N,MELB_URBAN,STREET,1,13.0
114218,1,4,130,5,1,80.0,0,N,MELB_URBAN,HIGHWAY,1,14.0
114219,1,4,110,1,1,60.0,1,I,MELB_URBAN,ROAD,1,13.0
114220,2,2,100,1,9,60.0,0,I,MELB_URBAN,STREET,1,20.0
114221,1,4,121,2,1,60.0,0,I,MELB_URBAN,ROAD,1,15.0
114222,4,4,171,5,1,50.0,0,N,TOWNS,PARADE,1,16.0
114223,6,4,99,5,1,80.0,0,N,RURAL_VICTORIA,ROAD,1,16.0
114224,4,3,99,2,1,60.0,0,I,MELB_URBAN,ROAD,1,12.0
114225,1,2,130,3,1,60.0,0,I,MELB_URBAN,OTHER,1,17.0
114226,1,4,113,1,1,60.0,0,I,MELB_URBAN,OTHER,1,17.0
114227,1,4,113,2,1,60.0,0,I,MELB_URBAN,ROAD,1,17.0
114228,1,4,99,2,1,60.0,0,I,MELB_URBAN,ROAD,1,19.0
114229,1,4,130,1,9,80.0,0,I,MELB_URBAN,HIGHWAY,1,18.0
114230,1,4,135,2,1,80.0,0,I,MELB_URBAN,OTHER,1,15.0
114231,4,4,99,5,1,50.0,0,N,MELB_URBAN,ROAD,1,19.0
114232,7,3,99,5,3,50.0,0,N,SMALL_CITIES,DRIVE,1,21.0
114233,4,4,171,5,3,50.0,0,N,RURAL_VICTORIA,STREET,1,21.0
114234,1,4,121,2,3,60.0,0,I,TOWNS,STREET,1,21.0
114235,1,4,113,2,1,60.0,0,I,MELB_URBAN,HIGHWAY,1,19.0
114236,1,4,110,1,3,50.0,0,I,MELB_URBAN,STREET,1,21.0
114237,4,4,173,5,3,100.0,0,N,MELB_URBAN,ROAD,1,22.0
114238,4,3,173,5,3,70.0,0,N,MELB_URBAN,ROAD,1,0.0
114239,4,0,183,5,1,100.0,0,N,RURAL_VICTORIA,ROAD,10,16.0
114240,1,3,140,5,1,60.0,0,N,MELB_URBAN,ROAD,1,17.0
114241,2,5,99,1,1,60.0,0,N,MELB_URBAN,ROAD,1,8.0
114242,1,5,130,2,1,60.0,0,I,MELB_URBAN,ROAD,1,8.0
114243,1,5,120,5,1,60.0,0,N,RURAL_VICTORIA,OTHER,1,8.0
114244,1,4,110,1,1,40.0,0,I,MELBOURNE_CBD,STREET,1,10.0
114245,6,2,99,5,1,80.0,0,N,RURAL_VICTORIA,ROAD,12,13.0
114246,1,5,99,5,1,100.0,0,N,RURAL_VICTORIA,HIGHWAY,1,10.0
114247,2,4,99,5,1,60.0,0,O,MELB_URBAN,AVENUE,1,7.0
114248,1,5,113,2,1,60.0,0,I,SMALL_CITIES,STREET,1,12.0
114249,1,4,99,5,1,60.0,0,N,LARGE_PROVINCIAL_CITIES,STREET,1,13.0
114250,1,3,130,5,1,60.0,0,N,MELB_URBAN,PARADE,12,17.0
114251,8,4,174,2,1,60.0,0,I,MELB_URBAN,OTHER,1,17.0
114252,1,2,130,5,1,80.0,0,N,RURAL_VICTORIA,ROAD,10,17.0
114253,1,1,130,5,1,80.0,0,N,MELB_URBAN,ROAD,1,14.0
114254,1,6,130,1,1,80.0,0,N,MELB_URBAN,ROAD,12,13.0
114255,1,1,130,1,1,80.0,0,I,RURAL_VICTORIA,ROAD,1,9.0
114256,1,2,135,5,1,80.0,0,N,MELB_URBAN,HIGHWAY,12,13.0
114257,4,5,171,5,1,70.0,0,N,MELB_URBAN,ROAD,1,14.0
114258,1,5,130,5,9,60.0,0,N,RURAL_VICTORIA,ROAD,11,16.0
114259,1,2,130,5,1,50.0,0,N,MELB_URBAN,STREET,12,17.0
114260,1,5,173,5,1,50.0,0,N,MELB_URBAN,ROAD,1,13.0
114261,1,5,147,5,1,40.0,0,N,MELB_URBAN,ROAD,1,10.0
114262,4,7,173,5,1,60.0,0,N,RURAL_VICTORIA,ROAD,7,14.0
114263,1,4,130,1,1,60.0,0,I,MELB_URBAN,ROAD,1,18.0
114264,1,5,110,1,1,50.0,0,I,SMALL_CITIES,ROAD,1,11.0
114265,3,4,167,5,1,100.0,0,N,RURAL_VICTORIA,ROAD,10,19.0
114266,1,5,121,1,1,60.0,0,I,LARGE_PROVINCIAL_CITIES,ROAD,1,17.0
114267,1,5,135,5,1,60.0,0,N,MELB_URBAN,HIGHWAY,1,17.0
114268,2,5,102,1,1,50.0,0,I,MELB_URBAN,OTHER,1,15.0
114269,4,2,99,2,1,100.0,0,I,RURAL_VICTORIA,ROAD,1,13.0
114270,4,5,171,5,1,100.0,0,N,RURAL_VICTORIA,ROAD,1,19.0
114271,1,5,130,5,3,80.0,0,N,MELB_URBAN,ROAD,1,21.0
114272,1,5,121,1,3,50.0,0,I,RURAL_VICTORIA,BOULEVARD,1,22.0
114273,4,6,173,5,3,60.0,0,N,MELB_URBAN,STREET,1,1.0
114274,1,5,140,1,1,70.0,0,N,MELB_URBAN,ROAD,1,6.0
114275,1,6,140,5,1,70.0,0,N,MELB_URBAN,ROAD,1,7.0
114276,2,6,100,1,1,60.0,0,I,MELB_URBAN,ROAD,1,7.0
114277,1,5,121,2,1,60.0,0,I,MELB_URBAN,ROAD,12,16.0
114278,1,6,147,5,1,60.0,0,N,TOWNS,ROAD,1,10.0
114279,1,5,120,5,1,100.0,0,N,RURAL_VICTORIA,HIGHWAY,1,9.0
114280,2,2,100,1,1,50.0,0,N,MELBOURNE_CBD,OTHER,1,7.0
114281,1,7,99,2,3,60.0,0,I,MELB_URBAN,ROAD,1,22.0
114282,6,3,99,2,1,100.0,0,I,RURAL_VICTORIA,ROAD,12,13.0
114283,1,5,130,1,9,60.0,0,I,LARGE_PROVINCIAL_CITIES,HIGHWAY,1,15.0
114284,4,5,173,5,1,100.0,0,N,MELB_URBAN,FREEWAY,1,7.0
114285,2,6,100,1,1,60.0,0,N,MELB_URBAN,AVENUE,1,12.0
114286,5,2,99,5,1,40.0,0,N,MELB_URBAN,STREET,12,18.0
114287,1,5,130,2,1,80.0,0,N,RURAL_VICTORIA,ROAD,11,7.0
114288,1,6,130,5,1,60.0,0,N,SMALL_CITIES,PARADE,1,12.0
114289,1,6,121,1,1,80.0,0,N,MELB_URBAN,ROAD,1,13.0
114290,1,6,113,2,1,60.0,0,I,MELB_URBAN,DRIVE,1,12.0
114291,1,5,130,5,1,60.0,0,N,MELB_URBAN,ROAD,1,12.0
114292,2,3,99,5,1,60.0,0,N,MELB_URBAN,PARADE,12,11.0
114293,1,5,130,5,1,100.0,0,N,MELB_URBAN,UNKNOWN,1,14.0
114294,1,6,121,2,1,80.0,0,I,RURAL_VICTORIA,HIGHWAY,1,8.0
114295,1,6,130,5,1,70.0,0,N,MELB_URBAN,ROAD,1,16.0
114296,1,6,113,2,2,80.0,0,N,MELB_URBAN,ROAD,1,17.0
114297,6,3,184,5,1,50.0,0,N,RURAL_VICTORIA,OTHER,1,19.0
114298,8,1,170,5,1,60.0,0,N,RURAL_VICTORIA,ROAD,3,13.0
114299,1,5,110,1,1,100.0,0,I,RURAL_VICTORIA,ROAD,1,17.0
114300,1,6,132,2,1,90.0,0,I,RURAL_VICTORIA,ROAD,1,15.0
114301,4,6,181,5,1,80.0,0,N,RURAL_VICTORIA,ROAD,1,18.0
114302,6,6,99,4,1,100.0,0,N,RURAL_VICTORIA,ROAD,1,17.0
114303,6,6,99,5,1,110.0,0,N,RURAL_VICTORIA,FREEWAY,1,17.0
114304,1,6,121,1,2,60.0,0,I,MELB_URBAN,STREET,1,17.0
114305,1,5,160,5,1,50.0,0,N,MELB_URBAN,ROAD,1,14.0
114306,4,5,173,5,2,70.0,0,N,SMALL_CITIES,DRIVE,1,18.0
114307,1,6,130,5,1,40.0,0,N,MELB_URBAN,STREET,1,19.0
114308,1,6,113,2,1,60.0,0,N,MELB_URBAN,ROAD,1,16.0
114309,4,6,171,5,2,60.0,0,N,MELB_URBAN,ROAD,1,21.0
114310,1,5,110,1,3,60.0,0,I,MELB_URBAN,STREET,1,20.0
114311,6,1,174,5,1,50.0,0,N,RURAL_VICTORIA,ROAD,1,10.0
114312,1,6,113,2,3,60.0,0,I,MELB_URBAN,STREET,1,21.0
114313,1,3,121,4,1,80.0,0,I,MELB_URBAN,ROAD,10,11.0
114314,1,6,120,5,3,50.0,0,N,MELB_URBAN,ROAD,1,21.0
114315,1,6,120,5,5,100.0,0,N,RURAL_VICTORIA,ROAD,1,21.0
114316,4,5,171,5,3,60.0,0,N,MELB_URBAN,STREET,1,21.0
114317,6,6,99,2,5,100.0,0,I,RURAL_VICTORIA,ROAD,1,23.0
114318,1,6,173,3,3,100.0,0,I,MELB_URBAN,ROAD,1,23.0
114319,1,6,173,5,3,60.0,0,N,LARGE_PROVINCIAL_CITIES,STREET,1,2.0
114320,1,7,110,1,3,60.0,0,I,MELB_URBAN,ROAD,1,0.0
114321,1,4,99,1,1,50.0,0,I,MELB_URBAN,ROAD,12,6.0
114322,4,7,173,5,5,100.0,0,N,RURAL_VICTORIA,HIGHWAY,1,3.0
114323,1,6,121,2,1,60.0,0,I,RURAL_VICTORIA,ROAD,1,13.0
114324,1,2,147,5,9,60.0,0,N,MELB_URBAN,ROAD,5,13.0
114325,6,4,184,5,1,60.0,0,N,RURAL_VICTORIA,ROAD,1,14.0
114326,1,7,121,1,1,80.0,0,I,MELB_URBAN,HIGHWAY,1,7.0
114327,1,7,132,2,1,60.0,0,I,MELB_URBAN,STREET,1,10.0
114328,1,6,130,5,1,100.0,0,N,MELB_URBAN,UNKNOWN,1,18.0
114329,1,7,132,5,1,60.0,0,N,MELB_URBAN,ROAD,1,13.0
114330,8,7,99,5,1,100.0,0,N,RURAL_VICTORIA,ROAD,1,13.0
114331,8,6,99,5,1,60.0,0,N,RURAL_VICTORIA,HIGHWAY,1,12.0
114332,1,2,130,5,1,80.0,0,N,MELB_URBAN,ROAD,1,18.0
114333,1,7,120,5,1,100.0,0,N,RURAL_VICTORIA,ROAD,1,14.0
114334,4,6,171,5,1,60.0,0,N,SMALL_CITIES,STREET,1,16.0
114335,4,7,99,1,1,70.0,0,I,RURAL_VICTORIA,HIGHWAY,1,17.0
114336,4,7,181,5,1,100.0,0,N,RURAL_VICTORIA,ROAD,1,15.0
114337,1,7,132,5,2,80.0,0,N,RURAL_VICTORIA,HIGHWAY,1,19.0
114338,6,7,99,5,5,100.0,0,N,RURAL_VICTORIA,ROAD,1,23.0
114339,2,1,102,1,3,40.0,0,I,MELBOURNE_CBD,STREET,1,0.0
114340,1,1,120,2,3,60.0,0,N,MELB_URBAN,AVENUE,1,1.0
114341,4,1,173,5,3,80.0,0,N,MELB_URBAN,ROAD,1,3.0
114342,1,4,130,5,9,40.0,0,N,MELB_URBAN,ROAD,12,12.0
114343,5,2,99,5,1,60.0,0,N,RURAL_VICTORIA,ROAD,11,14.0
114344,4,1,171,1,1,80.0,0,N,MELB_URBAN,ROAD,1,6.0
114345,1,1,130,2,1,60.0,0,I,MELB_URBAN,ROAD,1,10.0
114346,4,1,171,5,1,80.0,0,N,RURAL_VICTORIA,ROAD,1,11.0
114347,4,1,181,5,1,100.0,0,N,RURAL_VICTORIA,OTHER,1,11.0
114348,1,7,99,1,1,60.0,0,I,MELB_URBAN,ROAD,1,20.0
114349,4,1,173,5,1,100.0,0,N,RURAL_VICTORIA,ROAD,1,12.0
114350,5,7,99,5,1,90.0,0,N,RURAL_VICTORIA,ROAD,1,13.0
114351,4,2,171,5,1,50.0,0,N,MELB_URBAN,OTHER,12,15.0
114352,2,1,102,1,1,40.0,0,I,MELBOURNE_CBD,STREET,1,15.0
114353,1,1,130,5,1,90.0,0,N,RURAL_VICTORIA,ROAD,1,13.0
114354,1,6,140,5,1,60.0,0,N,MELB_URBAN,ROAD,1,15.0
114355,1,1,110,1,1,50.0,0,I,TOWNS,STREET,1,17.0
114356,1,1,147,5,1,80.0,1,N,RURAL_VICTORIA,HIGHWAY,1,15.0
114357,2,1,102,5,1,50.0,0,N,MELB_URBAN,OTHER,1,16.0
114358,1,1,110,1,1,60.0,0,I,MELB_URBAN,ROAD,1,18.0
114359,1,1,132,2,1,60.0,0,I,MELB_URBAN,ROAD,1,15.0
114360,1,0,133,5,1,100.0,0,N,MELB_URBAN,ROAD,1,18.0
114361,4,1,171,5,1,60.0,0,N,RURAL_VICTORIA,ROAD,1,19.0
114362,1,1,130,2,5,50.0,0,I,TOWNS,ROAD,1,22.0
114363,1,2,99,5,6,70.0,0,N,MELB_URBAN,ROAD,1,1.0
114364,1,2,116,2,1,60.0,0,I,RURAL_VICTORIA,DRIVE,1,5.0
114365,1,2,99,5,1,80.0,0,N,MELB_URBAN,ROAD,1,7.0
114366,6,5,99,5,2,60.0,0,N,MELB_URBAN,ROAD,1,18.0
114367,1,7,160,5,3,60.0,0,N,MELB_URBAN,ROAD,1,23.0
114368,4,1,173,5,1,50.0,0,N,SMALL_CITIES,DRIVE,1,6.0
114369,1,5,130,2,1,60.0,0,I,MELB_URBAN,ROAD,12,13.0
114370,1,1,110,1,1,100.0,0,I,RURAL_VICTORIA,ROAD,1,9.0
114371,1,2,133,1,1,80.0,0,N,MELB_URBAN,ROAD,1,8.0
114372,1,2,99,5,2,50.0,0,N,SMALL_CITIES,ROAD,1,7.0
114373,1,7,130,5,6,70.0,0,N,RURAL_VICTORIA,ROAD,1,21.0
114374,4,2,173,5,1,100.0,0,N,RURAL_VICTORIA,ROAD,1,9.0
114375,1,2,130,2,1,80.0,0,I,MELB_URBAN,HIGHWAY,12,7.0
114376,7,2,99,5,1,60.0,0,N,MELB_URBAN,STREET,12,10.0
114377,1,2,99,2,1,100.0,0,I,RURAL_VICTORIA,ROAD,1,10.0
114378,1,2,160,5,1,60.0,0,N,MELB_URBAN,STREET,1,9.0
114379,1,2,121,2,1,60.0,1,I,MELB_URBAN,ROAD,1,11.0
114380,6,2,174,5,6,60.0,0,N,RURAL_VICTORIA,ROAD,1,23.0
114381,2,2,100,1,1,60.0,0,I,MELB_URBAN,ROAD,1,11.0
114382,6,5,99,5,1,70.0,0,N,MELB_URBAN,ROAD,1,17.0
114383,1,1,130,5,1,60.0,0,N,LARGE_PROVINCIAL_CITIES,STREET,1,13.0
114384,4,2,183,5,3,60.0,0,N,MELB_URBAN,STREET,12,23.0
114385,1,2,99,5,1,70.0,0,N,SMALL_CITIES,PARADE,1,14.0
114386,4,2,171,2,1,60.0,0,I,MELB_URBAN,ROAD,1,16.0
114387,1,3,130,4,1,80.0,0,I,MELB_URBAN,HIGHWAY,12,10.0
114388,1,2,121,1,1,60.0,0,I,SMALL_CITIES,RAMP,1,15.0
114389,1,2,130,5,1,50.0,0,N,MELB_URBAN,UNKNOWN,1,15.0
114390,1,1,130,5,2,60.0,0,N,MELB_URBAN,ROAD,1,18.0
114391,6,2,99,5,1,100.0,0,N,RURAL_VICTORIA,ROAD,1,17.0
114392,1,2,121,2,1,60.0,0,I,MELB_URBAN,ROAD,1,18.0
114393,8,2,99,5,1,60.0,0,N,MELB_URBAN,RAMP,1,9.0
114394,1,2,99,2,1,50.0,0,I,SMALL_CITIES,ROAD,1,18.0
114395,1,2,135,1,1,40.0,0,N,MELB_URBAN,ROAD,1,14.0
114396,1,6,120,5,9,60.0,0,N,MELB_URBAN,ROAD,1,15.0
114397,4,3,173,5,3,80.0,0,N,MELB_URBAN,ROAD,1,0.0
114398,1,5,130,1,1,60.0,0,I,MELB_URBAN,HIGHWAY,1,10.0
114399,1,2,120,5,5,100.0,0,N,RURAL_VICTORIA,HIGHWAY,1,0.0
114400,2,7,102,2,2,50.0,0,N,MELB_URBAN,STREET,1,18.0
114401,1,2,110,1,3,50.0,1,I,MELB_URBAN,STREET,1,22.0
114402,1,3,120,5,2,80.0,0,N,MELB_URBAN,UNKNOWN,1,5.0
114403,1,2,99,1,1,60.0,0,I,MELB_URBAN,ROAD,10,8.0
114404,8,1,174,5,1,50.0,0,N,MELB_URBAN,AVENUE,1,17.0
114405,1,3,99,5,1,60.0,0,N,MELB_URBAN,STREET,1,7.0
114406,1,3,130,5,1,80.0,0,N,MELB_URBAN,FREEWAY,1,7.0
114407,1,2,111,1,1,60.0,0,I,RURAL_VICTORIA,ROAD,1,10.0
114408,1,3,113,1,1,80.0,0,I,MELB_URBAN,ROAD,1,9.0
114409,6,2,174,2,1,40.0,0,I,MELB_URBAN,STREET,1,14.0
114410,1,3,113,1,1,60.0,0,I,TOWNS,STREET,1,8.0
114411,1,1,163,5,1,60.0,0,N,LARGE_PROVINCIAL_CITIES,ROAD,1,17.0
114412,1,0,130,1,1,60.0,0,I,MELB_URBAN,STREET,12,16.0
114413,1,4,130,2,1,60.0,0,I,MELB_URBAN,STREET,12,14.0
114414,2,3,99,5,9,60.0,0,N,SMALL_CITIES,AVENUE,1,11.0
114415,1,3,99,5,1,80.0,0,N,LARGE_PROVINCIAL_CITIES,HIGHWAY,1,12.0
114416,1,3,140,5,1,70.0,0,N,SMALL_CITIES,ROAD,1,11.0
114417,1,3,99,3,1,100.0,0,I,RURAL_VICTORIA,HIGHWAY,1,10.0
114418,1,5,111,2,1,60.0,0,I,MELB_URBAN,ROAD,1,16.0
114419,1,2,130,2,1,60.0,0,I,MELB_URBAN,ROAD,1,12.0
114420,1,3,113,4,1,80.0,0,I,MELB_URBAN,HIGHWAY,1,12.0
114421,1,2,121,1,1,80.0,0,I,MELB_URBAN,ROAD,1,12.0
114422,1,2,160,5,1,50.0,0,N,SMALL_CITIES,STREET,1,15.0
114423,4,3,171,5,1,100.0,0,N,RURAL_VICTORIA,ROAD,1,14.0
114424,1,3,130,5,1,60.0,0,N,MELB_URBAN,OTHER,1,13.0
114425,6,1,170,1,5,100.0,0,I,RURAL_VICTORIA,ROAD,1,22.0
114426,1,2,130,5,1,60.0,0,N,MELB_URBAN,ROAD,1,14.0
114427,4,3,171,5,1,100.0,0,N,RURAL_VICTORIA,ROAD,1,15.0
114428,1,2,130,5,1,60.0,0,N,MELB_URBAN,PARADE,1,8.0