,accident_type,day_of_week,dca_code,road_geometry,light_condition,speed_zone,severity,node_type,deg_urban_name,road_type,month,hour
114429,1,3,132,5,1,50.0,0,N,RURAL_VICTORIA,ROAD,1,14.0
114430,6,5,170,5,1,100.0,0,N,RURAL_VICTORIA,ROAD,1,17.0
114431,1,2,99,5,1,50.0,0,N,SMALL_CITIES,OTHER,1,14.0
114432,1,6,130,5,1,60.0,0,N,MELB_URBAN,ROAD,1,17.0
114433,1,2,120,5,1,60.0,0,N,LARGE_PROVINCIAL_CITIES,ROAD,1,16.0
114434,1,2,133,1,3,60.0,0,I,MELB_URBAN,ROAD,1,22.0
114435,1,3,110,1,1,60.0,0,I,SMALL_CITIES,ROAD,1,16.0
114436,6,6,174,1,3,60.0,0,I,MELB_URBAN,ROAD,1,20.0
114437,1,2,130,5,1,100.0,0,N,RURAL_VICTORIA,FREEWAY,1,16.0
114438,7,4,184,5,1,60.0,0,N,RURAL_VICTORIA,ROAD,1,14.0
114439,6,3,184,5,1,60.0,0,N,RURAL_VICTORIA,OTHER,12,13.0
114440,1,3,135,2,1,80.0,0,I,MELB_URBAN,ROAD,1,17.0
114441,1,2,130,5,1,60.0,0,N,RURAL_VICTORIA,ROAD,1,15.0
114442,1,3,133,5,1,80.0,0,N,MELB_URBAN,ROAD,1,18.0
114443,1,3,111,2,1,100.0,0,N,RURAL_VICTORIA,ROAD,1,18.0
114444,1,6,132,1,1,60.0,0,N,MELB_URBAN,ROAD,4,13.0
114445,1,3,113,2,6,80.0,0,I,RURAL_VICTORIA,ROAD,1,5.0
114446,1,2,130,5,1,70.0,0,N,MELB_URBAN,ROAD,1,14.0
114447,1,2,130,5,1,100.0,0,N,MELB_URBAN,FREEWAY,1,18.0
114448,1,3,110,1,3,60.0,0,I,SMALL_CITIES,STREET,1,22.0
114449,1,3,99,5,1,100.0,0,N,RURAL_VICTORIA,ROAD,1,14.0
114450,4,4,183,5,5,100.0,0,N,RURAL_VICTORIA,ROAD,1,3.0
114451,1,4,110,1,3,100.0,0,I,RURAL_VICTORIA,FREEWAY,1,3.0
114452,4,2,171,2,1,50.0,0,I,SMALL_TOWNS,PARADE,1,12.0
114453,2,2,100,2,2,40.0,0,N,MELB_URBAN,STREET,1,7.0
114454,1,1,99,1,1,50.0,0,I,MELB_URBAN,ROAD,1,8.0
114455,1,3,120,5,1,80.0,0,N,MELB_URBAN,HIGHWAY,1,18.0
114456,1,4,130,2,1,80.0,0,I,MELB_URBAN,HIGHWAY,1,8.0
114457,4,3,171,5,1,70.0,0,N,SMALL_CITIES,AVENUE,1,9.0
114458,5,4,99,5,1,60.0,0,N,SMALL_CITIES,STREET,1,13.0
114459,1,3,130,5,1,60.0,0,N,MELB_URBAN,ROAD,11,19.0
114460,1,4,130,5,1,50.0,0,N,MELB_URBAN,STREET,1,8.0
114461,4,3,171,5,5,100.0,0,N,RURAL_VICTORIA,ROAD,1,1.0
114462,1,2,130,1,1,60.0,0,N,MELB_URBAN,ROAD,1,15.0
114463,1,0,130,5,3,60.0,0,O,LARGE_PROVINCIAL_CITIES,OTHER,1,21.0
114464,2,2,100,2,1,60.0,0,I,SMALL_CITIES,STREET,1,11.0
114465,1,4,160,5,1,50.0,0,N,MELB_URBAN,ROAD,1,12.0
114466,1,4,130,1,1,50.0,0,I,MELB_URBAN,STREET,1,8.0
114467,1,3,130,5,1,80.0,0,N,SMALL_CITIES,HIGHWAY,1,12.0
114468,1,4,113,2,1,40.0,0,I,MELB_URBAN,STREET,1,12.0
114469,8,4,184,5,1,60.0,0,N,RURAL_VICTORIA,ROAD,1,12.0
114470,6,3,99,5,1,100.0,0,N,RURAL_VICTORIA,ROAD,1,12.0
114471,1,3,130,1,1,60.0,0,I,MELB_URBAN,ROAD,1,9.0
114472,1,2,121,1,9,40.0,0,I,MELBOURNE_CBD,STREET,9,16.0
114473,2,4,99,5,1,50.0,0,N,TOWNS,STREET,1,14.0
114474,1,4,132,5,1,80.0,0,N,RURAL_VICTORIA,ROAD,1,13.0
114475,1,3,110,1,1,60.0,0,I,LARGE_PROVINCIAL_CITIES,STREET,1,15.0
114476,1,4,130,2,1,50.0,0,I,LARGE_PROVINCIAL_CITIES,ROAD,1,17.0
114477,6,4,99,5,1,100.0,0,N,RURAL_VICTORIA,HIGHWAY,1,12.0
114478,1,4,111,1,1,60.0,0,N,SMALL_CITIES,STREET,1,18.0
114479,1,3,130,5,1,80.0,0,N,MELB_URBAN,ROAD,1,18.0
114480,1,4,130,5,1,100.0,0,N,MELB_URBAN,FREEWAY,10,7.0
114481,6,4,174,2,1,80.0,0,N,RURAL_VICTORIA,HIGHWAY,1,17.0
114482,4,4,183,5,1,60.0,0,N,MELB_URBAN,STREET,1,17.0
114483,1,5,130,3,1,60.0,0,N,MELB_URBAN,ROAD,12,13.0
114484,1,3,99,1,1,60.0,0,N,MELB_URBAN,STREET,1,10.0
114485,1,4,99,5,2,80.0,0,N,RURAL_VICTORIA,HIGHWAY,1,19.0
114486,1,3,130,5,1,50.0,0,N,LARGE_PROVINCIAL_CITIES,STREET,1,17.0
114487,1,4,130,2,2,60.0,0,I,MELB_URBAN,ROAD,1,18.0
114488,2,4,100,1,3,40.0,0,N,MELBOURNE_CBD,STREET,1,22.0
114489,2,4,99,5,1,60.0,0,N,MELB_URBAN,STREET,1,17.0
114490,1,2,130,2,1,60.0,0,N,SMALL_TOWNS,ROAD,1,17.0
114491,4,4,181,5,5,100.0,0,N,RURAL_VICTORIA,ROAD,1,23.0
114492,1,4,130,5,1,60.0,0,N,MELB_URBAN,ROAD,10,11.0
114493,1,5,110,1,3,80.0,0,I,LARGE_PROVINCIAL_CITIES,HIGHWAY,1,4.0
114494,1,1,121,1,1,100.0,0,I,RURAL_VICTORIA,FREEWAY,1,16.0
114495,1,1,99,5,9,40.0,0,N,MELB_URBAN,ROAD,12,17.0
114496,4,1,171,5,5,100.0,0,N,RURAL_VICTORIA,HIGHWAY,9,23.0
114497,4,3,181,5,1,80.0,0,N,RURAL_VICTORIA,ROAD,1,19.0
114498,3,4,167,5,2,100.0,0,N,RURAL_VICTORIA,HIGHWAY,10,19.0
114499,4,1,171,2,3,60.0,0,N,MELB_URBAN,ROAD,12,2.0
114500,6,1,174,2,1,80.0,0,I,RURAL_VICTORIA,ROAD,1,9.0
114501,1,4,134,2,2,70.0,0,N,MELB_URBAN,STREET,1,19.0
114502,3,1,167,5,2,60.0,0,N,RURAL_VICTORIA,OTHER,9,19.0
114503,1,5,133,5,1,60.0,0,N,MELB_URBAN,ROAD,1,7.0
114504,1,5,121,2,3,60.0,0,I,MELB_URBAN,ROAD,1,6.0
114505,2,4,99,5,1,50.0,0,N,MELB_URBAN,STREET,1,9.0
114506,1,5,134,2,1,60.0,0,N,MELB_URBAN,ROAD,8,16.0
114507,1,2,135,5,9,60.0,0,N,MELB_URBAN,ROAD,1,8.0
114508,1,5,99,5,1,50.0,0,N,MELB_URBAN,STREET,1,12.0
114509,1,5,99,2,1,60.0,0,N,MELB_URBAN,STREET,1,11.0
114510,4,5,99,2,1,60.0,0,I,MELB_URBAN,ROAD,1,9.0
114511,4,5,173,5,1,60.0,0,N,MELB_URBAN,ROAD,1,10.0
114512,6,5,99,5,1,100.0,0,N,RURAL_VICTORIA,ROAD,1,11.0
114513,1,2,130,5,1,90.0,0,N,MELB_URBAN,ROAD,10,16.0
114514,4,6,173,2,6,50.0,0,I,MELB_URBAN,STREET,12,23.0
114515,1,4,121,1,1,60.0,0,I,MELB_URBAN,ROAD,1,8.0
114516,1,5,99,5,1,60.0,0,N,MELB_URBAN,HIGHWAY,1,10.0
114517,1,4,110,1,1,100.0,0,I,RURAL_VICTORIA,AVENUE,1,16.0
114518,1,5,99,2,1,80.0,0,I,MELB_URBAN,ROAD,1,14.0
114519,1,5,132,5,1,80.0,0,N,MELB_URBAN,ROAD,1,12.0
114520,6,6,174,5,1,60.0,0,N,RURAL_VICTORIA,ROAD,1,14.0
114521,1,5,132,2,9,60.0,0,I,MELB_URBAN,ROAD,1,8.0
114522,1,4,140,2,1,60.0,0,I,MELB_URBAN,ROAD,1,11.0
114523,1,4,113,2,1,60.0,0,I,MELB_URBAN,ROAD,1,13.0
114524,1,5,130,5,1,100.0,0,N,MELB_URBAN,UNKNOWN,1,9.0
114525,1,5,130,5,1,100.0,0,N,MELB_URBAN,FREEWAY,1,15.0
114526,1,5,110,1,1,50.0,0,I,TOWNS,STREET,1,15.0
114527,1,3,134,2,3,80.0,0,I,MELB_URBAN,ROAD,1,21.0
114528,1,4,130,2,1,60.0,0,I,MELB_URBAN,STREET,12,15.0
114529,1,5,120,5,1,50.0,0,N,MELB_URBAN,AVENUE,12,12.0
114530,8,5,170,5,1,110.0,0,N,RURAL_VICTORIA,HIGHWAY,1,14.0
114531,1,5,110,1,1,60.0,0,I,MELB_URBAN,ROAD,1,16.0
114532,1,4,99,5,1,60.0,0,N,MELB_URBAN,ROAD,1,17.0
114533,4,3,183,3,1,50.0,0,N,RURAL_VICTORIA,ROAD,1,9.0
114534,6,5,174,1,1,50.0,0,I,TOWNS,PARADE,1,16.0
114535,1,7,130,1,9,60.0,0,N,MELB_URBAN,ROAD,11,11.0
114536,1,5,163,5,1,60.0,0,N,MELB_URBAN,ROAD,1,18.0
114537,1,3,110,1,1,60.0,0,I,MELB_URBAN,STREET,1,14.0
114538,1,3,130,4,1,60.0,0,N,MELB_URBAN,RAMP,1,12.0
114539,1,5,130,5,9,60.0,0,N,MELB_URBAN,FREEWAY,1,12.0
114540,1,5,160,5,1,60.0,0,N,TOWNS,HIGHWAY,1,17.0
114541,1,5,130,1,2,60.0,0,N,MELB_URBAN,ROAD,1,18.0
114542,2,4,99,5,1,60.0,0,N,SMALL_CITIES,STREET,1,18.0
114543,2,4,99,5,2,60.0,0,N,MELB_URBAN,STREET,1,18.0
114544,1,2,116,4,9,80.0,0,N,MELB_URBAN,ROAD,12,15.0
114545,1,5,110,1,1,80.0,0,I,RURAL_VICTORIA,ROAD,1,17.0
114546,1,4,130,5,1,60.0,0,N,MELB_URBAN,STREET,1,16.0
114547,2,5,99,1,3,40.0,0,I,MELB_URBAN,STREET,1,21.0
114548,3,5,167,5,1,100.0,0,N,RURAL_VICTORIA,ROAD,1,20.0
114549,4,5,171,5,1,100.0,1,N,RURAL_VICTORIA,ROAD,1,20.0
114550,1,4,120,5,5,80.0,0,N,RURAL_VICTORIA,ROAD,1,21.0
114551,1,5,99,2,1,60.0,0,I,MELB_URBAN,ROAD,1,16.0
114552,4,5,171,2,3,60.0,0,I,MELB_URBAN,ROAD,1,21.0
114553,6,5,99,5,3,50.0,0,N,TOWNS,STREET,1,23.0
114554,1,4,135,5,1,80.0,0,N,MELB_URBAN,HIGHWAY,1,12.0
114555,4,3,173,5,9,80.0,0,N,RURAL_VICTORIA,ROAD,1,13.0
114556,1,6,147,5,1,60.0,0,N,MELB_URBAN,ROAD,1,9.0
114557,1,5,113,2,3,60.0,0,I,MELB_URBAN,STREET,1,5.0
114558,2,5,99,5,1,50.0,0,N,MELB_URBAN,ROAD,1,11.0
114559,1,6,130,1,3,50.0,0,N,LARGE_PROVINCIAL_CITIES,DRIVE,1,22.0
114560,1,5,135,1,1,60.0,0,I,MELB_URBAN,STREET,1,17.0
114561,1,6,121,2,1,60.0,0,I,MELB_URBAN,ROAD,1,10.0
114562,1,6,99,4,1,60.0,0,I,RURAL_VICTORIA,ROAD,1,8.0
114563,1,6,130,5,1,80.0,0,N,MELB_URBAN,DRIVE,1,10.0
114564,1,6,134,5,1,80.0,0,N,MELB_URBAN,HIGHWAY,1,10.0
114565,1,5,110,1,2,60.0,0,N,MELB_URBAN,ROAD,1,5.0
114566,8,6,174,5,1,100.0,0,N,RURAL_VICTORIA,OTHER,1,12.0
114567,1,6,99,5,1,100.0,0,N,MELB_URBAN,RAMP,1,7.0
114568,1,5,132,4,1,50.0,0,I,LARGE_PROVINCIAL_CITIES,UNKNOWN,1,12.0
114569,1,5,130,5,1,80.0,0,N,MELB_URBAN,ROAD,1,16.0
114570,4,6,183,5,1,80.0,0,N,MELB_URBAN,RAMP,1,11.0
114571,1,6,160,5,1,50.0,0,N,MELB_URBAN,AVENUE,1,9.0
114572,4,6,171,5,1,100.0,0,N,RURAL_VICTORIA,HIGHWAY,1,13.0
114573,1,6,160,5,1,70.0,0,N,TOWNS,STREET,1,14.0
114574,8,2,184,5,5,60.0,0,I,RURAL_VICTORIA,ROAD,12,2.0
114575,4,6,173,5,1,50.0,0,N,SMALL_CITIES,DRIVE,1,14.0
114576,2,6,99,5,1,50.0,0,N,TOWNS,ROAD,1,14.0
114577,4,6,171,5,1,100.0,0,N,RURAL_VICTORIA,FREEWAY,1,7.0
114578,6,6,174,5,1,60.0,0,N,MELB_URBAN,ROAD,1,7.0
114579,6,6,170,5,1,80.0,0,N,MELB_URBAN,ROAD,1,17.0
114580,1,1,130,5,3,100.0,0,N,MELB_URBAN,FREEWAY,12,22.0
114581,7,3,99,6,2,30.0,0,N,MELB_URBAN,UNKNOWN,1,21.0
114582,1,5,130,5,1,100.0,0,N,MELB_URBAN,ROAD,1,17.0
114583,4,5,171,5,1,50.0,0,N,MELB_URBAN,OTHER,1,18.0
114584,1,5,163,5,1,40.0,0,N,MELBOURNE_CBD,STREET,1,12.0
114585,1,6,140,5,9,60.0,0,N,SMALL_CITIES,ROAD,1,18.0
114586,4,6,173,5,1,100.0,0,N,RURAL_VICTORIA,ROAD,1,18.0
114587,1,6,147,2,1,60.0,0,N,SMALL_CITIES,STREET,1,18.0
114588,4,7,171,5,3,60.0,0,N,TOWNS,STREET,1,1.0
114589,1,5,147,5,9,60.0,0,N,MELB_URBAN,STREET,1,21.0
114590,1,5,110,1,1,60.0,0,I,MELB_URBAN,ROAD,1,12.0
114591,1,6,99,1,1,80.0,0,N,MELB_URBAN,ROAD,1,6.0
114592,2,6,102,2,1,40.0,0,I,MELB_URBAN,STREET,1,7.0
114593,1,6,135,5,1,100.0,0,N,MELB_URBAN,ROAD,1,7.0
114594,1,6,121,2,1,80.0,0,I,RURAL_VICTORIA,ROAD,1,19.0
114595,1,1,130,5,1,60.0,0,N,MELB_URBAN,HIGHWAY,12,13.0
114596,1,5,134,5,1,60.0,0,N,SMALL_CITIES,STREET,1,9.0
114597,1,6,121,1,1,80.0,0,I,MELB_URBAN,HIGHWAY,1,11.0
114598,1,6,110,1,1,60.0,0,I,MELB_URBAN,ROAD,1,11.0
114599,1,7,121,1,1,60.0,0,I,RURAL_VICTORIA,ROAD,1,8.0
114600,1,7,147,4,1,60.0,0,N,MELB_URBAN,HIGHWAY,1,11.0
114601,1,7,147,1,1,60.0,0,I,MELB_URBAN,ROAD,1,11.0
114602,1,7,113,1,1,60.0,0,I,RURAL_VICTORIA,ROAD,1,13.0
114603,1,6,130,5,1,40.0,0,N,MELB_URBAN,STREET,1,10.0
114604,1,7,130,5,1,80.0,0,N,MELB_URBAN,ROAD,1,7.0
114605,1,6,130,2,1,60.0,0,I,MELB_URBAN,ROAD,1,11.0
114606,1,7,111,1,1,60.0,0,I,MELB_URBAN,ROAD,1,18.0
114607,4,6,173,5,1,50.0,0,N,MELB_URBAN,BOULEVARD,1,17.0
114608,1,7,113,2,1,50.0,0,N,MELB_URBAN,STREET,1,20.0
114609,4,2,181,5,1,60.0,0,N,MELB_URBAN,UNKNOWN,1,19.0
114610,1,6,130,5,3,50.0,0,N,MELB_URBAN,ROAD,1,20.0
114611,6,7,174,1,1,60.0,0,N,LARGE_PROVINCIAL_CITIES,STREET,1,17.0
114612,1,1,113,2,3,80.0,0,I,SMALL_TOWNS,HIGHWAY,1,2.0
114613,4,1,173,5,5,80.0,0,N,MELB_URBAN,ROAD,1,3.0
114614,1,7,120,5,1,60.0,0,N,MELB_URBAN,ROAD,1,14.0
114615,1,5,163,5,1,70.0,0,N,MELB_URBAN,ROAD,1,12.0
114616,1,1,160,5,1,50.0,0,N,MELB_URBAN,OTHER,1,8.0
114617,1,1,147,5,1,40.0,0,N,MELB_URBAN,ROAD,1,8.0
114618,1,7,130,5,1,100.0,0,N,RURAL_VICTORIA,HIGHWAY,1,11.0
114619,1,1,99,2,1,50.0,0,N,MELB_URBAN,STREET,1,10.0
114620,6,1,99,5,1,100.0,0,N,RURAL_VICTORIA,ROAD,1,12.0
114621,1,1,113,2,1,50.0,0,I,MELB_URBAN,STREET,1,8.0
114622,1,1,130,5,1,80.0,0,N,MELB_URBAN,ROAD,1,12.0
114623,1,7,130,5,3,60.0,0,N,MELB_URBAN,ROAD,1,21.0
114624,5,7,99,5,1,60.0,0,N,RURAL_VICTORIA,ROAD,1,16.0
114625,1,1,110,1,1,80.0,0,I,RURAL_VICTORIA,AVENUE,1,11.0
114626,1,1,99,1,1,50.0,0,I,MELB_URBAN,STREET,1,15.0
114627,1,3,121,1,1,80.0,0,I,MELB_URBAN,ROAD,1,11.0
114628,1,0,130,1,1,60.0,0,I,MELB_URBAN,ROAD,1,15.0
114629,4,0,183,5,1,80.0,0,N,SMALL_CITIES,ROAD,1,12.0
114630,6,0,99,5,2,70.0,0,N,MELB_URBAN,ROAD,1,17.0
114631,1,1,113,2,1,70.0,0,I,SMALL_CITIES,STREET,1,15.0
114632,4,1,171,1,1,60.0,0,I,SMALL_CITIES,STREET,1,17.0
114633,1,1,99,5,1,60.0,0,N,MELB_URBAN,RAMP,1,14.0
114634,1,0,113,2,1,60.0,0,I,LARGE_PROVINCIAL_CITIES,HIGHWAY,1,15.0
114635,5,1,99,5,1,60.0,0,N,MELB_URBAN,HIGHWAY,1,16.0
114636,4,1,173,5,1,100.0,0,N,RURAL_VICTORIA,ROAD,1,18.0
114637,1,4,130,5,1,60.0,0,N,SMALL_CITIES,ROAD,1,16.0
114638,5,1,99,5,5,100.0,0,N,RURAL_VICTORIA,ROAD,1,22.0
114639,1,0,130,5,1,80.0,0,N,MELB_URBAN,HIGHWAY,1,13.0
114640,4,2,173,5,1,60.0,0,N,MELB_URBAN,ROAD,1,9.0
114641,4,2,173,5,1,60.0,0,N,MELB_URBAN,ROAD,1,8.0
114642,5,5,99,5,9,70.0,0,N,MELB_URBAN,ROAD,1,19.0
114643,1,6,140,5,1,50.0,0,N,MELB_URBAN,STREET,1,10.0
114644,2,2,102,1,1,60.0,0,I,MELB_URBAN,ROAD,1,10.0
114645,1,2,130,5,1,40.0,0,N,MELB_URBAN,STREET,1,10.0
114646,1,4,130,1,1,100.0,0,I,RURAL_VICTORIA,HIGHWAY,1,14.0
114647,6,2,174,5,1,60.0,0,N,MELB_URBAN,ROAD,1,11.0
114648,1,4,113,1,1,60.0,0,N,TOWNS,STREET,1,12.0
114649,1,7,99,3,5,80.0,0,I,RURAL_VICTORIA,HIGHWAY,12,22.0
114650,1,2,111,1,1,50.0,0,I,MELB_URBAN,DRIVE,1,11.0
114651,1,4,110,1,9,60.0,0,I,MELB_URBAN,ROAD,1,15.0
114652,6,1,174,5,1,100.0,0,N,RURAL_VICTORIA,ROAD,1,11.0
114653,1,1,130,2,1,60.0,0,I,MELB_URBAN,ROAD,1,17.0
114654,1,2,140,5,1,80.0,0,N,MELB_URBAN,HIGHWAY,1,14.0
114655,1,7,130,2,1,60.0,0,I,MELB_URBAN,ROAD,12,14.0
114656,4,2,183,5,1,50.0,0,N,MELB_URBAN,DRIVE,1,15.0
114657,6,0,174,2,2,80.0,0,I,MELB_URBAN,ROAD,1,19.0
114658,1,1,110,1,1,60.0,0,I,LARGE_PROVINCIAL_CITIES,ROAD,1,17.0
114659,6,1,170,5,1,100.0,0,N,RURAL_VICTORIA,HIGHWAY,1,13.0
114660,1,2,111,1,1,60.0,0,I,MELB_URBAN,ROAD,1,17.0
114661,1,1,110,1,1,60.0,0,N,SMALL_CITIES,STREET,1,17.0
114662,3,2,167,5,5,100.0,0,N,RURAL_VICTORIA,ROAD,1,21.0
114663,1,2,99,2,1,40.0,0,I,LARGE_PROVINCIAL_CITIES,STREET,1,15.0
114664,1,5,99,5,1,60.0,0,N,MELB_URBAN,STREET,1,7.0
114665,1,3,171,2,3,50.0,0,I,MELB_URBAN,STREET,1,0.0
114666,4,2,171,5,3,60.0,0,N,MELB_URBAN,ROAD,1,23.0
114667,1,3,171,5,3,60.0,0,N,MELB_URBAN,PARADE,1,1.0
114668,1,4,99,5,1,80.0,0,N,RURAL_VICTORIA,HIGHWAY,1,17.0
114669,1,3,116,2,1,60.0,0,I,SMALL_CITIES,STREET,12,11.0
114670,1,3,130,5,1,70.0,0,N,MELB_URBAN,ROAD,1,14.0
114671,1,3,121,1,1,70.0,0,I,MELB_URBAN,ROAD,1,8.0
114672,1,5,130,1,2,80.0,0,I,MELB_URBAN,ROAD,1,5.0
114673,1,3,110,1,2,50.0,0,I,MELB_URBAN,AVENUE,1,7.0
114674,3,5,167,5,5,100.0,0,N,RURAL_VICTORIA,ROAD,1,4.0
114675,1,2,130,2,1,50.0,0,N,MELB_URBAN,ROAD,1,11.0
114676,8,1,174,5,1,60.0,0,N,RURAL_VICTORIA,ROAD,10,16.0
114677,2,2,99,5,2,60.0,0,N,MELB_URBAN,DRIVE,1,5.0
114678,1,2,99,5,1,50.0,0,N,MELB_URBAN,STREET,1,9.0
114679,2,2,99,5,1,60.0,0,N,MELB_URBAN,ROAD,1,10.0
114680,1,3,130,5,1,80.0,0,N,MELB_URBAN,RAMP,1,6.0
114681,1,3,133,5,1,60.0,0,N,MELB_URBAN,ROAD,1,6.0
114682,6,3,174,5,1,50.0,0,N,MELB_URBAN,ROAD,1,12.0
114683,1,6,121,2,1,80.0,0,I,RURAL_VICTORIA,ROAD,1,16.0
114684,1,2,130,1,1,70.0,0,I,LARGE_PROVINCIAL_CITIES,HIGHWAY,1,16.0
114685,1,2,130,5,1,100.0,0,N,MELB_URBAN,FREEWAY,1,7.0
114686,1,3,135,5,1,100.0,0,N,MELB_URBAN,FREEWAY,1,13.0
114687,1,2,110,1,1,40.0,0,I,TOWNS,STREET,1,14.0
114688,1,3,135,5,1,100.0,0,N,MELB_URBAN,UNKNOWN,12,8.0
114689,1,2,121,1,1,70.0,0,I,MELB_URBAN,ROAD,1,14.0
114690,1,3,113,2,6,60.0,0,I,MELB_URBAN,STREET,1,5.0
114691,1,4,147,5,1,60.0,0,I,MELB_URBAN,STREET,12,13.0
114692,1,3,160,2,1,60.0,0,N,MELB_URBAN,STREET,1,15.0
114693,1,0,99,1,1,60.0,0,N,LARGE_PROVINCIAL_CITIES,ROAD,11,14.0
114694,2,2,100,1,1,80.0,0,N,MELB_URBAN,ROAD,1,18.0
114695,1,3,99,5,1,40.0,0,N,MELB_URBAN,ROAD,1,18.0
114696,1,3,110,1,1,80.0,0,I,MELB_URBAN,HIGHWAY,1,18.0
114697,1,3,130,2,1,60.0,0,I,MELB_URBAN,ROAD,1,19.0
114698,1,2,132,2,3,60.0,0,I,MELB_URBAN,ROAD,1,21.0
114699,1,6,130,5,2,80.0,0,N,MELB_URBAN,ROAD,1,18.0
114700,1,3,130,2,1,100.0,0,I,RURAL_VICTORIA,HIGHWAY,1,18.0
114701,1,2,130,5,9,60.0,0,N,MELB_URBAN,ROAD,1,8.0
114702,1,3,130,5,1,100.0,0,N,MELB_URBAN,FREEWAY,1,17.0
114703,1,1,110,1,2,50.0,0,I,MELB_URBAN,OTHER,10,6.0
114704,1,3,121,2,1,60.0,0,N,MELB_URBAN,OTHER,1,17.0
114705,1,3,132,2,1,100.0,1,I,RURAL_VICTORIA,HIGHWAY,1,17.0
114706,1,1,130,1,1,60.0,0,N,MELB_URBAN,ROAD,1,16.0
114707,2,3,99,5,1,50.0,0,N,MELB_URBAN,STREET,1,16.0
114708,1,4,132,5,3,60.0,0,N,MELB_URBAN,STREET,1,1.0
114709,1,3,120,5,5,60.0,0,N,RURAL_VICTORIA,ROAD,1,22.0
114710,1,3,140,2,3,60.0,0,I,MELB_URBAN,OTHER,1,23.0
114711,1,3,121,2,1,50.0,0,I,MELB_URBAN,ROAD,1,15.0
114712,4,4,173,5,5,60.0,1,N,RURAL_VICTORIA,ROAD,1,1.0
114713,1,3,130,5,1,60.0,0,N,MELB_URBAN,ROAD,12,13.0
114714,1,2,120,5,1,60.0,0,N,MELB_URBAN,ROAD,1,7.0
114715,5,1,173,5,1,100.0,0,N,RURAL_VICTORIA,ROAD,1,14.0
114716,1,7,121,1,2,60.0,0,I,MELB_URBAN,ROAD,1,6.0
114717,1,4,99,5,1,60.0,0,N,RURAL_VICTORIA,DRIVE,1,6.0
114718,2,4,99,1,1,40.0,0,N,MELB_URBAN,ROAD,1,8.0
114719,1,1,121,5,2,60.0,0,N,TOWNS,HIGHWAY,9,7.0
114720,1,4,110,1,1,100.0,0,I,TOWNS,ROAD,1,7.0
114721,1,4,99,5,1,50.0,0,N,MELB_URBAN,ROAD,1,10.0
114722,1,5,99,5,9,40.0,0,N,MELB_URBAN,ROAD,1,20.0
114723,1,4,110,1,1,100.0,0,I,RURAL_VICTORIA,HIGHWAY,1,11.0
114724,1,4,130,5,1,40.0,0,N,RURAL_VICTORIA,HIGHWAY,1,11.0
114725,1,4,121,2,1,60.0,0,I,MELB_URBAN,ROAD,1,12.0
114726,1,3,121,1,1,60.0,0,I,MELB_URBAN,STREET,1,12.0
114727,1,6,121,2,1,80.0,0,I,SMALL_CITIES,ROAD,12,17.0
114728,1,4,110,1,1,50.0,0,I,MELB_URBAN,STREET,1,12.0
114729,1,4,130,1,1,80.0,0,I,MELB_URBAN,HIGHWAY,1,13.0
114730,2,2,102,4,3,50.0,0,I,MELB_URBAN,STREET,1,21.0
114731,6,3,99,5,1,100.0,0,N,RURAL_VICTORIA,ROAD,1,8.0
114732,1,3,130,5,1,100.0,0,N,RURAL_VICTORIA,HIGHWAY,1,14.0
114733,1,4,111,1,1,80.0,0,I,MELB_URBAN,ROAD,1,13.0
114734,1,4,99,5,1,50.0,0,N,SMALL_CITIES,BOULEVARD,1,12.0
114735,1,2,130,5,1,70.0,0,N,MELB_URBAN,ROAD,1,18.0
114736,1,0,130,5,1,70.0,0,N,MELB_URBAN,ROAD,1,8.0
114737,1,2,130,1,1,50.0,0,I,SMALL_CITIES,ROAD,1,14.0
114738,1,4,110,1,1,60.0,0,I,SMALL_CITIES,STREET,1,17.0
114739,1,3,116,2,1,60.0,0,N,SMALL_CITIES,ROAD,1,16.0
114740,1,3,113,1,1,60.0,0,I,MELB_URBAN,ROAD,1,18.0
114741,1,4,110,1,1,50.0,0,I,LARGE_PROVINCIAL_CITIES,STREET,1,17.0
114742,1,0,110,1,1,60.0,0,I,MELB_URBAN,ROAD,1,14.0
114743,1,3,116,1,1,60.0,0,I,MELB_URBAN,ROAD,1,14.0
114744,6,7,99,5,1,60.0,0,N,RURAL_VICTORIA,ROAD,11,14.0
114745,1,4,130,5,1,80.0,0,N,MELB_URBAN,ROAD,1,16.0
114746,3,3,167,5,5,100.0,0,N,RURAL_VICTORIA,HIGHWAY,1,22.0
114747,1,4,130,5,1,80.0,0,N,RURAL_VICTORIA,ROAD,1,17.0
114748,6,4,99,5,1,100.0,0,N,RURAL_VICTORIA,ROAD,1,16.0
114749,1,4,110,1,3,60.0,0,N,RURAL_VICTORIA,BOULEVARD,1,21.0
114750,4,3,181,5,3,80.0,0,N,MELB_URBAN,FREEWAY,1,4.0
114751,1,4,130,2,3,80.0,0,N,MELB_URBAN,ROAD,1,23.0
114752,2,4,100,5,1,60.0,0,N,MELB_URBAN,STREET,1,17.0
114753,1,5,160,5,3,60.0,0,N,MELB_URBAN,HIGHWAY,1,0.0
114754,2,5,100,1,3,60.0,0,I,MELB_URBAN,ROAD,1,6.0