,accident_type,day_of_week,dca_code,road_geometry,light_condition,speed_zone,severity,node_type,deg_urban_name,road_type,month,hour
114755,1,2,130,1,1,60.0,0,N,MELB_URBAN,ROAD,1,12.0
114756,1,4,130,1,1,80.0,0,I,MELB_URBAN,ROAD,1,7.0
114757,1,5,121,2,1,80.0,0,I,MELB_URBAN,HIGHWAY,1,6.0
114758,1,4,120,2,1,60.0,0,I,MELB_URBAN,PARADE,1,7.0
114759,4,5,181,5,2,80.0,0,N,RURAL_VICTORIA,ROAD,1,7.0
114760,1,5,110,1,1,60.0,0,I,SMALL_CITIES,STREET,1,7.0
114761,4,3,183,5,1,100.0,0,N,RURAL_VICTORIA,ROAD,1,15.0
114762,1,4,134,5,1,100.0,0,N,MELB_URBAN,FREEWAY,1,8.0
114763,1,2,130,5,9,100.0,0,N,MELB_URBAN,UNKNOWN,1,17.0
114764,4,5,181,5,1,70.0,0,N,RURAL_VICTORIA,ROAD,1,10.0
114765,1,5,130,5,1,80.0,0,N,MELB_URBAN,FREEWAY,1,7.0
114766,1,3,130,5,2,100.0,0,N,MELB_URBAN,FREEWAY,1,7.0
114767,6,5,174,5,1,40.0,0,N,MELBOURNE_CBD,STREET,1,10.0
114768,6,4,99,5,1,80.0,0,N,RURAL_VICTORIA,ROAD,1,13.0
114769,1,3,163,5,1,40.0,0,N,MELBOURNE_CBD,STREET,1,12.0
114770,6,4,99,5,1,60.0,0,N,RURAL_VICTORIA,ROAD,1,10.0
114771,4,5,173,5,1,50.0,0,N,MELB_URBAN,DRIVE,1,9.0
114772,4,5,173,5,1,50.0,0,N,MELB_URBAN,OTHER,1,7.0
114773,1,5,132,2,1,60.0,0,I,MELB_URBAN,STREET,1,9.0
114774,1,5,120,5,1,80.0,0,N,MELB_URBAN,ROAD,1,10.0
114775,1,2,130,5,9,60.0,0,N,RURAL_VICTORIA,RAMP,1,19.0
114776,1,5,99,5,1,50.0,0,N,MELB_URBAN,STREET,1,7.0
114777,1,5,110,1,1,80.0,0,I,MELB_URBAN,ROAD,1,9.0
114778,6,1,174,5,1,60.0,0,I,MELB_URBAN,STREET,1,19.0
114779,1,5,110,1,1,40.0,0,I,MELB_URBAN,STREET,1,9.0
114780,1,5,147,5,1,80.0,0,N,MELB_URBAN,HIGHWAY,1,10.0
114781,2,5,100,5,1,50.0,0,N,SMALL_CITIES,STREET,1,13.0
114782,1,2,121,2,1,60.0,0,I,MELB_URBAN,STREET,2,11.0
114783,1,4,99,5,1,70.0,0,N,MELB_URBAN,ROAD,1,14.0
114784,1,3,130,5,2,60.0,0,N,MELB_URBAN,ROAD,1,19.0
114785,1,5,121,3,1,60.0,0,I,SMALL_CITIES,RAMP,1,13.0
114786,1,4,121,1,1,60.0,0,I,MELB_URBAN,ROAD,1,17.0
114787,1,5,130,2,1,60.0,0,N,MELB_URBAN,ROAD,1,9.0
114788,1,1,130,5,1,60.0,0,N,MELB_URBAN,ROAD,1,11.0
114789,1,5,132,1,1,80.0,0,I,RURAL_VICTORIA,HIGHWAY,1,15.0
114790,6,4,174,5,1,60.0,0,N,MELB_URBAN,ROAD,1,15.0
114791,4,6,171,2,1,60.0,0,I,RURAL_VICTORIA,ROAD,1,9.0
114792,1,4,116,2,1,80.0,0,I,RURAL_VICTORIA,ROAD,1,14.0
114793,1,5,121,1,1,60.0,0,I,MELB_URBAN,ROAD,1,16.0
114794,4,5,171,5,1,50.0,0,N,MELB_URBAN,ROAD,1,14.0
114795,1,5,140,5,1,70.0,0,N,MELB_URBAN,HIGHWAY,1,17.0
114796,1,4,147,5,1,60.0,0,N,MELB_URBAN,ROAD,1,13.0
114797,1,7,121,1,9,60.0,0,N,MELB_URBAN,ROAD,12,11.0
114798,1,5,134,5,1,100.0,0,N,MELB_URBAN,UNKNOWN,1,16.0
114799,1,4,110,1,1,60.0,0,N,MELB_URBAN,ROAD,1,19.0
114800,1,4,147,5,1,60.0,0,N,MELB_URBAN,ROAD,1,16.0
114801,4,4,183,5,1,80.0,0,N,RURAL_VICTORIA,HIGHWAY,1,16.0
114802,4,5,173,5,5,100.0,0,N,MELB_URBAN,FREEWAY,1,21.0
114803,4,5,171,1,3,60.0,0,I,MELB_URBAN,ROAD,1,23.0
114804,1,5,135,5,3,40.0,0,N,MELB_URBAN,OTHER,1,23.0
114805,1,5,147,5,3,50.0,0,N,MELB_URBAN,AVENUE,1,22.0
114806,1,4,120,5,3,60.0,0,N,MELB_URBAN,ROAD,1,22.0
114807,1,1,113,2,1,60.0,0,I,MELB_URBAN,ROAD,1,18.0
114808,8,2,170,2,1,60.0,0,I,RURAL_VICTORIA,ROAD,12,9.0
114809,4,7,173,5,2,60.0,0,N,RURAL_VICTORIA,STREET,1,19.0
114810,1,5,110,1,1,60.0,0,I,LARGE_PROVINCIAL_CITIES,STREET,1,10.0
114811,1,6,99,2,1,60.0,0,I,MELB_URBAN,ROAD,1,10.0
114812,1,5,140,5,1,40.0,0,N,MELB_URBAN,ROAD,1,11.0
114813,1,5,110,1,1,50.0,0,I,LARGE_PROVINCIAL_CITIES,STREET,1,12.0
114814,1,6,110,1,1,50.0,0,I,MELB_URBAN,STREET,1,9.0
114815,2,5,100,5,1,60.0,0,N,LARGE_PROVINCIAL_CITIES,ROAD,1,11.0
114816,1,6,99,1,1,60.0,0,N,MELB_URBAN,PARADE,1,15.0
114817,1,6,147,5,1,50.0,0,N,MELB_URBAN,DRIVE,1,12.0
114818,1,6,110,1,1,60.0,0,I,SMALL_CITIES,STREET,1,12.0
114819,1,1,110,1,2,60.0,0,I,MELB_URBAN,ROAD,1,16.0
114820,1,6,120,5,1,60.0,0,N,MELB_URBAN,DRIVE,1,10.0
114821,1,6,121,1,1,70.0,0,I,MELB_URBAN,ROAD,1,8.0
114822,1,5,116,2,1,60.0,0,I,MELB_URBAN,ROAD,1,13.0
114823,1,5,99,5,1,60.0,0,N,MELB_URBAN,ROAD,1,6.0
114824,1,5,130,5,6,80.0,0,O,MELB_URBAN,UNKNOWN,1,19.0
114825,4,5,99,5,1,100.0,0,N,RURAL_VICTORIA,HIGHWAY,1,16.0
114826,1,6,121,2,1,80.0,0,I,MELB_URBAN,HIGHWAY,1,12.0
114827,1,6,99,5,1,40.0,0,N,MELB_URBAN,OTHER,1,13.0
114828,1,6,110,1,1,80.0,0,I,RURAL_VICTORIA,ROAD,1,12.0
114829,1,6,133,5,1,100.0,0,N,MELB_URBAN,ROAD,1,16.0
114830,1,6,113,2,1,60.0,0,I,MELB_URBAN,ROAD,1,16.0
114831,1,3,130,5,1,100.0,0,N,MELB_URBAN,ROAD,1,10.0
114832,1,5,140,5,1,60.0,0,N,MELB_URBAN,ROAD,1,12.0
114833,1,6,130,5,1,60.0,0,N,MELB_URBAN,ROAD,1,17.0
114834,1,1,99,1,9,50.0,0,I,MELB_URBAN,ROAD,1,9.0
114835,1,5,121,2,3,100.0,0,I,RURAL_VICTORIA,OTHER,1,21.0
114836,4,5,173,5,1,100.0,0,N,RURAL_VICTORIA,HIGHWAY,1,17.0
114837,4,6,173,5,1,80.0,0,N,RURAL_VICTORIA,ROAD,1,17.0
114838,4,6,183,5,1,50.0,0,N,MELB_URBAN,AVENUE,1,14.0
114839,1,6,130,1,1,60.0,0,N,MELB_URBAN,RAMP,1,19.0
114840,6,6,99,5,1,100.0,0,N,RURAL_VICTORIA,OTHER,1,16.0
114841,1,5,99,5,1,80.0,0,N,MELB_URBAN,ROAD,1,14.0
114842,1,6,121,1,1,50.0,0,I,MELB_URBAN,ROAD,1,16.0
114843,5,5,99,5,1,100.0,0,N,RURAL_VICTORIA,FREEWAY,1,16.0
114844,1,5,121,2,1,60.0,0,I,MELB_URBAN,ROAD,1,16.0
114845,4,6,171,5,1,60.0,0,N,TOWNS,STREET,1,17.0
114846,1,2,132,5,1,60.0,0,N,MELB_URBAN,ROAD,1,14.0
114847,1,5,99,1,5,60.0,0,I,MELB_URBAN,STREET,1,23.0
114848,4,6,171,5,5,60.0,0,N,RURAL_VICTORIA,ROAD,1,21.0
114849,2,6,102,5,4,50.0,0,N,MELB_URBAN,STREET,1,1.0
114850,1,2,147,2,9,60.0,0,I,MELB_URBAN,OTHER,1,17.0
114851,1,7,110,1,1,60.0,0,I,SMALL_CITIES,STREET,1,8.0
114852,1,7,130,5,1,100.0,0,N,LARGE_PROVINCIAL_CITIES,ROAD,1,8.0
114853,1,6,110,1,2,50.0,0,N,LARGE_PROVINCIAL_CITIES,STREET,1,20.0
114854,8,4,170,5,1,80.0,0,N,RURAL_VICTORIA,ROAD,10,5.0
114855,1,7,130,1,3,60.0,0,I,MELB_URBAN,ROAD,1,4.0
114856,1,7,116,1,1,50.0,0,I,MELB_URBAN,ROAD,1,8.0
114857,1,6,121,2,1,80.0,0,I,MELB_URBAN,HIGHWAY,1,8.0
114858,4,7,99,5,1,60.0,0,N,LARGE_PROVINCIAL_CITIES,STREET,1,9.0
114859,4,6,171,5,2,100.0,0,N,RURAL_VICTORIA,FREEWAY,1,6.0
114860,1,7,110,1,1,60.0,0,I,SMALL_CITIES,STREET,1,7.0
114861,1,7,135,5,1,80.0,0,N,RURAL_VICTORIA,FREEWAY,1,9.0
114862,6,1,174,5,1,100.0,0,N,RURAL_VICTORIA,STREET,12,17.0
114863,1,7,130,5,3,100.0,0,N,MELB_URBAN,FREEWAY,1,22.0
114864,1,7,113,2,1,80.0,0,I,RURAL_VICTORIA,ROAD,1,10.0
114865,1,7,160,5,1,60.0,0,N,MELB_URBAN,ROAD,1,12.0
114866,1,6,140,5,1,60.0,0,N,SMALL_CITIES,STREET,1,13.0
114867,1,6,110,1,1,60.0,0,I,TOWNS,STREET,1,10.0
114868,1,7,147,5,1,60.0,0,N,MELB_URBAN,ROAD,1,15.0
114869,1,6,130,2,1,100.0,0,N,MELB_URBAN,UNKNOWN,1,16.0
114870,1,7,121,1,1,60.0,0,I,RURAL_VICTORIA,ROAD,1,16.0
114871,1,7,120,5,1,70.0,0,N,TOWNS,ROAD,1,17.0
114872,1,7,130,2,1,70.0,0,I,LARGE_PROVINCIAL_CITIES,OTHER,1,18.0
114873,1,6,121,2,1,60.0,0,I,MELB_URBAN,ROAD,1,16.0
114874,1,7,160,5,1,50.0,0,N,MELB_URBAN,STREET,1,17.0
114875,1,7,160,5,1,50.0,0,N,MELB_URBAN,AVENUE,1,14.0
114876,1,7,140,5,1,80.0,0,N,SMALL_CITIES,HIGHWAY,1,17.0
114877,8,7,99,2,1,50.0,0,N,LARGE_PROVINCIAL_CITIES,DRIVE,1,19.0
114878,4,7,171,5,1,50.0,0,N,LARGE_PROVINCIAL_CITIES,ROAD,1,19.0
114879,1,7,132,1,3,50.0,0,I,MELB_URBAN,STREET,1,21.0
114880,1,6,121,1,3,80.0,0,I,MELB_URBAN,ROAD,1,22.0
114881,1,6,121,1,3,60.0,0,I,MELB_URBAN,STREET,1,22.0
114882,5,4,99,5,5,100.0,0,N,RURAL_VICTORIA,ROAD,1,23.0
114883,1,6,121,2,2,80.0,0,I,MELB_URBAN,DRIVE,1,6.0
114884,4,1,99,5,6,50.0,0,N,RURAL_VICTORIA,ROAD,1,5.0
114885,1,6,99,1,1,40.0,0,I,MELB_URBAN,STREET,1,11.0
114886,4,1,171,5,1,60.0,0,N,MELB_URBAN,ROAD,1,9.0
114887,1,6,160,5,1,60.0,0,N,MELB_URBAN,STREET,1,17.0
114888,4,6,173,5,9,60.0,0,N,RURAL_VICTORIA,ROAD,1,12.0
114889,1,4,99,5,9,60.0,0,N,MELB_URBAN,STREET,1,20.0
114890,1,2,130,5,1,60.0,0,N,MELB_URBAN,STREET,12,7.0
114891,1,6,121,1,1,60.0,0,I,LARGE_PROVINCIAL_CITIES,OTHER,1,16.0
114892,1,1,113,2,1,50.0,0,N,MELB_URBAN,STREET,1,10.0
114893,3,3,167,5,5,100.0,0,N,RURAL_VICTORIA,HIGHWAY,1,21.0
114894,3,0,167,5,1,100.0,0,N,RURAL_VICTORIA,HIGHWAY,1,10.0
114895,1,1,130,5,1,60.0,0,N,RURAL_VICTORIA,HIGHWAY,1,12.0
114896,1,0,113,2,1,70.0,0,I,MELB_URBAN,STREET,1,12.0
114897,1,4,147,5,1,60.0,0,N,MELB_URBAN,ROAD,12,16.0
114898,4,1,171,5,5,100.0,0,N,RURAL_VICTORIA,ROAD,1,2.0
114899,1,0,130,5,1,60.0,0,N,MELB_URBAN,ROAD,1,12.0
114900,1,1,110,1,1,50.0,0,I,SMALL_CITIES,BOULEVARD,1,10.0
114901,1,1,130,2,1,60.0,0,I,MELB_URBAN,ROAD,1,14.0
114902,6,1,170,5,1,100.0,0,N,RURAL_VICTORIA,ROAD,1,14.0
114903,4,1,171,5,1,50.0,0,N,MELB_URBAN,ROAD,1,14.0
114904,5,0,99,5,1,100.0,0,N,RURAL_VICTORIA,OTHER,1,10.0
114905,1,1,121,2,1,60.0,0,I,MELB_URBAN,ROAD,1,10.0
114906,1,7,113,2,1,80.0,0,I,MELB_URBAN,ROAD,1,13.0
114907,2,6,102,1,1,50.0,0,N,SMALL_CITIES,STREET,1,14.0
114908,1,6,130,1,1,80.0,0,N,MELB_URBAN,ROAD,1,18.0
114909,4,0,99,2,1,70.0,0,N,MELB_URBAN,RAMP,1,17.0
114910,1,1,132,1,1,60.0,0,I,MELB_URBAN,STREET,1,15.0
114911,2,1,100,5,1,80.0,0,N,SMALL_CITIES,HIGHWAY,1,18.0
114912,4,7,171,5,1,100.0,0,N,RURAL_VICTORIA,ROAD,1,12.0
114913,5,0,99,2,1,100.0,0,I,RURAL_VICTORIA,ROAD,1,18.0
114914,6,5,170,5,1,100.0,0,N,RURAL_VICTORIA,HIGHWAY,1,6.0
114915,1,1,160,5,3,50.0,0,N,MELB_URBAN,STREET,1,22.0
114916,2,1,99,5,3,60.0,1,N,SMALL_CITIES,ROAD,1,23.0
114917,4,2,173,5,3,80.0,0,N,MELB_URBAN,ROAD,1,0.0
114918,4,1,181,5,5,110.0,0,N,RURAL_VICTORIA,OTHER,1,4.0
114919,4,2,171,5,3,50.0,0,N,MELB_URBAN,ROAD,1,0.0
114920,1,2,120,5,5,80.0,0,N,RURAL_VICTORIA,ROAD,1,5.0
114921,4,1,183,5,1,60.0,0,N,RURAL_VICTORIA,OTHER,1,19.0
114922,4,2,181,5,1,90.0,0,N,RURAL_VICTORIA,ROAD,1,10.0
114923,4,1,171,5,1,100.0,0,N,RURAL_VICTORIA,HIGHWAY,1,16.0
114924,1,6,99,1,1,60.0,0,I,MELB_URBAN,ROAD,12,8.0
114925,3,2,167,5,1,100.0,0,N,RURAL_VICTORIA,ROAD,1,8.0
114926,4,2,181,5,1,70.0,0,N,MELB_URBAN,ROAD,1,12.0
114927,1,1,130,5,1,100.0,0,N,RURAL_VICTORIA,ROAD,1,12.0
114928,1,1,110,1,1,50.0,0,I,MELB_URBAN,STREET,1,12.0
114929,1,2,110,1,1,60.0,0,I,LARGE_PROVINCIAL_CITIES,ROAD,1,13.0
114930,1,1,110,1,3,60.0,0,I,MELB_URBAN,AVENUE,1,21.0
114931,6,2,99,2,1,80.0,0,I,RURAL_VICTORIA,ROAD,1,11.0
114932,6,2,99,2,1,80.0,0,I,RURAL_VICTORIA,ROAD,1,11.0
114933,1,1,121,2,1,60.0,0,I,MELB_URBAN,ROAD,1,14.0
114934,1,2,116,2,1,60.0,0,I,MELB_URBAN,ROAD,1,14.0
114935,1,6,130,5,1,100.0,0,N,MELB_URBAN,FREEWAY,1,15.0
114936,1,2,130,5,1,80.0,0,N,MELB_URBAN,RAMP,1,16.0
114937,4,2,171,2,1,50.0,0,N,MELB_URBAN,ROAD,1,16.0
114938,1,1,130,1,1,60.0,0,I,MELB_URBAN,ROAD,1,13.0
114939,1,2,113,2,1,60.0,0,I,MELB_URBAN,STREET,1,16.0
114940,1,1,163,5,1,40.0,0,N,MELB_URBAN,STREET,1,19.0
114941,1,2,113,2,1,100.0,1,I,RURAL_VICTORIA,HIGHWAY,1,15.0
114942,1,2,110,1,1,80.0,0,I,MELB_URBAN,ROAD,1,17.0
114943,1,5,116,2,1,50.0,0,I,TOWNS,STREET,1,8.0
114944,4,2,173,5,1,80.0,0,N,RURAL_VICTORIA,ROAD,1,17.0
114945,2,2,99,5,1,50.0,0,N,MELB_URBAN,STREET,1,16.0
114946,1,2,99,2,1,60.0,0,I,MELB_URBAN,STREET,1,16.0
114947,1,1,140,5,1,60.0,0,N,MELB_URBAN,STREET,1,17.0
114948,1,5,140,5,2,80.0,0,N,MELB_URBAN,HIGHWAY,10,5.0
114949,1,1,135,5,3,80.0,0,N,MELB_URBAN,HIGHWAY,1,21.0
114950,1,6,121,2,1,60.0,0,N,MELB_URBAN,ROAD,1,16.0
114951,4,3,173,5,3,50.0,0,N,MELB_URBAN,ROAD,1,1.0
114952,6,3,99,5,5,80.0,0,N,RURAL_VICTORIA,ROAD,1,0.0
114953,1,3,160,5,3,70.0,0,N,MELB_URBAN,ROAD,1,2.0
114954,1,1,110,1,3,40.0,0,I,MELBOURNE_CBD,STREET,1,23.0
114955,4,7,181,3,1,70.0,0,N,RURAL_VICTORIA,ROAD,1,10.0
114956,1,5,130,1,1,80.0,0,N,MELB_URBAN,ROAD,1,9.0
114957,1,2,121,1,1,60.0,0,I,MELB_URBAN,ROAD,1,8.0
114958,4,3,173,5,5,50.0,1,N,RURAL_VICTORIA,ROAD,1,4.0
114959,1,6,130,2,1,60.0,0,I,MELB_URBAN,ROAD,1,15.0
114960,1,4,130,1,1,60.0,0,N,MELB_URBAN,STREET,12,18.0
114961,4,3,99,5,1,50.0,0,N,MELB_URBAN,AVENUE,1,11.0
114962,4,3,171,5,1,80.0,0,N,RURAL_VICTORIA,HIGHWAY,1,11.0
114963,1,3,121,1,1,60.0,0,N,SMALL_CITIES,STREET,1,12.0
114964,2,3,100,1,1,60.0,0,I,MELB_URBAN,ROAD,1,12.0
114965,8,3,184,5,1,80.0,0,N,RURAL_VICTORIA,ROAD,1,11.0
114966,2,2,102,5,1,50.0,0,N,MELB_URBAN,STREET,1,11.0
114967,1,2,140,5,1,50.0,0,N,SMALL_CITIES,STREET,1,13.0
114968,6,7,174,5,1,40.0,0,N,MELB_URBAN,STREET,1,11.0
114969,1,3,99,2,1,50.0,0,I,RURAL_VICTORIA,PARADE,1,11.0
114970,6,3,99,5,1,100.0,0,N,RURAL_VICTORIA,ROAD,1,11.0
114971,1,2,140,5,1,60.0,0,N,MELB_URBAN,STREET,1,12.0
114972,4,1,173,1,1,50.0,0,N,MELB_URBAN,RAMP,1,12.0
114973,1,3,133,2,1,60.0,0,I,MELB_URBAN,ROAD,1,15.0
114974,1,3,110,1,1,70.0,0,I,MELB_URBAN,ROAD,1,14.0
114975,1,5,130,5,2,70.0,0,N,MELB_URBAN,ROAD,1,6.0
114976,1,5,130,1,6,60.0,0,N,MELB_URBAN,STREET,11,23.0
114977,6,7,174,5,1,60.0,0,N,RURAL_VICTORIA,OTHER,1,10.0
114978,4,3,99,5,1,60.0,0,N,MELB_URBAN,STREET,1,11.0
114979,6,6,99,5,1,60.0,0,N,MELB_URBAN,PARADE,1,9.0
114980,1,3,99,5,1,40.0,0,N,SMALL_CITIES,STREET,1,16.0
114981,1,3,121,2,1,60.0,0,I,MELB_URBAN,STREET,1,17.0
114982,1,2,113,2,1,60.0,0,N,MELB_URBAN,ROAD,1,17.0
114983,1,3,120,5,1,50.0,0,N,MELB_URBAN,ROAD,1,16.0
114984,5,3,99,2,1,70.0,0,N,RURAL_VICTORIA,DRIVE,1,14.0
114985,1,3,132,2,1,50.0,0,I,SMALL_CITIES,ROAD,1,18.0
114986,1,3,113,2,1,80.0,0,I,MELB_URBAN,ROAD,1,19.0
114987,4,4,171,5,1,100.0,0,N,RURAL_VICTORIA,ROAD,1,17.0
114988,1,2,130,5,1,80.0,0,N,MELB_URBAN,ROAD,1,14.0
114989,1,3,111,1,1,60.0,0,I,MELB_URBAN,ROAD,12,10.0
114990,1,6,130,5,1,60.0,0,N,MELB_URBAN,RAMP,12,11.0
114991,6,2,99,5,1,100.0,0,N,RURAL_VICTORIA,HIGHWAY,1,18.0
114992,1,3,130,2,4,60.0,0,N,MELB_URBAN,ROAD,1,20.0
114993,1,3,130,5,1,100.0,0,N,MELB_URBAN,ROAD,1,16.0
114994,1,3,113,1,1,100.0,0,I,RURAL_VICTORIA,ROAD,1,16.0
114995,4,3,171,2,9,50.0,0,I,MELB_URBAN,DRIVE,1,10.0
114996,5,3,99,1,5,60.0,0,I,RURAL_VICTORIA,ROAD,1,1.0
114997,5,4,171,5,3,70.0,0,N,MELB_URBAN,DRIVE,1,2.0
114998,4,3,99,5,1,50.0,0,N,MELB_URBAN,STREET,1,12.0
114999,1,3,121,1,1,60.0,0,I,MELB_URBAN,ROAD,1,7.0
115000,1,3,110,1,1,40.0,0,I,MELB_URBAN,STREET,1,17.0
115001,1,3,110,1,1,100.0,0,I,RURAL_VICTORIA,ROAD,1,7.0
115002,1,4,147,5,1,50.0,0,N,MELB_URBAN,ROAD,1,7.0
115003,1,3,110,1,2,50.0,0,I,MELB_URBAN,ROAD,1,19.0
115004,1,7,121,2,1,80.0,0,I,MELB_URBAN,ROAD,9,13.0
115005,1,5,99,5,1,60.0,0,N,MELB_URBAN,ROAD,1,15.0
115006,1,4,130,5,1,80.0,0,N,MELB_URBAN,STREET,1,9.0
115007,1,4,113,1,1,60.0,0,N,MELB_URBAN,ROAD,1,10.0
115008,1,5,130,1,1,60.0,0,I,MELB_URBAN,DRIVE,1,8.0
115009,1,3,110,1,3,50.0,0,I,SMALL_CITIES,ROAD,1,21.0
115010,6,2,99,5,1,100.0,0,N,RURAL_VICTORIA,HIGHWAY,1,14.0
115011,1,4,130,5,1,100.0,0,N,MELB_URBAN,ROAD,1,10.0
115012,1,3,134,5,1,60.0,0,N,MELB_URBAN,ROAD,1,10.0
115013,1,7,130,5,1,70.0,0,N,LARGE_PROVINCIAL_CITIES,ROAD,1,12.0
115014,1,4,133,5,1,60.0,0,N,MELB_URBAN,HIGHWAY,1,8.0
115015,1,6,121,2,1,60.0,0,I,MELB_URBAN,ROAD,12,9.0
115016,1,6,163,5,1,60.0,0,N,MELB_URBAN,STREET,1,18.0
115017,5,4,99,5,5,100.0,0,N,RURAL_VICTORIA,HIGHWAY,1,21.0
115018,1,3,110,1,9,50.0,0,I,TOWNS,STREET,1,14.0
115019,1,4,99,5,1,80.0,0,N,RURAL_VICTORIA,ROAD,1,16.0
115020,8,4,99,5,1,100.0,0,N,RURAL_VICTORIA,ROAD,1,14.0
115021,1,4,160,5,1,50.0,0,N,LARGE_PROVINCIAL_CITIES,AVENUE,1,10.0
115022,4,7,99,5,1,60.0,0,N,MELB_URBAN,HIGHWAY,1,9.0
115023,1,3,116,2,1,60.0,0,I,MELB_URBAN,AVENUE,1,5.0
115024,1,4,113,2,1,60.0,0,N,LARGE_PROVINCIAL_CITIES,STREET,1,15.0
115025,1,4,113,2,1,60.0,0,I,MELB_URBAN,ROAD,1,15.0
115026,6,4,99,5,1,100.0,0,N,RURAL_VICTORIA,ROAD,1,15.0
115027,1,3,130,5,1,50.0,0,N,MELB_URBAN,ROAD,1,16.0
115028,1,4,130,5,1,70.0,0,N,LARGE_PROVINCIAL_CITIES,STREET,1,17.0
115029,2,4,99,5,1,50.0,0,N,MELB_URBAN,ROAD,1,14.0
115030,1,3,130,5,1,60.0,0,N,MELB_URBAN,STREET,12,8.0
115031,1,4,120,5,1,70.0,0,N,RURAL_VICTORIA,ROAD,1,17.0
115032,1,4,130,5,1,80.0,0,N,MELB_URBAN,HIGHWAY,1,18.0
115033,1,3,134,5,1,100.0,0,N,MELB_URBAN,FREEWAY,1,17.0
115034,1,3,133,5,1,100.0,0,N,RURAL_VICTORIA,HIGHWAY,1,18.0
115035,1,4,147,5,1,60.0,0,N,MELB_URBAN,STREET,1,19.0
115036,1,4,99,5,1,100.0,0,N,RURAL_VICTORIA,ROAD,1,17.0
115037,4,4,183,5,1,40.0,0,N,MELB_URBAN,DRIVE,1,18.0
115038,1,4,116,2,3,80.0,0,I,MELB_URBAN,ROAD,1,5.0
115039,5,4,99,5,2,80.0,0,N,RURAL_VICTORIA,ROAD,1,20.0
115040,1,3,99,1,1,60.0,0,N,SMALL_CITIES,STREET,1,16.0
115041,1,4,110,1,1,60.0,0,I,MELB_URBAN,ROAD,1,18.0
115042,1,4,120,2,1,80.0,0,I,RURAL_VICTORIA,ROAD,1,20.0
115043,1,4,130,5,5,100.0,0,N,RURAL_VICTORIA,FREEWAY,1,22.0
115044,4,5,99,2,6,60.0,0,I,SMALL_TOWNS,ROAD,1,2.0
115045,1,5,133,5,3,80.0,0,N,MELB_URBAN,FREEWAY,1,5.0
115046,4,5,173,5,5,100.0,0,N,RURAL_VICTORIA,ROAD,1,5.0
115047,1,4,130,5,1,100.0,0,N,MELB_URBAN,FREEWAY,1,7.0
115048,1,4,113,2,9,70.0,0,N,MELB_URBAN,ROAD,10,7.0
115049,1,5,99,1,1,50.0,0,I,SMALL_CITIES,STREET,1,8.0
115050,1,3,132,4,1,80.0,0,N,MELB_URBAN,FREEWAY,9,8.0
115051,1,5,99,5,1,40.0,0,N,LARGE_PROVINCIAL_CITIES,STREET,1,9.0
115052,4,4,171,5,1,40.0,0,N,MELB_URBAN,STREET,1,17.0
115053,1,5,147,5,1,60.0,0,N,MELB_URBAN,ROAD,1,7.0
115054,1,2,147,5,1,60.0,0,N,MELB_URBAN,ROAD,1,18.0
115055,1,5,110,1,1,80.0,0,I,MELB_URBAN,ROAD,1,10.0
115056,1,5,130,5,1,80.0,0,N,MELB_URBAN,HIGHWAY,1,8.0
115057,6,7,174,5,1,60.0,0,N,RURAL_VICTORIA,OTHER,1,17.0
115058,4,5,99,5,1,70.0,0,N,MELB_URBAN,ROAD,1,11.0
115059,2,5,102,2,1,60.0,0,I,MELB_URBAN,ROAD,1,7.0
115060,1,5,132,5,2,50.0,0,N,MELB_URBAN,BOULEVARD,1,5.0
115061,8,2,174,5,1,50.0,0,N,RURAL_VICTORIA,ROAD,3,10.0
115062,4,4,173,5,1,100.0,0,N,RURAL_VICTORIA,HIGHWAY,1,10.0
115063,1,5,135,5,1,100.0,0,N,MELB_URBAN,FREEWAY,1,12.0
115064,1,5,132,5,1,80.0,0,N,RURAL_VICTORIA,ROAD,1,8.0
115065,2,1,100,1,1,60.0,0,I,MELB_URBAN,ROAD,1,12.0
115066,1,4,99,5,1,40.0,0,N,MELB_URBAN,STREET,1,9.0
115067,1,3,163,5,1,50.0,0,N,MELB_URBAN,ROAD,1,11.0
115068,1,4,113,2,1,60.0,0,I,MELB_URBAN,ROAD,1,15.0
115069,1,4,134,4,1,80.0,0,I,MELB_URBAN,ROAD,1,6.0
115070,6,1,170,5,1,60.0,0,N,RURAL_VICTORIA,ROAD,1,18.0
115071,1,3,130,1,1,60.0,0,N,MELB_URBAN,STREET,1,9.0
115072,1,4,130,2,1,60.0,0,I,SMALL_CITIES,ROAD,1,16.0
115073,1,4,130,2,1,40.0,0,I,MELB_URBAN,PARADE,1,14.0
115074,1,5,121,1,1,60.0,0,I,MELB_URBAN,ROAD,1,16.0
115075,2,5,102,1,1,40.0,0,I,MELB_URBAN,ROAD,1,17.0
115076,4,5,99,5,1,50.0,0,N,MELB_URBAN,STREET,1,16.0
115077,1,5,121,1,1,80.0,0,N,MELB_URBAN,ROAD,1,17.0
115078,1,4,121,2,2,50.0,0,I,MELB_URBAN,ROAD,1,20.0
115079,4,4,173,5,1,50.0,0,N,MELB_URBAN,STREET,1,21.0