,accident_type,day_of_week,dca_code,road_geometry,light_condition,speed_zone,severity,node_type,deg_urban_name,road_type,month,hour
115080,4,5,183,5,1,50.0,1,N,MELB_URBAN,AVENUE,1,16.0
115081,1,5,130,2,9,60.0,0,I,MELB_URBAN,ROAD,1,22.0
115082,4,5,99,1,3,50.0,0,I,MELB_URBAN,STREET,1,21.0
115083,1,5,130,5,1,80.0,0,N,MELB_URBAN,ROAD,1,15.0
115084,1,5,110,1,1,50.0,0,I,MELB_URBAN,STREET,1,16.0
115085,1,5,130,2,1,80.0,0,N,RURAL_VICTORIA,RAMP,11,15.0
115086,4,4,99,5,3,50.0,0,N,MELB_URBAN,STREET,1,23.0
115087,6,6,174,5,3,80.0,0,N,MELB_URBAN,UNKNOWN,1,0.0
115088,6,5,99,5,5,100.0,1,N,RURAL_VICTORIA,ROAD,1,21.0
115089,1,5,121,1,3,60.0,0,I,MELB_URBAN,OTHER,1,23.0
115090,2,6,102,1,2,50.0,1,I,TOWNS,STREET,1,6.0
115091,4,5,173,5,1,100.0,0,N,RURAL_VICTORIA,HIGHWAY,1,14.0
115092,1,5,132,5,1,50.0,0,N,MELB_URBAN,STREET,1,15.0
115093,1,5,133,5,1,60.0,0,N,MELB_URBAN,ROAD,1,9.0
115094,6,3,174,5,1,100.0,0,N,SMALL_TOWNS,FREEWAY,9,7.0
115095,1,6,110,1,1,60.0,0,I,TOWNS,STREET,1,8.0
115096,1,5,99,5,3,50.0,0,N,MELB_URBAN,STREET,1,21.0
115097,1,5,130,1,1,80.0,0,I,MELB_URBAN,ROAD,1,9.0
115098,6,1,174,5,1,60.0,0,N,RURAL_VICTORIA,UNKNOWN,1,10.0
115099,6,7,174,5,1,60.0,0,N,RURAL_VICTORIA,OTHER,1,16.0
115100,2,6,100,1,1,50.0,0,I,LARGE_PROVINCIAL_CITIES,STREET,1,10.0
115101,1,5,130,5,1,80.0,0,N,MELB_URBAN,ROAD,1,10.0
115102,5,7,99,1,1,60.0,0,I,SMALL_CITIES,ROAD,1,9.0
115103,6,4,99,1,1,60.0,0,I,LARGE_PROVINCIAL_CITIES,AVENUE,1,14.0
115104,1,5,130,5,1,70.0,0,N,MELB_URBAN,ROAD,1,11.0
115105,6,5,174,1,2,50.0,0,I,MELB_URBAN,ROAD,1,6.0
115106,1,5,130,2,1,60.0,0,I,RURAL_VICTORIA,DRIVE,12,15.0
115107,1,6,110,1,1,60.0,0,N,MELB_URBAN,ROAD,1,8.0
115108,1,6,113,2,1,50.0,0,I,MELB_URBAN,ROAD,1,18.0
115109,1,6,163,5,1,40.0,0,N,MELB_URBAN,STREET,1,13.0
115110,1,5,99,2,1,60.0,0,I,MELB_URBAN,STREET,1,6.0
115111,1,5,130,5,1,60.0,0,N,MELB_URBAN,ROAD,1,13.0
115112,1,6,147,5,1,60.0,0,N,MELB_URBAN,ROAD,1,13.0
115113,4,5,171,5,1,100.0,0,N,RURAL_VICTORIA,ROAD,1,13.0
115114,1,6,121,1,1,60.0,0,I,SMALL_CITIES,ROAD,1,14.0
115115,1,6,99,5,1,40.0,0,N,SMALL_CITIES,STREET,1,10.0
115116,1,3,99,2,1,50.0,0,N,MELB_URBAN,STREET,1,18.0
115117,4,6,171,5,1,100.0,1,N,RURAL_VICTORIA,FREEWAY,1,7.0
115118,7,3,99,5,1,30.0,0,N,MELB_URBAN,STREET,11,12.0
115119,5,7,99,2,1,60.0,0,I,RURAL_VICTORIA,ROAD,1,16.0
115120,1,1,132,2,1,60.0,0,N,MELB_URBAN,HIGHWAY,1,12.0
115121,1,7,110,1,3,50.0,0,I,MELB_URBAN,OTHER,10,22.0
115122,1,3,133,5,1,80.0,0,I,RURAL_VICTORIA,ROAD,11,13.0
115123,1,6,130,5,1,80.0,0,N,MELB_URBAN,ROAD,1,15.0
115124,1,4,130,5,1,80.0,0,N,MELB_URBAN,FREEWAY,1,15.0
115125,1,6,135,5,1,60.0,0,N,MELB_URBAN,ROAD,1,13.0
115126,1,6,110,1,1,50.0,0,I,MELB_URBAN,AVENUE,1,15.0
115127,2,6,102,5,1,60.0,0,N,SMALL_TOWNS,HIGHWAY,1,13.0
115128,2,6,99,5,1,50.0,0,N,MELB_URBAN,STREET,1,17.0
115129,1,5,121,1,1,60.0,0,I,MELB_URBAN,ROAD,1,17.0
115130,1,6,99,5,1,80.0,0,N,MELB_URBAN,ROAD,1,17.0
115131,1,5,110,1,1,60.0,0,I,MELB_URBAN,PARADE,1,18.0
115132,4,6,173,5,1,100.0,0,N,MELB_URBAN,ROAD,1,18.0
115133,1,6,116,2,1,80.0,0,I,SMALL_CITIES,HIGHWAY,1,14.0
115134,1,6,120,5,1,60.0,0,N,MELB_URBAN,STREET,1,16.0
115135,5,6,99,5,1,80.0,0,N,LARGE_PROVINCIAL_CITIES,ROAD,1,14.0
115136,1,6,121,2,3,60.0,0,N,MELB_URBAN,HIGHWAY,1,21.0
115137,2,6,100,1,1,60.0,0,I,MELB_URBAN,ROAD,1,18.0
115138,4,6,181,5,3,60.0,0,N,MELB_URBAN,ROAD,1,23.0
115139,1,6,160,5,3,40.0,0,N,SMALL_CITIES,OTHER,1,21.0
115140,4,6,173,5,5,100.0,1,N,RURAL_VICTORIA,HIGHWAY,1,22.0
115141,4,6,181,5,5,80.0,0,N,RURAL_VICTORIA,ROAD,1,23.0
115142,1,1,121,2,1,60.0,0,I,MELB_URBAN,DRIVE,1,16.0
115143,1,2,121,5,1,80.0,0,N,MELB_URBAN,ROAD,1,14.0
115144,4,1,171,5,1,100.0,0,N,RURAL_VICTORIA,ROAD,1,8.0
115145,6,7,174,5,1,80.0,0,N,RURAL_VICTORIA,ROAD,2,8.0
115146,4,7,183,5,2,70.0,0,N,RURAL_VICTORIA,ROAD,2,7.0
115147,1,6,110,1,1,40.0,0,I,MELB_URBAN,STREET,2,11.0
115148,1,2,99,2,1,60.0,0,I,MELB_URBAN,ROAD,12,16.0
115149,6,6,99,5,1,80.0,0,N,RURAL_VICTORIA,ROAD,2,10.0
115150,1,7,120,5,1,100.0,0,N,RURAL_VICTORIA,HIGHWAY,2,10.0
115151,4,7,99,5,1,70.0,0,N,RURAL_VICTORIA,ROAD,2,9.0
115152,1,2,110,1,9,50.0,0,I,TOWNS,STREET,1,7.0
115153,1,6,130,1,1,60.0,0,N,RURAL_VICTORIA,ROAD,2,11.0
115154,1,2,135,5,1,60.0,0,N,MELB_URBAN,OTHER,7,12.0
115155,6,1,174,4,1,60.0,0,I,RURAL_VICTORIA,ROAD,1,10.0
115156,1,7,110,1,1,60.0,0,I,MELB_URBAN,AVENUE,2,8.0
115157,1,2,130,5,9,100.0,0,N,MELB_URBAN,FREEWAY,12,15.0
115158,1,2,130,1,1,80.0,0,I,MELB_URBAN,ROAD,12,13.0
115159,1,7,113,2,1,60.0,0,I,MELB_URBAN,ROAD,2,14.0
115160,1,6,99,5,1,60.0,0,N,MELB_URBAN,STREET,1,15.0
115161,4,7,181,5,1,100.0,0,N,RURAL_VICTORIA,ROAD,2,16.0
115162,8,7,174,5,1,60.0,0,N,TOWNS,STREET,2,12.0
115163,1,6,130,1,1,60.0,0,I,MELB_URBAN,ROAD,1,15.0
115164,1,6,99,1,3,40.0,0,N,MELBOURNE_CBD,STREET,1,20.0
115165,6,7,174,5,1,100.0,0,N,RURAL_VICTORIA,HIGHWAY,2,17.0
115166,1,6,140,2,3,60.0,0,I,MELB_URBAN,ROAD,2,21.0
115167,1,4,147,5,1,70.0,0,N,MELB_URBAN,ROAD,1,16.0
115168,4,7,173,5,3,70.0,0,N,LARGE_PROVINCIAL_CITIES,STREET,2,5.0
115169,1,7,120,5,1,80.0,1,N,RURAL_VICTORIA,ROAD,2,14.0
115170,2,7,100,1,3,60.0,0,N,MELB_URBAN,PARADE,2,22.0
115171,1,7,110,1,3,60.0,0,I,TOWNS,ROAD,2,22.0
115172,4,7,173,5,3,60.0,0,N,MELB_URBAN,ROAD,2,22.0
115173,4,7,171,2,5,100.0,0,I,RURAL_VICTORIA,ROAD,2,23.0
115174,4,1,171,5,3,100.0,0,N,MELB_URBAN,RAMP,2,3.0
115175,1,1,121,1,3,80.0,0,N,MELB_URBAN,ROAD,2,5.0
115176,1,4,99,5,1,70.0,0,N,MELB_URBAN,ROAD,1,18.0
115177,1,7,113,3,1,60.0,0,I,MELB_URBAN,ROAD,2,11.0
115178,4,6,181,5,1,100.0,0,N,RURAL_VICTORIA,HIGHWAY,2,18.0
115179,1,6,121,1,1,60.0,0,I,LARGE_PROVINCIAL_CITIES,STREET,2,13.0
115180,2,1,102,1,1,60.0,0,I,MELB_URBAN,ROAD,2,8.0
115181,7,6,99,1,2,60.0,0,I,MELB_URBAN,STREET,2,18.0
115182,1,1,120,2,1,60.0,0,N,MELB_URBAN,STREET,12,11.0
115183,1,0,140,5,1,60.0,0,N,MELB_URBAN,ROAD,2,12.0
115184,1,4,111,2,1,100.0,0,I,RURAL_VICTORIA,HIGHWAY,1,13.0
115185,1,5,130,5,1,80.0,0,N,MELB_URBAN,ROAD,1,16.0
115186,4,1,171,5,1,100.0,0,N,RURAL_VICTORIA,ROAD,2,7.0
115187,1,7,120,5,3,50.0,0,N,MELB_URBAN,DRIVE,2,22.0
115188,1,1,110,1,1,60.0,0,I,RURAL_VICTORIA,ROAD,2,12.0
115189,1,1,121,2,1,60.0,0,I,MELB_URBAN,ROAD,2,10.0
115190,1,5,130,5,1,60.0,0,N,MELB_URBAN,ROAD,1,10.0
115191,1,0,110,1,1,60.0,0,I,SMALL_TOWNS,STREET,2,9.0
115192,1,0,135,5,1,80.0,0,N,MELB_URBAN,FREEWAY,2,13.0
115193,1,1,110,1,1,100.0,0,N,RURAL_VICTORIA,OTHER,2,12.0
115194,4,1,99,2,1,40.0,0,I,MELB_URBAN,STREET,2,12.0
115195,1,0,160,5,1,60.0,0,N,MELB_URBAN,PARADE,2,13.0
115196,4,7,173,5,5,100.0,0,N,RURAL_VICTORIA,FREEWAY,2,1.0
115197,4,1,181,5,1,80.0,0,N,RURAL_VICTORIA,ROAD,2,13.0
115198,2,1,100,1,1,60.0,0,N,MELB_URBAN,ROAD,2,15.0
115199,3,1,167,5,1,100.0,0,N,RURAL_VICTORIA,HIGHWAY,2,15.0
115200,1,0,116,2,1,100.0,0,I,RURAL_VICTORIA,ROAD,2,15.0
115201,1,1,130,5,1,80.0,0,N,MELB_URBAN,RAMP,2,16.0
115202,4,1,173,5,1,80.0,0,N,LARGE_PROVINCIAL_CITIES,ROAD,2,16.0
115203,1,0,130,5,1,90.0,0,N,MELB_URBAN,FREEWAY,2,8.0
115204,6,7,174,5,1,110.0,0,N,RURAL_VICTORIA,FREEWAY,2,15.0
115205,8,0,99,5,1,60.0,0,N,TOWNS,ROAD,2,17.0
115206,4,7,99,5,1,100.0,0,N,MELB_URBAN,RAMP,2,17.0
115207,1,6,130,5,1,80.0,0,N,MELB_URBAN,HIGHWAY,2,18.0
115208,6,7,174,1,1,60.0,0,N,LARGE_PROVINCIAL_CITIES,STREET,1,11.0
115209,1,1,121,1,3,60.0,0,I,MELB_URBAN,ROAD,2,19.0
115210,1,1,160,5,1,50.0,0,N,MELB_URBAN,STREET,2,15.0
115211,1,6,113,1,2,60.0,0,I,MELB_URBAN,ROAD,1,19.0
115212,1,0,110,1,1,50.0,0,N,LARGE_PROVINCIAL_CITIES,STREET,2,18.0
115213,1,6,99,2,1,60.0,0,I,MELB_URBAN,PARADE,1,14.0
115214,1,0,110,1,3,60.0,0,I,MELB_URBAN,ROAD,2,22.0
115215,4,1,171,5,3,80.0,0,N,MELB_URBAN,FREEWAY,2,23.0
115216,6,1,174,5,9,100.0,1,N,RURAL_VICTORIA,ROAD,2,11.0
115217,1,1,121,2,3,80.0,0,N,MELB_URBAN,ROAD,2,23.0
115218,1,1,121,2,4,60.0,0,I,SMALL_CITIES,RAMP,2,23.0
115219,8,2,170,5,5,100.0,0,N,RURAL_VICTORIA,STREET,2,3.0
115220,1,3,110,1,6,60.0,0,I,LARGE_PROVINCIAL_CITIES,STREET,1,21.0
115221,2,7,100,2,3,40.0,0,N,SMALL_CITIES,ROAD,1,21.0
115222,1,2,130,5,1,100.0,0,N,MELB_URBAN,UNKNOWN,2,8.0
115223,1,7,130,2,9,50.0,0,N,MELB_URBAN,ROAD,2,9.0
115224,1,6,130,1,9,60.0,0,I,MELB_URBAN,ROAD,2,10.0
115225,8,1,99,5,1,70.0,0,I,SMALL_CITIES,ROAD,12,10.0
115226,1,2,99,2,1,40.0,0,I,MELBOURNE_CBD,STREET,2,11.0
115227,1,4,130,2,1,60.0,0,I,SMALL_CITIES,ROAD,1,8.0
115228,1,2,110,1,1,100.0,0,I,RURAL_VICTORIA,ROAD,2,12.0
115229,1,1,113,2,3,80.0,0,I,MELB_URBAN,BOULEVARD,2,21.0
115230,1,4,130,5,1,60.0,0,N,MELB_URBAN,ROAD,1,17.0
115231,8,2,184,5,1,60.0,0,N,SMALL_TOWNS,ROAD,2,12.0
115232,4,0,181,5,1,60.0,0,N,LARGE_PROVINCIAL_CITIES,STREET,11,10.0
115233,1,2,134,1,2,60.0,0,N,MELB_URBAN,STREET,1,6.0
115234,1,6,130,2,1,60.0,0,N,MELB_URBAN,ROAD,2,10.0
115235,1,2,130,5,1,80.0,0,N,MELB_URBAN,ROAD,2,13.0
115236,6,2,170,1,1,100.0,0,I,RURAL_VICTORIA,ROAD,1,17.0
115237,1,1,110,1,1,80.0,0,I,MELB_URBAN,ROAD,2,8.0
115238,4,7,181,5,1,80.0,0,I,RURAL_VICTORIA,ROAD,1,16.0
115239,1,1,130,5,1,80.0,0,N,MELB_URBAN,ROAD,2,15.0
115240,1,4,130,5,1,100.0,0,N,MELB_URBAN,FREEWAY,1,12.0
115241,1,2,121,1,1,60.0,0,I,MELB_URBAN,STREET,2,7.0
115242,1,1,121,2,1,60.0,0,I,MELB_URBAN,RAMP,2,16.0
115243,8,3,170,5,2,60.0,0,N,SMALL_TOWNS,ROAD,11,7.0
115244,8,1,174,5,1,60.0,0,N,RURAL_VICTORIA,OTHER,7,11.0
115245,2,2,100,2,1,60.0,0,I,MELB_URBAN,ROAD,2,17.0
115246,2,1,100,2,1,60.0,0,I,MELB_URBAN,ROAD,2,16.0
115247,1,2,120,5,1,100.0,0,N,RURAL_VICTORIA,ROAD,2,17.0
115248,1,2,130,1,1,60.0,0,I,MELB_URBAN,ROAD,2,14.0
115249,1,2,130,5,1,80.0,0,N,MELB_URBAN,ROAD,2,13.0
115250,6,4,174,1,3,60.0,0,I,MELB_URBAN,ROAD,7,22.0
115251,1,2,135,5,1,100.0,0,N,MELB_URBAN,FREEWAY,2,18.0
115252,6,2,174,5,1,60.0,0,N,TOWNS,STREET,2,19.0
115253,1,3,132,1,1,60.0,0,I,MELB_URBAN,ROAD,1,12.0
115254,4,2,171,5,1,60.0,0,N,MELB_URBAN,ROAD,2,16.0
115255,3,6,167,5,1,60.0,0,N,MELB_URBAN,ROAD,2,18.0
115256,1,2,110,1,3,60.0,0,I,SMALL_CITIES,DRIVE,2,21.0
115257,4,3,171,2,3,50.0,0,I,MELB_URBAN,OTHER,2,3.0
115258,3,3,167,5,5,100.0,0,N,RURAL_VICTORIA,ROAD,2,3.0
115259,1,1,130,5,1,80.0,0,N,MELB_URBAN,ROAD,2,9.0
115260,1,2,130,5,1,60.0,0,N,MELB_URBAN,ROAD,1,8.0
115261,4,2,171,5,5,100.0,0,N,RURAL_VICTORIA,ROAD,2,21.0
115262,1,3,99,5,5,100.0,0,N,RURAL_VICTORIA,ROAD,2,5.0
115263,8,5,174,5,1,60.0,0,N,MELB_URBAN,ROAD,1,8.0
115264,6,6,170,5,1,80.0,0,N,RURAL_VICTORIA,ROAD,2,12.0
115265,1,2,130,2,1,80.0,0,N,MELB_URBAN,ROAD,2,9.0
115266,2,3,100,2,1,50.0,0,I,MELB_URBAN,ROAD,2,8.0
115267,1,5,110,1,1,80.0,0,I,SMALL_TOWNS,ROAD,1,9.0
115268,1,2,130,2,1,80.0,0,N,MELB_URBAN,ROAD,12,8.0
115269,6,3,170,5,1,100.0,0,N,RURAL_VICTORIA,ROAD,2,10.0
115270,1,3,130,5,1,80.0,0,N,MELB_URBAN,OTHER,1,16.0
115271,1,2,121,2,1,60.0,0,I,MELB_URBAN,ROAD,2,9.0
115272,4,3,171,5,1,60.0,0,N,MELB_URBAN,ROAD,2,6.0
115273,1,7,99,2,1,60.0,0,I,MELB_URBAN,STREET,2,14.0
115274,6,7,99,5,1,60.0,0,N,RURAL_VICTORIA,ROAD,1,13.0
115275,4,5,173,5,1,100.0,0,N,RURAL_VICTORIA,ROAD,1,14.0
115276,1,3,160,5,1,50.0,0,N,SMALL_CITIES,STREET,2,9.0
115277,1,6,130,5,3,60.0,0,N,SMALL_CITIES,STREET,1,22.0
115278,1,3,135,5,1,60.0,0,N,MELB_URBAN,ROAD,9,15.0
115279,1,2,130,5,1,100.0,0,N,MELB_URBAN,ROAD,2,9.0
115280,1,4,163,5,3,40.0,0,N,MELBOURNE_CBD,STREET,10,21.0
115281,1,3,121,2,1,60.0,0,I,LARGE_PROVINCIAL_CITIES,STREET,2,10.0
115282,1,3,160,5,1,50.0,0,N,MELB_URBAN,STREET,2,12.0
115283,1,6,130,2,5,50.0,0,I,SMALL_CITIES,PARADE,5,20.0
115284,4,3,173,2,1,60.0,0,I,LARGE_PROVINCIAL_CITIES,AVENUE,2,7.0
115285,6,1,174,2,2,60.0,0,I,MELB_URBAN,ROAD,1,20.0
115286,1,1,130,1,1,80.0,0,N,MELB_URBAN,UNKNOWN,2,12.0
115287,3,0,167,5,2,100.0,0,N,RURAL_VICTORIA,ROAD,1,20.0
115288,1,2,121,5,1,60.0,0,N,SMALL_CITIES,STREET,1,17.0
115289,1,3,121,2,1,60.0,0,N,MELB_URBAN,AVENUE,2,7.0
115290,4,3,171,2,1,80.0,0,I,MELB_URBAN,ROAD,2,13.0
115291,1,3,130,5,1,100.0,0,N,MELB_URBAN,ROAD,2,10.0
115292,4,3,173,5,1,100.0,1,N,RURAL_VICTORIA,ROAD,2,12.0
115293,1,2,130,5,1,60.0,0,N,MELB_URBAN,ROAD,2,13.0
115294,1,5,121,1,1,80.0,0,I,MELB_URBAN,OTHER,1,11.0
115295,1,3,133,5,1,60.0,0,N,MELB_URBAN,ROAD,2,15.0
115296,1,6,130,1,1,60.0,0,I,MELB_URBAN,STREET,2,14.0
115297,1,1,130,2,1,60.0,0,I,LARGE_PROVINCIAL_CITIES,OTHER,2,18.0
115298,1,4,135,5,9,60.0,0,N,MELB_URBAN,FREEWAY,12,15.0
115299,4,2,171,5,1,50.0,0,N,MELB_URBAN,STREET,2,15.0
115300,1,3,130,2,1,60.0,0,N,MELB_URBAN,ROAD,2,16.0
115301,1,3,113,2,1,70.0,0,I,MELB_URBAN,ROAD,2,16.0
115302,1,6,111,2,1,60.0,0,I,MELB_URBAN,ROAD,1,13.0
115303,1,3,121,4,1,60.0,0,I,MELB_URBAN,ROAD,2,16.0
115304,4,2,183,5,1,100.0,0,N,RURAL_VICTORIA,ROAD,2,17.0
115305,6,3,99,5,1,110.0,0,N,RURAL_VICTORIA,HIGHWAY,2,16.0
115306,1,7,130,2,1,40.0,0,N,MELB_URBAN,ROAD,2,18.0
115307,1,2,121,4,1,60.0,0,I,SMALL_CITIES,RAMP,2,15.0
115308,1,3,130,2,1,40.0,0,N,MELBOURNE_CBD,STREET,2,13.0
115309,1,3,130,5,1,60.0,0,N,RURAL_VICTORIA,ROAD,2,17.0
115310,1,3,133,1,1,50.0,0,I,MELBOURNE_CBD,STREET,2,16.0
115311,1,2,163,5,1,60.0,0,N,MELB_URBAN,STREET,2,19.0
115312,1,2,130,5,1,60.0,0,N,MELB_URBAN,ROAD,2,18.0
115313,1,3,130,2,1,60.0,0,I,RURAL_VICTORIA,ROAD,2,17.0
115314,1,3,132,5,2,60.0,0,N,LARGE_PROVINCIAL_CITIES,ROAD,2,19.0
115315,1,2,130,1,1,60.0,0,I,MELB_URBAN,ROAD,2,17.0
115316,4,3,173,5,2,80.0,0,N,MELB_URBAN,HIGHWAY,2,17.0
115317,1,3,130,5,1,80.0,0,N,MELB_URBAN,ROAD,2,15.0
115318,1,2,130,5,1,70.0,0,N,MELB_URBAN,ROAD,2,15.0
115319,1,2,99,2,3,60.0,0,I,MELB_URBAN,ROAD,2,22.0
115320,4,3,171,5,9,110.0,0,N,RURAL_VICTORIA,HIGHWAY,2,23.0
115321,1,3,110,1,3,60.0,1,I,MELB_URBAN,STREET,2,21.0
115322,4,3,171,5,1,80.0,0,N,MELB_URBAN,ROAD,2,12.0
115323,4,3,173,5,5,80.0,0,N,RURAL_VICTORIA,ROAD,2,5.0
115324,4,4,171,2,1,50.0,0,N,MELB_URBAN,STREET,2,7.0
115325,6,4,184,5,2,60.0,0,N,RURAL_VICTORIA,ROAD,1,20.0
115326,1,3,121,2,1,60.0,0,N,MELB_URBAN,DRIVE,2,8.0
115327,1,4,121,9,1,60.0,0,N,MELB_URBAN,ROAD,12,16.0
115328,4,0,173,5,1,50.0,0,N,RURAL_VICTORIA,ROAD,1,10.0
115329,1,4,147,5,1,50.0,0,N,MELB_URBAN,ROAD,2,9.0
115330,1,4,147,5,1,60.0,0,N,MELB_URBAN,ROAD,2,7.0
115331,1,3,132,5,1,60.0,0,N,MELB_URBAN,ROAD,2,10.0
115332,8,4,174,5,1,60.0,0,N,MELB_URBAN,STREET,2,10.0
115333,1,1,116,4,6,80.0,0,N,MELB_URBAN,STREET,2,1.0
115334,1,2,130,5,1,60.0,0,N,MELB_URBAN,FREEWAY,2,12.0
115335,6,1,184,5,9,60.0,0,N,RURAL_VICTORIA,ROAD,12,0.0
115336,1,1,130,2,1,80.0,0,N,MELB_URBAN,ROAD,2,13.0
115337,1,3,99,5,1,50.0,0,N,LARGE_PROVINCIAL_CITIES,DRIVE,2,7.0
115338,1,4,113,2,1,60.0,0,N,MELB_URBAN,DRIVE,2,7.0
115339,4,3,173,5,1,100.0,0,N,RURAL_VICTORIA,ROAD,2,10.0
115340,1,4,130,9,1,100.0,0,N,MELB_URBAN,FREEWAY,2,11.0
115341,1,4,121,1,1,70.0,0,I,RURAL_VICTORIA,ROAD,2,11.0
115342,2,3,102,5,1,60.0,0,N,MELB_URBAN,ROAD,2,15.0
115343,6,6,99,5,5,80.0,0,N,RURAL_VICTORIA,ROAD,12,4.0
115344,8,2,99,2,3,40.0,0,I,MELB_URBAN,STREET,2,20.0
115345,1,4,99,2,1,70.0,0,I,MELB_URBAN,HIGHWAY,2,14.0
115346,6,6,99,2,1,50.0,0,I,SMALL_CITIES,ROAD,12,11.0
115347,2,3,100,1,1,60.0,0,N,MELB_URBAN,STREET,2,17.0
115348,2,4,99,5,1,50.0,0,N,MELB_URBAN,ROAD,2,13.0
115349,1,3,147,5,9,60.0,0,N,MELB_URBAN,STREET,2,17.0
115350,1,3,130,5,1,80.0,0,N,MELB_URBAN,HIGHWAY,2,14.0
115351,4,1,173,5,1,100.0,0,N,RURAL_VICTORIA,ROAD,1,9.0
115352,1,4,160,5,1,50.0,0,N,MELB_URBAN,AVENUE,2,14.0
115353,4,1,99,5,1,100.0,0,N,RURAL_VICTORIA,ROAD,2,10.0
115354,6,3,99,5,2,70.0,0,N,TOWNS,ROAD,2,20.0
115355,1,4,121,1,1,60.0,0,N,MELB_URBAN,ROAD,2,16.0
115356,1,5,130,1,1,60.0,0,I,SMALL_CITIES,ROAD,12,16.0
115357,2,7,99,5,1,100.0,0,N,RURAL_VICTORIA,ROAD,1,10.0
115358,1,4,130,5,1,60.0,0,N,MELB_URBAN,STREET,1,14.0
115359,1,3,110,1,1,60.0,0,I,RURAL_VICTORIA,ROAD,2,16.0
115360,1,2,130,5,9,60.0,0,N,MELB_URBAN,ROAD,11,8.0
115361,1,4,121,2,1,70.0,0,N,MELB_URBAN,STREET,2,18.0
115362,1,2,130,5,1,80.0,0,N,MELB_URBAN,ROAD,12,13.0
115363,1,3,130,5,9,100.0,0,N,MELB_URBAN,FREEWAY,2,7.0
115364,2,2,102,2,1,60.0,0,I,MELB_URBAN,ROAD,2,12.0
115365,4,4,183,5,1,50.0,0,N,RURAL_VICTORIA,ROAD,2,16.0
115366,1,3,110,1,1,60.0,0,I,MELB_URBAN,PARADE,2,19.0
115367,2,4,100,4,1,60.0,0,I,MELB_URBAN,ROAD,2,18.0
115368,8,4,99,2,2,50.0,0,I,MELB_URBAN,AVENUE,2,19.0
115369,4,4,173,5,1,50.0,0,N,MELB_URBAN,UNKNOWN,2,18.0
115370,1,6,121,2,1,60.0,0,I,MELB_URBAN,ROAD,11,18.0
115371,1,6,163,5,1,40.0,0,N,MELB_URBAN,STREET,1,17.0
115372,4,4,183,5,1,50.0,0,N,LARGE_PROVINCIAL_CITIES,STREET,2,19.0
115373,1,4,111,2,1,60.0,0,I,MELB_URBAN,AVENUE,2,19.0
115374,2,3,99,5,1,50.0,0,N,RURAL_VICTORIA,ROAD,2,16.0
115375,4,2,171,5,3,100.0,0,N,MELB_URBAN,ROAD,2,4.0
115376,4,6,173,5,5,110.0,0,N,RURAL_VICTORIA,FREEWAY,1,5.0
115377,4,5,171,5,5,100.0,0,N,RURAL_VICTORIA,ROAD,2,2.0
115378,4,4,171,5,2,100.0,0,N,RURAL_VICTORIA,ROAD,1,18.0
115379,4,1,171,5,1,60.0,0,N,SMALL_CITIES,ROAD,12,13.0
115380,1,5,147,5,1,40.0,0,N,MELB_URBAN,ROAD,1,12.0
115381,4,4,171,5,2,100.0,0,N,MELB_URBAN,RAMP,2,6.0
115382,1,5,99,9,2,80.0,0,N,MELB_URBAN,ROAD,2,6.0
115383,1,5,135,5,1,60.0,0,N,MELB_URBAN,ROAD,2,7.0
115384,1,5,130,5,1,100.0,0,N,MELB_URBAN,FREEWAY,2,7.0
115385,1,4,130,5,1,100.0,0,N,MELB_URBAN,FREEWAY,12,16.0
115386,1,5,113,2,1,60.0,0,N,MELB_URBAN,ROAD,2,8.0
115387,1,3,99,2,1,60.0,0,I,MELB_URBAN,STREET,2,7.0
115388,1,5,147,5,1,60.0,0,N,MELB_URBAN,ROAD,2,9.0
115389,2,5,102,1,1,40.0,0,I,MELB_URBAN,STREET,2,9.0
115390,1,7,121,1,1,60.0,0,I,SMALL_CITIES,ROAD,1,16.0
115391,1,4,130,5,1,60.0,0,N,MELB_URBAN,ROAD,2,8.0
115392,1,5,140,5,1,50.0,0,N,MELB_URBAN,BOULEVARD,2,8.0
115393,8,7,174,2,1,60.0,0,I,MELB_URBAN,DRIVE,2,18.0
115394,6,2,174,5,1,60.0,0,N,RURAL_VICTORIA,ROAD,12,12.0
115395,2,3,99,5,1,60.0,0,N,TOWNS,STREET,1,13.0
115396,2,5,102,5,1,60.0,0,N,MELB_URBAN,ROAD,2,11.0
115397,1,5,99,2,1,60.0,0,I,MELB_URBAN,HIGHWAY,2,12.0
115398,1,5,121,2,1,60.0,0,I,MELB_URBAN,OTHER,2,8.0
115399,1,5,140,5,1,70.0,0,N,MELB_URBAN,ROAD,2,10.0
115400,4,4,171,5,1,110.0,0,N,SMALL_CITIES,FREEWAY,2,11.0
115401,1,2,120,5,1,100.0,0,N,RURAL_VICTORIA,ROAD,1,15.0
115402,4,0,99,5,1,60.0,0,O,MELB_URBAN,STREET,1,8.0
115403,1,6,135,5,9,80.0,0,N,MELB_URBAN,ROAD,10,12.0
115404,1,4,120,1,1,50.0,0,I,MELB_URBAN,STREET,2,13.0
115405,1,4,121,2,1,60.0,0,I,RURAL_VICTORIA,ROAD,2,8.0