,accident_type,day_of_week,dca_code,road_geometry,light_condition,speed_zone,severity,node_type,deg_urban_name,road_type,month,hour
115406,1,6,132,2,1,60.0,0,I,TOWNS,STREET,1,16.0
115407,1,5,130,1,1,70.0,0,N,MELB_URBAN,ROAD,2,13.0
115408,1,5,99,2,1,60.0,0,I,MELB_URBAN,STREET,2,12.0
115409,1,4,130,5,1,60.0,0,N,MELB_URBAN,STREET,2,13.0
115410,1,4,130,2,1,80.0,0,I,MELB_URBAN,ROAD,2,9.0
115411,1,2,130,5,1,80.0,0,N,MELB_URBAN,ROAD,1,8.0
115412,1,5,120,2,1,100.0,0,I,RURAL_VICTORIA,ROAD,2,13.0
115413,1,4,130,5,6,60.0,0,N,MELB_URBAN,STREET,7,18.0
115414,1,3,130,2,3,60.0,0,I,MELB_URBAN,ROAD,2,22.0
115415,1,4,130,5,9,80.0,0,N,MELB_URBAN,ROAD,1,6.0
115416,1,5,99,1,1,60.0,0,I,MELB_URBAN,ROAD,2,6.0
115417,1,4,130,5,1,100.0,0,N,MELB_URBAN,ROAD,2,15.0
115418,1,5,99,5,1,100.0,0,N,MELB_URBAN,FREEWAY,2,15.0
115419,1,4,163,1,1,60.0,0,I,MELB_URBAN,ROAD,2,7.0
115420,1,5,99,5,1,100.0,0,N,RURAL_VICTORIA,HIGHWAY,2,15.0
115421,1,3,130,5,1,40.0,0,N,MELB_URBAN,FREEWAY,2,14.0
115422,1,4,120,5,1,80.0,0,N,RURAL_VICTORIA,ROAD,1,17.0
115423,1,4,111,2,1,70.0,0,I,MELB_URBAN,UNKNOWN,2,16.0
115424,1,4,99,5,1,50.0,0,N,MELB_URBAN,STREET,2,16.0
115425,1,5,130,2,1,60.0,0,I,MELB_URBAN,PARADE,1,20.0
115426,6,3,174,2,1,60.0,0,I,MELB_URBAN,ROAD,12,7.0
115427,1,5,160,5,1,50.0,0,N,MELB_URBAN,ROAD,2,16.0
115428,1,5,121,5,1,80.0,0,N,MELB_URBAN,ROAD,2,18.0
115429,1,5,121,1,1,60.0,0,I,MELB_URBAN,STREET,2,18.0
115430,1,4,130,1,1,60.0,0,N,LARGE_PROVINCIAL_CITIES,STREET,2,17.0
115431,2,5,100,5,1,40.0,0,N,MELB_URBAN,ROAD,2,15.0
115432,1,2,140,1,9,50.0,0,I,MELB_URBAN,HIGHWAY,11,6.0
115433,1,4,110,1,1,50.0,0,I,MELB_URBAN,STREET,2,18.0
115434,1,5,121,2,2,60.0,0,I,MELB_URBAN,ROAD,2,20.0
115435,1,2,99,2,1,60.0,0,I,MELB_URBAN,ROAD,2,15.0
115436,8,5,174,5,3,60.0,0,N,MELB_URBAN,ROAD,2,21.0
115437,1,4,116,2,1,60.0,0,I,MELB_URBAN,ROAD,2,17.0
115438,1,5,130,5,1,100.0,0,N,MELB_URBAN,UNKNOWN,2,16.0
115439,1,4,130,5,3,40.0,0,I,MELB_URBAN,STREET,2,22.0
115440,1,4,140,5,1,50.0,0,N,MELB_URBAN,STREET,9,7.0
115441,1,2,113,2,1,60.0,0,I,MELB_URBAN,ROAD,1,8.0
115442,1,4,130,5,3,60.0,0,N,MELB_URBAN,ROAD,2,22.0
115443,6,4,174,1,1,60.0,0,N,MELB_URBAN,STREET,2,6.0
115444,6,5,170,5,1,80.0,0,N,MELB_URBAN,ROAD,2,19.0
115445,6,6,170,5,5,100.0,0,N,RURAL_VICTORIA,ROAD,2,5.0
115446,1,5,134,5,1,40.0,0,O,MELB_URBAN,ROAD,1,14.0
115447,1,6,116,1,1,60.0,0,I,MELB_URBAN,ROAD,2,6.0
115448,8,6,174,2,1,60.0,0,N,SMALL_CITIES,ROAD,2,8.0
115449,1,4,121,1,1,60.0,0,I,MELB_URBAN,STREET,2,15.0
115450,1,4,133,5,1,100.0,0,N,RURAL_VICTORIA,FREEWAY,10,18.0
115451,1,6,120,2,1,70.0,0,N,SMALL_CITIES,ROAD,2,7.0
115452,1,4,163,5,1,60.0,0,N,SMALL_CITIES,ROAD,2,17.0
115453,5,2,99,5,1,100.0,0,N,RURAL_VICTORIA,ROAD,2,15.0
115454,1,4,130,1,1,70.0,0,N,MELB_URBAN,ROAD,2,12.0
115455,1,5,130,5,1,60.0,0,N,MELB_URBAN,HIGHWAY,1,17.0
115456,2,6,100,5,1,60.0,0,N,MELB_URBAN,ROAD,2,11.0
115457,1,3,130,9,1,70.0,0,N,MELB_URBAN,STREET,2,8.0
115458,1,1,160,5,1,60.0,0,N,MELB_URBAN,ROAD,2,13.0
115459,1,5,110,1,1,50.0,0,I,MELB_URBAN,STREET,2,10.0
115460,1,5,121,1,1,50.0,0,I,SMALL_CITIES,STREET,2,10.0
115461,3,5,167,5,1,80.0,0,N,RURAL_VICTORIA,ROAD,2,10.0
115462,1,4,121,2,1,60.0,0,I,MELB_URBAN,ROAD,2,14.0
115463,4,6,181,5,5,100.0,0,N,RURAL_VICTORIA,HIGHWAY,2,4.0
115464,2,6,100,2,1,40.0,0,I,MELB_URBAN,STREET,2,11.0
115465,1,6,130,5,1,60.0,0,N,MELB_URBAN,ROAD,1,13.0
115466,1,6,110,1,1,50.0,0,I,LARGE_PROVINCIAL_CITIES,STREET,2,12.0
115467,1,6,130,5,3,80.0,0,N,MELB_URBAN,ROAD,2,21.0
115468,1,6,120,5,1,80.0,0,N,RURAL_VICTORIA,ROAD,2,10.0
115469,4,2,183,5,1,100.0,0,N,RURAL_VICTORIA,ROAD,2,18.0
115470,1,0,130,5,1,80.0,0,N,MELB_URBAN,ROAD,1,13.0
115471,1,6,121,2,1,80.0,0,I,MELB_URBAN,ROAD,2,14.0
115472,1,3,99,2,1,50.0,0,I,MELB_URBAN,ROAD,1,11.0
115473,1,3,130,1,1,70.0,0,I,MELB_URBAN,ROAD,2,15.0
115474,2,6,100,5,1,50.0,0,N,SMALL_CITIES,ROAD,2,14.0
115475,1,4,134,1,1,50.0,0,I,MELB_URBAN,ROAD,2,17.0
115476,1,5,110,1,1,80.0,0,I,RURAL_VICTORIA,ROAD,2,14.0
115477,1,6,121,2,1,40.0,0,I,MELB_URBAN,STREET,2,11.0
115478,1,5,120,5,1,100.0,0,N,RURAL_VICTORIA,ROAD,2,12.0
115479,1,5,121,5,1,60.0,0,N,MELB_URBAN,ROAD,2,8.0
115480,1,6,99,5,1,60.0,0,N,MELB_URBAN,STREET,1,14.0
115481,5,4,99,5,1,50.0,0,N,MELBOURNE_CBD,STREET,2,7.0
115482,6,6,184,5,1,80.0,0,N,RURAL_VICTORIA,ROAD,2,12.0
115483,1,4,130,1,1,60.0,0,N,MELB_URBAN,STREET,12,13.0
115484,1,6,99,5,1,60.0,0,N,LARGE_PROVINCIAL_CITIES,STREET,2,15.0
115485,4,5,171,5,1,100.0,0,N,RURAL_VICTORIA,ROAD,2,14.0
115486,1,4,121,1,1,60.0,0,I,MELB_URBAN,STREET,1,10.0
115487,2,6,99,1,1,60.0,0,I,MELB_URBAN,ROAD,2,15.0
115488,2,6,102,1,1,60.0,0,I,LARGE_PROVINCIAL_CITIES,STREET,2,17.0
115489,1,6,113,2,1,60.0,0,I,MELB_URBAN,ROAD,2,15.0
115490,3,6,167,5,1,100.0,0,N,RURAL_VICTORIA,ROAD,2,14.0
115491,1,6,113,2,1,50.0,0,I,MELB_URBAN,ROAD,2,19.0
115492,2,6,100,5,1,60.0,0,N,RURAL_VICTORIA,ROAD,2,15.0
115493,1,4,130,5,9,80.0,0,N,MELB_URBAN,ROAD,1,21.0
115494,1,5,111,1,1,80.0,0,I,MELB_URBAN,STREET,2,18.0
115495,1,4,130,1,1,70.0,0,N,MELB_URBAN,ROAD,2,16.0
115496,1,5,135,5,3,80.0,0,N,MELB_URBAN,RAMP,2,22.0
115497,4,6,181,5,5,100.0,0,N,RURAL_VICTORIA,ROAD,2,21.0
115498,4,7,171,5,3,50.0,0,N,MELB_URBAN,DRIVE,2,4.0
115499,4,7,171,1,3,50.0,0,N,LARGE_PROVINCIAL_CITIES,ROAD,2,1.0
115500,2,6,102,1,3,60.0,0,I,MELB_URBAN,ROAD,2,22.0
115501,1,3,121,2,1,60.0,0,I,MELB_URBAN,HIGHWAY,1,17.0
115502,4,7,173,5,2,80.0,0,N,MELB_URBAN,ROAD,2,6.0
115503,1,7,113,2,1,50.0,0,N,MELB_URBAN,ROAD,2,7.0
115504,1,3,130,1,1,60.0,0,I,SMALL_CITIES,HIGHWAY,1,15.0
115505,4,7,171,1,1,50.0,0,I,LARGE_PROVINCIAL_CITIES,AVENUE,2,9.0
115506,8,6,174,5,1,40.0,0,N,MELB_URBAN,ROAD,2,16.0
115507,1,6,99,5,1,80.0,0,N,MELB_URBAN,ROAD,2,11.0
115508,1,6,130,5,1,70.0,0,N,MELB_URBAN,HIGHWAY,12,16.0
115509,1,3,113,2,1,60.0,0,I,LARGE_PROVINCIAL_CITIES,STREET,2,15.0
115510,1,7,130,4,1,60.0,0,N,MELB_URBAN,ROAD,2,11.0
115511,4,7,171,5,1,70.0,0,N,MELB_URBAN,DRIVE,2,10.0
115512,9,7,99,5,1,60.0,0,N,MELB_URBAN,HIGHWAY,2,7.0
115513,1,6,121,2,1,70.0,0,I,TOWNS,HIGHWAY,2,15.0
115514,6,7,99,5,1,100.0,0,N,RURAL_VICTORIA,ROAD,2,15.0
115515,4,7,181,5,1,100.0,0,N,RURAL_VICTORIA,ROAD,2,14.0
115516,1,4,140,2,1,50.0,0,I,MELB_URBAN,ROAD,1,17.0
115517,1,2,134,5,1,60.0,0,N,LARGE_PROVINCIAL_CITIES,STREET,1,10.0
115518,2,7,102,5,1,50.0,0,N,MELB_URBAN,ROAD,2,17.0
115519,2,7,100,5,3,40.0,0,N,MELB_URBAN,STREET,2,20.0
115520,4,7,171,2,1,60.0,0,I,RURAL_VICTORIA,ROAD,2,19.0
115521,4,7,171,5,1,50.0,0,N,MELB_URBAN,STREET,2,19.0
115522,1,7,99,2,2,100.0,1,I,SMALL_CITIES,HIGHWAY,2,21.0
115523,1,7,160,5,3,60.0,0,N,MELB_URBAN,ROAD,2,23.0
115524,4,6,171,5,9,100.0,0,N,RURAL_VICTORIA,ROAD,2,11.0
115525,1,1,121,1,3,60.0,0,I,MELB_URBAN,RAMP,2,1.0
115526,2,0,100,1,3,60.0,0,I,MELB_URBAN,STREET,2,2.0
115527,1,1,134,5,1,60.0,0,N,MELB_URBAN,ROAD,1,9.0
115528,1,4,99,1,5,60.0,0,N,RURAL_VICTORIA,RAMP,1,5.0
115529,1,0,160,5,1,50.0,0,N,MELB_URBAN,UNKNOWN,2,5.0
115530,1,6,110,1,1,60.0,0,I,MELB_URBAN,ROAD,2,8.0
115531,1,3,173,2,9,60.0,0,N,RURAL_VICTORIA,OTHER,1,11.0
115532,4,1,181,5,1,80.0,0,N,RURAL_VICTORIA,ROAD,2,10.0
115533,2,1,99,5,1,60.0,0,N,MELB_URBAN,HIGHWAY,2,10.0
115534,1,0,130,2,1,60.0,0,I,MELB_URBAN,ROAD,2,12.0
115535,8,7,174,2,1,80.0,0,I,MELB_URBAN,UNKNOWN,2,17.0
115536,1,6,99,5,1,60.0,0,N,MELB_URBAN,ROAD,2,17.0
115537,1,1,134,5,3,100.0,0,N,MELB_URBAN,ROAD,2,1.0
115538,1,0,110,1,1,100.0,0,I,RURAL_VICTORIA,HIGHWAY,2,13.0
115539,4,0,173,5,1,110.0,0,N,RURAL_VICTORIA,FREEWAY,2,14.0
115540,4,0,99,5,1,80.0,0,N,RURAL_VICTORIA,HIGHWAY,2,14.0
115541,1,1,130,2,1,70.0,0,N,MELB_URBAN,ROAD,2,16.0
115542,8,1,174,2,1,60.0,0,I,MELB_URBAN,STREET,2,9.0
115543,4,1,171,5,1,100.0,0,N,RURAL_VICTORIA,ROAD,2,15.0
115544,1,6,130,2,1,80.0,0,N,MELB_URBAN,ROAD,1,7.0
115545,1,1,130,1,1,60.0,0,N,MELB_URBAN,STREET,2,18.0
115546,1,1,110,1,1,60.0,0,I,MELB_URBAN,ROAD,2,19.0
115547,4,0,171,1,2,60.0,0,N,LARGE_PROVINCIAL_CITIES,STREET,2,20.0
115548,4,1,173,5,5,100.0,0,N,RURAL_VICTORIA,ROAD,2,21.0
115549,2,1,99,5,1,60.0,0,N,MELB_URBAN,DRIVE,2,15.0
115550,1,3,130,5,1,80.0,0,N,MELB_URBAN,ROAD,2,8.0
115551,1,1,147,5,1,60.0,0,N,MELB_URBAN,STREET,1,13.0
115552,1,1,135,5,3,100.0,0,N,MELB_URBAN,FREEWAY,2,4.0
115553,1,2,130,5,1,80.0,0,N,MELB_URBAN,OTHER,8,10.0
115554,1,2,113,2,3,60.0,0,I,SMALL_CITIES,DRIVE,2,6.0
115555,8,2,174,5,2,60.0,0,N,MELB_URBAN,ROAD,2,6.0
115556,3,2,167,1,1,100.0,0,I,RURAL_VICTORIA,ROAD,1,8.0
115557,4,2,183,5,1,100.0,0,N,RURAL_VICTORIA,ROAD,2,8.0
115558,4,2,173,1,1,60.0,0,I,MELB_URBAN,HIGHWAY,2,7.0
115559,1,1,99,5,1,50.0,0,N,LARGE_PROVINCIAL_CITIES,STREET,2,11.0
115560,4,4,183,5,1,70.0,0,N,MELB_URBAN,ROAD,2,13.0
115561,4,1,181,5,2,60.0,0,N,MELB_URBAN,HIGHWAY,2,6.0
115562,1,2,130,5,9,60.0,0,N,MELB_URBAN,ROAD,12,14.0
115563,6,1,99,5,1,60.0,0,N,RURAL_VICTORIA,ROAD,2,13.0
115564,1,1,130,5,1,100.0,0,N,MELB_URBAN,ROAD,2,10.0
115565,1,2,99,5,1,60.0,0,N,MELB_URBAN,ROAD,2,11.0
115566,1,1,99,2,1,60.0,0,I,MELB_URBAN,ROAD,2,8.0
115567,4,2,183,5,1,100.0,0,N,RURAL_VICTORIA,HIGHWAY,2,10.0
115568,2,6,99,5,1,50.0,0,I,RURAL_VICTORIA,OTHER,2,19.0
115569,1,4,147,5,1,50.0,0,N,MELB_URBAN,STREET,1,13.0
115570,4,7,99,2,1,60.0,0,I,MELB_URBAN,ROAD,2,11.0
115571,5,3,173,2,1,100.0,0,I,RURAL_VICTORIA,ROAD,2,15.0
115572,1,2,110,1,1,100.0,0,I,RURAL_VICTORIA,ROAD,2,11.0
115573,4,1,181,5,1,100.0,0,N,RURAL_VICTORIA,HIGHWAY,2,11.0
115574,1,2,140,5,1,70.0,0,N,MELB_URBAN,HIGHWAY,2,13.0
115575,1,1,121,1,1,60.0,0,I,MELB_URBAN,ROAD,2,13.0
115576,1,3,99,2,9,60.0,0,I,MELB_URBAN,STREET,2,18.0
115577,1,2,113,2,1,50.0,0,I,SMALL_CITIES,STREET,2,14.0
115578,1,1,130,5,2,80.0,0,N,MELB_URBAN,ROAD,2,5.0
115579,4,2,171,5,1,60.0,0,N,MELB_URBAN,ROAD,2,12.0
115580,4,2,173,5,1,100.0,0,N,RURAL_VICTORIA,ROAD,2,13.0
115581,1,1,135,5,1,40.0,0,N,SMALL_CITIES,STREET,2,10.0
115582,1,2,120,5,1,100.0,1,N,RURAL_VICTORIA,ROAD,2,9.0
115583,1,6,110,1,1,50.0,0,I,MELB_URBAN,STREET,2,11.0
115584,4,2,181,5,1,100.0,1,N,RURAL_VICTORIA,ROAD,2,9.0
115585,2,2,100,5,1,60.0,0,N,MELB_URBAN,STREET,2,14.0
115586,4,2,173,2,1,50.0,0,I,SMALL_CITIES,STREET,2,12.0
115587,1,7,130,5,1,60.0,0,I,MELB_URBAN,ROAD,2,8.0
115588,4,6,171,5,1,100.0,0,N,RURAL_VICTORIA,ROAD,2,18.0
115589,1,1,130,5,1,60.0,0,N,MELB_URBAN,ROAD,2,15.0
115590,1,2,140,5,1,100.0,0,N,RURAL_VICTORIA,ROAD,2,16.0
115591,2,1,102,5,1,60.0,0,N,MELB_URBAN,STREET,2,15.0
115592,8,2,174,5,1,50.0,0,N,MELB_URBAN,ROAD,2,15.0
115593,1,1,121,2,1,60.0,0,I,MELB_URBAN,ROAD,2,18.0
115594,1,2,99,5,1,40.0,0,N,MELBOURNE_CBD,STREET,2,18.0
115595,1,2,130,5,1,80.0,0,N,MELB_URBAN,ROAD,2,18.0
115596,1,1,110,1,1,50.0,0,I,TOWNS,STREET,2,19.0
115597,1,2,160,5,1,60.0,0,I,MELB_URBAN,ROAD,2,14.0
115598,1,1,130,1,1,60.0,0,I,MELB_URBAN,ROAD,2,10.0
115599,1,2,147,5,1,60.0,0,N,MELB_URBAN,ROAD,2,10.0
115600,1,2,121,2,1,80.0,0,I,RURAL_VICTORIA,ROAD,2,15.0
115601,4,1,99,2,1,50.0,0,I,MELB_URBAN,STREET,2,16.0
115602,1,2,147,5,1,60.0,0,N,MELB_URBAN,PARADE,2,18.0
115603,1,4,121,2,1,60.0,0,I,MELB_URBAN,ROAD,12,14.0
115604,1,2,134,1,1,60.0,0,I,LARGE_PROVINCIAL_CITIES,STREET,2,15.0
115605,1,2,99,1,1,60.0,0,I,MELB_URBAN,STREET,2,18.0
115606,1,2,130,5,1,60.0,0,N,MELB_URBAN,STREET,2,8.0
115607,4,2,171,5,1,100.0,0,N,RURAL_VICTORIA,ROAD,2,16.0
115608,1,2,99,1,2,60.0,0,I,MELB_URBAN,ROAD,2,20.0
115609,1,2,133,5,1,60.0,0,N,MELB_URBAN,STREET,2,18.0
115610,4,3,173,5,3,50.0,0,N,SMALL_CITIES,ROAD,2,2.0
115611,1,2,130,5,5,100.0,0,N,MELB_URBAN,FREEWAY,2,23.0
115612,6,3,174,5,1,50.0,0,N,MELB_URBAN,OTHER,2,7.0
115613,1,1,163,5,1,40.0,0,N,MELB_URBAN,STREET,2,18.0
115614,1,3,121,2,1,60.0,0,I,MELB_URBAN,ROAD,2,7.0
115615,1,3,134,5,1,60.0,0,N,SMALL_CITIES,ROAD,2,7.0
115616,1,5,113,2,1,60.0,0,I,MELB_URBAN,ROAD,1,10.0
115617,1,3,130,1,1,50.0,0,N,MELB_URBAN,ROAD,2,9.0
115618,4,3,173,5,1,60.0,0,N,MELB_URBAN,ROAD,2,8.0
115619,4,3,171,5,1,100.0,0,N,MELB_URBAN,FREEWAY,2,9.0
115620,4,3,171,5,1,110.0,0,N,RURAL_VICTORIA,FREEWAY,12,17.0
115621,4,3,171,5,1,60.0,0,N,MELB_URBAN,ROAD,2,10.0
115622,1,0,130,5,1,60.0,0,N,TOWNS,ROAD,2,12.0
115623,1,5,171,5,1,100.0,0,N,MELB_URBAN,FREEWAY,1,19.0
115624,1,3,121,1,1,60.0,0,I,MELB_URBAN,PARADE,2,11.0
115625,1,6,130,5,1,70.0,0,N,MELB_URBAN,ROAD,2,15.0
115626,2,2,100,1,3,40.0,0,N,MELBOURNE_CBD,STREET,2,6.0
115627,8,6,99,1,1,80.0,0,N,RURAL_VICTORIA,HIGHWAY,9,11.0
115628,7,7,99,5,9,60.0,0,N,RURAL_VICTORIA,ROAD,2,15.0
115629,1,6,130,2,1,60.0,0,I,MELB_URBAN,HIGHWAY,2,14.0
115630,6,7,99,5,1,60.0,0,N,RURAL_VICTORIA,ROAD,2,14.0
115631,4,1,99,5,3,60.0,0,N,MELB_URBAN,ROAD,2,1.0
115632,4,3,181,5,1,100.0,0,N,RURAL_VICTORIA,ROAD,2,9.0
115633,1,1,130,5,9,60.0,0,N,MELB_URBAN,FREEWAY,7,12.0
115634,2,2,102,1,1,50.0,0,I,MELB_URBAN,STREET,2,15.0
115635,4,2,99,5,1,60.0,0,N,MELB_URBAN,STREET,2,11.0
115636,1,6,130,5,1,60.0,0,N,MELB_URBAN,ROAD,3,12.0
115637,1,2,130,5,1,80.0,0,N,MELB_URBAN,ROAD,2,12.0
115638,1,4,110,1,2,60.0,0,I,LARGE_PROVINCIAL_CITIES,STREET,1,20.0
115639,1,2,110,1,1,40.0,0,I,MELB_URBAN,STREET,2,11.0
115640,1,2,130,5,1,60.0,0,N,MELB_URBAN,OTHER,2,15.0
115641,1,4,121,1,1,50.0,0,I,MELB_URBAN,STREET,2,6.0
115642,5,4,99,5,5,50.0,0,N,MELB_URBAN,STREET,1,21.0
115643,1,2,130,5,1,60.0,0,N,MELB_URBAN,ROAD,2,8.0
115644,1,1,121,2,6,70.0,0,I,MELB_URBAN,ROAD,2,6.0
115645,1,1,130,1,2,80.0,0,I,MELB_URBAN,ROAD,2,5.0
115646,1,3,132,2,1,80.0,0,I,RURAL_VICTORIA,HIGHWAY,2,16.0
115647,1,3,120,5,1,80.0,0,N,TOWNS,OTHER,2,16.0
115648,1,3,163,5,2,60.0,0,N,MELB_URBAN,ROAD,2,6.0
115649,5,3,99,5,1,80.0,0,N,RURAL_VICTORIA,ROAD,2,14.0
115650,1,7,99,2,1,60.0,0,I,MELB_URBAN,ROAD,8,11.0
115651,1,3,121,2,1,50.0,0,I,MELB_URBAN,ROAD,2,17.0
115652,2,3,100,2,3,60.0,0,I,MELB_URBAN,STREET,2,20.0
115653,1,3,99,5,1,60.0,0,N,MELB_URBAN,ROAD,2,18.0
115654,1,3,130,1,1,60.0,0,N,MELB_URBAN,STREET,2,19.0
115655,4,2,171,5,5,100.0,0,N,RURAL_VICTORIA,BOULEVARD,2,22.0
115656,1,3,163,5,1,50.0,0,N,MELB_URBAN,STREET,1,7.0
115657,1,1,130,5,3,50.0,0,I,MELB_URBAN,AVENUE,2,1.0
115658,4,4,181,5,5,60.0,0,N,MELB_URBAN,ROAD,2,1.0
115659,1,3,160,5,6,50.0,0,N,MELB_URBAN,ROAD,2,22.0
115660,1,3,121,2,3,70.0,0,I,LARGE_PROVINCIAL_CITIES,HIGHWAY,2,20.0
115661,1,4,113,2,2,60.0,0,I,MELB_URBAN,BOULEVARD,2,5.0
115662,1,4,130,1,1,60.0,0,N,MELB_URBAN,ROAD,2,7.0
115663,1,4,135,2,1,80.0,0,I,MELB_URBAN,HIGHWAY,2,7.0
115664,1,5,121,4,1,80.0,0,I,MELB_URBAN,HIGHWAY,9,10.0
115665,1,2,130,5,1,70.0,0,N,MELB_URBAN,ROAD,2,16.0
115666,2,3,100,5,1,50.0,0,N,MELB_URBAN,ROAD,2,8.0
115667,6,3,170,5,1,100.0,0,N,RURAL_VICTORIA,ROAD,2,8.0
115668,4,4,99,2,1,80.0,1,N,RURAL_VICTORIA,RAMP,2,10.0
115669,1,1,130,5,1,80.0,0,I,RURAL_VICTORIA,HIGHWAY,2,11.0
115670,1,1,121,1,2,70.0,0,I,MELB_URBAN,STREET,2,6.0
115671,1,4,163,5,1,60.0,0,N,MELB_URBAN,ROAD,2,11.0
115672,1,3,130,5,1,60.0,0,I,MELB_URBAN,STREET,2,11.0
115673,1,2,163,5,1,50.0,0,N,MELB_URBAN,STREET,2,18.0
115674,1,3,173,5,1,60.0,0,N,SMALL_CITIES,STREET,2,15.0
115675,1,6,113,1,2,50.0,0,I,MELB_URBAN,ROAD,1,20.0
115676,4,5,171,5,1,80.0,0,N,RURAL_VICTORIA,ROAD,12,11.0
115677,4,3,171,5,1,80.0,0,N,MELB_URBAN,ROAD,2,6.0
115678,1,4,130,1,3,60.0,0,I,MELB_URBAN,ROAD,2,23.0
115679,4,2,171,1,9,100.0,0,I,RURAL_VICTORIA,HIGHWAY,1,15.0
115680,1,4,130,5,1,70.0,0,N,RURAL_VICTORIA,ROAD,2,13.0
115681,8,3,184,5,1,60.0,0,N,RURAL_VICTORIA,ROAD,2,16.0
115682,4,3,173,5,1,60.0,0,N,MELB_URBAN,ROAD,2,12.0
115683,1,3,133,5,1,60.0,0,N,MELB_URBAN,RAMP,2,15.0
115684,6,4,99,5,1,60.0,0,N,SMALL_CITIES,ROAD,2,13.0
115685,1,5,130,5,2,60.0,0,N,MELB_URBAN,ROAD,2,20.0
115686,1,5,121,1,1,80.0,0,I,MELB_URBAN,ROAD,9,15.0
115687,4,4,181,5,1,100.0,0,N,RURAL_VICTORIA,ROAD,2,12.0
115688,1,1,163,5,1,40.0,0,N,MELB_URBAN,STREET,2,13.0
115689,1,4,140,5,2,60.0,0,N,MELB_URBAN,STREET,2,6.0
115690,6,4,99,5,1,100.0,0,N,RURAL_VICTORIA,ROAD,2,14.0
115691,1,3,130,2,1,60.0,0,I,MELB_URBAN,STREET,2,16.0
115692,1,4,147,5,1,60.0,0,N,SMALL_CITIES,ROAD,2,16.0
115693,1,3,130,5,1,60.0,0,N,MELB_URBAN,ROAD,2,9.0
115694,2,5,102,5,1,60.0,0,N,LARGE_PROVINCIAL_CITIES,ROAD,1,15.0
115695,4,0,99,5,2,100.0,0,N,RURAL_VICTORIA,ROAD,10,7.0
115696,1,4,132,1,1,60.0,0,I,LARGE_PROVINCIAL_CITIES,STREET,2,14.0
115697,1,3,121,1,1,80.0,0,I,RURAL_VICTORIA,AVENUE,2,17.0
115698,1,4,99,5,1,50.0,0,N,MELB_URBAN,BOULEVARD,2,16.0
115699,1,4,140,5,1,60.0,0,N,LARGE_PROVINCIAL_CITIES,STREET,2,17.0
115700,1,4,130,5,1,80.0,0,N,MELB_URBAN,ROAD,2,15.0
115701,4,3,171,5,1,60.0,0,N,MELB_URBAN,ROAD,2,15.0
115702,1,3,160,5,6,50.0,0,N,SMALL_CITIES,ROAD,2,5.0
115703,2,4,102,5,2,60.0,0,N,SMALL_CITIES,ROAD,2,6.0
115704,1,5,130,1,2,80.0,0,I,MELB_URBAN,ROAD,1,16.0
115705,1,3,132,5,1,60.0,0,N,MELB_URBAN,ROAD,12,10.0
115706,1,4,113,2,1,60.0,0,I,MELB_URBAN,ROAD,2,17.0
115707,2,3,102,5,1,50.0,0,N,MELB_URBAN,ROAD,2,10.0
115708,1,3,116,1,1,60.0,0,I,SMALL_CITIES,STREET,2,15.0
115709,1,1,130,5,1,80.0,0,N,MELB_URBAN,ROAD,9,13.0
115710,4,3,181,5,1,100.0,0,N,RURAL_VICTORIA,ROAD,12,18.0
115711,1,5,130,5,1,100.0,0,N,MELB_URBAN,FREEWAY,2,7.0
115712,1,3,130,2,1,70.0,0,I,MELB_URBAN,ROAD,2,16.0
115713,1,4,133,5,1,110.0,0,N,RURAL_VICTORIA,FREEWAY,2,18.0
115714,4,5,181,5,1,60.0,0,N,MELB_URBAN,ROAD,2,8.0
115715,1,5,130,5,1,100.0,0,N,MELB_URBAN,ROAD,2,8.0
115716,1,3,130,5,1,70.0,0,N,LARGE_PROVINCIAL_CITIES,ROAD,2,8.0
115717,1,4,110,1,1,60.0,0,I,MELB_URBAN,ROAD,2,8.0
115718,1,4,130,5,1,40.0,0,N,MELB_URBAN,ROAD,2,7.0
115719,2,5,99,1,1,40.0,0,I,TOWNS,STREET,2,9.0
115720,1,3,113,2,1,60.0,0,I,MELB_URBAN,DRIVE,2,17.0
115721,4,4,171,5,1,100.0,0,N,RURAL_VICTORIA,ROAD,2,10.0
115722,1,5,130,5,1,60.0,0,N,SMALL_CITIES,FREEWAY,2,12.0
115723,4,5,171,5,1,80.0,0,N,MELB_URBAN,ROAD,2,12.0
115724,1,3,130,2,9,60.0,0,N,MELB_URBAN,DRIVE,2,20.0
115725,1,5,113,2,1,60.0,0,I,RURAL_VICTORIA,DRIVE,2,13.0
115726,1,5,130,5,1,80.0,0,N,MELB_URBAN,STREET,2,15.0
115727,8,5,174,5,1,60.0,0,N,MELB_URBAN,STREET,2,8.0
115728,1,5,121,1,1,60.0,0,I,MELB_URBAN,ROAD,1,12.0
115729,1,1,99,1,1,60.0,0,N,MELB_URBAN,DRIVE,2,18.0
115730,1,3,130,1,3,80.0,0,N,MELB_URBAN,ROAD,1,20.0
115731,1,6,99,5,1,50.0,0,N,TOWNS,STREET,1,10.0
115732,1,6,99,1,9,60.0,0,I,MELB_URBAN,ROAD,2,22.0