,accident_type,day_of_week,dca_code,road_geometry,light_condition,speed_zone,severity,node_type,deg_urban_name,road_type,month,hour
115733,1,2,132,2,1,50.0,0,I,MELB_URBAN,STREET,2,14.0
115734,1,4,121,1,1,60.0,0,I,MELB_URBAN,ROAD,2,15.0
115735,1,4,140,1,1,70.0,0,I,LARGE_PROVINCIAL_CITIES,ROAD,2,16.0
115736,1,3,130,2,9,60.0,0,I,SMALL_CITIES,ROAD,2,16.0
115737,1,4,130,5,1,60.0,0,N,MELB_URBAN,AVENUE,10,17.0
115738,1,5,113,1,1,70.0,0,I,MELB_URBAN,ROAD,2,15.0
115739,1,4,130,1,3,80.0,0,I,MELB_URBAN,ROAD,1,5.0
115740,1,4,130,5,1,80.0,0,N,MELB_URBAN,HIGHWAY,2,15.0
115741,1,4,140,5,1,80.0,0,N,MELB_URBAN,ROAD,2,17.0
115742,1,5,121,1,1,50.0,0,I,MELB_URBAN,STREET,2,15.0
115743,1,3,132,2,3,60.0,0,I,MELB_URBAN,ROAD,1,21.0
115744,2,4,99,5,1,60.0,0,N,MELB_URBAN,ROAD,2,16.0
115745,4,5,171,1,1,100.0,0,N,RURAL_VICTORIA,ROAD,2,15.0
115746,1,6,121,5,1,60.0,0,I,MELB_URBAN,ROAD,1,14.0
115747,4,5,181,5,1,100.0,0,N,RURAL_VICTORIA,ROAD,2,16.0
115748,1,5,99,2,1,50.0,0,N,MELB_URBAN,OTHER,2,8.0
115749,1,5,99,5,3,50.0,0,N,MELB_URBAN,STREET,2,21.0
115750,1,6,130,1,1,80.0,0,N,MELB_URBAN,ROAD,2,18.0
115751,1,5,163,1,3,60.0,0,N,MELB_URBAN,ROAD,2,22.0
115752,6,5,99,5,1,100.0,1,N,RURAL_VICTORIA,ROAD,2,17.0
115753,1,5,99,5,3,60.0,0,N,MELB_URBAN,ROAD,2,23.0
115754,1,3,140,5,2,50.0,0,N,MELB_URBAN,STREET,12,20.0
115755,1,6,99,5,2,60.0,0,N,SMALL_CITIES,ROAD,2,6.0
115756,1,6,130,5,1,60.0,0,N,MELB_URBAN,DRIVE,1,16.0
115757,6,6,99,5,1,40.0,0,N,RURAL_VICTORIA,ROAD,2,6.0
115758,1,5,130,5,1,70.0,0,N,RURAL_VICTORIA,FREEWAY,2,7.0
115759,1,6,121,5,1,70.0,0,I,MELB_URBAN,ROAD,2,9.0
115760,1,6,130,5,1,80.0,0,N,MELB_URBAN,ROAD,2,10.0
115761,1,6,121,1,1,60.0,0,I,MELB_URBAN,HIGHWAY,2,9.0
115762,1,6,121,2,2,60.0,0,I,MELB_URBAN,ROAD,2,7.0
115763,6,6,99,5,1,100.0,0,N,RURAL_VICTORIA,ROAD,2,10.0
115764,1,6,113,2,1,80.0,0,I,MELB_URBAN,ROAD,2,7.0
115765,1,5,110,1,1,50.0,0,I,MELB_URBAN,STREET,2,10.0
115766,1,6,121,2,9,60.0,0,I,MELB_URBAN,ROAD,2,10.0
115767,2,6,100,5,6,40.0,0,N,MELB_URBAN,STREET,2,0.0
115768,2,6,100,5,9,50.0,0,N,SMALL_CITIES,ROAD,2,12.0
115769,1,5,113,2,1,60.0,0,I,MELB_URBAN,ROAD,2,13.0
115770,1,7,130,5,1,50.0,0,N,TOWNS,STREET,1,9.0
115771,1,6,147,5,1,60.0,0,N,MELB_URBAN,STREET,2,15.0
115772,1,3,121,2,1,50.0,0,I,MELB_URBAN,STREET,2,13.0
115773,1,3,163,5,9,60.0,0,N,MELB_URBAN,STREET,2,18.0
115774,4,6,171,5,1,100.0,0,N,RURAL_VICTORIA,HIGHWAY,2,16.0
115775,1,6,130,5,1,80.0,0,N,RURAL_VICTORIA,STREET,2,15.0
115776,1,6,171,5,1,100.0,0,N,RURAL_VICTORIA,HIGHWAY,2,12.0
115777,1,3,130,5,1,80.0,0,N,MELB_URBAN,OTHER,2,17.0
115778,1,6,113,2,1,60.0,0,I,MELB_URBAN,STREET,2,14.0
115779,5,1,99,2,1,100.0,0,I,RURAL_VICTORIA,ROAD,2,9.0
115780,1,6,120,5,1,70.0,0,N,RURAL_VICTORIA,HIGHWAY,2,15.0
115781,1,6,120,5,1,60.0,0,N,MELB_URBAN,ROAD,2,16.0
115782,8,6,174,2,1,60.0,0,I,SMALL_CITIES,ROAD,2,17.0
115783,8,6,174,5,1,100.0,0,N,RURAL_VICTORIA,ROAD,2,8.0
115784,1,6,130,5,1,60.0,0,N,MELB_URBAN,STREET,2,17.0
115785,1,6,113,1,1,80.0,0,N,RURAL_VICTORIA,ROAD,2,16.0
115786,1,6,99,5,1,50.0,0,N,MELB_URBAN,STREET,2,15.0
115787,1,4,120,5,9,50.0,0,N,MELB_URBAN,ROAD,2,18.0
115788,1,6,116,2,1,80.0,0,I,MELB_URBAN,HIGHWAY,2,19.0
115789,8,6,174,2,1,80.0,0,I,MELB_URBAN,DRIVE,2,16.0
115790,1,5,110,1,1,60.0,0,I,LARGE_PROVINCIAL_CITIES,STREET,2,19.0
115791,1,6,130,5,1,60.0,0,N,MELB_URBAN,ROAD,2,17.0
115792,8,6,174,5,3,60.0,0,N,MELB_URBAN,STREET,2,20.0
115793,1,6,147,5,1,80.0,0,N,MELB_URBAN,ROAD,2,16.0
115794,4,6,171,5,1,60.0,0,N,MELB_URBAN,ROAD,2,16.0
115795,1,6,163,5,1,60.0,0,N,MELB_URBAN,STREET,2,13.0
115796,1,5,120,5,1,70.0,0,N,RURAL_VICTORIA,ROAD,2,16.0
115797,4,6,99,2,2,50.0,0,I,SMALL_CITIES,DRIVE,2,19.0
115798,1,5,130,1,1,60.0,0,N,MELB_URBAN,AVENUE,2,19.0
115799,1,6,120,5,5,80.0,0,N,MELB_URBAN,ROAD,2,19.0
115800,1,5,110,1,1,50.0,0,I,MELB_URBAN,STREET,2,15.0
115801,5,4,99,5,1,60.0,0,I,RURAL_VICTORIA,ROAD,12,10.0
115802,1,6,121,1,3,50.0,0,I,SMALL_CITIES,STREET,2,21.0
115803,1,5,130,5,1,80.0,0,N,MELB_URBAN,ROAD,2,18.0
115804,1,5,130,5,1,60.0,0,N,SMALL_CITIES,DRIVE,2,16.0
115805,1,1,121,2,1,60.0,0,N,MELB_URBAN,ROAD,2,15.0
115806,5,6,99,5,4,100.0,0,N,RURAL_VICTORIA,ROAD,2,20.0
115807,1,4,163,5,1,40.0,0,N,MELB_URBAN,ROAD,2,13.0
115808,1,6,130,5,9,50.0,0,N,MELB_URBAN,STREET,1,17.0
115809,1,5,132,2,1,60.0,0,I,MELB_URBAN,ROAD,1,14.0
115810,6,6,99,2,5,100.0,0,I,RURAL_VICTORIA,ROAD,2,23.0
115811,1,2,110,1,1,60.0,0,I,RURAL_VICTORIA,ROAD,12,13.0
115812,1,5,147,5,3,80.0,0,N,MELB_URBAN,HIGHWAY,2,22.0
115813,1,6,120,5,3,60.0,0,N,MELB_URBAN,DRIVE,2,23.0
115814,4,7,171,1,3,60.0,0,I,MELB_URBAN,ROAD,2,0.0
115815,6,7,99,2,3,50.0,0,N,MELB_URBAN,OTHER,2,3.0
115816,2,5,102,5,1,40.0,0,N,MELBOURNE_CBD,STREET,2,10.0
115817,4,5,173,5,3,80.0,0,N,MELB_URBAN,RAMP,2,19.0
115818,1,5,120,5,1,60.0,0,N,MELB_URBAN,ROAD,2,11.0
115819,1,2,133,5,9,80.0,0,N,MELB_URBAN,FREEWAY,2,20.0
115820,1,7,160,5,3,60.0,0,N,MELB_URBAN,ROAD,2,4.0
115821,4,6,171,5,2,100.0,0,N,MELB_URBAN,UNKNOWN,2,7.0
115822,1,3,121,2,3,80.0,0,I,MELB_URBAN,HIGHWAY,2,20.0
115823,1,6,110,1,1,50.0,0,I,MELB_URBAN,STREET,2,9.0
115824,4,7,173,5,1,60.0,0,N,RURAL_VICTORIA,ROAD,2,8.0
115825,1,5,130,5,1,60.0,0,N,MELB_URBAN,ROAD,2,14.0
115826,1,4,130,5,1,60.0,0,N,MELB_URBAN,ROAD,2,12.0
115827,1,7,147,5,2,60.0,0,N,MELB_URBAN,ROAD,2,7.0
115828,8,5,99,5,2,70.0,0,N,SMALL_CITIES,DRIVE,2,18.0
115829,1,7,99,1,1,40.0,0,N,MELB_URBAN,STREET,2,8.0
115830,1,6,134,5,1,80.0,0,I,MELB_URBAN,ROAD,2,9.0
115831,1,5,110,1,1,50.0,0,I,TOWNS,STREET,2,8.0
115832,2,7,100,2,1,40.0,0,N,MELB_URBAN,STREET,2,10.0
115833,1,7,130,5,1,70.0,0,N,MELB_URBAN,HIGHWAY,2,7.0
115834,1,7,163,5,1,40.0,0,N,MELB_URBAN,STREET,2,11.0
115835,1,6,140,5,1,60.0,0,N,MELB_URBAN,ROAD,2,11.0
115836,1,6,110,1,1,50.0,0,I,MELB_URBAN,STREET,2,11.0
115837,1,2,111,2,1,50.0,0,I,MELB_URBAN,ROAD,2,15.0
115838,1,5,99,1,1,60.0,0,I,MELB_URBAN,ROAD,2,8.0
115839,4,7,171,5,1,100.0,0,N,RURAL_VICTORIA,HIGHWAY,2,12.0
115840,7,7,99,5,1,80.0,0,N,RURAL_VICTORIA,ROAD,2,11.0
115841,1,6,160,5,1,50.0,0,N,SMALL_CITIES,DRIVE,2,15.0
115842,1,7,130,5,1,70.0,0,N,MELB_URBAN,ROAD,2,13.0
115843,8,7,184,3,1,50.0,0,I,MELB_URBAN,AVENUE,2,13.0
115844,1,6,110,1,1,60.0,0,N,LARGE_PROVINCIAL_CITIES,STREET,2,15.0
115845,4,7,181,5,1,80.0,1,N,MELB_URBAN,FREEWAY,2,13.0
115846,1,7,120,5,1,70.0,0,N,RURAL_VICTORIA,ROAD,2,15.0
115847,4,6,181,5,1,100.0,0,N,RURAL_VICTORIA,HIGHWAY,2,10.0
115848,1,6,132,1,1,60.0,0,I,MELB_URBAN,ROAD,2,13.0
115849,1,5,130,5,1,60.0,0,N,SMALL_CITIES,STREET,2,13.0
115850,2,7,102,2,1,70.0,0,N,MELB_URBAN,ROAD,2,14.0
115851,1,4,130,5,5,100.0,0,N,RURAL_VICTORIA,FREEWAY,2,21.0
115852,1,7,99,2,1,60.0,0,N,MELB_URBAN,STREET,2,17.0
115853,4,7,181,5,1,100.0,0,N,RURAL_VICTORIA,ROAD,2,17.0
115854,4,7,171,5,1,60.0,0,N,MELB_URBAN,ROAD,2,16.0
115855,1,7,99,5,1,100.0,0,N,MELB_URBAN,FREEWAY,2,13.0
115856,1,5,135,1,1,40.0,0,I,MELB_URBAN,STREET,2,8.0
115857,1,7,130,2,1,50.0,0,N,MELB_URBAN,PARADE,2,16.0
115858,8,7,174,5,1,50.0,0,N,MELB_URBAN,DRIVE,2,19.0
115859,1,6,130,1,1,70.0,0,I,MELB_URBAN,ROAD,2,17.0
115860,4,5,171,5,1,50.0,0,N,MELB_URBAN,AVENUE,1,15.0
115861,4,7,171,2,1,60.0,0,I,MELB_URBAN,HIGHWAY,2,19.0
115862,1,7,130,5,1,60.0,0,N,RURAL_VICTORIA,HIGHWAY,2,19.0
115863,1,6,130,1,1,70.0,0,I,MELB_URBAN,ROAD,2,9.0
115864,4,6,181,5,3,60.0,0,N,MELB_URBAN,ROAD,2,20.0
115865,1,7,110,1,1,80.0,0,I,MELB_URBAN,ROAD,2,10.0
115866,1,7,113,1,3,60.0,0,I,MELB_URBAN,ROAD,2,22.0
115867,1,0,160,5,3,60.0,0,N,MELB_URBAN,STREET,2,0.0
115868,4,1,171,5,3,40.0,0,N,MELBOURNE_CBD,STREET,2,3.0
115869,8,1,170,5,3,70.0,0,N,MELB_URBAN,DRIVE,2,0.0
115870,1,1,121,1,3,60.0,0,I,MELB_URBAN,ROAD,2,1.0
115871,1,7,121,2,3,60.0,1,I,MELB_URBAN,STREET,2,23.0
115872,1,7,147,5,1,60.0,0,N,MELB_URBAN,ROAD,2,14.0
115873,8,1,170,5,5,100.0,0,N,RURAL_VICTORIA,ROAD,2,0.0
115874,1,1,133,2,1,80.0,0,N,MELB_URBAN,HIGHWAY,2,7.0
115875,1,1,140,5,1,40.0,0,N,MELBOURNE_CBD,STREET,2,8.0
115876,1,0,130,1,1,80.0,0,N,MELB_URBAN,HIGHWAY,2,8.0
115877,1,7,130,5,1,70.0,0,N,MELB_URBAN,HIGHWAY,2,17.0
115878,1,1,130,5,1,70.0,0,N,MELB_URBAN,ROAD,2,8.0
115879,4,0,171,5,1,50.0,0,N,MELB_URBAN,AVENUE,2,10.0
115880,1,1,113,1,1,60.0,0,I,MELB_URBAN,ROAD,2,10.0
115881,1,7,121,2,2,60.0,0,I,MELB_URBAN,ROAD,2,18.0
115882,1,2,113,2,1,60.0,0,I,MELB_URBAN,ROAD,2,15.0
115883,1,5,99,1,1,50.0,0,I,MELB_URBAN,STREET,2,17.0
115884,1,1,133,2,1,40.0,0,N,MELBOURNE_CBD,STREET,2,12.0
115885,1,1,130,1,1,70.0,0,I,MELB_URBAN,ROAD,2,12.0
115886,1,0,99,5,1,40.0,0,N,MELB_URBAN,STREET,2,12.0
115887,1,1,99,2,1,50.0,0,I,TOWNS,ROAD,2,15.0
115888,1,1,130,5,1,50.0,0,N,LARGE_PROVINCIAL_CITIES,AVENUE,2,15.0
115889,1,2,130,1,1,60.0,0,I,MELB_URBAN,ROAD,2,8.0
115890,1,1,130,5,1,60.0,0,N,MELB_URBAN,ROAD,2,16.0
115891,4,1,181,5,5,100.0,0,N,RURAL_VICTORIA,ROAD,2,1.0
115892,1,7,113,2,1,60.0,0,I,MELB_URBAN,ROAD,2,15.0
115893,1,0,133,5,1,50.0,0,N,MELB_URBAN,STREET,2,14.0
115894,2,1,99,5,3,60.0,1,N,SMALL_CITIES,ROAD,2,5.0
115895,1,1,116,1,1,80.0,0,I,MELB_URBAN,ROAD,2,15.0
115896,1,2,130,2,1,60.0,0,I,MELB_URBAN,ROAD,2,16.0
115897,1,1,121,2,1,60.0,0,I,MELB_URBAN,STREET,2,17.0
115898,6,1,99,5,1,100.0,0,N,RURAL_VICTORIA,ROAD,2,12.0
115899,1,1,120,5,1,100.0,0,N,RURAL_VICTORIA,ROAD,2,18.0
115900,4,1,173,5,3,40.0,0,N,MELB_URBAN,STREET,2,20.0
115901,1,1,110,1,1,70.0,0,I,MELB_URBAN,ROAD,2,18.0
115902,1,1,121,1,1,50.0,0,I,MELB_URBAN,ROAD,2,19.0
115903,4,1,173,2,1,60.0,0,I,RURAL_VICTORIA,ROAD,2,14.0
115904,6,1,170,5,3,60.0,0,N,MELB_URBAN,STREET,2,22.0
115905,1,2,130,1,9,60.0,0,I,MELB_URBAN,ROAD,2,9.0
115906,1,5,130,2,2,70.0,0,I,MELB_URBAN,ROAD,2,18.0
115907,1,2,99,5,2,60.0,0,N,MELB_URBAN,STREET,2,6.0
115908,1,5,120,5,1,60.0,0,N,RURAL_VICTORIA,ROAD,2,18.0
115909,1,2,116,2,1,60.0,0,I,MELB_URBAN,DRIVE,2,8.0
115910,1,6,140,2,3,60.0,0,I,MELB_URBAN,AVENUE,2,21.0
115911,4,2,181,5,2,100.0,0,N,RURAL_VICTORIA,ROAD,2,5.0
115912,8,2,99,5,1,50.0,0,N,MELB_URBAN,BOULEVARD,2,9.0
115913,1,2,99,5,1,40.0,0,N,MELB_URBAN,STREET,2,10.0
115914,1,7,116,1,1,60.0,0,I,MELB_URBAN,ROAD,2,11.0
115915,1,5,121,2,3,60.0,0,I,MELB_URBAN,ROAD,2,22.0
115916,1,2,120,5,1,60.0,0,N,RURAL_VICTORIA,ROAD,2,10.0
115917,1,2,147,5,1,80.0,0,N,MELB_URBAN,HIGHWAY,2,8.0
115918,4,2,171,5,1,70.0,0,N,RURAL_VICTORIA,HIGHWAY,2,10.0
115919,1,2,130,5,1,110.0,0,N,RURAL_VICTORIA,HIGHWAY,2,8.0
115920,4,2,171,5,1,70.0,0,N,MELB_URBAN,ROAD,1,18.0
115921,8,1,174,2,1,80.0,0,I,RURAL_VICTORIA,ROAD,2,13.0
115922,6,1,170,5,2,80.0,0,N,RURAL_VICTORIA,ROAD,2,21.0
115923,1,2,130,5,2,60.0,0,N,MELB_URBAN,AVENUE,2,6.0
115924,2,2,100,5,1,60.0,0,N,MELB_URBAN,ROAD,2,8.0
115925,1,1,110,1,1,60.0,0,I,LARGE_PROVINCIAL_CITIES,ROAD,2,11.0
115926,1,1,130,5,1,70.0,0,N,LARGE_PROVINCIAL_CITIES,ROAD,2,9.0
115927,1,7,130,2,9,60.0,0,I,MELB_URBAN,ROAD,2,10.0
115928,1,2,147,5,1,50.0,0,N,TOWNS,STREET,2,13.0
115929,1,1,135,5,1,80.0,0,N,MELB_URBAN,HIGHWAY,2,11.0
115930,1,1,181,5,1,60.0,0,N,RURAL_VICTORIA,ROAD,12,13.0
115931,1,2,130,1,1,80.0,0,I,MELB_URBAN,ROAD,2,13.0
115932,1,1,130,5,1,40.0,0,N,RURAL_VICTORIA,FREEWAY,2,7.0
115933,1,2,130,1,9,60.0,0,I,MELB_URBAN,HIGHWAY,2,17.0
115934,1,3,130,5,1,80.0,0,I,SMALL_TOWNS,HIGHWAY,2,9.0
115935,1,2,130,5,1,80.0,0,I,MELB_URBAN,FREEWAY,2,9.0
115936,6,1,99,5,1,60.0,0,N,RURAL_VICTORIA,ROAD,2,9.0
115937,1,2,110,1,1,60.0,0,I,MELB_URBAN,HIGHWAY,2,13.0
115938,2,1,102,1,1,40.0,0,I,MELBOURNE_CBD,STREET,2,14.0
115939,8,1,174,5,1,60.0,0,N,RURAL_VICTORIA,OTHER,2,12.0
115940,1,0,130,2,1,60.0,0,I,SMALL_CITIES,ROAD,1,12.0
115941,7,2,99,5,9,60.0,0,N,MELB_URBAN,ROAD,1,12.0
115942,1,4,132,2,1,50.0,0,I,MELB_URBAN,STREET,1,8.0
115943,1,2,135,5,1,80.0,0,N,MELB_URBAN,HIGHWAY,2,14.0
115944,4,2,171,5,1,50.0,0,N,MELB_URBAN,ROAD,2,8.0
115945,1,2,130,5,1,80.0,1,N,MELB_URBAN,ROAD,2,10.0
115946,1,2,120,5,5,70.0,0,N,RURAL_VICTORIA,ROAD,2,6.0
115947,1,7,110,1,1,50.0,0,I,MELB_URBAN,STREET,1,16.0
115948,1,2,130,5,9,60.0,0,N,MELB_URBAN,ROAD,10,17.0
115949,1,5,110,1,1,60.0,0,I,SMALL_CITIES,ROAD,2,17.0
115950,1,1,130,5,1,60.0,0,N,LARGE_PROVINCIAL_CITIES,ROAD,2,17.0
115951,1,2,160,5,1,40.0,0,N,MELB_URBAN,OTHER,2,15.0
115952,1,2,130,5,2,100.0,0,N,MELB_URBAN,FREEWAY,10,5.0
115953,1,2,99,2,1,40.0,0,N,MELB_URBAN,OTHER,2,16.0
115954,1,2,130,2,1,60.0,0,I,MELB_URBAN,ROAD,2,17.0
115955,1,1,121,2,1,60.0,0,I,MELB_URBAN,STREET,2,17.0
115956,1,7,130,2,9,60.0,0,I,MELB_URBAN,ROAD,2,15.0
115957,4,2,171,5,1,60.0,0,N,MELB_URBAN,ROAD,2,19.0
115958,1,1,113,2,1,50.0,0,N,TOWNS,DRIVE,2,16.0
115959,1,2,121,2,1,60.0,0,I,MELB_URBAN,STREET,2,8.0
115960,1,5,130,1,1,70.0,0,N,MELB_URBAN,ROAD,2,16.0
115961,1,2,120,5,1,80.0,0,N,RURAL_VICTORIA,ROAD,2,18.0
115962,4,2,173,5,1,60.0,0,N,MELB_URBAN,ROAD,2,17.0
115963,1,2,130,1,3,60.0,0,I,MELB_URBAN,ROAD,2,21.0
115964,4,2,173,5,1,100.0,1,N,RURAL_VICTORIA,ROAD,2,19.0
115965,4,3,173,5,3,80.0,1,N,MELB_URBAN,ROAD,2,0.0
115966,4,3,171,1,3,60.0,0,N,MELB_URBAN,ROAD,2,2.0
115967,4,3,173,1,3,60.0,0,I,SMALL_CITIES,ROAD,2,0.0
115968,1,5,130,5,1,100.0,0,I,MELB_URBAN,FREEWAY,2,8.0
115969,1,3,133,5,3,100.0,0,N,MELB_URBAN,ROAD,2,5.0
115970,4,2,173,5,1,100.0,0,N,RURAL_VICTORIA,ROAD,2,11.0
115971,8,3,170,5,3,70.0,0,N,MELB_URBAN,ROAD,2,5.0
115972,1,3,163,5,2,50.0,0,N,SMALL_CITIES,STREET,2,7.0
115973,4,2,171,5,1,100.0,0,N,RURAL_VICTORIA,ROAD,2,7.0
115974,1,6,130,4,1,60.0,0,N,MELB_URBAN,STREET,2,7.0
115975,1,3,130,5,1,60.0,0,N,MELB_URBAN,STREET,2,7.0
115976,1,1,135,5,1,80.0,0,N,MELB_URBAN,ROAD,2,14.0
115977,1,5,130,5,1,60.0,0,N,MELB_URBAN,HIGHWAY,2,8.0
115978,1,3,130,5,1,100.0,0,N,RURAL_VICTORIA,FREEWAY,2,8.0
115979,1,3,99,2,1,60.0,0,I,MELB_URBAN,ROAD,2,9.0
115980,1,3,99,1,1,60.0,0,I,MELB_URBAN,ROAD,2,8.0
115981,2,2,100,1,1,50.0,0,N,MELB_URBAN,OTHER,2,9.0
115982,1,3,110,1,1,50.0,0,I,LARGE_PROVINCIAL_CITIES,STREET,2,8.0
115983,1,3,130,1,1,60.0,0,I,MELB_URBAN,OTHER,2,7.0
115984,2,3,99,5,1,40.0,0,N,TOWNS,ROAD,2,9.0
115985,1,2,99,1,2,60.0,0,I,MELB_URBAN,ROAD,2,17.0
115986,4,3,171,5,1,40.0,0,N,MELB_URBAN,STREET,2,10.0
115987,1,3,130,5,1,110.0,0,N,RURAL_VICTORIA,FREEWAY,2,10.0
115988,5,6,99,5,1,100.0,0,N,RURAL_VICTORIA,ROAD,5,10.0
115989,1,2,130,5,1,80.0,0,N,MELB_URBAN,ROAD,2,8.0
115990,1,2,130,5,1,50.0,0,N,MELB_URBAN,AVENUE,2,14.0
115991,1,3,113,2,1,60.0,0,I,MELB_URBAN,STREET,2,13.0
115992,1,3,130,5,1,80.0,0,N,LARGE_PROVINCIAL_CITIES,HIGHWAY,2,11.0
115993,1,0,130,5,1,60.0,0,N,MELB_URBAN,ROAD,2,13.0
115994,1,7,160,5,2,50.0,0,N,MELB_URBAN,DRIVE,2,19.0
115995,8,5,174,5,1,60.0,0,N,RURAL_VICTORIA,HIGHWAY,10,13.0
115996,2,2,102,5,1,50.0,0,N,MELB_URBAN,OTHER,2,12.0
115997,1,3,99,5,1,50.0,0,N,SMALL_CITIES,STREET,2,14.0
115998,2,6,99,1,1,60.0,0,N,MELB_URBAN,ROAD,1,10.0
115999,1,3,133,5,1,110.0,0,N,RURAL_VICTORIA,FREEWAY,2,14.0
116000,1,3,121,5,1,60.0,0,I,MELB_URBAN,ROAD,2,8.0
116001,1,5,99,2,1,60.0,0,I,MELB_URBAN,ROAD,2,8.0
116002,1,2,134,5,1,60.0,0,N,MELB_URBAN,ROAD,1,16.0
116003,1,3,130,1,1,60.0,0,N,LARGE_PROVINCIAL_CITIES,HIGHWAY,2,12.0
116004,1,4,163,5,2,60.0,0,N,MELB_URBAN,STREET,2,6.0
116005,5,4,99,5,1,80.0,0,N,RURAL_VICTORIA,ROAD,2,11.0
116006,8,3,174,2,1,40.0,0,I,MELB_URBAN,ROAD,2,15.0
116007,2,2,100,5,1,50.0,0,N,MELB_URBAN,OTHER,2,15.0
116008,1,3,99,2,1,50.0,0,I,MELB_URBAN,STREET,2,15.0
116009,1,3,120,5,1,80.0,0,N,RURAL_VICTORIA,ROAD,2,16.0
116010,4,2,181,5,1,100.0,0,N,RURAL_VICTORIA,ROAD,2,17.0
116011,1,5,130,9,1,80.0,0,N,MELB_URBAN,ROAD,2,15.0
116012,4,2,183,5,1,100.0,0,N,RURAL_VICTORIA,ROAD,2,17.0
116013,8,2,174,5,1,50.0,0,N,SMALL_CITIES,UNKNOWN,2,15.0
116014,1,6,113,1,1,100.0,0,I,MELB_URBAN,ROAD,2,15.0
116015,8,3,174,5,9,50.0,0,N,MELB_URBAN,STREET,2,21.0
116016,4,3,171,5,5,80.0,0,N,RURAL_VICTORIA,ROAD,2,20.0
116017,1,6,113,2,9,60.0,0,I,MELB_URBAN,ROAD,1,16.0
116018,1,3,99,5,1,50.0,0,N,MELBOURNE_CBD,STREET,2,18.0
116019,1,3,130,5,3,100.0,0,N,MELB_URBAN,FREEWAY,2,22.0
116020,1,5,110,1,1,50.0,0,I,TOWNS,STREET,2,9.0
116021,4,4,173,5,3,80.0,0,N,MELB_URBAN,ROAD,2,0.0
116022,1,1,130,5,1,60.0,0,N,MELB_URBAN,ROAD,2,16.0
116023,4,4,181,5,6,100.0,0,N,RURAL_VICTORIA,HIGHWAY,2,6.0
116024,1,4,120,5,1,80.0,0,N,TOWNS,ROAD,2,7.0
116025,1,0,134,2,1,60.0,0,I,MELB_URBAN,ROAD,2,16.0
116026,4,4,183,5,1,100.0,0,N,RURAL_VICTORIA,ROAD,2,7.0
116027,1,4,121,1,1,60.0,0,I,MELB_URBAN,ROAD,2,8.0
116028,1,4,113,3,1,60.0,0,I,MELB_URBAN,ROAD,2,8.0
116029,1,4,113,2,1,60.0,0,I,MELB_URBAN,ROAD,2,11.0
116030,1,6,134,5,1,50.0,0,N,MELB_URBAN,STREET,1,14.0
116031,1,3,99,5,1,60.0,0,N,MELB_URBAN,ROAD,2,8.0
116032,1,3,133,5,1,40.0,0,N,MELB_URBAN,STREET,2,10.0
116033,1,5,121,1,1,60.0,0,I,MELB_URBAN,ROAD,1,9.0
116034,1,4,130,5,1,60.0,0,N,MELB_URBAN,ROAD,2,11.0
116035,1,2,135,5,1,100.0,0,N,MELB_URBAN,FREEWAY,2,10.0
116036,2,1,100,2,1,50.0,0,I,TOWNS,ROAD,2,17.0
116037,1,1,110,1,1,60.0,0,I,MELB_URBAN,ROAD,2,16.0
116038,6,4,174,5,1,60.0,0,N,SMALL_CITIES,ROAD,1,16.0
116039,1,4,130,5,1,100.0,0,N,RURAL_VICTORIA,FREEWAY,2,10.0
116040,1,3,130,5,1,80.0,0,N,MELB_URBAN,FREEWAY,2,19.0
116041,1,3,130,1,1,60.0,0,I,MELB_URBAN,ROAD,2,13.0
116042,1,4,110,1,1,60.0,0,I,LARGE_PROVINCIAL_CITIES,STREET,2,10.0
116043,1,6,147,5,9,60.0,0,N,MELB_URBAN,ROAD,1,12.0
116044,6,2,184,2,1,80.0,0,I,RURAL_VICTORIA,ROAD,1,10.0
116045,6,4,99,5,1,100.0,0,N,RURAL_VICTORIA,HIGHWAY,2,11.0
116046,1,4,147,5,1,60.0,0,N,TOWNS,ROAD,2,15.0
116047,2,6,100,5,1,40.0,0,N,MELB_URBAN,ROAD,2,18.0
116048,1,3,110,1,1,60.0,0,I,MELB_URBAN,ROAD,2,12.0
116049,1,2,130,1,1,60.0,0,N,MELB_URBAN,ROAD,2,16.0
116050,1,4,130,2,1,80.0,0,I,RURAL_VICTORIA,HIGHWAY,2,11.0
116051,1,6,140,5,1,50.0,0,N,MELB_URBAN,ROAD,2,11.0
116052,1,5,130,5,9,60.0,0,N,MELB_URBAN,ROAD,12,11.0
116053,1,5,163,5,1,40.0,0,N,MELBOURNE_CBD,STREET,2,8.0
116054,8,7,174,1,1,40.0,0,N,MELB_URBAN,STREET,2,12.0
116055,1,4,130,1,1,40.0,0,I,LARGE_PROVINCIAL_CITIES,STREET,2,12.0
116056,1,2,121,2,1,50.0,0,I,MELB_URBAN,STREET,12,18.0
116057,1,1,130,1,1,40.0,0,I,MELB_URBAN,ROAD,2,12.0
116058,1,4,130,5,1,50.0,0,N,MELB_URBAN,AVENUE,2,17.0
116059,2,5,99,2,1,60.0,0,I,MELB_URBAN,UNKNOWN,2,19.0
116060,6,3,174,5,1,60.0,0,N,MELB_URBAN,PARADE,2,7.0