,accident_type,day_of_week,dca_code,road_geometry,light_condition,speed_zone,severity,node_type,deg_urban_name,road_type,month,hour
116061,1,2,130,5,1,100.0,0,N,MELB_URBAN,RAMP,2,16.0
116062,1,4,147,5,1,80.0,0,I,MELB_URBAN,HIGHWAY,2,13.0
116063,2,2,100,5,1,50.0,0,N,MELB_URBAN,ROAD,1,8.0
116064,1,3,130,2,1,60.0,0,N,MELB_URBAN,ROAD,2,16.0
116065,2,3,100,2,2,40.0,0,N,MELBOURNE_CBD,STREET,2,19.0
116066,1,2,135,5,1,50.0,0,N,MELB_URBAN,ROAD,2,8.0
116067,1,6,99,1,9,60.0,0,I,LARGE_PROVINCIAL_CITIES,STREET,1,13.0
116068,1,4,130,5,1,60.0,0,N,MELB_URBAN,ROAD,2,17.0
116069,1,4,121,1,1,60.0,0,I,MELB_URBAN,OTHER,2,18.0
116070,1,3,116,2,9,60.0,0,I,RURAL_VICTORIA,BOULEVARD,2,18.0
116071,1,4,121,2,1,70.0,0,I,SMALL_CITIES,ROAD,2,15.0
116072,1,3,99,2,1,60.0,0,I,MELB_URBAN,ROAD,2,19.0
116073,4,4,173,5,1,100.0,0,N,RURAL_VICTORIA,HIGHWAY,2,17.0
116074,1,3,133,2,1,60.0,0,I,SMALL_TOWNS,ROAD,2,13.0
116075,1,3,99,1,1,60.0,0,N,MELB_URBAN,ROAD,2,13.0
116076,1,4,113,1,1,80.0,0,I,MELB_URBAN,HIGHWAY,2,18.0
116077,1,2,132,2,1,60.0,0,I,MELB_URBAN,STREET,2,13.0
116078,2,5,102,1,3,60.0,0,N,MELB_URBAN,STREET,2,0.0
116079,1,5,130,5,5,110.0,0,N,RURAL_VICTORIA,FREEWAY,2,0.0
116080,1,4,130,1,3,60.0,0,I,MELB_URBAN,ROAD,2,22.0
116081,1,2,135,5,1,80.0,0,N,SMALL_CITIES,HIGHWAY,2,17.0
116082,1,2,130,5,1,60.0,0,N,MELB_URBAN,HIGHWAY,2,13.0
116083,1,1,120,5,1,100.0,0,N,RURAL_VICTORIA,ROAD,2,12.0
116084,1,5,130,1,3,60.0,0,I,MELB_URBAN,ROAD,2,22.0
116085,1,3,116,1,2,60.0,0,I,MELB_URBAN,ROAD,1,17.0
116086,1,5,130,5,1,80.0,0,N,MELB_URBAN,HIGHWAY,2,7.0
116087,1,4,113,2,1,40.0,0,I,MELB_URBAN,PARADE,2,8.0
116088,1,3,147,5,1,50.0,0,N,MELB_URBAN,ROAD,2,9.0
116089,4,6,181,5,1,80.0,0,N,RURAL_VICTORIA,ROAD,2,9.0
116090,6,1,99,5,1,60.0,0,N,RURAL_VICTORIA,ROAD,2,17.0
116091,2,5,102,5,1,40.0,0,N,MELBOURNE_CBD,STREET,2,8.0
116092,1,5,130,5,1,60.0,0,N,LARGE_PROVINCIAL_CITIES,STREET,2,16.0
116093,8,5,174,5,1,60.0,0,N,MELB_URBAN,ROAD,2,7.0
116094,1,6,130,5,9,60.0,0,N,MELB_URBAN,ROAD,1,7.0
116095,6,4,184,5,1,60.0,0,N,MELB_URBAN,ROAD,2,12.0
116096,1,5,130,5,1,100.0,0,N,MELB_URBAN,FREEWAY,2,9.0
116097,1,5,130,5,1,60.0,0,N,MELB_URBAN,STREET,2,8.0
116098,1,3,135,5,1,40.0,0,N,MELB_URBAN,RAMP,1,11.0
116099,1,4,160,5,1,60.0,0,N,MELB_URBAN,ROAD,2,13.0
116100,1,5,121,2,1,60.0,0,I,MELB_URBAN,ROAD,2,12.0
116101,1,3,130,5,1,80.0,0,N,MELB_URBAN,ROAD,2,16.0
116102,1,4,130,5,1,60.0,0,N,MELB_URBAN,ROAD,2,8.0
116103,1,6,130,4,5,60.0,0,I,MELB_URBAN,ROAD,2,21.0
116104,4,4,99,5,1,40.0,0,N,MELB_URBAN,STREET,2,10.0
116105,1,2,130,5,1,100.0,0,N,RURAL_VICTORIA,HIGHWAY,2,9.0
116106,1,2,130,5,1,100.0,0,N,MELB_URBAN,RAMP,2,14.0
116107,1,5,130,5,1,40.0,0,N,LARGE_PROVINCIAL_CITIES,ROAD,2,15.0
116108,1,5,132,1,1,80.0,0,I,LARGE_PROVINCIAL_CITIES,ROAD,2,13.0
116109,1,5,110,1,1,80.0,0,I,MELB_URBAN,DRIVE,2,15.0
116110,8,0,174,5,9,60.0,0,N,MELB_URBAN,ROAD,2,22.0
116111,2,5,100,2,1,40.0,0,N,MELB_URBAN,STREET,2,15.0
116112,1,5,130,1,1,60.0,0,I,MELB_URBAN,ROAD,2,13.0
116113,1,5,99,1,1,40.0,0,I,MELB_URBAN,ROAD,2,8.0
116114,1,5,120,5,1,60.0,0,N,MELB_URBAN,ROAD,2,14.0
116115,1,3,130,5,1,60.0,0,N,MELB_URBAN,ROAD,2,17.0
116116,1,6,130,9,1,100.0,0,N,MELB_URBAN,ROAD,2,16.0
116117,8,5,170,5,1,100.0,0,N,RURAL_VICTORIA,ROAD,2,17.0
116118,1,5,99,5,1,40.0,0,N,MELB_URBAN,ROAD,2,14.0
116119,1,1,130,5,1,60.0,0,N,MELB_URBAN,HIGHWAY,2,10.0
116120,8,5,99,5,1,80.0,0,N,RURAL_VICTORIA,ROAD,2,15.0
116121,1,4,130,5,1,60.0,0,N,MELB_URBAN,ROAD,2,16.0
116122,1,5,120,5,1,70.0,0,N,MELB_URBAN,ROAD,2,17.0
116123,1,4,130,5,1,100.0,0,N,MELB_URBAN,FREEWAY,2,18.0
116124,1,4,130,1,3,80.0,0,I,MELB_URBAN,HIGHWAY,2,20.0
116125,1,5,130,5,1,60.0,0,N,MELB_URBAN,ROAD,2,17.0
116126,4,1,171,5,1,60.0,0,I,LARGE_PROVINCIAL_CITIES,ROAD,10,13.0
116127,1,5,130,2,1,60.0,0,I,MELB_URBAN,STREET,2,16.0
116128,1,4,110,1,1,60.0,0,I,MELB_URBAN,ROAD,2,7.0
116129,1,4,130,1,1,80.0,0,I,MELB_URBAN,ROAD,2,18.0
116130,1,5,121,1,5,60.0,0,I,MELB_URBAN,ROAD,2,21.0
116131,4,7,99,5,1,40.0,0,N,MELB_URBAN,ROAD,10,7.0
116132,4,6,171,5,3,60.0,0,N,MELB_URBAN,ROAD,2,3.0
116133,4,6,173,5,5,100.0,0,N,RURAL_VICTORIA,HIGHWAY,2,3.0
116134,1,1,130,5,1,60.0,0,N,LARGE_PROVINCIAL_CITIES,STREET,2,14.0
116135,1,2,130,5,3,60.0,0,N,MELB_URBAN,ROAD,5,20.0
116136,1,4,121,2,1,60.0,0,I,MELB_URBAN,ROAD,2,13.0
116137,1,6,113,2,1,60.0,0,I,MELB_URBAN,ROAD,2,8.0
116138,1,5,116,2,1,80.0,0,I,MELB_URBAN,HIGHWAY,2,7.0
116139,1,3,130,1,1,70.0,0,I,LARGE_PROVINCIAL_CITIES,ROAD,2,9.0
116140,1,4,140,5,1,60.0,0,N,MELB_URBAN,ROAD,2,15.0
116141,3,5,167,2,5,60.0,0,I,TOWNS,ROAD,11,1.0
116142,1,6,121,1,1,60.0,0,I,RURAL_VICTORIA,ROAD,2,6.0
116143,1,5,110,1,1,60.0,0,I,MELB_URBAN,ROAD,2,8.0
116144,1,5,121,2,2,100.0,0,I,RURAL_VICTORIA,ROAD,2,6.0
116145,1,3,130,5,9,60.0,0,N,MELB_URBAN,HIGHWAY,9,12.0
116146,1,4,130,2,1,80.0,0,I,LARGE_PROVINCIAL_CITIES,STREET,2,11.0
116147,1,6,160,5,2,50.0,0,N,MELB_URBAN,STREET,2,6.0
116148,2,5,99,5,1,50.0,0,N,MELB_URBAN,PARADE,2,12.0
116149,7,6,99,2,3,50.0,0,I,LARGE_PROVINCIAL_CITIES,STREET,2,21.0
116150,1,4,163,2,9,60.0,0,I,MELB_URBAN,OTHER,2,16.0
116151,4,3,171,5,1,110.0,0,N,SMALL_CITIES,FREEWAY,2,13.0
116152,1,4,99,5,1,60.0,0,N,MELB_URBAN,AVENUE,2,8.0
116153,9,6,99,2,1,40.0,0,I,MELB_URBAN,ROAD,2,12.0
116154,1,3,130,5,1,50.0,0,N,MELB_URBAN,STREET,2,8.0
116155,1,6,133,5,1,80.0,0,N,MELB_URBAN,ROAD,2,13.0
116156,1,3,130,5,1,100.0,0,N,MELB_URBAN,ROAD,2,16.0
116157,1,4,130,5,9,60.0,0,N,MELB_URBAN,ROAD,2,8.0
116158,1,5,121,2,1,50.0,0,I,SMALL_CITIES,BOULEVARD,2,18.0
116159,8,4,174,1,1,40.0,0,I,MELB_URBAN,STREET,2,8.0
116160,1,4,130,2,1,60.0,0,N,MELB_URBAN,ROAD,1,18.0
116161,1,6,121,2,1,80.0,0,N,MELB_URBAN,ROAD,2,13.0
116162,8,6,174,5,2,50.0,0,N,SMALL_CITIES,STREET,12,21.0
116163,1,5,160,2,1,50.0,0,N,MELB_URBAN,OTHER,2,12.0
116164,4,6,181,5,1,100.0,0,N,RURAL_VICTORIA,ROAD,2,7.0
116165,4,5,181,5,1,100.0,0,N,RURAL_VICTORIA,ROAD,2,14.0
116166,1,1,160,5,2,40.0,0,N,MELB_URBAN,STREET,2,4.0
116167,2,5,102,1,1,60.0,0,I,MELB_URBAN,STREET,1,6.0
116168,1,6,99,1,4,80.0,0,I,MELB_URBAN,HIGHWAY,2,7.0
116169,1,6,130,5,1,60.0,0,N,MELB_URBAN,STREET,1,11.0
116170,4,6,171,1,1,60.0,0,I,RURAL_VICTORIA,ROAD,2,14.0
116171,1,4,113,2,1,60.0,0,I,MELB_URBAN,ROAD,2,15.0
116172,2,5,100,1,1,40.0,0,I,MELB_URBAN,OTHER,2,13.0
116173,4,5,173,5,1,50.0,0,N,MELB_URBAN,STREET,2,15.0
116174,1,6,121,2,1,80.0,1,I,MELB_URBAN,ROAD,2,12.0
116175,1,6,130,5,1,100.0,0,N,MELB_URBAN,FREEWAY,2,16.0
116176,1,7,130,5,1,80.0,0,N,TOWNS,HIGHWAY,2,12.0
116177,1,6,130,2,1,80.0,0,I,MELB_URBAN,HIGHWAY,2,16.0
116178,1,5,130,5,9,60.0,0,N,MELB_URBAN,OTHER,2,0.0
116179,1,6,110,1,2,60.0,0,I,MELB_URBAN,ROAD,2,17.0
116180,1,5,121,1,1,60.0,0,I,MELB_URBAN,ROAD,2,15.0
116181,1,3,130,1,9,60.0,0,N,MELB_URBAN,STREET,11,17.0
116182,1,4,130,5,1,60.0,0,N,MELB_URBAN,STREET,1,16.0
116183,1,4,121,1,1,40.0,0,I,MELB_URBAN,STREET,2,15.0
116184,1,6,121,2,1,60.0,0,I,MELB_URBAN,ROAD,2,18.0
116185,1,6,120,5,1,60.0,0,N,MELB_URBAN,ROAD,2,17.0
116186,4,6,173,5,1,80.0,0,N,MELB_URBAN,DRIVE,2,18.0
116187,6,5,170,5,1,100.0,0,N,RURAL_VICTORIA,ROAD,2,18.0
116188,1,6,99,5,1,40.0,0,N,MELB_URBAN,DRIVE,2,15.0
116189,1,2,130,5,2,60.0,0,N,RURAL_VICTORIA,ROAD,12,19.0
116190,1,6,130,5,1,100.0,0,N,MELB_URBAN,ROAD,2,16.0
116191,1,6,160,5,5,50.0,0,N,MELB_URBAN,PARADE,2,20.0
116192,4,5,171,5,3,50.0,0,N,MELB_URBAN,DRIVE,2,21.0
116193,1,6,113,2,3,80.0,0,I,MELB_URBAN,ROAD,2,22.0
116194,1,0,130,5,9,80.0,0,N,MELB_URBAN,ROAD,2,14.0
116195,3,7,167,5,5,100.0,0,N,RURAL_VICTORIA,ROAD,2,0.0
116196,1,5,110,1,3,60.0,0,I,MELB_URBAN,ROAD,2,22.0
116197,2,6,99,5,3,50.0,0,N,MELB_URBAN,STREET,2,22.0
116198,4,7,173,5,5,100.0,0,N,RURAL_VICTORIA,HIGHWAY,2,0.0
116199,1,6,121,2,6,60.0,0,N,MELB_URBAN,ROAD,2,6.0
116200,1,7,121,1,1,60.0,0,I,MELB_URBAN,ROAD,2,15.0
116201,1,6,130,5,1,80.0,0,N,MELB_URBAN,HIGHWAY,2,16.0
116202,1,6,160,5,1,50.0,0,N,MELB_URBAN,UNKNOWN,2,8.0
116203,1,7,99,1,1,50.0,0,I,SMALL_CITIES,STREET,1,16.0
116204,4,7,173,5,1,60.0,0,N,MELB_URBAN,ROAD,2,7.0
116205,1,7,110,1,1,50.0,0,I,MELB_URBAN,STREET,2,10.0
116206,2,5,99,5,9,50.0,0,N,TOWNS,STREET,10,17.0
116207,1,7,121,1,1,60.0,0,I,LARGE_PROVINCIAL_CITIES,ROAD,2,10.0
116208,1,6,130,5,1,70.0,0,N,MELB_URBAN,HIGHWAY,2,10.0
116209,1,7,121,2,1,60.0,0,I,MELB_URBAN,ROAD,2,8.0
116210,1,6,140,5,3,60.0,0,N,MELB_URBAN,STREET,2,23.0
116211,1,7,110,1,1,50.0,0,I,SMALL_CITIES,STREET,2,11.0
116212,1,6,130,1,1,60.0,0,N,SMALL_CITIES,OTHER,2,11.0
116213,4,7,173,5,1,80.0,0,N,RURAL_VICTORIA,ROAD,2,10.0
116214,1,2,113,2,1,60.0,0,UNKNOWN,UNKNOWN,UNKNOWN,1,15.0
116215,4,7,171,5,1,80.0,0,I,RURAL_VICTORIA,ROAD,2,13.0
116216,1,6,147,5,1,60.0,0,N,MELB_URBAN,HIGHWAY,2,11.0
116217,1,7,99,2,1,60.0,0,I,MELB_URBAN,STREET,2,11.0
116218,6,7,174,5,1,50.0,0,N,RURAL_VICTORIA,ROAD,2,14.0
116219,1,2,99,5,1,50.0,0,N,SMALL_CITIES,STREET,2,14.0
116220,1,6,183,5,3,50.0,0,N,LARGE_PROVINCIAL_CITIES,STREET,2,1.0
116221,6,7,184,5,1,80.0,0,N,SMALL_TOWNS,ROAD,2,15.0
116222,1,7,132,2,1,60.0,0,I,MELB_URBAN,ROAD,2,15.0
116223,2,4,100,5,3,60.0,0,N,MELB_URBAN,STREET,1,20.0
116224,1,6,113,2,1,70.0,0,I,MELB_URBAN,ROAD,2,16.0
116225,4,7,181,5,1,80.0,0,N,RURAL_VICTORIA,ROAD,2,17.0
116226,1,6,132,2,1,50.0,0,I,LARGE_PROVINCIAL_CITIES,STREET,2,17.0
116227,6,7,99,5,1,80.0,0,N,RURAL_VICTORIA,ROAD,2,15.0
116228,1,5,116,2,1,100.0,0,N,RURAL_VICTORIA,ROAD,1,16.0
116229,1,5,130,1,9,60.0,0,I,MELB_URBAN,STREET,1,6.0
116230,1,7,120,5,1,80.0,0,N,MELB_URBAN,HIGHWAY,2,18.0
116231,1,6,99,5,1,100.0,0,N,MELB_URBAN,FREEWAY,2,8.0
116232,1,7,110,1,3,60.0,0,I,MELB_URBAN,STREET,2,20.0
116233,1,7,99,2,1,80.0,0,N,MELB_URBAN,HIGHWAY,2,17.0
116234,7,7,99,5,1,100.0,0,N,RURAL_VICTORIA,HIGHWAY,2,13.0
116235,8,7,174,1,1,50.0,0,I,MELB_URBAN,STREET,2,15.0
116236,6,6,99,5,3,70.0,0,N,MELB_URBAN,HIGHWAY,1,21.0
116237,2,6,99,5,3,40.0,0,N,MELB_URBAN,STREET,2,21.0
116238,1,1,135,5,5,110.0,0,N,TOWNS,FREEWAY,2,0.0
116239,2,1,100,5,3,60.0,0,N,MELB_URBAN,HIGHWAY,2,0.0
116240,1,6,116,1,3,60.0,0,I,MELB_URBAN,AVENUE,2,21.0
116241,2,5,100,5,3,60.0,0,N,TOWNS,HIGHWAY,2,20.0
116242,8,5,174,1,1,40.0,0,I,MELB_URBAN,STREET,2,12.0
116243,1,1,121,2,1,40.0,0,I,MELB_URBAN,AVENUE,2,16.0
116244,6,1,99,2,1,100.0,0,I,RURAL_VICTORIA,ROAD,2,9.0
116245,6,7,170,5,2,100.0,0,N,RURAL_VICTORIA,ROAD,2,18.0
116246,6,1,184,5,1,60.0,0,N,RURAL_VICTORIA,ROAD,2,9.0
116247,1,6,130,1,1,60.0,0,I,MELB_URBAN,ROAD,2,12.0
116248,1,0,121,1,1,60.0,0,I,MELB_URBAN,ROAD,2,12.0
116249,1,0,110,1,1,60.0,0,I,SMALL_CITIES,ROAD,2,11.0
116250,1,0,111,2,1,80.0,0,I,RURAL_VICTORIA,ROAD,2,11.0
116251,1,1,99,4,1,60.0,0,I,MELB_URBAN,STREET,2,12.0
116252,1,6,163,5,1,60.0,0,N,MELB_URBAN,UNKNOWN,2,8.0
116253,3,1,167,5,1,100.0,0,N,RURAL_VICTORIA,ROAD,2,12.0
116254,1,1,113,2,1,60.0,0,I,MELB_URBAN,ROAD,2,12.0
116255,1,6,130,1,1,60.0,0,I,MELB_URBAN,ROAD,11,10.0
116256,1,1,121,1,1,70.0,0,I,MELB_URBAN,ROAD,2,13.0
116257,1,1,132,5,1,60.0,0,N,SMALL_CITIES,ROAD,2,14.0
116258,1,1,134,5,1,60.0,0,N,MELB_URBAN,ROAD,2,14.0
116259,1,1,113,2,1,60.0,0,I,MELB_URBAN,STREET,2,17.0
116260,1,2,130,5,1,80.0,0,N,MELB_URBAN,ROAD,12,14.0
116261,4,7,171,5,3,60.0,0,N,RURAL_VICTORIA,HIGHWAY,2,21.0
116262,1,1,121,2,1,80.0,0,I,MELB_URBAN,HIGHWAY,2,14.0
116263,1,7,113,2,1,60.0,0,N,MELB_URBAN,ROAD,2,16.0
116264,5,0,99,5,1,60.0,0,N,RURAL_VICTORIA,OTHER,2,12.0
116265,5,7,99,5,1,60.0,0,N,MELB_URBAN,HIGHWAY,2,19.0
116266,1,0,130,2,1,40.0,0,I,MELB_URBAN,ROAD,2,15.0
116267,8,1,99,1,1,50.0,0,I,MELB_URBAN,STREET,2,12.0
116268,7,1,99,2,1,60.0,0,N,MELB_URBAN,PARADE,2,15.0
116269,4,1,171,5,1,100.0,0,N,RURAL_VICTORIA,ROAD,2,16.0
116270,1,0,111,1,1,60.0,0,I,MELB_URBAN,HIGHWAY,2,16.0
116271,4,0,171,5,1,100.0,0,N,RURAL_VICTORIA,ROAD,2,13.0
116272,1,6,99,5,9,50.0,0,N,MELB_URBAN,STREET,2,20.0
116273,2,3,100,5,1,60.0,0,N,MELB_URBAN,UNKNOWN,2,12.0
116274,1,1,135,5,1,80.0,0,N,MELB_URBAN,FREEWAY,2,11.0
116275,8,6,174,2,3,80.0,0,I,MELB_URBAN,ROAD,2,21.0
116276,1,1,181,5,1,50.0,0,N,MELB_URBAN,OTHER,2,17.0
116277,1,1,99,2,1,40.0,0,I,MELB_URBAN,STREET,2,19.0
116278,4,1,171,5,1,60.0,0,N,MELB_URBAN,ROAD,2,19.0
116279,6,1,99,5,5,80.0,0,N,RURAL_VICTORIA,ROAD,2,20.0
116280,1,7,130,5,1,60.0,0,N,MELB_URBAN,ROAD,2,13.0
116281,1,5,110,1,1,60.0,0,I,SMALL_CITIES,STREET,2,15.0
116282,4,1,171,5,1,80.0,0,N,RURAL_VICTORIA,ROAD,2,19.0
116283,1,1,163,2,3,50.0,0,I,MELB_URBAN,STREET,2,21.0
116284,4,1,173,5,5,100.0,0,N,RURAL_VICTORIA,ROAD,2,22.0
116285,4,1,173,5,3,70.0,0,N,MELB_URBAN,ROAD,2,21.0
116286,1,4,130,5,1,80.0,0,N,MELB_URBAN,ROAD,1,17.0
116287,1,6,110,1,1,50.0,0,I,MELB_URBAN,STREET,2,11.0
116288,1,5,130,1,1,60.0,0,N,MELB_URBAN,ROAD,5,13.0
116289,1,2,130,5,1,100.0,0,N,RURAL_VICTORIA,ROAD,5,7.0
116290,1,2,99,5,1,40.0,0,N,MELBOURNE_CBD,STREET,2,7.0
116291,4,2,171,5,1,80.0,0,N,RURAL_VICTORIA,ROAD,2,9.0
116292,1,4,130,5,1,60.0,0,N,LARGE_PROVINCIAL_CITIES,ROAD,2,8.0
116293,2,1,99,5,9,60.0,0,N,MELBOURNE_CBD,OTHER,2,9.0
116294,1,4,121,1,1,60.0,0,I,MELB_URBAN,ROAD,2,14.0
116295,1,7,99,5,1,60.0,0,N,MELB_URBAN,ROAD,2,10.0
116296,4,1,99,5,1,60.0,0,N,MELB_URBAN,ROAD,2,12.0
116297,8,2,174,5,3,40.0,0,N,MELB_URBAN,ROAD,2,23.0
116298,1,4,99,2,1,70.0,0,N,TOWNS,ROAD,2,15.0
116299,4,7,171,5,1,50.0,0,N,MELB_URBAN,ROAD,2,11.0
116300,1,1,99,1,1,60.0,0,I,SMALL_CITIES,STREET,2,12.0
116301,1,1,130,1,1,80.0,0,N,MELB_URBAN,ROAD,2,11.0
116302,1,5,110,1,1,50.0,0,I,MELB_URBAN,ROAD,2,15.0
116303,1,7,130,5,1,100.0,0,N,RURAL_VICTORIA,FREEWAY,2,15.0
116304,3,0,167,5,1,100.0,0,N,RURAL_VICTORIA,ROAD,2,11.0
116305,1,2,121,1,1,60.0,0,I,MELB_URBAN,ROAD,1,7.0
116306,6,7,170,2,1,100.0,0,I,RURAL_VICTORIA,ROAD,2,15.0
116307,1,4,135,4,9,60.0,0,I,MELB_URBAN,ROAD,12,18.0
116308,4,1,183,5,1,80.0,0,N,RURAL_VICTORIA,ROAD,2,15.0
116309,4,2,171,5,1,100.0,0,N,RURAL_VICTORIA,ROAD,2,15.0
116310,1,2,121,1,1,40.0,0,I,MELB_URBAN,ROAD,2,7.0
116311,6,2,174,5,1,50.0,0,N,MELB_URBAN,STREET,2,15.0
116312,1,5,132,5,1,80.0,0,N,RURAL_VICTORIA,ROAD,2,11.0
116313,1,3,110,1,2,60.0,0,I,LARGE_PROVINCIAL_CITIES,STREET,2,17.0
116314,1,2,113,2,1,60.0,0,I,MELB_URBAN,ROAD,2,16.0
116315,7,7,99,5,1,50.0,0,N,RURAL_VICTORIA,STREET,2,18.0
116316,6,1,99,5,1,100.0,0,N,RURAL_VICTORIA,HIGHWAY,2,13.0
116317,8,1,170,5,1,100.0,0,N,RURAL_VICTORIA,ROAD,2,13.0
116318,1,1,110,1,1,60.0,0,I,MELB_URBAN,ROAD,2,18.0
116319,1,1,113,2,1,80.0,0,I,MELB_URBAN,HIGHWAY,2,17.0
116320,1,2,160,5,1,50.0,0,N,MELB_URBAN,ROAD,2,16.0
116321,4,2,171,5,1,100.0,0,N,RURAL_VICTORIA,HIGHWAY,2,17.0
116322,1,6,130,5,1,50.0,0,N,MELB_URBAN,STREET,2,8.0
116323,1,2,110,1,1,80.0,0,I,RURAL_VICTORIA,ROAD,2,18.0
116324,1,2,147,5,1,60.0,0,N,MELB_URBAN,PARADE,2,18.0
116325,1,3,132,1,1,60.0,0,I,MELB_URBAN,HIGHWAY,1,14.0
116326,1,1,120,5,1,50.0,0,N,MELB_URBAN,DRIVE,2,14.0
116327,1,2,121,2,1,60.0,0,I,MELB_URBAN,ROAD,2,16.0
116328,2,2,100,5,3,60.0,0,N,MELB_URBAN,ROAD,2,21.0
116329,1,0,130,5,1,50.0,0,N,MELB_URBAN,UNKNOWN,2,14.0
116330,1,3,160,5,3,60.0,0,N,MELB_URBAN,UNKNOWN,2,0.0
116331,1,1,130,5,1,60.0,0,N,MELB_URBAN,ROAD,12,19.0
116332,2,1,99,5,6,50.0,0,N,MELB_URBAN,STREET,2,22.0
116333,5,2,99,5,5,80.0,0,N,MELB_URBAN,HIGHWAY,2,20.0
116334,4,2,173,5,5,100.0,0,N,RURAL_VICTORIA,ROAD,2,4.0
116335,1,2,110,1,1,80.0,0,N,MELB_URBAN,ROAD,2,13.0
116336,1,2,99,5,1,80.0,0,N,MELB_URBAN,ROAD,2,13.0
116337,1,3,121,1,2,50.0,0,I,MELB_URBAN,ROAD,2,6.0
116338,1,6,160,2,1,50.0,0,N,MELB_URBAN,STREET,2,18.0
116339,1,4,163,2,1,40.0,0,N,MELB_URBAN,ROAD,2,19.0
116340,1,3,147,5,1,40.0,0,N,MELB_URBAN,ROAD,2,8.0
116341,1,6,113,2,1,60.0,0,I,TOWNS,STREET,1,9.0
116342,1,2,99,2,1,60.0,0,I,MELB_URBAN,STREET,2,12.0
116343,1,2,121,1,1,60.0,0,I,MELB_URBAN,ROAD,2,9.0
116344,1,1,99,5,1,30.0,0,N,MELB_URBAN,STREET,2,9.0
116345,1,2,163,5,1,40.0,0,N,MELB_URBAN,ROAD,2,8.0
116346,1,2,121,1,1,50.0,0,I,MELB_URBAN,ROAD,2,15.0
116347,1,2,120,5,1,80.0,0,N,MELB_URBAN,ROAD,2,8.0
116348,1,3,99,5,1,70.0,0,N,MELB_URBAN,ROAD,2,12.0
116349,4,3,99,5,1,50.0,0,N,MELB_URBAN,DRIVE,2,12.0
116350,1,4,120,5,5,80.0,0,N,MELB_URBAN,ROAD,1,21.0
116351,2,3,99,5,1,60.0,0,N,MELB_URBAN,STREET,2,10.0
116352,1,4,99,2,1,60.0,0,I,MELB_URBAN,ROAD,11,15.0
116353,1,3,130,1,1,70.0,0,I,MELB_URBAN,ROAD,2,11.0
116354,1,2,130,1,1,60.0,0,I,MELB_URBAN,ROAD,2,8.0
116355,1,4,110,1,1,100.0,0,I,RURAL_VICTORIA,ROAD,2,7.0
116356,1,3,99,2,1,40.0,0,I,MELB_URBAN,ROAD,2,9.0
116357,1,5,130,5,1,60.0,0,N,MELB_URBAN,ROAD,2,16.0
116358,1,2,110,1,1,50.0,0,I,MELB_URBAN,STREET,2,16.0
116359,1,6,130,2,1,60.0,0,I,MELB_URBAN,ROAD,2,18.0
116360,1,1,130,5,3,60.0,0,N,MELB_URBAN,ROAD,3,1.0
116361,1,7,130,1,9,60.0,0,I,MELB_URBAN,ROAD,2,16.0
116362,1,2,99,2,9,60.0,0,I,MELB_URBAN,ROAD,2,9.0
116363,1,3,99,5,1,60.0,0,N,MELB_URBAN,ROAD,2,13.0
116364,6,3,170,5,1,90.0,0,N,RURAL_VICTORIA,ROAD,2,16.0
116365,4,3,171,5,1,100.0,0,N,RURAL_VICTORIA,ROAD,2,14.0
116366,1,2,135,5,1,40.0,0,N,MELB_URBAN,STREET,2,10.0
116367,1,3,116,2,1,40.0,0,I,LARGE_PROVINCIAL_CITIES,ROAD,2,17.0
116368,1,2,121,2,1,60.0,0,N,MELB_URBAN,ROAD,2,14.0
116369,1,2,110,1,1,100.0,0,I,RURAL_VICTORIA,ROAD,2,16.0
116370,1,3,121,1,1,60.0,0,I,MELB_URBAN,STREET,2,18.0
116371,2,6,99,5,1,60.0,0,N,MELB_URBAN,ROAD,2,15.0
116372,1,5,130,5,1,60.0,0,N,MELB_URBAN,DRIVE,2,15.0
116373,2,3,100,2,1,40.0,0,N,MELB_URBAN,STREET,2,16.0
116374,4,2,171,5,1,80.0,0,N,SMALL_CITIES,STREET,2,15.0
116375,1,3,99,2,1,40.0,0,I,MELB_URBAN,OTHER,2,18.0
116376,1,2,163,5,3,40.0,0,N,MELB_URBAN,STREET,2,20.0
116377,1,3,113,2,1,40.0,0,I,MELB_URBAN,ROAD,2,18.0
116378,1,3,160,5,3,50.0,0,N,TOWNS,ROAD,2,20.0
116379,1,2,99,2,1,60.0,0,N,MELB_URBAN,ROAD,2,14.0
116380,8,3,174,2,1,80.0,0,I,RURAL_VICTORIA,ROAD,2,17.0
116381,1,1,99,5,1,60.0,0,O,SMALL_CITIES,OTHER,12,11.0
116382,1,3,113,2,3,60.0,0,I,SMALL_CITIES,DRIVE,2,21.0
116383,4,3,171,5,1,60.0,0,N,MELB_URBAN,PARADE,2,17.0
116384,1,2,130,1,3,60.0,0,N,MELB_URBAN,ROAD,2,20.0
116385,1,3,99,2,1,60.0,0,I,MELB_URBAN,ROAD,2,17.0
116386,1,3,120,5,1,50.0,0,N,MELB_URBAN,ROAD,2,19.0
116387,2,4,99,1,1,60.0,0,N,MELB_URBAN,STREET,2,9.0
116388,1,2,130,5,3,100.0,0,N,MELB_URBAN,ROAD,2,21.0
116389,1,3,121,1,2,80.0,0,N,MELB_URBAN,ROAD,2,20.0