,accident_type,day_of_week,dca_code,road_geometry,light_condition,speed_zone,severity,node_type,deg_urban_name,road_type,month,hour
116390,4,3,99,5,1,50.0,0,N,MELB_URBAN,STREET,2,13.0
116391,1,4,130,5,9,60.0,0,N,MELB_URBAN,OTHER,1,14.0
116392,1,2,130,5,2,80.0,0,N,MELB_URBAN,ROAD,2,17.0
116393,4,4,183,5,5,100.0,0,N,RURAL_VICTORIA,HIGHWAY,2,5.0
116394,1,3,99,2,1,60.0,0,I,MELB_URBAN,ROAD,2,15.0
116395,1,3,134,5,2,100.0,0,N,MELB_URBAN,FREEWAY,2,6.0
116396,2,2,100,1,1,50.0,0,I,MELB_URBAN,STREET,1,12.0
116397,1,4,110,1,3,60.0,0,I,LARGE_PROVINCIAL_CITIES,ROAD,2,5.0
116398,1,3,99,1,1,60.0,0,I,MELB_URBAN,ROAD,2,9.0
116399,1,4,111,1,1,60.0,0,I,MELB_URBAN,STREET,2,8.0
116400,1,4,130,5,1,40.0,0,N,MELB_URBAN,ROAD,2,10.0
116401,1,3,130,5,1,60.0,0,N,MELB_URBAN,STREET,2,14.0
116402,1,4,160,5,1,50.0,0,N,MELB_URBAN,STREET,2,8.0
116403,1,6,99,1,1,60.0,0,I,SMALL_CITIES,STREET,7,16.0
116404,2,4,100,5,1,50.0,0,N,MELB_URBAN,DRIVE,2,16.0
116405,4,4,171,5,5,100.0,0,N,RURAL_VICTORIA,ROAD,2,3.0
116406,1,4,121,2,2,60.0,0,I,LARGE_PROVINCIAL_CITIES,ROAD,2,6.0
116407,1,2,116,2,1,50.0,0,I,MELB_URBAN,OTHER,2,9.0
116408,1,6,130,5,6,40.0,0,N,MELB_URBAN,UNKNOWN,2,6.0
116409,1,2,99,2,1,40.0,0,I,MELB_URBAN,STREET,2,7.0
116410,1,4,99,5,1,50.0,0,N,MELB_URBAN,DRIVE,2,9.0
116411,1,4,160,5,1,100.0,0,N,RURAL_VICTORIA,HIGHWAY,2,12.0
116412,1,0,130,5,1,80.0,0,N,MELB_URBAN,ROAD,2,15.0
116413,1,3,113,2,1,60.0,0,N,MELB_URBAN,ROAD,1,8.0
116414,6,1,170,5,1,60.0,0,N,SMALL_TOWNS,ROAD,11,17.0
116415,4,4,171,5,1,110.0,0,N,RURAL_VICTORIA,FREEWAY,2,10.0
116416,8,1,174,5,1,60.0,0,N,RURAL_VICTORIA,OTHER,2,10.0
116417,4,4,181,5,1,100.0,0,N,RURAL_VICTORIA,ROAD,2,11.0
116418,1,3,130,4,9,80.0,0,N,MELB_URBAN,ROAD,2,13.0
116419,1,2,163,5,1,60.0,0,N,MELB_URBAN,STREET,2,19.0
116420,1,4,132,5,1,60.0,0,N,TOWNS,STREET,2,15.0
116421,2,4,99,5,1,50.0,0,N,MELB_URBAN,STREET,2,14.0
116422,1,4,99,4,1,60.0,0,N,MELB_URBAN,ROAD,2,10.0
116423,1,3,130,2,1,50.0,0,N,MELB_URBAN,ROAD,2,15.0
116424,1,4,121,1,1,60.0,0,I,MELB_URBAN,ROAD,2,14.0
116425,2,4,102,2,1,60.0,0,N,MELB_URBAN,STREET,2,15.0
116426,1,4,140,5,1,60.0,0,N,LARGE_PROVINCIAL_CITIES,OTHER,2,10.0
116427,1,4,110,1,1,60.0,0,I,TOWNS,STREET,2,16.0
116428,4,3,171,2,1,70.0,0,I,RURAL_VICTORIA,ROAD,2,14.0
116429,1,5,99,5,1,50.0,0,N,MELB_URBAN,ROAD,2,10.0
116430,1,4,130,5,1,60.0,0,N,MELB_URBAN,RAMP,2,15.0
116431,4,4,173,4,2,100.0,0,N,MELB_URBAN,RAMP,2,7.0
116432,1,4,160,5,1,60.0,0,N,LARGE_PROVINCIAL_CITIES,ROAD,2,17.0
116433,1,4,163,5,1,40.0,0,N,MELB_URBAN,STREET,2,14.0
116434,1,4,121,5,1,50.0,0,N,MELB_URBAN,STREET,2,16.0
116435,2,4,102,2,1,50.0,0,I,MELB_URBAN,STREET,2,17.0
116436,1,3,135,5,1,80.0,0,N,MELB_URBAN,ROAD,2,17.0
116437,1,4,132,2,1,70.0,0,N,MELB_URBAN,ROAD,2,18.0
116438,6,4,99,5,1,100.0,0,N,RURAL_VICTORIA,HIGHWAY,2,16.0
116439,1,3,130,5,9,60.0,0,N,MELB_URBAN,ROAD,2,15.0
116440,1,3,130,5,1,80.0,0,N,SMALL_TOWNS,FREEWAY,2,18.0
116441,1,3,121,2,2,80.0,0,I,MELB_URBAN,HIGHWAY,2,19.0
116442,6,3,99,2,1,50.0,0,I,MELB_URBAN,STREET,2,15.0
116443,1,4,121,1,3,60.0,0,I,MELB_URBAN,ROAD,2,20.0
116444,1,3,110,1,1,60.0,0,N,MELB_URBAN,STREET,2,6.0
116445,1,3,113,1,3,80.0,0,I,MELB_URBAN,OTHER,2,23.0
116446,1,3,132,2,3,60.0,0,I,MELB_URBAN,ROAD,2,21.0
116447,1,3,130,5,3,100.0,0,N,MELB_URBAN,ROAD,2,20.0
116448,1,2,134,5,6,80.0,0,N,MELB_URBAN,HIGHWAY,2,5.0
116449,4,5,171,1,3,60.0,0,I,MELB_URBAN,DRIVE,2,2.0
116450,4,5,171,1,3,60.0,0,I,MELB_URBAN,OTHER,2,1.0
116451,4,1,183,5,1,60.0,0,N,RURAL_VICTORIA,ROAD,2,10.0
116452,4,5,173,1,3,60.0,0,N,MELB_URBAN,ROAD,2,5.0
116453,1,2,110,1,1,60.0,0,I,MELB_URBAN,ROAD,1,16.0
116454,1,5,160,5,1,50.0,0,N,MELB_URBAN,STREET,2,7.0
116455,1,5,160,5,1,50.0,0,N,SMALL_CITIES,OTHER,2,7.0
116456,2,4,100,5,1,50.0,0,N,MELB_URBAN,OTHER,2,7.0
116457,2,7,100,5,1,60.0,0,N,MELB_URBAN,ROAD,2,12.0
116458,1,5,130,5,1,60.0,0,N,MELB_URBAN,ROAD,2,13.0
116459,1,4,130,5,1,100.0,0,N,MELB_URBAN,FREEWAY,2,10.0
116460,1,5,99,5,1,80.0,0,N,MELB_URBAN,RAMP,2,9.0
116461,7,5,184,4,1,60.0,0,I,SMALL_TOWNS,ROAD,2,8.0
116462,1,4,121,2,1,60.0,0,I,MELB_URBAN,STREET,2,9.0
116463,1,3,121,2,1,60.0,0,I,MELB_URBAN,STREET,2,18.0
116464,1,4,130,5,6,80.0,0,N,MELB_URBAN,FREEWAY,2,21.0
116465,1,5,130,5,1,80.0,0,N,MELB_URBAN,ROAD,2,13.0
116466,1,1,99,2,1,60.0,0,I,MELB_URBAN,ROAD,2,11.0
116467,1,5,113,2,1,50.0,0,I,MELB_URBAN,ROAD,2,8.0
116468,4,4,181,5,1,100.0,0,N,RURAL_VICTORIA,HIGHWAY,2,11.0
116469,1,5,99,2,1,60.0,0,I,MELB_URBAN,ROAD,2,9.0
116470,1,5,132,5,1,60.0,0,N,MELB_URBAN,ROAD,2,12.0
116471,1,4,121,2,1,60.0,0,I,MELB_URBAN,ROAD,2,12.0
116472,8,6,174,1,2,60.0,0,N,MELB_URBAN,ROAD,2,6.0
116473,1,4,121,2,1,40.0,0,I,MELB_URBAN,ROAD,2,8.0
116474,6,5,174,1,1,60.0,0,N,TOWNS,STREET,2,11.0
116475,1,4,133,5,1,60.0,0,N,MELB_URBAN,ROAD,2,10.0
116476,2,5,100,2,1,60.0,0,I,MELB_URBAN,STREET,2,10.0
116477,1,4,163,5,1,60.0,0,N,MELB_URBAN,STREET,2,14.0
116478,4,4,173,5,5,100.0,0,N,RURAL_VICTORIA,ROAD,2,22.0
116479,5,4,181,5,1,100.0,0,N,RURAL_VICTORIA,ROAD,2,12.0
116480,1,4,110,1,1,60.0,0,I,LARGE_PROVINCIAL_CITIES,ROAD,2,14.0
116481,1,5,130,5,1,80.0,0,N,MELB_URBAN,OTHER,2,15.0
116482,4,4,183,5,1,100.0,0,N,RURAL_VICTORIA,ROAD,2,14.0
116483,1,4,121,1,1,80.0,0,I,MELB_URBAN,ROAD,2,18.0
116484,1,5,110,1,1,70.0,0,I,MELB_URBAN,ROAD,2,14.0
116485,2,5,100,5,1,60.0,0,N,MELB_URBAN,ROAD,2,13.0
116486,3,5,167,5,1,60.0,0,N,RURAL_VICTORIA,ROAD,2,13.0
116487,1,5,110,1,1,100.0,0,I,RURAL_VICTORIA,ROAD,2,11.0
116488,1,5,134,5,1,100.0,0,N,MELB_URBAN,FREEWAY,2,16.0
116489,1,5,121,2,1,60.0,0,I,MELB_URBAN,STREET,2,14.0
116490,1,5,120,5,1,60.0,0,N,MELB_URBAN,ROAD,2,15.0
116491,1,5,121,2,2,60.0,0,I,MELB_URBAN,ROAD,2,16.0
116492,1,5,134,5,1,80.0,0,N,MELB_URBAN,RAMP,2,11.0
116493,4,5,183,5,1,80.0,0,N,RURAL_VICTORIA,HIGHWAY,2,16.0
116494,4,4,173,5,1,100.0,0,N,RURAL_VICTORIA,ROAD,2,15.0
116495,4,4,99,2,1,60.0,0,I,MELB_URBAN,ROAD,2,12.0
116496,1,4,130,5,1,60.0,0,N,LARGE_PROVINCIAL_CITIES,STREET,2,17.0
116497,1,5,160,5,1,60.0,0,N,MELB_URBAN,ROAD,2,18.0
116498,1,5,133,1,1,40.0,0,I,MELB_URBAN,ROAD,2,8.0
116499,1,4,130,5,2,80.0,0,N,MELB_URBAN,HIGHWAY,2,6.0
116500,1,5,134,5,1,60.0,0,N,MELB_URBAN,ROAD,2,19.0
116501,1,5,130,1,1,80.0,0,I,MELB_URBAN,AVENUE,2,15.0
116502,1,4,110,1,1,60.0,0,I,MELB_URBAN,STREET,2,15.0
116503,1,5,121,1,3,40.0,0,I,MELBOURNE_CBD,STREET,2,20.0
116504,8,5,99,2,5,40.0,0,I,MELB_URBAN,ROAD,2,20.0
116505,1,1,99,2,1,50.0,0,I,MELB_URBAN,ROAD,2,8.0
116506,7,5,99,5,3,50.0,0,N,MELB_URBAN,STREET,2,21.0
116507,1,5,116,2,3,80.0,0,I,RURAL_VICTORIA,HIGHWAY,2,22.0
116508,1,6,121,1,2,60.0,0,I,MELB_URBAN,STREET,2,7.0
116509,1,2,130,5,1,70.0,0,N,MELB_URBAN,ROAD,2,15.0
116510,8,1,174,5,3,40.0,0,N,MELB_URBAN,ROAD,2,23.0
116511,1,4,130,2,1,40.0,0,N,RURAL_VICTORIA,ROAD,2,10.0
116512,2,5,102,2,1,50.0,0,I,MELB_URBAN,STREET,2,6.0
116513,1,6,99,5,2,80.0,0,N,RURAL_VICTORIA,ROAD,2,6.0
116514,1,6,116,2,1,50.0,0,I,LARGE_PROVINCIAL_CITIES,STREET,2,8.0
116515,1,5,130,1,1,70.0,0,I,MELB_URBAN,ROAD,2,9.0
116516,1,5,160,5,5,110.0,0,N,RURAL_VICTORIA,FREEWAY,2,20.0
116517,1,6,130,5,2,100.0,0,N,LARGE_PROVINCIAL_CITIES,HIGHWAY,2,6.0
116518,2,6,102,2,1,70.0,0,N,MELB_URBAN,ROAD,2,6.0
116519,1,3,130,5,1,60.0,0,N,MELB_URBAN,OTHER,10,14.0
116520,1,6,111,2,1,60.0,0,I,MELB_URBAN,ROAD,2,9.0
116521,1,5,99,1,9,60.0,0,I,MELB_URBAN,ROAD,2,8.0
116522,4,5,171,5,1,50.0,0,N,SMALL_CITIES,UNKNOWN,2,10.0
116523,1,4,110,1,1,60.0,0,I,SMALL_CITIES,PARADE,1,17.0
116524,4,6,181,5,1,60.0,0,N,RURAL_VICTORIA,ROAD,2,5.0
116525,1,6,121,2,1,60.0,0,I,LARGE_PROVINCIAL_CITIES,ROAD,2,8.0
116526,1,6,130,5,1,60.0,0,N,MELB_URBAN,STREET,2,12.0
116527,1,6,99,5,1,60.0,0,N,RURAL_VICTORIA,ROAD,2,13.0
116528,1,6,121,2,1,80.0,0,I,MELB_URBAN,ROAD,2,9.0
116529,1,6,99,5,1,80.0,0,N,MELB_URBAN,RAMP,2,11.0
116530,1,5,130,5,1,80.0,0,N,MELB_URBAN,ROAD,2,17.0
116531,1,4,130,1,1,50.0,0,I,MELB_URBAN,STREET,2,6.0
116532,8,6,99,5,1,80.0,0,N,RURAL_VICTORIA,HIGHWAY,2,12.0
116533,1,5,130,1,1,60.0,0,I,SMALL_CITIES,STREET,1,16.0
116534,1,4,121,1,1,60.0,0,I,LARGE_PROVINCIAL_CITIES,STREET,2,18.0
116535,4,6,181,5,1,100.0,1,N,RURAL_VICTORIA,ROAD,2,12.0
116536,1,3,130,5,9,80.0,0,N,MELB_URBAN,RAMP,2,6.0
116537,4,6,181,5,1,100.0,0,N,RURAL_VICTORIA,ROAD,2,11.0
116538,1,5,130,5,1,70.0,0,N,MELB_URBAN,HIGHWAY,2,16.0
116539,1,1,130,1,1,60.0,0,I,MELB_URBAN,ROAD,2,13.0
116540,1,6,113,2,1,60.0,0,I,MELB_URBAN,ROAD,2,14.0
116541,1,6,121,5,1,50.0,0,N,MELB_URBAN,STREET,2,16.0
116542,1,5,130,1,1,70.0,0,N,MELB_URBAN,ROAD,2,17.0
116543,1,5,99,5,1,40.0,0,N,MELB_URBAN,STREET,2,16.0
116544,1,2,130,2,1,60.0,0,I,MELB_URBAN,ROAD,6,15.0
116545,1,5,121,5,1,100.0,0,N,RURAL_VICTORIA,HIGHWAY,2,17.0
116546,6,5,99,5,1,100.0,0,N,RURAL_VICTORIA,ROAD,2,11.0
116547,1,4,99,3,1,60.0,0,N,MELB_URBAN,STREET,1,14.0
116548,4,6,181,5,2,50.0,0,N,MELB_URBAN,STREET,2,20.0
116549,8,6,99,2,1,60.0,0,I,LARGE_PROVINCIAL_CITIES,ROAD,1,13.0
116550,7,6,99,5,3,50.0,0,N,MELBOURNE_CBD,OTHER,2,21.0
116551,1,5,163,5,1,60.0,0,N,MELB_URBAN,STREET,2,18.0
116552,6,2,174,2,1,60.0,0,I,LARGE_PROVINCIAL_CITIES,OTHER,2,8.0
116553,1,6,121,1,3,80.0,0,N,MELB_URBAN,HIGHWAY,2,20.0
116554,6,3,174,1,3,60.0,0,I,MELB_URBAN,ROAD,1,2.0
116555,4,6,173,5,9,100.0,0,N,RURAL_VICTORIA,ROAD,2,23.0
116556,1,5,110,1,2,100.0,0,I,RURAL_VICTORIA,ROAD,2,20.0
116557,4,6,173,1,3,50.0,0,I,SMALL_CITIES,STREET,2,22.0
116558,1,6,130,1,3,70.0,0,N,MELB_URBAN,ROAD,2,22.0
116559,4,7,171,5,3,60.0,0,N,MELB_URBAN,ROAD,2,0.0
116560,1,7,135,5,3,100.0,0,N,MELB_URBAN,FREEWAY,2,1.0
116561,1,7,160,5,3,50.0,0,N,MELB_URBAN,ROAD,2,3.0
116562,1,6,147,5,1,60.0,0,I,TOWNS,STREET,2,10.0
116563,1,5,121,2,9,50.0,0,I,MELB_URBAN,STREET,2,23.0
116564,1,4,130,5,1,40.0,0,N,LARGE_PROVINCIAL_CITIES,ROAD,2,9.0
116565,4,7,171,5,2,60.0,0,N,LARGE_PROVINCIAL_CITIES,STREET,2,7.0
116566,1,6,120,5,1,60.0,0,N,RURAL_VICTORIA,UNKNOWN,2,12.0
116567,1,7,99,1,1,80.0,0,I,MELB_URBAN,ROAD,2,10.0
116568,1,6,130,5,2,60.0,0,N,MELB_URBAN,ROAD,2,19.0
116569,1,3,130,5,1,60.0,0,N,MELB_URBAN,RAMP,10,14.0
116570,1,6,99,5,1,60.0,0,N,MELB_URBAN,STREET,2,10.0
116571,4,7,171,2,1,80.0,0,I,RURAL_VICTORIA,ROAD,2,10.0
116572,8,4,174,2,9,60.0,0,N,MELB_URBAN,ROAD,2,20.0
116573,4,6,181,5,1,110.0,0,N,RURAL_VICTORIA,FREEWAY,2,10.0
116574,1,7,132,1,1,60.0,0,N,RURAL_VICTORIA,HIGHWAY,2,13.0
116575,2,6,99,5,1,60.0,0,N,MELB_URBAN,ROAD,8,13.0
116576,1,5,132,2,1,50.0,0,I,MELB_URBAN,ROAD,2,7.0
116577,6,7,184,5,1,100.0,0,N,RURAL_VICTORIA,ROAD,2,12.0
116578,1,6,130,2,1,70.0,0,N,MELB_URBAN,ROAD,2,13.0
116579,2,7,99,5,1,60.0,0,N,MELB_URBAN,ROAD,2,12.0
116580,1,7,113,2,1,80.0,0,I,MELB_URBAN,ROAD,2,13.0
116581,4,7,183,5,1,110.0,0,N,RURAL_VICTORIA,FREEWAY,2,14.0
116582,2,7,100,1,1,40.0,0,I,SMALL_CITIES,STREET,2,11.0
116583,2,2,99,5,1,60.0,0,N,MELB_URBAN,STREET,2,11.0
116584,1,7,110,1,1,40.0,0,I,MELB_URBAN,STREET,2,8.0
116585,1,7,130,5,1,60.0,0,N,MELB_URBAN,ROAD,2,13.0
116586,9,6,99,5,1,60.0,0,N,MELB_URBAN,BOULEVARD,2,8.0
116587,1,6,130,5,1,80.0,0,N,MELB_URBAN,FREEWAY,2,13.0
116588,1,7,121,1,1,40.0,0,I,MELB_URBAN,AVENUE,2,15.0
116589,2,7,99,5,1,50.0,0,N,LARGE_PROVINCIAL_CITIES,STREET,2,16.0
116590,4,6,173,5,1,100.0,0,N,RURAL_VICTORIA,ROAD,2,17.0
116591,2,7,100,2,1,60.0,0,I,MELB_URBAN,UNKNOWN,2,17.0
116592,1,7,99,5,1,50.0,0,N,MELB_URBAN,ROAD,2,17.0
116593,2,7,102,5,1,60.0,0,N,MELB_URBAN,UNKNOWN,2,17.0
116594,1,7,140,5,9,50.0,0,N,MELB_URBAN,ROAD,2,12.0
116595,1,7,147,5,1,60.0,0,N,SMALL_CITIES,AVENUE,2,18.0
116596,1,7,160,5,9,60.0,0,N,MELB_URBAN,ROAD,2,19.0
116597,1,7,99,3,1,50.0,0,I,MELB_URBAN,STREET,2,19.0
116598,1,7,130,5,1,80.0,0,N,MELB_URBAN,FREEWAY,2,19.0
116599,4,6,173,1,1,100.0,0,I,RURAL_VICTORIA,ROAD,2,16.0
116600,4,7,171,5,3,70.0,0,N,MELB_URBAN,ROAD,2,21.0
116601,6,7,174,5,1,100.0,0,N,RURAL_VICTORIA,ROAD,2,17.0
116602,1,6,110,1,3,60.0,0,I,MELB_URBAN,STREET,2,22.0
116603,1,6,110,1,2,50.0,0,I,LARGE_PROVINCIAL_CITIES,STREET,2,19.0
116604,1,7,99,5,3,40.0,0,N,MELB_URBAN,ROAD,2,22.0
116605,1,7,110,1,3,80.0,0,I,LARGE_PROVINCIAL_CITIES,OTHER,2,20.0
116606,1,2,99,4,9,80.0,0,I,MELB_URBAN,HIGHWAY,11,10.0
116607,1,1,130,5,3,60.0,0,N,MELB_URBAN,ROAD,3,0.0
116608,1,1,99,5,1,80.0,0,N,MELB_URBAN,OTHER,1,16.0
116609,4,1,171,5,5,100.0,0,N,RURAL_VICTORIA,ROAD,3,1.0
116610,6,6,99,5,5,100.0,0,N,RURAL_VICTORIA,HIGHWAY,2,22.0
116611,1,6,99,5,1,80.0,0,N,RURAL_VICTORIA,ROAD,2,6.0
116612,1,1,130,1,3,80.0,0,I,MELB_URBAN,ROAD,3,5.0
116613,4,2,171,5,5,100.0,0,N,RURAL_VICTORIA,ROAD,1,4.0
116614,1,1,120,5,1,70.0,0,N,MELB_URBAN,ROAD,3,7.0
116615,4,1,183,5,1,60.0,0,N,MELB_URBAN,ROAD,3,11.0
116616,6,5,99,5,1,100.0,0,N,RURAL_VICTORIA,ROAD,2,19.0
116617,1,7,163,5,1,40.0,0,N,MELB_URBAN,STREET,12,10.0
116618,1,1,160,5,1,60.0,0,N,MELB_URBAN,ROAD,3,11.0
116619,1,1,130,2,1,80.0,0,N,MELB_URBAN,HIGHWAY,3,12.0
116620,4,1,181,5,1,80.0,0,N,SMALL_TOWNS,ROAD,3,13.0
116621,1,1,110,1,1,40.0,0,I,MELBOURNE_CBD,STREET,3,12.0
116622,1,7,116,2,9,60.0,0,I,MELB_URBAN,ROAD,2,9.0
116623,4,1,181,3,1,100.0,0,N,RURAL_VICTORIA,ROAD,3,14.0
116624,1,1,160,5,1,60.0,0,N,MELB_URBAN,ROAD,3,13.0
116625,1,0,110,1,1,80.0,0,I,RURAL_VICTORIA,ROAD,3,13.0
116626,1,7,132,3,1,80.0,0,N,RURAL_VICTORIA,ROAD,2,18.0
116627,1,1,160,5,1,50.0,0,N,RURAL_VICTORIA,BOULEVARD,3,16.0
116628,1,1,132,5,1,60.0,0,N,SMALL_CITIES,ROAD,3,14.0
116629,1,0,121,1,1,60.0,0,I,SMALL_CITIES,STREET,3,14.0
116630,1,1,99,2,1,100.0,0,N,RURAL_VICTORIA,ROAD,3,18.0
116631,4,7,181,5,5,80.0,0,N,RURAL_VICTORIA,HIGHWAY,2,23.0
116632,4,6,173,5,5,50.0,0,N,TOWNS,STREET,2,22.0
116633,1,0,99,2,1,60.0,0,N,MELB_URBAN,ROAD,3,18.0
116634,4,1,173,5,1,80.0,0,N,MELB_URBAN,ROAD,3,16.0
116635,4,1,99,5,1,80.0,0,N,SMALL_CITIES,HIGHWAY,3,18.0
116636,1,4,130,5,3,80.0,0,N,SMALL_CITIES,STREET,12,19.0
116637,1,1,130,5,3,100.0,0,N,MELB_URBAN,UNKNOWN,3,20.0
116638,2,1,99,5,5,60.0,0,N,TOWNS,STREET,3,21.0
116639,4,1,173,5,1,50.0,0,N,MELB_URBAN,DRIVE,3,17.0
116640,1,4,116,2,1,50.0,0,I,MELB_URBAN,STREET,1,10.0
116641,1,1,99,5,1,70.0,0,N,MELB_URBAN,ROAD,3,17.0
116642,2,0,99,5,3,60.0,0,N,MELB_URBAN,ROAD,3,22.0
116643,7,1,99,1,1,80.0,0,I,MELB_URBAN,ROAD,3,17.0
116644,1,1,160,5,5,50.0,0,N,MELB_URBAN,STREET,3,1.0
116645,4,2,171,5,3,60.0,0,N,LARGE_PROVINCIAL_CITIES,ROAD,3,3.0
116646,6,5,99,5,1,100.0,0,N,RURAL_VICTORIA,ROAD,2,12.0
116647,2,2,102,5,5,50.0,0,N,SMALL_CITIES,STREET,3,6.0
116648,1,6,135,5,1,110.0,0,N,RURAL_VICTORIA,HIGHWAY,2,20.0
116649,6,2,99,5,1,100.0,0,N,RURAL_VICTORIA,ROAD,3,7.0
116650,4,1,181,5,1,100.0,0,N,RURAL_VICTORIA,ROAD,3,7.0
116651,1,2,121,2,1,60.0,0,I,SMALL_CITIES,HIGHWAY,3,8.0
116652,6,0,99,2,1,60.0,0,I,LARGE_PROVINCIAL_CITIES,ROAD,3,14.0
116653,1,2,110,1,1,70.0,0,I,MELB_URBAN,ROAD,3,8.0
116654,1,1,132,1,1,80.0,0,I,RURAL_VICTORIA,ROAD,3,13.0
116655,1,2,130,2,1,70.0,0,I,MELB_URBAN,HIGHWAY,3,9.0
116656,4,2,181,5,1,50.0,0,N,MELB_URBAN,OTHER,3,7.0
116657,1,2,113,3,1,100.0,1,I,RURAL_VICTORIA,ROAD,3,8.0
116658,1,4,99,1,1,40.0,0,I,MELB_URBAN,ROAD,2,16.0
116659,2,1,100,5,1,50.0,0,N,MELB_URBAN,ROAD,3,8.0
116660,1,1,130,1,9,60.0,0,N,MELB_URBAN,STREET,2,14.0
116661,1,5,99,5,1,60.0,0,N,MELB_URBAN,ROAD,2,8.0
116662,2,7,99,5,1,50.0,0,N,MELB_URBAN,AVENUE,2,16.0
116663,1,2,121,2,1,60.0,0,I,MELB_URBAN,ROAD,3,11.0
116664,6,1,174,5,1,60.0,0,N,MELB_URBAN,PARADE,3,12.0
116665,5,5,99,5,2,60.0,0,N,MELB_URBAN,ROAD,1,5.0
116666,1,3,147,5,1,50.0,0,N,MELB_URBAN,STREET,2,8.0
116667,1,4,130,1,1,50.0,0,I,LARGE_PROVINCIAL_CITIES,STREET,2,17.0
116668,1,6,140,5,1,60.0,0,N,MELB_URBAN,STREET,2,16.0
116669,1,0,120,5,1,100.0,0,N,RURAL_VICTORIA,ROAD,3,17.0
116670,4,1,171,5,1,100.0,0,N,MELB_URBAN,FREEWAY,3,16.0
116671,6,2,99,5,1,100.0,0,N,RURAL_VICTORIA,ROAD,3,16.0
116672,1,2,130,5,1,60.0,0,N,TOWNS,STREET,3,13.0
116673,1,2,121,2,1,60.0,0,I,MELB_URBAN,ROAD,3,13.0
116674,1,3,130,5,1,80.0,0,I,MELB_URBAN,ROAD,1,11.0
116675,2,0,102,1,1,60.0,0,N,MELB_URBAN,ROAD,3,18.0
116676,1,1,130,2,1,60.0,0,I,MELB_URBAN,ROAD,3,17.0
116677,1,2,130,9,1,80.0,0,N,MELB_URBAN,FREEWAY,3,15.0
116678,1,2,99,2,1,50.0,0,I,MELB_URBAN,DRIVE,3,16.0
116679,7,2,99,5,5,50.0,0,N,MELB_URBAN,DRIVE,3,17.0
116680,4,2,99,2,1,50.0,0,I,MELB_URBAN,ROAD,3,17.0
116681,1,2,130,5,1,100.0,0,N,MELB_URBAN,FREEWAY,3,13.0
116682,1,2,121,2,1,60.0,0,I,MELB_URBAN,STREET,3,18.0
116683,1,2,130,5,1,40.0,0,N,RURAL_VICTORIA,ROAD,3,16.0
116684,1,6,133,2,1,50.0,0,I,MELB_URBAN,STREET,2,16.0
116685,1,1,113,2,1,80.0,0,I,MELB_URBAN,ROAD,3,16.0
116686,1,2,110,1,1,60.0,0,I,LARGE_PROVINCIAL_CITIES,STREET,3,19.0
116687,6,1,170,1,1,80.0,0,I,RURAL_VICTORIA,OTHER,3,17.0
116688,1,2,121,1,3,60.0,0,I,MELB_URBAN,ROAD,3,19.0
116689,1,2,110,1,3,60.0,0,N,MELB_URBAN,OTHER,3,20.0
116690,1,5,111,2,3,80.0,0,I,MELB_URBAN,ROAD,2,22.0
116691,1,1,130,1,3,60.0,0,N,MELB_URBAN,ROAD,2,0.0
116692,1,4,110,1,1,50.0,0,I,MELB_URBAN,AVENUE,2,19.0
116693,1,6,121,5,1,60.0,0,N,MELB_URBAN,ROAD,2,10.0
116694,4,3,171,5,1,100.0,0,N,RURAL_VICTORIA,ROAD,2,13.0
116695,1,7,111,1,1,50.0,0,I,MELB_URBAN,AVENUE,2,10.0
116696,1,1,132,1,1,60.0,0,I,MELB_URBAN,ROAD,3,18.0
116697,1,3,130,5,5,60.0,0,N,MELB_URBAN,ROAD,3,6.0
116698,1,3,113,2,1,50.0,0,I,TOWNS,HIGHWAY,3,7.0
116699,1,5,130,4,1,80.0,0,I,MELB_URBAN,ROAD,12,18.0
116700,1,5,160,5,1,50.0,0,N,MELB_URBAN,STREET,2,15.0
116701,1,3,121,1,1,60.0,0,I,MELB_URBAN,ROAD,3,8.0
116702,8,1,99,5,3,40.0,0,N,MELB_URBAN,STREET,3,20.0
116703,2,1,99,5,3,50.0,0,N,MELB_URBAN,DRIVE,9,21.0
116704,1,3,110,1,1,80.0,0,I,TOWNS,ROAD,2,13.0
116705,1,3,130,1,1,80.0,0,I,MELB_URBAN,ROAD,2,11.0
116706,1,5,130,5,1,60.0,0,N,MELB_URBAN,ROAD,2,9.0
116707,5,0,99,5,1,60.0,0,N,RURAL_VICTORIA,ROAD,3,14.0
116708,1,7,135,1,9,60.0,0,I,MELB_URBAN,STREET,8,12.0
116709,1,3,120,2,1,60.0,0,I,MELB_URBAN,ROAD,3,10.0
116710,1,0,135,5,1,70.0,0,N,MELB_URBAN,ROAD,3,14.0
116711,1,3,99,1,1,50.0,0,I,TOWNS,STREET,3,11.0
116712,1,7,130,5,1,80.0,0,N,RURAL_VICTORIA,ROAD,11,12.0
116713,1,6,130,1,1,60.0,0,N,MELB_URBAN,ROAD,2,12.0
116714,1,2,130,4,1,80.0,0,N,MELB_URBAN,RAMP,11,15.0
116715,1,3,120,5,1,100.0,0,N,RURAL_VICTORIA,ROAD,3,8.0