,accident_type,day_of_week,dca_code,road_geometry,light_condition,speed_zone,severity,node_type,deg_urban_name,road_type,month,hour
116716,1,3,121,2,1,80.0,0,I,RURAL_VICTORIA,ROAD,3,11.0
116717,1,4,130,2,1,60.0,0,I,MELB_URBAN,ROAD,2,16.0
116718,1,3,99,2,1,60.0,0,I,MELB_URBAN,OTHER,3,14.0
116719,1,3,134,1,3,60.0,0,O,MELB_URBAN,UNKNOWN,2,20.0
116720,4,4,171,5,1,100.0,0,N,RURAL_VICTORIA,FREEWAY,2,13.0
116721,1,1,110,1,1,50.0,0,I,MELB_URBAN,AVENUE,3,17.0
116722,1,2,133,5,1,40.0,0,N,MELBOURNE_CBD,STREET,3,16.0
116723,1,2,160,5,1,50.0,0,N,MELB_URBAN,BOULEVARD,3,12.0
116724,1,3,110,1,1,50.0,0,I,MELB_URBAN,STREET,3,16.0
116725,1,6,130,5,9,60.0,0,N,MELB_URBAN,DRIVE,2,16.0
116726,1,3,130,2,1,60.0,0,N,MELB_URBAN,ROAD,3,16.0
116727,1,2,121,1,1,60.0,0,I,RURAL_VICTORIA,ROAD,3,15.0
116728,1,2,99,2,1,60.0,0,I,MELB_URBAN,ROAD,3,16.0
116729,1,3,99,2,1,60.0,0,I,MELB_URBAN,ROAD,3,16.0
116730,1,3,121,1,1,70.0,0,I,LARGE_PROVINCIAL_CITIES,STREET,3,17.0
116731,1,2,99,3,1,60.0,0,I,MELB_URBAN,ROAD,3,17.0
116732,1,4,130,5,9,60.0,0,N,MELB_URBAN,RAMP,1,17.0
116733,4,2,173,5,1,80.0,0,N,RURAL_VICTORIA,ROAD,3,14.0
116734,1,3,120,3,2,80.0,0,N,RURAL_VICTORIA,ROAD,3,18.0
116735,1,3,120,3,1,50.0,0,N,MELB_URBAN,AVENUE,3,16.0
116736,6,2,174,5,1,60.0,0,N,RURAL_VICTORIA,ROAD,3,17.0
116737,8,3,99,5,1,60.0,0,N,MELB_URBAN,ROAD,3,17.0
116738,2,3,99,5,1,50.0,0,N,MELB_URBAN,STREET,3,18.0
116739,2,2,102,1,3,40.0,0,I,MELB_URBAN,STREET,3,21.0
116740,1,3,135,5,3,100.0,0,N,MELB_URBAN,ROAD,3,23.0
116741,1,4,133,5,3,80.0,0,N,MELB_URBAN,FREEWAY,3,0.0
116742,1,4,120,1,3,60.0,0,I,MELB_URBAN,ROAD,3,6.0
116743,1,3,121,1,2,60.0,0,I,MELB_URBAN,ROAD,3,6.0
116744,1,4,130,5,1,60.0,0,N,MELB_URBAN,ROAD,2,10.0
116745,1,4,121,5,1,60.0,0,N,MELB_URBAN,ROAD,3,8.0
116746,1,3,133,5,1,60.0,0,N,MELB_URBAN,UNKNOWN,3,16.0
116747,1,6,130,5,1,100.0,0,N,RURAL_VICTORIA,ROAD,12,11.0
116748,1,1,140,2,3,60.0,0,N,MELB_URBAN,ROAD,3,20.0
116749,4,3,181,5,1,100.0,0,N,RURAL_VICTORIA,HIGHWAY,2,9.0
116750,1,2,130,1,1,40.0,0,I,LARGE_PROVINCIAL_CITIES,STREET,2,12.0
116751,1,2,130,5,1,80.0,0,N,MELB_URBAN,ROAD,3,18.0
116752,8,2,174,5,1,50.0,0,N,MELB_URBAN,DRIVE,9,12.0
116753,1,4,120,5,1,80.0,0,N,RURAL_VICTORIA,ROAD,2,8.0
116754,2,4,102,1,1,60.0,0,I,MELB_URBAN,UNKNOWN,3,11.0
116755,1,4,121,2,1,80.0,0,I,MELB_URBAN,ROAD,3,10.0
116756,2,4,100,2,1,40.0,0,N,MELB_URBAN,STREET,3,10.0
116757,4,4,173,5,1,100.0,0,N,RURAL_VICTORIA,ROAD,3,8.0
116758,1,5,121,1,1,100.0,0,I,RURAL_VICTORIA,HIGHWAY,2,15.0
116759,1,3,130,2,1,60.0,0,N,MELB_URBAN,ROAD,3,12.0
116760,1,5,130,1,3,60.0,0,N,MELB_URBAN,BOULEVARD,8,22.0
116761,7,1,99,5,1,60.0,0,N,RURAL_VICTORIA,ROAD,3,13.0
116762,1,4,134,5,1,100.0,0,N,MELB_URBAN,FREEWAY,3,8.0
116763,6,3,184,9,1,100.0,0,N,RURAL_VICTORIA,HIGHWAY,3,14.0
116764,1,2,130,5,1,60.0,0,N,MELB_URBAN,RAMP,2,18.0
116765,1,4,120,5,1,80.0,0,N,RURAL_VICTORIA,HIGHWAY,3,12.0
116766,1,3,113,2,1,50.0,0,N,MELB_URBAN,DRIVE,2,12.0
116767,6,2,170,5,5,100.0,0,N,RURAL_VICTORIA,HIGHWAY,3,6.0
116768,1,2,110,1,1,50.0,0,I,SMALL_CITIES,STREET,9,8.0
116769,8,0,184,4,1,50.0,0,I,RURAL_VICTORIA,STREET,12,13.0
116770,8,6,174,5,9,60.0,0,N,MELB_URBAN,STREET,2,17.0
116771,1,4,120,5,1,100.0,0,N,RURAL_VICTORIA,ROAD,3,16.0
116772,1,3,147,5,9,60.0,0,N,MELB_URBAN,ROAD,2,14.0
116773,1,7,130,5,9,60.0,0,N,MELB_URBAN,RAMP,2,18.0
116774,1,4,110,1,1,100.0,0,I,RURAL_VICTORIA,ROAD,3,13.0
116775,1,5,130,1,3,60.0,0,I,RURAL_VICTORIA,ROAD,1,21.0
116776,7,3,99,5,2,100.0,0,N,RURAL_VICTORIA,ROAD,12,5.0
116777,1,3,113,2,1,60.0,0,I,SMALL_CITIES,DRIVE,3,18.0
116778,1,4,99,1,3,50.0,0,I,MELB_URBAN,STREET,3,21.0
116779,2,3,99,5,3,60.0,0,N,MELB_URBAN,ROAD,3,22.0
116780,4,4,171,5,9,50.0,0,N,SMALL_CITIES,DRIVE,3,10.0
116781,4,4,183,2,5,80.0,0,I,RURAL_VICTORIA,ROAD,3,22.0
116782,4,5,173,5,3,70.0,1,N,SMALL_CITIES,OTHER,3,0.0
116783,8,4,170,5,5,100.0,0,N,RURAL_VICTORIA,ROAD,3,2.0
116784,4,5,171,5,3,70.0,0,N,MELB_URBAN,HIGHWAY,3,4.0
116785,1,4,110,1,1,60.0,0,I,TOWNS,STREET,3,16.0
116786,1,4,121,1,1,60.0,0,I,SMALL_CITIES,STREET,3,8.0
116787,1,5,135,5,1,100.0,0,N,RURAL_VICTORIA,FREEWAY,12,14.0
116788,6,5,99,5,1,80.0,0,N,RURAL_VICTORIA,ROAD,3,7.0
116789,4,5,171,5,1,80.0,0,N,MELB_URBAN,HIGHWAY,3,9.0
116790,4,2,183,5,1,60.0,0,N,MELB_URBAN,ROAD,2,18.0
116791,1,4,110,1,1,60.0,0,I,MELB_URBAN,STREET,3,9.0
116792,1,5,121,1,1,60.0,0,I,MELB_URBAN,ROAD,3,8.0
116793,1,4,121,2,1,60.0,0,I,MELB_URBAN,ROAD,3,8.0
116794,1,5,110,1,1,40.0,0,I,RURAL_VICTORIA,ROAD,3,10.0
116795,1,4,110,1,1,50.0,0,I,MELB_URBAN,STREET,3,16.0
116796,1,5,110,1,1,60.0,0,N,MELB_URBAN,ROAD,3,10.0
116797,1,4,160,5,1,50.0,0,N,SMALL_CITIES,OTHER,3,8.0
116798,1,4,110,1,1,50.0,0,I,LARGE_PROVINCIAL_CITIES,STREET,3,11.0
116799,6,4,174,5,1,60.0,0,N,RURAL_VICTORIA,ROAD,3,8.0
116800,1,4,130,5,1,50.0,0,N,MELB_URBAN,ROAD,2,14.0
116801,1,2,99,2,3,50.0,0,I,TOWNS,OTHER,3,21.0
116802,1,5,140,5,1,30.0,0,N,MELB_URBAN,STREET,3,9.0
116803,2,5,99,5,1,50.0,0,N,MELB_URBAN,STREET,3,13.0
116804,2,4,102,1,1,60.0,0,I,RURAL_VICTORIA,ROAD,3,8.0
116805,1,5,116,1,1,50.0,0,I,MELB_URBAN,ROAD,3,12.0
116806,6,7,99,5,1,60.0,0,N,RURAL_VICTORIA,ROAD,2,15.0
116807,1,6,130,5,1,50.0,0,N,MELB_URBAN,ROAD,2,14.0
116808,1,4,99,5,1,50.0,0,N,LARGE_PROVINCIAL_CITIES,STREET,3,13.0
116809,1,5,121,2,1,60.0,0,I,RURAL_VICTORIA,HIGHWAY,3,13.0
116810,1,5,99,5,1,80.0,0,N,RURAL_VICTORIA,ROAD,3,9.0
116811,1,1,130,2,1,70.0,0,N,LARGE_PROVINCIAL_CITIES,STREET,3,17.0
116812,1,5,110,1,1,40.0,0,I,MELB_URBAN,STREET,3,8.0
116813,1,1,130,1,2,60.0,0,I,LARGE_PROVINCIAL_CITIES,ROAD,3,18.0
116814,1,5,110,1,1,60.0,0,N,LARGE_PROVINCIAL_CITIES,STREET,3,13.0
116815,1,4,113,1,1,60.0,0,I,MELB_URBAN,ROAD,3,14.0
116816,1,5,120,5,1,60.0,0,N,RURAL_VICTORIA,ROAD,3,12.0
116817,1,2,130,5,1,60.0,0,N,MELB_URBAN,ROAD,3,7.0
116818,6,4,99,5,3,40.0,0,N,MELB_URBAN,ROAD,3,19.0
116819,1,5,113,2,1,60.0,0,I,SMALL_CITIES,STREET,3,15.0
116820,1,3,121,5,1,60.0,0,N,MELB_URBAN,ROAD,3,11.0
116821,1,4,110,1,1,60.0,0,I,LARGE_PROVINCIAL_CITIES,AVENUE,3,16.0
116822,1,4,130,5,2,100.0,0,N,MELB_URBAN,FREEWAY,3,17.0
116823,1,2,120,5,1,60.0,0,N,RURAL_VICTORIA,ROAD,3,8.0
116824,1,5,140,5,1,60.0,0,N,MELB_URBAN,ROAD,3,17.0
116825,4,5,173,5,1,100.0,0,N,RURAL_VICTORIA,HIGHWAY,3,15.0
116826,1,5,133,5,1,60.0,0,N,MELB_URBAN,STREET,3,16.0
116827,4,5,181,5,1,80.0,0,N,RURAL_VICTORIA,ROAD,3,17.0
116828,1,5,110,1,3,80.0,0,I,RURAL_VICTORIA,ROAD,2,21.0
116829,4,4,173,2,2,60.0,0,N,MELB_URBAN,ROAD,3,18.0
116830,1,5,130,5,3,80.0,0,N,MELB_URBAN,ROAD,3,21.0
116831,1,4,99,2,3,60.0,0,N,MELB_URBAN,STREET,3,22.0
116832,1,4,130,5,1,80.0,0,N,MELB_URBAN,FREEWAY,3,17.0
116833,4,6,173,2,3,60.0,0,I,LARGE_PROVINCIAL_CITIES,OTHER,3,3.0
116834,1,5,120,5,5,60.0,0,N,RURAL_VICTORIA,ROAD,3,5.0
116835,1,3,110,1,1,60.0,0,I,LARGE_PROVINCIAL_CITIES,STREET,2,10.0
116836,8,7,174,5,1,60.0,0,N,RURAL_VICTORIA,ROAD,2,12.0
116837,1,5,111,1,3,70.0,0,I,MELB_URBAN,ROAD,3,21.0
116838,1,6,99,5,1,60.0,0,N,MELB_URBAN,PARADE,3,7.0
116839,1,3,135,4,9,80.0,0,I,MELB_URBAN,FREEWAY,2,17.0
116840,1,4,130,5,2,100.0,0,N,MELB_URBAN,FREEWAY,3,18.0
116841,1,2,113,2,1,60.0,0,I,MELB_URBAN,ROAD,2,12.0
116842,1,3,116,2,3,60.0,0,I,MELB_URBAN,RAMP,3,22.0
116843,8,6,99,5,1,60.0,0,N,MELB_URBAN,STREET,3,7.0
116844,1,5,130,5,1,60.0,0,N,MELB_URBAN,ROAD,2,17.0
116845,2,6,99,1,2,40.0,0,I,MELBOURNE_CBD,STREET,1,19.0
116846,1,4,113,1,1,50.0,0,I,MELB_URBAN,STREET,3,15.0
116847,1,6,160,5,3,80.0,0,N,SMALL_CITIES,HIGHWAY,3,6.0
116848,1,5,130,5,1,60.0,0,N,MELB_URBAN,DRIVE,3,10.0
116849,1,4,130,5,1,60.0,0,N,LARGE_PROVINCIAL_CITIES,ROAD,7,9.0
116850,8,3,174,5,1,60.0,0,N,RURAL_VICTORIA,OTHER,1,13.0
116851,1,5,130,2,1,60.0,0,N,MELB_URBAN,DRIVE,10,9.0
116852,1,6,99,5,1,50.0,0,N,LARGE_PROVINCIAL_CITIES,STREET,3,8.0
116853,4,6,171,5,1,80.0,0,N,SMALL_TOWNS,OTHER,3,11.0
116854,1,4,130,5,1,60.0,0,N,RURAL_VICTORIA,HIGHWAY,10,15.0
116855,1,6,160,5,5,60.0,0,N,MELB_URBAN,STREET,3,6.0
116856,1,6,121,1,1,60.0,0,I,LARGE_PROVINCIAL_CITIES,STREET,3,11.0
116857,1,6,111,1,3,50.0,0,I,MELB_URBAN,STREET,3,6.0
116858,1,7,120,5,1,100.0,0,N,RURAL_VICTORIA,ROAD,2,16.0
116859,1,6,121,1,1,60.0,0,I,MELB_URBAN,ROAD,3,13.0
116860,1,6,121,1,1,70.0,0,I,RURAL_VICTORIA,ROAD,3,7.0
116861,1,4,111,2,1,60.0,0,I,LARGE_PROVINCIAL_CITIES,ROAD,3,17.0
116862,1,5,99,5,1,50.0,0,N,TOWNS,STREET,3,13.0
116863,1,3,132,2,1,70.0,0,I,RURAL_VICTORIA,ROAD,2,8.0
116864,1,6,99,1,1,60.0,0,N,MELB_URBAN,STREET,3,13.0
116865,1,6,130,5,1,80.0,0,N,MELB_URBAN,FREEWAY,3,10.0
116866,1,6,130,5,1,80.0,0,N,MELB_URBAN,HIGHWAY,3,15.0
116867,1,6,121,2,1,80.0,0,N,RURAL_VICTORIA,ROAD,3,16.0
116868,1,5,130,2,1,80.0,0,N,RURAL_VICTORIA,HIGHWAY,3,15.0
116869,1,2,130,2,1,60.0,0,N,MELB_URBAN,HIGHWAY,2,17.0
116870,1,5,133,1,1,60.0,0,I,MELB_URBAN,STREET,3,18.0
116871,2,6,102,5,1,60.0,0,N,MELB_URBAN,STREET,3,12.0
116872,1,5,99,5,1,50.0,0,N,TOWNS,STREET,3,16.0
116873,1,4,130,5,2,100.0,0,N,MELB_URBAN,FREEWAY,3,7.0
116874,1,6,130,2,2,60.0,0,N,MELB_URBAN,ROAD,3,18.0
116875,1,6,121,2,1,60.0,0,I,MELB_URBAN,ROAD,3,18.0
116876,4,6,173,5,1,80.0,0,N,MELB_URBAN,HIGHWAY,3,18.0
116877,1,6,160,5,1,50.0,0,N,MELB_URBAN,AVENUE,3,16.0
116878,1,6,99,4,1,60.0,0,I,MELB_URBAN,ROAD,3,18.0
116879,1,6,99,2,1,60.0,0,I,MELB_URBAN,ROAD,3,14.0
116880,4,5,181,5,1,100.0,0,N,RURAL_VICTORIA,ROAD,3,14.0
116881,2,6,102,1,3,80.0,0,I,MELB_URBAN,HIGHWAY,3,20.0
116882,4,6,183,5,1,50.0,0,N,MELB_URBAN,ROAD,3,17.0
116883,2,6,100,5,3,50.0,0,N,MELB_URBAN,OTHER,3,19.0
116884,1,6,132,2,2,60.0,0,N,MELB_URBAN,DRIVE,3,18.0
116885,1,6,133,5,2,60.0,0,N,MELB_URBAN,ROAD,3,19.0
116886,1,6,99,2,1,50.0,0,I,MELB_URBAN,ROAD,3,16.0
116887,1,4,121,2,3,60.0,0,I,MELB_URBAN,ROAD,6,6.0
116888,1,6,120,5,3,40.0,0,N,MELB_URBAN,ROAD,3,22.0
116889,4,6,181,5,5,60.0,0,N,RURAL_VICTORIA,ROAD,3,23.0
116890,1,5,121,1,3,40.0,0,I,MELB_URBAN,AVENUE,3,22.0
116891,3,4,167,5,9,70.0,0,N,MELB_URBAN,ROAD,3,10.0
116892,1,6,160,5,3,50.0,0,N,MELB_URBAN,STREET,3,1.0
116893,4,7,171,2,5,50.0,0,I,LARGE_PROVINCIAL_CITIES,STREET,3,3.0
116894,1,7,110,1,3,80.0,0,I,SMALL_CITIES,HIGHWAY,3,0.0
116895,4,6,173,5,1,100.0,0,N,RURAL_VICTORIA,ROAD,3,7.0
116896,2,7,99,2,1,60.0,0,I,MELB_URBAN,STREET,3,8.0
116897,1,7,99,4,1,40.0,0,I,MELB_URBAN,STREET,3,8.0
116898,1,7,133,5,1,60.0,0,N,MELB_URBAN,ROAD,3,9.0
116899,1,7,99,2,1,50.0,0,I,MELB_URBAN,AVENUE,3,9.0
116900,1,6,130,5,1,80.0,0,N,MELB_URBAN,ROAD,3,9.0
116901,1,7,140,2,1,60.0,0,N,LARGE_PROVINCIAL_CITIES,STREET,3,10.0
116902,1,6,99,2,1,60.0,0,I,MELB_URBAN,OTHER,3,12.0
116903,1,6,130,2,1,80.0,0,I,LARGE_PROVINCIAL_CITIES,ROAD,3,17.0
116904,2,7,100,1,1,50.0,0,I,TOWNS,STREET,3,12.0
116905,1,7,132,5,1,80.0,0,N,RURAL_VICTORIA,ROAD,3,9.0
116906,1,7,132,5,1,100.0,0,N,RURAL_VICTORIA,HIGHWAY,3,7.0
116907,1,6,110,1,1,60.0,0,I,SMALL_CITIES,STREET,3,11.0
116908,1,5,130,5,1,100.0,0,N,MELB_URBAN,FREEWAY,3,14.0
116909,4,6,183,2,1,100.0,0,I,RURAL_VICTORIA,ROAD,3,11.0
116910,1,4,99,5,1,60.0,0,I,MELB_URBAN,ROAD,2,14.0
116911,1,7,110,1,1,50.0,0,I,MELB_URBAN,ROAD,3,16.0
116912,1,2,160,5,1,50.0,0,N,LARGE_PROVINCIAL_CITIES,STREET,2,18.0
116913,6,6,170,5,2,100.0,0,N,RURAL_VICTORIA,ROAD,3,18.0
116914,5,0,99,5,1,60.0,0,N,RURAL_VICTORIA,ROAD,3,13.0
116915,1,7,140,5,1,50.0,0,N,SMALL_CITIES,ROAD,3,15.0
116916,4,7,99,2,1,60.0,0,I,MELB_URBAN,ROAD,3,17.0
116917,4,7,181,5,1,100.0,0,N,RURAL_VICTORIA,ROAD,3,16.0
116918,1,7,121,1,3,80.0,0,I,MELB_URBAN,ROAD,3,20.0
116919,2,7,99,5,3,50.0,0,N,MELB_URBAN,AVENUE,3,21.0
116920,4,7,181,5,5,100.0,1,N,RURAL_VICTORIA,ROAD,3,21.0
116921,1,7,116,4,3,60.0,0,N,MELB_URBAN,ROAD,3,21.0
116922,4,0,173,5,5,60.0,0,N,RURAL_VICTORIA,BOULEVARD,3,3.0
116923,4,0,173,5,5,100.0,0,N,RURAL_VICTORIA,HIGHWAY,3,4.0
116924,5,6,173,5,1,100.0,0,N,RURAL_VICTORIA,ROAD,3,12.0
116925,1,0,113,1,1,80.0,0,N,MELB_URBAN,ROAD,3,10.0
116926,1,7,110,1,1,60.0,0,I,TOWNS,OTHER,3,17.0
116927,1,0,135,5,1,100.0,0,N,MELB_URBAN,FREEWAY,3,7.0
116928,1,6,147,5,1,60.0,0,N,MELB_URBAN,ROAD,3,10.0
116929,1,7,130,5,1,60.0,0,N,MELB_URBAN,ROAD,3,11.0
116930,1,0,130,3,1,60.0,0,I,MELB_URBAN,ROAD,3,9.0
116931,1,0,99,5,1,50.0,0,I,MELB_URBAN,ROAD,3,11.0
116932,1,3,130,5,1,60.0,0,N,MELB_URBAN,STREET,3,7.0
116933,1,6,99,5,1,40.0,0,N,MELB_URBAN,BOULEVARD,3,15.0
116934,5,1,183,5,1,100.0,0,N,RURAL_VICTORIA,ROAD,3,11.0
116935,4,1,183,5,1,60.0,0,N,RURAL_VICTORIA,OTHER,3,11.0
116936,1,1,132,2,1,60.0,0,I,MELB_URBAN,ROAD,3,13.0
116937,1,7,121,2,9,60.0,0,I,MELB_URBAN,AVENUE,3,16.0
116938,1,5,110,1,1,60.0,0,I,MELB_URBAN,ROAD,1,8.0
116939,1,1,99,4,1,80.0,0,I,MELB_URBAN,RAMP,3,14.0
116940,1,1,99,4,9,60.0,0,N,MELB_URBAN,ROAD,3,16.0
116941,1,1,183,4,1,70.0,0,I,SMALL_CITIES,ROAD,3,16.0
116942,1,5,130,2,1,50.0,0,I,MELB_URBAN,STREET,2,8.0
116943,1,1,121,5,1,80.0,0,N,RURAL_VICTORIA,ROAD,3,11.0
116944,1,1,121,1,1,80.0,0,I,MELB_URBAN,ROAD,3,17.0
116945,1,1,130,5,1,40.0,0,N,MELB_URBAN,STREET,3,15.0
116946,4,1,181,5,1,100.0,0,N,RURAL_VICTORIA,ROAD,3,17.0
116947,1,1,130,1,1,60.0,0,I,MELB_URBAN,STREET,3,18.0
116948,1,1,110,1,1,100.0,0,I,RURAL_VICTORIA,HIGHWAY,3,17.0
116949,4,7,171,5,3,60.0,0,N,MELB_URBAN,PARADE,3,19.0
116950,5,1,173,5,1,100.0,0,N,MELB_URBAN,ROAD,3,15.0
116951,1,1,110,1,1,50.0,0,I,TOWNS,STREET,3,18.0
116952,1,0,111,1,3,50.0,0,N,TOWNS,ROAD,3,20.0
116953,1,0,147,5,1,60.0,0,N,MELB_URBAN,STREET,3,17.0
116954,2,1,100,5,1,60.0,0,N,MELB_URBAN,ROAD,3,14.0
116955,1,0,140,5,1,50.0,0,N,RURAL_VICTORIA,BOULEVARD,3,16.0
116956,1,0,121,1,3,60.0,0,I,MELB_URBAN,ROAD,3,21.0
116957,2,1,99,5,5,60.0,0,N,MELB_URBAN,ROAD,3,21.0
116958,4,2,171,1,3,60.0,0,I,MELB_URBAN,AVENUE,3,1.0
116959,4,1,173,5,5,100.0,0,N,RURAL_VICTORIA,ROAD,3,21.0
116960,1,7,140,5,1,110.0,0,N,RURAL_VICTORIA,FREEWAY,3,14.0
116961,6,2,170,5,5,70.0,0,N,LARGE_PROVINCIAL_CITIES,RAMP,3,0.0
116962,1,1,116,2,1,50.0,0,I,LARGE_PROVINCIAL_CITIES,ROAD,3,15.0
116963,1,2,116,2,1,80.0,0,I,LARGE_PROVINCIAL_CITIES,ROAD,3,8.0
116964,6,7,99,5,6,80.0,0,N,MELB_URBAN,ROAD,3,2.0
116965,1,5,147,5,1,60.0,0,N,MELB_URBAN,STREET,3,18.0
116966,1,6,130,5,2,60.0,0,N,LARGE_PROVINCIAL_CITIES,OTHER,2,7.0
116967,1,2,132,5,1,60.0,0,N,RURAL_VICTORIA,STREET,3,10.0
116968,1,2,99,5,5,80.0,1,I,RURAL_VICTORIA,ROAD,3,6.0
116969,1,5,99,1,1,40.0,0,I,MELB_URBAN,STREET,3,10.0
116970,1,0,132,5,1,100.0,0,N,RURAL_VICTORIA,ROAD,3,12.0
116971,1,4,130,1,1,70.0,0,I,MELB_URBAN,ROAD,1,16.0
116972,1,2,121,2,1,60.0,1,I,MELB_URBAN,STREET,3,12.0
116973,1,2,147,5,1,50.0,0,N,TOWNS,STREET,3,14.0
116974,1,2,99,2,1,60.0,0,I,MELB_URBAN,ROAD,3,9.0
116975,1,1,130,5,9,100.0,0,N,RURAL_VICTORIA,HIGHWAY,3,22.0
116976,1,2,121,1,1,80.0,0,I,TOWNS,ROAD,3,13.0
116977,7,7,184,5,1,100.0,0,N,RURAL_VICTORIA,ROAD,3,16.0
116978,4,1,181,5,1,80.0,0,N,RURAL_VICTORIA,ROAD,3,14.0
116979,1,1,130,1,1,80.0,0,I,MELB_URBAN,RAMP,5,6.0
116980,1,2,110,1,1,100.0,0,I,RURAL_VICTORIA,ROAD,3,16.0
116981,1,2,130,5,1,80.0,0,N,RURAL_VICTORIA,ROAD,3,16.0
116982,1,6,99,5,1,40.0,0,N,MELB_URBAN,STREET,2,8.0
116983,4,2,171,5,1,50.0,0,N,MELB_URBAN,OTHER,3,15.0
116984,1,2,110,1,1,50.0,0,I,MELB_URBAN,ROAD,3,17.0
116985,1,1,110,1,1,50.0,0,I,MELB_URBAN,STREET,3,18.0
116986,1,1,121,1,1,50.0,0,I,MELB_URBAN,STREET,3,19.0
116987,7,2,99,5,1,60.0,0,N,MELB_URBAN,ROAD,3,13.0
116988,1,1,99,1,1,60.0,0,I,MELB_URBAN,HIGHWAY,3,18.0
116989,6,6,184,5,6,50.0,0,N,MELB_URBAN,STREET,3,20.0
116990,6,2,99,5,1,50.0,0,N,SMALL_CITIES,DRIVE,3,16.0
116991,1,1,113,2,1,60.0,0,I,LARGE_PROVINCIAL_CITIES,STREET,3,18.0
116992,1,2,121,1,1,60.0,0,I,MELB_URBAN,ROAD,3,18.0
116993,1,3,120,5,5,60.0,0,N,MELB_URBAN,ROAD,3,1.0
116994,8,6,170,5,1,100.0,0,N,MELB_URBAN,FREEWAY,2,11.0
116995,1,2,116,1,3,60.0,0,I,MELB_URBAN,ROAD,3,4.0
116996,1,3,121,5,1,40.0,0,N,MELB_URBAN,ROAD,3,7.0
116997,1,2,110,1,1,50.0,0,I,MELB_URBAN,STREET,3,7.0
116998,1,3,113,2,1,60.0,0,I,MELB_URBAN,ROAD,3,7.0
116999,6,6,184,5,1,30.0,0,N,RURAL_VICTORIA,ROAD,3,10.0
117000,1,3,121,4,2,80.0,0,I,MELB_URBAN,HIGHWAY,3,6.0
117001,1,3,160,5,1,50.0,0,N,SMALL_CITIES,OTHER,3,8.0
117002,1,3,99,2,2,50.0,0,N,MELB_URBAN,OTHER,3,7.0
117003,2,3,102,2,1,40.0,0,I,MELB_URBAN,ROAD,3,9.0
117004,1,2,130,5,1,100.0,0,N,MELB_URBAN,ROAD,3,8.0
117005,4,5,99,5,1,80.0,0,N,RURAL_VICTORIA,ROAD,2,11.0
117006,1,7,130,2,1,60.0,0,I,MELB_URBAN,STREET,2,17.0
117007,1,5,130,5,1,40.0,0,N,MELB_URBAN,ROAD,3,8.0
117008,1,7,120,5,1,70.0,0,N,MELB_URBAN,ROAD,2,15.0
117009,4,6,173,5,1,60.0,0,N,MELB_URBAN,ROAD,2,15.0
117010,1,3,121,1,1,60.0,0,I,MELB_URBAN,HIGHWAY,3,11.0
117011,2,2,100,2,1,60.0,0,I,MELB_URBAN,STREET,3,7.0
117012,2,3,99,5,3,50.0,1,N,TOWNS,OTHER,3,3.0
117013,2,2,100,1,1,50.0,0,I,MELB_URBAN,STREET,3,10.0
117014,1,2,110,1,1,80.0,0,I,RURAL_VICTORIA,ROAD,3,8.0
117015,8,3,170,5,1,60.0,0,N,MELB_URBAN,STREET,3,7.0
117016,1,3,140,5,1,60.0,0,N,MELB_URBAN,ROAD,3,9.0
117017,9,3,99,2,1,50.0,0,I,MELB_URBAN,UNKNOWN,3,11.0
117018,1,3,160,5,1,50.0,0,N,MELB_URBAN,DRIVE,3,13.0
117019,1,3,140,5,1,80.0,0,N,MELB_URBAN,ROAD,3,15.0
117020,1,3,121,3,1,60.0,0,I,MELB_URBAN,ROAD,3,14.0
117021,1,3,120,5,1,100.0,0,N,RURAL_VICTORIA,HIGHWAY,3,9.0
117022,1,5,113,2,1,60.0,0,I,MELB_URBAN,ROAD,2,15.0
117023,1,6,140,5,1,40.0,0,N,MELB_URBAN,STREET,2,15.0
117024,4,3,173,5,1,110.0,0,N,RURAL_VICTORIA,FREEWAY,3,15.0
117025,1,3,130,1,1,60.0,0,N,MELB_URBAN,ROAD,3,14.0
117026,1,5,134,5,1,60.0,0,N,MELB_URBAN,ROAD,3,9.0
117027,1,4,130,5,9,60.0,0,N,MELB_URBAN,ROAD,3,17.0
117028,1,3,99,5,1,50.0,0,N,MELB_URBAN,ROAD,3,16.0
117029,3,6,167,5,5,100.0,0,N,RURAL_VICTORIA,ROAD,1,4.0
117030,6,7,184,3,1,60.0,0,I,MELB_URBAN,ROAD,3,9.0
117031,4,2,181,5,5,100.0,0,N,RURAL_VICTORIA,ROAD,3,4.0
117032,6,6,99,5,1,100.0,0,N,RURAL_VICTORIA,HIGHWAY,3,15.0
117033,1,4,130,1,1,80.0,0,N,MELB_URBAN,HIGHWAY,3,16.0
117034,1,3,99,2,1,60.0,0,I,MELB_URBAN,ROAD,3,18.0
117035,1,3,130,5,1,60.0,0,N,MELB_URBAN,ROAD,3,18.0
117036,4,3,171,5,2,70.0,0,N,MELB_URBAN,HIGHWAY,3,18.0
117037,8,1,184,9,1,60.0,0,N,RURAL_VICTORIA,ROAD,3,15.0
117038,1,1,110,1,3,40.0,0,I,SMALL_CITIES,STREET,3,20.0
117039,1,2,134,5,3,70.0,0,N,MELB_URBAN,UNKNOWN,3,20.0
117040,1,3,121,2,1,60.0,0,I,MELB_URBAN,ROAD,3,15.0