,accident_type,day_of_week,dca_code,road_geometry,light_condition,speed_zone,severity,node_type,deg_urban_name,road_type,month,hour
117041,4,2,171,5,2,50.0,0,N,MELB_URBAN,STREET,3,19.0
117042,1,3,110,1,1,80.0,0,I,RURAL_VICTORIA,ROAD,3,15.0
117043,1,3,113,1,1,50.0,0,I,MELB_URBAN,STREET,3,18.0
117044,1,3,121,1,1,50.0,0,I,MELB_URBAN,STREET,3,16.0
117045,1,2,135,5,5,80.0,0,N,MELB_URBAN,ROAD,3,22.0
117046,1,4,99,5,1,60.0,0,N,MELB_URBAN,ROAD,2,8.0
117047,3,4,167,5,5,100.0,0,N,RURAL_VICTORIA,ROAD,3,4.0
117048,2,5,99,5,1,60.0,0,N,MELB_URBAN,ROAD,3,10.0
117049,1,2,113,1,3,50.0,0,I,MELB_URBAN,ROAD,2,21.0
117050,1,5,130,5,1,70.0,0,N,MELB_URBAN,ROAD,11,15.0
117051,1,4,130,5,1,100.0,0,N,MELB_URBAN,FREEWAY,3,7.0
117052,1,4,121,2,1,40.0,0,I,MELB_URBAN,STREET,3,8.0
117053,1,4,99,5,1,60.0,0,N,LARGE_PROVINCIAL_CITIES,STREET,3,8.0
117054,2,4,102,5,1,60.0,0,N,MELB_URBAN,ROAD,3,8.0
117055,1,4,163,2,1,40.0,0,N,MELB_URBAN,STREET,3,8.0
117056,1,3,132,2,1,60.0,0,I,RURAL_VICTORIA,ROAD,3,7.0
117057,1,4,99,2,1,100.0,0,I,RURAL_VICTORIA,ROAD,3,9.0
117058,1,4,140,5,1,70.0,1,N,MELB_URBAN,HIGHWAY,3,8.0
117059,1,4,121,5,1,100.0,0,N,RURAL_VICTORIA,ROAD,3,8.0
117060,2,4,100,1,1,60.0,0,I,MELB_URBAN,STREET,3,10.0
117061,1,3,132,5,1,60.0,0,N,MELB_URBAN,ROAD,3,10.0
117062,8,6,99,5,1,60.0,0,N,RURAL_VICTORIA,ROAD,11,12.0
117063,8,0,174,5,1,60.0,0,N,RURAL_VICTORIA,ROAD,2,9.0
117064,1,3,121,1,1,60.0,0,I,MELB_URBAN,STREET,3,10.0
117065,1,3,130,2,3,60.0,0,I,MELB_URBAN,ROAD,3,6.0
117066,1,4,134,5,1,80.0,0,N,MELB_URBAN,FREEWAY,3,8.0
117067,1,5,130,5,1,60.0,0,N,MELB_URBAN,ROAD,3,17.0
117068,6,4,184,5,1,80.0,0,N,TOWNS,ROAD,2,9.0
117069,1,4,130,5,1,80.0,0,N,MELB_URBAN,HIGHWAY,3,6.0
117070,2,3,100,2,1,50.0,0,N,MELB_URBAN,DRIVE,3,8.0
117071,1,4,121,1,1,60.0,0,I,MELB_URBAN,AVENUE,3,12.0
117072,1,3,130,1,1,60.0,0,I,MELB_URBAN,ROAD,3,11.0
117073,1,3,121,2,2,60.0,0,I,MELB_URBAN,ROAD,3,6.0
117074,3,5,167,5,1,100.0,0,N,RURAL_VICTORIA,ROAD,2,6.0
117075,1,4,130,5,1,50.0,0,N,LARGE_PROVINCIAL_CITIES,STREET,3,8.0
117076,1,5,130,1,2,60.0,0,N,MELB_URBAN,ROAD,3,19.0
117077,1,3,99,5,1,100.0,0,N,MELB_URBAN,ROAD,3,8.0
117078,1,5,130,5,1,60.0,0,N,MELB_URBAN,ROAD,3,10.0
117079,8,1,99,5,1,60.0,0,N,MELB_URBAN,ROAD,3,12.0
117080,1,4,110,1,1,60.0,0,I,LARGE_PROVINCIAL_CITIES,STREET,3,9.0
117081,1,3,99,5,1,60.0,0,N,RURAL_VICTORIA,ROAD,3,14.0
117082,4,3,171,5,1,70.0,0,N,RURAL_VICTORIA,FREEWAY,3,14.0
117083,1,0,132,2,1,60.0,0,I,MELB_URBAN,UNKNOWN,2,11.0
117084,6,3,184,5,1,80.0,0,N,RURAL_VICTORIA,ROAD,3,15.0
117085,1,4,99,1,1,80.0,1,I,MELB_URBAN,HIGHWAY,3,15.0
117086,4,6,99,2,1,60.0,0,I,MELB_URBAN,ROAD,12,13.0
117087,1,6,130,1,1,70.0,0,I,MELB_URBAN,ROAD,3,14.0
117088,2,4,100,5,1,60.0,0,N,MELB_URBAN,ROAD,3,13.0
117089,1,3,130,5,1,80.0,0,N,MELB_URBAN,FREEWAY,3,17.0
117090,1,3,130,5,6,70.0,0,N,MELB_URBAN,ROAD,3,20.0
117091,1,4,99,5,1,100.0,0,N,RURAL_VICTORIA,ROAD,3,18.0
117092,1,4,132,2,3,60.0,0,I,MELB_URBAN,ROAD,3,21.0
117093,1,5,130,2,1,60.0,0,N,MELB_URBAN,BOULEVARD,11,14.0
117094,1,3,110,1,1,80.0,0,I,MELB_URBAN,ROAD,3,16.0
117095,6,4,184,5,1,100.0,0,N,RURAL_VICTORIA,HIGHWAY,3,14.0
117096,1,4,121,1,1,100.0,0,I,MELB_URBAN,HIGHWAY,3,16.0
117097,1,6,147,5,1,50.0,0,N,SMALL_CITIES,STREET,2,14.0
117098,1,4,130,5,5,80.0,0,N,SMALL_TOWNS,ROAD,3,23.0
117099,1,3,132,1,3,90.0,0,I,MELB_URBAN,FREEWAY,3,23.0
117100,1,4,130,5,1,60.0,0,N,SMALL_CITIES,STREET,2,8.0
117101,1,4,130,5,1,60.0,0,N,MELB_URBAN,OTHER,9,7.0
117102,8,6,99,5,1,60.0,0,N,RURAL_VICTORIA,ROAD,2,10.0
117103,1,5,130,5,2,100.0,0,I,MELB_URBAN,ROAD,3,6.0
117104,1,6,99,1,1,80.0,0,N,MELB_URBAN,ROAD,2,16.0
117105,1,6,130,1,1,60.0,0,N,MELB_URBAN,STREET,3,18.0
117106,2,4,99,5,9,40.0,0,N,MELB_URBAN,STREET,2,8.0
117107,3,7,167,5,1,60.0,0,N,RURAL_VICTORIA,ROAD,1,10.0
117108,1,6,130,5,1,100.0,0,N,RURAL_VICTORIA,FREEWAY,3,17.0
117109,1,5,110,1,1,60.0,0,I,SMALL_CITIES,STREET,3,8.0
117110,8,6,170,5,1,60.0,0,N,RURAL_VICTORIA,ROAD,3,11.0
117111,4,4,181,5,1,100.0,0,N,RURAL_VICTORIA,HIGHWAY,3,18.0
117112,1,5,113,2,1,80.0,0,I,MELB_URBAN,ROAD,3,7.0
117113,6,5,184,5,1,80.0,0,N,RURAL_VICTORIA,ROAD,3,15.0
117114,1,2,130,5,3,100.0,0,N,MELB_URBAN,ROAD,2,6.0
117115,1,3,163,5,1,50.0,0,N,MELB_URBAN,STREET,3,13.0
117116,4,4,171,5,1,60.0,0,N,RURAL_VICTORIA,ROAD,3,7.0
117117,6,1,174,5,1,60.0,0,N,RURAL_VICTORIA,ROAD,2,10.0
117118,1,4,140,5,1,70.0,0,N,MELB_URBAN,ROAD,8,9.0
117119,1,6,110,1,9,60.0,0,I,MELB_URBAN,ROAD,3,17.0
117120,1,6,99,5,9,50.0,0,N,MELB_URBAN,ROAD,2,9.0
117121,1,4,116,2,1,50.0,0,I,MELB_URBAN,OTHER,3,11.0
117122,1,5,110,1,1,60.0,0,I,MELB_URBAN,ROAD,3,10.0
117123,1,5,147,5,1,70.0,0,N,MELB_URBAN,ROAD,3,11.0
117124,5,2,99,5,2,100.0,0,N,MELB_URBAN,UNKNOWN,11,5.0
117125,4,5,99,2,1,100.0,0,I,RURAL_VICTORIA,OTHER,3,10.0
117126,1,4,121,1,1,60.0,0,I,MELB_URBAN,ROAD,3,10.0
117127,1,4,130,2,1,80.0,0,I,MELB_URBAN,ROAD,3,11.0
117128,1,3,99,1,1,70.0,0,I,MELB_URBAN,ROAD,3,16.0
117129,2,4,100,5,2,50.0,0,N,MELB_URBAN,DRIVE,3,18.0
117130,4,4,171,5,1,80.0,0,N,MELB_URBAN,ROAD,3,14.0
117131,1,5,110,1,1,60.0,0,I,MELB_URBAN,ROAD,3,13.0
117132,1,4,147,5,1,80.0,0,N,MELB_URBAN,HIGHWAY,3,13.0
117133,1,5,110,1,1,50.0,0,I,MELB_URBAN,STREET,3,14.0
117134,1,3,132,5,1,60.0,0,N,LARGE_PROVINCIAL_CITIES,STREET,3,15.0
117135,1,5,99,2,1,70.0,0,I,MELB_URBAN,ROAD,3,13.0
117136,1,5,130,5,2,100.0,0,N,MELB_URBAN,FREEWAY,3,6.0
117137,1,5,120,5,1,70.0,0,N,RURAL_VICTORIA,ROAD,3,14.0
117138,1,4,130,1,1,60.0,0,I,MELB_URBAN,STREET,3,15.0
117139,1,5,130,5,3,60.0,0,N,MELB_URBAN,ROAD,3,5.0
117140,4,5,181,5,1,60.0,0,N,SMALL_TOWNS,ROAD,3,15.0
117141,5,4,99,5,1,100.0,0,N,RURAL_VICTORIA,ROAD,3,10.0
117142,2,2,100,1,1,40.0,0,N,MELB_URBAN,STREET,3,10.0
117143,4,4,183,5,5,100.0,0,N,RURAL_VICTORIA,ROAD,3,20.0
117144,1,5,99,5,1,40.0,0,N,MELB_URBAN,STREET,3,9.0
117145,1,5,110,1,1,80.0,0,I,RURAL_VICTORIA,ROAD,3,11.0
117146,1,4,130,5,1,60.0,0,N,SMALL_CITIES,ROAD,3,14.0
117147,1,5,120,5,1,70.0,0,N,SMALL_CITIES,PARADE,3,15.0
117148,1,3,130,1,9,60.0,0,I,MELB_URBAN,ROAD,3,21.0
117149,4,6,183,5,5,60.0,0,N,RURAL_VICTORIA,ROAD,3,21.0
117150,1,5,99,5,1,60.0,0,N,SMALL_CITIES,ROAD,3,17.0
117151,1,4,99,5,1,60.0,0,N,MELB_URBAN,ROAD,3,17.0
117152,2,5,100,5,1,50.0,0,N,MELB_URBAN,OTHER,3,15.0
117153,1,5,130,5,1,80.0,0,N,RURAL_VICTORIA,ROAD,3,16.0
117154,1,3,116,1,1,60.0,0,I,MELB_URBAN,STREET,3,18.0
117155,1,3,130,5,1,40.0,0,N,MELB_URBAN,STREET,2,16.0
117156,1,7,130,5,3,40.0,0,N,MELB_URBAN,STREET,3,20.0
117157,1,5,99,5,1,40.0,0,N,MELB_URBAN,DRIVE,3,15.0
117158,1,5,99,5,1,100.0,0,N,RURAL_VICTORIA,HIGHWAY,3,13.0
117159,1,5,110,1,1,60.0,0,I,MELB_URBAN,BOULEVARD,3,15.0
117160,4,5,181,5,1,100.0,0,N,RURAL_VICTORIA,ROAD,3,12.0
117161,2,5,100,5,1,40.0,1,N,MELB_URBAN,STREET,3,13.0
117162,1,3,130,5,1,60.0,0,N,MELB_URBAN,ROAD,3,8.0
117163,1,5,134,5,1,60.0,0,N,MELB_URBAN,ROAD,3,18.0
117164,4,5,183,5,1,60.0,0,N,SMALL_TOWNS,ROAD,3,17.0
117165,1,4,110,1,1,50.0,0,I,MELB_URBAN,STREET,3,17.0
117166,1,4,130,1,1,80.0,0,N,RURAL_VICTORIA,ROAD,3,17.0
117167,1,5,130,5,1,70.0,0,N,TOWNS,HIGHWAY,3,17.0
117168,1,5,113,2,1,60.0,0,I,MELB_URBAN,STREET,3,19.0
117169,1,1,113,2,2,80.0,0,I,MELB_URBAN,ROAD,3,17.0
117170,2,5,102,1,4,40.0,0,N,MELB_URBAN,OTHER,3,20.0
117171,1,5,130,5,9,70.0,0,N,MELB_URBAN,ROAD,3,4.0
117172,1,5,134,5,3,60.0,0,N,MELB_URBAN,ROAD,3,22.0
117173,1,4,121,1,3,60.0,0,I,MELB_URBAN,STREET,3,20.0
117174,4,5,99,5,5,60.0,0,N,MELB_URBAN,ROAD,3,20.0
117175,1,5,121,5,1,80.0,0,N,MELB_URBAN,ROAD,3,17.0
117176,4,5,173,1,3,60.0,0,I,MELB_URBAN,ROAD,3,23.0
117177,1,5,160,5,3,70.0,0,N,MELB_URBAN,ROAD,3,1.0
117178,1,5,99,2,3,60.0,0,N,MELB_URBAN,HIGHWAY,3,4.0
117179,1,6,110,1,6,80.0,0,N,RURAL_VICTORIA,ROAD,3,6.0
117180,4,6,171,5,1,60.0,0,N,MELB_URBAN,STREET,3,8.0
117181,1,5,113,2,1,60.0,0,I,MELB_URBAN,STREET,3,9.0
117182,4,5,171,1,1,50.0,0,I,MELB_URBAN,ROAD,3,14.0
117183,1,3,130,1,1,60.0,0,N,LARGE_PROVINCIAL_CITIES,ROAD,2,19.0
117184,1,5,130,5,1,60.0,0,N,LARGE_PROVINCIAL_CITIES,STREET,3,8.0
117185,1,7,134,5,2,80.0,0,N,MELB_URBAN,HIGHWAY,3,6.0
117186,4,6,99,5,5,110.0,0,N,RURAL_VICTORIA,FREEWAY,3,4.0
117187,1,4,134,5,1,80.0,0,N,MELB_URBAN,ROAD,3,17.0
117188,1,5,121,5,1,60.0,0,N,LARGE_PROVINCIAL_CITIES,ROAD,2,16.0
117189,1,5,130,5,1,80.0,0,N,MELB_URBAN,ROAD,3,9.0
117190,4,6,183,5,1,100.0,0,N,RURAL_VICTORIA,HIGHWAY,3,16.0
117191,1,5,130,5,3,50.0,0,N,MELB_URBAN,STREET,3,21.0
117192,8,6,174,2,1,50.0,0,I,MELB_URBAN,ROAD,2,14.0
117193,1,6,99,1,1,60.0,0,I,MELB_URBAN,HIGHWAY,3,11.0
117194,1,4,99,5,1,100.0,0,N,RURAL_VICTORIA,HIGHWAY,3,16.0
117195,1,6,113,2,1,60.0,0,I,MELB_URBAN,AVENUE,3,8.0
117196,1,5,130,5,1,60.0,0,N,MELB_URBAN,ROAD,3,9.0
117197,1,6,116,2,1,70.0,0,I,MELB_URBAN,ROAD,3,12.0
117198,1,6,113,2,1,60.0,0,I,SMALL_CITIES,STREET,3,9.0
117199,2,6,100,1,1,60.0,0,I,MELB_URBAN,ROAD,3,13.0
117200,1,6,130,5,1,80.0,0,N,TOWNS,STREET,2,9.0
117201,1,5,130,5,1,100.0,0,N,MELB_URBAN,FREEWAY,3,9.0
117202,1,5,160,2,1,60.0,0,I,MELB_URBAN,ROAD,2,11.0
117203,1,2,130,5,9,60.0,0,N,MELB_URBAN,DRIVE,3,17.0
117204,1,7,113,2,1,100.0,0,I,RURAL_VICTORIA,ROAD,3,16.0
117205,1,6,132,2,1,60.0,0,I,MELB_URBAN,ROAD,3,14.0
117206,2,5,100,5,1,40.0,0,N,MELB_URBAN,DRIVE,3,15.0
117207,3,4,167,5,2,60.0,0,N,RURAL_VICTORIA,HIGHWAY,2,6.0
117208,1,2,147,5,1,60.0,0,N,MELB_URBAN,ROAD,3,8.0
117209,1,3,113,2,1,50.0,0,I,TOWNS,STREET,3,15.0
117210,6,6,99,5,1,100.0,0,N,RURAL_VICTORIA,ROAD,3,13.0
117211,1,2,133,1,9,70.0,0,N,MELB_URBAN,ROAD,3,19.0
117212,4,5,171,5,1,100.0,0,N,MELB_URBAN,ROAD,12,15.0
117213,1,6,163,2,1,40.0,0,N,MELB_URBAN,STREET,3,13.0
117214,8,3,174,2,1,60.0,0,I,MELB_URBAN,ROAD,12,17.0
117215,1,4,130,5,1,100.0,0,N,RURAL_VICTORIA,FREEWAY,3,7.0
117216,1,4,134,5,1,100.0,0,N,SMALL_CITIES,HIGHWAY,12,16.0
117217,1,5,113,2,1,100.0,0,I,RURAL_VICTORIA,ROAD,3,17.0
117218,8,2,99,5,1,100.0,0,N,RURAL_VICTORIA,ROAD,3,11.0
117219,4,6,171,5,5,100.0,0,N,RURAL_VICTORIA,ROAD,3,19.0
117220,1,6,121,2,3,70.0,0,I,MELB_URBAN,ROAD,3,20.0
117221,1,6,130,1,1,80.0,0,I,MELB_URBAN,HIGHWAY,3,18.0
117222,2,6,99,5,5,60.0,0,N,MELB_URBAN,ROAD,3,21.0
117223,2,5,99,2,3,50.0,0,I,MELB_URBAN,ROAD,3,21.0
117224,1,6,121,1,3,50.0,0,I,MELB_URBAN,STREET,3,22.0
117225,1,5,130,1,1,60.0,0,I,MELB_URBAN,ROAD,3,10.0
117226,1,7,130,5,3,80.0,1,N,MELB_URBAN,ROAD,3,0.0
117227,4,7,171,5,5,60.0,0,N,LARGE_PROVINCIAL_CITIES,ROAD,3,3.0
117228,4,5,171,5,3,60.0,0,N,MELB_URBAN,ROAD,3,23.0
117229,1,2,160,5,1,60.0,0,N,MELB_URBAN,ROAD,10,14.0
117230,4,7,181,5,5,60.0,1,N,MELB_URBAN,ROAD,3,4.0
117231,4,7,173,5,2,60.0,0,N,MELB_URBAN,ROAD,3,5.0
117232,4,7,171,5,3,60.0,0,N,MELB_URBAN,STREET,3,0.0
117233,1,0,130,5,1,80.0,0,N,SMALL_TOWNS,STREET,3,16.0
117234,1,3,99,2,1,50.0,0,I,MELB_URBAN,ROAD,3,16.0
117235,1,7,110,1,1,80.0,0,I,RURAL_VICTORIA,HIGHWAY,3,8.0
117236,6,7,174,5,1,50.0,0,N,SMALL_CITIES,STREET,2,11.0
117237,1,2,111,2,1,60.0,0,I,MELB_URBAN,ROAD,3,16.0
117238,4,7,181,5,5,80.0,0,N,RURAL_VICTORIA,ROAD,3,23.0
117239,1,3,113,2,3,60.0,0,I,MELB_URBAN,ROAD,12,20.0
117240,1,7,99,1,1,50.0,0,N,MELB_URBAN,PARADE,3,12.0
117241,1,7,130,5,6,40.0,0,N,MELB_URBAN,STREET,3,21.0
117242,1,6,130,1,1,50.0,0,I,MELB_URBAN,DRIVE,3,15.0
117243,2,7,100,1,1,70.0,0,N,MELB_URBAN,ROAD,3,13.0
117244,1,6,120,5,1,80.0,0,N,RURAL_VICTORIA,ROAD,3,12.0
117245,4,7,183,5,1,40.0,0,N,RURAL_VICTORIA,ROAD,3,14.0
117246,1,5,99,1,1,60.0,0,I,TOWNS,HIGHWAY,3,8.0
117247,1,7,132,3,1,80.0,0,N,MELB_URBAN,ROAD,3,14.0
117248,1,6,121,1,1,50.0,0,I,MELB_URBAN,ROAD,3,12.0
117249,4,7,173,3,1,60.0,0,I,LARGE_PROVINCIAL_CITIES,STREET,3,15.0
117250,1,6,163,5,1,40.0,0,N,MELB_URBAN,STREET,3,16.0
117251,4,6,181,5,1,80.0,0,N,RURAL_VICTORIA,HIGHWAY,3,15.0
117252,4,6,171,5,1,50.0,0,N,MELB_URBAN,STREET,3,13.0
117253,1,7,130,2,1,60.0,0,I,TOWNS,STREET,3,16.0
117254,1,7,110,1,1,60.0,1,I,SMALL_CITIES,ROAD,3,14.0
117255,1,6,110,1,1,60.0,0,I,MELB_URBAN,STREET,3,16.0
117256,1,7,99,5,1,80.0,0,N,TOWNS,ROAD,3,17.0
117257,2,6,100,2,1,60.0,0,I,MELB_URBAN,ROAD,3,9.0
117258,1,6,134,5,1,60.0,0,N,MELB_URBAN,STREET,3,17.0
117259,2,7,100,5,1,60.0,0,N,LARGE_PROVINCIAL_CITIES,STREET,3,18.0
117260,1,7,140,5,1,60.0,0,N,MELB_URBAN,ROAD,3,18.0
117261,1,6,130,1,9,40.0,0,N,MELB_URBAN,BOULEVARD,2,8.0
117262,1,7,130,5,1,40.0,0,N,MELB_URBAN,STREET,3,16.0
117263,1,7,110,1,3,50.0,0,I,MELB_URBAN,DRIVE,3,21.0
117264,6,7,174,5,5,100.0,0,N,RURAL_VICTORIA,ROAD,3,21.0
117265,1,6,121,1,3,40.0,0,I,MELB_URBAN,HIGHWAY,3,0.0
117266,4,1,99,2,3,60.0,0,N,MELB_URBAN,STREET,3,3.0
117267,1,6,130,5,9,80.0,0,N,MELB_URBAN,HIGHWAY,3,20.0
117268,1,6,130,5,3,100.0,0,N,MELB_URBAN,FREEWAY,4,5.0
117269,1,5,99,1,1,60.0,0,I,MELB_URBAN,ROAD,3,17.0
117270,1,1,130,5,1,60.0,0,N,MELB_URBAN,STREET,1,14.0
117271,8,1,174,5,1,100.0,0,N,RURAL_VICTORIA,HIGHWAY,3,11.0
117272,1,1,121,1,1,70.0,0,I,MELB_URBAN,OTHER,3,11.0
117273,1,7,163,5,1,40.0,0,N,MELB_URBAN,STREET,3,19.0
117274,1,0,135,5,1,60.0,0,I,MELB_URBAN,ROAD,3,13.0
117275,1,1,99,2,1,50.0,0,I,MELB_URBAN,STREET,3,10.0
117276,1,1,147,5,1,60.0,0,N,MELB_URBAN,DRIVE,3,9.0
117277,1,1,130,1,1,90.0,0,I,MELB_URBAN,FREEWAY,3,11.0
117278,6,0,174,2,1,50.0,0,I,LARGE_PROVINCIAL_CITIES,DRIVE,3,10.0
117279,1,0,110,1,1,60.0,0,I,MELB_URBAN,ROAD,3,10.0
117280,1,1,140,5,1,80.0,0,N,RURAL_VICTORIA,ROAD,3,13.0
117281,1,0,130,1,1,40.0,0,I,MELB_URBAN,STREET,3,15.0
117282,1,6,132,2,1,60.0,0,I,MELB_URBAN,HIGHWAY,2,15.0
117283,1,1,113,2,1,60.0,0,I,RURAL_VICTORIA,ROAD,3,17.0
117284,1,1,110,1,1,60.0,0,I,MELB_URBAN,ROAD,3,17.0
117285,4,1,173,5,1,100.0,1,N,RURAL_VICTORIA,ROAD,3,15.0
117286,1,1,160,5,2,50.0,0,N,MELB_URBAN,ROAD,3,18.0
117287,1,2,160,2,1,40.0,0,I,MELB_URBAN,DRIVE,3,18.0
117288,1,0,110,1,3,50.0,0,I,TOWNS,STREET,3,20.0
117289,4,1,171,5,5,80.0,0,N,RURAL_VICTORIA,ROAD,3,21.0
117290,1,1,111,2,1,60.0,0,I,MELB_URBAN,ROAD,3,16.0
117291,4,0,173,5,3,80.0,0,N,RURAL_VICTORIA,ROAD,3,22.0
117292,1,1,111,1,3,60.0,0,I,MELB_URBAN,STREET,3,23.0
117293,1,2,135,5,1,40.0,0,N,MELB_URBAN,STREET,3,16.0
117294,1,6,121,1,1,80.0,0,I,MELB_URBAN,HIGHWAY,2,18.0
117295,1,4,133,5,1,80.0,0,N,MELB_URBAN,ROAD,3,12.0
117296,1,2,99,2,1,60.0,0,N,MELB_URBAN,STREET,3,9.0
117297,4,2,183,5,2,100.0,0,N,RURAL_VICTORIA,ROAD,3,6.0
117298,1,0,110,1,1,50.0,0,I,MELB_URBAN,OTHER,3,18.0
117299,2,2,99,5,1,50.0,0,N,MELB_URBAN,STREET,3,9.0
117300,1,2,113,2,2,70.0,0,I,MELB_URBAN,ROAD,3,7.0
117301,6,6,99,5,1,100.0,0,N,RURAL_VICTORIA,ROAD,3,11.0
117302,1,2,113,2,1,60.0,0,I,MELB_URBAN,ROAD,3,16.0
117303,1,6,130,2,1,60.0,0,N,MELB_URBAN,ROAD,2,13.0
117304,1,1,113,2,1,50.0,0,I,MELB_URBAN,ROAD,3,9.0
117305,5,0,99,5,1,60.0,0,N,RURAL_VICTORIA,OTHER,2,10.0
117306,1,5,135,5,1,80.0,0,N,MELB_URBAN,FREEWAY,3,13.0
117307,1,1,140,3,1,80.0,0,N,MELB_URBAN,ROAD,3,11.0
117308,5,6,99,5,1,60.0,0,N,RURAL_VICTORIA,ROAD,2,14.0
117309,1,2,147,2,1,60.0,0,I,LARGE_PROVINCIAL_CITIES,ROAD,3,13.0
117310,1,3,130,2,1,80.0,0,I,MELB_URBAN,ROAD,3,15.0
117311,1,2,99,1,3,80.0,1,I,LARGE_PROVINCIAL_CITIES,UNKNOWN,3,6.0
117312,1,4,130,5,1,60.0,0,N,MELB_URBAN,ROAD,3,15.0
117313,1,1,134,1,1,60.0,0,I,LARGE_PROVINCIAL_CITIES,STREET,3,13.0
117314,4,1,171,2,1,60.0,0,N,MELB_URBAN,ROAD,3,14.0
117315,1,4,130,1,1,80.0,0,I,MELB_URBAN,ROAD,2,13.0
117316,1,1,130,5,1,100.0,0,N,MELB_URBAN,FREEWAY,3,13.0
117317,2,1,102,5,3,50.0,0,N,SMALL_CITIES,STREET,3,2.0
117318,1,4,130,5,1,60.0,0,N,MELB_URBAN,HIGHWAY,3,17.0
117319,4,1,181,5,1,100.0,0,N,RURAL_VICTORIA,HIGHWAY,3,15.0
117320,2,2,100,9,1,50.0,1,I,LARGE_PROVINCIAL_CITIES,AVENUE,3,12.0
117321,1,5,163,5,3,50.0,0,N,MELB_URBAN,STREET,3,22.0
117322,1,1,160,5,1,50.0,0,N,MELB_URBAN,ROAD,3,15.0
117323,1,2,133,5,1,80.0,0,N,MELB_URBAN,ROAD,9,13.0
117324,1,2,130,5,1,80.0,0,N,MELB_URBAN,HIGHWAY,3,8.0
117325,1,2,160,5,1,60.0,0,N,MELB_URBAN,ROAD,3,14.0
117326,1,2,147,5,1,80.0,0,N,MELB_URBAN,ROAD,3,15.0
117327,1,0,163,5,3,40.0,0,N,MELB_URBAN,STREET,3,22.0
117328,1,2,99,1,1,100.0,0,N,SMALL_TOWNS,STREET,3,16.0
117329,1,2,120,5,1,60.0,0,N,MELB_URBAN,ROAD,3,16.0
117330,1,1,133,5,1,60.0,0,N,MELB_URBAN,STREET,3,17.0
117331,2,1,100,1,3,60.0,0,I,MELB_URBAN,STREET,3,21.0
117332,1,2,116,1,2,70.0,0,I,LARGE_PROVINCIAL_CITIES,STREET,3,19.0
117333,2,1,100,2,1,50.0,0,I,MELB_URBAN,ROAD,3,14.0
117334,1,3,116,2,9,60.0,0,I,MELB_URBAN,ROAD,3,7.0
117335,1,2,110,1,1,40.0,0,I,MELB_URBAN,STREET,2,17.0
117336,1,2,160,5,1,50.0,0,N,MELB_URBAN,ROAD,3,15.0
117337,1,1,111,1,1,50.0,0,I,MELB_URBAN,ROAD,3,8.0
117338,1,2,113,2,1,50.0,0,I,MELB_URBAN,ROAD,3,19.0
117339,1,2,133,1,1,60.0,0,N,MELB_URBAN,DRIVE,3,18.0
117340,1,2,110,1,1,80.0,0,N,MELB_URBAN,AVENUE,3,17.0
117341,1,2,113,2,2,80.0,0,I,RURAL_VICTORIA,ROAD,3,20.0
117342,1,2,132,2,1,60.0,0,I,MELB_URBAN,ROAD,3,18.0
117343,1,2,110,1,3,50.0,0,I,MELB_URBAN,STREET,3,21.0
117344,1,2,113,1,3,60.0,0,I,MELB_URBAN,ROAD,3,20.0
117345,1,2,130,1,1,60.0,0,I,MELB_URBAN,STREET,3,9.0
117346,4,3,171,5,3,60.0,0,N,RURAL_VICTORIA,HIGHWAY,3,0.0
117347,1,4,130,5,1,80.0,0,N,RURAL_VICTORIA,ROAD,2,15.0
117348,1,2,121,1,3,60.0,0,I,MELB_URBAN,ROAD,3,5.0
117349,1,3,130,5,2,40.0,0,N,MELB_URBAN,STREET,3,5.0
117350,1,3,121,1,3,80.0,0,N,MELB_URBAN,ROAD,3,4.0
117351,1,2,130,5,1,60.0,0,N,MELB_URBAN,ROAD,3,12.0
117352,1,3,116,2,1,60.0,0,I,SMALL_CITIES,PARADE,3,6.0
117353,1,3,113,2,3,60.0,1,I,MELB_URBAN,ROAD,3,4.0
117354,1,3,130,2,2,80.0,0,I,TOWNS,ROAD,3,7.0
117355,3,2,167,2,2,100.0,0,N,RURAL_VICTORIA,ROAD,3,6.0
117356,8,4,174,5,1,60.0,0,N,RURAL_VICTORIA,ROAD,3,12.0
117357,1,3,130,5,1,110.0,0,N,RURAL_VICTORIA,FREEWAY,3,7.0
117358,1,1,130,5,1,100.0,0,N,MELB_URBAN,FREEWAY,1,6.0
117359,1,3,116,2,1,60.0,0,I,MELB_URBAN,AVENUE,3,18.0
117360,6,3,174,5,1,110.0,0,N,SMALL_CITIES,RAMP,3,8.0
117361,1,3,99,1,1,60.0,0,I,MELB_URBAN,STREET,3,9.0
117362,8,3,170,5,1,60.0,0,N,MELB_URBAN,ROAD,3,8.0
117363,1,3,113,2,1,60.0,0,I,MELB_URBAN,STREET,3,9.0
117364,1,3,147,5,1,60.0,0,N,SMALL_CITIES,ROAD,3,8.0
117365,2,1,100,1,6,60.0,0,I,MELB_URBAN,ROAD,3,19.0
117366,1,3,135,5,1,60.0,0,N,MELB_URBAN,STREET,3,9.0
117367,6,2,99,1,1,60.0,0,N,RURAL_VICTORIA,OTHER,3,10.0