,accident_type,day_of_week,dca_code,road_geometry,light_condition,speed_zone,severity,node_type,deg_urban_name,road_type,month,hour
117368,1,5,134,5,9,80.0,0,N,RURAL_VICTORIA,RAMP,2,23.0
117369,1,2,110,1,1,60.0,0,I,SMALL_CITIES,STREET,3,9.0
117370,1,3,99,5,1,50.0,0,N,SMALL_CITIES,STREET,3,10.0
117371,1,1,130,5,1,100.0,0,N,MELB_URBAN,UNKNOWN,3,7.0
117372,1,4,130,5,1,80.0,0,N,MELB_URBAN,FREEWAY,3,16.0
117373,1,3,130,5,1,100.0,0,N,MELB_URBAN,FREEWAY,3,7.0
117374,4,6,171,5,1,60.0,0,N,RURAL_VICTORIA,OTHER,2,14.0
117375,1,3,135,1,1,50.0,0,I,MELB_URBAN,ROAD,3,9.0
117376,2,5,102,5,1,60.0,0,N,MELB_URBAN,ROAD,2,12.0
117377,1,7,147,5,1,50.0,0,N,MELB_URBAN,ROAD,3,8.0
117378,1,1,130,5,9,60.0,0,N,MELB_URBAN,ROAD,2,8.0
117379,2,3,99,1,1,50.0,0,I,LARGE_PROVINCIAL_CITIES,STREET,3,9.0
117380,1,3,113,2,1,60.0,0,I,MELB_URBAN,ROAD,3,12.0
117381,4,3,173,5,1,100.0,0,N,RURAL_VICTORIA,HIGHWAY,3,11.0
117382,1,6,130,1,1,60.0,0,I,MELB_URBAN,ROAD,3,15.0
117383,2,3,100,5,1,40.0,0,N,LARGE_PROVINCIAL_CITIES,STREET,3,8.0
117384,1,3,135,5,1,60.0,0,N,MELB_URBAN,ROAD,3,10.0
117385,1,3,99,5,1,40.0,0,N,LARGE_PROVINCIAL_CITIES,STREET,3,12.0
117386,3,1,167,5,5,80.0,0,N,RURAL_VICTORIA,ROAD,3,21.0
117387,1,3,121,1,1,40.0,0,I,MELB_URBAN,ROAD,3,13.0
117388,1,3,130,5,1,80.0,0,N,MELB_URBAN,ROAD,3,14.0
117389,9,5,99,5,1,100.0,0,N,RURAL_VICTORIA,ROAD,3,19.0
117390,1,3,113,2,1,60.0,0,I,MELB_URBAN,ROAD,3,8.0
117391,1,1,163,5,9,60.0,0,N,MELB_URBAN,ROAD,3,15.0
117392,1,3,160,5,1,80.0,0,N,RURAL_VICTORIA,HIGHWAY,3,14.0
117393,6,3,170,5,1,80.0,0,N,RURAL_VICTORIA,ROAD,3,9.0
117394,1,3,99,2,1,50.0,0,I,MELB_URBAN,DRIVE,3,8.0
117395,1,3,110,1,1,60.0,0,I,LARGE_PROVINCIAL_CITIES,STREET,3,15.0
117396,1,6,130,5,9,50.0,0,N,MELB_URBAN,ROAD,3,16.0
117397,1,3,132,5,1,80.0,0,N,RURAL_VICTORIA,HIGHWAY,3,15.0
117398,1,2,130,5,1,80.0,0,N,MELB_URBAN,HIGHWAY,3,15.0
117399,1,3,120,5,1,70.0,0,N,MELB_URBAN,HIGHWAY,3,14.0
117400,1,3,121,1,1,60.0,0,I,MELB_URBAN,ROAD,3,15.0
117401,1,3,121,2,1,80.0,0,I,RURAL_VICTORIA,ROAD,3,11.0
117402,1,2,160,5,1,50.0,0,N,MELB_URBAN,STREET,3,18.0
117403,1,6,132,2,1,60.0,0,N,MELB_URBAN,STREET,3,18.0
117404,2,3,102,2,3,60.0,0,N,MELB_URBAN,STREET,3,20.0
117405,1,3,110,1,3,60.0,0,I,LARGE_PROVINCIAL_CITIES,STREET,3,20.0
117406,4,3,173,5,1,110.0,0,N,RURAL_VICTORIA,FREEWAY,3,16.0
117407,1,3,120,5,1,100.0,1,N,RURAL_VICTORIA,HIGHWAY,3,16.0
117408,4,3,171,5,5,100.0,0,N,RURAL_VICTORIA,ROAD,3,21.0
117409,1,5,121,1,3,70.0,0,I,MELB_URBAN,ROAD,3,7.0
117410,4,6,171,5,1,50.0,0,N,LARGE_PROVINCIAL_CITIES,OTHER,2,15.0
117411,1,3,134,5,1,60.0,0,N,MELB_URBAN,STREET,3,17.0
117412,1,3,134,5,2,80.0,0,N,MELB_URBAN,OTHER,3,5.0
117413,4,4,173,5,3,60.0,0,N,MELB_URBAN,ROAD,3,0.0
117414,4,2,173,5,5,50.0,0,O,RURAL_VICTORIA,UNKNOWN,3,23.0
117415,1,3,99,2,3,60.0,0,N,MELB_URBAN,STREET,3,21.0
117416,1,3,121,1,3,60.0,0,I,MELB_URBAN,ROAD,3,23.0
117417,1,4,135,5,3,100.0,0,N,MELB_URBAN,ROAD,3,5.0
117418,1,4,135,5,2,60.0,0,N,MELB_URBAN,ROAD,3,18.0
117419,1,5,110,1,1,50.0,0,I,MELB_URBAN,STREET,2,14.0
117420,2,3,99,1,2,60.0,0,I,MELB_URBAN,STREET,3,7.0
117421,4,6,171,5,1,80.0,0,N,MELB_URBAN,ROAD,2,15.0
117422,1,4,110,1,1,80.0,0,I,MELB_URBAN,ROAD,3,10.0
117423,4,6,171,5,1,80.0,0,N,LARGE_PROVINCIAL_CITIES,ROAD,3,10.0
117424,1,3,160,5,3,50.0,0,N,MELB_URBAN,STREET,3,6.0
117425,1,4,99,2,1,60.0,0,I,MELB_URBAN,ROAD,3,8.0
117426,1,2,130,1,1,50.0,0,I,MELB_URBAN,ROAD,3,14.0
117427,1,3,99,1,1,60.0,0,I,MELB_URBAN,HIGHWAY,3,17.0
117428,1,3,130,4,1,100.0,0,N,MELB_URBAN,FREEWAY,3,7.0
117429,1,4,121,2,2,60.0,0,I,MELB_URBAN,STREET,3,7.0
117430,1,3,111,2,1,50.0,0,I,MELB_URBAN,STREET,3,14.0
117431,1,4,160,5,1,50.0,0,N,TOWNS,STREET,3,8.0
117432,8,7,184,5,1,60.0,0,N,RURAL_VICTORIA,OTHER,3,14.0
117433,6,3,174,5,1,60.0,0,N,RURAL_VICTORIA,ROAD,3,14.0
117434,1,4,99,2,3,60.0,1,I,MELB_URBAN,ROAD,3,5.0
117435,2,7,99,2,1,60.0,0,I,RURAL_VICTORIA,ROAD,2,11.0
117436,1,3,121,1,1,60.0,0,N,MELB_URBAN,ROAD,3,15.0
117437,1,5,110,1,1,60.0,0,N,MELB_URBAN,ROAD,2,9.0
117438,1,5,130,5,1,60.0,0,N,MELB_URBAN,ROAD,2,16.0
117439,2,4,100,5,1,80.0,0,N,MELB_URBAN,ROAD,3,16.0
117440,1,0,99,5,1,60.0,0,I,MELB_URBAN,ROAD,3,13.0
117441,1,4,130,5,1,60.0,0,N,MELB_URBAN,ROAD,3,15.0
117442,4,4,99,1,1,100.0,0,I,RURAL_VICTORIA,ROAD,3,16.0
117443,4,3,181,5,1,100.0,0,N,RURAL_VICTORIA,ROAD,3,14.0
117444,1,4,99,5,1,50.0,0,N,LARGE_PROVINCIAL_CITIES,AVENUE,3,16.0
117445,1,4,135,5,1,60.0,1,N,MELB_URBAN,ROAD,3,13.0
117446,1,3,113,2,1,80.0,0,I,RURAL_VICTORIA,ROAD,3,14.0
117447,1,4,130,5,1,100.0,0,N,MELB_URBAN,FREEWAY,11,9.0
117448,4,4,171,1,2,50.0,0,I,MELB_URBAN,STREET,3,18.0
117449,1,4,99,2,1,40.0,0,N,MELBOURNE_CBD,STREET,3,15.0
117450,1,3,110,1,1,60.0,0,I,SMALL_CITIES,STREET,3,17.0
117451,1,7,160,5,6,50.0,0,N,MELB_URBAN,STREET,2,21.0
117452,1,4,160,5,3,50.0,0,N,MELB_URBAN,BOULEVARD,3,22.0
117453,1,4,113,1,3,80.0,0,I,MELB_URBAN,HIGHWAY,3,23.0
117454,4,4,183,5,5,100.0,0,N,RURAL_VICTORIA,ROAD,3,23.0
117455,1,4,99,1,3,60.0,0,I,MELB_URBAN,STREET,3,21.0
117456,1,2,130,2,1,60.0,0,I,MELB_URBAN,ROAD,3,14.0
117457,1,2,163,5,9,60.0,0,N,MELB_URBAN,ROAD,3,17.0
117458,6,0,99,5,1,100.0,0,N,RURAL_VICTORIA,ROAD,3,16.0
117459,1,4,99,1,2,40.0,0,I,LARGE_PROVINCIAL_CITIES,STREET,3,18.0
117460,1,4,130,5,1,110.0,0,N,SMALL_CITIES,RAMP,3,8.0
117461,6,7,174,5,1,60.0,0,N,RURAL_VICTORIA,OTHER,2,12.0
117462,1,5,113,1,1,70.0,0,I,MELB_URBAN,ROAD,3,10.0
117463,1,5,121,1,1,80.0,0,I,MELB_URBAN,ROAD,3,8.0
117464,6,6,99,5,1,60.0,0,N,RURAL_VICTORIA,OTHER,11,14.0
117465,2,4,100,5,1,50.0,0,N,SMALL_CITIES,STREET,3,8.0
117466,1,4,130,5,1,80.0,0,N,RURAL_VICTORIA,FREEWAY,3,9.0
117467,1,5,110,1,1,70.0,0,I,SMALL_CITIES,ROAD,3,12.0
117468,1,5,110,1,1,50.0,0,I,SMALL_CITIES,STREET,3,9.0
117469,1,5,121,2,1,60.0,0,I,MELB_URBAN,STREET,3,12.0
117470,1,2,140,5,3,60.0,0,N,MELB_URBAN,ROAD,2,21.0
117471,2,0,102,5,3,60.0,0,N,MELB_URBAN,ROAD,3,20.0
117472,1,4,110,1,1,60.0,0,I,MELB_URBAN,HIGHWAY,3,12.0
117473,1,2,130,1,1,80.0,0,I,MELB_URBAN,ROAD,3,10.0
117474,6,5,99,5,1,100.0,0,N,RURAL_VICTORIA,ROAD,3,12.0
117475,1,1,121,1,3,60.0,0,I,MELB_URBAN,STREET,3,21.0
117476,1,5,147,5,1,50.0,0,N,SMALL_CITIES,STREET,3,15.0
117477,1,4,132,1,1,50.0,0,I,LARGE_PROVINCIAL_CITIES,STREET,2,17.0
117478,1,1,120,3,3,50.0,0,N,MELB_URBAN,DRIVE,3,0.0
117479,1,5,110,1,1,100.0,0,I,RURAL_VICTORIA,HIGHWAY,3,11.0
117480,1,2,116,2,1,60.0,0,N,MELB_URBAN,ROAD,3,9.0
117481,1,7,130,5,1,60.0,0,N,MELB_URBAN,ROAD,2,14.0
117482,1,4,130,5,1,80.0,0,N,MELB_URBAN,HIGHWAY,3,16.0
117483,1,3,130,5,1,60.0,0,N,MELB_URBAN,ROAD,3,14.0
117484,1,5,99,1,1,60.0,0,I,LARGE_PROVINCIAL_CITIES,STREET,3,16.0
117485,1,4,133,2,1,80.0,0,I,MELB_URBAN,ROAD,3,16.0
117486,4,5,183,5,1,60.0,0,N,MELB_URBAN,UNKNOWN,3,17.0
117487,1,5,132,2,1,80.0,0,I,SMALL_CITIES,DRIVE,3,17.0
117488,1,5,135,5,1,80.0,0,N,MELB_URBAN,FREEWAY,3,15.0
117489,4,3,183,5,1,80.0,0,N,RURAL_VICTORIA,ROAD,3,7.0
117490,1,4,120,5,1,60.0,0,N,MELB_URBAN,STREET,3,17.0
117491,1,3,121,1,1,80.0,0,I,TOWNS,HIGHWAY,2,16.0
117492,1,5,134,3,9,100.0,0,I,MELB_URBAN,FREEWAY,3,13.0
117493,1,5,113,1,3,60.0,0,I,MELB_URBAN,STREET,3,19.0
117494,2,5,99,5,2,50.0,0,N,MELB_URBAN,DRIVE,3,19.0
117495,4,5,99,2,5,60.0,0,I,RURAL_VICTORIA,ROAD,3,21.0
117496,6,3,174,5,9,60.0,0,N,MELB_URBAN,ROAD,3,17.0
117497,1,5,147,5,3,40.0,0,N,MELB_URBAN,ROAD,3,22.0
117498,4,5,183,2,3,60.0,0,I,SMALL_TOWNS,ROAD,3,23.0
117499,4,5,181,5,5,80.0,0,N,RURAL_VICTORIA,ROAD,3,22.0
117500,1,6,160,5,3,50.0,0,N,MELB_URBAN,STREET,3,6.0
117501,1,6,121,2,1,60.0,0,I,MELB_URBAN,STREET,3,15.0
117502,1,6,113,4,3,60.0,0,I,MELB_URBAN,ROAD,3,6.0
117503,2,3,100,5,1,50.0,0,N,TOWNS,HIGHWAY,3,10.0
117504,1,6,140,5,2,60.0,0,N,MELB_URBAN,STREET,3,6.0
117505,1,6,121,1,1,50.0,0,I,MELB_URBAN,STREET,3,6.0
117506,1,3,99,2,1,40.0,0,N,MELB_URBAN,ROAD,3,15.0
117507,2,6,100,2,6,60.0,0,I,MELB_URBAN,ROAD,3,5.0
117508,4,0,181,5,1,60.0,0,O,TOWNS,UNKNOWN,3,10.0
117509,1,6,135,5,1,100.0,0,N,MELB_URBAN,ROAD,3,16.0
117510,1,1,99,5,1,50.0,0,N,LARGE_PROVINCIAL_CITIES,STREET,3,17.0
117511,1,2,135,5,1,100.0,0,N,MELB_URBAN,FREEWAY,2,7.0
117512,1,7,121,1,1,60.0,0,I,LARGE_PROVINCIAL_CITIES,ROAD,3,11.0
117513,4,6,173,5,1,60.0,0,N,RURAL_VICTORIA,ROAD,3,17.0
117514,2,6,99,5,1,60.0,0,O,MELB_URBAN,UNKNOWN,3,16.0
117515,1,3,110,1,1,50.0,0,I,MELB_URBAN,STREET,3,18.0
117516,1,5,99,5,1,60.0,0,N,MELB_URBAN,HIGHWAY,3,14.0
117517,1,6,110,1,1,60.0,0,I,MELB_URBAN,ROAD,3,7.0
117518,1,6,120,1,1,50.0,0,I,SMALL_CITIES,AVENUE,3,13.0
117519,1,6,147,5,1,60.0,0,N,MELB_URBAN,ROAD,3,14.0
117520,1,4,110,1,3,60.0,0,I,MELB_URBAN,ROAD,3,20.0
117521,4,6,171,5,1,110.0,0,N,RURAL_VICTORIA,HIGHWAY,3,10.0
117522,6,7,184,2,1,50.0,0,I,MELB_URBAN,ROAD,3,12.0
117523,1,5,99,1,1,50.0,0,I,MELB_URBAN,ROAD,3,8.0
117524,1,5,110,1,1,60.0,0,I,RURAL_VICTORIA,ROAD,3,12.0
117525,1,5,130,2,1,60.0,0,I,MELB_URBAN,ROAD,3,14.0
117526,5,6,99,5,1,100.0,0,N,RURAL_VICTORIA,FREEWAY,3,9.0
117527,4,5,181,5,1,80.0,0,N,RURAL_VICTORIA,ROAD,3,16.0
117528,4,6,171,5,1,100.0,0,N,RURAL_VICTORIA,HIGHWAY,3,16.0
117529,1,5,132,2,3,50.0,0,I,MELB_URBAN,ROAD,3,22.0
117530,1,5,147,5,9,60.0,0,N,MELB_URBAN,DRIVE,3,18.0
117531,1,4,130,1,1,60.0,0,I,MELB_URBAN,ROAD,2,18.0
117532,6,5,99,2,1,100.0,0,I,RURAL_VICTORIA,ROAD,3,15.0
117533,1,2,121,2,1,40.0,0,I,MELB_URBAN,STREET,3,16.0
117534,1,3,110,1,3,50.0,0,I,MELB_URBAN,STREET,3,23.0
117535,2,6,100,5,5,60.0,0,N,MELB_URBAN,STREET,3,20.0
117536,4,7,171,2,3,60.0,0,I,MELB_URBAN,ROAD,3,3.0
117537,4,7,171,5,5,100.0,1,N,RURAL_VICTORIA,ROAD,3,1.0
117538,1,7,110,1,3,60.0,0,I,SMALL_CITIES,ROAD,3,6.0
117539,4,1,171,5,1,50.0,0,N,SMALL_TOWNS,STREET,1,15.0
117540,1,7,110,1,3,60.0,0,I,MELB_URBAN,ROAD,3,6.0
117541,1,2,99,2,1,60.0,0,I,MELB_URBAN,AVENUE,3,7.0
117542,6,7,99,5,1,80.0,0,N,RURAL_VICTORIA,ROAD,3,10.0
117543,1,7,113,2,1,80.0,0,I,MELB_URBAN,ROAD,3,11.0
117544,1,7,99,5,1,80.0,0,N,RURAL_VICTORIA,ROAD,3,12.0
117545,2,7,100,5,1,60.0,0,N,LARGE_PROVINCIAL_CITIES,ROAD,3,13.0
117546,1,7,110,1,1,80.0,0,N,RURAL_VICTORIA,ROAD,3,13.0
117547,1,7,147,5,1,80.0,1,N,RURAL_VICTORIA,HIGHWAY,3,12.0
117548,1,7,121,2,1,60.0,0,I,SMALL_CITIES,ROAD,3,13.0
117549,2,6,99,3,1,60.0,0,I,SMALL_CITIES,STREET,3,7.0
117550,4,7,183,5,1,60.0,0,N,RURAL_VICTORIA,ROAD,3,11.0
117551,7,7,99,5,9,60.0,0,N,MELB_URBAN,STREET,3,2.0
117552,1,6,160,5,1,60.0,0,N,MELB_URBAN,OTHER,3,17.0
117553,1,7,99,5,1,50.0,0,N,RURAL_VICTORIA,ROAD,3,11.0
117554,1,6,121,4,1,80.0,0,I,MELB_URBAN,HIGHWAY,3,11.0
117555,1,7,132,2,1,70.0,0,I,MELB_URBAN,ROAD,3,15.0
117556,1,7,113,2,1,60.0,0,I,MELB_URBAN,ROAD,3,15.0
117557,4,7,173,5,1,50.0,0,N,MELB_URBAN,PARADE,3,14.0
117558,1,6,113,2,2,70.0,0,I,MELB_URBAN,ROAD,3,18.0
117559,4,7,183,5,1,80.0,0,N,RURAL_VICTORIA,ROAD,3,14.0
117560,4,7,171,1,1,60.0,0,I,SMALL_CITIES,DRIVE,3,16.0
117561,1,6,130,5,1,100.0,0,N,RURAL_VICTORIA,FREEWAY,3,16.0
117562,1,7,140,5,1,110.0,0,N,RURAL_VICTORIA,FREEWAY,3,13.0
117563,6,7,174,5,1,60.0,0,N,RURAL_VICTORIA,ROAD,3,18.0
117564,2,7,100,5,3,60.0,0,N,LARGE_PROVINCIAL_CITIES,AVENUE,3,20.0
117565,1,7,110,1,1,50.0,0,I,MELB_URBAN,STREET,3,19.0
117566,1,6,173,5,3,70.0,0,N,MELB_URBAN,ROAD,3,21.0
117567,1,7,130,2,1,80.0,0,I,MELB_URBAN,ROAD,3,16.0
117568,1,6,121,1,3,40.0,0,I,MELB_URBAN,STREET,3,21.0
117569,2,7,99,5,4,50.0,0,N,MELB_URBAN,OTHER,3,22.0
117570,4,1,181,2,3,70.0,0,I,MELB_URBAN,HIGHWAY,3,3.0
117571,1,1,110,1,3,70.0,0,I,LARGE_PROVINCIAL_CITIES,HIGHWAY,3,0.0
117572,1,7,121,1,3,80.0,0,N,MELB_URBAN,HIGHWAY,3,6.0
117573,1,0,120,5,2,50.0,0,N,MELB_URBAN,DRIVE,3,6.0
117574,4,7,173,2,1,40.0,1,I,SMALL_CITIES,STREET,3,19.0
117575,4,1,171,5,3,60.0,0,N,LARGE_PROVINCIAL_CITIES,ROAD,3,5.0
117576,3,6,167,5,1,100.0,0,N,RURAL_VICTORIA,ROAD,12,18.0
117577,1,5,120,5,1,60.0,0,N,MELB_URBAN,ROAD,3,17.0
117578,1,2,110,1,3,60.0,0,I,MELB_URBAN,PARADE,2,0.0
117579,1,2,99,2,1,60.0,0,N,MELB_URBAN,ROAD,2,8.0
117580,1,1,110,1,1,40.0,0,I,TOWNS,STREET,3,9.0
117581,1,1,113,1,1,60.0,0,I,MELB_URBAN,ROAD,3,10.0
117582,2,5,102,5,1,50.0,0,N,SMALL_CITIES,STREET,3,13.0
117583,1,0,110,1,1,60.0,0,I,SMALL_CITIES,DRIVE,3,9.0
117584,4,1,171,3,1,60.0,0,I,RURAL_VICTORIA,ROAD,3,11.0
117585,4,1,183,5,1,100.0,0,N,RURAL_VICTORIA,ROAD,3,11.0
117586,1,0,121,2,1,60.0,0,I,MELB_URBAN,ROAD,3,7.0
117587,6,1,184,5,1,100.0,0,N,RURAL_VICTORIA,ROAD,3,11.0
117588,1,1,110,1,1,80.0,0,I,SMALL_TOWNS,ROAD,3,14.0
117589,1,1,99,1,1,60.0,0,I,MELB_URBAN,ROAD,3,12.0
117590,8,7,99,5,1,100.0,0,N,RURAL_VICTORIA,ROAD,3,11.0
117591,1,4,130,1,1,60.0,0,N,MELB_URBAN,ROAD,3,17.0
117592,6,4,174,5,1,60.0,0,N,MELB_URBAN,ROAD,3,14.0
117593,1,1,120,5,1,50.0,0,N,RURAL_VICTORIA,ROAD,3,16.0
117594,4,1,173,5,1,50.0,0,N,MELB_URBAN,ROAD,3,14.0
117595,1,1,113,2,1,80.0,0,I,MELB_URBAN,HIGHWAY,3,16.0
117596,1,1,116,2,2,80.0,0,I,MELB_URBAN,ROAD,3,20.0
117597,4,1,171,4,3,60.0,0,I,MELB_URBAN,HIGHWAY,3,22.0
117598,4,2,173,5,5,80.0,0,N,RURAL_VICTORIA,ROAD,3,5.0
117599,4,5,171,5,5,80.0,0,N,MELB_URBAN,ROAD,2,22.0
117600,1,1,121,2,1,80.0,0,I,MELB_URBAN,HIGHWAY,3,11.0
117601,4,1,173,5,1,80.0,0,N,RURAL_VICTORIA,ROAD,3,14.0
117602,5,7,99,2,1,50.0,0,I,RURAL_VICTORIA,ROAD,2,10.0
117603,1,0,121,1,1,60.0,0,I,MELB_URBAN,ROAD,3,20.0
117604,8,5,99,5,1,80.0,0,N,RURAL_VICTORIA,ROAD,2,18.0
117605,1,1,130,5,1,80.0,0,N,RURAL_VICTORIA,ROAD,3,7.0
117606,3,2,167,5,1,80.0,0,N,RURAL_VICTORIA,OTHER,3,15.0
117607,1,1,163,5,1,40.0,0,N,MELB_URBAN,PARADE,3,9.0
117608,2,2,100,5,1,50.0,0,N,MELB_URBAN,ROAD,3,11.0
117609,8,7,174,2,1,50.0,0,I,SMALL_CITIES,STREET,3,15.0
117610,6,7,174,9,2,60.0,0,N,MELB_URBAN,ROAD,2,6.0
117611,2,2,99,5,1,50.0,0,N,SMALL_CITIES,OTHER,3,12.0
117612,6,4,174,2,6,60.0,0,N,MELB_URBAN,ROAD,3,22.0
117613,2,1,99,5,1,40.0,0,N,LARGE_PROVINCIAL_CITIES,STREET,3,13.0
117614,1,2,121,5,1,60.0,0,N,MELB_URBAN,HIGHWAY,3,12.0
117615,1,2,140,1,1,50.0,0,I,MELBOURNE_CBD,STREET,3,10.0
117616,8,1,99,2,1,100.0,0,I,RURAL_VICTORIA,HIGHWAY,3,10.0
117617,1,2,113,2,1,80.0,0,I,MELB_URBAN,HIGHWAY,3,14.0
117618,8,7,184,5,1,60.0,0,N,RURAL_VICTORIA,ROAD,3,15.0
117619,2,1,100,5,1,50.0,0,N,MELB_URBAN,AVENUE,3,15.0
117620,1,2,110,1,1,60.0,0,I,SMALL_CITIES,ROAD,3,16.0
117621,1,0,111,2,1,70.0,0,I,MELB_URBAN,BOULEVARD,3,7.0
117622,1,1,134,2,1,40.0,0,N,MELBOURNE_CBD,STREET,3,15.0
117623,1,2,121,2,1,60.0,0,I,MELB_URBAN,RAMP,3,17.0
117624,6,1,174,2,1,60.0,0,I,MELB_URBAN,ROAD,9,16.0
117625,1,5,130,5,1,100.0,0,N,MELB_URBAN,FREEWAY,2,10.0
117626,1,1,130,5,1,80.0,0,N,MELB_URBAN,FREEWAY,3,17.0
117627,8,0,99,5,1,60.0,0,N,RURAL_VICTORIA,ROAD,3,16.0
117628,2,2,102,1,1,40.0,0,I,MELB_URBAN,STREET,3,15.0
117629,1,3,130,1,9,100.0,0,I,MELB_URBAN,ROAD,3,7.0
117630,4,2,171,5,3,50.0,0,N,SMALL_CITIES,STREET,3,20.0
117631,4,2,171,5,1,100.0,0,N,RURAL_VICTORIA,ROAD,3,17.0
117632,1,5,120,5,2,80.0,0,N,RURAL_VICTORIA,HIGHWAY,9,16.0
117633,1,2,121,1,3,60.0,0,I,MELB_URBAN,HIGHWAY,3,20.0
117634,1,1,130,5,9,80.0,0,N,MELB_URBAN,HIGHWAY,3,14.0
117635,8,2,174,2,3,60.0,0,I,MELB_URBAN,ROAD,3,20.0
117636,2,6,99,5,9,40.0,0,N,MELB_URBAN,STREET,3,7.0
117637,1,2,130,1,9,50.0,0,I,LARGE_PROVINCIAL_CITIES,STREET,2,4.0
117638,1,2,130,5,1,40.0,0,N,MELB_URBAN,ROAD,2,8.0
117639,1,3,110,1,1,60.0,0,I,SMALL_CITIES,STREET,3,9.0
117640,1,3,140,5,1,50.0,0,N,MELB_URBAN,STREET,3,9.0
117641,1,3,130,5,1,60.0,0,N,MELB_URBAN,ROAD,3,14.0
117642,6,4,184,2,2,60.0,0,I,RURAL_VICTORIA,STREET,3,17.0
117643,3,2,167,5,9,110.0,0,N,RURAL_VICTORIA,FREEWAY,3,1.0
117644,1,2,121,1,1,60.0,0,I,MELB_URBAN,UNKNOWN,3,8.0
117645,1,3,130,1,1,80.0,0,I,MELB_URBAN,HIGHWAY,3,10.0
117646,6,0,99,2,9,60.0,0,I,TOWNS,AVENUE,3,6.0
117647,1,3,99,2,1,60.0,0,I,MELB_URBAN,ROAD,3,18.0
117648,1,0,130,1,1,60.0,0,N,MELB_URBAN,HIGHWAY,12,16.0
117649,1,3,111,1,1,80.0,0,I,RURAL_VICTORIA,ROAD,3,14.0
117650,1,3,99,2,1,60.0,0,I,MELB_URBAN,AVENUE,3,16.0
117651,1,4,160,5,3,50.0,0,N,MELB_URBAN,STREET,3,1.0
117652,1,4,133,1,5,80.0,0,N,MELB_URBAN,ROAD,3,2.0
117653,4,4,99,2,3,60.0,0,I,MELB_URBAN,ROAD,3,2.0
117654,1,5,130,5,2,60.0,0,N,MELB_URBAN,STREET,3,6.0
117655,1,3,121,2,1,60.0,0,I,MELB_URBAN,ROAD,3,11.0
117656,2,4,99,5,5,100.0,0,N,RURAL_VICTORIA,ROAD,3,7.0
117657,1,4,121,2,1,60.0,0,I,MELB_URBAN,ROAD,3,9.0
117658,1,4,173,2,1,50.0,0,I,MELB_URBAN,AVENUE,3,10.0
117659,2,4,99,5,1,40.0,0,N,MELB_URBAN,DRIVE,3,11.0
117660,1,1,130,5,1,100.0,0,N,MELB_URBAN,FREEWAY,3,7.0
117661,2,7,99,3,5,60.0,0,I,MELB_URBAN,AVENUE,2,20.0
117662,1,3,99,5,1,50.0,0,N,MELB_URBAN,OTHER,3,17.0
117663,4,2,173,5,9,60.0,0,N,RURAL_VICTORIA,ROAD,3,19.0
117664,7,0,99,5,2,50.0,0,N,TOWNS,STREET,3,17.0
117665,1,4,130,1,1,60.0,0,I,MELB_URBAN,DRIVE,3,14.0
117666,1,0,116,2,9,50.0,0,N,MELB_URBAN,STREET,3,21.0
117667,1,3,99,1,2,60.0,0,I,MELB_URBAN,DRIVE,3,6.0
117668,8,1,99,5,1,60.0,0,N,RURAL_VICTORIA,ROAD,3,10.0
117669,1,3,121,1,1,50.0,0,I,MELB_URBAN,DRIVE,3,14.0
117670,2,4,100,2,1,40.0,0,I,SMALL_CITIES,STREET,3,14.0
117671,4,3,171,5,1,80.0,0,N,RURAL_VICTORIA,ROAD,3,14.0
117672,1,4,140,5,1,60.0,0,N,MELB_URBAN,ROAD,3,12.0
117673,1,3,130,5,1,70.0,0,N,MELB_URBAN,HIGHWAY,3,12.0
117674,4,2,181,5,1,80.0,0,N,RURAL_VICTORIA,ROAD,3,17.0
117675,1,6,130,4,2,40.0,0,N,MELB_URBAN,ROAD,3,19.0
117676,2,5,100,1,3,60.0,0,N,MELB_URBAN,ROAD,2,21.0
117677,1,3,116,4,1,80.0,0,I,MELB_URBAN,RAMP,3,13.0
117678,4,3,173,2,1,60.0,0,I,MELB_URBAN,STREET,3,16.0
117679,6,4,99,5,1,60.0,0,N,LARGE_PROVINCIAL_CITIES,ROAD,3,18.0
117680,1,4,134,5,1,60.0,0,N,MELB_URBAN,ROAD,3,16.0
117681,6,4,99,5,1,60.0,0,N,RURAL_VICTORIA,ROAD,3,17.0
117682,1,4,130,5,1,40.0,0,N,MELB_URBAN,STREET,3,11.0
117683,4,4,171,5,1,100.0,0,N,RURAL_VICTORIA,ROAD,3,17.0
117684,1,5,134,5,1,60.0,0,I,MELB_URBAN,ROAD,3,15.0
117685,1,4,121,2,3,70.0,0,I,LARGE_PROVINCIAL_CITIES,HIGHWAY,3,19.0
117686,4,4,183,5,3,60.0,0,N,TOWNS,UNKNOWN,3,3.0
117687,1,5,160,5,3,50.0,0,N,MELB_URBAN,STREET,3,0.0
117688,1,5,99,2,3,50.0,0,I,MELB_URBAN,DRIVE,3,6.0
117689,1,2,99,1,1,80.0,0,I,MELB_URBAN,OTHER,10,11.0
117690,7,0,184,5,1,60.0,0,N,TOWNS,ROAD,3,9.0
117691,5,1,99,5,1,60.0,0,N,RURAL_VICTORIA,OTHER,3,11.0
117692,1,5,99,5,1,50.0,0,N,MELB_URBAN,BOULEVARD,3,10.0