,accident_type,day_of_week,dca_code,road_geometry,light_condition,speed_zone,severity,node_type,deg_urban_name,road_type,month,hour
117693,1,5,130,5,3,80.0,0,N,MELB_URBAN,RAMP,3,6.0
117694,1,5,116,1,1,50.0,0,I,MELB_URBAN,BOULEVARD,3,7.0
117695,6,5,99,5,1,100.0,0,N,RURAL_VICTORIA,HIGHWAY,3,7.0
117696,1,1,120,5,1,60.0,0,N,RURAL_VICTORIA,ROAD,3,13.0
117697,8,4,99,9,1,60.0,0,N,MELB_URBAN,BOULEVARD,3,15.0
117698,1,4,130,5,1,60.0,0,N,MELB_URBAN,ROAD,3,14.0
117699,1,4,130,5,1,80.0,0,N,MELB_URBAN,ROAD,3,8.0
117700,1,4,99,5,1,50.0,0,N,MELB_URBAN,STREET,3,11.0
117701,1,4,130,5,1,80.0,0,N,MELB_URBAN,ROAD,3,15.0
117702,1,1,130,2,1,60.0,0,N,SMALL_CITIES,STREET,3,15.0
117703,1,5,130,2,1,60.0,0,I,MELB_URBAN,STREET,3,15.0
117704,1,5,99,5,1,60.0,0,N,MELB_URBAN,ROAD,3,14.0
117705,1,5,147,5,1,50.0,0,N,TOWNS,STREET,3,17.0
117706,1,4,130,5,1,100.0,0,N,MELB_URBAN,HIGHWAY,3,8.0
117707,2,5,99,5,1,60.0,0,N,LARGE_PROVINCIAL_CITIES,ROAD,3,13.0
117708,8,4,99,5,1,50.0,0,N,SMALL_CITIES,STREET,3,11.0
117709,1,3,130,5,1,100.0,0,N,MELB_URBAN,FREEWAY,3,8.0
117710,1,5,99,2,1,60.0,0,I,MELB_URBAN,STREET,3,15.0
117711,4,4,171,5,3,60.0,0,N,MELB_URBAN,ROAD,3,5.0
117712,1,6,113,1,5,100.0,0,I,RURAL_VICTORIA,ROAD,3,5.0
117713,1,1,121,1,1,80.0,0,I,MELB_URBAN,FREEWAY,3,16.0
117714,1,5,134,5,3,70.0,0,N,MELB_URBAN,STREET,3,6.0
117715,1,5,121,2,1,60.0,0,I,MELB_URBAN,ROAD,3,17.0
117716,1,5,121,1,3,60.0,0,I,MELB_URBAN,ROAD,3,6.0
117717,4,6,173,5,5,60.0,0,N,RURAL_VICTORIA,HIGHWAY,3,5.0
117718,1,6,130,5,1,50.0,0,N,MELB_URBAN,ROAD,3,8.0
117719,1,5,130,1,1,80.0,0,I,MELB_URBAN,ROAD,3,8.0
117720,5,3,99,5,2,80.0,0,N,LARGE_PROVINCIAL_CITIES,STREET,3,19.0
117721,1,5,110,1,3,80.0,0,I,MELB_URBAN,HIGHWAY,3,6.0
117722,1,2,130,5,1,80.0,0,N,MELB_URBAN,FREEWAY,12,14.0
117723,1,5,110,1,1,60.0,0,I,LARGE_PROVINCIAL_CITIES,AVENUE,3,9.0
117724,6,1,184,5,1,60.0,0,N,RURAL_VICTORIA,OTHER,3,16.0
117725,1,6,120,4,1,60.0,0,I,MELB_URBAN,ROAD,3,10.0
117726,1,5,134,4,1,60.0,0,I,MELB_URBAN,STREET,3,10.0
117727,1,5,130,5,1,70.0,0,N,RURAL_VICTORIA,FREEWAY,3,17.0
117728,1,4,130,4,1,60.0,0,N,MELB_URBAN,HIGHWAY,2,17.0
117729,1,5,130,2,1,80.0,0,I,RURAL_VICTORIA,ROAD,3,8.0
117730,1,6,130,1,1,70.0,0,N,MELB_URBAN,ROAD,3,11.0
117731,1,6,147,5,1,60.0,0,N,MELB_URBAN,ROAD,3,11.0
117732,1,5,132,5,1,80.0,0,I,MELB_URBAN,ROAD,3,13.0
117733,1,1,116,2,1,60.0,0,I,RURAL_VICTORIA,ROAD,3,16.0
117734,2,5,100,2,5,50.0,0,I,MELB_URBAN,STREET,3,23.0
117735,4,5,173,5,1,100.0,0,N,RURAL_VICTORIA,ROAD,3,9.0
117736,1,5,130,4,1,70.0,0,I,LARGE_PROVINCIAL_CITIES,STREET,3,13.0
117737,1,5,121,1,1,80.0,0,I,MELB_URBAN,ROAD,3,13.0
117738,4,2,181,5,1,60.0,0,N,RURAL_VICTORIA,OTHER,3,10.0
117739,1,1,113,2,1,60.0,0,I,MELB_URBAN,ROAD,3,7.0
117740,6,5,170,5,1,100.0,0,N,MELB_URBAN,ROAD,3,14.0
117741,2,6,102,2,1,60.0,0,N,MELB_URBAN,PARADE,3,14.0
117742,1,5,121,1,1,80.0,0,I,SMALL_TOWNS,ROAD,3,16.0
117743,1,5,130,2,1,60.0,0,I,MELB_URBAN,ROAD,3,15.0
117744,6,6,174,5,1,40.0,0,N,MELB_URBAN,STREET,3,16.0
117745,4,6,171,5,1,60.0,0,N,TOWNS,STREET,3,18.0
117746,1,6,121,1,6,60.0,0,N,MELB_URBAN,ROAD,3,19.0
117747,1,6,160,5,1,50.0,0,N,MELB_URBAN,BOULEVARD,3,14.0
117748,8,5,170,5,3,60.0,0,N,MELB_URBAN,ROAD,3,21.0
117749,1,5,99,1,1,60.0,0,I,MELB_URBAN,STREET,3,6.0
117750,1,6,120,5,3,60.0,0,N,MELB_URBAN,ROAD,3,21.0
117751,4,4,183,5,1,100.0,0,N,RURAL_VICTORIA,ROAD,3,11.0
117752,4,6,171,5,2,100.0,1,N,RURAL_VICTORIA,ROAD,3,19.0
117753,1,6,130,5,5,100.0,0,N,MELB_URBAN,ROAD,3,0.0
117754,4,6,171,5,5,50.0,0,N,MELB_URBAN,DRIVE,3,23.0
117755,1,4,120,5,5,60.0,0,N,MELB_URBAN,ROAD,3,6.0
117756,4,5,171,5,5,110.0,0,N,RURAL_VICTORIA,FREEWAY,3,23.0
117757,1,7,99,1,3,40.0,0,I,MELB_URBAN,STREET,3,6.0
117758,4,7,173,5,5,100.0,0,N,RURAL_VICTORIA,ROAD,3,5.0
117759,4,7,181,5,1,100.0,0,N,RURAL_VICTORIA,ROAD,3,9.0
117760,6,7,99,2,1,50.0,0,I,MELB_URBAN,ROAD,3,10.0
117761,6,7,184,5,1,80.0,0,N,RURAL_VICTORIA,ROAD,3,11.0
117762,1,7,99,2,1,50.0,0,I,MELB_URBAN,ROAD,3,12.0
117763,1,7,121,2,1,60.0,0,I,MELB_URBAN,STREET,3,13.0
117764,6,7,170,5,1,70.0,0,N,MELB_URBAN,ROAD,3,14.0
117765,4,7,171,5,1,60.0,0,N,MELB_URBAN,STREET,3,13.0
117766,1,7,120,5,1,100.0,0,N,RURAL_VICTORIA,HIGHWAY,3,13.0
117767,1,7,120,6,1,50.0,0,N,SMALL_CITIES,ROAD,3,13.0
117768,1,7,130,5,1,60.0,0,N,SMALL_CITIES,STREET,3,11.0
117769,1,7,121,9,1,60.0,0,I,MELB_URBAN,STREET,3,15.0
117770,4,7,171,5,1,60.0,0,N,MELB_URBAN,ROAD,3,15.0
117771,2,6,100,2,1,50.0,0,I,MELB_URBAN,ROAD,3,18.0
117772,1,7,99,1,2,60.0,0,I,MELB_URBAN,ROAD,3,18.0
117773,4,6,171,5,1,50.0,0,N,SMALL_CITIES,ROAD,3,17.0
117774,8,1,184,5,1,60.0,0,N,RURAL_VICTORIA,ROAD,3,11.0
117775,1,2,140,2,3,60.0,0,N,LARGE_PROVINCIAL_CITIES,STREET,1,21.0
117776,4,7,171,5,3,50.0,0,N,MELB_URBAN,AVENUE,3,21.0
117777,1,7,113,2,3,50.0,0,I,MELB_URBAN,STREET,3,20.0
117778,6,7,174,5,3,50.0,0,N,MELB_URBAN,OTHER,3,22.0
117779,1,0,99,4,3,80.0,0,N,MELB_URBAN,RAMP,3,5.0
117780,4,0,171,5,1,110.0,0,N,RURAL_VICTORIA,FREEWAY,3,10.0
117781,8,7,99,5,9,60.0,0,N,RURAL_VICTORIA,DRIVE,3,11.0
117782,4,6,171,2,5,100.0,0,I,RURAL_VICTORIA,ROAD,3,22.0
117783,4,1,181,5,1,80.0,0,N,RURAL_VICTORIA,ROAD,3,12.0
117784,4,1,173,5,1,100.0,0,N,RURAL_VICTORIA,ROAD,3,12.0
117785,2,5,102,1,1,50.0,0,N,MELB_URBAN,ROAD,3,11.0
117786,1,1,110,1,1,60.0,0,I,MELB_URBAN,STREET,3,10.0
117787,4,0,181,5,1,30.0,0,N,RURAL_VICTORIA,ROAD,3,11.0
117788,1,1,113,2,1,50.0,0,I,TOWNS,ROAD,3,15.0
117789,1,6,99,5,1,50.0,0,N,MELB_URBAN,OTHER,3,10.0
117790,1,1,130,5,1,60.0,0,N,MELB_URBAN,ROAD,3,16.0
117791,1,1,140,5,1,80.0,0,N,RURAL_VICTORIA,ROAD,3,10.0
117792,1,1,99,2,1,50.0,0,I,MELB_URBAN,STREET,3,11.0
117793,1,1,120,5,1,100.0,0,N,RURAL_VICTORIA,ROAD,3,15.0
117794,4,1,173,5,1,110.0,0,N,RURAL_VICTORIA,FREEWAY,3,16.0
117795,6,1,99,5,1,60.0,0,N,MELB_URBAN,ROAD,3,16.0
117796,1,0,130,1,1,60.0,0,I,LARGE_PROVINCIAL_CITIES,ROAD,3,19.0
117797,4,0,183,2,1,50.0,0,N,LARGE_PROVINCIAL_CITIES,ROAD,3,19.0
117798,6,1,174,5,5,80.0,0,N,RURAL_VICTORIA,ROAD,3,19.0
117799,1,1,130,2,3,60.0,0,I,MELB_URBAN,ROAD,3,20.0
117800,8,1,174,2,1,40.0,0,I,MELB_URBAN,AVENUE,3,19.0
117801,1,0,110,1,3,60.0,0,I,LARGE_PROVINCIAL_CITIES,STREET,3,22.0
117802,4,2,171,2,3,50.0,0,N,MELB_URBAN,ROAD,3,3.0
117803,4,1,173,5,3,60.0,0,N,MELB_URBAN,ROAD,3,3.0
117804,1,5,130,1,9,60.0,0,I,RURAL_VICTORIA,BOULEVARD,2,15.0
117805,1,2,130,5,3,80.0,0,N,MELB_URBAN,ROAD,3,6.0
117806,1,2,130,5,1,80.0,0,N,MELB_URBAN,FREEWAY,3,7.0
117807,4,1,183,2,1,60.0,0,I,RURAL_VICTORIA,STREET,3,12.0
117808,1,2,147,5,5,100.0,1,N,SMALL_TOWNS,HIGHWAY,3,7.0
117809,2,1,99,1,1,60.0,0,I,MELB_URBAN,STREET,3,11.0
117810,1,2,132,5,1,100.0,0,N,RURAL_VICTORIA,HIGHWAY,3,10.0
117811,6,7,184,5,1,60.0,0,N,RURAL_VICTORIA,ROAD,3,15.0
117812,4,2,99,2,1,60.0,0,I,MELB_URBAN,ROAD,3,9.0
117813,1,3,160,5,1,60.0,0,N,MELB_URBAN,ROAD,2,16.0
117814,1,2,121,1,1,50.0,0,I,LARGE_PROVINCIAL_CITIES,STREET,3,10.0
117815,4,1,99,5,1,60.0,0,N,MELB_URBAN,STREET,3,12.0
117816,1,2,121,2,1,50.0,0,I,RURAL_VICTORIA,STREET,3,10.0
117817,1,2,160,5,1,60.0,0,N,MELB_URBAN,ROAD,3,9.0
117818,8,6,174,5,1,40.0,0,N,RURAL_VICTORIA,ROAD,3,19.0
117819,1,5,130,5,3,80.0,0,N,MELB_URBAN,OTHER,3,6.0
117820,1,1,99,2,1,70.0,0,I,MELB_URBAN,ROAD,3,12.0
117821,6,7,99,5,1,100.0,0,N,RURAL_VICTORIA,ROAD,3,16.0
117822,1,1,120,5,1,50.0,0,N,MELB_URBAN,STREET,3,13.0
117823,1,0,99,5,1,50.0,0,N,TOWNS,STREET,3,12.0
117824,1,2,134,1,1,50.0,0,I,MELB_URBAN,STREET,3,15.0
117825,6,2,99,5,1,100.0,0,N,RURAL_VICTORIA,ROAD,3,16.0
117826,2,2,99,5,1,50.0,0,N,MELB_URBAN,OTHER,3,17.0
117827,1,6,140,5,1,60.0,0,N,MELB_URBAN,ROAD,3,17.0
117828,1,2,173,5,3,80.0,0,N,MELB_URBAN,ROAD,3,20.0
117829,4,2,171,1,1,60.0,0,I,MELB_URBAN,OTHER,3,17.0
117830,2,2,99,5,3,80.0,0,N,MELB_URBAN,HIGHWAY,3,21.0
117831,4,3,171,5,5,80.0,0,N,RURAL_VICTORIA,ROAD,3,0.0
117832,4,3,171,5,3,80.0,0,N,SMALL_TOWNS,HIGHWAY,3,4.0
117833,1,1,130,1,1,60.0,0,I,MELB_URBAN,ROAD,3,15.0
117834,8,5,174,5,2,60.0,0,N,RURAL_VICTORIA,ROAD,3,19.0
117835,1,3,130,5,1,80.0,0,N,MELB_URBAN,ROAD,3,7.0
117836,1,3,120,5,5,100.0,0,N,RURAL_VICTORIA,HIGHWAY,3,6.0
117837,2,2,100,5,1,50.0,0,N,MELB_URBAN,STREET,3,7.0
117838,1,2,121,1,1,50.0,0,I,MELB_URBAN,STREET,1,13.0
117839,1,2,121,1,1,60.0,0,N,MELB_URBAN,STREET,3,11.0
117840,6,2,174,5,1,60.0,1,N,SMALL_CITIES,ROAD,3,15.0
117841,6,0,174,5,1,60.0,0,O,RURAL_VICTORIA,UNKNOWN,3,8.0
117842,6,3,99,5,1,100.0,0,N,RURAL_VICTORIA,ROAD,3,7.0
117843,4,3,171,3,1,60.0,0,N,MELB_URBAN,ROAD,3,11.0
117844,1,3,130,5,1,40.0,0,N,RURAL_VICTORIA,HIGHWAY,3,9.0
117845,1,3,110,1,1,80.0,0,I,MELB_URBAN,HIGHWAY,3,12.0
117846,1,3,99,1,1,60.0,0,I,MELB_URBAN,STREET,3,10.0
117847,1,3,121,1,1,70.0,0,I,MELB_URBAN,ROAD,3,13.0
117848,1,2,99,1,1,60.0,0,I,MELB_URBAN,STREET,3,14.0
117849,1,3,147,5,1,60.0,0,N,MELB_URBAN,ROAD,3,13.0
117850,1,3,130,5,1,60.0,0,N,MELB_URBAN,ROAD,3,15.0
117851,4,1,181,5,1,50.0,0,N,MELB_URBAN,DRIVE,3,11.0
117852,1,3,160,5,1,50.0,0,N,MELB_URBAN,AVENUE,3,15.0
117853,4,3,99,5,1,50.0,0,I,MELB_URBAN,DRIVE,3,15.0
117854,1,5,110,1,1,60.0,0,I,LARGE_PROVINCIAL_CITIES,STREET,3,18.0
117855,1,2,140,2,1,50.0,0,I,MELB_URBAN,STREET,3,11.0
117856,2,2,99,5,1,50.0,0,N,MELB_URBAN,STREET,3,15.0
117857,1,3,140,2,1,60.0,0,I,MELB_URBAN,HIGHWAY,3,17.0
117858,1,5,130,5,2,60.0,0,I,MELB_URBAN,ROAD,3,6.0
117859,1,3,121,1,1,40.0,0,I,MELB_URBAN,STREET,3,17.0
117860,1,3,120,5,1,80.0,0,N,TOWNS,HIGHWAY,3,17.0
117861,4,3,181,5,2,100.0,0,N,RURAL_VICTORIA,ROAD,3,19.0
117862,1,3,99,2,1,60.0,0,I,MELB_URBAN,STREET,3,16.0
117863,1,1,110,1,3,60.0,0,I,SMALL_CITIES,AVENUE,3,20.0
117864,4,3,173,5,3,60.0,0,N,MELB_URBAN,STREET,3,20.0
117865,1,3,160,1,3,40.0,0,I,MELB_URBAN,STREET,3,21.0
117866,8,3,99,1,3,60.0,0,I,MELB_URBAN,ROAD,3,21.0
117867,4,4,173,5,3,60.0,0,N,MELB_URBAN,ROAD,4,5.0
117868,6,7,170,5,1,80.0,0,N,RURAL_VICTORIA,ROAD,3,9.0
117869,8,5,170,2,2,40.0,0,I,MELB_URBAN,STREET,2,19.0
117870,3,4,167,5,5,100.0,0,N,RURAL_VICTORIA,ROAD,4,6.0
117871,1,3,132,1,1,60.0,0,I,MELB_URBAN,STREET,4,12.0
117872,2,4,102,5,1,50.0,0,N,MELB_URBAN,DRIVE,4,12.0
117873,8,2,99,5,1,50.0,0,N,SMALL_CITIES,STREET,2,19.0
117874,1,4,130,2,1,80.0,0,I,MELB_URBAN,ROAD,3,14.0
117875,1,2,99,1,1,60.0,0,I,MELB_URBAN,STREET,2,16.0
117876,1,4,130,5,1,60.0,1,N,MELB_URBAN,STREET,4,12.0
117877,8,3,170,2,1,50.0,0,I,MELB_URBAN,OTHER,4,9.0
117878,1,1,130,5,1,60.0,0,N,SMALL_TOWNS,STREET,3,11.0
117879,4,4,171,2,1,60.0,0,I,MELB_URBAN,ROAD,4,12.0
117880,1,4,130,2,1,60.0,0,I,MELB_URBAN,ROAD,4,15.0
117881,5,7,99,4,9,60.0,0,I,MELB_URBAN,STREET,3,13.0
117882,6,3,174,1,2,50.0,0,I,MELB_URBAN,STREET,3,5.0
117883,1,4,133,5,1,80.0,0,N,RURAL_VICTORIA,ROAD,4,8.0
117884,2,6,99,5,1,50.0,0,N,MELB_URBAN,STREET,1,15.0
117885,1,4,99,2,1,70.0,0,I,MELB_URBAN,ROAD,4,16.0
117886,2,4,102,1,3,60.0,0,I,MELB_URBAN,STREET,4,21.0
117887,8,4,170,1,1,100.0,0,I,MELB_URBAN,ROAD,4,18.0
117888,1,5,130,5,1,60.0,0,N,MELB_URBAN,FREEWAY,3,18.0
117889,2,5,99,5,5,40.0,0,N,MELB_URBAN,AVENUE,4,0.0
117890,1,4,120,5,1,80.0,0,N,RURAL_VICTORIA,ROAD,4,12.0
117891,1,5,160,5,1,50.0,0,N,MELB_URBAN,AVENUE,4,7.0
117892,1,5,130,5,1,70.0,0,N,MELB_URBAN,ROAD,3,7.0
117893,5,1,99,5,1,60.0,0,N,RURAL_VICTORIA,ROAD,3,13.0
117894,1,4,134,1,1,80.0,0,I,RURAL_VICTORIA,HIGHWAY,4,9.0
117895,1,3,130,5,9,80.0,0,I,MELB_URBAN,ROAD,2,19.0
117896,1,5,134,5,1,80.0,0,N,MELB_URBAN,FREEWAY,3,15.0
117897,6,5,99,5,1,60.0,0,N,RURAL_VICTORIA,ROAD,4,11.0
117898,1,5,160,5,1,60.0,0,N,MELB_URBAN,STREET,4,11.0
117899,1,5,99,5,1,60.0,0,N,LARGE_PROVINCIAL_CITIES,ROAD,4,10.0
117900,1,2,160,5,1,50.0,0,N,MELB_URBAN,OTHER,2,9.0
117901,4,5,171,5,1,80.0,1,N,MELB_URBAN,HIGHWAY,4,10.0
117902,1,5,99,2,1,60.0,0,I,MELB_URBAN,ROAD,4,12.0
117903,4,5,183,5,1,100.0,0,N,RURAL_VICTORIA,HIGHWAY,4,13.0
117904,1,4,130,2,1,60.0,0,I,MELB_URBAN,ROAD,4,8.0
117905,1,5,121,1,1,70.0,0,I,MELB_URBAN,ROAD,4,14.0
117906,4,5,173,5,1,90.0,0,N,RURAL_VICTORIA,ROAD,4,14.0
117907,8,4,174,1,1,40.0,0,I,MELB_URBAN,STREET,4,16.0
117908,1,5,99,5,1,50.0,0,N,MELB_URBAN,STREET,4,18.0
117909,1,5,121,2,2,70.0,0,N,MELB_URBAN,ROAD,4,17.0
117910,1,5,130,2,1,60.0,0,I,MELB_URBAN,ROAD,4,16.0
117911,6,5,99,5,2,100.0,0,N,RURAL_VICTORIA,ROAD,4,19.0
117912,2,1,100,1,1,40.0,0,N,MELB_URBAN,STREET,1,12.0
117913,1,4,113,2,1,60.0,0,I,MELB_URBAN,HIGHWAY,4,13.0
117914,1,2,113,1,1,80.0,0,I,MELB_URBAN,ROAD,1,18.0
117915,1,4,130,5,3,100.0,0,N,MELB_URBAN,ROAD,4,19.0
117916,4,5,171,5,2,50.0,0,N,MELB_URBAN,STREET,4,18.0
117917,1,4,130,5,1,60.0,0,N,MELB_URBAN,ROAD,4,12.0
117918,6,4,99,5,1,100.0,0,N,RURAL_VICTORIA,ROAD,4,11.0
117919,3,4,167,5,2,100.0,0,N,RURAL_VICTORIA,HIGHWAY,3,7.0
117920,5,4,99,5,1,60.0,0,N,SMALL_CITIES,ROAD,4,9.0
117921,4,1,171,5,1,110.0,0,N,TOWNS,FREEWAY,12,18.0
117922,1,6,130,5,2,100.0,0,N,MELB_URBAN,FREEWAY,4,6.0
117923,1,5,130,1,9,60.0,0,I,MELB_URBAN,STREET,2,14.0
117924,1,6,130,5,3,100.0,1,N,MELB_URBAN,FREEWAY,4,6.0
117925,4,6,171,5,1,70.0,0,N,LARGE_PROVINCIAL_CITIES,STREET,4,11.0
117926,1,5,160,5,1,60.0,0,N,LARGE_PROVINCIAL_CITIES,ROAD,4,10.0
117927,1,4,116,2,9,50.0,0,I,MELB_URBAN,ROAD,3,14.0
117928,1,4,99,1,1,60.0,0,N,MELB_URBAN,STREET,2,10.0
117929,6,6,99,5,1,60.0,0,N,RURAL_VICTORIA,ROAD,3,11.0
117930,1,6,132,5,1,80.0,0,N,MELB_URBAN,HIGHWAY,1,10.0
117931,1,2,130,3,1,80.0,0,I,RURAL_VICTORIA,HIGHWAY,3,8.0
117932,1,6,113,2,1,60.0,0,I,MELB_URBAN,STREET,4,16.0
117933,1,2,130,2,1,50.0,0,I,MELB_URBAN,BOULEVARD,3,14.0
117934,3,6,167,5,5,100.0,0,N,RURAL_VICTORIA,ROAD,2,0.0
117935,1,5,130,2,1,60.0,0,N,MELB_URBAN,ROAD,3,15.0
117936,4,6,173,5,1,60.0,0,N,MELB_URBAN,ROAD,4,16.0
117937,1,6,130,5,1,100.0,0,N,MELB_URBAN,FREEWAY,4,17.0
117938,4,6,171,5,5,100.0,0,N,RURAL_VICTORIA,OTHER,4,19.0
117939,1,5,130,5,1,110.0,0,N,RURAL_VICTORIA,FREEWAY,4,18.0
117940,4,6,173,5,1,50.0,0,N,MELB_URBAN,STREET,4,17.0
117941,5,6,99,5,3,50.0,0,N,SMALL_CITIES,AVENUE,4,19.0
117942,4,1,181,5,2,60.0,0,N,MELB_URBAN,ROAD,3,17.0
117943,1,6,121,1,3,60.0,0,I,MELB_URBAN,STREET,4,23.0
117944,4,6,173,5,3,50.0,0,N,MELB_URBAN,ROAD,4,22.0
117945,1,6,120,5,5,110.0,1,N,RURAL_VICTORIA,HIGHWAY,4,21.0
117946,1,6,99,2,1,70.0,0,N,MELB_URBAN,ROAD,2,12.0
117947,4,7,171,5,3,80.0,0,N,MELB_URBAN,ROAD,4,6.0
117948,2,6,100,1,1,40.0,0,I,MELB_URBAN,ROAD,4,8.0
117949,4,7,171,5,1,100.0,0,N,RURAL_VICTORIA,ROAD,3,7.0
117950,1,7,160,5,1,50.0,0,N,MELB_URBAN,DRIVE,3,17.0
117951,1,6,120,1,3,60.0,0,I,MELB_URBAN,OTHER,2,1.0
117952,1,7,121,1,1,70.0,0,I,MELB_URBAN,ROAD,4,7.0
117953,4,6,173,5,1,100.0,0,N,RURAL_VICTORIA,HIGHWAY,4,9.0
117954,1,7,130,5,1,50.0,0,N,MELB_URBAN,STREET,4,13.0
117955,1,6,110,1,9,60.0,0,I,RURAL_VICTORIA,STREET,3,11.0
117956,2,7,100,1,3,60.0,0,I,MELB_URBAN,ROAD,4,19.0
117957,4,6,183,5,5,50.0,0,N,TOWNS,DRIVE,4,20.0
117958,4,7,99,2,2,60.0,0,I,TOWNS,STREET,4,18.0
117959,1,7,110,1,3,60.0,0,I,MELB_URBAN,AVENUE,4,21.0
117960,1,2,140,1,1,60.0,0,I,LARGE_PROVINCIAL_CITIES,STREET,3,14.0
117961,4,6,183,5,5,110.0,0,N,RURAL_VICTORIA,RAMP,4,20.0
117962,1,2,110,4,2,60.0,0,I,MELB_URBAN,UNKNOWN,3,7.0
117963,1,5,130,1,2,60.0,0,I,MELB_URBAN,STREET,4,17.0
117964,1,1,113,2,1,90.0,0,I,RURAL_VICTORIA,ROAD,4,11.0
117965,4,5,171,5,3,50.0,0,N,MELB_URBAN,UNKNOWN,12,23.0
117966,1,3,130,2,1,80.0,0,I,MELB_URBAN,ROAD,3,17.0
117967,1,1,121,2,1,80.0,0,I,RURAL_VICTORIA,ROAD,4,13.0
117968,1,0,113,2,1,60.0,0,I,RURAL_VICTORIA,ROAD,4,14.0
117969,4,1,173,5,1,100.0,0,N,MELB_URBAN,ROAD,4,12.0
117970,4,1,171,5,1,80.0,0,N,SMALL_TOWNS,ROAD,4,12.0
117971,4,1,171,5,1,50.0,0,N,MELB_URBAN,STREET,4,16.0
117972,4,1,171,5,2,50.0,0,N,SMALL_CITIES,STREET,4,17.0
117973,4,1,171,5,1,80.0,0,N,RURAL_VICTORIA,ROAD,4,15.0
117974,8,1,99,5,1,60.0,0,N,SMALL_CITIES,ROAD,4,17.0
117975,1,0,160,6,1,50.0,0,N,LARGE_PROVINCIAL_CITIES,STREET,4,17.0
117976,1,1,120,5,1,80.0,1,N,RURAL_VICTORIA,ROAD,4,13.0
117977,4,1,181,5,1,80.0,0,N,RURAL_VICTORIA,ROAD,4,15.0
117978,1,1,160,5,3,50.0,0,N,MELB_URBAN,ROAD,4,19.0
117979,4,1,181,5,5,60.0,0,N,RURAL_VICTORIA,ROAD,4,22.0
117980,6,1,99,5,5,60.0,0,N,MELB_URBAN,STREET,4,23.0
117981,4,1,171,2,3,60.0,0,I,MELB_URBAN,STREET,4,22.0
117982,4,6,171,5,5,100.0,0,N,RURAL_VICTORIA,ROAD,3,1.0
117983,4,2,171,5,5,100.0,0,N,RURAL_VICTORIA,HIGHWAY,4,3.0
117984,1,5,99,2,1,60.0,0,N,MELB_URBAN,ROAD,1,14.0
117985,4,2,173,5,5,50.0,0,N,MELB_URBAN,DRIVE,4,4.0
117986,2,1,99,5,3,50.0,0,N,TOWNS,HIGHWAY,3,0.0
117987,1,2,130,2,2,70.0,0,N,LARGE_PROVINCIAL_CITIES,STREET,4,6.0
117988,2,2,100,1,1,50.0,0,I,TOWNS,STREET,4,7.0
117989,4,2,171,5,1,100.0,0,N,RURAL_VICTORIA,OTHER,3,10.0
117990,1,6,130,5,9,40.0,0,N,MELB_URBAN,ROAD,4,16.0
117991,1,2,110,1,1,50.0,0,I,MELB_URBAN,STREET,3,7.0
117992,1,2,113,2,1,50.0,0,I,MELB_URBAN,STREET,4,12.0
117993,1,1,110,1,1,60.0,0,I,MELB_URBAN,ROAD,4,9.0
117994,1,7,133,5,1,60.0,0,N,MELB_URBAN,BOULEVARD,4,8.0
117995,1,1,110,1,1,50.0,0,I,SMALL_CITIES,STREET,3,16.0
117996,1,1,113,2,1,60.0,0,I,MELB_URBAN,ROAD,4,10.0
117997,5,1,99,5,5,100.0,0,N,RURAL_VICTORIA,ROAD,4,20.0
117998,1,3,130,5,1,60.0,0,N,MELB_URBAN,ROAD,3,14.0
117999,1,2,147,2,1,60.0,0,I,MELB_URBAN,STREET,4,14.0
118000,1,7,99,2,1,60.0,0,N,MELB_URBAN,ROAD,4,16.0
118001,1,1,160,5,2,50.0,0,N,MELB_URBAN,DRIVE,4,18.0
118002,1,2,120,5,2,60.0,0,N,SMALL_CITIES,ROAD,4,18.0
118003,1,1,110,1,1,60.0,0,I,MELB_URBAN,BOULEVARD,3,8.0
118004,1,6,135,2,1,60.0,0,N,MELB_URBAN,ROAD,3,12.0
118005,1,3,140,5,1,80.0,0,N,RURAL_VICTORIA,ROAD,4,7.0
118006,1,7,99,2,1,50.0,0,I,SMALL_CITIES,STREET,4,15.0
118007,4,1,173,5,1,60.0,0,N,MELB_URBAN,PARADE,4,16.0
118008,1,3,130,5,1,100.0,0,N,MELB_URBAN,UNKNOWN,4,9.0
118009,1,3,130,5,3,70.0,0,N,MELB_URBAN,ROAD,3,19.0
118010,1,3,113,2,1,60.0,0,I,MELB_URBAN,ROAD,4,11.0
118011,1,2,99,2,1,60.0,0,I,MELB_URBAN,AVENUE,4,9.0
118012,4,3,173,5,1,100.0,0,N,MELB_URBAN,FREEWAY,4,8.0
118013,1,3,99,5,1,80.0,0,N,RURAL_VICTORIA,ROAD,4,12.0
118014,1,3,130,5,1,60.0,0,N,MELB_URBAN,ROAD,3,13.0
118015,1,3,130,1,1,70.0,0,N,MELB_URBAN,ROAD,4,11.0
118016,1,3,135,5,1,70.0,0,N,MELB_URBAN,ROAD,4,14.0
118017,1,5,110,1,1,80.0,0,N,LARGE_PROVINCIAL_CITIES,HIGHWAY,4,14.0
118018,4,2,171,5,1,100.0,0,N,RURAL_VICTORIA,ROAD,4,13.0