,accident_type,day_of_week,dca_code,road_geometry,light_condition,speed_zone,severity,node_type,deg_urban_name,road_type,month,hour
118019,4,3,99,2,1,100.0,0,I,RURAL_VICTORIA,ROAD,4,13.0
118020,1,2,130,5,1,80.0,0,N,RURAL_VICTORIA,ROAD,4,15.0
118021,6,3,174,2,1,60.0,0,N,MELB_URBAN,STREET,4,16.0
118022,2,6,99,5,1,50.0,0,N,TOWNS,STREET,3,12.0
118023,1,3,99,2,1,50.0,0,I,LARGE_PROVINCIAL_CITIES,STREET,4,17.0
118024,6,4,174,1,1,40.0,0,I,MELB_URBAN,STREET,4,17.0
118025,4,4,173,2,3,60.0,0,I,RURAL_VICTORIA,ROAD,4,1.0
118026,6,4,99,1,3,60.0,0,I,MELB_URBAN,ROAD,4,2.0
118027,1,4,99,2,3,60.0,0,I,MELB_URBAN,HIGHWAY,4,6.0
118028,1,5,130,1,1,60.0,0,I,MELB_URBAN,ROAD,9,12.0
118029,1,4,130,2,2,60.0,0,I,MELB_URBAN,ROAD,4,6.0
118030,2,3,100,5,1,40.0,0,N,MELB_URBAN,STREET,2,15.0
118031,1,4,121,1,1,70.0,0,I,MELB_URBAN,ROAD,4,10.0
118032,1,4,132,2,1,60.0,0,I,RURAL_VICTORIA,ROAD,4,11.0
118033,4,0,171,5,1,50.0,0,N,MELB_URBAN,OTHER,3,10.0
118034,4,4,173,2,1,50.0,0,I,SMALL_CITIES,OTHER,4,11.0
118035,3,3,167,5,9,60.0,0,N,RURAL_VICTORIA,ROAD,3,16.0
118036,1,3,140,2,1,60.0,0,I,MELB_URBAN,ROAD,4,13.0
118037,1,3,120,5,1,100.0,0,N,RURAL_VICTORIA,OTHER,3,10.0
118038,5,3,99,5,1,60.0,0,N,RURAL_VICTORIA,ROAD,3,10.0
118039,1,5,134,5,1,80.0,0,N,MELB_URBAN,HIGHWAY,4,13.0
118040,1,4,110,1,1,60.0,0,I,TOWNS,ROAD,4,16.0
118041,1,0,130,5,3,100.0,0,N,MELB_URBAN,FREEWAY,3,3.0
118042,2,3,99,5,1,40.0,0,N,RURAL_VICTORIA,ROAD,4,14.0
118043,6,4,184,5,1,40.0,0,N,MELB_URBAN,ROAD,4,15.0
118044,1,3,111,1,2,60.0,0,I,MELB_URBAN,ROAD,4,16.0
118045,2,6,100,1,6,80.0,0,N,MELB_URBAN,ROAD,2,0.0
118046,4,4,171,5,3,60.0,0,N,LARGE_PROVINCIAL_CITIES,ROAD,4,20.0
118047,6,4,174,5,3,60.0,0,N,SMALL_CITIES,ROAD,4,0.0
118048,4,4,173,5,3,80.0,0,N,RURAL_VICTORIA,HIGHWAY,4,22.0
118049,4,4,171,1,3,50.0,0,I,MELB_URBAN,STREET,4,23.0
118050,1,3,130,5,1,60.0,0,N,MELB_URBAN,ROAD,2,9.0
118051,1,2,163,5,3,50.0,0,N,MELB_URBAN,AVENUE,4,18.0
118052,8,4,174,1,1,60.0,0,I,MELB_URBAN,ROAD,4,11.0
118053,1,5,110,1,1,100.0,0,I,RURAL_VICTORIA,ROAD,4,7.0
118054,4,5,171,1,1,50.0,0,I,LARGE_PROVINCIAL_CITIES,STREET,4,8.0
118055,2,5,100,1,1,60.0,0,I,MELB_URBAN,HIGHWAY,4,11.0
118056,4,5,99,5,1,50.0,0,N,SMALL_CITIES,OTHER,4,10.0
118057,1,5,110,4,1,80.0,0,N,MELB_URBAN,ROAD,3,6.0
118058,1,4,120,4,2,80.0,0,I,MELB_URBAN,DRIVE,4,7.0
118059,1,5,130,2,1,60.0,0,I,MELB_URBAN,ROAD,4,13.0
118060,1,4,130,5,1,60.0,0,N,LARGE_PROVINCIAL_CITIES,ROAD,4,11.0
118061,1,5,134,5,1,60.0,0,N,MELB_URBAN,ROAD,4,12.0
118062,6,5,99,5,1,100.0,0,N,RURAL_VICTORIA,ROAD,4,7.0
118063,1,7,121,1,1,60.0,0,I,MELB_URBAN,ROAD,3,10.0
118064,1,5,147,5,1,50.0,0,N,MELB_URBAN,ROAD,4,15.0
118065,8,6,99,5,9,60.0,0,N,MELB_URBAN,ROAD,3,19.0
118066,6,5,99,5,1,100.0,0,N,RURAL_VICTORIA,ROAD,4,10.0
118067,1,4,130,5,1,60.0,0,N,RURAL_VICTORIA,HIGHWAY,4,15.0
118068,1,5,99,5,1,50.0,0,N,MELB_URBAN,ROAD,4,15.0
118069,1,5,121,2,1,60.0,0,I,MELB_URBAN,STREET,4,17.0
118070,1,6,110,1,1,40.0,0,I,MELB_URBAN,STREET,4,16.0
118071,1,5,130,2,1,60.0,0,N,MELB_URBAN,ROAD,4,15.0
118072,1,4,113,2,2,80.0,0,I,MELB_URBAN,ROAD,4,18.0
118073,1,5,130,1,3,70.0,0,I,MELB_URBAN,ROAD,4,18.0
118074,1,5,160,2,1,60.0,0,I,MELB_URBAN,DRIVE,3,12.0
118075,1,5,147,5,3,50.0,0,N,MELB_URBAN,DRIVE,4,20.0
118076,7,5,99,5,3,50.0,0,N,MELB_URBAN,AVENUE,4,20.0
118077,4,5,173,5,5,100.0,0,N,RURAL_VICTORIA,HIGHWAY,4,20.0
118078,4,5,171,5,3,60.0,0,N,MELB_URBAN,ROAD,4,23.0
118079,1,2,130,5,1,60.0,0,N,MELB_URBAN,ROAD,3,17.0
118080,2,6,100,2,1,60.0,0,I,MELB_URBAN,ROAD,4,7.0
118081,1,5,134,1,1,70.0,0,I,MELB_URBAN,ROAD,4,14.0
118082,4,6,171,5,1,100.0,0,N,MELB_URBAN,FREEWAY,4,9.0
118083,1,6,121,2,1,60.0,0,I,MELB_URBAN,ROAD,4,11.0
118084,1,5,110,1,1,60.0,0,I,MELB_URBAN,DRIVE,4,9.0
118085,1,6,132,1,1,60.0,0,I,MELB_URBAN,ROAD,4,12.0
118086,4,6,173,5,1,80.0,0,N,RURAL_VICTORIA,ROAD,4,12.0
118087,6,6,174,5,1,80.0,0,N,MELB_URBAN,ROAD,4,11.0
118088,1,6,110,1,1,100.0,0,I,RURAL_VICTORIA,HIGHWAY,4,15.0
118089,4,3,171,5,1,60.0,0,N,MELB_URBAN,STREET,4,10.0
118090,1,6,99,5,1,60.0,0,N,MELB_URBAN,ROAD,4,16.0
118091,1,6,121,1,3,80.0,0,I,MELB_URBAN,ROAD,4,18.0
118092,2,6,102,5,3,60.0,0,N,MELB_URBAN,ROAD,4,19.0
118093,1,6,120,5,3,60.0,0,N,LARGE_PROVINCIAL_CITIES,ROAD,4,21.0
118094,4,6,181,5,1,50.0,0,N,MELB_URBAN,ROAD,4,17.0
118095,4,7,99,2,6,80.0,0,I,RURAL_VICTORIA,ROAD,4,3.0
118096,1,6,147,5,1,100.0,0,N,RURAL_VICTORIA,ROAD,4,17.0
118097,6,4,170,1,1,80.0,0,I,MELB_URBAN,ROAD,4,16.0
118098,8,7,174,5,1,60.0,0,N,MELB_URBAN,ROAD,4,10.0
118099,1,6,113,2,1,60.0,0,I,LARGE_PROVINCIAL_CITIES,ROAD,4,10.0
118100,1,3,130,1,9,60.0,0,I,MELB_URBAN,HIGHWAY,10,7.0
118101,1,6,110,1,1,80.0,0,I,RURAL_VICTORIA,ROAD,4,10.0
118102,2,7,102,1,1,60.0,0,I,MELB_URBAN,STREET,4,7.0
118103,4,6,173,5,1,60.0,0,N,MELB_URBAN,ROAD,4,13.0
118104,1,4,110,1,1,50.0,0,I,LARGE_PROVINCIAL_CITIES,ROAD,4,15.0
118105,1,7,147,5,1,60.0,0,N,MELB_URBAN,ROAD,4,14.0
118106,1,5,130,5,3,100.0,0,N,MELB_URBAN,UNKNOWN,11,21.0
118107,1,6,140,1,3,80.0,0,I,MELB_URBAN,ROAD,4,18.0
118108,6,7,174,5,3,60.0,0,N,MELB_URBAN,ROAD,4,20.0
118109,1,5,160,5,1,40.0,0,N,MELB_URBAN,ROAD,1,16.0
118110,1,4,99,2,9,50.0,0,I,MELB_URBAN,ROAD,4,2.0
118111,1,3,120,5,1,50.0,0,N,MELB_URBAN,ROAD,4,15.0
118112,1,5,121,1,1,80.0,0,I,MELB_URBAN,STREET,4,16.0
118113,1,0,110,1,1,60.0,0,I,LARGE_PROVINCIAL_CITIES,OTHER,4,9.0
118114,4,1,173,5,1,40.0,0,N,RURAL_VICTORIA,ROAD,4,9.0
118115,4,0,171,2,1,40.0,0,I,MELB_URBAN,DRIVE,4,12.0
118116,4,1,173,2,1,60.0,0,N,LARGE_PROVINCIAL_CITIES,AVENUE,4,14.0
118117,1,1,132,5,1,60.0,0,N,LARGE_PROVINCIAL_CITIES,ROAD,4,13.0
118118,1,1,99,5,1,70.0,0,N,MELB_URBAN,ROAD,4,14.0
118119,1,1,110,1,3,60.0,0,I,MELB_URBAN,ROAD,4,21.0
118120,1,1,110,1,3,60.0,0,I,MELB_URBAN,ROAD,4,22.0
118121,1,5,99,2,1,40.0,0,I,MELB_URBAN,PARADE,3,16.0
118122,6,1,174,2,3,50.0,0,N,MELB_URBAN,OTHER,4,23.0
118123,1,2,121,3,1,60.0,0,I,MELB_URBAN,ROAD,4,10.0
118124,1,2,121,2,1,80.0,0,N,MELB_URBAN,HIGHWAY,4,10.0
118125,1,2,130,5,1,60.0,0,N,RURAL_VICTORIA,DRIVE,2,10.0
118126,1,1,110,1,1,60.0,0,N,LARGE_PROVINCIAL_CITIES,ROAD,4,13.0
118127,1,2,99,2,1,50.0,0,I,MELB_URBAN,ROAD,4,12.0
118128,6,2,170,5,1,60.0,0,N,SMALL_CITIES,ROAD,4,12.0
118129,2,2,99,2,1,60.0,0,I,MELB_URBAN,PARADE,4,16.0
118130,8,1,174,5,2,60.0,0,N,MELB_URBAN,STREET,10,18.0
118131,2,2,99,5,1,40.0,0,N,SMALL_CITIES,STREET,4,14.0
118132,4,2,173,5,1,70.0,0,N,LARGE_PROVINCIAL_CITIES,ROAD,4,16.0
118133,2,2,99,1,1,50.0,0,I,MELB_URBAN,STREET,4,16.0
118134,1,7,99,1,1,60.0,0,N,MELB_URBAN,ROAD,3,16.0
118135,5,2,171,2,1,60.0,0,I,MELB_URBAN,ROAD,4,9.0
118136,3,1,167,5,2,100.0,0,N,RURAL_VICTORIA,ROAD,4,18.0
118137,1,4,110,1,9,40.0,0,I,MELB_URBAN,STREET,2,20.0
118138,1,6,110,1,1,40.0,0,I,SMALL_CITIES,STREET,2,14.0
118139,4,7,173,2,1,60.0,0,I,MELB_URBAN,ROAD,4,15.0
118140,1,3,147,5,1,60.0,0,N,MELB_URBAN,ROAD,4,9.0
118141,1,3,99,5,1,80.0,0,N,RURAL_VICTORIA,ROAD,4,10.0
118142,8,5,99,5,2,100.0,0,N,RURAL_VICTORIA,ROAD,4,7.0
118143,1,0,116,2,1,50.0,0,I,SMALL_TOWNS,ROAD,4,12.0
118144,1,1,130,2,3,80.0,0,I,MELB_URBAN,ROAD,12,4.0
118145,1,2,133,1,1,50.0,0,I,MELB_URBAN,STREET,3,17.0
118146,6,5,174,5,9,60.0,0,N,MELB_URBAN,ROAD,4,21.0
118147,6,5,174,1,1,60.0,0,I,MELB_URBAN,ROAD,3,16.0
118148,5,3,183,4,1,60.0,0,N,MELB_URBAN,RAMP,4,8.0
118149,6,1,174,4,1,60.0,0,I,RURAL_VICTORIA,OTHER,12,11.0
118150,2,3,99,5,3,50.0,0,N,MELB_URBAN,ROAD,4,1.0
118151,8,4,174,5,1,60.0,0,I,LARGE_PROVINCIAL_CITIES,ROAD,2,12.0
118152,1,2,130,2,3,50.0,0,N,SMALL_CITIES,STREET,4,19.0
118153,1,4,160,5,6,60.0,0,N,TOWNS,ROAD,4,1.0
118154,1,2,121,1,3,60.0,0,I,MELB_URBAN,AVENUE,4,18.0
118155,1,2,99,5,1,100.0,0,N,RURAL_VICTORIA,ROAD,4,14.0
118156,1,3,110,1,1,80.0,0,N,RURAL_VICTORIA,AVENUE,3,16.0
118157,1,5,135,5,2,50.0,0,N,MELB_URBAN,STREET,3,19.0
118158,1,4,160,2,2,50.0,0,I,MELB_URBAN,OTHER,4,6.0
118159,6,7,174,2,1,50.0,0,I,MELB_URBAN,ROAD,1,12.0
118160,1,3,99,5,9,60.0,0,N,MELB_URBAN,DRIVE,12,7.0
118161,6,2,99,5,1,100.0,0,N,RURAL_VICTORIA,ROAD,3,12.0
118162,1,3,110,1,3,50.0,0,I,LARGE_PROVINCIAL_CITIES,STREET,4,20.0
118163,1,3,111,2,1,60.0,0,I,MELB_URBAN,ROAD,4,17.0
118164,1,4,147,5,1,60.0,0,N,MELB_URBAN,ROAD,4,10.0
118165,1,6,121,5,2,60.0,0,N,MELB_URBAN,ROAD,2,18.0
118166,1,3,130,2,1,80.0,0,N,MELB_URBAN,ROAD,4,11.0
118167,8,6,174,5,1,100.0,0,N,RURAL_VICTORIA,AVENUE,4,13.0
118168,1,3,99,5,1,50.0,0,N,MELB_URBAN,DRIVE,4,15.0
118169,1,4,99,2,3,60.0,0,I,MELB_URBAN,RAMP,4,19.0
118170,4,3,173,5,3,80.0,0,N,MELB_URBAN,ROAD,2,21.0
118171,1,4,110,1,3,80.0,0,I,MELB_URBAN,ROAD,4,21.0
118172,1,4,120,5,5,50.0,0,N,SMALL_TOWNS,PARADE,4,21.0
118173,1,3,130,5,1,60.0,0,N,MELB_URBAN,ROAD,12,16.0
118174,1,5,121,2,1,60.0,0,I,LARGE_PROVINCIAL_CITIES,STREET,4,10.0
118175,1,4,130,1,1,100.0,0,I,MELB_URBAN,FREEWAY,4,8.0
118176,1,4,130,5,1,60.0,0,N,LARGE_PROVINCIAL_CITIES,OTHER,4,7.0
118177,2,5,99,5,1,40.0,0,N,TOWNS,STREET,4,10.0
118178,1,5,99,2,1,50.0,0,N,MELB_URBAN,AVENUE,11,19.0
118179,4,4,181,5,1,60.0,0,N,TOWNS,ROAD,4,10.0
118180,1,4,130,1,1,70.0,0,I,MELB_URBAN,STREET,4,11.0
118181,1,3,147,5,1,60.0,0,N,LARGE_PROVINCIAL_CITIES,OTHER,3,8.0
118182,4,4,173,5,5,100.0,0,N,RURAL_VICTORIA,ROAD,4,21.0
118183,1,7,110,1,9,60.0,0,I,MELB_URBAN,ROAD,4,14.0
118184,1,6,132,2,1,50.0,0,I,MELB_URBAN,DRIVE,2,12.0
118185,1,4,133,4,9,80.0,0,N,MELB_URBAN,ROAD,2,6.0
118186,1,5,134,1,1,50.0,0,I,MELB_URBAN,STREET,4,8.0
118187,1,3,130,5,1,80.0,0,N,RURAL_VICTORIA,FREEWAY,11,18.0
118188,1,3,130,9,1,60.0,0,N,RURAL_VICTORIA,DRIVE,4,16.0
118189,1,3,99,5,1,50.0,0,N,MELB_URBAN,ROAD,4,17.0
118190,1,7,135,5,1,100.0,0,N,MELB_URBAN,RAMP,2,13.0
118191,2,5,100,5,1,50.0,0,N,LARGE_PROVINCIAL_CITIES,PARADE,4,16.0
118192,1,3,130,2,9,80.0,0,I,MELB_URBAN,HIGHWAY,4,18.0
118193,1,2,111,2,6,60.0,0,I,MELB_URBAN,STREET,4,3.0
118194,2,4,102,5,3,60.0,0,N,MELB_URBAN,UNKNOWN,4,18.0
118195,4,5,171,5,6,60.0,0,N,RURAL_VICTORIA,ROAD,4,5.0
118196,1,4,110,1,1,50.0,0,I,MELB_URBAN,STREET,4,15.0
118197,1,4,120,2,3,60.0,0,I,MELB_URBAN,ROAD,4,17.0
118198,8,1,174,1,1,60.0,0,I,RURAL_VICTORIA,ROAD,3,9.0
118199,1,4,130,2,1,60.0,0,I,SMALL_CITIES,STREET,4,12.0
118200,1,3,110,1,1,50.0,0,N,MELB_URBAN,AVENUE,4,7.0
118201,1,4,121,2,1,60.0,0,N,LARGE_PROVINCIAL_CITIES,ROAD,2,17.0
118202,1,4,140,1,1,50.0,0,I,MELB_URBAN,ROAD,4,11.0
118203,6,6,174,5,1,60.0,0,N,LARGE_PROVINCIAL_CITIES,STREET,4,10.0
118204,2,6,100,5,1,50.0,0,N,MELB_URBAN,AVENUE,4,10.0
118205,1,6,110,1,1,70.0,0,I,MELB_URBAN,ROAD,4,7.0
118206,4,5,173,5,2,80.0,0,N,RURAL_VICTORIA,ROAD,4,6.0
118207,1,3,130,2,9,60.0,0,N,MELB_URBAN,ROAD,3,11.0
118208,1,4,160,1,1,60.0,0,I,MELB_URBAN,ROAD,4,16.0
118209,1,5,130,1,1,80.0,0,I,MELB_URBAN,ROAD,4,12.0
118210,6,5,174,5,1,100.0,0,N,RURAL_VICTORIA,HIGHWAY,4,12.0
118211,4,5,183,5,5,100.0,0,N,RURAL_VICTORIA,ROAD,4,21.0
118212,1,3,130,5,1,100.0,0,N,MELB_URBAN,UNKNOWN,2,16.0
118213,2,6,99,5,1,30.0,1,I,LARGE_PROVINCIAL_CITIES,STREET,4,17.0
118214,5,6,99,2,5,60.0,0,I,TOWNS,ROAD,4,20.0
118215,4,6,171,2,3,60.0,0,I,MELB_URBAN,STREET,4,5.0
118216,1,4,163,5,1,40.0,0,N,MELB_URBAN,STREET,4,17.0
118217,4,6,171,5,5,80.0,0,N,MELB_URBAN,ROAD,4,6.0
118218,4,7,171,5,1,100.0,0,N,MELB_URBAN,RAMP,4,12.0
118219,2,6,99,1,9,60.0,0,I,LARGE_PROVINCIAL_CITIES,ROAD,3,20.0
118220,1,7,99,5,1,60.0,0,N,MELB_URBAN,ROAD,4,13.0
118221,1,4,130,1,3,80.0,0,I,MELB_URBAN,ROAD,4,7.0
118222,1,7,121,2,1,80.0,0,I,MELB_URBAN,ROAD,4,15.0
118223,1,6,110,1,1,80.0,0,I,RURAL_VICTORIA,ROAD,4,16.0
118224,1,4,99,2,1,60.0,0,N,MELB_URBAN,STREET,4,8.0
118225,4,7,171,5,1,100.0,0,N,RURAL_VICTORIA,ROAD,4,16.0
118226,1,7,120,5,5,60.0,0,N,MELB_URBAN,ROAD,4,20.0
118227,8,6,174,5,3,50.0,0,N,MELB_URBAN,STREET,4,20.0
118228,1,7,99,5,3,50.0,0,N,MELB_URBAN,BOULEVARD,4,19.0
118229,4,7,171,5,5,80.0,0,N,RURAL_VICTORIA,ROAD,4,19.0
118230,1,2,133,5,1,60.0,0,N,MELB_URBAN,STREET,4,11.0
118231,1,6,130,2,1,60.0,0,N,MELB_URBAN,ROAD,4,12.0
118232,1,4,121,2,1,60.0,0,I,MELB_URBAN,ROAD,4,7.0
118233,8,0,99,5,1,50.0,0,N,MELB_URBAN,ROAD,4,12.0
118234,6,0,99,5,1,80.0,0,N,RURAL_VICTORIA,ROAD,4,8.0
118235,1,1,99,2,1,50.0,0,I,MELB_URBAN,DRIVE,4,14.0
118236,1,6,120,2,6,100.0,0,I,RURAL_VICTORIA,ROAD,4,22.0
118237,1,1,130,1,1,60.0,0,I,LARGE_PROVINCIAL_CITIES,HIGHWAY,4,15.0
118238,1,1,99,2,1,50.0,0,I,MELB_URBAN,AVENUE,4,16.0
118239,4,1,171,5,5,100.0,0,N,RURAL_VICTORIA,ROAD,4,19.0
118240,4,0,171,5,1,50.0,0,N,TOWNS,STREET,4,12.0
118241,4,0,173,5,5,100.0,0,N,RURAL_VICTORIA,ROAD,4,19.0
118242,4,1,171,5,1,100.0,0,N,RURAL_VICTORIA,OTHER,4,16.0
118243,1,0,113,2,1,80.0,0,N,MELB_URBAN,ROAD,4,15.0
118244,1,1,173,5,3,60.0,0,N,MELB_URBAN,ROAD,4,20.0
118245,4,5,181,2,3,60.0,0,I,MELB_URBAN,PARADE,4,20.0
118246,1,2,110,1,3,60.0,0,I,MELB_URBAN,STREET,4,3.0
118247,1,1,110,1,1,80.0,0,I,RURAL_VICTORIA,ROAD,4,9.0
118248,4,2,173,5,5,100.0,1,N,RURAL_VICTORIA,ROAD,4,4.0
118249,1,1,120,5,3,50.0,0,N,MELB_URBAN,ROAD,4,0.0
118250,1,3,130,5,9,60.0,0,N,MELB_URBAN,ROAD,12,9.0
118251,1,7,160,5,5,60.0,0,N,RURAL_VICTORIA,ROAD,3,0.0
118252,1,2,130,5,1,60.0,0,N,MELB_URBAN,ROAD,3,14.0
118253,1,0,99,2,1,60.0,0,I,MELB_URBAN,ROAD,4,14.0
118254,1,5,99,5,1,60.0,0,N,MELB_URBAN,ROAD,2,16.0
118255,1,2,110,1,3,60.0,0,I,MELB_URBAN,ROAD,4,17.0
118256,1,2,110,1,3,60.0,0,I,MELB_URBAN,ROAD,4,18.0
118257,4,2,99,1,1,50.0,0,I,MELB_URBAN,AVENUE,4,16.0
118258,1,2,121,4,1,60.0,0,N,MELB_URBAN,RAMP,2,17.0
118259,4,2,99,2,3,70.0,0,I,MELB_URBAN,ROAD,4,22.0
118260,1,1,130,5,1,100.0,0,N,RURAL_VICTORIA,FREEWAY,4,17.0
118261,4,2,171,1,3,40.0,0,I,MELB_URBAN,STREET,4,0.0
118262,1,6,130,1,9,60.0,0,I,MELB_URBAN,OTHER,3,10.0
118263,1,3,160,5,1,60.0,0,N,MELB_URBAN,ROAD,4,7.0
118264,4,3,173,1,3,50.0,0,I,MELB_URBAN,STREET,4,3.0
118265,6,6,184,5,1,70.0,0,N,LARGE_PROVINCIAL_CITIES,STREET,4,16.0
118266,4,7,173,5,5,80.0,0,N,RURAL_VICTORIA,ROAD,2,5.0
118267,8,7,99,5,5,80.0,0,N,RURAL_VICTORIA,ROAD,4,1.0
118268,1,3,120,5,1,40.0,0,N,MELB_URBAN,OTHER,4,10.0
118269,1,1,113,1,1,60.0,0,I,MELB_URBAN,STREET,4,11.0
118270,1,3,163,2,1,40.0,0,I,MELB_URBAN,ROAD,4,9.0
118271,3,5,167,5,5,110.0,0,N,RURAL_VICTORIA,HIGHWAY,4,6.0
118272,6,5,174,5,9,50.0,0,N,RURAL_VICTORIA,ROAD,2,16.0
118273,1,2,120,5,1,110.0,0,N,RURAL_VICTORIA,HIGHWAY,4,17.0
118274,1,2,99,2,1,60.0,0,I,SMALL_CITIES,STREET,4,12.0
118275,1,3,130,5,5,80.0,1,N,MELB_URBAN,FREEWAY,4,5.0
118276,6,0,174,5,1,100.0,0,N,MELB_URBAN,ROAD,4,15.0
118277,6,3,184,5,1,100.0,0,N,RURAL_VICTORIA,ROAD,4,11.0
118278,1,3,121,2,1,80.0,0,I,MELB_URBAN,ROAD,4,14.0
118279,1,4,135,5,9,80.0,0,N,MELB_URBAN,FREEWAY,2,7.0
118280,4,2,171,2,1,50.0,0,I,LARGE_PROVINCIAL_CITIES,AVENUE,4,13.0
118281,1,2,111,2,1,40.0,0,N,MELB_URBAN,STREET,4,13.0
118282,2,3,102,1,1,50.0,0,I,MELB_URBAN,STREET,4,16.0
118283,2,3,102,2,1,50.0,0,N,MELB_URBAN,OTHER,4,12.0
118284,5,2,99,5,1,100.0,0,N,RURAL_VICTORIA,HIGHWAY,4,16.0
118285,2,3,102,5,1,60.0,0,N,MELB_URBAN,STREET,4,17.0
118286,1,3,132,2,4,40.0,0,I,SMALL_CITIES,STREET,4,17.0
118287,1,2,110,1,3,60.0,0,I,TOWNS,STREET,4,19.0
118288,1,3,130,5,1,60.0,0,N,MELB_URBAN,ROAD,4,15.0
118289,6,3,174,5,3,30.0,0,N,MELB_URBAN,ROAD,4,21.0
118290,1,4,121,2,3,50.0,1,I,MELB_URBAN,OTHER,4,0.0
118291,1,3,140,1,2,60.0,0,I,MELB_URBAN,STREET,4,6.0
118292,4,4,181,5,5,100.0,0,I,RURAL_VICTORIA,ROAD,4,6.0
118293,1,0,99,5,1,50.0,0,N,MELB_URBAN,ROAD,4,11.0
118294,1,4,120,5,1,100.0,0,N,RURAL_VICTORIA,HIGHWAY,4,7.0
118295,1,4,130,5,1,100.0,0,N,MELB_URBAN,FREEWAY,4,9.0
118296,1,4,99,5,1,40.0,0,N,MELB_URBAN,ROAD,4,9.0
118297,6,3,170,5,5,100.0,0,N,RURAL_VICTORIA,ROAD,4,5.0
118298,1,4,116,2,1,50.0,0,I,MELB_URBAN,ROAD,4,9.0
118299,1,3,134,5,1,100.0,0,N,RURAL_VICTORIA,FREEWAY,4,11.0
118300,1,4,99,5,1,50.0,0,N,TOWNS,STREET,4,8.0
118301,1,2,163,5,9,40.0,0,N,MELB_URBAN,STREET,3,17.0
118302,8,2,174,1,1,40.0,0,I,LARGE_PROVINCIAL_CITIES,STREET,4,8.0
118303,4,1,181,5,5,100.0,0,N,RURAL_VICTORIA,ROAD,4,19.0
118304,1,3,99,2,1,60.0,0,I,MELB_URBAN,ROAD,4,9.0
118305,2,4,100,1,1,40.0,0,I,MELB_URBAN,ROAD,4,17.0
118306,1,4,99,2,3,50.0,0,I,MELB_URBAN,DRIVE,4,18.0
118307,1,3,130,5,1,80.0,0,N,MELB_URBAN,HIGHWAY,4,15.0
118308,1,4,99,5,1,40.0,0,N,LARGE_PROVINCIAL_CITIES,STREET,4,12.0
118309,6,3,184,5,1,60.0,0,N,RURAL_VICTORIA,ROAD,2,15.0
118310,1,4,121,1,3,80.0,0,I,MELB_URBAN,ROAD,4,19.0
118311,1,3,160,5,3,60.0,0,N,MELB_URBAN,ROAD,4,19.0
118312,4,4,181,5,5,100.0,1,N,RURAL_VICTORIA,ROAD,4,20.0
118313,1,4,160,5,1,100.0,1,N,MELB_URBAN,FREEWAY,4,17.0
118314,1,4,99,1,1,60.0,0,I,MELB_URBAN,STREET,3,10.0
118315,1,4,130,5,3,80.0,0,N,MELB_URBAN,FREEWAY,4,5.0
118316,1,2,135,1,9,80.0,0,N,MELB_URBAN,ROAD,10,22.0
118317,1,2,99,5,1,40.0,0,N,MELB_URBAN,ROAD,3,8.0
118318,1,5,130,5,5,100.0,0,N,MELB_URBAN,FREEWAY,4,5.0
118319,1,1,120,5,2,80.0,0,N,RURAL_VICTORIA,ROAD,3,17.0
118320,1,4,121,1,1,60.0,0,N,MELB_URBAN,STREET,4,8.0
118321,1,4,130,1,1,80.0,0,I,RURAL_VICTORIA,ROAD,4,10.0
118322,1,4,121,1,1,60.0,0,I,MELB_URBAN,ROAD,4,12.0
118323,1,4,130,3,1,60.0,0,I,RURAL_VICTORIA,HIGHWAY,4,14.0
118324,1,5,147,5,1,60.0,0,N,LARGE_PROVINCIAL_CITIES,STREET,4,11.0
118325,1,3,120,5,1,40.0,0,N,MELB_URBAN,STREET,4,17.0
118326,1,3,130,1,1,80.0,0,N,SMALL_CITIES,HIGHWAY,4,15.0
118327,1,4,121,2,1,60.0,0,I,MELB_URBAN,OTHER,4,10.0
118328,1,5,121,4,1,60.0,0,I,MELB_URBAN,ROAD,4,12.0
118329,1,5,121,1,1,100.0,0,I,RURAL_VICTORIA,ROAD,4,11.0
118330,1,5,160,5,1,60.0,0,N,MELB_URBAN,HIGHWAY,4,12.0
118331,1,5,160,5,1,50.0,0,N,MELB_URBAN,ROAD,4,12.0
118332,1,6,130,1,9,60.0,0,I,MELB_URBAN,STREET,4,1.0
118333,8,5,170,2,1,50.0,0,I,MELB_URBAN,STREET,3,16.0
118334,5,5,99,2,1,60.0,0,N,MELB_URBAN,ROAD,4,9.0
118335,1,4,163,2,1,60.0,0,I,MELB_URBAN,OTHER,4,12.0
118336,1,4,110,1,1,60.0,0,I,SMALL_CITIES,ROAD,4,14.0
118337,1,5,120,5,1,100.0,1,N,RURAL_VICTORIA,HIGHWAY,4,13.0
118338,1,5,120,5,1,60.0,0,N,TOWNS,ROAD,4,17.0
118339,1,5,132,2,2,60.0,0,I,MELB_URBAN,ROAD,4,17.0
118340,8,5,99,1,3,40.0,0,I,MELB_URBAN,STREET,4,18.0
118341,4,5,171,5,3,60.0,0,N,MELB_URBAN,ROAD,4,20.0
118342,1,6,130,1,3,60.0,0,I,MELB_URBAN,ROAD,4,3.0
118343,2,5,99,1,3,60.0,0,I,MELB_URBAN,BOULEVARD,4,21.0