,accident_type,day_of_week,dca_code,road_geometry,light_condition,speed_zone,severity,node_type,deg_urban_name,road_type,month,hour
118344,4,5,173,5,6,80.0,0,N,MELB_URBAN,HIGHWAY,4,18.0
118345,6,4,174,5,3,60.0,0,N,MELB_URBAN,ROAD,3,22.0
118346,1,6,121,1,1,70.0,0,I,MELB_URBAN,ROAD,4,10.0
118347,1,5,121,1,1,70.0,0,I,MELB_URBAN,ROAD,4,11.0
118348,1,6,132,2,1,50.0,0,I,MELB_URBAN,BOULEVARD,4,9.0
118349,1,6,160,5,1,60.0,0,N,LARGE_PROVINCIAL_CITIES,ROAD,4,12.0
118350,1,6,110,1,1,40.0,0,I,MELB_URBAN,STREET,4,12.0
118351,1,5,140,5,1,60.0,0,N,MELB_URBAN,ROAD,4,13.0
118352,2,5,100,2,1,60.0,0,I,MELB_URBAN,ROAD,4,8.0
118353,1,6,121,2,2,60.0,0,I,MELB_URBAN,STREET,4,6.0
118354,1,6,99,2,1,60.0,0,I,MELB_URBAN,STREET,4,8.0
118355,1,6,130,1,1,80.0,0,N,MELB_URBAN,HIGHWAY,4,13.0
118356,1,5,121,2,1,60.0,0,I,MELB_URBAN,OTHER,4,13.0
118357,1,4,130,5,1,50.0,0,N,MELB_URBAN,DRIVE,2,8.0
118358,1,6,160,5,1,50.0,0,N,MELB_URBAN,ROAD,4,14.0
118359,1,6,130,5,1,80.0,0,N,MELB_URBAN,UNKNOWN,4,15.0
118360,1,1,99,4,1,60.0,0,I,MELB_URBAN,PARADE,4,10.0
118361,1,5,99,1,1,100.0,0,I,RURAL_VICTORIA,HIGHWAY,4,15.0
118362,1,5,130,1,1,80.0,0,I,MELB_URBAN,HIGHWAY,4,16.0
118363,6,5,174,1,3,50.0,0,I,MELB_URBAN,STREET,4,19.0
118364,1,5,99,5,1,50.0,0,N,MELB_URBAN,AVENUE,4,15.0
118365,1,3,163,5,1,40.0,0,N,MELBOURNE_CBD,STREET,4,11.0
118366,1,6,121,1,1,50.0,0,I,TOWNS,STREET,4,16.0
118367,1,5,99,5,1,50.0,0,N,LARGE_PROVINCIAL_CITIES,STREET,4,17.0
118368,4,6,171,5,1,40.0,0,N,RURAL_VICTORIA,HIGHWAY,4,17.0
118369,1,5,99,2,3,60.0,0,I,MELB_URBAN,ROAD,4,19.0
118370,2,6,100,2,3,80.0,0,I,MELB_URBAN,HIGHWAY,4,18.0
118371,4,6,181,5,5,80.0,0,N,RURAL_VICTORIA,ROAD,4,21.0
118372,1,5,121,2,3,60.0,0,I,MELB_URBAN,STREET,4,21.0
118373,1,5,113,2,2,100.0,0,I,TOWNS,HIGHWAY,4,19.0
118374,1,6,121,1,3,80.0,0,I,MELB_URBAN,HIGHWAY,4,22.0
118375,4,6,181,5,3,60.0,0,N,SMALL_CITIES,ROAD,4,23.0
118376,2,6,102,2,3,50.0,0,I,MELB_URBAN,STREET,4,21.0
118377,4,6,99,2,5,100.0,0,I,RURAL_VICTORIA,ROAD,4,22.0
118378,1,7,99,2,1,40.0,0,N,MELB_URBAN,ROAD,11,13.0
118379,4,6,99,2,5,60.0,0,I,RURAL_VICTORIA,HIGHWAY,4,19.0
118380,1,7,110,1,1,70.0,0,I,MELB_URBAN,ROAD,4,7.0
118381,4,7,171,2,1,40.0,0,I,RURAL_VICTORIA,ROAD,4,10.0
118382,4,7,173,5,1,100.0,0,N,RURAL_VICTORIA,ROAD,4,11.0
118383,1,7,113,2,1,60.0,0,I,LARGE_PROVINCIAL_CITIES,ROAD,4,15.0
118384,1,4,163,2,3,40.0,0,N,MELB_URBAN,ROAD,4,20.0
118385,4,7,171,5,2,100.0,0,N,RURAL_VICTORIA,ROAD,4,16.0
118386,1,7,99,2,5,50.0,0,N,MELB_URBAN,UNKNOWN,4,18.0
118387,1,7,120,5,3,80.0,0,N,MELB_URBAN,AVENUE,4,18.0
118388,1,7,121,1,3,60.0,0,I,MELB_URBAN,ROAD,4,19.0
118389,1,6,113,1,5,100.0,0,I,RURAL_VICTORIA,HIGHWAY,4,19.0
118390,1,7,116,2,3,80.0,0,I,RURAL_VICTORIA,HIGHWAY,4,20.0
118391,1,3,130,5,1,60.0,0,N,MELB_URBAN,ROAD,3,8.0
118392,1,0,130,5,3,70.0,0,N,MELB_URBAN,ROAD,4,0.0
118393,4,1,171,5,3,50.0,0,I,LARGE_PROVINCIAL_CITIES,STREET,4,1.0
118394,8,5,170,5,1,100.0,0,N,RURAL_VICTORIA,HIGHWAY,3,16.0
118395,4,1,181,4,5,80.0,0,N,MELB_URBAN,RAMP,4,4.0
118396,1,5,116,2,1,60.0,0,I,MELB_URBAN,ROAD,4,15.0
118397,1,6,130,5,4,60.0,0,N,RURAL_VICTORIA,ROAD,4,18.0
118398,1,1,147,5,1,60.0,0,N,MELB_URBAN,ROAD,4,12.0
118399,4,5,181,5,1,100.0,0,N,RURAL_VICTORIA,ROAD,4,16.0
118400,1,0,110,1,5,100.0,0,I,RURAL_VICTORIA,HIGHWAY,4,20.0
118401,6,1,170,5,5,100.0,0,N,RURAL_VICTORIA,ROAD,4,20.0
118402,4,1,181,5,3,60.0,0,N,MELB_URBAN,PARADE,4,22.0
118403,4,1,171,5,5,80.0,0,N,RURAL_VICTORIA,ROAD,4,22.0
118404,4,1,171,5,3,50.0,0,N,MELB_URBAN,ROAD,4,3.0
118405,1,2,121,2,1,60.0,0,I,SMALL_CITIES,ROAD,4,7.0
118406,4,2,173,1,3,70.0,0,I,MELB_URBAN,ROAD,4,3.0
118407,1,2,130,5,1,100.0,0,N,MELB_URBAN,FREEWAY,4,7.0
118408,6,6,99,5,1,60.0,0,N,TOWNS,STREET,4,13.0
118409,1,2,99,5,1,60.0,0,N,RURAL_VICTORIA,ROAD,4,9.0
118410,4,2,181,2,5,100.0,0,N,RURAL_VICTORIA,ROAD,4,0.0
118411,2,5,99,5,1,50.0,0,N,MELB_URBAN,OTHER,4,12.0
118412,1,2,121,1,1,60.0,0,I,LARGE_PROVINCIAL_CITIES,ROAD,4,10.0
118413,1,2,120,5,1,100.0,0,N,RURAL_VICTORIA,ROAD,4,10.0
118414,8,3,174,2,1,60.0,0,I,MELB_URBAN,ROAD,3,15.0
118415,4,1,173,5,1,100.0,0,N,RURAL_VICTORIA,HIGHWAY,4,11.0
118416,1,7,120,5,3,60.0,0,N,TOWNS,ROAD,4,5.0
118417,4,5,173,5,5,100.0,0,N,RURAL_VICTORIA,ROAD,4,22.0
118418,1,2,147,5,1,60.0,0,N,MELB_URBAN,UNKNOWN,4,13.0
118419,1,1,130,2,1,80.0,0,I,RURAL_VICTORIA,ROAD,4,12.0
118420,1,2,140,2,1,60.0,0,I,MELB_URBAN,ROAD,4,12.0
118421,1,2,110,1,1,60.0,0,I,MELB_URBAN,ROAD,4,13.0
118422,4,4,181,3,1,80.0,0,I,RURAL_VICTORIA,ROAD,4,8.0
118423,1,1,99,5,1,60.0,0,N,MELB_URBAN,ROAD,4,12.0
118424,1,7,163,5,1,60.0,0,N,MELB_URBAN,STREET,4,8.0
118425,1,2,132,2,3,100.0,0,I,RURAL_VICTORIA,ROAD,4,17.0
118426,4,2,171,5,1,100.0,0,N,RURAL_VICTORIA,ROAD,4,15.0
118427,1,3,160,5,3,50.0,0,N,MELB_URBAN,DRIVE,4,20.0
118428,1,1,160,2,1,60.0,0,I,MELB_URBAN,STREET,4,15.0
118429,4,2,171,5,3,80.0,0,N,MELB_URBAN,OTHER,4,23.0
118430,1,3,120,5,5,110.0,0,N,RURAL_VICTORIA,FREEWAY,4,0.0
118431,5,2,99,5,5,100.0,0,N,RURAL_VICTORIA,ROAD,4,4.0
118432,1,3,99,2,1,70.0,0,I,MELB_URBAN,ROAD,4,7.0
118433,1,2,121,2,1,60.0,0,I,MELB_URBAN,ROAD,4,15.0
118434,1,3,121,2,1,100.0,0,I,RURAL_VICTORIA,ROAD,4,9.0
118435,1,0,140,1,1,60.0,0,I,LARGE_PROVINCIAL_CITIES,STREET,4,12.0
118436,1,3,160,5,6,50.0,0,N,MELB_URBAN,AVENUE,12,22.0
118437,4,3,171,1,1,110.0,0,I,RURAL_VICTORIA,FREEWAY,4,9.0
118438,1,3,163,5,1,50.0,0,N,LARGE_PROVINCIAL_CITIES,STREET,4,8.0
118439,1,3,130,5,5,100.0,0,N,RURAL_VICTORIA,HIGHWAY,4,6.0
118440,1,2,130,1,3,60.0,0,I,MELB_URBAN,HIGHWAY,7,6.0
118441,1,2,110,1,1,50.0,0,N,MELB_URBAN,DRIVE,4,9.0
118442,6,3,174,1,1,60.0,0,I,MELB_URBAN,ROAD,4,6.0
118443,1,2,120,2,1,50.0,0,I,MELB_URBAN,PARADE,4,13.0
118444,1,4,130,5,1,60.0,0,N,MELB_URBAN,ROAD,3,11.0
118445,4,3,99,5,1,50.0,0,N,LARGE_PROVINCIAL_CITIES,STREET,4,15.0
118446,1,3,130,5,9,60.0,0,N,MELB_URBAN,OTHER,12,16.0
118447,1,3,111,2,1,50.0,0,N,MELB_URBAN,STREET,4,13.0
118448,1,3,160,5,1,60.0,0,N,RURAL_VICTORIA,DRIVE,4,16.0
118449,1,3,130,5,1,50.0,0,N,MELB_URBAN,STREET,4,15.0
118450,1,3,110,1,3,70.0,0,I,MELB_URBAN,ROAD,4,19.0
118451,1,3,121,2,3,60.0,0,I,MELB_URBAN,HIGHWAY,4,18.0
118452,8,3,170,5,5,100.0,0,N,RURAL_VICTORIA,ROAD,4,19.0
118453,4,1,171,5,1,60.0,0,N,MELB_URBAN,HIGHWAY,3,17.0
118454,1,2,110,1,3,40.0,0,I,MELB_URBAN,STREET,4,21.0
118455,2,3,99,2,3,40.0,0,I,MELB_URBAN,ROAD,4,21.0
118456,1,4,181,5,3,70.0,0,N,MELB_URBAN,ROAD,4,0.0
118457,4,5,173,5,1,60.0,0,N,MELB_URBAN,DRIVE,4,8.0
118458,4,3,171,5,3,80.0,0,N,MELB_URBAN,ROAD,4,5.0
118459,1,6,99,2,1,60.0,0,I,MELB_URBAN,STREET,4,16.0
118460,1,4,99,5,5,100.0,0,N,RURAL_VICTORIA,ROAD,4,5.0
118461,6,4,174,5,1,80.0,0,N,MELB_URBAN,DRIVE,4,8.0
118462,1,7,163,2,1,40.0,0,N,MELB_URBAN,STREET,4,13.0
118463,1,3,113,1,1,80.0,0,N,MELB_URBAN,ROAD,4,10.0
118464,1,4,147,5,1,60.0,0,N,MELB_URBAN,ROAD,4,10.0
118465,1,5,147,5,1,60.0,0,N,LARGE_PROVINCIAL_CITIES,ROAD,3,12.0
118466,1,4,130,2,1,60.0,0,I,MELB_URBAN,ROAD,4,12.0
118467,1,4,140,5,1,60.0,0,N,SMALL_CITIES,STREET,4,11.0
118468,3,4,167,5,1,100.0,0,N,RURAL_VICTORIA,HIGHWAY,4,13.0
118469,1,1,132,2,2,50.0,0,N,MELB_URBAN,STREET,4,17.0
118470,1,7,99,1,1,60.0,0,N,MELB_URBAN,ROAD,3,12.0
118471,6,5,174,5,2,50.0,0,N,MELB_URBAN,DRIVE,4,17.0
118472,4,3,173,5,5,100.0,0,N,RURAL_VICTORIA,ROAD,4,17.0
118473,1,4,130,5,5,80.0,0,N,RURAL_VICTORIA,HIGHWAY,4,18.0
118474,1,3,120,5,3,70.0,0,N,MELB_URBAN,ROAD,4,17.0
118475,1,1,130,5,9,60.0,0,N,MELB_URBAN,STREET,5,17.0
118476,1,4,99,1,3,40.0,0,I,MELBOURNE_CBD,STREET,4,18.0
118477,1,4,113,2,3,60.0,0,I,MELB_URBAN,ROAD,4,18.0
118478,1,4,120,5,5,100.0,1,N,RURAL_VICTORIA,HIGHWAY,4,22.0
118479,4,5,173,4,3,50.0,0,N,SMALL_TOWNS,ROAD,4,5.0
118480,6,5,99,5,5,60.0,0,N,RURAL_VICTORIA,ROAD,4,3.0
118481,1,4,160,5,1,50.0,0,N,MELB_URBAN,STREET,4,11.0
118482,4,6,181,5,1,110.0,0,N,RURAL_VICTORIA,FREEWAY,2,17.0
118483,1,3,99,5,2,60.0,0,N,UNKNOWN,ROAD,4,17.0
118484,1,4,130,1,1,80.0,0,N,MELB_URBAN,ROAD,4,10.0
118485,6,4,184,5,1,60.0,0,N,LARGE_PROVINCIAL_CITIES,ROAD,4,13.0
118486,8,7,170,1,1,50.0,0,I,MELB_URBAN,ROAD,4,14.0
118487,4,5,171,5,1,40.0,0,N,MELB_URBAN,ROAD,4,10.0
118488,4,5,99,9,1,50.0,0,N,LARGE_PROVINCIAL_CITIES,STREET,4,10.0
118489,1,2,113,1,2,60.0,0,I,MELB_URBAN,ROAD,4,17.0
118490,1,6,110,1,1,80.0,0,I,MELB_URBAN,ROAD,3,12.0
118491,1,5,130,4,1,80.0,0,I,MELB_URBAN,STREET,4,13.0
118492,1,5,111,2,1,60.0,0,I,LARGE_PROVINCIAL_CITIES,STREET,4,15.0
118493,4,5,171,5,1,80.0,0,N,RURAL_VICTORIA,ROAD,4,14.0
118494,6,4,99,5,1,100.0,0,N,RURAL_VICTORIA,ROAD,4,14.0
118495,1,4,163,5,1,40.0,0,N,MELBOURNE_CBD,STREET,4,8.0
118496,1,4,130,2,1,70.0,0,I,RURAL_VICTORIA,HIGHWAY,4,15.0
118497,1,3,116,2,1,40.0,0,I,MELB_URBAN,STREET,4,17.0
118498,1,5,121,2,3,60.0,0,I,TOWNS,OTHER,4,18.0
118499,2,5,102,5,3,60.0,0,N,MELB_URBAN,OTHER,4,18.0
118500,4,4,173,5,1,80.0,0,N,MELB_URBAN,FREEWAY,4,16.0
118501,1,5,113,2,3,50.0,0,I,MELB_URBAN,AVENUE,4,18.0
118502,1,4,130,2,1,60.0,0,I,MELB_URBAN,ROAD,4,15.0
118503,1,5,110,1,3,60.0,0,I,MELB_URBAN,STREET,4,21.0
118504,6,5,99,5,5,100.0,0,N,RURAL_VICTORIA,HIGHWAY,4,19.0
118505,4,0,171,5,4,60.0,0,N,MELB_URBAN,ROAD,4,23.0
118506,4,5,173,5,5,100.0,0,N,RURAL_VICTORIA,ROAD,5,4.0
118507,4,6,183,5,5,110.0,0,N,RURAL_VICTORIA,FREEWAY,5,4.0
118508,1,5,110,1,1,60.0,0,I,LARGE_PROVINCIAL_CITIES,OTHER,4,13.0
118509,1,6,130,5,1,60.0,0,N,MELB_URBAN,ROAD,5,6.0
118510,1,5,130,5,1,80.0,0,N,MELB_URBAN,HIGHWAY,3,17.0
118511,4,4,171,5,5,80.0,0,N,RURAL_VICTORIA,ROAD,4,21.0
118512,1,2,110,1,3,60.0,0,I,LARGE_PROVINCIAL_CITIES,ROAD,4,7.0
118513,6,6,174,5,1,100.0,0,N,MELB_URBAN,FREEWAY,5,8.0
118514,1,5,130,2,1,60.0,0,I,MELB_URBAN,ROAD,5,7.0
118515,1,6,110,1,1,50.0,0,I,SMALL_CITIES,ROAD,4,16.0
118516,1,6,113,1,1,60.0,0,I,MELB_URBAN,DRIVE,5,10.0
118517,1,6,99,2,1,50.0,0,I,MELB_URBAN,STREET,4,16.0
118518,1,7,99,5,2,60.0,0,N,LARGE_PROVINCIAL_CITIES,STREET,4,19.0
118519,4,6,173,1,1,80.0,0,I,RURAL_VICTORIA,ROAD,2,12.0
118520,1,2,110,4,1,80.0,0,I,MELB_URBAN,ROAD,5,9.0
118521,1,6,130,1,1,60.0,0,I,MELB_URBAN,PARADE,5,14.0
118522,1,3,130,1,2,60.0,0,I,MELB_URBAN,STREET,4,17.0
118523,8,4,174,1,1,50.0,0,N,MELB_URBAN,AVENUE,4,8.0
118524,1,6,160,2,1,60.0,0,I,MELB_URBAN,ROAD,5,15.0
118525,1,5,121,1,1,60.0,0,I,MELB_URBAN,ROAD,5,15.0
118526,2,6,100,5,1,60.0,0,N,MELB_URBAN,ROAD,5,13.0
118527,1,6,140,5,3,60.0,0,N,MELB_URBAN,STREET,5,18.0
118528,6,6,174,2,1,60.0,0,N,MELB_URBAN,ROAD,5,15.0
118529,1,6,121,1,3,40.0,0,I,MELB_URBAN,ROAD,5,18.0
118530,4,4,181,5,5,50.0,0,N,SMALL_CITIES,AVENUE,4,23.0
118531,1,6,121,1,3,70.0,0,I,LARGE_PROVINCIAL_CITIES,ROAD,5,18.0
118532,1,6,110,1,3,50.0,0,I,LARGE_PROVINCIAL_CITIES,STREET,5,20.0
118533,4,6,183,5,1,100.0,0,N,RURAL_VICTORIA,ROAD,5,16.0
118534,5,6,99,5,5,100.0,0,N,RURAL_VICTORIA,ROAD,5,20.0
118535,1,4,113,1,1,60.0,0,I,MELB_URBAN,RAMP,3,11.0
118536,4,6,173,1,3,80.0,0,I,MELB_URBAN,ROAD,5,20.0
118537,1,2,130,1,3,60.0,0,I,MELB_URBAN,STREET,4,5.0
118538,1,6,160,5,3,50.0,0,N,MELB_URBAN,STREET,5,23.0
118539,4,7,99,5,3,50.0,0,N,MELB_URBAN,STREET,5,5.0
118540,1,3,134,5,1,60.0,0,N,MELB_URBAN,ROAD,4,10.0
118541,4,7,181,5,5,100.0,0,N,RURAL_VICTORIA,ROAD,5,6.0
118542,1,5,130,1,1,80.0,0,I,RURAL_VICTORIA,ROAD,5,15.0
118543,1,5,130,1,9,70.0,0,I,MELB_URBAN,HIGHWAY,5,17.0
118544,1,7,99,2,1,50.0,0,I,LARGE_PROVINCIAL_CITIES,HIGHWAY,5,10.0
118545,1,5,132,1,1,60.0,0,N,MELB_URBAN,AVENUE,4,15.0
118546,4,5,173,5,5,100.0,0,N,RURAL_VICTORIA,HIGHWAY,5,20.0
118547,1,4,133,1,9,80.0,0,I,MELB_URBAN,ROAD,4,9.0
118548,1,7,113,1,1,80.0,0,I,MELB_URBAN,ROAD,5,12.0
118549,1,7,181,5,1,80.0,0,N,RURAL_VICTORIA,ROAD,5,10.0
118550,1,7,160,5,1,60.0,0,N,MELB_URBAN,STREET,5,11.0
118551,1,7,160,5,1,60.0,0,N,SMALL_CITIES,STREET,5,13.0
118552,1,7,121,5,1,70.0,1,N,MELB_URBAN,HIGHWAY,5,7.0
118553,1,6,110,1,2,50.0,0,I,LARGE_PROVINCIAL_CITIES,STREET,5,16.0
118554,1,7,110,1,1,50.0,0,I,MELB_URBAN,STREET,5,16.0
118555,4,7,173,5,2,60.0,0,N,MELB_URBAN,AVENUE,5,17.0
118556,4,7,181,5,2,100.0,0,N,RURAL_VICTORIA,HIGHWAY,5,16.0
118557,2,7,100,2,3,60.0,0,I,MELB_URBAN,ROAD,5,19.0
118558,6,3,174,1,9,60.0,0,I,MELB_URBAN,ROAD,4,10.0
118559,2,7,99,2,3,60.0,0,I,MELB_URBAN,STREET,5,20.0
118560,8,7,174,5,5,100.0,0,N,RURAL_VICTORIA,ROAD,5,22.0
118561,1,7,121,4,3,80.0,0,I,MELB_URBAN,RAMP,5,23.0
118562,1,5,130,2,1,70.0,0,I,MELB_URBAN,ROAD,5,11.0
118563,4,0,171,5,5,100.0,0,N,RURAL_VICTORIA,FREEWAY,5,4.0
118564,1,1,121,2,1,80.0,0,N,MELB_URBAN,HIGHWAY,5,8.0
118565,4,1,173,5,5,80.0,1,N,RURAL_VICTORIA,ROAD,5,4.0
118566,1,0,147,5,9,70.0,0,N,RURAL_VICTORIA,ROAD,5,9.0
118567,2,1,102,1,1,60.0,0,I,MELB_URBAN,ROAD,5,8.0
118568,4,1,171,5,1,100.0,0,N,RURAL_VICTORIA,ROAD,5,9.0
118569,1,1,116,2,1,50.0,0,I,MELB_URBAN,BOULEVARD,5,10.0
118570,1,3,116,1,1,60.0,0,I,MELB_URBAN,AVENUE,4,15.0
118571,1,5,160,5,9,60.0,0,N,MELB_URBAN,ROAD,4,12.0
118572,2,5,102,1,6,50.0,0,I,MELB_URBAN,STREET,4,6.0
118573,1,1,160,5,9,60.0,0,N,MELB_URBAN,STREET,4,7.0
118574,1,1,99,2,1,60.0,0,I,MELB_URBAN,ROAD,3,10.0
118575,6,1,174,5,1,100.0,0,N,RURAL_VICTORIA,ROAD,5,12.0
118576,1,7,99,1,5,100.0,0,N,RURAL_VICTORIA,FREEWAY,5,19.0
118577,1,4,130,1,1,60.0,0,N,LARGE_PROVINCIAL_CITIES,STREET,4,8.0
118578,4,1,181,5,5,100.0,0,N,RURAL_VICTORIA,ROAD,5,17.0
118579,1,1,130,5,1,60.0,0,N,MELB_URBAN,ROAD,5,16.0
118580,1,1,110,1,3,50.0,0,I,MELB_URBAN,STREET,5,19.0
118581,1,1,160,5,6,50.0,0,N,SMALL_CITIES,AVENUE,5,18.0
118582,4,1,171,5,3,70.0,0,N,MELB_URBAN,ROAD,5,21.0
118583,1,5,99,2,1,60.0,0,N,SMALL_CITIES,STREET,4,15.0
118584,1,2,130,1,2,50.0,0,I,LARGE_PROVINCIAL_CITIES,ROAD,5,7.0
118585,5,2,99,5,1,100.0,0,N,MELB_URBAN,FREEWAY,4,9.0
118586,6,7,99,5,2,60.0,0,N,RURAL_VICTORIA,ROAD,5,17.0
118587,1,3,130,1,1,50.0,0,I,MELB_URBAN,STREET,4,11.0
118588,1,1,121,2,1,60.0,0,I,MELB_URBAN,ROAD,5,14.0
118589,1,2,132,2,1,70.0,0,I,TOWNS,STREET,5,11.0
118590,4,1,173,5,1,100.0,0,N,MELB_URBAN,FREEWAY,5,11.0
118591,4,0,181,5,5,100.0,0,N,RURAL_VICTORIA,ROAD,5,18.0
118592,6,1,99,5,1,80.0,0,N,RURAL_VICTORIA,ROAD,5,10.0
118593,4,6,171,5,1,50.0,0,N,MELB_URBAN,DRIVE,5,8.0
118594,1,0,140,5,1,80.0,0,N,RURAL_VICTORIA,ROAD,5,15.0
118595,1,3,130,5,9,60.0,0,N,MELB_URBAN,STREET,3,15.0
118596,1,1,134,5,1,80.0,0,N,RURAL_VICTORIA,ROAD,5,15.0
118597,1,5,130,1,1,60.0,0,I,MELB_URBAN,OTHER,4,11.0
118598,1,2,99,5,1,60.0,0,N,MELB_URBAN,STREET,5,8.0
118599,4,2,183,5,1,50.0,0,N,MELB_URBAN,DRIVE,5,14.0
118600,1,5,130,1,1,80.0,0,I,MELB_URBAN,ROAD,4,9.0
118601,1,2,99,5,3,50.0,0,N,MELB_URBAN,AVENUE,5,18.0
118602,2,2,100,5,1,60.0,0,N,LARGE_PROVINCIAL_CITIES,ROAD,5,15.0
118603,1,2,121,1,3,60.0,0,I,MELB_URBAN,BOULEVARD,5,20.0
118604,2,2,99,5,3,50.0,0,N,MELB_URBAN,UNKNOWN,5,19.0
118605,6,7,174,2,5,60.0,0,I,MELB_URBAN,STREET,5,1.0
118606,1,4,130,5,1,60.0,0,N,MELB_URBAN,STREET,4,10.0
118607,4,3,171,5,5,80.0,0,N,RURAL_VICTORIA,ROAD,5,3.0
118608,1,3,120,5,1,60.0,0,N,MELB_URBAN,ROAD,5,8.0
118609,1,2,163,5,2,60.0,0,N,MELB_URBAN,ROAD,5,17.0
118610,6,3,99,2,1,60.0,0,I,MELB_URBAN,STREET,5,8.0
118611,4,3,173,5,1,40.0,0,N,TOWNS,HIGHWAY,5,8.0
118612,1,5,135,5,9,40.0,0,N,MELB_URBAN,ROAD,3,16.0
118613,1,2,110,1,1,80.0,0,I,RURAL_VICTORIA,ROAD,5,12.0
118614,5,7,99,5,2,100.0,0,N,RURAL_VICTORIA,ROAD,5,8.0
118615,4,3,171,5,1,60.0,0,N,RURAL_VICTORIA,ROAD,8,12.0
118616,1,2,110,1,2,50.0,0,I,TOWNS,STREET,5,17.0
118617,1,3,130,5,9,60.0,0,N,MELB_URBAN,HIGHWAY,4,15.0
118618,1,2,99,5,1,100.0,0,N,RURAL_VICTORIA,ROAD,5,9.0
118619,1,0,130,5,3,80.0,0,N,MELB_URBAN,ROAD,4,19.0
118620,1,3,111,1,1,70.0,0,I,MELB_URBAN,ROAD,5,13.0
118621,2,2,100,5,1,60.0,0,N,MELB_URBAN,UNKNOWN,5,14.0
118622,1,3,110,1,1,50.0,0,I,MELB_URBAN,STREET,5,15.0
118623,1,2,110,1,1,80.0,0,I,RURAL_VICTORIA,ROAD,5,15.0
118624,1,3,121,1,1,70.0,0,N,MELB_URBAN,ROAD,5,13.0
118625,1,2,130,2,1,60.0,0,I,MELB_URBAN,HIGHWAY,5,14.0
118626,1,5,110,1,9,60.0,0,I,TOWNS,STREET,4,6.0
118627,1,1,120,5,1,50.0,0,N,MELB_URBAN,ROAD,3,14.0
118628,2,2,100,5,1,50.0,0,N,TOWNS,HIGHWAY,5,14.0
118629,1,3,121,1,1,70.0,0,I,MELB_URBAN,ROAD,5,15.0
118630,8,3,99,5,5,100.0,0,N,RURAL_VICTORIA,ROAD,5,21.0
118631,1,5,110,1,1,50.0,0,I,MELB_URBAN,STREET,3,17.0
118632,2,3,100,5,3,80.0,1,N,MELB_URBAN,ROAD,5,22.0
118633,4,3,99,5,3,60.0,0,N,MELB_URBAN,BOULEVARD,5,22.0
118634,1,2,113,2,2,50.0,0,I,MELB_URBAN,STREET,5,6.0
118635,4,4,173,5,3,50.0,0,N,MELB_URBAN,OTHER,5,5.0
118636,4,4,181,5,5,80.0,0,N,RURAL_VICTORIA,ROAD,5,5.0
118637,1,6,130,5,1,50.0,0,N,LARGE_PROVINCIAL_CITIES,STREET,5,11.0
118638,2,3,102,5,1,50.0,0,N,MELB_URBAN,ROAD,4,15.0
118639,1,2,121,5,1,60.0,0,N,TOWNS,HIGHWAY,5,16.0
118640,1,4,121,1,1,60.0,0,I,MELB_URBAN,ROAD,5,8.0
118641,1,4,130,5,2,100.0,0,N,MELB_URBAN,FREEWAY,5,6.0
118642,1,6,132,2,2,70.0,0,I,MELB_URBAN,ROAD,5,17.0
118643,4,4,171,5,1,60.0,0,N,MELB_URBAN,ROAD,5,10.0
118644,4,4,171,2,1,60.0,0,I,MELB_URBAN,ROAD,5,9.0
118645,1,4,99,5,1,50.0,0,N,MELB_URBAN,OTHER,5,10.0
118646,2,4,102,1,1,60.0,0,I,MELB_URBAN,HIGHWAY,5,7.0
118647,6,4,174,5,1,100.0,0,N,RURAL_VICTORIA,ROAD,5,12.0
118648,1,4,113,4,1,60.0,0,I,MELB_URBAN,ROAD,5,9.0
118649,1,6,130,4,4,80.0,0,N,MELB_URBAN,ROAD,4,22.0
118650,1,3,120,5,1,40.0,0,N,MELB_URBAN,ROAD,5,10.0
118651,2,4,99,5,1,50.0,0,N,TOWNS,STREET,5,13.0
118652,1,4,99,5,1,50.0,0,N,MELB_URBAN,OTHER,5,14.0
118653,4,3,171,5,1,60.0,0,N,LARGE_PROVINCIAL_CITIES,STREET,3,16.0
118654,1,1,130,1,1,60.0,0,N,MELB_URBAN,ROAD,10,16.0
118655,1,4,163,5,1,40.0,0,N,MELB_URBAN,STREET,5,12.0
118656,1,3,130,1,1,70.0,0,I,MELB_URBAN,ROAD,3,10.0
118657,1,3,171,5,1,60.0,0,N,MELB_URBAN,ROAD,5,16.0
118658,1,4,110,1,1,100.0,0,I,RURAL_VICTORIA,HIGHWAY,5,17.0
118659,4,4,171,2,3,60.0,0,I,LARGE_PROVINCIAL_CITIES,STREET,5,3.0
118660,1,4,116,1,1,50.0,0,I,MELB_URBAN,ROAD,1,9.0
118661,1,5,130,1,2,60.0,0,I,MELB_URBAN,ROAD,5,6.0
118662,1,5,130,1,2,80.0,0,N,MELB_URBAN,ROAD,5,7.0
118663,1,5,120,5,1,100.0,0,N,RURAL_VICTORIA,ROAD,5,7.0
118664,1,5,99,2,1,60.0,0,I,MELB_URBAN,ROAD,5,13.0
118665,1,5,110,1,1,60.0,0,I,MELB_URBAN,ROAD,5,11.0
118666,1,5,113,1,1,80.0,0,I,SMALL_CITIES,HIGHWAY,5,12.0
118667,1,0,130,5,1,60.0,0,N,MELB_URBAN,DRIVE,4,12.0