,accident_type,day_of_week,dca_code,road_geometry,light_condition,speed_zone,severity,node_type,deg_urban_name,road_type,month,hour
118668,1,5,130,5,1,60.0,0,N,MELB_URBAN,DRIVE,5,12.0
118669,1,5,111,1,1,60.0,0,I,MELB_URBAN,STREET,5,14.0
118670,1,7,163,5,1,60.0,0,N,MELB_URBAN,STREET,5,14.0
118671,4,6,181,5,1,80.0,0,N,RURAL_VICTORIA,ROAD,3,9.0
118672,1,4,160,5,3,60.0,0,N,MELB_URBAN,HIGHWAY,4,3.0
118673,4,4,181,5,1,100.0,0,N,RURAL_VICTORIA,ROAD,5,15.0
118674,1,4,121,1,3,60.0,0,I,MELB_URBAN,ROAD,5,18.0
118675,4,5,171,5,1,50.0,0,N,MELB_URBAN,STREET,5,15.0
118676,4,5,183,3,5,110.0,0,I,RURAL_VICTORIA,RAMP,5,19.0
118677,1,5,130,5,5,80.0,0,N,RURAL_VICTORIA,ROAD,5,18.0
118678,2,5,99,5,3,60.0,0,N,TOWNS,STREET,5,21.0
118679,3,6,167,5,5,100.0,0,N,RURAL_VICTORIA,FREEWAY,5,2.0
118680,6,7,174,5,3,50.0,0,N,MELB_URBAN,ROAD,5,19.0
118681,1,5,121,2,2,80.0,0,I,SMALL_CITIES,HIGHWAY,5,17.0
118682,1,6,133,5,1,60.0,0,N,MELB_URBAN,BOULEVARD,5,8.0
118683,1,5,116,1,1,80.0,0,N,MELB_URBAN,OTHER,4,13.0
118684,8,7,174,1,9,70.0,0,I,MELB_URBAN,ROAD,4,15.0
118685,2,6,99,5,1,60.0,0,N,MELB_URBAN,ROAD,5,9.0
118686,1,6,110,1,1,50.0,0,I,LARGE_PROVINCIAL_CITIES,STREET,5,9.0
118687,1,2,121,3,2,60.0,0,I,TOWNS,ROAD,5,18.0
118688,1,4,130,2,2,60.0,0,N,RURAL_VICTORIA,HIGHWAY,5,17.0
118689,8,5,174,2,1,50.0,0,I,SMALL_CITIES,OTHER,4,17.0
118690,4,3,99,5,2,60.0,0,N,RURAL_VICTORIA,UNKNOWN,5,7.0
118691,2,5,99,5,1,50.0,0,N,MELB_URBAN,STREET,5,11.0
118692,1,6,110,1,2,80.0,0,I,MELB_URBAN,HIGHWAY,5,6.0
118693,1,6,110,1,1,60.0,0,I,SMALL_CITIES,STREET,4,10.0
118694,1,2,130,1,1,60.0,0,I,RURAL_VICTORIA,ROAD,11,17.0
118695,1,5,135,5,1,80.0,0,N,MELB_URBAN,HIGHWAY,5,12.0
118696,1,6,113,2,1,60.0,0,I,MELB_URBAN,ROAD,5,10.0
118697,1,5,99,2,1,50.0,0,I,MELB_URBAN,STREET,5,8.0
118698,4,6,173,5,1,60.0,0,N,RURAL_VICTORIA,ROAD,5,11.0
118699,1,6,160,5,1,50.0,0,N,MELB_URBAN,OTHER,5,14.0
118700,1,3,121,2,3,70.0,0,I,LARGE_PROVINCIAL_CITIES,HIGHWAY,4,23.0
118701,1,2,121,2,1,40.0,0,I,MELB_URBAN,STREET,4,15.0
118702,1,5,121,1,2,40.0,0,I,MELB_URBAN,STREET,5,17.0
118703,1,5,130,1,1,60.0,0,I,MELB_URBAN,ROAD,5,16.0
118704,1,6,110,1,3,60.0,0,I,MELB_URBAN,STREET,5,18.0
118705,1,5,130,5,1,40.0,0,N,MELB_URBAN,ROAD,5,18.0
118706,2,5,102,5,1,80.0,0,N,MELB_URBAN,HIGHWAY,5,14.0
118707,1,1,110,1,3,60.0,0,I,MELB_URBAN,STREET,5,19.0
118708,1,4,110,1,1,60.0,0,I,MELB_URBAN,ROAD,10,12.0
118709,4,7,173,5,3,60.0,0,N,SMALL_CITIES,DRIVE,5,0.0
118710,1,6,130,5,2,100.0,0,N,MELB_URBAN,ROAD,5,17.0
118711,1,6,135,1,1,50.0,0,I,MELB_URBAN,STREET,5,8.0
118712,8,6,174,1,1,50.0,0,I,MELB_URBAN,STREET,3,7.0
118713,1,5,130,5,9,60.0,0,N,RURAL_VICTORIA,ROAD,4,6.0
118714,1,2,130,1,1,70.0,0,N,MELB_URBAN,HIGHWAY,2,17.0
118715,1,5,130,2,5,60.0,0,I,MELB_URBAN,ROAD,4,17.0
118716,4,7,183,5,1,100.0,0,N,MELB_URBAN,RAMP,5,11.0
118717,1,6,132,5,1,60.0,0,N,MELB_URBAN,ROAD,4,16.0
118718,1,7,99,5,1,40.0,0,N,SMALL_CITIES,STREET,5,14.0
118719,1,7,110,1,1,60.0,0,I,MELB_URBAN,ROAD,5,14.0
118720,1,6,111,2,1,60.0,0,N,MELB_URBAN,ROAD,4,16.0
118721,1,6,130,5,1,70.0,0,N,MELB_URBAN,ROAD,5,15.0
118722,1,7,121,1,2,60.0,0,I,LARGE_PROVINCIAL_CITIES,ROAD,5,16.0
118723,4,7,171,5,1,70.0,0,N,MELB_URBAN,ROAD,5,15.0
118724,1,5,134,5,1,100.0,0,N,MELB_URBAN,ROAD,12,14.0
118725,1,7,99,5,1,80.0,0,N,SMALL_CITIES,STREET,5,17.0
118726,1,4,130,1,1,80.0,0,I,MELB_URBAN,HIGHWAY,4,16.0
118727,1,6,121,4,3,60.0,0,I,SMALL_CITIES,STREET,5,18.0
118728,4,7,171,5,5,100.0,0,N,RURAL_VICTORIA,ROAD,5,18.0
118729,1,7,110,1,3,60.0,0,N,RURAL_VICTORIA,STREET,5,19.0
118730,3,6,167,5,5,100.0,0,N,RURAL_VICTORIA,ROAD,5,20.0
118731,4,1,183,5,5,60.0,0,N,MELB_URBAN,ROAD,4,5.0
118732,1,7,99,1,1,60.0,0,I,MELB_URBAN,STREET,5,17.0
118733,4,7,173,5,1,60.0,0,N,MELB_URBAN,ROAD,5,14.0
118734,1,6,130,2,3,60.0,0,I,MELB_URBAN,ROAD,5,17.0
118735,1,3,133,2,1,70.0,0,N,MELB_URBAN,ROAD,2,9.0
118736,1,2,147,5,1,60.0,0,N,MELB_URBAN,ROAD,5,7.0
118737,1,3,116,1,1,60.0,0,I,LARGE_PROVINCIAL_CITIES,ROAD,5,7.0
118738,1,3,140,5,1,40.0,0,N,MELB_URBAN,ROAD,3,12.0
118739,1,0,99,1,1,50.0,0,I,MELB_URBAN,ROAD,5,8.0
118740,1,6,147,2,1,60.0,0,I,MELB_URBAN,ROAD,5,14.0
118741,8,1,99,5,1,80.0,0,N,SMALL_TOWNS,HIGHWAY,5,8.0
118742,4,7,171,5,1,80.0,0,N,RURAL_VICTORIA,HIGHWAY,5,14.0
118743,1,4,130,5,9,60.0,0,N,MELB_URBAN,HIGHWAY,10,12.0
118744,1,1,99,2,1,40.0,0,I,MELB_URBAN,ROAD,5,11.0
118745,1,0,160,5,1,50.0,0,N,MELB_URBAN,ROAD,5,12.0
118746,1,0,140,5,1,60.0,0,N,SMALL_TOWNS,STREET,5,11.0
118747,1,1,130,5,1,80.0,0,N,MELB_URBAN,HIGHWAY,1,12.0
118748,1,1,110,1,1,100.0,0,I,RURAL_VICTORIA,ROAD,5,11.0
118749,1,1,120,5,1,80.0,0,N,MELB_URBAN,HIGHWAY,5,13.0
118750,4,1,173,5,1,100.0,0,N,RURAL_VICTORIA,ROAD,5,8.0
118751,1,1,99,2,1,40.0,0,I,MELB_URBAN,STREET,5,9.0
118752,1,3,120,2,5,60.0,0,N,RURAL_VICTORIA,ROAD,5,17.0
118753,1,7,120,1,2,70.0,0,I,RURAL_VICTORIA,ROAD,5,17.0
118754,1,0,113,2,1,50.0,0,I,MELB_URBAN,OTHER,5,14.0
118755,1,7,121,4,1,60.0,0,I,MELB_URBAN,STREET,4,15.0
118756,4,0,181,5,1,100.0,0,N,RURAL_VICTORIA,ROAD,5,15.0
118757,1,1,99,5,3,60.0,0,N,MELB_URBAN,ROAD,5,19.0
118758,1,1,99,5,5,100.0,0,N,RURAL_VICTORIA,ROAD,5,18.0
118759,2,1,102,5,3,60.0,0,N,MELB_URBAN,ROAD,5,18.0
118760,4,0,181,5,5,60.0,0,N,RURAL_VICTORIA,ROAD,5,22.0
118761,1,2,130,5,9,100.0,0,N,MELB_URBAN,FREEWAY,4,6.0
118762,4,1,173,5,5,100.0,0,N,RURAL_VICTORIA,HIGHWAY,5,0.0
118763,1,4,110,1,3,60.0,0,I,MELB_URBAN,STREET,4,20.0
118764,1,2,133,5,1,100.0,0,N,RURAL_VICTORIA,HIGHWAY,5,6.0
118765,1,1,110,1,1,40.0,0,I,SMALL_TOWNS,AVENUE,5,12.0
118766,1,1,110,1,1,50.0,0,I,LARGE_PROVINCIAL_CITIES,STREET,5,12.0
118767,1,2,113,2,1,50.0,0,I,MELB_URBAN,ROAD,10,15.0
118768,1,2,116,1,1,80.0,0,I,MELB_URBAN,ROAD,3,12.0
118769,1,2,121,5,1,80.0,0,N,MELB_URBAN,ROAD,5,10.0
118770,1,1,113,1,9,60.0,0,I,RURAL_VICTORIA,ROAD,5,15.0
118771,4,2,171,5,1,60.0,0,N,RURAL_VICTORIA,RAMP,5,9.0
118772,8,4,99,5,2,40.0,0,N,MELB_URBAN,STREET,4,18.0
118773,2,1,100,5,9,60.0,0,N,MELB_URBAN,OTHER,3,5.0
118774,1,3,111,1,2,60.0,0,I,SMALL_CITIES,STREET,5,17.0
118775,1,2,113,2,2,60.0,1,I,MELB_URBAN,STREET,5,6.0
118776,4,2,171,5,2,100.0,0,N,RURAL_VICTORIA,ROAD,5,7.0
118777,1,1,121,1,1,80.0,0,I,MELB_URBAN,ROAD,5,15.0
118778,1,6,121,5,9,60.0,0,N,LARGE_PROVINCIAL_CITIES,STREET,3,16.0
118779,6,5,184,5,1,60.0,0,N,RURAL_VICTORIA,OTHER,12,10.0
118780,1,2,110,1,1,80.0,0,I,MELB_URBAN,ROAD,5,15.0
118781,1,6,99,2,1,60.0,0,N,MELB_URBAN,ROAD,2,16.0
118782,2,2,102,1,2,70.0,0,I,MELB_URBAN,ROAD,5,16.0
118783,4,1,173,5,1,70.0,0,N,MELB_URBAN,ROAD,5,15.0
118784,1,5,99,2,1,60.0,0,I,MELB_URBAN,ROAD,2,8.0
118785,4,5,173,5,1,60.0,0,I,MELB_URBAN,ROAD,3,10.0
118786,4,2,171,5,5,60.0,0,N,RURAL_VICTORIA,ROAD,5,19.0
118787,4,1,173,5,3,60.0,0,N,SMALL_CITIES,AVENUE,5,22.0
118788,2,3,99,5,3,50.0,0,N,MELB_URBAN,STREET,5,2.0
118789,1,4,160,5,1,50.0,0,N,MELB_URBAN,STREET,5,15.0
118790,1,1,130,5,1,80.0,0,N,MELB_URBAN,ROAD,5,15.0
118791,1,0,110,1,1,60.0,0,I,LARGE_PROVINCIAL_CITIES,STREET,3,14.0
118792,3,1,167,5,1,100.0,0,N,RURAL_VICTORIA,ROAD,4,12.0
118793,1,4,130,5,1,60.0,0,N,MELB_URBAN,HIGHWAY,4,12.0
118794,1,3,99,2,1,50.0,0,I,SMALL_CITIES,ROAD,5,8.0
118795,1,1,121,2,1,60.0,0,I,MELB_URBAN,ROAD,5,8.0
118796,1,0,130,5,1,60.0,0,I,MELB_URBAN,ROAD,5,12.0
118797,6,3,170,5,5,100.0,1,N,RURAL_VICTORIA,ROAD,5,3.0
118798,1,2,110,1,1,40.0,0,I,MELB_URBAN,STREET,5,11.0
118799,1,1,130,5,1,70.0,0,N,MELB_URBAN,DRIVE,5,8.0
118800,1,2,133,5,1,60.0,0,N,MELB_URBAN,ROAD,5,12.0
118801,2,3,102,1,1,50.0,0,I,SMALL_CITIES,STREET,5,12.0
118802,1,3,113,2,1,80.0,0,I,MELB_URBAN,ROAD,5,8.0
118803,1,2,110,1,1,50.0,0,I,MELB_URBAN,ROAD,5,12.0
118804,4,2,173,2,1,50.0,0,N,MELB_URBAN,OTHER,5,12.0
118805,1,5,110,1,5,60.0,0,I,MELB_URBAN,STREET,3,20.0
118806,1,3,130,5,1,70.0,0,N,SMALL_CITIES,AVENUE,5,15.0
118807,1,1,130,5,2,50.0,0,N,MELB_URBAN,STREET,5,17.0
118808,4,3,171,1,1,60.0,0,I,SMALL_CITIES,AVENUE,5,13.0
118809,1,3,99,4,1,70.0,0,I,MELB_URBAN,ROAD,5,16.0
118810,1,3,130,5,2,100.0,0,N,RURAL_VICTORIA,HIGHWAY,5,16.0
118811,1,5,130,5,1,50.0,0,N,MELB_URBAN,STREET,5,12.0
118812,1,1,163,5,1,40.0,0,N,MELBOURNE_CBD,STREET,5,11.0
118813,1,3,99,5,2,70.0,0,N,MELB_URBAN,HIGHWAY,5,16.0
118814,6,3,174,5,1,40.0,0,N,MELB_URBAN,ROAD,5,15.0
118815,1,3,160,5,1,50.0,0,N,MELB_URBAN,ROAD,5,16.0
118816,1,3,99,5,3,60.0,0,N,MELB_URBAN,PARADE,5,19.0
118817,1,3,160,5,3,60.0,0,N,MELB_URBAN,ROAD,5,20.0
118818,4,4,171,2,3,60.0,0,I,MELB_URBAN,UNKNOWN,5,4.0
118819,4,4,171,5,5,50.0,0,N,MELB_URBAN,STREET,5,6.0
118820,1,3,130,5,1,80.0,0,N,MELB_URBAN,ROAD,5,13.0
118821,4,4,173,5,3,70.0,0,N,RURAL_VICTORIA,HIGHWAY,5,6.0
118822,1,4,110,1,1,60.0,0,I,MELB_URBAN,ROAD,5,9.0
118823,4,4,183,4,1,80.0,0,N,MELB_URBAN,RAMP,5,7.0
118824,1,4,99,5,1,50.0,0,N,TOWNS,AVENUE,5,11.0
118825,1,6,111,2,1,60.0,0,I,MELB_URBAN,ROAD,1,19.0
118826,1,4,130,1,9,60.0,0,I,MELB_URBAN,UNKNOWN,11,12.0
118827,1,2,111,1,1,60.0,0,I,MELB_URBAN,ROAD,5,11.0
118828,2,1,99,5,6,50.0,0,N,MELB_URBAN,ROAD,5,18.0
118829,1,4,173,5,1,50.0,0,N,MELB_URBAN,STREET,5,12.0
118830,1,3,116,2,1,60.0,0,I,MELB_URBAN,ROAD,5,10.0
118831,1,6,110,1,3,50.0,0,I,MELB_URBAN,STREET,5,20.0
118832,4,4,173,1,1,100.0,0,N,RURAL_VICTORIA,HIGHWAY,5,8.0
118833,1,3,133,2,1,80.0,0,N,RURAL_VICTORIA,ROAD,5,13.0
118834,1,5,132,5,1,60.0,0,N,MELB_URBAN,ROAD,5,13.0
118835,1,4,110,1,1,60.0,0,I,MELB_URBAN,ROAD,5,11.0
118836,8,1,184,5,1,60.0,0,N,RURAL_VICTORIA,ROAD,3,13.0
118837,1,3,99,2,1,100.0,0,I,RURAL_VICTORIA,HIGHWAY,5,16.0
118838,1,4,130,5,1,60.0,0,N,MELB_URBAN,ROAD,5,16.0
118839,1,3,130,2,2,60.0,0,I,LARGE_PROVINCIAL_CITIES,ROAD,5,16.0
118840,1,3,160,5,3,50.0,0,N,MELB_URBAN,STREET,5,5.0
118841,1,3,121,1,1,80.0,0,I,MELB_URBAN,ROAD,5,14.0
118842,1,6,130,5,1,60.0,0,N,MELB_URBAN,ROAD,3,13.0
118843,1,4,160,5,1,60.0,0,N,MELB_URBAN,ROAD,5,16.0
118844,1,4,99,5,1,100.0,0,N,RURAL_VICTORIA,OTHER,5,17.0
118845,1,3,140,5,1,60.0,0,N,SMALL_CITIES,OTHER,5,14.0
118846,1,4,110,1,2,60.0,0,I,MELB_URBAN,ROAD,5,6.0
118847,1,4,160,5,3,60.0,0,N,MELB_URBAN,STREET,5,22.0
118848,1,4,121,2,1,70.0,0,I,MELB_URBAN,RAMP,5,17.0
118849,1,3,130,5,5,70.0,0,N,RURAL_VICTORIA,ROAD,5,18.0
118850,4,4,99,5,3,60.0,0,N,MELB_URBAN,ROAD,5,23.0
118851,4,5,173,5,5,100.0,0,N,RURAL_VICTORIA,ROAD,5,1.0
118852,1,3,132,1,1,60.0,0,N,SMALL_CITIES,STREET,4,13.0
118853,1,5,113,1,1,60.0,0,I,MELB_URBAN,STREET,5,7.0
118854,1,5,99,2,1,80.0,0,I,RURAL_VICTORIA,ROAD,5,7.0
118855,1,5,160,5,1,50.0,0,N,RURAL_VICTORIA,DRIVE,5,6.0
118856,1,7,130,5,1,60.0,0,N,MELB_URBAN,STREET,5,9.0
118857,1,3,110,1,1,60.0,0,I,LARGE_PROVINCIAL_CITIES,STREET,4,11.0
118858,1,3,99,1,9,50.0,0,I,MELB_URBAN,STREET,5,13.0
118859,1,3,130,2,1,60.0,0,I,MELB_URBAN,BOULEVARD,3,14.0
118860,1,4,110,1,1,50.0,0,I,SMALL_CITIES,STREET,4,10.0
118861,8,3,174,1,9,50.0,0,I,MELB_URBAN,STREET,5,20.0
118862,1,5,133,5,1,100.0,0,N,RURAL_VICTORIA,ROAD,5,13.0
118863,1,3,130,5,1,70.0,0,N,LARGE_PROVINCIAL_CITIES,ROAD,5,17.0
118864,4,5,171,1,1,80.0,0,I,MELB_URBAN,AVENUE,5,10.0
118865,1,5,99,2,1,60.0,0,I,SMALL_CITIES,AVENUE,5,11.0
118866,1,5,160,5,1,60.0,0,N,MELB_URBAN,ROAD,5,13.0
118867,1,5,130,5,1,80.0,0,N,RURAL_VICTORIA,ROAD,5,12.0
118868,1,5,99,5,1,100.0,0,N,RURAL_VICTORIA,HIGHWAY,5,14.0
118869,1,6,99,2,1,60.0,0,I,MELB_URBAN,STREET,4,16.0
118870,4,5,173,5,1,100.0,1,N,RURAL_VICTORIA,ROAD,5,15.0
118871,1,5,111,2,1,60.0,0,I,RURAL_VICTORIA,ROAD,5,15.0
118872,1,5,99,2,1,50.0,0,I,MELB_URBAN,OTHER,5,14.0
118873,1,3,135,5,3,60.0,0,N,RURAL_VICTORIA,ROAD,5,23.0
118874,4,5,171,5,5,80.0,0,N,RURAL_VICTORIA,ROAD,5,18.0
118875,2,5,100,1,3,60.0,0,N,MELB_URBAN,ROAD,5,18.0
118876,1,5,130,5,1,70.0,0,N,MELB_URBAN,ROAD,5,16.0
118877,6,3,174,1,9,40.0,0,I,MELB_URBAN,ROAD,4,16.0
118878,8,3,174,5,9,60.0,0,N,MELB_URBAN,ROAD,2,10.0
118879,4,5,99,2,3,60.0,0,I,MELB_URBAN,ROAD,5,18.0
118880,1,5,121,1,1,60.0,0,I,MELB_URBAN,ROAD,5,16.0
118881,1,5,130,5,5,100.0,0,N,TOWNS,ROAD,5,22.0
118882,1,4,140,5,3,80.0,0,N,MELB_URBAN,STREET,2,21.0
118883,4,2,173,2,3,60.0,0,I,LARGE_PROVINCIAL_CITIES,ROAD,5,23.0
118884,4,6,173,5,3,60.0,0,N,MELB_URBAN,ROAD,5,5.0
118885,4,5,173,5,5,100.0,1,N,RURAL_VICTORIA,ROAD,5,23.0
118886,4,5,173,5,3,60.0,0,N,MELB_URBAN,ROAD,5,4.0
118887,3,6,167,5,5,100.0,0,N,RURAL_VICTORIA,ROAD,5,17.0
118888,3,3,167,5,2,100.0,0,N,RURAL_VICTORIA,ROAD,5,8.0
118889,9,6,99,5,1,50.0,0,N,LARGE_PROVINCIAL_CITIES,STREET,5,9.0
118890,1,6,120,5,1,60.0,0,N,MELB_URBAN,STREET,5,9.0
118891,1,4,121,2,1,70.0,0,I,MELB_URBAN,ROAD,2,17.0
118892,6,3,174,5,1,50.0,0,N,MELB_URBAN,ROAD,2,9.0
118893,4,5,171,2,1,80.0,0,N,RURAL_VICTORIA,STREET,5,9.0
118894,1,4,130,5,2,80.0,0,N,MELB_URBAN,ROAD,5,17.0
118895,1,5,163,5,1,40.0,0,N,RURAL_VICTORIA,BOULEVARD,5,10.0
118896,4,5,171,5,3,60.0,0,N,MELB_URBAN,ROAD,5,19.0
118897,1,6,113,4,1,80.0,0,I,MELB_URBAN,ROAD,5,12.0
118898,1,1,130,2,1,60.0,0,I,MELB_URBAN,ROAD,5,9.0
118899,1,1,130,5,1,100.0,0,N,SMALL_TOWNS,FREEWAY,5,7.0
118900,8,3,170,5,6,80.0,0,N,MELB_URBAN,ROAD,5,6.0
118901,1,6,110,1,1,50.0,0,I,MELB_URBAN,ROAD,5,13.0
118902,1,6,130,5,1,80.0,0,N,MELB_URBAN,ROAD,5,12.0
118903,2,6,100,2,1,70.0,0,I,MELB_URBAN,STREET,5,12.0
118904,1,2,130,5,1,60.0,0,N,MELB_URBAN,ROAD,3,19.0
118905,6,1,170,5,3,60.0,0,N,MELB_URBAN,ROAD,5,3.0
118906,1,6,140,5,1,100.0,0,N,RURAL_VICTORIA,HIGHWAY,5,14.0
118907,1,6,130,5,1,80.0,0,N,MELB_URBAN,ROAD,5,14.0
118908,1,5,99,5,1,50.0,0,N,MELB_URBAN,ROAD,5,14.0
118909,1,4,130,5,1,70.0,0,N,MELB_URBAN,ROAD,5,15.0
118910,8,6,174,5,3,60.0,0,N,MELB_URBAN,STREET,5,6.0
118911,1,5,110,1,3,50.0,0,I,LARGE_PROVINCIAL_CITIES,STREET,5,18.0
118912,1,6,130,5,2,100.0,0,N,MELB_URBAN,FREEWAY,5,17.0
118913,1,5,99,5,9,60.0,0,N,MELB_URBAN,STREET,3,16.0
118914,1,6,121,1,1,60.0,0,I,MELB_URBAN,ROAD,5,15.0
118915,1,7,130,5,1,70.0,0,N,MELB_URBAN,HIGHWAY,5,13.0
118916,1,5,99,5,3,40.0,0,N,MELB_URBAN,STREET,5,18.0
118917,2,6,102,1,1,40.0,0,N,MELB_URBAN,STREET,5,14.0
118918,1,6,121,1,3,60.0,0,I,RURAL_VICTORIA,ROAD,5,18.0
118919,1,6,121,1,3,60.0,0,I,MELB_URBAN,STREET,5,18.0
118920,1,6,99,5,2,50.0,0,N,MELB_URBAN,ROAD,5,18.0
118921,1,5,130,1,3,80.0,0,I,MELB_URBAN,HIGHWAY,5,22.0
118922,1,5,130,2,1,50.0,0,I,MELB_URBAN,PARADE,5,16.0
118923,1,6,160,5,3,60.0,0,N,MELB_URBAN,STREET,5,21.0
118924,2,4,100,2,1,50.0,0,N,MELB_URBAN,OTHER,4,15.0
118925,4,6,173,5,5,80.0,0,N,RURAL_VICTORIA,ROAD,5,1.0
118926,8,2,174,5,1,50.0,1,N,TOWNS,STREET,3,12.0
118927,1,1,99,4,1,60.0,0,I,MELB_URBAN,STREET,5,13.0
118928,1,7,121,4,2,60.0,0,I,MELB_URBAN,ROAD,5,6.0
118929,2,7,102,2,1,60.0,0,N,MELB_URBAN,ROAD,5,10.0
118930,1,7,110,1,1,100.0,0,I,RURAL_VICTORIA,ROAD,5,11.0
118931,1,7,130,5,1,60.0,0,N,SMALL_CITIES,ROAD,5,12.0
118932,1,7,130,5,1,50.0,0,N,LARGE_PROVINCIAL_CITIES,STREET,5,12.0
118933,1,7,121,1,1,60.0,0,I,MELB_URBAN,ROAD,5,10.0
118934,4,7,171,5,1,100.0,0,N,RURAL_VICTORIA,ROAD,5,13.0
118935,1,7,99,5,1,50.0,0,N,MELB_URBAN,ROAD,5,12.0
118936,1,7,99,1,1,80.0,0,N,MELB_URBAN,ROAD,5,12.0
118937,1,7,140,2,1,50.0,0,N,MELB_URBAN,STREET,5,14.0
118938,1,7,147,5,1,60.0,0,N,SMALL_CITIES,STREET,5,13.0
118939,4,6,173,5,1,60.0,0,N,MELB_URBAN,ROAD,5,14.0
118940,1,7,113,2,1,100.0,0,I,SMALL_CITIES,HIGHWAY,5,13.0
118941,1,6,110,1,1,60.0,0,I,LARGE_PROVINCIAL_CITIES,STREET,5,15.0
118942,6,7,99,5,1,80.0,0,N,RURAL_VICTORIA,ROAD,5,13.0
118943,1,7,130,5,1,80.0,0,N,MELB_URBAN,HIGHWAY,5,15.0
118944,8,7,99,5,1,50.0,0,N,TOWNS,DRIVE,5,16.0
118945,8,6,184,5,1,100.0,0,O,RURAL_VICTORIA,UNKNOWN,5,17.0
118946,4,7,181,5,1,100.0,0,N,RURAL_VICTORIA,HIGHWAY,5,15.0
118947,1,7,113,2,1,100.0,0,I,RURAL_VICTORIA,ROAD,5,16.0
118948,1,7,147,5,1,60.0,0,N,RURAL_VICTORIA,ROAD,5,15.0
118949,4,7,183,5,3,80.0,0,N,MELB_URBAN,RAMP,5,3.0
118950,1,7,135,5,1,100.0,0,N,RURAL_VICTORIA,HIGHWAY,5,17.0
118951,1,4,130,5,3,80.0,0,N,MELB_URBAN,ROAD,4,19.0
118952,1,7,110,1,3,50.0,0,N,MELB_URBAN,AVENUE,5,18.0
118953,1,7,121,5,2,80.0,0,N,RURAL_VICTORIA,ROAD,5,17.0
118954,1,7,130,5,1,50.0,0,N,MELB_URBAN,STREET,5,15.0
118955,1,6,147,5,1,60.0,0,N,SMALL_CITIES,STREET,5,16.0
118956,2,7,102,5,3,60.0,0,N,MELB_URBAN,HIGHWAY,5,21.0
118957,4,6,99,2,1,50.0,0,I,MELB_URBAN,DRIVE,5,16.0
118958,1,7,147,5,1,60.0,0,N,MELB_URBAN,ROAD,5,16.0
118959,1,7,160,5,5,50.0,0,N,MELB_URBAN,STREET,5,21.0
118960,1,3,99,5,1,50.0,0,N,MELB_URBAN,ROAD,4,12.0
118961,4,1,183,5,2,80.0,0,N,RURAL_VICTORIA,RAMP,5,6.0
118962,4,0,171,1,1,80.0,0,I,MELB_URBAN,HIGHWAY,5,7.0
118963,1,3,130,5,1,70.0,0,N,MELB_URBAN,ROAD,5,15.0
118964,6,1,99,5,1,100.0,0,N,RURAL_VICTORIA,ROAD,5,10.0
118965,4,1,171,5,1,80.0,0,N,RURAL_VICTORIA,ROAD,5,12.0
118966,3,6,167,5,1,70.0,0,N,RURAL_VICTORIA,ROAD,5,14.0
118967,1,1,120,2,1,60.0,0,I,TOWNS,ROAD,5,8.0
118968,1,1,116,2,1,80.0,0,I,RURAL_VICTORIA,ROAD,5,14.0
118969,4,0,181,5,1,80.0,0,N,RURAL_VICTORIA,ROAD,5,10.0
118970,4,7,173,5,5,100.0,0,N,RURAL_VICTORIA,ROAD,5,1.0
118971,1,0,130,1,1,70.0,0,I,MELB_URBAN,ROAD,5,13.0
118972,2,1,100,5,1,80.0,0,I,MELB_URBAN,STREET,5,13.0
118973,2,1,100,1,1,60.0,0,N,MELB_URBAN,ROAD,5,16.0
118974,4,1,171,1,1,50.0,0,I,MELB_URBAN,ROAD,5,14.0
118975,2,2,100,3,5,50.0,0,I,MELB_URBAN,STREET,5,18.0
118976,2,1,102,1,1,50.0,0,I,MELB_URBAN,STREET,5,15.0
118977,4,0,183,5,3,60.0,0,N,SMALL_CITIES,ROAD,5,17.0
118978,1,0,130,5,3,100.0,0,N,MELB_URBAN,FREEWAY,5,18.0
118979,1,1,113,1,3,50.0,0,I,MELBOURNE_CBD,STREET,5,21.0
118980,2,1,99,5,1,60.0,0,N,MELB_URBAN,OTHER,5,13.0
118981,1,1,99,5,1,60.0,0,N,LARGE_PROVINCIAL_CITIES,STREET,5,16.0
118982,8,1,174,1,3,50.0,0,I,MELB_URBAN,DRIVE,5,23.0
118983,1,2,130,5,1,80.0,0,N,MELB_URBAN,FREEWAY,5,6.0
118984,1,4,113,2,1,60.0,0,I,MELB_URBAN,ROAD,4,15.0
118985,8,1,174,5,1,40.0,0,N,MELB_URBAN,STREET,5,6.0
118986,1,2,110,1,1,50.0,0,I,SMALL_CITIES,STREET,5,7.0
118987,4,2,99,5,1,50.0,0,N,MELB_URBAN,OTHER,5,7.0
118988,1,6,99,5,1,50.0,0,N,TOWNS,STREET,5,16.0
118989,1,1,110,1,1,50.0,0,I,MELB_URBAN,STREET,5,8.0
118990,1,2,147,5,1,50.0,0,N,MELB_URBAN,STREET,5,9.0
118991,8,7,99,5,1,70.0,0,N,TOWNS,ROAD,5,13.0
118992,8,1,99,5,1,100.0,0,N,RURAL_VICTORIA,OTHER,5,12.0
118993,1,2,121,1,1,80.0,0,I,MELB_URBAN,ROAD,5,11.0