,accident_type,day_of_week,dca_code,road_geometry,light_condition,speed_zone,severity,node_type,deg_urban_name,road_type,month,hour
118994,8,1,99,5,1,70.0,0,N,RURAL_VICTORIA,ROAD,5,11.0
118995,6,1,184,5,1,50.0,0,I,MELB_URBAN,OTHER,5,13.0
118996,2,2,102,5,1,50.0,0,N,TOWNS,STREET,5,13.0
118997,1,2,132,5,1,60.0,0,N,MELB_URBAN,ROAD,5,13.0
118998,1,2,116,2,1,50.0,0,I,MELB_URBAN,BOULEVARD,5,12.0
118999,1,2,99,5,1,50.0,0,N,MELB_URBAN,AVENUE,5,13.0
119000,6,1,174,5,1,60.0,0,N,RURAL_VICTORIA,ROAD,5,14.0
119001,1,2,160,1,1,50.0,0,I,MELB_URBAN,DRIVE,5,10.0
119002,1,7,99,2,1,80.0,0,I,MELB_URBAN,ROAD,12,12.0
119003,9,7,99,5,1,60.0,0,N,SMALL_TOWNS,ROAD,5,14.0
119004,1,2,140,1,1,60.0,0,I,MELB_URBAN,ROAD,5,15.0
119005,3,2,167,5,5,80.0,0,N,RURAL_VICTORIA,ROAD,2,23.0
119006,3,1,167,5,1,80.0,0,N,RURAL_VICTORIA,ROAD,5,16.0
119007,1,1,110,1,1,80.0,0,I,RURAL_VICTORIA,ROAD,5,15.0
119008,1,2,99,2,1,50.0,0,N,SMALL_CITIES,STREET,5,14.0
119009,4,2,171,1,3,60.0,0,I,LARGE_PROVINCIAL_CITIES,STREET,5,18.0
119010,1,1,99,5,1,100.0,0,N,RURAL_VICTORIA,FREEWAY,5,14.0
119011,1,2,171,5,3,60.0,0,N,MELB_URBAN,AVENUE,5,22.0
119012,8,7,174,5,1,60.0,0,N,MELB_URBAN,STREET,5,10.0
119013,4,3,171,1,3,80.0,0,I,MELB_URBAN,ROAD,3,5.0
119014,6,3,174,5,6,60.0,0,N,MELB_URBAN,DRIVE,5,3.0
119015,4,6,171,5,1,50.0,0,N,LARGE_PROVINCIAL_CITIES,ROAD,5,7.0
119016,4,7,173,1,1,30.0,0,N,MELB_URBAN,STREET,5,15.0
119017,1,4,121,2,1,70.0,0,I,LARGE_PROVINCIAL_CITIES,HIGHWAY,3,15.0
119018,3,0,167,5,2,80.0,0,N,RURAL_VICTORIA,ROAD,4,17.0
119019,8,1,99,5,1,60.0,0,N,RURAL_VICTORIA,ROAD,5,13.0
119020,1,3,99,1,1,80.0,0,I,MELB_URBAN,HIGHWAY,5,11.0
119021,1,1,160,5,1,40.0,0,N,SMALL_CITIES,STREET,5,16.0
119022,5,6,99,5,1,60.0,0,N,MELB_URBAN,ROAD,2,10.0
119023,6,1,174,5,1,60.0,0,N,MELB_URBAN,ROAD,5,15.0
119024,1,5,133,5,1,80.0,0,N,MELB_URBAN,FREEWAY,2,11.0
119025,4,2,183,5,1,50.0,0,N,MELB_URBAN,DRIVE,5,11.0
119026,1,2,110,1,1,50.0,0,I,SMALL_CITIES,STREET,5,12.0
119027,2,3,100,5,1,60.0,0,N,MELB_URBAN,STREET,5,13.0
119028,1,3,113,2,1,60.0,0,I,LARGE_PROVINCIAL_CITIES,AVENUE,5,13.0
119029,6,3,184,5,1,80.0,0,N,RURAL_VICTORIA,ROAD,5,15.0
119030,1,0,116,4,1,60.0,0,I,MELB_URBAN,RAMP,5,15.0
119031,1,3,120,5,2,60.0,0,N,RURAL_VICTORIA,ROAD,5,17.0
119032,4,7,181,5,1,100.0,0,N,RURAL_VICTORIA,ROAD,5,13.0
119033,1,0,110,1,9,80.0,0,I,RURAL_VICTORIA,ROAD,3,16.0
119034,5,4,173,5,3,60.0,0,N,RURAL_VICTORIA,ROAD,5,1.0
119035,8,3,170,5,5,80.0,0,N,RURAL_VICTORIA,ROAD,5,22.0
119036,1,4,130,5,1,100.0,0,N,MELB_URBAN,RAMP,5,7.0
119037,1,3,121,1,1,80.0,0,I,MELB_URBAN,ROAD,5,7.0
119038,1,2,130,5,2,60.0,0,N,MELB_URBAN,STREET,5,18.0
119039,4,4,181,2,2,100.0,1,I,TOWNS,ROAD,5,5.0
119040,1,4,99,5,1,100.0,0,N,RURAL_VICTORIA,ROAD,5,10.0
119041,1,4,99,5,1,80.0,0,N,MELB_URBAN,ROAD,5,11.0
119042,1,4,147,5,1,80.0,0,N,MELB_URBAN,ROAD,5,8.0
119043,1,4,110,1,1,60.0,0,I,LARGE_PROVINCIAL_CITIES,STREET,5,7.0
119044,8,2,174,2,1,60.0,0,I,MELB_URBAN,ROAD,5,7.0
119045,1,3,110,1,1,50.0,0,I,LARGE_PROVINCIAL_CITIES,STREET,5,10.0
119046,1,6,130,1,1,40.0,0,I,MELB_URBAN,STREET,4,12.0
119047,6,3,170,5,9,80.0,0,N,RURAL_VICTORIA,ROAD,11,8.0
119048,2,3,99,5,1,50.0,0,N,MELB_URBAN,AVENUE,5,12.0
119049,1,4,113,4,1,70.0,0,I,RURAL_VICTORIA,ROAD,5,12.0
119050,4,7,171,5,1,100.0,0,N,SMALL_CITIES,ROAD,5,16.0
119051,1,4,147,5,1,60.0,0,N,RURAL_VICTORIA,ROAD,5,10.0
119052,1,4,113,2,1,80.0,0,I,RURAL_VICTORIA,HIGHWAY,5,14.0
119053,2,4,100,1,1,60.0,0,I,MELB_URBAN,ROAD,5,13.0
119054,1,4,121,1,1,50.0,0,I,MELB_URBAN,STREET,5,13.0
119055,1,6,130,1,1,70.0,0,I,MELB_URBAN,ROAD,4,10.0
119056,1,4,133,5,1,60.0,0,N,MELB_URBAN,ROAD,5,15.0
119057,1,4,130,5,1,60.0,0,O,MELB_URBAN,HIGHWAY,5,14.0
119058,4,2,99,2,2,40.0,0,N,TOWNS,STREET,5,16.0
119059,1,4,116,2,1,60.0,0,I,MELB_URBAN,ROAD,5,16.0
119060,1,5,121,1,1,60.0,0,I,MELB_URBAN,STREET,5,9.0
119061,1,3,110,1,1,60.0,0,I,LARGE_PROVINCIAL_CITIES,STREET,5,16.0
119062,1,6,111,2,1,50.0,0,I,MELB_URBAN,OTHER,5,13.0
119063,1,4,132,2,1,60.0,0,I,MELB_URBAN,ROAD,5,16.0
119064,2,4,100,1,1,60.0,0,N,MELB_URBAN,ROAD,5,15.0
119065,4,4,171,5,1,80.0,0,N,RURAL_VICTORIA,ROAD,5,15.0
119066,1,3,130,5,1,80.0,0,N,MELB_URBAN,ROAD,5,12.0
119067,1,4,121,1,3,60.0,0,I,MELB_URBAN,ROAD,5,18.0
119068,1,3,130,1,2,60.0,0,N,MELB_URBAN,ROAD,10,18.0
119069,4,4,181,5,3,60.0,0,N,MELB_URBAN,DRIVE,5,18.0
119070,1,4,147,5,1,60.0,0,N,MELB_URBAN,AVENUE,5,15.0
119071,5,4,99,5,3,100.0,0,N,MELB_URBAN,FREEWAY,5,20.0
119072,2,4,99,5,5,60.0,0,N,MELB_URBAN,OTHER,5,20.0
119073,5,4,99,5,3,60.0,0,N,MELB_URBAN,ROAD,5,20.0
119074,1,4,130,5,3,60.0,0,N,MELB_URBAN,ROAD,5,22.0
119075,1,5,130,2,3,80.0,0,I,MELB_URBAN,ROAD,5,6.0
119076,1,5,130,1,3,80.0,0,I,MELB_URBAN,ROAD,5,6.0
119077,1,1,160,5,2,50.0,0,N,MELB_URBAN,STREET,5,17.0
119078,1,1,130,1,1,60.0,0,I,MELB_URBAN,ROAD,3,11.0
119079,4,5,183,5,1,100.0,0,N,RURAL_VICTORIA,HIGHWAY,5,9.0
119080,4,4,171,5,1,100.0,0,N,RURAL_VICTORIA,ROAD,5,9.0
119081,1,7,116,2,1,80.0,0,I,MELB_URBAN,AVENUE,5,8.0
119082,5,4,99,1,3,60.0,0,N,MELB_URBAN,STREET,5,23.0
119083,6,1,174,5,1,60.0,0,N,RURAL_VICTORIA,ROAD,5,12.0
119084,1,5,121,2,1,60.0,0,I,MELB_URBAN,STREET,5,12.0
119085,1,4,121,1,3,60.0,0,I,MELB_URBAN,ROAD,5,18.0
119086,1,4,130,5,1,80.0,0,N,MELB_URBAN,HIGHWAY,5,15.0
119087,1,4,116,2,1,50.0,0,I,MELB_URBAN,ROAD,5,11.0
119088,6,3,174,1,1,40.0,0,N,MELB_URBAN,STREET,5,13.0
119089,1,4,113,1,1,80.0,0,I,MELB_URBAN,ROAD,5,12.0
119090,8,5,174,5,1,40.0,0,N,MELB_URBAN,DRIVE,5,10.0
119091,8,7,99,5,1,60.0,0,N,RURAL_VICTORIA,ROAD,2,8.0
119092,1,5,121,4,2,80.0,0,N,MELB_URBAN,ROAD,5,17.0
119093,1,4,147,5,3,60.0,0,N,MELB_URBAN,ROAD,5,17.0
119094,1,5,116,2,3,80.0,0,I,MELB_URBAN,HIGHWAY,5,17.0
119095,8,5,174,2,3,60.0,0,I,MELB_URBAN,ROAD,5,19.0
119096,3,0,167,5,9,60.0,0,N,RURAL_VICTORIA,BOULEVARD,12,11.0
119097,1,5,111,1,3,50.0,0,I,SMALL_CITIES,STREET,5,19.0
119098,4,5,173,2,3,80.0,0,I,RURAL_VICTORIA,UNKNOWN,5,18.0
119099,1,5,99,5,3,60.0,0,N,SMALL_CITIES,STREET,5,19.0
119100,1,5,121,1,3,60.0,0,I,MELB_URBAN,HIGHWAY,5,19.0
119101,2,4,99,5,3,60.0,0,N,MELB_URBAN,STREET,5,23.0
119102,2,4,99,3,3,60.0,0,I,MELB_URBAN,ROAD,5,21.0
119103,4,5,171,5,3,100.0,0,N,MELB_URBAN,FREEWAY,5,23.0
119104,4,6,181,5,3,60.0,0,N,MELB_URBAN,ROAD,5,4.0
119105,1,6,110,1,3,40.0,0,I,MELB_URBAN,ROAD,5,20.0
119106,1,4,130,1,2,60.0,0,I,MELB_URBAN,STREET,5,16.0
119107,2,5,102,2,3,60.0,0,N,SMALL_CITIES,STREET,5,5.0
119108,1,4,99,1,2,50.0,0,I,MELB_URBAN,STREET,5,16.0
119109,1,5,134,5,1,80.0,0,N,MELB_URBAN,ROAD,5,15.0
119110,1,6,120,1,1,80.0,0,N,MELB_URBAN,ROAD,5,10.0
119111,1,5,99,9,1,80.0,0,N,RURAL_VICTORIA,ROAD,5,13.0
119112,1,4,130,2,1,40.0,0,N,MELB_URBAN,ROAD,5,14.0
119113,1,1,130,4,1,60.0,0,I,MELB_URBAN,ROAD,5,13.0
119114,4,6,173,5,1,110.0,0,N,RURAL_VICTORIA,FREEWAY,5,8.0
119115,2,5,99,5,1,60.0,0,N,MELB_URBAN,ROAD,5,10.0
119116,4,4,181,5,9,60.0,0,N,RURAL_VICTORIA,ROAD,5,10.0
119117,1,5,130,5,1,60.0,0,N,MELB_URBAN,ROAD,5,12.0
119118,1,0,121,1,9,60.0,0,I,MELB_URBAN,ROAD,5,18.0
119119,1,6,110,1,2,60.0,0,I,RURAL_VICTORIA,ROAD,5,7.0
119120,6,0,170,5,1,100.0,0,N,RURAL_VICTORIA,OTHER,5,14.0
119121,1,5,110,1,2,40.0,0,I,MELB_URBAN,STREET,5,17.0
119122,6,6,174,2,1,50.0,0,I,MELB_URBAN,PARADE,5,16.0
119123,1,5,99,1,1,60.0,0,I,MELB_URBAN,ROAD,5,13.0
119124,6,6,174,5,2,50.0,0,N,MELB_URBAN,ROAD,5,6.0
119125,2,1,100,2,3,70.0,0,I,MELB_URBAN,ROAD,5,17.0
119126,8,5,170,1,2,50.0,0,I,MELB_URBAN,ROAD,5,7.0
119127,1,6,121,1,1,80.0,0,I,MELB_URBAN,ROAD,5,16.0
119128,1,5,110,1,3,80.0,0,I,RURAL_VICTORIA,DRIVE,5,17.0
119129,1,5,130,5,2,80.0,0,N,MELB_URBAN,ROAD,5,17.0
119130,4,3,99,2,5,100.0,0,I,RURAL_VICTORIA,ROAD,5,17.0
119131,4,6,99,2,3,50.0,0,I,MELB_URBAN,STREET,5,17.0
119132,1,5,120,5,5,80.0,0,N,RURAL_VICTORIA,HIGHWAY,5,17.0
119133,1,2,113,2,3,50.0,0,I,MELB_URBAN,AVENUE,5,20.0
119134,1,4,130,2,1,80.0,0,I,MELB_URBAN,HIGHWAY,5,16.0
119135,1,5,163,5,5,50.0,0,N,MELB_URBAN,ROAD,5,18.0
119136,1,6,110,1,3,50.0,0,I,MELB_URBAN,ROAD,5,21.0
119137,2,6,100,2,1,50.0,0,I,MELB_URBAN,ROAD,5,8.0
119138,1,6,147,5,3,70.0,0,N,MELB_URBAN,STREET,5,22.0
119139,1,7,120,5,5,80.0,0,N,SMALL_TOWNS,ROAD,5,2.0
119140,1,5,147,5,1,60.0,0,N,LARGE_PROVINCIAL_CITIES,AVENUE,5,11.0
119141,1,6,99,1,3,60.0,0,I,MELB_URBAN,STREET,5,20.0
119142,1,6,99,5,1,50.0,0,N,SMALL_CITIES,STREET,5,14.0
119143,1,7,110,1,1,80.0,0,I,MELB_URBAN,ROAD,5,7.0
119144,1,6,110,1,1,60.0,0,I,TOWNS,STREET,5,16.0
119145,5,6,99,5,1,60.0,0,N,RURAL_VICTORIA,ROAD,5,8.0
119146,4,7,173,5,1,100.0,0,N,MELB_URBAN,FREEWAY,5,8.0
119147,1,2,99,1,1,80.0,0,N,MELB_URBAN,ROAD,5,13.0
119148,1,7,121,2,1,50.0,0,I,MELB_URBAN,DRIVE,5,11.0
119149,6,6,99,5,1,100.0,0,N,RURAL_VICTORIA,ROAD,5,10.0
119150,4,7,99,5,1,60.0,0,N,MELB_URBAN,ROAD,5,8.0
119151,1,7,99,5,1,70.0,0,N,MELB_URBAN,ROAD,5,12.0
119152,1,7,113,2,1,60.0,0,I,SMALL_CITIES,ROAD,5,14.0
119153,1,2,134,5,1,80.0,0,N,MELB_URBAN,RAMP,5,9.0
119154,1,7,110,1,1,40.0,0,I,MELB_URBAN,STREET,2,16.0
119155,1,6,121,2,1,80.0,0,I,MELB_URBAN,ROAD,5,15.0
119156,1,7,130,1,1,80.0,0,I,MELB_URBAN,HIGHWAY,5,14.0
119157,1,5,121,1,3,60.0,0,I,MELB_URBAN,ROAD,5,17.0
119158,1,5,132,1,2,60.0,0,I,MELB_URBAN,ROAD,5,17.0
119159,1,7,121,5,3,80.0,0,N,MELB_URBAN,ROAD,5,19.0
119160,1,7,130,1,3,60.0,0,N,MELB_URBAN,ROAD,5,20.0
119161,4,7,183,5,1,100.0,0,N,RURAL_VICTORIA,ROAD,5,15.0
119162,2,7,100,2,3,60.0,0,I,MELB_URBAN,ROAD,5,18.0
119163,2,7,100,3,3,60.0,0,I,MELB_URBAN,ROAD,5,18.0
119164,6,7,174,5,3,50.0,0,N,MELB_URBAN,OTHER,5,20.0
119165,4,1,173,2,3,60.0,0,I,MELB_URBAN,ROAD,5,1.0
119166,1,6,130,5,1,80.0,0,N,MELB_URBAN,RAMP,5,15.0
119167,7,2,99,5,1,60.0,0,N,MELBOURNE_CBD,STREET,3,17.0
119168,1,5,99,2,1,50.0,0,I,MELB_URBAN,STREET,5,16.0
119169,1,1,110,1,1,60.0,0,I,LARGE_PROVINCIAL_CITIES,STREET,5,10.0
119170,5,1,99,5,1,60.0,0,N,RURAL_VICTORIA,ROAD,5,12.0
119171,1,0,116,2,1,60.0,0,I,RURAL_VICTORIA,BOULEVARD,5,12.0
119172,1,1,99,2,1,80.0,0,I,RURAL_VICTORIA,ROAD,5,12.0
119173,4,3,173,5,5,60.0,0,N,RURAL_VICTORIA,ROAD,5,19.0
119174,1,2,130,2,1,70.0,0,I,MELB_URBAN,ROAD,5,13.0
119175,1,0,110,1,1,60.0,0,I,MELB_URBAN,STREET,5,11.0
119176,2,1,99,2,1,60.0,0,N,MELB_URBAN,DRIVE,5,10.0
119177,1,7,147,5,1,60.0,0,N,MELB_URBAN,DRIVE,5,13.0
119178,4,1,173,5,1,60.0,0,N,MELB_URBAN,DRIVE,5,12.0
119179,1,1,130,5,1,60.0,0,N,MELB_URBAN,STREET,5,14.0
119180,3,1,167,5,1,100.0,0,N,RURAL_VICTORIA,ROAD,5,12.0
119181,8,7,184,2,1,50.0,0,N,MELB_URBAN,ROAD,5,8.0
119182,8,1,174,5,3,60.0,0,N,MELB_URBAN,ROAD,5,17.0
119183,1,0,110,1,1,70.0,0,I,RURAL_VICTORIA,ROAD,5,16.0
119184,1,4,130,4,1,70.0,0,N,LARGE_PROVINCIAL_CITIES,HIGHWAY,1,14.0
119185,1,1,110,1,3,80.0,0,I,RURAL_VICTORIA,ROAD,5,17.0
119186,1,1,120,5,2,70.0,0,N,RURAL_VICTORIA,ROAD,5,17.0
119187,1,1,134,5,3,60.0,0,N,MELB_URBAN,ROAD,5,18.0
119188,5,1,99,5,5,100.0,0,N,RURAL_VICTORIA,HIGHWAY,5,18.0
119189,1,1,121,1,3,60.0,0,I,LARGE_PROVINCIAL_CITIES,AVENUE,5,19.0
119190,1,3,99,1,9,40.0,0,N,MELBOURNE_CBD,STREET,5,8.0
119191,1,1,130,5,2,60.0,1,N,MELB_URBAN,ROAD,5,17.0
119192,1,4,121,1,1,60.0,0,I,MELB_URBAN,HIGHWAY,4,8.0
119193,6,1,174,5,1,60.0,0,I,RURAL_VICTORIA,ROAD,5,16.0
119194,1,2,113,2,1,60.0,0,I,MELB_URBAN,OTHER,5,7.0
119195,1,1,99,5,1,100.0,0,N,RURAL_VICTORIA,ROAD,5,12.0
119196,1,5,121,1,9,60.0,0,I,MELB_URBAN,PARADE,12,17.0
119197,1,2,113,1,1,80.0,0,I,MELB_URBAN,ROAD,5,8.0
119198,1,1,99,5,1,60.0,0,O,MELB_URBAN,AVENUE,5,10.0
119199,1,4,135,5,3,60.0,0,N,MELB_URBAN,FREEWAY,4,1.0
119200,3,1,167,5,1,50.0,0,I,SMALL_CITIES,STREET,5,10.0
119201,5,2,99,5,5,60.0,0,N,RURAL_VICTORIA,ROAD,5,5.0
119202,1,4,110,1,1,60.0,0,I,SMALL_CITIES,ROAD,1,14.0
119203,3,4,167,5,5,100.0,0,N,RURAL_VICTORIA,ROAD,5,0.0
119204,1,2,130,5,1,80.0,0,N,MELB_URBAN,ROAD,5,7.0
119205,1,1,130,5,1,60.0,0,N,MELB_URBAN,STREET,5,16.0
119206,1,6,147,5,1,60.0,0,N,MELB_URBAN,ROAD,2,9.0
119207,4,0,183,5,5,60.0,0,N,RURAL_VICTORIA,ROAD,4,22.0
119208,1,2,121,1,1,60.0,0,I,MELB_URBAN,STREET,5,13.0
119209,1,5,110,4,3,50.0,0,I,SMALL_CITIES,ROAD,5,21.0
119210,1,2,113,2,1,50.0,0,I,MELB_URBAN,ROAD,5,11.0
119211,1,2,147,5,1,70.0,0,N,MELB_URBAN,ROAD,5,13.0
119212,1,2,134,5,1,60.0,0,N,MELB_URBAN,STREET,2,9.0
119213,1,1,121,5,1,40.0,0,N,MELB_URBAN,STREET,5,12.0
119214,1,2,130,5,1,70.0,0,N,MELB_URBAN,ROAD,5,13.0
119215,4,7,173,5,1,60.0,0,N,RURAL_VICTORIA,ROAD,4,12.0
119216,1,6,113,1,1,100.0,0,I,RURAL_VICTORIA,HIGHWAY,5,14.0
119217,4,0,183,5,1,100.0,0,N,RURAL_VICTORIA,ROAD,5,16.0
119218,8,1,174,5,1,60.0,0,N,RURAL_VICTORIA,OTHER,5,13.0
119219,6,2,184,5,5,60.0,0,N,MELB_URBAN,ROAD,4,18.0
119220,1,7,113,2,3,60.0,0,I,MELB_URBAN,ROAD,5,18.0
119221,1,3,121,2,1,60.0,0,I,MELB_URBAN,ROAD,4,15.0
119222,1,2,99,2,1,80.0,0,N,RURAL_VICTORIA,HIGHWAY,5,14.0
119223,1,1,130,1,1,60.0,0,N,RURAL_VICTORIA,OTHER,5,15.0
119224,1,4,121,4,1,60.0,0,O,MELB_URBAN,UNKNOWN,4,14.0
119225,2,1,102,1,1,60.0,0,N,MELB_URBAN,STREET,5,8.0
119226,8,7,174,5,2,50.0,0,N,TOWNS,OTHER,5,17.0
119227,1,2,160,5,1,70.0,0,N,SMALL_CITIES,AVENUE,5,16.0
119228,1,2,121,2,3,60.0,0,I,MELB_URBAN,ROAD,5,17.0
119229,1,2,120,5,1,80.0,0,N,RURAL_VICTORIA,ROAD,5,11.0
119230,1,2,121,2,2,100.0,0,I,RURAL_VICTORIA,ROAD,5,16.0
119231,2,2,99,5,3,50.0,1,N,MELB_URBAN,ROAD,5,18.0
119232,1,2,130,1,1,70.0,0,I,LARGE_PROVINCIAL_CITIES,HIGHWAY,5,15.0
119233,1,1,110,1,3,60.0,0,N,SMALL_CITIES,AVENUE,5,19.0
119234,5,1,99,1,3,90.0,0,I,MELB_URBAN,ROAD,5,18.0
119235,1,3,147,5,3,40.0,0,N,MELB_URBAN,STREET,5,1.0
119236,4,3,181,5,5,50.0,0,N,MELB_URBAN,ROAD,5,6.0
119237,1,3,111,2,3,60.0,0,I,SMALL_CITIES,ROAD,5,6.0
119238,8,2,99,5,1,40.0,0,N,MELB_URBAN,OTHER,3,14.0
119239,1,6,130,5,2,60.0,0,N,TOWNS,STREET,1,17.0
119240,1,1,110,1,1,50.0,0,I,MELB_URBAN,HIGHWAY,5,11.0
119241,1,3,130,1,1,60.0,0,I,TOWNS,DRIVE,5,8.0
119242,1,2,130,2,1,60.0,0,I,MELB_URBAN,ROAD,5,8.0
119243,1,5,121,2,1,50.0,0,I,MELB_URBAN,ROAD,3,17.0
119244,8,6,174,5,1,50.0,0,N,RURAL_VICTORIA,ROAD,5,12.0
119245,6,5,174,5,1,50.0,0,N,MELB_URBAN,STREET,5,10.0
119246,1,3,99,5,1,40.0,0,N,MELB_URBAN,ROAD,5,11.0
119247,8,6,184,2,3,60.0,0,I,MELB_URBAN,STREET,5,0.0
119248,1,7,120,5,1,100.0,0,N,RURAL_VICTORIA,UNKNOWN,5,13.0
119249,4,3,183,3,1,100.0,0,I,RURAL_VICTORIA,ROAD,5,14.0
119250,1,4,113,1,1,50.0,0,I,TOWNS,STREET,5,10.0
119251,2,3,100,1,1,40.0,0,I,MELB_URBAN,STREET,5,14.0
119252,4,4,171,5,2,60.0,0,N,RURAL_VICTORIA,ROAD,10,6.0
119253,1,6,130,1,1,60.0,0,I,MELB_URBAN,STREET,5,11.0
119254,1,2,160,5,1,50.0,0,N,MELB_URBAN,STREET,5,13.0
119255,1,3,110,1,1,60.0,0,I,SMALL_CITIES,AVENUE,5,16.0
119256,1,5,130,5,1,50.0,0,N,MELB_URBAN,ROAD,5,8.0
119257,4,2,173,5,5,100.0,0,N,RURAL_VICTORIA,ROAD,3,22.0
119258,8,1,174,5,1,50.0,0,N,MELB_URBAN,ROAD,5,14.0
119259,1,3,99,5,1,100.0,0,N,RURAL_VICTORIA,ROAD,5,10.0
119260,2,3,100,1,1,60.0,0,I,MELB_URBAN,STREET,5,16.0
119261,1,3,130,5,2,60.0,0,N,MELB_URBAN,ROAD,5,17.0
119262,1,2,113,2,1,60.0,0,N,RURAL_VICTORIA,DRIVE,5,15.0
119263,1,3,99,5,1,50.0,0,N,MELB_URBAN,ROAD,5,16.0
119264,1,6,130,2,3,60.0,0,I,MELB_URBAN,STREET,5,18.0
119265,1,3,130,5,2,80.0,0,N,MELB_URBAN,FREEWAY,5,16.0
119266,5,3,99,5,5,110.0,0,N,SMALL_TOWNS,FREEWAY,5,19.0
119267,1,4,130,5,2,60.0,0,N,MELB_URBAN,ROAD,5,7.0
119268,1,3,130,5,1,80.0,0,N,MELB_URBAN,ROAD,5,16.0
119269,4,3,171,5,3,40.0,0,N,MELB_URBAN,RAMP,5,20.0
119270,4,2,171,5,2,100.0,0,N,RURAL_VICTORIA,ROAD,5,17.0
119271,4,4,173,1,4,100.0,0,N,RURAL_VICTORIA,HIGHWAY,5,0.0
119272,4,3,171,4,3,100.0,0,I,MELB_URBAN,ROAD,5,23.0
119273,1,4,99,5,5,80.0,0,N,RURAL_VICTORIA,ROAD,5,5.0
119274,1,3,113,1,1,80.0,0,I,RURAL_VICTORIA,HIGHWAY,5,13.0
119275,6,4,99,5,5,100.0,1,N,RURAL_VICTORIA,ROAD,5,4.0
119276,1,2,130,1,1,50.0,0,I,SMALL_CITIES,STREET,5,16.0
119277,2,2,99,2,1,60.0,0,N,MELB_URBAN,ROAD,4,12.0
119278,4,4,173,5,1,60.0,0,N,SMALL_CITIES,ROAD,5,11.0
119279,1,7,116,1,3,80.0,0,N,MELB_URBAN,ROAD,5,18.0
119280,1,4,110,1,1,60.0,0,I,LARGE_PROVINCIAL_CITIES,STREET,5,9.0
119281,1,3,130,5,1,60.0,0,N,SMALL_CITIES,STREET,5,13.0
119282,1,4,99,2,1,60.0,0,I,MELB_URBAN,STREET,5,12.0
119283,1,4,113,2,1,80.0,0,I,RURAL_VICTORIA,HIGHWAY,5,12.0
119284,1,1,121,1,3,80.0,0,I,MELB_URBAN,OTHER,5,21.0
119285,1,2,130,5,3,100.0,0,N,MELB_URBAN,FREEWAY,5,18.0
119286,1,4,110,1,1,50.0,0,I,TOWNS,ROAD,5,15.0
119287,1,6,135,2,1,60.0,0,N,MELB_URBAN,ROAD,1,8.0
119288,1,1,130,2,9,60.0,0,I,MELB_URBAN,ROAD,5,17.0
119289,2,4,99,5,1,50.0,0,N,MELB_URBAN,STREET,5,15.0
119290,1,6,110,4,1,60.0,0,I,MELB_URBAN,STREET,5,7.0
119291,1,5,140,1,9,60.0,0,I,MELB_URBAN,ROAD,5,19.0
119292,1,7,121,2,1,60.0,0,I,MELB_URBAN,STREET,5,13.0
119293,4,4,171,5,1,60.0,0,N,MELB_URBAN,STREET,5,16.0
119294,1,4,147,5,1,60.0,0,N,MELB_URBAN,ROAD,5,15.0
119295,4,4,183,5,1,50.0,0,N,MELB_URBAN,AVENUE,5,15.0
119296,2,4,102,1,3,60.0,0,I,MELB_URBAN,STREET,5,19.0
119297,2,4,100,2,3,40.0,0,I,MELB_URBAN,ROAD,5,18.0
119298,1,4,111,2,3,60.0,0,I,MELB_URBAN,ROAD,5,17.0
119299,1,3,130,5,1,60.0,0,N,MELB_URBAN,ROAD,5,16.0
119300,1,4,113,2,3,50.0,0,I,MELB_URBAN,BOULEVARD,5,18.0
119301,2,4,100,5,3,70.0,0,N,LARGE_PROVINCIAL_CITIES,OTHER,5,20.0
119302,4,4,183,5,1,100.0,1,N,RURAL_VICTORIA,ROAD,5,15.0
119303,2,4,102,5,3,50.0,0,N,TOWNS,STREET,5,20.0
119304,1,3,130,2,6,80.0,0,I,MELB_URBAN,FREEWAY,5,22.0
119305,1,4,160,2,3,60.0,0,I,MELB_URBAN,ROAD,5,22.0
119306,4,3,183,5,2,100.0,0,N,RURAL_VICTORIA,ROAD,5,7.0
119307,1,4,121,1,3,80.0,0,I,MELB_URBAN,ROAD,5,22.0
119308,1,7,130,5,1,60.0,0,I,MELB_URBAN,PARADE,5,15.0
119309,1,5,160,5,1,50.0,0,N,MELB_URBAN,STREET,5,7.0
119310,1,2,130,5,2,100.0,0,N,MELB_URBAN,FREEWAY,5,6.0
119311,1,5,113,2,1,60.0,0,I,SMALL_CITIES,STREET,5,9.0
119312,1,4,99,5,2,70.0,0,N,MELB_URBAN,RAMP,5,18.0
119313,1,5,130,1,1,50.0,0,N,MELB_URBAN,BOULEVARD,1,11.0
119314,1,4,110,1,1,60.0,0,I,LARGE_PROVINCIAL_CITIES,ROAD,5,10.0
119315,1,5,160,1,1,50.0,0,I,MELB_URBAN,STREET,5,8.0
119316,1,6,133,2,1,40.0,0,I,MELB_URBAN,STREET,5,14.0
119317,1,3,121,2,1,60.0,0,N,MELB_URBAN,ROAD,12,19.0
119318,1,2,99,2,3,60.0,0,I,MELB_URBAN,STREET,5,18.0
119319,1,5,120,5,1,100.0,0,N,RURAL_VICTORIA,ROAD,5,11.0
119320,1,5,160,5,1,60.0,0,N,MELB_URBAN,ROAD,5,9.0