,accident_type,day_of_week,dca_code,road_geometry,light_condition,speed_zone,severity,node_type,deg_urban_name,road_type,month,hour
119321,6,5,174,1,1,60.0,0,I,MELB_URBAN,ROAD,5,12.0
119322,1,7,99,1,1,60.0,0,I,MELB_URBAN,AVENUE,4,13.0
119323,1,5,130,5,1,40.0,0,N,MELB_URBAN,ROAD,5,9.0
119324,1,7,130,1,1,70.0,0,I,MELB_URBAN,ROAD,1,11.0
119325,1,5,99,1,1,50.0,0,I,MELB_URBAN,STREET,5,16.0
119326,1,5,120,5,1,50.0,0,N,MELB_URBAN,ROAD,5,15.0
119327,1,2,113,2,3,40.0,0,I,MELBOURNE_CBD,STREET,5,21.0
119328,1,5,121,2,2,50.0,0,I,MELB_URBAN,STREET,5,17.0
119329,1,3,130,1,3,60.0,0,I,MELB_URBAN,ROAD,5,18.0
119330,1,4,99,5,1,60.0,0,N,MELB_URBAN,ROAD,5,16.0
119331,1,5,121,1,3,60.0,0,N,MELB_URBAN,DRIVE,5,17.0
119332,1,5,121,1,2,60.0,0,I,MELB_URBAN,ROAD,5,17.0
119333,1,5,163,2,1,60.0,0,I,MELB_URBAN,STREET,5,14.0
119334,1,4,113,2,1,70.0,0,I,RURAL_VICTORIA,AVENUE,1,17.0
119335,1,4,120,5,3,60.0,0,N,MELB_URBAN,DRIVE,5,18.0
119336,6,7,99,5,1,60.0,0,N,RURAL_VICTORIA,ROAD,5,11.0
119337,4,4,173,5,1,70.0,0,N,MELB_URBAN,ROAD,5,16.0
119338,1,4,130,5,1,60.0,0,N,MELB_URBAN,ROAD,5,16.0
119339,1,5,121,1,3,60.0,0,I,MELB_URBAN,ROAD,5,20.0
119340,1,5,99,2,1,60.0,0,I,MELB_URBAN,ROAD,5,15.0
119341,1,5,99,5,1,60.0,0,N,MELB_URBAN,ROAD,5,14.0
119342,1,7,132,2,1,60.0,0,I,MELB_URBAN,ROAD,5,13.0
119343,1,5,120,5,3,50.0,0,N,RURAL_VICTORIA,ROAD,5,19.0
119344,1,5,163,5,1,50.0,0,N,MELBOURNE_CBD,STREET,5,14.0
119345,1,4,113,1,1,60.0,0,I,LARGE_PROVINCIAL_CITIES,STREET,5,16.0
119346,2,5,99,2,9,60.0,0,I,MELB_URBAN,STREET,5,19.0
119347,1,5,99,5,3,50.0,0,N,MELB_URBAN,BOULEVARD,5,23.0
119348,4,4,183,5,1,80.0,0,N,RURAL_VICTORIA,ROAD,5,13.0
119349,1,6,99,5,2,60.0,0,N,MELB_URBAN,ROAD,5,6.0
119350,1,7,130,1,1,60.0,0,I,MELB_URBAN,ROAD,5,12.0
119351,1,6,121,1,2,40.0,0,I,MELB_URBAN,ROAD,5,7.0
119352,2,6,102,5,1,40.0,0,N,MELB_URBAN,DRIVE,5,8.0
119353,1,5,147,5,1,60.0,0,N,SMALL_CITIES,STREET,5,9.0
119354,1,6,110,1,1,50.0,0,I,MELB_URBAN,STREET,5,8.0
119355,1,6,99,5,1,100.0,0,N,MELB_URBAN,ROAD,5,7.0
119356,1,4,113,2,1,60.0,0,I,MELB_URBAN,ROAD,5,6.0
119357,1,5,121,2,1,70.0,0,N,LARGE_PROVINCIAL_CITIES,ROAD,5,8.0
119358,6,5,174,2,6,60.0,0,I,MELB_URBAN,ROAD,5,19.0
119359,1,6,135,5,1,100.0,0,N,MELB_URBAN,FREEWAY,5,7.0
119360,1,4,130,5,2,60.0,0,N,LARGE_PROVINCIAL_CITIES,STREET,4,7.0
119361,1,2,111,2,2,60.0,0,I,SMALL_TOWNS,PARADE,4,17.0
119362,1,6,147,5,1,60.0,0,N,MELB_URBAN,ROAD,5,12.0
119363,4,5,173,2,1,60.0,0,I,MELB_URBAN,ROAD,5,12.0
119364,1,6,130,4,2,60.0,0,N,MELB_URBAN,RAMP,5,5.0
119365,6,5,174,2,1,50.0,0,I,LARGE_PROVINCIAL_CITIES,AVENUE,5,12.0
119366,1,5,121,1,1,60.0,0,N,MELB_URBAN,ROAD,5,9.0
119367,8,6,174,5,1,100.0,0,N,RURAL_VICTORIA,ROAD,5,14.0
119368,1,6,99,1,1,40.0,0,N,MELB_URBAN,ROAD,5,14.0
119369,4,6,183,5,1,100.0,0,N,RURAL_VICTORIA,ROAD,5,10.0
119370,1,6,99,5,1,40.0,0,N,MELB_URBAN,OTHER,5,13.0
119371,1,6,134,5,1,60.0,0,N,MELB_URBAN,ROAD,5,15.0
119372,1,5,130,1,3,60.0,0,I,MELB_URBAN,STREET,5,18.0
119373,1,6,110,4,1,50.0,0,I,SMALL_CITIES,STREET,5,14.0
119374,1,6,147,5,1,70.0,0,N,MELB_URBAN,ROAD,5,9.0
119375,4,6,181,5,1,100.0,0,N,MELB_URBAN,RAMP,5,14.0
119376,1,6,120,5,1,50.0,0,N,MELB_URBAN,DRIVE,5,7.0
119377,1,6,120,5,1,100.0,0,N,RURAL_VICTORIA,ROAD,5,10.0
119378,1,2,130,5,1,100.0,0,N,RURAL_VICTORIA,HIGHWAY,5,15.0
119379,8,3,174,5,1,50.0,1,N,LARGE_PROVINCIAL_CITIES,OTHER,5,17.0
119380,1,6,121,4,2,80.0,0,I,MELB_URBAN,HIGHWAY,5,17.0
119381,2,6,100,1,1,60.0,0,I,MELB_URBAN,ROAD,5,15.0
119382,2,6,99,5,3,50.0,0,N,MELB_URBAN,ROAD,5,17.0
119383,1,6,130,5,2,80.0,0,N,RURAL_VICTORIA,ROAD,5,16.0
119384,4,6,173,5,1,100.0,0,N,RURAL_VICTORIA,ROAD,5,15.0
119385,1,6,121,1,3,60.0,0,I,MELB_URBAN,STREET,5,19.0
119386,1,6,130,5,3,100.0,0,N,MELB_URBAN,FREEWAY,5,18.0
119387,1,6,160,5,3,50.0,0,N,MELB_URBAN,STREET,5,20.0
119388,4,6,171,5,3,50.0,0,N,MELB_URBAN,ROAD,5,22.0
119389,1,7,111,1,3,60.0,0,I,MELB_URBAN,ROAD,5,1.0
119390,4,7,171,5,3,60.0,0,N,MELB_URBAN,STREET,5,3.0
119391,4,7,173,4,3,60.0,0,I,MELB_URBAN,ROAD,5,4.0
119392,2,7,99,5,5,100.0,1,N,RURAL_VICTORIA,HIGHWAY,5,2.0
119393,1,6,110,1,1,60.0,0,N,LARGE_PROVINCIAL_CITIES,ROAD,5,7.0
119394,1,7,110,1,1,60.0,0,I,LARGE_PROVINCIAL_CITIES,STREET,5,8.0
119395,1,4,121,1,9,70.0,0,I,MELB_URBAN,ROAD,5,14.0
119396,6,6,99,2,1,60.0,0,I,SMALL_CITIES,ROAD,5,11.0
119397,1,1,110,1,1,80.0,0,I,MELB_URBAN,ROAD,3,9.0
119398,2,7,100,2,1,60.0,0,I,MELB_URBAN,ROAD,5,11.0
119399,1,7,132,5,1,50.0,0,N,MELB_URBAN,PARADE,5,11.0
119400,7,7,99,5,1,60.0,0,N,MELB_URBAN,OTHER,5,12.0
119401,1,7,134,2,1,60.0,0,I,MELB_URBAN,ROAD,5,11.0
119402,2,7,100,5,1,30.0,0,N,MELB_URBAN,STREET,5,11.0
119403,5,6,99,5,1,80.0,0,N,MELB_URBAN,RAMP,5,13.0
119404,1,1,110,1,2,80.0,0,I,MELB_URBAN,ROAD,5,16.0
119405,1,7,130,5,1,100.0,0,N,RURAL_VICTORIA,ROAD,5,13.0
119406,1,7,147,5,1,60.0,0,N,SMALL_CITIES,AVENUE,5,9.0
119407,6,6,174,1,1,40.0,0,N,MELB_URBAN,STREET,5,11.0
119408,1,6,99,2,1,60.0,0,I,MELB_URBAN,ROAD,5,14.0
119409,1,6,130,5,1,70.0,0,N,MELB_URBAN,ROAD,5,14.0
119410,6,7,99,5,1,50.0,0,N,MELB_URBAN,BOULEVARD,5,15.0
119411,4,6,181,5,1,100.0,0,N,RURAL_VICTORIA,ROAD,5,15.0
119412,4,7,181,5,3,50.0,0,N,SMALL_CITIES,DRIVE,5,17.0
119413,1,7,111,2,2,60.0,0,I,MELB_URBAN,ROAD,5,16.0
119414,5,7,99,5,5,100.0,0,N,RURAL_VICTORIA,HIGHWAY,5,18.0
119415,4,7,99,5,1,50.0,0,N,MELB_URBAN,ROAD,5,15.0
119416,4,7,183,1,3,50.0,0,I,SMALL_CITIES,ROAD,5,21.0
119417,4,1,173,5,3,50.0,0,N,MELB_URBAN,OTHER,5,0.0
119418,4,1,173,2,3,60.0,0,I,MELB_URBAN,ROAD,5,0.0
119419,4,0,173,5,5,100.0,0,N,RURAL_VICTORIA,ROAD,5,2.0
119420,8,1,174,5,2,80.0,0,N,RURAL_VICTORIA,ROAD,5,6.0
119421,4,1,173,5,5,100.0,0,N,RURAL_VICTORIA,HIGHWAY,5,6.0
119422,1,3,130,5,2,50.0,0,N,MELB_URBAN,ROAD,5,17.0
119423,6,7,174,5,1,60.0,0,N,RURAL_VICTORIA,OTHER,5,13.0
119424,4,1,99,5,1,50.0,0,N,MELB_URBAN,BOULEVARD,5,10.0
119425,4,1,181,5,1,100.0,0,N,RURAL_VICTORIA,ROAD,5,8.0
119426,1,6,133,5,1,60.0,0,N,MELB_URBAN,ROAD,5,15.0
119427,1,5,110,1,1,60.0,0,I,MELB_URBAN,HIGHWAY,10,14.0
119428,1,7,163,2,1,60.0,0,N,MELB_URBAN,ROAD,5,13.0
119429,1,1,130,5,1,80.0,0,N,MELB_URBAN,ROAD,5,12.0
119430,8,1,184,5,1,60.0,0,N,RURAL_VICTORIA,ROAD,5,10.0
119431,4,1,171,5,1,80.0,0,N,RURAL_VICTORIA,ROAD,5,10.0
119432,6,1,170,5,1,100.0,0,N,RURAL_VICTORIA,ROAD,5,11.0
119433,2,1,99,5,1,60.0,0,N,MELB_URBAN,ROAD,5,11.0
119434,2,1,100,5,9,60.0,0,N,SMALL_CITIES,STREET,5,15.0
119435,1,7,116,1,9,40.0,0,I,MELB_URBAN,STREET,5,17.0
119436,1,0,110,1,1,60.0,0,I,LARGE_PROVINCIAL_CITIES,STREET,5,12.0
119437,4,7,181,5,4,60.0,0,N,MELB_URBAN,ROAD,5,21.0
119438,1,1,113,2,1,60.0,0,I,MELB_URBAN,STREET,5,13.0
119439,1,7,110,1,3,60.0,0,I,MELB_URBAN,ROAD,5,22.0
119440,1,1,99,5,1,100.0,0,N,RURAL_VICTORIA,HIGHWAY,5,13.0
119441,1,1,130,5,1,70.0,0,N,RURAL_VICTORIA,ROAD,5,15.0
119442,1,7,116,2,3,80.0,0,I,MELB_URBAN,ROAD,5,18.0
119443,1,0,132,1,1,60.0,0,I,MELB_URBAN,ROAD,5,16.0
119444,4,0,173,5,3,80.0,0,N,MELB_URBAN,HIGHWAY,5,18.0
119445,1,1,163,5,3,40.0,0,N,MELB_URBAN,STREET,5,19.0
119446,1,0,113,1,5,60.0,0,I,LARGE_PROVINCIAL_CITIES,OTHER,5,18.0
119447,1,0,140,5,3,60.0,0,N,MELB_URBAN,ROAD,5,21.0
119448,1,1,99,2,3,100.0,0,N,TOWNS,ROAD,5,22.0
119449,4,2,171,5,5,50.0,0,N,SMALL_CITIES,DRIVE,6,0.0
119450,1,1,116,1,1,60.0,0,I,LARGE_PROVINCIAL_CITIES,STREET,5,13.0
119451,6,2,99,5,5,100.0,0,N,RURAL_VICTORIA,ROAD,6,5.0
119452,1,5,120,5,6,60.0,0,N,MELB_URBAN,ROAD,5,18.0
119453,1,7,130,5,1,40.0,0,N,MELB_URBAN,ROAD,5,17.0
119454,8,1,184,5,1,60.0,0,N,RURAL_VICTORIA,OTHER,5,11.0
119455,4,2,181,2,3,60.0,0,I,MELB_URBAN,STREET,6,6.0
119456,2,2,102,1,3,80.0,0,N,MELB_URBAN,HIGHWAY,6,6.0
119457,4,5,171,5,5,80.0,0,N,RURAL_VICTORIA,ROAD,5,3.0
119458,1,1,121,2,1,60.0,0,I,MELB_URBAN,PARADE,6,8.0
119459,6,1,174,4,1,80.0,0,N,MELB_URBAN,HIGHWAY,3,16.0
119460,1,1,130,2,1,70.0,0,I,MELB_URBAN,ROAD,5,14.0
119461,1,3,130,5,9,60.0,0,N,MELB_URBAN,ROAD,5,16.0
119462,4,2,181,5,1,80.0,0,N,RURAL_VICTORIA,ROAD,6,10.0
119463,4,2,181,5,1,100.0,0,N,RURAL_VICTORIA,ROAD,6,8.0
119464,8,4,174,5,1,50.0,0,N,MELB_URBAN,ROAD,5,14.0
119465,1,2,113,2,1,100.0,0,I,RURAL_VICTORIA,HIGHWAY,6,12.0
119466,5,7,99,5,1,80.0,0,N,RURAL_VICTORIA,ROAD,5,11.0
119467,1,2,113,2,1,60.0,0,I,MELB_URBAN,ROAD,6,12.0
119468,1,2,120,5,1,40.0,0,N,MELB_URBAN,ROAD,6,13.0
119469,2,2,100,1,1,50.0,0,I,MELB_URBAN,ROAD,6,8.0
119470,6,2,170,1,1,70.0,0,I,MELB_URBAN,ROAD,6,13.0
119471,1,1,121,2,1,50.0,0,I,MELB_URBAN,ROAD,5,13.0
119472,1,1,140,5,1,70.0,0,N,MELB_URBAN,ROAD,6,13.0
119473,1,2,134,5,1,70.0,0,N,MELB_URBAN,ROAD,6,13.0
119474,8,7,174,2,6,60.0,0,I,RURAL_VICTORIA,ROAD,5,5.0
119475,1,6,147,5,1,80.0,0,N,MELB_URBAN,HIGHWAY,5,16.0
119476,1,3,99,1,3,80.0,0,N,MELB_URBAN,HIGHWAY,5,19.0
119477,5,0,99,5,1,50.0,0,N,MELB_URBAN,STREET,9,8.0
119478,1,2,130,1,3,80.0,0,I,MELB_URBAN,ROAD,6,6.0
119479,1,2,111,2,1,80.0,0,I,RURAL_VICTORIA,HIGHWAY,6,16.0
119480,1,4,130,5,1,40.0,0,N,MELB_URBAN,ROAD,4,15.0
119481,4,2,99,5,2,80.0,0,N,MELB_URBAN,RAMP,6,17.0
119482,1,2,147,5,2,70.0,0,N,MELB_URBAN,ROAD,6,17.0
119483,1,1,99,2,3,40.0,0,N,MELB_URBAN,STREET,6,19.0
119484,1,2,110,1,3,60.0,0,I,LARGE_PROVINCIAL_CITIES,ROAD,6,19.0
119485,1,2,130,5,5,100.0,0,N,RURAL_VICTORIA,HIGHWAY,6,19.0
119486,1,2,147,5,5,100.0,0,N,RURAL_VICTORIA,ROAD,6,18.0
119487,1,4,130,5,1,50.0,0,N,MELBOURNE_CBD,STREET,5,15.0
119488,1,2,130,2,1,60.0,0,I,LARGE_PROVINCIAL_CITIES,ROAD,5,16.0
119489,8,4,99,5,1,50.0,0,N,MELB_URBAN,DRIVE,9,13.0
119490,1,1,110,1,3,50.0,0,I,MELB_URBAN,ROAD,6,23.0
119491,2,6,99,9,1,50.0,0,N,MELB_URBAN,ROAD,10,16.0
119492,1,2,132,5,2,80.0,0,N,RURAL_VICTORIA,HIGHWAY,6,7.0
119493,4,1,181,5,2,80.0,0,N,MELB_URBAN,ROAD,5,17.0
119494,1,3,110,1,1,50.0,0,I,MELB_URBAN,ROAD,6,8.0
119495,1,3,99,5,1,60.0,0,N,MELB_URBAN,ROAD,5,12.0
119496,9,5,99,2,9,50.0,0,I,TOWNS,DRIVE,5,16.0
119497,1,5,130,2,3,60.0,0,N,MELB_URBAN,ROAD,5,5.0
119498,4,3,173,5,1,80.0,0,N,RURAL_VICTORIA,ROAD,6,8.0
119499,1,4,132,1,9,80.0,0,I,MELB_URBAN,ROAD,6,15.0
119500,2,0,102,2,1,50.0,0,I,MELB_URBAN,ROAD,5,13.0
119501,2,1,99,5,6,50.0,0,N,MELB_URBAN,DRIVE,5,21.0
119502,8,1,99,2,1,60.0,0,I,MELB_URBAN,ROAD,5,14.0
119503,1,5,130,4,1,80.0,0,I,MELB_URBAN,ROAD,5,15.0
119504,1,3,134,5,1,70.0,0,N,MELB_URBAN,ROAD,6,14.0
119505,1,6,99,5,1,60.0,0,N,MELB_URBAN,ROAD,1,12.0
119506,1,5,121,1,9,50.0,0,I,MELB_URBAN,PARADE,5,18.0
119507,1,3,163,5,1,40.0,0,N,MELB_URBAN,STREET,6,16.0
119508,4,7,181,5,1,100.0,0,N,SMALL_TOWNS,ROAD,5,12.0
119509,1,2,130,1,1,60.0,0,I,MELB_URBAN,ROAD,5,8.0
119510,1,7,121,2,1,60.0,0,I,MELB_URBAN,ROAD,5,11.0
119511,1,3,130,9,3,60.0,0,N,MELB_URBAN,ROAD,5,17.0
119512,1,2,130,2,3,60.0,0,I,MELB_URBAN,STREET,6,18.0
119513,2,2,100,5,1,50.0,0,N,MELB_URBAN,DRIVE,6,14.0
119514,4,3,173,5,3,100.0,0,N,MELB_URBAN,FREEWAY,6,17.0
119515,1,2,163,5,3,40.0,0,N,MELB_URBAN,STREET,6,22.0
119516,1,6,134,5,9,60.0,0,N,RURAL_VICTORIA,ROAD,5,10.0
119517,1,2,130,5,3,80.0,0,N,MELB_URBAN,UNKNOWN,6,0.0
119518,4,3,171,5,3,60.0,0,N,LARGE_PROVINCIAL_CITIES,ROAD,6,21.0
119519,1,3,121,2,3,60.0,0,I,MELB_URBAN,ROAD,6,23.0
119520,5,3,99,5,3,60.0,0,N,MELB_URBAN,ROAD,6,4.0
119521,4,4,173,5,5,100.0,0,N,RURAL_VICTORIA,ROAD,6,3.0
119522,1,1,130,5,3,40.0,0,N,MELB_URBAN,FREEWAY,5,23.0
119523,1,4,113,2,3,60.0,0,I,MELB_URBAN,ROAD,6,6.0
119524,1,4,147,5,2,60.0,0,N,MELB_URBAN,ROAD,6,8.0
119525,1,3,135,5,1,100.0,0,N,MELB_URBAN,FREEWAY,6,8.0
119526,1,7,113,2,9,50.0,0,I,SMALL_CITIES,ROAD,5,15.0
119527,6,7,99,5,1,60.0,0,N,RURAL_VICTORIA,ROAD,5,14.0
119528,5,4,181,5,1,60.0,0,N,SMALL_CITIES,DRIVE,6,10.0
119529,6,7,184,5,1,60.0,0,N,RURAL_VICTORIA,ROAD,5,15.0
119530,1,2,121,1,1,60.0,0,I,RURAL_VICTORIA,ROAD,3,8.0
119531,4,2,181,5,6,60.0,0,N,MELB_URBAN,ROAD,6,17.0
119532,1,3,110,1,1,100.0,0,I,RURAL_VICTORIA,ROAD,6,12.0
119533,1,7,130,1,1,70.0,0,I,MELB_URBAN,ROAD,3,10.0
119534,1,4,133,5,1,60.0,0,N,MELB_URBAN,ROAD,6,8.0
119535,5,3,99,5,1,100.0,0,N,MELB_URBAN,FREEWAY,5,11.0
119536,4,4,173,5,1,80.0,0,N,RURAL_VICTORIA,RAMP,6,13.0
119537,1,4,130,5,1,100.0,0,N,MELB_URBAN,FREEWAY,6,7.0
119538,1,6,160,5,9,50.0,0,N,MELB_URBAN,ROAD,5,14.0
119539,1,4,173,5,1,50.0,0,N,MELB_URBAN,STREET,6,9.0
119540,2,4,99,5,1,50.0,0,N,MELB_URBAN,STREET,6,15.0
119541,1,4,110,1,1,60.0,0,I,RURAL_VICTORIA,ROAD,6,12.0
119542,1,4,99,5,1,40.0,0,N,MELB_URBAN,ROAD,6,15.0
119543,1,5,130,5,1,60.0,0,N,MELB_URBAN,STREET,5,15.0
119544,4,4,99,5,1,80.0,0,N,MELB_URBAN,FREEWAY,6,13.0
119545,1,3,130,5,1,60.0,0,N,LARGE_PROVINCIAL_CITIES,STREET,6,15.0
119546,4,4,173,5,2,100.0,0,N,MELB_URBAN,FREEWAY,6,17.0
119547,2,4,102,2,3,50.0,0,I,MELB_URBAN,STREET,6,17.0
119548,1,3,130,2,1,70.0,0,I,MELB_URBAN,ROAD,6,15.0
119549,1,4,120,2,1,80.0,0,N,RURAL_VICTORIA,ROAD,6,16.0
119550,1,3,99,5,1,40.0,0,N,MELB_URBAN,ROAD,6,16.0
119551,1,4,130,2,3,60.0,0,I,MELB_URBAN,DRIVE,6,17.0
119552,1,2,147,5,1,60.0,0,N,MELB_URBAN,ROAD,5,15.0
119553,1,3,135,5,3,100.0,0,N,MELB_URBAN,ROAD,6,20.0
119554,1,4,173,5,3,60.0,0,N,SMALL_CITIES,STREET,6,23.0
119555,2,4,102,1,2,60.0,0,I,MELB_URBAN,STREET,6,6.0
119556,1,5,113,2,1,60.0,0,I,MELB_URBAN,STREET,6,8.0
119557,1,4,110,1,1,60.0,0,I,LARGE_PROVINCIAL_CITIES,STREET,6,9.0
119558,1,4,110,1,1,60.0,0,I,TOWNS,STREET,6,8.0
119559,1,4,110,1,1,60.0,0,I,RURAL_VICTORIA,ROAD,6,10.0
119560,1,2,110,1,1,60.0,0,I,LARGE_PROVINCIAL_CITIES,STREET,6,8.0
119561,1,5,99,5,1,60.0,0,N,MELB_URBAN,STREET,6,13.0
119562,1,0,121,5,3,40.0,0,I,MELB_URBAN,STREET,3,1.0
119563,2,4,99,5,1,40.0,0,N,MELB_URBAN,AVENUE,6,13.0
119564,4,4,173,2,1,70.0,0,I,RURAL_VICTORIA,ROAD,6,12.0
119565,1,5,134,5,1,80.0,0,N,MELB_URBAN,HIGHWAY,6,13.0
119566,2,5,99,1,1,40.0,0,I,MELB_URBAN,STREET,6,14.0
119567,1,5,130,5,1,80.0,0,N,MELB_URBAN,ROAD,6,13.0
119568,1,4,113,2,1,50.0,0,I,MELB_URBAN,STREET,6,15.0
119569,1,5,113,2,1,80.0,0,I,RURAL_VICTORIA,ROAD,6,13.0
119570,4,2,181,5,5,60.0,0,N,TOWNS,ROAD,6,21.0
119571,1,4,132,5,3,60.0,0,N,MELB_URBAN,ROAD,6,17.0
119572,1,5,163,5,1,40.0,0,N,LARGE_PROVINCIAL_CITIES,STREET,5,15.0
119573,4,3,181,5,5,80.0,0,N,RURAL_VICTORIA,ROAD,6,19.0
119574,1,7,113,1,9,60.0,0,I,MELB_URBAN,STREET,5,17.0
119575,1,5,111,1,3,70.0,0,I,LARGE_PROVINCIAL_CITIES,STREET,6,18.0
119576,1,5,99,2,1,60.0,0,I,MELB_URBAN,ROAD,6,16.0
119577,1,5,130,5,1,80.0,0,N,RURAL_VICTORIA,ROAD,6,16.0
119578,1,5,113,2,1,80.0,0,I,RURAL_VICTORIA,ROAD,6,15.0
119579,1,5,121,2,3,60.0,0,N,MELB_URBAN,ROAD,6,17.0
119580,2,5,99,5,2,80.0,0,N,LARGE_PROVINCIAL_CITIES,ROAD,6,17.0
119581,1,5,130,3,1,100.0,0,N,MELB_URBAN,FREEWAY,5,14.0
119582,6,5,174,5,3,50.0,0,N,MELB_URBAN,STREET,6,2.0
119583,4,5,171,5,4,60.0,0,N,MELB_URBAN,ROAD,6,20.0
119584,1,4,132,2,3,60.0,0,I,SMALL_CITIES,STREET,6,18.0
119585,1,5,116,2,3,60.0,0,I,MELB_URBAN,RAMP,6,22.0
119586,1,6,121,5,1,40.0,0,N,RURAL_VICTORIA,ROAD,6,7.0
119587,2,6,100,1,6,60.0,0,I,MELB_URBAN,ROAD,6,6.0
119588,1,4,130,5,5,80.0,0,N,MELB_URBAN,ROAD,6,17.0
119589,3,5,167,5,5,100.0,0,N,RURAL_VICTORIA,ROAD,6,5.0
119590,1,1,130,2,9,60.0,0,I,MELB_URBAN,ROAD,5,18.0
119591,1,3,113,1,1,60.0,0,I,MELB_URBAN,ROAD,12,17.0
119592,1,1,130,1,2,60.0,0,N,SMALL_CITIES,STREET,3,16.0
119593,1,6,130,1,1,70.0,0,N,MELB_URBAN,OTHER,5,7.0
119594,1,4,99,5,1,60.0,0,N,MELB_URBAN,STREET,6,8.0
119595,1,5,130,5,1,80.0,0,N,MELB_URBAN,HIGHWAY,6,14.0
119596,1,3,99,5,1,40.0,0,N,MELB_URBAN,STREET,5,16.0
119597,1,6,121,5,1,60.0,0,I,MELB_URBAN,ROAD,6,11.0
119598,1,4,130,5,5,80.0,0,N,MELB_URBAN,ROAD,6,17.0
119599,1,6,132,2,1,60.0,0,I,MELB_URBAN,ROAD,6,12.0
119600,8,6,174,5,9,60.0,0,N,MELB_URBAN,STREET,2,16.0
119601,4,6,183,5,1,100.0,0,N,RURAL_VICTORIA,HIGHWAY,6,7.0
119602,1,3,116,1,1,40.0,0,I,MELB_URBAN,STREET,5,16.0
119603,1,2,99,2,9,40.0,0,I,MELBOURNE_CBD,STREET,6,18.0
119604,1,6,110,1,1,50.0,0,I,MELB_URBAN,STREET,6,13.0
119605,6,6,174,5,1,100.0,0,N,RURAL_VICTORIA,HIGHWAY,6,12.0
119606,1,6,130,1,1,50.0,0,I,MELB_URBAN,STREET,6,12.0
119607,1,6,110,1,1,100.0,0,I,RURAL_VICTORIA,ROAD,6,15.0
119608,1,6,120,5,1,80.0,0,N,RURAL_VICTORIA,ROAD,6,8.0
119609,1,6,160,1,1,50.0,0,I,MELB_URBAN,STREET,6,15.0
119610,6,5,174,5,1,60.0,0,N,RURAL_VICTORIA,ROAD,6,14.0
119611,1,6,120,5,1,60.0,0,N,SMALL_TOWNS,ROAD,6,14.0
119612,8,4,174,5,1,60.0,0,N,SMALL_CITIES,ROAD,5,17.0
119613,1,6,140,5,1,60.0,0,N,MELB_URBAN,ROAD,6,12.0
119614,1,6,147,5,1,40.0,0,N,MELB_URBAN,ROAD,6,14.0
119615,8,6,184,1,1,60.0,0,I,RURAL_VICTORIA,ROAD,6,15.0
119616,1,6,99,2,2,80.0,0,I,MELB_URBAN,HIGHWAY,6,16.0
119617,1,6,113,2,1,100.0,0,I,RURAL_VICTORIA,ROAD,6,13.0
119618,1,6,121,5,3,80.0,0,N,MELB_URBAN,HIGHWAY,6,17.0
119619,1,6,135,5,1,100.0,0,N,MELB_URBAN,ROAD,6,14.0
119620,1,6,120,5,1,80.0,1,N,RURAL_VICTORIA,ROAD,6,15.0
119621,1,6,110,1,1,50.0,0,I,MELB_URBAN,DRIVE,6,15.0
119622,1,6,110,1,3,50.0,0,I,MELB_URBAN,STREET,6,17.0
119623,1,6,130,5,3,60.0,0,N,MELB_URBAN,ROAD,6,18.0
119624,6,1,174,5,1,60.0,0,N,RURAL_VICTORIA,ROAD,5,15.0
119625,6,6,174,5,3,70.0,0,N,MELB_URBAN,ROAD,6,23.0
119626,1,6,130,5,1,70.0,0,N,MELB_URBAN,ROAD,6,8.0
119627,1,7,133,5,1,110.0,0,N,RURAL_VICTORIA,FREEWAY,6,7.0
119628,8,5,174,4,1,80.0,0,N,MELB_URBAN,ROAD,6,8.0
119629,6,4,170,1,1,60.0,0,N,MELB_URBAN,RAMP,6,15.0
119630,4,7,173,5,1,60.0,0,N,MELB_URBAN,STREET,6,10.0
119631,4,6,171,1,1,100.0,0,I,RURAL_VICTORIA,ROAD,6,9.0
119632,1,7,130,5,1,100.0,0,N,RURAL_VICTORIA,HIGHWAY,6,11.0
119633,1,7,147,2,1,50.0,0,N,MELB_URBAN,STREET,6,12.0
119634,1,3,99,1,1,50.0,0,I,MELB_URBAN,DRIVE,5,15.0
119635,8,7,174,5,1,60.0,0,N,RURAL_VICTORIA,ROAD,5,10.0
119636,6,7,170,5,5,110.0,0,N,RURAL_VICTORIA,HIGHWAY,6,6.0
119637,1,3,121,5,1,50.0,0,N,MELB_URBAN,STREET,5,16.0
119638,1,7,99,1,1,50.0,0,N,SMALL_CITIES,STREET,6,15.0
119639,1,7,110,1,1,50.0,0,I,TOWNS,STREET,6,14.0
119640,1,7,147,5,1,50.0,0,N,MELB_URBAN,AVENUE,6,14.0
119641,1,6,120,5,1,100.0,0,N,RURAL_VICTORIA,ROAD,6,14.0
119642,8,7,174,5,1,60.0,0,N,RURAL_VICTORIA,OTHER,6,15.0
119643,1,7,113,2,1,60.0,0,N,RURAL_VICTORIA,ROAD,6,13.0
119644,2,2,102,1,2,60.0,0,I,MELB_URBAN,ROAD,6,19.0
119645,1,7,120,5,2,60.0,0,N,RURAL_VICTORIA,ROAD,6,16.0
119646,1,6,121,5,3,60.0,0,I,MELB_URBAN,ROAD,6,18.0
119647,1,5,132,5,1,60.0,0,I,MELB_URBAN,ROAD,6,16.0