,accident_type,day_of_week,dca_code,road_geometry,light_condition,speed_zone,severity,node_type,deg_urban_name,road_type,month,hour
119648,1,6,135,5,3,80.0,0,N,MELB_URBAN,FREEWAY,6,20.0
119649,1,2,130,5,1,60.0,0,N,MELB_URBAN,ROAD,5,14.0
119650,6,7,174,5,5,60.0,0,N,RURAL_VICTORIA,ROAD,6,18.0
119651,1,7,130,2,3,70.0,0,I,MELB_URBAN,ROAD,6,22.0
119652,1,7,130,5,3,60.0,0,N,MELB_URBAN,ROAD,6,23.0
119653,4,0,173,1,3,80.0,0,N,MELB_URBAN,ROAD,6,2.0
119654,4,7,181,5,5,100.0,0,N,RURAL_VICTORIA,STREET,6,22.0
119655,4,6,183,5,1,100.0,0,N,RURAL_VICTORIA,ROAD,5,9.0
119656,4,7,183,5,1,100.0,0,N,RURAL_VICTORIA,HIGHWAY,6,12.0
119657,1,4,130,5,9,80.0,0,N,MELB_URBAN,ROAD,5,7.0
119658,1,6,121,1,3,50.0,0,I,MELB_URBAN,STREET,6,20.0
119659,1,1,130,5,1,60.0,0,N,MELB_URBAN,ROAD,6,8.0
119660,1,1,132,5,1,60.0,0,N,MELB_URBAN,ROAD,6,8.0
119661,1,1,160,5,1,50.0,0,N,MELB_URBAN,ROAD,6,9.0
119662,6,7,184,5,1,100.0,0,N,RURAL_VICTORIA,ROAD,6,10.0
119663,5,7,99,5,1,100.0,0,N,RURAL_VICTORIA,ROAD,6,10.0
119664,1,4,130,4,1,60.0,0,N,MELB_URBAN,ROAD,6,15.0
119665,1,1,110,1,1,60.0,0,I,MELB_URBAN,ROAD,6,9.0
119666,6,0,99,5,1,100.0,0,N,RURAL_VICTORIA,ROAD,6,11.0
119667,1,1,110,1,1,100.0,0,I,RURAL_VICTORIA,ROAD,6,10.0
119668,1,1,110,1,1,50.0,0,I,LARGE_PROVINCIAL_CITIES,STREET,6,12.0
119669,4,1,171,5,1,100.0,0,N,RURAL_VICTORIA,ROAD,6,13.0
119670,1,0,133,5,1,40.0,0,N,MELB_URBAN,STREET,6,13.0
119671,1,7,171,1,3,80.0,0,I,MELB_URBAN,ROAD,6,19.0
119672,1,2,111,2,2,50.0,0,I,RURAL_VICTORIA,OTHER,5,18.0
119673,1,2,130,2,9,60.0,0,I,MELB_URBAN,ROAD,5,15.0
119674,4,1,183,5,1,100.0,1,N,RURAL_VICTORIA,ROAD,6,12.0
119675,1,6,160,5,1,50.0,0,N,MELB_URBAN,OTHER,5,9.0
119676,1,3,113,2,1,80.0,0,N,MELB_URBAN,RAMP,3,17.0
119677,4,0,171,2,1,50.0,0,N,MELB_URBAN,DRIVE,6,15.0
119678,4,0,171,5,5,100.0,0,N,RURAL_VICTORIA,ROAD,6,0.0
119679,1,1,111,2,1,60.0,0,I,MELB_URBAN,STREET,6,15.0
119680,5,1,99,5,1,50.0,0,N,RURAL_VICTORIA,ROAD,6,13.0
119681,1,1,171,5,3,50.0,0,N,MELB_URBAN,STREET,6,18.0
119682,1,1,135,5,3,80.0,0,N,MELB_URBAN,ROAD,6,17.0
119683,4,0,181,5,5,60.0,0,N,MELB_URBAN,ROAD,6,19.0
119684,4,1,173,5,3,50.0,0,N,LARGE_PROVINCIAL_CITIES,STREET,6,19.0
119685,1,1,140,2,3,70.0,0,I,MELB_URBAN,ROAD,6,21.0
119686,1,0,99,1,3,40.0,0,I,MELBOURNE_CBD,STREET,6,20.0
119687,4,2,99,2,3,50.0,0,I,SMALL_CITIES,STREET,6,0.0
119688,4,2,173,5,3,60.0,0,N,SMALL_CITIES,STREET,6,3.0
119689,1,5,130,2,3,60.0,0,N,LARGE_PROVINCIAL_CITIES,STREET,5,2.0
119690,1,6,120,5,2,50.0,0,N,MELB_URBAN,AVENUE,11,20.0
119691,6,1,174,1,1,60.0,0,N,MELB_URBAN,ROAD,6,13.0
119692,1,3,99,1,9,100.0,0,I,RURAL_VICTORIA,HIGHWAY,6,7.0
119693,1,5,130,5,5,60.0,0,N,RURAL_VICTORIA,FREEWAY,5,19.0
119694,6,2,184,1,1,70.0,0,N,MELB_URBAN,OTHER,6,11.0
119695,1,4,113,2,1,60.0,0,I,MELB_URBAN,ROAD,5,8.0
119696,1,5,130,5,2,60.0,0,N,MELB_URBAN,STREET,5,16.0
119697,1,2,110,1,1,60.0,0,N,TOWNS,ROAD,6,14.0
119698,1,1,130,1,1,80.0,0,I,RURAL_VICTORIA,STREET,6,14.0
119699,1,7,163,5,1,40.0,0,N,MELB_URBAN,ROAD,6,14.0
119700,1,2,130,5,1,80.0,0,N,MELB_URBAN,OTHER,6,15.0
119701,4,2,171,5,1,100.0,0,N,RURAL_VICTORIA,ROAD,6,16.0
119702,1,2,110,1,1,80.0,0,I,TOWNS,HIGHWAY,6,15.0
119703,2,2,100,5,3,50.0,0,N,MELB_URBAN,ROAD,6,17.0
119704,8,2,174,5,1,60.0,0,N,MELB_URBAN,ROAD,6,16.0
119705,4,2,173,5,1,100.0,0,N,RURAL_VICTORIA,ROAD,6,16.0
119706,8,2,170,5,1,50.0,0,N,MELB_URBAN,AVENUE,6,13.0
119707,1,2,132,1,3,80.0,0,I,MELB_URBAN,ROAD,6,17.0
119708,2,2,100,1,1,60.0,0,I,MELB_URBAN,ROAD,6,16.0
119709,1,2,120,2,3,60.0,0,I,MELB_URBAN,ROAD,6,18.0
119710,4,2,171,5,5,60.0,0,N,RURAL_VICTORIA,ROAD,6,19.0
119711,4,1,171,5,5,80.0,0,N,RURAL_VICTORIA,ROAD,6,22.0
119712,1,2,113,2,2,80.0,0,N,MELB_URBAN,HIGHWAY,6,6.0
119713,1,3,120,5,5,70.0,0,N,SMALL_TOWNS,ROAD,6,6.0
119714,1,3,134,5,1,80.0,0,N,MELB_URBAN,HIGHWAY,6,7.0
119715,2,3,102,2,1,80.0,0,I,MELB_URBAN,ROAD,6,8.0
119716,1,3,134,5,1,100.0,0,N,MELB_URBAN,FREEWAY,6,8.0
119717,1,4,99,1,2,60.0,0,I,MELB_URBAN,ROAD,6,17.0
119718,1,2,135,1,3,50.0,0,I,LARGE_PROVINCIAL_CITIES,STREET,6,19.0
119719,8,7,184,4,1,70.0,0,N,RURAL_VICTORIA,ROAD,6,13.0
119720,1,3,130,5,1,40.0,0,N,MELB_URBAN,ROAD,5,15.0
119721,5,2,99,5,5,100.0,0,N,RURAL_VICTORIA,FREEWAY,6,18.0
119722,1,3,147,5,1,60.0,0,N,MELB_URBAN,ROAD,6,11.0
119723,1,2,121,1,2,60.0,0,I,MELB_URBAN,STREET,6,6.0
119724,1,2,130,5,1,100.0,0,N,MELB_URBAN,FREEWAY,6,11.0
119725,1,3,121,2,2,50.0,0,I,MELB_URBAN,ROAD,6,6.0
119726,1,2,130,5,1,100.0,0,N,RURAL_VICTORIA,HIGHWAY,6,10.0
119727,1,1,99,4,1,60.0,0,N,MELB_URBAN,HIGHWAY,6,10.0
119728,1,3,99,5,1,40.0,0,N,SMALL_CITIES,STREET,6,8.0
119729,1,3,99,5,1,60.0,0,N,SMALL_CITIES,STREET,6,13.0
119730,1,3,134,5,1,100.0,0,N,MELB_URBAN,FREEWAY,6,13.0
119731,1,3,116,1,1,80.0,0,I,LARGE_PROVINCIAL_CITIES,ROAD,12,12.0
119732,1,5,121,1,1,60.0,0,I,MELB_URBAN,PARADE,4,11.0
119733,1,3,121,5,1,50.0,0,N,MELB_URBAN,ROAD,6,9.0
119734,4,3,171,5,1,60.0,0,N,MELB_URBAN,ROAD,6,15.0
119735,4,2,99,2,1,50.0,0,I,MELB_URBAN,OTHER,6,14.0
119736,1,2,130,1,1,40.0,0,I,MELB_URBAN,ROAD,6,16.0
119737,1,6,130,5,1,100.0,0,N,RURAL_VICTORIA,ROAD,3,7.0
119738,4,4,171,5,1,60.0,0,N,RURAL_VICTORIA,ROAD,5,10.0
119739,2,3,99,5,1,40.0,0,N,MELB_URBAN,OTHER,6,15.0
119740,1,3,133,5,3,50.0,0,N,MELB_URBAN,OTHER,6,18.0
119741,1,3,130,5,1,80.0,0,N,MELB_URBAN,HIGHWAY,6,14.0
119742,1,3,116,2,3,60.0,0,N,MELB_URBAN,ROAD,6,17.0
119743,1,2,160,5,3,50.0,0,N,MELB_URBAN,ROAD,6,17.0
119744,9,3,174,5,1,50.0,0,N,MELB_URBAN,OTHER,6,15.0
119745,1,3,135,5,3,80.0,0,N,MELB_URBAN,ROAD,6,18.0
119746,1,2,110,1,3,50.0,0,I,MELB_URBAN,STREET,5,18.0
119747,4,3,173,5,3,50.0,0,N,MELB_URBAN,BOULEVARD,6,21.0
119748,1,4,99,5,1,50.0,0,N,MELB_URBAN,UNKNOWN,5,8.0
119749,1,3,130,5,3,60.0,0,N,MELB_URBAN,STREET,6,18.0
119750,4,2,183,5,3,80.0,0,N,MELB_URBAN,RAMP,6,5.0
119751,1,3,110,4,1,100.0,0,I,RURAL_VICTORIA,HIGHWAY,5,15.0
119752,1,2,130,5,1,80.0,0,N,LARGE_PROVINCIAL_CITIES,STREET,6,15.0
119753,1,4,110,1,1,50.0,0,I,MELB_URBAN,STREET,6,8.0
119754,2,4,99,5,3,50.0,0,N,MELB_URBAN,ROAD,6,6.0
119755,1,4,110,1,1,50.0,0,I,MELB_URBAN,ROAD,6,8.0
119756,1,4,133,4,1,60.0,0,I,MELB_URBAN,ROAD,6,10.0
119757,4,6,99,5,1,50.0,0,N,MELB_URBAN,ROAD,6,14.0
119758,1,3,110,1,9,60.0,0,I,MELB_URBAN,ROAD,5,10.0
119759,1,4,110,1,1,60.0,0,I,MELB_URBAN,AVENUE,6,10.0
119760,1,4,110,1,1,80.0,0,I,MELB_URBAN,HIGHWAY,6,7.0
119761,1,3,110,1,1,50.0,0,I,LARGE_PROVINCIAL_CITIES,STREET,6,8.0
119762,1,4,99,1,1,80.0,0,N,MELB_URBAN,ROAD,5,13.0
119763,1,4,111,2,2,80.0,0,I,MELB_URBAN,ROAD,6,7.0
119764,6,3,174,5,1,50.0,0,N,MELB_URBAN,STREET,6,9.0
119765,4,4,99,2,1,60.0,1,I,MELB_URBAN,ROAD,6,11.0
119766,4,3,171,5,1,100.0,0,N,RURAL_VICTORIA,ROAD,6,12.0
119767,1,3,110,1,1,60.0,0,I,MELB_URBAN,STREET,6,12.0
119768,1,4,110,1,1,50.0,0,I,TOWNS,ROAD,6,15.0
119769,1,4,121,5,1,60.0,0,N,MELB_URBAN,PARADE,6,10.0
119770,1,4,111,2,1,40.0,0,I,MELB_URBAN,STREET,6,15.0
119771,2,4,99,5,1,50.0,0,N,LARGE_PROVINCIAL_CITIES,OTHER,6,13.0
119772,6,1,170,5,4,60.0,0,N,RURAL_VICTORIA,ROAD,4,19.0
119773,1,5,130,5,2,80.0,0,I,MELB_URBAN,ROAD,5,16.0
119774,8,2,174,5,1,50.0,0,N,MELB_URBAN,DRIVE,5,7.0
119775,1,3,113,2,9,50.0,0,I,MELB_URBAN,ROAD,6,7.0
119776,1,5,130,1,2,60.0,0,I,LARGE_PROVINCIAL_CITIES,STREET,6,18.0
119777,1,3,133,4,1,60.0,0,N,MELB_URBAN,STREET,6,13.0
119778,1,4,171,1,1,60.0,0,I,LARGE_PROVINCIAL_CITIES,STREET,6,16.0
119779,1,3,163,5,1,50.0,0,N,MELB_URBAN,STREET,6,15.0
119780,1,4,113,2,1,60.0,0,N,RURAL_VICTORIA,ROAD,6,15.0
119781,1,4,99,2,1,60.0,0,I,LARGE_PROVINCIAL_CITIES,UNKNOWN,6,15.0
119782,1,3,130,1,3,60.0,0,N,MELB_URBAN,ROAD,6,18.0
119783,1,3,121,1,1,70.0,0,I,MELB_URBAN,ROAD,6,16.0
119784,4,5,173,5,1,80.0,0,N,RURAL_VICTORIA,AVENUE,6,8.0
119785,1,3,130,5,1,60.0,0,N,LARGE_PROVINCIAL_CITIES,STREET,6,17.0
119786,1,3,99,5,5,110.0,0,N,RURAL_VICTORIA,FREEWAY,6,18.0
119787,1,3,110,1,1,50.0,0,I,MELB_URBAN,STREET,6,16.0
119788,1,5,173,5,3,50.0,0,N,LARGE_PROVINCIAL_CITIES,DRIVE,6,1.0
119789,4,4,181,5,5,80.0,0,N,RURAL_VICTORIA,ROAD,6,23.0
119790,4,5,171,5,3,50.0,0,N,SMALL_CITIES,STREET,6,4.0
119791,1,7,110,1,1,50.0,0,I,MELB_URBAN,AVENUE,5,16.0
119792,1,4,99,5,9,50.0,0,N,MELB_URBAN,BOULEVARD,3,6.0
119793,1,7,132,1,9,60.0,0,I,MELB_URBAN,RAMP,5,16.0
119794,4,5,183,5,5,80.0,0,N,RURAL_VICTORIA,ROAD,6,2.0
119795,2,5,102,5,1,70.0,0,N,MELB_URBAN,ROAD,6,7.0
119796,4,5,181,5,1,100.0,0,N,RURAL_VICTORIA,HIGHWAY,6,8.0
119797,1,5,132,2,1,60.0,0,N,MELB_URBAN,ROAD,6,7.0
119798,1,5,147,5,1,50.0,0,N,MELB_URBAN,DRIVE,6,9.0
119799,1,7,160,5,1,50.0,0,N,MELB_URBAN,STREET,5,10.0
119800,1,4,147,5,1,60.0,0,N,MELB_URBAN,STREET,5,12.0
119801,1,2,113,2,1,70.0,0,I,TOWNS,HIGHWAY,5,16.0
119802,8,4,174,2,1,60.0,0,I,MELB_URBAN,ROAD,6,16.0
119803,1,5,99,5,1,60.0,0,N,LARGE_PROVINCIAL_CITIES,ROAD,6,11.0
119804,1,3,130,5,1,60.0,0,N,RURAL_VICTORIA,ROAD,6,16.0
119805,1,5,113,2,1,80.0,0,I,MELB_URBAN,ROAD,6,10.0
119806,4,5,173,5,1,80.0,0,N,RURAL_VICTORIA,HIGHWAY,6,12.0
119807,4,0,173,2,3,50.0,0,I,MELB_URBAN,DRIVE,6,18.0
119808,6,5,184,5,1,80.0,0,N,RURAL_VICTORIA,ROAD,6,11.0
119809,1,4,110,1,1,50.0,0,I,MELB_URBAN,STREET,6,16.0
119810,1,4,110,1,1,50.0,0,I,MELB_URBAN,STREET,6,7.0
119811,1,5,120,5,1,50.0,0,N,LARGE_PROVINCIAL_CITIES,STREET,6,12.0
119812,6,1,174,5,1,60.0,0,N,RURAL_VICTORIA,ROAD,6,13.0
119813,1,5,121,5,2,60.0,0,N,MELB_URBAN,HIGHWAY,6,17.0
119814,1,4,163,5,1,50.0,0,N,MELB_URBAN,ROAD,6,11.0
119815,1,4,130,5,1,80.0,0,N,LARGE_PROVINCIAL_CITIES,ROAD,6,15.0
119816,1,3,110,1,1,40.0,0,I,MELB_URBAN,STREET,6,8.0
119817,2,5,102,1,1,50.0,0,N,MELB_URBAN,STREET,6,12.0
119818,1,5,110,1,1,60.0,0,I,MELB_URBAN,ROAD,6,12.0
119819,1,5,133,5,1,40.0,0,N,MELB_URBAN,STREET,6,15.0
119820,1,5,130,5,1,80.0,0,N,MELB_URBAN,ROAD,6,13.0
119821,1,5,147,5,1,60.0,0,N,MELB_URBAN,BOULEVARD,6,13.0
119822,1,5,130,1,1,70.0,0,I,MELB_URBAN,ROAD,6,15.0
119823,1,5,110,1,2,60.0,0,I,LARGE_PROVINCIAL_CITIES,STREET,6,16.0
119824,1,4,147,5,3,60.0,0,N,MELB_URBAN,STREET,6,19.0
119825,1,5,130,2,1,100.0,0,I,RURAL_VICTORIA,ROAD,6,14.0
119826,1,3,147,2,6,60.0,0,N,TOWNS,STREET,5,17.0
119827,1,6,130,2,6,50.0,0,N,MELB_URBAN,ROAD,6,21.0
119828,8,5,99,5,1,40.0,0,N,MELB_URBAN,STREET,6,16.0
119829,8,7,174,5,1,50.0,0,N,SMALL_CITIES,STREET,5,14.0
119830,1,5,110,1,6,60.0,0,I,MELB_URBAN,ROAD,5,19.0
119831,1,5,121,2,1,60.0,0,I,MELB_URBAN,ROAD,6,16.0
119832,2,5,100,2,1,50.0,0,I,MELB_URBAN,DRIVE,6,16.0
119833,1,5,99,2,1,60.0,0,I,MELB_URBAN,ROAD,6,10.0
119834,1,5,130,5,3,60.0,0,N,MELB_URBAN,BOULEVARD,6,17.0
119835,1,5,132,2,2,60.0,0,N,MELB_URBAN,ROAD,6,17.0
119836,8,6,174,5,1,60.0,0,N,RURAL_VICTORIA,UNKNOWN,5,11.0
119837,1,5,110,1,3,80.0,0,I,MELB_URBAN,HIGHWAY,2,22.0
119838,1,5,130,5,3,80.0,0,N,MELB_URBAN,HIGHWAY,6,18.0
119839,4,5,171,1,2,100.0,0,N,RURAL_VICTORIA,ROAD,6,16.0
119840,1,4,110,1,3,60.0,0,I,RURAL_VICTORIA,ROAD,6,18.0
119841,1,6,130,1,2,80.0,0,I,MELB_URBAN,HIGHWAY,5,17.0
119842,1,4,110,1,6,60.0,0,I,RURAL_VICTORIA,ROAD,6,18.0
119843,1,5,132,2,3,60.0,0,I,MELB_URBAN,ROAD,6,21.0
119844,6,5,174,1,3,60.0,0,I,MELB_URBAN,ROAD,6,23.0
119845,5,6,99,5,5,100.0,0,N,RURAL_VICTORIA,ROAD,5,23.0
119846,1,4,116,4,2,50.0,0,I,MELB_URBAN,HIGHWAY,6,17.0
119847,1,3,130,4,3,60.0,0,I,MELB_URBAN,ROAD,6,6.0
119848,1,6,113,1,1,100.0,0,I,RURAL_VICTORIA,HIGHWAY,6,7.0
119849,2,5,100,2,1,50.0,0,I,MELB_URBAN,ROAD,6,9.0
119850,1,1,130,5,3,60.0,0,N,MELB_URBAN,ROAD,6,21.0
119851,1,5,111,2,3,80.0,0,N,MELB_URBAN,ROAD,5,19.0
119852,2,6,100,2,1,40.0,1,N,MELB_URBAN,ROAD,6,9.0
119853,1,5,130,5,1,70.0,0,N,MELB_URBAN,STREET,6,12.0
119854,1,5,133,5,1,100.0,0,N,RURAL_VICTORIA,ROAD,6,9.0
119855,1,1,130,5,1,80.0,0,N,RURAL_VICTORIA,ROAD,6,12.0
119856,2,6,100,5,2,30.0,0,N,MELB_URBAN,OTHER,6,8.0
119857,1,6,130,5,1,70.0,0,N,MELB_URBAN,ROAD,6,11.0
119858,1,5,110,1,1,40.0,0,I,MELB_URBAN,STREET,6,9.0
119859,1,7,140,5,1,60.0,0,N,RURAL_VICTORIA,ROAD,6,16.0
119860,1,6,171,5,1,60.0,0,N,MELB_URBAN,ROAD,6,12.0
119861,1,6,99,5,1,60.0,0,N,MELB_URBAN,ROAD,6,10.0
119862,1,5,130,5,1,80.0,0,N,MELB_URBAN,HIGHWAY,6,10.0
119863,1,6,130,5,1,70.0,0,N,MELB_URBAN,ROAD,6,11.0
119864,1,6,130,5,1,80.0,0,N,MELB_URBAN,RAMP,6,10.0
119865,1,4,110,1,1,60.0,0,I,RURAL_VICTORIA,STREET,6,16.0
119866,1,6,130,1,1,60.0,0,I,MELB_URBAN,ROAD,6,12.0
119867,1,4,130,5,9,40.0,0,N,MELB_URBAN,FREEWAY,6,23.0
119868,1,6,121,1,1,80.0,0,I,RURAL_VICTORIA,HIGHWAY,5,9.0
119869,1,6,130,4,1,60.0,0,I,LARGE_PROVINCIAL_CITIES,ROAD,6,11.0
119870,2,6,99,5,1,40.0,0,N,MELB_URBAN,STREET,6,12.0
119871,2,6,102,2,1,60.0,0,I,MELB_URBAN,ROAD,6,14.0
119872,1,6,99,1,1,70.0,0,I,MELB_URBAN,ROAD,5,15.0
119873,1,5,140,2,1,70.0,0,N,MELB_URBAN,ROAD,6,14.0
119874,1,5,111,1,1,100.0,0,I,RURAL_VICTORIA,ROAD,6,8.0
119875,1,6,111,2,1,60.0,0,I,MELB_URBAN,ROAD,6,16.0
119876,1,6,99,2,6,60.0,0,I,LARGE_PROVINCIAL_CITIES,STREET,6,17.0
119877,1,6,121,5,1,100.0,0,N,RURAL_VICTORIA,ROAD,6,14.0
119878,1,5,130,2,1,100.0,0,N,MELB_URBAN,ROAD,6,14.0
119879,6,6,174,5,1,40.0,0,N,MELB_URBAN,ROAD,6,15.0
119880,1,5,110,1,9,50.0,0,I,MELB_URBAN,STREET,6,6.0
119881,1,6,130,5,2,70.0,0,N,MELB_URBAN,ROAD,6,17.0
119882,1,6,99,5,3,60.0,0,N,MELB_URBAN,STREET,6,17.0
119883,1,5,113,2,1,50.0,0,N,MELB_URBAN,OTHER,6,11.0
119884,1,5,121,5,3,50.0,0,N,MELB_URBAN,STREET,6,19.0
119885,1,5,132,2,3,60.0,0,I,MELB_URBAN,ROAD,6,18.0
119886,1,6,140,5,3,60.0,0,N,MELB_URBAN,ROAD,6,17.0
119887,1,6,160,5,1,50.0,0,N,MELB_URBAN,UNKNOWN,6,15.0
119888,1,3,134,5,9,100.0,0,N,RURAL_VICTORIA,HIGHWAY,5,7.0
119889,1,6,130,5,1,100.0,0,N,MELB_URBAN,UNKNOWN,6,16.0
119890,1,5,99,2,6,70.0,0,N,MELB_URBAN,ROAD,6,23.0
119891,1,5,133,5,6,80.0,0,N,MELB_URBAN,ROAD,6,6.0
119892,1,5,160,5,3,60.0,0,N,MELB_URBAN,ROAD,6,23.0
119893,1,6,110,1,3,50.0,0,I,MELB_URBAN,STREET,6,23.0
119894,6,6,99,2,5,60.0,0,I,RURAL_VICTORIA,ROAD,6,23.0
119895,2,5,99,2,6,50.0,0,I,SMALL_CITIES,DRIVE,6,22.0
119896,4,6,171,5,3,50.0,0,N,MELB_URBAN,ROAD,6,0.0
119897,1,3,130,5,1,60.0,0,N,MELB_URBAN,ROAD,5,16.0
119898,1,7,121,5,1,60.0,0,N,MELB_URBAN,UNKNOWN,5,13.0
119899,1,1,113,2,1,60.0,0,I,SMALL_CITIES,DRIVE,6,15.0
119900,2,5,100,5,3,40.0,0,N,SMALL_CITIES,STREET,6,18.0
119901,1,2,134,5,1,70.0,0,N,MELB_URBAN,ROAD,6,14.0
119902,1,7,147,5,1,80.0,0,N,MELB_URBAN,HIGHWAY,6,10.0
119903,1,6,132,1,1,60.0,0,N,MELB_URBAN,ROAD,9,16.0
119904,1,7,147,1,1,80.0,0,N,MELB_URBAN,HIGHWAY,6,11.0
119905,8,1,174,5,1,60.0,0,N,RURAL_VICTORIA,ROAD,6,12.0
119906,1,6,130,5,1,80.0,0,N,MELB_URBAN,RAMP,6,12.0
119907,1,5,99,5,1,50.0,0,N,MELB_URBAN,DRIVE,6,15.0
119908,1,6,121,1,1,60.0,0,I,MELB_URBAN,STREET,6,14.0
119909,1,3,110,1,3,60.0,0,I,MELB_URBAN,STREET,5,19.0
119910,1,7,130,5,1,100.0,1,N,RURAL_VICTORIA,ROAD,6,9.0
119911,1,7,130,5,1,60.0,0,N,MELB_URBAN,ROAD,6,15.0
119912,1,6,160,5,2,40.0,0,N,MELB_URBAN,STREET,6,16.0
119913,1,6,130,5,2,60.0,0,N,LARGE_PROVINCIAL_CITIES,STREET,6,16.0
119914,1,7,110,1,1,100.0,0,I,RURAL_VICTORIA,HIGHWAY,6,16.0
119915,1,7,113,2,2,80.0,0,I,SMALL_CITIES,ROAD,6,16.0
119916,1,6,160,5,3,40.0,0,N,MELB_URBAN,ROAD,6,18.0
119917,1,6,110,1,3,60.0,0,I,LARGE_PROVINCIAL_CITIES,STREET,6,19.0
119918,2,7,102,2,3,50.0,0,I,MELB_URBAN,STREET,6,21.0
119919,1,7,160,5,3,60.0,0,N,MELB_URBAN,STREET,6,19.0
119920,1,6,110,1,3,80.0,0,I,MELB_URBAN,HIGHWAY,6,21.0
119921,4,7,173,5,5,100.0,0,N,RURAL_VICTORIA,ROAD,6,19.0
119922,2,6,100,1,3,60.0,0,I,MELB_URBAN,ROAD,6,22.0
119923,1,3,132,2,1,100.0,0,I,RURAL_VICTORIA,HIGHWAY,3,15.0
119924,4,6,171,1,3,60.0,0,I,MELB_URBAN,ROAD,6,0.0
119925,4,1,183,5,5,100.0,0,N,RURAL_VICTORIA,ROAD,6,4.0
119926,1,5,130,5,1,60.0,0,N,MELB_URBAN,ROAD,5,9.0
119927,2,1,99,2,3,50.0,0,I,MELB_URBAN,DRIVE,6,2.0
119928,1,7,134,5,1,100.0,0,N,MELB_URBAN,FREEWAY,5,15.0
119929,1,0,110,1,1,60.0,0,I,MELB_URBAN,STREET,6,8.0
119930,8,5,174,2,3,50.0,0,I,MELB_URBAN,ROAD,5,18.0
119931,1,6,130,5,1,80.0,0,N,MELB_URBAN,ROAD,6,15.0
119932,4,1,171,5,5,100.0,0,N,RURAL_VICTORIA,ROAD,6,6.0
119933,1,5,121,1,1,60.0,0,I,SMALL_CITIES,STREET,6,16.0
119934,1,0,130,5,1,80.0,0,N,MELB_URBAN,HIGHWAY,6,13.0
119935,1,3,121,1,1,60.0,0,I,MELB_URBAN,OTHER,6,10.0
119936,8,1,170,4,1,80.0,0,I,MELB_URBAN,AVENUE,6,12.0
119937,1,1,116,2,1,40.0,0,I,MELB_URBAN,ROAD,6,8.0
119938,4,7,171,1,1,60.0,0,I,MELB_URBAN,DRIVE,6,9.0
119939,4,1,171,5,1,100.0,0,N,RURAL_VICTORIA,ROAD,6,12.0
119940,8,6,184,5,1,80.0,0,N,RURAL_VICTORIA,ROAD,6,11.0
119941,1,7,130,5,3,60.0,0,N,MELB_URBAN,BOULEVARD,6,18.0
119942,1,1,113,1,1,80.0,0,I,MELB_URBAN,HIGHWAY,6,15.0
119943,1,1,135,5,1,60.0,0,N,MELB_URBAN,ROAD,6,14.0
119944,1,3,134,5,3,80.0,0,N,TOWNS,FREEWAY,6,20.0
119945,2,6,99,4,3,50.0,0,I,TOWNS,ROAD,6,22.0
119946,1,6,99,5,6,40.0,0,N,MELB_URBAN,DRIVE,6,20.0
119947,1,0,130,5,3,80.0,0,I,RURAL_VICTORIA,HIGHWAY,6,17.0
119948,1,1,147,5,1,60.0,0,N,MELB_URBAN,ROAD,6,15.0
119949,1,2,130,2,3,60.0,0,I,MELB_URBAN,ROAD,5,19.0
119950,4,1,171,1,3,60.0,0,I,MELB_URBAN,HIGHWAY,6,19.0
119951,4,1,183,5,5,40.0,0,N,MELB_URBAN,UNKNOWN,6,20.0
119952,1,6,110,1,2,60.0,0,I,MELB_URBAN,HIGHWAY,5,18.0
119953,1,6,130,5,1,70.0,0,N,MELB_URBAN,STREET,5,8.0
119954,4,1,171,5,2,70.0,0,N,MELB_URBAN,ROAD,6,5.0
119955,5,1,99,5,1,110.0,0,N,RURAL_VICTORIA,FREEWAY,6,9.0
119956,7,2,99,5,2,50.0,0,N,MELB_URBAN,AVENUE,6,7.0
119957,4,1,171,1,1,60.0,0,N,MELB_URBAN,DRIVE,1,9.0
119958,2,2,100,1,1,60.0,0,N,MELB_URBAN,ROAD,6,7.0
119959,1,0,130,1,1,60.0,0,N,RURAL_VICTORIA,BOULEVARD,6,11.0
119960,3,0,167,5,1,50.0,0,N,RURAL_VICTORIA,ROAD,6,16.0
119961,1,5,130,1,3,60.0,0,I,MELB_URBAN,STREET,6,20.0
119962,4,1,99,5,5,100.0,0,N,RURAL_VICTORIA,ROAD,6,22.0
119963,1,2,130,5,3,80.0,0,N,MELB_URBAN,ROAD,6,18.0
119964,1,6,121,1,1,60.0,0,I,LARGE_PROVINCIAL_CITIES,STREET,5,11.0
119965,1,6,163,5,1,60.0,0,N,MELB_URBAN,ROAD,6,10.0
119966,1,0,121,5,1,80.0,0,N,MELB_URBAN,ROAD,11,13.0
119967,4,1,171,5,1,60.0,0,N,MELB_URBAN,ROAD,6,9.0
119968,4,7,173,5,1,100.0,0,N,RURAL_VICTORIA,ROAD,6,13.0
119969,1,7,120,5,1,60.0,0,N,RURAL_VICTORIA,ROAD,12,10.0
119970,8,4,174,5,9,60.0,0,N,MELB_URBAN,PARADE,6,18.0
119971,1,1,121,1,1,50.0,0,I,SMALL_CITIES,PARADE,6,11.0