,accident_type,day_of_week,dca_code,road_geometry,light_condition,speed_zone,severity,node_type,deg_urban_name,road_type,month,hour
119972,4,2,173,5,1,100.0,0,N,SMALL_TOWNS,ROAD,6,10.0
119973,6,2,174,5,1,60.0,0,N,MELB_URBAN,ROAD,6,13.0
119974,6,7,174,5,1,80.0,0,N,RURAL_VICTORIA,ROAD,6,13.0
119975,1,2,120,5,1,80.0,0,N,RURAL_VICTORIA,ROAD,6,10.0
119976,4,2,171,5,1,80.0,0,N,RURAL_VICTORIA,ROAD,6,12.0
119977,2,1,102,5,1,40.0,0,N,MELB_URBAN,AVENUE,6,8.0
119978,1,2,130,5,1,60.0,0,N,MELB_URBAN,ROAD,6,8.0
119979,4,6,173,5,5,40.0,0,N,RURAL_VICTORIA,ROAD,6,20.0
119980,1,2,140,5,1,80.0,0,N,MELB_URBAN,HIGHWAY,6,15.0
119981,2,2,99,5,1,40.0,0,N,SMALL_CITIES,STREET,6,14.0
119982,1,2,132,1,9,60.0,0,I,MELB_URBAN,ROAD,6,16.0
119983,8,4,174,2,6,60.0,0,I,MELB_URBAN,STREET,6,2.0
119984,1,1,130,2,1,60.0,0,I,MELB_URBAN,ROAD,6,15.0
119985,4,2,171,5,1,80.0,0,N,RURAL_VICTORIA,ROAD,6,14.0
119986,1,5,130,5,1,70.0,0,N,MELB_URBAN,ROAD,6,7.0
119987,1,2,147,5,1,60.0,0,N,MELB_URBAN,ROAD,6,16.0
119988,1,2,130,5,1,100.0,0,N,MELB_URBAN,FREEWAY,6,15.0
119989,1,2,163,5,1,40.0,0,N,MELB_URBAN,STREET,6,15.0
119990,1,4,130,5,1,80.0,0,N,SMALL_TOWNS,HIGHWAY,6,15.0
119991,1,7,99,5,3,70.0,0,N,MELB_URBAN,STREET,6,22.0
119992,1,2,99,1,1,80.0,0,I,SMALL_CITIES,RAMP,6,15.0
119993,1,2,130,5,3,80.0,0,N,MELB_URBAN,OTHER,6,17.0
119994,1,1,121,2,1,50.0,0,I,MELB_URBAN,STREET,1,17.0
119995,1,2,113,2,2,60.0,0,I,RURAL_VICTORIA,ROAD,6,8.0
119996,1,2,111,1,1,60.0,0,N,MELB_URBAN,ROAD,6,14.0
119997,4,2,173,5,5,80.0,0,N,LARGE_PROVINCIAL_CITIES,ROAD,6,18.0
119998,1,1,121,1,3,80.0,0,I,MELB_URBAN,ROAD,6,18.0
119999,1,6,130,5,1,100.0,0,N,MELB_URBAN,FREEWAY,6,11.0
120000,1,6,111,1,1,60.0,0,I,LARGE_PROVINCIAL_CITIES,ROAD,6,8.0
120001,1,1,130,5,3,80.0,0,N,MELB_URBAN,RAMP,6,20.0
120002,1,2,160,5,3,60.0,0,N,MELB_URBAN,ROAD,6,18.0
120003,1,2,113,2,2,50.0,0,N,MELB_URBAN,STREET,6,17.0
120004,1,3,110,1,1,60.0,0,I,MELB_URBAN,ROAD,5,15.0
120005,1,2,99,5,5,60.0,0,N,MELB_URBAN,ROAD,6,20.0
120006,1,2,121,1,3,70.0,0,I,MELB_URBAN,STREET,6,21.0
120007,4,1,183,2,5,80.0,0,N,RURAL_VICTORIA,ROAD,6,23.0
120008,3,1,167,2,5,80.0,0,N,RURAL_VICTORIA,ROAD,6,23.0
120009,1,6,110,1,1,60.0,0,I,MELB_URBAN,STREET,1,14.0
120010,1,1,116,2,3,70.0,0,N,MELB_URBAN,ROAD,6,18.0
120011,1,3,135,5,3,100.0,0,N,MELB_URBAN,FREEWAY,6,6.0
120012,1,2,110,1,1,50.0,0,I,LARGE_PROVINCIAL_CITIES,STREET,6,8.0
120013,1,6,110,1,1,50.0,0,I,MELB_URBAN,STREET,2,11.0
120014,8,2,174,5,1,40.0,0,N,MELB_URBAN,ROAD,5,13.0
120015,1,1,132,5,1,60.0,0,N,MELB_URBAN,ROAD,6,11.0
120016,1,3,130,1,3,70.0,0,I,MELB_URBAN,ROAD,6,23.0
120017,1,1,130,1,2,50.0,0,I,MELB_URBAN,AVENUE,6,17.0
120018,4,3,173,5,1,60.0,0,N,MELB_URBAN,STREET,6,10.0
120019,1,1,130,5,1,100.0,0,N,RURAL_VICTORIA,RAMP,6,8.0
120020,1,3,130,5,1,40.0,0,N,RURAL_VICTORIA,ROAD,6,10.0
120021,1,3,135,5,1,100.0,1,N,MELB_URBAN,FREEWAY,6,8.0
120022,5,2,99,5,1,60.0,0,N,MELB_URBAN,ROAD,6,10.0
120023,1,2,147,5,1,60.0,0,N,MELB_URBAN,OTHER,6,9.0
120024,1,7,130,5,1,60.0,0,N,MELB_URBAN,ROAD,5,7.0
120025,1,2,113,2,1,60.0,0,I,MELB_URBAN,ROAD,6,11.0
120026,4,3,99,2,1,40.0,0,I,SMALL_CITIES,DRIVE,6,12.0
120027,1,6,110,1,2,60.0,0,I,SMALL_CITIES,STREET,6,7.0
120028,5,7,99,5,1,100.0,0,I,RURAL_VICTORIA,ROAD,6,14.0
120029,1,5,130,9,9,80.0,0,N,MELB_URBAN,ROAD,5,15.0
120030,1,3,130,5,1,50.0,0,N,MELB_URBAN,ROAD,6,12.0
120031,6,1,170,5,5,100.0,0,N,RURAL_VICTORIA,ROAD,6,21.0
120032,1,2,130,1,1,80.0,0,I,SMALL_CITIES,DRIVE,6,10.0
120033,7,3,99,5,1,40.0,0,N,MELB_URBAN,STREET,6,15.0
120034,1,3,134,5,2,70.0,0,N,MELB_URBAN,ROAD,3,18.0
120035,6,1,174,1,3,60.0,0,I,MELB_URBAN,ROAD,6,20.0
120036,1,2,130,2,3,60.0,0,I,MELB_URBAN,ROAD,6,17.0
120037,1,2,130,5,1,70.0,0,N,MELB_URBAN,ROAD,6,16.0
120038,8,4,174,3,2,60.0,0,I,MELB_URBAN,DRIVE,5,5.0
120039,6,1,174,5,1,60.0,0,N,RURAL_VICTORIA,ROAD,6,15.0
120040,1,3,133,5,2,50.0,0,N,MELB_URBAN,ROAD,6,16.0
120041,1,3,99,1,1,70.0,0,I,MELB_URBAN,ROAD,6,16.0
120042,4,3,171,5,3,60.0,0,N,MELB_URBAN,DRIVE,6,19.0
120043,1,3,121,1,3,60.0,0,I,MELB_URBAN,ROAD,6,18.0
120044,2,3,102,2,3,50.0,1,I,MELB_URBAN,STREET,6,18.0
120045,2,3,102,2,2,50.0,0,N,MELB_URBAN,STREET,6,17.0
120046,6,5,170,5,1,40.0,0,N,MELB_URBAN,STREET,6,10.0
120047,1,2,120,2,9,60.0,0,I,MELB_URBAN,ROAD,6,22.0
120048,1,4,99,5,3,80.0,0,N,MELB_URBAN,ROAD,6,0.0
120049,1,3,130,5,1,60.0,0,N,MELB_URBAN,ROAD,6,9.0
120050,1,4,130,5,1,60.0,0,I,SMALL_CITIES,STREET,6,8.0
120051,1,3,160,9,1,40.0,0,N,SMALL_CITIES,STREET,6,9.0
120052,1,4,110,1,1,60.0,0,I,MELB_URBAN,ROAD,6,11.0
120053,1,4,130,5,1,60.0,0,N,MELB_URBAN,ROAD,6,11.0
120054,8,7,174,1,1,60.0,0,I,RURAL_VICTORIA,HIGHWAY,5,14.0
120055,1,3,140,5,1,60.0,0,I,MELB_URBAN,ROAD,6,11.0
120056,1,3,130,5,1,60.0,0,N,MELB_URBAN,FREEWAY,6,13.0
120057,1,4,113,2,1,60.0,0,I,MELB_URBAN,ROAD,6,9.0
120058,1,4,99,1,9,60.0,0,I,MELB_URBAN,ROAD,6,1.0
120059,1,3,134,5,1,60.0,0,N,MELB_URBAN,ROAD,5,14.0
120060,1,3,130,1,1,80.0,0,N,MELB_URBAN,ROAD,6,8.0
120061,1,3,135,5,1,60.0,0,N,MELB_URBAN,ROAD,6,16.0
120062,1,7,130,5,1,80.0,0,N,MELB_URBAN,FREEWAY,6,15.0
120063,1,0,130,5,1,50.0,0,N,MELB_URBAN,OTHER,5,16.0
120064,1,5,130,1,1,60.0,0,I,MELB_URBAN,STREET,6,14.0
120065,6,5,174,5,9,50.0,0,N,MELB_URBAN,STREET,6,7.0
120066,4,1,173,5,3,60.0,0,N,MELB_URBAN,BOULEVARD,6,19.0
120067,2,4,99,1,1,50.0,0,I,MELB_URBAN,STREET,6,15.0
120068,1,7,121,1,1,60.0,0,I,MELB_URBAN,ROAD,5,14.0
120069,1,3,110,1,1,80.0,0,I,RURAL_VICTORIA,HIGHWAY,6,15.0
120070,1,2,110,1,1,60.0,0,I,MELB_URBAN,PARADE,5,17.0
120071,1,4,121,2,1,80.0,0,I,MELB_URBAN,HIGHWAY,6,15.0
120072,2,4,100,5,1,60.0,0,N,MELB_URBAN,ROAD,6,16.0
120073,1,4,116,2,1,60.0,0,I,MELB_URBAN,DRIVE,6,15.0
120074,1,4,132,2,2,60.0,0,I,MELB_URBAN,STREET,6,17.0
120075,8,5,174,5,6,50.0,0,N,MELB_URBAN,ROAD,6,21.0
120076,4,4,181,2,3,60.0,0,N,MELB_URBAN,DRIVE,6,20.0
120077,1,4,110,1,3,70.0,0,I,SMALL_CITIES,ROAD,4,5.0
120078,1,2,130,2,1,70.0,0,I,MELB_URBAN,ROAD,6,9.0
120079,7,3,99,5,3,50.0,0,N,LARGE_PROVINCIAL_CITIES,OTHER,6,23.0
120080,1,5,113,2,3,80.0,0,I,MELB_URBAN,ROAD,6,3.0
120081,4,3,171,5,1,50.0,0,N,MELB_URBAN,ROAD,6,7.0
120082,4,4,171,5,5,80.0,0,N,RURAL_VICTORIA,ROAD,6,6.0
120083,1,5,130,5,3,80.0,0,N,MELB_URBAN,ROAD,6,6.0
120084,1,4,113,2,1,70.0,0,I,MELB_URBAN,ROAD,6,8.0
120085,1,4,99,5,1,50.0,0,N,MELB_URBAN,STREET,6,8.0
120086,1,5,110,1,1,50.0,0,I,TOWNS,STREET,6,9.0
120087,1,6,99,5,1,60.0,0,N,MELB_URBAN,ROAD,6,13.0
120088,1,4,110,1,3,60.0,0,I,LARGE_PROVINCIAL_CITIES,STREET,6,6.0
120089,4,5,173,5,1,100.0,0,N,RURAL_VICTORIA,ROAD,6,11.0
120090,1,5,113,2,1,100.0,0,I,RURAL_VICTORIA,ROAD,6,11.0
120091,1,5,121,1,1,60.0,0,I,MELB_URBAN,HIGHWAY,6,11.0
120092,1,3,111,2,1,80.0,0,I,MELB_URBAN,ROAD,6,11.0
120093,1,5,99,5,1,60.0,0,N,MELB_URBAN,HIGHWAY,6,12.0
120094,4,1,171,5,1,100.0,0,N,RURAL_VICTORIA,OTHER,6,9.0
120095,1,5,147,5,1,60.0,0,N,SMALL_CITIES,STREET,6,12.0
120096,1,4,121,4,1,80.0,0,I,MELB_URBAN,ROAD,6,9.0
120097,1,4,130,1,1,60.0,0,I,MELB_URBAN,ROAD,6,8.0
120098,1,1,113,1,1,60.0,0,I,MELB_URBAN,ROAD,6,8.0
120099,1,5,130,5,1,80.0,0,N,RURAL_VICTORIA,ROAD,6,16.0
120100,1,5,99,5,1,60.0,0,N,MELB_URBAN,HIGHWAY,6,8.0
120101,1,5,110,1,1,50.0,0,I,MELB_URBAN,AVENUE,5,9.0
120102,1,5,121,1,1,60.0,0,I,MELB_URBAN,ROAD,6,13.0
120103,1,5,121,5,1,50.0,0,N,SMALL_CITIES,STREET,6,15.0
120104,2,5,102,1,1,60.0,0,N,MELB_URBAN,STREET,6,13.0
120105,1,5,99,2,2,60.0,0,N,MELB_URBAN,STREET,6,17.0
120106,2,3,102,5,9,60.0,0,N,SMALL_CITIES,OTHER,6,17.0
120107,1,5,135,5,1,60.0,0,N,MELB_URBAN,PARADE,6,17.0
120108,4,4,171,5,1,50.0,0,N,MELB_URBAN,STREET,6,15.0
120109,1,5,121,2,2,60.0,0,I,MELB_URBAN,STREET,6,17.0
120110,2,4,100,5,1,60.0,0,N,TOWNS,AVENUE,6,15.0
120111,1,5,110,1,1,50.0,0,I,MELB_URBAN,OTHER,6,11.0
120112,1,5,160,5,3,50.0,0,N,TOWNS,AVENUE,6,19.0
120113,4,4,173,5,1,60.0,0,N,MELB_URBAN,ROAD,6,15.0
120114,5,3,99,5,1,110.0,0,N,RURAL_VICTORIA,FREEWAY,6,16.0
120115,1,4,110,1,3,60.0,0,N,RURAL_VICTORIA,ROAD,6,21.0
120116,1,5,113,2,1,60.0,1,I,SMALL_CITIES,ROAD,6,16.0
120117,1,5,121,1,3,60.0,0,I,MELB_URBAN,STREET,6,5.0
120118,4,6,173,2,3,50.0,0,I,MELB_URBAN,STREET,6,3.0
120119,4,6,171,2,1,60.0,0,N,RURAL_VICTORIA,HIGHWAY,6,9.0
120120,1,4,110,1,1,50.0,0,I,MELB_URBAN,STREET,6,11.0
120121,4,6,99,2,1,60.0,0,I,LARGE_PROVINCIAL_CITIES,ROAD,6,7.0
120122,1,6,99,5,1,60.0,0,N,MELB_URBAN,STREET,6,8.0
120123,8,2,174,2,1,100.0,0,N,RURAL_VICTORIA,OTHER,6,16.0
120124,1,1,110,1,2,60.0,0,I,SMALL_CITIES,ROAD,4,18.0
120125,4,6,173,5,5,100.0,0,N,RURAL_VICTORIA,ROAD,6,5.0
120126,1,4,111,1,1,60.0,0,I,TOWNS,HIGHWAY,6,14.0
120127,1,2,130,5,1,40.0,0,N,MELB_URBAN,STREET,6,12.0
120128,1,2,130,5,1,80.0,0,N,MELB_URBAN,ROAD,6,9.0
120129,3,7,167,5,1,80.0,0,N,RURAL_VICTORIA,ROAD,5,8.0
120130,1,6,160,5,2,50.0,0,N,MELB_URBAN,AVENUE,6,6.0
120131,1,5,133,1,1,60.0,0,N,MELB_URBAN,ROAD,6,14.0
120132,8,7,174,5,1,60.0,0,N,RURAL_VICTORIA,ROAD,5,13.0
120133,1,3,130,5,1,80.0,0,N,MELB_URBAN,FREEWAY,6,15.0
120134,1,6,99,5,1,70.0,0,N,MELB_URBAN,ROAD,6,11.0
120135,1,4,130,5,9,70.0,0,N,MELB_URBAN,STREET,6,17.0
120136,4,4,171,5,1,50.0,0,N,RURAL_VICTORIA,ROAD,6,16.0
120137,6,6,174,5,1,60.0,0,N,MELB_URBAN,ROAD,6,13.0
120138,1,3,130,1,1,80.0,0,N,MELB_URBAN,ROAD,6,12.0
120139,1,6,99,5,1,50.0,0,N,MELB_URBAN,DRIVE,6,10.0
120140,1,6,110,1,1,50.0,0,I,MELB_URBAN,STREET,6,14.0
120141,8,2,174,5,1,60.0,0,N,LARGE_PROVINCIAL_CITIES,STREET,2,17.0
120142,3,7,167,3,1,80.0,0,I,RURAL_VICTORIA,ROAD,6,14.0
120143,1,6,121,2,1,60.0,0,N,MELB_URBAN,STREET,6,15.0
120144,1,6,130,2,1,80.0,0,I,MELB_URBAN,HIGHWAY,6,16.0
120145,1,5,99,5,1,50.0,0,N,MELB_URBAN,STREET,6,16.0
120146,1,6,99,5,1,60.0,0,N,MELB_URBAN,ROAD,6,15.0
120147,1,5,113,2,3,60.0,0,I,MELB_URBAN,ROAD,6,18.0
120148,1,6,99,5,5,80.0,0,N,RURAL_VICTORIA,ROAD,6,18.0
120149,1,5,130,5,3,60.0,0,N,MELB_URBAN,ROAD,6,18.0
120150,1,5,121,1,3,60.0,0,I,RURAL_VICTORIA,ROAD,6,20.0
120151,2,6,99,5,5,80.0,0,N,MELB_URBAN,ROAD,6,19.0
120152,1,5,121,2,3,80.0,0,I,MELB_URBAN,ROAD,6,18.0
120153,1,6,110,1,1,60.0,0,I,MELB_URBAN,STREET,6,13.0
120154,1,7,113,1,1,70.0,0,I,MELB_URBAN,ROAD,5,16.0
120155,4,6,173,5,3,80.0,0,N,LARGE_PROVINCIAL_CITIES,HIGHWAY,6,20.0
120156,2,7,99,5,3,80.0,0,N,MELB_URBAN,ROAD,6,0.0
120157,1,6,130,1,5,60.0,0,I,MELB_URBAN,ROAD,6,1.0
120158,4,7,181,5,5,60.0,0,N,RURAL_VICTORIA,ROAD,6,3.0
120159,4,7,181,5,6,50.0,0,N,MELB_URBAN,OTHER,6,1.0
120160,1,4,130,5,6,80.0,0,N,MELB_URBAN,FREEWAY,6,17.0
120161,4,7,171,5,1,70.0,0,N,MELB_URBAN,ROAD,6,9.0
120162,2,5,99,2,1,60.0,0,N,SMALL_TOWNS,ROAD,6,7.0
120163,1,7,110,1,1,50.0,0,I,MELB_URBAN,ROAD,6,9.0
120164,6,5,174,5,1,100.0,0,N,RURAL_VICTORIA,ROAD,6,12.0
120165,1,6,130,5,3,60.0,0,N,MELB_URBAN,ROAD,6,17.0
120166,1,6,130,5,1,60.0,0,N,MELB_URBAN,ROAD,6,12.0
120167,1,7,132,2,1,60.0,0,I,MELB_URBAN,ROAD,6,12.0
120168,1,7,130,2,1,70.0,0,N,MELB_URBAN,ROAD,6,11.0
120169,4,7,173,5,1,100.0,0,N,RURAL_VICTORIA,ROAD,6,12.0
120170,6,7,99,1,1,100.0,0,I,RURAL_VICTORIA,OTHER,6,12.0
120171,4,7,171,1,1,60.0,0,I,MELB_URBAN,ROAD,6,7.0
120172,1,6,130,5,1,40.0,0,N,MELB_URBAN,STREET,6,15.0
120173,1,3,130,1,1,60.0,0,N,MELB_URBAN,ROAD,6,15.0
120174,1,7,130,5,3,80.0,0,N,MELB_URBAN,FREEWAY,6,17.0
120175,8,7,174,2,9,60.0,0,I,MELB_URBAN,STREET,6,16.0
120176,1,7,120,2,3,60.0,0,N,MELB_URBAN,ROAD,6,17.0
120177,1,7,130,2,1,50.0,0,I,MELB_URBAN,ROAD,6,16.0
120178,1,7,147,5,1,50.0,0,N,MELB_URBAN,ROAD,6,15.0
120179,1,6,99,4,3,60.0,0,I,MELB_URBAN,OTHER,6,19.0
120180,1,7,113,2,1,60.0,0,I,MELB_URBAN,ROAD,6,17.0
120181,4,2,173,5,1,80.0,0,N,MELB_URBAN,HIGHWAY,6,7.0
120182,6,7,99,5,3,60.0,0,N,MELB_URBAN,HIGHWAY,6,23.0
120183,4,0,173,2,3,80.0,0,I,MELB_URBAN,DRIVE,6,2.0
120184,1,7,120,5,1,100.0,1,N,RURAL_VICTORIA,ROAD,6,12.0
120185,1,1,130,5,1,100.0,0,N,RURAL_VICTORIA,HIGHWAY,3,16.0
120186,4,1,171,5,1,50.0,0,N,RURAL_VICTORIA,DRIVE,6,11.0
120187,8,4,99,5,9,60.0,0,N,MELBOURNE_CBD,STREET,6,17.0
120188,2,4,100,1,1,60.0,0,N,MELB_URBAN,STREET,6,10.0
120189,1,4,147,5,1,60.0,0,N,MELB_URBAN,STREET,12,18.0
120190,1,7,130,4,1,80.0,0,N,MELB_URBAN,RAMP,6,10.0
120191,4,6,181,5,1,60.0,0,N,RURAL_VICTORIA,OTHER,6,11.0
120192,4,1,181,5,1,80.0,0,N,RURAL_VICTORIA,ROAD,6,12.0
120193,1,1,130,5,1,60.0,0,N,LARGE_PROVINCIAL_CITIES,ROAD,6,13.0
120194,4,1,181,5,1,60.0,0,N,RURAL_VICTORIA,ROAD,6,12.0
120195,1,1,120,5,1,80.0,0,N,RURAL_VICTORIA,ROAD,6,8.0
120196,1,1,121,2,1,70.0,0,I,MELB_URBAN,STREET,6,10.0
120197,1,1,113,2,1,60.0,0,I,MELB_URBAN,ROAD,6,13.0
120198,1,4,110,1,1,60.0,0,N,MELB_URBAN,ROAD,6,15.0
120199,4,1,173,5,1,80.0,0,N,MELB_URBAN,ROAD,6,15.0
120200,1,0,130,1,1,50.0,0,I,RURAL_VICTORIA,BOULEVARD,6,13.0
120201,1,1,134,5,3,60.0,0,N,MELB_URBAN,ROAD,6,17.0
120202,1,1,113,2,1,60.0,0,I,MELB_URBAN,ROAD,6,16.0
120203,1,1,130,2,3,60.0,0,I,MELB_URBAN,ROAD,5,20.0
120204,1,4,99,4,1,40.0,0,I,MELB_URBAN,PARADE,6,11.0
120205,1,1,120,5,5,50.0,0,N,LARGE_PROVINCIAL_CITIES,STREET,6,0.0
120206,4,2,171,5,3,100.0,0,N,MELB_URBAN,UNKNOWN,6,1.0
120207,4,1,171,5,3,70.0,0,N,MELB_URBAN,ROAD,6,23.0
120208,4,2,171,2,3,80.0,0,I,MELB_URBAN,ROAD,6,2.0
120209,1,1,121,1,3,60.0,0,I,LARGE_PROVINCIAL_CITIES,STREET,6,6.0
120210,1,4,163,5,1,40.0,0,N,MELB_URBAN,STREET,6,15.0
120211,1,1,121,1,1,60.0,0,I,MELB_URBAN,ROAD,6,12.0
120212,2,0,99,3,1,60.0,0,N,MELB_URBAN,ROAD,6,12.0
120213,1,2,99,5,5,60.0,0,N,RURAL_VICTORIA,ROAD,6,6.0
120214,1,2,110,1,1,40.0,0,I,MELB_URBAN,STREET,6,8.0
120215,2,2,102,1,1,60.0,0,I,LARGE_PROVINCIAL_CITIES,STREET,6,8.0
120216,4,7,171,5,3,50.0,0,N,MELB_URBAN,DRIVE,6,5.0
120217,4,1,173,5,5,100.0,0,N,RURAL_VICTORIA,ROAD,6,6.0
120218,1,6,99,2,1,60.0,0,I,MELB_URBAN,ROAD,6,16.0
120219,1,6,130,5,5,100.0,0,N,MELB_URBAN,ROAD,6,18.0
120220,1,1,130,2,9,60.0,0,N,MELB_URBAN,ROAD,5,15.0
120221,1,2,113,2,1,60.0,0,I,MELB_URBAN,ROAD,6,13.0
120222,1,1,99,5,1,60.0,0,N,MELB_URBAN,ROAD,6,16.0
120223,1,6,140,5,1,60.0,0,N,MELB_URBAN,STREET,6,17.0
120224,1,5,121,2,1,60.0,0,I,MELB_URBAN,HIGHWAY,6,7.0
120225,1,1,111,1,9,50.0,0,I,MELB_URBAN,STREET,6,15.0
120226,1,5,130,5,6,70.0,0,N,MELB_URBAN,ROAD,6,6.0
120227,6,5,174,2,1,60.0,0,I,MELB_URBAN,AVENUE,6,14.0
120228,1,2,99,1,1,60.0,0,N,MELB_URBAN,ROAD,6,12.0
120229,4,6,173,2,9,100.0,0,N,RURAL_VICTORIA,ROAD,6,22.0
120230,1,1,130,2,1,50.0,0,N,LARGE_PROVINCIAL_CITIES,ROAD,6,14.0
120231,1,2,110,1,1,60.0,0,I,SMALL_CITIES,STREET,6,14.0
120232,1,0,130,5,3,60.0,0,N,MELB_URBAN,ROAD,6,18.0
120233,1,2,130,5,1,60.0,0,N,MELB_URBAN,ROAD,6,14.0
120234,1,2,132,2,1,60.0,0,I,MELB_URBAN,ROAD,6,15.0
120235,1,2,110,1,1,40.0,0,I,TOWNS,STREET,6,15.0
120236,1,2,113,2,1,60.0,0,I,MELB_URBAN,DRIVE,6,12.0
120237,4,1,173,5,1,100.0,0,N,RURAL_VICTORIA,HIGHWAY,6,14.0
120238,1,2,130,5,2,110.0,0,N,RURAL_VICTORIA,FREEWAY,6,16.0
120239,2,2,102,2,3,50.0,0,I,MELB_URBAN,STREET,6,17.0
120240,1,4,121,2,3,40.0,0,I,MELBOURNE_CBD,PARADE,6,5.0
120241,1,2,121,1,3,60.0,0,I,MELB_URBAN,ROAD,6,17.0
120242,4,2,171,5,1,80.0,0,N,RURAL_VICTORIA,RAMP,6,15.0
120243,1,1,111,2,1,60.0,0,I,MELB_URBAN,ROAD,6,12.0
120244,4,1,173,5,5,60.0,0,N,SMALL_CITIES,ROAD,6,18.0
120245,1,2,120,5,1,50.0,0,N,MELB_URBAN,STREET,6,16.0
120246,6,2,174,1,3,40.0,0,I,MELBOURNE_CBD,STREET,6,21.0
120247,4,1,171,5,3,60.0,0,N,MELB_URBAN,AVENUE,6,20.0
120248,1,1,160,5,3,50.0,0,N,SMALL_CITIES,ROAD,6,19.0
120249,1,2,116,2,3,50.0,0,I,MELB_URBAN,STREET,6,21.0
120250,7,3,99,2,3,60.0,1,I,LARGE_PROVINCIAL_CITIES,STREET,6,4.0
120251,1,1,147,5,1,60.0,0,N,MELB_URBAN,ROAD,6,13.0
120252,1,3,160,5,3,60.0,0,N,MELB_URBAN,ROAD,6,20.0
120253,1,3,116,2,1,70.0,0,I,MELB_URBAN,ROAD,6,8.0
120254,2,3,102,1,3,60.0,0,N,MELB_URBAN,STREET,6,6.0
120255,1,3,116,2,1,60.0,0,N,MELB_URBAN,STREET,6,7.0
120256,1,2,130,1,1,60.0,0,I,LARGE_PROVINCIAL_CITIES,AVENUE,6,9.0
120257,1,2,130,5,1,80.0,0,N,MELB_URBAN,ROAD,6,10.0
120258,1,3,99,5,1,60.0,0,N,MELB_URBAN,ROAD,6,11.0
120259,1,3,130,5,1,40.0,0,N,MELB_URBAN,ROAD,6,10.0
120260,1,2,130,1,1,80.0,0,N,MELB_URBAN,ROAD,6,11.0
120261,1,3,110,1,1,50.0,0,I,TOWNS,DRIVE,6,11.0
120262,1,2,120,5,1,100.0,0,N,RURAL_VICTORIA,ROAD,6,12.0
120263,1,3,130,5,1,100.0,0,N,RURAL_VICTORIA,HIGHWAY,6,8.0
120264,1,3,171,5,1,110.0,0,N,RURAL_VICTORIA,FREEWAY,6,14.0
120265,1,3,99,5,1,50.0,0,N,MELB_URBAN,UNKNOWN,6,14.0
120266,1,4,130,5,9,60.0,0,N,MELB_URBAN,ROAD,6,16.0
120267,1,3,113,1,1,50.0,0,I,MELB_URBAN,PARADE,6,16.0
120268,1,3,130,5,1,70.0,0,N,MELB_URBAN,ROAD,6,15.0
120269,1,3,113,2,1,50.0,0,I,MELB_URBAN,ROAD,6,16.0
120270,1,3,113,2,1,80.0,0,I,MELB_URBAN,HIGHWAY,6,14.0
120271,2,2,100,5,1,40.0,0,N,MELB_URBAN,STREET,6,15.0
120272,1,3,121,2,1,60.0,0,I,LARGE_PROVINCIAL_CITIES,ROAD,6,15.0
120273,1,3,130,5,1,70.0,0,N,LARGE_PROVINCIAL_CITIES,STREET,6,14.0
120274,2,3,102,2,3,50.0,0,I,MELB_URBAN,ROAD,6,18.0
120275,1,3,130,1,1,80.0,0,I,MELB_URBAN,HIGHWAY,6,15.0
120276,2,2,100,1,3,80.0,0,I,MELB_URBAN,ROAD,6,18.0
120277,1,2,110,1,2,50.0,0,I,MELB_URBAN,ROAD,6,17.0
120278,1,2,173,5,5,50.0,0,N,TOWNS,ROAD,6,18.0
120279,4,2,173,5,5,100.0,0,N,RURAL_VICTORIA,ROAD,6,19.0
120280,1,3,121,2,1,70.0,0,N,MELB_URBAN,STREET,6,16.0
120281,4,3,173,5,3,40.0,0,N,MELB_URBAN,ROAD,6,6.0
120282,1,4,120,5,3,60.0,0,N,MELB_URBAN,ROAD,6,4.0
120283,1,3,130,1,1,60.0,0,N,TOWNS,HIGHWAY,6,12.0
120284,1,3,130,1,9,60.0,0,I,MELB_URBAN,ROAD,6,18.0
120285,1,3,130,5,3,80.0,0,N,MELB_URBAN,ROAD,6,6.0
120286,1,4,111,2,2,60.0,0,I,MELB_URBAN,ROAD,6,7.0
120287,5,4,99,5,1,50.0,0,N,MELB_URBAN,OTHER,6,8.0
120288,1,4,121,1,1,60.0,0,I,TOWNS,STREET,6,8.0
120289,1,2,111,2,3,60.0,0,I,MELB_URBAN,ROAD,6,20.0
120290,1,1,99,5,1,80.0,0,N,RURAL_VICTORIA,ROAD,6,16.0
120291,4,4,171,1,3,70.0,0,I,MELB_URBAN,ROAD,6,20.0
120292,1,0,113,2,1,80.0,0,I,MELB_URBAN,ROAD,6,12.0
120293,2,4,100,1,1,50.0,0,N,LARGE_PROVINCIAL_CITIES,STREET,6,10.0
120294,1,3,130,1,1,60.0,0,N,MELB_URBAN,PARADE,6,10.0
120295,4,4,181,5,1,100.0,0,N,RURAL_VICTORIA,ROAD,6,9.0
120296,4,3,173,2,1,60.0,0,I,MELB_URBAN,ROAD,6,11.0
120297,1,4,132,5,1,60.0,0,N,SMALL_CITIES,UNKNOWN,6,12.0
120298,1,5,130,2,1,60.0,0,I,MELB_URBAN,ROAD,5,12.0
120299,6,6,184,5,1,60.0,0,N,RURAL_VICTORIA,ROAD,6,13.0
120300,6,3,99,1,5,60.0,0,I,RURAL_VICTORIA,ROAD,6,17.0