,accident_type,day_of_week,dca_code,road_geometry,light_condition,speed_zone,severity,node_type,deg_urban_name,road_type,month,hour
120301,1,4,160,5,1,50.0,0,N,MELB_URBAN,UNKNOWN,6,9.0
120302,8,6,174,5,9,60.0,0,N,MELB_URBAN,OTHER,6,18.0
120303,1,5,134,5,2,80.0,0,N,MELB_URBAN,ROAD,5,7.0
120304,1,3,99,5,1,60.0,0,N,MELB_URBAN,RAMP,6,16.0
120305,1,4,132,2,1,80.0,0,I,RURAL_VICTORIA,ROAD,6,13.0
120306,1,3,110,1,1,60.0,0,I,LARGE_PROVINCIAL_CITIES,STREET,6,9.0
120307,1,4,121,2,1,70.0,0,I,MELB_URBAN,ROAD,6,16.0
120308,1,4,130,5,1,40.0,0,N,MELB_URBAN,ROAD,6,11.0
120309,1,3,130,5,1,60.0,0,N,MELB_URBAN,ROAD,6,16.0
120310,1,3,130,2,1,70.0,0,N,MELB_URBAN,STREET,6,17.0
120311,1,3,130,5,1,50.0,0,N,TOWNS,STREET,6,16.0
120312,4,4,173,5,5,100.0,0,N,RURAL_VICTORIA,ROAD,6,17.0
120313,1,4,130,5,3,60.0,0,N,MELB_URBAN,HIGHWAY,6,17.0
120314,1,4,132,2,3,60.0,0,I,MELB_URBAN,ROAD,6,17.0
120315,1,3,110,1,1,50.0,0,I,MELB_URBAN,AVENUE,6,15.0
120316,6,4,184,4,1,80.0,0,N,MELB_URBAN,RAMP,6,16.0
120317,1,4,121,5,2,60.0,1,N,MELB_URBAN,ROAD,6,17.0
120318,6,4,174,2,1,60.0,0,I,MELB_URBAN,ROAD,6,8.0
120319,1,2,130,5,3,60.0,0,N,RURAL_VICTORIA,FREEWAY,6,23.0
120320,1,3,171,5,1,50.0,0,N,LARGE_PROVINCIAL_CITIES,STREET,6,14.0
120321,1,5,116,1,2,100.0,0,I,RURAL_VICTORIA,ROAD,6,6.0
120322,4,4,171,5,1,40.0,0,N,LARGE_PROVINCIAL_CITIES,ROAD,6,8.0
120323,1,4,121,4,3,80.0,0,I,MELB_URBAN,HIGHWAY,6,21.0
120324,1,5,110,1,1,60.0,0,I,MELB_URBAN,STREET,6,8.0
120325,8,5,170,1,1,40.0,0,I,MELB_URBAN,BOULEVARD,6,9.0
120326,1,4,130,2,1,80.0,0,I,MELB_URBAN,ROAD,6,9.0
120327,1,4,99,5,1,40.0,0,N,MELBOURNE_CBD,STREET,6,8.0
120328,1,7,130,5,1,60.0,0,N,MELB_URBAN,ROAD,6,13.0
120329,1,5,99,5,1,100.0,0,N,RURAL_VICTORIA,OTHER,6,9.0
120330,1,4,110,1,1,70.0,0,I,MELB_URBAN,HIGHWAY,6,12.0
120331,1,5,110,1,1,100.0,0,I,RURAL_VICTORIA,HIGHWAY,6,12.0
120332,4,4,173,2,1,60.0,0,N,MELB_URBAN,ROAD,6,8.0
120333,1,2,130,2,1,60.0,0,N,MELB_URBAN,OTHER,6,15.0
120334,2,5,100,1,1,50.0,0,I,MELB_URBAN,ROAD,6,12.0
120335,2,3,100,3,3,60.0,0,I,MELB_URBAN,ROAD,6,17.0
120336,1,5,160,5,2,50.0,0,N,TOWNS,PARADE,6,8.0
120337,1,4,110,1,1,60.0,0,I,MELB_URBAN,ROAD,6,14.0
120338,6,7,174,2,6,50.0,0,N,MELB_URBAN,STREET,6,5.0
120339,1,4,130,1,1,70.0,0,N,MELB_URBAN,HIGHWAY,6,11.0
120340,1,3,130,5,1,60.0,0,I,MELB_URBAN,ROAD,6,14.0
120341,1,3,135,5,1,100.0,0,N,MELB_URBAN,FREEWAY,6,15.0
120342,1,1,110,1,1,60.0,0,N,MELB_URBAN,OTHER,6,14.0
120343,1,5,147,5,1,60.0,0,N,MELB_URBAN,ROAD,6,16.0
120344,1,5,121,2,2,60.0,0,I,MELB_URBAN,DRIVE,6,16.0
120345,6,6,99,2,1,50.0,0,I,MELB_URBAN,STREET,3,17.0
120346,1,5,130,1,3,80.0,0,N,MELB_URBAN,DRIVE,6,17.0
120347,1,4,130,5,1,100.0,0,N,MELB_URBAN,UNKNOWN,6,14.0
120348,2,5,102,5,3,40.0,0,N,MELB_URBAN,ROAD,6,17.0
120349,1,5,121,1,2,80.0,0,N,MELB_URBAN,HIGHWAY,6,16.0
120350,1,5,163,1,4,40.0,0,N,MELBOURNE_CBD,STREET,6,17.0
120351,2,4,100,2,3,50.0,0,N,MELB_URBAN,AVENUE,6,19.0
120352,1,5,121,1,2,60.0,0,I,MELB_URBAN,ROAD,6,16.0
120353,1,4,160,5,9,50.0,0,N,MELB_URBAN,AVENUE,6,22.0
120354,1,5,110,1,2,80.0,0,N,RURAL_VICTORIA,ROAD,6,16.0
120355,4,5,173,2,3,80.0,0,N,MELB_URBAN,DRIVE,6,1.0
120356,1,6,160,5,3,60.0,0,N,LARGE_PROVINCIAL_CITIES,STREET,6,3.0
120357,1,3,130,5,5,100.0,0,N,RURAL_VICTORIA,FREEWAY,6,18.0
120358,1,6,132,2,1,60.0,0,I,LARGE_PROVINCIAL_CITIES,AVENUE,6,9.0
120359,1,6,110,1,1,60.0,0,I,LARGE_PROVINCIAL_CITIES,STREET,6,8.0
120360,6,6,170,5,2,100.0,0,N,RURAL_VICTORIA,ROAD,6,7.0
120361,6,1,174,2,1,100.0,0,I,RURAL_VICTORIA,OTHER,6,12.0
120362,6,1,184,5,1,60.0,0,N,RURAL_VICTORIA,ROAD,6,12.0
120363,1,5,130,2,1,30.0,0,N,MELB_URBAN,STREET,6,11.0
120364,1,6,130,5,1,100.0,0,N,RURAL_VICTORIA,HIGHWAY,6,10.0
120365,1,3,130,4,1,80.0,0,N,LARGE_PROVINCIAL_CITIES,HIGHWAY,6,11.0
120366,1,5,135,5,1,80.0,0,I,MELB_URBAN,ROAD,6,11.0
120367,1,6,113,2,1,60.0,0,I,MELB_URBAN,STREET,6,7.0
120368,1,2,163,5,1,60.0,0,N,MELB_URBAN,STREET,6,16.0
120369,1,4,130,1,1,60.0,0,I,MELB_URBAN,ROAD,6,8.0
120370,4,6,171,5,1,50.0,0,N,SMALL_CITIES,DRIVE,6,12.0
120371,1,5,130,5,1,60.0,0,N,LARGE_PROVINCIAL_CITIES,ROAD,6,7.0
120372,4,5,173,5,1,50.0,0,N,MELB_URBAN,AVENUE,6,14.0
120373,1,6,99,2,1,100.0,0,I,RURAL_VICTORIA,ROAD,6,10.0
120374,1,5,121,2,3,60.0,0,I,MELB_URBAN,ROAD,5,20.0
120375,1,6,130,9,1,60.0,0,N,MELB_URBAN,ROAD,6,13.0
120376,4,4,171,5,5,100.0,0,N,RURAL_VICTORIA,ROAD,6,19.0
120377,4,6,171,5,1,70.0,0,N,MELB_URBAN,ROAD,6,13.0
120378,1,3,110,1,1,50.0,0,I,MELB_URBAN,STREET,6,8.0
120379,1,6,130,5,1,80.0,0,N,MELB_URBAN,FREEWAY,6,8.0
120380,1,6,120,5,1,60.0,0,N,MELB_URBAN,ROAD,6,14.0
120381,1,3,110,1,1,60.0,0,I,MELB_URBAN,ROAD,6,14.0
120382,2,6,100,5,1,60.0,0,N,MELB_URBAN,ROAD,6,14.0
120383,1,6,110,1,1,70.0,0,I,SMALL_CITIES,PARADE,6,17.0
120384,1,6,113,2,2,60.0,0,I,MELB_URBAN,ROAD,6,16.0
120385,1,2,130,5,1,60.0,0,N,MELB_URBAN,STREET,6,15.0
120386,1,6,110,1,3,50.0,0,I,LARGE_PROVINCIAL_CITIES,STREET,6,18.0
120387,1,2,130,2,1,50.0,0,I,SMALL_TOWNS,ROAD,6,15.0
120388,1,6,113,2,3,60.0,0,I,LARGE_PROVINCIAL_CITIES,ROAD,6,17.0
120389,1,6,99,5,1,50.0,0,N,MELB_URBAN,DRIVE,6,16.0
120390,1,6,121,1,1,60.0,0,I,MELB_URBAN,STREET,6,15.0
120391,1,6,120,2,2,60.0,0,N,MELB_URBAN,STREET,6,17.0
120392,1,4,121,1,3,60.0,0,I,LARGE_PROVINCIAL_CITIES,STREET,6,17.0
120393,1,6,130,5,1,60.0,0,N,MELB_URBAN,ROAD,5,13.0
120394,1,5,116,1,3,40.0,0,I,MELB_URBAN,STREET,6,18.0
120395,1,5,116,1,3,80.0,0,I,MELB_URBAN,ROAD,6,21.0
120396,1,6,160,5,9,60.0,0,N,MELB_URBAN,ROAD,5,5.0
120397,1,6,116,2,3,50.0,0,I,MELB_URBAN,ROAD,6,21.0
120398,4,6,173,5,3,70.0,0,N,MELB_URBAN,ROAD,6,18.0
120399,1,5,130,5,3,70.0,0,N,MELB_URBAN,ROAD,6,22.0
120400,1,5,130,4,3,80.0,0,I,MELB_URBAN,ROAD,6,19.0
120401,4,6,183,5,5,100.0,0,N,RURAL_VICTORIA,ROAD,6,22.0
120402,4,5,181,5,5,70.0,0,N,MELB_URBAN,ROAD,6,22.0
120403,1,6,99,5,1,50.0,0,N,LARGE_PROVINCIAL_CITIES,ROAD,6,16.0
120404,1,5,134,2,1,40.0,0,I,MELB_URBAN,ROAD,6,15.0
120405,4,7,171,5,2,80.0,0,N,RURAL_VICTORIA,ROAD,6,6.0
120406,1,4,99,4,1,60.0,0,I,MELB_URBAN,ROAD,6,8.0
120407,1,7,121,9,1,60.0,0,I,MELB_URBAN,ROAD,6,8.0
120408,1,3,130,1,1,60.0,0,I,MELB_URBAN,STREET,6,10.0
120409,1,2,130,1,1,60.0,0,I,MELB_URBAN,HIGHWAY,6,7.0
120410,6,7,99,5,1,100.0,0,N,RURAL_VICTORIA,ROAD,6,9.0
120411,1,7,160,5,1,40.0,0,N,MELB_URBAN,STREET,6,9.0
120412,1,7,121,5,1,50.0,0,N,MELB_URBAN,STREET,6,15.0
120413,1,7,130,5,1,70.0,0,N,LARGE_PROVINCIAL_CITIES,ROAD,6,12.0
120414,1,7,140,2,1,50.0,0,N,MELB_URBAN,STREET,6,13.0
120415,2,5,102,1,3,40.0,0,I,MELB_URBAN,STREET,6,18.0
120416,6,6,184,5,1,60.0,0,N,MELB_URBAN,OTHER,6,16.0
120417,1,7,110,1,1,60.0,0,I,TOWNS,STREET,6,9.0
120418,1,7,121,1,1,50.0,0,N,SMALL_CITIES,STREET,6,14.0
120419,1,5,121,2,1,60.0,0,I,MELB_URBAN,ROAD,6,9.0
120420,4,7,171,5,1,60.0,0,N,MELB_URBAN,ROAD,6,16.0
120421,6,5,174,2,1,50.0,0,I,MELB_URBAN,AVENUE,6,12.0
120422,1,7,110,1,6,60.0,0,I,MELB_URBAN,STREET,6,17.0
120423,1,3,130,1,1,50.0,0,N,MELBOURNE_CBD,STREET,6,16.0
120424,1,7,110,1,1,50.0,0,I,MELB_URBAN,STREET,6,13.0
120425,1,7,130,5,1,100.0,0,N,RURAL_VICTORIA,ROAD,6,17.0
120426,1,7,160,5,1,60.0,0,N,MELB_URBAN,ROAD,6,8.0
120427,1,5,130,1,2,60.0,0,I,MELB_URBAN,ROAD,6,5.0
120428,1,7,120,5,2,100.0,1,N,RURAL_VICTORIA,ROAD,6,17.0
120429,1,7,163,5,3,60.0,0,N,MELB_URBAN,UNKNOWN,6,19.0
120430,1,4,110,1,1,50.0,0,I,MELB_URBAN,AVENUE,3,10.0
120431,4,0,171,5,4,50.0,0,N,MELB_URBAN,STREET,6,5.0
120432,4,1,183,3,3,50.0,0,I,SMALL_CITIES,STREET,6,2.0
120433,1,1,130,5,3,100.0,0,N,MELB_URBAN,FREEWAY,6,5.0
120434,6,6,99,5,5,100.0,0,N,RURAL_VICTORIA,ROAD,6,22.0
120435,1,1,121,1,1,70.0,0,I,LARGE_PROVINCIAL_CITIES,ROAD,6,8.0
120436,1,1,160,5,1,60.0,0,N,MELB_URBAN,ROAD,6,11.0
120437,8,7,174,2,9,60.0,0,I,MELB_URBAN,STREET,4,17.0
120438,1,1,99,1,1,100.0,0,I,RURAL_VICTORIA,ROAD,6,9.0
120439,1,1,132,2,1,80.0,0,I,RURAL_VICTORIA,HIGHWAY,6,11.0
120440,6,1,170,5,1,100.0,0,N,RURAL_VICTORIA,ROAD,6,13.0
120441,4,1,171,5,1,100.0,0,N,RURAL_VICTORIA,UNKNOWN,6,12.0
120442,1,1,116,2,3,60.0,0,I,LARGE_PROVINCIAL_CITIES,ROAD,6,20.0
120443,1,1,99,1,1,60.0,0,I,TOWNS,STREET,6,14.0
120444,1,1,130,5,1,80.0,0,N,TOWNS,HIGHWAY,6,16.0
120445,1,1,113,4,1,80.0,0,I,MELB_URBAN,RAMP,6,15.0
120446,1,1,113,2,1,100.0,0,I,RURAL_VICTORIA,ROAD,6,14.0
120447,2,5,99,5,1,60.0,0,N,MELB_URBAN,ROAD,5,15.0
120448,1,1,113,2,1,100.0,0,I,RURAL_VICTORIA,HIGHWAY,6,15.0
120449,1,1,99,5,1,80.0,0,N,RURAL_VICTORIA,ROAD,6,15.0
120450,1,1,120,5,1,100.0,0,N,RURAL_VICTORIA,OTHER,6,12.0
120451,4,1,181,2,1,100.0,1,N,RURAL_VICTORIA,ROAD,6,14.0
120452,4,1,171,5,5,80.0,0,N,RURAL_VICTORIA,ROAD,6,17.0
120453,2,1,99,5,3,50.0,0,N,LARGE_PROVINCIAL_CITIES,OTHER,6,18.0
120454,4,1,181,5,3,50.0,0,N,RURAL_VICTORIA,DRIVE,6,22.0
120455,2,2,102,2,5,50.0,0,I,MELB_URBAN,OTHER,6,6.0
120456,1,2,160,5,3,70.0,0,N,LARGE_PROVINCIAL_CITIES,HIGHWAY,6,6.0
120457,1,2,130,5,1,60.0,0,N,MELB_URBAN,ROAD,6,8.0
120458,1,2,116,1,1,60.0,0,I,MELB_URBAN,ROAD,6,9.0
120459,2,2,100,1,1,60.0,0,I,MELB_URBAN,HIGHWAY,6,8.0
120460,1,7,121,1,1,50.0,0,I,MELB_URBAN,ROAD,6,12.0
120461,1,4,120,5,1,60.0,0,N,SMALL_CITIES,ROAD,6,14.0
120462,1,2,116,1,1,60.0,0,I,MELB_URBAN,ROAD,6,7.0
120463,1,2,110,1,1,60.0,0,I,LARGE_PROVINCIAL_CITIES,STREET,6,12.0
120464,4,2,171,5,1,100.0,0,N,RURAL_VICTORIA,ROAD,6,8.0
120465,1,7,130,1,9,80.0,0,I,MELB_URBAN,ROAD,4,19.0
120466,6,6,174,5,1,100.0,0,N,RURAL_VICTORIA,OTHER,6,12.0
120467,8,5,174,5,3,40.0,0,N,MELB_URBAN,STREET,6,21.0
120468,1,2,110,1,1,80.0,0,I,MELB_URBAN,HIGHWAY,6,9.0
120469,3,1,167,5,1,50.0,0,N,SMALL_CITIES,ROAD,6,11.0
120470,1,2,110,1,1,60.0,0,I,MELB_URBAN,ROAD,6,12.0
120471,1,2,121,5,1,50.0,0,N,MELB_URBAN,ROAD,6,12.0
120472,2,7,99,2,1,60.0,0,I,MELB_URBAN,ROAD,6,10.0
120473,1,1,132,2,2,60.0,0,I,TOWNS,ROAD,6,17.0
120474,6,6,99,5,1,60.0,0,N,SMALL_CITIES,ROAD,5,16.0
120475,1,2,110,1,1,50.0,0,I,LARGE_PROVINCIAL_CITIES,AVENUE,6,9.0
120476,8,7,174,5,6,50.0,0,N,MELB_URBAN,STREET,5,19.0
120477,2,2,100,5,1,60.0,0,N,MELB_URBAN,STREET,6,8.0
120478,2,0,99,2,1,50.0,0,I,SMALL_TOWNS,ROAD,6,14.0
120479,1,2,132,1,1,60.0,0,I,RURAL_VICTORIA,ROAD,6,12.0
120480,1,3,130,1,1,60.0,0,I,MELB_URBAN,ROAD,5,10.0
120481,1,4,160,5,1,60.0,0,N,MELB_URBAN,STREET,6,10.0
120482,4,2,171,5,1,100.0,0,N,RURAL_VICTORIA,OTHER,6,10.0
120483,1,2,160,5,3,50.0,0,N,MELB_URBAN,STREET,6,19.0
120484,1,5,135,4,1,80.0,0,N,MELB_URBAN,OTHER,5,12.0
120485,1,2,132,1,1,60.0,0,I,RURAL_VICTORIA,ROAD,6,13.0
120486,1,2,121,1,1,50.0,0,I,SMALL_CITIES,STREET,6,14.0
120487,1,1,147,5,1,50.0,0,N,MELB_URBAN,STREET,6,11.0
120488,5,1,99,5,1,100.0,0,N,RURAL_VICTORIA,ROAD,6,13.0
120489,1,1,130,5,2,80.0,0,N,RURAL_VICTORIA,ROAD,6,18.0
120490,4,2,183,5,1,80.0,1,N,RURAL_VICTORIA,ROAD,6,9.0
120491,1,2,110,1,1,50.0,0,I,TOWNS,STREET,6,15.0
120492,1,2,147,2,1,50.0,0,I,SMALL_TOWNS,AVENUE,6,15.0
120493,3,7,167,5,1,100.0,0,N,RURAL_VICTORIA,ROAD,6,8.0
120494,4,2,171,5,1,100.0,0,N,RURAL_VICTORIA,HIGHWAY,6,14.0
120495,1,1,121,1,2,80.0,0,I,RURAL_VICTORIA,ROAD,6,17.0
120496,2,2,102,1,3,60.0,0,I,MELB_URBAN,ROAD,6,18.0
120497,1,1,130,5,1,40.0,0,N,MELB_URBAN,STREET,6,15.0
120498,1,2,120,5,1,70.0,0,N,MELB_URBAN,ROAD,6,15.0
120499,2,2,102,5,3,60.0,0,N,MELB_URBAN,ROAD,6,18.0
120500,1,1,110,1,3,50.0,0,I,MELB_URBAN,STREET,6,17.0
120501,4,2,110,1,3,40.0,0,I,MELB_URBAN,STREET,6,23.0
120502,4,3,183,5,3,60.0,0,N,MELB_URBAN,ROAD,6,1.0
120503,1,2,113,1,3,60.0,0,I,MELB_URBAN,STREET,6,21.0
120504,6,3,99,5,1,80.0,0,N,RURAL_VICTORIA,ROAD,6,7.0
120505,4,2,171,5,3,80.0,0,N,TOWNS,ROAD,6,6.0
120506,1,5,116,1,1,80.0,0,I,MELB_URBAN,STREET,6,12.0
120507,6,5,174,5,2,60.0,0,N,RURAL_VICTORIA,ROAD,6,8.0
120508,4,3,171,1,1,60.0,0,I,MELB_URBAN,ROAD,6,9.0
120509,1,1,99,5,1,80.0,0,N,MELB_URBAN,ROAD,6,14.0
120510,1,2,99,5,1,60.0,0,N,MELB_URBAN,ROAD,6,18.0
120511,1,2,99,5,2,50.0,0,N,SMALL_TOWNS,STREET,6,16.0
120512,1,1,130,1,1,60.0,0,I,MELB_URBAN,ROAD,6,11.0
120513,8,1,174,5,1,60.0,0,N,RURAL_VICTORIA,ROAD,6,14.0
120514,8,5,174,5,1,40.0,0,N,MELB_URBAN,STREET,12,20.0
120515,3,1,167,5,2,100.0,0,N,RURAL_VICTORIA,ROAD,6,7.0
120516,1,4,130,5,5,100.0,0,N,MELB_URBAN,FREEWAY,6,18.0
120517,1,3,160,5,1,60.0,0,N,SMALL_CITIES,DRIVE,6,9.0
120518,1,2,111,1,1,60.0,0,I,MELB_URBAN,STREET,6,15.0
120519,1,3,130,5,1,100.0,0,N,MELB_URBAN,ROAD,6,7.0
120520,1,3,140,5,1,40.0,0,N,MELBOURNE_CBD,STREET,6,14.0
120521,8,3,99,5,1,50.0,0,N,MELB_URBAN,OTHER,6,14.0
120522,1,3,135,5,1,60.0,0,N,MELB_URBAN,ROAD,6,13.0
120523,1,2,135,4,1,80.0,0,N,MELB_URBAN,STREET,6,9.0
120524,6,4,99,2,1,80.0,0,N,RURAL_VICTORIA,ROAD,5,10.0
120525,1,7,130,5,1,70.0,0,N,MELB_URBAN,ROAD,6,10.0
120526,1,3,99,5,5,60.0,0,N,RURAL_VICTORIA,STREET,6,17.0
120527,1,3,111,2,1,60.0,0,I,MELB_URBAN,ROAD,6,16.0
120528,1,2,140,5,2,50.0,0,N,MELB_URBAN,STREET,6,17.0
120529,1,3,160,5,3,50.0,0,N,MELB_URBAN,STREET,6,17.0
120530,1,5,130,5,1,80.0,0,N,MELB_URBAN,HIGHWAY,6,15.0
120531,6,7,174,5,1,50.0,0,N,RURAL_VICTORIA,ROAD,6,14.0
120532,2,3,100,5,3,40.0,0,N,MELB_URBAN,ROAD,6,17.0
120533,2,3,99,5,5,60.0,0,N,RURAL_VICTORIA,ROAD,6,19.0
120534,8,3,99,5,3,50.0,0,N,MELB_URBAN,BOULEVARD,6,18.0
120535,1,4,116,1,3,80.0,0,I,MELB_URBAN,ROAD,6,18.0
120536,5,3,171,2,3,40.0,0,I,MELB_URBAN,ROAD,6,21.0
120537,1,4,99,5,3,80.0,0,N,MELB_URBAN,ROAD,7,0.0
120538,4,4,171,5,5,100.0,0,N,SMALL_TOWNS,FREEWAY,7,1.0
120539,1,3,130,5,1,70.0,0,N,MELB_URBAN,OTHER,6,15.0
120540,1,4,130,5,5,60.0,0,N,MELB_URBAN,ROAD,5,18.0
120541,8,4,99,5,1,100.0,0,N,RURAL_VICTORIA,ROAD,7,8.0
120542,1,1,130,5,1,110.0,0,N,RURAL_VICTORIA,FREEWAY,6,12.0
120543,1,5,130,5,2,60.0,0,N,MELB_URBAN,RAMP,5,6.0
120544,1,4,113,2,1,60.0,0,I,LARGE_PROVINCIAL_CITIES,STREET,7,11.0
120545,2,3,100,1,3,60.0,0,I,RURAL_VICTORIA,ROAD,7,5.0
120546,1,2,121,2,1,60.0,0,I,MELB_URBAN,ROAD,6,17.0
120547,1,7,130,2,1,60.0,0,N,MELB_URBAN,ROAD,6,10.0
120548,1,3,147,5,1,60.0,0,N,MELB_URBAN,ROAD,7,7.0
120549,1,7,110,1,9,60.0,0,I,MELB_URBAN,HIGHWAY,6,9.0
120550,1,5,130,5,9,100.0,0,N,MELB_URBAN,FREEWAY,3,6.0
120551,1,4,140,1,1,50.0,0,I,SMALL_CITIES,STREET,7,12.0
120552,1,4,147,5,1,50.0,0,N,LARGE_PROVINCIAL_CITIES,STREET,7,12.0
120553,1,3,130,2,1,60.0,0,I,MELB_URBAN,DRIVE,7,12.0
120554,2,4,102,1,2,70.0,0,I,LARGE_PROVINCIAL_CITIES,HIGHWAY,7,7.0
120555,1,4,113,2,1,60.0,0,I,RURAL_VICTORIA,ROAD,7,8.0
120556,1,4,99,5,1,50.0,0,N,MELB_URBAN,STREET,7,13.0
120557,1,3,110,1,3,40.0,0,I,MELBOURNE_CBD,STREET,6,19.0
120558,8,0,99,1,6,50.0,0,I,MELB_URBAN,AVENUE,3,21.0
120559,6,4,174,5,1,90.0,0,N,MELB_URBAN,ROAD,7,14.0
120560,8,5,99,5,9,60.0,0,N,RURAL_VICTORIA,ROAD,6,12.0
120561,1,5,121,2,1,60.0,0,I,MELB_URBAN,ROAD,6,15.0
120562,9,7,99,5,1,100.0,0,N,RURAL_VICTORIA,ROAD,6,12.0
120563,1,3,140,5,1,60.0,0,N,LARGE_PROVINCIAL_CITIES,ROAD,7,15.0
120564,1,2,132,1,9,60.0,0,I,MELB_URBAN,HIGHWAY,6,14.0
120565,6,6,174,1,9,60.0,0,N,MELB_URBAN,ROAD,6,8.0
120566,1,4,113,2,1,60.0,0,N,RURAL_VICTORIA,ROAD,6,16.0
120567,1,4,121,2,1,60.0,0,I,MELB_URBAN,ROAD,7,15.0
120568,1,5,134,5,1,80.0,0,N,MELB_URBAN,FREEWAY,1,12.0
120569,1,3,111,2,1,40.0,0,I,TOWNS,STREET,7,15.0
120570,6,4,174,1,1,60.0,0,I,MELB_URBAN,PARADE,7,12.0
120571,1,4,130,5,1,70.0,0,N,MELB_URBAN,ROAD,7,16.0
120572,1,4,140,5,1,80.0,0,N,RURAL_VICTORIA,ROAD,7,15.0
120573,1,5,132,2,9,60.0,0,I,MELB_URBAN,ROAD,6,16.0
120574,1,3,110,1,1,80.0,0,I,RURAL_VICTORIA,ROAD,7,15.0
120575,1,4,121,1,2,60.0,0,I,MELB_URBAN,ROAD,7,17.0
120576,1,3,110,1,3,60.0,0,I,RURAL_VICTORIA,ROAD,7,18.0
120577,1,4,130,5,3,100.0,0,N,MELB_URBAN,UNKNOWN,7,18.0
120578,6,4,174,2,2,60.0,0,I,MELB_URBAN,ROAD,7,18.0
120579,1,3,99,2,1,60.0,0,I,MELB_URBAN,ROAD,7,14.0
120580,2,3,102,1,1,60.0,0,I,MELB_URBAN,ROAD,7,14.0
120581,1,4,111,2,3,60.0,0,I,MELB_URBAN,ROAD,7,17.0
120582,1,4,134,5,3,70.0,0,N,SMALL_CITIES,PARADE,7,18.0
120583,1,4,121,1,3,60.0,0,I,MELB_URBAN,HIGHWAY,7,19.0
120584,1,4,132,5,1,100.0,0,N,MELB_URBAN,ROAD,7,13.0
120585,1,3,110,1,3,60.0,0,I,MELB_URBAN,STREET,7,21.0
120586,2,4,99,5,3,80.0,0,N,MELB_URBAN,ROAD,7,20.0
120587,1,4,130,5,1,100.0,0,N,RURAL_VICTORIA,HIGHWAY,6,14.0
120588,4,4,171,5,5,80.0,0,N,RURAL_VICTORIA,ROAD,7,23.0
120589,1,4,121,2,3,80.0,0,N,MELB_URBAN,ROAD,7,21.0
120590,1,4,121,2,3,60.0,0,I,MELB_URBAN,ROAD,7,19.0
120591,4,4,173,5,3,50.0,0,N,SMALL_CITIES,STREET,7,23.0
120592,4,4,183,5,5,100.0,1,N,RURAL_VICTORIA,HIGHWAY,7,22.0
120593,4,5,183,1,3,60.0,0,I,MELB_URBAN,STREET,7,5.0
120594,1,4,99,5,3,50.0,0,N,MELB_URBAN,STREET,7,23.0
120595,1,3,99,2,1,60.0,0,I,MELBOURNE_CBD,STREET,6,14.0
120596,1,2,99,5,1,100.0,0,N,TOWNS,OTHER,6,16.0
120597,1,5,135,4,3,80.0,0,N,MELB_URBAN,UNKNOWN,7,6.0
120598,4,4,181,5,1,50.0,0,N,MELB_URBAN,AVENUE,7,13.0
120599,1,5,121,1,1,60.0,0,I,LARGE_PROVINCIAL_CITIES,ROAD,7,9.0
120600,1,3,130,5,1,60.0,0,N,RURAL_VICTORIA,ROAD,5,14.0
120601,4,5,171,5,5,80.0,0,N,RURAL_VICTORIA,ROAD,7,6.0
120602,1,5,121,1,1,60.0,0,I,LARGE_PROVINCIAL_CITIES,ROAD,7,10.0
120603,1,5,130,5,1,50.0,0,N,MELB_URBAN,STREET,7,10.0
120604,1,1,140,5,1,60.0,0,N,RURAL_VICTORIA,ROAD,6,12.0
120605,4,5,171,2,1,60.0,0,I,RURAL_VICTORIA,ROAD,7,10.0
120606,1,5,121,2,1,60.0,0,I,MELB_URBAN,STREET,6,8.0
120607,1,4,130,5,1,60.0,0,N,MELB_URBAN,STREET,7,8.0
120608,4,1,173,5,1,80.0,0,N,RURAL_VICTORIA,ROAD,5,15.0
120609,1,4,111,1,1,50.0,0,I,LARGE_PROVINCIAL_CITIES,STREET,7,13.0
120610,1,5,113,2,1,60.0,0,I,MELB_URBAN,STREET,7,11.0
120611,1,5,113,1,1,60.0,0,I,MELB_URBAN,ROAD,7,13.0
120612,1,3,99,1,1,60.0,0,N,MELB_URBAN,OTHER,6,9.0
120613,5,1,99,5,1,60.0,0,N,RURAL_VICTORIA,ROAD,2,14.0
120614,1,4,133,2,1,60.0,0,I,MELB_URBAN,ROAD,7,14.0
120615,8,4,174,4,2,60.0,0,I,RURAL_VICTORIA,ROAD,7,6.0
120616,1,4,130,2,1,60.0,0,N,MELB_URBAN,ROAD,7,14.0
120617,6,5,99,5,2,80.0,0,N,MELB_URBAN,HIGHWAY,7,17.0
120618,1,1,99,4,1,60.0,0,I,RURAL_VICTORIA,RAMP,6,13.0
120619,1,5,130,5,1,60.0,0,N,MELB_URBAN,ROAD,7,14.0
120620,1,5,121,2,1,60.0,0,I,MELB_URBAN,ROAD,7,16.0
120621,1,4,132,5,3,60.0,0,N,SMALL_CITIES,STREET,7,17.0
120622,2,4,102,2,1,40.0,0,I,MELB_URBAN,STREET,7,14.0
120623,2,5,102,5,3,70.0,0,N,MELB_URBAN,HIGHWAY,7,18.0
120624,2,4,99,5,1,40.0,0,N,LARGE_PROVINCIAL_CITIES,STREET,1,12.0