,accident_type,day_of_week,dca_code,road_geometry,light_condition,speed_zone,severity,node_type,deg_urban_name,road_type,month,hour
120625,1,4,130,1,2,50.0,0,I,MELB_URBAN,DRIVE,7,6.0
120626,1,5,121,1,3,60.0,0,I,MELB_URBAN,ROAD,6,18.0
120627,1,4,121,1,3,70.0,0,I,MELB_URBAN,ROAD,7,19.0
120628,4,4,173,5,3,50.0,0,N,MELB_URBAN,UNKNOWN,7,21.0
120629,1,4,160,5,3,50.0,0,N,MELB_URBAN,STREET,7,17.0
120630,1,5,147,5,5,80.0,0,N,RURAL_VICTORIA,ROAD,7,20.0
120631,1,2,130,1,2,60.0,0,I,MELB_URBAN,HIGHWAY,6,17.0
120632,1,5,132,2,5,70.0,0,I,MELB_URBAN,ROAD,7,21.0
120633,1,5,116,2,3,50.0,0,I,MELB_URBAN,STREET,7,23.0
120634,4,5,181,5,5,100.0,0,N,RURAL_VICTORIA,ROAD,7,23.0
120635,1,6,121,1,3,70.0,0,I,MELB_URBAN,ROAD,7,4.0
120636,1,7,130,5,1,60.0,0,N,MELB_URBAN,ROAD,6,9.0
120637,1,5,130,5,1,60.0,0,N,MELB_URBAN,ROAD,7,12.0
120638,1,6,111,4,1,60.0,0,N,MELB_URBAN,ROAD,7,8.0
120639,6,5,170,5,2,100.0,0,N,RURAL_VICTORIA,ROAD,7,17.0
120640,1,5,99,5,2,100.0,0,N,RURAL_VICTORIA,ROAD,7,6.0
120641,1,6,120,5,1,70.0,0,N,MELB_URBAN,STREET,7,8.0
120642,1,6,116,1,1,60.0,0,I,MELB_URBAN,ROAD,7,9.0
120643,6,1,174,5,1,60.0,0,N,RURAL_VICTORIA,ROAD,6,15.0
120644,1,6,121,1,1,60.0,0,N,MELB_URBAN,HIGHWAY,7,8.0
120645,1,6,113,2,1,60.0,0,I,SMALL_CITIES,STREET,7,9.0
120646,1,6,110,1,1,60.0,0,I,MELB_URBAN,ROAD,7,10.0
120647,1,6,99,5,1,100.0,0,N,RURAL_VICTORIA,ROAD,7,11.0
120648,4,5,181,3,1,100.0,0,I,RURAL_VICTORIA,ROAD,7,11.0
120649,8,6,174,5,1,60.0,0,N,RURAL_VICTORIA,OTHER,6,13.0
120650,1,6,134,5,1,70.0,0,N,MELB_URBAN,ROAD,7,12.0
120651,1,6,110,1,1,50.0,0,I,TOWNS,STREET,7,12.0
120652,4,5,181,5,1,80.0,0,N,RURAL_VICTORIA,ROAD,7,12.0
120653,2,2,99,5,1,60.0,0,N,MELB_URBAN,BOULEVARD,6,8.0
120654,1,6,132,2,1,100.0,0,I,RURAL_VICTORIA,HIGHWAY,7,9.0
120655,1,5,121,1,1,80.0,0,N,MELB_URBAN,ROAD,7,13.0
120656,1,6,121,2,1,60.0,0,I,MELB_URBAN,ROAD,7,9.0
120657,1,6,120,5,1,60.0,0,N,RURAL_VICTORIA,ROAD,7,14.0
120658,4,3,171,5,1,60.0,0,N,RURAL_VICTORIA,ROAD,6,13.0
120659,1,3,99,1,1,40.0,0,I,MELB_URBAN,STREET,6,14.0
120660,6,1,174,2,1,60.0,0,I,MELB_URBAN,ROAD,6,12.0
120661,4,6,171,5,1,70.0,0,N,LARGE_PROVINCIAL_CITIES,STREET,7,15.0
120662,1,6,99,2,1,50.0,0,N,MELB_URBAN,STREET,7,15.0
120663,1,4,130,1,1,50.0,0,I,MELB_URBAN,STREET,6,14.0
120664,4,5,173,5,1,80.0,0,N,RURAL_VICTORIA,ROAD,7,13.0
120665,8,5,99,5,5,60.0,0,N,SMALL_CITIES,STREET,7,17.0
120666,1,6,120,5,1,100.0,0,N,RURAL_VICTORIA,ROAD,7,15.0
120667,1,2,160,5,1,50.0,0,N,MELB_URBAN,STREET,6,15.0
120668,1,6,130,1,3,60.0,0,I,MELB_URBAN,DRIVE,7,18.0
120669,1,6,120,5,1,80.0,0,N,SMALL_TOWNS,ROAD,7,15.0
120670,1,6,120,5,5,80.0,0,N,RURAL_VICTORIA,ROAD,7,19.0
120671,8,4,184,5,1,60.0,0,N,RURAL_VICTORIA,ROAD,6,15.0
120672,1,2,130,2,3,60.0,0,N,MELB_URBAN,ROAD,6,17.0
120673,1,6,116,2,3,60.0,0,I,MELB_URBAN,DRIVE,7,19.0
120674,1,4,130,5,5,40.0,0,N,MELB_URBAN,FREEWAY,7,3.0
120675,1,6,120,5,1,100.0,0,N,RURAL_VICTORIA,HIGHWAY,7,15.0
120676,4,5,173,5,3,60.0,0,N,SMALL_CITIES,AVENUE,7,19.0
120677,4,6,99,2,3,60.0,0,I,MELB_URBAN,STREET,7,23.0
120678,4,6,183,5,5,100.0,0,N,RURAL_VICTORIA,ROAD,7,20.0
120679,2,7,102,2,3,60.0,0,I,MELB_URBAN,STREET,7,1.0
120680,4,6,173,5,1,100.0,0,N,RURAL_VICTORIA,ROAD,7,15.0
120681,5,6,99,9,3,80.0,0,I,MELB_URBAN,ROAD,7,7.0
120682,4,0,171,5,1,50.0,0,N,MELB_URBAN,STREET,3,16.0
120683,1,3,113,2,3,60.0,0,I,MELB_URBAN,ROAD,6,17.0
120684,1,3,130,3,3,60.0,0,N,LARGE_PROVINCIAL_CITIES,HIGHWAY,6,18.0
120685,1,3,110,1,1,50.0,0,I,MELB_URBAN,STREET,6,8.0
120686,1,5,99,1,2,60.0,0,I,RURAL_VICTORIA,HIGHWAY,6,6.0
120687,2,2,99,5,1,60.0,0,N,MELB_URBAN,OTHER,6,15.0
120688,4,6,183,5,1,70.0,0,N,RURAL_VICTORIA,ROAD,7,8.0
120689,1,7,99,5,1,60.0,0,N,MELB_URBAN,ROAD,7,12.0
120690,1,7,130,1,1,80.0,0,I,MELB_URBAN,ROAD,7,12.0
120691,1,6,99,1,1,70.0,0,N,RURAL_VICTORIA,HIGHWAY,7,14.0
120692,1,7,110,1,1,80.0,0,I,MELB_URBAN,STREET,7,13.0
120693,1,7,110,1,1,100.0,0,I,RURAL_VICTORIA,HIGHWAY,7,12.0
120694,8,6,174,5,1,80.0,0,N,RURAL_VICTORIA,ROAD,7,14.0
120695,1,4,120,5,3,50.0,0,N,MELB_URBAN,ROAD,6,20.0
120696,1,7,116,2,1,60.0,0,I,MELB_URBAN,ROAD,7,11.0
120697,4,6,99,2,1,50.0,0,I,LARGE_PROVINCIAL_CITIES,ROAD,7,15.0
120698,1,7,130,5,1,60.0,0,N,SMALL_CITIES,AVENUE,7,16.0
120699,1,4,130,2,1,50.0,0,N,LARGE_PROVINCIAL_CITIES,STREET,7,16.0
120700,1,6,130,5,1,80.0,0,N,MELB_URBAN,FREEWAY,7,9.0
120701,1,7,163,5,9,40.0,0,N,MELB_URBAN,STREET,10,11.0
120702,6,6,99,5,1,40.0,0,N,MELB_URBAN,STREET,7,15.0
120703,1,7,130,5,3,50.0,0,N,MELB_URBAN,STREET,7,18.0
120704,1,7,121,2,3,80.0,0,I,MELB_URBAN,HIGHWAY,7,20.0
120705,1,7,113,2,1,70.0,0,I,MELB_URBAN,ROAD,7,17.0
120706,1,7,99,2,3,60.0,0,I,MELB_URBAN,ROAD,7,19.0
120707,1,7,130,5,6,70.0,0,N,MELB_URBAN,ROAD,7,18.0
120708,1,7,120,5,3,60.0,0,N,MELB_URBAN,ROAD,7,22.0
120709,1,0,130,1,9,60.0,0,I,MELB_URBAN,ROAD,12,12.0
120710,1,6,130,1,3,60.0,0,I,MELB_URBAN,ROAD,7,22.0
120711,1,6,121,1,3,40.0,0,N,MELB_URBAN,ROAD,7,18.0
120712,1,7,99,2,1,60.0,0,I,MELB_URBAN,ROAD,7,12.0
120713,4,0,173,9,3,70.0,0,I,LARGE_PROVINCIAL_CITIES,HIGHWAY,7,4.0
120714,4,6,171,5,5,100.0,0,N,RURAL_VICTORIA,ROAD,7,19.0
120715,1,6,113,2,1,70.0,0,I,MELB_URBAN,ROAD,7,10.0
120716,1,0,99,5,1,50.0,0,N,LARGE_PROVINCIAL_CITIES,DRIVE,7,8.0
120717,1,5,130,1,1,60.0,0,I,MELB_URBAN,ROAD,7,16.0
120718,1,1,113,2,1,80.0,0,I,MELB_URBAN,HIGHWAY,7,9.0
120719,4,3,183,5,5,100.0,0,N,RURAL_VICTORIA,ROAD,6,4.0
120720,1,0,130,2,1,60.0,0,I,MELB_URBAN,ROAD,7,11.0
120721,4,1,183,5,1,80.0,0,N,MELB_URBAN,RAMP,7,10.0
120722,2,6,99,5,6,60.0,0,N,MELB_URBAN,STREET,7,19.0
120723,8,0,99,5,1,60.0,0,N,MELB_URBAN,ROAD,7,15.0
120724,1,1,116,2,1,60.0,0,I,LARGE_PROVINCIAL_CITIES,STREET,7,15.0
120725,2,1,100,2,2,50.0,0,I,MELB_URBAN,STREET,7,17.0
120726,1,1,99,5,1,40.0,0,N,MELB_URBAN,ROAD,7,15.0
120727,1,0,121,1,1,60.0,0,I,LARGE_PROVINCIAL_CITIES,STREET,7,15.0
120728,6,1,99,2,3,40.0,0,I,MELB_URBAN,ROAD,7,22.0
120729,1,1,140,5,4,60.0,0,N,MELB_URBAN,ROAD,7,21.0
120730,4,0,173,2,3,80.0,0,N,MELB_URBAN,ROAD,7,22.0
120731,1,1,121,1,1,60.0,0,I,LARGE_PROVINCIAL_CITIES,HIGHWAY,7,7.0
120732,8,1,174,5,9,60.0,0,N,MELB_URBAN,ROAD,7,12.0
120733,4,2,171,5,1,60.0,0,N,MELB_URBAN,ROAD,7,8.0
120734,4,2,181,2,1,70.0,0,I,MELB_URBAN,ROAD,7,8.0
120735,6,6,174,5,1,100.0,0,N,RURAL_VICTORIA,OTHER,7,16.0
120736,1,2,99,1,1,30.0,0,I,MELB_URBAN,ROAD,6,14.0
120737,1,0,99,5,1,60.0,0,N,MELB_URBAN,STREET,7,11.0
120738,2,1,99,5,1,50.0,0,N,SMALL_CITIES,UNKNOWN,7,11.0
120739,1,2,113,4,1,60.0,0,N,MELB_URBAN,ROAD,7,10.0
120740,2,1,102,5,1,80.0,0,N,MELB_URBAN,ROAD,7,11.0
120741,6,1,184,5,1,80.0,0,N,RURAL_VICTORIA,ROAD,7,11.0
120742,1,7,130,5,9,60.0,0,N,MELB_URBAN,PARADE,7,12.0
120743,2,1,100,1,1,50.0,0,I,LARGE_PROVINCIAL_CITIES,STREET,7,10.0
120744,2,1,100,2,9,60.0,0,N,MELB_URBAN,OTHER,6,17.0
120745,6,4,174,2,3,60.0,0,I,MELB_URBAN,ROAD,6,18.0
120746,8,4,99,5,9,60.0,0,N,MELB_URBAN,ROAD,3,17.0
120747,1,1,160,5,1,50.0,0,N,MELB_URBAN,DRIVE,7,13.0
120748,1,1,130,5,1,60.0,0,N,MELB_URBAN,STREET,7,12.0
120749,1,1,111,1,1,60.0,0,I,SMALL_CITIES,PARADE,7,15.0
120750,4,5,183,5,2,80.0,0,N,RURAL_VICTORIA,ROAD,7,17.0
120751,1,2,134,5,1,40.0,0,N,MELB_URBAN,ROAD,6,10.0
120752,1,2,113,2,1,60.0,0,I,MELB_URBAN,ROAD,7,15.0
120753,1,1,160,5,1,50.0,0,N,RURAL_VICTORIA,STREET,7,16.0
120754,4,2,171,5,1,100.0,0,N,RURAL_VICTORIA,ROAD,7,11.0
120755,2,1,100,1,3,80.0,0,I,MELB_URBAN,ROAD,7,18.0
120756,1,3,110,1,3,60.0,0,I,LARGE_PROVINCIAL_CITIES,ROAD,7,21.0
120757,1,1,130,1,3,70.0,0,I,MELB_URBAN,ROAD,7,6.0
120758,1,2,110,1,1,100.0,0,I,RURAL_VICTORIA,OTHER,7,10.0
120759,1,2,121,1,3,60.0,0,I,MELB_URBAN,ROAD,7,18.0
120760,4,2,183,5,3,60.0,0,N,MELB_URBAN,ROAD,7,19.0
120761,4,2,173,2,3,60.0,0,I,MELB_URBAN,ROAD,7,21.0
120762,1,6,99,5,2,50.0,0,N,MELB_URBAN,DRIVE,7,18.0
120763,6,2,174,2,5,100.0,0,I,RURAL_VICTORIA,ROAD,7,22.0
120764,4,2,183,5,3,60.0,0,N,MELB_URBAN,ROAD,7,23.0
120765,1,3,130,5,3,40.0,0,N,MELB_URBAN,HIGHWAY,7,3.0
120766,1,3,135,5,2,100.0,0,N,MELB_URBAN,FREEWAY,7,5.0
120767,8,3,174,5,2,60.0,0,N,MELB_URBAN,ROAD,7,7.0
120768,1,2,132,5,1,60.0,0,N,MELB_URBAN,ROAD,7,7.0
120769,1,3,130,2,3,80.0,0,N,MELB_URBAN,HIGHWAY,7,6.0
120770,3,2,167,5,6,60.0,0,N,SMALL_TOWNS,STREET,7,6.0
120771,4,2,183,4,1,80.0,0,N,MELB_URBAN,RAMP,7,8.0
120772,1,2,113,2,1,50.0,0,I,MELB_URBAN,ROAD,7,11.0
120773,1,3,121,1,1,60.0,0,I,LARGE_PROVINCIAL_CITIES,STREET,7,11.0
120774,4,3,173,5,1,100.0,0,N,RURAL_VICTORIA,ROAD,7,12.0
120775,2,7,100,5,3,40.0,0,N,MELBOURNE_CBD,STREET,6,19.0
120776,1,1,121,2,1,60.0,0,I,MELB_URBAN,ROAD,7,17.0
120777,1,4,99,4,1,60.0,0,I,MELB_URBAN,ROAD,5,17.0
120778,1,2,110,1,1,50.0,0,I,MELB_URBAN,STREET,7,13.0
120779,1,5,130,1,2,100.0,0,I,MELB_URBAN,FREEWAY,6,18.0
120780,1,6,130,1,1,60.0,0,I,LARGE_PROVINCIAL_CITIES,ROAD,6,14.0
120781,2,3,102,1,1,80.0,0,N,MELB_URBAN,OTHER,7,17.0
120782,1,5,132,2,1,60.0,0,I,MELB_URBAN,AVENUE,7,12.0
120783,1,3,113,2,2,50.0,0,I,MELB_URBAN,STREET,7,16.0
120784,4,2,181,5,2,100.0,0,N,RURAL_VICTORIA,ROAD,7,16.0
120785,1,1,99,5,3,50.0,0,N,MELB_URBAN,DRIVE,7,21.0
120786,1,3,121,1,1,80.0,0,N,MELB_URBAN,ROAD,7,16.0
120787,1,2,133,5,2,80.0,0,N,MELB_URBAN,OTHER,7,16.0
120788,5,3,171,5,1,60.0,0,N,MELB_URBAN,ROAD,6,7.0
120789,1,3,147,5,1,60.0,0,N,MELB_URBAN,OTHER,7,15.0
120790,1,3,111,2,1,60.0,0,I,MELB_URBAN,ROAD,6,8.0
120791,4,3,181,5,1,80.0,0,N,RURAL_VICTORIA,HIGHWAY,7,16.0
120792,1,3,99,5,3,60.0,0,N,MELB_URBAN,ROAD,7,18.0
120793,2,3,99,5,5,100.0,1,N,RURAL_VICTORIA,ROAD,7,18.0
120794,5,3,99,5,5,100.0,0,N,RURAL_VICTORIA,HIGHWAY,7,3.0
120795,4,3,171,5,5,100.0,0,N,RURAL_VICTORIA,ROAD,7,2.0
120796,4,3,173,1,3,60.0,0,I,MELB_URBAN,ROAD,7,23.0
120797,1,2,121,1,3,60.0,0,I,MELB_URBAN,ROAD,7,22.0
120798,1,2,99,2,3,60.0,0,I,MELB_URBAN,HIGHWAY,7,18.0
120799,1,0,130,2,1,60.0,0,N,SMALL_CITIES,DRIVE,3,14.0
120800,1,4,121,1,1,60.0,0,I,MELB_URBAN,STREET,7,8.0
120801,4,3,171,5,3,60.0,0,N,LARGE_PROVINCIAL_CITIES,ROAD,7,6.0
120802,1,3,130,5,1,70.0,0,N,LARGE_PROVINCIAL_CITIES,ROAD,7,12.0
120803,1,2,135,5,1,100.0,0,N,RURAL_VICTORIA,FREEWAY,6,13.0
120804,1,3,135,5,1,60.0,0,N,MELB_URBAN,ROAD,6,9.0
120805,3,0,167,5,5,90.0,0,N,RURAL_VICTORIA,ROAD,7,19.0
120806,1,3,163,5,1,40.0,0,N,MELB_URBAN,ROAD,7,7.0
120807,1,3,116,1,1,60.0,0,I,MELB_URBAN,STREET,6,15.0
120808,1,5,111,1,2,70.0,0,I,RURAL_VICTORIA,ROAD,7,17.0
120809,1,3,110,1,1,60.0,0,I,MELB_URBAN,ROAD,7,11.0
120810,1,4,116,1,1,60.0,0,I,MELB_URBAN,ROAD,7,8.0
120811,1,4,99,5,1,60.0,0,N,MELB_URBAN,ROAD,7,12.0
120812,1,5,130,5,2,80.0,0,N,MELB_URBAN,RAMP,7,17.0
120813,1,4,121,4,1,60.0,0,I,MELB_URBAN,ROAD,7,9.0
120814,1,4,99,2,1,50.0,0,I,MELB_URBAN,ROAD,7,12.0
120815,8,7,184,5,1,60.0,0,N,RURAL_VICTORIA,ROAD,5,12.0
120816,2,6,102,1,3,60.0,0,I,MELB_URBAN,ROAD,7,22.0
120817,1,2,110,1,3,80.0,0,N,MELB_URBAN,ROAD,7,19.0
120818,1,2,140,5,1,40.0,0,N,LARGE_PROVINCIAL_CITIES,STREET,7,16.0
120819,1,4,110,1,1,40.0,0,I,MELB_URBAN,STREET,7,12.0
120820,1,4,113,2,1,60.0,0,I,MELB_URBAN,STREET,7,11.0
120821,1,7,130,5,1,50.0,0,N,MELB_URBAN,UNKNOWN,5,14.0
120822,4,6,173,5,1,110.0,0,N,SMALL_CITIES,FREEWAY,7,15.0
120823,1,3,130,5,1,100.0,0,N,MELB_URBAN,FREEWAY,7,13.0
120824,1,4,113,2,1,50.0,0,I,MELB_URBAN,STREET,7,8.0
120825,4,3,181,5,1,80.0,0,N,RURAL_VICTORIA,ROAD,7,14.0
120826,1,4,132,5,5,50.0,0,I,RURAL_VICTORIA,ROAD,7,6.0
120827,4,4,183,2,2,70.0,0,N,LARGE_PROVINCIAL_CITIES,PARADE,7,16.0
120828,1,1,130,5,1,100.0,0,N,RURAL_VICTORIA,HIGHWAY,7,12.0
120829,1,4,121,5,2,70.0,0,N,MELB_URBAN,ROAD,7,17.0
120830,6,1,174,5,1,40.0,0,N,MELB_URBAN,ROAD,7,14.0
120831,1,2,163,5,1,40.0,0,N,MELBOURNE_CBD,STREET,7,10.0
120832,4,4,181,5,1,50.0,0,N,MELB_URBAN,ROAD,7,16.0
120833,1,3,134,5,9,80.0,0,N,MELB_URBAN,ROAD,7,10.0
120834,1,4,130,5,3,100.0,0,N,MELB_URBAN,FREEWAY,7,18.0
120835,1,3,120,5,1,80.0,0,N,RURAL_VICTORIA,ROAD,7,15.0
120836,4,4,171,5,3,60.0,0,N,SMALL_CITIES,STREET,7,18.0
120837,1,4,160,5,3,70.0,0,N,LARGE_PROVINCIAL_CITIES,ROAD,7,18.0
120838,1,1,163,5,6,40.0,0,N,MELBOURNE_CBD,STREET,7,19.0
120839,1,4,130,5,9,60.0,0,N,MELB_URBAN,HIGHWAY,7,18.0
120840,1,4,113,2,3,50.0,0,I,MELB_URBAN,ROAD,7,18.0
120841,1,4,160,5,3,80.0,0,N,MELB_URBAN,HIGHWAY,7,20.0
120842,1,4,130,5,2,60.0,0,N,MELB_URBAN,STREET,7,18.0
120843,1,2,110,1,1,60.0,0,N,MELB_URBAN,ROAD,6,15.0
120844,8,1,99,2,9,60.0,0,I,MELB_URBAN,ROAD,6,16.0
120845,4,4,99,2,5,100.0,0,N,RURAL_VICTORIA,ROAD,7,1.0
120846,4,5,181,5,5,100.0,0,N,RURAL_VICTORIA,HIGHWAY,7,3.0
120847,2,5,102,1,2,60.0,0,I,MELB_URBAN,STREET,7,5.0
120848,4,5,181,5,5,60.0,0,N,MELB_URBAN,HIGHWAY,7,0.0
120849,1,4,135,5,1,60.0,0,N,MELB_URBAN,ROAD,7,7.0
120850,8,7,184,5,1,100.0,0,N,RURAL_VICTORIA,ROAD,5,14.0
120851,1,5,130,5,2,60.0,0,N,MELB_URBAN,ROAD,7,4.0
120852,1,5,130,5,1,60.0,0,N,RURAL_VICTORIA,HIGHWAY,7,7.0
120853,1,2,147,5,1,40.0,0,N,MELB_URBAN,ROAD,6,16.0
120854,2,5,102,1,3,80.0,0,I,MELB_URBAN,HIGHWAY,7,6.0
120855,1,4,130,2,1,80.0,0,I,MELB_URBAN,HIGHWAY,7,17.0
120856,1,4,140,1,1,60.0,0,I,MELB_URBAN,ROAD,7,12.0
120857,1,5,99,2,1,60.0,1,I,MELB_URBAN,ROAD,7,7.0
120858,4,5,99,5,1,50.0,0,N,MELB_URBAN,OTHER,7,11.0
120859,4,5,171,5,1,80.0,0,N,MELB_URBAN,RAMP,7,7.0
120860,1,5,130,1,3,80.0,0,I,MELB_URBAN,ROAD,7,22.0
120861,1,5,160,2,1,60.0,0,N,SMALL_CITIES,AVENUE,6,15.0
120862,1,4,135,5,1,80.0,0,N,MELB_URBAN,FREEWAY,7,13.0
120863,1,5,135,1,1,60.0,0,I,MELBOURNE_CBD,STREET,7,16.0
120864,8,6,184,5,1,100.0,0,N,RURAL_VICTORIA,ROAD,5,15.0
120865,1,4,130,5,1,60.0,0,N,MELB_URBAN,ROAD,7,13.0
120866,1,2,110,1,1,60.0,0,I,MELB_URBAN,ROAD,7,16.0
120867,4,5,173,5,1,100.0,0,N,RURAL_VICTORIA,ROAD,7,8.0
120868,5,6,99,5,5,100.0,0,N,RURAL_VICTORIA,ROAD,6,22.0
120869,2,5,102,5,6,60.0,0,N,MELB_URBAN,ROAD,6,19.0
120870,1,6,147,5,1,60.0,0,N,MELB_URBAN,ROAD,7,15.0
120871,4,0,171,5,6,40.0,0,N,MELB_URBAN,OTHER,6,0.0
120872,1,4,113,1,1,70.0,0,I,MELB_URBAN,ROAD,7,15.0
120873,1,4,130,5,9,60.0,0,N,RURAL_VICTORIA,ROAD,7,10.0
120874,1,3,130,5,1,40.0,0,N,MELB_URBAN,ROAD,5,8.0
120875,1,4,130,5,1,40.0,0,N,MELB_URBAN,ROAD,7,10.0
120876,1,5,110,1,1,60.0,0,I,MELB_URBAN,STREET,7,15.0
120877,4,1,171,5,3,80.0,0,N,MELB_URBAN,ROAD,7,19.0
120878,1,3,121,2,9,60.0,0,I,MELB_URBAN,ROAD,7,19.0
120879,1,4,110,1,1,60.0,0,I,MELB_URBAN,STREET,7,14.0
120880,8,4,174,1,2,60.0,0,I,LARGE_PROVINCIAL_CITIES,ROAD,5,18.0
120881,1,7,110,1,3,60.0,0,I,SMALL_CITIES,ROAD,6,0.0
120882,4,4,173,5,2,80.0,0,N,RURAL_VICTORIA,ROAD,7,17.0
120883,1,6,113,2,1,60.0,0,I,MELB_URBAN,ROAD,7,8.0
120884,1,4,130,5,5,80.0,0,N,MELB_URBAN,HIGHWAY,7,17.0
120885,1,5,132,2,1,60.0,0,I,MELB_URBAN,DRIVE,7,12.0
120886,4,5,173,5,3,60.0,0,N,MELB_URBAN,BOULEVARD,7,17.0
120887,2,6,102,2,6,50.0,0,I,MELB_URBAN,ROAD,7,6.0
120888,6,3,174,1,3,70.0,0,I,MELB_URBAN,OTHER,6,20.0
120889,1,3,99,1,1,60.0,0,I,MELB_URBAN,ROAD,7,12.0
120890,1,6,130,2,1,50.0,0,N,MELB_URBAN,ROAD,7,8.0
120891,1,3,110,1,1,80.0,0,I,SMALL_CITIES,ROAD,6,16.0
120892,1,1,111,1,1,80.0,0,I,MELB_URBAN,HIGHWAY,6,14.0
120893,2,3,99,5,1,50.0,0,N,LARGE_PROVINCIAL_CITIES,STREET,6,16.0
120894,8,5,174,2,3,60.0,0,I,MELB_URBAN,ROAD,7,19.0
120895,6,6,174,5,3,40.0,0,N,MELB_URBAN,DRIVE,7,20.0
120896,1,6,110,1,1,80.0,0,I,MELB_URBAN,ROAD,7,10.0
120897,1,4,99,2,1,80.0,0,I,MELB_URBAN,FREEWAY,7,15.0
120898,7,5,99,5,1,60.0,0,N,MELB_URBAN,STREET,7,10.0
120899,1,6,99,2,1,40.0,0,N,MELB_URBAN,STREET,7,13.0
120900,1,6,121,2,1,100.0,0,I,RURAL_VICTORIA,HIGHWAY,7,13.0
120901,6,6,174,5,3,60.0,0,N,MELB_URBAN,ROAD,7,19.0
120902,1,6,147,5,1,60.0,0,N,MELB_URBAN,ROAD,7,14.0
120903,1,5,130,5,3,80.0,0,N,MELB_URBAN,OTHER,7,20.0
120904,6,7,174,5,3,40.0,0,N,MELB_URBAN,ROAD,7,19.0
120905,6,2,174,5,1,60.0,0,N,MELB_URBAN,STREET,7,7.0
120906,1,6,132,1,1,60.0,0,I,MELB_URBAN,ROAD,7,16.0
120907,2,5,100,2,2,60.0,0,N,MELB_URBAN,STREET,7,18.0
120908,1,5,121,2,3,60.0,0,N,SMALL_CITIES,ROAD,7,23.0
120909,6,6,174,2,3,50.0,0,N,TOWNS,STREET,7,21.0
120910,4,7,171,1,3,60.0,0,I,MELB_URBAN,HIGHWAY,7,1.0
120911,4,7,171,2,3,60.0,1,N,TOWNS,STREET,7,0.0
120912,1,6,116,2,2,60.0,0,I,MELB_URBAN,ROAD,7,6.0
120913,8,1,174,5,9,50.0,0,N,MELB_URBAN,ROAD,7,19.0
120914,1,7,113,2,1,80.0,0,I,MELB_URBAN,HIGHWAY,7,9.0
120915,1,5,111,2,1,100.0,0,I,RURAL_VICTORIA,HIGHWAY,7,13.0
120916,1,1,99,5,1,80.0,0,I,MELB_URBAN,ROAD,7,14.0
120917,4,6,99,5,1,70.0,0,N,RURAL_VICTORIA,ROAD,7,9.0
120918,4,6,173,5,1,80.0,0,N,RURAL_VICTORIA,ROAD,7,9.0
120919,1,7,99,5,1,50.0,0,N,MELB_URBAN,OTHER,7,11.0
120920,1,6,140,5,9,60.0,0,N,MELB_URBAN,ROAD,5,20.0
120921,1,6,99,1,1,60.0,0,I,MELB_URBAN,ROAD,7,12.0
120922,1,0,132,5,1,80.0,0,N,RURAL_VICTORIA,HIGHWAY,6,13.0
120923,4,6,173,5,1,100.0,0,N,RURAL_VICTORIA,ROAD,7,14.0
120924,1,4,134,5,1,60.0,0,N,MELB_URBAN,ROAD,5,15.0
120925,4,7,173,5,1,50.0,0,N,MELB_URBAN,STREET,7,16.0
120926,4,7,173,5,1,100.0,0,N,RURAL_VICTORIA,HIGHWAY,7,15.0
120927,1,7,113,2,3,60.0,0,I,LARGE_PROVINCIAL_CITIES,ROAD,7,17.0
120928,1,7,113,2,3,60.0,0,I,MELB_URBAN,ROAD,7,17.0
120929,8,3,174,5,1,60.0,0,N,RURAL_VICTORIA,ROAD,6,14.0
120930,1,6,99,1,1,50.0,0,N,MELB_URBAN,STREET,7,15.0
120931,4,7,173,3,3,100.0,0,I,MELB_URBAN,RAMP,7,21.0
120932,6,7,174,5,5,100.0,0,N,RURAL_VICTORIA,HIGHWAY,7,19.0
120933,4,7,99,2,5,100.0,0,I,RURAL_VICTORIA,ROAD,7,19.0
120934,8,6,99,5,3,60.0,0,N,MELB_URBAN,STREET,7,23.0
120935,1,7,110,1,3,50.0,0,I,SMALL_CITIES,STREET,7,18.0
120936,1,6,121,2,3,60.0,0,I,MELB_URBAN,STREET,7,22.0
120937,4,3,171,2,1,60.0,0,I,LARGE_PROVINCIAL_CITIES,ROAD,7,14.0
120938,8,7,174,5,1,100.0,0,N,RURAL_VICTORIA,ROAD,7,15.0
120939,1,7,110,1,1,60.0,0,I,MELB_URBAN,ROAD,7,11.0
120940,5,7,183,5,1,60.0,0,N,RURAL_VICTORIA,ROAD,7,12.0
120941,4,1,173,5,1,100.0,0,N,RURAL_VICTORIA,HIGHWAY,7,8.0
120942,1,4,99,5,1,50.0,0,N,MELB_URBAN,DRIVE,7,11.0
120943,4,0,171,2,1,50.0,0,I,MELB_URBAN,PARADE,7,9.0
120944,1,1,140,1,1,70.0,0,I,MELB_URBAN,ROAD,7,8.0
120945,1,2,113,2,2,70.0,0,I,SMALL_CITIES,STREET,7,17.0
120946,1,1,99,5,1,60.0,0,N,MELB_URBAN,ROAD,7,10.0
120947,1,3,130,1,1,60.0,0,I,MELB_URBAN,ROAD,7,12.0
120948,1,1,110,1,1,50.0,0,I,MELB_URBAN,STREET,7,11.0
120949,6,1,99,5,1,80.0,0,N,SMALL_TOWNS,ROAD,7,11.0