,accident_type,day_of_week,dca_code,road_geometry,light_condition,speed_zone,severity,node_type,deg_urban_name,road_type,month,hour
120950,1,1,121,1,1,80.0,0,I,MELB_URBAN,DRIVE,7,15.0
120951,1,0,110,1,1,60.0,0,I,MELB_URBAN,STREET,7,15.0
120952,4,0,181,5,1,100.0,0,N,RURAL_VICTORIA,HIGHWAY,7,15.0
120953,1,1,113,2,1,60.0,0,I,MELB_URBAN,ROAD,7,16.0
120954,1,6,111,2,1,60.0,0,I,SMALL_CITIES,DRIVE,4,16.0
120955,1,5,130,5,3,80.0,0,N,MELB_URBAN,HIGHWAY,6,17.0
120956,1,0,130,5,1,80.0,0,N,MELB_URBAN,ROAD,7,14.0
120957,1,1,116,1,2,80.0,0,I,SMALL_TOWNS,ROAD,7,17.0
120958,2,1,100,2,3,60.0,0,I,MELB_URBAN,ROAD,7,17.0
120959,1,1,110,1,2,100.0,0,I,RURAL_VICTORIA,FREEWAY,7,16.0
120960,6,0,170,5,1,100.0,0,N,RURAL_VICTORIA,ROAD,7,15.0
120961,1,1,116,2,1,60.0,0,I,MELB_URBAN,STREET,7,15.0
120962,3,6,167,5,1,60.0,0,N,RURAL_VICTORIA,ROAD,7,14.0
120963,2,0,102,1,6,60.0,0,I,MELB_URBAN,ROAD,7,22.0
120964,1,1,113,2,3,60.0,0,I,MELB_URBAN,ROAD,7,1.0
120965,1,4,147,5,6,60.0,0,N,MELB_URBAN,ROAD,7,17.0
120966,1,1,99,5,3,40.0,0,N,SMALL_CITIES,AVENUE,7,18.0
120967,6,2,99,5,3,80.0,0,N,MELB_URBAN,HIGHWAY,7,2.0
120968,2,2,102,1,3,70.0,0,I,MELB_URBAN,ROAD,7,6.0
120969,1,1,111,1,1,60.0,0,I,MELB_URBAN,ROAD,7,7.0
120970,1,2,130,5,1,80.0,0,N,MELB_URBAN,HIGHWAY,7,7.0
120971,6,1,99,1,1,50.0,0,I,MELB_URBAN,ROAD,7,16.0
120972,4,2,173,5,1,60.0,0,N,LARGE_PROVINCIAL_CITIES,STREET,7,10.0
120973,4,5,171,5,5,80.0,0,N,RURAL_VICTORIA,ROAD,5,2.0
120974,1,1,147,5,1,50.0,0,N,MELB_URBAN,ROAD,7,10.0
120975,8,6,174,5,9,40.0,0,N,MELB_URBAN,STREET,6,14.0
120976,4,2,171,2,1,60.0,0,I,MELB_URBAN,ROAD,7,13.0
120977,4,2,171,5,3,60.0,0,N,SMALL_CITIES,STREET,6,19.0
120978,2,7,100,2,1,70.0,0,I,MELB_URBAN,ROAD,7,11.0
120979,8,6,174,5,9,60.0,0,N,SMALL_CITIES,STREET,7,7.0
120980,1,6,130,5,1,80.0,0,N,MELB_URBAN,HIGHWAY,6,17.0
120981,1,2,173,5,3,80.0,0,N,MELB_URBAN,RAMP,7,17.0
120982,1,7,130,1,1,60.0,0,I,MELB_URBAN,ROAD,9,16.0
120983,1,1,132,2,1,60.0,0,I,MELB_URBAN,STREET,7,16.0
120984,2,2,100,1,1,40.0,0,I,MELB_URBAN,ROAD,7,15.0
120985,1,1,120,5,1,100.0,0,N,RURAL_VICTORIA,ROAD,7,15.0
120986,1,2,130,2,1,80.0,0,I,MELB_URBAN,HIGHWAY,7,15.0
120987,4,2,181,5,1,70.0,0,N,MELB_URBAN,ROAD,7,15.0
120988,1,2,121,2,5,100.0,0,I,RURAL_VICTORIA,HIGHWAY,7,18.0
120989,4,3,173,5,5,100.0,0,N,RURAL_VICTORIA,ROAD,7,5.0
120990,1,3,110,1,2,100.0,0,I,RURAL_VICTORIA,AVENUE,7,18.0
120991,1,3,130,5,1,80.0,0,N,MELB_URBAN,ROAD,7,8.0
120992,1,3,113,2,1,60.0,0,I,TOWNS,ROAD,7,10.0
120993,1,5,130,5,5,110.0,0,N,RURAL_VICTORIA,FREEWAY,6,22.0
120994,1,7,121,1,1,60.0,0,I,MELB_URBAN,STREET,12,14.0
120995,1,3,99,2,1,60.0,0,N,MELB_URBAN,ROAD,7,10.0
120996,1,5,130,5,1,80.0,0,N,MELB_URBAN,RAMP,2,8.0
120997,8,7,174,5,1,40.0,0,N,RURAL_VICTORIA,OTHER,7,12.0
120998,4,2,171,5,1,50.0,0,N,MELB_URBAN,OTHER,7,7.0
120999,8,6,184,5,1,60.0,0,N,RURAL_VICTORIA,ROAD,7,11.0
121000,1,3,130,5,2,70.0,0,N,MELB_URBAN,ROAD,7,7.0
121001,1,3,99,5,1,60.0,0,N,MELB_URBAN,STREET,7,12.0
121002,1,4,99,5,2,60.0,0,N,RURAL_VICTORIA,BOULEVARD,7,17.0
121003,1,2,130,5,1,60.0,0,N,MELB_URBAN,ROAD,7,14.0
121004,1,3,113,2,1,60.0,0,I,MELB_URBAN,ROAD,7,8.0
121005,1,3,110,1,1,100.0,0,I,RURAL_VICTORIA,AVENUE,7,13.0
121006,1,2,99,2,1,60.0,0,I,TOWNS,STREET,7,14.0
121007,1,3,121,2,1,60.0,0,I,SMALL_CITIES,ROAD,7,14.0
121008,1,6,132,1,2,60.0,0,I,MELB_URBAN,ROAD,7,17.0
121009,6,3,99,5,1,40.0,0,N,SMALL_CITIES,STREET,7,17.0
121010,1,3,121,2,1,80.0,0,I,SMALL_CITIES,ROAD,7,12.0
121011,2,3,102,1,3,60.0,0,I,MELB_URBAN,STREET,7,18.0
121012,1,7,130,5,3,60.0,0,N,MELB_URBAN,ROAD,3,22.0
121013,1,0,130,2,6,60.0,0,I,LARGE_PROVINCIAL_CITIES,UNKNOWN,7,20.0
121014,1,3,99,5,5,50.0,0,N,MELB_URBAN,STREET,7,17.0
121015,1,3,130,2,1,60.0,0,N,MELB_URBAN,PARADE,7,12.0
121016,1,2,134,5,9,60.0,0,N,MELB_URBAN,ROAD,7,6.0
121017,4,3,171,5,5,100.0,0,N,RURAL_VICTORIA,ROAD,7,19.0
121018,1,3,130,5,1,60.0,0,N,MELB_URBAN,ROAD,6,11.0
121019,1,4,121,1,1,60.0,0,I,MELB_URBAN,STREET,1,15.0
121020,4,2,171,5,5,80.0,0,N,RURAL_VICTORIA,ROAD,7,18.0
121021,4,4,183,5,5,60.0,0,N,SMALL_TOWNS,ROAD,7,6.0
121022,1,1,110,1,2,50.0,0,I,SMALL_CITIES,STREET,7,7.0
121023,1,4,99,2,1,80.0,0,I,MELB_URBAN,RAMP,7,7.0
121024,6,2,174,2,1,100.0,0,N,RURAL_VICTORIA,OTHER,7,13.0
121025,1,4,113,2,1,80.0,0,I,MELB_URBAN,ROAD,7,8.0
121026,1,3,120,5,1,80.0,0,N,RURAL_VICTORIA,ROAD,7,10.0
121027,1,4,110,1,1,100.0,0,I,RURAL_VICTORIA,ROAD,7,9.0
121028,1,4,121,2,1,70.0,0,I,MELB_URBAN,ROAD,7,8.0
121029,6,3,174,1,1,60.0,0,I,MELB_URBAN,ROAD,7,11.0
121030,1,2,113,1,9,60.0,0,I,MELB_URBAN,ROAD,7,18.0
121031,3,5,167,5,5,100.0,0,N,RURAL_VICTORIA,ROAD,6,6.0
121032,1,2,110,1,1,50.0,0,I,LARGE_PROVINCIAL_CITIES,STREET,7,14.0
121033,1,3,130,1,9,60.0,0,I,MELB_URBAN,ROAD,7,13.0
121034,2,4,102,1,6,60.0,0,I,MELB_URBAN,STREET,7,5.0
121035,1,2,113,2,1,60.0,0,I,MELB_URBAN,ROAD,7,17.0
121036,1,3,110,1,9,80.0,0,N,MELB_URBAN,ROAD,6,23.0
121037,1,4,120,5,1,60.0,0,N,SMALL_CITIES,ROAD,7,13.0
121038,4,3,173,1,1,80.0,0,N,MELB_URBAN,ROAD,7,16.0
121039,1,2,130,5,1,60.0,0,N,MELB_URBAN,ROAD,7,16.0
121040,1,3,121,2,1,60.0,0,I,MELB_URBAN,ROAD,7,13.0
121041,1,4,110,1,1,50.0,0,I,TOWNS,STREET,7,15.0
121042,1,3,147,5,1,50.0,0,N,MELB_URBAN,OTHER,7,10.0
121043,1,3,132,1,6,50.0,0,I,MELB_URBAN,STREET,7,18.0
121044,5,4,171,5,3,50.0,0,N,MELB_URBAN,AVENUE,7,20.0
121045,1,3,113,1,1,60.0,0,I,MELB_URBAN,STREET,7,12.0
121046,1,5,130,2,2,80.0,0,N,MELB_URBAN,HIGHWAY,7,6.0
121047,4,3,173,5,3,70.0,0,N,MELB_URBAN,ROAD,7,20.0
121048,1,4,135,5,1,60.0,0,N,MELB_URBAN,STREET,7,9.0
121049,1,4,130,5,2,100.0,0,N,MELB_URBAN,RAMP,7,7.0
121050,1,4,130,5,1,60.0,0,N,LARGE_PROVINCIAL_CITIES,ROAD,7,8.0
121051,1,4,113,2,1,60.0,0,I,MELB_URBAN,STREET,6,11.0
121052,4,5,173,2,6,60.0,0,I,MELB_URBAN,STREET,4,23.0
121053,1,6,147,5,1,60.0,0,N,MELB_URBAN,DRIVE,7,15.0
121054,1,4,133,5,3,40.0,0,N,MELB_URBAN,FREEWAY,7,21.0
121055,1,5,111,2,1,60.0,0,N,MELB_URBAN,STREET,7,9.0
121056,1,5,140,5,3,80.0,1,N,MELB_URBAN,ROAD,7,5.0
121057,1,5,110,1,1,60.0,0,I,RURAL_VICTORIA,ROAD,7,10.0
121058,4,5,181,5,1,100.0,1,N,RURAL_VICTORIA,HIGHWAY,7,8.0
121059,4,6,173,5,1,100.0,0,N,RURAL_VICTORIA,HIGHWAY,7,12.0
121060,2,5,100,1,1,60.0,0,N,SMALL_CITIES,STREET,7,10.0
121061,4,2,171,5,3,60.0,0,N,MELB_URBAN,PARADE,7,6.0
121062,1,4,99,1,1,60.0,0,N,MELB_URBAN,DRIVE,7,12.0
121063,1,5,121,2,1,70.0,0,I,MELB_URBAN,DRIVE,7,14.0
121064,1,5,113,2,1,40.0,0,I,MELB_URBAN,STREET,7,15.0
121065,2,4,99,5,1,40.0,0,N,MELB_URBAN,STREET,7,12.0
121066,1,5,121,1,1,60.0,0,I,RURAL_VICTORIA,BOULEVARD,7,15.0
121067,1,5,160,5,1,60.0,0,N,MELB_URBAN,ROAD,7,16.0
121068,1,5,120,5,1,60.0,0,N,LARGE_PROVINCIAL_CITIES,STREET,7,15.0
121069,1,2,99,5,1,60.0,0,N,MELB_URBAN,STREET,7,16.0
121070,1,5,113,2,1,100.0,0,I,RURAL_VICTORIA,HIGHWAY,7,15.0
121071,6,7,99,5,1,60.0,0,N,MELB_URBAN,ROAD,4,17.0
121072,1,5,130,1,3,60.0,0,I,MELB_URBAN,ROAD,7,18.0
121073,4,4,171,5,5,80.0,0,N,RURAL_VICTORIA,ROAD,7,19.0
121074,1,5,133,5,1,50.0,0,N,TOWNS,STREET,7,16.0
121075,8,0,174,2,9,60.0,0,N,MELB_URBAN,ROAD,7,16.0
121076,1,5,160,5,3,60.0,0,N,MELB_URBAN,STREET,7,19.0
121077,4,5,183,5,1,100.0,1,N,RURAL_VICTORIA,ROAD,7,17.0
121078,4,6,173,5,3,80.0,0,N,MELB_URBAN,ROAD,7,0.0
121079,1,6,130,5,3,110.0,0,N,RURAL_VICTORIA,FREEWAY,7,0.0
121080,4,1,171,5,5,100.0,0,N,RURAL_VICTORIA,ROAD,6,4.0
121081,2,6,100,1,3,60.0,0,I,MELB_URBAN,ROAD,7,6.0
121082,6,7,170,5,9,60.0,0,N,RURAL_VICTORIA,ROAD,6,14.0
121083,2,2,100,2,6,50.0,0,I,MELB_URBAN,DRIVE,7,19.0
121084,1,3,130,5,1,60.0,0,N,MELB_URBAN,OTHER,7,13.0
121085,1,3,140,5,2,50.0,0,I,MELB_URBAN,ROAD,7,5.0
121086,2,6,100,5,3,60.0,0,N,MELB_URBAN,HIGHWAY,7,6.0
121087,1,3,111,2,2,50.0,0,I,TOWNS,STREET,7,17.0
121088,1,6,99,1,2,50.0,0,I,MELB_URBAN,ROAD,7,18.0
121089,1,6,110,1,5,100.0,0,I,RURAL_VICTORIA,HIGHWAY,7,6.0
121090,8,7,174,1,1,60.0,0,I,MELB_URBAN,DRIVE,5,9.0
121091,1,5,140,5,1,60.0,0,N,LARGE_PROVINCIAL_CITIES,ROAD,7,10.0
121092,3,4,167,2,3,60.0,0,I,MELB_URBAN,ROAD,7,20.0
121093,1,6,130,2,1,60.0,0,N,MELB_URBAN,ROAD,7,12.0
121094,4,1,171,5,1,50.0,0,N,RURAL_VICTORIA,ROAD,5,16.0
121095,1,5,133,5,1,60.0,0,N,SMALL_CITIES,STREET,7,11.0
121096,1,6,130,5,1,60.0,0,N,MELB_URBAN,ROAD,7,13.0
121097,6,5,99,5,1,60.0,0,N,TOWNS,STREET,7,13.0
121098,1,5,121,1,1,50.0,0,I,MELB_URBAN,STREET,7,12.0
121099,1,6,113,1,1,60.0,0,I,MELB_URBAN,ROAD,7,13.0
121100,8,2,99,5,1,100.0,0,N,RURAL_VICTORIA,ROAD,5,15.0
121101,1,5,121,1,1,60.0,0,I,MELB_URBAN,ROAD,7,14.0
121102,6,7,184,5,9,60.0,0,N,RURAL_VICTORIA,ROAD,7,11.0
121103,6,6,184,5,1,100.0,0,N,RURAL_VICTORIA,ROAD,7,14.0
121104,1,5,110,1,1,60.0,0,I,TOWNS,STREET,7,12.0
121105,1,6,116,2,2,50.0,0,I,LARGE_PROVINCIAL_CITIES,STREET,7,17.0
121106,1,6,113,2,3,60.0,0,I,SMALL_CITIES,STREET,7,18.0
121107,1,6,147,5,1,60.0,0,N,MELB_URBAN,STREET,7,11.0
121108,1,6,130,5,1,100.0,0,N,MELB_URBAN,RAMP,7,16.0
121109,1,1,130,1,1,60.0,0,N,TOWNS,ROAD,6,10.0
121110,1,2,147,5,1,50.0,0,N,MELB_URBAN,STREET,6,15.0
121111,1,6,110,1,5,100.0,0,I,RURAL_VICTORIA,ROAD,7,18.0
121112,5,6,183,5,5,60.0,0,I,RURAL_VICTORIA,ROAD,7,20.0
121113,4,5,99,2,3,50.0,0,I,SMALL_CITIES,ROAD,7,18.0
121114,1,3,121,1,1,60.0,0,I,MELB_URBAN,ROAD,7,16.0
121115,1,2,130,4,1,80.0,0,I,LARGE_PROVINCIAL_CITIES,ROAD,1,8.0
121116,1,7,120,2,2,60.0,0,I,MELB_URBAN,DRIVE,7,6.0
121117,4,6,171,5,1,60.0,0,N,MELB_URBAN,ROAD,7,13.0
121118,6,4,174,1,1,80.0,0,I,RURAL_VICTORIA,ROAD,3,9.0
121119,1,6,130,5,1,80.0,0,N,MELB_URBAN,ROAD,7,12.0
121120,1,7,113,2,1,80.0,0,I,MELB_URBAN,ROAD,7,11.0
121121,1,6,110,1,3,70.0,0,I,MELB_URBAN,ROAD,7,21.0
121122,4,7,181,5,1,100.0,0,N,RURAL_VICTORIA,ROAD,7,14.0
121123,1,6,130,1,2,60.0,0,I,MELB_URBAN,ROAD,7,17.0
121124,1,7,134,2,3,80.0,0,N,MELB_URBAN,ROAD,7,19.0
121125,4,7,173,5,1,110.0,0,N,RURAL_VICTORIA,HIGHWAY,7,14.0
121126,1,7,132,2,3,60.0,0,I,SMALL_CITIES,ROAD,7,20.0
121127,1,6,130,2,3,80.0,0,I,MELB_URBAN,ROAD,7,21.0
121128,4,7,173,5,5,80.0,0,N,RURAL_VICTORIA,ROAD,7,22.0
121129,1,5,163,2,1,50.0,0,I,MELB_URBAN,AVENUE,7,13.0
121130,1,5,111,2,1,60.0,0,I,SMALL_TOWNS,HIGHWAY,7,10.0
121131,4,1,173,1,2,70.0,0,I,MELB_URBAN,ROAD,7,7.0
121132,1,3,120,2,3,60.0,0,I,MELB_URBAN,ROAD,7,7.0
121133,5,7,99,5,1,60.0,0,N,RURAL_VICTORIA,UNKNOWN,7,11.0
121134,1,1,99,1,9,60.0,0,N,MELB_URBAN,ROAD,7,10.0
121135,1,7,113,3,3,80.0,0,I,RURAL_VICTORIA,ROAD,7,19.0
121136,1,1,110,1,1,50.0,0,I,TOWNS,STREET,7,12.0
121137,6,7,184,5,1,80.0,0,N,RURAL_VICTORIA,ROAD,7,13.0
121138,1,1,113,2,1,60.0,0,I,LARGE_PROVINCIAL_CITIES,STREET,7,14.0
121139,4,1,183,5,1,100.0,0,N,RURAL_VICTORIA,ROAD,7,13.0
121140,1,6,163,5,1,60.0,0,N,MELB_URBAN,ROAD,7,8.0
121141,1,1,113,2,1,60.0,0,N,LARGE_PROVINCIAL_CITIES,ROAD,7,15.0
121142,1,1,110,1,2,40.0,0,I,MELB_URBAN,STREET,7,17.0
121143,1,1,113,2,1,60.0,0,I,MELB_URBAN,ROAD,7,15.0
121144,1,1,121,1,3,60.0,0,I,MELB_URBAN,ROAD,7,17.0
121145,4,7,183,5,5,100.0,0,N,RURAL_VICTORIA,ROAD,7,22.0
121146,1,0,130,5,5,80.0,0,N,LARGE_PROVINCIAL_CITIES,ROAD,7,18.0
121147,1,1,99,2,3,60.0,0,N,MELB_URBAN,ROAD,7,19.0
121148,5,1,171,5,1,100.0,0,N,SMALL_TOWNS,OTHER,7,15.0
121149,1,0,160,2,3,50.0,0,N,SMALL_CITIES,STREET,7,20.0
121150,4,1,183,5,5,100.0,0,N,RURAL_VICTORIA,ROAD,7,22.0
121151,4,1,171,2,3,70.0,0,I,MELB_URBAN,ROAD,7,22.0
121152,1,4,99,5,3,80.0,0,N,MELB_URBAN,ROAD,7,18.0
121153,1,6,116,1,1,60.0,0,I,MELB_URBAN,STREET,7,9.0
121154,4,2,173,5,3,60.0,0,N,SMALL_CITIES,STREET,7,3.0
121155,8,0,170,5,5,100.0,0,N,SMALL_TOWNS,FREEWAY,7,20.0
121156,1,2,121,2,1,80.0,0,I,MELB_URBAN,HIGHWAY,7,8.0
121157,1,2,140,5,1,40.0,0,N,MELB_URBAN,STREET,7,13.0
121158,1,7,99,1,3,50.0,0,I,MELB_URBAN,ROAD,7,21.0
121159,4,2,171,5,1,100.0,0,N,RURAL_VICTORIA,ROAD,7,8.0
121160,6,6,174,5,1,100.0,0,N,RURAL_VICTORIA,ROAD,7,13.0
121161,1,2,130,5,1,60.0,0,N,SMALL_CITIES,HIGHWAY,6,15.0
121162,8,6,170,5,1,80.0,0,N,RURAL_VICTORIA,ROAD,7,12.0
121163,1,2,99,2,1,80.0,0,I,MELB_URBAN,HIGHWAY,7,9.0
121164,1,1,160,5,1,50.0,0,N,MELB_URBAN,OTHER,7,9.0
121165,5,1,99,5,6,80.0,0,N,MELB_URBAN,RAMP,7,21.0
121166,4,1,99,2,1,80.0,0,I,MELB_URBAN,STREET,7,9.0
121167,4,7,99,5,3,80.0,0,N,MELB_URBAN,ROAD,7,5.0
121168,1,1,121,2,1,50.0,0,I,SMALL_CITIES,STREET,7,12.0
121169,1,1,110,1,3,60.0,0,I,RURAL_VICTORIA,ROAD,7,18.0
121170,4,1,171,5,1,80.0,0,N,MELB_URBAN,FREEWAY,7,14.0
121171,1,3,111,1,1,60.0,0,N,MELB_URBAN,OTHER,4,14.0
121172,1,1,160,5,1,50.0,0,N,MELB_URBAN,STREET,7,15.0
121173,2,1,102,5,1,50.0,0,N,MELB_URBAN,ROAD,7,16.0
121174,1,5,130,2,1,80.0,0,I,MELB_URBAN,ROAD,7,15.0
121175,1,6,130,5,5,60.0,0,N,RURAL_VICTORIA,STREET,5,23.0
121176,1,2,99,2,1,50.0,0,I,MELB_URBAN,OTHER,7,16.0
121177,6,1,170,2,1,50.0,0,I,MELB_URBAN,STREET,7,16.0
121178,3,0,167,5,5,100.0,0,N,RURAL_VICTORIA,ROAD,7,4.0
121179,1,2,130,5,1,70.0,0,N,MELB_URBAN,ROAD,7,15.0
121180,1,1,147,5,3,60.0,0,N,MELB_URBAN,ROAD,7,18.0
121181,1,5,163,5,1,40.0,0,N,MELB_URBAN,STREET,7,9.0
121182,1,2,121,1,3,50.0,0,I,TOWNS,STREET,7,18.0
121183,4,2,171,5,1,60.0,0,N,MELB_URBAN,ROAD,7,16.0
121184,4,1,171,5,3,60.0,0,N,LARGE_PROVINCIAL_CITIES,STREET,7,23.0
121185,6,3,174,5,3,100.0,0,N,MELB_URBAN,RAMP,7,3.0
121186,8,5,99,1,1,60.0,0,I,MELB_URBAN,STREET,7,17.0
121187,4,3,171,5,1,60.0,0,N,SMALL_TOWNS,ROAD,7,7.0
121188,1,3,110,1,2,80.0,0,N,MELB_URBAN,RAMP,7,6.0
121189,1,3,110,1,1,50.0,0,I,MELB_URBAN,STREET,7,8.0
121190,3,3,167,5,1,100.0,0,N,RURAL_VICTORIA,ROAD,6,11.0
121191,1,3,116,1,3,80.0,0,N,SMALL_TOWNS,ROAD,7,6.0
121192,1,2,121,2,3,50.0,0,I,MELB_URBAN,ROAD,7,18.0
121193,1,3,140,2,1,80.0,0,I,MELB_URBAN,OTHER,7,8.0
121194,6,3,174,5,1,40.0,0,N,MELB_URBAN,ROAD,7,9.0
121195,8,7,174,5,1,60.0,0,N,RURAL_VICTORIA,ROAD,5,12.0
121196,1,3,99,5,1,80.0,0,N,MELB_URBAN,ROAD,7,15.0
121197,1,5,120,5,3,70.0,0,N,MELB_URBAN,ROAD,7,22.0
121198,1,4,99,1,1,80.0,0,N,MELB_URBAN,ROAD,7,9.0
121199,5,3,99,5,1,60.0,0,N,MELB_URBAN,AVENUE,7,10.0
121200,1,3,99,2,1,50.0,0,I,MELB_URBAN,ROAD,7,12.0
121201,1,3,110,1,2,60.0,0,I,LARGE_PROVINCIAL_CITIES,ROAD,7,6.0
121202,2,3,102,1,1,40.0,0,I,MELB_URBAN,STREET,7,14.0
121203,1,1,130,2,3,60.0,0,N,MELB_URBAN,ROAD,6,6.0
121204,1,1,140,1,1,40.0,0,I,LARGE_PROVINCIAL_CITIES,STREET,7,10.0
121205,1,4,130,1,1,60.0,0,I,MELB_URBAN,STREET,6,7.0
121206,5,7,99,1,1,80.0,0,I,RURAL_VICTORIA,ROAD,7,14.0
121207,1,2,111,2,1,100.0,0,I,RURAL_VICTORIA,ROAD,7,15.0
121208,1,3,113,2,1,60.0,0,I,TOWNS,OTHER,7,15.0
121209,1,2,121,2,1,60.0,0,I,MELB_URBAN,ROAD,7,14.0
121210,1,5,111,2,9,60.0,0,I,MELB_URBAN,ROAD,7,14.0
121211,1,2,111,2,9,60.0,0,I,MELB_URBAN,ROAD,6,15.0
121212,1,2,160,5,1,60.0,0,N,MELB_URBAN,ROAD,7,15.0
121213,1,1,116,2,1,80.0,0,I,MELB_URBAN,ROAD,7,10.0
121214,6,2,99,2,1,60.0,0,N,RURAL_VICTORIA,BOULEVARD,7,14.0
121215,1,3,99,5,1,50.0,0,N,MELB_URBAN,STREET,7,14.0
121216,1,3,130,5,1,100.0,0,N,RURAL_VICTORIA,ROAD,7,14.0
121217,1,2,113,2,1,80.0,0,N,MELB_URBAN,HIGHWAY,7,14.0
121218,4,3,181,5,1,100.0,0,N,RURAL_VICTORIA,ROAD,7,14.0
121219,1,3,130,5,1,80.0,0,N,MELB_URBAN,ROAD,7,9.0
121220,1,2,132,5,1,50.0,0,N,MELB_URBAN,ROAD,7,12.0
121221,1,3,113,2,3,60.0,0,I,LARGE_PROVINCIAL_CITIES,STREET,7,18.0
121222,7,2,99,5,1,50.0,0,N,MELB_URBAN,ROAD,7,10.0
121223,1,1,110,1,1,60.0,0,I,MELB_URBAN,STREET,7,5.0
121224,1,2,99,5,3,50.0,0,N,MELB_URBAN,AVENUE,7,18.0
121225,1,3,160,5,3,60.0,0,N,MELB_URBAN,ROAD,7,18.0
121226,1,1,133,5,3,80.0,0,N,MELB_URBAN,FREEWAY,7,19.0
121227,1,3,130,5,2,80.0,0,N,MELB_URBAN,HIGHWAY,7,17.0
121228,4,3,171,5,5,60.0,0,N,SMALL_CITIES,ROAD,7,19.0
121229,4,1,171,5,1,70.0,0,N,MELB_URBAN,STREET,7,14.0
121230,6,4,170,5,5,100.0,0,N,RURAL_VICTORIA,ROAD,7,0.0
121231,1,2,110,1,1,60.0,0,I,MELB_URBAN,ROAD,7,10.0
121232,1,4,120,5,3,60.0,0,N,MELB_URBAN,ROAD,7,6.0
121233,1,6,110,1,3,60.0,0,I,MELB_URBAN,STREET,6,0.0
121234,8,6,99,5,9,60.0,0,N,MELB_URBAN,STREET,7,15.0
121235,1,4,116,4,1,50.0,0,I,SMALL_CITIES,ROAD,7,7.0
121236,1,3,132,2,1,60.0,0,I,MELB_URBAN,ROAD,7,7.0
121237,1,4,113,2,1,80.0,0,I,MELB_URBAN,ROAD,7,9.0
121238,1,3,163,5,1,100.0,0,N,MELB_URBAN,ROAD,7,7.0
121239,1,3,132,2,1,60.0,0,N,MELB_URBAN,ROAD,6,13.0
121240,1,4,99,5,1,60.0,0,N,MELB_URBAN,STREET,7,9.0
121241,4,4,171,1,1,60.0,0,I,LARGE_PROVINCIAL_CITIES,AVENUE,7,11.0
121242,1,4,110,1,2,100.0,0,I,RURAL_VICTORIA,RAMP,7,7.0
121243,1,4,110,1,1,70.0,0,I,MELB_URBAN,ROAD,7,8.0
121244,1,5,116,2,9,60.0,0,I,MELB_URBAN,HIGHWAY,7,11.0
121245,1,3,121,1,1,60.0,0,N,MELB_URBAN,ROAD,7,8.0
121246,1,3,130,5,1,40.0,0,N,RURAL_VICTORIA,ROAD,7,13.0
121247,2,4,100,1,1,40.0,0,I,MELBOURNE_CBD,STREET,7,11.0
121248,1,4,135,5,1,100.0,0,N,MELB_URBAN,FREEWAY,7,16.0
121249,1,1,113,2,3,50.0,0,I,SMALL_CITIES,STREET,7,19.0
121250,1,3,116,2,2,60.0,0,N,MELB_URBAN,STREET,7,6.0
121251,4,3,181,5,1,100.0,0,N,RURAL_VICTORIA,ROAD,7,12.0
121252,1,4,130,5,1,70.0,0,N,MELB_URBAN,ROAD,7,15.0
121253,1,4,130,5,9,90.0,0,N,MELB_URBAN,ROAD,7,6.0
121254,1,3,130,5,1,80.0,0,N,MELB_URBAN,ROAD,7,16.0
121255,4,3,181,5,2,80.0,0,N,RURAL_VICTORIA,ROAD,7,16.0
121256,4,4,183,5,1,100.0,0,N,RURAL_VICTORIA,ROAD,7,15.0
121257,2,6,102,2,6,60.0,0,I,MELB_URBAN,ROAD,7,20.0
121258,2,3,99,5,1,50.0,0,N,LARGE_PROVINCIAL_CITIES,STREET,7,15.0
121259,1,4,110,1,1,60.0,0,I,RURAL_VICTORIA,AVENUE,7,15.0
121260,4,4,183,5,1,100.0,0,N,LARGE_PROVINCIAL_CITIES,DRIVE,7,16.0
121261,1,4,116,2,3,70.0,0,I,MELB_URBAN,STREET,7,17.0
121262,4,4,171,5,1,50.0,0,N,MELB_URBAN,STREET,7,16.0
121263,1,3,160,5,3,50.0,0,N,MELB_URBAN,PARADE,7,21.0
121264,1,4,99,1,2,60.0,0,I,MELB_URBAN,STREET,7,6.0
121265,4,4,171,5,3,80.0,0,N,MELB_URBAN,ROAD,7,18.0
121266,1,4,130,5,5,100.0,0,N,MELB_URBAN,FREEWAY,7,5.0
121267,4,0,173,5,5,100.0,0,N,RURAL_VICTORIA,ROAD,7,17.0
121268,1,6,99,5,1,60.0,0,N,MELB_URBAN,ROAD,7,16.0
121269,1,2,130,5,1,80.0,0,N,MELB_URBAN,ROAD,7,15.0
121270,1,3,111,1,1,60.0,0,N,MELB_URBAN,ROAD,7,15.0
121271,1,7,121,1,3,40.0,0,I,MELB_URBAN,HIGHWAY,7,18.0
121272,4,4,173,5,1,50.0,0,N,TOWNS,STREET,7,11.0
121273,1,5,113,2,2,70.0,0,I,LARGE_PROVINCIAL_CITIES,STREET,6,6.0
121274,1,5,110,1,1,50.0,0,I,LARGE_PROVINCIAL_CITIES,STREET,7,10.0
121275,1,5,132,2,2,70.0,0,I,RURAL_VICTORIA,ROAD,7,7.0
121276,1,2,121,2,1,60.0,0,I,MELB_URBAN,ROAD,7,17.0