,accident_type,day_of_week,dca_code,road_geometry,light_condition,speed_zone,severity,node_type,deg_urban_name,road_type,month,hour
121277,1,4,130,2,1,60.0,0,I,MELB_URBAN,HIGHWAY,7,16.0
121278,1,5,99,4,1,80.0,0,I,MELB_URBAN,RAMP,7,14.0
121279,1,4,113,2,1,50.0,0,I,MELB_URBAN,OTHER,7,14.0
121280,1,4,130,1,1,60.0,0,I,MELB_URBAN,ROAD,7,16.0
121281,4,2,173,5,5,50.0,0,N,RURAL_VICTORIA,ROAD,7,22.0
121282,1,5,110,1,6,60.0,0,I,MELB_URBAN,STREET,7,18.0
121283,5,5,99,5,5,100.0,0,N,RURAL_VICTORIA,ROAD,7,4.0
121284,4,5,171,5,3,60.0,0,N,MELB_URBAN,STREET,7,4.0
121285,1,5,121,2,2,70.0,0,N,MELB_URBAN,ROAD,7,6.0
121286,3,4,167,5,5,110.0,0,N,RURAL_VICTORIA,FREEWAY,7,23.0
121287,4,6,173,5,3,60.0,0,N,MELB_URBAN,ROAD,7,0.0
121288,1,7,147,5,3,60.0,0,I,MELB_URBAN,ROAD,7,18.0
121289,4,5,173,5,5,100.0,0,N,MELB_URBAN,FREEWAY,7,21.0
121290,1,7,140,5,1,60.0,0,N,MELB_URBAN,ROAD,7,15.0
121291,4,5,171,5,2,80.0,0,N,MELB_URBAN,ROAD,7,6.0
121292,4,6,173,1,3,80.0,0,I,MELB_URBAN,ROAD,7,6.0
121293,1,6,130,2,1,70.0,0,I,MELB_URBAN,ROAD,7,8.0
121294,8,1,174,5,1,60.0,0,N,MELB_URBAN,ROAD,4,18.0
121295,1,5,110,1,1,60.0,0,I,LARGE_PROVINCIAL_CITIES,ROAD,7,10.0
121296,4,6,181,5,1,40.0,0,N,RURAL_VICTORIA,HIGHWAY,7,9.0
121297,8,6,99,2,3,70.0,0,I,MELB_URBAN,STREET,7,6.0
121298,4,4,171,5,2,100.0,0,N,RURAL_VICTORIA,ROAD,7,17.0
121299,1,6,134,1,1,70.0,0,N,LARGE_PROVINCIAL_CITIES,HIGHWAY,7,10.0
121300,6,6,99,5,1,100.0,0,N,RURAL_VICTORIA,ROAD,7,9.0
121301,8,6,99,5,1,60.0,0,N,RURAL_VICTORIA,ROAD,7,11.0
121302,6,6,99,5,1,60.0,0,N,RURAL_VICTORIA,ROAD,7,15.0
121303,1,6,130,1,1,60.0,0,N,SMALL_CITIES,ROAD,7,12.0
121304,1,6,147,5,1,60.0,0,N,SMALL_CITIES,DRIVE,7,8.0
121305,4,6,181,5,1,100.0,1,N,RURAL_VICTORIA,ROAD,7,12.0
121306,1,6,116,3,1,80.0,0,I,MELB_URBAN,HIGHWAY,7,9.0
121307,1,6,130,1,1,60.0,0,N,MELB_URBAN,STREET,7,11.0
121308,4,2,173,1,1,60.0,0,I,RURAL_VICTORIA,ROAD,5,14.0
121309,4,6,171,5,1,50.0,0,N,MELB_URBAN,STREET,7,11.0
121310,1,3,113,2,1,60.0,0,I,MELB_URBAN,STREET,7,13.0
121311,2,5,99,5,1,50.0,0,N,MELB_URBAN,UNKNOWN,7,14.0
121312,4,5,173,5,1,100.0,0,N,MELB_URBAN,FREEWAY,7,13.0
121313,1,5,130,1,1,80.0,0,I,MELB_URBAN,ROAD,7,14.0
121314,4,5,171,5,1,100.0,0,N,MELB_URBAN,FREEWAY,7,15.0
121315,5,6,99,5,1,50.0,0,N,MELB_URBAN,STREET,7,14.0
121316,1,1,130,5,1,80.0,0,N,LARGE_PROVINCIAL_CITIES,ROAD,7,9.0
121317,6,6,99,5,1,100.0,0,N,RURAL_VICTORIA,ROAD,7,16.0
121318,1,6,130,1,3,80.0,0,I,MELB_URBAN,ROAD,7,18.0
121319,2,6,102,5,2,50.0,0,N,SMALL_CITIES,ROAD,7,18.0
121320,1,5,121,1,3,60.0,0,I,MELB_URBAN,ROAD,7,19.0
121321,1,2,99,5,2,60.0,0,N,MELB_URBAN,ROAD,6,17.0
121322,1,6,113,2,3,80.0,0,I,MELB_URBAN,HIGHWAY,7,20.0
121323,4,6,173,5,3,50.0,1,N,LARGE_PROVINCIAL_CITIES,AVENUE,7,19.0
121324,4,6,173,5,5,100.0,0,N,RURAL_VICTORIA,ROAD,7,21.0
121325,4,6,173,5,5,80.0,0,N,LARGE_PROVINCIAL_CITIES,STREET,7,19.0
121326,4,6,181,5,5,100.0,1,N,RURAL_VICTORIA,ROAD,7,21.0
121327,4,7,171,5,5,80.0,0,N,RURAL_VICTORIA,ROAD,7,2.0
121328,1,4,130,1,1,60.0,0,N,MELB_URBAN,ROAD,7,13.0
121329,4,7,171,5,5,60.0,1,N,SMALL_TOWNS,ROAD,7,1.0
121330,1,7,160,5,3,50.0,0,N,MELB_URBAN,STREET,7,0.0
121331,6,3,184,5,1,100.0,0,N,RURAL_VICTORIA,OTHER,7,16.0
121332,1,7,130,5,1,80.0,0,N,MELB_URBAN,ROAD,7,10.0
121333,1,7,99,5,1,40.0,0,N,MELB_URBAN,STREET,7,12.0
121334,1,6,135,5,1,40.0,0,N,RURAL_VICTORIA,FREEWAY,7,11.0
121335,1,6,130,5,1,80.0,0,N,RURAL_VICTORIA,ROAD,7,15.0
121336,1,3,113,2,1,60.0,0,I,RURAL_VICTORIA,ROAD,6,11.0
121337,1,7,121,2,1,70.0,0,I,SMALL_TOWNS,ROAD,7,14.0
121338,4,7,173,5,1,80.0,0,N,RURAL_VICTORIA,ROAD,7,14.0
121339,1,6,110,1,1,80.0,0,I,MELB_URBAN,HIGHWAY,7,15.0
121340,1,2,130,5,1,80.0,0,N,MELB_URBAN,FREEWAY,6,16.0
121341,2,7,99,5,1,60.0,0,N,MELB_URBAN,ROAD,7,15.0
121342,8,6,174,1,1,70.0,0,I,MELB_URBAN,ROAD,7,12.0
121343,8,7,99,5,1,40.0,0,N,MELB_URBAN,HIGHWAY,7,14.0
121344,4,7,181,5,1,80.0,0,N,RURAL_VICTORIA,ROAD,7,16.0
121345,1,7,130,1,1,80.0,0,N,MELB_URBAN,HIGHWAY,7,15.0
121346,1,6,110,1,3,50.0,0,I,TOWNS,STREET,7,21.0
121347,8,7,99,5,3,50.0,0,N,LARGE_PROVINCIAL_CITIES,AVENUE,7,4.0
121348,1,7,130,5,5,80.0,0,N,RURAL_VICTORIA,ROAD,7,21.0
121349,4,7,173,5,5,80.0,0,N,RURAL_VICTORIA,ROAD,7,23.0
121350,4,1,99,5,3,50.0,0,N,MELB_URBAN,STREET,7,0.0
121351,4,1,183,5,3,60.0,0,N,SMALL_TOWNS,STREET,7,1.0
121352,6,7,170,5,1,100.0,0,N,RURAL_VICTORIA,ROAD,7,15.0
121353,4,1,171,5,1,100.0,0,N,RURAL_VICTORIA,HIGHWAY,7,8.0
121354,5,1,99,5,1,70.0,0,N,RURAL_VICTORIA,ROAD,7,10.0
121355,4,1,171,1,1,50.0,0,I,MELB_URBAN,PARADE,7,12.0
121356,1,6,110,1,2,50.0,0,N,MELB_URBAN,OTHER,7,17.0
121357,1,0,110,1,1,60.0,0,I,MELB_URBAN,STREET,7,13.0
121358,1,0,110,1,2,60.0,0,I,LARGE_PROVINCIAL_CITIES,STREET,7,16.0
121359,1,0,130,5,1,40.0,0,N,MELB_URBAN,DRIVE,2,15.0
121360,4,0,171,2,9,60.0,0,I,MELB_URBAN,ROAD,7,17.0
121361,1,1,99,5,5,80.0,0,N,MELB_URBAN,ROAD,7,17.0
121362,4,0,181,5,1,100.0,0,N,RURAL_VICTORIA,ROAD,7,13.0
121363,1,5,130,5,1,40.0,0,N,MELB_URBAN,FREEWAY,2,17.0
121364,1,0,110,1,1,50.0,0,I,LARGE_PROVINCIAL_CITIES,ROAD,7,15.0
121365,6,1,184,5,1,80.0,0,N,RURAL_VICTORIA,ROAD,7,10.0
121366,4,1,171,1,2,60.0,0,I,LARGE_PROVINCIAL_CITIES,ROAD,6,17.0
121367,4,2,99,2,5,50.0,0,I,MELB_URBAN,AVENUE,7,0.0
121368,2,2,100,1,2,40.0,0,N,MELB_URBAN,AVENUE,7,6.0
121369,1,1,130,5,1,50.0,0,N,RURAL_VICTORIA,AVENUE,7,13.0
121370,3,2,167,5,5,60.0,0,N,TOWNS,ROAD,7,5.0
121371,6,2,99,5,1,100.0,0,N,RURAL_VICTORIA,ROAD,7,7.0
121372,1,2,130,2,3,60.0,0,I,MELB_URBAN,ROAD,7,6.0
121373,8,6,174,5,1,80.0,0,N,RURAL_VICTORIA,ROAD,7,13.0
121374,4,2,173,5,1,100.0,0,N,RURAL_VICTORIA,ROAD,7,9.0
121375,4,2,181,1,5,60.0,0,I,RURAL_VICTORIA,ROAD,7,5.0
121376,6,2,99,5,2,70.0,0,N,SMALL_TOWNS,ROAD,7,6.0
121377,6,6,174,2,2,60.0,0,I,MELB_URBAN,ROAD,7,17.0
121378,1,5,130,4,9,60.0,0,N,MELB_URBAN,ROAD,7,18.0
121379,1,6,121,1,6,50.0,0,I,MELB_URBAN,STREET,7,19.0
121380,4,2,173,5,1,60.0,0,N,MELB_URBAN,STREET,7,10.0
121381,1,0,130,5,3,80.0,0,N,MELB_URBAN,HIGHWAY,7,18.0
121382,5,5,99,5,1,80.0,0,N,RURAL_VICTORIA,ROAD,7,17.0
121383,1,4,111,2,1,60.0,0,I,MELB_URBAN,ROAD,7,12.0
121384,4,6,181,5,1,70.0,0,N,MELB_URBAN,ROAD,7,9.0
121385,4,2,171,5,3,60.0,0,N,MELB_URBAN,ROAD,7,6.0
121386,4,2,183,5,1,100.0,0,N,RURAL_VICTORIA,ROAD,7,12.0
121387,2,2,100,5,1,50.0,0,N,SMALL_CITIES,STREET,7,15.0
121388,8,1,174,5,6,50.0,0,N,MELB_URBAN,STREET,7,21.0
121389,8,4,170,5,5,60.0,0,N,RURAL_VICTORIA,ROAD,7,22.0
121390,1,1,130,5,1,60.0,0,N,LARGE_PROVINCIAL_CITIES,STREET,7,16.0
121391,1,2,173,5,1,80.0,0,N,MELB_URBAN,FREEWAY,7,15.0
121392,1,1,130,1,1,60.0,0,I,MELB_URBAN,ROAD,7,16.0
121393,2,2,100,1,1,50.0,0,N,MELB_URBAN,STREET,7,15.0
121394,2,2,100,1,3,60.0,0,I,MELB_URBAN,ROAD,7,17.0
121395,1,2,121,2,2,50.0,0,I,MELB_URBAN,ROAD,7,17.0
121396,1,2,121,1,3,80.0,0,I,MELB_URBAN,HIGHWAY,7,22.0
121397,1,5,120,5,1,80.0,0,N,RURAL_VICTORIA,ROAD,7,10.0
121398,4,2,181,5,1,80.0,1,N,RURAL_VICTORIA,ROAD,7,13.0
121399,1,5,130,5,1,80.0,0,N,SMALL_CITIES,HIGHWAY,6,15.0
121400,1,3,130,5,1,60.0,0,N,MELB_URBAN,AVENUE,7,8.0
121401,1,3,120,5,1,60.0,0,N,MELB_URBAN,STREET,7,13.0
121402,1,3,130,1,1,60.0,0,I,MELB_URBAN,ROAD,7,12.0
121403,1,1,133,1,3,80.0,0,I,MELB_URBAN,ROAD,7,18.0
121404,1,1,130,1,1,60.0,0,N,MELB_URBAN,ROAD,7,12.0
121405,1,3,134,5,5,100.0,0,N,MELB_URBAN,FREEWAY,7,20.0
121406,1,2,121,1,1,50.0,0,I,LARGE_PROVINCIAL_CITIES,STREET,7,13.0
121407,1,7,163,5,1,60.0,0,N,MELB_URBAN,ROAD,7,9.0
121408,1,3,120,5,1,100.0,0,N,RURAL_VICTORIA,ROAD,7,9.0
121409,4,4,181,5,5,100.0,0,N,RURAL_VICTORIA,HIGHWAY,7,21.0
121410,1,4,135,5,3,60.0,0,N,MELB_URBAN,ROAD,6,18.0
121411,4,3,171,5,5,100.0,0,N,RURAL_VICTORIA,HIGHWAY,7,17.0
121412,1,2,110,1,3,60.0,0,I,MELB_URBAN,ROAD,7,18.0
121413,1,2,160,5,2,60.0,0,N,LARGE_PROVINCIAL_CITIES,AVENUE,7,17.0
121414,1,3,132,2,3,60.0,0,I,MELB_URBAN,ROAD,7,18.0
121415,1,2,160,5,3,60.0,0,N,SMALL_CITIES,STREET,7,21.0
121416,4,3,183,5,5,60.0,0,N,RURAL_VICTORIA,OTHER,7,18.0
121417,6,4,174,5,1,60.0,0,N,MELB_URBAN,OTHER,7,7.0
121418,4,4,173,5,3,60.0,0,N,MELB_URBAN,ROAD,7,1.0
121419,6,2,170,1,3,80.0,0,I,MELB_URBAN,ROAD,7,23.0
121420,1,3,99,5,1,80.0,0,N,MELB_URBAN,OTHER,7,9.0
121421,1,4,147,5,5,80.0,0,N,MELB_URBAN,ROAD,7,6.0
121422,2,4,100,1,3,50.0,0,N,MELB_URBAN,AVENUE,7,6.0
121423,1,4,110,1,1,100.0,0,I,RURAL_VICTORIA,ROAD,7,8.0
121424,1,4,110,1,1,50.0,0,I,MELB_URBAN,ROAD,7,10.0
121425,6,6,99,1,1,80.0,0,I,MELB_URBAN,ROAD,7,17.0
121426,1,3,121,1,1,40.0,0,I,MELB_URBAN,STREET,7,15.0
121427,1,3,110,1,1,50.0,0,I,TOWNS,STREET,7,11.0
121428,4,2,181,5,5,100.0,0,N,RURAL_VICTORIA,ROAD,7,19.0
121429,1,4,116,2,1,60.0,0,I,SMALL_CITIES,STREET,7,7.0
121430,1,4,113,2,1,50.0,0,I,MELB_URBAN,ROAD,7,12.0
121431,6,7,99,5,1,100.0,0,N,RURAL_VICTORIA,ROAD,7,11.0
121432,1,4,130,5,1,100.0,0,N,MELB_URBAN,FREEWAY,7,7.0
121433,1,3,160,5,1,50.0,0,N,MELB_URBAN,STREET,7,13.0
121434,8,5,99,2,1,80.0,0,I,RURAL_VICTORIA,ROAD,6,14.0
121435,1,5,113,2,1,60.0,0,I,LARGE_PROVINCIAL_CITIES,ROAD,7,10.0
121436,2,3,102,1,1,60.0,0,N,MELB_URBAN,BOULEVARD,7,15.0
121437,4,4,171,5,1,50.0,0,N,SMALL_CITIES,STREET,7,16.0
121438,1,2,130,5,1,80.0,0,N,MELB_URBAN,HIGHWAY,7,8.0
121439,1,0,99,4,1,80.0,0,N,MELB_URBAN,ROAD,7,15.0
121440,4,4,171,5,3,70.0,0,N,MELB_URBAN,ROAD,7,0.0
121441,1,4,116,2,2,60.0,0,I,MELB_URBAN,STREET,7,17.0
121442,1,4,121,1,1,50.0,0,I,SMALL_CITIES,STREET,7,14.0
121443,1,3,110,1,1,80.0,0,I,MELB_URBAN,ROAD,7,16.0
121444,4,4,181,5,1,100.0,0,N,RURAL_VICTORIA,ROAD,7,16.0
121445,8,7,184,2,1,50.0,0,I,SMALL_CITIES,AVENUE,6,13.0
121446,5,2,99,2,5,50.0,0,I,TOWNS,ROAD,7,18.0
121447,8,4,184,1,1,60.0,0,I,MELB_URBAN,ROAD,7,14.0
121448,1,4,99,5,1,50.0,0,N,MELB_URBAN,OTHER,7,17.0
121449,8,4,174,5,1,50.0,0,N,SMALL_CITIES,DRIVE,7,16.0
121450,1,4,130,5,2,80.0,0,N,MELB_URBAN,FREEWAY,7,16.0
121451,1,5,99,2,3,60.0,0,N,MELB_URBAN,ROAD,7,6.0
121452,2,5,102,1,2,60.0,0,N,MELB_URBAN,ROAD,7,7.0
121453,1,5,113,2,1,60.0,0,I,MELB_URBAN,ROAD,7,15.0
121454,1,6,110,1,1,70.0,0,I,MELB_URBAN,ROAD,7,8.0
121455,6,4,99,5,1,100.0,0,N,RURAL_VICTORIA,ROAD,7,10.0
121456,1,5,130,5,1,70.0,0,N,MELB_URBAN,ROAD,7,8.0
121457,6,5,99,5,1,100.0,0,N,RURAL_VICTORIA,ROAD,7,6.0
121458,6,4,184,2,3,50.0,0,I,SMALL_TOWNS,ROAD,7,23.0
121459,1,5,99,5,1,100.0,0,N,RURAL_VICTORIA,ROAD,7,13.0
121460,1,4,133,5,1,50.0,0,N,MELB_URBAN,ROAD,7,13.0
121461,6,5,174,1,1,60.0,0,I,LARGE_PROVINCIAL_CITIES,STREET,7,11.0
121462,1,5,120,5,1,100.0,1,N,RURAL_VICTORIA,HIGHWAY,7,10.0
121463,4,4,99,5,1,60.0,0,N,MELB_URBAN,ROAD,7,15.0
121464,1,4,110,4,1,40.0,0,I,MELB_URBAN,ROAD,7,12.0
121465,1,5,132,2,1,80.0,0,N,LARGE_PROVINCIAL_CITIES,ROAD,7,16.0
121466,1,4,133,5,2,100.0,0,N,MELB_URBAN,ROAD,7,17.0
121467,1,2,130,5,2,60.0,0,N,MELB_URBAN,ROAD,7,6.0
121468,1,1,130,1,1,60.0,0,N,LARGE_PROVINCIAL_CITIES,ROAD,7,9.0
121469,1,5,121,1,1,60.0,0,I,MELB_URBAN,STREET,7,16.0
121470,1,5,130,5,3,80.0,0,N,MELB_URBAN,ROAD,7,17.0
121471,1,5,120,5,1,100.0,0,N,RURAL_VICTORIA,HIGHWAY,7,16.0
121472,4,4,99,2,3,50.0,0,I,MELB_URBAN,STREET,7,19.0
121473,1,5,116,1,3,60.0,0,I,RURAL_VICTORIA,ROAD,7,5.0
121474,4,4,173,5,3,80.0,0,N,MELB_URBAN,FREEWAY,7,21.0
121475,1,5,140,5,2,80.0,0,N,MELB_URBAN,ROAD,7,17.0
121476,6,5,184,5,5,100.0,0,N,RURAL_VICTORIA,ROAD,7,3.0
121477,4,6,171,5,5,60.0,0,N,RURAL_VICTORIA,ROAD,7,1.0
121478,4,4,130,5,1,50.0,0,N,MELB_URBAN,BOULEVARD,7,15.0
121479,1,5,130,5,1,40.0,0,N,MELB_URBAN,STREET,7,9.0
121480,1,0,121,1,3,80.0,0,I,MELB_URBAN,ROAD,7,18.0
121481,6,5,174,2,1,70.0,0,I,MELB_URBAN,ROAD,7,15.0
121482,1,6,130,1,1,60.0,0,N,MELB_URBAN,ROAD,7,9.0
121483,1,4,135,5,1,60.0,0,N,MELB_URBAN,ROAD,7,14.0
121484,1,3,99,5,1,60.0,0,N,LARGE_PROVINCIAL_CITIES,AVENUE,7,15.0
121485,1,5,132,2,3,60.0,0,N,LARGE_PROVINCIAL_CITIES,ROAD,7,5.0
121486,4,5,173,5,1,100.0,0,N,MELB_URBAN,FREEWAY,7,13.0
121487,1,6,111,2,1,100.0,0,N,RURAL_VICTORIA,ROAD,7,8.0
121488,1,2,110,4,1,60.0,0,I,MELB_URBAN,ROAD,7,11.0
121489,1,6,110,4,1,60.0,0,I,MELB_URBAN,STREET,7,12.0
121490,4,3,171,5,5,70.0,0,N,MELB_URBAN,ROAD,7,22.0
121491,1,6,130,1,1,60.0,0,I,MELB_URBAN,ROAD,7,12.0
121492,1,5,110,1,1,40.0,0,I,MELB_URBAN,ROAD,7,13.0
121493,1,6,130,5,1,100.0,0,N,MELB_URBAN,FREEWAY,7,12.0
121494,1,2,113,1,1,70.0,0,I,MELB_URBAN,ROAD,7,15.0
121495,1,1,135,5,1,100.0,0,N,MELB_URBAN,FREEWAY,6,14.0
121496,1,6,120,5,1,100.0,0,N,RURAL_VICTORIA,HIGHWAY,7,11.0
121497,1,6,111,2,2,60.0,0,I,MELB_URBAN,ROAD,5,5.0
121498,8,1,174,2,1,100.0,0,N,RURAL_VICTORIA,ROAD,7,14.0
121499,5,4,99,5,2,80.0,0,N,RURAL_VICTORIA,ROAD,7,6.0
121500,1,4,130,2,9,60.0,0,I,MELB_URBAN,STREET,7,17.0
121501,8,7,174,1,1,40.0,0,I,MELB_URBAN,STREET,5,8.0
121502,2,5,102,2,1,60.0,0,N,MELB_URBAN,STREET,7,14.0
121503,1,1,130,5,1,60.0,0,N,MELB_URBAN,ROAD,7,9.0
121504,1,5,110,1,1,60.0,0,I,MELB_URBAN,PARADE,7,17.0
121505,2,5,100,5,1,60.0,0,N,MELB_URBAN,UNKNOWN,7,7.0
121506,1,6,130,2,2,50.0,0,I,MELB_URBAN,ROAD,7,17.0
121507,1,6,147,5,1,60.0,0,N,MELB_URBAN,ROAD,7,16.0
121508,1,5,110,1,3,50.0,0,I,MELB_URBAN,STREET,7,18.0
121509,6,6,170,5,1,80.0,0,N,MELB_URBAN,HIGHWAY,7,15.0
121510,4,5,171,5,1,100.0,0,N,RURAL_VICTORIA,ROAD,7,16.0
121511,1,6,130,5,2,70.0,0,N,MELB_URBAN,ROAD,7,17.0
121512,2,6,99,5,1,40.0,0,N,SMALL_CITIES,STREET,7,15.0
121513,1,5,121,1,1,40.0,0,I,MELBOURNE_CBD,STREET,7,14.0
121514,2,5,99,5,3,40.0,0,N,MELBOURNE_CBD,STREET,7,19.0
121515,1,6,121,1,2,70.0,0,I,MELB_URBAN,ROAD,7,19.0
121516,4,6,173,5,5,100.0,0,N,RURAL_VICTORIA,ROAD,7,22.0
121517,1,5,121,5,3,60.0,0,N,SMALL_CITIES,STREET,7,20.0
121518,6,3,170,5,1,50.0,0,N,TOWNS,STREET,7,9.0
121519,1,7,99,5,5,100.0,0,N,RURAL_VICTORIA,HIGHWAY,8,3.0
121520,1,1,130,1,1,80.0,0,N,MELB_URBAN,HIGHWAY,7,14.0
121521,1,6,110,1,1,50.0,0,I,MELB_URBAN,STREET,8,11.0
121522,1,6,132,4,1,60.0,0,I,MELB_URBAN,UNKNOWN,8,11.0
121523,6,5,174,5,1,50.0,0,N,MELB_URBAN,ROAD,7,16.0
121524,1,7,121,2,1,60.0,0,I,MELB_URBAN,AVENUE,8,11.0
121525,1,5,130,5,5,80.0,0,N,RURAL_VICTORIA,HIGHWAY,7,6.0
121526,1,7,121,1,1,80.0,0,I,MELB_URBAN,ROAD,8,8.0
121527,1,4,130,5,1,50.0,0,N,MELB_URBAN,STREET,7,14.0
121528,6,7,174,5,1,100.0,0,N,RURAL_VICTORIA,ROAD,8,12.0
121529,1,7,130,5,1,80.0,0,N,SMALL_TOWNS,FREEWAY,8,9.0
121530,1,3,99,2,1,60.0,0,I,MELB_URBAN,ROAD,5,11.0
121531,1,5,130,4,1,60.0,0,I,MELB_URBAN,STREET,7,10.0
121532,1,6,120,2,1,60.0,0,I,MELB_URBAN,ROAD,8,15.0
121533,1,7,121,2,1,60.0,0,I,MELB_URBAN,ROAD,8,10.0
121534,1,6,120,5,1,80.0,0,N,RURAL_VICTORIA,ROAD,8,12.0
121535,8,6,99,5,5,100.0,0,N,RURAL_VICTORIA,ROAD,7,18.0
121536,4,7,183,5,1,100.0,1,N,RURAL_VICTORIA,ROAD,8,13.0
121537,4,1,181,5,6,60.0,0,N,MELB_URBAN,STREET,7,18.0
121538,1,7,130,4,2,60.0,0,N,MELB_URBAN,ROAD,8,16.0
121539,8,2,174,5,1,50.0,0,N,LARGE_PROVINCIAL_CITIES,DRIVE,7,8.0
121540,4,6,173,5,1,100.0,0,N,RURAL_VICTORIA,ROAD,8,15.0
121541,1,7,163,5,3,60.0,0,N,MELB_URBAN,ROAD,8,19.0
121542,2,7,99,2,1,50.0,0,I,MELB_URBAN,DRIVE,8,16.0
121543,2,7,100,4,2,40.0,0,I,MELB_URBAN,STREET,8,17.0
121544,2,6,102,5,3,50.0,0,N,TOWNS,STREET,8,19.0
121545,6,7,170,5,3,60.0,0,N,MELB_URBAN,ROAD,8,18.0
121546,1,7,121,1,1,60.0,0,I,SMALL_CITIES,STREET,8,18.0
121547,2,6,102,5,3,60.0,0,N,MELB_URBAN,ROAD,8,18.0
121548,4,7,181,5,1,60.0,1,N,MELB_URBAN,UNKNOWN,8,13.0
121549,1,7,147,2,2,60.0,0,I,MELB_URBAN,BOULEVARD,8,17.0
121550,1,7,113,2,3,60.0,0,I,MELB_URBAN,ROAD,8,21.0
121551,6,0,174,2,3,60.0,0,I,TOWNS,ROAD,8,0.0
121552,1,1,99,5,3,50.0,0,N,MELB_URBAN,STREET,8,3.0
121553,1,1,110,1,3,50.0,0,I,MELB_URBAN,STREET,8,5.0
121554,1,7,113,1,1,70.0,0,I,RURAL_VICTORIA,ROAD,8,11.0
121555,1,1,130,1,1,60.0,0,I,MELB_URBAN,ROAD,8,8.0
121556,1,0,110,1,1,60.0,0,I,MELB_URBAN,ROAD,8,9.0
121557,6,5,184,5,1,80.0,0,N,RURAL_VICTORIA,ROAD,5,14.0
121558,1,1,99,2,1,50.0,0,N,MELB_URBAN,STREET,8,10.0
121559,1,3,130,1,1,60.0,0,I,MELB_URBAN,ROAD,7,12.0
121560,1,1,113,2,1,60.0,0,I,MELB_URBAN,ROAD,8,13.0
121561,1,1,113,2,1,80.0,0,I,MELB_URBAN,HIGHWAY,8,12.0
121562,1,1,140,1,1,60.0,0,N,MELB_URBAN,HIGHWAY,8,13.0
121563,4,0,171,5,3,50.0,0,N,MELB_URBAN,ROAD,8,0.0
121564,9,1,99,5,1,50.0,0,N,MELB_URBAN,AVENUE,8,9.0
121565,1,1,99,4,1,60.0,0,N,MELB_URBAN,ROAD,8,15.0
121566,1,1,99,5,1,60.0,0,N,RURAL_VICTORIA,ROAD,8,14.0
121567,2,1,100,5,2,40.0,0,N,MELB_URBAN,STREET,8,16.0
121568,6,6,99,5,2,60.0,0,N,RURAL_VICTORIA,ROAD,7,17.0
121569,6,1,184,5,1,80.0,0,N,RURAL_VICTORIA,ROAD,8,15.0
121570,2,1,102,5,3,60.0,1,N,LARGE_PROVINCIAL_CITIES,STREET,8,18.0
121571,4,1,173,5,3,70.0,0,N,MELB_URBAN,STREET,8,18.0
121572,4,0,171,1,3,60.0,0,I,MELB_URBAN,ROAD,8,20.0
121573,1,2,113,2,3,60.0,0,I,MELB_URBAN,ROAD,7,19.0
121574,1,1,121,1,1,70.0,0,I,LARGE_PROVINCIAL_CITIES,HIGHWAY,8,13.0
121575,1,2,120,5,5,80.0,0,N,SMALL_TOWNS,ROAD,8,6.0
121576,1,3,130,2,9,60.0,0,I,MELB_URBAN,ROAD,10,14.0
121577,1,2,110,1,1,40.0,0,I,MELB_URBAN,STREET,8,9.0
121578,1,5,116,2,1,50.0,0,I,MELB_URBAN,AVENUE,7,16.0
121579,6,2,99,5,1,100.0,0,N,RURAL_VICTORIA,ROAD,8,8.0
121580,1,7,133,5,3,60.0,0,N,MELB_URBAN,STREET,7,20.0
121581,6,0,99,5,1,100.0,0,N,RURAL_VICTORIA,ROAD,7,16.0
121582,1,1,130,2,1,50.0,0,I,MELB_URBAN,ROAD,8,11.0
121583,2,2,99,1,1,50.0,0,N,MELB_URBAN,ROAD,8,10.0
121584,1,6,99,5,1,40.0,0,N,LARGE_PROVINCIAL_CITIES,STREET,7,15.0
121585,1,7,132,2,9,60.0,0,I,MELB_URBAN,ROAD,8,12.0
121586,9,1,99,5,1,60.0,0,N,MELB_URBAN,ROAD,8,13.0
121587,1,2,121,2,1,50.0,0,I,LARGE_PROVINCIAL_CITIES,DRIVE,8,13.0
121588,8,7,174,1,1,100.0,0,I,RURAL_VICTORIA,ROAD,8,10.0
121589,1,2,130,5,1,100.0,1,N,RURAL_VICTORIA,ROAD,8,10.0
121590,1,3,130,1,9,50.0,0,I,MELB_URBAN,BOULEVARD,11,17.0
121591,1,5,163,5,1,40.0,0,N,MELB_URBAN,HIGHWAY,7,8.0
121592,9,0,99,5,1,60.0,0,N,RURAL_VICTORIA,ROAD,8,11.0
121593,1,2,99,2,1,80.0,0,I,RURAL_VICTORIA,DRIVE,8,8.0
121594,1,1,99,5,1,50.0,0,N,TOWNS,AVENUE,7,9.0
121595,4,1,171,5,1,80.0,0,N,SMALL_CITIES,ROAD,8,14.0
121596,1,1,140,2,1,50.0,0,I,MELB_URBAN,STREET,8,15.0
121597,1,2,133,5,1,80.0,0,N,MELB_URBAN,ROAD,8,14.0
121598,1,3,130,5,1,40.0,0,N,MELB_URBAN,ROAD,3,7.0
121599,1,1,121,2,1,80.0,0,I,MELB_URBAN,HIGHWAY,8,14.0
121600,6,2,174,1,3,60.0,0,N,LARGE_PROVINCIAL_CITIES,ROAD,8,17.0