,accident_type,day_of_week,dca_code,road_geometry,light_condition,speed_zone,severity,node_type,deg_urban_name,road_type,month,hour
121601,2,1,100,5,1,60.0,0,N,MELB_URBAN,ROAD,8,15.0
121602,8,3,99,5,1,80.0,0,N,RURAL_VICTORIA,ROAD,7,9.0
121603,1,2,113,2,1,80.0,0,I,MELB_URBAN,ROAD,8,15.0
121604,2,2,99,5,3,60.0,0,N,MELB_URBAN,STREET,8,18.0
121605,1,2,116,2,6,60.0,0,I,MELB_URBAN,ROAD,7,21.0
121606,1,2,133,5,1,50.0,0,N,LARGE_PROVINCIAL_CITIES,UNKNOWN,8,13.0
121607,1,2,130,4,1,60.0,0,N,SMALL_CITIES,HIGHWAY,8,15.0
121608,2,2,99,2,3,60.0,0,I,MELB_URBAN,ROAD,8,4.0
121609,4,3,171,5,1,110.0,0,N,RURAL_VICTORIA,FREEWAY,8,7.0
121610,4,3,99,1,3,70.0,0,N,MELB_URBAN,ROAD,7,6.0
121611,8,7,174,5,1,60.0,0,N,MELB_URBAN,ROAD,8,12.0
121612,1,6,160,2,3,60.0,0,I,MELB_URBAN,ROAD,7,22.0
121613,6,3,99,5,1,100.0,0,N,RURAL_VICTORIA,ROAD,8,10.0
121614,1,2,130,5,1,110.0,0,N,RURAL_VICTORIA,FREEWAY,8,7.0
121615,1,4,110,1,3,80.0,0,I,MELB_URBAN,ROAD,7,6.0
121616,5,0,99,5,1,60.0,0,N,RURAL_VICTORIA,ROAD,6,10.0
121617,1,3,147,5,1,80.0,0,I,MELB_URBAN,ROAD,8,11.0
121618,1,2,120,5,1,80.0,0,N,RURAL_VICTORIA,ROAD,8,11.0
121619,1,0,121,2,1,60.0,0,I,MELB_URBAN,ROAD,6,15.0
121620,1,3,130,5,1,80.0,0,N,MELB_URBAN,OTHER,8,10.0
121621,1,3,160,5,1,60.0,0,N,MELB_URBAN,ROAD,8,12.0
121622,4,3,181,5,1,60.0,0,N,LARGE_PROVINCIAL_CITIES,RAMP,8,12.0
121623,1,2,110,1,1,80.0,0,I,MELB_URBAN,ROAD,8,13.0
121624,1,5,163,1,2,40.0,0,I,MELB_URBAN,STREET,7,18.0
121625,1,3,110,1,1,60.0,0,I,TOWNS,STREET,8,14.0
121626,4,2,171,5,1,50.0,0,N,LARGE_PROVINCIAL_CITIES,STREET,8,13.0
121627,1,1,130,2,1,80.0,0,I,MELB_URBAN,ROAD,8,15.0
121628,4,3,173,5,1,100.0,0,N,MELB_URBAN,FREEWAY,8,11.0
121629,1,1,134,5,1,100.0,0,N,MELB_URBAN,ROAD,3,14.0
121630,1,2,113,2,1,60.0,0,I,MELB_URBAN,ROAD,8,16.0
121631,2,3,100,2,3,60.0,0,I,MELB_URBAN,STREET,8,18.0
121632,1,6,99,5,1,60.0,0,N,MELB_URBAN,STREET,7,13.0
121633,1,2,121,2,3,70.0,0,I,LARGE_PROVINCIAL_CITIES,ROAD,8,17.0
121634,1,3,121,2,3,60.0,0,I,MELB_URBAN,ROAD,8,20.0
121635,1,4,160,5,3,60.0,0,N,MELB_URBAN,ROAD,8,1.0
121636,3,0,167,5,5,100.0,0,N,RURAL_VICTORIA,ROAD,7,18.0
121637,1,1,130,1,3,60.0,0,N,LARGE_PROVINCIAL_CITIES,STREET,9,19.0
121638,1,7,130,2,1,80.0,0,I,MELB_URBAN,ROAD,7,11.0
121639,1,2,130,1,9,80.0,0,I,MELB_URBAN,ROAD,8,17.0
121640,8,1,174,5,1,100.0,0,N,RURAL_VICTORIA,ROAD,8,16.0
121641,1,6,99,1,3,80.0,0,I,MELB_URBAN,RAMP,7,6.0
121642,1,5,130,1,1,60.0,0,I,MELB_URBAN,ROAD,7,14.0
121643,1,4,99,5,2,50.0,0,N,MELB_URBAN,AVENUE,8,7.0
121644,1,4,147,5,1,60.0,0,N,LARGE_PROVINCIAL_CITIES,OTHER,8,9.0
121645,1,1,130,5,1,50.0,0,N,SMALL_CITIES,STREET,7,14.0
121646,2,4,102,2,1,60.0,0,I,MELB_URBAN,ROAD,7,8.0
121647,1,3,130,1,9,70.0,0,N,LARGE_PROVINCIAL_CITIES,OTHER,8,12.0
121648,1,4,130,1,1,60.0,0,I,LARGE_PROVINCIAL_CITIES,STREET,8,11.0
121649,1,2,99,1,1,60.0,0,N,MELB_URBAN,ROAD,8,15.0
121650,1,4,113,2,1,50.0,0,I,SMALL_CITIES,ROAD,8,12.0
121651,8,3,99,1,1,60.0,0,I,MELB_URBAN,ROAD,8,12.0
121652,1,3,110,1,1,60.0,0,I,TOWNS,ROAD,8,12.0
121653,1,3,130,5,1,60.0,0,N,MELB_URBAN,STREET,8,14.0
121654,8,6,174,5,1,60.0,0,N,RURAL_VICTORIA,ROAD,8,16.0
121655,4,3,183,5,1,60.0,0,N,MELB_URBAN,ROAD,8,13.0
121656,1,4,116,2,1,100.0,0,I,RURAL_VICTORIA,HIGHWAY,8,14.0
121657,1,1,160,2,1,60.0,0,I,MELB_URBAN,STREET,8,16.0
121658,1,3,160,5,1,80.0,0,I,MELB_URBAN,ROAD,8,14.0
121659,2,3,100,4,1,60.0,0,I,MELB_URBAN,ROAD,5,13.0
121660,4,4,173,5,1,100.0,0,N,RURAL_VICTORIA,ROAD,8,15.0
121661,1,4,130,5,2,60.0,0,N,MELB_URBAN,ROAD,8,17.0
121662,1,7,140,2,1,40.0,0,I,MELB_URBAN,STREET,8,14.0
121663,8,4,174,5,3,60.0,0,N,MELB_URBAN,ROAD,8,19.0
121664,6,6,174,2,1,60.0,0,I,MELB_URBAN,STREET,7,16.0
121665,1,3,130,5,1,60.0,0,N,MELB_URBAN,ROAD,8,14.0
121666,1,3,130,2,9,50.0,0,I,LARGE_PROVINCIAL_CITIES,STREET,4,17.0
121667,3,3,167,5,1,100.0,0,N,RURAL_VICTORIA,ROAD,8,10.0
121668,1,4,99,2,1,60.0,0,I,SMALL_CITIES,HIGHWAY,8,10.0
121669,1,5,130,5,1,80.0,0,N,MELB_URBAN,FREEWAY,8,10.0
121670,4,7,99,5,1,100.0,0,N,RURAL_VICTORIA,OTHER,8,14.0
121671,1,5,99,5,1,50.0,0,I,MELB_URBAN,ROAD,8,11.0
121672,1,5,110,1,1,50.0,0,I,LARGE_PROVINCIAL_CITIES,STREET,8,11.0
121673,1,4,130,2,1,60.0,0,N,SMALL_CITIES,ROAD,7,19.0
121674,1,4,120,5,1,60.0,0,N,MELB_URBAN,ROAD,8,14.0
121675,1,5,116,2,1,80.0,0,I,MELB_URBAN,ROAD,8,15.0
121676,2,5,99,5,1,50.0,0,N,SMALL_TOWNS,AVENUE,8,15.0
121677,2,4,102,5,3,60.0,0,N,MELB_URBAN,HIGHWAY,8,19.0
121678,4,5,173,5,6,60.0,0,N,MELB_URBAN,OTHER,8,22.0
121679,1,4,134,5,3,80.0,0,N,MELB_URBAN,ROAD,8,5.0
121680,8,6,99,5,3,50.0,0,I,MELB_URBAN,BOULEVARD,8,6.0
121681,1,6,110,1,1,60.0,0,I,TOWNS,STREET,8,7.0
121682,1,5,110,1,1,80.0,0,I,RURAL_VICTORIA,HIGHWAY,8,8.0
121683,1,4,113,2,2,60.0,0,I,MELB_URBAN,ROAD,8,17.0
121684,1,6,110,1,1,50.0,0,I,MELB_URBAN,ROAD,8,10.0
121685,1,0,121,2,1,60.0,0,I,MELB_URBAN,ROAD,8,10.0
121686,1,5,130,1,3,80.0,0,N,LARGE_PROVINCIAL_CITIES,HIGHWAY,7,21.0
121687,1,3,99,2,1,50.0,0,I,TOWNS,STREET,8,11.0
121688,8,6,174,1,1,70.0,0,I,MELB_URBAN,ROAD,8,9.0
121689,1,6,113,2,1,80.0,0,I,SMALL_TOWNS,ROAD,8,12.0
121690,4,6,181,5,1,100.0,0,N,RURAL_VICTORIA,HIGHWAY,8,13.0
121691,1,6,130,1,1,60.0,0,N,MELB_URBAN,ROAD,8,14.0
121692,1,6,99,2,1,100.0,0,I,RURAL_VICTORIA,ROAD,8,10.0
121693,1,1,121,1,1,80.0,0,I,MELB_URBAN,ROAD,7,12.0
121694,1,1,147,5,1,60.0,0,N,MELB_URBAN,STREET,1,9.0
121695,4,6,173,5,3,60.0,0,N,SMALL_CITIES,STREET,8,18.0
121696,1,6,99,5,5,70.0,0,N,MELB_URBAN,ROAD,8,18.0
121697,1,6,110,1,3,60.0,0,I,LARGE_PROVINCIAL_CITIES,STREET,8,21.0
121698,2,5,100,5,3,60.0,0,N,LARGE_PROVINCIAL_CITIES,STREET,8,19.0
121699,2,6,100,2,3,60.0,0,N,TOWNS,ROAD,8,23.0
121700,1,1,130,1,1,60.0,0,I,MELB_URBAN,ROAD,7,16.0
121701,6,6,170,5,5,110.0,0,N,RURAL_VICTORIA,FREEWAY,8,23.0
121702,1,2,133,5,3,80.0,0,N,RURAL_VICTORIA,ROAD,7,19.0
121703,1,5,163,2,1,40.0,0,I,MELB_URBAN,STREET,8,14.0
121704,4,7,183,5,1,60.0,0,N,RURAL_VICTORIA,RAMP,8,11.0
121705,1,7,132,1,1,80.0,0,I,RURAL_VICTORIA,RAMP,8,10.0
121706,4,6,183,5,1,60.0,0,N,MELB_URBAN,ROAD,8,11.0
121707,8,6,99,5,5,80.0,0,N,LARGE_PROVINCIAL_CITIES,ROAD,8,20.0
121708,1,7,132,5,1,60.0,0,N,TOWNS,ROAD,8,7.0
121709,1,7,116,1,1,60.0,0,I,LARGE_PROVINCIAL_CITIES,STREET,8,14.0
121710,1,5,116,2,9,60.0,0,I,MELB_URBAN,BOULEVARD,8,19.0
121711,1,7,99,2,1,50.0,0,I,TOWNS,STREET,8,16.0
121712,2,7,99,5,1,60.0,1,N,TOWNS,STREET,8,13.0
121713,1,4,99,5,1,60.0,0,N,MELB_URBAN,ROAD,8,14.0
121714,4,7,171,5,5,80.0,0,N,RURAL_VICTORIA,ROAD,8,19.0
121715,1,6,113,2,3,80.0,0,I,MELB_URBAN,ROAD,8,20.0
121716,4,7,181,5,1,100.0,0,N,RURAL_VICTORIA,ROAD,8,15.0
121717,1,0,160,5,1,50.0,0,N,MELB_URBAN,STREET,8,11.0
121718,1,1,121,2,1,70.0,0,I,MELB_URBAN,ROAD,8,17.0
121719,1,0,121,5,1,60.0,0,N,RURAL_VICTORIA,ROAD,8,12.0
121720,4,1,99,2,1,100.0,0,I,RURAL_VICTORIA,ROAD,8,14.0
121721,2,1,102,5,1,60.0,0,N,MELB_URBAN,STREET,8,14.0
121722,1,1,121,1,3,60.0,0,I,LARGE_PROVINCIAL_CITIES,STREET,8,18.0
121723,6,0,174,5,1,50.0,0,N,MELB_URBAN,AVENUE,8,17.0
121724,1,1,160,5,1,40.0,0,N,MELB_URBAN,ROAD,8,16.0
121725,1,6,99,2,1,50.0,0,I,MELB_URBAN,BOULEVARD,8,17.0
121726,1,4,160,5,1,60.0,0,N,MELB_URBAN,ROAD,7,15.0
121727,1,2,163,5,1,60.0,0,N,MELB_URBAN,STREET,8,7.0
121728,1,2,110,1,1,60.0,0,I,MELB_URBAN,ROAD,8,7.0
121729,1,2,121,1,1,60.0,0,I,MELB_URBAN,ROAD,8,6.0
121730,1,2,110,1,1,60.0,0,I,SMALL_CITIES,AVENUE,8,8.0
121731,2,2,100,1,1,60.0,0,I,MELB_URBAN,ROAD,8,8.0
121732,4,4,99,5,3,50.0,0,N,MELB_URBAN,OTHER,6,17.0
121733,1,2,121,2,2,50.0,0,I,TOWNS,AVENUE,8,7.0
121734,1,2,160,5,1,50.0,0,N,MELB_URBAN,OTHER,8,8.0
121735,1,2,120,5,1,70.0,0,N,MELB_URBAN,ROAD,8,7.0
121736,1,2,130,5,1,60.0,0,N,LARGE_PROVINCIAL_CITIES,ROAD,8,8.0
121737,1,2,116,2,1,60.0,0,I,TOWNS,DRIVE,8,11.0
121738,1,1,130,1,9,50.0,0,I,MELB_URBAN,ROAD,8,6.0
121739,1,5,130,1,1,60.0,0,I,MELB_URBAN,ROAD,7,13.0
121740,1,1,130,1,1,60.0,0,I,LARGE_PROVINCIAL_CITIES,STREET,8,10.0
121741,1,2,120,5,1,60.0,0,N,MELB_URBAN,STREET,8,12.0
121742,5,1,99,5,1,100.0,0,N,RURAL_VICTORIA,ROAD,8,11.0
121743,1,1,130,2,1,60.0,0,N,MELB_URBAN,ROAD,7,7.0
121744,1,4,130,1,2,60.0,0,N,LARGE_PROVINCIAL_CITIES,STREET,7,6.0
121745,4,2,173,5,1,100.0,0,N,RURAL_VICTORIA,FREEWAY,8,12.0
121746,1,6,147,5,1,40.0,0,N,MELB_URBAN,ROAD,7,12.0
121747,1,1,121,1,1,60.0,0,N,MELB_URBAN,HIGHWAY,8,14.0
121748,1,1,135,5,1,60.0,0,N,MELB_URBAN,ROAD,8,15.0
121749,1,1,110,1,1,60.0,0,I,MELB_URBAN,ROAD,8,15.0
121750,1,1,130,5,1,60.0,0,N,MELB_URBAN,ROAD,8,16.0
121751,1,1,130,5,5,60.0,0,N,MELB_URBAN,ROAD,7,5.0
121752,7,1,99,2,1,70.0,0,N,MELB_URBAN,ROAD,8,16.0
121753,1,2,99,2,1,60.0,0,I,MELB_URBAN,AVENUE,8,16.0
121754,1,1,121,4,1,50.0,0,I,SMALL_CITIES,STREET,8,9.0
121755,1,2,99,2,1,60.0,0,N,MELB_URBAN,STREET,8,15.0
121756,1,1,121,5,1,60.0,0,N,MELB_URBAN,STREET,8,12.0
121757,1,2,111,1,3,60.0,0,I,MELB_URBAN,ROAD,8,18.0
121758,2,2,100,1,1,60.0,0,I,MELB_URBAN,ROAD,8,16.0
121759,1,7,163,5,1,50.0,0,N,MELB_URBAN,STREET,8,11.0
121760,2,2,99,5,1,50.0,0,N,MELB_URBAN,BOULEVARD,8,16.0
121761,1,3,130,1,2,70.0,0,I,MELB_URBAN,HIGHWAY,6,17.0
121762,4,2,171,5,5,100.0,0,N,RURAL_VICTORIA,HIGHWAY,8,20.0
121763,6,2,170,5,3,50.0,0,N,MELB_URBAN,ROAD,8,22.0
121764,1,2,99,5,1,50.0,0,N,MELB_URBAN,OTHER,8,8.0
121765,6,2,184,5,5,100.0,0,N,MELB_URBAN,ROAD,8,0.0
121766,1,3,133,5,2,60.0,0,N,MELB_URBAN,OTHER,8,6.0
121767,8,2,174,2,1,50.0,0,I,MELB_URBAN,STREET,8,13.0
121768,8,3,99,2,1,60.0,0,I,SMALL_CITIES,STREET,8,7.0
121769,1,3,121,2,1,80.0,0,I,RURAL_VICTORIA,ROAD,8,10.0
121770,2,3,102,1,9,50.0,0,I,MELB_URBAN,PARADE,8,13.0
121771,1,5,130,5,9,60.0,0,N,MELB_URBAN,HIGHWAY,7,20.0
121772,1,2,160,5,1,50.0,0,N,MELB_URBAN,PARADE,8,12.0
121773,1,2,130,2,1,60.0,0,N,MELB_URBAN,FREEWAY,7,6.0
121774,1,3,132,1,1,60.0,0,I,MELB_URBAN,STREET,8,9.0
121775,1,3,110,1,1,60.0,0,I,LARGE_PROVINCIAL_CITIES,ROAD,8,14.0
121776,1,3,130,5,1,100.0,0,N,RURAL_VICTORIA,ROAD,8,14.0
121777,1,3,133,2,1,40.0,0,I,MELB_URBAN,STREET,8,15.0
121778,1,3,130,5,1,80.0,0,N,MELB_URBAN,ROAD,8,15.0
121779,8,3,174,5,1,100.0,0,N,RURAL_VICTORIA,OTHER,8,11.0
121780,1,3,99,2,1,70.0,0,I,MELB_URBAN,ROAD,8,13.0
121781,4,3,171,1,3,60.0,0,I,MELB_URBAN,STREET,8,18.0
121782,4,3,171,5,5,110.0,0,N,RURAL_VICTORIA,FREEWAY,12,21.0
121783,4,2,173,5,1,80.0,0,N,MELB_URBAN,RAMP,8,16.0
121784,8,3,174,5,3,60.0,0,N,MELB_URBAN,ROAD,8,20.0
121785,4,3,171,5,3,70.0,0,N,MELB_URBAN,ROAD,8,21.0
121786,4,3,183,5,5,60.0,0,N,RURAL_VICTORIA,ROAD,8,23.0
121787,1,3,160,5,2,60.0,0,N,MELB_URBAN,DRIVE,8,5.0
121788,4,4,173,5,5,100.0,0,N,RURAL_VICTORIA,ROAD,8,5.0
121789,1,3,132,2,3,80.0,0,N,MELB_URBAN,HIGHWAY,8,6.0
121790,9,0,99,5,1,60.0,0,N,RURAL_VICTORIA,ROAD,8,15.0
121791,1,2,110,1,2,60.0,0,N,MELB_URBAN,ROAD,8,5.0
121792,2,4,102,1,1,60.0,0,I,MELB_URBAN,ROAD,8,9.0
121793,1,1,133,5,3,100.0,0,N,MELB_URBAN,FREEWAY,8,19.0
121794,1,1,163,5,1,60.0,0,N,MELB_URBAN,STREET,8,16.0
121795,2,0,100,2,5,40.0,0,I,MELB_URBAN,ROAD,8,17.0
121796,1,4,147,5,1,60.0,0,N,TOWNS,STREET,8,12.0
121797,4,4,173,5,1,80.0,0,N,MELB_URBAN,HIGHWAY,8,13.0
121798,4,4,99,2,1,60.0,0,I,MELB_URBAN,STREET,8,10.0
121799,1,4,130,5,1,60.0,0,N,MELB_URBAN,ROAD,8,15.0
121800,1,6,135,5,2,40.0,0,N,MELB_URBAN,HIGHWAY,3,16.0
121801,4,3,171,5,1,80.0,0,N,RURAL_VICTORIA,ROAD,8,12.0
121802,1,4,160,5,1,50.0,0,N,LARGE_PROVINCIAL_CITIES,AVENUE,8,14.0
121803,1,6,99,2,6,40.0,0,I,MELB_URBAN,OTHER,8,20.0
121804,1,4,110,1,1,50.0,0,I,TOWNS,STREET,8,16.0
121805,4,3,171,5,5,50.0,0,N,RURAL_VICTORIA,STREET,8,21.0
121806,1,4,132,5,1,80.0,0,N,MELB_URBAN,ROAD,8,14.0
121807,1,4,121,1,1,80.0,0,I,MELB_URBAN,DRIVE,8,14.0
121808,1,0,130,5,1,60.0,0,N,SMALL_CITIES,STREET,8,11.0
121809,1,3,147,5,1,50.0,0,N,MELB_URBAN,STREET,8,17.0
121810,1,4,110,1,4,60.0,0,I,MELB_URBAN,ROAD,8,22.0
121811,4,4,99,2,1,50.0,0,I,SMALL_CITIES,AVENUE,8,14.0
121812,4,5,171,5,3,60.0,1,N,SMALL_CITIES,HIGHWAY,8,5.0
121813,1,4,99,1,2,40.0,0,I,MELB_URBAN,ROAD,8,6.0
121814,8,5,174,5,1,40.0,0,N,MELB_URBAN,ROAD,8,9.0
121815,1,3,130,5,1,60.0,0,N,LARGE_PROVINCIAL_CITIES,ROAD,8,17.0
121816,1,3,130,1,1,80.0,0,I,RURAL_VICTORIA,STREET,8,15.0
121817,2,5,99,5,5,80.0,0,N,RURAL_VICTORIA,ROAD,8,6.0
121818,4,5,99,2,1,60.0,0,I,LARGE_PROVINCIAL_CITIES,ROAD,8,9.0
121819,1,5,135,5,1,80.0,0,N,MELB_URBAN,ROAD,8,8.0
121820,1,6,121,1,2,60.0,0,I,RURAL_VICTORIA,HIGHWAY,6,6.0
121821,1,7,130,5,1,60.0,0,N,MELB_URBAN,AVENUE,8,15.0
121822,1,4,120,2,1,60.0,0,I,LARGE_PROVINCIAL_CITIES,ROAD,8,12.0
121823,1,4,113,1,1,50.0,0,I,MELB_URBAN,STREET,8,13.0
121824,1,4,130,5,1,60.0,0,N,MELB_URBAN,ROAD,2,14.0
121825,8,7,174,5,1,60.0,0,N,MELB_URBAN,ROAD,8,11.0
121826,1,4,130,5,1,80.0,0,N,MELB_URBAN,FREEWAY,8,16.0
121827,2,5,99,2,3,60.0,0,I,MELB_URBAN,STREET,8,17.0
121828,1,5,111,2,2,100.0,0,I,RURAL_VICTORIA,OTHER,8,17.0
121829,1,4,99,1,1,100.0,0,N,RURAL_VICTORIA,ROAD,8,14.0
121830,1,4,113,1,1,60.0,0,I,MELB_URBAN,ROAD,8,14.0
121831,1,5,160,5,3,50.0,0,N,MELB_URBAN,STREET,8,21.0
121832,1,4,113,2,3,80.0,0,I,MELB_URBAN,HIGHWAY,5,22.0
121833,1,6,130,5,1,100.0,0,N,MELB_URBAN,FREEWAY,6,16.0
121834,1,3,130,1,3,60.0,0,I,MELB_URBAN,ROAD,7,19.0
121835,1,6,130,5,1,80.0,0,N,MELB_URBAN,ROAD,8,10.0
121836,1,3,130,5,1,60.0,0,N,MELB_URBAN,HIGHWAY,6,11.0
121837,1,2,130,2,1,60.0,0,N,MELB_URBAN,ROAD,8,11.0
121838,1,4,120,5,3,60.0,0,N,LARGE_PROVINCIAL_CITIES,STREET,8,20.0
121839,8,5,174,2,1,50.0,0,I,MELB_URBAN,STREET,8,16.0
121840,4,5,173,5,1,60.0,0,N,LARGE_PROVINCIAL_CITIES,STREET,8,12.0
121841,1,6,99,4,1,50.0,0,I,LARGE_PROVINCIAL_CITIES,STREET,8,16.0
121842,4,5,171,5,1,60.0,0,N,MELB_URBAN,ROAD,8,13.0
121843,4,6,171,5,1,60.0,1,N,MELB_URBAN,ROAD,8,14.0
121844,4,5,171,5,1,110.0,0,N,SMALL_TOWNS,FREEWAY,8,17.0
121845,4,3,181,5,1,100.0,0,N,RURAL_VICTORIA,ROAD,8,12.0
121846,1,6,113,1,1,80.0,0,I,MELB_URBAN,ROAD,8,14.0
121847,1,5,110,1,3,80.0,0,I,MELB_URBAN,ROAD,8,19.0
121848,1,6,99,5,3,50.0,0,N,MELB_URBAN,STREET,8,17.0
121849,1,5,116,2,1,60.0,0,I,MELB_URBAN,STREET,8,15.0
121850,1,4,121,1,2,40.0,0,I,RURAL_VICTORIA,ROAD,8,6.0
121851,4,5,173,5,5,110.0,0,N,RURAL_VICTORIA,FREEWAY,8,22.0
121852,1,7,147,5,1,80.0,0,N,MELB_URBAN,ROAD,8,8.0
121853,4,5,171,5,1,100.0,0,N,RURAL_VICTORIA,ROAD,8,16.0
121854,1,6,110,1,3,60.0,0,I,MELB_URBAN,STREET,8,18.0
121855,8,6,174,2,1,80.0,0,I,MELB_URBAN,HIGHWAY,8,13.0
121856,1,7,132,5,1,80.0,0,N,RURAL_VICTORIA,ROAD,8,13.0
121857,1,4,130,5,2,100.0,0,N,MELB_URBAN,ROAD,8,16.0
121858,1,7,147,5,1,50.0,0,N,SMALL_CITIES,PARADE,8,10.0
121859,2,7,99,5,1,50.0,1,N,MELB_URBAN,OTHER,8,12.0
121860,1,7,99,5,1,80.0,0,N,RURAL_VICTORIA,ROAD,8,15.0
121861,1,7,140,1,1,40.0,0,N,MELB_URBAN,STREET,8,15.0
121862,1,6,121,1,1,60.0,0,I,MELB_URBAN,ROAD,8,16.0
121863,1,7,160,5,6,50.0,0,N,MELB_URBAN,STREET,8,21.0
121864,4,1,173,5,3,50.0,0,N,MELB_URBAN,STREET,8,1.0
121865,1,5,135,5,1,80.0,0,N,MELB_URBAN,FREEWAY,8,9.0
121866,4,7,171,5,9,110.0,1,N,LARGE_PROVINCIAL_CITIES,FREEWAY,8,15.0
121867,1,1,130,5,3,60.0,0,N,MELB_URBAN,ROAD,8,0.0
121868,4,7,171,1,3,70.0,0,I,MELB_URBAN,HIGHWAY,8,20.0
121869,1,0,110,1,1,60.0,0,I,MELB_URBAN,ROAD,8,11.0
121870,1,0,110,1,1,60.0,0,I,MELB_URBAN,ROAD,8,12.0
121871,1,1,110,1,1,60.0,0,I,LARGE_PROVINCIAL_CITIES,STREET,8,12.0
121872,1,7,130,2,1,50.0,0,I,MELB_URBAN,ROAD,8,17.0
121873,4,1,173,5,1,100.0,1,N,RURAL_VICTORIA,HIGHWAY,8,11.0
121874,4,2,171,5,3,60.0,0,N,MELB_URBAN,ROAD,8,1.0
121875,1,5,132,2,1,60.0,0,I,TOWNS,ROAD,8,14.0
121876,1,5,130,1,3,80.0,0,I,MELB_URBAN,ROAD,7,18.0
121877,6,5,174,5,1,60.0,0,N,MELB_URBAN,ROAD,4,16.0
121878,1,2,121,2,1,80.0,0,I,RURAL_VICTORIA,ROAD,8,7.0
121879,4,2,171,1,3,50.0,0,I,LARGE_PROVINCIAL_CITIES,ROAD,7,4.0
121880,1,6,113,2,2,60.0,0,I,MELB_URBAN,ROAD,8,18.0
121881,1,5,130,1,2,60.0,0,I,MELB_URBAN,ROAD,8,19.0
121882,1,2,130,5,1,80.0,0,N,SMALL_TOWNS,FREEWAY,8,8.0
121883,1,5,130,1,3,60.0,0,I,LARGE_PROVINCIAL_CITIES,ROAD,8,17.0
121884,2,2,99,5,1,60.0,0,N,MELB_URBAN,ROAD,8,9.0
121885,1,2,160,5,1,50.0,0,N,MELB_URBAN,STREET,8,14.0
121886,2,2,102,5,1,50.0,0,N,MELB_URBAN,ROAD,8,13.0
121887,1,2,99,2,1,40.0,0,I,MELB_URBAN,STREET,8,14.0
121888,4,1,99,5,1,60.0,0,N,RURAL_VICTORIA,ROAD,8,16.0
121889,4,2,173,2,1,50.0,0,I,MELB_URBAN,DRIVE,8,15.0
121890,4,1,173,5,5,80.0,0,N,RURAL_VICTORIA,ROAD,8,18.0
121891,8,2,170,3,1,50.0,0,N,TOWNS,STREET,8,14.0
121892,1,2,121,5,1,60.0,0,N,MELB_URBAN,ROAD,8,14.0
121893,1,1,130,5,1,60.0,0,N,MELB_URBAN,ROAD,8,16.0
121894,4,2,171,2,1,50.0,0,N,MELB_URBAN,OTHER,8,17.0
121895,1,2,110,1,3,60.0,0,N,LARGE_PROVINCIAL_CITIES,ROAD,8,19.0
121896,4,2,171,5,5,80.0,0,N,RURAL_VICTORIA,ROAD,8,20.0
121897,1,4,163,5,9,60.0,0,N,MELB_URBAN,AVENUE,8,16.0
121898,4,2,171,4,3,50.0,0,I,MELB_URBAN,OTHER,8,20.0
121899,4,4,171,5,3,50.0,0,N,MELB_URBAN,STREET,7,2.0
121900,1,3,113,2,4,70.0,0,I,MELB_URBAN,HIGHWAY,8,6.0
121901,1,0,160,5,1,50.0,0,N,MELB_URBAN,STREET,8,16.0
121902,4,3,181,5,1,60.0,0,N,RURAL_VICTORIA,UNKNOWN,8,8.0
121903,1,3,99,5,1,40.0,0,N,MELB_URBAN,STREET,8,9.0
121904,1,1,120,5,5,100.0,0,N,RURAL_VICTORIA,ROAD,8,19.0
121905,6,3,99,5,5,100.0,0,N,RURAL_VICTORIA,HIGHWAY,8,1.0
121906,1,3,130,1,1,80.0,0,N,MELB_URBAN,ROAD,8,12.0
121907,4,3,171,2,1,50.0,0,N,LARGE_PROVINCIAL_CITIES,PARADE,8,13.0
121908,1,0,113,2,1,50.0,0,N,MELB_URBAN,STREET,8,16.0
121909,4,3,181,5,9,100.0,1,N,RURAL_VICTORIA,HIGHWAY,8,8.0
121910,1,5,130,1,1,60.0,0,I,LARGE_PROVINCIAL_CITIES,STREET,7,13.0
121911,1,3,113,2,1,60.0,0,I,SMALL_CITIES,HIGHWAY,8,15.0
121912,6,3,170,5,1,110.0,0,N,RURAL_VICTORIA,FREEWAY,8,14.0
121913,4,7,99,5,1,60.0,0,N,MELB_URBAN,STREET,6,9.0
121914,4,2,173,5,1,50.0,0,N,MELB_URBAN,STREET,8,16.0
121915,1,4,130,5,6,60.0,0,N,MELB_URBAN,STREET,8,17.0
121916,4,2,171,5,5,100.0,0,N,RURAL_VICTORIA,HIGHWAY,8,19.0
121917,1,2,160,5,3,60.0,0,N,MELB_URBAN,STREET,8,19.0
121918,1,3,116,2,3,60.0,0,I,SMALL_CITIES,STREET,8,22.0
121919,4,3,173,5,3,80.0,0,N,SMALL_CITIES,ROAD,8,23.0
121920,3,4,167,2,5,80.0,0,I,RURAL_VICTORIA,ROAD,8,3.0
121921,1,3,113,2,5,100.0,0,I,TOWNS,HIGHWAY,8,19.0
121922,1,4,133,5,1,90.0,0,N,RURAL_VICTORIA,FREEWAY,8,6.0
121923,3,7,167,5,5,100.0,0,N,RURAL_VICTORIA,ROAD,7,22.0
121924,1,4,111,1,1,40.0,0,I,RURAL_VICTORIA,ROAD,8,8.0