,accident_type,day_of_week,dca_code,road_geometry,light_condition,speed_zone,severity,node_type,deg_urban_name,road_type,month,hour
121925,4,2,181,5,1,100.0,0,N,RURAL_VICTORIA,ROAD,8,9.0
121926,4,3,171,5,1,60.0,0,N,MELB_URBAN,DRIVE,8,14.0
121927,1,4,121,1,1,50.0,0,I,SMALL_CITIES,STREET,8,10.0
121928,4,4,173,5,1,50.0,0,N,MELB_URBAN,STREET,8,10.0
121929,1,4,147,5,1,60.0,0,N,MELB_URBAN,ROAD,8,13.0
121930,1,3,120,5,1,50.0,0,N,RURAL_VICTORIA,OTHER,8,14.0
121931,4,4,173,5,1,50.0,0,N,SMALL_CITIES,ROAD,8,13.0
121932,1,4,99,1,1,60.0,0,I,MELB_URBAN,STREET,8,14.0
121933,1,4,132,5,1,60.0,0,N,MELB_URBAN,ROAD,8,14.0
121934,4,7,171,5,1,100.0,0,N,RURAL_VICTORIA,HIGHWAY,8,15.0
121935,1,4,99,5,1,50.0,0,N,MELB_URBAN,ROAD,8,16.0
121936,4,3,99,5,1,100.0,0,N,RURAL_VICTORIA,DRIVE,8,15.0
121937,1,5,121,2,1,70.0,0,I,SMALL_CITIES,AVENUE,7,15.0
121938,1,4,120,5,1,50.0,0,N,RURAL_VICTORIA,DRIVE,8,15.0
121939,4,4,171,5,1,50.0,0,N,MELB_URBAN,OTHER,8,13.0
121940,3,4,167,5,5,100.0,0,N,RURAL_VICTORIA,ROAD,8,19.0
121941,4,4,183,5,5,100.0,0,N,RURAL_VICTORIA,ROAD,8,22.0
121942,1,4,121,2,1,60.0,0,I,MELB_URBAN,ROAD,5,14.0
121943,1,4,130,5,3,100.0,0,N,MELB_URBAN,RAMP,7,20.0
121944,1,5,116,2,1,80.0,0,I,MELB_URBAN,ROAD,8,8.0
121945,1,4,120,5,1,60.0,0,N,MELB_URBAN,ROAD,8,6.0
121946,6,1,170,5,2,100.0,0,N,RURAL_VICTORIA,ROAD,8,17.0
121947,1,6,133,1,1,80.0,0,I,RURAL_VICTORIA,ROAD,3,15.0
121948,4,0,171,5,2,100.0,0,N,RURAL_VICTORIA,ROAD,8,7.0
121949,1,6,121,1,1,60.0,0,N,SMALL_CITIES,STREET,8,11.0
121950,1,4,130,1,1,60.0,0,I,MELB_URBAN,ROAD,8,10.0
121951,8,5,174,1,1,60.0,0,I,MELB_URBAN,ROAD,8,13.0
121952,4,4,183,5,1,80.0,0,N,RURAL_VICTORIA,ROAD,8,17.0
121953,4,5,181,5,1,100.0,0,N,RURAL_VICTORIA,ROAD,8,10.0
121954,1,1,130,5,2,50.0,0,N,MELB_URBAN,STREET,7,7.0
121955,1,1,99,2,1,60.0,0,I,MELB_URBAN,STREET,7,12.0
121956,6,5,99,5,1,100.0,0,N,RURAL_VICTORIA,ROAD,8,13.0
121957,1,2,99,2,1,80.0,0,I,RURAL_VICTORIA,ROAD,8,11.0
121958,1,5,110,1,1,50.0,0,I,MELB_URBAN,STREET,8,14.0
121959,4,5,171,5,1,50.0,0,N,LARGE_PROVINCIAL_CITIES,ROAD,8,16.0
121960,5,7,99,5,1,60.0,0,N,RURAL_VICTORIA,ROAD,8,15.0
121961,1,4,121,1,3,50.0,0,I,SMALL_CITIES,STREET,8,18.0
121962,4,5,171,5,6,100.0,0,N,MELB_URBAN,FREEWAY,8,17.0
121963,1,3,133,2,2,50.0,0,N,MELB_URBAN,ROAD,8,17.0
121964,2,4,99,4,9,60.0,0,I,LARGE_PROVINCIAL_CITIES,STREET,8,17.0
121965,6,5,99,5,5,100.0,0,N,RURAL_VICTORIA,ROAD,8,6.0
121966,1,6,147,5,1,60.0,0,N,TOWNS,STREET,8,8.0
121967,1,5,121,2,2,60.0,0,I,MELB_URBAN,ROAD,8,6.0
121968,4,6,173,5,1,80.0,0,N,RURAL_VICTORIA,ROAD,8,8.0
121969,1,5,99,5,1,60.0,0,N,MELB_URBAN,STREET,8,12.0
121970,1,2,110,1,1,60.0,0,I,LARGE_PROVINCIAL_CITIES,ROAD,7,8.0
121971,1,4,121,2,1,60.0,0,I,MELB_URBAN,ROAD,8,7.0
121972,1,6,110,1,1,60.0,0,I,MELB_URBAN,STREET,8,12.0
121973,1,5,99,5,1,60.0,0,N,MELB_URBAN,ROAD,8,13.0
121974,4,5,171,5,1,50.0,0,N,MELB_URBAN,BOULEVARD,7,6.0
121975,3,7,167,5,5,100.0,0,N,RURAL_VICTORIA,ROAD,7,18.0
121976,4,6,99,5,3,80.0,0,N,MELB_URBAN,HIGHWAY,8,18.0
121977,1,6,120,5,5,80.0,0,N,RURAL_VICTORIA,ROAD,8,18.0
121978,4,6,173,5,5,100.0,0,N,RURAL_VICTORIA,ROAD,8,21.0
121979,1,6,113,2,3,60.0,0,I,LARGE_PROVINCIAL_CITIES,STREET,8,19.0
121980,1,1,130,5,1,80.0,0,N,RURAL_VICTORIA,FREEWAY,8,16.0
121981,1,7,130,5,1,100.0,0,N,MELB_URBAN,ROAD,8,8.0
121982,1,5,121,2,1,70.0,0,I,MELB_URBAN,ROAD,2,8.0
121983,4,6,171,5,1,70.0,0,N,MELB_URBAN,ROAD,8,9.0
121984,4,7,183,5,1,100.0,0,N,RURAL_VICTORIA,OTHER,8,9.0
121985,4,6,171,5,5,80.0,0,N,RURAL_VICTORIA,ROAD,7,21.0
121986,4,6,173,2,1,70.0,0,I,MELB_URBAN,ROAD,8,11.0
121987,1,7,113,2,1,60.0,0,I,MELB_URBAN,HIGHWAY,8,11.0
121988,1,5,110,1,1,60.0,0,I,MELB_URBAN,STREET,8,8.0
121989,5,6,99,5,1,50.0,0,N,RURAL_VICTORIA,OTHER,7,12.0
121990,5,6,99,5,5,100.0,0,N,RURAL_VICTORIA,HIGHWAY,8,18.0
121991,1,7,121,2,3,60.0,0,I,MELB_URBAN,ROAD,8,17.0
121992,1,0,120,5,3,50.0,0,N,SMALL_CITIES,STREET,8,0.0
121993,4,1,171,5,5,60.0,0,N,RURAL_VICTORIA,ROAD,8,3.0
121994,1,7,120,5,3,60.0,0,N,MELB_URBAN,ROAD,8,19.0
121995,8,7,99,5,1,60.0,0,N,MELB_URBAN,ROAD,8,9.0
121996,1,5,130,2,5,60.0,0,N,MELB_URBAN,ROAD,8,22.0
121997,1,7,99,5,5,110.0,0,N,RURAL_VICTORIA,OTHER,8,19.0
121998,1,1,130,5,1,80.0,0,N,RURAL_VICTORIA,HIGHWAY,8,13.0
121999,1,6,130,5,5,110.0,0,N,RURAL_VICTORIA,FREEWAY,8,19.0
122000,1,1,120,5,1,60.0,0,N,MELB_URBAN,ROAD,8,15.0
122001,1,1,110,1,1,80.0,0,I,SMALL_TOWNS,ROAD,8,15.0
122002,1,0,160,5,1,60.0,0,N,MELB_URBAN,UNKNOWN,8,16.0
122003,5,1,99,5,1,40.0,0,N,MELB_URBAN,OTHER,8,14.0
122004,4,1,171,2,3,50.0,0,I,MELB_URBAN,DRIVE,8,19.0
122005,4,0,99,5,5,100.0,0,N,RURAL_VICTORIA,HIGHWAY,8,20.0
122006,1,6,130,1,1,60.0,0,N,LARGE_PROVINCIAL_CITIES,ROAD,8,15.0
122007,2,1,100,5,1,40.0,0,N,MELB_URBAN,STREET,8,11.0
122008,1,2,110,1,1,50.0,0,I,MELB_URBAN,AVENUE,6,9.0
122009,1,3,99,5,1,40.0,0,N,SMALL_CITIES,OTHER,8,7.0
122010,4,4,171,2,1,60.0,0,I,MELB_URBAN,PARADE,1,10.0
122011,9,7,99,5,1,60.0,0,N,MELB_URBAN,ROAD,8,15.0
122012,1,2,160,5,1,60.0,0,N,MELB_URBAN,ROAD,8,13.0
122013,1,1,120,5,2,60.0,0,N,RURAL_VICTORIA,ROAD,8,6.0
122014,1,4,113,2,1,70.0,0,I,LARGE_PROVINCIAL_CITIES,HIGHWAY,8,15.0
122015,2,1,100,4,1,50.0,0,I,MELB_URBAN,STREET,8,14.0
122016,3,1,167,5,2,80.0,0,N,RURAL_VICTORIA,ROAD,8,5.0
122017,1,2,130,5,1,100.0,0,N,RURAL_VICTORIA,FREEWAY,8,16.0
122018,1,2,121,1,2,80.0,0,I,MELB_URBAN,ROAD,8,17.0
122019,1,1,132,2,1,60.0,0,I,MELB_URBAN,ROAD,7,12.0
122020,1,7,113,2,1,50.0,0,I,MELB_URBAN,OTHER,8,11.0
122021,1,1,110,1,1,80.0,0,I,MELB_URBAN,ROAD,8,15.0
122022,2,1,99,5,3,60.0,0,N,LARGE_PROVINCIAL_CITIES,STREET,8,19.0
122023,4,2,171,5,3,80.0,0,N,RURAL_VICTORIA,ROAD,8,19.0
122024,1,2,121,2,3,70.0,0,I,MELB_URBAN,ROAD,8,21.0
122025,4,7,171,1,1,60.0,0,N,RURAL_VICTORIA,ROAD,8,11.0
122026,1,2,140,2,1,70.0,0,I,MELB_URBAN,ROAD,7,15.0
122027,1,3,160,5,3,50.0,0,N,MELB_URBAN,ROAD,8,0.0
122028,4,3,173,5,1,80.0,0,N,SMALL_TOWNS,ROAD,8,6.0
122029,1,7,99,2,1,60.0,0,N,MELB_URBAN,STREET,8,13.0
122030,1,7,132,5,1,60.0,0,N,MELB_URBAN,STREET,8,11.0
122031,1,1,121,1,1,60.0,0,I,LARGE_PROVINCIAL_CITIES,STREET,8,13.0
122032,4,7,181,5,1,100.0,0,N,RURAL_VICTORIA,ROAD,8,15.0
122033,2,2,100,1,2,60.0,0,I,MELB_URBAN,ROAD,8,18.0
122034,1,2,130,5,1,70.0,0,N,LARGE_PROVINCIAL_CITIES,ROAD,8,15.0
122035,1,2,147,5,1,60.0,0,N,MELB_URBAN,OTHER,8,11.0
122036,4,3,173,5,1,80.0,0,N,MELB_URBAN,ROAD,8,14.0
122037,1,5,111,2,3,60.0,0,N,MELB_URBAN,ROAD,8,18.0
122038,4,2,183,5,1,80.0,0,N,MELB_URBAN,HIGHWAY,8,16.0
122039,1,1,110,1,3,60.0,0,I,SMALL_CITIES,STREET,8,0.0
122040,1,2,121,1,2,40.0,0,I,MELB_URBAN,STREET,8,18.0
122041,3,3,167,5,5,80.0,0,N,RURAL_VICTORIA,ROAD,8,19.0
122042,2,2,100,1,1,60.0,0,N,MELB_URBAN,ROAD,8,16.0
122043,2,4,99,5,1,80.0,0,N,RURAL_VICTORIA,ROAD,7,8.0
122044,4,3,173,5,5,100.0,0,N,RURAL_VICTORIA,ROAD,8,19.0
122045,2,3,100,1,3,80.0,0,N,LARGE_PROVINCIAL_CITIES,HIGHWAY,8,20.0
122046,1,3,110,1,1,100.0,1,I,RURAL_VICTORIA,AVENUE,8,17.0
122047,4,4,173,5,3,60.0,0,N,MELB_URBAN,STREET,8,1.0
122048,6,2,170,5,3,100.0,0,N,RURAL_VICTORIA,OTHER,8,4.0
122049,1,3,147,5,1,50.0,0,N,SMALL_CITIES,ROAD,8,13.0
122050,1,3,99,5,1,100.0,0,N,MELB_URBAN,ROAD,8,6.0
122051,1,3,135,5,1,60.0,0,N,MELB_URBAN,ROAD,8,7.0
122052,1,3,99,5,3,50.0,0,N,MELB_URBAN,DRIVE,8,18.0
122053,1,3,99,1,1,80.0,0,I,MELB_URBAN,STREET,6,9.0
122054,1,5,99,5,3,50.0,0,N,MELB_URBAN,STREET,6,21.0
122055,1,2,99,1,1,50.0,0,I,SMALL_CITIES,STREET,8,7.0
122056,8,3,174,5,1,50.0,0,N,MELB_URBAN,ROAD,8,17.0
122057,2,1,99,5,1,60.0,0,N,MELB_URBAN,STREET,8,14.0
122058,2,4,99,5,1,40.0,0,I,MELBOURNE_CBD,STREET,8,12.0
122059,1,4,134,5,1,60.0,0,N,MELB_URBAN,ROAD,8,12.0
122060,4,4,171,5,1,100.0,0,N,RURAL_VICTORIA,HIGHWAY,8,12.0
122061,1,4,116,2,1,50.0,0,I,TOWNS,ROAD,8,12.0
122062,1,3,121,2,1,60.0,0,I,MELB_URBAN,BOULEVARD,8,10.0
122063,2,4,102,2,2,70.0,0,N,MELB_URBAN,ROAD,8,18.0
122064,6,4,170,2,1,60.0,0,N,SMALL_TOWNS,ROAD,8,13.0
122065,1,4,132,5,1,60.0,0,N,LARGE_PROVINCIAL_CITIES,STREET,8,13.0
122066,1,4,130,5,9,100.0,0,N,MELB_URBAN,FREEWAY,6,18.0
122067,1,3,99,1,1,50.0,0,N,SMALL_CITIES,BOULEVARD,8,17.0
122068,1,4,99,5,1,100.0,0,N,RURAL_VICTORIA,ROAD,8,14.0
122069,1,3,160,5,2,60.0,0,N,TOWNS,STREET,8,17.0
122070,1,4,130,2,1,60.0,0,I,MELB_URBAN,STREET,8,15.0
122071,1,4,110,1,1,60.0,0,I,LARGE_PROVINCIAL_CITIES,STREET,8,15.0
122072,4,4,173,5,1,50.0,0,N,MELB_URBAN,STREET,8,16.0
122073,2,5,99,5,3,70.0,1,N,MELB_URBAN,ROAD,8,2.0
122074,5,5,99,5,1,60.0,0,N,MELB_URBAN,ROAD,8,7.0
122075,1,4,133,5,1,60.0,0,N,LARGE_PROVINCIAL_CITIES,ROAD,8,15.0
122076,8,6,174,2,1,60.0,0,I,MELB_URBAN,ROAD,8,13.0
122077,1,3,121,2,1,100.0,0,I,RURAL_VICTORIA,ROAD,8,16.0
122078,8,5,174,2,1,60.0,0,I,RURAL_VICTORIA,ROAD,8,10.0
122079,1,5,135,5,1,60.0,0,N,MELB_URBAN,STREET,8,9.0
122080,1,3,160,5,1,50.0,0,N,MELB_URBAN,STREET,8,8.0
122081,1,5,160,5,3,60.0,0,N,MELB_URBAN,ROAD,8,5.0
122082,1,5,113,2,1,60.0,0,I,MELB_URBAN,ROAD,8,13.0
122083,1,5,130,1,1,40.0,0,N,MELB_URBAN,HIGHWAY,7,15.0
122084,4,4,171,5,1,80.0,0,N,RURAL_VICTORIA,ROAD,8,12.0
122085,8,5,174,1,1,60.0,0,N,MELB_URBAN,ROAD,8,8.0
122086,1,3,140,2,1,60.0,0,I,MELB_URBAN,PARADE,4,15.0
122087,1,5,110,1,1,80.0,0,I,MELB_URBAN,ROAD,8,13.0
122088,4,5,173,5,1,60.0,0,N,SMALL_CITIES,STREET,8,13.0
122089,1,3,111,2,1,100.0,0,I,RURAL_VICTORIA,ROAD,8,10.0
122090,1,5,132,5,1,100.0,0,N,RURAL_VICTORIA,ROAD,8,15.0
122091,1,5,110,1,1,50.0,0,I,MELB_URBAN,STREET,8,16.0
122092,1,4,160,5,5,50.0,0,N,MELB_URBAN,AVENUE,8,18.0
122093,5,5,99,5,4,70.0,0,N,MELB_URBAN,ROAD,8,17.0
122094,1,5,110,1,3,60.0,0,I,SMALL_TOWNS,ROAD,8,20.0
122095,1,4,133,5,1,60.0,0,N,MELB_URBAN,HIGHWAY,8,9.0
122096,4,5,171,1,3,60.0,0,I,MELB_URBAN,ROAD,8,22.0
122097,1,4,121,1,3,60.0,0,I,MELB_URBAN,ROAD,8,23.0
122098,1,5,130,5,1,40.0,0,N,MELB_URBAN,FREEWAY,8,7.0
122099,4,5,99,5,5,100.0,0,N,RURAL_VICTORIA,HIGHWAY,8,19.0
122100,1,6,99,5,1,60.0,0,N,LARGE_PROVINCIAL_CITIES,STREET,8,8.0
122101,2,6,99,5,1,50.0,0,N,SMALL_CITIES,STREET,8,15.0
122102,8,3,174,5,1,60.0,0,N,RURAL_VICTORIA,ROAD,8,14.0
122103,4,5,99,2,1,50.0,0,I,MELB_URBAN,AVENUE,8,11.0
122104,1,5,140,2,1,60.0,0,I,LARGE_PROVINCIAL_CITIES,ROAD,8,12.0
122105,2,6,99,5,1,60.0,0,N,MELB_URBAN,ROAD,8,14.0
122106,2,3,99,5,3,50.0,0,N,SMALL_CITIES,STREET,8,21.0
122107,4,6,171,5,1,50.0,0,N,MELB_URBAN,STREET,8,13.0
122108,1,4,130,4,1,60.0,0,N,MELB_URBAN,ROAD,8,7.0
122109,1,1,130,5,1,80.0,0,N,MELB_URBAN,HIGHWAY,4,15.0
122110,1,3,113,2,3,60.0,0,I,MELB_URBAN,STREET,8,18.0
122111,1,6,147,5,1,60.0,0,N,MELB_URBAN,STREET,8,14.0
122112,1,4,110,1,1,50.0,0,I,MELB_URBAN,STREET,8,13.0
122113,1,6,99,5,1,60.0,0,N,MELB_URBAN,STREET,8,11.0
122114,5,5,99,5,5,80.0,0,N,RURAL_VICTORIA,ROAD,8,18.0
122115,1,5,163,5,1,40.0,0,N,MELB_URBAN,STREET,8,14.0
122116,4,6,99,5,1,50.0,0,N,SMALL_CITIES,OTHER,8,14.0
122117,1,6,132,2,2,80.0,0,I,RURAL_VICTORIA,AVENUE,8,16.0
122118,1,5,135,5,3,70.0,0,N,MELB_URBAN,ROAD,8,17.0
122119,1,6,99,5,1,100.0,0,N,MELB_URBAN,UNKNOWN,8,14.0
122120,1,2,113,2,1,70.0,0,I,MELB_URBAN,ROAD,3,11.0
122121,1,6,132,1,1,60.0,0,I,MELB_URBAN,ROAD,8,14.0
122122,1,5,130,5,3,60.0,0,N,MELB_URBAN,STREET,8,19.0
122123,1,6,113,2,1,40.0,0,I,SMALL_CITIES,ROAD,8,15.0
122124,1,2,130,2,1,60.0,0,N,RURAL_VICTORIA,OTHER,10,16.0
122125,1,5,160,5,3,60.0,0,N,MELB_URBAN,ROAD,8,22.0
122126,1,6,130,1,1,50.0,0,I,LARGE_PROVINCIAL_CITIES,STREET,8,14.0
122127,9,6,174,5,1,50.0,0,N,MELB_URBAN,STREET,8,8.0
122128,1,6,99,2,2,50.0,0,I,MELB_URBAN,ROAD,7,17.0
122129,1,7,134,1,1,80.0,0,I,MELB_URBAN,ROAD,8,12.0
122130,1,7,121,1,1,60.0,0,I,LARGE_PROVINCIAL_CITIES,STREET,8,9.0
122131,3,1,167,5,5,100.0,0,N,RURAL_VICTORIA,ROAD,8,23.0
122132,1,7,110,1,1,100.0,0,I,RURAL_VICTORIA,ROAD,8,10.0
122133,1,7,130,5,1,100.0,1,N,RURAL_VICTORIA,HIGHWAY,8,9.0
122134,4,7,171,1,1,80.0,0,I,MELB_URBAN,ROAD,8,15.0
122135,4,7,171,5,1,100.0,0,N,RURAL_VICTORIA,ROAD,8,14.0
122136,1,7,130,1,1,60.0,0,I,MELB_URBAN,ROAD,8,17.0
122137,1,7,116,1,1,60.0,0,I,TOWNS,STREET,8,16.0
122138,1,7,113,2,1,80.0,0,I,MELB_URBAN,ROAD,8,16.0
122139,1,7,121,2,1,50.0,0,I,RURAL_VICTORIA,ROAD,8,17.0
122140,4,7,171,5,3,60.0,0,N,MELB_URBAN,STREET,8,20.0
122141,2,6,99,5,3,60.0,0,N,MELB_URBAN,STREET,8,21.0
122142,1,2,120,5,1,60.0,0,N,RURAL_VICTORIA,HIGHWAY,6,15.0
122143,6,7,174,2,3,100.0,0,I,RURAL_VICTORIA,FREEWAY,8,23.0
122144,1,1,160,5,3,50.0,0,N,MELB_URBAN,AVENUE,8,19.0
122145,4,1,173,5,2,60.0,0,N,LARGE_PROVINCIAL_CITIES,DRIVE,8,6.0
122146,1,5,163,5,1,50.0,0,N,MELB_URBAN,STREET,8,15.0
122147,4,7,171,5,1,100.0,0,N,SMALL_CITIES,STREET,8,17.0
122148,4,1,171,5,1,60.0,0,N,MELB_URBAN,STREET,8,10.0
122149,1,6,160,5,3,50.0,0,N,MELB_URBAN,DRIVE,8,20.0
122150,1,1,111,1,1,100.0,0,I,RURAL_VICTORIA,ROAD,8,14.0
122151,1,5,140,5,1,50.0,0,N,TOWNS,STREET,8,16.0
122152,1,6,132,2,1,60.0,0,I,MELB_URBAN,ROAD,8,14.0
122153,1,6,99,5,4,60.0,0,N,RURAL_VICTORIA,ROAD,8,18.0
122154,1,3,121,1,3,60.0,0,I,MELB_URBAN,ROAD,8,17.0
122155,1,6,99,1,1,40.0,0,I,MELBOURNE_CBD,STREET,8,17.0
122156,1,1,130,4,3,100.0,0,N,LARGE_PROVINCIAL_CITIES,ROAD,8,19.0
122157,1,1,113,2,3,50.0,0,I,MELB_URBAN,STREET,8,22.0
122158,1,3,130,5,1,100.0,0,I,MELB_URBAN,FREEWAY,8,7.0
122159,1,1,121,2,1,80.0,0,N,MELB_URBAN,ROAD,8,8.0
122160,1,2,130,2,1,70.0,0,I,MELB_URBAN,ROAD,8,8.0
122161,4,2,171,5,1,60.0,0,N,MELB_URBAN,STREET,8,8.0
122162,1,7,130,2,1,70.0,0,I,LARGE_PROVINCIAL_CITIES,ROAD,8,13.0
122163,6,2,174,4,1,50.0,0,N,MELB_URBAN,STREET,8,8.0
122164,8,2,174,5,1,80.0,0,N,MELB_URBAN,ROAD,8,11.0
122165,6,1,184,5,1,60.0,0,N,RURAL_VICTORIA,ROAD,6,13.0
122166,4,2,181,5,1,100.0,0,N,RURAL_VICTORIA,ROAD,8,10.0
122167,4,2,171,5,1,60.0,0,N,MELB_URBAN,ROAD,8,8.0
122168,1,6,130,5,1,70.0,0,N,MELB_URBAN,OTHER,11,12.0
122169,1,6,110,1,1,60.0,0,I,MELB_URBAN,ROAD,8,9.0
122170,1,4,130,1,1,80.0,0,I,MELB_URBAN,ROAD,8,14.0
122171,1,2,134,2,3,80.0,0,I,MELB_URBAN,ROAD,8,18.0
122172,1,2,130,5,1,60.0,0,N,RURAL_VICTORIA,ROAD,8,16.0
122173,1,1,121,1,1,70.0,0,I,MELB_URBAN,HIGHWAY,8,14.0
122174,1,2,160,2,1,50.0,0,N,MELB_URBAN,OTHER,8,10.0
122175,8,2,174,5,1,60.0,0,N,MELB_URBAN,ROAD,8,15.0
122176,1,3,160,5,3,60.0,0,N,LARGE_PROVINCIAL_CITIES,ROAD,9,3.0
122177,6,3,99,5,5,100.0,0,N,RURAL_VICTORIA,ROAD,9,2.0
122178,1,1,121,1,1,60.0,0,I,MELB_URBAN,ROAD,8,17.0
122179,2,6,102,5,5,40.0,0,N,MELB_URBAN,STREET,8,19.0
122180,1,3,133,5,1,60.0,0,N,MELB_URBAN,ROAD,9,7.0
122181,1,3,130,5,1,60.0,0,N,MELB_URBAN,AVENUE,9,8.0
122182,2,3,100,1,1,50.0,0,I,MELB_URBAN,ROAD,9,9.0
122183,2,3,100,2,1,60.0,0,I,MELB_URBAN,STREET,9,10.0
122184,1,1,130,2,1,80.0,0,N,MELB_URBAN,ROAD,8,11.0
122185,2,3,100,2,1,60.0,0,N,MELB_URBAN,ROAD,9,9.0
122186,1,2,113,2,1,60.0,0,I,SMALL_CITIES,ROAD,9,8.0
122187,8,2,174,1,1,80.0,0,I,RURAL_VICTORIA,ROAD,9,12.0
122188,1,3,121,2,1,60.0,0,I,MELB_URBAN,ROAD,9,13.0
122189,4,0,171,5,1,50.0,0,N,MELB_URBAN,UNKNOWN,8,8.0
122190,1,2,130,5,9,60.0,0,N,MELB_URBAN,HIGHWAY,8,5.0
122191,6,3,174,2,1,40.0,0,N,MELBOURNE_CBD,STREET,9,15.0
122192,8,3,99,5,2,40.0,0,N,MELB_URBAN,OTHER,9,17.0
122193,1,3,160,5,1,50.0,0,N,MELB_URBAN,ROAD,9,16.0
122194,1,3,116,2,1,60.0,0,I,MELB_URBAN,STREET,8,12.0
122195,1,3,163,5,1,40.0,0,N,MELB_URBAN,DRIVE,9,16.0
122196,1,3,99,2,1,50.0,0,I,MELB_URBAN,STREET,9,14.0
122197,1,3,120,5,2,50.0,0,N,RURAL_VICTORIA,ROAD,9,16.0
122198,8,3,174,2,3,80.0,0,I,MELB_URBAN,ROAD,9,19.0
122199,2,5,99,1,1,50.0,0,I,MELB_URBAN,STREET,8,9.0
122200,1,3,110,1,3,60.0,0,I,MELB_URBAN,ROAD,9,19.0
122201,4,3,181,5,5,80.0,0,N,MELB_URBAN,HIGHWAY,9,19.0
122202,4,3,183,2,3,60.0,0,I,SMALL_CITIES,HIGHWAY,9,19.0
122203,8,3,99,5,5,60.0,0,N,LARGE_PROVINCIAL_CITIES,PARADE,9,22.0
122204,4,3,183,5,3,60.0,0,N,SMALL_CITIES,ROAD,9,22.0
122205,8,3,99,5,1,80.0,0,N,RURAL_VICTORIA,ROAD,9,6.0
122206,2,2,102,1,1,50.0,0,I,MELB_URBAN,ROAD,9,16.0
122207,1,4,163,5,1,50.0,0,N,MELB_URBAN,ROAD,9,7.0
122208,1,6,99,5,1,50.0,0,N,LARGE_PROVINCIAL_CITIES,ROAD,8,16.0
122209,1,5,130,5,1,60.0,0,N,SMALL_CITIES,ROAD,8,15.0
122210,1,3,99,5,1,50.0,0,N,LARGE_PROVINCIAL_CITIES,AVENUE,9,12.0
122211,1,4,120,1,1,80.0,0,I,MELB_URBAN,HIGHWAY,9,12.0
122212,1,4,132,5,1,40.0,0,N,MELB_URBAN,DRIVE,9,14.0
122213,1,2,111,2,2,100.0,0,I,RURAL_VICTORIA,ROAD,8,17.0
122214,2,4,102,1,1,60.0,0,I,MELB_URBAN,ROAD,9,8.0
122215,4,3,171,5,1,40.0,0,N,SMALL_CITIES,DRIVE,9,15.0
122216,1,5,130,2,2,80.0,0,I,MELB_URBAN,ROAD,7,17.0
122217,1,4,132,2,1,60.0,0,I,SMALL_CITIES,ROAD,9,16.0
122218,2,4,100,1,1,60.0,0,I,LARGE_PROVINCIAL_CITIES,STREET,9,17.0
122219,4,4,173,5,2,50.0,0,N,MELB_URBAN,ROAD,9,18.0
122220,1,3,121,1,3,60.0,0,N,MELB_URBAN,ROAD,9,18.0
122221,4,4,181,5,1,100.0,0,N,LARGE_PROVINCIAL_CITIES,ROAD,9,16.0
122222,4,4,171,4,3,100.0,0,N,MELB_URBAN,RAMP,9,22.0
122223,1,5,147,5,1,60.0,0,N,MELB_URBAN,ROAD,9,8.0
122224,8,1,174,5,2,60.0,0,N,RURAL_VICTORIA,AVENUE,8,18.0
122225,1,2,116,2,9,60.0,0,I,MELB_URBAN,ROAD,8,16.0
122226,1,5,99,2,1,80.0,0,I,MELB_URBAN,ROAD,9,7.0
122227,1,5,113,2,1,60.0,0,I,MELB_URBAN,STREET,9,7.0
122228,1,4,110,1,1,60.0,0,I,LARGE_PROVINCIAL_CITIES,STREET,9,12.0
122229,4,5,171,2,1,100.0,0,I,TOWNS,ROAD,9,10.0
122230,1,4,110,1,1,80.0,0,I,MELB_URBAN,HIGHWAY,9,6.0
122231,4,5,183,5,1,100.0,0,N,RURAL_VICTORIA,HIGHWAY,9,11.0
122232,1,6,130,1,3,50.0,0,I,MELB_URBAN,STREET,8,20.0
122233,4,4,181,1,5,100.0,1,I,RURAL_VICTORIA,ROAD,9,23.0
122234,1,0,121,4,1,50.0,0,I,MELB_URBAN,OTHER,8,14.0
122235,6,5,174,1,1,80.0,0,I,RURAL_VICTORIA,ROAD,9,12.0
122236,1,5,99,5,1,50.0,0,N,MELB_URBAN,STREET,9,13.0
122237,1,4,130,1,1,70.0,0,I,MELB_URBAN,ROAD,9,12.0
122238,1,5,147,5,1,70.0,0,I,MELB_URBAN,ROAD,9,12.0
122239,1,5,121,2,1,60.0,0,I,MELB_URBAN,OTHER,9,8.0
122240,1,5,130,2,1,40.0,0,I,MELB_URBAN,ROAD,9,13.0
122241,1,5,134,5,1,80.0,0,N,MELB_URBAN,ROAD,9,10.0
122242,1,5,110,1,1,100.0,0,I,RURAL_VICTORIA,ROAD,9,14.0
122243,1,4,147,5,1,80.0,0,I,MELB_URBAN,HIGHWAY,9,15.0
122244,2,5,99,5,1,60.0,0,N,MELB_URBAN,ROAD,9,14.0
122245,4,4,173,5,1,80.0,0,N,MELB_URBAN,FREEWAY,9,16.0
122246,1,4,121,1,3,80.0,0,I,MELB_URBAN,OTHER,9,18.0
122247,4,7,181,5,3,60.0,0,N,MELB_URBAN,AVENUE,8,20.0