,accident_type,day_of_week,dca_code,road_geometry,light_condition,speed_zone,severity,node_type,deg_urban_name,road_type,month,hour
122248,1,5,140,1,1,50.0,0,I,SMALL_CITIES,AVENUE,9,15.0
122249,4,4,99,2,3,80.0,0,N,SMALL_CITIES,ROAD,9,23.0
122250,1,6,113,2,1,80.0,0,I,RURAL_VICTORIA,ROAD,9,9.0
122251,1,6,113,2,1,60.0,0,I,MELB_URBAN,ROAD,9,8.0
122252,1,5,160,5,1,50.0,0,N,SMALL_CITIES,BOULEVARD,9,9.0
122253,1,5,130,5,1,100.0,0,N,MELB_URBAN,FREEWAY,9,6.0
122254,1,5,110,1,1,50.0,0,I,MELB_URBAN,ROAD,9,11.0
122255,1,5,111,2,3,60.0,0,I,MELB_URBAN,OTHER,9,20.0
122256,1,6,99,2,1,60.0,0,I,SMALL_TOWNS,ROAD,9,9.0
122257,1,4,110,1,1,50.0,0,I,MELB_URBAN,STREET,8,7.0
122258,1,6,160,2,1,60.0,0,N,MELB_URBAN,STREET,9,13.0
122259,1,6,160,5,1,60.0,0,N,MELB_URBAN,ROAD,9,10.0
122260,1,5,130,5,1,60.0,0,N,LARGE_PROVINCIAL_CITIES,ROAD,9,16.0
122261,4,6,181,5,1,60.0,0,N,MELB_URBAN,ROAD,9,13.0
122262,1,6,111,1,1,60.0,0,I,LARGE_PROVINCIAL_CITIES,STREET,9,13.0
122263,2,6,100,2,1,40.0,0,N,MELB_URBAN,ROAD,9,13.0
122264,1,2,163,5,1,40.0,0,N,MELB_URBAN,STREET,12,16.0
122265,2,6,99,5,1,60.0,0,N,MELB_URBAN,ROAD,9,14.0
122266,1,4,130,5,1,40.0,0,N,MELB_URBAN,ROAD,9,12.0
122267,1,3,99,2,1,50.0,0,I,MELB_URBAN,ROAD,9,13.0
122268,1,5,132,2,1,50.0,0,I,MELB_URBAN,ROAD,9,16.0
122269,1,5,134,5,1,60.0,0,N,MELB_URBAN,STREET,9,10.0
122270,1,6,160,5,1,60.0,0,N,MELB_URBAN,ROAD,9,15.0
122271,1,7,116,1,1,60.0,0,I,MELB_URBAN,ROAD,7,9.0
122272,1,7,135,5,1,80.0,0,N,MELB_URBAN,FREEWAY,8,8.0
122273,1,4,113,1,1,70.0,0,I,SMALL_CITIES,STREET,9,15.0
122274,1,5,121,2,1,60.0,0,I,MELB_URBAN,STREET,9,15.0
122275,1,5,113,2,1,100.0,0,I,RURAL_VICTORIA,HIGHWAY,9,16.0
122276,4,5,99,5,1,50.0,0,N,TOWNS,STREET,9,16.0
122277,4,6,181,5,1,100.0,0,N,MELB_URBAN,ROAD,9,17.0
122278,1,6,121,5,3,60.0,0,N,MELB_URBAN,ROAD,9,18.0
122279,3,5,167,5,5,100.0,0,N,RURAL_VICTORIA,ROAD,9,19.0
122280,1,6,130,5,1,40.0,0,N,MELB_URBAN,ROAD,9,16.0
122281,2,6,99,5,1,40.0,0,N,MELB_URBAN,STREET,8,11.0
122282,4,6,173,5,3,50.0,0,N,MELB_URBAN,STREET,9,22.0
122283,4,7,181,5,3,60.0,0,N,MELB_URBAN,ROAD,9,1.0
122284,4,7,173,5,5,80.0,0,N,MELB_URBAN,FREEWAY,9,0.0
122285,1,7,160,5,3,60.0,0,N,MELB_URBAN,STREET,9,3.0
122286,1,7,160,5,3,60.0,0,N,MELB_URBAN,ROAD,9,5.0
122287,4,7,171,5,6,40.0,0,N,MELB_URBAN,ROAD,9,5.0
122288,4,6,173,5,1,80.0,0,I,MELB_URBAN,HIGHWAY,9,7.0
122289,1,6,113,1,1,100.0,0,I,RURAL_VICTORIA,ROAD,9,10.0
122290,1,5,147,5,1,60.0,0,N,MELB_URBAN,STREET,9,16.0
122291,1,7,140,1,1,100.0,0,I,RURAL_VICTORIA,ROAD,9,10.0
122292,2,7,100,1,1,60.0,0,N,MELB_URBAN,ROAD,9,11.0
122293,8,7,174,5,1,60.0,0,N,MELB_URBAN,STREET,9,9.0
122294,1,7,134,5,1,80.0,0,N,MELB_URBAN,FREEWAY,9,12.0
122295,4,7,181,5,1,60.0,0,N,MELB_URBAN,ROAD,9,12.0
122296,2,7,99,5,1,50.0,0,N,MELB_URBAN,ROAD,9,13.0
122297,1,7,99,2,1,40.0,0,I,MELB_URBAN,STREET,9,14.0
122298,6,7,174,5,1,60.0,0,N,SMALL_CITIES,AVENUE,9,14.0
122299,1,7,121,2,1,70.0,0,N,MELB_URBAN,ROAD,9,15.0
122300,1,6,113,2,1,50.0,0,I,MELB_URBAN,AVENUE,9,15.0
122301,1,7,110,1,1,100.0,0,I,RURAL_VICTORIA,HIGHWAY,9,14.0
122302,1,7,120,5,1,70.0,1,N,SMALL_TOWNS,STREET,9,14.0
122303,1,6,110,1,1,80.0,0,I,RURAL_VICTORIA,FREEWAY,9,16.0
122304,2,6,100,1,1,40.0,0,I,MELB_URBAN,STREET,9,16.0
122305,1,7,121,1,3,60.0,0,I,MELB_URBAN,HIGHWAY,9,19.0
122306,1,7,110,1,3,40.0,0,I,MELB_URBAN,ROAD,9,4.0
122307,6,6,170,5,5,110.0,0,N,RURAL_VICTORIA,FREEWAY,9,19.0
122308,4,7,99,2,3,50.0,0,I,SMALL_CITIES,BOULEVARD,9,17.0
122309,4,7,183,5,1,80.0,0,N,RURAL_VICTORIA,OTHER,9,16.0
122310,4,7,173,5,3,60.0,0,N,RURAL_VICTORIA,ROAD,9,23.0
122311,1,7,130,1,3,80.0,1,I,MELB_URBAN,UNKNOWN,9,22.0
122312,1,7,113,1,3,60.0,0,I,MELB_URBAN,ROAD,9,22.0
122313,1,1,160,5,1,60.0,0,N,MELB_URBAN,ROAD,9,6.0
122314,4,0,171,5,1,100.0,0,N,RURAL_VICTORIA,ROAD,9,8.0
122315,1,1,121,1,1,60.0,0,I,MELB_URBAN,ROAD,9,9.0
122316,1,0,121,2,1,60.0,0,N,MELB_URBAN,ROAD,9,10.0
122317,1,1,113,2,1,50.0,0,I,MELB_URBAN,ROAD,9,10.0
122318,1,1,110,1,1,80.0,0,I,MELB_URBAN,HIGHWAY,9,11.0
122319,4,0,171,5,1,100.0,0,N,RURAL_VICTORIA,ROAD,9,11.0
122320,6,1,174,5,1,100.0,0,N,RURAL_VICTORIA,ROAD,9,14.0
122321,2,1,102,1,1,80.0,0,N,MELB_URBAN,STREET,9,13.0
122322,6,0,170,5,1,80.0,0,N,RURAL_VICTORIA,ROAD,9,17.0
122323,1,0,99,1,1,60.0,0,I,MELB_URBAN,ROAD,9,11.0
122324,6,4,174,5,1,100.0,0,N,RURAL_VICTORIA,ROAD,9,12.0
122325,1,1,99,2,1,40.0,0,I,MELB_URBAN,STREET,9,17.0
122326,1,1,171,2,1,50.0,0,N,SMALL_CITIES,OTHER,9,17.0
122327,3,0,167,5,1,100.0,0,N,MELB_URBAN,RAMP,9,17.0
122328,4,1,173,5,1,100.0,0,N,RURAL_VICTORIA,ROAD,9,15.0
122329,1,7,113,1,3,60.0,0,I,LARGE_PROVINCIAL_CITIES,ROAD,9,19.0
122330,6,0,174,2,1,60.0,0,I,RURAL_VICTORIA,ROAD,9,13.0
122331,1,1,132,2,3,60.0,0,I,MELB_URBAN,PARADE,9,18.0
122332,1,1,130,5,1,40.0,0,N,MELB_URBAN,ROAD,8,8.0
122333,1,1,113,2,1,60.0,0,I,RURAL_VICTORIA,ROAD,5,15.0
122334,8,5,174,5,2,60.0,0,I,MELB_URBAN,DRIVE,9,17.0
122335,4,2,173,5,1,80.0,0,N,RURAL_VICTORIA,ROAD,9,8.0
122336,1,0,130,5,3,60.0,0,N,MELB_URBAN,ROAD,9,20.0
122337,1,2,140,1,1,60.0,0,I,MELB_URBAN,AVENUE,9,9.0
122338,1,2,121,2,1,80.0,0,I,MELB_URBAN,ROAD,9,12.0
122339,1,1,132,2,1,60.0,0,I,LARGE_PROVINCIAL_CITIES,STREET,9,10.0
122340,1,0,147,5,1,60.0,0,N,MELB_URBAN,BOULEVARD,9,14.0
122341,1,4,121,5,1,80.0,0,N,RURAL_VICTORIA,ROAD,9,15.0
122342,1,2,99,2,1,60.0,0,I,LARGE_PROVINCIAL_CITIES,AVENUE,9,14.0
122343,1,1,132,2,1,60.0,0,I,MELB_URBAN,ROAD,9,15.0
122344,1,2,147,5,1,80.0,0,N,MELB_URBAN,HIGHWAY,9,15.0
122345,2,2,100,1,1,60.0,0,I,MELB_URBAN,ROAD,9,15.0
122346,1,1,163,5,1,60.0,0,N,MELB_URBAN,ROAD,9,16.0
122347,4,2,171,5,1,50.0,0,N,LARGE_PROVINCIAL_CITIES,DRIVE,9,10.0
122348,1,2,113,1,1,60.0,0,N,LARGE_PROVINCIAL_CITIES,ROAD,9,17.0
122349,4,5,171,5,1,60.0,0,N,MELB_URBAN,RAMP,7,15.0
122350,6,2,99,5,1,100.0,0,N,RURAL_VICTORIA,ROAD,9,16.0
122351,4,2,183,5,1,100.0,0,N,RURAL_VICTORIA,ROAD,9,17.0
122352,4,2,171,5,3,60.0,0,N,MELB_URBAN,STREET,9,18.0
122353,2,2,102,2,3,50.0,0,I,MELB_URBAN,OTHER,9,19.0
122354,1,2,110,1,1,60.0,0,N,RURAL_VICTORIA,ROAD,9,14.0
122355,2,6,102,5,5,60.0,0,N,MELB_URBAN,DRIVE,8,18.0
122356,1,3,113,1,3,60.0,0,N,MELB_URBAN,STREET,9,5.0
122357,1,2,110,1,1,70.0,0,N,MELB_URBAN,DRIVE,9,6.0
122358,1,2,133,5,1,60.0,0,N,TOWNS,ROAD,9,16.0
122359,1,3,163,5,1,60.0,0,N,MELB_URBAN,ROAD,8,9.0
122360,6,2,174,5,1,100.0,0,N,RURAL_VICTORIA,ROAD,8,14.0
122361,1,1,99,3,3,40.0,0,I,MELB_URBAN,STREET,8,18.0
122362,4,3,171,5,1,60.0,0,N,RURAL_VICTORIA,AVENUE,9,7.0
122363,1,4,130,2,1,70.0,0,I,MELB_URBAN,DRIVE,1,15.0
122364,1,7,160,5,1,60.0,0,N,RURAL_VICTORIA,OTHER,9,15.0
122365,4,3,183,5,1,80.0,0,N,SMALL_TOWNS,HIGHWAY,9,11.0
122366,2,2,102,1,1,50.0,0,N,TOWNS,STREET,9,13.0
122367,1,2,121,1,1,60.0,0,I,MELB_URBAN,AVENUE,9,12.0
122368,2,5,100,5,1,60.0,0,N,MELB_URBAN,ROAD,9,12.0
122369,1,5,130,5,1,40.0,0,N,MELB_URBAN,ROAD,9,8.0
122370,1,2,99,2,1,50.0,0,I,MELB_URBAN,STREET,9,14.0
122371,1,3,160,5,1,80.0,0,N,RURAL_VICTORIA,ROAD,9,13.0
122372,1,4,99,1,1,80.0,0,N,MELB_URBAN,ROAD,9,17.0
122373,8,1,174,5,1,80.0,0,N,RURAL_VICTORIA,ROAD,5,12.0
122374,1,2,147,5,1,50.0,0,N,MELB_URBAN,AVENUE,9,12.0
122375,6,2,170,5,1,100.0,0,N,RURAL_VICTORIA,ROAD,9,16.0
122376,2,3,100,1,1,60.0,0,I,MELB_URBAN,ROAD,9,9.0
122377,1,4,130,5,2,60.0,0,N,MELB_URBAN,ROAD,7,17.0
122378,3,7,167,5,5,100.0,0,N,RURAL_VICTORIA,HIGHWAY,8,22.0
122379,4,3,173,5,1,60.0,0,N,SMALL_TOWNS,ROAD,9,6.0
122380,4,3,171,2,3,60.0,0,I,SMALL_CITIES,ROAD,9,19.0
122381,1,7,99,5,3,60.0,0,N,MELB_URBAN,STREET,8,18.0
122382,5,4,99,5,3,70.0,0,N,MELB_URBAN,ROAD,9,4.0
122383,1,4,110,4,1,60.0,0,I,MELB_URBAN,ROAD,9,7.0
122384,1,4,130,5,1,100.0,0,N,MELB_URBAN,FREEWAY,5,15.0
122385,1,3,110,1,1,70.0,0,I,MELB_URBAN,ROAD,9,7.0
122386,1,3,130,1,9,60.0,0,I,MELB_URBAN,ROAD,10,13.0
122387,1,5,140,5,1,60.0,0,N,LARGE_PROVINCIAL_CITIES,STREET,8,17.0
122388,4,4,171,5,1,80.0,0,N,MELB_URBAN,HIGHWAY,9,11.0
122389,1,2,130,1,1,60.0,0,I,MELB_URBAN,STREET,8,15.0
122390,4,5,173,5,5,90.0,0,N,RURAL_VICTORIA,ROAD,7,3.0
122391,4,4,173,5,1,60.0,0,N,SMALL_TOWNS,STREET,9,12.0
122392,1,3,110,1,1,60.0,0,I,SMALL_CITIES,STREET,9,13.0
122393,1,3,110,1,1,50.0,0,I,LARGE_PROVINCIAL_CITIES,STREET,9,14.0
122394,1,4,99,5,1,50.0,0,N,MELB_URBAN,DRIVE,9,11.0
122395,1,3,110,1,1,60.0,0,I,TOWNS,STREET,9,13.0
122396,1,3,130,1,1,80.0,0,I,MELB_URBAN,HIGHWAY,9,15.0
122397,1,5,99,5,1,50.0,0,N,MELB_URBAN,AVENUE,4,16.0
122398,1,4,116,2,1,80.0,0,I,RURAL_VICTORIA,ROAD,9,16.0
122399,1,3,160,5,1,60.0,0,N,MELB_URBAN,AVENUE,9,14.0
122400,1,3,132,2,1,60.0,0,I,MELB_URBAN,ROAD,9,16.0
122401,4,4,171,5,1,60.0,0,N,LARGE_PROVINCIAL_CITIES,STREET,9,14.0
122402,1,4,121,2,1,80.0,0,I,MELB_URBAN,ROAD,9,14.0
122403,4,4,183,5,1,70.0,0,N,MELB_URBAN,ROAD,9,16.0
122404,1,4,110,4,1,60.0,0,I,SMALL_CITIES,AVENUE,2,17.0
122405,1,6,132,5,1,60.0,0,N,MELB_URBAN,ROAD,8,12.0
122406,6,4,174,2,1,50.0,0,I,MELB_URBAN,DRIVE,9,15.0
122407,1,3,121,1,1,60.0,0,I,MELB_URBAN,ROAD,9,17.0
122408,6,4,99,5,1,100.0,0,N,RURAL_VICTORIA,OTHER,9,14.0
122409,2,4,99,5,5,50.0,1,N,LARGE_PROVINCIAL_CITIES,ROAD,9,19.0
122410,4,4,171,5,1,70.0,0,N,MELB_URBAN,ROAD,9,12.0
122411,1,5,113,1,1,70.0,0,I,MELB_URBAN,STREET,9,7.0
122412,1,1,110,1,9,60.0,0,I,MELB_URBAN,ROAD,9,22.0
122413,2,4,99,5,6,60.0,0,N,MELB_URBAN,DRIVE,8,6.0
122414,2,5,100,1,1,40.0,0,I,MELBOURNE_CBD,STREET,9,10.0
122415,1,5,147,5,1,60.0,0,N,MELB_URBAN,STREET,9,9.0
122416,1,4,130,5,9,60.0,0,N,MELB_URBAN,ROAD,4,13.0
122417,1,5,130,2,1,70.0,0,I,MELB_URBAN,ROAD,9,12.0
122418,4,4,171,5,3,50.0,0,N,MELB_URBAN,STREET,9,20.0
122419,1,5,130,2,9,60.0,0,I,MELB_URBAN,ROAD,9,15.0
122420,1,4,140,1,9,60.0,0,I,MELB_URBAN,ROAD,9,18.0
122421,4,4,99,5,5,100.0,0,N,SMALL_CITIES,OTHER,7,21.0
122422,1,5,132,2,1,60.0,0,I,MELB_URBAN,ROAD,9,15.0
122423,8,4,174,5,2,60.0,0,N,MELB_URBAN,ROAD,9,7.0
122424,8,7,174,2,1,60.0,0,I,MELB_URBAN,ROAD,5,12.0
122425,1,5,160,5,1,50.0,0,N,MELB_URBAN,ROAD,9,16.0
122426,1,5,113,2,1,70.0,0,N,RURAL_VICTORIA,ROAD,9,13.0
122427,1,5,120,5,9,60.0,0,N,MELB_URBAN,STREET,8,18.0
122428,1,4,130,1,1,60.0,0,N,MELB_URBAN,ROAD,9,17.0
122429,1,4,130,5,1,60.0,0,N,MELB_URBAN,ROAD,9,16.0
122430,1,4,147,5,1,60.0,0,N,RURAL_VICTORIA,ROAD,9,17.0
122431,4,5,171,5,5,60.0,0,N,RURAL_VICTORIA,ROAD,9,19.0
122432,8,1,174,5,1,40.0,0,N,MELB_URBAN,ROAD,11,13.0
122433,1,6,173,1,3,60.0,0,I,SMALL_CITIES,STREET,9,0.0
122434,4,6,173,2,3,50.0,0,I,MELB_URBAN,AVENUE,9,0.0
122435,1,4,130,1,2,80.0,0,N,MELB_URBAN,ROAD,7,6.0
122436,4,4,173,5,5,100.0,0,N,RURAL_VICTORIA,HIGHWAY,9,18.0
122437,2,4,100,2,1,60.0,0,I,MELB_URBAN,ROAD,9,7.0
122438,1,6,147,5,1,80.0,0,N,MELB_URBAN,ROAD,8,15.0
122439,1,4,99,2,1,40.0,0,I,MELB_URBAN,AVENUE,9,13.0
122440,1,4,130,5,1,70.0,0,N,MELB_URBAN,DRIVE,9,16.0
122441,4,5,171,5,1,40.0,0,N,MELB_URBAN,ROAD,9,11.0
122442,2,6,100,1,1,60.0,0,I,MELB_URBAN,OTHER,9,9.0
122443,1,5,99,2,1,40.0,0,I,SMALL_CITIES,ROAD,9,9.0
122444,1,5,135,5,1,80.0,0,N,MELB_URBAN,ROAD,9,10.0
122445,2,6,100,1,1,80.0,0,I,MELB_URBAN,STREET,9,12.0
122446,8,2,184,5,1,100.0,0,N,RURAL_VICTORIA,ROAD,9,12.0
122447,1,5,121,1,1,60.0,0,I,MELB_URBAN,AVENUE,9,16.0
122448,1,5,120,2,1,50.0,0,I,MELB_URBAN,OTHER,9,12.0
122449,1,6,110,1,1,50.0,0,I,MELB_URBAN,STREET,9,12.0
122450,1,6,121,1,1,60.0,0,I,MELB_URBAN,STREET,9,14.0
122451,2,3,99,5,1,60.0,0,N,MELB_URBAN,STREET,9,8.0
122452,1,1,130,5,1,80.0,0,N,MELB_URBAN,FREEWAY,11,8.0
122453,1,6,120,5,1,100.0,0,N,RURAL_VICTORIA,HIGHWAY,9,12.0
122454,1,6,130,5,1,80.0,0,N,RURAL_VICTORIA,HIGHWAY,9,15.0
122455,1,5,130,2,1,60.0,0,I,MELB_URBAN,HIGHWAY,9,15.0
122456,1,6,147,5,1,60.0,0,N,MELB_URBAN,ROAD,9,9.0
122457,6,6,99,5,1,100.0,0,N,RURAL_VICTORIA,ROAD,9,15.0
122458,1,4,130,5,1,40.0,0,N,RURAL_VICTORIA,HIGHWAY,7,14.0
122459,2,6,102,5,3,60.0,0,N,MELB_URBAN,AVENUE,9,19.0
122460,1,6,113,2,3,60.0,0,I,RURAL_VICTORIA,ROAD,9,19.0
122461,8,7,170,5,5,80.0,0,N,RURAL_VICTORIA,ROAD,9,0.0
122462,3,6,167,5,5,100.0,1,N,RURAL_VICTORIA,HIGHWAY,9,22.0
122463,1,7,133,5,3,100.0,0,N,MELB_URBAN,DRIVE,9,1.0
122464,8,4,174,2,2,60.0,0,N,MELB_URBAN,ROAD,1,18.0
122465,1,3,110,1,3,60.0,0,N,MELB_URBAN,ROAD,4,19.0
122466,1,6,121,1,1,60.0,0,I,MELB_URBAN,STREET,9,9.0
122467,4,7,183,5,1,60.0,0,N,RURAL_VICTORIA,ROAD,9,13.0
122468,6,7,99,5,1,100.0,1,N,RURAL_VICTORIA,ROAD,9,9.0
122469,4,7,183,5,1,100.0,0,N,RURAL_VICTORIA,OTHER,9,9.0
122470,4,5,181,5,1,70.0,0,N,RURAL_VICTORIA,ROAD,8,15.0
122471,1,7,110,4,1,80.0,0,I,RURAL_VICTORIA,HIGHWAY,9,14.0
122472,1,7,113,2,1,60.0,0,N,MELB_URBAN,UNKNOWN,9,16.0
122473,4,7,181,5,1,60.0,0,N,RURAL_VICTORIA,ROAD,9,16.0
122474,1,3,116,1,1,50.0,0,I,MELB_URBAN,AVENUE,10,12.0
122475,4,7,171,5,1,80.0,0,N,MELB_URBAN,HIGHWAY,9,14.0
122476,1,7,110,1,5,50.0,0,I,LARGE_PROVINCIAL_CITIES,STREET,9,19.0
122477,1,7,130,1,1,50.0,0,I,MELB_URBAN,DRIVE,9,19.0
122478,4,7,171,5,1,100.0,1,N,RURAL_VICTORIA,ROAD,9,17.0
122479,4,7,171,1,3,60.0,0,I,LARGE_PROVINCIAL_CITIES,ROAD,9,3.0
122480,1,7,99,5,6,50.0,0,N,MELB_URBAN,STREET,9,21.0
122481,4,6,171,2,3,80.0,0,I,RURAL_VICTORIA,ROAD,9,21.0
122482,2,7,99,2,3,60.0,0,I,MELB_URBAN,HIGHWAY,9,23.0
122483,4,1,171,5,3,60.0,0,N,MELB_URBAN,STREET,9,2.0
122484,4,5,173,5,5,100.0,0,N,RURAL_VICTORIA,ROAD,6,18.0
122485,1,1,160,5,3,50.0,0,N,MELB_URBAN,UNKNOWN,9,0.0
122486,1,6,99,5,1,60.0,0,N,MELB_URBAN,STREET,9,12.0
122487,4,1,171,1,1,70.0,0,I,MELB_URBAN,ROAD,9,9.0
122488,1,0,113,2,1,100.0,0,I,RURAL_VICTORIA,ROAD,9,8.0
122489,2,0,99,5,1,40.0,0,N,MELB_URBAN,STREET,9,9.0
122490,3,1,167,5,1,60.0,0,N,RURAL_VICTORIA,ROAD,9,13.0
122491,8,6,174,5,5,100.0,0,N,MELB_URBAN,FREEWAY,8,6.0
122492,1,1,130,1,1,70.0,0,I,LARGE_PROVINCIAL_CITIES,HIGHWAY,9,14.0
122493,1,1,99,5,3,40.0,0,N,MELB_URBAN,STREET,9,18.0
122494,1,6,99,2,1,60.0,0,I,MELB_URBAN,ROAD,6,14.0
122495,7,1,99,5,1,40.0,0,N,MELB_URBAN,STREET,9,13.0
122496,1,1,113,1,2,60.0,0,I,MELB_URBAN,ROAD,9,16.0
122497,1,1,110,1,1,60.0,0,I,SMALL_CITIES,STREET,9,17.0
122498,2,1,99,5,1,100.0,0,N,RURAL_VICTORIA,ROAD,9,16.0
122499,1,2,120,5,1,60.0,0,N,MELB_URBAN,STREET,9,14.0
122500,2,1,102,1,3,50.0,0,I,MELB_URBAN,STREET,9,20.0
122501,2,1,99,5,3,50.0,0,N,SMALL_CITIES,STREET,9,23.0
122502,4,2,171,5,5,100.0,0,N,RURAL_VICTORIA,ROAD,9,2.0
122503,1,1,132,5,1,60.0,0,N,SMALL_CITIES,ROAD,9,16.0
122504,6,1,99,2,1,50.0,0,N,MELB_URBAN,DRIVE,9,15.0
122505,5,6,99,5,1,100.0,0,N,MELB_URBAN,RAMP,9,12.0
122506,6,4,184,5,2,40.0,0,N,MELB_URBAN,OTHER,9,17.0
122507,4,1,171,5,1,50.0,0,N,MELB_URBAN,ROAD,9,8.0
122508,3,2,167,5,5,100.0,0,N,RURAL_VICTORIA,ROAD,5,6.0
122509,1,6,132,1,1,60.0,0,I,LARGE_PROVINCIAL_CITIES,ROAD,6,12.0
122510,1,1,133,5,1,50.0,0,N,SMALL_CITIES,OTHER,9,12.0
122511,1,2,110,1,1,60.0,0,I,LARGE_PROVINCIAL_CITIES,OTHER,9,14.0
122512,4,2,171,5,1,100.0,0,N,RURAL_VICTORIA,HIGHWAY,9,13.0
122513,1,1,99,2,2,60.0,0,I,SMALL_CITIES,UNKNOWN,9,17.0
122514,1,1,99,5,1,40.0,0,N,MELB_URBAN,STREET,9,13.0
122515,1,2,99,2,1,60.0,0,I,SMALL_CITIES,OTHER,9,13.0
122516,1,2,99,2,1,60.0,0,I,MELB_URBAN,ROAD,9,8.0
122517,1,2,110,1,1,80.0,0,I,MELB_URBAN,HIGHWAY,9,15.0
122518,1,1,99,1,1,60.0,0,I,MELB_URBAN,HIGHWAY,9,12.0
122519,4,2,171,2,1,60.0,0,I,TOWNS,STREET,9,16.0
122520,3,3,167,5,5,100.0,0,N,RURAL_VICTORIA,ROAD,9,19.0
122521,1,2,130,5,1,80.0,0,N,MELB_URBAN,ROAD,9,16.0
122522,1,2,99,1,1,70.0,0,I,MELB_URBAN,ROAD,9,17.0
122523,1,2,116,1,1,60.0,0,I,MELB_URBAN,ROAD,9,11.0
122524,1,2,99,1,1,50.0,0,I,MELB_URBAN,ROAD,9,16.0
122525,1,5,130,5,9,60.0,0,N,MELB_URBAN,ROAD,9,17.0
122526,8,2,170,5,1,100.0,0,N,RURAL_VICTORIA,ROAD,9,6.0
122527,4,3,173,5,3,50.0,0,N,MELB_URBAN,STREET,9,1.0
122528,1,3,99,5,1,60.0,0,N,MELB_URBAN,OTHER,9,6.0
122529,1,0,130,2,1,60.0,0,I,RURAL_VICTORIA,ROAD,9,16.0
122530,1,3,99,1,1,60.0,0,N,MELB_URBAN,STREET,9,6.0
122531,1,3,120,5,1,50.0,0,N,MELB_URBAN,ROAD,9,8.0
122532,1,1,132,1,1,40.0,0,I,MELB_URBAN,ROAD,9,17.0
122533,1,3,121,2,1,50.0,0,I,SMALL_CITIES,STREET,9,9.0
122534,8,1,174,3,2,60.0,0,N,RURAL_VICTORIA,OTHER,8,18.0
122535,1,3,110,1,2,100.0,0,I,RURAL_VICTORIA,ROAD,8,17.0
122536,6,3,170,5,1,100.0,0,N,RURAL_VICTORIA,HIGHWAY,9,12.0
122537,5,3,99,5,1,80.0,0,N,RURAL_VICTORIA,OTHER,9,11.0
122538,1,1,132,2,2,40.0,0,I,MELB_URBAN,STREET,9,19.0
122539,5,3,99,5,1,80.0,0,N,RURAL_VICTORIA,ROAD,9,15.0
122540,1,2,110,1,1,50.0,0,I,SMALL_CITIES,STREET,9,17.0
122541,1,3,121,1,1,80.0,0,I,MELB_URBAN,ROAD,9,17.0
122542,1,3,110,1,3,70.0,0,I,MELB_URBAN,ROAD,9,18.0
122543,1,3,116,4,2,50.0,0,I,SMALL_CITIES,DRIVE,9,17.0
122544,4,2,171,5,5,100.0,0,N,RURAL_VICTORIA,OTHER,9,19.0
122545,6,3,174,5,1,60.0,0,N,MELB_URBAN,ROAD,9,16.0
122546,1,6,130,1,1,50.0,0,I,TOWNS,HIGHWAY,9,8.0
122547,1,4,113,2,6,60.0,0,I,MELB_URBAN,DRIVE,9,5.0
122548,2,4,100,1,1,50.0,0,I,RURAL_VICTORIA,BOULEVARD,9,7.0
122549,1,4,135,4,1,80.0,0,N,MELB_URBAN,RAMP,9,6.0
122550,4,4,181,5,1,100.0,0,N,RURAL_VICTORIA,ROAD,9,8.0
122551,1,3,133,1,1,60.0,0,I,MELB_URBAN,PARADE,9,9.0
122552,5,3,99,5,1,100.0,0,N,RURAL_VICTORIA,ROAD,9,12.0
122553,6,0,184,5,1,80.0,0,N,RURAL_VICTORIA,ROAD,9,9.0
122554,1,4,116,2,1,50.0,0,I,MELB_URBAN,DRIVE,9,8.0
122555,4,4,183,5,1,80.0,0,N,TOWNS,ROAD,9,8.0
122556,1,4,147,5,1,70.0,0,N,MELB_URBAN,ROAD,9,12.0
122557,4,4,171,1,1,70.0,0,I,LARGE_PROVINCIAL_CITIES,HIGHWAY,9,11.0
122558,1,4,110,1,1,50.0,0,I,TOWNS,STREET,9,13.0
122559,1,4,130,1,1,60.0,0,I,MELB_URBAN,ROAD,9,13.0
122560,1,3,99,5,2,80.0,0,N,MELB_URBAN,ROAD,9,17.0
122561,4,3,173,5,1,60.0,0,N,MELB_URBAN,ROAD,9,13.0
122562,8,0,174,5,1,100.0,0,O,RURAL_VICTORIA,ROAD,9,9.0
122563,1,5,99,5,9,60.0,0,N,MELB_URBAN,STREET,8,18.0
122564,1,4,111,4,1,60.0,0,N,MELB_URBAN,ROAD,9,13.0
122565,4,3,171,5,1,50.0,0,N,LARGE_PROVINCIAL_CITIES,STREET,9,18.0
122566,1,3,130,5,2,80.0,0,N,RURAL_VICTORIA,FREEWAY,9,18.0
122567,2,3,102,5,3,70.0,0,N,MELB_URBAN,ROAD,9,21.0
122568,1,2,160,5,1,50.0,0,N,MELB_URBAN,OTHER,9,11.0
122569,2,5,102,1,2,80.0,0,I,MELB_URBAN,ROAD,9,7.0
122570,6,4,174,2,1,40.0,0,N,MELB_URBAN,STREET,9,8.0
122571,1,5,140,5,1,60.0,0,N,MELB_URBAN,ROAD,9,8.0
122572,9,1,99,5,1,60.0,0,N,RURAL_VICTORIA,OTHER,9,13.0
122573,1,5,113,2,9,70.0,0,I,MELB_URBAN,ROAD,8,15.0