,accident_type,day_of_week,dca_code,road_geometry,light_condition,speed_zone,severity,node_type,deg_urban_name,road_type,month,hour
122574,2,5,100,1,1,60.0,0,I,MELB_URBAN,PARADE,9,11.0
122575,1,2,113,1,1,60.0,0,I,RURAL_VICTORIA,ROAD,9,13.0
122576,2,5,100,5,1,50.0,0,N,MELB_URBAN,STREET,9,12.0
122577,1,5,110,1,1,80.0,0,I,TOWNS,HIGHWAY,9,8.0
122578,7,4,99,5,1,80.0,0,N,SMALL_TOWNS,ROAD,9,11.0
122579,1,4,130,5,1,60.0,0,N,MELB_URBAN,ROAD,9,13.0
122580,1,5,163,5,1,50.0,0,N,MELB_URBAN,STREET,9,8.0
122581,1,4,110,4,1,60.0,0,I,MELB_URBAN,ROAD,8,12.0
122582,1,6,99,5,1,70.0,0,N,MELB_URBAN,ROAD,9,6.0
122583,1,5,110,1,1,60.0,0,I,MELB_URBAN,ROAD,9,16.0
122584,2,5,100,1,1,40.0,0,I,MELB_URBAN,ROAD,9,11.0
122585,1,4,116,1,1,50.0,0,I,LARGE_PROVINCIAL_CITIES,STREET,9,8.0
122586,4,5,171,5,1,50.0,0,N,LARGE_PROVINCIAL_CITIES,STREET,9,16.0
122587,1,5,120,5,1,60.0,0,N,SMALL_TOWNS,ROAD,9,17.0
122588,1,4,130,1,3,60.0,0,I,MELB_URBAN,ROAD,9,20.0
122589,4,4,173,5,1,100.0,0,N,RURAL_VICTORIA,ROAD,9,16.0
122590,1,6,110,1,1,50.0,0,I,MELB_URBAN,STREET,9,13.0
122591,7,5,99,1,3,60.0,0,I,SMALL_CITIES,STREET,9,20.0
122592,4,4,171,5,3,50.0,0,N,MELB_URBAN,AVENUE,9,20.0
122593,6,5,99,5,5,100.0,0,N,RURAL_VICTORIA,ROAD,9,21.0
122594,1,5,99,5,4,80.0,0,N,SMALL_TOWNS,FREEWAY,9,19.0
122595,1,2,110,1,6,60.0,0,I,SMALL_CITIES,STREET,8,21.0
122596,1,6,135,5,1,60.0,0,N,MELB_URBAN,STREET,9,10.0
122597,1,6,99,5,1,100.0,0,N,RURAL_VICTORIA,HIGHWAY,9,11.0
122598,1,5,110,1,1,60.0,0,I,SMALL_CITIES,DRIVE,9,10.0
122599,1,6,99,5,1,50.0,0,N,MELB_URBAN,OTHER,9,10.0
122600,1,5,120,5,1,50.0,0,N,MELB_URBAN,DRIVE,9,13.0
122601,2,5,102,1,1,40.0,0,I,MELB_URBAN,ROAD,9,9.0
122602,1,6,121,1,1,40.0,0,I,MELB_URBAN,AVENUE,9,13.0
122603,1,4,99,1,1,60.0,0,I,MELB_URBAN,BOULEVARD,9,16.0
122604,1,6,110,1,1,60.0,0,I,SMALL_CITIES,STREET,9,13.0
122605,1,3,121,5,1,60.0,0,I,LARGE_PROVINCIAL_CITIES,STREET,3,8.0
122606,6,5,170,5,1,50.0,0,N,RURAL_VICTORIA,ROAD,9,13.0
122607,1,6,132,2,1,60.0,0,I,MELB_URBAN,ROAD,9,16.0
122608,1,6,99,5,1,60.0,0,N,MELB_URBAN,STREET,9,14.0
122609,1,5,113,2,1,50.0,0,I,MELB_URBAN,STREET,9,16.0
122610,1,6,110,1,3,50.0,0,I,MELB_URBAN,ROAD,9,19.0
122611,4,6,173,1,3,75.0,0,I,LARGE_PROVINCIAL_CITIES,STREET,9,19.0
122612,4,2,173,5,1,50.0,0,N,MELB_URBAN,STREET,8,17.0
122613,2,5,99,5,3,40.0,0,O,MELB_URBAN,UNKNOWN,9,20.0
122614,4,6,99,4,5,100.0,0,I,RURAL_VICTORIA,HIGHWAY,9,19.0
122615,6,6,99,1,3,60.0,0,I,MELB_URBAN,STREET,9,23.0
122616,1,6,113,2,3,60.0,0,I,MELB_URBAN,ROAD,9,18.0
122617,1,5,132,2,1,60.0,0,I,MELB_URBAN,ROAD,9,11.0
122618,1,7,99,2,2,80.0,0,I,RURAL_VICTORIA,STREET,9,6.0
122619,1,2,113,2,3,80.0,0,I,MELB_URBAN,ROAD,9,21.0
122620,1,7,99,5,1,60.0,0,N,MELB_URBAN,ROAD,9,13.0
122621,1,6,163,2,1,50.0,0,I,MELB_URBAN,STREET,9,13.0
122622,1,7,140,5,1,100.0,0,N,RURAL_VICTORIA,HIGHWAY,9,14.0
122623,7,7,99,1,3,50.0,0,I,LARGE_PROVINCIAL_CITIES,STREET,9,1.0
122624,1,6,160,5,1,50.0,0,N,MELB_URBAN,AVENUE,9,13.0
122625,1,4,130,5,6,40.0,0,N,RURAL_VICTORIA,ROAD,9,6.0
122626,1,7,147,5,1,50.0,0,N,MELB_URBAN,OTHER,9,13.0
122627,1,6,116,2,3,40.0,0,I,MELBOURNE_CBD,STREET,9,18.0
122628,4,7,171,5,1,80.0,0,N,MELB_URBAN,ROAD,9,17.0
122629,1,7,121,1,3,60.0,0,I,MELB_URBAN,STREET,9,19.0
122630,1,6,110,1,1,60.0,0,I,SMALL_CITIES,ROAD,9,16.0
122631,4,7,181,5,2,60.0,0,N,LARGE_PROVINCIAL_CITIES,STREET,9,18.0
122632,1,1,113,3,1,50.0,0,I,MELB_URBAN,ROAD,8,16.0
122633,4,1,173,5,3,80.0,0,N,RURAL_VICTORIA,OTHER,9,5.0
122634,4,1,173,5,1,60.0,0,N,MELB_URBAN,ROAD,9,7.0
122635,4,6,181,5,1,100.0,0,N,RURAL_VICTORIA,HIGHWAY,9,12.0
122636,1,1,110,1,1,40.0,0,I,MELB_URBAN,STREET,9,9.0
122637,1,7,147,5,1,60.0,0,N,MELB_URBAN,STREET,9,11.0
122638,1,1,121,1,1,60.0,0,I,LARGE_PROVINCIAL_CITIES,STREET,9,12.0
122639,1,1,99,5,1,50.0,0,N,MELB_URBAN,AVENUE,9,13.0
122640,1,1,160,5,1,60.0,0,N,MELB_URBAN,ROAD,9,12.0
122641,4,1,181,5,5,100.0,0,N,RURAL_VICTORIA,HIGHWAY,9,4.0
122642,1,1,110,1,1,80.0,0,I,MELB_URBAN,OTHER,9,8.0
122643,1,0,121,2,1,50.0,0,I,MELB_URBAN,STREET,9,17.0
122644,4,1,171,5,1,100.0,1,N,RURAL_VICTORIA,HIGHWAY,9,8.0
122645,1,1,121,2,1,60.0,0,I,MELB_URBAN,ROAD,9,17.0
122646,1,0,110,1,3,80.0,0,N,MELB_URBAN,ROAD,9,19.0
122647,1,0,99,1,3,60.0,0,I,LARGE_PROVINCIAL_CITIES,ROAD,9,21.0
122648,2,0,99,5,4,60.0,0,N,RURAL_VICTORIA,ROAD,9,19.0
122649,1,1,130,5,3,100.0,0,N,MELB_URBAN,FREEWAY,9,18.0
122650,1,4,110,1,3,80.0,0,N,MELB_URBAN,ROAD,8,20.0
122651,1,1,140,5,1,40.0,0,N,MELB_URBAN,STREET,9,16.0
122652,1,0,160,5,3,40.0,0,N,MELB_URBAN,AVENUE,9,21.0
122653,4,2,173,5,3,60.0,0,N,TOWNS,STREET,9,3.0
122654,1,5,113,2,3,80.0,0,I,MELB_URBAN,ROAD,9,18.0
122655,1,1,120,5,5,100.0,0,N,RURAL_VICTORIA,ROAD,9,5.0
122656,2,1,100,2,1,60.0,0,I,MELB_URBAN,ROAD,9,9.0
122657,4,1,99,2,2,100.0,0,I,RURAL_VICTORIA,HIGHWAY,9,17.0
122658,3,7,167,5,1,100.0,0,N,RURAL_VICTORIA,ROAD,7,13.0
122659,4,5,99,5,1,50.0,0,N,RURAL_VICTORIA,DRIVE,8,9.0
122660,3,0,167,5,1,100.0,0,N,RURAL_VICTORIA,ROAD,7,16.0
122661,5,7,99,2,9,60.0,0,I,RURAL_VICTORIA,ROAD,8,9.0
122662,1,3,130,5,1,50.0,0,N,MELB_URBAN,OTHER,9,16.0
122663,6,2,99,5,1,80.0,0,N,RURAL_VICTORIA,ROAD,9,6.0
122664,1,7,160,5,1,60.0,0,N,MELB_URBAN,STREET,7,15.0
122665,1,5,130,1,1,60.0,0,I,LARGE_PROVINCIAL_CITIES,STREET,8,11.0
122666,1,2,99,2,1,40.0,0,N,MELB_URBAN,STREET,9,8.0
122667,1,2,135,5,1,60.0,0,N,MELB_URBAN,ROAD,9,13.0
122668,8,0,99,5,1,60.0,0,N,RURAL_VICTORIA,ROAD,9,12.0
122669,1,2,121,1,1,50.0,0,I,TOWNS,STREET,9,16.0
122670,1,2,116,1,1,80.0,0,N,RURAL_VICTORIA,RAMP,9,15.0
122671,3,2,167,5,1,100.0,0,N,RURAL_VICTORIA,ROAD,9,16.0
122672,1,1,121,1,1,50.0,0,I,RURAL_VICTORIA,ROAD,9,16.0
122673,1,2,130,1,1,80.0,0,N,MELB_URBAN,ROAD,8,8.0
122674,1,2,121,1,1,80.0,0,I,SMALL_TOWNS,ROAD,9,15.0
122675,1,2,110,1,3,60.0,0,I,MELB_URBAN,ROAD,9,19.0
122676,3,2,167,5,5,100.0,0,N,RURAL_VICTORIA,HIGHWAY,9,20.0
122677,1,1,110,1,3,80.0,0,I,MELB_URBAN,ROAD,9,21.0
122678,4,3,173,5,2,40.0,0,N,MELB_URBAN,STREET,9,4.0
122679,1,2,113,2,2,60.0,0,N,MELB_URBAN,STREET,9,5.0
122680,1,4,130,2,1,90.0,0,I,RURAL_VICTORIA,ROAD,8,11.0
122681,1,3,133,2,1,80.0,0,I,LARGE_PROVINCIAL_CITIES,HIGHWAY,9,16.0
122682,1,1,135,5,1,100.0,0,N,MELB_URBAN,FREEWAY,3,13.0
122683,1,0,160,5,9,50.0,0,N,SMALL_CITIES,OTHER,8,10.0
122684,1,2,110,1,1,60.0,0,I,LARGE_PROVINCIAL_CITIES,DRIVE,9,10.0
122685,2,1,100,5,1,50.0,0,N,MELB_URBAN,OTHER,9,17.0
122686,6,7,174,5,3,40.0,0,N,MELB_URBAN,STREET,9,21.0
122687,7,0,99,5,1,60.0,0,N,RURAL_VICTORIA,OTHER,8,15.0
122688,1,3,132,2,1,100.0,0,I,RURAL_VICTORIA,ROAD,9,10.0
122689,8,3,174,5,1,50.0,0,N,MELB_URBAN,AVENUE,9,13.0
122690,1,3,130,5,1,80.0,0,N,RURAL_VICTORIA,FREEWAY,9,6.0
122691,2,3,100,1,1,60.0,0,N,MELB_URBAN,ROAD,9,12.0
122692,1,3,116,1,1,80.0,0,I,MELB_URBAN,ROAD,9,13.0
122693,1,2,110,1,1,50.0,0,I,LARGE_PROVINCIAL_CITIES,AVENUE,9,13.0
122694,1,6,99,5,1,80.0,0,N,MELB_URBAN,ROAD,8,8.0
122695,4,3,181,5,1,50.0,0,N,MELB_URBAN,AVENUE,9,12.0
122696,4,3,99,2,1,60.0,0,I,MELB_URBAN,ROAD,9,10.0
122697,1,2,99,2,1,80.0,0,I,LARGE_PROVINCIAL_CITIES,STREET,8,12.0
122698,9,1,99,2,1,60.0,0,N,RURAL_VICTORIA,OTHER,8,15.0
122699,6,3,99,5,1,60.0,0,N,MELB_URBAN,ROAD,9,14.0
122700,1,3,130,5,2,80.0,0,N,MELB_URBAN,FREEWAY,9,16.0
122701,5,2,99,5,1,60.0,0,N,MELB_URBAN,ROAD,9,15.0
122702,6,3,174,4,1,60.0,0,I,MELB_URBAN,ROAD,9,17.0
122703,4,3,171,5,1,100.0,0,N,RURAL_VICTORIA,ROAD,9,14.0
122704,1,2,113,2,1,80.0,0,I,MELB_URBAN,ROAD,9,17.0
122705,1,3,130,1,1,50.0,0,I,MELB_URBAN,DRIVE,8,9.0
122706,4,3,171,5,1,60.0,0,N,MELB_URBAN,STREET,9,16.0
122707,1,3,110,1,3,80.0,0,I,MELB_URBAN,OTHER,9,19.0
122708,1,2,130,5,1,80.0,0,N,MELB_URBAN,HIGHWAY,9,16.0
122709,1,2,110,1,1,100.0,0,I,RURAL_VICTORIA,ROAD,9,18.0
122710,1,3,130,2,3,60.0,0,I,MELB_URBAN,ROAD,9,20.0
122711,1,5,113,2,1,80.0,0,N,RURAL_VICTORIA,ROAD,9,9.0
122712,1,4,130,2,1,60.0,0,N,RURAL_VICTORIA,ROAD,9,6.0
122713,1,6,116,2,1,60.0,0,I,RURAL_VICTORIA,HIGHWAY,9,11.0
122714,1,4,110,1,1,50.0,0,I,LARGE_PROVINCIAL_CITIES,STREET,9,7.0
122715,1,6,99,2,1,50.0,0,I,MELB_URBAN,STREET,9,17.0
122716,4,3,181,2,5,80.0,0,I,RURAL_VICTORIA,HIGHWAY,9,20.0
122717,4,6,183,9,1,100.0,0,N,RURAL_VICTORIA,ROAD,9,14.0
122718,1,2,99,1,1,80.0,0,I,MELB_URBAN,ROAD,8,15.0
122719,8,1,170,4,1,60.0,0,N,LARGE_PROVINCIAL_CITIES,STREET,11,13.0
122720,4,2,99,5,1,100.0,0,N,RURAL_VICTORIA,STREET,9,17.0
122721,1,3,110,1,1,50.0,0,I,MELB_URBAN,STREET,9,13.0
122722,1,7,147,5,1,60.0,0,N,MELB_URBAN,AVENUE,9,16.0
122723,4,3,181,5,1,60.0,0,N,MELB_URBAN,ROAD,9,11.0
122724,8,6,174,4,1,60.0,0,N,SMALL_CITIES,AVENUE,9,16.0
122725,4,3,171,5,1,60.0,0,N,RURAL_VICTORIA,ROAD,9,16.0
122726,4,7,181,5,5,50.0,0,N,RURAL_VICTORIA,ROAD,9,19.0
122727,6,2,170,1,2,30.0,0,I,MELB_URBAN,HIGHWAY,9,6.0
122728,8,4,174,5,1,70.0,0,N,RURAL_VICTORIA,ROAD,9,16.0
122729,1,4,160,5,1,50.0,0,N,MELB_URBAN,ROAD,9,13.0
122730,1,4,130,2,1,60.0,0,N,MELB_URBAN,OTHER,9,15.0
122731,1,4,160,5,1,50.0,0,N,MELB_URBAN,STREET,9,18.0
122732,4,4,173,5,3,80.0,0,N,LARGE_PROVINCIAL_CITIES,ROAD,9,19.0
122733,1,3,130,5,1,60.0,0,N,MELB_URBAN,ROAD,9,16.0
122734,1,4,113,2,1,100.0,0,I,RURAL_VICTORIA,ROAD,9,14.0
122735,1,2,130,1,1,80.0,0,I,MELB_URBAN,ROAD,9,17.0
122736,6,5,99,2,1,100.0,0,I,RURAL_VICTORIA,ROAD,9,8.0
122737,1,4,130,5,1,60.0,0,N,MELB_URBAN,ROAD,9,17.0
122738,6,5,99,5,1,100.0,0,N,RURAL_VICTORIA,ROAD,9,7.0
122739,1,5,121,1,1,80.0,0,I,MELB_URBAN,ROAD,9,9.0
122740,2,5,99,5,1,40.0,0,N,SMALL_TOWNS,OTHER,9,12.0
122741,8,5,174,5,1,50.0,0,N,MELB_URBAN,ROAD,9,11.0
122742,1,4,110,1,5,100.0,0,I,RURAL_VICTORIA,ROAD,9,19.0
122743,4,5,173,5,1,60.0,0,N,LARGE_PROVINCIAL_CITIES,STREET,9,13.0
122744,8,7,174,5,1,80.0,0,N,RURAL_VICTORIA,ROAD,9,10.0
122745,6,5,99,5,1,60.0,0,N,MELB_URBAN,ROAD,9,10.0
122746,1,5,99,5,1,80.0,0,N,RURAL_VICTORIA,ROAD,9,14.0
122747,1,4,140,2,1,60.0,0,I,MELB_URBAN,ROAD,9,14.0
122748,2,4,99,1,1,50.0,0,N,MELB_URBAN,ROAD,9,11.0
122749,4,4,171,5,1,80.0,0,N,RURAL_VICTORIA,ROAD,9,13.0
122750,1,5,116,2,1,50.0,0,N,TOWNS,STREET,9,13.0
122751,1,4,99,1,1,40.0,0,I,MELB_URBAN,AVENUE,9,14.0
122752,1,6,163,5,1,40.0,0,N,MELB_URBAN,STREET,9,15.0
122753,1,7,147,5,1,60.0,0,I,SMALL_CITIES,STREET,2,16.0
122754,1,5,113,1,1,60.0,0,I,SMALL_CITIES,STREET,9,14.0
122755,4,5,171,5,5,100.0,0,N,RURAL_VICTORIA,ROAD,9,2.0
122756,1,3,113,2,1,40.0,0,I,MELB_URBAN,STREET,9,13.0
122757,1,5,130,5,3,100.0,0,N,MELB_URBAN,ROAD,9,18.0
122758,1,4,99,1,1,80.0,0,I,MELB_URBAN,HIGHWAY,9,17.0
122759,1,5,132,2,1,80.0,0,I,MELB_URBAN,ROAD,9,14.0
122760,1,5,160,5,3,60.0,0,N,TOWNS,ROAD,9,20.0
122761,1,5,110,1,3,60.0,0,I,MELB_URBAN,ROAD,9,21.0
122762,1,6,160,5,2,100.0,0,N,MELB_URBAN,FREEWAY,9,5.0
122763,4,6,171,5,1,40.0,0,N,MELB_URBAN,STREET,9,7.0
122764,4,6,181,5,1,50.0,0,N,MELB_URBAN,DRIVE,9,8.0
122765,4,1,183,5,1,60.0,0,N,RURAL_VICTORIA,OTHER,9,14.0
122766,1,0,99,5,1,80.0,0,N,LARGE_PROVINCIAL_CITIES,HIGHWAY,9,13.0
122767,1,3,116,1,1,60.0,0,I,MELB_URBAN,ROAD,9,16.0
122768,1,6,113,2,1,80.0,0,I,MELB_URBAN,ROAD,9,9.0
122769,1,6,130,5,2,100.0,0,N,MELB_URBAN,FREEWAY,9,6.0
122770,4,6,99,5,1,60.0,0,N,MELB_URBAN,BOULEVARD,9,10.0
122771,1,2,130,1,1,40.0,0,I,LARGE_PROVINCIAL_CITIES,STREET,9,13.0
122772,6,6,174,2,1,60.0,0,I,MELB_URBAN,ROAD,9,15.0
122773,1,5,110,1,1,60.0,0,I,RURAL_VICTORIA,ROAD,9,12.0
122774,1,6,160,5,1,70.0,0,N,MELB_URBAN,ROAD,9,15.0
122775,4,5,99,2,1,80.0,0,I,MELB_URBAN,ROAD,9,14.0
122776,1,4,130,1,1,80.0,0,N,MELB_URBAN,ROAD,9,6.0
122777,1,6,130,2,1,80.0,0,I,MELB_URBAN,HIGHWAY,9,16.0
122778,6,6,99,2,3,50.0,0,I,MELB_URBAN,STREET,9,19.0
122779,4,6,99,5,1,50.0,0,N,MELB_URBAN,ROAD,9,17.0
122780,4,6,171,5,3,50.0,0,N,SMALL_CITIES,STREET,9,18.0
122781,1,5,110,1,3,60.0,0,I,TOWNS,ROAD,9,19.0
122782,1,6,121,1,1,50.0,0,I,TOWNS,STREET,9,15.0
122783,4,6,99,5,4,50.0,0,N,MELB_URBAN,STREET,9,18.0
122784,4,6,183,5,6,80.0,0,N,MELB_URBAN,RAMP,9,20.0
122785,1,2,113,2,1,80.0,0,I,MELB_URBAN,ROAD,6,8.0
122786,1,7,121,4,1,60.0,0,I,MELB_URBAN,STREET,9,9.0
122787,1,5,130,1,1,80.0,0,N,MELB_URBAN,HIGHWAY,9,11.0
122788,1,7,130,5,1,80.0,0,N,RURAL_VICTORIA,ROAD,9,9.0
122789,2,7,102,5,1,50.0,0,N,MELB_URBAN,AVENUE,9,12.0
122790,4,7,171,5,1,100.0,0,N,RURAL_VICTORIA,ROAD,9,13.0
122791,1,5,99,5,5,100.0,0,N,RURAL_VICTORIA,FREEWAY,9,18.0
122792,1,6,121,2,1,60.0,0,N,SMALL_CITIES,DRIVE,9,14.0
122793,2,4,100,2,1,50.0,0,I,MELB_URBAN,ROAD,9,13.0
122794,1,7,99,5,1,50.0,0,N,MELB_URBAN,STREET,9,14.0
122795,1,7,147,5,1,60.0,0,N,MELB_URBAN,STREET,9,10.0
122796,1,6,110,4,1,60.0,0,I,TOWNS,ROAD,9,11.0
122797,8,6,170,5,1,100.0,0,N,RURAL_VICTORIA,HIGHWAY,9,15.0
122798,1,6,121,2,3,50.0,0,I,MELB_URBAN,STREET,9,20.0
122799,1,7,111,1,1,50.0,0,I,MELB_URBAN,STREET,9,17.0
122800,4,7,183,5,1,60.0,0,N,RURAL_VICTORIA,ROAD,9,16.0
122801,1,3,134,5,3,80.0,0,N,MELB_URBAN,FREEWAY,9,18.0
122802,6,6,174,5,1,50.0,0,N,RURAL_VICTORIA,STREET,9,15.0
122803,1,7,120,5,1,60.0,0,N,MELB_URBAN,ROAD,9,12.0
122804,6,6,170,1,1,60.0,0,I,MELB_URBAN,ROAD,9,16.0
122805,1,6,130,2,3,60.0,0,I,MELB_URBAN,ROAD,9,21.0
122806,1,7,113,4,3,70.0,0,I,MELB_URBAN,ROAD,9,19.0
122807,4,7,181,1,3,80.0,0,I,MELB_URBAN,ROAD,9,22.0
122808,1,0,171,5,3,60.0,0,N,MELB_URBAN,ROAD,9,3.0
122809,1,1,130,1,1,80.0,0,I,MELB_URBAN,ROAD,9,16.0
122810,5,1,99,5,1,60.0,0,N,RURAL_VICTORIA,ROAD,9,10.0
122811,4,5,171,5,2,50.0,0,N,LARGE_PROVINCIAL_CITIES,AVENUE,8,17.0
122812,3,2,167,5,2,80.0,0,N,RURAL_VICTORIA,HIGHWAY,7,17.0
122813,1,0,160,5,1,50.0,0,N,MELB_URBAN,DRIVE,9,12.0
122814,6,6,174,5,1,50.0,0,N,MELB_URBAN,STREET,9,15.0
122815,4,1,171,5,1,60.0,0,N,RURAL_VICTORIA,ROAD,9,13.0
122816,1,1,110,1,1,60.0,0,I,MELB_URBAN,PARADE,9,16.0
122817,4,1,183,5,2,100.0,0,N,RURAL_VICTORIA,ROAD,9,18.0
122818,2,0,102,5,2,40.0,0,N,MELB_URBAN,STREET,9,17.0
122819,4,1,183,5,3,50.0,0,N,MELB_URBAN,DRIVE,9,20.0
122820,1,3,132,1,1,50.0,0,I,MELB_URBAN,ROAD,9,15.0
122821,1,4,130,5,1,80.0,0,N,MELB_URBAN,HIGHWAY,9,15.0
122822,4,2,173,5,3,60.0,1,N,LARGE_PROVINCIAL_CITIES,STREET,9,3.0
122823,1,1,132,2,1,60.0,0,I,MELB_URBAN,ROAD,9,13.0
122824,1,1,99,5,3,50.0,0,N,SMALL_CITIES,STREET,9,21.0
122825,1,6,130,5,9,80.0,0,N,MELB_URBAN,HIGHWAY,6,10.0
122826,4,2,173,5,1,100.0,0,N,RURAL_VICTORIA,OTHER,9,9.0
122827,2,2,99,5,1,60.0,0,N,SMALL_CITIES,ROAD,1,13.0
122828,2,5,100,5,1,50.0,0,N,MELB_URBAN,OTHER,9,16.0
122829,5,1,99,5,1,60.0,0,N,RURAL_VICTORIA,ROAD,9,14.0
122830,4,2,171,5,1,50.0,1,N,SMALL_CITIES,ROAD,9,9.0
122831,1,2,130,5,2,60.0,0,O,MELB_URBAN,ROAD,9,6.0
122832,1,2,132,5,1,60.0,0,N,MELB_URBAN,ROAD,9,8.0
122833,6,2,174,5,1,40.0,0,N,MELB_URBAN,ROAD,9,11.0
122834,1,2,110,1,1,50.0,0,I,MELB_URBAN,STREET,9,13.0
122835,1,1,130,5,1,60.0,0,I,MELB_URBAN,STREET,7,13.0
122836,1,2,135,2,1,80.0,0,I,MELB_URBAN,HIGHWAY,9,14.0
122837,1,0,121,5,1,60.0,0,N,MELB_URBAN,ROAD,9,14.0
122838,2,2,99,5,1,40.0,0,N,MELB_URBAN,STREET,9,15.0
122839,1,6,121,1,3,70.0,0,N,MELB_URBAN,HIGHWAY,9,5.0
122840,6,2,99,5,1,100.0,0,N,RURAL_VICTORIA,ROAD,9,17.0
122841,1,3,130,2,1,60.0,0,N,RURAL_VICTORIA,ROAD,9,15.0
122842,1,6,130,5,1,50.0,0,N,MELB_URBAN,OTHER,9,12.0
122843,1,0,130,1,1,60.0,0,N,MELB_URBAN,ROAD,8,11.0
122844,8,2,174,5,5,80.0,0,N,TOWNS,ROAD,9,19.0
122845,1,2,99,5,3,50.0,0,N,LARGE_PROVINCIAL_CITIES,PARADE,9,23.0
122846,1,6,130,5,1,60.0,0,N,MELB_URBAN,ROAD,9,10.0
122847,1,3,130,2,1,60.0,0,I,MELB_URBAN,ROAD,9,8.0
122848,1,3,111,3,1,60.0,0,I,MELB_URBAN,ROAD,9,8.0
122849,1,2,130,2,1,60.0,0,I,MELB_URBAN,STREET,9,9.0
122850,1,2,110,1,1,60.0,0,N,MELB_URBAN,ROAD,9,10.0
122851,8,4,174,5,3,60.0,0,N,MELB_URBAN,ROAD,9,0.0
122852,1,3,111,2,1,70.0,0,I,MELB_URBAN,ROAD,9,18.0
122853,1,2,130,5,9,60.0,0,N,MELB_URBAN,ROAD,9,13.0
122854,1,3,132,1,1,80.0,0,N,MELB_URBAN,ROAD,9,7.0
122855,1,3,99,5,1,50.0,0,N,MELB_URBAN,OTHER,9,12.0
122856,1,2,99,1,1,40.0,0,N,MELBOURNE_CBD,STREET,9,13.0
122857,1,3,99,5,1,50.0,0,N,MELB_URBAN,ROAD,9,13.0
122858,4,3,171,1,1,50.0,0,I,MELB_URBAN,STREET,9,12.0
122859,4,2,173,5,3,60.0,0,N,MELB_URBAN,ROAD,9,20.0
122860,1,5,121,1,1,80.0,0,I,SMALL_CITIES,DRIVE,9,15.0
122861,4,2,171,5,1,100.0,0,N,RURAL_VICTORIA,ROAD,9,10.0
122862,1,2,111,1,1,80.0,0,I,MELB_URBAN,ROAD,9,9.0
122863,1,3,110,1,1,100.0,1,I,RURAL_VICTORIA,ROAD,9,10.0
122864,1,3,99,2,1,60.0,0,I,TOWNS,STREET,9,14.0
122865,2,3,99,5,1,50.0,0,N,MELB_URBAN,OTHER,9,17.0
122866,1,3,113,2,2,50.0,0,I,MELB_URBAN,OTHER,9,17.0
122867,1,2,160,5,1,50.0,0,N,SMALL_CITIES,STREET,9,18.0
122868,1,3,130,5,1,60.0,0,N,LARGE_PROVINCIAL_CITIES,ROAD,9,17.0
122869,2,3,99,5,1,60.0,0,N,MELB_URBAN,UNKNOWN,9,16.0
122870,4,3,173,5,5,100.0,0,N,RURAL_VICTORIA,ROAD,9,19.0
122871,1,3,147,5,3,50.0,0,N,MELB_URBAN,OTHER,9,21.0
122872,4,2,173,5,5,80.0,0,N,SMALL_CITIES,HIGHWAY,9,21.0
122873,1,3,99,5,1,50.0,0,N,MELB_URBAN,AVENUE,9,16.0
122874,1,3,120,5,5,100.0,0,N,RURAL_VICTORIA,HIGHWAY,9,18.0
122875,1,5,134,5,1,80.0,0,N,MELB_URBAN,FREEWAY,7,14.0
122876,1,4,99,5,1,80.0,0,N,MELB_URBAN,ROAD,9,7.0
122877,1,3,130,4,1,40.0,0,N,MELB_URBAN,RAMP,9,7.0
122878,4,4,173,5,1,80.0,1,N,MELB_URBAN,ROAD,9,6.0
122879,4,4,173,5,1,60.0,0,N,SMALL_CITIES,STREET,9,9.0
122880,1,4,130,1,1,60.0,0,N,MELB_URBAN,ROAD,9,16.0
122881,1,2,113,2,1,60.0,0,I,MELB_URBAN,ROAD,9,10.0
122882,1,3,121,1,1,70.0,0,I,MELB_URBAN,ROAD,9,11.0
122883,1,4,99,2,1,50.0,0,I,SMALL_CITIES,ROAD,8,13.0
122884,4,4,171,5,1,80.0,0,N,MELB_URBAN,FREEWAY,9,13.0
122885,6,0,174,5,1,60.0,0,N,RURAL_VICTORIA,ROAD,9,10.0
122886,1,4,113,2,1,60.0,0,N,MELB_URBAN,ROAD,9,13.0
122887,1,4,130,1,1,50.0,0,I,SMALL_CITIES,STREET,9,15.0
122888,1,4,173,5,1,80.0,0,N,MELB_URBAN,ROAD,9,13.0
122889,1,4,113,2,1,80.0,0,N,MELB_URBAN,HIGHWAY,9,9.0
122890,4,3,171,5,1,100.0,0,N,RURAL_VICTORIA,ROAD,9,15.0
122891,1,4,132,1,1,80.0,0,N,LARGE_PROVINCIAL_CITIES,HIGHWAY,9,13.0
122892,6,4,174,5,1,50.0,0,N,RURAL_VICTORIA,ROAD,9,14.0
122893,4,4,171,5,1,60.0,0,N,MELB_URBAN,ROAD,9,16.0
122894,1,4,110,1,1,60.0,0,I,MELB_URBAN,ROAD,9,16.0
122895,1,5,113,1,1,70.0,0,N,MELB_URBAN,ROAD,9,17.0
122896,2,4,99,5,1,60.0,0,N,SMALL_CITIES,STREET,9,11.0
122897,1,4,147,5,3,80.0,0,N,MELB_URBAN,ROAD,9,19.0