,accident_type,day_of_week,dca_code,road_geometry,light_condition,speed_zone,severity,node_type,deg_urban_name,road_type,month,hour
122898,4,5,173,5,1,100.0,0,N,RURAL_VICTORIA,ROAD,9,16.0
122899,4,4,173,5,3,60.0,0,N,MELB_URBAN,ROAD,9,20.0
122900,1,6,130,5,1,80.0,0,N,MELB_URBAN,HIGHWAY,9,16.0
122901,4,3,173,5,3,50.0,0,N,MELB_URBAN,ROAD,9,20.0
122902,1,4,160,5,3,60.0,0,N,SMALL_CITIES,AVENUE,10,1.0
122903,3,5,167,5,5,100.0,0,N,RURAL_VICTORIA,ROAD,10,1.0
122904,1,5,121,2,2,40.0,0,I,MELB_URBAN,ROAD,10,7.0
122905,8,5,99,1,1,70.0,0,I,MELB_URBAN,DRIVE,10,7.0
122906,1,4,160,5,3,50.0,0,N,MELB_URBAN,AVENUE,9,20.0
122907,1,5,113,1,1,60.0,0,I,LARGE_PROVINCIAL_CITIES,ROAD,9,11.0
122908,2,5,100,5,1,50.0,0,N,MELB_URBAN,ROAD,10,10.0
122909,1,2,132,4,1,60.0,0,I,MELB_URBAN,PARADE,9,13.0
122910,1,5,130,5,3,50.0,0,N,MELB_URBAN,ROAD,10,22.0
122911,1,5,130,1,1,60.0,0,I,MELB_URBAN,STREET,7,14.0
122912,1,5,132,5,1,60.0,1,N,MELB_URBAN,STREET,10,11.0
122913,1,2,113,2,1,80.0,0,I,MELB_URBAN,ROAD,9,8.0
122914,2,5,99,5,1,40.0,0,N,MELB_URBAN,DRIVE,10,8.0
122915,2,5,99,5,1,60.0,0,N,LARGE_PROVINCIAL_CITIES,STREET,10,11.0
122916,1,5,121,2,1,60.0,0,I,MELB_URBAN,ROAD,10,12.0
122917,1,5,121,1,1,80.0,0,I,MELB_URBAN,ROAD,10,11.0
122918,1,5,133,3,1,40.0,0,I,MELB_URBAN,ROAD,10,11.0
122919,1,5,99,1,1,80.0,0,I,RURAL_VICTORIA,ROAD,10,14.0
122920,4,5,171,5,1,100.0,0,N,RURAL_VICTORIA,HIGHWAY,10,13.0
122921,7,3,99,5,9,60.0,1,N,MELB_URBAN,ROAD,9,17.0
122922,1,4,110,1,1,50.0,0,I,MELB_URBAN,STREET,10,14.0
122923,1,5,110,1,1,100.0,0,N,RURAL_VICTORIA,HIGHWAY,10,16.0
122924,1,5,121,1,1,60.0,0,I,MELB_URBAN,STREET,10,18.0
122925,1,4,130,5,3,50.0,0,N,MELB_URBAN,STREET,10,19.0
122926,1,4,99,5,1,50.0,0,N,LARGE_PROVINCIAL_CITIES,STREET,10,16.0
122927,4,5,171,5,3,100.0,0,N,MELB_URBAN,FREEWAY,10,0.0
122928,1,6,121,1,1,70.0,0,N,MELB_URBAN,ROAD,10,6.0
122929,1,6,110,1,1,60.0,0,I,MELB_URBAN,ROAD,10,6.0
122930,1,6,121,2,1,70.0,0,I,MELB_URBAN,ROAD,10,6.0
122931,1,5,120,5,1,80.0,0,N,RURAL_VICTORIA,ROAD,10,6.0
122932,1,5,110,1,1,80.0,0,I,MELB_URBAN,ROAD,10,9.0
122933,1,5,113,2,3,60.0,0,I,MELB_URBAN,ROAD,10,19.0
122934,2,6,100,2,1,50.0,0,I,MELB_URBAN,ROAD,10,11.0
122935,1,1,130,5,1,100.0,0,N,MELB_URBAN,FREEWAY,12,7.0
122936,2,6,100,1,1,60.0,0,N,MELB_URBAN,ROAD,10,12.0
122937,1,6,130,5,1,70.0,0,N,MELB_URBAN,ROAD,10,11.0
122938,1,6,116,2,1,50.0,0,I,MELB_URBAN,AVENUE,10,13.0
122939,2,5,99,5,1,60.0,0,N,TOWNS,ROAD,10,15.0
122940,1,5,130,5,1,80.0,0,N,MELB_URBAN,ROAD,10,15.0
122941,6,6,184,5,1,100.0,0,N,RURAL_VICTORIA,ROAD,10,14.0
122942,4,6,173,5,1,70.0,0,N,RURAL_VICTORIA,ROAD,10,16.0
122943,1,6,160,5,3,50.0,0,N,MELB_URBAN,UNKNOWN,10,18.0
122944,1,6,130,5,1,80.0,0,N,MELB_URBAN,ROAD,10,17.0
122945,1,6,121,1,2,60.0,0,N,MELB_URBAN,ROAD,10,18.0
122946,4,6,183,5,3,50.0,0,N,MELB_URBAN,DRIVE,10,21.0
122947,1,6,183,5,5,60.0,0,N,LARGE_PROVINCIAL_CITIES,STREET,10,23.0
122948,4,7,183,5,3,50.0,0,N,MELB_URBAN,STREET,10,2.0
122949,4,7,181,5,5,100.0,0,N,RURAL_VICTORIA,ROAD,10,0.0
122950,1,4,121,1,1,60.0,0,I,RURAL_VICTORIA,ROAD,9,15.0
122951,4,7,181,5,5,60.0,1,I,RURAL_VICTORIA,ROAD,10,2.0
122952,1,6,132,2,1,60.0,0,N,MELB_URBAN,ROAD,6,11.0
122953,1,5,130,5,1,60.0,0,N,MELB_URBAN,ROAD,8,8.0
122954,1,5,110,1,1,50.0,0,I,MELB_URBAN,ROAD,10,16.0
122955,2,6,99,5,2,60.0,0,N,MELB_URBAN,ROAD,10,17.0
122956,1,6,110,1,1,60.0,0,I,SMALL_CITIES,PARADE,10,11.0
122957,1,6,121,1,1,40.0,0,I,MELB_URBAN,ROAD,10,10.0
122958,6,4,99,2,1,100.0,0,I,RURAL_VICTORIA,OTHER,10,11.0
122959,4,7,171,5,1,60.0,0,N,MELB_URBAN,ROAD,10,11.0
122960,1,7,121,2,1,50.0,0,I,MELB_URBAN,ROAD,10,12.0
122961,1,7,130,5,1,100.0,0,N,RURAL_VICTORIA,HIGHWAY,10,13.0
122962,4,6,99,5,1,100.0,0,N,RURAL_VICTORIA,ROAD,10,10.0
122963,4,7,171,5,1,100.0,0,N,RURAL_VICTORIA,FREEWAY,10,13.0
122964,1,7,113,2,1,60.0,0,I,MELB_URBAN,ROAD,10,14.0
122965,1,6,130,2,1,80.0,0,N,MELB_URBAN,RAMP,10,13.0
122966,1,6,120,5,1,80.0,0,N,RURAL_VICTORIA,ROAD,10,15.0
122967,1,7,120,5,1,100.0,0,N,RURAL_VICTORIA,ROAD,10,10.0
122968,4,6,173,5,1,100.0,0,N,RURAL_VICTORIA,ROAD,10,12.0
122969,1,7,113,2,1,60.0,0,I,RURAL_VICTORIA,ROAD,10,16.0
122970,4,7,99,5,1,50.0,0,N,MELB_URBAN,DRIVE,10,16.0
122971,1,2,130,2,9,60.0,0,I,MELB_URBAN,OTHER,9,1.0
122972,1,5,163,5,1,40.0,0,N,MELB_URBAN,STREET,10,17.0
122973,1,7,132,2,1,60.0,0,I,MELB_URBAN,ROAD,10,17.0
122974,4,6,99,2,1,50.0,0,I,MELB_URBAN,ROAD,10,15.0
122975,1,7,140,5,1,110.0,0,N,RURAL_VICTORIA,FREEWAY,9,17.0
122976,1,7,110,1,1,50.0,0,I,TOWNS,STREET,10,16.0
122977,1,7,130,5,1,60.0,0,N,MELB_URBAN,ROAD,10,17.0
122978,1,7,121,1,3,60.0,0,I,MELB_URBAN,ROAD,10,20.0
122979,4,7,171,1,3,60.0,0,I,SMALL_CITIES,ROAD,10,21.0
122980,4,7,181,5,5,60.0,0,N,RURAL_VICTORIA,ROAD,10,23.0
122981,1,5,121,1,1,70.0,0,I,LARGE_PROVINCIAL_CITIES,HIGHWAY,9,16.0
122982,4,1,171,1,1,80.0,0,I,MELB_URBAN,HIGHWAY,10,9.0
122983,4,5,99,5,2,60.0,0,N,RURAL_VICTORIA,ROAD,10,7.0
122984,1,0,132,2,1,60.0,0,I,RURAL_VICTORIA,ROAD,10,12.0
122985,4,7,171,5,1,100.0,0,N,RURAL_VICTORIA,ROAD,10,9.0
122986,2,0,99,5,1,60.0,0,N,MELB_URBAN,OTHER,10,14.0
122987,1,1,99,2,1,80.0,0,I,MELB_URBAN,ROAD,10,11.0
122988,1,0,99,2,1,50.0,0,I,MELB_URBAN,ROAD,10,13.0
122989,8,1,170,5,1,80.0,0,N,RURAL_VICTORIA,ROAD,10,10.0
122990,2,6,99,5,3,50.0,0,N,MELB_URBAN,STREET,10,20.0
122991,4,1,181,5,1,100.0,0,N,RURAL_VICTORIA,ROAD,10,14.0
122992,1,1,110,1,1,60.0,0,I,MELB_URBAN,STREET,10,17.0
122993,4,1,173,5,2,100.0,0,N,RURAL_VICTORIA,ROAD,10,18.0
122994,1,1,160,5,3,40.0,0,N,MELB_URBAN,STREET,10,20.0
122995,4,2,181,5,3,60.0,0,N,MELB_URBAN,ROAD,10,2.0
122996,4,1,173,2,6,60.0,0,I,RURAL_VICTORIA,ROAD,10,1.0
122997,1,5,99,5,1,60.0,0,N,MELB_URBAN,ROAD,10,17.0
122998,1,1,121,1,1,60.0,0,I,MELB_URBAN,ROAD,10,8.0
122999,1,1,130,5,1,100.0,0,N,RURAL_VICTORIA,OTHER,9,15.0
123000,1,2,120,5,1,100.0,0,N,RURAL_VICTORIA,HIGHWAY,10,8.0
123001,1,2,130,4,1,80.0,0,N,RURAL_VICTORIA,RAMP,10,9.0
123002,1,1,121,2,1,40.0,0,I,MELB_URBAN,ROAD,10,7.0
123003,1,2,132,2,1,60.0,0,N,MELB_URBAN,ROAD,10,10.0
123004,4,2,99,5,1,100.0,0,N,RURAL_VICTORIA,ROAD,10,10.0
123005,1,1,121,2,1,50.0,0,I,MELB_URBAN,STREET,10,11.0
123006,1,1,130,2,1,60.0,0,I,SMALL_CITIES,STREET,10,13.0
123007,1,2,120,5,1,100.0,0,N,RURAL_VICTORIA,ROAD,10,10.0
123008,1,2,110,1,1,50.0,0,I,MELB_URBAN,STREET,10,12.0
123009,1,1,140,5,5,100.0,1,N,RURAL_VICTORIA,ROAD,10,20.0
123010,1,7,99,1,1,60.0,0,I,MELB_URBAN,PARADE,10,14.0
123011,5,1,99,5,1,80.0,0,N,RURAL_VICTORIA,ROAD,9,12.0
123012,2,5,99,5,2,40.0,0,N,MELB_URBAN,OTHER,10,7.0
123013,1,2,121,2,1,80.0,0,I,MELB_URBAN,ROAD,10,15.0
123014,1,2,110,1,1,60.0,0,I,LARGE_PROVINCIAL_CITIES,STREET,10,12.0
123015,8,1,174,5,1,60.0,0,I,MELB_URBAN,ROAD,9,15.0
123016,1,2,113,1,1,80.0,0,I,MELB_URBAN,ROAD,10,18.0
123017,1,6,110,1,3,40.0,0,I,SMALL_CITIES,STREET,9,19.0
123018,4,3,171,1,5,80.0,0,I,RURAL_VICTORIA,ROAD,10,1.0
123019,2,7,99,5,3,60.0,0,N,MELB_URBAN,OTHER,6,23.0
123020,8,3,174,5,2,60.0,0,N,MELB_URBAN,STREET,10,6.0
123021,1,7,113,2,1,60.0,0,N,MELB_URBAN,ROAD,9,14.0
123022,2,4,99,5,1,100.0,0,N,RURAL_VICTORIA,ROAD,9,9.0
123023,1,2,110,1,1,30.0,0,I,SMALL_CITIES,STREET,10,8.0
123024,1,2,113,2,1,70.0,0,N,MELB_URBAN,STREET,10,9.0
123025,1,3,130,5,1,60.0,0,N,MELB_URBAN,ROAD,9,6.0
123026,1,3,132,2,1,80.0,0,N,MELB_URBAN,ROAD,10,11.0
123027,4,3,171,5,1,100.0,0,N,RURAL_VICTORIA,ROAD,10,9.0
123028,1,2,111,1,1,60.0,0,I,MELB_URBAN,STREET,10,12.0
123029,2,3,100,2,1,60.0,0,N,SMALL_CITIES,HIGHWAY,10,13.0
123030,1,6,130,2,9,60.0,0,N,MELB_URBAN,ROAD,9,16.0
123031,6,7,174,2,1,100.0,0,I,RURAL_VICTORIA,OTHER,6,11.0
123032,1,2,99,5,1,50.0,0,N,MELB_URBAN,OTHER,9,14.0
123033,1,3,130,1,1,80.0,0,I,MELB_URBAN,HIGHWAY,9,11.0
123034,6,5,99,2,1,60.0,0,I,SMALL_CITIES,ROAD,10,16.0
123035,1,2,110,1,2,80.0,0,I,RURAL_VICTORIA,ROAD,10,17.0
123036,1,6,130,1,1,60.0,0,I,MELB_URBAN,ROAD,4,8.0
123037,5,3,99,5,1,80.0,0,N,MELB_URBAN,ROAD,10,18.0
123038,1,3,140,2,2,60.0,0,I,MELB_URBAN,ROAD,10,18.0
123039,1,6,132,2,1,60.0,0,N,TOWNS,STREET,9,16.0
123040,1,3,99,5,3,70.0,0,N,LARGE_PROVINCIAL_CITIES,HIGHWAY,10,19.0
123041,1,3,110,1,3,100.0,0,I,RURAL_VICTORIA,FREEWAY,10,20.0
123042,4,3,171,5,3,50.0,0,N,TOWNS,STREET,10,22.0
123043,7,6,99,5,6,60.0,0,N,SMALL_CITIES,ROAD,7,21.0
123044,4,4,181,5,2,60.0,0,N,RURAL_VICTORIA,ROAD,10,6.0
123045,4,3,181,5,2,100.0,0,N,RURAL_VICTORIA,ROAD,10,18.0
123046,5,2,99,5,2,60.0,0,N,RURAL_VICTORIA,ROAD,10,17.0
123047,1,3,130,5,1,50.0,0,N,SMALL_CITIES,ROAD,9,15.0
123048,4,3,99,1,1,50.0,0,N,LARGE_PROVINCIAL_CITIES,AVENUE,10,8.0
123049,1,4,116,1,1,80.0,0,I,MELB_URBAN,ROAD,10,8.0
123050,1,6,163,5,1,50.0,0,N,MELB_URBAN,STREET,10,13.0
123051,1,6,130,1,1,80.0,0,I,MELB_URBAN,ROAD,9,12.0
123052,1,3,130,4,1,50.0,0,I,LARGE_PROVINCIAL_CITIES,ROAD,10,9.0
123053,8,7,99,5,9,100.0,0,N,RURAL_VICTORIA,ROAD,9,12.0
123054,1,3,130,2,1,60.0,0,I,MELB_URBAN,ROAD,10,10.0
123055,8,1,99,5,1,60.0,0,N,RURAL_VICTORIA,OTHER,8,12.0
123056,1,3,130,5,1,70.0,0,N,LARGE_PROVINCIAL_CITIES,ROAD,10,14.0
123057,2,4,102,5,1,50.0,0,N,SMALL_CITIES,STREET,10,12.0
123058,1,4,110,1,1,50.0,0,I,LARGE_PROVINCIAL_CITIES,STREET,10,16.0
123059,1,3,130,5,9,60.0,0,N,MELB_URBAN,ROAD,9,20.0
123060,8,7,184,5,1,60.0,0,N,RURAL_VICTORIA,ROAD,10,14.0
123061,4,4,183,5,1,100.0,0,N,RURAL_VICTORIA,ROAD,10,17.0
123062,4,3,173,5,1,60.0,0,N,RURAL_VICTORIA,ROAD,10,16.0
123063,1,7,132,1,1,60.0,0,N,MELB_URBAN,ROAD,10,10.0
123064,1,4,130,5,1,80.0,0,N,MELB_URBAN,ROAD,10,14.0
123065,4,3,171,2,1,60.0,0,I,MELB_URBAN,ROAD,10,17.0
123066,1,4,99,5,3,50.0,0,N,MELB_URBAN,OTHER,10,20.0
123067,1,2,121,5,3,60.0,0,N,MELB_URBAN,ROAD,10,23.0
123068,1,2,160,5,3,60.0,0,N,MELB_URBAN,ROAD,10,4.0
123069,4,4,183,5,3,60.0,0,N,RURAL_VICTORIA,ROAD,10,21.0
123070,1,3,130,5,3,80.0,0,N,MELB_URBAN,FREEWAY,10,23.0
123071,1,5,160,5,5,50.0,0,N,MELB_URBAN,STREET,10,1.0
123072,1,6,110,1,1,50.0,0,I,TOWNS,STREET,9,11.0
123073,2,5,100,1,1,60.0,0,N,MELB_URBAN,ROAD,10,6.0
123074,2,4,99,5,3,40.0,0,I,MELB_URBAN,ROAD,10,20.0
123075,4,7,99,2,5,60.0,0,I,SMALL_CITIES,ROAD,10,19.0
123076,1,5,113,2,1,50.0,0,I,MELB_URBAN,STREET,10,8.0
123077,1,5,121,1,1,80.0,0,I,RURAL_VICTORIA,HIGHWAY,10,8.0
123078,1,4,135,5,1,100.0,0,N,MELB_URBAN,FREEWAY,10,8.0
123079,1,4,130,2,1,70.0,0,N,LARGE_PROVINCIAL_CITIES,OTHER,10,10.0
123080,4,5,183,5,1,80.0,0,N,TOWNS,UNKNOWN,10,10.0
123081,1,4,132,2,1,60.0,0,I,LARGE_PROVINCIAL_CITIES,ROAD,10,12.0
123082,1,3,130,2,9,60.0,0,I,MELB_URBAN,STREET,10,15.0
123083,8,2,99,5,1,60.0,0,N,LARGE_PROVINCIAL_CITIES,ROAD,10,16.0
123084,2,5,102,2,1,60.0,0,N,MELB_URBAN,ROAD,10,12.0
123085,1,3,130,5,1,60.0,0,N,MELB_URBAN,DRIVE,9,16.0
123086,1,2,99,2,1,50.0,0,I,MELB_URBAN,ROAD,10,12.0
123087,4,5,181,5,5,100.0,0,N,RURAL_VICTORIA,ROAD,10,23.0
123088,2,5,100,1,1,60.0,0,I,MELB_URBAN,ROAD,10,12.0
123089,8,4,174,5,1,60.0,0,N,MELB_URBAN,STREET,10,17.0
123090,1,5,110,4,1,60.0,0,N,MELB_URBAN,ROAD,10,16.0
123091,6,1,99,5,1,100.0,0,N,RURAL_VICTORIA,ROAD,6,13.0
123092,1,5,140,5,1,100.0,0,N,RURAL_VICTORIA,HIGHWAY,10,18.0
123093,1,5,120,5,1,100.0,0,N,RURAL_VICTORIA,HIGHWAY,10,16.0
123094,1,5,113,2,1,60.0,0,N,MELB_URBAN,ROAD,10,16.0
123095,2,4,100,1,3,50.0,0,I,MELB_URBAN,STREET,10,20.0
123096,1,5,110,1,3,80.0,0,N,MELB_URBAN,ROAD,10,20.0
123097,2,5,102,1,3,70.0,0,I,MELB_URBAN,ROAD,10,21.0
123098,2,4,99,5,3,50.0,0,N,SMALL_CITIES,OTHER,10,23.0
123099,1,1,110,1,9,50.0,0,I,TOWNS,ROAD,8,14.0
123100,8,6,99,2,1,60.0,0,I,RURAL_VICTORIA,ROAD,10,9.0
123101,1,6,99,5,3,50.0,0,N,MELB_URBAN,OTHER,10,5.0
123102,4,6,181,5,1,80.0,0,N,RURAL_VICTORIA,ROAD,10,8.0
123103,6,4,170,2,5,50.0,0,N,RURAL_VICTORIA,ROAD,10,23.0
123104,1,4,121,1,1,60.0,0,I,LARGE_PROVINCIAL_CITIES,ROAD,9,15.0
123105,4,5,99,2,1,50.0,0,I,TOWNS,STREET,10,9.0
123106,7,6,99,5,1,50.0,0,N,RURAL_VICTORIA,ROAD,10,17.0
123107,1,5,130,1,1,60.0,0,N,MELB_URBAN,STREET,10,14.0
123108,1,0,132,2,1,60.0,0,N,MELB_URBAN,ROAD,2,12.0
123109,1,5,111,2,9,50.0,0,I,MELB_URBAN,ROAD,9,17.0
123110,1,5,121,5,1,70.0,0,N,MELB_URBAN,ROAD,10,13.0
123111,1,3,111,2,2,60.0,0,I,MELB_URBAN,STREET,5,18.0
123112,8,5,99,2,1,50.0,0,I,MELB_URBAN,DRIVE,10,16.0
123113,1,2,113,2,1,60.0,0,I,MELB_URBAN,AVENUE,8,15.0
123114,7,3,99,5,9,50.0,0,N,MELB_URBAN,ROAD,8,17.0
123115,1,6,113,1,1,60.0,0,I,TOWNS,ROAD,10,11.0
123116,3,4,167,5,2,100.0,0,N,RURAL_VICTORIA,ROAD,10,6.0
123117,1,3,132,5,9,60.0,0,N,MELB_URBAN,ROAD,9,12.0
123118,4,6,171,5,1,100.0,0,N,RURAL_VICTORIA,ROAD,10,16.0
123119,1,5,130,1,1,60.0,0,I,SMALL_CITIES,ROAD,10,15.0
123120,1,6,110,4,1,50.0,0,I,TOWNS,STREET,10,15.0
123121,1,5,135,5,1,80.0,0,N,MELB_URBAN,FREEWAY,10,16.0
123122,4,6,181,5,2,70.0,0,N,MELB_URBAN,ROAD,10,18.0
123123,1,6,130,5,1,100.0,1,N,RURAL_VICTORIA,HIGHWAY,10,15.0
123124,1,5,99,2,3,60.0,0,I,MELBOURNE_CBD,STREET,10,20.0
123125,6,1,170,5,9,60.0,0,N,RURAL_VICTORIA,ROAD,10,12.0
123126,1,5,160,2,3,60.0,0,I,MELB_URBAN,STREET,10,22.0
123127,1,6,121,2,2,80.0,0,I,MELB_URBAN,ROAD,10,5.0
123128,1,6,99,5,3,80.0,0,N,MELB_URBAN,ROAD,10,21.0
123129,4,7,173,5,3,50.0,0,N,SMALL_CITIES,STREET,10,2.0
123130,4,0,181,5,1,60.0,0,N,MELB_URBAN,DRIVE,10,18.0
123131,4,7,173,5,3,50.0,0,N,MELB_URBAN,STREET,10,5.0
123132,1,4,133,2,1,50.0,0,I,SMALL_CITIES,DRIVE,7,17.0
123133,5,7,173,5,9,80.0,0,N,RURAL_VICTORIA,HIGHWAY,10,6.0
123134,1,7,116,2,2,60.0,0,I,TOWNS,STREET,10,6.0
123135,8,7,174,5,1,60.0,0,N,MELB_URBAN,STREET,10,11.0
123136,1,6,113,2,1,60.0,0,I,MELB_URBAN,ROAD,10,9.0
123137,6,7,99,2,1,80.0,0,I,RURAL_VICTORIA,HIGHWAY,10,12.0
123138,4,7,183,5,1,100.0,0,N,RURAL_VICTORIA,ROAD,10,13.0
123139,4,7,99,5,1,100.0,0,N,RURAL_VICTORIA,ROAD,10,16.0
123140,1,6,130,5,1,60.0,0,N,MELB_URBAN,ROAD,10,13.0
123141,2,7,100,1,1,50.0,0,I,SMALL_CITIES,AVENUE,10,18.0
123142,1,7,130,5,2,60.0,0,N,MELB_URBAN,ROAD,10,19.0
123143,1,7,116,1,1,80.0,0,I,RURAL_VICTORIA,STREET,10,18.0
123144,1,7,110,1,1,100.0,0,I,RURAL_VICTORIA,ROAD,10,18.0
123145,1,7,132,2,1,60.0,0,I,MELB_URBAN,ROAD,10,15.0
123146,4,1,181,5,5,100.0,0,N,RURAL_VICTORIA,ROAD,10,1.0
123147,1,1,110,1,1,60.0,0,I,SMALL_CITIES,STREET,8,13.0
123148,4,3,173,5,5,60.0,0,N,RURAL_VICTORIA,ROAD,9,21.0
123149,4,1,171,5,2,60.0,0,N,MELB_URBAN,ROAD,10,7.0
123150,1,7,121,4,1,80.0,0,N,MELB_URBAN,HIGHWAY,10,15.0
123151,1,1,120,5,1,60.0,0,N,TOWNS,STREET,10,13.0
123152,6,1,99,5,1,100.0,0,N,RURAL_VICTORIA,ROAD,10,13.0
123153,4,0,181,5,1,100.0,0,N,RURAL_VICTORIA,ROAD,10,15.0
123154,1,1,173,5,1,50.0,0,N,MELB_URBAN,STREET,10,18.0
123155,1,1,110,1,3,70.0,0,I,MELB_URBAN,ROAD,10,19.0
123156,1,1,120,5,1,80.0,0,N,RURAL_VICTORIA,ROAD,10,18.0
123157,1,1,121,1,1,60.0,0,I,MELB_URBAN,ROAD,10,18.0
123158,2,6,99,5,1,50.0,0,N,MELB_URBAN,PARADE,10,18.0
123159,1,2,135,5,2,100.0,0,N,RURAL_VICTORIA,FREEWAY,10,6.0
123160,1,2,132,2,1,80.0,0,N,SMALL_CITIES,ROAD,10,8.0
123161,1,1,160,5,1,70.0,0,N,MELB_URBAN,STREET,10,6.0
123162,4,2,173,2,1,60.0,0,I,MELB_URBAN,ROAD,10,6.0
123163,1,1,110,1,1,50.0,0,I,SMALL_CITIES,STREET,10,8.0
123164,1,6,113,2,1,60.0,0,I,RURAL_VICTORIA,ROAD,12,19.0
123165,4,2,183,5,2,80.0,0,N,MELB_URBAN,RAMP,10,6.0
123166,4,2,173,5,1,50.0,0,N,LARGE_PROVINCIAL_CITIES,STREET,10,7.0
123167,2,2,99,5,1,40.0,0,N,MELB_URBAN,STREET,10,8.0
123168,1,1,130,2,1,70.0,0,I,MELB_URBAN,ROAD,10,7.0
123169,4,2,173,5,1,100.0,0,N,RURAL_VICTORIA,ROAD,10,11.0
123170,1,1,160,5,2,50.0,0,N,RURAL_VICTORIA,DRIVE,10,7.0
123171,8,7,174,5,1,60.0,0,N,RURAL_VICTORIA,ROAD,10,11.0
123172,1,2,130,5,1,60.0,0,N,MELB_URBAN,STREET,10,10.0
123173,4,2,171,5,1,100.0,0,N,RURAL_VICTORIA,ROAD,10,12.0
123174,1,2,121,1,1,80.0,0,I,MELB_URBAN,ROAD,10,9.0
123175,1,1,160,5,1,60.0,0,N,MELB_URBAN,ROAD,10,13.0
123176,6,2,174,5,1,100.0,0,N,RURAL_VICTORIA,ROAD,10,14.0
123177,4,2,183,2,1,40.0,0,I,MELB_URBAN,ROAD,10,15.0
123178,1,2,132,5,1,60.0,0,N,SMALL_CITIES,STREET,10,16.0
123179,4,2,171,5,1,60.0,0,N,MELB_URBAN,ROAD,10,15.0
123180,1,2,130,5,1,70.0,0,N,RURAL_VICTORIA,HIGHWAY,10,15.0
123181,1,2,160,5,1,60.0,0,N,MELB_URBAN,BOULEVARD,10,15.0
123182,4,1,173,5,1,100.0,0,N,RURAL_VICTORIA,ROAD,10,18.0
123183,1,2,121,5,1,60.0,0,N,MELB_URBAN,ROAD,10,17.0
123184,1,2,130,5,1,60.0,0,N,MELB_URBAN,ROAD,10,15.0
123185,1,2,110,1,1,60.0,0,I,SMALL_CITIES,AVENUE,10,18.0
123186,1,1,121,5,1,70.0,0,I,MELB_URBAN,ROAD,10,16.0
123187,4,2,171,5,1,50.0,0,N,MELB_URBAN,BOULEVARD,10,19.0
123188,4,2,171,5,5,110.0,1,N,RURAL_VICTORIA,HIGHWAY,10,20.0
123189,4,2,173,5,5,80.0,0,N,RURAL_VICTORIA,ROAD,10,2.0
123190,1,2,160,5,3,50.0,0,N,SMALL_CITIES,BOULEVARD,10,3.0
123191,4,2,171,5,5,60.0,0,N,MELB_URBAN,ROAD,10,0.0
123192,1,3,130,5,1,40.0,0,N,RURAL_VICTORIA,ROAD,10,6.0
123193,1,3,113,2,1,60.0,0,I,SMALL_CITIES,DRIVE,10,7.0
123194,1,0,110,1,1,40.0,0,I,MELB_URBAN,ROAD,10,10.0
123195,1,3,110,1,1,60.0,0,I,MELB_URBAN,ROAD,10,9.0
123196,1,3,134,5,1,80.0,0,N,MELB_URBAN,ROAD,10,8.0
123197,8,7,99,2,3,40.0,0,N,MELB_URBAN,ROAD,9,19.0
123198,1,6,113,2,9,60.0,0,I,MELB_URBAN,ROAD,10,18.0
123199,1,2,160,5,1,50.0,0,N,MELB_URBAN,STREET,10,13.0
123200,1,3,110,1,1,80.0,0,I,RURAL_VICTORIA,FREEWAY,10,15.0
123201,1,3,110,1,1,50.0,0,I,MELB_URBAN,ROAD,10,10.0
123202,1,6,130,1,2,60.0,0,I,MELB_URBAN,ROAD,10,19.0
123203,1,2,160,5,3,50.0,0,N,MELB_URBAN,STREET,10,21.0
123204,1,3,110,1,1,80.0,0,I,MELB_URBAN,ROAD,10,17.0
123205,1,3,130,5,5,100.0,0,N,RURAL_VICTORIA,ROAD,10,0.0
123206,4,4,171,5,3,60.0,0,N,SMALL_TOWNS,STREET,10,0.0
123207,1,1,130,5,1,70.0,0,N,SMALL_CITIES,DRIVE,3,17.0
123208,4,4,183,5,5,100.0,1,N,RURAL_VICTORIA,ROAD,10,0.0
123209,1,2,110,1,5,100.0,1,I,RURAL_VICTORIA,HIGHWAY,10,23.0
123210,4,4,173,5,3,80.0,0,N,MELB_URBAN,HIGHWAY,10,3.0
123211,3,4,167,5,5,100.0,0,N,RURAL_VICTORIA,ROAD,9,19.0
123212,1,1,135,3,1,60.0,0,I,MELB_URBAN,ROAD,10,16.0
123213,8,2,174,1,1,60.0,0,I,MELB_URBAN,ROAD,10,7.0
123214,1,6,132,2,1,60.0,0,I,MELB_URBAN,ROAD,9,15.0
123215,6,5,174,1,1,50.0,0,I,MELB_URBAN,DRIVE,10,16.0
123216,1,6,111,1,1,60.0,0,I,MELB_URBAN,STREET,10,15.0
123217,1,6,163,5,1,60.0,0,N,MELB_URBAN,ROAD,10,10.0
123218,1,4,147,5,1,60.0,0,N,SMALL_CITIES,AVENUE,10,11.0
123219,1,5,121,2,1,60.0,0,I,MELB_URBAN,ROAD,9,14.0