,accident_type,day_of_week,dca_code,road_geometry,light_condition,speed_zone,severity,node_type,deg_urban_name,road_type,month,hour
123220,1,4,116,2,1,80.0,0,N,MELB_URBAN,HIGHWAY,10,7.0
123221,1,4,130,5,1,80.0,0,N,MELB_URBAN,FREEWAY,10,11.0
123222,4,4,183,5,1,60.0,0,N,RURAL_VICTORIA,ROAD,10,10.0
123223,8,1,174,5,9,60.0,0,N,MELB_URBAN,ROAD,6,18.0
123224,4,4,99,2,1,50.0,0,I,TOWNS,ROAD,10,13.0
123225,1,2,130,2,1,80.0,0,N,MELB_URBAN,STREET,9,6.0
123226,1,1,110,1,2,50.0,0,I,TOWNS,STREET,10,18.0
123227,1,4,140,5,1,70.0,0,N,MELB_URBAN,ROAD,10,16.0
123228,1,4,116,2,1,40.0,0,I,MELB_URBAN,ROAD,10,15.0
123229,1,3,110,1,1,50.0,0,I,MELB_URBAN,STREET,10,17.0
123230,1,3,130,5,1,80.0,0,N,MELB_URBAN,FREEWAY,10,17.0
123231,1,4,99,2,1,50.0,0,I,MELB_URBAN,OTHER,10,18.0
123232,1,4,110,1,1,40.0,0,I,MELB_URBAN,STREET,10,18.0
123233,4,3,171,5,1,60.0,0,N,RURAL_VICTORIA,ROAD,10,8.0
123234,3,2,167,5,1,60.0,0,N,MELB_URBAN,ROAD,1,9.0
123235,6,3,174,1,1,50.0,0,N,MELB_URBAN,STREET,10,16.0
123236,4,2,183,5,9,80.0,0,N,SMALL_TOWNS,ROAD,10,20.0
123237,1,4,99,2,1,50.0,0,I,MELB_URBAN,OTHER,10,8.0
123238,1,4,130,5,1,60.0,0,N,MELB_URBAN,ROAD,10,17.0
123239,1,4,121,5,1,60.0,0,N,MELB_URBAN,ROAD,10,17.0
123240,4,3,183,5,1,100.0,0,N,RURAL_VICTORIA,ROAD,10,18.0
123241,1,4,130,5,1,80.0,0,N,RURAL_VICTORIA,ROAD,10,16.0
123242,4,4,181,5,5,100.0,0,N,RURAL_VICTORIA,ROAD,10,4.0
123243,1,4,116,2,1,80.0,1,I,LARGE_PROVINCIAL_CITIES,HIGHWAY,10,17.0
123244,1,2,130,5,1,60.0,0,N,MELB_URBAN,ROAD,10,17.0
123245,6,4,99,5,1,50.0,0,N,RURAL_VICTORIA,DRIVE,10,7.0
123246,8,7,99,5,1,40.0,0,N,MELB_URBAN,ROAD,10,14.0
123247,1,4,132,2,1,60.0,0,I,MELB_URBAN,OTHER,10,9.0
123248,1,5,99,2,1,50.0,0,N,MELB_URBAN,STREET,10,10.0
123249,4,5,173,5,1,60.0,0,N,MELB_URBAN,DRIVE,10,9.0
123250,3,3,167,5,1,100.0,0,N,RURAL_VICTORIA,OTHER,10,16.0
123251,6,7,174,1,9,80.0,0,I,SMALL_TOWNS,ROAD,10,9.0
123252,1,4,110,1,1,60.0,0,I,MELB_URBAN,ROAD,10,11.0
123253,1,5,110,1,1,100.0,0,I,RURAL_VICTORIA,ROAD,10,12.0
123254,1,5,110,1,1,60.0,0,I,MELB_URBAN,ROAD,10,10.0
123255,4,5,173,5,1,100.0,0,N,RURAL_VICTORIA,HIGHWAY,10,9.0
123256,1,5,111,2,1,50.0,0,I,MELB_URBAN,STREET,10,14.0
123257,1,5,135,5,1,80.0,0,N,MELB_URBAN,FREEWAY,10,7.0
123258,6,5,99,2,1,100.0,0,I,RURAL_VICTORIA,ROAD,10,12.0
123259,1,3,121,1,1,60.0,0,I,MELB_URBAN,ROAD,10,6.0
123260,4,5,171,5,1,100.0,0,N,RURAL_VICTORIA,ROAD,10,12.0
123261,4,4,173,5,1,100.0,0,N,RURAL_VICTORIA,HIGHWAY,10,15.0
123262,4,5,181,5,1,80.0,0,N,RURAL_VICTORIA,ROAD,10,14.0
123263,1,5,121,2,1,60.0,0,I,MELB_URBAN,ROAD,10,14.0
123264,8,5,99,2,1,50.0,0,I,MELB_URBAN,PARADE,10,16.0
123265,1,5,160,5,2,50.0,0,N,SMALL_CITIES,STREET,10,19.0
123266,4,3,99,2,2,100.0,0,I,RURAL_VICTORIA,HIGHWAY,6,6.0
123267,1,4,130,2,1,60.0,0,I,MELB_URBAN,ROAD,10,16.0
123268,1,5,130,5,5,100.0,0,N,RURAL_VICTORIA,FREEWAY,10,20.0
123269,4,4,171,5,6,60.0,0,N,RURAL_VICTORIA,ROAD,10,20.0
123270,4,5,183,5,1,60.0,0,N,MELB_URBAN,ROAD,10,11.0
123271,1,1,130,2,1,60.0,0,I,MELB_URBAN,STREET,10,7.0
123272,1,6,160,5,1,40.0,0,N,MELB_URBAN,DRIVE,10,7.0
123273,2,6,99,5,1,50.0,0,N,MELB_URBAN,OTHER,10,8.0
123274,1,6,113,1,1,60.0,0,I,MELB_URBAN,ROAD,10,6.0
123275,1,5,121,5,1,80.0,0,N,MELB_URBAN,OTHER,10,7.0
123276,1,6,135,5,1,70.0,0,N,MELB_URBAN,ROAD,10,9.0
123277,1,5,99,5,1,50.0,0,N,SMALL_CITIES,STREET,10,8.0
123278,1,6,113,3,1,60.0,0,N,MELB_URBAN,OTHER,10,12.0
123279,1,5,110,1,1,60.0,0,I,RURAL_VICTORIA,ROAD,10,15.0
123280,1,3,130,5,2,100.0,0,N,MELB_URBAN,FREEWAY,10,6.0
123281,4,5,173,5,9,60.0,0,N,RURAL_VICTORIA,HIGHWAY,10,18.0
123282,1,4,130,5,9,60.0,0,N,MELB_URBAN,STREET,10,18.0
123283,1,5,99,5,1,60.0,0,N,MELB_URBAN,AVENUE,10,11.0
123284,8,6,99,5,1,100.0,0,N,RURAL_VICTORIA,ROAD,10,11.0
123285,4,5,171,5,1,100.0,0,N,RURAL_VICTORIA,ROAD,10,13.0
123286,1,6,99,5,1,80.0,0,N,SMALL_CITIES,HIGHWAY,10,9.0
123287,1,6,99,1,1,40.0,0,I,MELB_URBAN,ROAD,10,15.0
123288,2,6,99,5,1,50.0,0,N,MELB_URBAN,OTHER,10,14.0
123289,8,4,174,5,1,60.0,0,N,MELB_URBAN,ROAD,10,11.0
123290,1,6,140,5,1,60.0,0,N,TOWNS,STREET,10,15.0
123291,4,5,173,5,1,100.0,0,N,RURAL_VICTORIA,HIGHWAY,10,12.0
123292,2,5,99,5,1,100.0,0,N,RURAL_VICTORIA,ROAD,10,16.0
123293,8,5,174,5,1,60.0,0,N,MELB_URBAN,STREET,10,16.0
123294,1,5,130,1,1,80.0,0,I,MELB_URBAN,ROAD,9,13.0
123295,1,6,160,5,1,60.0,0,N,SMALL_CITIES,AVENUE,10,16.0
123296,2,5,99,5,1,50.0,0,N,LARGE_PROVINCIAL_CITIES,ROAD,10,7.0
123297,1,5,121,2,1,60.0,0,I,MELB_URBAN,ROAD,10,17.0
123298,1,6,130,2,1,50.0,0,N,TOWNS,STREET,10,17.0
123299,1,2,163,5,1,60.0,0,N,MELB_URBAN,STREET,9,17.0
123300,4,6,173,5,1,50.0,0,N,MELB_URBAN,ROAD,10,15.0
123301,1,5,113,1,1,80.0,0,I,MELB_URBAN,ROAD,10,18.0
123302,4,6,173,5,1,60.0,0,N,TOWNS,STREET,10,18.0
123303,4,5,171,2,3,60.0,0,I,MELB_URBAN,ROAD,10,22.0
123304,1,5,99,4,9,50.0,0,N,MELB_URBAN,ROAD,10,12.0
123305,1,6,110,1,1,60.0,0,I,MELB_URBAN,STREET,10,8.0
123306,1,7,160,5,1,60.0,0,N,SMALL_CITIES,ROAD,10,7.0
123307,1,6,113,3,1,100.0,0,I,RURAL_VICTORIA,ROAD,10,18.0
123308,1,7,111,1,1,70.0,0,I,MELB_URBAN,ROAD,10,10.0
123309,1,6,113,2,1,60.0,0,I,LARGE_PROVINCIAL_CITIES,ROAD,10,14.0
123310,4,5,99,5,1,100.0,0,N,RURAL_VICTORIA,FREEWAY,10,17.0
123311,4,7,171,2,3,80.0,0,I,MELB_URBAN,ROAD,10,5.0
123312,5,7,181,5,1,100.0,1,N,RURAL_VICTORIA,OTHER,10,10.0
123313,1,7,160,5,1,50.0,0,N,MELB_URBAN,ROAD,10,12.0
123314,8,4,174,5,9,60.0,0,N,MELB_URBAN,ROAD,9,9.0
123315,1,1,130,5,9,40.0,0,N,MELB_URBAN,STREET,11,12.0
123316,1,4,130,2,1,40.0,0,I,MELB_URBAN,STREET,10,11.0
123317,1,6,110,1,3,50.0,0,I,MELB_URBAN,STREET,10,19.0
123318,2,6,102,2,1,60.0,0,I,MELB_URBAN,PARADE,10,17.0
123319,4,7,171,2,1,60.0,0,I,MELB_URBAN,DRIVE,10,14.0
123320,4,7,183,5,2,100.0,0,N,RURAL_VICTORIA,ROAD,10,20.0
123321,4,7,183,5,6,50.0,0,N,MELB_URBAN,OTHER,10,20.0
123322,1,6,134,5,3,60.0,0,N,MELB_URBAN,ROAD,10,22.0
123323,1,7,147,5,1,50.0,0,N,MELB_URBAN,STREET,10,18.0
123324,8,6,174,5,3,40.0,0,N,MELB_URBAN,ROAD,10,20.0
123325,4,7,171,5,1,100.0,1,N,RURAL_VICTORIA,ROAD,10,17.0
123326,4,1,171,1,3,60.0,0,I,MELB_URBAN,ROAD,10,23.0
123327,4,7,171,1,1,60.0,0,I,MELB_URBAN,ROAD,10,14.0
123328,4,1,181,5,1,80.0,0,N,RURAL_VICTORIA,ROAD,10,11.0
123329,1,2,130,5,1,60.0,0,N,MELB_URBAN,ROAD,9,11.0
123330,1,4,160,5,1,60.0,0,N,SMALL_CITIES,DRIVE,10,11.0
123331,4,7,173,1,1,80.0,0,I,MELB_URBAN,ROAD,10,19.0
123332,1,1,121,1,1,60.0,0,I,MELB_URBAN,ROAD,10,13.0
123333,2,6,99,5,1,40.0,0,N,MELB_URBAN,OTHER,10,15.0
123334,1,1,113,2,1,80.0,0,I,RURAL_VICTORIA,ROAD,10,14.0
123335,1,1,160,5,1,70.0,0,N,MELB_URBAN,ROAD,10,15.0
123336,1,1,110,1,1,50.0,0,I,MELB_URBAN,STREET,10,13.0
123337,1,1,120,5,1,80.0,0,N,MELB_URBAN,ROAD,10,14.0
123338,1,6,147,5,1,50.0,0,N,MELB_URBAN,PARADE,10,12.0
123339,1,6,160,5,1,60.0,0,N,MELB_URBAN,BOULEVARD,10,10.0
123340,6,1,174,1,1,60.0,0,I,MELB_URBAN,ROAD,10,17.0
123341,1,1,99,5,1,50.0,0,N,MELB_URBAN,STREET,10,18.0
123342,1,1,99,5,2,40.0,0,N,MELB_URBAN,STREET,10,18.0
123343,4,0,171,1,2,60.0,0,I,MELB_URBAN,ROAD,10,19.0
123344,4,0,171,5,2,60.0,0,N,MELB_URBAN,RAMP,10,19.0
123345,6,1,184,5,1,50.0,0,N,MELB_URBAN,STREET,10,20.0
123346,8,1,99,1,3,60.0,0,I,MELB_URBAN,ROAD,10,21.0
123347,4,1,173,5,1,100.0,0,N,RURAL_VICTORIA,ROAD,10,18.0
123348,1,1,120,5,5,80.0,0,N,RURAL_VICTORIA,ROAD,10,21.0
123349,1,5,130,5,1,100.0,0,N,MELB_URBAN,ROAD,10,18.0
123350,1,3,130,5,6,50.0,0,N,MELB_URBAN,STREET,5,23.0
123351,1,2,121,1,1,100.0,0,I,RURAL_VICTORIA,ROAD,10,8.0
123352,4,2,181,5,1,50.0,0,N,MELB_URBAN,OTHER,10,9.0
123353,8,4,174,5,1,60.0,0,N,MELB_URBAN,ROAD,10,16.0
123354,4,6,171,5,1,60.0,0,N,MELB_URBAN,ROAD,10,17.0
123355,1,1,135,1,1,60.0,0,I,MELB_URBAN,ROAD,10,10.0
123356,1,2,130,5,1,70.0,0,N,MELB_URBAN,ROAD,10,12.0
123357,1,1,160,5,1,50.0,0,N,SMALL_CITIES,STREET,10,11.0
123358,1,2,147,5,1,50.0,0,N,MELB_URBAN,STREET,10,13.0
123359,1,2,140,2,1,60.0,0,I,MELB_URBAN,ROAD,10,12.0
123360,1,2,99,5,1,80.0,0,N,MELB_URBAN,ROAD,10,14.0
123361,4,2,183,5,1,60.0,0,N,SMALL_TOWNS,ROAD,10,11.0
123362,8,5,99,5,1,50.0,0,N,MELB_URBAN,ROAD,10,10.0
123363,6,1,174,5,1,40.0,0,N,MELBOURNE_CBD,STREET,10,15.0
123364,6,2,170,5,1,100.0,0,N,RURAL_VICTORIA,ROAD,10,11.0
123365,1,6,140,5,3,60.0,0,N,MELB_URBAN,ROAD,9,19.0
123366,1,2,130,5,1,60.0,0,N,MELB_URBAN,ROAD,10,12.0
123367,1,1,130,5,1,60.0,0,N,MELB_URBAN,ROAD,10,12.0
123368,1,2,110,1,1,60.0,0,I,SMALL_CITIES,PARADE,10,16.0
123369,8,6,174,5,6,30.0,0,N,MELB_URBAN,ROAD,10,23.0
123370,8,1,99,5,1,60.0,0,N,MELB_URBAN,ROAD,10,15.0
123371,8,4,170,5,2,100.0,0,N,RURAL_VICTORIA,ROAD,9,17.0
123372,8,6,174,2,9,60.0,0,N,RURAL_VICTORIA,ROAD,9,14.0
123373,1,2,130,5,1,80.0,0,N,RURAL_VICTORIA,RAMP,10,16.0
123374,1,2,99,5,1,60.0,0,N,MELB_URBAN,DRIVE,10,17.0
123375,1,2,133,2,1,60.0,0,I,MELB_URBAN,ROAD,10,17.0
123376,5,7,99,2,1,60.0,0,N,RURAL_VICTORIA,ROAD,10,10.0
123377,1,2,99,2,1,100.0,1,I,RURAL_VICTORIA,ROAD,10,16.0
123378,1,2,130,5,1,70.0,1,N,MELB_URBAN,ROAD,10,15.0
123379,2,2,99,5,3,60.0,0,N,MELB_URBAN,STREET,10,21.0
123380,4,2,171,2,1,50.0,0,I,MELB_URBAN,STREET,10,15.0
123381,1,2,110,1,3,80.0,0,I,MELB_URBAN,HIGHWAY,10,22.0
123382,1,3,110,1,1,60.0,0,I,TOWNS,STREET,10,11.0
123383,6,2,174,1,3,50.0,0,I,RURAL_VICTORIA,ROAD,10,0.0
123384,1,5,130,5,9,70.0,0,N,MELB_URBAN,ROAD,10,15.0
123385,1,3,116,4,1,50.0,0,I,MELB_URBAN,DRIVE,10,8.0
123386,4,1,99,5,3,60.0,0,N,MELB_URBAN,ROAD,10,4.0
123387,1,0,130,2,1,60.0,0,N,MELB_URBAN,RAMP,8,8.0
123388,4,3,171,5,1,60.0,0,N,MELB_URBAN,ROAD,10,9.0
123389,8,6,174,5,1,60.0,0,N,RURAL_VICTORIA,ROAD,10,16.0
123390,4,6,171,5,1,100.0,0,N,RURAL_VICTORIA,ROAD,10,19.0
123391,1,2,120,5,1,50.0,0,N,MELB_URBAN,ROAD,10,10.0
123392,6,1,174,2,3,50.0,0,I,MELB_URBAN,DRIVE,9,19.0
123393,2,3,99,5,1,100.0,0,N,RURAL_VICTORIA,ROAD,10,12.0
123394,4,3,173,5,1,40.0,0,N,MELB_URBAN,OTHER,10,13.0
123395,4,3,171,1,1,50.0,0,I,SMALL_CITIES,OTHER,10,11.0
123396,1,3,160,2,1,60.0,0,I,RURAL_VICTORIA,DRIVE,10,11.0
123397,2,2,100,5,1,50.0,0,N,MELB_URBAN,STREET,10,12.0
123398,1,2,130,5,1,50.0,0,N,SMALL_CITIES,STREET,10,12.0
123399,1,2,140,1,3,80.0,0,N,MELB_URBAN,STREET,10,23.0
123400,1,2,110,1,1,80.0,0,I,RURAL_VICTORIA,ROAD,10,16.0
123401,1,3,130,5,1,40.0,0,I,LARGE_PROVINCIAL_CITIES,STREET,10,16.0
123402,8,6,174,5,9,50.0,0,N,SMALL_CITIES,OTHER,1,16.0
123403,8,2,99,5,1,100.0,0,N,RURAL_VICTORIA,ROAD,10,17.0
123404,1,2,133,5,1,60.0,0,N,MELB_URBAN,ROAD,10,17.0
123405,6,3,99,5,1,100.0,0,N,RURAL_VICTORIA,ROAD,10,17.0
123406,1,2,130,5,1,80.0,0,N,MELB_URBAN,RAMP,10,17.0
123407,4,3,171,2,1,80.0,0,I,RURAL_VICTORIA,HIGHWAY,10,17.0
123408,1,6,113,2,1,80.0,0,N,MELB_URBAN,ROAD,10,8.0
123409,1,3,120,5,1,50.0,0,N,MELB_URBAN,ROAD,10,15.0
123410,1,2,99,5,1,60.0,0,N,MELB_URBAN,OTHER,10,16.0
123411,4,3,99,5,5,60.0,0,N,SMALL_TOWNS,ROAD,10,22.0
123412,1,2,110,1,1,40.0,0,I,MELB_URBAN,STREET,10,10.0
123413,2,0,100,5,3,40.0,0,N,MELB_URBAN,STREET,10,21.0
123414,4,3,173,5,6,60.0,0,N,MELB_URBAN,ROAD,9,20.0
123415,4,4,173,5,3,40.0,0,N,MELB_URBAN,STREET,10,4.0
123416,1,4,140,5,1,60.0,0,N,RURAL_VICTORIA,ROAD,10,6.0
123417,1,4,121,2,1,60.0,0,I,MELB_URBAN,STREET,10,8.0
123418,8,2,99,5,1,60.0,0,N,RURAL_VICTORIA,ROAD,10,13.0
123419,1,3,113,2,1,60.0,0,I,MELB_URBAN,ROAD,10,9.0
123420,4,3,171,5,5,100.0,0,N,RURAL_VICTORIA,HIGHWAY,10,22.0
123421,1,3,130,2,1,60.0,0,I,LARGE_PROVINCIAL_CITIES,STREET,10,16.0
123422,1,2,111,2,1,70.0,0,I,MELB_URBAN,ROAD,10,17.0
123423,1,5,110,1,1,60.0,0,I,SMALL_CITIES,AVENUE,9,12.0
123424,4,4,171,5,1,60.0,0,N,MELB_URBAN,ROAD,10,11.0
123425,8,4,99,5,1,100.0,0,N,RURAL_VICTORIA,ROAD,10,10.0
123426,1,4,99,2,1,40.0,0,I,MELB_URBAN,STREET,10,13.0
123427,8,7,99,1,2,60.0,0,I,MELB_URBAN,PARADE,10,7.0
123428,1,4,99,2,1,60.0,0,I,MELB_URBAN,ROAD,10,12.0
123429,1,3,110,1,1,60.0,0,I,MELB_URBAN,ROAD,10,13.0
123430,1,3,130,5,1,60.0,0,N,MELB_URBAN,ROAD,10,12.0
123431,2,4,99,4,1,110.0,1,N,RURAL_VICTORIA,UNKNOWN,10,7.0
123432,1,1,130,5,1,40.0,0,N,MELB_URBAN,ROAD,10,8.0
123433,1,2,135,1,1,40.0,0,I,MELB_URBAN,STREET,10,16.0
123434,4,4,181,5,1,100.0,0,N,RURAL_VICTORIA,ROAD,10,13.0
123435,1,3,130,5,1,40.0,0,N,MELB_URBAN,ROAD,10,13.0
123436,1,3,120,5,1,100.0,0,N,RURAL_VICTORIA,ROAD,10,13.0
123437,4,1,99,5,1,50.0,0,N,MELB_URBAN,STREET,10,13.0
123438,2,3,99,5,1,50.0,0,N,SMALL_CITIES,STREET,10,14.0
123439,1,4,132,5,1,60.0,0,N,MELB_URBAN,ROAD,10,12.0
123440,4,4,181,2,1,60.0,0,I,TOWNS,STREET,10,16.0
123441,1,6,99,5,1,80.0,0,N,MELB_URBAN,RAMP,10,14.0
123442,1,4,110,1,1,60.0,0,N,SMALL_CITIES,STREET,10,17.0
123443,1,1,130,5,1,80.0,0,N,MELB_URBAN,ROAD,9,12.0
123444,1,3,110,1,1,60.0,0,N,RURAL_VICTORIA,ROAD,10,17.0
123445,1,6,147,5,1,80.0,0,N,MELB_URBAN,ROAD,10,15.0
123446,1,3,130,2,1,60.0,0,I,MELB_URBAN,ROAD,10,15.0
123447,8,4,184,4,1,40.0,0,N,SMALL_CITIES,ROAD,10,17.0
123448,1,6,132,5,3,80.0,0,N,MELB_URBAN,ROAD,7,19.0
123449,1,4,147,5,1,80.0,0,N,MELB_URBAN,ROAD,10,17.0
123450,1,0,120,1,3,80.0,0,I,TOWNS,ROAD,10,5.0
123451,1,4,130,1,1,60.0,0,I,MELB_URBAN,PARADE,10,16.0
123452,1,3,130,5,1,50.0,0,N,MELB_URBAN,STREET,10,19.0
123453,4,4,183,5,3,50.0,0,N,SMALL_CITIES,ROAD,10,21.0
123454,1,4,120,1,3,60.0,0,I,MELB_URBAN,ROAD,10,23.0
123455,4,3,171,5,3,50.0,0,N,MELB_URBAN,OTHER,10,22.0
123456,1,4,121,2,1,60.0,0,I,MELB_URBAN,ROAD,10,7.0
123457,6,5,99,5,1,100.0,0,N,RURAL_VICTORIA,ROAD,10,7.0
123458,1,5,130,5,1,40.0,0,N,MELB_URBAN,ROAD,10,9.0
123459,1,4,120,5,1,80.0,0,N,RURAL_VICTORIA,HIGHWAY,10,8.0
123460,1,2,163,5,1,50.0,0,N,MELB_URBAN,STREET,10,15.0
123461,2,3,99,5,1,50.0,0,N,MELB_URBAN,STREET,10,15.0
123462,1,5,130,2,1,60.0,0,I,MELB_URBAN,ROAD,10,10.0
123463,8,5,174,5,2,100.0,0,N,RURAL_VICTORIA,ROAD,10,6.0
123464,1,4,163,5,1,40.0,0,N,MELB_URBAN,ROAD,10,11.0
123465,1,4,130,1,1,80.0,0,I,MELB_URBAN,HIGHWAY,10,11.0
123466,1,5,134,5,1,70.0,0,N,MELB_URBAN,ROAD,10,12.0
123467,1,5,121,1,1,60.0,0,I,TOWNS,HIGHWAY,10,12.0
123468,1,5,116,1,1,60.0,0,I,MELB_URBAN,ROAD,10,11.0
123469,1,5,133,5,1,50.0,0,N,MELB_URBAN,ROAD,10,13.0
123470,1,4,130,2,1,60.0,0,I,MELB_URBAN,ROAD,10,7.0
123471,1,5,134,5,1,80.0,0,N,MELB_URBAN,HIGHWAY,10,13.0
123472,1,5,160,5,1,70.0,0,N,MELB_URBAN,ROAD,10,7.0
123473,4,2,171,5,2,80.0,0,N,MELB_URBAN,ROAD,10,19.0
123474,1,5,113,2,1,60.0,0,I,LARGE_PROVINCIAL_CITIES,OTHER,10,14.0
123475,1,5,99,4,1,60.0,0,N,MELB_URBAN,OTHER,10,15.0
123476,1,4,130,1,1,80.0,0,I,MELB_URBAN,HIGHWAY,10,14.0
123477,1,6,130,1,1,70.0,0,N,LARGE_PROVINCIAL_CITIES,ROAD,10,14.0
123478,1,5,99,5,1,50.0,0,N,MELB_URBAN,ROAD,10,15.0
123479,5,1,99,5,5,100.0,0,N,RURAL_VICTORIA,ROAD,8,5.0
123480,1,5,147,5,1,50.0,0,N,MELB_URBAN,ROAD,10,16.0
123481,1,4,113,2,1,60.0,0,N,MELB_URBAN,ROAD,10,15.0
123482,1,5,130,5,1,80.0,0,N,MELB_URBAN,ROAD,10,16.0
123483,6,3,184,3,2,50.0,0,I,MELB_URBAN,STREET,10,18.0
123484,1,4,130,1,1,70.0,0,N,MELB_URBAN,ROAD,10,16.0
123485,1,5,160,5,1,100.0,0,N,RURAL_VICTORIA,FREEWAY,10,15.0
123486,4,5,181,5,1,100.0,0,N,RURAL_VICTORIA,ROAD,10,18.0
123487,6,5,174,4,1,60.0,0,I,MELB_URBAN,ROAD,10,16.0
123488,1,1,130,5,1,100.0,0,N,RURAL_VICTORIA,ROAD,10,14.0
123489,1,5,132,1,1,40.0,0,I,LARGE_PROVINCIAL_CITIES,STREET,10,15.0
123490,6,5,99,5,3,100.0,0,N,RURAL_VICTORIA,ROAD,10,20.0
123491,1,5,130,5,3,80.0,0,N,SMALL_TOWNS,HIGHWAY,10,20.0
123492,1,5,140,5,3,60.0,1,N,MELB_URBAN,OTHER,10,22.0
123493,4,6,173,5,1,50.0,0,N,MELB_URBAN,BOULEVARD,9,13.0
123494,1,5,110,1,9,100.0,0,I,RURAL_VICTORIA,ROAD,10,16.0
123495,1,6,110,1,1,60.0,0,I,SMALL_CITIES,PARADE,10,9.0
123496,8,1,174,1,1,50.0,0,I,MELB_URBAN,STREET,10,15.0
123497,8,1,174,5,1,50.0,0,N,RURAL_VICTORIA,OTHER,10,15.0
123498,4,6,181,5,1,60.0,0,N,TOWNS,STREET,10,10.0
123499,4,6,171,5,1,110.0,1,N,RURAL_VICTORIA,FREEWAY,10,8.0
123500,1,5,110,1,1,60.0,0,I,LARGE_PROVINCIAL_CITIES,STREET,10,11.0
123501,1,5,111,2,1,70.0,0,I,MELB_URBAN,ROAD,10,13.0
123502,1,5,132,5,1,70.0,0,N,RURAL_VICTORIA,ROAD,10,13.0
123503,1,5,135,5,1,80.0,0,N,MELB_URBAN,ROAD,10,11.0
123504,1,4,130,1,9,60.0,0,I,MELB_URBAN,ROAD,10,3.0
123505,1,6,160,5,1,60.0,0,N,LARGE_PROVINCIAL_CITIES,STREET,10,18.0
123506,9,6,99,5,1,60.0,0,N,TOWNS,ROAD,10,14.0
123507,1,5,147,5,1,60.0,0,N,LARGE_PROVINCIAL_CITIES,ROAD,10,16.0
123508,4,6,181,5,1,80.0,0,N,RURAL_VICTORIA,ROAD,10,18.0
123509,8,6,174,2,3,60.0,0,N,MELB_URBAN,STREET,10,20.0
123510,6,5,99,5,1,70.0,0,N,RURAL_VICTORIA,ROAD,10,14.0
123511,4,6,173,5,3,60.0,0,N,MELB_URBAN,ROAD,10,22.0
123512,4,5,173,5,5,100.0,0,N,RURAL_VICTORIA,HIGHWAY,10,23.0
123513,8,6,99,5,3,50.0,0,N,MELB_URBAN,STREET,10,21.0
123514,4,5,173,5,3,50.0,0,N,MELB_URBAN,STREET,10,22.0
123515,4,6,181,5,1,110.0,0,N,TOWNS,FREEWAY,10,11.0
123516,1,2,130,5,1,80.0,0,N,MELB_URBAN,ROAD,9,12.0
123517,4,6,173,5,2,80.0,0,N,MELB_URBAN,ROAD,10,5.0
123518,1,5,140,5,1,60.0,0,N,RURAL_VICTORIA,ROAD,5,16.0
123519,2,6,102,1,1,50.0,0,I,SMALL_TOWNS,ROAD,10,18.0
123520,4,7,173,1,2,60.0,0,I,MELB_URBAN,OTHER,10,6.0
123521,4,7,183,3,1,100.0,0,I,RURAL_VICTORIA,ROAD,10,9.0
123522,1,4,130,1,5,60.0,0,I,MELB_URBAN,ROAD,10,21.0
123523,4,7,183,5,1,100.0,0,N,RURAL_VICTORIA,HIGHWAY,10,11.0
123524,1,7,113,1,1,50.0,0,I,LARGE_PROVINCIAL_CITIES,UNKNOWN,10,13.0
123525,1,6,121,2,1,40.0,0,I,MELB_URBAN,ROAD,10,9.0
123526,2,6,99,2,1,40.0,0,N,MELB_URBAN,STREET,10,17.0
123527,4,6,173,5,1,60.0,0,N,MELB_URBAN,ROAD,10,11.0
123528,1,7,121,3,1,60.0,0,N,MELB_URBAN,AVENUE,10,12.0
123529,1,7,121,1,1,70.0,0,I,MELB_URBAN,ROAD,10,14.0
123530,1,7,99,2,1,60.0,0,I,SMALL_CITIES,AVENUE,10,14.0
123531,1,3,163,5,1,40.0,0,N,MELB_URBAN,PARADE,10,12.0
123532,1,3,116,2,1,40.0,0,I,MELB_URBAN,ROAD,9,17.0
123533,1,6,110,4,1,50.0,0,I,SMALL_CITIES,DRIVE,10,16.0
123534,1,6,130,5,1,70.0,0,N,MELB_URBAN,ROAD,10,16.0
123535,1,7,160,5,1,100.0,0,N,MELB_URBAN,FREEWAY,10,16.0
123536,1,4,130,5,1,80.0,0,N,MELB_URBAN,ROAD,10,12.0
123537,1,6,134,5,1,100.0,0,N,MELB_URBAN,ROAD,10,16.0
123538,1,5,99,1,2,60.0,0,I,MELB_URBAN,STREET,10,6.0
123539,1,7,140,5,1,60.0,0,N,MELB_URBAN,ROAD,10,14.0
123540,1,3,140,2,9,50.0,0,I,MELB_URBAN,STREET,9,13.0
123541,1,7,99,1,2,50.0,0,I,MELB_URBAN,ROAD,10,20.0
123542,1,7,130,5,1,110.0,1,N,RURAL_VICTORIA,FREEWAY,10,15.0