,accident_type,day_of_week,dca_code,road_geometry,light_condition,speed_zone,severity,node_type,deg_urban_name,road_type,month,hour
123543,4,7,171,5,5,100.0,0,N,RURAL_VICTORIA,ROAD,10,23.0
123544,4,0,173,2,5,80.0,0,I,RURAL_VICTORIA,ROAD,10,0.0
123545,1,6,121,1,1,40.0,0,I,MELB_URBAN,ROAD,10,12.0
123546,4,0,171,5,2,60.0,0,N,SMALL_CITIES,STREET,10,6.0
123547,1,1,99,2,2,60.0,0,I,MELB_URBAN,ROAD,10,6.0
123548,1,7,120,5,5,60.0,0,N,RURAL_VICTORIA,ROAD,10,21.0
123549,1,1,147,5,1,60.0,0,N,MELB_URBAN,ROAD,10,10.0
123550,4,1,183,5,5,100.0,0,N,RURAL_VICTORIA,ROAD,10,0.0
123551,4,1,173,5,5,50.0,0,N,MELB_URBAN,STREET,10,5.0
123552,4,7,173,5,5,100.0,0,N,RURAL_VICTORIA,ROAD,10,21.0
123553,2,7,99,5,1,100.0,0,I,MELB_URBAN,RAMP,10,18.0
123554,2,1,99,5,1,40.0,0,N,MELB_URBAN,ROAD,10,14.0
123555,2,1,100,2,1,50.0,1,N,MELB_URBAN,PARADE,10,11.0
123556,1,5,130,5,2,60.0,0,N,MELB_URBAN,ROAD,4,20.0
123557,1,0,110,1,1,50.0,0,I,LARGE_PROVINCIAL_CITIES,ROAD,10,16.0
123558,5,7,99,2,5,100.0,0,I,RURAL_VICTORIA,ROAD,10,4.0
123559,2,1,99,5,2,60.0,0,N,MELB_URBAN,ROAD,10,19.0
123560,1,7,110,1,1,40.0,1,I,MELBOURNE_CBD,STREET,10,18.0
123561,4,1,171,5,3,60.0,0,N,LARGE_PROVINCIAL_CITIES,ROAD,10,20.0
123562,4,1,171,5,1,80.0,0,N,MELB_URBAN,HIGHWAY,10,14.0
123563,4,2,99,1,3,60.0,0,I,SMALL_CITIES,ROAD,10,2.0
123564,1,2,121,1,3,80.0,0,I,MELB_URBAN,ROAD,10,5.0
123565,1,2,99,1,1,60.0,0,I,SMALL_CITIES,STREET,10,8.0
123566,1,1,135,5,1,70.0,0,N,MELB_URBAN,ROAD,10,9.0
123567,1,4,99,2,9,60.0,0,I,RURAL_VICTORIA,HIGHWAY,10,13.0
123568,2,2,100,2,1,50.0,0,I,SMALL_CITIES,DRIVE,10,8.0
123569,1,1,113,2,1,60.0,0,I,MELB_URBAN,ROAD,10,9.0
123570,6,4,184,2,3,50.0,0,I,MELB_URBAN,DRIVE,10,21.0
123571,1,2,120,5,1,60.0,0,N,RURAL_VICTORIA,ROAD,10,11.0
123572,8,5,170,5,9,60.0,0,N,RURAL_VICTORIA,ROAD,10,13.0
123573,1,2,160,5,1,70.0,0,N,MELB_URBAN,ROAD,10,10.0
123574,1,2,140,5,1,60.0,0,N,TOWNS,ROAD,10,12.0
123575,1,2,113,2,1,60.0,0,I,LARGE_PROVINCIAL_CITIES,STREET,10,12.0
123576,8,1,184,5,1,60.0,0,N,LARGE_PROVINCIAL_CITIES,UNKNOWN,10,12.0
123577,1,2,110,1,1,80.0,0,I,SMALL_CITIES,ROAD,10,13.0
123578,1,5,134,5,1,80.0,0,N,MELB_URBAN,HIGHWAY,10,7.0
123579,6,7,174,5,1,60.0,0,N,RURAL_VICTORIA,ROAD,10,11.0
123580,1,1,113,2,1,100.0,0,I,RURAL_VICTORIA,ROAD,10,11.0
123581,1,1,130,5,1,60.0,0,N,MELB_URBAN,ROAD,10,14.0
123582,1,2,110,1,1,50.0,0,I,LARGE_PROVINCIAL_CITIES,STREET,10,15.0
123583,1,5,132,2,1,60.0,0,N,MELB_URBAN,ROAD,10,7.0
123584,1,2,99,5,1,50.0,0,N,MELB_URBAN,DRIVE,10,17.0
123585,1,2,130,2,1,80.0,0,I,RURAL_VICTORIA,ROAD,10,17.0
123586,1,1,121,1,2,80.0,0,I,MELB_URBAN,ROAD,10,5.0
123587,4,2,171,2,1,40.0,0,I,MELB_URBAN,STREET,10,18.0
123588,4,2,173,5,2,100.0,0,N,RURAL_VICTORIA,ROAD,10,19.0
123589,1,1,121,2,1,50.0,0,I,RURAL_VICTORIA,DRIVE,10,16.0
123590,4,2,171,5,3,80.0,0,N,MELB_URBAN,ROAD,10,23.0
123591,4,1,99,2,5,100.0,0,I,RURAL_VICTORIA,ROAD,10,21.0
123592,1,2,110,1,1,100.0,0,I,RURAL_VICTORIA,ROAD,10,13.0
123593,4,3,171,5,5,50.0,0,N,SMALL_CITIES,ROAD,10,4.0
123594,1,4,110,1,1,60.0,0,I,RURAL_VICTORIA,ROAD,10,16.0
123595,3,7,167,5,9,80.0,0,N,RURAL_VICTORIA,ROAD,10,11.0
123596,1,1,130,5,2,80.0,0,N,MELB_URBAN,HIGHWAY,10,5.0
123597,2,3,100,2,1,50.0,0,N,MELB_URBAN,STREET,10,8.0
123598,1,2,110,1,3,50.0,0,I,MELB_URBAN,AVENUE,10,5.0
123599,4,3,183,5,1,100.0,0,N,RURAL_VICTORIA,ROAD,10,9.0
123600,1,3,132,5,1,60.0,0,N,MELB_URBAN,STREET,10,9.0
123601,9,3,174,2,1,60.0,0,I,MELB_URBAN,STREET,10,8.0
123602,1,3,130,1,1,50.0,0,N,MELB_URBAN,ROAD,10,10.0
123603,1,5,160,5,2,50.0,0,N,MELB_URBAN,ROAD,10,16.0
123604,4,3,181,5,1,100.0,0,N,RURAL_VICTORIA,ROAD,10,8.0
123605,2,2,102,5,1,40.0,0,N,MELB_URBAN,DRIVE,10,19.0
123606,1,3,160,5,1,50.0,0,N,MELB_URBAN,ROAD,10,8.0
123607,1,5,130,5,1,40.0,0,N,MELB_URBAN,BOULEVARD,9,15.0
123608,5,2,99,2,1,50.0,0,I,MELB_URBAN,ROAD,10,16.0
123609,6,3,174,2,1,80.0,0,I,RURAL_VICTORIA,ROAD,10,9.0
123610,1,3,120,5,1,60.0,0,N,SMALL_TOWNS,ROAD,10,12.0
123611,1,2,130,5,1,60.0,0,N,MELB_URBAN,ROAD,10,14.0
123612,1,2,130,2,1,60.0,0,N,MELB_URBAN,ROAD,10,14.0
123613,1,2,99,5,1,60.0,0,N,RURAL_VICTORIA,ROAD,10,11.0
123614,1,2,133,5,1,60.0,0,N,MELB_URBAN,ROAD,10,14.0
123615,1,2,110,1,1,50.0,0,I,MELB_URBAN,STREET,10,6.0
123616,1,3,110,1,1,50.0,0,I,MELB_URBAN,ROAD,10,17.0
123617,2,2,102,5,1,50.0,0,N,MELB_URBAN,OTHER,10,14.0
123618,1,3,113,2,1,80.0,0,I,MELB_URBAN,HIGHWAY,10,14.0
123619,7,3,99,5,3,50.0,0,N,MELB_URBAN,DRIVE,10,22.0
123620,1,2,130,5,1,60.0,0,N,MELB_URBAN,DRIVE,10,17.0
123621,1,2,147,5,1,40.0,0,N,MELB_URBAN,ROAD,10,16.0
123622,1,2,99,5,1,40.0,0,N,SMALL_CITIES,STREET,10,15.0
123623,4,2,171,5,1,60.0,0,N,RURAL_VICTORIA,ROAD,10,16.0
123624,1,2,130,5,1,80.0,0,N,RURAL_VICTORIA,ROAD,10,8.0
123625,5,4,171,5,2,100.0,0,N,RURAL_VICTORIA,ROAD,9,5.0
123626,1,3,130,5,1,60.0,0,N,LARGE_PROVINCIAL_CITIES,HIGHWAY,10,15.0
123627,1,6,113,1,1,60.0,0,I,MELB_URBAN,STREET,10,17.0
123628,1,6,121,1,1,50.0,0,I,MELB_URBAN,STREET,10,19.0
123629,4,2,183,5,1,100.0,0,N,RURAL_VICTORIA,ROAD,10,14.0
123630,1,2,113,2,1,70.0,0,I,MELB_URBAN,ROAD,10,7.0
123631,1,4,130,5,2,40.0,0,N,RURAL_VICTORIA,HIGHWAY,10,6.0
123632,8,1,174,5,1,50.0,0,N,MELB_URBAN,STREET,9,10.0
123633,1,3,99,5,2,60.0,0,N,RURAL_VICTORIA,ROAD,10,5.0
123634,1,5,99,5,1,50.0,0,N,SMALL_CITIES,AVENUE,10,11.0
123635,1,2,130,1,2,60.0,0,I,MELB_URBAN,ROAD,10,7.0
123636,4,6,183,5,5,100.0,0,N,RURAL_VICTORIA,ROAD,8,21.0
123637,1,2,110,1,1,50.0,0,I,LARGE_PROVINCIAL_CITIES,STREET,10,15.0
123638,4,4,171,5,1,60.0,0,N,MELB_URBAN,ROAD,10,12.0
123639,1,4,130,5,1,60.0,0,N,LARGE_PROVINCIAL_CITIES,STREET,10,12.0
123640,2,4,99,5,1,50.0,0,N,MELB_URBAN,STREET,10,7.0
123641,1,7,160,5,6,40.0,0,N,LARGE_PROVINCIAL_CITIES,STREET,9,21.0
123642,6,4,174,5,1,60.0,0,N,MELB_URBAN,ROAD,10,16.0
123643,2,2,99,5,1,50.0,0,N,MELB_URBAN,STREET,10,12.0
123644,1,6,111,1,3,40.0,0,I,MELB_URBAN,ROAD,10,22.0
123645,1,2,120,5,1,50.0,0,N,MELB_URBAN,STREET,10,17.0
123646,1,4,121,1,1,60.0,0,I,MELB_URBAN,STREET,10,15.0
123647,1,3,160,5,1,60.0,0,N,MELB_URBAN,ROAD,10,13.0
123648,1,4,121,2,1,60.0,0,I,MELB_URBAN,ROAD,10,15.0
123649,2,4,102,5,1,50.0,0,N,MELB_URBAN,ROAD,10,15.0
123650,4,3,171,5,1,60.0,0,N,RURAL_VICTORIA,ROAD,10,14.0
123651,1,3,113,2,1,50.0,0,I,MELB_URBAN,STREET,10,15.0
123652,1,4,121,2,1,80.0,0,I,MELB_URBAN,ROAD,10,16.0
123653,1,1,99,5,9,50.0,0,I,MELB_URBAN,STREET,10,11.0
123654,1,3,135,5,1,80.0,0,N,MELB_URBAN,FREEWAY,10,16.0
123655,1,4,99,5,1,60.0,0,N,SMALL_CITIES,ROAD,10,15.0
123656,1,4,121,5,1,80.0,0,N,MELB_URBAN,HIGHWAY,10,17.0
123657,1,4,163,5,1,50.0,0,N,MELB_URBAN,AVENUE,10,17.0
123658,2,4,102,5,1,60.0,0,N,MELB_URBAN,ROAD,10,18.0
123659,1,4,121,2,1,80.0,0,I,SMALL_CITIES,HIGHWAY,10,14.0
123660,1,3,110,1,1,60.0,0,I,LARGE_PROVINCIAL_CITIES,STREET,10,16.0
123661,2,3,102,5,1,40.0,0,N,MELB_URBAN,ROAD,10,16.0
123662,2,4,99,5,1,50.0,0,N,MELB_URBAN,AVENUE,10,19.0
123663,1,3,147,5,1,50.0,0,N,MELB_URBAN,DRIVE,10,18.0
123664,1,3,140,5,1,50.0,0,N,MELB_URBAN,STREET,10,14.0
123665,1,4,99,2,1,60.0,0,I,SMALL_CITIES,ROAD,10,16.0
123666,1,3,121,2,1,50.0,1,I,MELB_URBAN,ROAD,10,15.0
123667,4,5,181,5,3,70.0,0,N,MELB_URBAN,ROAD,10,1.0
123668,4,5,173,5,3,50.0,0,N,SMALL_CITIES,ROAD,10,0.0
123669,1,5,111,4,2,80.0,0,I,SMALL_CITIES,HIGHWAY,10,6.0
123670,1,5,130,1,2,60.0,0,I,MELB_URBAN,ROAD,10,5.0
123671,1,4,130,1,4,80.0,0,I,RURAL_VICTORIA,ROAD,10,19.0
123672,1,5,113,2,2,80.0,0,I,RURAL_VICTORIA,ROAD,10,6.0
123673,1,5,113,2,1,60.0,0,I,TOWNS,ROAD,10,8.0
123674,1,4,121,5,1,60.0,0,I,MELB_URBAN,ROAD,10,8.0
123675,1,4,130,5,1,60.0,0,N,MELB_URBAN,STREET,10,8.0
123676,1,5,120,5,1,60.0,0,N,TOWNS,HIGHWAY,10,8.0
123677,2,5,99,5,1,40.0,0,I,MELB_URBAN,DRIVE,10,9.0
123678,1,4,110,1,1,60.0,0,I,MELB_URBAN,STREET,10,17.0
123679,8,7,174,2,1,60.0,0,N,MELB_URBAN,AVENUE,10,14.0
123680,1,5,110,1,1,50.0,0,I,TOWNS,OTHER,10,10.0
123681,1,4,132,5,2,100.0,0,N,MELB_URBAN,ROAD,10,5.0
123682,1,5,121,2,1,70.0,0,I,MELB_URBAN,ROAD,10,11.0
123683,1,3,116,1,1,60.0,0,I,MELB_URBAN,ROAD,10,10.0
123684,1,4,140,5,1,50.0,0,N,SMALL_CITIES,STREET,10,14.0
123685,1,4,130,2,1,60.0,0,N,MELB_URBAN,ROAD,10,16.0
123686,1,3,99,4,3,40.0,0,I,MELB_URBAN,ROAD,10,21.0
123687,1,5,99,5,1,50.0,0,N,MELB_URBAN,STREET,10,16.0
123688,1,5,99,5,1,60.0,0,N,SMALL_CITIES,DRIVE,10,15.0
123689,1,3,99,2,9,60.0,0,I,MELB_URBAN,STREET,10,17.0
123690,4,5,171,5,1,100.0,0,N,RURAL_VICTORIA,ROAD,10,17.0
123691,4,5,171,5,1,100.0,0,N,RURAL_VICTORIA,HIGHWAY,10,14.0
123692,1,4,116,2,1,50.0,0,I,MELB_URBAN,AVENUE,10,14.0
123693,1,5,116,2,1,50.0,0,I,SMALL_CITIES,ROAD,10,17.0
123694,1,5,160,5,3,60.0,0,N,MELB_URBAN,OTHER,10,20.0
123695,1,5,120,2,1,60.0,0,N,MELB_URBAN,STREET,10,17.0
123696,4,5,183,5,3,60.0,0,N,RURAL_VICTORIA,ROAD,10,23.0
123697,4,6,171,5,3,70.0,0,N,LARGE_PROVINCIAL_CITIES,ROAD,10,3.0
123698,1,4,135,5,3,80.0,0,N,MELB_URBAN,HIGHWAY,10,23.0
123699,1,3,132,1,1,40.0,0,I,MELB_URBAN,STREET,10,13.0
123700,1,5,121,1,1,40.0,0,I,MELB_URBAN,ROAD,10,17.0
123701,3,2,167,5,5,100.0,0,N,RURAL_VICTORIA,HIGHWAY,10,21.0
123702,8,7,174,5,1,100.0,0,N,RURAL_VICTORIA,ROAD,10,14.0
123703,7,5,99,5,1,50.0,0,N,RURAL_VICTORIA,OTHER,10,15.0
123704,1,4,130,5,1,70.0,0,N,MELB_URBAN,ROAD,10,16.0
123705,1,1,121,1,1,60.0,0,I,MELB_URBAN,ROAD,10,17.0
123706,4,6,171,1,1,50.0,0,I,MELB_URBAN,ROAD,10,9.0
123707,1,6,99,2,1,80.0,0,N,MELB_URBAN,HIGHWAY,10,8.0
123708,8,5,99,5,5,50.0,0,N,TOWNS,ROAD,10,23.0
123709,2,5,102,5,1,40.0,0,N,SMALL_CITIES,STREET,10,11.0
123710,1,5,99,5,1,60.0,0,N,LARGE_PROVINCIAL_CITIES,STREET,10,11.0
123711,1,4,130,1,1,40.0,0,N,MELB_URBAN,STREET,10,18.0
123712,2,6,100,1,1,80.0,0,I,MELB_URBAN,ROAD,10,13.0
123713,1,5,121,1,1,60.0,0,I,MELB_URBAN,ROAD,10,14.0
123714,1,6,160,5,1,40.0,0,N,TOWNS,UNKNOWN,10,14.0
123715,4,6,183,5,1,100.0,1,N,RURAL_VICTORIA,RAMP,10,15.0
123716,4,5,173,1,1,80.0,0,I,MELB_URBAN,RAMP,10,15.0
123717,1,3,113,2,1,60.0,0,I,MELB_URBAN,DRIVE,10,9.0
123718,1,6,130,5,1,40.0,0,N,LARGE_PROVINCIAL_CITIES,STREET,10,12.0
123719,7,5,99,5,9,60.0,0,N,SMALL_CITIES,AVENUE,10,12.0
123720,3,2,167,5,2,80.0,0,N,RURAL_VICTORIA,ROAD,10,7.0
123721,1,6,121,2,1,70.0,0,I,MELB_URBAN,ROAD,10,14.0
123722,1,3,130,2,1,60.0,0,N,LARGE_PROVINCIAL_CITIES,ROAD,10,8.0
123723,1,6,121,2,1,60.0,0,N,MELB_URBAN,ROAD,10,16.0
123724,1,6,99,2,1,40.0,0,I,MELB_URBAN,STREET,10,17.0
123725,2,5,100,2,1,40.0,0,I,MELB_URBAN,ROAD,10,18.0
123726,2,5,102,2,2,80.0,0,I,MELB_URBAN,ROAD,10,19.0
123727,1,6,135,1,3,80.0,0,I,RURAL_VICTORIA,STREET,10,22.0
123728,1,1,110,1,1,80.0,0,I,MELB_URBAN,ROAD,10,15.0
123729,1,5,113,2,3,50.0,0,I,MELB_URBAN,STREET,10,23.0
123730,1,6,135,5,1,100.0,0,N,MELB_URBAN,RAMP,10,16.0
123731,1,5,116,2,3,70.0,0,N,MELB_URBAN,HIGHWAY,10,23.0
123732,1,2,130,5,1,60.0,0,N,MELB_URBAN,STREET,10,14.0
123733,1,7,160,5,3,40.0,0,N,MELB_URBAN,ROAD,10,4.0
123734,1,1,160,5,1,50.0,0,N,MELB_URBAN,STREET,9,15.0
123735,4,6,171,5,1,60.0,0,N,MELB_URBAN,DRIVE,10,18.0
123736,1,6,116,2,1,80.0,0,N,MELB_URBAN,HIGHWAY,10,10.0
123737,1,7,99,1,1,80.0,0,N,RURAL_VICTORIA,HIGHWAY,10,9.0
123738,4,6,99,6,6,80.0,0,N,RURAL_VICTORIA,DRIVE,10,0.0
123739,1,4,130,5,1,70.0,0,N,MELB_URBAN,ROAD,10,16.0
123740,1,7,99,2,1,80.0,0,N,MELB_URBAN,ROAD,10,8.0
123741,1,7,111,2,1,60.0,0,I,RURAL_VICTORIA,ROAD,10,14.0
123742,1,6,132,2,1,60.0,0,I,RURAL_VICTORIA,BOULEVARD,10,12.0
123743,1,6,130,5,1,80.0,0,N,RURAL_VICTORIA,ROAD,10,15.0
123744,1,7,99,5,1,60.0,0,N,MELB_URBAN,ROAD,10,14.0
123745,1,7,110,1,1,50.0,0,I,MELB_URBAN,STREET,10,13.0
123746,1,6,130,5,1,80.0,0,N,MELB_URBAN,ROAD,10,15.0
123747,1,7,121,1,1,70.0,0,N,MELB_URBAN,ROAD,10,15.0
123748,1,7,113,2,1,60.0,0,I,MELB_URBAN,ROAD,10,14.0
123749,1,6,130,5,1,40.0,0,N,MELB_URBAN,STREET,10,17.0
123750,2,7,99,5,1,100.0,0,N,RURAL_VICTORIA,ROAD,10,18.0
123751,1,7,121,1,1,80.0,0,I,MELB_URBAN,ROAD,10,16.0
123752,1,7,113,1,2,40.0,0,I,MELB_URBAN,BOULEVARD,10,19.0
123753,4,6,183,5,1,100.0,0,N,RURAL_VICTORIA,ROAD,10,16.0
123754,1,7,121,2,1,40.0,0,I,MELB_URBAN,STREET,10,15.0
123755,1,5,130,5,3,60.0,0,N,MELB_URBAN,ROAD,10,21.0
123756,2,6,99,5,1,60.0,0,N,MELB_URBAN,STREET,10,15.0
123757,1,6,120,5,5,80.0,0,N,SMALL_TOWNS,ROAD,10,22.0
123758,4,1,171,2,3,50.0,0,I,MELB_URBAN,STREET,11,1.0
123759,1,7,99,1,1,60.0,0,I,MELB_URBAN,DRIVE,10,17.0
123760,1,0,130,5,3,60.0,0,N,MELB_URBAN,STREET,11,1.0
123761,1,6,130,5,9,60.0,0,N,LARGE_PROVINCIAL_CITIES,STREET,9,16.0
123762,1,7,160,5,3,50.0,0,N,MELB_URBAN,ROAD,10,23.0
123763,8,2,170,5,1,100.0,0,N,RURAL_VICTORIA,OTHER,10,15.0
123764,4,6,171,5,1,70.0,0,N,MELB_URBAN,ROAD,10,9.0
123765,1,7,130,4,1,80.0,0,N,MELB_URBAN,ROAD,10,17.0
123766,5,1,171,5,1,100.0,0,N,RURAL_VICTORIA,ROAD,11,6.0
123767,1,1,110,1,1,60.0,0,I,LARGE_PROVINCIAL_CITIES,STREET,11,11.0
123768,5,5,183,5,6,60.0,0,N,MELB_URBAN,ROAD,10,23.0
123769,1,1,130,5,1,80.0,0,N,MELB_URBAN,ROAD,11,12.0
123770,1,0,130,5,1,80.0,0,N,MELB_URBAN,HIGHWAY,11,12.0
123771,4,1,181,5,1,80.0,0,N,RURAL_VICTORIA,ROAD,11,10.0
123772,1,0,134,1,1,70.0,0,N,MELB_URBAN,ROAD,11,12.0
123773,1,1,147,5,1,60.0,0,N,MELB_URBAN,STREET,11,8.0
123774,1,1,99,5,1,50.0,0,N,MELB_URBAN,AVENUE,11,12.0
123775,2,1,102,1,1,40.0,0,I,LARGE_PROVINCIAL_CITIES,STREET,11,14.0
123776,1,1,110,1,1,50.0,0,I,SMALL_CITIES,STREET,11,11.0
123777,5,1,99,5,1,60.0,0,N,TOWNS,OTHER,11,13.0
123778,4,1,171,5,1,60.0,0,N,TOWNS,ROAD,11,15.0
123779,1,1,120,5,1,60.0,0,N,SMALL_CITIES,ROAD,11,18.0
123780,1,1,116,1,1,60.0,0,I,MELB_URBAN,ROAD,11,18.0
123781,4,1,181,5,1,60.0,0,N,RURAL_VICTORIA,ROAD,11,14.0
123782,6,1,99,5,1,80.0,0,N,RURAL_VICTORIA,HIGHWAY,11,12.0
123783,1,0,130,5,1,40.0,0,N,MELB_URBAN,STREET,11,16.0
123784,1,1,130,5,3,60.0,0,N,MELB_URBAN,STREET,11,20.0
123785,1,6,121,1,1,80.0,0,I,MELB_URBAN,HIGHWAY,10,15.0
123786,6,1,99,5,5,80.0,0,N,RURAL_VICTORIA,ROAD,11,22.0
123787,1,1,99,5,3,50.0,0,N,LARGE_PROVINCIAL_CITIES,DRIVE,11,21.0
123788,4,1,173,5,5,100.0,0,N,RURAL_VICTORIA,HIGHWAY,11,23.0
123789,2,2,100,2,1,60.0,0,I,MELB_URBAN,ROAD,11,6.0
123790,1,1,110,1,1,60.0,0,I,RURAL_VICTORIA,ROAD,10,15.0
123791,2,2,102,5,9,60.0,0,N,MELB_URBAN,STREET,11,5.0
123792,1,1,121,1,1,60.0,0,I,MELB_URBAN,ROAD,11,9.0
123793,1,6,113,2,1,60.0,0,I,MELB_URBAN,ROAD,10,16.0
123794,1,2,99,5,1,50.0,0,N,TOWNS,STREET,11,9.0
123795,8,5,184,5,1,60.0,0,N,RURAL_VICTORIA,ROAD,10,6.0
123796,6,2,170,5,1,100.0,0,N,RURAL_VICTORIA,ROAD,11,8.0
123797,1,0,134,2,2,60.0,0,I,MELB_URBAN,OTHER,11,19.0
123798,1,2,133,5,1,100.0,0,N,MELB_URBAN,ROAD,11,12.0
123799,1,2,133,1,1,60.0,0,I,MELB_URBAN,ROAD,11,14.0
123800,1,4,130,3,1,70.0,0,I,MELB_URBAN,ROAD,10,14.0
123801,1,1,120,5,1,50.0,0,N,MELB_URBAN,ROAD,11,11.0
123802,1,2,99,5,1,40.0,0,N,MELB_URBAN,STREET,11,14.0
123803,1,1,113,2,1,70.0,0,I,MELB_URBAN,ROAD,11,13.0
123804,6,5,174,5,1,60.0,0,N,MELB_URBAN,ROAD,6,17.0
123805,1,2,99,1,1,40.0,0,I,MELB_URBAN,ROAD,11,12.0
123806,1,4,133,5,1,60.0,0,N,MELB_URBAN,PARADE,10,15.0
123807,1,4,130,1,1,80.0,0,I,MELB_URBAN,ROAD,10,10.0
123808,1,2,110,1,1,80.0,0,I,RURAL_VICTORIA,ROAD,11,13.0
123809,1,2,99,5,1,50.0,0,N,MELB_URBAN,ROAD,11,8.0
123810,1,1,110,1,1,50.0,0,I,SMALL_CITIES,STREET,11,14.0
123811,1,1,130,1,1,70.0,0,I,RURAL_VICTORIA,ROAD,11,15.0
123812,1,2,99,1,1,50.0,0,N,MELB_URBAN,OTHER,11,18.0
123813,1,2,130,5,1,100.0,0,N,MELB_URBAN,ROAD,11,17.0
123814,1,2,113,1,1,60.0,0,I,MELB_URBAN,ROAD,11,19.0
123815,1,2,130,2,1,60.0,0,I,MELB_URBAN,ROAD,11,17.0
123816,1,1,130,5,1,60.0,0,N,MELB_URBAN,STREET,10,16.0
123817,1,2,121,2,1,60.0,0,I,MELB_URBAN,UNKNOWN,11,14.0
123818,1,2,99,5,1,60.0,0,N,MELB_URBAN,STREET,11,14.0
123819,1,1,110,1,1,50.0,0,I,MELB_URBAN,STREET,9,17.0
123820,1,4,121,1,1,60.0,0,I,MELB_URBAN,ROAD,10,13.0
123821,1,1,99,2,1,50.0,0,N,MELB_URBAN,STREET,10,15.0
123822,4,1,181,5,1,100.0,0,N,RURAL_VICTORIA,ROAD,11,16.0
123823,6,3,174,2,1,60.0,0,I,MELB_URBAN,HIGHWAY,11,9.0
123824,1,2,111,1,1,50.0,0,I,MELB_URBAN,ROAD,11,9.0
123825,1,3,99,2,1,50.0,0,I,MELB_URBAN,ROAD,11,11.0
123826,6,2,174,2,1,60.0,0,N,MELB_URBAN,ROAD,11,13.0
123827,4,1,181,5,5,60.0,0,N,TOWNS,ROAD,11,20.0
123828,1,2,121,1,1,40.0,0,I,MELB_URBAN,STREET,11,10.0
123829,1,2,99,5,1,60.0,0,N,MELB_URBAN,ROAD,10,16.0
123830,4,3,171,5,1,70.0,0,N,MELB_URBAN,ROAD,11,8.0
123831,1,3,110,1,1,60.0,0,N,MELB_URBAN,STREET,11,12.0
123832,9,3,99,5,1,60.0,0,N,MELB_URBAN,ROAD,10,6.0
123833,2,2,102,2,1,40.0,0,I,MELB_URBAN,AVENUE,11,15.0
123834,1,3,130,5,1,50.0,0,N,MELB_URBAN,ROAD,11,13.0
123835,1,3,121,4,1,50.0,0,I,MELB_URBAN,OTHER,11,13.0
123836,1,1,121,1,3,60.0,0,I,MELB_URBAN,ROAD,11,21.0
123837,1,3,99,2,1,40.0,0,I,MELB_URBAN,STREET,11,10.0
123838,6,3,99,5,1,100.0,0,N,RURAL_VICTORIA,ROAD,11,10.0
123839,1,3,99,2,1,50.0,0,N,MELB_URBAN,AVENUE,11,14.0
123840,1,3,121,1,1,80.0,0,I,MELB_URBAN,RAMP,11,15.0
123841,1,4,99,1,1,50.0,0,I,LARGE_PROVINCIAL_CITIES,STREET,10,16.0
123842,6,3,184,5,1,60.0,0,N,RURAL_VICTORIA,OTHER,11,14.0
123843,1,6,99,1,1,60.0,0,I,MELB_URBAN,ROAD,10,17.0
123844,1,2,163,5,1,40.0,0,N,MELB_URBAN,STREET,11,14.0
123845,6,3,170,5,1,80.0,0,N,RURAL_VICTORIA,ROAD,11,11.0
123846,1,3,111,1,1,60.0,0,I,SMALL_CITIES,ROAD,11,17.0
123847,4,3,171,5,1,100.0,0,N,RURAL_VICTORIA,HIGHWAY,11,17.0
123848,6,2,170,5,1,80.0,0,N,RURAL_VICTORIA,ROAD,11,17.0
123849,1,3,121,2,1,80.0,0,N,MELB_URBAN,ROAD,11,19.0
123850,1,3,130,5,1,40.0,0,N,RURAL_VICTORIA,ROAD,7,15.0
123851,1,2,135,2,3,60.0,0,I,MELB_URBAN,PARADE,11,20.0
123852,4,3,183,5,5,80.0,0,N,RURAL_VICTORIA,ROAD,11,21.0
123853,4,3,173,1,3,60.0,1,I,MELB_URBAN,OTHER,11,22.0
123854,4,4,171,5,3,80.0,0,N,MELB_URBAN,ROAD,11,1.0
123855,4,4,173,5,5,100.0,0,N,RURAL_VICTORIA,HIGHWAY,11,0.0
123856,1,4,116,1,1,80.0,0,I,RURAL_VICTORIA,ROAD,11,7.0
123857,1,3,130,1,1,80.0,0,I,LARGE_PROVINCIAL_CITIES,HIGHWAY,11,10.0
123858,2,3,100,5,1,60.0,0,N,MELB_URBAN,ROAD,9,8.0
123859,4,4,171,5,1,80.0,0,N,RURAL_VICTORIA,ROAD,11,8.0
123860,1,1,130,2,1,60.0,0,N,MELB_URBAN,ROAD,11,14.0
123861,1,3,113,2,1,60.0,0,I,MELB_URBAN,ROAD,11,10.0
123862,1,3,99,2,1,60.0,0,I,MELB_URBAN,ROAD,11,12.0
123863,5,2,99,5,1,60.0,0,N,MELB_URBAN,ROAD,11,18.0