,accident_type,day_of_week,dca_code,road_geometry,light_condition,speed_zone,severity,node_type,deg_urban_name,road_type,month,hour
123864,8,1,170,2,9,60.0,0,N,RURAL_VICTORIA,ROAD,11,12.0
123865,4,4,181,5,1,60.0,0,N,MELB_URBAN,ROAD,11,6.0
123866,6,4,174,5,1,60.0,0,N,MELB_URBAN,ROAD,11,14.0
123867,1,2,99,2,9,60.0,0,I,SMALL_CITIES,OTHER,11,17.0
123868,1,2,130,2,1,80.0,0,I,MELB_URBAN,HIGHWAY,10,16.0
123869,1,3,113,2,1,50.0,0,I,MELB_URBAN,DRIVE,11,13.0
123870,1,4,120,5,1,70.0,0,N,MELB_URBAN,ROAD,11,11.0
123871,2,2,99,5,1,50.0,0,N,TOWNS,AVENUE,10,16.0
123872,1,1,160,5,5,70.0,0,N,MELB_URBAN,ROAD,12,22.0
123873,1,3,110,1,1,50.0,0,I,LARGE_PROVINCIAL_CITIES,STREET,11,14.0
123874,1,4,110,1,1,50.0,0,I,TOWNS,STREET,11,11.0
123875,4,4,171,5,1,100.0,0,N,RURAL_VICTORIA,ROAD,11,12.0
123876,1,4,121,2,1,50.0,0,N,MELB_URBAN,DRIVE,11,14.0
123877,1,4,121,4,1,60.0,0,I,MELB_URBAN,RAMP,11,15.0
123878,4,4,173,5,1,60.0,0,N,MELB_URBAN,ROAD,11,16.0
123879,2,3,102,1,1,40.0,0,I,SMALL_CITIES,STREET,11,15.0
123880,1,4,99,2,1,60.0,0,I,MELB_URBAN,STREET,11,15.0
123881,1,3,130,1,1,60.0,0,I,MELB_URBAN,ROAD,11,14.0
123882,1,4,113,2,1,60.0,0,I,MELB_URBAN,STREET,11,17.0
123883,1,2,135,5,1,50.0,0,N,MELB_URBAN,UNKNOWN,10,9.0
123884,4,4,173,5,2,50.0,0,N,MELB_URBAN,STREET,11,19.0
123885,1,3,113,4,3,70.0,0,N,MELB_URBAN,RAMP,11,20.0
123886,1,3,130,5,1,70.0,0,N,MELB_URBAN,ROAD,11,17.0
123887,4,3,171,5,1,100.0,0,N,RURAL_VICTORIA,HIGHWAY,11,19.0
123888,6,4,170,5,5,100.0,0,N,RURAL_VICTORIA,ROAD,11,21.0
123889,4,4,183,5,1,60.0,0,N,RURAL_VICTORIA,ROAD,11,18.0
123890,8,4,99,5,3,80.0,0,N,MELB_URBAN,STREET,11,1.0
123891,4,5,171,5,3,60.0,0,N,MELB_URBAN,ROAD,11,5.0
123892,1,4,147,5,1,50.0,0,N,SMALL_CITIES,AVENUE,11,16.0
123893,1,5,110,1,1,80.0,0,I,MELB_URBAN,ROAD,11,6.0
123894,1,4,120,5,2,110.0,0,N,RURAL_VICTORIA,FREEWAY,11,6.0
123895,4,4,173,5,1,110.0,0,N,RURAL_VICTORIA,FREEWAY,11,7.0
123896,1,5,99,5,1,50.0,0,N,MELB_URBAN,STREET,11,9.0
123897,1,5,113,2,1,60.0,0,I,RURAL_VICTORIA,ROAD,11,8.0
123898,1,5,116,1,1,60.0,0,I,TOWNS,STREET,11,8.0
123899,1,5,110,1,2,70.0,0,I,MELB_URBAN,ROAD,11,6.0
123900,1,3,147,5,1,50.0,0,N,TOWNS,STREET,11,13.0
123901,1,4,121,1,1,80.0,0,I,MELB_URBAN,ROAD,11,10.0
123902,1,7,110,1,3,60.0,0,I,MELB_URBAN,STREET,10,20.0
123903,1,4,120,5,1,80.0,0,N,MELB_URBAN,ROAD,11,13.0
123904,1,2,130,5,1,60.0,0,N,MELB_URBAN,ROAD,10,11.0
123905,1,5,121,1,1,60.0,0,I,TOWNS,STREET,11,9.0
123906,1,5,130,5,1,60.0,0,N,MELB_URBAN,FREEWAY,11,6.0
123907,6,3,184,5,1,100.0,0,N,RURAL_VICTORIA,ROAD,9,17.0
123908,1,5,132,5,1,60.0,0,N,MELB_URBAN,ROAD,11,8.0
123909,1,5,113,2,1,70.0,0,I,LARGE_PROVINCIAL_CITIES,HIGHWAY,11,10.0
123910,1,3,130,1,9,50.0,0,N,MELB_URBAN,ROAD,11,13.0
123911,1,5,133,5,1,50.0,0,N,MELB_URBAN,ROAD,11,13.0
123912,6,1,170,5,2,50.0,0,N,MELB_URBAN,STREET,10,17.0
123913,1,5,113,1,1,60.0,0,I,MELB_URBAN,RAMP,11,12.0
123914,1,5,113,2,1,60.0,1,I,RURAL_VICTORIA,ROAD,11,8.0
123915,1,3,160,5,1,80.0,0,N,RURAL_VICTORIA,ROAD,11,15.0
123916,8,4,99,5,1,50.0,0,N,MELB_URBAN,OTHER,11,14.0
123917,5,1,99,5,1,60.0,0,N,MELB_URBAN,ROAD,11,18.0
123918,1,4,160,5,1,50.0,0,N,LARGE_PROVINCIAL_CITIES,STREET,11,15.0
123919,1,5,147,5,1,60.0,0,N,MELB_URBAN,ROAD,11,16.0
123920,1,5,99,5,1,40.0,0,N,MELB_URBAN,STREET,11,16.0
123921,4,5,171,5,1,100.0,0,N,RURAL_VICTORIA,ROAD,11,15.0
123922,4,4,171,5,1,80.0,0,N,RURAL_VICTORIA,ROAD,11,17.0
123923,1,5,99,5,1,60.0,0,N,MELB_URBAN,PARADE,11,14.0
123924,1,4,121,2,1,50.0,0,N,MELB_URBAN,STREET,11,7.0
123925,8,3,174,1,1,60.0,0,I,MELB_URBAN,ROAD,11,8.0
123926,4,5,171,5,1,60.0,1,N,SMALL_TOWNS,ROAD,11,18.0
123927,1,5,99,1,1,50.0,0,I,MELB_URBAN,STREET,11,15.0
123928,1,5,147,2,1,60.0,0,N,MELB_URBAN,ROAD,11,17.0
123929,2,5,100,5,1,50.0,0,N,TOWNS,HIGHWAY,11,17.0
123930,4,5,171,5,5,60.0,0,N,MELB_URBAN,ROAD,11,0.0
123931,1,4,113,2,3,60.0,0,I,MELB_URBAN,STREET,11,21.0
123932,4,4,171,5,3,50.0,0,N,MELB_URBAN,STREET,11,22.0
123933,8,6,174,2,1,60.0,0,N,RURAL_VICTORIA,ROAD,10,14.0
123934,1,6,113,3,1,60.0,0,I,MELB_URBAN,ROAD,7,15.0
123935,1,6,147,5,1,50.0,0,N,MELB_URBAN,STREET,11,6.0
123936,1,5,160,5,1,50.0,0,N,MELB_URBAN,DRIVE,11,7.0
123937,1,2,121,2,1,50.0,0,I,MELB_URBAN,ROAD,11,12.0
123938,1,6,99,1,1,50.0,0,I,MELB_URBAN,STREET,11,9.0
123939,1,6,110,1,1,60.0,0,I,LARGE_PROVINCIAL_CITIES,STREET,11,10.0
123940,1,6,130,5,1,70.0,0,N,MELB_URBAN,ROAD,11,10.0
123941,1,6,130,5,1,40.0,0,N,MELB_URBAN,AVENUE,11,8.0
123942,1,4,130,5,1,60.0,0,I,MELB_URBAN,OTHER,11,16.0
123943,1,6,120,5,1,50.0,0,N,MELB_URBAN,DRIVE,11,7.0
123944,1,2,147,5,1,60.0,0,N,MELB_URBAN,ROAD,10,15.0
123945,1,2,130,4,1,50.0,0,N,MELB_URBAN,DRIVE,11,17.0
123946,1,1,110,1,1,60.0,0,I,MELB_URBAN,ROAD,10,8.0
123947,3,6,167,5,5,100.0,0,N,RURAL_VICTORIA,RAMP,10,22.0
123948,1,6,121,5,1,50.0,0,N,MELB_URBAN,ROAD,11,12.0
123949,1,6,99,5,9,60.0,0,N,MELB_URBAN,FREEWAY,11,6.0
123950,3,5,167,5,2,100.0,0,N,RURAL_VICTORIA,HIGHWAY,11,6.0
123951,1,6,113,2,1,80.0,0,I,MELB_URBAN,HIGHWAY,11,13.0
123952,2,3,99,5,1,60.0,0,N,MELB_URBAN,AVENUE,10,10.0
123953,1,6,130,2,1,50.0,0,I,SMALL_CITIES,STREET,11,15.0
123954,2,6,102,1,1,40.0,0,I,MELB_URBAN,ROAD,11,16.0
123955,1,6,130,1,1,80.0,0,N,MELB_URBAN,STREET,11,15.0
123956,1,5,160,5,1,50.0,0,N,TOWNS,ROAD,11,8.0
123957,1,6,110,1,3,80.0,0,I,RURAL_VICTORIA,HIGHWAY,11,21.0
123958,1,6,132,2,3,80.0,0,I,MELB_URBAN,HIGHWAY,11,22.0
123959,1,7,160,5,3,60.0,0,N,MELB_URBAN,ROAD,11,0.0
123960,4,6,173,9,3,70.0,0,I,LARGE_PROVINCIAL_CITIES,HIGHWAY,11,22.0
123961,4,6,181,5,3,60.0,0,N,RURAL_VICTORIA,STREET,11,22.0
123962,6,7,174,5,5,100.0,0,N,RURAL_VICTORIA,ROAD,11,0.0
123963,1,7,99,5,2,60.0,0,N,MELB_URBAN,ROAD,11,5.0
123964,1,5,130,5,1,100.0,0,N,RURAL_VICTORIA,HIGHWAY,10,6.0
123965,1,5,130,5,3,40.0,0,N,MELB_URBAN,STREET,11,4.0
123966,1,6,120,5,3,60.0,0,N,SMALL_CITIES,ROAD,10,20.0
123967,1,7,110,1,1,80.0,0,N,MELB_URBAN,HIGHWAY,11,8.0
123968,1,6,130,5,1,100.0,0,N,MELB_URBAN,ROAD,11,10.0
123969,1,5,132,2,9,50.0,0,I,MELB_URBAN,ROAD,11,16.0
123970,1,3,99,5,1,40.0,0,N,MELB_URBAN,STREET,10,15.0
123971,1,5,130,5,1,60.0,0,N,MELB_URBAN,OTHER,11,10.0
123972,1,7,130,5,1,60.0,0,N,SMALL_CITIES,ROAD,11,14.0
123973,1,7,130,1,1,60.0,0,I,MELB_URBAN,ROAD,11,14.0
123974,1,6,132,2,1,70.0,0,I,RURAL_VICTORIA,ROAD,11,18.0
123975,1,7,121,1,1,60.0,0,I,RURAL_VICTORIA,BOULEVARD,11,14.0
123976,6,7,174,5,1,100.0,0,N,SMALL_TOWNS,ROAD,11,8.0
123977,4,2,181,5,1,100.0,0,N,RURAL_VICTORIA,ROAD,2,9.0
123978,4,7,171,5,1,60.0,0,N,MELB_URBAN,ROAD,11,17.0
123979,2,6,102,2,1,40.0,0,I,MELB_URBAN,STREET,11,17.0
123980,1,7,130,5,1,70.0,0,N,MELB_URBAN,ROAD,11,14.0
123981,4,7,171,2,1,60.0,0,I,MELB_URBAN,ROAD,11,14.0
123982,1,7,121,2,1,60.0,0,I,SMALL_CITIES,HIGHWAY,11,18.0
123983,1,7,140,5,1,50.0,0,N,MELB_URBAN,BOULEVARD,11,16.0
123984,1,6,99,2,1,100.0,0,I,RURAL_VICTORIA,HIGHWAY,11,19.0
123985,1,6,121,2,1,60.0,0,I,MELB_URBAN,STREET,11,14.0
123986,1,6,163,5,3,40.0,0,N,MELB_URBAN,STREET,11,19.0
123987,1,1,130,1,1,60.0,0,I,MELB_URBAN,ROAD,11,14.0
123988,1,7,173,5,3,50.0,0,N,MELB_URBAN,AVENUE,11,21.0
123989,4,1,171,5,3,40.0,0,N,MELBOURNE_CBD,STREET,11,0.0
123990,1,7,130,5,3,60.0,0,N,MELB_URBAN,ROAD,11,22.0
123991,2,2,99,5,1,40.0,0,I,MELB_URBAN,ROAD,11,17.0
123992,4,1,171,5,1,60.0,0,N,SMALL_CITIES,STREET,11,6.0
123993,1,1,121,2,1,60.0,0,I,MELB_URBAN,ROAD,11,10.0
123994,1,1,113,2,1,60.0,0,I,MELB_URBAN,ROAD,11,11.0
123995,1,0,111,2,1,50.0,0,I,MELB_URBAN,ROAD,11,10.0
123996,1,1,111,2,1,80.0,0,I,MELB_URBAN,ROAD,11,11.0
123997,1,1,99,1,1,60.0,0,I,MELB_URBAN,ROAD,11,11.0
123998,1,1,99,5,1,40.0,0,N,MELB_URBAN,DRIVE,11,10.0
123999,4,1,171,5,5,60.0,0,N,RURAL_VICTORIA,ROAD,11,4.0
124000,6,1,174,1,1,70.0,0,I,MELB_URBAN,PARADE,11,10.0
124001,2,7,100,1,1,60.0,0,I,MELB_URBAN,ROAD,11,11.0
124002,1,0,130,5,1,60.0,0,N,MELB_URBAN,ROAD,11,14.0
124003,1,0,133,2,1,60.0,0,I,LARGE_PROVINCIAL_CITIES,ROAD,11,15.0
124004,1,1,113,2,2,50.0,0,I,MELB_URBAN,AVENUE,11,19.0
124005,2,1,102,5,1,60.0,0,N,MELB_URBAN,UNKNOWN,11,15.0
124006,1,1,99,5,2,60.0,0,N,MELB_URBAN,UNKNOWN,11,20.0
124007,1,5,99,1,3,60.0,0,I,LARGE_PROVINCIAL_CITIES,ROAD,6,18.0
124008,6,6,174,5,1,60.0,0,N,RURAL_VICTORIA,OTHER,11,18.0
124009,8,1,174,5,1,60.0,0,N,RURAL_VICTORIA,DRIVE,11,18.0
124010,1,1,121,4,2,80.0,0,N,MELB_URBAN,HIGHWAY,11,19.0
124011,2,1,102,5,1,60.0,1,N,MELB_URBAN,ROAD,11,19.0
124012,1,1,121,2,3,80.0,0,I,MELB_URBAN,HIGHWAY,11,23.0
124013,1,1,121,2,3,60.0,0,N,MELB_URBAN,HIGHWAY,11,22.0
124014,4,2,173,5,5,100.0,0,N,RURAL_VICTORIA,ROAD,11,1.0
124015,1,0,133,5,3,80.0,0,N,MELB_URBAN,FREEWAY,11,21.0
124016,4,1,183,5,5,100.0,0,N,RURAL_VICTORIA,ROAD,11,22.0
124017,4,2,173,5,1,100.0,0,N,RURAL_VICTORIA,ROAD,11,7.0
124018,8,7,99,2,1,100.0,0,I,RURAL_VICTORIA,ROAD,11,9.0
124019,6,7,184,5,1,50.0,0,N,MELB_URBAN,STREET,10,15.0
124020,4,1,99,5,1,50.0,0,N,MELB_URBAN,STREET,11,9.0
124021,1,2,121,1,9,60.0,0,I,MELB_URBAN,STREET,11,7.0
124022,4,1,171,5,1,50.0,0,N,MELB_URBAN,ROAD,11,10.0
124023,1,2,130,2,1,80.0,0,I,MELB_URBAN,DRIVE,11,10.0
124024,1,2,113,2,1,60.0,0,I,MELB_URBAN,ROAD,11,8.0
124025,6,6,174,5,1,80.0,0,N,RURAL_VICTORIA,ROAD,10,11.0
124026,1,1,121,2,1,80.0,0,I,MELB_URBAN,HIGHWAY,11,7.0
124027,2,2,102,2,1,50.0,0,N,MELB_URBAN,ROAD,11,11.0
124028,1,2,99,1,1,80.0,0,I,MELB_URBAN,HIGHWAY,11,9.0
124029,2,2,99,5,1,50.0,0,N,TOWNS,STREET,11,11.0
124030,1,2,130,2,1,60.0,0,I,LARGE_PROVINCIAL_CITIES,OTHER,11,12.0
124031,6,1,174,2,1,60.0,0,I,LARGE_PROVINCIAL_CITIES,AVENUE,11,10.0
124032,1,1,134,5,1,70.0,0,N,MELB_URBAN,ROAD,11,10.0
124033,1,2,130,5,1,50.0,0,N,MELB_URBAN,ROAD,11,9.0
124034,8,6,174,5,1,50.0,0,N,SMALL_CITIES,ROAD,8,9.0
124035,1,2,130,5,1,80.0,0,N,MELB_URBAN,FREEWAY,11,13.0
124036,1,2,130,2,1,80.0,0,N,MELB_URBAN,HIGHWAY,11,14.0
124037,1,6,130,5,3,70.0,0,N,MELB_URBAN,ROAD,11,20.0
124038,6,1,184,5,1,80.0,0,N,RURAL_VICTORIA,ROAD,10,14.0
124039,1,2,111,1,1,60.0,0,I,MELB_URBAN,ROAD,11,15.0
124040,2,2,100,1,1,60.0,0,I,MELB_URBAN,STREET,11,12.0
124041,4,2,181,5,1,80.0,0,N,RURAL_VICTORIA,ROAD,11,15.0
124042,4,2,171,5,1,50.0,0,N,SMALL_CITIES,ROAD,11,16.0
124043,1,2,132,2,1,60.0,0,I,MELB_URBAN,ROAD,11,13.0
124044,1,2,110,1,1,50.0,0,I,MELB_URBAN,DRIVE,11,15.0
124045,1,2,121,5,1,40.0,0,N,MELB_URBAN,DRIVE,11,17.0
124046,1,2,130,5,1,50.0,0,N,MELB_URBAN,STREET,11,16.0
124047,4,2,171,5,1,100.0,0,N,RURAL_VICTORIA,ROAD,11,16.0
124048,1,2,130,5,1,100.0,0,N,MELB_URBAN,ROAD,11,13.0
124049,1,2,130,5,1,60.0,0,I,MELB_URBAN,HIGHWAY,11,17.0
124050,2,4,99,5,1,40.0,0,N,MELBOURNE_CBD,STREET,11,14.0
124051,1,1,121,1,1,60.0,0,I,MELB_URBAN,ROAD,11,18.0
124052,1,7,140,5,1,60.0,0,N,MELB_URBAN,ROAD,11,16.0
124053,1,2,110,1,1,50.0,0,I,TOWNS,STREET,11,19.0
124054,1,2,130,5,1,100.0,0,N,MELB_URBAN,ROAD,11,19.0
124055,8,6,99,5,1,60.0,0,N,MELB_URBAN,ROAD,7,9.0
124056,1,2,121,1,1,60.0,0,I,RURAL_VICTORIA,BOULEVARD,11,19.0
124057,2,3,100,5,1,60.0,0,N,MELB_URBAN,ROAD,11,15.0
124058,1,1,140,2,3,50.0,0,N,MELB_URBAN,STREET,11,22.0
124059,1,6,110,1,1,60.0,0,N,MELB_URBAN,ROAD,10,15.0
124060,1,3,99,5,2,80.0,0,N,RURAL_VICTORIA,STREET,11,6.0
124061,1,6,163,2,1,50.0,0,I,MELB_URBAN,STREET,11,10.0
124062,1,1,130,5,1,80.0,0,N,MELB_URBAN,FREEWAY,11,16.0
124063,1,3,99,5,1,60.0,0,N,MELB_URBAN,RAMP,11,8.0
124064,1,2,130,1,1,80.0,0,I,MELB_URBAN,STREET,11,7.0
124065,1,3,130,5,1,60.0,0,N,MELB_URBAN,ROAD,11,7.0
124066,4,5,171,5,1,80.0,0,N,LARGE_PROVINCIAL_CITIES,STREET,11,13.0
124067,4,3,181,5,1,60.0,0,N,RURAL_VICTORIA,ROAD,11,13.0
124068,1,3,113,2,1,100.0,0,N,RURAL_VICTORIA,ROAD,11,9.0
124069,1,3,140,5,1,70.0,0,N,RURAL_VICTORIA,ROAD,11,10.0
124070,1,5,130,5,3,60.0,0,N,MELB_URBAN,UNKNOWN,11,23.0
124071,1,4,130,1,1,50.0,0,I,MELB_URBAN,STREET,10,8.0
124072,6,7,184,5,1,60.0,0,N,RURAL_VICTORIA,ROAD,10,10.0
124073,6,3,184,5,1,100.0,0,N,RURAL_VICTORIA,ROAD,11,10.0
124074,1,3,134,5,1,100.0,0,N,MELB_URBAN,ROAD,11,10.0
124075,1,2,121,1,1,80.0,0,I,MELB_URBAN,ROAD,11,10.0
124076,1,5,130,1,9,50.0,0,I,MELB_URBAN,RAMP,10,12.0
124077,2,3,99,5,1,50.0,0,N,MELB_URBAN,STREET,11,12.0
124078,2,5,99,5,9,60.0,0,N,LARGE_PROVINCIAL_CITIES,STREET,8,18.0
124079,1,3,120,5,1,100.0,0,N,RURAL_VICTORIA,HIGHWAY,11,12.0
124080,4,2,181,5,1,60.0,0,N,RURAL_VICTORIA,ROAD,11,12.0
124081,6,2,174,4,1,40.0,0,I,MELB_URBAN,STREET,11,16.0
124082,4,3,171,5,1,110.0,0,N,RURAL_VICTORIA,FREEWAY,11,15.0
124083,1,3,130,5,1,80.0,0,N,MELB_URBAN,ROAD,10,14.0
124084,1,4,130,1,1,60.0,0,I,MELB_URBAN,ROAD,11,16.0
124085,8,4,174,1,2,60.0,0,I,MELB_URBAN,ROAD,10,6.0
124086,1,3,134,5,1,60.0,0,N,MELB_URBAN,ROAD,11,15.0
124087,4,3,171,5,1,80.0,0,N,RURAL_VICTORIA,ROAD,11,16.0
124088,4,3,183,2,1,100.0,0,I,RURAL_VICTORIA,ROAD,11,13.0
124089,6,2,174,1,2,50.0,0,I,LARGE_PROVINCIAL_CITIES,STREET,11,19.0
124090,1,3,99,5,1,40.0,0,I,MELB_URBAN,ROAD,11,15.0
124091,1,2,110,1,1,60.0,0,I,MELB_URBAN,DRIVE,11,18.0
124092,2,2,100,5,2,50.0,0,N,MELB_URBAN,DRIVE,11,18.0
124093,8,3,99,5,5,80.0,0,N,RURAL_VICTORIA,ROAD,9,4.0
124094,4,3,181,5,1,110.0,0,N,RURAL_VICTORIA,FREEWAY,11,19.0
124095,1,3,110,1,1,60.0,0,I,RURAL_VICTORIA,ROAD,11,18.0
124096,1,3,147,2,1,50.0,0,N,LARGE_PROVINCIAL_CITIES,STREET,11,19.0
124097,1,3,130,2,1,60.0,0,N,MELB_URBAN,ROAD,11,18.0
124098,1,2,130,5,2,40.0,0,N,MELB_URBAN,FREEWAY,11,20.0
124099,1,5,130,5,5,80.0,0,N,MELB_URBAN,RAMP,11,23.0
124100,1,2,130,2,2,60.0,0,N,MELB_URBAN,ROAD,11,16.0
124101,1,3,121,2,1,60.0,1,I,MELB_URBAN,STREET,11,18.0
124102,1,4,121,1,1,60.0,0,I,MELB_URBAN,ROAD,11,10.0
124103,4,4,183,5,5,110.0,0,N,RURAL_VICTORIA,FREEWAY,11,5.0
124104,1,3,130,2,1,70.0,0,I,MELB_URBAN,ROAD,11,10.0
124105,8,2,184,5,1,60.0,0,N,RURAL_VICTORIA,HIGHWAY,11,12.0
124106,1,0,110,1,2,50.0,0,I,MELB_URBAN,AVENUE,9,18.0
124107,1,5,130,2,1,60.0,0,I,LARGE_PROVINCIAL_CITIES,ROAD,11,8.0
124108,2,2,99,5,1,60.0,0,N,MELB_URBAN,ROAD,11,9.0
124109,1,6,135,5,1,60.0,0,N,LARGE_PROVINCIAL_CITIES,STREET,10,12.0
124110,1,3,160,2,1,50.0,0,I,RURAL_VICTORIA,AVENUE,11,9.0
124111,1,5,113,2,1,60.0,0,I,TOWNS,ROAD,11,9.0
124112,1,3,99,5,1,60.0,0,N,MELB_URBAN,ROAD,11,15.0
124113,3,6,167,5,1,60.0,0,N,RURAL_VICTORIA,OTHER,11,15.0
124114,2,3,100,5,1,50.0,0,N,MELB_URBAN,STREET,11,8.0
124115,1,4,99,5,1,80.0,0,N,RURAL_VICTORIA,RAMP,11,9.0
124116,1,4,110,1,1,80.0,0,N,RURAL_VICTORIA,RAMP,11,11.0
124117,1,2,130,2,1,60.0,0,I,MELB_URBAN,ROAD,10,15.0
124118,1,4,130,5,1,80.0,0,N,MELB_URBAN,HIGHWAY,11,8.0
124119,4,7,183,5,1,60.0,0,N,RURAL_VICTORIA,ROAD,10,14.0
124120,1,2,130,5,1,80.0,0,N,MELB_URBAN,ROAD,11,13.0
124121,1,4,110,1,1,40.0,0,I,MELB_URBAN,STREET,10,17.0
124122,1,4,134,5,1,60.0,0,N,MELB_URBAN,ROAD,11,12.0
124123,1,3,110,1,1,60.0,0,N,MELB_URBAN,ROAD,9,13.0
124124,1,5,133,5,9,60.0,0,N,MELB_URBAN,STREET,10,7.0
124125,1,3,130,5,9,60.0,0,N,MELB_URBAN,ROAD,10,0.0
124126,4,3,181,5,1,80.0,0,N,RURAL_VICTORIA,ROAD,11,11.0
124127,1,3,99,2,1,40.0,0,I,MELB_URBAN,STREET,11,15.0
124128,1,3,110,1,1,60.0,0,I,SMALL_CITIES,STREET,11,14.0
124129,1,4,110,1,1,60.0,0,I,MELB_URBAN,STREET,11,12.0
124130,1,5,99,1,1,40.0,0,I,MELB_URBAN,ROAD,10,15.0
124131,1,3,121,2,1,60.0,0,N,TOWNS,STREET,11,14.0
124132,4,6,173,5,1,110.0,0,N,TOWNS,FREEWAY,4,7.0
124133,1,4,160,5,1,40.0,0,N,MELB_URBAN,STREET,11,15.0
124134,1,4,113,2,1,80.0,0,I,MELB_URBAN,ROAD,11,14.0
124135,1,4,113,2,1,60.0,0,I,MELB_URBAN,STREET,11,16.0
124136,1,4,130,5,9,60.0,0,N,MELB_URBAN,ROAD,11,19.0
124137,6,3,170,5,5,100.0,0,N,RURAL_VICTORIA,ROAD,10,20.0
124138,2,4,102,2,1,40.0,0,I,MELB_URBAN,ROAD,11,15.0
124139,8,4,99,2,1,50.0,0,I,MELB_URBAN,STREET,11,15.0
124140,1,5,130,5,1,60.0,0,N,MELB_URBAN,STREET,11,10.0
124141,1,3,130,5,1,80.0,0,N,MELB_URBAN,ROAD,10,16.0
124142,4,3,173,1,1,60.0,0,N,MELB_URBAN,HIGHWAY,11,12.0
124143,1,2,130,2,9,60.0,0,I,MELB_URBAN,STREET,11,7.0
124144,8,4,174,5,1,80.0,0,N,RURAL_VICTORIA,ROAD,11,17.0
124145,1,2,163,2,1,40.0,0,N,MELB_URBAN,STREET,11,19.0
124146,1,4,130,5,1,60.0,0,N,MELB_URBAN,ROAD,11,17.0
124147,1,4,111,1,1,100.0,0,I,RURAL_VICTORIA,ROAD,11,16.0
124148,1,3,111,1,3,60.0,0,I,SMALL_TOWNS,ROAD,11,19.0
124149,4,4,181,5,3,60.0,0,N,MELB_URBAN,AVENUE,11,19.0
124150,4,4,183,5,5,110.0,0,N,RURAL_VICTORIA,RAMP,11,19.0
124151,4,2,183,5,1,110.0,0,N,RURAL_VICTORIA,FREEWAY,5,10.0
124152,1,2,116,1,1,50.0,0,I,MELB_URBAN,STREET,11,8.0
124153,1,4,110,4,3,60.0,0,N,LARGE_PROVINCIAL_CITIES,AVENUE,11,5.0
124154,1,4,111,2,1,40.0,0,I,MELB_URBAN,STREET,11,9.0
124155,2,5,99,5,1,60.0,0,N,MELB_URBAN,STREET,11,8.0
124156,2,4,102,5,1,60.0,0,N,MELB_URBAN,ROAD,11,11.0
124157,4,4,183,2,1,50.0,0,N,TOWNS,DRIVE,11,16.0
124158,1,5,99,5,1,40.0,0,N,LARGE_PROVINCIAL_CITIES,STREET,11,11.0
124159,1,5,113,2,1,60.0,0,I,MELB_URBAN,ROAD,11,8.0
124160,1,3,140,5,1,100.0,0,N,RURAL_VICTORIA,HIGHWAY,11,14.0
124161,4,5,181,2,1,80.0,0,I,RURAL_VICTORIA,ROAD,11,8.0
124162,1,5,99,2,1,80.0,0,I,MELB_URBAN,ROAD,11,17.0
124163,1,5,132,5,1,50.0,0,N,SMALL_CITIES,STREET,11,12.0
124164,1,3,130,5,1,60.0,0,N,MELB_URBAN,DRIVE,9,13.0
124165,2,4,100,5,1,60.0,0,N,MELB_URBAN,ROAD,11,7.0
124166,2,4,99,5,9,60.0,0,N,SMALL_CITIES,STREET,11,17.0
124167,5,1,99,5,1,100.0,0,N,RURAL_VICTORIA,ROAD,11,13.0
124168,4,2,183,5,1,80.0,0,N,RURAL_VICTORIA,ROAD,11,14.0
124169,6,3,99,5,1,40.0,0,N,MELB_URBAN,STREET,10,15.0
124170,6,3,174,5,1,60.0,0,N,RURAL_VICTORIA,ROAD,11,10.0
124171,1,5,132,2,1,60.0,0,N,TOWNS,ROAD,11,17.0
124172,1,4,121,2,1,60.0,0,I,MELB_URBAN,STREET,10,17.0
124173,1,4,130,5,1,100.0,0,N,MELB_URBAN,ROAD,11,15.0
124174,1,5,134,5,1,100.0,0,I,MELB_URBAN,FREEWAY,11,18.0
124175,1,5,130,5,1,100.0,1,N,RURAL_VICTORIA,ROAD,11,8.0
124176,2,3,99,5,1,40.0,0,N,MELB_URBAN,STREET,11,14.0
124177,1,5,120,5,1,70.0,0,N,MELB_URBAN,ROAD,11,17.0
124178,1,5,110,1,1,50.0,0,I,TOWNS,STREET,11,17.0
124179,2,5,99,2,1,60.0,0,N,MELB_URBAN,ROAD,11,15.0
124180,6,5,174,5,2,50.0,0,N,RURAL_VICTORIA,BOULEVARD,11,20.0
124181,1,4,99,2,1,60.0,0,N,MELB_URBAN,ROAD,10,8.0
124182,1,1,113,2,1,60.0,0,N,MELB_URBAN,HIGHWAY,10,13.0
124183,1,1,130,5,1,60.0,0,N,TOWNS,HIGHWAY,11,9.0
124184,6,6,99,5,1,80.0,0,N,RURAL_VICTORIA,HIGHWAY,11,9.0