,accident_type,day_of_week,dca_code,road_geometry,light_condition,speed_zone,severity,node_type,deg_urban_name,road_type,month,hour
124185,1,6,110,1,1,60.0,0,I,LARGE_PROVINCIAL_CITIES,STREET,11,9.0
124186,2,3,102,1,1,60.0,0,I,LARGE_PROVINCIAL_CITIES,STREET,11,17.0
124187,1,5,116,2,1,50.0,0,I,MELB_URBAN,ROAD,11,10.0
124188,1,6,147,5,1,60.0,0,N,SMALL_CITIES,ROAD,11,9.0
124189,1,5,121,2,1,60.0,0,I,SMALL_CITIES,STREET,11,9.0
124190,1,3,171,5,1,60.0,0,N,MELB_URBAN,ROAD,11,16.0
124191,1,6,120,5,1,60.0,0,N,MELB_URBAN,STREET,11,11.0
124192,8,2,174,5,1,60.0,0,N,RURAL_VICTORIA,ROAD,11,15.0
124193,1,3,116,1,1,60.0,0,I,SMALL_CITIES,STREET,8,15.0
124194,6,6,174,2,1,50.0,0,N,TOWNS,HIGHWAY,11,11.0
124195,1,6,99,2,1,60.0,0,I,MELB_URBAN,STREET,11,9.0
124196,4,4,173,5,9,50.0,0,N,MELB_URBAN,STREET,11,11.0
124197,1,6,99,5,1,60.0,0,N,SMALL_CITIES,ROAD,11,13.0
124198,1,5,130,5,1,40.0,0,N,RURAL_VICTORIA,HIGHWAY,11,13.0
124199,7,7,99,5,1,50.0,0,N,MELB_URBAN,DRIVE,10,18.0
124200,4,3,173,5,1,100.0,0,N,RURAL_VICTORIA,ROAD,10,14.0
124201,1,5,110,1,1,50.0,0,I,LARGE_PROVINCIAL_CITIES,STREET,11,16.0
124202,6,6,99,5,1,100.0,0,N,RURAL_VICTORIA,ROAD,11,16.0
124203,1,6,120,5,1,100.0,0,N,RURAL_VICTORIA,ROAD,11,16.0
124204,1,6,130,1,1,70.0,0,N,MELB_URBAN,ROAD,11,14.0
124205,1,6,132,5,1,60.0,0,N,TOWNS,STREET,10,16.0
124206,1,2,163,5,1,50.0,0,N,MELB_URBAN,STREET,11,11.0
124207,1,6,160,5,1,40.0,0,N,MELB_URBAN,OTHER,11,18.0
124208,1,6,121,1,1,80.0,0,I,MELB_URBAN,ROAD,10,7.0
124209,4,6,171,1,1,40.0,0,I,MELB_URBAN,ROAD,11,15.0
124210,1,6,116,1,3,80.0,0,I,MELB_URBAN,ROAD,11,21.0
124211,1,5,130,4,3,80.0,0,I,MELB_URBAN,ROAD,10,20.0
124212,5,6,99,5,2,100.0,0,N,RURAL_VICTORIA,HIGHWAY,11,19.0
124213,1,4,99,1,1,70.0,0,I,SMALL_CITIES,AVENUE,11,16.0
124214,1,5,130,5,9,80.0,0,N,MELB_URBAN,FREEWAY,11,20.0
124215,4,6,171,5,5,100.0,0,N,RURAL_VICTORIA,FREEWAY,11,22.0
124216,1,6,121,5,1,80.0,0,N,MELB_URBAN,HIGHWAY,11,15.0
124217,1,7,160,2,3,60.0,0,N,MELB_URBAN,ROAD,11,1.0
124218,1,7,111,1,3,80.0,0,I,SMALL_TOWNS,ROAD,11,1.0
124219,4,7,173,5,3,60.0,0,N,SMALL_CITIES,DRIVE,11,1.0
124220,4,6,173,2,1,50.0,0,I,MELB_URBAN,ROAD,11,13.0
124221,8,7,99,5,1,100.0,0,N,RURAL_VICTORIA,ROAD,11,6.0
124222,1,2,130,1,1,80.0,0,N,MELB_URBAN,ROAD,10,12.0
124223,5,6,99,5,1,50.0,0,N,RURAL_VICTORIA,ROAD,11,8.0
124224,2,7,100,2,1,50.0,0,I,MELB_URBAN,ROAD,11,12.0
124225,8,7,174,5,1,100.0,0,N,RURAL_VICTORIA,OTHER,11,11.0
124226,1,7,130,5,1,60.0,0,N,MELB_URBAN,ROAD,11,12.0
124227,1,5,130,1,1,60.0,0,N,MELB_URBAN,BOULEVARD,11,17.0
124228,1,7,99,1,1,60.0,0,N,TOWNS,STREET,11,11.0
124229,1,7,121,1,1,60.0,0,I,SMALL_CITIES,PARADE,11,14.0
124230,1,7,120,5,1,100.0,0,N,RURAL_VICTORIA,ROAD,11,11.0
124231,8,4,99,1,1,60.0,0,N,MELB_URBAN,STREET,10,11.0
124232,1,6,130,5,1,40.0,0,N,MELB_URBAN,PARADE,11,17.0
124233,1,7,147,5,1,50.0,0,N,SMALL_CITIES,STREET,11,15.0
124234,4,6,183,2,5,60.0,0,I,MELB_URBAN,ROAD,10,20.0
124235,1,6,121,1,3,60.0,0,I,MELB_URBAN,ROAD,11,20.0
124236,1,7,110,1,1,100.0,0,I,RURAL_VICTORIA,HIGHWAY,11,15.0
124237,1,6,130,1,1,60.0,0,I,MELB_URBAN,DRIVE,11,15.0
124238,1,6,99,5,1,60.0,0,N,MELB_URBAN,ROAD,11,16.0
124239,1,3,99,5,1,60.0,0,N,MELB_URBAN,ROAD,11,13.0
124240,1,5,121,2,1,60.0,0,I,MELB_URBAN,PARADE,11,16.0
124241,8,7,174,2,1,50.0,0,I,RURAL_VICTORIA,ROAD,11,18.0
124242,2,2,100,1,2,60.0,0,N,MELB_URBAN,ROAD,11,6.0
124243,4,7,171,5,1,110.0,0,N,RURAL_VICTORIA,HIGHWAY,11,18.0
124244,1,7,110,4,1,80.0,0,I,RURAL_VICTORIA,RAMP,11,16.0
124245,4,7,181,5,1,100.0,1,N,RURAL_VICTORIA,ROAD,11,16.0
124246,1,6,121,4,3,60.0,0,I,MELB_URBAN,ROAD,11,21.0
124247,1,7,99,5,6,50.0,0,N,MELB_URBAN,AVENUE,11,20.0
124248,4,4,181,5,9,70.0,0,N,RURAL_VICTORIA,ROAD,11,14.0
124249,1,6,121,5,1,60.0,0,N,MELB_URBAN,ROAD,11,16.0
124250,4,6,171,1,6,60.0,0,I,RURAL_VICTORIA,ROAD,5,4.0
124251,4,7,99,2,5,60.0,0,I,RURAL_VICTORIA,ROAD,11,23.0
124252,4,7,173,5,3,60.0,1,N,MELB_URBAN,ROAD,11,21.0
124253,4,3,183,5,6,70.0,0,N,RURAL_VICTORIA,ROAD,11,17.0
124254,4,1,181,5,3,50.0,0,N,MELB_URBAN,AVENUE,11,0.0
124255,4,7,181,5,5,100.0,0,N,RURAL_VICTORIA,HIGHWAY,11,22.0
124256,1,7,120,5,2,100.0,0,N,RURAL_VICTORIA,ROAD,11,5.0
124257,1,1,160,5,1,60.0,0,N,MELB_URBAN,STREET,11,5.0
124258,6,7,174,5,1,60.0,0,N,SMALL_CITIES,STREET,11,12.0
124259,4,7,173,5,1,60.0,0,N,MELB_URBAN,STREET,11,10.0
124260,1,3,132,2,1,60.0,0,I,MELB_URBAN,PARADE,9,17.0
124261,5,1,99,5,1,80.0,0,N,RURAL_VICTORIA,ROAD,6,10.0
124262,1,7,110,1,1,50.0,0,I,SMALL_CITIES,STREET,11,8.0
124263,1,1,132,1,1,60.0,0,I,LARGE_PROVINCIAL_CITIES,STREET,11,10.0
124264,1,0,140,5,1,80.0,0,N,RURAL_VICTORIA,ROAD,11,10.0
124265,4,0,183,5,1,50.0,0,N,MELB_URBAN,ROAD,11,9.0
124266,4,1,181,2,1,60.0,0,N,RURAL_VICTORIA,ROAD,11,12.0
124267,5,1,183,5,5,60.0,0,N,RURAL_VICTORIA,OTHER,11,5.0
124268,4,1,173,5,1,60.0,0,N,LARGE_PROVINCIAL_CITIES,ROAD,11,11.0
124269,1,1,99,5,1,50.0,0,N,MELB_URBAN,STREET,11,11.0
124270,3,4,167,5,1,100.0,0,N,RURAL_VICTORIA,ROAD,11,12.0
124271,1,1,121,1,1,60.0,0,I,SMALL_CITIES,OTHER,11,16.0
124272,2,6,99,5,1,50.0,0,N,TOWNS,STREET,11,16.0
124273,4,1,171,1,1,60.0,0,I,MELB_URBAN,ROAD,11,15.0
124274,1,1,121,2,1,60.0,0,I,TOWNS,STREET,11,17.0
124275,8,7,174,5,1,60.0,0,N,RURAL_VICTORIA,ROAD,11,9.0
124276,4,0,181,2,1,60.0,0,I,MELB_URBAN,DRIVE,11,17.0
124277,1,6,130,5,6,100.0,0,N,RURAL_VICTORIA,HIGHWAY,11,22.0
124278,9,7,184,5,1,60.0,0,N,RURAL_VICTORIA,ROAD,11,11.0
124279,1,0,110,1,1,40.0,0,I,MELB_URBAN,STREET,11,19.0
124280,1,1,132,2,1,80.0,0,I,RURAL_VICTORIA,ROAD,11,18.0
124281,1,0,134,5,1,60.0,0,N,MELB_URBAN,ROAD,11,18.0
124282,8,7,184,5,1,60.0,0,N,RURAL_VICTORIA,ROAD,10,10.0
124283,1,3,130,2,1,50.0,0,I,MELB_URBAN,PARADE,10,18.0
124284,4,1,99,5,3,60.0,0,N,RURAL_VICTORIA,ROAD,11,21.0
124285,4,1,171,5,3,70.0,0,N,MELB_URBAN,ROAD,11,22.0
124286,2,2,102,5,5,80.0,0,N,MELB_URBAN,ROAD,11,2.0
124287,4,1,173,1,3,50.0,0,I,MELB_URBAN,STREET,11,2.0
124288,1,2,113,2,1,60.0,0,I,RURAL_VICTORIA,ROAD,10,9.0
124289,1,7,130,1,1,80.0,0,I,MELB_URBAN,ROAD,10,11.0
124290,1,7,110,1,1,60.0,0,I,MELB_URBAN,HIGHWAY,11,12.0
124291,1,2,130,5,2,60.0,0,N,MELB_URBAN,ROAD,10,17.0
124292,1,2,134,5,1,60.0,0,N,MELB_URBAN,OTHER,11,7.0
124293,1,7,130,2,9,50.0,0,I,MELB_URBAN,ROAD,11,18.0
124294,1,0,140,1,1,60.0,0,I,MELB_URBAN,STREET,11,18.0
124295,2,4,99,5,1,70.0,0,N,MELB_URBAN,ROAD,9,17.0
124296,4,4,181,5,1,60.0,0,I,MELB_URBAN,ROAD,11,17.0
124297,1,2,110,1,1,60.0,0,I,MELB_URBAN,ROAD,11,10.0
124298,1,4,113,1,1,60.0,0,I,MELB_URBAN,AVENUE,8,9.0
124299,1,5,99,2,1,40.0,0,I,MELB_URBAN,STREET,11,10.0
124300,2,1,99,2,1,60.0,0,N,MELB_URBAN,ROAD,11,8.0
124301,1,1,110,1,1,60.0,0,I,MELB_URBAN,ROAD,11,11.0
124302,1,2,99,5,1,80.0,0,N,MELB_URBAN,FREEWAY,11,10.0
124303,1,1,130,5,1,60.0,0,N,MELB_URBAN,STREET,11,13.0
124304,1,1,121,2,1,60.0,0,I,SMALL_CITIES,STREET,11,11.0
124305,4,2,181,5,1,40.0,0,N,MELB_URBAN,AVENUE,11,13.0
124306,1,6,133,2,1,60.0,0,I,MELB_URBAN,ROAD,11,17.0
124307,1,5,121,1,9,60.0,0,I,MELB_URBAN,ROAD,11,10.0
124308,1,2,111,2,1,60.0,0,N,MELB_URBAN,DRIVE,11,15.0
124309,6,2,174,1,1,60.0,0,N,SMALL_CITIES,STREET,11,9.0
124310,2,2,99,1,1,50.0,0,N,MELB_URBAN,STREET,11,12.0
124311,1,2,113,2,1,50.0,0,I,MELB_URBAN,ROAD,11,14.0
124312,1,5,130,5,2,100.0,0,N,MELB_URBAN,FREEWAY,11,17.0
124313,1,2,110,1,1,60.0,0,I,MELB_URBAN,ROAD,11,16.0
124314,1,0,121,1,3,60.0,0,I,MELB_URBAN,OTHER,11,21.0
124315,1,2,133,5,1,60.0,0,N,LARGE_PROVINCIAL_CITIES,ROAD,11,16.0
124316,1,3,130,5,1,60.0,0,N,MELB_URBAN,ROAD,11,19.0
124317,6,5,99,5,9,60.0,0,N,SMALL_TOWNS,ROAD,10,1.0
124318,1,2,134,2,1,60.0,0,I,MELB_URBAN,ROAD,11,17.0
124319,1,2,113,4,1,80.0,0,N,MELB_URBAN,HIGHWAY,11,17.0
124320,3,1,167,5,1,60.0,0,N,RURAL_VICTORIA,OTHER,11,12.0
124321,1,1,99,2,3,80.0,0,N,MELB_URBAN,RAMP,11,21.0
124322,1,2,147,5,1,60.0,0,N,MELB_URBAN,ROAD,11,18.0
124323,1,2,134,1,3,60.0,0,N,MELB_URBAN,ROAD,11,5.0
124324,1,2,99,5,5,60.0,0,N,LARGE_PROVINCIAL_CITIES,OTHER,11,23.0
124325,4,2,173,1,3,50.0,0,I,SMALL_CITIES,DRIVE,11,23.0
124326,1,1,130,5,3,50.0,0,N,MELB_URBAN,ROAD,11,22.0
124327,1,5,135,5,9,60.0,0,N,MELB_URBAN,ROAD,10,18.0
124328,4,2,181,2,1,100.0,0,N,RURAL_VICTORIA,ROAD,11,12.0
124329,4,2,171,5,1,100.0,0,N,RURAL_VICTORIA,ROAD,11,7.0
124330,1,3,113,2,1,50.0,0,I,MELB_URBAN,ROAD,11,7.0
124331,2,3,100,1,1,60.0,0,I,SMALL_CITIES,STREET,11,8.0
124332,1,3,110,1,1,60.0,0,I,SMALL_TOWNS,STREET,11,7.0
124333,1,3,121,2,1,60.0,0,I,MELB_URBAN,AVENUE,11,9.0
124334,8,2,170,5,1,100.0,0,N,RURAL_VICTORIA,HIGHWAY,11,14.0
124335,1,3,121,2,1,60.0,0,I,RURAL_VICTORIA,ROAD,11,6.0
124336,6,1,184,5,1,60.0,0,N,RURAL_VICTORIA,ROAD,11,15.0
124337,1,2,99,5,1,60.0,0,N,MELB_URBAN,ROAD,11,6.0
124338,1,2,160,5,1,60.0,0,N,MELB_URBAN,ROAD,11,11.0
124339,1,3,140,5,1,60.0,0,N,SMALL_CITIES,ROAD,11,10.0
124340,1,3,99,1,1,60.0,0,I,MELB_URBAN,ROAD,11,9.0
124341,1,2,130,5,1,70.0,0,N,LARGE_PROVINCIAL_CITIES,OTHER,11,17.0
124342,6,3,174,5,1,80.0,0,N,MELB_URBAN,FREEWAY,11,11.0
124343,1,2,111,2,1,60.0,0,I,MELB_URBAN,PARADE,11,9.0
124344,1,7,130,5,1,60.0,0,N,MELB_URBAN,ROAD,11,14.0
124345,1,2,111,4,1,60.0,0,I,MELB_URBAN,RAMP,11,12.0
124346,1,2,130,5,1,80.0,0,N,MELB_URBAN,RAMP,11,10.0
124347,8,7,184,5,1,60.0,0,N,RURAL_VICTORIA,ROAD,11,13.0
124348,1,3,147,5,1,60.0,0,N,MELB_URBAN,ROAD,11,13.0
124349,1,2,130,1,1,80.0,0,I,MELB_URBAN,OTHER,11,12.0
124350,1,3,121,1,1,60.0,0,I,MELB_URBAN,HIGHWAY,11,13.0
124351,8,2,174,5,1,60.0,0,I,MELB_URBAN,ROAD,11,10.0
124352,4,3,173,5,1,100.0,0,N,RURAL_VICTORIA,ROAD,11,17.0
124353,6,2,174,1,1,60.0,0,N,MELB_URBAN,ROAD,11,16.0
124354,1,5,110,1,6,50.0,0,I,MELB_URBAN,BOULEVARD,8,17.0
124355,2,3,99,5,1,40.0,0,N,MELB_URBAN,ROAD,11,15.0
124356,1,3,110,1,1,100.0,1,I,RURAL_VICTORIA,HIGHWAY,11,10.0
124357,1,3,121,1,1,40.0,0,I,MELB_URBAN,STREET,11,15.0
124358,8,3,99,5,1,60.0,0,N,RURAL_VICTORIA,ROAD,11,11.0
124359,2,3,99,5,1,40.0,0,N,RURAL_VICTORIA,STREET,11,12.0
124360,1,2,121,1,1,60.0,0,I,MELB_URBAN,ROAD,10,16.0
124361,4,2,171,5,1,60.0,0,N,RURAL_VICTORIA,DRIVE,11,16.0
124362,1,1,121,1,1,60.0,0,I,MELB_URBAN,ROAD,11,15.0
124363,1,2,130,5,1,60.0,0,N,MELB_URBAN,STREET,11,15.0
124364,4,2,171,5,1,100.0,0,N,RURAL_VICTORIA,ROAD,11,16.0
124365,1,3,147,5,1,50.0,0,N,MELB_URBAN,STREET,11,18.0
124366,1,3,99,2,1,60.0,0,I,MELB_URBAN,ROAD,11,10.0
124367,8,3,174,5,2,100.0,0,N,RURAL_VICTORIA,ROAD,11,20.0
124368,1,2,160,5,3,50.0,0,N,LARGE_PROVINCIAL_CITIES,STREET,11,20.0
124369,1,1,110,1,1,80.0,0,I,SMALL_CITIES,ROAD,11,16.0
124370,1,3,110,1,3,60.0,0,I,MELB_URBAN,STREET,11,21.0
124371,1,1,130,5,1,70.0,0,N,LARGE_PROVINCIAL_CITIES,STREET,11,15.0
124372,1,4,132,5,1,60.0,0,N,SMALL_CITIES,ROAD,11,10.0
124373,1,3,110,1,1,40.0,0,I,MELB_URBAN,ROAD,11,8.0
124374,1,3,134,5,1,60.0,0,N,MELB_URBAN,STREET,10,9.0
124375,1,4,121,4,1,70.0,0,I,MELB_URBAN,ROAD,11,6.0
124376,1,3,135,5,1,110.0,0,N,RURAL_VICTORIA,FREEWAY,11,13.0
124377,2,5,99,5,9,50.0,0,N,TOWNS,STREET,9,12.0
124378,1,3,130,5,1,80.0,0,N,MELB_URBAN,ROAD,11,8.0
124379,6,4,99,5,1,80.0,0,N,RURAL_VICTORIA,ROAD,11,12.0
124380,1,4,135,5,1,100.0,0,N,MELB_URBAN,FREEWAY,11,11.0
124381,1,4,134,5,1,100.0,0,N,MELB_URBAN,ROAD,11,13.0
124382,6,1,174,2,1,60.0,0,I,RURAL_VICTORIA,ROAD,11,11.0
124383,9,3,99,5,1,60.0,0,N,MELB_URBAN,ROAD,11,18.0
124384,1,4,132,2,1,80.0,0,I,MELB_URBAN,HIGHWAY,11,13.0
124385,1,1,99,4,1,60.0,0,N,MELB_URBAN,ROAD,11,8.0
124386,1,2,132,5,9,60.0,0,N,MELB_URBAN,STREET,11,13.0
124387,2,3,100,5,1,40.0,0,N,MELB_URBAN,ROAD,11,15.0
124388,1,4,160,5,1,50.0,0,N,MELB_URBAN,ROAD,11,8.0
124389,1,3,130,5,1,60.0,0,N,MELB_URBAN,ROAD,11,16.0
124390,1,4,130,2,1,80.0,0,I,MELB_URBAN,HIGHWAY,11,15.0
124391,1,3,130,1,1,80.0,0,N,MELB_URBAN,ROAD,7,9.0
124392,1,4,113,2,1,60.0,0,I,MELB_URBAN,OTHER,11,16.0
124393,6,3,174,5,1,60.0,0,N,MELB_URBAN,ROAD,10,13.0
124394,8,1,99,5,1,100.0,0,N,RURAL_VICTORIA,OTHER,11,9.0
124395,1,3,121,1,1,60.0,0,I,MELB_URBAN,ROAD,11,17.0
124396,1,3,160,5,1,110.0,0,N,SMALL_CITIES,FREEWAY,11,17.0
124397,1,3,113,1,1,80.0,0,N,MELB_URBAN,DRIVE,11,16.0
124398,8,1,174,5,1,100.0,0,N,RURAL_VICTORIA,STREET,11,11.0
124399,4,4,173,5,1,50.0,0,N,MELB_URBAN,DRIVE,11,16.0
124400,1,4,173,5,1,80.0,0,N,MELB_URBAN,FREEWAY,11,16.0
124401,2,4,99,5,1,70.0,0,N,LARGE_PROVINCIAL_CITIES,HIGHWAY,11,15.0
124402,6,4,99,5,1,80.0,0,N,RURAL_VICTORIA,ROAD,11,18.0
124403,1,4,99,5,3,40.0,0,N,MELB_URBAN,ROAD,11,20.0
124404,1,7,132,2,1,50.0,0,I,SMALL_CITIES,ROAD,11,13.0
124405,1,4,121,1,3,70.0,0,I,MELB_URBAN,STREET,11,22.0
124406,1,4,120,5,3,60.0,0,N,MELB_URBAN,ROAD,11,22.0
124407,4,4,171,5,3,60.0,0,N,MELB_URBAN,ROAD,11,22.0
124408,4,5,173,9,3,50.0,0,N,SMALL_CITIES,AVENUE,11,0.0
124409,1,3,113,2,1,60.0,0,I,MELB_URBAN,ROAD,11,18.0
124410,1,6,130,5,3,60.0,0,N,MELB_URBAN,STREET,7,18.0
124411,6,3,99,2,1,100.0,0,I,RURAL_VICTORIA,ROAD,11,17.0
124412,1,5,110,1,1,40.0,0,I,SMALL_CITIES,STREET,11,8.0
124413,1,5,130,1,1,60.0,0,I,MELB_URBAN,ROAD,11,9.0
124414,1,4,120,5,1,60.0,0,N,MELB_URBAN,ROAD,11,8.0
124415,1,4,121,2,2,60.0,0,I,MELB_URBAN,OTHER,11,7.0
124416,4,4,173,5,1,60.0,0,N,MELB_URBAN,OTHER,11,10.0
124417,1,4,121,2,1,60.0,0,I,MELB_URBAN,DRIVE,11,9.0
124418,1,4,147,5,1,40.0,0,N,TOWNS,ROAD,11,8.0
124419,6,5,174,1,1,60.0,0,I,RURAL_VICTORIA,ROAD,11,7.0
124420,1,4,110,1,1,60.0,0,I,MELB_URBAN,ROAD,11,9.0
124421,1,4,130,5,1,80.0,0,N,RURAL_VICTORIA,ROAD,11,8.0
124422,1,5,160,5,1,60.0,0,N,MELB_URBAN,STREET,11,8.0
124423,8,1,174,5,3,70.0,0,N,MELB_URBAN,ROAD,10,2.0
124424,1,4,99,1,1,70.0,0,I,MELB_URBAN,ROAD,11,11.0
124425,4,4,171,5,1,110.0,0,N,RURAL_VICTORIA,FREEWAY,11,12.0
124426,2,4,102,5,1,50.0,0,N,MELB_URBAN,ROAD,11,10.0
124427,1,6,99,5,2,50.0,0,N,MELB_URBAN,ROAD,11,18.0
124428,1,5,130,5,1,60.0,0,N,MELB_URBAN,ROAD,11,13.0
124429,1,2,121,2,1,60.0,0,I,MELB_URBAN,ROAD,11,15.0
124430,4,7,181,5,1,60.0,0,N,RURAL_VICTORIA,UNKNOWN,11,14.0
124431,1,1,160,5,9,40.0,0,N,MELB_URBAN,ROAD,11,18.0
124432,1,4,132,5,1,60.0,0,N,MELB_URBAN,STREET,11,18.0
124433,8,5,99,5,1,100.0,0,N,RURAL_VICTORIA,ROAD,10,18.0
124434,4,5,173,5,1,100.0,0,N,MELB_URBAN,FREEWAY,11,12.0
124435,1,5,113,2,1,60.0,0,I,MELB_URBAN,ROAD,11,14.0
124436,2,5,102,1,1,50.0,0,I,RURAL_VICTORIA,ROAD,11,14.0
124437,4,2,181,5,1,80.0,0,N,RURAL_VICTORIA,ROAD,11,13.0
124438,7,4,99,5,3,50.0,1,N,MELB_URBAN,OTHER,11,23.0
124439,4,5,171,5,1,100.0,0,N,RURAL_VICTORIA,ROAD,11,14.0
124440,1,5,110,1,1,50.0,0,I,TOWNS,STREET,11,16.0
124441,1,5,111,1,1,60.0,0,I,MELB_URBAN,ROAD,11,12.0
124442,1,4,130,5,1,100.0,0,N,MELB_URBAN,ROAD,11,16.0
124443,6,5,174,6,1,50.0,0,N,SMALL_CITIES,AVENUE,11,15.0
124444,4,1,181,2,9,100.0,0,I,RURAL_VICTORIA,ROAD,11,20.0
124445,1,4,133,5,1,100.0,0,N,MELB_URBAN,ROAD,11,13.0
124446,1,5,130,5,1,80.0,0,N,MELB_URBAN,ROAD,11,16.0
124447,1,5,130,5,1,80.0,0,N,MELB_URBAN,FREEWAY,11,16.0
124448,1,4,130,5,1,100.0,0,N,MELB_URBAN,FREEWAY,11,16.0
124449,1,5,99,5,1,60.0,0,N,MELB_URBAN,STREET,11,16.0
124450,1,5,132,2,1,60.0,0,I,TOWNS,STREET,11,17.0
124451,1,4,130,5,1,60.0,0,N,MELB_URBAN,ROAD,11,17.0
124452,1,2,130,5,1,60.0,0,N,MELB_URBAN,STREET,11,9.0
124453,1,5,130,5,1,80.0,0,N,MELB_URBAN,FREEWAY,11,15.0
124454,4,5,171,5,1,100.0,0,N,RURAL_VICTORIA,HIGHWAY,11,15.0
124455,2,5,102,2,1,60.0,1,I,MELB_URBAN,STREET,11,15.0
124456,4,5,171,5,1,60.0,0,N,MELB_URBAN,ROAD,11,14.0
124457,1,5,121,2,1,60.0,0,I,MELB_URBAN,ROAD,10,14.0
124458,2,4,100,5,1,60.0,0,N,MELB_URBAN,AVENUE,11,16.0
124459,1,5,160,2,1,50.0,0,N,MELB_URBAN,DRIVE,11,19.0
124460,1,4,121,2,1,60.0,0,I,MELB_URBAN,ROAD,11,15.0
124461,1,4,130,5,1,60.0,0,N,SMALL_CITIES,ROAD,11,16.0
124462,1,3,130,5,1,60.0,0,N,MELB_URBAN,ROAD,11,14.0
124463,1,5,121,1,2,50.0,0,I,MELB_URBAN,ROAD,11,20.0
124464,1,5,110,1,3,50.0,0,I,MELB_URBAN,STREET,11,22.0
124465,4,5,173,5,2,70.0,0,N,SMALL_CITIES,OTHER,11,6.0
124466,6,5,99,5,5,100.0,0,N,RURAL_VICTORIA,HIGHWAY,11,23.0
124467,1,6,99,5,6,50.0,0,N,MELB_URBAN,ROAD,11,1.0
124468,1,5,132,5,1,60.0,0,N,TOWNS,ROAD,11,10.0
124469,1,6,147,5,1,70.0,0,N,MELB_URBAN,STREET,11,6.0
124470,1,6,110,1,1,60.0,0,I,SMALL_CITIES,ROAD,11,6.0
124471,1,3,130,5,1,80.0,0,N,MELB_URBAN,ROAD,11,14.0
124472,1,5,160,5,1,50.0,0,N,MELB_URBAN,UNKNOWN,11,6.0
124473,1,5,99,5,1,40.0,0,N,MELB_URBAN,STREET,10,16.0
124474,2,2,100,1,1,60.0,0,N,MELB_URBAN,ROAD,11,6.0
124475,1,5,130,2,1,60.0,0,I,MELB_URBAN,UNKNOWN,10,15.0
124476,1,6,111,1,1,50.0,0,I,LARGE_PROVINCIAL_CITIES,ROAD,11,8.0
124477,1,6,130,5,1,50.0,0,N,LARGE_PROVINCIAL_CITIES,ROAD,11,9.0
124478,1,5,130,2,1,60.0,0,I,MELB_URBAN,ROAD,11,16.0
124479,1,6,99,1,1,80.0,0,N,MELB_URBAN,BOULEVARD,11,8.0
124480,8,7,184,5,9,60.0,0,N,RURAL_VICTORIA,ROAD,11,7.0
124481,8,6,174,1,1,100.0,0,I,RURAL_VICTORIA,ROAD,11,16.0
124482,1,6,130,5,1,100.0,0,N,MELB_URBAN,FREEWAY,11,16.0
124483,8,4,174,5,1,50.0,0,N,TOWNS,STREET,11,15.0
124484,1,4,130,1,1,60.0,0,I,MELB_URBAN,HIGHWAY,11,16.0
124485,1,4,160,5,6,50.0,0,N,MELB_URBAN,AVENUE,10,1.0
124486,1,3,120,5,1,100.0,0,N,RURAL_VICTORIA,ROAD,11,16.0
124487,1,3,116,2,2,80.0,0,I,MELB_URBAN,ROAD,11,7.0
124488,4,5,171,5,1,100.0,0,N,RURAL_VICTORIA,ROAD,11,18.0
124489,1,5,130,1,1,80.0,0,N,MELB_URBAN,ROAD,11,11.0
124490,1,5,130,5,1,70.0,0,N,MELB_URBAN,ROAD,11,8.0
124491,1,6,99,2,1,80.0,0,I,RURAL_VICTORIA,ROAD,11,9.0
124492,1,6,99,5,1,40.0,0,N,MELB_URBAN,AVENUE,11,15.0
124493,1,6,113,2,1,50.0,0,I,MELB_URBAN,ROAD,11,12.0
124494,4,5,99,5,1,60.0,0,I,SMALL_CITIES,ROAD,11,12.0
124495,4,5,99,5,1,70.0,0,N,MELB_URBAN,ROAD,11,12.0
124496,8,7,174,5,9,60.0,0,N,RURAL_VICTORIA,ROAD,11,12.0
124497,1,6,120,5,1,60.0,0,N,MELB_URBAN,STREET,11,10.0
124498,1,1,121,2,1,40.0,0,I,RURAL_VICTORIA,DRIVE,11,6.0
124499,1,6,140,5,1,60.0,0,N,SMALL_CITIES,DRIVE,11,14.0
124500,4,6,171,5,1,100.0,0,N,RURAL_VICTORIA,ROAD,11,14.0
124501,1,6,113,2,1,60.0,0,I,MELB_URBAN,ROAD,11,14.0
124502,6,1,174,5,5,100.0,0,N,RURAL_VICTORIA,HIGHWAY,9,21.0
124503,1,6,130,5,1,80.0,0,N,MELB_URBAN,FREEWAY,11,16.0
124504,6,6,99,5,1,100.0,0,N,RURAL_VICTORIA,ROAD,11,14.0
124505,1,5,111,2,1,80.0,0,I,MELB_URBAN,ROAD,11,14.0
124506,1,5,130,5,1,80.0,0,N,MELB_URBAN,ROAD,11,16.0