,accident_type,day_of_week,dca_code,road_geometry,light_condition,speed_zone,severity,node_type,deg_urban_name,road_type,month,hour
124507,1,6,113,1,1,50.0,0,I,MELB_URBAN,ROAD,11,16.0
124508,1,5,135,5,1,70.0,0,N,MELB_URBAN,STREET,11,14.0
124509,6,5,174,5,1,100.0,0,N,MELB_URBAN,FREEWAY,11,16.0
124510,1,6,99,1,1,50.0,0,I,SMALL_CITIES,STREET,11,18.0
124511,4,5,99,5,1,50.0,0,N,MELB_URBAN,ROAD,11,17.0
124512,1,6,130,2,1,70.0,0,I,MELB_URBAN,ROAD,11,17.0
124513,2,6,99,5,1,100.0,0,N,RURAL_VICTORIA,ROAD,11,16.0
124514,1,5,121,2,1,70.0,0,I,MELB_URBAN,ROAD,11,15.0
124515,1,4,132,2,1,60.0,0,I,MELB_URBAN,ROAD,11,16.0
124516,1,6,110,1,1,40.0,0,I,MELB_URBAN,BOULEVARD,11,18.0
124517,5,6,173,5,1,80.0,0,N,RURAL_VICTORIA,ROAD,11,18.0
124518,1,6,130,5,1,80.0,0,N,MELB_URBAN,ROAD,11,15.0
124519,1,5,130,5,1,80.0,0,N,MELB_URBAN,FREEWAY,11,18.0
124520,1,6,99,2,1,60.0,0,I,MELB_URBAN,OTHER,11,16.0
124521,1,6,130,5,1,100.0,0,N,MELB_URBAN,FREEWAY,11,18.0
124522,1,6,135,5,1,60.0,0,N,MELB_URBAN,ROAD,11,13.0
124523,1,5,120,5,3,70.0,0,N,MELB_URBAN,ROAD,11,22.0
124524,1,6,121,1,3,50.0,0,I,MELB_URBAN,STREET,11,22.0
124525,1,6,113,2,2,80.0,0,I,MELB_URBAN,ROAD,11,20.0
124526,6,6,174,5,5,40.0,0,N,RURAL_VICTORIA,ROAD,11,21.0
124527,4,1,171,5,5,110.0,0,N,TOWNS,FREEWAY,11,0.0
124528,4,4,183,5,5,60.0,0,N,RURAL_VICTORIA,ROAD,11,23.0
124529,4,6,171,5,3,50.0,0,N,LARGE_PROVINCIAL_CITIES,PARADE,11,4.0
124530,1,5,135,1,9,60.0,0,I,MELB_URBAN,STREET,11,14.0
124531,1,7,113,1,1,60.0,0,I,LARGE_PROVINCIAL_CITIES,ROAD,11,6.0
124532,1,6,133,5,1,80.0,0,N,MELB_URBAN,ROAD,11,9.0
124533,2,6,99,5,1,60.0,0,N,LARGE_PROVINCIAL_CITIES,STREET,11,11.0
124534,1,7,121,2,1,80.0,0,I,RURAL_VICTORIA,ROAD,11,10.0
124535,1,6,111,1,1,80.0,0,N,SMALL_CITIES,HIGHWAY,11,5.0
124536,1,7,130,5,1,80.0,0,N,MELB_URBAN,HIGHWAY,11,7.0
124537,1,7,110,1,1,80.0,0,I,RURAL_VICTORIA,ROAD,11,10.0
124538,1,1,113,2,9,60.0,0,I,MELB_URBAN,ROAD,11,20.0
124539,4,7,181,5,1,80.0,0,N,RURAL_VICTORIA,ROAD,11,11.0
124540,1,7,99,5,1,100.0,0,N,RURAL_VICTORIA,ROAD,11,11.0
124541,4,5,173,5,1,80.0,0,N,MELB_URBAN,ROAD,11,14.0
124542,1,7,132,2,1,60.0,0,N,RURAL_VICTORIA,ROAD,11,13.0
124543,4,3,173,5,3,60.0,0,N,MELB_URBAN,ROAD,10,20.0
124544,8,7,184,5,1,80.0,0,I,RURAL_VICTORIA,ROAD,11,11.0
124545,1,6,110,1,1,80.0,0,I,MELB_URBAN,ROAD,11,13.0
124546,6,7,170,5,1,60.0,0,N,RURAL_VICTORIA,OTHER,11,14.0
124547,1,7,130,2,1,70.0,0,I,MELB_URBAN,ROAD,11,14.0
124548,1,5,130,5,1,60.0,0,N,MELB_URBAN,ROAD,11,15.0
124549,1,6,134,5,1,60.0,0,N,MELB_URBAN,PARADE,11,14.0
124550,1,4,113,2,1,80.0,0,I,MELB_URBAN,HIGHWAY,11,15.0
124551,4,6,173,5,1,100.0,0,N,RURAL_VICTORIA,ROAD,11,16.0
124552,1,6,163,5,1,60.0,0,N,MELB_URBAN,STREET,11,11.0
124553,4,7,99,6,1,50.0,0,N,MELB_URBAN,OTHER,11,16.0
124554,4,7,171,5,1,100.0,0,N,RURAL_VICTORIA,ROAD,11,17.0
124555,1,7,130,5,1,60.0,0,N,MELB_URBAN,ROAD,11,19.0
124556,1,7,110,1,3,70.0,0,N,MELB_URBAN,STREET,11,20.0
124557,4,6,171,5,1,100.0,0,N,RURAL_VICTORIA,FREEWAY,11,5.0
124558,4,7,171,5,5,100.0,0,N,RURAL_VICTORIA,ROAD,11,0.0
124559,1,5,133,5,1,80.0,0,N,MELB_URBAN,ROAD,11,6.0
124560,2,1,100,1,1,40.0,0,N,MELB_URBAN,ROAD,11,9.0
124561,1,1,121,2,1,50.0,0,I,RURAL_VICTORIA,BOULEVARD,11,9.0
124562,1,6,133,5,1,70.0,0,N,MELB_URBAN,ROAD,11,15.0
124563,4,1,173,5,1,50.0,1,N,RURAL_VICTORIA,ROAD,11,7.0
124564,1,1,110,1,1,60.0,0,I,LARGE_PROVINCIAL_CITIES,STREET,11,10.0
124565,1,4,130,1,1,60.0,0,N,MELB_URBAN,STREET,11,16.0
124566,1,1,110,1,1,80.0,0,I,RURAL_VICTORIA,ROAD,11,9.0
124567,1,1,120,5,1,60.0,0,N,MELB_URBAN,STREET,11,12.0
124568,4,1,171,5,1,100.0,0,N,SMALL_CITIES,HIGHWAY,11,7.0
124569,1,0,120,5,1,100.0,0,N,RURAL_VICTORIA,ROAD,11,11.0
124570,1,1,99,2,1,50.0,0,I,MELB_URBAN,STREET,11,13.0
124571,1,1,110,1,1,60.0,0,N,MELB_URBAN,STREET,11,14.0
124572,2,6,99,5,1,50.0,0,N,MELB_URBAN,STREET,11,11.0
124573,4,2,181,5,1,100.0,0,N,RURAL_VICTORIA,ROAD,10,9.0
124574,8,1,99,5,1,60.0,0,N,RURAL_VICTORIA,ROAD,11,15.0
124575,4,1,181,5,1,60.0,0,N,RURAL_VICTORIA,STREET,11,16.0
124576,1,0,99,2,1,50.0,0,I,MELB_URBAN,OTHER,11,16.0
124577,6,1,174,5,1,40.0,0,N,MELB_URBAN,STREET,11,17.0
124578,1,1,99,5,1,40.0,0,N,MELBOURNE_CBD,STREET,11,14.0
124579,2,6,100,1,1,50.0,0,I,MELB_URBAN,STREET,11,14.0
124580,1,6,110,1,3,50.0,0,I,MELB_URBAN,BOULEVARD,9,18.0
124581,1,1,110,1,1,80.0,0,I,MELB_URBAN,HIGHWAY,11,14.0
124582,1,0,121,1,1,60.0,0,I,MELB_URBAN,ROAD,11,18.0
124583,1,0,130,5,1,60.0,0,N,MELB_URBAN,ROAD,11,18.0
124584,1,6,130,5,1,50.0,0,N,SMALL_CITIES,ROAD,11,16.0
124585,8,1,99,5,2,100.0,0,N,RURAL_VICTORIA,HIGHWAY,11,19.0
124586,6,0,174,2,1,50.0,0,N,MELB_URBAN,OTHER,11,17.0
124587,6,1,174,5,1,60.0,0,N,MELB_URBAN,ROAD,11,18.0
124588,4,1,173,5,2,80.0,0,N,RURAL_VICTORIA,ROAD,11,19.0
124589,1,1,110,1,1,50.0,0,I,SMALL_CITIES,AVENUE,11,16.0
124590,4,0,173,4,5,100.0,0,N,RURAL_VICTORIA,RAMP,11,23.0
124591,4,1,173,1,3,70.0,0,I,RURAL_VICTORIA,ROAD,11,22.0
124592,1,0,130,2,1,70.0,0,N,MELB_URBAN,ROAD,11,14.0
124593,4,2,171,5,3,60.0,0,N,MELB_URBAN,HIGHWAY,11,4.0
124594,1,2,120,5,1,50.0,0,N,MELB_URBAN,HIGHWAY,11,5.0
124595,4,1,183,5,1,70.0,0,N,RURAL_VICTORIA,ROAD,11,12.0
124596,1,3,130,1,1,60.0,0,N,MELB_URBAN,STREET,11,16.0
124597,1,6,116,2,3,60.0,0,I,MELB_URBAN,ROAD,7,18.0
124598,6,1,99,5,1,100.0,0,N,RURAL_VICTORIA,ROAD,11,7.0
124599,1,1,121,1,1,60.0,0,I,MELB_URBAN,STREET,11,18.0
124600,1,5,111,2,1,60.0,0,I,MELB_URBAN,ROAD,11,15.0
124601,1,2,130,5,1,100.0,0,N,MELB_URBAN,FREEWAY,11,8.0
124602,8,2,174,5,1,60.0,0,N,MELB_URBAN,ROAD,11,9.0
124603,2,1,99,5,1,50.0,0,N,MELB_URBAN,ROAD,11,8.0
124604,1,2,121,1,1,60.0,0,I,MELB_URBAN,STREET,11,9.0
124605,1,6,133,5,1,60.0,0,N,MELB_URBAN,ROAD,11,13.0
124606,1,3,99,2,1,50.0,0,I,MELB_URBAN,AVENUE,11,15.0
124607,1,1,110,1,1,80.0,0,N,MELB_URBAN,ROAD,11,13.0
124608,1,6,133,2,1,60.0,0,I,MELB_URBAN,OTHER,11,14.0
124609,4,2,181,5,1,100.0,0,N,RURAL_VICTORIA,ROAD,11,9.0
124610,4,1,171,5,5,100.0,0,N,RURAL_VICTORIA,HIGHWAY,11,5.0
124611,6,7,174,1,1,60.0,0,I,RURAL_VICTORIA,ROAD,11,17.0
124612,1,2,121,1,1,60.0,0,I,MELB_URBAN,ROAD,11,9.0
124613,4,2,183,5,1,80.0,0,N,MELB_URBAN,RAMP,11,10.0
124614,1,1,132,5,1,50.0,0,N,MELB_URBAN,ROAD,11,11.0
124615,6,7,184,5,1,60.0,0,N,RURAL_VICTORIA,ROAD,11,10.0
124616,8,2,99,4,1,40.0,0,N,RURAL_VICTORIA,RAMP,11,18.0
124617,1,2,113,2,1,60.0,0,I,MELB_URBAN,ROAD,11,11.0
124618,1,6,140,5,1,60.0,0,N,MELB_URBAN,HIGHWAY,11,12.0
124619,1,7,140,5,3,60.0,0,N,MELB_URBAN,STREET,11,21.0
124620,4,1,171,1,1,60.0,0,I,MELB_URBAN,ROAD,11,12.0
124621,1,2,130,5,9,40.0,0,N,RURAL_VICTORIA,ROAD,11,8.0
124622,4,2,181,5,1,80.0,0,N,RURAL_VICTORIA,ROAD,11,12.0
124623,1,2,110,1,1,60.0,0,I,MELB_URBAN,ROAD,11,14.0
124624,6,1,174,2,9,50.0,0,N,MELB_URBAN,STREET,11,18.0
124625,6,2,174,5,1,60.0,0,N,RURAL_VICTORIA,STREET,11,15.0
124626,1,2,99,5,1,50.0,0,N,MELB_URBAN,AVENUE,11,14.0
124627,6,6,174,5,1,60.0,0,N,RURAL_VICTORIA,OTHER,11,12.0
124628,2,7,99,5,1,110.0,0,N,RURAL_VICTORIA,FREEWAY,11,15.0
124629,1,1,130,2,1,80.0,0,I,MELB_URBAN,ROAD,11,13.0
124630,1,2,113,2,1,60.0,0,I,MELB_URBAN,STREET,11,16.0
124631,1,2,133,2,1,80.0,0,I,RURAL_VICTORIA,HIGHWAY,11,14.0
124632,1,1,116,2,9,60.0,0,I,MELB_URBAN,ROAD,11,12.0
124633,1,2,130,5,1,80.0,0,N,MELB_URBAN,ROAD,11,18.0
124634,1,2,130,5,1,70.0,0,N,RURAL_VICTORIA,HIGHWAY,11,15.0
124635,1,2,130,5,1,80.0,0,N,MELB_URBAN,RAMP,11,15.0
124636,2,1,100,1,1,50.0,0,N,SMALL_CITIES,STREET,11,15.0
124637,6,2,99,5,1,100.0,0,N,RURAL_VICTORIA,ROAD,11,16.0
124638,1,2,110,1,1,60.0,0,I,MELB_URBAN,ROAD,11,15.0
124639,1,2,160,5,1,50.0,0,N,RURAL_VICTORIA,BOULEVARD,11,16.0
124640,1,6,132,5,1,50.0,0,N,LARGE_PROVINCIAL_CITIES,ROAD,11,18.0
124641,1,2,99,5,1,80.0,0,N,MELB_URBAN,ROAD,11,18.0
124642,2,6,99,5,3,50.0,0,N,LARGE_PROVINCIAL_CITIES,ROAD,11,2.0
124643,2,1,102,1,2,50.0,0,I,SMALL_CITIES,STREET,11,20.0
124644,1,1,121,5,1,60.0,0,N,MELB_URBAN,ROAD,11,6.0
124645,1,1,130,5,2,100.0,0,N,RURAL_VICTORIA,HIGHWAY,11,6.0
124646,4,3,181,5,5,80.0,0,N,RURAL_VICTORIA,ROAD,11,21.0
124647,2,2,99,5,1,50.0,0,N,MELB_URBAN,ROAD,11,15.0
124648,4,3,171,5,3,60.0,0,N,MELB_URBAN,ROAD,11,3.0
124649,1,6,110,1,1,50.0,0,I,MELB_URBAN,AVENUE,11,13.0
124650,1,6,147,5,1,80.0,0,N,MELB_URBAN,AVENUE,9,12.0
124651,4,3,171,1,1,100.0,0,I,RURAL_VICTORIA,ROAD,11,5.0
124652,2,2,102,5,1,60.0,0,N,RURAL_VICTORIA,ROAD,11,8.0
124653,3,6,167,5,1,80.0,0,N,RURAL_VICTORIA,ROAD,11,17.0
124654,4,6,99,5,1,50.0,0,N,MELBOURNE_CBD,STREET,11,11.0
124655,1,2,113,2,1,80.0,0,I,MELB_URBAN,ROAD,11,10.0
124656,1,6,110,1,9,60.0,0,I,MELB_URBAN,OTHER,9,14.0
124657,1,7,99,2,1,80.0,0,I,MELB_URBAN,HIGHWAY,11,11.0
124658,1,3,113,2,1,60.0,0,I,MELB_URBAN,ROAD,11,9.0
124659,4,3,99,2,1,40.0,0,I,MELB_URBAN,ROAD,11,11.0
124660,1,2,120,5,1,100.0,0,N,RURAL_VICTORIA,ROAD,11,8.0
124661,1,0,99,2,1,60.0,0,N,SMALL_CITIES,STREET,11,12.0
124662,1,2,130,5,1,60.0,0,N,MELB_URBAN,ROAD,11,12.0
124663,8,1,170,5,1,60.0,0,N,LARGE_PROVINCIAL_CITIES,ROAD,11,14.0
124664,1,3,116,2,1,60.0,0,I,LARGE_PROVINCIAL_CITIES,STREET,11,13.0
124665,1,3,110,1,1,40.0,0,I,MELB_URBAN,STREET,11,8.0
124666,1,3,121,1,1,60.0,0,I,MELB_URBAN,ROAD,11,13.0
124667,1,1,147,5,1,60.0,0,N,MELB_URBAN,AVENUE,11,8.0
124668,4,2,181,5,1,100.0,0,N,RURAL_VICTORIA,ROAD,11,8.0
124669,1,2,99,5,1,60.0,0,N,SMALL_TOWNS,ROAD,11,14.0
124670,1,3,113,2,1,80.0,0,I,MELB_URBAN,HIGHWAY,11,13.0
124671,6,1,99,5,1,80.0,0,N,RURAL_VICTORIA,ROAD,11,14.0
124672,1,2,99,2,1,40.0,0,I,MELB_URBAN,ROAD,11,16.0
124673,1,3,130,5,1,60.0,0,N,LARGE_PROVINCIAL_CITIES,STREET,11,16.0
124674,1,3,147,5,1,100.0,1,N,RURAL_VICTORIA,ROAD,11,11.0
124675,1,0,99,1,1,70.0,0,I,MELB_URBAN,ROAD,11,9.0
124676,1,2,110,1,1,50.0,0,I,MELB_URBAN,STREET,11,15.0
124677,1,3,116,9,1,60.0,0,I,SMALL_CITIES,AVENUE,11,16.0
124678,1,3,140,2,1,60.0,0,N,MELB_URBAN,ROAD,11,16.0
124679,1,2,130,1,1,60.0,0,N,SMALL_CITIES,STREET,11,12.0
124680,1,3,110,1,1,50.0,0,I,MELB_URBAN,ROAD,11,15.0
124681,1,2,110,1,1,60.0,0,I,SMALL_CITIES,STREET,11,18.0
124682,1,3,147,5,1,60.0,0,N,RURAL_VICTORIA,ROAD,11,17.0
124683,4,2,171,5,1,60.0,0,N,MELB_URBAN,ROAD,11,15.0
124684,1,3,99,5,1,30.0,0,N,SMALL_CITIES,STREET,11,18.0
124685,2,3,102,2,1,60.0,1,I,MELB_URBAN,ROAD,11,14.0
124686,2,5,100,5,9,60.0,0,N,MELBOURNE_CBD,STREET,11,17.0
124687,1,2,121,1,3,60.0,0,I,LARGE_PROVINCIAL_CITIES,STREET,11,22.0
124688,6,3,99,2,1,110.0,0,N,RURAL_VICTORIA,HIGHWAY,11,15.0
124689,1,2,113,1,1,60.0,0,I,MELB_URBAN,STREET,11,14.0
124690,1,5,130,5,2,80.0,0,N,RURAL_VICTORIA,HIGHWAY,11,18.0
124691,1,3,110,1,1,60.0,0,I,MELB_URBAN,ROAD,11,18.0
124692,4,3,171,5,1,100.0,0,N,RURAL_VICTORIA,ROAD,11,16.0
124693,1,3,99,4,1,80.0,0,I,RURAL_VICTORIA,RAMP,11,10.0
124694,6,3,174,5,3,60.0,0,N,MELB_URBAN,ROAD,11,20.0
124695,1,1,121,2,2,80.0,0,N,MELB_URBAN,HIGHWAY,11,5.0
124696,1,3,110,1,3,80.0,0,I,MELB_URBAN,HIGHWAY,11,20.0
124697,2,3,100,5,3,60.0,0,N,MELB_URBAN,ROAD,11,21.0
124698,1,3,130,5,5,80.0,0,N,MELB_URBAN,ROAD,11,23.0
124699,6,3,174,9,3,60.0,0,N,LARGE_PROVINCIAL_CITIES,ROAD,11,0.0
124700,1,6,113,4,1,60.0,0,I,TOWNS,ROAD,11,17.0
124701,1,7,140,5,1,40.0,0,N,MELB_URBAN,ROAD,11,12.0
124702,1,5,130,2,1,60.0,0,I,SMALL_CITIES,ROAD,11,18.0
124703,1,4,130,5,1,80.0,0,N,MELB_URBAN,ROAD,11,6.0
124704,1,2,121,1,1,60.0,0,I,MELB_URBAN,ROAD,11,13.0
124705,1,3,130,5,1,80.0,0,N,MELB_URBAN,ROAD,11,8.0
124706,1,3,130,5,1,60.0,0,N,MELB_URBAN,ROAD,10,8.0
124707,1,3,130,1,1,60.0,0,N,MELB_URBAN,STREET,11,8.0
124708,1,3,99,5,1,50.0,0,N,MELB_URBAN,OTHER,11,16.0
124709,4,3,171,1,1,50.0,0,I,MELB_URBAN,DRIVE,11,16.0
124710,1,2,130,5,1,40.0,0,N,RURAL_VICTORIA,HIGHWAY,11,9.0
124711,1,4,113,2,1,60.0,0,I,MELB_URBAN,ROAD,11,10.0
124712,6,6,184,5,1,100.0,0,N,RURAL_VICTORIA,ROAD,11,15.0
124713,6,7,184,5,1,100.0,0,N,RURAL_VICTORIA,ROAD,11,10.0
124714,1,4,130,5,1,60.0,0,N,MELB_URBAN,OTHER,11,9.0
124715,1,4,121,2,1,60.0,0,I,LARGE_PROVINCIAL_CITIES,STREET,11,9.0
124716,8,4,174,5,1,60.0,0,N,RURAL_VICTORIA,OTHER,11,11.0
124717,6,7,174,5,1,100.0,0,N,RURAL_VICTORIA,ROAD,11,10.0
124718,1,4,130,5,1,100.0,0,N,RURAL_VICTORIA,ROAD,11,10.0
124719,4,3,173,4,2,100.0,0,N,MELB_URBAN,RAMP,11,17.0
124720,1,1,130,2,1,80.0,0,I,MELB_URBAN,HIGHWAY,11,8.0
124721,1,1,130,1,1,60.0,0,N,MELB_URBAN,ROAD,11,19.0
124722,1,4,120,2,1,50.0,0,I,RURAL_VICTORIA,BOULEVARD,11,13.0
124723,2,3,100,1,1,80.0,0,N,MELB_URBAN,ROAD,11,18.0
124724,4,5,99,2,9,60.0,0,I,MELB_URBAN,STREET,11,12.0
124725,1,4,113,2,1,60.0,0,I,MELB_URBAN,ROAD,11,13.0
124726,1,7,130,1,1,60.0,0,I,MELB_URBAN,ROAD,11,13.0
124727,1,3,132,2,1,50.0,0,N,MELB_URBAN,AVENUE,11,9.0
124728,1,3,130,5,1,70.0,0,N,MELB_URBAN,ROAD,11,17.0
124729,8,7,174,2,1,60.0,0,I,RURAL_VICTORIA,ROAD,11,14.0
124730,1,1,140,5,2,50.0,0,N,MELB_URBAN,BOULEVARD,11,18.0
124731,1,4,113,2,1,80.0,0,I,SMALL_CITIES,ROAD,11,13.0
124732,1,3,130,2,1,80.0,0,N,MELB_URBAN,ROAD,11,14.0
124733,1,4,130,5,1,40.0,0,N,RURAL_VICTORIA,ROAD,11,14.0
124734,6,4,174,2,1,100.0,0,I,RURAL_VICTORIA,ROAD,11,11.0
124735,1,4,99,5,1,100.0,0,N,RURAL_VICTORIA,ROAD,11,15.0
124736,1,4,121,1,1,60.0,0,N,MELB_URBAN,ROAD,11,17.0
124737,1,4,121,2,1,80.0,0,I,MELB_URBAN,ROAD,11,8.0
124738,1,3,99,2,1,40.0,0,I,MELB_URBAN,STREET,11,15.0
124739,1,6,130,1,1,80.0,0,N,MELB_URBAN,ROAD,11,17.0
124740,6,3,170,5,1,80.0,0,N,RURAL_VICTORIA,ROAD,11,15.0
124741,1,4,113,4,1,60.0,0,I,MELB_URBAN,ROAD,11,18.0
124742,1,4,121,1,1,60.0,0,I,MELB_URBAN,ROAD,11,15.0
124743,4,4,181,5,2,100.0,0,N,RURAL_VICTORIA,ROAD,11,20.0
124744,1,4,121,1,1,60.0,0,I,MELB_URBAN,ROAD,11,15.0
124745,2,3,99,5,1,50.0,0,N,MELB_URBAN,ROAD,11,9.0
124746,2,4,100,2,1,50.0,0,N,MELB_URBAN,STREET,11,15.0
124747,4,4,99,2,1,50.0,0,I,MELB_URBAN,STREET,11,19.0
124748,1,4,113,2,9,70.0,0,N,MELB_URBAN,STREET,11,10.0
124749,1,2,99,5,3,60.0,0,N,MELB_URBAN,AVENUE,11,4.0
124750,1,4,130,5,3,100.0,0,N,MELB_URBAN,ROAD,11,21.0
124751,1,4,121,5,2,50.0,0,N,MELB_URBAN,STREET,11,20.0
124752,2,5,99,5,3,60.0,0,N,MELB_URBAN,DRIVE,11,5.0
124753,1,5,171,5,1,60.0,0,N,TOWNS,STREET,11,8.0
124754,1,4,130,5,1,100.0,0,N,MELB_URBAN,FREEWAY,11,8.0
124755,8,1,174,2,2,60.0,0,I,MELB_URBAN,AVENUE,3,6.0
124756,1,7,147,5,1,60.0,0,N,MELB_URBAN,ROAD,11,8.0
124757,1,3,133,5,1,60.0,0,N,MELB_URBAN,ROAD,11,14.0
124758,1,4,147,5,1,50.0,0,N,MELB_URBAN,STREET,11,11.0
124759,2,4,102,5,1,60.0,0,N,MELB_URBAN,ROAD,11,11.0
124760,1,4,147,5,1,50.0,0,N,MELB_URBAN,ROAD,11,8.0
124761,1,3,132,1,9,60.0,0,N,MELB_URBAN,ROAD,11,16.0
124762,1,4,140,5,1,60.0,0,N,MELB_URBAN,STREET,11,18.0
124763,3,4,167,5,5,100.0,0,N,RURAL_VICTORIA,AVENUE,11,21.0
124764,1,4,121,1,1,40.0,0,I,SMALL_CITIES,HIGHWAY,11,7.0
124765,4,4,99,5,1,80.0,0,I,RURAL_VICTORIA,ROAD,11,10.0
124766,1,1,130,5,1,40.0,0,N,MELB_URBAN,STREET,11,12.0
124767,1,5,120,2,1,60.0,0,I,MELB_URBAN,ROAD,11,12.0
124768,1,1,130,2,2,60.0,0,I,MELB_URBAN,ROAD,11,18.0
124769,1,4,134,5,1,80.0,0,N,MELB_URBAN,ROAD,11,17.0
124770,1,5,147,5,1,60.0,0,N,MELB_URBAN,ROAD,11,16.0
124771,1,2,110,1,1,60.0,0,I,SMALL_CITIES,STREET,9,17.0
124772,9,4,99,5,1,60.0,0,N,MELB_URBAN,PARADE,11,7.0
124773,1,5,130,5,1,80.0,0,N,RURAL_VICTORIA,HIGHWAY,11,17.0
124774,1,5,135,5,1,60.0,0,N,MELB_URBAN,ROAD,11,18.0
124775,1,5,99,2,1,70.0,0,I,LARGE_PROVINCIAL_CITIES,OTHER,11,18.0
124776,1,5,130,2,1,80.0,0,I,MELB_URBAN,HIGHWAY,11,18.0
124777,1,4,140,5,1,60.0,0,N,LARGE_PROVINCIAL_CITIES,STREET,11,18.0
124778,1,5,110,1,1,100.0,0,I,RURAL_VICTORIA,ROAD,11,14.0
124779,4,5,173,5,3,50.0,0,N,LARGE_PROVINCIAL_CITIES,DRIVE,11,2.0
124780,1,5,99,5,1,40.0,0,N,MELB_URBAN,STREET,11,18.0
124781,1,5,99,4,1,60.0,0,I,MELB_URBAN,RAMP,11,15.0
124782,1,6,130,4,5,80.0,0,I,RURAL_VICTORIA,RAMP,11,0.0
124783,2,5,100,5,5,50.0,0,N,TOWNS,STREET,11,22.0
124784,1,5,110,1,1,80.0,0,I,MELB_URBAN,ROAD,11,5.0
124785,4,5,171,5,3,70.0,0,N,MELB_URBAN,ROAD,11,4.0
124786,8,5,174,2,9,70.0,0,I,MELB_URBAN,ROAD,10,17.0
124787,1,6,110,1,1,70.0,0,N,MELB_URBAN,ROAD,11,8.0
124788,5,6,99,5,2,80.0,0,N,TOWNS,ROAD,11,6.0
124789,6,6,174,5,1,60.0,0,N,RURAL_VICTORIA,ROAD,11,18.0
124790,1,6,147,5,1,60.0,0,N,MELB_URBAN,STREET,11,10.0
124791,1,6,121,1,1,80.0,0,N,LARGE_PROVINCIAL_CITIES,HIGHWAY,11,8.0
124792,1,4,130,5,1,60.0,0,N,LARGE_PROVINCIAL_CITIES,ROAD,11,15.0
124793,1,6,113,2,1,60.0,0,I,MELB_URBAN,AVENUE,11,9.0
124794,1,4,132,2,9,60.0,0,N,MELB_URBAN,ROAD,11,12.0
124795,6,1,174,2,1,60.0,0,I,RURAL_VICTORIA,OTHER,11,10.0
124796,1,2,99,5,1,60.0,0,N,MELB_URBAN,DRIVE,11,14.0
124797,1,6,147,5,1,60.0,0,N,MELB_URBAN,STREET,11,12.0
124798,1,6,113,1,1,60.0,0,I,MELB_URBAN,STREET,11,8.0
124799,1,5,130,5,1,60.0,0,N,SMALL_CITIES,ROAD,11,12.0
124800,1,6,113,2,1,60.0,0,I,MELB_URBAN,ROAD,11,13.0
124801,1,6,99,4,1,60.0,0,I,MELB_URBAN,RAMP,11,9.0
124802,1,6,121,2,2,80.0,0,I,RURAL_VICTORIA,ROAD,11,7.0
124803,6,6,174,5,1,80.0,0,N,MELB_URBAN,ROAD,11,6.0
124804,1,5,111,2,1,60.0,0,I,MELB_URBAN,ROAD,11,12.0
124805,1,2,130,5,9,60.0,0,N,MELB_URBAN,RAMP,11,7.0
124806,1,3,140,1,1,80.0,0,N,MELB_URBAN,HIGHWAY,11,17.0
124807,1,5,110,1,1,60.0,0,I,MELB_URBAN,STREET,11,14.0
124808,1,4,121,1,3,60.0,0,I,MELB_URBAN,ROAD,10,21.0
124809,4,6,99,5,1,50.0,0,N,MELB_URBAN,STREET,11,13.0
124810,5,6,99,5,1,100.0,0,N,RURAL_VICTORIA,ROAD,11,7.0
124811,1,7,130,5,3,60.0,0,N,MELB_URBAN,STREET,11,20.0
124812,1,6,130,1,1,60.0,0,I,TOWNS,STREET,11,12.0
124813,1,5,120,5,1,50.0,0,N,MELB_URBAN,STREET,11,13.0
124814,2,6,102,5,1,40.0,0,N,MELB_URBAN,STREET,11,11.0
124815,1,6,120,5,1,50.0,0,N,MELB_URBAN,DRIVE,11,15.0
124816,1,2,99,5,1,50.0,0,I,LARGE_PROVINCIAL_CITIES,STREET,11,12.0
124817,1,6,121,1,1,60.0,0,I,MELB_URBAN,ROAD,11,18.0
124818,1,6,130,5,1,80.0,0,N,MELB_URBAN,ROAD,11,13.0
124819,1,5,99,2,9,60.0,0,N,MELB_URBAN,STREET,7,10.0
124820,1,5,111,1,1,80.0,0,I,SMALL_CITIES,OTHER,11,16.0
124821,1,6,130,5,1,50.0,0,N,MELB_URBAN,STREET,11,15.0
124822,2,5,100,5,1,50.0,0,N,TOWNS,STREET,11,15.0
124823,1,5,120,5,1,80.0,0,N,RURAL_VICTORIA,ROAD,11,15.0
124824,1,6,121,1,1,60.0,0,I,LARGE_PROVINCIAL_CITIES,STREET,11,14.0
124825,1,4,99,5,2,60.0,0,N,MELB_URBAN,ROAD,10,18.0