,accident_type,day_of_week,dca_code,road_geometry,light_condition,speed_zone,severity,node_type,deg_urban_name,road_type,month,hour
124826,1,6,140,5,1,60.0,0,N,MELB_URBAN,ROAD,11,16.0
124827,1,5,110,1,1,60.0,0,I,MELB_URBAN,STREET,11,14.0
124828,1,3,121,1,1,70.0,0,N,MELB_URBAN,STREET,11,17.0
124829,1,5,110,1,1,60.0,0,I,LARGE_PROVINCIAL_CITIES,STREET,11,18.0
124830,1,6,121,1,1,60.0,0,I,MELB_URBAN,STREET,11,18.0
124831,1,0,99,2,1,60.0,0,O,RURAL_VICTORIA,UNKNOWN,11,12.0
124832,1,6,130,5,2,60.0,0,N,MELB_URBAN,ROAD,11,20.0
124833,1,6,121,1,3,50.0,0,I,MELB_URBAN,ROAD,11,20.0
124834,1,6,99,5,1,60.0,0,N,MELB_URBAN,ROAD,11,17.0
124835,1,6,110,1,5,80.0,0,I,SMALL_CITIES,HIGHWAY,11,20.0
124836,1,6,147,5,1,50.0,0,N,MELB_URBAN,STREET,11,16.0
124837,8,6,174,5,1,60.0,0,N,MELB_URBAN,UNKNOWN,11,16.0
124838,1,6,130,5,1,80.0,0,N,MELB_URBAN,FREEWAY,11,15.0
124839,4,6,171,5,5,80.0,0,N,RURAL_VICTORIA,ROAD,11,21.0
124840,1,5,113,2,3,60.0,0,I,MELB_URBAN,ROAD,11,21.0
124841,2,5,100,2,5,50.0,0,I,MELB_URBAN,DRIVE,11,21.0
124842,4,5,99,2,3,50.0,0,I,MELB_URBAN,ROAD,11,4.0
124843,1,7,134,5,9,60.0,0,N,MELB_URBAN,ROAD,11,14.0
124844,6,6,99,5,1,100.0,0,N,RURAL_VICTORIA,ROAD,11,14.0
124845,4,6,173,5,3,60.0,0,N,MELB_URBAN,ROAD,11,0.0
124846,6,7,99,2,3,60.0,0,I,MELB_URBAN,STREET,11,2.0
124847,1,7,160,5,3,60.0,0,N,MELB_URBAN,ROAD,11,0.0
124848,4,7,181,5,5,100.0,0,N,RURAL_VICTORIA,ROAD,11,3.0
124849,1,7,110,1,3,40.0,0,I,MELB_URBAN,PARADE,11,4.0
124850,2,7,102,5,3,80.0,0,N,MELB_URBAN,ROAD,11,4.0
124851,2,2,99,1,1,60.0,0,N,LARGE_PROVINCIAL_CITIES,STREET,11,8.0
124852,1,5,147,2,1,60.0,0,I,MELB_URBAN,ROAD,11,16.0
124853,1,7,110,1,1,80.0,0,I,RURAL_VICTORIA,ROAD,11,10.0
124854,1,6,110,1,2,50.0,0,I,MELB_URBAN,STREET,11,6.0
124855,8,2,170,5,1,50.0,0,N,MELB_URBAN,AVENUE,11,10.0
124856,1,1,99,5,1,100.0,0,N,MELB_URBAN,FREEWAY,11,19.0
124857,1,2,99,5,2,80.0,0,N,MELB_URBAN,HIGHWAY,10,6.0
124858,1,6,130,5,1,60.0,0,N,MELB_URBAN,ROAD,11,12.0
124859,5,7,99,5,1,100.0,0,N,RURAL_VICTORIA,ROAD,11,10.0
124860,1,7,110,1,1,50.0,0,I,SMALL_CITIES,AVENUE,11,13.0
124861,1,4,110,1,1,60.0,0,I,LARGE_PROVINCIAL_CITIES,AVENUE,11,14.0
124862,8,7,184,5,1,100.0,0,N,RURAL_VICTORIA,ROAD,11,11.0
124863,4,7,171,5,1,100.0,0,N,RURAL_VICTORIA,ROAD,11,14.0
124864,4,7,181,5,1,60.0,0,N,RURAL_VICTORIA,ROAD,11,12.0
124865,4,4,173,5,1,50.0,0,N,MELB_URBAN,ROAD,11,14.0
124866,6,7,170,5,1,100.0,0,N,RURAL_VICTORIA,ROAD,11,14.0
124867,2,7,99,5,1,40.0,0,N,MELB_URBAN,STREET,11,13.0
124868,1,2,130,5,1,60.0,0,N,MELB_URBAN,ROAD,11,16.0
124869,6,7,99,5,1,100.0,0,N,RURAL_VICTORIA,ROAD,11,11.0
124870,1,7,110,1,1,50.0,0,I,LARGE_PROVINCIAL_CITIES,STREET,11,15.0
124871,1,5,121,1,3,60.0,0,I,MELB_URBAN,ROAD,11,22.0
124872,4,7,183,2,1,100.0,1,I,RURAL_VICTORIA,ROAD,11,12.0
124873,4,7,173,1,1,50.0,0,I,TOWNS,STREET,11,16.0
124874,1,7,99,5,1,50.0,0,N,MELB_URBAN,PARADE,11,17.0
124875,1,7,99,5,1,60.0,0,N,RURAL_VICTORIA,ROAD,11,16.0
124876,4,7,183,5,1,100.0,0,N,RURAL_VICTORIA,ROAD,11,16.0
124877,4,7,173,5,1,60.0,0,N,MELB_URBAN,ROAD,11,17.0
124878,4,6,173,5,1,100.0,0,N,RURAL_VICTORIA,ROAD,11,20.0
124879,1,7,113,2,2,70.0,0,I,MELB_URBAN,ROAD,11,18.0
124880,6,7,174,5,2,60.0,0,N,MELB_URBAN,OTHER,11,19.0
124881,4,6,171,2,1,50.0,0,I,MELB_URBAN,BOULEVARD,11,16.0
124882,1,3,163,5,9,50.0,0,N,MELB_URBAN,AVENUE,11,18.0
124883,6,7,170,5,2,100.0,0,N,RURAL_VICTORIA,ROAD,11,20.0
124884,1,7,163,5,1,40.0,0,N,MELBOURNE_CBD,STREET,11,15.0
124885,1,7,116,2,1,100.0,0,I,RURAL_VICTORIA,HIGHWAY,11,15.0
124886,1,7,110,1,1,50.0,0,I,MELB_URBAN,ROAD,11,17.0
124887,1,0,130,2,3,40.0,0,N,MELB_URBAN,OTHER,11,1.0
124888,1,7,116,4,3,80.0,0,I,MELB_URBAN,HIGHWAY,11,23.0
124889,1,1,116,2,1,50.0,0,I,LARGE_PROVINCIAL_CITIES,STREET,11,12.0
124890,1,7,133,1,3,50.0,0,I,MELB_URBAN,OTHER,11,23.0
124891,4,7,171,5,5,80.0,0,N,RURAL_VICTORIA,ROAD,11,22.0
124892,4,1,173,5,5,80.0,0,N,RURAL_VICTORIA,HIGHWAY,11,1.0
124893,1,3,130,1,1,40.0,0,I,MELB_URBAN,STREET,11,15.0
124894,4,1,173,2,3,80.0,0,I,MELB_URBAN,HIGHWAY,11,4.0
124895,8,6,174,2,2,50.0,0,N,RURAL_VICTORIA,ROAD,11,19.0
124896,4,1,173,5,1,100.0,0,N,RURAL_VICTORIA,ROAD,11,9.0
124897,4,1,181,5,1,80.0,0,N,RURAL_VICTORIA,ROAD,11,10.0
124898,1,5,130,5,1,80.0,0,N,MELB_URBAN,ROAD,11,15.0
124899,4,1,173,5,1,50.0,0,N,TOWNS,STREET,11,12.0
124900,1,1,113,1,1,80.0,0,I,MELB_URBAN,ROAD,11,12.0
124901,6,1,174,1,1,100.0,0,I,RURAL_VICTORIA,OTHER,11,12.0
124902,4,1,183,5,1,100.0,0,N,RURAL_VICTORIA,ROAD,11,10.0
124903,4,1,99,5,1,60.0,0,N,SMALL_CITIES,ROAD,11,13.0
124904,1,1,116,2,1,80.0,0,I,TOWNS,HIGHWAY,11,13.0
124905,1,1,130,5,1,40.0,0,N,MELB_URBAN,ROAD,11,14.0
124906,6,0,184,5,1,100.0,0,N,RURAL_VICTORIA,ROAD,11,13.0
124907,1,0,132,5,1,80.0,0,N,RURAL_VICTORIA,HIGHWAY,11,14.0
124908,4,7,99,5,1,80.0,0,N,RURAL_VICTORIA,ROAD,5,16.0
124909,6,1,170,5,5,100.0,0,N,RURAL_VICTORIA,ROAD,11,1.0
124910,1,1,120,5,1,60.0,0,N,SMALL_CITIES,STREET,11,16.0
124911,1,1,130,5,9,80.0,0,N,MELB_URBAN,ROAD,11,13.0
124912,8,0,99,5,1,80.0,0,N,RURAL_VICTORIA,ROAD,11,16.0
124913,1,1,121,1,1,60.0,0,N,MELB_URBAN,UNKNOWN,11,16.0
124914,1,1,113,1,1,60.0,0,I,RURAL_VICTORIA,OTHER,11,19.0
124915,1,5,99,2,1,60.0,0,I,SMALL_CITIES,STREET,11,13.0
124916,1,1,135,1,2,100.0,0,I,RURAL_VICTORIA,ROAD,11,18.0
124917,1,0,130,5,2,80.0,0,N,MELB_URBAN,UNKNOWN,11,20.0
124918,1,1,120,5,1,50.0,0,N,MELB_URBAN,ROAD,11,11.0
124919,1,0,132,2,3,60.0,0,I,MELB_URBAN,ROAD,11,21.0
124920,1,1,160,5,3,60.0,0,N,MELB_URBAN,ROAD,11,22.0
124921,1,4,113,2,2,60.0,0,I,MELB_URBAN,ROAD,11,6.0
124922,1,2,99,1,3,60.0,0,I,MELB_URBAN,ROAD,11,4.0
124923,3,1,167,5,5,60.0,0,N,SMALL_CITIES,AVENUE,11,23.0
124924,1,4,163,1,1,60.0,0,N,LARGE_PROVINCIAL_CITIES,STREET,11,9.0
124925,1,2,120,5,2,80.0,0,N,RURAL_VICTORIA,DRIVE,11,5.0
124926,1,6,130,5,1,80.0,0,N,MELB_URBAN,ROAD,11,9.0
124927,4,2,183,5,1,60.0,0,N,SMALL_CITIES,ROAD,11,8.0
124928,1,4,130,5,1,70.0,0,N,MELB_URBAN,ROAD,11,15.0
124929,1,3,135,1,1,40.0,0,N,MELB_URBAN,STREET,10,7.0
124930,4,7,183,5,1,100.0,0,N,RURAL_VICTORIA,OTHER,11,12.0
124931,1,2,130,5,1,100.0,0,N,RURAL_VICTORIA,FREEWAY,11,8.0
124932,1,2,134,5,1,60.0,0,N,MELB_URBAN,STREET,11,8.0
124933,6,2,174,2,1,50.0,0,I,RURAL_VICTORIA,ROAD,11,12.0
124934,4,1,181,5,5,50.0,0,N,MELB_URBAN,ROAD,11,21.0
124935,1,1,130,5,9,100.0,0,N,MELB_URBAN,UNKNOWN,11,11.0
124936,2,5,99,5,1,50.0,0,N,MELB_URBAN,STREET,11,9.0
124937,1,2,121,5,1,60.0,0,I,RURAL_VICTORIA,OTHER,11,7.0
124938,1,1,111,2,1,60.0,0,I,MELB_URBAN,BOULEVARD,11,18.0
124939,1,3,160,5,1,50.0,0,N,MELB_URBAN,OTHER,11,10.0
124940,1,6,130,5,1,70.0,0,N,MELB_URBAN,ROAD,11,16.0
124941,2,2,102,2,1,50.0,0,I,MELB_URBAN,STREET,11,12.0
124942,4,2,99,5,1,50.0,0,N,SMALL_CITIES,STREET,11,16.0
124943,1,5,99,1,1,40.0,0,I,LARGE_PROVINCIAL_CITIES,STREET,11,13.0
124944,2,5,99,5,1,50.0,0,N,MELB_URBAN,OTHER,11,20.0
124945,5,2,99,5,1,50.0,0,N,LARGE_PROVINCIAL_CITIES,STREET,11,14.0
124946,1,2,132,1,1,60.0,0,I,MELB_URBAN,STREET,11,15.0
124947,1,6,111,1,2,80.0,0,I,RURAL_VICTORIA,HIGHWAY,10,18.0
124948,1,2,99,5,1,50.0,0,N,MELB_URBAN,AVENUE,11,15.0
124949,1,2,113,1,1,80.0,0,I,MELB_URBAN,HIGHWAY,11,17.0
124950,5,2,99,5,9,40.0,0,N,MELB_URBAN,HIGHWAY,11,14.0
124951,2,7,99,5,6,50.0,0,N,LARGE_PROVINCIAL_CITIES,ROAD,11,2.0
124952,1,2,110,1,1,100.0,0,I,RURAL_VICTORIA,FREEWAY,11,16.0
124953,1,1,133,1,1,40.0,0,I,MELBOURNE_CBD,STREET,11,18.0
124954,1,2,110,1,1,50.0,0,I,SMALL_CITIES,STREET,11,18.0
124955,1,2,121,2,3,60.0,0,I,MELB_URBAN,STREET,11,21.0
124956,1,2,130,5,1,60.0,0,N,MELB_URBAN,PARADE,11,17.0
124957,1,2,120,5,3,80.0,0,N,RURAL_VICTORIA,HIGHWAY,11,21.0
124958,1,2,120,5,5,70.0,0,N,RURAL_VICTORIA,ROAD,11,20.0
124959,1,2,110,1,3,80.0,0,I,MELB_URBAN,ROAD,12,4.0
124960,1,1,121,5,1,80.0,0,N,MELB_URBAN,ROAD,11,15.0
124961,2,4,99,5,1,40.0,0,N,MELB_URBAN,PARADE,11,15.0
124962,1,1,130,2,1,60.0,0,N,MELB_URBAN,ROAD,11,15.0
124963,1,2,130,5,1,80.0,0,N,MELB_URBAN,RAMP,12,8.0
124964,1,1,121,1,1,60.0,0,I,LARGE_PROVINCIAL_CITIES,STREET,10,11.0
124965,1,3,121,2,1,70.0,0,I,MELB_URBAN,ROAD,12,9.0
124966,1,3,113,2,1,50.0,0,I,MELB_URBAN,ROAD,12,14.0
124967,1,3,147,1,1,80.0,0,N,MELB_URBAN,HIGHWAY,12,13.0
124968,4,3,173,5,1,100.0,0,N,RURAL_VICTORIA,ROAD,12,13.0
124969,6,3,174,1,1,50.0,0,I,SMALL_CITIES,OTHER,12,14.0
124970,1,2,130,5,1,100.0,0,N,MELB_URBAN,RAMP,12,13.0
124971,1,2,160,5,1,60.0,0,N,MELB_URBAN,STREET,11,17.0
124972,1,3,116,2,1,80.0,0,I,RURAL_VICTORIA,ROAD,12,14.0
124973,4,3,171,5,1,100.0,0,N,RURAL_VICTORIA,ROAD,12,8.0
124974,1,2,113,2,1,60.0,0,I,MELB_URBAN,ROAD,11,16.0
124975,1,6,99,5,9,50.0,0,N,SMALL_CITIES,STREET,11,13.0
124976,1,3,111,1,1,80.0,0,I,RURAL_VICTORIA,RAMP,12,16.0
124977,4,3,183,5,1,100.0,0,N,RURAL_VICTORIA,HIGHWAY,12,14.0
124978,4,2,171,5,1,70.0,0,N,MELB_URBAN,ROAD,12,17.0
124979,1,3,147,5,1,60.0,0,N,LARGE_PROVINCIAL_CITIES,UNKNOWN,12,8.0
124980,4,3,171,5,1,110.0,0,N,RURAL_VICTORIA,FREEWAY,12,16.0
124981,1,3,111,2,1,80.0,0,N,MELB_URBAN,ROAD,12,18.0
124982,1,3,120,5,1,100.0,0,N,RURAL_VICTORIA,ROAD,12,17.0
124983,1,2,130,9,1,80.0,0,N,MELB_URBAN,ROAD,12,15.0
124984,1,3,116,2,1,80.0,0,I,MELB_URBAN,DRIVE,12,19.0
124985,1,3,113,1,1,80.0,0,I,MELB_URBAN,HIGHWAY,12,19.0
124986,1,3,130,2,1,60.0,0,I,MELB_URBAN,ROAD,12,12.0
124987,1,3,99,5,3,40.0,0,N,MELB_URBAN,STREET,12,21.0
124988,1,3,130,2,5,50.0,0,I,MELB_URBAN,STREET,12,21.0
124989,1,3,140,5,3,60.0,0,N,MELB_URBAN,ROAD,12,22.0
124990,1,3,147,5,1,80.0,0,N,MELB_URBAN,ROAD,12,14.0
124991,2,3,102,2,3,80.0,0,I,RURAL_VICTORIA,HIGHWAY,12,23.0
124992,1,2,110,1,4,80.0,0,I,RURAL_VICTORIA,ROAD,12,21.0
124993,4,2,171,2,3,50.0,0,N,MELB_URBAN,ROAD,12,23.0
124994,1,0,113,2,1,60.0,0,I,MELB_URBAN,ROAD,11,5.0
124995,4,3,171,5,3,60.0,0,N,MELB_URBAN,ROAD,12,0.0
124996,4,4,99,5,2,80.0,0,N,MELB_URBAN,RAMP,12,5.0
124997,1,4,121,1,1,40.0,0,I,MELB_URBAN,STREET,12,7.0
124998,1,4,121,1,1,60.0,0,N,MELB_URBAN,STREET,12,7.0
124999,4,5,173,5,2,60.0,0,N,RURAL_VICTORIA,ROAD,5,5.0
125000,1,2,116,2,1,100.0,0,I,RURAL_VICTORIA,ROAD,12,11.0
125001,3,3,167,5,5,110.0,0,N,RURAL_VICTORIA,FREEWAY,11,20.0
125002,1,2,130,1,1,60.0,0,I,MELB_URBAN,STREET,12,12.0
125003,4,3,173,5,2,100.0,0,N,RURAL_VICTORIA,HIGHWAY,12,5.0
125004,1,2,120,5,1,100.0,0,N,RURAL_VICTORIA,ROAD,12,13.0
125005,1,4,99,5,1,40.0,0,N,MELB_URBAN,ROAD,12,8.0
125006,1,1,113,1,1,50.0,0,I,MELB_URBAN,STREET,11,13.0
125007,4,4,173,5,1,80.0,0,N,MELB_URBAN,FREEWAY,12,7.0
125008,1,4,113,3,1,60.0,0,I,TOWNS,ROAD,12,10.0
125009,1,4,121,2,1,80.0,0,I,SMALL_CITIES,STREET,12,9.0
125010,6,4,99,5,1,80.0,0,N,MELB_URBAN,DRIVE,12,12.0
125011,1,4,99,5,1,70.0,0,N,MELB_URBAN,ROAD,12,8.0
125012,6,4,174,2,1,60.0,0,I,MELB_URBAN,STREET,11,12.0
125013,2,5,100,2,1,50.0,0,I,MELB_URBAN,ROAD,11,12.0
125014,4,4,171,5,1,60.0,0,N,MELB_URBAN,DRIVE,12,13.0
125015,1,6,130,1,1,60.0,0,N,LARGE_PROVINCIAL_CITIES,DRIVE,1,13.0
125016,1,4,113,1,1,80.0,0,I,RURAL_VICTORIA,HIGHWAY,12,12.0
125017,1,4,120,5,1,60.0,0,N,SMALL_CITIES,AVENUE,12,14.0
125018,1,4,110,1,1,100.0,0,I,RURAL_VICTORIA,HIGHWAY,12,15.0
125019,6,5,99,5,1,40.0,0,N,MELB_URBAN,STREET,3,10.0
125020,6,3,170,5,1,100.0,0,N,RURAL_VICTORIA,HIGHWAY,12,14.0
125021,1,6,99,5,1,50.0,0,N,MELB_URBAN,DRIVE,11,17.0
125022,1,3,130,2,1,50.0,0,I,MELB_URBAN,STREET,12,17.0
125023,1,4,130,5,1,70.0,0,N,MELB_URBAN,ROAD,12,14.0
125024,1,5,130,1,9,60.0,0,I,MELB_URBAN,DRIVE,11,15.0
125025,1,4,130,2,1,60.0,0,I,MELB_URBAN,ROAD,12,16.0
125026,1,4,171,5,1,100.0,0,N,MELB_URBAN,RAMP,12,17.0
125027,8,7,174,5,1,90.0,0,N,RURAL_VICTORIA,ROAD,10,14.0
125028,4,4,183,5,1,80.0,0,N,RURAL_VICTORIA,HIGHWAY,12,18.0
125029,1,3,110,1,1,60.0,0,I,LARGE_PROVINCIAL_CITIES,ROAD,11,7.0
125030,2,4,99,5,1,50.0,0,N,MELB_URBAN,OTHER,12,16.0
125031,1,3,147,5,1,60.0,0,N,MELB_URBAN,PARADE,12,17.0
125032,4,4,171,5,1,60.0,0,N,MELB_URBAN,ROAD,12,19.0
125033,8,3,99,5,2,60.0,0,N,RURAL_VICTORIA,ROAD,11,7.0
125034,1,3,130,5,1,60.0,0,N,MELB_URBAN,ROAD,12,17.0
125035,1,3,140,5,1,50.0,0,N,RURAL_VICTORIA,BOULEVARD,12,16.0
125036,2,5,100,1,2,50.0,0,I,SMALL_CITIES,ROAD,9,18.0
125037,1,4,140,5,1,60.0,0,N,LARGE_PROVINCIAL_CITIES,STREET,12,14.0
125038,1,4,110,1,1,60.0,0,I,RURAL_VICTORIA,ROAD,12,18.0
125039,1,4,113,2,3,70.0,0,I,SMALL_CITIES,ROAD,12,21.0
125040,1,3,140,5,3,60.0,0,N,MELB_URBAN,ROAD,12,21.0
125041,1,3,163,5,1,40.0,0,N,MELB_URBAN,STREET,12,13.0
125042,1,5,135,5,1,70.0,0,N,MELB_URBAN,ROAD,12,6.0
125043,4,5,171,5,1,70.0,0,N,MELB_URBAN,ROAD,12,7.0
125044,1,2,99,5,1,100.0,0,N,RURAL_VICTORIA,HIGHWAY,11,16.0
125045,1,5,120,2,1,50.0,0,N,MELB_URBAN,STREET,12,7.0
125046,1,4,121,1,1,60.0,0,N,MELB_URBAN,HIGHWAY,12,10.0
125047,4,4,171,5,1,70.0,0,N,RURAL_VICTORIA,ROAD,10,17.0
125048,1,3,121,2,2,60.0,0,I,MELB_URBAN,STREET,11,5.0
125049,1,6,121,2,1,60.0,0,I,SMALL_CITIES,HIGHWAY,11,12.0
125050,1,5,99,5,1,50.0,0,N,MELB_URBAN,AVENUE,12,11.0
125051,2,4,102,2,1,50.0,0,I,MELB_URBAN,STREET,12,12.0
125052,3,5,167,5,2,100.0,0,N,RURAL_VICTORIA,ROAD,12,4.0
125053,1,6,130,5,1,80.0,0,N,MELB_URBAN,ROAD,11,13.0
125054,1,5,99,5,1,70.0,0,N,MELB_URBAN,HIGHWAY,12,9.0
125055,2,4,99,5,1,60.0,0,N,MELB_URBAN,OTHER,12,9.0
125056,1,4,135,5,1,60.0,0,N,MELB_URBAN,ROAD,11,8.0
125057,4,5,181,5,1,60.0,0,N,RURAL_VICTORIA,ROAD,12,11.0
125058,1,5,134,2,1,80.0,0,I,TOWNS,ROAD,12,12.0
125059,1,5,130,5,1,80.0,0,N,MELB_URBAN,RAMP,12,14.0
125060,1,4,130,5,1,80.0,0,N,MELB_URBAN,FREEWAY,12,10.0
125061,1,6,130,5,1,60.0,0,N,MELB_URBAN,ROAD,11,12.0
125062,1,5,130,4,1,80.0,0,N,LARGE_PROVINCIAL_CITIES,HIGHWAY,11,11.0
125063,5,7,99,5,1,60.0,0,N,RURAL_VICTORIA,ROAD,11,15.0
125064,1,5,130,5,1,80.0,0,N,MELB_URBAN,HIGHWAY,12,13.0
125065,1,3,130,1,3,80.0,0,N,MELB_URBAN,ROAD,11,23.0
125066,1,5,110,1,1,100.0,0,I,RURAL_VICTORIA,ROAD,12,12.0
125067,1,5,110,1,1,60.0,0,I,MELB_URBAN,ROAD,12,15.0
125068,1,4,130,2,1,60.0,0,I,MELB_URBAN,OTHER,12,11.0
125069,1,6,99,1,1,70.0,0,I,MELB_URBAN,ROAD,11,18.0
125070,1,5,130,5,1,100.0,0,N,MELB_URBAN,FREEWAY,12,16.0
125071,6,3,174,5,1,50.0,0,N,MELB_URBAN,STREET,11,10.0
125072,1,4,130,5,1,80.0,0,N,MELB_URBAN,RAMP,12,16.0
125073,1,7,110,1,1,80.0,0,I,MELB_URBAN,ROAD,11,11.0
125074,3,4,167,5,5,60.0,0,N,RURAL_VICTORIA,ROAD,11,22.0
125075,1,4,130,5,1,60.0,0,I,MELB_URBAN,STREET,12,17.0
125076,1,4,121,1,1,60.0,0,I,MELB_URBAN,STREET,12,17.0
125077,1,5,99,5,1,60.0,0,N,MELB_URBAN,ROAD,12,14.0
125078,2,5,99,5,1,50.0,0,N,SMALL_CITIES,STREET,12,16.0
125079,1,4,140,5,1,60.0,0,N,MELB_URBAN,ROAD,12,9.0
125080,4,5,173,2,3,60.0,0,I,MELB_URBAN,ROAD,12,20.0
125081,1,5,121,1,1,50.0,0,I,MELB_URBAN,ROAD,12,15.0
125082,1,2,130,4,1,80.0,0,N,MELB_URBAN,RAMP,11,17.0
125083,1,4,121,1,1,60.0,0,I,MELB_URBAN,ROAD,12,17.0
125084,1,4,121,1,3,80.0,0,I,MELB_URBAN,ROAD,12,22.0
125085,4,5,173,5,3,80.0,0,N,MELB_URBAN,HIGHWAY,12,22.0
125086,1,5,121,1,3,60.0,0,I,MELB_URBAN,ROAD,12,21.0
125087,1,4,110,1,3,80.0,0,I,MELB_URBAN,ROAD,12,23.0
125088,1,6,160,5,3,70.0,0,N,MELB_URBAN,HIGHWAY,12,1.0
125089,1,6,99,5,3,70.0,0,N,LARGE_PROVINCIAL_CITIES,ROAD,12,2.0
125090,1,5,130,2,3,70.0,0,N,MELB_URBAN,ROAD,12,21.0
125091,4,6,183,5,5,100.0,0,N,RURAL_VICTORIA,ROAD,12,4.0
125092,6,6,99,2,3,50.0,0,I,MELB_URBAN,AVENUE,12,2.0
125093,1,5,110,1,1,60.0,0,I,MELB_URBAN,ROAD,12,6.0
125094,1,1,147,5,1,80.0,0,N,RURAL_VICTORIA,ROAD,11,15.0
125095,6,3,174,5,1,50.0,0,N,RURAL_VICTORIA,ROAD,12,13.0
125096,2,6,100,5,1,60.0,0,N,MELB_URBAN,ROAD,12,9.0
125097,8,3,174,5,1,60.0,0,N,MELB_URBAN,ROAD,12,12.0
125098,1,5,130,5,1,100.0,0,N,MELB_URBAN,FREEWAY,12,15.0
125099,3,5,167,5,1,60.0,0,N,RURAL_VICTORIA,ROAD,11,11.0
125100,1,6,110,1,1,100.0,0,I,RURAL_VICTORIA,ROAD,12,7.0
125101,2,5,99,5,1,40.0,0,N,MELB_URBAN,STREET,11,15.0
125102,1,5,130,5,1,100.0,0,N,MELB_URBAN,FREEWAY,11,17.0
125103,2,6,102,5,1,40.0,0,N,TOWNS,STREET,12,12.0
125104,1,6,121,1,3,40.0,0,I,MELB_URBAN,STREET,11,21.0
125105,1,5,110,1,1,50.0,0,I,RURAL_VICTORIA,DRIVE,12,11.0
125106,8,4,174,2,1,60.0,0,I,MELB_URBAN,ROAD,12,14.0
125107,4,6,171,5,1,60.0,0,N,MELB_URBAN,ROAD,12,10.0
125108,4,5,183,5,1,60.0,0,N,RURAL_VICTORIA,ROAD,12,8.0
125109,3,5,167,5,1,80.0,0,N,RURAL_VICTORIA,HIGHWAY,12,15.0
125110,1,6,147,5,1,50.0,0,N,MELB_URBAN,ROAD,12,13.0
125111,1,3,99,2,1,50.0,0,I,MELB_URBAN,DRIVE,11,9.0
125112,1,1,160,5,1,50.0,0,N,MELB_URBAN,OTHER,11,17.0
125113,1,7,99,5,3,50.0,0,N,MELB_URBAN,STREET,11,20.0
125114,1,6,135,5,1,80.0,0,N,MELB_URBAN,UNKNOWN,12,15.0
125115,6,6,99,5,1,100.0,0,I,RURAL_VICTORIA,ROAD,12,12.0
125116,1,2,113,2,1,60.0,0,I,MELB_URBAN,ROAD,12,16.0
125117,1,4,121,1,1,40.0,0,I,MELBOURNE_CBD,STREET,12,18.0
125118,1,4,99,4,1,60.0,0,I,MELB_URBAN,AVENUE,12,16.0
125119,1,6,130,2,1,40.0,0,I,MELB_URBAN,ROAD,12,17.0
125120,1,6,130,5,1,80.0,0,N,MELB_URBAN,ROAD,12,13.0
125121,1,5,130,5,1,100.0,0,N,MELB_URBAN,FREEWAY,7,15.0
125122,1,6,99,1,1,60.0,0,N,MELB_URBAN,ROAD,12,15.0
125123,1,3,99,5,1,40.0,0,N,RURAL_VICTORIA,DRIVE,12,8.0
125124,6,6,184,5,1,100.0,0,N,RURAL_VICTORIA,ROAD,11,15.0
125125,1,2,121,2,1,60.0,0,I,MELB_URBAN,STREET,11,15.0
125126,8,6,174,1,1,40.0,0,I,MELB_URBAN,ROAD,12,17.0
125127,1,6,147,5,1,60.0,0,N,MELB_URBAN,STREET,12,18.0
125128,1,6,120,5,1,60.0,0,N,MELB_URBAN,ROAD,12,19.0
125129,4,6,181,5,1,80.0,1,N,RURAL_VICTORIA,ROAD,12,17.0
125130,2,5,100,1,1,60.0,0,N,SMALL_CITIES,STREET,12,17.0
125131,1,6,135,5,1,80.0,0,I,MELB_URBAN,ROAD,12,19.0
125132,1,6,99,1,3,60.0,0,N,MELB_URBAN,STREET,12,21.0
125133,8,6,99,5,3,60.0,0,N,MELB_URBAN,DRIVE,12,22.0
125134,1,6,110,1,3,60.0,0,I,RURAL_VICTORIA,BOULEVARD,12,0.0
125135,1,6,130,1,3,60.0,0,I,MELB_URBAN,STREET,12,1.0
125136,4,6,171,5,3,60.0,0,N,MELB_URBAN,HIGHWAY,12,4.0
125137,1,6,113,1,1,80.0,0,I,MELB_URBAN,ROAD,12,5.0
125138,4,7,171,5,1,100.0,0,N,RURAL_VICTORIA,HIGHWAY,12,6.0
125139,4,5,183,2,1,100.0,0,I,RURAL_VICTORIA,HIGHWAY,12,12.0
125140,1,7,120,2,1,70.0,0,I,MELB_URBAN,ROAD,12,7.0
125141,5,7,99,5,1,80.0,0,N,RURAL_VICTORIA,ROAD,12,9.0
125142,1,7,113,2,1,60.0,0,I,LARGE_PROVINCIAL_CITIES,STREET,12,7.0
125143,1,6,147,5,1,50.0,0,N,TOWNS,STREET,12,10.0
125144,1,6,160,5,1,50.0,0,N,MELB_URBAN,DRIVE,12,14.0