,accident_type,day_of_week,dca_code,road_geometry,light_condition,speed_zone,severity,node_type,deg_urban_name,road_type,month,hour
125145,4,7,171,5,1,60.0,0,N,RURAL_VICTORIA,ROAD,12,9.0
125146,1,7,121,2,1,70.0,0,N,MELB_URBAN,ROAD,12,10.0
125147,1,7,147,5,1,60.0,0,N,MELB_URBAN,ROAD,12,11.0
125148,1,2,99,1,9,60.0,0,I,MELB_URBAN,ROAD,11,9.0
125149,4,7,173,5,1,100.0,0,N,RURAL_VICTORIA,ROAD,12,13.0
125150,1,4,111,2,1,60.0,0,I,RURAL_VICTORIA,ROAD,12,9.0
125151,4,7,171,5,1,70.0,0,N,SMALL_CITIES,ROAD,12,14.0
125152,1,7,110,1,1,100.0,0,I,RURAL_VICTORIA,HIGHWAY,12,13.0
125153,4,6,181,5,1,100.0,0,N,RURAL_VICTORIA,ROAD,12,16.0
125154,1,7,147,5,1,50.0,0,I,MELB_URBAN,STREET,12,13.0
125155,1,7,132,2,1,80.0,0,I,RURAL_VICTORIA,HIGHWAY,12,16.0
125156,4,7,173,5,1,80.0,0,N,RURAL_VICTORIA,ROAD,12,17.0
125157,4,7,173,5,1,100.0,1,N,RURAL_VICTORIA,HIGHWAY,12,14.0
125158,1,7,110,1,1,60.0,0,I,LARGE_PROVINCIAL_CITIES,STREET,12,18.0
125159,4,7,173,2,1,60.0,0,I,MELB_URBAN,ROAD,12,18.0
125160,1,7,99,5,2,60.0,0,N,MELB_URBAN,OTHER,12,19.0
125161,4,7,183,5,1,100.0,0,N,MELB_URBAN,RAMP,12,20.0
125162,2,7,99,5,3,50.0,0,N,LARGE_PROVINCIAL_CITIES,DRIVE,12,21.0
125163,4,7,173,5,1,70.0,0,N,LARGE_PROVINCIAL_CITIES,ROAD,12,19.0
125164,1,7,120,5,1,100.0,0,N,RURAL_VICTORIA,HIGHWAY,12,19.0
125165,1,1,163,5,1,60.0,0,N,SMALL_CITIES,AVENUE,11,7.0
125166,1,3,130,5,1,80.0,0,N,MELB_URBAN,UNKNOWN,11,14.0
125167,1,1,140,2,1,80.0,0,I,RURAL_VICTORIA,ROAD,12,11.0
125168,6,5,174,5,1,100.0,0,N,RURAL_VICTORIA,ROAD,12,14.0
125169,1,6,130,5,1,80.0,0,N,MELB_URBAN,FREEWAY,12,11.0
125170,1,5,163,5,2,40.0,0,N,MELB_URBAN,STREET,12,19.0
125171,1,0,99,5,1,40.0,0,N,MELB_URBAN,STREET,12,12.0
125172,1,1,99,5,1,50.0,0,N,MELB_URBAN,STREET,12,11.0
125173,6,6,99,5,1,60.0,0,N,SMALL_TOWNS,ROAD,12,15.0
125174,1,6,132,2,1,50.0,0,N,LARGE_PROVINCIAL_CITIES,STREET,10,8.0
125175,4,1,173,5,1,50.0,0,N,TOWNS,STREET,12,13.0
125176,1,1,99,5,1,50.0,0,N,SMALL_CITIES,ROAD,12,15.0
125177,4,1,183,5,1,100.0,0,N,RURAL_VICTORIA,ROAD,12,15.0
125178,6,1,174,5,1,60.0,0,N,MELB_URBAN,ROAD,12,16.0
125179,6,0,184,5,1,60.0,0,O,RURAL_VICTORIA,UNKNOWN,12,17.0
125180,4,1,173,5,1,100.0,1,N,RURAL_VICTORIA,ROAD,12,12.0
125181,1,1,113,2,1,80.0,0,I,RURAL_VICTORIA,ROAD,12,17.0
125182,4,1,171,5,1,50.0,0,N,SMALL_CITIES,STREET,12,16.0
125183,4,1,171,5,2,70.0,0,N,MELB_URBAN,ROAD,12,19.0
125184,1,1,99,5,1,60.0,0,N,MELB_URBAN,ROAD,12,18.0
125185,8,7,174,5,1,60.0,0,N,MELB_URBAN,ROAD,12,17.0
125186,1,6,99,2,1,60.0,0,I,MELB_URBAN,ROAD,12,16.0
125187,1,1,120,5,1,70.0,0,N,RURAL_VICTORIA,ROAD,12,19.0
125188,4,1,181,5,5,80.0,0,N,RURAL_VICTORIA,ROAD,12,21.0
125189,4,1,183,5,2,60.0,0,N,MELB_URBAN,ROAD,12,19.0
125190,4,1,171,2,3,60.0,0,N,MELB_URBAN,STREET,12,23.0
125191,1,6,130,5,1,100.0,0,N,RURAL_VICTORIA,ROAD,11,7.0
125192,1,5,121,5,1,60.0,0,N,TOWNS,ROAD,12,16.0
125193,4,2,173,5,3,80.0,0,N,SMALL_CITIES,ROAD,12,1.0
125194,3,1,167,5,5,100.0,0,N,RURAL_VICTORIA,ROAD,12,1.0
125195,4,1,99,2,3,80.0,0,I,RURAL_VICTORIA,DRIVE,12,0.0
125196,4,2,99,4,5,60.0,0,I,RURAL_VICTORIA,RAMP,12,4.0
125197,1,2,110,1,3,60.0,0,I,MELB_URBAN,ROAD,12,2.0
125198,1,1,133,5,2,100.0,0,I,MELB_URBAN,FREEWAY,12,5.0
125199,1,5,110,1,4,80.0,0,N,MELB_URBAN,ROAD,12,21.0
125200,1,1,147,5,1,60.0,0,N,MELB_URBAN,ROAD,12,8.0
125201,1,1,121,1,1,60.0,0,I,MELB_URBAN,ROAD,12,9.0
125202,1,2,110,1,1,50.0,0,I,TOWNS,STREET,12,10.0
125203,6,7,184,5,1,80.0,0,N,RURAL_VICTORIA,ROAD,9,11.0
125204,1,1,160,5,3,60.0,0,N,MELB_URBAN,UNKNOWN,11,0.0
125205,6,7,184,5,1,100.0,0,N,RURAL_VICTORIA,OTHER,12,11.0
125206,1,4,132,5,9,60.0,0,N,MELB_URBAN,ROAD,12,21.0
125207,1,2,110,1,1,80.0,0,I,MELB_URBAN,ROAD,12,12.0
125208,1,4,99,2,1,60.0,0,I,MELB_URBAN,DRIVE,11,16.0
125209,1,5,147,5,1,50.0,0,N,SMALL_CITIES,ROAD,12,19.0
125210,1,4,130,1,1,60.0,0,I,MELB_URBAN,ROAD,10,17.0
125211,1,2,113,1,1,70.0,0,I,LARGE_PROVINCIAL_CITIES,HIGHWAY,12,7.0
125212,1,1,110,1,1,60.0,0,I,LARGE_PROVINCIAL_CITIES,ROAD,12,9.0
125213,1,2,99,5,1,100.0,0,N,RURAL_VICTORIA,ROAD,12,11.0
125214,1,2,132,1,1,60.0,0,I,MELB_URBAN,ROAD,12,11.0
125215,1,2,147,5,1,60.0,0,N,MELB_URBAN,ROAD,12,12.0
125216,6,2,170,5,1,100.0,0,N,RURAL_VICTORIA,ROAD,12,13.0
125217,1,2,113,2,1,70.0,0,I,MELB_URBAN,ROAD,12,7.0
125218,1,2,121,1,1,60.0,0,I,MELB_URBAN,STREET,11,15.0
125219,1,1,121,1,1,60.0,0,I,MELB_URBAN,ROAD,12,16.0
125220,1,2,116,1,1,40.0,0,N,MELB_URBAN,STREET,12,14.0
125221,2,2,102,2,1,60.0,0,N,SMALL_CITIES,ROAD,12,15.0
125222,1,4,99,5,1,80.0,0,N,MELB_URBAN,ROAD,12,16.0
125223,1,2,99,5,1,50.0,0,N,SMALL_TOWNS,AVENUE,12,7.0
125224,6,6,184,5,1,60.0,0,N,RURAL_VICTORIA,ROAD,11,13.0
125225,2,2,100,1,1,70.0,0,I,MELB_URBAN,ROAD,12,15.0
125226,1,2,110,1,1,80.0,0,I,RURAL_VICTORIA,ROAD,12,14.0
125227,1,1,130,5,1,80.0,0,N,MELB_URBAN,HIGHWAY,12,17.0
125228,1,6,132,3,1,60.0,0,N,MELB_URBAN,ROAD,11,17.0
125229,4,2,173,5,1,100.0,0,N,RURAL_VICTORIA,ROAD,12,17.0
125230,6,1,99,5,1,100.0,0,N,RURAL_VICTORIA,HIGHWAY,12,15.0
125231,1,2,120,5,1,50.0,0,N,RURAL_VICTORIA,ROAD,12,17.0
125232,1,1,132,2,1,40.0,0,I,MELB_URBAN,STREET,12,19.0
125233,1,5,110,1,1,60.0,0,I,MELB_URBAN,BOULEVARD,11,18.0
125234,2,2,102,5,5,80.0,0,N,MELB_URBAN,ROAD,12,22.0
125235,5,4,171,5,1,60.0,0,N,RURAL_VICTORIA,ROAD,11,10.0
125236,4,3,99,2,3,60.0,0,I,MELB_URBAN,ROAD,12,3.0
125237,2,5,100,5,1,60.0,0,N,MELB_URBAN,STREET,11,15.0
125238,4,2,183,5,1,100.0,0,N,RURAL_VICTORIA,ROAD,12,7.0
125239,1,3,110,1,1,50.0,0,I,MELB_URBAN,STREET,12,8.0
125240,8,5,99,2,1,100.0,0,I,RURAL_VICTORIA,ROAD,12,17.0
125241,1,3,132,5,1,80.0,0,N,LARGE_PROVINCIAL_CITIES,HIGHWAY,12,8.0
125242,1,0,120,5,1,50.0,0,N,MELB_URBAN,ROAD,12,13.0
125243,1,2,135,1,1,60.0,0,N,MELB_URBAN,PARADE,12,18.0
125244,1,2,113,4,1,60.0,0,I,RURAL_VICTORIA,ROAD,12,9.0
125245,1,5,111,2,1,60.0,0,I,MELB_URBAN,ROAD,12,15.0
125246,4,3,171,5,1,80.0,0,N,MELB_URBAN,HIGHWAY,12,9.0
125247,1,3,134,5,1,80.0,0,N,MELB_URBAN,HIGHWAY,12,6.0
125248,8,3,174,1,9,60.0,0,I,MELB_URBAN,STREET,12,16.0
125249,1,3,113,2,1,70.0,0,I,MELB_URBAN,ROAD,12,11.0
125250,1,3,130,1,1,60.0,0,N,MELB_URBAN,ROAD,12,12.0
125251,1,3,147,2,1,60.0,0,I,MELB_URBAN,STREET,12,13.0
125252,1,2,113,2,1,60.0,0,I,LARGE_PROVINCIAL_CITIES,ROAD,12,11.0
125253,1,5,140,5,1,60.0,0,N,MELB_URBAN,STREET,11,17.0
125254,4,2,171,2,1,60.0,0,I,MELB_URBAN,ROAD,12,14.0
125255,1,1,163,5,9,40.0,0,N,MELB_URBAN,STREET,12,17.0
125256,1,2,99,2,1,100.0,0,I,RURAL_VICTORIA,ROAD,12,11.0
125257,1,3,110,1,1,60.0,0,I,MELB_URBAN,ROAD,12,15.0
125258,5,1,99,5,1,100.0,0,N,RURAL_VICTORIA,ROAD,11,14.0
125259,1,3,130,2,1,60.0,0,N,LARGE_PROVINCIAL_CITIES,AVENUE,12,16.0
125260,1,2,113,1,1,60.0,0,I,MELB_URBAN,ROAD,12,16.0
125261,1,2,130,5,1,60.0,0,N,MELB_URBAN,STREET,12,15.0
125262,1,2,121,2,1,80.0,0,N,MELB_URBAN,ROAD,12,17.0
125263,1,2,99,1,3,60.0,0,I,MELB_URBAN,ROAD,12,22.0
125264,1,2,130,1,1,80.0,0,I,MELB_URBAN,ROAD,12,18.0
125265,1,3,147,1,1,60.0,0,N,LARGE_PROVINCIAL_CITIES,STREET,12,14.0
125266,6,6,174,5,1,60.0,0,N,MELB_URBAN,STREET,12,8.0
125267,1,4,130,5,1,60.0,0,N,MELB_URBAN,ROAD,11,11.0
125268,1,3,113,2,1,50.0,0,I,MELB_URBAN,ROAD,12,7.0
125269,4,3,99,5,2,60.0,0,N,LARGE_PROVINCIAL_CITIES,DRIVE,12,20.0
125270,1,3,113,2,1,60.0,0,I,MELB_URBAN,ROAD,12,17.0
125271,1,3,110,1,1,50.0,0,I,SMALL_CITIES,ROAD,12,20.0
125272,1,3,110,1,1,50.0,0,I,MELB_URBAN,ROAD,12,17.0
125273,4,2,171,2,6,60.0,0,N,MELB_URBAN,ROAD,12,3.0
125274,1,4,133,5,5,110.0,0,N,RURAL_VICTORIA,FREEWAY,12,0.0
125275,1,6,130,5,6,60.0,0,N,TOWNS,STREET,11,23.0
125276,1,4,110,1,1,60.0,0,I,SMALL_CITIES,STREET,7,10.0
125277,1,4,130,2,1,80.0,0,I,MELB_URBAN,ROAD,11,18.0
125278,1,4,99,2,1,60.0,0,I,MELB_URBAN,ROAD,12,8.0
125279,8,4,174,5,1,100.0,0,N,RURAL_VICTORIA,HIGHWAY,12,7.0
125280,6,4,184,5,1,60.0,0,N,RURAL_VICTORIA,ROAD,12,11.0
125281,1,4,121,2,1,60.0,0,I,MELB_URBAN,ROAD,12,9.0
125282,4,3,181,5,1,50.0,0,N,TOWNS,ROAD,12,10.0
125283,1,4,99,1,1,80.0,0,I,RURAL_VICTORIA,ROAD,12,6.0
125284,1,1,130,5,1,100.0,0,N,MELB_URBAN,FREEWAY,11,15.0
125285,6,4,99,5,1,80.0,0,N,RURAL_VICTORIA,ROAD,12,7.0
125286,1,6,99,5,6,80.0,0,N,RURAL_VICTORIA,ROAD,12,22.0
125287,2,3,100,2,1,60.0,0,I,MELB_URBAN,ROAD,12,9.0
125288,1,4,113,2,1,60.0,0,I,MELB_URBAN,ROAD,12,10.0
125289,1,6,130,2,1,40.0,0,I,MELB_URBAN,HIGHWAY,12,16.0
125290,1,1,130,2,2,80.0,0,N,MELB_URBAN,HIGHWAY,11,19.0
125291,4,4,181,5,1,100.0,0,N,RURAL_VICTORIA,HIGHWAY,12,6.0
125292,4,3,181,5,1,100.0,0,N,RURAL_VICTORIA,ROAD,12,7.0
125293,4,0,99,5,1,60.0,0,N,RURAL_VICTORIA,ROAD,10,16.0
125294,1,5,110,1,1,80.0,0,I,MELB_URBAN,ROAD,11,12.0
125295,1,2,130,5,1,60.0,0,N,MELB_URBAN,ROAD,12,16.0
125296,1,4,113,2,1,70.0,0,I,MELB_URBAN,HIGHWAY,12,14.0
125297,6,4,170,5,1,80.0,0,N,RURAL_VICTORIA,ROAD,12,14.0
125298,1,4,111,2,1,50.0,0,I,MELB_URBAN,STREET,12,15.0
125299,1,3,130,5,1,100.0,0,N,RURAL_VICTORIA,ROAD,12,14.0
125300,1,2,130,5,1,80.0,0,N,MELB_URBAN,RAMP,12,17.0
125301,6,1,184,5,1,60.0,0,N,RURAL_VICTORIA,ROAD,11,12.0
125302,8,0,174,5,1,60.0,0,N,RURAL_VICTORIA,ROAD,11,14.0
125303,1,4,130,1,1,60.0,0,I,MELB_URBAN,ROAD,12,17.0
125304,1,4,99,5,1,60.0,0,N,MELB_URBAN,ROAD,12,17.0
125305,1,4,121,1,1,60.0,0,I,MELB_URBAN,STREET,12,15.0
125306,1,4,121,1,1,60.0,0,I,MELB_URBAN,STREET,12,15.0
125307,1,3,140,1,1,60.0,0,N,MELB_URBAN,HIGHWAY,12,17.0
125308,1,3,99,5,1,50.0,0,N,LARGE_PROVINCIAL_CITIES,STREET,12,12.0
125309,1,4,130,5,1,60.0,0,N,SMALL_CITIES,HIGHWAY,12,17.0
125310,1,2,130,1,2,60.0,0,N,MELB_URBAN,ROAD,12,5.0
125311,1,4,130,2,1,50.0,0,N,TOWNS,ROAD,12,16.0
125312,1,2,163,5,1,40.0,0,N,LARGE_PROVINCIAL_CITIES,STREET,12,17.0
125313,1,4,130,1,1,80.0,0,N,MELB_URBAN,ROAD,12,19.0
125314,1,4,110,1,1,60.0,0,I,SMALL_CITIES,PARADE,12,18.0
125315,4,4,173,5,1,100.0,1,N,RURAL_VICTORIA,ROAD,12,15.0
125316,4,3,171,5,1,70.0,0,N,MELB_URBAN,ROAD,12,18.0
125317,1,4,113,2,1,40.0,0,I,MELB_URBAN,STREET,12,18.0
125318,1,4,113,2,1,100.0,0,I,RURAL_VICTORIA,AVENUE,12,19.0
125319,4,4,181,5,5,100.0,0,N,RURAL_VICTORIA,ROAD,12,21.0
125320,1,4,113,2,1,80.0,0,I,MELB_URBAN,ROAD,12,14.0
125321,1,5,140,5,1,60.0,0,N,MELB_URBAN,STREET,10,9.0
125322,1,4,121,2,3,80.0,0,I,MELB_URBAN,RAMP,12,21.0
125323,1,4,130,5,1,60.0,0,N,MELB_URBAN,STREET,12,17.0
125324,2,4,102,5,3,70.0,1,N,MELB_URBAN,ROAD,12,21.0
125325,6,5,99,5,2,80.0,0,N,RURAL_VICTORIA,ROAD,12,5.0
125326,1,0,130,2,1,60.0,0,I,MELB_URBAN,STREET,11,12.0
125327,4,1,181,5,1,50.0,0,N,MELB_URBAN,ROAD,12,14.0
125328,4,3,183,5,5,60.0,0,N,RURAL_VICTORIA,ROAD,12,21.0
125329,6,4,184,5,1,100.0,0,N,RURAL_VICTORIA,ROAD,12,15.0
125330,1,4,99,1,1,50.0,0,I,SMALL_CITIES,AVENUE,12,8.0
125331,1,5,130,5,1,100.0,0,N,MELB_URBAN,ROAD,12,7.0
125332,1,7,113,1,3,30.0,0,I,MELB_URBAN,STREET,12,2.0
125333,1,5,132,5,1,80.0,0,N,TOWNS,ROAD,12,8.0
125334,1,5,130,5,1,100.0,0,N,RURAL_VICTORIA,HIGHWAY,12,8.0
125335,1,1,130,2,1,60.0,0,I,MELB_URBAN,PARADE,12,16.0
125336,1,5,99,4,1,60.0,0,N,LARGE_PROVINCIAL_CITIES,RAMP,12,8.0
125337,1,2,130,5,1,80.0,0,N,MELB_URBAN,PARADE,11,14.0
125338,1,5,120,5,1,80.0,0,N,RURAL_VICTORIA,HIGHWAY,12,8.0
125339,2,4,99,5,5,60.0,0,N,TOWNS,ROAD,12,21.0
125340,1,5,121,1,1,80.0,0,I,SMALL_CITIES,HIGHWAY,12,11.0
125341,4,5,171,5,1,100.0,0,N,MELB_URBAN,FREEWAY,12,12.0
125342,1,5,113,4,1,80.0,0,I,MELB_URBAN,ROAD,12,7.0
125343,5,1,99,5,1,50.0,0,N,RURAL_VICTORIA,ROAD,11,17.0
125344,1,4,113,2,1,40.0,0,I,MELB_URBAN,ROAD,11,10.0
125345,1,4,132,5,9,60.0,0,N,MELB_URBAN,ROAD,12,20.0
125346,1,5,99,2,1,100.0,0,I,RURAL_VICTORIA,ROAD,12,13.0
125347,6,3,170,5,1,100.0,0,N,RURAL_VICTORIA,ROAD,12,14.0
125348,1,5,121,2,1,60.0,0,I,MELB_URBAN,ROAD,12,12.0
125349,1,5,130,5,1,40.0,0,N,MELB_URBAN,STREET,12,13.0
125350,1,5,130,5,1,50.0,0,N,MELB_URBAN,PARADE,12,12.0
125351,1,5,99,4,1,40.0,0,I,MELB_URBAN,ROAD,12,14.0
125352,1,5,110,1,1,60.0,0,I,MELB_URBAN,ROAD,12,13.0
125353,6,1,174,5,9,60.0,0,N,MELB_URBAN,ROAD,11,11.0
125354,1,4,110,1,1,80.0,0,I,RURAL_VICTORIA,ROAD,12,15.0
125355,4,5,173,5,1,100.0,0,N,RURAL_VICTORIA,ROAD,12,16.0
125356,1,2,113,2,1,60.0,0,I,MELB_URBAN,ROAD,11,8.0
125357,1,5,121,1,1,50.0,0,N,MELB_URBAN,DRIVE,12,16.0
125358,1,5,110,1,1,50.0,0,I,MELB_URBAN,STREET,12,18.0
125359,2,4,99,5,1,80.0,0,N,MELB_URBAN,ROAD,12,18.0
125360,1,5,99,5,1,40.0,0,N,MELB_URBAN,STREET,12,18.0
125361,6,2,184,5,1,50.0,0,N,MELB_URBAN,UNKNOWN,12,13.0
125362,1,3,121,5,1,60.0,0,N,MELB_URBAN,ROAD,12,18.0
125363,6,1,174,1,1,60.0,0,N,MELB_URBAN,STREET,12,17.0
125364,1,5,121,2,1,60.0,0,I,MELB_URBAN,ROAD,12,17.0
125365,1,5,130,1,1,60.0,0,I,MELB_URBAN,ROAD,12,13.0
125366,1,5,120,2,1,50.0,0,I,MELB_URBAN,AVENUE,12,16.0
125367,1,5,110,1,1,40.0,0,I,LARGE_PROVINCIAL_CITIES,ROAD,12,18.0
125368,6,4,99,5,2,100.0,0,N,RURAL_VICTORIA,ROAD,12,20.0
125369,4,5,173,1,3,60.0,0,I,RURAL_VICTORIA,OTHER,12,1.0
125370,1,6,113,2,3,70.0,0,I,MELB_URBAN,ROAD,12,0.0
125371,1,6,121,2,2,60.0,0,I,MELB_URBAN,ROAD,12,6.0
125372,4,2,171,5,5,100.0,0,N,RURAL_VICTORIA,ROAD,12,4.0
125373,1,2,121,2,1,60.0,0,I,MELB_URBAN,STREET,11,15.0
125374,1,7,135,5,1,40.0,0,N,MELB_URBAN,ROAD,12,19.0
125375,1,2,147,5,3,60.0,0,N,MELB_URBAN,ROAD,12,20.0
125376,1,6,121,5,1,60.0,0,N,MELB_URBAN,ROAD,12,9.0
125377,1,5,121,1,1,50.0,0,I,MELB_URBAN,AVENUE,12,7.0
125378,1,6,132,5,1,60.0,0,N,MELB_URBAN,ROAD,12,10.0
125379,1,6,121,2,1,60.0,0,I,MELB_URBAN,OTHER,11,13.0
125380,1,3,130,1,3,60.0,0,I,MELB_URBAN,ROAD,12,22.0
125381,1,4,111,1,1,40.0,0,I,LARGE_PROVINCIAL_CITIES,STREET,12,15.0
125382,1,6,130,5,1,80.0,0,N,MELB_URBAN,FREEWAY,12,10.0
125383,1,5,120,2,1,60.0,0,I,MELB_URBAN,ROAD,12,12.0
125384,8,1,184,5,9,60.0,0,N,SMALL_TOWNS,ROAD,12,9.0
125385,1,2,130,5,1,100.0,0,N,MELB_URBAN,FREEWAY,12,7.0
125386,1,4,130,9,1,80.0,0,N,MELB_URBAN,FREEWAY,12,11.0
125387,1,5,134,5,1,40.0,0,N,MELB_URBAN,PARADE,12,12.0
125388,1,5,130,5,1,60.0,0,N,MELB_URBAN,ROAD,12,11.0
125389,1,5,121,1,1,80.0,0,I,MELB_URBAN,ROAD,12,14.0
125390,1,5,135,5,1,100.0,0,N,MELB_URBAN,ROAD,12,13.0
125391,1,5,110,1,1,50.0,0,I,LARGE_PROVINCIAL_CITIES,AVENUE,12,15.0
125392,1,6,110,1,1,80.0,0,I,SMALL_TOWNS,ROAD,12,14.0
125393,8,6,99,5,1,80.0,0,N,MELB_URBAN,DRIVE,12,15.0
125394,1,6,132,2,1,60.0,0,I,MELB_URBAN,ROAD,12,15.0
125395,1,6,163,2,1,40.0,0,N,MELB_URBAN,STREET,12,17.0
125396,2,6,102,2,1,60.0,0,N,MELB_URBAN,ROAD,12,16.0
125397,1,6,130,5,1,60.0,0,N,MELB_URBAN,ROAD,12,17.0
125398,8,6,170,2,9,100.0,0,I,RURAL_VICTORIA,ROAD,11,16.0
125399,1,5,110,1,1,60.0,0,I,RURAL_VICTORIA,ROAD,12,18.0
125400,1,6,121,5,1,80.0,0,N,LARGE_PROVINCIAL_CITIES,OTHER,12,17.0
125401,1,6,147,5,1,60.0,0,N,LARGE_PROVINCIAL_CITIES,ROAD,12,17.0
125402,1,6,130,5,1,80.0,0,N,MELB_URBAN,STREET,12,17.0
125403,1,5,130,2,1,80.0,0,I,MELB_URBAN,STREET,12,15.0
125404,1,5,130,4,1,70.0,0,N,RURAL_VICTORIA,RAMP,12,19.0
125405,1,6,163,5,1,80.0,0,N,MELB_URBAN,ROAD,12,16.0
125406,1,5,160,5,1,50.0,0,N,SMALL_CITIES,AVENUE,12,17.0
125407,1,6,132,5,1,100.0,0,N,RURAL_VICTORIA,ROAD,12,16.0
125408,2,6,100,2,1,40.0,0,N,MELB_URBAN,STREET,12,16.0
125409,1,6,121,2,1,60.0,0,I,MELB_URBAN,STREET,12,17.0
125410,8,6,170,5,1,80.0,0,N,MELB_URBAN,ROAD,12,16.0
125411,1,4,130,5,1,80.0,0,N,MELB_URBAN,ROAD,11,15.0
125412,1,6,121,4,3,60.0,0,I,MELB_URBAN,ROAD,12,22.0
125413,4,6,171,1,3,60.0,0,I,MELB_URBAN,ROAD,12,22.0
125414,4,6,181,5,5,80.0,0,N,RURAL_VICTORIA,HIGHWAY,12,2.0
125415,1,6,140,2,1,60.0,1,I,SMALL_CITIES,STREET,12,18.0
125416,1,6,130,5,3,70.0,0,N,MELB_URBAN,ROAD,12,3.0
125417,4,6,173,2,5,80.0,0,N,RURAL_VICTORIA,ROAD,12,2.0
125418,1,3,121,1,1,80.0,0,I,MELB_URBAN,ROAD,12,18.0
125419,1,5,132,2,2,50.0,0,I,SMALL_CITIES,STREET,10,17.0
125420,1,7,130,5,1,80.0,0,N,MELB_URBAN,HIGHWAY,12,6.0
125421,1,7,133,5,1,100.0,0,N,TOWNS,ROAD,12,9.0
125422,1,6,121,1,1,80.0,0,I,MELB_URBAN,ROAD,12,7.0
125423,1,7,121,5,1,50.0,0,N,MELB_URBAN,ROAD,12,7.0
125424,1,7,160,5,1,60.0,0,N,MELB_URBAN,ROAD,12,7.0
125425,8,7,184,5,1,50.0,0,N,MELB_URBAN,BOULEVARD,12,11.0
125426,1,5,130,1,1,60.0,0,N,MELB_URBAN,ROAD,11,18.0
125427,4,7,181,5,1,100.0,0,N,RURAL_VICTORIA,ROAD,12,9.0
125428,1,5,121,2,1,60.0,0,I,MELB_URBAN,ROAD,12,12.0
125429,1,6,120,2,1,80.0,0,I,RURAL_VICTORIA,ROAD,12,10.0
125430,1,7,121,2,1,60.0,0,I,MELB_URBAN,ROAD,12,13.0
125431,1,5,130,1,9,60.0,0,I,MELB_URBAN,ROAD,12,6.0
125432,1,6,140,5,1,50.0,0,N,TOWNS,STREET,11,17.0
125433,1,6,133,5,2,60.0,0,N,MELB_URBAN,ROAD,12,6.0
125434,1,6,160,5,3,50.0,0,N,LARGE_PROVINCIAL_CITIES,STREET,12,21.0
125435,8,7,99,5,1,50.0,0,N,MELB_URBAN,DRIVE,12,6.0
125436,4,7,173,5,1,80.0,0,N,RURAL_VICTORIA,HIGHWAY,12,14.0
125437,1,7,121,1,1,60.0,0,I,MELB_URBAN,STREET,12,15.0
125438,1,7,121,5,1,40.0,0,N,MELB_URBAN,STREET,12,16.0
125439,6,7,99,5,1,80.0,0,N,RURAL_VICTORIA,ROAD,12,15.0
125440,7,4,99,5,9,60.0,0,N,MELB_URBAN,STREET,11,12.0
125441,1,6,110,4,1,60.0,0,I,MELB_URBAN,AVENUE,12,19.0
125442,2,7,102,1,1,60.0,0,I,MELB_URBAN,ROAD,12,18.0
125443,4,7,171,2,1,50.0,0,I,MELB_URBAN,DRIVE,12,19.0
125444,1,7,99,2,1,60.0,0,I,MELB_URBAN,ROAD,12,19.0
125445,1,6,110,1,1,40.0,0,I,MELB_URBAN,ROAD,12,18.0
125446,1,6,130,5,2,50.0,0,N,MELB_URBAN,ROAD,12,20.0
125447,2,7,99,5,2,60.0,0,N,MELB_URBAN,ROAD,12,20.0
125448,1,7,99,1,3,60.0,0,N,MELB_URBAN,PARADE,12,21.0
125449,1,6,130,2,3,60.0,0,I,MELB_URBAN,ROAD,12,23.0
125450,4,0,173,5,2,60.0,0,N,MELB_URBAN,STREET,12,5.0
125451,1,6,110,1,3,60.0,0,I,SMALL_CITIES,ROAD,12,23.0
125452,6,7,99,5,1,60.0,0,N,RURAL_VICTORIA,OTHER,11,9.0
125453,2,1,99,5,3,60.0,0,N,MELB_URBAN,ROAD,12,1.0
125454,8,1,99,5,5,80.0,0,N,RURAL_VICTORIA,ROAD,12,1.0
125455,1,6,130,5,1,60.0,0,N,MELB_URBAN,STREET,12,13.0
125456,4,1,171,5,1,60.0,0,N,TOWNS,ROAD,12,9.0
125457,1,7,121,1,1,40.0,0,I,RURAL_VICTORIA,ROAD,12,13.0
125458,8,7,99,2,1,50.0,0,I,MELB_URBAN,AVENUE,12,18.0
125459,6,1,174,5,1,100.0,0,N,RURAL_VICTORIA,OTHER,12,11.0
125460,1,1,121,1,1,50.0,0,I,MELB_URBAN,ROAD,12,11.0
125461,4,1,181,5,1,100.0,0,N,MELB_URBAN,FREEWAY,12,6.0
125462,6,1,99,5,1,100.0,0,N,RURAL_VICTORIA,OTHER,12,13.0
125463,1,1,130,5,1,100.0,0,N,RURAL_VICTORIA,ROAD,12,12.0
125464,1,0,130,2,1,60.0,0,I,MELB_URBAN,HIGHWAY,12,13.0