,accident_type,day_of_week,dca_code,road_geometry,light_condition,speed_zone,severity,node_type,deg_urban_name,road_type,month,hour
125465,4,7,181,5,1,60.0,0,N,RURAL_VICTORIA,ROAD,12,14.0
125466,1,1,99,5,1,60.0,0,N,MELB_URBAN,STREET,11,19.0
125467,1,1,120,2,1,60.0,0,I,MELB_URBAN,HIGHWAY,12,11.0
125468,4,1,181,5,1,80.0,0,N,RURAL_VICTORIA,ROAD,12,10.0
125469,1,1,121,2,1,70.0,0,I,MELB_URBAN,ROAD,12,14.0
125470,6,1,174,5,1,110.0,0,N,RURAL_VICTORIA,FREEWAY,12,15.0
125471,4,1,99,2,1,80.0,0,I,RURAL_VICTORIA,HIGHWAY,12,16.0
125472,1,6,160,5,3,50.0,0,N,TOWNS,STREET,12,21.0
125473,1,1,132,5,1,100.0,0,N,RURAL_VICTORIA,ROAD,12,17.0
125474,1,1,121,1,1,60.0,0,I,MELB_URBAN,ROAD,12,17.0
125475,4,1,173,5,1,110.0,0,N,RURAL_VICTORIA,FREEWAY,12,18.0
125476,1,1,110,1,1,70.0,0,I,MELB_URBAN,ROAD,12,19.0
125477,6,1,170,2,1,50.0,0,N,MELB_URBAN,STREET,12,18.0
125478,1,1,99,5,1,60.0,0,N,MELB_URBAN,STREET,12,19.0
125479,8,4,174,5,1,70.0,0,N,MELB_URBAN,ROAD,11,15.0
125480,4,1,181,5,5,80.0,0,N,RURAL_VICTORIA,HIGHWAY,12,20.0
125481,1,0,147,5,2,50.0,0,N,MELB_URBAN,ROAD,12,19.0
125482,2,1,100,5,1,40.0,0,N,MELB_URBAN,OTHER,12,18.0
125483,1,4,121,1,1,70.0,0,I,MELB_URBAN,ROAD,12,16.0
125484,1,0,160,5,3,60.0,0,N,MELB_URBAN,PARADE,12,21.0
125485,1,4,113,2,1,80.0,0,N,RURAL_VICTORIA,ROAD,12,14.0
125486,1,4,132,5,1,60.0,0,N,MELB_URBAN,ROAD,12,16.0
125487,4,1,99,5,3,40.0,0,N,MELB_URBAN,OTHER,12,21.0
125488,4,0,99,2,1,50.0,0,I,MELB_URBAN,STREET,12,19.0
125489,1,7,121,2,1,60.0,0,I,MELB_URBAN,ROAD,12,16.0
125490,4,6,171,5,3,50.0,0,N,TOWNS,STREET,12,22.0
125491,4,2,99,2,3,50.0,0,I,MELB_URBAN,STREET,12,1.0
125492,1,1,99,4,3,80.0,0,N,MELB_URBAN,RAMP,12,23.0
125493,8,1,99,5,3,50.0,0,N,SMALL_TOWNS,BOULEVARD,12,0.0
125494,1,2,121,1,1,60.0,0,I,MELB_URBAN,STREET,12,9.0
125495,1,2,160,2,2,50.0,0,I,MELB_URBAN,OTHER,12,7.0
125496,1,1,121,5,1,60.0,0,N,MELB_URBAN,ROAD,12,8.0
125497,6,1,174,5,3,50.0,0,N,MELB_URBAN,STREET,12,2.0
125498,1,2,132,2,1,40.0,0,N,RURAL_VICTORIA,HIGHWAY,12,9.0
125499,1,3,99,2,1,50.0,0,I,MELB_URBAN,ROAD,9,10.0
125500,1,2,116,2,1,60.0,0,I,SMALL_CITIES,STREET,12,9.0
125501,1,2,121,2,1,70.0,0,I,MELB_URBAN,ROAD,12,7.0
125502,6,6,99,5,1,60.0,0,N,SMALL_TOWNS,ROAD,12,10.0
125503,2,6,99,5,1,60.0,0,N,MELB_URBAN,OTHER,12,9.0
125504,1,2,130,5,1,80.0,0,N,MELB_URBAN,FREEWAY,12,10.0
125505,1,4,130,5,1,70.0,0,N,MELB_URBAN,ROAD,12,14.0
125506,1,2,120,5,1,100.0,0,N,RURAL_VICTORIA,ROAD,12,10.0
125507,1,2,111,1,1,80.0,0,I,MELB_URBAN,HIGHWAY,12,13.0
125508,1,2,135,2,1,80.0,0,N,MELB_URBAN,HIGHWAY,12,10.0
125509,1,1,132,2,1,100.0,0,I,RURAL_VICTORIA,HIGHWAY,12,18.0
125510,1,6,147,5,3,70.0,0,N,MELB_URBAN,HIGHWAY,12,4.0
125511,1,1,110,1,1,80.0,0,N,MELB_URBAN,ROAD,12,14.0
125512,1,2,121,1,1,50.0,0,I,MELB_URBAN,ROAD,12,9.0
125513,1,2,110,1,1,60.0,1,I,TOWNS,ROAD,12,12.0
125514,1,2,134,5,1,60.0,0,N,MELB_URBAN,STREET,12,14.0
125515,1,4,130,5,1,60.0,0,N,MELB_URBAN,ROAD,12,17.0
125516,1,2,130,5,1,80.0,0,N,RURAL_VICTORIA,ROAD,12,14.0
125517,1,0,130,5,1,60.0,0,N,MELB_URBAN,ROAD,11,13.0
125518,1,2,113,2,1,80.0,0,I,MELB_URBAN,ROAD,12,15.0
125519,9,7,99,5,1,60.0,0,N,SMALL_CITIES,STREET,12,11.0
125520,1,1,130,5,1,60.0,0,N,MELB_URBAN,OTHER,12,16.0
125521,1,2,130,5,1,80.0,0,N,MELB_URBAN,HIGHWAY,12,15.0
125522,4,1,171,5,1,60.0,0,N,MELB_URBAN,ROAD,12,16.0
125523,4,2,173,2,1,50.0,0,I,MELB_URBAN,OTHER,12,16.0
125524,1,2,134,5,1,100.0,0,N,MELB_URBAN,ROAD,12,18.0
125525,1,2,113,2,1,60.0,0,I,MELB_URBAN,DRIVE,12,19.0
125526,4,5,181,5,5,70.0,0,N,MELB_URBAN,ROAD,12,23.0
125527,1,2,120,5,1,100.0,1,N,RURAL_VICTORIA,ROAD,12,10.0
125528,1,2,130,5,1,100.0,0,N,MELB_URBAN,ROAD,12,18.0
125529,1,5,116,2,1,60.0,0,I,MELB_URBAN,ROAD,12,14.0
125530,1,2,135,5,1,70.0,0,N,LARGE_PROVINCIAL_CITIES,ROAD,12,15.0
125531,5,2,99,5,1,60.0,0,N,MELB_URBAN,ROAD,12,20.0
125532,8,4,184,5,1,50.0,0,N,MELB_URBAN,DRIVE,11,16.0
125533,1,2,130,5,3,110.0,0,N,RURAL_VICTORIA,FREEWAY,12,0.0
125534,1,2,140,5,9,80.0,0,N,MELB_URBAN,ROAD,12,10.0
125535,1,6,121,1,2,60.0,0,I,MELB_URBAN,HIGHWAY,12,16.0
125536,1,5,135,5,1,80.0,0,N,MELB_URBAN,FREEWAY,12,10.0
125537,6,7,184,5,1,60.0,0,N,MELB_URBAN,ROAD,12,13.0
125538,1,1,130,5,1,60.0,0,N,MELB_URBAN,ROAD,12,12.0
125539,1,3,130,5,1,100.0,0,N,MELB_URBAN,FREEWAY,12,7.0
125540,1,5,99,2,1,40.0,0,I,MELB_URBAN,ROAD,11,10.0
125541,1,3,110,1,1,100.0,0,I,RURAL_VICTORIA,ROAD,12,9.0
125542,1,3,133,5,1,80.0,0,N,RURAL_VICTORIA,ROAD,12,11.0
125543,1,3,99,5,1,100.0,0,N,MELB_URBAN,FREEWAY,12,8.0
125544,1,3,110,1,1,50.0,0,I,MELB_URBAN,STREET,12,11.0
125545,5,3,99,5,1,40.0,0,N,SMALL_CITIES,ROAD,12,13.0
125546,1,2,99,5,1,70.0,0,N,RURAL_VICTORIA,DRIVE,12,17.0
125547,1,3,120,5,1,100.0,0,N,RURAL_VICTORIA,ROAD,12,9.0
125548,1,7,140,3,1,50.0,0,N,SMALL_CITIES,STREET,11,14.0
125549,1,3,134,5,1,60.0,0,N,MELB_URBAN,ROAD,12,6.0
125550,8,2,99,5,1,80.0,0,N,MELB_URBAN,DRIVE,12,7.0
125551,1,2,130,2,9,80.0,0,I,MELB_URBAN,ROAD,12,21.0
125552,1,2,111,2,1,80.0,0,I,MELB_URBAN,HIGHWAY,12,11.0
125553,6,3,184,5,3,50.0,0,N,MELB_URBAN,DRIVE,12,22.0
125554,6,3,99,2,1,100.0,0,I,RURAL_VICTORIA,HIGHWAY,12,11.0
125555,1,3,110,1,1,70.0,0,I,MELB_URBAN,ROAD,12,13.0
125556,1,2,132,1,9,60.0,0,I,MELB_URBAN,ROAD,12,12.0
125557,6,6,184,2,1,100.0,0,I,RURAL_VICTORIA,ROAD,12,12.0
125558,1,3,130,5,1,60.0,0,N,MELB_URBAN,ROAD,12,15.0
125559,2,3,100,1,1,60.0,0,N,MELB_URBAN,STREET,12,15.0
125560,1,2,130,5,1,100.0,0,N,MELB_URBAN,FREEWAY,11,15.0
125561,1,3,120,5,1,80.0,0,N,RURAL_VICTORIA,ROAD,12,16.0
125562,1,3,113,2,1,80.0,0,I,MELB_URBAN,ROAD,12,17.0
125563,1,2,121,1,1,80.0,0,I,MELB_URBAN,ROAD,12,17.0
125564,1,3,130,1,1,100.0,0,I,RURAL_VICTORIA,FREEWAY,12,14.0
125565,1,3,130,5,1,80.0,0,N,MELB_URBAN,FREEWAY,12,16.0
125566,2,3,102,5,1,30.0,0,N,LARGE_PROVINCIAL_CITIES,OTHER,12,17.0
125567,1,3,130,5,1,80.0,0,N,MELB_URBAN,HIGHWAY,12,15.0
125568,8,3,174,5,1,40.0,0,N,MELBOURNE_CBD,STREET,12,14.0
125569,1,2,116,2,1,50.0,0,I,MELB_URBAN,DRIVE,12,15.0
125570,4,3,173,5,1,60.0,0,N,MELB_URBAN,ROAD,12,17.0
125571,1,2,121,1,1,60.0,0,I,MELB_URBAN,ROAD,12,19.0
125572,1,3,110,1,1,60.0,0,I,TOWNS,STREET,12,16.0
125573,1,2,132,1,1,50.0,0,I,MELB_URBAN,STREET,12,15.0
125574,1,3,121,1,4,60.0,0,I,RURAL_VICTORIA,ROAD,12,22.0
125575,4,3,173,1,1,50.0,0,I,MELB_URBAN,DRIVE,12,19.0
125576,6,3,99,5,5,100.0,0,N,RURAL_VICTORIA,HIGHWAY,12,23.0
125577,1,3,110,1,5,100.0,0,I,RURAL_VICTORIA,ROAD,12,21.0
125578,1,2,160,5,3,50.0,0,N,SMALL_CITIES,OTHER,12,22.0
125579,1,3,99,5,3,50.0,0,N,SMALL_CITIES,BOULEVARD,12,3.0
125580,1,4,99,5,2,50.0,0,N,MELB_URBAN,OTHER,12,5.0
125581,4,4,171,5,2,70.0,0,N,MELB_URBAN,ROAD,12,6.0
125582,8,4,174,5,1,60.0,0,N,MELB_URBAN,DRIVE,12,20.0
125583,6,2,99,5,5,100.0,0,N,RURAL_VICTORIA,OTHER,11,21.0
125584,1,1,99,2,1,60.0,0,I,MELB_URBAN,ROAD,11,16.0
125585,1,6,130,5,1,80.0,0,N,MELB_URBAN,HIGHWAY,12,9.0
125586,1,2,99,5,1,50.0,0,N,MELB_URBAN,ROAD,12,16.0
125587,1,4,130,5,1,100.0,0,N,RURAL_VICTORIA,FREEWAY,12,9.0
125588,1,4,121,1,1,60.0,0,I,MELB_URBAN,ROAD,12,8.0
125589,6,4,174,1,1,60.0,0,I,LARGE_PROVINCIAL_CITIES,HIGHWAY,12,10.0
125590,1,4,99,1,1,50.0,0,I,LARGE_PROVINCIAL_CITIES,STREET,12,10.0
125591,1,4,99,2,1,70.0,0,I,MELB_URBAN,ROAD,12,11.0
125592,1,1,130,5,1,80.0,0,N,MELB_URBAN,HIGHWAY,12,14.0
125593,3,3,167,5,5,80.0,0,N,RURAL_VICTORIA,ROAD,11,23.0
125594,1,4,130,5,1,70.0,0,N,LARGE_PROVINCIAL_CITIES,ROAD,12,12.0
125595,1,3,130,2,1,60.0,0,I,MELB_URBAN,FREEWAY,12,14.0
125596,1,3,121,1,1,60.0,0,I,LARGE_PROVINCIAL_CITIES,STREET,12,14.0
125597,1,2,132,2,9,40.0,0,I,MELB_URBAN,ROAD,12,19.0
125598,1,5,163,5,1,40.0,0,N,MELB_URBAN,ROAD,12,14.0
125599,4,3,181,5,1,50.0,0,N,SMALL_TOWNS,ROAD,12,12.0
125600,1,5,99,5,1,60.0,0,N,MELB_URBAN,ROAD,12,14.0
125601,1,3,132,2,1,60.0,0,I,MELB_URBAN,ROAD,12,12.0
125602,2,4,102,2,1,50.0,0,I,TOWNS,STREET,12,16.0
125603,1,5,130,5,1,60.0,0,N,MELB_URBAN,FREEWAY,12,15.0
125604,6,2,174,5,1,60.0,0,N,RURAL_VICTORIA,ROAD,11,15.0
125605,1,4,99,2,1,60.0,0,N,SMALL_CITIES,STREET,12,16.0
125606,1,5,132,5,1,60.0,0,N,RURAL_VICTORIA,ROAD,12,17.0
125607,1,4,130,5,1,80.0,0,N,RURAL_VICTORIA,ROAD,12,16.0
125608,1,4,110,1,1,40.0,0,N,LARGE_PROVINCIAL_CITIES,STREET,12,17.0
125609,1,4,121,2,1,80.0,0,I,SMALL_TOWNS,ROAD,12,18.0
125610,1,3,116,1,1,60.0,0,I,MELB_URBAN,ROAD,12,15.0
125611,1,4,121,2,1,70.0,0,N,MELB_URBAN,STREET,12,16.0
125612,1,4,140,5,1,60.0,0,N,MELB_URBAN,ROAD,12,17.0
125613,1,4,130,1,1,40.0,0,I,MELB_URBAN,ROAD,12,16.0
125614,2,3,99,5,1,60.0,0,N,MELB_URBAN,ROAD,12,17.0
125615,1,4,147,5,1,40.0,0,N,MELB_URBAN,STREET,12,17.0
125616,2,4,99,5,1,60.0,0,N,MELB_URBAN,ROAD,12,17.0
125617,1,3,121,1,6,60.0,0,I,MELB_URBAN,ROAD,12,21.0
125618,1,5,130,1,1,60.0,0,I,MELB_URBAN,ROAD,12,16.0
125619,1,4,99,5,1,60.0,0,N,MELB_URBAN,STREET,12,17.0
125620,1,4,99,5,1,50.0,0,N,MELB_URBAN,OTHER,12,19.0
125621,1,3,99,2,1,60.0,0,I,MELB_URBAN,ROAD,12,20.0
125622,4,2,171,5,1,80.0,0,N,RURAL_VICTORIA,ROAD,12,15.0
125623,5,7,99,5,1,60.0,0,N,RURAL_VICTORIA,ROAD,12,17.0
125624,1,6,121,2,1,60.0,0,I,MELB_URBAN,OTHER,12,16.0
125625,2,3,99,1,3,40.0,0,N,MELB_URBAN,STREET,12,22.0
125626,4,4,171,5,1,100.0,0,N,RURAL_VICTORIA,HIGHWAY,12,15.0
125627,1,3,130,5,2,60.0,0,N,MELB_URBAN,ROAD,12,20.0
125628,1,5,99,5,3,60.0,0,N,LARGE_PROVINCIAL_CITIES,STREET,12,1.0
125629,2,3,102,5,3,60.0,0,N,MELB_URBAN,ROAD,12,22.0
125630,1,4,110,1,1,60.0,0,I,LARGE_PROVINCIAL_CITIES,STREET,12,14.0
125631,1,4,140,1,1,100.0,0,I,RURAL_VICTORIA,ROAD,12,9.0
125632,4,3,173,1,2,60.0,0,N,MELB_URBAN,ROAD,12,20.0
125633,5,3,171,5,1,100.0,0,N,RURAL_VICTORIA,ROAD,12,16.0
125634,3,6,167,5,1,60.0,0,N,RURAL_VICTORIA,HIGHWAY,12,8.0
125635,1,5,147,5,1,50.0,0,N,SMALL_CITIES,BOULEVARD,12,8.0
125636,1,5,121,1,1,110.0,0,I,RURAL_VICTORIA,FREEWAY,12,8.0
125637,1,5,121,2,1,70.0,0,I,MELB_URBAN,ROAD,12,7.0
125638,1,5,147,5,1,60.0,0,N,SMALL_CITIES,ROAD,12,9.0
125639,1,5,160,5,1,50.0,0,N,MELB_URBAN,AVENUE,12,10.0
125640,2,4,100,5,1,40.0,0,N,MELB_URBAN,AVENUE,12,9.0
125641,1,5,99,2,1,60.0,0,N,MELB_URBAN,OTHER,12,11.0
125642,1,4,130,5,1,80.0,0,N,MELB_URBAN,HIGHWAY,12,9.0
125643,2,5,99,5,1,60.0,0,N,MELB_URBAN,STREET,12,11.0
125644,1,5,99,5,3,50.0,0,N,MELB_URBAN,AVENUE,11,4.0
125645,1,4,116,2,1,60.0,0,I,MELB_URBAN,ROAD,12,13.0
125646,1,2,134,5,1,60.0,0,N,MELB_URBAN,STREET,11,13.0
125647,1,2,99,1,1,50.0,0,I,MELB_URBAN,PARADE,11,17.0
125648,8,5,99,5,1,40.0,0,N,MELB_URBAN,ROAD,12,13.0
125649,1,4,130,1,1,60.0,0,I,MELB_URBAN,STREET,12,13.0
125650,1,4,130,5,1,80.0,0,N,MELB_URBAN,HIGHWAY,12,8.0
125651,1,3,160,5,1,60.0,0,N,SMALL_CITIES,AVENUE,12,16.0
125652,4,5,99,2,1,50.0,0,I,LARGE_PROVINCIAL_CITIES,AVENUE,12,11.0
125653,1,3,130,5,1,60.0,0,N,MELB_URBAN,ROAD,12,15.0
125654,1,3,130,5,1,100.0,0,N,MELB_URBAN,FREEWAY,12,15.0
125655,1,5,134,5,1,70.0,0,N,MELB_URBAN,ROAD,12,14.0
125656,1,1,130,5,1,110.0,0,N,SMALL_CITIES,FREEWAY,11,12.0
125657,1,6,110,1,1,50.0,0,I,LARGE_PROVINCIAL_CITIES,AVENUE,10,16.0
125658,1,2,147,5,9,50.0,0,N,MELB_URBAN,PARADE,12,17.0
125659,1,4,121,2,1,60.0,0,I,MELB_URBAN,STREET,12,14.0
125660,1,2,121,1,1,60.0,0,I,SMALL_CITIES,ROAD,12,17.0
125661,1,4,130,5,1,80.0,0,N,MELB_URBAN,FREEWAY,12,16.0
125662,6,5,99,5,1,50.0,1,N,MELB_URBAN,ROAD,12,10.0
125663,1,5,130,2,1,80.0,0,I,MELB_URBAN,ROAD,12,19.0
125664,6,4,170,5,1,50.0,0,N,SMALL_TOWNS,ROAD,12,16.0
125665,2,4,100,1,1,40.0,0,I,MELB_URBAN,STREET,12,15.0
125666,1,5,110,1,1,100.0,0,I,RURAL_VICTORIA,ROAD,12,18.0
125667,4,4,181,5,1,100.0,0,N,RURAL_VICTORIA,ROAD,12,20.0
125668,8,5,174,5,1,80.0,0,N,MELB_URBAN,ROAD,12,17.0
125669,4,6,173,2,3,60.0,0,I,LARGE_PROVINCIAL_CITIES,STREET,12,1.0
125670,1,4,110,1,3,60.0,0,N,SMALL_CITIES,DRIVE,12,22.0
125671,6,5,99,5,5,60.0,0,N,RURAL_VICTORIA,ROAD,12,23.0
125672,1,4,130,1,1,60.0,0,N,MELB_URBAN,ROAD,6,14.0
125673,1,6,147,5,1,60.0,0,N,MELB_URBAN,ROAD,12,6.0
125674,6,6,99,2,5,100.0,0,I,RURAL_VICTORIA,ROAD,12,4.0
125675,1,6,130,5,1,100.0,0,N,RURAL_VICTORIA,ROAD,12,6.0
125676,1,2,133,5,1,40.0,0,N,MELB_URBAN,OTHER,12,11.0
125677,8,1,99,5,1,80.0,0,N,RURAL_VICTORIA,ROAD,11,13.0
125678,1,4,99,1,1,40.0,0,I,MELB_URBAN,ROAD,12,18.0
125679,4,6,171,5,1,60.0,0,N,MELB_URBAN,ROAD,12,8.0
125680,4,5,171,5,1,110.0,0,N,RURAL_VICTORIA,FREEWAY,12,7.0
125681,4,6,171,5,1,60.0,0,N,MELB_URBAN,ROAD,12,6.0
125682,1,6,130,5,1,80.0,0,N,MELB_URBAN,FREEWAY,12,8.0
125683,1,5,147,5,1,50.0,0,N,MELB_URBAN,DRIVE,12,8.0
125684,5,6,99,5,1,80.0,0,N,TOWNS,HIGHWAY,12,8.0
125685,2,6,102,1,1,50.0,0,I,MELB_URBAN,STREET,12,8.0
125686,4,0,99,2,3,50.0,0,I,MELB_URBAN,OTHER,11,22.0
125687,1,0,110,1,1,50.0,0,I,TOWNS,STREET,12,9.0
125688,1,5,147,5,1,60.0,0,N,MELB_URBAN,BOULEVARD,12,11.0
125689,1,6,130,1,1,70.0,0,I,MELB_URBAN,ROAD,12,10.0
125690,6,5,99,5,1,50.0,0,N,MELB_URBAN,ROAD,11,7.0
125691,1,4,130,5,1,60.0,0,N,MELB_URBAN,ROAD,9,13.0
125692,1,6,121,4,1,80.0,0,I,MELB_URBAN,ROAD,12,10.0
125693,1,6,133,1,1,80.0,0,I,MELB_URBAN,HIGHWAY,12,6.0
125694,1,5,130,5,3,70.0,0,N,MELB_URBAN,ROAD,12,21.0
125695,5,4,99,5,1,60.0,0,N,MELB_URBAN,ROAD,12,11.0
125696,2,6,100,2,1,50.0,0,I,MELB_URBAN,ROAD,12,11.0
125697,1,6,135,5,1,60.0,0,N,MELB_URBAN,HIGHWAY,12,14.0
125698,1,4,99,5,1,50.0,0,N,LARGE_PROVINCIAL_CITIES,STREET,10,9.0
125699,1,5,110,1,1,60.0,0,I,MELB_URBAN,ROAD,12,12.0
125700,1,3,130,5,1,60.0,0,N,MELB_URBAN,STREET,11,12.0
125701,1,4,130,5,1,60.0,0,N,MELB_URBAN,ROAD,12,18.0
125702,1,6,130,5,1,70.0,0,N,MELB_URBAN,ROAD,10,15.0
125703,1,6,111,2,1,50.0,0,I,MELB_URBAN,ROAD,12,17.0
125704,1,6,134,5,1,100.0,0,N,MELB_URBAN,FREEWAY,12,15.0
125705,1,6,120,5,1,50.0,0,N,MELB_URBAN,STREET,12,17.0
125706,2,5,102,1,1,80.0,0,I,LARGE_PROVINCIAL_CITIES,HIGHWAY,12,16.0
125707,1,6,130,2,1,60.0,0,I,MELB_URBAN,ROAD,12,14.0
125708,1,6,121,1,1,60.0,0,I,MELB_URBAN,STREET,12,16.0
125709,1,5,133,5,1,80.0,0,I,MELB_URBAN,FREEWAY,12,19.0
125710,1,5,99,1,1,60.0,0,I,MELB_URBAN,ROAD,11,11.0
125711,1,6,130,5,1,100.0,0,N,MELB_URBAN,FREEWAY,12,17.0
125712,1,6,113,4,1,80.0,0,I,MELB_URBAN,HIGHWAY,12,15.0
125713,1,6,140,5,1,60.0,0,N,MELB_URBAN,STREET,12,18.0
125714,1,6,130,5,1,80.0,0,N,MELB_URBAN,ROAD,12,17.0
125715,1,6,111,1,1,50.0,0,I,MELB_URBAN,STREET,12,16.0
125716,1,6,130,5,1,100.0,0,N,MELB_URBAN,UNKNOWN,12,19.0
125717,2,6,99,5,3,50.0,0,N,MELB_URBAN,OTHER,12,21.0
125718,1,3,130,5,1,60.0,0,N,RURAL_VICTORIA,ROAD,12,16.0
125719,1,6,130,5,5,100.0,1,N,RURAL_VICTORIA,ROAD,12,21.0
125720,1,6,130,5,3,80.0,0,N,MELB_URBAN,FREEWAY,12,23.0
125721,1,7,110,1,3,60.0,0,I,MELB_URBAN,DRIVE,12,3.0
125722,4,7,171,5,3,60.0,0,N,MELB_URBAN,ROAD,12,2.0
125723,2,6,100,5,1,60.0,0,N,MELB_URBAN,ROAD,12,13.0
125724,1,7,99,2,1,60.0,0,I,MELB_URBAN,STREET,12,9.0
125725,1,7,121,2,1,60.0,0,I,MELB_URBAN,ROAD,12,8.0
125726,1,7,130,5,1,80.0,0,N,MELB_URBAN,HIGHWAY,12,8.0
125727,1,7,113,1,1,80.0,0,I,MELB_URBAN,ROAD,12,9.0
125728,6,7,174,5,1,100.0,0,N,RURAL_VICTORIA,ROAD,12,8.0
125729,8,4,170,5,1,60.0,0,N,MELB_URBAN,ROAD,11,14.0
125730,1,6,147,5,1,60.0,0,N,MELB_URBAN,ROAD,12,11.0
125731,6,7,174,5,1,50.0,0,N,MELB_URBAN,STREET,12,10.0
125732,1,7,147,2,1,80.0,0,I,SMALL_CITIES,HIGHWAY,12,10.0
125733,6,7,174,2,1,60.0,0,I,MELB_URBAN,ROAD,12,8.0
125734,1,6,121,2,1,60.0,0,I,MELB_URBAN,AVENUE,12,12.0
125735,4,3,171,5,5,100.0,0,N,RURAL_VICTORIA,ROAD,11,22.0
125736,1,7,110,1,1,80.0,0,I,RURAL_VICTORIA,AVENUE,12,12.0
125737,6,5,174,5,1,40.0,0,N,RURAL_VICTORIA,ROAD,11,7.0
125738,1,7,99,5,1,50.0,0,N,MELB_URBAN,STREET,12,12.0
125739,6,7,99,5,1,100.0,0,N,TOWNS,OTHER,12,13.0
125740,1,7,134,5,1,100.0,0,N,RURAL_VICTORIA,FREEWAY,12,13.0
125741,1,7,132,4,1,100.0,0,I,RURAL_VICTORIA,HIGHWAY,12,11.0
125742,1,5,147,5,1,60.0,0,N,MELB_URBAN,ROAD,11,17.0
125743,1,7,113,2,1,80.0,0,I,SMALL_TOWNS,ROAD,12,16.0
125744,1,7,147,5,1,60.0,0,N,MELB_URBAN,STREET,12,17.0
125745,1,6,99,2,1,60.0,0,N,MELB_URBAN,ROAD,12,17.0
125746,1,7,140,1,1,70.0,0,N,SMALL_TOWNS,ROAD,12,18.0
125747,1,7,140,5,1,100.0,0,N,RURAL_VICTORIA,ROAD,12,15.0
125748,2,7,100,5,1,60.0,0,N,MELB_URBAN,ROAD,12,14.0
125749,5,7,181,5,1,80.0,0,N,RURAL_VICTORIA,HIGHWAY,12,15.0
125750,4,7,171,5,3,60.0,0,N,MELB_URBAN,ROAD,12,21.0
125751,7,5,99,1,1,60.0,0,I,MELB_URBAN,STREET,12,19.0
125752,4,7,173,5,5,100.0,0,N,RURAL_VICTORIA,HIGHWAY,12,21.0
125753,1,6,110,1,3,80.0,0,I,TOWNS,HIGHWAY,12,23.0
125754,1,6,147,5,3,50.0,0,N,MELB_URBAN,DRIVE,12,0.0
125755,4,1,173,5,5,100.0,0,N,RURAL_VICTORIA,ROAD,12,0.0
125756,1,7,160,5,1,60.0,0,N,SMALL_CITIES,STREET,12,16.0
125757,1,1,121,2,1,50.0,0,I,MELB_URBAN,ROAD,12,7.0
125758,1,0,160,5,1,60.0,0,N,MELB_URBAN,ROAD,12,9.0
125759,1,6,160,5,1,60.0,0,N,MELB_URBAN,STREET,12,10.0
125760,1,0,99,2,1,70.0,0,N,MELB_URBAN,ROAD,12,9.0
125761,1,0,121,1,3,60.0,0,I,MELB_URBAN,ROAD,11,22.0
125762,1,1,116,1,1,50.0,0,I,MELB_URBAN,STREET,12,9.0
125763,4,1,173,2,1,60.0,0,I,MELB_URBAN,STREET,12,10.0
125764,1,0,110,1,1,50.0,0,I,TOWNS,STREET,12,10.0
125765,1,7,99,5,1,50.0,0,N,MELB_URBAN,OTHER,12,14.0
125766,2,1,99,5,1,80.0,0,N,MELB_URBAN,HIGHWAY,12,11.0
125767,1,0,121,2,1,80.0,0,I,RURAL_VICTORIA,HIGHWAY,12,11.0
125768,1,7,121,2,1,50.0,0,I,MELB_URBAN,STREET,12,10.0
125769,1,7,130,4,1,60.0,0,I,RURAL_VICTORIA,ROAD,12,19.0
125770,1,1,147,5,1,60.0,0,N,MELB_URBAN,ROAD,12,11.0
125771,6,6,174,5,1,60.0,0,N,RURAL_VICTORIA,ROAD,12,11.0
125772,1,1,113,1,1,80.0,0,I,MELB_URBAN,HIGHWAY,12,13.0
125773,4,1,181,5,1,100.0,0,N,RURAL_VICTORIA,ROAD,12,11.0
125774,1,4,121,1,1,60.0,0,I,MELB_URBAN,STREET,12,15.0
125775,1,1,110,1,1,60.0,0,I,MELB_URBAN,ROAD,12,16.0
125776,1,1,113,2,2,60.0,0,I,RURAL_VICTORIA,OTHER,11,17.0
125777,4,4,171,5,1,100.0,0,N,RURAL_VICTORIA,ROAD,12,12.0
125778,1,1,99,5,2,40.0,0,N,MELB_URBAN,ROAD,12,20.0
125779,1,1,110,1,1,60.0,0,I,MELB_URBAN,STREET,12,17.0
125780,1,3,99,9,9,60.0,0,N,MELB_URBAN,OTHER,12,6.0
125781,1,1,99,4,1,60.0,0,I,MELB_URBAN,STREET,12,20.0
125782,1,1,160,5,3,60.0,0,N,LARGE_PROVINCIAL_CITIES,ROAD,12,21.0
125783,1,1,99,2,3,60.0,0,I,MELB_URBAN,ROAD,12,23.0
125784,1,0,121,1,3,80.0,0,I,MELB_URBAN,ROAD,12,22.0
125785,1,0,160,5,3,50.0,0,N,LARGE_PROVINCIAL_CITIES,AVENUE,12,23.0