,accident_type,day_of_week,dca_code,road_geometry,light_condition,speed_zone,severity,node_type,deg_urban_name,road_type,month,hour
125786,1,1,160,5,3,50.0,0,N,MELB_URBAN,DRIVE,12,20.0
125787,4,2,173,5,5,60.0,0,N,RURAL_VICTORIA,ROAD,12,2.0
125788,1,2,116,2,1,60.0,0,I,LARGE_PROVINCIAL_CITIES,ROAD,12,6.0
125789,1,1,130,5,1,100.0,0,N,MELB_URBAN,FREEWAY,12,16.0
125790,1,3,132,5,1,50.0,0,N,TOWNS,STREET,12,17.0
125791,1,2,110,1,1,60.0,0,I,LARGE_PROVINCIAL_CITIES,STREET,12,8.0
125792,1,2,99,5,1,40.0,0,N,MELB_URBAN,ROAD,12,8.0
125793,1,5,130,2,1,60.0,0,I,MELB_URBAN,ROAD,12,16.0
125794,1,6,113,2,2,50.0,0,I,MELB_URBAN,BOULEVARD,1,18.0
125795,1,2,130,5,1,100.0,0,N,MELB_URBAN,ROAD,12,7.0
125796,1,1,110,1,1,60.0,0,I,LARGE_PROVINCIAL_CITIES,STREET,12,9.0
125797,1,5,130,5,1,80.0,0,N,MELB_URBAN,RAMP,12,8.0
125798,2,2,99,5,1,50.0,0,N,TOWNS,STREET,12,10.0
125799,1,0,113,4,1,60.0,0,I,MELB_URBAN,PARADE,11,9.0
125800,1,5,130,5,1,80.0,0,N,MELB_URBAN,FREEWAY,12,14.0
125801,1,2,121,2,1,70.0,0,I,MELB_URBAN,ROAD,12,11.0
125802,1,3,121,1,3,60.0,0,I,MELB_URBAN,HIGHWAY,12,23.0
125803,8,7,174,5,1,60.0,0,N,RURAL_VICTORIA,ROAD,12,13.0
125804,1,2,160,5,1,50.0,0,N,MELB_URBAN,STREET,12,7.0
125805,6,2,174,5,1,100.0,0,N,RURAL_VICTORIA,ROAD,12,10.0
125806,1,4,120,5,1,40.0,0,N,LARGE_PROVINCIAL_CITIES,STREET,12,17.0
125807,1,1,163,5,1,40.0,0,N,MELBOURNE_CBD,STREET,12,14.0
125808,1,4,130,5,9,70.0,0,N,MELB_URBAN,ROAD,12,10.0
125809,2,5,99,5,1,60.0,0,N,MELB_URBAN,ROAD,12,7.0
125810,1,2,133,5,1,50.0,0,N,MELB_URBAN,ROAD,12,11.0
125811,1,2,121,5,1,60.0,0,N,RURAL_VICTORIA,ROAD,12,16.0
125812,1,1,99,2,1,70.0,0,I,MELB_URBAN,ROAD,12,11.0
125813,6,0,184,5,1,80.0,0,N,RURAL_VICTORIA,ROAD,12,11.0
125814,1,2,113,2,1,60.0,0,I,MELB_URBAN,ROAD,12,18.0
125815,1,0,110,1,1,50.0,0,I,MELB_URBAN,STREET,12,10.0
125816,4,1,99,5,1,50.0,0,N,MELB_URBAN,OTHER,12,18.0
125817,1,2,121,1,1,60.0,0,I,LARGE_PROVINCIAL_CITIES,ROAD,12,15.0
125818,1,2,121,2,1,60.0,0,I,MELB_URBAN,ROAD,12,17.0
125819,4,1,181,5,2,80.0,0,N,RURAL_VICTORIA,ROAD,12,19.0
125820,1,1,113,2,1,80.0,0,I,RURAL_VICTORIA,ROAD,12,19.0
125821,2,2,100,2,3,60.0,0,N,MELB_URBAN,ROAD,12,22.0
125822,4,2,183,5,5,80.0,0,N,RURAL_VICTORIA,DRIVE,12,21.0
125823,1,2,99,5,9,60.0,0,N,MELB_URBAN,ROAD,11,13.0
125824,1,2,135,5,1,80.0,0,N,MELB_URBAN,FREEWAY,12,12.0
125825,4,3,171,5,3,60.0,0,N,MELB_URBAN,ROAD,12,2.0
125826,4,3,181,5,5,80.0,0,N,RURAL_VICTORIA,ROAD,12,3.0
125827,1,3,113,2,1,60.0,0,I,LARGE_PROVINCIAL_CITIES,ROAD,11,15.0
125828,1,1,130,1,3,40.0,0,I,MELB_URBAN,ROAD,12,23.0
125829,1,2,110,1,1,60.0,0,I,MELB_URBAN,ROAD,12,7.0
125830,1,5,99,1,1,60.0,0,I,MELB_URBAN,ROAD,11,14.0
125831,3,3,167,5,1,100.0,0,N,RURAL_VICTORIA,ROAD,12,8.0
125832,1,6,121,2,1,80.0,0,I,MELB_URBAN,HIGHWAY,12,16.0
125833,1,3,130,5,1,50.0,0,N,LARGE_PROVINCIAL_CITIES,STREET,12,10.0
125834,1,2,134,5,1,80.0,0,N,LARGE_PROVINCIAL_CITIES,ROAD,11,10.0
125835,4,3,173,5,3,50.0,0,N,TOWNS,DRIVE,12,3.0
125836,4,3,171,2,1,60.0,0,N,MELB_URBAN,STREET,12,11.0
125837,4,3,181,5,1,50.0,0,N,MELB_URBAN,STREET,12,10.0
125838,2,7,102,1,1,60.0,0,I,MELB_URBAN,ROAD,12,8.0
125839,1,3,113,2,1,80.0,0,I,MELB_URBAN,ROAD,12,11.0
125840,4,3,181,5,1,80.0,0,N,RURAL_VICTORIA,ROAD,12,10.0
125841,1,5,130,1,2,60.0,0,N,MELB_URBAN,OTHER,12,6.0
125842,1,1,132,2,1,60.0,0,I,MELB_URBAN,ROAD,12,13.0
125843,1,2,130,2,1,60.0,0,N,LARGE_PROVINCIAL_CITIES,STREET,12,11.0
125844,1,3,140,5,1,80.0,0,N,RURAL_VICTORIA,ROAD,12,10.0
125845,6,3,184,5,1,60.0,0,N,RURAL_VICTORIA,OTHER,11,13.0
125846,4,3,183,5,1,80.0,0,N,MELB_URBAN,ROAD,12,12.0
125847,1,0,163,5,9,50.0,0,N,TOWNS,OTHER,12,22.0
125848,1,3,130,5,1,60.0,0,N,MELB_URBAN,ROAD,12,7.0
125849,1,7,160,5,1,60.0,0,N,MELB_URBAN,ROAD,11,12.0
125850,1,5,110,1,1,50.0,0,I,TOWNS,DRIVE,11,15.0
125851,4,3,173,4,1,60.0,0,I,RURAL_VICTORIA,RAMP,12,12.0
125852,1,2,130,5,1,50.0,0,N,MELB_URBAN,ROAD,12,17.0
125853,1,2,130,5,1,60.0,0,N,MELB_URBAN,ROAD,12,14.0
125854,1,1,99,5,1,50.0,1,N,LARGE_PROVINCIAL_CITIES,STREET,12,11.0
125855,1,2,120,5,1,60.0,0,N,MELB_URBAN,ROAD,12,13.0
125856,2,3,102,5,1,80.0,0,N,MELB_URBAN,ROAD,12,15.0
125857,4,3,173,5,1,100.0,0,N,RURAL_VICTORIA,ROAD,12,15.0
125858,1,2,120,5,1,80.0,0,N,RURAL_VICTORIA,OTHER,12,14.0
125859,4,2,181,5,1,80.0,0,N,RURAL_VICTORIA,OTHER,12,17.0
125860,1,3,99,2,1,60.0,0,I,SMALL_CITIES,OTHER,12,15.0
125861,1,7,99,1,1,50.0,0,I,MELB_URBAN,ROAD,12,10.0
125862,1,6,130,5,1,80.0,0,N,MELB_URBAN,ROAD,12,16.0
125863,1,2,130,2,1,80.0,0,N,MELB_URBAN,ROAD,12,15.0
125864,1,2,130,5,9,60.0,0,N,MELB_URBAN,ROAD,12,15.0
125865,2,3,99,5,1,50.0,0,N,SMALL_CITIES,ROAD,12,15.0
125866,1,2,121,2,2,60.0,0,I,MELB_URBAN,ROAD,12,16.0
125867,1,3,130,2,1,60.0,0,N,MELB_URBAN,ROAD,12,14.0
125868,1,3,121,2,1,70.0,0,I,LARGE_PROVINCIAL_CITIES,OTHER,12,16.0
125869,1,3,116,1,1,60.0,0,I,LARGE_PROVINCIAL_CITIES,STREET,12,14.0
125870,6,6,184,5,3,60.0,0,N,MELB_URBAN,OTHER,12,5.0
125871,1,2,130,2,1,80.0,0,N,MELB_URBAN,ROAD,12,17.0
125872,6,3,174,5,2,60.0,0,N,MELB_URBAN,ROAD,12,19.0
125873,1,3,120,5,1,100.0,0,N,RURAL_VICTORIA,HIGHWAY,12,17.0
125874,1,3,147,5,1,40.0,0,N,MELB_URBAN,STREET,12,15.0
125875,6,2,174,5,2,50.0,0,N,MELB_URBAN,ROAD,12,18.0
125876,4,3,181,5,1,60.0,0,N,MELB_URBAN,ROAD,12,14.0
125877,4,3,181,5,1,80.0,0,N,RURAL_VICTORIA,ROAD,12,17.0
125878,2,3,102,1,3,60.0,0,I,MELB_URBAN,STREET,12,19.0
125879,1,2,130,5,1,60.0,0,N,RURAL_VICTORIA,ROAD,12,17.0
125880,2,3,100,5,2,60.0,0,N,MELB_URBAN,ROAD,12,20.0
125881,1,1,121,2,1,60.0,0,I,MELB_URBAN,ROAD,12,17.0
125882,4,3,181,5,1,100.0,0,N,RURAL_VICTORIA,HIGHWAY,12,18.0
125883,1,3,121,2,3,80.0,0,I,MELB_URBAN,HIGHWAY,12,23.0
125884,1,3,110,1,3,70.0,0,I,MELB_URBAN,STREET,12,0.0
125885,4,3,171,5,5,50.0,0,N,TOWNS,ROAD,12,23.0
125886,1,3,160,5,3,60.0,0,N,MELB_URBAN,ROAD,12,2.0
125887,1,4,121,1,3,60.0,0,I,RURAL_VICTORIA,BOULEVARD,12,1.0
125888,1,4,130,2,9,60.0,0,I,MELB_URBAN,ROAD,10,18.0
125889,1,4,132,1,1,60.0,0,I,MELB_URBAN,STREET,11,15.0
125890,1,2,130,5,1,80.0,0,N,LARGE_PROVINCIAL_CITIES,STREET,12,14.0
125891,4,3,171,4,3,80.0,0,I,MELB_URBAN,ROAD,12,2.0
125892,1,4,116,2,1,50.0,0,I,MELB_URBAN,STREET,12,9.0
125893,1,4,99,2,1,50.0,0,I,MELB_URBAN,ROAD,12,7.0
125894,4,4,173,5,1,80.0,0,N,MELB_URBAN,ROAD,12,8.0
125895,1,6,110,1,4,80.0,0,I,MELB_URBAN,ROAD,12,21.0
125896,1,1,121,2,1,70.0,0,N,MELB_URBAN,ROAD,11,12.0
125897,1,4,120,5,5,100.0,1,N,RURAL_VICTORIA,HIGHWAY,12,0.0
125898,1,4,140,5,1,60.0,0,N,MELB_URBAN,STREET,12,9.0
125899,1,0,99,5,2,50.0,0,N,MELB_URBAN,AVENUE,12,20.0
125900,2,4,102,1,1,60.0,0,N,MELB_URBAN,ROAD,12,9.0
125901,4,7,99,2,1,50.0,0,I,LARGE_PROVINCIAL_CITIES,OTHER,10,15.0
125902,1,3,134,5,1,80.0,0,N,MELB_URBAN,ROAD,10,14.0
125903,1,4,130,1,1,60.0,0,I,MELB_URBAN,ROAD,11,13.0
125904,1,6,135,5,1,30.0,0,N,MELB_URBAN,ROAD,12,8.0
125905,1,3,130,5,1,60.0,0,N,RURAL_VICTORIA,FREEWAY,12,11.0
125906,4,2,173,1,1,80.0,0,I,MELB_URBAN,ROAD,12,14.0
125907,1,4,121,1,1,60.0,0,I,MELB_URBAN,STREET,12,7.0
125908,1,4,132,5,1,40.0,0,N,MELB_URBAN,ROAD,12,8.0
125909,6,1,170,5,1,60.0,0,N,MELB_URBAN,STREET,11,16.0
125910,1,2,130,5,1,60.0,0,N,LARGE_PROVINCIAL_CITIES,STREET,12,16.0
125911,1,2,110,1,1,50.0,0,I,MELB_URBAN,AVENUE,12,15.0
125912,1,4,130,5,1,60.0,0,N,MELB_URBAN,ROAD,12,12.0
125913,2,4,100,2,1,60.0,0,I,MELB_URBAN,ROAD,12,14.0
125914,1,4,99,1,1,50.0,0,I,MELB_URBAN,AVENUE,12,14.0
125915,8,5,184,5,1,80.0,0,N,RURAL_VICTORIA,ROAD,6,15.0
125916,1,4,163,5,1,40.0,0,N,LARGE_PROVINCIAL_CITIES,STREET,12,7.0
125917,1,3,130,5,1,110.0,0,N,RURAL_VICTORIA,FREEWAY,12,14.0
125918,4,4,99,5,1,50.0,0,N,MELB_URBAN,STREET,12,13.0
125919,4,2,181,5,5,100.0,0,N,RURAL_VICTORIA,ROAD,12,21.0
125920,1,4,135,5,1,60.0,0,N,MELB_URBAN,ROAD,12,16.0
125921,6,7,174,1,1,60.0,0,N,LARGE_PROVINCIAL_CITIES,ROAD,12,19.0
125922,1,3,130,5,1,60.0,0,N,MELB_URBAN,PARADE,12,11.0
125923,1,3,130,5,1,60.0,0,N,LARGE_PROVINCIAL_CITIES,STREET,12,13.0
125924,1,4,120,5,1,60.0,0,N,MELB_URBAN,HIGHWAY,12,14.0
125925,1,4,121,1,1,50.0,0,I,LARGE_PROVINCIAL_CITIES,STREET,12,12.0
125926,2,4,102,2,1,60.0,0,I,MELB_URBAN,ROAD,12,16.0
125927,1,4,147,5,1,60.0,0,N,MELB_URBAN,ROAD,12,16.0
125928,2,4,99,2,1,80.0,0,I,MELB_URBAN,ROAD,12,17.0
125929,1,4,132,5,1,60.0,0,N,MELB_URBAN,ROAD,12,15.0
125930,1,3,121,2,1,70.0,0,I,MELB_URBAN,ROAD,12,16.0
125931,1,1,130,1,9,80.0,0,I,MELB_URBAN,HIGHWAY,12,12.0
125932,1,4,132,2,1,60.0,0,I,TOWNS,STREET,12,18.0
125933,1,4,130,5,1,60.0,0,N,MELB_URBAN,ROAD,12,14.0
125934,1,2,134,5,9,60.0,0,N,MELB_URBAN,ROAD,12,19.0
125935,1,3,130,5,1,60.0,0,N,LARGE_PROVINCIAL_CITIES,OTHER,12,17.0
125936,1,3,130,5,1,80.0,0,N,MELB_URBAN,HIGHWAY,12,14.0
125937,1,3,110,1,2,50.0,0,I,TOWNS,STREET,12,19.0
125938,5,3,181,5,1,100.0,0,N,RURAL_VICTORIA,ROAD,12,14.0
125939,1,4,99,2,1,50.0,0,N,MELB_URBAN,DRIVE,12,18.0
125940,1,2,99,1,1,60.0,0,N,MELB_URBAN,ROAD,12,15.0
125941,8,3,99,5,1,50.0,0,N,MELB_URBAN,STREET,12,16.0
125942,6,3,170,5,2,100.0,0,N,RURAL_VICTORIA,ROAD,12,19.0
125943,1,4,113,2,1,60.0,0,I,MELB_URBAN,ROAD,12,14.0
125944,1,4,130,5,3,60.0,0,N,SMALL_CITIES,ROAD,12,23.0
125945,4,5,99,2,5,80.0,0,I,RURAL_VICTORIA,OTHER,12,0.0
125946,1,3,160,5,3,50.0,0,N,MELB_URBAN,ROAD,12,21.0
125947,1,5,135,5,5,100.0,0,N,RURAL_VICTORIA,HIGHWAY,12,2.0
125948,6,5,174,5,5,100.0,0,N,MELB_URBAN,FREEWAY,12,3.0
125949,1,1,130,5,1,80.0,0,N,MELB_URBAN,ROAD,12,9.0
125950,3,5,167,2,3,80.0,0,I,LARGE_PROVINCIAL_CITIES,ROAD,12,4.0
125951,1,5,110,1,3,60.0,0,I,LARGE_PROVINCIAL_CITIES,STREET,12,4.0
125952,1,3,121,1,1,60.0,0,I,RURAL_VICTORIA,BOULEVARD,12,16.0
125953,1,4,160,5,2,70.0,0,N,MELB_URBAN,ROAD,12,6.0
125954,1,4,99,5,1,60.0,0,N,RURAL_VICTORIA,ROAD,12,13.0
125955,1,5,99,2,1,80.0,0,I,MELB_URBAN,DRIVE,12,9.0
125956,1,4,147,5,9,60.0,0,N,MELB_URBAN,STREET,12,11.0
125957,1,5,121,1,1,60.0,0,I,MELB_URBAN,ROAD,12,8.0
125958,1,4,110,1,9,50.0,0,I,MELB_URBAN,STREET,12,9.0
125959,6,6,174,2,1,60.0,0,I,RURAL_VICTORIA,ROAD,12,16.0
125960,6,7,99,5,1,100.0,0,N,RURAL_VICTORIA,ROAD,12,14.0
125961,2,5,99,5,1,50.0,0,N,MELB_URBAN,OTHER,12,10.0
125962,1,5,113,2,1,80.0,0,N,MELB_URBAN,HIGHWAY,12,11.0
125963,1,4,132,2,1,100.0,0,I,SMALL_CITIES,ROAD,12,14.0
125964,8,5,174,1,1,60.0,0,I,MELB_URBAN,AVENUE,12,11.0
125965,4,5,183,5,1,100.0,0,N,RURAL_VICTORIA,ROAD,12,10.0
125966,1,4,99,1,1,60.0,0,I,MELB_URBAN,STREET,12,13.0
125967,1,6,113,1,1,70.0,0,I,MELB_URBAN,RAMP,12,11.0
125968,1,3,121,1,3,60.0,0,I,MELB_URBAN,HIGHWAY,12,21.0
125969,1,4,113,2,1,50.0,0,I,MELB_URBAN,DRIVE,12,13.0
125970,1,4,110,1,1,60.0,0,I,MELB_URBAN,ROAD,12,13.0
125971,1,5,110,1,1,60.0,0,I,SMALL_CITIES,STREET,12,15.0
125972,1,5,140,2,1,60.0,0,I,MELB_URBAN,ROAD,12,14.0
125973,1,4,130,5,1,80.0,0,N,MELB_URBAN,ROAD,12,15.0
125974,1,5,120,5,1,100.0,1,N,RURAL_VICTORIA,ROAD,12,10.0
125975,1,4,113,2,1,50.0,0,I,MELB_URBAN,ROAD,12,15.0
125976,1,3,130,1,1,60.0,0,N,SMALL_CITIES,STREET,12,12.0
125977,4,5,173,5,1,60.0,0,N,MELB_URBAN,ROAD,12,12.0
125978,1,3,121,1,1,60.0,0,I,LARGE_PROVINCIAL_CITIES,STREET,12,17.0
125979,1,5,121,1,1,60.0,0,I,MELB_URBAN,PARADE,12,18.0
125980,1,4,121,5,1,60.0,0,N,MELB_URBAN,ROAD,12,15.0
125981,1,6,121,2,1,60.0,0,I,MELB_URBAN,STREET,12,12.0
125982,4,5,173,5,2,100.0,0,N,RURAL_VICTORIA,HIGHWAY,12,18.0
125983,5,5,99,5,1,100.0,0,N,RURAL_VICTORIA,HIGHWAY,12,19.0
125984,1,4,121,5,1,50.0,0,N,MELB_URBAN,ROAD,12,16.0
125985,2,5,99,5,3,50.0,0,N,MELB_URBAN,AVENUE,12,21.0
125986,1,5,110,1,5,60.0,0,I,LARGE_PROVINCIAL_CITIES,AVENUE,12,21.0
125987,1,5,132,2,1,100.0,1,I,RURAL_VICTORIA,HIGHWAY,12,13.0
125988,1,4,110,1,3,60.0,0,I,SMALL_CITIES,AVENUE,12,22.0
125989,4,5,173,5,1,100.0,0,N,RURAL_VICTORIA,HIGHWAY,12,18.0
125990,1,7,113,2,1,50.0,0,I,MELB_URBAN,DRIVE,12,17.0
125991,2,0,100,1,1,50.0,0,I,MELB_URBAN,STREET,12,11.0
125992,1,5,110,1,2,50.0,0,I,TOWNS,STREET,12,20.0
125993,6,5,99,5,1,100.0,0,N,RURAL_VICTORIA,ROAD,12,12.0
125994,1,6,121,1,1,50.0,0,I,SMALL_CITIES,STREET,12,10.0
125995,8,4,99,2,1,60.0,0,I,MELB_URBAN,ROAD,12,14.0
125996,1,6,120,2,1,60.0,0,N,MELB_URBAN,ROAD,12,13.0
125997,1,4,99,5,1,50.0,0,N,MELB_URBAN,ROAD,12,10.0
125998,8,5,174,2,1,60.0,0,N,MELB_URBAN,OTHER,12,17.0
125999,4,5,171,5,1,80.0,0,N,RURAL_VICTORIA,ROAD,12,18.0
126000,1,5,99,5,3,40.0,0,N,MELBOURNE_CBD,STREET,12,22.0
126001,8,6,170,5,1,100.0,0,N,RURAL_VICTORIA,ROAD,12,14.0
126002,4,6,171,5,5,110.0,0,N,RURAL_VICTORIA,FREEWAY,12,21.0
126003,1,5,130,1,3,60.0,0,I,MELB_URBAN,STREET,12,20.0
126004,4,6,173,5,3,60.0,0,N,MELB_URBAN,ROAD,12,22.0
126005,6,5,174,5,5,100.0,0,N,RURAL_VICTORIA,ROAD,12,22.0
126006,2,5,100,5,1,60.0,0,N,SMALL_CITIES,DRIVE,12,7.0
126007,1,3,130,5,1,50.0,0,N,SMALL_CITIES,STREET,12,12.0
126008,1,7,110,1,1,60.0,0,I,SMALL_CITIES,STREET,12,10.0
126009,4,7,173,5,1,110.0,0,N,SMALL_CITIES,FREEWAY,12,11.0
126010,6,6,174,5,1,100.0,0,N,RURAL_VICTORIA,HIGHWAY,12,9.0
126011,4,7,171,5,1,100.0,0,N,RURAL_VICTORIA,OTHER,12,11.0
126012,1,5,134,5,9,60.0,0,N,MELB_URBAN,ROAD,12,19.0
126013,1,6,99,5,1,40.0,0,N,MELB_URBAN,ROAD,12,9.0
126014,1,5,132,5,1,70.0,0,N,MELB_URBAN,ROAD,12,14.0
126015,1,7,130,5,1,60.0,0,N,RURAL_VICTORIA,OTHER,12,12.0
126016,1,6,120,5,1,60.0,0,N,MELB_URBAN,ROAD,12,12.0
126017,1,7,121,5,1,60.0,0,N,LARGE_PROVINCIAL_CITIES,ROAD,12,12.0
126018,1,7,99,5,1,50.0,0,N,LARGE_PROVINCIAL_CITIES,PARADE,12,9.0
126019,1,7,160,5,1,50.0,0,N,MELB_URBAN,ROAD,12,9.0
126020,1,7,116,1,1,100.0,0,I,RURAL_VICTORIA,ROAD,12,17.0
126021,1,7,160,5,1,70.0,0,N,MELB_URBAN,ROAD,12,15.0
126022,1,6,121,4,3,60.0,0,N,MELB_URBAN,ROAD,12,22.0
126023,1,7,121,1,1,50.0,0,I,SMALL_CITIES,STREET,12,18.0
126024,4,6,173,5,1,100.0,0,N,RURAL_VICTORIA,HIGHWAY,12,14.0
126025,1,7,147,5,9,60.0,0,N,MELB_URBAN,ROAD,12,19.0
126026,1,6,130,5,1,60.0,0,N,MELB_URBAN,RAMP,12,19.0
126027,1,7,121,2,1,50.0,0,I,MELB_URBAN,DRIVE,12,19.0
126028,1,7,130,5,1,60.0,0,N,MELB_URBAN,ROAD,12,17.0
126029,1,6,133,2,1,40.0,0,I,MELBOURNE_CBD,STREET,12,20.0
126030,4,5,171,5,1,100.0,0,N,RURAL_VICTORIA,FREEWAY,12,16.0
126031,1,7,130,5,3,40.0,0,N,MELB_URBAN,STREET,12,23.0
126032,1,1,110,1,3,60.0,0,I,LARGE_PROVINCIAL_CITIES,STREET,12,0.0
126033,1,7,113,2,1,60.0,0,I,MELB_URBAN,ROAD,12,13.0
126034,1,7,113,4,1,80.0,0,I,MELB_URBAN,HIGHWAY,12,9.0
126035,4,6,181,5,1,100.0,0,N,RURAL_VICTORIA,ROAD,12,16.0
126036,6,0,170,5,5,100.0,0,N,RURAL_VICTORIA,HIGHWAY,12,5.0
126037,4,4,99,2,1,60.0,0,I,MELB_URBAN,ROAD,12,16.0
126038,1,1,110,1,1,50.0,0,I,TOWNS,STREET,12,9.0
126039,1,5,130,5,1,60.0,0,N,MELB_URBAN,STREET,11,16.0
126040,1,0,116,1,1,60.0,0,I,MELB_URBAN,ROAD,12,11.0
126041,1,4,99,1,1,80.0,0,I,SMALL_CITIES,ROAD,11,13.0
126042,1,1,140,2,1,100.0,0,I,RURAL_VICTORIA,HIGHWAY,12,10.0
126043,4,4,171,5,1,110.0,0,N,SMALL_CITIES,FREEWAY,12,10.0
126044,1,2,121,1,1,60.0,0,I,MELB_URBAN,ROAD,12,17.0
126045,4,7,183,5,1,80.0,0,N,RURAL_VICTORIA,ROAD,12,16.0
126046,6,5,174,1,1,40.0,0,N,MELBOURNE_CBD,STREET,12,15.0
126047,1,4,110,1,1,100.0,0,I,RURAL_VICTORIA,ROAD,12,17.0
126048,1,1,147,5,1,60.0,0,N,MELB_URBAN,ROAD,12,13.0
126049,1,0,130,5,1,100.0,0,N,MELB_URBAN,FREEWAY,12,13.0
126050,1,1,110,1,1,50.0,0,I,TOWNS,STREET,12,15.0
126051,1,1,99,2,1,50.0,0,N,MELB_URBAN,ROAD,12,12.0
126052,1,1,163,5,1,40.0,0,N,MELB_URBAN,ROAD,12,15.0
126053,1,0,130,5,1,50.0,0,N,MELB_URBAN,ROAD,12,16.0
126054,1,1,130,1,1,80.0,0,N,RURAL_VICTORIA,HIGHWAY,12,15.0
126055,1,1,160,5,1,50.0,0,N,MELB_URBAN,ROAD,12,17.0
126056,4,1,181,5,1,100.0,0,N,RURAL_VICTORIA,ROAD,12,17.0
126057,4,0,183,5,1,60.0,0,N,RURAL_VICTORIA,ROAD,12,15.0
126058,1,1,121,1,1,60.0,0,I,MELB_URBAN,STREET,12,15.0
126059,1,1,99,2,1,60.0,0,I,MELB_URBAN,ROAD,12,17.0
126060,1,7,147,5,1,80.0,0,N,RURAL_VICTORIA,DRIVE,12,18.0
126061,1,1,121,1,2,60.0,0,I,MELB_URBAN,HIGHWAY,12,18.0
126062,1,1,130,1,3,80.0,0,I,MELB_URBAN,ROAD,12,21.0
126063,4,1,181,5,5,100.0,0,N,RURAL_VICTORIA,ROAD,12,21.0
126064,2,2,99,5,3,50.0,0,N,SMALL_CITIES,OTHER,12,2.0
126065,4,1,173,1,4,50.0,0,N,SMALL_TOWNS,STREET,12,23.0
126066,1,5,113,2,1,60.0,0,I,MELB_URBAN,ROAD,12,8.0
126067,8,2,174,5,1,60.0,0,N,MELB_URBAN,ROAD,12,8.0
126068,1,6,130,5,1,80.0,0,N,MELB_URBAN,FREEWAY,12,15.0
126069,1,0,121,2,3,80.0,0,I,RURAL_VICTORIA,HIGHWAY,12,19.0
126070,6,3,184,5,9,60.0,0,N,RURAL_VICTORIA,ROAD,11,12.0
126071,4,2,181,5,5,60.0,1,N,RURAL_VICTORIA,ROAD,12,0.0
126072,6,2,99,5,1,100.0,0,N,RURAL_VICTORIA,ROAD,12,10.0
126073,7,7,184,2,1,100.0,0,I,RURAL_VICTORIA,ROAD,12,14.0
126074,2,1,102,1,1,60.0,0,I,MELB_URBAN,STREET,12,12.0
126075,1,7,99,4,1,60.0,0,I,MELB_URBAN,RAMP,12,18.0
126076,4,2,183,5,1,80.0,0,N,RURAL_VICTORIA,ROAD,12,12.0
126077,1,7,121,2,1,60.0,0,I,MELB_URBAN,DRIVE,12,19.0
126078,1,2,121,2,1,60.0,0,N,SMALL_CITIES,STREET,12,14.0
126079,4,2,99,5,1,50.0,0,N,MELB_URBAN,OTHER,12,14.0
126080,1,1,135,5,1,40.0,0,N,MELB_URBAN,STREET,12,16.0
126081,1,1,110,1,1,50.0,0,I,LARGE_PROVINCIAL_CITIES,STREET,12,15.0
126082,6,2,174,2,1,60.0,0,N,MELB_URBAN,STREET,12,13.0
126083,1,7,121,2,1,60.0,0,I,MELB_URBAN,STREET,12,13.0
126084,1,2,99,2,1,70.0,0,N,MELB_URBAN,ROAD,12,14.0
126085,1,2,171,5,1,50.0,0,N,LARGE_PROVINCIAL_CITIES,STREET,12,17.0
126086,4,2,171,5,1,100.0,0,N,RURAL_VICTORIA,ROAD,12,16.0
126087,1,2,121,2,1,60.0,0,I,MELB_URBAN,STREET,12,17.0
126088,6,2,99,5,1,60.0,0,I,RURAL_VICTORIA,ROAD,12,13.0
126089,1,2,111,2,1,50.0,0,I,RURAL_VICTORIA,DRIVE,12,16.0
126090,4,2,171,5,1,60.0,0,N,RURAL_VICTORIA,OTHER,12,12.0
126091,1,2,121,4,1,60.0,0,I,MELB_URBAN,STREET,12,18.0
126092,1,2,140,5,1,40.0,0,N,MELB_URBAN,STREET,12,17.0
126093,1,2,120,5,2,50.0,0,N,MELB_URBAN,STREET,12,19.0
126094,4,2,171,5,3,80.0,0,N,MELB_URBAN,FREEWAY,12,22.0
126095,4,2,173,5,5,100.0,0,N,RURAL_VICTORIA,ROAD,12,3.0
126096,1,3,120,5,3,60.0,0,N,MELB_URBAN,ROAD,12,3.0
126097,6,4,174,1,3,60.0,0,I,LARGE_PROVINCIAL_CITIES,ROAD,12,22.0
126098,1,2,110,1,1,80.0,0,I,TOWNS,HIGHWAY,12,12.0
126099,1,4,132,1,1,60.0,0,I,RURAL_VICTORIA,ROAD,12,16.0
126100,1,3,110,1,1,80.0,0,I,RURAL_VICTORIA,STREET,12,8.0
126101,1,3,110,1,1,110.0,0,N,RURAL_VICTORIA,FREEWAY,12,9.0
126102,8,1,174,2,6,50.0,0,I,MELB_URBAN,STREET,12,23.0