,accident_type,day_of_week,dca_code,road_geometry,light_condition,speed_zone,severity,node_type,deg_urban_name,road_type,month,hour
126103,1,6,133,5,2,80.0,0,N,LARGE_PROVINCIAL_CITIES,HIGHWAY,12,20.0
126104,1,5,121,1,3,60.0,0,I,RURAL_VICTORIA,ROAD,12,23.0
126105,4,2,183,5,1,100.0,0,N,RURAL_VICTORIA,ROAD,12,11.0
126106,1,4,113,2,1,80.0,0,I,MELB_URBAN,ROAD,12,17.0
126107,4,4,171,5,9,50.0,0,N,MELB_URBAN,ROAD,11,12.0
126108,1,3,99,2,1,60.0,0,N,RURAL_VICTORIA,UNKNOWN,12,15.0
126109,1,3,130,5,1,80.0,0,N,MELB_URBAN,FREEWAY,12,10.0
126110,1,3,121,2,1,60.0,0,I,MELB_URBAN,ROAD,12,13.0
126111,1,3,121,2,9,60.0,0,N,MELB_URBAN,ROAD,11,14.0
126112,6,3,174,5,1,70.0,0,N,LARGE_PROVINCIAL_CITIES,ROAD,12,15.0
126113,1,3,130,5,1,80.0,0,N,MELB_URBAN,OTHER,12,16.0
126114,4,3,181,5,1,80.0,0,N,RURAL_VICTORIA,ROAD,12,17.0
126115,1,2,110,1,1,80.0,0,I,MELB_URBAN,ROAD,12,19.0
126116,1,2,110,1,1,60.0,0,I,SMALL_TOWNS,ROAD,12,14.0
126117,1,1,134,5,1,60.0,0,N,MELB_URBAN,HIGHWAY,12,11.0
126118,8,2,174,4,3,60.0,0,N,MELB_URBAN,ROAD,12,23.0
126119,2,3,100,5,1,60.0,0,N,MELB_URBAN,ROAD,12,16.0
126120,1,2,121,1,1,60.0,0,I,MELB_URBAN,ROAD,12,16.0
126121,1,3,99,1,5,80.0,0,I,LARGE_PROVINCIAL_CITIES,ROAD,12,23.0
126122,2,2,102,5,3,40.0,0,N,MELB_URBAN,BOULEVARD,12,22.0
126123,1,2,130,5,5,100.0,0,N,RURAL_VICTORIA,HIGHWAY,12,21.0
126124,1,7,134,5,1,70.0,0,N,MELB_URBAN,ROAD,12,11.0
126125,1,4,111,1,1,60.0,0,I,MELB_URBAN,STREET,12,7.0
126126,1,3,110,1,1,60.0,0,I,MELB_URBAN,STREET,12,7.0
126127,1,4,99,5,1,60.0,0,N,MELB_URBAN,STREET,6,15.0
126128,4,3,99,5,1,40.0,0,N,MELB_URBAN,STREET,12,11.0
126129,1,4,120,5,1,80.0,0,N,RURAL_VICTORIA,OTHER,12,11.0
126130,1,4,130,5,1,40.0,0,N,MELB_URBAN,ROAD,12,12.0
126131,1,4,120,2,9,60.0,0,I,MELB_URBAN,STREET,12,20.0
126132,4,3,173,5,5,100.0,0,N,RURAL_VICTORIA,ROAD,12,21.0
126133,8,4,174,2,1,50.0,0,I,RURAL_VICTORIA,ROAD,9,9.0
126134,4,4,183,5,1,100.0,0,N,RURAL_VICTORIA,ROAD,12,11.0
126135,1,4,113,2,1,40.0,0,I,MELB_URBAN,STREET,12,13.0
126136,1,4,132,2,1,60.0,0,I,MELB_URBAN,ROAD,12,14.0
126137,1,3,110,1,1,40.0,0,I,MELB_URBAN,STREET,12,13.0
126138,1,0,110,1,1,50.0,0,I,MELB_URBAN,ROAD,12,10.0
126139,1,4,120,5,1,70.0,0,N,RURAL_VICTORIA,ROAD,12,13.0
126140,1,4,120,5,1,80.0,0,N,RURAL_VICTORIA,ROAD,12,12.0
126141,1,3,113,2,1,60.0,0,I,SMALL_CITIES,ROAD,12,15.0
126142,1,4,113,2,1,70.0,0,I,MELB_URBAN,ROAD,12,14.0
126143,4,4,99,2,1,50.0,0,I,SMALL_CITIES,STREET,12,13.0
126144,4,0,171,5,5,80.0,0,N,RURAL_VICTORIA,ROAD,12,21.0
126145,1,3,121,2,9,60.0,0,I,MELB_URBAN,HIGHWAY,12,16.0
126146,1,3,163,5,1,40.0,0,N,MELB_URBAN,ROAD,12,18.0
126147,1,4,99,2,1,60.0,0,N,MELB_URBAN,STREET,12,17.0
126148,6,4,174,5,2,50.0,0,N,MELB_URBAN,STREET,12,19.0
126149,4,4,173,5,1,100.0,0,N,RURAL_VICTORIA,ROAD,12,19.0
126150,1,4,140,5,9,60.0,0,N,MELB_URBAN,ROAD,12,5.0
126151,4,4,181,5,5,100.0,0,N,RURAL_VICTORIA,ROAD,12,20.0
126152,1,5,130,1,3,40.0,0,I,MELB_URBAN,STREET,12,1.0
126153,6,5,99,5,3,60.0,0,N,TOWNS,STREET,12,3.0
126154,4,1,173,5,1,80.0,0,N,RURAL_VICTORIA,ROAD,12,13.0
126155,4,4,181,5,2,100.0,0,N,RURAL_VICTORIA,ROAD,12,19.0
126156,1,5,110,1,1,80.0,0,I,SMALL_CITIES,ROAD,12,7.0
126157,4,4,99,2,1,80.0,0,I,RURAL_VICTORIA,UNKNOWN,12,6.0
126158,6,4,99,5,5,100.0,0,N,RURAL_VICTORIA,ROAD,12,5.0
126159,1,2,130,5,2,60.0,0,N,RURAL_VICTORIA,ROAD,12,5.0
126160,4,4,171,5,1,100.0,0,N,RURAL_VICTORIA,ROAD,12,11.0
126161,1,3,130,5,1,70.0,0,N,MELB_URBAN,STREET,12,7.0
126162,1,5,99,5,9,50.0,0,N,MELB_URBAN,ROAD,12,4.0
126163,4,5,171,5,1,50.0,0,N,MELB_URBAN,ROAD,12,12.0
126164,1,4,110,1,1,60.0,0,I,LARGE_PROVINCIAL_CITIES,STREET,12,14.0
126165,1,2,130,2,1,60.0,0,I,MELB_URBAN,STREET,12,12.0
126166,4,5,173,5,1,100.0,0,N,RURAL_VICTORIA,OTHER,12,13.0
126167,6,5,174,5,1,100.0,0,N,RURAL_VICTORIA,OTHER,12,14.0
126168,1,5,110,1,1,60.0,0,I,TOWNS,STREET,12,14.0
126169,1,1,111,2,1,100.0,0,I,RURAL_VICTORIA,HIGHWAY,12,17.0
126170,8,4,170,5,1,100.0,0,N,RURAL_VICTORIA,ROAD,12,12.0
126171,1,5,130,2,1,60.0,0,I,MELB_URBAN,ROAD,12,14.0
126172,4,4,181,5,1,80.0,0,N,MELB_URBAN,HIGHWAY,12,15.0
126173,1,5,147,5,1,80.0,0,N,MELB_URBAN,HIGHWAY,12,17.0
126174,1,5,116,1,1,100.0,0,I,RURAL_VICTORIA,HIGHWAY,12,17.0
126175,1,5,130,5,1,60.0,0,N,MELB_URBAN,ROAD,12,17.0
126176,1,5,99,5,1,60.0,0,N,MELB_URBAN,ROAD,12,14.0
126177,1,4,110,1,1,80.0,0,I,LARGE_PROVINCIAL_CITIES,HIGHWAY,12,16.0
126178,1,5,130,5,1,100.0,0,N,RURAL_VICTORIA,ROAD,12,19.0
126179,1,5,130,5,1,60.0,0,N,MELB_URBAN,ROAD,12,17.0
126180,1,5,130,5,3,50.0,0,N,MELB_URBAN,STREET,12,3.0
126181,6,5,170,5,5,100.0,0,N,RURAL_VICTORIA,ROAD,12,22.0
126182,4,5,173,5,4,60.0,0,N,LARGE_PROVINCIAL_CITIES,STREET,12,23.0
126183,4,6,183,5,3,50.0,0,N,MELB_URBAN,OTHER,1,0.0
126184,2,6,99,2,3,50.0,0,N,MELB_URBAN,OTHER,1,1.0
126185,4,5,171,5,5,100.0,0,N,RURAL_VICTORIA,ROAD,12,23.0
126186,1,6,110,1,5,60.0,0,I,MELB_URBAN,ROAD,1,4.0
126187,4,6,181,5,1,100.0,0,N,RURAL_VICTORIA,ROAD,1,7.0
126188,4,6,173,1,1,60.0,0,I,MELB_URBAN,ROAD,1,9.0
126189,1,6,110,1,1,60.0,0,I,MELB_URBAN,ROAD,1,7.0
126190,4,5,173,5,1,80.0,0,N,RURAL_VICTORIA,HIGHWAY,1,11.0
126191,1,6,160,5,1,50.0,0,N,RURAL_VICTORIA,BOULEVARD,1,11.0
126192,1,1,99,2,2,50.0,0,N,SMALL_TOWNS,OTHER,12,17.0
126193,1,6,121,2,1,60.0,0,I,MELB_URBAN,ROAD,1,9.0
126194,1,6,140,5,1,60.0,0,N,MELB_URBAN,ROAD,1,10.0
126195,1,6,110,1,1,50.0,0,I,MELB_URBAN,AVENUE,1,11.0
126196,4,6,99,1,1,100.0,0,I,RURAL_VICTORIA,ROAD,1,10.0
126197,1,5,130,2,3,60.0,0,I,MELB_URBAN,ROAD,12,22.0
126198,1,5,116,2,1,60.0,0,I,MELB_URBAN,ROAD,12,13.0
126199,8,3,174,5,1,60.0,0,N,RURAL_VICTORIA,ROAD,12,12.0
126200,1,5,133,5,3,100.0,0,N,MELB_URBAN,ROAD,1,1.0
126201,1,4,99,5,1,50.0,0,N,MELB_URBAN,ROAD,12,16.0
126202,4,6,183,5,1,100.0,0,N,RURAL_VICTORIA,ROAD,1,11.0
126203,1,6,99,2,1,50.0,0,N,TOWNS,STREET,1,13.0
126204,1,6,99,2,1,60.0,0,I,LARGE_PROVINCIAL_CITIES,HIGHWAY,1,16.0
126205,6,5,170,5,1,100.0,0,N,RURAL_VICTORIA,ROAD,12,18.0
126206,1,1,113,2,1,60.0,0,I,RURAL_VICTORIA,HIGHWAY,12,12.0
126207,1,5,130,1,9,60.0,0,I,LARGE_PROVINCIAL_CITIES,ROAD,11,12.0
126208,4,5,173,5,1,100.0,0,N,RURAL_VICTORIA,HIGHWAY,1,17.0
126209,1,5,160,5,1,50.0,0,N,MELB_URBAN,STREET,1,16.0
126210,4,6,173,5,1,100.0,0,N,RURAL_VICTORIA,HIGHWAY,1,18.0
126211,8,6,174,2,1,50.0,0,I,MELB_URBAN,DRIVE,1,17.0
126212,1,6,99,5,3,70.0,0,N,MELB_URBAN,ROAD,1,21.0
126213,4,6,181,5,3,60.0,0,N,MELB_URBAN,ROAD,1,21.0
126214,1,6,130,5,1,50.0,0,N,MELB_URBAN,ROAD,1,17.0
126215,4,6,171,5,2,110.0,0,N,RURAL_VICTORIA,FREEWAY,1,5.0
126216,5,6,99,5,5,80.0,0,N,RURAL_VICTORIA,OTHER,1,4.0
126217,2,6,99,5,3,40.0,0,N,MELB_URBAN,STREET,1,23.0
126218,8,6,99,1,3,60.0,0,I,MELB_URBAN,AVENUE,1,23.0
126219,4,7,173,5,2,80.0,0,N,MELB_URBAN,ROAD,1,5.0
126220,4,6,173,5,3,50.0,0,N,MELB_URBAN,DRIVE,1,3.0
126221,5,7,99,5,1,80.0,0,N,MELB_URBAN,HIGHWAY,1,8.0
126222,1,7,130,5,1,80.0,0,N,RURAL_VICTORIA,ROAD,1,8.0
126223,1,6,121,5,1,60.0,0,N,MELB_URBAN,ROAD,12,15.0
126224,1,4,130,2,1,80.0,0,N,MELB_URBAN,OTHER,12,16.0
126225,4,7,173,5,1,100.0,0,N,RURAL_VICTORIA,HIGHWAY,1,10.0
126226,2,3,99,5,9,40.0,0,N,MELBOURNE_CBD,STREET,12,10.0
126227,1,7,132,2,1,100.0,0,N,RURAL_VICTORIA,ROAD,1,13.0
126228,4,7,173,5,1,50.0,0,N,MELB_URBAN,AVENUE,1,11.0
126229,1,7,110,1,1,50.0,0,I,MELB_URBAN,DRIVE,1,9.0
126230,1,7,120,5,1,100.0,0,N,RURAL_VICTORIA,HIGHWAY,1,11.0
126231,1,6,110,1,1,70.0,0,I,MELB_URBAN,ROAD,1,15.0
126232,6,6,174,5,1,100.0,0,N,RURAL_VICTORIA,OTHER,12,11.0
126233,4,6,181,5,1,60.0,0,N,RURAL_VICTORIA,ROAD,1,14.0
126234,4,6,171,5,1,60.0,0,N,MELB_URBAN,ROAD,1,16.0
126235,4,5,181,5,5,50.0,0,N,RURAL_VICTORIA,ROAD,12,22.0
126236,6,7,99,5,1,80.0,0,N,RURAL_VICTORIA,ROAD,1,17.0
126237,1,6,121,1,1,60.0,0,I,SMALL_CITIES,STREET,1,15.0
126238,1,7,111,2,1,80.0,0,I,MELB_URBAN,STREET,1,18.0
126239,1,6,99,5,1,60.0,0,N,MELB_URBAN,DRIVE,1,18.0
126240,1,6,130,4,1,60.0,0,N,MELB_URBAN,RAMP,1,19.0
126241,1,6,110,1,3,70.0,0,I,MELB_URBAN,ROAD,1,22.0
126242,4,7,173,5,1,100.0,0,N,RURAL_VICTORIA,HIGHWAY,1,19.0
126243,4,6,171,5,3,60.0,0,N,MELB_URBAN,AVENUE,1,3.0
126244,1,0,160,5,3,60.0,0,N,MELB_URBAN,ROAD,1,1.0
126245,1,7,135,5,1,100.0,0,N,MELB_URBAN,FREEWAY,1,12.0
126246,1,3,132,1,1,60.0,0,I,MELB_URBAN,STREET,12,15.0
126247,1,7,121,1,6,60.0,0,I,MELB_URBAN,PARADE,4,18.0
126248,1,1,113,2,1,40.0,0,I,LARGE_PROVINCIAL_CITIES,AVENUE,1,9.0
126249,6,5,99,5,2,100.0,0,N,RURAL_VICTORIA,ROAD,1,5.0
126250,2,1,102,2,1,40.0,0,I,MELB_URBAN,STREET,1,10.0
126251,1,0,160,5,1,50.0,0,I,SMALL_CITIES,DRIVE,1,11.0
126252,1,1,113,4,1,60.0,0,I,TOWNS,ROAD,1,11.0
126253,1,3,130,5,1,60.0,0,N,MELB_URBAN,ROAD,12,11.0
126254,1,1,121,2,1,50.0,0,I,MELB_URBAN,STREET,1,13.0
126255,1,1,160,5,1,60.0,0,N,MELB_URBAN,OTHER,1,9.0
126256,1,1,130,5,1,80.0,0,N,RURAL_VICTORIA,ROAD,1,12.0
126257,4,0,183,5,1,100.0,0,N,RURAL_VICTORIA,ROAD,1,13.0
126258,4,1,183,5,1,40.0,0,N,MELB_URBAN,OTHER,1,15.0
126259,8,7,184,5,1,100.0,0,N,RURAL_VICTORIA,ROAD,12,12.0
126260,3,6,167,3,1,100.0,0,I,RURAL_VICTORIA,ROAD,1,13.0
126261,1,1,110,1,1,60.0,0,I,MELB_URBAN,STREET,1,14.0
126262,4,1,173,5,1,100.0,0,N,RURAL_VICTORIA,ROAD,1,16.0
126263,4,1,183,5,1,100.0,0,N,RURAL_VICTORIA,ROAD,1,14.0
126264,1,0,99,5,1,100.0,0,N,MELB_URBAN,FREEWAY,1,16.0
126265,8,1,184,5,1,50.0,0,N,MELB_URBAN,AVENUE,1,19.0
126266,1,1,130,5,1,80.0,0,N,LARGE_PROVINCIAL_CITIES,ROAD,11,8.0
126267,1,1,99,1,1,80.0,0,I,MELB_URBAN,HIGHWAY,1,16.0
126268,1,1,110,1,3,50.0,0,I,TOWNS,STREET,1,21.0
126269,1,0,99,2,6,60.0,0,I,MELB_URBAN,AVENUE,1,22.0
126270,1,1,111,2,3,50.0,0,I,SMALL_CITIES,STREET,1,21.0
126271,4,1,183,2,5,50.0,0,I,RURAL_VICTORIA,ROAD,1,22.0
126272,6,1,174,5,2,100.0,1,N,RURAL_VICTORIA,ROAD,1,19.0
126273,4,1,173,5,3,80.0,0,N,LARGE_PROVINCIAL_CITIES,STREET,1,22.0
126274,4,1,171,5,5,100.0,1,N,RURAL_VICTORIA,ROAD,1,20.0
126275,4,0,171,5,5,100.0,0,N,RURAL_VICTORIA,ROAD,1,23.0
126276,1,0,130,2,1,60.0,0,I,MELB_URBAN,ROAD,1,14.0
126277,1,6,160,2,3,60.0,0,I,LARGE_PROVINCIAL_CITIES,STREET,12,22.0
126278,6,1,170,5,5,80.0,0,N,RURAL_VICTORIA,ROAD,1,20.0
126279,1,3,110,1,1,60.0,0,I,SMALL_CITIES,OTHER,8,14.0
126280,1,2,160,5,1,60.0,0,N,MELB_URBAN,ROAD,1,7.0
126281,4,2,181,5,1,100.0,0,N,RURAL_VICTORIA,ROAD,1,6.0
126282,1,6,113,2,1,70.0,0,I,MELB_URBAN,HIGHWAY,11,17.0
126283,1,5,140,5,1,60.0,0,N,MELB_URBAN,STREET,12,14.0
126284,4,5,173,5,1,100.0,0,N,RURAL_VICTORIA,FREEWAY,8,13.0
126285,1,2,130,5,1,80.0,0,N,RURAL_VICTORIA,ROAD,1,9.0
126286,1,0,99,2,1,60.0,0,N,TOWNS,ROAD,1,10.0
126287,6,2,174,5,1,50.0,0,N,MELB_URBAN,OTHER,1,12.0
126288,1,2,99,5,1,50.0,0,N,MELB_URBAN,BOULEVARD,1,11.0
126289,1,2,113,2,1,50.0,0,I,MELB_URBAN,ROAD,1,10.0
126290,6,4,174,5,1,60.0,0,N,LARGE_PROVINCIAL_CITIES,STREET,12,11.0
126291,4,5,171,5,3,60.0,0,N,MELB_URBAN,ROAD,12,2.0
126292,1,5,120,5,5,60.0,0,N,LARGE_PROVINCIAL_CITIES,AVENUE,12,23.0
126293,1,0,130,5,1,80.0,0,N,MELB_URBAN,HIGHWAY,1,11.0
126294,1,2,120,5,1,50.0,0,N,MELB_URBAN,ROAD,1,12.0
126295,4,6,173,5,5,100.0,0,N,RURAL_VICTORIA,HIGHWAY,11,23.0
126296,1,2,132,1,1,60.0,0,I,SMALL_TOWNS,HIGHWAY,1,13.0
126297,1,6,160,5,1,40.0,0,N,MELB_URBAN,STREET,12,9.0
126298,3,1,167,5,1,60.0,0,N,RURAL_VICTORIA,ROAD,12,12.0
126299,6,2,184,5,1,100.0,0,N,RURAL_VICTORIA,ROAD,1,15.0
126300,4,2,183,5,1,80.0,0,N,RURAL_VICTORIA,ROAD,1,14.0
126301,8,2,170,5,1,100.0,0,N,RURAL_VICTORIA,ROAD,1,13.0
126302,1,5,99,1,1,60.0,0,I,MELB_URBAN,ROAD,12,15.0
126303,1,1,134,5,1,110.0,0,N,SMALL_TOWNS,FREEWAY,1,16.0
126304,1,7,99,5,9,60.0,0,N,MELB_URBAN,ROAD,1,11.0
126305,1,1,111,2,1,40.0,0,I,MELB_URBAN,ROAD,1,13.0
126306,1,2,111,2,1,50.0,0,I,MELB_URBAN,ROAD,1,13.0
126307,4,2,181,5,1,100.0,0,N,RURAL_VICTORIA,ROAD,1,16.0
126308,6,3,174,5,1,40.0,0,N,TOWNS,STREET,12,15.0
126309,1,1,130,2,1,80.0,0,N,MELB_URBAN,ROAD,1,16.0
126310,6,2,99,5,2,60.0,0,N,LARGE_PROVINCIAL_CITIES,ROAD,1,20.0
126311,4,2,171,4,3,60.0,0,I,RURAL_VICTORIA,ROAD,1,22.0
126312,4,2,173,5,1,60.0,1,N,MELB_URBAN,ROAD,1,20.0
126313,4,3,99,5,5,60.0,0,N,MELB_URBAN,ROAD,1,3.0
126314,1,4,116,2,1,50.0,0,I,MELB_URBAN,ROAD,11,12.0
126315,1,4,113,2,1,60.0,0,I,MELB_URBAN,ROAD,12,11.0
126316,1,5,134,5,3,40.0,0,N,MELBOURNE_CBD,STREET,12,20.0
126317,1,7,113,2,1,60.0,0,I,MELB_URBAN,DRIVE,1,16.0
126318,1,3,110,1,1,50.0,0,I,LARGE_PROVINCIAL_CITIES,STREET,1,8.0
126319,1,2,132,1,1,100.0,0,I,RURAL_VICTORIA,HIGHWAY,1,9.0
126320,1,3,99,2,1,40.0,0,N,MELB_URBAN,ROAD,1,10.0
126321,1,2,121,2,1,60.0,0,I,MELB_URBAN,ROAD,9,17.0
126322,1,6,130,1,1,80.0,0,N,MELB_URBAN,ROAD,12,12.0
126323,2,3,100,5,1,60.0,0,N,MELB_URBAN,ROAD,1,10.0
126324,1,3,113,2,1,50.0,0,I,MELB_URBAN,ROAD,1,9.0
126325,1,2,171,5,5,80.0,0,N,RURAL_VICTORIA,ROAD,1,22.0
126326,1,3,99,5,1,60.0,0,N,RURAL_VICTORIA,ROAD,1,10.0
126327,1,2,110,1,1,100.0,0,I,RURAL_VICTORIA,ROAD,1,11.0
126328,1,6,110,1,1,50.0,0,I,SMALL_CITIES,ROAD,12,9.0
126329,1,2,120,5,1,60.0,0,N,MELB_URBAN,ROAD,1,14.0
126330,1,4,130,1,1,60.0,0,N,MELB_URBAN,ROAD,12,19.0
126331,4,3,99,5,1,50.0,0,N,MELB_URBAN,PARADE,1,14.0
126332,8,3,174,5,1,100.0,0,N,RURAL_VICTORIA,OTHER,1,13.0
126333,1,3,120,5,1,60.0,0,N,MELB_URBAN,DRIVE,1,15.0
126334,1,2,113,2,1,80.0,0,I,RURAL_VICTORIA,HIGHWAY,1,15.0
126335,1,3,113,2,1,70.0,0,I,MELB_URBAN,ROAD,1,16.0
126336,1,2,130,2,1,60.0,0,N,MELB_URBAN,ROAD,1,12.0
126337,1,2,110,1,1,80.0,0,I,RURAL_VICTORIA,ROAD,1,15.0
126338,1,2,160,5,2,50.0,0,N,MELB_URBAN,STREET,1,17.0
126339,6,3,99,5,1,80.0,0,N,RURAL_VICTORIA,ROAD,1,9.0
126340,2,3,102,5,1,50.0,0,N,MELB_URBAN,STREET,12,15.0
126341,1,4,147,5,1,60.0,0,N,MELB_URBAN,ROAD,11,14.0
126342,1,6,147,5,9,60.0,0,N,MELB_URBAN,ROAD,1,17.0
126343,1,2,160,5,1,60.0,0,N,MELB_URBAN,BOULEVARD,12,13.0
126344,4,2,181,5,1,100.0,0,N,RURAL_VICTORIA,ROAD,1,18.0
126345,1,2,99,1,1,60.0,0,I,MELB_URBAN,ROAD,1,8.0
126346,1,6,99,2,1,50.0,0,I,MELB_URBAN,ROAD,12,17.0
126347,1,3,110,1,1,80.0,0,I,SMALL_TOWNS,ROAD,1,20.0
126348,5,0,99,5,5,60.0,0,N,RURAL_VICTORIA,ROAD,12,20.0
126349,8,4,99,5,5,100.0,0,N,RURAL_VICTORIA,ROAD,1,1.0
126350,1,2,130,5,1,50.0,0,N,MELB_URBAN,ROAD,1,14.0
126351,4,3,183,5,1,110.0,0,N,RURAL_VICTORIA,FREEWAY,1,15.0
126352,4,4,99,5,1,70.0,0,N,MELB_URBAN,STREET,1,6.0
126353,1,3,132,1,2,80.0,0,I,RURAL_VICTORIA,ROAD,1,19.0
126354,1,3,99,5,1,60.0,0,N,RURAL_VICTORIA,ROAD,1,10.0
126355,1,3,121,1,1,40.0,0,I,MELB_URBAN,ROAD,1,17.0
126356,1,2,130,5,1,110.0,0,N,RURAL_VICTORIA,FREEWAY,1,16.0
126357,1,4,133,5,1,80.0,0,N,MELB_URBAN,HIGHWAY,1,11.0
126358,4,4,171,5,1,80.0,0,N,RURAL_VICTORIA,HIGHWAY,1,12.0
126359,1,4,135,5,1,80.0,0,N,MELB_URBAN,ROAD,1,10.0
126360,1,4,121,5,1,60.0,0,N,MELB_URBAN,ROAD,12,15.0
126361,6,7,174,5,1,40.0,0,N,TOWNS,STREET,1,11.0
126362,6,1,174,5,1,100.0,0,N,RURAL_VICTORIA,ROAD,1,14.0
126363,1,0,130,2,1,80.0,0,I,LARGE_PROVINCIAL_CITIES,ROAD,11,16.0
126364,5,3,183,5,1,100.0,0,N,RURAL_VICTORIA,ROAD,1,13.0
126365,4,4,173,5,1,80.0,0,N,MELB_URBAN,ROAD,1,16.0
126366,1,4,110,1,1,50.0,0,I,MELB_URBAN,DRIVE,1,17.0
126367,1,3,130,5,1,60.0,0,N,MELB_URBAN,ROAD,1,9.0
126368,1,4,113,2,1,60.0,0,N,MELB_URBAN,ROAD,1,15.0
126369,1,5,110,1,9,60.0,0,I,MELB_URBAN,STREET,12,16.0
126370,1,5,130,1,1,40.0,0,I,MELB_URBAN,STREET,10,16.0
126371,6,3,99,5,1,60.0,0,N,RURAL_VICTORIA,ROAD,1,18.0
126372,1,4,110,1,1,60.0,0,I,LARGE_PROVINCIAL_CITIES,STREET,1,19.0
126373,1,3,147,5,1,60.0,0,N,MELB_URBAN,BOULEVARD,1,17.0
126374,1,4,130,1,2,60.0,0,I,MELB_URBAN,ROAD,1,19.0
126375,1,4,140,1,1,50.0,0,I,MELB_URBAN,UNKNOWN,1,18.0
126376,4,4,171,5,1,100.0,0,N,RURAL_VICTORIA,ROAD,1,18.0
126377,1,3,121,1,1,40.0,0,I,MELB_URBAN,STREET,1,16.0
126378,1,4,110,1,2,100.0,0,I,RURAL_VICTORIA,ROAD,1,20.0
126379,4,4,173,5,1,50.0,0,N,TOWNS,STREET,1,6.0
126380,1,4,132,2,1,100.0,0,N,RURAL_VICTORIA,HIGHWAY,1,16.0
126381,1,4,110,1,3,80.0,0,I,MELB_URBAN,ROAD,1,23.0
126382,8,3,174,5,3,40.0,0,N,MELBOURNE_CBD,STREET,12,21.0
126383,1,4,147,5,1,60.0,0,N,MELB_URBAN,ROAD,1,17.0
126384,8,3,174,5,1,50.0,0,N,MELB_URBAN,STREET,12,18.0
126385,1,4,99,5,1,50.0,0,N,MELB_URBAN,STREET,12,16.0
126386,1,4,130,1,1,50.0,0,I,SMALL_CITIES,ROAD,1,8.0
126387,1,2,130,5,1,60.0,0,N,MELB_URBAN,ROAD,1,17.0
126388,1,2,130,9,1,80.0,0,N,MELB_URBAN,OTHER,1,11.0
126389,1,4,130,1,9,100.0,0,I,MELB_URBAN,ROAD,1,5.0
126390,1,7,99,2,1,50.0,0,N,SMALL_CITIES,STREET,9,14.0
126391,1,4,130,4,1,80.0,0,N,MELB_URBAN,ROAD,12,11.0
126392,8,2,184,5,1,60.0,0,N,RURAL_VICTORIA,ROAD,1,15.0
126393,2,5,100,5,1,50.0,0,N,MELB_URBAN,ROAD,1,12.0
126394,7,5,99,5,1,50.0,0,N,MELB_URBAN,STREET,1,12.0
126395,1,5,130,5,1,100.0,0,N,MELB_URBAN,FREEWAY,1,13.0
126396,5,5,99,5,1,60.0,0,N,MELB_URBAN,ROAD,1,14.0
126397,4,4,171,5,1,110.0,0,N,RURAL_VICTORIA,FREEWAY,1,16.0
126398,1,3,120,2,1,80.0,0,I,RURAL_VICTORIA,ROAD,1,17.0
126399,1,5,121,2,1,70.0,0,I,MELB_URBAN,ROAD,1,18.0
126400,1,3,130,2,2,80.0,0,I,MELB_URBAN,ROAD,12,18.0
126401,2,6,99,2,1,50.0,0,N,MELB_URBAN,AVENUE,12,15.0
126402,1,1,121,1,1,80.0,0,I,MELB_URBAN,ROAD,1,12.0
126403,1,4,130,2,1,70.0,0,I,MELB_URBAN,ROAD,1,18.0
126404,1,4,130,5,1,60.0,0,N,MELB_URBAN,ROAD,1,15.0
126405,4,5,171,5,1,60.0,0,N,MELB_URBAN,ROAD,1,16.0
126406,1,5,99,5,1,60.0,0,N,LARGE_PROVINCIAL_CITIES,STREET,1,14.0
126407,4,5,171,2,3,50.0,0,I,MELB_URBAN,AVENUE,1,23.0
126408,1,5,110,1,3,80.0,0,I,MELB_URBAN,HIGHWAY,1,22.0
126409,1,6,99,5,3,50.0,0,N,MELB_URBAN,STREET,1,3.0
126410,1,6,113,2,2,40.0,0,N,MELB_URBAN,HIGHWAY,1,5.0
126411,4,6,173,5,1,80.0,0,N,MELB_URBAN,HIGHWAY,1,6.0
126412,6,6,174,5,1,100.0,0,N,RURAL_VICTORIA,OTHER,1,14.0
126413,1,6,130,1,1,40.0,0,I,MELB_URBAN,ROAD,1,18.0
126414,1,1,110,1,2,40.0,0,I,MELB_URBAN,STREET,12,5.0
126415,1,5,111,2,6,60.0,0,I,MELB_URBAN,OTHER,1,21.0
126416,8,4,174,2,1,70.0,0,I,RURAL_VICTORIA,ROAD,1,17.0
126417,2,5,99,5,1,40.0,0,N,MELB_URBAN,STREET,1,11.0
126418,1,5,130,1,1,80.0,0,I,MELB_URBAN,ROAD,1,11.0
126419,3,2,167,5,5,100.0,0,N,RURAL_VICTORIA,ROAD,1,20.0
126420,1,6,110,1,1,80.0,0,I,RURAL_VICTORIA,ROAD,1,12.0
126421,1,6,121,1,1,60.0,0,I,LARGE_PROVINCIAL_CITIES,STREET,1,13.0
126422,2,6,102,5,1,70.0,0,N,MELB_URBAN,ROAD,1,11.0
126423,6,3,184,5,1,60.0,0,I,RURAL_VICTORIA,ROAD,12,18.0