,accident_type,day_of_week,dca_code,road_geometry,light_condition,speed_zone,severity,node_type,deg_urban_name,road_type,month,hour
126424,6,6,184,5,1,50.0,0,N,RURAL_VICTORIA,OTHER,1,14.0
126425,4,5,99,2,1,70.0,0,N,RURAL_VICTORIA,ROAD,1,15.0
126426,1,6,130,4,1,100.0,0,N,RURAL_VICTORIA,RAMP,1,14.0
126427,1,5,134,5,1,110.0,0,N,TOWNS,FREEWAY,1,15.0
126428,1,5,111,2,1,40.0,0,I,MELB_URBAN,STREET,1,14.0
126429,6,6,184,5,1,100.0,0,N,RURAL_VICTORIA,ROAD,1,12.0
126430,2,6,99,1,1,40.0,0,N,MELB_URBAN,STREET,1,14.0
126431,1,6,99,5,1,60.0,0,N,MELB_URBAN,ROAD,1,15.0
126432,2,5,99,5,1,60.0,0,N,MELB_URBAN,OTHER,12,11.0
126433,1,6,121,2,1,50.0,0,I,MELB_URBAN,STREET,1,17.0
126434,1,5,121,2,1,60.0,0,N,MELB_URBAN,STREET,1,15.0
126435,1,6,135,5,1,60.0,0,N,MELB_URBAN,ROAD,1,14.0
126436,4,6,173,2,3,80.0,0,N,MELB_URBAN,ROAD,1,23.0
126437,2,7,99,5,3,60.0,0,N,MELB_URBAN,ROAD,1,2.0
126438,1,6,116,1,3,60.0,0,I,MELB_URBAN,STREET,1,23.0
126439,4,7,183,2,3,50.0,0,I,MELB_URBAN,DRIVE,1,3.0
126440,4,6,173,5,3,50.0,0,N,MELB_URBAN,OTHER,1,23.0
126441,6,7,170,5,5,100.0,0,N,RURAL_VICTORIA,ROAD,1,3.0
126442,2,5,102,2,9,60.0,0,I,MELB_URBAN,STREET,12,15.0
126443,8,7,174,2,1,40.0,0,I,MELB_URBAN,HIGHWAY,1,7.0
126444,1,6,130,2,1,60.0,0,N,MELB_URBAN,ROAD,1,15.0
126445,1,7,121,1,1,60.0,0,I,MELB_URBAN,ROAD,1,9.0
126446,1,6,130,5,1,110.0,0,N,RURAL_VICTORIA,FREEWAY,1,7.0
126447,4,7,183,5,1,50.0,0,N,RURAL_VICTORIA,ROAD,1,9.0
126448,1,7,147,2,1,60.0,0,I,MELB_URBAN,ROAD,1,10.0
126449,1,7,99,5,1,50.0,0,N,MELB_URBAN,AVENUE,1,12.0
126450,1,7,134,9,1,70.0,0,N,MELB_URBAN,ROAD,1,12.0
126451,1,7,110,1,1,100.0,0,I,RURAL_VICTORIA,ROAD,1,12.0
126452,1,6,130,5,1,100.0,0,N,RURAL_VICTORIA,HIGHWAY,1,11.0
126453,1,7,99,5,1,60.0,0,N,RURAL_VICTORIA,ROAD,1,12.0
126454,1,7,110,1,1,50.0,0,I,MELB_URBAN,AVENUE,1,14.0
126455,6,1,174,5,1,60.0,0,N,RURAL_VICTORIA,OTHER,11,12.0
126456,1,7,113,2,1,60.0,0,N,MELB_URBAN,UNKNOWN,1,15.0
126457,2,7,99,5,1,50.0,0,N,MELB_URBAN,OTHER,1,12.0
126458,1,6,160,5,1,60.0,0,N,TOWNS,STREET,1,13.0
126459,1,7,147,5,1,60.0,0,I,RURAL_VICTORIA,HIGHWAY,1,14.0
126460,1,6,132,2,9,60.0,0,I,SMALL_CITIES,AVENUE,1,15.0
126461,1,6,134,5,1,70.0,0,N,MELB_URBAN,ROAD,12,18.0
126462,2,7,99,5,1,60.0,0,N,MELB_URBAN,STREET,1,15.0
126463,1,7,120,3,1,80.0,0,I,RURAL_VICTORIA,ROAD,1,16.0
126464,1,6,130,5,1,80.0,0,N,MELB_URBAN,HIGHWAY,1,16.0
126465,1,7,132,5,1,40.0,0,N,MELB_URBAN,STREET,1,16.0
126466,1,7,130,5,1,60.0,0,N,SMALL_CITIES,ROAD,1,17.0
126467,1,7,130,5,1,60.0,0,N,MELB_URBAN,ROAD,1,14.0
126468,1,7,130,5,1,70.0,0,N,MELB_URBAN,ROAD,1,15.0
126469,1,7,99,5,1,80.0,0,N,RURAL_VICTORIA,ROAD,1,18.0
126470,6,7,170,5,1,100.0,0,N,RURAL_VICTORIA,ROAD,1,16.0
126471,4,7,181,5,1,100.0,0,N,RURAL_VICTORIA,HIGHWAY,1,16.0
126472,1,5,133,5,2,110.0,0,N,MELB_URBAN,FREEWAY,1,20.0
126473,1,7,120,5,1,100.0,0,N,RURAL_VICTORIA,ROAD,1,18.0
126474,3,7,167,5,1,100.0,0,N,RURAL_VICTORIA,ROAD,1,14.0
126475,1,7,121,1,3,60.0,0,I,MELB_URBAN,PARADE,1,22.0
126476,4,7,171,5,3,60.0,0,N,MELB_URBAN,STREET,1,22.0
126477,6,7,99,5,5,100.0,0,N,RURAL_VICTORIA,UNKNOWN,1,22.0
126478,6,7,99,5,5,100.0,0,N,RURAL_VICTORIA,ROAD,1,23.0
126479,4,7,181,5,5,100.0,0,N,RURAL_VICTORIA,ROAD,1,23.0
126480,1,7,110,1,3,80.0,0,N,MELB_URBAN,DRIVE,1,21.0
126481,1,1,110,1,3,60.0,0,I,MELB_URBAN,DRIVE,1,1.0
126482,4,7,173,2,3,80.0,0,N,MELB_URBAN,ROAD,1,23.0
126483,5,6,99,5,9,100.0,0,N,RURAL_VICTORIA,FREEWAY,1,22.0
126484,4,1,173,2,1,60.0,0,I,MELB_URBAN,AVENUE,1,8.0
126485,5,7,99,1,1,100.0,0,I,RURAL_VICTORIA,ROAD,1,11.0
126486,1,1,130,5,1,60.0,0,N,MELB_URBAN,ROAD,1,10.0
126487,5,6,173,5,1,100.0,0,N,RURAL_VICTORIA,HIGHWAY,1,15.0
126488,1,1,147,5,1,50.0,0,N,MELB_URBAN,OTHER,1,11.0
126489,1,7,130,5,1,100.0,0,N,RURAL_VICTORIA,ROAD,1,12.0
126490,1,1,120,2,3,80.0,0,N,RURAL_VICTORIA,ROAD,1,4.0
126491,1,1,130,5,1,80.0,0,I,MELB_URBAN,HIGHWAY,1,11.0
126492,1,7,99,1,1,80.0,0,N,MELB_URBAN,AVENUE,1,9.0
126493,1,0,132,5,1,100.0,0,N,RURAL_VICTORIA,ROAD,1,11.0
126494,8,1,184,5,1,100.0,0,N,RURAL_VICTORIA,ROAD,1,11.0
126495,8,0,170,5,1,100.0,0,N,RURAL_VICTORIA,ROAD,1,12.0
126496,1,1,130,5,1,80.0,0,N,MELB_URBAN,HIGHWAY,1,15.0
126497,1,1,116,2,1,50.0,0,I,MELB_URBAN,BOULEVARD,1,17.0
126498,4,0,181,5,1,100.0,0,N,RURAL_VICTORIA,ROAD,1,14.0
126499,4,0,173,1,3,80.0,0,I,LARGE_PROVINCIAL_CITIES,ROAD,1,21.0
126500,1,0,99,5,5,50.0,0,N,RURAL_VICTORIA,ROAD,1,21.0
126501,1,1,130,5,3,80.0,0,N,MELB_URBAN,ROAD,1,22.0
126502,1,1,130,5,3,80.0,1,N,MELB_URBAN,ROAD,1,21.0
126503,1,6,132,5,1,80.0,0,N,RURAL_VICTORIA,ROAD,9,15.0
126504,4,2,181,5,5,80.0,0,N,SMALL_TOWNS,ROAD,1,0.0
126505,4,2,171,5,2,60.0,0,N,MELB_URBAN,DRIVE,1,6.0
126506,9,5,99,5,1,50.0,0,N,RURAL_VICTORIA,ROAD,12,12.0
126507,4,6,173,5,1,70.0,0,N,MELB_URBAN,ROAD,12,7.0
126508,5,2,99,5,1,60.0,0,N,RURAL_VICTORIA,OTHER,12,12.0
126509,2,7,99,5,1,40.0,0,N,TOWNS,STREET,1,14.0
126510,1,2,120,5,1,60.0,0,N,MELB_URBAN,ROAD,1,9.0
126511,1,2,121,4,1,80.0,0,I,RURAL_VICTORIA,ROAD,1,8.0
126512,1,3,130,1,1,80.0,0,N,RURAL_VICTORIA,ROAD,12,12.0
126513,1,6,113,2,2,60.0,0,I,MELB_URBAN,ROAD,1,20.0
126514,1,2,132,2,1,60.0,0,I,MELB_URBAN,STREET,1,10.0
126515,2,1,100,5,2,60.0,0,N,MELB_URBAN,HIGHWAY,1,20.0
126516,2,1,99,5,1,50.0,0,N,MELB_URBAN,STREET,1,10.0
126517,1,2,99,2,1,70.0,0,I,MELB_URBAN,ROAD,1,9.0
126518,1,5,130,5,9,100.0,0,N,MELB_URBAN,FREEWAY,1,18.0
126519,4,1,171,5,1,60.0,0,N,RURAL_VICTORIA,ROAD,1,11.0
126520,1,2,99,5,1,60.0,0,N,TOWNS,ROAD,1,12.0
126521,1,3,99,2,1,60.0,0,N,MELB_URBAN,ROAD,12,13.0
126522,2,2,100,5,1,60.0,0,I,MELB_URBAN,STREET,1,13.0
126523,1,2,140,5,1,40.0,0,N,SMALL_CITIES,UNKNOWN,1,13.0
126524,4,2,171,5,1,100.0,0,N,RURAL_VICTORIA,ROAD,1,12.0
126525,7,2,99,5,2,100.0,0,N,RURAL_VICTORIA,HIGHWAY,1,20.0
126526,1,2,132,2,1,60.0,0,I,MELB_URBAN,ROAD,1,14.0
126527,1,6,130,1,1,50.0,0,N,MELB_URBAN,STREET,12,19.0
126528,1,2,160,5,1,50.0,0,N,MELB_URBAN,ROAD,12,8.0
126529,8,1,174,5,1,50.0,0,N,SMALL_TOWNS,ROAD,12,11.0
126530,4,4,171,5,1,100.0,0,N,RURAL_VICTORIA,HIGHWAY,12,9.0
126531,1,1,130,2,3,80.0,0,I,MELB_URBAN,ROAD,12,3.0
126532,1,3,130,5,1,80.0,0,N,MELB_URBAN,ROAD,12,8.0
126533,1,2,130,5,1,80.0,0,N,MELB_URBAN,ROAD,1,15.0
126534,1,5,130,2,9,80.0,0,N,MELB_URBAN,HIGHWAY,10,17.0
126535,4,1,173,5,1,70.0,0,N,LARGE_PROVINCIAL_CITIES,STREET,11,16.0
126536,1,2,111,2,1,80.0,0,N,MELB_URBAN,HIGHWAY,12,11.0
126537,1,2,113,1,1,70.0,0,I,MELB_URBAN,ROAD,1,17.0
126538,1,3,121,1,1,60.0,0,I,MELB_URBAN,STREET,12,16.0
126539,1,2,130,2,1,70.0,0,I,MELB_URBAN,ROAD,1,17.0
126540,1,2,147,5,1,70.0,0,N,MELB_URBAN,ROAD,1,9.0
126541,1,1,130,5,1,80.0,0,N,TOWNS,HIGHWAY,1,14.0
126542,1,3,132,1,1,60.0,0,I,MELB_URBAN,STREET,1,18.0
126543,1,1,147,5,1,70.0,0,N,SMALL_CITIES,ROAD,1,19.0
126544,1,1,121,2,3,60.0,0,I,MELB_URBAN,ROAD,1,21.0
126545,1,1,130,1,1,60.0,0,I,MELB_URBAN,ROAD,12,18.0
126546,6,2,99,5,5,60.0,0,N,TOWNS,ROAD,1,22.0
126547,1,2,120,2,1,60.0,0,I,MELB_URBAN,ROAD,11,7.0
126548,1,2,113,1,3,60.0,0,I,MELB_URBAN,ROAD,1,4.0
126549,1,0,120,9,5,80.0,0,N,MELB_URBAN,OTHER,1,1.0
126550,4,6,171,5,5,60.0,0,N,MELB_URBAN,DRIVE,11,20.0
126551,1,6,171,5,1,80.0,0,N,MELB_URBAN,ROAD,11,8.0
126552,1,3,130,5,1,100.0,0,N,MELB_URBAN,RAMP,1,7.0
126553,1,2,113,2,1,50.0,0,I,MELB_URBAN,AVENUE,1,9.0
126554,8,4,174,5,1,60.0,0,N,RURAL_VICTORIA,ROAD,1,13.0
126555,1,3,160,5,1,60.0,0,N,MELB_URBAN,PARADE,1,9.0
126556,4,3,173,5,1,100.0,0,N,RURAL_VICTORIA,HIGHWAY,1,7.0
126557,1,5,130,2,1,60.0,0,I,SMALL_CITIES,OTHER,1,18.0
126558,6,2,99,5,2,60.0,0,N,LARGE_PROVINCIAL_CITIES,ROAD,12,19.0
126559,1,4,111,2,1,60.0,0,I,MELB_URBAN,ROAD,1,14.0
126560,1,1,110,1,1,50.0,0,I,SMALL_CITIES,STREET,1,17.0
126561,8,5,184,2,1,60.0,0,I,RURAL_VICTORIA,ROAD,12,11.0
126562,4,2,173,1,9,50.0,0,I,MELB_URBAN,ROAD,1,5.0
126563,1,3,110,1,1,100.0,0,I,RURAL_VICTORIA,ROAD,1,10.0
126564,4,1,183,5,1,60.0,0,N,RURAL_VICTORIA,ROAD,1,14.0
126565,1,7,163,5,1,40.0,0,N,MELBOURNE_CBD,STREET,12,14.0
126566,1,2,130,5,1,60.0,0,N,MELB_URBAN,STREET,1,7.0
126567,4,3,171,5,1,100.0,0,N,RURAL_VICTORIA,ROAD,1,11.0
126568,1,3,113,2,1,80.0,0,I,RURAL_VICTORIA,ROAD,1,13.0
126569,5,3,183,5,1,100.0,0,N,RURAL_VICTORIA,ROAD,1,13.0
126570,1,3,110,1,1,60.0,0,I,SMALL_CITIES,PARADE,1,13.0
126571,1,3,113,2,1,60.0,0,I,TOWNS,ROAD,1,13.0
126572,1,2,99,5,1,60.0,0,N,MELB_URBAN,ROAD,1,8.0
126573,6,3,99,5,1,100.0,0,N,RURAL_VICTORIA,ROAD,1,8.0
126574,1,5,121,1,1,80.0,0,N,MELB_URBAN,ROAD,1,12.0
126575,2,1,100,5,3,60.0,0,N,MELB_URBAN,AVENUE,1,22.0
126576,2,3,102,2,1,60.0,0,I,MELB_URBAN,ROAD,1,15.0
126577,1,2,132,5,1,60.0,0,N,MELB_URBAN,ROAD,1,13.0
126578,2,3,99,5,1,100.0,0,N,RURAL_VICTORIA,ROAD,1,15.0
126579,1,3,130,5,1,60.0,0,N,MELB_URBAN,ROAD,1,15.0
126580,1,2,110,1,1,70.0,0,I,MELB_URBAN,ROAD,1,13.0
126581,1,3,121,1,1,80.0,0,I,MELB_URBAN,HIGHWAY,1,14.0
126582,1,6,130,1,1,60.0,0,N,MELB_URBAN,STREET,11,10.0
126583,1,3,99,5,1,60.0,0,N,MELB_URBAN,ROAD,1,17.0
126584,1,2,99,1,1,60.0,0,I,MELB_URBAN,ROAD,1,16.0
126585,4,1,181,5,1,80.0,0,N,RURAL_VICTORIA,ROAD,1,12.0
126586,4,6,171,5,3,60.0,0,N,MELB_URBAN,ROAD,1,4.0
126587,1,2,99,5,1,60.0,0,N,MELB_URBAN,ROAD,1,18.0
126588,1,2,110,1,1,70.0,0,I,MELB_URBAN,HIGHWAY,1,18.0
126589,1,2,163,5,3,40.0,0,N,MELB_URBAN,STREET,1,21.0
126590,4,3,171,1,1,60.0,0,I,MELB_URBAN,BOULEVARD,1,20.0
126591,2,3,99,5,3,50.0,0,N,MELB_URBAN,STREET,1,21.0
126592,1,5,130,5,1,70.0,0,N,MELB_URBAN,ROAD,1,17.0
126593,4,4,171,5,5,110.0,0,N,RURAL_VICTORIA,OTHER,1,1.0
126594,4,3,99,2,5,80.0,0,I,RURAL_VICTORIA,ROAD,1,1.0
126595,1,4,121,2,1,100.0,0,I,RURAL_VICTORIA,AVENUE,12,19.0
126596,1,4,121,2,1,60.0,0,I,MELB_URBAN,ROAD,1,7.0
126597,4,2,183,5,3,60.0,0,N,MELB_URBAN,UNKNOWN,1,21.0
126598,1,4,130,4,1,70.0,0,I,MELB_URBAN,HIGHWAY,1,9.0
126599,6,7,99,5,1,100.0,0,N,RURAL_VICTORIA,ROAD,12,15.0
126600,1,3,130,2,1,70.0,0,I,MELB_URBAN,ROAD,1,10.0
126601,1,2,113,2,1,60.0,0,I,MELB_URBAN,ROAD,1,16.0
126602,1,2,133,5,1,100.0,0,N,MELB_URBAN,FREEWAY,12,8.0
126603,1,6,130,5,1,60.0,0,N,MELB_URBAN,FREEWAY,12,14.0
126604,2,6,99,5,1,60.0,0,N,MELB_URBAN,ROAD,12,17.0
126605,1,4,147,5,1,60.0,0,N,MELB_URBAN,ROAD,1,11.0
126606,2,4,100,2,1,50.0,0,N,MELB_URBAN,ROAD,1,11.0
126607,1,2,160,5,2,50.0,0,N,MELB_URBAN,DRIVE,12,18.0
126608,8,7,99,5,1,50.0,0,N,RURAL_VICTORIA,ROAD,1,7.0
126609,1,6,130,2,9,60.0,0,I,MELB_URBAN,ROAD,1,14.0
126610,1,4,121,2,1,100.0,0,I,MELB_URBAN,ROAD,1,11.0
126611,6,5,184,5,1,100.0,0,N,RURAL_VICTORIA,ROAD,1,20.0
126612,1,5,130,5,1,60.0,0,N,MELB_URBAN,OTHER,1,10.0
126613,8,1,184,5,1,100.0,0,N,RURAL_VICTORIA,ROAD,1,9.0
126614,1,3,130,5,1,80.0,0,N,MELB_URBAN,HIGHWAY,1,12.0
126615,5,0,99,5,1,80.0,0,N,RURAL_VICTORIA,ROAD,12,13.0
126616,1,3,130,5,1,80.0,0,N,MELB_URBAN,ROAD,1,12.0
126617,1,3,132,2,1,40.0,0,I,MELB_URBAN,STREET,1,11.0
126618,2,4,99,5,1,60.0,0,N,MELB_URBAN,ROAD,1,14.0
126619,1,5,134,2,1,60.0,0,N,MELB_URBAN,OTHER,12,16.0
126620,4,2,171,5,1,60.0,0,N,MELB_URBAN,ROAD,1,14.0
126621,8,4,174,2,1,60.0,0,I,TOWNS,ROAD,1,8.0
126622,4,4,183,5,5,110.0,0,N,RURAL_VICTORIA,FREEWAY,1,5.0
126623,4,1,181,5,9,100.0,0,N,RURAL_VICTORIA,ROAD,1,16.0
126624,1,3,130,2,1,70.0,0,I,RURAL_VICTORIA,ROAD,1,14.0
126625,1,3,130,5,1,80.0,0,N,MELB_URBAN,ROAD,1,15.0
126626,6,1,184,5,1,100.0,0,N,RURAL_VICTORIA,OTHER,10,14.0
126627,8,2,99,2,1,60.0,0,I,RURAL_VICTORIA,ROAD,12,16.0
126628,1,7,130,5,1,100.0,0,N,MELB_URBAN,ROAD,12,13.0
126629,1,3,121,5,1,50.0,0,N,MELB_URBAN,OTHER,12,13.0
126630,1,6,160,1,1,50.0,0,N,MELB_URBAN,BOULEVARD,12,15.0
126631,1,1,130,1,1,60.0,0,I,MELB_URBAN,STREET,1,15.0
126632,4,4,173,5,1,40.0,0,N,LARGE_PROVINCIAL_CITIES,UNKNOWN,1,19.0
126633,1,6,99,1,9,60.0,0,N,MELB_URBAN,ROAD,1,14.0
126634,1,4,121,2,1,60.0,0,I,MELB_URBAN,ROAD,1,15.0
126635,1,4,113,2,1,60.0,0,I,MELB_URBAN,ROAD,1,16.0
126636,1,3,135,5,1,80.0,0,N,MELB_URBAN,FREEWAY,1,16.0
126637,1,4,99,1,1,80.0,0,I,MELB_URBAN,ROAD,1,17.0
126638,1,4,99,2,1,50.0,0,N,MELB_URBAN,STREET,1,17.0
126639,4,4,171,5,3,60.0,0,N,MELB_URBAN,STREET,1,21.0
126640,4,3,183,5,5,100.0,0,N,RURAL_VICTORIA,ROAD,1,22.0
126641,5,1,99,2,2,70.0,0,I,RURAL_VICTORIA,AVENUE,12,19.0
126642,4,5,173,5,3,50.0,0,N,MELB_URBAN,ROAD,1,1.0
126643,4,5,171,5,3,60.0,0,N,MELB_URBAN,ROAD,1,4.0
126644,1,6,110,1,1,50.0,0,I,SMALL_CITIES,PARADE,12,12.0
126645,1,6,130,1,1,60.0,0,N,MELB_URBAN,AVENUE,11,7.0
126646,1,5,110,1,1,50.0,0,I,MELB_URBAN,BOULEVARD,1,7.0
126647,4,5,171,5,1,100.0,0,N,RURAL_VICTORIA,ROAD,1,8.0
126648,1,5,99,5,1,60.0,0,N,LARGE_PROVINCIAL_CITIES,STREET,1,8.0
126649,1,5,130,5,1,60.0,0,N,LARGE_PROVINCIAL_CITIES,STREET,1,9.0
126650,1,5,110,1,1,60.0,0,I,TOWNS,STREET,1,9.0
126651,4,5,173,1,1,50.0,0,I,MELB_URBAN,OTHER,1,7.0
126652,1,3,130,5,1,60.0,0,N,MELB_URBAN,ROAD,12,13.0
126653,1,5,135,5,1,110.0,0,N,RURAL_VICTORIA,FREEWAY,1,11.0
126654,6,4,170,5,1,100.0,0,N,RURAL_VICTORIA,ROAD,1,11.0
126655,1,5,99,5,1,60.0,0,N,MELB_URBAN,ROAD,1,12.0
126656,4,4,173,5,1,50.0,0,N,MELB_URBAN,ROAD,1,9.0
126657,1,1,163,2,1,40.0,0,N,MELB_URBAN,STREET,12,11.0
126658,1,5,121,1,1,60.0,0,I,MELB_URBAN,ROAD,1,6.0
126659,1,5,99,5,1,70.0,0,N,MELB_URBAN,ROAD,1,13.0
126660,4,5,183,5,1,100.0,0,N,RURAL_VICTORIA,ROAD,1,12.0
126661,1,3,130,1,1,70.0,0,N,MELB_URBAN,STREET,1,12.0
126662,1,5,132,2,1,60.0,0,I,MELB_URBAN,ROAD,1,9.0
126663,1,5,121,2,1,60.0,0,I,MELB_URBAN,PARADE,1,13.0
126664,1,6,113,2,1,70.0,0,I,MELB_URBAN,ROAD,12,9.0
126665,1,3,121,1,1,60.0,0,I,MELB_URBAN,STREET,12,17.0
126666,8,0,174,5,1,60.0,0,N,RURAL_VICTORIA,ROAD,3,11.0
126667,1,1,130,5,1,60.0,0,N,MELB_URBAN,ROAD,1,10.0
126668,1,5,120,5,1,100.0,0,N,RURAL_VICTORIA,HIGHWAY,1,13.0
126669,1,7,113,2,3,80.0,0,I,MELB_URBAN,ROAD,1,1.0
126670,1,5,140,5,1,70.0,0,N,RURAL_VICTORIA,STREET,1,10.0
126671,1,4,147,5,1,50.0,0,N,MELB_URBAN,ROAD,1,14.0
126672,2,5,100,5,1,60.0,0,N,MELB_URBAN,STREET,1,16.0
126673,1,3,130,2,1,60.0,0,I,MELB_URBAN,ROAD,12,10.0
126674,1,5,113,1,1,60.0,0,I,MELB_URBAN,STREET,1,16.0
126675,1,5,99,5,1,60.0,0,N,MELB_URBAN,ROAD,1,15.0
126676,4,0,171,5,5,100.0,0,N,RURAL_VICTORIA,HIGHWAY,12,22.0
126677,1,5,160,5,1,40.0,0,N,MELB_URBAN,STREET,1,17.0
126678,1,5,171,5,1,50.0,0,N,MELB_URBAN,BOULEVARD,1,18.0
126679,2,5,99,5,1,60.0,0,I,MELB_URBAN,ROAD,1,17.0
126680,1,6,113,2,3,80.0,0,I,RURAL_VICTORIA,ROAD,12,23.0
126681,1,5,132,2,3,50.0,0,I,MELB_URBAN,DRIVE,1,22.0
126682,1,4,99,1,3,60.0,0,N,MELB_URBAN,ROAD,1,23.0
126683,1,3,160,5,1,50.0,0,N,MELB_URBAN,ROAD,12,15.0
126684,1,5,130,5,1,60.0,0,N,MELB_URBAN,BOULEVARD,1,15.0
126685,1,4,99,5,1,60.0,0,N,MELB_URBAN,OTHER,12,18.0
126686,1,5,130,5,1,60.0,0,N,MELB_URBAN,ROAD,1,8.0
126687,1,2,111,2,1,60.0,0,I,MELB_URBAN,ROAD,11,16.0
126688,1,1,120,5,1,40.0,0,N,MELB_URBAN,STREET,12,13.0
126689,5,2,99,5,1,100.0,0,N,RURAL_VICTORIA,FREEWAY,12,13.0
126690,1,6,130,5,1,70.0,0,N,LARGE_PROVINCIAL_CITIES,STREET,1,11.0
126691,4,6,171,4,1,80.0,0,N,MELB_URBAN,RAMP,1,11.0
126692,1,1,130,2,9,60.0,0,I,MELB_URBAN,ROAD,12,15.0
126693,1,6,111,2,1,50.0,0,I,MELB_URBAN,STREET,1,10.0
126694,1,5,133,5,1,100.0,0,N,MELB_URBAN,FREEWAY,1,7.0
126695,1,4,130,5,1,60.0,0,I,MELB_URBAN,ROAD,1,17.0
126696,4,5,171,2,1,60.0,0,I,LARGE_PROVINCIAL_CITIES,ROAD,1,11.0
126697,4,4,181,5,1,60.0,0,N,LARGE_PROVINCIAL_CITIES,UNKNOWN,1,8.0
126698,1,6,120,5,1,80.0,0,N,RURAL_VICTORIA,ROAD,1,12.0
126699,1,6,147,5,1,60.0,0,N,MELB_URBAN,ROAD,1,13.0
126700,1,6,130,5,1,80.0,0,N,MELB_URBAN,STREET,1,14.0
126701,1,6,160,5,1,60.0,0,N,MELB_URBAN,FREEWAY,1,11.0
126702,1,5,130,5,1,30.0,0,N,MELB_URBAN,RAMP,1,9.0
126703,1,6,130,2,1,60.0,0,I,MELB_URBAN,ROAD,1,7.0
126704,1,5,121,1,1,60.0,0,I,MELB_URBAN,ROAD,1,15.0
126705,1,3,110,1,1,60.0,0,I,LARGE_PROVINCIAL_CITIES,STREET,1,18.0
126706,1,7,130,1,1,80.0,0,N,MELB_URBAN,ROAD,1,14.0
126707,1,3,130,5,1,60.0,0,N,MELB_URBAN,STREET,1,17.0
126708,1,5,135,5,1,50.0,0,N,MELB_URBAN,ROAD,1,15.0
126709,1,6,110,1,1,100.0,0,I,RURAL_VICTORIA,HIGHWAY,1,15.0
126710,1,1,130,5,1,60.0,0,N,MELB_URBAN,ROAD,12,16.0
126711,1,4,132,2,1,50.0,0,I,MELB_URBAN,ROAD,1,17.0
126712,6,3,174,5,9,60.0,0,N,MELB_URBAN,ROAD,12,16.0
126713,1,5,132,2,1,80.0,0,I,RURAL_VICTORIA,ROAD,1,15.0
126714,1,6,130,1,1,80.0,0,I,LARGE_PROVINCIAL_CITIES,HIGHWAY,1,16.0
126715,1,5,160,5,1,50.0,0,N,MELB_URBAN,STREET,1,16.0
126716,1,6,130,5,1,60.0,0,N,MELB_URBAN,ROAD,1,15.0
126717,8,1,174,5,1,50.0,0,N,MELB_URBAN,AVENUE,1,18.0
126718,1,6,99,2,1,70.0,0,I,MELB_URBAN,HIGHWAY,1,17.0
126719,1,6,132,2,1,100.0,0,I,RURAL_VICTORIA,HIGHWAY,1,17.0
126720,1,6,130,5,1,80.0,0,N,MELB_URBAN,FREEWAY,1,17.0
126721,1,6,99,5,1,100.0,0,N,RURAL_VICTORIA,ROAD,1,18.0
126722,1,5,99,1,1,60.0,0,N,LARGE_PROVINCIAL_CITIES,STREET,1,18.0
126723,1,5,130,5,1,80.0,0,N,MELB_URBAN,FREEWAY,1,18.0
126724,1,6,113,2,1,60.0,0,I,LARGE_PROVINCIAL_CITIES,STREET,1,17.0
126725,1,6,160,2,1,70.0,0,I,MELB_URBAN,DRIVE,1,18.0
126726,1,5,110,1,1,70.0,0,I,LARGE_PROVINCIAL_CITIES,OTHER,1,16.0
126727,1,6,130,5,1,70.0,0,N,MELB_URBAN,RAMP,1,17.0
126728,5,5,183,5,1,60.0,0,I,RURAL_VICTORIA,ROAD,1,19.0
126729,1,6,130,5,1,50.0,0,N,MELB_URBAN,ROAD,1,20.0
126730,1,6,113,2,1,80.0,0,I,RURAL_VICTORIA,ROAD,1,16.0
126731,4,6,181,5,5,110.0,0,N,RURAL_VICTORIA,RAMP,1,21.0
126732,1,6,116,2,1,50.0,0,I,MELB_URBAN,DRIVE,1,18.0
126733,4,4,173,5,3,60.0,0,N,MELB_URBAN,PARADE,1,22.0
126734,4,5,171,2,3,60.0,0,I,MELB_URBAN,ROAD,1,23.0
126735,1,6,121,2,1,80.0,0,I,MELB_URBAN,HIGHWAY,1,19.0
126736,1,6,110,1,1,60.0,0,I,LARGE_PROVINCIAL_CITIES,ROAD,1,6.0
126737,4,7,173,5,1,50.0,0,N,RURAL_VICTORIA,HIGHWAY,1,8.0
126738,6,4,99,5,1,60.0,0,N,RURAL_VICTORIA,ROAD,12,13.0
126739,1,7,120,2,2,60.0,0,N,MELB_URBAN,STREET,1,6.0
126740,6,4,174,5,1,60.0,0,N,RURAL_VICTORIA,ROAD,12,14.0
126741,1,6,120,5,1,40.0,0,N,MELB_URBAN,ROAD,1,13.0
126742,1,7,132,2,1,80.0,0,I,RURAL_VICTORIA,HIGHWAY,1,10.0
126743,1,7,99,1,1,60.0,0,I,MELB_URBAN,ROAD,1,12.0
126744,4,7,183,5,1,100.0,0,N,RURAL_VICTORIA,ROAD,1,9.0
126745,4,7,183,5,1,100.0,0,N,RURAL_VICTORIA,ROAD,1,10.0
126746,4,7,181,1,1,60.0,0,I,MELB_URBAN,RAMP,1,11.0
126747,1,6,116,2,1,50.0,0,I,MELB_URBAN,STREET,1,8.0
126748,1,2,99,1,1,60.0,0,N,MELB_URBAN,ROAD,1,18.0