,accident_type,day_of_week,dca_code,road_geometry,light_condition,speed_zone,severity,node_type,deg_urban_name,road_type,month,hour
126749,1,6,130,5,1,60.0,0,N,MELB_URBAN,ROAD,1,12.0
126750,1,0,130,5,1,80.0,0,N,MELB_URBAN,ROAD,1,12.0
126751,4,7,183,5,1,100.0,0,I,RURAL_VICTORIA,ROAD,1,14.0
126752,1,7,121,1,1,80.0,0,I,MELB_URBAN,HIGHWAY,1,9.0
126753,1,5,130,5,1,60.0,0,N,MELB_URBAN,ROAD,12,17.0
126754,6,7,99,5,1,100.0,0,N,RURAL_VICTORIA,HIGHWAY,1,11.0
126755,1,6,130,5,1,60.0,0,N,MELB_URBAN,ROAD,1,18.0
126756,6,6,174,5,1,60.0,0,N,RURAL_VICTORIA,ROAD,1,19.0
126757,4,6,171,5,1,60.0,0,N,MELB_URBAN,ROAD,1,10.0
126758,1,7,99,2,1,60.0,0,I,MELB_URBAN,STREET,1,18.0
126759,1,6,130,5,1,50.0,0,N,RURAL_VICTORIA,ROAD,1,12.0
126760,1,7,147,5,1,50.0,0,N,MELB_URBAN,DRIVE,1,12.0
126761,1,7,120,5,1,60.0,0,N,SMALL_CITIES,HIGHWAY,1,16.0
126762,1,7,130,2,3,70.0,0,I,MELB_URBAN,HIGHWAY,1,22.0
126763,1,7,113,1,3,60.0,0,I,MELB_URBAN,STREET,1,22.0
126764,4,7,173,5,5,100.0,0,N,RURAL_VICTORIA,ROAD,1,23.0
126765,4,1,173,5,5,110.0,0,N,RURAL_VICTORIA,FREEWAY,1,2.0
126766,1,1,120,5,3,100.0,0,N,MELB_URBAN,FREEWAY,1,3.0
126767,4,7,171,5,5,100.0,0,N,MELB_URBAN,FREEWAY,1,21.0
126768,4,7,171,2,3,50.0,0,N,MELB_URBAN,OTHER,1,22.0
126769,1,6,99,4,1,80.0,0,I,MELB_URBAN,RAMP,1,10.0
126770,1,0,110,1,1,60.0,0,I,LARGE_PROVINCIAL_CITIES,STREET,1,9.0
126771,6,2,184,5,1,60.0,0,N,RURAL_VICTORIA,ROAD,1,10.0
126772,4,0,181,5,3,50.0,0,N,MELB_URBAN,DRIVE,1,22.0
126773,3,2,167,5,1,100.0,0,N,RURAL_VICTORIA,HIGHWAY,1,15.0
126774,1,0,160,5,1,50.0,0,N,LARGE_PROVINCIAL_CITIES,STREET,1,13.0
126775,4,1,181,5,1,60.0,0,N,RURAL_VICTORIA,ROAD,1,12.0
126776,1,1,120,5,1,60.0,0,N,RURAL_VICTORIA,ROAD,1,12.0
126777,1,1,147,5,1,50.0,0,N,TOWNS,PARADE,1,13.0
126778,2,1,99,5,1,60.0,0,N,MELB_URBAN,STREET,1,14.0
126779,4,1,181,5,1,80.0,0,N,RURAL_VICTORIA,ROAD,1,13.0
126780,2,1,100,5,1,40.0,0,N,MELB_URBAN,STREET,1,12.0
126781,1,1,110,1,1,50.0,0,I,MELB_URBAN,STREET,1,15.0
126782,1,5,130,5,1,60.0,0,N,MELB_URBAN,STREET,12,19.0
126783,5,1,99,1,1,50.0,0,N,MELB_URBAN,ROAD,1,7.0
126784,1,1,110,1,1,80.0,0,I,MELB_URBAN,ROAD,1,14.0
126785,1,7,147,5,1,60.0,0,N,MELB_URBAN,ROAD,1,9.0
126786,1,1,147,5,1,60.0,0,N,MELB_URBAN,STREET,1,12.0
126787,1,1,99,5,1,60.0,0,N,MELB_URBAN,STREET,1,15.0
126788,8,1,184,5,2,50.0,0,N,MELB_URBAN,STREET,1,20.0
126789,1,1,121,1,3,60.0,0,N,MELB_URBAN,ROAD,1,21.0
126790,4,1,173,5,5,80.0,0,N,MELB_URBAN,ROAD,1,21.0
126791,1,1,160,5,6,50.0,0,N,MELB_URBAN,STREET,1,21.0
126792,4,1,99,2,3,50.0,0,I,SMALL_CITIES,AVENUE,1,21.0
126793,1,4,113,2,1,80.0,0,I,MELB_URBAN,HIGHWAY,12,8.0
126794,4,2,173,5,5,100.0,0,N,RURAL_VICTORIA,ROAD,1,2.0
126795,1,2,121,1,3,80.0,0,I,MELB_URBAN,ROAD,1,5.0
126796,6,2,99,5,1,100.0,0,N,MELB_URBAN,FREEWAY,1,6.0
126797,4,2,173,5,5,80.0,0,N,RURAL_VICTORIA,HIGHWAY,1,5.0
126798,1,2,160,5,1,40.0,0,N,MELB_URBAN,STREET,1,16.0
126799,6,3,174,5,1,60.0,0,N,RURAL_VICTORIA,ROAD,1,17.0
126800,1,2,121,2,2,80.0,0,I,MELB_URBAN,ROAD,1,5.0
126801,1,6,130,5,1,60.0,0,N,MELB_URBAN,ROAD,1,11.0
126802,1,2,130,5,2,60.0,0,N,MELB_URBAN,ROAD,1,18.0
126803,8,7,170,5,1,60.0,0,N,RURAL_VICTORIA,ROAD,1,14.0
126804,4,1,173,5,1,50.0,0,N,MELB_URBAN,STREET,1,8.0
126805,1,7,121,2,1,60.0,0,I,MELB_URBAN,STREET,1,16.0
126806,1,2,120,5,1,60.0,0,N,MELB_URBAN,ROAD,1,10.0
126807,6,1,174,5,1,60.0,0,N,RURAL_VICTORIA,ROAD,1,13.0
126808,1,2,113,2,1,60.0,0,I,LARGE_PROVINCIAL_CITIES,ROAD,1,11.0
126809,1,0,110,1,1,60.0,0,I,MELB_URBAN,STREET,1,13.0
126810,1,2,130,1,1,50.0,0,I,MELB_URBAN,STREET,1,8.0
126811,1,1,130,5,2,60.0,0,N,LARGE_PROVINCIAL_CITIES,ROAD,1,20.0
126812,6,6,174,5,1,60.0,0,N,MELB_URBAN,ROAD,1,17.0
126813,1,2,110,1,1,60.0,0,I,LARGE_PROVINCIAL_CITIES,STREET,1,14.0
126814,1,1,171,5,2,60.0,0,N,TOWNS,STREET,1,6.0
126815,7,6,99,5,3,50.0,0,N,MELB_URBAN,OTHER,1,2.0
126816,1,1,110,1,1,50.0,0,I,LARGE_PROVINCIAL_CITIES,STREET,1,13.0
126817,1,2,130,5,1,80.0,0,N,MELB_URBAN,HIGHWAY,1,14.0
126818,1,2,121,1,1,50.0,0,I,SMALL_CITIES,STREET,1,12.0
126819,1,2,147,5,1,50.0,0,N,TOWNS,STREET,1,12.0
126820,6,1,184,5,1,80.0,0,O,RURAL_VICTORIA,ROAD,1,15.0
126821,4,6,171,5,1,70.0,0,N,SMALL_TOWNS,ROAD,1,18.0
126822,1,2,111,2,1,70.0,0,I,LARGE_PROVINCIAL_CITIES,HIGHWAY,1,13.0
126823,1,2,99,2,1,60.0,0,I,MELB_URBAN,PARADE,1,16.0
126824,1,2,120,5,1,50.0,0,N,MELB_URBAN,AVENUE,1,11.0
126825,1,5,99,1,1,60.0,0,N,MELB_URBAN,ROAD,1,17.0
126826,1,1,121,5,1,60.0,0,N,MELB_URBAN,ROAD,1,16.0
126827,1,2,130,2,1,60.0,0,I,MELB_URBAN,ROAD,1,16.0
126828,1,2,110,1,1,50.0,0,I,TOWNS,STREET,1,17.0
126829,6,7,174,1,1,60.0,0,N,RURAL_VICTORIA,ROAD,1,15.0
126830,1,2,99,2,9,60.0,0,N,MELB_URBAN,AVENUE,1,18.0
126831,1,2,110,1,1,50.0,0,I,MELB_URBAN,STREET,1,15.0
126832,1,3,130,5,1,60.0,0,N,MELB_URBAN,ROAD,1,16.0
126833,1,2,99,2,1,100.0,0,I,RURAL_VICTORIA,HIGHWAY,1,17.0
126834,1,6,121,1,9,60.0,0,I,MELB_URBAN,ROAD,12,21.0
126835,1,5,113,2,1,60.0,0,I,MELB_URBAN,ROAD,1,15.0
126836,2,2,102,5,3,70.0,0,N,MELB_URBAN,ROAD,1,21.0
126837,4,1,171,5,1,80.0,0,N,RURAL_VICTORIA,ROAD,1,16.0
126838,1,2,147,5,5,50.0,0,N,MELB_URBAN,ROAD,1,23.0
126839,4,3,171,5,5,100.0,0,N,RURAL_VICTORIA,ROAD,1,0.0
126840,4,3,173,5,5,100.0,0,N,RURAL_VICTORIA,HIGHWAY,1,3.0
126841,1,2,134,4,2,100.0,0,N,MELB_URBAN,UNKNOWN,1,5.0
126842,1,3,113,2,2,40.0,0,I,MELB_URBAN,ROAD,1,7.0
126843,4,2,171,5,1,100.0,0,N,MELB_URBAN,ROAD,1,8.0
126844,1,3,121,2,1,80.0,0,I,RURAL_VICTORIA,ROAD,1,7.0
126845,1,4,135,5,3,70.0,0,N,MELB_URBAN,ROAD,1,0.0
126846,1,1,130,2,1,60.0,0,N,MELB_URBAN,ROAD,1,10.0
126847,1,3,133,5,1,60.0,0,N,RURAL_VICTORIA,HIGHWAY,1,7.0
126848,1,5,121,4,1,40.0,0,I,MELB_URBAN,AVENUE,1,7.0
126849,5,7,99,5,1,60.0,0,N,RURAL_VICTORIA,ROAD,1,10.0
126850,5,1,99,2,1,80.0,0,I,MELB_URBAN,HIGHWAY,9,11.0
126851,1,3,110,1,1,50.0,0,I,MELB_URBAN,STREET,1,8.0
126852,1,3,132,2,1,60.0,0,I,LARGE_PROVINCIAL_CITIES,ROAD,1,11.0
126853,5,6,99,5,1,100.0,0,N,RURAL_VICTORIA,ROAD,1,17.0
126854,2,2,100,5,1,30.0,0,N,MELB_URBAN,ROAD,1,10.0
126855,5,1,99,5,1,50.0,0,N,RURAL_VICTORIA,ROAD,1,9.0
126856,6,7,174,5,1,100.0,0,N,RURAL_VICTORIA,ROAD,12,13.0
126857,6,3,174,5,1,100.0,0,N,RURAL_VICTORIA,DRIVE,10,18.0
126858,9,3,174,1,1,60.0,0,I,MELB_URBAN,ROAD,1,16.0
126859,1,3,113,4,1,80.0,0,I,RURAL_VICTORIA,HIGHWAY,1,17.0
126860,1,3,110,1,1,50.0,0,I,MELB_URBAN,AVENUE,1,16.0
126861,1,4,130,5,1,100.0,0,N,RURAL_VICTORIA,ROAD,1,14.0
126862,1,2,113,1,1,80.0,0,I,MELB_URBAN,ROAD,1,18.0
126863,2,2,102,2,1,60.0,0,I,MELB_URBAN,STREET,1,17.0
126864,1,3,140,2,1,50.0,0,I,TOWNS,PARADE,1,17.0
126865,1,3,130,5,1,70.0,0,N,RURAL_VICTORIA,ROAD,1,16.0
126866,1,3,121,2,1,60.0,0,I,MELB_URBAN,ROAD,1,19.0
126867,2,3,99,5,1,40.0,0,N,MELB_URBAN,ROAD,1,19.0
126868,1,3,121,2,2,80.0,0,I,RURAL_VICTORIA,HIGHWAY,1,19.0
126869,6,1,184,5,1,60.0,0,N,TOWNS,ROAD,1,9.0
126870,1,3,99,2,3,40.0,0,I,LARGE_PROVINCIAL_CITIES,STREET,1,21.0
126871,1,3,130,2,3,70.0,0,N,MELB_URBAN,ROAD,1,22.0
126872,6,4,170,5,3,60.0,0,N,SMALL_CITIES,ROAD,1,1.0
126873,1,1,110,1,1,60.0,0,I,SMALL_CITIES,PARADE,1,14.0
126874,4,4,173,5,1,100.0,0,N,RURAL_VICTORIA,HIGHWAY,1,6.0
126875,1,4,130,5,1,100.0,0,N,MELB_URBAN,FREEWAY,1,6.0
126876,1,4,121,5,1,60.0,0,N,MELB_URBAN,ROAD,1,7.0
126877,6,1,174,5,1,60.0,0,N,TOWNS,STREET,1,16.0
126878,2,4,102,1,1,60.0,0,N,MELB_URBAN,ROAD,1,8.0
126879,4,4,171,9,2,60.0,0,N,RURAL_VICTORIA,ROAD,1,7.0
126880,1,3,132,2,1,60.0,0,I,MELB_URBAN,DRIVE,1,8.0
126881,1,4,121,1,1,80.0,0,I,MELB_URBAN,DRIVE,1,6.0
126882,1,4,135,5,1,100.0,0,I,MELB_URBAN,FREEWAY,1,8.0
126883,1,6,121,1,3,40.0,0,I,MELB_URBAN,STREET,9,19.0
126884,1,4,121,2,1,60.0,0,I,SMALL_TOWNS,ROAD,1,9.0
126885,4,3,171,5,9,100.0,0,N,RURAL_VICTORIA,ROAD,1,11.0
126886,1,4,121,2,1,60.0,0,N,MELB_URBAN,ROAD,1,7.0
126887,6,4,174,5,1,80.0,0,N,MELB_URBAN,ROAD,1,9.0
126888,1,4,147,5,1,80.0,0,I,MELB_URBAN,HIGHWAY,1,10.0
126889,1,4,160,2,1,50.0,0,N,MELB_URBAN,DRIVE,1,10.0
126890,1,2,110,1,1,60.0,0,I,MELB_URBAN,STREET,1,7.0
126891,1,4,130,5,1,80.0,0,N,RURAL_VICTORIA,STREET,1,11.0
126892,1,2,133,5,9,60.0,0,N,MELB_URBAN,STREET,5,12.0
126893,1,7,99,1,1,60.0,0,I,MELB_URBAN,STREET,1,19.0
126894,1,1,121,1,1,60.0,0,I,MELB_URBAN,STREET,1,9.0
126895,4,3,183,5,1,50.0,0,N,RURAL_VICTORIA,DRIVE,1,7.0
126896,6,4,184,5,1,100.0,0,N,RURAL_VICTORIA,ROAD,1,14.0
126897,1,4,120,5,1,80.0,0,N,RURAL_VICTORIA,ROAD,1,10.0
126898,2,4,99,5,1,50.0,0,N,SMALL_TOWNS,ROAD,1,14.0
126899,1,4,134,2,1,60.0,0,N,SMALL_CITIES,AVENUE,1,13.0
126900,1,3,121,2,1,60.0,0,I,MELB_URBAN,ROAD,1,8.0
126901,1,2,130,1,1,50.0,0,I,MELB_URBAN,DRIVE,1,10.0
126902,1,6,130,1,1,60.0,0,I,LARGE_PROVINCIAL_CITIES,STREET,1,15.0
126903,1,3,116,2,1,50.0,0,I,MELB_URBAN,ROAD,1,15.0
126904,1,3,121,2,1,70.0,0,I,MELB_URBAN,ROAD,1,16.0
126905,1,3,132,5,1,60.0,0,N,MELB_URBAN,ROAD,1,16.0
126906,1,4,120,5,1,80.0,0,N,RURAL_VICTORIA,ROAD,1,15.0
126907,1,4,99,5,1,80.0,1,N,RURAL_VICTORIA,HIGHWAY,1,12.0
126908,4,4,99,5,1,100.0,0,N,RURAL_VICTORIA,ROAD,1,15.0
126909,1,4,113,2,1,80.0,0,I,RURAL_VICTORIA,ROAD,1,16.0
126910,1,3,121,1,1,60.0,0,I,LARGE_PROVINCIAL_CITIES,ROAD,1,18.0
126911,1,3,163,5,1,60.0,0,N,MELB_URBAN,STREET,1,16.0
126912,1,4,99,1,1,50.0,0,N,MELB_URBAN,ROAD,1,18.0
126913,1,4,120,5,1,100.0,0,N,RURAL_VICTORIA,ROAD,1,15.0
126914,1,3,130,5,1,80.0,0,N,MELB_URBAN,ROAD,1,8.0
126915,1,4,140,5,1,60.0,0,N,MELB_URBAN,ROAD,1,18.0
126916,2,4,102,5,1,60.0,0,I,MELB_URBAN,HIGHWAY,1,17.0
126917,1,4,130,5,1,60.0,0,N,MELB_URBAN,ROAD,1,17.0
126918,1,4,99,2,1,50.0,0,I,MELB_URBAN,STREET,1,13.0
126919,1,3,140,2,3,40.0,0,N,MELBOURNE_CBD,STREET,1,21.0
126920,1,3,132,2,3,50.0,0,I,MELB_URBAN,OTHER,1,21.0
126921,4,7,183,5,1,80.0,0,I,TOWNS,ROAD,1,13.0
126922,6,4,174,1,2,80.0,0,I,LARGE_PROVINCIAL_CITIES,ROAD,1,20.0
126923,1,4,113,2,3,70.0,0,I,MELB_URBAN,ROAD,1,21.0
126924,1,4,113,2,1,70.0,0,I,MELB_URBAN,ROAD,1,19.0
126925,4,4,173,5,1,100.0,0,N,RURAL_VICTORIA,ROAD,1,20.0
126926,4,4,173,5,5,100.0,0,N,LARGE_PROVINCIAL_CITIES,ROAD,1,22.0
126927,1,7,99,1,1,60.0,0,N,MELB_URBAN,ROAD,1,8.0
126928,1,3,130,5,5,60.0,0,N,MELB_URBAN,FREEWAY,1,22.0
126929,1,5,99,5,1,40.0,0,N,MELB_URBAN,STREET,1,6.0
126930,1,5,133,5,1,100.0,0,N,RURAL_VICTORIA,OTHER,1,6.0
126931,1,5,130,5,1,80.0,0,N,MELB_URBAN,ROAD,1,15.0
126932,1,7,99,2,1,80.0,0,N,MELB_URBAN,ROAD,1,12.0
126933,1,5,121,1,1,60.0,0,I,MELB_URBAN,ROAD,1,8.0
126934,1,3,130,1,1,80.0,0,N,MELB_URBAN,ROAD,1,18.0
126935,1,5,130,5,1,80.0,0,N,MELB_URBAN,FREEWAY,1,7.0
126936,1,4,130,5,1,60.0,0,N,SMALL_CITIES,HIGHWAY,1,9.0
126937,1,4,116,1,1,60.0,0,N,SMALL_CITIES,STREET,12,11.0
126938,1,5,111,1,1,60.0,0,I,MELB_URBAN,ROAD,1,8.0
126939,4,1,173,5,5,100.0,0,N,RURAL_VICTORIA,ROAD,1,21.0
126940,1,4,121,1,1,50.0,0,I,TOWNS,HIGHWAY,1,10.0
126941,1,4,121,2,1,60.0,0,I,SMALL_CITIES,ROAD,1,11.0
126942,1,5,110,1,1,50.0,0,I,SMALL_CITIES,STREET,1,11.0
126943,1,3,135,5,3,80.0,0,N,MELB_URBAN,FREEWAY,12,21.0
126944,1,5,160,5,1,60.0,0,N,MELB_URBAN,ROAD,1,11.0
126945,1,2,135,5,1,60.0,0,N,MELB_URBAN,ROAD,1,15.0
126946,1,5,135,5,1,80.0,0,N,MELB_URBAN,STREET,1,8.0
126947,6,5,99,5,1,60.0,0,N,TOWNS,ROAD,1,7.0
126948,1,4,121,1,1,60.0,0,I,MELB_URBAN,ROAD,1,8.0
126949,1,5,173,1,1,60.0,0,I,MELB_URBAN,ROAD,1,13.0
126950,1,5,133,5,1,70.0,0,N,MELB_URBAN,ROAD,1,14.0
126951,1,3,99,5,1,60.0,0,N,MELB_URBAN,ROAD,1,16.0
126952,7,4,99,5,1,50.0,0,N,LARGE_PROVINCIAL_CITIES,ROAD,1,13.0
126953,1,5,130,1,1,80.0,0,I,MELB_URBAN,ROAD,1,15.0
126954,1,5,113,2,1,70.0,0,I,MELB_URBAN,OTHER,1,14.0
126955,1,5,121,4,1,80.0,0,I,RURAL_VICTORIA,RAMP,1,9.0
126956,2,6,99,5,9,60.0,0,N,MELB_URBAN,STREET,11,22.0
126957,1,5,113,1,1,60.0,0,I,LARGE_PROVINCIAL_CITIES,STREET,1,16.0
126958,8,3,174,5,1,60.0,0,N,MELB_URBAN,ROAD,1,7.0
126959,1,6,121,1,1,60.0,0,I,MELB_URBAN,STREET,1,16.0
126960,4,5,183,5,1,100.0,0,N,RURAL_VICTORIA,ROAD,1,14.0
126961,1,3,121,2,1,70.0,0,I,MELB_URBAN,ROAD,1,7.0
126962,6,5,174,1,9,60.0,0,N,MELB_URBAN,STREET,12,9.0
126963,1,5,99,2,1,40.0,0,I,MELB_URBAN,ROAD,1,15.0
126964,1,5,133,5,1,40.0,0,N,MELB_URBAN,STREET,1,17.0
126965,1,5,130,5,1,110.0,0,N,RURAL_VICTORIA,FREEWAY,1,16.0
126966,1,3,111,2,1,60.0,0,I,MELB_URBAN,STREET,1,11.0
126967,1,4,130,4,1,60.0,0,N,MELBOURNE_CBD,STREET,1,16.0
126968,1,4,121,1,1,60.0,0,I,MELB_URBAN,ROAD,1,19.0
126969,2,2,102,5,1,40.0,0,N,MELB_URBAN,STREET,1,17.0
126970,1,5,130,5,1,100.0,0,N,MELB_URBAN,FREEWAY,1,16.0
126971,1,5,113,2,3,60.0,0,I,MELB_URBAN,ROAD,1,22.0
126972,1,5,121,2,3,60.0,0,N,SMALL_CITIES,STREET,1,21.0
126973,4,5,171,5,5,100.0,0,N,RURAL_VICTORIA,ROAD,1,20.0
126974,4,6,99,2,3,50.0,0,I,TOWNS,ROAD,1,3.0
126975,1,5,120,5,5,100.0,0,N,RURAL_VICTORIA,HIGHWAY,1,22.0
126976,1,6,120,5,3,50.0,0,N,MELB_URBAN,HIGHWAY,1,23.0
126977,1,2,110,1,1,50.0,0,I,LARGE_PROVINCIAL_CITIES,STREET,1,13.0
126978,1,4,130,4,1,80.0,0,I,SMALL_TOWNS,RAMP,1,16.0
126979,1,5,99,2,1,50.0,0,I,MELB_URBAN,AVENUE,1,19.0
126980,1,6,110,1,1,50.0,0,I,SMALL_CITIES,STREET,1,8.0
126981,1,5,140,5,1,60.0,0,N,MELB_URBAN,ROAD,12,7.0
126982,2,6,99,5,1,60.0,0,N,MELB_URBAN,ROAD,1,9.0
126983,1,3,130,5,1,50.0,0,N,MELB_URBAN,ROAD,11,15.0
126984,1,5,110,1,1,50.0,0,I,TOWNS,STREET,1,10.0
126985,1,5,113,2,1,70.0,0,I,MELB_URBAN,ROAD,1,13.0
126986,2,6,99,5,1,40.0,0,N,MELB_URBAN,DRIVE,1,13.0
126987,8,7,174,1,2,60.0,0,I,MELB_URBAN,ROAD,1,7.0
126988,1,6,113,3,1,80.0,0,I,RURAL_VICTORIA,HIGHWAY,1,8.0
126989,4,4,173,5,1,60.0,0,O,MELB_URBAN,DRIVE,1,18.0
126990,1,5,130,1,1,60.0,0,N,MELB_URBAN,ROAD,1,15.0
126991,1,6,133,5,1,80.0,0,N,MELB_URBAN,UNKNOWN,1,14.0
126992,2,4,99,5,9,60.0,0,N,MELB_URBAN,ROAD,1,9.0
126993,5,0,171,5,1,60.0,0,N,RURAL_VICTORIA,ROAD,1,13.0
126994,1,3,130,5,1,60.0,0,N,MELB_URBAN,FREEWAY,1,18.0
126995,1,6,121,2,1,60.0,0,I,MELB_URBAN,STREET,1,16.0
126996,1,5,110,1,1,50.0,0,I,SMALL_CITIES,AVENUE,1,16.0
126997,1,4,130,5,1,40.0,0,N,MELB_URBAN,ROAD,1,10.0
126998,1,5,132,2,1,100.0,0,I,RURAL_VICTORIA,HIGHWAY,1,16.0
126999,1,6,99,5,1,60.0,0,I,MELB_URBAN,ROAD,1,15.0
127000,1,6,147,5,1,50.0,0,N,RURAL_VICTORIA,DRIVE,1,15.0
127001,4,6,181,5,1,60.0,0,N,RURAL_VICTORIA,ROAD,1,7.0
127002,2,6,99,5,1,50.0,0,N,TOWNS,STREET,1,18.0
127003,1,6,99,5,1,50.0,0,N,MELB_URBAN,ROAD,1,18.0
127004,4,6,181,5,1,100.0,1,N,RURAL_VICTORIA,ROAD,1,15.0
127005,9,5,99,5,1,60.0,0,N,MELB_URBAN,STREET,12,16.0
127006,1,5,110,1,1,100.0,0,I,RURAL_VICTORIA,ROAD,1,17.0
127007,1,6,130,5,1,100.0,0,N,MELB_URBAN,FREEWAY,1,18.0
127008,1,6,99,1,3,40.0,0,I,MELB_URBAN,ROAD,1,3.0
127009,1,5,110,1,1,80.0,0,I,SMALL_TOWNS,ROAD,1,19.0
127010,1,6,147,5,1,60.0,0,N,TOWNS,ROAD,1,11.0
127011,1,7,133,5,5,110.0,0,N,RURAL_VICTORIA,FREEWAY,1,2.0
127012,4,7,173,5,5,100.0,0,N,RURAL_VICTORIA,OTHER,1,1.0
127013,1,2,135,5,1,70.0,0,N,MELB_URBAN,ROAD,1,13.0
127014,4,7,173,5,5,100.0,0,N,RURAL_VICTORIA,HIGHWAY,1,2.0
127015,1,7,110,1,1,40.0,0,I,MELB_URBAN,STREET,1,8.0
127016,1,3,99,2,1,60.0,0,I,MELB_URBAN,HIGHWAY,12,15.0
127017,3,5,167,5,1,60.0,0,N,RURAL_VICTORIA,ROAD,1,16.0
127018,1,7,99,5,1,50.0,0,N,LARGE_PROVINCIAL_CITIES,STREET,1,10.0
127019,1,2,147,5,1,60.0,0,N,MELB_URBAN,ROAD,12,14.0
127020,1,2,133,5,9,60.0,0,N,MELB_URBAN,FREEWAY,1,18.0
127021,1,7,113,2,1,80.0,0,I,RURAL_VICTORIA,ROAD,1,12.0
127022,1,5,121,1,1,60.0,0,I,MELB_URBAN,ROAD,1,9.0
127023,1,5,113,2,1,60.0,0,I,MELB_URBAN,ROAD,1,16.0
127024,1,7,130,5,1,80.0,0,N,RURAL_VICTORIA,HIGHWAY,1,11.0
127025,1,5,130,2,1,60.0,0,I,MELB_URBAN,HIGHWAY,1,14.0
127026,4,6,183,5,1,60.0,0,N,MELB_URBAN,HIGHWAY,1,19.0
127027,4,7,171,5,1,100.0,0,N,MELB_URBAN,FREEWAY,1,12.0
127028,1,7,99,5,1,60.0,0,N,MELB_URBAN,STREET,1,8.0
127029,1,7,160,5,1,60.0,0,N,LARGE_PROVINCIAL_CITIES,STREET,1,14.0
127030,1,7,135,5,1,40.0,0,N,MELB_URBAN,STREET,1,12.0
127031,1,5,111,2,2,50.0,0,I,MELB_URBAN,ROAD,1,21.0
127032,6,6,170,5,5,100.0,0,N,RURAL_VICTORIA,ROAD,1,20.0
127033,1,6,130,1,2,60.0,0,I,MELB_URBAN,HIGHWAY,1,16.0
127034,4,6,171,5,1,100.0,0,N,RURAL_VICTORIA,ROAD,1,12.0
127035,1,5,120,5,1,50.0,0,N,MELB_URBAN,AVENUE,1,16.0
127036,6,7,99,5,1,100.0,0,N,RURAL_VICTORIA,ROAD,1,14.0
127037,1,7,160,5,5,40.0,0,N,MELB_URBAN,STREET,1,1.0
127038,1,5,121,1,3,60.0,0,I,MELB_URBAN,HIGHWAY,1,21.0
127039,4,7,173,5,3,60.0,0,N,MELB_URBAN,ROAD,1,1.0
127040,4,7,173,5,1,100.0,0,N,RURAL_VICTORIA,ROAD,1,17.0
127041,1,7,140,5,1,60.0,0,N,MELB_URBAN,ROAD,1,16.0
127042,8,7,170,5,1,60.0,0,N,MELB_URBAN,HIGHWAY,1,17.0
127043,4,7,171,5,1,100.0,0,N,RURAL_VICTORIA,ROAD,1,15.0
127044,1,6,130,1,1,40.0,0,I,MELB_URBAN,STREET,1,13.0
127045,1,7,120,5,1,80.0,1,N,RURAL_VICTORIA,STREET,1,10.0
127046,1,5,133,5,2,40.0,0,N,MELB_URBAN,FREEWAY,1,20.0
127047,4,6,171,5,1,100.0,0,N,RURAL_VICTORIA,ROAD,1,16.0
127048,2,7,99,5,1,40.0,0,N,MELB_URBAN,ROAD,1,16.0
127049,2,6,99,5,1,60.0,0,N,MELB_URBAN,ROAD,1,19.0
127050,1,7,110,1,1,50.0,0,I,SMALL_CITIES,STREET,1,19.0
127051,1,7,99,5,1,60.0,0,N,MELB_URBAN,ROAD,1,18.0
127052,4,7,171,5,1,100.0,0,N,RURAL_VICTORIA,OTHER,1,19.0
127053,1,7,121,1,3,60.0,0,I,MELB_URBAN,PARADE,1,21.0
127054,1,7,120,5,1,100.0,1,N,RURAL_VICTORIA,ROAD,1,16.0
127055,1,3,121,2,3,60.0,0,N,TOWNS,STREET,11,20.0
127056,1,7,147,5,3,60.0,0,N,MELB_URBAN,ROAD,1,21.0
127057,6,1,170,5,3,60.0,0,N,MELB_URBAN,ROAD,1,0.0
127058,4,1,173,5,3,60.0,0,N,MELB_URBAN,HIGHWAY,1,1.0
127059,1,3,130,5,9,60.0,0,N,MELB_URBAN,ROAD,12,21.0
127060,1,7,147,5,3,80.0,0,N,MELB_URBAN,ROAD,1,22.0
127061,4,0,99,2,3,80.0,0,I,MELB_URBAN,ROAD,1,0.0
127062,6,0,99,5,3,80.0,0,N,MELB_URBAN,ROAD,1,4.0
127063,1,7,99,5,1,60.0,0,N,SMALL_CITIES,ROAD,1,10.0
127064,8,6,174,5,1,50.0,0,N,MELB_URBAN,STREET,1,16.0
127065,1,6,130,5,9,40.0,0,N,MELB_URBAN,STREET,1,20.0
127066,1,0,130,5,1,60.0,0,N,MELB_URBAN,ROAD,1,11.0
127067,1,1,130,2,1,60.0,0,N,MELB_URBAN,ROAD,1,8.0
127068,4,0,181,5,1,80.0,0,N,RURAL_VICTORIA,ROAD,1,10.0
127069,1,6,132,5,1,60.0,0,N,RURAL_VICTORIA,OTHER,1,18.0
127070,1,7,130,2,1,60.0,0,I,MELB_URBAN,ROAD,1,16.0
127071,8,6,184,5,1,100.0,0,N,RURAL_VICTORIA,ROAD,11,17.0
127072,4,1,181,2,1,60.0,0,I,TOWNS,STREET,1,12.0
127073,1,1,99,3,1,80.0,0,I,RURAL_VICTORIA,ROAD,1,11.0
127074,4,1,171,2,1,60.0,0,I,MELB_URBAN,OTHER,1,14.0