,accident_type,day_of_week,dca_code,road_geometry,light_condition,speed_zone,severity,node_type,deg_urban_name,road_type,month,hour
127075,4,0,171,5,1,40.0,0,N,MELB_URBAN,ROAD,1,11.0
127076,4,1,173,5,3,80.0,1,N,MELB_URBAN,ROAD,1,3.0
127077,4,1,171,2,1,60.0,0,I,MELB_URBAN,HIGHWAY,1,15.0
127078,1,1,147,5,1,80.0,0,N,MELB_URBAN,ROAD,1,11.0
127079,1,4,99,5,1,50.0,0,N,TOWNS,STREET,1,13.0
127080,4,1,171,5,1,100.0,0,N,RURAL_VICTORIA,HIGHWAY,1,16.0
127081,4,1,173,5,1,100.0,0,N,RURAL_VICTORIA,ROAD,1,15.0
127082,1,1,132,5,1,60.0,0,N,MELB_URBAN,ROAD,1,15.0
127083,4,1,183,5,1,30.0,0,N,RURAL_VICTORIA,ROAD,1,18.0
127084,1,7,99,2,1,60.0,0,I,MELB_URBAN,ROAD,1,13.0
127085,1,2,160,4,1,80.0,0,I,MELB_URBAN,FREEWAY,12,10.0
127086,2,1,102,2,3,60.0,0,I,MELB_URBAN,ROAD,1,22.0
127087,1,2,130,1,3,40.0,0,I,MELBOURNE_CBD,STREET,1,1.0
127088,1,0,110,1,3,60.0,0,I,MELB_URBAN,ROAD,1,22.0
127089,1,1,110,1,3,70.0,0,I,MELB_URBAN,HIGHWAY,1,23.0
127090,1,2,140,5,5,100.0,0,N,RURAL_VICTORIA,ROAD,1,5.0
127091,1,2,130,5,2,80.0,0,N,MELB_URBAN,FREEWAY,1,6.0
127092,1,1,130,5,1,80.0,0,N,MELB_URBAN,OTHER,1,11.0
127093,8,5,184,5,9,60.0,0,N,RURAL_VICTORIA,ROAD,1,19.0
127094,4,1,171,5,2,100.0,0,N,RURAL_VICTORIA,ROAD,1,6.0
127095,6,7,174,5,1,100.0,0,O,RURAL_VICTORIA,UNKNOWN,1,16.0
127096,8,2,170,5,1,60.0,0,N,MELB_URBAN,ROAD,1,9.0
127097,1,6,140,2,3,60.0,0,I,MELB_URBAN,ROAD,1,21.0
127098,1,0,130,5,1,80.0,0,N,RURAL_VICTORIA,ROAD,1,9.0
127099,1,1,130,5,1,50.0,0,N,MELB_URBAN,ROAD,8,13.0
127100,1,1,99,1,9,70.0,0,N,MELB_URBAN,ROAD,1,12.0
127101,6,6,184,5,1,100.0,0,N,RURAL_VICTORIA,ROAD,12,14.0
127102,1,2,113,2,1,60.0,0,I,MELB_URBAN,ROAD,1,11.0
127103,1,2,113,2,1,80.0,0,I,RURAL_VICTORIA,ROAD,1,12.0
127104,1,2,110,1,1,50.0,0,I,SMALL_CITIES,AVENUE,1,13.0
127105,1,2,120,5,1,80.0,0,N,RURAL_VICTORIA,HIGHWAY,1,13.0
127106,1,2,113,2,1,60.0,0,I,MELB_URBAN,ROAD,1,13.0
127107,4,0,171,5,3,60.0,0,N,MELB_URBAN,AVENUE,1,22.0
127108,1,4,130,5,2,60.0,0,N,MELB_URBAN,STREET,1,18.0
127109,1,2,160,5,1,50.0,0,N,MELB_URBAN,STREET,1,17.0
127110,1,0,99,5,3,60.0,0,I,MELB_URBAN,STREET,12,22.0
127111,2,2,99,1,1,40.0,0,N,MELB_URBAN,ROAD,1,19.0
127112,1,2,130,5,1,50.0,0,N,SMALL_CITIES,ROAD,1,14.0
127113,1,4,120,5,1,80.0,0,N,TOWNS,OTHER,1,9.0
127114,1,6,130,5,9,80.0,0,N,MELB_URBAN,ROAD,12,11.0
127115,1,2,113,2,1,80.0,1,I,RURAL_VICTORIA,FREEWAY,1,16.0
127116,1,2,132,1,3,60.0,0,N,MELB_URBAN,ROAD,1,23.0
127117,4,2,183,5,5,100.0,0,N,MELB_URBAN,RAMP,1,23.0
127118,2,2,99,5,3,40.0,0,N,MELB_URBAN,ROAD,1,23.0
127119,1,3,160,5,3,50.0,0,N,MELB_URBAN,STREET,1,2.0
127120,4,3,183,5,9,70.0,1,N,MELB_URBAN,HIGHWAY,1,0.0
127121,4,1,183,5,1,80.0,0,N,RURAL_VICTORIA,ROAD,1,11.0
127122,4,2,99,2,1,50.0,0,I,SMALL_TOWNS,ROAD,1,10.0
127123,1,3,133,5,1,100.0,0,N,RURAL_VICTORIA,HIGHWAY,1,9.0
127124,1,4,130,2,1,60.0,0,I,MELB_URBAN,STREET,1,15.0
127125,4,3,171,5,1,60.0,0,N,MELB_URBAN,ROAD,1,7.0
127126,1,3,120,5,1,60.0,0,N,RURAL_VICTORIA,ROAD,1,8.0
127127,4,2,171,5,1,60.0,0,N,TOWNS,STREET,1,8.0
127128,4,2,181,5,1,100.0,0,N,TOWNS,ROAD,1,11.0
127129,4,1,171,5,1,80.0,0,N,RURAL_VICTORIA,ROAD,1,14.0
127130,1,3,147,5,1,50.0,0,N,MELB_URBAN,ROAD,1,9.0
127131,1,6,130,5,1,60.0,0,N,MELB_URBAN,AVENUE,11,10.0
127132,1,1,130,5,1,60.0,0,N,RURAL_VICTORIA,ROAD,12,11.0
127133,4,3,173,5,1,60.0,0,N,MELB_URBAN,PARADE,1,14.0
127134,6,3,174,5,1,70.0,0,N,MELB_URBAN,ROAD,1,11.0
127135,1,3,130,5,1,80.0,0,N,MELB_URBAN,HIGHWAY,1,14.0
127136,4,2,171,5,1,50.0,0,N,MELB_URBAN,STREET,1,14.0
127137,1,3,130,5,1,80.0,0,N,RURAL_VICTORIA,ROAD,1,14.0
127138,4,3,183,5,1,100.0,0,N,RURAL_VICTORIA,ROAD,1,14.0
127139,8,0,174,5,1,60.0,0,N,SMALL_CITIES,DRIVE,1,18.0
127140,1,3,132,5,1,50.0,0,N,MELB_URBAN,ROAD,1,15.0
127141,4,2,171,5,3,100.0,0,N,MELB_URBAN,UNKNOWN,1,23.0
127142,4,3,171,5,3,60.0,0,N,MELB_URBAN,AVENUE,1,1.0
127143,6,4,99,5,2,100.0,0,N,RURAL_VICTORIA,OTHER,1,6.0
127144,4,3,173,5,1,80.0,0,N,MELB_URBAN,ROAD,1,7.0
127145,4,4,183,5,1,100.0,0,N,RURAL_VICTORIA,ROAD,1,9.0
127146,1,3,113,2,1,60.0,0,I,MELB_URBAN,ROAD,1,8.0
127147,8,5,174,5,1,70.0,0,N,MELB_URBAN,ROAD,1,18.0
127148,1,3,140,2,1,40.0,0,I,TOWNS,AVENUE,1,10.0
127149,4,4,173,5,5,100.0,0,N,RURAL_VICTORIA,HIGHWAY,1,1.0
127150,1,4,99,5,1,40.0,0,N,MELB_URBAN,ROAD,1,9.0
127151,1,3,130,2,1,80.0,0,N,MELB_URBAN,HIGHWAY,1,10.0
127152,1,3,110,1,1,50.0,0,I,MELB_URBAN,PARADE,1,12.0
127153,1,4,130,5,1,60.0,0,N,MELB_URBAN,ROAD,1,9.0
127154,4,4,173,5,1,80.0,0,N,RURAL_VICTORIA,HIGHWAY,1,12.0
127155,6,3,99,5,5,100.0,0,N,RURAL_VICTORIA,ROAD,1,20.0
127156,1,6,121,5,1,50.0,0,I,LARGE_PROVINCIAL_CITIES,PARADE,1,8.0
127157,1,4,110,1,1,100.0,0,I,RURAL_VICTORIA,ROAD,1,10.0
127158,6,1,174,5,1,60.0,0,N,RURAL_VICTORIA,ROAD,1,8.0
127159,1,4,135,5,1,80.0,0,N,MELB_URBAN,UNKNOWN,1,14.0
127160,1,7,99,5,1,80.0,0,N,MELB_URBAN,ROAD,1,16.0
127161,6,4,174,5,1,60.0,0,N,MELB_URBAN,ROAD,1,15.0
127162,1,4,163,2,1,40.0,0,I,MELB_URBAN,STREET,12,15.0
127163,1,3,133,1,1,60.0,0,N,MELB_URBAN,ROAD,1,14.0
127164,1,4,135,2,1,40.0,0,I,MELB_URBAN,ROAD,1,17.0
127165,1,4,121,1,1,60.0,0,I,MELB_URBAN,ROAD,1,15.0
127166,8,4,99,5,1,100.0,0,N,MELB_URBAN,FREEWAY,1,16.0
127167,1,4,130,5,1,90.0,0,N,RURAL_VICTORIA,ROAD,1,16.0
127168,1,4,113,2,1,80.0,0,I,RURAL_VICTORIA,HIGHWAY,1,17.0
127169,1,4,130,5,1,70.0,0,N,MELB_URBAN,ROAD,1,16.0
127170,1,2,99,5,1,30.0,0,N,MELB_URBAN,ROAD,1,16.0
127171,4,3,99,6,1,50.0,0,N,MELB_URBAN,UNKNOWN,1,15.0
127172,1,3,130,2,1,50.0,0,N,MELB_URBAN,DRIVE,1,17.0
127173,1,4,99,2,1,50.0,0,N,MELB_URBAN,STREET,1,18.0
127174,8,6,174,5,1,60.0,0,N,MELB_URBAN,ROAD,1,12.0
127175,1,3,130,1,1,80.0,0,I,MELB_URBAN,ROAD,1,9.0
127176,1,4,99,1,1,60.0,0,I,MELB_URBAN,STREET,1,19.0
127177,1,4,121,2,1,80.0,0,N,MELB_URBAN,STREET,1,15.0
127178,1,3,130,2,1,80.0,0,I,MELB_URBAN,HIGHWAY,1,7.0
127179,1,3,130,2,1,60.0,0,N,MELB_URBAN,ROAD,1,16.0
127180,2,4,99,2,3,50.0,0,N,MELB_URBAN,STREET,1,23.0
127181,1,5,110,1,2,60.0,0,I,MELB_URBAN,ROAD,1,5.0
127182,1,3,130,2,9,80.0,0,I,MELB_URBAN,HIGHWAY,12,20.0
127183,1,6,99,5,6,50.0,0,N,MELB_URBAN,OTHER,12,23.0
127184,1,3,99,2,1,60.0,0,I,MELB_URBAN,ROAD,1,9.0
127185,1,5,140,5,1,50.0,0,N,MELB_URBAN,STREET,1,9.0
127186,1,2,130,1,1,60.0,0,I,MELB_URBAN,ROAD,1,12.0
127187,3,3,167,5,6,60.0,0,N,RURAL_VICTORIA,ROAD,1,22.0
127188,1,5,130,2,1,60.0,0,I,MELB_URBAN,HIGHWAY,1,8.0
127189,8,0,174,5,1,60.0,0,N,RURAL_VICTORIA,ROAD,1,9.0
127190,1,0,163,5,9,60.0,0,N,MELB_URBAN,ROAD,12,13.0
127191,5,3,171,5,1,100.0,0,N,RURAL_VICTORIA,ROAD,1,16.0
127192,3,2,167,5,5,100.0,0,N,RURAL_VICTORIA,ROAD,1,22.0
127193,1,4,99,5,3,80.0,0,N,MELB_URBAN,ROAD,12,22.0
127194,1,4,130,5,1,70.0,0,N,MELB_URBAN,ROAD,1,16.0
127195,1,2,130,5,3,80.0,0,N,MELB_URBAN,FREEWAY,1,21.0
127196,1,4,113,2,1,60.0,0,I,MELB_URBAN,ROAD,1,18.0
127197,1,3,130,1,1,70.0,0,N,MELB_URBAN,ROAD,1,17.0
127198,1,4,99,4,1,60.0,0,N,MELB_URBAN,AVENUE,1,7.0
127199,1,4,120,2,1,70.0,0,I,MELB_URBAN,ROAD,1,14.0
127200,6,1,174,2,9,60.0,0,I,SMALL_CITIES,AVENUE,12,14.0
127201,1,4,113,2,1,60.0,0,I,LARGE_PROVINCIAL_CITIES,ROAD,1,8.0
127202,4,5,173,5,1,100.0,0,N,RURAL_VICTORIA,HIGHWAY,1,13.0
127203,1,5,140,5,1,80.0,0,N,MELB_URBAN,ROAD,1,11.0
127204,8,5,174,5,1,60.0,0,N,MELB_URBAN,UNKNOWN,1,15.0
127205,1,1,130,1,1,60.0,0,N,MELB_URBAN,ROAD,1,8.0
127206,4,5,183,5,1,80.0,0,N,RURAL_VICTORIA,ROAD,1,15.0
127207,1,5,120,5,1,100.0,0,N,RURAL_VICTORIA,ROAD,1,14.0
127208,1,4,99,4,1,80.0,0,I,MELB_URBAN,RAMP,1,12.0
127209,1,4,99,5,1,70.0,0,N,MELB_URBAN,HIGHWAY,1,15.0
127210,1,4,130,5,1,60.0,0,N,MELB_URBAN,STREET,1,7.0
127211,1,6,130,1,1,60.0,0,I,MELB_URBAN,STREET,1,12.0
127212,1,5,147,5,1,60.0,0,N,MELB_URBAN,ROAD,1,15.0
127213,7,4,99,5,3,60.0,0,N,MELB_URBAN,ROAD,12,22.0
127214,1,5,147,5,1,50.0,0,N,MELB_URBAN,ROAD,1,16.0
127215,1,5,147,5,1,60.0,0,N,MELB_URBAN,ROAD,1,18.0
127216,1,4,130,5,1,80.0,0,N,MELB_URBAN,HIGHWAY,1,12.0
127217,1,4,110,1,1,80.0,0,I,SMALL_TOWNS,ROAD,1,17.0
127218,1,1,110,1,1,60.0,0,I,MELB_URBAN,STREET,1,19.0
127219,1,3,140,5,1,40.0,0,N,MELB_URBAN,STREET,1,17.0
127220,4,5,99,2,3,60.0,1,I,SMALL_CITIES,ROAD,1,21.0
127221,8,6,99,5,5,100.0,0,N,RURAL_VICTORIA,HIGHWAY,1,2.0
127222,1,1,140,2,1,50.0,0,I,MELB_URBAN,AVENUE,1,18.0
127223,8,6,174,1,1,60.0,0,I,MELB_URBAN,ROAD,1,8.0
127224,1,6,130,5,2,60.0,0,N,RURAL_VICTORIA,ROAD,1,7.0
127225,1,6,110,1,1,60.0,0,I,TOWNS,ROAD,1,8.0
127226,2,6,100,1,1,40.0,0,N,MELB_URBAN,STREET,1,8.0
127227,4,5,171,5,1,70.0,0,N,TOWNS,ROAD,1,7.0
127228,1,5,111,1,1,50.0,0,I,MELB_URBAN,STREET,1,8.0
127229,1,6,130,5,1,60.0,0,N,SMALL_CITIES,STREET,1,9.0
127230,1,4,147,5,1,40.0,0,N,MELB_URBAN,STREET,1,14.0
127231,8,6,170,5,9,50.0,0,N,MELB_URBAN,DRIVE,1,14.0
127232,1,6,135,2,1,60.0,0,I,MELB_URBAN,ROAD,1,12.0
127233,1,5,113,2,1,60.0,0,I,MELB_URBAN,ROAD,1,17.0
127234,4,6,171,2,1,60.0,0,N,LARGE_PROVINCIAL_CITIES,AVENUE,1,11.0
127235,1,5,133,5,1,100.0,0,N,MELB_URBAN,ROAD,1,11.0
127236,2,2,99,5,1,60.0,0,N,MELB_URBAN,OTHER,12,18.0
127237,2,6,102,2,1,60.0,0,I,MELB_URBAN,ROAD,1,12.0
127238,2,6,102,1,1,40.0,0,I,LARGE_PROVINCIAL_CITIES,STREET,1,8.0
127239,1,6,110,1,1,60.0,0,I,MELB_URBAN,STREET,1,9.0
127240,4,6,181,5,1,50.0,0,N,TOWNS,STREET,1,11.0
127241,4,6,171,5,1,60.0,0,N,LARGE_PROVINCIAL_CITIES,STREET,1,14.0
127242,6,4,174,5,1,60.0,0,N,MELB_URBAN,ROAD,11,11.0
127243,1,6,132,5,1,60.0,0,N,MELB_URBAN,ROAD,1,14.0
127244,1,6,133,5,1,100.0,0,N,MELB_URBAN,ROAD,1,13.0
127245,2,6,100,5,1,40.0,0,N,LARGE_PROVINCIAL_CITIES,STREET,1,14.0
127246,4,6,181,5,1,50.0,0,N,SMALL_CITIES,ROAD,1,14.0
127247,1,6,120,5,1,100.0,0,N,RURAL_VICTORIA,ROAD,1,13.0
127248,1,2,99,1,1,60.0,0,I,MELB_URBAN,ROAD,1,14.0
127249,1,6,120,5,1,100.0,0,N,RURAL_VICTORIA,ROAD,1,15.0
127250,6,6,99,5,1,100.0,0,N,RURAL_VICTORIA,ROAD,1,9.0
127251,4,3,99,5,1,50.0,0,N,MELB_URBAN,AVENUE,1,17.0
127252,4,6,183,4,1,80.0,0,N,SMALL_TOWNS,RAMP,1,15.0
127253,4,6,173,5,1,60.0,0,N,MELB_URBAN,ROAD,1,15.0
127254,6,5,170,5,1,40.0,0,N,MELB_URBAN,ROAD,1,11.0
127255,1,5,147,5,1,40.0,0,N,MELB_URBAN,STREET,1,8.0
127256,1,4,99,2,1,60.0,0,I,TOWNS,STREET,1,7.0
127257,4,5,171,5,1,80.0,0,N,MELB_URBAN,AVENUE,1,17.0
127258,1,6,113,2,1,70.0,0,I,MELB_URBAN,OTHER,1,15.0
127259,1,6,134,4,1,100.0,0,N,MELB_URBAN,FREEWAY,1,11.0
127260,1,6,121,5,1,60.0,0,I,MELB_URBAN,ROAD,1,16.0
127261,1,1,130,5,1,60.0,0,N,MELB_URBAN,RAMP,1,17.0
127262,4,6,173,5,1,100.0,0,N,RURAL_VICTORIA,ROAD,1,18.0
127263,1,5,130,5,1,80.0,0,N,MELB_URBAN,FREEWAY,1,17.0
127264,1,5,130,5,1,70.0,0,N,MELB_URBAN,HIGHWAY,1,14.0
127265,1,6,134,5,1,40.0,0,N,RURAL_VICTORIA,ROAD,1,18.0
127266,1,5,132,1,1,80.0,0,N,MELB_URBAN,ROAD,1,17.0
127267,1,5,130,1,1,60.0,0,N,MELB_URBAN,ROAD,1,18.0
127268,1,5,121,4,1,60.0,0,I,MELB_URBAN,PARADE,1,20.0
127269,1,5,116,2,1,50.0,0,I,MELB_URBAN,STREET,1,18.0
127270,1,5,130,5,1,100.0,0,N,RURAL_VICTORIA,ROAD,1,18.0
127271,4,6,171,5,1,100.0,0,N,RURAL_VICTORIA,ROAD,1,17.0
127272,1,6,130,5,1,70.0,0,N,MELB_URBAN,HIGHWAY,1,15.0
127273,1,5,130,2,1,80.0,0,N,RURAL_VICTORIA,HIGHWAY,1,14.0
127274,1,6,140,5,1,60.0,0,N,MELB_URBAN,ROAD,1,19.0
127275,1,6,110,1,1,50.0,0,I,SMALL_CITIES,STREET,1,18.0
127276,1,5,132,5,1,60.0,0,N,MELB_URBAN,STREET,1,15.0
127277,1,6,120,5,1,100.0,1,N,RURAL_VICTORIA,ROAD,1,12.0
127278,2,6,100,5,1,60.0,0,N,MELB_URBAN,ROAD,1,16.0
127279,1,6,130,5,1,80.0,0,N,MELB_URBAN,ROAD,1,16.0
127280,1,6,130,5,1,80.0,0,N,MELB_URBAN,HIGHWAY,1,14.0
127281,1,5,140,2,3,40.0,0,I,MELB_URBAN,STREET,1,22.0
127282,4,6,99,2,3,50.0,0,I,LARGE_PROVINCIAL_CITIES,UNKNOWN,1,3.0
127283,2,4,99,6,3,50.0,0,N,MELB_URBAN,OTHER,1,1.0
127284,4,7,173,5,3,60.0,0,N,MELB_URBAN,ROAD,1,3.0
127285,1,5,130,5,1,60.0,0,N,MELB_URBAN,ROAD,1,13.0
127286,6,5,99,5,2,80.0,0,N,RURAL_VICTORIA,ROAD,1,20.0
127287,1,6,130,2,1,60.0,0,I,MELB_URBAN,ROAD,1,8.0
127288,1,6,99,5,1,60.0,0,N,RURAL_VICTORIA,ROAD,1,10.0
127289,1,7,110,1,1,50.0,0,I,SMALL_CITIES,STREET,1,11.0
127290,1,6,130,5,1,40.0,0,N,SMALL_CITIES,OTHER,1,12.0
127291,1,7,113,2,1,60.0,0,I,MELB_URBAN,STREET,1,7.0
127292,1,1,140,5,1,60.0,0,N,MELB_URBAN,AVENUE,1,13.0
127293,4,6,183,4,3,60.0,0,N,MELB_URBAN,RAMP,1,20.0
127294,1,6,130,1,1,60.0,0,I,MELB_URBAN,STREET,1,9.0
127295,1,5,130,2,9,60.0,0,N,MELB_URBAN,STREET,1,13.0
127296,4,6,173,5,2,80.0,0,N,RURAL_VICTORIA,ROAD,1,6.0
127297,2,7,99,5,1,60.0,0,N,MELB_URBAN,DRIVE,1,13.0
127298,1,7,132,2,1,60.0,0,I,MELB_URBAN,DRIVE,1,14.0
127299,1,7,133,5,1,60.0,0,N,MELB_URBAN,ROAD,1,18.0
127300,4,6,183,2,1,60.0,0,N,MELB_URBAN,ROAD,1,17.0
127301,1,7,113,4,1,80.0,0,I,MELB_URBAN,ROAD,1,14.0
127302,1,7,147,5,1,60.0,0,N,LARGE_PROVINCIAL_CITIES,STREET,1,18.0
127303,1,7,99,2,3,40.0,0,I,MELB_URBAN,STREET,1,21.0
127304,1,7,116,2,2,60.0,0,I,MELB_URBAN,ROAD,1,20.0
127305,1,7,120,5,5,100.0,0,N,RURAL_VICTORIA,ROAD,1,22.0
127306,1,7,120,5,1,80.0,0,N,RURAL_VICTORIA,ROAD,1,15.0
127307,1,7,130,5,3,100.0,0,N,RURAL_VICTORIA,ROAD,1,23.0
127308,1,7,130,5,5,100.0,1,N,RURAL_VICTORIA,ROAD,1,21.0
127309,2,1,102,5,3,60.0,0,N,LARGE_PROVINCIAL_CITIES,STREET,1,0.0
127310,1,1,140,1,3,40.0,0,I,MELBOURNE_CBD,STREET,1,3.0
127311,4,1,171,2,3,80.0,0,I,RURAL_VICTORIA,ROAD,1,0.0
127312,4,1,173,5,5,50.0,0,N,RURAL_VICTORIA,ROAD,1,1.0
127313,4,1,171,1,3,60.0,0,I,SMALL_CITIES,STREET,1,1.0
127314,4,1,173,1,3,80.0,0,I,MELB_URBAN,ROAD,1,1.0
127315,4,1,183,5,9,50.0,0,N,MELB_URBAN,OTHER,1,5.0
127316,1,1,147,5,1,50.0,0,N,SMALL_CITIES,STREET,1,10.0
127317,1,5,130,1,1,60.0,0,I,MELB_URBAN,ROAD,1,12.0
127318,5,1,99,5,1,60.0,0,N,RURAL_VICTORIA,ROAD,1,10.0
127319,1,5,130,2,1,70.0,0,N,MELB_URBAN,STREET,1,15.0
127320,4,1,99,5,1,50.0,0,N,MELB_URBAN,AVENUE,1,9.0
127321,4,0,99,2,1,50.0,0,I,MELB_URBAN,AVENUE,1,8.0
127322,1,6,130,4,1,80.0,0,N,MELB_URBAN,FREEWAY,1,7.0
127323,1,7,160,5,1,60.0,0,N,SMALL_CITIES,ROAD,1,17.0
127324,4,1,181,5,1,80.0,0,N,SMALL_TOWNS,ROAD,1,13.0
127325,6,1,184,5,1,60.0,0,N,RURAL_VICTORIA,ROAD,1,10.0
127326,1,0,121,2,1,60.0,0,I,MELB_URBAN,UNKNOWN,1,13.0
127327,1,0,130,5,1,40.0,0,N,MELB_URBAN,FREEWAY,1,11.0
127328,1,6,130,1,1,60.0,0,I,MELB_URBAN,ROAD,1,15.0
127329,1,3,130,5,1,60.0,0,N,MELB_URBAN,ROAD,1,17.0
127330,1,1,99,5,1,40.0,0,N,MELBOURNE_CBD,STREET,1,15.0
127331,1,1,99,1,1,60.0,0,N,MELB_URBAN,STREET,1,13.0
127332,1,0,110,4,1,60.0,0,I,RURAL_VICTORIA,ROAD,1,15.0
127333,1,1,99,1,1,50.0,0,I,MELB_URBAN,STREET,1,16.0
127334,6,1,99,5,1,70.0,0,N,RURAL_VICTORIA,ROAD,1,17.0
127335,1,0,120,5,9,80.0,0,N,SMALL_TOWNS,ROAD,1,15.0
127336,4,1,183,5,1,80.0,0,N,RURAL_VICTORIA,ROAD,1,12.0
127337,4,1,183,5,1,80.0,0,N,RURAL_VICTORIA,ROAD,1,18.0
127338,4,1,181,5,5,100.0,0,N,RURAL_VICTORIA,ROAD,1,6.0
127339,1,1,113,1,1,50.0,0,I,MELB_URBAN,ROAD,1,13.0
127340,6,1,99,2,1,100.0,0,I,RURAL_VICTORIA,ROAD,1,17.0
127341,1,3,133,5,1,70.0,0,N,SMALL_CITIES,ROAD,1,16.0
127342,1,0,120,5,1,50.0,0,N,MELB_URBAN,DRIVE,1,17.0
127343,1,1,130,5,1,80.0,0,N,MELB_URBAN,OTHER,1,17.0
127344,7,1,99,5,3,60.0,0,N,MELB_URBAN,STREET,1,20.0
127345,1,1,130,2,1,60.0,0,I,MELB_URBAN,ROAD,1,17.0
127346,1,1,160,5,1,50.0,0,N,MELB_URBAN,ROAD,1,18.0
127347,1,6,99,5,3,100.0,0,N,MELB_URBAN,FREEWAY,12,22.0
127348,2,1,100,1,1,50.0,0,N,MELB_URBAN,AVENUE,1,19.0
127349,4,2,171,5,3,60.0,0,N,MELB_URBAN,ROAD,2,1.0
127350,1,6,130,2,1,60.0,0,I,MELB_URBAN,ROAD,1,16.0
127351,1,1,120,5,1,60.0,0,N,TOWNS,STREET,1,18.0
127352,1,2,130,2,1,50.0,0,N,MELB_URBAN,ROAD,2,9.0
127353,1,1,99,2,1,80.0,0,I,RURAL_VICTORIA,ROAD,2,7.0
127354,1,3,99,5,1,60.0,0,N,MELB_URBAN,STREET,11,11.0
127355,2,4,99,5,1,40.0,0,N,MELB_URBAN,STREET,1,12.0
127356,2,2,100,2,1,70.0,0,I,MELB_URBAN,ROAD,2,9.0
127357,1,5,130,2,1,60.0,0,I,MELB_URBAN,STREET,1,17.0
127358,1,6,147,5,3,50.0,0,N,MELB_URBAN,ROAD,12,20.0
127359,6,1,170,5,1,50.0,0,N,MELB_URBAN,OTHER,1,15.0
127360,1,4,99,1,1,60.0,0,I,MELB_URBAN,ROAD,1,15.0
127361,1,0,163,1,9,50.0,0,N,MELB_URBAN,STREET,1,20.0
127362,1,1,113,2,1,80.0,0,N,RURAL_VICTORIA,ROAD,2,11.0
127363,1,4,130,5,1,90.0,0,N,MELB_URBAN,HIGHWAY,1,17.0
127364,5,2,181,5,1,50.0,0,N,MELB_URBAN,BOULEVARD,2,14.0
127365,1,2,130,5,1,100.0,0,N,MELB_URBAN,FREEWAY,1,13.0
127366,1,1,110,1,1,50.0,0,I,SMALL_CITIES,STREET,2,14.0
127367,1,7,99,1,1,50.0,0,I,LARGE_PROVINCIAL_CITIES,STREET,1,12.0
127368,1,5,130,5,1,100.0,0,N,MELB_URBAN,ROAD,1,17.0
127369,6,0,99,2,3,60.0,0,N,MELB_URBAN,BOULEVARD,1,23.0
127370,1,1,130,2,1,50.0,0,I,MELB_URBAN,FREEWAY,2,8.0
127371,1,2,130,5,1,40.0,0,N,MELB_URBAN,STREET,1,18.0
127372,1,2,121,2,1,60.0,0,I,MELB_URBAN,ROAD,2,16.0
127373,4,7,181,5,1,100.0,0,I,RURAL_VICTORIA,ROAD,1,18.0
127374,1,6,130,1,1,60.0,0,N,MELB_URBAN,ROAD,1,16.0
127375,1,5,110,1,9,50.0,0,I,MELB_URBAN,ROAD,1,18.0
127376,1,5,130,5,1,50.0,0,I,LARGE_PROVINCIAL_CITIES,STREET,1,17.0
127377,1,2,160,5,1,50.0,0,N,MELB_URBAN,DRIVE,2,18.0
127378,1,5,133,5,1,100.0,0,N,MELB_URBAN,UNKNOWN,1,16.0
127379,1,6,113,2,3,70.0,0,I,LARGE_PROVINCIAL_CITIES,ROAD,10,20.0
127380,2,6,99,5,1,70.0,0,N,MELB_URBAN,ROAD,1,16.0
127381,1,1,99,5,1,60.0,0,N,MELB_URBAN,ROAD,2,17.0
127382,8,5,99,5,9,60.0,0,N,MELB_URBAN,STREET,1,20.0
127383,1,2,99,2,9,40.0,0,N,MELB_URBAN,STREET,2,20.0
127384,1,2,135,5,3,70.0,0,N,MELB_URBAN,ROAD,2,21.0
127385,1,2,130,5,5,100.0,0,N,MELB_URBAN,ROAD,2,22.0
127386,1,7,130,5,1,60.0,0,N,MELB_URBAN,ROAD,1,17.0
127387,4,3,171,5,3,60.0,0,N,MELB_URBAN,ROAD,2,1.0
127388,4,2,171,2,2,80.0,0,I,RURAL_VICTORIA,ROAD,2,6.0
127389,1,1,130,1,1,60.0,0,I,MELB_URBAN,ROAD,1,13.0
127390,1,1,130,2,3,60.0,0,I,MELB_URBAN,ROAD,2,23.0
127391,2,2,99,5,1,60.0,0,N,MELB_URBAN,ROAD,2,18.0
127392,1,1,110,1,1,60.0,0,I,LARGE_PROVINCIAL_CITIES,AVENUE,1,16.0
127393,1,4,121,4,1,50.0,0,I,MELB_URBAN,ROAD,1,18.0
127394,1,3,160,5,2,60.0,0,N,MELB_URBAN,ROAD,2,6.0
127395,1,2,130,5,1,60.0,0,N,MELB_URBAN,ROAD,2,8.0
127396,1,1,132,5,1,60.0,0,N,MELB_URBAN,ROAD,1,15.0
127397,1,3,135,5,1,40.0,0,N,MELB_URBAN,ROAD,2,8.0
127398,2,7,100,5,9,60.0,0,N,MELB_URBAN,ROAD,12,7.0
127399,8,4,174,2,1,100.0,0,I,RURAL_VICTORIA,BOULEVARD,12,18.0
127400,4,2,173,5,5,80.0,0,N,RURAL_VICTORIA,ROAD,2,21.0
127401,4,1,171,2,1,60.0,0,I,SMALL_CITIES,OTHER,1,7.0
127402,1,3,130,5,1,80.0,0,N,MELB_URBAN,ROAD,2,8.0