,accident_type,day_of_week,dca_code,road_geometry,light_condition,speed_zone,severity,node_type,deg_urban_name,road_type,month,hour
127403,4,5,183,5,5,60.0,0,N,LARGE_PROVINCIAL_CITIES,ROAD,1,23.0
127404,4,6,181,5,1,80.0,0,N,RURAL_VICTORIA,ROAD,1,16.0
127405,4,2,181,5,1,50.0,0,N,MELB_URBAN,OTHER,2,12.0
127406,1,4,111,1,1,50.0,0,I,MELB_URBAN,DRIVE,11,8.0
127407,4,7,181,5,1,80.0,0,N,RURAL_VICTORIA,ROAD,1,16.0
127408,1,2,113,2,1,60.0,0,I,LARGE_PROVINCIAL_CITIES,STREET,2,15.0
127409,4,1,181,5,3,60.0,0,N,TOWNS,STREET,2,23.0
127410,6,3,170,5,1,100.0,0,N,RURAL_VICTORIA,HIGHWAY,2,7.0
127411,4,1,171,5,2,60.0,0,N,RURAL_VICTORIA,ROAD,1,19.0
127412,1,5,99,4,1,80.0,0,N,MELB_URBAN,RAMP,1,19.0
127413,1,2,99,1,1,60.0,0,N,MELB_URBAN,ROAD,2,14.0
127414,2,2,100,2,1,50.0,0,I,MELB_URBAN,ROAD,2,15.0
127415,2,5,99,5,1,60.0,0,N,MELB_URBAN,STREET,1,18.0
127416,1,2,120,5,1,100.0,0,N,RURAL_VICTORIA,ROAD,2,16.0
127417,1,1,130,5,9,60.0,0,N,MELB_URBAN,STREET,1,14.0
127418,1,4,111,2,9,60.0,0,I,MELB_URBAN,ROAD,1,14.0
127419,1,2,111,1,1,60.0,0,I,MELB_URBAN,ROAD,2,17.0
127420,1,2,130,2,1,60.0,0,N,MELB_URBAN,ROAD,2,16.0
127421,1,4,110,1,1,60.0,0,I,MELB_URBAN,STREET,4,8.0
127422,1,5,130,5,1,60.0,0,N,MELB_URBAN,ROAD,1,15.0
127423,4,3,171,5,1,100.0,0,N,RURAL_VICTORIA,ROAD,2,18.0
127424,1,3,99,5,1,50.0,0,N,MELB_URBAN,STREET,2,16.0
127425,1,3,160,2,9,60.0,0,I,MELB_URBAN,ROAD,2,10.0
127426,1,3,99,2,3,80.0,0,N,RURAL_VICTORIA,ROAD,2,21.0
127427,1,3,121,1,1,70.0,0,I,MELB_URBAN,ROAD,2,17.0
127428,1,4,113,2,3,60.0,0,I,MELB_URBAN,ROAD,2,0.0
127429,1,4,147,5,3,60.0,0,N,MELB_URBAN,OTHER,2,1.0
127430,1,3,121,4,2,60.0,0,I,MELB_URBAN,ROAD,2,6.0
127431,1,4,130,5,1,80.0,0,N,MELB_URBAN,ROAD,2,8.0
127432,1,4,130,5,1,80.0,0,N,MELB_URBAN,ROAD,2,8.0
127433,1,3,130,5,1,60.0,0,N,MELB_URBAN,ROAD,2,5.0
127434,6,4,174,5,1,80.0,0,N,MELB_URBAN,FREEWAY,2,8.0
127435,6,2,184,1,1,50.0,0,N,RURAL_VICTORIA,ROAD,1,16.0
127436,1,5,130,5,1,80.0,0,N,MELB_URBAN,FREEWAY,1,17.0
127437,1,2,99,2,1,50.0,0,I,MELB_URBAN,ROAD,2,15.0
127438,1,2,147,5,1,60.0,0,N,MELB_URBAN,ROAD,2,8.0
127439,1,6,132,2,1,50.0,0,N,RURAL_VICTORIA,AVENUE,12,17.0
127440,1,2,132,2,1,60.0,0,I,MELB_URBAN,STREET,1,18.0
127441,1,7,120,5,1,100.0,0,N,RURAL_VICTORIA,ROAD,1,12.0
127442,1,3,130,5,1,80.0,0,N,MELB_URBAN,ROAD,2,8.0
127443,1,4,130,5,1,100.0,0,N,MELB_URBAN,FREEWAY,2,8.0
127444,1,3,130,5,1,60.0,0,N,MELB_URBAN,ROAD,2,13.0
127445,1,4,121,1,1,50.0,0,I,MELB_URBAN,ROAD,2,8.0
127446,1,7,110,1,3,60.0,0,I,MELB_URBAN,ROAD,9,19.0
127447,1,4,113,2,9,80.0,0,I,RURAL_VICTORIA,HIGHWAY,2,12.0
127448,4,4,173,5,1,100.0,0,N,RURAL_VICTORIA,ROAD,2,11.0
127449,1,4,120,2,1,60.0,0,N,TOWNS,ROAD,2,14.0
127450,4,3,173,1,1,60.0,0,I,MELB_URBAN,DRIVE,2,13.0
127451,6,4,99,5,1,100.0,0,N,RURAL_VICTORIA,HIGHWAY,2,14.0
127452,2,4,100,5,1,60.0,0,N,MELB_URBAN,ROAD,2,15.0
127453,6,7,184,5,1,60.0,0,N,RURAL_VICTORIA,ROAD,1,19.0
127454,1,3,99,5,1,40.0,0,N,MELB_URBAN,AVENUE,11,16.0
127455,6,3,174,5,2,60.0,0,N,MELB_URBAN,BOULEVARD,2,20.0
127456,1,3,113,2,1,70.0,0,I,MELB_URBAN,ROAD,2,9.0
127457,1,2,110,1,1,50.0,0,I,MELB_URBAN,STREET,2,9.0
127458,2,4,100,1,2,50.0,0,I,MELB_URBAN,STREET,2,18.0
127459,6,1,174,5,1,100.0,0,N,RURAL_VICTORIA,ROAD,1,14.0
127460,4,3,181,2,1,60.0,0,I,MELB_URBAN,ROAD,1,16.0
127461,1,4,130,5,1,80.0,0,N,MELB_URBAN,HIGHWAY,2,17.0
127462,8,1,174,5,1,60.0,0,N,RURAL_VICTORIA,ROAD,1,17.0
127463,1,4,134,2,1,70.0,0,I,MELB_URBAN,ROAD,2,17.0
127464,2,4,102,5,1,60.0,0,N,MELB_URBAN,ROAD,2,19.0
127465,1,4,121,1,1,80.0,0,I,MELB_URBAN,HIGHWAY,2,14.0
127466,1,4,99,4,1,40.0,0,I,MELB_URBAN,STREET,2,17.0
127467,1,1,99,4,1,70.0,0,I,MELB_URBAN,ROAD,1,13.0
127468,1,4,110,1,1,50.0,0,I,MELB_URBAN,ROAD,2,19.0
127469,1,3,110,1,1,80.0,0,I,MELB_URBAN,ROAD,2,18.0
127470,1,3,110,1,1,80.0,0,I,RURAL_VICTORIA,AVENUE,2,18.0
127471,1,6,99,5,1,70.0,0,N,MELB_URBAN,ROAD,1,12.0
127472,1,4,130,2,1,60.0,0,N,MELB_URBAN,ROAD,1,17.0
127473,1,3,110,1,3,60.0,0,I,MELB_URBAN,STREET,2,21.0
127474,1,6,121,1,1,60.0,0,I,MELB_URBAN,ROAD,1,15.0
127475,1,5,113,2,2,100.0,0,I,RURAL_VICTORIA,HIGHWAY,2,5.0
127476,1,5,135,2,1,60.0,0,N,MELB_URBAN,STREET,2,5.0
127477,1,5,147,5,1,40.0,0,N,LARGE_PROVINCIAL_CITIES,STREET,2,8.0
127478,5,4,99,5,1,50.0,0,N,MELB_URBAN,ROAD,2,8.0
127479,1,5,120,5,1,90.0,1,N,RURAL_VICTORIA,ROAD,2,8.0
127480,1,4,132,5,1,60.0,0,N,MELB_URBAN,RAMP,2,17.0
127481,1,0,110,1,1,60.0,0,N,MELB_URBAN,STREET,1,16.0
127482,6,5,174,4,1,60.0,0,I,MELB_URBAN,STREET,12,14.0
127483,1,5,121,2,1,60.0,0,I,MELB_URBAN,ROAD,2,9.0
127484,1,4,130,5,1,50.0,0,N,MELB_URBAN,STREET,2,17.0
127485,4,3,181,5,1,80.0,0,N,RURAL_VICTORIA,ROAD,2,10.0
127486,1,4,110,1,1,50.0,0,I,MELB_URBAN,STREET,2,10.0
127487,1,4,130,5,1,60.0,0,N,MELB_URBAN,ROAD,2,17.0
127488,2,4,100,5,1,60.0,0,N,MELB_URBAN,ROAD,2,13.0
127489,1,1,99,2,1,80.0,0,I,MELB_URBAN,STREET,12,12.0
127490,1,5,120,5,1,80.0,0,N,MELB_URBAN,ROAD,2,13.0
127491,1,5,99,2,1,60.0,0,N,MELB_URBAN,ROAD,2,14.0
127492,1,3,130,5,1,100.0,0,N,MELB_URBAN,FREEWAY,2,8.0
127493,2,5,100,1,1,60.0,0,N,MELB_URBAN,ROAD,2,15.0
127494,1,6,110,1,1,50.0,0,I,LARGE_PROVINCIAL_CITIES,STREET,1,10.0
127495,1,5,130,5,1,70.0,0,N,MELB_URBAN,ROAD,2,16.0
127496,1,4,130,5,1,80.0,0,N,MELB_URBAN,OTHER,2,15.0
127497,1,5,99,5,1,80.0,0,N,MELB_URBAN,ROAD,2,16.0
127498,1,3,130,1,1,60.0,0,I,MELB_URBAN,STREET,2,19.0
127499,4,4,171,5,1,60.0,0,N,MELB_URBAN,ROAD,2,16.0
127500,2,4,102,5,1,60.0,0,N,LARGE_PROVINCIAL_CITIES,ROAD,2,17.0
127501,1,5,99,2,1,70.0,0,N,MELB_URBAN,STREET,2,17.0
127502,1,4,130,1,1,80.0,0,N,MELB_URBAN,ROAD,11,14.0
127503,4,4,171,4,1,60.0,0,I,SMALL_CITIES,ROAD,2,19.0
127504,1,5,99,2,2,50.0,0,I,MELB_URBAN,DRIVE,2,19.0
127505,1,5,130,1,1,60.0,0,N,MELB_URBAN,STREET,2,17.0
127506,1,5,134,5,1,60.0,0,N,MELB_URBAN,ROAD,2,17.0
127507,2,5,99,5,1,60.0,0,N,MELB_URBAN,OTHER,2,16.0
127508,1,5,130,5,1,100.0,0,N,MELB_URBAN,FREEWAY,2,16.0
127509,2,4,100,5,1,60.0,0,N,MELB_URBAN,STREET,2,16.0
127510,4,4,173,5,2,80.0,0,N,RURAL_VICTORIA,ROAD,2,20.0
127511,4,5,173,5,3,70.0,0,N,LARGE_PROVINCIAL_CITIES,HIGHWAY,2,20.0
127512,6,4,99,5,1,60.0,0,N,RURAL_VICTORIA,ROAD,2,19.0
127513,4,5,171,5,3,60.0,0,N,SMALL_CITIES,ROAD,2,0.0
127514,4,6,183,5,3,60.0,0,N,MELB_URBAN,AVENUE,2,1.0
127515,4,4,183,5,1,100.0,0,N,RURAL_VICTORIA,ROAD,1,7.0
127516,1,2,116,1,1,60.0,0,I,MELB_URBAN,STREET,12,13.0
127517,1,5,113,2,1,60.0,0,N,MELB_URBAN,BOULEVARD,2,8.0
127518,4,5,173,5,1,60.0,0,I,SMALL_CITIES,PARADE,2,15.0
127519,1,3,113,2,1,80.0,0,N,MELB_URBAN,HIGHWAY,2,8.0
127520,4,5,171,5,1,60.0,0,N,RURAL_VICTORIA,ROAD,2,6.0
127521,1,5,130,2,1,60.0,0,I,MELB_URBAN,STREET,1,9.0
127522,1,6,113,2,1,50.0,0,I,MELB_URBAN,STREET,2,6.0
127523,6,6,99,5,1,60.0,0,N,SMALL_CITIES,STREET,2,9.0
127524,1,6,130,2,1,80.0,0,I,MELB_URBAN,ROAD,2,9.0
127525,1,5,110,1,1,80.0,0,I,MELB_URBAN,ROAD,2,9.0
127526,6,1,99,5,2,50.0,0,N,MELB_URBAN,OTHER,1,7.0
127527,4,5,99,5,1,100.0,0,N,RURAL_VICTORIA,RAMP,2,9.0
127528,1,2,130,5,1,80.0,0,N,MELB_URBAN,ROAD,2,15.0
127529,1,4,134,5,1,80.0,0,N,RURAL_VICTORIA,ROAD,2,16.0
127530,1,7,99,4,1,40.0,0,I,MELB_URBAN,HIGHWAY,11,16.0
127531,2,4,100,2,1,50.0,0,I,TOWNS,ROAD,2,17.0
127532,4,6,183,5,1,60.0,0,N,RURAL_VICTORIA,OTHER,2,10.0
127533,1,6,121,2,1,80.0,0,I,SMALL_TOWNS,HIGHWAY,2,8.0
127534,1,6,116,2,1,60.0,0,I,MELB_URBAN,HIGHWAY,2,12.0
127535,1,6,121,2,1,40.0,0,I,MELB_URBAN,STREET,2,12.0
127536,1,6,110,1,1,50.0,0,I,SMALL_CITIES,DRIVE,2,8.0
127537,1,5,160,5,1,60.0,0,N,MELB_URBAN,ROAD,2,20.0
127538,1,5,130,5,1,50.0,0,N,MELB_URBAN,STREET,2,13.0
127539,8,6,99,5,1,100.0,0,N,RURAL_VICTORIA,ROAD,2,13.0
127540,4,6,173,2,1,80.0,0,I,MELB_URBAN,ROAD,2,14.0
127541,1,5,110,1,1,50.0,0,I,LARGE_PROVINCIAL_CITIES,STREET,2,9.0
127542,1,6,135,5,1,80.0,0,N,MELB_URBAN,ROAD,2,14.0
127543,1,6,121,2,1,50.0,0,I,MELB_URBAN,DRIVE,2,14.0
127544,1,5,120,1,1,50.0,0,N,MELB_URBAN,STREET,2,11.0
127545,6,6,170,5,1,50.0,0,N,SMALL_CITIES,AVENUE,2,14.0
127546,8,2,184,5,1,100.0,0,N,RURAL_VICTORIA,ROAD,1,10.0
127547,6,7,174,1,1,100.0,0,I,RURAL_VICTORIA,ROAD,1,16.0
127548,1,6,134,5,1,40.0,0,N,MELB_URBAN,ROAD,2,17.0
127549,1,5,130,5,1,50.0,0,N,MELB_URBAN,ROAD,2,17.0
127550,4,6,99,2,1,50.0,0,I,MELB_URBAN,STREET,2,15.0
127551,1,2,135,5,1,70.0,0,N,MELB_URBAN,HIGHWAY,2,17.0
127552,1,4,130,5,1,80.0,0,N,RURAL_VICTORIA,HIGHWAY,2,11.0
127553,4,5,181,5,1,100.0,0,N,RURAL_VICTORIA,ROAD,2,17.0
127554,1,5,99,5,9,60.0,0,N,MELB_URBAN,STREET,1,7.0
127555,1,5,133,5,9,40.0,0,N,MELB_URBAN,ROAD,2,18.0
127556,8,6,174,2,1,50.0,0,I,MELB_URBAN,AVENUE,2,19.0
127557,1,6,133,1,1,50.0,0,I,LARGE_PROVINCIAL_CITIES,STREET,2,16.0
127558,1,2,130,5,1,50.0,0,N,SMALL_CITIES,ROAD,2,18.0
127559,1,0,130,5,1,60.0,0,N,TOWNS,ROAD,1,13.0
127560,1,5,130,5,1,100.0,0,N,MELB_URBAN,FREEWAY,2,15.0
127561,1,6,110,1,1,50.0,0,I,MELB_URBAN,STREET,2,16.0
127562,1,7,130,2,1,60.0,0,N,MELB_URBAN,ROAD,1,11.0
127563,1,6,121,1,3,80.0,0,N,MELB_URBAN,ROAD,2,22.0
127564,6,5,170,5,5,100.0,0,N,RURAL_VICTORIA,ROAD,2,23.0
127565,1,5,132,2,1,70.0,0,I,MELB_URBAN,ROAD,2,8.0
127566,1,6,99,2,3,50.0,0,I,MELB_URBAN,STREET,2,23.0
127567,1,4,135,5,1,80.0,0,N,MELB_URBAN,ROAD,1,9.0
127568,1,6,130,5,9,60.0,0,N,MELB_URBAN,OTHER,2,3.0
127569,4,6,171,5,1,60.0,0,N,MELB_URBAN,ROAD,1,17.0
127570,1,7,99,1,2,60.0,0,N,MELB_URBAN,HIGHWAY,2,6.0
127571,1,7,111,2,1,100.0,0,I,RURAL_VICTORIA,ROAD,2,7.0
127572,4,7,181,5,1,100.0,0,N,RURAL_VICTORIA,ROAD,2,8.0
127573,1,7,110,4,1,60.0,0,I,LARGE_PROVINCIAL_CITIES,STREET,2,10.0
127574,1,5,163,5,9,50.0,0,N,MELB_URBAN,STREET,2,10.0
127575,1,6,113,2,1,70.0,0,I,MELB_URBAN,ROAD,2,16.0
127576,1,7,111,2,1,80.0,0,N,MELB_URBAN,ROAD,2,10.0
127577,1,7,121,2,1,50.0,0,I,SMALL_CITIES,ROAD,2,13.0
127578,1,3,113,4,2,50.0,0,N,SMALL_CITIES,STREET,2,6.0
127579,1,7,113,2,1,50.0,0,I,MELB_URBAN,ROAD,2,14.0
127580,1,7,130,5,1,80.0,0,N,MELB_URBAN,HIGHWAY,2,12.0
127581,2,7,100,2,1,40.0,0,I,MELB_URBAN,ROAD,2,12.0
127582,4,2,181,4,1,60.0,0,N,MELB_URBAN,RAMP,1,15.0
127583,1,5,130,5,1,80.0,0,N,MELB_URBAN,ROAD,2,10.0
127584,1,6,130,5,1,80.0,0,N,RURAL_VICTORIA,HIGHWAY,2,15.0
127585,1,6,130,5,1,80.0,0,N,MELB_URBAN,ROAD,2,14.0
127586,6,7,174,5,1,50.0,0,N,RURAL_VICTORIA,ROAD,2,10.0
127587,2,7,99,5,1,40.0,0,N,MELB_URBAN,OTHER,2,18.0
127588,1,6,130,5,1,80.0,0,N,MELB_URBAN,HIGHWAY,2,18.0
127589,6,4,174,5,3,60.0,0,N,MELB_URBAN,OTHER,1,20.0
127590,1,1,121,2,1,80.0,0,I,RURAL_VICTORIA,ROAD,12,13.0
127591,1,7,130,5,1,100.0,0,N,MELB_URBAN,FREEWAY,2,18.0
127592,4,7,171,5,1,80.0,0,N,RURAL_VICTORIA,ROAD,2,19.0
127593,1,6,113,2,1,60.0,0,I,MELB_URBAN,ROAD,2,14.0
127594,4,7,181,5,1,100.0,0,N,RURAL_VICTORIA,ROAD,2,19.0
127595,1,7,132,1,3,60.0,0,I,MELB_URBAN,STREET,2,21.0
127596,1,7,130,5,6,100.0,0,N,RURAL_VICTORIA,FREEWAY,2,22.0
127597,1,7,140,5,3,60.0,0,N,LARGE_PROVINCIAL_CITIES,STREET,2,22.0
127598,4,0,171,5,4,60.0,0,N,SMALL_CITIES,AVENUE,2,2.0
127599,1,6,130,5,1,50.0,0,N,MELB_URBAN,ROAD,2,12.0
127600,4,2,181,5,1,100.0,0,N,RURAL_VICTORIA,ROAD,1,13.0
127601,1,3,130,5,1,60.0,0,N,MELB_URBAN,STREET,1,15.0
127602,4,1,181,5,1,60.0,0,N,RURAL_VICTORIA,ROAD,2,9.0
127603,4,1,181,4,1,100.0,0,N,MELB_URBAN,RAMP,2,9.0
127604,2,1,100,1,1,60.0,0,N,SMALL_CITIES,STREET,2,8.0
127605,1,3,130,5,1,40.0,0,N,MELB_URBAN,HIGHWAY,12,15.0
127606,4,2,173,5,1,110.0,0,N,RURAL_VICTORIA,FREEWAY,2,14.0
127607,1,7,147,5,1,60.0,0,N,MELB_URBAN,ROAD,2,12.0
127608,1,0,130,1,1,80.0,0,I,MELB_URBAN,OTHER,2,9.0
127609,1,1,132,2,3,60.0,0,I,MELB_URBAN,ROAD,2,3.0
127610,1,1,99,2,1,60.0,0,I,MELB_URBAN,ROAD,2,12.0
127611,1,1,120,5,1,100.0,0,N,LARGE_PROVINCIAL_CITIES,ROAD,2,13.0
127612,4,0,99,5,1,50.0,0,N,SMALL_CITIES,STREET,2,15.0
127613,1,1,99,2,1,80.0,0,N,MELB_URBAN,ROAD,2,14.0
127614,1,4,140,5,1,60.0,0,N,LARGE_PROVINCIAL_CITIES,STREET,2,8.0
127615,1,0,147,5,1,60.0,0,N,MELB_URBAN,ROAD,2,14.0
127616,4,1,171,5,1,110.0,0,N,SMALL_CITIES,FREEWAY,2,15.0
127617,1,1,110,1,1,60.0,0,I,SMALL_CITIES,STREET,2,16.0
127618,4,1,171,5,1,100.0,0,N,RURAL_VICTORIA,OTHER,2,14.0
127619,1,1,116,1,1,100.0,0,I,RURAL_VICTORIA,FREEWAY,2,15.0
127620,1,7,130,5,1,60.0,0,N,MELB_URBAN,ROAD,2,13.0
127621,4,1,173,5,1,50.0,0,N,MELB_URBAN,STREET,2,16.0
127622,4,0,173,5,1,100.0,0,N,MELB_URBAN,UNKNOWN,2,14.0
127623,1,1,121,2,1,60.0,0,I,MELB_URBAN,UNKNOWN,2,15.0
127624,1,6,121,5,1,60.0,0,N,MELB_URBAN,ROAD,2,16.0
127625,2,1,99,5,2,40.0,0,N,MELB_URBAN,STREET,2,19.0
127626,5,1,171,5,1,100.0,0,N,RURAL_VICTORIA,ROAD,2,19.0
127627,1,1,120,5,1,60.0,0,N,SMALL_CITIES,STREET,2,17.0
127628,1,1,140,5,1,60.0,0,N,MELB_URBAN,ROAD,2,15.0
127629,1,1,130,5,1,70.0,0,N,MELB_URBAN,ROAD,2,17.0
127630,1,1,130,1,1,80.0,0,I,MELB_URBAN,ROAD,2,17.0
127631,1,1,120,5,1,80.0,1,N,RURAL_VICTORIA,ROAD,2,15.0
127632,4,1,99,2,2,100.0,0,I,RURAL_VICTORIA,ROAD,2,20.0
127633,1,1,121,1,3,60.0,0,I,MELB_URBAN,ROAD,2,21.0
127634,1,0,160,5,3,60.0,0,N,MELB_URBAN,ROAD,2,21.0
127635,4,1,171,5,1,50.0,0,N,RURAL_VICTORIA,ROAD,1,17.0
127636,1,1,99,1,1,60.0,0,I,LARGE_PROVINCIAL_CITIES,STREET,12,17.0
127637,1,2,110,1,2,60.0,0,I,MELB_URBAN,OTHER,2,6.0
127638,1,2,99,2,3,70.0,0,N,MELB_URBAN,ROAD,2,5.0
127639,1,3,130,2,1,80.0,0,N,MELB_URBAN,ROAD,2,8.0
127640,1,1,99,1,1,50.0,0,N,MELB_URBAN,ROAD,2,8.0
127641,4,2,171,5,1,50.0,0,N,MELB_URBAN,AVENUE,2,8.0
127642,1,3,130,5,1,40.0,0,N,MELB_URBAN,FREEWAY,2,8.0
127643,5,1,181,5,1,100.0,0,N,RURAL_VICTORIA,ROAD,2,12.0
127644,1,3,130,5,1,60.0,0,N,MELB_URBAN,FREEWAY,7,14.0
127645,1,5,132,2,1,60.0,0,I,MELB_URBAN,ROAD,12,8.0
127646,1,5,116,1,3,50.0,0,I,MELB_URBAN,AVENUE,2,21.0
127647,1,3,99,5,1,60.0,0,N,MELB_URBAN,ROAD,1,15.0
127648,1,4,121,2,6,70.0,0,N,MELB_URBAN,ROAD,1,22.0
127649,1,2,113,2,1,80.0,0,I,MELB_URBAN,ROAD,2,8.0
127650,1,4,120,5,1,50.0,0,N,MELB_URBAN,STREET,2,13.0
127651,1,2,110,1,1,60.0,0,I,LARGE_PROVINCIAL_CITIES,STREET,2,12.0
127652,1,2,121,4,1,80.0,0,I,MELB_URBAN,RAMP,2,9.0
127653,1,6,135,5,9,60.0,0,N,MELB_URBAN,STREET,11,16.0
127654,1,3,140,2,9,70.0,0,I,MELB_URBAN,STREET,2,6.0
127655,4,7,99,5,9,60.0,0,N,RURAL_VICTORIA,ROAD,11,17.0
127656,1,2,116,1,1,40.0,0,I,MELB_URBAN,STREET,2,12.0
127657,1,4,147,5,3,60.0,0,N,MELB_URBAN,PARADE,2,21.0
127658,4,1,181,5,1,80.0,0,N,RURAL_VICTORIA,OTHER,2,12.0
127659,4,1,183,5,1,60.0,0,N,RURAL_VICTORIA,ROAD,2,19.0
127660,4,2,173,5,1,50.0,0,N,MELB_URBAN,PARADE,10,15.0
127661,3,2,167,5,2,100.0,0,N,RURAL_VICTORIA,ROAD,2,6.0
127662,6,2,174,5,2,60.0,0,N,MELB_URBAN,ROAD,1,19.0
127663,1,5,140,2,1,60.0,0,I,MELB_URBAN,STREET,2,17.0
127664,1,7,130,2,1,60.0,0,I,MELB_URBAN,ROAD,2,10.0
127665,4,1,171,5,1,60.0,0,N,MELB_URBAN,UNKNOWN,2,15.0
127666,4,2,173,5,1,100.0,0,N,RURAL_VICTORIA,ROAD,2,15.0
127667,8,6,174,5,1,60.0,0,N,RURAL_VICTORIA,ROAD,1,14.0
127668,1,2,110,1,1,60.0,0,I,TOWNS,STREET,2,15.0
127669,4,1,171,5,1,100.0,0,N,RURAL_VICTORIA,ROAD,2,14.0
127670,2,1,102,5,1,40.0,0,N,LARGE_PROVINCIAL_CITIES,ROAD,2,15.0
127671,6,6,174,2,6,50.0,0,I,MELB_URBAN,OTHER,2,22.0
127672,1,1,130,2,1,70.0,0,I,MELB_URBAN,ROAD,2,16.0
127673,6,2,99,5,1,90.0,1,N,RURAL_VICTORIA,FREEWAY,2,11.0
127674,4,2,171,5,1,50.0,0,N,MELB_URBAN,DRIVE,2,16.0
127675,1,2,130,5,1,80.0,0,N,MELB_URBAN,OTHER,2,16.0
127676,1,7,163,5,1,60.0,0,N,MELB_URBAN,STREET,1,13.0
127677,1,2,130,5,1,70.0,0,N,MELB_URBAN,ROAD,2,17.0
127678,1,2,121,1,1,60.0,0,I,MELB_URBAN,ROAD,2,18.0
127679,1,2,121,2,1,80.0,0,N,RURAL_VICTORIA,ROAD,2,18.0
127680,1,2,120,5,1,50.0,0,N,MELB_URBAN,DRIVE,2,14.0
127681,1,2,121,5,1,40.0,0,N,MELB_URBAN,OTHER,2,15.0
127682,1,5,110,1,1,60.0,0,I,SMALL_CITIES,ROAD,2,14.0
127683,1,3,99,4,1,60.0,0,I,MELB_URBAN,ROAD,1,8.0
127684,1,2,110,1,3,80.0,0,I,MELB_URBAN,ROAD,2,22.0
127685,1,7,130,5,1,60.0,0,N,MELB_URBAN,ROAD,12,12.0
127686,1,3,160,5,9,50.0,0,N,SMALL_CITIES,OTHER,2,7.0
127687,3,2,167,5,1,100.0,0,N,TOWNS,ROAD,2,6.0
127688,4,6,181,5,1,60.0,0,N,TOWNS,ROAD,1,10.0
127689,2,3,99,5,1,60.0,0,N,MELB_URBAN,ROAD,2,7.0
127690,1,2,130,5,3,80.0,0,N,MELB_URBAN,ROAD,2,5.0
127691,1,2,99,2,1,40.0,0,I,MELB_URBAN,STREET,2,15.0
127692,1,3,130,5,1,80.0,0,N,MELB_URBAN,ROAD,2,8.0
127693,1,3,120,5,1,80.0,1,N,SMALL_CITIES,ROAD,2,6.0
127694,4,5,171,1,1,80.0,0,N,MELB_URBAN,ROAD,12,7.0
127695,1,3,121,1,1,40.0,0,I,MELB_URBAN,STREET,2,8.0
127696,1,4,130,1,1,50.0,0,N,SMALL_CITIES,STREET,1,12.0
127697,1,3,120,5,1,60.0,0,N,LARGE_PROVINCIAL_CITIES,STREET,2,9.0
127698,4,3,181,5,1,50.0,0,N,SMALL_CITIES,BOULEVARD,2,6.0
127699,1,3,163,5,1,50.0,0,N,MELB_URBAN,AVENUE,2,11.0
127700,1,6,120,5,1,100.0,0,N,RURAL_VICTORIA,HIGHWAY,1,17.0
127701,1,3,111,2,1,80.0,0,I,MELB_URBAN,DRIVE,2,9.0
127702,5,1,99,2,1,60.0,0,I,RURAL_VICTORIA,OTHER,2,11.0
127703,1,3,130,5,2,60.0,0,N,MELB_URBAN,ROAD,2,6.0
127704,1,1,130,5,9,60.0,0,N,MELB_URBAN,ROAD,2,14.0
127705,7,3,99,5,3,60.0,0,N,LARGE_PROVINCIAL_CITIES,STREET,9,3.0
127706,8,4,174,5,1,60.0,0,N,MELB_URBAN,STREET,1,18.0
127707,1,3,121,5,1,60.0,0,N,MELB_URBAN,ROAD,2,11.0
127708,1,3,121,1,1,60.0,0,I,MELB_URBAN,ROAD,2,11.0
127709,1,2,110,1,1,50.0,0,I,MELB_URBAN,ROAD,2,12.0
127710,1,3,111,2,1,50.0,0,I,MELB_URBAN,ROAD,2,8.0
127711,2,2,100,5,1,50.0,0,N,MELB_URBAN,STREET,2,8.0
127712,1,3,99,1,1,40.0,0,I,MELBOURNE_CBD,STREET,2,8.0
127713,1,3,130,5,9,60.0,0,N,MELB_URBAN,FREEWAY,1,17.0
127714,1,3,160,5,1,60.0,0,N,MELB_URBAN,ROAD,2,12.0
127715,1,2,134,2,1,70.0,0,N,MELB_URBAN,AVENUE,2,13.0
127716,1,2,110,1,1,100.0,0,I,RURAL_VICTORIA,ROAD,2,12.0
127717,1,2,132,5,1,100.0,0,N,RURAL_VICTORIA,ROAD,2,10.0
127718,6,4,184,2,1,50.0,0,N,MELB_URBAN,DRIVE,2,15.0
127719,1,5,110,1,1,60.0,0,I,MELB_URBAN,AVENUE,12,20.0
127720,1,3,121,1,1,60.0,0,I,MELB_URBAN,ROAD,2,14.0
127721,1,3,111,1,1,40.0,0,N,MELB_URBAN,ROAD,2,15.0
127722,1,3,130,5,1,60.0,0,N,SMALL_CITIES,RAMP,2,16.0
127723,1,1,99,4,1,70.0,0,I,MELB_URBAN,AVENUE,2,17.0
127724,1,3,132,1,1,100.0,0,I,RURAL_VICTORIA,ROAD,2,16.0
127725,8,1,170,1,9,50.0,0,I,LARGE_PROVINCIAL_CITIES,STREET,1,16.0
127726,8,1,184,5,1,60.0,0,N,RURAL_VICTORIA,ROAD,2,13.0
127727,1,2,130,5,1,60.0,0,N,MELB_URBAN,ROAD,2,15.0
127728,1,3,99,2,1,40.0,0,I,MELB_URBAN,ROAD,2,15.0