,accident_type,day_of_week,dca_code,road_geometry,light_condition,speed_zone,severity,node_type,deg_urban_name,road_type,month,hour
127729,1,3,130,5,1,60.0,0,N,MELB_URBAN,ROAD,2,18.0
127730,4,3,99,2,1,80.0,0,I,MELB_URBAN,ROAD,2,14.0
127731,1,3,132,5,1,60.0,0,N,MELB_URBAN,ROAD,2,9.0
127732,1,2,99,5,1,90.0,0,N,MELB_URBAN,FREEWAY,2,17.0
127733,1,3,99,2,1,60.0,0,I,MELB_URBAN,ROAD,2,19.0
127734,1,2,160,5,1,50.0,0,N,MELB_URBAN,ROAD,2,19.0
127735,1,3,133,5,1,60.0,0,N,MELB_URBAN,AVENUE,2,17.0
127736,1,3,110,4,3,40.0,0,I,MELB_URBAN,STREET,2,20.0
127737,1,3,121,2,1,70.0,0,N,MELB_URBAN,DRIVE,2,20.0
127738,6,1,174,5,9,50.0,0,N,MELB_URBAN,STREET,1,17.0
127739,1,6,99,1,1,60.0,0,I,MELB_URBAN,ROAD,1,11.0
127740,1,2,130,5,1,60.0,0,N,MELB_URBAN,STREET,2,18.0
127741,1,3,113,2,1,50.0,0,I,MELB_URBAN,ROAD,2,16.0
127742,1,3,121,5,1,60.0,0,N,MELB_URBAN,STREET,2,16.0
127743,1,1,130,1,1,60.0,0,I,MELB_URBAN,ROAD,2,18.0
127744,3,3,167,5,2,100.0,0,N,RURAL_VICTORIA,ROAD,2,19.0
127745,8,3,99,5,1,50.0,0,N,MELB_URBAN,AVENUE,2,15.0
127746,6,2,99,5,2,100.0,0,N,RURAL_VICTORIA,ROAD,2,20.0
127747,1,3,99,5,1,90.0,1,N,RURAL_VICTORIA,ROAD,2,18.0
127748,1,3,147,5,1,50.0,0,N,MELB_URBAN,STREET,2,15.0
127749,4,3,171,2,3,60.0,0,I,MELB_URBAN,ROAD,2,23.0
127750,1,5,140,5,1,50.0,0,N,MELB_URBAN,UNKNOWN,5,8.0
127751,1,4,121,2,2,80.0,0,I,MELB_URBAN,ROAD,2,5.0
127752,1,4,110,1,1,60.0,0,I,LARGE_PROVINCIAL_CITIES,STREET,1,19.0
127753,1,4,110,1,1,100.0,0,I,RURAL_VICTORIA,ROAD,2,7.0
127754,1,4,110,1,6,60.0,0,I,LARGE_PROVINCIAL_CITIES,STREET,2,6.0
127755,1,4,121,1,1,60.0,0,I,MELB_URBAN,STREET,2,6.0
127756,2,4,100,1,2,80.0,0,I,MELB_URBAN,HIGHWAY,2,6.0
127757,1,4,110,1,2,50.0,0,I,LARGE_PROVINCIAL_CITIES,STREET,2,7.0
127758,1,4,130,5,1,40.0,0,N,MELB_URBAN,STREET,2,8.0
127759,4,5,173,5,1,60.0,0,N,RURAL_VICTORIA,ROAD,1,9.0
127760,1,2,113,2,1,60.0,0,I,SMALL_CITIES,ROAD,2,16.0
127761,4,1,183,5,5,100.0,0,N,RURAL_VICTORIA,ROAD,1,21.0
127762,1,4,121,1,1,80.0,1,I,MELB_URBAN,ROAD,2,6.0
127763,8,3,99,1,1,60.0,0,I,MELB_URBAN,STREET,2,7.0
127764,1,6,147,5,2,70.0,0,N,MELB_URBAN,ROAD,2,18.0
127765,1,3,110,1,1,50.0,0,I,MELB_URBAN,STREET,2,8.0
127766,5,4,181,5,1,60.0,0,N,MELB_URBAN,ROAD,2,10.0
127767,1,3,140,5,1,80.0,0,N,MELB_URBAN,FREEWAY,2,10.0
127768,6,3,99,1,1,100.0,0,I,RURAL_VICTORIA,ROAD,2,16.0
127769,3,6,167,5,1,100.0,0,N,RURAL_VICTORIA,ROAD,1,12.0
127770,1,1,110,1,1,50.0,0,I,MELB_URBAN,STREET,1,7.0
127771,6,4,99,5,1,100.0,0,N,RURAL_VICTORIA,ROAD,2,10.0
127772,1,0,130,1,1,60.0,0,I,MELB_URBAN,ROAD,1,19.0
127773,1,4,121,2,1,70.0,0,N,SMALL_TOWNS,ROAD,2,11.0
127774,1,3,160,5,1,50.0,0,N,MELB_URBAN,ROAD,2,9.0
127775,1,0,121,1,1,60.0,0,I,MELB_URBAN,ROAD,11,9.0
127776,1,4,132,1,1,40.0,0,I,MELBOURNE_CBD,STREET,1,12.0
127777,1,4,113,2,1,100.0,0,I,RURAL_VICTORIA,ROAD,2,11.0
127778,1,4,113,2,1,60.0,0,I,MELB_URBAN,ROAD,2,13.0
127779,4,2,171,5,1,100.0,0,N,RURAL_VICTORIA,ROAD,2,8.0
127780,1,4,121,2,2,70.0,0,N,MELB_URBAN,ROAD,2,6.0
127781,1,6,111,2,1,80.0,0,I,MELB_URBAN,HIGHWAY,1,13.0
127782,1,6,130,1,1,80.0,0,I,MELB_URBAN,ROAD,1,13.0
127783,8,1,174,1,1,60.0,0,I,RURAL_VICTORIA,OTHER,1,16.0
127784,1,4,121,1,1,80.0,0,I,MELB_URBAN,ROAD,2,15.0
127785,6,7,174,5,1,60.0,0,N,RURAL_VICTORIA,ROAD,1,12.0
127786,1,5,130,5,1,60.0,0,N,MELB_URBAN,ROAD,1,14.0
127787,1,3,111,2,1,50.0,0,I,LARGE_PROVINCIAL_CITIES,AVENUE,2,10.0
127788,1,6,132,1,9,60.0,0,I,RURAL_VICTORIA,HIGHWAY,1,17.0
127789,1,4,116,1,1,80.0,0,I,RURAL_VICTORIA,ROAD,2,16.0
127790,1,4,120,5,1,60.0,0,N,MELB_URBAN,ROAD,2,15.0
127791,1,3,113,1,1,50.0,0,I,RURAL_VICTORIA,ROAD,2,14.0
127792,6,4,99,1,1,80.0,0,I,RURAL_VICTORIA,OTHER,2,15.0
127793,1,4,116,1,9,60.0,0,I,SMALL_CITIES,STREET,2,4.0
127794,1,2,130,5,9,60.0,0,N,MELB_URBAN,ROAD,1,4.0
127795,1,4,130,5,1,100.0,0,N,MELB_URBAN,FREEWAY,2,15.0
127796,4,4,173,5,1,60.0,0,N,MELB_URBAN,ROAD,2,16.0
127797,1,4,121,2,1,60.0,0,I,MELB_URBAN,ROAD,2,15.0
127798,1,2,110,1,1,40.0,0,I,LARGE_PROVINCIAL_CITIES,STREET,2,19.0
127799,1,3,110,1,1,50.0,0,I,MELB_URBAN,OTHER,2,15.0
127800,1,5,99,2,3,50.0,0,I,MELB_URBAN,ROAD,2,0.0
127801,4,3,171,5,1,50.0,0,N,MELB_URBAN,ROAD,2,17.0
127802,4,0,99,5,1,80.0,0,I,SMALL_TOWNS,ROAD,1,11.0
127803,1,7,132,4,2,60.0,0,I,MELB_URBAN,ROAD,12,20.0
127804,1,3,130,2,1,50.0,0,N,MELB_URBAN,ROAD,2,15.0
127805,1,5,130,1,1,80.0,0,N,MELB_URBAN,ROAD,2,6.0
127806,1,5,130,5,1,100.0,0,N,RURAL_VICTORIA,HIGHWAY,2,6.0
127807,8,1,99,2,1,80.0,0,I,TOWNS,HIGHWAY,2,11.0
127808,1,4,99,5,9,60.0,0,N,MELB_URBAN,STREET,1,9.0
127809,8,7,99,5,1,80.0,0,N,RURAL_VICTORIA,ROAD,1,12.0
127810,1,2,99,1,1,60.0,0,I,MELB_URBAN,ROAD,2,9.0
127811,1,5,99,1,1,60.0,0,N,LARGE_PROVINCIAL_CITIES,STREET,2,9.0
127812,1,4,99,2,1,50.0,0,I,MELB_URBAN,DRIVE,2,10.0
127813,1,0,130,5,1,60.0,0,N,MELB_URBAN,STREET,1,13.0
127814,1,6,130,5,1,80.0,0,N,MELB_URBAN,HIGHWAY,1,12.0
127815,6,1,184,5,1,100.0,0,N,RURAL_VICTORIA,ROAD,1,11.0
127816,1,5,130,5,1,60.0,0,N,MELB_URBAN,ROAD,2,8.0
127817,4,2,99,5,1,80.0,0,N,RURAL_VICTORIA,ROAD,1,12.0
127818,2,4,102,1,1,40.0,0,I,MELB_URBAN,ROAD,2,9.0
127819,1,4,113,2,1,100.0,0,I,RURAL_VICTORIA,ROAD,2,8.0
127820,1,4,121,1,1,60.0,0,I,MELB_URBAN,STREET,2,11.0
127821,1,5,130,5,5,100.0,1,N,RURAL_VICTORIA,HIGHWAY,2,2.0
127822,1,3,99,5,1,60.0,0,N,MELB_URBAN,PARADE,2,14.0
127823,6,4,99,5,1,100.0,0,N,RURAL_VICTORIA,ROAD,2,11.0
127824,1,4,99,1,1,60.0,0,I,MELB_URBAN,STREET,2,17.0
127825,8,7,99,2,1,60.0,0,I,RURAL_VICTORIA,ROAD,2,15.0
127826,1,7,163,5,2,50.0,0,N,MELB_URBAN,ROAD,2,18.0
127827,3,2,167,5,1,50.0,0,N,TOWNS,STREET,9,13.0
127828,8,5,174,5,3,60.0,0,I,MELB_URBAN,AVENUE,1,22.0
127829,1,6,130,1,1,60.0,0,N,MELB_URBAN,ROAD,12,15.0
127830,1,5,147,5,1,50.0,0,N,MELB_URBAN,OTHER,2,15.0
127831,1,5,99,5,1,100.0,0,N,RURAL_VICTORIA,ROAD,2,8.0
127832,1,4,130,5,1,40.0,0,N,LARGE_PROVINCIAL_CITIES,PARADE,2,17.0
127833,1,5,147,5,1,80.0,0,N,MELB_URBAN,ROAD,2,16.0
127834,1,4,130,1,1,60.0,0,N,LARGE_PROVINCIAL_CITIES,STREET,2,9.0
127835,1,4,110,1,1,50.0,0,I,LARGE_PROVINCIAL_CITIES,STREET,2,14.0
127836,1,5,132,5,1,60.0,0,N,MELB_URBAN,ROAD,2,18.0
127837,2,4,102,1,3,60.0,0,N,MELB_URBAN,STREET,2,23.0
127838,2,5,99,5,1,50.0,0,N,MELB_URBAN,STREET,1,16.0
127839,1,3,130,5,1,80.0,0,N,MELB_URBAN,FREEWAY,12,8.0
127840,1,4,110,1,1,50.0,0,I,MELB_URBAN,STREET,2,16.0
127841,6,5,170,5,3,60.0,0,N,MELB_URBAN,HIGHWAY,2,21.0
127842,1,5,130,4,2,80.0,0,I,MELB_URBAN,FREEWAY,2,17.0
127843,3,5,167,5,5,90.0,0,N,SMALL_CITIES,HIGHWAY,2,1.0
127844,1,5,121,1,3,80.0,1,N,MELB_URBAN,HIGHWAY,2,21.0
127845,2,5,99,1,1,70.0,0,I,LARGE_PROVINCIAL_CITIES,HIGHWAY,2,12.0
127846,1,2,160,5,3,60.0,0,N,MELB_URBAN,ROAD,1,22.0
127847,1,5,116,2,1,50.0,0,I,RURAL_VICTORIA,BOULEVARD,2,10.0
127848,1,6,130,1,1,40.0,0,I,MELB_URBAN,STREET,2,14.0
127849,1,6,121,1,2,60.0,0,I,MELB_URBAN,ROAD,2,7.0
127850,1,5,130,5,1,60.0,0,N,MELB_URBAN,ROAD,2,17.0
127851,1,6,121,2,1,60.0,0,I,MELB_URBAN,ROAD,2,7.0
127852,1,4,130,5,1,50.0,0,N,MELB_URBAN,BOULEVARD,12,18.0
127853,1,4,130,4,2,60.0,0,N,MELB_URBAN,RAMP,1,19.0
127854,1,5,130,5,1,40.0,0,N,RURAL_VICTORIA,FREEWAY,2,8.0
127855,2,4,99,5,3,40.0,0,N,MELB_URBAN,FREEWAY,9,23.0
127856,1,6,121,2,1,40.0,0,I,MELB_URBAN,ROAD,2,8.0
127857,1,5,121,1,1,60.0,0,I,MELB_URBAN,ROAD,2,8.0
127858,1,6,130,1,1,50.0,0,N,MELB_URBAN,AVENUE,2,9.0
127859,1,3,160,5,1,40.0,0,N,TOWNS,AVENUE,2,16.0
127860,1,3,135,5,1,60.0,0,N,MELB_URBAN,ROAD,2,12.0
127861,8,5,99,5,1,100.0,0,N,RURAL_VICTORIA,ROAD,2,11.0
127862,8,6,184,5,1,50.0,0,N,RURAL_VICTORIA,ROAD,2,11.0
127863,1,6,121,2,1,60.0,0,I,MELB_URBAN,ROAD,2,12.0
127864,2,3,102,1,1,60.0,0,N,LARGE_PROVINCIAL_CITIES,STREET,2,18.0
127865,1,6,110,1,1,70.0,0,I,LARGE_PROVINCIAL_CITIES,HIGHWAY,2,6.0
127866,1,6,147,5,1,70.0,0,N,MELB_URBAN,ROAD,2,13.0
127867,2,6,100,5,1,50.0,0,N,TOWNS,ROAD,2,12.0
127868,4,5,183,5,1,100.0,0,N,RURAL_VICTORIA,ROAD,2,12.0
127869,1,3,130,2,1,60.0,0,I,MELB_URBAN,ROAD,1,15.0
127870,4,5,171,5,2,80.0,0,N,MELB_URBAN,FREEWAY,1,6.0
127871,1,6,132,2,1,60.0,0,N,MELB_URBAN,ROAD,2,13.0
127872,1,3,130,5,9,60.0,0,N,MELB_URBAN,STREET,7,9.0
127873,1,6,99,5,1,80.0,0,N,MELB_URBAN,UNKNOWN,2,12.0
127874,1,5,121,1,1,60.0,0,N,MELB_URBAN,STREET,2,13.0
127875,1,6,147,5,1,50.0,0,N,MELB_URBAN,DRIVE,2,11.0
127876,6,6,184,5,1,80.0,0,N,RURAL_VICTORIA,ROAD,2,15.0
127877,1,1,130,5,1,60.0,0,N,MELB_URBAN,ROAD,2,13.0
127878,1,6,160,5,1,40.0,0,N,LARGE_PROVINCIAL_CITIES,AVENUE,2,14.0
127879,6,5,99,5,1,50.0,0,N,TOWNS,STREET,2,8.0
127880,1,3,110,4,1,60.0,0,I,LARGE_PROVINCIAL_CITIES,STREET,12,17.0
127881,1,4,116,2,1,60.0,0,I,MELB_URBAN,ROAD,2,13.0
127882,4,6,173,5,1,100.0,0,N,MELB_URBAN,UNKNOWN,2,6.0
127883,1,6,99,1,1,80.0,0,N,MELB_URBAN,HIGHWAY,1,12.0
127884,1,6,147,5,1,50.0,0,N,MELB_URBAN,AVENUE,2,16.0
127885,1,5,147,5,1,50.0,0,N,TOWNS,ROAD,2,13.0
127886,2,5,100,1,1,40.0,0,I,MELB_URBAN,ROAD,2,12.0
127887,1,6,111,1,1,60.0,0,I,MELB_URBAN,ROAD,2,17.0
127888,6,5,170,5,1,100.0,0,N,RURAL_VICTORIA,ROAD,2,16.0
127889,1,4,140,5,1,60.0,0,N,MELB_URBAN,HIGHWAY,2,15.0
127890,1,5,113,2,1,50.0,0,I,LARGE_PROVINCIAL_CITIES,STREET,2,16.0
127891,1,5,121,2,1,60.0,0,I,MELB_URBAN,ROAD,2,18.0
127892,1,6,130,5,1,110.0,0,N,RURAL_VICTORIA,FREEWAY,2,17.0
127893,1,6,99,5,1,70.0,0,N,MELB_URBAN,ROAD,2,19.0
127894,1,6,130,5,1,90.0,0,N,RURAL_VICTORIA,ROAD,2,13.0
127895,1,6,130,1,1,50.0,0,I,LARGE_PROVINCIAL_CITIES,STREET,2,13.0
127896,1,5,140,2,1,50.0,0,I,MELB_URBAN,OTHER,2,17.0
127897,1,5,130,5,1,80.0,0,N,MELB_URBAN,FREEWAY,2,20.0
127898,4,6,173,5,1,60.0,0,N,MELB_URBAN,AVENUE,2,16.0
127899,6,6,174,5,3,60.0,0,N,MELB_URBAN,ROAD,2,22.0
127900,6,7,174,2,3,50.0,0,I,MELB_URBAN,DRIVE,2,0.0
127901,4,7,173,5,5,100.0,0,N,RURAL_VICTORIA,ROAD,2,0.0
127902,1,5,134,5,1,80.0,0,N,MELB_URBAN,HIGHWAY,2,10.0
127903,1,6,160,5,3,50.0,0,N,MELB_URBAN,STREET,2,23.0
127904,2,6,102,5,5,70.0,0,N,SMALL_CITIES,STREET,2,21.0
127905,1,2,130,5,1,60.0,0,N,MELB_URBAN,ROAD,2,15.0
127906,2,6,100,5,3,60.0,0,N,MELB_URBAN,ROAD,2,21.0
127907,4,6,181,5,5,80.0,0,N,RURAL_VICTORIA,ROAD,2,1.0
127908,4,4,173,5,1,50.0,0,N,MELB_URBAN,STREET,12,16.0
127909,1,3,110,1,1,40.0,0,I,MELB_URBAN,STREET,2,11.0
127910,6,4,170,5,1,110.0,0,N,RURAL_VICTORIA,HIGHWAY,2,13.0
127911,1,5,130,5,1,40.0,0,N,MELB_URBAN,STREET,2,15.0
127912,1,3,130,5,1,60.0,0,N,MELB_URBAN,HIGHWAY,2,8.0
127913,4,6,171,5,2,100.0,0,N,RURAL_VICTORIA,HIGHWAY,2,6.0
127914,1,4,130,4,1,50.0,0,I,MELB_URBAN,ROAD,12,13.0
127915,4,6,181,5,5,100.0,0,N,RURAL_VICTORIA,ROAD,2,21.0
127916,1,6,111,1,1,80.0,0,I,RURAL_VICTORIA,ROAD,2,20.0
127917,2,5,100,5,3,50.0,0,O,MELB_URBAN,OTHER,2,20.0
127918,1,7,110,1,1,50.0,0,I,MELB_URBAN,STREET,2,14.0
127919,4,7,171,5,1,60.0,0,N,MELB_URBAN,ROAD,2,15.0
127920,1,6,130,1,3,60.0,0,I,MELB_URBAN,ROAD,5,18.0
127921,1,6,130,5,9,80.0,0,N,MELB_URBAN,ROAD,1,6.0
127922,1,7,121,2,1,50.0,0,I,MELB_URBAN,STREET,2,15.0
127923,1,5,99,5,1,60.0,0,N,MELB_URBAN,ROAD,2,16.0
127924,6,7,184,3,1,100.0,0,I,RURAL_VICTORIA,ROAD,2,16.0
127925,2,1,99,5,3,80.0,0,N,MELB_URBAN,ROAD,2,0.0
127926,4,1,171,5,3,100.0,0,N,MELB_URBAN,RAMP,2,2.0
127927,1,1,120,5,5,60.0,0,N,MELB_URBAN,ROAD,2,3.0
127928,1,3,130,4,1,60.0,0,I,SMALL_CITIES,STREET,1,13.0
127929,4,1,183,5,1,110.0,0,N,RURAL_VICTORIA,RAMP,2,10.0
127930,8,0,99,5,5,80.0,0,N,RURAL_VICTORIA,ROAD,11,20.0
127931,8,1,174,1,1,70.0,0,I,TOWNS,STREET,2,12.0
127932,1,0,147,5,1,60.0,0,N,SMALL_CITIES,PARADE,2,12.0
127933,1,1,110,1,1,70.0,0,I,MELB_URBAN,ROAD,2,14.0
127934,1,6,99,5,1,40.0,0,N,MELB_URBAN,STREET,2,15.0
127935,8,2,174,5,1,50.0,0,N,MELB_URBAN,ROAD,11,13.0
127936,1,6,140,1,1,60.0,0,I,LARGE_PROVINCIAL_CITIES,STREET,2,8.0
127937,9,4,170,5,9,50.0,0,N,RURAL_VICTORIA,OTHER,2,10.0
127938,1,0,121,2,1,70.0,0,I,MELB_URBAN,ROAD,2,16.0
127939,1,0,130,5,1,80.0,0,N,MELB_URBAN,HIGHWAY,2,16.0
127940,1,0,120,5,1,60.0,0,N,SMALL_CITIES,ROAD,2,18.0
127941,1,3,130,5,1,80.0,0,N,RURAL_VICTORIA,ROAD,12,15.0
127942,4,1,171,5,2,100.0,1,N,RURAL_VICTORIA,ROAD,2,19.0
127943,1,5,99,5,1,60.0,0,N,TOWNS,ROAD,12,14.0
127944,6,1,99,5,5,100.0,0,N,RURAL_VICTORIA,HIGHWAY,2,2.0
127945,4,1,181,5,1,100.0,0,N,RURAL_VICTORIA,ROAD,2,15.0
127946,8,7,174,2,1,60.0,0,I,RURAL_VICTORIA,OTHER,2,14.0
127947,1,4,99,5,1,60.0,0,N,MELB_URBAN,STREET,2,15.0
127948,4,2,99,6,1,50.0,0,N,MELB_URBAN,OTHER,2,10.0
127949,1,2,132,2,1,60.0,0,I,SMALL_CITIES,ROAD,2,11.0
127950,4,2,173,1,1,50.0,0,I,SMALL_CITIES,STREET,2,9.0
127951,1,2,121,1,1,60.0,0,N,MELB_URBAN,ROAD,2,13.0
127952,1,0,140,5,1,40.0,0,N,MELB_URBAN,STREET,2,14.0
127953,1,2,130,5,1,50.0,0,N,SMALL_CITIES,OTHER,2,12.0
127954,1,1,111,2,1,50.0,0,I,RURAL_VICTORIA,AVENUE,2,7.0
127955,1,2,121,1,1,60.0,0,I,MELB_URBAN,HIGHWAY,2,14.0
127956,1,3,99,5,1,80.0,0,N,MELB_URBAN,ROAD,1,11.0
127957,1,2,121,1,1,80.0,0,I,MELB_URBAN,ROAD,2,15.0
127958,1,4,130,2,1,60.0,0,I,MELB_URBAN,ROAD,2,16.0
127959,1,2,99,5,1,40.0,0,N,MELB_URBAN,STREET,2,15.0
127960,2,2,99,5,1,50.0,0,N,MELB_URBAN,STREET,2,17.0
127961,6,1,174,1,1,50.0,0,N,MELB_URBAN,AVENUE,2,18.0
127962,1,6,99,2,9,50.0,0,N,MELB_URBAN,STREET,2,0.0
127963,1,2,113,2,1,80.0,0,I,MELB_URBAN,ROAD,2,16.0
127964,1,2,99,2,1,50.0,0,N,MELB_URBAN,STREET,2,16.0
127965,3,2,167,5,1,100.0,0,N,RURAL_VICTORIA,ROAD,2,17.0
127966,8,0,99,5,3,60.0,0,N,SMALL_TOWNS,ROAD,1,1.0
127967,1,2,134,5,9,60.0,0,N,MELB_URBAN,ROAD,2,20.0
127968,1,1,99,2,3,60.0,0,I,MELB_URBAN,ROAD,2,21.0
127969,1,2,120,5,5,60.0,0,N,RURAL_VICTORIA,HIGHWAY,2,23.0
127970,1,6,130,5,1,50.0,0,N,MELB_URBAN,STREET,3,8.0
127971,4,1,173,5,3,60.0,0,N,MELB_URBAN,OTHER,2,22.0
127972,4,2,173,5,3,60.0,0,N,MELB_URBAN,ROAD,2,23.0
127973,6,3,174,4,9,60.0,0,I,MELB_URBAN,DRIVE,2,16.0
127974,1,3,130,1,1,50.0,0,N,MELB_URBAN,ROAD,1,14.0
127975,1,5,134,2,1,60.0,0,I,MELB_URBAN,ROAD,1,15.0
127976,1,3,135,5,1,100.0,0,N,SMALL_CITIES,HIGHWAY,2,10.0
127977,1,3,132,2,1,60.0,0,N,LARGE_PROVINCIAL_CITIES,ROAD,2,10.0
127978,1,2,130,1,9,60.0,0,I,MELB_URBAN,ROAD,1,20.0
127979,2,2,99,2,1,50.0,0,I,MELB_URBAN,DRIVE,2,15.0
127980,6,1,184,5,1,60.0,0,N,RURAL_VICTORIA,ROAD,1,17.0
127981,2,7,100,5,1,40.0,0,N,TOWNS,ROAD,1,11.0
127982,1,3,132,1,1,60.0,0,I,TOWNS,STREET,2,7.0
127983,1,3,111,4,1,50.0,0,I,MELB_URBAN,ROAD,2,8.0
127984,1,5,130,2,3,60.0,0,I,MELB_URBAN,ROAD,2,22.0
127985,1,5,121,1,3,80.0,0,I,MELB_URBAN,ROAD,2,22.0
127986,2,3,100,2,1,60.0,0,N,MELB_URBAN,ROAD,2,12.0
127987,1,6,110,1,1,50.0,0,I,MELB_URBAN,STREET,2,16.0
127988,6,2,174,5,5,100.0,0,N,RURAL_VICTORIA,ROAD,2,22.0
127989,1,3,110,4,1,60.0,0,I,MELB_URBAN,ROAD,2,12.0
127990,8,1,99,5,5,100.0,0,N,RURAL_VICTORIA,ROAD,2,21.0
127991,1,0,130,2,1,70.0,0,I,MELB_URBAN,ROAD,2,14.0
127992,1,3,135,1,1,80.0,0,N,MELB_URBAN,ROAD,2,16.0
127993,4,3,183,5,1,80.0,0,N,RURAL_VICTORIA,ROAD,2,18.0
127994,1,3,110,1,1,60.0,0,I,MELB_URBAN,HIGHWAY,2,16.0
127995,2,4,100,1,1,50.0,0,I,TOWNS,OTHER,1,14.0
127996,1,3,121,2,1,60.0,0,I,MELB_URBAN,ROAD,2,18.0
127997,2,3,99,5,1,60.0,1,N,MELB_URBAN,STREET,2,14.0
127998,2,3,99,5,1,50.0,0,N,MELB_URBAN,OTHER,2,13.0
127999,4,3,171,5,5,60.0,1,N,RURAL_VICTORIA,ROAD,2,21.0
128000,1,4,113,2,2,80.0,0,I,RURAL_VICTORIA,ROAD,2,6.0
128001,7,3,99,5,3,50.0,0,N,LARGE_PROVINCIAL_CITIES,STREET,1,22.0
128002,1,4,121,1,1,50.0,0,I,MELB_URBAN,HIGHWAY,2,7.0
128003,1,4,130,5,1,80.0,0,N,RURAL_VICTORIA,ROAD,2,7.0
128004,1,4,130,5,1,60.0,0,N,MELB_URBAN,ROAD,1,17.0
128005,1,0,121,2,1,60.0,0,I,MELB_URBAN,ROAD,1,12.0
128006,1,1,99,5,1,100.0,0,N,RURAL_VICTORIA,ROAD,2,14.0
128007,1,3,110,1,1,60.0,0,I,LARGE_PROVINCIAL_CITIES,STREET,2,9.0
128008,1,3,134,3,1,60.0,0,I,MELB_URBAN,ROAD,2,11.0
128009,1,2,99,5,1,60.0,0,N,RURAL_VICTORIA,STREET,1,20.0
128010,1,4,121,1,1,60.0,0,I,MELB_URBAN,ROAD,2,12.0
128011,6,4,174,2,1,50.0,0,N,MELB_URBAN,AVENUE,2,11.0
128012,1,7,133,1,3,80.0,0,N,MELB_URBAN,HIGHWAY,2,1.0
128013,1,4,110,1,1,40.0,0,I,LARGE_PROVINCIAL_CITIES,STREET,2,8.0
128014,6,2,174,5,1,50.0,0,N,MELB_URBAN,ROAD,2,18.0
128015,1,3,99,1,1,60.0,0,I,LARGE_PROVINCIAL_CITIES,HIGHWAY,2,10.0
128016,1,3,110,1,1,50.0,0,I,SMALL_CITIES,STREET,2,8.0
128017,1,4,111,1,1,60.0,0,I,SMALL_CITIES,ROAD,2,15.0
128018,4,4,183,5,1,100.0,0,N,RURAL_VICTORIA,HIGHWAY,2,15.0
128019,1,4,99,5,1,60.0,0,N,MELB_URBAN,ROAD,2,14.0
128020,8,4,170,5,1,50.0,0,N,RURAL_VICTORIA,OTHER,2,17.0
128021,1,3,132,5,1,60.0,0,N,MELB_URBAN,ROAD,2,18.0
128022,1,6,130,5,1,60.0,0,N,MELB_URBAN,ROAD,11,12.0
128023,1,4,116,1,1,80.0,0,I,MELB_URBAN,HIGHWAY,2,8.0
128024,1,4,120,5,1,50.0,0,N,MELB_URBAN,ROAD,2,17.0
128025,4,4,173,5,3,60.0,0,N,LARGE_PROVINCIAL_CITIES,ROAD,2,23.0
128026,1,4,99,1,1,60.0,0,I,MELB_URBAN,ROAD,2,16.0
128027,1,5,110,1,1,60.0,0,I,MELB_URBAN,STREET,2,6.0
128028,1,2,121,5,1,60.0,0,I,MELB_URBAN,ROAD,2,8.0
128029,1,5,121,2,1,60.0,0,I,MELB_URBAN,ROAD,2,8.0
128030,1,5,121,2,1,60.0,0,I,MELB_URBAN,ROAD,2,7.0
128031,2,1,99,5,1,50.0,0,N,MELB_URBAN,ROAD,1,9.0
128032,1,5,120,5,1,100.0,0,N,RURAL_VICTORIA,ROAD,2,7.0
128033,1,5,130,2,3,60.0,0,I,MELB_URBAN,AVENUE,1,19.0
128034,4,4,181,5,1,80.0,0,N,RURAL_VICTORIA,ROAD,2,10.0
128035,1,5,130,5,1,60.0,0,N,MELB_URBAN,ROAD,2,13.0
128036,1,4,130,5,1,60.0,0,N,MELB_URBAN,ROAD,2,15.0
128037,2,5,100,5,1,40.0,0,N,TOWNS,STREET,2,11.0
128038,8,3,174,5,2,60.0,0,N,MELB_URBAN,ROAD,2,5.0
128039,5,5,99,5,1,100.0,0,N,RURAL_VICTORIA,ROAD,2,12.0
128040,1,5,121,1,1,60.0,0,I,LARGE_PROVINCIAL_CITIES,STREET,5,7.0
128041,4,5,183,5,1,50.0,0,N,MELB_URBAN,OTHER,2,13.0
128042,6,5,184,5,1,100.0,0,N,RURAL_VICTORIA,HIGHWAY,2,9.0
128043,1,5,110,1,1,100.0,0,I,RURAL_VICTORIA,ROAD,2,13.0
128044,1,5,147,5,1,60.0,0,N,MELB_URBAN,DRIVE,2,11.0
128045,1,6,99,5,1,60.0,0,N,MELB_URBAN,STREET,2,10.0
128046,1,4,116,1,1,50.0,0,I,MELB_URBAN,BOULEVARD,2,10.0
128047,6,5,170,5,1,60.0,0,N,RURAL_VICTORIA,ROAD,2,15.0
128048,1,1,130,2,1,60.0,0,N,MELB_URBAN,ROAD,2,16.0
128049,1,5,130,5,1,100.0,0,N,MELB_URBAN,FREEWAY,2,16.0
128050,5,4,99,5,1,80.0,0,N,RURAL_VICTORIA,ROAD,2,13.0
128051,1,3,130,1,1,60.0,0,I,MELB_URBAN,STREET,2,15.0
128052,1,4,130,5,1,80.0,0,N,MELB_URBAN,ROAD,2,13.0
128053,1,1,121,2,3,60.0,0,I,MELB_URBAN,ROAD,1,1.0
128054,1,4,99,5,1,50.0,0,N,MELB_URBAN,OTHER,2,17.0