,accident_type,day_of_week,dca_code,road_geometry,light_condition,speed_zone,severity,node_type,deg_urban_name,road_type,month,hour
128055,2,4,99,5,1,60.0,0,N,LARGE_PROVINCIAL_CITIES,STREET,2,17.0
128056,4,5,171,5,1,50.0,0,N,MELB_URBAN,STREET,2,16.0
128057,8,5,170,5,1,80.0,0,N,MELB_URBAN,HIGHWAY,2,16.0
128058,1,5,121,1,1,60.0,0,I,LARGE_PROVINCIAL_CITIES,STREET,2,17.0
128059,1,5,130,5,1,110.0,0,N,RURAL_VICTORIA,FREEWAY,2,18.0
128060,1,5,130,5,1,50.0,0,N,TOWNS,ROAD,2,17.0
128061,1,4,111,4,1,80.0,0,I,MELB_URBAN,ROAD,2,19.0
128062,1,5,110,1,1,80.0,0,I,MELB_URBAN,HIGHWAY,2,18.0
128063,8,5,184,5,2,80.0,0,N,RURAL_VICTORIA,HIGHWAY,2,20.0
128064,2,5,100,2,3,40.0,0,I,MELB_URBAN,ROAD,2,21.0
128065,1,4,130,5,1,60.0,0,N,MELB_URBAN,STREET,2,18.0
128066,1,1,121,2,3,60.0,0,I,MELB_URBAN,AVENUE,2,22.0
128067,1,5,160,5,1,80.0,0,N,MELB_URBAN,FREEWAY,2,17.0
128068,1,2,130,5,1,70.0,0,N,MELB_URBAN,HIGHWAY,1,17.0
128069,1,5,130,5,3,70.0,0,N,MELB_URBAN,ROAD,2,20.0
128070,1,5,160,5,1,50.0,0,N,MELB_URBAN,ROAD,2,8.0
128071,1,6,121,2,1,40.0,0,I,MELB_URBAN,ROAD,2,8.0
128072,1,6,99,1,1,50.0,0,I,MELB_URBAN,STREET,2,8.0
128073,1,6,130,5,1,100.0,0,N,MELB_URBAN,FREEWAY,2,8.0
128074,1,6,163,5,1,40.0,0,N,MELB_URBAN,STREET,2,9.0
128075,1,6,110,1,1,100.0,0,I,RURAL_VICTORIA,ROAD,2,8.0
128076,1,6,130,5,1,60.0,0,N,LARGE_PROVINCIAL_CITIES,STREET,2,9.0
128077,1,6,110,1,1,60.0,0,I,MELB_URBAN,ROAD,2,6.0
128078,1,5,163,5,1,60.0,0,N,MELB_URBAN,ROAD,2,15.0
128079,1,6,130,2,1,60.0,0,I,MELB_URBAN,ROAD,2,9.0
128080,4,5,183,5,5,80.0,0,N,RURAL_VICTORIA,ROAD,2,22.0
128081,1,5,163,5,1,60.0,0,N,MELBOURNE_CBD,STREET,2,13.0
128082,1,6,163,5,1,50.0,0,N,MELB_URBAN,STREET,2,8.0
128083,1,4,120,5,1,60.0,0,N,RURAL_VICTORIA,ROAD,2,18.0
128084,1,6,99,5,1,60.0,0,N,MELB_URBAN,ROAD,1,16.0
128085,1,6,99,2,1,50.0,0,I,MELB_URBAN,ROAD,2,11.0
128086,4,5,173,5,1,70.0,0,N,MELB_URBAN,ROAD,2,10.0
128087,1,6,99,5,1,60.0,0,N,TOWNS,STREET,2,10.0
128088,1,6,110,1,1,60.0,0,I,SMALL_CITIES,ROAD,2,13.0
128089,4,6,99,5,1,60.0,0,N,LARGE_PROVINCIAL_CITIES,DRIVE,2,10.0
128090,1,6,121,1,1,50.0,0,I,SMALL_CITIES,ROAD,2,9.0
128091,1,5,99,2,1,60.0,0,I,SMALL_CITIES,DRIVE,2,14.0
128092,1,3,135,5,1,60.0,0,I,MELB_URBAN,ROAD,11,11.0
128093,1,6,134,5,1,60.0,0,N,MELB_URBAN,ROAD,2,13.0
128094,1,3,110,1,1,60.0,0,I,LARGE_PROVINCIAL_CITIES,ROAD,2,18.0
128095,1,6,120,2,1,60.0,0,N,SMALL_TOWNS,STREET,2,16.0
128096,1,6,121,1,3,80.0,0,I,MELB_URBAN,ROAD,2,22.0
128097,2,6,102,2,1,50.0,0,I,MELB_URBAN,ROAD,2,15.0
128098,1,6,113,2,1,80.0,0,N,MELB_URBAN,HIGHWAY,2,15.0
128099,1,4,130,2,1,60.0,0,I,MELB_URBAN,STREET,2,15.0
128100,1,5,130,5,1,60.0,0,N,RURAL_VICTORIA,ROAD,2,14.0
128101,6,6,174,5,1,80.0,0,N,MELB_URBAN,ROAD,2,16.0
128102,1,6,160,5,1,50.0,0,N,MELB_URBAN,DRIVE,2,14.0
128103,8,7,174,5,1,60.0,0,N,MELB_URBAN,STREET,1,12.0
128104,1,6,110,1,1,50.0,0,I,RURAL_VICTORIA,ROAD,2,16.0
128105,1,5,130,2,3,60.0,0,I,MELB_URBAN,ROAD,2,21.0
128106,2,6,100,5,1,40.0,0,N,MELB_URBAN,STREET,2,17.0
128107,1,6,140,2,1,80.0,0,I,SMALL_CITIES,HIGHWAY,2,15.0
128108,4,6,181,5,1,60.0,0,N,MELB_URBAN,ROAD,2,15.0
128109,8,4,174,1,5,60.0,0,I,RURAL_VICTORIA,ROAD,12,19.0
128110,1,6,147,5,1,60.0,0,N,MELB_URBAN,DRIVE,12,18.0
128111,1,6,132,5,1,40.0,0,N,MELB_URBAN,DRIVE,2,16.0
128112,1,6,130,5,1,80.0,0,N,MELB_URBAN,HIGHWAY,2,18.0
128113,1,6,134,5,2,40.0,0,N,MELB_URBAN,STREET,2,19.0
128114,1,6,132,5,1,60.0,0,N,MELB_URBAN,ROAD,2,18.0
128115,1,5,140,5,2,80.0,0,N,MELB_URBAN,HIGHWAY,2,19.0
128116,2,6,100,1,3,60.0,0,N,MELB_URBAN,HIGHWAY,2,20.0
128117,1,6,110,1,1,100.0,0,I,RURAL_VICTORIA,ROAD,2,19.0
128118,1,5,121,2,1,80.0,0,I,MELB_URBAN,ROAD,2,17.0
128119,1,6,121,2,2,60.0,0,I,MELB_URBAN,ROAD,2,20.0
128120,1,5,121,5,1,50.0,0,N,MELB_URBAN,ROAD,2,16.0
128121,1,6,140,5,3,40.0,0,N,MELB_URBAN,STREET,2,21.0
128122,1,6,110,1,1,100.0,0,I,RURAL_VICTORIA,ROAD,2,19.0
128123,1,6,99,5,1,60.0,0,N,MELB_URBAN,ROAD,2,16.0
128124,1,6,121,2,3,80.0,0,I,MELB_URBAN,ROAD,2,23.0
128125,1,6,121,1,3,80.0,0,I,MELB_URBAN,ROAD,2,23.0
128126,1,3,130,5,1,70.0,0,I,MELB_URBAN,HIGHWAY,2,16.0
128127,4,6,171,5,5,100.0,0,N,RURAL_VICTORIA,ROAD,2,0.0
128128,1,6,120,5,3,60.0,0,N,MELB_URBAN,ROAD,2,0.0
128129,4,6,99,2,3,50.0,0,I,MELB_URBAN,ROAD,2,23.0
128130,1,5,110,1,3,50.0,0,I,MELB_URBAN,STREET,2,22.0
128131,2,2,99,2,1,40.0,0,N,MELB_URBAN,STREET,1,15.0
128132,1,2,130,1,1,60.0,0,I,MELB_URBAN,ROAD,1,7.0
128133,1,5,130,5,1,80.0,0,N,MELB_URBAN,FREEWAY,2,8.0
128134,1,6,130,1,1,80.0,0,I,LARGE_PROVINCIAL_CITIES,HIGHWAY,2,7.0
128135,8,1,174,5,1,50.0,0,N,TOWNS,STREET,1,16.0
128136,1,5,130,5,1,60.0,0,N,MELB_URBAN,ROAD,2,17.0
128137,1,6,130,5,1,60.0,0,N,RURAL_VICTORIA,ROAD,2,10.0
128138,6,7,184,5,1,80.0,0,N,RURAL_VICTORIA,ROAD,2,11.0
128139,1,0,121,1,1,50.0,0,I,MELB_URBAN,STREET,12,11.0
128140,1,7,121,2,1,60.0,0,I,MELB_URBAN,STREET,2,11.0
128141,1,7,130,1,1,60.0,0,I,MELB_URBAN,STREET,2,11.0
128142,4,6,181,5,1,60.0,0,N,MELB_URBAN,ROAD,1,14.0
128143,6,5,99,5,5,100.0,0,N,RURAL_VICTORIA,ROAD,2,21.0
128144,1,7,113,2,1,70.0,0,I,MELB_URBAN,ROAD,2,12.0
128145,8,1,174,5,3,60.0,0,N,MELB_URBAN,DRIVE,2,21.0
128146,6,6,184,5,1,80.0,0,N,RURAL_VICTORIA,ROAD,2,15.0
128147,4,7,171,5,1,100.0,0,N,RURAL_VICTORIA,HIGHWAY,2,16.0
128148,4,7,183,5,1,110.0,0,N,RURAL_VICTORIA,FREEWAY,2,16.0
128149,1,5,99,1,3,60.0,0,I,MELB_URBAN,ROAD,2,21.0
128150,1,6,121,1,1,60.0,0,I,MELB_URBAN,ROAD,2,13.0
128151,1,7,130,2,3,70.0,0,N,MELB_URBAN,ROAD,2,21.0
128152,1,7,130,1,3,80.0,0,N,MELB_URBAN,DRIVE,2,21.0
128153,6,6,99,2,5,80.0,0,I,RURAL_VICTORIA,ROAD,2,0.0
128154,1,7,121,1,3,80.0,0,I,MELB_URBAN,ROAD,2,22.0
128155,4,7,173,5,5,100.0,1,N,RURAL_VICTORIA,ROAD,2,22.0
128156,6,1,170,5,5,100.0,0,N,RURAL_VICTORIA,ROAD,2,1.0
128157,6,1,99,5,5,60.0,0,N,RURAL_VICTORIA,ROAD,2,0.0
128158,1,6,113,2,1,50.0,0,I,TOWNS,STREET,2,12.0
128159,1,6,99,2,1,60.0,0,N,MELB_URBAN,UNKNOWN,2,17.0
128160,4,7,171,5,1,100.0,0,N,RURAL_VICTORIA,ROAD,2,19.0
128161,1,5,99,2,1,60.0,0,I,SMALL_CITIES,STREET,2,8.0
128162,4,1,171,5,1,50.0,0,N,RURAL_VICTORIA,OTHER,2,10.0
128163,1,0,116,2,1,50.0,0,I,SMALL_CITIES,ROAD,2,10.0
128164,1,1,121,2,1,80.0,0,I,MELB_URBAN,HIGHWAY,2,10.0
128165,4,0,171,5,1,100.0,0,N,RURAL_VICTORIA,ROAD,2,9.0
128166,1,0,130,5,1,80.0,0,N,SMALL_TOWNS,FREEWAY,2,11.0
128167,1,1,133,5,1,100.0,0,N,MELB_URBAN,FREEWAY,2,12.0
128168,6,1,174,1,1,60.0,0,N,RURAL_VICTORIA,AVENUE,10,13.0
128169,5,6,99,5,1,60.0,0,N,RURAL_VICTORIA,ROAD,2,16.0
128170,4,1,171,2,1,70.0,0,I,SMALL_CITIES,ROAD,2,11.0
128171,8,1,99,5,1,100.0,0,N,RURAL_VICTORIA,ROAD,2,11.0
128172,1,5,130,5,1,100.0,0,N,MELB_URBAN,FREEWAY,2,11.0
128173,4,1,171,1,1,60.0,0,I,MELB_URBAN,ROAD,2,11.0
128174,1,1,120,5,1,60.0,0,N,MELB_URBAN,ROAD,2,9.0
128175,4,1,181,5,1,80.0,0,N,RURAL_VICTORIA,ROAD,2,15.0
128176,4,1,181,2,1,100.0,0,I,RURAL_VICTORIA,ROAD,2,14.0
128177,5,1,99,5,1,110.0,0,N,RURAL_VICTORIA,FREEWAY,2,18.0
128178,8,1,174,5,1,50.0,0,N,MELB_URBAN,STREET,2,16.0
128179,4,1,181,5,1,80.0,0,N,RURAL_VICTORIA,ROAD,2,16.0
128180,1,1,99,5,1,40.0,0,N,SMALL_CITIES,STREET,2,17.0
128181,4,1,181,5,1,60.0,0,N,RURAL_VICTORIA,ROAD,2,14.0
128182,6,1,99,5,2,80.0,0,N,RURAL_VICTORIA,ROAD,2,19.0
128183,4,2,181,5,1,100.0,0,N,RURAL_VICTORIA,STREET,10,14.0
128184,1,1,130,5,2,40.0,0,N,RURAL_VICTORIA,ROAD,2,19.0
128185,4,1,181,5,1,80.0,0,N,RURAL_VICTORIA,ROAD,2,15.0
128186,1,1,110,1,3,60.0,0,I,RURAL_VICTORIA,ROAD,2,21.0
128187,1,1,121,1,3,50.0,0,I,MELBOURNE_CBD,STREET,2,20.0
128188,1,4,130,5,3,80.0,0,N,MELB_URBAN,ROAD,2,21.0
128189,1,1,113,2,1,50.0,0,I,MELB_URBAN,AVENUE,2,16.0
128190,4,2,181,5,5,100.0,0,N,RURAL_VICTORIA,ROAD,2,0.0
128191,1,1,130,5,6,60.0,0,N,MELB_URBAN,ROAD,2,22.0
128192,4,7,183,5,1,80.0,0,N,RURAL_VICTORIA,HIGHWAY,1,11.0
128193,1,5,113,2,1,60.0,0,I,MELB_URBAN,ROAD,1,11.0
128194,1,5,130,5,1,70.0,0,N,LARGE_PROVINCIAL_CITIES,ROAD,2,13.0
128195,8,1,174,5,1,60.0,0,N,RURAL_VICTORIA,ROAD,2,11.0
128196,1,2,111,2,1,70.0,0,I,MELB_URBAN,ROAD,2,8.0
128197,1,2,130,5,1,70.0,0,N,MELB_URBAN,STREET,2,8.0
128198,1,4,130,5,1,60.0,0,N,MELB_URBAN,ROAD,12,12.0
128199,1,4,113,2,1,60.0,0,I,MELB_URBAN,ROAD,1,15.0
128200,1,2,110,1,1,70.0,0,I,MELB_URBAN,ROAD,2,6.0
128201,1,1,130,5,1,80.0,0,N,MELB_URBAN,STREET,2,9.0
128202,4,2,173,1,1,80.0,0,N,MELB_URBAN,HIGHWAY,2,9.0
128203,1,1,110,1,1,60.0,0,I,MELB_URBAN,STREET,2,7.0
128204,1,3,130,1,9,60.0,0,N,MELB_URBAN,ROAD,1,10.0
128205,1,2,110,1,2,60.0,0,I,MELB_URBAN,ROAD,12,19.0
128206,4,2,183,5,1,100.0,0,N,RURAL_VICTORIA,ROAD,2,8.0
128207,2,2,102,5,1,60.0,0,N,MELB_URBAN,ROAD,2,9.0
128208,1,2,130,5,1,60.0,0,N,MELB_URBAN,ROAD,2,8.0
128209,1,1,110,1,1,60.0,0,I,TOWNS,STREET,2,10.0
128210,1,2,147,5,1,60.0,0,N,LARGE_PROVINCIAL_CITIES,STREET,2,10.0
128211,4,3,173,5,1,60.0,0,N,RURAL_VICTORIA,STREET,12,16.0
128212,3,0,167,5,9,80.0,0,I,TOWNS,RAMP,1,23.0
128213,1,1,120,5,9,100.0,0,N,RURAL_VICTORIA,ROAD,2,12.0
128214,1,2,110,1,1,60.0,0,I,MELB_URBAN,AVENUE,2,7.0
128215,1,2,111,2,1,50.0,0,I,MELB_URBAN,STREET,2,9.0
128216,1,2,113,2,1,70.0,0,I,MELB_URBAN,ROAD,2,6.0
128217,1,1,99,1,1,80.0,0,N,MELB_URBAN,ROAD,2,11.0
128218,8,2,174,5,1,60.0,0,N,MELB_URBAN,ROAD,2,11.0
128219,1,2,110,1,1,80.0,0,I,RURAL_VICTORIA,AVENUE,2,8.0
128220,6,2,99,5,1,100.0,0,N,RURAL_VICTORIA,ROAD,2,10.0
128221,1,4,133,2,1,80.0,0,I,MELB_URBAN,RAMP,2,12.0
128222,1,1,111,2,1,60.0,0,I,LARGE_PROVINCIAL_CITIES,STREET,2,15.0
128223,1,2,110,1,1,100.0,0,I,RURAL_VICTORIA,ROAD,2,16.0
128224,1,1,113,2,1,60.0,0,I,LARGE_PROVINCIAL_CITIES,STREET,2,15.0
128225,1,0,130,5,1,100.0,0,N,MELB_URBAN,FREEWAY,2,11.0
128226,1,2,113,2,2,60.0,0,I,MELB_URBAN,ROAD,2,17.0
128227,6,2,184,5,1,100.0,0,N,RURAL_VICTORIA,ROAD,2,15.0
128228,2,2,99,5,1,40.0,0,N,MELB_URBAN,ROAD,2,15.0
128229,1,2,163,1,1,40.0,0,I,MELB_URBAN,STREET,1,18.0
128230,1,2,110,1,1,100.0,0,I,RURAL_VICTORIA,ROAD,2,16.0
128231,1,2,113,4,3,80.0,0,I,MELB_URBAN,HIGHWAY,2,20.0
128232,4,2,183,5,1,60.0,0,N,LARGE_PROVINCIAL_CITIES,ROAD,2,16.0
128233,1,5,130,5,1,80.0,0,N,MELB_URBAN,RAMP,2,11.0
128234,1,4,135,5,3,60.0,0,N,MELB_URBAN,STREET,2,21.0
128235,1,2,130,5,3,100.0,0,N,MELB_URBAN,FREEWAY,2,1.0
128236,1,6,130,1,1,70.0,0,I,MELB_URBAN,ROAD,2,17.0
128237,4,3,183,5,1,100.0,0,N,RURAL_VICTORIA,ROAD,2,11.0
128238,1,3,113,2,3,60.0,0,I,MELB_URBAN,ROAD,2,6.0
128239,8,3,174,4,1,50.0,0,I,MELB_URBAN,STREET,2,8.0
128240,1,3,120,5,5,100.0,0,N,RURAL_VICTORIA,ROAD,2,6.0
128241,1,3,110,1,1,100.0,0,I,RURAL_VICTORIA,ROAD,2,7.0
128242,1,3,160,5,1,80.0,0,N,MELB_URBAN,ROAD,2,7.0
128243,1,4,130,1,3,60.0,0,I,MELB_URBAN,ROAD,2,2.0
128244,6,5,170,5,1,80.0,0,N,MELB_URBAN,FREEWAY,1,7.0
128245,1,3,110,1,1,100.0,0,I,RURAL_VICTORIA,ROAD,2,9.0
128246,3,0,167,5,1,60.0,0,N,RURAL_VICTORIA,ROAD,2,14.0
128247,1,1,113,2,1,50.0,0,I,MELB_URBAN,DRIVE,2,8.0
128248,1,4,130,5,1,80.0,0,N,LARGE_PROVINCIAL_CITIES,STREET,2,15.0
128249,1,2,120,2,1,50.0,0,N,MELB_URBAN,OTHER,2,7.0
128250,1,0,130,5,1,100.0,0,N,MELB_URBAN,FREEWAY,2,13.0
128251,1,1,110,1,3,40.0,0,N,MELB_URBAN,DRIVE,2,21.0
128252,1,3,110,1,1,60.0,0,I,SMALL_TOWNS,HIGHWAY,2,7.0
128253,2,3,102,5,1,60.0,0,N,LARGE_PROVINCIAL_CITIES,STREET,2,10.0
128254,1,2,130,2,1,60.0,0,I,MELB_URBAN,ROAD,2,16.0
128255,1,3,132,2,1,60.0,0,N,MELB_URBAN,ROAD,2,11.0
128256,1,2,99,5,1,80.0,0,N,RURAL_VICTORIA,ROAD,2,12.0
128257,4,2,173,5,1,50.0,0,N,MELB_URBAN,BOULEVARD,2,13.0
128258,1,3,133,5,1,80.0,0,N,MELB_URBAN,RAMP,2,8.0
128259,1,3,121,2,1,60.0,0,I,MELB_URBAN,PARADE,2,15.0
128260,1,5,135,2,1,60.0,0,N,MELB_URBAN,ROAD,2,15.0
128261,8,3,174,1,1,50.0,0,I,MELB_URBAN,ROAD,2,12.0
128262,1,2,99,5,2,50.0,0,I,MELB_URBAN,STREET,2,18.0
128263,1,2,130,5,1,60.0,0,N,RURAL_VICTORIA,RAMP,2,16.0
128264,2,2,100,5,1,40.0,0,N,MELB_URBAN,OTHER,2,15.0
128265,4,3,171,2,1,60.0,0,I,MELB_URBAN,ROAD,2,15.0
128266,1,3,130,5,1,100.0,0,N,RURAL_VICTORIA,HIGHWAY,2,13.0
128267,1,3,110,1,1,50.0,0,I,SMALL_CITIES,ROAD,2,14.0
128268,1,3,132,1,1,80.0,0,N,RURAL_VICTORIA,ROAD,2,16.0
128269,1,2,130,5,1,80.0,0,N,RURAL_VICTORIA,ROAD,2,7.0
128270,1,3,113,1,1,80.0,0,I,MELB_URBAN,ROAD,2,15.0
128271,1,3,110,1,1,80.0,0,I,RURAL_VICTORIA,ROAD,2,16.0
128272,1,3,130,5,1,50.0,0,N,MELB_URBAN,STREET,2,16.0
128273,1,2,99,2,1,60.0,0,I,MELB_URBAN,ROAD,2,17.0
128274,4,6,173,5,1,80.0,0,N,RURAL_VICTORIA,ROAD,2,10.0
128275,2,3,99,5,1,50.0,0,N,MELB_URBAN,STREET,2,18.0
128276,4,3,173,5,1,100.0,0,N,RURAL_VICTORIA,FREEWAY,2,17.0
128277,1,7,130,1,1,60.0,0,I,SMALL_TOWNS,ROAD,2,13.0
128278,2,3,100,5,1,50.0,0,N,MELB_URBAN,STREET,2,19.0
128279,1,2,99,2,2,50.0,0,I,RURAL_VICTORIA,DRIVE,2,19.0
128280,1,3,130,5,1,80.0,0,N,MELB_URBAN,HIGHWAY,2,15.0
128281,1,2,130,1,2,60.0,0,N,MELB_URBAN,STREET,2,19.0
128282,1,3,110,1,1,60.0,0,I,LARGE_PROVINCIAL_CITIES,STREET,2,19.0
128283,1,3,111,1,2,60.0,0,I,MELB_URBAN,STREET,2,18.0
128284,1,3,120,5,2,60.0,0,N,MELB_URBAN,STREET,2,20.0
128285,1,2,121,1,1,60.0,0,I,MELB_URBAN,STREET,2,18.0
128286,1,2,99,2,1,60.0,0,I,RURAL_VICTORIA,ROAD,2,17.0
128287,1,3,121,2,3,50.0,0,I,MELB_URBAN,STREET,2,20.0
128288,1,3,160,5,3,50.0,0,N,MELB_URBAN,AVENUE,2,22.0
128289,1,0,140,1,1,40.0,0,N,MELB_URBAN,PARADE,2,13.0
128290,1,3,130,1,1,100.0,0,I,RURAL_VICTORIA,HIGHWAY,2,14.0
128291,1,3,130,5,1,80.0,0,N,MELB_URBAN,RAMP,2,6.0
128292,1,1,147,5,1,50.0,0,N,MELB_URBAN,STREET,1,12.0
128293,1,4,130,5,1,100.0,0,N,MELB_URBAN,FREEWAY,2,8.0
128294,1,4,99,1,1,50.0,0,I,MELB_URBAN,ROAD,2,8.0
128295,6,3,99,5,1,80.0,0,N,RURAL_VICTORIA,ROAD,2,17.0
128296,2,4,100,1,1,60.0,0,I,MELB_URBAN,ROAD,2,7.0
128297,1,3,130,1,1,60.0,0,I,LARGE_PROVINCIAL_CITIES,STREET,1,17.0
128298,1,4,99,2,1,50.0,0,I,MELB_URBAN,STREET,2,8.0
128299,1,3,130,5,1,40.0,0,N,MELB_URBAN,FREEWAY,2,7.0
128300,1,4,113,1,1,60.0,0,I,MELB_URBAN,HIGHWAY,2,10.0
128301,6,7,184,5,1,60.0,0,N,RURAL_VICTORIA,ROAD,1,13.0
128302,1,4,110,1,1,100.0,0,I,RURAL_VICTORIA,ROAD,2,9.0
128303,1,6,121,2,3,60.0,0,I,MELB_URBAN,PARADE,2,19.0
128304,1,5,130,5,1,80.0,0,N,MELB_URBAN,HIGHWAY,2,14.0
128305,1,7,99,5,1,50.0,0,N,MELB_URBAN,ROAD,2,15.0
128306,1,4,99,5,1,60.0,0,N,TOWNS,STREET,2,10.0
128307,1,6,110,1,1,60.0,0,I,MELB_URBAN,ROAD,2,18.0
128308,1,4,110,1,1,50.0,0,I,MELB_URBAN,STREET,2,9.0
128309,4,4,171,5,1,100.0,0,N,RURAL_VICTORIA,ROAD,2,8.0
128310,1,2,130,5,1,40.0,0,N,MELB_URBAN,ROAD,2,16.0
128311,6,4,174,5,1,60.0,0,N,MELB_URBAN,ROAD,2,13.0
128312,1,3,132,1,1,80.0,0,I,MELB_URBAN,ROAD,2,13.0
128313,1,6,130,1,1,60.0,0,N,MELB_URBAN,HIGHWAY,2,16.0
128314,1,4,110,1,1,50.0,0,I,TOWNS,STREET,2,16.0
128315,1,3,147,5,1,60.0,0,N,MELB_URBAN,STREET,2,16.0
128316,1,4,130,2,1,50.0,0,N,LARGE_PROVINCIAL_CITIES,STREET,2,17.0
128317,1,4,130,5,1,100.0,0,N,MELB_URBAN,ROAD,2,16.0
128318,1,4,113,4,1,60.0,0,I,SMALL_CITIES,AVENUE,2,17.0
128319,1,4,121,1,1,50.0,0,I,MELB_URBAN,STREET,2,17.0
128320,2,4,99,5,1,60.0,0,N,MELB_URBAN,STREET,2,15.0
128321,1,4,130,1,1,60.0,0,N,MELB_URBAN,ROAD,2,17.0
128322,1,4,99,2,1,70.0,0,I,RURAL_VICTORIA,STREET,2,15.0
128323,1,3,130,1,1,70.0,0,I,LARGE_PROVINCIAL_CITIES,ROAD,2,17.0
128324,8,4,174,5,1,110.0,0,N,RURAL_VICTORIA,FREEWAY,2,18.0
128325,4,4,173,2,1,70.0,0,I,MELB_URBAN,STREET,2,18.0
128326,1,4,110,1,1,60.0,0,I,RURAL_VICTORIA,STREET,2,16.0
128327,1,3,121,4,3,80.0,0,I,MELB_URBAN,HIGHWAY,2,22.0
128328,6,4,174,4,3,70.0,0,N,MELB_URBAN,ROAD,2,21.0
128329,1,2,130,2,3,80.0,0,N,MELB_URBAN,HIGHWAY,2,5.0
128330,8,2,184,5,1,40.0,0,N,RURAL_VICTORIA,ROAD,11,12.0
128331,1,5,120,5,5,60.0,0,N,RURAL_VICTORIA,ROAD,2,23.0
128332,1,2,130,5,1,50.0,0,N,MELB_URBAN,ROAD,2,17.0
128333,2,5,100,1,1,60.0,0,I,LARGE_PROVINCIAL_CITIES,HIGHWAY,2,8.0
128334,1,5,111,2,1,60.0,0,I,LARGE_PROVINCIAL_CITIES,DRIVE,2,8.0
128335,8,6,174,2,1,60.0,0,I,MELB_URBAN,STREET,1,10.0
128336,4,4,171,5,3,60.0,0,N,MELB_URBAN,ROAD,2,6.0
128337,1,5,99,2,1,60.0,0,I,RURAL_VICTORIA,ROAD,2,8.0
128338,1,5,134,5,1,60.0,0,N,MELB_URBAN,STREET,2,9.0
128339,1,4,110,1,1,60.0,0,I,MELB_URBAN,DRIVE,2,7.0
128340,8,6,174,2,9,60.0,0,N,MELB_URBAN,ROAD,10,19.0
128341,1,5,130,5,1,60.0,0,N,MELB_URBAN,ROAD,2,8.0
128342,1,5,130,5,1,50.0,0,N,TOWNS,ROAD,2,11.0
128343,1,3,121,1,1,60.0,0,I,MELB_URBAN,ROAD,1,14.0
128344,2,5,100,5,1,80.0,0,N,MELB_URBAN,ROAD,2,8.0
128345,8,5,174,5,1,80.0,0,N,TOWNS,ROAD,2,11.0
128346,2,5,99,1,1,40.0,0,I,MELBOURNE_CBD,STREET,2,13.0
128347,4,4,181,5,5,100.0,0,N,RURAL_VICTORIA,HIGHWAY,2,20.0
128348,4,5,173,1,1,80.0,0,I,RURAL_VICTORIA,ROAD,2,13.0
128349,1,3,110,1,1,50.0,0,I,TOWNS,ROAD,2,9.0
128350,1,1,160,5,1,50.0,0,N,LARGE_PROVINCIAL_CITIES,STREET,1,18.0
128351,4,4,183,5,1,80.0,0,N,RURAL_VICTORIA,ROAD,2,12.0
128352,1,5,130,5,1,60.0,0,I,MELB_URBAN,ROAD,2,10.0
128353,1,3,130,5,1,80.0,0,N,MELB_URBAN,ROAD,1,7.0
128354,1,5,110,1,1,60.0,0,I,MELB_URBAN,ROAD,2,14.0
128355,1,5,121,2,1,60.0,0,I,MELB_URBAN,ROAD,2,15.0
128356,1,3,132,4,2,60.0,0,N,RURAL_VICTORIA,RAMP,2,17.0
128357,1,5,116,1,1,80.0,0,I,MELB_URBAN,HIGHWAY,2,10.0
128358,4,4,171,5,1,50.0,0,N,RURAL_VICTORIA,OTHER,2,15.0
128359,2,5,99,5,1,50.0,0,N,MELB_URBAN,STREET,2,16.0
128360,1,5,140,5,1,80.0,0,N,MELB_URBAN,ROAD,2,13.0
128361,1,5,130,4,1,60.0,0,I,MELB_URBAN,ROAD,2,17.0
128362,4,4,99,5,1,50.0,0,N,LARGE_PROVINCIAL_CITIES,STREET,2,17.0
128363,6,5,174,2,1,50.0,0,I,LARGE_PROVINCIAL_CITIES,OTHER,2,18.0
128364,1,4,110,1,1,50.0,0,N,SMALL_CITIES,STREET,2,18.0
128365,6,6,99,5,1,50.0,0,N,RURAL_VICTORIA,ROAD,2,8.0
128366,1,4,110,1,2,100.0,0,I,RURAL_VICTORIA,ROAD,2,19.0
128367,1,5,130,5,1,40.0,0,N,MELB_URBAN,STREET,2,15.0
128368,1,4,130,2,1,70.0,0,I,MELB_URBAN,OTHER,2,15.0
128369,1,7,163,5,1,50.0,0,N,MELB_URBAN,STREET,1,19.0
128370,4,5,171,2,2,50.0,0,N,MELB_URBAN,STREET,2,19.0
128371,4,4,173,5,2,100.0,0,N,RURAL_VICTORIA,ROAD,2,19.0
128372,1,4,135,5,1,80.0,0,N,MELB_URBAN,ROAD,2,17.0
128373,1,5,99,1,1,60.0,0,N,MELB_URBAN,HIGHWAY,2,14.0
128374,2,5,99,5,1,30.0,0,N,MELB_URBAN,OTHER,2,17.0
128375,1,4,130,5,1,80.0,0,N,MELB_URBAN,ROAD,2,17.0
128376,2,5,102,2,3,60.0,0,I,MELB_URBAN,ROAD,2,21.0
128377,1,5,110,1,9,60.0,0,I,MELB_URBAN,ROAD,2,10.0
128378,2,5,100,1,3,60.0,1,I,MELB_URBAN,ROAD,2,20.0
128379,1,5,130,1,3,70.0,0,I,MELB_URBAN,STREET,2,23.0