,accident_type,day_of_week,dca_code,road_geometry,light_condition,speed_zone,severity,node_type,deg_urban_name,road_type,month,hour
128380,3,5,167,5,2,100.0,0,N,RURAL_VICTORIA,ROAD,2,6.0
128381,1,4,130,5,1,60.0,0,N,MELB_URBAN,STREET,2,10.0
128382,1,4,140,5,9,60.0,0,N,MELB_URBAN,ROAD,2,15.0
128383,1,6,99,2,3,40.0,0,I,MELB_URBAN,ROAD,2,1.0
128384,1,6,99,1,2,100.0,0,I,RURAL_VICTORIA,ROAD,2,8.0
128385,8,2,184,5,5,100.0,0,N,MELB_URBAN,FREEWAY,10,6.0
128386,6,4,184,5,1,100.0,0,N,RURAL_VICTORIA,ROAD,2,13.0
128387,1,6,99,2,2,50.0,0,I,MELB_URBAN,STREET,12,20.0
128388,1,6,140,1,1,50.0,0,I,SMALL_CITIES,STREET,2,9.0
128389,1,6,130,5,1,80.0,0,N,MELB_URBAN,HIGHWAY,2,11.0
128390,1,6,130,5,1,80.0,0,N,MELB_URBAN,OTHER,1,12.0
128391,4,6,171,5,1,80.0,0,N,TOWNS,ROAD,2,11.0
128392,1,6,110,1,1,40.0,0,I,MELB_URBAN,STREET,2,9.0
128393,1,6,130,5,1,60.0,0,N,RURAL_VICTORIA,ROAD,2,9.0
128394,3,6,167,5,1,100.0,0,N,RURAL_VICTORIA,OTHER,2,10.0
128395,1,6,113,2,1,60.0,0,I,MELB_URBAN,STREET,2,10.0
128396,1,5,121,1,1,60.0,0,I,MELB_URBAN,DRIVE,2,12.0
128397,1,1,113,2,1,60.0,0,N,MELB_URBAN,ROAD,2,16.0
128398,1,6,99,2,1,60.0,0,I,MELB_URBAN,ROAD,2,12.0
128399,1,6,120,5,1,50.0,0,N,MELB_URBAN,PARADE,2,11.0
128400,2,2,100,1,1,60.0,0,I,MELB_URBAN,PARADE,1,17.0
128401,1,6,132,2,1,50.0,0,I,LARGE_PROVINCIAL_CITIES,ROAD,2,10.0
128402,1,6,110,1,1,100.0,0,I,RURAL_VICTORIA,HIGHWAY,2,13.0
128403,4,5,171,5,1,100.0,0,N,RURAL_VICTORIA,ROAD,2,14.0
128404,1,6,110,1,1,60.0,0,I,LARGE_PROVINCIAL_CITIES,STREET,2,14.0
128405,1,3,130,2,9,60.0,0,N,MELB_URBAN,ROAD,2,13.0
128406,1,6,99,1,1,70.0,0,I,MELB_URBAN,DRIVE,2,14.0
128407,1,5,130,5,1,60.0,0,N,MELB_URBAN,ROAD,2,16.0
128408,2,6,99,5,1,60.0,0,N,LARGE_PROVINCIAL_CITIES,STREET,2,15.0
128409,1,5,147,5,1,40.0,0,N,MELB_URBAN,ROAD,12,15.0
128410,1,5,113,2,1,60.0,0,I,RURAL_VICTORIA,DRIVE,2,16.0
128411,4,6,171,5,1,80.0,0,N,RURAL_VICTORIA,ROAD,2,15.0
128412,1,6,110,1,1,100.0,0,I,RURAL_VICTORIA,HIGHWAY,2,16.0
128413,8,6,99,5,1,50.0,0,N,SMALL_CITIES,DRIVE,2,18.0
128414,1,6,99,2,1,60.0,0,N,MELB_URBAN,ROAD,2,17.0
128415,1,6,110,1,1,40.0,0,I,LARGE_PROVINCIAL_CITIES,STREET,2,14.0
128416,1,5,110,1,1,100.0,0,I,RURAL_VICTORIA,HIGHWAY,2,19.0
128417,2,6,102,2,1,60.0,1,N,MELB_URBAN,AVENUE,2,18.0
128418,1,3,113,2,1,60.0,0,N,MELB_URBAN,DRIVE,2,10.0
128419,1,6,99,5,1,60.0,0,N,SMALL_CITIES,STREET,2,19.0
128420,4,6,171,5,1,100.0,0,N,RURAL_VICTORIA,ROAD,2,15.0
128421,1,5,130,5,1,60.0,0,N,MELB_URBAN,ROAD,2,7.0
128422,4,6,171,2,3,60.0,0,I,MELB_URBAN,ROAD,2,22.0
128423,4,5,181,5,5,100.0,0,N,RURAL_VICTORIA,ROAD,2,21.0
128424,1,6,132,1,3,40.0,0,I,MELB_URBAN,STREET,2,23.0
128425,1,3,130,1,9,60.0,0,I,MELB_URBAN,STREET,2,21.0
128426,4,6,171,5,3,50.0,0,N,TOWNS,HIGHWAY,2,22.0
128427,1,6,120,5,5,110.0,0,N,RURAL_VICTORIA,FREEWAY,2,22.0
128428,2,6,99,5,3,50.0,0,N,MELB_URBAN,STREET,2,0.0
128429,4,7,173,5,5,100.0,1,N,RURAL_VICTORIA,ROAD,2,1.0
128430,1,2,134,5,1,80.0,0,N,MELB_URBAN,FREEWAY,12,9.0
128431,1,7,111,4,3,60.0,0,I,MELB_URBAN,RAMP,2,4.0
128432,1,6,130,5,1,100.0,0,N,MELB_URBAN,FREEWAY,2,10.0
128433,1,5,160,5,1,50.0,0,N,MELB_URBAN,ROAD,2,11.0
128434,1,7,133,5,1,60.0,0,N,MELB_URBAN,ROAD,2,7.0
128435,1,4,130,5,1,70.0,0,N,MELB_URBAN,PARADE,2,15.0
128436,1,6,111,2,1,80.0,0,I,MELB_URBAN,ROAD,2,7.0
128437,2,5,99,5,1,60.0,0,N,MELB_URBAN,STREET,2,14.0
128438,1,7,121,2,1,50.0,0,I,MELB_URBAN,STREET,2,12.0
128439,1,7,120,5,1,100.0,0,I,RURAL_VICTORIA,ROAD,2,9.0
128440,1,4,121,2,1,60.0,0,N,MELB_URBAN,AVENUE,2,8.0
128441,1,7,130,2,1,80.0,0,I,MELB_URBAN,ROAD,2,9.0
128442,1,7,121,1,1,80.0,0,N,MELB_URBAN,ROAD,2,12.0
128443,1,6,130,2,1,60.0,0,I,MELB_URBAN,ROAD,2,15.0
128444,8,7,99,5,5,60.0,0,N,RURAL_VICTORIA,ROAD,2,2.0
128445,1,7,99,5,1,60.0,0,N,MELB_URBAN,ROAD,2,12.0
128446,1,7,160,5,1,50.0,0,N,MELB_URBAN,DRIVE,2,12.0
128447,1,6,110,1,1,60.0,0,I,MELB_URBAN,ROAD,2,14.0
128448,1,3,147,5,1,50.0,0,N,MELB_URBAN,STREET,2,16.0
128449,1,7,130,5,1,100.0,0,N,MELB_URBAN,ROAD,2,12.0
128450,1,7,132,2,1,60.0,0,I,MELB_URBAN,ROAD,2,12.0
128451,1,7,130,5,1,60.0,0,N,MELB_URBAN,ROAD,2,10.0
128452,1,7,120,5,1,100.0,0,N,RURAL_VICTORIA,HIGHWAY,2,13.0
128453,1,6,130,1,1,60.0,0,N,MELB_URBAN,ROAD,2,16.0
128454,2,7,102,2,1,40.0,0,I,LARGE_PROVINCIAL_CITIES,STREET,2,14.0
128455,1,6,130,5,9,80.0,0,N,MELB_URBAN,HIGHWAY,2,16.0
128456,1,7,110,1,1,80.0,0,N,MELB_URBAN,ROAD,2,18.0
128457,2,7,99,5,1,50.0,0,N,MELB_URBAN,AVENUE,2,18.0
128458,1,4,130,1,1,60.0,0,I,MELB_URBAN,STREET,2,17.0
128459,4,7,99,5,5,50.0,0,N,MELB_URBAN,STREET,2,22.0
128460,1,1,135,1,3,60.0,0,I,MELB_URBAN,ROAD,2,0.0
128461,4,7,171,5,1,80.0,0,N,SMALL_TOWNS,ROAD,2,18.0
128462,4,0,173,5,3,70.0,0,N,MELB_URBAN,OTHER,2,1.0
128463,1,1,160,5,5,50.0,0,N,LARGE_PROVINCIAL_CITIES,STREET,2,0.0
128464,2,1,100,1,3,40.0,0,I,MELB_URBAN,STREET,2,2.0
128465,2,1,100,5,5,80.0,0,N,MELB_URBAN,DRIVE,2,1.0
128466,4,7,173,5,5,100.0,0,N,RURAL_VICTORIA,ROAD,2,21.0
128467,1,1,99,5,3,50.0,0,N,SMALL_CITIES,OTHER,2,2.0
128468,1,1,99,5,3,50.0,1,N,MELB_URBAN,ROAD,2,1.0
128469,1,7,120,5,5,100.0,1,N,RURAL_VICTORIA,HIGHWAY,2,23.0
128470,1,1,110,1,3,60.0,0,I,MELB_URBAN,OTHER,2,4.0
128471,4,7,173,5,3,60.0,0,N,MELB_URBAN,ROAD,2,23.0
128472,1,6,121,2,1,60.0,0,I,MELB_URBAN,HIGHWAY,2,11.0
128473,1,2,113,2,1,80.0,0,I,RURAL_VICTORIA,ROAD,2,18.0
128474,6,7,170,5,1,100.0,0,N,RURAL_VICTORIA,HIGHWAY,2,12.0
128475,4,1,183,5,2,110.0,0,N,SMALL_CITIES,FREEWAY,2,6.0
128476,1,2,99,1,1,60.0,0,I,TOWNS,HIGHWAY,2,14.0
128477,4,1,99,5,1,40.0,0,N,MELB_URBAN,ROAD,2,7.0
128478,8,6,99,5,1,100.0,0,N,RURAL_VICTORIA,ROAD,2,14.0
128479,4,7,181,5,1,100.0,0,N,RURAL_VICTORIA,ROAD,2,14.0
128480,6,1,170,5,2,110.0,0,N,RURAL_VICTORIA,HIGHWAY,2,7.0
128481,4,7,171,5,1,60.0,1,N,MELB_URBAN,AVENUE,2,14.0
128482,1,0,113,2,1,60.0,0,I,MELB_URBAN,ROAD,2,8.0
128483,3,0,167,5,2,100.0,0,N,RURAL_VICTORIA,HIGHWAY,2,6.0
128484,2,1,100,5,1,50.0,0,N,MELB_URBAN,UNKNOWN,2,9.0
128485,1,0,110,1,1,60.0,0,I,SMALL_CITIES,HIGHWAY,2,9.0
128486,1,1,160,5,1,50.0,0,N,MELB_URBAN,STREET,2,9.0
128487,1,5,135,5,1,100.0,0,N,MELB_URBAN,FREEWAY,2,17.0
128488,4,1,173,5,1,100.0,0,N,MELB_URBAN,FREEWAY,2,11.0
128489,4,1,183,5,1,100.0,0,N,RURAL_VICTORIA,ROAD,2,11.0
128490,1,7,111,1,1,70.0,0,I,MELB_URBAN,ROAD,1,15.0
128491,4,7,183,5,5,80.0,0,N,RURAL_VICTORIA,ROAD,2,23.0
128492,1,1,147,5,1,80.0,0,N,MELB_URBAN,HIGHWAY,2,12.0
128493,1,3,121,1,1,60.0,0,I,MELB_URBAN,ROAD,11,18.0
128494,1,1,130,5,1,60.0,0,N,MELB_URBAN,ROAD,2,11.0
128495,1,6,140,5,1,50.0,0,N,MELB_URBAN,ROAD,2,15.0
128496,1,0,135,5,1,60.0,0,N,MELB_URBAN,ROAD,2,13.0
128497,1,1,130,5,1,80.0,0,N,MELB_URBAN,ROAD,2,12.0
128498,4,1,173,5,1,50.0,0,N,MELB_URBAN,DRIVE,2,8.0
128499,1,1,120,5,1,80.0,0,N,RURAL_VICTORIA,ROAD,2,11.0
128500,8,1,174,1,1,60.0,0,I,LARGE_PROVINCIAL_CITIES,STREET,2,10.0
128501,4,1,171,1,1,60.0,0,I,LARGE_PROVINCIAL_CITIES,ROAD,2,13.0
128502,4,1,181,2,1,50.0,0,I,MELB_URBAN,AVENUE,2,12.0
128503,8,7,174,5,1,60.0,0,N,RURAL_VICTORIA,OTHER,2,17.0
128504,1,2,130,5,1,60.0,0,N,MELB_URBAN,STREET,2,15.0
128505,1,1,130,5,1,70.0,0,N,MELB_URBAN,ROAD,2,15.0
128506,1,1,121,1,1,70.0,0,I,MELB_URBAN,ROAD,2,15.0
128507,1,1,140,5,1,60.0,0,N,TOWNS,ROAD,2,15.0
128508,1,0,130,5,1,80.0,0,N,RURAL_VICTORIA,ROAD,2,17.0
128509,1,1,111,2,1,60.0,0,I,MELB_URBAN,ROAD,2,18.0
128510,4,1,173,5,1,80.0,0,N,RURAL_VICTORIA,ROAD,2,17.0
128511,1,1,121,2,1,50.0,0,I,RURAL_VICTORIA,DRIVE,2,14.0
128512,1,0,110,1,1,110.0,0,I,RURAL_VICTORIA,FREEWAY,2,17.0
128513,1,1,120,5,1,60.0,0,N,SMALL_CITIES,STREET,2,19.0
128514,4,1,183,5,1,60.0,0,N,RURAL_VICTORIA,ROAD,2,13.0
128515,1,3,130,5,3,60.0,0,N,MELB_URBAN,STREET,2,5.0
128516,1,0,135,5,1,80.0,0,N,MELB_URBAN,ROAD,2,17.0
128517,4,0,171,5,2,80.0,0,N,RURAL_VICTORIA,ROAD,2,20.0
128518,6,1,170,5,1,60.0,0,N,SMALL_TOWNS,ROAD,2,17.0
128519,4,1,173,5,1,50.0,0,N,MELB_URBAN,STREET,2,19.0
128520,1,0,130,1,3,80.0,0,I,MELB_URBAN,ROAD,2,21.0
128521,1,1,113,1,3,80.0,0,I,MELB_URBAN,ROAD,2,21.0
128522,2,0,99,5,1,60.0,0,N,MELB_URBAN,STREET,2,18.0
128523,1,1,99,1,1,80.0,0,N,MELB_URBAN,ROAD,2,13.0
128524,1,0,121,1,1,60.0,0,I,MELB_URBAN,ROAD,2,15.0
128525,1,6,121,5,1,60.0,0,N,MELB_URBAN,ROAD,2,8.0
128526,4,2,181,5,3,60.0,0,N,SMALL_CITIES,HIGHWAY,3,0.0
128527,4,1,171,5,5,100.0,0,N,RURAL_VICTORIA,ROAD,3,2.0
128528,1,2,111,2,3,60.0,0,I,SMALL_CITIES,AVENUE,3,5.0
128529,1,2,99,2,1,40.0,0,I,MELB_URBAN,ROAD,3,8.0
128530,1,3,110,1,1,50.0,0,I,MELB_URBAN,STREET,2,8.0
128531,7,7,99,5,3,50.0,0,N,LARGE_PROVINCIAL_CITIES,STREET,2,23.0
128532,1,2,135,5,3,80.0,0,N,MELB_URBAN,OTHER,3,7.0
128533,1,2,130,5,1,100.0,0,N,RURAL_VICTORIA,FREEWAY,3,8.0
128534,1,5,120,5,1,60.0,0,N,RURAL_VICTORIA,ROAD,2,10.0
128535,1,2,121,5,2,80.0,0,N,MELB_URBAN,ROAD,3,6.0
128536,1,5,130,5,2,100.0,0,N,MELB_URBAN,ROAD,2,20.0
128537,1,1,130,5,2,60.0,0,N,SMALL_CITIES,ROAD,11,19.0
128538,1,2,99,5,1,40.0,0,N,MELB_URBAN,STREET,3,10.0
128539,1,1,110,1,3,50.0,0,I,MELB_URBAN,ROAD,2,22.0
128540,1,5,130,1,9,60.0,0,N,MELB_URBAN,STREET,2,16.0
128541,1,1,130,5,1,80.0,0,N,MELB_URBAN,ROAD,3,8.0
128542,1,6,113,2,1,60.0,0,I,MELB_URBAN,ROAD,2,17.0
128543,6,7,174,5,1,60.0,0,N,TOWNS,STREET,2,11.0
128544,1,7,130,5,1,70.0,0,N,RURAL_VICTORIA,ROAD,2,15.0
128545,1,2,130,5,1,50.0,0,N,SMALL_CITIES,OTHER,3,13.0
128546,1,2,120,5,1,60.0,0,N,RURAL_VICTORIA,ROAD,3,12.0
128547,5,7,99,5,1,60.0,0,N,RURAL_VICTORIA,ROAD,2,11.0
128548,5,1,99,5,1,100.0,0,N,RURAL_VICTORIA,ROAD,2,15.0
128549,1,2,120,5,1,100.0,0,N,RURAL_VICTORIA,HIGHWAY,3,13.0
128550,1,1,130,5,1,100.0,0,N,MELB_URBAN,ROAD,3,12.0
128551,1,4,130,2,1,80.0,0,I,MELB_URBAN,ROAD,12,16.0
128552,6,2,99,5,1,100.0,0,N,RURAL_VICTORIA,HIGHWAY,3,10.0
128553,1,2,110,1,1,100.0,0,I,RURAL_VICTORIA,ROAD,3,14.0
128554,1,4,99,2,1,60.0,0,I,MELB_URBAN,STREET,2,13.0
128555,5,7,99,5,1,50.0,0,N,RURAL_VICTORIA,ROAD,2,11.0
128556,1,2,99,5,1,50.0,0,N,MELB_URBAN,AVENUE,3,17.0
128557,1,6,132,2,2,50.0,0,I,LARGE_PROVINCIAL_CITIES,STREET,2,19.0
128558,1,2,121,1,1,60.0,0,I,MELB_URBAN,ROAD,3,15.0
128559,4,2,181,5,1,100.0,0,N,RURAL_VICTORIA,RAMP,3,14.0
128560,2,2,102,5,1,60.0,0,N,MELB_URBAN,ROAD,3,17.0
128561,1,2,130,5,1,100.0,0,N,MELB_URBAN,FREEWAY,3,17.0
128562,1,2,120,5,1,50.0,0,N,RURAL_VICTORIA,ROAD,3,17.0
128563,2,2,99,5,1,50.0,0,N,MELB_URBAN,AVENUE,3,17.0
128564,1,5,110,1,1,60.0,0,I,MELB_URBAN,ROAD,2,6.0
128565,3,6,167,5,2,100.0,0,N,RURAL_VICTORIA,HIGHWAY,2,19.0
128566,1,0,130,1,1,60.0,0,I,MELB_URBAN,STREET,2,10.0
128567,4,6,171,5,6,60.0,0,N,RURAL_VICTORIA,ROAD,2,0.0
128568,1,4,130,2,1,80.0,0,N,MELB_URBAN,ROAD,2,15.0
128569,4,5,171,5,1,100.0,0,N,RURAL_VICTORIA,ROAD,1,19.0
128570,1,3,110,1,5,60.0,0,I,LARGE_PROVINCIAL_CITIES,STREET,3,6.0
128571,1,2,130,1,1,60.0,0,I,MELB_URBAN,STREET,1,15.0
128572,1,3,121,5,2,60.0,0,N,LARGE_PROVINCIAL_CITIES,OTHER,3,6.0
128573,1,3,130,5,1,100.0,0,N,MELB_URBAN,FREEWAY,3,6.0
128574,1,6,135,5,3,80.0,0,N,MELB_URBAN,ROAD,2,23.0
128575,1,2,121,1,1,60.0,0,I,MELB_URBAN,ROAD,3,18.0
128576,1,4,140,5,1,60.0,0,N,MELB_URBAN,ROAD,12,10.0
128577,1,1,99,1,1,40.0,0,I,MELBOURNE_CBD,STREET,2,6.0
128578,1,3,133,5,1,80.0,0,N,MELB_URBAN,FREEWAY,3,10.0
128579,1,3,130,5,1,60.0,0,N,SMALL_CITIES,ROAD,2,15.0
128580,1,3,135,5,1,80.0,0,N,MELB_URBAN,DRIVE,3,8.0
128581,1,3,116,2,1,40.0,0,I,MELB_URBAN,OTHER,3,9.0
128582,2,2,100,5,1,60.0,0,N,MELB_URBAN,STREET,3,7.0
128583,1,3,110,1,1,60.0,0,I,SMALL_CITIES,ROAD,3,9.0
128584,1,2,130,1,1,60.0,0,N,MELB_URBAN,ROAD,3,8.0
128585,2,3,99,2,1,60.0,0,I,MELB_URBAN,PARADE,3,12.0
128586,1,3,110,1,1,60.0,0,I,LARGE_PROVINCIAL_CITIES,ROAD,12,19.0
128587,1,3,120,5,1,80.0,0,N,MELB_URBAN,ROAD,3,10.0
128588,1,1,99,4,9,80.0,0,I,MELB_URBAN,ROAD,2,17.0
128589,8,3,184,5,1,100.0,0,N,RURAL_VICTORIA,UNKNOWN,3,12.0
128590,8,2,174,2,1,40.0,0,N,MELB_URBAN,ROAD,3,14.0
128591,6,1,174,5,1,80.0,0,N,RURAL_VICTORIA,ROAD,2,10.0
128592,1,2,99,1,1,50.0,0,I,TOWNS,HIGHWAY,3,16.0
128593,4,3,171,5,1,60.0,0,N,RURAL_VICTORIA,OTHER,3,8.0
128594,1,2,121,1,1,80.0,0,I,MELB_URBAN,ROAD,3,19.0
128595,1,1,120,5,1,60.0,0,N,LARGE_PROVINCIAL_CITIES,STREET,1,11.0
128596,1,3,113,2,1,60.0,0,I,MELB_URBAN,STREET,3,13.0
128597,1,3,99,2,1,60.0,0,I,MELB_URBAN,ROAD,3,15.0
128598,1,3,163,5,1,40.0,0,N,MELB_URBAN,STREET,3,15.0
128599,1,5,133,5,1,110.0,0,N,MELB_URBAN,FREEWAY,2,19.0
128600,1,2,110,1,3,50.0,0,I,MELB_URBAN,STREET,3,20.0
128601,1,2,130,5,1,100.0,0,N,MELB_URBAN,UNKNOWN,3,17.0
128602,1,5,110,1,1,60.0,0,I,LARGE_PROVINCIAL_CITIES,STREET,2,7.0
128603,1,3,140,5,1,60.0,0,N,MELB_URBAN,ROAD,3,16.0
128604,1,3,121,5,1,60.0,0,N,MELB_URBAN,STREET,3,18.0
128605,1,7,99,5,1,40.0,0,N,MELB_URBAN,STREET,2,11.0
128606,2,2,102,5,1,40.0,0,N,MELB_URBAN,ROAD,3,15.0
128607,1,3,110,1,1,80.0,1,I,SMALL_CITIES,ROAD,3,16.0
128608,2,3,99,5,2,50.0,0,N,RURAL_VICTORIA,OTHER,3,5.0
128609,1,3,121,1,3,60.0,0,I,MELB_URBAN,DRIVE,3,22.0
128610,4,3,171,1,3,80.0,0,I,MELB_URBAN,HIGHWAY,3,23.0
128611,1,3,110,1,2,60.0,0,I,MELB_URBAN,AVENUE,2,20.0
128612,1,3,99,5,3,60.0,0,N,MELB_URBAN,STREET,3,23.0
128613,4,3,171,1,3,60.0,0,I,MELB_URBAN,ROAD,3,1.0
128614,4,3,171,4,3,80.0,0,N,MELB_URBAN,RAMP,3,2.0
128615,4,3,171,5,1,90.0,0,N,MELB_URBAN,ROAD,3,12.0
128616,1,3,110,1,3,60.0,0,I,MELB_URBAN,ROAD,3,4.0
128617,1,0,110,1,1,80.0,0,I,MELB_URBAN,ROAD,2,8.0
128618,1,4,132,5,1,60.0,0,N,MELB_URBAN,ROAD,3,6.0
128619,4,4,173,5,1,80.0,0,N,RURAL_VICTORIA,ROAD,3,7.0
128620,1,3,121,2,1,60.0,0,I,MELB_URBAN,ROAD,3,8.0
128621,1,3,130,5,1,100.0,0,N,RURAL_VICTORIA,ROAD,3,8.0
128622,1,5,99,1,2,60.0,0,N,RURAL_VICTORIA,ROAD,2,6.0
128623,1,4,121,5,1,80.0,0,I,MELB_URBAN,ROAD,3,9.0
128624,1,5,121,2,1,60.0,0,I,MELB_URBAN,HIGHWAY,2,17.0
128625,1,7,99,2,1,50.0,0,I,LARGE_PROVINCIAL_CITIES,STREET,9,11.0
128626,1,4,110,1,1,60.0,0,I,MELB_URBAN,HIGHWAY,3,11.0
128627,1,4,99,5,1,50.0,0,N,MELB_URBAN,STREET,3,11.0
128628,1,4,130,2,1,60.0,0,I,MELB_URBAN,ROAD,3,13.0
128629,9,4,99,5,1,50.0,0,I,RURAL_VICTORIA,DRIVE,4,15.0
128630,1,4,113,2,1,70.0,0,I,MELB_URBAN,ROAD,2,16.0
128631,1,4,121,2,1,80.0,0,I,MELB_URBAN,ROAD,3,7.0
128632,1,2,121,2,1,60.0,0,I,RURAL_VICTORIA,DRIVE,3,7.0
128633,1,2,120,5,1,100.0,0,N,RURAL_VICTORIA,ROAD,3,13.0
128634,1,1,110,1,1,50.0,0,I,MELB_URBAN,STREET,2,13.0
128635,4,4,173,5,1,60.0,0,N,LARGE_PROVINCIAL_CITIES,STREET,3,14.0
128636,2,3,102,5,1,60.0,0,N,MELB_URBAN,STREET,3,11.0
128637,1,2,160,5,3,60.0,0,N,MELB_URBAN,ROAD,3,20.0
128638,1,4,147,5,1,70.0,0,N,MELB_URBAN,ROAD,3,15.0
128639,1,3,130,5,1,60.0,0,N,MELB_URBAN,ROAD,3,12.0
128640,1,4,130,2,1,60.0,0,I,MELB_URBAN,STREET,2,16.0
128641,1,4,132,2,1,60.0,0,I,MELB_URBAN,ROAD,2,17.0
128642,1,4,130,5,1,80.0,0,N,MELB_URBAN,HIGHWAY,3,15.0
128643,1,1,130,5,1,60.0,0,N,MELB_URBAN,STREET,2,16.0
128644,2,4,100,1,1,40.0,0,I,MELB_URBAN,PARADE,3,15.0
128645,1,4,130,5,1,40.0,0,N,LARGE_PROVINCIAL_CITIES,STREET,3,15.0
128646,1,2,130,2,1,60.0,0,N,MELB_URBAN,ROAD,3,14.0
128647,2,4,99,5,1,60.0,0,N,MELB_URBAN,STREET,3,12.0
128648,1,4,110,1,1,50.0,0,I,MELB_URBAN,STREET,3,14.0
128649,1,4,130,5,1,100.0,0,N,MELB_URBAN,ROAD,3,16.0
128650,1,4,120,5,1,100.0,0,N,RURAL_VICTORIA,HIGHWAY,3,14.0
128651,4,3,99,5,1,50.0,0,N,MELB_URBAN,OTHER,2,18.0
128652,1,6,130,5,1,80.0,0,N,MELB_URBAN,HIGHWAY,2,18.0
128653,1,3,135,5,1,80.0,0,I,MELB_URBAN,FREEWAY,3,17.0
128654,1,6,132,2,9,60.0,0,N,MELB_URBAN,ROAD,2,13.0
128655,1,4,110,4,1,50.0,0,I,LARGE_PROVINCIAL_CITIES,STREET,3,17.0
128656,1,4,130,5,1,80.0,0,N,MELB_URBAN,HIGHWAY,3,16.0
128657,1,4,110,1,1,60.0,0,I,TOWNS,STREET,3,17.0
128658,4,4,183,5,1,60.0,0,I,TOWNS,STREET,3,19.0
128659,4,4,171,5,1,60.0,1,N,SMALL_CITIES,AVENUE,3,16.0
128660,1,4,130,5,1,70.0,0,N,MELB_URBAN,ROAD,3,15.0
128661,1,3,113,1,1,80.0,0,I,RURAL_VICTORIA,ROAD,3,16.0
128662,1,4,120,2,1,70.0,0,I,MELB_URBAN,STREET,3,15.0
128663,1,4,110,1,1,50.0,0,I,MELB_URBAN,STREET,3,18.0
128664,1,4,130,2,1,60.0,0,I,MELB_URBAN,ROAD,3,15.0
128665,1,7,130,5,1,100.0,0,N,MELB_URBAN,FREEWAY,1,12.0
128666,4,3,171,5,3,80.0,0,N,MELB_URBAN,HIGHWAY,3,21.0
128667,1,3,121,2,3,60.0,0,I,MELB_URBAN,ROAD,3,21.0
128668,1,4,133,1,3,70.0,0,I,MELB_URBAN,HIGHWAY,3,21.0
128669,4,2,99,1,3,60.0,0,I,TOWNS,STREET,3,20.0
128670,1,4,130,5,3,80.0,0,N,MELB_URBAN,ROAD,3,21.0
128671,3,3,167,5,3,60.0,0,N,MELB_URBAN,ROAD,3,22.0
128672,1,3,99,1,1,60.0,0,I,MELB_URBAN,HIGHWAY,3,14.0
128673,1,3,130,5,2,60.0,0,N,MELB_URBAN,ROAD,2,18.0
128674,1,5,120,5,1,50.0,0,N,MELB_URBAN,HIGHWAY,3,8.0
128675,1,5,133,5,1,60.0,0,N,MELB_URBAN,ROAD,3,9.0
128676,1,5,132,5,1,60.0,0,N,MELB_URBAN,ROAD,4,14.0
128677,1,7,99,2,1,80.0,0,I,RURAL_VICTORIA,ROAD,2,14.0
128678,1,5,130,5,1,80.0,0,N,MELB_URBAN,DRIVE,3,8.0
128679,1,4,99,2,1,60.0,0,N,LARGE_PROVINCIAL_CITIES,ROAD,3,16.0
128680,1,5,121,4,1,80.0,0,N,RURAL_VICTORIA,RAMP,3,9.0
128681,8,4,184,1,1,60.0,0,I,MELB_URBAN,ROAD,3,14.0
128682,1,5,121,2,1,60.0,0,I,MELB_URBAN,ROAD,3,11.0
128683,1,5,120,5,1,80.0,0,N,LARGE_PROVINCIAL_CITIES,STREET,3,11.0
128684,1,5,99,5,1,100.0,0,N,RURAL_VICTORIA,ROAD,3,12.0
128685,2,4,102,1,1,50.0,0,I,MELB_URBAN,STREET,3,13.0
128686,1,3,99,2,1,50.0,0,N,MELB_URBAN,OTHER,2,14.0
128687,5,5,99,5,1,100.0,0,N,RURAL_VICTORIA,ROAD,3,11.0
128688,1,5,116,1,1,60.0,0,I,LARGE_PROVINCIAL_CITIES,ROAD,3,11.0
128689,1,7,99,2,1,60.0,0,I,SMALL_CITIES,ROAD,2,17.0
128690,1,4,99,1,1,100.0,0,N,MELB_URBAN,ROAD,3,13.0
128691,1,5,132,2,1,60.0,0,N,MELB_URBAN,ROAD,3,13.0
128692,6,7,184,5,1,60.0,0,N,RURAL_VICTORIA,ROAD,2,10.0
128693,8,5,99,1,1,60.0,0,I,MELB_URBAN,ROAD,11,13.0
128694,1,3,130,1,1,60.0,0,I,MELB_URBAN,HIGHWAY,3,16.0
128695,1,5,132,2,1,60.0,0,I,MELB_URBAN,STREET,3,14.0
128696,4,4,181,5,1,100.0,0,N,RURAL_VICTORIA,ROAD,3,14.0
128697,1,5,121,2,1,60.0,0,N,LARGE_PROVINCIAL_CITIES,STREET,3,15.0
128698,4,5,171,5,1,40.0,0,N,MELB_URBAN,STREET,3,16.0
128699,1,5,132,2,1,50.0,0,I,MELB_URBAN,ROAD,3,15.0
128700,1,4,110,1,1,60.0,0,I,RURAL_VICTORIA,ROAD,3,16.0
128701,2,5,102,5,1,40.0,0,N,MELB_URBAN,PARADE,3,15.0
128702,1,5,147,5,1,50.0,0,N,MELB_URBAN,OTHER,3,17.0
128703,1,4,130,5,1,60.0,0,N,MELB_URBAN,ROAD,3,14.0