,accident_type,day_of_week,dca_code,road_geometry,light_condition,speed_zone,severity,node_type,deg_urban_name,road_type,month,hour
128704,6,5,174,1,1,60.0,0,I,LARGE_PROVINCIAL_CITIES,ROAD,3,14.0
128705,4,5,181,5,1,50.0,0,N,MELB_URBAN,ROAD,3,17.0
128706,2,5,100,5,1,40.0,0,N,MELB_URBAN,STREET,3,14.0
128707,6,5,170,5,1,100.0,0,N,RURAL_VICTORIA,ROAD,3,11.0
128708,1,5,130,5,1,60.0,0,N,MELB_URBAN,ROAD,3,15.0
128709,6,5,99,1,1,50.0,0,I,LARGE_PROVINCIAL_CITIES,STREET,3,19.0
128710,2,5,102,5,1,40.0,0,N,SMALL_CITIES,AVENUE,3,15.0
128711,1,6,130,5,3,60.0,0,I,MELB_URBAN,STREET,2,22.0
128712,1,5,140,5,1,60.0,0,N,SMALL_TOWNS,STREET,3,15.0
128713,4,4,181,5,1,100.0,0,O,RURAL_VICTORIA,UNKNOWN,3,18.0
128714,1,5,110,1,1,80.0,0,I,RURAL_VICTORIA,FREEWAY,3,19.0
128715,1,4,130,5,3,60.0,0,N,MELB_URBAN,ROAD,3,6.0
128716,1,1,130,4,1,60.0,0,N,MELB_URBAN,ROAD,2,8.0
128717,5,4,173,5,3,60.0,0,N,LARGE_PROVINCIAL_CITIES,ROAD,3,20.0
128718,1,4,120,2,5,50.0,0,I,SMALL_CITIES,DRIVE,3,20.0
128719,1,5,160,5,1,50.0,0,N,MELB_URBAN,OTHER,3,17.0
128720,1,5,130,5,3,70.0,0,N,MELB_URBAN,ROAD,3,21.0
128721,1,5,110,1,3,60.0,0,I,MELB_URBAN,ROAD,3,22.0
128722,1,6,160,5,3,60.0,0,N,MELB_URBAN,STREET,3,2.0
128723,1,5,140,5,3,80.0,0,N,LARGE_PROVINCIAL_CITIES,ROAD,3,23.0
128724,4,5,171,5,2,70.0,0,N,RURAL_VICTORIA,ROAD,3,20.0
128725,1,5,130,5,6,100.0,0,N,MELB_URBAN,FREEWAY,3,6.0
128726,6,6,99,5,1,100.0,0,N,RURAL_VICTORIA,ROAD,1,12.0
128727,1,4,130,5,2,70.0,0,N,MELB_URBAN,ROAD,2,17.0
128728,1,6,120,5,1,60.0,0,N,MELB_URBAN,ROAD,3,7.0
128729,4,6,173,5,1,50.0,0,N,SMALL_CITIES,STREET,3,10.0
128730,5,6,99,5,1,60.0,0,N,RURAL_VICTORIA,OTHER,2,15.0
128731,1,6,110,1,1,60.0,0,I,SMALL_CITIES,ROAD,3,10.0
128732,1,6,135,5,1,60.0,0,N,RURAL_VICTORIA,HIGHWAY,2,11.0
128733,2,6,100,5,1,40.0,1,N,MELB_URBAN,HIGHWAY,3,11.0
128734,1,6,110,1,1,80.0,0,N,MELB_URBAN,AVENUE,3,12.0
128735,6,7,174,1,2,60.0,0,I,LARGE_PROVINCIAL_CITIES,ROAD,2,6.0
128736,8,3,184,5,1,60.0,0,N,RURAL_VICTORIA,ROAD,3,15.0
128737,1,7,140,5,3,40.0,0,N,MELBOURNE_CBD,STREET,2,1.0
128738,1,6,132,4,1,80.0,0,N,MELB_URBAN,HIGHWAY,2,16.0
128739,1,6,130,5,3,100.0,0,N,MELB_URBAN,ROAD,3,6.0
128740,1,6,147,5,1,50.0,0,N,MELB_URBAN,ROAD,3,12.0
128741,4,6,181,5,1,80.0,0,N,RURAL_VICTORIA,ROAD,3,12.0
128742,1,5,160,5,3,50.0,0,N,RURAL_VICTORIA,STREET,2,20.0
128743,1,5,130,2,1,60.0,0,I,RURAL_VICTORIA,ROAD,3,15.0
128744,1,5,130,5,1,50.0,0,N,RURAL_VICTORIA,ROAD,3,17.0
128745,2,6,99,5,1,50.0,0,N,SMALL_TOWNS,STREET,3,15.0
128746,4,6,171,5,1,60.0,0,N,TOWNS,AVENUE,3,14.0
128747,1,5,147,5,1,60.0,0,N,MELB_URBAN,STREET,3,15.0
128748,1,6,130,5,1,100.0,0,N,RURAL_VICTORIA,HIGHWAY,3,15.0
128749,5,4,99,2,5,50.0,0,I,MELB_URBAN,STREET,2,21.0
128750,1,3,121,2,1,60.0,0,I,MELB_URBAN,STREET,3,15.0
128751,1,5,130,1,9,60.0,0,I,LARGE_PROVINCIAL_CITIES,STREET,2,15.0
128752,1,6,160,5,1,60.0,0,N,RURAL_VICTORIA,DRIVE,3,15.0
128753,4,6,183,5,1,100.0,0,N,SMALL_CITIES,RAMP,3,19.0
128754,1,5,130,5,1,60.0,0,N,MELB_URBAN,STREET,3,13.0
128755,1,6,110,1,1,60.0,0,I,MELB_URBAN,ROAD,3,13.0
128756,1,5,130,2,1,80.0,0,I,MELB_URBAN,ROAD,3,19.0
128757,4,5,173,5,1,100.0,0,N,RURAL_VICTORIA,ROAD,3,18.0
128758,1,2,134,5,1,80.0,0,N,MELB_URBAN,ROAD,12,9.0
128759,1,6,160,5,3,50.0,0,N,MELB_URBAN,STREET,3,20.0
128760,1,6,121,2,3,70.0,0,I,MELB_URBAN,ROAD,3,23.0
128761,1,4,113,1,1,60.0,0,I,MELB_URBAN,ROAD,3,13.0
128762,2,1,99,5,1,50.0,0,N,MELB_URBAN,STREET,2,16.0
128763,1,6,99,1,1,40.0,0,I,MELB_URBAN,ROAD,3,9.0
128764,8,7,99,5,1,60.0,0,N,MELB_URBAN,ROAD,3,10.0
128765,1,6,121,2,1,80.0,0,I,MELB_URBAN,HIGHWAY,2,7.0
128766,4,4,183,5,1,60.0,0,N,MELB_URBAN,ROAD,2,16.0
128767,1,6,130,5,1,100.0,0,N,MELB_URBAN,UNKNOWN,3,11.0
128768,1,7,132,2,1,100.0,0,I,RURAL_VICTORIA,ROAD,3,12.0
128769,6,3,184,5,1,100.0,0,N,RURAL_VICTORIA,ROAD,3,16.0
128770,1,7,113,1,1,100.0,0,I,RURAL_VICTORIA,ROAD,3,9.0
128771,1,1,130,5,1,80.0,0,N,RURAL_VICTORIA,HIGHWAY,3,14.0
128772,1,7,120,5,1,60.0,0,N,RURAL_VICTORIA,ROAD,3,12.0
128773,1,7,121,5,1,80.0,0,N,RURAL_VICTORIA,ROAD,3,11.0
128774,1,7,113,2,1,100.0,1,I,RURAL_VICTORIA,ROAD,3,9.0
128775,1,7,160,5,2,40.0,0,N,MELB_URBAN,STREET,3,7.0
128776,1,7,113,2,3,70.0,0,I,LARGE_PROVINCIAL_CITIES,OTHER,3,6.0
128777,1,7,99,1,1,80.0,0,I,MELB_URBAN,ROAD,3,10.0
128778,4,7,173,5,1,60.0,0,N,TOWNS,ROAD,3,14.0
128779,1,7,121,2,1,60.0,1,I,MELB_URBAN,ROAD,3,9.0
128780,4,7,181,5,1,100.0,1,N,RURAL_VICTORIA,ROAD,3,11.0
128781,5,7,171,5,1,100.0,0,N,RURAL_VICTORIA,ROAD,3,15.0
128782,8,7,174,5,1,100.0,0,N,RURAL_VICTORIA,HIGHWAY,2,19.0
128783,1,7,121,2,1,60.0,0,I,MELB_URBAN,ROAD,3,17.0
128784,1,7,130,5,1,100.0,0,N,RURAL_VICTORIA,ROAD,3,9.0
128785,1,7,132,5,1,40.0,0,N,MELB_URBAN,STREET,3,18.0
128786,1,7,130,5,2,70.0,0,N,MELB_URBAN,ROAD,3,19.0
128787,1,7,99,2,1,50.0,0,I,SMALL_CITIES,STREET,3,16.0
128788,1,6,160,5,1,50.0,0,N,MELB_URBAN,OTHER,3,19.0
128789,1,7,140,1,3,80.0,0,I,MELB_URBAN,ROAD,3,20.0
128790,1,4,121,1,1,70.0,0,I,MELB_URBAN,HIGHWAY,2,16.0
128791,4,7,173,2,3,80.0,0,I,MELB_URBAN,ROAD,3,21.0
128792,4,7,173,5,5,100.0,0,N,RURAL_VICTORIA,ROAD,3,22.0
128793,2,0,100,1,3,40.0,0,I,MELB_URBAN,OTHER,3,3.0
128794,1,7,110,1,5,100.0,0,I,RURAL_VICTORIA,ROAD,3,22.0
128795,1,1,163,2,3,40.0,0,N,MELB_URBAN,STREET,3,0.0
128796,1,1,140,2,3,40.0,0,N,MELBOURNE_CBD,STREET,3,3.0
128797,6,1,99,5,5,100.0,0,N,RURAL_VICTORIA,ROAD,3,4.0
128798,1,6,130,5,1,60.0,0,N,MELB_URBAN,ROAD,2,17.0
128799,1,7,99,5,1,60.0,0,N,MELB_URBAN,AVENUE,3,12.0
128800,5,7,99,5,1,80.0,0,N,RURAL_VICTORIA,ROAD,3,11.0
128801,1,6,121,1,3,50.0,0,N,MELB_URBAN,ROAD,3,23.0
128802,1,7,99,2,1,100.0,0,I,RURAL_VICTORIA,ROAD,3,9.0
128803,1,2,130,1,1,60.0,0,I,MELB_URBAN,ROAD,3,19.0
128804,1,1,99,2,1,30.0,0,I,MELB_URBAN,STREET,3,6.0
128805,1,1,99,2,1,50.0,0,I,MELB_URBAN,STREET,3,9.0
128806,1,1,110,1,1,80.0,0,I,MELB_URBAN,ROAD,3,7.0
128807,7,1,99,5,3,50.0,0,N,MELB_URBAN,STREET,3,2.0
128808,1,1,121,2,1,70.0,0,I,MELB_URBAN,ROAD,3,10.0
128809,4,1,171,5,1,110.0,0,N,RURAL_VICTORIA,FREEWAY,3,9.0
128810,1,1,99,2,1,60.0,0,I,MELB_URBAN,ROAD,3,12.0
128811,1,4,99,2,1,80.0,0,I,RURAL_VICTORIA,HIGHWAY,3,8.0
128812,1,0,113,4,1,70.0,0,I,MELB_URBAN,DRIVE,3,11.0
128813,7,1,99,5,1,80.0,0,N,RURAL_VICTORIA,ROAD,3,12.0
128814,1,1,113,2,1,50.0,0,I,MELB_URBAN,ROAD,3,10.0
128815,1,0,120,5,1,100.0,0,N,RURAL_VICTORIA,ROAD,3,12.0
128816,1,1,110,1,1,80.0,0,I,MELB_URBAN,ROAD,3,12.0
128817,6,1,99,5,1,50.0,0,N,SMALL_TOWNS,OTHER,3,14.0
128818,3,1,167,5,1,100.0,0,N,RURAL_VICTORIA,ROAD,3,11.0
128819,1,1,132,4,1,60.0,1,I,MELB_URBAN,HIGHWAY,3,12.0
128820,6,1,170,5,5,100.0,1,N,RURAL_VICTORIA,ROAD,3,1.0
128821,6,1,99,5,1,60.0,0,N,RURAL_VICTORIA,ROAD,3,11.0
128822,1,1,120,2,1,100.0,1,N,RURAL_VICTORIA,ROAD,3,14.0
128823,1,0,132,1,1,60.0,0,I,MELB_URBAN,HIGHWAY,3,15.0
128824,1,1,120,1,1,60.0,0,I,TOWNS,HIGHWAY,3,14.0
128825,1,1,99,1,1,40.0,0,I,MELB_URBAN,PARADE,3,12.0
128826,1,1,140,2,1,60.0,0,N,LARGE_PROVINCIAL_CITIES,ROAD,3,17.0
128827,1,6,99,2,1,70.0,0,N,MELB_URBAN,ROAD,2,14.0
128828,1,5,130,1,2,60.0,0,N,MELB_URBAN,ROAD,1,16.0
128829,1,1,120,5,1,100.0,0,N,RURAL_VICTORIA,ROAD,3,14.0
128830,1,1,121,1,1,60.0,0,I,LARGE_PROVINCIAL_CITIES,ROAD,2,15.0
128831,1,1,110,1,1,80.0,0,I,RURAL_VICTORIA,OTHER,3,19.0
128832,1,1,132,2,3,60.0,0,I,SMALL_CITIES,ROAD,3,20.0
128833,8,1,99,5,1,80.0,0,N,RURAL_VICTORIA,HIGHWAY,3,17.0
128834,1,1,99,5,1,50.0,0,N,TOWNS,STREET,3,19.0
128835,4,1,171,1,6,50.0,0,I,MELB_URBAN,ROAD,3,20.0
128836,1,2,120,1,1,60.0,0,I,MELB_URBAN,OTHER,12,12.0
128837,4,1,173,5,1,60.0,0,N,MELB_URBAN,OTHER,3,18.0
128838,8,1,99,5,1,80.0,0,N,RURAL_VICTORIA,ROAD,3,17.0
128839,1,1,130,2,1,60.0,0,I,MELB_URBAN,ROAD,3,16.0
128840,1,1,120,5,5,110.0,0,N,RURAL_VICTORIA,HIGHWAY,3,20.0
128841,6,1,174,5,3,60.0,0,N,TOWNS,STREET,3,0.0
128842,1,3,121,1,1,50.0,0,I,SMALL_CITIES,HIGHWAY,1,17.0
128843,4,1,181,5,2,100.0,0,N,RURAL_VICTORIA,ROAD,3,20.0
128844,1,2,113,2,6,50.0,0,I,MELB_URBAN,AVENUE,1,5.0
128845,1,1,130,2,1,100.0,0,I,RURAL_VICTORIA,ROAD,3,9.0
128846,7,5,99,5,1,50.0,0,N,MELB_URBAN,ROAD,3,11.0
128847,1,0,130,5,1,50.0,0,I,TOWNS,STREET,3,12.0
128848,1,2,113,2,1,60.0,0,I,MELB_URBAN,ROAD,3,12.0
128849,1,2,121,1,1,50.0,0,I,SMALL_CITIES,STREET,3,11.0
128850,6,7,184,5,1,60.0,0,N,RURAL_VICTORIA,ROAD,1,16.0
128851,4,2,99,5,1,100.0,0,N,RURAL_VICTORIA,ROAD,3,10.0
128852,3,2,167,5,1,80.0,0,N,MELB_URBAN,FREEWAY,3,12.0
128853,1,1,130,5,1,100.0,0,N,MELB_URBAN,FREEWAY,3,13.0
128854,1,1,121,2,3,60.0,0,I,MELB_URBAN,ROAD,3,21.0
128855,8,7,99,5,1,60.0,0,N,RURAL_VICTORIA,ROAD,2,14.0
128856,1,1,130,1,1,50.0,0,I,LARGE_PROVINCIAL_CITIES,STREET,3,13.0
128857,1,2,99,2,1,60.0,0,I,MELB_URBAN,ROAD,3,17.0
128858,8,2,174,1,1,40.0,0,I,MELBOURNE_CBD,STREET,3,13.0
128859,1,5,113,2,1,60.0,0,I,RURAL_VICTORIA,ROAD,2,17.0
128860,1,2,113,2,1,60.0,0,I,MELB_URBAN,OTHER,3,13.0
128861,4,1,181,5,1,100.0,0,N,RURAL_VICTORIA,ROAD,3,12.0
128862,4,2,171,5,1,110.0,0,N,RURAL_VICTORIA,FREEWAY,3,14.0
128863,4,2,99,2,1,50.0,0,I,MELB_URBAN,ROAD,3,12.0
128864,1,2,110,1,1,50.0,0,I,SMALL_CITIES,STREET,3,14.0
128865,1,1,132,2,1,60.0,0,I,SMALL_CITIES,AVENUE,3,15.0
128866,1,1,113,1,1,60.0,0,I,MELB_URBAN,ROAD,3,15.0
128867,4,2,171,5,1,50.0,0,N,TOWNS,STREET,3,14.0
128868,1,2,120,5,1,60.0,0,N,RURAL_VICTORIA,ROAD,3,12.0
128869,1,2,120,5,1,80.0,0,N,RURAL_VICTORIA,HIGHWAY,3,15.0
128870,1,2,130,5,1,60.0,0,N,MELB_URBAN,ROAD,3,16.0
128871,4,2,181,5,1,80.0,0,N,RURAL_VICTORIA,ROAD,3,12.0
128872,1,2,113,2,1,80.0,0,I,MELB_URBAN,STREET,3,16.0
128873,4,1,181,5,1,60.0,0,N,MELB_URBAN,ROAD,3,16.0
128874,4,2,173,5,1,110.0,0,N,RURAL_VICTORIA,FREEWAY,3,17.0
128875,1,1,130,5,1,70.0,0,N,MELB_URBAN,ROAD,3,18.0
128876,1,2,110,1,1,50.0,0,I,MELB_URBAN,AVENUE,3,17.0
128877,6,2,174,5,3,60.0,0,N,MELB_URBAN,ROAD,3,19.0
128878,4,2,183,5,1,70.0,0,N,RURAL_VICTORIA,ROAD,3,18.0
128879,6,7,174,2,1,40.0,0,I,RURAL_VICTORIA,OTHER,2,11.0
128880,1,1,130,2,1,80.0,0,I,MELB_URBAN,OTHER,3,17.0
128881,1,1,140,5,1,60.0,0,N,TOWNS,STREET,3,16.0
128882,4,1,171,5,1,60.0,0,N,MELB_URBAN,OTHER,3,18.0
128883,1,1,121,2,1,50.0,0,I,MELB_URBAN,ROAD,3,17.0
128884,1,2,121,1,2,60.0,0,I,MELB_URBAN,HIGHWAY,3,19.0
128885,1,2,130,1,3,60.0,0,N,MELB_URBAN,ROAD,3,21.0
128886,4,2,181,4,3,100.0,0,N,LARGE_PROVINCIAL_CITIES,RAMP,3,21.0
128887,1,4,160,5,1,40.0,0,N,MELB_URBAN,ROAD,2,10.0
128888,2,3,100,2,1,60.0,0,I,MELB_URBAN,ROAD,2,7.0
128889,2,1,100,5,3,40.0,0,N,MELB_URBAN,STREET,3,22.0
128890,1,2,160,5,9,60.0,0,N,MELB_URBAN,ROAD,3,11.0
128891,1,0,121,2,1,50.0,0,I,MELB_URBAN,STREET,1,11.0
128892,4,2,171,5,5,100.0,0,N,RURAL_VICTORIA,ROAD,3,22.0
128893,1,4,130,5,1,100.0,0,N,SMALL_CITIES,HIGHWAY,2,8.0
128894,1,6,99,1,1,50.0,0,N,MELB_URBAN,ROAD,3,16.0
128895,1,2,110,1,1,50.0,0,I,TOWNS,STREET,3,14.0
128896,1,3,110,1,2,50.0,0,I,MELB_URBAN,STREET,3,7.0
128897,1,1,133,5,1,40.0,0,N,MELB_URBAN,RAMP,3,16.0
128898,1,3,121,2,2,80.0,0,I,MELB_URBAN,ROAD,3,6.0
128899,1,6,121,2,1,60.0,0,N,MELB_URBAN,ROAD,1,13.0
128900,1,3,130,5,1,80.0,0,N,MELB_URBAN,FREEWAY,3,8.0
128901,1,2,99,2,1,60.0,0,I,MELB_URBAN,ROAD,3,7.0
128902,1,3,113,2,1,80.0,0,I,MELB_URBAN,HIGHWAY,3,8.0
128903,1,4,121,1,1,70.0,0,I,LARGE_PROVINCIAL_CITIES,ROAD,1,12.0
128904,1,3,130,5,1,100.0,0,N,MELB_URBAN,RAMP,3,8.0
128905,1,2,130,5,1,60.0,0,N,LARGE_PROVINCIAL_CITIES,STREET,3,9.0
128906,6,3,174,5,1,70.0,0,N,MELB_URBAN,ROAD,3,8.0
128907,1,3,120,5,5,100.0,0,N,RURAL_VICTORIA,ROAD,3,6.0
128908,1,6,130,5,1,60.0,0,N,TOWNS,HIGHWAY,3,11.0
128909,4,2,173,5,1,60.0,0,N,MELB_URBAN,ROAD,3,14.0
128910,4,3,173,5,1,100.0,0,N,MELB_URBAN,RAMP,3,11.0
128911,1,1,130,1,9,80.0,0,N,MELB_URBAN,ROAD,2,7.0
128912,1,3,99,2,1,70.0,0,N,MELB_URBAN,ROAD,3,11.0
128913,1,3,132,5,1,60.0,0,N,LARGE_PROVINCIAL_CITIES,ROAD,3,11.0
128914,1,1,110,1,9,60.0,0,I,MELB_URBAN,ROAD,2,9.0
128915,2,6,99,5,1,50.0,0,N,TOWNS,STREET,3,13.0
128916,1,1,99,1,2,60.0,0,I,MELB_URBAN,ROAD,3,18.0
128917,1,2,111,1,3,60.0,0,N,MELB_URBAN,ROAD,3,6.0
128918,4,2,173,5,2,60.0,0,N,MELB_URBAN,HIGHWAY,3,6.0
128919,1,5,130,5,9,100.0,0,N,MELB_URBAN,RAMP,12,11.0
128920,1,2,110,1,1,50.0,0,I,TOWNS,STREET,3,10.0
128921,1,2,113,2,1,50.0,0,I,MELB_URBAN,OTHER,2,14.0
128922,1,3,130,5,1,60.0,0,N,MELB_URBAN,STREET,3,12.0
128923,8,7,99,5,1,80.0,0,N,RURAL_VICTORIA,ROAD,3,11.0
128924,1,7,140,1,1,60.0,0,N,LARGE_PROVINCIAL_CITIES,ROAD,2,13.0
128925,2,2,99,5,1,40.0,0,N,TOWNS,STREET,3,12.0
128926,2,2,99,2,1,60.0,0,I,MELB_URBAN,ROAD,3,11.0
128927,2,6,102,1,1,70.0,0,N,MELB_URBAN,ROAD,3,11.0
128928,6,1,174,5,1,60.0,0,N,RURAL_VICTORIA,ROAD,3,10.0
128929,1,2,110,1,1,50.0,0,I,MELB_URBAN,STREET,3,11.0
128930,1,0,130,1,1,60.0,0,I,MELB_URBAN,STREET,1,16.0
128931,4,3,181,5,1,100.0,1,N,RURAL_VICTORIA,ROAD,3,8.0
128932,2,3,100,1,1,60.0,0,I,RURAL_VICTORIA,HIGHWAY,3,11.0
128933,1,2,121,2,1,60.0,0,I,MELB_URBAN,ROAD,3,12.0
128934,1,3,99,2,1,60.0,0,I,MELB_URBAN,ROAD,3,15.0
128935,1,2,113,2,1,70.0,0,N,MELB_URBAN,ROAD,3,19.0
128936,1,4,130,5,1,40.0,0,N,MELB_URBAN,ROAD,2,13.0
128937,1,3,99,2,1,80.0,0,I,SMALL_CITIES,HIGHWAY,3,16.0
128938,1,2,130,5,1,80.0,0,N,RURAL_VICTORIA,ROAD,3,16.0
128939,6,3,170,5,1,100.0,0,N,RURAL_VICTORIA,ROAD,3,16.0
128940,2,3,102,4,1,70.0,0,I,LARGE_PROVINCIAL_CITIES,HIGHWAY,3,16.0
128941,1,3,110,1,1,100.0,0,I,RURAL_VICTORIA,ROAD,3,16.0
128942,1,2,130,5,1,80.0,0,N,RURAL_VICTORIA,ROAD,3,16.0
128943,1,2,130,1,9,60.0,0,I,MELB_URBAN,PARADE,11,9.0
128944,1,3,130,5,1,80.0,0,N,MELB_URBAN,ROAD,3,8.0
128945,4,1,181,5,3,50.0,0,N,MELB_URBAN,ROAD,2,0.0
128946,4,3,171,5,1,100.0,0,N,RURAL_VICTORIA,HIGHWAY,3,16.0
128947,2,3,100,5,1,50.0,0,N,MELB_URBAN,STREET,3,16.0
128948,5,7,99,2,1,60.0,0,I,RURAL_VICTORIA,ROAD,1,16.0
128949,4,3,171,5,1,100.0,0,N,RURAL_VICTORIA,ROAD,3,18.0
128950,8,3,174,5,9,60.0,0,N,MELB_URBAN,ROAD,3,14.0
128951,4,2,171,5,1,80.0,0,N,MELB_URBAN,FREEWAY,3,15.0
128952,6,2,184,2,1,80.0,0,I,RURAL_VICTORIA,HIGHWAY,3,13.0
128953,1,3,99,2,1,60.0,0,I,MELB_URBAN,ROAD,3,10.0
128954,1,3,130,2,1,60.0,0,I,MELB_URBAN,ROAD,3,16.0
128955,1,3,130,5,1,80.0,0,N,MELB_URBAN,UNKNOWN,3,19.0
128956,4,3,99,5,3,50.0,0,N,MELB_URBAN,ROAD,3,21.0
128957,2,2,99,5,3,50.0,0,N,MELB_URBAN,ROAD,3,20.0
128958,4,3,173,5,5,100.0,0,N,RURAL_VICTORIA,FREEWAY,3,4.0
128959,1,3,99,5,3,50.0,0,N,MELB_URBAN,STREET,3,21.0
128960,4,4,99,5,3,60.0,0,N,MELB_URBAN,DRIVE,3,0.0
128961,2,3,100,1,2,60.0,0,N,MELB_URBAN,ROAD,3,6.0
128962,1,3,99,1,1,70.0,0,N,SMALL_CITIES,STREET,3,8.0
128963,7,7,99,5,1,70.0,1,N,SMALL_CITIES,AVENUE,2,12.0
128964,6,7,184,5,1,100.0,0,N,RURAL_VICTORIA,ROAD,12,11.0
128965,2,3,99,5,1,40.0,0,N,MELB_URBAN,STREET,3,8.0
128966,1,5,130,5,1,70.0,0,N,SMALL_CITIES,PARADE,12,10.0
128967,1,5,130,1,1,60.0,0,I,LARGE_PROVINCIAL_CITIES,STREET,2,11.0
128968,6,4,99,5,5,100.0,0,N,RURAL_VICTORIA,ROAD,3,4.0
128969,1,2,130,5,1,80.0,0,N,MELB_URBAN,FREEWAY,3,16.0
128970,6,2,170,2,1,60.0,0,N,RURAL_VICTORIA,ROAD,3,9.0
128971,2,3,100,1,1,50.0,0,I,MELB_URBAN,ROAD,3,8.0
128972,1,7,140,5,1,60.0,0,N,LARGE_PROVINCIAL_CITIES,ROAD,3,11.0
128973,4,7,171,5,9,60.0,0,N,MELB_URBAN,BOULEVARD,3,15.0
128974,4,0,183,5,1,60.0,0,N,RURAL_VICTORIA,ROAD,2,15.0
128975,1,3,140,5,1,60.0,0,N,MELB_URBAN,ROAD,3,14.0
128976,4,4,183,5,1,100.0,0,N,RURAL_VICTORIA,ROAD,3,7.0
128977,1,4,121,1,1,40.0,0,I,MELBOURNE_CBD,STREET,3,10.0
128978,1,5,99,1,1,60.0,0,N,MELB_URBAN,STREET,3,15.0
128979,1,4,121,2,1,80.0,0,I,MELB_URBAN,ROAD,3,11.0
128980,1,4,116,2,1,60.0,0,I,MELB_URBAN,STREET,3,11.0
128981,1,2,113,2,1,60.0,0,I,MELB_URBAN,HIGHWAY,3,16.0
128982,3,4,167,5,2,60.0,0,N,RURAL_VICTORIA,STREET,7,6.0
128983,1,1,130,1,1,60.0,0,I,MELB_URBAN,HIGHWAY,3,14.0
128984,4,4,173,5,3,80.0,1,N,MELB_URBAN,HIGHWAY,3,3.0
128985,1,4,130,5,1,80.0,0,N,MELB_URBAN,ROAD,3,12.0
128986,1,4,99,1,1,60.0,0,I,MELB_URBAN,ROAD,3,13.0
128987,1,4,132,2,1,60.0,0,I,MELB_URBAN,STREET,3,11.0
128988,1,3,110,1,1,100.0,0,I,SMALL_TOWNS,ROAD,3,8.0
128989,1,4,121,2,1,60.0,0,I,MELB_URBAN,STREET,3,15.0
128990,1,4,121,1,1,40.0,0,I,MELB_URBAN,STREET,3,15.0
128991,3,2,167,5,5,80.0,0,O,RURAL_VICTORIA,UNKNOWN,3,6.0
128992,1,4,113,2,1,50.0,0,I,MELB_URBAN,OTHER,3,14.0
128993,1,3,113,2,1,60.0,0,I,SMALL_CITIES,OTHER,3,15.0
128994,1,3,111,2,1,40.0,0,I,MELB_URBAN,ROAD,3,15.0
128995,6,6,99,5,2,100.0,0,N,RURAL_VICTORIA,ROAD,2,18.0
128996,1,4,113,2,3,60.0,0,I,MELB_URBAN,ROAD,2,20.0
128997,1,4,160,5,1,60.0,0,N,MELB_URBAN,ROAD,3,14.0
128998,1,4,99,5,1,100.0,0,N,RURAL_VICTORIA,ROAD,3,16.0
128999,1,4,121,4,1,70.0,0,I,RURAL_VICTORIA,HIGHWAY,3,16.0
129000,1,3,99,1,1,60.0,0,N,LARGE_PROVINCIAL_CITIES,STREET,3,9.0
129001,1,4,133,2,1,60.0,0,I,MELB_URBAN,ROAD,3,18.0
129002,1,3,130,5,2,60.0,0,N,MELB_URBAN,STREET,3,18.0
129003,4,4,183,5,5,100.0,0,N,RURAL_VICTORIA,ROAD,3,21.0
129004,1,4,99,5,1,100.0,0,N,RURAL_VICTORIA,ROAD,3,15.0
129005,4,3,171,5,1,100.0,0,N,RURAL_VICTORIA,HIGHWAY,3,7.0
129006,1,4,171,5,1,100.0,1,N,MELB_URBAN,FREEWAY,3,16.0
129007,6,2,174,1,1,60.0,0,I,MELB_URBAN,STREET,3,15.0
129008,1,4,120,5,2,100.0,0,N,RURAL_VICTORIA,HIGHWAY,3,19.0
129009,4,4,171,5,3,70.0,0,N,MELB_URBAN,ROAD,3,21.0
129010,4,5,181,3,3,60.0,0,I,TOWNS,STREET,3,0.0
129011,6,5,174,5,5,60.0,0,N,SMALL_CITIES,STREET,3,3.0
129012,2,6,99,5,5,80.0,0,N,RURAL_VICTORIA,ROAD,2,19.0
129013,1,4,133,5,3,80.0,0,N,MELB_URBAN,OTHER,3,23.0
129014,4,5,173,2,6,100.0,0,N,RURAL_VICTORIA,ROAD,3,0.0
129015,2,5,100,1,3,40.0,0,N,MELB_URBAN,STREET,3,6.0
129016,1,5,99,1,2,80.0,0,I,RURAL_VICTORIA,HIGHWAY,3,6.0
129017,4,5,181,5,1,100.0,0,N,RURAL_VICTORIA,HIGHWAY,3,7.0
129018,1,5,99,2,3,50.0,0,I,MELB_URBAN,OTHER,3,5.0
129019,1,6,130,5,1,80.0,0,N,MELB_URBAN,FREEWAY,3,7.0
129020,1,5,99,2,1,100.0,0,I,RURAL_VICTORIA,HIGHWAY,3,7.0
129021,1,5,130,5,1,60.0,0,N,MELB_URBAN,HIGHWAY,3,10.0
129022,2,6,99,1,3,60.0,0,I,LARGE_PROVINCIAL_CITIES,STREET,3,20.0
129023,1,5,163,5,1,40.0,0,N,MELB_URBAN,ROAD,3,8.0
129024,4,7,183,5,2,80.0,0,N,RURAL_VICTORIA,ROAD,1,6.0
129025,1,4,116,2,1,60.0,0,I,MELB_URBAN,ROAD,2,12.0
129026,8,3,174,5,1,60.0,0,N,RURAL_VICTORIA,ROAD,3,16.0
129027,1,4,132,2,1,50.0,0,I,MELB_URBAN,ROAD,2,16.0
129028,6,3,170,5,5,100.0,0,N,RURAL_VICTORIA,ROAD,3,22.0