,accident_type,day_of_week,dca_code,road_geometry,light_condition,speed_zone,severity,node_type,deg_urban_name,road_type,month,hour
129029,1,1,120,5,9,60.0,0,N,RURAL_VICTORIA,ROAD,2,12.0
129030,1,5,133,4,1,60.0,0,I,MELB_URBAN,RAMP,3,11.0
129031,1,5,113,1,1,70.0,0,I,MELB_URBAN,ROAD,3,11.0
129032,1,4,133,5,1,60.0,0,N,MELB_URBAN,STREET,3,8.0
129033,1,4,130,5,1,100.0,0,N,MELB_URBAN,FREEWAY,3,8.0
129034,1,1,133,5,2,50.0,0,N,MELB_URBAN,STREET,2,5.0
129035,8,4,174,2,1,60.0,0,I,MELB_URBAN,ROAD,3,11.0
129036,1,5,121,2,1,60.0,0,I,MELB_URBAN,STREET,3,8.0
129037,1,6,130,5,1,60.0,0,N,MELB_URBAN,ROAD,3,11.0
129038,1,3,99,5,1,60.0,0,N,MELB_URBAN,STREET,3,16.0
129039,1,7,130,1,1,60.0,0,N,MELB_URBAN,STREET,2,17.0
129040,1,5,110,4,1,50.0,0,I,SMALL_CITIES,ROAD,3,13.0
129041,1,3,99,1,1,60.0,0,I,MELB_URBAN,HIGHWAY,3,16.0
129042,1,2,130,5,2,60.0,0,N,MELB_URBAN,ROAD,3,6.0
129043,2,5,99,5,1,50.0,0,N,MELB_URBAN,AVENUE,3,11.0
129044,1,5,132,2,1,60.0,0,I,MELB_URBAN,ROAD,3,8.0
129045,5,1,99,5,1,80.0,0,N,RURAL_VICTORIA,ROAD,3,11.0
129046,4,5,183,5,1,60.0,0,N,LARGE_PROVINCIAL_CITIES,ROAD,3,13.0
129047,1,4,99,5,1,40.0,0,I,SMALL_CITIES,STREET,3,15.0
129048,1,5,120,5,1,80.0,0,N,TOWNS,ROAD,3,16.0
129049,1,5,110,1,1,50.0,0,I,MELB_URBAN,STREET,12,19.0
129050,6,5,184,5,1,80.0,0,N,MELB_URBAN,ROAD,3,15.0
129051,6,5,174,5,1,60.0,0,N,TOWNS,ROAD,3,17.0
129052,1,5,120,5,1,70.0,0,N,RURAL_VICTORIA,ROAD,3,13.0
129053,3,5,167,5,1,50.0,0,N,MELB_URBAN,AVENUE,3,17.0
129054,4,5,171,5,1,50.0,0,N,MELB_URBAN,STREET,3,18.0
129055,6,2,174,1,1,60.0,0,N,MELB_URBAN,DRIVE,3,17.0
129056,4,5,171,5,1,110.0,0,N,RURAL_VICTORIA,FREEWAY,3,18.0
129057,7,0,99,5,1,60.0,0,N,MELB_URBAN,ROAD,3,13.0
129058,1,4,135,1,1,60.0,0,I,MELB_URBAN,STREET,3,10.0
129059,1,5,113,1,1,70.0,0,I,MELB_URBAN,ROAD,3,18.0
129060,4,1,173,5,1,60.0,0,N,MELB_URBAN,ROAD,3,18.0
129061,1,5,130,5,1,60.0,0,N,MELB_URBAN,ROAD,3,16.0
129062,2,5,99,5,3,50.0,0,N,MELB_URBAN,STREET,3,21.0
129063,1,5,110,1,1,40.0,0,I,MELB_URBAN,STREET,3,16.0
129064,1,5,130,2,1,80.0,0,I,MELB_URBAN,ROAD,3,14.0
129065,1,5,110,1,3,80.0,0,I,RURAL_VICTORIA,ROAD,3,23.0
129066,1,5,130,2,3,60.0,0,I,MELB_URBAN,ROAD,3,23.0
129067,1,5,121,1,3,60.0,0,I,MELB_URBAN,ROAD,3,23.0
129068,4,5,171,5,3,70.0,0,N,LARGE_PROVINCIAL_CITIES,HIGHWAY,3,2.0
129069,1,5,160,5,1,60.0,0,N,MELB_URBAN,STREET,5,8.0
129070,1,1,130,5,3,100.0,0,N,MELB_URBAN,FREEWAY,3,5.0
129071,1,6,110,1,1,60.0,0,I,SMALL_CITIES,STREET,2,11.0
129072,2,6,102,1,1,60.0,0,N,LARGE_PROVINCIAL_CITIES,ROAD,3,7.0
129073,1,0,130,1,1,60.0,0,N,MELB_URBAN,STREET,1,12.0
129074,6,5,174,5,5,100.0,0,N,RURAL_VICTORIA,HIGHWAY,3,20.0
129075,1,6,120,5,5,100.0,0,N,RURAL_VICTORIA,ROAD,3,6.0
129076,1,6,99,2,1,60.0,0,N,SMALL_CITIES,DRIVE,3,8.0
129077,3,6,167,5,1,60.0,0,N,RURAL_VICTORIA,ROAD,3,10.0
129078,4,2,173,5,1,100.0,0,N,RURAL_VICTORIA,ROAD,3,18.0
129079,2,6,102,1,1,60.0,0,N,SMALL_CITIES,AVENUE,3,8.0
129080,1,2,130,5,1,60.0,0,N,MELB_URBAN,ROAD,2,17.0
129081,1,6,110,1,1,50.0,0,I,TOWNS,STREET,3,10.0
129082,1,1,132,1,1,60.0,0,I,MELB_URBAN,ROAD,2,18.0
129083,1,6,135,5,1,80.0,0,N,MELB_URBAN,ROAD,3,7.0
129084,6,6,99,5,1,50.0,0,N,MELB_URBAN,ROAD,3,9.0
129085,1,6,113,1,1,60.0,0,I,LARGE_PROVINCIAL_CITIES,STREET,3,12.0
129086,4,5,181,5,5,100.0,0,N,RURAL_VICTORIA,ROAD,3,22.0
129087,1,6,99,4,1,40.0,0,I,LARGE_PROVINCIAL_CITIES,STREET,3,7.0
129088,1,5,160,5,1,50.0,0,N,SMALL_CITIES,STREET,3,8.0
129089,1,5,160,5,1,50.0,0,N,MELB_URBAN,ROAD,3,10.0
129090,6,2,184,5,9,80.0,0,N,MELB_URBAN,RAMP,3,14.0
129091,1,5,99,2,1,60.0,0,I,LARGE_PROVINCIAL_CITIES,ROAD,3,9.0
129092,1,6,133,5,1,60.0,0,N,MELB_URBAN,ROAD,3,11.0
129093,1,6,130,4,1,60.0,0,N,MELB_URBAN,FREEWAY,3,13.0
129094,1,5,99,5,1,40.0,0,N,MELB_URBAN,HIGHWAY,3,11.0
129095,1,5,113,4,1,60.0,0,I,RURAL_VICTORIA,STREET,3,13.0
129096,1,4,110,1,2,60.0,0,I,SMALL_CITIES,STREET,2,7.0
129097,1,0,130,1,1,60.0,0,I,TOWNS,ROAD,12,14.0
129098,1,6,130,5,1,60.0,0,N,MELB_URBAN,HIGHWAY,3,12.0
129099,4,6,181,5,1,100.0,0,N,RURAL_VICTORIA,ROAD,3,12.0
129100,1,6,121,5,1,80.0,0,N,RURAL_VICTORIA,ROAD,3,11.0
129101,1,5,99,2,1,50.0,0,I,MELB_URBAN,ROAD,3,17.0
129102,1,5,130,5,1,80.0,0,N,MELB_URBAN,HIGHWAY,2,13.0
129103,8,2,170,1,1,60.0,0,I,MELB_URBAN,ROAD,2,17.0
129104,4,6,173,5,1,80.0,0,N,LARGE_PROVINCIAL_CITIES,HIGHWAY,3,13.0
129105,1,3,130,5,1,80.0,0,N,MELB_URBAN,ROAD,3,17.0
129106,4,1,171,5,1,60.0,0,N,SMALL_CITIES,ROAD,2,7.0
129107,1,5,110,1,1,60.0,0,I,TOWNS,STREET,3,15.0
129108,6,6,99,5,1,60.0,0,N,RURAL_VICTORIA,ROAD,11,10.0
129109,1,4,147,5,1,60.0,0,N,MELB_URBAN,ROAD,3,15.0
129110,1,5,110,1,9,40.0,0,I,MELB_URBAN,STREET,3,9.0
129111,1,5,110,1,1,80.0,0,I,SMALL_CITIES,ROAD,3,15.0
129112,1,6,110,1,1,60.0,0,I,TOWNS,ROAD,3,17.0
129113,1,2,99,1,1,60.0,0,I,MELB_URBAN,AVENUE,3,18.0
129114,4,2,173,1,1,60.0,0,N,MELB_URBAN,ROAD,3,18.0
129115,4,7,99,2,3,50.0,0,I,TOWNS,STREET,2,1.0
129116,1,6,121,2,1,60.0,0,I,MELB_URBAN,HIGHWAY,3,16.0
129117,4,6,173,5,1,100.0,0,I,RURAL_VICTORIA,ROAD,3,15.0
129118,1,5,110,1,1,60.0,0,I,MELB_URBAN,ROAD,3,13.0
129119,2,6,99,5,1,40.0,0,N,MELB_URBAN,ROAD,3,15.0
129120,1,5,130,2,1,80.0,0,N,MELB_URBAN,ROAD,3,16.0
129121,1,5,130,5,1,100.0,0,N,MELB_URBAN,UNKNOWN,3,17.0
129122,1,5,113,1,1,80.0,0,N,MELB_URBAN,OTHER,3,15.0
129123,1,6,121,2,1,60.0,0,I,LARGE_PROVINCIAL_CITIES,ROAD,3,16.0
129124,1,4,110,1,1,50.0,0,I,SMALL_CITIES,ROAD,2,17.0
129125,1,6,132,5,1,80.0,0,N,MELB_URBAN,ROAD,3,16.0
129126,1,5,130,5,1,40.0,0,N,MELB_URBAN,HIGHWAY,3,15.0
129127,6,6,174,5,1,70.0,0,N,MELB_URBAN,ROAD,3,18.0
129128,1,2,133,5,6,80.0,0,N,MELB_URBAN,HIGHWAY,3,22.0
129129,1,6,99,5,2,100.0,0,N,MELB_URBAN,ROAD,3,18.0
129130,1,6,130,5,1,80.0,0,N,MELB_URBAN,HIGHWAY,3,17.0
129131,1,6,135,5,2,100.0,0,N,MELB_URBAN,ROAD,3,19.0
129132,1,4,99,2,1,40.0,0,N,MELB_URBAN,ROAD,2,13.0
129133,4,5,173,5,1,50.0,0,N,MELB_URBAN,ROAD,3,18.0
129134,1,6,121,2,5,60.0,0,I,MELB_URBAN,STREET,3,20.0
129135,6,6,174,5,1,80.0,0,N,RURAL_VICTORIA,ROAD,3,16.0
129136,4,6,183,5,5,60.0,0,N,LARGE_PROVINCIAL_CITIES,ROAD,3,22.0
129137,4,6,99,5,3,40.0,0,N,MELB_URBAN,STREET,3,21.0
129138,4,7,171,5,3,70.0,0,N,MELB_URBAN,OTHER,3,0.0
129139,1,7,130,5,3,100.0,0,N,MELB_URBAN,FREEWAY,3,3.0
129140,1,7,113,2,1,70.0,0,I,MELB_URBAN,ROAD,2,12.0
129141,4,5,171,5,1,100.0,0,N,RURAL_VICTORIA,HIGHWAY,3,18.0
129142,1,1,130,2,1,80.0,0,N,MELB_URBAN,ROAD,2,12.0
129143,1,6,121,5,1,60.0,0,N,MELB_URBAN,STREET,3,14.0
129144,1,6,113,2,1,60.0,0,I,MELB_URBAN,ROAD,3,7.0
129145,5,6,99,5,2,60.0,0,N,RURAL_VICTORIA,ROAD,3,18.0
129146,1,7,121,1,1,60.0,0,I,MELB_URBAN,ROAD,3,9.0
129147,1,7,99,2,1,60.0,0,N,MELB_URBAN,ROAD,3,9.0
129148,1,7,147,5,1,60.0,0,I,MELB_URBAN,ROAD,3,10.0
129149,1,6,160,5,2,60.0,0,N,MELB_URBAN,ROAD,3,6.0
129150,1,0,130,5,1,60.0,0,N,MELB_URBAN,ROAD,3,14.0
129151,4,1,99,2,1,60.0,0,I,RURAL_VICTORIA,HIGHWAY,3,16.0
129152,2,4,102,1,6,30.0,0,N,MELB_URBAN,ROAD,3,21.0
129153,1,4,130,5,1,80.0,0,N,MELB_URBAN,HIGHWAY,2,17.0
129154,1,2,132,1,1,60.0,0,I,MELB_URBAN,ROAD,3,17.0
129155,1,6,135,5,5,100.0,0,N,RURAL_VICTORIA,HIGHWAY,3,5.0
129156,4,7,183,5,9,100.0,0,N,RURAL_VICTORIA,ROAD,3,6.0
129157,1,7,140,5,1,70.0,0,N,TOWNS,HIGHWAY,3,12.0
129158,2,6,102,5,1,60.0,0,N,MELB_URBAN,ROAD,3,14.0
129159,4,6,183,5,1,80.0,0,N,MELB_URBAN,UNKNOWN,3,7.0
129160,2,7,102,1,1,50.0,0,I,MELB_URBAN,ROAD,3,10.0
129161,1,6,121,4,1,80.0,0,I,MELB_URBAN,HIGHWAY,2,9.0
129162,2,5,102,5,1,40.0,0,N,MELB_URBAN,STREET,3,5.0
129163,1,6,110,1,1,50.0,0,I,SMALL_CITIES,STREET,3,15.0
129164,1,6,120,5,3,60.0,0,N,MELB_URBAN,AVENUE,3,22.0
129165,4,7,181,5,1,60.0,0,N,RURAL_VICTORIA,ROAD,3,14.0
129166,4,7,171,5,1,60.0,0,N,RURAL_VICTORIA,ROAD,3,15.0
129167,1,6,130,1,1,60.0,0,N,MELB_URBAN,OTHER,3,15.0
129168,1,7,99,5,1,80.0,0,N,LARGE_PROVINCIAL_CITIES,ROAD,3,11.0
129169,4,6,183,5,1,100.0,0,N,RURAL_VICTORIA,ROAD,3,14.0
129170,4,7,183,5,1,100.0,0,N,RURAL_VICTORIA,HIGHWAY,3,16.0
129171,4,7,173,5,2,100.0,0,I,RURAL_VICTORIA,FREEWAY,3,18.0
129172,1,6,160,5,1,50.0,0,N,MELB_URBAN,STREET,3,16.0
129173,4,6,171,5,9,60.0,0,N,SMALL_CITIES,STREET,3,8.0
129174,1,5,130,2,1,80.0,0,I,MELB_URBAN,HIGHWAY,3,12.0
129175,4,7,171,2,1,60.0,0,I,MELB_URBAN,STREET,3,16.0
129176,1,7,121,2,3,60.0,0,I,SMALL_CITIES,ROAD,3,21.0
129177,4,7,171,5,5,80.0,0,N,MELB_URBAN,FREEWAY,3,21.0
129178,1,7,120,5,5,60.0,0,N,MELB_URBAN,ROAD,3,19.0
129179,4,7,173,2,1,60.0,0,N,TOWNS,OTHER,3,17.0
129180,6,6,99,5,5,60.0,0,N,RURAL_VICTORIA,ROAD,3,20.0
129181,1,0,121,1,3,60.0,0,I,MELB_URBAN,STREET,3,1.0
129182,6,7,174,5,3,80.0,0,N,MELB_URBAN,HIGHWAY,3,23.0
129183,4,1,171,5,3,80.0,0,N,MELB_URBAN,ROAD,3,4.0
129184,4,1,173,5,3,60.0,0,N,MELB_URBAN,ROAD,3,5.0
129185,1,7,121,5,1,80.0,0,N,MELB_URBAN,ROAD,2,12.0
129186,1,2,130,5,1,60.0,0,N,MELB_URBAN,ROAD,3,16.0
129187,8,6,174,1,1,50.0,0,I,MELB_URBAN,STREET,3,13.0
129188,7,7,99,5,1,60.0,0,N,MELB_URBAN,STREET,3,11.0
129189,1,1,121,1,1,60.0,0,I,MELB_URBAN,ROAD,3,11.0
129190,1,5,130,5,1,80.0,0,N,MELB_URBAN,OTHER,3,14.0
129191,1,1,99,1,1,60.0,0,I,MELB_URBAN,ROAD,3,6.0
129192,8,1,174,5,1,50.0,0,N,MELB_URBAN,DRIVE,3,12.0
129193,1,1,121,4,2,60.0,0,N,SMALL_CITIES,DRIVE,3,6.0
129194,1,7,121,4,3,80.0,0,N,MELB_URBAN,ROAD,3,19.0
129195,1,1,147,2,1,50.0,0,N,MELB_URBAN,ROAD,3,12.0
129196,1,1,121,1,1,60.0,0,I,RURAL_VICTORIA,ROAD,3,12.0
129197,1,5,99,5,1,80.0,0,N,MELB_URBAN,ROAD,3,14.0
129198,1,1,99,5,1,50.0,0,N,MELB_URBAN,BOULEVARD,3,14.0
129199,1,1,140,2,1,60.0,0,I,MELB_URBAN,ROAD,3,13.0
129200,1,1,120,5,1,60.0,0,N,RURAL_VICTORIA,ROAD,3,12.0
129201,1,1,140,5,1,80.0,0,N,RURAL_VICTORIA,ROAD,3,13.0
129202,1,0,116,1,1,50.0,0,N,TOWNS,STREET,3,14.0
129203,1,1,130,5,1,60.0,0,N,MELB_URBAN,ROAD,3,15.0
129204,1,4,140,5,1,80.0,0,N,LARGE_PROVINCIAL_CITIES,STREET,3,11.0
129205,6,5,184,2,1,60.0,0,I,MELB_URBAN,ROAD,3,15.0
129206,1,1,130,5,1,60.0,0,N,LARGE_PROVINCIAL_CITIES,ROAD,3,13.0
129207,1,1,113,1,1,70.0,0,I,MELB_URBAN,DRIVE,3,16.0
129208,1,1,132,2,1,60.0,0,N,TOWNS,ROAD,3,16.0
129209,1,1,110,1,1,100.0,0,I,MELB_URBAN,ROAD,3,16.0
129210,1,7,132,1,2,60.0,0,N,MELB_URBAN,ROAD,2,19.0
129211,1,1,110,1,1,60.0,0,I,SMALL_CITIES,ROAD,3,17.0
129212,1,1,99,4,1,50.0,0,N,MELB_URBAN,RAMP,3,15.0
129213,4,1,171,5,1,100.0,1,N,RURAL_VICTORIA,ROAD,3,15.0
129214,1,1,116,2,1,70.0,0,I,MELB_URBAN,HIGHWAY,3,18.0
129215,1,6,99,1,9,60.0,0,N,MELB_URBAN,STREET,3,11.0
129216,1,2,130,2,1,80.0,0,N,MELB_URBAN,ROAD,3,12.0
129217,1,1,130,5,1,100.0,0,N,MELB_URBAN,FREEWAY,2,16.0
129218,1,1,121,2,1,70.0,0,I,MELB_URBAN,ROAD,3,7.0
129219,1,3,130,5,1,80.0,0,N,MELB_URBAN,HIGHWAY,1,12.0
129220,1,1,130,5,1,80.0,0,N,MELB_URBAN,RAMP,3,8.0
129221,2,2,102,2,1,50.0,0,I,MELB_URBAN,ROAD,3,8.0
129222,1,1,147,5,1,60.0,0,N,LARGE_PROVINCIAL_CITIES,ROAD,2,16.0
129223,1,6,130,1,1,70.0,0,N,LARGE_PROVINCIAL_CITIES,ROAD,3,14.0
129224,1,7,130,5,1,60.0,0,N,LARGE_PROVINCIAL_CITIES,STREET,3,13.0
129225,1,2,147,5,1,60.0,0,I,MELB_URBAN,ROAD,3,8.0
129226,1,2,121,1,1,40.0,0,I,MELB_URBAN,STREET,2,11.0
129227,5,0,99,5,1,100.0,0,N,RURAL_VICTORIA,ROAD,2,16.0
129228,1,2,130,5,1,60.0,0,N,LARGE_PROVINCIAL_CITIES,HIGHWAY,3,13.0
129229,4,2,181,5,1,80.0,0,N,RURAL_VICTORIA,ROAD,3,12.0
129230,1,2,135,5,1,80.0,0,N,MELB_URBAN,DRIVE,3,8.0
129231,1,5,163,5,1,60.0,0,N,MELB_URBAN,ROAD,3,17.0
129232,1,7,110,1,1,40.0,0,I,LARGE_PROVINCIAL_CITIES,STREET,3,16.0
129233,1,2,99,2,1,60.0,0,I,MELB_URBAN,ROAD,2,16.0
129234,6,7,99,5,1,80.0,0,N,RURAL_VICTORIA,ROAD,3,13.0
129235,1,2,130,5,1,100.0,0,N,RURAL_VICTORIA,FREEWAY,3,14.0
129236,1,2,130,2,1,60.0,0,I,MELB_URBAN,ROAD,3,13.0
129237,4,1,173,5,1,60.0,0,N,RURAL_VICTORIA,DRIVE,3,18.0
129238,1,2,130,5,1,80.0,0,I,MELB_URBAN,HIGHWAY,3,12.0
129239,1,2,140,1,1,80.0,0,N,MELB_URBAN,HIGHWAY,3,13.0
129240,2,2,102,2,1,50.0,0,N,MELB_URBAN,STREET,3,15.0
129241,1,2,147,5,1,60.0,0,N,LARGE_PROVINCIAL_CITIES,AVENUE,3,15.0
129242,1,2,110,1,1,110.0,0,I,RURAL_VICTORIA,FREEWAY,3,13.0
129243,1,4,132,2,1,60.0,0,N,MELB_URBAN,ROAD,3,16.0
129244,1,0,110,1,9,60.0,0,N,MELB_URBAN,BOULEVARD,3,19.0
129245,1,1,130,5,1,80.0,0,N,MELB_URBAN,ROAD,3,17.0
129246,1,2,130,5,1,60.0,0,N,TOWNS,STREET,3,16.0
129247,2,2,102,5,1,60.0,0,N,MELB_URBAN,ROAD,3,17.0
129248,4,1,171,5,1,100.0,0,N,RURAL_VICTORIA,OTHER,3,11.0
129249,1,2,130,5,9,60.0,0,N,MELB_URBAN,ROAD,1,16.0
129250,8,0,174,5,1,60.0,0,N,MELB_URBAN,STREET,3,19.0
129251,1,2,147,5,1,50.0,0,N,SMALL_CITIES,STREET,3,17.0
129252,8,3,174,1,2,50.0,0,I,MELB_URBAN,STREET,2,19.0
129253,1,1,121,1,3,70.0,0,I,MELB_URBAN,HIGHWAY,3,22.0
129254,1,1,110,1,1,60.0,0,I,MELB_URBAN,ROAD,3,14.0
129255,2,2,100,1,3,60.0,0,I,MELB_URBAN,HIGHWAY,3,23.0
129256,4,1,171,5,3,50.0,0,N,MELB_URBAN,ROAD,3,23.0
129257,1,2,121,5,1,60.0,0,N,LARGE_PROVINCIAL_CITIES,OTHER,3,8.0
129258,6,3,170,5,5,100.0,0,N,RURAL_VICTORIA,ROAD,3,2.0
129259,1,3,130,5,9,80.0,0,N,MELB_URBAN,ROAD,1,17.0
129260,4,3,171,5,3,50.0,0,N,MELB_URBAN,STREET,3,5.0
129261,1,3,110,1,1,50.0,0,I,LARGE_PROVINCIAL_CITIES,STREET,3,8.0
129262,1,2,130,5,1,70.0,0,N,MELB_URBAN,ROAD,1,10.0
129263,1,5,130,5,1,50.0,0,N,MELB_URBAN,ROAD,3,8.0
129264,1,2,130,5,3,60.0,0,N,MELB_URBAN,STREET,3,6.0
129265,6,3,99,5,1,100.0,0,N,RURAL_VICTORIA,ROAD,3,10.0
129266,4,3,173,5,1,100.0,0,N,RURAL_VICTORIA,HIGHWAY,3,9.0
129267,1,2,111,2,1,80.0,0,N,MELB_URBAN,ROAD,3,10.0
129268,1,2,163,5,1,50.0,0,N,MELB_URBAN,STREET,3,13.0
129269,1,5,130,5,1,60.0,0,N,MELB_URBAN,ROAD,2,14.0
129270,1,3,113,2,2,60.0,0,I,MELB_URBAN,STREET,3,6.0
129271,1,1,130,9,1,80.0,0,N,RURAL_VICTORIA,ROAD,3,15.0
129272,9,2,99,5,1,80.0,0,N,MELB_URBAN,ROAD,3,16.0
129273,1,3,121,1,1,60.0,0,I,SMALL_CITIES,PARADE,3,9.0
129274,1,3,160,5,3,50.0,0,N,MELB_URBAN,UNKNOWN,3,2.0
129275,4,3,173,2,9,80.0,0,I,MELB_URBAN,ROAD,1,19.0
129276,1,4,133,5,9,60.0,0,N,MELB_URBAN,BOULEVARD,1,8.0
129277,6,3,174,5,9,60.0,0,N,MELB_URBAN,ROAD,3,7.0
129278,1,2,130,5,1,80.0,0,N,MELB_URBAN,FREEWAY,3,7.0
129279,1,2,130,5,2,60.0,0,N,MELB_URBAN,ROAD,3,19.0
129280,8,3,174,5,1,60.0,0,I,MELB_URBAN,ROAD,3,13.0
129281,1,6,130,5,9,70.0,0,N,MELB_URBAN,ROAD,3,16.0
129282,1,0,130,5,1,80.0,0,N,MELB_URBAN,ROAD,3,12.0
129283,1,4,99,2,1,40.0,0,I,RURAL_VICTORIA,DRIVE,3,18.0
129284,4,3,183,5,2,100.0,0,N,RURAL_VICTORIA,ROAD,3,6.0
129285,1,6,99,5,1,60.0,0,N,MELB_URBAN,ROAD,12,8.0
129286,1,2,99,2,1,70.0,0,I,MELB_URBAN,ROAD,3,11.0
129287,1,3,99,5,1,100.0,0,N,MELB_URBAN,FREEWAY,3,15.0
129288,1,2,99,5,1,40.0,0,N,MELB_URBAN,ROAD,3,15.0
129289,1,7,116,1,1,60.0,0,I,MELB_URBAN,ROAD,3,12.0
129290,1,3,130,5,9,60.0,0,N,MELB_URBAN,RAMP,3,17.0
129291,1,3,99,5,1,50.0,0,N,MELB_URBAN,AVENUE,3,16.0
129292,2,2,100,5,1,50.0,0,N,TOWNS,STREET,3,17.0
129293,1,3,99,1,1,60.0,0,I,SMALL_CITIES,ROAD,3,10.0
129294,6,3,174,2,1,70.0,0,I,TOWNS,HIGHWAY,3,16.0
129295,1,3,130,5,1,60.0,0,N,LARGE_PROVINCIAL_CITIES,STREET,3,17.0
129296,1,2,121,2,1,70.0,0,I,MELB_URBAN,ROAD,3,16.0
129297,1,1,130,5,9,60.0,0,N,MELB_URBAN,HIGHWAY,3,16.0
129298,1,3,121,1,1,80.0,0,I,MELB_URBAN,ROAD,3,16.0
129299,1,6,133,1,9,40.0,0,I,MELBOURNE_CBD,STREET,3,14.0
129300,4,2,171,5,1,100.0,0,I,RURAL_VICTORIA,HIGHWAY,3,17.0
129301,1,2,99,2,1,40.0,0,I,MELB_URBAN,STREET,3,8.0
129302,1,5,130,5,2,40.0,0,N,MELB_URBAN,RAMP,1,21.0
129303,4,2,171,5,2,100.0,0,N,RURAL_VICTORIA,HIGHWAY,3,19.0
129304,1,3,121,2,1,80.0,0,N,MELB_URBAN,STREET,3,17.0
129305,4,4,183,5,1,60.0,0,N,RURAL_VICTORIA,ROAD,1,14.0
129306,4,3,171,5,3,60.0,0,N,MELB_URBAN,ROAD,3,19.0
129307,4,3,171,5,3,60.0,0,N,LARGE_PROVINCIAL_CITIES,ROAD,3,20.0
129308,2,3,102,5,3,60.0,0,N,MELB_URBAN,STREET,3,21.0
129309,4,3,99,2,3,60.0,0,I,MELB_URBAN,DRIVE,3,21.0
129310,1,3,130,5,1,80.0,0,N,MELB_URBAN,FREEWAY,3,16.0
129311,6,4,174,5,3,60.0,0,N,MELB_URBAN,STREET,3,0.0
129312,8,5,99,5,1,70.0,0,N,MELB_URBAN,ROAD,1,10.0
129313,1,5,130,5,1,60.0,0,N,LARGE_PROVINCIAL_CITIES,ROAD,3,14.0
129314,1,4,113,1,5,100.0,0,I,RURAL_VICTORIA,HIGHWAY,3,5.0
129315,1,7,99,5,1,60.0,0,N,MELB_URBAN,ROAD,3,13.0
129316,2,6,99,1,1,60.0,0,N,MELB_URBAN,ROAD,3,16.0
129317,1,3,99,5,1,60.0,0,N,MELBOURNE_CBD,STREET,3,17.0
129318,6,4,99,2,1,50.0,0,I,MELB_URBAN,AVENUE,3,9.0
129319,2,3,100,1,1,40.0,0,N,MELB_URBAN,OTHER,3,9.0
129320,1,2,132,2,9,60.0,0,I,MELB_URBAN,ROAD,3,16.0
129321,1,4,140,2,1,40.0,0,I,MELB_URBAN,STREET,3,7.0
129322,1,3,116,2,1,80.0,0,I,SMALL_CITIES,ROAD,3,7.0
129323,1,3,130,2,1,60.0,0,N,SMALL_CITIES,HIGHWAY,3,8.0
129324,1,4,160,5,1,50.0,0,N,MELB_URBAN,DRIVE,3,10.0
129325,1,4,135,4,1,100.0,0,I,MELB_URBAN,ROAD,3,8.0
129326,1,4,111,2,1,80.0,0,I,RURAL_VICTORIA,ROAD,2,14.0
129327,1,4,99,5,1,60.0,0,N,MELB_URBAN,UNKNOWN,3,11.0
129328,1,1,147,5,1,50.0,0,N,SMALL_CITIES,STREET,3,13.0
129329,1,2,130,5,1,80.0,0,N,MELB_URBAN,FREEWAY,3,18.0
129330,1,3,110,1,1,60.0,0,I,MELB_URBAN,ROAD,3,9.0
129331,1,4,130,5,1,40.0,0,N,MELBOURNE_CBD,STREET,2,11.0
129332,1,4,130,1,1,80.0,0,N,MELB_URBAN,DRIVE,3,12.0
129333,1,1,134,5,1,60.0,0,N,MELB_URBAN,ROAD,3,16.0
129334,1,5,99,5,9,60.0,0,N,MELB_URBAN,ROAD,3,17.0
129335,1,4,130,5,9,80.0,0,N,RURAL_VICTORIA,ROAD,3,12.0
129336,1,4,130,2,1,50.0,0,I,MELB_URBAN,ROAD,3,12.0
129337,1,6,130,5,9,60.0,0,N,MELB_URBAN,ROAD,3,13.0
129338,4,4,173,5,1,70.0,0,N,MELB_URBAN,ROAD,3,15.0
129339,1,4,111,2,1,80.0,0,I,MELB_URBAN,ROAD,3,14.0
129340,4,4,173,5,1,100.0,0,N,RURAL_VICTORIA,ROAD,3,13.0
129341,8,4,174,1,9,100.0,0,I,RURAL_VICTORIA,ROAD,11,17.0
129342,1,5,130,2,1,80.0,0,N,MELB_URBAN,STREET,3,17.0
129343,4,4,171,5,2,110.0,0,N,RURAL_VICTORIA,FREEWAY,3,18.0
129344,1,3,134,5,1,80.0,0,N,MELB_URBAN,RAMP,3,14.0
129345,1,4,110,1,1,60.0,0,I,SMALL_CITIES,ROAD,3,15.0
129346,1,4,113,2,1,80.0,0,I,MELB_URBAN,HIGHWAY,3,15.0
129347,1,2,132,1,1,60.0,0,N,MELB_URBAN,DRIVE,3,13.0
129348,1,4,113,2,1,80.0,0,I,MELB_URBAN,ROAD,3,17.0
129349,1,3,110,1,1,50.0,0,I,MELB_URBAN,DRIVE,3,17.0
129350,1,4,121,1,1,60.0,0,I,MELB_URBAN,ROAD,3,17.0
129351,1,4,110,1,1,60.0,0,I,LARGE_PROVINCIAL_CITIES,STREET,3,17.0
129352,1,3,121,2,2,60.0,0,I,MELB_URBAN,ROAD,3,19.0
129353,6,7,174,5,1,60.0,0,N,MELB_URBAN,PARADE,3,12.0
129354,1,4,99,2,1,50.0,0,N,LARGE_PROVINCIAL_CITIES,OTHER,3,18.0