,accident_type,day_of_week,dca_code,road_geometry,light_condition,speed_zone,severity,node_type,deg_urban_name,road_type,month,hour
129355,2,4,102,5,1,50.0,0,N,MELB_URBAN,AVENUE,3,18.0
129356,4,3,173,2,3,80.0,0,I,MELB_URBAN,ROAD,3,23.0
129357,1,4,113,2,1,80.0,0,I,RURAL_VICTORIA,ROAD,3,17.0
129358,1,6,140,2,9,60.0,0,I,MELB_URBAN,STREET,3,18.0
129359,4,4,173,5,5,80.0,0,N,RURAL_VICTORIA,ROAD,3,20.0
129360,1,5,160,5,1,50.0,0,N,MELB_URBAN,DRIVE,3,16.0
129361,2,5,102,2,1,40.0,0,I,MELB_URBAN,STREET,3,16.0
129362,1,4,160,5,3,60.0,0,N,SMALL_CITIES,AVENUE,3,20.0
129363,1,4,110,1,3,50.0,0,I,MELB_URBAN,ROAD,3,23.0
129364,1,4,120,5,1,60.0,0,N,RURAL_VICTORIA,ROAD,3,7.0
129365,2,4,99,5,3,50.0,0,N,MELB_URBAN,ROAD,3,0.0
129366,8,4,174,5,3,60.0,0,N,MELB_URBAN,STREET,3,23.0
129367,1,1,130,5,1,50.0,0,N,LARGE_PROVINCIAL_CITIES,STREET,2,16.0
129368,1,4,130,5,1,60.0,0,N,MELB_URBAN,ROAD,3,11.0
129369,1,4,113,2,1,60.0,0,I,TOWNS,ROAD,3,8.0
129370,1,4,130,5,1,60.0,0,O,RURAL_VICTORIA,UNKNOWN,3,7.0
129371,4,4,183,5,2,80.0,0,N,MELB_URBAN,RAMP,3,6.0
129372,1,4,130,5,1,70.0,0,N,MELB_URBAN,HIGHWAY,3,9.0
129373,1,3,99,2,1,60.0,0,I,MELB_URBAN,ROAD,3,17.0
129374,1,3,99,1,1,70.0,0,N,RURAL_VICTORIA,ROAD,3,10.0
129375,1,2,130,1,1,80.0,0,N,MELB_URBAN,DRIVE,3,14.0
129376,1,5,110,1,1,100.0,0,I,RURAL_VICTORIA,STREET,3,8.0
129377,1,4,130,2,1,60.0,0,I,LARGE_PROVINCIAL_CITIES,STREET,3,11.0
129378,2,5,102,5,1,60.0,0,N,TOWNS,ROAD,3,12.0
129379,1,5,130,5,2,40.0,0,N,MELB_URBAN,ROAD,3,18.0
129380,6,5,99,5,1,80.0,0,N,RURAL_VICTORIA,ROAD,3,10.0
129381,8,6,174,5,1,50.0,0,N,MELB_URBAN,OTHER,3,18.0
129382,1,5,99,2,1,40.0,0,I,MELB_URBAN,STREET,2,9.0
129383,1,5,171,5,1,60.0,0,N,LARGE_PROVINCIAL_CITIES,STREET,3,13.0
129384,1,1,99,1,1,60.0,0,I,MELB_URBAN,STREET,3,16.0
129385,1,5,110,1,1,60.0,0,I,MELB_URBAN,ROAD,3,13.0
129386,8,5,174,5,1,80.0,0,N,RURAL_VICTORIA,ROAD,3,12.0
129387,8,0,99,2,1,60.0,0,I,LARGE_PROVINCIAL_CITIES,OTHER,12,14.0
129388,1,1,130,1,5,80.0,0,I,RURAL_VICTORIA,ROAD,3,21.0
129389,6,5,174,5,1,100.0,0,N,RURAL_VICTORIA,ROAD,3,13.0
129390,8,4,99,5,9,60.0,0,N,MELB_URBAN,STREET,2,17.0
129391,6,1,184,5,1,100.0,0,N,RURAL_VICTORIA,ROAD,2,9.0
129392,1,5,113,1,1,100.0,1,I,RURAL_VICTORIA,FREEWAY,3,10.0
129393,1,5,111,2,1,60.0,0,N,MELB_URBAN,STREET,3,15.0
129394,1,4,133,5,1,60.0,0,N,MELB_URBAN,ROAD,3,16.0
129395,1,4,99,5,1,60.0,0,N,MELB_URBAN,RAMP,3,11.0
129396,4,0,181,5,1,100.0,0,N,RURAL_VICTORIA,ROAD,3,13.0
129397,1,5,130,5,1,50.0,0,N,MELB_URBAN,ROAD,3,16.0
129398,6,6,174,5,9,60.0,0,N,MELB_URBAN,ROAD,1,19.0
129399,1,5,121,5,1,80.0,0,N,MELB_URBAN,ROAD,3,16.0
129400,1,5,121,2,1,60.0,0,I,MELB_URBAN,ROAD,3,16.0
129401,1,4,99,2,2,50.0,0,I,RURAL_VICTORIA,BOULEVARD,3,17.0
129402,1,5,113,2,1,70.0,0,I,MELB_URBAN,ROAD,3,16.0
129403,1,5,130,5,1,80.0,0,N,MELB_URBAN,HIGHWAY,3,17.0
129404,1,5,130,5,1,60.0,0,N,LARGE_PROVINCIAL_CITIES,STREET,3,16.0
129405,1,5,99,2,1,50.0,0,N,MELB_URBAN,UNKNOWN,3,16.0
129406,1,6,140,1,3,80.0,0,N,MELB_URBAN,ROAD,2,22.0
129407,1,5,130,2,1,60.0,0,N,MELB_URBAN,AVENUE,3,16.0
129408,1,5,110,1,1,100.0,1,I,RURAL_VICTORIA,ROAD,3,14.0
129409,8,4,174,3,1,60.0,0,I,RURAL_VICTORIA,ROAD,3,16.0
129410,1,2,130,5,1,100.0,0,N,MELB_URBAN,FREEWAY,3,7.0
129411,1,3,110,1,1,60.0,0,I,LARGE_PROVINCIAL_CITIES,STREET,3,11.0
129412,1,5,113,2,1,60.0,0,I,RURAL_VICTORIA,ROAD,3,15.0
129413,1,1,99,2,1,60.0,0,I,MELB_URBAN,ROAD,2,13.0
129414,1,5,99,1,1,50.0,0,I,MELB_URBAN,ROAD,3,16.0
129415,1,5,121,5,1,50.0,0,I,MELB_URBAN,ROAD,3,16.0
129416,6,5,170,5,2,60.0,0,N,RURAL_VICTORIA,ROAD,3,18.0
129417,1,5,130,5,1,60.0,0,N,MELB_URBAN,ROAD,3,15.0
129418,2,5,102,5,3,70.0,0,N,MELB_URBAN,PARADE,3,20.0
129419,1,3,130,5,1,60.0,0,N,MELB_URBAN,ROAD,3,16.0
129420,1,5,99,5,1,50.0,0,N,MELB_URBAN,STREET,3,18.0
129421,1,5,134,5,1,60.0,0,N,MELB_URBAN,ROAD,3,17.0
129422,1,5,113,4,2,70.0,0,I,SMALL_CITIES,HIGHWAY,3,6.0
129423,1,2,99,4,1,60.0,0,I,MELB_URBAN,PARADE,12,17.0
129424,1,4,121,1,3,60.0,0,I,MELB_URBAN,ROAD,3,20.0
129425,2,5,99,5,3,60.0,0,N,MELB_URBAN,STREET,3,23.0
129426,2,4,100,1,5,50.0,0,I,SMALL_CITIES,STREET,3,23.0
129427,1,3,110,1,3,60.0,0,I,LARGE_PROVINCIAL_CITIES,AVENUE,3,23.0
129428,2,6,102,1,1,60.0,0,I,MELB_URBAN,ROAD,3,9.0
129429,4,6,181,5,5,60.0,0,N,MELB_URBAN,ROAD,3,0.0
129430,1,6,160,5,3,80.0,0,N,MELB_URBAN,ROAD,3,4.0
129431,1,6,140,5,3,60.0,0,N,RURAL_VICTORIA,ROAD,3,5.0
129432,1,6,110,1,1,50.0,0,I,MELB_URBAN,AVENUE,3,8.0
129433,1,5,121,2,1,60.0,0,I,MELB_URBAN,ROAD,3,11.0
129434,1,4,130,2,1,60.0,0,I,LARGE_PROVINCIAL_CITIES,STREET,3,9.0
129435,4,6,173,1,1,70.0,0,I,MELB_URBAN,ROAD,3,8.0
129436,1,6,113,4,2,60.0,0,I,MELB_URBAN,FREEWAY,2,20.0
129437,1,6,147,5,1,60.0,0,N,LARGE_PROVINCIAL_CITIES,ROAD,3,11.0
129438,1,5,111,1,3,60.0,0,I,MELB_URBAN,ROAD,3,19.0
129439,1,2,130,5,1,60.0,0,N,MELB_URBAN,UNKNOWN,3,6.0
129440,1,6,99,5,1,80.0,0,N,RURAL_VICTORIA,ROAD,3,12.0
129441,1,5,130,5,1,80.0,0,N,MELB_URBAN,ROAD,3,11.0
129442,1,6,113,2,1,60.0,0,I,MELB_URBAN,ROAD,3,7.0
129443,1,4,160,1,3,40.0,0,I,MELB_URBAN,STREET,3,22.0
129444,1,1,99,1,3,60.0,0,I,MELB_URBAN,ROAD,2,19.0
129445,1,5,110,1,1,60.0,0,I,MELB_URBAN,ROAD,3,15.0
129446,1,7,147,5,1,80.0,0,N,MELB_URBAN,HIGHWAY,3,11.0
129447,5,1,99,5,1,60.0,0,N,RURAL_VICTORIA,ROAD,3,11.0
129448,1,3,99,5,9,60.0,0,N,MELB_URBAN,ROAD,3,7.0
129449,1,6,121,1,1,60.0,0,I,MELB_URBAN,ROAD,3,13.0
129450,1,6,163,5,1,40.0,0,N,MELB_URBAN,STREET,3,12.0
129451,1,6,130,5,1,50.0,0,N,MELBOURNE_CBD,STREET,3,16.0
129452,1,5,121,2,1,80.0,0,I,MELB_URBAN,HIGHWAY,3,7.0
129453,1,5,130,5,1,80.0,0,N,MELB_URBAN,RAMP,3,13.0
129454,1,7,99,2,1,50.0,0,I,MELB_URBAN,STREET,3,10.0
129455,8,7,174,5,1,60.0,0,N,MELB_URBAN,ROAD,3,9.0
129456,1,6,147,5,1,60.0,0,N,LARGE_PROVINCIAL_CITIES,ROAD,3,10.0
129457,2,6,100,5,1,50.0,0,N,SMALL_TOWNS,STREET,3,12.0
129458,1,1,135,5,9,60.0,0,N,MELB_URBAN,ROAD,3,17.0
129459,1,6,120,5,1,60.0,0,N,RURAL_VICTORIA,OTHER,3,14.0
129460,4,6,173,5,1,100.0,0,N,RURAL_VICTORIA,ROAD,3,14.0
129461,6,6,99,5,1,100.0,0,N,RURAL_VICTORIA,ROAD,3,12.0
129462,1,4,130,5,1,80.0,0,N,MELB_URBAN,FREEWAY,3,19.0
129463,1,5,130,5,1,40.0,0,N,SMALL_CITIES,STREET,3,15.0
129464,2,6,99,5,1,50.0,0,N,MELB_URBAN,DRIVE,3,16.0
129465,1,5,135,5,1,60.0,0,N,MELB_URBAN,STREET,3,15.0
129466,1,4,134,2,1,60.0,0,N,MELB_URBAN,AVENUE,3,11.0
129467,1,6,130,5,3,80.0,0,N,MELB_URBAN,OTHER,3,17.0
129468,1,6,99,2,3,60.0,0,I,MELB_URBAN,ROAD,3,19.0
129469,1,1,99,2,1,60.0,0,N,RURAL_VICTORIA,ROAD,3,13.0
129470,1,6,130,5,1,100.0,0,N,MELB_URBAN,RAMP,3,17.0
129471,1,3,130,2,1,60.0,0,I,MELB_URBAN,DRIVE,3,15.0
129472,4,6,171,5,5,110.0,0,N,RURAL_VICTORIA,FREEWAY,3,19.0
129473,1,6,130,5,1,80.0,0,N,SMALL_CITIES,HIGHWAY,3,18.0
129474,2,5,100,2,1,40.0,0,N,MELB_URBAN,STREET,3,17.0
129475,1,1,99,1,1,60.0,0,I,TOWNS,STREET,3,12.0
129476,1,5,130,5,3,80.0,0,N,MELB_URBAN,ROAD,3,22.0
129477,1,6,121,2,1,60.0,0,I,MELB_URBAN,BOULEVARD,3,18.0
129478,2,6,99,5,3,50.0,0,N,LARGE_PROVINCIAL_CITIES,OTHER,3,22.0
129479,1,6,120,5,3,60.0,0,N,SMALL_CITIES,AVENUE,3,1.0
129480,4,4,171,5,5,80.0,0,N,MELB_URBAN,ROAD,3,4.0
129481,6,7,99,5,3,60.0,0,N,SMALL_CITIES,STREET,3,0.0
129482,2,6,102,5,1,60.0,1,N,LARGE_PROVINCIAL_CITIES,ROAD,3,18.0
129483,4,6,171,2,4,50.0,0,I,SMALL_CITIES,STREET,3,4.0
129484,4,7,171,5,5,100.0,0,N,RURAL_VICTORIA,HIGHWAY,3,4.0
129485,1,6,163,5,1,50.0,0,N,MELB_URBAN,ROAD,3,8.0
129486,4,1,171,5,1,100.0,0,N,RURAL_VICTORIA,ROAD,3,17.0
129487,1,6,120,5,1,50.0,0,N,MELB_URBAN,BOULEVARD,3,10.0
129488,1,6,121,2,1,60.0,0,N,MELB_URBAN,AVENUE,3,11.0
129489,1,7,99,5,1,50.0,0,N,LARGE_PROVINCIAL_CITIES,STREET,3,11.0
129490,1,6,147,5,1,50.0,0,N,RURAL_VICTORIA,ROAD,2,9.0
129491,1,7,130,5,1,70.0,0,N,LARGE_PROVINCIAL_CITIES,ROAD,3,12.0
129492,1,7,121,2,1,50.0,0,I,TOWNS,STREET,3,12.0
129493,1,7,99,5,1,100.0,0,N,RURAL_VICTORIA,ROAD,3,13.0
129494,1,7,99,5,1,50.0,0,N,MELB_URBAN,STREET,3,13.0
129495,1,7,99,5,1,100.0,0,N,RURAL_VICTORIA,ROAD,3,13.0
129496,1,5,121,2,1,60.0,0,I,MELB_URBAN,ROAD,3,15.0
129497,4,7,181,5,1,100.0,0,N,RURAL_VICTORIA,ROAD,3,11.0
129498,2,6,100,1,1,50.0,0,I,MELB_URBAN,ROAD,3,15.0
129499,1,7,113,2,1,60.0,0,I,MELB_URBAN,ROAD,3,12.0
129500,1,7,140,5,1,60.0,0,N,TOWNS,ROAD,3,15.0
129501,1,7,116,2,1,80.0,0,I,RURAL_VICTORIA,ROAD,3,14.0
129502,1,6,130,5,1,60.0,0,N,LARGE_PROVINCIAL_CITIES,OTHER,3,14.0
129503,1,6,130,2,1,50.0,0,I,MELB_URBAN,STREET,3,13.0
129504,1,6,99,2,1,50.0,0,I,MELB_URBAN,PARADE,3,13.0
129505,1,5,130,5,1,70.0,0,N,MELB_URBAN,ROAD,2,10.0
129506,1,6,111,2,1,40.0,0,I,MELB_URBAN,STREET,3,16.0
129507,6,7,174,1,1,50.0,0,I,MELB_URBAN,DRIVE,3,14.0
129508,1,6,99,5,1,60.0,0,N,MELB_URBAN,ROAD,3,16.0
129509,1,6,113,2,1,80.0,0,I,RURAL_VICTORIA,HIGHWAY,3,18.0
129510,4,7,171,5,1,100.0,1,N,RURAL_VICTORIA,ROAD,3,15.0
129511,2,7,102,5,3,40.0,0,N,MELB_URBAN,ROAD,3,23.0
129512,4,6,171,5,5,80.0,0,N,RURAL_VICTORIA,ROAD,3,23.0
129513,2,1,99,5,3,40.0,0,N,MELBOURNE_CBD,STREET,3,2.0
129514,1,3,130,5,2,100.0,0,N,RURAL_VICTORIA,FREEWAY,3,5.0
129515,4,5,173,2,3,60.0,0,I,MELB_URBAN,ROAD,1,5.0
129516,1,1,121,2,2,70.0,0,I,MELB_URBAN,ROAD,3,6.0
129517,2,7,99,5,3,50.0,0,N,TOWNS,STREET,3,20.0
129518,1,3,110,1,1,60.0,0,I,TOWNS,STREET,3,17.0
129519,8,1,174,2,1,40.0,0,N,MELB_URBAN,STREET,3,9.0
129520,6,0,99,5,1,60.0,0,N,RURAL_VICTORIA,STREET,3,8.0
129521,1,2,147,5,9,60.0,0,N,MELB_URBAN,STREET,3,11.0
129522,1,6,130,1,1,60.0,0,I,LARGE_PROVINCIAL_CITIES,OTHER,3,13.0
129523,1,2,130,1,3,80.0,0,N,MELB_URBAN,OTHER,3,22.0
129524,1,1,130,2,1,60.0,0,I,MELB_URBAN,ROAD,3,9.0
129525,4,1,171,5,6,50.0,0,N,SMALL_CITIES,STREET,3,6.0
129526,1,1,120,5,1,80.0,0,N,RURAL_VICTORIA,ROAD,3,11.0
129527,4,1,181,5,1,60.0,0,N,RURAL_VICTORIA,ROAD,3,12.0
129528,4,1,183,5,1,50.0,0,N,LARGE_PROVINCIAL_CITIES,AVENUE,3,11.0
129529,1,2,130,5,2,60.0,0,N,MELB_URBAN,STREET,3,19.0
129530,8,7,174,5,1,60.0,0,N,SMALL_CITIES,UNKNOWN,3,12.0
129531,5,1,173,2,1,100.0,0,I,RURAL_VICTORIA,ROAD,3,11.0
129532,1,1,133,4,1,70.0,0,N,SMALL_CITIES,ROAD,3,13.0
129533,6,1,174,2,1,40.0,0,N,MELB_URBAN,ROAD,3,12.0
129534,6,1,99,5,1,100.0,0,N,MELB_URBAN,FREEWAY,3,13.0
129535,1,1,120,5,1,60.0,0,N,MELB_URBAN,STREET,3,11.0
129536,1,1,99,2,1,60.0,0,N,LARGE_PROVINCIAL_CITIES,STREET,3,14.0
129537,4,1,173,5,1,100.0,1,N,RURAL_VICTORIA,ROAD,3,12.0
129538,2,3,99,5,1,50.0,0,N,MELB_URBAN,ROAD,3,13.0
129539,1,0,160,5,1,40.0,0,N,MELB_URBAN,ROAD,3,15.0
129540,4,1,181,5,1,100.0,0,N,RURAL_VICTORIA,ROAD,3,15.0
129541,1,1,113,2,1,40.0,0,I,MELB_URBAN,OTHER,3,16.0
129542,1,6,130,5,2,70.0,0,N,MELB_URBAN,ROAD,3,19.0
129543,1,6,99,2,1,50.0,0,I,LARGE_PROVINCIAL_CITIES,DRIVE,3,18.0
129544,1,1,120,5,1,100.0,0,N,RURAL_VICTORIA,HIGHWAY,3,16.0
129545,4,1,171,5,1,110.0,0,N,RURAL_VICTORIA,FREEWAY,3,15.0
129546,1,3,99,4,1,60.0,0,I,MELB_URBAN,RAMP,3,10.0
129547,1,1,130,5,1,60.0,0,N,RURAL_VICTORIA,ROAD,3,15.0
129548,1,1,173,1,1,60.0,0,I,MELB_URBAN,ROAD,3,16.0
129549,1,1,130,5,1,60.0,0,N,MELB_URBAN,ROAD,3,13.0
129550,1,1,120,5,1,80.0,0,N,RURAL_VICTORIA,ROAD,3,16.0
129551,1,1,130,5,1,80.0,0,N,RURAL_VICTORIA,ROAD,3,9.0
129552,4,1,171,5,5,100.0,0,N,RURAL_VICTORIA,ROAD,3,19.0
129553,6,1,99,5,5,60.0,0,N,RURAL_VICTORIA,ROAD,3,19.0
129554,1,0,121,2,3,60.0,0,I,MELB_URBAN,ROAD,3,20.0
129555,4,1,183,5,1,80.0,0,N,MELB_URBAN,RAMP,3,16.0
129556,1,5,121,1,3,60.0,0,I,MELB_URBAN,PARADE,2,22.0
129557,1,1,130,1,1,60.0,0,N,MELB_URBAN,STREET,3,18.0
129558,4,1,171,5,3,60.0,0,N,MELB_URBAN,ROAD,3,19.0
129559,4,0,99,5,3,40.0,0,N,MELB_URBAN,STREET,3,19.0
129560,1,2,130,2,1,60.0,0,I,MELB_URBAN,ROAD,3,13.0
129561,4,1,181,5,1,60.0,0,N,MELB_URBAN,ROAD,3,14.0
129562,4,1,99,2,1,50.0,0,I,SMALL_CITIES,DRIVE,3,18.0
129563,4,1,99,2,3,40.0,0,I,MELB_URBAN,STREET,3,4.0
129564,1,6,120,5,1,50.0,0,N,MELB_URBAN,STREET,3,15.0
129565,1,2,113,2,1,60.0,0,I,MELB_URBAN,ROAD,1,15.0
129566,1,2,130,2,1,60.0,0,I,MELB_URBAN,UNKNOWN,2,17.0
129567,8,3,99,5,9,60.0,0,N,MELB_URBAN,PARADE,3,18.0
129568,4,2,99,5,1,100.0,0,N,RURAL_VICTORIA,ROAD,2,18.0
129569,1,2,120,5,2,60.0,0,N,MELB_URBAN,ROAD,3,7.0
129570,1,1,110,1,1,60.0,0,I,RURAL_VICTORIA,ROAD,3,9.0
129571,1,1,171,1,3,60.0,0,I,TOWNS,STREET,2,3.0
129572,1,2,130,5,2,100.0,0,N,MELB_URBAN,ROAD,3,6.0
129573,1,1,110,1,1,60.0,0,I,MELB_URBAN,STREET,3,10.0
129574,8,1,174,5,1,60.0,0,N,RURAL_VICTORIA,ROAD,3,12.0
129575,4,2,171,5,1,110.0,0,N,RURAL_VICTORIA,FREEWAY,3,11.0
129576,8,6,174,2,1,60.0,0,I,MELB_URBAN,ROAD,3,16.0
129577,1,2,130,5,1,60.0,0,N,MELB_URBAN,PARADE,3,11.0
129578,1,2,111,1,1,60.0,0,I,MELB_URBAN,ROAD,2,15.0
129579,6,1,99,5,1,100.0,0,N,RURAL_VICTORIA,ROAD,3,9.0
129580,1,2,110,1,1,60.0,0,I,SMALL_CITIES,STREET,3,12.0
129581,8,2,174,2,1,60.0,0,I,MELB_URBAN,ROAD,3,8.0
129582,1,4,130,2,1,40.0,0,N,SMALL_CITIES,STREET,3,8.0
129583,4,2,99,5,1,50.0,0,N,MELB_URBAN,AVENUE,3,14.0
129584,1,6,99,2,1,80.0,0,I,RURAL_VICTORIA,HIGHWAY,3,8.0
129585,1,2,99,1,1,60.0,0,N,MELB_URBAN,ROAD,3,8.0
129586,4,2,173,1,1,50.0,0,I,MELB_URBAN,ROAD,3,14.0
129587,2,2,102,5,1,60.0,0,N,MELB_URBAN,ROAD,3,12.0
129588,1,2,130,1,1,60.0,0,N,MELB_URBAN,STREET,1,10.0
129589,1,2,111,1,1,60.0,0,I,TOWNS,STREET,3,15.0
129590,1,1,121,2,1,60.0,0,I,MELB_URBAN,STREET,3,14.0
129591,1,2,160,5,1,50.0,0,N,MELB_URBAN,PARADE,3,15.0
129592,4,7,173,5,5,60.0,0,N,RURAL_VICTORIA,OTHER,3,23.0
129593,1,2,99,1,1,60.0,0,N,LARGE_PROVINCIAL_CITIES,STREET,3,14.0
129594,1,1,110,1,1,50.0,0,I,MELB_URBAN,BOULEVARD,3,15.0
129595,1,1,130,2,1,60.0,0,N,SMALL_CITIES,STREET,3,16.0
129596,1,5,135,5,3,80.0,0,N,MELB_URBAN,FREEWAY,3,6.0
129597,4,2,173,5,1,50.0,0,N,TOWNS,STREET,3,17.0
129598,1,2,111,1,1,50.0,0,I,MELB_URBAN,AVENUE,3,17.0
129599,1,2,99,5,1,50.0,0,N,TOWNS,STREET,3,17.0
129600,1,2,116,2,1,60.0,0,I,MELB_URBAN,STREET,3,16.0
129601,1,1,130,5,3,60.0,0,N,MELB_URBAN,ROAD,3,18.0
129602,1,0,130,2,1,60.0,0,I,RURAL_VICTORIA,ROAD,1,13.0
129603,4,2,171,5,1,100.0,0,N,RURAL_VICTORIA,ROAD,3,17.0
129604,4,1,183,5,5,80.0,0,N,MELB_URBAN,HIGHWAY,3,5.0
129605,1,7,130,5,1,60.0,0,N,MELB_URBAN,HIGHWAY,3,10.0
129606,1,1,99,2,1,50.0,0,I,MELB_URBAN,OTHER,3,17.0
129607,6,1,174,5,3,60.0,0,N,MELB_URBAN,ROAD,3,20.0
129608,1,5,130,5,1,40.0,0,N,MELB_URBAN,FREEWAY,3,14.0
129609,1,2,140,5,5,100.0,0,N,RURAL_VICTORIA,ROAD,3,21.0
129610,4,3,183,5,4,70.0,0,N,MELB_URBAN,ROAD,3,0.0
129611,2,6,99,5,1,60.0,0,N,TOWNS,PARADE,11,10.0
129612,1,2,130,5,5,110.0,0,N,RURAL_VICTORIA,FREEWAY,3,23.0
129613,1,2,120,6,2,50.0,0,N,MELB_URBAN,OTHER,3,4.0
129614,8,1,174,2,1,80.0,0,I,MELB_URBAN,ROAD,1,19.0
129615,1,3,133,5,5,100.0,0,N,RURAL_VICTORIA,FREEWAY,3,6.0
129616,4,2,183,5,5,80.0,0,N,RURAL_VICTORIA,ROAD,3,6.0
129617,1,3,130,5,3,70.0,0,N,RURAL_VICTORIA,BOULEVARD,3,6.0
129618,1,2,113,2,1,60.0,0,I,MELB_URBAN,STREET,3,12.0
129619,1,4,99,5,1,50.0,0,N,SMALL_CITIES,STREET,3,15.0
129620,1,3,121,1,1,60.0,0,I,LARGE_PROVINCIAL_CITIES,ROAD,3,7.0
129621,1,3,133,5,1,80.0,0,N,MELB_URBAN,ROAD,3,8.0
129622,6,7,174,5,1,80.0,0,N,RURAL_VICTORIA,ROAD,2,10.0
129623,1,2,130,2,1,60.0,0,I,MELB_URBAN,OTHER,3,8.0
129624,1,5,130,2,1,60.0,0,N,MELB_URBAN,ROAD,2,14.0
129625,1,2,110,1,1,50.0,0,I,TOWNS,STREET,3,11.0
129626,1,3,113,2,1,80.0,0,I,MELB_URBAN,ROAD,3,7.0
129627,4,2,171,5,1,100.0,0,N,RURAL_VICTORIA,ROAD,3,10.0
129628,1,1,99,1,2,80.0,0,N,MELB_URBAN,HIGHWAY,2,19.0
129629,2,3,102,2,3,60.0,0,I,MELB_URBAN,ROAD,3,5.0
129630,6,4,184,4,1,100.0,0,N,MELB_URBAN,RAMP,3,10.0
129631,1,3,135,5,1,80.0,0,N,MELB_URBAN,FREEWAY,3,7.0
129632,4,3,173,5,1,100.0,0,N,RURAL_VICTORIA,ROAD,3,11.0
129633,1,0,130,5,1,60.0,0,I,MELB_URBAN,STREET,3,12.0
129634,1,4,121,2,9,50.0,0,I,MELB_URBAN,ROAD,2,16.0
129635,8,3,170,5,1,100.0,0,N,RURAL_VICTORIA,ROAD,2,16.0
129636,1,4,130,5,1,80.0,0,N,SMALL_TOWNS,FREEWAY,2,8.0
129637,1,3,110,1,1,60.0,0,I,MELB_URBAN,ROAD,3,14.0
129638,1,3,133,1,1,60.0,0,I,MELB_URBAN,OTHER,3,15.0
129639,6,3,174,1,1,50.0,0,I,MELB_URBAN,ROAD,3,11.0
129640,1,3,130,5,1,60.0,0,N,MELB_URBAN,AVENUE,3,13.0
129641,1,2,110,1,3,60.0,0,I,LARGE_PROVINCIAL_CITIES,ROAD,3,22.0
129642,1,3,113,2,1,80.0,0,I,MELB_URBAN,HIGHWAY,3,12.0
129643,1,5,99,5,1,60.0,0,N,MELB_URBAN,ROAD,2,11.0
129644,5,3,99,5,2,80.0,0,N,RURAL_VICTORIA,ROAD,3,6.0
129645,1,3,130,1,9,60.0,0,I,MELB_URBAN,ROAD,3,17.0
129646,1,3,99,2,1,50.0,0,I,MELB_URBAN,ROAD,3,15.0
129647,1,3,110,1,1,80.0,0,I,MELB_URBAN,AVENUE,3,14.0
129648,2,2,99,1,1,80.0,0,I,MELB_URBAN,ROAD,3,14.0
129649,1,5,120,5,1,60.0,0,N,LARGE_PROVINCIAL_CITIES,ROAD,3,17.0
129650,1,6,130,2,1,40.0,0,I,MELB_URBAN,AVENUE,3,16.0
129651,1,2,130,1,1,80.0,0,N,MELB_URBAN,HIGHWAY,3,15.0
129652,1,6,130,5,1,100.0,0,N,RURAL_VICTORIA,ROAD,3,17.0
129653,1,2,130,1,2,60.0,0,I,MELB_URBAN,DRIVE,3,18.0
129654,1,3,99,2,2,50.0,0,N,MELB_URBAN,DRIVE,3,18.0
129655,1,2,130,5,1,60.0,0,N,MELB_URBAN,PARADE,3,15.0
129656,4,3,171,5,1,110.0,0,N,RURAL_VICTORIA,RAMP,3,16.0
129657,4,3,171,5,5,100.0,0,N,RURAL_VICTORIA,ROAD,3,18.0
129658,1,2,160,5,1,50.0,0,N,MELB_URBAN,ROAD,3,17.0
129659,8,1,174,2,6,60.0,0,I,MELB_URBAN,STREET,3,20.0
129660,1,6,147,5,1,50.0,0,N,MELB_URBAN,ROAD,3,10.0
129661,4,3,181,5,1,60.0,0,N,RURAL_VICTORIA,ROAD,3,15.0
129662,1,5,111,1,1,60.0,0,N,LARGE_PROVINCIAL_CITIES,ROAD,3,16.0
129663,4,3,173,5,1,80.0,0,N,RURAL_VICTORIA,ROAD,3,17.0
129664,3,2,167,5,5,100.0,0,N,RURAL_VICTORIA,HIGHWAY,3,20.0
129665,1,2,135,5,5,110.0,0,N,RURAL_VICTORIA,FREEWAY,3,21.0
129666,2,1,99,5,1,50.0,0,N,MELB_URBAN,DRIVE,1,10.0
129667,2,1,102,5,3,80.0,0,N,MELB_URBAN,HIGHWAY,3,2.0
129668,4,4,181,5,5,100.0,0,N,RURAL_VICTORIA,ROAD,3,3.0
129669,1,7,121,2,1,60.0,0,I,MELB_URBAN,STREET,3,8.0
129670,1,4,121,1,1,60.0,0,I,MELB_URBAN,ROAD,3,7.0
129671,1,4,99,1,1,50.0,0,N,MELB_URBAN,OTHER,3,8.0
129672,4,4,183,5,1,80.0,0,N,RURAL_VICTORIA,RAMP,3,9.0
129673,1,5,130,5,1,60.0,0,N,MELB_URBAN,ROAD,3,7.0
129674,1,4,130,5,1,60.0,0,N,MELB_URBAN,ROAD,3,9.0
129675,4,4,171,5,1,50.0,0,N,LARGE_PROVINCIAL_CITIES,STREET,3,9.0
129676,1,4,130,2,1,80.0,0,I,MELB_URBAN,HIGHWAY,3,9.0
129677,1,2,163,5,2,40.0,0,N,MELB_URBAN,STREET,3,18.0
129678,2,3,102,5,1,50.0,0,I,MELB_URBAN,ROAD,3,7.0