,accident_type,day_of_week,dca_code,road_geometry,light_condition,speed_zone,severity,node_type,deg_urban_name,road_type,month,hour
129679,1,3,110,1,1,50.0,0,I,MELB_URBAN,ROAD,3,8.0
129680,2,4,100,2,1,60.0,0,I,MELB_URBAN,STREET,3,11.0
129681,1,4,110,1,1,50.0,0,I,MELB_URBAN,STREET,3,9.0
129682,1,3,130,5,3,100.0,0,N,MELB_URBAN,FREEWAY,3,6.0
129683,4,3,99,5,1,50.0,0,N,MELB_URBAN,AVENUE,3,13.0
129684,4,4,171,5,1,80.0,0,N,MELB_URBAN,HIGHWAY,3,11.0
129685,4,3,181,5,1,80.0,0,N,RURAL_VICTORIA,ROAD,3,8.0
129686,4,4,99,5,1,100.0,0,N,RURAL_VICTORIA,HIGHWAY,3,12.0
129687,1,7,113,2,1,60.0,0,I,MELB_URBAN,ROAD,3,9.0
129688,4,6,171,2,1,50.0,0,I,MELB_URBAN,STREET,2,13.0
129689,1,5,147,5,1,60.0,0,N,MELB_URBAN,ROAD,3,16.0
129690,4,4,173,5,1,100.0,0,N,RURAL_VICTORIA,RAMP,3,9.0
129691,1,4,130,5,1,80.0,0,N,MELB_URBAN,HIGHWAY,3,12.0
129692,1,4,113,2,1,70.0,0,I,MELB_URBAN,ROAD,3,11.0
129693,6,2,174,5,2,60.0,0,N,LARGE_PROVINCIAL_CITIES,STREET,3,17.0
129694,1,3,160,5,3,60.0,0,N,MELB_URBAN,ROAD,3,20.0
129695,1,4,130,5,1,100.0,0,N,MELB_URBAN,FREEWAY,3,15.0
129696,1,3,130,5,1,70.0,0,N,MELB_URBAN,ROAD,1,17.0
129697,4,2,171,1,2,100.0,0,I,MELB_URBAN,ROAD,3,18.0
129698,2,4,102,5,1,60.0,0,N,SMALL_CITIES,OTHER,3,9.0
129699,1,4,130,5,1,110.0,0,N,RURAL_VICTORIA,FREEWAY,3,11.0
129700,5,6,99,5,1,60.0,0,N,RURAL_VICTORIA,ROAD,2,10.0
129701,7,4,99,5,1,60.0,0,N,LARGE_PROVINCIAL_CITIES,STREET,3,15.0
129702,1,3,130,5,3,80.0,0,N,MELB_URBAN,HIGHWAY,3,6.0
129703,6,0,184,5,1,60.0,0,N,RURAL_VICTORIA,ROAD,3,12.0
129704,1,3,99,2,3,50.0,0,I,MELB_URBAN,STREET,3,22.0
129705,1,6,121,2,1,60.0,0,I,MELB_URBAN,UNKNOWN,2,18.0
129706,1,4,132,2,1,50.0,0,N,SMALL_CITIES,STREET,3,9.0
129707,1,7,130,1,9,60.0,0,N,LARGE_PROVINCIAL_CITIES,ROAD,3,10.0
129708,1,4,130,5,1,40.0,0,N,SMALL_CITIES,AVENUE,3,15.0
129709,1,3,130,2,3,60.0,0,I,MELB_URBAN,PARADE,3,6.0
129710,1,5,99,2,9,40.0,0,I,MELB_URBAN,ROAD,3,21.0
129711,4,0,183,5,1,100.0,0,N,RURAL_VICTORIA,OTHER,3,18.0
129712,1,3,120,5,1,90.0,0,N,RURAL_VICTORIA,ROAD,3,16.0
129713,1,1,130,5,1,50.0,0,N,MELB_URBAN,ROAD,3,17.0
129714,1,4,113,2,1,60.0,0,I,MELB_URBAN,ROAD,3,17.0
129715,1,2,134,5,1,70.0,0,N,MELB_URBAN,ROAD,3,8.0
129716,1,4,110,1,1,60.0,0,I,MELB_URBAN,ROAD,3,17.0
129717,1,4,110,1,3,70.0,0,I,MELB_URBAN,STREET,3,20.0
129718,1,4,113,1,6,30.0,0,I,MELB_URBAN,HIGHWAY,3,4.0
129719,1,5,99,5,1,70.0,0,N,MELB_URBAN,RAMP,3,7.0
129720,1,3,121,1,3,80.0,0,I,MELB_URBAN,ROAD,3,20.0
129721,4,4,181,5,5,100.0,0,N,RURAL_VICTORIA,ROAD,3,22.0
129722,1,2,130,1,1,80.0,0,I,MELB_URBAN,ROAD,2,9.0
129723,6,4,174,5,1,70.0,0,N,MELB_URBAN,STREET,3,8.0
129724,1,3,99,2,1,60.0,0,I,LARGE_PROVINCIAL_CITIES,STREET,3,17.0
129725,1,4,113,2,5,50.0,0,I,MELB_URBAN,STREET,3,6.0
129726,2,4,99,2,1,50.0,0,N,MELB_URBAN,STREET,3,10.0
129727,1,5,160,5,3,60.0,0,N,MELB_URBAN,STREET,3,6.0
129728,1,4,147,5,1,50.0,0,N,MELB_URBAN,OTHER,3,8.0
129729,1,4,130,5,3,80.0,0,N,MELB_URBAN,UNKNOWN,3,21.0
129730,1,2,121,2,1,60.0,0,N,MELB_URBAN,STREET,3,7.0
129731,1,2,110,1,1,60.0,0,I,MELB_URBAN,ROAD,3,8.0
129732,4,5,171,4,1,60.0,0,I,MELB_URBAN,ROAD,3,9.0
129733,1,4,120,5,1,50.0,0,N,MELB_URBAN,STREET,3,18.0
129734,1,4,132,2,1,60.0,0,I,SMALL_CITIES,AVENUE,3,15.0
129735,1,3,130,2,1,70.0,0,N,LARGE_PROVINCIAL_CITIES,ROAD,3,9.0
129736,8,7,99,5,1,100.0,0,N,RURAL_VICTORIA,ROAD,2,17.0
129737,4,5,181,5,1,70.0,0,N,RURAL_VICTORIA,ROAD,3,7.0
129738,1,3,99,5,1,50.0,0,N,MELB_URBAN,STREET,3,11.0
129739,1,5,99,1,1,60.0,0,I,MELB_URBAN,ROAD,3,8.0
129740,1,6,140,2,3,40.0,0,N,MELBOURNE_CBD,STREET,3,6.0
129741,5,5,99,2,1,60.0,0,I,LARGE_PROVINCIAL_CITIES,STREET,3,7.0
129742,1,5,130,5,2,110.0,0,N,RURAL_VICTORIA,FREEWAY,3,7.0
129743,1,5,132,2,1,70.0,0,I,MELB_URBAN,ROAD,3,11.0
129744,1,7,99,2,3,70.0,0,I,SMALL_CITIES,ROAD,3,21.0
129745,4,4,171,5,1,80.0,0,N,MELB_URBAN,HIGHWAY,9,17.0
129746,1,4,132,5,1,60.0,0,N,LARGE_PROVINCIAL_CITIES,ROAD,3,10.0
129747,1,5,121,4,1,60.0,0,I,MELB_URBAN,ROAD,3,11.0
129748,4,5,183,5,1,80.0,0,N,MELB_URBAN,RAMP,3,10.0
129749,1,5,121,5,1,100.0,0,N,RURAL_VICTORIA,ROAD,3,11.0
129750,8,0,184,5,9,80.0,0,N,RURAL_VICTORIA,ROAD,6,14.0
129751,2,4,100,1,3,70.0,0,I,MELB_URBAN,ROAD,3,7.0
129752,1,3,110,1,2,50.0,0,I,SMALL_CITIES,STREET,3,6.0
129753,1,2,130,5,1,60.0,0,N,MELB_URBAN,STREET,3,14.0
129754,2,5,99,5,1,40.0,0,N,MELB_URBAN,ROAD,3,13.0
129755,1,5,121,5,1,100.0,1,N,RURAL_VICTORIA,ROAD,3,8.0
129756,8,1,184,5,1,100.0,0,N,RURAL_VICTORIA,OTHER,3,15.0
129757,2,6,100,2,1,50.0,0,N,MELB_URBAN,PARADE,9,16.0
129758,1,3,130,5,1,100.0,0,N,MELB_URBAN,ROAD,3,15.0
129759,1,5,147,5,1,60.0,0,N,MELB_URBAN,STREET,3,8.0
129760,2,4,99,5,1,60.0,0,N,MELB_URBAN,BOULEVARD,3,13.0
129761,1,6,140,5,1,60.0,0,N,MELB_URBAN,ROAD,3,11.0
129762,1,5,130,2,1,80.0,0,I,RURAL_VICTORIA,ROAD,3,13.0
129763,6,5,174,5,1,40.0,0,N,MELB_URBAN,ROAD,3,9.0
129764,1,5,113,1,1,40.0,0,I,MELB_URBAN,STREET,3,17.0
129765,1,1,121,2,1,70.0,0,I,MELB_URBAN,ROAD,3,7.0
129766,4,3,173,5,9,60.0,0,N,RURAL_VICTORIA,HIGHWAY,3,7.0
129767,4,5,173,5,1,60.0,0,N,MELB_URBAN,ROAD,3,14.0
129768,1,5,99,5,1,60.0,0,N,MELB_URBAN,STREET,3,18.0
129769,1,5,99,2,1,60.0,0,I,MELB_URBAN,ROAD,3,19.0
129770,1,5,132,2,1,60.0,0,N,MELB_URBAN,ROAD,3,14.0
129771,1,4,110,1,1,60.0,0,I,MELB_URBAN,ROAD,3,19.0
129772,1,5,99,5,1,50.0,0,N,MELB_URBAN,ROAD,3,18.0
129773,1,5,130,5,1,100.0,0,N,RURAL_VICTORIA,HIGHWAY,3,16.0
129774,1,5,130,5,1,60.0,0,N,MELB_URBAN,RAMP,3,17.0
129775,2,5,100,5,2,70.0,0,N,MELB_URBAN,ROAD,3,19.0
129776,2,5,102,5,5,40.0,0,N,MELB_URBAN,ROAD,3,23.0
129777,1,3,130,5,2,60.0,0,N,MELB_URBAN,ROAD,3,6.0
129778,1,2,140,2,1,60.0,0,I,MELB_URBAN,HIGHWAY,3,14.0
129779,2,6,102,2,1,60.0,0,I,MELB_URBAN,ROAD,3,8.0
129780,1,6,110,1,1,50.0,0,I,TOWNS,STREET,3,12.0
129781,1,4,99,5,3,40.0,0,N,MELB_URBAN,ROAD,3,5.0
129782,3,3,167,5,5,100.0,0,N,RURAL_VICTORIA,ROAD,3,22.0
129783,1,6,110,4,1,80.0,0,I,MELB_URBAN,HIGHWAY,3,9.0
129784,1,4,116,1,1,80.0,0,I,MELB_URBAN,HIGHWAY,3,12.0
129785,1,6,110,1,1,50.0,0,I,MELB_URBAN,ROAD,3,11.0
129786,1,2,130,5,3,100.0,0,N,MELB_URBAN,FREEWAY,3,6.0
129787,1,6,99,5,1,40.0,0,N,MELB_URBAN,STREET,3,9.0
129788,2,6,99,5,1,50.0,0,N,MELB_URBAN,ROAD,3,11.0
129789,1,4,135,5,1,80.0,0,N,MELB_URBAN,FREEWAY,3,16.0
129790,1,6,113,2,1,60.0,0,I,RURAL_VICTORIA,HIGHWAY,3,12.0
129791,1,6,99,2,1,50.0,0,I,LARGE_PROVINCIAL_CITIES,STREET,3,13.0
129792,1,7,111,1,1,60.0,0,I,MELB_URBAN,STREET,2,9.0
129793,1,6,110,1,1,50.0,0,I,TOWNS,STREET,3,10.0
129794,1,6,116,2,1,70.0,0,I,MELB_URBAN,ROAD,3,12.0
129795,1,5,130,5,1,60.0,0,N,MELB_URBAN,ROAD,3,13.0
129796,2,6,100,5,1,50.0,0,N,RURAL_VICTORIA,ROAD,3,7.0
129797,6,3,174,1,1,50.0,0,I,MELB_URBAN,ROAD,3,7.0
129798,1,6,120,5,1,80.0,0,N,RURAL_VICTORIA,ROAD,3,12.0
129799,1,4,110,1,2,60.0,0,I,MELB_URBAN,ROAD,3,19.0
129800,2,6,100,2,1,60.0,0,I,MELB_URBAN,ROAD,3,12.0
129801,1,6,110,1,1,100.0,0,I,MELB_URBAN,ROAD,3,15.0
129802,1,5,130,5,1,80.0,0,N,MELB_URBAN,ROAD,3,8.0
129803,1,6,99,5,1,60.0,0,N,LARGE_PROVINCIAL_CITIES,STREET,3,13.0
129804,1,1,99,5,1,60.0,0,UNKNOWN,UNKNOWN,UNKNOWN,3,10.0
129805,1,5,113,2,2,50.0,0,I,MELB_URBAN,STREET,3,18.0
129806,5,7,99,5,9,100.0,0,N,RURAL_VICTORIA,FREEWAY,3,15.0
129807,1,2,130,5,1,70.0,0,N,MELB_URBAN,HIGHWAY,3,8.0
129808,1,2,135,2,3,50.0,0,N,MELB_URBAN,STREET,3,20.0
129809,1,6,160,5,1,50.0,0,N,MELB_URBAN,STREET,3,17.0
129810,4,5,181,5,1,70.0,0,N,RURAL_VICTORIA,ROAD,3,15.0
129811,1,5,121,5,1,60.0,0,N,MELB_URBAN,ROAD,3,15.0
129812,4,6,183,5,1,100.0,0,N,RURAL_VICTORIA,ROAD,3,15.0
129813,1,6,110,1,1,60.0,0,I,LARGE_PROVINCIAL_CITIES,ROAD,3,14.0
129814,1,6,134,5,2,70.0,0,N,MELB_URBAN,ROAD,3,19.0
129815,4,6,171,5,1,60.0,0,N,MELB_URBAN,ROAD,3,17.0
129816,2,6,100,5,2,40.0,0,N,MELB_URBAN,ROAD,3,18.0
129817,2,6,100,5,1,40.0,0,N,MELB_URBAN,ROAD,3,16.0
129818,1,6,121,1,1,60.0,0,I,MELB_URBAN,ROAD,3,18.0
129819,1,3,130,2,1,60.0,0,N,MELB_URBAN,PARADE,2,16.0
129820,4,6,171,5,1,50.0,0,N,RURAL_VICTORIA,BOULEVARD,3,17.0
129821,1,6,121,1,3,80.0,0,I,MELB_URBAN,ROAD,3,21.0
129822,1,5,121,5,1,70.0,0,N,MELB_URBAN,ROAD,3,18.0
129823,1,6,99,1,1,60.0,0,I,MELBOURNE_CBD,STREET,3,15.0
129824,4,6,173,5,1,100.0,0,N,RURAL_VICTORIA,ROAD,3,15.0
129825,4,6,181,1,3,60.0,0,I,MELB_URBAN,OTHER,3,20.0
129826,1,6,116,2,3,60.0,0,I,MELB_URBAN,ROAD,3,19.0
129827,3,5,167,5,2,60.0,0,N,SMALL_CITIES,STREET,3,19.0
129828,4,6,173,5,2,50.0,0,N,MELB_URBAN,STREET,3,19.0
129829,1,5,160,5,3,50.0,0,N,MELB_URBAN,STREET,3,21.0
129830,1,7,110,1,3,50.0,0,I,MELB_URBAN,ROAD,3,3.0
129831,4,7,181,5,3,70.0,0,N,MELB_URBAN,STREET,3,3.0
129832,1,5,130,5,1,80.0,0,N,MELB_URBAN,ROAD,3,12.0
129833,1,4,160,5,1,50.0,0,N,MELB_URBAN,STREET,3,10.0
129834,4,6,171,5,6,50.0,0,N,MELB_URBAN,ROAD,3,3.0
129835,1,6,160,5,1,50.0,0,N,MELB_URBAN,ROAD,3,9.0
129836,1,2,135,2,1,60.0,0,N,MELB_URBAN,ROAD,1,19.0
129837,1,2,140,2,9,70.0,0,I,MELB_URBAN,HIGHWAY,3,18.0
129838,1,4,99,4,1,60.0,0,N,MELB_URBAN,HIGHWAY,3,17.0
129839,4,4,171,5,1,80.0,0,N,MELB_URBAN,ROAD,3,13.0
129840,4,7,173,5,3,100.0,1,N,MELB_URBAN,ROAD,3,4.0
129841,1,7,163,5,1,40.0,0,N,MELB_URBAN,ROAD,1,20.0
129842,1,6,130,5,1,60.0,0,N,MELB_URBAN,ROAD,3,10.0
129843,4,6,99,5,1,60.0,0,N,RURAL_VICTORIA,ROAD,3,15.0
129844,1,7,113,2,1,60.0,1,I,MELB_URBAN,ROAD,3,10.0
129845,1,6,99,5,1,50.0,0,N,MELB_URBAN,STREET,3,10.0
129846,1,7,120,5,1,60.0,0,N,RURAL_VICTORIA,ROAD,3,10.0
129847,4,7,181,5,1,80.0,0,N,RURAL_VICTORIA,ROAD,3,9.0
129848,1,7,110,1,1,60.0,0,I,MELB_URBAN,ROAD,3,13.0
129849,1,6,110,1,1,50.0,0,I,MELB_URBAN,STREET,3,15.0
129850,1,7,130,1,1,60.0,0,N,MELB_URBAN,STREET,3,10.0
129851,1,7,99,2,1,40.0,0,I,MELB_URBAN,STREET,3,14.0
129852,1,6,130,5,1,100.0,0,N,MELB_URBAN,ROAD,3,16.0
129853,1,6,130,1,1,60.0,0,I,MELB_URBAN,ROAD,3,12.0
129854,1,7,130,5,1,40.0,0,N,MELB_URBAN,STREET,3,12.0
129855,1,4,110,1,1,100.0,0,I,RURAL_VICTORIA,HIGHWAY,3,12.0
129856,1,3,99,5,1,60.0,0,N,MELB_URBAN,HIGHWAY,3,10.0
129857,7,7,99,2,1,50.0,0,I,TOWNS,STREET,3,14.0
129858,1,7,110,1,1,50.0,0,I,TOWNS,STREET,3,14.0
129859,1,6,130,5,9,60.0,0,N,LARGE_PROVINCIAL_CITIES,ROAD,3,17.0
129860,4,4,171,2,1,60.0,0,I,RURAL_VICTORIA,ROAD,3,15.0
129861,1,7,130,4,1,100.0,0,N,MELB_URBAN,FREEWAY,3,16.0
129862,5,7,99,5,1,100.0,0,O,RURAL_VICTORIA,OTHER,3,14.0
129863,1,7,130,5,1,60.0,0,N,SMALL_CITIES,HIGHWAY,3,17.0
129864,4,7,171,5,3,70.0,0,N,MELB_URBAN,ROAD,3,20.0
129865,1,7,99,5,1,40.0,0,N,MELB_URBAN,STREET,3,17.0
129866,1,7,132,1,1,70.0,0,I,RURAL_VICTORIA,HIGHWAY,3,17.0
129867,4,7,173,2,1,40.0,0,N,MELB_URBAN,STREET,3,15.0
129868,1,7,121,1,2,40.0,0,I,MELB_URBAN,BOULEVARD,3,18.0
129869,1,7,111,1,3,60.0,0,I,MELB_URBAN,HIGHWAY,3,21.0
129870,4,7,171,5,1,70.0,1,N,MELB_URBAN,ROAD,3,18.0
129871,4,7,171,2,3,50.0,0,I,MELB_URBAN,BOULEVARD,3,22.0
129872,2,7,99,2,1,40.0,0,N,MELB_URBAN,AVENUE,3,15.0
129873,1,7,121,1,3,50.0,0,I,MELB_URBAN,STREET,3,22.0
129874,1,7,135,5,3,80.0,0,N,MELB_URBAN,ROAD,3,22.0
129875,4,7,171,5,3,60.0,0,N,MELB_URBAN,ROAD,3,23.0
129876,4,1,181,5,5,100.0,0,N,RURAL_VICTORIA,ROAD,3,3.0
129877,4,1,171,5,3,60.0,0,N,MELB_URBAN,ROAD,3,3.0
129878,1,1,160,5,3,60.0,0,N,MELB_URBAN,ROAD,3,5.0
129879,1,5,130,1,9,80.0,0,I,MELB_URBAN,STREET,3,21.0
129880,4,0,181,1,1,60.0,0,N,RURAL_VICTORIA,RAMP,3,8.0
129881,1,1,110,1,1,80.0,0,I,MELB_URBAN,ROAD,3,7.0
129882,1,1,110,1,1,60.0,0,I,SMALL_CITIES,PARADE,3,10.0
129883,1,0,130,5,1,100.0,0,N,MELB_URBAN,FREEWAY,3,8.0
129884,3,6,167,5,1,100.0,0,N,RURAL_VICTORIA,ROAD,3,13.0
129885,1,1,130,5,1,60.0,0,N,MELB_URBAN,RAMP,1,16.0
129886,2,1,102,2,1,60.0,0,I,MELB_URBAN,STREET,3,13.0
129887,2,1,100,2,1,40.0,0,I,MELB_URBAN,OTHER,3,12.0
129888,1,1,121,2,1,60.0,0,I,MELB_URBAN,ROAD,3,14.0
129889,8,1,99,2,1,60.0,0,N,RURAL_VICTORIA,ROAD,3,13.0
129890,1,2,130,5,1,100.0,0,N,MELB_URBAN,ROAD,3,16.0
129891,4,1,171,5,1,100.0,0,N,RURAL_VICTORIA,ROAD,3,15.0
129892,1,1,110,4,1,80.0,0,I,RURAL_VICTORIA,ROAD,3,15.0
129893,1,1,110,1,1,50.0,0,I,MELB_URBAN,STREET,3,17.0
129894,4,0,99,1,1,50.0,0,I,MELB_URBAN,BOULEVARD,3,17.0
129895,1,6,130,5,1,60.0,0,N,MELB_URBAN,ROAD,2,9.0
129896,1,1,130,5,1,100.0,0,N,MELB_URBAN,FREEWAY,3,15.0
129897,1,1,110,1,1,50.0,0,I,MELB_URBAN,STREET,3,18.0
129898,1,0,121,1,1,50.0,0,I,MELB_URBAN,ROAD,3,17.0
129899,2,1,100,5,1,60.0,0,N,MELB_URBAN,STREET,3,17.0
129900,6,1,99,5,1,60.0,0,N,RURAL_VICTORIA,ROAD,3,15.0
129901,2,1,100,5,2,40.0,0,N,MELBOURNE_CBD,STREET,3,19.0
129902,1,3,99,5,3,60.0,0,N,MELB_URBAN,ROAD,2,21.0
129903,1,1,113,2,3,50.0,0,I,MELB_URBAN,STREET,3,19.0
129904,4,0,173,5,1,60.0,0,N,RURAL_VICTORIA,ROAD,3,15.0
129905,1,0,121,1,3,60.0,0,N,MELB_URBAN,ROAD,3,20.0
129906,1,0,121,1,3,60.0,0,I,MELB_URBAN,ROAD,3,20.0
129907,6,3,184,1,1,60.0,0,I,MELB_URBAN,ROAD,3,9.0
129908,1,1,130,5,1,80.0,0,N,MELB_URBAN,FREEWAY,3,14.0
129909,1,1,120,5,1,60.0,0,N,MELB_URBAN,ROAD,3,19.0
129910,1,5,99,1,1,60.0,0,I,MELB_URBAN,ROAD,3,10.0
129911,4,1,171,5,1,110.0,0,N,LARGE_PROVINCIAL_CITIES,FREEWAY,12,10.0
129912,6,2,99,5,5,100.0,0,N,RURAL_VICTORIA,ROAD,3,3.0
129913,1,2,130,5,1,100.0,0,N,MELB_URBAN,FREEWAY,2,8.0
129914,1,6,130,5,1,100.0,0,N,MELB_URBAN,HIGHWAY,3,14.0
129915,1,1,120,5,5,60.0,0,N,RURAL_VICTORIA,ROAD,3,6.0
129916,1,3,160,5,1,40.0,0,N,MELB_URBAN,STREET,3,13.0
129917,1,4,130,5,1,100.0,0,N,MELB_URBAN,ROAD,2,15.0
129918,6,1,174,1,1,60.0,0,I,MELB_URBAN,STREET,3,13.0
129919,4,1,99,2,1,60.0,0,I,RURAL_VICTORIA,ROAD,3,10.0
129920,1,6,99,4,3,60.0,0,I,MELB_URBAN,ROAD,1,1.0
129921,1,2,130,5,9,100.0,0,N,MELB_URBAN,ROAD,3,15.0
129922,1,5,111,2,1,80.0,0,I,MELB_URBAN,ROAD,3,8.0
129923,1,2,113,1,1,80.0,0,I,MELB_URBAN,ROAD,3,15.0
129924,6,3,170,5,1,40.0,0,N,MELB_URBAN,ROAD,3,7.0
129925,1,1,130,5,1,100.0,0,I,MELB_URBAN,FREEWAY,3,10.0
129926,6,1,174,5,1,60.0,0,N,RURAL_VICTORIA,OTHER,3,11.0
129927,1,6,130,4,1,60.0,0,N,MELB_URBAN,STREET,2,19.0
129928,1,1,130,5,3,60.0,0,N,MELB_URBAN,ROAD,3,22.0
129929,1,3,113,2,1,40.0,0,I,MELB_URBAN,DRIVE,3,8.0
129930,1,7,163,5,3,60.0,0,N,MELB_URBAN,STREET,3,23.0
129931,1,2,130,5,1,40.0,0,N,MELB_URBAN,ROAD,3,8.0
129932,1,6,130,5,1,100.0,0,N,MELB_URBAN,FREEWAY,3,16.0
129933,1,2,121,1,3,60.0,0,I,RURAL_VICTORIA,ROAD,3,6.0
129934,1,7,99,1,1,60.0,0,I,LARGE_PROVINCIAL_CITIES,STREET,3,9.0
129935,2,2,102,2,3,50.0,0,N,MELB_URBAN,AVENUE,3,6.0
129936,1,1,130,5,1,80.0,0,N,MELB_URBAN,HIGHWAY,3,7.0
129937,4,6,181,5,1,100.0,0,N,RURAL_VICTORIA,ROAD,3,13.0
129938,1,1,130,5,1,60.0,0,N,MELB_URBAN,RAMP,3,12.0
129939,1,5,147,5,9,60.0,0,N,LARGE_PROVINCIAL_CITIES,STREET,3,17.0
129940,4,2,99,5,1,30.0,0,N,MELB_URBAN,ROAD,3,13.0
129941,1,5,130,5,2,60.0,0,N,RURAL_VICTORIA,UNKNOWN,3,17.0
129942,1,6,113,2,1,50.0,0,I,MELB_URBAN,STREET,3,8.0
129943,4,6,171,5,1,80.0,0,N,RURAL_VICTORIA,ROAD,3,11.0
129944,1,2,147,5,1,70.0,0,N,MELB_URBAN,ROAD,3,14.0
129945,1,1,133,1,1,60.0,0,I,LARGE_PROVINCIAL_CITIES,STREET,3,17.0
129946,1,2,120,5,1,60.0,0,N,SMALL_CITIES,AVENUE,3,15.0
129947,1,1,130,1,3,80.0,0,N,MELB_URBAN,ROAD,3,6.0
129948,1,2,99,5,1,70.0,0,N,MELB_URBAN,ROAD,3,16.0
129949,1,2,120,5,1,70.0,0,N,RURAL_VICTORIA,ROAD,3,11.0
129950,6,1,99,5,9,80.0,0,N,RURAL_VICTORIA,ROAD,3,13.0
129951,1,1,130,5,1,80.0,0,N,MELB_URBAN,ROAD,3,16.0
129952,1,1,111,2,1,60.0,0,I,MELB_URBAN,STREET,3,8.0
129953,2,2,100,5,1,60.0,0,N,MELB_URBAN,PARADE,3,15.0
129954,1,2,130,2,1,50.0,0,I,MELB_URBAN,ROAD,3,16.0
129955,1,2,120,2,2,60.0,0,I,LARGE_PROVINCIAL_CITIES,PARADE,3,18.0
129956,2,2,102,1,1,60.0,0,N,LARGE_PROVINCIAL_CITIES,ROAD,3,14.0
129957,1,5,130,1,9,60.0,0,N,MELB_URBAN,HIGHWAY,3,11.0
129958,1,2,130,5,1,60.0,0,N,MELB_URBAN,PARADE,3,15.0
129959,4,2,173,5,1,70.0,1,N,MELB_URBAN,ROAD,3,15.0
129960,4,2,99,5,5,50.0,0,N,MELB_URBAN,BOULEVARD,3,19.0
129961,4,2,183,5,2,80.0,0,N,MELB_URBAN,RAMP,3,19.0
129962,4,2,171,5,5,70.0,0,N,MELB_URBAN,ROAD,3,22.0
129963,1,7,99,2,3,60.0,0,I,MELB_URBAN,ROAD,3,0.0
129964,1,3,113,1,3,50.0,0,I,MELB_URBAN,STREET,3,6.0
129965,4,2,183,5,1,60.0,0,N,TOWNS,STREET,3,17.0
129966,1,3,113,2,2,60.0,0,I,MELB_URBAN,STREET,3,6.0
129967,1,3,99,1,1,40.0,0,I,MELBOURNE_CBD,STREET,3,8.0
129968,1,2,110,1,1,50.0,0,I,MELB_URBAN,STREET,3,13.0
129969,1,3,147,5,1,60.0,0,N,MELB_URBAN,STREET,3,8.0
129970,1,5,99,4,3,60.0,0,I,MELB_URBAN,ROAD,10,23.0
129971,6,3,174,5,1,50.0,0,N,MELB_URBAN,ROAD,3,11.0
129972,1,1,110,1,3,80.0,0,N,MELB_URBAN,ROAD,3,5.0
129973,6,5,174,5,1,70.0,0,N,SMALL_CITIES,ROAD,3,16.0
129974,1,5,130,5,9,60.0,0,N,MELB_URBAN,RAMP,3,19.0
129975,1,2,110,1,1,40.0,0,I,MELB_URBAN,STREET,3,12.0
129976,1,2,111,1,1,80.0,0,I,RURAL_VICTORIA,ROAD,3,11.0
129977,1,3,135,5,1,60.0,0,N,MELB_URBAN,ROAD,2,16.0
129978,1,1,116,2,1,60.0,0,I,MELB_URBAN,STREET,3,6.0
129979,6,3,174,2,1,50.0,0,I,MELB_URBAN,ROAD,3,15.0
129980,1,3,99,1,1,60.0,0,I,MELB_URBAN,PARADE,3,12.0
129981,1,3,121,1,1,60.0,0,I,MELB_URBAN,AVENUE,3,13.0
129982,4,3,171,5,1,100.0,0,N,RURAL_VICTORIA,ROAD,3,12.0
129983,1,3,132,2,1,70.0,0,N,TOWNS,HIGHWAY,3,14.0
129984,1,3,121,1,3,80.0,0,I,MELB_URBAN,ROAD,2,21.0
129985,1,3,130,1,1,60.0,0,I,MELB_URBAN,ROAD,3,15.0
129986,1,1,130,5,9,80.0,0,N,RURAL_VICTORIA,ROAD,3,8.0
129987,1,3,113,2,1,80.0,1,I,RURAL_VICTORIA,HIGHWAY,3,11.0
129988,2,3,99,2,1,50.0,0,I,MELB_URBAN,STREET,3,15.0
129989,1,3,130,5,1,60.0,0,N,MELB_URBAN,ROAD,3,16.0
129990,1,6,130,5,1,40.0,0,N,MELB_URBAN,ROAD,3,13.0
129991,1,3,132,5,1,50.0,0,N,SMALL_TOWNS,STREET,3,16.0
129992,1,3,130,5,1,80.0,0,N,MELB_URBAN,RAMP,2,17.0
129993,4,3,171,5,1,80.0,0,N,MELB_URBAN,ROAD,3,14.0
129994,2,3,99,5,1,60.0,0,N,MELB_URBAN,ROAD,3,17.0
129995,1,5,121,4,1,60.0,0,I,MELB_URBAN,OTHER,3,16.0
129996,1,3,110,1,1,60.0,0,I,SMALL_TOWNS,HIGHWAY,3,18.0
129997,3,6,167,5,1,100.0,0,N,RURAL_VICTORIA,ROAD,3,7.0
129998,1,3,147,2,5,60.0,0,N,MELB_URBAN,ROAD,3,18.0
129999,1,3,130,5,1,80.0,0,N,MELB_URBAN,HIGHWAY,3,14.0
130000,1,2,110,1,1,80.0,0,I,RURAL_VICTORIA,ROAD,3,15.0
130001,1,3,110,1,1,60.0,0,I,MELB_URBAN,STREET,3,15.0
130002,1,3,130,5,1,50.0,0,N,MELB_URBAN,AVENUE,3,16.0
130003,2,3,102,5,3,40.0,0,N,MELB_URBAN,STREET,3,20.0
130004,1,3,130,5,3,60.0,0,N,MELB_URBAN,STREET,3,19.0
130005,2,3,100,5,1,60.0,0,N,MELB_URBAN,ROAD,3,15.0