,accident_type,day_of_week,dca_code,road_geometry,light_condition,speed_zone,severity,node_type,deg_urban_name,road_type,month,hour
130006,1,3,132,5,1,60.0,0,N,MELB_URBAN,ROAD,3,14.0
130007,1,3,121,1,1,60.0,0,I,MELB_URBAN,STREET,3,18.0
130008,1,3,121,1,1,50.0,0,I,MELB_URBAN,STREET,3,18.0
130009,1,3,132,2,2,100.0,0,I,RURAL_VICTORIA,ROAD,3,18.0
130010,4,3,99,5,1,50.0,0,N,MELB_URBAN,STREET,3,18.0
130011,1,2,99,5,3,40.0,0,N,MELB_URBAN,STREET,3,22.0
130012,1,5,99,5,1,70.0,0,N,MELB_URBAN,ROAD,3,6.0
130013,1,4,163,5,1,60.0,0,N,MELB_URBAN,ROAD,3,8.0
130014,1,3,121,2,1,80.0,0,I,SMALL_CITIES,HIGHWAY,3,14.0
130015,3,4,167,5,5,100.0,0,N,RURAL_VICTORIA,ROAD,3,5.0
130016,1,4,113,2,1,70.0,0,I,MELB_URBAN,ROAD,3,8.0
130017,6,4,99,2,5,40.0,0,N,RURAL_VICTORIA,ROAD,3,6.0
130018,2,6,99,6,1,50.0,0,N,MELB_URBAN,OTHER,1,19.0
130019,4,4,173,5,5,80.0,0,N,MELB_URBAN,ROAD,3,6.0
130020,1,4,130,5,1,100.0,0,N,MELB_URBAN,FREEWAY,3,7.0
130021,1,4,99,5,1,60.0,0,N,MELB_URBAN,ROAD,3,16.0
130022,6,1,99,5,1,80.0,0,N,RURAL_VICTORIA,ROAD,3,13.0
130023,1,5,130,5,1,80.0,0,N,MELB_URBAN,OTHER,2,19.0
130024,1,2,113,4,1,80.0,0,I,MELB_URBAN,RAMP,3,18.0
130025,6,4,174,5,9,60.0,0,N,MELB_URBAN,STREET,3,18.0
130026,1,1,130,2,1,60.0,0,N,MELB_URBAN,ROAD,3,9.0
130027,6,4,174,2,1,80.0,0,I,MELB_URBAN,ROAD,3,8.0
130028,1,3,135,5,1,60.0,0,N,MELB_URBAN,ROAD,3,9.0
130029,1,3,130,5,1,80.0,0,N,RURAL_VICTORIA,ROAD,3,10.0
130030,8,1,174,5,1,80.0,0,I,MELB_URBAN,ROAD,3,13.0
130031,1,4,140,5,1,40.0,0,N,MELB_URBAN,BOULEVARD,3,13.0
130032,1,3,130,5,1,80.0,0,N,MELB_URBAN,FREEWAY,3,9.0
130033,1,4,121,1,1,60.0,0,I,MELB_URBAN,ROAD,3,12.0
130034,1,4,121,1,1,60.0,0,I,MELB_URBAN,STREET,3,13.0
130035,4,3,173,5,1,100.0,0,N,SMALL_TOWNS,HIGHWAY,3,12.0
130036,1,3,116,1,1,50.0,0,I,MELB_URBAN,ROAD,3,13.0
130037,1,3,130,5,1,100.0,0,N,MELB_URBAN,FREEWAY,3,17.0
130038,1,2,110,1,3,50.0,0,N,TOWNS,STREET,3,7.0
130039,1,1,135,5,6,40.0,0,N,MELB_URBAN,FREEWAY,3,22.0
130040,1,3,130,5,1,60.0,0,N,LARGE_PROVINCIAL_CITIES,AVENUE,3,14.0
130041,1,3,160,5,1,40.0,0,N,RURAL_VICTORIA,ROAD,3,13.0
130042,1,3,121,4,1,70.0,0,I,MELB_URBAN,ROAD,3,13.0
130043,1,3,140,5,1,50.0,0,N,MELB_URBAN,STREET,3,18.0
130044,1,1,130,5,1,50.0,0,N,MELB_URBAN,STREET,3,14.0
130045,1,4,99,1,1,50.0,0,N,RURAL_VICTORIA,ROAD,3,18.0
130046,1,4,120,5,1,40.0,0,N,MELB_URBAN,DRIVE,3,15.0
130047,1,2,130,2,1,60.0,0,N,MELB_URBAN,ROAD,3,15.0
130048,6,1,99,5,1,100.0,0,N,RURAL_VICTORIA,ROAD,3,12.0
130049,1,2,130,5,1,100.0,0,N,RURAL_VICTORIA,RAMP,3,17.0
130050,1,3,130,5,3,80.0,0,N,MELB_URBAN,ROAD,3,19.0
130051,1,4,132,2,1,100.0,0,I,RURAL_VICTORIA,HIGHWAY,3,16.0
130052,1,4,121,4,5,60.0,0,I,MELB_URBAN,OTHER,3,19.0
130053,6,4,170,5,3,50.0,0,N,SMALL_CITIES,DRIVE,3,20.0
130054,6,4,174,2,6,50.0,0,I,TOWNS,STREET,3,19.0
130055,1,4,130,5,1,70.0,0,N,MELB_URBAN,ROAD,3,18.0
130056,1,4,99,1,1,60.0,0,I,MELB_URBAN,RAMP,3,16.0
130057,1,4,121,2,3,60.0,0,I,SMALL_CITIES,STREET,3,21.0
130058,1,5,99,5,5,40.0,0,N,RURAL_VICTORIA,ROAD,4,1.0
130059,4,4,173,4,1,70.0,0,I,MELB_URBAN,ROAD,3,14.0
130060,1,5,99,5,5,100.0,1,N,RURAL_VICTORIA,HIGHWAY,4,5.0
130061,1,3,110,1,5,60.0,0,I,TOWNS,STREET,3,22.0
130062,1,3,130,2,3,50.0,0,N,MELB_URBAN,ROAD,3,5.0
130063,1,4,99,1,1,40.0,0,I,LARGE_PROVINCIAL_CITIES,STREET,4,9.0
130064,1,5,99,5,2,100.0,0,N,RURAL_VICTORIA,HIGHWAY,4,7.0
130065,1,7,133,5,1,60.0,0,N,MELB_URBAN,ROAD,3,16.0
130066,1,4,111,1,1,40.0,0,I,SMALL_CITIES,STREET,4,8.0
130067,4,4,173,5,1,110.0,0,N,RURAL_VICTORIA,FREEWAY,4,10.0
130068,3,1,167,5,1,60.0,0,N,RURAL_VICTORIA,ROAD,3,12.0
130069,1,3,130,5,1,100.0,0,N,RURAL_VICTORIA,FREEWAY,3,12.0
130070,8,1,174,5,1,60.0,0,N,RURAL_VICTORIA,ROAD,3,9.0
130071,6,5,174,5,1,100.0,0,N,RURAL_VICTORIA,ROAD,4,10.0
130072,1,2,121,1,3,60.0,0,I,MELB_URBAN,HIGHWAY,3,19.0
130073,1,4,99,1,3,60.0,0,I,MELB_URBAN,ROAD,3,22.0
130074,1,5,130,5,1,100.0,0,N,RURAL_VICTORIA,HIGHWAY,4,10.0
130075,1,3,135,5,9,60.0,0,N,MELB_URBAN,ROAD,3,16.0
130076,1,4,130,2,1,60.0,0,N,SMALL_TOWNS,ROAD,3,17.0
130077,6,0,184,5,1,100.0,0,N,RURAL_VICTORIA,ROAD,1,12.0
130078,2,5,100,1,1,50.0,0,I,LARGE_PROVINCIAL_CITIES,AVENUE,3,13.0
130079,1,5,130,5,1,100.0,0,N,MELB_URBAN,FREEWAY,4,12.0
130080,1,4,130,1,1,60.0,0,I,TOWNS,STREET,4,13.0
130081,1,5,113,2,1,60.0,0,N,TOWNS,ROAD,4,12.0
130082,1,5,135,5,1,60.0,0,N,MELB_URBAN,ROAD,4,14.0
130083,1,5,111,1,1,80.0,0,I,MELB_URBAN,DRIVE,4,11.0
130084,4,4,181,5,1,100.0,0,N,RURAL_VICTORIA,ROAD,3,16.0
130085,1,5,135,5,1,100.0,0,N,MELB_URBAN,FREEWAY,3,15.0
130086,1,5,121,2,1,50.0,0,I,MELB_URBAN,ROAD,4,15.0
130087,1,4,132,5,1,100.0,0,N,RURAL_VICTORIA,HIGHWAY,3,14.0
130088,1,5,99,2,1,60.0,0,I,MELB_URBAN,ROAD,4,14.0
130089,1,3,130,5,1,40.0,0,N,MELB_URBAN,ROAD,3,12.0
130090,1,7,99,2,1,60.0,0,I,MELB_URBAN,ROAD,1,15.0
130091,1,4,133,5,1,80.0,0,N,MELB_URBAN,FREEWAY,4,15.0
130092,1,5,160,5,1,60.0,0,N,MELB_URBAN,ROAD,4,10.0
130093,2,4,100,5,1,40.0,0,N,MELB_URBAN,OTHER,4,15.0
130094,1,4,130,5,1,80.0,0,N,RURAL_VICTORIA,ROAD,4,16.0
130095,2,4,99,5,1,40.0,0,N,MELB_URBAN,STREET,4,14.0
130096,1,1,130,2,1,60.0,0,I,MELB_URBAN,ROAD,3,15.0
130097,6,4,99,2,1,100.0,0,I,RURAL_VICTORIA,ROAD,3,12.0
130098,4,4,171,2,1,60.0,0,N,MELB_URBAN,ROAD,4,16.0
130099,1,5,130,5,1,100.0,0,N,RURAL_VICTORIA,ROAD,4,16.0
130100,1,4,130,5,1,100.0,0,N,MELB_URBAN,FREEWAY,4,9.0
130101,4,1,173,5,1,60.0,0,N,MELB_URBAN,ROAD,3,16.0
130102,1,3,120,5,1,80.0,0,N,RURAL_VICTORIA,HIGHWAY,3,17.0
130103,1,4,160,5,1,60.0,0,N,LARGE_PROVINCIAL_CITIES,ROAD,4,13.0
130104,1,5,120,5,1,100.0,1,N,RURAL_VICTORIA,ROAD,4,13.0
130105,1,4,130,5,1,100.0,0,N,MELB_URBAN,ROAD,4,16.0
130106,1,5,130,5,1,100.0,0,N,MELB_URBAN,FREEWAY,4,17.0
130107,1,5,160,5,1,60.0,0,N,MELB_URBAN,ROAD,4,16.0
130108,1,3,99,1,2,60.0,0,I,MELB_URBAN,STREET,3,7.0
130109,1,5,120,5,1,80.0,0,N,RURAL_VICTORIA,ROAD,4,17.0
130110,4,5,173,5,1,50.0,0,N,MELB_URBAN,STREET,4,16.0
130111,1,4,130,5,2,100.0,0,N,MELB_URBAN,FREEWAY,4,18.0
130112,1,4,130,5,1,60.0,0,N,MELB_URBAN,ROAD,4,14.0
130113,1,5,147,5,1,80.0,0,N,RURAL_VICTORIA,ROAD,4,15.0
130114,1,5,133,5,1,100.0,0,N,MELB_URBAN,FREEWAY,4,17.0
130115,1,5,99,1,1,80.0,0,I,MELB_URBAN,ROAD,4,14.0
130116,1,5,130,5,1,60.0,0,N,MELB_URBAN,HIGHWAY,4,18.0
130117,1,5,130,5,1,60.0,0,N,MELB_URBAN,ROAD,4,18.0
130118,2,5,100,5,3,40.0,0,N,MELBOURNE_CBD,STREET,4,20.0
130119,1,4,120,5,1,100.0,0,N,RURAL_VICTORIA,ROAD,4,14.0
130120,1,5,110,1,3,50.0,0,I,MELB_URBAN,STREET,4,20.0
130121,4,5,99,5,1,50.0,0,N,MELB_URBAN,OTHER,4,18.0
130122,2,4,100,1,3,40.0,0,I,MELB_URBAN,STREET,4,20.0
130123,1,5,121,2,1,100.0,1,N,RURAL_VICTORIA,ROAD,4,18.0
130124,6,5,99,5,5,100.0,0,N,RURAL_VICTORIA,FREEWAY,4,21.0
130125,1,6,121,1,3,50.0,0,I,MELB_URBAN,STREET,4,0.0
130126,1,6,160,5,5,50.0,0,N,MELB_URBAN,DRIVE,4,5.0
130127,1,5,110,1,1,80.0,0,I,RURAL_VICTORIA,ROAD,4,9.0
130128,2,3,102,2,3,60.0,0,I,MELB_URBAN,ROAD,3,22.0
130129,1,6,110,1,1,50.0,0,I,MELB_URBAN,STREET,4,8.0
130130,4,7,181,5,5,60.0,0,N,RURAL_VICTORIA,ROAD,1,20.0
130131,1,4,132,2,1,60.0,0,I,MELB_URBAN,ROAD,3,15.0
130132,1,4,130,5,1,60.0,0,N,MELB_URBAN,STREET,4,7.0
130133,1,6,99,2,1,80.0,0,I,MELB_URBAN,ROAD,4,11.0
130134,1,6,130,5,1,30.0,0,N,MELB_URBAN,HIGHWAY,4,12.0
130135,1,5,130,1,1,80.0,0,I,MELB_URBAN,ROAD,4,12.0
130136,1,4,99,2,9,60.0,0,I,MELB_URBAN,PARADE,3,16.0
130137,1,6,135,5,1,80.0,0,N,MELB_URBAN,FREEWAY,4,12.0
130138,6,4,174,2,1,50.0,0,I,LARGE_PROVINCIAL_CITIES,STREET,12,8.0
130139,6,1,174,5,1,60.0,0,N,RURAL_VICTORIA,ROAD,3,10.0
130140,3,2,167,1,3,80.0,0,I,RURAL_VICTORIA,ROAD,3,6.0
130141,1,6,113,2,1,60.0,0,I,MELB_URBAN,ROAD,4,11.0
130142,1,5,120,5,1,60.0,0,N,SMALL_CITIES,ROAD,2,11.0
130143,2,5,99,5,1,50.0,0,N,TOWNS,STREET,4,14.0
130144,1,4,99,2,1,60.0,0,N,MELB_URBAN,ROAD,2,15.0
130145,1,6,99,2,1,50.0,0,I,MELB_URBAN,DRIVE,4,15.0
130146,4,6,183,5,1,60.0,0,N,RURAL_VICTORIA,ROAD,4,16.0
130147,4,6,173,5,1,60.0,0,N,SMALL_CITIES,STREET,4,16.0
130148,1,6,111,2,1,80.0,0,I,RURAL_VICTORIA,ROAD,4,13.0
130149,1,6,130,5,1,60.0,0,N,MELB_URBAN,STREET,4,15.0
130150,1,5,121,2,1,50.0,0,I,MELB_URBAN,BOULEVARD,4,15.0
130151,1,3,99,5,1,60.0,0,N,MELB_URBAN,PARADE,3,17.0
130152,1,6,111,1,1,50.0,0,I,MELB_URBAN,DRIVE,4,16.0
130153,1,4,130,5,1,60.0,0,N,MELB_URBAN,STREET,3,13.0
130154,4,6,173,5,1,50.0,0,N,MELB_URBAN,STREET,4,18.0
130155,1,5,110,1,1,60.0,0,I,TOWNS,STREET,4,18.0
130156,1,6,147,2,2,80.0,0,N,MELB_URBAN,AVENUE,4,18.0
130157,1,5,160,5,3,50.0,0,N,MELB_URBAN,STREET,4,20.0
130158,4,5,181,3,5,60.0,0,I,RURAL_VICTORIA,ROAD,4,21.0
130159,1,6,113,1,3,60.0,0,I,MELB_URBAN,HIGHWAY,4,21.0
130160,1,7,130,5,6,100.0,0,N,RURAL_VICTORIA,FREEWAY,4,1.0
130161,4,7,173,1,3,80.0,0,I,MELB_URBAN,ROAD,4,4.0
130162,1,0,121,2,1,60.0,0,I,RURAL_VICTORIA,HIGHWAY,3,14.0
130163,4,7,181,5,1,100.0,0,N,RURAL_VICTORIA,HIGHWAY,4,8.0
130164,1,6,132,5,1,70.0,0,N,TOWNS,STREET,4,9.0
130165,8,7,174,5,1,50.0,0,I,SMALL_CITIES,UNKNOWN,4,9.0
130166,6,7,170,5,1,100.0,0,N,RURAL_VICTORIA,ROAD,4,7.0
130167,3,6,167,5,1,100.0,0,N,RURAL_VICTORIA,ROAD,4,7.0
130168,1,7,120,5,1,80.0,0,N,SMALL_TOWNS,ROAD,4,10.0
130169,1,7,121,2,1,80.0,0,I,RURAL_VICTORIA,ROAD,4,11.0
130170,4,6,183,5,1,80.0,0,N,RURAL_VICTORIA,ROAD,4,12.0
130171,1,5,99,5,1,60.0,0,N,SMALL_CITIES,ROAD,4,14.0
130172,1,4,130,5,1,80.0,0,N,MELB_URBAN,ROAD,3,10.0
130173,1,7,113,2,1,50.0,0,I,MELB_URBAN,OTHER,4,12.0
130174,1,5,163,5,1,60.0,0,N,MELB_URBAN,AVENUE,4,13.0
130175,1,7,99,5,1,60.0,0,N,MELB_URBAN,ROAD,4,12.0
130176,6,7,170,5,5,100.0,1,N,RURAL_VICTORIA,ROAD,4,6.0
130177,3,6,167,5,5,100.0,0,N,RURAL_VICTORIA,ROAD,4,22.0
130178,1,6,110,1,1,60.0,0,I,SMALL_CITIES,UNKNOWN,4,16.0
130179,1,7,99,1,1,80.0,0,N,MELB_URBAN,OTHER,4,15.0
130180,1,3,99,5,9,40.0,0,N,TOWNS,ROAD,3,17.0
130181,4,7,171,5,1,100.0,1,N,RURAL_VICTORIA,ROAD,4,14.0
130182,1,6,99,5,1,60.0,0,N,MELB_URBAN,ROAD,4,15.0
130183,1,7,110,1,1,100.0,0,N,RURAL_VICTORIA,ROAD,4,17.0
130184,1,5,133,2,2,60.0,0,I,MELB_URBAN,ROAD,3,20.0
130185,1,6,120,5,3,50.0,0,N,MELB_URBAN,ROAD,4,20.0
130186,1,7,121,1,3,60.0,0,I,LARGE_PROVINCIAL_CITIES,STREET,4,21.0
130187,1,7,113,4,3,60.0,0,I,MELB_URBAN,RAMP,4,21.0
130188,1,6,110,1,1,80.0,0,I,RURAL_VICTORIA,ROAD,4,18.0
130189,1,6,99,5,1,50.0,0,N,MELB_URBAN,ROAD,4,14.0
130190,1,4,99,1,2,50.0,0,N,MELB_URBAN,STREET,4,20.0
130191,6,6,99,5,5,100.0,0,N,RURAL_VICTORIA,HIGHWAY,4,22.0
130192,4,1,99,5,5,50.0,0,N,MELB_URBAN,OTHER,4,0.0
130193,1,1,133,5,3,80.0,0,N,MELB_URBAN,ROAD,4,0.0
130194,1,1,160,5,5,50.0,0,N,LARGE_PROVINCIAL_CITIES,DRIVE,4,6.0
130195,6,7,174,2,1,60.0,0,I,MELB_URBAN,ROAD,4,12.0
130196,1,1,121,2,1,60.0,0,I,MELB_URBAN,ROAD,4,9.0
130197,1,0,130,2,1,70.0,0,I,RURAL_VICTORIA,ROAD,4,9.0
130198,1,6,140,2,1,70.0,0,I,MELB_URBAN,ROAD,4,17.0
130199,1,1,110,1,1,100.0,0,I,RURAL_VICTORIA,ROAD,4,10.0
130200,1,1,121,1,1,80.0,0,I,RURAL_VICTORIA,ROAD,4,9.0
130201,1,1,121,2,1,60.0,0,I,MELB_URBAN,ROAD,4,8.0
130202,1,1,171,5,1,60.0,0,N,MELB_URBAN,ROAD,4,9.0
130203,8,6,174,5,2,50.0,0,N,SMALL_CITIES,STREET,4,19.0
130204,6,1,174,2,1,60.0,0,I,TOWNS,STREET,4,15.0
130205,1,0,140,5,1,60.0,0,N,TOWNS,STREET,4,14.0
130206,7,6,99,5,1,80.0,0,N,RURAL_VICTORIA,ROAD,4,12.0
130207,2,1,102,1,3,60.0,0,N,MELB_URBAN,STREET,4,2.0
130208,1,6,121,1,4,70.0,0,I,MELB_URBAN,ROAD,4,23.0
130209,4,7,173,5,1,100.0,0,N,RURAL_VICTORIA,ROAD,4,19.0
130210,4,0,183,5,1,40.0,0,N,MELB_URBAN,STREET,4,16.0
130211,1,1,130,5,1,80.0,0,N,MELB_URBAN,FREEWAY,4,14.0
130212,1,1,99,2,1,80.0,0,I,RURAL_VICTORIA,HIGHWAY,4,14.0
130213,4,1,173,5,1,80.0,0,N,RURAL_VICTORIA,ROAD,4,15.0
130214,1,1,130,5,9,60.0,0,N,MELB_URBAN,ROAD,3,16.0
130215,2,0,99,5,1,60.0,0,N,RURAL_VICTORIA,ROAD,4,14.0
130216,4,1,181,5,1,80.0,0,N,RURAL_VICTORIA,ROAD,4,17.0
130217,3,0,167,5,1,80.0,0,N,RURAL_VICTORIA,ROAD,4,16.0
130218,1,0,130,1,3,40.0,0,N,MELB_URBAN,ROAD,4,20.0
130219,3,1,167,5,5,60.0,0,N,MELB_URBAN,ROAD,4,19.0
130220,4,0,171,2,6,50.0,0,I,MELB_URBAN,STREET,4,18.0
130221,1,1,113,2,2,50.0,0,I,MELB_URBAN,AVENUE,4,17.0
130222,1,1,140,5,3,50.0,0,N,MELB_URBAN,ROAD,4,19.0
130223,4,1,181,5,3,50.0,0,N,LARGE_PROVINCIAL_CITIES,STREET,4,21.0
130224,1,4,130,2,1,60.0,0,N,MELB_URBAN,ROAD,4,15.0
130225,1,1,160,5,3,50.0,0,N,MELB_URBAN,AVENUE,4,19.0
130226,2,1,99,5,2,100.0,0,N,RURAL_VICTORIA,FREEWAY,4,18.0
130227,6,2,99,5,5,60.0,0,N,MELB_URBAN,ROAD,4,1.0
130228,4,2,99,2,4,50.0,0,I,MELB_URBAN,ROAD,4,2.0
130229,2,2,99,5,3,60.0,0,N,MELB_URBAN,STREET,4,0.0
130230,1,5,121,2,1,60.0,0,I,MELB_URBAN,ROAD,3,13.0
130231,8,2,99,2,1,100.0,0,N,RURAL_VICTORIA,ROAD,4,9.0
130232,4,1,181,5,1,100.0,0,N,RURAL_VICTORIA,OTHER,4,11.0
130233,1,1,130,2,1,40.0,0,N,MELB_URBAN,ROAD,4,10.0
130234,1,3,130,5,3,100.0,0,N,RURAL_VICTORIA,FREEWAY,3,6.0
130235,2,1,99,5,1,50.0,0,N,LARGE_PROVINCIAL_CITIES,AVENUE,4,11.0
130236,1,2,130,5,1,80.0,0,N,MELB_URBAN,ROAD,4,11.0
130237,8,1,170,1,1,80.0,0,I,MELB_URBAN,ROAD,4,14.0
130238,2,7,99,2,3,50.0,0,N,RURAL_VICTORIA,OTHER,4,21.0
130239,1,5,130,5,1,80.0,0,N,MELB_URBAN,ROAD,4,17.0
130240,6,1,99,5,1,100.0,0,N,RURAL_VICTORIA,ROAD,3,12.0
130241,1,2,113,2,1,70.0,0,I,MELB_URBAN,ROAD,4,12.0
130242,4,2,183,2,1,70.0,0,I,MELB_URBAN,STREET,4,12.0
130243,4,2,173,1,1,50.0,0,I,RURAL_VICTORIA,BOULEVARD,4,7.0
130244,1,1,130,1,1,60.0,0,I,RURAL_VICTORIA,ROAD,4,14.0
130245,1,1,110,1,1,50.0,0,I,SMALL_CITIES,STREET,4,14.0
130246,4,0,171,5,1,80.0,0,N,RURAL_VICTORIA,HIGHWAY,4,11.0
130247,4,1,171,5,1,60.0,0,N,MELB_URBAN,STREET,4,15.0
130248,4,2,99,2,1,50.0,0,I,MELB_URBAN,BOULEVARD,4,11.0
130249,8,2,184,2,1,40.0,0,N,MELB_URBAN,STREET,4,11.0
130250,6,2,99,1,1,100.0,0,I,RURAL_VICTORIA,HIGHWAY,4,14.0
130251,1,2,99,1,1,60.0,0,I,MELB_URBAN,ROAD,4,16.0
130252,6,2,174,5,1,60.0,0,N,LARGE_PROVINCIAL_CITIES,STREET,4,15.0
130253,1,1,121,2,1,80.0,0,I,RURAL_VICTORIA,HIGHWAY,4,15.0
130254,1,2,121,2,1,40.0,0,I,MELB_URBAN,ROAD,4,16.0
130255,1,2,111,1,1,40.0,0,N,MELB_URBAN,UNKNOWN,4,17.0
130256,4,2,181,5,5,70.0,0,N,RURAL_VICTORIA,ROAD,4,5.0
130257,4,3,171,1,3,50.0,0,I,MELB_URBAN,STREET,4,1.0
130258,1,0,113,2,9,60.0,0,I,MELB_URBAN,DRIVE,4,1.0
130259,1,3,130,5,1,80.0,0,N,MELB_URBAN,ROAD,3,15.0
130260,4,1,171,2,1,50.0,0,I,MELB_URBAN,STREET,4,12.0
130261,1,2,121,1,1,60.0,0,I,MELB_URBAN,ROAD,4,8.0
130262,6,4,184,5,1,30.0,0,N,RURAL_VICTORIA,ROAD,4,11.0
130263,6,1,174,1,1,60.0,0,I,RURAL_VICTORIA,PARADE,3,10.0
130264,4,6,173,5,1,70.0,0,N,MELB_URBAN,HIGHWAY,4,10.0
130265,1,3,140,5,1,40.0,0,N,MELBOURNE_CBD,STREET,4,10.0
130266,1,1,130,5,1,60.0,0,N,MELB_URBAN,ROAD,3,18.0
130267,3,1,167,1,1,100.0,0,I,RURAL_VICTORIA,ROAD,4,10.0
130268,1,6,130,5,1,60.0,0,N,MELB_URBAN,ROAD,3,12.0
130269,1,4,130,5,1,100.0,0,N,MELB_URBAN,ROAD,3,7.0
130270,3,0,167,5,5,100.0,0,N,RURAL_VICTORIA,ROAD,4,0.0
130271,1,1,113,1,1,60.0,0,I,MELB_URBAN,ROAD,4,8.0
130272,1,3,171,4,1,80.0,0,I,RURAL_VICTORIA,ROAD,4,13.0
130273,1,3,134,5,1,70.0,0,N,MELB_URBAN,ROAD,4,10.0
130274,1,2,120,5,1,50.0,0,N,MELB_URBAN,STREET,4,12.0
130275,1,6,99,1,1,60.0,0,I,MELB_URBAN,HIGHWAY,5,13.0
130276,1,2,120,5,1,100.0,0,N,RURAL_VICTORIA,HIGHWAY,4,10.0
130277,1,3,110,1,1,50.0,0,I,MELB_URBAN,AVENUE,4,14.0
130278,1,4,133,5,1,100.0,0,N,MELB_URBAN,FREEWAY,4,12.0
130279,1,3,134,5,1,60.0,0,N,SMALL_CITIES,PARADE,4,10.0
130280,1,2,130,1,1,80.0,0,I,MELB_URBAN,ROAD,4,14.0
130281,1,5,130,5,2,50.0,0,N,MELB_URBAN,ROAD,4,18.0
130282,1,2,130,1,1,60.0,0,N,TOWNS,STREET,4,16.0
130283,4,6,171,2,1,60.0,0,N,MELB_URBAN,ROAD,3,12.0
130284,1,3,121,2,1,60.0,0,I,MELB_URBAN,STREET,4,15.0
130285,1,3,130,5,1,80.0,0,N,MELB_URBAN,FREEWAY,4,17.0
130286,1,3,130,5,1,70.0,0,N,TOWNS,HIGHWAY,4,16.0
130287,1,3,99,2,1,60.0,0,I,MELB_URBAN,OTHER,4,13.0
130288,4,3,99,5,1,60.0,0,N,SMALL_TOWNS,STREET,4,15.0
130289,1,3,132,2,1,60.0,0,I,SMALL_CITIES,ROAD,4,15.0
130290,1,2,99,4,2,80.0,0,I,MELB_URBAN,ROAD,4,17.0
130291,1,5,111,2,1,60.0,0,I,MELB_URBAN,ROAD,4,11.0
130292,1,7,110,1,5,100.0,0,I,RURAL_VICTORIA,ROAD,4,21.0
130293,6,3,99,5,1,80.0,0,N,RURAL_VICTORIA,ROAD,4,14.0
130294,1,4,130,1,1,60.0,0,N,MELB_URBAN,STREET,3,8.0
130295,6,6,174,5,1,100.0,0,N,RURAL_VICTORIA,OTHER,1,14.0
130296,6,4,174,5,1,80.0,0,N,MELB_URBAN,UNKNOWN,3,15.0
130297,5,7,99,5,1,80.0,0,N,RURAL_VICTORIA,OTHER,3,17.0
130298,1,3,121,1,2,60.0,0,I,MELB_URBAN,ROAD,4,17.0
130299,1,2,160,5,6,60.0,0,N,SMALL_CITIES,STREET,4,19.0
130300,4,3,181,5,5,50.0,0,N,MELB_URBAN,BOULEVARD,4,21.0
130301,1,2,110,1,1,100.0,0,I,RURAL_VICTORIA,ROAD,4,17.0
130302,1,3,99,2,2,50.0,0,I,RURAL_VICTORIA,OTHER,4,5.0
130303,4,2,99,2,2,100.0,0,N,RURAL_VICTORIA,ROAD,4,18.0
130304,1,3,147,5,1,100.0,0,N,RURAL_VICTORIA,ROAD,4,17.0
130305,1,3,160,5,3,60.0,0,N,MELB_URBAN,ROAD,4,23.0
130306,8,1,184,5,6,40.0,0,N,MELB_URBAN,AVENUE,1,22.0
130307,1,2,121,5,1,100.0,0,N,RURAL_VICTORIA,HIGHWAY,3,7.0
130308,4,4,171,2,1,60.0,0,N,RURAL_VICTORIA,ROAD,5,9.0
130309,6,6,174,5,9,60.0,0,N,RURAL_VICTORIA,ROAD,3,14.0
130310,1,4,163,2,1,40.0,0,N,MELB_URBAN,STREET,4,9.0
130311,1,4,163,5,1,60.0,0,N,TOWNS,STREET,3,10.0
130312,1,4,132,2,1,60.0,0,I,TOWNS,STREET,3,8.0
130313,3,1,167,5,1,100.0,0,N,RURAL_VICTORIA,ROAD,4,9.0
130314,1,5,130,5,1,80.0,0,N,TOWNS,ROAD,4,10.0
130315,1,4,160,5,1,60.0,0,N,SMALL_CITIES,STREET,4,9.0
130316,4,4,183,5,1,80.0,0,N,LARGE_PROVINCIAL_CITIES,STREET,4,8.0
130317,1,4,110,1,1,60.0,0,N,MELB_URBAN,ROAD,12,15.0
130318,1,3,99,5,1,100.0,0,N,RURAL_VICTORIA,ROAD,4,16.0
130319,4,4,181,2,5,80.0,0,I,RURAL_VICTORIA,ROAD,12,1.0
130320,1,2,110,1,2,60.0,0,I,SMALL_CITIES,STREET,4,19.0
130321,1,1,130,1,1,80.0,0,N,MELB_URBAN,ROAD,3,7.0
130322,1,4,130,5,1,60.0,0,N,MELB_URBAN,ROAD,3,15.0
130323,1,4,113,2,1,50.0,0,I,MELB_URBAN,ROAD,4,11.0
130324,6,2,174,5,1,40.0,0,N,MELB_URBAN,ROAD,3,19.0
130325,4,4,171,5,1,80.0,0,N,RURAL_VICTORIA,ROAD,4,8.0
130326,1,4,130,5,1,70.0,0,N,MELB_URBAN,ROAD,4,11.0
130327,1,3,130,2,1,50.0,0,I,MELB_URBAN,ROAD,4,11.0
130328,1,3,121,5,1,80.0,0,N,MELB_URBAN,ROAD,4,10.0
130329,1,0,130,1,1,50.0,0,N,RURAL_VICTORIA,BOULEVARD,3,17.0
130330,1,4,99,5,1,60.0,0,N,MELB_URBAN,STREET,3,13.0
130331,3,3,167,5,2,80.0,0,N,RURAL_VICTORIA,ROAD,4,18.0
130332,1,1,130,5,3,40.0,0,N,MELB_URBAN,STREET,3,0.0