,accident_type,day_of_week,dca_code,road_geometry,light_condition,speed_zone,severity,node_type,deg_urban_name,road_type,month,hour
130333,3,3,167,5,2,100.0,0,N,RURAL_VICTORIA,HIGHWAY,4,5.0
130334,1,4,134,5,1,80.0,0,I,TOWNS,ROAD,4,12.0
130335,1,4,121,2,3,60.0,0,I,MELB_URBAN,ROAD,3,21.0
130336,1,4,113,2,1,50.0,0,I,MELB_URBAN,STREET,4,11.0
130337,4,3,99,2,1,50.0,0,I,MELB_URBAN,ROAD,4,17.0
130338,4,7,173,1,1,60.0,0,I,MELB_URBAN,DRIVE,4,13.0
130339,1,4,130,5,1,80.0,0,N,MELB_URBAN,STREET,1,13.0
130340,1,4,130,5,1,60.0,0,N,TOWNS,HIGHWAY,3,10.0
130341,4,4,173,5,1,50.0,0,N,MELB_URBAN,ROAD,4,12.0
130342,1,3,121,2,1,70.0,0,I,MELB_URBAN,OTHER,4,12.0
130343,1,4,147,5,1,60.0,0,I,MELB_URBAN,HIGHWAY,4,12.0
130344,1,3,140,5,1,40.0,0,N,RURAL_VICTORIA,HIGHWAY,4,8.0
130345,1,4,130,5,1,110.0,0,N,TOWNS,FREEWAY,4,14.0
130346,1,1,130,5,1,80.0,0,N,MELB_URBAN,FREEWAY,2,19.0
130347,3,3,167,5,1,80.0,0,N,RURAL_VICTORIA,HIGHWAY,4,14.0
130348,1,4,133,5,1,80.0,0,N,MELB_URBAN,RAMP,4,12.0
130349,1,4,99,5,9,60.0,0,N,MELB_URBAN,HIGHWAY,3,15.0
130350,1,3,130,5,1,100.0,0,N,RURAL_VICTORIA,FREEWAY,4,12.0
130351,1,4,130,5,1,60.0,0,N,MELB_URBAN,ROAD,4,15.0
130352,2,5,99,5,1,50.0,0,N,MELB_URBAN,STREET,4,13.0
130353,9,0,171,5,1,60.0,0,N,RURAL_VICTORIA,ROAD,4,10.0
130354,1,3,99,5,1,50.0,0,N,SMALL_CITIES,STREET,4,16.0
130355,4,4,171,5,1,100.0,0,N,RURAL_VICTORIA,ROAD,4,17.0
130356,4,4,99,5,1,60.0,0,N,MELB_URBAN,STREET,4,11.0
130357,2,4,99,5,1,60.0,0,N,MELB_URBAN,ROAD,4,17.0
130358,1,3,130,4,1,60.0,0,I,UNKNOWN,DRIVE,4,14.0
130359,1,4,120,5,1,100.0,0,N,RURAL_VICTORIA,HIGHWAY,4,17.0
130360,1,3,133,5,2,100.0,0,N,RURAL_VICTORIA,ROAD,4,17.0
130361,1,4,111,4,1,60.0,0,I,RURAL_VICTORIA,ROAD,4,14.0
130362,1,4,99,1,9,50.0,0,I,MELB_URBAN,STREET,4,18.0
130363,1,4,99,1,1,60.0,0,N,MELB_URBAN,STREET,4,8.0
130364,1,4,121,2,3,60.0,0,I,MELB_URBAN,ROAD,4,18.0
130365,1,4,140,5,1,60.0,0,N,MELB_URBAN,ROAD,4,17.0
130366,1,4,99,5,1,70.0,0,N,RURAL_VICTORIA,HIGHWAY,4,17.0
130367,1,4,130,2,2,60.0,0,N,MELB_URBAN,ROAD,4,18.0
130368,1,4,99,6,3,50.0,0,N,MELB_URBAN,STREET,4,18.0
130369,1,4,121,1,3,60.0,0,I,MELB_URBAN,ROAD,4,18.0
130370,1,4,99,1,3,60.0,0,I,MELB_URBAN,ROAD,4,23.0
130371,1,4,140,2,1,60.0,0,I,MELB_URBAN,ROAD,3,14.0
130372,1,7,99,5,1,50.0,0,N,MELB_URBAN,AVENUE,4,14.0
130373,5,4,99,5,1,50.0,0,N,SMALL_CITIES,STREET,4,10.0
130374,1,5,113,4,1,80.0,0,I,RURAL_VICTORIA,ROAD,4,6.0
130375,1,3,135,5,1,40.0,0,N,MELB_URBAN,STREET,4,11.0
130376,1,1,130,5,1,50.0,0,N,MELB_URBAN,DRIVE,2,15.0
130377,1,0,121,1,2,50.0,0,I,TOWNS,STREET,4,7.0
130378,1,5,130,5,1,60.0,0,N,MELB_URBAN,ROAD,4,16.0
130379,1,5,99,5,1,80.0,0,N,MELB_URBAN,HIGHWAY,4,10.0
130380,1,5,116,1,1,60.0,0,I,RURAL_VICTORIA,ROAD,4,9.0
130381,1,5,111,2,1,100.0,0,I,RURAL_VICTORIA,ROAD,4,8.0
130382,8,4,174,5,1,40.0,0,N,MELB_URBAN,STREET,2,19.0
130383,6,5,174,5,1,60.0,0,N,MELB_URBAN,ROAD,4,10.0
130384,1,5,130,5,1,40.0,0,N,MELB_URBAN,STREET,4,16.0
130385,1,5,130,5,1,100.0,0,N,RURAL_VICTORIA,HIGHWAY,4,10.0
130386,1,4,121,2,1,80.0,0,I,RURAL_VICTORIA,HIGHWAY,4,13.0
130387,1,3,116,2,2,50.0,0,I,MELB_URBAN,STREET,2,19.0
130388,4,4,183,5,1,100.0,0,N,RURAL_VICTORIA,ROAD,4,13.0
130389,2,7,100,1,1,60.0,0,I,MELB_URBAN,ROAD,4,10.0
130390,1,5,130,5,1,100.0,0,N,MELB_URBAN,FREEWAY,4,13.0
130391,1,5,130,2,1,80.0,0,N,RURAL_VICTORIA,ROAD,4,12.0
130392,1,7,99,1,1,60.0,0,N,MELB_URBAN,ROAD,2,13.0
130393,1,4,99,5,1,70.0,0,N,MELB_URBAN,ROAD,4,14.0
130394,2,4,102,1,1,50.0,0,I,LARGE_PROVINCIAL_CITIES,STREET,4,15.0
130395,4,2,183,5,1,100.0,0,N,RURAL_VICTORIA,ROAD,4,13.0
130396,1,4,110,1,1,50.0,0,I,MELB_URBAN,STREET,4,16.0
130397,1,0,160,5,1,60.0,0,N,MELB_URBAN,ROAD,4,10.0
130398,1,4,121,2,3,60.0,0,I,MELB_URBAN,ROAD,4,20.0
130399,1,5,147,5,9,60.0,0,N,MELB_URBAN,ROAD,2,15.0
130400,1,5,140,2,3,80.0,0,I,MELB_URBAN,HIGHWAY,4,18.0
130401,4,5,99,5,1,60.0,0,N,MELB_URBAN,OTHER,4,15.0
130402,1,5,121,2,3,60.0,0,I,MELB_URBAN,PARADE,4,18.0
130403,1,5,121,4,3,80.0,0,I,MELB_URBAN,RAMP,4,19.0
130404,6,4,99,5,1,80.0,0,N,RURAL_VICTORIA,HIGHWAY,4,17.0
130405,4,5,181,5,3,60.0,0,N,RURAL_VICTORIA,AVENUE,4,18.0
130406,1,5,121,4,3,60.0,0,I,MELB_URBAN,ROAD,4,20.0
130407,1,5,121,1,3,60.0,0,N,MELB_URBAN,ROAD,4,20.0
130408,1,5,113,2,3,70.0,0,I,MELB_URBAN,ROAD,4,23.0
130409,1,5,110,1,3,50.0,0,I,MELB_URBAN,STREET,4,22.0
130410,4,5,171,5,3,80.0,0,N,MELB_URBAN,HIGHWAY,4,21.0
130411,4,4,99,5,3,80.0,0,N,MELB_URBAN,DRIVE,4,22.0
130412,1,1,147,5,1,60.0,0,N,MELB_URBAN,STREET,2,15.0
130413,4,5,171,1,3,80.0,0,I,RURAL_VICTORIA,HIGHWAY,4,23.0
130414,4,5,171,5,3,50.0,0,N,MELB_URBAN,BOULEVARD,4,23.0
130415,4,6,171,5,3,60.0,0,N,TOWNS,ROAD,4,1.0
130416,2,5,99,5,3,40.0,0,N,MELB_URBAN,STREET,4,22.0
130417,3,6,167,5,5,100.0,0,N,RURAL_VICTORIA,ROAD,4,2.0
130418,1,6,99,1,3,60.0,0,I,MELB_URBAN,STREET,4,2.0
130419,1,6,160,5,3,50.0,0,N,SMALL_CITIES,ROAD,4,4.0
130420,5,6,173,5,3,60.0,0,N,MELB_URBAN,ROAD,4,1.0
130421,1,6,113,2,5,80.0,0,I,RURAL_VICTORIA,ROAD,4,5.0
130422,4,0,183,5,1,40.0,0,N,MELB_URBAN,ROAD,3,16.0
130423,1,6,160,5,1,60.0,0,N,TOWNS,ROAD,4,9.0
130424,8,2,174,5,5,100.0,0,N,RURAL_VICTORIA,ROAD,4,18.0
130425,9,6,171,4,1,40.0,0,N,TOWNS,STREET,4,10.0
130426,1,6,110,1,1,80.0,0,I,MELB_URBAN,ROAD,4,10.0
130427,8,5,174,5,2,50.0,0,N,MELB_URBAN,ROAD,4,18.0
130428,4,5,173,5,1,50.0,0,N,MELB_URBAN,OTHER,4,11.0
130429,1,4,111,1,1,100.0,0,I,RURAL_VICTORIA,HIGHWAY,4,7.0
130430,4,6,183,5,1,100.0,0,N,RURAL_VICTORIA,ROAD,4,12.0
130431,1,4,121,1,1,50.0,0,I,TOWNS,STREET,4,12.0
130432,8,3,184,5,1,80.0,0,N,RURAL_VICTORIA,ROAD,4,15.0
130433,1,6,140,4,1,80.0,0,I,MELB_URBAN,RAMP,4,11.0
130434,2,6,99,2,1,60.0,0,I,SMALL_CITIES,STREET,4,12.0
130435,1,5,121,2,1,80.0,0,I,RURAL_VICTORIA,ROAD,4,12.0
130436,1,6,130,5,1,40.0,0,N,MELB_URBAN,STREET,4,9.0
130437,1,5,147,5,1,50.0,0,N,MELB_URBAN,ROAD,4,13.0
130438,1,6,110,1,1,60.0,0,I,MELB_URBAN,STREET,4,10.0
130439,1,4,130,5,1,100.0,0,N,MELB_URBAN,FREEWAY,4,6.0
130440,4,6,173,5,1,40.0,1,N,RURAL_VICTORIA,HIGHWAY,4,13.0
130441,1,6,120,5,1,70.0,0,N,RURAL_VICTORIA,ROAD,4,11.0
130442,1,6,99,5,1,40.0,0,N,MELB_URBAN,STREET,4,15.0
130443,2,3,99,2,1,60.0,0,I,RURAL_VICTORIA,ROAD,12,16.0
130444,1,5,130,2,1,60.0,0,I,SMALL_TOWNS,HIGHWAY,4,16.0
130445,6,1,174,5,1,60.0,0,N,MELB_URBAN,STREET,3,13.0
130446,1,3,132,1,1,40.0,0,I,MELB_URBAN,STREET,4,17.0
130447,1,6,120,5,1,60.0,0,N,MELB_URBAN,OTHER,4,14.0
130448,2,6,99,5,2,50.0,0,N,SMALL_CITIES,OTHER,4,18.0
130449,1,6,99,4,1,40.0,0,I,MELB_URBAN,ROAD,4,15.0
130450,4,5,171,5,2,60.0,0,N,SMALL_CITIES,STREET,4,6.0
130451,6,4,174,5,1,60.0,0,N,MELB_URBAN,ROAD,3,12.0
130452,1,6,113,1,3,60.0,0,N,SMALL_CITIES,STREET,4,18.0
130453,4,6,173,5,2,80.0,0,N,MELB_URBAN,ROAD,4,17.0
130454,4,6,171,5,1,60.0,0,N,RURAL_VICTORIA,ROAD,4,17.0
130455,1,3,121,2,1,60.0,0,I,MELB_URBAN,STREET,3,15.0
130456,1,5,130,1,3,80.0,0,N,MELB_URBAN,HIGHWAY,4,20.0
130457,3,6,167,2,3,70.0,0,I,MELB_URBAN,OTHER,4,19.0
130458,1,2,111,1,1,60.0,0,I,MELB_URBAN,ROAD,3,16.0
130459,1,5,160,5,1,50.0,0,N,MELB_URBAN,OTHER,4,17.0
130460,1,6,113,2,1,60.0,0,I,MELB_URBAN,STREET,4,17.0
130461,1,1,135,5,2,60.0,0,N,MELB_URBAN,ROAD,3,7.0
130462,1,5,121,1,3,60.0,0,I,MELB_URBAN,ROAD,4,23.0
130463,1,6,160,5,5,110.0,0,N,RURAL_VICTORIA,FREEWAY,4,22.0
130464,6,6,99,5,5,80.0,0,N,TOWNS,ROAD,4,3.0
130465,1,7,120,4,2,60.0,0,I,MELB_URBAN,DRIVE,4,5.0
130466,1,2,130,3,9,60.0,0,I,MELB_URBAN,ROAD,3,13.0
130467,4,7,171,5,3,60.0,1,N,MELB_URBAN,ROAD,4,1.0
130468,1,6,121,2,2,60.0,0,N,MELB_URBAN,STREET,11,6.0
130469,1,7,110,1,1,60.0,0,I,LARGE_PROVINCIAL_CITIES,ROAD,4,9.0
130470,1,4,132,2,1,60.0,0,I,MELB_URBAN,HIGHWAY,4,14.0
130471,1,6,130,5,1,60.0,0,N,MELB_URBAN,STREET,4,13.0
130472,1,7,99,5,1,60.0,0,N,MELB_URBAN,STREET,4,11.0
130473,1,5,130,5,1,100.0,0,N,MELB_URBAN,ROAD,4,15.0
130474,6,6,170,5,1,100.0,0,N,RURAL_VICTORIA,ROAD,4,10.0
130475,4,7,181,5,1,80.0,0,N,RURAL_VICTORIA,ROAD,4,13.0
130476,1,6,130,5,1,60.0,0,N,MELB_URBAN,ROAD,4,10.0
130477,4,7,173,2,1,100.0,0,I,RURAL_VICTORIA,ROAD,4,12.0
130478,1,6,147,5,1,50.0,0,N,MELB_URBAN,STREET,10,10.0
130479,1,7,110,1,1,60.0,0,I,MELB_URBAN,ROAD,4,11.0
130480,1,6,110,1,1,50.0,0,I,MELB_URBAN,STREET,4,12.0
130481,1,7,120,5,1,100.0,0,N,RURAL_VICTORIA,ROAD,4,13.0
130482,1,7,130,5,1,60.0,0,I,MELB_URBAN,ROAD,4,13.0
130483,1,3,130,1,9,60.0,0,N,MELB_URBAN,ROAD,3,18.0
130484,1,7,130,5,1,60.0,0,N,LARGE_PROVINCIAL_CITIES,ROAD,4,14.0
130485,4,7,171,5,1,80.0,0,N,MELB_URBAN,HIGHWAY,4,15.0
130486,1,3,99,1,1,60.0,0,I,MELB_URBAN,HIGHWAY,3,8.0
130487,1,7,113,1,1,80.0,0,N,MELB_URBAN,STREET,4,16.0
130488,1,6,110,1,3,80.0,0,I,MELB_URBAN,ROAD,4,21.0
130489,1,7,113,2,2,60.0,0,I,LARGE_PROVINCIAL_CITIES,ROAD,4,17.0
130490,6,4,174,5,1,100.0,0,N,RURAL_VICTORIA,OTHER,4,10.0
130491,1,7,130,2,6,60.0,0,N,MELB_URBAN,ROAD,4,18.0
130492,4,7,173,5,3,80.0,0,N,MELB_URBAN,ROAD,4,18.0
130493,1,7,121,2,3,60.0,0,I,MELB_URBAN,OTHER,4,18.0
130494,4,7,173,1,3,60.0,0,I,MELB_URBAN,STREET,4,21.0
130495,4,6,171,4,3,100.0,0,N,MELB_URBAN,RAMP,4,20.0
130496,2,7,99,5,3,60.0,0,N,LARGE_PROVINCIAL_CITIES,STREET,4,22.0
130497,1,7,160,5,3,50.0,0,N,TOWNS,STREET,4,21.0
130498,1,7,121,2,3,60.0,0,I,MELB_URBAN,STREET,4,23.0
130499,1,4,130,5,1,100.0,0,N,MELB_URBAN,ROAD,3,16.0
130500,1,6,110,1,3,80.0,0,I,MELB_URBAN,ROAD,4,23.0
130501,1,1,111,2,3,60.0,0,I,MELB_URBAN,ROAD,4,1.0
130502,4,1,171,5,5,100.0,0,N,MELB_URBAN,RAMP,4,3.0
130503,4,1,171,5,3,70.0,0,N,MELB_URBAN,ROAD,4,0.0
130504,2,7,99,1,1,70.0,0,I,MELB_URBAN,STREET,4,10.0
130505,1,7,110,1,1,60.0,0,I,MELB_URBAN,STREET,4,12.0
130506,6,7,99,5,1,70.0,0,N,RURAL_VICTORIA,UNKNOWN,4,15.0
130507,2,5,100,1,1,40.0,0,I,SMALL_CITIES,STREET,4,9.0
130508,4,1,171,1,3,70.0,0,N,MELB_URBAN,STREET,4,6.0
130509,4,1,173,5,6,80.0,0,N,MELB_URBAN,HIGHWAY,4,6.0
130510,4,1,173,4,1,100.0,0,N,MELB_URBAN,RAMP,4,6.0
130511,4,0,171,2,1,60.0,0,N,SMALL_TOWNS,ROAD,4,8.0
130512,1,7,99,2,9,40.0,0,N,MELB_URBAN,ROAD,4,15.0
130513,1,5,113,1,1,60.0,0,I,MELB_URBAN,ROAD,4,10.0
130514,4,3,173,5,5,100.0,0,O,RURAL_VICTORIA,UNKNOWN,3,0.0
130515,4,1,173,5,1,100.0,0,N,RURAL_VICTORIA,HIGHWAY,4,10.0
130516,4,1,181,5,1,80.0,0,N,RURAL_VICTORIA,ROAD,4,9.0
130517,1,1,120,5,1,60.0,0,N,MELB_URBAN,AVENUE,4,10.0
130518,4,0,171,5,1,100.0,0,N,MELB_URBAN,RAMP,4,11.0
130519,1,0,110,1,2,40.0,0,N,MELB_URBAN,ROAD,4,6.0
130520,1,1,111,2,1,60.0,0,I,MELB_URBAN,STREET,4,11.0
130521,1,0,110,1,1,50.0,0,I,MELB_URBAN,STREET,4,13.0
130522,1,1,110,1,1,100.0,0,I,RURAL_VICTORIA,ROAD,4,13.0
130523,4,0,181,5,1,80.0,0,N,RURAL_VICTORIA,ROAD,4,12.0
130524,1,7,132,2,1,60.0,0,I,MELB_URBAN,ROAD,4,17.0
130525,1,1,121,1,1,50.0,0,I,MELB_URBAN,ROAD,4,12.0
130526,1,4,130,5,9,90.0,0,N,RURAL_VICTORIA,FREEWAY,3,18.0
130527,1,7,121,1,1,60.0,0,I,MELB_URBAN,STREET,4,12.0
130528,1,0,110,1,1,60.0,0,I,MELB_URBAN,ROAD,4,14.0
130529,2,4,99,5,1,50.0,0,N,SMALL_CITIES,STREET,4,10.0
130530,1,1,111,1,1,80.0,0,I,RURAL_VICTORIA,ROAD,4,15.0
130531,1,7,134,2,2,100.0,0,I,MELB_URBAN,RAMP,12,6.0
130532,1,7,134,5,9,60.0,0,N,MELB_URBAN,HIGHWAY,3,11.0
130533,4,1,173,1,1,90.0,0,I,MELB_URBAN,ROAD,4,16.0
130534,1,1,160,5,2,50.0,0,N,MELB_URBAN,AVENUE,4,17.0
130535,1,7,113,2,3,50.0,0,I,MELB_URBAN,DRIVE,3,20.0
130536,1,3,130,5,1,100.0,0,N,MELB_URBAN,RAMP,3,15.0
130537,1,1,121,1,3,80.0,0,I,MELB_URBAN,ROAD,4,18.0
130538,6,1,170,5,5,100.0,0,N,RURAL_VICTORIA,HIGHWAY,4,17.0
130539,4,0,171,1,3,100.0,0,I,RURAL_VICTORIA,ROAD,4,19.0
130540,4,0,183,5,1,80.0,0,N,RURAL_VICTORIA,ROAD,4,16.0
130541,1,0,120,5,3,50.0,0,N,MELB_URBAN,ROAD,4,18.0
130542,4,0,173,5,3,50.0,0,N,MELB_URBAN,OTHER,4,20.0
130543,1,1,134,5,6,100.0,0,N,MELB_URBAN,FREEWAY,4,21.0
130544,1,1,121,1,3,50.0,0,I,MELB_URBAN,STREET,4,21.0
130545,1,6,110,1,3,60.0,0,I,MELB_URBAN,ROAD,4,20.0
130546,1,7,132,5,3,60.0,0,N,MELB_URBAN,ROAD,4,21.0
130547,1,0,121,1,3,30.0,0,I,MELB_URBAN,ROAD,4,22.0
130548,4,0,173,2,3,50.0,0,I,RURAL_VICTORIA,ROAD,4,23.0
130549,1,2,160,5,2,50.0,0,N,SMALL_CITIES,AVENUE,4,6.0
130550,1,2,130,5,1,60.0,0,N,LARGE_PROVINCIAL_CITIES,STREET,4,8.0
130551,1,1,113,1,1,60.0,0,N,LARGE_PROVINCIAL_CITIES,STREET,4,8.0
130552,1,7,130,2,1,80.0,0,N,MELB_URBAN,HIGHWAY,2,15.0
130553,4,6,171,5,2,60.0,0,N,RURAL_VICTORIA,ROAD,4,17.0
130554,4,2,181,5,1,100.0,0,N,RURAL_VICTORIA,ROAD,4,8.0
130555,1,1,121,1,1,50.0,0,I,SMALL_CITIES,STREET,4,11.0
130556,1,1,110,1,1,60.0,0,N,MELB_URBAN,STREET,4,8.0
130557,6,5,99,5,1,60.0,0,N,RURAL_VICTORIA,ROAD,4,13.0
130558,4,2,181,5,1,100.0,0,N,RURAL_VICTORIA,ROAD,4,11.0
130559,1,5,130,2,9,60.0,0,N,MELB_URBAN,STREET,3,14.0
130560,4,2,181,5,1,100.0,0,N,RURAL_VICTORIA,FREEWAY,4,10.0
130561,1,2,147,5,1,60.0,0,N,MELB_URBAN,ROAD,3,14.0
130562,1,1,130,5,1,60.0,0,N,MELB_URBAN,ROAD,4,14.0
130563,1,2,130,5,1,100.0,0,N,MELB_URBAN,ROAD,3,16.0
130564,1,6,160,5,1,50.0,0,N,MELB_URBAN,STREET,4,15.0
130565,1,3,110,1,1,60.0,0,I,RURAL_VICTORIA,ROAD,12,8.0
130566,8,4,174,5,1,100.0,0,O,RURAL_VICTORIA,OTHER,4,14.0
130567,1,2,130,5,1,60.0,0,N,MELB_URBAN,OTHER,4,12.0
130568,1,6,130,5,1,80.0,0,N,MELB_URBAN,ROAD,3,16.0
130569,1,2,130,1,2,60.0,0,I,MELB_URBAN,STREET,4,18.0
130570,1,1,130,1,1,60.0,0,I,LARGE_PROVINCIAL_CITIES,ROAD,4,10.0
130571,1,2,99,5,5,80.0,0,N,RURAL_VICTORIA,ROAD,4,18.0
130572,4,2,173,5,2,100.0,0,N,RURAL_VICTORIA,OTHER,4,18.0
130573,1,2,113,2,3,80.0,0,N,RURAL_VICTORIA,ROAD,4,21.0
130574,1,2,133,5,3,80.0,0,N,MELB_URBAN,HIGHWAY,4,4.0
130575,1,2,130,5,3,60.0,0,N,MELB_URBAN,ROAD,4,19.0
130576,1,2,111,1,3,60.0,0,I,MELB_URBAN,AVENUE,4,21.0
130577,2,3,100,1,3,60.0,0,N,MELB_URBAN,ROAD,4,5.0
130578,1,5,110,1,1,30.0,0,I,LARGE_PROVINCIAL_CITIES,STREET,3,9.0
130579,1,3,99,1,2,60.0,0,I,MELB_URBAN,ROAD,4,6.0
130580,1,2,130,5,1,80.0,0,N,MELB_URBAN,OTHER,4,7.0
130581,2,3,100,2,2,40.0,0,I,MELB_URBAN,ROAD,4,6.0
130582,1,3,120,5,1,40.0,0,N,RURAL_VICTORIA,STREET,4,6.0
130583,1,3,99,1,1,40.0,0,I,MELBOURNE_CBD,STREET,4,9.0
130584,1,3,120,5,1,50.0,0,N,MELB_URBAN,ROAD,4,9.0
130585,1,6,135,5,1,60.0,0,N,MELB_URBAN,STREET,4,9.0
130586,4,2,183,5,1,100.0,0,N,RURAL_VICTORIA,HIGHWAY,4,12.0
130587,4,2,171,5,1,50.0,0,N,MELB_URBAN,STREET,4,13.0
130588,8,1,99,5,1,100.0,0,N,RURAL_VICTORIA,ROAD,4,6.0
130589,6,2,174,5,1,100.0,0,N,RURAL_VICTORIA,HIGHWAY,4,12.0
130590,3,5,167,5,3,100.0,0,N,RURAL_VICTORIA,ROAD,4,20.0
130591,1,4,99,2,3,70.0,0,N,LARGE_PROVINCIAL_CITIES,STREET,3,19.0
130592,6,7,174,5,1,60.0,0,N,MELB_URBAN,STREET,4,16.0
130593,1,3,133,5,1,70.0,0,N,MELB_URBAN,ROAD,4,12.0
130594,1,6,116,2,1,60.0,0,I,LARGE_PROVINCIAL_CITIES,STREET,4,18.0
130595,1,3,130,5,1,70.0,0,N,MELB_URBAN,ROAD,4,11.0
130596,1,3,113,2,1,60.0,0,I,LARGE_PROVINCIAL_CITIES,ROAD,4,11.0
130597,2,3,100,2,1,50.0,0,I,MELB_URBAN,ROAD,4,12.0
130598,4,3,173,1,1,50.0,0,I,MELB_URBAN,STREET,4,10.0
130599,4,3,173,5,1,110.0,0,N,RURAL_VICTORIA,FREEWAY,4,13.0
130600,1,4,113,2,1,60.0,0,I,MELB_URBAN,STREET,4,16.0
130601,6,2,170,2,9,60.0,0,I,MELB_URBAN,ROAD,4,7.0
130602,1,2,130,1,1,60.0,0,I,MELB_URBAN,ROAD,4,13.0
130603,2,2,99,5,1,60.0,0,N,MELB_URBAN,STREET,4,13.0
130604,1,4,121,1,1,60.0,0,I,MELB_URBAN,ROAD,4,14.0
130605,4,3,171,5,1,70.0,0,N,MELB_URBAN,ROAD,4,12.0
130606,1,3,121,1,1,80.0,0,I,MELB_URBAN,ROAD,4,13.0
130607,1,2,120,5,1,100.0,0,N,RURAL_VICTORIA,HIGHWAY,4,14.0
130608,4,2,181,5,1,100.0,0,N,RURAL_VICTORIA,ROAD,4,14.0
130609,1,3,99,1,1,50.0,0,I,MELB_URBAN,HIGHWAY,4,12.0
130610,1,2,99,4,3,60.0,0,N,SMALL_CITIES,STREET,4,18.0
130611,4,2,99,2,1,60.0,0,I,MELB_URBAN,ROAD,4,8.0
130612,8,3,174,5,1,80.0,0,N,MELB_URBAN,HIGHWAY,4,16.0
130613,1,2,121,1,1,40.0,0,I,MELBOURNE_CBD,STREET,4,11.0
130614,4,2,171,5,1,50.0,0,N,MELB_URBAN,ROAD,4,17.0
130615,8,3,170,1,2,50.0,0,I,MELB_URBAN,AVENUE,3,19.0
130616,1,2,147,5,2,50.0,0,N,LARGE_PROVINCIAL_CITIES,STREET,4,18.0
130617,2,1,102,2,3,60.0,0,N,MELB_URBAN,ROAD,4,23.0
130618,2,2,100,5,3,40.0,0,N,MELB_URBAN,STREET,4,20.0
130619,1,3,120,5,3,40.0,0,N,MELB_URBAN,HIGHWAY,4,19.0
130620,1,2,160,5,3,50.0,0,N,MELB_URBAN,ROAD,4,21.0
130621,1,1,110,1,3,50.0,0,I,MELB_URBAN,STREET,4,23.0
130622,1,2,120,5,3,50.0,0,N,MELB_URBAN,STREET,4,20.0
130623,1,3,130,5,3,80.0,0,N,MELB_URBAN,FREEWAY,4,5.0
130624,1,3,121,1,1,40.0,0,I,MELB_URBAN,STREET,4,11.0
130625,1,2,130,5,1,60.0,0,N,MELB_URBAN,DRIVE,3,16.0
130626,1,1,130,5,9,60.0,0,N,MELB_URBAN,PARADE,4,10.0
130627,4,3,173,5,1,100.0,0,N,RURAL_VICTORIA,ROAD,4,15.0
130628,4,3,171,5,1,60.0,0,N,MELB_URBAN,ROAD,4,7.0
130629,1,5,130,5,3,80.0,0,N,MELB_URBAN,ROAD,4,22.0
130630,1,3,130,1,1,70.0,0,I,MELB_URBAN,ROAD,4,10.0
130631,1,3,99,1,1,40.0,0,I,MELB_URBAN,STREET,4,7.0
130632,1,4,113,2,1,60.0,0,I,SMALL_CITIES,HIGHWAY,4,9.0
130633,1,4,121,1,1,80.0,0,N,MELB_URBAN,ROAD,4,9.0
130634,4,4,171,4,1,50.0,0,I,TOWNS,STREET,4,9.0
130635,1,7,99,2,1,60.0,0,I,RURAL_VICTORIA,ROAD,4,9.0
130636,1,4,135,5,1,60.0,0,N,MELB_URBAN,ROAD,4,10.0
130637,1,4,121,1,1,60.0,0,I,MELB_URBAN,ROAD,4,10.0
130638,1,3,113,2,1,50.0,0,N,RURAL_VICTORIA,HIGHWAY,4,7.0
130639,1,3,121,2,1,60.0,0,I,MELB_URBAN,ROAD,4,11.0
130640,1,3,130,5,1,100.0,0,N,RURAL_VICTORIA,ROAD,4,11.0
130641,5,2,99,2,6,60.0,0,N,SMALL_TOWNS,STREET,4,19.0
130642,1,4,110,1,1,80.0,0,I,RURAL_VICTORIA,HIGHWAY,4,12.0
130643,1,4,121,1,1,60.0,0,I,MELB_URBAN,STREET,4,11.0
130644,2,7,99,5,1,50.0,0,N,MELB_URBAN,ROAD,4,16.0
130645,1,3,121,1,3,60.0,0,I,MELB_URBAN,ROAD,4,19.0
130646,1,3,99,5,1,60.0,0,N,TOWNS,STREET,4,11.0
130647,1,4,113,1,1,70.0,0,N,MELB_URBAN,ROAD,4,8.0
130648,1,4,121,2,1,60.0,0,I,MELB_URBAN,BOULEVARD,4,13.0
130649,1,4,110,1,1,50.0,0,I,TOWNS,STREET,4,12.0
130650,1,3,130,5,1,80.0,0,N,MELB_URBAN,ROAD,4,14.0
130651,1,4,113,2,1,60.0,0,I,MELB_URBAN,ROAD,4,10.0
130652,1,3,113,2,1,80.0,0,I,RURAL_VICTORIA,HIGHWAY,4,12.0
130653,1,2,130,5,1,100.0,0,N,MELB_URBAN,OTHER,3,15.0
130654,1,4,99,2,2,60.0,0,I,TOWNS,STREET,4,16.0
130655,1,4,121,2,3,60.0,0,I,SMALL_CITIES,STREET,4,19.0
130656,1,4,140,5,3,50.0,0,N,MELB_URBAN,STREET,4,18.0
130657,1,4,130,5,1,60.0,0,N,MELB_URBAN,ROAD,4,16.0
130658,8,4,99,5,3,70.0,0,N,MELB_URBAN,ROAD,4,18.0
130659,1,5,113,2,1,50.0,0,I,MELB_URBAN,ROAD,3,19.0