,accident_type,day_of_week,dca_code,road_geometry,light_condition,speed_zone,severity,node_type,deg_urban_name,road_type,month,hour
130660,1,4,133,5,1,60.0,0,N,MELB_URBAN,STREET,4,17.0
130661,1,3,116,2,3,60.0,0,I,MELB_URBAN,ROAD,4,20.0
130662,2,4,99,5,1,50.0,0,N,MELB_URBAN,DRIVE,4,16.0
130663,1,3,111,1,2,50.0,0,I,SMALL_CITIES,AVENUE,4,6.0
130664,6,4,99,5,1,100.0,0,N,RURAL_VICTORIA,ROAD,4,15.0
130665,4,3,173,5,1,50.0,0,N,RURAL_VICTORIA,OTHER,4,15.0
130666,1,3,110,1,3,70.0,0,I,MELB_URBAN,HIGHWAY,4,21.0
130667,1,7,130,5,3,80.0,0,N,MELB_URBAN,STREET,1,22.0
130668,1,4,121,1,3,60.0,0,I,MELB_URBAN,ROAD,4,4.0
130669,1,4,135,5,1,70.0,0,N,MELB_URBAN,ROAD,4,9.0
130670,4,4,181,2,1,50.0,0,I,MELB_URBAN,OTHER,4,12.0
130671,1,6,135,5,1,60.0,0,N,MELB_URBAN,ROAD,4,12.0
130672,1,4,121,1,1,60.0,0,I,MELB_URBAN,ROAD,4,8.0
130673,1,4,130,2,1,60.0,0,N,MELB_URBAN,ROAD,3,18.0
130674,2,4,99,5,1,50.0,0,N,MELB_URBAN,ROAD,4,9.0
130675,1,5,99,5,1,80.0,0,N,MELB_URBAN,RAMP,4,7.0
130676,1,5,99,5,1,50.0,0,N,MELB_URBAN,ROAD,4,8.0
130677,1,2,120,5,1,100.0,0,N,RURAL_VICTORIA,ROAD,3,16.0
130678,1,3,132,5,3,60.0,0,N,LARGE_PROVINCIAL_CITIES,STREET,4,18.0
130679,1,4,130,5,1,100.0,0,N,RURAL_VICTORIA,ROAD,4,11.0
130680,8,5,174,1,1,60.0,0,I,MELB_URBAN,STREET,4,8.0
130681,1,3,113,4,9,60.0,0,I,MELB_URBAN,DRIVE,4,11.0
130682,1,5,113,2,1,80.0,0,I,MELB_URBAN,ROAD,4,12.0
130683,1,5,130,2,1,40.0,0,N,MELB_URBAN,ROAD,4,17.0
130684,1,5,110,1,1,100.0,0,I,RURAL_VICTORIA,ROAD,4,12.0
130685,1,5,113,2,1,60.0,0,I,MELB_URBAN,ROAD,4,13.0
130686,1,1,132,1,3,60.0,0,I,MELB_URBAN,ROAD,3,21.0
130687,1,5,163,2,1,40.0,0,N,MELBOURNE_CBD,STREET,4,7.0
130688,2,5,100,5,1,50.0,0,N,LARGE_PROVINCIAL_CITIES,STREET,4,15.0
130689,6,7,184,5,2,80.0,0,N,RURAL_VICTORIA,ROAD,11,7.0
130690,1,4,130,5,1,60.0,0,N,MELB_URBAN,ROAD,4,14.0
130691,1,4,130,5,9,100.0,0,N,MELB_URBAN,FREEWAY,2,7.0
130692,1,4,147,5,1,50.0,0,N,MELB_URBAN,DRIVE,4,14.0
130693,1,5,130,4,2,80.0,0,I,SMALL_TOWNS,RAMP,4,16.0
130694,8,0,174,2,1,50.0,0,N,MELB_URBAN,STREET,4,9.0
130695,1,5,130,5,1,100.0,0,N,RURAL_VICTORIA,ROAD,4,15.0
130696,1,2,130,5,1,40.0,0,N,MELB_URBAN,ROAD,3,13.0
130697,1,5,110,1,6,60.0,0,I,LARGE_PROVINCIAL_CITIES,STREET,4,18.0
130698,1,1,99,1,3,40.0,0,I,MELB_URBAN,ROAD,4,20.0
130699,1,3,111,3,1,40.0,0,I,MELB_URBAN,STREET,4,16.0
130700,1,4,121,1,1,50.0,0,I,MELB_URBAN,STREET,4,17.0
130701,4,4,173,5,3,100.0,0,N,RURAL_VICTORIA,HIGHWAY,4,18.0
130702,1,5,120,5,1,100.0,0,N,RURAL_VICTORIA,HIGHWAY,4,13.0
130703,4,4,181,5,1,80.0,0,N,TOWNS,ROAD,4,14.0
130704,1,2,130,5,1,60.0,0,N,MELB_URBAN,PARADE,3,9.0
130705,1,4,130,1,3,80.0,0,I,MELB_URBAN,HIGHWAY,4,18.0
130706,1,5,121,2,1,60.0,0,I,MELB_URBAN,ROAD,4,15.0
130707,1,4,121,1,3,50.0,0,N,MELB_URBAN,ROAD,4,19.0
130708,1,5,111,4,3,80.0,0,N,RURAL_VICTORIA,FREEWAY,4,6.0
130709,1,5,130,5,3,60.0,0,N,MELB_URBAN,ROAD,4,21.0
130710,1,5,99,5,3,80.0,0,N,MELB_URBAN,UNKNOWN,4,20.0
130711,7,4,99,2,3,40.0,0,N,MELBOURNE_CBD,STREET,4,22.0
130712,1,4,130,5,5,100.0,0,N,RURAL_VICTORIA,FREEWAY,4,23.0
130713,1,4,147,5,2,60.0,0,N,MELB_URBAN,ROAD,4,5.0
130714,1,5,130,5,5,60.0,0,N,SMALL_TOWNS,ROAD,4,23.0
130715,1,5,99,2,1,80.0,0,I,RURAL_VICTORIA,HIGHWAY,2,7.0
130716,1,6,130,5,3,100.0,0,N,MELB_URBAN,FREEWAY,4,5.0
130717,1,6,140,5,2,60.0,0,N,SMALL_CITIES,STREET,4,6.0
130718,1,6,120,5,4,100.0,0,N,RURAL_VICTORIA,HIGHWAY,4,1.0
130719,5,4,171,5,1,40.0,0,N,TOWNS,STREET,4,13.0
130720,1,6,140,5,1,60.0,0,N,MELB_URBAN,STREET,3,11.0
130721,1,6,110,1,1,100.0,0,I,RURAL_VICTORIA,ROAD,4,8.0
130722,1,5,110,1,1,70.0,0,I,MELB_URBAN,STREET,4,9.0
130723,4,6,99,1,1,60.0,0,N,TOWNS,ROAD,4,10.0
130724,4,6,173,5,5,100.0,0,N,RURAL_VICTORIA,ROAD,4,5.0
130725,4,6,171,5,1,60.0,0,N,MELB_URBAN,ROAD,4,10.0
130726,1,5,130,2,1,60.0,0,N,MELB_URBAN,ROAD,12,14.0
130727,1,7,130,5,1,60.0,0,N,MELB_URBAN,PARADE,4,13.0
130728,5,0,99,5,1,60.0,0,N,RURAL_VICTORIA,OTHER,3,10.0
130729,2,6,100,5,1,60.0,0,N,MELB_URBAN,ROAD,4,12.0
130730,4,6,171,5,1,60.0,0,N,MELB_URBAN,STREET,4,11.0
130731,1,6,135,5,1,60.0,0,N,MELB_URBAN,FREEWAY,4,7.0
130732,1,3,160,5,1,60.0,0,N,MELB_URBAN,HIGHWAY,4,14.0
130733,1,6,130,5,1,80.0,0,N,MELB_URBAN,RAMP,4,8.0
130734,1,4,113,2,1,70.0,0,I,MELB_URBAN,ROAD,3,12.0
130735,1,3,130,5,1,60.0,0,N,MELB_URBAN,STREET,2,19.0
130736,2,6,100,1,1,60.0,1,I,LARGE_PROVINCIAL_CITIES,STREET,4,8.0
130737,8,1,174,5,1,100.0,0,N,RURAL_VICTORIA,ROAD,3,16.0
130738,4,6,183,5,1,100.0,0,I,RURAL_VICTORIA,HIGHWAY,4,11.0
130739,1,6,132,2,1,80.0,0,I,TOWNS,HIGHWAY,4,16.0
130740,1,6,121,1,1,80.0,0,N,MELB_URBAN,ROAD,4,17.0
130741,4,6,171,5,1,50.0,0,N,MELB_URBAN,ROAD,4,16.0
130742,1,6,130,2,2,50.0,0,I,SMALL_CITIES,STREET,4,18.0
130743,3,4,167,4,3,60.0,0,I,RURAL_VICTORIA,STREET,3,23.0
130744,4,6,173,5,1,100.0,0,N,RURAL_VICTORIA,ROAD,4,17.0
130745,1,5,147,5,3,80.0,0,N,RURAL_VICTORIA,AVENUE,4,18.0
130746,1,3,147,5,1,60.0,0,I,LARGE_PROVINCIAL_CITIES,UNKNOWN,2,18.0
130747,1,6,99,1,1,70.0,0,I,MELB_URBAN,ROAD,2,7.0
130748,2,5,99,5,5,100.0,0,N,SMALL_CITIES,ROAD,4,18.0
130749,1,4,121,2,1,60.0,0,N,MELB_URBAN,STREET,4,14.0
130750,2,6,100,5,3,30.0,0,N,MELB_URBAN,STREET,4,18.0
130751,1,6,110,1,2,50.0,0,I,MELB_URBAN,STREET,4,17.0
130752,1,5,130,5,2,60.0,0,N,MELB_URBAN,ROAD,4,17.0
130753,1,6,147,5,1,60.0,0,N,MELB_URBAN,ROAD,4,16.0
130754,4,6,181,5,5,60.0,0,N,RURAL_VICTORIA,ROAD,4,21.0
130755,1,6,110,1,1,50.0,1,I,MELB_URBAN,AVENUE,4,17.0
130756,1,6,99,1,3,60.0,0,I,TOWNS,ROAD,4,22.0
130757,4,6,171,5,9,60.0,0,N,RURAL_VICTORIA,HIGHWAY,4,22.0
130758,8,6,174,5,3,80.0,0,N,MELB_URBAN,ROAD,4,23.0
130759,1,2,130,5,2,60.0,0,N,MELB_URBAN,ROAD,4,17.0
130760,1,1,121,1,2,60.0,0,I,MELB_URBAN,STREET,4,17.0
130761,1,6,110,1,3,60.0,0,I,MELB_URBAN,STREET,4,6.0
130762,1,5,160,5,1,50.0,0,N,MELB_URBAN,ROAD,4,13.0
130763,4,1,173,2,3,60.0,0,N,RURAL_VICTORIA,ROAD,2,2.0
130764,1,6,160,1,3,40.0,0,N,MELB_URBAN,STREET,4,20.0
130765,1,7,135,5,1,110.0,0,N,RURAL_VICTORIA,FREEWAY,4,8.0
130766,2,4,100,1,1,40.0,0,I,MELB_URBAN,ROAD,3,11.0
130767,1,7,110,1,1,100.0,0,I,RURAL_VICTORIA,ROAD,4,8.0
130768,2,3,99,5,9,60.0,0,N,TOWNS,AVENUE,3,11.0
130769,1,3,110,1,2,60.0,0,I,MELB_URBAN,ROAD,4,18.0
130770,6,7,99,5,1,80.0,0,N,RURAL_VICTORIA,ROAD,4,9.0
130771,1,7,99,5,1,60.0,0,N,SMALL_CITIES,ROAD,4,10.0
130772,4,7,181,5,1,100.0,0,N,RURAL_VICTORIA,ROAD,4,11.0
130773,2,7,100,5,1,40.0,0,N,MELB_URBAN,ROAD,4,12.0
130774,1,1,130,1,1,80.0,0,N,MELB_URBAN,ROAD,4,15.0
130775,6,6,174,1,6,60.0,0,I,LARGE_PROVINCIAL_CITIES,STREET,4,21.0
130776,1,6,110,1,1,50.0,0,I,MELB_URBAN,UNKNOWN,4,14.0
130777,4,6,171,5,1,80.0,0,N,LARGE_PROVINCIAL_CITIES,ROAD,4,10.0
130778,1,5,132,2,9,60.0,0,I,MELB_URBAN,STREET,1,14.0
130779,1,7,130,5,1,80.0,0,N,MELB_URBAN,HIGHWAY,4,10.0
130780,1,6,160,5,1,50.0,0,N,TOWNS,STREET,4,15.0
130781,8,2,174,1,1,60.0,0,N,MELB_URBAN,ROAD,3,16.0
130782,1,7,110,1,1,50.0,0,I,MELB_URBAN,STREET,3,10.0
130783,2,5,99,1,1,60.0,0,I,MELB_URBAN,ROAD,4,17.0
130784,1,4,130,5,1,60.0,0,N,MELB_URBAN,STREET,4,13.0
130785,1,7,113,2,1,60.0,0,N,SMALL_CITIES,ROAD,4,15.0
130786,1,1,110,1,3,60.0,0,I,MELB_URBAN,DRIVE,3,20.0
130787,2,7,102,2,4,60.0,0,N,MELB_URBAN,OTHER,4,18.0
130788,1,6,121,2,3,60.0,0,N,MELB_URBAN,ROAD,4,18.0
130789,1,3,99,5,1,40.0,0,N,MELB_URBAN,STREET,3,14.0
130790,1,4,99,1,1,50.0,0,I,MELB_URBAN,AVENUE,4,20.0
130791,4,6,171,5,1,50.0,0,N,RURAL_VICTORIA,ROAD,4,14.0
130792,4,7,171,5,5,100.0,1,N,RURAL_VICTORIA,HIGHWAY,4,18.0
130793,2,7,99,5,5,80.0,0,N,RURAL_VICTORIA,ROAD,4,20.0
130794,1,7,140,2,3,80.0,0,I,LARGE_PROVINCIAL_CITIES,ROAD,4,20.0
130795,1,7,140,5,3,40.0,0,N,MELB_URBAN,STREET,4,22.0
130796,1,7,132,2,1,60.0,0,I,SMALL_CITIES,AVENUE,4,15.0
130797,1,7,110,1,1,80.0,0,I,RURAL_VICTORIA,ROAD,4,17.0
130798,2,1,102,5,5,80.0,0,N,MELB_URBAN,ROAD,4,0.0
130799,4,1,171,5,3,60.0,0,N,MELB_URBAN,ROAD,4,2.0
130800,4,7,173,5,3,50.0,0,N,SMALL_CITIES,STREET,4,23.0
130801,4,1,171,5,1,70.0,0,N,MELB_URBAN,ROAD,4,9.0
130802,1,0,110,1,1,60.0,0,I,TOWNS,STREET,4,9.0
130803,1,1,110,1,1,60.0,0,I,MELB_URBAN,STREET,4,9.0
130804,1,3,130,2,1,80.0,0,I,RURAL_VICTORIA,DRIVE,4,17.0
130805,1,0,99,2,1,40.0,0,I,MELB_URBAN,STREET,4,12.0
130806,1,7,130,5,2,100.0,0,N,MELB_URBAN,FREEWAY,4,16.0
130807,1,4,110,1,1,80.0,0,I,MELB_URBAN,ROAD,4,11.0
130808,1,0,130,5,1,60.0,0,N,MELB_URBAN,ROAD,4,12.0
130809,1,1,130,2,1,100.0,0,I,RURAL_VICTORIA,HIGHWAY,4,13.0
130810,6,7,174,1,6,60.0,0,I,MELB_URBAN,BOULEVARD,4,18.0
130811,1,0,116,4,1,60.0,0,I,MELB_URBAN,ROAD,4,13.0
130812,4,7,181,5,1,60.0,0,N,RURAL_VICTORIA,ROAD,4,17.0
130813,1,7,140,5,5,100.0,0,N,RURAL_VICTORIA,ROAD,4,18.0
130814,6,1,99,5,1,100.0,0,N,RURAL_VICTORIA,ROAD,4,11.0
130815,6,2,99,5,1,50.0,0,N,RURAL_VICTORIA,ROAD,3,13.0
130816,1,7,130,5,1,60.0,0,N,RURAL_VICTORIA,ROAD,3,15.0
130817,6,3,170,5,9,60.0,0,N,SMALL_TOWNS,ROAD,4,17.0
130818,1,1,147,5,1,70.0,0,N,MELB_URBAN,ROAD,4,15.0
130819,1,1,120,5,1,80.0,0,N,MELB_URBAN,ROAD,4,16.0
130820,2,1,100,5,3,50.0,0,N,MELB_URBAN,AVENUE,4,18.0
130821,1,5,130,2,9,70.0,0,N,MELB_URBAN,ROAD,1,13.0
130822,1,1,147,5,3,60.0,0,N,SMALL_CITIES,STREET,4,18.0
130823,1,4,121,2,9,60.0,0,I,MELB_URBAN,ROAD,4,18.0
130824,1,0,130,1,3,40.0,0,I,MELB_URBAN,ROAD,4,22.0
130825,1,1,99,5,1,50.0,0,N,SMALL_CITIES,STREET,4,14.0
130826,4,2,171,5,3,80.0,0,N,MELB_URBAN,HIGHWAY,4,0.0
130827,4,2,171,5,5,60.0,0,N,MELB_URBAN,FREEWAY,4,2.0
130828,1,2,134,5,3,100.0,0,N,MELB_URBAN,RAMP,4,3.0
130829,1,1,99,2,3,50.0,0,N,MELB_URBAN,DRIVE,4,1.0
130830,4,0,171,5,2,50.0,0,N,LARGE_PROVINCIAL_CITIES,STREET,4,7.0
130831,1,2,132,2,3,60.0,0,I,MELB_URBAN,ROAD,4,2.0
130832,1,1,99,5,1,100.0,0,N,RURAL_VICTORIA,ROAD,4,14.0
130833,1,1,135,5,1,80.0,0,N,MELB_URBAN,FREEWAY,4,6.0
130834,1,2,130,5,1,60.0,0,N,MELB_URBAN,ROAD,3,15.0
130835,1,7,121,1,1,80.0,0,I,RURAL_VICTORIA,HIGHWAY,4,10.0
130836,1,7,130,5,9,60.0,0,N,MELB_URBAN,OTHER,4,16.0
130837,6,7,174,5,6,60.0,0,N,MELB_URBAN,ROAD,4,21.0
130838,1,2,130,5,1,50.0,0,N,MELB_URBAN,ROAD,3,17.0
130839,1,2,99,5,1,60.0,0,N,MELB_URBAN,STREET,4,10.0
130840,1,1,130,5,1,60.0,0,N,MELB_URBAN,ROAD,3,15.0
130841,2,2,99,5,1,50.0,0,N,RURAL_VICTORIA,STREET,4,11.0
130842,4,1,173,2,1,100.0,0,I,RURAL_VICTORIA,ROAD,4,11.0
130843,4,1,181,5,1,100.0,0,N,RURAL_VICTORIA,HIGHWAY,4,11.0
130844,1,5,130,4,1,80.0,0,I,MELB_URBAN,RAMP,3,6.0
130845,5,1,99,5,1,60.0,0,N,RURAL_VICTORIA,ROAD,4,12.0
130846,1,5,130,1,1,80.0,0,I,MELB_URBAN,ROAD,3,16.0
130847,1,2,130,5,1,50.0,0,N,MELB_URBAN,ROAD,4,18.0
130848,1,3,111,4,1,70.0,0,I,RURAL_VICTORIA,ROAD,3,14.0
130849,1,1,121,2,1,50.0,0,N,RURAL_VICTORIA,STREET,4,13.0
130850,1,5,134,1,1,60.0,0,I,LARGE_PROVINCIAL_CITIES,STREET,4,11.0
130851,1,2,99,5,1,50.0,0,N,LARGE_PROVINCIAL_CITIES,STREET,4,11.0
130852,1,2,120,5,1,100.0,1,N,RURAL_VICTORIA,ROAD,4,14.0
130853,2,1,99,5,1,40.0,0,N,MELB_URBAN,UNKNOWN,4,15.0
130854,1,1,130,5,1,100.0,0,N,MELB_URBAN,FREEWAY,3,7.0
130855,1,1,130,5,1,80.0,0,N,MELB_URBAN,HIGHWAY,4,12.0
130856,1,2,110,1,1,60.0,0,N,SMALL_CITIES,PARADE,4,15.0
130857,1,2,99,2,1,60.0,0,I,MELB_URBAN,AVENUE,4,16.0
130858,3,2,167,5,1,110.0,0,N,RURAL_VICTORIA,FREEWAY,4,14.0
130859,4,1,181,5,1,80.0,0,N,RURAL_VICTORIA,ROAD,4,16.0
130860,1,7,113,2,3,60.0,0,I,MELB_URBAN,ROAD,3,19.0
130861,1,2,99,5,2,50.0,0,N,LARGE_PROVINCIAL_CITIES,STREET,4,17.0
130862,1,2,113,2,1,60.0,0,N,MELB_URBAN,HIGHWAY,4,14.0
130863,4,1,171,5,2,80.0,0,N,MELB_URBAN,ROAD,4,17.0
130864,1,3,130,5,6,80.0,0,N,MELB_URBAN,FREEWAY,4,5.0
130865,1,2,121,2,1,60.0,0,I,MELB_URBAN,ROAD,4,15.0
130866,1,6,99,2,9,60.0,0,I,MELB_URBAN,ROAD,4,18.0
130867,1,2,120,5,5,80.0,0,N,RURAL_VICTORIA,HIGHWAY,4,17.0
130868,1,2,130,5,3,70.0,0,N,LARGE_PROVINCIAL_CITIES,ROAD,4,18.0
130869,4,1,171,5,1,60.0,0,N,SMALL_TOWNS,STREET,3,14.0
130870,1,2,130,2,9,60.0,0,N,MELB_URBAN,STREET,4,19.0
130871,6,2,99,5,5,90.0,0,N,RURAL_VICTORIA,ROAD,4,23.0
130872,1,5,147,5,1,50.0,0,N,MELB_URBAN,ROAD,3,8.0
130873,6,2,174,2,1,60.0,0,I,MELB_URBAN,ROAD,3,10.0
130874,4,3,171,5,1,70.0,0,N,MELB_URBAN,HIGHWAY,4,6.0
130875,1,3,130,9,1,80.0,0,N,SMALL_CITIES,HIGHWAY,4,8.0
130876,2,3,100,5,1,40.0,0,N,LARGE_PROVINCIAL_CITIES,STREET,4,8.0
130877,1,3,113,2,1,60.0,0,I,MELB_URBAN,ROAD,4,8.0
130878,1,2,99,2,1,50.0,0,I,MELB_URBAN,ROAD,4,13.0
130879,1,7,99,5,9,60.0,0,N,MELB_URBAN,ROAD,4,14.0
130880,1,3,111,2,9,60.0,0,I,MELB_URBAN,ROAD,3,22.0
130881,4,3,99,5,1,50.0,0,N,MELB_URBAN,ROAD,4,9.0
130882,1,5,130,5,1,80.0,0,N,MELB_URBAN,FREEWAY,4,15.0
130883,9,1,174,5,9,60.0,0,N,RURAL_VICTORIA,OTHER,4,10.0
130884,6,3,99,5,1,80.0,0,N,RURAL_VICTORIA,ROAD,4,10.0
130885,5,1,99,5,1,60.0,0,N,RURAL_VICTORIA,ROAD,2,8.0
130886,1,2,130,1,1,60.0,0,N,SMALL_CITIES,HIGHWAY,4,11.0
130887,1,3,130,1,1,60.0,0,I,MELBOURNE_CBD,STREET,4,16.0
130888,1,3,160,5,1,60.0,0,N,SMALL_CITIES,STREET,4,11.0
130889,4,4,183,5,9,60.0,0,N,RURAL_VICTORIA,ROAD,4,17.0
130890,1,7,130,5,1,60.0,0,N,MELB_URBAN,ROAD,4,12.0
130891,4,3,173,5,1,100.0,0,N,RURAL_VICTORIA,ROAD,4,12.0
130892,1,3,140,5,1,40.0,0,N,MELB_URBAN,STREET,4,10.0
130893,1,3,110,1,1,50.0,0,I,MELB_URBAN,STREET,4,12.0
130894,2,3,99,5,1,50.0,0,N,MELB_URBAN,STREET,4,13.0
130895,1,1,110,1,1,40.0,0,I,SMALL_CITIES,STREET,4,9.0
130896,1,4,130,5,1,100.0,0,N,MELB_URBAN,RAMP,3,15.0
130897,2,3,99,1,1,40.0,0,N,MELBOURNE_CBD,STREET,4,11.0
130898,1,3,133,5,1,60.0,0,N,MELB_URBAN,OTHER,4,12.0
130899,1,2,110,1,1,60.0,0,I,LARGE_PROVINCIAL_CITIES,STREET,4,13.0
130900,8,3,174,2,1,50.0,0,I,MELB_URBAN,OTHER,4,12.0
130901,1,5,113,2,1,100.0,0,I,RURAL_VICTORIA,HIGHWAY,11,12.0
130902,1,3,130,2,1,60.0,0,I,MELB_URBAN,ROAD,4,13.0
130903,1,7,130,2,1,80.0,0,I,MELB_URBAN,ROAD,4,16.0
130904,4,3,171,5,1,100.0,0,N,RURAL_VICTORIA,ROAD,4,12.0
130905,4,3,181,5,1,100.0,0,N,RURAL_VICTORIA,HIGHWAY,4,7.0
130906,6,4,170,1,3,50.0,0,I,MELB_URBAN,STREET,3,20.0
130907,1,3,130,5,1,80.0,0,N,MELB_URBAN,FREEWAY,4,15.0
130908,1,3,121,1,1,50.0,0,I,TOWNS,STREET,4,16.0
130909,4,3,99,2,1,50.0,0,I,SMALL_CITIES,STREET,4,14.0
130910,1,2,130,5,9,60.0,0,N,MELB_URBAN,HIGHWAY,4,17.0
130911,1,3,147,5,2,60.0,0,N,TOWNS,STREET,4,17.0
130912,1,3,120,5,1,100.0,0,N,RURAL_VICTORIA,ROAD,4,13.0
130913,1,3,99,1,2,50.0,0,I,SMALL_CITIES,STREET,4,17.0
130914,1,3,120,2,1,80.0,0,N,RURAL_VICTORIA,ROAD,4,15.0
130915,1,3,132,2,3,60.0,0,I,MELB_URBAN,ROAD,4,17.0
130916,1,6,130,5,2,50.0,0,N,MELB_URBAN,PARADE,4,18.0
130917,1,3,121,1,1,60.0,0,I,MELB_URBAN,ROAD,4,14.0
130918,1,3,121,1,3,60.0,0,I,SMALL_CITIES,STREET,4,18.0
130919,1,2,130,5,1,60.0,0,N,MELB_URBAN,ROAD,4,8.0
130920,1,3,147,5,3,50.0,0,N,MELB_URBAN,STREET,4,17.0
130921,1,2,113,2,3,60.0,0,I,MELB_URBAN,ROAD,4,18.0
130922,1,2,134,5,3,60.0,0,N,MELB_URBAN,ROAD,4,18.0
130923,1,3,110,1,9,50.0,0,I,MELB_URBAN,STREET,4,17.0
130924,1,3,99,5,3,50.0,0,N,MELB_URBAN,STREET,4,19.0
130925,6,2,99,5,5,100.0,0,N,SMALL_TOWNS,ROAD,4,22.0
130926,4,3,171,4,3,80.0,0,I,MELB_URBAN,RAMP,4,22.0
130927,1,3,113,2,3,60.0,0,I,MELB_URBAN,OTHER,4,18.0
130928,4,2,173,5,3,50.0,0,N,MELB_URBAN,AVENUE,4,23.0
130929,1,3,121,4,3,60.0,0,I,RURAL_VICTORIA,HIGHWAY,4,6.0
130930,4,3,171,5,5,80.0,0,N,RURAL_VICTORIA,ROAD,4,3.0
130931,1,2,113,2,1,80.0,0,I,SMALL_CITIES,HIGHWAY,4,16.0
130932,1,3,116,2,1,50.0,0,N,LARGE_PROVINCIAL_CITIES,ROAD,4,8.0
130933,1,4,130,5,2,100.0,0,N,RURAL_VICTORIA,HIGHWAY,4,7.0
130934,1,3,99,5,2,60.0,0,N,SMALL_CITIES,ROAD,4,18.0
130935,1,1,130,5,1,80.0,0,N,MELB_URBAN,HIGHWAY,3,16.0
130936,1,4,121,2,1,60.0,0,I,MELB_URBAN,ROAD,4,8.0
130937,1,3,110,1,1,60.0,0,I,SMALL_TOWNS,STREET,4,10.0
130938,1,3,121,5,5,60.0,0,N,RURAL_VICTORIA,STREET,4,6.0
130939,8,6,174,5,9,60.0,0,N,MELB_URBAN,ROAD,4,9.0
130940,1,5,132,2,1,60.0,0,I,MELB_URBAN,STREET,4,17.0
130941,1,4,110,1,1,100.0,0,I,RURAL_VICTORIA,ROAD,4,9.0
130942,1,5,140,5,1,40.0,0,N,MELB_URBAN,OTHER,4,9.0
130943,1,4,121,2,1,60.0,0,N,LARGE_PROVINCIAL_CITIES,STREET,4,11.0
130944,2,2,99,5,1,60.0,0,N,MELB_URBAN,ROAD,4,15.0
130945,1,2,130,5,1,80.0,0,N,MELB_URBAN,FREEWAY,3,8.0
130946,1,3,116,1,1,50.0,0,I,MELB_URBAN,STREET,4,12.0
130947,8,1,174,1,1,60.0,0,I,LARGE_PROVINCIAL_CITIES,STREET,1,16.0
130948,1,6,99,4,9,60.0,0,I,MELB_URBAN,ROAD,3,18.0
130949,1,3,130,5,1,70.0,0,N,MELB_URBAN,ROAD,4,10.0
130950,1,4,140,5,1,60.0,0,N,MELB_URBAN,ROAD,3,11.0
130951,1,3,130,5,1,60.0,0,N,RURAL_VICTORIA,ROAD,4,11.0
130952,1,4,163,5,1,40.0,0,N,MELB_URBAN,STREET,4,14.0
130953,1,3,130,9,1,80.0,0,I,MELB_URBAN,HIGHWAY,4,7.0
130954,6,3,170,5,1,100.0,0,N,RURAL_VICTORIA,ROAD,4,7.0
130955,1,2,130,5,2,60.0,0,N,MELB_URBAN,ROAD,4,18.0
130956,1,3,130,5,2,70.0,0,N,MELB_URBAN,ROAD,4,16.0
130957,1,3,140,5,1,100.0,0,N,RURAL_VICTORIA,ROAD,4,14.0
130958,1,3,140,5,3,60.0,0,N,MELB_URBAN,ROAD,4,19.0
130959,1,3,110,1,1,60.0,0,I,RURAL_VICTORIA,ROAD,4,14.0
130960,1,4,120,5,1,60.0,0,N,SMALL_TOWNS,STREET,4,14.0
130961,1,4,111,2,1,60.0,0,I,MELB_URBAN,STREET,4,16.0
130962,1,4,147,5,2,70.0,0,I,RURAL_VICTORIA,HIGHWAY,4,17.0
130963,1,4,121,2,3,60.0,0,I,MELB_URBAN,ROAD,4,18.0
130964,1,4,99,5,3,50.0,0,N,MELB_URBAN,DRIVE,4,19.0
130965,1,3,121,1,3,60.0,0,I,MELB_URBAN,PARADE,4,18.0
130966,1,4,130,1,1,60.0,0,I,LARGE_PROVINCIAL_CITIES,STREET,4,16.0
130967,1,4,121,1,1,70.0,0,I,MELB_URBAN,HIGHWAY,4,8.0
130968,1,3,130,5,1,60.0,0,N,MELB_URBAN,BOULEVARD,4,17.0
130969,1,4,120,5,1,60.0,0,N,MELB_URBAN,ROAD,4,16.0
130970,1,4,111,1,3,60.0,0,I,MELB_URBAN,STREET,4,20.0
130971,1,3,160,2,1,60.0,0,I,MELB_URBAN,ROAD,4,15.0
130972,2,4,100,1,3,60.0,0,I,MELB_URBAN,ROAD,4,18.0
130973,1,4,113,2,3,50.0,0,I,MELB_URBAN,ROAD,4,20.0
130974,1,3,113,2,3,80.0,0,I,MELB_URBAN,ROAD,4,20.0
130975,4,4,171,5,3,50.0,0,N,MELB_URBAN,ROAD,4,5.0
130976,1,5,121,1,3,80.0,0,I,MELB_URBAN,ROAD,4,0.0
130977,1,3,130,2,3,80.0,0,I,SMALL_CITIES,ROAD,4,6.0
130978,1,4,121,5,1,60.0,0,N,LARGE_PROVINCIAL_CITIES,ROAD,4,8.0
130979,1,5,110,1,1,60.0,0,I,LARGE_PROVINCIAL_CITIES,STREET,3,17.0
130980,1,2,121,2,1,70.0,0,I,MELB_URBAN,ROAD,4,7.0
130981,1,5,133,5,1,50.0,0,N,MELB_URBAN,ROAD,4,8.0
130982,1,7,133,5,3,100.0,0,N,MELB_URBAN,UNKNOWN,3,23.0
130983,8,7,184,5,1,60.0,0,N,RURAL_VICTORIA,OTHER,3,9.0