,accident_type,day_of_week,dca_code,road_geometry,light_condition,speed_zone,severity,node_type,deg_urban_name,road_type,month,hour
130984,1,3,134,5,9,60.0,0,N,MELB_URBAN,OTHER,4,16.0
130985,2,3,102,1,2,60.0,0,N,MELB_URBAN,BOULEVARD,4,17.0
130986,1,5,130,5,1,80.0,0,N,MELB_URBAN,FREEWAY,4,13.0
130987,2,5,99,5,1,60.0,0,I,TOWNS,AVENUE,4,10.0
130988,1,7,130,1,1,60.0,0,I,MELB_URBAN,ROAD,3,18.0
130989,2,5,100,5,6,50.0,0,N,MELB_URBAN,STREET,4,6.0
130990,4,1,181,5,1,50.0,0,N,MELB_URBAN,ROAD,4,9.0
130991,2,5,100,5,1,60.0,0,N,MELB_URBAN,ROAD,4,8.0
130992,1,2,99,5,1,100.0,0,N,RURAL_VICTORIA,HIGHWAY,4,10.0
130993,4,5,99,2,1,60.0,0,I,MELB_URBAN,ROAD,4,10.0
130994,6,5,184,2,1,80.0,0,N,RURAL_VICTORIA,ROAD,4,7.0
130995,1,4,130,4,1,60.0,0,N,SMALL_CITIES,PARADE,4,8.0
130996,8,5,174,5,1,50.0,0,N,SMALL_CITIES,STREET,4,12.0
130997,1,3,99,5,1,100.0,0,N,MELB_URBAN,UNKNOWN,4,16.0
130998,1,4,110,1,1,60.0,0,I,MELB_URBAN,ROAD,4,12.0
130999,5,4,99,5,1,40.0,0,N,RURAL_VICTORIA,HIGHWAY,4,11.0
131000,1,4,99,2,3,40.0,0,I,MELB_URBAN,STREET,4,18.0
131001,4,5,173,5,1,70.0,0,N,MELB_URBAN,ROAD,4,10.0
131002,1,5,120,2,1,60.0,0,I,MELB_URBAN,ROAD,4,8.0
131003,1,4,99,5,1,80.0,0,N,MELB_URBAN,FREEWAY,4,13.0
131004,1,5,121,4,1,80.0,0,I,MELB_URBAN,ROAD,4,13.0
131005,1,5,113,1,1,60.0,0,I,MELB_URBAN,ROAD,4,14.0
131006,1,4,111,1,1,100.0,0,I,RURAL_VICTORIA,ROAD,4,16.0
131007,4,5,171,2,1,100.0,0,I,RURAL_VICTORIA,OTHER,4,13.0
131008,1,5,99,5,1,40.0,0,N,MELB_URBAN,STREET,4,12.0
131009,1,7,140,5,1,40.0,0,N,MELB_URBAN,STREET,4,15.0
131010,1,6,130,5,6,60.0,0,N,MELB_URBAN,ROAD,4,3.0
131011,1,5,133,5,1,100.0,0,N,MELB_URBAN,FREEWAY,4,15.0
131012,1,7,135,5,9,60.0,0,N,MELB_URBAN,STREET,3,19.0
131013,1,3,130,2,1,60.0,0,I,MELB_URBAN,ROAD,3,16.0
131014,1,5,121,5,3,60.0,0,N,MELB_URBAN,ROAD,4,19.0
131015,1,4,121,2,1,60.0,0,I,MELB_URBAN,ROAD,4,17.0
131016,1,1,130,5,2,60.0,0,N,MELB_URBAN,RAMP,3,6.0
131017,1,5,132,2,1,80.0,0,N,TOWNS,HIGHWAY,4,15.0
131018,1,5,121,1,3,40.0,0,I,MELBOURNE_CBD,STREET,4,18.0
131019,3,4,167,5,2,100.0,0,N,RURAL_VICTORIA,ROAD,4,17.0
131020,4,2,171,5,5,60.0,0,N,RURAL_VICTORIA,ROAD,4,17.0
131021,8,5,174,5,2,60.0,0,N,MELB_URBAN,ROAD,4,18.0
131022,2,1,99,2,1,60.0,0,N,MELB_URBAN,ROAD,4,15.0
131023,5,4,99,5,5,110.0,0,N,RURAL_VICTORIA,OTHER,4,20.0
131024,1,2,121,1,1,60.0,0,I,MELB_URBAN,ROAD,3,16.0
131025,1,5,160,5,3,60.0,0,N,SMALL_CITIES,ROAD,4,20.0
131026,1,5,99,5,1,60.0,0,UNKNOWN,UNKNOWN,UNKNOWN,4,15.0
131027,6,2,99,5,1,70.0,0,N,MELB_URBAN,ROAD,4,8.0
131028,1,5,121,1,3,60.0,0,I,MELB_URBAN,ROAD,4,23.0
131029,1,5,130,5,1,60.0,0,N,MELB_URBAN,HIGHWAY,4,9.0
131030,4,6,171,5,1,80.0,0,N,RURAL_VICTORIA,OTHER,3,16.0
131031,4,5,173,5,1,50.0,0,N,MELB_URBAN,OTHER,4,12.0
131032,1,5,99,1,1,100.0,0,I,RURAL_VICTORIA,ROAD,11,8.0
131033,1,5,130,5,1,80.0,0,N,MELB_URBAN,ROAD,4,8.0
131034,4,6,183,5,1,80.0,0,N,RURAL_VICTORIA,ROAD,4,8.0
131035,1,5,130,1,1,60.0,0,I,MELB_URBAN,ROAD,4,9.0
131036,2,4,102,5,1,50.0,0,N,TOWNS,STREET,4,15.0
131037,1,6,121,5,1,60.0,0,N,MELB_URBAN,ROAD,4,10.0
131038,2,4,102,1,1,50.0,0,I,MELB_URBAN,STREET,4,15.0
131039,1,6,121,2,1,80.0,0,I,SMALL_CITIES,ROAD,4,9.0
131040,1,6,160,5,1,50.0,0,N,MELB_URBAN,STREET,4,9.0
131041,6,4,170,5,9,100.0,0,N,RURAL_VICTORIA,ROAD,3,5.0
131042,1,5,130,5,1,100.0,0,N,RURAL_VICTORIA,ROAD,4,10.0
131043,1,2,147,5,1,60.0,0,N,MELB_URBAN,ROAD,3,8.0
131044,4,5,173,2,1,50.0,0,I,LARGE_PROVINCIAL_CITIES,AVENUE,4,10.0
131045,6,6,174,5,1,80.0,0,N,SMALL_CITIES,ROAD,4,12.0
131046,1,1,110,1,1,60.0,0,I,MELB_URBAN,ROAD,3,11.0
131047,1,4,130,5,1,100.0,0,N,MELB_URBAN,FREEWAY,3,15.0
131048,1,5,121,2,1,80.0,0,I,RURAL_VICTORIA,ROAD,4,14.0
131049,1,5,110,1,1,60.0,0,I,RURAL_VICTORIA,HIGHWAY,4,9.0
131050,1,3,132,5,1,40.0,0,N,MELB_URBAN,ROAD,4,9.0
131051,2,5,99,2,1,50.0,0,I,MELB_URBAN,DRIVE,4,15.0
131052,1,4,135,5,1,100.0,0,N,MELB_URBAN,FREEWAY,4,7.0
131053,4,4,181,5,1,80.0,0,N,RURAL_VICTORIA,ROAD,4,16.0
131054,4,5,99,5,1,50.0,0,N,MELB_URBAN,STREET,4,9.0
131055,1,6,99,2,1,80.0,0,I,MELB_URBAN,HIGHWAY,4,17.0
131056,1,3,121,1,1,80.0,0,I,MELB_URBAN,OTHER,3,17.0
131057,1,5,121,2,1,80.0,0,I,RURAL_VICTORIA,ROAD,4,16.0
131058,1,6,130,5,1,60.0,0,N,LARGE_PROVINCIAL_CITIES,HIGHWAY,4,14.0
131059,1,6,130,5,1,50.0,0,N,MELB_URBAN,STREET,4,17.0
131060,1,4,135,1,1,70.0,0,I,MELB_URBAN,HIGHWAY,4,13.0
131061,1,5,121,2,2,70.0,0,N,MELB_URBAN,STREET,4,17.0
131062,1,6,130,5,3,50.0,0,N,MELB_URBAN,ROAD,4,18.0
131063,1,5,110,1,3,50.0,0,I,TOWNS,STREET,4,19.0
131064,1,6,121,5,3,60.0,0,N,MELB_URBAN,ROAD,4,19.0
131065,3,6,167,5,5,100.0,0,N,RURAL_VICTORIA,HIGHWAY,4,19.0
131066,1,6,130,5,3,80.0,0,N,MELB_URBAN,FREEWAY,4,17.0
131067,4,1,183,5,1,100.0,0,N,RURAL_VICTORIA,ROAD,4,13.0
131068,1,6,130,5,5,100.0,0,N,MELB_URBAN,FREEWAY,4,19.0
131069,1,6,130,5,3,80.0,0,N,MELB_URBAN,UNKNOWN,4,18.0
131070,1,6,130,1,3,60.0,0,N,MELB_URBAN,STREET,4,19.0
131071,8,5,99,5,1,100.0,0,N,RURAL_VICTORIA,HIGHWAY,4,14.0
131072,2,6,102,5,3,50.0,0,N,SMALL_TOWNS,UNKNOWN,4,21.0
131073,1,6,120,5,1,80.0,0,N,RURAL_VICTORIA,ROAD,4,6.0
131074,1,5,113,2,3,70.0,0,UNKNOWN,RURAL_VICTORIA,UNKNOWN,4,18.0
131075,1,5,111,1,3,60.0,0,I,TOWNS,HIGHWAY,4,17.0
131076,1,6,120,5,6,60.0,0,N,MELB_URBAN,HIGHWAY,4,21.0
131077,1,7,121,4,3,80.0,0,I,MELB_URBAN,RAMP,4,1.0
131078,2,3,99,5,5,60.0,0,N,MELB_URBAN,ROAD,3,20.0
131079,6,7,99,2,3,60.0,0,N,MELB_URBAN,ROAD,4,5.0
131080,1,6,110,1,3,60.0,0,I,LARGE_PROVINCIAL_CITIES,ROAD,4,6.0
131081,1,6,99,2,1,50.0,0,I,MELB_URBAN,STREET,4,6.0
131082,4,7,173,5,5,100.0,0,N,RURAL_VICTORIA,ROAD,4,4.0
131083,1,7,99,5,1,70.0,0,N,MELB_URBAN,ROAD,4,9.0
131084,4,6,181,5,5,110.0,0,N,RURAL_VICTORIA,FREEWAY,4,18.0
131085,1,6,111,2,1,80.0,0,I,MELB_URBAN,ROAD,4,9.0
131086,1,7,130,5,1,60.0,0,N,MELB_URBAN,RAMP,4,10.0
131087,2,6,99,5,1,50.0,0,N,MELB_URBAN,DRIVE,4,9.0
131088,1,7,121,2,1,60.0,0,I,MELB_URBAN,ROAD,4,10.0
131089,2,7,99,5,1,50.0,0,N,LARGE_PROVINCIAL_CITIES,STREET,4,9.0
131090,4,7,173,5,5,100.0,1,N,RURAL_VICTORIA,HIGHWAY,4,6.0
131091,4,6,183,5,1,100.0,0,N,RURAL_VICTORIA,ROAD,4,11.0
131092,1,7,135,5,1,100.0,0,N,MELB_URBAN,FREEWAY,4,11.0
131093,1,6,99,5,6,50.0,0,N,MELB_URBAN,DRIVE,4,5.0
131094,4,6,181,5,1,60.0,0,N,RURAL_VICTORIA,ROAD,12,19.0
131095,1,6,120,5,1,50.0,0,N,MELB_URBAN,STREET,4,14.0
131096,6,6,99,5,1,50.0,0,N,TOWNS,STREET,4,15.0
131097,8,7,174,5,1,100.0,0,N,RURAL_VICTORIA,OTHER,4,13.0
131098,1,1,121,1,1,60.0,0,I,LARGE_PROVINCIAL_CITIES,AVENUE,4,15.0
131099,4,7,173,5,1,110.0,0,N,RURAL_VICTORIA,FREEWAY,4,15.0
131100,2,6,102,5,1,60.0,0,N,LARGE_PROVINCIAL_CITIES,STREET,4,11.0
131101,1,7,116,2,1,100.0,0,I,RURAL_VICTORIA,ROAD,4,15.0
131102,1,2,130,5,1,60.0,0,N,MELB_URBAN,ROAD,3,14.0
131103,2,7,99,5,3,40.0,0,N,LARGE_PROVINCIAL_CITIES,STREET,4,18.0
131104,1,6,130,1,1,60.0,0,I,MELB_URBAN,ROAD,4,17.0
131105,2,2,99,5,1,60.0,0,N,MELB_URBAN,ROAD,3,17.0
131106,6,7,174,1,3,60.0,0,I,SMALL_CITIES,ROAD,4,18.0
131107,1,4,110,1,3,50.0,0,I,MELB_URBAN,ROAD,3,22.0
131108,4,7,173,5,5,50.0,0,N,SMALL_CITIES,ROAD,4,20.0
131109,1,7,121,2,1,80.0,0,I,RURAL_VICTORIA,ROAD,4,16.0
131110,1,6,147,9,1,60.0,0,N,MELB_URBAN,ROAD,4,15.0
131111,1,7,160,5,3,60.0,0,N,MELB_URBAN,STREET,4,20.0
131112,2,6,102,1,3,40.0,0,I,MELB_URBAN,HIGHWAY,4,20.0
131113,4,7,171,5,3,80.0,0,N,SMALL_CITIES,STREET,4,20.0
131114,1,6,130,2,3,60.0,0,I,MELB_URBAN,ROAD,4,19.0
131115,1,0,120,5,3,80.0,0,N,RURAL_VICTORIA,ROAD,4,0.0
131116,1,3,116,2,3,50.0,0,I,MELB_URBAN,STREET,4,5.0
131117,4,1,173,5,3,80.0,0,N,RURAL_VICTORIA,HIGHWAY,4,0.0
131118,1,1,99,4,3,60.0,0,I,MELB_URBAN,OTHER,4,4.0
131119,1,0,110,1,3,60.0,0,I,MELB_URBAN,ROAD,4,3.0
131120,1,5,130,5,2,80.0,0,N,MELB_URBAN,ROAD,4,17.0
131121,1,1,99,1,1,80.0,0,I,MELB_URBAN,ROAD,4,6.0
131122,1,1,110,1,1,60.0,0,I,MELB_URBAN,ROAD,4,8.0
131123,6,1,99,5,1,100.0,0,N,RURAL_VICTORIA,ROAD,4,8.0
131124,4,1,171,5,5,80.0,1,N,RURAL_VICTORIA,ROAD,4,5.0
131125,1,1,121,5,1,40.0,0,N,MELB_URBAN,UNKNOWN,4,11.0
131126,1,5,121,2,1,60.0,0,I,MELB_URBAN,ROAD,3,9.0
131127,8,1,174,5,1,50.0,0,N,TOWNS,STREET,4,10.0
131128,1,6,130,5,3,60.0,0,N,SMALL_CITIES,OTHER,4,22.0
131129,1,0,120,5,1,60.0,0,N,MELB_URBAN,ROAD,4,7.0
131130,1,1,113,2,1,40.0,0,I,MELB_URBAN,ROAD,4,11.0
131131,1,1,121,4,1,60.0,0,I,LARGE_PROVINCIAL_CITIES,ROAD,4,14.0
131132,4,1,181,5,1,60.0,0,N,RURAL_VICTORIA,ROAD,4,12.0
131133,1,6,130,5,1,50.0,0,N,SMALL_CITIES,STREET,4,12.0
131134,1,1,99,5,1,60.0,0,N,MELB_URBAN,ROAD,4,15.0
131135,1,1,121,2,1,60.0,0,I,SMALL_CITIES,ROAD,4,15.0
131136,7,1,99,5,1,80.0,0,N,SMALL_TOWNS,AVENUE,4,16.0
131137,6,1,99,5,1,80.0,0,N,RURAL_VICTORIA,OTHER,4,14.0
131138,1,1,99,1,1,80.0,0,I,RURAL_VICTORIA,ROAD,4,15.0
131139,1,1,121,4,3,80.0,0,I,MELB_URBAN,HIGHWAY,4,19.0
131140,1,1,121,4,3,80.0,0,I,MELB_URBAN,ROAD,4,20.0
131141,2,5,100,5,3,80.0,0,N,MELB_URBAN,ROAD,4,21.0
131142,1,1,160,5,3,40.0,0,N,MELB_URBAN,UNKNOWN,4,20.0
131143,1,6,130,5,9,60.0,0,N,MELB_URBAN,STREET,3,21.0
131144,1,0,130,5,1,70.0,0,N,MELB_URBAN,ROAD,4,14.0
131145,1,1,130,5,3,60.0,0,N,UNKNOWN,ROAD,4,23.0
131146,2,5,100,2,1,40.0,0,I,MELB_URBAN,STREET,4,15.0
131147,1,2,113,4,3,80.0,0,I,MELB_URBAN,RAMP,4,5.0
131148,1,4,147,5,3,60.0,0,N,MELB_URBAN,ROAD,4,21.0
131149,1,2,113,2,1,80.0,0,I,RURAL_VICTORIA,HIGHWAY,4,8.0
131150,1,1,110,1,1,50.0,0,I,MELB_URBAN,STREET,4,8.0
131151,2,1,100,5,1,50.0,0,N,SMALL_CITIES,DRIVE,4,8.0
131152,1,2,130,5,1,60.0,0,N,MELB_URBAN,STREET,4,7.0
131153,6,1,184,5,1,60.0,0,N,RURAL_VICTORIA,ROAD,4,12.0
131154,4,7,173,5,1,110.0,0,N,RURAL_VICTORIA,FREEWAY,4,16.0
131155,1,6,130,5,9,60.0,0,N,MELB_URBAN,ROAD,4,9.0
131156,1,4,130,5,1,100.0,0,N,MELB_URBAN,FREEWAY,4,16.0
131157,1,4,121,2,1,70.0,0,I,MELB_URBAN,ROAD,4,16.0
131158,1,2,121,2,1,80.0,0,I,MELB_URBAN,HIGHWAY,4,13.0
131159,1,4,130,5,1,60.0,0,N,MELB_URBAN,ROAD,4,8.0
131160,4,2,183,5,1,100.0,0,N,RURAL_VICTORIA,ROAD,4,11.0
131161,1,0,130,2,1,60.0,0,I,MELB_URBAN,DRIVE,4,12.0
131162,1,4,121,2,2,70.0,0,I,LARGE_PROVINCIAL_CITIES,STREET,4,17.0
131163,1,2,140,1,1,40.0,0,I,SMALL_CITIES,STREET,4,13.0
131164,8,4,174,5,1,40.0,0,N,MELB_URBAN,STREET,4,8.0
131165,2,1,102,1,1,80.0,0,N,MELB_URBAN,ROAD,4,12.0
131166,1,1,110,1,1,60.0,0,I,RURAL_VICTORIA,ROAD,4,11.0
131167,1,4,130,5,1,60.0,0,N,MELB_URBAN,ROAD,4,8.0
131168,4,2,181,5,1,100.0,0,N,RURAL_VICTORIA,ROAD,4,12.0
131169,1,1,121,4,3,60.0,0,I,MELB_URBAN,HIGHWAY,3,23.0
131170,4,7,181,5,1,60.0,0,N,RURAL_VICTORIA,ROAD,4,10.0
131171,1,2,113,2,1,80.0,0,I,MELB_URBAN,ROAD,4,15.0
131172,1,6,130,5,1,100.0,0,N,RURAL_VICTORIA,HIGHWAY,4,10.0
131173,1,2,110,1,1,50.0,0,I,TOWNS,STREET,4,16.0
131174,1,2,132,2,1,60.0,0,I,TOWNS,ROAD,4,15.0
131175,1,1,130,5,1,60.0,0,N,MELB_URBAN,ROAD,4,15.0
131176,8,2,174,5,1,60.0,0,N,RURAL_VICTORIA,ROAD,4,16.0
131177,1,7,111,2,1,50.0,0,I,MELB_URBAN,STREET,4,8.0
131178,5,2,99,5,2,40.0,0,N,SMALL_CITIES,ROAD,4,17.0
131179,4,1,171,2,1,100.0,0,I,RURAL_VICTORIA,ROAD,4,16.0
131180,2,2,99,5,3,60.0,0,N,MELB_URBAN,ROAD,4,19.0
131181,1,4,121,2,1,60.0,0,I,MELB_URBAN,ROAD,4,7.0
131182,1,2,99,2,2,40.0,0,N,MELB_URBAN,STREET,4,17.0
131183,4,1,171,5,3,50.0,0,N,MELB_URBAN,STREET,4,21.0
131184,4,2,173,5,1,50.0,0,N,TOWNS,OTHER,4,15.0
131185,1,2,113,2,3,60.0,0,I,MELB_URBAN,AVENUE,4,22.0
131186,1,4,132,2,1,60.0,0,I,MELB_URBAN,STREET,3,17.0
131187,1,7,130,5,1,100.0,0,N,MELB_URBAN,FREEWAY,4,11.0
131188,1,3,130,1,3,80.0,0,I,MELB_URBAN,ROAD,4,5.0
131189,1,6,130,1,2,60.0,0,N,MELB_URBAN,STREET,4,5.0
131190,1,5,130,5,2,80.0,0,N,MELB_URBAN,FREEWAY,4,6.0
131191,1,2,121,2,1,40.0,0,I,MELB_URBAN,STREET,4,8.0
131192,1,2,99,5,1,80.0,0,N,MELB_URBAN,DRIVE,4,14.0
131193,1,7,111,2,1,60.0,0,I,MELB_URBAN,ROAD,3,13.0
131194,8,7,184,5,1,60.0,0,N,RURAL_VICTORIA,OTHER,4,9.0
131195,1,3,99,5,1,50.0,0,N,RURAL_VICTORIA,DRIVE,4,8.0
131196,1,6,130,5,1,70.0,0,N,MELB_URBAN,ROAD,4,11.0
131197,1,6,99,2,1,60.0,0,I,MELB_URBAN,DRIVE,4,8.0
131198,1,6,111,1,2,60.0,0,I,MELB_URBAN,ROAD,4,18.0
131199,1,3,113,1,1,70.0,0,I,MELB_URBAN,ROAD,4,8.0
131200,8,6,170,2,1,60.0,0,I,RURAL_VICTORIA,ROAD,4,11.0
131201,4,3,173,5,1,60.0,0,N,MELB_URBAN,ROAD,4,10.0
131202,1,2,121,2,2,70.0,0,I,MELB_URBAN,ROAD,4,6.0
131203,1,7,99,5,1,50.0,0,N,TOWNS,STREET,4,9.0
131204,1,3,121,2,1,60.0,0,I,SMALL_CITIES,AVENUE,4,8.0
131205,1,3,160,5,1,50.0,0,N,MELB_URBAN,STREET,4,8.0
131206,1,2,130,1,1,70.0,0,I,RURAL_VICTORIA,ROAD,4,8.0
131207,8,6,174,1,3,60.0,0,I,MELB_URBAN,PARADE,3,21.0
131208,1,5,110,1,3,70.0,0,I,MELB_URBAN,ROAD,4,22.0
131209,6,0,184,2,1,60.0,0,I,RURAL_VICTORIA,HIGHWAY,2,13.0
131210,8,2,174,5,1,100.0,0,N,RURAL_VICTORIA,ROAD,4,13.0
131211,1,3,130,5,1,100.0,0,N,MELB_URBAN,FREEWAY,4,9.0
131212,2,6,100,5,9,40.0,0,N,SMALL_CITIES,STREET,4,10.0
131213,1,3,130,5,1,80.0,0,N,MELB_URBAN,FREEWAY,4,8.0
131214,3,6,167,5,5,100.0,0,N,RURAL_VICTORIA,HIGHWAY,4,23.0
131215,8,1,174,5,1,60.0,0,N,RURAL_VICTORIA,OTHER,4,12.0
131216,2,3,102,2,1,70.0,0,N,MELB_URBAN,ROAD,4,15.0
131217,1,3,121,1,1,60.0,0,I,LARGE_PROVINCIAL_CITIES,ROAD,4,15.0
131218,2,3,102,2,1,70.0,0,N,MELB_URBAN,ROAD,4,15.0
131219,1,5,99,5,1,80.0,0,N,MELB_URBAN,ROAD,4,7.0
131220,4,2,171,5,1,70.0,0,N,MELB_URBAN,HIGHWAY,4,16.0
131221,1,3,130,1,1,60.0,0,I,MELB_URBAN,ROAD,4,16.0
131222,1,3,121,2,1,70.0,1,I,SMALL_CITIES,DRIVE,4,12.0
131223,1,0,113,2,1,70.0,0,N,MELB_URBAN,FREEWAY,4,12.0
131224,1,7,130,5,1,100.0,0,N,MELB_URBAN,RAMP,4,12.0
131225,1,6,130,1,6,60.0,0,N,MELB_URBAN,STREET,4,1.0
131226,1,4,135,5,1,80.0,0,N,MELB_URBAN,ROAD,3,15.0
131227,1,2,130,5,1,40.0,0,N,RURAL_VICTORIA,HIGHWAY,4,15.0
131228,1,3,113,2,1,60.0,0,N,MELB_URBAN,STREET,4,16.0
131229,1,3,133,5,1,110.0,0,N,RURAL_VICTORIA,HIGHWAY,4,15.0
131230,1,3,99,2,3,60.0,0,I,MELB_URBAN,PARADE,4,18.0
131231,1,3,110,1,1,60.0,0,I,LARGE_PROVINCIAL_CITIES,STREET,4,15.0
131232,1,3,130,5,1,80.0,0,N,MELB_URBAN,FREEWAY,4,18.0
131233,1,1,110,1,1,50.0,0,I,MELB_URBAN,ROAD,3,14.0
131234,2,3,100,1,1,60.0,0,I,MELB_URBAN,ROAD,4,15.0
131235,1,3,113,2,3,50.0,0,I,MELB_URBAN,STREET,4,18.0
131236,1,3,147,5,5,50.0,0,N,MELB_URBAN,AVENUE,4,19.0
131237,1,3,130,1,2,70.0,0,I,MELB_URBAN,STREET,4,17.0
131238,1,3,113,2,3,50.0,0,I,MELB_URBAN,STREET,4,20.0
131239,1,3,110,1,3,70.0,0,N,MELB_URBAN,STREET,4,22.0
131240,8,2,184,5,3,50.0,0,N,MELB_URBAN,AVENUE,4,22.0
131241,1,2,110,1,3,70.0,0,I,MELB_URBAN,ROAD,4,5.0
131242,5,3,99,5,3,50.0,0,N,MELB_URBAN,STREET,4,22.0
131243,4,4,171,5,5,80.0,0,N,MELB_URBAN,ROAD,4,2.0
131244,1,4,132,2,3,60.0,0,N,MELB_URBAN,ROAD,4,19.0
131245,4,4,171,5,5,50.0,0,N,RURAL_VICTORIA,ROAD,4,4.0
131246,1,1,121,2,9,50.0,0,I,MELB_URBAN,DRIVE,2,11.0
131247,6,7,174,5,1,60.0,0,N,RURAL_VICTORIA,ROAD,4,10.0
131248,1,1,111,1,6,60.0,0,I,MELB_URBAN,HIGHWAY,4,20.0
131249,1,5,113,2,1,60.0,0,I,MELB_URBAN,ROAD,4,15.0
131250,1,1,134,1,1,80.0,0,I,MELB_URBAN,HIGHWAY,3,11.0
131251,1,4,110,1,1,60.0,0,I,MELB_URBAN,STREET,4,8.0
131252,1,3,99,1,1,40.0,0,I,MELB_URBAN,ROAD,4,16.0
131253,1,5,130,5,2,80.0,0,N,MELB_URBAN,HIGHWAY,4,17.0
131254,1,4,113,1,1,60.0,0,N,LARGE_PROVINCIAL_CITIES,ROAD,4,12.0
131255,1,3,120,5,1,100.0,0,N,RURAL_VICTORIA,ROAD,4,14.0
131256,2,3,102,5,1,60.0,0,N,MELB_URBAN,STREET,4,9.0
131257,1,4,132,2,1,60.0,0,I,MELB_URBAN,ROAD,4,10.0
131258,1,3,99,5,1,60.0,0,N,MELB_URBAN,STREET,4,18.0
131259,1,3,130,5,1,70.0,0,N,MELB_URBAN,HIGHWAY,4,11.0
131260,1,3,135,5,1,80.0,0,N,MELB_URBAN,FREEWAY,4,13.0
131261,1,4,121,2,1,60.0,0,N,LARGE_PROVINCIAL_CITIES,STREET,4,15.0
131262,1,4,110,1,1,60.0,0,I,LARGE_PROVINCIAL_CITIES,STREET,4,15.0
131263,4,3,181,5,1,100.0,0,N,RURAL_VICTORIA,ROAD,4,14.0
131264,1,4,147,5,1,50.0,0,N,MELB_URBAN,ROAD,4,13.0
131265,1,3,121,5,3,60.0,0,N,MELB_URBAN,ROAD,4,22.0
131266,1,3,121,2,2,60.0,0,I,MELB_URBAN,ROAD,4,18.0
131267,1,4,121,5,2,70.0,0,N,MELB_URBAN,ROAD,4,16.0
131268,1,3,130,5,1,80.0,0,N,MELB_URBAN,ROAD,4,8.0
131269,1,3,121,2,1,60.0,0,I,MELB_URBAN,STREET,4,17.0
131270,1,4,147,5,2,50.0,0,N,MELB_URBAN,STREET,4,17.0
131271,1,4,133,5,2,60.0,0,N,MELB_URBAN,ROAD,4,17.0
131272,1,2,130,5,1,60.0,0,N,MELB_URBAN,ROAD,1,12.0
131273,1,3,99,2,1,60.0,0,N,MELB_URBAN,ROAD,4,14.0
131274,1,1,163,5,1,40.0,0,N,MELB_URBAN,ROAD,4,17.0
131275,1,4,130,4,3,80.0,0,N,MELB_URBAN,FREEWAY,4,18.0
131276,8,4,174,5,3,40.0,0,N,MELB_URBAN,STREET,4,20.0
131277,1,4,99,5,3,60.0,0,N,LARGE_PROVINCIAL_CITIES,ROAD,4,19.0
131278,4,4,171,5,5,100.0,0,N,RURAL_VICTORIA,ROAD,4,19.0
131279,1,6,134,5,1,50.0,0,N,MELB_URBAN,ROAD,5,15.0
131280,4,4,173,2,3,70.0,0,N,MELB_URBAN,ROAD,4,19.0
131281,1,3,121,2,2,100.0,0,I,TOWNS,HIGHWAY,4,16.0
131282,4,4,171,1,3,70.0,0,I,RURAL_VICTORIA,ROAD,4,1.0
131283,1,3,130,5,1,100.0,0,N,MELB_URBAN,RAMP,4,15.0
131284,1,4,110,1,3,60.0,0,I,MELB_URBAN,DRIVE,4,20.0
131285,1,5,135,5,1,80.0,0,N,MELB_URBAN,UNKNOWN,4,16.0
131286,1,4,133,5,3,60.0,0,N,MELB_URBAN,ROAD,4,21.0
131287,1,2,135,5,2,80.0,0,N,MELB_URBAN,FREEWAY,4,6.0
131288,4,5,173,5,5,100.0,0,N,RURAL_VICTORIA,ROAD,4,1.0
131289,6,3,174,1,1,80.0,0,N,MELB_URBAN,AVENUE,4,15.0
131290,1,4,130,5,1,100.0,0,N,MELB_URBAN,UNKNOWN,3,9.0
131291,5,2,99,5,1,100.0,0,N,RURAL_VICTORIA,FREEWAY,3,7.0
131292,8,7,174,5,2,60.0,0,N,MELB_URBAN,STREET,3,6.0
131293,1,2,113,2,3,60.0,0,I,MELB_URBAN,ROAD,4,23.0
131294,1,1,147,5,2,60.0,0,N,MELB_URBAN,ROAD,4,6.0
131295,1,3,121,1,3,60.0,0,I,MELB_URBAN,ROAD,4,19.0
131296,2,5,102,1,1,60.0,0,I,MELB_URBAN,ROAD,4,7.0
131297,1,5,121,1,1,60.0,0,I,MELB_URBAN,ROAD,4,8.0
131298,4,0,171,5,1,100.0,0,N,RURAL_VICTORIA,ROAD,3,12.0
131299,1,4,130,5,1,70.0,0,N,MELB_URBAN,ROAD,4,17.0
131300,1,4,130,4,1,80.0,0,N,MELB_URBAN,RAMP,4,16.0
131301,1,5,121,2,9,60.0,0,I,MELB_URBAN,ROAD,4,16.0
131302,2,1,99,1,1,100.0,0,I,RURAL_VICTORIA,ROAD,8,12.0
131303,1,2,110,1,1,50.0,0,I,MELB_URBAN,STREET,4,8.0
131304,6,4,174,1,3,70.0,0,I,SMALL_CITIES,ROAD,4,18.0
131305,1,4,121,1,1,60.0,0,I,MELB_URBAN,ROAD,4,11.0
131306,1,2,99,1,9,60.0,0,N,MELB_URBAN,ROAD,4,7.0
131307,1,4,99,1,1,60.0,0,I,MELB_URBAN,ROAD,4,8.0
131308,1,5,135,2,3,70.0,0,N,LARGE_PROVINCIAL_CITIES,ROAD,3,5.0
131309,1,1,121,1,1,40.0,0,I,MELBOURNE_CBD,STREET,3,6.0
131310,1,5,110,1,1,50.0,0,I,MELB_URBAN,STREET,4,13.0