,accident_type,day_of_week,dca_code,road_geometry,light_condition,speed_zone,severity,node_type,deg_urban_name,road_type,month,hour
131311,3,2,167,2,1,60.0,0,I,RURAL_VICTORIA,ROAD,4,10.0
131312,2,4,99,5,1,50.0,0,N,TOWNS,ROAD,4,11.0
131313,1,2,121,5,1,40.0,0,N,MELB_URBAN,STREET,4,8.0
131314,1,5,160,5,1,60.0,0,N,MELB_URBAN,STREET,4,14.0
131315,1,4,130,5,1,60.0,0,N,MELB_URBAN,ROAD,4,11.0
131316,1,4,121,1,1,60.0,0,I,MELB_URBAN,ROAD,4,9.0
131317,1,5,147,2,3,80.0,0,I,MELB_URBAN,HIGHWAY,4,22.0
131318,1,5,121,2,1,50.0,0,I,LARGE_PROVINCIAL_CITIES,STREET,4,16.0
131319,1,4,130,5,1,50.0,0,N,LARGE_PROVINCIAL_CITIES,ROAD,4,16.0
131320,1,3,135,5,1,60.0,0,N,MELB_URBAN,STREET,4,12.0
131321,1,1,134,5,1,80.0,0,N,MELB_URBAN,RAMP,1,8.0
131322,1,5,130,5,1,100.0,0,N,MELB_URBAN,FREEWAY,4,17.0
131323,1,5,113,2,1,60.0,0,I,MELB_URBAN,ROAD,4,16.0
131324,1,5,130,5,1,60.0,0,N,RURAL_VICTORIA,ROAD,4,14.0
131325,1,5,99,5,1,80.0,0,N,MELB_URBAN,ROAD,4,17.0
131326,1,2,99,5,1,100.0,0,I,RURAL_VICTORIA,ROAD,4,9.0
131327,1,4,110,1,3,60.0,0,I,LARGE_PROVINCIAL_CITIES,ROAD,4,18.0
131328,1,3,147,5,1,60.0,0,N,RURAL_VICTORIA,BOULEVARD,4,16.0
131329,1,5,130,5,1,80.0,0,I,MELB_URBAN,ROAD,4,15.0
131330,1,3,130,5,1,70.0,0,N,TOWNS,HIGHWAY,11,17.0
131331,1,4,111,1,3,60.0,0,I,TOWNS,STREET,4,18.0
131332,1,5,113,4,3,60.0,0,I,MELB_URBAN,ROAD,4,18.0
131333,2,5,102,2,5,50.0,0,I,MELB_URBAN,STREET,4,18.0
131334,1,5,140,5,1,60.0,0,N,MELB_URBAN,STREET,4,14.0
131335,1,5,121,1,3,60.0,0,I,MELB_URBAN,ROAD,4,19.0
131336,1,5,160,5,1,50.0,0,N,MELB_URBAN,DRIVE,4,16.0
131337,4,5,99,5,1,50.0,0,N,MELB_URBAN,UNKNOWN,4,17.0
131338,1,5,140,5,3,60.0,0,N,MELB_URBAN,ROAD,4,21.0
131339,1,5,111,2,3,60.0,0,I,MELB_URBAN,ROAD,4,19.0
131340,1,5,160,5,3,60.0,0,N,LARGE_PROVINCIAL_CITIES,STREET,4,0.0
131341,2,6,102,1,3,40.0,0,I,MELB_URBAN,STREET,4,0.0
131342,1,4,160,5,3,50.0,0,N,MELB_URBAN,OTHER,4,2.0
131343,4,6,173,5,3,70.0,0,N,MELB_URBAN,ROAD,4,3.0
131344,1,6,133,1,3,60.0,0,I,MELB_URBAN,ROAD,4,19.0
131345,1,4,140,2,1,70.0,0,I,MELB_URBAN,ROAD,1,9.0
131346,1,6,110,1,1,40.0,0,I,MELB_URBAN,STREET,4,8.0
131347,1,6,120,5,5,80.0,0,N,RURAL_VICTORIA,ROAD,4,5.0
131348,1,6,99,2,1,50.0,0,N,MELB_URBAN,ROAD,4,7.0
131349,1,5,121,1,1,60.0,0,I,MELB_URBAN,STREET,4,8.0
131350,1,4,116,2,3,50.0,0,I,MELB_URBAN,ROAD,4,19.0
131351,1,5,99,1,9,60.0,0,I,MELB_URBAN,ROAD,4,16.0
131352,1,5,130,1,9,60.0,0,I,MELB_URBAN,BOULEVARD,4,7.0
131353,1,4,120,5,1,50.0,0,N,MELB_URBAN,PARADE,4,16.0
131354,3,5,167,5,3,100.0,0,N,TOWNS,ROAD,4,20.0
131355,2,6,100,5,1,50.0,0,N,RURAL_VICTORIA,ROAD,4,8.0
131356,1,4,130,1,1,60.0,0,N,MELB_URBAN,HIGHWAY,4,14.0
131357,1,5,121,4,1,60.0,0,N,MELB_URBAN,ROAD,4,10.0
131358,3,4,167,5,5,110.0,0,N,RURAL_VICTORIA,FREEWAY,4,20.0
131359,1,3,130,1,1,60.0,0,I,MELB_URBAN,ROAD,4,8.0
131360,1,6,99,2,1,60.0,0,N,MELB_URBAN,ROAD,4,10.0
131361,1,5,121,2,1,60.0,0,I,MELB_URBAN,ROAD,4,11.0
131362,1,5,116,2,2,60.0,0,N,MELB_URBAN,HIGHWAY,4,6.0
131363,1,5,130,5,1,60.0,0,N,SMALL_CITIES,STREET,4,11.0
131364,1,6,130,1,1,60.0,0,N,MELB_URBAN,ROAD,4,10.0
131365,4,6,171,5,1,70.0,0,I,MELB_URBAN,ROAD,4,6.0
131366,1,6,121,5,1,80.0,0,N,MELB_URBAN,ROAD,4,7.0
131367,6,0,170,5,1,60.0,0,N,RURAL_VICTORIA,ROAD,4,11.0
131368,1,6,121,2,1,60.0,0,N,MELB_URBAN,ROAD,4,11.0
131369,1,6,121,4,1,80.0,0,I,MELB_URBAN,RAMP,4,8.0
131370,1,6,121,1,1,70.0,0,I,MELB_URBAN,ROAD,4,11.0
131371,2,5,99,5,1,50.0,0,N,MELB_URBAN,STREET,4,10.0
131372,2,6,100,5,1,60.0,0,N,MELB_URBAN,HIGHWAY,4,9.0
131373,1,5,116,1,1,60.0,0,N,MELB_URBAN,ROAD,4,12.0
131374,2,5,100,2,1,40.0,0,N,MELB_URBAN,OTHER,4,13.0
131375,1,5,121,5,1,50.0,0,N,MELB_URBAN,ROAD,4,8.0
131376,4,6,99,5,1,40.0,0,N,MELB_URBAN,STREET,4,12.0
131377,1,3,134,1,2,60.0,0,N,MELB_URBAN,ROAD,4,18.0
131378,1,4,130,5,1,60.0,0,N,LARGE_PROVINCIAL_CITIES,ROAD,4,16.0
131379,1,5,135,1,1,40.0,0,I,MELB_URBAN,ROAD,4,14.0
131380,1,6,130,1,1,60.0,0,N,MELB_URBAN,HIGHWAY,4,14.0
131381,1,6,99,2,1,80.0,0,I,MELB_URBAN,HIGHWAY,4,15.0
131382,4,4,183,5,1,110.0,0,N,SMALL_CITIES,FREEWAY,4,11.0
131383,1,6,147,5,1,60.0,0,N,MELB_URBAN,STREET,4,16.0
131384,4,6,99,5,2,60.0,0,N,RURAL_VICTORIA,ROAD,4,16.0
131385,1,6,133,5,1,60.0,0,N,MELB_URBAN,ROAD,2,9.0
131386,1,6,99,2,1,60.0,0,I,MELB_URBAN,STREET,4,14.0
131387,1,6,99,5,3,30.0,0,N,MELB_URBAN,AVENUE,4,7.0
131388,1,6,121,1,1,70.0,0,I,LARGE_PROVINCIAL_CITIES,ROAD,4,15.0
131389,1,6,113,2,1,60.0,0,I,MELB_URBAN,ROAD,4,16.0
131390,4,5,173,2,3,50.0,0,I,MELB_URBAN,AVENUE,4,19.0
131391,1,4,130,2,2,60.0,0,I,MELB_URBAN,ROAD,4,18.0
131392,2,6,102,1,3,50.0,0,I,MELB_URBAN,ROAD,4,19.0
131393,1,6,121,2,1,40.0,0,I,MELB_URBAN,ROAD,4,15.0
131394,1,6,130,5,1,100.0,0,N,MELB_URBAN,ROAD,4,17.0
131395,1,6,130,5,3,50.0,0,N,MELB_URBAN,STREET,4,21.0
131396,4,6,171,5,5,100.0,0,N,RURAL_VICTORIA,FREEWAY,4,23.0
131397,1,6,147,5,3,50.0,0,N,MELB_URBAN,STREET,4,22.0
131398,4,7,181,5,5,80.0,0,N,RURAL_VICTORIA,HIGHWAY,5,1.0
131399,5,1,99,5,5,100.0,0,N,TOWNS,ROAD,12,4.0
131400,4,6,173,5,3,60.0,0,N,MELB_URBAN,ROAD,5,2.0
131401,4,7,181,5,3,50.0,0,N,MELB_URBAN,DRIVE,5,1.0
131402,1,6,135,5,3,70.0,0,N,MELB_URBAN,ROAD,4,23.0
131403,3,6,167,5,5,100.0,0,N,RURAL_VICTORIA,HIGHWAY,4,1.0
131404,4,7,173,1,3,60.0,0,N,MELB_URBAN,ROAD,5,1.0
131405,1,6,160,5,3,50.0,0,N,MELB_URBAN,OTHER,5,2.0
131406,9,4,174,5,1,60.0,0,N,MELB_URBAN,HIGHWAY,4,7.0
131407,1,5,130,5,1,100.0,0,N,MELB_URBAN,FREEWAY,4,14.0
131408,1,7,121,4,1,70.0,0,I,MELB_URBAN,RAMP,5,9.0
131409,1,6,130,5,1,100.0,0,N,MELB_URBAN,RAMP,4,15.0
131410,1,6,130,5,1,50.0,0,N,MELB_URBAN,ROAD,5,8.0
131411,1,7,147,5,1,60.0,0,N,MELB_URBAN,ROAD,5,11.0
131412,1,3,140,2,9,60.0,0,I,MELB_URBAN,ROAD,4,8.0
131413,1,7,113,1,1,60.0,0,I,RURAL_VICTORIA,RAMP,5,11.0
131414,1,7,130,5,1,70.0,0,N,LARGE_PROVINCIAL_CITIES,STREET,5,12.0
131415,1,6,120,2,1,50.0,0,I,MELB_URBAN,OTHER,4,12.0
131416,1,5,121,2,2,50.0,0,I,MELB_URBAN,STREET,4,17.0
131417,1,7,147,5,1,50.0,0,N,SMALL_CITIES,ROAD,5,13.0
131418,4,7,171,5,1,50.0,0,N,MELB_URBAN,STREET,5,13.0
131419,2,7,102,1,1,40.0,0,I,MELB_URBAN,ROAD,5,14.0
131420,2,7,100,5,1,60.0,0,N,MELB_URBAN,ROAD,5,10.0
131421,1,7,163,5,1,40.0,0,N,MELB_URBAN,ROAD,5,13.0
131422,1,6,99,5,3,70.0,0,N,MELB_URBAN,ROAD,4,19.0
131423,1,6,130,5,1,60.0,0,N,MELB_URBAN,HIGHWAY,5,14.0
131424,1,7,130,5,1,40.0,0,N,MELB_URBAN,STREET,5,13.0
131425,1,7,110,4,1,60.0,0,I,RURAL_VICTORIA,ROAD,5,15.0
131426,1,7,121,2,1,50.0,0,I,SMALL_CITIES,PARADE,5,14.0
131427,1,6,130,5,1,40.0,0,N,RURAL_VICTORIA,HIGHWAY,5,16.0
131428,4,7,173,5,2,60.0,0,N,SMALL_CITIES,ROAD,5,17.0
131429,1,6,147,5,1,80.0,0,N,RURAL_VICTORIA,ROAD,5,14.0
131430,1,7,121,5,1,60.0,0,N,MELB_URBAN,ROAD,4,11.0
131431,4,7,181,5,1,80.0,1,N,RURAL_VICTORIA,ROAD,5,12.0
131432,4,7,183,5,1,100.0,0,N,RURAL_VICTORIA,OTHER,5,15.0
131433,4,6,99,2,5,60.0,0,I,RURAL_VICTORIA,ROAD,5,18.0
131434,4,7,181,5,1,80.0,0,N,RURAL_VICTORIA,ROAD,5,14.0
131435,1,7,130,2,1,60.0,0,I,MELB_URBAN,ROAD,5,18.0
131436,1,7,130,5,3,100.0,0,N,MELB_URBAN,FREEWAY,5,18.0
131437,2,7,102,1,5,50.0,0,N,TOWNS,STREET,5,18.0
131438,6,6,184,5,5,60.0,0,N,MELB_URBAN,ROAD,5,19.0
131439,6,7,174,1,3,50.0,0,I,MELB_URBAN,ROAD,5,20.0
131440,1,7,99,5,3,60.0,0,N,MELB_URBAN,HIGHWAY,5,20.0
131441,4,1,99,5,3,50.0,0,N,RURAL_VICTORIA,ROAD,5,0.0
131442,1,0,130,1,3,60.0,0,I,RURAL_VICTORIA,STREET,5,0.0
131443,1,0,130,5,3,60.0,0,N,MELB_URBAN,STREET,5,1.0
131444,6,7,174,3,1,60.0,0,N,RURAL_VICTORIA,ROAD,5,14.0
131445,2,1,102,2,1,50.0,0,I,MELB_URBAN,STREET,5,11.0
131446,2,1,99,6,1,50.0,0,N,MELB_URBAN,OTHER,5,10.0
131447,4,1,99,2,1,100.0,0,I,RURAL_VICTORIA,ROAD,5,10.0
131448,1,5,130,5,1,60.0,0,N,MELB_URBAN,STREET,1,10.0
131449,8,7,174,5,1,60.0,0,N,RURAL_VICTORIA,ROAD,5,14.0
131450,7,1,99,5,1,100.0,0,N,RURAL_VICTORIA,ROAD,4,11.0
131451,2,0,100,2,1,50.0,0,N,MELB_URBAN,ROAD,5,14.0
131452,4,0,173,5,1,100.0,0,N,RURAL_VICTORIA,ROAD,5,13.0
131453,4,1,171,5,1,100.0,0,N,RURAL_VICTORIA,ROAD,5,12.0
131454,1,4,130,5,1,60.0,0,N,LARGE_PROVINCIAL_CITIES,DRIVE,4,16.0
131455,1,1,130,5,9,60.0,0,N,MELB_URBAN,ROAD,5,11.0
131456,4,1,173,5,1,50.0,0,N,LARGE_PROVINCIAL_CITIES,STREET,5,14.0
131457,1,3,113,2,1,80.0,0,I,MELB_URBAN,DRIVE,4,16.0
131458,4,1,171,2,1,60.0,0,I,LARGE_PROVINCIAL_CITIES,STREET,5,10.0
131459,1,1,160,5,1,60.0,0,N,MELB_URBAN,ROAD,5,14.0
131460,4,0,183,5,1,100.0,0,N,RURAL_VICTORIA,ROAD,5,14.0
131461,1,6,121,2,1,80.0,0,I,SMALL_TOWNS,STREET,4,11.0
131462,1,0,121,4,3,60.0,0,N,MELB_URBAN,ROAD,5,18.0
131463,4,1,171,5,2,60.0,0,N,SMALL_TOWNS,ROAD,5,17.0
131464,7,1,99,2,3,50.0,0,I,MELB_URBAN,BOULEVARD,5,18.0
131465,1,0,130,2,1,60.0,0,I,RURAL_VICTORIA,ROAD,5,13.0
131466,1,0,130,5,1,70.0,0,N,MELB_URBAN,ROAD,5,16.0
131467,2,0,102,1,3,40.0,0,I,MELB_URBAN,STREET,5,18.0
131468,4,0,173,5,5,100.0,0,N,RURAL_VICTORIA,ROAD,5,22.0
131469,1,3,140,5,1,80.0,0,N,MELB_URBAN,ROAD,4,12.0
131470,4,2,171,5,5,80.0,0,N,RURAL_VICTORIA,ROAD,5,0.0
131471,1,4,130,5,1,60.0,0,N,MELB_URBAN,ROAD,4,7.0
131472,1,2,160,5,3,60.0,0,N,LARGE_PROVINCIAL_CITIES,STREET,5,0.0
131473,4,2,171,5,3,70.0,0,N,MELB_URBAN,HIGHWAY,5,5.0
131474,1,1,130,5,3,60.0,0,N,MELB_URBAN,ROAD,5,6.0
131475,1,1,132,5,1,80.0,0,N,RURAL_VICTORIA,HIGHWAY,5,14.0
131476,1,4,99,5,1,40.0,0,N,MELB_URBAN,STREET,3,8.0
131477,5,1,171,5,1,60.0,0,N,RURAL_VICTORIA,ROAD,5,6.0
131478,1,2,121,1,1,50.0,0,I,MELB_URBAN,STREET,5,7.0
131479,1,1,130,5,6,100.0,0,N,MELB_URBAN,FREEWAY,5,6.0
131480,1,1,130,5,1,80.0,0,N,RURAL_VICTORIA,HIGHWAY,1,14.0
131481,2,6,99,5,3,50.0,0,N,MELB_URBAN,DRIVE,4,23.0
131482,2,6,99,5,1,60.0,0,N,MELB_URBAN,ROAD,5,14.0
131483,8,7,174,2,1,60.0,0,I,RURAL_VICTORIA,ROAD,5,13.0
131484,1,5,163,5,2,40.0,0,N,MELBOURNE_CBD,STREET,4,17.0
131485,1,2,113,1,1,100.0,0,I,RURAL_VICTORIA,OTHER,4,12.0
131486,4,2,183,5,2,100.0,1,N,SMALL_CITIES,ROAD,5,6.0
131487,1,5,121,1,3,60.0,0,I,MELB_URBAN,ROAD,4,19.0
131488,2,3,100,2,1,50.0,0,N,MELB_URBAN,STREET,5,10.0
131489,1,2,99,1,1,60.0,0,I,MELB_URBAN,STREET,5,8.0
131490,6,1,170,2,1,80.0,0,N,MELB_URBAN,ROAD,5,13.0
131491,8,5,99,5,1,100.0,0,N,RURAL_VICTORIA,ROAD,4,12.0
131492,1,7,163,5,1,50.0,0,N,MELB_URBAN,STREET,5,8.0
131493,8,7,99,5,1,60.0,0,N,RURAL_VICTORIA,OTHER,5,14.0
131494,1,2,110,1,1,60.0,0,I,MELB_URBAN,ROAD,5,12.0
131495,5,1,99,5,5,100.0,0,N,RURAL_VICTORIA,RAMP,5,19.0
131496,4,1,171,5,1,80.0,0,N,MELB_URBAN,ROAD,5,11.0
131497,1,1,110,1,1,100.0,0,I,RURAL_VICTORIA,ROAD,5,10.0
131498,1,2,134,5,1,80.0,0,N,MELB_URBAN,OTHER,4,15.0
131499,8,5,174,5,1,60.0,0,N,RURAL_VICTORIA,OTHER,3,13.0
131500,4,2,173,5,1,100.0,0,N,RURAL_VICTORIA,HIGHWAY,5,13.0
131501,1,7,99,5,1,50.0,0,N,MELB_URBAN,AVENUE,5,12.0
131502,1,3,130,1,1,60.0,0,I,MELB_URBAN,STREET,4,11.0
131503,4,6,171,5,5,100.0,0,N,RURAL_VICTORIA,HIGHWAY,5,0.0
131504,4,2,173,5,1,60.0,0,N,MELB_URBAN,DRIVE,5,15.0
131505,1,5,130,5,6,80.0,0,N,MELB_URBAN,ROAD,4,21.0
131506,1,1,120,5,5,70.0,0,N,RURAL_VICTORIA,HIGHWAY,5,5.0
131507,5,1,99,5,1,60.0,0,N,RURAL_VICTORIA,ROAD,5,11.0
131508,1,2,133,5,1,80.0,0,N,MELB_URBAN,ROAD,5,16.0
131509,1,2,121,2,3,60.0,0,I,LARGE_PROVINCIAL_CITIES,ROAD,5,17.0
131510,1,6,110,1,1,50.0,0,I,MELB_URBAN,STREET,3,8.0
131511,1,2,120,5,1,100.0,0,N,RURAL_VICTORIA,ROAD,5,16.0
131512,1,1,121,2,3,60.0,0,I,MELB_URBAN,ROAD,5,18.0
131513,1,1,121,1,3,60.0,0,I,RURAL_VICTORIA,ROAD,5,18.0
131514,2,2,100,2,3,60.0,0,I,MELB_URBAN,ROAD,5,19.0
131515,2,2,100,2,6,60.0,0,I,MELB_URBAN,ROAD,5,20.0
131516,1,1,99,5,5,80.0,0,N,RURAL_VICTORIA,ROAD,5,18.0
131517,2,2,102,5,3,80.0,0,N,RURAL_VICTORIA,ROAD,5,17.0
131518,1,2,160,5,3,50.0,0,N,MELB_URBAN,STREET,5,19.0
131519,4,2,171,5,5,60.0,0,N,RURAL_VICTORIA,ROAD,5,19.0
131520,1,2,171,5,1,80.0,0,N,MELB_URBAN,ROAD,5,14.0
131521,1,2,130,5,3,60.0,0,N,MELB_URBAN,ROAD,5,18.0
131522,4,3,173,5,3,60.0,0,N,MELB_URBAN,ROAD,5,2.0
131523,1,1,121,4,3,60.0,0,I,MELB_URBAN,HIGHWAY,4,17.0
131524,1,1,130,5,3,80.0,0,N,MELB_URBAN,ROAD,4,21.0
131525,1,5,135,5,1,80.0,0,N,MELB_URBAN,FREEWAY,3,8.0
131526,4,1,171,5,1,80.0,0,N,SMALL_TOWNS,ROAD,5,14.0
131527,1,3,121,1,1,100.0,0,I,RURAL_VICTORIA,STREET,5,8.0
131528,8,5,174,5,1,60.0,0,N,RURAL_VICTORIA,ROAD,4,12.0
131529,2,2,99,5,9,60.0,0,N,MELBOURNE_CBD,OTHER,4,6.0
131530,1,3,130,5,3,60.0,0,N,MELB_URBAN,STREET,4,21.0
131531,6,6,184,5,1,60.0,0,N,RURAL_VICTORIA,ROAD,5,15.0
131532,4,1,171,5,1,60.0,0,N,RURAL_VICTORIA,DRIVE,12,13.0
131533,4,5,173,5,2,40.0,0,N,MELB_URBAN,STREET,4,6.0
131534,1,4,99,5,9,50.0,0,N,MELB_URBAN,OTHER,4,20.0
131535,4,3,171,2,1,60.0,0,N,SMALL_CITIES,STREET,5,11.0
131536,8,6,174,5,1,100.0,0,N,LARGE_PROVINCIAL_CITIES,RAMP,4,10.0
131537,1,5,110,1,1,60.0,0,I,SMALL_TOWNS,HIGHWAY,4,7.0
131538,2,3,99,5,1,80.0,0,N,RURAL_VICTORIA,HIGHWAY,4,7.0
131539,1,2,121,2,1,60.0,0,I,TOWNS,ROAD,5,8.0
131540,1,5,116,2,1,80.0,0,I,MELB_URBAN,ROAD,4,15.0
131541,1,6,130,5,1,60.0,0,N,MELB_URBAN,ROAD,4,14.0
131542,1,2,130,5,2,100.0,0,N,MELB_URBAN,ROAD,5,17.0
131543,1,3,99,5,1,60.0,0,N,MELB_URBAN,ROAD,5,13.0
131544,1,2,121,2,1,60.0,0,I,MELB_URBAN,ROAD,5,8.0
131545,1,3,116,4,1,80.0,0,N,MELB_URBAN,ROAD,5,13.0
131546,7,3,99,5,1,50.0,0,N,MELB_URBAN,DRIVE,5,14.0
131547,6,6,174,5,1,50.0,0,N,RURAL_VICTORIA,OTHER,4,15.0
131548,1,1,110,1,3,60.0,0,I,SMALL_CITIES,PARADE,5,19.0
131549,1,3,121,1,2,80.0,0,N,MELB_URBAN,ROAD,5,6.0
131550,1,3,111,1,1,60.0,0,I,MELB_URBAN,ROAD,5,15.0
131551,1,5,130,4,1,60.0,0,N,MELB_URBAN,ROAD,4,7.0
131552,1,3,132,2,1,60.0,0,I,MELB_URBAN,ROAD,5,16.0
131553,1,3,120,5,1,70.0,0,N,MELB_URBAN,ROAD,5,15.0
131554,1,2,110,1,1,50.0,0,I,LARGE_PROVINCIAL_CITIES,AVENUE,5,15.0
131555,1,3,130,5,1,60.0,0,N,MELB_URBAN,ROAD,5,7.0
131556,2,3,99,5,1,50.0,0,N,MELB_URBAN,STREET,5,15.0
131557,1,2,110,1,3,60.0,0,I,LARGE_PROVINCIAL_CITIES,STREET,5,19.0
131558,2,2,100,1,3,60.0,0,I,MELB_URBAN,STREET,5,18.0
131559,1,2,130,1,1,80.0,0,I,MELB_URBAN,ROAD,3,17.0
131560,4,2,181,5,5,80.0,0,N,RURAL_VICTORIA,ROAD,5,18.0
131561,2,3,100,1,5,50.0,0,N,MELB_URBAN,UNKNOWN,5,18.0
131562,1,3,116,1,3,50.0,0,I,RURAL_VICTORIA,ROAD,5,18.0
131563,4,3,173,5,3,60.0,0,N,MELB_URBAN,ROAD,5,19.0
131564,1,2,140,5,5,80.0,0,N,RURAL_VICTORIA,HIGHWAY,5,20.0
131565,1,3,121,2,3,80.0,0,I,MELB_URBAN,HIGHWAY,5,21.0
131566,1,3,121,1,3,60.0,0,N,MELB_URBAN,ROAD,5,22.0
131567,1,3,130,5,3,80.0,0,N,MELB_URBAN,ROAD,5,18.0
131568,1,5,135,5,2,80.0,0,N,MELB_URBAN,FREEWAY,4,6.0
131569,4,3,181,5,5,80.0,1,N,RURAL_VICTORIA,ROAD,5,21.0
131570,4,1,99,2,1,80.0,0,I,MELB_URBAN,ROAD,5,16.0
131571,1,3,99,5,2,60.0,0,N,MELB_URBAN,FREEWAY,5,4.0
131572,1,1,121,1,3,60.0,0,I,MELB_URBAN,ROAD,5,19.0
131573,1,5,147,5,1,50.0,0,N,MELB_URBAN,OTHER,4,10.0
131574,6,4,174,2,6,60.0,0,I,MELB_URBAN,AVENUE,4,21.0
131575,1,4,130,5,1,80.0,0,N,RURAL_VICTORIA,HIGHWAY,5,9.0
131576,6,7,174,5,1,60.0,0,N,RURAL_VICTORIA,ROAD,4,12.0
131577,1,6,113,2,3,60.0,0,N,MELB_URBAN,ROAD,4,18.0
131578,4,3,171,5,1,100.0,0,N,RURAL_VICTORIA,ROAD,5,14.0
131579,1,4,99,5,5,80.0,0,N,MELB_URBAN,ROAD,5,6.0
131580,1,2,116,1,5,50.0,0,I,SMALL_CITIES,STREET,5,19.0
131581,1,4,133,5,1,100.0,0,N,MELB_URBAN,FREEWAY,5,9.0
131582,6,1,174,5,1,60.0,0,N,MELB_URBAN,ROAD,5,17.0
131583,2,4,100,1,3,70.0,0,N,MELB_URBAN,ROAD,5,6.0
131584,1,6,130,5,1,80.0,0,N,MELB_URBAN,ROAD,4,12.0
131585,1,5,163,5,1,60.0,0,N,MELB_URBAN,STREET,4,14.0
131586,7,4,99,5,1,60.0,0,N,LARGE_PROVINCIAL_CITIES,ROAD,4,15.0
131587,9,4,99,5,1,50.0,0,N,LARGE_PROVINCIAL_CITIES,STREET,5,11.0
131588,1,3,132,5,1,70.0,0,N,MELB_URBAN,ROAD,4,14.0
131589,1,4,130,5,1,80.0,0,N,MELB_URBAN,HIGHWAY,5,8.0
131590,1,5,130,1,1,50.0,0,I,MELB_URBAN,STREET,4,10.0
131591,1,0,130,5,1,80.0,0,N,LARGE_PROVINCIAL_CITIES,ROAD,5,12.0
131592,1,4,130,2,1,60.0,0,I,RURAL_VICTORIA,HIGHWAY,5,11.0
131593,2,2,99,5,1,50.0,0,N,LARGE_PROVINCIAL_CITIES,ROAD,4,16.0
131594,6,4,174,5,1,60.0,0,N,MELB_URBAN,ROAD,5,10.0
131595,4,4,183,5,2,80.0,0,N,RURAL_VICTORIA,ROAD,12,6.0
131596,6,4,99,5,1,100.0,0,N,RURAL_VICTORIA,ROAD,5,8.0
131597,1,3,110,1,1,110.0,0,I,RURAL_VICTORIA,FREEWAY,5,13.0
131598,1,6,116,2,1,60.0,0,I,MELB_URBAN,ROAD,4,15.0
131599,8,4,174,1,1,50.0,0,I,MELB_URBAN,STREET,4,16.0
131600,8,4,99,5,1,60.0,0,N,RURAL_VICTORIA,ROAD,5,12.0
131601,1,4,121,2,1,60.0,0,I,MELB_URBAN,ROAD,5,13.0
131602,1,3,130,5,1,70.0,0,N,MELB_URBAN,STREET,5,7.0
131603,2,4,100,5,1,100.0,0,N,MELB_URBAN,ROAD,5,10.0
131604,1,4,132,5,1,80.0,0,N,TOWNS,ROAD,5,14.0
131605,1,4,147,5,1,60.0,0,N,MELB_URBAN,ROAD,5,10.0
131606,1,4,99,5,1,60.0,0,N,LARGE_PROVINCIAL_CITIES,STREET,5,14.0
131607,3,1,167,5,1,80.0,0,N,RURAL_VICTORIA,ROAD,4,12.0
131608,1,4,110,1,1,60.0,0,I,MELB_URBAN,STREET,5,15.0
131609,2,4,100,2,1,60.0,0,N,MELB_URBAN,ROAD,5,9.0
131610,4,4,99,5,1,100.0,0,N,RURAL_VICTORIA,ROAD,5,12.0
131611,1,4,120,5,1,50.0,0,N,TOWNS,STREET,5,16.0
131612,1,3,110,1,3,50.0,0,I,MELB_URBAN,STREET,5,18.0
131613,1,6,121,1,3,60.0,0,I,MELB_URBAN,ROAD,5,19.0
131614,1,3,130,5,2,70.0,0,N,MELB_URBAN,ROAD,5,17.0
131615,1,3,110,1,1,60.0,0,I,MELB_URBAN,STREET,5,17.0
131616,1,2,130,2,1,60.0,0,I,MELB_URBAN,ROAD,5,16.0
131617,1,3,130,1,1,60.0,0,I,MELB_URBAN,ROAD,5,13.0
131618,1,4,99,1,3,60.0,0,I,MELB_URBAN,ROAD,5,20.0
131619,1,4,113,1,5,80.0,0,I,SMALL_CITIES,HIGHWAY,5,19.0
131620,4,4,171,5,5,80.0,0,N,RURAL_VICTORIA,ROAD,5,19.0
131621,1,3,121,1,1,80.0,0,I,MELB_URBAN,ROAD,5,16.0
131622,1,4,113,2,1,60.0,0,I,MELB_URBAN,STREET,5,17.0
131623,1,3,160,5,3,50.0,0,N,MELB_URBAN,DRIVE,5,21.0
131624,1,4,120,5,5,100.0,1,N,RURAL_VICTORIA,HIGHWAY,5,18.0
131625,1,2,111,1,1,60.0,0,I,MELB_URBAN,ROAD,4,13.0
131626,1,4,130,5,3,80.0,0,N,MELB_URBAN,FREEWAY,5,18.0
131627,4,2,181,5,1,80.0,0,N,RURAL_VICTORIA,ROAD,3,8.0
131628,1,2,133,5,1,60.0,0,N,MELB_URBAN,ROAD,5,13.0
131629,1,7,99,5,1,80.0,0,N,LARGE_PROVINCIAL_CITIES,ROAD,3,6.0
131630,4,5,173,5,5,100.0,1,N,RURAL_VICTORIA,ROAD,5,1.0
131631,1,4,116,2,1,80.0,0,I,MELB_URBAN,ROAD,5,11.0
131632,1,5,99,5,1,40.0,0,N,LARGE_PROVINCIAL_CITIES,ROAD,5,8.0
131633,1,4,135,5,1,50.0,0,N,MELB_URBAN,STREET,5,9.0
131634,1,4,130,5,1,80.0,0,N,RURAL_VICTORIA,ROAD,5,7.0
131635,1,4,110,1,9,50.0,0,I,MELB_URBAN,DRIVE,5,7.0
131636,4,7,181,5,6,60.0,0,N,RURAL_VICTORIA,ROAD,4,22.0