,accident_type,day_of_week,dca_code,road_geometry,light_condition,speed_zone,severity,node_type,deg_urban_name,road_type,month,hour
131637,1,4,113,2,2,50.0,0,I,MELB_URBAN,STREET,5,7.0
131638,1,3,99,5,1,60.0,0,N,LARGE_PROVINCIAL_CITIES,STREET,5,11.0
131639,4,5,171,5,1,50.0,0,N,MELB_URBAN,AVENUE,5,10.0
131640,1,6,132,5,1,80.0,0,N,RURAL_VICTORIA,STREET,4,14.0
131641,1,3,130,5,9,60.0,0,N,LARGE_PROVINCIAL_CITIES,ROAD,4,16.0
131642,1,5,130,5,1,40.0,0,N,RURAL_VICTORIA,DRIVE,5,11.0
131643,1,5,113,2,1,60.0,0,I,MELB_URBAN,ROAD,5,8.0
131644,1,3,130,5,1,100.0,0,N,MELB_URBAN,FREEWAY,5,17.0
131645,1,5,132,1,1,80.0,0,I,RURAL_VICTORIA,AVENUE,5,11.0
131646,8,7,174,2,1,60.0,0,N,RURAL_VICTORIA,ROAD,3,11.0
131647,1,6,130,5,9,60.0,0,N,MELB_URBAN,ROAD,3,18.0
131648,2,4,102,1,1,40.0,0,I,LARGE_PROVINCIAL_CITIES,STREET,5,13.0
131649,2,7,99,5,1,60.0,0,N,MELB_URBAN,ROAD,3,10.0
131650,1,5,135,1,1,40.0,0,I,MELB_URBAN,ROAD,5,9.0
131651,1,5,147,5,1,60.0,0,N,MELB_URBAN,STREET,5,9.0
131652,2,5,100,2,1,60.0,0,N,MELB_URBAN,ROAD,5,13.0
131653,4,4,171,5,1,100.0,0,N,RURAL_VICTORIA,ROAD,5,11.0
131654,1,3,163,5,1,60.0,0,N,MELB_URBAN,STREET,5,16.0
131655,1,4,130,5,1,70.0,0,N,MELB_URBAN,ROAD,5,8.0
131656,1,2,99,1,1,80.0,0,I,MELB_URBAN,ROAD,12,14.0
131657,1,5,110,1,1,60.0,0,I,LARGE_PROVINCIAL_CITIES,AVENUE,5,12.0
131658,1,6,130,5,2,80.0,0,N,MELB_URBAN,STREET,2,6.0
131659,1,5,110,1,1,50.0,0,I,MELB_URBAN,STREET,5,7.0
131660,1,4,113,1,1,60.0,0,I,TOWNS,HIGHWAY,4,16.0
131661,1,4,132,2,9,60.0,0,I,MELB_URBAN,AVENUE,5,18.0
131662,1,3,99,2,9,60.0,0,N,MELB_URBAN,DRIVE,5,16.0
131663,1,4,130,5,3,60.0,0,N,MELB_URBAN,STREET,4,18.0
131664,1,4,121,2,2,100.0,0,I,MELB_URBAN,FREEWAY,5,16.0
131665,6,6,184,5,1,60.0,0,N,MELB_URBAN,STREET,3,12.0
131666,1,5,130,5,1,100.0,0,N,MELB_URBAN,ROAD,5,15.0
131667,1,5,99,2,1,50.0,0,I,TOWNS,STREET,5,16.0
131668,5,6,99,2,1,60.0,0,N,RURAL_VICTORIA,OTHER,5,11.0
131669,1,5,121,1,1,60.0,0,I,MELB_URBAN,ROAD,5,16.0
131670,1,5,110,1,2,50.0,0,I,SMALL_CITIES,ROAD,5,17.0
131671,2,4,100,5,3,80.0,0,N,MELB_URBAN,HIGHWAY,5,18.0
131672,4,4,171,5,3,50.0,0,N,SMALL_CITIES,DRIVE,5,18.0
131673,1,5,120,5,2,60.0,0,N,SMALL_CITIES,ROAD,5,17.0
131674,1,6,147,5,1,60.0,0,N,MELB_URBAN,STREET,4,13.0
131675,2,5,100,5,1,50.0,0,N,MELB_URBAN,OTHER,5,16.0
131676,4,5,173,5,5,100.0,0,N,RURAL_VICTORIA,ROAD,5,19.0
131677,1,4,113,1,5,80.0,0,I,MELB_URBAN,HIGHWAY,5,19.0
131678,2,5,99,5,1,60.0,0,N,TOWNS,STREET,5,12.0
131679,6,5,99,5,5,100.0,0,N,RURAL_VICTORIA,ROAD,5,5.0
131680,1,5,113,2,3,50.0,0,I,MELB_URBAN,STREET,5,23.0
131681,1,5,99,2,3,40.0,1,I,MELB_URBAN,STREET,5,18.0
131682,2,5,99,1,3,60.0,0,N,MELB_URBAN,HIGHWAY,5,19.0
131683,1,5,120,5,3,60.0,0,N,MELB_URBAN,ROAD,5,21.0
131684,1,5,132,2,3,60.0,0,I,MELB_URBAN,STREET,5,20.0
131685,2,5,99,5,3,40.0,0,N,MELB_URBAN,OTHER,5,23.0
131686,1,3,134,5,1,70.0,0,N,RURAL_VICTORIA,ROAD,5,14.0
131687,7,3,99,5,1,50.0,0,N,MELB_URBAN,STREET,3,10.0
131688,1,6,134,5,2,60.0,0,N,MELB_URBAN,ROAD,5,6.0
131689,1,5,121,1,1,60.0,0,I,SMALL_CITIES,AVENUE,5,7.0
131690,1,5,116,2,1,80.0,0,I,MELB_URBAN,ROAD,5,7.0
131691,1,4,113,2,1,60.0,0,I,MELB_URBAN,STREET,5,8.0
131692,1,6,113,2,1,80.0,0,N,MELB_URBAN,ROAD,5,7.0
131693,1,5,110,1,1,60.0,0,I,MELB_URBAN,ROAD,5,8.0
131694,1,7,110,1,6,60.0,0,I,SMALL_CITIES,STREET,4,7.0
131695,1,3,163,5,6,60.0,0,N,MELB_URBAN,STREET,5,17.0
131696,1,7,99,2,1,40.0,0,I,LARGE_PROVINCIAL_CITIES,STREET,4,9.0
131697,1,5,160,5,1,60.0,0,N,SMALL_CITIES,ROAD,5,7.0
131698,2,4,100,2,2,60.0,0,N,MELB_URBAN,OTHER,4,6.0
131699,1,5,99,5,2,40.0,0,N,MELB_URBAN,STREET,5,17.0
131700,1,6,113,2,1,60.0,0,I,MELB_URBAN,ROAD,5,7.0
131701,1,4,99,1,1,80.0,0,N,MELB_URBAN,ROAD,5,16.0
131702,1,5,130,5,1,60.0,0,N,MELB_URBAN,ROAD,5,7.0
131703,1,5,120,5,1,60.0,0,N,SMALL_CITIES,STREET,5,10.0
131704,1,0,130,2,3,80.0,0,I,MELB_URBAN,ROAD,1,1.0
131705,1,5,113,1,1,80.0,0,I,MELB_URBAN,ROAD,5,9.0
131706,1,4,121,5,2,80.0,0,N,MELB_URBAN,HIGHWAY,5,17.0
131707,1,3,130,2,1,80.0,0,N,MELB_URBAN,HIGHWAY,4,17.0
131708,2,6,99,5,1,40.0,0,N,MELB_URBAN,ROAD,5,11.0
131709,2,3,99,5,1,50.0,0,N,SMALL_CITIES,STREET,5,16.0
131710,1,4,130,5,1,60.0,0,N,MELB_URBAN,STREET,5,16.0
131711,1,3,111,2,1,100.0,0,I,RURAL_VICTORIA,HIGHWAY,4,17.0
131712,1,6,132,5,1,100.0,0,N,RURAL_VICTORIA,ROAD,5,11.0
131713,2,4,99,5,1,60.0,0,N,MELB_URBAN,STREET,5,13.0
131714,1,5,133,4,9,60.0,0,I,MELB_URBAN,STREET,5,7.0
131715,1,6,99,5,1,60.0,0,N,SMALL_CITIES,AVENUE,5,13.0
131716,1,4,99,2,1,100.0,0,I,RURAL_VICTORIA,ROAD,4,16.0
131717,4,6,181,2,1,50.0,0,I,SMALL_CITIES,AVENUE,5,13.0
131718,1,2,130,5,1,60.0,0,N,MELB_URBAN,DRIVE,5,15.0
131719,1,2,110,1,1,50.0,0,I,TOWNS,STREET,4,16.0
131720,8,6,174,1,1,60.0,0,N,LARGE_PROVINCIAL_CITIES,STREET,5,15.0
131721,1,6,130,1,3,70.0,0,I,SMALL_CITIES,PARADE,5,17.0
131722,2,6,100,1,1,60.0,0,I,MELB_URBAN,ROAD,5,16.0
131723,1,7,110,1,1,60.0,0,I,SMALL_CITIES,BOULEVARD,3,18.0
131724,1,6,134,5,3,60.0,0,N,MELB_URBAN,STREET,5,18.0
131725,1,4,116,1,1,60.0,0,I,MELB_URBAN,STREET,4,15.0
131726,1,4,130,5,2,70.0,0,N,MELB_URBAN,ROAD,5,17.0
131727,1,6,99,5,1,50.0,0,N,MELB_URBAN,OTHER,5,16.0
131728,2,6,100,1,1,30.0,0,N,LARGE_PROVINCIAL_CITIES,STREET,5,17.0
131729,1,6,130,5,3,60.0,0,N,MELB_URBAN,OTHER,5,19.0
131730,8,1,174,5,1,60.0,0,N,RURAL_VICTORIA,ROAD,5,14.0
131731,1,5,160,5,3,60.0,0,N,MELB_URBAN,ROAD,5,19.0
131732,1,6,113,2,3,70.0,0,I,RURAL_VICTORIA,HIGHWAY,5,18.0
131733,1,4,130,1,1,60.0,0,I,MELB_URBAN,STREET,4,13.0
131734,1,6,121,2,1,60.0,0,I,MELB_URBAN,ROAD,5,16.0
131735,1,6,130,1,3,110.0,0,N,RURAL_VICTORIA,FREEWAY,5,17.0
131736,1,6,99,2,2,40.0,0,I,MELB_URBAN,STREET,5,17.0
131737,1,6,163,5,3,40.0,0,N,MELB_URBAN,STREET,5,19.0
131738,1,6,121,1,1,70.0,0,I,MELB_URBAN,AVENUE,5,10.0
131739,1,5,130,5,1,80.0,0,N,MELB_URBAN,FREEWAY,5,6.0
131740,1,7,110,1,2,100.0,0,I,SMALL_TOWNS,ROAD,5,6.0
131741,1,2,130,5,1,60.0,0,N,MELB_URBAN,STREET,4,10.0
131742,1,7,130,5,1,80.0,0,N,MELB_URBAN,FREEWAY,5,6.0
131743,1,6,110,1,1,50.0,0,I,MELB_URBAN,OTHER,5,8.0
131744,2,6,100,2,1,60.0,0,I,MELB_URBAN,ROAD,5,9.0
131745,4,7,183,5,1,100.0,0,N,RURAL_VICTORIA,HIGHWAY,5,8.0
131746,1,5,130,5,9,60.0,0,N,MELB_URBAN,ROAD,5,6.0
131747,1,3,110,1,1,60.0,0,I,MELB_URBAN,ROAD,3,18.0
131748,1,6,130,5,1,80.0,0,N,MELB_URBAN,ROAD,5,10.0
131749,1,3,130,1,1,70.0,0,N,MELB_URBAN,STREET,5,17.0
131750,1,5,99,2,9,60.0,0,I,MELB_URBAN,ROAD,5,18.0
131751,1,6,130,5,3,70.0,0,N,MELB_URBAN,ROAD,5,18.0
131752,1,6,130,5,1,100.0,0,N,MELB_URBAN,FREEWAY,5,14.0
131753,1,5,130,5,1,40.0,0,N,MELBOURNE_CBD,STREET,5,14.0
131754,1,7,130,5,1,80.0,0,N,MELB_URBAN,FREEWAY,5,11.0
131755,1,7,111,1,1,80.0,0,I,MELB_URBAN,HIGHWAY,5,11.0
131756,4,7,171,5,1,60.0,0,N,MELB_URBAN,ROAD,5,11.0
131757,1,7,134,5,1,100.0,0,N,RURAL_VICTORIA,RAMP,5,12.0
131758,1,7,130,5,1,80.0,0,N,MELB_URBAN,ROAD,5,10.0
131759,1,7,111,1,1,50.0,0,I,MELB_URBAN,ROAD,5,10.0
131760,2,7,99,2,1,40.0,0,N,MELB_URBAN,ROAD,5,10.0
131761,4,7,171,5,9,100.0,1,N,RURAL_VICTORIA,ROAD,5,8.0
131762,1,7,110,1,1,50.0,0,I,MELB_URBAN,STREET,5,9.0
131763,1,7,120,5,1,60.0,0,N,RURAL_VICTORIA,OTHER,5,11.0
131764,1,6,99,1,1,40.0,0,I,MELB_URBAN,STREET,5,10.0
131765,1,7,99,2,1,60.0,0,I,MELB_URBAN,ROAD,5,12.0
131766,1,7,110,1,1,60.0,0,I,MELB_URBAN,DRIVE,5,13.0
131767,1,7,121,1,1,60.0,0,I,MELB_URBAN,ROAD,5,10.0
131768,6,7,99,5,1,100.0,0,N,RURAL_VICTORIA,ROAD,5,10.0
131769,1,2,99,5,5,100.0,0,N,RURAL_VICTORIA,HIGHWAY,5,19.0
131770,1,7,99,5,1,60.0,0,N,SMALL_CITIES,STREET,5,16.0
131771,4,6,173,5,5,100.0,0,N,RURAL_VICTORIA,ROAD,5,23.0
131772,1,6,130,5,3,60.0,0,N,MELB_URBAN,STREET,5,17.0
131773,1,7,121,1,1,40.0,0,I,SMALL_CITIES,STREET,5,16.0
131774,1,5,130,5,9,60.0,0,N,MELB_URBAN,ROAD,4,11.0
131775,1,6,121,2,1,40.0,0,N,MELB_URBAN,OTHER,5,15.0
131776,2,5,100,5,1,50.0,0,I,MELB_URBAN,STREET,5,17.0
131777,8,6,174,2,5,40.0,0,I,MELB_URBAN,STREET,5,0.0
131778,1,7,130,5,3,100.0,0,N,MELB_URBAN,FREEWAY,5,17.0
131779,1,4,160,5,1,50.0,0,N,TOWNS,ROAD,5,7.0
131780,1,7,121,2,2,70.0,0,I,MELB_URBAN,ROAD,5,17.0
131781,2,6,102,2,3,50.0,0,N,MELB_URBAN,AVENUE,5,18.0
131782,4,7,173,5,5,100.0,0,N,RURAL_VICTORIA,OTHER,5,20.0
131783,4,7,181,5,5,80.0,0,N,RURAL_VICTORIA,ROAD,5,21.0
131784,4,2,171,5,3,60.0,0,N,MELB_URBAN,ROAD,5,3.0
131785,4,1,173,5,3,60.0,0,N,TOWNS,STREET,5,2.0
131786,1,5,130,2,1,70.0,0,I,MELB_URBAN,ROAD,3,14.0
131787,1,7,110,1,1,80.0,0,N,MELB_URBAN,ROAD,5,12.0
131788,1,3,111,2,3,60.0,0,I,MELB_URBAN,ROAD,5,18.0
131789,1,5,132,2,3,60.0,0,I,MELB_URBAN,ROAD,5,20.0
131790,1,4,130,5,1,80.0,0,N,MELB_URBAN,ROAD,3,17.0
131791,1,4,132,1,1,60.0,0,I,MELB_URBAN,ROAD,4,11.0
131792,2,4,99,5,1,50.0,0,N,MELB_URBAN,AVENUE,5,12.0
131793,1,1,99,2,1,40.0,0,I,MELB_URBAN,STREET,5,10.0
131794,1,1,113,1,1,60.0,0,I,MELB_URBAN,STREET,5,11.0
131795,2,1,100,5,1,60.0,0,N,SMALL_TOWNS,HIGHWAY,5,11.0
131796,2,1,102,5,1,50.0,0,N,SMALL_CITIES,OTHER,5,8.0
131797,4,1,173,5,1,100.0,0,N,RURAL_VICTORIA,HIGHWAY,5,10.0
131798,1,1,110,1,1,60.0,0,I,MELB_URBAN,PARADE,5,8.0
131799,1,1,113,4,1,70.0,0,I,MELB_URBAN,ROAD,5,15.0
131800,1,1,116,1,1,60.0,0,N,MELB_URBAN,UNKNOWN,5,15.0
131801,1,1,130,1,1,70.0,0,I,LARGE_PROVINCIAL_CITIES,OTHER,5,14.0
131802,1,1,99,9,1,60.0,0,N,MELB_URBAN,BOULEVARD,5,13.0
131803,1,5,121,1,1,40.0,0,I,MELB_URBAN,STREET,5,8.0
131804,1,0,121,1,3,40.0,0,I,MELB_URBAN,STREET,5,17.0
131805,1,0,121,1,3,60.0,0,I,MELB_URBAN,STREET,5,20.0
131806,1,1,160,5,3,50.0,0,N,SMALL_CITIES,OTHER,5,20.0
131807,4,0,171,5,1,100.0,0,N,MELB_URBAN,ROAD,5,17.0
131808,1,1,160,5,3,50.0,0,N,MELB_URBAN,OTHER,5,19.0
131809,1,1,99,2,3,40.0,0,N,MELB_URBAN,ROAD,5,22.0
131810,1,0,160,5,3,50.0,0,N,MELB_URBAN,STREET,5,21.0
131811,6,1,99,5,5,100.0,0,N,RURAL_VICTORIA,HIGHWAY,5,0.0
131812,4,0,171,5,5,80.0,0,N,RURAL_VICTORIA,ROAD,5,22.0
131813,1,2,99,5,5,100.0,0,N,RURAL_VICTORIA,HIGHWAY,5,2.0
131814,1,0,140,5,1,60.0,0,N,SMALL_CITIES,STREET,5,9.0
131815,1,2,113,1,3,50.0,0,I,MELB_URBAN,ROAD,5,5.0
131816,1,7,99,1,1,80.0,0,I,MELB_URBAN,OTHER,5,9.0
131817,4,2,181,5,1,70.0,0,N,RURAL_VICTORIA,ROAD,5,9.0
131818,1,1,110,4,1,60.0,0,I,TOWNS,STREET,4,15.0
131819,2,1,100,5,1,60.0,0,N,LARGE_PROVINCIAL_CITIES,ROAD,5,9.0
131820,1,2,130,5,1,100.0,0,N,RURAL_VICTORIA,RAMP,5,7.0
131821,1,1,113,2,3,80.0,0,N,RURAL_VICTORIA,ROAD,5,6.0
131822,1,2,120,5,1,60.0,0,N,MELB_URBAN,ROAD,5,12.0
131823,1,6,130,5,3,80.0,0,N,MELB_URBAN,ROAD,5,17.0
131824,1,4,130,2,1,80.0,0,N,MELB_URBAN,HIGHWAY,4,15.0
131825,1,2,121,2,1,50.0,0,I,RURAL_VICTORIA,BOULEVARD,5,12.0
131826,1,3,130,5,1,60.0,0,N,LARGE_PROVINCIAL_CITIES,ROAD,5,15.0
131827,1,5,99,1,2,80.0,0,I,MELB_URBAN,ROAD,8,17.0
131828,4,2,171,5,1,60.0,0,N,LARGE_PROVINCIAL_CITIES,ROAD,5,13.0
131829,1,2,120,5,1,100.0,0,N,RURAL_VICTORIA,OTHER,5,15.0
131830,1,2,110,1,1,100.0,0,I,SMALL_CITIES,ROAD,5,10.0
131831,1,7,130,5,5,80.0,0,N,MELB_URBAN,FREEWAY,5,17.0
131832,3,1,167,5,4,100.0,0,N,RURAL_VICTORIA,HIGHWAY,5,6.0
131833,1,2,130,5,3,60.0,0,N,SMALL_CITIES,HIGHWAY,5,17.0
131834,1,2,121,4,1,60.0,0,N,MELB_URBAN,ROAD,5,15.0
131835,4,1,171,2,1,50.0,0,I,MELB_URBAN,DRIVE,5,16.0
131836,1,6,160,5,1,40.0,0,N,MELB_URBAN,STREET,4,12.0
131837,1,1,121,2,2,60.0,0,I,MELB_URBAN,ROAD,5,17.0
131838,2,1,102,1,1,40.0,0,N,MELB_URBAN,STREET,5,17.0
131839,5,5,99,5,1,80.0,0,N,RURAL_VICTORIA,ROAD,4,11.0
131840,4,2,99,2,5,100.0,0,I,RURAL_VICTORIA,OTHER,5,17.0
131841,1,1,121,2,3,60.0,0,I,MELB_URBAN,ROAD,5,18.0
131842,2,6,99,5,1,60.0,0,N,MELB_URBAN,STREET,5,15.0
131843,1,3,130,2,1,60.0,0,I,MELB_URBAN,ROAD,4,8.0
131844,1,3,130,5,1,60.0,0,N,MELB_URBAN,RAMP,3,7.0
131845,1,2,147,5,9,50.0,0,N,SMALL_CITIES,STREET,5,8.0
131846,1,3,99,1,2,80.0,0,I,MELB_URBAN,ROAD,5,6.0
131847,2,2,100,1,3,40.0,0,I,MELBOURNE_CBD,STREET,5,6.0
131848,1,2,130,5,1,60.0,0,N,TOWNS,ROAD,5,8.0
131849,5,1,99,2,1,60.0,0,I,RURAL_VICTORIA,ROAD,4,9.0
131850,4,1,171,5,1,100.0,0,N,RURAL_VICTORIA,DRIVE,5,12.0
131851,4,3,181,5,1,100.0,0,N,RURAL_VICTORIA,ROAD,5,7.0
131852,1,3,99,2,1,60.0,0,I,LARGE_PROVINCIAL_CITIES,STREET,5,8.0
131853,1,0,130,5,1,100.0,0,N,RURAL_VICTORIA,ROAD,5,11.0
131854,1,3,113,2,1,100.0,0,I,RURAL_VICTORIA,ROAD,5,7.0
131855,4,3,171,5,5,100.0,1,N,RURAL_VICTORIA,HIGHWAY,5,6.0
131856,2,3,100,5,1,50.0,0,N,LARGE_PROVINCIAL_CITIES,STREET,5,9.0
131857,1,3,134,2,1,70.0,0,I,MELB_URBAN,ROAD,5,10.0
131858,2,2,100,2,1,80.0,0,N,MELB_URBAN,ROAD,5,10.0
131859,1,5,99,5,1,60.0,0,N,MELB_URBAN,STREET,5,16.0
131860,1,3,130,1,1,80.0,0,N,MELB_URBAN,HIGHWAY,5,9.0
131861,1,2,132,1,1,60.0,0,I,MELB_URBAN,STREET,5,15.0
131862,1,3,130,5,1,100.0,0,N,RURAL_VICTORIA,FREEWAY,5,8.0
131863,2,3,100,5,1,50.0,0,N,MELB_URBAN,STREET,5,7.0
131864,1,2,99,1,3,40.0,0,N,MELB_URBAN,STREET,5,22.0
131865,8,2,174,5,3,60.0,0,N,MELB_URBAN,ROAD,1,23.0
131866,1,3,132,5,1,40.0,0,N,MELB_URBAN,FREEWAY,5,14.0
131867,1,0,140,5,1,60.0,0,N,MELB_URBAN,STREET,4,11.0
131868,1,4,132,1,2,60.0,0,I,MELB_URBAN,ROAD,4,18.0
131869,1,3,121,2,1,60.0,0,I,MELB_URBAN,ROAD,5,16.0
131870,1,2,147,2,1,60.0,0,N,MELB_URBAN,STREET,5,16.0
131871,4,6,173,2,9,60.0,0,I,MELB_URBAN,STREET,4,18.0
131872,1,4,147,5,9,50.0,0,N,MELB_URBAN,ROAD,4,8.0
131873,1,3,121,2,1,60.0,0,I,MELB_URBAN,ROAD,5,17.0
131874,1,3,130,5,2,60.0,0,N,MELB_URBAN,ROAD,5,17.0
131875,1,3,121,5,2,60.0,0,I,MELB_URBAN,ROAD,5,17.0
131876,1,0,132,1,9,60.0,0,I,MELB_URBAN,ROAD,5,18.0
131877,2,3,102,5,3,60.0,0,N,MELB_URBAN,AVENUE,5,17.0
131878,1,3,121,1,3,80.0,0,N,MELB_URBAN,ROAD,5,19.0
131879,1,3,111,2,3,80.0,0,N,MELB_URBAN,ROAD,5,19.0
131880,1,3,130,5,3,60.0,0,N,MELB_URBAN,ROAD,5,20.0
131881,1,2,130,5,3,80.0,0,N,MELB_URBAN,OTHER,5,17.0
131882,1,3,121,2,3,60.0,0,I,MELB_URBAN,ROAD,5,18.0
131883,1,5,130,5,1,60.0,0,N,MELB_URBAN,ROAD,5,12.0
131884,1,5,110,1,9,60.0,0,I,MELB_URBAN,ROAD,10,20.0
131885,1,3,130,2,3,70.0,0,N,MELB_URBAN,ROAD,5,21.0
131886,1,3,140,5,1,40.0,0,N,MELB_URBAN,STREET,5,10.0
131887,1,3,99,2,1,40.0,0,N,MELB_URBAN,STREET,5,14.0
131888,1,3,110,1,2,60.0,0,I,SMALL_CITIES,ROAD,5,6.0
131889,1,3,130,5,5,100.0,0,N,MELB_URBAN,ROAD,5,21.0
131890,1,3,130,5,3,60.0,0,N,MELB_URBAN,ROAD,5,20.0
131891,4,4,171,5,5,80.0,0,N,RURAL_VICTORIA,ROAD,5,0.0
131892,3,4,167,5,5,100.0,0,N,RURAL_VICTORIA,HIGHWAY,5,0.0
131893,1,4,160,5,3,50.0,0,N,LARGE_PROVINCIAL_CITIES,STREET,5,5.0
131894,6,3,99,5,1,100.0,0,N,RURAL_VICTORIA,HIGHWAY,5,16.0
131895,2,3,100,5,9,80.0,0,N,RURAL_VICTORIA,ROAD,2,8.0
131896,1,4,99,2,1,60.0,0,I,MELB_URBAN,STREET,5,7.0
131897,1,3,130,2,1,40.0,0,I,MELB_URBAN,ROAD,3,9.0
131898,1,2,99,2,1,50.0,0,I,MELB_URBAN,HIGHWAY,5,9.0
131899,3,1,167,5,1,100.0,0,N,RURAL_VICTORIA,ROAD,5,10.0
131900,1,4,130,5,1,100.0,0,N,RURAL_VICTORIA,HIGHWAY,5,8.0
131901,4,6,99,2,5,100.0,0,I,RURAL_VICTORIA,ROAD,4,6.0
131902,6,4,184,4,1,70.0,0,N,RURAL_VICTORIA,ROAD,5,10.0
131903,1,3,110,1,1,50.0,0,I,MELB_URBAN,STREET,5,8.0
131904,1,4,147,5,1,50.0,0,N,MELB_URBAN,ROAD,5,10.0
131905,1,2,99,1,1,40.0,0,I,MELB_URBAN,STREET,5,15.0
131906,8,6,170,2,5,60.0,0,I,RURAL_VICTORIA,ROAD,4,19.0
131907,1,2,120,2,9,50.0,0,I,MELB_URBAN,ROAD,5,19.0
131908,8,1,184,5,1,60.0,0,N,RURAL_VICTORIA,ROAD,5,10.0
131909,6,4,99,5,1,50.0,0,N,MELB_URBAN,STREET,5,8.0
131910,1,3,116,4,1,60.0,0,N,MELB_URBAN,ROAD,5,11.0
131911,1,3,121,2,1,40.0,0,N,RURAL_VICTORIA,ROAD,5,9.0
131912,1,4,99,2,1,60.0,0,N,MELB_URBAN,ROAD,5,12.0
131913,1,4,140,2,1,60.0,0,I,MELB_URBAN,ROAD,5,12.0
131914,1,5,140,2,1,60.0,0,I,MELB_URBAN,STREET,4,17.0
131915,1,6,130,5,3,60.0,0,N,MELB_URBAN,RAMP,4,18.0
131916,1,3,120,5,1,60.0,0,N,TOWNS,HIGHWAY,5,13.0
131917,1,0,130,5,9,60.0,0,N,MELB_URBAN,ROAD,5,19.0
131918,1,4,99,5,1,50.0,0,N,MELB_URBAN,AVENUE,5,8.0
131919,2,3,100,5,6,60.0,0,N,MELB_URBAN,ROAD,5,18.0
131920,5,4,99,5,1,80.0,0,N,SMALL_TOWNS,FREEWAY,5,12.0
131921,1,3,121,5,3,60.0,0,N,MELB_URBAN,STREET,5,6.0
131922,1,4,130,5,1,80.0,0,N,MELB_URBAN,FREEWAY,5,16.0
131923,1,3,110,1,3,60.0,0,I,TOWNS,STREET,5,22.0
131924,1,3,99,1,1,80.0,0,I,RURAL_VICTORIA,ROAD,9,8.0
131925,2,4,100,2,1,50.0,0,I,MELB_URBAN,ROAD,5,16.0
131926,1,4,130,5,2,60.0,0,N,MELB_URBAN,ROAD,5,17.0
131927,1,4,110,1,1,80.0,0,I,RURAL_VICTORIA,ROAD,5,16.0
131928,1,4,133,5,1,80.0,0,N,MELB_URBAN,UNKNOWN,5,17.0
131929,1,4,130,5,1,60.0,0,N,MELB_URBAN,ROAD,5,16.0
131930,1,3,130,5,1,80.0,0,N,MELB_URBAN,HIGHWAY,5,15.0
131931,1,3,130,5,3,80.0,0,N,RURAL_VICTORIA,HIGHWAY,5,17.0
131932,1,4,121,5,1,60.0,0,N,SMALL_CITIES,UNKNOWN,5,16.0
131933,1,3,130,5,1,80.0,0,N,SMALL_TOWNS,HIGHWAY,5,14.0
131934,1,3,130,5,1,80.0,0,N,MELB_URBAN,ROAD,5,14.0
131935,1,4,121,2,3,60.0,0,I,MELB_URBAN,ROAD,5,17.0
131936,1,4,110,1,1,50.0,0,I,MELB_URBAN,OTHER,5,15.0
131937,2,3,99,2,1,30.0,0,N,MELBOURNE_CBD,STREET,5,14.0
131938,1,4,130,2,5,60.0,0,N,MELB_URBAN,ROAD,5,20.0
131939,1,4,99,5,1,40.0,0,N,MELB_URBAN,STREET,5,15.0
131940,1,3,121,2,1,50.0,0,I,MELB_URBAN,STREET,5,15.0
131941,1,4,116,2,3,60.0,0,N,SMALL_CITIES,HIGHWAY,5,19.0
131942,4,4,99,5,5,110.0,0,N,RURAL_VICTORIA,FREEWAY,5,21.0
131943,1,1,111,2,1,60.0,0,I,MELB_URBAN,AVENUE,5,8.0
131944,1,4,130,5,1,100.0,1,N,RURAL_VICTORIA,HIGHWAY,5,16.0
131945,1,5,120,5,3,100.0,0,N,MELB_URBAN,ROAD,5,0.0
131946,1,6,116,2,9,60.0,0,I,MELB_URBAN,ROAD,4,19.0
131947,1,5,121,2,2,60.0,0,I,TOWNS,STREET,5,6.0
131948,1,3,134,2,1,80.0,0,N,MELB_URBAN,ROAD,3,12.0
131949,1,4,134,5,5,110.0,0,N,RURAL_VICTORIA,FREEWAY,5,18.0
131950,1,3,130,4,3,100.0,0,I,RURAL_VICTORIA,FREEWAY,5,19.0
131951,3,2,167,2,2,100.0,0,I,RURAL_VICTORIA,ROAD,5,6.0
131952,1,5,113,2,1,60.0,0,I,MELB_URBAN,ROAD,5,8.0
131953,7,4,99,5,1,50.0,0,N,MELB_URBAN,AVENUE,5,12.0
131954,1,1,130,5,1,50.0,0,N,MELB_URBAN,STREET,5,13.0
131955,2,3,99,5,1,40.0,0,N,MELB_URBAN,ROAD,5,11.0
131956,4,0,171,5,1,100.0,0,N,RURAL_VICTORIA,HIGHWAY,5,17.0
131957,1,2,132,2,1,60.0,0,N,MELB_URBAN,ROAD,3,9.0
131958,8,6,174,2,1,80.0,0,I,RURAL_VICTORIA,ROAD,4,15.0
131959,4,5,173,2,1,100.0,0,I,RURAL_VICTORIA,FREEWAY,5,9.0
131960,1,4,99,2,1,50.0,0,N,MELB_URBAN,STREET,5,7.0
131961,1,5,134,5,1,80.0,0,N,MELB_URBAN,ROAD,5,7.0
131962,1,5,99,5,1,50.0,0,N,MELB_URBAN,STREET,5,11.0
131963,1,3,110,1,1,60.0,0,I,SMALL_CITIES,AVENUE,5,8.0