,accident_type,day_of_week,dca_code,road_geometry,light_condition,speed_zone,severity,node_type,deg_urban_name,road_type,month,hour
131964,4,1,99,2,1,50.0,0,I,MELB_URBAN,OTHER,4,12.0
131965,1,5,121,1,1,80.0,0,I,MELB_URBAN,ROAD,5,11.0
131966,1,3,132,1,2,60.0,0,I,MELB_URBAN,ROAD,4,16.0
131967,1,5,113,4,9,80.0,0,I,MELB_URBAN,HIGHWAY,4,13.0
131968,4,5,173,5,1,100.0,0,N,RURAL_VICTORIA,ROAD,5,10.0
131969,1,4,121,1,1,50.0,0,I,MELB_URBAN,ROAD,4,16.0
131970,1,2,133,2,1,60.0,0,I,MELB_URBAN,AVENUE,5,12.0
131971,2,5,102,2,1,40.0,0,N,MELB_URBAN,STREET,5,13.0
131972,1,2,121,5,1,60.0,0,N,MELB_URBAN,ROAD,5,15.0
131973,4,5,173,5,1,80.0,0,N,RURAL_VICTORIA,ROAD,5,9.0
131974,1,5,110,1,1,60.0,0,I,MELB_URBAN,DRIVE,5,12.0
131975,1,6,130,2,1,30.0,0,N,MELB_URBAN,STREET,2,17.0
131976,6,1,174,5,1,60.0,0,N,RURAL_VICTORIA,OTHER,4,12.0
131977,4,5,181,5,1,100.0,0,N,RURAL_VICTORIA,ROAD,5,12.0
131978,4,6,99,5,1,80.0,0,N,LARGE_PROVINCIAL_CITIES,ROAD,4,13.0
131979,4,5,181,5,1,100.0,0,N,RURAL_VICTORIA,ROAD,5,11.0
131980,1,2,121,2,1,60.0,0,I,MELB_URBAN,ROAD,5,12.0
131981,1,6,110,1,6,40.0,0,N,MELBOURNE_CBD,STREET,5,1.0
131982,1,5,147,2,1,80.0,0,I,MELB_URBAN,ROAD,5,13.0
131983,1,4,110,1,1,60.0,0,N,MELB_URBAN,ROAD,5,14.0
131984,1,5,130,1,1,60.0,0,I,MELB_URBAN,ROAD,5,12.0
131985,1,5,121,4,1,80.0,0,I,MELB_URBAN,HIGHWAY,5,14.0
131986,1,4,147,5,1,50.0,0,N,SMALL_CITIES,STREET,5,15.0
131987,1,5,135,5,1,80.0,0,N,TOWNS,HIGHWAY,5,15.0
131988,1,5,121,1,1,60.0,0,I,MELB_URBAN,ROAD,5,16.0
131989,1,5,121,4,1,80.0,0,I,MELB_URBAN,RAMP,5,16.0
131990,4,5,171,5,9,100.0,0,N,RURAL_VICTORIA,ROAD,5,13.0
131991,2,5,99,5,1,60.0,0,N,MELB_URBAN,ROAD,5,16.0
131992,1,5,140,2,1,60.0,0,N,SMALL_CITIES,HIGHWAY,5,10.0
131993,1,4,110,1,6,50.0,0,I,MELB_URBAN,ROAD,5,18.0
131994,1,0,110,1,1,60.0,0,I,SMALL_CITIES,PARADE,4,14.0
131995,4,5,171,5,1,80.0,0,N,MELB_URBAN,HIGHWAY,5,15.0
131996,2,5,99,2,3,70.0,0,I,MELB_URBAN,ROAD,5,18.0
131997,1,4,147,5,1,60.0,0,N,MELB_URBAN,ROAD,5,8.0
131998,8,6,99,5,1,100.0,0,N,RURAL_VICTORIA,ROAD,3,11.0
131999,1,5,130,5,2,100.0,0,N,MELB_URBAN,FREEWAY,5,17.0
132000,4,5,183,5,3,80.0,0,N,MELB_URBAN,RAMP,5,19.0
132001,4,5,171,5,5,100.0,0,N,RURAL_VICTORIA,ROAD,5,19.0
132002,2,5,102,4,1,60.0,0,I,MELB_URBAN,ROAD,5,14.0
132003,2,5,100,5,3,60.0,0,N,MELB_URBAN,ROAD,5,21.0
132004,4,2,173,5,1,60.0,0,N,MELB_URBAN,ROAD,5,6.0
132005,2,5,99,5,3,60.0,0,N,MELB_URBAN,ROAD,5,19.0
132006,1,4,130,5,5,50.0,0,N,MELB_URBAN,STREET,5,0.0
132007,1,5,111,1,3,40.0,0,I,MELB_URBAN,STREET,5,20.0
132008,4,5,171,5,3,40.0,0,N,MELB_URBAN,STREET,5,19.0
132009,1,5,121,2,3,60.0,0,I,MELB_URBAN,ROAD,5,23.0
132010,4,5,171,5,3,60.0,0,N,MELB_URBAN,ROAD,5,3.0
132011,4,5,183,5,5,80.0,1,N,TOWNS,ROAD,5,20.0
132012,2,5,102,1,3,60.0,0,N,MELB_URBAN,ROAD,5,21.0
132013,1,5,130,5,9,80.0,0,N,MELB_URBAN,HIGHWAY,5,17.0
132014,4,7,99,5,1,100.0,0,N,RURAL_VICTORIA,ROAD,5,13.0
132015,1,5,130,5,2,60.0,0,N,MELB_URBAN,ROAD,5,18.0
132016,1,6,99,2,5,50.0,0,I,SMALL_CITIES,ROAD,5,6.0
132017,1,4,130,5,1,40.0,0,N,RURAL_VICTORIA,ROAD,4,9.0
132018,1,6,121,1,1,60.0,0,I,MELB_URBAN,STREET,5,7.0
132019,1,2,130,5,1,60.0,0,O,MELB_URBAN,UNKNOWN,3,16.0
132020,1,4,130,1,3,70.0,0,N,MELB_URBAN,ROAD,4,22.0
132021,1,6,147,5,1,50.0,0,N,MELB_URBAN,DRIVE,5,9.0
132022,4,6,173,1,1,100.0,0,I,RURAL_VICTORIA,ROAD,5,9.0
132023,1,3,130,1,1,60.0,0,I,MELB_URBAN,ROAD,5,7.0
132024,1,3,135,4,2,100.0,0,I,MELB_URBAN,UNKNOWN,5,6.0
132025,1,5,110,1,1,50.0,0,I,SMALL_CITIES,STREET,5,10.0
132026,1,6,130,1,1,80.0,0,I,MELB_URBAN,ROAD,5,17.0
132027,1,2,130,5,1,60.0,0,N,MELB_URBAN,ROAD,5,15.0
132028,1,6,113,2,1,60.0,0,I,MELB_URBAN,ROAD,4,12.0
132029,1,6,113,2,1,80.0,0,I,MELB_URBAN,ROAD,5,7.0
132030,1,4,130,5,2,100.0,0,N,MELB_URBAN,FREEWAY,3,18.0
132031,4,6,173,5,1,100.0,0,N,RURAL_VICTORIA,HIGHWAY,5,7.0
132032,1,6,130,5,1,60.0,0,N,LARGE_PROVINCIAL_CITIES,STREET,5,12.0
132033,1,4,130,5,1,60.0,0,N,LARGE_PROVINCIAL_CITIES,OTHER,5,7.0
132034,4,6,183,5,1,100.0,0,N,RURAL_VICTORIA,ROAD,5,12.0
132035,1,3,99,1,2,60.0,0,I,MELB_URBAN,ROAD,5,7.0
132036,1,4,130,5,1,60.0,0,N,MELB_URBAN,STREET,5,16.0
132037,4,6,173,2,1,80.0,0,I,MELB_URBAN,ROAD,5,12.0
132038,1,6,135,5,1,80.0,0,N,MELB_URBAN,FREEWAY,4,15.0
132039,1,4,130,5,2,60.0,0,N,LARGE_PROVINCIAL_CITIES,STREET,5,17.0
132040,1,1,160,5,1,40.0,0,N,MELB_URBAN,STREET,5,13.0
132041,1,6,110,1,1,40.0,0,I,LARGE_PROVINCIAL_CITIES,STREET,5,15.0
132042,1,2,147,5,2,60.0,0,N,LARGE_PROVINCIAL_CITIES,ROAD,4,17.0
132043,1,5,130,5,1,100.0,0,N,RURAL_VICTORIA,ROAD,5,14.0
132044,1,5,110,1,3,80.0,0,I,MELB_URBAN,HIGHWAY,5,18.0
132045,1,6,121,2,1,80.0,0,I,MELB_URBAN,ROAD,5,14.0
132046,1,6,110,1,1,50.0,0,I,SMALL_CITIES,AVENUE,5,15.0
132047,6,3,170,1,1,50.0,0,I,MELB_URBAN,STREET,5,11.0
132048,1,2,130,1,2,80.0,0,N,MELB_URBAN,ROAD,4,18.0
132049,1,5,130,5,1,60.0,0,N,SMALL_CITIES,ROAD,4,9.0
132050,4,6,181,5,1,60.0,0,N,RURAL_VICTORIA,ROAD,5,13.0
132051,4,7,181,5,5,60.0,0,N,RURAL_VICTORIA,ROAD,4,23.0
132052,1,6,113,2,5,80.0,0,I,LARGE_PROVINCIAL_CITIES,ROAD,5,17.0
132053,4,4,99,5,1,50.0,0,N,MELB_URBAN,OTHER,5,9.0
132054,1,4,130,5,3,60.0,0,N,MELB_URBAN,ROAD,5,6.0
132055,4,6,171,5,1,60.0,0,N,RURAL_VICTORIA,OTHER,5,16.0
132056,1,6,99,5,3,40.0,0,N,MELBOURNE_CBD,STREET,5,17.0
132057,1,6,110,1,1,50.0,0,I,MELB_URBAN,STREET,5,15.0
132058,4,6,181,5,3,50.0,0,N,MELB_URBAN,DRIVE,5,18.0
132059,4,6,173,5,5,100.0,0,N,RURAL_VICTORIA,FREEWAY,5,18.0
132060,1,6,111,2,3,60.0,0,I,MELB_URBAN,ROAD,5,17.0
132061,6,6,174,2,1,60.0,0,I,MELB_URBAN,ROAD,5,16.0
132062,1,5,135,5,1,100.0,0,N,MELB_URBAN,FREEWAY,5,16.0
132063,1,6,132,2,3,60.0,0,I,MELB_URBAN,ROAD,5,18.0
132064,1,6,121,2,3,60.0,0,I,MELB_URBAN,ROAD,5,18.0
132065,1,7,130,2,3,60.0,0,N,MELB_URBAN,PARADE,5,3.0
132066,5,6,99,5,3,80.0,0,N,MELB_URBAN,HIGHWAY,5,2.0
132067,1,2,99,2,1,60.0,0,I,MELB_URBAN,ROAD,4,15.0
132068,1,7,113,4,1,70.0,0,I,MELB_URBAN,ROAD,5,7.0
132069,4,7,181,5,3,70.0,0,N,MELB_URBAN,OTHER,5,6.0
132070,1,7,160,2,1,50.0,0,I,MELB_URBAN,STREET,5,8.0
132071,1,7,147,5,1,60.0,0,N,MELB_URBAN,ROAD,5,9.0
132072,4,6,173,5,1,50.0,0,N,MELB_URBAN,STREET,5,8.0
132073,2,5,102,5,9,60.0,0,N,MELB_URBAN,ROAD,5,19.0
132074,1,7,130,2,1,80.0,0,I,RURAL_VICTORIA,ROAD,5,11.0
132075,1,7,160,5,1,50.0,0,N,MELB_URBAN,PARADE,5,12.0
132076,4,7,171,5,5,60.0,1,N,RURAL_VICTORIA,ROAD,5,2.0
132077,1,5,132,5,3,60.0,0,N,MELB_URBAN,ROAD,5,17.0
132078,4,6,99,5,3,40.0,0,N,MELB_URBAN,OTHER,5,17.0
132079,1,7,130,2,1,60.0,0,I,MELB_URBAN,ROAD,5,14.0
132080,2,4,99,5,1,60.0,0,N,MELB_URBAN,STREET,5,15.0
132081,1,7,99,1,1,60.0,0,I,MELB_URBAN,OTHER,5,14.0
132082,1,7,121,2,1,50.0,0,I,MELB_URBAN,STREET,5,11.0
132083,6,7,174,5,1,60.0,0,N,MELB_URBAN,ROAD,5,15.0
132084,1,6,111,1,1,80.0,0,I,RURAL_VICTORIA,HIGHWAY,5,16.0
132085,1,7,130,5,2,100.0,0,N,MELB_URBAN,UNKNOWN,5,6.0
132086,2,6,102,2,2,50.0,0,N,MELB_URBAN,OTHER,5,17.0
132087,1,7,111,1,2,60.0,0,I,LARGE_PROVINCIAL_CITIES,STREET,5,18.0
132088,1,6,110,1,9,60.0,0,I,MELB_URBAN,ROAD,5,19.0
132089,2,6,102,5,1,60.0,0,I,MELB_URBAN,HIGHWAY,5,15.0
132090,1,6,160,5,3,50.0,0,N,MELB_URBAN,OTHER,5,17.0
132091,4,7,173,5,2,100.0,0,N,RURAL_VICTORIA,ROAD,5,17.0
132092,1,7,99,1,1,60.0,0,N,MELB_URBAN,ROAD,5,16.0
132093,1,7,140,1,1,60.0,0,N,MELB_URBAN,ROAD,5,17.0
132094,6,7,174,2,3,50.0,0,I,MELB_URBAN,OTHER,5,17.0
132095,1,7,121,5,3,70.0,0,N,MELB_URBAN,ROAD,5,20.0
132096,1,6,130,2,3,80.0,0,I,MELB_URBAN,ROAD,5,6.0
132097,4,0,173,1,3,60.0,0,I,MELB_URBAN,ROAD,5,1.0
132098,4,0,99,2,3,100.0,0,I,RURAL_VICTORIA,ROAD,5,2.0
132099,1,0,110,1,3,60.0,0,N,MELB_URBAN,AVENUE,5,2.0
132100,3,0,167,5,1,80.0,0,N,RURAL_VICTORIA,ROAD,4,10.0
132101,1,4,130,5,1,60.0,0,N,MELB_URBAN,ROAD,5,16.0
132102,4,0,171,5,1,100.0,0,N,RURAL_VICTORIA,HIGHWAY,5,7.0
132103,1,1,99,5,2,60.0,0,N,MELB_URBAN,ROAD,5,6.0
132104,4,0,171,5,2,100.0,0,N,RURAL_VICTORIA,HIGHWAY,5,6.0
132105,1,5,130,5,3,80.0,0,N,MELB_URBAN,HIGHWAY,4,18.0
132106,2,1,100,1,1,60.0,0,I,MELB_URBAN,STREET,5,9.0
132107,1,5,130,5,2,60.0,0,N,LARGE_PROVINCIAL_CITIES,ROAD,5,18.0
132108,1,1,121,2,1,60.0,0,I,MELB_URBAN,ROAD,5,10.0
132109,1,4,130,1,9,60.0,0,I,RURAL_VICTORIA,ROAD,5,18.0
132110,5,0,99,2,1,60.0,0,I,RURAL_VICTORIA,ROAD,5,13.0
132111,1,1,130,5,1,80.0,0,N,MELB_URBAN,FREEWAY,4,14.0
132112,1,1,99,5,1,100.0,0,N,RURAL_VICTORIA,HIGHWAY,5,11.0
132113,4,3,99,9,1,60.0,0,N,RURAL_VICTORIA,ROAD,12,15.0
132114,9,1,99,5,5,100.0,0,N,RURAL_VICTORIA,ROAD,5,18.0
132115,1,0,121,2,1,50.0,0,I,RURAL_VICTORIA,ROAD,5,14.0
132116,1,4,120,5,1,50.0,0,N,MELB_URBAN,ROAD,2,17.0
132117,4,0,181,5,1,60.0,0,N,TOWNS,HIGHWAY,5,16.0
132118,4,1,183,5,1,80.0,0,N,MELB_URBAN,RAMP,5,16.0
132119,1,4,121,4,1,60.0,0,I,MELB_URBAN,STREET,3,18.0
132120,1,0,147,5,1,60.0,0,N,MELB_URBAN,STREET,5,17.0
132121,1,1,121,2,3,60.0,0,I,MELB_URBAN,ROAD,5,19.0
132122,2,1,102,5,3,50.0,0,N,MELB_URBAN,ROAD,5,20.0
132123,1,2,99,5,3,50.0,0,N,MELB_URBAN,ROAD,5,1.0
132124,1,5,132,5,1,100.0,0,N,RURAL_VICTORIA,HIGHWAY,2,12.0
132125,4,2,183,5,5,50.0,0,N,TOWNS,STREET,5,5.0
132126,1,6,130,5,9,50.0,0,N,MELB_URBAN,STREET,4,12.0
132127,1,2,116,2,2,50.0,0,I,MELB_URBAN,ROAD,5,6.0
132128,6,2,174,5,3,40.0,0,N,MELB_URBAN,ROAD,5,6.0
132129,5,2,99,5,1,80.0,0,N,RURAL_VICTORIA,FREEWAY,5,7.0
132130,1,1,120,5,1,60.0,0,N,MELB_URBAN,ROAD,5,11.0
132131,1,2,140,2,1,60.0,0,I,MELB_URBAN,STREET,5,8.0
132132,1,1,130,5,2,80.0,0,N,MELB_URBAN,ROAD,5,7.0
132133,1,5,140,5,1,50.0,0,N,SMALL_CITIES,ROAD,5,12.0
132134,1,6,132,2,3,80.0,0,I,RURAL_VICTORIA,HIGHWAY,5,18.0
132135,6,2,174,5,1,100.0,0,N,MELB_URBAN,FREEWAY,5,8.0
132136,1,2,121,1,1,80.0,0,N,MELB_URBAN,ROAD,5,9.0
132137,1,5,99,4,1,60.0,0,I,MELB_URBAN,ROAD,4,8.0
132138,1,5,121,2,1,60.0,0,I,MELB_URBAN,ROAD,3,17.0
132139,1,4,110,1,1,70.0,0,I,MELB_URBAN,ROAD,5,10.0
132140,1,6,121,1,1,60.0,0,I,MELB_URBAN,STREET,4,15.0
132141,1,2,99,5,1,50.0,0,N,MELB_URBAN,ROAD,5,10.0
132142,1,2,160,5,1,60.0,0,N,MELB_URBAN,ROAD,5,8.0
132143,3,7,167,5,5,100.0,0,N,RURAL_VICTORIA,ROAD,5,22.0
132144,1,2,121,5,1,60.0,0,N,MELB_URBAN,ROAD,5,10.0
132145,6,6,174,5,1,100.0,0,N,RURAL_VICTORIA,ROAD,5,11.0
132146,4,2,171,5,1,80.0,0,N,RURAL_VICTORIA,ROAD,5,10.0
132147,1,5,135,5,1,80.0,0,N,RURAL_VICTORIA,HIGHWAY,5,15.0
132148,1,2,140,5,1,60.0,0,N,SMALL_CITIES,ROAD,5,12.0
132149,1,2,133,5,1,100.0,0,N,MELB_URBAN,UNKNOWN,5,9.0
132150,2,1,102,4,1,80.0,0,N,MELB_URBAN,ROAD,5,16.0
132151,1,4,130,5,1,100.0,0,N,MELB_URBAN,FREEWAY,5,8.0
132152,1,7,99,2,1,80.0,0,I,RURAL_VICTORIA,OTHER,5,10.0
132153,1,3,111,2,9,60.0,0,I,MELB_URBAN,ROAD,5,5.0
132154,2,2,100,5,1,40.0,0,N,MELB_URBAN,STREET,5,16.0
132155,8,6,99,5,1,100.0,0,N,RURAL_VICTORIA,ROAD,4,17.0
132156,1,4,121,1,1,80.0,0,I,MELB_URBAN,ROAD,4,9.0
132157,6,5,174,2,3,60.0,0,I,MELB_URBAN,ROAD,5,19.0
132158,1,2,99,1,1,40.0,0,I,MELB_URBAN,ROAD,5,15.0
132159,1,5,110,1,1,50.0,0,I,MELB_URBAN,OTHER,1,20.0
132160,1,2,132,2,3,50.0,0,I,MELB_URBAN,ROAD,5,18.0
132161,1,2,132,5,5,80.0,0,N,RURAL_VICTORIA,ROAD,5,17.0
132162,1,0,113,2,1,60.0,0,I,MELB_URBAN,OTHER,5,13.0
132163,2,2,102,5,3,60.0,0,N,MELB_URBAN,ROAD,5,20.0
132164,1,1,110,1,3,60.0,0,I,MELB_URBAN,DRIVE,5,18.0
132165,1,2,135,5,3,80.0,0,N,MELB_URBAN,FREEWAY,5,17.0
132166,4,2,171,5,5,80.0,0,N,RURAL_VICTORIA,ROAD,5,22.0
132167,1,5,130,1,1,50.0,0,I,MELB_URBAN,STREET,5,16.0
132168,4,3,99,2,5,100.0,0,UNKNOWN,UNKNOWN,UNKNOWN,5,6.0
132169,4,3,181,5,5,100.0,0,N,RURAL_VICTORIA,ROAD,5,5.0
132170,1,2,140,5,3,50.0,0,N,MELB_URBAN,ROAD,5,6.0
132171,1,7,113,2,1,50.0,0,I,MELB_URBAN,DRIVE,5,17.0
132172,1,3,121,1,1,50.0,0,I,MELB_URBAN,STREET,5,8.0
132173,1,3,120,5,1,70.0,0,N,LARGE_PROVINCIAL_CITIES,ROAD,4,14.0
132174,1,1,110,1,1,30.0,0,I,MELB_URBAN,ROAD,4,7.0
132175,1,2,113,2,6,50.0,0,I,MELB_URBAN,PARADE,5,19.0
132176,1,2,110,1,1,80.0,0,I,MELB_URBAN,ROAD,5,10.0
132177,6,7,174,1,1,60.0,0,I,TOWNS,BOULEVARD,5,10.0
132178,2,6,100,5,1,50.0,0,N,MELB_URBAN,AVENUE,4,16.0
132179,1,5,132,1,9,80.0,0,N,MELB_URBAN,HIGHWAY,5,17.0
132180,4,3,181,2,1,70.0,0,I,MELB_URBAN,HIGHWAY,5,11.0
132181,1,2,120,5,5,100.0,0,N,RURAL_VICTORIA,ROAD,5,6.0
132182,2,2,100,2,1,50.0,0,I,MELB_URBAN,UNKNOWN,5,13.0
132183,1,1,99,5,1,60.0,0,N,MELB_URBAN,ROAD,5,16.0
132184,1,3,130,5,9,60.0,0,N,LARGE_PROVINCIAL_CITIES,STREET,3,8.0
132185,4,2,181,2,1,100.0,0,I,RURAL_VICTORIA,HIGHWAY,5,17.0
132186,1,3,140,5,1,60.0,0,N,MELB_URBAN,ROAD,4,8.0
132187,1,3,99,2,1,50.0,0,I,MELB_URBAN,ROAD,5,16.0
132188,1,3,132,5,1,60.0,0,N,MELB_URBAN,ROAD,5,16.0
132189,4,3,171,5,1,40.0,0,N,LARGE_PROVINCIAL_CITIES,OTHER,5,15.0
132190,1,3,116,2,1,100.0,0,I,RURAL_VICTORIA,ROAD,5,15.0
132191,2,3,99,5,1,40.0,0,N,SMALL_CITIES,ROAD,5,15.0
132192,1,5,99,1,1,60.0,0,I,MELBOURNE_CBD,STREET,4,15.0
132193,1,1,110,1,1,110.0,0,N,RURAL_VICTORIA,FREEWAY,5,12.0
132194,1,1,130,4,5,80.0,0,N,MELB_URBAN,RAMP,5,18.0
132195,1,2,110,1,3,50.0,0,I,MELB_URBAN,ROAD,5,17.0
132196,2,4,99,2,3,50.0,0,I,MELB_URBAN,STREET,3,21.0
132197,4,3,181,5,5,100.0,0,N,RURAL_VICTORIA,ROAD,5,7.0
132198,1,2,130,5,3,80.0,0,N,MELB_URBAN,ROAD,5,17.0
132199,1,1,130,5,1,80.0,0,N,MELB_URBAN,ROAD,5,16.0
132200,3,2,167,5,5,100.0,0,N,RURAL_VICTORIA,HIGHWAY,5,18.0
132201,1,2,110,1,1,60.0,0,N,MELB_URBAN,ROAD,5,16.0
132202,6,6,174,2,2,40.0,0,I,MELB_URBAN,STREET,5,17.0
132203,1,3,134,1,3,60.0,0,N,MELB_URBAN,AVENUE,5,22.0
132204,1,2,110,1,2,60.0,0,I,RURAL_VICTORIA,ROAD,5,17.0
132205,1,3,110,1,3,50.0,0,I,SMALL_CITIES,STREET,5,18.0
132206,4,4,171,5,3,100.0,0,N,MELB_URBAN,RAMP,5,0.0
132207,8,6,174,2,1,60.0,0,N,RURAL_VICTORIA,ROAD,4,13.0
132208,1,3,99,5,3,50.0,0,N,MELB_URBAN,ROAD,5,21.0
132209,1,2,121,2,3,50.0,0,I,SMALL_CITIES,OTHER,5,18.0
132210,4,3,171,1,2,80.0,0,N,RURAL_VICTORIA,ROAD,5,6.0
132211,1,2,121,2,3,80.0,0,I,RURAL_VICTORIA,ROAD,5,18.0
132212,1,5,99,2,6,50.0,0,UNKNOWN,UNKNOWN,UNKNOWN,4,19.0
132213,1,3,147,5,1,60.0,0,N,MELB_URBAN,STREET,5,15.0
132214,1,3,113,1,3,60.0,0,I,MELB_URBAN,ROAD,5,20.0
132215,1,4,113,2,1,80.0,0,I,MELB_URBAN,ROAD,5,8.0
132216,1,1,147,5,1,60.0,0,N,MELB_URBAN,STREET,5,13.0
132217,1,4,121,2,2,60.0,0,I,MELB_URBAN,ROAD,5,7.0
132218,1,1,130,5,1,70.0,0,N,LARGE_PROVINCIAL_CITIES,ROAD,3,9.0
132219,1,3,130,5,2,100.0,0,N,MELB_URBAN,FREEWAY,5,6.0
132220,1,4,130,5,1,80.0,0,N,MELB_URBAN,FREEWAY,5,7.0
132221,1,3,130,5,1,60.0,0,N,LARGE_PROVINCIAL_CITIES,HIGHWAY,5,11.0
132222,2,4,99,5,1,50.0,0,N,MELB_URBAN,OTHER,5,10.0
132223,2,4,102,5,1,60.0,0,N,MELB_URBAN,OTHER,5,9.0
132224,1,4,116,2,1,60.0,0,I,MELB_URBAN,ROAD,5,8.0
132225,6,2,184,2,1,60.0,0,I,MELB_URBAN,ROAD,5,7.0
132226,2,3,100,5,1,60.0,0,N,MELB_URBAN,ROAD,5,11.0
132227,4,4,171,2,1,60.0,0,N,MELB_URBAN,DRIVE,5,8.0
132228,1,4,132,5,1,50.0,0,N,MELB_URBAN,OTHER,5,7.0
132229,2,4,102,1,2,40.0,0,N,MELB_URBAN,ROAD,5,17.0
132230,8,3,184,5,1,40.0,0,N,LARGE_PROVINCIAL_CITIES,PARADE,5,17.0
132231,1,7,99,5,1,50.0,0,N,MELB_URBAN,STREET,5,15.0
132232,1,4,120,2,1,100.0,0,I,RURAL_VICTORIA,UNKNOWN,5,9.0
132233,1,3,99,1,1,60.0,0,I,MELB_URBAN,ROAD,5,13.0
132234,6,7,99,5,9,60.0,0,N,RURAL_VICTORIA,OTHER,4,17.0
132235,1,3,121,2,3,80.0,0,I,MELB_URBAN,HIGHWAY,5,18.0
132236,4,4,183,5,2,80.0,0,N,RURAL_VICTORIA,PARADE,5,6.0
132237,1,4,130,2,1,60.0,0,I,SMALL_CITIES,DRIVE,5,15.0
132238,1,4,99,1,1,80.0,0,I,MELB_URBAN,ROAD,5,13.0
132239,1,2,99,2,3,50.0,0,I,MELB_URBAN,ROAD,5,4.0
132240,1,2,111,2,9,60.0,0,I,MELB_URBAN,ROAD,5,19.0
132241,1,4,147,5,2,50.0,0,N,MELB_URBAN,BOULEVARD,5,17.0
132242,1,4,116,2,1,60.0,0,N,MELB_URBAN,ROAD,5,16.0
132243,1,4,121,1,1,50.0,0,I,TOWNS,HIGHWAY,5,16.0
132244,1,3,130,2,3,60.0,0,I,MELB_URBAN,ROAD,5,17.0
132245,1,3,110,1,1,100.0,0,I,RURAL_VICTORIA,ROAD,5,16.0
132246,1,4,121,2,6,60.0,0,I,MELB_URBAN,ROAD,5,17.0
132247,1,4,121,2,1,80.0,0,I,LARGE_PROVINCIAL_CITIES,HIGHWAY,5,16.0
132248,4,4,171,5,1,60.0,0,N,MELB_URBAN,ROAD,5,16.0
132249,1,3,111,2,9,60.0,0,I,MELB_URBAN,ROAD,5,18.0
132250,4,3,173,5,5,80.0,0,N,RURAL_VICTORIA,ROAD,5,18.0
132251,1,4,121,2,3,60.0,0,I,RURAL_VICTORIA,ROAD,5,18.0
132252,1,4,113,2,3,70.0,0,I,MELB_URBAN,ROAD,5,18.0
132253,1,4,130,1,1,70.0,0,I,MELB_URBAN,ROAD,5,15.0
132254,1,4,113,1,1,60.0,0,I,MELB_URBAN,STREET,5,15.0
132255,4,4,173,5,1,60.0,0,N,RURAL_VICTORIA,ROAD,5,15.0
132256,1,4,110,1,1,80.0,0,I,SMALL_TOWNS,ROAD,5,16.0
132257,2,4,102,5,3,60.0,0,N,MELB_URBAN,STREET,5,19.0
132258,1,3,121,1,3,60.0,0,N,MELB_URBAN,STREET,5,21.0
132259,1,3,121,1,2,80.0,0,I,MELB_URBAN,ROAD,5,17.0
132260,5,4,99,5,5,110.0,0,N,SMALL_TOWNS,FREEWAY,5,18.0
132261,2,3,99,5,3,50.0,0,N,MELB_URBAN,ROAD,5,22.0
132262,1,4,120,5,3,50.0,0,N,MELB_URBAN,OTHER,5,17.0
132263,1,4,130,4,3,40.0,0,I,MELB_URBAN,STREET,5,22.0
132264,2,5,100,5,3,40.0,0,N,MELBOURNE_CBD,STREET,5,0.0
132265,1,5,110,1,3,60.0,0,I,LARGE_PROVINCIAL_CITIES,STREET,5,5.0
132266,1,3,147,5,1,50.0,0,N,MELB_URBAN,STREET,5,12.0
132267,1,4,130,5,1,80.0,0,N,MELB_URBAN,FREEWAY,11,7.0
132268,1,5,99,5,3,60.0,0,N,MELB_URBAN,ROAD,5,6.0
132269,2,6,100,1,1,50.0,0,I,MELB_URBAN,ROAD,4,8.0
132270,1,4,130,2,1,60.0,0,N,MELB_URBAN,ROAD,5,7.0
132271,1,3,116,1,1,60.0,0,I,RURAL_VICTORIA,STREET,5,14.0
132272,1,5,110,1,1,60.0,0,I,LARGE_PROVINCIAL_CITIES,STREET,5,11.0
132273,2,2,100,5,1,100.0,0,N,RURAL_VICTORIA,ROAD,5,8.0
132274,1,4,99,5,1,50.0,0,N,MELB_URBAN,DRIVE,5,8.0
132275,3,5,167,1,3,80.0,0,I,MELB_URBAN,HIGHWAY,5,0.0
132276,1,5,99,5,1,60.0,0,N,RURAL_VICTORIA,ROAD,4,11.0
132277,1,4,130,5,1,40.0,0,N,MELB_URBAN,OTHER,5,11.0
132278,1,5,113,1,1,60.0,0,I,MELB_URBAN,DRIVE,5,10.0
132279,1,5,116,2,1,70.0,0,I,MELB_URBAN,ROAD,7,11.0
132280,1,1,130,5,1,40.0,0,N,MELB_URBAN,STREET,5,16.0
132281,1,4,130,5,1,60.0,0,N,LARGE_PROVINCIAL_CITIES,STREET,5,8.0
132282,2,5,99,5,1,50.0,0,N,MELB_URBAN,STREET,5,10.0
132283,1,4,110,1,1,50.0,0,I,MELB_URBAN,STREET,5,13.0
132284,1,4,113,2,1,60.0,0,I,MELB_URBAN,ROAD,5,8.0
132285,6,2,174,2,1,60.0,0,N,MELB_URBAN,ROAD,5,7.0
132286,1,2,113,2,1,60.0,0,I,MELB_URBAN,ROAD,5,8.0
132287,1,5,113,2,1,60.0,1,I,LARGE_PROVINCIAL_CITIES,STREET,5,11.0
132288,1,2,99,4,1,60.0,0,N,SMALL_CITIES,AVENUE,5,7.0
132289,2,5,102,5,2,50.0,0,N,MELB_URBAN,STREET,5,6.0
132290,1,5,121,1,1,60.0,0,I,MELB_URBAN,OTHER,5,14.0