,accident_type,day_of_week,dca_code,road_geometry,light_condition,speed_zone,severity,node_type,deg_urban_name,road_type,month,hour
132291,1,5,134,5,1,60.0,0,N,MELB_URBAN,ROAD,5,15.0
132292,1,3,133,5,1,60.0,0,N,MELB_URBAN,PARADE,5,16.0
132293,1,2,121,2,2,60.0,0,I,MELB_URBAN,ROAD,5,16.0
132294,1,5,99,2,3,60.0,0,I,LARGE_PROVINCIAL_CITIES,STREET,5,17.0
132295,1,5,110,1,3,40.0,0,I,MELB_URBAN,STREET,5,18.0
132296,1,5,113,2,2,100.0,0,I,RURAL_VICTORIA,HIGHWAY,5,16.0
132297,1,5,99,5,3,60.0,0,N,SMALL_CITIES,ROAD,5,18.0
132298,1,2,130,5,3,100.0,0,N,MELB_URBAN,ROAD,4,5.0
132299,1,3,99,1,1,60.0,0,N,MELB_URBAN,ROAD,5,7.0
132300,4,5,181,5,1,100.0,1,N,RURAL_VICTORIA,ROAD,5,14.0
132301,1,4,134,5,1,80.0,0,N,MELB_URBAN,RAMP,5,15.0
132302,1,5,130,5,1,60.0,0,N,MELB_URBAN,ROAD,5,8.0
132303,2,5,100,2,6,60.0,0,N,MELB_URBAN,ROAD,5,19.0
132304,1,5,121,1,3,50.0,0,I,MELB_URBAN,STREET,5,20.0
132305,1,5,99,1,3,80.0,0,I,MELB_URBAN,ROAD,4,0.0
132306,1,5,110,1,3,70.0,0,N,MELB_URBAN,STREET,5,22.0
132307,4,6,181,5,3,60.0,0,N,SMALL_CITIES,ROAD,5,1.0
132308,1,6,121,2,2,60.0,0,I,MELB_URBAN,ROAD,5,6.0
132309,1,5,99,5,1,60.0,0,N,MELB_URBAN,ROAD,3,9.0
132310,1,0,130,5,1,60.0,0,N,MELB_URBAN,FREEWAY,5,10.0
132311,1,4,110,1,1,100.0,0,I,RURAL_VICTORIA,HIGHWAY,2,11.0
132312,1,2,130,2,1,60.0,0,N,MELB_URBAN,ROAD,4,13.0
132313,1,6,116,2,1,50.0,0,I,MELB_URBAN,ROAD,5,8.0
132314,1,6,111,2,2,60.0,0,I,SMALL_CITIES,ROAD,5,6.0
132315,1,6,130,5,1,70.0,0,N,MELB_URBAN,ROAD,5,8.0
132316,1,2,130,5,1,80.0,0,N,MELB_URBAN,HIGHWAY,5,11.0
132317,1,4,135,5,9,100.0,0,N,MELB_URBAN,FREEWAY,5,16.0
132318,1,5,132,2,1,60.0,0,I,RURAL_VICTORIA,ROAD,5,9.0
132319,1,6,99,2,1,60.0,0,N,MELB_URBAN,OTHER,5,8.0
132320,1,6,120,2,1,60.0,0,I,MELB_URBAN,ROAD,5,9.0
132321,1,6,99,5,1,50.0,0,N,MELB_URBAN,STREET,5,10.0
132322,1,6,121,1,1,80.0,0,N,MELB_URBAN,ROAD,5,9.0
132323,1,5,130,5,1,80.0,0,N,MELB_URBAN,FREEWAY,5,8.0
132324,1,6,130,5,1,80.0,0,N,RURAL_VICTORIA,ROAD,5,7.0
132325,1,6,121,1,1,70.0,0,I,MELB_URBAN,ROAD,5,7.0
132326,1,6,111,2,1,80.0,0,I,MELB_URBAN,ROAD,5,7.0
132327,2,6,100,5,1,50.0,0,N,SMALL_CITIES,STREET,5,13.0
132328,1,5,160,5,1,60.0,0,N,RURAL_VICTORIA,DRIVE,5,7.0
132329,1,7,99,5,1,80.0,0,N,MELB_URBAN,ROAD,3,10.0
132330,1,4,163,5,1,40.0,0,N,MELB_URBAN,STREET,5,14.0
132331,1,6,110,1,1,50.0,0,I,TOWNS,DRIVE,5,9.0
132332,1,5,130,5,1,40.0,0,N,RURAL_VICTORIA,STREET,5,12.0
132333,1,7,130,5,1,80.0,0,N,MELB_URBAN,OTHER,5,11.0
132334,1,5,110,4,2,60.0,0,I,MELB_URBAN,ROAD,5,6.0
132335,8,6,174,4,9,60.0,0,N,MELB_URBAN,STREET,4,18.0
132336,1,6,110,4,1,80.0,0,I,MELB_URBAN,HIGHWAY,5,11.0
132337,1,6,130,5,1,100.0,0,N,MELB_URBAN,ROAD,5,7.0
132338,1,3,99,2,1,60.0,0,N,RURAL_VICTORIA,ROAD,5,18.0
132339,1,5,130,5,1,80.0,0,N,MELB_URBAN,RAMP,5,6.0
132340,1,6,99,2,1,70.0,0,I,LARGE_PROVINCIAL_CITIES,HIGHWAY,5,13.0
132341,1,4,163,5,3,40.0,0,N,MELB_URBAN,STREET,5,20.0
132342,2,6,102,5,1,50.0,0,N,MELB_URBAN,STREET,5,12.0
132343,1,1,132,2,2,60.0,0,I,RURAL_VICTORIA,ROAD,5,6.0
132344,1,2,110,1,1,60.0,0,I,LARGE_PROVINCIAL_CITIES,STREET,4,11.0
132345,1,5,121,2,1,60.0,0,I,SMALL_TOWNS,ROAD,5,16.0
132346,4,5,181,5,9,100.0,0,N,RURAL_VICTORIA,ROAD,5,15.0
132347,1,5,110,1,2,60.0,0,I,SMALL_CITIES,STREET,5,16.0
132348,1,6,130,5,1,70.0,0,N,MELB_URBAN,DRIVE,5,15.0
132349,2,6,99,5,1,50.0,0,N,LARGE_PROVINCIAL_CITIES,STREET,5,16.0
132350,1,1,130,5,3,60.0,0,N,MELB_URBAN,ROAD,5,19.0
132351,1,6,130,5,1,60.0,0,N,MELB_URBAN,ROAD,5,16.0
132352,1,6,110,1,1,50.0,0,I,LARGE_PROVINCIAL_CITIES,STREET,5,11.0
132353,1,6,113,2,5,100.0,0,I,RURAL_VICTORIA,ROAD,5,18.0
132354,6,6,170,2,3,60.0,0,I,MELB_URBAN,STREET,5,19.0
132355,1,5,147,5,1,50.0,0,N,LARGE_PROVINCIAL_CITIES,STREET,5,15.0
132356,6,6,174,5,3,60.0,0,N,TOWNS,STREET,5,19.0
132357,4,6,171,1,3,50.0,0,I,MELB_URBAN,STREET,5,20.0
132358,2,6,99,4,1,60.0,0,N,MELB_URBAN,ROAD,5,16.0
132359,8,6,174,2,3,40.0,0,I,MELB_URBAN,OTHER,5,19.0
132360,1,7,147,5,1,60.0,0,N,MELB_URBAN,ROAD,5,7.0
132361,4,6,181,5,3,60.0,0,N,MELB_URBAN,BOULEVARD,5,23.0
132362,2,6,99,5,6,60.0,0,N,MELB_URBAN,ROAD,5,23.0
132363,4,6,171,2,3,80.0,0,N,MELB_URBAN,AVENUE,5,22.0
132364,2,7,102,2,5,40.0,0,N,MELB_URBAN,OTHER,5,6.0
132365,1,7,99,5,6,40.0,0,N,MELB_URBAN,STREET,5,20.0
132366,1,7,113,1,2,80.0,0,I,MELB_URBAN,ROAD,5,7.0
132367,1,7,147,5,1,60.0,0,N,MELB_URBAN,OTHER,5,9.0
132368,1,5,121,2,2,100.0,0,I,RURAL_VICTORIA,ROAD,5,16.0
132369,1,7,113,2,1,70.0,0,I,MELB_URBAN,ROAD,5,8.0
132370,1,3,99,1,1,60.0,0,I,LARGE_PROVINCIAL_CITIES,STREET,5,12.0
132371,1,7,130,5,1,100.0,0,N,RURAL_VICTORIA,HIGHWAY,5,10.0
132372,1,6,163,5,1,40.0,0,N,MELB_URBAN,STREET,5,10.0
132373,1,6,121,2,1,60.0,0,I,MELB_URBAN,ROAD,5,10.0
132374,1,7,130,1,1,60.0,0,N,MELB_URBAN,STREET,5,11.0
132375,1,7,121,1,1,60.0,0,I,MELB_URBAN,STREET,5,8.0
132376,1,7,130,5,1,100.0,0,N,MELB_URBAN,FREEWAY,5,12.0
132377,1,7,130,5,1,80.0,0,N,RURAL_VICTORIA,OTHER,5,11.0
132378,1,7,110,1,1,60.0,0,I,LARGE_PROVINCIAL_CITIES,STREET,5,12.0
132379,1,7,130,5,1,80.0,0,N,MELB_URBAN,ROAD,5,12.0
132380,1,7,110,1,1,60.0,0,I,MELB_URBAN,STREET,5,10.0
132381,1,6,113,2,1,60.0,0,I,LARGE_PROVINCIAL_CITIES,ROAD,5,14.0
132382,1,5,140,5,6,40.0,0,N,MELB_URBAN,STREET,5,20.0
132383,1,4,130,5,9,60.0,0,N,MELB_URBAN,STREET,5,18.0
132384,4,6,173,5,1,100.0,0,N,RURAL_VICTORIA,HIGHWAY,5,14.0
132385,2,7,99,5,1,60.0,0,N,TOWNS,ROAD,5,15.0
132386,6,7,170,5,1,60.0,0,N,SMALL_CITIES,AVENUE,5,16.0
132387,4,7,173,5,5,100.0,0,N,RURAL_VICTORIA,HIGHWAY,5,1.0
132388,3,7,167,5,1,80.0,0,N,RURAL_VICTORIA,ROAD,5,11.0
132389,1,6,130,5,3,60.0,0,N,MELB_URBAN,STREET,5,18.0
132390,1,5,99,5,3,60.0,0,N,LARGE_PROVINCIAL_CITIES,STREET,5,19.0
132391,1,7,130,5,2,80.0,0,N,MELB_URBAN,ROAD,5,17.0
132392,4,6,171,5,2,50.0,0,N,MELB_URBAN,STREET,5,17.0
132393,4,7,171,5,6,60.0,0,N,LARGE_PROVINCIAL_CITIES,ROAD,5,17.0
132394,3,7,167,5,2,100.0,0,N,RURAL_VICTORIA,ROAD,5,17.0
132395,3,4,167,5,1,100.0,0,N,RURAL_VICTORIA,HIGHWAY,5,8.0
132396,6,2,99,5,1,60.0,0,N,RURAL_VICTORIA,ROAD,5,12.0
132397,1,7,121,2,3,60.0,0,I,MELB_URBAN,ROAD,5,19.0
132398,2,6,99,5,1,50.0,0,N,MELBOURNE_CBD,STREET,5,14.0
132399,2,7,100,5,3,50.0,0,N,MELB_URBAN,OTHER,5,19.0
132400,1,6,110,4,3,60.0,0,I,MELB_URBAN,ROAD,5,20.0
132401,1,7,121,1,3,60.0,0,I,MELB_URBAN,OTHER,5,18.0
132402,4,7,99,5,1,70.0,0,N,MELB_URBAN,ROAD,5,16.0
132403,2,6,102,1,3,60.0,0,I,MELB_URBAN,STREET,5,2.0
132404,1,7,99,1,3,60.0,0,I,MELB_URBAN,HIGHWAY,5,22.0
132405,4,7,171,5,3,50.0,0,N,SMALL_CITIES,STREET,5,21.0
132406,4,7,173,5,5,100.0,0,N,RURAL_VICTORIA,ROAD,5,4.0
132407,1,7,99,5,3,50.0,0,N,LARGE_PROVINCIAL_CITIES,STREET,5,22.0
132408,4,7,171,5,3,60.0,0,N,MELB_URBAN,ROAD,5,23.0
132409,1,1,110,1,5,100.0,0,I,RURAL_VICTORIA,ROAD,5,1.0
132410,1,1,113,4,3,80.0,0,I,MELB_URBAN,ROAD,5,2.0
132411,1,4,121,1,1,60.0,0,I,MELB_URBAN,OTHER,3,9.0
132412,4,1,181,2,3,50.0,0,N,MELB_URBAN,STREET,5,5.0
132413,3,6,167,5,5,100.0,0,N,RURAL_VICTORIA,ROAD,5,23.0
132414,4,1,173,5,2,60.0,0,N,MELB_URBAN,ROAD,5,7.0
132415,1,2,130,5,1,60.0,0,N,RURAL_VICTORIA,RAMP,5,17.0
132416,2,1,100,1,1,50.0,0,I,MELB_URBAN,STREET,5,9.0
132417,1,1,99,4,1,60.0,0,I,MELB_URBAN,UNKNOWN,5,9.0
132418,1,1,116,2,1,60.0,0,I,MELB_URBAN,PARADE,5,8.0
132419,1,1,121,4,1,70.0,0,N,MELB_URBAN,ROAD,5,8.0
132420,1,7,134,5,2,60.0,0,N,MELB_URBAN,ROAD,5,17.0
132421,1,1,110,1,1,60.0,0,I,LARGE_PROVINCIAL_CITIES,OTHER,5,9.0
132422,1,1,132,5,1,60.0,0,N,TOWNS,STREET,5,11.0
132423,1,2,111,2,1,80.0,0,I,MELB_URBAN,DRIVE,4,13.0
132424,1,0,160,5,1,50.0,0,N,MELB_URBAN,DRIVE,5,8.0
132425,1,0,130,5,1,60.0,0,N,LARGE_PROVINCIAL_CITIES,STREET,5,13.0
132426,1,4,111,2,1,60.0,0,I,MELB_URBAN,DRIVE,5,8.0
132427,1,1,99,1,1,60.0,0,I,MELB_URBAN,ROAD,5,14.0
132428,1,1,110,1,1,60.0,0,I,SMALL_CITIES,STREET,5,15.0
132429,1,1,121,1,1,40.0,0,I,MELB_URBAN,STREET,5,14.0
132430,2,1,99,1,1,50.0,0,I,MELB_URBAN,HIGHWAY,5,12.0
132431,1,0,130,5,1,60.0,0,N,LARGE_PROVINCIAL_CITIES,ROAD,5,16.0
132432,1,1,110,1,2,50.0,0,I,SMALL_CITIES,ROAD,5,17.0
132433,1,0,99,4,1,60.0,0,I,MELB_URBAN,AVENUE,5,12.0
132434,1,2,130,5,2,60.0,0,N,MELB_URBAN,HIGHWAY,5,6.0
132435,4,1,181,5,1,60.0,0,N,RURAL_VICTORIA,ROAD,5,15.0
132436,5,1,183,5,1,100.0,0,N,RURAL_VICTORIA,ROAD,5,14.0
132437,1,0,133,1,1,80.0,0,N,MELB_URBAN,ROAD,5,15.0
132438,1,1,130,5,3,100.0,0,N,MELB_URBAN,FREEWAY,5,17.0
132439,4,1,171,2,3,60.0,0,N,MELB_URBAN,STREET,5,18.0
132440,2,1,99,5,3,50.0,0,N,MELB_URBAN,STREET,5,20.0
132441,2,1,99,5,3,40.0,0,N,MELB_URBAN,STREET,5,21.0
132442,1,4,135,5,1,100.0,0,N,MELB_URBAN,ROAD,5,9.0
132443,1,1,113,2,5,100.0,0,I,RURAL_VICTORIA,ROAD,5,23.0
132444,4,1,173,2,3,60.0,0,I,LARGE_PROVINCIAL_CITIES,AVENUE,5,1.0
132445,6,2,174,5,3,60.0,0,N,SMALL_CITIES,ROAD,5,0.0
132446,2,1,99,5,5,50.0,0,N,TOWNS,STREET,5,23.0
132447,1,7,99,1,1,60.0,0,I,MELB_URBAN,ROAD,3,15.0
132448,1,6,110,1,6,60.0,0,I,MELB_URBAN,STREET,5,21.0
132449,1,2,113,2,2,80.0,0,N,MELB_URBAN,ROAD,5,6.0
132450,1,2,99,2,1,50.0,0,I,LARGE_PROVINCIAL_CITIES,STREET,5,7.0
132451,1,4,121,2,3,70.0,0,N,MELB_URBAN,ROAD,5,6.0
132452,6,1,174,1,1,30.0,0,I,MELB_URBAN,AVENUE,5,16.0
132453,1,5,121,2,1,60.0,0,N,MELB_URBAN,STREET,12,16.0
132454,4,2,181,5,1,60.0,0,N,RURAL_VICTORIA,ROAD,5,12.0
132455,1,4,163,5,3,40.0,0,N,MELBOURNE_CBD,STREET,4,21.0
132456,1,2,133,5,1,60.0,0,N,MELB_URBAN,STREET,5,8.0
132457,1,4,130,5,3,80.0,0,N,MELB_URBAN,ROAD,5,18.0
132458,1,4,99,2,1,60.0,0,I,MELB_URBAN,STREET,1,8.0
132459,5,7,99,5,1,60.0,0,N,RURAL_VICTORIA,ROAD,5,11.0
132460,6,0,174,5,1,100.0,0,N,RURAL_VICTORIA,ROAD,5,11.0
132461,4,1,181,5,1,100.0,0,N,RURAL_VICTORIA,ROAD,5,8.0
132462,1,1,121,2,1,60.0,0,N,MELB_URBAN,ROAD,5,10.0
132463,4,2,171,5,1,100.0,0,N,RURAL_VICTORIA,ROAD,5,9.0
132464,6,1,174,5,2,70.0,0,N,LARGE_PROVINCIAL_CITIES,ROAD,5,7.0
132465,4,2,171,5,1,40.0,0,N,LARGE_PROVINCIAL_CITIES,STREET,5,12.0
132466,4,2,171,5,1,100.0,0,N,RURAL_VICTORIA,HIGHWAY,5,8.0
132467,5,7,99,5,1,100.0,0,N,RURAL_VICTORIA,OTHER,5,15.0
132468,1,1,99,1,1,50.0,0,I,MELB_URBAN,STREET,5,15.0
132469,1,2,130,5,1,60.0,0,N,MELB_URBAN,ROAD,5,8.0
132470,1,2,110,1,1,50.0,0,I,SMALL_CITIES,STREET,5,13.0
132471,1,2,99,5,3,80.0,0,N,MELB_URBAN,FREEWAY,5,4.0
132472,1,1,110,1,1,60.0,0,I,TOWNS,STREET,5,11.0
132473,1,3,130,5,1,100.0,0,N,RURAL_VICTORIA,HIGHWAY,5,7.0
132474,1,2,121,1,1,80.0,0,I,MELB_URBAN,ROAD,5,15.0
132475,1,1,99,2,1,50.0,0,I,MELB_URBAN,DRIVE,5,13.0
132476,1,1,130,5,3,50.0,0,N,SMALL_CITIES,STREET,5,18.0
132477,4,2,171,5,1,100.0,0,N,RURAL_VICTORIA,ROAD,5,15.0
132478,1,2,99,4,1,80.0,0,N,RURAL_VICTORIA,HIGHWAY,5,15.0
132479,8,3,174,5,9,60.0,0,N,MELB_URBAN,DRIVE,4,16.0
132480,6,5,170,5,2,80.0,0,N,RURAL_VICTORIA,ROAD,2,17.0
132481,1,1,113,1,3,60.0,0,I,MELB_URBAN,STREET,5,21.0
132482,1,2,99,2,1,60.0,0,I,MELB_URBAN,ROAD,5,12.0
132483,1,7,135,5,9,60.0,0,N,MELB_URBAN,ROAD,5,11.0
132484,1,4,130,5,1,80.0,0,N,MELB_URBAN,ROAD,5,9.0
132485,2,2,102,2,1,40.0,0,I,MELB_URBAN,OTHER,5,15.0
132486,1,1,130,5,3,80.0,0,N,MELB_URBAN,HIGHWAY,5,19.0
132487,1,2,133,2,3,60.0,0,I,MELB_URBAN,ROAD,5,18.0
132488,1,2,134,5,3,80.0,0,N,MELB_URBAN,ROAD,5,18.0
132489,6,2,99,5,1,100.0,0,N,RURAL_VICTORIA,ROAD,5,15.0
132490,1,2,130,5,3,80.0,0,N,MELB_URBAN,ROAD,5,18.0
132491,1,2,130,1,3,80.0,0,N,MELB_URBAN,ROAD,5,0.0
132492,6,0,174,2,1,60.0,0,I,MELB_URBAN,STREET,5,11.0
132493,1,4,121,2,1,60.0,0,I,MELB_URBAN,ROAD,3,8.0
132494,1,2,110,1,5,50.0,0,I,MELB_URBAN,ROAD,5,22.0
132495,1,2,120,5,2,60.0,0,N,MELB_URBAN,STREET,5,16.0
132496,1,7,120,5,1,60.0,0,N,MELB_URBAN,ROAD,3,14.0
132497,1,3,134,5,1,100.0,0,N,MELB_URBAN,FREEWAY,5,7.0
132498,1,6,130,5,3,100.0,0,N,MELB_URBAN,FREEWAY,5,17.0
132499,4,2,183,5,1,80.0,0,N,RURAL_VICTORIA,ROAD,5,9.0
132500,1,1,163,5,3,40.0,0,N,MELBOURNE_CBD,STREET,5,19.0
132501,1,2,116,2,1,50.0,0,I,MELB_URBAN,STREET,5,8.0
132502,8,2,99,5,2,60.0,0,N,MELBOURNE_CBD,STREET,5,7.0
132503,2,3,102,1,1,60.0,0,I,SMALL_CITIES,PARADE,5,10.0
132504,1,3,130,5,3,80.0,0,N,MELB_URBAN,FREEWAY,5,6.0
132505,1,2,130,5,1,40.0,0,N,MELBOURNE_CBD,STREET,5,10.0
132506,4,1,173,5,1,80.0,0,N,RURAL_VICTORIA,ROAD,11,14.0
132507,6,3,99,2,6,60.0,0,I,MELB_URBAN,ROAD,5,5.0
132508,6,5,174,1,3,40.0,0,I,MELBOURNE_CBD,STREET,5,21.0
132509,4,2,99,5,1,80.0,0,N,SMALL_TOWNS,FREEWAY,5,8.0
132510,1,4,130,5,1,50.0,0,N,MELB_URBAN,STREET,5,13.0
132511,1,3,113,2,1,100.0,0,I,RURAL_VICTORIA,HIGHWAY,5,10.0
132512,1,1,99,2,1,50.0,0,N,MELB_URBAN,ROAD,5,13.0
132513,4,1,181,5,1,60.0,0,N,RURAL_VICTORIA,ROAD,4,10.0
132514,3,0,167,5,5,80.0,0,N,RURAL_VICTORIA,ROAD,2,21.0
132515,1,3,130,5,1,80.0,0,N,MELB_URBAN,FREEWAY,4,14.0
132516,1,3,113,2,1,60.0,0,I,MELB_URBAN,PARADE,5,12.0
132517,8,1,174,5,1,100.0,0,N,RURAL_VICTORIA,OTHER,5,12.0
132518,1,5,99,2,1,60.0,0,I,MELB_URBAN,ROAD,5,16.0
132519,1,3,130,2,1,60.0,0,N,SMALL_CITIES,HIGHWAY,4,16.0
132520,1,2,110,1,1,50.0,0,I,TOWNS,STREET,5,11.0
132521,1,6,99,1,1,50.0,0,I,MELB_URBAN,ROAD,5,13.0
132522,1,1,121,2,3,60.0,0,I,MELB_URBAN,ROAD,5,19.0
132523,1,2,99,5,9,60.0,0,N,MELB_URBAN,STREET,5,18.0
132524,1,6,110,1,1,50.0,0,I,MELB_URBAN,STREET,5,8.0
132525,1,0,110,1,3,60.0,0,N,MELB_URBAN,ROAD,5,22.0
132526,2,3,102,1,1,40.0,0,I,MELBOURNE_CBD,STREET,5,15.0
132527,2,2,100,1,1,50.0,0,I,MELB_URBAN,ROAD,5,15.0
132528,1,6,110,1,3,60.0,0,N,RURAL_VICTORIA,ROAD,5,17.0
132529,1,3,111,2,1,60.0,0,N,MELB_URBAN,DRIVE,5,15.0
132530,1,2,130,5,1,100.0,0,N,MELB_URBAN,FREEWAY,5,9.0
132531,1,2,110,1,1,40.0,0,I,TOWNS,STREET,3,16.0
132532,1,2,135,5,3,40.0,0,N,MELB_URBAN,ROAD,5,19.0
132533,1,3,163,2,1,40.0,0,I,MELB_URBAN,STREET,5,17.0
132534,1,2,130,5,5,100.0,0,N,RURAL_VICTORIA,ROAD,5,18.0
132535,1,3,130,5,5,80.0,0,N,RURAL_VICTORIA,HIGHWAY,5,18.0
132536,1,2,99,5,1,100.0,0,N,RURAL_VICTORIA,ROAD,5,14.0
132537,1,6,99,1,2,60.0,0,I,MELB_URBAN,ROAD,5,6.0
132538,1,3,110,1,3,60.0,0,I,MELB_URBAN,STREET,5,19.0
132539,1,3,99,2,3,60.0,0,I,MELB_URBAN,ROAD,5,18.0
132540,1,2,130,5,3,70.0,0,N,MELB_URBAN,ROAD,5,18.0
132541,1,3,130,5,3,60.0,0,N,MELB_URBAN,ROAD,5,18.0
132542,1,3,147,5,1,80.0,0,I,MELB_URBAN,ROAD,5,15.0
132543,1,3,110,1,3,60.0,0,I,SMALL_CITIES,ROAD,5,19.0
132544,1,2,113,2,3,60.0,0,N,MELB_URBAN,ROAD,5,17.0
132545,1,3,130,5,3,80.0,0,N,MELB_URBAN,ROAD,5,18.0
132546,1,6,99,4,1,60.0,0,I,MELB_URBAN,ROAD,5,13.0
132547,1,2,132,1,1,60.0,0,I,LARGE_PROVINCIAL_CITIES,STREET,5,15.0
132548,1,3,147,5,3,60.0,0,N,MELB_URBAN,ROAD,5,21.0
132549,1,3,160,5,3,50.0,0,N,MELB_URBAN,ROAD,5,21.0
132550,2,2,99,5,9,70.0,0,N,MELB_URBAN,ROAD,5,20.0
132551,1,4,134,5,1,100.0,0,N,MELB_URBAN,FREEWAY,4,13.0
132552,1,3,110,1,3,60.0,0,I,RURAL_VICTORIA,ROAD,5,22.0
132553,4,2,99,2,3,40.0,0,I,MELB_URBAN,STREET,5,23.0
132554,4,5,173,5,1,60.0,0,N,MELB_URBAN,STREET,5,9.0
132555,8,4,174,5,3,60.0,0,N,MELB_URBAN,OTHER,5,5.0
132556,1,3,99,1,1,60.0,0,I,TOWNS,AVENUE,5,16.0
132557,8,3,174,2,1,40.0,0,I,MELB_URBAN,STREET,5,13.0
132558,1,2,147,5,9,50.0,0,N,SMALL_CITIES,ROAD,5,9.0
132559,1,4,130,5,1,80.0,0,N,MELB_URBAN,RAMP,5,7.0
132560,1,3,160,5,1,50.0,0,N,MELB_URBAN,STREET,4,11.0
132561,1,3,121,2,1,50.0,0,I,MELB_URBAN,STREET,5,13.0
132562,4,4,99,5,1,40.0,0,N,MELB_URBAN,DRIVE,5,9.0
132563,1,7,130,5,2,60.0,0,N,MELB_URBAN,ROAD,5,7.0
132564,1,5,130,5,9,60.0,0,N,MELB_URBAN,ROAD,5,15.0
132565,1,4,160,5,1,50.0,0,N,MELB_URBAN,STREET,5,9.0
132566,1,7,99,5,1,60.0,0,N,MELB_URBAN,STREET,5,13.0
132567,1,6,130,5,3,80.0,0,N,MELB_URBAN,ROAD,5,2.0
132568,6,7,174,5,1,60.0,0,N,RURAL_VICTORIA,ROAD,5,9.0
132569,1,4,99,5,1,60.0,0,N,MELB_URBAN,STREET,5,9.0
132570,1,4,133,1,1,80.0,0,N,MELB_URBAN,OTHER,5,8.0
132571,6,4,174,5,1,40.0,0,N,MELB_URBAN,ROAD,5,13.0
132572,1,3,132,2,2,60.0,0,N,MELB_URBAN,ROAD,5,6.0
132573,5,6,99,2,6,50.0,0,I,MELB_URBAN,STREET,5,3.0
132574,1,4,113,2,1,60.0,0,I,MELB_URBAN,ROAD,5,13.0
132575,1,7,160,2,3,40.0,0,N,MELB_URBAN,AVENUE,5,6.0
132576,1,0,116,2,1,60.0,0,I,MELB_URBAN,ROAD,4,16.0
132577,8,3,99,5,1,60.0,0,N,RURAL_VICTORIA,ROAD,5,12.0
132578,1,4,130,2,9,60.0,0,I,MELB_URBAN,ROAD,5,7.0
132579,1,3,121,1,1,60.0,0,I,TOWNS,DRIVE,5,10.0
132580,1,4,130,2,1,80.0,0,N,MELB_URBAN,ROAD,5,14.0
132581,4,3,99,5,9,60.0,0,N,MELB_URBAN,FREEWAY,5,10.0
132582,2,4,100,2,2,60.0,0,I,LARGE_PROVINCIAL_CITIES,ROAD,5,16.0
132583,4,3,171,5,1,60.0,0,N,TOWNS,STREET,5,14.0
132584,1,4,130,1,2,80.0,0,I,MELB_URBAN,ROAD,5,7.0
132585,1,3,99,5,3,60.0,0,N,MELB_URBAN,STREET,5,17.0
132586,1,4,130,5,3,80.0,0,N,MELB_URBAN,ROAD,5,17.0
132587,4,6,171,5,5,60.0,0,N,RURAL_VICTORIA,ROAD,4,18.0
132588,1,3,121,1,2,50.0,0,I,MELB_URBAN,ROAD,5,17.0
132589,1,3,121,1,1,50.0,0,I,MELB_URBAN,STREET,5,8.0
132590,1,4,130,1,2,60.0,0,I,MELB_URBAN,ROAD,5,17.0
132591,1,3,130,5,1,110.0,0,N,TOWNS,FREEWAY,5,16.0
132592,6,4,99,5,3,40.0,0,N,MELB_URBAN,STREET,5,17.0
132593,1,5,135,5,1,80.0,0,N,MELB_URBAN,RAMP,5,7.0
132594,4,4,173,9,3,60.0,0,N,MELB_URBAN,STREET,5,18.0
132595,1,4,163,5,3,40.0,0,N,MELB_URBAN,STREET,5,17.0
132596,1,3,132,1,3,80.0,0,I,MELB_URBAN,FREEWAY,5,20.0
132597,2,3,102,2,1,80.0,0,I,MELB_URBAN,ROAD,5,15.0
132598,1,4,134,5,6,60.0,0,N,MELB_URBAN,ROAD,5,18.0
132599,4,3,173,1,3,60.0,0,N,LARGE_PROVINCIAL_CITIES,STREET,5,22.0
132600,1,4,121,2,5,60.0,0,I,MELB_URBAN,ROAD,5,20.0
132601,1,4,99,5,3,60.0,0,N,MELB_URBAN,ROAD,5,22.0
132602,1,4,121,5,1,100.0,1,N,RURAL_VICTORIA,PARADE,5,16.0
132603,1,4,130,5,3,60.0,0,N,MELB_URBAN,HIGHWAY,5,21.0
132604,1,3,99,2,5,50.0,0,N,SMALL_CITIES,STREET,5,23.0
132605,2,4,100,1,1,60.0,0,N,MELB_URBAN,ROAD,5,12.0
132606,1,4,130,5,3,60.0,0,N,MELB_URBAN,ROAD,5,22.0
132607,1,6,116,2,3,60.0,0,I,MELB_URBAN,ROAD,5,19.0
132608,1,5,121,2,1,60.0,0,I,MELB_URBAN,STREET,5,7.0
132609,1,5,130,5,1,60.0,0,N,MELB_URBAN,ROAD,4,16.0
132610,1,4,147,5,1,50.0,0,N,MELB_URBAN,DRIVE,5,9.0
132611,1,4,130,5,1,80.0,0,N,MELB_URBAN,ROAD,5,8.0
132612,4,1,181,5,1,100.0,0,N,RURAL_VICTORIA,ROAD,5,10.0
132613,1,1,130,2,1,60.0,0,N,MELB_URBAN,ROAD,5,13.0
132614,1,4,110,1,3,60.0,0,I,LARGE_PROVINCIAL_CITIES,STREET,5,20.0
132615,1,5,120,5,1,80.0,0,N,RURAL_VICTORIA,ROAD,5,10.0
132616,1,2,130,2,1,60.0,0,I,MELB_URBAN,AVENUE,5,15.0
132617,1,5,147,5,1,40.0,0,N,MELB_URBAN,STREET,5,8.0