,accident_type,day_of_week,dca_code,road_geometry,light_condition,speed_zone,severity,node_type,deg_urban_name,road_type,month,hour
132618,1,5,116,1,1,60.0,0,I,LARGE_PROVINCIAL_CITIES,STREET,5,11.0
132619,1,5,133,2,1,80.0,0,N,MELB_URBAN,HIGHWAY,5,9.0
132620,1,5,99,5,1,110.0,0,N,RURAL_VICTORIA,FREEWAY,5,11.0
132621,2,3,99,5,3,40.0,0,N,MELBOURNE_CBD,STREET,4,22.0
132622,4,5,181,2,1,50.0,0,N,MELB_URBAN,DRIVE,5,8.0
132623,1,5,120,5,5,60.0,0,N,MELB_URBAN,ROAD,5,19.0
132624,1,3,130,1,3,70.0,0,I,MELB_URBAN,HIGHWAY,5,17.0
132625,7,2,99,5,3,50.0,0,N,MELB_URBAN,STREET,5,19.0
132626,4,7,173,5,5,100.0,0,N,RURAL_VICTORIA,ROAD,5,23.0
132627,1,4,134,5,1,60.0,0,N,MELB_URBAN,ROAD,5,10.0
132628,1,4,121,2,9,60.0,0,I,RURAL_VICTORIA,ROAD,5,17.0
132629,1,3,140,2,3,60.0,0,I,MELB_URBAN,HIGHWAY,5,18.0
132630,1,5,111,2,1,50.0,0,I,MELB_URBAN,ROAD,5,13.0
132631,6,5,174,2,1,60.0,0,I,MELB_URBAN,HIGHWAY,5,14.0
132632,1,5,130,5,1,110.0,0,N,RURAL_VICTORIA,HIGHWAY,5,8.0
132633,6,1,99,5,1,100.0,0,N,RURAL_VICTORIA,ROAD,5,13.0
132634,4,1,171,5,5,60.0,0,N,RURAL_VICTORIA,ROAD,5,20.0
132635,2,5,99,5,1,70.0,0,N,MELB_URBAN,ROAD,5,15.0
132636,1,6,120,5,1,60.0,0,N,TOWNS,ROAD,4,15.0
132637,1,4,130,5,3,100.0,0,N,MELB_URBAN,FREEWAY,5,6.0
132638,4,4,171,2,1,60.0,0,N,MELB_URBAN,ROAD,5,6.0
132639,1,5,121,1,1,80.0,0,I,MELB_URBAN,OTHER,5,16.0
132640,1,3,130,4,1,80.0,0,N,MELB_URBAN,ROAD,5,14.0
132641,1,4,140,5,1,50.0,0,N,MELB_URBAN,ROAD,5,15.0
132642,1,4,130,5,1,80.0,0,I,MELB_URBAN,UNKNOWN,3,14.0
132643,1,5,130,2,1,80.0,0,I,RURAL_VICTORIA,ROAD,5,15.0
132644,1,2,132,2,1,60.0,0,I,MELB_URBAN,OTHER,4,9.0
132645,4,5,181,5,1,100.0,0,N,RURAL_VICTORIA,ROAD,5,16.0
132646,1,5,130,5,1,60.0,0,N,LARGE_PROVINCIAL_CITIES,STREET,5,17.0
132647,8,5,174,5,1,60.0,0,N,MELB_URBAN,ROAD,5,9.0
132648,4,5,181,5,1,100.0,0,N,RURAL_VICTORIA,HIGHWAY,5,14.0
132649,1,5,140,5,3,60.0,0,N,SMALL_CITIES,STREET,5,17.0
132650,1,4,130,1,1,60.0,0,N,MELB_URBAN,ROAD,5,10.0
132651,1,4,121,2,3,50.0,0,I,MELB_URBAN,OTHER,5,19.0
132652,1,6,111,2,1,40.0,0,I,LARGE_PROVINCIAL_CITIES,STREET,2,15.0
132653,1,5,130,5,3,80.0,0,N,MELB_URBAN,FREEWAY,5,18.0
132654,4,5,171,5,5,100.0,0,N,RURAL_VICTORIA,ROAD,5,17.0
132655,1,4,121,1,3,60.0,0,N,MELB_URBAN,HIGHWAY,5,21.0
132656,4,5,173,5,3,50.0,0,N,MELB_URBAN,OTHER,5,18.0
132657,2,4,102,1,3,60.0,0,N,MELB_URBAN,ROAD,5,22.0
132658,1,5,140,5,3,80.0,0,N,RURAL_VICTORIA,STREET,5,2.0
132659,4,5,171,5,3,80.0,0,N,MELB_URBAN,HIGHWAY,5,2.0
132660,1,6,130,5,5,110.0,0,N,RURAL_VICTORIA,FREEWAY,5,4.0
132661,1,5,130,5,1,40.0,0,N,RURAL_VICTORIA,ROAD,5,8.0
132662,1,5,113,2,1,60.0,0,I,MELB_URBAN,ROAD,5,8.0
132663,1,5,130,5,9,80.0,0,N,MELB_URBAN,RAMP,4,8.0
132664,2,4,102,1,3,50.0,0,I,MELB_URBAN,HIGHWAY,5,18.0
132665,1,6,140,5,1,50.0,0,N,MELB_URBAN,STREET,5,17.0
132666,1,3,130,5,1,40.0,0,N,RURAL_VICTORIA,ROAD,4,7.0
132667,1,6,140,2,1,50.0,0,I,LARGE_PROVINCIAL_CITIES,STREET,5,12.0
132668,4,6,171,5,1,50.0,0,N,SMALL_TOWNS,AVENUE,5,11.0
132669,2,6,99,5,1,60.0,0,N,MELB_URBAN,ROAD,5,11.0
132670,6,6,174,2,1,40.0,0,I,MELB_URBAN,STREET,5,13.0
132671,1,6,110,1,1,60.0,0,I,SMALL_TOWNS,ROAD,5,12.0
132672,4,6,173,5,1,50.0,0,N,MELB_URBAN,AVENUE,5,15.0
132673,1,5,99,1,1,80.0,0,I,MELB_URBAN,STREET,5,7.0
132674,1,6,113,2,1,60.0,0,I,MELB_URBAN,STREET,4,12.0
132675,1,5,110,1,1,70.0,0,I,MELB_URBAN,ROAD,5,12.0
132676,1,5,135,5,2,100.0,0,N,MELB_URBAN,ROAD,5,18.0
132677,1,4,140,5,3,40.0,0,N,MELB_URBAN,STREET,5,18.0
132678,1,6,130,5,9,60.0,0,N,MELB_URBAN,STREET,4,8.0
132679,1,6,132,5,1,80.0,0,N,SMALL_CITIES,ROAD,5,15.0
132680,1,6,130,5,9,60.0,0,N,MELB_URBAN,ROAD,5,18.0
132681,1,4,130,4,1,80.0,0,N,MELB_URBAN,RAMP,5,18.0
132682,1,6,121,1,2,60.0,0,I,MELB_URBAN,ROAD,5,17.0
132683,1,4,130,5,1,80.0,0,N,MELB_URBAN,ROAD,5,16.0
132684,1,6,113,2,3,60.0,0,I,RURAL_VICTORIA,STREET,5,18.0
132685,1,6,113,2,3,80.0,0,N,MELB_URBAN,ROAD,5,17.0
132686,1,5,120,5,1,60.0,0,N,MELB_URBAN,ROAD,3,15.0
132687,1,5,130,5,1,100.0,0,N,RURAL_VICTORIA,ROAD,5,14.0
132688,4,5,171,5,5,100.0,0,N,RURAL_VICTORIA,ROAD,5,18.0
132689,1,6,99,5,3,50.0,0,N,MELB_URBAN,OTHER,5,0.0
132690,1,6,110,1,3,60.0,0,I,MELB_URBAN,ROAD,5,21.0
132691,1,6,160,5,5,80.0,0,N,RURAL_VICTORIA,ROAD,5,6.0
132692,1,4,130,5,1,70.0,0,N,MELB_URBAN,STREET,5,7.0
132693,1,5,113,2,1,80.0,0,I,MELB_URBAN,ROAD,4,15.0
132694,1,1,147,2,6,70.0,0,I,MELB_URBAN,HIGHWAY,5,21.0
132695,5,7,99,5,1,70.0,0,N,MELB_URBAN,ROAD,5,9.0
132696,7,2,99,5,1,100.0,0,N,MELB_URBAN,ROAD,5,8.0
132697,1,5,111,2,2,80.0,0,N,MELB_URBAN,ROAD,5,17.0
132698,1,4,113,2,1,60.0,0,I,MELB_URBAN,ROAD,5,10.0
132699,1,6,140,5,1,40.0,0,N,LARGE_PROVINCIAL_CITIES,AVENUE,5,11.0
132700,9,6,99,5,1,50.0,0,N,TOWNS,STREET,5,13.0
132701,5,7,99,1,1,60.0,0,I,MELB_URBAN,STREET,5,8.0
132702,4,7,171,5,1,50.0,0,N,RURAL_VICTORIA,OTHER,5,15.0
132703,1,7,130,5,2,50.0,0,N,MELB_URBAN,STREET,5,17.0
132704,1,2,121,1,1,60.0,0,I,RURAL_VICTORIA,ROAD,5,15.0
132705,1,4,121,2,2,80.0,0,I,MELB_URBAN,ROAD,5,17.0
132706,1,3,113,2,1,60.0,0,I,RURAL_VICTORIA,ROAD,5,8.0
132707,1,7,121,1,3,60.0,0,I,MELB_URBAN,STREET,5,20.0
132708,1,7,130,5,3,80.0,0,N,MELB_URBAN,ROAD,5,17.0
132709,4,0,173,5,5,100.0,0,N,RURAL_VICTORIA,ROAD,5,5.0
132710,1,1,110,1,1,80.0,0,I,MELB_URBAN,ROAD,5,10.0
132711,1,7,110,1,3,60.0,0,I,MELB_URBAN,STREET,5,18.0
132712,1,1,113,2,1,60.0,0,I,MELB_URBAN,ROAD,5,13.0
132713,1,1,111,1,1,60.0,0,I,MELB_URBAN,ROAD,5,10.0
132714,4,1,171,1,5,100.0,0,I,RURAL_VICTORIA,HIGHWAY,5,0.0
132715,4,1,181,5,1,60.0,0,N,MELB_URBAN,ROAD,5,11.0
132716,8,1,170,5,1,100.0,0,N,RURAL_VICTORIA,HIGHWAY,5,13.0
132717,1,5,130,1,3,80.0,0,I,RURAL_VICTORIA,HIGHWAY,5,18.0
132718,6,1,174,5,3,70.0,0,N,MELB_URBAN,ROAD,5,22.0
132719,1,2,130,2,1,60.0,0,I,MELB_URBAN,STREET,5,13.0
132720,4,1,171,5,1,80.0,0,N,RURAL_VICTORIA,ROAD,5,16.0
132721,1,1,140,5,2,60.0,0,N,SMALL_CITIES,AVENUE,5,17.0
132722,4,0,171,5,3,80.0,0,N,MELB_URBAN,ROAD,5,19.0
132723,1,4,130,5,2,70.0,0,N,MELB_URBAN,DRIVE,5,16.0
132724,4,1,173,5,1,100.0,0,N,RURAL_VICTORIA,ROAD,5,14.0
132725,1,1,121,1,3,50.0,0,I,MELB_URBAN,ROAD,5,20.0
132726,3,1,167,5,5,100.0,0,N,RURAL_VICTORIA,ROAD,5,20.0
132727,1,1,133,1,1,60.0,0,N,MELB_URBAN,BOULEVARD,5,16.0
132728,1,2,130,5,1,70.0,0,N,LARGE_PROVINCIAL_CITIES,ROAD,5,7.0
132729,1,2,121,2,3,80.0,0,I,RURAL_VICTORIA,ROAD,5,6.0
132730,1,1,130,5,3,100.0,0,N,MELB_URBAN,FREEWAY,5,5.0
132731,1,1,135,5,3,80.0,0,N,MELB_URBAN,FREEWAY,5,5.0
132732,1,1,130,5,3,80.0,0,N,MELB_URBAN,ROAD,5,7.0
132733,1,0,116,1,1,60.0,0,I,SMALL_CITIES,STREET,5,13.0
132734,1,2,111,2,1,80.0,0,I,RURAL_VICTORIA,HIGHWAY,5,9.0
132735,1,2,130,5,3,80.0,0,N,MELB_URBAN,HIGHWAY,5,6.0
132736,1,6,130,1,3,60.0,0,I,MELB_URBAN,ROAD,5,21.0
132737,1,1,130,4,6,60.0,0,I,MELB_URBAN,ROAD,5,4.0
132738,1,5,130,5,9,80.0,0,N,MELB_URBAN,ROAD,10,12.0
132739,1,0,99,2,9,100.0,0,N,RURAL_VICTORIA,ROAD,5,9.0
132740,1,2,110,1,1,60.0,0,I,LARGE_PROVINCIAL_CITIES,STREET,5,12.0
132741,1,5,135,1,1,60.0,0,I,MELB_URBAN,ROAD,5,11.0
132742,1,1,121,2,1,60.0,0,I,MELB_URBAN,ROAD,5,12.0
132743,1,2,111,2,1,50.0,0,I,MELB_URBAN,ROAD,5,13.0
132744,1,1,160,5,1,60.0,0,N,MELB_URBAN,DRIVE,5,6.0
132745,1,2,99,2,1,60.0,0,N,LARGE_PROVINCIAL_CITIES,DRIVE,5,15.0
132746,2,1,99,5,1,50.0,0,N,TOWNS,STREET,5,15.0
132747,1,2,133,5,1,60.0,0,N,MELB_URBAN,ROAD,5,13.0
132748,4,2,173,5,1,100.0,0,N,MELB_URBAN,ROAD,5,14.0
132749,1,3,99,2,6,60.0,0,N,SMALL_CITIES,DRIVE,5,18.0
132750,1,2,113,2,2,100.0,0,I,RURAL_VICTORIA,FREEWAY,5,17.0
132751,4,1,99,2,1,50.0,0,I,MELB_URBAN,STREET,5,15.0
132752,1,2,110,1,2,80.0,0,I,MELB_URBAN,ROAD,5,17.0
132753,8,5,174,2,3,50.0,0,I,MELB_URBAN,STREET,5,18.0
132754,1,2,113,2,3,60.0,0,I,MELB_URBAN,BOULEVARD,5,17.0
132755,3,6,167,5,6,50.0,0,N,TOWNS,ROAD,4,23.0
132756,4,2,183,5,3,80.0,0,N,RURAL_VICTORIA,FREEWAY,5,18.0
132757,4,2,171,2,5,60.0,0,N,TOWNS,ROAD,5,18.0
132758,6,2,170,1,3,60.0,0,I,MELB_URBAN,ROAD,5,20.0
132759,1,2,130,5,1,60.0,0,N,MELB_URBAN,ROAD,5,8.0
132760,1,3,121,2,2,60.0,0,I,MELB_URBAN,AVENUE,5,16.0
132761,4,2,171,5,5,100.0,0,N,RURAL_VICTORIA,HIGHWAY,5,21.0
132762,1,2,113,2,1,60.0,0,I,MELB_URBAN,ROAD,5,8.0
132763,3,3,167,5,5,90.0,0,N,RURAL_VICTORIA,ROAD,6,6.0
132764,6,3,99,5,1,60.0,0,N,RURAL_VICTORIA,ROAD,6,8.0
132765,1,3,99,2,1,60.0,0,I,MELB_URBAN,ROAD,6,8.0
132766,4,5,99,5,1,50.0,0,N,MELB_URBAN,ROAD,4,11.0
132767,1,5,133,5,1,100.0,0,N,MELB_URBAN,FREEWAY,5,16.0
132768,1,6,111,2,1,100.0,0,N,RURAL_VICTORIA,ROAD,5,8.0
132769,1,4,130,5,2,100.0,0,N,MELB_URBAN,FREEWAY,5,6.0
132770,1,3,110,1,1,40.0,0,I,MELBOURNE_CBD,STREET,6,11.0
132771,4,3,171,5,1,80.0,0,N,RURAL_VICTORIA,ROAD,6,12.0
132772,1,5,110,1,3,60.0,0,I,LARGE_PROVINCIAL_CITIES,STREET,4,20.0
132773,1,3,130,5,1,60.0,0,N,SMALL_CITIES,HIGHWAY,6,11.0
132774,3,3,167,5,1,40.0,0,N,SMALL_TOWNS,STREET,6,13.0
132775,8,6,99,5,1,80.0,0,N,RURAL_VICTORIA,ROAD,5,11.0
132776,1,3,120,2,3,80.0,0,I,RURAL_VICTORIA,ROAD,6,17.0
132777,1,1,110,1,1,60.0,0,I,MELB_URBAN,STREET,5,16.0
132778,1,6,130,4,1,60.0,0,I,MELB_URBAN,ROAD,5,8.0
132779,2,3,102,5,3,50.0,0,N,MELB_URBAN,ROAD,6,17.0
132780,1,6,130,5,1,70.0,0,N,MELB_URBAN,ROAD,4,16.0
132781,2,2,99,5,6,50.0,0,N,MELB_URBAN,ROAD,5,23.0
132782,1,4,99,5,1,60.0,0,N,MELB_URBAN,STREET,5,7.0
132783,4,2,183,5,1,60.0,0,N,MELB_URBAN,ROAD,4,10.0
132784,1,3,130,5,3,80.0,0,N,MELB_URBAN,FREEWAY,4,18.0
132785,1,2,130,5,1,50.0,0,N,LARGE_PROVINCIAL_CITIES,STREET,5,13.0
132786,1,3,113,1,2,60.0,0,I,MELB_URBAN,STREET,6,7.0
132787,1,1,121,5,9,60.0,0,N,MELB_URBAN,DRIVE,5,19.0
132788,1,4,113,2,3,80.0,1,I,MELB_URBAN,ROAD,6,7.0
132789,1,3,111,2,3,50.0,0,N,SMALL_CITIES,ROAD,6,5.0
132790,1,5,130,5,2,60.0,0,N,RURAL_VICTORIA,FREEWAY,5,18.0
132791,1,5,147,5,1,50.0,0,N,SMALL_CITIES,ROAD,4,13.0
132792,6,5,99,5,1,100.0,0,N,RURAL_VICTORIA,OTHER,5,15.0
132793,1,3,110,1,1,60.0,0,I,MELB_URBAN,STREET,6,10.0
132794,1,3,130,2,1,60.0,0,I,MELB_URBAN,ROAD,6,13.0
132795,2,4,99,5,1,50.0,0,N,MELB_URBAN,PARADE,6,12.0
132796,6,1,174,2,9,60.0,0,I,RURAL_VICTORIA,ROAD,5,13.0
132797,1,4,110,1,1,60.0,0,I,MELB_URBAN,ROAD,6,13.0
132798,4,4,183,5,1,100.0,0,N,RURAL_VICTORIA,ROAD,6,12.0
132799,1,4,130,5,1,70.0,0,I,MELB_URBAN,ROAD,5,11.0
132800,2,4,99,5,1,50.0,0,N,MELB_URBAN,OTHER,6,15.0
132801,1,4,113,2,1,50.0,0,I,MELB_URBAN,STREET,6,15.0
132802,4,4,183,5,2,60.0,0,N,MELB_URBAN,ROAD,6,17.0
132803,4,4,181,5,2,100.0,0,N,RURAL_VICTORIA,ROAD,6,17.0
132804,1,4,99,2,1,50.0,0,I,RURAL_VICTORIA,DRIVE,6,14.0
132805,1,2,130,5,1,80.0,0,N,MELB_URBAN,ROAD,5,10.0
132806,4,2,173,5,3,60.0,0,N,SMALL_CITIES,PARADE,6,22.0
132807,4,4,171,5,3,70.0,0,N,RURAL_VICTORIA,HIGHWAY,6,22.0
132808,8,3,99,1,1,50.0,0,N,MELB_URBAN,DRIVE,5,16.0
132809,6,4,99,2,3,60.0,0,N,RURAL_VICTORIA,ROAD,6,0.0
132810,1,5,121,5,1,80.0,0,I,MELB_URBAN,ROAD,6,7.0
132811,1,1,130,5,1,100.0,0,N,RURAL_VICTORIA,HIGHWAY,4,11.0
132812,6,4,170,5,9,100.0,0,N,RURAL_VICTORIA,HIGHWAY,4,6.0
132813,2,5,100,1,1,50.0,0,I,MELB_URBAN,HIGHWAY,6,8.0
132814,1,4,130,1,1,50.0,0,N,RURAL_VICTORIA,ROAD,6,9.0
132815,1,5,160,5,1,50.0,0,N,LARGE_PROVINCIAL_CITIES,STREET,6,11.0
132816,1,4,110,1,1,50.0,0,I,RURAL_VICTORIA,BOULEVARD,6,10.0
132817,1,5,110,1,1,60.0,0,N,MELB_URBAN,ROAD,6,8.0
132818,1,5,99,4,1,60.0,0,N,MELB_URBAN,RAMP,6,8.0
132819,1,5,130,2,3,60.0,0,N,MELB_URBAN,ROAD,5,20.0
132820,1,5,110,1,1,60.0,0,I,SMALL_CITIES,STREET,6,12.0
132821,1,4,130,5,1,110.0,0,N,RURAL_VICTORIA,HIGHWAY,6,10.0
132822,4,5,181,5,1,100.0,0,N,RURAL_VICTORIA,ROAD,6,13.0
132823,2,5,102,2,1,50.0,0,I,TOWNS,STREET,6,14.0
132824,1,5,121,2,1,80.0,0,I,MELB_URBAN,ROAD,6,14.0
132825,1,2,163,1,2,40.0,0,I,MELBOURNE_CBD,STREET,3,18.0
132826,1,0,130,5,1,80.0,0,N,MELB_URBAN,FREEWAY,4,16.0
132827,1,4,130,2,9,60.0,0,N,MELB_URBAN,OTHER,5,15.0
132828,1,4,110,1,1,50.0,0,I,LARGE_PROVINCIAL_CITIES,STREET,6,17.0
132829,1,1,130,1,1,70.0,0,N,MELB_URBAN,ROAD,4,13.0
132830,3,4,167,5,5,60.0,0,N,TOWNS,DRIVE,6,18.0
132831,4,5,99,5,5,100.0,0,N,RURAL_VICTORIA,HIGHWAY,6,17.0
132832,1,4,110,1,9,60.0,0,I,MELB_URBAN,STREET,6,10.0
132833,2,5,100,5,2,40.0,0,N,MELB_URBAN,STREET,6,17.0
132834,1,5,121,1,6,50.0,0,I,MELB_URBAN,ROAD,5,19.0
132835,1,5,99,2,3,40.0,0,I,MELB_URBAN,HIGHWAY,6,19.0
132836,2,5,100,1,3,50.0,0,I,SMALL_CITIES,STREET,6,17.0
132837,1,4,130,1,3,60.0,0,N,RURAL_VICTORIA,ROAD,6,21.0
132838,1,4,113,2,1,50.0,0,I,MELB_URBAN,ROAD,5,8.0
132839,1,1,130,2,3,50.0,0,N,MELB_URBAN,STREET,5,18.0
132840,1,5,121,2,3,70.0,0,I,MELB_URBAN,ROAD,5,17.0
132841,1,1,130,5,1,60.0,0,N,MELB_URBAN,STREET,5,18.0
132842,1,6,132,5,1,60.0,0,N,MELB_URBAN,ROAD,6,8.0
132843,1,5,120,1,2,60.0,0,I,MELB_URBAN,STREET,6,7.0
132844,6,5,99,5,1,100.0,0,N,RURAL_VICTORIA,ROAD,4,18.0
132845,1,6,110,1,3,60.0,0,I,LARGE_PROVINCIAL_CITIES,ROAD,6,2.0
132846,1,5,130,5,1,40.0,0,N,MELB_URBAN,AVENUE,6,8.0
132847,2,6,99,5,3,50.0,0,N,MELB_URBAN,STREET,5,5.0
132848,2,3,100,1,2,50.0,0,I,MELB_URBAN,STREET,6,18.0
132849,1,7,116,1,1,60.0,0,I,RURAL_VICTORIA,AVENUE,5,14.0
132850,1,6,121,4,1,60.0,0,I,MELB_URBAN,RAMP,6,10.0
132851,1,3,132,1,1,60.0,0,I,RURAL_VICTORIA,ROAD,5,14.0
132852,1,4,140,2,9,60.0,0,I,MELB_URBAN,ROAD,5,15.0
132853,1,5,130,4,1,50.0,0,I,MELB_URBAN,DRIVE,6,12.0
132854,1,6,121,2,1,100.0,0,I,RURAL_VICTORIA,HIGHWAY,6,10.0
132855,1,5,130,5,1,40.0,0,N,RURAL_VICTORIA,ROAD,6,12.0
132856,4,2,183,5,5,100.0,0,N,RURAL_VICTORIA,HIGHWAY,6,18.0
132857,1,4,130,5,9,80.0,0,I,MELB_URBAN,ROAD,6,17.0
132858,1,5,121,4,1,60.0,0,I,TOWNS,ROAD,6,14.0
132859,1,6,147,5,1,60.0,0,N,MELB_URBAN,UNKNOWN,6,10.0
132860,1,6,113,2,1,100.0,0,I,RURAL_VICTORIA,ROAD,6,10.0
132861,2,4,99,5,5,50.0,0,N,MELB_URBAN,DRIVE,6,17.0
132862,4,1,171,5,1,100.0,0,N,RURAL_VICTORIA,ROAD,5,13.0
132863,1,5,147,5,1,50.0,0,N,MELB_URBAN,ROAD,6,12.0
132864,1,5,99,2,1,80.0,0,N,MELB_URBAN,ROAD,3,18.0
132865,4,6,181,5,1,100.0,0,N,RURAL_VICTORIA,ROAD,6,14.0
132866,1,5,120,5,3,50.0,0,N,MELB_URBAN,AVENUE,6,17.0
132867,6,6,174,5,1,60.0,0,N,SMALL_CITIES,ROAD,6,15.0
132868,1,5,121,5,1,60.0,0,N,MELB_URBAN,HIGHWAY,6,13.0
132869,1,5,130,5,1,60.0,0,N,MELB_URBAN,ROAD,6,14.0
132870,1,6,99,5,1,40.0,0,N,MELB_URBAN,DRIVE,6,15.0
132871,1,6,121,1,1,100.0,0,I,RURAL_VICTORIA,ROAD,6,14.0
132872,1,5,140,5,1,60.0,0,N,LARGE_PROVINCIAL_CITIES,STREET,6,14.0
132873,1,6,121,4,3,60.0,0,I,SMALL_CITIES,STREET,6,18.0
132874,1,4,147,5,9,60.0,0,N,MELB_URBAN,ROAD,5,17.0
132875,1,5,121,5,3,60.0,0,N,MELB_URBAN,STREET,6,18.0
132876,8,4,99,5,1,50.0,0,N,MELB_URBAN,STREET,3,8.0
132877,1,5,110,1,6,60.0,0,I,MELB_URBAN,ROAD,6,21.0
132878,2,6,99,5,3,50.0,1,N,SMALL_CITIES,STREET,6,17.0
132879,1,1,121,1,1,60.0,0,N,MELB_URBAN,ROAD,5,16.0
132880,4,2,171,5,5,100.0,0,N,RURAL_VICTORIA,ROAD,5,23.0
132881,1,5,171,5,3,50.0,0,N,LARGE_PROVINCIAL_CITIES,STREET,6,23.0
132882,1,4,121,1,2,80.0,0,I,RURAL_VICTORIA,ROAD,6,5.0
132883,4,6,171,5,3,50.0,0,N,MELB_URBAN,ROAD,6,0.0
132884,1,2,110,1,1,50.0,0,I,MELB_URBAN,STREET,5,9.0
132885,1,1,130,5,1,100.0,0,N,RURAL_VICTORIA,ROAD,5,7.0
132886,1,6,130,2,1,40.0,0,N,MELB_URBAN,STREET,3,16.0
132887,1,6,116,1,1,60.0,0,N,SMALL_CITIES,STREET,6,8.0
132888,4,0,173,5,6,100.0,0,N,RURAL_VICTORIA,ROAD,5,3.0
132889,1,6,120,5,1,90.0,0,N,MELB_URBAN,HIGHWAY,6,9.0
132890,1,4,135,5,1,80.0,0,N,MELB_URBAN,FREEWAY,4,11.0
132891,5,7,99,5,1,100.0,0,N,RURAL_VICTORIA,ROAD,6,10.0
132892,1,5,121,4,1,60.0,0,I,SMALL_CITIES,RAMP,6,14.0
132893,1,2,133,5,1,80.0,0,N,RURAL_VICTORIA,ROAD,5,13.0
132894,6,6,184,4,1,60.0,0,N,MELB_URBAN,RAMP,6,16.0
132895,1,7,99,2,1,100.0,0,N,RURAL_VICTORIA,HIGHWAY,6,13.0
132896,1,7,121,1,1,60.0,0,I,MELB_URBAN,STREET,6,13.0
132897,2,4,102,2,1,40.0,0,I,MELB_URBAN,OTHER,5,9.0
132898,1,4,130,5,1,40.0,0,N,MELBOURNE_CBD,STREET,6,16.0
132899,1,2,121,1,3,60.0,0,I,LARGE_PROVINCIAL_CITIES,STREET,5,18.0
132900,2,7,99,5,3,60.0,0,N,MELB_URBAN,ROAD,6,18.0
132901,1,7,130,5,1,80.0,0,N,MELB_URBAN,HIGHWAY,6,14.0
132902,1,7,110,1,3,60.0,0,I,LARGE_PROVINCIAL_CITIES,STREET,6,19.0
132903,1,7,160,5,3,60.0,0,N,MELB_URBAN,ROAD,6,18.0
132904,1,7,110,1,4,80.0,0,I,MELB_URBAN,HIGHWAY,6,18.0
132905,2,6,100,2,3,60.0,0,I,MELB_URBAN,DRIVE,6,17.0
132906,1,7,113,1,3,80.0,0,I,MELB_URBAN,ROAD,6,19.0
132907,1,7,110,1,3,60.0,0,I,MELB_URBAN,ROAD,6,20.0
132908,4,6,181,5,5,100.0,0,N,RURAL_VICTORIA,ROAD,6,21.0
132909,6,1,170,2,3,60.0,0,I,MELB_URBAN,ROAD,6,0.0
132910,4,7,171,5,6,60.0,0,N,RURAL_VICTORIA,ROAD,6,22.0
132911,8,1,99,5,1,80.0,0,N,RURAL_VICTORIA,ROAD,5,12.0
132912,1,0,116,2,1,50.0,0,I,SMALL_CITIES,OTHER,6,9.0
132913,4,1,99,2,2,50.0,0,I,RURAL_VICTORIA,DRIVE,6,5.0
132914,4,7,173,5,3,80.0,0,N,RURAL_VICTORIA,ROAD,6,20.0
132915,8,1,174,5,1,60.0,0,N,RURAL_VICTORIA,OTHER,6,13.0
132916,8,1,174,5,1,60.0,0,N,LARGE_PROVINCIAL_CITIES,STREET,6,14.0
132917,1,7,130,5,9,60.0,0,N,MELBOURNE_CBD,STREET,6,16.0
132918,1,0,130,2,1,40.0,0,I,TOWNS,ROAD,6,15.0
132919,6,1,99,5,1,100.0,0,N,RURAL_VICTORIA,ROAD,6,14.0
132920,1,0,133,5,1,100.0,0,N,RURAL_VICTORIA,ROAD,6,15.0
132921,1,1,121,2,1,60.0,0,I,LARGE_PROVINCIAL_CITIES,ROAD,6,15.0
132922,1,1,113,1,1,60.0,0,I,RURAL_VICTORIA,ROAD,6,15.0
132923,1,0,130,2,1,80.0,0,I,RURAL_VICTORIA,ROAD,6,15.0
132924,2,0,102,2,5,50.0,0,I,MELB_URBAN,STREET,6,18.0
132925,1,1,147,5,3,60.0,0,N,MELB_URBAN,ROAD,6,20.0
132926,1,1,130,1,3,60.0,0,N,MELB_URBAN,STREET,6,20.0
132927,1,5,121,5,3,70.0,0,N,MELB_URBAN,ROAD,5,18.0
132928,1,2,121,2,1,80.0,0,I,LARGE_PROVINCIAL_CITIES,ROAD,6,9.0
132929,1,1,163,5,1,40.0,0,N,MELB_URBAN,STREET,6,8.0
132930,1,6,121,1,1,60.0,0,I,LARGE_PROVINCIAL_CITIES,ROAD,6,15.0
132931,4,1,171,5,5,80.0,0,N,RURAL_VICTORIA,ROAD,6,3.0
132932,1,2,140,5,1,60.0,0,N,MELB_URBAN,STREET,6,10.0
132933,1,0,110,1,3,60.0,0,I,MELB_URBAN,AVENUE,6,0.0
132934,1,1,113,2,3,60.0,0,I,MELB_URBAN,ROAD,6,18.0
132935,1,5,132,2,9,60.0,0,I,MELB_URBAN,ROAD,5,11.0
132936,1,1,99,5,1,60.0,0,N,SMALL_CITIES,OTHER,6,10.0
132937,1,4,130,5,1,60.0,0,I,MELB_URBAN,ROAD,5,14.0
132938,1,7,130,5,9,60.0,0,N,MELB_URBAN,BOULEVARD,6,13.0
132939,1,5,160,5,1,50.0,0,N,MELB_URBAN,BOULEVARD,6,16.0
132940,3,2,167,5,2,100.0,0,N,RURAL_VICTORIA,ROAD,3,6.0