,accident_type,day_of_week,dca_code,road_geometry,light_condition,speed_zone,severity,node_type,deg_urban_name,road_type,month,hour
132941,1,2,121,1,1,60.0,0,I,LARGE_PROVINCIAL_CITIES,STREET,6,13.0
132942,2,1,100,1,1,50.0,0,I,SMALL_CITIES,STREET,6,13.0
132943,2,1,100,1,1,60.0,0,I,MELB_URBAN,STREET,6,12.0
132944,5,7,99,5,1,100.0,0,N,RURAL_VICTORIA,ROAD,6,11.0
132945,1,1,130,5,1,100.0,0,N,RURAL_VICTORIA,FREEWAY,6,13.0
132946,4,3,99,2,1,80.0,0,I,RURAL_VICTORIA,ROAD,5,13.0
132947,1,2,132,2,1,80.0,0,I,TOWNS,HIGHWAY,6,15.0
132948,1,2,113,2,1,60.0,0,I,MELB_URBAN,PARADE,6,15.0
132949,1,6,121,1,1,50.0,0,I,TOWNS,STREET,4,8.0
132950,1,5,130,5,1,100.0,0,N,RURAL_VICTORIA,FREEWAY,5,13.0
132951,2,2,100,2,3,60.0,0,I,MELB_URBAN,ROAD,6,18.0
132952,1,2,121,2,1,60.0,0,I,MELB_URBAN,ROAD,6,15.0
132953,3,7,167,5,5,100.0,0,N,RURAL_VICTORIA,ROAD,5,2.0
132954,4,5,171,5,3,80.0,0,N,MELB_URBAN,ROAD,5,19.0
132955,1,2,135,5,3,100.0,0,N,MELB_URBAN,FREEWAY,6,19.0
132956,1,1,121,1,2,60.0,0,I,LARGE_PROVINCIAL_CITIES,STREET,6,6.0
132957,1,5,130,5,1,60.0,0,O,MELB_URBAN,UNKNOWN,6,7.0
132958,5,2,99,5,5,60.0,0,N,RURAL_VICTORIA,HIGHWAY,6,21.0
132959,1,2,147,5,5,70.0,0,N,RURAL_VICTORIA,ROAD,6,4.0
132960,1,2,110,1,3,60.0,0,I,SMALL_CITIES,STREET,6,7.0
132961,4,3,171,5,2,60.0,0,N,LARGE_PROVINCIAL_CITIES,STREET,6,6.0
132962,4,2,171,5,1,80.0,0,N,MELB_URBAN,ROAD,6,11.0
132963,1,2,130,5,1,60.0,0,N,RURAL_VICTORIA,OTHER,6,7.0
132964,1,4,113,2,1,30.0,0,N,MELB_URBAN,DRIVE,5,14.0
132965,1,2,110,1,1,60.0,0,I,MELB_URBAN,ROAD,6,9.0
132966,1,2,130,5,1,80.0,0,N,MELB_URBAN,ROAD,6,7.0
132967,2,3,102,2,3,60.0,1,I,LARGE_PROVINCIAL_CITIES,STREET,6,7.0
132968,3,0,167,5,5,100.0,0,N,RURAL_VICTORIA,ROAD,4,0.0
132969,1,3,116,2,1,60.0,0,I,MELB_URBAN,DRIVE,6,10.0
132970,1,7,99,2,3,60.0,0,I,MELB_URBAN,ROAD,6,21.0
132971,5,0,99,2,1,60.0,0,I,RURAL_VICTORIA,ROAD,2,11.0
132972,1,6,130,5,1,60.0,0,N,MELB_URBAN,ROAD,2,12.0
132973,8,1,99,5,1,60.0,0,N,RURAL_VICTORIA,ROAD,6,11.0
132974,1,3,134,5,1,70.0,0,N,LARGE_PROVINCIAL_CITIES,RAMP,6,9.0
132975,4,3,99,5,1,80.0,0,N,RURAL_VICTORIA,ROAD,6,12.0
132976,4,3,173,5,1,80.0,0,N,MELB_URBAN,AVENUE,6,13.0
132977,4,4,181,5,5,60.0,0,N,RURAL_VICTORIA,ROAD,6,21.0
132978,1,5,130,5,3,60.0,0,N,MELB_URBAN,ROAD,4,19.0
132979,1,3,160,5,1,50.0,0,N,MELB_URBAN,AVENUE,6,15.0
132980,1,6,134,5,1,80.0,0,N,MELB_URBAN,FREEWAY,5,8.0
132981,1,2,113,1,2,80.0,0,I,RURAL_VICTORIA,HIGHWAY,6,16.0
132982,1,3,132,5,2,100.0,0,N,RURAL_VICTORIA,ROAD,6,16.0
132983,8,2,184,5,9,60.0,0,N,RURAL_VICTORIA,OTHER,6,13.0
132984,1,3,121,2,3,60.0,0,I,MELB_URBAN,ROAD,6,18.0
132985,4,3,173,1,1,50.0,0,I,MELB_URBAN,STREET,6,16.0
132986,1,3,99,1,2,60.0,0,I,MELB_URBAN,STREET,6,17.0
132987,1,3,130,5,3,100.0,0,N,MELB_URBAN,FREEWAY,6,18.0
132988,4,2,171,2,3,50.0,0,I,MELB_URBAN,STREET,6,18.0
132989,1,3,132,5,1,100.0,0,N,RURAL_VICTORIA,HIGHWAY,6,15.0
132990,1,3,113,2,3,60.0,0,I,LARGE_PROVINCIAL_CITIES,HIGHWAY,6,18.0
132991,2,3,102,1,3,60.0,0,N,MELB_URBAN,ROAD,6,20.0
132992,1,3,121,1,3,50.0,0,I,MELB_URBAN,ROAD,6,21.0
132993,4,0,171,5,1,70.0,0,N,MELB_URBAN,ROAD,6,10.0
132994,1,2,121,4,3,60.0,0,I,MELB_URBAN,STREET,6,18.0
132995,1,2,113,2,3,60.0,0,I,MELB_URBAN,ROAD,5,18.0
132996,1,2,130,5,3,60.0,0,N,MELB_URBAN,STREET,5,21.0
132997,1,4,110,1,9,80.0,0,I,RURAL_VICTORIA,ROAD,6,5.0
132998,4,4,173,5,3,60.0,0,N,MELB_URBAN,ROAD,6,4.0
132999,2,3,100,5,2,60.0,0,N,TOWNS,ROAD,6,7.0
133000,1,3,99,2,3,60.0,0,I,MELB_URBAN,STREET,6,19.0
133001,1,4,121,1,1,50.0,0,I,MELB_URBAN,STREET,6,9.0
133002,1,7,130,5,1,60.0,0,N,MELB_URBAN,AVENUE,5,10.0
133003,1,3,121,1,1,50.0,0,I,MELB_URBAN,ROAD,6,9.0
133004,4,0,99,5,9,70.0,0,N,MELB_URBAN,ROAD,6,19.0
133005,1,1,130,5,3,70.0,0,N,MELB_URBAN,STREET,6,21.0
133006,1,6,130,2,1,80.0,0,I,MELB_URBAN,ROAD,2,12.0
133007,1,6,99,2,9,60.0,0,I,MELB_URBAN,ROAD,2,16.0
133008,1,7,99,5,1,60.0,0,N,TOWNS,HIGHWAY,3,10.0
133009,1,3,132,2,1,60.0,0,I,MELB_URBAN,AVENUE,5,10.0
133010,2,4,102,1,1,70.0,1,N,MELB_URBAN,ROAD,6,9.0
133011,2,6,100,1,1,50.0,0,I,MELB_URBAN,ROAD,5,10.0
133012,1,4,110,1,1,60.0,0,I,LARGE_PROVINCIAL_CITIES,STREET,6,8.0
133013,1,6,113,2,1,70.0,0,I,RURAL_VICTORIA,ROAD,4,17.0
133014,1,0,147,2,9,60.0,0,I,MELB_URBAN,ROAD,5,18.0
133015,1,4,120,5,1,80.0,0,N,TOWNS,ROAD,6,11.0
133016,1,2,110,1,9,60.0,0,I,MELB_URBAN,STREET,5,14.0
133017,4,3,99,5,1,70.0,0,N,MELB_URBAN,ROAD,6,12.0
133018,4,4,173,5,1,110.0,0,N,RURAL_VICTORIA,FREEWAY,6,9.0
133019,1,4,140,5,1,60.0,0,N,MELB_URBAN,ROAD,6,12.0
133020,5,7,99,5,5,50.0,0,N,MELB_URBAN,DRIVE,4,19.0
133021,1,2,110,1,1,50.0,0,I,MELB_URBAN,STREET,5,8.0
133022,1,1,113,2,1,40.0,0,I,MELB_URBAN,DRIVE,5,10.0
133023,1,4,134,5,1,50.0,0,N,MELBOURNE_CBD,STREET,6,15.0
133024,4,1,171,5,3,40.0,0,N,MELB_URBAN,STREET,6,18.0
133025,2,4,102,2,3,50.0,0,I,MELB_URBAN,AVENUE,6,17.0
133026,1,3,99,5,2,60.0,0,N,LARGE_PROVINCIAL_CITIES,STREET,6,16.0
133027,2,3,102,1,3,60.0,0,I,MELB_URBAN,ROAD,6,18.0
133028,2,4,100,1,3,60.0,0,I,MELB_URBAN,ROAD,6,17.0
133029,1,4,160,5,5,80.0,0,N,RURAL_VICTORIA,ROAD,6,17.0
133030,1,4,130,5,3,40.0,0,N,RURAL_VICTORIA,STREET,6,17.0
133031,5,2,99,5,2,100.0,0,N,MELB_URBAN,ROAD,6,6.0
133032,1,4,160,5,3,40.0,0,N,MELB_URBAN,ROAD,6,17.0
133033,1,4,113,2,2,100.0,1,I,RURAL_VICTORIA,ROAD,6,16.0
133034,2,4,100,1,3,70.0,0,N,MELB_URBAN,STREET,6,19.0
133035,1,1,147,5,1,60.0,0,N,MELB_URBAN,HIGHWAY,6,14.0
133036,1,4,110,1,3,50.0,0,I,LARGE_PROVINCIAL_CITIES,STREET,6,19.0
133037,1,4,113,2,1,80.0,0,I,MELB_URBAN,ROAD,6,15.0
133038,1,1,140,5,3,80.0,0,N,MELB_URBAN,HIGHWAY,4,19.0
133039,1,3,130,1,3,60.0,0,I,MELB_URBAN,ROAD,6,20.0
133040,1,4,160,5,3,60.0,0,N,MELB_URBAN,ROAD,6,20.0
133041,1,4,113,1,2,80.0,0,I,MELB_URBAN,STREET,6,16.0
133042,1,4,160,5,3,50.0,0,N,MELB_URBAN,STREET,6,20.0
133043,1,4,130,1,3,70.0,0,I,MELB_URBAN,ROAD,6,5.0
133044,1,2,130,5,1,60.0,0,N,TOWNS,ROAD,4,17.0
133045,1,5,110,1,5,70.0,0,I,MELB_URBAN,ROAD,6,6.0
133046,4,4,183,5,1,70.0,0,N,MELB_URBAN,ROAD,6,7.0
133047,5,5,99,5,5,80.0,0,N,RURAL_VICTORIA,ROAD,6,6.0
133048,1,5,113,1,9,60.0,0,I,SMALL_CITIES,STREET,5,18.0
133049,1,5,132,5,1,80.0,0,N,MELB_URBAN,ROAD,5,9.0
133050,1,4,120,5,5,80.0,0,N,RURAL_VICTORIA,ROAD,6,7.0
133051,1,4,130,5,1,60.0,0,N,MELB_URBAN,ROAD,5,13.0
133052,5,7,99,5,1,100.0,0,N,RURAL_VICTORIA,HIGHWAY,1,13.0
133053,1,5,99,5,1,60.0,0,N,SMALL_CITIES,STREET,6,13.0
133054,8,5,170,5,1,50.0,0,N,MELB_URBAN,STREET,6,12.0
133055,1,4,160,5,1,50.0,0,N,SMALL_CITIES,OTHER,6,14.0
133056,5,4,99,5,5,80.0,0,N,RURAL_VICTORIA,ROAD,6,6.0
133057,1,5,120,5,1,50.0,0,N,MELB_URBAN,ROAD,6,15.0
133058,1,4,130,5,2,60.0,0,N,MELB_URBAN,ROAD,6,16.0
133059,1,3,99,1,3,60.0,0,I,MELB_URBAN,ROAD,6,6.0
133060,1,4,121,4,1,60.0,0,I,MELB_URBAN,ROAD,6,15.0
133061,1,5,99,4,1,80.0,0,N,MELB_URBAN,RAMP,6,14.0
133062,1,5,130,5,1,90.0,0,N,MELB_URBAN,ROAD,6,16.0
133063,2,5,102,5,6,60.0,0,N,MELB_URBAN,ROAD,6,17.0
133064,1,5,121,5,1,70.0,0,N,MELB_URBAN,ROAD,6,15.0
133065,6,2,184,5,1,60.0,0,N,RURAL_VICTORIA,ROAD,6,11.0
133066,1,5,121,1,3,60.0,0,I,MELB_URBAN,STREET,6,19.0
133067,1,4,121,2,3,60.0,0,I,MELB_URBAN,STREET,6,18.0
133068,1,4,110,1,5,60.0,0,N,MELB_URBAN,ROAD,6,19.0
133069,1,4,140,2,3,60.0,0,I,MELB_URBAN,ROAD,6,19.0
133070,4,5,173,5,1,80.0,1,N,RURAL_VICTORIA,HIGHWAY,6,16.0
133071,2,5,99,5,1,50.0,0,N,MELB_URBAN,OTHER,6,16.0
133072,1,5,116,1,3,80.0,0,I,RURAL_VICTORIA,ROAD,6,20.0
133073,1,5,110,1,4,60.0,0,I,MELB_URBAN,ROAD,6,18.0
133074,1,5,121,2,3,70.0,0,N,MELB_URBAN,DRIVE,6,21.0
133075,4,5,99,2,5,100.0,0,I,RURAL_VICTORIA,HIGHWAY,6,21.0
133076,5,5,99,5,4,110.0,0,N,RURAL_VICTORIA,HIGHWAY,6,0.0
133077,1,5,121,1,5,70.0,0,I,MELB_URBAN,ROAD,6,20.0
133078,5,4,99,5,6,60.0,0,N,MELB_URBAN,ROAD,5,5.0
133079,2,6,100,1,3,60.0,0,I,MELB_URBAN,ROAD,6,6.0
133080,1,6,113,2,2,70.0,0,I,MELB_URBAN,ROAD,6,7.0
133081,1,6,113,1,2,40.0,0,I,MELB_URBAN,OTHER,6,6.0
133082,1,6,110,1,1,50.0,0,I,SMALL_CITIES,STREET,6,8.0
133083,4,5,171,5,1,100.0,0,N,RURAL_VICTORIA,ROAD,6,14.0
133084,1,1,130,5,1,60.0,0,N,RURAL_VICTORIA,DRIVE,6,8.0
133085,1,5,99,5,1,50.0,0,N,MELB_URBAN,ROAD,6,8.0
133086,1,6,121,2,1,70.0,0,I,MELB_URBAN,ROAD,6,9.0
133087,1,6,130,5,1,40.0,0,N,LARGE_PROVINCIAL_CITIES,ROAD,6,11.0
133088,1,6,160,5,1,50.0,0,N,LARGE_PROVINCIAL_CITIES,STREET,6,8.0
133089,1,6,99,1,5,80.0,1,I,RURAL_VICTORIA,ROAD,6,5.0
133090,1,6,147,5,1,50.0,0,N,MELB_URBAN,DRIVE,6,12.0
133091,6,6,174,1,3,60.0,0,I,MELB_URBAN,ROAD,6,6.0
133092,1,6,99,2,1,80.0,0,I,RURAL_VICTORIA,ROAD,6,11.0
133093,1,5,99,1,1,60.0,0,I,MELB_URBAN,ROAD,6,9.0
133094,1,6,110,1,1,60.0,0,I,MELB_URBAN,STREET,6,12.0
133095,3,4,167,5,5,100.0,0,N,RURAL_VICTORIA,HIGHWAY,5,6.0
133096,1,5,132,4,1,50.0,0,N,MELB_URBAN,STREET,6,8.0
133097,6,7,184,5,1,60.0,0,N,RURAL_VICTORIA,ROAD,4,15.0
133098,1,6,99,1,3,60.0,0,I,MELB_URBAN,ROAD,5,19.0
133099,1,6,113,4,1,100.0,0,N,RURAL_VICTORIA,OTHER,6,13.0
133100,1,6,99,2,1,60.0,0,N,TOWNS,ROAD,6,12.0
133101,8,7,184,5,6,50.0,0,N,SMALL_CITIES,DRIVE,4,19.0
133102,1,6,121,1,1,60.0,0,I,MELB_URBAN,DRIVE,6,14.0
133103,1,4,120,5,1,50.0,0,N,SMALL_CITIES,STREET,6,8.0
133104,1,3,130,5,3,70.0,0,N,MELB_URBAN,ROAD,6,22.0
133105,1,6,110,1,1,50.0,0,I,MELB_URBAN,ROAD,6,14.0
133106,2,6,102,5,1,50.0,0,N,SMALL_CITIES,STREET,6,15.0
133107,8,4,170,5,9,100.0,1,N,RURAL_VICTORIA,ROAD,6,8.0
133108,1,5,130,1,1,40.0,0,I,RURAL_VICTORIA,HIGHWAY,6,16.0
133109,1,6,99,1,1,70.0,0,N,MELB_URBAN,ROAD,6,13.0
133110,1,5,140,5,1,60.0,0,N,MELB_URBAN,ROAD,5,16.0
133111,4,6,171,2,5,80.0,0,I,RURAL_VICTORIA,ROAD,6,17.0
133112,1,6,147,5,1,50.0,0,N,SMALL_CITIES,STREET,6,15.0
133113,5,6,181,5,5,100.0,0,N,RURAL_VICTORIA,OTHER,6,18.0
133114,1,5,113,2,1,60.0,0,I,MELB_URBAN,ROAD,6,15.0
133115,1,6,130,5,3,80.0,0,N,MELB_URBAN,ROAD,6,17.0
133116,1,6,121,2,3,70.0,0,I,LARGE_PROVINCIAL_CITIES,HIGHWAY,6,20.0
133117,1,6,132,2,3,60.0,0,I,MELB_URBAN,STREET,6,17.0
133118,1,5,99,1,9,60.0,0,N,MELB_URBAN,STREET,6,18.0
133119,1,5,111,2,3,60.0,0,I,MELB_URBAN,ROAD,6,17.0
133120,1,6,110,4,2,80.0,0,I,RURAL_VICTORIA,ROAD,6,17.0
133121,1,5,130,5,2,50.0,0,N,MELB_URBAN,STREET,6,17.0
133122,4,6,171,5,3,50.0,0,N,MELB_URBAN,ROAD,6,22.0
133123,4,7,173,5,3,50.0,0,N,MELB_URBAN,AVENUE,6,1.0
133124,2,3,99,5,3,50.0,0,N,MELB_URBAN,ROAD,6,4.0
133125,2,7,99,5,3,60.0,0,N,MELB_URBAN,PARADE,6,6.0
133126,1,6,121,5,1,80.0,0,N,MELB_URBAN,ROAD,6,10.0
133127,1,7,120,5,1,100.0,0,N,RURAL_VICTORIA,HIGHWAY,6,9.0
133128,1,7,130,5,1,70.0,0,N,MELB_URBAN,ROAD,6,12.0
133129,1,6,147,5,1,50.0,0,N,MELB_URBAN,STREET,6,11.0
133130,1,6,110,1,1,60.0,0,I,LARGE_PROVINCIAL_CITIES,STREET,6,12.0
133131,1,4,147,5,3,60.0,0,N,MELB_URBAN,ROAD,6,6.0
133132,4,7,171,5,1,100.0,0,N,RURAL_VICTORIA,HIGHWAY,6,10.0
133133,1,6,130,5,1,60.0,0,N,MELB_URBAN,ROAD,6,9.0
133134,1,4,116,1,1,80.0,0,I,RURAL_VICTORIA,STREET,6,12.0
133135,1,7,110,1,1,50.0,0,I,SMALL_CITIES,STREET,6,15.0
133136,1,7,99,5,3,40.0,0,N,MELB_URBAN,STREET,5,19.0
133137,1,7,99,2,1,60.0,0,I,MELB_URBAN,ROAD,6,14.0
133138,1,4,140,2,3,80.0,0,N,MELB_URBAN,HIGHWAY,5,19.0
133139,1,7,99,5,1,40.0,0,N,MELBOURNE_CBD,STREET,6,15.0
133140,4,6,171,2,3,70.0,0,I,MELB_URBAN,PARADE,6,20.0
133141,1,7,140,5,3,60.0,0,N,MELB_URBAN,ROAD,6,19.0
133142,1,7,147,5,2,60.0,0,N,MELB_URBAN,ROAD,6,17.0
133143,1,6,110,1,3,70.0,0,I,MELB_URBAN,ROAD,6,19.0
133144,5,7,99,2,3,50.0,0,I,MELB_URBAN,STREET,6,20.0
133145,1,7,121,1,1,60.0,0,I,MELB_URBAN,STREET,6,14.0
133146,5,6,99,5,1,60.0,0,N,MELB_URBAN,ROAD,6,13.0
133147,1,6,110,1,4,60.0,0,I,MELB_URBAN,ROAD,6,22.0
133148,1,7,110,1,3,60.0,0,I,MELB_URBAN,ROAD,6,23.0
133149,1,1,171,5,3,60.0,0,N,MELB_URBAN,ROAD,6,0.0
133150,1,6,140,5,1,100.0,0,N,RURAL_VICTORIA,ROAD,6,15.0
133151,6,1,99,5,5,80.0,0,N,RURAL_VICTORIA,ROAD,6,3.0
133152,1,7,120,5,5,80.0,0,N,RURAL_VICTORIA,ROAD,6,22.0
133153,1,1,99,5,3,60.0,0,N,MELB_URBAN,STREET,6,5.0
133154,1,7,130,5,1,70.0,0,N,MELB_URBAN,STREET,6,14.0
133155,6,0,170,5,5,100.0,0,N,RURAL_VICTORIA,HIGHWAY,6,2.0
133156,8,1,174,5,1,60.0,0,N,MELB_URBAN,ROAD,6,10.0
133157,8,0,174,1,3,80.0,0,I,RURAL_VICTORIA,ROAD,6,6.0
133158,5,1,99,5,1,60.0,0,N,RURAL_VICTORIA,OTHER,6,10.0
133159,1,6,140,5,1,60.0,0,N,SMALL_CITIES,ROAD,5,7.0
133160,1,0,130,5,1,60.0,0,N,LARGE_PROVINCIAL_CITIES,STREET,6,13.0
133161,2,1,100,1,1,80.0,0,I,MELB_URBAN,STREET,6,13.0
133162,1,2,110,1,3,50.0,0,I,LARGE_PROVINCIAL_CITIES,STREET,5,19.0
133163,4,5,99,5,3,50.0,0,N,MELB_URBAN,ROAD,6,19.0
133164,1,2,121,2,3,60.0,0,I,MELB_URBAN,ROAD,5,19.0
133165,3,0,167,5,1,100.0,0,N,RURAL_VICTORIA,ROAD,6,15.0
133166,6,1,174,5,1,60.0,0,N,SMALL_TOWNS,ROAD,4,8.0
133167,1,1,120,5,1,80.0,0,N,RURAL_VICTORIA,HIGHWAY,6,16.0
133168,2,1,102,1,3,60.0,0,I,SMALL_CITIES,ROAD,6,17.0
133169,1,1,99,2,1,60.0,0,N,MELB_URBAN,ROAD,6,12.0
133170,1,1,120,3,1,100.0,0,I,RURAL_VICTORIA,OTHER,6,14.0
133171,1,1,135,2,1,40.0,0,I,MELB_URBAN,ROAD,6,14.0
133172,2,1,100,2,5,50.0,0,I,MELB_URBAN,ROAD,6,20.0
133173,1,0,160,5,4,50.0,0,N,RURAL_VICTORIA,DRIVE,6,1.0
133174,8,1,174,5,1,70.0,0,N,MELB_URBAN,ROAD,6,15.0
133175,1,1,99,1,3,80.0,0,N,MELB_URBAN,STREET,6,20.0
133176,2,1,102,5,9,50.0,0,N,MELB_URBAN,AVENUE,6,17.0
133177,4,2,173,5,5,80.0,0,N,RURAL_VICTORIA,ROAD,6,2.0
133178,1,3,120,5,3,100.0,0,N,MELB_URBAN,ROAD,8,18.0
133179,4,2,183,5,1,60.0,0,N,MELB_URBAN,RAMP,6,9.0
133180,4,2,171,5,1,100.0,0,N,MELB_URBAN,ROAD,6,7.0
133181,1,5,130,5,1,80.0,0,N,MELB_URBAN,ROAD,6,16.0
133182,2,2,100,5,1,60.0,0,N,MELB_URBAN,ROAD,6,11.0
133183,1,2,120,5,1,80.0,0,N,RURAL_VICTORIA,ROAD,6,9.0
133184,1,1,135,5,3,70.0,0,I,MELB_URBAN,ROAD,6,22.0
133185,1,2,130,1,1,60.0,0,I,SMALL_CITIES,STREET,4,15.0
133186,4,2,173,5,1,50.0,0,N,MELB_URBAN,ROAD,6,12.0
133187,5,1,99,5,1,60.0,0,N,RURAL_VICTORIA,OTHER,5,14.0
133188,1,2,121,2,2,60.0,0,I,LARGE_PROVINCIAL_CITIES,STREET,4,17.0
133189,1,1,130,2,1,60.0,0,N,RURAL_VICTORIA,UNKNOWN,6,16.0
133190,1,2,113,2,1,50.0,0,I,MELB_URBAN,ROAD,6,14.0
133191,1,4,120,5,2,80.0,0,N,RURAL_VICTORIA,ROAD,7,6.0
133192,1,2,121,2,1,100.0,0,I,RURAL_VICTORIA,ROAD,6,16.0
133193,1,2,99,2,3,60.0,0,I,MELB_URBAN,STREET,6,18.0
133194,1,2,121,1,3,50.0,0,I,MELB_URBAN,ROAD,6,19.0
133195,1,2,99,1,3,70.0,0,I,MELB_URBAN,ROAD,6,18.0
133196,1,2,99,4,1,60.0,0,I,MELB_URBAN,RAMP,6,16.0
133197,1,2,110,1,1,60.0,0,I,LARGE_PROVINCIAL_CITIES,STREET,6,16.0
133198,4,2,171,1,3,60.0,0,I,MELB_URBAN,ROAD,6,4.0
133199,5,3,99,5,5,80.0,0,N,MELB_URBAN,HIGHWAY,6,23.0
133200,1,2,134,5,3,100.0,0,N,MELB_URBAN,FREEWAY,6,20.0
133201,1,7,113,2,1,60.0,0,I,MELB_URBAN,ROAD,3,13.0
133202,1,6,113,2,1,60.0,0,I,MELB_URBAN,ROAD,4,14.0
133203,3,2,167,5,2,100.0,0,N,RURAL_VICTORIA,HIGHWAY,6,7.0
133204,8,2,174,1,1,80.0,0,I,MELB_URBAN,ROAD,6,14.0
133205,1,3,110,1,1,50.0,0,N,MELB_URBAN,STREET,6,8.0
133206,1,2,111,2,1,80.0,0,I,MELB_URBAN,ROAD,6,8.0
133207,8,7,184,5,1,100.0,0,N,RURAL_VICTORIA,OTHER,6,10.0
133208,8,7,99,5,1,100.0,0,N,RURAL_VICTORIA,ROAD,6,10.0
133209,1,2,121,1,1,70.0,0,I,LARGE_PROVINCIAL_CITIES,STREET,6,16.0
133210,4,2,173,5,1,100.0,0,N,RURAL_VICTORIA,HIGHWAY,4,15.0
133211,4,1,181,5,1,80.0,0,N,RURAL_VICTORIA,ROAD,6,10.0
133212,1,2,110,1,1,50.0,0,I,MELB_URBAN,STREET,6,10.0
133213,1,1,130,4,1,80.0,0,N,MELB_URBAN,HIGHWAY,3,11.0
133214,1,3,110,1,1,60.0,0,I,SMALL_CITIES,STREET,6,11.0
133215,1,7,147,5,1,60.0,0,N,MELB_URBAN,DRIVE,6,12.0
133216,1,3,110,1,1,80.0,0,I,SMALL_CITIES,ROAD,6,11.0
133217,1,2,110,1,1,50.0,0,I,MELB_URBAN,STREET,6,11.0
133218,1,3,130,5,1,60.0,0,N,MELB_URBAN,ROAD,6,16.0
133219,4,5,99,2,1,80.0,0,I,RURAL_VICTORIA,ROAD,5,10.0
133220,1,3,113,4,1,70.0,0,N,RURAL_VICTORIA,RAMP,6,13.0
133221,1,2,130,5,1,60.0,0,N,MELB_URBAN,ROAD,6,6.0
133222,1,4,147,5,1,40.0,0,N,TOWNS,STREET,6,15.0
133223,1,1,99,2,3,60.0,0,I,MELB_URBAN,STREET,6,17.0
133224,5,7,99,5,1,100.0,0,N,RURAL_VICTORIA,ROAD,5,10.0
133225,1,3,132,2,1,60.0,0,I,MELB_URBAN,STREET,6,12.0
133226,2,2,99,5,1,50.0,0,N,MELB_URBAN,ROAD,6,15.0
133227,4,2,171,5,5,80.0,0,N,RURAL_VICTORIA,ROAD,6,20.0
133228,1,6,160,5,2,60.0,0,N,MELB_URBAN,ROAD,6,7.0
133229,1,5,130,1,1,80.0,0,N,MELB_URBAN,ROAD,10,15.0
133230,4,3,181,5,3,100.0,0,N,MELB_URBAN,FREEWAY,6,18.0
133231,1,3,113,2,3,60.0,0,I,MELB_URBAN,ROAD,6,18.0
133232,1,3,110,1,5,70.0,0,I,LARGE_PROVINCIAL_CITIES,OTHER,6,21.0
133233,1,3,132,5,3,80.0,0,I,LARGE_PROVINCIAL_CITIES,ROAD,6,18.0
133234,1,4,121,2,3,60.0,0,I,MELB_URBAN,ROAD,6,7.0
133235,1,3,121,1,3,60.0,0,I,LARGE_PROVINCIAL_CITIES,STREET,6,4.0
133236,1,3,121,1,1,60.0,0,I,MELB_URBAN,STREET,6,7.0
133237,1,3,110,1,1,50.0,0,I,SMALL_CITIES,STREET,6,14.0
133238,1,4,120,2,2,60.0,0,N,MELB_URBAN,HIGHWAY,6,6.0
133239,1,3,132,1,2,80.0,0,N,MELB_URBAN,RAMP,6,8.0
133240,1,6,130,2,1,60.0,0,I,MELB_URBAN,ROAD,4,8.0
133241,1,4,133,5,1,60.0,0,N,MELB_URBAN,RAMP,6,8.0
133242,1,3,130,5,1,100.0,0,N,MELB_URBAN,FREEWAY,6,8.0
133243,1,3,163,5,1,60.0,0,N,MELB_URBAN,ROAD,6,10.0
133244,2,2,99,5,1,60.0,0,N,LARGE_PROVINCIAL_CITIES,STREET,6,15.0
133245,1,4,130,2,1,80.0,0,I,RURAL_VICTORIA,ROAD,6,8.0
133246,1,3,130,5,1,80.0,0,N,MELB_URBAN,UNKNOWN,6,7.0
133247,1,7,121,1,3,70.0,0,I,RURAL_VICTORIA,ROAD,6,17.0
133248,8,1,184,5,1,100.0,0,N,RURAL_VICTORIA,ROAD,6,15.0
133249,1,2,113,1,1,50.0,0,I,LARGE_PROVINCIAL_CITIES,STREET,6,15.0
133250,1,6,130,1,2,60.0,0,I,MELB_URBAN,ROAD,6,16.0
133251,1,1,116,1,1,40.0,0,I,MELB_URBAN,STREET,2,8.0
133252,1,2,132,1,1,60.0,0,I,MELB_URBAN,STREET,5,13.0
133253,1,3,130,2,1,60.0,0,I,MELB_URBAN,ROAD,6,13.0
133254,1,4,130,5,1,60.0,0,N,MELB_URBAN,ROAD,6,15.0
133255,1,3,132,5,1,100.0,0,N,RURAL_VICTORIA,ROAD,6,15.0
133256,2,4,102,2,1,60.0,0,N,SMALL_CITIES,AVENUE,6,15.0
133257,1,5,130,2,1,60.0,0,N,MELB_URBAN,ROAD,3,8.0
133258,1,2,99,5,1,100.0,0,N,RURAL_VICTORIA,ROAD,6,13.0
133259,1,5,130,5,1,60.0,0,N,MELB_URBAN,ROAD,4,11.0
133260,1,2,130,2,1,60.0,0,N,MELB_URBAN,ROAD,3,17.0
133261,1,4,113,2,3,60.0,0,I,SMALL_CITIES,ROAD,6,18.0
133262,1,3,121,2,3,80.0,0,N,RURAL_VICTORIA,ROAD,6,19.0
133263,1,3,110,1,5,50.0,0,I,LARGE_PROVINCIAL_CITIES,AVENUE,6,19.0
133264,4,4,173,5,5,60.0,0,N,MELB_URBAN,DRIVE,6,21.0
133265,1,3,133,5,3,80.0,0,N,MELB_URBAN,FREEWAY,6,20.0
133266,1,4,160,5,3,50.0,0,N,MELB_URBAN,DRIVE,6,21.0