,accident_type,day_of_week,dca_code,road_geometry,light_condition,speed_zone,severity,node_type,deg_urban_name,road_type,month,hour
133267,1,4,130,2,5,70.0,0,I,MELB_URBAN,ROAD,6,21.0
133268,4,5,171,5,5,100.0,0,N,RURAL_VICTORIA,HIGHWAY,6,0.0
133269,1,5,110,1,2,40.0,0,I,MELB_URBAN,STREET,6,7.0
133270,1,5,99,2,1,60.0,0,N,MELB_URBAN,ROAD,6,7.0
133271,1,5,130,5,3,80.0,0,N,MELB_URBAN,HIGHWAY,6,6.0
133272,1,4,121,2,1,80.0,0,I,MELB_URBAN,HIGHWAY,6,9.0
133273,1,3,135,5,1,50.0,0,N,SMALL_CITIES,STREET,6,16.0
133274,2,5,102,5,1,40.0,0,N,SMALL_CITIES,ROAD,6,8.0
133275,1,5,110,1,1,60.0,0,I,LARGE_PROVINCIAL_CITIES,OTHER,6,9.0
133276,1,5,147,5,1,60.0,0,N,MELB_URBAN,ROAD,6,7.0
133277,4,6,171,5,4,60.0,0,N,RURAL_VICTORIA,ROAD,6,6.0
133278,1,1,130,1,1,70.0,0,I,MELB_URBAN,ROAD,6,15.0
133279,3,1,167,5,2,100.0,0,N,RURAL_VICTORIA,FREEWAY,5,5.0
133280,1,5,160,5,1,60.0,0,N,LARGE_PROVINCIAL_CITIES,STREET,5,15.0
133281,1,5,99,5,9,60.0,0,N,MELB_URBAN,ROAD,6,16.0
133282,1,4,113,2,1,80.0,0,I,MELB_URBAN,HIGHWAY,6,15.0
133283,1,5,130,5,1,50.0,0,N,TOWNS,STREET,6,11.0
133284,1,2,130,2,1,60.0,0,I,RURAL_VICTORIA,BOULEVARD,6,12.0
133285,1,3,99,2,6,60.0,0,N,RURAL_VICTORIA,ROAD,6,20.0
133286,1,5,113,2,1,60.0,0,I,SMALL_CITIES,HIGHWAY,6,11.0
133287,4,5,181,2,5,100.0,0,N,TOWNS,HIGHWAY,6,3.0
133288,1,1,163,5,1,80.0,0,N,MELB_URBAN,STREET,6,10.0
133289,2,5,102,5,1,70.0,0,N,MELB_URBAN,ROAD,6,15.0
133290,1,1,121,1,2,60.0,0,N,MELB_URBAN,ROAD,5,18.0
133291,4,3,181,5,1,100.0,0,N,RURAL_VICTORIA,ROAD,6,9.0
133292,1,3,130,5,1,60.0,0,N,LARGE_PROVINCIAL_CITIES,STREET,5,12.0
133293,6,1,174,1,1,80.0,0,N,MELB_URBAN,OTHER,1,15.0
133294,1,5,121,2,1,60.0,0,I,MELB_URBAN,ROAD,6,16.0
133295,1,3,130,5,6,100.0,0,N,MELB_URBAN,FREEWAY,5,6.0
133296,2,4,99,5,1,40.0,0,N,MELB_URBAN,ROAD,6,15.0
133297,1,4,121,2,3,60.0,0,I,SMALL_CITIES,HIGHWAY,6,19.0
133298,1,5,135,2,3,60.0,0,I,MELB_URBAN,ROAD,6,19.0
133299,1,5,160,5,3,60.0,0,N,MELB_URBAN,ROAD,6,18.0
133300,1,5,113,1,3,80.0,0,I,MELB_URBAN,ROAD,6,19.0
133301,1,4,120,5,9,50.0,0,N,MELB_URBAN,DRIVE,6,9.0
133302,2,4,99,5,3,60.0,0,I,MELB_URBAN,STREET,6,22.0
133303,1,5,99,2,3,80.0,0,N,MELB_URBAN,ROAD,6,23.0
133304,1,5,130,5,9,60.0,0,N,MELB_URBAN,ROAD,6,11.0
133305,1,5,113,1,1,60.0,0,I,TOWNS,STREET,4,8.0
133306,4,5,173,5,5,100.0,0,N,RURAL_VICTORIA,STREET,6,4.0
133307,1,2,110,1,2,60.0,0,I,TOWNS,ROAD,6,17.0
133308,4,6,181,5,5,100.0,0,N,RURAL_VICTORIA,ROAD,6,5.0
133309,1,6,120,5,5,80.0,0,N,TOWNS,HIGHWAY,6,5.0
133310,4,6,183,5,1,100.0,0,N,RURAL_VICTORIA,HIGHWAY,6,8.0
133311,1,5,121,1,3,80.0,0,I,MELB_URBAN,ROAD,6,6.0
133312,6,6,174,1,1,60.0,0,I,MELB_URBAN,ROAD,6,9.0
133313,1,4,130,5,3,70.0,0,N,LARGE_PROVINCIAL_CITIES,HIGHWAY,6,17.0
133314,5,7,99,5,1,100.0,0,N,RURAL_VICTORIA,ROAD,6,15.0
133315,2,2,99,5,2,60.0,0,N,TOWNS,STREET,5,17.0
133316,3,6,167,5,3,60.0,0,N,MELB_URBAN,ROAD,6,18.0
133317,2,5,99,5,1,50.0,0,N,MELB_URBAN,OTHER,6,16.0
133318,1,6,120,5,1,80.0,0,N,RURAL_VICTORIA,ROAD,6,8.0
133319,1,6,110,1,1,70.0,0,I,MELB_URBAN,HIGHWAY,6,7.0
133320,1,6,121,1,1,70.0,0,I,MELB_URBAN,ROAD,6,12.0
133321,1,5,130,1,1,60.0,0,N,LARGE_PROVINCIAL_CITIES,ROAD,6,12.0
133322,8,4,99,5,5,60.0,0,N,LARGE_PROVINCIAL_CITIES,STREET,6,18.0
133323,8,2,170,5,1,60.0,0,N,RURAL_VICTORIA,ROAD,6,9.0
133324,1,5,130,2,9,70.0,0,I,MELB_URBAN,ROAD,2,9.0
133325,1,6,120,2,1,60.0,0,I,MELB_URBAN,ROAD,6,12.0
133326,4,1,171,5,9,60.0,0,N,RURAL_VICTORIA,ROAD,3,15.0
133327,1,6,113,2,1,100.0,0,I,RURAL_VICTORIA,ROAD,6,8.0
133328,1,4,121,1,3,60.0,0,I,MELB_URBAN,ROAD,9,21.0
133329,1,5,111,1,1,50.0,0,I,MELB_URBAN,STREET,6,10.0
133330,1,1,130,5,3,60.0,0,N,MELB_URBAN,STREET,5,1.0
133331,4,6,183,1,1,80.0,0,I,RURAL_VICTORIA,ROAD,6,14.0
133332,1,3,130,5,1,60.0,0,N,MELB_URBAN,ROAD,6,14.0
133333,1,6,130,5,1,80.0,0,N,MELB_URBAN,HIGHWAY,6,17.0
133334,1,6,130,5,1,40.0,0,N,MELB_URBAN,DRIVE,6,15.0
133335,1,6,116,2,3,60.0,0,I,LARGE_PROVINCIAL_CITIES,ROAD,6,17.0
133336,1,1,135,5,1,100.0,0,N,RURAL_VICTORIA,FREEWAY,6,13.0
133337,1,6,132,2,3,60.0,0,I,RURAL_VICTORIA,ROAD,6,17.0
133338,1,6,147,5,3,50.0,0,N,MELB_URBAN,STREET,6,17.0
133339,1,6,160,5,3,60.0,0,N,MELB_URBAN,ROAD,6,18.0
133340,1,2,121,1,9,80.0,0,N,RURAL_VICTORIA,ROAD,6,6.0
133341,1,6,111,2,5,100.0,0,I,RURAL_VICTORIA,ROAD,6,19.0
133342,1,5,130,5,2,80.0,0,N,MELB_URBAN,ROAD,6,17.0
133343,1,6,99,2,3,60.0,0,I,MELB_URBAN,HIGHWAY,6,20.0
133344,4,6,171,5,5,100.0,0,N,RURAL_VICTORIA,ROAD,6,18.0
133345,1,3,116,2,1,60.0,0,I,MELB_URBAN,OTHER,6,8.0
133346,4,6,171,5,3,50.0,0,N,MELB_URBAN,OTHER,6,18.0
133347,1,5,130,5,3,80.0,0,N,RURAL_VICTORIA,HIGHWAY,6,19.0
133348,4,5,173,2,5,60.0,0,N,SMALL_CITIES,ROAD,6,21.0
133349,1,5,130,2,3,80.0,0,I,RURAL_VICTORIA,HIGHWAY,6,21.0
133350,1,6,147,5,1,50.0,0,N,MELB_URBAN,ROAD,6,15.0
133351,4,6,181,5,3,50.0,0,N,MELB_URBAN,AVENUE,6,21.0
133352,1,5,130,5,5,60.0,0,N,RURAL_VICTORIA,FREEWAY,6,17.0
133353,1,6,130,5,3,40.0,0,N,MELB_URBAN,FREEWAY,6,22.0
133354,6,7,99,5,5,60.0,0,N,SMALL_CITIES,ROAD,6,2.0
133355,4,7,171,5,5,100.0,0,N,RURAL_VICTORIA,HIGHWAY,6,3.0
133356,1,5,121,1,3,60.0,0,I,LARGE_PROVINCIAL_CITIES,ROAD,6,19.0
133357,1,7,173,5,2,100.0,0,N,MELB_URBAN,ROAD,6,5.0
133358,1,5,113,1,1,80.0,0,I,MELB_URBAN,HIGHWAY,6,10.0
133359,1,6,130,5,3,60.0,0,N,MELB_URBAN,ROAD,6,19.0
133360,1,7,99,5,1,50.0,0,N,RURAL_VICTORIA,OTHER,6,7.0
133361,1,7,110,1,3,60.0,0,I,MELB_URBAN,RAMP,6,20.0
133362,1,5,147,5,1,60.0,0,N,MELB_URBAN,ROAD,6,16.0
133363,4,6,171,5,1,100.0,0,N,RURAL_VICTORIA,ROAD,6,7.0
133364,1,4,132,5,5,80.0,0,N,RURAL_VICTORIA,ROAD,6,18.0
133365,2,5,100,5,9,60.0,0,N,MELB_URBAN,ROAD,6,8.0
133366,8,3,174,5,1,50.0,0,N,RURAL_VICTORIA,ROAD,6,12.0
133367,1,6,121,2,1,60.0,0,I,MELB_URBAN,ROAD,6,12.0
133368,1,5,99,1,9,60.0,0,I,SMALL_CITIES,DRIVE,5,16.0
133369,1,7,113,2,1,70.0,0,I,MELB_URBAN,ROAD,6,12.0
133370,1,6,111,1,1,60.0,0,I,RURAL_VICTORIA,ROAD,6,10.0
133371,1,6,130,5,1,80.0,0,N,MELB_URBAN,FREEWAY,6,13.0
133372,1,6,130,2,1,60.0,0,I,MELB_URBAN,ROAD,6,12.0
133373,1,4,130,5,3,80.0,0,N,MELB_URBAN,ROAD,4,18.0
133374,4,7,173,5,1,80.0,1,N,MELB_URBAN,HIGHWAY,6,13.0
133375,1,7,147,2,1,60.0,0,I,MELB_URBAN,ROAD,6,15.0
133376,1,6,99,5,3,50.0,0,N,SMALL_CITIES,STREET,6,18.0
133377,6,7,174,2,1,60.0,0,N,MELB_URBAN,AVENUE,6,9.0
133378,1,7,130,5,3,80.0,0,N,MELB_URBAN,HIGHWAY,6,17.0
133379,4,7,171,5,1,50.0,0,N,LARGE_PROVINCIAL_CITIES,OTHER,6,14.0
133380,4,6,171,5,5,80.0,0,N,RURAL_VICTORIA,ROAD,6,17.0
133381,2,7,102,1,3,60.0,0,I,MELB_URBAN,ROAD,6,20.0
133382,1,6,160,5,3,50.0,0,N,MELB_URBAN,ROAD,6,20.0
133383,4,7,173,5,3,50.0,0,N,MELB_URBAN,STREET,6,21.0
133384,2,7,102,5,5,50.0,0,N,MELB_URBAN,ROAD,6,18.0
133385,2,7,100,1,3,60.0,1,N,MELB_URBAN,ROAD,6,19.0
133386,5,7,171,5,3,60.0,0,N,MELB_URBAN,ROAD,6,22.0
133387,1,7,121,1,3,60.0,0,I,MELB_URBAN,STREET,6,22.0
133388,1,1,160,5,3,40.0,0,N,MELB_URBAN,STREET,6,0.0
133389,1,6,130,5,3,40.0,0,N,MELB_URBAN,FREEWAY,6,4.0
133390,4,1,173,5,5,100.0,0,N,RURAL_VICTORIA,ROAD,6,3.0
133391,8,7,170,5,3,80.0,0,N,MELB_URBAN,AVENUE,6,22.0
133392,4,1,171,5,5,60.0,0,N,TOWNS,ROAD,6,5.0
133393,6,1,99,1,3,60.0,0,I,MELB_URBAN,ROAD,6,4.0
133394,4,1,183,5,5,100.0,0,N,RURAL_VICTORIA,ROAD,6,4.0
133395,1,1,99,5,1,80.0,0,I,MELB_URBAN,ROAD,6,7.0
133396,1,0,130,5,1,100.0,0,N,MELB_URBAN,UNKNOWN,6,8.0
133397,8,1,174,2,1,80.0,0,I,MELB_URBAN,STREET,6,10.0
133398,1,3,130,2,1,40.0,0,I,MELB_URBAN,STREET,5,10.0
133399,1,2,134,2,1,80.0,0,N,MELB_URBAN,ROAD,6,13.0
133400,4,1,173,5,1,70.0,0,O,MELB_URBAN,ROAD,6,11.0
133401,1,1,116,2,1,70.0,0,I,MELB_URBAN,DRIVE,6,11.0
133402,4,1,171,5,1,50.0,0,N,MELB_URBAN,ROAD,6,11.0
133403,1,5,120,5,5,100.0,0,N,RURAL_VICTORIA,HIGHWAY,6,21.0
133404,1,1,147,5,1,70.0,0,N,MELB_URBAN,HIGHWAY,6,14.0
133405,1,0,130,1,1,40.0,0,I,MELBOURNE_CBD,STREET,6,14.0
133406,1,6,130,5,1,100.0,0,N,MELB_URBAN,UNKNOWN,6,12.0
133407,1,5,113,2,1,40.0,0,I,MELB_URBAN,ROAD,4,9.0
133408,1,0,181,2,1,60.0,0,I,MELB_URBAN,OTHER,6,14.0
133409,4,1,183,5,1,80.0,1,N,RURAL_VICTORIA,ROAD,6,14.0
133410,1,1,99,1,1,60.0,0,I,MELB_URBAN,ROAD,6,16.0
133411,2,1,100,2,3,50.0,0,I,MELB_URBAN,STREET,6,17.0
133412,4,1,183,2,1,80.0,0,I,RURAL_VICTORIA,HIGHWAY,6,16.0
133413,1,1,130,5,1,80.0,0,N,RURAL_VICTORIA,HIGHWAY,6,15.0
133414,2,0,102,2,3,60.0,0,N,MELB_URBAN,HIGHWAY,6,17.0
133415,1,1,121,5,3,60.0,0,N,MELB_URBAN,ROAD,6,18.0
133416,1,1,113,4,3,80.0,0,I,MELB_URBAN,ROAD,6,19.0
133417,1,1,99,2,1,60.0,0,I,MELB_URBAN,OTHER,6,8.0
133418,1,0,160,2,3,40.0,0,N,MELB_URBAN,ROAD,6,17.0
133419,1,2,110,1,3,50.0,0,I,LARGE_PROVINCIAL_CITIES,STREET,6,22.0
133420,7,1,99,1,1,40.0,0,I,MELB_URBAN,ROAD,6,16.0
133421,1,1,160,5,3,50.0,0,N,MELB_URBAN,DRIVE,6,22.0
133422,1,1,121,1,3,80.0,0,I,MELB_URBAN,HIGHWAY,6,23.0
133423,8,2,174,5,3,80.0,0,N,MELB_URBAN,ROAD,6,3.0
133424,2,1,102,1,2,50.0,0,I,MELB_URBAN,ROAD,6,7.0
133425,1,6,133,5,6,50.0,0,N,MELB_URBAN,STREET,6,21.0
133426,1,1,160,5,3,60.0,0,N,LARGE_PROVINCIAL_CITIES,ROAD,6,6.0
133427,1,2,121,1,1,60.0,0,I,MELB_URBAN,ROAD,6,7.0
133428,1,1,120,2,3,60.0,0,N,MELB_URBAN,ROAD,6,19.0
133429,1,2,110,1,1,50.0,0,I,MELB_URBAN,OTHER,6,8.0
133430,1,4,130,2,1,60.0,0,N,RURAL_VICTORIA,BOULEVARD,6,13.0
133431,4,1,181,5,2,100.0,0,N,RURAL_VICTORIA,HIGHWAY,6,17.0
133432,1,3,111,1,9,80.0,0,I,MELB_URBAN,ROAD,11,12.0
133433,1,2,130,5,3,80.0,0,N,MELB_URBAN,ROAD,6,6.0
133434,1,2,99,2,1,40.0,0,I,MELB_URBAN,ROAD,6,8.0
133435,1,2,110,1,1,50.0,0,I,MELB_URBAN,ROAD,6,11.0
133436,1,1,135,5,1,40.0,0,N,MELBOURNE_CBD,STREET,6,7.0
133437,1,2,99,1,1,60.0,0,I,MELB_URBAN,ROAD,6,10.0
133438,1,1,130,5,1,60.0,0,N,LARGE_PROVINCIAL_CITIES,ROAD,5,17.0
133439,2,2,100,2,1,50.0,0,I,SMALL_CITIES,STREET,6,12.0
133440,1,0,140,5,1,60.0,0,N,LARGE_PROVINCIAL_CITIES,ROAD,3,13.0
133441,4,1,173,4,1,110.0,0,N,RURAL_VICTORIA,FREEWAY,6,13.0
133442,1,2,130,1,2,60.0,0,I,MELB_URBAN,ROAD,6,18.0
133443,1,0,110,1,1,60.0,0,I,MELB_URBAN,STREET,6,16.0
133444,1,2,113,2,1,60.0,0,I,MELB_URBAN,OTHER,6,12.0
133445,1,2,130,5,1,80.0,0,N,MELB_URBAN,ROAD,6,12.0
133446,2,2,100,5,1,50.0,1,N,MELB_URBAN,OTHER,6,8.0
133447,1,5,130,2,1,80.0,0,N,MELB_URBAN,ROAD,5,9.0
133448,3,0,167,5,2,50.0,0,N,MELB_URBAN,ROAD,6,17.0
133449,1,6,111,1,3,50.0,0,I,TOWNS,AVENUE,6,17.0
133450,1,1,130,5,1,80.0,0,N,MELB_URBAN,FREEWAY,6,10.0
133451,1,5,130,5,6,60.0,0,N,MELB_URBAN,ROAD,6,17.0
133452,1,1,110,1,9,50.0,0,I,MELB_URBAN,ROAD,8,18.0
133453,6,1,174,1,2,50.0,0,I,MELB_URBAN,STREET,6,8.0
133454,4,1,173,2,3,60.0,0,I,SMALL_CITIES,PARADE,6,17.0
133455,1,2,99,5,1,50.0,0,N,MELB_URBAN,BOULEVARD,6,15.0
133456,6,6,170,5,5,80.0,0,N,RURAL_VICTORIA,HIGHWAY,6,17.0
133457,1,2,130,5,1,60.0,0,N,MELB_URBAN,ROAD,6,15.0
133458,1,2,120,5,1,100.0,1,N,RURAL_VICTORIA,ROAD,6,10.0
133459,1,1,99,5,1,60.0,0,N,MELB_URBAN,STREET,6,16.0
133460,1,2,110,4,3,60.0,0,I,TOWNS,ROAD,6,17.0
133461,1,2,113,2,5,80.0,0,N,RURAL_VICTORIA,ROAD,6,17.0
133462,1,1,110,1,1,80.0,0,I,MELB_URBAN,ROAD,6,15.0
133463,1,1,99,5,1,60.0,0,N,MELB_URBAN,PARADE,6,14.0
133464,4,2,173,5,5,100.0,0,N,RURAL_VICTORIA,ROAD,6,17.0
133465,6,7,174,2,1,40.0,0,I,MELB_URBAN,STREET,7,15.0
133466,1,2,121,1,3,60.0,0,I,MELB_URBAN,ROAD,6,17.0
133467,4,1,171,1,1,80.0,0,I,RURAL_VICTORIA,ROAD,6,15.0
133468,1,2,110,1,1,50.0,0,I,MELB_URBAN,ROAD,6,15.0
133469,2,6,99,5,1,50.0,0,N,SMALL_CITIES,STREET,6,14.0
133470,1,2,135,5,5,80.0,0,N,MELB_URBAN,FREEWAY,6,19.0
133471,2,4,99,5,3,40.0,0,N,MELB_URBAN,OTHER,6,19.0
133472,2,6,100,5,2,60.0,0,N,MELB_URBAN,BOULEVARD,6,17.0
133473,4,1,181,5,5,80.0,0,N,MELB_URBAN,ROAD,6,22.0
133474,1,5,99,5,6,60.0,0,N,MELB_URBAN,ROAD,6,6.0
133475,4,3,173,5,5,100.0,0,N,RURAL_VICTORIA,HIGHWAY,6,2.0
133476,1,7,130,5,6,60.0,0,N,MELB_URBAN,ROAD,6,20.0
133477,1,0,160,1,1,50.0,0,I,MELB_URBAN,ROAD,6,13.0
133478,1,3,130,5,2,80.0,0,N,MELB_URBAN,HIGHWAY,6,6.0
133479,6,7,170,1,9,40.0,0,N,MELB_URBAN,STREET,4,13.0
133480,1,3,140,5,1,50.0,0,N,MELB_URBAN,UNKNOWN,6,8.0
133481,1,3,121,1,2,60.0,0,I,MELB_URBAN,ROAD,6,7.0
133482,1,2,140,5,1,60.0,0,N,RURAL_VICTORIA,BOULEVARD,6,9.0
133483,1,6,130,5,1,60.0,0,N,MELB_URBAN,ROAD,6,10.0
133484,2,7,102,1,9,60.0,0,I,MELB_URBAN,ROAD,6,19.0
133485,1,3,99,5,1,50.0,0,N,MELB_URBAN,STREET,6,9.0
133486,1,3,130,5,1,80.0,0,N,MELB_URBAN,ROAD,6,10.0
133487,1,3,130,5,1,60.0,0,N,MELB_URBAN,ROAD,6,10.0
133488,2,1,99,5,9,60.0,0,N,MELB_URBAN,AVENUE,2,12.0
133489,1,2,110,1,1,50.0,0,I,MELB_URBAN,STREET,6,8.0
133490,1,2,135,5,1,80.0,0,N,MELB_URBAN,FREEWAY,6,12.0
133491,1,6,160,5,6,50.0,0,N,MELB_URBAN,STREET,4,23.0
133492,1,2,113,2,2,60.0,0,I,MELB_URBAN,STREET,6,7.0
133493,2,3,99,5,1,60.0,1,N,MELB_URBAN,OTHER,6,9.0
133494,1,2,130,1,3,80.0,0,N,MELB_URBAN,ROAD,6,6.0
133495,1,3,121,1,1,80.0,0,I,MELB_URBAN,ROAD,6,14.0
133496,1,5,130,5,2,100.0,0,N,MELB_URBAN,ROAD,6,7.0
133497,1,0,130,5,1,100.0,0,N,RURAL_VICTORIA,FREEWAY,1,13.0
133498,1,4,113,4,9,60.0,0,I,MELB_URBAN,ROAD,5,5.0
133499,2,3,100,5,1,60.0,0,N,MELB_URBAN,STREET,6,15.0
133500,6,6,99,5,2,70.0,0,N,RURAL_VICTORIA,HIGHWAY,5,6.0
133501,1,3,132,2,1,80.0,0,I,TOWNS,ROAD,6,15.0
133502,1,6,130,5,3,100.0,0,N,MELB_URBAN,FREEWAY,6,17.0
133503,1,6,130,5,1,100.0,0,N,MELB_URBAN,FREEWAY,6,7.0
133504,1,3,135,5,1,60.0,0,N,MELB_URBAN,OTHER,6,8.0
133505,1,2,140,5,3,70.0,0,N,MELB_URBAN,ROAD,6,17.0
133506,1,3,130,5,1,100.0,0,N,MELB_URBAN,FREEWAY,6,15.0
133507,1,2,116,2,2,60.0,0,I,MELB_URBAN,ROAD,6,6.0
133508,1,0,110,1,4,60.0,0,N,MELB_URBAN,ROAD,6,17.0
133509,1,6,121,2,2,50.0,0,I,MELB_URBAN,STREET,6,6.0
133510,1,2,99,2,3,80.0,0,I,MELB_URBAN,ROAD,5,17.0
133511,1,3,120,5,1,50.0,0,N,MELB_URBAN,DRIVE,6,16.0
133512,1,5,121,2,6,60.0,0,I,MELB_URBAN,ROAD,6,7.0
133513,1,3,121,1,3,60.0,0,I,MELB_URBAN,RAMP,6,19.0
133514,1,3,110,1,3,50.0,0,I,MELB_URBAN,STREET,6,17.0
133515,1,3,121,2,5,80.0,0,I,RURAL_VICTORIA,HIGHWAY,6,17.0
133516,1,5,99,2,9,60.0,0,I,MELB_URBAN,STREET,6,18.0
133517,1,2,130,5,5,110.0,0,N,RURAL_VICTORIA,FREEWAY,6,5.0
133518,1,3,171,5,5,60.0,0,N,UNKNOWN,HIGHWAY,6,22.0
133519,4,3,173,5,5,100.0,0,N,RURAL_VICTORIA,HIGHWAY,6,18.0
133520,1,4,130,5,2,100.0,0,N,RURAL_VICTORIA,FREEWAY,6,6.0
133521,2,3,100,5,1,50.0,0,N,MELB_URBAN,STREET,6,8.0
133522,1,3,113,2,3,80.0,0,N,RURAL_VICTORIA,HIGHWAY,6,6.0
133523,4,4,171,5,1,40.0,0,N,MELB_URBAN,STREET,6,8.0
133524,1,4,121,2,1,60.0,0,I,MELB_URBAN,ROAD,6,8.0
133525,1,3,111,4,9,60.0,0,I,MELB_URBAN,ROAD,6,12.0
133526,1,5,121,5,3,50.0,0,N,MELB_URBAN,ROAD,6,19.0
133527,1,3,134,2,1,70.0,0,I,MELB_URBAN,ROAD,6,9.0
133528,1,4,116,2,3,60.0,0,I,SMALL_CITIES,DRIVE,6,19.0
133529,1,3,113,2,1,60.0,0,I,MELB_URBAN,ROAD,6,11.0
133530,4,4,171,5,1,80.0,0,N,MELB_URBAN,ROAD,6,11.0
133531,4,4,183,5,5,110.0,0,N,RURAL_VICTORIA,FREEWAY,6,5.0
133532,4,4,171,5,1,100.0,0,N,RURAL_VICTORIA,HIGHWAY,5,10.0
133533,8,1,174,5,1,60.0,0,O,RURAL_VICTORIA,ROAD,6,15.0
133534,1,3,140,5,1,50.0,0,N,MELB_URBAN,ROAD,6,9.0
133535,1,3,160,5,1,50.0,0,N,SMALL_CITIES,STREET,6,14.0
133536,4,4,99,2,1,60.0,0,I,MELB_URBAN,ROAD,6,14.0
133537,1,6,130,5,6,70.0,0,N,MELB_URBAN,ROAD,6,21.0
133538,1,7,110,1,1,60.0,0,I,RURAL_VICTORIA,ROAD,6,15.0
133539,1,4,147,5,1,80.0,0,N,MELB_URBAN,ROAD,6,16.0
133540,1,1,113,1,1,60.0,0,I,RURAL_VICTORIA,ROAD,6,14.0
133541,1,5,130,5,3,100.0,0,N,RURAL_VICTORIA,FREEWAY,6,6.0
133542,2,4,102,5,1,80.0,0,N,LARGE_PROVINCIAL_CITIES,ROAD,6,16.0
133543,1,4,147,5,3,50.0,0,N,SMALL_CITIES,STREET,6,17.0
133544,1,7,133,5,1,60.0,0,N,MELB_URBAN,ROAD,6,14.0
133545,1,4,130,2,1,70.0,0,N,MELB_URBAN,ROAD,6,16.0
133546,4,3,173,5,2,100.0,0,N,RURAL_VICTORIA,ROAD,6,17.0
133547,5,1,99,5,2,80.0,0,N,RURAL_VICTORIA,ROAD,6,16.0
133548,4,4,171,5,9,100.0,0,N,RURAL_VICTORIA,ROAD,6,15.0
133549,1,4,110,1,3,50.0,0,I,SMALL_CITIES,STREET,6,19.0
133550,4,4,171,5,3,60.0,0,N,MELB_URBAN,ROAD,6,18.0
133551,1,4,120,5,3,50.0,0,N,MELB_URBAN,DRIVE,6,19.0
133552,1,4,121,1,3,70.0,0,I,MELB_URBAN,HIGHWAY,6,19.0
133553,2,4,99,5,3,60.0,0,N,MELB_URBAN,ROAD,6,21.0
133554,1,4,121,4,3,80.0,0,I,MELB_URBAN,HIGHWAY,6,20.0
133555,4,3,181,5,3,50.0,0,N,TOWNS,AVENUE,6,21.0
133556,1,3,111,2,6,80.0,0,N,MELB_URBAN,ROAD,6,6.0
133557,1,4,120,5,3,60.0,0,N,MELB_URBAN,ROAD,6,22.0
133558,1,4,110,1,3,60.0,0,I,LARGE_PROVINCIAL_CITIES,HIGHWAY,6,23.0
133559,4,3,171,5,3,60.0,0,N,MELB_URBAN,ROAD,6,23.0
133560,1,4,160,5,3,60.0,0,N,MELB_URBAN,ROAD,6,2.0
133561,4,4,171,5,1,50.0,0,N,MELB_URBAN,DRIVE,6,10.0
133562,1,5,116,2,2,60.0,0,I,MELB_URBAN,ROAD,6,7.0
133563,1,5,130,5,1,80.0,0,N,MELB_URBAN,ROAD,6,9.0
133564,1,5,113,1,1,80.0,0,I,MELB_URBAN,RAMP,6,8.0
133565,3,0,167,5,5,110.0,0,N,RURAL_VICTORIA,FREEWAY,6,19.0
133566,1,4,130,5,2,110.0,0,N,SMALL_CITIES,FREEWAY,6,6.0
133567,1,5,111,1,1,50.0,0,I,MELB_URBAN,STREET,6,8.0
133568,1,4,113,2,5,80.0,0,I,RURAL_VICTORIA,ROAD,6,6.0
133569,2,1,99,5,3,60.0,0,N,MELB_URBAN,DRIVE,5,18.0
133570,7,3,99,5,1,50.0,0,N,MELB_URBAN,PARADE,6,14.0
133571,1,5,116,2,1,60.0,0,I,MELB_URBAN,STREET,6,10.0
133572,1,5,121,4,1,60.0,0,N,MELB_URBAN,HIGHWAY,6,10.0
133573,1,3,99,1,1,50.0,0,I,MELB_URBAN,STREET,6,12.0
133574,6,4,170,5,1,100.0,0,N,RURAL_VICTORIA,ROAD,6,11.0
133575,1,4,130,5,1,60.0,0,N,MELB_URBAN,ROAD,6,12.0
133576,1,5,130,1,9,70.0,0,I,MELB_URBAN,ROAD,6,15.0
133577,1,5,113,1,1,60.0,0,I,MELB_URBAN,ROAD,6,10.0
133578,1,4,99,2,1,50.0,0,I,SMALL_CITIES,STREET,6,14.0
133579,1,6,110,1,9,60.0,0,I,MELB_URBAN,ROAD,5,14.0
133580,1,4,116,2,3,60.0,0,I,TOWNS,STREET,6,18.0
133581,2,7,102,1,5,50.0,0,N,MELB_URBAN,ROAD,6,18.0
133582,1,0,134,5,9,60.0,0,N,MELB_URBAN,ROAD,5,14.0
133583,1,5,113,2,1,60.0,0,I,MELB_URBAN,ROAD,6,11.0
133584,1,5,132,5,1,60.0,0,N,MELB_URBAN,ROAD,6,12.0
133585,3,5,167,5,1,100.0,0,N,RURAL_VICTORIA,ROAD,6,7.0
133586,1,4,135,5,1,60.0,0,N,MELB_URBAN,ROAD,6,14.0
133587,4,5,99,1,1,40.0,0,N,MELB_URBAN,STREET,6,13.0
133588,1,3,147,5,1,60.0,0,N,MELB_URBAN,ROAD,5,10.0
133589,4,4,181,2,1,100.0,0,I,RURAL_VICTORIA,ROAD,6,13.0
133590,1,4,130,5,1,40.0,0,N,MELB_URBAN,ROAD,6,13.0
133591,1,3,110,1,3,60.0,0,I,TOWNS,STREET,6,18.0
133592,1,4,140,1,1,60.0,0,I,MELB_URBAN,ROAD,6,13.0
133593,1,5,130,2,1,60.0,0,I,MELB_URBAN,ROAD,6,13.0