,accident_type,day_of_week,dca_code,road_geometry,light_condition,speed_zone,severity,node_type,deg_urban_name,road_type,month,hour
133594,1,5,130,5,1,100.0,0,N,MELB_URBAN,FREEWAY,6,15.0
133595,1,5,113,2,1,80.0,0,I,MELB_URBAN,ROAD,6,10.0
133596,1,1,99,5,1,50.0,0,N,MELB_URBAN,AVENUE,6,14.0
133597,1,5,121,2,2,70.0,0,N,MELB_URBAN,STREET,6,16.0
133598,1,5,133,5,1,100.0,0,N,RURAL_VICTORIA,ROAD,6,14.0
133599,1,4,99,5,1,60.0,0,N,MELB_URBAN,STREET,6,15.0
133600,1,5,99,5,3,60.0,0,N,MELB_URBAN,PARADE,6,18.0
133601,1,5,130,5,1,100.0,0,N,MELB_URBAN,FREEWAY,6,16.0
133602,1,0,121,2,1,60.0,0,I,RURAL_VICTORIA,ROAD,6,11.0
133603,1,5,113,2,1,80.0,0,I,MELB_URBAN,HIGHWAY,6,17.0
133604,1,5,171,1,3,50.0,0,I,MELB_URBAN,STREET,6,19.0
133605,4,5,183,2,1,80.0,1,I,RURAL_VICTORIA,HIGHWAY,6,6.0
133606,4,2,173,5,3,40.0,0,N,MELB_URBAN,STREET,6,3.0
133607,1,5,147,5,2,60.0,0,N,MELB_URBAN,DRIVE,6,17.0
133608,1,5,116,2,3,60.0,0,I,MELB_URBAN,ROAD,6,19.0
133609,1,5,99,5,5,100.0,0,N,RURAL_VICTORIA,HIGHWAY,6,20.0
133610,1,4,121,1,3,80.0,0,I,MELB_URBAN,ROAD,6,20.0
133611,4,5,173,5,3,60.0,0,N,LARGE_PROVINCIAL_CITIES,STREET,6,21.0
133612,1,4,130,2,3,60.0,0,I,MELB_URBAN,ROAD,6,18.0
133613,1,1,130,5,2,60.0,0,N,MELB_URBAN,FREEWAY,6,5.0
133614,1,6,99,2,1,50.0,0,I,MELB_URBAN,STREET,5,9.0
133615,4,5,171,5,5,60.0,0,N,MELB_URBAN,ROAD,6,23.0
133616,1,5,160,5,3,60.0,0,N,LARGE_PROVINCIAL_CITIES,STREET,6,5.0
133617,8,5,174,5,9,50.0,0,N,MELB_URBAN,STREET,5,23.0
133618,1,6,140,1,3,60.0,0,I,MELB_URBAN,ROAD,6,6.0
133619,2,6,100,2,3,80.0,0,N,MELB_URBAN,ROAD,6,7.0
133620,6,2,170,5,1,60.0,0,N,MELB_URBAN,ROAD,1,19.0
133621,1,6,130,5,3,100.0,0,N,MELB_URBAN,ROAD,6,6.0
133622,1,6,121,1,2,60.0,0,I,MELB_URBAN,STREET,6,7.0
133623,1,1,140,5,9,60.0,0,N,MELB_URBAN,ROAD,7,19.0
133624,1,5,130,5,9,60.0,0,N,MELB_URBAN,ROAD,11,9.0
133625,1,5,130,5,1,80.0,0,N,MELB_URBAN,HIGHWAY,6,9.0
133626,1,6,110,1,1,60.0,0,I,RURAL_VICTORIA,ROAD,6,8.0
133627,1,5,130,5,3,80.0,0,N,LARGE_PROVINCIAL_CITIES,ROAD,6,17.0
133628,1,1,99,1,1,40.0,0,I,SMALL_CITIES,STREET,6,14.0
133629,1,5,134,2,1,60.0,0,N,MELB_URBAN,STREET,6,14.0
133630,3,4,167,5,2,100.0,0,N,RURAL_VICTORIA,ROAD,5,17.0
133631,4,6,99,2,1,50.0,0,I,MELB_URBAN,OTHER,6,12.0
133632,1,4,130,2,1,60.0,0,N,MELB_URBAN,ROAD,6,14.0
133633,1,5,121,1,1,60.0,0,I,MELB_URBAN,ROAD,6,11.0
133634,4,6,173,5,1,100.0,0,N,RURAL_VICTORIA,OTHER,6,8.0
133635,1,6,113,2,1,50.0,0,N,MELB_URBAN,OTHER,6,9.0
133636,1,5,140,5,3,60.0,0,N,MELB_URBAN,AVENUE,6,7.0
133637,1,6,99,1,1,60.0,0,N,MELB_URBAN,ROAD,6,12.0
133638,1,3,130,5,3,60.0,0,N,MELB_URBAN,ROAD,6,18.0
133639,4,6,183,5,1,100.0,0,N,RURAL_VICTORIA,ROAD,6,11.0
133640,1,5,99,5,1,50.0,0,N,LARGE_PROVINCIAL_CITIES,STREET,5,9.0
133641,1,6,132,2,1,60.0,0,I,LARGE_PROVINCIAL_CITIES,STREET,6,13.0
133642,1,5,113,2,1,60.0,0,I,LARGE_PROVINCIAL_CITIES,ROAD,6,12.0
133643,4,6,173,5,1,80.0,0,N,RURAL_VICTORIA,ROAD,6,13.0
133644,3,7,167,5,5,100.0,0,N,RURAL_VICTORIA,ROAD,6,22.0
133645,1,4,113,2,1,80.0,0,I,MELB_URBAN,HIGHWAY,6,15.0
133646,1,5,134,5,1,80.0,0,N,MELB_URBAN,ROAD,6,9.0
133647,1,5,121,1,1,60.0,0,I,MELB_URBAN,BOULEVARD,6,16.0
133648,2,6,99,5,1,60.0,0,N,MELB_URBAN,STREET,6,13.0
133649,1,1,130,5,2,100.0,0,N,MELB_URBAN,FREEWAY,6,6.0
133650,1,6,113,2,1,60.0,0,I,MELB_URBAN,ROAD,6,16.0
133651,6,7,174,2,2,60.0,0,I,MELB_URBAN,ROAD,6,17.0
133652,8,7,174,2,1,30.0,0,I,MELB_URBAN,BOULEVARD,6,13.0
133653,2,5,100,2,1,40.0,0,N,MELB_URBAN,STREET,6,13.0
133654,1,6,120,5,1,100.0,0,N,RURAL_VICTORIA,HIGHWAY,6,13.0
133655,1,6,113,2,3,80.0,0,I,MELB_URBAN,ROAD,6,18.0
133656,1,6,130,5,1,80.0,0,N,MELB_URBAN,HIGHWAY,6,16.0
133657,1,2,130,5,1,60.0,0,N,MELB_URBAN,ROAD,6,13.0
133658,1,5,160,5,3,60.0,0,N,MELB_URBAN,ROAD,6,19.0
133659,4,6,181,5,5,80.0,0,N,RURAL_VICTORIA,ROAD,6,18.0
133660,1,6,121,1,3,80.0,0,N,MELB_URBAN,ROAD,6,19.0
133661,1,6,110,1,3,60.0,0,I,TOWNS,STREET,6,19.0
133662,1,5,121,1,3,50.0,0,I,SMALL_CITIES,STREET,6,20.0
133663,4,6,183,5,5,80.0,0,N,RURAL_VICTORIA,ROAD,6,20.0
133664,1,6,130,5,3,60.0,0,N,MELB_URBAN,ROAD,6,17.0
133665,1,5,110,1,3,60.0,0,I,MELB_URBAN,ROAD,6,18.0
133666,1,5,130,5,3,80.0,0,N,MELB_URBAN,OTHER,6,23.0
133667,1,6,120,5,5,80.0,0,N,RURAL_VICTORIA,HIGHWAY,6,20.0
133668,1,6,132,4,3,60.0,0,I,MELB_URBAN,STREET,6,18.0
133669,1,3,99,5,3,60.0,0,N,MELB_URBAN,RAMP,5,3.0
133670,2,6,102,5,3,60.0,0,N,MELB_URBAN,BOULEVARD,6,22.0
133671,1,7,120,5,3,60.0,0,N,MELB_URBAN,ROAD,6,5.0
133672,3,5,167,5,6,80.0,0,N,RURAL_VICTORIA,ROAD,6,4.0
133673,2,7,100,5,1,40.0,0,N,LARGE_PROVINCIAL_CITIES,STREET,6,8.0
133674,1,6,110,1,1,60.0,0,N,MELB_URBAN,STREET,6,9.0
133675,2,7,100,2,1,60.0,0,I,MELB_URBAN,ROAD,6,10.0
133676,1,7,110,1,3,80.0,0,I,MELB_URBAN,ROAD,6,6.0
133677,1,7,121,2,1,80.0,0,I,MELB_URBAN,ROAD,6,7.0
133678,1,7,121,1,1,60.0,0,I,MELB_URBAN,ROAD,6,8.0
133679,1,6,110,4,1,60.0,0,I,MELB_URBAN,ROAD,6,11.0
133680,1,7,121,2,1,80.0,0,I,MELB_URBAN,HIGHWAY,6,10.0
133681,1,2,130,5,1,60.0,0,N,LARGE_PROVINCIAL_CITIES,STREET,11,10.0
133682,1,7,147,2,1,60.0,0,N,RURAL_VICTORIA,HIGHWAY,6,12.0
133683,1,7,111,2,1,70.0,0,I,MELB_URBAN,ROAD,6,12.0
133684,4,0,171,5,9,100.0,0,N,RURAL_VICTORIA,ROAD,6,7.0
133685,1,7,130,5,1,80.0,0,N,MELB_URBAN,HIGHWAY,6,15.0
133686,1,4,130,5,3,60.0,0,N,LARGE_PROVINCIAL_CITIES,ROAD,6,17.0
133687,1,7,120,5,1,60.0,0,N,MELB_URBAN,AVENUE,6,13.0
133688,1,5,99,1,3,70.0,0,I,MELB_URBAN,ROAD,6,21.0
133689,1,6,110,1,1,80.0,0,I,RURAL_VICTORIA,BOULEVARD,6,15.0
133690,1,7,135,5,1,100.0,0,N,MELB_URBAN,FREEWAY,6,16.0
133691,1,6,147,5,1,50.0,0,N,LARGE_PROVINCIAL_CITIES,ROAD,6,10.0
133692,1,7,130,5,2,80.0,0,N,MELB_URBAN,FREEWAY,6,17.0
133693,1,7,121,2,1,100.0,0,I,RURAL_VICTORIA,HIGHWAY,6,15.0
133694,4,7,171,5,3,80.0,0,N,MELB_URBAN,HIGHWAY,6,18.0
133695,1,7,113,2,3,80.0,0,I,MELB_URBAN,HIGHWAY,6,17.0
133696,1,7,147,5,3,80.0,0,N,MELB_URBAN,HIGHWAY,6,19.0
133697,1,5,113,2,1,50.0,0,I,MELB_URBAN,ROAD,6,15.0
133698,1,6,113,2,2,50.0,0,I,MELB_URBAN,STREET,6,16.0
133699,6,7,174,5,1,50.0,0,I,MELB_URBAN,STREET,6,16.0
133700,1,7,113,1,3,50.0,0,I,MELB_URBAN,STREET,6,18.0
133701,6,3,99,2,5,60.0,0,I,RURAL_VICTORIA,OTHER,6,18.0
133702,2,7,102,1,3,40.0,0,I,MELB_URBAN,STREET,6,22.0
133703,1,7,160,2,3,50.0,0,I,MELB_URBAN,OTHER,6,22.0
133704,4,7,181,5,3,80.0,0,N,MELB_URBAN,RAMP,6,22.0
133705,3,7,167,5,5,100.0,0,N,RURAL_VICTORIA,HIGHWAY,6,23.0
133706,4,1,183,5,5,100.0,0,N,RURAL_VICTORIA,ROAD,6,1.0
133707,1,1,121,4,3,60.0,0,I,MELB_URBAN,ROAD,6,3.0
133708,1,2,99,2,1,60.0,0,N,MELB_URBAN,STREET,6,15.0
133709,1,7,121,5,1,80.0,0,N,MELB_URBAN,HIGHWAY,6,13.0
133710,2,1,100,1,3,60.0,0,I,MELB_URBAN,ROAD,6,7.0
133711,1,6,130,5,1,60.0,0,N,SMALL_CITIES,STREET,6,15.0
133712,1,1,110,1,1,60.0,0,I,MELB_URBAN,ROAD,6,8.0
133713,2,1,102,2,1,60.0,1,I,MELB_URBAN,ROAD,6,11.0
133714,1,1,113,1,1,100.0,0,I,RURAL_VICTORIA,HIGHWAY,6,11.0
133715,1,1,130,2,1,70.0,0,I,MELB_URBAN,ROAD,6,10.0
133716,1,1,130,5,1,80.0,0,N,MELB_URBAN,RAMP,6,12.0
133717,1,2,130,5,3,60.0,0,N,MELB_URBAN,ROAD,6,18.0
133718,1,0,99,1,1,60.0,0,I,MELB_URBAN,ROAD,6,12.0
133719,8,0,174,5,1,50.0,0,N,TOWNS,STREET,6,13.0
133720,1,6,132,2,3,60.0,0,I,MELB_URBAN,ROAD,5,22.0
133721,1,6,99,4,5,60.0,0,N,MELB_URBAN,RAMP,6,6.0
133722,4,0,171,5,1,100.0,0,N,RURAL_VICTORIA,ROAD,6,11.0
133723,1,5,130,5,3,80.0,0,N,MELB_URBAN,FREEWAY,6,18.0
133724,1,1,130,5,1,60.0,0,N,MELB_URBAN,STREET,6,13.0
133725,4,1,99,5,1,50.0,0,N,SMALL_CITIES,AVENUE,6,13.0
133726,1,1,130,5,1,80.0,0,N,MELB_URBAN,HIGHWAY,6,14.0
133727,4,5,171,2,3,50.0,0,I,RURAL_VICTORIA,BOULEVARD,4,21.0
133728,1,1,121,1,1,60.0,0,I,MELB_URBAN,ROAD,6,16.0
133729,4,1,181,5,1,80.0,0,N,RURAL_VICTORIA,ROAD,6,15.0
133730,1,1,110,1,2,80.0,0,I,RURAL_VICTORIA,HIGHWAY,6,16.0
133731,1,1,113,1,1,60.0,0,I,MELB_URBAN,ROAD,6,15.0
133732,6,7,99,5,5,60.0,0,N,RURAL_VICTORIA,ROAD,6,2.0
133733,4,1,171,5,3,80.0,0,N,MELB_URBAN,ROAD,6,19.0
133734,1,1,120,2,3,60.0,0,I,LARGE_PROVINCIAL_CITIES,STREET,6,18.0
133735,1,0,130,5,3,60.0,0,N,MELB_URBAN,ROAD,6,17.0
133736,1,1,130,5,3,70.0,0,N,MELB_URBAN,UNKNOWN,6,18.0
133737,1,6,130,5,1,40.0,0,N,MELB_URBAN,STREET,6,12.0
133738,1,1,111,2,3,80.0,0,I,SMALL_CITIES,HIGHWAY,6,20.0
133739,1,1,121,1,3,50.0,0,I,RURAL_VICTORIA,ROAD,6,21.0
133740,1,0,130,5,3,60.0,0,N,MELB_URBAN,ROAD,6,19.0
133741,1,2,99,5,5,80.0,0,N,RURAL_VICTORIA,ROAD,6,5.0
133742,1,2,160,2,3,50.0,0,N,MELB_URBAN,ROAD,6,6.0
133743,2,2,100,2,2,60.0,0,I,MELB_URBAN,ROAD,6,7.0
133744,4,2,173,5,5,100.0,1,N,RURAL_VICTORIA,ROAD,6,5.0
133745,1,2,121,4,2,80.0,0,I,MELB_URBAN,ROAD,6,6.0
133746,1,5,130,5,1,100.0,0,N,MELB_URBAN,FREEWAY,4,15.0
133747,1,2,99,5,3,40.0,0,N,MELB_URBAN,STREET,6,21.0
133748,1,2,135,5,6,100.0,0,N,RURAL_VICTORIA,FREEWAY,6,18.0
133749,1,6,116,1,1,40.0,0,I,MELB_URBAN,STREET,6,10.0
133750,1,6,116,2,1,70.0,0,I,MELB_URBAN,ROAD,6,17.0
133751,1,2,130,5,3,100.0,0,N,MELB_URBAN,RAMP,6,5.0
133752,8,2,174,5,1,60.0,0,N,RURAL_VICTORIA,ROAD,6,11.0
133753,1,2,130,5,1,80.0,0,N,MELB_URBAN,FREEWAY,6,10.0
133754,1,6,130,2,1,60.0,0,I,MELB_URBAN,ROAD,4,8.0
133755,1,3,113,1,3,40.0,0,N,SMALL_CITIES,STREET,9,20.0
133756,1,2,110,1,1,50.0,0,I,MELB_URBAN,STREET,6,12.0
133757,1,1,113,2,3,50.0,0,I,MELB_URBAN,AVENUE,6,20.0
133758,9,2,99,2,9,60.0,0,I,MELB_URBAN,ROAD,6,7.0
133759,1,0,120,5,1,80.0,0,N,SMALL_TOWNS,ROAD,6,10.0
133760,1,2,99,5,1,60.0,0,N,MELB_URBAN,STREET,6,9.0
133761,1,1,130,5,1,60.0,0,N,MELB_URBAN,ROAD,6,13.0
133762,1,1,99,5,1,60.0,0,N,MELB_URBAN,ROAD,6,10.0
133763,1,1,160,5,1,40.0,0,N,MELBOURNE_CBD,STREET,6,10.0
133764,1,1,130,5,1,80.0,0,N,MELB_URBAN,ROAD,6,14.0
133765,1,2,160,5,1,50.0,0,N,LARGE_PROVINCIAL_CITIES,ROAD,6,11.0
133766,1,3,130,5,2,100.0,0,N,MELB_URBAN,FREEWAY,6,6.0
133767,1,5,110,1,1,60.0,0,I,MELB_URBAN,OTHER,6,17.0
133768,1,2,133,5,1,100.0,0,N,MELB_URBAN,FREEWAY,6,13.0
133769,1,3,130,2,1,80.0,0,N,LARGE_PROVINCIAL_CITIES,HIGHWAY,6,15.0
133770,1,1,130,1,1,50.0,0,N,MELB_URBAN,BOULEVARD,6,8.0
133771,4,2,173,5,1,60.0,0,N,RURAL_VICTORIA,ROAD,6,13.0
133772,1,2,130,5,1,60.0,0,N,MELB_URBAN,STREET,6,16.0
133773,1,5,99,5,1,60.0,0,N,MELB_URBAN,OTHER,6,12.0
133774,1,1,121,1,2,60.0,0,I,MELB_URBAN,HIGHWAY,6,17.0
133775,1,6,132,1,1,60.0,0,N,MELB_URBAN,ROAD,6,8.0
133776,1,2,113,2,3,60.0,0,I,MELB_URBAN,ROAD,6,18.0
133777,6,1,99,5,2,100.0,0,N,RURAL_VICTORIA,ROAD,6,16.0
133778,1,3,130,5,9,60.0,0,N,MELB_URBAN,ROAD,6,18.0
133779,1,2,160,5,6,50.0,0,N,MELB_URBAN,ROAD,5,21.0
133780,1,1,130,5,3,60.0,0,N,MELB_URBAN,BOULEVARD,6,17.0
133781,4,3,173,5,3,80.0,0,N,RURAL_VICTORIA,ROAD,6,0.0
133782,1,2,111,2,3,60.0,0,I,MELB_URBAN,HIGHWAY,6,4.0
133783,1,2,130,2,3,60.0,0,N,SMALL_CITIES,ROAD,6,18.0
133784,1,7,113,2,1,70.0,0,N,MELB_URBAN,ROAD,6,12.0
133785,1,3,140,5,1,60.0,0,N,MELB_URBAN,PARADE,6,7.0
133786,1,3,99,2,1,70.0,0,I,MELB_URBAN,ROAD,6,7.0
133787,1,3,121,2,1,80.0,0,I,RURAL_VICTORIA,HIGHWAY,6,7.0
133788,1,2,111,2,6,60.0,0,I,RURAL_VICTORIA,ROAD,6,19.0
133789,1,7,130,5,3,70.0,0,N,MELB_URBAN,ROAD,6,22.0
133790,1,3,135,5,3,100.0,0,N,MELB_URBAN,ROAD,6,6.0
133791,4,3,181,5,5,100.0,0,N,RURAL_VICTORIA,ROAD,6,5.0
133792,4,2,171,5,5,60.0,0,N,RURAL_VICTORIA,ROAD,6,6.0
133793,1,3,132,5,1,100.0,0,N,RURAL_VICTORIA,ROAD,6,7.0
133794,1,3,132,2,3,60.0,0,I,MELB_URBAN,ROAD,6,6.0
133795,1,3,121,2,9,60.0,0,I,MELB_URBAN,STREET,6,8.0
133796,1,2,130,5,2,60.0,0,N,LARGE_PROVINCIAL_CITIES,ROAD,6,6.0
133797,1,3,130,5,1,60.0,0,N,RURAL_VICTORIA,HIGHWAY,6,8.0
133798,1,3,130,4,1,60.0,0,I,RURAL_VICTORIA,HIGHWAY,6,15.0
133799,1,6,130,5,3,60.0,0,N,LARGE_PROVINCIAL_CITIES,ROAD,6,18.0
133800,1,3,116,2,1,50.0,0,N,MELB_URBAN,STREET,6,10.0
133801,1,1,130,5,1,60.0,0,N,SMALL_CITIES,ROAD,6,14.0
133802,1,3,130,5,1,80.0,0,N,MELB_URBAN,ROAD,6,9.0
133803,4,1,171,5,1,80.0,0,N,MELB_URBAN,FREEWAY,6,13.0
133804,8,2,170,5,1,100.0,0,N,RURAL_VICTORIA,ROAD,5,8.0
133805,1,2,130,5,9,60.0,0,N,MELB_URBAN,FREEWAY,5,19.0
133806,1,2,130,5,1,60.0,0,N,MELB_URBAN,ROAD,6,11.0
133807,1,6,99,5,1,60.0,0,N,LARGE_PROVINCIAL_CITIES,STREET,6,12.0
133808,1,7,99,5,1,40.0,0,N,MELB_URBAN,ROAD,6,14.0
133809,2,3,99,5,1,50.0,0,N,MELB_URBAN,STREET,6,10.0
133810,2,3,102,2,2,60.0,1,I,SMALL_CITIES,ROAD,6,7.0
133811,4,3,181,5,1,60.0,0,N,MELB_URBAN,ROAD,6,9.0
133812,4,2,181,5,1,100.0,0,N,RURAL_VICTORIA,ROAD,6,11.0
133813,4,2,181,5,1,100.0,0,N,RURAL_VICTORIA,ROAD,6,12.0
133814,1,3,121,1,1,60.0,0,I,MELB_URBAN,ROAD,6,14.0
133815,1,3,120,5,1,70.0,0,N,RURAL_VICTORIA,ROAD,6,14.0
133816,4,3,171,5,1,100.0,0,N,RURAL_VICTORIA,ROAD,6,15.0
133817,8,3,174,2,6,60.0,0,I,MELB_URBAN,ROAD,6,6.0
133818,4,3,173,1,3,80.0,0,N,MELB_URBAN,ROAD,6,18.0
133819,4,1,181,5,1,80.0,0,N,RURAL_VICTORIA,ROAD,6,13.0
133820,1,3,111,2,2,60.0,0,N,TOWNS,STREET,6,17.0
133821,4,3,173,5,1,100.0,0,N,RURAL_VICTORIA,ROAD,6,15.0
133822,1,4,110,1,1,50.0,0,I,MELB_URBAN,ROAD,6,8.0
133823,5,7,99,5,1,60.0,0,N,RURAL_VICTORIA,OTHER,6,11.0
133824,1,2,130,1,1,60.0,0,N,MELB_URBAN,RAMP,6,16.0
133825,4,6,173,5,3,60.0,0,N,MELB_URBAN,ROAD,6,0.0
133826,1,5,132,2,1,50.0,0,I,MELB_URBAN,STREET,6,8.0
133827,1,3,110,4,1,100.0,0,I,RURAL_VICTORIA,ROAD,6,15.0
133828,4,3,171,5,5,100.0,0,N,RURAL_VICTORIA,ROAD,6,18.0
133829,1,2,147,2,2,60.0,0,I,MELB_URBAN,UNKNOWN,6,17.0
133830,1,3,147,5,3,50.0,0,N,SMALL_CITIES,BOULEVARD,6,18.0
133831,1,4,163,5,9,40.0,0,N,MELB_URBAN,ROAD,6,18.0
133832,1,3,133,5,3,40.0,0,N,MELB_URBAN,STREET,6,20.0
133833,2,3,102,2,3,50.0,0,I,LARGE_PROVINCIAL_CITIES,DRIVE,6,17.0
133834,6,3,184,5,5,100.0,0,N,RURAL_VICTORIA,ROAD,6,18.0
133835,1,3,130,5,1,100.0,0,N,MELB_URBAN,ROAD,6,15.0
133836,1,2,130,5,1,60.0,0,N,MELB_URBAN,ROAD,6,12.0
133837,1,2,113,2,3,50.0,0,I,MELB_URBAN,ROAD,6,22.0
133838,4,4,173,5,3,50.0,0,N,MELB_URBAN,DRIVE,6,1.0
133839,4,4,171,5,3,50.0,0,N,TOWNS,STREET,6,1.0
133840,8,3,99,2,3,50.0,0,I,SMALL_CITIES,OTHER,6,22.0
133841,1,3,130,1,1,70.0,0,I,MELB_URBAN,ROAD,6,7.0
133842,1,3,110,1,9,50.0,0,I,MELB_URBAN,STREET,6,18.0
133843,1,4,121,4,3,60.0,0,I,MELB_URBAN,ROAD,6,6.0
133844,4,3,173,5,1,100.0,0,N,MELB_URBAN,FREEWAY,6,7.0
133845,8,3,170,5,3,50.0,0,N,SMALL_CITIES,DRIVE,6,21.0
133846,9,3,99,5,9,60.0,0,N,RURAL_VICTORIA,ROAD,6,8.0
133847,4,3,171,5,1,100.0,0,N,RURAL_VICTORIA,ROAD,6,8.0
133848,3,4,167,5,1,100.0,0,N,RURAL_VICTORIA,ROAD,6,7.0
133849,1,5,120,5,1,60.0,0,N,RURAL_VICTORIA,ROAD,4,16.0
133850,2,3,100,5,1,50.0,0,N,MELB_URBAN,AVENUE,6,8.0
133851,1,6,160,5,2,40.0,0,N,MELB_URBAN,OTHER,6,16.0
133852,1,4,121,2,1,60.0,0,I,MELB_URBAN,ROAD,6,8.0
133853,1,3,113,2,1,60.0,0,I,RURAL_VICTORIA,HIGHWAY,6,11.0
133854,1,4,110,1,1,100.0,0,I,RURAL_VICTORIA,ROAD,6,11.0
133855,5,3,99,5,1,80.0,0,N,MELB_URBAN,ROAD,6,10.0
133856,2,3,99,2,1,50.0,0,I,MELB_URBAN,STREET,6,10.0
133857,1,2,111,2,1,60.0,0,I,MELB_URBAN,DRIVE,6,10.0
133858,1,4,110,1,1,50.0,0,I,SMALL_CITIES,STREET,6,13.0
133859,1,4,116,2,1,60.0,0,I,MELB_URBAN,STREET,6,13.0
133860,6,2,174,2,1,50.0,0,I,MELB_URBAN,STREET,6,12.0
133861,1,4,130,5,2,80.0,0,N,MELB_URBAN,HIGHWAY,6,8.0
133862,2,2,102,5,3,50.0,0,N,RURAL_VICTORIA,BOULEVARD,5,18.0
133863,1,4,110,1,1,50.0,0,I,LARGE_PROVINCIAL_CITIES,STREET,6,13.0
133864,1,3,130,5,1,100.0,0,N,MELB_URBAN,FREEWAY,6,8.0
133865,1,4,99,5,1,60.0,0,N,MELB_URBAN,OTHER,6,10.0
133866,1,4,99,5,1,80.0,0,N,MELB_URBAN,ROAD,6,15.0
133867,8,0,174,5,1,60.0,0,O,MELB_URBAN,UNKNOWN,6,10.0
133868,1,4,113,2,1,70.0,0,I,MELB_URBAN,ROAD,6,12.0
133869,1,4,99,5,1,100.0,0,N,RURAL_VICTORIA,ROAD,6,14.0
133870,1,7,121,2,1,60.0,0,I,MELB_URBAN,ROAD,6,9.0
133871,1,4,160,5,1,60.0,1,N,MELB_URBAN,ROAD,6,15.0
133872,1,4,135,5,2,100.0,0,N,MELB_URBAN,FREEWAY,6,16.0
133873,1,4,99,2,1,50.0,0,I,MELB_URBAN,STREET,6,16.0
133874,1,3,121,2,9,50.0,0,I,MELB_URBAN,STREET,6,16.0
133875,1,4,99,5,3,60.0,0,I,MELB_URBAN,STREET,6,17.0
133876,8,4,170,2,1,50.0,0,I,MELB_URBAN,STREET,6,16.0
133877,1,4,110,1,1,50.0,1,I,MELB_URBAN,ROAD,6,14.0
133878,1,4,130,2,1,100.0,0,I,RURAL_VICTORIA,STREET,6,15.0
133879,2,4,99,5,1,50.0,0,N,LARGE_PROVINCIAL_CITIES,STREET,6,15.0
133880,1,4,121,1,3,60.0,0,I,LARGE_PROVINCIAL_CITIES,STREET,6,19.0
133881,1,3,140,5,3,60.0,0,N,MELB_URBAN,ROAD,6,18.0
133882,1,3,160,5,1,60.0,0,N,SMALL_CITIES,STREET,6,16.0
133883,2,4,100,5,3,60.0,0,N,SMALL_CITIES,ROAD,6,18.0
133884,1,4,133,5,3,60.0,0,N,MELB_URBAN,PARADE,6,6.0
133885,1,6,113,2,1,60.0,0,N,MELB_URBAN,STREET,5,10.0
133886,1,6,132,1,9,60.0,0,I,MELB_URBAN,ROAD,6,17.0
133887,4,5,173,5,3,80.0,0,N,MELB_URBAN,ROAD,7,3.0
133888,1,3,133,2,3,40.0,0,N,MELB_URBAN,ROAD,6,22.0
133889,4,5,181,5,3,100.0,0,N,MELB_URBAN,RAMP,6,17.0
133890,4,4,99,2,3,100.0,0,I,RURAL_VICTORIA,ROAD,7,4.0
133891,4,5,183,5,3,70.0,0,N,MELB_URBAN,ROAD,7,3.0
133892,2,5,100,1,9,40.0,0,N,MELBOURNE_CBD,STREET,7,9.0
133893,1,5,140,2,3,80.0,1,N,MELB_URBAN,ROAD,7,1.0
133894,1,4,99,1,1,80.0,0,I,RURAL_VICTORIA,HIGHWAY,6,9.0
133895,1,3,130,2,1,80.0,0,I,RURAL_VICTORIA,ROAD,3,12.0
133896,1,5,140,5,1,60.0,0,N,MELB_URBAN,ROAD,7,7.0
133897,1,3,121,5,1,60.0,0,N,MELB_URBAN,ROAD,6,10.0
133898,1,2,130,1,1,80.0,0,N,MELB_URBAN,HIGHWAY,6,14.0
133899,1,4,130,9,2,100.0,0,N,MELB_URBAN,FREEWAY,6,5.0
133900,1,3,130,5,1,70.0,0,N,LARGE_PROVINCIAL_CITIES,ROAD,6,14.0
133901,1,4,130,1,1,60.0,0,I,TOWNS,STREET,7,7.0
133902,6,3,174,5,1,50.0,0,N,TOWNS,STREET,6,10.0
133903,1,5,130,5,1,60.0,0,N,MELB_URBAN,ROAD,7,8.0
133904,1,4,160,2,1,60.0,0,N,MELB_URBAN,ROAD,6,12.0
133905,1,5,130,2,1,60.0,0,I,MELB_URBAN,ROAD,7,9.0
133906,4,5,171,5,1,100.0,0,N,RURAL_VICTORIA,ROAD,7,11.0
133907,1,5,121,5,1,50.0,0,N,TOWNS,STREET,7,10.0
133908,2,2,100,2,1,50.0,0,I,MELB_URBAN,ROAD,6,11.0
133909,1,5,140,5,1,60.0,0,N,MELB_URBAN,ROAD,7,11.0
133910,1,4,110,1,1,60.0,0,I,MELB_URBAN,ROAD,6,17.0
133911,1,4,130,5,1,60.0,0,N,MELB_URBAN,ROAD,7,8.0
133912,1,4,110,1,1,60.0,0,I,LARGE_PROVINCIAL_CITIES,STREET,7,12.0
133913,1,5,111,4,1,100.0,0,N,RURAL_VICTORIA,HIGHWAY,7,11.0
133914,4,5,181,2,1,100.0,0,I,RURAL_VICTORIA,ROAD,7,8.0
133915,1,4,130,5,1,70.0,0,N,MELB_URBAN,ROAD,7,13.0
133916,4,5,171,5,1,100.0,0,N,RURAL_VICTORIA,ROAD,7,13.0
133917,1,2,133,5,3,60.0,0,N,MELB_URBAN,ROAD,6,18.0
133918,1,2,135,5,2,80.0,0,N,MELB_URBAN,HIGHWAY,6,7.0