,accident_type,day_of_week,dca_code,road_geometry,light_condition,speed_zone,severity,node_type,deg_urban_name,road_type,month,hour
133919,1,5,121,1,1,70.0,0,I,LARGE_PROVINCIAL_CITIES,ROAD,7,14.0
133920,1,3,130,1,2,80.0,0,N,MELB_URBAN,ROAD,6,7.0
133921,1,3,120,2,6,50.0,0,N,SMALL_CITIES,DRIVE,6,17.0
133922,1,4,130,5,9,100.0,0,N,MELB_URBAN,FREEWAY,2,16.0
133923,1,4,121,2,1,60.0,0,I,MELB_URBAN,ROAD,7,15.0
133924,1,4,130,5,1,60.0,0,N,MELB_URBAN,ROAD,6,16.0
133925,1,7,160,5,3,60.0,0,N,SMALL_CITIES,STREET,6,19.0
133926,6,5,174,2,1,50.0,0,N,MELB_URBAN,STREET,7,14.0
133927,1,4,160,5,1,50.0,0,N,MELB_URBAN,DRIVE,7,15.0
133928,4,5,171,5,5,80.0,0,N,RURAL_VICTORIA,ROAD,7,18.0
133929,1,4,130,2,1,90.0,0,N,MELB_URBAN,ROAD,7,16.0
133930,1,5,132,2,3,60.0,0,N,MELB_URBAN,ROAD,7,19.0
133931,2,5,99,5,1,60.0,0,N,MELB_URBAN,ROAD,7,16.0
133932,1,5,121,2,2,70.0,1,I,MELB_URBAN,ROAD,7,17.0
133933,4,5,183,9,5,110.0,0,N,RURAL_VICTORIA,FREEWAY,7,18.0
133934,6,5,99,5,1,100.0,1,N,RURAL_VICTORIA,HIGHWAY,7,9.0
133935,1,5,121,2,2,80.0,0,I,MELB_URBAN,ROAD,7,17.0
133936,5,6,99,5,1,50.0,0,N,MELB_URBAN,STREET,6,14.0
133937,1,5,121,1,3,80.0,0,N,MELB_URBAN,ROAD,7,22.0
133938,3,6,167,5,5,50.0,0,N,LARGE_PROVINCIAL_CITIES,STREET,7,2.0
133939,2,3,102,1,1,60.0,0,I,MELB_URBAN,STREET,6,8.0
133940,1,3,99,2,3,60.0,0,N,MELB_URBAN,STREET,6,6.0
133941,1,4,134,5,3,60.0,0,N,MELB_URBAN,ROAD,7,5.0
133942,1,3,130,5,1,60.0,0,N,MELB_URBAN,STREET,6,12.0
133943,4,2,173,5,3,40.0,0,N,MELB_URBAN,ROAD,6,20.0
133944,4,6,173,5,5,100.0,0,N,RURAL_VICTORIA,ROAD,7,5.0
133945,6,6,174,1,1,60.0,0,I,LARGE_PROVINCIAL_CITIES,STREET,7,8.0
133946,1,6,113,2,1,60.0,0,I,MELB_URBAN,ROAD,7,9.0
133947,1,3,99,2,1,60.0,0,I,RURAL_VICTORIA,ROAD,12,15.0
133948,1,4,130,2,2,60.0,0,I,SMALL_CITIES,STREET,6,17.0
133949,1,2,110,1,1,50.0,0,I,MELB_URBAN,STREET,5,8.0
133950,5,1,99,2,1,60.0,0,N,RURAL_VICTORIA,OTHER,9,12.0
133951,1,6,110,1,1,50.0,0,I,MELB_URBAN,STREET,6,8.0
133952,1,6,121,2,1,80.0,0,I,MELB_URBAN,HIGHWAY,7,11.0
133953,9,6,173,5,1,80.0,0,N,RURAL_VICTORIA,HIGHWAY,7,10.0
133954,2,6,99,5,1,50.0,0,N,TOWNS,STREET,7,12.0
133955,1,6,99,2,1,60.0,0,I,TOWNS,STREET,7,11.0
133956,1,5,130,5,1,60.0,0,N,SMALL_CITIES,OTHER,7,12.0
133957,1,2,130,1,1,80.0,0,I,MELB_URBAN,ROAD,6,16.0
133958,4,6,171,5,1,60.0,0,N,RURAL_VICTORIA,ROAD,7,10.0
133959,8,4,99,5,2,60.0,0,N,SMALL_CITIES,ROAD,3,6.0
133960,1,1,130,5,1,80.0,0,N,MELB_URBAN,HIGHWAY,6,14.0
133961,1,4,130,5,1,80.0,0,N,MELB_URBAN,HIGHWAY,4,7.0
133962,8,7,174,5,3,60.0,0,N,MELB_URBAN,ROAD,6,5.0
133963,1,6,116,2,1,80.0,0,I,RURAL_VICTORIA,ROAD,7,13.0
133964,1,5,130,5,1,60.0,0,N,LARGE_PROVINCIAL_CITIES,STREET,6,14.0
133965,1,5,130,5,2,50.0,0,N,SMALL_CITIES,ROAD,7,16.0
133966,1,6,132,5,5,80.0,0,N,RURAL_VICTORIA,HIGHWAY,7,17.0
133967,2,6,102,1,3,40.0,0,I,LARGE_PROVINCIAL_CITIES,UNKNOWN,7,18.0
133968,1,6,121,2,3,80.0,0,I,MELB_URBAN,HIGHWAY,7,17.0
133969,1,5,111,2,1,60.0,0,I,MELB_URBAN,AVENUE,7,15.0
133970,1,6,113,2,3,60.0,0,I,MELB_URBAN,STREET,7,19.0
133971,2,5,100,1,3,60.0,0,I,MELBOURNE_CBD,STREET,7,20.0
133972,2,6,100,5,5,50.0,0,N,MELB_URBAN,ROAD,7,20.0
133973,2,5,102,2,1,60.0,0,I,MELB_URBAN,ROAD,7,11.0
133974,1,4,113,1,1,60.0,0,I,MELB_URBAN,ROAD,7,8.0
133975,1,6,99,2,1,60.0,0,I,MELB_URBAN,STREET,7,15.0
133976,1,6,110,1,3,60.0,0,I,MELB_URBAN,ROAD,7,21.0
133977,1,5,140,5,3,50.0,0,N,MELB_URBAN,ROAD,6,17.0
133978,1,7,110,1,3,80.0,0,I,MELB_URBAN,ROAD,7,1.0
133979,1,5,121,1,3,60.0,0,N,MELB_URBAN,ROAD,7,22.0
133980,4,6,173,5,3,100.0,0,N,RURAL_VICTORIA,FREEWAY,7,22.0
133981,4,7,171,5,5,60.0,0,N,RURAL_VICTORIA,ROAD,7,0.0
133982,6,5,184,5,5,80.0,0,N,MELB_URBAN,ROAD,7,22.0
133983,4,6,173,5,3,80.0,0,N,MELB_URBAN,DRIVE,7,5.0
133984,1,5,121,4,1,60.0,0,I,MELB_URBAN,HIGHWAY,7,11.0
133985,4,1,183,1,5,80.0,0,I,RURAL_VICTORIA,ROAD,5,18.0
133986,8,6,174,5,1,60.0,0,I,MELB_URBAN,OTHER,7,7.0
133987,4,5,173,5,5,100.0,0,N,RURAL_VICTORIA,ROAD,6,18.0
133988,1,5,130,5,3,60.0,0,N,MELB_URBAN,ROAD,7,6.0
133989,1,4,130,5,1,60.0,0,N,MELB_URBAN,ROAD,7,7.0
133990,1,7,130,5,1,80.0,0,N,MELB_URBAN,ROAD,7,12.0
133991,1,2,130,5,2,80.0,0,N,MELB_URBAN,HIGHWAY,6,17.0
133992,2,6,99,2,1,50.0,0,N,MELB_URBAN,ROAD,7,12.0
133993,4,7,183,5,2,80.0,0,N,MELB_URBAN,HIGHWAY,7,6.0
133994,4,7,171,2,5,80.0,0,N,RURAL_VICTORIA,ROAD,4,3.0
133995,1,7,132,5,1,70.0,0,N,MELB_URBAN,ROAD,7,10.0
133996,1,7,99,2,1,100.0,0,I,RURAL_VICTORIA,ROAD,7,12.0
133997,1,3,163,5,9,50.0,0,N,MELB_URBAN,AVENUE,6,14.0
133998,1,6,130,5,1,80.0,0,N,MELB_URBAN,UNKNOWN,7,14.0
133999,1,5,121,1,3,60.0,0,I,MELB_URBAN,ROAD,7,21.0
134000,1,6,135,1,2,60.0,0,N,MELB_URBAN,ROAD,7,17.0
134001,1,7,121,2,3,60.0,0,I,MELB_URBAN,ROAD,7,17.0
134002,1,6,160,5,3,60.0,0,N,LARGE_PROVINCIAL_CITIES,ROAD,7,17.0
134003,2,6,100,5,2,60.0,0,N,MELB_URBAN,STREET,7,17.0
134004,1,7,120,5,3,40.0,0,N,MELB_URBAN,ROAD,7,18.0
134005,4,7,173,5,3,80.0,0,N,MELB_URBAN,ROAD,7,17.0
134006,1,7,120,5,1,80.0,0,N,MELB_URBAN,ROAD,7,16.0
134007,1,1,130,2,1,60.0,0,N,RURAL_VICTORIA,ROAD,6,13.0
134008,4,7,171,5,3,100.0,0,N,MELB_URBAN,FREEWAY,7,18.0
134009,6,7,99,5,1,110.0,1,N,RURAL_VICTORIA,HIGHWAY,7,13.0
134010,2,7,100,1,3,60.0,0,I,MELB_URBAN,ROAD,7,20.0
134011,1,6,130,5,1,100.0,0,N,RURAL_VICTORIA,FREEWAY,7,13.0
134012,1,7,113,1,4,80.0,0,I,RURAL_VICTORIA,ROAD,7,19.0
134013,1,7,147,5,3,60.0,0,N,MELB_URBAN,ROAD,7,18.0
134014,2,7,99,5,1,50.0,0,N,MELB_URBAN,STREET,7,16.0
134015,4,7,99,2,3,80.0,0,I,MELB_URBAN,STREET,7,22.0
134016,1,1,130,5,3,60.0,0,N,MELB_URBAN,ROAD,7,0.0
134017,1,6,130,5,1,70.0,0,N,MELB_URBAN,ROAD,7,12.0
134018,4,1,183,1,3,60.0,1,I,RURAL_VICTORIA,ROAD,7,1.0
134019,1,1,99,2,3,40.0,0,N,MELB_URBAN,ROAD,7,7.0
134020,1,1,99,5,3,60.0,0,N,MELB_URBAN,ROAD,7,6.0
134021,1,0,121,1,1,60.0,0,N,MELB_URBAN,ROAD,6,14.0
134022,1,3,132,5,1,60.0,0,N,MELB_URBAN,HIGHWAY,5,13.0
134023,4,1,183,5,1,60.0,0,N,RURAL_VICTORIA,ROAD,7,11.0
134024,1,4,130,2,1,60.0,0,I,MELB_URBAN,DRIVE,6,16.0
134025,1,0,113,1,1,50.0,0,I,RURAL_VICTORIA,BOULEVARD,7,13.0
134026,1,1,110,1,1,60.0,0,I,MELB_URBAN,ROAD,7,12.0
134027,1,7,171,5,3,50.0,0,N,TOWNS,OTHER,7,18.0
134028,1,1,147,5,1,40.0,0,N,MELB_URBAN,STREET,7,12.0
134029,1,1,132,1,1,60.0,0,I,MELB_URBAN,ROAD,7,9.0
134030,1,1,113,2,1,50.0,0,I,RURAL_VICTORIA,DRIVE,7,14.0
134031,4,1,173,2,1,50.0,0,N,MELB_URBAN,DRIVE,7,13.0
134032,1,2,132,1,9,60.0,0,I,MELB_URBAN,STREET,6,16.0
134033,4,0,173,5,1,100.0,0,N,RURAL_VICTORIA,ROAD,7,11.0
134034,1,1,116,2,1,50.0,0,I,MELB_URBAN,OTHER,7,11.0
134035,4,0,183,5,1,100.0,0,N,RURAL_VICTORIA,ROAD,7,15.0
134036,2,1,100,2,3,80.0,0,I,MELB_URBAN,HIGHWAY,7,17.0
134037,1,0,130,5,3,60.0,0,N,RURAL_VICTORIA,DRIVE,7,17.0
134038,4,1,173,5,5,100.0,0,N,RURAL_VICTORIA,ROAD,7,18.0
134039,1,1,113,1,3,80.0,0,I,MELB_URBAN,ROAD,7,20.0
134040,3,1,167,5,5,100.0,0,N,RURAL_VICTORIA,ROAD,7,19.0
134041,2,1,100,1,1,50.0,0,I,MELB_URBAN,STREET,7,16.0
134042,1,1,130,5,1,40.0,0,N,MELB_URBAN,ROAD,7,14.0
134043,1,1,120,5,5,80.0,0,N,RURAL_VICTORIA,HIGHWAY,7,20.0
134044,1,5,130,5,3,60.0,0,N,MELB_URBAN,ROAD,7,20.0
134045,1,1,130,5,3,80.0,0,N,MELB_URBAN,HIGHWAY,7,22.0
134046,1,4,110,1,1,60.0,0,I,MELB_URBAN,STREET,6,13.0
134047,4,7,171,5,3,50.0,0,N,TOWNS,STREET,7,23.0
134048,1,5,130,5,1,70.0,0,N,MELB_URBAN,HIGHWAY,7,14.0
134049,1,3,116,2,1,80.0,0,I,MELB_URBAN,OTHER,5,11.0
134050,5,2,99,5,5,100.0,0,N,RURAL_VICTORIA,ROAD,7,6.0
134051,1,2,133,5,2,100.0,0,N,MELB_URBAN,FREEWAY,7,7.0
134052,1,2,140,5,1,60.0,0,N,MELB_URBAN,STREET,7,8.0
134053,1,1,130,5,1,100.0,0,N,MELB_URBAN,FREEWAY,7,7.0
134054,4,4,171,2,5,80.0,0,I,RURAL_VICTORIA,ROAD,5,23.0
134055,4,1,181,5,5,100.0,0,N,RURAL_VICTORIA,ROAD,7,4.0
134056,1,2,99,5,1,40.0,0,N,MELB_URBAN,BOULEVARD,7,10.0
134057,1,2,111,1,1,60.0,0,I,LARGE_PROVINCIAL_CITIES,ROAD,7,10.0
134058,1,2,110,1,1,50.0,0,I,TOWNS,STREET,7,12.0
134059,1,2,140,5,1,70.0,0,N,MELB_URBAN,HIGHWAY,7,12.0
134060,1,6,133,5,3,80.0,0,N,MELB_URBAN,FREEWAY,6,21.0
134061,1,1,140,5,1,60.0,0,N,MELB_URBAN,ROAD,7,8.0
134062,1,4,140,5,3,60.0,0,N,SMALL_CITIES,AVENUE,6,18.0
134063,8,3,174,1,6,50.0,0,I,TOWNS,STREET,2,6.0
134064,1,2,132,5,1,80.0,0,N,RURAL_VICTORIA,ROAD,7,15.0
134065,1,4,147,5,1,60.0,0,I,MELB_URBAN,STREET,7,10.0
134066,6,2,170,5,1,60.0,0,N,MELB_URBAN,ROAD,7,12.0
134067,2,1,100,1,1,60.0,0,I,SMALL_CITIES,ROAD,7,14.0
134068,1,3,99,5,1,40.0,0,N,TOWNS,STREET,6,10.0
134069,4,5,171,5,3,50.0,0,N,MELB_URBAN,ROAD,5,21.0
134070,1,1,110,1,1,60.0,0,I,MELB_URBAN,ROAD,7,15.0
134071,1,1,130,5,9,80.0,0,N,MELB_URBAN,FREEWAY,6,8.0
134072,1,2,110,1,1,60.0,0,I,MELB_URBAN,STREET,7,11.0
134073,1,1,110,1,1,60.0,0,I,MELB_URBAN,ROAD,7,15.0
134074,1,4,111,2,1,50.0,0,I,MELB_URBAN,ROAD,3,17.0
134075,1,1,110,1,1,80.0,0,I,RURAL_VICTORIA,ROAD,7,15.0
134076,4,6,99,5,1,60.0,0,N,RURAL_VICTORIA,ROAD,6,7.0
134077,1,1,130,5,1,100.0,0,N,MELB_URBAN,FREEWAY,7,11.0
134078,3,0,167,5,1,50.0,0,N,TOWNS,STREET,6,11.0
134079,2,2,100,2,3,40.0,0,N,MELB_URBAN,ROAD,7,18.0
134080,1,1,99,2,5,60.0,0,I,MELB_URBAN,STREET,7,19.0
134081,1,2,130,5,2,50.0,0,N,MELB_URBAN,STREET,7,17.0
134082,6,2,99,5,5,100.0,0,N,RURAL_VICTORIA,ROAD,7,18.0
134083,1,2,121,1,3,60.0,0,I,MELB_URBAN,ROAD,7,18.0
134084,1,1,121,1,3,60.0,0,I,MELB_URBAN,ROAD,7,19.0
134085,1,1,121,2,3,60.0,0,I,RURAL_VICTORIA,OTHER,7,18.0
134086,1,3,130,5,1,60.0,0,N,MELB_URBAN,ROAD,6,15.0
134087,1,2,113,2,1,50.0,0,I,MELB_URBAN,STREET,7,17.0
134088,1,6,120,5,9,60.0,0,N,MELB_URBAN,AVENUE,6,10.0
134089,1,2,121,2,3,60.0,0,I,MELB_URBAN,ROAD,7,21.0
134090,1,1,130,5,1,80.0,0,N,MELB_URBAN,ROAD,7,18.0
134091,4,1,173,5,3,60.0,0,N,MELB_URBAN,ROAD,7,21.0
134092,1,1,130,5,1,60.0,0,N,MELB_URBAN,ROAD,6,15.0
134093,4,1,173,5,6,50.0,0,N,TOWNS,ROAD,7,4.0
134094,1,2,110,1,5,40.0,0,I,MELB_URBAN,STREET,7,23.0
134095,1,1,130,5,1,40.0,0,N,SMALL_TOWNS,FREEWAY,6,16.0
134096,1,2,130,5,1,60.0,0,N,MELB_URBAN,ROAD,5,7.0
134097,4,3,99,5,3,50.0,0,N,MELB_URBAN,AVENUE,7,0.0
134098,1,3,121,5,6,60.0,0,N,MELB_URBAN,ROAD,7,6.0
134099,3,3,167,5,5,60.0,0,N,MELB_URBAN,ROAD,7,5.0
134100,8,3,99,5,3,80.0,0,N,MELB_URBAN,FREEWAY,7,6.0
134101,4,3,171,5,1,50.0,0,N,TOWNS,ROAD,7,8.0
134102,4,3,171,5,1,80.0,0,N,RURAL_VICTORIA,ROAD,7,9.0
134103,1,1,121,1,2,60.0,0,N,RURAL_VICTORIA,BOULEVARD,2,18.0
134104,1,5,113,2,6,60.0,0,I,SMALL_CITIES,STREET,7,19.0
134105,1,3,99,5,1,100.0,0,N,MELB_URBAN,FREEWAY,7,7.0
134106,4,3,181,5,1,100.0,0,N,RURAL_VICTORIA,OTHER,7,7.0
134107,1,3,113,2,1,80.0,0,I,MELB_URBAN,ROAD,7,11.0
134108,2,4,100,5,1,40.0,0,N,MELB_URBAN,STREET,6,16.0
134109,1,1,99,5,1,80.0,0,N,RURAL_VICTORIA,STREET,1,14.0
134110,1,3,121,1,1,60.0,0,I,LARGE_PROVINCIAL_CITIES,STREET,7,10.0
134111,1,2,116,1,1,60.0,0,I,MELB_URBAN,ROAD,7,10.0
134112,1,1,130,5,1,60.0,0,N,TOWNS,ROAD,6,11.0
134113,2,3,102,1,1,70.0,0,N,MELB_URBAN,STREET,7,8.0
134114,1,3,132,5,2,60.0,0,N,MELB_URBAN,HIGHWAY,6,17.0
134115,1,3,110,4,1,60.0,0,I,MELB_URBAN,ROAD,7,13.0
134116,1,3,99,5,1,60.0,0,N,MELB_URBAN,AVENUE,7,14.0
134117,1,2,110,1,1,40.0,0,I,MELB_URBAN,STREET,7,13.0
134118,8,1,99,5,5,80.0,0,N,RURAL_VICTORIA,ROAD,7,22.0
134119,1,5,130,5,1,60.0,0,N,MELB_URBAN,ROAD,7,10.0
134120,1,6,133,5,3,60.0,0,N,MELB_URBAN,ROAD,7,18.0
134121,1,3,120,5,1,100.0,0,N,RURAL_VICTORIA,ROAD,7,13.0
134122,1,2,99,1,1,60.0,0,N,MELB_URBAN,RAMP,7,15.0
134123,1,1,130,1,1,60.0,0,I,SMALL_CITIES,ROAD,7,17.0
134124,1,2,121,1,1,60.0,0,N,MELB_URBAN,ROAD,7,10.0
134125,4,3,99,2,1,50.0,0,I,MELB_URBAN,DRIVE,7,12.0
134126,1,3,99,2,1,50.0,0,I,SMALL_CITIES,AVENUE,7,15.0
134127,1,5,130,5,1,80.0,0,N,MELB_URBAN,ROAD,3,15.0
134128,1,3,147,5,1,40.0,0,N,LARGE_PROVINCIAL_CITIES,STREET,7,15.0
134129,1,1,163,5,1,40.0,0,N,MELB_URBAN,ROAD,5,16.0
134130,1,2,134,5,3,60.0,0,N,MELB_URBAN,ROAD,7,21.0
134131,1,2,99,5,1,70.0,0,N,RURAL_VICTORIA,ROAD,7,16.0
134132,1,2,130,5,1,100.0,0,N,MELB_URBAN,FREEWAY,7,9.0
134133,1,3,110,1,1,60.0,0,I,MELB_URBAN,BOULEVARD,5,6.0
134134,1,3,121,2,1,80.0,0,I,MELB_URBAN,ROAD,7,14.0
134135,2,2,102,1,1,60.0,0,I,MELB_URBAN,STREET,7,16.0
134136,2,1,99,5,1,60.0,0,N,MELB_URBAN,ROAD,7,13.0
134137,1,3,110,1,1,50.0,0,I,SMALL_CITIES,STREET,7,16.0
134138,1,3,130,5,3,80.0,0,N,MELB_URBAN,FREEWAY,7,18.0
134139,4,2,171,5,3,50.0,0,N,MELB_URBAN,DRIVE,7,19.0
134140,1,6,99,5,9,60.0,0,N,MELB_URBAN,STREET,6,16.0
134141,6,5,99,5,1,60.0,0,N,RURAL_VICTORIA,ROAD,6,16.0
134142,1,2,130,5,9,60.0,0,N,MELB_URBAN,ROAD,6,16.0
134143,1,2,120,5,1,60.0,0,N,LARGE_PROVINCIAL_CITIES,ROAD,7,15.0
134144,4,3,181,5,5,100.0,0,N,RURAL_VICTORIA,ROAD,7,3.0
134145,1,5,113,1,1,50.0,0,I,MELB_URBAN,STREET,6,12.0
134146,2,2,102,1,1,50.0,0,N,MELB_URBAN,UNKNOWN,7,13.0
134147,1,3,110,1,1,50.0,0,I,MELB_URBAN,STREET,5,7.0
134148,1,3,160,5,3,50.0,0,N,SMALL_CITIES,ROAD,7,20.0
134149,6,3,99,5,1,80.0,0,N,RURAL_VICTORIA,ROAD,7,7.0
134150,1,4,130,2,1,60.0,0,I,MELB_URBAN,ROAD,7,8.0
134151,1,3,110,1,1,60.0,0,I,MELB_URBAN,ROAD,7,9.0
134152,1,4,130,5,1,50.0,0,N,MELB_URBAN,DRIVE,3,8.0
134153,1,7,130,1,1,60.0,0,I,TOWNS,ROAD,4,13.0
134154,1,4,113,1,1,60.0,0,I,LARGE_PROVINCIAL_CITIES,ROAD,7,11.0
134155,1,6,121,2,1,50.0,0,I,MELB_URBAN,STREET,5,13.0
134156,1,3,130,5,9,60.0,0,N,SMALL_CITIES,ROAD,6,7.0
134157,1,6,116,2,1,50.0,0,I,MELB_URBAN,ROAD,6,15.0
134158,4,4,171,5,1,50.0,0,N,MELB_URBAN,STREET,7,10.0
134159,1,4,113,2,1,60.0,0,I,MELB_URBAN,STREET,7,11.0
134160,1,2,163,5,1,40.0,0,N,MELB_URBAN,STREET,7,9.0
134161,4,4,173,1,1,40.0,0,I,MELB_URBAN,STREET,7,11.0
134162,1,0,110,1,3,60.0,0,I,MELB_URBAN,STREET,6,21.0
134163,1,3,130,2,1,60.0,0,I,MELB_URBAN,ROAD,7,13.0
134164,1,4,110,1,1,70.0,0,I,MELB_URBAN,ROAD,7,12.0
134165,4,4,183,5,1,100.0,0,N,RURAL_VICTORIA,HIGHWAY,7,11.0
134166,1,4,110,1,1,50.0,0,I,TOWNS,STREET,7,13.0
134167,4,6,183,5,9,60.0,0,N,RURAL_VICTORIA,ROAD,4,6.0
134168,4,4,181,5,1,60.0,0,N,MELB_URBAN,ROAD,7,12.0
134169,1,4,110,1,1,50.0,0,I,TOWNS,STREET,7,12.0
134170,8,1,174,2,1,60.0,0,I,MELB_URBAN,ROAD,7,14.0
134171,1,5,130,2,3,60.0,0,I,MELB_URBAN,ROAD,7,18.0
134172,3,4,167,5,2,100.0,0,N,RURAL_VICTORIA,ROAD,7,7.0
134173,1,4,99,1,1,50.0,0,N,LARGE_PROVINCIAL_CITIES,STREET,7,14.0
134174,2,4,100,5,1,50.0,0,N,SMALL_CITIES,STREET,7,9.0
134175,4,4,171,2,1,60.0,0,I,MELB_URBAN,PARADE,7,14.0
134176,4,4,173,5,1,110.0,0,N,RURAL_VICTORIA,FREEWAY,7,14.0
134177,1,3,130,5,1,60.0,0,N,LARGE_PROVINCIAL_CITIES,STREET,6,13.0
134178,1,4,116,1,2,80.0,0,I,LARGE_PROVINCIAL_CITIES,HIGHWAY,7,16.0
134179,1,4,147,2,1,60.0,0,I,MELB_URBAN,STREET,7,15.0
134180,1,4,110,1,1,80.0,0,I,MELB_URBAN,ROAD,7,15.0
134181,4,3,99,5,1,100.0,0,N,RURAL_VICTORIA,ROAD,7,16.0
134182,1,6,99,5,1,60.0,0,N,MELB_URBAN,STREET,7,12.0
134183,1,7,160,5,1,60.0,0,N,MELB_URBAN,STREET,7,14.0
134184,4,4,171,5,3,60.0,0,N,MELB_URBAN,ROAD,7,18.0
134185,1,4,110,1,3,60.0,0,I,LARGE_PROVINCIAL_CITIES,STREET,7,18.0
134186,1,3,110,1,3,80.0,0,I,MELB_URBAN,ROAD,7,18.0
134187,1,3,121,1,3,40.0,0,I,MELBOURNE_CBD,STREET,7,19.0
134188,1,4,110,1,5,100.0,0,I,RURAL_VICTORIA,ROAD,7,17.0
134189,1,4,110,1,3,60.0,0,I,MELB_URBAN,STREET,7,18.0
134190,1,4,147,5,5,80.0,0,N,RURAL_VICTORIA,ROAD,7,20.0
134191,6,2,184,5,5,50.0,0,N,MELB_URBAN,ROAD,7,18.0
134192,1,3,113,2,1,60.0,0,I,MELB_URBAN,ROAD,5,13.0
134193,1,4,99,2,3,60.0,0,I,MELB_URBAN,STREET,7,20.0
134194,4,4,181,5,5,80.0,0,N,SMALL_TOWNS,ROAD,7,23.0
134195,5,2,99,5,1,60.0,0,N,MELB_URBAN,RAMP,6,8.0
134196,1,4,121,1,1,60.0,0,I,MELB_URBAN,AVENUE,7,7.0
134197,6,4,99,5,1,100.0,0,N,RURAL_VICTORIA,ROAD,7,7.0
134198,1,4,121,2,2,60.0,0,I,SMALL_CITIES,STREET,7,17.0
134199,1,2,99,2,1,50.0,0,I,MELB_URBAN,ROAD,6,14.0
134200,2,5,102,4,1,60.0,0,N,LARGE_PROVINCIAL_CITIES,ROAD,7,8.0
134201,1,5,130,5,3,80.0,0,N,MELB_URBAN,HIGHWAY,7,6.0
134202,1,4,160,5,1,60.0,0,N,TOWNS,STREET,7,8.0
134203,1,4,160,2,1,50.0,0,N,MELB_URBAN,STREET,7,8.0
134204,1,5,140,5,1,100.0,0,N,RURAL_VICTORIA,ROAD,7,8.0
134205,1,3,134,5,1,60.0,0,N,MELB_URBAN,STREET,7,13.0
134206,1,3,99,1,1,60.0,0,N,MELB_URBAN,STREET,7,15.0
134207,1,3,130,5,1,60.0,0,N,MELB_URBAN,ROAD,6,15.0
134208,1,5,110,1,1,60.0,0,I,MELB_URBAN,HIGHWAY,7,11.0
134209,1,5,160,5,1,70.0,0,N,MELB_URBAN,ROAD,7,10.0
134210,1,5,113,1,1,70.0,0,N,MELB_URBAN,ROAD,7,11.0
134211,1,5,132,2,1,60.0,0,I,LARGE_PROVINCIAL_CITIES,ROAD,7,11.0
134212,1,3,130,5,1,50.0,0,N,MELB_URBAN,ROAD,7,10.0
134213,8,1,174,5,1,60.0,0,N,RURAL_VICTORIA,ROAD,7,10.0
134214,1,2,130,5,1,100.0,0,N,MELB_URBAN,FREEWAY,6,16.0
134215,1,5,132,5,1,80.0,0,N,LARGE_PROVINCIAL_CITIES,ROAD,7,10.0
134216,1,5,132,1,2,60.0,0,I,MELB_URBAN,ROAD,5,6.0
134217,1,5,147,5,1,70.0,0,N,MELB_URBAN,ROAD,7,13.0
134218,6,4,99,5,1,100.0,0,N,RURAL_VICTORIA,ROAD,7,11.0
134219,1,7,99,2,1,60.0,0,N,MELB_URBAN,STREET,6,17.0
134220,2,3,100,5,1,30.0,0,N,MELB_URBAN,STREET,7,12.0
134221,1,5,160,5,1,50.0,0,N,MELB_URBAN,ROAD,7,14.0
134222,1,5,110,4,3,50.0,0,I,TOWNS,STREET,7,6.0
134223,1,2,130,5,9,60.0,0,N,MELB_URBAN,FREEWAY,7,17.0
134224,1,5,99,5,3,70.0,0,N,MELB_URBAN,ROAD,7,20.0
134225,4,4,171,1,1,100.0,0,N,RURAL_VICTORIA,HIGHWAY,7,14.0
134226,1,5,130,5,1,60.0,0,N,MELB_URBAN,ROAD,7,8.0
134227,4,4,171,5,1,60.0,0,N,MELB_URBAN,ROAD,6,8.0
134228,1,4,121,2,3,60.0,0,I,MELB_URBAN,STREET,7,17.0
134229,1,5,121,1,1,80.0,0,I,MELB_URBAN,HIGHWAY,7,15.0
134230,1,6,130,5,1,80.0,0,N,MELB_URBAN,FREEWAY,7,11.0
134231,4,5,173,5,1,60.0,0,N,MELB_URBAN,STREET,7,16.0
134232,1,4,130,5,1,80.0,0,N,LARGE_PROVINCIAL_CITIES,ROAD,7,11.0
134233,6,4,174,2,1,50.0,0,I,MELB_URBAN,STREET,7,16.0
134234,1,4,113,2,3,60.0,0,N,MELB_URBAN,ROAD,7,18.0
134235,1,4,130,5,1,50.0,0,N,MELB_URBAN,ROAD,6,11.0
134236,1,5,160,5,3,60.0,0,N,MELB_URBAN,ROAD,7,18.0
134237,1,5,130,5,3,80.0,0,N,MELB_URBAN,FREEWAY,7,17.0
134238,1,5,130,5,5,110.0,0,N,RURAL_VICTORIA,FREEWAY,7,19.0
134239,1,5,130,5,1,110.0,0,N,SMALL_CITIES,FREEWAY,7,16.0
134240,6,5,174,5,1,60.0,0,N,MELB_URBAN,STREET,7,16.0
134241,1,5,130,2,3,60.0,0,I,MELB_URBAN,STREET,7,21.0
134242,1,5,130,5,3,40.0,0,N,MELB_URBAN,FREEWAY,7,3.0
134243,1,2,134,5,1,60.0,0,N,MELB_URBAN,HIGHWAY,6,10.0
134244,1,2,111,2,1,60.0,0,N,MELB_URBAN,DRIVE,7,12.0
134245,6,6,174,5,1,100.0,0,N,RURAL_VICTORIA,HIGHWAY,7,7.0