,accident_type,day_of_week,dca_code,road_geometry,light_condition,speed_zone,severity,node_type,deg_urban_name,road_type,month,hour
134246,1,5,120,5,1,50.0,0,N,MELB_URBAN,DRIVE,7,8.0
134247,4,5,171,5,1,60.0,0,N,MELB_URBAN,DRIVE,7,8.0
134248,1,6,113,1,1,60.0,0,I,MELB_URBAN,STREET,7,9.0
134249,8,1,174,5,1,60.0,0,N,TOWNS,PARADE,3,11.0
134250,2,6,99,5,1,40.0,0,N,MELB_URBAN,STREET,7,11.0
134251,1,5,130,5,1,60.0,0,N,LARGE_PROVINCIAL_CITIES,STREET,7,12.0
134252,1,6,113,2,1,80.0,0,I,RURAL_VICTORIA,OTHER,7,11.0
134253,1,5,110,1,1,60.0,0,I,RURAL_VICTORIA,ROAD,7,11.0
134254,1,5,110,1,1,40.0,0,I,MELB_URBAN,STREET,7,12.0
134255,1,4,121,2,1,60.0,0,N,MELB_URBAN,ROAD,7,16.0
134256,1,6,160,5,1,60.0,0,N,MELB_URBAN,ROAD,7,12.0
134257,1,4,120,5,3,60.0,0,N,MELB_URBAN,ROAD,7,21.0
134258,4,2,183,2,9,100.0,0,N,RURAL_VICTORIA,ROAD,7,6.0
134259,2,6,99,5,1,50.0,0,N,SMALL_CITIES,OTHER,7,14.0
134260,1,2,121,1,1,40.0,0,I,MELBOURNE_CBD,STREET,4,15.0
134261,1,5,110,1,1,80.0,0,I,RURAL_VICTORIA,AVENUE,7,13.0
134262,1,6,99,1,1,60.0,0,I,MELB_URBAN,STREET,7,15.0
134263,1,6,121,5,1,60.0,0,N,MELB_URBAN,ROAD,7,15.0
134264,1,6,132,2,1,60.0,0,I,MELB_URBAN,ROAD,7,15.0
134265,1,2,110,1,6,50.0,0,I,MELB_URBAN,STREET,6,20.0
134266,8,4,184,4,1,60.0,0,N,MELB_URBAN,FREEWAY,7,14.0
134267,1,4,132,5,2,60.0,0,N,MELB_URBAN,ROAD,7,6.0
134268,1,3,121,2,1,60.0,0,I,MELB_URBAN,ROAD,7,14.0
134269,8,5,99,2,1,50.0,0,I,MELB_URBAN,STREET,7,16.0
134270,1,5,110,1,1,70.0,0,I,SMALL_CITIES,ROAD,7,15.0
134271,1,6,110,1,1,50.0,0,I,MELB_URBAN,STREET,7,14.0
134272,1,6,130,5,3,80.0,0,N,MELB_URBAN,HIGHWAY,7,18.0
134273,6,5,170,5,2,60.0,0,N,MELB_URBAN,ROAD,7,17.0
134274,1,6,110,1,3,60.0,0,I,LARGE_PROVINCIAL_CITIES,ROAD,7,18.0
134275,4,3,183,5,1,60.0,0,N,RURAL_VICTORIA,ROAD,6,13.0
134276,1,6,99,1,2,80.0,0,I,MELB_URBAN,ROAD,7,17.0
134277,1,6,113,2,3,70.0,0,I,MELB_URBAN,ROAD,7,18.0
134278,4,5,173,5,3,60.0,0,I,MELB_URBAN,ROAD,7,19.0
134279,4,5,171,2,3,50.0,0,I,SMALL_CITIES,OTHER,7,18.0
134280,1,6,121,2,1,60.0,0,I,MELB_URBAN,ROAD,7,16.0
134281,1,6,130,5,3,100.0,0,N,MELB_URBAN,UNKNOWN,7,17.0
134282,2,6,100,1,3,60.0,0,N,MELB_URBAN,ROAD,7,21.0
134283,4,6,181,5,2,100.0,1,N,RURAL_VICTORIA,ROAD,7,17.0
134284,4,6,171,5,3,60.0,0,N,SMALL_CITIES,AVENUE,7,22.0
134285,1,6,111,2,1,60.0,0,I,MELB_URBAN,ROAD,7,16.0
134286,4,6,173,5,3,80.0,0,N,MELB_URBAN,RAMP,7,21.0
134287,1,4,99,4,1,60.0,0,N,MELB_URBAN,FREEWAY,7,13.0
134288,1,7,121,2,3,70.0,0,I,MELB_URBAN,ROAD,7,0.0
134289,1,5,99,2,5,60.0,0,I,SMALL_CITIES,DRIVE,7,22.0
134290,1,4,120,5,5,60.0,0,N,RURAL_VICTORIA,ROAD,7,19.0
134291,4,7,183,5,3,60.0,0,N,MELB_URBAN,STREET,7,6.0
134292,1,7,160,2,1,60.0,0,I,LARGE_PROVINCIAL_CITIES,ROAD,7,9.0
134293,1,7,132,2,1,80.0,0,I,RURAL_VICTORIA,ROAD,7,9.0
134294,8,7,174,5,1,110.0,0,N,RURAL_VICTORIA,FREEWAY,7,10.0
134295,1,6,110,1,1,80.0,0,I,RURAL_VICTORIA,ROAD,7,11.0
134296,4,5,99,2,9,60.0,0,I,RURAL_VICTORIA,ROAD,3,14.0
134297,1,6,160,5,1,50.0,0,N,MELB_URBAN,UNKNOWN,7,11.0
134298,1,6,121,4,1,40.0,0,I,MELB_URBAN,ROAD,7,11.0
134299,1,6,132,2,1,60.0,0,I,LARGE_PROVINCIAL_CITIES,STREET,7,12.0
134300,1,6,110,1,1,100.0,0,N,RURAL_VICTORIA,ROAD,7,9.0
134301,2,6,100,2,1,60.0,0,I,TOWNS,ROAD,7,11.0
134302,1,7,140,5,1,70.0,0,N,MELB_URBAN,ROAD,7,14.0
134303,1,7,99,5,1,80.0,0,N,MELB_URBAN,ROAD,7,12.0
134304,1,1,135,5,1,60.0,0,N,MELB_URBAN,ROAD,6,15.0
134305,1,7,99,5,1,50.0,0,N,MELB_URBAN,STREET,7,11.0
134306,1,7,99,5,1,40.0,0,N,MELB_URBAN,HIGHWAY,7,11.0
134307,1,7,116,2,2,50.0,0,I,MELB_URBAN,ROAD,7,16.0
134308,2,7,99,2,1,50.0,0,I,MELB_URBAN,STREET,7,13.0
134309,1,5,130,5,6,60.0,0,N,MELB_URBAN,ROAD,7,17.0
134310,3,7,167,5,2,100.0,0,N,RURAL_VICTORIA,ROAD,7,17.0
134311,1,7,132,2,5,80.0,0,I,SMALL_TOWNS,HIGHWAY,7,15.0
134312,2,7,100,1,3,40.0,0,I,SMALL_CITIES,STREET,7,17.0
134313,1,6,121,1,3,60.0,0,I,MELB_URBAN,ROAD,7,20.0
134314,1,6,160,5,5,50.0,0,N,MELB_URBAN,ROAD,7,20.0
134315,6,7,174,5,5,60.0,0,N,RURAL_VICTORIA,ROAD,7,18.0
134316,1,7,121,1,2,70.0,0,I,MELB_URBAN,DRIVE,7,19.0
134317,1,6,130,1,3,40.0,0,I,MELB_URBAN,STREET,7,21.0
134318,1,7,121,1,3,50.0,0,I,MELB_URBAN,STREET,7,21.0
134319,2,7,100,5,1,40.0,0,N,MELB_URBAN,PARADE,7,16.0
134320,4,7,99,5,3,80.0,0,N,RURAL_VICTORIA,HIGHWAY,7,2.0
134321,4,6,171,5,3,50.0,0,I,SMALL_CITIES,STREET,7,18.0
134322,2,2,100,1,3,60.0,0,I,MELB_URBAN,ROAD,7,23.0
134323,1,1,121,1,3,80.0,0,N,MELB_URBAN,STREET,7,2.0
134324,6,7,99,5,5,50.0,0,N,RURAL_VICTORIA,OTHER,7,1.0
134325,4,1,173,5,3,60.0,0,N,MELB_URBAN,ROAD,7,3.0
134326,4,1,173,5,3,80.0,0,N,MELB_URBAN,HIGHWAY,7,0.0
134327,1,0,160,5,3,50.0,0,N,SMALL_TOWNS,BOULEVARD,7,0.0
134328,4,0,99,2,2,100.0,0,I,RURAL_VICTORIA,STREET,7,5.0
134329,8,5,174,5,1,100.0,0,N,RURAL_VICTORIA,ROAD,7,13.0
134330,8,1,174,1,1,50.0,0,I,TOWNS,ROAD,7,10.0
134331,1,6,130,5,2,60.0,0,N,MELB_URBAN,ROAD,7,18.0
134332,1,1,113,1,1,80.0,0,I,MELB_URBAN,HIGHWAY,7,10.0
134333,4,1,173,5,1,80.0,0,N,RURAL_VICTORIA,HIGHWAY,7,8.0
134334,1,0,110,1,1,40.0,0,I,MELB_URBAN,STREET,7,10.0
134335,1,1,171,2,1,60.0,0,I,MELB_URBAN,ROAD,7,12.0
134336,1,1,121,1,1,60.0,0,I,SMALL_TOWNS,ROAD,7,13.0
134337,1,2,130,5,1,80.0,0,N,MELB_URBAN,ROAD,6,17.0
134338,4,1,183,5,5,100.0,1,N,RURAL_VICTORIA,ROAD,7,3.0
134339,1,7,110,1,1,50.0,0,I,MELB_URBAN,STREET,7,14.0
134340,1,6,130,5,9,60.0,0,N,MELB_URBAN,ROAD,7,17.0
134341,1,1,130,5,1,60.0,0,N,MELB_URBAN,PARADE,7,15.0
134342,3,6,167,2,5,70.0,0,N,SMALL_CITIES,ROAD,5,5.0
134343,1,1,113,2,1,60.0,0,I,SMALL_CITIES,STREET,7,15.0
134344,1,7,113,1,1,60.0,0,I,MELB_URBAN,ROAD,7,15.0
134345,2,1,100,1,3,60.0,0,I,MELB_URBAN,AVENUE,7,18.0
134346,1,1,113,2,1,60.0,0,I,MELB_URBAN,ROAD,7,16.0
134347,1,6,130,1,1,70.0,0,I,MELB_URBAN,HIGHWAY,6,10.0
134348,6,1,174,5,2,80.0,0,N,MELB_URBAN,ROAD,7,18.0
134349,4,1,173,2,1,70.0,0,I,MELB_URBAN,ROAD,7,16.0
134350,2,1,99,1,3,60.0,0,I,SMALL_CITIES,STREET,7,18.0
134351,1,1,120,5,3,60.0,0,N,MELB_URBAN,ROAD,7,17.0
134352,4,1,173,5,3,70.0,0,N,MELB_URBAN,ROAD,7,19.0
134353,1,0,130,5,3,60.0,0,N,MELB_URBAN,ROAD,7,19.0
134354,1,1,99,2,3,80.0,0,I,MELB_URBAN,ROAD,7,21.0
134355,1,1,111,2,1,100.0,0,I,RURAL_VICTORIA,HIGHWAY,7,15.0
134356,8,2,184,5,1,100.0,0,N,RURAL_VICTORIA,ROAD,6,14.0
134357,1,1,99,5,1,80.0,0,N,RURAL_VICTORIA,ROAD,7,15.0
134358,4,2,171,5,5,100.0,0,N,RURAL_VICTORIA,FREEWAY,7,0.0
134359,1,1,160,5,3,60.0,0,N,MELB_URBAN,ROAD,7,23.0
134360,1,7,130,2,1,60.0,0,N,MELB_URBAN,ROAD,6,16.0
134361,4,5,171,5,1,60.0,0,N,RURAL_VICTORIA,OTHER,6,10.0
134362,4,2,183,5,1,100.0,0,N,RURAL_VICTORIA,ROAD,7,8.0
134363,1,1,116,2,1,50.0,0,I,SMALL_CITIES,AVENUE,7,9.0
134364,4,1,183,5,1,50.0,0,N,RURAL_VICTORIA,ROAD,7,13.0
134365,1,0,121,2,5,80.0,0,N,MELB_URBAN,HIGHWAY,7,0.0
134366,1,2,113,2,1,60.0,0,I,MELB_URBAN,ROAD,7,9.0
134367,1,4,130,5,1,60.0,0,N,LARGE_PROVINCIAL_CITIES,HIGHWAY,5,8.0
134368,1,4,120,5,1,50.0,0,N,SMALL_CITIES,ROAD,6,8.0
134369,4,6,173,2,2,60.0,0,I,SMALL_CITIES,STREET,7,19.0
134370,1,2,121,1,9,80.0,0,I,MELB_URBAN,ROAD,7,10.0
134371,6,7,174,2,1,50.0,0,I,MELB_URBAN,DRIVE,4,14.0
134372,1,6,121,4,3,60.0,0,I,MELB_URBAN,RAMP,5,19.0
134373,1,1,121,1,1,60.0,0,I,MELB_URBAN,STREET,7,12.0
134374,1,2,132,2,1,100.0,0,I,RURAL_VICTORIA,ROAD,7,11.0
134375,1,4,130,5,9,60.0,0,N,MELB_URBAN,ROAD,7,17.0
134376,6,2,174,5,1,60.0,0,N,MELBOURNE_CBD,STREET,7,13.0
134377,1,1,130,5,3,100.0,0,I,MELB_URBAN,RAMP,7,5.0
134378,4,1,183,5,1,100.0,0,N,RURAL_VICTORIA,HIGHWAY,7,12.0
134379,1,1,132,5,9,60.0,0,N,MELB_URBAN,RAMP,7,8.0
134380,1,1,99,1,1,60.0,0,I,MELB_URBAN,STREET,7,15.0
134381,1,4,130,5,1,60.0,0,N,MELB_URBAN,ROAD,3,17.0
134382,1,4,130,5,1,60.0,0,N,MELB_URBAN,STREET,7,17.0
134383,4,1,181,5,1,100.0,0,N,RURAL_VICTORIA,ROAD,7,12.0
134384,1,2,113,2,1,100.0,0,I,RURAL_VICTORIA,HIGHWAY,7,11.0
134385,1,3,130,5,1,80.0,0,N,MELB_URBAN,ROAD,5,8.0
134386,2,6,99,5,2,60.0,0,N,SMALL_CITIES,ROAD,6,5.0
134387,6,5,174,2,1,50.0,0,I,MELB_URBAN,ROAD,3,18.0
134388,1,2,120,5,1,80.0,0,N,RURAL_VICTORIA,OTHER,7,15.0
134389,1,3,130,5,5,100.0,0,N,RURAL_VICTORIA,FREEWAY,6,6.0
134390,1,1,130,5,2,60.0,0,N,MELB_URBAN,ROAD,7,16.0
134391,1,1,130,5,3,60.0,0,N,MELB_URBAN,ROAD,7,18.0
134392,1,1,99,2,1,60.0,0,N,MELB_URBAN,ROAD,6,14.0
134393,2,2,102,1,3,60.0,0,I,MELB_URBAN,STREET,7,18.0
134394,1,5,130,5,5,100.0,0,N,MELB_URBAN,FREEWAY,7,18.0
134395,2,2,99,2,3,40.0,0,I,MELB_URBAN,STREET,7,19.0
134396,8,5,174,5,1,80.0,0,I,MELB_URBAN,HIGHWAY,7,15.0
134397,4,1,99,5,1,50.0,0,N,MELB_URBAN,STREET,7,16.0
134398,1,2,120,5,3,80.0,0,N,MELB_URBAN,HIGHWAY,7,21.0
134399,1,7,130,1,1,60.0,0,I,MELB_URBAN,ROAD,6,15.0
134400,1,6,147,5,1,50.0,0,N,LARGE_PROVINCIAL_CITIES,STREET,7,15.0
134401,1,2,121,2,3,60.0,1,I,MELB_URBAN,ROAD,7,20.0
134402,1,6,130,5,1,100.0,0,N,MELB_URBAN,FREEWAY,7,15.0
134403,1,0,121,2,3,60.0,0,I,MELB_URBAN,STREET,7,20.0
134404,4,3,171,5,5,100.0,0,N,RURAL_VICTORIA,HIGHWAY,7,2.0
134405,1,3,121,4,3,80.0,0,I,MELB_URBAN,RAMP,7,5.0
134406,2,3,100,1,3,60.0,0,I,MELB_URBAN,DRIVE,7,6.0
134407,1,2,121,2,1,60.0,0,I,MELB_URBAN,STREET,7,10.0
134408,2,3,102,5,1,80.0,0,N,MELB_URBAN,HIGHWAY,7,7.0
134409,1,4,130,5,1,60.0,0,N,MELB_URBAN,STREET,7,17.0
134410,1,3,130,5,5,100.0,0,N,MELB_URBAN,FREEWAY,7,6.0
134411,1,3,110,1,1,50.0,0,I,TOWNS,STREET,7,7.0
134412,1,7,121,2,1,60.0,0,I,MELB_URBAN,ROAD,7,13.0
134413,1,5,113,1,1,80.0,0,N,MELB_URBAN,STREET,7,16.0
134414,1,3,99,2,1,60.0,0,I,MELB_URBAN,ROAD,7,9.0
134415,1,2,121,1,1,60.0,0,I,SMALL_CITIES,STREET,7,17.0
134416,1,3,121,2,1,40.0,0,I,MELB_URBAN,STREET,7,8.0
134417,1,3,113,2,1,70.0,0,I,MELB_URBAN,ROAD,7,8.0
134418,1,2,110,1,3,60.0,0,I,TOWNS,STREET,7,7.0
134419,1,3,133,1,3,60.0,0,I,MELB_URBAN,ROAD,7,6.0
134420,1,3,113,2,9,80.0,0,I,MELB_URBAN,ROAD,6,11.0
134421,1,3,121,5,1,60.0,0,N,MELB_URBAN,ROAD,7,8.0
134422,1,3,140,5,1,40.0,0,N,MELB_URBAN,AVENUE,7,9.0
134423,1,3,121,2,1,70.0,0,I,MELB_URBAN,ROAD,7,8.0
134424,1,3,130,5,1,70.0,0,N,MELB_URBAN,ROAD,7,11.0
134425,1,1,130,5,1,60.0,0,N,MELB_URBAN,ROAD,7,10.0
134426,1,6,130,5,9,100.0,0,N,RURAL_VICTORIA,FREEWAY,7,16.0
134427,1,2,121,5,1,60.0,0,I,MELB_URBAN,ROAD,7,12.0
134428,1,5,130,5,1,100.0,0,N,MELB_URBAN,FREEWAY,7,15.0
134429,3,3,167,5,1,100.0,0,N,RURAL_VICTORIA,ROAD,7,8.0
134430,2,2,99,5,1,60.0,0,N,RURAL_VICTORIA,OTHER,7,13.0
134431,1,2,130,5,1,60.0,0,N,MELB_URBAN,ROAD,3,19.0
134432,1,3,110,1,1,80.0,0,I,MELB_URBAN,ROAD,7,9.0
134433,1,0,110,1,1,60.0,0,I,MELB_URBAN,OTHER,7,18.0
134434,1,7,130,5,1,50.0,0,N,MELB_URBAN,ROAD,7,11.0
134435,4,3,173,5,1,80.0,0,N,RURAL_VICTORIA,ROAD,7,13.0
134436,4,3,181,5,1,100.0,0,N,RURAL_VICTORIA,ROAD,7,12.0
134437,1,3,130,2,1,70.0,0,I,MELB_URBAN,ROAD,7,14.0
134438,1,2,130,5,1,70.0,0,N,MELB_URBAN,ROAD,5,8.0
134439,8,1,174,5,1,60.0,0,N,LARGE_PROVINCIAL_CITIES,STREET,12,10.0
134440,1,6,130,5,1,60.0,0,N,MELB_URBAN,BOULEVARD,4,8.0
134441,1,3,130,5,1,100.0,1,N,RURAL_VICTORIA,ROAD,7,12.0
134442,1,4,130,5,2,100.0,0,N,MELB_URBAN,FREEWAY,6,6.0
134443,2,2,99,5,1,40.0,0,N,MELB_URBAN,STREET,7,14.0
134444,1,7,99,1,1,60.0,0,I,MELB_URBAN,STREET,7,12.0
134445,1,3,140,5,1,50.0,0,N,MELB_URBAN,STREET,7,16.0
134446,1,2,130,5,1,80.0,0,N,MELB_URBAN,ROAD,7,7.0
134447,1,4,130,5,9,70.0,0,N,MELB_URBAN,ROAD,7,12.0
134448,1,3,140,2,1,40.0,0,I,TOWNS,ROAD,7,16.0
134449,6,1,170,1,1,90.0,0,I,MELB_URBAN,ROAD,7,10.0
134450,1,1,130,5,1,60.0,0,N,MELB_URBAN,ROAD,6,14.0
134451,1,3,130,2,3,60.0,0,I,MELB_URBAN,ROAD,7,17.0
134452,1,3,132,1,3,80.0,0,I,MELB_URBAN,ROAD,7,17.0
134453,2,1,99,5,6,60.0,0,N,RURAL_VICTORIA,DRIVE,7,1.0
134454,1,3,116,2,3,40.0,0,I,SMALL_CITIES,STREET,7,18.0
134455,1,4,135,5,1,60.0,0,N,MELB_URBAN,ROAD,7,9.0
134456,1,3,99,5,1,100.0,0,N,RURAL_VICTORIA,ROAD,7,16.0
134457,1,6,120,5,2,60.0,0,N,MELB_URBAN,ROAD,6,16.0
134458,2,3,100,4,1,70.0,0,N,MELB_URBAN,ROAD,7,15.0
134459,8,3,174,1,3,80.0,0,I,MELB_URBAN,HIGHWAY,7,6.0
134460,1,5,130,5,3,100.0,0,N,MELB_URBAN,RAMP,7,18.0
134461,1,3,147,5,3,80.0,0,N,MELB_URBAN,ROAD,7,22.0
134462,4,4,171,5,5,100.0,0,N,RURAL_VICTORIA,ROAD,7,3.0
134463,1,3,121,1,3,80.0,0,I,TOWNS,STREET,7,5.0
134464,1,7,171,5,1,60.0,0,N,SMALL_CITIES,ROAD,7,10.0
134465,8,0,184,5,1,100.0,0,N,RURAL_VICTORIA,ROAD,7,17.0
134466,1,1,116,2,2,60.0,0,I,SMALL_CITIES,ROAD,6,17.0
134467,8,4,174,2,1,60.0,0,I,MELB_URBAN,ROAD,7,8.0
134468,1,3,140,2,1,60.0,0,I,MELB_URBAN,ROAD,7,9.0
134469,1,4,111,2,1,60.0,0,I,MELB_URBAN,ROAD,7,8.0
134470,1,4,99,5,1,60.0,0,N,MELB_URBAN,ROAD,7,11.0
134471,1,5,116,2,1,110.0,0,N,RURAL_VICTORIA,FREEWAY,6,15.0
134472,1,3,132,2,1,60.0,0,I,LARGE_PROVINCIAL_CITIES,ROAD,7,8.0
134473,1,3,110,1,1,80.0,0,I,MELB_URBAN,ROAD,7,11.0
134474,1,4,121,1,1,50.0,0,I,MELB_URBAN,ROAD,7,12.0
134475,8,7,99,5,1,60.0,0,N,RURAL_VICTORIA,ROAD,6,13.0
134476,2,3,100,1,1,60.0,0,N,MELB_URBAN,BOULEVARD,7,9.0
134477,4,4,181,5,1,50.0,0,N,MELB_URBAN,UNKNOWN,7,13.0
134478,2,1,99,5,1,60.0,0,N,MELB_URBAN,STREET,7,13.0
134479,2,1,99,5,1,60.0,0,N,MELB_URBAN,STREET,7,13.0
134480,6,4,174,5,1,60.0,0,N,MELB_URBAN,STREET,7,10.0
134481,2,7,99,1,1,50.0,0,I,MELB_URBAN,STREET,7,17.0
134482,2,7,99,5,1,40.0,0,N,MELB_URBAN,AVENUE,7,15.0
134483,1,4,110,1,1,60.0,0,I,MELB_URBAN,STREET,7,14.0
134484,2,4,102,2,1,50.0,0,N,SMALL_CITIES,STREET,7,15.0
134485,4,4,181,5,1,60.0,0,N,MELB_URBAN,ROAD,7,14.0
134486,1,4,110,1,1,60.0,0,I,SMALL_CITIES,STREET,7,15.0
134487,1,3,130,5,1,40.0,0,N,MELB_URBAN,ROAD,7,9.0
134488,1,6,160,4,3,100.0,0,N,MELB_URBAN,RAMP,7,21.0
134489,1,5,130,1,1,70.0,0,I,MELB_URBAN,STREET,7,8.0
134490,1,4,160,5,1,50.0,0,N,MELB_URBAN,STREET,7,15.0
134491,1,4,121,2,1,60.0,0,I,MELB_URBAN,AVENUE,7,8.0
134492,1,3,130,5,3,60.0,0,N,MELB_URBAN,ROAD,7,17.0
134493,1,4,130,5,1,100.0,0,N,MELB_URBAN,ROAD,7,15.0
134494,1,4,147,5,1,50.0,0,N,MELB_URBAN,AVENUE,7,14.0
134495,2,4,102,5,1,50.0,0,N,MELB_URBAN,DRIVE,7,15.0
134496,4,4,181,5,5,100.0,0,N,RURAL_VICTORIA,ROAD,7,17.0
134497,4,3,183,5,5,60.0,0,N,RURAL_VICTORIA,ROAD,7,5.0
134498,1,4,121,2,1,60.0,0,I,MELB_URBAN,OTHER,7,16.0
134499,2,4,102,5,3,60.0,0,N,MELB_URBAN,STREET,7,21.0
134500,1,4,113,2,3,70.0,0,I,MELB_URBAN,ROAD,7,18.0
134501,1,4,113,1,3,60.0,0,I,LARGE_PROVINCIAL_CITIES,ROAD,7,20.0
134502,1,3,160,5,3,50.0,0,N,LARGE_PROVINCIAL_CITIES,STREET,7,20.0
134503,1,5,120,2,3,80.0,0,I,MELB_URBAN,ROAD,7,21.0
134504,1,1,121,2,3,80.0,0,I,RURAL_VICTORIA,ROAD,7,19.0
134505,4,5,171,5,3,40.0,0,N,SMALL_CITIES,STREET,7,4.0
134506,1,5,121,1,1,70.0,0,I,MELB_URBAN,HIGHWAY,7,7.0
134507,1,4,130,5,1,80.0,0,N,MELB_URBAN,HIGHWAY,7,7.0
134508,1,5,133,5,1,100.0,0,N,MELB_URBAN,FREEWAY,7,8.0
134509,1,5,99,5,1,80.0,0,N,MELB_URBAN,HIGHWAY,7,7.0
134510,1,5,99,1,1,50.0,0,I,TOWNS,STREET,7,10.0
134511,1,6,130,5,1,60.0,0,N,MELB_URBAN,PARADE,6,16.0
134512,2,4,100,5,1,80.0,0,N,MELB_URBAN,ROAD,7,10.0
134513,4,7,173,5,1,60.0,0,N,MELB_URBAN,ROAD,7,10.0
134514,4,5,173,5,1,110.0,0,N,RURAL_VICTORIA,FREEWAY,7,9.0
134515,1,1,130,5,1,60.0,0,N,MELB_URBAN,ROAD,5,15.0
134516,4,0,173,5,1,50.0,0,N,MELB_URBAN,ROAD,12,15.0
134517,1,5,99,5,1,50.0,0,N,MELB_URBAN,OTHER,7,11.0
134518,1,1,99,2,9,60.0,0,I,MELB_URBAN,ROAD,6,19.0
134519,1,5,99,1,1,60.0,0,I,LARGE_PROVINCIAL_CITIES,STREET,7,8.0
134520,1,5,111,1,1,50.0,0,I,MELB_URBAN,ROAD,7,12.0
134521,8,7,184,5,1,60.0,0,N,RURAL_VICTORIA,ROAD,7,14.0
134522,1,5,113,2,1,80.0,0,I,MELB_URBAN,HIGHWAY,7,11.0
134523,1,5,120,5,1,80.0,0,N,RURAL_VICTORIA,ROAD,7,12.0
134524,1,5,99,1,1,50.0,0,I,MELB_URBAN,STREET,7,13.0
134525,1,4,130,5,1,80.0,0,N,MELB_URBAN,ROAD,7,13.0
134526,8,2,99,5,1,50.0,0,N,MELB_URBAN,BOULEVARD,7,14.0
134527,1,4,160,5,1,50.0,0,N,MELB_URBAN,OTHER,7,14.0
134528,8,6,174,5,1,50.0,0,N,RURAL_VICTORIA,UNKNOWN,4,14.0
134529,4,5,171,5,1,50.0,0,N,MELB_URBAN,STREET,7,14.0
134530,1,3,121,1,3,60.0,0,I,MELB_URBAN,STREET,7,18.0
134531,1,2,132,1,1,60.0,0,I,LARGE_PROVINCIAL_CITIES,STREET,5,11.0
134532,1,3,121,2,9,40.0,0,I,MELB_URBAN,ROAD,7,10.0
134533,1,5,130,5,1,60.0,0,N,RURAL_VICTORIA,DRIVE,7,16.0
134534,8,2,174,1,1,60.0,0,I,MELB_URBAN,ROAD,7,7.0
134535,1,4,121,2,1,80.0,0,I,MELB_URBAN,BOULEVARD,7,16.0
134536,1,5,110,1,1,70.0,0,I,MELB_URBAN,AVENUE,7,16.0
134537,4,4,171,2,9,70.0,0,I,MELB_URBAN,STREET,7,18.0
134538,1,5,132,2,1,80.0,0,I,RURAL_VICTORIA,ROAD,7,16.0
134539,1,4,147,5,1,70.0,0,N,MELB_URBAN,ROAD,7,16.0
134540,1,4,120,2,1,80.0,0,I,RURAL_VICTORIA,ROAD,7,15.0
134541,1,4,110,1,1,60.0,0,I,MELB_URBAN,STREET,7,16.0
134542,1,5,130,5,3,60.0,0,N,MELB_URBAN,ROAD,7,18.0
134543,1,5,121,2,2,70.0,0,I,SMALL_CITIES,DRIVE,7,17.0
134544,1,3,99,5,1,40.0,0,N,MELB_URBAN,STREET,7,17.0
134545,1,3,121,5,3,60.0,0,N,MELB_URBAN,ROAD,7,17.0
134546,1,5,113,2,1,50.0,0,I,RURAL_VICTORIA,PARADE,7,14.0
134547,4,5,171,5,5,70.0,0,N,RURAL_VICTORIA,ROAD,7,19.0
134548,1,5,130,1,1,40.0,0,N,MELB_URBAN,STREET,7,13.0
134549,1,5,110,1,1,60.0,0,N,MELB_URBAN,OTHER,7,15.0
134550,1,5,121,2,3,60.0,0,I,MELB_URBAN,ROAD,7,20.0
134551,1,5,130,5,1,80.0,0,N,SMALL_CITIES,HIGHWAY,7,17.0
134552,2,5,99,5,9,60.0,0,I,MELB_URBAN,ROAD,7,23.0
134553,1,5,134,5,3,70.0,0,N,MELB_URBAN,ROAD,7,22.0
134554,1,6,130,5,3,80.0,0,N,MELB_URBAN,FREEWAY,7,17.0
134555,1,6,121,1,3,40.0,0,I,MELB_URBAN,STREET,7,2.0
134556,4,6,171,5,3,50.0,0,N,MELB_URBAN,DRIVE,7,0.0
134557,1,6,110,1,3,60.0,0,I,MELB_URBAN,ROAD,7,0.0
134558,2,1,100,5,6,80.0,0,N,MELB_URBAN,ROAD,7,6.0
134559,4,5,173,5,3,40.0,0,N,MELB_URBAN,STREET,7,3.0
134560,4,6,171,2,3,60.0,0,I,MELB_URBAN,ROAD,7,2.0
134561,6,6,174,2,1,50.0,0,I,MELB_URBAN,AVENUE,7,10.0
134562,1,2,130,4,1,60.0,0,N,MELB_URBAN,ROAD,7,9.0
134563,4,5,181,5,5,100.0,0,N,RURAL_VICTORIA,ROAD,7,19.0
134564,1,2,116,2,9,60.0,0,I,MELB_URBAN,ROAD,7,18.0
134565,1,2,130,1,1,60.0,0,I,MELB_URBAN,ROAD,7,12.0
134566,1,4,147,5,3,50.0,0,N,MELB_URBAN,AVENUE,7,18.0
134567,4,4,99,5,1,50.0,0,N,MELB_URBAN,DRIVE,6,7.0
134568,1,6,116,2,1,60.0,0,I,MELB_URBAN,ROAD,7,10.0
134569,2,6,99,5,1,50.0,0,N,MELB_URBAN,STREET,7,11.0
134570,1,4,130,5,5,110.0,0,N,RURAL_VICTORIA,FREEWAY,4,21.0
134571,1,1,130,1,3,50.0,0,I,RURAL_VICTORIA,STREET,6,20.0
134572,2,7,100,1,3,60.0,0,I,MELB_URBAN,OTHER,7,21.0
134573,4,5,183,5,1,100.0,0,N,RURAL_VICTORIA,ROAD,7,11.0