,accident_type,day_of_week,dca_code,road_geometry,light_condition,speed_zone,severity,node_type,deg_urban_name,road_type,month,hour
134574,1,5,110,1,1,80.0,0,I,MELB_URBAN,ROAD,6,9.0
134575,2,4,99,5,3,50.0,0,N,MELB_URBAN,STREET,7,22.0
134576,1,2,121,1,1,60.0,0,I,LARGE_PROVINCIAL_CITIES,STREET,5,6.0
134577,1,5,120,5,1,40.0,0,N,MELB_URBAN,ROAD,7,14.0
134578,1,6,135,5,1,80.0,0,N,MELB_URBAN,FREEWAY,7,11.0
134579,2,4,99,5,1,60.0,0,N,MELB_URBAN,PARADE,6,14.0
134580,1,2,130,4,9,60.0,0,I,TOWNS,ROAD,7,18.0
134581,1,5,113,2,1,50.0,0,I,MELB_URBAN,STREET,6,8.0
134582,5,1,99,1,1,50.0,0,I,MELB_URBAN,DRIVE,7,15.0
134583,1,2,130,5,1,50.0,0,N,LARGE_PROVINCIAL_CITIES,STREET,6,15.0
134584,1,5,121,1,1,60.0,0,I,MELB_URBAN,ROAD,7,13.0
134585,1,4,110,1,1,50.0,0,I,MELB_URBAN,ROAD,6,15.0
134586,1,6,130,5,1,60.0,0,N,MELB_URBAN,ROAD,7,11.0
134587,1,3,121,1,6,50.0,0,I,MELB_URBAN,STREET,7,17.0
134588,1,5,147,5,1,60.0,0,I,LARGE_PROVINCIAL_CITIES,ROAD,7,13.0
134589,1,6,110,1,1,110.0,1,I,RURAL_VICTORIA,FREEWAY,7,16.0
134590,4,4,173,5,1,100.0,0,N,RURAL_VICTORIA,ROAD,7,8.0
134591,1,6,110,1,3,60.0,0,I,MELB_URBAN,ROAD,7,22.0
134592,6,7,174,5,1,60.0,0,N,MELB_URBAN,ROAD,6,16.0
134593,1,7,160,5,3,50.0,0,N,MELB_URBAN,DRIVE,7,5.0
134594,4,7,171,5,3,60.0,0,N,MELB_URBAN,ROAD,7,0.0
134595,2,7,100,2,3,50.0,0,N,MELB_URBAN,AVENUE,7,6.0
134596,1,7,121,1,1,80.0,0,N,MELB_URBAN,ROAD,7,9.0
134597,1,4,99,1,9,50.0,0,I,MELB_URBAN,ROAD,6,20.0
134598,4,6,171,5,1,100.0,0,N,RURAL_VICTORIA,ROAD,7,9.0
134599,1,2,130,2,1,60.0,0,I,MELB_URBAN,STREET,7,7.0
134600,1,6,121,2,1,40.0,0,I,MELB_URBAN,ROAD,7,8.0
134601,1,4,130,5,6,60.0,0,N,MELB_URBAN,STREET,7,18.0
134602,8,5,174,5,3,60.0,0,N,MELB_URBAN,ROAD,7,22.0
134603,1,7,130,5,1,60.0,0,N,RURAL_VICTORIA,BOULEVARD,7,9.0
134604,1,6,120,2,1,50.0,0,N,MELB_URBAN,STREET,7,15.0
134605,1,7,121,1,1,60.0,0,I,MELB_URBAN,ROAD,7,14.0
134606,1,4,130,5,2,100.0,0,N,MELB_URBAN,HIGHWAY,7,6.0
134607,1,6,110,1,1,70.0,0,N,MELB_URBAN,HIGHWAY,7,15.0
134608,1,7,116,2,1,60.0,0,I,MELB_URBAN,ROAD,7,14.0
134609,1,1,116,2,1,60.0,0,I,MELB_URBAN,STREET,7,17.0
134610,1,7,160,5,3,50.0,0,N,SMALL_CITIES,ROAD,7,18.0
134611,1,7,121,1,3,60.0,0,I,MELB_URBAN,ROAD,7,20.0
134612,4,7,181,2,5,60.0,0,N,TOWNS,ROAD,7,20.0
134613,2,7,100,5,9,60.0,0,N,MELB_URBAN,OTHER,7,19.0
134614,1,6,121,1,3,60.0,0,I,MELB_URBAN,BOULEVARD,7,21.0
134615,1,6,160,5,6,50.0,0,N,MELB_URBAN,OTHER,7,1.0
134616,1,4,130,5,2,80.0,0,N,SMALL_TOWNS,HIGHWAY,5,6.0
134617,4,7,171,5,5,100.0,1,N,RURAL_VICTORIA,HIGHWAY,7,19.0
134618,8,1,174,5,5,80.0,0,N,RURAL_VICTORIA,ROAD,7,0.0
134619,4,1,181,5,5,80.0,0,N,RURAL_VICTORIA,STREET,7,0.0
134620,1,0,160,5,3,60.0,0,N,MELB_URBAN,ROAD,7,2.0
134621,4,7,171,5,5,50.0,0,N,RURAL_VICTORIA,ROAD,7,22.0
134622,1,5,132,1,9,70.0,0,I,MELB_URBAN,ROAD,7,11.0
134623,1,0,110,1,1,70.0,0,I,LARGE_PROVINCIAL_CITIES,ROAD,7,8.0
134624,1,4,130,5,3,100.0,0,N,MELB_URBAN,ROAD,7,18.0
134625,1,2,130,5,1,50.0,0,N,MELB_URBAN,ROAD,5,15.0
134626,8,5,174,1,3,40.0,0,N,MELB_URBAN,STREET,7,22.0
134627,1,7,130,5,5,80.0,0,N,RURAL_VICTORIA,ROAD,7,20.0
134628,4,1,99,5,1,50.0,0,N,MELB_URBAN,BOULEVARD,7,9.0
134629,6,1,184,5,1,100.0,0,N,RURAL_VICTORIA,ROAD,7,12.0
134630,2,1,99,5,3,50.0,0,N,MELB_URBAN,OTHER,7,18.0
134631,1,1,99,1,2,70.0,0,I,TOWNS,ROAD,7,6.0
134632,4,1,171,5,1,60.0,0,N,LARGE_PROVINCIAL_CITIES,ROAD,7,15.0
134633,2,3,100,2,3,60.0,0,N,MELB_URBAN,ROAD,7,17.0
134634,4,1,171,5,3,80.0,0,N,MELB_URBAN,OTHER,7,22.0
134635,4,1,181,5,6,110.0,0,N,RURAL_VICTORIA,HIGHWAY,6,2.0
134636,1,2,99,5,5,40.0,0,N,MELB_URBAN,STREET,7,3.0
134637,2,2,102,4,3,100.0,1,N,MELB_URBAN,FREEWAY,7,3.0
134638,4,2,171,5,5,100.0,0,N,RURAL_VICTORIA,ROAD,7,6.0
134639,1,1,130,5,3,80.0,0,N,MELB_URBAN,ROAD,7,6.0
134640,1,1,163,5,1,40.0,0,N,MELB_URBAN,STREET,7,9.0
134641,1,3,130,5,1,70.0,0,N,MELB_URBAN,ROAD,7,9.0
134642,1,2,134,5,1,60.0,0,N,MELB_URBAN,STREET,7,9.0
134643,1,6,135,5,1,60.0,0,N,MELB_URBAN,ROAD,7,15.0
134644,1,5,130,5,1,60.0,0,N,MELB_URBAN,ROAD,7,15.0
134645,1,0,160,2,3,50.0,0,I,MELB_URBAN,PARADE,7,21.0
134646,1,2,130,5,9,60.0,0,N,SMALL_CITIES,ROAD,6,11.0
134647,4,1,183,2,5,70.0,0,N,RURAL_VICTORIA,ROAD,7,21.0
134648,8,1,174,5,9,60.0,0,N,MELB_URBAN,STREET,4,5.0
134649,1,4,99,5,1,60.0,0,N,MELB_URBAN,DRIVE,6,9.0
134650,2,2,99,5,1,50.0,0,N,MELB_URBAN,DRIVE,7,12.0
134651,1,4,130,1,1,60.0,0,I,MELB_URBAN,ROAD,7,15.0
134652,1,5,99,5,1,40.0,0,N,MELBOURNE_CBD,STREET,7,17.0
134653,4,2,171,5,1,60.0,0,N,RURAL_VICTORIA,ROAD,7,12.0
134654,1,2,121,2,1,60.0,0,I,MELB_URBAN,ROAD,6,11.0
134655,1,2,130,1,1,70.0,0,I,MELB_URBAN,ROAD,7,12.0
134656,1,1,130,1,1,80.0,0,N,MELB_URBAN,ROAD,7,13.0
134657,1,1,130,2,1,60.0,0,N,LARGE_PROVINCIAL_CITIES,ROAD,7,13.0
134658,1,2,160,5,1,60.0,0,N,MELB_URBAN,ROAD,7,14.0
134659,1,1,160,5,1,50.0,0,N,MELB_URBAN,DRIVE,7,14.0
134660,1,3,130,5,1,60.0,0,N,LARGE_PROVINCIAL_CITIES,STREET,7,15.0
134661,1,2,113,2,2,80.0,0,I,MELB_URBAN,ROAD,7,16.0
134662,6,1,174,5,1,60.0,0,N,MELB_URBAN,ROAD,7,16.0
134663,1,2,160,5,1,60.0,0,N,MELB_URBAN,ROAD,7,15.0
134664,1,2,121,1,2,60.0,0,I,MELB_URBAN,STREET,6,17.0
134665,1,5,99,5,1,40.0,0,N,MELB_URBAN,ROAD,7,7.0
134666,3,5,167,5,5,100.0,0,N,RURAL_VICTORIA,ROAD,6,19.0
134667,1,2,130,4,2,80.0,0,N,MELB_URBAN,HIGHWAY,7,16.0
134668,1,2,160,5,3,60.0,0,N,LARGE_PROVINCIAL_CITIES,ROAD,7,19.0
134669,1,1,130,5,1,100.0,0,N,RURAL_VICTORIA,FREEWAY,7,17.0
134670,1,1,99,2,2,60.0,0,I,SMALL_CITIES,ROAD,7,19.0
134671,1,2,120,5,3,60.0,0,N,MELB_URBAN,ROAD,7,18.0
134672,3,2,167,5,3,50.0,0,N,LARGE_PROVINCIAL_CITIES,STREET,7,23.0
134673,1,3,130,1,3,80.0,1,I,MELB_URBAN,ROAD,7,2.0
134674,8,6,174,2,1,40.0,0,I,TOWNS,ROAD,7,10.0
134675,1,6,130,5,1,60.0,0,N,MELB_URBAN,RAMP,7,16.0
134676,1,3,130,2,1,60.0,0,N,RURAL_VICTORIA,DRIVE,7,8.0
134677,1,3,99,5,1,60.0,0,N,MELB_URBAN,STREET,12,11.0
134678,4,6,173,5,3,50.0,0,N,MELB_URBAN,OTHER,6,0.0
134679,1,6,130,5,1,60.0,0,N,MELB_URBAN,ROAD,5,12.0
134680,2,2,99,5,1,60.0,0,N,MELB_URBAN,STREET,7,10.0
134681,9,6,99,5,6,100.0,0,N,RURAL_VICTORIA,ROAD,7,20.0
134682,4,2,171,5,1,50.0,0,N,MELB_URBAN,STREET,7,10.0
134683,1,2,130,5,2,80.0,0,N,MELB_URBAN,HIGHWAY,6,18.0
134684,1,4,130,1,1,70.0,0,N,MELB_URBAN,ROAD,4,16.0
134685,1,3,130,4,1,80.0,0,N,MELB_URBAN,RAMP,7,16.0
134686,4,1,173,5,1,100.0,0,N,RURAL_VICTORIA,ROAD,7,12.0
134687,1,3,120,5,1,60.0,0,N,RURAL_VICTORIA,STREET,7,14.0
134688,6,2,174,1,1,40.0,0,I,MELB_URBAN,STREET,7,15.0
134689,4,3,171,4,5,110.0,0,N,SMALL_CITIES,RAMP,7,17.0
134690,1,3,110,1,2,60.0,0,I,MELB_URBAN,STREET,7,18.0
134691,1,3,110,1,1,60.0,0,I,LARGE_PROVINCIAL_CITIES,ROAD,7,17.0
134692,1,2,99,1,1,50.0,0,I,LARGE_PROVINCIAL_CITIES,ROAD,7,15.0
134693,6,3,99,5,5,100.0,0,N,RURAL_VICTORIA,ROAD,7,20.0
134694,1,2,121,4,3,60.0,0,I,MELB_URBAN,DRIVE,7,20.0
134695,4,2,171,5,3,80.0,0,N,MELB_URBAN,ROAD,7,3.0
134696,1,3,120,1,1,60.0,0,I,LARGE_PROVINCIAL_CITIES,STREET,7,15.0
134697,1,6,134,5,3,60.0,0,N,MELB_URBAN,ROAD,7,18.0
134698,4,4,183,5,3,70.0,0,N,MELB_URBAN,ROAD,7,2.0
134699,1,4,160,5,3,80.0,0,N,MELB_URBAN,ROAD,7,3.0
134700,1,4,99,5,3,60.0,0,N,MELB_URBAN,STREET,7,6.0
134701,1,3,140,5,3,60.0,0,I,MELB_URBAN,ROAD,7,6.0
134702,2,4,102,2,1,60.0,0,N,MELB_URBAN,STREET,7,6.0
134703,1,4,99,2,1,60.0,0,I,SMALL_CITIES,DRIVE,7,10.0
134704,1,3,121,1,1,60.0,0,I,MELB_URBAN,STREET,7,11.0
134705,1,4,113,2,1,50.0,0,I,LARGE_PROVINCIAL_CITIES,ROAD,7,11.0
134706,1,7,130,5,3,40.0,0,N,MELB_URBAN,STREET,7,18.0
134707,1,2,130,5,1,60.0,0,N,LARGE_PROVINCIAL_CITIES,STREET,4,16.0
134708,1,5,130,4,1,60.0,0,N,LARGE_PROVINCIAL_CITIES,RAMP,5,15.0
134709,4,4,171,5,3,70.0,1,N,MELB_URBAN,HIGHWAY,7,1.0
134710,2,1,99,6,1,50.0,0,N,SMALL_CITIES,OTHER,6,9.0
134711,1,4,110,1,1,50.0,0,I,TOWNS,STREET,7,13.0
134712,3,4,167,5,5,100.0,0,N,TOWNS,ROAD,5,21.0
134713,7,2,99,5,1,50.0,0,N,MELB_URBAN,AVENUE,7,9.0
134714,1,4,121,2,1,60.0,0,I,MELB_URBAN,ROAD,7,10.0
134715,4,7,173,5,1,50.0,0,N,MELB_URBAN,DRIVE,7,11.0
134716,1,5,133,5,3,50.0,0,N,MELB_URBAN,STREET,7,19.0
134717,8,7,99,1,1,60.0,0,I,RURAL_VICTORIA,ROAD,11,16.0
134718,1,4,121,1,1,80.0,0,I,MELB_URBAN,ROAD,7,15.0
134719,1,4,173,1,1,60.0,0,I,MELB_URBAN,ROAD,7,15.0
134720,1,5,132,2,3,60.0,0,I,MELB_URBAN,BOULEVARD,7,20.0
134721,1,4,130,5,1,80.0,0,N,MELB_URBAN,ROAD,7,14.0
134722,1,4,130,5,3,50.0,0,N,SMALL_CITIES,STREET,7,17.0
134723,1,4,116,2,1,50.0,0,I,MELB_URBAN,ROAD,7,15.0
134724,4,6,173,5,1,60.0,1,N,SMALL_TOWNS,HIGHWAY,7,16.0
134725,1,3,110,1,1,60.0,0,N,SMALL_CITIES,STREET,7,13.0
134726,4,3,181,4,1,60.0,0,N,TOWNS,ROAD,7,15.0
134727,1,6,132,1,2,70.0,0,I,MELB_URBAN,STREET,7,18.0
134728,1,4,99,1,1,40.0,0,I,MELBOURNE_CBD,STREET,7,14.0
134729,2,3,100,1,1,50.0,0,I,SMALL_CITIES,STREET,7,16.0
134730,2,4,102,2,3,40.0,0,I,MELB_URBAN,ROAD,7,19.0
134731,7,4,99,5,5,80.0,0,N,RURAL_VICTORIA,HIGHWAY,7,19.0
134732,5,4,99,5,5,100.0,0,N,RURAL_VICTORIA,ROAD,7,5.0
134733,4,5,173,2,3,60.0,0,N,MELB_URBAN,ROAD,7,4.0
134734,1,5,121,2,1,50.0,0,I,MELB_URBAN,STREET,7,7.0
134735,1,4,113,2,1,60.0,0,I,RURAL_VICTORIA,DRIVE,7,13.0
134736,1,5,120,5,1,100.0,0,N,RURAL_VICTORIA,ROAD,7,6.0
134737,1,2,110,1,3,60.0,0,N,TOWNS,AVENUE,6,6.0
134738,8,4,174,5,3,60.0,0,N,RURAL_VICTORIA,BOULEVARD,7,22.0
134739,6,4,99,5,1,80.0,0,N,RURAL_VICTORIA,ROAD,7,7.0
134740,6,4,174,2,2,60.0,0,I,MELB_URBAN,HIGHWAY,4,18.0
134741,1,2,130,5,2,80.0,0,N,RURAL_VICTORIA,STREET,7,16.0
134742,2,5,99,2,1,40.0,0,N,MELB_URBAN,STREET,7,13.0
134743,2,1,99,5,9,60.0,0,N,MELB_URBAN,STREET,7,16.0
134744,6,4,174,1,1,60.0,0,I,MELB_URBAN,PARADE,1,16.0
134745,1,5,130,1,1,70.0,0,I,LARGE_PROVINCIAL_CITIES,ROAD,7,8.0
134746,4,3,173,5,3,80.0,0,N,MELB_URBAN,HIGHWAY,7,19.0
134747,6,2,170,5,1,100.0,0,N,RURAL_VICTORIA,ROAD,5,10.0
134748,1,5,147,5,1,50.0,0,I,MELB_URBAN,DRIVE,7,13.0
134749,4,4,173,5,1,100.0,0,N,RURAL_VICTORIA,OTHER,7,9.0
134750,8,7,99,5,1,60.0,0,N,RURAL_VICTORIA,ROAD,7,16.0
134751,5,6,99,5,1,80.0,0,N,RURAL_VICTORIA,ROAD,6,17.0
134752,6,5,174,5,1,50.0,0,N,MELB_URBAN,STREET,7,15.0
134753,1,3,110,1,1,50.0,0,I,MELB_URBAN,STREET,7,13.0
134754,1,4,130,5,3,80.0,0,N,MELB_URBAN,OTHER,7,21.0
134755,1,5,121,2,1,60.0,0,I,MELB_URBAN,ROAD,7,16.0
134756,1,4,132,1,1,60.0,0,I,MELB_URBAN,ROAD,7,16.0
134757,1,5,130,5,2,100.0,0,N,MELB_URBAN,ROAD,7,17.0
134758,1,5,160,5,1,60.0,0,N,MELB_URBAN,STREET,7,15.0
134759,1,2,130,5,1,80.0,0,N,MELB_URBAN,FREEWAY,7,8.0
134760,1,5,147,5,3,50.0,0,N,RURAL_VICTORIA,AVENUE,7,18.0
134761,8,5,99,4,3,80.0,0,N,MELB_URBAN,RAMP,7,20.0
134762,4,5,171,5,5,100.0,0,N,RURAL_VICTORIA,HIGHWAY,7,3.0
134763,1,1,130,2,3,60.0,0,I,MELB_URBAN,ROAD,7,6.0
134764,4,5,171,5,3,50.0,0,N,LARGE_PROVINCIAL_CITIES,STREET,7,23.0
134765,2,5,100,2,1,60.0,0,I,TOWNS,STREET,7,9.0
134766,1,6,99,1,1,40.0,0,I,MELBOURNE_CBD,STREET,7,6.0
134767,1,6,121,2,2,60.0,0,I,MELB_URBAN,STREET,7,6.0
134768,4,6,173,5,3,80.0,0,N,MELB_URBAN,STREET,7,5.0
134769,1,6,110,1,2,60.0,0,I,LARGE_PROVINCIAL_CITIES,AVENUE,7,7.0
134770,4,6,171,5,5,100.0,0,N,RURAL_VICTORIA,ROAD,7,6.0
134771,4,3,173,5,3,80.0,0,N,MELB_URBAN,HIGHWAY,7,6.0
134772,1,6,130,5,6,60.0,0,N,MELB_URBAN,ROAD,7,6.0
134773,1,6,110,1,2,50.0,0,N,SMALL_CITIES,STREET,7,7.0
134774,1,5,130,1,1,60.0,0,N,SMALL_CITIES,AVENUE,7,11.0
134775,1,0,130,5,9,60.0,0,N,SMALL_CITIES,AVENUE,6,11.0
134776,2,6,99,5,1,50.0,0,N,MELB_URBAN,DRIVE,7,14.0
134777,1,5,173,5,1,60.0,0,N,RURAL_VICTORIA,AVENUE,7,10.0
134778,1,4,120,1,1,60.0,0,I,MELB_URBAN,ROAD,7,16.0
134779,3,5,167,5,5,60.0,0,N,RURAL_VICTORIA,HIGHWAY,7,0.0
134780,1,6,130,5,1,50.0,0,N,MELB_URBAN,ROAD,7,15.0
134781,1,6,130,5,1,60.0,0,N,LARGE_PROVINCIAL_CITIES,ROAD,7,16.0
134782,1,5,130,5,1,60.0,0,N,MELB_URBAN,ROAD,7,16.0
134783,1,5,130,5,1,80.0,0,N,MELB_URBAN,ROAD,7,17.0
134784,1,3,99,1,1,60.0,0,I,MELB_URBAN,STREET,7,15.0
134785,3,6,167,5,5,100.0,0,N,RURAL_VICTORIA,ROAD,6,6.0
134786,1,5,130,5,3,80.0,0,N,MELB_URBAN,HIGHWAY,7,19.0
134787,8,5,99,5,5,100.0,0,N,RURAL_VICTORIA,ROAD,7,23.0
134788,1,3,130,5,1,40.0,0,N,MELB_URBAN,PARADE,7,8.0
134789,4,6,183,5,5,100.0,0,N,RURAL_VICTORIA,ROAD,7,19.0
134790,1,5,121,5,3,60.0,0,N,RURAL_VICTORIA,ROAD,7,19.0
134791,1,6,160,5,3,60.0,0,N,LARGE_PROVINCIAL_CITIES,STREET,7,21.0
134792,1,5,160,5,3,60.0,0,N,MELB_URBAN,PARADE,7,21.0
134793,1,4,99,1,9,60.0,0,I,MELB_URBAN,BOULEVARD,6,12.0
134794,4,6,171,5,5,100.0,1,N,RURAL_VICTORIA,ROAD,7,20.0
134795,1,5,121,1,3,60.0,0,N,MELB_URBAN,ROAD,7,6.0
134796,2,6,99,5,3,40.0,0,N,LARGE_PROVINCIAL_CITIES,ROAD,7,23.0
134797,4,5,181,2,3,60.0,0,N,MELB_URBAN,ROAD,7,4.0
134798,1,4,110,1,5,80.0,0,I,RURAL_VICTORIA,ROAD,7,6.0
134799,1,5,130,5,5,100.0,0,N,RURAL_VICTORIA,HIGHWAY,7,19.0
134800,1,4,135,5,1,80.0,0,N,MELB_URBAN,UNKNOWN,6,11.0
134801,4,6,173,2,1,70.0,0,I,MELB_URBAN,ROAD,7,8.0
134802,1,5,121,1,1,50.0,0,I,LARGE_PROVINCIAL_CITIES,STREET,2,14.0
134803,1,7,110,1,1,80.0,0,N,MELB_URBAN,OTHER,7,10.0
134804,8,7,99,5,1,60.0,0,N,MELB_URBAN,ROAD,7,10.0
134805,4,7,171,2,1,60.0,0,I,MELB_URBAN,ROAD,7,16.0
134806,1,4,147,2,1,50.0,0,I,MELB_URBAN,STREET,7,13.0
134807,4,7,171,5,1,100.0,0,N,MELB_URBAN,FREEWAY,7,14.0
134808,1,7,121,1,1,80.0,0,I,RURAL_VICTORIA,ROAD,7,14.0
134809,1,2,130,5,1,60.0,0,N,MELB_URBAN,RAMP,7,16.0
134810,4,7,173,5,5,110.0,0,N,RURAL_VICTORIA,FREEWAY,7,17.0
134811,1,3,110,4,1,60.0,0,I,MELB_URBAN,ROAD,7,8.0
134812,1,6,130,5,3,80.0,0,N,MELB_URBAN,ROAD,7,20.0
134813,6,6,170,5,3,60.0,0,N,LARGE_PROVINCIAL_CITIES,STREET,7,5.0
134814,1,7,130,1,3,60.0,0,N,RURAL_VICTORIA,DRIVE,7,23.0
134815,1,7,130,5,5,60.0,0,N,RURAL_VICTORIA,ROAD,7,17.0
134816,1,1,113,1,1,70.0,0,I,MELB_URBAN,ROAD,7,8.0
134817,1,2,116,2,1,60.0,0,N,MELB_URBAN,ROAD,7,16.0
134818,1,2,130,5,1,80.0,0,N,MELB_URBAN,ROAD,6,15.0
134819,1,1,111,2,1,60.0,0,I,MELB_URBAN,STREET,7,11.0
134820,1,1,99,5,1,40.0,0,N,MELB_URBAN,DRIVE,7,11.0
134821,1,1,147,5,1,60.0,0,N,MELB_URBAN,ROAD,7,11.0
134822,1,1,160,5,1,60.0,0,N,MELB_URBAN,PARADE,7,14.0
134823,1,1,130,5,1,110.0,0,N,RURAL_VICTORIA,FREEWAY,7,16.0
134824,1,1,130,2,3,60.0,0,N,MELB_URBAN,STREET,7,18.0
134825,2,3,102,1,3,60.0,0,N,MELB_URBAN,STREET,7,19.0
134826,4,1,181,5,2,100.0,0,N,RURAL_VICTORIA,ROAD,7,16.0
134827,1,0,110,1,3,40.0,0,I,MELB_URBAN,STREET,7,23.0
134828,1,2,130,5,3,80.0,0,N,MELB_URBAN,ROAD,7,5.0
134829,1,5,121,2,3,80.0,0,I,MELB_URBAN,ROAD,7,20.0
134830,1,2,99,1,1,60.0,0,I,MELB_URBAN,STREET,7,7.0
134831,8,5,174,5,1,50.0,0,N,SMALL_CITIES,OTHER,7,14.0
134832,1,4,99,2,9,60.0,0,I,MELB_URBAN,STREET,7,18.0
134833,4,1,99,6,1,50.0,0,N,MELB_URBAN,OTHER,7,10.0
134834,1,1,130,5,1,60.0,0,N,MELB_URBAN,ROAD,7,10.0
134835,2,6,100,2,1,50.0,0,I,MELB_URBAN,ROAD,7,13.0
134836,1,2,121,1,1,60.0,0,I,SMALL_CITIES,DRIVE,7,10.0
134837,1,2,121,4,1,80.0,0,N,MELB_URBAN,ROAD,7,10.0
134838,1,2,160,5,1,70.0,0,N,MELB_URBAN,ROAD,7,11.0
134839,3,2,167,5,5,100.0,0,N,RURAL_VICTORIA,ROAD,7,6.0
134840,4,1,173,1,1,50.0,0,I,LARGE_PROVINCIAL_CITIES,DRIVE,7,11.0
134841,4,2,173,5,1,100.0,0,N,RURAL_VICTORIA,ROAD,7,9.0
134842,1,6,130,1,1,70.0,0,N,MELB_URBAN,HIGHWAY,3,11.0
134843,1,0,130,5,1,60.0,0,N,MELB_URBAN,ROAD,7,15.0
134844,1,5,160,5,3,60.0,0,N,MELB_URBAN,DRIVE,7,5.0
134845,1,5,130,5,1,60.0,0,N,MELB_URBAN,ROAD,2,17.0
134846,1,1,130,5,1,60.0,0,N,MELB_URBAN,PARADE,7,16.0
134847,3,4,167,5,3,60.0,0,N,RURAL_VICTORIA,ROAD,7,18.0
134848,1,2,99,5,1,60.0,0,N,MELB_URBAN,ROAD,7,15.0
134849,1,2,116,2,2,60.0,0,I,LARGE_PROVINCIAL_CITIES,ROAD,7,18.0
134850,1,2,116,1,1,50.0,0,I,SMALL_CITIES,UNKNOWN,7,16.0
134851,6,7,174,2,1,30.0,0,I,MELB_URBAN,STREET,7,14.0
134852,4,1,171,5,1,80.0,0,N,RURAL_VICTORIA,ROAD,7,17.0
134853,1,2,110,1,1,50.0,0,I,MELB_URBAN,ROAD,7,13.0
134854,1,2,121,4,1,60.0,0,I,MELB_URBAN,OTHER,7,15.0
134855,1,2,120,5,2,100.0,0,N,RURAL_VICTORIA,ROAD,7,17.0
134856,4,1,171,5,5,100.0,0,N,SMALL_TOWNS,ROAD,7,19.0
134857,4,1,173,5,5,110.0,0,N,RURAL_VICTORIA,HIGHWAY,7,4.0
134858,1,4,99,5,5,100.0,0,N,RURAL_VICTORIA,HIGHWAY,7,6.0
134859,1,1,121,1,3,60.0,0,I,MELB_URBAN,ROAD,7,18.0
134860,1,3,99,2,1,40.0,0,I,MELB_URBAN,AVENUE,7,8.0
134861,1,2,130,1,1,80.0,0,N,RURAL_VICTORIA,ROAD,7,9.0
134862,1,3,116,1,1,60.0,0,I,MELB_URBAN,ROAD,7,8.0
134863,1,6,99,2,1,70.0,0,I,MELB_URBAN,ROAD,7,8.0
134864,4,2,171,2,1,60.0,0,I,RURAL_VICTORIA,ROAD,7,9.0
134865,4,3,99,2,1,50.0,1,I,MELB_URBAN,OTHER,7,12.0
134866,4,2,171,5,1,80.0,0,N,RURAL_VICTORIA,ROAD,7,7.0
134867,8,5,174,5,2,70.0,0,N,LARGE_PROVINCIAL_CITIES,ROAD,7,17.0
134868,1,2,160,5,1,50.0,0,N,MELB_URBAN,ROAD,7,11.0
134869,1,0,130,2,1,70.0,0,I,RURAL_VICTORIA,ROAD,7,14.0
134870,1,3,130,5,1,80.0,0,N,MELB_URBAN,FREEWAY,7,10.0
134871,3,3,167,5,5,100.0,0,N,RURAL_VICTORIA,ROAD,7,22.0
134872,2,2,100,2,1,70.0,0,I,MELB_URBAN,ROAD,7,14.0
134873,1,3,134,5,1,80.0,0,N,RURAL_VICTORIA,FREEWAY,7,13.0
134874,1,3,130,5,1,60.0,0,N,MELB_URBAN,HIGHWAY,7,13.0
134875,1,2,130,5,1,60.0,0,N,MELB_URBAN,HIGHWAY,7,11.0
134876,1,6,140,5,3,60.0,0,N,MELB_URBAN,AVENUE,7,19.0
134877,2,3,100,5,1,60.0,0,N,MELB_URBAN,ROAD,7,16.0
134878,1,1,121,1,3,60.0,0,I,MELB_URBAN,ROAD,7,19.0
134879,4,3,171,5,1,100.0,0,N,MELB_URBAN,ROAD,7,11.0
134880,1,4,110,1,1,60.0,0,I,LARGE_PROVINCIAL_CITIES,STREET,7,15.0
134881,1,2,130,2,1,60.0,0,I,MELB_URBAN,AVENUE,7,17.0
134882,1,5,99,5,1,50.0,0,N,MELB_URBAN,AVENUE,7,14.0
134883,1,2,183,5,3,50.0,0,N,MELB_URBAN,DRIVE,7,20.0
134884,1,3,120,5,1,50.0,0,N,SMALL_CITIES,OTHER,7,15.0
134885,2,2,102,5,1,60.0,0,N,MELB_URBAN,STREET,7,16.0
134886,1,3,110,1,1,80.0,0,I,RURAL_VICTORIA,ROAD,7,16.0
134887,1,2,111,1,1,60.0,0,I,MELB_URBAN,STREET,7,15.0
134888,2,3,102,5,5,60.0,0,N,SMALL_CITIES,ROAD,7,18.0
134889,1,2,111,2,9,60.0,0,I,MELB_URBAN,ROAD,6,5.0
134890,8,2,174,5,3,60.0,0,N,MELB_URBAN,STREET,7,22.0
134891,5,2,99,5,5,100.0,0,N,RURAL_VICTORIA,ROAD,7,22.0
134892,1,3,99,5,3,100.0,0,N,RURAL_VICTORIA,FREEWAY,7,0.0
134893,1,4,140,5,3,60.0,0,N,LARGE_PROVINCIAL_CITIES,STREET,7,6.0
134894,1,1,130,5,1,80.0,0,N,MELB_URBAN,RAMP,6,9.0
134895,6,3,174,5,1,60.0,0,N,MELB_URBAN,STREET,7,14.0
134896,1,4,121,2,9,80.0,0,N,MELB_URBAN,HIGHWAY,10,7.0
134897,8,5,174,5,6,50.0,0,N,TOWNS,ROAD,6,22.0
134898,1,3,130,5,1,100.0,0,N,MELB_URBAN,RAMP,6,16.0