,accident_type,day_of_week,dca_code,road_geometry,light_condition,speed_zone,severity,node_type,deg_urban_name,road_type,month,hour
134899,1,4,130,5,1,100.0,0,N,MELB_URBAN,ROAD,7,11.0
134900,2,4,100,2,1,60.0,0,I,MELB_URBAN,ROAD,7,10.0
134901,1,4,116,4,9,70.0,0,I,MELB_URBAN,ROAD,7,6.0
134902,2,4,100,1,1,40.0,0,I,MELB_URBAN,STREET,7,11.0
134903,1,5,130,1,1,80.0,0,I,MELB_URBAN,HIGHWAY,7,11.0
134904,1,2,99,1,1,60.0,0,N,MELB_URBAN,AVENUE,7,15.0
134905,1,5,130,1,1,60.0,0,I,MELB_URBAN,PARADE,7,15.0
134906,5,7,99,5,1,80.0,0,N,RURAL_VICTORIA,ROAD,6,13.0
134907,1,2,130,5,1,80.0,0,N,MELB_URBAN,UNKNOWN,7,14.0
134908,2,3,100,5,3,70.0,0,N,RURAL_VICTORIA,ROAD,7,18.0
134909,1,1,111,1,1,60.0,0,I,MELB_URBAN,HIGHWAY,7,13.0
134910,1,4,120,5,1,50.0,0,N,SMALL_CITIES,STREET,7,14.0
134911,1,1,99,5,9,40.0,0,N,MELB_URBAN,STREET,7,8.0
134912,1,2,121,1,9,60.0,0,I,RURAL_VICTORIA,ROAD,7,13.0
134913,8,7,174,5,1,100.0,0,N,RURAL_VICTORIA,ROAD,7,14.0
134914,1,3,130,4,1,60.0,0,N,MELB_URBAN,STREET,7,15.0
134915,6,4,174,1,3,40.0,0,I,MELBOURNE_CBD,STREET,7,17.0
134916,1,4,99,5,1,60.0,0,N,MELB_URBAN,DRIVE,7,15.0
134917,1,4,130,5,1,80.0,0,N,MELB_URBAN,RAMP,7,17.0
134918,1,4,130,5,1,50.0,0,N,MELB_URBAN,STREET,7,17.0
134919,1,4,110,1,3,80.0,0,I,MELB_URBAN,HIGHWAY,7,20.0
134920,1,4,99,1,4,60.0,0,I,MELB_URBAN,STREET,7,23.0
134921,1,5,130,5,1,60.0,0,N,LARGE_PROVINCIAL_CITIES,ROAD,7,15.0
134922,1,4,130,5,1,50.0,0,N,MELB_URBAN,BOULEVARD,7,15.0
134923,4,4,99,2,3,50.0,0,I,MELB_URBAN,ROAD,7,23.0
134924,1,6,113,2,1,100.0,0,I,RURAL_VICTORIA,HIGHWAY,7,8.0
134925,1,5,110,1,3,60.0,0,I,MELBOURNE_CBD,STREET,7,1.0
134926,1,5,116,2,2,60.0,0,I,MELB_URBAN,ROAD,7,6.0
134927,6,4,174,5,1,100.0,0,N,RURAL_VICTORIA,ROAD,7,13.0
134928,1,6,130,5,2,60.0,0,N,MELB_URBAN,STREET,7,17.0
134929,1,5,130,2,1,60.0,0,I,MELB_URBAN,ROAD,7,7.0
134930,8,5,99,5,1,60.0,0,N,MELB_URBAN,ROAD,6,12.0
134931,1,2,99,1,1,60.0,0,I,MELB_URBAN,ROAD,7,7.0
134932,1,2,120,5,1,100.0,0,N,RURAL_VICTORIA,ROAD,7,7.0
134933,1,4,130,5,1,60.0,0,N,MELB_URBAN,ROAD,7,6.0
134934,1,4,110,1,1,60.0,0,I,LARGE_PROVINCIAL_CITIES,STREET,7,8.0
134935,1,5,130,5,1,50.0,0,N,MELB_URBAN,STREET,7,9.0
134936,1,4,130,5,1,100.0,0,N,RURAL_VICTORIA,OTHER,7,8.0
134937,1,5,99,2,1,60.0,0,I,MELB_URBAN,HIGHWAY,7,7.0
134938,1,4,130,5,2,80.0,0,N,MELB_URBAN,OTHER,7,6.0
134939,1,4,110,1,1,60.0,0,I,MELB_URBAN,HIGHWAY,7,7.0
134940,1,5,130,5,5,100.0,0,N,RURAL_VICTORIA,HIGHWAY,7,17.0
134941,1,5,121,1,1,70.0,0,I,MELB_URBAN,ROAD,7,7.0
134942,1,4,147,5,1,70.0,0,N,MELB_URBAN,ROAD,7,9.0
134943,1,5,147,5,1,80.0,0,N,RURAL_VICTORIA,ROAD,7,9.0
134944,4,5,171,5,1,100.0,0,N,RURAL_VICTORIA,ROAD,7,9.0
134945,5,1,99,5,1,100.0,0,N,MELB_URBAN,FREEWAY,7,12.0
134946,8,2,99,2,2,60.0,0,I,MELB_URBAN,STREET,7,17.0
134947,1,5,132,1,1,50.0,0,N,MELB_URBAN,STREET,7,8.0
134948,1,7,99,1,3,50.0,0,I,LARGE_PROVINCIAL_CITIES,STREET,7,0.0
134949,1,5,113,2,1,50.0,0,I,TOWNS,ROAD,7,12.0
134950,4,5,171,5,1,100.0,0,N,RURAL_VICTORIA,ROAD,7,8.0
134951,1,5,130,5,1,100.0,0,N,MELB_URBAN,FREEWAY,7,10.0
134952,1,5,110,1,1,60.0,0,I,SMALL_TOWNS,STREET,7,14.0
134953,4,2,173,5,5,60.0,0,N,MELB_URBAN,STREET,7,22.0
134954,1,5,113,2,1,60.0,0,I,MELB_URBAN,STREET,7,15.0
134955,1,4,99,2,3,60.0,0,I,TOWNS,ROAD,7,18.0
134956,1,3,130,1,3,60.0,0,I,MELB_URBAN,ROAD,7,18.0
134957,1,5,130,2,1,60.0,0,I,MELB_URBAN,ROAD,7,16.0
134958,1,4,130,1,1,80.0,0,I,MELB_URBAN,ROAD,7,16.0
134959,1,5,99,4,1,60.0,0,N,MELB_URBAN,STREET,7,11.0
134960,1,5,121,2,2,60.0,0,I,MELB_URBAN,ROAD,7,18.0
134961,1,5,99,5,1,60.0,0,N,SMALL_CITIES,AVENUE,7,16.0
134962,1,5,99,2,1,50.0,0,I,MELB_URBAN,STREET,7,15.0
134963,1,5,160,5,1,100.0,0,N,RURAL_VICTORIA,HIGHWAY,7,8.0
134964,4,5,171,5,6,60.0,0,N,TOWNS,ROAD,7,18.0
134965,1,5,99,5,2,50.0,0,N,RURAL_VICTORIA,DRIVE,7,18.0
134966,1,3,130,5,1,80.0,0,N,MELB_URBAN,HIGHWAY,7,13.0
134967,4,5,171,5,5,100.0,0,N,RURAL_VICTORIA,ROAD,7,19.0
134968,8,5,170,2,3,60.0,0,I,MELB_URBAN,STREET,7,18.0
134969,8,1,174,5,1,50.0,0,N,SMALL_CITIES,STREET,5,16.0
134970,1,4,130,5,1,50.0,0,N,MELB_URBAN,BOULEVARD,7,16.0
134971,4,5,171,5,3,50.0,0,N,MELB_URBAN,AVENUE,7,21.0
134972,1,5,135,5,2,60.0,0,N,MELB_URBAN,ROAD,7,18.0
134973,1,5,113,1,1,70.0,0,I,MELB_URBAN,ROAD,7,15.0
134974,1,1,130,5,2,80.0,0,N,MELB_URBAN,ROAD,7,17.0
134975,1,5,130,5,3,80.0,0,N,MELB_URBAN,OTHER,7,18.0
134976,1,5,121,1,3,60.0,0,N,MELB_URBAN,ROAD,7,21.0
134977,1,5,121,1,3,70.0,0,I,MELB_URBAN,ROAD,7,21.0
134978,1,3,133,2,1,60.0,0,I,RURAL_VICTORIA,ROAD,7,10.0
134979,6,5,174,2,3,50.0,0,I,SMALL_CITIES,STREET,7,22.0
134980,1,2,160,5,5,80.0,0,N,RURAL_VICTORIA,OTHER,7,23.0
134981,1,4,121,1,3,80.0,0,I,MELB_URBAN,RAMP,7,0.0
134982,1,6,130,1,9,60.0,0,N,MELB_URBAN,ROAD,7,5.0
134983,1,6,116,2,1,60.0,0,I,RURAL_VICTORIA,ROAD,6,13.0
134984,1,4,160,5,1,50.0,0,N,MELB_URBAN,ROAD,7,14.0
134985,1,2,132,2,1,60.0,0,I,MELB_URBAN,ROAD,7,17.0
134986,8,6,174,2,1,40.0,0,N,MELB_URBAN,STREET,7,8.0
134987,1,5,140,5,5,80.0,0,N,MELB_URBAN,ROAD,7,19.0
134988,1,5,130,5,1,80.0,0,N,MELB_URBAN,FREEWAY,5,15.0
134989,1,5,121,4,1,70.0,0,I,MELB_URBAN,RAMP,7,8.0
134990,1,0,110,1,5,60.0,0,I,SMALL_CITIES,STREET,7,20.0
134991,1,6,110,1,1,60.0,0,I,SMALL_CITIES,STREET,7,9.0
134992,2,6,102,5,1,50.0,0,N,MELB_URBAN,ROAD,7,8.0
134993,1,3,132,2,1,80.0,0,I,TOWNS,HIGHWAY,5,16.0
134994,2,6,100,1,1,60.0,0,I,RURAL_VICTORIA,ROAD,7,8.0
134995,1,2,110,1,1,60.0,0,I,SMALL_CITIES,ROAD,6,9.0
134996,1,0,147,5,1,60.0,0,N,MELB_URBAN,STREET,7,14.0
134997,1,2,133,2,4,80.0,0,I,RURAL_VICTORIA,ROAD,7,20.0
134998,1,6,113,1,1,60.0,0,I,MELB_URBAN,ROAD,7,10.0
134999,1,5,110,1,1,50.0,0,I,LARGE_PROVINCIAL_CITIES,STREET,7,12.0
135000,1,5,121,1,1,40.0,0,I,MELB_URBAN,STREET,7,9.0
135001,1,0,120,5,1,100.0,0,N,RURAL_VICTORIA,ROAD,3,16.0
135002,4,5,181,5,1,80.0,0,N,SMALL_TOWNS,ROAD,7,13.0
135003,1,3,113,2,1,60.0,0,I,MELB_URBAN,OTHER,7,15.0
135004,1,7,130,5,1,60.0,0,N,MELB_URBAN,PARADE,7,15.0
135005,1,2,130,5,1,80.0,0,N,MELB_URBAN,OTHER,7,14.0
135006,2,5,100,1,1,80.0,0,I,MELB_URBAN,HIGHWAY,7,14.0
135007,2,6,99,5,1,60.0,0,N,MELB_URBAN,OTHER,7,12.0
135008,1,4,147,5,1,60.0,0,I,SMALL_CITIES,STREET,7,17.0
135009,6,5,174,9,1,70.0,0,N,MELB_URBAN,ROAD,7,10.0
135010,1,6,130,5,1,80.0,0,N,MELB_URBAN,FREEWAY,7,16.0
135011,2,6,99,2,9,60.0,0,I,MELB_URBAN,AVENUE,7,17.0
135012,4,6,183,5,1,80.0,0,N,RURAL_VICTORIA,ROAD,7,15.0
135013,1,6,130,5,1,40.0,1,N,MELB_URBAN,HIGHWAY,7,15.0
135014,1,7,132,1,1,80.0,0,N,MELB_URBAN,ROAD,7,11.0
135015,4,6,171,1,1,40.0,0,I,MELBOURNE_CBD,STREET,7,15.0
135016,1,6,130,5,3,60.0,0,N,MELB_URBAN,ROAD,7,18.0
135017,4,6,173,5,1,80.0,0,N,RURAL_VICTORIA,ROAD,7,15.0
135018,1,6,130,5,1,60.0,0,N,RURAL_VICTORIA,HIGHWAY,7,16.0
135019,1,6,130,5,3,80.0,0,N,MELB_URBAN,DRIVE,7,18.0
135020,6,6,170,5,5,100.0,0,N,RURAL_VICTORIA,ROAD,7,18.0
135021,1,6,113,2,2,60.0,0,I,MELB_URBAN,ROAD,7,17.0
135022,1,5,130,5,1,50.0,0,N,MELB_URBAN,ROAD,7,15.0
135023,1,6,147,5,3,60.0,0,N,RURAL_VICTORIA,ROAD,7,20.0
135024,2,6,102,5,3,60.0,0,N,MELB_URBAN,STREET,7,20.0
135025,4,6,171,5,4,60.0,0,N,MELB_URBAN,ROAD,7,19.0
135026,1,6,134,2,3,80.0,0,N,MELB_URBAN,OTHER,7,21.0
135027,2,6,102,2,3,40.0,0,I,MELB_URBAN,STREET,7,19.0
135028,1,6,99,5,3,60.0,0,N,MELB_URBAN,STREET,7,21.0
135029,4,6,171,5,3,60.0,0,N,SMALL_CITIES,STREET,7,23.0
135030,4,6,181,5,5,60.0,0,N,RURAL_VICTORIA,ROAD,7,21.0
135031,1,6,160,5,3,60.0,0,N,MELB_URBAN,STREET,7,3.0
135032,1,4,121,2,1,80.0,0,I,SMALL_CITIES,DRIVE,7,15.0
135033,1,6,130,5,1,50.0,0,N,MELB_URBAN,BOULEVARD,7,9.0
135034,1,5,121,5,1,60.0,0,N,MELB_URBAN,ROAD,4,14.0
135035,2,7,100,1,1,60.0,0,I,MELB_URBAN,ROAD,7,9.0
135036,1,7,120,5,1,40.0,0,N,RURAL_VICTORIA,ROAD,7,7.0
135037,1,5,99,2,1,70.0,0,I,MELB_URBAN,ROAD,7,14.0
135038,1,3,113,2,6,60.0,0,I,RURAL_VICTORIA,ROAD,6,6.0
135039,1,4,99,2,2,60.0,0,N,MELB_URBAN,ROAD,7,17.0
135040,1,7,99,5,1,40.0,0,N,MELB_URBAN,ROAD,7,13.0
135041,1,6,130,5,2,80.0,0,N,MELB_URBAN,ROAD,7,17.0
135042,1,4,160,5,3,60.0,0,N,MELB_URBAN,ROAD,7,19.0
135043,1,6,120,5,1,60.0,0,N,MELB_URBAN,ROAD,7,12.0
135044,2,7,100,1,1,70.0,0,N,MELB_URBAN,ROAD,7,12.0
135045,1,6,133,5,1,40.0,0,N,MELB_URBAN,OTHER,7,11.0
135046,1,5,111,2,1,60.0,0,N,MELB_URBAN,STREET,7,16.0
135047,6,7,174,5,1,50.0,0,N,SMALL_CITIES,AVENUE,7,14.0
135048,4,7,183,5,1,50.0,0,N,MELB_URBAN,DRIVE,7,15.0
135049,1,6,130,5,1,70.0,0,N,LARGE_PROVINCIAL_CITIES,ROAD,7,16.0
135050,2,7,100,1,1,60.0,1,I,LARGE_PROVINCIAL_CITIES,STREET,7,10.0
135051,1,7,120,5,1,60.0,0,N,TOWNS,STREET,7,15.0
135052,4,7,99,5,1,50.0,0,N,MELB_URBAN,OTHER,7,15.0
135053,8,7,174,5,1,100.0,0,N,RURAL_VICTORIA,ROAD,7,15.0
135054,2,7,99,5,1,50.0,0,N,MELB_URBAN,STREET,7,16.0
135055,1,7,133,5,1,100.0,0,N,RURAL_VICTORIA,FREEWAY,7,16.0
135056,1,1,132,1,9,60.0,0,I,RURAL_VICTORIA,ROAD,7,18.0
135057,1,7,147,5,5,40.0,0,N,MELB_URBAN,ROAD,7,18.0
135058,1,6,130,2,3,80.0,0,I,MELB_URBAN,ROAD,7,18.0
135059,4,7,181,5,5,100.0,0,N,RURAL_VICTORIA,HIGHWAY,7,18.0
135060,4,7,183,5,5,100.0,0,N,RURAL_VICTORIA,HIGHWAY,7,19.0
135061,2,7,102,5,3,50.0,0,N,MELB_URBAN,BOULEVARD,7,19.0
135062,1,7,110,1,3,50.0,0,I,MELB_URBAN,STREET,7,18.0
135063,1,6,116,1,5,60.0,0,I,MELB_URBAN,ROAD,7,20.0
135064,1,7,130,5,2,80.0,0,N,MELB_URBAN,ROAD,7,17.0
135065,1,6,110,4,2,60.0,0,I,RURAL_VICTORIA,ROAD,7,6.0
135066,4,6,173,4,3,70.0,0,N,MELB_URBAN,ROAD,7,22.0
135067,2,7,102,1,3,40.0,0,I,MELB_URBAN,STREET,7,22.0
135068,4,7,171,5,5,100.0,0,N,RURAL_VICTORIA,ROAD,7,22.0
135069,1,7,116,1,3,60.0,0,I,MELB_URBAN,STREET,7,23.0
135070,1,6,130,1,3,60.0,0,N,MELB_URBAN,ROAD,7,22.0
135071,1,7,130,5,3,60.0,0,N,MELB_URBAN,STREET,7,22.0
135072,4,0,171,5,3,70.0,0,N,MELB_URBAN,ROAD,8,2.0
135073,6,1,170,5,5,100.0,0,N,RURAL_VICTORIA,ROAD,8,0.0
135074,1,2,110,1,2,50.0,0,I,MELB_URBAN,AVENUE,6,16.0
135075,4,1,183,5,5,100.0,0,N,RURAL_VICTORIA,ROAD,8,2.0
135076,1,6,99,1,1,100.0,0,I,RURAL_VICTORIA,ROAD,7,14.0
135077,2,6,100,2,1,50.0,0,N,MELB_URBAN,OTHER,7,10.0
135078,1,3,130,5,1,40.0,0,N,MELB_URBAN,ROAD,7,9.0
135079,1,1,113,2,3,80.0,0,N,MELB_URBAN,ROAD,8,6.0
135080,5,7,181,5,1,60.0,0,N,SMALL_CITIES,DRIVE,7,15.0
135081,6,1,174,5,1,40.0,0,N,MELB_URBAN,HIGHWAY,8,11.0
135082,2,6,102,5,1,50.0,0,N,MELB_URBAN,STREET,7,16.0
135083,8,6,174,5,6,60.0,0,N,MELB_URBAN,STREET,5,18.0
135084,1,5,130,4,1,80.0,0,N,MELB_URBAN,ROAD,7,12.0
135085,1,5,135,5,1,60.0,0,N,MELB_URBAN,PARADE,7,9.0
135086,1,1,110,1,1,100.0,0,I,RURAL_VICTORIA,HIGHWAY,8,11.0
135087,1,0,99,1,1,60.0,0,I,MELB_URBAN,ROAD,8,15.0
135088,2,7,99,5,1,60.0,0,N,MELB_URBAN,ROAD,7,14.0
135089,1,1,147,2,1,50.0,0,I,MELB_URBAN,AVENUE,8,14.0
135090,1,6,130,1,3,70.0,0,I,MELB_URBAN,ROAD,7,20.0
135091,1,1,130,5,1,80.0,0,N,MELB_URBAN,FREEWAY,7,16.0
135092,1,1,99,5,1,50.0,0,N,MELB_URBAN,ROAD,8,16.0
135093,1,1,99,2,1,60.0,0,I,MELB_URBAN,STREET,8,14.0
135094,4,5,173,5,2,60.0,0,N,MELB_URBAN,ROAD,7,18.0
135095,1,1,147,5,1,60.0,0,N,MELB_URBAN,ROAD,8,16.0
135096,6,1,174,5,1,100.0,0,N,RURAL_VICTORIA,ROAD,8,15.0
135097,1,0,130,5,3,60.0,0,N,MELB_URBAN,ROAD,8,18.0
135098,1,1,113,2,4,60.0,0,I,SMALL_CITIES,DRIVE,8,18.0
135099,2,0,99,5,5,60.0,0,N,TOWNS,ROAD,8,19.0
135100,1,6,147,5,1,60.0,0,N,MELB_URBAN,STREET,7,14.0
135101,1,0,113,1,3,80.0,0,I,MELB_URBAN,OTHER,8,21.0
135102,6,1,99,2,3,50.0,0,N,MELB_URBAN,DRIVE,8,19.0
135103,4,1,173,1,9,60.0,0,N,MELB_URBAN,STREET,8,11.0
135104,1,2,113,2,3,60.0,0,I,MELB_URBAN,HIGHWAY,8,0.0
135105,1,2,130,5,5,60.0,0,N,RURAL_VICTORIA,ROAD,8,5.0
135106,1,2,113,2,1,50.0,0,I,LARGE_PROVINCIAL_CITIES,STREET,8,8.0
135107,1,2,135,5,2,80.0,0,N,MELB_URBAN,FREEWAY,8,6.0
135108,4,4,173,5,1,50.0,0,N,MELB_URBAN,ROAD,7,13.0
135109,1,1,120,5,1,80.0,0,N,RURAL_VICTORIA,ROAD,8,7.0
135110,5,5,99,5,1,100.0,0,N,TOWNS,FREEWAY,2,10.0
135111,4,2,171,5,1,80.0,0,N,RURAL_VICTORIA,ROAD,8,9.0
135112,2,2,100,2,1,50.0,0,N,LARGE_PROVINCIAL_CITIES,AVENUE,8,9.0
135113,6,4,174,5,1,60.0,0,N,MELB_URBAN,STREET,7,11.0
135114,2,6,99,2,9,50.0,0,I,MELB_URBAN,STREET,7,12.0
135115,1,4,130,5,1,80.0,0,N,MELB_URBAN,HIGHWAY,7,15.0
135116,1,2,110,1,1,60.0,0,I,LARGE_PROVINCIAL_CITIES,STREET,8,11.0
135117,1,2,110,1,1,50.0,0,I,LARGE_PROVINCIAL_CITIES,STREET,8,8.0
135118,1,2,130,1,1,60.0,0,I,SMALL_CITIES,HIGHWAY,8,8.0
135119,2,1,102,3,1,50.0,0,I,TOWNS,STREET,8,8.0
135120,1,2,132,2,1,70.0,0,I,MELB_URBAN,ROAD,8,12.0
135121,1,2,99,2,2,50.0,0,I,MELB_URBAN,DRIVE,8,7.0
135122,1,0,130,5,3,60.0,0,N,LARGE_PROVINCIAL_CITIES,STREET,8,19.0
135123,1,1,110,1,1,50.0,0,I,MELB_URBAN,STREET,8,13.0
135124,1,2,135,5,1,40.0,0,N,MELB_URBAN,ROAD,8,14.0
135125,1,7,99,1,1,60.0,0,I,MELB_URBAN,ROAD,7,12.0
135126,8,4,174,2,9,60.0,0,I,MELB_URBAN,STREET,4,17.0
135127,1,2,110,1,1,60.0,0,I,LARGE_PROVINCIAL_CITIES,AVENUE,8,16.0
135128,1,2,120,5,1,100.0,1,N,RURAL_VICTORIA,ROAD,8,11.0
135129,1,2,130,4,1,70.0,0,I,MELB_URBAN,RAMP,8,16.0
135130,1,2,130,5,1,40.0,0,N,SMALL_CITIES,PARADE,8,15.0
135131,2,1,102,5,3,80.0,0,N,MELB_URBAN,ROAD,8,17.0
135132,1,2,147,5,1,80.0,0,I,MELB_URBAN,ROAD,8,16.0
135133,1,5,113,1,1,60.0,0,I,MELB_URBAN,ROAD,7,7.0
135134,1,4,132,1,3,50.0,0,I,MELB_URBAN,HIGHWAY,7,18.0
135135,4,2,99,5,1,80.0,0,N,RURAL_VICTORIA,ROAD,8,14.0
135136,2,1,100,5,3,60.0,0,N,MELB_URBAN,ROAD,8,18.0
135137,1,2,135,5,3,80.0,0,N,MELB_URBAN,FREEWAY,8,17.0
135138,1,2,160,5,5,80.0,0,N,RURAL_VICTORIA,OTHER,8,19.0
135139,1,1,130,5,1,70.0,0,N,MELB_URBAN,ROAD,8,14.0
135140,1,2,99,5,1,50.0,0,N,MELB_URBAN,STREET,8,17.0
135141,2,2,100,5,3,70.0,0,N,MELB_URBAN,ROAD,8,19.0
135142,1,2,121,2,3,40.0,0,I,MELB_URBAN,STREET,8,21.0
135143,8,1,174,2,1,60.0,0,I,SMALL_TOWNS,ROAD,10,12.0
135144,4,1,173,5,5,60.0,0,N,MELB_URBAN,ROAD,8,23.0
135145,2,5,102,2,1,40.0,0,I,MELB_URBAN,ROAD,7,15.0
135146,4,2,171,2,3,60.0,0,N,MELB_URBAN,ROAD,8,22.0
135147,4,3,183,5,5,110.0,0,N,RURAL_VICTORIA,FREEWAY,8,4.0
135148,1,1,110,1,1,60.0,0,I,RURAL_VICTORIA,ROAD,8,8.0
135149,4,3,171,2,6,50.0,0,I,MELB_URBAN,STREET,7,21.0
135150,1,4,99,5,1,60.0,0,N,SMALL_CITIES,STREET,7,12.0
135151,1,3,130,2,1,60.0,0,I,MELB_URBAN,ROAD,8,6.0
135152,6,3,99,4,3,80.0,0,N,MELB_URBAN,RAMP,8,5.0
135153,3,2,167,5,2,100.0,0,N,RURAL_VICTORIA,ROAD,8,7.0
135154,1,6,140,5,1,80.0,0,N,MELB_URBAN,ROAD,6,10.0
135155,1,2,113,2,1,80.0,0,I,TOWNS,HIGHWAY,8,8.0
135156,1,1,132,4,3,80.0,0,N,MELB_URBAN,ROAD,8,18.0
135157,1,4,99,5,1,100.0,0,N,MELB_URBAN,FREEWAY,7,9.0
135158,1,3,121,2,3,80.0,0,I,RURAL_VICTORIA,ROAD,8,6.0
135159,1,3,130,4,1,80.0,0,N,MELB_URBAN,RAMP,8,7.0
135160,5,6,99,5,5,80.0,0,N,MELB_URBAN,ROAD,7,6.0
135161,2,3,100,1,2,40.0,0,I,MELBOURNE_CBD,STREET,8,6.0
135162,1,2,130,5,3,60.0,0,N,MELB_URBAN,ROAD,8,6.0
135163,1,3,130,5,1,80.0,0,N,MELB_URBAN,FREEWAY,8,7.0
135164,1,4,130,5,2,80.0,0,N,MELB_URBAN,FREEWAY,7,6.0
135165,4,0,173,5,1,100.0,0,N,RURAL_VICTORIA,OTHER,8,11.0
135166,8,3,174,5,1,40.0,0,N,LARGE_PROVINCIAL_CITIES,STREET,8,11.0
135167,1,3,163,5,1,60.0,0,N,MELB_URBAN,ROAD,7,15.0
135168,2,2,102,1,3,80.0,0,I,MELB_URBAN,ROAD,8,19.0
135169,1,3,130,5,2,100.0,0,N,MELB_URBAN,FREEWAY,10,18.0
135170,1,3,110,1,1,60.0,0,I,MELB_URBAN,ROAD,8,11.0
135171,2,3,100,2,1,80.0,0,N,MELB_URBAN,HIGHWAY,8,10.0
135172,1,3,147,5,1,60.0,0,I,MELB_URBAN,ROAD,8,9.0
135173,1,3,110,1,1,50.0,0,I,TOWNS,ROAD,8,13.0
135174,1,4,130,5,9,60.0,0,N,LARGE_PROVINCIAL_CITIES,STREET,4,12.0
135175,1,5,99,1,9,60.0,0,N,MELB_URBAN,ROAD,4,11.0
135176,1,3,111,2,1,60.0,0,I,RURAL_VICTORIA,ROAD,8,13.0
135177,1,2,130,5,1,80.0,0,N,MELB_URBAN,ROAD,8,9.0
135178,6,6,170,5,1,100.0,0,N,RURAL_VICTORIA,ROAD,3,15.0
135179,1,5,130,5,1,80.0,0,N,MELB_URBAN,AVENUE,7,17.0
135180,4,3,171,5,1,60.0,0,N,RURAL_VICTORIA,ROAD,8,13.0
135181,1,2,130,1,1,80.0,0,I,SMALL_CITIES,DRIVE,8,13.0
135182,1,3,135,5,1,60.0,0,N,MELB_URBAN,ROAD,8,15.0
135183,1,2,116,1,1,60.0,0,I,TOWNS,HIGHWAY,8,15.0
135184,1,0,121,1,1,60.0,0,I,LARGE_PROVINCIAL_CITIES,ROAD,6,15.0
135185,1,3,147,5,1,50.0,0,N,MELB_URBAN,DRIVE,8,14.0
135186,1,2,121,1,1,80.0,0,I,LARGE_PROVINCIAL_CITIES,HIGHWAY,8,17.0
135187,1,3,113,2,1,50.0,0,I,MELB_URBAN,STREET,8,15.0
135188,1,3,110,1,1,60.0,0,N,LARGE_PROVINCIAL_CITIES,ROAD,8,14.0
135189,2,3,99,5,2,50.0,0,N,LARGE_PROVINCIAL_CITIES,STREET,8,17.0
135190,1,3,130,5,3,60.0,0,N,MELB_URBAN,ROAD,8,17.0
135191,6,3,174,5,2,100.0,0,N,RURAL_VICTORIA,OTHER,8,17.0
135192,1,6,130,5,1,60.0,0,N,MELB_URBAN,ROAD,7,11.0
135193,6,7,99,5,1,100.0,0,N,RURAL_VICTORIA,ROAD,7,13.0
135194,8,3,174,1,2,60.0,0,N,MELB_URBAN,ROAD,8,17.0
135195,4,3,171,5,1,50.0,0,N,MELB_URBAN,ROAD,8,16.0
135196,1,3,113,2,3,60.0,0,I,MELB_URBAN,AVENUE,8,18.0
135197,1,3,113,2,1,80.0,0,I,MELB_URBAN,HIGHWAY,8,16.0
135198,1,3,120,5,1,100.0,0,N,RURAL_VICTORIA,ROAD,8,16.0
135199,1,3,99,4,3,80.0,0,I,MELB_URBAN,RAMP,8,20.0
135200,4,3,173,5,5,100.0,0,N,RURAL_VICTORIA,HIGHWAY,8,20.0
135201,1,2,121,1,1,60.0,0,I,LARGE_PROVINCIAL_CITIES,STREET,8,17.0
135202,2,1,99,5,2,40.0,0,N,MELB_URBAN,ROAD,8,20.0
135203,1,2,140,5,3,80.0,0,N,MELB_URBAN,ROAD,8,21.0
135204,1,2,130,5,1,80.0,0,N,MELB_URBAN,HIGHWAY,6,16.0
135205,1,4,99,5,2,100.0,0,N,MELB_URBAN,FREEWAY,8,6.0
135206,1,4,147,2,1,80.0,0,N,MELB_URBAN,ROAD,2,15.0
135207,6,4,170,5,5,100.0,0,N,RURAL_VICTORIA,ROAD,8,6.0
135208,1,4,110,1,1,60.0,0,I,SMALL_CITIES,UNKNOWN,8,9.0
135209,1,4,113,2,1,80.0,0,I,SMALL_CITIES,HIGHWAY,8,6.0
135210,1,2,160,2,9,60.0,0,I,MELB_URBAN,ROAD,3,1.0
135211,1,4,110,1,1,50.0,0,I,TOWNS,STREET,8,7.0
135212,1,3,111,2,3,80.0,0,N,MELB_URBAN,DRIVE,8,6.0
135213,1,4,110,1,1,60.0,0,I,LARGE_PROVINCIAL_CITIES,ROAD,8,11.0
135214,1,3,99,5,1,60.0,0,N,MELB_URBAN,STREET,8,9.0
135215,1,5,130,1,2,80.0,0,I,MELB_URBAN,ROAD,7,18.0
135216,1,6,130,1,1,60.0,0,I,MELB_URBAN,AVENUE,7,14.0
135217,1,5,130,5,1,70.0,0,N,MELB_URBAN,ROAD,7,8.0
135218,1,2,130,5,1,80.0,0,N,RURAL_VICTORIA,ROAD,8,16.0
135219,1,4,130,5,1,80.0,0,N,MELB_URBAN,ROAD,8,13.0
135220,1,4,110,1,1,80.0,0,I,RURAL_VICTORIA,ROAD,8,11.0
135221,1,4,113,2,1,80.0,0,N,RURAL_VICTORIA,RAMP,8,12.0
135222,1,1,120,5,1,60.0,0,N,RURAL_VICTORIA,ROAD,8,10.0
135223,4,4,99,5,1,60.0,0,N,MELB_URBAN,HIGHWAY,8,15.0
135224,1,6,99,1,1,50.0,0,I,MELB_URBAN,STREET,7,16.0