,accident_type,day_of_week,dca_code,road_geometry,light_condition,speed_zone,severity,node_type,deg_urban_name,road_type,month,hour
135225,1,3,130,5,1,60.0,0,N,LARGE_PROVINCIAL_CITIES,ROAD,8,16.0
135226,1,3,135,5,2,40.0,0,N,MELB_URBAN,STREET,7,16.0
135227,1,3,160,5,1,50.0,0,N,MELB_URBAN,PARADE,8,16.0
135228,2,3,100,2,1,50.0,0,N,MELB_URBAN,STREET,8,16.0
135229,2,2,102,5,1,50.0,0,N,MELB_URBAN,ROAD,7,11.0
135230,1,3,113,2,1,50.0,0,I,RURAL_VICTORIA,AVENUE,8,15.0
135231,1,3,130,2,2,60.0,0,I,RURAL_VICTORIA,HIGHWAY,8,16.0
135232,1,4,99,5,1,70.0,0,N,MELB_URBAN,RAMP,8,16.0
135233,1,4,147,5,1,50.0,0,N,MELB_URBAN,ROAD,8,15.0
135234,1,3,113,2,1,70.0,0,I,MELB_URBAN,HIGHWAY,6,8.0
135235,1,0,110,4,3,60.0,0,I,MELB_URBAN,ROAD,7,19.0
135236,1,7,99,2,1,50.0,0,N,LARGE_PROVINCIAL_CITIES,STREET,7,12.0
135237,1,3,130,1,1,40.0,0,I,MELB_URBAN,ROAD,8,8.0
135238,1,2,110,1,1,80.0,0,I,MELB_URBAN,ROAD,7,13.0
135239,4,3,171,5,2,100.0,0,N,RURAL_VICTORIA,ROAD,8,17.0
135240,1,4,110,1,3,50.0,0,I,SMALL_CITIES,STREET,8,20.0
135241,1,3,121,5,1,70.0,0,N,MELB_URBAN,ROAD,7,16.0
135242,1,4,134,2,3,60.0,0,I,MELB_URBAN,ROAD,8,21.0
135243,4,4,173,5,3,50.0,0,N,MELB_URBAN,OTHER,8,21.0
135244,1,3,121,4,3,60.0,0,I,MELB_URBAN,ROAD,8,19.0
135245,1,4,130,5,1,80.0,0,N,MELB_URBAN,OTHER,8,8.0
135246,2,5,100,2,1,40.0,0,N,MELB_URBAN,STREET,8,9.0
135247,1,4,113,2,1,50.0,0,N,RURAL_VICTORIA,OTHER,8,9.0
135248,1,4,130,5,2,60.0,0,N,MELB_URBAN,HIGHWAY,8,16.0
135249,1,1,99,5,3,60.0,0,N,LARGE_PROVINCIAL_CITIES,STREET,7,17.0
135250,2,4,99,5,1,40.0,0,N,MELB_URBAN,PARADE,8,7.0
135251,4,5,99,5,2,80.0,0,N,MELB_URBAN,ROAD,8,7.0
135252,1,4,130,5,1,100.0,0,N,RURAL_VICTORIA,FREEWAY,8,10.0
135253,1,5,113,2,1,70.0,0,I,MELB_URBAN,ROAD,8,12.0
135254,1,5,130,5,1,60.0,0,N,MELB_URBAN,ROAD,7,14.0
135255,8,1,174,5,1,100.0,0,N,RURAL_VICTORIA,ROAD,8,11.0
135256,1,3,116,2,9,60.0,0,I,MELB_URBAN,PARADE,8,18.0
135257,2,5,100,5,1,50.0,0,N,SMALL_CITIES,STREET,8,14.0
135258,6,7,99,5,1,100.0,0,N,RURAL_VICTORIA,HIGHWAY,7,14.0
135259,1,7,160,5,3,70.0,0,N,MELB_URBAN,ROAD,7,17.0
135260,1,3,121,2,9,60.0,0,I,RURAL_VICTORIA,BOULEVARD,8,16.0
135261,1,4,116,1,1,70.0,0,I,MELB_URBAN,ROAD,8,10.0
135262,1,5,147,5,1,50.0,0,N,MELB_URBAN,ROAD,8,14.0
135263,1,5,121,2,3,60.0,0,I,MELB_URBAN,ROAD,8,18.0
135264,2,4,99,5,3,40.0,0,N,MELB_URBAN,STREET,8,18.0
135265,1,4,130,2,3,60.0,0,N,MELB_URBAN,STREET,8,18.0
135266,1,5,113,1,1,50.0,0,I,MELB_URBAN,STREET,8,20.0
135267,1,5,130,5,1,70.0,0,N,LARGE_PROVINCIAL_CITIES,OTHER,8,7.0
135268,1,5,121,1,2,50.0,0,I,MELBOURNE_CBD,STREET,8,18.0
135269,1,5,113,2,2,60.0,0,I,MELB_URBAN,ROAD,8,17.0
135270,1,5,147,5,2,80.0,0,N,MELB_URBAN,ROAD,8,17.0
135271,4,6,99,1,3,60.0,0,I,LARGE_PROVINCIAL_CITIES,STREET,8,23.0
135272,1,2,130,1,3,40.0,0,I,MELB_URBAN,ROAD,8,22.0
135273,1,5,120,5,5,80.0,0,N,RURAL_VICTORIA,HIGHWAY,8,1.0
135274,4,6,173,2,5,100.0,0,N,MELB_URBAN,HIGHWAY,8,5.0
135275,6,6,170,5,3,40.0,0,N,MELB_URBAN,ROAD,8,4.0
135276,1,6,130,2,6,60.0,0,I,MELB_URBAN,ROAD,7,5.0
135277,1,6,140,5,1,60.0,0,N,MELB_URBAN,ROAD,8,7.0
135278,4,6,171,2,1,60.0,0,I,MELB_URBAN,ROAD,8,7.0
135279,1,6,121,2,3,60.0,0,I,MELB_URBAN,ROAD,8,6.0
135280,1,5,99,2,3,50.0,0,I,MELB_URBAN,STREET,8,18.0
135281,1,2,130,2,1,60.0,0,I,MELB_URBAN,BOULEVARD,8,16.0
135282,1,5,121,1,3,60.0,0,I,MELB_URBAN,ROAD,6,17.0
135283,8,6,99,5,9,100.0,0,N,RURAL_VICTORIA,OTHER,7,13.0
135284,1,2,121,1,3,60.0,0,I,LARGE_PROVINCIAL_CITIES,STREET,5,17.0
135285,1,6,121,2,1,80.0,0,I,MELB_URBAN,ROAD,8,11.0
135286,1,5,130,5,1,80.0,0,N,MELB_URBAN,ROAD,8,12.0
135287,1,2,116,2,6,60.0,0,I,MELB_URBAN,ROAD,8,6.0
135288,2,6,100,5,3,70.0,0,N,MELB_URBAN,ROAD,8,6.0
135289,1,6,130,5,1,80.0,0,N,MELB_URBAN,RAMP,8,11.0
135290,1,5,130,5,3,60.0,0,N,SMALL_CITIES,STREET,8,17.0
135291,1,6,147,5,1,60.0,0,N,LARGE_PROVINCIAL_CITIES,ROAD,8,14.0
135292,1,6,130,5,3,80.0,0,N,MELB_URBAN,HIGHWAY,7,18.0
135293,1,5,135,2,9,60.0,0,N,MELB_URBAN,ROAD,8,17.0
135294,1,4,130,5,1,60.0,0,N,MELB_URBAN,ROAD,8,8.0
135295,1,6,130,5,1,80.0,0,N,MELB_URBAN,HIGHWAY,8,7.0
135296,1,4,140,5,1,100.0,0,N,RURAL_VICTORIA,ROAD,8,7.0
135297,1,5,135,5,1,80.0,0,N,MELB_URBAN,UNKNOWN,8,16.0
135298,1,6,110,1,1,50.0,0,I,SMALL_CITIES,STREET,8,17.0
135299,1,6,110,1,1,50.0,0,I,MELB_URBAN,AVENUE,8,17.0
135300,1,6,113,2,1,60.0,0,N,MELB_URBAN,ROAD,8,15.0
135301,1,5,120,2,1,50.0,0,N,RURAL_VICTORIA,DRIVE,8,14.0
135302,1,6,113,2,3,80.0,0,I,MELB_URBAN,ROAD,8,18.0
135303,2,5,100,5,3,60.0,0,N,MELB_URBAN,PARADE,8,18.0
135304,1,1,113,1,1,40.0,0,I,SMALL_CITIES,STREET,7,8.0
135305,1,5,134,1,3,60.0,0,I,MELB_URBAN,ROAD,8,19.0
135306,1,6,160,5,3,50.0,0,N,MELB_URBAN,OTHER,8,20.0
135307,3,6,167,5,5,100.0,0,N,RURAL_VICTORIA,ROAD,8,4.0
135308,1,4,116,2,1,60.0,0,I,MELB_URBAN,ROAD,5,17.0
135309,4,6,171,5,3,70.0,0,N,MELB_URBAN,ROAD,8,0.0
135310,1,6,160,5,3,50.0,0,N,TOWNS,AVENUE,8,4.0
135311,4,7,171,5,3,40.0,0,N,MELB_URBAN,ROAD,8,2.0
135312,2,7,99,5,5,60.0,0,N,RURAL_VICTORIA,ROAD,8,3.0
135313,1,5,121,1,1,60.0,0,I,MELB_URBAN,AVENUE,7,7.0
135314,1,7,130,1,1,60.0,0,I,MELB_URBAN,BOULEVARD,8,9.0
135315,1,7,121,2,1,80.0,0,I,RURAL_VICTORIA,ROAD,8,10.0
135316,4,7,171,5,1,100.0,0,N,RURAL_VICTORIA,ROAD,8,10.0
135317,1,7,132,5,1,50.0,0,N,SMALL_CITIES,ROAD,8,10.0
135318,6,4,99,5,1,100.0,0,N,RURAL_VICTORIA,ROAD,8,15.0
135319,1,2,133,1,1,60.0,0,I,MELB_URBAN,HIGHWAY,7,8.0
135320,1,7,110,1,1,60.0,0,N,MELB_URBAN,ROAD,8,11.0
135321,5,1,99,5,1,60.0,0,N,RURAL_VICTORIA,ROAD,7,13.0
135322,2,6,102,4,1,60.0,0,I,MELB_URBAN,ROAD,8,11.0
135323,4,6,173,5,1,100.0,0,N,RURAL_VICTORIA,ROAD,8,16.0
135324,1,6,130,5,1,70.0,0,N,MELB_URBAN,ROAD,7,11.0
135325,1,4,121,1,1,60.0,0,I,LARGE_PROVINCIAL_CITIES,STREET,8,15.0
135326,1,7,113,4,1,70.0,0,I,MELB_URBAN,RAMP,8,17.0
135327,1,7,110,1,1,60.0,0,I,MELB_URBAN,ROAD,8,16.0
135328,4,7,99,5,1,60.0,0,N,RURAL_VICTORIA,ROAD,8,16.0
135329,1,6,160,5,3,60.0,0,N,LARGE_PROVINCIAL_CITIES,STREET,8,19.0
135330,8,7,99,2,3,50.0,0,I,MELB_URBAN,STREET,8,20.0
135331,1,7,147,5,1,60.0,0,N,MELB_URBAN,BOULEVARD,8,16.0
135332,4,1,173,5,3,60.0,1,N,RURAL_VICTORIA,STREET,8,1.0
135333,1,7,99,1,1,50.0,0,I,MELB_URBAN,AVENUE,7,12.0
135334,1,5,130,5,1,80.0,0,N,MELB_URBAN,RAMP,7,11.0
135335,1,0,113,1,1,80.0,0,I,LARGE_PROVINCIAL_CITIES,ROAD,8,8.0
135336,1,3,99,1,1,60.0,0,N,MELB_URBAN,ROAD,7,7.0
135337,1,1,113,1,1,60.0,0,I,MELB_URBAN,ROAD,8,7.0
135338,2,7,99,5,9,60.0,0,N,MELB_URBAN,PARADE,8,18.0
135339,1,1,113,2,1,60.0,0,I,MELB_URBAN,ROAD,7,16.0
135340,1,5,140,5,3,60.0,0,N,MELB_URBAN,ROAD,8,6.0
135341,1,7,121,4,2,80.0,0,I,RURAL_VICTORIA,ROAD,6,17.0
135342,1,0,113,1,1,50.0,0,N,LARGE_PROVINCIAL_CITIES,STREET,8,13.0
135343,1,1,110,1,1,60.0,0,I,MELB_URBAN,ROAD,8,15.0
135344,1,0,132,4,1,30.0,0,N,RURAL_VICTORIA,RAMP,8,15.0
135345,1,2,132,1,6,50.0,0,I,SMALL_CITIES,ROAD,8,18.0
135346,1,5,130,1,9,60.0,0,I,MELB_URBAN,ROAD,4,8.0
135347,1,1,160,5,1,60.0,0,N,MELB_URBAN,ROAD,8,18.0
135348,1,1,113,2,1,100.0,0,N,RURAL_VICTORIA,HIGHWAY,8,15.0
135349,1,6,133,5,1,80.0,0,N,MELB_URBAN,ROAD,3,12.0
135350,1,1,130,5,3,70.0,0,N,MELB_URBAN,ROAD,8,19.0
135351,4,4,171,5,1,100.0,0,N,RURAL_VICTORIA,ROAD,8,9.0
135352,4,1,173,5,1,80.0,0,N,TOWNS,STREET,8,17.0
135353,1,1,121,4,3,60.0,0,I,MELB_URBAN,HIGHWAY,8,22.0
135354,1,0,116,2,6,60.0,0,I,RURAL_VICTORIA,STREET,8,18.0
135355,1,0,121,2,1,80.0,0,I,MELB_URBAN,HIGHWAY,8,13.0
135356,6,1,99,2,1,100.0,0,I,RURAL_VICTORIA,ROAD,8,14.0
135357,1,4,99,5,1,60.0,0,N,MELB_URBAN,STREET,7,16.0
135358,5,2,99,5,2,100.0,0,N,RURAL_VICTORIA,ROAD,8,7.0
135359,8,1,184,1,2,50.0,0,I,RURAL_VICTORIA,ROAD,8,17.0
135360,4,7,99,1,1,60.0,0,I,RURAL_VICTORIA,ROAD,7,14.0
135361,3,6,167,5,5,100.0,0,N,RURAL_VICTORIA,ROAD,6,5.0
135362,2,2,99,5,1,50.0,0,N,TOWNS,AVENUE,8,10.0
135363,1,2,130,5,2,100.0,0,N,MELB_URBAN,ROAD,8,6.0
135364,2,2,99,5,1,50.0,0,N,TOWNS,STREET,8,10.0
135365,1,1,110,1,1,40.0,0,I,MELB_URBAN,STREET,8,9.0
135366,1,1,113,2,1,70.0,0,I,MELB_URBAN,HIGHWAY,8,12.0
135367,1,5,99,1,6,80.0,0,I,RURAL_VICTORIA,ROAD,7,18.0
135368,1,4,130,1,3,60.0,0,I,MELB_URBAN,ROAD,8,20.0
135369,1,2,140,5,3,60.0,0,N,MELB_URBAN,ROAD,8,6.0
135370,1,2,120,5,1,50.0,0,N,MELB_URBAN,PARADE,8,13.0
135371,6,7,99,5,5,100.0,0,N,RURAL_VICTORIA,ROAD,6,5.0
135372,1,2,140,5,2,80.0,0,N,MELB_URBAN,ROAD,7,17.0
135373,8,2,174,5,1,50.0,0,N,LARGE_PROVINCIAL_CITIES,OTHER,8,10.0
135374,1,7,130,2,1,60.0,0,N,MELB_URBAN,ROAD,7,11.0
135375,4,2,171,5,1,100.0,0,N,MELB_URBAN,ROAD,8,16.0
135376,1,7,130,5,1,60.0,0,N,LARGE_PROVINCIAL_CITIES,ROAD,7,11.0
135377,1,1,121,2,2,50.0,0,I,SMALL_CITIES,STREET,8,16.0
135378,1,1,130,1,1,50.0,0,N,MELB_URBAN,ROAD,8,10.0
135379,1,1,132,2,1,60.0,0,I,MELB_URBAN,STREET,7,14.0
135380,1,2,160,5,1,50.0,0,N,MELB_URBAN,ROAD,8,17.0
135381,1,2,99,1,1,60.0,0,I,MELB_URBAN,ROAD,8,17.0
135382,4,2,183,5,3,60.0,0,N,MELB_URBAN,ROAD,8,19.0
135383,1,2,99,5,1,70.0,0,N,MELB_URBAN,ROAD,8,17.0
135384,1,6,120,5,1,60.0,0,N,RURAL_VICTORIA,ROAD,7,7.0
135385,4,1,181,5,5,40.0,0,N,RURAL_VICTORIA,ROAD,8,23.0
135386,4,3,183,2,3,50.0,0,I,SMALL_CITIES,OTHER,8,1.0
135387,1,2,110,1,3,60.0,0,I,MELB_URBAN,STREET,8,3.0
135388,1,2,130,5,1,70.0,0,N,MELB_URBAN,ROAD,8,16.0
135389,1,1,130,5,1,60.0,0,N,SMALL_CITIES,STREET,4,15.0
135390,4,1,173,1,1,60.0,0,N,TOWNS,OTHER,5,10.0
135391,1,3,113,2,1,100.0,0,I,RURAL_VICTORIA,FREEWAY,8,8.0
135392,1,3,130,5,1,60.0,0,N,MELB_URBAN,ROAD,8,16.0
135393,2,3,99,5,1,50.0,0,N,SMALL_CITIES,STREET,8,10.0
135394,6,1,99,5,5,100.0,0,N,RURAL_VICTORIA,ROAD,8,20.0
135395,1,3,111,2,1,60.0,0,I,MELB_URBAN,ROAD,8,8.0
135396,1,3,110,1,1,60.0,0,I,LARGE_PROVINCIAL_CITIES,ROAD,8,12.0
135397,1,3,121,1,1,60.0,0,I,MELB_URBAN,ROAD,8,16.0
135398,4,2,171,2,1,70.0,0,I,MELB_URBAN,ROAD,8,13.0
135399,1,3,130,5,9,60.0,0,N,LARGE_PROVINCIAL_CITIES,STREET,8,13.0
135400,4,3,171,5,1,50.0,0,N,MELB_URBAN,ROAD,8,13.0
135401,1,3,130,5,1,100.0,0,N,RURAL_VICTORIA,HIGHWAY,8,7.0
135402,4,3,171,2,1,50.0,0,I,LARGE_PROVINCIAL_CITIES,ROAD,8,14.0
135403,2,3,100,5,1,60.0,0,N,SMALL_TOWNS,ROAD,8,14.0
135404,4,2,99,5,1,40.0,0,N,SMALL_TOWNS,OTHER,8,15.0
135405,1,3,99,5,1,80.0,0,N,MELB_URBAN,ROAD,8,11.0
135406,1,2,130,5,2,60.0,0,N,LARGE_PROVINCIAL_CITIES,ROAD,8,6.0
135407,1,2,121,5,1,60.0,0,N,MELB_URBAN,OTHER,8,8.0
135408,1,3,132,2,1,60.0,0,I,MELB_URBAN,STREET,8,15.0
135409,3,4,167,5,5,100.0,0,N,RURAL_VICTORIA,ROAD,7,18.0
135410,1,3,113,2,2,60.0,0,I,MELB_URBAN,ROAD,8,16.0
135411,1,6,130,5,3,60.0,0,N,LARGE_PROVINCIAL_CITIES,ROAD,7,19.0
135412,1,3,113,2,1,60.0,0,I,MELB_URBAN,ROAD,8,14.0
135413,1,2,99,2,1,60.0,0,I,MELB_URBAN,STREET,8,16.0
135414,4,3,173,5,3,60.0,0,N,MELB_URBAN,ROAD,8,3.0
135415,4,3,99,2,1,60.0,0,I,MELB_URBAN,ROAD,8,14.0
135416,1,4,113,2,1,50.0,0,I,MELB_URBAN,STREET,7,15.0
135417,2,3,100,1,1,80.0,0,N,MELB_URBAN,HIGHWAY,8,17.0
135418,1,3,121,2,3,60.0,0,I,SMALL_CITIES,STREET,8,18.0
135419,1,3,160,5,5,100.0,0,N,RURAL_VICTORIA,ROAD,8,18.0
135420,1,2,99,2,1,60.0,0,I,LARGE_PROVINCIAL_CITIES,STREET,2,12.0
135421,4,3,171,5,3,80.0,0,N,MELB_URBAN,ROAD,8,19.0
135422,4,3,171,5,5,100.0,1,N,RURAL_VICTORIA,ROAD,8,17.0
135423,1,3,130,5,3,80.0,0,N,MELB_URBAN,ROAD,8,21.0
135424,1,3,130,2,1,60.0,0,I,MELB_URBAN,STREET,8,14.0
135425,4,2,173,5,1,60.0,0,N,MELB_URBAN,HIGHWAY,8,17.0
135426,2,1,99,5,3,60.0,0,N,MELB_URBAN,DRIVE,5,23.0
135427,1,4,99,2,1,100.0,0,N,RURAL_VICTORIA,ROAD,8,9.0
135428,1,3,99,5,2,100.0,0,N,RURAL_VICTORIA,ROAD,8,16.0
135429,1,2,130,2,1,40.0,0,N,MELB_URBAN,ROAD,8,15.0
135430,1,4,160,5,1,40.0,0,N,TOWNS,STREET,8,11.0
135431,1,3,133,5,3,80.0,0,N,MELB_URBAN,UNKNOWN,8,18.0
135432,1,4,147,5,1,60.0,0,N,LARGE_PROVINCIAL_CITIES,STREET,8,14.0
135433,4,6,181,2,3,60.0,0,N,MELB_URBAN,STREET,8,0.0
135434,1,5,160,5,1,40.0,0,N,MELB_URBAN,DRIVE,8,13.0
135435,1,3,121,1,1,60.0,0,N,MELB_URBAN,ROAD,8,8.0
135436,8,4,174,2,1,70.0,0,I,MELB_URBAN,ROAD,8,13.0
135437,1,4,110,1,1,80.0,0,I,MELB_URBAN,ROAD,8,14.0
135438,1,3,140,2,1,100.0,0,N,RURAL_VICTORIA,HIGHWAY,8,15.0
135439,1,4,120,5,1,80.0,0,N,RURAL_VICTORIA,ROAD,8,16.0
135440,4,0,171,5,1,60.0,0,N,RURAL_VICTORIA,ROAD,8,9.0
135441,1,6,147,5,9,60.0,0,N,MELB_URBAN,ROAD,8,20.0
135442,1,4,163,5,3,60.0,0,N,MELB_URBAN,ROAD,8,18.0
135443,1,4,163,5,2,40.0,0,N,MELB_URBAN,ROAD,8,16.0
135444,8,4,174,5,9,60.0,0,N,MELB_URBAN,ROAD,6,18.0
135445,2,4,100,1,3,40.0,0,I,MELB_URBAN,STREET,8,19.0
135446,1,4,130,5,1,80.0,0,N,MELB_URBAN,ROAD,8,16.0
135447,1,3,120,2,1,50.0,0,I,RURAL_VICTORIA,ROAD,8,16.0
135448,1,4,113,1,1,80.0,0,I,MELB_URBAN,HIGHWAY,8,15.0
135449,2,4,100,5,1,50.0,1,N,MELB_URBAN,ROAD,8,16.0
135450,1,3,99,5,3,60.0,0,N,MELB_URBAN,ROAD,8,0.0
135451,5,4,99,5,5,110.0,0,N,SMALL_CITIES,FREEWAY,8,19.0
135452,1,2,130,5,1,80.0,0,N,MELB_URBAN,ROAD,8,16.0
135453,8,3,170,5,3,60.0,0,N,MELB_URBAN,ROAD,8,23.0
135454,1,5,116,2,3,60.0,0,I,SMALL_CITIES,STREET,8,4.0
135455,1,5,130,5,1,60.0,0,N,RURAL_VICTORIA,ROAD,8,6.0
135456,1,2,99,1,9,60.0,0,I,MELB_URBAN,ROAD,8,15.0
135457,1,5,110,1,1,60.0,0,I,MELB_URBAN,ROAD,8,7.0
135458,1,5,99,2,1,50.0,0,I,TOWNS,STREET,8,10.0
135459,1,5,121,2,1,60.0,0,I,MELB_URBAN,AVENUE,8,7.0
135460,4,6,181,5,3,50.0,0,N,MELB_URBAN,STREET,8,3.0
135461,1,5,160,5,3,50.0,0,N,MELB_URBAN,STREET,8,19.0
135462,1,5,99,5,1,60.0,0,N,MELB_URBAN,STREET,8,7.0
135463,1,2,130,2,1,60.0,0,I,MELB_URBAN,ROAD,10,14.0
135464,1,5,110,1,1,100.0,0,I,RURAL_VICTORIA,HIGHWAY,8,10.0
135465,1,5,130,5,2,100.0,0,N,RURAL_VICTORIA,ROAD,8,7.0
135466,1,4,130,5,1,80.0,0,N,MELB_URBAN,ROAD,8,12.0
135467,1,3,116,1,2,50.0,0,I,MELB_URBAN,STREET,8,16.0
135468,4,5,99,5,1,100.0,0,N,RURAL_VICTORIA,ROAD,8,11.0
135469,8,2,99,5,1,60.0,0,N,MELB_URBAN,STREET,7,15.0
135470,8,4,174,5,1,60.0,0,N,MELB_URBAN,STREET,7,14.0
135471,1,4,121,2,1,50.0,0,I,MELB_URBAN,ROAD,8,9.0
135472,1,4,99,2,1,50.0,0,I,MELB_URBAN,ROAD,7,13.0
135473,1,6,130,5,1,100.0,0,N,MELB_URBAN,ROAD,7,16.0
135474,1,4,99,4,2,60.0,0,N,MELB_URBAN,RAMP,8,6.0
135475,1,5,130,5,1,50.0,0,N,MELB_URBAN,ROAD,8,7.0
135476,1,4,130,3,1,100.0,0,I,MELB_URBAN,ROAD,8,12.0
135477,1,5,99,2,1,50.0,0,I,MELB_URBAN,STREET,8,14.0
135478,1,5,116,2,1,80.0,0,I,RURAL_VICTORIA,ROAD,8,13.0
135479,1,5,110,1,1,100.0,0,I,RURAL_VICTORIA,ROAD,8,13.0
135480,5,7,99,5,2,60.0,0,N,RURAL_VICTORIA,ROAD,8,7.0
135481,1,5,121,1,2,60.0,0,I,MELB_URBAN,STREET,8,17.0
135482,8,5,174,1,1,60.0,0,N,MELB_URBAN,ROAD,8,16.0
135483,4,5,147,5,1,50.0,0,N,MELB_URBAN,STREET,8,15.0
135484,1,5,110,1,1,60.0,0,I,MELB_URBAN,ROAD,8,16.0
135485,8,4,174,5,9,60.0,0,N,RURAL_VICTORIA,ROAD,8,15.0
135486,1,1,99,5,9,60.0,0,N,MELB_URBAN,STREET,8,19.0
135487,1,7,130,5,1,80.0,0,N,MELB_URBAN,ROAD,8,13.0
135488,4,4,171,5,1,60.0,0,N,SMALL_CITIES,STREET,8,14.0
135489,1,5,160,5,3,60.0,0,N,MELB_URBAN,ROAD,8,18.0
135490,1,5,99,5,3,50.0,0,N,MELB_URBAN,ROAD,8,20.0
135491,1,2,135,5,2,100.0,0,I,MELB_URBAN,RAMP,6,4.0
135492,1,5,116,1,9,50.0,0,I,MELB_URBAN,STREET,7,9.0
135493,4,5,173,2,3,60.0,0,N,MELB_URBAN,ROAD,8,22.0
135494,8,5,170,2,3,50.0,0,I,SMALL_CITIES,STREET,8,23.0
135495,4,4,171,5,3,50.0,0,N,MELB_URBAN,PARADE,8,23.0
135496,1,4,110,1,3,60.0,0,N,MELB_URBAN,ROAD,8,23.0
135497,1,6,99,5,3,60.0,0,N,MELB_URBAN,RAMP,8,0.0
135498,1,3,110,1,1,60.0,0,I,MELB_URBAN,STREET,8,9.0
135499,1,6,130,1,2,60.0,0,N,MELB_URBAN,UNKNOWN,8,7.0
135500,1,5,110,1,1,60.0,0,I,MELB_URBAN,STREET,8,8.0
135501,4,6,171,5,1,80.0,0,N,MELB_URBAN,ROAD,8,8.0
135502,1,3,110,1,1,60.0,0,I,MELB_URBAN,STREET,8,10.0
135503,4,7,99,2,1,100.0,0,I,RURAL_VICTORIA,ROAD,8,12.0
135504,8,6,170,2,6,60.0,0,I,MELB_URBAN,ROAD,8,1.0
135505,1,1,130,5,9,100.0,0,N,MELB_URBAN,ROAD,8,7.0
135506,1,6,130,5,1,60.0,0,N,MELB_URBAN,ROAD,7,15.0
135507,1,6,121,2,1,70.0,0,I,MELB_URBAN,ROAD,8,12.0
135508,4,7,181,5,5,30.0,0,N,RURAL_VICTORIA,ROAD,7,20.0
135509,1,6,132,5,1,50.0,0,N,SMALL_TOWNS,STREET,8,11.0
135510,1,6,121,2,1,60.0,0,I,LARGE_PROVINCIAL_CITIES,ROAD,8,11.0
135511,1,4,113,1,3,80.0,0,I,MELB_URBAN,ROAD,8,21.0
135512,1,6,134,5,1,100.0,0,N,MELB_URBAN,ROAD,8,11.0
135513,6,5,174,5,1,50.0,0,N,MELB_URBAN,OTHER,8,12.0
135514,1,5,130,5,1,80.0,0,N,MELB_URBAN,FREEWAY,8,8.0
135515,1,6,99,1,6,50.0,0,N,MELB_URBAN,STREET,7,20.0
135516,1,6,130,5,1,60.0,0,N,TOWNS,HIGHWAY,8,13.0
135517,6,2,174,5,1,50.0,0,N,MELB_URBAN,DRIVE,8,17.0
135518,1,3,99,4,1,60.0,0,I,MELB_URBAN,STREET,8,15.0
135519,1,5,99,5,1,40.0,0,N,SMALL_CITIES,STREET,8,14.0
135520,8,6,174,1,1,60.0,0,I,MELB_URBAN,STREET,8,8.0
135521,1,2,130,2,1,60.0,0,I,MELB_URBAN,STREET,8,14.0
135522,1,6,132,1,1,60.0,0,I,MELB_URBAN,ROAD,8,14.0
135523,1,5,134,5,1,60.0,0,N,MELB_URBAN,ROAD,8,16.0
135524,1,2,160,2,2,60.0,0,N,MELB_URBAN,STREET,8,17.0
135525,1,5,99,2,1,50.0,0,I,MELB_URBAN,STREET,8,15.0
135526,2,6,100,1,3,60.0,0,N,MELB_URBAN,OTHER,8,18.0
135527,1,1,135,5,9,60.0,0,N,MELB_URBAN,ROAD,8,8.0
135528,1,6,132,2,3,60.0,0,I,LARGE_PROVINCIAL_CITIES,ROAD,8,18.0
135529,4,6,181,5,1,80.0,0,N,RURAL_VICTORIA,ROAD,8,16.0
135530,1,6,99,5,1,50.0,0,N,MELB_URBAN,STREET,1,11.0
135531,1,6,147,5,3,60.0,0,N,MELB_URBAN,ROAD,8,20.0
135532,1,6,160,5,3,60.0,0,N,LARGE_PROVINCIAL_CITIES,ROAD,8,0.0
135533,1,5,163,5,9,60.0,0,N,MELB_URBAN,ROAD,8,15.0
135534,1,5,113,1,3,60.0,0,N,MELB_URBAN,ROAD,8,20.0
135535,1,5,99,2,1,60.0,0,I,MELB_URBAN,ROAD,8,15.0
135536,4,6,183,2,3,50.0,0,N,MELB_URBAN,STREET,8,22.0
135537,1,6,133,5,3,60.0,0,N,MELB_URBAN,ROAD,8,22.0
135538,1,4,111,2,1,60.0,0,I,LARGE_PROVINCIAL_CITIES,ROAD,8,9.0
135539,1,6,99,5,1,100.0,0,N,MELB_URBAN,RAMP,6,9.0
135540,1,7,99,1,1,60.0,0,I,MELB_URBAN,STREET,8,9.0
135541,1,6,113,1,1,60.0,0,I,MELB_URBAN,OTHER,6,15.0
135542,1,7,130,1,1,60.0,0,I,LARGE_PROVINCIAL_CITIES,ROAD,8,11.0
135543,1,6,160,5,1,80.0,0,N,MELB_URBAN,FREEWAY,8,14.0
135544,1,7,140,5,1,80.0,0,N,MELB_URBAN,HIGHWAY,8,11.0
135545,1,0,147,2,3,60.0,0,I,MELB_URBAN,ROAD,7,22.0
135546,1,7,116,2,1,50.0,0,I,MELB_URBAN,ROAD,8,8.0
135547,1,6,121,5,1,60.0,0,I,MELB_URBAN,ROAD,8,12.0
135548,1,7,130,5,1,50.0,0,N,TOWNS,STREET,8,11.0
135549,8,7,174,5,1,100.0,0,N,RURAL_VICTORIA,ROAD,8,11.0
135550,4,7,171,5,1,50.0,0,N,SMALL_TOWNS,STREET,8,11.0
135551,1,7,111,1,1,80.0,0,I,RURAL_VICTORIA,ROAD,8,11.0