,accident_type,day_of_week,dca_code,road_geometry,light_condition,speed_zone,severity,node_type,deg_urban_name,road_type,month,hour
135552,6,7,170,5,1,60.0,0,N,MELB_URBAN,ROAD,8,14.0
135553,2,1,99,5,9,60.0,0,N,MELB_URBAN,ROAD,8,18.0
135554,1,7,121,1,1,60.0,0,I,MELB_URBAN,ROAD,8,15.0
135555,8,7,174,5,1,70.0,0,N,MELB_URBAN,ROAD,8,15.0
135556,4,7,173,5,1,60.0,0,N,RURAL_VICTORIA,UNKNOWN,8,16.0
135557,1,7,130,1,1,80.0,0,I,MELB_URBAN,ROAD,8,16.0
135558,4,7,171,5,2,80.0,0,N,MELB_URBAN,ROAD,8,17.0
135559,2,7,102,1,3,80.0,0,I,MELB_URBAN,ROAD,8,18.0
135560,1,7,113,2,1,80.0,0,N,RURAL_VICTORIA,ROAD,8,16.0
135561,1,7,130,5,2,60.0,0,N,MELB_URBAN,ROAD,8,18.0
135562,4,7,173,5,3,100.0,0,N,MELB_URBAN,UNKNOWN,8,23.0
135563,1,7,160,5,3,60.0,0,N,MELB_URBAN,ROAD,8,23.0
135564,4,0,171,5,5,100.0,0,N,RURAL_VICTORIA,ROAD,8,5.0
135565,4,1,171,2,3,50.0,0,N,MELB_URBAN,ROAD,8,3.0
135566,6,4,174,2,2,60.0,0,I,MELB_URBAN,ROAD,7,6.0
135567,4,1,181,5,2,60.0,0,N,MELB_URBAN,RAMP,8,6.0
135568,1,1,99,5,1,50.0,0,N,MELB_URBAN,STREET,8,9.0
135569,1,7,121,1,1,60.0,0,N,MELB_URBAN,ROAD,8,12.0
135570,1,1,110,1,1,40.0,0,I,MELB_URBAN,STREET,8,10.0
135571,6,1,99,5,1,100.0,0,N,RURAL_VICTORIA,ROAD,8,8.0
135572,1,7,130,2,9,60.0,0,I,MELB_URBAN,STREET,8,14.0
135573,1,1,147,5,1,60.0,0,N,MELB_URBAN,STREET,8,13.0
135574,4,0,183,5,1,60.0,0,N,RURAL_VICTORIA,OTHER,8,12.0
135575,1,1,110,1,1,80.0,0,I,SMALL_TOWNS,ROAD,8,10.0
135576,4,1,181,5,1,100.0,0,N,RURAL_VICTORIA,ROAD,8,11.0
135577,1,0,130,5,1,70.0,0,N,MELB_URBAN,ROAD,8,13.0
135578,2,0,100,5,1,50.0,0,N,MELB_URBAN,ROAD,8,15.0
135579,3,0,167,5,1,100.0,0,N,RURAL_VICTORIA,ROAD,8,15.0
135580,2,1,100,2,1,40.0,0,I,MELB_URBAN,ROAD,8,16.0
135581,4,0,173,5,1,100.0,0,N,RURAL_VICTORIA,ROAD,8,16.0
135582,4,1,183,5,1,80.0,1,N,MELB_URBAN,HIGHWAY,8,11.0
135583,1,1,121,1,1,50.0,0,I,MELB_URBAN,ROAD,8,15.0
135584,1,2,120,5,2,100.0,0,N,RURAL_VICTORIA,ROAD,8,17.0
135585,1,1,99,5,3,60.0,0,N,MELB_URBAN,ROAD,8,18.0
135586,1,1,121,1,1,60.0,0,I,MELB_URBAN,ROAD,8,14.0
135587,1,1,110,1,3,60.0,0,I,TOWNS,STREET,8,19.0
135588,4,0,173,5,3,80.0,0,N,LARGE_PROVINCIAL_CITIES,HIGHWAY,8,18.0
135589,1,1,121,2,3,50.0,0,I,MELB_URBAN,ROAD,8,21.0
135590,4,0,173,2,5,80.0,0,N,MELB_URBAN,HIGHWAY,8,20.0
135591,1,1,99,2,1,80.0,0,I,RURAL_VICTORIA,ROAD,8,14.0
135592,1,0,121,2,3,60.0,0,N,MELB_URBAN,STREET,8,18.0
135593,2,1,99,5,1,80.0,1,N,MELB_URBAN,ROAD,8,17.0
135594,4,1,171,5,3,50.0,0,N,MELB_URBAN,AVENUE,8,21.0
135595,6,1,184,5,5,60.0,0,N,MELB_URBAN,ROAD,8,23.0
135596,1,3,110,1,5,80.0,0,I,MELB_URBAN,ROAD,7,18.0
135597,1,1,120,5,3,60.0,0,N,MELB_URBAN,ROAD,8,4.0
135598,2,6,99,2,5,50.0,0,N,MELB_URBAN,STREET,8,22.0
135599,8,5,170,5,1,100.0,0,N,RURAL_VICTORIA,ROAD,7,10.0
135600,1,2,120,5,2,100.0,0,N,RURAL_VICTORIA,ROAD,8,6.0
135601,1,2,121,2,1,60.0,0,I,RURAL_VICTORIA,ROAD,8,7.0
135602,1,1,160,5,1,50.0,0,N,RURAL_VICTORIA,ROAD,8,8.0
135603,1,2,99,1,1,40.0,0,I,MELB_URBAN,STREET,8,10.0
135604,1,1,110,4,1,50.0,0,I,RURAL_VICTORIA,STREET,8,9.0
135605,1,6,130,5,1,70.0,0,N,LARGE_PROVINCIAL_CITIES,ROAD,8,14.0
135606,1,4,130,1,1,70.0,0,I,MELB_URBAN,ROAD,5,7.0
135607,4,2,171,5,1,80.0,0,N,RURAL_VICTORIA,ROAD,8,9.0
135608,1,0,130,5,1,60.0,0,N,MELB_URBAN,STREET,8,15.0
135609,1,1,135,5,1,60.0,0,N,MELB_URBAN,ROAD,8,7.0
135610,4,7,181,5,1,60.0,0,N,RURAL_VICTORIA,OTHER,8,13.0
135611,5,6,99,5,3,50.0,0,N,MELB_URBAN,OTHER,8,19.0
135612,3,0,167,5,5,100.0,0,N,RURAL_VICTORIA,ROAD,8,21.0
135613,4,2,173,5,1,100.0,0,N,RURAL_VICTORIA,ROAD,8,13.0
135614,5,2,99,5,1,60.0,0,N,LARGE_PROVINCIAL_CITIES,ROAD,8,9.0
135615,4,2,173,5,1,50.0,0,N,MELB_URBAN,ROAD,8,15.0
135616,3,4,167,2,2,100.0,0,N,RURAL_VICTORIA,FREEWAY,8,17.0
135617,8,6,184,5,1,60.0,0,N,RURAL_VICTORIA,ROAD,8,16.0
135618,1,2,110,1,3,60.0,0,I,LARGE_PROVINCIAL_CITIES,STREET,8,18.0
135619,4,2,181,5,1,40.0,0,N,TOWNS,ROAD,8,16.0
135620,1,2,130,5,1,80.0,0,N,MELB_URBAN,UNKNOWN,8,15.0
135621,1,2,160,5,1,40.0,0,N,MELB_URBAN,OTHER,8,16.0
135622,1,1,113,2,1,60.0,0,I,SMALL_CITIES,ROAD,8,12.0
135623,1,2,130,5,3,100.0,0,N,MELB_URBAN,ROAD,8,6.0
135624,1,7,99,1,1,60.0,0,N,MELB_URBAN,HIGHWAY,8,14.0
135625,4,3,173,5,3,80.0,1,I,MELB_URBAN,FREEWAY,8,5.0
135626,1,6,99,5,1,40.0,0,N,MELB_URBAN,STREET,8,11.0
135627,4,3,183,5,1,60.0,0,N,RURAL_VICTORIA,ROAD,8,9.0
135628,1,6,111,1,1,60.0,0,I,LARGE_PROVINCIAL_CITIES,STREET,6,14.0
135629,1,3,130,5,1,40.0,0,N,MELB_URBAN,ROAD,8,8.0
135630,1,4,121,2,9,60.0,0,I,RURAL_VICTORIA,DRIVE,8,7.0
135631,1,3,99,5,1,60.0,0,N,RURAL_VICTORIA,ROAD,8,6.0
135632,1,1,147,5,9,60.0,0,N,MELB_URBAN,OTHER,8,11.0
135633,4,4,183,5,2,100.0,0,N,RURAL_VICTORIA,OTHER,8,6.0
135634,1,3,134,5,1,60.0,0,N,MELB_URBAN,ROAD,8,10.0
135635,1,3,111,2,1,60.0,0,I,MELB_URBAN,ROAD,8,11.0
135636,1,1,130,5,1,40.0,0,N,MELB_URBAN,STREET,8,15.0
135637,1,3,99,5,1,70.0,0,N,MELB_URBAN,ROAD,8,10.0
135638,4,3,173,5,1,70.0,0,N,MELB_URBAN,ROAD,8,12.0
135639,4,2,181,5,1,80.0,0,N,RURAL_VICTORIA,ROAD,8,12.0
135640,1,2,121,2,1,70.0,0,I,LARGE_PROVINCIAL_CITIES,HIGHWAY,8,9.0
135641,4,2,181,5,1,100.0,0,N,MELB_URBAN,FREEWAY,8,13.0
135642,1,3,110,1,1,50.0,0,I,TOWNS,STREET,8,15.0
135643,1,4,110,1,1,60.0,0,I,SMALL_CITIES,STREET,8,8.0
135644,1,3,135,5,1,80.0,0,N,MELB_URBAN,ROAD,8,16.0
135645,1,3,121,1,9,60.0,0,I,TOWNS,STREET,8,17.0
135646,1,3,99,5,5,100.0,0,N,MELB_URBAN,FREEWAY,8,19.0
135647,1,4,121,2,1,50.0,0,I,MELB_URBAN,BOULEVARD,7,16.0
135648,1,3,130,2,9,60.0,0,I,MELB_URBAN,ROAD,6,13.0
135649,3,2,167,5,5,100.0,0,N,SMALL_CITIES,ROAD,8,22.0
135650,1,3,110,1,1,80.0,0,I,MELB_URBAN,ROAD,8,15.0
135651,4,2,183,5,5,100.0,0,N,RURAL_VICTORIA,ROAD,8,18.0
135652,8,5,99,5,9,40.0,0,N,LARGE_PROVINCIAL_CITIES,OTHER,7,20.0
135653,4,3,171,5,2,80.0,0,N,MELB_URBAN,ROAD,8,6.0
135654,4,2,173,5,1,100.0,0,N,RURAL_VICTORIA,ROAD,8,14.0
135655,2,3,99,5,3,50.0,0,N,TOWNS,STREET,8,21.0
135656,2,3,100,5,1,50.0,0,N,SMALL_CITIES,STREET,8,8.0
135657,1,4,110,4,1,60.0,0,I,RURAL_VICTORIA,ROAD,8,6.0
135658,1,7,160,5,1,50.0,0,N,MELB_URBAN,AVENUE,8,14.0
135659,1,3,113,2,1,60.0,0,I,MELB_URBAN,ROAD,8,10.0
135660,8,7,170,5,5,80.0,0,N,RURAL_VICTORIA,HIGHWAY,7,20.0
135661,1,3,99,5,1,50.0,0,N,TOWNS,STREET,8,9.0
135662,8,4,174,2,1,50.0,0,I,TOWNS,STREET,8,11.0
135663,8,1,184,5,1,100.0,0,N,RURAL_VICTORIA,OTHER,8,13.0
135664,1,6,130,5,3,60.0,0,N,MELB_URBAN,ROAD,7,17.0
135665,8,6,174,2,5,70.0,0,I,MELB_URBAN,ROAD,7,5.0
135666,4,4,171,5,1,100.0,0,N,RURAL_VICTORIA,ROAD,8,12.0
135667,1,2,99,5,1,40.0,0,N,MELB_URBAN,STREET,8,12.0
135668,1,4,160,5,1,60.0,0,N,MELB_URBAN,STREET,8,7.0
135669,1,4,121,2,1,60.0,0,I,MELB_URBAN,ROAD,8,15.0
135670,1,4,99,5,9,60.0,0,N,MELB_URBAN,ROAD,8,8.0
135671,2,4,100,1,1,60.0,1,I,MELB_URBAN,ROAD,8,11.0
135672,1,0,160,5,3,60.0,0,N,LARGE_PROVINCIAL_CITIES,STREET,8,21.0
135673,1,3,121,2,2,70.0,0,N,SMALL_TOWNS,ROAD,8,17.0
135674,1,4,130,5,1,60.0,0,N,SMALL_CITIES,DRIVE,8,15.0
135675,1,3,111,2,1,70.0,0,I,MELB_URBAN,ROAD,8,14.0
135676,6,4,184,1,1,40.0,0,N,MELB_URBAN,STREET,8,14.0
135677,2,3,100,2,1,50.0,0,N,TOWNS,STREET,8,15.0
135678,1,4,121,1,3,70.0,0,I,MELB_URBAN,ROAD,8,18.0
135679,1,3,110,1,1,50.0,0,I,MELB_URBAN,STREET,8,17.0
135680,1,4,110,1,3,60.0,0,N,SMALL_CITIES,PARADE,8,19.0
135681,4,4,173,5,3,50.0,0,N,MELB_URBAN,DRIVE,8,18.0
135682,4,1,181,4,1,80.0,0,I,SMALL_CITIES,RAMP,8,13.0
135683,1,1,132,2,9,60.0,0,I,MELB_URBAN,STREET,8,18.0
135684,2,5,102,5,1,50.0,0,N,LARGE_PROVINCIAL_CITIES,STREET,8,10.0
135685,1,5,113,2,1,60.0,0,I,RURAL_VICTORIA,ROAD,8,9.0
135686,1,0,130,5,9,50.0,0,N,MELB_URBAN,STREET,11,15.0
135687,1,5,140,2,1,60.0,0,N,MELB_URBAN,DRIVE,8,10.0
135688,1,4,130,5,9,70.0,0,N,MELB_URBAN,ROAD,8,6.0
135689,1,4,130,2,1,60.0,0,N,MELB_URBAN,ROAD,8,13.0
135690,1,5,147,5,2,60.0,0,N,MELB_URBAN,ROAD,8,6.0
135691,1,4,135,2,1,60.0,0,N,MELB_URBAN,ROAD,8,11.0
135692,1,5,110,1,2,80.0,0,I,RURAL_VICTORIA,ROAD,8,7.0
135693,1,2,132,5,1,60.0,0,N,MELB_URBAN,ROAD,8,14.0
135694,1,6,130,2,1,70.0,0,I,MELB_URBAN,ROAD,8,13.0
135695,1,5,111,2,1,80.0,0,I,MELB_URBAN,ROAD,8,6.0
135696,1,4,110,1,1,60.0,0,I,LARGE_PROVINCIAL_CITIES,STREET,8,13.0
135697,1,4,130,5,1,80.0,0,N,MELB_URBAN,FREEWAY,8,13.0
135698,1,5,132,2,1,60.0,0,I,MELB_URBAN,ROAD,8,14.0
135699,1,4,130,5,4,60.0,0,N,MELB_URBAN,STREET,8,5.0
135700,4,6,173,5,1,60.0,0,N,MELB_URBAN,PARADE,8,11.0
135701,8,3,99,5,1,60.0,0,N,RURAL_VICTORIA,UNKNOWN,8,11.0
135702,1,4,110,1,1,100.0,0,I,RURAL_VICTORIA,ROAD,8,17.0
135703,6,5,174,5,5,80.0,0,N,RURAL_VICTORIA,ROAD,8,5.0
135704,1,4,99,2,1,60.0,0,N,MELB_URBAN,ROAD,8,9.0
135705,1,5,99,5,1,50.0,0,N,SMALL_CITIES,OTHER,8,17.0
135706,4,4,171,5,1,100.0,0,N,LARGE_PROVINCIAL_CITIES,ROAD,8,17.0
135707,1,5,121,1,3,80.0,0,N,MELB_URBAN,DRIVE,8,19.0
135708,1,4,160,5,3,40.0,0,N,MELB_URBAN,BOULEVARD,8,18.0
135709,1,5,99,2,1,60.0,0,I,MELB_URBAN,ROAD,8,16.0
135710,4,2,173,5,3,50.0,0,N,TOWNS,DRIVE,8,5.0
135711,1,5,111,2,1,80.0,0,N,MELB_URBAN,RAMP,8,13.0
135712,4,5,171,5,1,100.0,0,N,RURAL_VICTORIA,ROAD,8,10.0
135713,1,6,135,5,1,110.0,0,N,RURAL_VICTORIA,FREEWAY,8,8.0
135714,8,2,99,5,1,100.0,0,N,RURAL_VICTORIA,HIGHWAY,6,14.0
135715,1,5,130,2,2,80.0,0,I,MELB_URBAN,ROAD,7,19.0
135716,1,3,130,2,1,60.0,0,I,RURAL_VICTORIA,ROAD,8,15.0
135717,8,1,174,5,9,60.0,0,N,RURAL_VICTORIA,ROAD,7,10.0
135718,1,3,130,5,1,80.0,0,N,MELB_URBAN,ROAD,5,6.0
135719,1,3,99,5,1,40.0,0,N,MELB_URBAN,ROAD,8,16.0
135720,1,6,130,1,1,60.0,1,I,MELB_URBAN,STREET,8,9.0
135721,3,2,167,5,5,100.0,0,N,RURAL_VICTORIA,HIGHWAY,8,6.0
135722,6,7,184,2,6,60.0,0,I,MELB_URBAN,ROAD,8,22.0
135723,1,7,140,5,1,60.0,0,N,MELB_URBAN,ROAD,7,10.0
135724,2,1,100,2,1,60.0,0,N,SMALL_CITIES,STREET,7,8.0
135725,2,6,100,1,1,60.0,0,I,MELB_URBAN,STREET,8,8.0
135726,1,6,99,5,1,60.0,0,N,MELB_URBAN,ROAD,8,13.0
135727,6,5,99,6,3,60.0,0,N,MELB_URBAN,OTHER,7,18.0
135728,5,6,99,5,1,100.0,1,N,RURAL_VICTORIA,ROAD,8,10.0
135729,4,6,173,5,1,70.0,0,N,RURAL_VICTORIA,ROAD,8,11.0
135730,4,6,173,1,3,60.0,0,I,MELB_URBAN,ROAD,8,18.0
135731,1,2,120,5,3,60.0,0,N,MELB_URBAN,ROAD,4,20.0
135732,1,6,130,5,5,60.0,0,N,MELB_URBAN,ROAD,8,17.0
135733,1,6,173,5,1,50.0,0,N,SMALL_CITIES,OTHER,8,17.0
135734,1,1,110,4,6,60.0,0,I,MELB_URBAN,ROAD,8,18.0
135735,4,6,181,5,2,50.0,0,N,LARGE_PROVINCIAL_CITIES,STREET,8,17.0
135736,1,5,121,1,3,70.0,0,I,MELB_URBAN,ROAD,8,18.0
135737,1,6,160,5,1,50.0,0,N,MELB_URBAN,STREET,8,16.0
135738,1,6,113,2,3,100.0,0,I,RURAL_VICTORIA,ROAD,8,18.0
135739,3,6,167,5,2,100.0,0,N,RURAL_VICTORIA,ROAD,8,5.0
135740,1,6,110,1,3,40.0,0,N,MELBOURNE_CBD,STREET,8,19.0
135741,1,5,99,5,2,50.0,0,N,MELB_URBAN,DRIVE,8,17.0
135742,1,6,110,1,3,50.0,0,I,MELB_URBAN,STREET,7,19.0
135743,1,7,110,1,1,80.0,0,I,RURAL_VICTORIA,ROAD,8,13.0
135744,4,6,181,5,5,100.0,0,N,RURAL_VICTORIA,ROAD,8,23.0
135745,7,7,99,2,5,50.0,0,I,RURAL_VICTORIA,STREET,8,0.0
135746,1,7,99,5,1,60.0,0,N,MELB_URBAN,PARADE,8,9.0
135747,4,6,99,5,1,50.0,0,N,MELB_URBAN,AVENUE,8,11.0
135748,1,7,130,5,1,50.0,0,N,SMALL_CITIES,OTHER,8,12.0
135749,1,6,110,1,1,60.0,0,I,MELB_URBAN,OTHER,8,11.0
135750,1,6,133,5,1,60.0,0,N,MELB_URBAN,STREET,8,9.0
135751,8,2,99,5,6,60.0,0,N,MELB_URBAN,AVENUE,8,20.0
135752,1,6,121,1,1,60.0,0,I,TOWNS,STREET,8,11.0
135753,1,6,110,1,1,60.0,0,I,RURAL_VICTORIA,ROAD,8,9.0
135754,1,7,121,2,1,80.0,0,I,SMALL_CITIES,HIGHWAY,8,13.0
135755,1,1,130,5,1,60.0,0,N,MELB_URBAN,ROAD,8,12.0
135756,1,3,130,5,1,80.0,0,N,MELB_URBAN,ROAD,8,16.0
135757,1,7,99,2,1,60.0,0,N,MELB_URBAN,STREET,8,7.0
135758,1,7,99,2,1,60.0,0,N,MELB_URBAN,STREET,8,16.0
135759,1,7,110,1,1,60.0,0,I,SMALL_CITIES,PARADE,8,16.0
135760,1,7,121,5,1,60.0,0,N,MELB_URBAN,BOULEVARD,8,17.0
135761,2,7,100,1,1,60.0,0,I,MELB_URBAN,ROAD,8,16.0
135762,1,6,110,1,3,40.0,0,I,MELB_URBAN,STREET,7,17.0
135763,1,7,99,1,1,60.0,0,I,SMALL_CITIES,AVENUE,8,14.0
135764,1,0,120,5,1,60.0,0,N,RURAL_VICTORIA,ROAD,8,10.0
135765,4,6,99,2,3,60.0,0,I,RURAL_VICTORIA,ROAD,8,22.0
135766,2,7,100,1,3,60.0,0,I,MELB_URBAN,ROAD,8,23.0
135767,1,1,163,5,1,60.0,0,N,MELB_URBAN,STREET,8,12.0
135768,1,0,130,5,9,100.0,0,N,RURAL_VICTORIA,FREEWAY,6,17.0
135769,1,0,120,5,1,70.0,0,N,RURAL_VICTORIA,ROAD,8,9.0
135770,2,4,99,5,1,100.0,0,N,RURAL_VICTORIA,ROAD,8,8.0
135771,1,6,130,5,1,70.0,0,N,MELB_URBAN,RAMP,6,13.0
135772,1,0,132,2,1,60.0,0,I,MELB_URBAN,ROAD,8,11.0
135773,2,0,100,1,1,50.0,0,N,MELB_URBAN,STREET,8,13.0
135774,1,1,130,5,1,80.0,0,N,MELB_URBAN,ROAD,8,10.0
135775,1,0,121,1,1,60.0,0,I,MELB_URBAN,ROAD,8,15.0
135776,4,1,171,5,1,80.0,0,N,RURAL_VICTORIA,ROAD,8,13.0
135777,1,1,110,1,1,70.0,0,I,MELB_URBAN,ROAD,8,16.0
135778,1,1,99,1,1,80.0,0,N,MELB_URBAN,ROAD,7,14.0
135779,4,1,173,5,1,100.0,0,N,MELB_URBAN,FREEWAY,8,16.0
135780,1,1,113,2,1,80.0,0,I,MELB_URBAN,HIGHWAY,8,15.0
135781,8,1,174,5,1,50.0,0,N,LARGE_PROVINCIAL_CITIES,STREET,8,15.0
135782,4,3,173,2,5,60.0,0,I,RURAL_VICTORIA,ROAD,8,20.0
135783,2,7,100,2,1,50.0,0,I,MELB_URBAN,AVENUE,8,17.0
135784,1,0,111,1,3,60.0,0,I,TOWNS,AVENUE,8,18.0
135785,4,1,173,5,5,80.0,0,N,SMALL_TOWNS,ROAD,8,18.0
135786,1,4,130,5,1,60.0,0,N,MELB_URBAN,HIGHWAY,6,16.0
135787,1,0,99,1,3,60.0,0,I,RURAL_VICTORIA,BOULEVARD,8,19.0
135788,4,1,99,2,1,50.0,0,I,MELB_URBAN,DRIVE,8,16.0
135789,1,1,110,1,1,50.0,0,I,MELB_URBAN,STREET,8,10.0
135790,1,4,130,5,1,60.0,0,N,MELB_URBAN,RAMP,8,15.0
135791,1,2,99,2,1,50.0,0,N,MELB_URBAN,ROAD,8,13.0
135792,1,6,147,5,9,50.0,0,N,MELB_URBAN,AVENUE,8,17.0
135793,2,7,99,5,1,80.0,0,N,MELB_URBAN,OTHER,8,12.0
135794,2,2,100,1,3,60.0,0,I,MELB_URBAN,ROAD,8,6.0
135795,1,1,163,5,1,60.0,0,N,MELB_URBAN,ROAD,8,14.0
135796,6,1,170,5,1,60.0,0,N,RURAL_VICTORIA,OTHER,8,12.0
135797,1,4,130,5,1,80.0,0,N,LARGE_PROVINCIAL_CITIES,ROAD,11,16.0
135798,1,4,133,5,3,80.0,0,N,MELB_URBAN,HIGHWAY,7,17.0
135799,4,1,183,5,1,80.0,0,N,MELB_URBAN,HIGHWAY,8,16.0
135800,1,6,130,1,3,60.0,0,I,MELB_URBAN,HIGHWAY,8,6.0
135801,4,1,181,5,5,50.0,0,N,MELB_URBAN,OTHER,8,18.0
135802,1,2,120,5,3,60.0,0,N,MELB_URBAN,ROAD,8,18.0
135803,1,4,160,2,1,60.0,0,I,MELB_URBAN,ROAD,8,9.0
135804,1,2,121,2,3,80.0,0,I,SMALL_CITIES,ROAD,8,19.0
135805,1,2,120,2,1,60.0,0,I,MELB_URBAN,ROAD,8,15.0
135806,1,6,133,5,1,80.0,0,N,MELB_URBAN,FREEWAY,8,15.0
135807,1,2,120,5,1,60.0,0,N,MELB_URBAN,DRIVE,8,17.0
135808,1,2,113,2,3,80.0,0,I,MELB_URBAN,ROAD,8,20.0
135809,6,7,174,5,1,100.0,0,N,RURAL_VICTORIA,ROAD,7,15.0
135810,4,4,99,2,1,50.0,0,I,LARGE_PROVINCIAL_CITIES,STREET,10,11.0
135811,4,3,173,2,1,50.0,0,N,LARGE_PROVINCIAL_CITIES,OTHER,8,7.0
135812,1,2,113,2,1,70.0,0,I,MELB_URBAN,ROAD,8,14.0
135813,5,0,99,5,1,60.0,0,N,RURAL_VICTORIA,ROAD,8,9.0
135814,4,1,181,5,5,40.0,0,N,SMALL_TOWNS,ROAD,8,20.0
135815,1,2,111,4,6,80.0,0,I,MELB_URBAN,ROAD,5,17.0
135816,1,2,160,1,1,60.0,0,I,MELB_URBAN,STREET,8,8.0
135817,8,6,174,5,1,60.0,0,N,MELB_URBAN,ROAD,8,8.0
135818,1,3,113,2,1,60.0,0,I,MELB_URBAN,STREET,8,11.0
135819,1,6,111,2,1,40.0,0,I,MELB_URBAN,STREET,7,8.0
135820,4,3,171,5,1,100.0,0,N,RURAL_VICTORIA,ROAD,8,6.0
135821,1,1,99,2,1,60.0,0,I,MELB_URBAN,ROAD,8,15.0
135822,6,2,99,5,1,100.0,0,N,RURAL_VICTORIA,ROAD,8,10.0
135823,1,1,110,1,9,50.0,0,I,MELB_URBAN,STREET,8,15.0
135824,5,7,99,5,1,100.0,0,N,MELB_URBAN,FREEWAY,7,12.0
135825,1,2,120,5,1,50.0,0,N,MELB_URBAN,DRIVE,8,10.0
135826,2,3,99,5,6,30.0,0,N,SMALL_CITIES,ROAD,8,20.0
135827,1,1,99,2,1,60.0,0,I,MELB_URBAN,ROAD,8,16.0
135828,1,0,130,1,1,40.0,0,I,RURAL_VICTORIA,ROAD,5,17.0
135829,1,2,120,5,1,80.0,0,N,SMALL_TOWNS,ROAD,8,16.0
135830,2,6,99,5,1,40.0,0,N,TOWNS,ROAD,8,13.0
135831,1,3,111,1,1,60.0,0,I,MELB_URBAN,OTHER,8,16.0
135832,1,0,121,1,1,60.0,0,I,MELB_URBAN,STREET,8,16.0
135833,1,3,160,5,1,60.0,0,N,LARGE_PROVINCIAL_CITIES,STREET,8,15.0
135834,4,3,99,2,2,60.0,0,I,MELB_URBAN,UNKNOWN,8,17.0
135835,1,3,130,5,6,100.0,0,N,MELB_URBAN,FREEWAY,8,19.0
135836,1,5,121,1,1,50.0,0,I,MELB_URBAN,ROAD,7,9.0
135837,2,4,100,1,1,40.0,0,I,MELB_URBAN,ROAD,8,7.0
135838,1,4,130,5,1,80.0,0,N,MELB_URBAN,HIGHWAY,8,8.0
135839,6,4,174,5,1,40.0,0,N,MELB_URBAN,ROAD,8,10.0
135840,1,1,110,1,3,80.0,0,I,TOWNS,HIGHWAY,4,19.0
135841,6,5,184,5,1,50.0,0,N,RURAL_VICTORIA,ROAD,8,12.0
135842,1,3,132,4,1,60.0,0,N,MELB_URBAN,RAMP,8,13.0
135843,3,3,167,5,1,100.0,0,N,RURAL_VICTORIA,ROAD,8,10.0
135844,1,4,99,5,1,60.0,0,N,MELB_URBAN,ROAD,8,10.0
135845,1,5,130,2,1,80.0,0,I,LARGE_PROVINCIAL_CITIES,ROAD,8,12.0
135846,1,4,99,4,1,70.0,0,I,MELB_URBAN,RAMP,8,12.0
135847,1,4,113,4,1,60.0,0,N,RURAL_VICTORIA,RAMP,8,10.0
135848,1,5,132,2,2,60.0,0,I,MELB_URBAN,STREET,6,17.0
135849,4,3,171,5,5,60.0,0,N,TOWNS,AVENUE,8,21.0
135850,1,3,130,5,3,60.0,0,N,MELB_URBAN,ROAD,8,18.0
135851,1,3,135,5,2,60.0,0,N,SMALL_CITIES,ROAD,8,6.0
135852,4,6,181,5,3,50.0,0,N,MELB_URBAN,RAMP,8,5.0
135853,1,3,121,2,1,60.0,0,N,SMALL_CITIES,ROAD,8,14.0
135854,2,4,99,5,1,50.0,0,N,MELB_URBAN,DRIVE,8,15.0
135855,6,4,174,1,1,60.0,0,I,RURAL_VICTORIA,STREET,8,17.0
135856,6,4,174,5,1,50.0,0,N,MELB_URBAN,STREET,8,15.0
135857,1,4,120,5,1,50.0,0,N,RURAL_VICTORIA,DRIVE,8,16.0
135858,6,3,174,1,6,60.0,0,I,LARGE_PROVINCIAL_CITIES,OTHER,8,22.0
135859,6,4,174,5,2,50.0,0,N,SMALL_CITIES,STREET,8,18.0
135860,1,4,130,5,1,80.0,0,N,MELB_URBAN,HIGHWAY,8,17.0
135861,1,4,160,5,3,60.0,0,N,TOWNS,STREET,8,19.0
135862,1,4,121,2,1,60.0,0,I,MELB_URBAN,ROAD,8,16.0
135863,4,5,171,5,5,100.0,0,N,RURAL_VICTORIA,ROAD,8,4.0
135864,1,1,130,2,1,60.0,0,I,MELB_URBAN,ROAD,8,16.0
135865,1,4,130,1,1,40.0,0,I,MELB_URBAN,ROAD,8,7.0
135866,1,3,113,2,2,60.0,0,I,MELB_URBAN,ROAD,8,17.0
135867,6,4,174,5,1,50.0,0,N,RURAL_VICTORIA,ROAD,8,12.0
135868,1,5,135,5,1,80.0,0,N,MELB_URBAN,OTHER,8,10.0
135869,1,5,110,1,1,80.0,0,I,RURAL_VICTORIA,HIGHWAY,8,12.0
135870,1,5,135,5,1,40.0,0,N,MELBOURNE_CBD,STREET,8,7.0
135871,1,6,121,2,3,60.0,0,I,MELB_URBAN,ROAD,7,18.0
135872,1,5,135,5,1,80.0,0,N,MELB_URBAN,FREEWAY,8,8.0
135873,1,5,147,5,9,50.0,0,N,MELB_URBAN,AVENUE,8,13.0
135874,1,5,160,5,1,40.0,0,N,MELB_URBAN,STREET,8,13.0
135875,8,5,99,2,1,50.0,0,I,MELB_URBAN,STREET,8,14.0
135876,2,3,99,5,1,70.0,0,N,MELB_URBAN,ROAD,8,16.0
135877,1,3,99,5,1,40.0,0,N,TOWNS,OTHER,8,11.0
135878,4,5,173,5,1,80.0,0,N,RURAL_VICTORIA,HIGHWAY,8,15.0