,accident_type,day_of_week,dca_code,road_geometry,light_condition,speed_zone,severity,node_type,deg_urban_name,road_type,month,hour
135879,1,4,110,1,1,60.0,0,I,SMALL_CITIES,ROAD,8,15.0
135880,1,4,110,1,1,80.0,0,I,RURAL_VICTORIA,HIGHWAY,8,16.0
135881,2,5,99,5,6,60.0,0,N,MELB_URBAN,STREET,8,18.0
135882,4,5,171,5,1,100.0,1,N,RURAL_VICTORIA,ROAD,8,15.0
135883,1,4,110,1,1,50.0,0,I,MELB_URBAN,STREET,8,10.0
135884,1,5,110,1,3,50.0,0,I,MELB_URBAN,STREET,8,20.0
135885,1,2,110,1,3,40.0,0,I,MELBOURNE_CBD,OTHER,8,19.0
135886,4,5,173,5,3,110.0,0,N,RURAL_VICTORIA,HIGHWAY,8,21.0
135887,4,5,99,2,5,100.0,0,I,RURAL_VICTORIA,ROAD,8,23.0
135888,4,5,173,5,5,80.0,0,N,RURAL_VICTORIA,ROAD,8,23.0
135889,1,5,110,1,3,60.0,0,I,MELB_URBAN,ROAD,8,5.0
135890,1,7,130,5,1,60.0,0,N,RURAL_VICTORIA,ROAD,8,11.0
135891,1,6,116,1,3,60.0,0,I,MELB_URBAN,ROAD,8,6.0
135892,2,4,102,5,1,60.0,0,N,MELB_URBAN,STREET,8,6.0
135893,4,2,171,5,1,60.0,0,N,RURAL_VICTORIA,OTHER,8,15.0
135894,1,6,130,5,1,50.0,0,N,MELB_URBAN,OTHER,8,10.0
135895,1,5,132,2,1,60.0,0,I,SMALL_CITIES,ROAD,8,10.0
135896,1,6,134,1,1,60.0,0,I,SMALL_CITIES,STREET,8,12.0
135897,1,5,130,5,1,60.0,0,N,LARGE_PROVINCIAL_CITIES,STREET,6,10.0
135898,2,7,99,5,9,60.0,0,N,MELB_URBAN,STREET,8,10.0
135899,1,5,110,1,1,100.0,0,I,RURAL_VICTORIA,ROAD,8,14.0
135900,1,5,110,1,1,60.0,0,I,TOWNS,AVENUE,8,13.0
135901,1,7,99,5,2,50.0,0,N,MELB_URBAN,STREET,8,17.0
135902,2,6,99,5,3,40.0,0,N,MELBOURNE_CBD,STREET,8,18.0
135903,2,6,99,5,1,110.0,0,N,RURAL_VICTORIA,FREEWAY,8,16.0
135904,1,5,132,2,1,60.0,0,I,MELB_URBAN,STREET,8,17.0
135905,1,3,133,1,1,60.0,0,I,MELB_URBAN,ROAD,3,16.0
135906,4,6,173,2,3,60.0,0,I,LARGE_PROVINCIAL_CITIES,STREET,8,20.0
135907,2,5,102,1,1,40.0,0,I,MELB_URBAN,STREET,8,15.0
135908,1,6,121,1,3,40.0,0,I,MELB_URBAN,OTHER,8,21.0
135909,1,6,99,5,5,60.0,0,N,MELB_URBAN,OTHER,8,19.0
135910,4,6,181,5,3,50.0,0,N,MELB_URBAN,AVENUE,8,21.0
135911,6,6,99,5,1,80.0,0,N,MELB_URBAN,HIGHWAY,8,16.0
135912,4,6,171,5,1,60.0,0,N,TOWNS,ROAD,8,7.0
135913,1,7,120,5,1,60.0,0,N,RURAL_VICTORIA,DRIVE,8,8.0
135914,1,6,110,1,1,50.0,0,N,MELB_URBAN,STREET,8,9.0
135915,1,3,147,5,1,60.0,0,N,MELB_URBAN,ROAD,8,17.0
135916,6,6,99,5,1,60.0,0,N,RURAL_VICTORIA,ROAD,8,12.0
135917,8,7,99,5,1,60.0,0,N,MELB_URBAN,ROAD,8,11.0
135918,4,3,171,1,3,80.0,0,I,RURAL_VICTORIA,HIGHWAY,8,17.0
135919,1,7,110,1,1,60.0,0,I,MELB_URBAN,ROAD,8,14.0
135920,1,7,121,1,1,80.0,0,N,MELB_URBAN,ROAD,8,14.0
135921,1,7,133,5,1,50.0,0,N,MELB_URBAN,STREET,8,14.0
135922,1,7,130,5,1,80.0,0,N,MELB_URBAN,ROAD,8,15.0
135923,1,7,121,1,1,50.0,0,I,MELB_URBAN,ROAD,8,14.0
135924,1,7,99,5,1,60.0,0,N,MELB_URBAN,ROAD,8,15.0
135925,1,5,160,5,1,50.0,0,N,SMALL_CITIES,ROAD,8,8.0
135926,1,7,121,1,2,80.0,0,I,TOWNS,HIGHWAY,8,17.0
135927,1,6,160,5,3,50.0,0,N,MELB_URBAN,AVENUE,8,1.0
135928,1,7,99,2,1,40.0,0,N,MELB_URBAN,STREET,8,16.0
135929,1,6,121,5,3,70.0,0,I,MELB_URBAN,ROAD,8,20.0
135930,4,6,171,2,3,60.0,0,N,MELB_URBAN,HIGHWAY,8,19.0
135931,2,6,100,2,5,50.0,0,I,MELB_URBAN,BOULEVARD,8,18.0
135932,1,7,130,5,3,70.0,0,N,MELB_URBAN,ROAD,8,22.0
135933,1,7,99,2,3,60.0,0,I,MELB_URBAN,STREET,8,21.0
135934,1,1,160,5,3,60.0,0,N,LARGE_PROVINCIAL_CITIES,STREET,8,1.0
135935,1,2,99,1,9,60.0,0,I,MELB_URBAN,PARADE,4,16.0
135936,6,7,174,2,1,60.0,0,I,MELB_URBAN,UNKNOWN,8,16.0
135937,4,1,173,5,1,110.0,0,N,RURAL_VICTORIA,FREEWAY,8,9.0
135938,1,1,160,5,1,60.0,0,N,MELB_URBAN,ROAD,8,12.0
135939,1,6,132,2,1,70.0,0,I,MELB_URBAN,ROAD,8,12.0
135940,1,1,147,2,1,60.0,0,I,SMALL_CITIES,PARADE,8,13.0
135941,6,7,99,1,1,80.0,0,I,RURAL_VICTORIA,ROAD,8,15.0
135942,3,5,167,5,5,100.0,0,N,RURAL_VICTORIA,HIGHWAY,8,23.0
135943,1,1,110,1,1,60.0,0,I,TOWNS,ROAD,8,16.0
135944,5,0,99,5,1,50.0,0,N,RURAL_VICTORIA,ROAD,8,17.0
135945,1,1,121,1,1,50.0,0,I,MELB_URBAN,STREET,8,17.0
135946,1,1,99,5,3,50.0,0,N,RURAL_VICTORIA,PARADE,8,18.0
135947,3,1,167,5,5,100.0,0,N,RURAL_VICTORIA,ROAD,8,19.0
135948,4,1,171,5,3,50.0,0,N,LARGE_PROVINCIAL_CITIES,ROAD,8,19.0
135949,1,0,110,1,1,60.0,0,I,MELB_URBAN,ROAD,8,15.0
135950,1,0,160,5,5,50.0,0,N,MELB_URBAN,ROAD,8,19.0
135951,4,1,181,5,3,100.0,0,N,MELB_URBAN,RAMP,8,22.0
135952,4,1,171,5,3,80.0,0,N,MELB_URBAN,ROAD,8,1.0
135953,4,2,173,2,3,60.0,0,I,MELB_URBAN,ROAD,8,0.0
135954,1,7,160,5,1,70.0,0,N,MELB_URBAN,ROAD,8,16.0
135955,1,6,121,1,3,80.0,0,I,MELB_URBAN,ROAD,8,19.0
135956,1,2,130,5,3,70.0,0,N,RURAL_VICTORIA,ROAD,7,19.0
135957,1,2,160,5,1,60.0,0,N,LARGE_PROVINCIAL_CITIES,STREET,8,9.0
135958,1,1,121,1,1,50.0,0,I,MELB_URBAN,ROAD,8,10.0
135959,2,1,99,5,1,60.0,1,O,MELB_URBAN,UNKNOWN,8,11.0
135960,1,2,99,2,1,60.0,0,N,MELB_URBAN,AVENUE,8,12.0
135961,1,2,130,5,9,60.0,0,N,MELB_URBAN,STREET,7,17.0
135962,1,1,113,2,1,70.0,0,I,MELB_URBAN,ROAD,8,13.0
135963,1,3,113,1,1,60.0,0,I,MELB_URBAN,STREET,8,10.0
135964,2,5,100,5,1,40.0,0,N,SMALL_CITIES,DRIVE,8,8.0
135965,1,2,130,5,1,70.0,0,N,MELB_URBAN,ROAD,8,10.0
135966,6,2,99,6,1,50.0,0,N,TOWNS,DRIVE,8,10.0
135967,1,7,113,1,3,60.0,0,I,SMALL_CITIES,ROAD,8,18.0
135968,1,2,120,5,1,60.0,0,N,MELB_URBAN,ROAD,8,15.0
135969,1,2,120,2,1,60.0,0,I,MELB_URBAN,ROAD,8,15.0
135970,1,5,113,2,3,80.0,0,I,MELB_URBAN,ROAD,8,18.0
135971,4,2,171,5,1,60.0,0,N,SMALL_CITIES,STREET,8,14.0
135972,1,6,130,5,1,100.0,0,N,MELB_URBAN,FREEWAY,8,8.0
135973,4,2,99,2,1,60.0,0,I,MELB_URBAN,ROAD,8,17.0
135974,1,2,121,2,1,80.0,0,I,SMALL_CITIES,HIGHWAY,8,14.0
135975,8,2,174,5,1,60.0,0,N,MELB_URBAN,STREET,8,15.0
135976,1,2,160,5,1,50.0,0,N,TOWNS,ROAD,8,16.0
135977,1,2,133,5,5,80.0,0,N,MELB_URBAN,FREEWAY,8,21.0
135978,4,4,171,5,5,100.0,0,N,RURAL_VICTORIA,HIGHWAY,8,2.0
135979,1,2,120,5,1,100.0,0,N,RURAL_VICTORIA,ROAD,8,11.0
135980,1,3,121,4,1,60.0,0,I,MELB_URBAN,ROAD,8,7.0
135981,1,5,111,1,1,60.0,0,I,TOWNS,STREET,8,8.0
135982,4,1,181,5,5,60.0,0,N,SMALL_CITIES,ROAD,7,21.0
135983,4,6,171,5,9,50.0,0,N,MELB_URBAN,OTHER,8,19.0
135984,1,1,130,5,3,70.0,0,N,MELB_URBAN,ROAD,6,19.0
135985,5,7,99,5,1,60.0,0,N,RURAL_VICTORIA,ROAD,8,16.0
135986,1,2,110,1,1,60.0,0,I,RURAL_VICTORIA,ROAD,8,17.0
135987,1,2,120,5,1,60.0,0,N,MELB_URBAN,ROAD,8,11.0
135988,6,7,99,5,1,100.0,0,N,RURAL_VICTORIA,ROAD,8,15.0
135989,1,3,134,5,1,100.0,0,N,MELB_URBAN,ROAD,8,9.0
135990,1,3,160,5,1,40.0,0,N,TOWNS,STREET,8,13.0
135991,1,2,140,5,1,40.0,0,N,LARGE_PROVINCIAL_CITIES,STREET,8,15.0
135992,1,1,121,5,1,40.0,0,I,MELB_URBAN,BOULEVARD,8,13.0
135993,1,1,130,5,3,80.0,0,N,MELB_URBAN,ROAD,8,6.0
135994,3,3,167,5,1,100.0,0,N,MELB_URBAN,FREEWAY,8,7.0
135995,4,3,171,5,1,50.0,0,N,SMALL_CITIES,STREET,8,16.0
135996,1,2,99,2,1,60.0,0,I,MELB_URBAN,ROAD,8,16.0
135997,2,2,100,5,1,60.0,0,N,MELB_URBAN,STREET,8,13.0
135998,1,7,130,5,1,60.0,0,N,MELB_URBAN,ROAD,6,9.0
135999,8,3,174,5,2,80.0,0,N,RURAL_VICTORIA,ROAD,8,17.0
136000,1,4,135,5,1,70.0,0,N,MELB_URBAN,ROAD,8,8.0
136001,1,6,130,5,1,80.0,0,N,MELB_URBAN,ROAD,8,15.0
136002,2,3,100,1,1,60.0,0,I,MELB_URBAN,ROAD,8,15.0
136003,1,1,99,5,3,60.0,0,N,LARGE_PROVINCIAL_CITIES,ROAD,8,22.0
136004,1,3,113,2,3,50.0,0,I,MELB_URBAN,STREET,8,20.0
136005,8,3,174,5,3,60.0,0,N,MELB_URBAN,STREET,8,19.0
136006,2,4,100,5,1,60.0,0,N,MELB_URBAN,STREET,8,13.0
136007,1,1,110,1,1,50.0,0,I,LARGE_PROVINCIAL_CITIES,STREET,8,11.0
136008,1,1,130,5,2,80.0,0,N,MELB_URBAN,ROAD,8,18.0
136009,1,3,121,1,3,60.0,0,I,MELB_URBAN,STREET,6,17.0
136010,1,3,110,1,1,50.0,0,I,SMALL_CITIES,STREET,9,7.0
136011,2,4,102,5,1,60.0,0,N,MELB_URBAN,BOULEVARD,9,7.0
136012,1,1,130,5,1,80.0,0,N,MELB_URBAN,HIGHWAY,8,15.0
136013,2,2,100,2,9,60.0,0,N,MELB_URBAN,STREET,8,11.0
136014,1,5,134,5,1,60.0,0,N,LARGE_PROVINCIAL_CITIES,STREET,8,14.0
136015,1,6,140,5,1,60.0,0,N,MELB_URBAN,ROAD,8,10.0
136016,4,1,171,5,1,100.0,0,N,RURAL_VICTORIA,ROAD,8,13.0
136017,3,6,167,5,3,100.0,0,N,MELB_URBAN,FREEWAY,8,20.0
136018,2,3,100,1,1,60.0,0,I,MELB_URBAN,ROAD,9,13.0
136019,1,3,135,5,1,100.0,0,N,MELB_URBAN,UNKNOWN,9,10.0
136020,1,1,99,5,6,50.0,0,N,SMALL_CITIES,STREET,8,21.0
136021,1,7,121,2,1,60.0,0,I,MELB_URBAN,ROAD,8,13.0
136022,1,1,130,2,1,50.0,1,I,TOWNS,OTHER,8,12.0
136023,1,4,99,5,1,60.0,0,N,TOWNS,ROAD,9,14.0
136024,1,3,99,5,1,40.0,0,N,SMALL_CITIES,AVENUE,9,15.0
136025,2,3,99,5,1,70.0,0,N,MELB_URBAN,ROAD,1,8.0
136026,5,4,99,5,1,50.0,0,N,SMALL_CITIES,AVENUE,9,18.0
136027,1,6,99,5,1,60.0,0,N,MELB_URBAN,ROAD,8,17.0
136028,1,3,110,1,1,50.0,0,I,MELB_URBAN,STREET,9,13.0
136029,1,3,121,2,1,60.0,0,I,MELB_URBAN,ROAD,9,15.0
136030,1,3,130,2,1,80.0,0,I,MELB_URBAN,ROAD,9,14.0
136031,6,4,174,5,3,60.0,0,N,MELB_URBAN,ROAD,9,18.0
136032,1,3,110,1,3,100.0,0,I,RURAL_VICTORIA,ROAD,9,19.0
136033,4,4,173,1,3,60.0,0,I,MELB_URBAN,ROAD,9,18.0
136034,4,3,173,5,5,80.0,0,N,SMALL_TOWNS,HIGHWAY,9,19.0
136035,1,4,99,1,3,60.0,0,I,LARGE_PROVINCIAL_CITIES,ROAD,9,23.0
136036,1,6,130,5,3,60.0,0,N,MELB_URBAN,ROAD,8,21.0
136037,1,5,99,5,1,50.0,0,N,MELB_URBAN,STREET,8,14.0
136038,3,5,167,5,1,100.0,0,N,RURAL_VICTORIA,ROAD,9,6.0
136039,2,5,100,5,1,50.0,0,N,MELB_URBAN,STREET,9,7.0
136040,1,7,99,5,1,60.0,0,N,MELB_URBAN,UNKNOWN,8,15.0
136041,2,5,99,5,1,40.0,0,N,MELB_URBAN,STREET,9,7.0
136042,1,4,130,5,1,80.0,0,N,MELB_URBAN,HIGHWAY,9,7.0
136043,1,5,132,5,1,80.0,0,N,MELB_URBAN,ROAD,9,8.0
136044,4,7,99,2,1,60.0,0,I,RURAL_VICTORIA,ROAD,8,8.0
136045,4,5,99,5,1,80.0,0,N,MELB_URBAN,UNKNOWN,9,10.0
136046,1,5,121,1,1,60.0,0,I,MELB_URBAN,ROAD,9,11.0
136047,1,5,110,1,1,60.0,0,I,TOWNS,STREET,9,12.0
136048,4,5,99,5,1,50.0,0,N,SMALL_CITIES,ROAD,7,9.0
136049,8,5,174,5,1,40.0,0,N,MELB_URBAN,ROAD,9,12.0
136050,1,4,132,1,1,40.0,0,N,MELB_URBAN,ROAD,7,10.0
136051,1,5,116,2,1,60.0,0,N,RURAL_VICTORIA,ROAD,9,14.0
136052,5,0,99,5,1,100.0,0,N,RURAL_VICTORIA,ROAD,11,7.0
136053,1,3,110,1,1,50.0,0,I,MELB_URBAN,ROAD,9,16.0
136054,8,6,174,5,1,40.0,0,N,LARGE_PROVINCIAL_CITIES,STREET,8,12.0
136055,1,4,163,5,1,60.0,0,N,LARGE_PROVINCIAL_CITIES,STREET,9,13.0
136056,1,5,130,5,1,60.0,0,N,MELB_URBAN,PARADE,9,15.0
136057,1,4,111,1,2,60.0,0,I,MELB_URBAN,STREET,9,17.0
136058,1,4,113,2,1,60.0,0,I,LARGE_PROVINCIAL_CITIES,ROAD,9,16.0
136059,8,5,174,5,5,60.0,0,N,RURAL_VICTORIA,STREET,9,18.0
136060,1,4,111,2,6,50.0,0,I,MELB_URBAN,ROAD,9,19.0
136061,3,4,167,5,5,80.0,0,N,TOWNS,ROAD,9,19.0
136062,8,5,174,2,3,80.0,0,N,MELB_URBAN,ROAD,9,19.0
136063,3,3,167,5,9,60.0,0,N,RURAL_VICTORIA,ROAD,9,18.0
136064,4,5,171,2,3,50.0,0,I,MELB_URBAN,STREET,9,20.0
136065,5,5,99,5,5,100.0,0,N,MELB_URBAN,FREEWAY,9,18.0
136066,4,5,183,5,1,50.0,1,N,MELB_URBAN,ROAD,9,16.0
136067,1,4,113,2,1,60.0,0,N,MELB_URBAN,ROAD,9,17.0
136068,2,5,102,2,3,50.0,0,I,MELB_URBAN,ROAD,9,18.0
136069,1,5,99,5,9,60.0,0,N,LARGE_PROVINCIAL_CITIES,STREET,9,16.0
136070,2,3,100,1,5,50.0,0,I,MELB_URBAN,STREET,7,18.0
136071,1,6,113,2,1,60.0,0,I,MELB_URBAN,ROAD,9,7.0
136072,1,6,130,5,2,100.0,0,N,RURAL_VICTORIA,HIGHWAY,9,6.0
136073,1,2,130,5,1,70.0,0,N,RURAL_VICTORIA,HIGHWAY,8,10.0
136074,1,4,130,5,1,60.0,0,N,MELB_URBAN,ROAD,8,11.0
136075,2,6,100,2,1,50.0,0,I,MELB_URBAN,DRIVE,9,10.0
136076,2,6,102,1,1,60.0,0,I,TOWNS,HIGHWAY,9,12.0
136077,1,5,130,1,1,80.0,0,N,MELB_URBAN,ROAD,9,16.0
136078,5,4,99,2,1,80.0,0,I,RURAL_VICTORIA,ROAD,9,17.0
136079,1,6,133,4,1,80.0,0,I,MELB_URBAN,UNKNOWN,9,14.0
136080,2,6,100,1,1,40.0,0,I,MELB_URBAN,ROAD,9,15.0
136081,1,6,130,5,1,40.0,0,N,LARGE_PROVINCIAL_CITIES,STREET,9,15.0
136082,1,6,113,2,1,60.0,0,I,RURAL_VICTORIA,ROAD,9,12.0
136083,1,6,147,5,1,50.0,0,N,SMALL_CITIES,STREET,9,15.0
136084,4,6,183,5,1,100.0,0,N,RURAL_VICTORIA,HIGHWAY,9,15.0
136085,1,5,130,2,1,50.0,0,N,MELB_URBAN,DRIVE,9,17.0
136086,1,5,110,1,1,50.0,0,I,TOWNS,AVENUE,9,9.0
136087,1,1,121,2,3,60.0,0,N,SMALL_CITIES,ROAD,8,19.0
136088,1,6,113,1,2,80.0,0,I,MELB_URBAN,HIGHWAY,9,16.0
136089,4,5,173,5,1,70.0,0,N,MELB_URBAN,ROAD,9,14.0
136090,1,5,130,5,1,70.0,0,N,MELB_URBAN,ROAD,9,9.0
136091,1,5,110,1,1,50.0,0,I,LARGE_PROVINCIAL_CITIES,STREET,9,16.0
136092,1,6,120,5,1,80.0,0,N,MELB_URBAN,ROAD,9,15.0
136093,1,4,121,1,1,80.0,0,I,MELB_URBAN,OTHER,8,16.0
136094,2,6,100,2,1,50.0,0,I,MELB_URBAN,ROAD,9,14.0
136095,4,6,171,5,5,100.0,0,N,RURAL_VICTORIA,ROAD,9,18.0
136096,4,5,171,5,5,100.0,0,N,RURAL_VICTORIA,OTHER,9,19.0
136097,1,6,121,2,3,40.0,0,I,LARGE_PROVINCIAL_CITIES,STREET,9,20.0
136098,4,7,181,5,5,100.0,0,N,RURAL_VICTORIA,HIGHWAY,9,2.0
136099,1,6,130,2,4,80.0,0,I,RURAL_VICTORIA,ROAD,9,17.0
136100,8,7,174,2,1,60.0,0,I,MELB_URBAN,STREET,9,8.0
136101,1,6,130,1,1,50.0,0,I,MELB_URBAN,STREET,9,9.0
136102,1,4,121,1,1,60.0,0,I,MELB_URBAN,ROAD,8,12.0
136103,1,7,116,2,1,60.0,0,I,MELB_URBAN,ROAD,9,9.0
136104,4,7,183,5,5,60.0,0,N,RURAL_VICTORIA,ROAD,9,7.0
136105,1,7,113,3,1,60.0,0,N,RURAL_VICTORIA,ROAD,8,15.0
136106,4,7,173,5,1,60.0,0,N,SMALL_CITIES,ROAD,9,11.0
136107,4,7,171,2,1,50.0,1,I,MELB_URBAN,AVENUE,9,11.0
136108,1,6,160,5,3,60.0,0,N,SMALL_CITIES,ROAD,9,18.0
136109,1,5,99,2,1,50.0,0,N,MELB_URBAN,STREET,9,12.0
136110,1,6,130,1,3,70.0,0,I,MELB_URBAN,ROAD,8,19.0
136111,1,7,132,2,1,60.0,0,I,MELB_URBAN,ROAD,9,16.0
136112,4,7,181,5,1,100.0,0,N,RURAL_VICTORIA,HIGHWAY,9,16.0
136113,1,6,113,2,1,70.0,0,I,LARGE_PROVINCIAL_CITIES,STREET,8,14.0
136114,1,1,130,5,1,60.0,0,N,MELB_URBAN,ROAD,3,14.0
136115,1,7,132,2,1,60.0,0,I,MELB_URBAN,ROAD,9,15.0
136116,1,6,121,1,3,60.0,0,I,MELB_URBAN,STREET,9,20.0
136117,1,7,110,1,3,60.0,0,I,MELB_URBAN,ROAD,9,19.0
136118,1,7,113,1,3,80.0,0,I,MELB_URBAN,ROAD,9,22.0
136119,1,7,99,5,1,50.0,0,N,MELB_URBAN,DRIVE,9,17.0
136120,1,1,121,2,3,60.0,0,I,MELB_URBAN,PARADE,7,5.0
136121,1,6,163,5,1,50.0,0,N,MELB_URBAN,ROAD,9,11.0
136122,1,1,113,2,1,60.0,0,I,MELB_URBAN,ROAD,9,9.0
136123,1,1,140,2,1,80.0,0,I,MELB_URBAN,DRIVE,9,10.0
136124,1,1,113,2,1,70.0,0,I,MELB_URBAN,ROAD,9,13.0
136125,1,0,121,1,1,60.0,0,I,MELB_URBAN,HIGHWAY,9,14.0
136126,1,1,110,1,1,60.0,0,I,TOWNS,STREET,9,17.0
136127,1,6,132,5,9,60.0,0,N,MELB_URBAN,ROAD,7,19.0
136128,4,1,171,2,1,80.0,0,I,MELB_URBAN,ROAD,9,17.0
136129,1,2,130,1,2,80.0,0,N,MELB_URBAN,ROAD,8,17.0
136130,1,1,160,5,3,60.0,0,N,MELB_URBAN,ROAD,9,21.0
136131,1,3,130,5,6,80.0,0,N,MELB_URBAN,ROAD,8,20.0
136132,1,2,147,2,1,60.0,0,I,MELB_URBAN,ROAD,9,8.0
136133,4,2,171,5,1,60.0,0,N,MELB_URBAN,STREET,9,7.0
136134,1,2,140,5,1,60.0,0,N,MELB_URBAN,STREET,9,12.0
136135,5,7,99,5,1,60.0,0,N,RURAL_VICTORIA,ROAD,8,13.0
136136,1,1,113,2,1,100.0,0,I,RURAL_VICTORIA,ROAD,9,12.0
136137,1,2,110,1,1,50.0,0,I,MELB_URBAN,AVENUE,9,13.0
136138,3,0,167,5,5,100.0,0,N,RURAL_VICTORIA,ROAD,1,21.0
136139,1,1,110,1,1,60.0,0,I,LARGE_PROVINCIAL_CITIES,ROAD,9,13.0
136140,1,2,111,2,1,60.0,0,I,LARGE_PROVINCIAL_CITIES,STREET,9,12.0
136141,1,5,135,5,1,70.0,0,N,MELB_URBAN,ROAD,12,17.0
136142,1,2,113,2,1,60.0,0,I,SMALL_TOWNS,ROAD,9,15.0
136143,1,1,113,1,1,70.0,0,I,MELB_URBAN,ROAD,4,12.0
136144,1,3,99,5,1,50.0,0,N,MELB_URBAN,AVENUE,8,14.0
136145,1,2,99,1,1,60.0,0,N,MELB_URBAN,HIGHWAY,9,14.0
136146,1,1,110,4,1,70.0,0,I,MELB_URBAN,ROAD,9,14.0
136147,1,1,130,5,1,60.0,0,N,MELB_URBAN,ROAD,9,17.0
136148,1,1,130,5,1,60.0,0,N,MELB_URBAN,FREEWAY,9,15.0
136149,1,4,116,2,2,60.0,0,N,MELB_URBAN,ROAD,9,18.0
136150,2,2,100,2,1,50.0,0,I,LARGE_PROVINCIAL_CITIES,OTHER,9,13.0
136151,1,2,111,1,1,50.0,0,I,MELB_URBAN,AVENUE,9,17.0
136152,1,2,130,5,3,80.0,0,N,MELB_URBAN,ROAD,9,19.0
136153,1,1,113,2,1,70.0,0,O,LARGE_PROVINCIAL_CITIES,UNKNOWN,9,15.0
136154,2,2,99,2,3,60.0,0,I,TOWNS,ROAD,9,20.0
136155,3,2,167,5,1,60.0,0,N,RURAL_VICTORIA,ROAD,9,11.0
136156,1,1,121,4,1,80.0,0,I,MELB_URBAN,HIGHWAY,9,17.0
136157,1,2,147,5,1,70.0,0,N,MELB_URBAN,ROAD,9,14.0
136158,1,1,113,2,3,80.0,0,I,MELB_URBAN,ROAD,9,18.0
136159,1,3,130,5,1,110.0,0,N,RURAL_VICTORIA,HIGHWAY,9,6.0
136160,1,3,113,1,1,40.0,0,N,RURAL_VICTORIA,ROAD,9,6.0
136161,1,3,133,5,1,80.0,0,N,MELB_URBAN,RAMP,9,7.0
136162,8,3,174,1,6,60.0,0,N,MELB_URBAN,PARADE,8,20.0
136163,1,3,121,1,1,40.0,0,I,MELB_URBAN,STREET,9,8.0
136164,8,5,99,5,1,50.0,0,N,MELB_URBAN,AVENUE,5,11.0
136165,6,1,174,5,5,100.0,0,N,RURAL_VICTORIA,ROAD,9,19.0
136166,1,3,160,5,2,50.0,0,N,MELB_URBAN,DRIVE,9,8.0
136167,1,3,110,4,1,60.0,0,N,LARGE_PROVINCIAL_CITIES,ROAD,9,9.0
136168,4,3,181,5,1,60.0,0,N,RURAL_VICTORIA,ROAD,9,11.0
136169,1,6,130,1,3,70.0,0,I,RURAL_VICTORIA,ROAD,8,0.0
136170,2,2,100,1,2,50.0,0,I,MELB_URBAN,ROAD,9,17.0
136171,4,3,173,5,1,100.0,0,N,RURAL_VICTORIA,ROAD,9,10.0
136172,1,3,99,5,2,60.0,0,N,LARGE_PROVINCIAL_CITIES,ROAD,9,6.0
136173,7,0,99,5,2,100.0,0,N,RURAL_VICTORIA,ROAD,4,18.0
136174,1,3,121,1,1,60.0,0,I,SMALL_CITIES,STREET,9,13.0
136175,1,2,160,2,1,50.0,0,N,MELB_URBAN,STREET,9,14.0
136176,6,3,184,5,2,100.0,0,N,RURAL_VICTORIA,ROAD,8,17.0
136177,1,1,130,5,1,70.0,0,N,MELB_URBAN,ROAD,11,16.0
136178,1,3,130,5,1,60.0,0,N,SMALL_CITIES,ROAD,9,15.0
136179,1,2,130,2,1,60.0,0,I,RURAL_VICTORIA,ROAD,9,16.0
136180,6,3,184,5,1,100.0,0,N,RURAL_VICTORIA,ROAD,9,12.0
136181,1,3,121,1,1,80.0,0,N,MELB_URBAN,AVENUE,9,14.0
136182,1,2,130,5,1,70.0,0,N,MELB_URBAN,ROAD,9,13.0
136183,1,2,99,5,1,50.0,0,N,MELB_URBAN,AVENUE,9,17.0
136184,1,6,133,5,3,80.0,0,N,MELB_URBAN,ROAD,9,20.0
136185,4,2,173,5,3,40.0,0,N,MELB_URBAN,ROAD,9,21.0
136186,4,3,171,5,1,80.0,0,N,RURAL_VICTORIA,ROAD,9,16.0
136187,1,3,121,1,1,40.0,0,I,MELB_URBAN,ROAD,9,13.0
136188,2,4,100,1,1,60.0,0,N,MELB_URBAN,STREET,9,8.0
136189,4,4,173,2,1,50.0,0,I,RURAL_VICTORIA,HIGHWAY,9,7.0
136190,2,4,99,5,1,60.0,0,N,MELB_URBAN,STREET,9,9.0
136191,1,4,121,2,1,50.0,0,I,LARGE_PROVINCIAL_CITIES,UNKNOWN,9,7.0
136192,1,3,135,5,1,80.0,0,N,MELB_URBAN,FREEWAY,9,8.0
136193,4,6,183,5,5,100.0,0,N,RURAL_VICTORIA,HIGHWAY,9,19.0
136194,4,3,181,5,1,60.0,0,N,RURAL_VICTORIA,ROAD,9,11.0
136195,3,6,167,5,5,100.0,0,N,RURAL_VICTORIA,HIGHWAY,4,7.0
136196,4,2,181,5,1,100.0,0,N,RURAL_VICTORIA,ROAD,8,15.0
136197,8,1,174,2,1,60.0,0,I,SMALL_CITIES,ROAD,8,10.0
136198,1,2,132,2,1,40.0,0,I,MELB_URBAN,ROAD,8,15.0
136199,1,3,130,5,1,80.0,0,N,MELB_URBAN,HIGHWAY,9,15.0
136200,1,4,160,5,1,50.0,0,N,MELB_URBAN,STREET,9,16.0
136201,4,4,183,5,1,80.0,0,N,RURAL_VICTORIA,ROAD,9,16.0
136202,1,2,163,5,1,60.0,0,N,MELB_URBAN,ROAD,9,15.0
136203,1,3,120,5,1,80.0,0,N,LARGE_PROVINCIAL_CITIES,ROAD,9,15.0