,accident_type,day_of_week,dca_code,road_geometry,light_condition,speed_zone,severity,node_type,deg_urban_name,road_type,month,hour
136204,1,3,120,5,1,50.0,0,N,MELB_URBAN,ROAD,9,17.0
136205,1,3,130,5,2,70.0,0,N,MELB_URBAN,ROAD,9,17.0
136206,8,4,99,5,1,60.0,0,N,MELB_URBAN,STREET,9,14.0
136207,1,4,113,2,2,80.0,0,I,SMALL_TOWNS,HIGHWAY,9,17.0
136208,4,0,171,5,1,60.0,0,N,RURAL_VICTORIA,ROAD,2,9.0
136209,4,4,173,5,2,100.0,0,N,RURAL_VICTORIA,HIGHWAY,9,18.0
136210,1,4,130,5,1,80.0,0,N,MELB_URBAN,ROAD,9,8.0
136211,2,4,99,5,1,50.0,0,N,MELB_URBAN,AVENUE,9,17.0
136212,1,4,110,1,2,100.0,0,I,RURAL_VICTORIA,HIGHWAY,9,18.0
136213,1,4,120,5,5,60.0,0,N,RURAL_VICTORIA,ROAD,9,19.0
136214,1,3,110,1,3,60.0,0,I,MELB_URBAN,STREET,9,21.0
136215,1,4,160,5,3,60.0,0,N,TOWNS,STREET,9,21.0
136216,1,5,147,5,3,60.0,0,N,MELB_URBAN,HIGHWAY,9,5.0
136217,1,4,147,5,1,60.0,0,N,MELB_URBAN,STREET,9,10.0
136218,1,4,160,5,3,60.0,0,N,MELB_URBAN,ROAD,9,20.0
136219,1,4,99,5,2,100.0,0,I,RURAL_VICTORIA,ROAD,9,16.0
136220,1,0,110,1,2,80.0,0,N,MELB_URBAN,ROAD,8,18.0
136221,4,5,171,5,2,80.0,1,N,MELB_URBAN,ROAD,9,5.0
136222,1,3,130,5,1,60.0,0,N,MELB_URBAN,STREET,9,9.0
136223,1,3,99,2,1,60.0,0,I,MELB_URBAN,OTHER,9,16.0
136224,6,2,174,5,1,40.0,0,N,MELB_URBAN,STREET,5,10.0
136225,1,5,111,2,9,60.0,0,I,MELB_URBAN,ROAD,8,16.0
136226,1,5,110,1,1,50.0,0,I,MELB_URBAN,AVENUE,9,11.0
136227,1,5,147,5,1,60.0,0,N,MELB_URBAN,ROAD,9,11.0
136228,1,4,132,1,1,60.0,0,N,MELB_URBAN,ROAD,9,10.0
136229,1,3,130,5,1,100.0,0,N,MELB_URBAN,ROAD,9,7.0
136230,1,4,99,5,1,70.0,0,N,MELB_URBAN,ROAD,9,17.0
136231,4,5,99,1,1,50.0,0,I,MELB_URBAN,DRIVE,9,12.0
136232,8,5,170,5,1,100.0,0,N,RURAL_VICTORIA,ROAD,9,12.0
136233,4,4,171,5,1,100.0,0,N,RURAL_VICTORIA,ROAD,9,9.0
136234,5,7,99,5,1,60.0,0,N,RURAL_VICTORIA,OTHER,8,10.0
136235,4,5,181,5,1,50.0,0,N,MELB_URBAN,OTHER,9,14.0
136236,1,5,130,2,1,60.0,0,I,MELB_URBAN,ROAD,9,15.0
136237,1,2,99,2,3,60.0,0,I,MELB_URBAN,ROAD,9,19.0
136238,1,5,121,2,1,80.0,0,I,RURAL_VICTORIA,HIGHWAY,9,16.0
136239,1,5,113,2,3,100.0,0,I,RURAL_VICTORIA,OTHER,9,18.0
136240,1,2,147,5,1,60.0,0,N,MELB_URBAN,ROAD,8,17.0
136241,1,5,147,5,1,60.0,0,N,MELB_URBAN,ROAD,9,15.0
136242,1,0,120,5,1,60.0,0,N,MELB_URBAN,OTHER,8,13.0
136243,4,4,181,5,5,80.0,0,N,MELB_URBAN,ROAD,9,19.0
136244,4,7,99,5,1,50.0,0,O,TOWNS,UNKNOWN,8,12.0
136245,2,6,99,5,1,80.0,0,N,SMALL_CITIES,HIGHWAY,9,6.0
136246,1,6,130,5,1,80.0,0,N,MELB_URBAN,ROAD,9,8.0
136247,1,6,111,2,1,50.0,0,I,LARGE_PROVINCIAL_CITIES,STREET,9,7.0
136248,1,3,130,5,1,80.0,0,N,MELB_URBAN,ROAD,7,13.0
136249,1,6,110,1,1,100.0,0,I,RURAL_VICTORIA,ROAD,9,11.0
136250,1,6,121,2,1,50.0,0,I,MELB_URBAN,BOULEVARD,9,10.0
136251,1,6,130,5,1,80.0,0,N,MELB_URBAN,HIGHWAY,9,8.0
136252,1,5,99,5,9,60.0,0,N,MELB_URBAN,ROAD,9,20.0
136253,1,3,130,5,1,60.0,0,N,MELB_URBAN,ROAD,9,12.0
136254,1,6,110,4,1,70.0,0,I,MELB_URBAN,ROAD,9,11.0
136255,6,6,99,5,1,60.0,0,N,MELB_URBAN,AVENUE,9,11.0
136256,1,6,140,5,1,50.0,0,N,LARGE_PROVINCIAL_CITIES,STREET,9,14.0
136257,1,6,121,2,1,60.0,0,I,MELB_URBAN,ROAD,9,13.0
136258,7,6,99,5,1,60.0,0,N,MELB_URBAN,ROAD,9,15.0
136259,1,6,140,5,1,70.0,0,N,RURAL_VICTORIA,ROAD,9,16.0
136260,1,5,99,4,2,60.0,0,I,MELB_URBAN,STREET,9,17.0
136261,1,5,110,1,1,100.0,0,I,RURAL_VICTORIA,ROAD,9,15.0
136262,1,3,99,5,1,60.0,0,N,MELB_URBAN,ROAD,5,8.0
136263,1,6,120,5,1,100.0,0,N,RURAL_VICTORIA,HIGHWAY,9,13.0
136264,6,6,99,5,1,100.0,0,N,RURAL_VICTORIA,ROAD,9,17.0
136265,1,6,130,5,1,80.0,0,N,MELB_URBAN,HIGHWAY,9,17.0
136266,1,5,130,5,1,80.0,0,N,SMALL_CITIES,HIGHWAY,9,16.0
136267,1,6,120,2,1,60.0,0,I,LARGE_PROVINCIAL_CITIES,STREET,9,13.0
136268,1,5,160,5,5,50.0,0,N,SMALL_CITIES,DRIVE,9,20.0
136269,5,7,99,5,1,100.0,0,N,RURAL_VICTORIA,ROAD,6,10.0
136270,1,5,110,1,3,60.0,0,I,MELB_URBAN,ROAD,9,23.0
136271,1,6,99,1,1,60.0,0,I,LARGE_PROVINCIAL_CITIES,STREET,9,12.0
136272,8,7,174,5,2,50.0,1,N,MELB_URBAN,AVENUE,9,5.0
136273,6,5,174,1,2,70.0,0,N,MELB_URBAN,ROAD,7,17.0
136274,4,7,171,5,1,100.0,0,N,RURAL_VICTORIA,ROAD,9,9.0
136275,2,7,99,2,1,40.0,0,N,MELB_URBAN,STREET,9,9.0
136276,2,5,99,5,1,60.0,0,N,MELB_URBAN,ROAD,9,14.0
136277,1,5,135,5,1,100.0,0,N,MELB_URBAN,FREEWAY,9,13.0
136278,4,7,173,5,2,100.0,0,N,RURAL_VICTORIA,HIGHWAY,9,6.0
136279,2,7,100,5,1,60.0,0,N,MELB_URBAN,ROAD,9,11.0
136280,1,6,110,1,1,50.0,0,I,SMALL_CITIES,AVENUE,9,11.0
136281,1,7,120,5,1,100.0,0,N,RURAL_VICTORIA,ROAD,9,13.0
136282,4,7,181,5,1,60.0,1,N,RURAL_VICTORIA,ROAD,9,9.0
136283,6,7,174,5,1,100.0,0,N,RURAL_VICTORIA,ROAD,9,12.0
136284,6,1,174,1,9,50.0,0,I,SMALL_CITIES,OTHER,8,16.0
136285,1,7,99,5,1,50.0,0,N,SMALL_CITIES,DRIVE,9,13.0
136286,1,6,99,4,9,60.0,0,N,MELB_URBAN,ROAD,9,12.0
136287,1,7,120,5,3,50.0,0,N,MELB_URBAN,STREET,9,19.0
136288,4,7,173,5,3,100.0,0,N,MELB_URBAN,UNKNOWN,9,4.0
136289,4,7,173,5,3,50.0,0,N,MELB_URBAN,STREET,9,20.0
136290,4,1,181,5,3,100.0,0,N,MELB_URBAN,RAMP,9,1.0
136291,4,1,181,2,3,50.0,0,I,SMALL_CITIES,OTHER,9,0.0
136292,4,7,173,2,5,100.0,1,I,RURAL_VICTORIA,ROAD,9,23.0
136293,4,1,181,5,5,100.0,1,N,RURAL_VICTORIA,ROAD,9,0.0
136294,6,7,170,5,5,100.0,0,N,RURAL_VICTORIA,ROAD,9,0.0
136295,1,6,132,1,1,60.0,0,I,SMALL_CITIES,STREET,9,13.0
136296,1,1,147,5,1,80.0,0,I,SMALL_TOWNS,HIGHWAY,9,8.0
136297,1,0,147,5,1,80.0,0,N,MELB_URBAN,HIGHWAY,9,9.0
136298,1,0,113,2,1,60.0,0,I,LARGE_PROVINCIAL_CITIES,ROAD,9,10.0
136299,1,7,99,5,6,110.0,0,N,TOWNS,RAMP,9,23.0
136300,1,1,110,1,1,60.0,0,I,RURAL_VICTORIA,ROAD,9,10.0
136301,1,2,130,5,1,80.0,0,N,MELB_URBAN,ROAD,5,9.0
136302,1,1,130,5,1,100.0,0,N,RURAL_VICTORIA,FREEWAY,9,9.0
136303,1,0,99,2,1,50.0,0,I,TOWNS,STREET,9,13.0
136304,4,0,173,5,1,110.0,0,N,RURAL_VICTORIA,FREEWAY,9,14.0
136305,1,1,140,5,1,60.0,0,N,MELB_URBAN,ROAD,9,14.0
136306,1,1,121,1,1,60.0,0,N,MELB_URBAN,ROAD,9,14.0
136307,6,4,99,3,1,100.0,0,I,RURAL_VICTORIA,ROAD,9,15.0
136308,1,3,99,4,1,60.0,0,N,MELB_URBAN,STREET,9,6.0
136309,4,1,171,2,1,80.0,0,N,MELB_URBAN,ROAD,9,14.0
136310,1,4,110,1,9,80.0,0,I,RURAL_VICTORIA,ROAD,8,10.0
136311,4,1,171,5,1,60.0,1,N,MELB_URBAN,PARADE,9,14.0
136312,4,0,173,5,3,60.0,0,N,MELB_URBAN,STREET,9,20.0
136313,4,1,171,5,3,50.0,0,N,MELB_URBAN,DRIVE,9,20.0
136314,6,1,174,2,3,50.0,0,N,MELB_URBAN,AVENUE,9,20.0
136315,1,0,160,5,1,60.0,0,N,SMALL_CITIES,STREET,9,17.0
136316,6,0,99,5,5,100.0,0,N,RURAL_VICTORIA,ROAD,9,21.0
136317,1,2,130,5,1,40.0,0,N,MELB_URBAN,ROAD,9,15.0
136318,1,1,160,5,4,60.0,0,N,MELB_URBAN,ROAD,9,5.0
136319,4,2,99,2,1,60.0,0,I,MELB_URBAN,ROAD,9,6.0
136320,1,5,110,1,3,70.0,0,I,LARGE_PROVINCIAL_CITIES,HIGHWAY,9,22.0
136321,1,2,99,5,1,70.0,0,N,MELB_URBAN,ROAD,9,7.0
136322,1,2,121,4,1,60.0,0,I,MELB_URBAN,RAMP,9,7.0
136323,8,1,99,5,1,50.0,0,N,MELB_URBAN,ROAD,9,10.0
136324,2,1,100,1,1,60.0,0,I,MELB_URBAN,STREET,9,10.0
136325,1,3,99,2,1,50.0,0,I,MELB_URBAN,ROAD,8,12.0
136326,4,2,171,5,1,50.0,0,N,MELB_URBAN,STREET,9,6.0
136327,1,2,130,5,1,80.0,0,N,MELB_URBAN,HIGHWAY,9,12.0
136328,4,6,171,5,1,60.0,0,N,MELB_URBAN,ROAD,6,9.0
136329,1,1,130,5,1,80.0,0,N,MELB_URBAN,ROAD,9,8.0
136330,1,2,132,2,1,60.0,0,I,SMALL_CITIES,ROAD,9,14.0
136331,1,7,121,1,9,60.0,0,I,MELB_URBAN,ROAD,9,22.0
136332,1,2,130,5,1,60.0,0,N,LARGE_PROVINCIAL_CITIES,ROAD,9,16.0
136333,6,1,170,5,1,100.0,0,N,RURAL_VICTORIA,ROAD,9,14.0
136334,1,1,110,1,1,60.0,0,I,MELB_URBAN,PARADE,9,16.0
136335,1,2,130,5,2,60.0,0,N,MELB_URBAN,ROAD,9,17.0
136336,1,1,110,1,1,50.0,0,I,SMALL_CITIES,ROAD,9,18.0
136337,4,2,181,5,6,50.0,0,N,RURAL_VICTORIA,ROAD,9,19.0
136338,1,2,147,5,1,60.0,0,N,MELB_URBAN,AVENUE,9,17.0
136339,1,1,121,5,1,50.0,0,N,MELB_URBAN,STREET,9,15.0
136340,1,4,130,2,1,60.0,0,N,MELB_URBAN,BOULEVARD,8,8.0
136341,1,3,130,5,1,100.0,0,N,RURAL_VICTORIA,FREEWAY,3,6.0
136342,1,0,160,5,3,50.0,0,N,MELB_URBAN,OTHER,9,22.0
136343,4,3,181,5,5,40.0,0,N,RURAL_VICTORIA,STREET,9,2.0
136344,1,3,120,1,5,60.0,0,I,RURAL_VICTORIA,ROAD,9,5.0
136345,1,7,121,1,1,70.0,0,I,LARGE_PROVINCIAL_CITIES,ROAD,9,11.0
136346,1,6,113,4,1,80.0,0,N,MELB_URBAN,FREEWAY,8,15.0
136347,1,3,130,5,1,80.0,0,N,MELB_URBAN,HIGHWAY,9,6.0
136348,2,3,102,1,2,60.0,0,N,MELB_URBAN,ROAD,9,6.0
136349,1,3,121,2,1,60.0,0,I,MELB_URBAN,ROAD,9,7.0
136350,4,6,173,5,1,60.0,0,N,MELB_URBAN,ROAD,9,13.0
136351,8,1,184,5,1,60.0,0,N,RURAL_VICTORIA,ROAD,9,9.0
136352,1,4,130,5,1,80.0,0,N,MELB_URBAN,ROAD,8,7.0
136353,2,2,99,5,1,40.0,0,N,MELB_URBAN,ROAD,9,10.0
136354,4,7,173,5,5,100.0,0,N,RURAL_VICTORIA,ROAD,9,22.0
136355,1,3,110,1,1,40.0,0,I,MELB_URBAN,ROAD,9,9.0
136356,1,2,110,1,1,70.0,0,I,SMALL_CITIES,STREET,9,12.0
136357,4,1,171,5,6,80.0,0,I,MELB_URBAN,ROAD,8,17.0
136358,1,3,99,5,1,50.0,0,N,SMALL_CITIES,STREET,9,11.0
136359,1,6,110,1,1,50.0,0,I,SMALL_CITIES,STREET,8,14.0
136360,1,3,99,5,1,60.0,0,N,MELB_URBAN,ROAD,9,11.0
136361,1,2,113,2,1,60.0,0,I,MELB_URBAN,ROAD,9,12.0
136362,1,3,132,5,1,100.0,1,N,RURAL_VICTORIA,HIGHWAY,9,12.0
136363,1,3,113,2,1,80.0,0,N,RURAL_VICTORIA,HIGHWAY,9,13.0
136364,1,4,133,5,1,50.0,0,N,MELB_URBAN,STREET,9,18.0
136365,1,3,121,1,1,50.0,0,I,MELB_URBAN,STREET,9,12.0
136366,1,3,99,5,2,60.0,0,N,MELB_URBAN,ROAD,9,17.0
136367,1,2,99,2,2,50.0,0,I,MELB_URBAN,AVENUE,9,17.0
136368,1,3,121,2,2,60.0,0,I,MELB_URBAN,STREET,9,17.0
136369,1,5,99,2,1,60.0,0,I,MELB_URBAN,ROAD,9,12.0
136370,2,3,100,2,5,60.0,0,N,MELB_URBAN,STREET,9,18.0
136371,4,2,181,5,1,100.0,0,N,RURAL_VICTORIA,HIGHWAY,9,13.0
136372,4,2,181,5,5,60.0,0,N,SMALL_CITIES,ROAD,9,19.0
136373,1,3,120,5,5,50.0,0,N,MELB_URBAN,OTHER,9,21.0
136374,8,5,174,5,6,60.0,0,N,MELB_URBAN,STREET,8,21.0
136375,1,5,130,1,1,80.0,0,N,MELB_URBAN,ROAD,9,16.0
136376,1,4,99,2,1,80.0,0,N,MELB_URBAN,HIGHWAY,9,6.0
136377,4,2,171,5,1,80.0,0,N,MELB_URBAN,DRIVE,9,13.0
136378,1,3,121,4,1,60.0,0,N,MELB_URBAN,ROAD,9,6.0
136379,1,2,111,2,1,40.0,0,I,MELB_URBAN,STREET,9,16.0
136380,1,1,130,5,3,60.0,0,N,MELB_URBAN,ROAD,9,19.0
136381,1,4,110,1,1,50.0,0,I,MELB_URBAN,STREET,9,7.0
136382,1,7,111,2,1,50.0,0,I,MELB_URBAN,DRIVE,8,15.0
136383,1,4,113,1,1,60.0,0,I,MELB_URBAN,DRIVE,9,7.0
136384,1,4,116,2,1,60.0,0,I,MELB_URBAN,ROAD,9,10.0
136385,2,4,100,5,1,60.0,0,I,RURAL_VICTORIA,DRIVE,5,13.0
136386,1,4,121,5,1,60.0,0,N,MELB_URBAN,ROAD,9,11.0
136387,1,3,110,1,1,100.0,0,I,RURAL_VICTORIA,ROAD,9,11.0
136388,2,3,99,5,3,80.0,0,N,RURAL_VICTORIA,HIGHWAY,9,21.0
136389,1,4,147,5,1,60.0,0,N,SMALL_CITIES,ROAD,9,12.0
136390,1,2,134,5,1,80.0,0,N,MELB_URBAN,OTHER,8,14.0
136391,1,3,111,1,9,60.0,0,I,MELB_URBAN,ROAD,7,8.0
136392,8,6,174,4,1,60.0,0,I,MELB_URBAN,STREET,9,15.0
136393,8,5,184,5,1,100.0,0,N,RURAL_VICTORIA,HIGHWAY,8,7.0
136394,4,7,173,5,1,100.0,0,N,RURAL_VICTORIA,ROAD,8,16.0
136395,1,4,147,5,1,70.0,0,N,MELB_URBAN,ROAD,9,16.0
136396,1,4,121,2,1,80.0,0,I,RURAL_VICTORIA,ROAD,9,17.0
136397,4,2,171,5,6,60.0,0,N,LARGE_PROVINCIAL_CITIES,ROAD,9,21.0
136398,2,4,100,5,1,70.0,0,N,MELB_URBAN,ROAD,9,17.0
136399,1,4,163,5,1,40.0,0,N,MELB_URBAN,STREET,9,15.0
136400,6,4,184,5,5,100.0,0,N,RURAL_VICTORIA,ROAD,9,18.0
136401,2,4,100,4,3,60.0,0,I,MELB_URBAN,ROAD,9,19.0
136402,5,4,99,5,3,100.0,0,N,RURAL_VICTORIA,FREEWAY,9,4.0
136403,1,3,121,1,3,60.0,0,I,SMALL_TOWNS,STREET,9,18.0
136404,1,4,121,2,1,60.0,0,I,MELB_URBAN,ROAD,8,16.0
136405,1,3,111,2,3,60.0,0,N,MELB_URBAN,ROAD,9,19.0
136406,1,3,110,1,1,50.0,0,I,LARGE_PROVINCIAL_CITIES,STREET,9,17.0
136407,1,4,99,5,1,60.0,0,N,SMALL_CITIES,STREET,9,17.0
136408,1,3,113,2,3,60.0,0,I,MELB_URBAN,ROAD,9,19.0
136409,4,3,173,5,5,100.0,0,N,RURAL_VICTORIA,ROAD,9,20.0
136410,2,5,99,5,5,60.0,0,N,SMALL_TOWNS,HIGHWAY,9,5.0
136411,1,5,130,5,1,100.0,0,N,MELB_URBAN,ROAD,9,6.0
136412,5,2,99,2,1,60.0,0,N,RURAL_VICTORIA,ROAD,9,10.0
136413,1,5,121,2,1,60.0,0,I,SMALL_CITIES,HIGHWAY,9,9.0
136414,1,5,99,5,1,100.0,0,N,MELB_URBAN,FREEWAY,9,7.0
136415,1,5,113,2,1,60.0,0,I,MELB_URBAN,ROAD,9,9.0
136416,1,3,130,2,3,80.0,0,I,MELB_URBAN,ROAD,7,18.0
136417,1,4,110,1,2,80.0,0,I,LARGE_PROVINCIAL_CITIES,ROAD,8,6.0
136418,1,4,113,1,3,60.0,0,I,LARGE_PROVINCIAL_CITIES,HIGHWAY,9,20.0
136419,1,5,130,2,1,60.0,0,I,MELB_URBAN,DRIVE,10,8.0
136420,1,4,113,2,1,70.0,0,I,MELB_URBAN,ROAD,9,11.0
136421,5,5,99,5,1,50.0,0,N,MELB_URBAN,ROAD,9,12.0
136422,1,6,113,2,1,50.0,0,I,LARGE_PROVINCIAL_CITIES,STREET,8,8.0
136423,1,5,113,2,1,60.0,0,I,MELB_URBAN,STREET,8,10.0
136424,8,5,184,5,1,60.0,0,N,TOWNS,ROAD,9,14.0
136425,8,7,174,2,1,60.0,0,I,RURAL_VICTORIA,ROAD,9,15.0
136426,1,1,113,2,9,60.0,0,I,MELB_URBAN,ROAD,9,10.0
136427,1,4,121,1,1,60.0,0,I,MELB_URBAN,STREET,9,13.0
136428,1,5,121,1,1,40.0,0,I,MELB_URBAN,STREET,9,12.0
136429,1,5,140,2,1,80.0,0,N,MELB_URBAN,HIGHWAY,9,7.0
136430,1,4,147,5,1,60.0,0,N,LARGE_PROVINCIAL_CITIES,ROAD,9,14.0
136431,1,4,130,5,1,60.0,0,N,LARGE_PROVINCIAL_CITIES,STREET,9,16.0
136432,1,3,163,5,9,60.0,0,N,MELB_URBAN,ROAD,9,19.0
136433,1,5,110,1,1,80.0,0,I,MELB_URBAN,ROAD,9,16.0
136434,1,5,163,5,1,60.0,0,N,MELB_URBAN,ROAD,9,16.0
136435,1,4,132,2,1,80.0,0,I,MELB_URBAN,ROAD,9,17.0
136436,4,5,171,5,1,50.0,0,N,MELB_URBAN,AVENUE,9,14.0
136437,1,5,140,5,1,60.0,0,N,MELB_URBAN,ROAD,9,12.0
136438,1,5,113,2,2,60.0,0,N,MELB_URBAN,ROAD,9,17.0
136439,1,5,120,5,1,100.0,0,N,RURAL_VICTORIA,ROAD,9,16.0
136440,1,5,113,2,3,60.0,0,I,MELB_URBAN,DRIVE,9,19.0
136441,1,5,160,5,3,50.0,0,N,MELB_URBAN,OTHER,9,20.0
136442,4,4,173,5,1,80.0,0,N,MELB_URBAN,RAMP,9,17.0
136443,6,5,99,2,3,80.0,0,I,MELB_URBAN,ROAD,9,23.0
136444,9,5,99,5,3,50.0,0,N,MELB_URBAN,STREET,9,23.0
136445,4,5,171,5,3,40.0,0,N,MELB_URBAN,ROAD,9,2.0
136446,1,5,113,4,1,50.0,0,I,MELB_URBAN,BOULEVARD,9,13.0
136447,3,6,167,5,5,80.0,0,N,SMALL_TOWNS,ROAD,9,5.0
136448,1,6,110,1,1,50.0,0,I,MELB_URBAN,UNKNOWN,9,7.0
136449,1,6,113,1,1,60.0,0,I,MELB_URBAN,ROAD,9,7.0
136450,2,6,102,1,1,60.0,0,I,MELB_URBAN,ROAD,9,13.0
136451,6,5,184,4,1,60.0,0,N,MELB_URBAN,OTHER,9,12.0
136452,1,2,111,2,1,60.0,0,I,MELB_URBAN,ROAD,9,15.0
136453,1,6,120,5,1,80.0,0,N,RURAL_VICTORIA,ROAD,9,11.0
136454,1,4,163,5,1,50.0,0,N,MELB_URBAN,PARADE,9,13.0
136455,4,6,181,5,1,100.0,0,N,RURAL_VICTORIA,ROAD,9,13.0
136456,1,6,132,1,1,80.0,0,N,TOWNS,ROAD,9,14.0
136457,1,2,130,1,1,40.0,0,I,MELB_URBAN,ROAD,8,17.0
136458,1,6,121,2,1,60.0,0,I,MELB_URBAN,STREET,9,11.0
136459,6,6,174,2,1,50.0,0,I,MELB_URBAN,AVENUE,9,16.0
136460,1,6,140,2,1,100.0,1,I,RURAL_VICTORIA,ROAD,9,13.0
136461,1,6,121,2,1,60.0,0,I,MELB_URBAN,ROAD,9,16.0
136462,8,6,174,5,1,50.0,1,N,MELB_URBAN,STREET,9,15.0
136463,4,6,181,5,1,100.0,0,N,RURAL_VICTORIA,HIGHWAY,9,11.0
136464,1,6,121,2,3,60.0,0,I,LARGE_PROVINCIAL_CITIES,ROAD,9,18.0
136465,8,4,174,5,6,40.0,0,N,MELB_URBAN,ROAD,7,20.0
136466,2,6,99,5,1,60.0,0,N,SMALL_CITIES,STREET,9,15.0
136467,4,5,99,2,3,50.0,0,I,SMALL_TOWNS,HIGHWAY,9,21.0
136468,1,6,110,1,1,60.0,0,I,SMALL_CITIES,STREET,9,15.0
136469,4,6,173,5,3,100.0,0,N,MELB_URBAN,ROAD,9,23.0
136470,4,7,171,5,2,60.0,0,N,MELB_URBAN,AVENUE,9,5.0
136471,1,0,130,1,3,50.0,0,I,MELB_URBAN,STREET,9,18.0
136472,1,7,140,5,1,80.0,0,I,MELB_URBAN,HIGHWAY,5,12.0
136473,4,5,181,5,1,80.0,0,N,RURAL_VICTORIA,ROAD,9,16.0
136474,1,4,140,5,1,50.0,0,I,MELB_URBAN,ROAD,9,11.0
136475,4,7,171,5,1,50.0,0,N,TOWNS,STREET,9,10.0
136476,1,4,130,5,1,60.0,0,N,MELB_URBAN,ROAD,9,6.0
136477,1,7,99,5,1,60.0,0,N,LARGE_PROVINCIAL_CITIES,UNKNOWN,9,12.0
136478,1,1,110,1,3,50.0,0,I,TOWNS,STREET,9,19.0
136479,1,6,130,5,1,80.0,0,N,RURAL_VICTORIA,ROAD,9,11.0
136480,4,5,183,5,2,60.0,0,N,LARGE_PROVINCIAL_CITIES,ROAD,9,6.0
136481,1,5,130,5,1,50.0,0,N,SMALL_CITIES,STREET,9,16.0
136482,1,7,110,1,1,60.0,0,I,MELB_URBAN,ROAD,9,14.0
136483,1,7,120,5,1,60.0,0,N,TOWNS,ROAD,9,15.0
136484,1,5,160,5,1,60.0,0,N,MELB_URBAN,STREET,9,17.0
136485,1,7,113,2,1,60.0,0,I,MELB_URBAN,ROAD,9,16.0
136486,1,7,121,1,2,60.0,0,I,MELB_URBAN,ROAD,9,17.0
136487,1,4,99,5,1,60.0,0,N,MELB_URBAN,DRIVE,9,13.0
136488,4,7,171,5,1,100.0,0,N,RURAL_VICTORIA,ROAD,9,12.0
136489,4,7,173,1,1,60.0,0,I,LARGE_PROVINCIAL_CITIES,STREET,9,15.0
136490,6,7,99,2,1,60.0,0,I,MELB_URBAN,ROAD,9,16.0
136491,6,6,99,5,2,100.0,0,N,RURAL_VICTORIA,ROAD,9,17.0
136492,1,7,121,1,1,80.0,0,I,MELB_URBAN,ROAD,9,14.0
136493,2,6,102,5,1,60.0,0,N,MELB_URBAN,OTHER,9,15.0
136494,5,7,99,1,3,80.0,0,N,RURAL_VICTORIA,FREEWAY,9,23.0
136495,4,0,99,2,3,50.0,0,I,SMALL_CITIES,ROAD,9,0.0
136496,4,7,171,5,5,50.0,0,N,MELB_URBAN,DRIVE,9,23.0
136497,1,7,147,5,1,60.0,0,N,MELB_URBAN,ROAD,8,16.0
136498,6,3,174,2,1,60.0,0,I,MELB_URBAN,ROAD,9,15.0
136499,1,6,110,1,1,60.0,0,I,TOWNS,ROAD,9,14.0
136500,1,3,111,2,1,60.0,0,I,RURAL_VICTORIA,ROAD,9,8.0
136501,1,0,110,1,1,60.0,0,I,MELB_URBAN,ROAD,9,10.0
136502,1,1,110,1,1,70.0,0,I,MELB_URBAN,ROAD,9,12.0
136503,2,1,99,5,1,40.0,0,N,SMALL_CITIES,AVENUE,9,11.0
136504,4,1,99,5,1,60.0,1,N,MELB_URBAN,ROAD,9,10.0
136505,4,4,181,5,1,100.0,0,N,RURAL_VICTORIA,ROAD,9,11.0
136506,4,1,99,5,1,50.0,0,N,SMALL_CITIES,DRIVE,9,17.0
136507,4,1,173,5,1,100.0,0,N,RURAL_VICTORIA,ROAD,9,15.0
136508,1,1,110,1,1,50.0,0,I,SMALL_CITIES,STREET,9,16.0
136509,1,1,110,1,1,80.0,0,I,RURAL_VICTORIA,HIGHWAY,9,11.0
136510,1,1,130,1,1,40.0,0,I,MELB_URBAN,ROAD,9,14.0
136511,1,0,121,1,3,80.0,0,N,MELB_URBAN,HIGHWAY,9,20.0
136512,3,6,167,1,5,80.0,0,I,RURAL_VICTORIA,ROAD,7,4.0
136513,1,2,116,1,3,50.0,0,I,MELB_URBAN,STREET,9,2.0
136514,1,2,116,1,1,60.0,0,I,MELB_URBAN,STREET,9,7.0
136515,1,2,130,5,2,80.0,0,N,MELB_URBAN,OTHER,9,6.0
136516,1,2,110,1,1,50.0,0,I,MELB_URBAN,ROAD,9,8.0
136517,1,5,116,2,1,40.0,0,I,MELB_URBAN,STREET,9,8.0
136518,1,1,160,5,1,50.0,0,N,RURAL_VICTORIA,DRIVE,9,8.0
136519,1,6,163,5,1,60.0,0,N,MELB_URBAN,STREET,9,12.0
136520,6,3,174,5,1,60.0,0,N,MELB_URBAN,ROAD,9,6.0
136521,4,7,171,5,1,60.0,0,N,RURAL_VICTORIA,ROAD,9,15.0
136522,4,5,173,5,3,60.0,0,N,MELB_URBAN,STREET,9,19.0
136523,1,5,163,5,1,60.0,0,N,MELB_URBAN,ROAD,9,12.0
136524,1,7,99,5,2,80.0,0,N,RURAL_VICTORIA,ROAD,9,18.0
136525,4,5,171,5,2,80.0,0,N,RURAL_VICTORIA,ROAD,9,19.0
136526,4,6,183,5,1,100.0,0,N,RURAL_VICTORIA,OTHER,9,16.0
136527,1,3,130,5,2,80.0,0,N,MELB_URBAN,FREEWAY,8,5.0
136528,1,1,140,5,1,60.0,0,N,SMALL_TOWNS,ROAD,9,10.0
136529,1,2,130,2,1,70.0,0,I,LARGE_PROVINCIAL_CITIES,STREET,9,12.0