,accident_type,day_of_week,dca_code,road_geometry,light_condition,speed_zone,severity,node_type,deg_urban_name,road_type,month,hour
136530,8,7,174,5,1,60.0,0,N,RURAL_VICTORIA,OTHER,9,13.0
136531,1,5,116,2,3,80.0,0,I,MELB_URBAN,ROAD,9,18.0
136532,1,2,99,5,1,60.0,0,N,SMALL_CITIES,STREET,9,12.0
136533,6,2,184,5,1,70.0,0,N,RURAL_VICTORIA,ROAD,9,13.0
136534,4,2,173,5,1,100.0,0,N,RURAL_VICTORIA,ROAD,9,10.0
136535,4,1,171,5,1,60.0,0,N,RURAL_VICTORIA,ROAD,9,14.0
136536,1,1,130,3,1,60.0,0,N,SMALL_CITIES,PARADE,9,13.0
136537,4,1,171,2,9,70.0,0,I,RURAL_VICTORIA,ROAD,9,15.0
136538,1,3,116,2,3,50.0,0,I,RURAL_VICTORIA,DRIVE,9,7.0
136539,1,2,147,5,1,60.0,0,N,MELB_URBAN,ROAD,9,15.0
136540,1,2,110,1,1,50.0,0,I,SMALL_TOWNS,UNKNOWN,9,14.0
136541,1,4,130,5,1,60.0,0,N,MELB_URBAN,ROAD,9,15.0
136542,1,1,116,2,1,60.0,0,I,MELB_URBAN,ROAD,9,16.0
136543,1,2,133,1,1,60.0,0,I,MELB_URBAN,DRIVE,9,11.0
136544,1,1,110,1,1,50.0,0,I,SMALL_CITIES,STREET,9,12.0
136545,1,2,121,2,1,40.0,0,I,MELB_URBAN,ROAD,9,13.0
136546,1,1,121,1,3,60.0,0,I,MELB_URBAN,ROAD,9,20.0
136547,1,6,130,5,3,60.0,0,N,SMALL_CITIES,ROAD,8,19.0
136548,4,2,181,5,2,100.0,0,N,RURAL_VICTORIA,ROAD,9,19.0
136549,1,1,130,5,5,80.0,0,N,MELB_URBAN,FREEWAY,9,18.0
136550,1,2,132,2,9,60.0,0,I,MELB_URBAN,ROAD,9,13.0
136551,4,2,173,5,5,60.0,0,N,RURAL_VICTORIA,ROAD,9,21.0
136552,4,3,171,5,5,100.0,0,N,RURAL_VICTORIA,HIGHWAY,9,1.0
136553,4,3,173,5,3,70.0,0,N,MELB_URBAN,ROAD,9,0.0
136554,1,6,99,1,1,40.0,0,I,MELB_URBAN,ROAD,9,11.0
136555,1,2,99,5,1,60.0,0,N,MELB_URBAN,STREET,9,13.0
136556,1,6,99,5,3,80.0,0,N,MELB_URBAN,ROAD,9,20.0
136557,2,4,100,4,1,60.0,0,N,MELB_URBAN,ROAD,9,11.0
136558,1,2,121,4,1,60.0,0,I,MELB_URBAN,HIGHWAY,9,7.0
136559,1,2,99,5,1,80.0,0,N,MELB_URBAN,ROAD,9,9.0
136560,1,3,110,1,1,100.0,0,I,RURAL_VICTORIA,ROAD,9,12.0
136561,5,1,99,5,1,60.0,0,N,MELB_URBAN,STREET,9,15.0
136562,1,7,160,5,1,50.0,0,N,TOWNS,STREET,9,10.0
136563,8,2,174,5,9,60.0,0,N,MELB_URBAN,AVENUE,9,18.0
136564,1,1,110,1,9,50.0,0,I,MELB_URBAN,STREET,9,17.0
136565,2,3,100,2,3,60.0,0,N,MELB_URBAN,ROAD,9,17.0
136566,1,3,113,2,3,60.0,0,I,MELB_URBAN,ROAD,9,18.0
136567,1,3,147,5,2,80.0,0,N,MELB_URBAN,ROAD,9,18.0
136568,4,3,173,5,3,50.0,0,N,MELB_URBAN,PARADE,9,19.0
136569,1,2,121,2,3,80.0,0,N,MELB_URBAN,ROAD,9,18.0
136570,7,3,99,6,3,50.0,0,N,SMALL_CITIES,OTHER,9,22.0
136571,1,2,130,1,6,60.0,0,I,MELB_URBAN,ROAD,9,19.0
136572,1,3,99,2,1,50.0,0,I,MELB_URBAN,DRIVE,2,17.0
136573,1,2,130,5,3,70.0,0,N,MELB_URBAN,ROAD,9,20.0
136574,1,4,121,1,6,60.0,0,I,SMALL_CITIES,STREET,9,20.0
136575,1,3,130,5,1,60.0,0,N,SMALL_CITIES,DRIVE,9,17.0
136576,1,3,147,5,1,40.0,0,N,TOWNS,DRIVE,9,10.0
136577,1,2,130,5,1,80.0,0,N,MELB_URBAN,HIGHWAY,9,8.0
136578,1,3,160,5,3,60.0,0,N,MELB_URBAN,HIGHWAY,9,18.0
136579,1,4,133,5,1,100.0,0,N,RURAL_VICTORIA,FREEWAY,9,12.0
136580,8,4,99,5,1,60.0,0,N,MELB_URBAN,STREET,9,7.0
136581,6,4,170,5,1,100.0,0,N,RURAL_VICTORIA,ROAD,9,14.0
136582,1,2,133,5,9,100.0,0,N,MELB_URBAN,ROAD,9,17.0
136583,1,4,113,2,1,100.0,0,I,RURAL_VICTORIA,HIGHWAY,9,15.0
136584,8,4,99,5,1,50.0,0,N,MELB_URBAN,ROAD,9,16.0
136585,1,3,121,1,1,60.0,0,N,MELB_URBAN,ROAD,9,12.0
136586,4,4,181,5,1,100.0,0,N,RURAL_VICTORIA,ROAD,9,16.0
136587,4,4,181,5,1,80.0,0,N,RURAL_VICTORIA,ROAD,9,17.0
136588,3,4,167,5,2,100.0,0,N,RURAL_VICTORIA,ROAD,9,18.0
136589,1,4,99,1,1,80.0,0,I,MELB_URBAN,ROAD,9,18.0
136590,1,4,110,1,2,100.0,0,I,RURAL_VICTORIA,ROAD,9,18.0
136591,1,3,140,5,1,80.0,0,N,MELB_URBAN,ROAD,9,13.0
136592,1,3,130,2,1,80.0,0,I,RURAL_VICTORIA,ROAD,9,8.0
136593,1,4,110,1,3,50.0,0,I,MELB_URBAN,STREET,9,20.0
136594,4,2,171,5,3,70.0,0,N,MELB_URBAN,ROAD,9,22.0
136595,6,5,174,5,5,80.0,0,N,SMALL_CITIES,HIGHWAY,9,3.0
136596,1,1,133,5,1,60.0,0,N,RURAL_VICTORIA,DRIVE,8,14.0
136597,1,4,116,2,2,80.0,0,N,LARGE_PROVINCIAL_CITIES,ROAD,9,6.0
136598,4,6,173,1,3,60.0,0,I,MELB_URBAN,ROAD,9,19.0
136599,1,4,130,5,2,40.0,0,N,MELB_URBAN,ROAD,9,18.0
136600,1,5,121,1,1,60.0,0,I,SMALL_CITIES,ROAD,9,7.0
136601,4,6,173,5,9,60.0,0,N,MELB_URBAN,OTHER,9,18.0
136602,2,5,99,5,1,60.0,0,N,SMALL_CITIES,DRIVE,9,11.0
136603,6,3,184,5,1,100.0,0,N,RURAL_VICTORIA,OTHER,9,16.0
136604,1,5,147,5,1,60.0,0,N,MELB_URBAN,ROAD,9,11.0
136605,3,4,167,5,5,100.0,0,N,RURAL_VICTORIA,ROAD,9,21.0
136606,1,5,110,1,1,80.0,0,I,MELB_URBAN,ROAD,9,13.0
136607,2,5,102,2,1,50.0,0,N,MELB_URBAN,ROAD,9,11.0
136608,1,4,110,1,1,50.0,0,I,MELB_URBAN,AVENUE,9,16.0
136609,1,4,130,5,9,70.0,0,N,MELB_URBAN,ROAD,8,19.0
136610,1,5,147,5,1,50.0,0,N,LARGE_PROVINCIAL_CITIES,STREET,9,11.0
136611,8,5,99,5,1,60.0,0,N,MELB_URBAN,ROAD,9,16.0
136612,1,3,130,5,6,100.0,0,N,MELB_URBAN,ROAD,9,21.0
136613,8,2,99,5,1,80.0,0,N,MELB_URBAN,ROAD,3,12.0
136614,4,5,171,5,1,100.0,0,N,RURAL_VICTORIA,HIGHWAY,9,12.0
136615,2,7,100,5,1,50.0,0,N,SMALL_CITIES,OTHER,8,15.0
136616,2,5,100,5,1,60.0,0,I,MELB_URBAN,ROAD,9,15.0
136617,1,3,130,1,1,60.0,0,N,MELB_URBAN,ROAD,9,13.0
136618,1,5,160,5,1,60.0,0,N,SMALL_CITIES,ROAD,9,17.0
136619,1,4,130,5,1,70.0,0,N,SMALL_CITIES,STREET,9,7.0
136620,1,5,99,5,1,50.0,0,N,MELB_URBAN,AVENUE,9,15.0
136621,1,5,130,2,1,70.0,0,N,MELB_URBAN,ROAD,9,16.0
136622,1,4,134,5,1,80.0,0,N,MELB_URBAN,FREEWAY,9,17.0
136623,1,5,147,5,1,60.0,0,N,MELB_URBAN,ROAD,9,17.0
136624,1,5,130,5,1,80.0,0,N,MELB_URBAN,ROAD,9,17.0
136625,1,4,133,5,5,80.0,0,N,RURAL_VICTORIA,ROAD,9,20.0
136626,1,5,134,2,2,60.0,0,I,MELB_URBAN,HIGHWAY,9,17.0
136627,6,3,174,5,2,60.0,0,N,MELB_URBAN,ROAD,9,5.0
136628,2,5,102,5,1,50.0,0,N,MELB_URBAN,ROAD,9,16.0
136629,1,5,121,1,3,60.0,0,I,MELB_URBAN,ROAD,9,23.0
136630,1,5,110,1,5,50.0,0,I,MELB_URBAN,STREET,9,23.0
136631,4,5,171,5,3,50.0,0,N,SMALL_CITIES,AVENUE,9,3.0
136632,1,6,110,1,1,60.0,0,I,MELB_URBAN,ROAD,9,6.0
136633,4,6,171,5,1,80.0,0,N,RURAL_VICTORIA,ROAD,9,7.0
136634,4,5,171,5,1,80.0,0,N,RURAL_VICTORIA,ROAD,9,15.0
136635,1,6,121,1,1,50.0,0,I,LARGE_PROVINCIAL_CITIES,STREET,9,8.0
136636,6,2,174,1,2,40.0,0,N,RURAL_VICTORIA,ROAD,9,7.0
136637,4,6,183,5,1,80.0,0,N,RURAL_VICTORIA,ROAD,9,11.0
136638,2,3,99,5,1,40.0,0,N,MELB_URBAN,ROAD,9,8.0
136639,1,6,130,5,1,80.0,0,N,MELB_URBAN,HIGHWAY,9,13.0
136640,1,4,121,5,9,50.0,0,N,MELB_URBAN,DRIVE,9,17.0
136641,4,6,173,5,1,60.0,0,N,MELB_URBAN,ROAD,9,13.0
136642,1,6,113,1,1,80.0,0,I,MELB_URBAN,ROAD,9,14.0
136643,1,5,121,4,2,60.0,0,I,MELB_URBAN,OTHER,9,17.0
136644,1,1,130,5,1,60.0,0,N,MELB_URBAN,ROAD,11,13.0
136645,1,6,130,5,3,50.0,0,N,LARGE_PROVINCIAL_CITIES,STREET,9,19.0
136646,1,6,110,1,3,80.0,0,I,RURAL_VICTORIA,ROAD,9,18.0
136647,1,6,160,5,1,50.0,0,N,MELB_URBAN,BOULEVARD,9,15.0
136648,1,6,130,1,6,80.0,0,I,MELB_URBAN,HIGHWAY,9,21.0
136649,1,1,130,5,1,60.0,0,N,MELB_URBAN,AVENUE,7,12.0
136650,8,5,170,5,2,100.0,0,N,RURAL_VICTORIA,ROAD,9,19.0
136651,1,7,116,2,1,80.0,0,I,MELB_URBAN,AVENUE,9,10.0
136652,1,5,113,2,3,60.0,0,I,LARGE_PROVINCIAL_CITIES,STREET,9,22.0
136653,5,3,99,5,1,100.0,0,N,RURAL_VICTORIA,ROAD,9,13.0
136654,1,6,130,5,1,100.0,0,N,RURAL_VICTORIA,FREEWAY,9,9.0
136655,1,6,135,5,1,60.0,0,N,MELB_URBAN,HIGHWAY,9,12.0
136656,1,3,130,5,1,80.0,0,N,RURAL_VICTORIA,ROAD,9,16.0
136657,6,6,174,5,1,50.0,0,N,SMALL_TOWNS,HIGHWAY,9,16.0
136658,1,6,99,5,1,60.0,0,N,MELB_URBAN,ROAD,9,15.0
136659,1,7,121,2,1,70.0,0,I,MELB_URBAN,ROAD,9,16.0
136660,4,7,173,5,1,100.0,0,N,RURAL_VICTORIA,ROAD,9,16.0
136661,1,7,120,5,5,60.0,0,N,RURAL_VICTORIA,HIGHWAY,9,18.0
136662,4,7,171,1,3,60.0,0,I,SMALL_CITIES,OTHER,9,20.0
136663,4,7,171,1,3,80.0,0,I,MELB_URBAN,ROAD,9,20.0
136664,4,7,171,2,3,70.0,0,I,LARGE_PROVINCIAL_CITIES,ROAD,9,22.0
136665,1,6,130,5,5,100.0,0,N,RURAL_VICTORIA,ROAD,9,21.0
136666,4,7,173,5,5,100.0,1,N,RURAL_VICTORIA,ROAD,9,22.0
136667,4,1,99,5,5,100.0,0,N,RURAL_VICTORIA,HIGHWAY,9,2.0
136668,1,1,171,5,5,100.0,0,N,RURAL_VICTORIA,ROAD,9,2.0
136669,4,7,171,2,1,80.0,0,N,SMALL_CITIES,HIGHWAY,9,13.0
136670,4,6,181,5,5,100.0,0,N,RURAL_VICTORIA,ROAD,9,18.0
136671,4,7,171,5,5,100.0,1,N,RURAL_VICTORIA,ROAD,9,23.0
136672,1,4,110,1,1,50.0,0,I,MELB_URBAN,OTHER,7,16.0
136673,1,1,121,5,1,40.0,0,N,MELB_URBAN,DRIVE,9,10.0
136674,3,1,167,5,1,100.0,0,N,RURAL_VICTORIA,ROAD,9,10.0
136675,8,7,174,5,1,60.0,0,N,MELB_URBAN,ROAD,9,14.0
136676,2,1,102,5,1,80.0,0,N,MELB_URBAN,ROAD,9,13.0
136677,1,1,99,5,1,60.0,0,N,MELB_URBAN,STREET,9,11.0
136678,1,1,99,2,1,60.0,0,N,TOWNS,STREET,9,15.0
136679,1,1,163,5,1,60.0,0,N,MELB_URBAN,ROAD,9,14.0
136680,1,0,99,5,2,50.0,0,N,MELB_URBAN,STREET,8,17.0
136681,4,1,171,5,1,100.0,0,N,RURAL_VICTORIA,ROAD,9,17.0
136682,1,6,140,5,1,80.0,0,N,RURAL_VICTORIA,ROAD,9,17.0
136683,1,1,121,5,1,60.0,0,N,MELB_URBAN,ROAD,9,16.0
136684,4,0,173,5,1,50.0,0,N,MELB_URBAN,ROAD,9,16.0
136685,1,1,120,5,1,50.0,0,N,MELB_URBAN,STREET,9,18.0
136686,4,0,99,5,1,50.0,0,N,MELB_URBAN,PARADE,9,17.0
136687,1,1,110,1,1,70.0,0,N,MELB_URBAN,ROAD,9,16.0
136688,1,3,113,2,6,80.0,0,I,MELB_URBAN,ROAD,8,18.0
136689,1,2,111,1,1,100.0,0,I,SMALL_TOWNS,HIGHWAY,9,8.0
136690,1,1,147,5,1,30.0,0,N,LARGE_PROVINCIAL_CITIES,STREET,9,10.0
136691,1,4,121,1,1,50.0,0,I,LARGE_PROVINCIAL_CITIES,STREET,9,16.0
136692,1,2,130,5,1,100.0,0,N,MELB_URBAN,ROAD,9,8.0
136693,8,7,184,5,1,60.0,0,N,RURAL_VICTORIA,ROAD,9,11.0
136694,1,2,147,5,1,60.0,0,N,MELB_URBAN,STREET,9,12.0
136695,1,2,130,4,2,60.0,0,I,MELB_URBAN,STREET,9,17.0
136696,4,1,183,5,1,100.0,0,N,MELB_URBAN,FREEWAY,9,14.0
136697,8,2,99,5,1,100.0,0,N,RURAL_VICTORIA,ROAD,9,13.0
136698,1,6,110,1,1,80.0,0,I,MELB_URBAN,HIGHWAY,9,15.0
136699,1,2,99,2,1,100.0,0,I,RURAL_VICTORIA,HIGHWAY,9,11.0
136700,1,1,133,5,1,60.0,0,N,MELB_URBAN,ROAD,9,14.0
136701,1,1,147,5,1,60.0,0,N,MELB_URBAN,ROAD,9,12.0
136702,6,2,174,2,1,60.0,0,I,MELB_URBAN,STREET,9,13.0
136703,2,2,100,1,1,80.0,0,I,MELB_URBAN,ROAD,9,17.0
136704,4,2,173,5,1,60.0,0,N,MELB_URBAN,ROAD,9,17.0
136705,1,1,130,4,1,80.0,0,I,MELB_URBAN,ROAD,9,16.0
136706,6,5,184,5,1,60.0,0,N,RURAL_VICTORIA,ROAD,9,12.0
136707,4,2,181,5,1,60.0,0,N,RURAL_VICTORIA,ROAD,9,17.0
136708,1,2,130,5,1,40.0,0,N,LARGE_PROVINCIAL_CITIES,STREET,9,15.0
136709,1,1,130,2,1,60.0,0,I,MELB_URBAN,ROAD,9,6.0
136710,4,2,173,5,1,80.0,0,N,MELB_URBAN,ROAD,9,17.0
136711,1,1,130,5,1,60.0,0,N,MELB_URBAN,STREET,9,16.0
136712,4,2,99,2,2,60.0,0,I,MELB_URBAN,ROAD,9,17.0
136713,1,2,111,1,2,50.0,0,I,SMALL_CITIES,AVENUE,9,18.0
136714,1,1,120,2,1,60.0,0,N,MELB_URBAN,ROAD,9,15.0
136715,1,1,111,1,3,40.0,0,I,MELB_URBAN,STREET,9,18.0
136716,1,2,99,2,2,60.0,0,I,MELB_URBAN,ROAD,9,17.0
136717,1,2,133,5,3,40.0,0,N,MELBOURNE_CBD,STREET,9,20.0
136718,1,2,110,1,3,50.0,0,I,LARGE_PROVINCIAL_CITIES,STREET,9,1.0
136719,1,4,110,1,1,60.0,0,I,MELB_URBAN,ROAD,9,10.0
136720,1,1,160,5,3,60.0,0,N,MELB_URBAN,ROAD,9,5.0
136721,1,2,113,4,1,80.0,0,I,MELB_URBAN,ROAD,9,6.0
136722,1,1,130,2,3,40.0,0,I,MELB_URBAN,ROAD,9,19.0
136723,1,2,160,5,1,60.0,0,N,MELB_URBAN,ROAD,9,12.0
136724,1,2,132,5,1,60.0,0,N,TOWNS,ROAD,9,8.0
136725,1,3,113,2,1,80.0,0,I,MELB_URBAN,ROAD,9,9.0
136726,1,2,130,5,9,60.0,0,N,MELB_URBAN,ROAD,9,8.0
136727,8,3,170,5,1,50.0,0,N,MELB_URBAN,ROAD,9,8.0
136728,1,6,120,5,1,50.0,0,N,MELB_URBAN,OTHER,8,16.0
136729,1,3,133,5,1,40.0,0,N,MELB_URBAN,HIGHWAY,9,11.0
136730,2,1,102,5,3,50.0,0,N,MELB_URBAN,STREET,9,19.0
136731,1,3,140,5,1,60.0,0,N,LARGE_PROVINCIAL_CITIES,STREET,9,14.0
136732,1,4,121,5,9,60.0,0,I,MELB_URBAN,OTHER,9,15.0
136733,1,3,116,2,1,60.0,1,N,SMALL_TOWNS,ROAD,9,14.0
136734,1,1,130,5,1,40.0,0,N,MELB_URBAN,FREEWAY,9,12.0
136735,1,3,113,2,1,80.0,0,I,RURAL_VICTORIA,ROAD,9,16.0
136736,4,3,181,2,5,100.0,0,I,RURAL_VICTORIA,ROAD,9,18.0
136737,4,3,173,5,1,60.0,0,N,MELB_URBAN,ROAD,9,16.0
136738,6,3,174,2,3,50.0,0,N,MELB_URBAN,ROAD,9,20.0
136739,4,2,171,5,3,40.0,0,N,MELB_URBAN,ROAD,9,4.0
136740,1,3,110,1,5,60.0,0,I,SMALL_CITIES,ROAD,9,21.0
136741,1,3,113,2,1,50.0,0,I,MELB_URBAN,STREET,9,16.0
136742,5,4,99,5,5,100.0,0,N,RURAL_VICTORIA,ROAD,9,4.0
136743,4,4,99,2,3,50.0,0,I,MELB_URBAN,STREET,9,4.0
136744,1,5,121,1,1,80.0,0,I,MELB_URBAN,ROAD,9,7.0
136745,2,4,100,5,1,60.0,0,N,MELB_URBAN,ROAD,9,11.0
136746,4,2,99,6,5,100.0,0,N,RURAL_VICTORIA,ROAD,9,23.0
136747,1,4,140,5,1,80.0,0,N,MELB_URBAN,ROAD,9,11.0
136748,1,2,147,5,1,60.0,0,N,MELB_URBAN,STREET,9,16.0
136749,1,4,130,2,9,60.0,0,N,MELB_URBAN,ROAD,9,16.0
136750,4,4,173,5,1,80.0,0,N,RURAL_VICTORIA,ROAD,9,10.0
136751,1,2,134,5,9,60.0,0,N,MELB_URBAN,ROAD,9,10.0
136752,1,4,113,2,1,70.0,0,I,MELB_URBAN,ROAD,9,12.0
136753,1,4,111,1,1,60.0,0,I,MELB_URBAN,STREET,9,12.0
136754,2,3,99,2,1,50.0,0,I,MELB_URBAN,OTHER,9,13.0
136755,4,1,171,5,1,60.0,0,N,MELB_URBAN,ROAD,9,10.0
136756,1,4,99,2,1,50.0,0,N,SMALL_CITIES,STREET,9,14.0
136757,1,3,130,5,1,60.0,0,N,MELB_URBAN,ROAD,9,16.0
136758,1,2,130,5,9,60.0,0,N,MELB_URBAN,ROAD,4,7.0
136759,4,5,183,5,1,100.0,0,N,RURAL_VICTORIA,ROAD,4,11.0
136760,4,4,99,5,1,50.0,0,N,MELB_URBAN,STREET,9,14.0
136761,1,4,99,2,1,60.0,0,I,MELB_URBAN,ROAD,9,11.0
136762,1,1,132,4,1,80.0,0,N,RURAL_VICTORIA,ROAD,9,14.0
136763,4,4,173,5,2,80.0,0,N,RURAL_VICTORIA,ROAD,9,18.0
136764,1,4,147,5,1,30.0,0,N,MELB_URBAN,ROAD,9,14.0
136765,1,3,130,5,3,70.0,0,N,MELB_URBAN,ROAD,9,19.0
136766,1,4,120,5,5,100.0,0,N,RURAL_VICTORIA,HIGHWAY,9,19.0
136767,1,4,121,2,3,60.0,0,I,MELB_URBAN,ROAD,9,20.0
136768,1,4,99,2,3,80.0,0,N,MELB_URBAN,HIGHWAY,9,21.0
136769,2,5,100,1,3,60.0,0,I,MELB_URBAN,ROAD,9,20.0
136770,2,5,99,5,5,100.0,0,N,RURAL_VICTORIA,ROAD,9,3.0
136771,5,5,99,5,2,100.0,0,N,RURAL_VICTORIA,HIGHWAY,9,6.0
136772,1,3,99,2,1,50.0,0,I,MELB_URBAN,ROAD,9,17.0
136773,1,4,110,1,1,80.0,0,N,RURAL_VICTORIA,ROAD,9,7.0
136774,4,5,173,1,1,80.0,0,N,MELB_URBAN,OTHER,9,8.0
136775,1,4,121,4,3,60.0,0,I,MELB_URBAN,RAMP,9,18.0
136776,4,5,173,5,1,70.0,0,N,MELB_URBAN,ROAD,9,6.0
136777,1,2,113,2,1,50.0,0,I,MELB_URBAN,ROAD,9,7.0
136778,1,4,160,5,1,40.0,0,N,MELB_URBAN,STREET,9,8.0
136779,1,5,110,1,1,60.0,0,I,MELB_URBAN,STREET,9,10.0
136780,1,1,121,2,1,80.0,0,N,MELB_URBAN,ROAD,9,15.0
136781,4,5,171,5,1,100.0,0,N,RURAL_VICTORIA,ROAD,9,11.0
136782,4,1,181,5,1,100.0,0,N,RURAL_VICTORIA,ROAD,9,15.0
136783,4,6,173,5,5,80.0,0,N,TOWNS,ROAD,4,20.0
136784,1,5,110,1,1,50.0,0,I,TOWNS,STREET,9,12.0
136785,1,5,130,1,1,80.0,0,N,MELB_URBAN,STREET,9,11.0
136786,1,6,130,5,1,60.0,0,N,RURAL_VICTORIA,BOULEVARD,9,19.0
136787,3,6,167,5,1,80.0,0,N,RURAL_VICTORIA,ROAD,8,8.0
136788,4,5,171,5,1,100.0,0,N,RURAL_VICTORIA,HIGHWAY,9,13.0
136789,1,4,121,5,1,60.0,0,N,MELB_URBAN,ROAD,12,14.0
136790,1,5,116,2,1,60.0,0,I,MELB_URBAN,ROAD,9,13.0
136791,1,5,113,1,1,60.0,0,I,MELB_URBAN,ROAD,9,13.0
136792,1,4,113,2,1,70.0,0,I,LARGE_PROVINCIAL_CITIES,HIGHWAY,9,16.0
136793,2,5,100,2,3,40.0,0,I,MELB_URBAN,ROAD,9,18.0
136794,4,5,171,5,2,100.0,0,N,RURAL_VICTORIA,FREEWAY,9,17.0
136795,4,4,99,2,1,90.0,0,I,RURAL_VICTORIA,ROAD,9,17.0
136796,1,5,160,5,3,60.0,0,N,LARGE_PROVINCIAL_CITIES,ROAD,9,19.0
136797,1,5,130,5,1,60.0,0,N,RURAL_VICTORIA,OTHER,9,14.0
136798,4,4,183,5,5,80.0,0,N,RURAL_VICTORIA,HIGHWAY,9,20.0
136799,1,5,113,1,3,70.0,0,I,MELB_URBAN,ROAD,9,20.0
136800,4,4,171,5,3,60.0,0,N,MELB_URBAN,ROAD,9,20.0
136801,4,4,171,5,3,60.0,0,N,MELB_URBAN,ROAD,9,4.0
136802,1,5,99,2,3,60.0,0,N,MELB_URBAN,ROAD,9,21.0
136803,4,5,183,5,5,100.0,0,N,RURAL_VICTORIA,ROAD,9,22.0
136804,1,5,130,5,5,110.0,0,N,RURAL_VICTORIA,FREEWAY,9,4.0
136805,1,5,120,2,6,60.0,1,I,RURAL_VICTORIA,ROAD,9,19.0
136806,4,5,173,5,5,110.0,0,N,RURAL_VICTORIA,FREEWAY,9,20.0
136807,1,3,99,5,3,60.0,0,N,MELB_URBAN,ROAD,9,23.0
136808,1,5,113,2,1,70.0,0,I,MELB_URBAN,ROAD,9,12.0
136809,4,6,173,5,3,80.0,1,N,MELB_URBAN,FREEWAY,10,3.0
136810,1,3,130,5,1,60.0,0,N,MELB_URBAN,RAMP,9,16.0
136811,1,5,130,1,1,50.0,0,I,MELB_URBAN,ROAD,7,12.0
136812,1,6,99,1,1,60.0,0,I,MELB_URBAN,ROAD,10,10.0
136813,1,5,99,5,1,60.0,0,N,MELB_URBAN,ROAD,10,11.0
136814,4,5,173,5,1,80.0,0,N,RURAL_VICTORIA,ROAD,10,9.0
136815,2,6,102,5,1,50.0,0,N,MELB_URBAN,AVENUE,10,11.0
136816,1,5,130,5,1,100.0,0,N,MELB_URBAN,FREEWAY,9,8.0
136817,1,5,147,5,1,60.0,0,N,MELB_URBAN,ROAD,10,11.0
136818,1,5,110,1,1,50.0,0,I,SMALL_CITIES,STREET,10,14.0
136819,1,5,113,2,1,80.0,0,I,MELB_URBAN,ROAD,9,12.0
136820,1,2,147,5,1,70.0,0,N,MELB_URBAN,ROAD,9,13.0
136821,1,5,130,5,1,60.0,0,N,MELB_URBAN,ROAD,9,16.0
136822,1,5,120,5,1,60.0,0,N,SMALL_TOWNS,STREET,10,15.0
136823,1,5,120,5,1,100.0,0,N,RURAL_VICTORIA,ROAD,9,11.0
136824,1,6,160,5,1,50.0,0,N,MELB_URBAN,OTHER,10,15.0
136825,1,1,130,5,1,80.0,0,N,MELB_URBAN,HIGHWAY,8,14.0
136826,4,6,171,5,1,50.0,1,N,MELB_URBAN,AVENUE,10,16.0
136827,1,5,121,5,1,60.0,0,N,MELB_URBAN,ROAD,10,14.0
136828,1,6,99,2,3,50.0,0,I,MELB_URBAN,AVENUE,10,21.0
136829,4,6,181,5,5,80.0,0,N,RURAL_VICTORIA,ROAD,10,18.0
136830,1,6,140,5,1,60.0,0,N,MELB_URBAN,STREET,10,17.0
136831,1,6,171,5,3,60.0,0,N,SMALL_CITIES,STREET,10,0.0
136832,4,7,181,2,5,60.0,0,I,LARGE_PROVINCIAL_CITIES,OTHER,10,0.0
136833,4,6,173,5,3,50.0,0,N,MELB_URBAN,STREET,10,3.0
136834,4,5,173,5,3,60.0,0,N,SMALL_CITIES,HIGHWAY,9,2.0
136835,1,1,147,6,1,50.0,0,N,MELB_URBAN,OTHER,9,9.0
136836,1,4,99,2,1,60.0,0,I,MELB_URBAN,ROAD,9,13.0
136837,2,7,99,2,3,60.0,0,I,SMALL_CITIES,DRIVE,10,1.0
136838,2,6,99,5,2,50.0,0,N,LARGE_PROVINCIAL_CITIES,OTHER,10,17.0
136839,1,5,121,1,1,60.0,0,I,MELB_URBAN,ROAD,9,15.0
136840,1,2,110,1,1,60.0,0,I,MELB_URBAN,DRIVE,9,13.0
136841,9,1,184,5,1,80.0,0,N,RURAL_VICTORIA,ROAD,9,9.0
136842,1,5,113,1,1,60.0,0,I,MELB_URBAN,HIGHWAY,9,15.0
136843,1,4,163,5,3,40.0,0,N,MELBOURNE_CBD,STREET,9,19.0
136844,1,6,130,5,2,60.0,0,N,MELB_URBAN,ROAD,10,17.0
136845,1,5,110,1,1,50.0,0,I,SMALL_CITIES,STREET,9,11.0
136846,2,7,99,5,1,60.0,0,N,MELB_URBAN,ROAD,10,13.0
136847,4,7,173,5,1,80.0,0,N,MELB_URBAN,ROAD,10,15.0
136848,1,6,113,2,1,60.0,0,I,SMALL_CITIES,STREET,10,10.0
136849,3,6,167,5,5,60.0,0,N,RURAL_VICTORIA,ROAD,10,18.0
136850,1,7,113,2,1,60.0,0,I,TOWNS,ROAD,10,10.0
136851,1,7,130,5,1,100.0,0,N,RURAL_VICTORIA,HIGHWAY,10,14.0
136852,1,7,99,2,1,50.0,0,I,TOWNS,OTHER,10,14.0
136853,8,7,184,5,1,50.0,0,N,MELB_URBAN,DRIVE,10,14.0
136854,1,3,132,5,1,60.0,0,N,TOWNS,ROAD,8,15.0
136855,4,7,183,5,2,100.0,0,N,RURAL_VICTORIA,ROAD,10,17.0