,accident_type,day_of_week,dca_code,road_geometry,light_condition,speed_zone,severity,node_type,deg_urban_name,road_type,month,hour
136856,1,7,147,5,3,80.0,0,I,MELB_URBAN,HIGHWAY,10,20.0
136857,1,7,113,1,3,60.0,0,I,MELB_URBAN,HIGHWAY,10,19.0
136858,4,7,173,5,5,100.0,0,N,RURAL_VICTORIA,ROAD,10,21.0
136859,4,6,171,2,1,60.0,0,N,RURAL_VICTORIA,ROAD,10,17.0
136860,2,7,99,5,1,60.0,0,N,MELB_URBAN,ROAD,10,15.0
136861,1,6,110,1,3,60.0,0,N,MELB_URBAN,BOULEVARD,10,19.0
136862,1,7,130,5,3,60.0,0,N,MELB_URBAN,ROAD,10,20.0
136863,1,5,130,5,1,100.0,0,N,MELB_URBAN,FREEWAY,9,11.0
136864,4,1,171,5,3,80.0,0,N,MELB_URBAN,FREEWAY,10,3.0
136865,8,5,99,2,1,60.0,0,I,MELB_URBAN,STREET,10,17.0
136866,9,5,99,5,1,80.0,0,N,MELB_URBAN,ROAD,9,14.0
136867,8,7,174,2,9,60.0,0,I,MELB_URBAN,ROAD,9,14.0
136868,1,1,130,2,1,80.0,0,I,RURAL_VICTORIA,ROAD,10,12.0
136869,3,0,167,5,1,60.0,0,N,RURAL_VICTORIA,ROAD,10,11.0
136870,4,1,183,5,1,50.0,0,N,MELB_URBAN,OTHER,10,13.0
136871,6,1,99,5,1,100.0,0,N,RURAL_VICTORIA,OTHER,10,13.0
136872,8,7,170,5,1,80.0,0,N,RURAL_VICTORIA,HIGHWAY,10,17.0
136873,4,4,173,5,5,100.0,0,N,RURAL_VICTORIA,HIGHWAY,9,21.0
136874,6,1,174,5,1,100.0,0,N,RURAL_VICTORIA,ROAD,10,14.0
136875,1,2,121,2,1,60.0,0,I,SMALL_CITIES,PARADE,9,13.0
136876,4,7,171,5,5,60.0,0,N,RURAL_VICTORIA,ROAD,10,22.0
136877,1,5,121,1,1,50.0,0,I,MELB_URBAN,ROAD,10,15.0
136878,8,6,174,5,1,50.0,0,N,RURAL_VICTORIA,ROAD,10,13.0
136879,4,1,171,5,3,50.0,0,N,TOWNS,ROAD,10,18.0
136880,1,1,130,5,1,40.0,0,N,MELB_URBAN,STREET,10,14.0
136881,4,1,99,5,1,80.0,0,N,RURAL_VICTORIA,HIGHWAY,10,18.0
136882,1,1,121,4,3,60.0,0,I,MELB_URBAN,PARADE,10,19.0
136883,6,1,99,5,1,100.0,1,N,RURAL_VICTORIA,ROAD,10,10.0
136884,1,1,99,5,1,50.0,0,N,MELB_URBAN,AVENUE,9,16.0
136885,4,1,99,5,3,60.0,0,N,MELB_URBAN,AVENUE,10,20.0
136886,4,1,181,5,5,100.0,0,N,RURAL_VICTORIA,UNKNOWN,10,21.0
136887,1,1,130,5,1,100.0,0,N,MELB_URBAN,FREEWAY,10,18.0
136888,1,1,130,5,1,80.0,0,N,SMALL_CITIES,HIGHWAY,2,17.0
136889,1,1,140,5,3,50.0,0,N,MELB_URBAN,STREET,10,23.0
136890,1,2,99,2,3,60.0,0,I,MELB_URBAN,ROAD,10,0.0
136891,8,7,170,5,6,60.0,0,N,TOWNS,STREET,9,20.0
136892,1,3,130,1,2,60.0,0,I,RURAL_VICTORIA,OTHER,9,17.0
136893,1,2,130,1,3,60.0,0,I,MELB_URBAN,AVENUE,9,18.0
136894,1,2,120,5,1,50.0,0,N,LARGE_PROVINCIAL_CITIES,PARADE,10,8.0
136895,4,6,173,1,3,80.0,0,N,MELB_URBAN,ROAD,9,4.0
136896,1,2,120,5,1,60.0,0,N,MELB_URBAN,ROAD,10,7.0
136897,4,2,173,5,1,100.0,0,N,TOWNS,HIGHWAY,10,9.0
136898,4,2,171,5,1,60.0,0,N,MELB_URBAN,STREET,10,12.0
136899,1,2,130,2,9,50.0,0,I,MELB_URBAN,DRIVE,9,16.0
136900,6,2,99,5,5,80.0,0,N,RURAL_VICTORIA,ROAD,9,20.0
136901,8,2,99,5,1,50.0,0,N,MELB_URBAN,PARADE,4,12.0
136902,1,5,130,1,1,80.0,0,I,MELB_URBAN,ROAD,9,13.0
136903,4,6,173,5,5,50.0,0,N,MELB_URBAN,STREET,9,1.0
136904,1,2,130,1,1,60.0,0,N,MELB_URBAN,ROAD,10,14.0
136905,1,1,110,1,2,60.0,0,I,MELB_URBAN,STREET,10,17.0
136906,1,1,99,4,1,60.0,0,I,MELB_URBAN,RAMP,10,14.0
136907,1,1,121,1,3,60.0,0,I,RURAL_VICTORIA,ROAD,10,19.0
136908,1,1,134,5,1,80.0,0,N,MELB_URBAN,HIGHWAY,10,14.0
136909,2,2,102,2,2,60.0,0,I,MELB_URBAN,ROAD,9,18.0
136910,1,3,130,5,1,60.0,0,N,MELB_URBAN,OTHER,8,8.0
136911,1,1,110,1,1,60.0,0,I,MELB_URBAN,STREET,8,14.0
136912,1,0,130,5,1,60.0,0,N,MELB_URBAN,ROAD,10,17.0
136913,1,5,130,5,1,60.0,0,N,MELB_URBAN,DRIVE,10,15.0
136914,1,2,110,1,1,50.0,0,I,LARGE_PROVINCIAL_CITIES,AVENUE,10,19.0
136915,1,2,130,5,1,60.0,0,N,MELB_URBAN,ROAD,10,16.0
136916,4,1,171,5,1,110.0,0,N,RURAL_VICTORIA,HIGHWAY,10,17.0
136917,4,2,173,5,5,80.0,0,N,RURAL_VICTORIA,ROAD,10,5.0
136918,2,2,102,5,3,60.0,0,N,MELB_URBAN,ROAD,10,22.0
136919,1,1,110,1,3,60.0,0,I,MELB_URBAN,STREET,10,22.0
136920,1,2,160,2,3,60.0,0,N,MELB_URBAN,ROAD,10,23.0
136921,4,3,171,5,5,110.0,0,N,RURAL_VICTORIA,HIGHWAY,10,1.0
136922,1,2,121,2,1,60.0,0,I,MELB_URBAN,STREET,10,12.0
136923,8,3,170,5,1,100.0,0,N,RURAL_VICTORIA,ROAD,10,10.0
136924,2,2,102,5,1,40.0,0,N,LARGE_PROVINCIAL_CITIES,STREET,10,8.0
136925,1,3,130,5,1,50.0,0,N,MELB_URBAN,ROAD,9,10.0
136926,1,1,147,5,1,60.0,0,N,MELB_URBAN,ROAD,10,16.0
136927,1,1,160,2,9,50.0,0,I,SMALL_CITIES,STREET,5,16.0
136928,4,3,181,5,1,100.0,0,N,RURAL_VICTORIA,ROAD,10,10.0
136929,4,3,173,5,1,100.0,0,N,MELB_URBAN,FREEWAY,10,11.0
136930,1,2,110,1,1,50.0,0,I,LARGE_PROVINCIAL_CITIES,STREET,10,13.0
136931,6,7,174,5,1,100.0,0,N,RURAL_VICTORIA,ROAD,10,14.0
136932,1,6,147,5,1,60.0,0,N,MELB_URBAN,STREET,10,17.0
136933,9,1,99,5,1,40.0,0,N,MELB_URBAN,ROAD,6,9.0
136934,1,1,130,5,2,60.0,0,N,TOWNS,ROAD,9,6.0
136935,1,3,130,1,1,60.0,0,I,MELB_URBAN,ROAD,9,15.0
136936,8,2,174,4,1,60.0,0,I,MELB_URBAN,STREET,9,12.0
136937,1,4,130,5,1,60.0,0,N,MELB_URBAN,OTHER,2,15.0
136938,1,3,99,5,1,50.0,0,N,LARGE_PROVINCIAL_CITIES,AVENUE,10,17.0
136939,1,6,130,5,1,80.0,0,N,LARGE_PROVINCIAL_CITIES,HIGHWAY,9,13.0
136940,1,3,130,5,1,60.0,0,N,MELB_URBAN,ROAD,10,17.0
136941,1,3,135,4,1,100.0,0,N,MELB_URBAN,UNKNOWN,10,16.0
136942,1,6,130,5,1,70.0,0,N,LARGE_PROVINCIAL_CITIES,ROAD,10,8.0
136943,1,3,173,5,1,50.0,0,N,TOWNS,ROAD,10,18.0
136944,5,2,99,5,1,100.0,0,N,RURAL_VICTORIA,HIGHWAY,10,17.0
136945,1,3,121,1,3,60.0,0,I,LARGE_PROVINCIAL_CITIES,STREET,10,22.0
136946,1,3,163,5,1,60.0,0,N,MELB_URBAN,STREET,10,19.0
136947,1,4,135,5,2,100.0,0,N,MELB_URBAN,ROAD,10,5.0
136948,1,4,135,5,2,80.0,0,N,MELB_URBAN,FREEWAY,10,6.0
136949,1,4,130,5,2,60.0,0,N,MELB_URBAN,RAMP,8,6.0
136950,4,2,173,2,1,50.0,0,I,MELB_URBAN,STREET,10,17.0
136951,6,5,99,5,5,60.0,0,N,RURAL_VICTORIA,ROAD,9,23.0
136952,5,4,99,5,1,40.0,0,N,MELB_URBAN,STREET,10,8.0
136953,1,4,130,4,2,60.0,0,I,MELB_URBAN,RAMP,10,6.0
136954,1,7,121,1,1,60.0,0,I,LARGE_PROVINCIAL_CITIES,ROAD,5,12.0
136955,8,4,174,5,1,100.0,0,N,RURAL_VICTORIA,ROAD,9,9.0
136956,1,4,130,5,1,60.0,0,N,RURAL_VICTORIA,ROAD,10,8.0
136957,1,4,120,5,1,60.0,0,N,MELB_URBAN,ROAD,10,10.0
136958,4,6,173,5,9,60.0,0,N,RURAL_VICTORIA,ROAD,10,18.0
136959,1,4,110,1,1,50.0,0,I,LARGE_PROVINCIAL_CITIES,STREET,10,12.0
136960,1,4,110,1,1,100.0,0,I,RURAL_VICTORIA,FREEWAY,10,12.0
136961,1,2,113,2,1,40.0,0,N,MELB_URBAN,ROAD,10,15.0
136962,3,7,167,5,2,80.0,0,N,RURAL_VICTORIA,ROAD,3,18.0
136963,1,3,130,1,1,60.0,0,N,MELB_URBAN,HIGHWAY,9,14.0
136964,4,3,183,5,1,110.0,0,N,RURAL_VICTORIA,FREEWAY,10,19.0
136965,6,4,99,5,1,50.0,0,N,LARGE_PROVINCIAL_CITIES,STREET,10,13.0
136966,5,3,99,5,1,80.0,0,N,MELB_URBAN,FREEWAY,10,16.0
136967,1,4,140,5,1,70.0,0,N,MELB_URBAN,ROAD,10,16.0
136968,1,4,133,5,1,50.0,0,N,MELB_URBAN,ROAD,10,16.0
136969,1,3,121,5,1,60.0,0,N,SMALL_CITIES,STREET,10,11.0
136970,2,3,100,5,1,30.0,0,N,SMALL_CITIES,OTHER,10,17.0
136971,1,5,163,5,1,50.0,0,N,MELB_URBAN,ROAD,7,10.0
136972,4,4,99,5,1,80.0,0,N,MELB_URBAN,ROAD,10,17.0
136973,6,4,170,5,1,50.0,0,N,SMALL_CITIES,OTHER,10,17.0
136974,1,4,120,2,1,60.0,0,N,MELB_URBAN,ROAD,10,17.0
136975,4,3,173,5,1,50.0,0,N,MELB_URBAN,DRIVE,10,17.0
136976,2,4,100,1,1,60.0,0,N,MELB_URBAN,OTHER,10,8.0
136977,4,2,171,2,1,50.0,0,N,MELB_URBAN,STREET,10,8.0
136978,2,3,99,5,1,60.0,0,N,LARGE_PROVINCIAL_CITIES,ROAD,10,15.0
136979,1,4,133,5,2,60.0,0,N,MELB_URBAN,ROAD,10,6.0
136980,4,4,173,5,1,100.0,0,N,RURAL_VICTORIA,HIGHWAY,10,7.0
136981,1,6,116,2,1,50.0,0,I,SMALL_CITIES,ROAD,10,15.0
136982,1,4,111,1,1,80.0,0,I,MELB_URBAN,ROAD,10,14.0
136983,1,5,110,1,1,50.0,0,I,SMALL_CITIES,STREET,10,10.0
136984,1,1,130,2,1,50.0,0,I,RURAL_VICTORIA,ROAD,9,17.0
136985,1,6,130,9,9,80.0,0,N,MELB_URBAN,ROAD,8,16.0
136986,1,5,99,5,1,80.0,0,N,MELB_URBAN,OTHER,10,12.0
136987,1,1,130,5,9,80.0,0,N,MELB_URBAN,ROAD,10,15.0
136988,1,5,113,2,1,60.0,0,I,RURAL_VICTORIA,ROAD,10,9.0
136989,1,5,99,1,1,60.0,0,N,MELB_URBAN,PARADE,10,15.0
136990,1,3,99,2,1,70.0,0,I,MELB_URBAN,ROAD,10,15.0
136991,1,2,160,5,1,50.0,0,N,MELB_URBAN,ROAD,10,15.0
136992,1,5,130,5,1,60.0,0,N,MELB_URBAN,ROAD,10,17.0
136993,1,5,99,5,1,60.0,0,N,MELB_URBAN,STREET,10,16.0
136994,1,4,134,5,1,100.0,0,N,RURAL_VICTORIA,ROAD,10,17.0
136995,1,5,116,1,1,40.0,0,I,MELB_URBAN,ROAD,10,17.0
136996,1,5,110,1,1,80.0,0,I,RURAL_VICTORIA,ROAD,10,12.0
136997,2,5,100,5,1,60.0,0,N,MELB_URBAN,ROAD,10,17.0
136998,1,4,130,5,1,50.0,0,N,LARGE_PROVINCIAL_CITIES,STREET,10,16.0
136999,1,4,113,2,3,60.0,0,I,MELB_URBAN,ROAD,10,19.0
137000,1,5,160,5,1,40.0,0,N,MELB_URBAN,OTHER,10,14.0
137001,4,5,173,5,3,70.0,0,N,LARGE_PROVINCIAL_CITIES,ROAD,10,21.0
137002,1,6,110,1,3,40.0,0,I,MELB_URBAN,ROAD,10,22.0
137003,1,6,121,2,1,60.0,0,I,MELB_URBAN,ROAD,10,8.0
137004,1,1,111,4,1,50.0,0,I,TOWNS,STREET,10,12.0
137005,1,5,130,5,1,70.0,0,N,RURAL_VICTORIA,ROAD,10,9.0
137006,2,6,100,1,1,60.0,0,N,MELB_URBAN,ROAD,10,6.0
137007,1,4,130,2,1,40.0,0,N,MELB_URBAN,STREET,10,12.0
137008,6,7,174,5,1,60.0,0,N,RURAL_VICTORIA,ROAD,8,11.0
137009,1,6,121,1,1,60.0,0,I,SMALL_CITIES,ROAD,10,11.0
137010,2,6,100,5,1,40.0,0,N,MELB_URBAN,STREET,10,10.0
137011,2,5,99,5,1,60.0,0,N,MELB_URBAN,PARADE,10,9.0
137012,4,5,173,5,1,50.0,0,N,TOWNS,STREET,7,12.0
137013,1,5,130,5,1,60.0,0,N,MELB_URBAN,ROAD,6,16.0
137014,1,2,130,5,1,100.0,0,N,MELB_URBAN,FREEWAY,10,13.0
137015,1,5,99,2,1,50.0,0,I,RURAL_VICTORIA,BOULEVARD,9,14.0
137016,1,5,160,5,1,40.0,0,N,MELB_URBAN,AVENUE,9,11.0
137017,1,4,99,5,1,50.0,0,N,MELB_URBAN,OTHER,10,13.0
137018,1,5,116,2,1,60.0,0,I,MELB_URBAN,ROAD,10,14.0
137019,1,6,111,2,1,80.0,0,I,RURAL_VICTORIA,ROAD,10,14.0
137020,6,5,174,1,1,80.0,0,I,MELB_URBAN,ROAD,9,16.0
137021,1,1,130,5,3,70.0,0,N,MELB_URBAN,STREET,7,22.0
137022,6,6,170,5,1,80.0,0,N,RURAL_VICTORIA,ROAD,10,14.0
137023,1,6,130,5,1,60.0,0,N,MELB_URBAN,ROAD,10,11.0
137024,6,1,99,1,1,60.0,0,I,MELB_URBAN,STREET,10,17.0
137025,1,1,130,2,1,40.0,0,I,MELB_URBAN,ROAD,10,10.0
137026,1,6,110,1,1,50.0,0,I,TOWNS,STREET,10,16.0
137027,1,6,133,5,2,60.0,0,N,MELB_URBAN,ROAD,10,19.0
137028,1,4,130,1,1,60.0,0,I,MELB_URBAN,ROAD,10,8.0
137029,2,6,102,5,3,60.0,0,N,MELB_URBAN,STREET,10,20.0
137030,1,3,130,1,9,60.0,0,N,MELB_URBAN,ROAD,9,15.0
137031,1,6,110,1,3,50.0,0,I,SMALL_CITIES,STREET,10,19.0
137032,1,5,130,1,3,40.0,0,I,MELB_URBAN,STREET,10,21.0
137033,1,6,110,1,3,50.0,0,I,SMALL_CITIES,AVENUE,10,21.0
137034,1,4,121,2,2,80.0,0,I,SMALL_CITIES,HIGHWAY,9,5.0
137035,1,6,130,5,1,60.0,1,N,SMALL_CITIES,ROAD,10,14.0
137036,1,6,99,5,1,100.0,0,N,RURAL_VICTORIA,ROAD,10,18.0
137037,1,5,160,5,3,60.0,0,N,SMALL_CITIES,UNKNOWN,10,20.0
137038,8,1,174,5,1,60.0,0,N,RURAL_VICTORIA,ROAD,9,15.0
137039,4,6,171,5,1,80.0,0,N,MELB_URBAN,HIGHWAY,10,12.0
137040,1,7,99,5,1,50.0,0,N,MELB_URBAN,STREET,10,11.0
137041,4,6,181,5,5,60.0,0,N,MELB_URBAN,ROAD,10,3.0
137042,1,7,140,4,1,80.0,0,I,MELB_URBAN,RAMP,10,13.0
137043,1,7,160,5,1,50.0,0,N,MELB_URBAN,DRIVE,10,13.0
137044,6,6,170,5,1,80.0,0,N,RURAL_VICTORIA,OTHER,10,12.0
137045,8,1,174,5,1,60.0,0,N,MELB_URBAN,STREET,9,13.0
137046,1,3,132,1,1,80.0,0,I,MELB_URBAN,HIGHWAY,10,12.0
137047,6,7,174,5,1,60.0,0,N,MELB_URBAN,ROAD,10,14.0
137048,1,6,163,5,1,40.0,0,N,MELB_URBAN,ROAD,10,16.0
137049,4,7,173,1,1,60.0,0,I,MELB_URBAN,ROAD,10,16.0
137050,5,7,99,5,1,100.0,0,N,SMALL_CITIES,ROAD,10,17.0
137051,6,6,99,5,3,80.0,0,N,MELB_URBAN,ROAD,10,19.0
137052,2,7,102,5,3,50.0,0,N,MELB_URBAN,ROAD,10,20.0
137053,6,1,174,2,3,50.0,0,N,SMALL_CITIES,ROAD,10,3.0
137054,4,1,171,5,3,60.0,1,N,MELB_URBAN,STREET,10,3.0
137055,1,6,130,5,1,50.0,0,N,MELB_URBAN,STREET,7,12.0
137056,1,1,130,5,1,100.0,0,N,MELB_URBAN,FREEWAY,10,6.0
137057,1,7,130,5,1,50.0,0,N,SMALL_CITIES,STREET,10,14.0
137058,1,6,135,5,1,60.0,0,N,MELB_URBAN,PARADE,10,13.0
137059,4,7,171,5,1,60.0,0,N,RURAL_VICTORIA,ROAD,10,17.0
137060,1,0,110,1,1,60.0,0,I,MELB_URBAN,ROAD,10,10.0
137061,1,1,147,5,1,60.0,0,N,MELB_URBAN,ROAD,10,17.0
137062,1,1,133,5,1,60.0,0,N,MELB_URBAN,ROAD,7,14.0
137063,3,1,167,5,1,100.0,0,N,RURAL_VICTORIA,ROAD,10,11.0
137064,1,1,99,1,1,60.0,0,I,MELB_URBAN,ROAD,10,12.0
137065,3,7,167,5,3,80.0,0,N,SMALL_CITIES,OTHER,10,21.0
137066,6,1,174,5,1,60.0,0,N,RURAL_VICTORIA,STREET,10,13.0
137067,4,6,171,5,5,100.0,0,N,RURAL_VICTORIA,ROAD,10,21.0
137068,1,1,110,1,1,40.0,0,I,MELB_URBAN,STREET,10,16.0
137069,1,3,121,5,1,60.0,0,N,MELB_URBAN,ROAD,10,14.0
137070,4,1,171,5,1,100.0,0,N,RURAL_VICTORIA,ROAD,10,15.0
137071,1,1,147,5,1,80.0,0,I,MELB_URBAN,HIGHWAY,10,15.0
137072,1,0,110,1,1,60.0,0,I,MELB_URBAN,ROAD,10,15.0
137073,1,1,99,2,1,50.0,0,N,MELB_URBAN,DRIVE,10,14.0
137074,1,1,99,5,1,40.0,0,N,MELB_URBAN,ROAD,10,19.0
137075,1,1,120,2,3,70.0,0,I,MELB_URBAN,ROAD,10,20.0
137076,4,1,99,2,2,60.0,0,I,TOWNS,STREET,10,20.0
137077,4,1,171,5,5,100.0,0,N,RURAL_VICTORIA,HIGHWAY,10,3.0
137078,2,3,100,1,1,60.0,0,I,LARGE_PROVINCIAL_CITIES,STREET,10,12.0
137079,1,2,147,5,3,50.0,0,N,SMALL_CITIES,DRIVE,10,6.0
137080,1,1,113,1,3,80.0,0,I,MELB_URBAN,ROAD,10,20.0
137081,4,2,173,5,1,100.0,0,N,RURAL_VICTORIA,ROAD,10,8.0
137082,1,5,110,1,1,60.0,0,N,MELB_URBAN,ROAD,9,15.0
137083,2,2,100,1,1,70.0,0,N,MELB_URBAN,ROAD,10,10.0
137084,1,3,130,1,1,80.0,0,N,MELB_URBAN,ROAD,9,10.0
137085,1,6,99,1,1,60.0,0,I,MELB_URBAN,ROAD,10,18.0
137086,1,2,116,2,1,50.0,0,I,MELB_URBAN,DRIVE,10,9.0
137087,1,1,130,5,2,100.0,0,N,SMALL_CITIES,RAMP,10,7.0
137088,1,2,160,5,1,50.0,0,N,MELB_URBAN,ROAD,7,16.0
137089,1,2,120,5,1,60.0,0,N,MELB_URBAN,ROAD,10,10.0
137090,8,7,99,5,6,60.0,0,N,MELB_URBAN,ROAD,10,19.0
137091,6,4,184,5,1,60.0,0,N,MELB_URBAN,ROAD,9,6.0
137092,1,4,130,1,9,60.0,0,I,MELB_URBAN,ROAD,9,11.0
137093,2,2,100,5,1,70.0,0,N,MELB_URBAN,ROAD,10,12.0
137094,1,1,110,1,1,80.0,0,I,MELB_URBAN,ROAD,9,14.0
137095,1,3,113,2,1,70.0,0,I,MELB_URBAN,ROAD,10,10.0
137096,1,2,121,2,1,60.0,0,I,MELB_URBAN,ROAD,10,11.0
137097,5,7,99,5,1,60.0,0,N,MELB_URBAN,ROAD,10,10.0
137098,2,1,102,1,6,60.0,0,I,MELB_URBAN,ROAD,6,21.0
137099,1,1,111,2,1,60.0,0,I,MELB_URBAN,ROAD,10,14.0
137100,1,1,147,5,1,60.0,0,N,MELB_URBAN,ROAD,10,12.0
137101,8,2,99,5,1,50.0,0,N,TOWNS,STREET,10,17.0
137102,1,2,120,5,1,100.0,0,N,RURAL_VICTORIA,HIGHWAY,10,17.0
137103,1,2,110,1,1,60.0,0,I,MELB_URBAN,DRIVE,10,17.0
137104,1,4,130,5,1,60.0,0,N,MELB_URBAN,STREET,10,10.0
137105,1,1,111,2,1,50.0,0,I,MELB_URBAN,OTHER,10,16.0
137106,1,1,110,1,1,60.0,0,I,MELB_URBAN,STREET,10,17.0
137107,2,6,102,1,3,50.0,0,N,MELB_URBAN,OTHER,8,20.0
137108,1,2,120,5,1,80.0,0,N,RURAL_VICTORIA,ROAD,10,16.0
137109,1,2,130,5,5,80.0,0,N,MELB_URBAN,ROAD,10,20.0
137110,1,4,130,5,1,60.0,0,N,MELB_URBAN,ROAD,9,8.0
137111,1,2,113,2,9,60.0,0,I,MELB_URBAN,ROAD,9,7.0
137112,1,1,99,5,1,60.0,0,N,MELB_URBAN,STREET,10,13.0
137113,1,5,121,2,1,80.0,0,I,MELB_URBAN,ROAD,9,10.0
137114,2,7,100,1,1,50.0,0,I,MELB_URBAN,ROAD,9,12.0
137115,1,3,160,5,1,50.0,0,N,MELB_URBAN,ROAD,10,7.0
137116,1,3,111,1,2,60.0,0,I,MELB_URBAN,HIGHWAY,10,7.0
137117,6,5,99,6,1,50.0,0,N,SMALL_CITIES,STREET,10,16.0
137118,1,2,110,1,1,60.0,0,I,SMALL_CITIES,ROAD,10,8.0
137119,1,3,113,2,1,60.0,0,I,MELB_URBAN,DRIVE,10,7.0
137120,1,2,121,2,2,60.0,0,I,MELB_URBAN,ROAD,10,7.0
137121,1,5,130,1,2,60.0,0,I,MELB_URBAN,STREET,8,16.0
137122,1,3,110,1,1,50.0,0,I,MELB_URBAN,AVENUE,10,9.0
137123,1,2,99,2,1,60.0,0,I,MELB_URBAN,STREET,9,15.0
137124,1,2,120,5,1,100.0,0,N,RURAL_VICTORIA,ROAD,10,5.0
137125,1,4,132,5,1,60.0,0,N,RURAL_VICTORIA,ROAD,10,9.0
137126,1,2,110,1,1,70.0,0,I,MELB_URBAN,ROAD,10,10.0
137127,1,5,121,5,2,50.0,0,N,LARGE_PROVINCIAL_CITIES,STREET,9,18.0
137128,1,2,110,1,1,50.0,0,I,SMALL_TOWNS,STREET,10,17.0
137129,1,3,160,5,1,50.0,0,N,LARGE_PROVINCIAL_CITIES,STREET,10,11.0
137130,1,3,110,1,1,60.0,0,I,MELB_URBAN,ROAD,10,13.0
137131,4,3,173,5,1,100.0,0,N,RURAL_VICTORIA,ROAD,10,12.0
137132,1,3,140,5,1,40.0,0,N,MELB_URBAN,STREET,10,12.0
137133,1,3,121,1,2,70.0,0,I,MELB_URBAN,ROAD,6,6.0
137134,1,5,130,1,9,60.0,0,I,MELB_URBAN,OTHER,10,12.0
137135,1,2,110,1,1,60.0,0,I,TOWNS,AVENUE,10,15.0
137136,1,6,132,1,1,50.0,0,N,MELB_URBAN,ROAD,9,12.0
137137,1,6,113,2,1,50.0,0,I,SMALL_CITIES,AVENUE,10,13.0
137138,1,2,99,2,1,50.0,0,N,MELB_URBAN,DRIVE,10,18.0
137139,4,2,173,5,1,110.0,0,N,RURAL_VICTORIA,FREEWAY,10,16.0
137140,4,3,99,2,2,50.0,0,I,MELB_URBAN,ROAD,10,18.0
137141,1,1,110,1,2,60.0,0,I,MELB_URBAN,STREET,10,18.0
137142,1,2,130,5,5,80.0,0,N,RURAL_VICTORIA,ROAD,10,5.0
137143,4,4,183,5,3,50.0,0,N,SMALL_CITIES,DRIVE,10,0.0
137144,4,3,171,5,1,80.0,0,N,RURAL_VICTORIA,ROAD,10,13.0
137145,1,3,130,5,1,80.0,0,N,MELB_URBAN,HIGHWAY,10,6.0
137146,1,4,121,4,1,60.0,0,I,SMALL_CITIES,OTHER,8,15.0
137147,4,3,183,5,5,80.0,0,N,RURAL_VICTORIA,ROAD,10,20.0
137148,1,4,132,5,1,80.0,0,N,RURAL_VICTORIA,ROAD,10,7.0
137149,1,3,110,1,1,50.0,0,I,TOWNS,STREET,10,8.0
137150,6,5,170,5,5,80.0,0,N,RURAL_VICTORIA,ROAD,8,19.0
137151,1,4,110,1,1,80.0,0,N,MELB_URBAN,STREET,10,10.0
137152,1,3,111,2,1,40.0,0,I,MELB_URBAN,AVENUE,9,14.0
137153,8,2,174,2,1,40.0,0,I,MELB_URBAN,STREET,10,12.0
137154,1,2,130,5,1,60.0,0,N,MELB_URBAN,ROAD,10,16.0
137155,4,3,171,2,1,50.0,0,I,MELB_URBAN,ROAD,10,11.0
137156,1,4,121,2,1,60.0,0,I,MELB_URBAN,HIGHWAY,10,10.0
137157,1,6,121,1,2,50.0,0,I,MELB_URBAN,ROAD,10,19.0
137158,1,4,163,5,1,60.0,0,N,MELB_URBAN,STREET,10,9.0
137159,1,3,99,5,9,50.0,0,N,MELB_URBAN,ROAD,10,9.0
137160,1,4,130,5,1,60.0,0,N,MELB_URBAN,ROAD,9,12.0
137161,1,0,130,5,1,60.0,0,N,MELB_URBAN,ROAD,10,17.0
137162,1,4,160,5,1,60.0,0,N,SMALL_CITIES,STREET,10,16.0
137163,1,4,130,5,1,60.0,0,N,SMALL_CITIES,ROAD,10,16.0
137164,1,4,121,1,9,60.0,0,I,MELB_URBAN,ROAD,10,15.0
137165,2,4,99,5,1,50.0,1,N,SMALL_CITIES,OTHER,10,15.0
137166,1,2,121,2,1,80.0,0,I,MELB_URBAN,ROAD,10,10.0
137167,1,3,121,1,1,60.0,0,I,MELB_URBAN,AVENUE,10,16.0
137168,1,3,116,2,1,60.0,0,I,MELB_URBAN,STREET,10,16.0
137169,4,3,171,5,1,70.0,0,N,MELB_URBAN,STREET,10,14.0
137170,1,6,121,1,1,60.0,0,N,MELB_URBAN,ROAD,6,13.0
137171,1,4,110,1,1,40.0,0,I,SMALL_CITIES,BOULEVARD,10,15.0
137172,1,4,130,5,1,60.0,0,N,MELB_URBAN,STREET,10,18.0
137173,1,4,147,5,1,70.0,0,N,MELB_URBAN,ROAD,10,19.0
137174,2,4,100,1,1,80.0,0,I,MELB_URBAN,ROAD,10,17.0
137175,1,4,130,5,3,60.0,0,N,MELB_URBAN,RAMP,10,20.0
137176,4,5,173,5,3,100.0,0,N,MELB_URBAN,FREEWAY,10,0.0
137177,2,4,99,1,5,100.0,1,I,RURAL_VICTORIA,ROAD,10,21.0