,accident_type,day_of_week,dca_code,road_geometry,light_condition,speed_zone,severity,node_type,deg_urban_name,road_type,month,hour
137178,4,3,181,5,5,100.0,0,N,RURAL_VICTORIA,HIGHWAY,10,20.0
137179,4,4,183,5,5,100.0,0,N,RURAL_VICTORIA,ROAD,10,20.0
137180,1,5,130,2,3,60.0,0,N,MELB_URBAN,ROAD,10,0.0
137181,4,2,181,5,1,100.0,0,N,RURAL_VICTORIA,ROAD,10,9.0
137182,1,4,160,5,5,50.0,0,N,MELB_URBAN,BOULEVARD,10,3.0
137183,8,2,174,5,1,60.0,0,N,RURAL_VICTORIA,ROAD,10,13.0
137184,1,5,121,2,1,70.0,0,I,LARGE_PROVINCIAL_CITIES,HIGHWAY,10,6.0
137185,6,4,170,5,5,100.0,0,N,RURAL_VICTORIA,ROAD,10,2.0
137186,1,3,99,2,1,80.0,0,N,RURAL_VICTORIA,ROAD,10,6.0
137187,2,5,100,1,1,50.0,0,I,MELB_URBAN,STREET,10,11.0
137188,1,3,130,5,1,80.0,0,N,MELB_URBAN,ROAD,10,16.0
137189,4,3,181,5,1,60.0,0,N,MELB_URBAN,ROAD,9,8.0
137190,1,5,173,5,1,80.0,0,N,MELB_URBAN,FREEWAY,10,8.0
137191,1,3,130,5,3,60.0,0,N,MELB_URBAN,ROAD,9,20.0
137192,5,3,99,5,5,50.0,0,N,MELB_URBAN,OTHER,10,23.0
137193,1,5,160,5,1,50.0,0,N,RURAL_VICTORIA,STREET,10,7.0
137194,2,5,99,5,1,60.0,0,N,SMALL_TOWNS,ROAD,10,8.0
137195,1,4,120,5,1,60.0,0,N,MELB_URBAN,ROAD,10,12.0
137196,6,5,174,5,1,40.0,0,N,MELB_URBAN,STREET,10,12.0
137197,1,2,133,5,1,100.0,0,N,RURAL_VICTORIA,FREEWAY,10,8.0
137198,1,4,130,2,1,60.0,0,I,MELB_URBAN,ROAD,10,14.0
137199,1,4,120,5,1,50.0,0,N,MELB_URBAN,OTHER,10,15.0
137200,1,5,99,5,1,50.0,0,N,MELB_URBAN,BOULEVARD,10,10.0
137201,1,5,130,5,1,80.0,0,N,RURAL_VICTORIA,ROAD,10,14.0
137202,1,5,130,5,1,60.0,0,N,MELB_URBAN,ROAD,10,14.0
137203,1,4,130,5,1,100.0,0,N,MELB_URBAN,FREEWAY,10,17.0
137204,1,5,120,5,1,70.0,0,N,RURAL_VICTORIA,ROAD,10,17.0
137205,1,4,110,1,1,80.0,0,I,RURAL_VICTORIA,STREET,10,17.0
137206,1,1,130,5,2,80.0,0,N,MELB_URBAN,ROAD,10,7.0
137207,1,5,130,5,1,60.0,0,N,MELB_URBAN,STREET,10,16.0
137208,1,5,163,5,1,60.0,0,N,MELB_URBAN,ROAD,10,17.0
137209,1,4,99,5,2,50.0,0,N,MELB_URBAN,ROAD,10,18.0
137210,8,5,99,5,1,50.0,0,N,MELB_URBAN,STREET,8,8.0
137211,1,5,130,5,1,100.0,0,N,RURAL_VICTORIA,ROAD,10,16.0
137212,1,4,130,5,1,80.0,0,N,MELB_URBAN,FREEWAY,10,16.0
137213,1,5,121,2,1,80.0,0,I,SMALL_CITIES,ROAD,10,15.0
137214,1,4,160,5,6,50.0,0,N,MELB_URBAN,ROAD,10,23.0
137215,1,1,121,2,1,60.0,0,I,LARGE_PROVINCIAL_CITIES,DRIVE,6,15.0
137216,1,5,99,5,1,50.0,0,N,MELB_URBAN,OTHER,10,8.0
137217,1,6,116,2,2,60.0,0,I,LARGE_PROVINCIAL_CITIES,ROAD,10,6.0
137218,3,3,167,5,5,100.0,0,N,RURAL_VICTORIA,ROAD,9,1.0
137219,1,6,130,5,1,80.0,0,N,MELB_URBAN,ROAD,10,9.0
137220,1,6,130,5,1,50.0,0,N,SMALL_CITIES,STREET,7,11.0
137221,1,6,160,2,1,50.0,0,N,LARGE_PROVINCIAL_CITIES,ROAD,10,10.0
137222,1,4,121,1,1,60.0,0,I,MELB_URBAN,ROAD,10,17.0
137223,1,4,130,5,1,60.0,0,N,MELB_URBAN,ROAD,10,15.0
137224,1,2,99,5,1,50.0,0,N,MELB_URBAN,ROAD,10,13.0
137225,1,6,121,2,1,60.0,0,I,SMALL_CITIES,ROAD,10,12.0
137226,1,6,110,4,1,70.0,0,I,MELB_URBAN,ROAD,10,13.0
137227,1,4,113,2,3,50.0,0,I,MELB_URBAN,OTHER,10,20.0
137228,1,6,130,1,9,60.0,0,I,MELB_URBAN,ROAD,10,12.0
137229,2,6,99,5,1,50.0,0,N,MELB_URBAN,ROAD,10,13.0
137230,1,6,121,5,1,80.0,0,N,RURAL_VICTORIA,ROAD,10,9.0
137231,1,4,130,2,1,60.0,0,I,MELB_URBAN,STREET,10,15.0
137232,1,6,121,2,1,50.0,0,I,LARGE_PROVINCIAL_CITIES,STREET,10,11.0
137233,2,5,102,1,1,50.0,0,I,SMALL_CITIES,STREET,10,15.0
137234,2,6,99,5,1,60.0,0,N,MELB_URBAN,ROAD,10,9.0
137235,1,4,113,2,9,40.0,0,I,MELB_URBAN,ROAD,8,15.0
137236,1,3,147,5,1,60.0,0,N,MELB_URBAN,STREET,10,9.0
137237,8,5,170,5,1,60.0,0,N,LARGE_PROVINCIAL_CITIES,OTHER,10,15.0
137238,1,2,130,2,1,60.0,0,N,MELB_URBAN,ROAD,10,16.0
137239,4,6,171,5,1,100.0,0,N,RURAL_VICTORIA,ROAD,10,15.0
137240,1,6,120,5,1,80.0,0,N,RURAL_VICTORIA,ROAD,10,15.0
137241,1,6,113,2,1,40.0,0,I,MELB_URBAN,ROAD,10,17.0
137242,2,3,100,5,6,60.0,0,N,MELB_URBAN,AVENUE,3,2.0
137243,1,6,133,5,9,60.0,0,N,MELB_URBAN,ROAD,10,7.0
137244,1,6,110,1,3,60.0,0,I,SMALL_CITIES,ROAD,10,19.0
137245,1,6,99,2,1,40.0,0,I,MELB_URBAN,UNKNOWN,10,14.0
137246,1,6,113,2,3,60.0,0,I,MELB_URBAN,ROAD,10,19.0
137247,1,6,130,5,2,100.0,0,N,MELB_URBAN,FREEWAY,10,18.0
137248,4,5,181,2,3,50.0,0,I,MELB_URBAN,BOULEVARD,10,21.0
137249,1,7,147,5,1,60.0,0,N,MELB_URBAN,PARADE,10,12.0
137250,1,7,130,5,1,60.0,0,N,MELB_URBAN,OTHER,10,14.0
137251,1,2,110,1,3,60.0,0,N,MELB_URBAN,ROAD,8,5.0
137252,6,3,174,2,1,50.0,0,I,RURAL_VICTORIA,ROAD,9,17.0
137253,4,3,183,5,1,60.0,0,N,RURAL_VICTORIA,ROAD,9,9.0
137254,1,7,121,5,1,60.0,0,N,SMALL_CITIES,ROAD,10,12.0
137255,1,6,130,5,1,50.0,0,N,TOWNS,OTHER,10,12.0
137256,1,4,130,2,1,50.0,0,I,TOWNS,ROAD,10,14.0
137257,1,7,140,5,1,50.0,0,N,MELB_URBAN,ROAD,10,11.0
137258,2,6,99,5,1,60.0,0,N,MELB_URBAN,STREET,10,11.0
137259,4,7,171,5,1,60.0,0,N,SMALL_CITIES,STREET,10,13.0
137260,1,7,160,5,1,50.0,0,N,MELB_URBAN,STREET,10,13.0
137261,1,5,140,5,1,60.0,0,N,MELB_URBAN,DRIVE,10,11.0
137262,4,7,99,5,1,60.0,0,N,RURAL_VICTORIA,OTHER,10,12.0
137263,1,5,130,5,2,60.0,0,N,MELB_URBAN,STREET,10,6.0
137264,1,7,99,2,1,50.0,0,N,MELB_URBAN,ROAD,10,16.0
137265,1,6,99,2,1,60.0,0,I,MELB_URBAN,ROAD,9,17.0
137266,1,7,121,1,1,60.0,0,I,MELB_URBAN,STREET,10,17.0
137267,1,7,110,1,3,60.0,0,I,LARGE_PROVINCIAL_CITIES,STREET,10,20.0
137268,7,7,99,5,5,100.0,0,N,RURAL_VICTORIA,ROAD,10,23.0
137269,1,0,171,5,3,60.0,0,N,MELB_URBAN,ROAD,10,1.0
137270,8,4,99,5,2,50.0,0,N,MELB_URBAN,STREET,10,17.0
137271,4,1,183,5,5,100.0,0,N,RURAL_VICTORIA,OTHER,10,5.0
137272,5,1,99,5,1,60.0,0,N,MELB_URBAN,STREET,10,10.0
137273,1,1,130,5,1,50.0,0,N,MELB_URBAN,ROAD,10,10.0
137274,4,1,171,5,1,60.0,0,N,MELB_URBAN,DRIVE,10,10.0
137275,8,1,170,5,1,100.0,0,N,RURAL_VICTORIA,ROAD,10,8.0
137276,1,1,99,2,1,60.0,0,I,MELB_URBAN,PARADE,10,10.0
137277,8,1,99,5,6,50.0,0,N,MELB_URBAN,BOULEVARD,10,20.0
137278,4,1,183,5,1,60.0,0,N,MELB_URBAN,ROAD,10,12.0
137279,4,1,171,5,1,50.0,0,N,MELB_URBAN,AVENUE,10,14.0
137280,4,0,183,5,1,100.0,0,N,RURAL_VICTORIA,ROAD,10,13.0
137281,1,1,147,5,1,60.0,0,N,MELB_URBAN,AVENUE,10,14.0
137282,4,1,171,5,1,60.0,0,N,MELB_URBAN,ROAD,10,14.0
137283,4,6,171,5,3,50.0,0,N,SMALL_TOWNS,OTHER,10,22.0
137284,1,1,121,2,1,80.0,0,I,MELB_URBAN,ROAD,10,16.0
137285,1,0,110,1,1,60.0,0,I,MELB_URBAN,STREET,10,19.0
137286,2,1,99,5,1,50.0,0,N,TOWNS,STREET,10,18.0
137287,1,0,130,2,1,80.0,0,I,MELB_URBAN,ROAD,10,18.0
137288,4,1,171,5,1,60.0,0,N,MELB_URBAN,BOULEVARD,10,18.0
137289,4,1,173,5,1,60.0,0,N,MELB_URBAN,ROAD,10,18.0
137290,1,1,120,5,1,100.0,0,N,RURAL_VICTORIA,ROAD,10,14.0
137291,1,7,121,2,1,60.0,0,I,MELB_URBAN,ROAD,10,16.0
137292,1,0,99,5,1,50.0,0,N,SMALL_CITIES,OTHER,10,16.0
137293,1,1,99,2,1,50.0,0,I,MELB_URBAN,STREET,10,16.0
137294,1,6,121,1,1,60.0,0,N,MELB_URBAN,ROAD,10,16.0
137295,1,0,160,5,3,60.0,0,N,LARGE_PROVINCIAL_CITIES,ROAD,10,23.0
137296,1,2,120,5,1,60.0,0,N,MELB_URBAN,ROAD,10,6.0
137297,1,2,121,1,1,80.0,0,I,MELB_URBAN,ROAD,10,6.0
137298,2,1,100,5,3,70.0,0,N,LARGE_PROVINCIAL_CITIES,OTHER,10,5.0
137299,2,4,99,5,3,40.0,0,N,MELB_URBAN,STREET,3,20.0
137300,8,1,99,1,1,100.0,0,I,RURAL_VICTORIA,ROAD,10,17.0
137301,3,1,167,5,9,60.0,0,N,SMALL_CITIES,UNKNOWN,10,17.0
137302,1,5,130,5,5,100.0,0,N,MELB_URBAN,ROAD,6,17.0
137303,2,2,102,1,1,60.0,0,N,LARGE_PROVINCIAL_CITIES,STREET,10,10.0
137304,1,1,130,5,9,60.0,0,N,MELB_URBAN,FREEWAY,5,15.0
137305,1,2,113,2,1,60.0,0,I,MELB_URBAN,AVENUE,10,10.0
137306,1,1,121,2,1,70.0,0,I,MELB_URBAN,ROAD,10,7.0
137307,4,6,99,2,1,60.0,0,I,MELB_URBAN,BOULEVARD,10,13.0
137308,1,1,99,5,1,50.0,0,N,MELB_URBAN,UNKNOWN,10,11.0
137309,6,1,174,5,3,50.0,0,N,SMALL_CITIES,ROAD,10,21.0
137310,1,2,110,1,1,50.0,0,I,SMALL_CITIES,STREET,10,12.0
137311,1,1,99,5,1,50.0,0,N,MELB_URBAN,ROAD,10,12.0
137312,4,1,171,5,1,80.0,0,N,RURAL_VICTORIA,ROAD,10,13.0
137313,1,5,110,1,3,60.0,0,I,MELB_URBAN,ROAD,7,22.0
137314,6,7,99,5,1,100.0,0,N,RURAL_VICTORIA,ROAD,10,16.0
137315,1,1,132,2,1,60.0,0,I,LARGE_PROVINCIAL_CITIES,ROAD,10,9.0
137316,6,1,170,5,1,100.0,0,N,RURAL_VICTORIA,HIGHWAY,10,14.0
137317,7,0,99,5,1,60.0,0,N,RURAL_VICTORIA,ROAD,10,14.0
137318,1,6,116,2,2,60.0,0,I,LARGE_PROVINCIAL_CITIES,ROAD,10,18.0
137319,1,2,130,5,9,60.0,0,N,MELB_URBAN,ROAD,10,15.0
137320,1,2,99,2,1,50.0,0,I,MELB_URBAN,STREET,10,17.0
137321,1,6,121,1,1,60.0,0,I,MELB_URBAN,STREET,2,17.0
137322,8,4,174,5,1,40.0,0,N,MELB_URBAN,ROAD,10,10.0
137323,1,2,111,1,1,60.0,0,I,MELB_URBAN,ROAD,10,13.0
137324,1,2,134,5,2,80.0,0,N,MELB_URBAN,FREEWAY,10,19.0
137325,1,2,130,5,1,60.0,0,N,MELB_URBAN,STREET,9,9.0
137326,4,2,173,5,5,80.0,0,N,RURAL_VICTORIA,ROAD,10,4.0
137327,4,2,181,5,5,100.0,0,N,MELB_URBAN,ROAD,10,20.0
137328,1,2,110,1,3,60.0,0,I,MELB_URBAN,STREET,10,22.0
137329,4,2,173,5,5,110.0,0,N,RURAL_VICTORIA,HIGHWAY,10,22.0
137330,1,1,121,1,3,60.0,0,I,RURAL_VICTORIA,ROAD,10,20.0
137331,1,3,130,1,1,60.0,0,I,RURAL_VICTORIA,HIGHWAY,10,17.0
137332,2,6,99,5,1,100.0,0,N,RURAL_VICTORIA,ROAD,10,16.0
137333,4,3,181,5,2,110.0,0,N,RURAL_VICTORIA,FREEWAY,10,5.0
137334,1,3,111,1,2,60.0,0,I,LARGE_PROVINCIAL_CITIES,STREET,10,5.0
137335,1,1,132,1,1,60.0,0,N,MELB_URBAN,STREET,9,9.0
137336,1,3,120,5,1,70.0,0,N,MELB_URBAN,ROAD,10,7.0
137337,1,4,130,5,1,60.0,0,N,MELB_URBAN,RAMP,10,10.0
137338,1,4,130,5,3,60.0,0,N,MELB_URBAN,ROAD,7,6.0
137339,1,2,110,1,1,100.0,0,I,RURAL_VICTORIA,ROAD,10,6.0
137340,6,7,174,5,1,80.0,0,N,RURAL_VICTORIA,ROAD,10,15.0
137341,2,1,99,5,1,60.0,0,N,MELB_URBAN,ROAD,10,14.0
137342,1,5,133,1,1,60.0,0,I,MELB_URBAN,ROAD,10,14.0
137343,2,2,100,5,1,30.0,0,N,MELBOURNE_CBD,STREET,10,8.0
137344,3,5,167,5,5,100.0,0,N,RURAL_VICTORIA,ROAD,10,21.0
137345,1,3,130,2,1,80.0,0,I,RURAL_VICTORIA,ROAD,10,9.0
137346,1,3,121,2,1,80.0,0,I,MELB_URBAN,ROAD,10,12.0
137347,5,7,99,5,5,80.0,0,N,RURAL_VICTORIA,ROAD,10,5.0
137348,1,7,130,2,9,60.0,0,I,MELB_URBAN,ROAD,9,16.0
137349,1,2,135,5,1,80.0,0,N,MELB_URBAN,FREEWAY,10,13.0
137350,1,3,113,2,2,60.0,0,I,MELB_URBAN,ROAD,9,18.0
137351,1,0,110,1,3,60.0,0,I,MELB_URBAN,PARADE,10,20.0
137352,6,1,174,5,1,80.0,0,N,RURAL_VICTORIA,ROAD,10,14.0
137353,4,6,99,5,3,40.0,0,N,MELB_URBAN,STREET,10,20.0
137354,1,3,99,5,1,60.0,0,N,MELB_URBAN,ROAD,10,16.0
137355,1,3,130,5,1,80.0,0,N,SMALL_CITIES,HIGHWAY,10,16.0
137356,1,2,113,2,1,60.0,0,I,MELB_URBAN,ROAD,10,14.0
137357,1,3,147,5,1,60.0,0,N,MELB_URBAN,ROAD,10,17.0
137358,2,7,99,5,3,50.0,0,N,TOWNS,STREET,11,0.0
137359,1,3,110,1,1,60.0,0,I,MELB_URBAN,STREET,10,18.0
137360,1,2,160,5,1,50.0,0,N,MELB_URBAN,OTHER,9,15.0
137361,2,3,100,5,9,50.0,0,N,MELB_URBAN,AVENUE,10,13.0
137362,6,1,99,5,1,60.0,0,N,RURAL_VICTORIA,ROAD,9,9.0
137363,2,3,100,5,1,60.0,0,N,MELB_URBAN,ROAD,10,19.0
137364,1,3,135,5,3,70.0,0,N,MELB_URBAN,ROAD,10,19.0
137365,1,2,113,2,1,60.0,0,I,MELB_URBAN,STREET,10,14.0
137366,4,2,171,5,1,100.0,0,N,RURAL_VICTORIA,ROAD,10,16.0
137367,2,3,99,5,3,60.0,0,N,MELB_URBAN,ROAD,10,21.0
137368,1,3,130,5,3,40.0,0,N,MELB_URBAN,ROAD,10,2.0
137369,1,4,111,2,1,80.0,0,N,MELB_URBAN,STREET,10,6.0
137370,1,4,110,1,1,50.0,0,I,MELB_URBAN,ROAD,10,8.0
137371,1,4,116,2,1,60.0,0,I,MELB_URBAN,ROAD,10,8.0
137372,6,6,184,2,1,80.0,0,I,RURAL_VICTORIA,OTHER,10,13.0
137373,1,4,99,2,1,60.0,0,I,MELB_URBAN,STREET,10,6.0
137374,1,3,99,2,2,50.0,0,I,MELB_URBAN,STREET,10,6.0
137375,1,5,130,5,1,60.0,0,N,MELB_URBAN,ROAD,4,12.0
137376,1,4,160,5,1,50.0,0,N,SMALL_CITIES,STREET,10,11.0
137377,1,3,121,1,1,50.0,0,I,MELB_URBAN,STREET,10,10.0
137378,1,3,147,5,1,60.0,0,N,MELB_URBAN,ROAD,10,15.0
137379,4,4,181,5,1,100.0,0,N,RURAL_VICTORIA,FREEWAY,10,13.0
137380,1,2,121,2,9,60.0,0,I,MELB_URBAN,STREET,10,18.0
137381,1,4,140,5,1,60.0,0,N,TOWNS,ROAD,9,16.0
137382,2,4,99,5,1,60.0,0,N,MELB_URBAN,ROAD,10,14.0
137383,2,4,100,5,1,50.0,0,N,MELB_URBAN,STREET,10,14.0
137384,1,4,99,5,1,50.0,0,N,MELB_URBAN,STREET,10,14.0
137385,4,4,173,5,1,100.0,0,N,RURAL_VICTORIA,ROAD,10,14.0
137386,4,3,181,5,1,80.0,0,N,RURAL_VICTORIA,ROAD,10,14.0
137387,8,7,174,5,3,50.0,0,N,MELB_URBAN,STREET,10,22.0
137388,1,4,130,2,1,60.0,0,I,LARGE_PROVINCIAL_CITIES,STREET,10,16.0
137389,1,4,130,5,1,60.0,0,N,MELB_URBAN,ROAD,10,13.0
137390,1,4,113,2,1,100.0,0,I,RURAL_VICTORIA,ROAD,10,15.0
137391,8,6,174,5,1,40.0,0,N,MELB_URBAN,DRIVE,8,9.0
137392,1,4,110,1,1,60.0,0,I,MELB_URBAN,AVENUE,10,17.0
137393,4,4,171,5,1,60.0,0,N,MELB_URBAN,ROAD,10,17.0
137394,1,4,111,2,1,70.0,0,I,MELB_URBAN,ROAD,10,17.0
137395,1,3,110,1,1,60.0,0,I,LARGE_PROVINCIAL_CITIES,ROAD,10,17.0
137396,1,4,134,5,1,100.0,0,N,MELB_URBAN,ROAD,10,18.0
137397,1,4,120,5,5,50.0,0,N,LARGE_PROVINCIAL_CITIES,ROAD,10,19.0
137398,1,3,110,1,3,80.0,0,I,MELB_URBAN,ROAD,10,23.0
137399,1,5,147,5,1,40.0,0,N,MELB_URBAN,STREET,10,13.0
137400,1,4,130,5,3,80.0,0,I,MELB_URBAN,FREEWAY,10,4.0
137401,1,5,99,2,3,50.0,0,I,MELB_URBAN,ROAD,10,4.0
137402,1,2,140,5,1,60.0,0,N,MELB_URBAN,ROAD,10,11.0
137403,1,5,121,1,1,60.0,0,I,MELB_URBAN,HIGHWAY,10,6.0
137404,4,4,99,2,5,100.0,0,I,RURAL_VICTORIA,ROAD,10,5.0
137405,1,6,110,1,1,70.0,0,I,SMALL_CITIES,ROAD,10,11.0
137406,1,5,147,5,1,80.0,0,I,MELB_URBAN,HIGHWAY,9,16.0
137407,1,2,160,5,1,60.0,0,N,MELB_URBAN,ROAD,9,10.0
137408,1,5,121,2,1,60.0,0,N,SMALL_CITIES,ROAD,10,9.0
137409,1,5,130,5,9,80.0,0,N,MELB_URBAN,FREEWAY,7,16.0
137410,1,1,121,1,1,50.0,0,I,MELB_URBAN,PARADE,8,16.0
137411,8,5,174,3,1,100.0,0,I,RURAL_VICTORIA,ROAD,10,11.0
137412,1,6,130,5,9,80.0,0,N,MELB_URBAN,ROAD,10,14.0
137413,1,5,99,5,1,40.0,0,N,MELB_URBAN,ROAD,10,9.0
137414,1,5,130,5,1,60.0,0,N,MELB_URBAN,ROAD,10,11.0
137415,1,4,99,1,1,60.0,0,N,MELB_URBAN,PARADE,10,15.0
137416,4,5,171,5,1,60.0,1,N,RURAL_VICTORIA,STREET,10,10.0
137417,1,5,99,5,1,50.0,0,N,MELB_URBAN,ROAD,10,12.0
137418,1,4,173,5,1,100.0,0,N,RURAL_VICTORIA,ROAD,10,7.0
137419,1,5,120,2,5,60.0,1,N,LARGE_PROVINCIAL_CITIES,STREET,10,5.0
137420,1,5,121,2,1,60.0,0,I,MELB_URBAN,ROAD,10,13.0
137421,1,3,110,1,1,50.0,0,I,MELB_URBAN,ROAD,3,14.0
137422,4,5,181,5,1,30.0,0,N,RURAL_VICTORIA,ROAD,10,11.0
137423,1,5,110,1,1,50.0,0,I,LARGE_PROVINCIAL_CITIES,AVENUE,10,13.0
137424,1,5,110,1,1,80.0,0,I,MELB_URBAN,ROAD,10,8.0
137425,1,4,99,2,1,50.0,0,I,MELB_URBAN,PARADE,10,14.0
137426,4,7,99,9,1,30.0,0,N,RURAL_VICTORIA,DRIVE,9,12.0
137427,4,6,173,5,2,40.0,0,N,MELB_URBAN,STREET,10,18.0
137428,8,7,174,2,1,60.0,0,I,SMALL_TOWNS,ROAD,9,12.0
137429,1,5,99,5,1,60.0,0,N,MELB_URBAN,ROAD,10,11.0
137430,1,5,121,1,2,60.0,0,I,MELB_URBAN,ROAD,10,5.0
137431,1,5,140,5,1,60.0,0,N,SMALL_TOWNS,STREET,10,8.0
137432,1,4,99,5,1,50.0,0,N,MELB_URBAN,DRIVE,10,17.0
137433,1,6,130,1,1,100.0,0,N,RURAL_VICTORIA,ROAD,10,13.0
137434,1,3,121,2,1,80.0,0,N,MELB_URBAN,DRIVE,10,15.0
137435,4,5,173,5,1,100.0,1,N,RURAL_VICTORIA,HIGHWAY,10,14.0
137436,2,5,100,5,1,60.0,0,N,MELB_URBAN,UNKNOWN,10,17.0
137437,1,4,113,2,1,50.0,0,N,MELB_URBAN,STREET,10,17.0
137438,1,5,135,5,1,60.0,0,N,MELB_URBAN,STREET,10,17.0
137439,1,5,121,2,1,60.0,0,I,MELB_URBAN,STREET,10,17.0
137440,1,5,120,5,3,50.0,0,N,RURAL_VICTORIA,BOULEVARD,10,19.0
137441,1,5,121,1,1,60.0,1,I,MELB_URBAN,ROAD,10,15.0
137442,1,5,160,5,1,50.0,0,N,MELB_URBAN,ROAD,10,17.0
137443,1,5,130,5,1,80.0,0,N,MELB_URBAN,FREEWAY,10,6.0
137444,4,4,173,5,1,50.0,0,N,MELB_URBAN,STREET,10,6.0
137445,1,6,132,1,1,50.0,0,I,SMALL_CITIES,STREET,10,8.0
137446,6,5,174,5,1,50.0,0,N,MELB_URBAN,ROAD,10,16.0
137447,1,6,121,1,1,100.0,0,N,MELB_URBAN,ROAD,10,8.0
137448,6,6,170,5,1,80.0,0,N,LARGE_PROVINCIAL_CITIES,HIGHWAY,10,8.0
137449,1,4,130,5,1,100.0,0,N,MELB_URBAN,FREEWAY,10,6.0
137450,1,6,120,5,1,100.0,0,N,RURAL_VICTORIA,ROAD,10,8.0
137451,1,5,160,2,1,40.0,0,N,MELB_URBAN,DRIVE,10,10.0
137452,1,5,130,5,1,60.0,0,N,RURAL_VICTORIA,ROAD,10,7.0
137453,1,6,147,2,1,60.0,0,I,MELB_URBAN,UNKNOWN,10,11.0
137454,1,6,160,5,1,50.0,0,N,MELB_URBAN,STREET,10,11.0
137455,1,4,99,5,1,80.0,0,N,MELB_URBAN,ROAD,10,15.0
137456,6,5,99,5,2,50.0,0,N,RURAL_VICTORIA,AVENUE,10,20.0
137457,1,6,132,2,1,50.0,0,I,LARGE_PROVINCIAL_CITIES,STREET,10,9.0
137458,1,6,99,5,1,80.0,0,N,MELB_URBAN,ROAD,10,9.0
137459,4,6,173,5,1,100.0,0,N,RURAL_VICTORIA,ROAD,10,13.0
137460,4,6,173,5,1,60.0,0,N,MELB_URBAN,ROAD,10,13.0
137461,1,4,113,2,1,50.0,0,I,MELB_URBAN,STREET,10,17.0
137462,1,5,130,5,1,60.0,0,N,RURAL_VICTORIA,HIGHWAY,10,16.0
137463,1,6,110,1,1,60.0,0,I,LARGE_PROVINCIAL_CITIES,STREET,10,13.0
137464,1,6,121,1,1,50.0,0,I,LARGE_PROVINCIAL_CITIES,STREET,10,11.0
137465,1,5,111,1,1,40.0,0,I,MELB_URBAN,STREET,10,9.0
137466,1,5,111,2,9,50.0,0,I,MELB_URBAN,STREET,10,12.0
137467,1,5,121,5,1,80.0,0,N,MELB_URBAN,HIGHWAY,10,16.0
137468,2,6,102,1,1,40.0,0,I,MELB_URBAN,STREET,10,17.0
137469,1,6,110,1,1,50.0,0,I,RURAL_VICTORIA,DRIVE,10,18.0
137470,1,6,130,5,1,80.0,0,N,RURAL_VICTORIA,HIGHWAY,10,15.0
137471,6,6,170,5,1,60.0,0,N,RURAL_VICTORIA,ROAD,10,17.0
137472,6,6,99,1,1,50.0,0,N,MELB_URBAN,BOULEVARD,10,18.0
137473,1,6,113,2,1,100.0,0,I,RURAL_VICTORIA,HIGHWAY,10,16.0
137474,1,5,147,5,1,40.0,0,N,MELB_URBAN,STREET,10,15.0
137475,1,6,130,5,1,80.0,0,N,RURAL_VICTORIA,ROAD,10,18.0
137476,4,6,181,5,1,100.0,1,N,RURAL_VICTORIA,ROAD,10,17.0
137477,1,6,116,1,3,60.0,0,I,MELB_URBAN,STREET,10,21.0
137478,1,6,121,2,3,70.0,0,I,MELB_URBAN,ROAD,10,20.0
137479,1,5,160,5,3,50.0,0,N,MELB_URBAN,OTHER,10,3.0
137480,1,6,121,1,3,60.0,0,I,MELB_URBAN,STREET,10,0.0
137481,2,6,102,1,3,40.0,0,N,MELBOURNE_CBD,STREET,10,23.0
137482,4,7,181,5,5,100.0,0,N,RURAL_VICTORIA,ROAD,10,0.0
137483,1,6,120,2,3,80.0,0,I,RURAL_VICTORIA,ROAD,10,5.0
137484,1,4,110,1,1,50.0,0,I,MELB_URBAN,OTHER,10,14.0
137485,4,6,173,5,5,100.0,0,N,RURAL_VICTORIA,ROAD,10,22.0
137486,4,6,183,5,1,100.0,0,N,RURAL_VICTORIA,HIGHWAY,10,10.0
137487,1,7,130,1,9,60.0,0,N,MELB_URBAN,ROAD,10,11.0
137488,1,7,121,2,1,60.0,0,I,MELB_URBAN,AVENUE,10,12.0
137489,2,7,100,5,1,40.0,1,N,SMALL_CITIES,AVENUE,10,13.0
137490,2,7,99,5,1,60.0,0,N,MELB_URBAN,STREET,10,12.0
137491,1,7,121,2,1,60.0,0,I,MELB_URBAN,STREET,10,13.0
137492,6,6,99,5,1,80.0,0,N,RURAL_VICTORIA,ROAD,10,12.0
137493,2,7,99,5,1,50.0,0,N,MELB_URBAN,AVENUE,10,12.0
137494,1,7,113,4,1,60.0,0,I,RURAL_VICTORIA,ROAD,10,9.0
137495,2,5,100,2,1,50.0,0,N,MELB_URBAN,STREET,10,15.0
137496,1,3,130,5,9,60.0,0,N,MELB_URBAN,ROAD,10,17.0