,accident_type,day_of_week,dca_code,road_geometry,light_condition,speed_zone,severity,node_type,deg_urban_name,road_type,month,hour
137497,1,4,134,5,1,60.0,0,I,MELB_URBAN,HIGHWAY,10,10.0
137498,6,7,174,2,1,40.0,0,N,SMALL_CITIES,OTHER,10,17.0
137499,1,7,130,5,1,50.0,0,N,MELB_URBAN,ROAD,10,17.0
137500,1,7,130,5,1,100.0,1,N,RURAL_VICTORIA,ROAD,10,9.0
137501,4,5,183,5,6,60.0,0,N,RURAL_VICTORIA,ROAD,4,23.0
137502,1,7,133,5,3,80.0,0,N,RURAL_VICTORIA,ROAD,10,20.0
137503,1,7,99,5,3,50.0,0,N,MELB_URBAN,AVENUE,10,23.0
137504,4,7,181,5,1,60.0,1,N,MELB_URBAN,ROAD,10,17.0
137505,1,0,110,1,3,60.0,0,I,MELB_URBAN,ROAD,10,1.0
137506,2,1,100,5,5,80.0,0,N,RURAL_VICTORIA,ROAD,10,0.0
137507,1,4,135,5,3,100.0,0,N,MELB_URBAN,FREEWAY,10,20.0
137508,2,6,102,5,1,50.0,0,N,MELB_URBAN,STREET,10,16.0
137509,1,0,121,1,1,60.0,0,I,MELB_URBAN,ROAD,10,8.0
137510,1,6,130,5,3,80.0,0,N,LARGE_PROVINCIAL_CITIES,ROAD,10,22.0
137511,1,6,110,1,1,60.0,0,I,MELB_URBAN,STREET,10,17.0
137512,9,5,99,2,1,60.0,0,I,RURAL_VICTORIA,ROAD,4,12.0
137513,1,6,111,2,3,40.0,0,I,MELB_URBAN,STREET,10,22.0
137514,1,5,130,5,9,60.0,0,N,SMALL_TOWNS,ROAD,10,11.0
137515,6,1,99,5,1,60.0,0,N,MELB_URBAN,ROAD,10,13.0
137516,8,1,99,5,1,80.0,0,N,RURAL_VICTORIA,ROAD,10,13.0
137517,1,0,160,5,1,50.0,0,N,LARGE_PROVINCIAL_CITIES,STREET,10,12.0
137518,1,1,116,1,1,80.0,0,I,MELB_URBAN,ROAD,10,13.0
137519,1,0,135,5,1,60.0,0,N,SMALL_CITIES,STREET,10,16.0
137520,7,1,99,1,1,60.0,0,I,MELB_URBAN,PARADE,10,15.0
137521,4,1,181,5,1,100.0,0,N,RURAL_VICTORIA,HIGHWAY,10,17.0
137522,1,6,99,1,1,60.0,0,I,MELB_URBAN,ROAD,10,10.0
137523,3,1,167,5,1,100.0,0,N,RURAL_VICTORIA,ROAD,10,16.0
137524,4,1,173,5,1,50.0,0,N,MELB_URBAN,STREET,10,18.0
137525,1,1,110,1,1,70.0,0,I,MELB_URBAN,ROAD,10,16.0
137526,1,1,121,2,3,70.0,0,I,MELB_URBAN,ROAD,10,21.0
137527,1,1,160,5,3,60.0,0,N,LARGE_PROVINCIAL_CITIES,ROAD,10,0.0
137528,1,5,130,5,2,50.0,0,N,MELB_URBAN,ROAD,10,6.0
137529,6,6,174,5,1,60.0,0,N,MELB_URBAN,STREET,10,14.0
137530,1,6,99,2,1,60.0,0,I,RURAL_VICTORIA,ROAD,9,15.0
137531,1,0,116,2,1,80.0,0,I,MELB_URBAN,ROAD,2,14.0
137532,1,5,130,5,1,60.0,0,N,MELB_URBAN,DRIVE,7,13.0
137533,8,3,174,5,1,60.0,0,N,MELB_URBAN,ROAD,10,9.0
137534,1,3,135,5,1,60.0,0,N,MELB_URBAN,STREET,10,14.0
137535,6,7,174,5,1,60.0,0,N,MELB_URBAN,ROAD,10,17.0
137536,6,1,174,2,1,100.0,0,I,RURAL_VICTORIA,ROAD,10,11.0
137537,1,1,120,2,1,70.0,0,N,RURAL_VICTORIA,ROAD,10,8.0
137538,1,6,130,2,1,60.0,0,N,MELB_URBAN,ROAD,10,15.0
137539,2,1,99,2,1,50.0,0,N,RURAL_VICTORIA,AVENUE,10,15.0
137540,1,2,99,1,1,50.0,0,I,MELB_URBAN,HIGHWAY,10,10.0
137541,2,2,100,1,1,60.0,0,I,MELB_URBAN,STREET,10,11.0
137542,8,6,170,5,9,60.0,0,N,RURAL_VICTORIA,ROAD,9,14.0
137543,1,3,121,1,2,80.0,0,I,MELB_URBAN,ROAD,10,16.0
137544,1,2,160,5,1,60.0,0,N,MELB_URBAN,ROAD,10,12.0
137545,1,2,113,2,1,80.0,0,I,MELB_URBAN,ROAD,10,10.0
137546,8,1,184,5,1,60.0,0,I,RURAL_VICTORIA,OTHER,10,10.0
137547,6,2,174,5,1,50.0,0,N,MELB_URBAN,STREET,10,10.0
137548,1,7,132,2,1,70.0,0,N,MELB_URBAN,ROAD,10,15.0
137549,1,2,110,1,1,100.0,0,I,RURAL_VICTORIA,ROAD,10,14.0
137550,1,6,121,4,3,80.0,0,I,MELB_URBAN,HIGHWAY,10,20.0
137551,2,1,99,2,1,40.0,0,I,MELBOURNE_CBD,OTHER,10,15.0
137552,8,2,99,5,1,60.0,0,N,MELB_URBAN,STREET,10,16.0
137553,8,7,174,5,9,50.0,0,N,MELB_URBAN,ROAD,8,9.0
137554,2,2,102,5,1,50.0,0,N,MELB_URBAN,STREET,10,16.0
137555,1,2,120,5,1,100.0,0,N,RURAL_VICTORIA,ROAD,10,15.0
137556,8,2,170,5,1,100.0,0,N,MELB_URBAN,FREEWAY,10,17.0
137557,1,4,130,5,1,80.0,0,N,MELB_URBAN,ROAD,10,16.0
137558,2,2,99,5,1,60.0,0,N,LARGE_PROVINCIAL_CITIES,STREET,10,14.0
137559,1,2,99,1,1,60.0,0,I,MELB_URBAN,ROAD,10,17.0
137560,1,2,99,2,1,50.0,0,I,MELB_URBAN,DRIVE,10,19.0
137561,6,2,99,5,1,50.0,0,N,RURAL_VICTORIA,OTHER,10,18.0
137562,1,7,130,5,6,60.0,0,N,RURAL_VICTORIA,STREET,10,22.0
137563,1,2,113,2,3,50.0,0,I,MELB_URBAN,ROAD,10,21.0
137564,1,2,120,5,5,60.0,0,N,RURAL_VICTORIA,ROAD,10,23.0
137565,1,7,160,5,1,40.0,0,N,MELB_URBAN,STREET,10,17.0
137566,1,1,130,5,1,60.0,0,N,MELB_URBAN,ROAD,10,15.0
137567,1,3,130,5,1,40.0,0,N,LARGE_PROVINCIAL_CITIES,STREET,10,8.0
137568,1,4,130,2,1,60.0,0,N,MELB_URBAN,ROAD,6,15.0
137569,1,2,116,2,1,60.0,0,N,MELB_URBAN,STREET,10,13.0
137570,1,2,121,1,1,70.0,0,I,MELB_URBAN,STREET,10,8.0
137571,2,4,100,4,1,40.0,0,I,MELB_URBAN,ROAD,10,10.0
137572,4,2,173,2,1,100.0,0,I,RURAL_VICTORIA,ROAD,10,8.0
137573,1,3,116,2,1,80.0,0,I,MELB_URBAN,ROAD,10,7.0
137574,1,1,130,5,1,30.0,0,N,RURAL_VICTORIA,FREEWAY,10,18.0
137575,5,2,99,5,1,110.0,0,N,RURAL_VICTORIA,FREEWAY,10,10.0
137576,6,3,174,1,1,60.0,0,N,LARGE_PROVINCIAL_CITIES,ROAD,10,6.0
137577,1,3,130,5,1,100.0,0,N,MELB_URBAN,FREEWAY,10,7.0
137578,2,2,99,5,1,50.0,0,N,MELB_URBAN,AVENUE,10,9.0
137579,1,3,111,2,1,80.0,0,I,MELB_URBAN,DRIVE,10,8.0
137580,1,3,130,2,1,80.0,0,I,RURAL_VICTORIA,HIGHWAY,10,10.0
137581,8,7,174,5,1,80.0,0,N,RURAL_VICTORIA,ROAD,10,12.0
137582,1,3,121,2,1,50.0,0,N,MELB_URBAN,STREET,10,12.0
137583,1,2,130,5,1,70.0,0,N,MELB_URBAN,ROAD,10,13.0
137584,1,3,130,3,1,60.0,0,N,TOWNS,ROAD,10,13.0
137585,1,7,110,1,1,80.0,0,I,SMALL_TOWNS,HIGHWAY,10,11.0
137586,1,1,135,5,1,100.0,0,N,MELB_URBAN,RAMP,10,15.0
137587,1,4,130,2,3,60.0,0,I,MELB_URBAN,STREET,7,5.0
137588,1,2,110,1,1,60.0,0,I,SMALL_CITIES,STREET,10,12.0
137589,1,3,110,1,1,60.0,0,I,MELB_URBAN,ROAD,10,14.0
137590,1,3,132,2,1,50.0,0,I,MELB_URBAN,ROAD,10,15.0
137591,1,3,160,5,1,60.0,0,N,MELB_URBAN,DRIVE,10,16.0
137592,1,3,130,5,1,80.0,0,N,MELB_URBAN,OTHER,10,15.0
137593,1,3,130,1,1,80.0,0,I,MELB_URBAN,HIGHWAY,10,15.0
137594,1,3,130,5,1,60.0,0,N,MELB_URBAN,ROAD,10,14.0
137595,8,3,99,5,1,80.0,0,N,RURAL_VICTORIA,ROAD,10,18.0
137596,3,4,167,5,6,60.0,0,N,MELB_URBAN,BOULEVARD,10,4.0
137597,1,3,130,1,1,60.0,0,I,MELB_URBAN,ROAD,10,14.0
137598,1,2,120,5,1,100.0,0,N,RURAL_VICTORIA,ROAD,10,13.0
137599,1,3,121,2,1,80.0,0,I,MELB_URBAN,ROAD,10,17.0
137600,1,3,111,1,3,60.0,0,I,MELB_URBAN,HIGHWAY,10,20.0
137601,1,3,120,5,1,100.0,0,N,RURAL_VICTORIA,ROAD,10,18.0
137602,1,3,160,5,3,40.0,0,N,MELB_URBAN,STREET,10,21.0
137603,2,5,100,3,1,40.0,0,N,MELB_URBAN,STREET,10,15.0
137604,4,3,171,5,2,60.0,0,N,MELB_URBAN,ROAD,10,5.0
137605,2,3,100,1,1,80.0,0,I,MELB_URBAN,ROAD,10,7.0
137606,1,4,133,2,1,40.0,0,N,MELB_URBAN,ROAD,10,8.0
137607,1,3,130,5,1,100.0,0,N,RURAL_VICTORIA,FREEWAY,10,7.0
137608,1,3,130,5,1,60.0,0,N,MELB_URBAN,ROAD,10,7.0
137609,1,3,110,1,1,40.0,0,I,MELB_URBAN,STREET,10,12.0
137610,1,4,113,1,1,60.0,0,I,LARGE_PROVINCIAL_CITIES,ROAD,10,10.0
137611,1,4,140,2,1,80.0,0,I,SMALL_CITIES,HIGHWAY,10,9.0
137612,1,3,121,1,3,60.0,0,I,LARGE_PROVINCIAL_CITIES,STREET,10,20.0
137613,1,2,130,5,1,60.0,0,N,RURAL_VICTORIA,HIGHWAY,10,15.0
137614,1,4,134,1,1,80.0,0,N,MELB_URBAN,OTHER,10,13.0
137615,1,4,130,2,1,60.0,0,I,MELB_URBAN,ROAD,10,11.0
137616,1,4,99,5,1,50.0,0,N,LARGE_PROVINCIAL_CITIES,UNKNOWN,10,10.0
137617,2,3,99,5,2,60.0,0,N,SMALL_CITIES,DRIVE,10,19.0
137618,4,4,173,2,1,40.0,0,I,MELB_URBAN,STREET,10,10.0
137619,1,2,133,5,1,60.0,0,N,MELB_URBAN,ROAD,6,9.0
137620,1,2,99,5,1,60.0,0,N,MELB_URBAN,DRIVE,10,17.0
137621,2,4,102,1,1,40.0,0,I,MELB_URBAN,ROAD,10,14.0
137622,1,3,99,2,1,60.0,0,I,MELB_URBAN,STREET,10,13.0
137623,1,2,110,1,1,60.0,0,I,MELB_URBAN,STREET,10,10.0
137624,1,3,130,5,1,80.0,0,N,MELB_URBAN,HIGHWAY,10,15.0
137625,1,6,116,1,1,80.0,0,I,MELB_URBAN,HIGHWAY,9,18.0
137626,1,4,133,5,1,80.0,0,N,MELB_URBAN,ROAD,10,13.0
137627,1,4,110,1,1,50.0,0,N,MELB_URBAN,DRIVE,10,16.0
137628,1,3,130,1,1,60.0,0,I,MELB_URBAN,ROAD,10,13.0
137629,1,5,99,2,9,40.0,0,I,MELB_URBAN,ROAD,9,12.0
137630,4,4,171,5,1,100.0,0,N,RURAL_VICTORIA,ROAD,10,15.0
137631,1,0,99,5,1,60.0,0,I,MELB_URBAN,STREET,10,16.0
137632,1,4,120,5,1,40.0,0,N,RURAL_VICTORIA,ROAD,10,18.0
137633,1,4,135,5,1,60.0,0,N,MELB_URBAN,HIGHWAY,10,14.0
137634,1,3,130,5,1,60.0,0,N,MELB_URBAN,ROAD,10,16.0
137635,8,4,99,5,3,50.0,0,N,SMALL_CITIES,OTHER,10,22.0
137636,1,7,111,1,1,60.0,0,I,SMALL_CITIES,STREET,10,13.0
137637,2,6,99,5,3,60.0,0,N,MELB_URBAN,PARADE,9,2.0
137638,4,4,171,5,3,80.0,0,N,MELB_URBAN,HIGHWAY,10,1.0
137639,1,2,133,5,1,60.0,0,N,MELB_URBAN,ROAD,10,16.0
137640,2,1,99,5,9,60.0,0,N,MELB_URBAN,ROAD,10,11.0
137641,1,4,130,5,1,80.0,0,N,MELB_URBAN,HIGHWAY,10,9.0
137642,1,5,132,2,1,60.0,0,I,MELB_URBAN,ROAD,10,8.0
137643,1,1,99,5,1,60.0,0,N,MELB_URBAN,ROAD,10,14.0
137644,1,5,120,5,1,70.0,0,N,RURAL_VICTORIA,ROAD,10,8.0
137645,1,3,121,1,1,60.0,0,I,RURAL_VICTORIA,BOULEVARD,10,16.0
137646,2,5,100,1,1,60.0,0,I,MELB_URBAN,ROAD,10,13.0
137647,1,4,130,5,1,80.0,0,N,RURAL_VICTORIA,HIGHWAY,10,12.0
137648,4,0,171,5,9,100.0,0,N,RURAL_VICTORIA,ROAD,9,15.0
137649,1,5,113,1,1,60.0,0,I,MELB_URBAN,STREET,10,12.0
137650,1,5,121,1,9,60.0,0,I,SMALL_CITIES,STREET,10,14.0
137651,1,7,113,2,1,60.0,0,I,MELB_URBAN,ROAD,6,12.0
137652,8,5,174,5,1,50.0,0,N,TOWNS,STREET,10,11.0
137653,1,4,135,5,1,100.0,1,N,MELB_URBAN,RAMP,10,11.0
137654,1,2,130,5,1,60.0,0,N,MELB_URBAN,ROAD,8,15.0
137655,8,2,170,5,9,100.0,0,N,RURAL_VICTORIA,ROAD,2,15.0
137656,1,1,110,1,1,60.0,0,I,MELB_URBAN,AVENUE,10,17.0
137657,1,5,130,5,1,70.0,0,N,MELB_URBAN,ROAD,10,16.0
137658,8,7,174,5,9,60.0,0,N,MELB_URBAN,ROAD,10,8.0
137659,1,5,130,5,1,80.0,0,N,MELB_URBAN,ROAD,10,15.0
137660,1,1,130,5,2,50.0,0,N,MELB_URBAN,ROAD,10,7.0
137661,1,2,130,5,1,100.0,0,N,MELB_URBAN,FREEWAY,10,6.0
137662,1,5,130,5,1,70.0,0,N,MELB_URBAN,ROAD,6,12.0
137663,1,4,130,2,1,60.0,0,I,MELB_URBAN,STREET,10,17.0
137664,2,4,99,5,1,60.0,0,N,MELB_URBAN,ROAD,10,7.0
137665,6,4,99,5,1,100.0,0,N,RURAL_VICTORIA,HIGHWAY,10,17.0
137666,1,5,130,5,2,60.0,0,N,MELB_URBAN,ROAD,10,17.0
137667,1,5,99,2,1,70.0,0,I,SMALL_CITIES,ROAD,10,16.0
137668,1,5,130,5,1,70.0,0,N,MELB_URBAN,ROAD,10,18.0
137669,1,5,130,5,1,60.0,0,N,RURAL_VICTORIA,ROAD,10,17.0
137670,1,4,147,5,3,60.0,0,N,MELB_URBAN,ROAD,10,20.0
137671,4,5,183,5,2,110.0,0,N,RURAL_VICTORIA,FREEWAY,10,18.0
137672,1,4,121,2,3,90.0,0,N,MELB_URBAN,ROAD,10,5.0
137673,4,5,171,5,5,80.0,0,N,RURAL_VICTORIA,ROAD,10,22.0
137674,4,4,173,5,3,80.0,0,N,MELB_URBAN,HIGHWAY,10,23.0
137675,1,5,120,5,3,60.0,0,N,MELB_URBAN,STREET,10,23.0
137676,4,5,173,5,3,80.0,0,N,MELB_URBAN,HIGHWAY,10,22.0
137677,4,4,171,1,5,100.0,0,N,RURAL_VICTORIA,HIGHWAY,10,23.0
137678,2,5,99,5,1,50.0,0,N,MELB_URBAN,OTHER,10,10.0
137679,5,6,99,5,2,60.0,0,N,RURAL_VICTORIA,ROAD,10,6.0
137680,1,3,130,1,1,80.0,0,I,MELB_URBAN,ROAD,10,6.0
137681,5,6,99,5,5,100.0,0,N,RURAL_VICTORIA,ROAD,10,5.0
137682,1,4,135,5,1,50.0,0,N,TOWNS,HIGHWAY,10,17.0
137683,4,6,99,5,1,60.0,0,N,MELB_URBAN,DRIVE,10,7.0
137684,1,5,110,1,1,50.0,0,I,SMALL_TOWNS,BOULEVARD,10,11.0
137685,1,4,130,5,1,60.0,0,N,MELB_URBAN,ROAD,10,15.0
137686,1,5,110,1,1,60.0,0,I,MELB_URBAN,STREET,10,11.0
137687,1,6,160,2,1,50.0,0,I,LARGE_PROVINCIAL_CITIES,AVENUE,10,10.0
137688,1,6,113,1,1,60.0,0,I,MELB_URBAN,ROAD,10,12.0
137689,1,6,110,1,1,60.0,0,I,MELB_URBAN,AVENUE,10,12.0
137690,8,3,174,5,2,60.0,0,N,MELB_URBAN,STREET,10,19.0
137691,1,6,132,2,1,50.0,0,I,LARGE_PROVINCIAL_CITIES,STREET,10,13.0
137692,1,6,130,5,1,70.0,0,N,MELB_URBAN,ROAD,10,14.0
137693,5,6,99,5,1,100.0,0,N,TOWNS,ROAD,10,7.0
137694,4,5,183,5,1,100.0,0,N,RURAL_VICTORIA,ROAD,10,15.0
137695,4,6,173,5,1,50.0,0,N,MELB_URBAN,STREET,10,9.0
137696,1,3,130,5,1,60.0,0,N,LARGE_PROVINCIAL_CITIES,ROAD,10,8.0
137697,4,1,171,5,1,50.0,0,N,LARGE_PROVINCIAL_CITIES,OTHER,3,9.0
137698,2,6,99,2,1,60.0,0,I,MELB_URBAN,ROAD,10,17.0
137699,1,6,116,3,1,60.0,0,I,MELB_URBAN,ROAD,10,15.0
137700,5,6,99,5,2,70.0,0,N,RURAL_VICTORIA,ROAD,10,6.0
137701,5,6,99,5,2,80.0,0,N,RURAL_VICTORIA,ROAD,10,7.0
137702,1,6,120,5,1,80.0,0,N,RURAL_VICTORIA,ROAD,10,15.0
137703,1,6,110,1,1,60.0,0,I,MELB_URBAN,ROAD,10,18.0
137704,1,6,110,1,1,60.0,0,I,MELB_URBAN,ROAD,10,16.0
137705,1,6,113,2,1,60.0,0,I,MELB_URBAN,BOULEVARD,10,18.0
137706,1,5,113,2,1,80.0,0,I,MELB_URBAN,ROAD,10,16.0
137707,3,6,167,5,5,80.0,0,N,RURAL_VICTORIA,ROAD,10,22.0
137708,1,6,140,5,1,50.0,0,N,MELB_URBAN,ROAD,10,17.0
137709,1,6,113,4,1,100.0,1,I,RURAL_VICTORIA,RAMP,10,17.0
137710,2,4,100,5,3,50.0,0,N,TOWNS,HIGHWAY,10,20.0
137711,2,7,102,3,3,50.0,0,N,MELB_URBAN,STREET,10,1.0
137712,6,7,99,5,5,80.0,0,N,MELB_URBAN,HIGHWAY,10,0.0
137713,4,7,173,5,1,60.0,0,N,LARGE_PROVINCIAL_CITIES,ROAD,10,7.0
137714,4,7,173,5,1,50.0,0,N,SMALL_CITIES,STREET,10,9.0
137715,1,7,110,1,1,60.0,0,I,MELB_URBAN,ROAD,10,8.0
137716,1,4,110,1,2,50.0,0,I,MELB_URBAN,STREET,10,19.0
137717,1,3,130,5,1,60.0,0,N,MELB_URBAN,ROAD,10,16.0
137718,1,7,110,1,1,100.0,0,I,RURAL_VICTORIA,ROAD,10,8.0
137719,1,7,121,2,1,60.0,0,I,MELB_URBAN,ROAD,10,10.0
137720,4,7,171,5,1,60.0,0,N,SMALL_CITIES,STREET,10,11.0
137721,1,7,130,5,1,80.0,0,N,RURAL_VICTORIA,ROAD,10,11.0
137722,1,7,130,5,1,60.0,0,N,RURAL_VICTORIA,ROAD,10,11.0
137723,6,7,174,4,1,60.0,0,I,MELB_URBAN,ROAD,10,13.0
137724,4,6,173,2,1,50.0,0,N,MELB_URBAN,STREET,10,12.0
137725,1,6,130,5,1,70.0,0,N,MELB_URBAN,HIGHWAY,10,12.0
137726,1,6,110,1,1,60.0,0,I,MELB_URBAN,STREET,10,9.0
137727,1,6,99,2,1,80.0,0,I,MELB_URBAN,ROAD,10,12.0
137728,1,7,99,1,1,60.0,0,I,MELB_URBAN,ROAD,10,7.0
137729,4,5,171,5,1,60.0,0,N,MELB_URBAN,ROAD,10,19.0
137730,2,6,100,2,1,50.0,0,I,MELB_URBAN,AVENUE,10,15.0
137731,1,7,130,5,1,80.0,0,N,MELB_URBAN,FREEWAY,10,15.0
137732,1,6,130,5,1,60.0,0,N,MELB_URBAN,PARADE,10,16.0
137733,1,6,130,5,1,80.0,0,N,MELB_URBAN,HIGHWAY,10,16.0
137734,4,7,173,5,1,100.0,0,N,MELB_URBAN,FREEWAY,10,17.0
137735,1,7,130,5,1,60.0,0,N,MELB_URBAN,STREET,10,16.0
137736,1,6,140,5,5,80.0,0,N,MELB_URBAN,ROAD,10,21.0
137737,1,2,132,5,1,60.0,0,N,SMALL_CITIES,ROAD,10,9.0
137738,6,6,174,5,1,60.0,0,N,MELB_URBAN,ROAD,10,11.0
137739,6,6,99,5,1,100.0,0,N,RURAL_VICTORIA,ROAD,10,17.0
137740,4,7,171,2,2,80.0,0,I,MELB_URBAN,HIGHWAY,10,19.0
137741,2,7,100,1,3,50.0,0,I,LARGE_PROVINCIAL_CITIES,STREET,10,21.0
137742,4,7,181,5,5,80.0,0,N,MELB_URBAN,ROAD,10,22.0
137743,1,6,99,2,3,60.0,0,I,MELB_URBAN,ROAD,10,23.0
137744,8,0,170,5,5,100.0,0,N,RURAL_VICTORIA,ROAD,10,2.0
137745,3,1,167,5,1,60.0,0,N,RURAL_VICTORIA,ROAD,10,7.0
137746,1,1,135,2,1,60.0,0,I,MELB_URBAN,ROAD,10,10.0
137747,4,1,183,5,5,100.0,0,N,RURAL_VICTORIA,ROAD,10,6.0
137748,1,1,130,5,1,60.0,0,N,RURAL_VICTORIA,ROAD,10,11.0
137749,1,0,110,1,1,60.0,0,N,MELB_URBAN,ROAD,10,9.0
137750,1,5,99,2,1,80.0,0,I,MELB_URBAN,HIGHWAY,9,16.0
137751,4,1,171,5,1,100.0,0,N,RURAL_VICTORIA,ROAD,10,11.0
137752,1,1,140,5,1,60.0,0,N,MELB_URBAN,ROAD,10,12.0
137753,8,1,184,5,1,60.0,0,N,RURAL_VICTORIA,OTHER,10,14.0
137754,1,1,113,2,1,50.0,0,I,RURAL_VICTORIA,ROAD,10,16.0
137755,1,3,130,5,1,80.0,0,N,MELB_URBAN,ROAD,10,15.0
137756,4,1,171,5,1,40.0,0,N,MELB_URBAN,ROAD,10,17.0
137757,1,0,160,5,9,50.0,0,N,MELB_URBAN,UNKNOWN,10,3.0
137758,1,1,110,1,1,100.0,0,I,RURAL_VICTORIA,DRIVE,10,17.0
137759,4,0,181,5,1,100.0,0,N,RURAL_VICTORIA,ROAD,10,14.0
137760,1,4,130,5,1,40.0,0,N,MELB_URBAN,STREET,10,7.0
137761,4,1,99,2,1,50.0,0,I,MELB_URBAN,ROAD,10,16.0
137762,1,1,132,1,1,60.0,0,I,RURAL_VICTORIA,ROAD,10,16.0
137763,1,1,160,5,1,60.0,0,N,MELB_URBAN,ROAD,10,17.0
137764,1,0,110,1,1,100.0,0,I,RURAL_VICTORIA,ROAD,10,17.0
137765,1,6,99,5,3,60.0,0,N,MELB_URBAN,ROAD,10,19.0
137766,4,0,183,5,1,60.0,1,O,RURAL_VICTORIA,UNKNOWN,10,16.0
137767,6,1,174,2,1,60.0,0,N,LARGE_PROVINCIAL_CITIES,ROAD,10,17.0
137768,4,1,181,5,1,50.0,0,N,MELB_URBAN,BOULEVARD,10,19.0
137769,4,1,181,5,1,80.0,0,N,MELB_URBAN,ROAD,10,16.0
137770,1,0,130,5,1,100.0,0,N,RURAL_VICTORIA,HIGHWAY,10,13.0
137771,1,0,121,5,1,60.0,0,N,MELB_URBAN,ROAD,10,15.0
137772,1,6,130,5,1,80.0,0,N,MELB_URBAN,ROAD,10,16.0
137773,1,1,140,5,1,80.0,0,N,LARGE_PROVINCIAL_CITIES,ROAD,10,18.0
137774,2,1,102,1,1,40.0,0,I,MELB_URBAN,STREET,10,18.0
137775,1,1,147,5,1,40.0,0,N,MELB_URBAN,STREET,10,19.0
137776,4,0,173,5,3,60.0,0,N,MELB_URBAN,STREET,10,21.0
137777,5,1,99,5,5,100.0,0,N,RURAL_VICTORIA,ROAD,10,21.0
137778,1,6,121,1,1,60.0,0,I,MELB_URBAN,STREET,10,12.0
137779,1,1,130,1,1,30.0,0,I,MELB_URBAN,STREET,10,8.0
137780,4,1,171,5,1,60.0,0,N,MELB_URBAN,ROAD,10,15.0
137781,1,2,160,5,1,50.0,0,N,MELB_URBAN,ROAD,11,7.0
137782,1,0,121,1,3,80.0,0,I,RURAL_VICTORIA,HIGHWAY,6,20.0
137783,4,1,183,5,3,50.0,0,N,SMALL_CITIES,DRIVE,10,23.0
137784,6,2,174,5,1,50.0,0,N,LARGE_PROVINCIAL_CITIES,STREET,11,10.0
137785,1,6,110,1,1,80.0,0,I,MELB_URBAN,ROAD,10,10.0
137786,1,4,111,2,1,80.0,0,N,MELB_URBAN,ROAD,10,11.0
137787,2,6,100,1,1,80.0,0,N,SMALL_CITIES,HIGHWAY,10,12.0
137788,1,2,140,2,1,80.0,0,I,MELB_URBAN,STREET,11,9.0
137789,2,2,99,5,9,60.0,0,N,MELB_URBAN,STREET,11,10.0
137790,1,1,121,2,1,60.0,0,I,MELB_URBAN,ROAD,10,15.0
137791,1,0,160,5,1,50.0,0,N,RURAL_VICTORIA,BOULEVARD,10,10.0
137792,1,1,111,4,1,50.0,0,I,MELB_URBAN,ROAD,11,11.0
137793,1,2,121,1,1,60.0,0,I,MELB_URBAN,ROAD,11,10.0
137794,1,2,121,1,1,70.0,0,I,TOWNS,HIGHWAY,11,13.0
137795,1,2,121,2,1,60.0,0,I,MELB_URBAN,ROAD,11,13.0
137796,6,2,184,5,1,80.0,0,N,RURAL_VICTORIA,ROAD,11,10.0
137797,1,2,132,5,1,40.0,0,N,MELB_URBAN,ROAD,11,13.0
137798,8,1,174,5,1,60.0,0,I,MELB_URBAN,STREET,11,14.0
137799,1,2,113,2,1,80.0,0,I,RURAL_VICTORIA,HIGHWAY,11,14.0
137800,1,1,99,2,1,50.0,0,I,LARGE_PROVINCIAL_CITIES,ROAD,11,9.0
137801,1,2,120,5,1,50.0,0,N,TOWNS,AVENUE,11,11.0
137802,4,2,171,5,1,110.0,0,N,RURAL_VICTORIA,FREEWAY,11,13.0
137803,1,2,130,5,1,80.0,0,N,RURAL_VICTORIA,ROAD,11,16.0
137804,6,2,174,5,1,100.0,0,N,RURAL_VICTORIA,STREET,11,18.0
137805,6,2,174,1,1,60.0,0,I,MELB_URBAN,DRIVE,11,17.0
137806,1,1,130,5,1,60.0,0,N,MELB_URBAN,ROAD,11,16.0
137807,3,0,167,5,1,100.0,0,N,RURAL_VICTORIA,ROAD,10,16.0
137808,1,2,130,5,1,40.0,0,N,MELB_URBAN,UNKNOWN,11,18.0
137809,1,7,130,5,1,70.0,0,N,MELB_URBAN,ROAD,10,19.0
137810,1,1,130,1,2,60.0,0,I,MELB_URBAN,ROAD,11,19.0
137811,8,4,174,2,1,60.0,0,I,RURAL_VICTORIA,OTHER,10,15.0
137812,1,1,130,1,3,60.0,0,N,MELB_URBAN,STREET,11,20.0
137813,5,1,99,5,5,100.0,0,N,RURAL_VICTORIA,ROAD,11,23.0
137814,1,3,160,5,3,40.0,0,N,MELB_URBAN,ROAD,11,1.0
137815,4,3,173,5,5,70.0,0,N,RURAL_VICTORIA,ROAD,11,1.0
137816,4,1,171,5,5,100.0,0,N,RURAL_VICTORIA,ROAD,11,22.0