,accident_type,day_of_week,dca_code,road_geometry,light_condition,speed_zone,severity,node_type,deg_urban_name,road_type,month,hour
137817,4,3,173,5,2,80.0,0,N,MELB_URBAN,ROAD,11,5.0
137818,1,2,132,2,9,80.0,0,I,RURAL_VICTORIA,ROAD,10,7.0
137819,4,3,171,5,1,50.0,0,N,MELB_URBAN,ROAD,11,6.0
137820,1,4,110,1,3,50.0,0,I,LARGE_PROVINCIAL_CITIES,PARADE,4,20.0
137821,4,3,183,5,1,100.0,0,N,RURAL_VICTORIA,ROAD,11,9.0
137822,4,3,181,5,5,80.0,0,N,RURAL_VICTORIA,ROAD,11,4.0
137823,3,3,167,5,1,100.0,0,N,RURAL_VICTORIA,ROAD,11,10.0
137824,4,3,181,5,1,100.0,0,N,RURAL_VICTORIA,ROAD,11,11.0
137825,1,2,147,5,1,60.0,0,N,MELB_URBAN,ROAD,11,15.0
137826,1,1,121,1,6,40.0,0,I,MELB_URBAN,STREET,10,22.0
137827,1,1,132,2,1,80.0,0,N,RURAL_VICTORIA,ROAD,10,14.0
137828,1,2,120,2,1,80.0,0,I,RURAL_VICTORIA,HIGHWAY,11,12.0
137829,6,1,174,5,1,100.0,0,N,RURAL_VICTORIA,ROAD,5,11.0
137830,1,2,135,5,1,60.0,0,N,MELB_URBAN,PARADE,11,14.0
137831,4,3,181,5,1,80.0,0,N,RURAL_VICTORIA,ROAD,11,10.0
137832,6,2,174,5,1,50.0,0,N,LARGE_PROVINCIAL_CITIES,AVENUE,11,8.0
137833,1,3,113,1,1,100.0,0,I,RURAL_VICTORIA,ROAD,11,10.0
137834,2,6,100,5,1,60.0,0,N,MELB_URBAN,ROAD,10,15.0
137835,1,3,110,1,1,100.0,0,I,RURAL_VICTORIA,AVENUE,11,12.0
137836,5,6,99,5,1,50.0,0,N,MELB_URBAN,STREET,10,8.0
137837,1,2,135,5,1,80.0,0,N,RURAL_VICTORIA,ROAD,11,17.0
137838,1,3,110,1,1,50.0,0,I,TOWNS,ROAD,11,16.0
137839,1,3,132,5,1,70.0,0,N,TOWNS,ROAD,11,16.0
137840,1,3,130,5,1,60.0,0,N,MELB_URBAN,ROAD,11,16.0
137841,1,3,110,1,1,60.0,0,I,MELB_URBAN,ROAD,11,14.0
137842,4,3,99,5,1,100.0,0,N,RURAL_VICTORIA,ROAD,11,16.0
137843,1,2,130,5,2,80.0,0,N,MELB_URBAN,ROAD,9,5.0
137844,1,3,130,5,1,70.0,0,N,MELB_URBAN,ROAD,11,13.0
137845,6,3,99,5,1,100.0,0,N,RURAL_VICTORIA,ROAD,11,18.0
137846,1,3,121,2,1,50.0,0,I,MELB_URBAN,ROAD,11,17.0
137847,1,3,130,2,1,60.0,0,I,MELB_URBAN,HIGHWAY,11,18.0
137848,1,3,134,5,3,100.0,0,N,MELB_URBAN,ROAD,11,22.0
137849,5,5,99,5,1,80.0,0,N,MELB_URBAN,ROAD,10,8.0
137850,1,4,99,1,1,50.0,0,I,MELB_URBAN,ROAD,7,15.0
137851,4,7,171,5,1,80.0,0,N,MELB_URBAN,ROAD,10,9.0
137852,1,3,134,5,1,100.0,0,N,MELB_URBAN,FREEWAY,11,6.0
137853,4,2,171,5,9,60.0,0,N,MELB_URBAN,AVENUE,4,16.0
137854,1,4,121,2,1,70.0,0,N,MELB_URBAN,STREET,11,8.0
137855,4,4,173,5,5,100.0,1,N,RURAL_VICTORIA,ROAD,11,3.0
137856,5,6,99,5,1,80.0,0,N,MELB_URBAN,ROAD,10,8.0
137857,5,4,99,5,1,50.0,0,N,RURAL_VICTORIA,OTHER,10,13.0
137858,1,4,130,5,1,60.0,0,N,MELB_URBAN,ROAD,10,15.0
137859,1,4,111,1,2,100.0,0,N,RURAL_VICTORIA,ROAD,10,6.0
137860,3,3,167,5,1,100.0,0,N,RURAL_VICTORIA,ROAD,11,10.0
137861,1,3,99,5,9,60.0,0,N,SMALL_TOWNS,RAMP,10,9.0
137862,4,3,181,1,1,80.0,0,N,RURAL_VICTORIA,ROAD,11,9.0
137863,1,2,113,2,3,50.0,0,I,MELB_URBAN,ROAD,11,22.0
137864,8,6,170,5,1,60.0,0,N,TOWNS,STREET,10,16.0
137865,5,3,99,5,1,80.0,0,N,RURAL_VICTORIA,ROAD,8,11.0
137866,5,1,99,1,1,60.0,0,I,RURAL_VICTORIA,OTHER,6,12.0
137867,1,4,130,2,1,50.0,0,N,MELB_URBAN,ROAD,11,11.0
137868,1,3,121,1,1,60.0,0,I,MELB_URBAN,ROAD,11,10.0
137869,4,4,173,1,1,60.0,0,I,RURAL_VICTORIA,ROAD,11,12.0
137870,1,2,130,5,3,60.0,0,N,MELB_URBAN,ROAD,11,21.0
137871,1,4,130,2,1,60.0,0,I,MELB_URBAN,ROAD,11,14.0
137872,1,4,99,5,1,80.0,0,N,RURAL_VICTORIA,ROAD,10,15.0
137873,4,3,171,5,1,100.0,0,N,RURAL_VICTORIA,ROAD,11,6.0
137874,8,4,99,5,1,80.0,0,N,RURAL_VICTORIA,HIGHWAY,11,14.0
137875,1,3,120,5,1,80.0,0,N,MELB_URBAN,ROAD,11,15.0
137876,1,6,130,5,5,100.0,0,N,MELB_URBAN,UNKNOWN,7,18.0
137877,1,4,160,2,1,40.0,0,N,MELB_URBAN,ROAD,11,15.0
137878,1,2,99,4,1,60.0,0,N,MELB_URBAN,RAMP,11,10.0
137879,1,7,130,2,1,80.0,0,I,MELB_URBAN,HIGHWAY,10,10.0
137880,1,4,110,1,1,40.0,0,N,LARGE_PROVINCIAL_CITIES,STREET,11,16.0
137881,1,3,130,5,1,80.0,0,N,MELB_URBAN,HIGHWAY,11,17.0
137882,1,4,130,5,1,80.0,0,N,MELB_URBAN,ROAD,11,17.0
137883,1,3,132,5,1,100.0,0,N,RURAL_VICTORIA,ROAD,11,17.0
137884,4,4,183,5,2,110.0,0,N,RURAL_VICTORIA,FREEWAY,11,18.0
137885,1,3,110,1,1,60.0,0,I,SMALL_CITIES,STREET,11,19.0
137886,1,3,135,5,1,80.0,0,N,MELB_URBAN,ROAD,11,18.0
137887,1,2,140,5,3,60.0,0,N,TOWNS,ROAD,10,20.0
137888,1,2,121,1,9,60.0,0,I,MELB_URBAN,STREET,11,21.0
137889,6,4,99,5,1,100.0,0,N,RURAL_VICTORIA,ROAD,11,18.0
137890,1,2,130,5,1,80.0,0,N,MELB_URBAN,ROAD,11,14.0
137891,1,4,110,1,1,60.0,0,I,LARGE_PROVINCIAL_CITIES,ROAD,11,19.0
137892,2,4,100,2,3,60.0,0,N,MELB_URBAN,PARADE,11,21.0
137893,1,4,111,2,3,60.0,0,I,MELB_URBAN,DRIVE,11,23.0
137894,6,4,99,5,3,110.0,0,N,TOWNS,FREEWAY,11,5.0
137895,4,4,183,5,1,100.0,0,N,RURAL_VICTORIA,ROAD,11,7.0
137896,2,4,99,5,1,80.0,0,N,SMALL_CITIES,HIGHWAY,11,6.0
137897,1,5,132,5,1,60.0,0,N,LARGE_PROVINCIAL_CITIES,ROAD,11,7.0
137898,1,5,110,1,1,60.0,0,I,SMALL_CITIES,STREET,10,17.0
137899,1,3,121,1,9,40.0,0,I,SMALL_CITIES,ROAD,8,19.0
137900,1,3,120,5,1,50.0,0,N,SMALL_CITIES,DRIVE,10,9.0
137901,1,5,110,1,1,80.0,0,I,MELB_URBAN,HIGHWAY,11,8.0
137902,1,6,120,5,1,60.0,0,N,RURAL_VICTORIA,OTHER,10,13.0
137903,1,5,110,1,1,50.0,0,I,MELB_URBAN,ROAD,11,8.0
137904,4,4,181,5,5,80.0,0,N,MELB_URBAN,ROAD,11,19.0
137905,1,4,110,1,1,40.0,0,I,MELB_URBAN,DRIVE,11,8.0
137906,1,3,99,2,2,60.0,0,I,MELB_URBAN,STREET,10,20.0
137907,1,5,121,5,1,50.0,0,N,MELB_URBAN,STREET,11,10.0
137908,1,5,121,2,1,60.0,0,I,MELB_URBAN,STREET,11,8.0
137909,7,6,99,5,5,60.0,0,I,RURAL_VICTORIA,ROAD,10,22.0
137910,1,4,110,1,3,60.0,0,I,MELB_URBAN,STREET,11,21.0
137911,2,5,99,5,1,60.0,0,N,LARGE_PROVINCIAL_CITIES,STREET,11,10.0
137912,1,5,121,5,1,50.0,0,N,SMALL_CITIES,ROAD,11,8.0
137913,1,5,147,5,1,60.0,0,N,SMALL_CITIES,ROAD,11,11.0
137914,1,2,130,5,1,100.0,0,N,MELB_URBAN,FREEWAY,11,17.0
137915,1,3,130,5,1,100.0,0,N,SMALL_CITIES,FREEWAY,10,13.0
137916,1,5,130,5,1,100.0,0,N,MELB_URBAN,FREEWAY,11,6.0
137917,1,5,110,1,1,50.0,0,N,TOWNS,ROAD,6,7.0
137918,4,5,171,5,1,60.0,0,N,MELB_URBAN,ROAD,11,11.0
137919,4,5,171,1,1,100.0,0,I,RURAL_VICTORIA,HIGHWAY,11,10.0
137920,4,4,183,5,1,60.0,0,O,RURAL_VICTORIA,UNKNOWN,11,13.0
137921,6,4,174,5,1,60.0,0,N,RURAL_VICTORIA,ROAD,11,9.0
137922,2,1,99,5,9,60.0,0,N,MELB_URBAN,OTHER,10,13.0
137923,1,4,116,2,1,50.0,0,I,MELB_URBAN,AVENUE,11,16.0
137924,1,4,110,1,1,50.0,0,I,TOWNS,ROAD,11,15.0
137925,1,4,99,2,1,50.0,0,I,MELB_URBAN,ROAD,11,17.0
137926,4,5,173,2,1,60.0,1,I,MELB_URBAN,ROAD,11,14.0
137927,1,3,121,2,1,60.0,0,I,MELB_URBAN,ROAD,10,15.0
137928,1,4,113,1,1,60.0,0,I,MELB_URBAN,ROAD,11,16.0
137929,1,5,113,2,1,50.0,0,I,MELB_URBAN,ROAD,11,18.0
137930,1,1,110,1,1,60.0,0,I,LARGE_PROVINCIAL_CITIES,STREET,11,17.0
137931,1,5,160,5,1,50.0,0,N,MELB_URBAN,STREET,11,16.0
137932,4,4,171,2,2,40.0,0,I,MELB_URBAN,HIGHWAY,11,19.0
137933,1,5,110,1,1,80.0,0,N,RURAL_VICTORIA,ROAD,11,15.0
137934,6,3,174,5,1,60.0,0,N,MELB_URBAN,ROAD,11,15.0
137935,1,4,99,2,1,50.0,0,I,MELB_URBAN,STREET,11,15.0
137936,1,5,130,2,1,50.0,0,I,MELB_URBAN,AVENUE,11,13.0
137937,2,5,102,1,3,50.0,0,I,MELBOURNE_CBD,STREET,11,21.0
137938,4,5,183,5,1,60.0,0,N,SMALL_TOWNS,HIGHWAY,11,19.0
137939,2,5,102,5,5,50.0,0,N,RURAL_VICTORIA,AVENUE,11,21.0
137940,1,5,99,2,1,50.0,0,N,MELB_URBAN,AVENUE,10,8.0
137941,5,4,99,5,5,80.0,0,N,RURAL_VICTORIA,ROAD,11,23.0
137942,4,6,173,5,3,50.0,0,N,MELB_URBAN,OTHER,11,3.0
137943,1,6,130,5,5,40.0,0,N,MELB_URBAN,FREEWAY,11,2.0
137944,1,6,110,1,1,50.0,0,I,SMALL_CITIES,STREET,10,9.0
137945,1,2,111,1,1,50.0,0,I,SMALL_CITIES,STREET,11,12.0
137946,1,2,130,5,1,80.0,0,N,MELB_URBAN,ROAD,11,13.0
137947,6,5,99,5,1,100.0,0,N,RURAL_VICTORIA,ROAD,11,6.0
137948,8,3,174,5,9,50.0,0,N,MELB_URBAN,STREET,11,19.0
137949,1,5,130,2,1,60.0,0,I,MELB_URBAN,STREET,11,9.0
137950,2,6,102,5,1,60.0,0,N,MELB_URBAN,STREET,11,9.0
137951,1,1,130,5,1,70.0,0,N,MELB_URBAN,ROAD,10,12.0
137952,4,5,171,5,1,50.0,0,N,RURAL_VICTORIA,ROAD,11,8.0
137953,2,1,99,5,5,50.0,0,N,MELB_URBAN,OTHER,10,1.0
137954,1,6,110,1,1,50.0,0,I,MELB_URBAN,ROAD,11,7.0
137955,1,6,110,1,1,40.0,0,I,SMALL_CITIES,STREET,11,12.0
137956,4,6,181,5,2,110.0,1,N,RURAL_VICTORIA,FREEWAY,11,6.0
137957,1,5,130,5,1,60.0,0,N,MELB_URBAN,STREET,10,8.0
137958,1,6,133,5,1,60.0,0,N,MELB_URBAN,ROAD,11,7.0
137959,1,4,130,5,1,60.0,0,N,MELB_URBAN,OTHER,11,16.0
137960,1,2,99,1,1,50.0,0,I,SMALL_CITIES,AVENUE,11,11.0
137961,4,6,183,5,1,100.0,0,N,RURAL_VICTORIA,OTHER,11,11.0
137962,8,4,99,2,1,100.0,0,N,RURAL_VICTORIA,HIGHWAY,11,17.0
137963,1,6,110,1,1,60.0,0,I,SMALL_CITIES,STREET,11,14.0
137964,1,6,121,2,1,60.0,0,I,MELB_URBAN,ROAD,11,14.0
137965,1,6,113,2,1,50.0,0,I,MELB_URBAN,AVENUE,11,14.0
137966,1,4,130,5,1,80.0,0,N,MELB_URBAN,FREEWAY,10,15.0
137967,1,6,120,5,1,60.0,0,N,MELB_URBAN,BOULEVARD,11,15.0
137968,8,7,174,5,1,60.0,0,N,RURAL_VICTORIA,ROAD,10,16.0
137969,1,6,113,2,1,80.0,0,I,RURAL_VICTORIA,HIGHWAY,11,16.0
137970,1,6,121,2,1,60.0,0,I,MELB_URBAN,ROAD,11,16.0
137971,1,4,111,2,1,60.0,0,I,MELB_URBAN,DRIVE,11,14.0
137972,1,6,130,2,1,100.0,0,I,RURAL_VICTORIA,ROAD,11,18.0
137973,1,7,99,1,1,60.0,0,I,MELB_URBAN,ROAD,10,17.0
137974,1,6,147,1,1,60.0,0,N,LARGE_PROVINCIAL_CITIES,STREET,11,19.0
137975,1,6,121,4,1,60.0,0,N,MELB_URBAN,ROAD,11,17.0
137976,4,6,171,2,1,80.0,0,I,MELB_URBAN,ROAD,11,16.0
137977,1,6,110,1,2,50.0,0,I,TOWNS,STREET,11,20.0
137978,1,6,130,5,1,60.0,0,N,MELB_URBAN,ROAD,11,17.0
137979,1,1,130,5,1,60.0,0,N,MELB_URBAN,ROAD,10,9.0
137980,1,5,121,2,1,80.0,0,I,MELB_URBAN,ROAD,11,16.0
137981,4,5,171,2,2,60.0,0,I,MELB_URBAN,HIGHWAY,11,19.0
137982,1,5,110,1,1,60.0,0,I,LARGE_PROVINCIAL_CITIES,STREET,11,16.0
137983,8,5,174,5,3,80.0,0,N,MELB_URBAN,HIGHWAY,11,21.0
137984,4,6,173,5,5,100.0,0,N,RURAL_VICTORIA,ROAD,11,21.0
137985,6,5,174,1,3,40.0,0,I,MELB_URBAN,STREET,11,20.0
137986,1,5,121,1,3,50.0,0,I,MELB_URBAN,ROAD,11,21.0
137987,1,6,130,5,3,70.0,0,N,MELB_URBAN,ROAD,11,21.0
137988,1,6,147,5,1,40.0,0,N,MELB_URBAN,STREET,11,18.0
137989,1,2,110,1,1,60.0,0,I,MELB_URBAN,STREET,11,7.0
137990,1,7,113,2,3,60.0,0,I,MELB_URBAN,ROAD,11,0.0
137991,6,5,99,5,5,60.0,0,N,RURAL_VICTORIA,ROAD,11,23.0
137992,1,6,110,1,3,80.0,0,I,MELB_URBAN,HIGHWAY,11,21.0
137993,1,6,110,1,3,40.0,0,I,MELB_URBAN,STREET,11,1.0
137994,2,6,99,3,3,60.0,0,I,MELB_URBAN,ROAD,11,22.0
137995,4,7,171,5,5,100.0,0,N,RURAL_VICTORIA,HIGHWAY,11,5.0
137996,1,6,99,5,1,40.0,0,N,MELB_URBAN,STREET,11,15.0
137997,1,4,133,2,1,60.0,0,N,MELB_URBAN,STREET,11,8.0
137998,1,4,110,1,2,50.0,0,I,MELB_URBAN,ROAD,10,7.0
137999,1,7,121,1,1,100.0,0,N,RURAL_VICTORIA,HIGHWAY,11,8.0
138000,1,6,120,5,2,60.0,0,N,MELB_URBAN,ROAD,11,19.0
138001,1,6,110,1,1,80.0,0,I,SMALL_CITIES,HIGHWAY,10,10.0
138002,1,3,121,1,1,60.0,0,I,MELB_URBAN,STREET,11,15.0
138003,1,7,121,2,1,60.0,0,I,MELB_URBAN,BOULEVARD,11,12.0
138004,1,7,121,2,1,80.0,0,I,MELB_URBAN,ROAD,11,11.0
138005,1,6,99,2,1,60.0,0,I,MELB_URBAN,ROAD,11,15.0
138006,1,1,133,5,1,100.0,0,N,MELB_URBAN,FREEWAY,10,18.0
138007,1,6,121,2,1,80.0,0,I,MELB_URBAN,ROAD,11,9.0
138008,2,7,102,1,1,80.0,0,I,MELB_URBAN,ROAD,11,13.0
138009,1,7,160,5,1,60.0,0,N,MELB_URBAN,DRIVE,11,12.0
138010,1,7,130,5,1,60.0,0,N,MELB_URBAN,ROAD,10,13.0
138011,1,7,121,1,1,40.0,0,I,LARGE_PROVINCIAL_CITIES,STREET,11,14.0
138012,1,7,110,1,1,60.0,0,I,TOWNS,STREET,11,11.0
138013,8,1,174,5,6,50.0,1,N,SMALL_TOWNS,STREET,9,21.0
138014,1,7,99,1,1,50.0,0,I,MELB_URBAN,ROAD,11,12.0
138015,1,7,147,5,1,60.0,0,N,MELB_URBAN,ROAD,11,10.0
138016,1,6,111,4,1,60.0,0,I,TOWNS,ROAD,11,13.0
138017,1,6,130,5,5,110.0,0,N,RURAL_VICTORIA,FREEWAY,11,0.0
138018,1,6,111,1,1,100.0,0,I,RURAL_VICTORIA,ROAD,11,12.0
138019,4,7,181,5,1,100.0,0,N,RURAL_VICTORIA,HIGHWAY,11,17.0
138020,1,7,110,1,1,60.0,0,I,SMALL_CITIES,PARADE,11,18.0
138021,1,7,147,5,1,50.0,0,N,MELB_URBAN,OTHER,11,16.0
138022,1,7,121,1,1,60.0,0,I,SMALL_CITIES,STREET,11,16.0
138023,1,7,160,5,3,60.0,0,N,MELB_URBAN,ROAD,11,20.0
138024,4,7,183,5,5,80.0,1,N,SMALL_CITIES,DRIVE,11,22.0
138025,1,5,130,5,1,60.0,0,N,MELB_URBAN,ROAD,6,12.0
138026,2,7,99,5,5,50.0,0,N,MELB_URBAN,ROAD,11,22.0
138027,1,1,110,1,3,80.0,0,I,MELB_URBAN,ROAD,11,1.0
138028,4,1,183,5,5,60.0,0,N,RURAL_VICTORIA,ROAD,11,1.0
138029,1,1,99,5,2,80.0,0,N,MELB_URBAN,HIGHWAY,11,5.0
138030,5,0,99,5,5,100.0,0,N,RURAL_VICTORIA,ROAD,11,3.0
138031,1,7,111,4,3,100.0,0,I,MELB_URBAN,HIGHWAY,11,0.0
138032,1,3,130,1,1,60.0,0,N,LARGE_PROVINCIAL_CITIES,ROAD,11,10.0
138033,1,6,99,5,1,60.0,0,N,SMALL_CITIES,HIGHWAY,10,17.0
138034,4,1,171,5,3,70.0,0,N,MELB_URBAN,STREET,11,5.0
138035,3,3,167,5,5,80.0,0,N,RURAL_VICTORIA,HIGHWAY,11,20.0
138036,4,1,171,5,5,100.0,0,N,RURAL_VICTORIA,HIGHWAY,11,4.0
138037,1,6,110,1,2,60.0,0,I,LARGE_PROVINCIAL_CITIES,STREET,10,18.0
138038,1,6,110,1,1,60.0,0,I,SMALL_CITIES,STREET,11,13.0
138039,8,1,174,1,1,60.0,0,N,MELB_URBAN,STREET,11,11.0
138040,1,1,121,2,1,80.0,0,I,SMALL_CITIES,DRIVE,11,11.0
138041,4,1,173,5,1,100.0,0,N,RURAL_VICTORIA,ROAD,11,10.0
138042,1,3,130,2,1,50.0,0,I,MELB_URBAN,ROAD,6,8.0
138043,1,0,130,4,3,60.0,0,I,MELB_URBAN,ROAD,10,21.0
138044,4,1,171,5,3,80.0,0,N,MELB_URBAN,ROAD,10,1.0
138045,1,1,121,1,1,60.0,0,I,MELB_URBAN,ROAD,11,14.0
138046,4,1,99,2,1,60.0,0,N,SMALL_CITIES,ROAD,11,10.0
138047,1,0,121,2,1,70.0,0,N,MELB_URBAN,STREET,11,12.0
138048,1,0,132,5,1,70.0,0,N,MELB_URBAN,ROAD,11,14.0
138049,4,1,183,5,1,100.0,0,N,RURAL_VICTORIA,ROAD,11,13.0
138050,1,6,132,2,1,60.0,0,I,MELB_URBAN,ROAD,10,17.0
138051,1,1,120,5,1,80.0,0,N,RURAL_VICTORIA,ROAD,11,13.0
138052,1,0,130,5,1,60.0,0,N,LARGE_PROVINCIAL_CITIES,STREET,11,15.0
138053,1,0,120,5,1,50.0,0,N,MELB_URBAN,STREET,11,16.0
138054,1,1,110,1,1,50.0,0,I,MELB_URBAN,ROAD,11,17.0
138055,1,1,130,5,1,60.0,0,N,MELB_URBAN,STREET,11,17.0
138056,2,5,100,1,1,80.0,0,N,MELB_URBAN,ROAD,11,10.0
138057,4,1,173,5,1,100.0,0,N,RURAL_VICTORIA,FREEWAY,11,19.0
138058,1,0,130,2,1,60.0,0,I,MELB_URBAN,STREET,11,14.0
138059,4,1,181,5,1,100.0,1,N,RURAL_VICTORIA,HIGHWAY,11,18.0
138060,4,1,171,5,5,100.0,0,N,RURAL_VICTORIA,ROAD,11,20.0
138061,1,0,130,5,4,60.0,0,N,RURAL_VICTORIA,ROAD,11,21.0
138062,4,1,183,5,2,60.0,0,N,SMALL_TOWNS,AVENUE,11,20.0
138063,1,3,121,5,1,60.0,0,N,MELB_URBAN,ROAD,11,13.0
138064,1,2,147,5,1,60.0,0,I,LARGE_PROVINCIAL_CITIES,STREET,10,15.0
138065,2,2,99,5,1,50.0,0,N,MELB_URBAN,AVENUE,11,9.0
138066,1,7,113,2,1,60.0,0,I,MELB_URBAN,HIGHWAY,11,8.0
138067,1,7,111,2,1,50.0,0,I,MELB_URBAN,STREET,11,15.0
138068,2,2,100,5,1,60.0,0,N,MELB_URBAN,ROAD,11,9.0
138069,1,1,110,1,1,60.0,0,I,SMALL_CITIES,STREET,11,8.0
138070,1,2,130,5,1,70.0,0,N,MELB_URBAN,ROAD,11,9.0
138071,1,1,99,5,1,60.0,0,N,SMALL_CITIES,ROAD,10,14.0
138072,1,2,120,5,1,60.0,0,N,MELB_URBAN,ROAD,11,10.0
138073,1,2,130,5,1,60.0,0,N,MELB_URBAN,HIGHWAY,11,12.0
138074,1,1,130,5,1,70.0,0,N,MELB_URBAN,ROAD,11,12.0
138075,1,2,130,5,1,100.0,0,N,RURAL_VICTORIA,HIGHWAY,11,7.0
138076,6,2,170,5,1,100.0,0,N,RURAL_VICTORIA,ROAD,11,12.0
138077,3,4,167,5,1,100.0,0,N,RURAL_VICTORIA,ROAD,11,19.0
138078,6,1,184,5,9,100.0,0,N,RURAL_VICTORIA,ROAD,10,14.0
138079,1,6,110,1,1,60.0,0,I,MELB_URBAN,STREET,10,12.0
138080,7,2,99,5,5,60.0,0,N,MELB_URBAN,STREET,6,19.0
138081,6,2,99,5,1,60.0,0,N,RURAL_VICTORIA,ROAD,10,14.0
138082,4,1,173,5,1,100.0,0,N,RURAL_VICTORIA,ROAD,11,13.0
138083,1,2,130,5,1,80.0,0,N,MELB_URBAN,FREEWAY,11,12.0
138084,1,2,132,2,1,60.0,0,I,MELB_URBAN,ROAD,11,15.0
138085,8,5,174,5,1,60.0,0,N,SMALL_TOWNS,ROAD,10,15.0
138086,1,2,116,1,1,100.0,0,I,RURAL_VICTORIA,ROAD,11,16.0
138087,1,1,121,1,1,60.0,0,I,MELB_URBAN,ROAD,11,16.0
138088,1,1,140,5,1,50.0,0,N,MELB_URBAN,ROAD,11,18.0
138089,2,1,102,5,1,60.0,0,N,MELB_URBAN,STREET,11,17.0
138090,1,4,130,1,9,80.0,0,I,LARGE_PROVINCIAL_CITIES,ROAD,9,18.0
138091,4,2,173,5,1,100.0,0,N,RURAL_VICTORIA,ROAD,11,17.0
138092,4,5,99,5,1,40.0,0,N,MELB_URBAN,OTHER,10,15.0
138093,1,2,120,5,1,60.0,0,N,LARGE_PROVINCIAL_CITIES,STREET,11,15.0
138094,1,2,99,2,1,60.0,0,I,MELB_URBAN,STREET,11,18.0
138095,1,6,130,5,1,100.0,0,N,MELB_URBAN,FREEWAY,10,12.0
138096,4,1,181,5,1,50.0,0,N,MELB_URBAN,AVENUE,11,17.0
138097,5,2,99,5,1,50.0,0,N,MELB_URBAN,OTHER,11,17.0
138098,4,2,173,1,1,60.0,0,I,MELB_URBAN,ROAD,11,19.0
138099,1,0,130,5,9,60.0,0,N,MELB_URBAN,STREET,11,17.0
138100,1,2,147,5,1,50.0,0,N,MELB_URBAN,ROAD,11,20.0
138101,1,2,135,5,3,60.0,0,N,MELB_URBAN,STREET,11,0.0
138102,6,1,174,5,1,50.0,0,N,SMALL_CITIES,OTHER,10,18.0
138103,1,1,121,2,1,40.0,0,I,MELB_URBAN,ROAD,11,15.0
138104,8,3,174,5,3,60.0,0,N,MELB_URBAN,ROAD,11,0.0
138105,1,2,99,5,1,50.0,0,N,RURAL_VICTORIA,BOULEVARD,11,14.0
138106,1,1,110,1,3,80.0,0,N,MELB_URBAN,ROAD,11,22.0
138107,1,7,130,1,1,60.0,0,I,SMALL_CITIES,PARADE,10,14.0
138108,4,3,181,5,5,100.0,0,N,RURAL_VICTORIA,ROAD,11,2.0
138109,1,1,121,5,1,60.0,0,N,MELB_URBAN,ROAD,11,11.0
138110,1,2,110,1,2,60.0,0,I,SMALL_CITIES,STREET,11,6.0
138111,1,3,99,2,2,80.0,0,N,RURAL_VICTORIA,ROAD,11,5.0
138112,1,2,130,5,1,100.0,0,N,RURAL_VICTORIA,HIGHWAY,11,6.0
138113,1,4,121,4,1,70.0,0,I,MELB_URBAN,HIGHWAY,3,16.0
138114,6,7,174,2,1,40.0,0,I,MELB_URBAN,ROAD,8,9.0
138115,1,3,110,1,1,60.0,0,N,MELB_URBAN,ROAD,11,9.0
138116,1,0,130,5,1,60.0,0,N,MELB_URBAN,ROAD,10,12.0
138117,1,2,99,2,1,60.0,0,N,MELB_URBAN,ROAD,11,15.0
138118,1,7,111,1,9,60.0,0,I,MELB_URBAN,STREET,11,16.0
138119,4,3,183,5,1,110.0,0,N,RURAL_VICTORIA,FREEWAY,11,7.0
138120,1,3,111,2,1,80.0,0,N,RURAL_VICTORIA,STREET,11,11.0
138121,1,7,163,5,2,50.0,0,N,MELB_URBAN,ROAD,11,6.0
138122,1,3,99,2,1,70.0,0,I,MELB_URBAN,ROAD,11,8.0
138123,1,2,110,1,1,80.0,0,I,MELB_URBAN,ROAD,11,11.0
138124,1,4,132,5,1,100.0,0,N,RURAL_VICTORIA,ROAD,6,12.0
138125,1,5,121,2,3,60.0,0,I,MELB_URBAN,STREET,10,20.0
138126,1,4,121,1,1,50.0,0,I,MELB_URBAN,AVENUE,10,14.0
138127,2,3,99,5,1,60.0,0,N,MELB_URBAN,STREET,11,11.0
138128,8,3,174,5,9,40.0,0,N,MELB_URBAN,STREET,10,15.0
138129,1,2,130,5,1,80.0,0,N,MELB_URBAN,ROAD,11,15.0
138130,1,3,120,5,1,60.0,1,N,RURAL_VICTORIA,HIGHWAY,11,10.0
138131,4,2,171,5,1,60.0,0,N,SMALL_CITIES,STREET,11,16.0
138132,4,7,173,5,1,100.0,0,N,RURAL_VICTORIA,ROAD,11,16.0
138133,1,3,121,2,1,80.0,0,I,MELB_URBAN,HIGHWAY,11,16.0
138134,1,2,130,1,1,50.0,0,N,LARGE_PROVINCIAL_CITIES,STREET,11,15.0
138135,1,3,121,1,1,60.0,0,I,MELB_URBAN,ROAD,11,17.0
138136,2,3,99,5,1,40.0,1,N,MELB_URBAN,ROAD,11,7.0