,accident_type,day_of_week,dca_code,road_geometry,light_condition,speed_zone,severity,node_type,deg_urban_name,road_type,month,hour
138137,1,3,110,4,1,60.0,0,N,MELB_URBAN,ROAD,11,18.0
138138,8,3,174,5,1,60.0,0,N,MELB_URBAN,ROAD,11,18.0
138139,1,2,160,2,3,50.0,0,N,MELB_URBAN,OTHER,11,21.0
138140,1,3,140,5,1,60.0,0,N,LARGE_PROVINCIAL_CITIES,STREET,11,18.0
138141,1,2,121,4,3,60.0,0,I,MELB_URBAN,ROAD,11,22.0
138142,1,3,140,5,5,60.0,0,N,MELB_URBAN,ROAD,11,23.0
138143,1,3,99,2,1,60.0,0,I,MELB_URBAN,ROAD,11,15.0
138144,2,4,102,5,1,40.0,0,N,MELB_URBAN,DRIVE,10,15.0
138145,4,4,171,5,1,60.0,0,N,LARGE_PROVINCIAL_CITIES,ROAD,11,6.0
138146,4,4,181,5,2,100.0,0,N,RURAL_VICTORIA,HIGHWAY,11,5.0
138147,1,3,130,2,1,60.0,0,N,MELB_URBAN,ROAD,11,16.0
138148,2,2,99,5,1,50.0,0,N,MELB_URBAN,DRIVE,11,15.0
138149,2,4,100,5,3,60.0,0,N,MELB_URBAN,ROAD,11,6.0
138150,7,1,99,5,1,60.0,0,N,RURAL_VICTORIA,UNKNOWN,11,11.0
138151,1,2,130,5,1,60.0,0,N,MELB_URBAN,ROAD,11,16.0
138152,1,1,160,5,3,50.0,0,N,MELB_URBAN,ROAD,11,20.0
138153,4,4,171,5,1,50.0,0,N,MELB_URBAN,STREET,11,10.0
138154,4,4,181,5,1,100.0,0,N,RURAL_VICTORIA,HIGHWAY,11,10.0
138155,1,3,113,2,1,60.0,0,N,MELB_URBAN,ROAD,11,10.0
138156,4,3,173,5,1,100.0,0,N,RURAL_VICTORIA,ROAD,11,14.0
138157,1,4,147,5,1,60.0,0,N,LARGE_PROVINCIAL_CITIES,ROAD,11,8.0
138158,1,3,132,2,1,80.0,0,N,MELB_URBAN,ROAD,10,17.0
138159,1,4,160,5,1,60.0,0,N,MELB_URBAN,ROAD,11,9.0
138160,1,4,120,5,1,60.0,0,N,MELB_URBAN,ROAD,11,12.0
138161,8,4,174,5,1,40.0,0,N,MELB_URBAN,ROAD,11,14.0
138162,4,3,171,5,5,100.0,0,N,RURAL_VICTORIA,ROAD,9,19.0
138163,4,3,183,5,1,60.0,0,N,MELB_URBAN,STREET,11,14.0
138164,1,4,130,5,1,60.0,0,N,MELB_URBAN,RAMP,11,14.0
138165,1,4,130,5,1,60.0,0,N,MELB_URBAN,FREEWAY,11,13.0
138166,1,3,130,5,1,80.0,0,N,MELB_URBAN,FREEWAY,11,14.0
138167,1,4,120,2,1,60.0,0,N,MELB_URBAN,STREET,11,12.0
138168,1,7,130,1,1,40.0,0,I,MELB_URBAN,STREET,11,16.0
138169,2,4,100,5,1,60.0,0,N,MELB_URBAN,ROAD,11,16.0
138170,1,4,121,1,1,40.0,0,I,MELB_URBAN,ROAD,11,17.0
138171,8,1,174,5,1,60.0,0,N,RURAL_VICTORIA,ROAD,11,18.0
138172,1,7,110,1,1,50.0,0,I,MELB_URBAN,STREET,10,18.0
138173,1,4,130,5,1,100.0,0,N,RURAL_VICTORIA,FREEWAY,11,7.0
138174,4,7,181,5,5,100.0,0,N,TOWNS,HIGHWAY,7,0.0
138175,1,4,113,2,1,50.0,0,I,MELB_URBAN,ROAD,11,15.0
138176,2,4,99,5,1,50.0,0,N,MELB_URBAN,STREET,11,15.0
138177,1,1,130,5,1,40.0,0,N,MELB_URBAN,ROAD,11,8.0
138178,1,4,133,5,1,80.0,0,N,MELB_URBAN,ROAD,11,16.0
138179,1,4,99,5,1,100.0,0,N,MELB_URBAN,UNKNOWN,11,15.0
138180,6,1,174,2,1,100.0,0,I,RURAL_VICTORIA,ROAD,11,16.0
138181,1,4,140,5,1,60.0,0,N,MELB_URBAN,ROAD,11,18.0
138182,4,3,171,1,1,60.0,0,N,MELB_URBAN,ROAD,11,15.0
138183,1,4,120,5,1,70.0,1,N,MELB_URBAN,HIGHWAY,11,17.0
138184,6,3,184,5,1,60.0,0,N,TOWNS,ROAD,11,5.0
138185,4,3,99,5,5,100.0,0,N,TOWNS,OTHER,11,22.0
138186,4,4,173,5,3,40.0,0,N,MELB_URBAN,DRIVE,11,1.0
138187,1,2,110,1,3,60.0,0,N,RURAL_VICTORIA,ROAD,11,22.0
138188,4,5,173,5,3,100.0,0,N,MELB_URBAN,ROAD,11,4.0
138189,1,5,134,5,1,80.0,0,N,MELB_URBAN,HIGHWAY,11,6.0
138190,1,3,121,5,1,80.0,0,N,MELB_URBAN,ROAD,11,6.0
138191,1,7,121,2,1,60.0,0,I,LARGE_PROVINCIAL_CITIES,AVENUE,9,14.0
138192,1,4,132,4,1,60.0,0,N,MELB_URBAN,ROAD,11,9.0
138193,1,3,130,1,1,60.0,0,N,MELB_URBAN,ROAD,11,11.0
138194,1,5,113,2,1,50.0,0,I,LARGE_PROVINCIAL_CITIES,AVENUE,11,9.0
138195,1,2,111,2,1,80.0,0,I,TOWNS,HIGHWAY,11,8.0
138196,6,4,174,5,1,40.0,0,N,MELBOURNE_CBD,OTHER,11,17.0
138197,2,5,99,5,1,50.0,0,N,MELB_URBAN,STREET,11,10.0
138198,1,5,132,2,1,100.0,0,N,RURAL_VICTORIA,ROAD,11,9.0
138199,1,4,99,2,1,50.0,0,I,MELB_URBAN,STREET,11,8.0
138200,8,6,174,2,1,60.0,0,I,MELB_URBAN,STREET,11,16.0
138201,1,4,121,2,1,60.0,0,I,MELB_URBAN,ROAD,11,8.0
138202,6,4,174,1,1,60.0,0,I,MELB_URBAN,ROAD,10,10.0
138203,1,5,99,5,1,80.0,0,N,MELB_URBAN,HIGHWAY,11,11.0
138204,1,5,120,2,2,80.0,0,I,RURAL_VICTORIA,ROAD,11,5.0
138205,2,5,100,1,1,50.0,0,N,LARGE_PROVINCIAL_CITIES,STREET,11,10.0
138206,1,4,130,5,9,60.0,0,N,MELB_URBAN,ROAD,11,19.0
138207,1,5,130,5,1,100.0,0,N,MELB_URBAN,ROAD,9,10.0
138208,1,4,130,5,1,50.0,0,N,MELB_URBAN,AVENUE,11,12.0
138209,1,5,99,5,1,100.0,1,N,MELB_URBAN,FREEWAY,11,8.0
138210,1,5,130,5,1,60.0,0,N,MELB_URBAN,BOULEVARD,11,13.0
138211,1,3,99,5,1,50.0,0,N,MELB_URBAN,PARADE,11,11.0
138212,1,5,99,5,1,80.0,0,N,MELB_URBAN,ROAD,11,14.0
138213,1,5,160,5,1,60.0,0,N,MELB_URBAN,ROAD,11,11.0
138214,1,4,130,5,9,60.0,0,N,MELB_URBAN,BOULEVARD,11,18.0
138215,1,4,130,5,1,60.0,0,N,MELB_URBAN,OTHER,11,16.0
138216,4,5,181,5,1,60.0,0,N,RURAL_VICTORIA,ROAD,11,15.0
138217,1,5,130,5,1,60.0,0,N,MELB_URBAN,ROAD,11,13.0
138218,1,5,121,2,1,60.0,0,I,MELB_URBAN,STREET,11,13.0
138219,1,5,147,2,1,80.0,0,N,MELB_URBAN,ROAD,11,12.0
138220,1,5,160,5,1,50.0,0,N,TOWNS,OTHER,11,17.0
138221,2,5,102,5,1,60.0,0,N,MELB_URBAN,ROAD,11,15.0
138222,1,5,147,5,1,60.0,0,N,MELB_URBAN,STREET,11,13.0
138223,1,5,99,5,1,60.0,0,N,LARGE_PROVINCIAL_CITIES,STREET,11,18.0
138224,1,4,121,1,1,60.0,0,I,MELB_URBAN,PARADE,11,13.0
138225,1,4,113,2,1,60.0,0,I,MELB_URBAN,ROAD,10,12.0
138226,4,4,171,5,1,60.0,0,N,TOWNS,STREET,11,17.0
138227,1,3,160,5,1,50.0,0,N,MELB_URBAN,AVENUE,11,14.0
138228,1,4,121,1,3,80.0,0,I,MELB_URBAN,ROAD,11,22.0
138229,1,7,130,5,1,60.0,0,N,RURAL_VICTORIA,ROAD,10,16.0
138230,1,4,121,2,3,60.0,0,I,MELB_URBAN,ROAD,11,21.0
138231,1,3,130,1,1,70.0,0,I,MELB_URBAN,ROAD,5,15.0
138232,4,6,173,5,3,50.0,0,N,TOWNS,STREET,11,1.0
138233,1,1,140,2,3,60.0,0,I,MELB_URBAN,OTHER,11,20.0
138234,4,5,173,5,2,70.0,0,N,MELB_URBAN,ROAD,11,6.0
138235,1,6,110,1,1,80.0,0,N,MELB_URBAN,ROAD,11,6.0
138236,4,5,171,4,1,60.0,0,I,LARGE_PROVINCIAL_CITIES,STREET,11,7.0
138237,1,4,133,5,9,80.0,0,N,MELB_URBAN,FREEWAY,11,19.0
138238,8,3,174,5,1,60.0,0,N,MELB_URBAN,OTHER,11,17.0
138239,1,4,130,5,2,60.0,0,N,MELB_URBAN,ROAD,11,18.0
138240,1,3,130,5,3,60.0,0,N,MELB_URBAN,RAMP,10,20.0
138241,5,4,183,5,5,100.0,0,N,RURAL_VICTORIA,ROAD,11,22.0
138242,2,5,102,2,1,50.0,0,N,MELB_URBAN,STREET,11,9.0
138243,1,4,130,2,2,80.0,0,I,MELB_URBAN,ROAD,11,18.0
138244,1,6,113,2,1,60.0,0,I,LARGE_PROVINCIAL_CITIES,ROAD,11,8.0
138245,1,5,130,1,1,60.0,0,I,MELB_URBAN,AVENUE,11,8.0
138246,1,6,160,5,1,60.0,0,N,SMALL_CITIES,AVENUE,11,8.0
138247,1,5,121,2,1,60.0,0,I,SMALL_CITIES,ROAD,11,9.0
138248,1,2,135,4,1,80.0,0,N,MELB_URBAN,ROAD,9,5.0
138249,3,7,167,5,5,100.0,0,N,RURAL_VICTORIA,ROAD,11,20.0
138250,1,6,99,2,1,60.0,0,I,MELB_URBAN,ROAD,11,9.0
138251,4,4,99,5,5,100.0,0,N,RURAL_VICTORIA,ROAD,2,3.0
138252,1,6,130,4,1,60.0,0,I,MELB_URBAN,RAMP,11,10.0
138253,4,5,181,5,1,60.0,0,N,MELB_URBAN,STREET,11,11.0
138254,1,1,110,1,3,60.0,0,N,MELB_URBAN,BOULEVARD,10,21.0
138255,1,6,132,5,1,60.0,0,N,SMALL_CITIES,ROAD,11,13.0
138256,1,4,130,5,1,60.0,0,N,MELB_URBAN,ROAD,11,17.0
138257,4,6,183,5,1,110.0,0,N,RURAL_VICTORIA,FREEWAY,11,13.0
138258,4,6,173,5,1,100.0,1,N,SMALL_CITIES,ROAD,11,12.0
138259,1,5,130,5,1,60.0,0,N,MELB_URBAN,FREEWAY,11,14.0
138260,1,6,110,1,1,60.0,0,I,MELB_URBAN,STREET,11,10.0
138261,1,6,130,5,1,60.0,0,N,MELB_URBAN,ROAD,11,15.0
138262,1,6,116,2,1,60.0,0,I,MELB_URBAN,STREET,11,15.0
138263,1,6,121,2,1,80.0,0,N,RURAL_VICTORIA,ROAD,11,17.0
138264,1,6,134,5,1,100.0,0,N,MELB_URBAN,ROAD,11,15.0
138265,1,6,116,2,1,50.0,0,I,MELB_URBAN,ROAD,11,7.0
138266,2,6,102,5,2,60.0,0,N,MELB_URBAN,STREET,11,16.0
138267,1,5,99,5,1,60.0,0,N,MELB_URBAN,ROAD,11,15.0
138268,4,6,171,5,1,80.0,0,N,RURAL_VICTORIA,ROAD,11,14.0
138269,1,6,130,5,1,80.0,0,N,MELB_URBAN,OTHER,11,17.0
138270,1,6,120,5,1,60.0,0,N,MELB_URBAN,HIGHWAY,11,15.0
138271,1,6,110,1,1,80.0,0,I,RURAL_VICTORIA,ROAD,11,16.0
138272,1,6,120,5,1,100.0,0,N,RURAL_VICTORIA,HIGHWAY,11,14.0
138273,4,6,173,5,1,100.0,0,N,RURAL_VICTORIA,ROAD,11,17.0
138274,1,5,130,5,3,60.0,0,N,MELB_URBAN,ROAD,11,20.0
138275,1,6,110,1,1,50.0,0,I,SMALL_CITIES,ROAD,11,17.0
138276,4,6,173,5,3,40.0,0,N,MELB_URBAN,STREET,11,20.0
138277,1,6,99,5,5,100.0,0,N,RURAL_VICTORIA,ROAD,11,23.0
138278,1,5,110,1,2,60.0,0,I,MELB_URBAN,ROAD,11,5.0
138279,4,7,171,5,3,50.0,0,N,MELB_URBAN,OTHER,11,0.0
138280,2,7,99,5,6,50.0,0,N,MELB_URBAN,STREET,10,22.0
138281,4,7,171,5,3,60.0,0,N,MELB_URBAN,ROAD,11,3.0
138282,4,7,173,2,5,80.0,0,I,RURAL_VICTORIA,ROAD,11,5.0
138283,2,2,100,1,2,70.0,0,I,MELB_URBAN,ROAD,10,5.0
138284,1,4,121,1,1,50.0,0,I,SMALL_CITIES,STREET,11,12.0
138285,1,2,121,1,1,60.0,0,I,MELB_URBAN,STREET,8,16.0
138286,1,5,121,2,6,60.0,0,N,MELB_URBAN,ROAD,11,22.0
138287,1,6,130,5,1,50.0,0,N,MELB_URBAN,ROAD,11,11.0
138288,4,7,181,5,5,110.0,0,N,RURAL_VICTORIA,HIGHWAY,11,4.0
138289,1,7,99,5,1,110.0,0,N,RURAL_VICTORIA,FREEWAY,11,10.0
138290,1,5,130,2,1,60.0,0,N,MELB_URBAN,AVENUE,11,16.0
138291,1,7,160,5,1,50.0,0,N,MELB_URBAN,ROAD,11,10.0
138292,2,7,100,2,1,60.0,0,I,MELB_URBAN,ROAD,11,10.0
138293,1,7,130,5,1,70.0,0,N,LARGE_PROVINCIAL_CITIES,ROAD,11,14.0
138294,1,7,134,1,1,80.0,0,I,MELB_URBAN,AVENUE,11,14.0
138295,2,7,99,5,1,50.0,0,N,MELB_URBAN,ROAD,11,13.0
138296,1,7,120,5,1,100.0,0,N,RURAL_VICTORIA,ROAD,11,15.0
138297,1,7,121,2,1,90.0,0,I,MELB_URBAN,ROAD,11,16.0
138298,1,3,132,1,6,80.0,0,N,MELB_URBAN,FREEWAY,11,20.0
138299,1,6,134,5,1,100.0,0,N,RURAL_VICTORIA,FREEWAY,11,18.0
138300,8,7,174,5,1,60.0,0,N,MELB_URBAN,STREET,11,17.0
138301,1,7,130,5,1,80.0,0,N,MELB_URBAN,UNKNOWN,11,15.0
138302,4,6,183,5,1,100.0,0,N,RURAL_VICTORIA,HIGHWAY,11,17.0
138303,1,7,160,2,1,60.0,0,I,LARGE_PROVINCIAL_CITIES,ROAD,11,14.0
138304,1,7,121,1,1,80.0,0,I,MELB_URBAN,HIGHWAY,11,18.0
138305,1,6,116,2,1,60.0,0,I,MELB_URBAN,ROAD,11,17.0
138306,1,7,99,5,3,60.0,0,N,MELB_URBAN,PARADE,11,23.0
138307,1,6,132,2,3,80.0,0,N,MELB_URBAN,ROAD,11,23.0
138308,1,7,130,5,3,80.0,0,N,MELB_URBAN,ROAD,11,23.0
138309,1,1,160,5,3,60.0,0,N,MELB_URBAN,ROAD,11,2.0
138310,4,0,99,5,3,80.0,0,N,MELB_URBAN,FREEWAY,11,3.0
138311,1,7,99,1,1,60.0,0,I,MELB_URBAN,ROAD,11,12.0
138312,1,1,121,1,1,70.0,0,I,MELB_URBAN,AVENUE,11,10.0
138313,1,6,121,1,1,60.0,0,N,MELB_URBAN,STREET,11,13.0
138314,1,5,130,5,1,80.0,0,N,MELB_URBAN,ROAD,10,9.0
138315,1,0,113,1,1,70.0,0,I,MELB_URBAN,ROAD,11,11.0
138316,1,0,130,2,1,80.0,0,N,MELB_URBAN,ROAD,11,11.0
138317,1,5,135,1,1,60.0,0,I,MELB_URBAN,DRIVE,11,15.0
138318,8,6,99,5,9,40.0,0,N,MELB_URBAN,STREET,3,16.0
138319,1,1,130,5,1,80.0,0,N,MELB_URBAN,ROAD,11,13.0
138320,1,0,110,1,1,50.0,0,I,TOWNS,STREET,11,14.0
138321,4,0,173,5,1,100.0,0,N,RURAL_VICTORIA,ROAD,11,14.0
138322,1,0,110,1,1,70.0,0,I,SMALL_CITIES,HIGHWAY,11,15.0
138323,1,1,121,5,1,80.0,0,N,MELB_URBAN,HIGHWAY,11,14.0
138324,1,1,99,2,1,100.0,0,I,RURAL_VICTORIA,ROAD,11,14.0
138325,1,1,120,5,1,60.0,0,I,RURAL_VICTORIA,ROAD,11,17.0
138326,4,0,173,2,1,50.0,0,I,LARGE_PROVINCIAL_CITIES,AVENUE,11,18.0
138327,1,1,130,1,1,40.0,0,N,MELB_URBAN,STREET,11,19.0
138328,2,1,99,5,1,60.0,0,N,MELB_URBAN,BOULEVARD,11,14.0
138329,4,4,173,5,3,60.0,0,N,MELB_URBAN,STREET,7,19.0
138330,1,4,133,5,1,50.0,0,N,MELB_URBAN,ROAD,10,12.0
138331,1,0,130,2,3,50.0,0,N,MELB_URBAN,AVENUE,11,22.0
138332,1,5,130,5,1,60.0,0,N,RURAL_VICTORIA,STREET,11,13.0
138333,4,0,171,5,1,100.0,0,N,RURAL_VICTORIA,HIGHWAY,11,19.0
138334,4,0,171,2,1,50.0,0,I,RURAL_VICTORIA,BOULEVARD,11,13.0
138335,1,1,134,5,1,60.0,0,N,MELB_URBAN,ROAD,11,7.0
138336,1,2,130,5,1,60.0,0,N,RURAL_VICTORIA,ROAD,11,8.0
138337,1,1,130,5,1,70.0,0,N,LARGE_PROVINCIAL_CITIES,ROAD,11,8.0
138338,1,1,121,5,1,60.0,0,N,MELB_URBAN,ROAD,11,8.0
138339,1,2,113,2,1,80.0,0,I,MELB_URBAN,ROAD,11,7.0
138340,1,2,121,1,1,50.0,0,I,MELB_URBAN,ROAD,11,7.0
138341,1,3,113,2,1,60.0,0,I,MELB_URBAN,ROAD,9,11.0
138342,1,7,160,5,1,40.0,0,N,MELB_URBAN,STREET,11,16.0
138343,1,2,121,2,1,80.0,0,I,MELB_URBAN,ROAD,11,8.0
138344,1,2,130,5,1,100.0,0,N,MELB_URBAN,FREEWAY,11,8.0
138345,4,1,181,5,1,80.0,0,N,RURAL_VICTORIA,ROAD,11,7.0
138346,4,1,171,5,1,100.0,0,N,RURAL_VICTORIA,ROAD,11,10.0
138347,1,1,130,2,2,100.0,0,N,MELB_URBAN,UNKNOWN,11,6.0
138348,6,7,174,5,2,60.0,0,N,MELB_URBAN,OTHER,11,18.0
138349,1,1,121,1,1,60.0,0,I,MELB_URBAN,STREET,11,12.0
138350,1,2,130,5,1,60.0,0,N,MELB_URBAN,ROAD,11,12.0
138351,1,2,147,5,1,50.0,0,N,MELB_URBAN,DRIVE,11,12.0
138352,1,2,140,5,1,50.0,0,N,LARGE_PROVINCIAL_CITIES,ROAD,3,15.0
138353,1,6,130,5,1,80.0,0,N,MELB_URBAN,FREEWAY,11,11.0
138354,6,1,170,5,1,100.0,0,N,RURAL_VICTORIA,ROAD,11,10.0
138355,1,2,113,1,1,80.0,0,I,MELB_URBAN,ROAD,11,14.0
138356,1,2,121,1,1,70.0,0,I,MELB_URBAN,ROAD,11,15.0
138357,1,2,121,5,1,60.0,0,N,MELB_URBAN,ROAD,11,17.0
138358,1,2,110,4,1,80.0,0,I,RURAL_VICTORIA,ROAD,11,17.0
138359,1,1,130,1,1,80.0,0,N,MELB_URBAN,HIGHWAY,11,13.0
138360,1,2,99,5,1,50.0,0,N,MELB_URBAN,UNKNOWN,11,18.0
138361,1,3,130,5,1,80.0,0,N,MELB_URBAN,ROAD,10,14.0
138362,1,2,130,5,5,100.0,0,N,MELB_URBAN,FREEWAY,11,21.0
138363,1,3,99,5,3,50.0,0,N,MELB_URBAN,DRIVE,11,2.0
138364,2,2,100,5,3,50.0,0,N,TOWNS,OTHER,11,22.0
138365,1,2,130,2,1,80.0,0,N,MELB_URBAN,ROAD,11,8.0
138366,5,2,99,2,1,60.0,0,N,MELB_URBAN,ROAD,11,7.0
138367,1,1,130,2,1,60.0,0,I,MELB_URBAN,ROAD,11,8.0
138368,4,3,173,5,1,60.0,0,N,MELB_URBAN,ROAD,11,10.0
138369,1,3,130,5,1,110.0,0,N,RURAL_VICTORIA,HIGHWAY,11,10.0
138370,1,3,130,5,1,80.0,0,N,MELB_URBAN,ROAD,11,7.0
138371,4,3,173,2,1,50.0,0,I,MELB_URBAN,ROAD,11,11.0
138372,1,3,110,1,1,50.0,0,I,SMALL_CITIES,STREET,11,13.0
138373,1,7,110,1,1,60.0,0,I,LARGE_PROVINCIAL_CITIES,STREET,9,16.0
138374,7,7,99,5,3,60.0,0,N,MELB_URBAN,ROAD,4,20.0
138375,1,3,99,2,1,60.0,0,I,MELB_URBAN,STREET,11,13.0
138376,4,3,173,5,1,100.0,0,N,RURAL_VICTORIA,HIGHWAY,11,12.0
138377,1,2,110,1,1,50.0,0,I,MELB_URBAN,STREET,11,14.0
138378,1,3,120,5,1,60.0,0,N,RURAL_VICTORIA,ROAD,11,13.0
138379,3,3,167,5,3,80.0,0,N,RURAL_VICTORIA,HIGHWAY,10,4.0
138380,1,1,113,1,1,40.0,0,I,LARGE_PROVINCIAL_CITIES,OTHER,11,15.0
138381,1,3,99,2,1,40.0,0,I,LARGE_PROVINCIAL_CITIES,STREET,11,15.0
138382,1,3,160,5,1,50.0,0,N,MELB_URBAN,OTHER,11,16.0
138383,1,2,130,1,1,80.0,0,I,MELB_URBAN,HIGHWAY,11,14.0
138384,1,3,130,5,1,80.0,0,N,MELB_URBAN,ROAD,11,14.0
138385,1,3,110,1,1,50.0,0,I,SMALL_CITIES,STREET,11,17.0
138386,1,3,132,1,1,100.0,0,I,RURAL_VICTORIA,ROAD,11,13.0
138387,1,6,113,2,3,60.0,0,N,MELB_URBAN,OTHER,11,5.0
138388,1,2,110,1,1,50.0,0,I,MELB_URBAN,HIGHWAY,11,16.0
138389,2,3,99,5,1,60.0,0,N,TOWNS,STREET,11,15.0
138390,8,1,174,2,1,50.0,0,I,RURAL_VICTORIA,ROAD,10,20.0
138391,1,3,130,5,1,80.0,0,N,MELB_URBAN,HIGHWAY,11,14.0
138392,1,3,140,5,1,60.0,0,N,MELB_URBAN,ROAD,11,16.0
138393,6,3,99,5,1,60.0,0,N,MELB_URBAN,ROAD,11,18.0
138394,4,3,171,5,1,60.0,0,N,MELB_URBAN,HIGHWAY,11,18.0
138395,1,3,99,2,1,40.0,0,I,MELB_URBAN,STREET,11,9.0
138396,1,4,135,5,5,80.0,0,N,MELB_URBAN,ROAD,11,0.0
138397,1,5,110,1,3,70.0,0,I,MELB_URBAN,ROAD,9,20.0
138398,1,5,130,4,1,60.0,0,N,MELB_URBAN,STREET,11,17.0
138399,4,4,181,5,1,80.0,0,N,RURAL_VICTORIA,ROAD,11,6.0
138400,1,2,130,5,1,60.0,0,N,RURAL_VICTORIA,ROAD,11,15.0
138401,1,1,113,2,1,60.0,0,I,MELB_URBAN,ROAD,3,8.0
138402,8,1,174,5,9,60.0,0,N,RURAL_VICTORIA,ROAD,10,13.0
138403,5,7,99,5,1,60.0,0,N,RURAL_VICTORIA,ROAD,10,13.0
138404,1,4,113,2,1,70.0,0,I,MELB_URBAN,ROAD,11,10.0
138405,1,4,110,1,1,50.0,0,N,MELB_URBAN,STREET,11,7.0
138406,1,3,130,5,1,80.0,0,N,MELB_URBAN,OTHER,11,7.0
138407,1,4,171,5,1,40.0,0,N,MELB_URBAN,STREET,11,10.0
138408,1,3,160,5,3,50.0,0,N,SMALL_CITIES,DRIVE,11,21.0
138409,1,4,130,1,1,80.0,0,N,MELB_URBAN,HIGHWAY,11,12.0
138410,1,4,130,4,1,60.0,0,N,MELB_URBAN,RAMP,11,9.0
138411,1,4,110,1,1,50.0,0,I,LARGE_PROVINCIAL_CITIES,STREET,11,12.0
138412,1,4,130,5,1,100.0,0,N,MELB_URBAN,FREEWAY,11,6.0
138413,7,1,99,2,5,60.0,0,N,RURAL_VICTORIA,ROAD,11,0.0
138414,8,4,184,5,1,60.0,0,N,MELB_URBAN,STREET,11,12.0
138415,1,4,120,5,1,70.0,0,N,MELB_URBAN,ROAD,11,8.0
138416,1,6,111,2,1,50.0,0,I,MELB_URBAN,BOULEVARD,11,17.0
138417,1,4,130,5,1,70.0,0,N,MELB_URBAN,ROAD,11,6.0
138418,4,4,173,5,1,100.0,0,N,RURAL_VICTORIA,ROAD,11,13.0
138419,1,4,121,1,1,60.0,0,I,MELB_URBAN,ROAD,11,16.0
138420,1,4,133,2,1,60.0,0,N,MELB_URBAN,STREET,11,15.0
138421,1,4,99,5,1,80.0,0,N,MELB_URBAN,ROAD,11,15.0
138422,1,4,130,2,1,60.0,0,I,SMALL_CITIES,OTHER,11,18.0
138423,1,4,130,2,1,70.0,0,I,MELB_URBAN,ROAD,11,17.0
138424,4,3,171,5,1,60.0,0,N,MELB_URBAN,ROAD,11,15.0
138425,1,4,113,2,1,60.0,0,I,MELB_URBAN,ROAD,11,18.0
138426,1,5,130,5,1,40.0,0,N,MELB_URBAN,FREEWAY,11,11.0
138427,1,4,130,5,1,60.0,0,N,MELB_URBAN,ROAD,11,18.0
138428,1,3,121,1,1,60.0,0,I,MELB_URBAN,STREET,11,9.0
138429,1,6,110,1,5,50.0,0,I,MELB_URBAN,STREET,6,17.0
138430,4,4,171,5,1,100.0,0,N,RURAL_VICTORIA,ROAD,11,13.0
138431,1,4,110,1,1,40.0,0,I,MELB_URBAN,ROAD,11,17.0
138432,4,4,171,5,1,80.0,0,N,RURAL_VICTORIA,ROAD,11,18.0
138433,1,3,110,1,1,50.0,0,I,MELB_URBAN,AVENUE,11,16.0
138434,4,4,171,5,1,100.0,0,N,RURAL_VICTORIA,ROAD,11,19.0
138435,1,4,121,1,2,40.0,0,I,MELB_URBAN,STREET,11,19.0
138436,1,4,99,2,2,70.0,0,I,MELB_URBAN,ROAD,11,5.0
138437,1,1,130,5,1,50.0,0,N,MELB_URBAN,OTHER,2,15.0
138438,1,3,111,1,3,60.0,0,I,MELB_URBAN,STREET,11,21.0
138439,8,4,174,2,9,60.0,0,I,SMALL_CITIES,STREET,11,16.0
138440,1,5,113,2,1,60.0,0,I,RURAL_VICTORIA,BOULEVARD,11,7.0
138441,1,2,130,5,1,80.0,0,N,MELB_URBAN,FREEWAY,11,16.0
138442,1,3,130,5,1,100.0,0,N,RURAL_VICTORIA,HIGHWAY,11,16.0
138443,1,4,130,2,1,60.0,0,I,MELB_URBAN,ROAD,11,10.0
138444,1,5,113,4,1,60.0,0,N,MELB_URBAN,ROAD,11,9.0
138445,4,7,99,5,1,80.0,0,N,MELB_URBAN,FREEWAY,11,9.0
138446,8,7,184,5,1,100.0,0,N,RURAL_VICTORIA,ROAD,11,15.0
138447,4,3,173,5,1,100.0,0,N,RURAL_VICTORIA,HIGHWAY,10,13.0
138448,1,3,130,1,1,70.0,0,I,MELB_URBAN,ROAD,11,11.0
138449,6,3,99,5,1,100.0,0,N,RURAL_VICTORIA,ROAD,11,17.0
138450,6,3,99,5,1,100.0,0,N,RURAL_VICTORIA,ROAD,10,14.0
138451,5,5,99,5,2,100.0,0,N,RURAL_VICTORIA,ROAD,6,7.0
138452,6,5,99,5,1,110.0,0,N,RURAL_VICTORIA,HIGHWAY,11,13.0
138453,4,5,173,5,1,100.0,0,N,RURAL_VICTORIA,ROAD,11,14.0
138454,1,5,120,5,1,80.0,1,N,RURAL_VICTORIA,ROAD,11,13.0
138455,1,5,99,1,1,60.0,0,I,MELB_URBAN,ROAD,11,13.0
138456,8,2,174,2,1,50.0,0,N,MELB_URBAN,ROAD,10,10.0
138457,4,5,99,5,1,60.0,0,N,MELBOURNE_CBD,STREET,11,7.0