,accident_type,day_of_week,dca_code,road_geometry,light_condition,speed_zone,severity,node_type,deg_urban_name,road_type,month,hour
138458,1,6,121,1,1,60.0,0,I,MELB_URBAN,ROAD,10,7.0
138459,1,5,113,2,1,60.0,0,I,MELB_URBAN,STREET,11,18.0
138460,1,5,130,5,1,70.0,0,N,MELB_URBAN,STREET,11,17.0
138461,4,5,173,4,1,80.0,0,I,MELB_URBAN,HIGHWAY,11,16.0
138462,1,2,130,1,1,50.0,0,I,MELB_URBAN,STREET,11,8.0
138463,1,5,132,5,1,100.0,0,N,RURAL_VICTORIA,ROAD,11,17.0
138464,4,5,181,5,1,100.0,0,N,RURAL_VICTORIA,ROAD,11,17.0
138465,1,5,99,2,1,70.0,0,N,LARGE_PROVINCIAL_CITIES,STREET,11,18.0
138466,4,5,171,1,2,50.0,0,I,SMALL_CITIES,AVENUE,11,18.0
138467,2,5,100,5,3,60.0,0,N,MELB_URBAN,STREET,11,20.0
138468,1,4,130,5,1,60.0,0,N,MELB_URBAN,STREET,11,16.0
138469,1,4,99,2,1,100.0,0,I,RURAL_VICTORIA,ROAD,11,15.0
138470,4,5,171,5,1,60.0,0,N,MELB_URBAN,ROAD,11,15.0
138471,1,5,140,5,3,70.0,0,N,MELB_URBAN,ROAD,11,22.0
138472,1,4,130,5,3,60.0,0,N,MELB_URBAN,ROAD,11,22.0
138473,1,4,130,5,3,100.0,0,N,MELB_URBAN,FREEWAY,11,23.0
138474,6,6,99,5,1,80.0,0,N,RURAL_VICTORIA,ROAD,11,6.0
138475,1,0,130,5,1,50.0,0,N,LARGE_PROVINCIAL_CITIES,STREET,11,10.0
138476,2,5,100,2,1,40.0,0,I,MELB_URBAN,ROAD,11,8.0
138477,1,3,160,5,2,50.0,0,N,LARGE_PROVINCIAL_CITIES,ROAD,10,19.0
138478,1,5,121,1,1,80.0,0,I,MELB_URBAN,ROAD,11,9.0
138479,4,6,183,5,1,100.0,0,N,RURAL_VICTORIA,ROAD,11,9.0
138480,5,3,99,5,1,60.0,0,N,RURAL_VICTORIA,ROAD,11,10.0
138481,4,1,171,5,1,100.0,0,N,RURAL_VICTORIA,ROAD,11,14.0
138482,2,6,100,2,1,40.0,0,N,MELB_URBAN,ROAD,11,10.0
138483,1,4,130,5,1,80.0,0,N,MELB_URBAN,ROAD,11,12.0
138484,1,6,132,1,1,60.0,0,I,LARGE_PROVINCIAL_CITIES,STREET,11,13.0
138485,1,5,130,2,1,60.0,0,I,MELB_URBAN,FREEWAY,11,11.0
138486,1,6,120,5,3,100.0,0,N,MELB_URBAN,FREEWAY,11,2.0
138487,1,1,132,5,1,60.0,0,N,LARGE_PROVINCIAL_CITIES,STREET,11,17.0
138488,1,3,130,1,9,80.0,0,N,MELB_URBAN,HIGHWAY,11,14.0
138489,4,4,171,5,1,100.0,0,N,RURAL_VICTORIA,ROAD,11,17.0
138490,2,6,100,5,1,50.0,0,N,MELB_URBAN,STREET,11,18.0
138491,8,1,184,5,1,60.0,0,N,RURAL_VICTORIA,ROAD,11,9.0
138492,8,3,99,5,1,40.0,0,N,MELB_URBAN,STREET,11,11.0
138493,1,6,147,2,1,80.0,0,I,MELB_URBAN,HIGHWAY,11,15.0
138494,1,2,130,5,1,100.0,0,N,MELB_URBAN,FREEWAY,10,16.0
138495,1,6,130,5,1,60.0,0,N,MELB_URBAN,ROAD,11,16.0
138496,1,5,113,2,1,60.0,0,I,MELB_URBAN,ROAD,11,17.0
138497,1,2,113,2,3,80.0,0,I,RURAL_VICTORIA,HIGHWAY,10,20.0
138498,1,6,121,1,1,60.0,0,N,MELB_URBAN,ROAD,11,15.0
138499,1,6,130,5,1,100.0,0,N,MELB_URBAN,ROAD,11,14.0
138500,1,6,130,5,1,100.0,0,N,RURAL_VICTORIA,HIGHWAY,11,16.0
138501,6,6,174,1,1,50.0,0,I,MELB_URBAN,OTHER,11,19.0
138502,1,6,147,5,1,60.0,0,N,MELB_URBAN,ROAD,11,9.0
138503,2,6,99,5,1,60.0,0,N,SMALL_CITIES,STREET,11,16.0
138504,1,6,113,1,3,60.0,1,I,MELB_URBAN,STREET,11,21.0
138505,1,7,120,1,5,60.0,0,I,SMALL_CITIES,STREET,11,1.0
138506,2,6,99,5,3,60.0,0,N,TOWNS,STREET,11,0.0
138507,1,5,99,5,1,60.0,0,N,MELB_URBAN,ROAD,11,12.0
138508,6,6,99,5,1,100.0,0,N,RURAL_VICTORIA,HIGHWAY,11,10.0
138509,1,6,113,4,1,70.0,0,N,MELB_URBAN,RAMP,11,15.0
138510,1,2,130,5,1,70.0,0,N,LARGE_PROVINCIAL_CITIES,OTHER,11,14.0
138511,1,3,99,2,1,60.0,0,I,MELB_URBAN,ROAD,11,15.0
138512,1,5,132,3,9,60.0,0,N,MELB_URBAN,STREET,11,14.0
138513,2,7,100,2,1,80.0,0,N,MELB_URBAN,HIGHWAY,11,11.0
138514,4,5,171,5,3,50.0,0,N,SMALL_CITIES,DRIVE,11,20.0
138515,8,7,99,2,2,60.0,0,I,MELB_URBAN,ROAD,11,5.0
138516,2,7,99,5,1,60.0,0,N,RURAL_VICTORIA,ROAD,11,11.0
138517,1,5,113,2,6,50.0,0,I,MELB_URBAN,ROAD,10,21.0
138518,5,7,99,5,1,80.0,0,N,RURAL_VICTORIA,ROAD,11,13.0
138519,1,6,110,1,1,60.0,0,I,TOWNS,ROAD,11,14.0
138520,1,6,99,2,1,60.0,0,N,TOWNS,STREET,11,17.0
138521,1,6,130,5,1,80.0,0,N,MELB_URBAN,FREEWAY,11,15.0
138522,1,7,116,2,1,60.0,0,I,MELB_URBAN,ROAD,11,9.0
138523,1,7,130,5,1,60.0,0,N,MELB_URBAN,ROAD,11,14.0
138524,1,5,130,1,3,70.0,0,N,MELB_URBAN,ROAD,11,21.0
138525,1,7,130,5,1,40.0,0,N,MELB_URBAN,FREEWAY,11,15.0
138526,1,7,130,2,1,60.0,0,I,MELB_URBAN,ROAD,11,18.0
138527,1,7,121,5,1,60.0,0,N,MELB_URBAN,ROAD,11,17.0
138528,2,6,99,5,1,60.0,0,N,MELB_URBAN,DRIVE,11,16.0
138529,4,7,171,5,1,80.0,0,N,TOWNS,ROAD,11,18.0
138530,1,7,130,5,1,80.0,0,N,MELB_URBAN,ROAD,11,19.0
138531,4,7,173,5,1,40.0,0,N,MELBOURNE_CBD,STREET,11,19.0
138532,1,7,132,1,1,70.0,0,N,RURAL_VICTORIA,PARADE,11,17.0
138533,2,7,99,5,5,60.0,0,N,MELB_URBAN,ROAD,11,21.0
138534,1,7,147,2,3,60.0,0,I,MELB_URBAN,ROAD,11,21.0
138535,4,7,171,5,5,100.0,0,N,RURAL_VICTORIA,HIGHWAY,11,22.0
138536,1,5,120,5,3,40.0,0,N,MELB_URBAN,STREET,11,4.0
138537,4,7,181,5,5,100.0,0,N,RURAL_VICTORIA,ROAD,11,20.0
138538,1,1,160,5,3,50.0,0,N,MELB_URBAN,STREET,11,0.0
138539,6,7,170,3,3,60.0,0,I,SMALL_CITIES,PARADE,11,3.0
138540,1,1,110,1,3,80.0,0,I,RURAL_VICTORIA,HIGHWAY,11,0.0
138541,1,0,160,5,3,50.0,0,N,MELB_URBAN,OTHER,11,0.0
138542,1,6,121,1,1,60.0,0,I,LARGE_PROVINCIAL_CITIES,STREET,11,13.0
138543,4,6,181,5,1,60.0,0,N,MELB_URBAN,ROAD,11,17.0
138544,4,0,173,5,2,110.0,0,N,RURAL_VICTORIA,FREEWAY,11,5.0
138545,2,1,100,5,6,80.0,0,N,MELB_URBAN,ROAD,11,4.0
138546,4,1,183,5,2,60.0,0,N,MELB_URBAN,RAMP,11,6.0
138547,1,0,130,5,1,60.0,0,N,MELB_URBAN,FREEWAY,11,12.0
138548,1,1,113,2,1,80.0,0,I,TOWNS,HIGHWAY,11,9.0
138549,1,1,110,1,1,100.0,0,I,RURAL_VICTORIA,ROAD,11,15.0
138550,1,1,135,5,1,100.0,0,N,MELB_URBAN,FREEWAY,11,10.0
138551,1,6,147,5,1,70.0,0,N,SMALL_CITIES,STREET,11,15.0
138552,1,5,130,5,1,70.0,0,N,MELB_URBAN,ROAD,11,17.0
138553,1,1,130,5,1,100.0,0,N,RURAL_VICTORIA,ROAD,11,12.0
138554,1,1,110,4,1,60.0,0,I,SMALL_CITIES,ROAD,11,9.0
138555,5,1,171,5,1,100.0,0,N,RURAL_VICTORIA,ROAD,11,12.0
138556,1,1,163,5,1,40.0,0,N,MELB_URBAN,ROAD,11,13.0
138557,1,6,130,5,1,60.0,0,N,MELB_URBAN,ROAD,10,14.0
138558,1,1,130,1,1,60.0,0,N,MELB_URBAN,STREET,11,14.0
138559,1,1,147,5,1,100.0,0,N,RURAL_VICTORIA,ROAD,11,14.0
138560,1,7,99,5,1,60.0,0,N,MELB_URBAN,ROAD,11,11.0
138561,1,1,110,1,1,60.0,0,I,TOWNS,STREET,11,14.0
138562,4,1,99,5,5,100.0,0,N,RURAL_VICTORIA,ROAD,5,1.0
138563,1,1,113,2,1,50.0,0,I,MELB_URBAN,STREET,11,15.0
138564,4,7,181,5,1,100.0,0,N,RURAL_VICTORIA,ROAD,11,16.0
138565,1,4,160,5,6,40.0,0,N,MELB_URBAN,STREET,11,4.0
138566,1,1,99,2,1,50.0,0,N,MELB_URBAN,OTHER,11,17.0
138567,4,1,173,2,1,50.0,0,N,MELB_URBAN,STREET,11,17.0
138568,1,1,121,1,1,60.0,0,I,MELB_URBAN,ROAD,11,16.0
138569,1,7,130,4,1,60.0,0,I,MELB_URBAN,ROAD,11,16.0
138570,1,1,160,5,1,40.0,0,N,SMALL_CITIES,STREET,11,15.0
138571,1,1,121,1,3,70.0,0,N,MELB_URBAN,ROAD,11,20.0
138572,4,1,183,2,3,50.0,0,I,MELB_URBAN,OTHER,11,20.0
138573,1,5,147,5,1,60.0,0,N,LARGE_PROVINCIAL_CITIES,STREET,11,15.0
138574,6,1,170,5,9,60.0,0,N,RURAL_VICTORIA,ROAD,11,16.0
138575,1,1,130,1,3,60.0,0,I,MELB_URBAN,ROAD,11,21.0
138576,1,1,160,5,3,50.0,0,N,MELB_URBAN,PARADE,11,1.0
138577,1,3,121,2,1,80.0,0,I,MELB_URBAN,ROAD,11,15.0
138578,1,6,116,1,9,60.0,0,N,RURAL_VICTORIA,HIGHWAY,11,20.0
138579,1,2,132,2,1,50.0,0,I,RURAL_VICTORIA,AVENUE,11,8.0
138580,4,1,171,5,1,100.0,0,N,RURAL_VICTORIA,OTHER,11,11.0
138581,1,2,121,2,1,60.0,0,I,MELB_URBAN,STREET,11,7.0
138582,5,4,99,5,5,80.0,0,N,RURAL_VICTORIA,ROAD,6,23.0
138583,4,2,183,4,1,80.0,0,N,MELB_URBAN,RAMP,11,9.0
138584,1,5,130,1,1,70.0,0,N,MELB_URBAN,ROAD,11,13.0
138585,1,2,110,1,1,40.0,0,I,TOWNS,STREET,11,10.0
138586,1,2,163,5,1,50.0,0,N,MELB_URBAN,ROAD,11,11.0
138587,1,2,113,2,1,70.0,0,I,TOWNS,ROAD,11,10.0
138588,1,7,121,2,2,60.0,0,I,MELB_URBAN,ROAD,11,20.0
138589,1,2,121,1,1,60.0,0,I,MELB_URBAN,STREET,11,10.0
138590,8,6,170,5,1,80.0,0,N,SMALL_CITIES,HIGHWAY,11,16.0
138591,8,1,184,5,1,100.0,0,N,SMALL_TOWNS,ROAD,11,12.0
138592,6,3,174,5,1,50.0,0,N,SMALL_CITIES,STREET,11,14.0
138593,1,2,130,5,1,80.0,0,N,MELB_URBAN,FREEWAY,11,13.0
138594,4,2,181,1,1,100.0,0,N,RURAL_VICTORIA,HIGHWAY,11,13.0
138595,1,2,120,5,1,60.0,0,N,LARGE_PROVINCIAL_CITIES,ROAD,11,14.0
138596,1,3,130,1,9,80.0,0,N,MELB_URBAN,ROAD,11,13.0
138597,4,2,171,1,1,60.0,0,I,MELB_URBAN,ROAD,11,15.0
138598,4,2,171,5,1,100.0,0,N,RURAL_VICTORIA,ROAD,11,13.0
138599,4,2,171,5,1,100.0,0,N,RURAL_VICTORIA,ROAD,11,12.0
138600,1,2,99,1,1,40.0,1,I,LARGE_PROVINCIAL_CITIES,ROAD,11,12.0
138601,1,2,130,5,1,60.0,0,N,MELB_URBAN,AVENUE,11,14.0
138602,8,2,174,2,1,50.0,0,I,MELB_URBAN,DRIVE,11,14.0
138603,1,6,130,5,1,60.0,0,N,LARGE_PROVINCIAL_CITIES,STREET,11,13.0
138604,1,2,130,2,1,40.0,0,N,MELB_URBAN,AVENUE,11,15.0
138605,8,2,174,5,1,30.0,0,N,MELB_URBAN,STREET,11,15.0
138606,1,2,121,5,1,80.0,0,N,MELB_URBAN,HIGHWAY,11,14.0
138607,1,2,113,2,1,50.0,0,I,SMALL_CITIES,STREET,11,17.0
138608,1,2,130,5,1,100.0,0,N,MELB_URBAN,FREEWAY,11,17.0
138609,1,2,130,1,1,80.0,0,I,MELB_URBAN,ROAD,11,16.0
138610,1,1,110,1,1,80.0,0,N,RURAL_VICTORIA,AVENUE,11,18.0
138611,1,5,130,2,1,70.0,0,I,MELB_URBAN,ROAD,11,17.0
138612,1,2,130,5,1,80.0,0,N,MELB_URBAN,ROAD,11,16.0
138613,1,1,160,5,1,60.0,0,N,MELB_URBAN,DRIVE,11,18.0
138614,2,2,102,5,1,60.0,0,N,MELB_URBAN,ROAD,11,16.0
138615,1,2,130,5,1,60.0,0,N,MELB_URBAN,ROAD,11,12.0
138616,1,5,147,2,1,80.0,0,I,MELB_URBAN,ROAD,11,18.0
138617,4,6,171,2,1,50.0,0,N,MELB_URBAN,ROAD,11,10.0
138618,1,2,99,1,1,80.0,0,I,MELB_URBAN,HIGHWAY,11,10.0
138619,1,7,130,5,1,110.0,0,N,RURAL_VICTORIA,FREEWAY,11,11.0
138620,1,1,121,1,3,60.0,0,N,MELB_URBAN,AVENUE,8,22.0
138621,1,1,130,5,9,80.0,0,N,MELB_URBAN,ROAD,11,5.0
138622,1,4,121,1,1,60.0,0,I,MELB_URBAN,ROAD,11,15.0
138623,1,2,99,2,1,60.0,0,I,MELB_URBAN,ROAD,11,15.0
138624,1,7,130,5,1,60.0,0,N,MELB_URBAN,ROAD,11,10.0
138625,2,3,99,5,5,60.0,1,N,MELB_URBAN,ROAD,11,2.0
138626,5,2,99,5,1,80.0,0,N,RURAL_VICTORIA,STREET,11,7.0
138627,1,3,134,5,1,60.0,0,N,MELB_URBAN,DRIVE,10,18.0
138628,1,1,140,5,1,60.0,0,N,MELB_URBAN,ROAD,11,6.0
138629,8,1,174,1,3,60.0,0,I,MELB_URBAN,STREET,11,0.0
138630,5,2,99,5,1,100.0,0,N,RURAL_VICTORIA,FREEWAY,11,6.0
138631,1,4,132,2,1,40.0,0,I,MELB_URBAN,HIGHWAY,11,14.0
138632,4,6,171,5,1,60.0,0,N,MELB_URBAN,ROAD,2,15.0
138633,1,5,132,5,1,80.0,0,N,MELB_URBAN,ROAD,9,14.0
138634,8,7,174,5,1,60.0,0,I,MELB_URBAN,ROAD,11,16.0
138635,4,3,171,5,1,60.0,0,N,LARGE_PROVINCIAL_CITIES,STREET,11,9.0
138636,2,2,100,2,1,50.0,0,I,SMALL_CITIES,STREET,11,8.0
138637,1,5,147,5,1,50.0,0,N,SMALL_CITIES,STREET,11,12.0
138638,1,4,135,5,1,60.0,0,N,RURAL_VICTORIA,ROAD,11,15.0
138639,1,6,110,1,3,60.0,0,I,LARGE_PROVINCIAL_CITIES,STREET,11,20.0
138640,1,7,160,5,1,60.0,0,N,MELB_URBAN,ROAD,11,13.0
138641,1,5,113,2,1,60.0,0,I,SMALL_CITIES,HIGHWAY,11,13.0
138642,1,2,134,4,1,100.0,0,N,MELB_URBAN,FREEWAY,11,9.0
138643,1,3,140,1,1,70.0,0,N,MELB_URBAN,ROAD,11,11.0
138644,4,2,171,5,1,60.0,0,N,RURAL_VICTORIA,ROAD,11,11.0
138645,5,7,99,2,1,50.0,0,N,LARGE_PROVINCIAL_CITIES,ROAD,9,12.0
138646,1,2,111,2,1,60.0,0,I,MELB_URBAN,PARADE,10,15.0
138647,1,2,160,2,1,50.0,0,I,MELB_URBAN,OTHER,11,13.0
138648,1,1,130,5,1,70.0,0,N,MELB_URBAN,ROAD,11,17.0
138649,8,3,174,5,1,40.0,0,N,MELB_URBAN,STREET,11,13.0
138650,1,1,130,5,9,100.0,0,N,MELB_URBAN,ROAD,11,16.0
138651,8,1,184,5,1,60.0,0,N,RURAL_VICTORIA,OTHER,11,14.0
138652,1,3,130,2,1,60.0,0,N,TOWNS,STREET,11,13.0
138653,4,3,181,5,1,100.0,0,N,RURAL_VICTORIA,ROAD,11,13.0
138654,1,3,120,5,1,60.0,0,N,MELB_URBAN,ROAD,11,13.0
138655,2,2,99,7,1,60.0,0,I,MELB_URBAN,OTHER,11,10.0
138656,2,3,102,5,3,40.0,0,N,LARGE_PROVINCIAL_CITIES,STREET,11,20.0
138657,1,3,121,1,1,60.0,0,I,MELB_URBAN,HIGHWAY,11,14.0
138658,6,1,184,5,1,80.0,0,N,RURAL_VICTORIA,ROAD,11,11.0
138659,1,3,160,5,1,50.0,0,N,MELB_URBAN,DRIVE,11,14.0
138660,1,3,110,1,1,60.0,0,I,MELB_URBAN,STREET,11,7.0
138661,1,7,130,2,1,60.0,0,I,LARGE_PROVINCIAL_CITIES,ROAD,11,9.0
138662,1,3,113,2,1,60.0,0,I,LARGE_PROVINCIAL_CITIES,ROAD,11,8.0
138663,1,3,110,1,1,50.0,0,I,MELB_URBAN,ROAD,11,15.0
138664,1,6,160,5,1,60.0,0,N,TOWNS,ROAD,11,15.0
138665,1,3,121,4,1,50.0,0,I,MELB_URBAN,RAMP,11,14.0
138666,1,3,130,1,1,60.0,0,I,MELB_URBAN,STREET,11,16.0
138667,1,3,130,5,1,80.0,0,N,MELB_URBAN,OTHER,11,15.0
138668,1,2,160,5,1,50.0,0,N,MELB_URBAN,STREET,11,16.0
138669,1,3,140,2,1,60.0,0,N,MELB_URBAN,ROAD,11,15.0
138670,2,2,99,5,1,60.0,0,N,TOWNS,AVENUE,10,17.0
138671,8,2,174,5,1,50.0,0,N,MELB_URBAN,STREET,11,6.0
138672,1,3,130,5,1,60.0,0,N,MELB_URBAN,STREET,11,17.0
138673,1,1,163,5,1,60.0,0,N,MELB_URBAN,ROAD,11,12.0
138674,1,5,130,5,1,80.0,0,N,MELB_URBAN,ROAD,11,13.0
138675,1,3,130,1,1,80.0,0,N,MELB_URBAN,HIGHWAY,11,17.0
138676,1,2,130,1,1,50.0,0,I,MELB_URBAN,STREET,11,16.0
138677,1,6,130,5,1,50.0,0,N,TOWNS,STREET,9,9.0
138678,1,3,147,5,1,50.0,0,N,MELB_URBAN,STREET,11,18.0
138679,1,1,130,5,1,80.0,0,N,MELB_URBAN,STREET,9,17.0
138680,1,3,110,1,1,80.0,0,N,MELB_URBAN,ROAD,11,18.0
138681,1,6,130,5,9,60.0,0,N,MELB_URBAN,STREET,8,12.0
138682,1,3,130,2,1,60.0,0,I,MELB_URBAN,ROAD,11,17.0
138683,1,3,130,5,1,60.0,0,N,MELB_URBAN,ROAD,11,17.0
138684,1,2,121,2,3,60.0,0,I,MELB_URBAN,ROAD,11,22.0
138685,1,5,130,5,1,60.0,0,N,LARGE_PROVINCIAL_CITIES,STREET,11,15.0
138686,1,2,130,5,1,60.0,0,N,SMALL_CITIES,OTHER,4,12.0
138687,1,4,99,2,1,40.0,0,I,MELB_URBAN,STREET,11,8.0
138688,1,3,110,1,1,60.0,0,I,LARGE_PROVINCIAL_CITIES,ROAD,11,7.0
138689,1,4,121,1,9,60.0,0,I,MELB_URBAN,ROAD,11,9.0
138690,1,4,121,2,1,80.0,1,I,MELB_URBAN,ROAD,11,6.0
138691,1,4,121,2,1,80.0,0,I,MELB_URBAN,ROAD,11,7.0
138692,1,4,121,2,1,50.0,0,I,MELB_URBAN,ROAD,11,8.0
138693,1,4,133,5,1,60.0,0,N,MELB_URBAN,PARADE,11,9.0
138694,1,4,113,2,1,40.0,0,I,MELB_URBAN,ROAD,11,8.0
138695,1,5,130,1,1,80.0,0,N,MELB_URBAN,ROAD,11,15.0
138696,1,3,99,1,1,60.0,0,N,MELB_URBAN,STREET,11,16.0
138697,1,4,113,1,1,100.0,0,I,RURAL_VICTORIA,HIGHWAY,11,9.0
138698,3,6,167,5,1,60.0,0,N,RURAL_VICTORIA,ROAD,11,16.0
138699,1,3,130,5,1,60.0,0,N,MELB_URBAN,STREET,11,9.0
138700,1,3,130,2,1,60.0,0,N,LARGE_PROVINCIAL_CITIES,ROAD,10,15.0
138701,1,4,147,5,1,100.0,0,N,RURAL_VICTORIA,ROAD,11,9.0
138702,4,3,181,2,1,100.0,0,I,RURAL_VICTORIA,ROAD,11,10.0
138703,1,2,134,5,3,70.0,0,N,MELB_URBAN,ROAD,11,22.0
138704,4,4,173,2,1,60.0,0,N,MELB_URBAN,OTHER,11,11.0
138705,1,3,133,5,1,60.0,0,N,MELB_URBAN,RAMP,11,9.0
138706,4,3,173,5,2,100.0,0,N,RURAL_VICTORIA,ROAD,10,6.0
138707,1,4,121,1,1,60.0,0,I,MELB_URBAN,ROAD,11,9.0
138708,1,2,163,5,1,60.0,0,N,MELB_URBAN,ROAD,11,19.0
138709,4,4,171,5,1,50.0,0,N,LARGE_PROVINCIAL_CITIES,ROAD,11,9.0
138710,8,6,99,5,1,60.0,0,N,RURAL_VICTORIA,ROAD,11,13.0
138711,4,4,173,5,1,50.0,0,N,MELB_URBAN,STREET,11,13.0
138712,1,4,116,2,1,60.0,0,I,MELB_URBAN,STREET,11,13.0
138713,1,4,116,2,9,60.0,0,I,MELB_URBAN,ROAD,11,6.0
138714,1,3,99,1,1,50.0,0,N,MELB_URBAN,ROAD,11,12.0
138715,1,3,99,2,1,60.0,0,I,SMALL_CITIES,ROAD,11,14.0
138716,1,4,147,5,1,60.0,0,N,MELB_URBAN,HIGHWAY,11,9.0
138717,1,2,134,5,3,100.0,0,N,MELB_URBAN,ROAD,11,21.0
138718,4,1,181,5,1,80.0,0,N,RURAL_VICTORIA,ROAD,11,15.0
138719,1,3,130,5,1,100.0,0,N,MELB_URBAN,FREEWAY,11,15.0
138720,1,3,111,4,1,80.0,0,I,MELB_URBAN,ROAD,11,11.0
138721,1,3,121,2,1,60.0,0,I,MELB_URBAN,ROAD,11,16.0
138722,2,3,102,5,1,50.0,0,N,MELB_URBAN,STREET,11,13.0
138723,1,3,113,1,1,40.0,0,I,RURAL_VICTORIA,STREET,10,8.0
138724,1,6,132,5,9,60.0,0,N,MELB_URBAN,ROAD,11,13.0
138725,1,4,147,5,1,60.0,0,N,MELB_URBAN,ROAD,11,17.0
138726,1,3,130,5,1,80.0,0,N,MELB_URBAN,HIGHWAY,11,17.0
138727,1,3,130,5,9,100.0,0,N,MELB_URBAN,FREEWAY,8,14.0
138728,1,2,130,5,1,80.0,0,N,MELB_URBAN,FREEWAY,11,6.0
138729,1,3,110,1,1,50.0,0,I,MELB_URBAN,STREET,11,15.0
138730,1,7,134,1,1,60.0,0,I,MELB_URBAN,STREET,11,14.0
138731,1,3,130,1,1,60.0,0,I,MELB_URBAN,BOULEVARD,11,17.0
138732,1,4,120,5,1,40.0,0,N,MELB_URBAN,STREET,11,20.0
138733,1,3,110,1,1,50.0,0,I,MELB_URBAN,STREET,10,18.0
138734,1,5,99,5,3,60.0,0,N,MELB_URBAN,DRIVE,11,2.0
138735,4,5,171,5,3,60.0,0,N,MELB_URBAN,STREET,11,2.0
138736,4,4,181,5,5,100.0,0,N,RURAL_VICTORIA,ROAD,11,5.0
138737,1,6,130,5,1,60.0,0,N,MELB_URBAN,OTHER,11,8.0
138738,1,4,130,5,2,70.0,0,N,RURAL_VICTORIA,ROAD,9,17.0
138739,4,5,171,5,2,100.0,0,N,RURAL_VICTORIA,ROAD,11,6.0
138740,2,3,100,5,1,60.0,0,N,MELB_URBAN,AVENUE,11,14.0
138741,1,5,130,5,1,60.0,0,N,MELB_URBAN,ROAD,11,7.0
138742,1,4,130,5,1,80.0,0,N,MELB_URBAN,OTHER,11,8.0
138743,1,5,130,5,1,100.0,0,N,MELB_URBAN,FREEWAY,11,8.0
138744,1,3,113,2,1,40.0,0,I,MELB_URBAN,STREET,11,19.0
138745,6,3,170,5,2,80.0,0,N,RURAL_VICTORIA,ROAD,11,20.0
138746,8,4,170,5,1,60.0,0,N,MELB_URBAN,STREET,11,7.0
138747,4,3,173,5,1,60.0,0,N,SMALL_TOWNS,ROAD,11,15.0
138748,8,5,174,1,1,60.0,0,I,MELB_URBAN,ROAD,11,9.0
138749,1,5,130,5,1,100.0,0,N,MELB_URBAN,FREEWAY,11,9.0
138750,2,5,99,5,1,60.0,0,N,MELB_URBAN,ROAD,11,9.0
138751,1,5,99,5,1,50.0,0,N,LARGE_PROVINCIAL_CITIES,STREET,11,12.0
138752,1,6,130,2,1,80.0,0,N,MELB_URBAN,ROAD,11,17.0
138753,1,4,130,5,1,40.0,0,N,MELB_URBAN,STREET,11,12.0
138754,6,5,99,5,1,80.0,0,N,RURAL_VICTORIA,ROAD,11,13.0
138755,6,3,174,5,2,60.0,0,N,RURAL_VICTORIA,ROAD,11,18.0
138756,8,3,99,5,3,80.0,0,N,MELB_URBAN,ROAD,11,23.0
138757,1,5,110,1,1,60.0,0,I,MELB_URBAN,ROAD,11,13.0
138758,1,5,130,1,1,60.0,0,I,SMALL_CITIES,HIGHWAY,11,14.0
138759,2,5,102,1,1,70.0,0,N,MELB_URBAN,HIGHWAY,11,12.0
138760,4,2,171,5,9,70.0,0,N,RURAL_VICTORIA,OTHER,11,1.0
138761,1,5,120,2,1,50.0,0,I,MELB_URBAN,STREET,11,16.0
138762,2,5,102,2,1,50.0,0,I,MELB_URBAN,STREET,11,15.0
138763,1,4,163,5,1,60.0,0,N,MELB_URBAN,ROAD,11,8.0
138764,8,1,174,2,1,70.0,0,I,MELB_URBAN,ROAD,11,9.0
138765,2,4,102,5,2,50.0,0,N,MELB_URBAN,ROAD,11,18.0
138766,2,5,100,5,1,40.0,0,N,MELB_URBAN,STREET,11,17.0
138767,1,5,130,5,3,80.0,0,N,MELB_URBAN,HIGHWAY,11,20.0
138768,1,5,120,5,1,100.0,1,N,RURAL_VICTORIA,HIGHWAY,11,14.0
138769,1,7,99,5,1,60.0,0,N,MELB_URBAN,STREET,10,11.0
138770,3,5,167,5,5,110.0,0,N,RURAL_VICTORIA,FREEWAY,11,21.0
138771,1,6,113,2,1,60.0,0,N,MELB_URBAN,ROAD,10,16.0
138772,1,5,121,5,3,80.0,0,N,MELB_URBAN,ROAD,11,23.0
138773,4,6,173,5,5,100.0,0,N,RURAL_VICTORIA,ROAD,11,2.0
138774,1,0,130,5,1,80.0,0,N,MELB_URBAN,RAMP,11,11.0
138775,1,6,110,1,5,60.0,0,I,MELB_URBAN,ROAD,11,7.0
138776,1,1,147,5,1,50.0,0,N,MELB_URBAN,OTHER,11,11.0
138777,1,6,113,2,1,100.0,0,I,RURAL_VICTORIA,ROAD,11,7.0