,accident_type,day_of_week,dca_code,road_geometry,light_condition,speed_zone,severity,node_type,deg_urban_name,road_type,month,hour
138778,1,6,130,2,1,60.0,0,N,MELB_URBAN,STREET,11,15.0
138779,1,6,130,5,1,100.0,0,N,RURAL_VICTORIA,FREEWAY,11,7.0
138780,1,6,121,1,1,60.0,0,I,MELB_URBAN,ROAD,11,8.0
138781,4,6,99,2,1,50.0,0,N,MELB_URBAN,PARADE,11,8.0
138782,1,5,121,2,1,60.0,0,I,MELB_URBAN,ROAD,11,17.0
138783,1,6,120,3,1,50.0,0,I,RURAL_VICTORIA,ROAD,11,16.0
138784,1,2,130,2,1,60.0,0,N,TOWNS,STREET,11,16.0
138785,1,4,113,1,1,50.0,0,I,TOWNS,ROAD,6,15.0
138786,1,5,110,1,1,50.0,0,I,MELB_URBAN,OTHER,11,9.0
138787,6,5,184,5,1,50.0,0,N,RURAL_VICTORIA,ROAD,11,16.0
138788,1,2,130,5,1,60.0,0,N,MELB_URBAN,ROAD,11,8.0
138789,1,5,110,1,1,50.0,0,I,SMALL_CITIES,STREET,11,8.0
138790,3,6,167,5,1,100.0,0,N,RURAL_VICTORIA,ROAD,11,7.0
138791,1,5,140,5,1,50.0,0,N,MELB_URBAN,ROAD,11,10.0
138792,1,6,99,1,1,60.0,0,I,MELB_URBAN,STREET,11,12.0
138793,1,4,130,1,9,80.0,0,N,MELB_URBAN,HIGHWAY,11,15.0
138794,4,6,173,2,1,50.0,0,I,LARGE_PROVINCIAL_CITIES,DRIVE,11,14.0
138795,1,5,132,2,1,80.0,0,N,RURAL_VICTORIA,ROAD,11,13.0
138796,1,2,147,5,1,60.0,0,N,MELB_URBAN,OTHER,11,10.0
138797,1,5,130,2,1,50.0,0,I,MELB_URBAN,ROAD,11,10.0
138798,1,6,121,5,1,80.0,0,N,MELB_URBAN,HIGHWAY,11,16.0
138799,1,6,135,2,1,60.0,0,N,MELB_URBAN,ROAD,11,15.0
138800,1,1,130,5,1,60.0,0,N,MELB_URBAN,OTHER,11,14.0
138801,1,2,130,5,1,80.0,0,N,SMALL_TOWNS,HIGHWAY,11,14.0
138802,4,5,171,5,1,80.0,0,N,RURAL_VICTORIA,ROAD,11,14.0
138803,1,6,130,5,1,80.0,0,N,MELB_URBAN,FREEWAY,11,16.0
138804,1,6,130,5,1,60.0,0,N,MELB_URBAN,ROAD,11,17.0
138805,1,5,99,1,1,60.0,0,N,TOWNS,HIGHWAY,11,16.0
138806,2,6,100,5,1,60.0,0,N,MELB_URBAN,STREET,11,16.0
138807,1,6,140,2,1,80.0,0,I,MELB_URBAN,STREET,11,16.0
138808,4,6,183,5,1,70.0,0,N,MELB_URBAN,HIGHWAY,11,19.0
138809,1,5,130,5,9,40.0,0,N,MELB_URBAN,STREET,11,17.0
138810,2,6,99,5,1,60.0,0,N,MELB_URBAN,ROAD,11,16.0
138811,1,6,140,3,3,60.0,0,I,RURAL_VICTORIA,ROAD,11,20.0
138812,1,6,116,2,3,60.0,0,I,MELB_URBAN,ROAD,11,20.0
138813,1,5,130,5,1,80.0,0,N,MELB_URBAN,FREEWAY,11,18.0
138814,1,6,110,1,1,100.0,0,I,SMALL_TOWNS,ROAD,11,19.0
138815,1,6,130,5,1,80.0,0,N,MELB_URBAN,ROAD,11,19.0
138816,4,6,173,5,1,110.0,0,N,TOWNS,FREEWAY,11,18.0
138817,1,6,120,5,1,100.0,1,N,RURAL_VICTORIA,ROAD,11,19.0
138818,2,5,100,5,5,60.0,0,N,LARGE_PROVINCIAL_CITIES,ROAD,11,21.0
138819,1,5,99,5,1,80.0,0,N,MELB_URBAN,ROAD,11,14.0
138820,1,4,120,2,1,50.0,0,N,MELB_URBAN,ROAD,7,13.0
138821,1,7,121,1,1,60.0,0,I,MELB_URBAN,ROAD,11,7.0
138822,1,4,121,1,1,70.0,0,I,MELB_URBAN,ROAD,11,15.0
138823,4,7,173,5,1,80.0,0,N,MELB_URBAN,ROAD,11,6.0
138824,1,7,135,5,1,40.0,0,N,MELB_URBAN,ROAD,11,8.0
138825,1,6,110,1,5,80.0,0,I,SMALL_CITIES,HIGHWAY,11,22.0
138826,4,6,171,5,1,110.0,0,N,RURAL_VICTORIA,FREEWAY,11,8.0
138827,1,7,110,1,1,60.0,0,I,MELB_URBAN,AVENUE,11,8.0
138828,4,7,181,5,1,100.0,0,N,RURAL_VICTORIA,ROAD,11,11.0
138829,1,7,130,2,1,60.0,0,I,MELB_URBAN,STREET,11,9.0
138830,1,7,173,5,1,50.0,0,N,MELB_URBAN,DRIVE,11,10.0
138831,8,5,99,2,1,60.0,0,N,MELB_URBAN,ROAD,11,14.0
138832,1,7,130,5,1,110.0,0,N,RURAL_VICTORIA,FREEWAY,11,9.0
138833,1,7,181,5,1,50.0,0,N,LARGE_PROVINCIAL_CITIES,OTHER,11,10.0
138834,5,7,99,5,1,60.0,0,N,RURAL_VICTORIA,ROAD,11,11.0
138835,1,5,121,1,1,50.0,0,N,MELB_URBAN,ROAD,11,18.0
138836,1,5,130,1,1,50.0,0,I,MELB_URBAN,ROAD,11,15.0
138837,1,7,110,1,1,100.0,0,I,RURAL_VICTORIA,ROAD,11,10.0
138838,1,7,99,2,1,80.0,0,I,MELB_URBAN,HIGHWAY,11,12.0
138839,1,7,130,2,1,60.0,0,I,MELB_URBAN,STREET,11,12.0
138840,1,5,130,1,1,40.0,0,N,MELB_URBAN,STREET,11,17.0
138841,4,7,183,5,1,60.0,0,N,RURAL_VICTORIA,ROAD,11,14.0
138842,4,6,171,5,1,60.0,0,N,MELB_URBAN,AVENUE,11,16.0
138843,1,7,113,2,1,100.0,0,I,RURAL_VICTORIA,ROAD,11,15.0
138844,4,7,173,5,1,100.0,0,N,RURAL_VICTORIA,ROAD,11,15.0
138845,8,7,174,5,1,60.0,0,N,MELB_URBAN,ROAD,11,19.0
138846,1,7,116,2,2,40.0,0,I,MELB_URBAN,STREET,11,20.0
138847,2,6,102,2,2,60.0,0,I,MELB_URBAN,ROAD,11,20.0
138848,1,7,121,1,3,60.0,0,I,RURAL_VICTORIA,OTHER,11,21.0
138849,1,7,147,5,1,100.0,1,N,RURAL_VICTORIA,HIGHWAY,11,16.0
138850,4,7,173,5,1,60.0,0,N,MELB_URBAN,ROAD,11,19.0
138851,4,7,171,5,1,100.0,1,N,RURAL_VICTORIA,FREEWAY,11,20.0
138852,4,7,181,5,5,100.0,0,N,RURAL_VICTORIA,AVENUE,11,20.0
138853,2,1,102,9,3,70.0,0,N,MELB_URBAN,STREET,11,0.0
138854,2,6,100,2,5,50.0,0,I,TOWNS,ROAD,11,23.0
138855,4,0,173,5,5,50.0,0,N,TOWNS,STREET,11,1.0
138856,4,1,171,5,3,70.0,0,N,MELB_URBAN,ROAD,11,4.0
138857,1,2,130,1,1,80.0,0,N,MELB_URBAN,ROAD,9,9.0
138858,2,1,99,1,1,40.0,0,N,MELB_URBAN,ROAD,11,8.0
138859,1,7,110,1,1,60.0,0,I,RURAL_VICTORIA,ROAD,5,16.0
138860,1,1,133,5,9,60.0,0,N,MELB_URBAN,ROAD,11,6.0
138861,1,0,99,1,1,40.0,0,I,MELBOURNE_CBD,STREET,11,11.0
138862,1,4,99,1,1,50.0,0,I,MELB_URBAN,AVENUE,11,16.0
138863,4,7,173,5,1,70.0,0,N,LARGE_PROVINCIAL_CITIES,ROAD,11,14.0
138864,1,1,99,2,1,80.0,0,I,RURAL_VICTORIA,ROAD,11,11.0
138865,1,1,99,5,1,50.0,0,N,MELB_URBAN,ROAD,11,9.0
138866,1,1,121,2,1,60.0,0,I,MELB_URBAN,STREET,11,12.0
138867,1,1,132,1,1,60.0,0,N,LARGE_PROVINCIAL_CITIES,ROAD,11,13.0
138868,5,7,99,5,1,60.0,0,N,LARGE_PROVINCIAL_CITIES,STREET,11,16.0
138869,1,2,121,1,3,60.0,0,I,MELB_URBAN,ROAD,9,21.0
138870,1,1,121,5,1,50.0,0,N,MELB_URBAN,STREET,11,14.0
138871,4,1,181,5,1,100.0,0,N,RURAL_VICTORIA,ROAD,11,13.0
138872,1,1,111,2,1,80.0,0,I,MELB_URBAN,HIGHWAY,11,16.0
138873,1,1,110,1,1,60.0,0,I,MELB_URBAN,ROAD,11,17.0
138874,2,1,100,5,1,40.0,0,N,MELB_URBAN,STREET,11,15.0
138875,1,0,99,5,1,60.0,0,N,MELB_URBAN,ROAD,11,17.0
138876,1,1,160,2,1,60.0,0,N,SMALL_CITIES,STREET,11,17.0
138877,1,5,110,1,1,50.0,0,I,MELB_URBAN,STREET,11,13.0
138878,2,1,99,5,1,50.0,0,N,LARGE_PROVINCIAL_CITIES,DRIVE,11,18.0
138879,1,1,130,5,1,60.0,0,N,TOWNS,STREET,11,16.0
138880,1,1,133,5,1,50.0,0,N,LARGE_PROVINCIAL_CITIES,AVENUE,11,19.0
138881,4,0,181,5,1,80.0,0,N,RURAL_VICTORIA,HIGHWAY,11,15.0
138882,1,1,140,2,1,70.0,0,I,MELB_URBAN,ROAD,11,19.0
138883,1,2,133,2,1,60.0,0,I,MELB_URBAN,ROAD,10,13.0
138884,1,1,121,2,1,70.0,0,I,MELB_URBAN,ROAD,11,16.0
138885,1,1,121,1,1,60.0,0,I,MELB_URBAN,ROAD,11,20.0
138886,4,1,183,5,1,100.0,0,N,RURAL_VICTORIA,HIGHWAY,11,18.0
138887,4,1,99,2,1,70.0,0,I,MELB_URBAN,ROAD,11,20.0
138888,1,1,130,5,1,80.0,0,N,SMALL_TOWNS,FREEWAY,11,17.0
138889,4,1,171,1,1,60.0,0,I,MELB_URBAN,ROAD,11,16.0
138890,1,0,130,5,3,50.0,0,N,MELB_URBAN,STREET,11,23.0
138891,1,3,130,5,1,60.0,0,N,MELB_URBAN,RAMP,11,8.0
138892,1,1,140,5,5,80.0,0,N,RURAL_VICTORIA,ROAD,11,23.0
138893,1,1,130,1,9,50.0,0,I,MELB_URBAN,ROAD,10,14.0
138894,4,2,181,2,3,50.0,0,I,MELB_URBAN,BOULEVARD,11,3.0
138895,4,2,173,1,2,40.0,0,I,MELB_URBAN,STREET,11,5.0
138896,1,5,130,5,1,60.0,0,N,MELB_URBAN,ROAD,11,15.0
138897,1,1,120,5,1,60.0,0,N,LARGE_PROVINCIAL_CITIES,OTHER,11,8.0
138898,1,2,113,1,1,80.0,0,I,MELB_URBAN,STREET,11,6.0
138899,1,2,130,5,1,40.0,0,N,SMALL_TOWNS,HIGHWAY,9,15.0
138900,1,2,130,1,1,80.0,0,I,MELB_URBAN,ROAD,11,10.0
138901,2,6,102,1,2,60.0,0,N,MELB_URBAN,STREET,11,16.0
138902,1,1,99,1,6,60.0,0,N,MELB_URBAN,ROAD,11,21.0
138903,1,5,111,2,1,60.0,0,I,MELB_URBAN,ROAD,11,14.0
138904,4,1,173,5,1,60.0,0,N,RURAL_VICTORIA,ROAD,11,9.0
138905,1,5,130,5,1,80.0,0,N,MELB_URBAN,FREEWAY,11,14.0
138906,1,2,160,5,3,60.0,0,N,MELB_URBAN,ROAD,11,21.0
138907,1,2,99,2,1,80.0,0,I,SMALL_CITIES,HIGHWAY,11,12.0
138908,1,1,130,1,1,80.0,0,I,MELB_URBAN,HIGHWAY,11,13.0
138909,1,2,160,5,1,50.0,0,N,MELB_URBAN,AVENUE,11,11.0
138910,1,6,113,1,1,60.0,0,N,MELB_URBAN,STREET,11,16.0
138911,1,2,130,5,1,60.0,0,N,LARGE_PROVINCIAL_CITIES,OTHER,11,12.0
138912,2,2,99,2,1,40.0,0,I,MELB_URBAN,STREET,11,13.0
138913,1,1,130,5,1,50.0,0,N,MELB_URBAN,UNKNOWN,11,13.0
138914,1,4,121,2,9,60.0,0,I,MELB_URBAN,STREET,11,15.0
138915,4,5,173,5,3,60.0,0,N,RURAL_VICTORIA,ROAD,11,22.0
138916,1,2,121,2,1,60.0,0,I,MELB_URBAN,STREET,11,13.0
138917,1,5,116,2,1,60.0,0,I,MELB_URBAN,ROAD,11,16.0
138918,1,2,133,5,1,80.0,0,N,SMALL_CITIES,HIGHWAY,11,14.0
138919,1,6,130,5,1,80.0,0,N,MELB_URBAN,HIGHWAY,11,17.0
138920,1,2,110,1,1,60.0,0,I,TOWNS,ROAD,11,15.0
138921,4,2,171,5,1,60.0,0,N,MELB_URBAN,STREET,11,14.0
138922,1,2,110,1,1,60.0,0,I,LARGE_PROVINCIAL_CITIES,STREET,10,16.0
138923,2,2,100,1,1,60.0,0,I,MELB_URBAN,ROAD,11,8.0
138924,1,1,110,1,1,50.0,0,I,TOWNS,STREET,11,15.0
138925,8,1,99,5,1,50.0,0,N,MELB_URBAN,DRIVE,11,17.0
138926,1,2,111,1,1,100.0,1,I,RURAL_VICTORIA,ROAD,11,5.0
138927,2,1,102,5,1,60.0,0,I,MELB_URBAN,ROAD,11,18.0
138928,1,2,99,1,1,40.0,0,N,MELB_URBAN,DRIVE,11,15.0
138929,1,2,121,1,1,80.0,0,N,MELB_URBAN,ROAD,11,11.0
138930,1,2,121,1,1,50.0,0,I,MELB_URBAN,ROAD,11,17.0
138931,3,2,167,5,1,50.0,0,N,MELB_URBAN,STREET,11,18.0
138932,1,1,132,5,1,60.0,0,N,MELB_URBAN,OTHER,11,19.0
138933,1,1,121,1,3,60.0,0,I,MELB_URBAN,ROAD,6,18.0
138934,1,2,113,2,1,80.0,0,I,MELB_URBAN,ROAD,11,5.0
138935,4,1,99,5,3,60.0,0,N,MELB_URBAN,ROAD,11,3.0
138936,1,1,121,2,3,60.0,0,I,MELB_URBAN,RAMP,11,23.0
138937,1,2,121,1,3,60.0,0,I,LARGE_PROVINCIAL_CITIES,ROAD,11,22.0
138938,1,3,160,5,3,60.0,0,N,MELB_URBAN,STREET,11,2.0
138939,1,2,99,5,5,50.0,0,N,LARGE_PROVINCIAL_CITIES,STREET,11,21.0
138940,4,2,173,1,9,60.0,0,I,MELB_URBAN,ROAD,11,15.0
138941,1,3,130,5,1,100.0,0,N,MELB_URBAN,FREEWAY,11,8.0
138942,3,1,167,5,1,60.0,0,N,RURAL_VICTORIA,ROAD,11,10.0
138943,1,0,130,1,1,60.0,0,I,SMALL_CITIES,STREET,11,16.0
138944,1,2,99,2,1,50.0,0,N,SMALL_CITIES,STREET,11,8.0
138945,1,2,130,5,2,60.0,0,N,MELB_URBAN,BOULEVARD,11,6.0
138946,1,3,171,5,1,60.0,0,N,MELB_URBAN,ROAD,11,11.0
138947,1,5,130,5,9,80.0,0,N,MELB_URBAN,ROAD,11,18.0
138948,4,3,171,5,1,60.0,0,N,LARGE_PROVINCIAL_CITIES,STREET,11,8.0
138949,1,0,130,5,1,70.0,0,N,MELB_URBAN,ROAD,11,18.0
138950,1,3,130,2,1,80.0,0,I,MELB_URBAN,ROAD,11,8.0
138951,1,3,121,2,1,60.0,0,I,MELB_URBAN,STREET,11,9.0
138952,1,5,133,5,1,60.0,0,N,MELB_URBAN,ROAD,10,16.0
138953,1,3,113,2,1,80.0,0,I,TOWNS,ROAD,11,11.0
138954,1,3,133,5,1,60.0,0,N,MELB_URBAN,ROAD,11,11.0
138955,4,3,183,5,1,100.0,0,N,RURAL_VICTORIA,ROAD,11,8.0
138956,1,3,130,5,1,60.0,0,N,MELB_URBAN,PARADE,11,10.0
138957,8,7,174,5,9,50.0,0,N,RURAL_VICTORIA,ROAD,11,15.0
138958,1,3,116,2,1,100.0,0,I,RURAL_VICTORIA,HIGHWAY,11,6.0
138959,1,4,99,5,1,60.0,0,N,MELB_URBAN,PARADE,11,14.0
138960,1,7,99,1,1,40.0,0,I,MELB_URBAN,STREET,11,14.0
138961,1,3,130,5,9,60.0,0,N,RURAL_VICTORIA,ROAD,11,23.0
138962,1,3,120,5,1,80.0,0,N,RURAL_VICTORIA,HIGHWAY,11,9.0
138963,1,3,121,2,1,80.0,0,I,MELB_URBAN,HIGHWAY,11,13.0
138964,8,1,174,5,1,60.0,0,N,MELB_URBAN,OTHER,11,8.0
138965,3,2,167,5,2,80.0,0,N,MELB_URBAN,ROAD,11,5.0
138966,1,2,130,5,1,80.0,0,N,MELB_URBAN,ROAD,11,16.0
138967,1,3,121,1,1,40.0,0,I,MELB_URBAN,STREET,11,15.0
138968,1,3,121,2,1,60.0,0,I,RURAL_VICTORIA,OTHER,11,16.0
138969,1,2,133,5,1,80.0,0,N,MELB_URBAN,ROAD,11,14.0
138970,1,3,130,1,1,50.0,0,I,LARGE_PROVINCIAL_CITIES,STREET,11,16.0
138971,1,5,160,5,1,50.0,0,N,MELB_URBAN,STREET,11,13.0
138972,1,2,99,1,1,60.0,0,I,MELB_URBAN,ROAD,11,16.0
138973,1,2,130,5,1,60.0,0,N,MELB_URBAN,ROAD,11,6.0
138974,1,3,132,1,1,70.0,0,N,LARGE_PROVINCIAL_CITIES,ROAD,11,17.0
138975,1,2,121,4,3,60.0,0,I,MELB_URBAN,DRIVE,11,22.0
138976,6,3,99,2,1,100.0,1,I,RURAL_VICTORIA,ROAD,11,10.0
138977,1,3,130,2,1,80.0,0,I,MELB_URBAN,HIGHWAY,11,17.0
138978,1,3,121,2,1,60.0,0,I,MELB_URBAN,STREET,11,16.0
138979,1,3,113,2,9,50.0,0,I,MELB_URBAN,ROAD,11,18.0
138980,1,3,110,1,1,60.0,0,I,MELB_URBAN,ROAD,11,16.0
138981,4,6,171,5,1,60.0,0,N,MELB_URBAN,ROAD,11,14.0
138982,1,2,110,1,1,60.0,0,I,LARGE_PROVINCIAL_CITIES,STREET,11,19.0
138983,1,2,121,2,1,60.0,0,N,MELB_URBAN,ROAD,11,17.0
138984,1,3,130,5,1,60.0,0,N,MELB_URBAN,STREET,11,15.0
138985,4,2,171,5,2,60.0,0,N,MELB_URBAN,STREET,11,20.0
138986,1,3,113,1,3,60.0,0,I,MELB_URBAN,ROAD,11,20.0
138987,1,6,130,5,1,80.0,0,N,MELB_URBAN,ROAD,11,8.0
138988,2,3,102,2,1,40.0,0,I,MELB_URBAN,ROAD,11,16.0
138989,1,3,130,5,1,80.0,0,N,RURAL_VICTORIA,HIGHWAY,11,19.0
138990,4,3,173,5,3,50.0,0,N,MELB_URBAN,ROAD,11,21.0
138991,1,4,130,1,3,70.0,0,N,MELB_URBAN,ROAD,12,0.0
138992,1,3,160,5,3,50.0,0,N,MELB_URBAN,AVENUE,11,22.0
138993,1,4,99,5,5,60.0,0,N,MELB_URBAN,ROAD,12,0.0
138994,4,2,171,5,3,60.0,0,N,SMALL_CITIES,STREET,11,23.0
138995,4,3,173,2,3,60.0,0,I,LARGE_PROVINCIAL_CITIES,ROAD,11,22.0
138996,1,4,121,1,3,60.0,0,I,MELB_URBAN,PARADE,12,4.0
138997,1,2,160,5,1,100.0,1,N,RURAL_VICTORIA,HIGHWAY,11,18.0
138998,1,2,130,5,1,70.0,0,N,MELB_URBAN,ROAD,11,9.0
138999,1,1,130,5,1,80.0,0,N,MELB_URBAN,RAMP,11,8.0
139000,1,4,130,5,2,80.0,0,N,MELB_URBAN,FREEWAY,12,6.0
139001,1,4,113,2,1,60.0,0,I,TOWNS,OTHER,12,7.0
139002,1,1,130,5,1,80.0,0,N,MELB_URBAN,RAMP,11,9.0
139003,1,3,121,2,1,60.0,0,N,MELB_URBAN,ROAD,12,7.0
139004,1,4,130,5,1,70.0,0,N,MELB_URBAN,ROAD,12,8.0
139005,1,4,99,5,1,40.0,0,N,MELB_URBAN,STREET,12,9.0
139006,1,4,121,2,1,70.0,0,I,MELB_URBAN,ROAD,12,8.0
139007,1,3,130,5,1,80.0,0,N,MELB_URBAN,ROAD,12,9.0
139008,1,4,130,5,1,70.0,0,N,LARGE_PROVINCIAL_CITIES,ROAD,12,11.0
139009,1,4,130,2,1,80.0,0,I,MELB_URBAN,HIGHWAY,12,11.0
139010,1,4,113,1,1,80.0,0,I,SMALL_CITIES,HIGHWAY,12,12.0
139011,1,2,99,2,1,40.0,0,I,MELB_URBAN,STREET,11,19.0
139012,1,3,130,1,9,60.0,0,I,MELB_URBAN,HIGHWAY,12,14.0
139013,1,4,130,5,1,80.0,0,N,MELB_URBAN,FREEWAY,12,13.0
139014,1,7,163,2,2,50.0,0,I,MELB_URBAN,ROAD,11,18.0
139015,4,2,171,5,3,60.0,0,N,MELB_URBAN,STREET,7,21.0
139016,2,2,102,1,1,40.0,0,I,MELB_URBAN,STREET,11,7.0
139017,1,4,163,5,1,60.0,0,N,MELB_URBAN,ROAD,12,16.0
139018,1,3,121,2,1,60.0,0,I,RURAL_VICTORIA,ROAD,12,15.0
139019,1,4,130,5,1,80.0,0,N,MELB_URBAN,ROAD,12,14.0
139020,1,4,121,1,1,60.0,0,I,MELB_URBAN,ROAD,12,18.0
139021,1,2,130,5,1,80.0,0,N,MELB_URBAN,ROAD,11,15.0
139022,1,3,110,1,1,50.0,0,I,SMALL_CITIES,STREET,12,16.0
139023,1,4,113,1,1,60.0,0,I,MELB_URBAN,STREET,12,14.0
139024,1,3,130,1,1,40.0,0,N,MELB_URBAN,STREET,12,16.0
139025,1,4,121,2,1,60.0,0,I,MELB_URBAN,STREET,12,18.0
139026,1,4,147,5,1,60.0,0,N,MELB_URBAN,ROAD,12,16.0
139027,4,4,171,2,2,60.0,0,N,MELB_URBAN,STREET,12,19.0
139028,1,4,121,2,1,80.0,0,I,MELB_URBAN,ROAD,12,17.0
139029,8,4,174,2,1,50.0,0,I,MELB_URBAN,ROAD,12,19.0
139030,6,4,170,5,1,60.0,0,N,RURAL_VICTORIA,ROAD,12,19.0
139031,2,4,102,1,1,40.0,0,I,MELB_URBAN,STREET,12,16.0
139032,2,0,99,1,9,40.0,0,N,MELB_URBAN,STREET,11,0.0
139033,1,4,110,1,3,80.0,0,I,MELB_URBAN,ROAD,12,23.0
139034,1,4,120,5,1,60.0,0,N,MELB_URBAN,DRIVE,12,18.0
139035,6,4,174,4,3,80.0,0,N,MELB_URBAN,STREET,12,21.0
139036,4,4,173,5,5,100.0,0,N,RURAL_VICTORIA,ROAD,12,22.0
139037,1,3,113,2,2,60.0,0,N,MELB_URBAN,STREET,11,6.0
139038,4,4,171,1,3,40.0,0,I,MELB_URBAN,BOULEVARD,12,23.0
139039,1,4,130,5,3,60.0,0,N,SMALL_TOWNS,STREET,12,2.0
139040,5,5,99,5,5,100.0,0,N,MELB_URBAN,FREEWAY,12,5.0
139041,1,5,121,2,1,70.0,0,I,MELB_URBAN,ROAD,12,7.0
139042,1,5,121,2,2,70.0,0,I,MELB_URBAN,ROAD,12,6.0
139043,1,5,147,5,1,40.0,0,N,MELB_URBAN,STREET,12,8.0
139044,2,5,99,5,1,50.0,0,N,MELB_URBAN,AVENUE,12,8.0
139045,1,4,110,1,1,40.0,0,I,MELB_URBAN,ROAD,12,7.0
139046,1,5,121,1,1,70.0,0,I,MELB_URBAN,HIGHWAY,12,7.0
139047,8,7,99,5,1,60.0,0,N,RURAL_VICTORIA,ROAD,11,13.0
139048,1,5,121,5,1,60.0,0,I,MELB_URBAN,HIGHWAY,12,8.0
139049,1,5,110,1,1,60.0,0,I,SMALL_CITIES,STREET,12,10.0
139050,4,3,181,5,1,80.0,0,N,RURAL_VICTORIA,ROAD,11,13.0
139051,4,2,171,5,2,100.0,0,N,RURAL_VICTORIA,ROAD,11,19.0
139052,1,4,130,5,1,80.0,0,N,MELB_URBAN,FREEWAY,11,6.0
139053,1,4,99,2,1,40.0,0,I,MELB_URBAN,STREET,12,17.0
139054,1,4,132,5,1,60.0,0,N,TOWNS,ROAD,11,13.0
139055,1,3,130,4,1,80.0,0,N,MELB_URBAN,ROAD,12,16.0
139056,1,1,160,5,1,80.0,0,N,MELB_URBAN,FREEWAY,11,10.0
139057,1,5,110,1,3,60.0,0,I,MELB_URBAN,ROAD,12,5.0
139058,1,5,130,1,1,80.0,0,N,MELB_URBAN,HIGHWAY,12,7.0
139059,1,4,140,5,1,70.0,0,N,MELB_URBAN,ROAD,12,10.0
139060,1,5,99,5,1,100.0,0,N,RURAL_VICTORIA,ROAD,12,11.0
139061,1,4,113,1,1,80.0,0,I,MELB_URBAN,ROAD,12,14.0
139062,2,3,99,1,1,60.0,0,I,RURAL_VICTORIA,DRIVE,12,14.0
139063,1,4,99,1,1,40.0,0,I,MELB_URBAN,STREET,12,7.0
139064,1,3,140,2,1,60.0,0,N,MELB_URBAN,ROAD,12,13.0
139065,1,5,121,2,1,50.0,0,I,MELB_URBAN,STREET,12,12.0
139066,1,4,132,5,1,60.0,0,N,MELB_URBAN,ROAD,12,15.0
139067,6,2,174,5,1,100.0,0,N,RURAL_VICTORIA,ROAD,10,13.0
139068,1,5,132,1,1,100.0,0,I,RURAL_VICTORIA,ROAD,12,16.0
139069,1,5,130,5,1,60.0,0,N,MELB_URBAN,ROAD,11,16.0
139070,1,5,130,5,1,80.0,0,N,MELB_URBAN,HIGHWAY,12,17.0
139071,1,5,140,5,1,100.0,0,N,RURAL_VICTORIA,HIGHWAY,12,15.0
139072,1,5,99,1,1,80.0,0,N,TOWNS,STREET,12,17.0
139073,1,5,99,2,1,50.0,0,I,MELB_URBAN,ROAD,12,15.0
139074,4,5,181,5,1,80.0,0,N,RURAL_VICTORIA,ROAD,12,18.0
139075,1,5,99,5,1,50.0,0,N,MELB_URBAN,STREET,12,18.0
139076,1,4,130,5,1,80.0,0,N,MELB_URBAN,HIGHWAY,12,18.0
139077,5,4,99,5,1,70.0,0,N,RURAL_VICTORIA,HIGHWAY,12,17.0
139078,6,5,174,5,1,80.0,0,N,SMALL_TOWNS,FREEWAY,12,17.0
139079,1,5,147,2,1,60.0,0,I,MELB_URBAN,ROAD,12,18.0
139080,1,4,130,2,1,80.0,0,N,MELB_URBAN,HIGHWAY,12,18.0
139081,1,7,99,1,1,60.0,0,I,MELB_URBAN,HIGHWAY,11,15.0
139082,5,5,99,5,1,80.0,0,N,RURAL_VICTORIA,ROAD,12,17.0
139083,1,5,140,5,1,80.0,1,N,MELB_URBAN,ROAD,12,16.0
139084,1,4,130,5,1,100.0,0,N,MELB_URBAN,RAMP,12,19.0
139085,1,4,130,5,1,100.0,0,N,MELB_URBAN,ROAD,12,17.0
139086,7,5,99,5,1,100.0,0,N,RURAL_VICTORIA,ROAD,12,18.0
139087,8,5,170,5,1,60.0,0,N,MELB_URBAN,ROAD,12,17.0
139088,2,5,102,5,3,70.0,0,N,MELB_URBAN,ROAD,12,21.0
139089,4,5,171,5,3,60.0,0,N,MELB_URBAN,ROAD,12,23.0
139090,1,4,130,5,5,40.0,0,N,MELB_URBAN,FREEWAY,12,22.0
139091,4,5,171,5,5,100.0,0,N,RURAL_VICTORIA,ROAD,12,1.0
139092,1,5,134,1,3,80.0,0,I,MELB_URBAN,ROAD,12,22.0
139093,1,5,160,5,3,60.0,0,N,SMALL_CITIES,STREET,12,4.0
139094,4,5,173,5,3,40.0,0,N,MELB_URBAN,STREET,11,23.0
139095,1,7,121,1,1,60.0,0,I,MELB_URBAN,ROAD,11,14.0
139096,1,5,130,2,2,60.0,0,I,MELB_URBAN,STREET,12,19.0
139097,3,5,167,5,2,100.0,0,N,RURAL_VICTORIA,ROAD,12,7.0
139098,9,2,99,5,1,60.0,0,N,RURAL_VICTORIA,ROAD,11,12.0