,accident_type,day_of_week,dca_code,road_geometry,light_condition,speed_zone,severity,node_type,deg_urban_name,road_type,month,hour
139099,1,5,99,5,2,60.0,0,N,MELB_URBAN,STREET,12,18.0
139100,1,5,110,1,1,50.0,0,I,SMALL_CITIES,STREET,12,9.0
139101,5,5,99,2,1,80.0,0,I,RURAL_VICTORIA,ROAD,12,18.0
139102,1,6,121,1,1,80.0,0,N,MELB_URBAN,ROAD,12,9.0
139103,1,6,120,5,1,40.0,0,N,MELB_URBAN,AVENUE,12,10.0
139104,4,6,171,5,6,80.0,0,N,MELB_URBAN,ROAD,12,5.0
139105,8,5,174,2,1,60.0,0,I,MELB_URBAN,STREET,12,7.0
139106,1,5,110,1,1,60.0,0,I,RURAL_VICTORIA,ROAD,12,7.0
139107,4,5,99,5,1,60.0,0,N,MELB_URBAN,STREET,12,6.0
139108,1,1,130,5,1,60.0,0,N,MELB_URBAN,ROAD,11,12.0
139109,1,3,111,1,3,60.0,0,I,MELB_URBAN,ROAD,9,17.0
139110,6,6,174,5,1,60.0,0,N,MELB_URBAN,ROAD,12,12.0
139111,8,6,99,5,1,80.0,0,N,RURAL_VICTORIA,HIGHWAY,12,14.0
139112,1,6,113,1,1,60.0,0,I,MELB_URBAN,ROAD,12,14.0
139113,1,4,133,5,3,60.0,0,N,MELB_URBAN,STREET,8,17.0
139114,1,6,110,1,1,100.0,0,I,RURAL_VICTORIA,ROAD,12,14.0
139115,8,6,184,5,1,60.0,0,N,RURAL_VICTORIA,ROAD,12,14.0
139116,1,5,99,2,1,40.0,0,I,MELB_URBAN,STREET,12,12.0
139117,1,5,111,4,1,80.0,0,I,MELB_URBAN,ROAD,12,12.0
139118,1,6,130,5,1,60.0,0,N,MELB_URBAN,ROAD,12,9.0
139119,1,5,130,5,1,60.0,0,N,MELB_URBAN,ROAD,12,15.0
139120,4,5,99,5,1,50.0,0,N,MELB_URBAN,ROAD,12,14.0
139121,9,2,99,5,1,60.0,0,N,RURAL_VICTORIA,ROAD,11,14.0
139122,1,6,113,4,1,60.0,0,I,RURAL_VICTORIA,ROAD,12,9.0
139123,1,6,130,2,1,80.0,0,I,SMALL_CITIES,DRIVE,12,11.0
139124,4,6,171,5,1,100.0,0,N,RURAL_VICTORIA,ROAD,12,14.0
139125,1,6,130,5,1,60.0,0,N,MELB_URBAN,ROAD,12,16.0
139126,1,6,132,2,1,60.0,0,I,MELB_URBAN,ROAD,12,16.0
139127,1,5,110,1,1,50.0,0,I,MELB_URBAN,STREET,12,18.0
139128,1,6,121,5,1,50.0,0,N,MELB_URBAN,OTHER,12,17.0
139129,8,6,170,5,4,60.0,0,N,MELB_URBAN,ROAD,12,20.0
139130,7,3,99,5,1,60.0,0,N,SMALL_TOWNS,ROAD,11,19.0
139131,1,6,130,5,1,100.0,0,N,RURAL_VICTORIA,ROAD,12,17.0
139132,1,6,130,5,1,60.0,0,N,MELB_URBAN,ROAD,12,17.0
139133,4,6,183,5,3,60.0,0,N,MELB_URBAN,AVENUE,12,21.0
139134,8,5,174,1,3,40.0,0,I,MELB_URBAN,STREET,12,20.0
139135,4,6,173,5,1,100.0,0,N,RURAL_VICTORIA,ROAD,12,18.0
139136,6,6,99,5,1,100.0,0,N,RURAL_VICTORIA,HIGHWAY,12,19.0
139137,1,5,160,5,3,50.0,0,N,MELB_URBAN,STREET,12,21.0
139138,6,4,99,2,9,60.0,0,I,TOWNS,STREET,5,15.0
139139,8,7,174,5,3,50.0,0,N,SMALL_CITIES,STREET,12,0.0
139140,4,7,173,1,3,40.0,0,I,LARGE_PROVINCIAL_CITIES,STREET,12,0.0
139141,1,7,130,5,3,40.0,0,N,MELB_URBAN,ROAD,12,3.0
139142,1,6,120,5,3,40.0,0,N,MELB_URBAN,STREET,12,4.0
139143,8,7,99,5,1,100.0,0,N,RURAL_VICTORIA,ROAD,11,15.0
139144,4,7,171,4,1,60.0,0,I,MELB_URBAN,ROAD,12,10.0
139145,1,4,130,5,1,60.0,0,N,MELB_URBAN,ROAD,12,15.0
139146,1,7,130,5,1,90.0,0,N,MELB_URBAN,FREEWAY,12,10.0
139147,4,7,173,5,1,80.0,0,N,MELB_URBAN,HIGHWAY,12,12.0
139148,1,7,121,1,1,80.0,0,N,MELB_URBAN,ROAD,12,10.0
139149,6,6,174,4,3,60.0,0,I,RURAL_VICTORIA,ROAD,12,22.0
139150,1,7,99,2,1,60.0,0,N,MELB_URBAN,STREET,12,11.0
139151,1,6,130,5,1,80.0,0,N,MELB_URBAN,HIGHWAY,11,12.0
139152,1,6,113,1,1,80.0,0,I,RURAL_VICTORIA,ROAD,12,13.0
139153,1,7,147,5,1,60.0,0,N,MELB_URBAN,BOULEVARD,12,10.0
139154,1,7,110,1,1,60.0,0,I,MELB_URBAN,STREET,12,13.0
139155,4,7,99,5,1,50.0,0,N,TOWNS,STREET,12,13.0
139156,4,7,171,5,1,60.0,0,N,RURAL_VICTORIA,ROAD,12,14.0
139157,1,7,120,5,1,60.0,0,N,SMALL_CITIES,ROAD,12,10.0
139158,1,7,110,1,1,60.0,0,I,SMALL_CITIES,STREET,12,15.0
139159,1,7,120,5,1,40.0,0,N,MELB_URBAN,STREET,12,13.0
139160,4,7,181,5,1,100.0,0,N,RURAL_VICTORIA,ROAD,12,13.0
139161,1,7,130,5,1,70.0,0,N,MELB_URBAN,ROAD,12,15.0
139162,1,4,99,5,1,80.0,0,N,MELB_URBAN,FREEWAY,11,11.0
139163,2,7,99,5,1,40.0,0,N,MELBOURNE_CBD,STREET,12,14.0
139164,1,7,99,2,2,80.0,0,I,MELB_URBAN,ROAD,12,16.0
139165,1,4,130,5,1,80.0,0,N,MELB_URBAN,ROAD,10,7.0
139166,4,7,181,5,1,100.0,0,N,RURAL_VICTORIA,HIGHWAY,12,13.0
139167,8,5,174,5,2,60.0,0,N,RURAL_VICTORIA,ROAD,12,19.0
139168,1,6,120,5,1,80.0,0,N,RURAL_VICTORIA,ROAD,12,17.0
139169,6,7,99,5,1,100.0,0,N,RURAL_VICTORIA,ROAD,12,11.0
139170,1,6,163,5,1,50.0,0,N,MELB_URBAN,STREET,12,14.0
139171,1,7,135,1,1,70.0,0,N,MELB_URBAN,STREET,12,14.0
139172,1,6,130,1,1,60.0,0,N,MELB_URBAN,STREET,12,19.0
139173,1,7,121,2,1,60.0,0,I,MELB_URBAN,OTHER,12,17.0
139174,1,6,130,5,1,70.0,0,N,LARGE_PROVINCIAL_CITIES,ROAD,12,17.0
139175,1,7,110,1,1,80.0,0,N,MELB_URBAN,STREET,12,16.0
139176,1,6,130,5,1,50.0,0,N,MELB_URBAN,ROAD,12,17.0
139177,1,7,113,2,1,80.0,0,I,MELB_URBAN,ROAD,12,18.0
139178,1,7,121,2,1,50.0,0,I,MELB_URBAN,DRIVE,12,15.0
139179,4,7,147,5,3,60.0,0,N,MELB_URBAN,STREET,12,23.0
139180,1,1,113,2,2,80.0,0,I,MELB_URBAN,HIGHWAY,12,5.0
139181,4,0,171,2,1,50.0,0,I,MELB_URBAN,STREET,12,5.0
139182,4,7,183,5,1,100.0,0,N,RURAL_VICTORIA,ROAD,12,16.0
139183,1,1,116,2,1,60.0,0,I,MELB_URBAN,ROAD,12,8.0
139184,1,1,110,1,1,60.0,0,I,MELB_URBAN,PARADE,12,9.0
139185,1,0,110,1,1,80.0,0,I,RURAL_VICTORIA,FREEWAY,12,10.0
139186,1,1,113,2,1,60.0,0,I,SMALL_CITIES,ROAD,12,11.0
139187,6,1,174,1,1,60.0,0,I,LARGE_PROVINCIAL_CITIES,ROAD,12,12.0
139188,1,0,99,5,1,100.0,0,N,RURAL_VICTORIA,ROAD,12,10.0
139189,1,0,111,2,1,60.0,0,I,MELB_URBAN,ROAD,12,12.0
139190,1,1,121,4,1,60.0,0,N,SMALL_CITIES,STREET,12,11.0
139191,1,7,130,5,1,80.0,0,N,MELB_URBAN,ROAD,12,15.0
139192,1,5,130,2,1,60.0,0,N,MELB_URBAN,ROAD,12,15.0
139193,3,1,167,5,2,80.0,0,N,RURAL_VICTORIA,HIGHWAY,12,5.0
139194,1,1,99,5,1,60.0,0,N,MELB_URBAN,STREET,12,11.0
139195,1,1,113,2,1,60.0,0,I,TOWNS,ROAD,12,13.0
139196,1,1,130,5,1,50.0,0,N,MELB_URBAN,UNKNOWN,12,10.0
139197,6,1,99,5,1,100.0,0,N,RURAL_VICTORIA,ROAD,12,13.0
139198,6,5,99,5,2,50.0,0,N,RURAL_VICTORIA,ROAD,10,6.0
139199,1,7,130,5,1,70.0,0,N,LARGE_PROVINCIAL_CITIES,STREET,12,13.0
139200,1,0,130,5,1,100.0,0,N,MELB_URBAN,FREEWAY,12,12.0
139201,4,6,99,2,5,100.0,0,I,RURAL_VICTORIA,ROAD,12,21.0
139202,8,1,174,5,1,60.0,0,N,RURAL_VICTORIA,ROAD,12,8.0
139203,4,5,171,5,1,60.0,0,N,MELB_URBAN,ROAD,10,6.0
139204,1,1,147,5,1,60.0,0,N,MELB_URBAN,ROAD,11,8.0
139205,1,6,113,2,1,70.0,0,I,RURAL_VICTORIA,ROAD,12,15.0
139206,1,1,116,1,1,100.0,0,I,RURAL_VICTORIA,OTHER,12,15.0
139207,1,1,130,5,1,80.0,0,N,MELB_URBAN,HIGHWAY,12,16.0
139208,1,6,121,1,3,50.0,0,I,MELB_URBAN,ROAD,10,21.0
139209,1,0,110,1,1,70.0,0,I,SMALL_CITIES,HIGHWAY,12,18.0
139210,1,1,130,5,1,60.0,0,N,SMALL_CITIES,ROAD,12,17.0
139211,8,1,174,2,1,50.0,0,I,SMALL_CITIES,OTHER,12,18.0
139212,1,1,113,1,1,60.0,0,I,RURAL_VICTORIA,ROAD,12,16.0
139213,1,6,130,5,1,50.0,0,N,MELB_URBAN,ROAD,12,17.0
139214,4,1,183,5,1,100.0,0,N,RURAL_VICTORIA,ROAD,12,20.0
139215,4,1,173,5,1,60.0,0,N,RURAL_VICTORIA,ROAD,12,11.0
139216,4,1,99,5,2,50.0,0,N,MELB_URBAN,OTHER,12,19.0
139217,1,3,121,2,1,60.0,0,I,MELB_URBAN,STREET,11,19.0
139218,1,1,113,3,1,70.0,0,N,MELB_URBAN,AVENUE,12,14.0
139219,2,0,100,2,3,50.0,0,I,RURAL_VICTORIA,STREET,12,21.0
139220,1,1,130,5,1,50.0,0,N,MELB_URBAN,STREET,12,19.0
139221,1,1,116,2,1,60.0,0,I,MELB_URBAN,ROAD,12,15.0
139222,1,5,132,1,9,60.0,0,I,MELB_URBAN,ROAD,10,18.0
139223,6,1,174,5,1,100.0,0,N,RURAL_VICTORIA,ROAD,12,19.0
139224,1,1,160,5,3,50.0,0,N,MELB_URBAN,OTHER,12,21.0
139225,1,1,130,5,2,50.0,0,N,MELB_URBAN,ROAD,12,20.0
139226,2,1,100,5,3,40.0,0,N,MELB_URBAN,UNKNOWN,12,23.0
139227,3,2,167,5,2,100.0,0,N,RURAL_VICTORIA,ROAD,12,5.0
139228,1,1,130,5,1,80.0,0,N,MELB_URBAN,HIGHWAY,12,6.0
139229,2,5,102,1,1,50.0,0,I,MELB_URBAN,STREET,12,14.0
139230,1,5,147,2,9,60.0,0,N,LARGE_PROVINCIAL_CITIES,ROAD,11,8.0
139231,1,4,130,5,9,60.0,0,N,RURAL_VICTORIA,ROAD,11,14.0
139232,1,4,135,5,9,60.0,0,N,MELB_URBAN,ROAD,11,17.0
139233,2,4,102,5,1,50.0,0,N,MELB_URBAN,ROAD,11,15.0
139234,1,5,121,5,1,80.0,0,N,MELB_URBAN,HIGHWAY,12,16.0
139235,1,1,140,5,1,80.0,0,N,RURAL_VICTORIA,ROAD,12,15.0
139236,1,2,113,2,1,100.0,0,I,RURAL_VICTORIA,ROAD,12,7.0
139237,4,2,181,2,5,60.0,0,N,TOWNS,PARADE,12,2.0
139238,9,7,99,5,1,100.0,0,N,RURAL_VICTORIA,ROAD,12,12.0
139239,1,2,99,5,2,50.0,0,N,MELB_URBAN,AVENUE,12,6.0
139240,4,2,173,5,1,80.0,0,N,MELB_URBAN,HIGHWAY,12,8.0
139241,1,5,130,5,1,80.0,0,N,MELB_URBAN,OTHER,12,15.0
139242,6,2,99,5,1,50.0,0,N,MELB_URBAN,DRIVE,12,6.0
139243,1,2,147,5,1,70.0,0,N,MELB_URBAN,ROAD,12,11.0
139244,3,0,167,5,2,80.0,0,N,RURAL_VICTORIA,ROAD,12,20.0
139245,8,2,174,5,1,70.0,0,N,SMALL_CITIES,ROAD,12,13.0
139246,4,2,171,5,1,100.0,0,N,RURAL_VICTORIA,HIGHWAY,12,12.0
139247,1,1,130,5,1,60.0,0,N,MELB_URBAN,STREET,12,12.0
139248,1,2,99,2,1,80.0,0,I,MELB_URBAN,HIGHWAY,12,13.0
139249,1,5,130,5,1,60.0,0,N,RURAL_VICTORIA,ROAD,11,13.0
139250,1,2,133,5,1,100.0,0,N,RURAL_VICTORIA,ROAD,12,13.0
139251,1,0,130,4,1,60.0,0,I,MELB_URBAN,HIGHWAY,11,16.0
139252,1,2,132,2,1,60.0,0,I,LARGE_PROVINCIAL_CITIES,ROAD,12,14.0
139253,1,2,120,5,1,100.0,0,N,RURAL_VICTORIA,ROAD,12,9.0
139254,1,1,130,5,1,100.0,0,N,RURAL_VICTORIA,FREEWAY,12,14.0
139255,1,1,121,1,1,60.0,0,I,MELB_URBAN,ROAD,12,14.0
139256,1,2,121,4,1,80.0,0,I,MELB_URBAN,HIGHWAY,12,14.0
139257,2,2,99,5,1,60.0,0,N,MELB_URBAN,ROAD,12,15.0
139258,4,2,181,5,1,80.0,0,N,RURAL_VICTORIA,ROAD,12,14.0
139259,4,1,171,5,1,60.0,0,N,TOWNS,HIGHWAY,12,14.0
139260,1,1,110,1,1,80.0,0,I,MELB_URBAN,OTHER,12,16.0
139261,1,2,130,5,1,50.0,0,N,MELB_URBAN,ROAD,12,15.0
139262,1,2,116,1,1,60.0,0,N,LARGE_PROVINCIAL_CITIES,STREET,12,17.0
139263,1,1,160,5,1,50.0,0,N,MELB_URBAN,STREET,12,6.0
139264,1,2,147,5,1,60.0,0,N,MELB_URBAN,ROAD,12,13.0
139265,1,2,130,1,1,50.0,0,I,LARGE_PROVINCIAL_CITIES,STREET,11,17.0
139266,2,2,99,2,1,80.0,0,I,MELB_URBAN,ROAD,12,17.0
139267,1,1,130,1,1,80.0,0,N,MELB_URBAN,ROAD,12,17.0
139268,1,4,99,5,1,50.0,0,N,MELB_URBAN,OTHER,11,17.0
139269,4,1,183,5,1,80.0,0,N,MELB_URBAN,HIGHWAY,12,17.0
139270,4,1,171,5,1,50.0,0,N,MELB_URBAN,STREET,12,19.0
139271,1,2,110,1,3,40.0,0,I,MELB_URBAN,STREET,12,20.0
139272,1,7,130,5,1,60.0,0,N,MELB_URBAN,ROAD,11,16.0
139273,1,1,130,4,1,60.0,0,N,MELB_URBAN,ROAD,12,19.0
139274,1,2,121,2,1,60.0,0,I,MELB_URBAN,STREET,12,18.0
139275,1,1,160,2,3,60.0,0,N,MELB_URBAN,STREET,12,21.0
139276,1,1,130,5,1,110.0,1,N,RURAL_VICTORIA,FREEWAY,12,14.0
139277,1,2,110,1,3,50.0,0,I,TOWNS,AVENUE,12,0.0
139278,1,5,134,5,1,60.0,0,N,TOWNS,HIGHWAY,11,11.0
139279,1,4,99,1,2,60.0,0,I,MELB_URBAN,ROAD,11,18.0
139280,1,3,113,1,3,60.0,0,I,MELB_URBAN,STREET,12,5.0
139281,1,4,133,5,1,100.0,0,I,MELB_URBAN,ROAD,11,15.0
139282,4,3,181,5,2,60.0,0,N,RURAL_VICTORIA,ROAD,12,5.0
139283,1,6,99,4,1,50.0,0,N,MELB_URBAN,STREET,11,8.0
139284,4,2,173,1,1,50.0,0,I,SMALL_CITIES,STREET,12,6.0
139285,1,3,120,5,1,60.0,0,N,LARGE_PROVINCIAL_CITIES,STREET,12,6.0
139286,1,2,130,5,1,80.0,0,N,MELB_URBAN,ROAD,11,7.0
139287,2,3,100,5,1,40.0,0,N,MELB_URBAN,AVENUE,12,9.0
139288,2,2,99,5,1,60.0,0,N,LARGE_PROVINCIAL_CITIES,OTHER,12,17.0
139289,1,4,113,3,1,50.0,0,I,MELB_URBAN,OTHER,11,8.0
139290,1,3,130,5,1,50.0,0,N,MELB_URBAN,STREET,12,12.0
139291,4,2,181,2,1,80.0,0,I,LARGE_PROVINCIAL_CITIES,ROAD,12,11.0
139292,1,2,130,2,1,60.0,0,N,LARGE_PROVINCIAL_CITIES,STREET,12,9.0
139293,3,5,167,5,1,60.0,0,N,RURAL_VICTORIA,ROAD,12,14.0
139294,1,3,120,5,1,50.0,0,N,MELB_URBAN,DRIVE,12,12.0
139295,1,1,110,1,6,50.0,0,I,LARGE_PROVINCIAL_CITIES,STREET,12,1.0
139296,1,2,111,1,1,50.0,0,I,MELB_URBAN,STREET,12,17.0
139297,1,3,110,1,1,40.0,0,I,MELB_URBAN,AVENUE,12,12.0
139298,1,2,130,5,1,60.0,0,N,MELB_URBAN,RAMP,11,15.0
139299,1,3,130,5,1,80.0,0,N,MELB_URBAN,ROAD,12,13.0
139300,1,3,130,5,2,100.0,0,N,MELB_URBAN,FREEWAY,12,7.0
139301,1,3,120,5,1,50.0,0,N,TOWNS,OTHER,12,10.0
139302,4,2,181,5,5,80.0,0,N,RURAL_VICTORIA,ROAD,12,21.0
139303,4,2,171,2,3,70.0,0,I,MELB_URBAN,ROAD,12,22.0
139304,1,6,121,1,1,60.0,0,I,MELB_URBAN,DRIVE,10,9.0
139305,8,1,174,5,1,50.0,0,N,LARGE_PROVINCIAL_CITIES,STREET,12,16.0
139306,1,7,134,5,1,100.0,0,N,RURAL_VICTORIA,FREEWAY,12,5.0
139307,2,2,102,5,1,60.0,0,N,MELB_URBAN,ROAD,12,12.0
139308,1,2,130,1,1,60.0,0,I,LARGE_PROVINCIAL_CITIES,ROAD,12,12.0
139309,4,3,183,5,1,100.0,0,N,RURAL_VICTORIA,ROAD,12,14.0
139310,1,2,130,5,1,80.0,0,N,MELB_URBAN,HIGHWAY,12,16.0
139311,1,2,130,5,1,60.0,0,N,SMALL_CITIES,HIGHWAY,12,10.0
139312,1,2,113,4,1,60.0,0,I,MELB_URBAN,RAMP,12,16.0
139313,1,2,130,5,2,80.0,0,N,MELB_URBAN,HIGHWAY,11,5.0
139314,1,3,121,1,1,60.0,0,I,MELB_URBAN,ROAD,12,16.0
139315,1,3,130,5,1,100.0,0,N,RURAL_VICTORIA,HIGHWAY,12,16.0
139316,2,2,100,1,1,60.0,0,I,TOWNS,ROAD,12,17.0
139317,8,1,99,3,1,60.0,0,I,RURAL_VICTORIA,ROAD,11,10.0
139318,1,3,113,2,1,60.0,0,I,MELB_URBAN,ROAD,12,14.0
139319,1,5,130,5,1,100.0,0,N,MELB_URBAN,FREEWAY,12,7.0
139320,1,1,113,1,5,60.0,0,I,MELB_URBAN,STREET,12,21.0
139321,2,3,102,5,1,60.0,0,N,MELB_URBAN,STREET,12,18.0
139322,1,2,110,1,1,60.0,0,N,MELB_URBAN,ROAD,12,19.0
139323,1,2,130,5,1,60.0,0,N,MELB_URBAN,ROAD,12,18.0
139324,1,3,120,5,1,50.0,0,N,SMALL_CITIES,AVENUE,12,18.0
139325,4,3,171,5,3,100.0,0,N,MELB_URBAN,FREEWAY,12,20.0
139326,4,3,173,5,1,100.0,0,N,RURAL_VICTORIA,ROAD,12,17.0
139327,1,3,121,2,1,60.0,0,I,MELB_URBAN,AVENUE,12,16.0
139328,1,3,135,5,1,100.0,0,N,LARGE_PROVINCIAL_CITIES,ROAD,12,16.0
139329,1,3,130,5,3,70.0,0,N,MELB_URBAN,STREET,12,21.0
139330,8,3,99,5,3,50.0,0,N,RURAL_VICTORIA,ROAD,12,2.0
139331,4,4,171,5,6,50.0,0,N,MELB_URBAN,AVENUE,12,3.0
139332,1,3,110,1,1,60.0,0,I,MELB_URBAN,STREET,12,6.0
139333,1,4,99,5,1,60.0,0,N,MELB_URBAN,ROAD,12,14.0
139334,1,3,130,5,1,110.0,0,N,RURAL_VICTORIA,FREEWAY,12,8.0
139335,1,1,111,1,3,80.0,0,I,MELB_URBAN,RAMP,8,0.0
139336,1,3,130,5,1,70.0,0,N,MELB_URBAN,ROAD,12,8.0
139337,1,1,147,5,1,70.0,0,N,MELB_URBAN,ROAD,12,15.0
139338,1,7,160,5,1,60.0,0,N,MELB_URBAN,ROAD,10,16.0
139339,1,3,130,5,1,40.0,0,N,MELB_URBAN,OTHER,12,10.0
139340,6,6,174,1,1,50.0,0,I,MELB_URBAN,STREET,12,12.0
139341,1,1,135,5,1,100.0,0,N,MELB_URBAN,FREEWAY,11,12.0
139342,1,4,121,1,1,60.0,0,N,MELB_URBAN,STREET,12,6.0
139343,1,3,121,2,1,60.0,0,I,MELB_URBAN,STREET,12,13.0
139344,1,3,130,5,1,50.0,0,N,MELB_URBAN,ROAD,12,8.0
139345,3,5,167,5,5,100.0,0,N,RURAL_VICTORIA,HIGHWAY,12,5.0
139346,8,7,174,5,1,100.0,0,N,RURAL_VICTORIA,OTHER,12,16.0
139347,1,7,130,5,1,40.0,0,N,MELB_URBAN,DRIVE,12,17.0
139348,4,4,171,5,1,50.0,0,N,MELB_URBAN,STREET,12,13.0
139349,2,4,100,2,1,60.0,0,N,MELB_URBAN,ROAD,12,16.0
139350,2,1,99,5,1,50.0,0,N,MELB_URBAN,STREET,12,10.0
139351,1,3,110,1,1,50.0,0,I,MELB_URBAN,DRIVE,12,8.0
139352,2,4,99,5,3,60.0,0,N,LARGE_PROVINCIAL_CITIES,ROAD,12,23.0
139353,1,3,121,2,1,80.0,0,I,TOWNS,HIGHWAY,12,10.0
139354,1,4,160,5,1,50.0,0,N,MELB_URBAN,ROAD,12,14.0
139355,1,4,135,1,1,60.0,0,N,MELB_URBAN,ROAD,12,14.0
139356,1,3,130,5,2,100.0,0,N,RURAL_VICTORIA,FREEWAY,8,6.0
139357,1,3,99,1,1,50.0,0,N,MELB_URBAN,DRIVE,12,15.0
139358,4,4,171,2,1,50.0,0,N,MELB_URBAN,STREET,12,15.0
139359,1,4,113,1,1,60.0,0,I,MELB_URBAN,STREET,12,15.0
139360,4,4,181,5,1,100.0,0,N,RURAL_VICTORIA,ROAD,12,16.0
139361,1,4,121,1,1,60.0,0,I,MELB_URBAN,ROAD,12,17.0
139362,1,4,135,1,1,60.0,0,I,LARGE_PROVINCIAL_CITIES,STREET,11,12.0
139363,1,4,99,1,1,50.0,0,I,RURAL_VICTORIA,BOULEVARD,12,17.0
139364,1,6,134,5,1,60.0,0,N,MELB_URBAN,ROAD,12,12.0
139365,4,4,171,5,1,60.0,1,N,MELB_URBAN,DRIVE,12,18.0
139366,4,3,99,5,3,100.0,0,N,MELB_URBAN,FREEWAY,12,21.0
139367,4,4,181,5,3,60.0,0,N,RURAL_VICTORIA,STREET,12,21.0
139368,1,3,120,5,3,60.0,0,N,MELB_URBAN,ROAD,12,22.0
139369,4,5,171,5,3,60.0,0,N,LARGE_PROVINCIAL_CITIES,DRIVE,12,2.0
139370,4,5,181,5,3,110.0,0,N,RURAL_VICTORIA,FREEWAY,12,4.0
139371,4,4,171,5,5,110.0,0,N,RURAL_VICTORIA,FREEWAY,12,4.0
139372,1,1,130,5,1,100.0,0,N,MELB_URBAN,FREEWAY,11,16.0
139373,1,2,147,5,1,60.0,0,N,MELB_URBAN,ROAD,12,8.0
139374,1,5,130,5,1,60.0,0,N,MELB_URBAN,STREET,11,16.0
139375,1,5,160,5,2,60.0,0,N,LARGE_PROVINCIAL_CITIES,STREET,12,6.0
139376,1,5,99,5,1,50.0,0,N,MELB_URBAN,STREET,11,17.0
139377,2,1,102,1,9,60.0,0,I,MELB_URBAN,ROAD,12,13.0
139378,3,4,167,5,2,110.0,0,N,RURAL_VICTORIA,FREEWAY,10,6.0
139379,4,4,99,5,1,110.0,0,N,RURAL_VICTORIA,FREEWAY,12,6.0
139380,1,2,130,5,1,80.0,0,N,MELB_URBAN,ROAD,12,17.0
139381,1,5,130,5,1,60.0,0,N,MELB_URBAN,ROAD,12,10.0
139382,1,5,120,5,1,50.0,0,N,MELB_URBAN,STREET,12,8.0
139383,1,5,113,2,1,60.0,0,I,MELB_URBAN,ROAD,12,9.0
139384,1,5,130,5,1,60.0,0,N,MELB_URBAN,ROAD,12,8.0
139385,1,1,134,5,1,40.0,0,N,MELB_URBAN,STREET,10,11.0
139386,4,3,171,2,1,60.0,0,N,LARGE_PROVINCIAL_CITIES,STREET,12,16.0
139387,5,0,99,5,1,60.0,0,N,RURAL_VICTORIA,ROAD,11,15.0
139388,1,6,130,1,1,70.0,0,N,MELB_URBAN,BOULEVARD,11,11.0
139389,1,5,113,2,1,60.0,0,I,SMALL_CITIES,ROAD,12,12.0
139390,1,2,110,1,9,60.0,0,N,MELB_URBAN,ROAD,12,10.0
139391,4,4,171,5,1,50.0,0,N,SMALL_CITIES,STREET,12,13.0
139392,4,7,183,5,2,60.0,0,N,MELB_URBAN,AVENUE,11,19.0
139393,2,5,102,5,1,50.0,0,N,MELB_URBAN,AVENUE,12,12.0
139394,1,5,120,2,1,80.0,0,N,RURAL_VICTORIA,ROAD,12,10.0
139395,4,5,173,5,1,100.0,0,N,RURAL_VICTORIA,HIGHWAY,12,11.0
139396,1,5,121,2,1,60.0,0,I,MELB_URBAN,ROAD,12,14.0
139397,1,0,130,1,2,50.0,0,N,TOWNS,STREET,12,19.0
139398,1,5,99,1,1,60.0,0,I,MELB_URBAN,HIGHWAY,12,14.0
139399,1,4,130,5,1,60.0,0,N,MELB_URBAN,ROAD,12,8.0
139400,1,4,130,5,1,80.0,0,N,SMALL_TOWNS,FREEWAY,10,8.0
139401,1,5,99,5,1,50.0,0,N,MELB_URBAN,OTHER,12,16.0
139402,1,3,99,6,1,50.0,0,N,MELB_URBAN,OTHER,12,13.0
139403,1,5,99,5,1,60.0,0,N,MELB_URBAN,BOULEVARD,12,15.0
139404,2,5,99,5,1,50.0,0,N,SMALL_CITIES,DRIVE,12,15.0
139405,1,3,132,5,1,50.0,0,N,TOWNS,STREET,12,11.0
139406,1,4,111,1,3,50.0,0,I,MELB_URBAN,AVENUE,12,19.0
139407,2,4,102,4,1,40.0,0,N,MELB_URBAN,ROAD,12,15.0
139408,4,5,173,5,1,70.0,0,N,MELB_URBAN,ROAD,12,16.0
139409,1,5,113,2,1,50.0,0,I,MELB_URBAN,ROAD,12,18.0
139410,6,7,99,5,1,100.0,0,N,RURAL_VICTORIA,ROAD,11,18.0
139411,1,5,113,2,1,80.0,0,N,MELB_URBAN,ROAD,12,17.0
139412,5,5,99,5,1,50.0,0,N,TOWNS,ROAD,12,15.0
139413,2,5,102,5,1,60.0,1,N,MELB_URBAN,ROAD,12,14.0
139414,1,6,130,5,1,80.0,0,N,MELB_URBAN,FREEWAY,11,18.0
139415,4,4,183,5,1,100.0,0,N,RURAL_VICTORIA,STREET,12,17.0
139416,1,6,130,1,9,40.0,0,I,LARGE_PROVINCIAL_CITIES,STREET,12,16.0
139417,1,5,111,2,1,60.0,0,I,MELB_URBAN,ROAD,12,8.0