,accident_type,day_of_week,dca_code,road_geometry,light_condition,speed_zone,severity,node_type,deg_urban_name,road_type,month,hour
139418,1,5,121,4,3,80.0,0,I,MELB_URBAN,HIGHWAY,12,20.0
139419,1,5,121,2,1,80.0,0,I,RURAL_VICTORIA,ROAD,12,14.0
139420,1,5,160,5,6,40.0,0,N,MELB_URBAN,ROAD,12,21.0
139421,1,6,147,2,3,60.0,0,N,MELB_URBAN,STREET,12,1.0
139422,1,6,130,2,3,60.0,0,I,MELB_URBAN,ROAD,12,1.0
139423,8,5,174,5,1,50.0,0,N,RURAL_VICTORIA,ROAD,11,17.0
139424,4,6,183,5,1,60.0,0,N,RURAL_VICTORIA,ROAD,12,7.0
139425,1,3,130,1,1,50.0,0,I,MELB_URBAN,DRIVE,10,13.0
139426,6,4,174,5,6,60.0,0,N,MELB_URBAN,STREET,12,21.0
139427,1,2,130,5,1,60.0,0,N,MELB_URBAN,STREET,11,14.0
139428,1,4,110,1,9,50.0,0,I,MELB_URBAN,STREET,6,11.0
139429,1,1,110,1,3,60.0,0,N,MELB_URBAN,ROAD,11,3.0
139430,4,5,173,5,1,40.0,0,N,MELB_URBAN,STREET,12,8.0
139431,4,6,171,5,1,100.0,1,N,MELB_URBAN,FREEWAY,12,7.0
139432,1,6,111,1,1,60.0,0,I,LARGE_PROVINCIAL_CITIES,AVENUE,12,10.0
139433,8,6,184,5,1,100.0,0,N,RURAL_VICTORIA,ROAD,12,10.0
139434,1,6,110,1,1,40.0,0,I,MELB_URBAN,STREET,12,8.0
139435,1,5,99,5,1,40.0,0,N,MELB_URBAN,STREET,12,9.0
139436,6,6,99,5,1,100.0,0,N,RURAL_VICTORIA,ROAD,12,6.0
139437,1,6,130,5,1,100.0,0,N,MELB_URBAN,FREEWAY,12,9.0
139438,1,5,130,1,1,60.0,0,N,MELB_URBAN,ROAD,12,12.0
139439,2,6,99,5,1,100.0,1,N,MELB_URBAN,FREEWAY,12,8.0
139440,4,6,171,5,1,100.0,0,N,RURAL_VICTORIA,HIGHWAY,12,11.0
139441,1,2,130,5,1,50.0,0,N,MELB_URBAN,STREET,12,18.0
139442,2,4,100,5,1,40.0,0,N,MELB_URBAN,ROAD,12,15.0
139443,1,6,116,2,1,60.0,0,I,MELB_URBAN,DRIVE,12,14.0
139444,1,6,121,2,1,60.0,0,I,SMALL_TOWNS,ROAD,12,16.0
139445,2,5,99,5,1,50.0,0,N,MELB_URBAN,DRIVE,12,16.0
139446,4,6,173,5,1,60.0,0,N,LARGE_PROVINCIAL_CITIES,STREET,12,17.0
139447,1,6,110,1,1,100.0,1,I,RURAL_VICTORIA,ROAD,12,13.0
139448,8,5,174,5,1,60.0,0,N,MELB_URBAN,DRIVE,12,15.0
139449,1,3,99,1,1,50.0,0,I,MELB_URBAN,ROAD,12,11.0
139450,1,6,99,5,1,50.0,0,N,LARGE_PROVINCIAL_CITIES,STREET,12,17.0
139451,4,5,173,5,1,110.0,0,N,RURAL_VICTORIA,FREEWAY,12,18.0
139452,2,5,102,5,1,60.0,0,N,MELB_URBAN,BOULEVARD,12,19.0
139453,1,5,130,1,1,50.0,0,I,MELB_URBAN,ROAD,12,18.0
139454,8,4,174,5,1,50.0,0,N,MELB_URBAN,AVENUE,12,16.0
139455,4,6,173,1,1,60.0,0,N,MELB_URBAN,ROAD,12,18.0
139456,1,6,130,5,1,60.0,0,N,SMALL_TOWNS,HIGHWAY,12,18.0
139457,1,6,110,1,1,60.0,0,I,LARGE_PROVINCIAL_CITIES,ROAD,12,18.0
139458,1,6,121,1,3,60.0,0,I,SMALL_CITIES,ROAD,12,21.0
139459,1,6,111,2,3,100.0,0,I,RURAL_VICTORIA,ROAD,12,21.0
139460,1,5,120,2,1,50.0,0,N,MELB_URBAN,ROAD,12,19.0
139461,1,7,110,1,3,60.0,0,I,RURAL_VICTORIA,ROAD,12,0.0
139462,1,6,110,1,3,50.0,0,N,MELB_URBAN,STREET,12,23.0
139463,4,6,99,5,3,60.0,0,N,LARGE_PROVINCIAL_CITIES,STREET,12,23.0
139464,4,6,171,5,5,80.0,0,N,RURAL_VICTORIA,ROAD,12,23.0
139465,1,7,121,1,3,40.0,0,I,MELB_URBAN,ROAD,12,1.0
139466,4,7,99,5,3,80.0,0,N,MELB_URBAN,ROAD,12,0.0
139467,1,6,160,5,3,60.0,0,N,MELB_URBAN,ROAD,12,0.0
139468,1,5,130,5,5,80.0,0,N,MELB_URBAN,ROAD,12,22.0
139469,1,7,121,1,3,40.0,0,I,MELB_URBAN,OTHER,12,2.0
139470,1,7,160,5,3,50.0,0,N,MELB_URBAN,ROAD,12,5.0
139471,1,5,130,5,9,60.0,0,N,MELB_URBAN,HIGHWAY,12,17.0
139472,1,2,116,2,1,50.0,0,I,MELB_URBAN,STREET,12,14.0
139473,8,4,174,2,4,40.0,0,I,MELB_URBAN,STREET,12,22.0
139474,2,4,100,5,1,40.0,0,N,MELB_URBAN,ROAD,12,10.0
139475,8,2,99,2,1,50.0,0,N,TOWNS,ROAD,12,12.0
139476,1,6,121,1,1,60.0,0,I,MELB_URBAN,ROAD,12,8.0
139477,1,7,130,2,1,60.0,0,N,MELB_URBAN,ROAD,12,9.0
139478,1,5,116,1,1,60.0,0,I,MELB_URBAN,HIGHWAY,11,16.0
139479,1,7,111,1,1,40.0,0,I,MELB_URBAN,STREET,12,12.0
139480,4,7,171,4,1,50.0,0,N,MELB_URBAN,STREET,12,11.0
139481,1,7,113,2,1,60.0,0,I,MELB_URBAN,ROAD,12,12.0
139482,1,7,113,2,1,60.0,0,I,MELB_URBAN,ROAD,12,13.0
139483,4,7,181,5,1,50.0,0,N,RURAL_VICTORIA,ROAD,12,13.0
139484,1,3,135,2,1,70.0,0,N,MELB_URBAN,ROAD,12,10.0
139485,1,7,99,2,1,80.0,0,I,RURAL_VICTORIA,ROAD,12,11.0
139486,1,7,110,1,1,30.0,0,N,MELB_URBAN,OTHER,12,15.0
139487,1,6,121,1,1,60.0,0,I,MELB_URBAN,ROAD,12,13.0
139488,1,7,99,2,1,40.0,0,I,MELB_URBAN,STREET,12,14.0
139489,1,6,110,1,1,60.0,0,I,TOWNS,ROAD,12,15.0
139490,1,7,130,5,1,70.0,0,N,MELB_URBAN,ROAD,12,15.0
139491,1,6,130,5,1,60.0,0,N,MELB_URBAN,ROAD,12,16.0
139492,1,7,120,5,1,60.0,1,N,SMALL_TOWNS,ROAD,12,13.0
139493,2,6,102,5,1,50.0,0,N,MELB_URBAN,ROAD,12,10.0
139494,1,6,132,2,1,60.0,0,I,MELB_URBAN,ROAD,12,16.0
139495,4,7,171,5,1,60.0,0,N,MELB_URBAN,PARADE,12,16.0
139496,4,6,181,5,1,80.0,0,N,RURAL_VICTORIA,ROAD,12,15.0
139497,1,6,130,5,1,60.0,0,N,MELB_URBAN,ROAD,12,15.0
139498,1,7,160,5,3,60.0,0,N,MELB_URBAN,STREET,12,23.0
139499,6,7,184,3,5,80.0,0,I,RURAL_VICTORIA,ROAD,12,21.0
139500,1,1,110,1,3,80.0,0,I,SMALL_TOWNS,ROAD,12,0.0
139501,2,7,102,5,4,60.0,0,N,MELB_URBAN,ROAD,12,22.0
139502,1,1,163,2,3,40.0,0,I,MELB_URBAN,STREET,12,1.0
139503,1,7,160,5,3,60.0,0,N,TOWNS,STREET,12,22.0
139504,1,7,140,2,3,60.0,0,N,MELB_URBAN,ROAD,12,23.0
139505,4,0,99,5,5,50.0,0,N,MELB_URBAN,ROAD,12,0.0
139506,4,0,173,5,5,100.0,0,N,RURAL_VICTORIA,HIGHWAY,12,4.0
139507,1,0,130,2,2,80.0,0,N,MELB_URBAN,ROAD,12,5.0
139508,1,7,120,5,3,40.0,0,N,MELB_URBAN,DRIVE,12,22.0
139509,8,2,99,2,1,60.0,0,N,TOWNS,ROAD,9,13.0
139510,1,1,116,1,1,80.0,0,I,MELB_URBAN,HIGHWAY,12,8.0
139511,1,3,113,1,1,60.0,0,I,MELB_URBAN,ROAD,11,9.0
139512,1,0,130,5,1,80.0,0,N,MELB_URBAN,ROAD,12,7.0
139513,4,6,181,5,1,100.0,0,N,RURAL_VICTORIA,ROAD,12,19.0
139514,1,1,171,5,3,80.0,0,N,MELB_URBAN,FREEWAY,12,3.0
139515,4,1,173,5,1,60.0,0,N,MELB_URBAN,STREET,12,8.0
139516,4,1,173,5,1,70.0,0,N,MELB_URBAN,ROAD,12,6.0
139517,4,1,173,2,3,60.0,0,I,MELB_URBAN,ROAD,12,1.0
139518,1,1,120,5,1,80.0,0,N,MELB_URBAN,ROAD,12,7.0
139519,1,0,130,5,1,100.0,0,N,MELB_URBAN,ROAD,12,10.0
139520,1,5,130,5,1,60.0,0,N,MELB_URBAN,HIGHWAY,12,18.0
139521,1,5,160,5,6,50.0,0,N,MELB_URBAN,STREET,11,21.0
139522,4,0,173,5,1,60.0,0,N,MELB_URBAN,HIGHWAY,12,6.0
139523,6,7,170,5,5,60.0,0,N,RURAL_VICTORIA,HIGHWAY,12,21.0
139524,2,6,102,1,1,50.0,0,I,MELB_URBAN,BOULEVARD,12,8.0
139525,4,0,171,5,1,50.0,0,N,MELB_URBAN,AVENUE,12,13.0
139526,4,1,181,5,1,100.0,0,N,RURAL_VICTORIA,ROAD,12,13.0
139527,1,1,121,2,1,60.0,0,I,MELB_URBAN,ROAD,12,16.0
139528,1,1,120,5,1,80.0,0,N,RURAL_VICTORIA,HIGHWAY,12,15.0
139529,1,6,133,1,3,50.0,0,I,MELB_URBAN,OTHER,12,22.0
139530,4,1,173,5,1,70.0,0,N,MELB_URBAN,ROAD,12,15.0
139531,1,3,110,1,3,70.0,0,I,MELB_URBAN,ROAD,12,21.0
139532,2,1,100,1,1,50.0,0,N,LARGE_PROVINCIAL_CITIES,STREET,12,16.0
139533,1,1,113,2,2,60.0,0,I,MELB_URBAN,ROAD,12,20.0
139534,4,1,173,5,1,60.0,0,N,RURAL_VICTORIA,ROAD,12,19.0
139535,1,1,121,1,2,60.0,0,I,MELB_URBAN,ROAD,12,20.0
139536,8,1,174,5,1,60.0,0,N,MELB_URBAN,ROAD,12,19.0
139537,1,3,111,2,1,60.0,0,N,MELB_URBAN,STREET,12,16.0
139538,1,1,120,2,5,60.0,0,N,MELB_URBAN,ROAD,12,22.0
139539,4,2,173,5,5,80.0,0,N,RURAL_VICTORIA,ROAD,12,1.0
139540,1,2,130,5,1,60.0,0,N,MELB_URBAN,ROAD,11,12.0
139541,1,1,121,2,1,70.0,0,I,MELB_URBAN,STREET,12,6.0
139542,1,4,130,5,6,60.0,0,N,MELB_URBAN,ROAD,12,21.0
139543,1,2,133,5,1,80.0,0,N,MELB_URBAN,HIGHWAY,12,7.0
139544,6,1,174,5,1,80.0,0,N,MELB_URBAN,ROAD,12,15.0
139545,1,1,135,5,1,100.0,0,N,MELB_URBAN,FREEWAY,12,7.0
139546,4,2,171,5,1,100.0,0,N,RURAL_VICTORIA,ROAD,11,15.0
139547,1,2,116,2,1,50.0,0,I,SMALL_CITIES,STREET,12,9.0
139548,5,1,99,6,1,50.0,0,N,TOWNS,OTHER,8,14.0
139549,1,7,113,2,1,50.0,0,I,MELB_URBAN,AVENUE,11,15.0
139550,1,7,110,1,1,60.0,0,I,LARGE_PROVINCIAL_CITIES,STREET,12,18.0
139551,2,2,99,1,1,100.0,0,N,RURAL_VICTORIA,ROAD,12,7.0
139552,1,5,130,1,1,60.0,0,I,MELB_URBAN,ROAD,12,8.0
139553,1,2,113,1,1,80.0,0,I,MELB_URBAN,HIGHWAY,12,7.0
139554,1,2,132,2,1,60.0,0,N,MELB_URBAN,ROAD,11,14.0
139555,1,2,110,1,1,60.0,0,I,MELB_URBAN,ROAD,12,7.0
139556,1,2,130,4,1,60.0,0,N,MELB_URBAN,RAMP,12,13.0
139557,1,1,130,5,2,60.0,0,N,MELB_URBAN,ROAD,9,17.0
139558,4,2,171,5,1,60.0,0,N,MELB_URBAN,AVENUE,12,13.0
139559,1,2,130,2,1,60.0,0,I,RURAL_VICTORIA,ROAD,12,15.0
139560,4,7,183,5,1,60.0,0,N,RURAL_VICTORIA,DRIVE,12,14.0
139561,8,2,170,5,1,100.0,0,N,RURAL_VICTORIA,ROAD,12,15.0
139562,1,2,113,2,1,60.0,0,I,SMALL_CITIES,STREET,12,14.0
139563,1,3,120,5,2,100.0,0,N,RURAL_VICTORIA,ROAD,10,18.0
139564,4,0,181,4,1,60.0,0,N,SMALL_TOWNS,ROAD,12,17.0
139565,1,1,130,5,5,60.0,0,N,RURAL_VICTORIA,ROAD,10,2.0
139566,1,5,130,5,9,60.0,0,N,MELB_URBAN,ROAD,5,9.0
139567,1,1,130,5,1,60.0,0,N,SMALL_CITIES,AVENUE,12,15.0
139568,8,5,174,1,9,50.0,0,I,MELB_URBAN,AVENUE,11,6.0
139569,1,2,99,2,1,50.0,0,I,LARGE_PROVINCIAL_CITIES,AVENUE,12,17.0
139570,1,2,130,5,1,60.0,0,N,MELB_URBAN,STREET,12,8.0
139571,1,2,113,2,1,50.0,0,I,MELB_URBAN,ROAD,12,17.0
139572,1,2,121,2,1,80.0,0,I,MELB_URBAN,HIGHWAY,12,17.0
139573,4,1,181,5,1,80.0,0,N,RURAL_VICTORIA,ROAD,12,18.0
139574,1,2,160,5,1,60.0,0,N,MELB_URBAN,DRIVE,12,14.0
139575,4,6,183,5,5,60.0,0,N,RURAL_VICTORIA,ROAD,12,2.0
139576,4,1,171,1,1,60.0,0,N,LARGE_PROVINCIAL_CITIES,ROAD,12,19.0
139577,1,2,147,5,3,60.0,0,N,MELB_URBAN,ROAD,12,20.0
139578,4,1,183,5,3,80.0,0,N,MELB_URBAN,RAMP,12,22.0
139579,1,2,116,1,1,60.0,0,I,MELB_URBAN,BOULEVARD,12,16.0
139580,1,3,110,1,1,60.0,0,I,LARGE_PROVINCIAL_CITIES,STREET,12,17.0
139581,2,2,99,5,3,50.0,0,N,LARGE_PROVINCIAL_CITIES,STREET,12,22.0
139582,4,1,171,5,3,50.0,0,N,TOWNS,ROAD,12,23.0
139583,1,3,121,1,3,40.0,0,I,MELB_URBAN,STREET,12,1.0
139584,1,7,116,2,1,60.0,0,I,MELB_URBAN,ROAD,12,8.0
139585,1,2,120,5,1,70.0,0,N,MELB_URBAN,ROAD,12,5.0
139586,1,3,113,2,1,60.0,0,I,MELB_URBAN,ROAD,12,7.0
139587,1,1,130,5,1,80.0,0,N,MELB_URBAN,ROAD,11,10.0
139588,1,3,130,5,1,110.0,0,N,RURAL_VICTORIA,FREEWAY,12,7.0
139589,1,1,110,1,1,60.0,0,I,MELB_URBAN,ROAD,11,7.0
139590,1,1,99,5,1,40.0,0,N,MELB_URBAN,STREET,12,17.0
139591,8,1,184,5,1,80.0,0,N,RURAL_VICTORIA,ROAD,12,12.0
139592,1,3,111,4,1,60.0,0,N,LARGE_PROVINCIAL_CITIES,ROAD,9,15.0
139593,1,2,130,2,1,60.0,0,I,MELB_URBAN,HIGHWAY,12,6.0
139594,1,2,130,5,1,80.0,0,N,MELB_URBAN,HIGHWAY,12,18.0
139595,4,3,171,2,1,60.0,0,I,LARGE_PROVINCIAL_CITIES,ROAD,12,8.0
139596,1,0,99,5,2,40.0,0,N,MELB_URBAN,STREET,12,17.0
139597,1,0,121,2,1,60.0,0,I,MELB_URBAN,ROAD,12,11.0
139598,5,5,99,5,2,50.0,0,N,MELB_URBAN,ROAD,10,7.0
139599,1,3,110,1,1,80.0,0,N,MELB_URBAN,OTHER,12,13.0
139600,1,6,111,2,1,60.0,0,I,MELB_URBAN,STREET,11,14.0
139601,1,3,120,3,1,100.0,1,I,RURAL_VICTORIA,ROAD,12,12.0
139602,4,3,99,5,1,100.0,0,N,RURAL_VICTORIA,ROAD,12,10.0
139603,1,3,135,5,1,100.0,0,N,MELB_URBAN,ROAD,12,12.0
139604,1,0,111,2,1,60.0,0,I,MELB_URBAN,UNKNOWN,7,12.0
139605,1,3,121,1,1,40.0,0,I,MELB_URBAN,ROAD,12,16.0
139606,2,3,102,1,1,40.0,0,N,MELB_URBAN,AVENUE,12,15.0
139607,6,3,99,5,1,50.0,0,N,LARGE_PROVINCIAL_CITIES,STREET,12,15.0
139608,1,5,99,1,1,60.0,0,I,MELB_URBAN,ROAD,11,14.0
139609,1,2,116,2,1,80.0,0,N,MELB_URBAN,HIGHWAY,12,8.0
139610,1,3,140,5,1,50.0,0,N,TOWNS,ROAD,12,16.0
139611,1,3,130,4,1,100.0,0,N,MELB_URBAN,FREEWAY,12,17.0
139612,1,3,135,5,1,80.0,0,N,MELB_URBAN,HIGHWAY,12,17.0
139613,1,3,120,2,1,60.0,0,I,MELB_URBAN,ROAD,12,15.0
139614,1,3,99,1,1,50.0,0,I,TOWNS,OTHER,12,18.0
139615,1,2,140,2,1,60.0,0,I,RURAL_VICTORIA,STREET,12,14.0
139616,2,3,100,5,1,40.0,0,N,MELB_URBAN,STREET,12,19.0
139617,1,3,110,1,1,100.0,0,I,RURAL_VICTORIA,ROAD,12,15.0
139618,1,3,99,5,1,50.0,0,N,LARGE_PROVINCIAL_CITIES,OTHER,12,15.0
139619,1,3,110,1,1,60.0,0,I,RURAL_VICTORIA,ROAD,12,19.0
139620,1,3,113,2,1,60.0,0,I,MELB_URBAN,ROAD,12,18.0
139621,1,3,99,2,1,50.0,0,I,MELB_URBAN,STREET,11,18.0
139622,1,2,113,2,1,50.0,0,N,MELB_URBAN,STREET,12,12.0
139623,1,3,110,1,1,50.0,0,N,MELB_URBAN,STREET,12,18.0
139624,4,2,171,5,3,100.0,0,N,RURAL_VICTORIA,FREEWAY,12,1.0
139625,4,6,183,5,1,100.0,0,N,RURAL_VICTORIA,ROAD,12,18.0
139626,1,2,130,1,1,80.0,0,N,MELB_URBAN,ROAD,12,16.0
139627,1,4,134,1,1,60.0,0,I,MELB_URBAN,ROAD,12,7.0
139628,1,4,110,1,1,80.0,0,I,MELB_URBAN,ROAD,12,6.0
139629,1,7,110,1,1,50.0,0,I,TOWNS,STREET,12,16.0
139630,1,3,110,1,1,60.0,0,I,MELB_URBAN,BOULEVARD,12,9.0
139631,6,2,174,5,9,60.0,0,N,MELB_URBAN,STREET,12,6.0
139632,6,7,174,5,1,60.0,0,N,MELB_URBAN,STREET,11,17.0
139633,1,2,130,5,2,80.0,0,N,MELB_URBAN,HIGHWAY,12,20.0
139634,2,4,100,5,1,60.0,0,N,MELB_URBAN,PARADE,12,12.0
139635,1,4,111,1,1,60.0,0,I,RURAL_VICTORIA,AVENUE,12,12.0
139636,6,0,184,1,1,60.0,0,I,RURAL_VICTORIA,ROAD,12,8.0
139637,5,4,99,5,1,50.0,0,N,LARGE_PROVINCIAL_CITIES,STREET,12,9.0
139638,1,4,99,5,1,80.0,0,N,RURAL_VICTORIA,ROAD,12,11.0
139639,1,7,130,1,1,60.0,0,N,MELB_URBAN,DRIVE,12,12.0
139640,1,4,120,5,1,60.0,0,N,LARGE_PROVINCIAL_CITIES,STREET,12,13.0
139641,1,5,99,1,1,80.0,0,I,MELB_URBAN,ROAD,11,14.0
139642,4,4,171,5,1,60.0,0,N,MELB_URBAN,HIGHWAY,12,15.0
139643,1,3,140,5,1,50.0,0,N,MELB_URBAN,DRIVE,12,15.0
139644,1,1,130,1,1,60.0,0,I,MELB_URBAN,ROAD,12,16.0
139645,8,2,99,1,9,60.0,0,I,MELB_URBAN,STREET,12,16.0
139646,1,4,110,1,3,60.0,0,I,MELB_URBAN,ROAD,12,21.0
139647,1,1,99,1,1,60.0,0,I,MELB_URBAN,ROAD,12,18.0
139648,2,2,100,5,1,60.0,0,N,MELB_URBAN,STREET,11,7.0
139649,1,3,113,2,1,50.0,0,I,MELB_URBAN,ROAD,12,17.0
139650,1,3,135,5,1,60.0,0,N,MELB_URBAN,STREET,12,8.0
139651,1,4,110,1,1,50.0,0,I,MELB_URBAN,STREET,12,16.0
139652,1,4,163,5,1,60.0,0,N,MELB_URBAN,ROAD,12,16.0
139653,1,6,111,2,1,60.0,0,I,MELB_URBAN,ROAD,11,14.0
139654,1,4,121,4,3,80.0,0,N,MELB_URBAN,HIGHWAY,12,21.0
139655,1,2,130,5,5,60.0,0,N,RURAL_VICTORIA,FREEWAY,12,5.0
139656,1,4,110,1,1,50.0,0,I,MELB_URBAN,STREET,12,16.0
139657,1,6,111,2,2,80.0,0,I,MELB_URBAN,ROAD,12,20.0
139658,1,4,121,4,3,60.0,0,I,MELB_URBAN,ROAD,12,22.0
139659,5,5,99,1,2,60.0,0,N,MELB_URBAN,ROAD,12,5.0
139660,1,5,121,1,1,60.0,0,I,LARGE_PROVINCIAL_CITIES,STREET,12,5.0
139661,4,4,173,5,3,70.0,0,N,MELB_URBAN,ROAD,12,22.0
139662,2,2,102,5,1,60.0,0,N,SMALL_CITIES,DRIVE,12,12.0
139663,1,4,110,1,1,100.0,0,I,RURAL_VICTORIA,ROAD,12,15.0
139664,7,4,99,5,5,60.0,1,N,RURAL_VICTORIA,ROAD,12,22.0
139665,1,4,130,2,1,80.0,0,N,RURAL_VICTORIA,ROAD,12,17.0
139666,2,5,102,2,1,60.0,0,N,MELB_URBAN,ROAD,12,8.0
139667,1,5,121,2,9,60.0,0,I,MELB_URBAN,DRIVE,12,9.0
139668,1,5,134,5,1,80.0,0,N,MELB_URBAN,OTHER,12,8.0
139669,1,5,121,1,1,60.0,0,I,MELB_URBAN,STREET,12,9.0
139670,1,5,132,5,1,60.0,0,N,MELB_URBAN,STREET,12,11.0
139671,1,5,110,1,2,80.0,0,I,RURAL_VICTORIA,ROAD,12,6.0
139672,1,5,130,5,1,90.0,0,N,MELB_URBAN,ROAD,12,9.0
139673,1,5,120,5,1,60.0,0,N,MELB_URBAN,ROAD,12,7.0
139674,1,2,130,5,1,60.0,0,N,MELB_URBAN,DRIVE,11,14.0
139675,1,6,130,5,3,60.0,0,N,MELB_URBAN,STREET,12,23.0
139676,1,5,99,1,1,60.0,0,N,MELB_URBAN,ROAD,12,11.0
139677,1,5,135,1,1,70.0,0,I,MELB_URBAN,ROAD,12,15.0
139678,1,5,120,5,1,60.0,0,N,RURAL_VICTORIA,ROAD,12,11.0
139679,1,5,110,1,1,60.0,0,I,MELB_URBAN,STREET,12,9.0
139680,1,5,110,1,1,60.0,0,N,MELB_URBAN,ROAD,12,7.0
139681,1,4,110,1,1,80.0,0,N,RURAL_VICTORIA,ROAD,12,13.0
139682,1,1,130,2,1,80.0,0,N,TOWNS,ROAD,12,19.0
139683,1,5,130,1,1,80.0,0,I,MELB_URBAN,ROAD,12,13.0
139684,1,5,99,5,1,50.0,0,N,MELB_URBAN,STREET,12,9.0
139685,1,5,113,2,1,80.0,0,I,MELB_URBAN,HIGHWAY,12,15.0
139686,1,5,121,1,1,60.0,0,I,RURAL_VICTORIA,ROAD,12,14.0
139687,1,5,113,2,1,100.0,0,I,RURAL_VICTORIA,HIGHWAY,12,16.0
139688,8,7,99,5,1,60.0,0,N,RURAL_VICTORIA,ROAD,12,12.0
139689,1,5,130,5,1,60.0,0,N,TOWNS,HIGHWAY,12,12.0
139690,1,1,99,5,2,60.0,0,N,LARGE_PROVINCIAL_CITIES,ROAD,9,20.0
139691,1,5,113,2,1,50.0,0,I,SMALL_CITIES,AVENUE,12,17.0
139692,1,4,140,5,1,40.0,0,N,MELBOURNE_CBD,STREET,12,16.0
139693,1,5,130,1,1,70.0,0,I,MELB_URBAN,ROAD,12,8.0
139694,8,5,99,5,1,100.0,0,N,RURAL_VICTORIA,ROAD,12,14.0
139695,1,5,120,5,1,100.0,0,N,RURAL_VICTORIA,ROAD,12,17.0
139696,1,6,110,1,1,50.0,0,I,MELB_URBAN,STREET,12,15.0
139697,1,4,110,1,1,80.0,0,N,MELB_URBAN,ROAD,12,16.0
139698,2,2,100,1,2,40.0,0,I,MELB_URBAN,ROAD,12,18.0
139699,4,5,181,5,1,100.0,1,N,RURAL_VICTORIA,ROAD,12,15.0
139700,4,5,171,5,2,100.0,0,N,RURAL_VICTORIA,AVENUE,12,19.0
139701,1,5,113,2,1,80.0,0,I,RURAL_VICTORIA,ROAD,12,18.0
139702,1,4,110,1,1,80.0,0,I,RURAL_VICTORIA,ROAD,12,14.0
139703,4,3,171,2,3,50.0,0,I,MELB_URBAN,AVENUE,12,23.0
139704,1,6,160,5,3,50.0,0,N,MELB_URBAN,DRIVE,12,2.0
139705,1,3,99,1,1,40.0,0,I,MELB_URBAN,DRIVE,12,13.0
139706,4,6,171,5,2,80.0,0,N,RURAL_VICTORIA,ROAD,12,5.0
139707,4,2,181,5,3,60.0,0,N,MELB_URBAN,RAMP,12,21.0
139708,1,6,110,1,2,60.0,0,I,MELB_URBAN,ROAD,12,6.0
139709,2,6,102,1,1,60.0,0,I,MELB_URBAN,STREET,12,7.0
139710,5,3,99,5,6,70.0,0,N,MELB_URBAN,ROAD,11,5.0
139711,2,5,100,1,1,40.0,0,N,MELB_URBAN,ROAD,12,8.0
139712,1,6,130,5,1,100.0,0,O,RURAL_VICTORIA,FREEWAY,12,7.0
139713,1,1,133,5,1,80.0,0,N,MELB_URBAN,UNKNOWN,12,8.0
139714,1,3,130,1,1,60.0,0,I,MELB_URBAN,STREET,12,15.0
139715,1,6,113,2,1,60.0,0,I,MELB_URBAN,ROAD,12,8.0
139716,1,5,140,5,1,60.0,0,N,MELB_URBAN,ROAD,12,9.0
139717,1,5,120,5,1,80.0,0,N,RURAL_VICTORIA,ROAD,12,7.0
139718,1,6,113,2,1,50.0,0,I,MELB_URBAN,STREET,12,12.0
139719,2,6,100,2,1,50.0,0,I,MELB_URBAN,ROAD,12,11.0
139720,1,4,113,2,3,60.0,0,I,MELB_URBAN,ROAD,12,23.0
139721,1,6,130,5,1,60.0,0,N,RURAL_VICTORIA,ROAD,12,7.0
139722,1,7,130,5,1,60.0,0,N,MELB_URBAN,ROAD,12,14.0
139723,2,5,100,5,1,60.0,0,N,MELB_URBAN,PARADE,12,11.0
139724,2,5,100,5,1,50.0,0,N,MELB_URBAN,STREET,12,13.0
139725,1,6,130,5,1,80.0,0,N,RURAL_VICTORIA,ROAD,12,8.0
139726,1,1,130,1,1,80.0,0,N,MELB_URBAN,HIGHWAY,12,15.0
139727,1,3,110,1,3,60.0,0,I,MELB_URBAN,ROAD,12,21.0
139728,1,6,110,1,1,50.0,0,I,MELB_URBAN,AVENUE,12,14.0
139729,1,6,121,1,1,50.0,0,I,TOWNS,STREET,12,10.0
139730,1,6,99,5,1,80.0,0,N,RURAL_VICTORIA,ROAD,12,13.0
139731,1,6,99,5,1,50.0,0,N,MELB_URBAN,STREET,12,14.0
139732,1,6,113,2,1,80.0,0,I,MELB_URBAN,HIGHWAY,12,15.0
139733,4,6,183,2,1,50.0,0,N,RURAL_VICTORIA,OTHER,12,14.0
139734,1,6,147,5,1,70.0,0,N,MELB_URBAN,ROAD,12,14.0
139735,1,6,130,5,1,60.0,0,N,MELB_URBAN,ROAD,12,14.0
139736,4,5,183,5,1,80.0,0,N,RURAL_VICTORIA,ROAD,12,15.0
139737,1,5,130,5,1,60.0,0,N,MELB_URBAN,ROAD,12,14.0
139738,1,6,121,1,1,60.0,0,I,MELB_URBAN,ROAD,12,16.0
139739,4,6,173,5,1,80.0,0,N,RURAL_VICTORIA,ROAD,12,15.0