,accident_type,day_of_week,dca_code,road_geometry,light_condition,speed_zone,severity,node_type,deg_urban_name,road_type,month,hour
139740,1,6,121,5,1,80.0,0,N,MELB_URBAN,HIGHWAY,12,16.0
139741,1,4,121,1,9,60.0,0,I,MELB_URBAN,ROAD,12,7.0
139742,1,6,121,2,1,60.0,0,I,MELB_URBAN,ROAD,12,14.0
139743,1,5,130,5,1,75.0,0,N,MELB_URBAN,UNKNOWN,12,15.0
139744,1,6,99,1,1,60.0,0,N,MELB_URBAN,ROAD,12,15.0
139745,1,6,121,2,1,100.0,0,I,RURAL_VICTORIA,ROAD,12,17.0
139746,4,6,171,4,1,80.0,0,N,MELB_URBAN,OTHER,12,18.0
139747,1,5,130,1,1,60.0,0,I,RURAL_VICTORIA,AVENUE,12,13.0
139748,1,6,99,1,1,60.0,0,I,MELB_URBAN,ROAD,12,16.0
139749,2,6,99,5,1,50.0,0,N,TOWNS,STREET,12,18.0
139750,4,6,181,5,1,50.0,0,N,TOWNS,AVENUE,12,18.0
139751,1,4,130,1,1,80.0,0,N,MELB_URBAN,ROAD,12,18.0
139752,1,5,110,1,1,50.0,0,I,SMALL_CITIES,STREET,12,18.0
139753,1,5,130,5,2,100.0,0,N,MELB_URBAN,FREEWAY,12,6.0
139754,4,6,173,5,1,60.0,0,N,MELB_URBAN,STREET,12,18.0
139755,1,5,140,5,2,80.0,0,N,RURAL_VICTORIA,HIGHWAY,12,20.0
139756,1,6,160,5,1,60.0,0,N,MELB_URBAN,ROAD,12,19.0
139757,4,6,173,5,5,100.0,0,N,RURAL_VICTORIA,ROAD,12,21.0
139758,2,5,99,5,3,40.0,0,N,MELB_URBAN,STREET,12,21.0
139759,1,6,120,5,2,60.0,1,N,MELB_URBAN,STREET,12,19.0
139760,1,5,110,1,3,60.0,0,I,SMALL_CITIES,STREET,12,21.0
139761,6,6,184,5,5,80.0,0,N,RURAL_VICTORIA,ROAD,12,22.0
139762,1,6,160,5,3,50.0,0,N,LARGE_PROVINCIAL_CITIES,OTHER,12,23.0
139763,1,6,110,1,1,50.0,0,I,MELB_URBAN,STREET,12,18.0
139764,4,6,171,5,3,40.0,0,N,LARGE_PROVINCIAL_CITIES,STREET,12,23.0
139765,4,6,171,5,3,80.0,0,N,MELB_URBAN,ROAD,12,21.0
139766,1,5,121,1,3,60.0,0,I,MELB_URBAN,ROAD,12,21.0
139767,1,5,130,2,3,80.0,0,I,MELB_URBAN,HIGHWAY,12,22.0
139768,1,2,110,1,1,60.0,0,I,MELB_URBAN,ROAD,11,6.0
139769,1,6,110,1,3,70.0,0,I,MELB_URBAN,ROAD,12,23.0
139770,4,7,171,1,3,60.0,0,I,MELB_URBAN,ROAD,12,1.0
139771,1,6,130,2,1,80.0,0,I,MELB_URBAN,ROAD,12,14.0
139772,6,7,184,5,5,100.0,0,N,RURAL_VICTORIA,ROAD,12,4.0
139773,4,6,171,5,1,100.0,0,N,RURAL_VICTORIA,ROAD,12,13.0
139774,7,7,99,5,1,50.0,0,N,MELB_URBAN,STREET,12,13.0
139775,1,7,121,1,1,50.0,0,I,LARGE_PROVINCIAL_CITIES,STREET,12,8.0
139776,1,6,121,2,1,60.0,0,I,RURAL_VICTORIA,ROAD,12,8.0
139777,1,7,130,5,1,100.0,0,N,RURAL_VICTORIA,HIGHWAY,12,8.0
139778,1,5,99,2,1,50.0,0,I,MELB_URBAN,OTHER,12,14.0
139779,1,6,130,1,1,40.0,0,N,SMALL_CITIES,STREET,12,11.0
139780,7,7,99,5,1,60.0,0,N,SMALL_TOWNS,STREET,12,10.0
139781,1,7,99,1,1,60.0,0,N,MELB_URBAN,STREET,12,12.0
139782,1,7,113,1,1,100.0,0,I,RURAL_VICTORIA,ROAD,12,8.0
139783,4,7,171,5,1,50.0,0,N,LARGE_PROVINCIAL_CITIES,STREET,12,10.0
139784,1,6,163,5,1,40.0,0,N,MELBOURNE_CBD,STREET,12,19.0
139785,1,6,110,1,1,60.0,0,N,TOWNS,STREET,12,11.0
139786,1,3,163,5,1,40.0,0,N,MELB_URBAN,ROAD,12,12.0
139787,1,6,130,5,1,60.0,0,N,LARGE_PROVINCIAL_CITIES,STREET,12,11.0
139788,1,7,113,2,1,60.0,0,N,SMALL_CITIES,AVENUE,12,12.0
139789,1,7,133,2,1,60.0,0,N,MELB_URBAN,STREET,12,9.0
139790,1,6,99,5,1,80.0,0,N,MELB_URBAN,RAMP,12,15.0
139791,4,6,173,5,1,100.0,0,N,RURAL_VICTORIA,ROAD,12,13.0
139792,6,7,174,5,1,100.0,0,N,RURAL_VICTORIA,ROAD,12,13.0
139793,2,7,99,6,1,50.0,0,N,MELB_URBAN,OTHER,12,15.0
139794,1,7,121,1,1,80.0,0,I,MELB_URBAN,ROAD,12,15.0
139795,1,6,133,2,1,60.0,0,N,SMALL_CITIES,STREET,12,16.0
139796,1,7,110,1,1,60.0,0,I,LARGE_PROVINCIAL_CITIES,ROAD,12,15.0
139797,1,2,110,1,1,60.0,0,I,MELB_URBAN,ROAD,11,13.0
139798,1,6,99,2,1,50.0,0,I,MELB_URBAN,STREET,11,14.0
139799,1,7,121,1,1,60.0,0,I,MELB_URBAN,RAMP,12,14.0
139800,1,4,130,3,1,80.0,0,N,MELB_URBAN,ROAD,12,7.0
139801,1,3,110,1,3,40.0,0,N,MELB_URBAN,ROAD,12,3.0
139802,1,7,110,1,1,60.0,0,I,LARGE_PROVINCIAL_CITIES,ROAD,12,19.0
139803,1,7,121,2,1,50.0,0,I,MELB_URBAN,ROAD,12,18.0
139804,6,6,99,5,2,100.0,0,N,RURAL_VICTORIA,OTHER,12,20.0
139805,1,7,120,5,1,50.0,0,N,MELB_URBAN,ROAD,12,17.0
139806,2,5,102,5,3,40.0,0,N,MELB_URBAN,ROAD,12,0.0
139807,2,1,99,1,3,40.0,0,N,SMALL_CITIES,STREET,12,0.0
139808,1,6,130,1,3,50.0,0,I,MELB_URBAN,ROAD,12,23.0
139809,4,7,99,3,3,40.0,0,I,MELB_URBAN,ROAD,12,22.0
139810,4,1,171,5,5,50.0,0,N,LARGE_PROVINCIAL_CITIES,ROAD,12,0.0
139811,1,1,121,1,3,70.0,0,I,MELB_URBAN,ROAD,12,2.0
139812,1,1,99,5,5,50.0,0,N,RURAL_VICTORIA,ROAD,12,1.0
139813,1,1,160,5,3,60.0,0,N,MELB_URBAN,STREET,12,3.0
139814,1,2,130,5,1,80.0,0,N,RURAL_VICTORIA,ROAD,12,8.0
139815,1,0,120,5,1,100.0,0,N,MELB_URBAN,ROAD,12,6.0
139816,1,0,99,2,1,60.0,0,I,MELB_URBAN,ROAD,12,19.0
139817,4,1,183,5,1,100.0,0,N,RURAL_VICTORIA,UNKNOWN,12,10.0
139818,2,1,100,5,1,40.0,0,N,MELB_URBAN,ROAD,12,12.0
139819,1,0,113,2,1,80.0,0,I,SMALL_CITIES,HIGHWAY,12,11.0
139820,1,7,111,3,1,80.0,0,I,RURAL_VICTORIA,ROAD,12,19.0
139821,8,1,99,5,1,80.0,0,N,MELB_URBAN,ROAD,12,13.0
139822,1,6,130,5,6,60.0,0,N,LARGE_PROVINCIAL_CITIES,ROAD,12,21.0
139823,1,7,99,2,1,60.0,0,I,MELB_URBAN,ROAD,12,17.0
139824,1,1,99,5,1,60.0,0,N,MELB_URBAN,ROAD,12,18.0
139825,1,5,163,5,1,50.0,0,N,MELB_URBAN,STREET,12,11.0
139826,6,7,99,5,1,60.0,0,N,RURAL_VICTORIA,ROAD,12,12.0
139827,1,1,113,2,1,60.0,0,I,MELB_URBAN,PARADE,12,19.0
139828,1,1,130,5,3,80.0,0,N,MELB_URBAN,FREEWAY,12,23.0
139829,1,2,121,1,3,60.0,0,N,MELB_URBAN,ROAD,12,4.0
139830,1,2,134,5,1,100.0,0,N,MELB_URBAN,FREEWAY,12,17.0
139831,1,2,130,1,1,50.0,0,I,MELB_URBAN,STREET,12,8.0
139832,1,0,130,5,1,100.0,0,N,RURAL_VICTORIA,HIGHWAY,12,13.0
139833,6,4,174,1,1,80.0,0,N,MELB_URBAN,ROAD,12,9.0
139834,1,2,147,5,1,80.0,0,N,MELB_URBAN,ROAD,12,9.0
139835,2,1,100,5,1,50.0,0,N,MELB_URBAN,ROAD,12,11.0
139836,1,1,99,5,1,80.0,0,N,RURAL_VICTORIA,ROAD,12,15.0
139837,3,2,167,5,2,80.0,0,N,RURAL_VICTORIA,ROAD,12,20.0
139838,5,4,99,5,1,60.0,0,N,LARGE_PROVINCIAL_CITIES,STREET,12,9.0
139839,1,2,99,2,1,50.0,0,N,SMALL_CITIES,STREET,12,12.0
139840,4,2,171,5,1,60.0,0,N,LARGE_PROVINCIAL_CITIES,PARADE,12,11.0
139841,1,2,130,5,1,80.0,0,N,MELB_URBAN,ROAD,12,11.0
139842,1,1,132,5,1,60.0,0,N,TOWNS,ROAD,12,11.0
139843,1,5,130,5,1,40.0,0,N,MELB_URBAN,STREET,12,7.0
139844,1,1,130,5,1,80.0,0,N,MELB_URBAN,OTHER,12,13.0
139845,1,2,121,2,1,60.0,0,I,MELB_URBAN,ROAD,12,13.0
139846,6,4,174,5,6,60.0,0,N,MELB_URBAN,ROAD,12,17.0
139847,1,2,130,5,1,80.0,0,N,MELB_URBAN,ROAD,12,14.0
139848,5,2,99,5,1,80.0,0,N,SMALL_TOWNS,ROAD,12,17.0
139849,4,2,171,5,1,50.0,0,N,MELB_URBAN,STREET,12,14.0
139850,1,2,99,5,1,50.0,0,N,RURAL_VICTORIA,OTHER,12,17.0
139851,1,6,132,5,1,80.0,0,N,MELB_URBAN,HIGHWAY,12,16.0
139852,1,2,130,1,1,40.0,0,I,MELBOURNE_CBD,STREET,12,15.0
139853,1,1,130,5,1,70.0,0,N,MELB_URBAN,ROAD,12,17.0
139854,1,2,99,5,1,50.0,0,N,MELB_URBAN,ROAD,12,14.0
139855,1,2,121,4,1,80.0,0,I,MELB_URBAN,RAMP,12,18.0
139856,8,5,174,5,1,80.0,0,N,RURAL_VICTORIA,ROAD,12,17.0
139857,2,2,99,5,1,60.0,0,N,MELB_URBAN,ROAD,12,15.0
139858,1,2,110,1,1,50.0,0,I,SMALL_CITIES,STREET,12,16.0
139859,4,2,173,2,1,50.0,0,I,SMALL_CITIES,STREET,12,17.0
139860,1,2,135,5,3,100.0,0,N,MELB_URBAN,FREEWAY,12,22.0
139861,1,2,121,2,3,70.0,0,I,MELB_URBAN,ROAD,12,21.0
139862,1,3,130,5,1,60.0,0,N,MELB_URBAN,ROAD,12,6.0
139863,1,3,130,5,1,60.0,0,N,MELB_URBAN,ROAD,12,7.0
139864,1,5,130,5,1,60.0,0,N,MELB_URBAN,ROAD,10,16.0
139865,1,5,99,1,1,60.0,0,I,MELB_URBAN,DRIVE,12,19.0
139866,1,7,113,2,1,40.0,0,I,MELB_URBAN,STREET,12,17.0
139867,6,3,174,5,1,60.0,0,N,RURAL_VICTORIA,ROAD,12,13.0
139868,1,3,121,2,1,50.0,0,I,MELB_URBAN,STREET,12,11.0
139869,1,3,110,1,1,100.0,0,I,RURAL_VICTORIA,ROAD,12,6.0
139870,1,3,110,1,1,80.0,0,I,SMALL_CITIES,ROAD,12,12.0
139871,4,3,173,5,1,100.0,0,N,MELB_URBAN,ROAD,12,6.0
139872,1,6,99,2,1,40.0,0,N,MELB_URBAN,STREET,11,13.0
139873,1,3,147,5,1,70.0,0,N,MELB_URBAN,ROAD,12,13.0
139874,1,3,130,5,1,80.0,0,N,MELB_URBAN,RAMP,12,8.0
139875,2,3,100,1,1,60.0,0,I,MELB_URBAN,ROAD,12,14.0
139876,2,1,99,2,1,40.0,0,I,LARGE_PROVINCIAL_CITIES,STREET,12,8.0
139877,1,3,130,5,1,60.0,0,N,MELB_URBAN,STREET,12,15.0
139878,2,4,100,1,1,60.0,0,I,MELB_URBAN,STREET,12,13.0
139879,1,3,130,5,1,50.0,0,N,MELB_URBAN,ROAD,12,14.0
139880,1,2,134,5,1,80.0,0,N,MELB_URBAN,OTHER,12,14.0
139881,1,4,132,1,1,60.0,0,I,MELB_URBAN,STREET,12,11.0
139882,4,3,181,5,1,100.0,0,N,RURAL_VICTORIA,ROAD,12,15.0
139883,1,3,171,5,1,80.0,0,N,MELB_URBAN,AVENUE,12,15.0
139884,4,3,173,5,1,100.0,0,N,RURAL_VICTORIA,ROAD,12,15.0
139885,1,3,99,5,1,60.0,0,N,LARGE_PROVINCIAL_CITIES,STREET,12,17.0
139886,2,2,99,5,1,40.0,0,N,MELB_URBAN,ROAD,12,18.0
139887,1,3,147,5,1,60.0,0,N,MELB_URBAN,ROAD,12,18.0
139888,1,3,113,2,1,50.0,0,I,MELB_URBAN,STREET,12,15.0
139889,1,3,113,4,1,80.0,0,I,RURAL_VICTORIA,FREEWAY,12,17.0
139890,1,3,121,2,1,80.0,0,I,RURAL_VICTORIA,ROAD,12,17.0
139891,1,3,135,5,1,50.0,0,N,MELB_URBAN,STREET,12,18.0
139892,1,5,130,5,1,60.0,0,N,MELB_URBAN,AVENUE,12,6.0
139893,1,3,130,5,1,60.0,0,N,MELB_URBAN,ROAD,12,19.0
139894,1,6,130,5,2,80.0,0,N,MELB_URBAN,ROAD,11,20.0
139895,1,3,140,5,3,60.0,0,N,MELB_URBAN,ROAD,12,22.0
139896,1,3,120,2,5,60.0,0,I,RURAL_VICTORIA,ROAD,12,23.0
139897,1,4,160,5,3,50.0,0,N,LARGE_PROVINCIAL_CITIES,DRIVE,12,0.0
139898,1,2,130,5,1,70.0,0,N,MELB_URBAN,ROAD,12,16.0
139899,1,4,130,5,2,60.0,0,N,MELB_URBAN,ROAD,12,6.0
139900,2,3,99,5,1,60.0,0,N,MELB_URBAN,ROAD,12,16.0
139901,1,4,121,2,1,60.0,0,I,MELB_URBAN,ROAD,12,7.0
139902,8,4,174,5,1,50.0,0,N,MELB_URBAN,DRIVE,12,9.0
139903,4,4,183,5,1,60.0,0,N,RURAL_VICTORIA,ROAD,12,7.0
139904,1,4,110,1,1,50.0,0,I,MELB_URBAN,ROAD,12,9.0
139905,1,3,110,1,1,60.0,0,I,MELB_URBAN,ROAD,12,8.0
139906,6,7,170,5,1,100.0,0,N,RURAL_VICTORIA,HIGHWAY,12,16.0
139907,1,4,110,1,1,60.0,0,I,LARGE_PROVINCIAL_CITIES,STREET,12,10.0
139908,1,2,132,1,1,80.0,0,I,MELB_URBAN,ROAD,12,9.0
139909,1,3,160,5,1,50.0,0,N,MELB_URBAN,ROAD,12,11.0
139910,1,4,121,2,1,80.0,0,I,RURAL_VICTORIA,STREET,12,12.0
139911,1,6,111,1,1,80.0,0,N,MELB_URBAN,ROAD,12,11.0
139912,1,5,99,5,1,100.0,0,N,MELB_URBAN,FREEWAY,12,11.0
139913,1,4,132,2,1,80.0,0,N,MELB_URBAN,ROAD,12,14.0
139914,1,4,99,1,1,40.0,0,I,MELB_URBAN,STREET,12,19.0
139915,1,2,121,1,1,60.0,0,I,TOWNS,AVENUE,12,9.0
139916,1,4,99,5,1,60.0,0,N,LARGE_PROVINCIAL_CITIES,STREET,12,14.0
139917,1,4,147,5,1,60.0,0,N,LARGE_PROVINCIAL_CITIES,HIGHWAY,12,14.0
139918,2,4,102,1,1,70.0,1,I,LARGE_PROVINCIAL_CITIES,OTHER,12,14.0
139919,2,3,100,5,1,50.0,0,N,TOWNS,ROAD,12,16.0
139920,4,3,171,5,1,60.0,0,N,MELB_URBAN,STREET,12,15.0
139921,1,4,99,2,1,50.0,0,I,MELB_URBAN,AVENUE,12,16.0
139922,1,4,121,2,1,80.0,0,I,MELB_URBAN,ROAD,12,12.0
139923,8,6,99,5,1,60.0,0,N,RURAL_VICTORIA,ROAD,12,12.0
139924,1,3,133,5,1,80.0,0,N,MELB_URBAN,FREEWAY,12,17.0
139925,1,4,99,5,1,60.0,0,N,MELB_URBAN,DRIVE,12,19.0
139926,1,4,163,5,1,40.0,0,N,MELB_URBAN,ROAD,12,11.0
139927,1,4,120,2,1,50.0,0,N,MELB_URBAN,OTHER,12,20.0
139928,8,4,174,2,1,50.0,0,N,MELB_URBAN,AVENUE,12,19.0
139929,1,3,130,5,3,60.0,0,N,MELB_URBAN,ROAD,12,23.0
139930,4,5,99,2,3,80.0,0,I,LARGE_PROVINCIAL_CITIES,ROAD,12,1.0
139931,4,5,171,5,3,60.0,0,N,MELB_URBAN,HIGHWAY,12,2.0
139932,4,5,183,5,3,50.0,0,N,MELB_URBAN,DRIVE,12,1.0
139933,4,5,183,5,3,80.0,0,N,MELB_URBAN,RAMP,12,4.0
139934,1,5,133,5,1,60.0,0,N,MELB_URBAN,ROAD,12,7.0
139935,1,3,110,1,3,60.0,0,I,MELB_URBAN,STREET,12,0.0
139936,4,5,181,5,1,100.0,0,N,RURAL_VICTORIA,HIGHWAY,12,7.0
139937,1,5,130,5,1,70.0,0,N,LARGE_PROVINCIAL_CITIES,ROAD,12,10.0
139938,1,5,113,2,1,60.0,0,I,RURAL_VICTORIA,ROAD,12,10.0
139939,1,3,130,5,1,80.0,0,N,MELB_URBAN,OTHER,11,18.0
139940,4,0,173,5,1,60.0,0,N,RURAL_VICTORIA,OTHER,12,8.0
139941,1,1,110,1,1,60.0,0,I,MELB_URBAN,ROAD,12,16.0
139942,1,5,121,2,1,60.0,0,I,SMALL_CITIES,STREET,12,11.0
139943,1,4,140,5,1,40.0,0,N,MELBOURNE_CBD,STREET,12,11.0
139944,1,4,110,1,1,50.0,0,I,MELB_URBAN,STREET,12,8.0
139945,6,6,99,5,1,100.0,0,N,RURAL_VICTORIA,ROAD,9,17.0
139946,4,5,181,5,1,80.0,0,N,RURAL_VICTORIA,ROAD,11,12.0
139947,1,4,111,2,9,80.0,0,I,MELB_URBAN,ROAD,12,15.0
139948,1,4,110,1,3,60.0,0,I,MELB_URBAN,ROAD,12,23.0
139949,1,5,113,1,1,60.0,0,I,MELB_URBAN,ROAD,12,14.0
139950,3,5,167,5,5,80.0,0,N,RURAL_VICTORIA,ROAD,12,21.0
139951,3,2,167,2,1,60.0,0,N,MELB_URBAN,ROAD,9,10.0
139952,2,5,100,1,1,50.0,0,I,MELB_URBAN,ROAD,12,15.0
139953,3,5,167,5,1,100.0,0,N,RURAL_VICTORIA,ROAD,12,13.0
139954,1,5,120,5,1,100.0,0,N,RURAL_VICTORIA,ROAD,12,11.0
139955,1,5,121,1,1,70.0,0,N,MELB_URBAN,ROAD,12,14.0
139956,1,4,160,5,1,60.0,0,N,MELB_URBAN,ROAD,12,13.0
139957,1,5,99,5,1,60.0,0,N,MELB_URBAN,ROAD,12,14.0
139958,1,2,99,1,9,60.0,0,I,MELB_URBAN,PARADE,11,18.0
139959,1,5,121,1,1,60.0,0,I,LARGE_PROVINCIAL_CITIES,ROAD,12,12.0
139960,1,5,130,5,1,60.0,0,N,MELB_URBAN,HIGHWAY,12,13.0
139961,1,4,147,5,1,60.0,0,N,MELB_URBAN,STREET,12,16.0
139962,1,5,99,5,1,60.0,0,N,MELB_URBAN,OTHER,12,17.0
139963,1,5,121,2,1,70.0,0,N,MELB_URBAN,STREET,12,16.0
139964,6,5,99,5,1,100.0,0,N,RURAL_VICTORIA,ROAD,12,17.0
139965,4,5,173,5,1,80.0,0,N,RURAL_VICTORIA,ROAD,12,18.0
139966,1,1,110,1,1,60.0,0,I,MELB_URBAN,DRIVE,12,12.0
139967,4,6,173,5,1,40.0,0,N,MELB_URBAN,STREET,12,7.0
139968,4,5,173,5,1,70.0,0,N,MELB_URBAN,HIGHWAY,12,20.0
139969,1,4,120,2,1,50.0,0,I,RURAL_VICTORIA,PARADE,12,18.0
139970,1,5,120,5,1,60.0,0,N,MELB_URBAN,STREET,12,16.0
139971,1,4,99,5,1,60.0,0,N,MELB_URBAN,AVENUE,12,19.0
139972,1,3,99,2,1,80.0,0,I,MELB_URBAN,STREET,12,13.0
139973,1,3,110,1,2,100.0,0,I,RURAL_VICTORIA,ROAD,12,5.0
139974,1,4,110,1,3,60.0,0,I,MELB_URBAN,ROAD,12,22.0
139975,1,5,130,1,3,80.0,0,I,SMALL_CITIES,HIGHWAY,12,22.0
139976,1,4,99,5,2,50.0,0,N,MELB_URBAN,DRIVE,12,20.0
139977,1,5,121,4,3,60.0,0,I,MELB_URBAN,ROAD,12,22.0
139978,4,5,183,5,5,60.0,0,N,RURAL_VICTORIA,ROAD,12,23.0
139979,1,4,160,5,3,60.0,0,N,MELB_URBAN,ROAD,12,22.0
139980,1,6,110,1,3,80.0,0,I,MELB_URBAN,STREET,12,1.0
139981,1,6,121,1,3,60.0,0,N,MELB_URBAN,ROAD,12,1.0
139982,1,7,121,1,1,50.0,0,I,MELB_URBAN,STREET,12,18.0
139983,1,6,133,5,1,80.0,0,N,MELB_URBAN,HIGHWAY,12,7.0
139984,1,6,130,2,1,60.0,0,N,MELB_URBAN,ROAD,12,9.0
139985,1,6,120,5,2,70.0,1,N,RURAL_VICTORIA,ROAD,12,5.0
139986,4,6,99,5,1,50.0,0,N,TOWNS,STREET,12,8.0
139987,1,5,113,2,1,60.0,0,I,MELB_URBAN,ROAD,12,9.0
139988,3,6,167,5,1,60.0,0,N,RURAL_VICTORIA,ROAD,12,13.0
139989,1,6,99,5,1,60.0,0,N,MELB_URBAN,ROAD,12,9.0
139990,1,6,130,5,1,80.0,0,N,MELB_URBAN,ROAD,10,11.0
139991,1,5,130,5,1,80.0,0,N,MELB_URBAN,ROAD,10,12.0
139992,1,5,99,4,1,60.0,0,N,MELB_URBAN,ROAD,12,9.0
139993,1,3,121,3,1,50.0,0,I,MELB_URBAN,STREET,11,7.0
139994,1,6,113,2,1,60.0,0,I,MELB_URBAN,ROAD,12,11.0
139995,8,3,174,5,1,60.0,0,N,RURAL_VICTORIA,ROAD,12,17.0
139996,1,6,116,1,1,60.0,0,I,LARGE_PROVINCIAL_CITIES,STREET,12,11.0
139997,1,3,99,5,1,50.0,0,N,RURAL_VICTORIA,BOULEVARD,12,18.0
139998,1,5,130,1,1,50.0,0,I,SMALL_CITIES,ROAD,12,17.0
139999,1,1,132,5,1,60.0,0,N,RURAL_VICTORIA,ROAD,12,13.0
140000,4,6,171,5,1,60.0,0,N,LARGE_PROVINCIAL_CITIES,STREET,12,13.0
140001,1,5,111,1,1,40.0,0,I,MELB_URBAN,STREET,12,14.0
140002,4,6,173,5,1,60.0,0,N,RURAL_VICTORIA,ROAD,12,12.0
140003,4,5,173,5,1,70.0,0,N,MELB_URBAN,ROAD,12,16.0
140004,1,6,130,2,1,60.0,0,I,SMALL_CITIES,STREET,12,17.0
140005,1,5,116,2,1,60.0,0,I,MELB_URBAN,ROAD,12,17.0
140006,8,5,174,5,2,50.0,0,N,MELB_URBAN,STREET,12,20.0
140007,1,6,99,5,1,100.0,0,N,RURAL_VICTORIA,HIGHWAY,12,17.0
140008,1,6,110,1,1,50.0,0,I,MELB_URBAN,STREET,12,13.0
140009,1,5,130,2,1,80.0,0,I,MELB_URBAN,OTHER,12,16.0
140010,6,1,174,2,2,50.0,0,N,MELB_URBAN,UNKNOWN,12,18.0
140011,1,6,110,1,1,60.0,0,I,LARGE_PROVINCIAL_CITIES,STREET,12,19.0
140012,4,6,171,5,1,100.0,0,N,RURAL_VICTORIA,ROAD,12,18.0
140013,1,6,110,1,3,50.0,0,I,MELB_URBAN,STREET,12,23.0
140014,1,6,130,5,1,80.0,0,N,MELB_URBAN,FREEWAY,12,11.0
140015,1,6,121,2,1,60.0,0,I,RURAL_VICTORIA,ROAD,12,16.0
140016,4,6,181,5,3,80.0,0,N,RURAL_VICTORIA,ROAD,12,21.0
140017,4,7,171,5,3,70.0,0,N,MELB_URBAN,ROAD,12,1.0
140018,6,6,174,5,3,80.0,0,N,MELB_URBAN,HIGHWAY,12,23.0
140019,2,7,100,1,2,60.0,0,N,SMALL_CITIES,ROAD,12,3.0
140020,4,7,173,5,2,100.0,0,N,RURAL_VICTORIA,ROAD,12,5.0
140021,5,7,99,5,1,100.0,0,N,RURAL_VICTORIA,ROAD,11,16.0
140022,1,7,110,1,1,60.0,0,I,RURAL_VICTORIA,ROAD,12,8.0
140023,1,7,130,2,1,70.0,0,I,MELB_URBAN,ROAD,12,9.0
140024,4,7,183,2,1,100.0,0,I,RURAL_VICTORIA,ROAD,12,13.0
140025,1,7,110,1,1,80.0,0,I,SMALL_TOWNS,ROAD,12,11.0
140026,1,7,147,5,1,50.0,0,N,MELB_URBAN,ROAD,12,14.0
140027,4,7,171,5,1,40.0,0,N,MELB_URBAN,STREET,12,8.0
140028,1,7,130,2,1,80.0,0,I,RURAL_VICTORIA,ROAD,12,15.0
140029,1,7,147,2,1,60.0,0,I,MELB_URBAN,ROAD,12,16.0
140030,1,2,130,5,1,50.0,0,N,MELB_URBAN,STREET,12,16.0
140031,4,7,171,5,1,100.0,0,N,RURAL_VICTORIA,HIGHWAY,12,17.0
140032,2,6,100,1,1,40.0,0,I,MELBOURNE_CBD,STREET,12,17.0
140033,4,6,173,5,1,100.0,0,N,RURAL_VICTORIA,ROAD,12,19.0
140034,1,7,99,5,1,60.0,0,N,MELB_URBAN,BOULEVARD,12,17.0
140035,1,6,120,5,1,80.0,0,N,TOWNS,HIGHWAY,12,17.0
140036,1,7,110,1,1,100.0,1,I,RURAL_VICTORIA,ROAD,12,14.0
140037,1,1,99,5,3,100.0,0,N,MELB_URBAN,ROAD,12,1.0
140038,1,1,99,5,3,40.0,0,N,MELB_URBAN,ROAD,12,4.0
140039,1,6,99,2,5,100.0,0,I,RURAL_VICTORIA,ROAD,12,21.0
140040,4,7,181,5,1,60.0,0,N,RURAL_VICTORIA,ROAD,12,12.0
140041,1,1,140,5,1,110.0,0,N,RURAL_VICTORIA,FREEWAY,12,9.0
140042,1,7,130,5,3,80.0,0,N,MELB_URBAN,ROAD,12,21.0
140043,4,1,183,5,1,110.0,0,N,RURAL_VICTORIA,FREEWAY,12,9.0
140044,1,0,147,5,1,60.0,0,N,MELB_URBAN,ROAD,12,12.0
140045,1,4,113,1,3,60.0,0,I,SMALL_CITIES,STREET,12,21.0
140046,3,7,167,5,5,100.0,0,N,RURAL_VICTORIA,ROAD,12,20.0
140047,1,7,140,5,1,100.0,0,N,RURAL_VICTORIA,ROAD,12,19.0
140048,2,2,99,2,1,60.0,0,I,MELB_URBAN,STREET,12,8.0
140049,1,1,130,5,1,80.0,0,N,RURAL_VICTORIA,HIGHWAY,12,12.0
140050,1,1,140,5,1,50.0,0,N,MELB_URBAN,AVENUE,12,12.0
140051,8,1,99,5,1,60.0,0,N,MELB_URBAN,UNKNOWN,12,12.0
140052,6,0,174,1,1,50.0,0,N,MELB_URBAN,OTHER,12,14.0
140053,1,0,134,5,1,50.0,0,N,MELB_URBAN,ROAD,12,14.0
140054,2,1,102,5,1,60.0,0,N,TOWNS,STREET,12,16.0
140055,4,1,171,5,1,80.0,0,N,RURAL_VICTORIA,ROAD,12,17.0
140056,8,0,174,5,1,80.0,0,N,RURAL_VICTORIA,ROAD,12,16.0
140057,1,1,113,2,1,50.0,0,I,SMALL_CITIES,ROAD,12,18.0
140058,4,0,171,5,1,100.0,0,N,RURAL_VICTORIA,ROAD,12,18.0