,accident_type,day_of_week,dca_code,road_geometry,light_condition,speed_zone,severity,node_type,deg_urban_name,road_type,month,hour
140059,4,5,171,5,3,80.0,0,N,MELB_URBAN,ROAD,12,20.0
140060,1,1,111,3,3,60.0,0,I,MELB_URBAN,PARADE,12,21.0
140061,1,3,130,5,3,70.0,0,N,MELB_URBAN,STREET,12,22.0
140062,4,1,171,5,5,100.0,1,N,RURAL_VICTORIA,ROAD,12,21.0
140063,1,0,120,5,1,100.0,0,N,RURAL_VICTORIA,ROAD,12,12.0
140064,1,4,130,5,3,70.0,0,N,MELB_URBAN,ROAD,12,21.0
140065,4,1,171,5,3,60.0,0,N,MELB_URBAN,ROAD,12,4.0
140066,1,6,113,4,1,60.0,0,I,MELB_URBAN,ROAD,12,14.0
140067,4,2,181,5,5,80.0,0,N,RURAL_VICTORIA,ROAD,12,23.0
140068,4,2,171,5,1,60.0,0,N,RURAL_VICTORIA,ROAD,12,11.0
140069,4,2,171,5,1,60.0,0,N,RURAL_VICTORIA,ROAD,12,11.0
140070,1,2,163,2,1,60.0,0,I,MELB_URBAN,PARADE,12,11.0
140071,1,6,121,2,1,60.0,0,I,MELB_URBAN,ROAD,12,11.0
140072,1,1,99,4,1,80.0,0,I,TOWNS,ROAD,12,13.0
140073,4,2,183,5,1,80.0,0,N,RURAL_VICTORIA,ROAD,12,8.0
140074,1,2,116,2,1,40.0,0,N,MELB_URBAN,OTHER,12,12.0
140075,4,6,173,5,1,80.0,0,N,MELB_URBAN,OTHER,12,9.0
140076,1,2,110,1,1,50.0,0,I,LARGE_PROVINCIAL_CITIES,STREET,12,13.0
140077,1,1,110,1,1,100.0,0,I,RURAL_VICTORIA,ROAD,12,13.0
140078,1,2,130,5,1,60.0,0,N,MELB_URBAN,ROAD,12,13.0
140079,1,2,99,2,1,80.0,0,I,SMALL_CITIES,ROAD,12,15.0
140080,1,2,120,5,1,100.0,1,N,RURAL_VICTORIA,HIGHWAY,12,10.0
140081,1,2,160,5,1,70.0,0,N,MELB_URBAN,ROAD,12,15.0
140082,4,2,173,5,1,100.0,0,N,RURAL_VICTORIA,HIGHWAY,12,14.0
140083,1,2,120,5,1,100.0,0,N,RURAL_VICTORIA,HIGHWAY,12,13.0
140084,2,1,102,1,1,60.0,0,I,MELB_URBAN,ROAD,12,16.0
140085,2,2,100,5,1,50.0,0,N,MELB_URBAN,ROAD,12,15.0
140086,4,1,173,5,1,100.0,0,N,RURAL_VICTORIA,ROAD,12,17.0
140087,1,1,110,1,1,60.0,0,I,SMALL_CITIES,AVENUE,12,18.0
140088,1,2,110,1,1,50.0,0,I,MELB_URBAN,ROAD,12,16.0
140089,4,2,181,5,1,100.0,0,N,RURAL_VICTORIA,HIGHWAY,12,16.0
140090,4,2,171,5,1,80.0,0,N,MELB_URBAN,FREEWAY,12,19.0
140091,2,2,99,5,1,50.0,0,N,LARGE_PROVINCIAL_CITIES,STREET,12,20.0
140092,4,2,171,5,1,100.0,0,N,RURAL_VICTORIA,ROAD,12,18.0
140093,1,3,147,5,1,40.0,0,N,MELB_URBAN,STREET,10,16.0
140094,1,2,147,5,1,60.0,0,N,MELB_URBAN,ROAD,12,17.0
140095,1,2,121,1,2,70.0,0,I,RURAL_VICTORIA,ROAD,12,20.0
140096,1,2,113,4,3,60.0,0,I,MELB_URBAN,RAMP,12,20.0
140097,1,1,133,5,3,40.0,0,N,MELB_URBAN,STREET,12,21.0
140098,9,1,170,1,1,60.0,0,I,SMALL_CITIES,DRIVE,12,19.0
140099,1,5,130,5,1,80.0,0,N,RURAL_VICTORIA,STREET,12,11.0
140100,1,2,99,5,3,40.0,0,I,MELB_URBAN,STREET,12,23.0
140101,1,2,120,5,2,80.0,0,N,RURAL_VICTORIA,ROAD,12,20.0
140102,4,3,171,5,3,60.0,0,N,MELB_URBAN,STREET,12,0.0
140103,1,1,121,1,3,80.0,0,I,RURAL_VICTORIA,ROAD,12,23.0
140104,1,2,130,5,1,60.0,0,N,MELB_URBAN,ROAD,12,15.0
140105,4,3,171,5,2,60.0,0,N,TOWNS,AVENUE,12,0.0
140106,4,3,173,5,1,50.0,0,N,MELB_URBAN,STREET,12,7.0
140107,1,3,160,5,1,50.0,0,N,MELB_URBAN,PARADE,12,9.0
140108,1,3,163,5,1,60.0,0,N,LARGE_PROVINCIAL_CITIES,ROAD,12,11.0
140109,4,1,171,5,1,60.0,0,N,LARGE_PROVINCIAL_CITIES,ROAD,12,15.0
140110,4,2,173,5,1,100.0,0,N,RURAL_VICTORIA,OTHER,12,18.0
140111,4,2,183,5,1,100.0,0,N,RURAL_VICTORIA,OTHER,12,19.0
140112,1,3,110,1,1,60.0,0,I,MELB_URBAN,PARADE,12,10.0
140113,4,3,183,5,1,50.0,0,N,RURAL_VICTORIA,STREET,12,12.0
140114,1,1,99,5,1,50.0,0,N,SMALL_CITIES,STREET,11,11.0
140115,4,2,171,5,1,40.0,0,N,MELB_URBAN,ROAD,12,14.0
140116,1,3,130,5,1,60.0,0,N,MELB_URBAN,ROAD,12,14.0
140117,1,3,130,2,1,100.0,0,I,RURAL_VICTORIA,HIGHWAY,12,14.0
140118,4,3,181,5,1,100.0,0,N,RURAL_VICTORIA,HIGHWAY,12,11.0
140119,6,3,184,5,1,100.0,1,N,RURAL_VICTORIA,ROAD,12,11.0
140120,1,3,121,5,1,60.0,0,N,MELB_URBAN,ROAD,12,16.0
140121,1,3,121,1,1,60.0,0,I,MELB_URBAN,ROAD,12,16.0
140122,1,2,113,2,1,80.0,0,N,RURAL_VICTORIA,HIGHWAY,12,15.0
140123,4,1,171,6,1,50.0,0,N,MELB_URBAN,UNKNOWN,12,14.0
140124,1,3,113,2,1,50.0,0,I,MELB_URBAN,DRIVE,12,17.0
140125,1,3,113,2,1,100.0,0,I,RURAL_VICTORIA,HIGHWAY,12,17.0
140126,1,3,132,2,1,80.0,0,I,RURAL_VICTORIA,ROAD,12,17.0
140127,1,3,113,1,1,70.0,0,I,RURAL_VICTORIA,ROAD,12,17.0
140128,6,3,174,5,1,50.0,0,N,MELB_URBAN,STREET,12,20.0
140129,2,3,99,1,1,60.0,0,N,MELB_URBAN,ROAD,12,19.0
140130,7,2,99,5,3,70.0,0,N,MELB_URBAN,ROAD,12,21.0
140131,2,3,99,5,2,70.0,0,N,MELB_URBAN,ROAD,12,19.0
140132,1,2,130,5,5,100.0,0,N,MELB_URBAN,RAMP,12,23.0
140133,1,3,130,5,3,80.0,0,N,MELB_URBAN,ROAD,12,0.0
140134,1,3,99,1,1,40.0,0,I,MELB_URBAN,STREET,11,17.0
140135,1,4,121,2,1,50.0,0,I,MELB_URBAN,ROAD,12,7.0
140136,4,4,183,5,1,80.0,0,N,RURAL_VICTORIA,ROAD,12,6.0
140137,1,2,134,5,9,60.0,0,N,MELB_URBAN,ROAD,12,15.0
140138,1,3,130,1,1,60.0,0,N,LARGE_PROVINCIAL_CITIES,STREET,12,11.0
140139,1,4,99,1,1,40.0,0,I,MELB_URBAN,STREET,12,11.0
140140,1,4,99,2,1,60.0,0,I,MELB_URBAN,ROAD,12,11.0
140141,1,3,110,1,1,100.0,0,I,RURAL_VICTORIA,ROAD,12,19.0
140142,1,4,130,5,1,100.0,0,N,RURAL_VICTORIA,FREEWAY,12,10.0
140143,2,2,99,2,1,60.0,0,N,SMALL_CITIES,DRIVE,12,20.0
140144,1,4,135,5,1,40.0,0,N,MELB_URBAN,ROAD,12,11.0
140145,1,4,110,1,1,100.0,0,I,RURAL_VICTORIA,HIGHWAY,12,13.0
140146,4,4,183,5,1,80.0,0,N,SMALL_TOWNS,ROAD,12,9.0
140147,2,7,102,5,1,60.0,0,N,MELB_URBAN,ROAD,12,17.0
140148,8,4,99,5,1,80.0,0,N,RURAL_VICTORIA,ROAD,12,12.0
140149,6,1,174,2,1,60.0,0,I,MELB_URBAN,AVENUE,9,14.0
140150,1,3,116,2,1,50.0,0,I,MELB_URBAN,AVENUE,12,14.0
140151,1,4,130,5,1,60.0,0,N,MELB_URBAN,STREET,12,11.0
140152,1,0,120,5,1,60.0,0,N,RURAL_VICTORIA,ROAD,12,12.0
140153,1,4,160,5,1,50.0,0,N,TOWNS,STREET,12,15.0
140154,1,3,130,5,1,100.0,0,N,RURAL_VICTORIA,ROAD,12,15.0
140155,1,3,133,5,1,60.0,0,N,MELB_URBAN,ROAD,12,16.0
140156,1,3,130,5,1,60.0,0,N,MELB_URBAN,DRIVE,11,15.0
140157,1,4,130,5,1,60.0,0,N,MELB_URBAN,ROAD,12,9.0
140158,1,4,147,5,1,60.0,0,N,MELB_URBAN,ROAD,12,17.0
140159,1,4,120,5,1,100.0,0,N,RURAL_VICTORIA,ROAD,12,16.0
140160,6,4,174,2,1,60.0,0,I,MELB_URBAN,OTHER,12,17.0
140161,1,0,134,2,1,80.0,0,I,MELB_URBAN,HIGHWAY,12,16.0
140162,1,4,130,5,1,80.0,0,N,RURAL_VICTORIA,HIGHWAY,12,15.0
140163,1,4,99,1,2,100.0,0,I,MELB_URBAN,ROAD,12,19.0
140164,1,4,163,2,3,40.0,0,N,MELBOURNE_CBD,STREET,12,23.0
140165,1,6,99,2,1,50.0,0,N,MELB_URBAN,ROAD,12,14.0
140166,1,1,110,1,1,60.0,0,I,SMALL_CITIES,STREET,12,13.0
140167,2,1,100,1,3,60.0,0,O,MELB_URBAN,UNKNOWN,11,0.0
140168,1,2,116,1,2,50.0,0,I,LARGE_PROVINCIAL_CITIES,STREET,11,6.0
140169,1,2,99,2,1,70.0,0,N,LARGE_PROVINCIAL_CITIES,AVENUE,12,12.0
140170,1,5,130,5,1,70.0,0,N,MELB_URBAN,ROAD,12,10.0
140171,1,5,110,1,1,60.0,0,I,MELB_URBAN,ROAD,12,8.0
140172,9,5,99,5,1,100.0,0,N,RURAL_VICTORIA,ROAD,12,10.0
140173,1,4,130,5,1,80.0,0,N,RURAL_VICTORIA,ROAD,12,12.0
140174,4,5,99,2,1,40.0,0,I,MELB_URBAN,ROAD,12,12.0
140175,4,5,183,5,1,60.0,0,N,RURAL_VICTORIA,HIGHWAY,12,12.0
140176,1,2,116,2,1,60.0,0,I,MELB_URBAN,STREET,12,11.0
140177,1,5,121,2,1,80.0,0,I,MELB_URBAN,ROAD,12,13.0
140178,4,5,173,5,1,70.0,0,N,MELB_URBAN,ROAD,12,13.0
140179,2,5,100,1,1,40.0,0,I,MELB_URBAN,STREET,12,13.0
140180,1,6,147,5,1,50.0,0,N,TOWNS,ROAD,12,17.0
140181,2,5,100,1,1,50.0,0,N,MELB_URBAN,ROAD,12,12.0
140182,2,5,99,5,1,50.0,1,N,MELB_URBAN,STREET,12,11.0
140183,1,2,110,1,1,50.0,0,I,SMALL_CITIES,BOULEVARD,12,9.0
140184,4,5,173,5,1,60.0,0,N,RURAL_VICTORIA,ROAD,12,14.0
140185,4,4,183,5,1,80.0,0,N,RURAL_VICTORIA,ROAD,12,14.0
140186,1,0,130,5,1,70.0,0,N,MELB_URBAN,ROAD,12,13.0
140187,1,5,113,2,1,60.0,0,I,MELB_URBAN,ROAD,12,17.0
140188,1,6,130,5,1,60.0,0,N,RURAL_VICTORIA,ROAD,3,16.0
140189,1,5,130,2,2,70.0,0,I,MELB_URBAN,ROAD,12,18.0
140190,1,2,130,1,1,40.0,0,N,LARGE_PROVINCIAL_CITIES,STREET,11,17.0
140191,6,4,170,2,1,70.0,0,I,MELB_URBAN,ROAD,12,19.0
140192,1,5,121,1,2,60.0,0,I,MELB_URBAN,ROAD,12,20.0
140193,1,5,113,2,2,50.0,0,I,MELB_URBAN,DRIVE,12,20.0
140194,1,5,121,2,3,60.0,0,I,MELB_URBAN,ROAD,12,22.0
140195,4,5,171,5,5,50.0,0,N,RURAL_VICTORIA,STREET,12,22.0
140196,4,6,171,5,5,80.0,0,N,RURAL_VICTORIA,ROAD,12,1.0
140197,4,6,173,5,5,80.0,0,N,RURAL_VICTORIA,ROAD,12,0.0
140198,4,6,171,2,5,100.0,0,N,RURAL_VICTORIA,HIGHWAY,12,3.0
140199,4,6,171,5,5,100.0,0,N,RURAL_VICTORIA,ROAD,12,4.0
140200,1,5,110,1,1,80.0,0,I,MELB_URBAN,ROAD,12,16.0
140201,1,5,135,5,3,100.0,0,N,RURAL_VICTORIA,FREEWAY,12,4.0
140202,1,6,99,5,1,60.0,0,N,MELB_URBAN,STREET,12,7.0
140203,6,5,170,5,1,100.0,0,N,RURAL_VICTORIA,ROAD,12,17.0
140204,1,7,160,5,3,50.0,0,N,MELB_URBAN,AVENUE,12,22.0
140205,9,5,99,1,3,60.0,0,I,MELB_URBAN,PARADE,12,20.0
140206,1,7,160,5,1,70.0,0,N,RURAL_VICTORIA,ROAD,12,14.0
140207,1,6,120,5,1,50.0,0,N,MELB_URBAN,OTHER,12,8.0
140208,1,6,99,5,1,60.0,0,N,MELB_URBAN,STREET,12,9.0
140209,1,6,130,5,1,100.0,0,N,MELB_URBAN,FREEWAY,12,9.0
140210,2,6,99,5,9,60.0,0,N,MELB_URBAN,ROAD,12,9.0
140211,1,5,140,2,1,70.0,0,I,MELB_URBAN,DRIVE,11,17.0
140212,1,0,110,1,3,60.0,0,I,LARGE_PROVINCIAL_CITIES,STREET,12,22.0
140213,6,1,184,5,1,80.0,0,N,TOWNS,ROAD,12,17.0
140214,1,5,130,1,1,80.0,0,I,MELB_URBAN,ROAD,12,12.0
140215,1,5,99,5,1,50.0,0,N,TOWNS,STREET,12,10.0
140216,8,3,170,5,1,60.0,0,N,MELB_URBAN,ROAD,12,16.0
140217,1,6,134,3,1,60.0,0,I,MELB_URBAN,ROAD,12,10.0
140218,4,6,181,5,1,80.0,0,N,TOWNS,HIGHWAY,12,12.0
140219,1,4,130,1,9,40.0,0,N,MELB_URBAN,STREET,12,17.0
140220,1,2,130,5,1,60.0,0,N,MELB_URBAN,HIGHWAY,11,18.0
140221,2,6,100,1,1,50.0,1,I,MELB_URBAN,STREET,12,15.0
140222,1,1,99,1,1,60.0,0,I,TOWNS,ROAD,12,13.0
140223,1,6,110,1,1,60.0,0,I,LARGE_PROVINCIAL_CITIES,ROAD,12,18.0
140224,1,4,121,2,1,60.0,0,I,MELB_URBAN,ROAD,12,20.0
140225,1,5,130,5,1,60.0,0,I,MELB_URBAN,ROAD,12,17.0
140226,1,6,113,2,3,60.0,0,I,MELB_URBAN,ROAD,12,23.0
140227,4,6,171,1,3,50.0,0,I,MELB_URBAN,STREET,12,23.0
140228,1,2,116,1,1,50.0,0,I,MELB_URBAN,STREET,12,17.0
140229,4,6,173,5,1,80.0,1,N,LARGE_PROVINCIAL_CITIES,ROAD,12,11.0
140230,3,7,167,5,5,100.0,0,N,RURAL_VICTORIA,ROAD,1,0.0
140231,1,7,113,1,3,70.0,0,I,MELB_URBAN,ROAD,1,2.0
140232,4,7,183,2,3,50.0,0,N,MELB_URBAN,DRIVE,1,4.0
140233,1,6,171,5,3,80.0,0,N,MELB_URBAN,ROAD,1,4.0
140234,1,7,160,5,1,60.0,0,N,MELB_URBAN,ROAD,1,8.0
140235,4,5,171,5,1,100.0,0,N,RURAL_VICTORIA,HIGHWAY,12,13.0
140236,1,6,160,5,3,50.0,0,N,SMALL_CITIES,STREET,12,22.0
140237,4,7,173,5,1,60.0,1,N,MELB_URBAN,BOULEVARD,1,6.0
140238,1,6,121,1,3,60.0,0,I,RURAL_VICTORIA,ROAD,12,22.0
140239,6,5,99,5,1,100.0,0,N,RURAL_VICTORIA,ROAD,12,17.0
140240,4,6,99,2,1,50.0,0,N,MELB_URBAN,DRIVE,1,12.0
140241,4,7,171,5,1,100.0,0,N,RURAL_VICTORIA,HIGHWAY,1,10.0
140242,1,5,134,5,1,100.0,0,N,MELB_URBAN,FREEWAY,12,6.0
140243,1,6,110,1,1,60.0,0,N,MELB_URBAN,DRIVE,12,16.0
140244,5,3,99,2,1,50.0,0,I,RURAL_VICTORIA,ROAD,12,10.0
140245,1,3,140,1,1,80.0,0,N,MELB_URBAN,HIGHWAY,11,16.0
140246,1,7,113,2,1,80.0,0,I,TOWNS,HIGHWAY,1,15.0
140247,1,7,130,5,1,50.0,0,N,MELB_URBAN,STREET,1,13.0
140248,1,6,110,1,1,70.0,0,I,MELB_URBAN,ROAD,1,15.0
140249,1,6,99,5,1,60.0,0,N,MELB_URBAN,OTHER,12,19.0
140250,2,5,99,5,1,40.0,0,N,MELB_URBAN,ROAD,12,16.0
140251,2,7,100,1,1,80.0,0,I,MELB_URBAN,ROAD,1,14.0
140252,1,4,130,5,1,60.0,0,I,MELB_URBAN,STREET,11,17.0
140253,8,7,174,5,1,50.0,0,N,SMALL_CITIES,ROAD,1,17.0
140254,1,2,99,2,1,60.0,0,I,MELB_URBAN,PARADE,12,16.0
140255,1,3,99,1,1,60.0,0,I,MELB_URBAN,ROAD,12,19.0
140256,1,6,116,2,3,60.0,0,I,MELB_URBAN,ROAD,12,21.0
140257,6,6,99,2,5,100.0,0,I,RURAL_VICTORIA,ROAD,1,22.0
140258,1,7,130,4,3,80.0,0,N,MELB_URBAN,ROAD,1,22.0
140259,8,1,174,2,3,80.0,0,N,MELB_URBAN,ROAD,1,0.0
140260,1,1,99,5,3,60.0,0,N,RURAL_VICTORIA,DRIVE,1,1.0
140261,4,1,171,5,3,50.0,0,N,LARGE_PROVINCIAL_CITIES,STREET,1,4.0
140262,1,6,113,2,1,60.0,0,I,TOWNS,STREET,1,15.0
140263,5,7,99,2,1,50.0,0,N,RURAL_VICTORIA,OTHER,1,14.0
140264,1,1,99,1,1,80.0,0,I,RURAL_VICTORIA,ROAD,1,9.0
140265,1,0,160,5,1,50.0,0,N,RURAL_VICTORIA,OTHER,1,7.0
140266,8,0,170,2,1,60.0,0,I,SMALL_TOWNS,ROAD,1,8.0
140267,1,1,160,5,1,60.0,0,N,MELB_URBAN,ROAD,1,10.0
140268,1,0,134,2,1,60.0,0,I,MELB_URBAN,PARADE,1,7.0
140269,1,1,99,5,1,60.0,0,N,SMALL_TOWNS,ROAD,1,10.0
140270,1,1,121,1,1,60.0,0,I,MELB_URBAN,ROAD,1,12.0
140271,4,1,181,5,1,40.0,0,N,MELB_URBAN,DRIVE,1,9.0
140272,1,1,99,3,1,50.0,0,I,TOWNS,HIGHWAY,1,12.0
140273,1,0,121,2,9,60.0,0,I,MELB_URBAN,STREET,1,14.0
140274,8,4,174,5,1,60.0,0,N,MELB_URBAN,OTHER,12,8.0
140275,4,1,181,5,1,60.0,0,N,RURAL_VICTORIA,ROAD,1,10.0
140276,4,6,173,5,1,100.0,0,N,MELB_URBAN,FREEWAY,12,10.0
140277,1,0,134,5,1,80.0,0,N,MELB_URBAN,HIGHWAY,1,16.0
140278,4,1,171,5,1,100.0,0,N,RURAL_VICTORIA,ROAD,1,15.0
140279,1,1,111,1,1,80.0,0,N,MELB_URBAN,HIGHWAY,1,14.0
140280,2,7,102,2,2,70.0,0,I,MELB_URBAN,ROAD,1,21.0
140281,1,1,130,5,1,60.0,0,N,MELB_URBAN,ROAD,1,15.0
140282,7,1,99,1,2,40.0,0,I,SMALL_CITIES,STREET,1,20.0
140283,1,1,171,5,1,60.0,0,N,MELB_URBAN,STREET,1,17.0
140284,1,5,120,5,1,60.0,0,N,RURAL_VICTORIA,ROAD,12,13.0
140285,1,6,130,5,1,80.0,0,N,MELB_URBAN,FREEWAY,12,19.0
140286,8,1,174,5,1,60.0,0,N,RURAL_VICTORIA,OTHER,1,11.0
140287,8,1,174,5,1,100.0,0,N,RURAL_VICTORIA,OTHER,1,13.0
140288,1,2,99,5,1,50.0,0,N,LARGE_PROVINCIAL_CITIES,ROAD,1,8.0
140289,8,2,184,5,1,60.0,0,N,RURAL_VICTORIA,ROAD,1,7.0
140290,4,1,181,2,1,80.0,0,I,RURAL_VICTORIA,ROAD,1,11.0
140291,1,1,160,5,1,60.0,0,N,MELB_URBAN,OTHER,1,10.0
140292,4,1,181,5,5,60.0,0,N,MELB_URBAN,ROAD,1,22.0
140293,1,2,130,2,3,60.0,0,I,LARGE_PROVINCIAL_CITIES,STREET,12,19.0
140294,1,3,130,5,1,60.0,0,N,MELB_URBAN,ROAD,12,13.0
140295,1,2,173,5,1,60.0,0,N,MELB_URBAN,STREET,1,11.0
140296,1,2,113,1,1,60.0,0,I,MELB_URBAN,AVENUE,1,13.0
140297,4,2,173,5,1,60.0,0,N,TOWNS,ROAD,1,12.0
140298,2,3,99,4,5,80.0,0,N,MELB_URBAN,RAMP,12,21.0
140299,1,1,120,5,1,100.0,0,N,RURAL_VICTORIA,ROAD,1,13.0
140300,1,1,120,5,1,80.0,0,N,RURAL_VICTORIA,ROAD,1,12.0
140301,1,2,130,5,1,100.0,0,N,RURAL_VICTORIA,ROAD,1,14.0
140302,1,1,121,1,1,60.0,0,I,SMALL_CITIES,ROAD,1,16.0
140303,5,2,99,5,1,60.0,0,N,RURAL_VICTORIA,ROAD,1,16.0
140304,1,4,130,1,1,60.0,0,I,MELB_URBAN,STREET,11,14.0
140305,1,2,110,1,1,60.0,0,I,LARGE_PROVINCIAL_CITIES,STREET,1,18.0
140306,1,2,99,1,1,50.0,0,I,MELB_URBAN,STREET,1,15.0
140307,4,1,171,1,2,80.0,0,I,RURAL_VICTORIA,HIGHWAY,1,20.0
140308,1,2,99,5,1,100.0,1,N,RURAL_VICTORIA,ROAD,1,16.0
140309,4,2,173,5,1,80.0,1,N,RURAL_VICTORIA,ROAD,1,16.0
140310,1,1,111,1,1,50.0,0,I,LARGE_PROVINCIAL_CITIES,STREET,1,18.0
140311,1,1,121,1,1,60.0,0,I,MELB_URBAN,ROAD,1,16.0
140312,3,5,167,2,5,100.0,0,I,RURAL_VICTORIA,ROAD,11,3.0
140313,3,3,167,5,1,80.0,0,N,RURAL_VICTORIA,ROAD,1,8.0
140314,1,2,140,5,1,100.0,0,N,RURAL_VICTORIA,HIGHWAY,1,18.0
140315,4,2,181,5,3,60.0,0,N,MELB_URBAN,ROAD,1,22.0
140316,8,2,184,3,1,60.0,0,I,RURAL_VICTORIA,ROAD,1,13.0
140317,1,3,110,1,1,60.0,0,I,SMALL_CITIES,STREET,1,9.0
140318,1,2,110,1,1,50.0,0,I,SMALL_CITIES,STREET,1,8.0
140319,8,3,99,5,1,50.0,0,N,RURAL_VICTORIA,ROAD,11,11.0
140320,1,3,113,1,1,60.0,0,I,LARGE_PROVINCIAL_CITIES,STREET,1,11.0
140321,6,2,99,2,1,60.0,0,I,RURAL_VICTORIA,ROAD,12,9.0
140322,1,3,132,2,1,60.0,0,I,MELB_URBAN,ROAD,1,11.0
140323,1,2,110,1,2,80.0,0,I,MELB_URBAN,ROAD,1,7.0
140324,1,5,110,1,1,60.0,0,I,MELB_URBAN,ROAD,12,8.0
140325,2,3,100,5,1,50.0,0,N,TOWNS,STREET,1,15.0
140326,4,3,173,5,1,100.0,0,N,MELB_URBAN,FREEWAY,1,15.0
140327,1,4,130,5,2,80.0,0,N,MELB_URBAN,ROAD,12,20.0
140328,4,3,171,5,1,80.0,0,N,MELB_URBAN,AVENUE,1,12.0
140329,1,2,135,5,1,60.0,0,N,MELB_URBAN,HIGHWAY,1,15.0
140330,1,6,121,5,9,60.0,0,N,RURAL_VICTORIA,ROAD,1,21.0
140331,6,3,99,5,1,100.0,0,N,RURAL_VICTORIA,HIGHWAY,1,14.0
140332,1,1,171,5,2,60.0,0,N,LARGE_PROVINCIAL_CITIES,STREET,12,21.0
140333,4,3,183,5,1,60.0,0,N,RURAL_VICTORIA,ROAD,1,15.0
140334,1,2,130,5,1,40.0,0,N,MELB_URBAN,ROAD,1,17.0
140335,1,2,121,1,3,80.0,0,I,MELB_URBAN,ROAD,1,23.0
140336,3,3,167,5,1,80.0,0,N,RURAL_VICTORIA,ROAD,12,15.0
140337,5,4,99,5,2,100.0,0,N,RURAL_VICTORIA,ROAD,1,5.0
140338,1,3,99,2,1,60.0,0,I,MELB_URBAN,ROAD,1,8.0
140339,5,3,99,5,1,60.0,0,N,SMALL_CITIES,OTHER,12,18.0
140340,4,3,171,5,1,60.0,0,N,TOWNS,STREET,1,10.0
140341,1,3,147,5,1,60.0,0,N,MELB_URBAN,STREET,1,14.0
140342,1,3,121,2,1,70.0,0,I,MELB_URBAN,ROAD,1,9.0
140343,1,2,99,5,1,60.0,0,N,MELB_URBAN,HIGHWAY,1,9.0
140344,4,4,181,5,1,100.0,0,N,RURAL_VICTORIA,HIGHWAY,1,7.0
140345,4,4,171,5,1,60.0,0,I,MELB_URBAN,STREET,1,10.0
140346,8,3,184,5,1,50.0,0,N,MELB_URBAN,OTHER,1,8.0
140347,1,3,121,5,1,60.0,0,I,MELB_URBAN,ROAD,1,15.0
140348,2,3,99,5,1,30.0,0,N,SMALL_CITIES,ROAD,1,9.0
140349,1,4,113,2,1,80.0,0,I,MELB_URBAN,ROAD,1,12.0
140350,8,1,184,5,9,100.0,0,N,RURAL_VICTORIA,OTHER,10,12.0
140351,6,1,99,5,1,80.0,0,N,RURAL_VICTORIA,ROAD,12,14.0
140352,1,1,147,5,1,60.0,0,I,MELB_URBAN,ROAD,1,17.0
140353,1,4,110,1,1,60.0,0,I,LARGE_PROVINCIAL_CITIES,STREET,1,11.0
140354,1,4,134,2,1,60.0,0,N,SMALL_CITIES,STREET,1,13.0
140355,4,4,173,2,1,70.0,0,N,MELB_URBAN,HIGHWAY,1,16.0
140356,1,4,130,4,1,60.0,0,I,SMALL_CITIES,ROAD,1,15.0
140357,6,1,184,5,1,60.0,0,N,RURAL_VICTORIA,ROAD,12,11.0
140358,4,4,99,2,1,50.0,0,I,SMALL_CITIES,AVENUE,1,13.0
140359,1,4,113,2,1,60.0,0,I,MELB_URBAN,ROAD,1,13.0
140360,1,2,121,2,1,80.0,0,I,RURAL_VICTORIA,HIGHWAY,11,11.0
140361,1,5,113,2,1,60.0,0,I,MELB_URBAN,ROAD,12,13.0
140362,1,1,130,5,9,60.0,0,N,LARGE_PROVINCIAL_CITIES,STREET,1,12.0
140363,1,4,120,2,1,60.0,0,I,MELB_URBAN,ROAD,1,16.0
140364,4,4,171,2,1,100.0,0,I,RURAL_VICTORIA,HIGHWAY,1,18.0
140365,1,7,113,2,9,60.0,0,I,MELB_URBAN,ROAD,12,19.0
140366,5,4,99,5,2,80.0,0,N,RURAL_VICTORIA,ROAD,1,19.0
140367,8,4,174,5,1,60.0,0,N,MELB_URBAN,STREET,1,16.0
140368,1,4,113,1,1,70.0,1,I,MELB_URBAN,ROAD,1,18.0
140369,6,4,170,5,1,60.0,0,N,RURAL_VICTORIA,UNKNOWN,1,13.0
140370,1,4,121,1,9,60.0,0,I,SMALL_CITIES,STREET,1,10.0
140371,1,5,160,5,3,60.0,0,N,MELB_URBAN,ROAD,1,3.0
140372,1,5,110,1,3,80.0,1,N,MELB_URBAN,ROAD,1,4.0
140373,4,4,171,2,1,60.0,0,I,SMALL_CITIES,STREET,1,12.0
140374,1,3,110,1,1,50.0,0,I,MELB_URBAN,ROAD,5,15.0
140375,1,5,110,1,1,50.0,0,I,SMALL_CITIES,STREET,1,8.0
140376,1,5,120,5,1,80.0,0,N,MELB_URBAN,ROAD,1,8.0
140377,3,5,167,5,1,60.0,0,N,RURAL_VICTORIA,ROAD,1,7.0
140378,1,5,121,1,1,80.0,0,N,MELB_URBAN,ROAD,1,8.0