,accident_type,day_of_week,dca_code,road_geometry,light_condition,speed_zone,severity,node_type,deg_urban_name,road_type,month,hour
140379,1,5,130,5,1,60.0,0,N,TOWNS,HIGHWAY,1,10.0
140380,1,5,113,2,1,100.0,0,I,RURAL_VICTORIA,HIGHWAY,1,11.0
140381,1,5,120,5,1,60.0,0,I,LARGE_PROVINCIAL_CITIES,ROAD,1,7.0
140382,6,3,174,5,1,100.0,0,N,RURAL_VICTORIA,ROAD,12,10.0
140383,1,4,110,1,1,60.0,0,I,MELB_URBAN,STREET,1,12.0
140384,6,4,184,5,1,100.0,0,N,RURAL_VICTORIA,OTHER,12,8.0
140385,2,4,100,1,1,40.0,0,I,MELBOURNE_CBD,STREET,1,12.0
140386,1,4,130,5,9,60.0,0,N,MELB_URBAN,OTHER,12,17.0
140387,1,5,121,1,1,80.0,0,I,MELB_URBAN,HIGHWAY,1,13.0
140388,1,1,147,5,1,60.0,0,N,RURAL_VICTORIA,ROAD,11,12.0
140389,1,5,130,1,1,60.0,0,I,MELB_URBAN,OTHER,1,14.0
140390,1,5,113,2,1,60.0,0,I,MELB_URBAN,OTHER,1,10.0
140391,1,2,121,1,1,70.0,0,I,MELB_URBAN,ROAD,12,18.0
140392,5,5,99,5,1,100.0,0,N,RURAL_VICTORIA,ROAD,1,14.0
140393,6,5,174,5,1,60.0,0,N,MELB_URBAN,ROAD,1,16.0
140394,4,5,181,5,1,60.0,0,N,LARGE_PROVINCIAL_CITIES,ROAD,1,16.0
140395,1,4,147,5,1,60.0,0,N,MELB_URBAN,ROAD,1,15.0
140396,1,2,132,2,1,50.0,0,I,MELB_URBAN,ROAD,12,17.0
140397,1,1,160,5,1,40.0,0,N,MELB_URBAN,BOULEVARD,1,19.0
140398,5,1,99,5,1,100.0,0,N,RURAL_VICTORIA,ROAD,12,14.0
140399,1,1,160,5,1,50.0,0,N,TOWNS,DRIVE,1,11.0
140400,2,5,100,5,1,60.0,0,N,LARGE_PROVINCIAL_CITIES,ROAD,1,16.0
140401,1,2,130,2,1,60.0,0,N,MELB_URBAN,PARADE,5,14.0
140402,1,5,99,5,1,100.0,0,N,RURAL_VICTORIA,FREEWAY,1,17.0
140403,1,7,99,2,3,60.0,0,I,MELB_URBAN,ROAD,1,20.0
140404,1,4,99,3,1,60.0,0,I,MELB_URBAN,ROAD,1,15.0
140405,1,4,110,1,1,50.0,0,I,MELB_URBAN,STREET,1,14.0
140406,4,5,171,2,1,60.0,1,I,MELB_URBAN,ROAD,1,19.0
140407,6,4,174,2,1,60.0,0,I,SMALL_TOWNS,HIGHWAY,1,16.0
140408,4,2,173,5,3,60.0,0,N,LARGE_PROVINCIAL_CITIES,STREET,12,21.0
140409,1,6,130,1,3,60.0,0,N,MELB_URBAN,STREET,1,4.0
140410,1,5,130,5,1,60.0,0,N,MELB_URBAN,ROAD,1,11.0
140411,6,3,174,1,1,80.0,0,I,RURAL_VICTORIA,ROAD,1,12.0
140412,4,6,181,5,1,60.0,0,N,RURAL_VICTORIA,ROAD,1,11.0
140413,4,6,171,5,1,100.0,0,N,RURAL_VICTORIA,ROAD,1,11.0
140414,4,6,181,5,1,60.0,0,N,MELB_URBAN,ROAD,1,11.0
140415,4,1,173,5,1,50.0,0,N,MELB_URBAN,STREET,1,16.0
140416,8,6,174,5,1,50.0,0,N,LARGE_PROVINCIAL_CITIES,STREET,1,12.0
140417,1,6,120,5,1,60.0,0,N,MELB_URBAN,ROAD,1,10.0
140418,1,6,120,5,1,100.0,0,N,RURAL_VICTORIA,ROAD,1,13.0
140419,4,6,171,5,1,100.0,0,N,RURAL_VICTORIA,ROAD,1,13.0
140420,4,6,171,1,1,60.0,0,I,MELB_URBAN,OTHER,1,10.0
140421,1,5,99,2,1,100.0,0,I,RURAL_VICTORIA,HIGHWAY,1,15.0
140422,1,6,130,2,1,70.0,0,I,RURAL_VICTORIA,ROAD,1,15.0
140423,8,6,174,5,1,50.0,0,N,SMALL_CITIES,STREET,1,16.0
140424,1,4,121,5,1,50.0,0,N,MELB_URBAN,ROAD,1,16.0
140425,1,5,120,1,1,60.0,0,I,SMALL_CITIES,ROAD,1,16.0
140426,1,5,110,1,1,50.0,0,I,SMALL_TOWNS,ROAD,1,14.0
140427,1,6,121,1,1,60.0,0,I,MELB_URBAN,BOULEVARD,1,20.0
140428,1,6,160,5,2,50.0,1,N,SMALL_CITIES,STREET,1,20.0
140429,1,6,147,5,1,60.0,0,N,MELB_URBAN,ROAD,1,20.0
140430,1,5,120,5,3,50.0,0,N,MELB_URBAN,STREET,1,21.0
140431,4,7,173,1,3,70.0,0,I,MELB_URBAN,ROAD,1,0.0
140432,2,7,99,5,3,70.0,1,N,MELB_URBAN,ROAD,1,1.0
140433,1,6,130,1,1,70.0,0,N,MELB_URBAN,HIGHWAY,1,12.0
140434,4,7,173,5,1,60.0,0,N,TOWNS,ROAD,1,7.0
140435,4,6,173,5,1,100.0,0,N,RURAL_VICTORIA,ROAD,12,10.0
140436,1,7,110,1,1,60.0,0,I,SMALL_CITIES,ROAD,1,8.0
140437,4,7,181,5,1,100.0,0,N,RURAL_VICTORIA,HIGHWAY,1,7.0
140438,6,7,170,5,1,100.0,0,N,RURAL_VICTORIA,ROAD,1,7.0
140439,4,7,173,5,1,80.0,0,N,RURAL_VICTORIA,ROAD,1,9.0
140440,1,7,111,1,1,80.0,0,I,MELB_URBAN,ROAD,1,7.0
140441,1,6,121,5,1,60.0,0,N,SMALL_CITIES,ROAD,1,8.0
140442,1,7,160,5,1,60.0,0,N,LARGE_PROVINCIAL_CITIES,STREET,1,10.0
140443,6,7,174,5,1,40.0,0,N,RURAL_VICTORIA,ROAD,1,10.0
140444,1,6,99,5,1,60.0,0,N,MELB_URBAN,ROAD,1,14.0
140445,1,7,113,2,1,60.0,0,I,MELB_URBAN,ROAD,1,14.0
140446,1,7,121,1,1,60.0,0,I,MELB_URBAN,STREET,1,15.0
140447,1,7,130,2,1,80.0,0,N,RURAL_VICTORIA,ROAD,1,14.0
140448,4,7,183,5,1,60.0,0,N,MELB_URBAN,ROAD,1,14.0
140449,4,6,99,2,1,50.0,0,I,MELB_URBAN,ROAD,1,17.0
140450,1,7,121,1,1,60.0,0,I,MELB_URBAN,STREET,1,15.0
140451,1,7,110,1,1,80.0,0,I,MELB_URBAN,ROAD,1,17.0
140452,8,7,170,5,5,80.0,0,N,RURAL_VICTORIA,ROAD,1,21.0
140453,2,7,99,5,3,50.0,0,N,MELB_URBAN,STREET,1,23.0
140454,6,7,174,1,3,60.0,0,N,TOWNS,AVENUE,1,23.0
140455,1,6,110,1,1,70.0,0,I,MELB_URBAN,ROAD,12,10.0
140456,1,3,121,1,1,80.0,0,I,MELB_URBAN,ROAD,5,12.0
140457,4,1,183,5,1,60.0,0,N,SMALL_CITIES,RAMP,1,7.0
140458,4,1,99,2,2,40.0,0,I,MELB_URBAN,STREET,1,5.0
140459,1,7,110,1,2,80.0,0,N,MELB_URBAN,ROAD,1,20.0
140460,1,1,121,2,1,80.0,0,N,MELB_URBAN,ROAD,1,11.0
140461,1,1,121,1,1,50.0,0,I,LARGE_PROVINCIAL_CITIES,STREET,1,9.0
140462,1,1,99,5,1,60.0,0,N,MELB_URBAN,ROAD,1,12.0
140463,1,1,160,5,1,50.0,0,N,SMALL_TOWNS,STREET,1,9.0
140464,1,1,110,1,1,80.0,0,I,RURAL_VICTORIA,HIGHWAY,1,12.0
140465,1,1,99,1,1,60.0,0,I,MELB_URBAN,STREET,1,15.0
140466,4,1,99,2,1,50.0,0,N,SMALL_TOWNS,STREET,1,12.0
140467,4,4,173,5,1,100.0,0,N,RURAL_VICTORIA,ROAD,12,15.0
140468,1,5,113,2,1,60.0,0,I,MELB_URBAN,ROAD,1,10.0
140469,1,5,99,1,1,60.0,0,N,MELB_URBAN,ROAD,1,8.0
140470,6,6,184,2,1,60.0,0,I,RURAL_VICTORIA,UNKNOWN,1,11.0
140471,4,1,171,1,1,80.0,0,I,MELB_URBAN,ROAD,1,18.0
140472,1,1,133,5,1,110.0,0,N,RURAL_VICTORIA,HIGHWAY,1,17.0
140473,2,1,99,1,2,60.0,0,I,MELB_URBAN,ROAD,1,21.0
140474,4,2,173,5,5,100.0,0,N,RURAL_VICTORIA,ROAD,1,1.0
140475,8,2,174,1,3,50.0,0,I,LARGE_PROVINCIAL_CITIES,STREET,1,2.0
140476,1,6,99,2,3,50.0,0,I,LARGE_PROVINCIAL_CITIES,ROAD,1,22.0
140477,1,2,110,1,2,80.0,0,I,MELB_URBAN,HIGHWAY,1,4.0
140478,1,7,121,1,1,60.0,0,I,MELB_URBAN,ROAD,1,14.0
140479,1,2,121,1,1,50.0,0,I,TOWNS,STREET,1,9.0
140480,1,2,121,1,1,60.0,0,I,MELB_URBAN,HIGHWAY,1,7.0
140481,2,4,102,1,9,60.0,0,I,SMALL_CITIES,STREET,12,7.0
140482,1,2,130,5,1,60.0,0,N,LARGE_PROVINCIAL_CITIES,STREET,1,7.0
140483,1,2,113,2,9,80.0,0,I,MELB_URBAN,HIGHWAY,12,11.0
140484,1,2,132,2,1,100.0,0,I,RURAL_VICTORIA,ROAD,1,10.0
140485,1,1,110,1,1,60.0,0,N,LARGE_PROVINCIAL_CITIES,ROAD,1,10.0
140486,6,2,99,5,1,110.0,0,N,RURAL_VICTORIA,HIGHWAY,1,8.0
140487,1,2,132,2,1,60.0,0,I,MELB_URBAN,ROAD,1,11.0
140488,1,2,130,2,1,60.0,0,I,MELB_URBAN,STREET,1,12.0
140489,1,1,113,1,9,60.0,0,I,MELB_URBAN,ROAD,12,16.0
140490,1,1,130,2,6,60.0,0,I,MELB_URBAN,STREET,6,22.0
140491,1,1,160,5,1,50.0,0,N,MELB_URBAN,ROAD,1,15.0
140492,1,1,130,2,1,60.0,0,I,MELB_URBAN,STREET,1,8.0
140493,1,1,130,5,1,40.0,0,N,MELB_URBAN,FREEWAY,1,14.0
140494,1,6,130,2,1,60.0,0,I,MELB_URBAN,ROAD,12,17.0
140495,4,1,99,2,1,40.0,0,I,MELB_URBAN,STREET,1,15.0
140496,4,2,173,5,1,80.0,0,N,RURAL_VICTORIA,ROAD,1,16.0
140497,2,2,99,5,1,50.0,0,N,MELB_URBAN,STREET,1,17.0
140498,1,2,99,2,1,50.0,0,I,MELB_URBAN,ROAD,1,14.0
140499,1,2,113,4,1,70.0,1,I,RURAL_VICTORIA,ROAD,1,14.0
140500,4,2,171,5,2,60.0,0,N,MELB_URBAN,ROAD,1,21.0
140501,8,2,174,2,3,80.0,0,I,RURAL_VICTORIA,HIGHWAY,1,20.0
140502,4,1,171,5,1,60.0,0,N,MELB_URBAN,ROAD,1,18.0
140503,4,2,173,5,1,100.0,0,N,RURAL_VICTORIA,ROAD,1,10.0
140504,1,5,113,2,1,60.0,0,I,MELB_URBAN,BOULEVARD,12,14.0
140505,2,5,100,5,1,40.0,0,N,MELB_URBAN,ROAD,1,12.0
140506,4,1,173,5,3,60.0,0,N,RURAL_VICTORIA,ROAD,1,23.0
140507,6,3,99,5,1,80.0,0,N,RURAL_VICTORIA,FREEWAY,1,6.0
140508,1,0,130,5,1,80.0,0,N,RURAL_VICTORIA,ROAD,12,11.0
140509,1,7,140,5,1,50.0,0,N,MELB_URBAN,STREET,1,12.0
140510,1,5,99,1,1,60.0,0,I,MELB_URBAN,DRIVE,12,17.0
140511,1,3,140,5,1,60.0,0,N,SMALL_CITIES,STREET,1,11.0
140512,6,5,174,2,1,60.0,0,I,RURAL_VICTORIA,ROAD,1,15.0
140513,4,1,173,5,1,100.0,0,N,RURAL_VICTORIA,ROAD,1,18.0
140514,1,2,121,2,1,60.0,0,I,LARGE_PROVINCIAL_CITIES,STREET,1,10.0
140515,1,6,111,1,1,60.0,0,I,MELB_URBAN,STREET,1,14.0
140516,6,6,174,5,1,40.0,0,N,RURAL_VICTORIA,OTHER,12,16.0
140517,1,3,132,5,1,60.0,0,N,MELB_URBAN,ROAD,1,13.0
140518,1,3,99,5,1,50.0,0,N,MELB_URBAN,STREET,1,13.0
140519,1,3,116,2,1,80.0,0,I,RURAL_VICTORIA,HIGHWAY,1,14.0
140520,1,3,147,5,1,60.0,0,I,MELB_URBAN,ROAD,1,15.0
140521,1,1,130,2,1,60.0,0,I,MELB_URBAN,PARADE,11,17.0
140522,1,7,111,1,1,50.0,0,I,MELB_URBAN,AVENUE,1,12.0
140523,1,2,121,2,1,60.0,0,I,TOWNS,HIGHWAY,1,15.0
140524,1,2,121,1,1,60.0,0,I,MELB_URBAN,ROAD,12,8.0
140525,1,2,121,1,1,60.0,0,I,SMALL_CITIES,ROAD,1,15.0
140526,8,0,99,5,1,60.0,0,N,RURAL_VICTORIA,ROAD,1,13.0
140527,6,7,174,5,1,60.0,0,N,RURAL_VICTORIA,ROAD,1,11.0
140528,2,3,100,1,1,50.0,0,N,MELB_URBAN,STREET,1,19.0
140529,6,3,99,5,1,60.0,0,N,RURAL_VICTORIA,ROAD,1,19.0
140530,6,4,170,5,3,80.0,0,N,RURAL_VICTORIA,ROAD,12,0.0
140531,1,0,130,5,1,60.0,0,N,MELB_URBAN,FREEWAY,12,11.0
140532,4,4,171,5,5,80.0,1,N,RURAL_VICTORIA,ROAD,1,1.0
140533,2,4,99,2,1,50.0,0,I,TOWNS,ROAD,1,8.0
140534,6,1,184,5,1,60.0,0,N,RURAL_VICTORIA,OTHER,1,12.0
140535,3,3,167,5,6,60.0,0,N,RURAL_VICTORIA,ROAD,12,3.0
140536,1,1,130,5,1,80.0,0,N,MELB_URBAN,HIGHWAY,1,15.0
140537,1,3,130,2,1,60.0,0,I,MELB_URBAN,ROAD,1,12.0
140538,1,1,110,1,1,60.0,0,I,TOWNS,STREET,12,16.0
140539,1,3,99,4,1,60.0,0,I,MELB_URBAN,ROAD,1,11.0
140540,6,4,174,5,1,80.0,0,N,RURAL_VICTORIA,OTHER,1,11.0
140541,5,6,99,5,1,40.0,0,N,MELBOURNE_CBD,STREET,1,18.0
140542,1,4,110,1,1,100.0,0,I,RURAL_VICTORIA,HIGHWAY,1,12.0
140543,1,3,130,5,1,60.0,0,N,MELB_URBAN,ROAD,1,13.0
140544,1,3,147,5,1,100.0,0,N,RURAL_VICTORIA,ROAD,1,11.0
140545,3,3,167,5,6,60.0,0,N,RURAL_VICTORIA,ROAD,1,2.0
140546,4,3,99,5,1,60.0,0,N,MELB_URBAN,UNKNOWN,1,14.0
140547,1,4,111,2,1,60.0,0,I,MELB_URBAN,ROAD,1,10.0
140548,1,3,121,4,1,60.0,0,I,MELB_URBAN,ROAD,1,15.0
140549,1,3,110,1,1,60.0,0,I,MELB_URBAN,STREET,1,13.0
140550,1,6,99,1,1,60.0,0,I,MELB_URBAN,STREET,1,10.0
140551,1,4,160,5,1,70.0,0,N,MELB_URBAN,HIGHWAY,1,15.0
140552,4,4,173,2,1,80.0,0,N,MELB_URBAN,ROAD,1,16.0
140553,1,0,99,4,9,60.0,0,I,MELB_URBAN,STREET,12,16.0
140554,1,4,99,2,1,60.0,0,I,MELB_URBAN,PARADE,1,19.0
140555,1,4,132,2,1,60.0,0,I,MELB_URBAN,ROAD,1,18.0
140556,2,4,100,1,1,60.0,0,I,MELB_URBAN,STREET,1,16.0
140557,2,4,100,2,1,60.0,1,N,MELB_URBAN,ROAD,1,16.0
140558,1,4,160,5,3,60.0,0,N,MELB_URBAN,ROAD,1,1.0
140559,4,4,181,5,1,80.0,0,N,RURAL_VICTORIA,ROAD,1,19.0
140560,4,4,171,5,3,50.0,0,N,MELB_URBAN,AVENUE,1,22.0
140561,1,3,110,1,3,60.0,0,I,MELB_URBAN,ROAD,1,23.0
140562,1,3,130,5,1,60.0,0,N,MELB_URBAN,ROAD,10,19.0
140563,4,6,99,2,2,50.0,0,I,MELB_URBAN,AVENUE,1,18.0
140564,1,7,99,5,1,100.0,0,N,RURAL_VICTORIA,ROAD,1,13.0
140565,1,4,120,5,1,50.0,0,N,MELB_URBAN,OTHER,1,16.0
140566,1,4,99,2,1,60.0,0,I,MELB_URBAN,HIGHWAY,1,10.0
140567,1,3,130,5,1,60.0,0,N,MELB_URBAN,ROAD,1,15.0
140568,1,4,99,2,6,50.0,0,N,MELB_URBAN,ROAD,1,6.0
140569,1,5,121,3,1,60.0,0,I,MELB_URBAN,ROAD,1,10.0
140570,6,4,174,2,1,70.0,0,I,MELB_URBAN,ROAD,12,10.0
140571,4,5,171,2,1,60.0,0,I,MELB_URBAN,ROAD,1,11.0
140572,1,5,120,2,1,100.0,0,N,RURAL_VICTORIA,ROAD,1,10.0
140573,1,4,110,1,1,60.0,0,I,MELB_URBAN,ROAD,1,8.0
140574,2,5,99,6,1,50.0,0,N,MELB_URBAN,AVENUE,1,9.0
140575,1,4,130,5,1,100.0,0,N,MELB_URBAN,FREEWAY,11,15.0
140576,1,5,116,1,1,80.0,0,I,SMALL_TOWNS,ROAD,1,12.0
140577,1,4,130,5,1,60.0,0,I,TOWNS,DRIVE,1,9.0
140578,8,2,170,5,1,100.0,0,N,RURAL_VICTORIA,HIGHWAY,1,15.0
140579,4,5,173,5,1,100.0,1,N,RURAL_VICTORIA,ROAD,1,9.0
140580,1,7,113,2,3,60.0,0,I,MELB_URBAN,ROAD,11,23.0
140581,1,1,130,5,1,90.0,1,N,MELB_URBAN,ROAD,1,11.0
140582,4,5,99,5,1,60.0,0,N,MELB_URBAN,ROAD,1,12.0
140583,1,4,110,1,1,60.0,0,I,MELB_URBAN,HIGHWAY,1,15.0
140584,4,3,99,5,1,100.0,0,N,RURAL_VICTORIA,ROAD,1,12.0
140585,6,5,174,5,1,100.0,0,N,RURAL_VICTORIA,HIGHWAY,1,17.0
140586,1,5,130,2,1,80.0,0,N,MELB_URBAN,ROAD,1,15.0
140587,4,5,171,5,1,100.0,0,N,RURAL_VICTORIA,HIGHWAY,1,18.0
140588,4,4,183,5,1,100.0,0,N,RURAL_VICTORIA,ROAD,1,17.0
140589,1,5,121,1,1,70.0,0,I,MELB_URBAN,ROAD,1,18.0
140590,1,7,132,2,1,60.0,0,I,MELB_URBAN,ROAD,8,14.0
140591,1,5,99,5,1,50.0,0,N,SMALL_CITIES,AVENUE,1,18.0
140592,1,4,110,1,1,60.0,0,I,RURAL_VICTORIA,ROAD,1,15.0
140593,8,5,99,5,5,80.0,0,N,RURAL_VICTORIA,ROAD,1,21.0
140594,4,4,171,5,3,100.0,0,N,MELB_URBAN,HIGHWAY,1,22.0
140595,1,5,99,5,3,80.0,0,N,MELB_URBAN,ROAD,1,22.0
140596,1,5,160,5,4,50.0,0,N,MELB_URBAN,AVENUE,1,22.0
140597,8,5,99,2,5,100.0,0,I,RURAL_VICTORIA,ROAD,1,1.0
140598,4,5,173,5,2,60.0,0,N,MELB_URBAN,FREEWAY,1,5.0
140599,6,6,170,1,3,60.0,0,I,MELB_URBAN,ROAD,1,2.0
140600,1,2,121,1,2,60.0,0,I,MELB_URBAN,STREET,12,7.0
140601,1,6,116,2,3,80.0,0,I,MELB_URBAN,ROAD,1,5.0
140602,1,6,130,5,1,80.0,0,N,RURAL_VICTORIA,HIGHWAY,1,7.0
140603,1,7,99,5,1,30.0,0,N,MELB_URBAN,ROAD,1,16.0
140604,1,5,120,5,1,70.0,0,N,MELB_URBAN,STREET,1,10.0
140605,4,6,173,5,1,50.0,0,N,MELB_URBAN,OTHER,1,10.0
140606,1,6,147,5,1,70.0,0,N,MELB_URBAN,STREET,1,10.0
140607,1,6,99,1,1,100.0,0,I,RURAL_VICTORIA,HIGHWAY,1,12.0
140608,1,5,130,5,1,80.0,0,N,MELB_URBAN,RAMP,1,14.0
140609,4,6,181,5,1,100.0,0,N,MELB_URBAN,FREEWAY,1,10.0
140610,1,6,130,5,1,60.0,0,N,LARGE_PROVINCIAL_CITIES,ROAD,1,10.0
140611,1,6,110,1,1,60.0,0,I,TOWNS,STREET,1,10.0
140612,5,1,181,3,1,60.0,0,I,RURAL_VICTORIA,ROAD,10,10.0
140613,1,4,130,5,1,60.0,0,N,MELB_URBAN,ROAD,1,17.0
140614,1,5,130,2,1,60.0,0,I,MELB_URBAN,ROAD,1,13.0
140615,1,6,130,2,1,60.0,0,N,MELB_URBAN,ROAD,1,14.0
140616,1,6,99,1,1,60.0,0,N,LARGE_PROVINCIAL_CITIES,STREET,1,10.0
140617,1,1,120,5,1,70.0,0,N,MELB_URBAN,HIGHWAY,1,11.0
140618,4,5,181,5,1,100.0,0,N,RURAL_VICTORIA,ROAD,1,15.0
140619,5,6,99,5,1,60.0,0,N,MELB_URBAN,ROAD,12,16.0
140620,1,6,110,1,1,50.0,0,I,LARGE_PROVINCIAL_CITIES,STREET,1,16.0
140621,8,3,174,2,2,60.0,0,I,RURAL_VICTORIA,ROAD,11,19.0
140622,6,2,99,5,1,60.0,0,N,MELB_URBAN,ROAD,10,17.0
140623,4,4,183,5,1,80.0,0,N,RURAL_VICTORIA,ROAD,1,15.0
140624,1,5,113,2,1,60.0,0,I,MELB_URBAN,ROAD,1,14.0
140625,1,4,132,5,1,60.0,0,N,SMALL_CITIES,ROAD,12,10.0
140626,1,6,110,1,1,60.0,0,I,LARGE_PROVINCIAL_CITIES,STREET,1,16.0
140627,1,5,99,2,1,80.0,0,I,MELB_URBAN,ROAD,1,17.0
140628,1,5,130,5,1,60.0,0,N,MELB_URBAN,ROAD,1,16.0
140629,2,6,102,5,1,40.0,0,N,MELB_URBAN,DRIVE,1,15.0
140630,1,6,113,1,1,60.0,0,I,SMALL_TOWNS,ROAD,1,19.0
140631,1,5,99,5,1,70.0,0,N,MELB_URBAN,ROAD,1,16.0
140632,1,6,111,1,1,100.0,0,I,RURAL_VICTORIA,ROAD,1,14.0
140633,1,5,130,1,1,80.0,0,I,MELB_URBAN,ROAD,1,15.0
140634,1,6,121,1,1,60.0,0,I,MELB_URBAN,RAMP,1,19.0
140635,1,6,110,1,1,50.0,0,I,MELB_URBAN,OTHER,1,14.0
140636,1,6,120,5,5,60.0,0,N,MELB_URBAN,ROAD,1,22.0
140637,4,6,171,2,5,50.0,0,I,LARGE_PROVINCIAL_CITIES,PARADE,1,22.0
140638,1,7,113,1,1,60.0,0,N,MELB_URBAN,ROAD,1,6.0
140639,1,5,147,5,1,60.0,0,N,SMALL_CITIES,BOULEVARD,1,10.0
140640,1,6,113,2,1,60.0,0,I,MELB_URBAN,ROAD,1,10.0
140641,1,7,160,5,1,50.0,0,N,MELB_URBAN,AVENUE,1,7.0
140642,1,5,130,2,1,60.0,0,I,LARGE_PROVINCIAL_CITIES,STREET,1,16.0
140643,1,7,111,1,1,60.0,0,I,MELB_URBAN,ROAD,1,10.0
140644,1,7,147,5,1,60.0,0,N,MELB_URBAN,STREET,1,10.0
140645,1,6,130,2,1,80.0,0,I,TOWNS,HIGHWAY,12,11.0
140646,8,5,170,5,1,50.0,0,N,RURAL_VICTORIA,AVENUE,1,12.0
140647,1,7,130,5,1,80.0,0,N,MELB_URBAN,HIGHWAY,1,13.0
140648,1,7,120,5,1,60.0,0,N,RURAL_VICTORIA,BOULEVARD,1,15.0
140649,1,6,120,5,1,50.0,0,N,RURAL_VICTORIA,DRIVE,1,17.0
140650,6,6,99,5,1,60.0,0,N,LARGE_PROVINCIAL_CITIES,ROAD,1,17.0
140651,8,7,99,2,1,100.0,0,I,RURAL_VICTORIA,ROAD,1,17.0
140652,1,7,111,2,1,60.0,0,I,SMALL_CITIES,ROAD,1,19.0
140653,1,6,99,2,1,60.0,0,I,MELB_URBAN,ROAD,1,18.0
140654,1,3,116,2,1,70.0,0,I,MELB_URBAN,ROAD,12,12.0
140655,1,1,121,1,3,60.0,0,I,MELB_URBAN,STREET,1,0.0
140656,1,1,160,5,3,50.0,0,N,RURAL_VICTORIA,DRIVE,1,0.0
140657,1,7,121,2,1,70.0,0,N,MELB_URBAN,ROAD,1,14.0
140658,8,7,184,2,5,60.0,0,N,RURAL_VICTORIA,ROAD,1,23.0
140659,2,1,99,5,6,60.0,0,N,MELB_URBAN,ROAD,1,1.0
140660,1,1,147,5,1,60.0,0,N,TOWNS,HIGHWAY,1,11.0
140661,1,4,130,5,1,70.0,0,N,MELB_URBAN,UNKNOWN,12,18.0
140662,4,7,171,5,1,60.0,0,N,RURAL_VICTORIA,ROAD,1,12.0
140663,1,5,110,1,1,40.0,0,I,LARGE_PROVINCIAL_CITIES,STREET,11,7.0
140664,1,4,99,2,1,70.0,0,I,MELB_URBAN,ROAD,1,7.0
140665,4,1,173,5,1,100.0,0,N,RURAL_VICTORIA,ROAD,1,7.0
140666,1,1,160,5,1,50.0,0,N,MELB_URBAN,STREET,1,13.0
140667,2,1,99,5,1,40.0,0,N,MELB_URBAN,ROAD,1,9.0
140668,4,0,171,5,1,50.0,0,N,LARGE_PROVINCIAL_CITIES,ROAD,1,11.0
140669,6,1,184,5,1,60.0,0,N,RURAL_VICTORIA,OTHER,1,13.0
140670,1,5,111,1,1,60.0,0,I,MELB_URBAN,ROAD,1,13.0
140671,1,0,110,1,1,60.0,0,I,MELB_URBAN,STREET,1,14.0
140672,1,2,130,5,1,60.0,0,N,MELB_URBAN,ROAD,1,16.0
140673,1,1,120,5,1,100.0,0,N,RURAL_VICTORIA,ROAD,1,12.0
140674,4,1,181,5,1,100.0,0,N,RURAL_VICTORIA,ROAD,1,13.0
140675,1,1,140,5,1,80.0,0,N,MELB_URBAN,ROAD,1,13.0
140676,1,7,110,1,3,60.0,0,I,MELB_URBAN,ROAD,1,22.0
140677,1,1,130,5,1,50.0,0,N,MELB_URBAN,ROAD,1,15.0
140678,4,1,181,5,1,100.0,1,N,RURAL_VICTORIA,HIGHWAY,1,14.0
140679,1,0,130,5,1,70.0,0,N,MELB_URBAN,ROAD,1,15.0
140680,1,1,130,5,1,60.0,0,N,MELB_URBAN,HIGHWAY,12,15.0
140681,1,0,160,5,1,60.0,0,N,MELB_URBAN,ROAD,1,16.0
140682,1,1,121,1,3,70.0,0,I,MELB_URBAN,ROAD,1,20.0
140683,1,0,121,2,1,60.0,0,I,SMALL_TOWNS,ROAD,1,11.0
140684,1,1,121,1,1,60.0,0,I,MELB_URBAN,ROAD,1,18.0
140685,6,1,184,5,5,50.0,0,N,MELB_URBAN,BOULEVARD,1,20.0
140686,1,6,121,2,1,60.0,0,N,RURAL_VICTORIA,ROAD,1,12.0
140687,1,1,120,5,1,100.0,1,N,RURAL_VICTORIA,HIGHWAY,1,11.0
140688,6,1,99,5,5,80.0,0,N,RURAL_VICTORIA,ROAD,1,23.0
140689,8,7,174,5,1,50.0,0,N,RURAL_VICTORIA,OTHER,12,12.0
140690,1,7,130,5,1,100.0,0,N,MELB_URBAN,UNKNOWN,1,11.0
140691,7,6,99,2,9,60.0,0,I,MELB_URBAN,STREET,1,21.0
140692,1,2,116,4,1,50.0,0,I,RURAL_VICTORIA,STREET,1,11.0
140693,1,1,113,2,1,60.0,0,I,MELB_URBAN,ROAD,1,15.0
140694,4,1,181,5,1,50.0,0,N,LARGE_PROVINCIAL_CITIES,OTHER,1,13.0
140695,4,6,183,5,5,100.0,0,N,RURAL_VICTORIA,ROAD,1,23.0
140696,1,1,99,5,1,80.0,0,N,TOWNS,ROAD,1,14.0
140697,4,7,171,5,5,50.0,0,N,RURAL_VICTORIA,ROAD,1,2.0
140698,1,4,116,2,1,60.0,0,I,MELB_URBAN,ROAD,12,8.0
140699,4,2,99,5,1,50.0,0,N,MELB_URBAN,STREET,1,13.0
140700,1,0,130,5,1,60.0,0,N,MELB_URBAN,ROAD,12,12.0
140701,1,2,110,1,1,50.0,0,I,MELB_URBAN,ROAD,1,14.0
140702,8,6,174,2,1,60.0,0,N,RURAL_VICTORIA,ROAD,1,8.0