,accident_type,day_of_week,dca_code,road_geometry,light_condition,speed_zone,severity,node_type,deg_urban_name,road_type,month,hour
140703,4,1,181,5,1,60.0,0,N,MELB_URBAN,ROAD,1,11.0
140704,1,2,113,2,1,80.0,0,I,MELB_URBAN,ROAD,1,14.0
140705,1,1,113,2,1,60.0,0,I,MELB_URBAN,ROAD,1,15.0
140706,4,2,173,5,1,100.0,0,N,RURAL_VICTORIA,ROAD,1,15.0
140707,4,2,171,5,1,50.0,0,N,MELB_URBAN,STREET,1,14.0
140708,4,1,181,5,1,60.0,0,N,MELB_URBAN,ROAD,1,9.0
140709,1,1,110,1,1,80.0,0,I,MELB_URBAN,HIGHWAY,1,18.0
140710,1,2,121,2,1,50.0,0,I,MELB_URBAN,ROAD,1,18.0
140711,8,3,174,5,1,60.0,0,N,MELB_URBAN,ROAD,12,10.0
140712,1,2,99,1,1,50.0,0,N,MELB_URBAN,ROAD,1,18.0
140713,1,7,160,5,1,60.0,0,N,SMALL_CITIES,STREET,11,9.0
140714,1,2,121,2,1,70.0,0,I,MELB_URBAN,ROAD,1,14.0
140715,1,2,121,4,1,60.0,0,I,RURAL_VICTORIA,HIGHWAY,1,17.0
140716,1,2,110,1,1,60.0,0,I,MELB_URBAN,STREET,1,17.0
140717,1,1,130,5,1,80.0,0,N,MELB_URBAN,ROAD,1,17.0
140718,1,2,120,5,3,60.0,0,N,MELB_URBAN,AVENUE,1,22.0
140719,1,2,99,1,3,60.0,0,I,MELB_URBAN,STREET,1,23.0
140720,1,4,134,5,9,60.0,0,N,MELB_URBAN,FREEWAY,1,17.0
140721,8,7,184,5,1,50.0,0,N,MELB_URBAN,BOULEVARD,1,16.0
140722,4,3,173,5,3,60.0,0,N,MELB_URBAN,ROAD,1,5.0
140723,1,3,111,4,1,100.0,0,I,MELB_URBAN,HIGHWAY,1,6.0
140724,6,3,170,5,1,80.0,0,N,RURAL_VICTORIA,ROAD,1,9.0
140725,6,2,99,5,1,100.0,0,N,RURAL_VICTORIA,ROAD,1,11.0
140726,1,7,99,5,1,50.0,0,N,MELB_URBAN,STREET,12,14.0
140727,2,3,99,5,1,60.0,0,N,LARGE_PROVINCIAL_CITIES,STREET,1,9.0
140728,1,3,120,5,1,50.0,0,N,MELB_URBAN,AVENUE,1,10.0
140729,1,3,110,1,1,50.0,0,I,MELB_URBAN,STREET,1,10.0
140730,4,3,171,5,1,100.0,0,N,RURAL_VICTORIA,ROAD,1,8.0
140731,8,1,174,2,1,80.0,0,N,RURAL_VICTORIA,HIGHWAY,1,14.0
140732,1,2,110,1,1,70.0,0,I,MELB_URBAN,ROAD,1,11.0
140733,1,1,130,5,3,100.0,0,N,MELB_URBAN,ROAD,1,23.0
140734,1,1,99,5,1,100.0,0,N,RURAL_VICTORIA,ROAD,1,16.0
140735,1,1,130,5,1,100.0,0,N,MELB_URBAN,UNKNOWN,1,17.0
140736,2,3,99,2,1,50.0,0,I,MELB_URBAN,ROAD,1,11.0
140737,1,3,130,2,1,60.0,0,I,MELB_URBAN,ROAD,1,13.0
140738,1,7,130,5,1,60.0,0,N,MELB_URBAN,ROAD,1,16.0
140739,4,3,181,5,1,100.0,0,N,RURAL_VICTORIA,ROAD,1,11.0
140740,8,0,99,5,1,40.0,0,N,MELB_URBAN,STREET,12,18.0
140741,1,3,121,5,1,60.0,0,N,MELB_URBAN,ROAD,1,14.0
140742,1,1,130,1,1,60.0,0,I,MELB_URBAN,HIGHWAY,1,17.0
140743,1,3,133,5,1,80.0,0,N,MELB_URBAN,ROAD,1,11.0
140744,4,3,183,5,1,100.0,0,N,RURAL_VICTORIA,ROAD,1,14.0
140745,4,3,173,5,1,100.0,0,N,RURAL_VICTORIA,ROAD,1,15.0
140746,1,3,130,5,1,80.0,0,N,MELB_URBAN,OTHER,1,14.0
140747,1,0,110,1,1,50.0,0,I,TOWNS,STREET,1,10.0
140748,2,3,102,2,1,40.0,0,I,MELB_URBAN,STREET,1,17.0
140749,1,3,130,5,1,60.0,0,N,LARGE_PROVINCIAL_CITIES,STREET,1,15.0
140750,1,3,113,2,1,60.0,0,I,MELB_URBAN,ROAD,1,14.0
140751,6,3,99,5,1,100.0,0,N,RURAL_VICTORIA,ROAD,1,16.0
140752,6,5,184,5,1,60.0,0,N,RURAL_VICTORIA,ROAD,9,13.0
140753,1,2,130,2,3,80.0,0,I,MELB_URBAN,ROAD,1,22.0
140754,1,4,130,5,1,40.0,0,N,MELB_URBAN,AVENUE,3,15.0
140755,1,2,132,2,1,60.0,0,N,MELB_URBAN,ROAD,1,18.0
140756,1,3,110,1,1,50.0,0,I,MELB_URBAN,AVENUE,1,8.0
140757,1,4,130,5,1,60.0,0,N,LARGE_PROVINCIAL_CITIES,STREET,12,17.0
140758,2,2,99,2,1,50.0,0,N,MELB_URBAN,STREET,1,16.0
140759,4,2,99,5,9,60.0,0,N,RURAL_VICTORIA,HIGHWAY,1,8.0
140760,2,3,100,1,1,60.0,0,I,MELB_URBAN,STREET,1,20.0
140761,4,3,171,5,1,60.0,0,N,RURAL_VICTORIA,STREET,1,20.0
140762,6,6,174,5,1,50.0,0,N,MELB_URBAN,STREET,1,18.0
140763,1,2,116,2,1,60.0,0,I,MELB_URBAN,ROAD,1,15.0
140764,4,2,173,5,1,100.0,0,N,RURAL_VICTORIA,ROAD,1,20.0
140765,1,2,133,5,1,70.0,0,N,MELB_URBAN,HIGHWAY,1,18.0
140766,2,3,99,1,3,50.0,0,I,MELB_URBAN,ROAD,1,21.0
140767,1,4,133,5,5,100.0,0,N,RURAL_VICTORIA,FREEWAY,1,0.0
140768,1,4,116,2,2,80.0,0,I,SMALL_TOWNS,HIGHWAY,1,5.0
140769,1,2,130,5,1,80.0,0,N,MELB_URBAN,FREEWAY,12,8.0
140770,1,4,121,2,1,60.0,0,I,MELB_URBAN,ROAD,1,7.0
140771,1,4,160,2,1,60.0,0,I,MELB_URBAN,ROAD,1,8.0
140772,1,3,99,5,1,80.0,0,N,TOWNS,ROAD,1,15.0
140773,2,3,99,5,1,60.0,0,N,MELB_URBAN,STREET,1,8.0
140774,8,6,184,5,1,80.0,0,N,RURAL_VICTORIA,ROAD,1,12.0
140775,1,5,130,2,1,60.0,0,I,LARGE_PROVINCIAL_CITIES,ROAD,1,12.0
140776,1,4,121,5,1,50.0,0,N,MELB_URBAN,STREET,1,9.0
140777,1,4,147,5,1,80.0,0,N,MELB_URBAN,HIGHWAY,1,10.0
140778,1,4,130,5,1,60.0,0,N,MELB_URBAN,ROAD,1,17.0
140779,1,4,171,5,1,50.0,0,N,LARGE_PROVINCIAL_CITIES,STREET,1,8.0
140780,1,4,121,2,1,80.0,0,I,MELB_URBAN,ROAD,1,7.0
140781,1,4,130,2,1,60.0,0,I,MELB_URBAN,ROAD,1,12.0
140782,1,3,130,2,1,70.0,0,I,MELB_URBAN,ROAD,1,17.0
140783,1,4,113,2,1,50.0,0,I,MELB_URBAN,ROAD,1,12.0
140784,1,4,99,5,1,100.0,0,N,RURAL_VICTORIA,ROAD,1,12.0
140785,1,2,130,1,3,80.0,0,I,MELB_URBAN,ROAD,1,22.0
140786,1,4,99,1,1,60.0,0,I,LARGE_PROVINCIAL_CITIES,STREET,1,14.0
140787,4,3,173,5,5,80.0,0,N,TOWNS,HIGHWAY,1,22.0
140788,4,3,171,5,1,60.0,0,N,MELB_URBAN,DRIVE,1,12.0
140789,1,4,121,2,1,60.0,0,I,MELB_URBAN,HIGHWAY,1,14.0
140790,1,4,121,1,1,60.0,0,I,MELB_URBAN,ROAD,1,14.0
140791,1,4,121,4,1,60.0,0,I,MELB_URBAN,RAMP,1,16.0
140792,8,3,174,5,1,40.0,0,N,MELB_URBAN,STREET,1,10.0
140793,1,3,121,1,1,60.0,0,I,MELB_URBAN,ROAD,1,17.0
140794,1,3,121,1,1,60.0,0,I,MELB_URBAN,ROAD,1,14.0
140795,1,4,113,2,1,90.0,0,I,MELB_URBAN,ROAD,1,17.0
140796,1,4,147,5,1,100.0,0,N,RURAL_VICTORIA,ROAD,1,18.0
140797,1,4,133,5,1,70.0,0,I,MELB_URBAN,ROAD,1,18.0
140798,4,3,99,5,3,60.0,0,N,TOWNS,UNKNOWN,1,20.0
140799,1,3,130,1,3,80.0,0,I,MELB_URBAN,ROAD,1,22.0
140800,2,4,99,5,5,100.0,1,N,RURAL_VICTORIA,ROAD,1,21.0
140801,1,5,113,4,2,70.0,0,I,MELB_URBAN,ROAD,1,5.0
140802,4,1,99,5,1,100.0,0,N,RURAL_VICTORIA,ROAD,1,6.0
140803,1,4,130,5,2,60.0,0,N,MELB_URBAN,ROAD,2,7.0
140804,1,3,130,1,1,60.0,0,N,MELB_URBAN,ROAD,11,17.0
140805,1,3,135,5,1,100.0,0,N,MELB_URBAN,ROAD,12,9.0
140806,1,5,99,1,1,80.0,0,I,MELB_URBAN,ROAD,12,16.0
140807,1,4,113,4,2,60.0,0,I,MELB_URBAN,STREET,1,6.0
140808,1,3,130,5,9,60.0,0,N,MELB_URBAN,HIGHWAY,12,17.0
140809,1,4,121,1,1,70.0,0,N,MELB_URBAN,ROAD,1,12.0
140810,1,5,130,5,1,100.0,0,N,RURAL_VICTORIA,HIGHWAY,1,10.0
140811,1,3,116,2,3,60.0,0,I,SMALL_CITIES,ROAD,1,22.0
140812,1,4,130,5,1,60.0,0,N,MELB_URBAN,ROAD,1,17.0
140813,4,4,99,5,1,80.0,0,N,MELB_URBAN,HIGHWAY,1,16.0
140814,8,5,99,5,1,100.0,0,N,RURAL_VICTORIA,ROAD,1,15.0
140815,1,1,110,1,1,60.0,0,I,SMALL_CITIES,ROAD,1,13.0
140816,1,4,130,5,1,60.0,0,N,MELB_URBAN,ROAD,1,15.0
140817,1,0,130,1,1,80.0,0,I,MELB_URBAN,DRIVE,12,13.0
140818,1,5,110,1,1,60.0,0,I,LARGE_PROVINCIAL_CITIES,STREET,1,12.0
140819,6,2,174,5,1,80.0,0,N,TOWNS,ROAD,12,18.0
140820,6,7,99,2,1,50.0,0,N,RURAL_VICTORIA,ROAD,1,13.0
140821,4,5,171,5,1,100.0,1,N,RURAL_VICTORIA,ROAD,1,15.0
140822,1,2,130,5,1,60.0,0,N,MELB_URBAN,ROAD,1,12.0
140823,1,1,130,5,1,80.0,0,N,MELB_URBAN,ROAD,12,9.0
140824,1,5,147,5,1,60.0,0,N,SMALL_CITIES,ROAD,1,17.0
140825,1,5,121,2,1,50.0,0,I,MELB_URBAN,STREET,1,16.0
140826,1,6,110,1,3,60.0,0,I,MELB_URBAN,ROAD,1,21.0
140827,1,6,160,5,1,60.0,0,N,MELB_URBAN,ROAD,1,7.0
140828,8,4,174,5,1,60.0,0,N,SMALL_TOWNS,ROAD,1,18.0
140829,4,3,183,2,1,100.0,0,I,RURAL_VICTORIA,HIGHWAY,1,13.0
140830,5,1,99,5,1,60.0,0,N,RURAL_VICTORIA,ROAD,9,10.0
140831,1,6,160,5,1,50.0,0,N,MELB_URBAN,STREET,1,15.0
140832,2,6,100,1,1,60.0,0,N,MELB_URBAN,ROAD,1,8.0
140833,4,6,183,5,1,100.0,0,N,RURAL_VICTORIA,ROAD,1,11.0
140834,4,6,173,5,1,110.0,0,N,RURAL_VICTORIA,HIGHWAY,1,11.0
140835,1,6,99,2,1,60.0,0,I,MELB_URBAN,ROAD,1,12.0
140836,1,6,111,2,1,80.0,0,I,MELB_URBAN,HIGHWAY,1,12.0
140837,1,4,130,5,1,60.0,0,N,MELB_URBAN,HIGHWAY,1,16.0
140838,1,5,147,5,1,60.0,0,N,MELB_URBAN,HIGHWAY,1,6.0
140839,1,5,113,1,1,60.0,0,N,MELB_URBAN,STREET,1,15.0
140840,6,6,170,5,1,80.0,0,N,RURAL_VICTORIA,ROAD,1,12.0
140841,1,6,110,1,1,100.0,0,I,RURAL_VICTORIA,ROAD,1,12.0
140842,1,3,110,1,1,50.0,0,I,TOWNS,STREET,1,16.0
140843,1,3,130,5,1,80.0,0,N,MELB_URBAN,FREEWAY,12,19.0
140844,4,5,171,5,1,60.0,0,N,MELB_URBAN,RAMP,1,11.0
140845,4,5,173,5,1,100.0,0,N,SMALL_TOWNS,HIGHWAY,1,13.0
140846,1,6,121,1,1,60.0,0,I,LARGE_PROVINCIAL_CITIES,STREET,1,15.0
140847,1,5,130,1,1,60.0,0,I,LARGE_PROVINCIAL_CITIES,STREET,1,15.0
140848,1,6,110,1,1,80.0,0,I,RURAL_VICTORIA,STREET,1,16.0
140849,1,6,113,2,1,100.0,0,I,RURAL_VICTORIA,HIGHWAY,1,16.0
140850,5,1,99,5,1,100.0,0,N,RURAL_VICTORIA,OTHER,12,15.0
140851,1,6,130,1,1,60.0,0,I,SMALL_CITIES,BOULEVARD,1,14.0
140852,1,6,99,2,1,60.0,0,I,MELB_URBAN,STREET,1,18.0
140853,6,6,184,2,1,100.0,0,I,RURAL_VICTORIA,ROAD,1,16.0
140854,1,6,121,2,1,70.0,0,I,MELB_URBAN,ROAD,1,17.0
140855,1,6,140,5,1,60.0,0,N,MELB_URBAN,ROAD,1,18.0
140856,1,4,130,5,1,80.0,0,N,MELB_URBAN,HIGHWAY,12,13.0
140857,1,5,132,2,1,60.0,0,I,MELB_URBAN,ROAD,1,15.0
140858,1,6,113,2,1,80.0,0,N,MELB_URBAN,ROAD,1,17.0
140859,1,2,134,5,2,80.0,0,N,MELB_URBAN,FREEWAY,1,5.0
140860,8,3,174,5,2,50.0,0,N,MELB_URBAN,PARADE,1,18.0
140861,8,5,174,5,1,40.0,0,N,MELB_URBAN,STREET,1,17.0
140862,1,6,110,1,1,60.0,0,I,MELB_URBAN,ROAD,12,10.0
140863,1,4,130,5,3,60.0,0,N,MELB_URBAN,ROAD,1,1.0
140864,1,5,121,1,3,60.0,0,I,LARGE_PROVINCIAL_CITIES,STREET,1,21.0
140865,1,5,130,5,3,60.0,0,N,MELB_URBAN,ROAD,1,20.0
140866,1,6,130,5,9,60.0,0,N,MELB_URBAN,FREEWAY,1,13.0
140867,1,5,110,1,1,40.0,0,I,MELBOURNE_CBD,STREET,1,18.0
140868,8,6,99,5,1,100.0,1,N,RURAL_VICTORIA,ROAD,1,17.0
140869,2,6,102,1,3,70.0,0,I,MELB_URBAN,STREET,1,22.0
140870,4,6,181,5,3,60.0,0,N,MELB_URBAN,ROAD,1,22.0
140871,7,5,99,1,3,50.0,0,I,TOWNS,STREET,1,22.0
140872,1,6,121,1,3,60.0,0,I,MELB_URBAN,ROAD,1,22.0
140873,4,5,173,5,5,100.0,0,N,RURAL_VICTORIA,ROAD,1,23.0
140874,4,7,171,5,5,100.0,0,N,RURAL_VICTORIA,ROAD,1,1.0
140875,3,7,167,5,1,110.0,0,N,SMALL_CITIES,FREEWAY,1,6.0
140876,5,6,99,5,1,40.0,0,N,RURAL_VICTORIA,ROAD,1,15.0
140877,1,6,110,1,1,60.0,0,I,MELB_URBAN,ROAD,1,8.0
140878,1,7,140,5,1,60.0,0,N,MELB_URBAN,ROAD,1,9.0
140879,1,6,113,2,1,80.0,0,I,MELB_URBAN,ROAD,12,15.0
140880,1,6,99,5,1,100.0,0,N,RURAL_VICTORIA,ROAD,1,8.0
140881,4,7,99,2,1,50.0,0,I,MELB_URBAN,ROAD,1,10.0
140882,1,7,99,2,1,60.0,0,I,MELB_URBAN,DRIVE,1,9.0
140883,1,7,120,5,1,50.0,0,N,MELB_URBAN,ROAD,1,9.0
140884,4,7,181,5,1,80.0,0,N,TOWNS,ROAD,1,11.0
140885,1,3,116,2,1,60.0,0,I,MELB_URBAN,ROAD,1,8.0
140886,1,6,147,5,1,50.0,0,N,MELB_URBAN,ROAD,1,13.0
140887,1,4,147,5,1,60.0,0,N,MELB_URBAN,ROAD,12,8.0
140888,1,6,130,1,1,70.0,0,I,MELB_URBAN,ROAD,1,13.0
140889,1,7,113,2,1,50.0,0,I,LARGE_PROVINCIAL_CITIES,STREET,1,14.0
140890,1,7,110,1,1,60.0,0,I,LARGE_PROVINCIAL_CITIES,STREET,1,11.0
140891,4,7,171,5,1,110.0,0,N,RURAL_VICTORIA,FREEWAY,1,16.0
140892,1,6,99,5,1,60.0,0,N,SMALL_CITIES,STREET,1,17.0
140893,4,7,173,2,1,80.0,0,I,MELB_URBAN,ROAD,1,15.0
140894,6,6,99,5,1,60.0,0,N,MELB_URBAN,STREET,1,17.0
140895,1,7,160,5,1,50.0,0,N,TOWNS,STREET,1,11.0
140896,1,6,147,5,1,60.0,0,N,MELB_URBAN,ROAD,1,16.0
140897,1,2,99,5,1,80.0,0,I,RURAL_VICTORIA,HIGHWAY,1,15.0
140898,1,6,110,1,1,80.0,0,I,LARGE_PROVINCIAL_CITIES,HIGHWAY,1,17.0
140899,1,6,130,5,1,80.0,0,N,RURAL_VICTORIA,ROAD,1,19.0
140900,1,7,116,2,1,100.0,0,I,RURAL_VICTORIA,ROAD,1,18.0
140901,1,7,130,2,3,70.0,0,I,LARGE_PROVINCIAL_CITIES,HIGHWAY,1,22.0
140902,2,7,102,1,5,60.0,0,I,MELB_URBAN,STREET,1,21.0
140903,4,6,171,3,3,60.0,0,I,MELB_URBAN,ROAD,1,23.0
140904,1,6,130,5,3,60.0,0,N,MELB_URBAN,PARADE,1,23.0
140905,8,1,170,5,5,60.0,0,N,MELB_URBAN,AVENUE,1,0.0
140906,1,1,160,5,3,70.0,0,N,LARGE_PROVINCIAL_CITIES,HIGHWAY,1,3.0
140907,1,7,121,5,3,60.0,0,I,MELB_URBAN,ROAD,1,22.0
140908,4,1,171,5,3,60.0,0,N,SMALL_TOWNS,ROAD,1,4.0
140909,1,1,120,5,1,60.0,0,N,MELB_URBAN,ROAD,1,7.0
140910,1,1,140,5,1,100.0,0,N,RURAL_VICTORIA,ROAD,1,8.0
140911,1,1,121,4,1,60.0,0,N,MELB_URBAN,ROAD,1,10.0
140912,1,0,121,2,1,60.0,0,N,MELB_URBAN,ROAD,1,10.0
140913,6,6,184,5,5,100.0,0,N,RURAL_VICTORIA,ROAD,1,20.0
140914,1,0,110,1,1,60.0,0,I,MELB_URBAN,ROAD,1,9.0
140915,3,0,167,2,1,60.0,0,I,MELB_URBAN,ROAD,1,8.0
140916,2,6,100,2,1,50.0,0,I,TOWNS,HIGHWAY,1,11.0
140917,1,1,99,2,1,60.0,0,I,MELB_URBAN,ROAD,1,11.0
140918,4,1,181,5,1,110.0,0,N,RURAL_VICTORIA,FREEWAY,1,12.0
140919,1,1,120,2,1,40.0,0,I,MELB_URBAN,ROAD,1,11.0
140920,1,6,130,1,1,60.0,0,I,MELB_URBAN,STREET,1,13.0
140921,1,0,110,1,1,80.0,0,N,MELB_URBAN,ROAD,1,10.0
140922,1,6,99,5,3,50.0,0,N,MELB_URBAN,STREET,12,3.0
140923,4,1,181,5,1,100.0,0,N,RURAL_VICTORIA,OTHER,1,11.0
140924,1,2,130,5,1,80.0,0,N,MELB_URBAN,HIGHWAY,1,14.0
140925,6,3,184,5,1,100.0,0,N,RURAL_VICTORIA,ROAD,12,15.0
140926,4,1,99,2,1,100.0,0,I,RURAL_VICTORIA,HIGHWAY,1,12.0
140927,1,5,111,2,1,50.0,0,I,RURAL_VICTORIA,STREET,12,15.0
140928,1,1,110,1,1,60.0,0,I,MELB_URBAN,ROAD,1,8.0
140929,4,1,171,2,1,100.0,0,I,RURAL_VICTORIA,HIGHWAY,1,16.0
140930,1,0,113,1,1,70.0,0,I,LARGE_PROVINCIAL_CITIES,HIGHWAY,1,17.0
140931,1,3,130,5,1,70.0,0,N,MELB_URBAN,ROAD,12,18.0
140932,1,1,121,1,2,60.0,0,I,MELB_URBAN,ROAD,1,19.0
140933,1,0,113,1,1,70.0,0,I,MELB_URBAN,ROAD,1,16.0
140934,1,1,99,1,3,40.0,0,I,MELB_URBAN,STREET,1,20.0
140935,1,6,110,1,1,60.0,0,N,MELB_URBAN,DRIVE,1,18.0
140936,1,5,130,2,2,40.0,0,I,MELB_URBAN,HIGHWAY,1,20.0
140937,1,1,113,2,5,100.0,0,I,RURAL_VICTORIA,HIGHWAY,1,21.0
140938,1,1,121,2,3,60.0,0,I,MELB_URBAN,ROAD,1,22.0
140939,4,5,173,5,1,60.0,0,UNKNOWN,UNKNOWN,UNKNOWN,1,10.0
140940,2,1,102,5,3,80.0,0,N,MELB_URBAN,HIGHWAY,1,21.0
140941,1,5,130,1,1,60.0,0,I,MELB_URBAN,ROAD,12,17.0
140942,1,3,116,2,3,60.0,0,N,MELB_URBAN,STREET,12,21.0
140943,1,2,121,1,1,60.0,0,I,MELB_URBAN,ROAD,1,7.0
140944,1,6,130,5,1,60.0,0,N,MELB_URBAN,ROAD,1,15.0
140945,1,5,110,1,1,60.0,0,I,MELB_URBAN,ROAD,1,14.0
140946,1,7,121,2,1,40.0,0,I,MELB_URBAN,STREET,1,13.0
140947,2,2,102,5,1,50.0,0,N,MELB_URBAN,BOULEVARD,1,9.0
140948,3,0,167,5,1,100.0,0,N,RURAL_VICTORIA,HIGHWAY,1,17.0
140949,3,3,167,2,2,100.0,0,I,RURAL_VICTORIA,ROAD,11,5.0
140950,1,2,99,4,1,60.0,0,I,MELB_URBAN,STREET,1,7.0
140951,1,5,121,5,1,50.0,0,N,MELB_URBAN,ROAD,1,7.0
140952,5,7,99,5,1,50.0,0,N,RURAL_VICTORIA,ROAD,1,14.0
140953,4,1,171,2,2,60.0,0,I,MELB_URBAN,DRIVE,1,20.0
140954,4,2,183,5,1,60.0,0,N,RURAL_VICTORIA,ROAD,1,12.0
140955,6,2,174,5,1,40.0,0,N,MELB_URBAN,STREET,1,10.0
140956,8,2,174,5,1,100.0,0,N,RURAL_VICTORIA,ROAD,1,11.0
140957,9,6,184,5,1,60.0,0,N,RURAL_VICTORIA,ROAD,1,12.0
140958,1,1,147,5,1,60.0,0,N,MELB_URBAN,STREET,1,12.0
140959,1,2,121,5,1,70.0,0,N,MELB_URBAN,ROAD,1,16.0
140960,1,1,111,2,1,50.0,0,I,MELB_URBAN,STREET,1,11.0
140961,1,2,113,1,1,70.0,0,I,MELB_URBAN,ROAD,1,14.0
140962,1,2,163,5,1,40.0,0,N,MELB_URBAN,STREET,1,16.0
140963,1,4,121,5,9,100.0,0,N,RURAL_VICTORIA,ROAD,1,16.0
140964,8,5,99,5,1,40.0,0,N,RURAL_VICTORIA,ROAD,12,18.0
140965,8,5,174,5,1,60.0,0,N,SMALL_CITIES,STREET,12,15.0
140966,2,1,100,2,1,60.0,0,I,MELB_URBAN,STREET,1,14.0
140967,1,4,99,5,1,40.0,0,N,MELB_URBAN,UNKNOWN,1,19.0
140968,1,1,160,5,1,50.0,0,N,MELB_URBAN,STREET,1,16.0
140969,1,2,121,1,1,60.0,0,I,MELB_URBAN,ROAD,1,18.0
140970,1,4,130,1,1,60.0,0,I,MELB_URBAN,ROAD,1,17.0
140971,8,2,99,5,1,100.0,0,N,RURAL_VICTORIA,ROAD,1,15.0
140972,4,1,181,1,1,60.0,0,I,SMALL_CITIES,OTHER,1,19.0
140973,4,2,173,5,1,100.0,0,N,RURAL_VICTORIA,HIGHWAY,1,17.0
140974,1,2,113,2,1,60.0,0,I,MELB_URBAN,STREET,1,19.0
140975,1,0,130,5,9,60.0,0,N,MELB_URBAN,ROAD,1,17.0
140976,4,1,171,5,1,60.0,0,N,MELB_URBAN,ROAD,1,18.0
140977,1,2,120,5,3,50.0,0,N,MELB_URBAN,AVENUE,1,0.0
140978,1,2,160,2,3,50.0,0,I,MELB_URBAN,STREET,1,0.0
140979,1,3,121,1,3,80.0,0,I,MELB_URBAN,OTHER,1,0.0
140980,1,2,160,5,3,60.0,0,N,MELB_URBAN,ROAD,1,22.0
140981,1,2,147,5,1,60.0,0,N,MELB_URBAN,ROAD,1,12.0
140982,1,0,147,5,1,60.0,0,N,MELB_URBAN,ROAD,1,17.0
140983,4,3,171,5,1,100.0,0,N,RURAL_VICTORIA,ROAD,1,6.0
140984,4,2,99,5,1,80.0,0,N,RURAL_VICTORIA,ROAD,1,7.0
140985,1,3,130,5,1,50.0,0,N,SMALL_CITIES,ROAD,1,8.0
140986,1,4,130,1,9,70.0,0,N,MELB_URBAN,ROAD,12,18.0
140987,1,1,130,5,1,60.0,0,N,MELB_URBAN,ROAD,1,13.0
140988,4,3,171,2,1,60.0,0,I,SMALL_CITIES,ROAD,1,7.0
140989,1,2,120,5,2,80.0,0,N,RURAL_VICTORIA,ROAD,11,5.0
140990,4,3,181,5,1,100.0,0,N,RURAL_VICTORIA,ROAD,1,10.0
140991,1,3,113,2,1,60.0,0,I,TOWNS,STREET,1,12.0
140992,6,3,174,1,1,70.0,0,I,MELB_URBAN,STREET,1,11.0
140993,1,3,111,2,1,50.0,0,I,MELB_URBAN,BOULEVARD,1,12.0
140994,1,6,121,1,1,60.0,0,I,MELB_URBAN,ROAD,1,13.0
140995,1,3,99,1,1,70.0,0,N,LARGE_PROVINCIAL_CITIES,STREET,1,13.0
140996,1,4,147,5,1,100.0,0,N,RURAL_VICTORIA,ROAD,1,13.0
140997,1,3,113,2,1,60.0,0,I,MELB_URBAN,STREET,1,12.0
140998,8,7,99,5,9,60.0,0,N,RURAL_VICTORIA,ROAD,1,11.0
140999,1,3,99,2,1,70.0,0,I,MELB_URBAN,STREET,1,8.0
141000,4,3,181,5,1,60.0,0,N,MELB_URBAN,ROAD,1,8.0
141001,6,3,174,5,1,60.0,0,N,LARGE_PROVINCIAL_CITIES,ROAD,1,13.0
141002,1,2,130,5,1,80.0,0,N,RURAL_VICTORIA,ROAD,1,13.0
141003,1,3,130,2,1,100.0,1,I,RURAL_VICTORIA,ROAD,1,14.0
141004,1,2,147,5,1,60.0,0,N,MELB_URBAN,STREET,1,16.0
141005,4,0,173,5,1,60.0,0,N,RURAL_VICTORIA,STREET,1,18.0
141006,1,6,121,2,9,60.0,0,I,MELB_URBAN,ROAD,1,15.0
141007,1,3,110,1,1,60.0,0,I,MELB_URBAN,PARADE,1,17.0
141008,1,3,120,2,1,50.0,0,I,MELB_URBAN,ROAD,1,11.0
141009,1,2,160,5,1,50.0,0,N,MELB_URBAN,AVENUE,1,15.0
141010,8,3,99,5,1,60.0,0,N,MELB_URBAN,STREET,1,16.0
141011,1,3,130,1,1,80.0,0,N,MELB_URBAN,ROAD,1,15.0
141012,4,3,171,2,1,80.0,0,I,MELB_URBAN,ROAD,1,18.0
141013,1,3,160,5,1,40.0,0,N,RURAL_VICTORIA,PARADE,1,17.0
141014,1,3,130,1,1,60.0,0,N,MELB_URBAN,ROAD,1,14.0
141015,1,2,135,5,1,100.0,0,N,MELB_URBAN,ROAD,1,14.0
141016,1,3,111,1,1,60.0,0,I,MELB_URBAN,ROAD,1,17.0
141017,5,3,99,5,5,100.0,0,N,RURAL_VICTORIA,ROAD,1,21.0
141018,1,2,130,4,1,60.0,0,I,MELB_URBAN,RAMP,1,14.0
141019,1,3,130,4,1,60.0,0,N,MELB_URBAN,ROAD,1,15.0
141020,1,3,171,5,2,50.0,0,N,MELB_URBAN,DRIVE,1,20.0
141021,1,3,99,1,1,80.0,0,I,RURAL_VICTORIA,STREET,1,17.0
141022,1,3,121,2,1,60.0,0,I,MELB_URBAN,ROAD,1,20.0
141023,1,2,130,1,3,80.0,0,I,MELB_URBAN,HIGHWAY,1,23.0
141024,1,3,121,2,3,60.0,0,I,MELB_URBAN,ROAD,1,21.0
141025,1,3,130,5,3,40.0,0,N,RURAL_VICTORIA,ROAD,1,0.0
141026,1,2,130,5,3,40.0,0,N,MELB_URBAN,DRIVE,1,23.0
141027,6,4,99,1,5,100.0,0,N,RURAL_VICTORIA,ROAD,1,2.0