,accident_type,day_of_week,dca_code,road_geometry,light_condition,speed_zone,severity,node_type,deg_urban_name,road_type,month,hour
141028,4,2,171,2,1,80.0,0,I,RURAL_VICTORIA,ROAD,12,9.0
141029,1,3,163,5,1,60.0,0,N,MELB_URBAN,ROAD,1,9.0
141030,4,4,171,5,1,80.0,0,N,MELB_URBAN,FREEWAY,1,5.0
141031,4,6,99,5,1,50.0,0,N,TOWNS,ROAD,1,11.0
141032,1,0,147,5,1,60.0,0,N,MELB_URBAN,ROAD,1,15.0
141033,1,3,113,1,1,40.0,0,I,MELBOURNE_CBD,STREET,1,15.0
141034,1,4,110,1,1,60.0,0,I,MELB_URBAN,STREET,1,11.0
141035,4,3,183,5,1,100.0,0,N,MELB_URBAN,FREEWAY,1,8.0
141036,1,3,130,5,1,80.0,0,N,RURAL_VICTORIA,ROAD,1,11.0
141037,1,2,133,4,5,100.0,0,N,MELB_URBAN,FREEWAY,1,0.0
141038,8,3,174,2,1,50.0,0,N,MELB_URBAN,OTHER,1,14.0
141039,1,4,130,5,1,100.0,0,N,RURAL_VICTORIA,HIGHWAY,1,11.0
141040,1,4,120,5,1,40.0,0,N,MELB_URBAN,ROAD,1,12.0
141041,4,1,171,5,1,110.0,0,N,RURAL_VICTORIA,FREEWAY,1,18.0
141042,4,2,181,2,1,100.0,0,I,RURAL_VICTORIA,ROAD,1,13.0
141043,5,4,173,5,9,100.0,0,N,RURAL_VICTORIA,HIGHWAY,1,13.0
141044,1,7,99,1,1,50.0,0,I,SMALL_CITIES,ROAD,1,10.0
141045,4,4,183,5,1,50.0,0,N,SMALL_TOWNS,STREET,1,17.0
141046,4,3,171,5,1,80.0,0,N,MELB_URBAN,FREEWAY,11,18.0
141047,1,4,120,3,2,50.0,0,I,MELB_URBAN,STREET,1,20.0
141048,1,3,110,1,3,60.0,0,I,MELB_URBAN,STREET,1,20.0
141049,6,4,174,5,1,100.0,0,N,RURAL_VICTORIA,ROAD,1,18.0
141050,1,4,110,1,3,60.0,0,I,LARGE_PROVINCIAL_CITIES,ROAD,1,22.0
141051,8,4,174,5,9,50.0,0,N,MELB_URBAN,OTHER,1,23.0
141052,4,5,99,2,3,60.0,0,I,SMALL_CITIES,STREET,1,2.0
141053,4,3,171,5,5,100.0,0,N,RURAL_VICTORIA,ROAD,1,23.0
141054,4,5,173,5,1,60.0,0,N,MELB_URBAN,ROAD,1,7.0
141055,4,4,173,1,1,50.0,0,I,MELB_URBAN,ROAD,1,12.0
141056,1,5,130,5,1,70.0,0,N,MELB_URBAN,ROAD,1,6.0
141057,1,5,121,2,2,80.0,0,N,MELB_URBAN,ROAD,1,7.0
141058,1,5,121,1,1,50.0,0,I,MELB_URBAN,STREET,1,7.0
141059,1,4,130,5,1,80.0,0,N,MELB_URBAN,ROAD,1,8.0
141060,1,5,113,2,1,80.0,0,N,LARGE_PROVINCIAL_CITIES,STREET,1,8.0
141061,1,4,120,5,2,70.0,0,N,RURAL_VICTORIA,ROAD,1,6.0
141062,1,5,121,2,1,70.0,0,N,MELB_URBAN,STREET,1,10.0
141063,4,5,183,5,1,60.0,0,N,TOWNS,STREET,1,10.0
141064,1,5,121,2,1,50.0,0,I,MELB_URBAN,STREET,1,7.0
141065,1,1,134,2,1,60.0,0,I,MELB_URBAN,PARADE,1,12.0
141066,8,3,99,5,1,60.0,0,N,RURAL_VICTORIA,ROAD,12,15.0
141067,1,5,160,5,1,50.0,0,N,MELB_URBAN,STREET,1,11.0
141068,1,5,160,5,1,50.0,0,N,MELB_URBAN,DRIVE,1,11.0
141069,1,4,130,1,2,70.0,0,N,MELB_URBAN,ROAD,1,19.0
141070,1,5,147,5,1,50.0,0,N,LARGE_PROVINCIAL_CITIES,BOULEVARD,1,12.0
141071,1,5,130,2,1,50.0,0,I,MELB_URBAN,OTHER,1,11.0
141072,8,1,174,5,1,60.0,0,N,RURAL_VICTORIA,ROAD,1,8.0
141073,1,3,130,1,1,80.0,0,N,MELB_URBAN,ROAD,1,12.0
141074,1,4,130,5,1,60.0,0,N,MELB_URBAN,ROAD,1,12.0
141075,1,2,133,2,1,50.0,0,I,MELB_URBAN,STREET,1,18.0
141076,6,3,99,5,1,100.0,0,N,RURAL_VICTORIA,ROAD,1,17.0
141077,1,4,99,2,1,60.0,0,I,MELB_URBAN,ROAD,1,9.0
141078,4,4,171,5,1,80.0,0,N,SMALL_CITIES,HIGHWAY,1,15.0
141079,5,4,99,5,2,100.0,0,N,RURAL_VICTORIA,ROAD,1,17.0
141080,1,3,147,5,1,50.0,0,N,MELB_URBAN,ROAD,1,17.0
141081,1,7,120,5,1,100.0,0,N,RURAL_VICTORIA,OTHER,1,11.0
141082,1,5,110,1,1,50.0,0,I,TOWNS,STREET,1,16.0
141083,2,2,100,1,1,70.0,0,I,MELB_URBAN,ROAD,1,8.0
141084,1,4,130,5,1,100.0,0,N,MELB_URBAN,ROAD,1,16.0
141085,1,5,116,2,1,50.0,0,I,SMALL_CITIES,ROAD,1,16.0
141086,2,5,99,5,1,40.0,0,N,MELB_URBAN,ROAD,1,17.0
141087,1,1,130,5,1,40.0,0,N,MELB_URBAN,ROAD,12,16.0
141088,1,5,120,5,1,50.0,0,N,LARGE_PROVINCIAL_CITIES,STREET,1,17.0
141089,6,5,99,5,1,100.0,0,N,RURAL_VICTORIA,ROAD,1,17.0
141090,1,5,130,1,1,60.0,0,I,MELB_URBAN,ROAD,1,14.0
141091,1,5,163,5,1,60.0,0,N,MELB_URBAN,STREET,1,18.0
141092,1,4,121,2,3,80.0,0,I,MELB_URBAN,ROAD,1,21.0
141093,1,5,140,1,5,100.0,0,I,RURAL_VICTORIA,HIGHWAY,1,20.0
141094,1,5,99,2,1,50.0,0,N,MELB_URBAN,OTHER,1,18.0
141095,2,5,102,1,3,60.0,0,I,MELB_URBAN,BOULEVARD,1,22.0
141096,4,5,99,5,5,60.0,0,N,SMALL_TOWNS,STREET,1,3.0
141097,5,5,99,5,5,100.0,0,N,RURAL_VICTORIA,ROAD,1,21.0
141098,4,5,183,5,3,80.0,0,N,MELB_URBAN,RAMP,1,20.0
141099,1,5,181,5,3,60.0,0,N,MELB_URBAN,BOULEVARD,1,22.0
141100,1,6,113,4,3,70.0,0,I,MELB_URBAN,ROAD,1,1.0
141101,1,6,160,5,3,60.0,0,N,MELB_URBAN,ROAD,1,1.0
141102,1,5,130,5,1,80.0,0,N,RURAL_VICTORIA,ROAD,1,7.0
141103,1,5,135,5,1,80.0,0,N,MELB_URBAN,ROAD,1,15.0
141104,4,6,171,5,1,50.0,0,N,MELB_URBAN,ROAD,12,7.0
141105,4,3,171,5,2,50.0,0,N,MELB_URBAN,OTHER,1,19.0
141106,8,4,184,5,1,100.0,0,N,RURAL_VICTORIA,ROAD,1,15.0
141107,1,6,99,1,1,100.0,0,N,RURAL_VICTORIA,ROAD,1,8.0
141108,1,6,110,1,1,50.0,0,I,TOWNS,STREET,1,8.0
141109,1,5,130,5,1,60.0,0,N,MELB_URBAN,HIGHWAY,1,7.0
141110,1,2,130,1,3,60.0,0,N,MELB_URBAN,STREET,1,21.0
141111,1,5,121,2,3,60.0,0,I,MELB_URBAN,ROAD,1,22.0
141112,1,3,130,2,9,60.0,0,I,MELB_URBAN,STREET,1,18.0
141113,1,5,130,5,1,50.0,0,N,MELB_URBAN,STREET,1,13.0
141114,1,5,121,1,1,70.0,0,N,LARGE_PROVINCIAL_CITIES,ROAD,1,6.0
141115,1,5,121,1,1,60.0,0,I,SMALL_CITIES,ROAD,1,14.0
141116,1,5,132,5,1,60.0,0,N,TOWNS,STREET,1,19.0
141117,1,5,130,5,1,60.0,0,N,MELB_URBAN,FREEWAY,1,11.0
141118,1,5,147,5,1,40.0,0,N,SMALL_CITIES,STREET,1,10.0
141119,3,4,167,5,2,100.0,0,N,RURAL_VICTORIA,ROAD,12,6.0
141120,1,7,132,2,9,60.0,0,I,LARGE_PROVINCIAL_CITIES,STREET,12,12.0
141121,2,5,99,5,5,60.0,0,N,SMALL_TOWNS,ROAD,1,22.0
141122,1,5,147,5,1,60.0,0,N,MELB_URBAN,STREET,1,12.0
141123,1,6,130,2,1,60.0,0,N,MELB_URBAN,ROAD,12,13.0
141124,1,6,121,5,1,60.0,0,N,MELB_URBAN,ROAD,1,15.0
141125,1,5,99,2,1,60.0,0,I,MELB_URBAN,ROAD,1,9.0
141126,1,5,140,2,1,50.0,0,I,SMALL_CITIES,DRIVE,1,16.0
141127,1,5,132,2,1,50.0,0,I,MELB_URBAN,BOULEVARD,1,15.0
141128,4,6,171,5,1,60.0,0,N,MELB_URBAN,STREET,1,14.0
141129,1,5,130,5,1,60.0,0,N,MELB_URBAN,ROAD,1,17.0
141130,6,6,170,5,1,80.0,0,N,RURAL_VICTORIA,ROAD,1,17.0
141131,1,5,120,5,1,70.0,0,N,RURAL_VICTORIA,ROAD,1,17.0
141132,1,6,99,5,1,60.0,0,N,MELB_URBAN,STREET,1,18.0
141133,1,2,130,1,1,60.0,0,N,MELB_URBAN,ROAD,1,10.0
141134,1,1,135,5,1,60.0,0,N,MELB_URBAN,ROAD,1,12.0
141135,1,5,135,5,1,80.0,0,N,MELB_URBAN,ROAD,1,18.0
141136,1,6,133,5,1,70.0,0,N,MELB_URBAN,ROAD,1,14.0
141137,1,6,120,5,1,80.0,0,N,RURAL_VICTORIA,ROAD,1,17.0
141138,4,6,181,5,2,80.0,0,N,RURAL_VICTORIA,HIGHWAY,1,18.0
141139,1,6,120,5,1,60.0,0,N,MELB_URBAN,ROAD,1,18.0
141140,2,6,100,5,1,60.0,0,N,MELB_URBAN,STREET,1,15.0
141141,1,5,120,5,3,70.0,0,N,TOWNS,ROAD,1,21.0
141142,1,5,121,2,3,50.0,0,N,MELB_URBAN,ROAD,1,21.0
141143,4,6,171,5,5,100.0,0,N,RURAL_VICTORIA,ROAD,1,0.0
141144,1,7,99,5,3,50.0,0,N,MELB_URBAN,STREET,1,4.0
141145,1,6,135,5,1,100.0,0,N,MELB_URBAN,FREEWAY,12,11.0
141146,4,7,181,5,3,80.0,0,N,MELB_URBAN,ROAD,1,1.0
141147,1,7,110,1,1,60.0,0,I,MELB_URBAN,STREET,1,6.0
141148,1,5,130,2,1,50.0,0,N,MELB_URBAN,ROAD,1,18.0
141149,1,6,130,5,1,40.0,0,N,SMALL_CITIES,STREET,1,14.0
141150,1,3,130,4,1,50.0,0,I,MELB_URBAN,FREEWAY,1,9.0
141151,1,7,130,5,2,70.0,0,N,MELB_URBAN,ROAD,1,7.0
141152,1,3,130,1,1,60.0,0,I,MELB_URBAN,STREET,1,12.0
141153,1,2,99,1,1,60.0,0,N,LARGE_PROVINCIAL_CITIES,STREET,11,9.0
141154,1,7,113,2,1,80.0,0,I,MELB_URBAN,DRIVE,1,9.0
141155,1,4,134,5,3,50.0,0,N,MELB_URBAN,STREET,9,20.0
141156,4,7,173,5,1,100.0,1,N,RURAL_VICTORIA,HIGHWAY,1,11.0
141157,4,6,183,5,2,100.0,1,N,RURAL_VICTORIA,ROAD,1,20.0
141158,1,6,121,2,1,80.0,0,I,MELB_URBAN,HIGHWAY,1,14.0
141159,4,4,171,5,3,60.0,0,N,MELB_URBAN,ROAD,1,2.0
141160,1,7,130,2,1,80.0,0,I,MELB_URBAN,HIGHWAY,1,15.0
141161,1,7,121,2,1,60.0,0,I,MELB_URBAN,ROAD,1,14.0
141162,1,7,147,5,1,60.0,0,N,MELB_URBAN,UNKNOWN,1,16.0
141163,2,7,99,5,1,40.0,0,N,MELB_URBAN,UNKNOWN,1,15.0
141164,1,5,113,2,1,50.0,0,I,MELB_URBAN,ROAD,1,15.0
141165,1,7,130,2,1,50.0,0,N,MELB_URBAN,ROAD,1,17.0
141166,1,5,121,1,1,60.0,0,I,MELB_URBAN,STREET,1,13.0
141167,1,6,130,5,1,60.0,0,N,MELB_URBAN,ROAD,1,18.0
141168,1,6,130,5,1,60.0,0,N,MELB_URBAN,ROAD,1,17.0
141169,1,6,113,2,1,60.0,0,I,SMALL_CITIES,DRIVE,1,18.0
141170,1,7,133,5,1,50.0,0,N,MELB_URBAN,STREET,1,14.0
141171,1,7,99,5,3,50.0,0,N,MELB_URBAN,ROAD,1,21.0
141172,1,5,111,2,1,60.0,0,I,LARGE_PROVINCIAL_CITIES,ROAD,12,11.0
141173,4,1,173,5,3,60.0,0,N,RURAL_VICTORIA,STREET,1,1.0
141174,5,7,99,5,5,100.0,0,N,RURAL_VICTORIA,ROAD,1,22.0
141175,4,1,183,5,3,50.0,0,N,MELB_URBAN,DRIVE,1,3.0
141176,1,1,110,1,3,60.0,0,I,LARGE_PROVINCIAL_CITIES,STREET,1,4.0
141177,1,7,110,1,1,60.0,0,N,MELB_URBAN,STREET,1,18.0
141178,1,5,130,5,1,60.0,0,N,MELB_URBAN,OTHER,1,14.0
141179,1,5,99,2,5,80.0,0,I,RURAL_VICTORIA,ROAD,6,18.0
141180,1,0,121,1,1,100.0,0,I,RURAL_VICTORIA,ROAD,1,10.0
141181,1,1,130,5,1,60.0,0,N,MELB_URBAN,RAMP,1,11.0
141182,1,5,116,4,2,100.0,0,N,RURAL_VICTORIA,FREEWAY,1,5.0
141183,2,1,100,5,1,40.0,0,N,MELB_URBAN,ROAD,1,13.0
141184,1,4,99,2,9,60.0,0,I,MELB_URBAN,ROAD,12,6.0
141185,1,1,121,2,1,40.0,0,I,MELB_URBAN,HIGHWAY,1,12.0
141186,1,7,121,2,3,60.0,0,I,MELB_URBAN,ROAD,1,21.0
141187,6,7,99,5,3,50.0,0,N,SMALL_CITIES,DRIVE,1,22.0
141188,1,3,130,2,1,60.0,0,I,RURAL_VICTORIA,STREET,1,12.0
141189,4,1,171,5,1,60.0,0,N,MELB_URBAN,ROAD,1,16.0
141190,1,0,113,2,1,50.0,0,I,SMALL_CITIES,HIGHWAY,1,17.0
141191,4,1,183,5,1,50.0,0,N,MELB_URBAN,BOULEVARD,1,18.0
141192,1,0,99,5,2,50.0,0,N,MELB_URBAN,AVENUE,1,20.0
141193,1,1,147,5,1,80.0,0,N,MELB_URBAN,HIGHWAY,1,17.0
141194,1,1,120,5,1,100.0,1,N,RURAL_VICTORIA,ROAD,1,17.0
141195,4,0,171,5,5,80.0,0,N,RURAL_VICTORIA,ROAD,1,21.0
141196,8,1,174,5,3,50.0,0,N,MELB_URBAN,ROAD,1,21.0
141197,4,2,171,5,5,100.0,0,N,RURAL_VICTORIA,ROAD,1,3.0
141198,4,1,99,5,3,100.0,0,N,MELB_URBAN,RAMP,1,2.0
141199,1,2,160,5,3,60.0,0,N,MELB_URBAN,STREET,1,4.0
141200,4,2,171,2,1,60.0,0,I,TOWNS,ROAD,1,6.0
141201,1,2,110,1,1,50.0,0,I,SMALL_CITIES,STREET,1,7.0
141202,1,0,120,5,3,80.0,0,N,MELB_URBAN,HIGHWAY,1,5.0
141203,1,2,160,2,1,60.0,0,I,MELB_URBAN,ROAD,1,9.0
141204,1,2,130,5,9,80.0,0,N,MELB_URBAN,HIGHWAY,1,14.0
141205,6,3,99,5,1,100.0,0,N,RURAL_VICTORIA,ROAD,1,11.0
141206,1,1,132,2,1,70.0,0,I,MELB_URBAN,ROAD,12,16.0
141207,1,3,132,5,1,60.0,0,N,MELB_URBAN,STREET,12,12.0
141208,1,2,110,1,1,70.0,0,I,MELB_URBAN,ROAD,1,10.0
141209,1,4,121,1,1,60.0,0,I,MELB_URBAN,ROAD,1,14.0
141210,1,2,99,5,1,60.0,0,N,MELB_URBAN,ROAD,1,11.0
141211,1,5,99,1,6,60.0,0,I,TOWNS,ROAD,1,7.0
141212,1,1,130,5,1,80.0,0,N,RURAL_VICTORIA,ROAD,1,11.0
141213,1,2,110,1,1,60.0,0,I,MELB_URBAN,ROAD,1,12.0
141214,4,2,173,5,1,80.0,0,N,MELB_URBAN,ROAD,1,12.0
141215,8,6,184,5,1,60.0,0,N,RURAL_VICTORIA,ROAD,1,11.0
141216,1,1,110,1,1,80.0,0,I,SMALL_CITIES,HIGHWAY,1,13.0
141217,1,6,130,5,1,60.0,0,N,MELB_URBAN,ROAD,1,11.0
141218,1,6,130,1,1,60.0,0,I,MELB_URBAN,ROAD,1,13.0
141219,1,5,130,2,9,60.0,0,N,LARGE_PROVINCIAL_CITIES,STREET,1,18.0
141220,4,7,183,5,1,60.0,0,N,RURAL_VICTORIA,ROAD,1,9.0
141221,1,1,130,5,1,100.0,0,N,MELB_URBAN,FREEWAY,1,13.0
141222,2,6,100,1,1,40.0,0,I,MELB_URBAN,STREET,1,9.0
141223,7,2,99,2,1,100.0,1,N,RURAL_VICTORIA,ROAD,1,12.0
141224,6,1,99,5,1,80.0,0,N,RURAL_VICTORIA,ROAD,1,10.0
141225,1,1,130,5,1,60.0,0,N,MELB_URBAN,HIGHWAY,1,16.0
141226,1,2,99,2,1,50.0,0,I,MELB_URBAN,AVENUE,1,15.0
141227,1,2,99,2,1,60.0,0,I,MELB_URBAN,STREET,1,16.0
141228,1,2,110,1,1,100.0,0,I,RURAL_VICTORIA,ROAD,1,12.0
141229,1,1,110,1,1,50.0,0,I,MELB_URBAN,STREET,1,19.0
141230,2,2,99,5,1,50.0,0,N,TOWNS,STREET,1,14.0
141231,1,2,99,5,1,80.0,0,N,RURAL_VICTORIA,HIGHWAY,1,14.0
141232,1,2,130,5,1,80.0,0,N,MELB_URBAN,FREEWAY,1,14.0
141233,1,2,134,2,1,70.0,0,I,MELB_URBAN,ROAD,1,17.0
141234,6,2,174,5,1,60.0,0,N,MELB_URBAN,ROAD,1,16.0
141235,4,2,173,5,1,100.0,0,N,RURAL_VICTORIA,HIGHWAY,1,13.0
141236,1,3,130,1,1,40.0,0,N,MELB_URBAN,ROAD,11,15.0
141237,1,7,110,1,1,50.0,0,I,LARGE_PROVINCIAL_CITIES,STREET,1,19.0
141238,1,2,147,5,1,60.0,0,N,MELB_URBAN,STREET,1,17.0
141239,1,2,132,2,1,60.0,0,I,MELB_URBAN,HIGHWAY,1,18.0
141240,1,2,130,5,1,100.0,0,N,RURAL_VICTORIA,ROAD,12,18.0
141241,1,2,99,5,1,80.0,0,N,MELB_URBAN,ROAD,1,17.0
141242,1,2,99,5,1,50.0,0,N,MELB_URBAN,AVENUE,1,17.0
141243,1,1,160,5,1,40.0,0,N,RURAL_VICTORIA,HIGHWAY,1,18.0
141244,4,2,99,5,2,80.0,0,N,RURAL_VICTORIA,ROAD,1,21.0
141245,1,1,99,3,3,80.0,0,I,MELB_URBAN,ROAD,1,23.0
141246,2,2,99,5,1,50.0,0,N,MELB_URBAN,ROAD,1,20.0
141247,1,2,133,5,1,60.0,0,N,MELB_URBAN,ROAD,11,18.0
141248,6,2,174,5,1,80.0,0,N,MELB_URBAN,FREEWAY,1,16.0
141249,1,2,113,2,1,50.0,0,I,MELB_URBAN,STREET,1,11.0
141250,1,3,130,5,1,60.0,0,N,SMALL_CITIES,STREET,2,8.0
141251,1,3,135,5,1,60.0,0,N,RURAL_VICTORIA,ROAD,2,6.0
141252,1,1,130,1,1,60.0,0,I,TOWNS,ROAD,1,18.0
141253,5,1,99,5,1,60.0,0,N,RURAL_VICTORIA,ROAD,1,10.0
141254,1,3,121,2,1,80.0,0,I,MELB_URBAN,ROAD,2,8.0
141255,1,3,110,1,1,60.0,0,I,MELB_URBAN,HIGHWAY,2,6.0
141256,2,3,102,5,1,50.0,0,N,TOWNS,STREET,2,11.0
141257,1,3,99,5,1,50.0,1,N,MELB_URBAN,DRIVE,2,6.0
141258,5,7,99,5,9,60.0,0,N,RURAL_VICTORIA,ROAD,1,5.0
141259,1,1,133,5,1,60.0,0,N,LARGE_PROVINCIAL_CITIES,STREET,1,11.0
141260,1,2,130,5,1,80.0,0,N,MELB_URBAN,ROAD,2,9.0
141261,1,1,130,1,9,60.0,0,I,MELB_URBAN,ROAD,1,8.0
141262,1,2,99,5,1,80.0,0,N,MELB_URBAN,ROAD,2,9.0
141263,5,3,99,5,1,60.0,0,N,RURAL_VICTORIA,ROAD,1,12.0
141264,1,6,99,5,1,60.0,0,N,MELB_URBAN,ROAD,3,8.0
141265,1,5,113,2,1,60.0,0,I,MELB_URBAN,ROAD,12,19.0
141266,4,3,173,5,1,50.0,0,N,LARGE_PROVINCIAL_CITIES,ROAD,2,10.0
141267,1,2,120,1,1,60.0,0,N,MELB_URBAN,STREET,2,13.0
141268,1,3,111,1,1,60.0,0,I,LARGE_PROVINCIAL_CITIES,STREET,2,14.0
141269,4,2,173,5,1,50.0,0,N,SMALL_CITIES,ROAD,2,10.0
141270,1,4,130,5,2,80.0,0,N,RURAL_VICTORIA,OTHER,1,6.0
141271,1,2,130,5,1,40.0,0,N,MELB_URBAN,ROAD,1,18.0
141272,1,3,111,2,1,60.0,0,I,RURAL_VICTORIA,OTHER,2,11.0
141273,1,2,99,2,1,60.0,0,I,SMALL_TOWNS,AVENUE,2,16.0
141274,1,3,110,1,1,80.0,0,I,LARGE_PROVINCIAL_CITIES,HIGHWAY,2,17.0
141275,2,3,99,5,1,40.0,0,N,SMALL_CITIES,STREET,2,15.0
141276,1,5,147,5,9,60.0,0,N,RURAL_VICTORIA,AVENUE,1,7.0
141277,1,6,110,1,1,100.0,0,I,RURAL_VICTORIA,HIGHWAY,1,13.0
141278,4,3,173,4,1,60.0,0,N,MELB_URBAN,STREET,2,19.0
141279,1,3,121,5,1,50.0,0,N,MELB_URBAN,STREET,2,17.0
141280,1,3,130,5,1,60.0,0,N,MELB_URBAN,ROAD,2,16.0
141281,2,3,102,5,1,50.0,0,N,MELB_URBAN,OTHER,2,15.0
141282,5,3,99,6,5,100.0,0,N,RURAL_VICTORIA,UNKNOWN,2,21.0
141283,1,3,99,5,3,40.0,0,N,MELBOURNE_CBD,STREET,2,22.0
141284,1,3,130,5,1,70.0,0,N,MELB_URBAN,ROAD,2,16.0
141285,4,4,181,5,3,60.0,0,N,MELB_URBAN,ROAD,2,4.0
141286,1,4,110,1,3,50.0,0,I,MELB_URBAN,ROAD,2,4.0
141287,1,4,121,1,2,60.0,0,I,MELB_URBAN,STREET,1,7.0
141288,1,4,130,2,1,80.0,0,N,MELB_URBAN,ROAD,1,14.0
141289,1,2,132,5,1,60.0,0,N,LARGE_PROVINCIAL_CITIES,UNKNOWN,10,6.0
141290,1,3,110,1,1,70.0,0,I,MELB_URBAN,ROAD,2,8.0
141291,1,0,130,5,1,100.0,0,N,RURAL_VICTORIA,HIGHWAY,1,14.0
141292,1,4,110,1,1,50.0,0,I,MELB_URBAN,STREET,2,7.0
141293,1,1,99,5,1,80.0,0,N,MELB_URBAN,HIGHWAY,1,19.0
141294,1,2,132,2,1,60.0,0,N,MELB_URBAN,ROAD,1,16.0
141295,4,1,181,3,5,50.0,0,I,RURAL_VICTORIA,ROAD,1,21.0
141296,1,5,113,2,1,60.0,0,I,MELB_URBAN,ROAD,1,17.0
141297,1,4,121,5,1,80.0,0,N,MELB_URBAN,ROAD,2,12.0
141298,1,4,130,5,1,60.0,0,N,MELB_URBAN,STREET,2,11.0
141299,1,1,116,2,9,60.0,0,I,MELB_URBAN,ROAD,1,15.0
141300,4,4,181,5,1,100.0,0,N,RURAL_VICTORIA,ROAD,2,12.0
141301,1,3,134,5,1,100.0,0,N,MELB_URBAN,RAMP,2,13.0
141302,1,5,121,1,2,60.0,0,I,LARGE_PROVINCIAL_CITIES,STREET,11,17.0
141303,1,3,121,2,1,70.0,0,N,MELB_URBAN,ROAD,2,14.0
141304,1,4,110,1,1,60.0,0,I,SMALL_CITIES,ROAD,2,16.0
141305,1,3,110,1,1,50.0,0,I,MELB_URBAN,ROAD,2,18.0
141306,2,4,99,5,1,60.0,0,N,MELB_URBAN,ROAD,2,17.0
141307,1,3,132,1,1,60.0,0,I,RURAL_VICTORIA,HIGHWAY,2,17.0
141308,1,3,133,5,1,60.0,0,N,MELB_URBAN,STREET,2,17.0
141309,1,4,130,1,1,60.0,0,N,MELB_URBAN,ROAD,1,17.0
141310,1,3,110,1,1,80.0,0,I,MELB_URBAN,ROAD,2,17.0
141311,1,4,110,1,1,50.0,0,I,MELB_URBAN,STREET,2,8.0
141312,1,3,160,5,3,50.0,0,N,MELB_URBAN,DRIVE,2,21.0
141313,1,3,121,2,2,70.0,0,I,MELB_URBAN,ROAD,2,5.0
141314,4,5,173,5,3,60.0,0,N,RURAL_VICTORIA,ROAD,2,1.0
141315,1,3,116,1,1,60.0,0,N,SMALL_CITIES,STREET,2,16.0
141316,8,5,174,5,1,40.0,0,N,MELB_URBAN,STREET,2,7.0
141317,4,4,171,5,1,100.0,1,N,RURAL_VICTORIA,ROAD,2,18.0
141318,1,5,121,2,1,60.0,0,I,MELB_URBAN,ROAD,2,9.0
141319,1,4,110,1,1,50.0,0,I,SMALL_CITIES,ROAD,2,9.0
141320,4,4,99,5,1,40.0,0,N,MELB_URBAN,OTHER,2,8.0
141321,1,5,110,1,1,50.0,0,I,MELB_URBAN,STREET,2,8.0
141322,1,5,130,5,1,80.0,0,N,MELB_URBAN,ROAD,1,18.0
141323,1,3,121,2,1,80.0,0,I,MELB_URBAN,ROAD,2,12.0
141324,8,5,99,5,1,80.0,0,N,RURAL_VICTORIA,ROAD,2,11.0
141325,2,5,102,1,1,40.0,0,I,SMALL_CITIES,STREET,2,10.0
141326,1,5,160,5,1,50.0,0,N,TOWNS,HIGHWAY,2,10.0
141327,1,3,121,1,1,40.0,0,I,MELB_URBAN,STREET,2,15.0
141328,1,2,130,1,3,80.0,0,I,MELB_URBAN,ROAD,1,22.0
141329,1,3,130,5,1,60.0,0,N,MELB_URBAN,ROAD,1,14.0
141330,1,3,120,5,1,80.0,0,N,RURAL_VICTORIA,ROAD,2,16.0
141331,1,4,113,2,1,60.0,0,I,MELB_URBAN,DRIVE,2,18.0
141332,8,5,174,5,1,70.0,0,N,MELB_URBAN,HIGHWAY,2,12.0
141333,8,4,99,5,1,60.0,0,N,MELB_URBAN,ROAD,2,18.0
141334,6,6,174,2,6,70.0,0,I,MELB_URBAN,ROAD,1,23.0
141335,6,5,99,5,1,100.0,0,N,RURAL_VICTORIA,HIGHWAY,2,10.0
141336,1,6,99,1,1,80.0,0,N,MELB_URBAN,ROAD,1,19.0
141337,4,5,181,5,1,100.0,0,N,RURAL_VICTORIA,ROAD,2,13.0
141338,4,5,171,5,1,40.0,0,N,TOWNS,STREET,2,13.0
141339,1,4,130,2,1,40.0,0,I,MELB_URBAN,ROAD,2,13.0
141340,1,4,121,5,1,60.0,0,N,MELB_URBAN,DRIVE,2,15.0
141341,1,4,134,5,1,80.0,0,N,MELB_URBAN,HIGHWAY,2,15.0
141342,1,5,130,5,1,60.0,0,N,MELB_URBAN,AVENUE,2,17.0
141343,1,5,99,5,1,80.0,0,N,RURAL_VICTORIA,ROAD,2,15.0
141344,4,5,183,5,1,100.0,1,N,RURAL_VICTORIA,ROAD,2,12.0
141345,2,4,100,5,3,60.0,0,N,MELB_URBAN,PARADE,1,21.0
141346,1,4,110,1,1,50.0,0,I,MELB_URBAN,ROAD,2,15.0
141347,4,5,171,5,1,80.0,0,N,MELB_URBAN,ROAD,2,16.0
141348,1,5,120,2,1,60.0,0,N,MELB_URBAN,ROAD,2,18.0
141349,1,5,110,4,3,60.0,0,I,TOWNS,ROAD,2,4.0
141350,1,5,120,5,1,70.0,0,N,MELB_URBAN,ROAD,2,19.0
141351,1,4,110,1,1,80.0,0,I,RURAL_VICTORIA,ROAD,2,16.0
141352,1,5,130,5,1,100.0,0,N,RURAL_VICTORIA,ROAD,2,16.0
141353,1,4,160,5,3,50.0,0,N,MELB_URBAN,ROAD,2,21.0
141354,1,5,130,1,3,80.0,0,I,MELB_URBAN,HIGHWAY,2,22.0