,accident_type,day_of_week,dca_code,road_geometry,light_condition,speed_zone,severity,node_type,deg_urban_name,road_type,month,hour
141355,4,5,173,2,2,40.0,0,I,MELB_URBAN,STREET,2,20.0
141356,1,6,130,5,1,60.0,0,N,MELB_URBAN,ROAD,2,6.0
141357,1,6,99,5,2,50.0,0,N,LARGE_PROVINCIAL_CITIES,STREET,2,7.0
141358,8,4,174,5,1,100.0,0,N,RURAL_VICTORIA,ROAD,1,10.0
141359,1,6,99,2,1,60.0,0,I,MELB_URBAN,ROAD,2,17.0
141360,4,6,183,5,1,60.0,0,N,RURAL_VICTORIA,ROAD,2,7.0
141361,1,0,130,5,1,80.0,0,N,MELB_URBAN,ROAD,1,17.0
141362,1,4,99,5,1,60.0,0,N,MELB_URBAN,ROAD,1,12.0
141363,1,6,130,5,1,70.0,0,N,MELB_URBAN,ROAD,2,9.0
141364,1,6,99,5,1,60.0,0,N,MELB_URBAN,ROAD,2,10.0
141365,1,3,130,2,1,50.0,0,N,MELB_URBAN,ROAD,2,7.0
141366,4,6,171,2,1,80.0,0,I,RURAL_VICTORIA,ROAD,2,8.0
141367,1,6,113,2,1,50.0,0,I,MELB_URBAN,ROAD,1,14.0
141368,4,6,183,5,2,110.0,0,N,RURAL_VICTORIA,FREEWAY,1,16.0
141369,1,7,130,5,1,60.0,0,N,MELB_URBAN,ROAD,12,16.0
141370,2,6,100,5,1,60.0,0,N,MELB_URBAN,ROAD,2,12.0
141371,5,4,99,5,1,50.0,0,N,MELB_URBAN,DRIVE,10,7.0
141372,1,6,111,2,9,60.0,0,I,MELB_URBAN,ROAD,1,14.0
141373,1,3,130,5,1,80.0,0,N,TOWNS,HIGHWAY,1,11.0
141374,1,4,147,5,9,60.0,0,N,MELB_URBAN,ROAD,1,11.0
141375,1,5,113,2,1,60.0,0,I,LARGE_PROVINCIAL_CITIES,ROAD,2,10.0
141376,1,3,130,2,1,50.0,0,I,MELB_URBAN,ROAD,11,14.0
141377,1,6,99,5,1,100.0,0,N,RURAL_VICTORIA,AVENUE,2,14.0
141378,2,6,100,1,1,40.0,0,I,MELB_URBAN,ROAD,2,15.0
141379,1,5,160,2,3,50.0,0,N,MELB_URBAN,STREET,2,21.0
141380,8,2,174,5,2,40.0,0,N,MELB_URBAN,ROAD,1,5.0
141381,1,5,130,2,1,60.0,0,N,MELB_URBAN,ROAD,2,14.0
141382,1,5,147,5,1,60.0,0,N,MELB_URBAN,DRIVE,2,8.0
141383,1,6,130,5,1,80.0,0,N,MELB_URBAN,ROAD,2,14.0
141384,1,6,132,2,1,60.0,0,I,MELB_URBAN,STREET,2,15.0
141385,4,6,183,5,1,100.0,1,N,RURAL_VICTORIA,ROAD,2,13.0
141386,1,6,163,5,1,40.0,0,N,MELBOURNE_CBD,STREET,2,17.0
141387,1,3,113,2,1,60.0,0,I,SMALL_CITIES,ROAD,1,17.0
141388,1,5,132,2,1,60.0,0,I,MELB_URBAN,ROAD,1,16.0
141389,1,5,160,5,1,50.0,0,N,MELB_URBAN,AVENUE,2,18.0
141390,1,5,130,5,1,60.0,0,N,MELB_URBAN,ROAD,2,18.0
141391,1,5,99,4,1,60.0,0,I,MELB_URBAN,ROAD,2,15.0
141392,4,6,183,5,1,50.0,0,N,MELB_URBAN,DRIVE,2,18.0
141393,1,6,121,5,1,80.0,0,N,MELB_URBAN,HIGHWAY,2,16.0
141394,1,6,113,2,2,60.0,0,I,MELB_URBAN,ROAD,2,19.0
141395,1,5,130,5,1,100.0,0,N,MELB_URBAN,UNKNOWN,2,17.0
141396,1,5,130,5,1,60.0,0,N,MELB_URBAN,STREET,2,18.0
141397,1,5,110,1,2,100.0,0,I,RURAL_VICTORIA,HIGHWAY,2,19.0
141398,4,6,181,5,5,80.0,0,N,RURAL_VICTORIA,HIGHWAY,2,22.0
141399,4,7,99,2,3,60.0,0,I,RURAL_VICTORIA,ROAD,2,0.0
141400,1,7,120,5,5,70.0,0,N,MELB_URBAN,HIGHWAY,2,0.0
141401,1,6,116,2,9,60.0,0,I,MELB_URBAN,ROAD,2,22.0
141402,3,6,167,5,5,100.0,0,N,RURAL_VICTORIA,HIGHWAY,2,2.0
141403,4,6,183,5,5,100.0,0,N,RURAL_VICTORIA,HIGHWAY,2,4.0
141404,1,4,130,2,2,70.0,0,I,MELB_URBAN,ROAD,1,7.0
141405,1,7,121,2,1,60.0,0,N,SMALL_CITIES,DRIVE,2,8.0
141406,1,7,160,5,1,50.0,0,N,MELB_URBAN,OTHER,2,9.0
141407,1,7,99,1,1,70.0,0,I,RURAL_VICTORIA,ROAD,2,8.0
141408,1,7,130,1,1,70.0,1,N,MELB_URBAN,STREET,2,9.0
141409,1,6,111,2,1,60.0,0,N,MELB_URBAN,BOULEVARD,1,10.0
141410,4,5,173,5,5,60.0,0,N,RURAL_VICTORIA,ROAD,2,21.0
141411,2,7,100,2,1,40.0,0,N,MELB_URBAN,ROAD,2,8.0
141412,1,6,130,5,1,50.0,0,N,MELB_URBAN,STREET,2,17.0
141413,1,7,130,5,1,60.0,0,N,MELB_URBAN,ROAD,2,11.0
141414,1,7,130,5,1,80.0,0,N,MELB_URBAN,OTHER,2,9.0
141415,1,7,130,5,1,70.0,0,N,MELB_URBAN,HIGHWAY,2,8.0
141416,1,6,130,5,3,70.0,0,N,MELB_URBAN,ROAD,2,22.0
141417,1,5,130,5,1,80.0,0,N,MELB_URBAN,ROAD,2,17.0
141418,1,7,130,5,1,50.0,0,N,MELB_URBAN,ROAD,2,13.0
141419,1,6,132,5,1,80.0,0,N,MELB_URBAN,HIGHWAY,2,14.0
141420,1,4,121,2,1,80.0,0,N,MELB_URBAN,ROAD,12,10.0
141421,1,6,130,5,1,100.0,0,N,RURAL_VICTORIA,ROAD,2,12.0
141422,6,7,99,5,5,100.0,0,N,RURAL_VICTORIA,HIGHWAY,2,0.0
141423,1,7,147,5,1,100.0,0,N,RURAL_VICTORIA,HIGHWAY,2,12.0
141424,1,7,113,2,1,70.0,0,I,MELB_URBAN,ROAD,2,9.0
141425,4,7,171,5,1,60.0,0,N,LARGE_PROVINCIAL_CITIES,ROAD,2,15.0
141426,1,5,160,5,1,50.0,0,N,LARGE_PROVINCIAL_CITIES,DRIVE,1,19.0
141427,1,5,130,5,1,60.0,0,N,MELB_URBAN,STREET,1,17.0
141428,1,2,130,2,1,50.0,0,I,MELB_URBAN,ROAD,1,15.0
141429,1,5,110,1,1,50.0,0,I,MELB_URBAN,BOULEVARD,1,6.0
141430,4,1,183,2,1,80.0,0,I,RURAL_VICTORIA,ROAD,1,14.0
141431,1,7,130,5,1,80.0,0,N,MELB_URBAN,HIGHWAY,2,15.0
141432,1,0,99,2,1,80.0,0,I,RURAL_VICTORIA,ROAD,1,13.0
141433,1,7,113,2,1,50.0,0,I,RURAL_VICTORIA,DRIVE,2,17.0
141434,1,6,163,5,1,60.0,0,N,MELB_URBAN,ROAD,2,16.0
141435,2,7,100,5,1,60.0,0,N,MELB_URBAN,ROAD,2,16.0
141436,1,7,99,5,1,50.0,1,N,LARGE_PROVINCIAL_CITIES,STREET,2,15.0
141437,1,7,110,1,1,50.0,0,I,SMALL_CITIES,STREET,2,18.0
141438,1,7,110,1,1,60.0,0,I,SMALL_CITIES,STREET,2,17.0
141439,4,7,183,5,1,100.0,0,N,RURAL_VICTORIA,ROAD,2,18.0
141440,1,7,120,5,2,40.0,0,N,LARGE_PROVINCIAL_CITIES,ROAD,2,20.0
141441,2,7,99,5,1,60.0,0,N,MELB_URBAN,ROAD,2,16.0
141442,4,7,181,5,5,60.0,0,N,RURAL_VICTORIA,ROAD,2,21.0
141443,1,6,121,2,3,80.0,0,N,MELB_URBAN,FREEWAY,2,23.0
141444,4,6,171,2,2,80.0,0,N,MELB_URBAN,ROAD,2,6.0
141445,1,7,130,2,3,60.0,0,I,MELB_URBAN,ROAD,2,23.0
141446,1,1,130,5,3,60.0,0,N,MELB_URBAN,ROAD,2,0.0
141447,1,6,121,1,3,60.0,0,I,LARGE_PROVINCIAL_CITIES,STREET,2,22.0
141448,1,6,99,2,3,40.0,0,I,MELB_URBAN,STREET,2,22.0
141449,4,0,173,5,3,60.0,0,N,MELB_URBAN,ROAD,2,4.0
141450,1,1,160,5,3,50.0,0,N,MELB_URBAN,DRIVE,2,3.0
141451,1,7,120,1,3,60.0,0,I,MELB_URBAN,ROAD,2,22.0
141452,6,1,99,5,5,50.0,0,N,RURAL_VICTORIA,OTHER,2,3.0
141453,4,0,173,5,2,80.0,0,N,RURAL_VICTORIA,ROAD,2,5.0
141454,1,6,130,5,1,60.0,0,N,SMALL_CITIES,ROAD,2,11.0
141455,1,2,113,2,1,60.0,0,I,MELB_URBAN,ROAD,1,13.0
141456,4,7,173,5,1,100.0,0,N,RURAL_VICTORIA,HIGHWAY,2,14.0
141457,3,0,167,5,1,60.0,0,N,RURAL_VICTORIA,OTHER,2,9.0
141458,1,1,110,1,1,60.0,0,I,SMALL_CITIES,PARADE,2,11.0
141459,4,1,181,5,1,70.0,0,N,RURAL_VICTORIA,ROAD,2,8.0
141460,1,0,121,4,1,60.0,0,I,SMALL_CITIES,OTHER,2,11.0
141461,1,1,111,2,1,60.0,0,I,MELB_URBAN,ROAD,2,12.0
141462,6,1,174,5,1,40.0,0,N,MELB_URBAN,UNKNOWN,2,11.0
141463,6,7,170,5,1,60.0,0,N,RURAL_VICTORIA,ROAD,2,17.0
141464,4,1,171,5,1,60.0,0,N,MELB_URBAN,ROAD,2,12.0
141465,4,0,173,2,1,50.0,0,N,MELB_URBAN,STREET,2,10.0
141466,1,0,130,2,1,40.0,0,I,LARGE_PROVINCIAL_CITIES,AVENUE,2,14.0
141467,4,1,181,5,1,100.0,0,N,RURAL_VICTORIA,ROAD,2,9.0
141468,1,7,99,5,5,80.0,0,N,RURAL_VICTORIA,ROAD,2,22.0
141469,1,1,132,1,1,80.0,0,I,RURAL_VICTORIA,ROAD,2,15.0
141470,1,0,130,1,1,60.0,0,N,MELB_URBAN,ROAD,2,15.0
141471,4,1,171,5,1,60.0,0,N,RURAL_VICTORIA,ROAD,2,17.0
141472,1,4,110,1,1,60.0,0,I,MELB_URBAN,OTHER,2,18.0
141473,1,1,130,5,1,50.0,0,N,MELB_URBAN,AVENUE,2,19.0
141474,1,1,134,5,3,60.0,0,N,MELB_URBAN,ROAD,2,21.0
141475,1,1,110,1,2,60.0,0,I,LARGE_PROVINCIAL_CITIES,AVENUE,2,21.0
141476,1,1,120,5,1,100.0,1,N,RURAL_VICTORIA,HIGHWAY,2,16.0
141477,1,4,110,1,1,60.0,0,I,SMALL_CITIES,PARADE,9,13.0
141478,1,6,130,5,1,60.0,0,N,MELB_URBAN,ROAD,1,15.0
141479,5,0,173,5,5,40.0,0,N,RURAL_VICTORIA,ROAD,2,0.0
141480,1,1,130,5,1,80.0,0,N,MELB_URBAN,UNKNOWN,2,13.0
141481,1,1,130,5,5,100.0,1,N,RURAL_VICTORIA,FREEWAY,2,22.0
141482,1,1,121,1,2,60.0,0,I,MELB_URBAN,STREET,2,6.0
141483,2,2,102,5,1,40.0,0,N,SMALL_CITIES,STREET,2,7.0
141484,4,2,99,5,1,50.0,0,N,SMALL_CITIES,STREET,2,8.0
141485,2,2,100,1,1,60.0,0,N,SMALL_CITIES,PARADE,2,8.0
141486,1,3,110,1,1,50.0,0,I,LARGE_PROVINCIAL_CITIES,STREET,12,18.0
141487,4,2,171,5,1,60.0,0,N,RURAL_VICTORIA,AVENUE,2,7.0
141488,1,2,147,5,1,50.0,0,N,MELB_URBAN,ROAD,2,9.0
141489,1,2,121,2,1,70.0,0,I,MELB_URBAN,ROAD,2,9.0
141490,1,6,134,5,1,80.0,0,N,MELB_URBAN,HIGHWAY,1,19.0
141491,5,7,99,5,1,110.0,0,N,RURAL_VICTORIA,FREEWAY,12,10.0
141492,1,7,130,5,1,60.0,0,N,MELB_URBAN,ROAD,1,16.0
141493,1,0,130,5,1,80.0,0,N,MELB_URBAN,FREEWAY,2,11.0
141494,1,6,135,2,1,60.0,0,I,MELB_URBAN,ROAD,11,16.0
141495,1,2,130,5,1,60.0,0,N,MELB_URBAN,AVENUE,2,7.0
141496,1,2,121,2,1,80.0,0,I,MELB_URBAN,HIGHWAY,2,12.0
141497,1,5,99,5,2,80.0,0,N,RURAL_VICTORIA,HIGHWAY,2,21.0
141498,8,1,174,5,1,60.0,0,N,RURAL_VICTORIA,ROAD,2,11.0
141499,8,0,184,5,1,60.0,0,N,RURAL_VICTORIA,ROAD,1,13.0
141500,1,1,130,5,1,100.0,0,N,MELB_URBAN,FREEWAY,2,18.0
141501,1,2,130,5,1,80.0,0,N,MELB_URBAN,AVENUE,2,12.0
141502,1,2,140,5,1,60.0,0,N,TOWNS,STREET,2,13.0
141503,1,0,121,1,1,60.0,0,I,RURAL_VICTORIA,DRIVE,12,13.0
141504,1,2,132,2,1,100.0,0,I,RURAL_VICTORIA,HIGHWAY,2,13.0
141505,1,2,99,2,1,40.0,0,I,LARGE_PROVINCIAL_CITIES,STREET,2,12.0
141506,1,2,134,5,9,60.0,0,N,MELB_URBAN,ROAD,2,11.0
141507,4,1,173,5,1,80.0,0,N,RURAL_VICTORIA,ROAD,2,13.0
141508,1,2,130,5,1,70.0,0,N,MELB_URBAN,ROAD,2,12.0
141509,1,2,135,2,1,70.0,0,I,MELB_URBAN,STREET,2,10.0
141510,1,4,130,5,1,60.0,0,N,MELB_URBAN,STREET,2,15.0
141511,1,2,130,5,1,40.0,0,N,RURAL_VICTORIA,HIGHWAY,2,14.0
141512,1,1,99,2,1,50.0,0,I,TOWNS,DRIVE,2,14.0
141513,1,7,135,4,1,100.0,0,N,MELB_URBAN,ROAD,2,16.0
141514,4,2,171,5,1,110.0,0,N,TOWNS,FREEWAY,2,15.0
141515,1,6,132,4,1,60.0,0,I,MELB_URBAN,FREEWAY,1,16.0
141516,6,2,99,5,1,80.0,0,N,RURAL_VICTORIA,ROAD,2,17.0
141517,4,2,171,5,1,100.0,0,N,RURAL_VICTORIA,HIGHWAY,2,13.0
141518,1,2,111,2,1,80.0,0,I,RURAL_VICTORIA,ROAD,2,17.0
141519,4,2,183,5,1,100.0,0,N,RURAL_VICTORIA,ROAD,2,17.0
141520,1,2,113,1,1,60.0,0,I,MELB_URBAN,ROAD,2,18.0
141521,1,2,99,2,1,60.0,0,N,MELB_URBAN,DRIVE,2,9.0
141522,6,2,184,5,1,60.0,0,N,MELB_URBAN,STREET,2,18.0
141523,1,1,110,1,3,60.0,0,I,MELB_URBAN,ROAD,2,21.0
141524,1,2,121,1,3,60.0,0,I,MELB_URBAN,ROAD,2,21.0
141525,1,1,130,5,1,70.0,0,N,MELB_URBAN,ROAD,2,16.0
141526,1,2,130,5,1,100.0,0,N,MELB_URBAN,ROAD,2,17.0
141527,1,7,147,5,3,60.0,0,N,MELB_URBAN,ROAD,2,20.0
141528,1,1,130,5,1,80.0,0,N,RURAL_VICTORIA,ROAD,2,15.0
141529,8,2,174,5,1,80.0,0,N,MELB_URBAN,HIGHWAY,2,19.0
141530,1,1,130,5,1,40.0,0,N,RURAL_VICTORIA,ROAD,2,13.0
141531,4,3,173,2,3,60.0,0,I,MELB_URBAN,STREET,2,3.0
141532,6,2,170,2,9,40.0,0,I,MELB_URBAN,DRIVE,2,11.0
141533,2,1,102,5,1,40.0,0,N,MELB_URBAN,STREET,2,9.0
141534,1,3,111,1,1,50.0,0,I,MELB_URBAN,ROAD,2,13.0
141535,1,3,121,2,1,60.0,0,I,MELB_URBAN,ROAD,2,8.0
141536,1,3,121,1,1,40.0,0,I,MELBOURNE_CBD,STREET,2,7.0
141537,1,3,120,5,1,60.0,0,N,RURAL_VICTORIA,ROAD,2,6.0
141538,1,3,147,5,1,50.0,0,N,MELB_URBAN,STREET,2,8.0
141539,2,5,99,5,1,50.0,0,N,TOWNS,STREET,12,14.0
141540,1,3,130,5,1,100.0,0,N,MELB_URBAN,FREEWAY,2,8.0
141541,4,3,181,5,1,50.0,0,N,RURAL_VICTORIA,ROAD,2,9.0
141542,8,3,99,1,5,80.0,0,I,RURAL_VICTORIA,ROAD,7,23.0
141543,1,3,130,5,1,40.0,0,N,RURAL_VICTORIA,HIGHWAY,2,9.0
141544,4,1,181,5,2,60.0,0,N,RURAL_VICTORIA,ROAD,2,20.0
141545,1,2,121,2,1,60.0,0,N,MELB_URBAN,STREET,2,8.0
141546,1,4,130,5,1,60.0,0,N,MELB_URBAN,STREET,1,16.0
141547,1,3,110,1,1,100.0,0,N,RURAL_VICTORIA,ROAD,2,7.0
141548,1,2,130,5,1,80.0,0,N,MELB_URBAN,ROAD,2,8.0
141549,8,3,99,5,1,100.0,0,N,RURAL_VICTORIA,ROAD,2,11.0
141550,4,2,173,5,1,100.0,0,N,RURAL_VICTORIA,ROAD,2,10.0
141551,1,2,121,1,1,60.0,0,I,MELB_URBAN,STREET,2,11.0
141552,1,3,110,1,1,50.0,0,I,SMALL_CITIES,STREET,2,7.0
141553,6,1,174,5,1,60.0,0,N,RURAL_VICTORIA,OTHER,2,13.0
141554,8,3,99,5,1,100.0,0,N,RURAL_VICTORIA,ROAD,2,12.0
141555,8,2,174,1,1,40.0,0,I,MELBOURNE_CBD,STREET,2,18.0
141556,4,3,171,5,1,80.0,0,N,MELB_URBAN,RAMP,2,13.0
141557,4,1,171,5,2,60.0,0,N,SMALL_CITIES,AVENUE,1,5.0
141558,1,5,113,2,1,60.0,0,I,MELB_URBAN,STREET,1,13.0
141559,4,3,183,5,1,100.0,0,N,RURAL_VICTORIA,ROAD,2,10.0
141560,1,2,120,5,1,60.0,0,N,MELB_URBAN,ROAD,2,15.0
141561,8,6,174,5,1,60.0,0,N,RURAL_VICTORIA,ROAD,1,9.0
141562,1,3,130,5,1,50.0,0,N,MELB_URBAN,ROAD,2,17.0
141563,4,3,171,5,1,50.0,0,N,MELB_URBAN,DRIVE,2,16.0
141564,1,5,130,1,1,40.0,0,I,MELB_URBAN,ROAD,1,9.0
141565,1,7,132,2,1,60.0,0,I,SMALL_CITIES,AVENUE,1,10.0
141566,1,2,130,5,1,50.0,0,N,MELB_URBAN,STREET,2,17.0
141567,4,2,171,5,1,70.0,0,N,RURAL_VICTORIA,ROAD,2,16.0
141568,1,5,130,5,1,60.0,0,N,RURAL_VICTORIA,ROAD,1,12.0
141569,1,2,110,1,1,50.0,0,I,MELB_URBAN,ROAD,2,14.0
141570,1,5,163,5,1,60.0,0,N,MELB_URBAN,ROAD,2,16.0
141571,1,3,135,5,1,70.0,0,N,MELB_URBAN,ROAD,2,18.0
141572,1,3,121,1,1,60.0,0,I,MELB_URBAN,ROAD,2,18.0
141573,5,3,99,2,3,80.0,0,N,MELB_URBAN,HIGHWAY,2,21.0
141574,1,2,99,2,3,50.0,0,N,MELB_URBAN,ROAD,2,19.0
141575,2,2,100,5,3,60.0,0,N,MELB_URBAN,ROAD,2,21.0
141576,1,3,130,2,1,50.0,0,I,MELB_URBAN,ROAD,2,17.0
141577,1,5,121,2,1,60.0,0,I,MELB_URBAN,HIGHWAY,2,16.0
141578,1,3,99,5,1,50.0,0,N,MELB_URBAN,ROAD,2,18.0
141579,1,2,130,5,2,80.0,0,N,MELB_URBAN,HIGHWAY,2,20.0
141580,1,3,99,5,1,40.0,0,N,MELB_URBAN,BOULEVARD,2,18.0
141581,1,3,110,1,1,60.0,0,I,MELB_URBAN,AVENUE,2,18.0
141582,1,4,99,5,3,40.0,0,N,MELB_URBAN,ROAD,2,0.0
141583,4,3,171,5,1,100.0,0,N,RURAL_VICTORIA,ROAD,1,11.0
141584,1,2,160,5,1,50.0,0,N,SMALL_CITIES,AVENUE,2,14.0
141585,8,0,174,5,2,60.0,0,N,RURAL_VICTORIA,ROAD,2,20.0
141586,1,4,130,5,1,110.0,0,N,RURAL_VICTORIA,FREEWAY,2,6.0
141587,2,2,99,5,1,60.0,0,N,MELB_URBAN,ROAD,2,10.0
141588,1,3,121,1,1,60.0,0,I,MELB_URBAN,STREET,2,8.0
141589,5,0,99,5,1,100.0,0,N,RURAL_VICTORIA,ROAD,1,17.0
141590,1,4,113,2,1,100.0,0,I,RURAL_VICTORIA,HIGHWAY,2,9.0
141591,4,3,171,5,1,60.0,0,N,MELB_URBAN,STREET,2,7.0
141592,1,3,135,5,1,70.0,0,N,MELB_URBAN,ROAD,2,14.0
141593,8,6,184,2,1,40.0,0,I,RURAL_VICTORIA,ROAD,2,17.0
141594,4,3,171,5,1,100.0,0,N,RURAL_VICTORIA,ROAD,2,7.0
141595,5,1,181,5,1,60.0,0,N,RURAL_VICTORIA,ROAD,2,11.0
141596,1,1,99,5,1,80.0,0,N,MELB_URBAN,ROAD,2,13.0
141597,8,2,99,5,1,100.0,0,N,RURAL_VICTORIA,ROAD,1,15.0
141598,1,3,99,1,1,40.0,0,I,MELB_URBAN,STREET,2,8.0
141599,2,3,100,1,1,60.0,0,I,MELBOURNE_CBD,STREET,2,8.0
141600,2,3,99,5,1,70.0,0,N,MELB_URBAN,ROAD,2,16.0
141601,8,4,99,5,1,100.0,0,N,RURAL_VICTORIA,OTHER,2,10.0
141602,5,4,99,5,5,100.0,0,N,RURAL_VICTORIA,ROAD,2,6.0
141603,2,3,102,5,2,60.0,0,N,MELB_URBAN,DRIVE,2,20.0
141604,1,4,160,5,1,50.0,0,N,LARGE_PROVINCIAL_CITIES,STREET,2,11.0
141605,6,2,174,5,1,60.0,0,N,MELB_URBAN,ROAD,2,13.0
141606,1,4,120,5,1,60.0,0,N,MELB_URBAN,ROAD,2,12.0
141607,1,5,130,2,1,60.0,0,I,MELB_URBAN,ROAD,1,18.0
141608,2,4,102,1,1,60.0,0,N,MELB_URBAN,ROAD,2,13.0
141609,6,5,174,3,9,60.0,0,N,MELB_URBAN,ROAD,2,17.0
141610,1,5,121,2,1,70.0,0,I,MELB_URBAN,ROAD,1,18.0
141611,1,3,130,5,1,80.0,0,N,MELB_URBAN,RAMP,2,10.0
141612,1,6,111,1,1,80.0,0,I,RURAL_VICTORIA,ROAD,1,15.0
141613,1,2,110,1,1,40.0,0,I,MELB_URBAN,STREET,2,12.0
141614,1,3,120,5,1,100.0,0,N,RURAL_VICTORIA,ROAD,2,12.0
141615,1,3,120,5,1,60.0,0,N,MELB_URBAN,DRIVE,2,12.0
141616,2,3,102,5,1,40.0,0,N,SMALL_CITIES,STREET,2,15.0
141617,1,3,130,2,1,60.0,0,I,MELB_URBAN,STREET,2,8.0
141618,1,4,121,2,1,60.0,0,I,MELB_URBAN,STREET,2,16.0
141619,1,4,99,5,1,50.0,0,N,MELB_URBAN,DRIVE,2,16.0
141620,6,6,174,5,1,100.0,0,N,RURAL_VICTORIA,HIGHWAY,2,14.0
141621,1,0,130,5,1,70.0,0,N,MELB_URBAN,ROAD,2,18.0
141622,1,1,130,5,1,60.0,0,N,MELB_URBAN,ROAD,2,7.0
141623,1,3,113,4,1,80.0,0,I,MELB_URBAN,RAMP,2,18.0
141624,4,3,171,5,1,40.0,0,N,MELB_URBAN,ROAD,2,19.0
141625,1,3,147,5,3,60.0,0,I,LARGE_PROVINCIAL_CITIES,HIGHWAY,2,20.0
141626,1,3,130,5,1,60.0,0,N,MELB_URBAN,ROAD,2,18.0
141627,1,2,121,1,3,60.0,0,I,MELB_URBAN,ROAD,2,23.0
141628,4,4,181,5,5,100.0,0,N,RURAL_VICTORIA,ROAD,2,1.0
141629,1,5,130,5,1,80.0,0,N,MELB_URBAN,FREEWAY,2,16.0
141630,1,3,130,4,1,60.0,0,I,MELB_URBAN,ROAD,2,10.0
141631,4,5,171,5,1,60.0,0,N,MELB_URBAN,PARADE,1,18.0
141632,1,5,140,5,1,60.0,0,N,LARGE_PROVINCIAL_CITIES,STREET,1,10.0
141633,1,5,121,2,1,60.0,0,I,MELB_URBAN,STREET,2,9.0
141634,1,1,160,5,1,50.0,0,N,SMALL_CITIES,STREET,12,16.0
141635,1,5,183,5,1,80.0,0,N,MELB_URBAN,UNKNOWN,2,8.0
141636,3,4,167,5,1,80.0,0,N,RURAL_VICTORIA,OTHER,2,10.0
141637,1,3,147,5,1,50.0,0,N,RURAL_VICTORIA,ROAD,2,19.0
141638,1,4,110,1,1,50.0,0,I,TOWNS,AVENUE,2,11.0
141639,6,3,174,2,1,60.0,0,I,MELB_URBAN,ROAD,2,17.0
141640,3,7,167,5,5,100.0,0,N,RURAL_VICTORIA,ROAD,2,5.0
141641,1,4,113,2,1,60.0,0,I,MELB_URBAN,PARADE,2,9.0
141642,8,4,170,5,1,60.0,0,N,MELB_URBAN,STREET,2,13.0
141643,1,4,130,5,1,60.0,0,N,MELB_URBAN,ROAD,2,12.0
141644,1,2,130,5,9,100.0,0,N,MELB_URBAN,ROAD,2,17.0
141645,1,5,99,1,1,40.0,0,N,MELBOURNE_CBD,STREET,2,12.0
141646,8,1,174,1,1,60.0,0,N,MELB_URBAN,STREET,1,13.0
141647,2,4,100,1,1,40.0,0,N,MELBOURNE_CBD,STREET,2,8.0
141648,1,6,99,5,1,40.0,0,N,MELB_URBAN,OTHER,2,8.0
141649,3,2,167,5,5,100.0,0,N,RURAL_VICTORIA,ROAD,2,21.0
141650,1,4,110,1,1,50.0,0,I,MELB_URBAN,DRIVE,2,14.0
141651,1,3,130,5,9,70.0,0,N,LARGE_PROVINCIAL_CITIES,STREET,2,16.0
141652,4,3,171,5,2,80.0,0,N,MELB_URBAN,ROAD,2,21.0
141653,4,1,181,5,1,80.0,0,N,RURAL_VICTORIA,ROAD,2,8.0
141654,1,4,121,1,1,60.0,0,N,MELB_URBAN,ROAD,2,15.0
141655,1,5,140,5,1,60.0,0,N,MELB_URBAN,ROAD,2,16.0
141656,1,5,113,2,1,60.0,0,I,MELB_URBAN,ROAD,2,16.0
141657,1,5,130,5,1,100.0,0,N,MELB_URBAN,ROAD,2,16.0
141658,1,5,130,1,1,40.0,0,N,MELB_URBAN,ROAD,2,16.0
141659,8,4,174,2,1,40.0,0,N,MELB_URBAN,STREET,2,17.0
141660,1,3,147,5,1,60.0,0,N,SMALL_CITIES,STREET,2,13.0
141661,1,4,111,1,3,80.0,0,I,RURAL_VICTORIA,ROAD,2,22.0
141662,4,5,183,5,1,100.0,0,N,RURAL_VICTORIA,HIGHWAY,2,14.0
141663,1,3,147,5,1,60.0,0,N,MELB_URBAN,PARADE,2,17.0
141664,1,1,113,2,1,70.0,0,I,SMALL_CITIES,BOULEVARD,1,15.0
141665,1,5,113,2,1,80.0,1,I,MELB_URBAN,HIGHWAY,2,17.0
141666,6,5,99,2,1,60.0,0,I,MELB_URBAN,ROAD,2,19.0
141667,1,4,120,2,3,40.0,0,I,MELB_URBAN,STREET,2,23.0
141668,4,6,99,1,3,70.0,0,N,LARGE_PROVINCIAL_CITIES,STREET,2,2.0
141669,1,5,99,1,2,50.0,0,I,MELB_URBAN,HIGHWAY,2,6.0
141670,1,5,121,1,1,80.0,0,N,MELB_URBAN,RAMP,2,7.0
141671,8,7,99,5,1,50.0,0,N,MELB_URBAN,ROAD,12,15.0
141672,1,4,116,2,1,40.0,0,I,MELB_URBAN,STREET,11,11.0
141673,6,1,184,5,1,100.0,0,N,RURAL_VICTORIA,ROAD,2,15.0
141674,1,1,130,5,1,60.0,0,I,MELB_URBAN,DRIVE,1,13.0
141675,1,5,130,2,1,80.0,0,I,MELB_URBAN,ROAD,2,7.0
141676,1,6,111,1,1,80.0,0,I,MELB_URBAN,HIGHWAY,2,6.0
141677,1,3,120,5,6,60.0,0,N,MELB_URBAN,OTHER,2,22.0
141678,1,6,110,1,1,100.0,0,I,RURAL_VICTORIA,ROAD,2,11.0
141679,1,5,130,4,1,60.0,0,I,MELB_URBAN,ROAD,2,16.0