,accident_type,day_of_week,dca_code,road_geometry,light_condition,speed_zone,severity,node_type,deg_urban_name,road_type,month,hour
141680,1,6,130,5,1,40.0,0,N,MELBOURNE_CBD,STREET,2,10.0
141681,4,5,181,5,1,100.0,0,N,RURAL_VICTORIA,ROAD,2,8.0
141682,8,6,170,5,1,60.0,0,N,LARGE_PROVINCIAL_CITIES,STREET,2,12.0
141683,1,3,121,1,1,60.0,0,I,MELB_URBAN,STREET,2,16.0
141684,6,6,174,5,1,100.0,0,N,RURAL_VICTORIA,ROAD,2,10.0
141685,6,2,174,3,1,60.0,0,I,RURAL_VICTORIA,OTHER,2,13.0
141686,4,5,173,5,1,50.0,0,N,RURAL_VICTORIA,ROAD,2,11.0
141687,1,4,147,5,1,60.0,0,N,MELB_URBAN,ROAD,12,16.0
141688,1,6,121,2,1,70.0,0,I,MELB_URBAN,ROAD,2,15.0
141689,1,6,121,2,1,60.0,0,I,TOWNS,HIGHWAY,2,15.0
141690,5,6,99,5,1,60.0,0,N,RURAL_VICTORIA,ROAD,2,13.0
141691,1,6,113,2,1,100.0,0,I,RURAL_VICTORIA,ROAD,2,15.0
141692,1,6,130,5,1,80.0,0,N,RURAL_VICTORIA,ROAD,2,15.0
141693,1,4,99,2,1,50.0,0,N,MELB_URBAN,STREET,2,8.0
141694,1,3,121,1,1,60.0,0,I,MELB_URBAN,STREET,1,11.0
141695,8,6,170,1,1,40.0,0,I,MELBOURNE_CBD,STREET,2,17.0
141696,1,5,130,4,1,60.0,0,I,MELB_URBAN,ROAD,2,8.0
141697,6,6,99,5,1,60.0,0,N,MELB_URBAN,ROAD,2,15.0
141698,1,6,132,5,1,100.0,0,N,RURAL_VICTORIA,ROAD,2,16.0
141699,1,6,133,5,1,70.0,0,N,LARGE_PROVINCIAL_CITIES,ROAD,2,16.0
141700,1,4,130,5,1,70.0,0,N,MELB_URBAN,OTHER,2,15.0
141701,1,2,99,5,1,60.0,0,N,MELB_URBAN,STREET,2,16.0
141702,8,3,174,5,1,60.0,0,N,MELB_URBAN,ROAD,2,12.0
141703,1,6,121,2,1,60.0,0,I,MELB_URBAN,ROAD,2,19.0
141704,1,6,135,5,2,60.0,0,N,MELB_URBAN,HIGHWAY,2,18.0
141705,1,4,130,5,3,80.0,0,N,MELB_URBAN,ROAD,2,21.0
141706,1,7,130,5,1,50.0,0,N,MELB_URBAN,ROAD,1,13.0
141707,1,6,99,5,1,60.0,0,N,MELB_URBAN,ROAD,2,18.0
141708,1,6,121,1,3,60.0,0,I,MELB_URBAN,ROAD,2,21.0
141709,1,6,99,5,1,60.0,0,N,MELB_URBAN,OTHER,2,14.0
141710,4,6,173,5,1,60.0,0,N,RURAL_VICTORIA,ROAD,2,19.0
141711,1,4,121,1,1,70.0,0,I,MELB_URBAN,ROAD,12,9.0
141712,2,5,102,5,3,60.0,0,N,SMALL_CITIES,STREET,2,23.0
141713,9,6,99,2,3,60.0,0,I,SMALL_CITIES,STREET,2,23.0
141714,4,7,171,5,3,60.0,0,N,MELB_URBAN,ROAD,2,2.0
141715,1,5,110,1,1,40.0,0,I,MELB_URBAN,STREET,2,7.0
141716,1,6,110,1,1,50.0,0,I,MELB_URBAN,STREET,2,9.0
141717,6,1,99,5,1,60.0,0,N,RURAL_VICTORIA,ROAD,12,12.0
141718,4,7,173,5,1,60.0,0,N,MELB_URBAN,ROAD,2,9.0
141719,4,6,171,5,1,50.0,0,O,MELB_URBAN,UNKNOWN,2,11.0
141720,1,7,116,1,1,100.0,0,I,RURAL_VICTORIA,HIGHWAY,2,10.0
141721,1,7,132,2,1,60.0,0,I,MELB_URBAN,ROAD,2,10.0
141722,1,7,130,5,1,80.0,0,N,MELB_URBAN,HIGHWAY,2,6.0
141723,6,7,184,2,3,80.0,0,I,RURAL_VICTORIA,AVENUE,2,4.0
141724,1,6,110,1,1,60.0,0,I,MELB_URBAN,ROAD,2,10.0
141725,1,7,99,5,1,60.0,0,N,MELB_URBAN,ROAD,2,13.0
141726,1,6,132,4,1,60.0,0,I,MELB_URBAN,ROAD,2,13.0
141727,4,7,173,5,1,60.0,0,N,RURAL_VICTORIA,ROAD,2,13.0
141728,4,6,171,2,1,60.0,0,N,LARGE_PROVINCIAL_CITIES,ROAD,2,10.0
141729,1,5,110,1,1,60.0,0,I,MELB_URBAN,ROAD,12,18.0
141730,1,7,121,1,1,70.0,0,I,MELB_URBAN,ROAD,2,6.0
141731,1,6,110,1,1,60.0,0,I,SMALL_CITIES,STREET,2,14.0
141732,4,7,171,5,1,60.0,0,N,MELB_URBAN,ROAD,2,13.0
141733,1,7,110,1,1,70.0,0,I,SMALL_CITIES,ROAD,2,14.0
141734,6,7,174,5,1,60.0,0,N,MELB_URBAN,ROAD,2,13.0
141735,1,7,113,2,1,100.0,0,I,RURAL_VICTORIA,HIGHWAY,2,15.0
141736,8,1,99,5,1,80.0,0,N,RURAL_VICTORIA,ROAD,2,12.0
141737,1,3,110,1,1,70.0,0,I,MELB_URBAN,ROAD,2,18.0
141738,1,6,99,5,3,50.0,0,N,RURAL_VICTORIA,ROAD,2,23.0
141739,1,7,120,5,1,80.0,0,N,RURAL_VICTORIA,ROAD,2,17.0
141740,1,7,116,2,1,50.0,0,I,MELB_URBAN,AVENUE,2,17.0
141741,6,7,99,5,1,100.0,0,N,RURAL_VICTORIA,ROAD,2,17.0
141742,1,0,130,5,9,60.0,0,N,MELB_URBAN,FREEWAY,2,15.0
141743,4,7,183,2,1,100.0,0,N,RURAL_VICTORIA,ROAD,2,17.0
141744,4,6,171,5,1,50.0,0,N,RURAL_VICTORIA,OTHER,2,18.0
141745,1,7,130,5,1,100.0,1,N,RURAL_VICTORIA,ROAD,2,8.0
141746,4,7,173,5,1,100.0,0,N,RURAL_VICTORIA,ROAD,2,17.0
141747,4,7,173,1,3,80.0,0,I,MELB_URBAN,HIGHWAY,2,21.0
141748,4,6,171,5,1,50.0,0,N,TOWNS,STREET,2,20.0
141749,4,6,99,2,3,60.0,0,I,MELB_URBAN,ROAD,2,23.0
141750,1,7,121,2,3,50.0,1,I,MELB_URBAN,STREET,2,20.0
141751,4,1,181,5,5,70.0,0,N,MELB_URBAN,DRIVE,2,1.0
141752,4,7,171,5,5,100.0,1,N,RURAL_VICTORIA,ROAD,2,23.0
141753,4,0,171,5,3,50.0,0,N,MELB_URBAN,OTHER,2,0.0
141754,4,0,171,2,3,50.0,0,I,MELB_URBAN,STREET,2,3.0
141755,1,1,113,1,1,80.0,0,I,MELB_URBAN,ROAD,2,7.0
141756,1,0,121,2,1,80.0,0,I,MELB_URBAN,HIGHWAY,2,10.0
141757,1,1,120,5,1,60.0,0,N,MELB_URBAN,ROAD,2,10.0
141758,4,7,171,3,1,60.0,0,I,MELB_URBAN,HIGHWAY,2,16.0
141759,1,1,113,3,1,70.0,0,I,MELB_URBAN,STREET,2,9.0
141760,1,0,130,5,1,80.0,0,N,MELB_URBAN,ROAD,2,12.0
141761,1,1,140,5,1,60.0,0,N,MELB_URBAN,ROAD,2,11.0
141762,1,0,130,5,3,60.0,0,N,MELB_URBAN,ROAD,2,2.0
141763,1,0,130,5,1,100.0,0,N,MELB_URBAN,FREEWAY,2,11.0
141764,1,0,160,2,1,50.0,0,I,MELB_URBAN,ROAD,2,8.0
141765,1,0,121,1,1,80.0,0,I,MELB_URBAN,HIGHWAY,2,13.0
141766,1,0,110,1,1,60.0,0,I,MELB_URBAN,STREET,2,14.0
141767,1,3,110,1,1,80.0,0,I,RURAL_VICTORIA,HIGHWAY,2,7.0
141768,1,2,130,5,1,60.0,0,N,RURAL_VICTORIA,HIGHWAY,12,11.0
141769,1,0,130,2,1,60.0,0,I,MELB_URBAN,ROAD,2,15.0
141770,4,1,171,2,1,60.0,0,N,LARGE_PROVINCIAL_CITIES,ROAD,2,8.0
141771,1,0,110,1,1,50.0,0,I,MELB_URBAN,AVENUE,2,15.0
141772,4,1,183,5,1,60.0,1,N,RURAL_VICTORIA,ROAD,2,14.0
141773,1,1,113,2,2,50.0,0,I,MELB_URBAN,OTHER,2,6.0
141774,2,7,102,5,1,60.0,0,N,SMALL_CITIES,ROAD,2,12.0
141775,1,1,99,2,2,100.0,0,N,RURAL_VICTORIA,HIGHWAY,2,18.0
141776,1,1,120,5,1,80.0,1,N,RURAL_VICTORIA,ROAD,2,14.0
141777,1,1,160,5,1,100.0,0,N,RURAL_VICTORIA,ROAD,2,13.0
141778,1,0,130,5,2,60.0,0,N,RURAL_VICTORIA,BOULEVARD,2,18.0
141779,4,1,181,5,1,50.0,0,N,MELB_URBAN,OTHER,2,14.0
141780,1,1,121,1,3,60.0,0,I,MELB_URBAN,HIGHWAY,2,21.0
141781,8,0,99,5,2,60.0,0,N,RURAL_VICTORIA,BOULEVARD,2,20.0
141782,1,0,147,2,3,70.0,0,I,MELB_URBAN,ROAD,2,23.0
141783,1,2,110,1,3,40.0,0,I,MELB_URBAN,OTHER,2,1.0
141784,4,1,171,5,3,80.0,0,N,MELB_URBAN,ROAD,2,6.0
141785,1,7,130,5,1,60.0,0,N,MELB_URBAN,ROAD,2,8.0
141786,1,3,121,4,1,60.0,0,I,MELB_URBAN,ROAD,2,18.0
141787,4,1,183,5,5,100.0,0,N,RURAL_VICTORIA,ROAD,2,5.0
141788,1,5,99,5,1,80.0,0,N,MELB_URBAN,HIGHWAY,1,17.0
141789,1,2,121,2,1,60.0,0,I,MELB_URBAN,ROAD,2,7.0
141790,1,2,121,1,1,40.0,0,I,MELB_URBAN,STREET,2,9.0
141791,1,2,120,5,1,60.0,0,N,RURAL_VICTORIA,BOULEVARD,2,8.0
141792,1,0,130,5,1,60.0,0,N,MELB_URBAN,STREET,2,7.0
141793,1,5,130,1,1,60.0,0,I,MELB_URBAN,ROAD,2,8.0
141794,1,1,121,1,1,70.0,0,I,MELB_URBAN,OTHER,2,11.0
141795,1,1,110,4,1,80.0,0,I,RURAL_VICTORIA,ROAD,2,12.0
141796,6,2,174,5,1,60.0,0,N,RURAL_VICTORIA,ROAD,2,15.0
141797,4,1,171,5,1,100.0,0,N,RURAL_VICTORIA,ROAD,2,14.0
141798,8,6,174,2,1,40.0,0,I,MELB_URBAN,STREET,1,16.0
141799,4,0,171,5,1,60.0,0,N,RURAL_VICTORIA,ROAD,1,14.0
141800,4,5,171,5,3,70.0,0,N,RURAL_VICTORIA,ROAD,2,23.0
141801,1,6,130,5,1,70.0,0,N,MELB_URBAN,HIGHWAY,2,16.0
141802,4,4,171,5,1,100.0,0,N,RURAL_VICTORIA,ROAD,2,15.0
141803,1,2,121,2,1,60.0,0,I,MELB_URBAN,ROAD,2,12.0
141804,5,1,99,2,1,60.0,0,N,MELB_URBAN,ROAD,2,10.0
141805,1,2,121,5,1,50.0,0,N,MELB_URBAN,DRIVE,2,7.0
141806,1,2,140,1,1,40.0,0,I,MELB_URBAN,STREET,2,15.0
141807,1,7,130,2,1,60.0,0,I,MELB_URBAN,ROAD,1,16.0
141808,6,2,184,4,1,80.0,0,N,MELB_URBAN,HIGHWAY,2,15.0
141809,1,1,120,5,1,50.0,0,N,TOWNS,OTHER,2,15.0
141810,1,1,99,5,1,100.0,0,N,RURAL_VICTORIA,HIGHWAY,2,7.0
141811,1,1,130,5,1,50.0,0,N,MELB_URBAN,STREET,2,15.0
141812,2,2,99,5,1,60.0,0,N,MELB_URBAN,ROAD,2,16.0
141813,1,2,173,5,1,60.0,0,N,MELB_URBAN,ROAD,2,15.0
141814,1,2,113,2,1,70.0,0,I,LARGE_PROVINCIAL_CITIES,OTHER,2,17.0
141815,1,1,113,2,1,60.0,0,I,RURAL_VICTORIA,ROAD,2,16.0
141816,1,2,130,5,1,60.0,0,N,LARGE_PROVINCIAL_CITIES,ROAD,2,16.0
141817,1,2,99,5,1,40.0,0,N,MELB_URBAN,ROAD,2,17.0
141818,4,1,99,5,1,50.0,0,N,SMALL_CITIES,STREET,2,15.0
141819,4,2,183,5,1,80.0,0,N,RURAL_VICTORIA,ROAD,2,17.0
141820,1,2,99,1,1,60.0,0,I,MELB_URBAN,ROAD,2,7.0
141821,1,2,132,2,1,60.0,0,I,LARGE_PROVINCIAL_CITIES,ROAD,2,15.0
141822,1,2,120,5,2,60.0,0,N,LARGE_PROVINCIAL_CITIES,ROAD,2,19.0
141823,1,7,99,2,1,40.0,0,I,MELB_URBAN,ROAD,8,12.0
141824,1,2,160,5,1,60.0,0,N,MELB_URBAN,ROAD,2,16.0
141825,1,1,110,1,1,60.0,0,N,TOWNS,ROAD,2,17.0
141826,1,1,110,1,1,80.0,0,I,LARGE_PROVINCIAL_CITIES,HIGHWAY,2,17.0
141827,1,1,113,2,1,60.0,0,I,RURAL_VICTORIA,AVENUE,2,14.0
141828,1,2,121,1,1,80.0,0,I,MELB_URBAN,ROAD,2,16.0
141829,8,2,170,5,3,50.0,0,N,MELB_URBAN,DRIVE,2,22.0
141830,4,2,171,5,1,60.0,0,N,LARGE_PROVINCIAL_CITIES,STREET,12,16.0
141831,1,1,113,4,1,80.0,0,I,RURAL_VICTORIA,RAMP,2,18.0
141832,3,3,167,5,3,60.0,0,N,LARGE_PROVINCIAL_CITIES,PARADE,2,3.0
141833,1,2,110,1,3,60.0,0,N,MELB_URBAN,STREET,2,2.0
141834,1,2,121,2,1,60.0,0,N,MELB_URBAN,ROAD,2,8.0
141835,1,7,133,2,1,80.0,0,N,MELB_URBAN,STREET,10,8.0
141836,1,2,110,1,1,60.0,0,I,SMALL_CITIES,STREET,2,12.0
141837,1,1,130,5,1,80.0,0,N,MELB_URBAN,FREEWAY,2,8.0
141838,1,1,121,2,1,60.0,0,I,MELB_URBAN,ROAD,2,14.0
141839,2,3,99,6,5,50.0,0,N,MELB_URBAN,AVENUE,2,5.0
141840,1,3,110,1,1,50.0,0,I,LARGE_PROVINCIAL_CITIES,STREET,2,9.0
141841,3,3,167,3,5,60.0,0,I,RURAL_VICTORIA,OTHER,10,21.0
141842,1,1,132,2,1,50.0,0,I,TOWNS,STREET,2,10.0
141843,5,7,99,5,1,80.0,0,N,RURAL_VICTORIA,ROAD,2,14.0
141844,1,6,130,2,6,60.0,0,N,RURAL_VICTORIA,RAMP,2,22.0
141845,1,5,99,1,1,40.0,0,I,MELBOURNE_CBD,STREET,1,11.0
141846,1,2,121,1,1,60.0,0,I,SMALL_CITIES,ROAD,2,17.0
141847,6,3,99,5,1,100.0,0,N,RURAL_VICTORIA,ROAD,2,11.0
141848,1,3,120,5,2,100.0,1,N,RURAL_VICTORIA,HIGHWAY,2,6.0
141849,1,1,99,5,9,60.0,0,N,MELB_URBAN,ROAD,12,17.0
141850,1,3,130,2,1,80.0,0,N,MELB_URBAN,HIGHWAY,1,8.0
141851,2,3,99,1,1,60.0,0,I,MELB_URBAN,ROAD,2,18.0
141852,1,2,113,2,9,40.0,0,I,MELB_URBAN,ROAD,2,20.0
141853,1,3,140,5,1,40.0,0,N,MELB_URBAN,STREET,2,16.0
141854,1,3,120,2,1,100.0,0,I,RURAL_VICTORIA,ROAD,2,16.0
141855,1,3,110,1,1,100.0,1,I,RURAL_VICTORIA,HIGHWAY,2,12.0
141856,1,3,110,1,1,60.0,0,I,MELB_URBAN,HIGHWAY,2,17.0
141857,6,5,99,5,1,70.0,0,N,RURAL_VICTORIA,ROAD,1,17.0
141858,1,6,99,5,2,50.0,0,N,MELB_URBAN,AVENUE,1,16.0
141859,6,3,99,1,2,60.0,0,I,MELB_URBAN,AVENUE,2,19.0
141860,1,3,99,1,1,60.0,0,I,MELB_URBAN,ROAD,1,7.0
141861,2,3,100,4,2,60.0,0,I,MELB_URBAN,ROAD,2,20.0
141862,8,2,99,5,1,80.0,0,N,RURAL_VICTORIA,ROAD,2,20.0
141863,1,1,130,1,2,60.0,0,I,SMALL_CITIES,ROAD,2,18.0
141864,1,2,130,5,1,60.0,0,N,MELB_URBAN,ROAD,2,14.0
141865,3,3,167,5,5,60.0,0,N,MELB_URBAN,ROAD,2,20.0
141866,1,6,113,1,1,60.0,0,I,SMALL_CITIES,ROAD,2,15.0
141867,2,3,100,1,3,60.0,0,I,MELB_URBAN,ROAD,2,22.0
141868,1,3,99,5,1,60.0,0,N,MELB_URBAN,STREET,2,19.0
141869,1,2,132,5,1,70.0,0,N,TOWNS,ROAD,2,9.0
141870,4,3,173,5,5,100.0,0,N,RURAL_VICTORIA,HIGHWAY,2,4.0
141871,1,4,133,5,1,40.0,0,N,MELBOURNE_CBD,STREET,2,10.0
141872,1,4,130,5,1,60.0,0,N,MELB_URBAN,ROAD,2,7.0
141873,1,4,99,4,1,110.0,0,I,RURAL_VICTORIA,FREEWAY,2,8.0
141874,1,1,110,1,3,60.0,0,I,MELB_URBAN,ROAD,2,6.0
141875,1,4,130,5,1,80.0,0,N,RURAL_VICTORIA,ROAD,2,6.0
141876,1,2,130,1,1,70.0,0,N,MELB_URBAN,ROAD,2,15.0
141877,8,2,99,5,1,70.0,0,N,LARGE_PROVINCIAL_CITIES,HIGHWAY,2,19.0
141878,1,4,110,1,1,60.0,0,I,MELB_URBAN,ROAD,2,9.0
141879,3,2,167,5,5,60.0,0,N,RURAL_VICTORIA,STREET,2,21.0
141880,1,0,121,2,1,60.0,0,I,MELB_URBAN,BOULEVARD,2,16.0
141881,1,2,130,1,1,80.0,0,I,MELB_URBAN,HIGHWAY,2,19.0
141882,1,5,130,5,1,60.0,0,N,RURAL_VICTORIA,ROAD,2,10.0
141883,7,5,99,5,1,60.0,0,N,MELB_URBAN,ROAD,2,13.0
141884,1,4,135,5,1,100.0,0,N,MELB_URBAN,ROAD,2,8.0
141885,1,3,99,1,1,40.0,0,I,MELB_URBAN,STREET,2,17.0
141886,1,2,99,5,1,70.0,0,I,MELB_URBAN,STREET,2,7.0
141887,1,5,110,1,1,60.0,0,I,MELB_URBAN,OTHER,1,17.0
141888,1,2,110,1,3,60.0,0,I,MELB_URBAN,ROAD,2,22.0
141889,1,4,110,1,1,100.0,1,I,RURAL_VICTORIA,STREET,2,7.0
141890,8,5,184,1,3,80.0,0,N,MELB_URBAN,HIGHWAY,1,21.0
141891,1,7,160,5,3,50.0,0,N,LARGE_PROVINCIAL_CITIES,ROAD,12,0.0
141892,1,4,132,2,1,60.0,0,I,MELB_URBAN,ROAD,2,8.0
141893,6,1,174,2,1,80.0,0,I,RURAL_VICTORIA,ROAD,2,11.0
141894,2,4,102,2,1,60.0,0,N,MELB_URBAN,STREET,2,12.0
141895,4,6,171,5,1,100.0,0,N,RURAL_VICTORIA,ROAD,11,12.0
141896,1,4,99,5,1,70.0,0,N,SMALL_CITIES,PARADE,2,12.0
141897,1,3,121,2,1,60.0,0,I,MELB_URBAN,STREET,2,16.0
141898,1,2,133,5,1,80.0,0,N,MELB_URBAN,HIGHWAY,2,7.0
141899,1,2,130,5,1,50.0,0,N,MELB_URBAN,OTHER,2,18.0
141900,6,6,184,5,1,60.0,0,N,RURAL_VICTORIA,ROAD,2,10.0
141901,4,4,181,5,1,60.0,0,N,TOWNS,ROAD,2,14.0
141902,1,2,130,1,1,60.0,0,I,MELB_URBAN,BOULEVARD,1,19.0
141903,5,4,99,4,1,80.0,0,N,RURAL_VICTORIA,RAMP,2,14.0
141904,1,5,121,2,1,100.0,0,I,RURAL_VICTORIA,HIGHWAY,2,16.0
141905,4,3,173,5,1,100.0,0,N,RURAL_VICTORIA,ROAD,2,15.0
141906,1,3,130,5,1,60.0,0,N,RURAL_VICTORIA,ROAD,2,15.0
141907,1,2,160,5,1,60.0,0,N,MELB_URBAN,STREET,2,19.0
141908,1,3,99,5,1,60.0,0,N,MELB_URBAN,STREET,2,16.0
141909,1,3,99,1,1,60.0,0,I,MELB_URBAN,ROAD,2,18.0
141910,1,2,120,5,1,60.0,0,N,MELB_URBAN,ROAD,2,14.0
141911,1,3,110,1,1,60.0,0,I,LARGE_PROVINCIAL_CITIES,STREET,2,18.0
141912,1,3,130,5,1,80.0,0,N,MELB_URBAN,FREEWAY,2,17.0
141913,6,4,170,5,2,50.0,0,N,MELB_URBAN,DRIVE,2,19.0
141914,1,4,130,5,1,100.0,0,N,MELB_URBAN,FREEWAY,2,19.0
141915,1,3,133,5,1,100.0,0,N,MELB_URBAN,FREEWAY,2,19.0
141916,1,4,110,1,1,50.0,0,I,RURAL_VICTORIA,OTHER,2,16.0
141917,1,4,113,2,1,80.0,0,I,RURAL_VICTORIA,ROAD,2,16.0
141918,1,6,130,5,1,80.0,0,N,RURAL_VICTORIA,ROAD,2,6.0
141919,1,3,130,5,3,80.0,0,N,MELB_URBAN,RAMP,2,22.0
141920,1,4,120,5,3,80.0,0,N,RURAL_VICTORIA,ROAD,2,22.0
141921,4,4,181,5,5,100.0,0,N,RURAL_VICTORIA,ROAD,2,22.0
141922,1,4,121,2,1,40.0,0,I,MELB_URBAN,ROAD,2,6.0
141923,1,5,111,1,1,60.0,0,I,LARGE_PROVINCIAL_CITIES,STREET,2,8.0
141924,1,6,99,2,2,50.0,0,I,MELB_URBAN,OTHER,1,6.0
141925,2,4,100,5,1,50.0,0,N,MELB_URBAN,ROAD,2,8.0
141926,1,5,121,2,1,70.0,0,N,MELB_URBAN,STREET,2,9.0
141927,4,5,183,5,1,100.0,0,N,RURAL_VICTORIA,ROAD,2,9.0
141928,1,1,130,5,1,60.0,0,N,LARGE_PROVINCIAL_CITIES,ROAD,2,17.0
141929,1,2,99,2,1,60.0,0,I,MELB_URBAN,ROAD,11,10.0
141930,1,5,130,5,1,70.0,0,N,MELB_URBAN,ROAD,2,17.0
141931,1,5,140,5,1,40.0,0,N,MELBOURNE_CBD,STREET,2,11.0
141932,1,4,130,2,1,60.0,0,I,MELB_URBAN,AVENUE,2,9.0
141933,4,5,181,5,1,100.0,0,N,RURAL_VICTORIA,ROAD,2,9.0
141934,1,5,99,2,1,50.0,0,N,MELB_URBAN,STREET,2,16.0
141935,5,4,99,4,1,60.0,0,I,RURAL_VICTORIA,ROAD,2,16.0
141936,1,5,132,2,1,80.0,0,I,RURAL_VICTORIA,ROAD,2,11.0
141937,1,1,160,5,2,60.0,0,N,MELB_URBAN,ROAD,2,20.0
141938,1,4,121,4,1,80.0,0,I,MELB_URBAN,FREEWAY,2,9.0
141939,8,1,184,5,1,60.0,0,N,RURAL_VICTORIA,ROAD,2,12.0
141940,1,4,130,5,1,60.0,0,I,MELB_URBAN,HIGHWAY,2,14.0
141941,1,1,99,5,9,60.0,0,N,MELB_URBAN,ROAD,1,10.0
141942,1,4,121,2,1,40.0,0,I,SMALL_CITIES,STREET,2,17.0
141943,1,3,99,2,2,60.0,0,I,RURAL_VICTORIA,ROAD,1,23.0
141944,2,1,99,5,2,60.0,0,N,MELB_URBAN,OTHER,1,20.0
141945,1,1,130,5,1,50.0,0,N,MELB_URBAN,UNKNOWN,2,12.0
141946,2,4,102,1,1,60.0,0,I,MELB_URBAN,ROAD,2,10.0
141947,1,1,130,1,9,60.0,0,I,MELB_URBAN,ROAD,1,11.0
141948,4,5,171,5,1,50.0,0,N,RURAL_VICTORIA,ROAD,2,11.0
141949,1,4,160,2,1,50.0,0,N,MELB_URBAN,ROAD,2,13.0
141950,1,4,130,1,1,60.0,0,I,MELB_URBAN,STREET,2,13.0
141951,1,2,99,1,3,40.0,0,I,MELB_URBAN,STREET,2,23.0
141952,1,4,110,1,1,60.0,0,I,MELB_URBAN,ROAD,2,14.0
141953,4,5,171,5,1,100.0,0,N,RURAL_VICTORIA,ROAD,2,12.0
141954,1,5,111,2,1,60.0,0,I,MELB_URBAN,ROAD,2,14.0
141955,1,1,130,5,5,100.0,0,N,RURAL_VICTORIA,ROAD,8,19.0
141956,1,5,121,2,1,60.0,0,I,MELB_URBAN,ROAD,2,15.0
141957,4,5,171,2,1,50.0,0,I,MELB_URBAN,DRIVE,2,11.0
141958,5,7,99,5,1,60.0,0,N,RURAL_VICTORIA,ROAD,2,10.0
141959,1,5,99,5,1,60.0,0,N,MELB_URBAN,ROAD,2,15.0
141960,1,5,99,5,1,50.0,0,N,SMALL_CITIES,STREET,2,13.0
141961,1,4,130,5,1,50.0,0,N,MELB_URBAN,ROAD,2,15.0
141962,1,3,130,4,1,60.0,0,N,MELB_URBAN,RAMP,2,17.0
141963,1,4,121,2,1,60.0,0,I,MELB_URBAN,STREET,2,17.0
141964,6,4,99,5,1,100.0,0,N,RURAL_VICTORIA,HIGHWAY,2,14.0
141965,1,5,130,5,1,80.0,0,N,MELB_URBAN,ROAD,2,17.0
141966,1,5,99,1,1,50.0,0,I,MELB_URBAN,STREET,2,16.0
141967,1,5,160,5,1,50.0,0,N,LARGE_PROVINCIAL_CITIES,STREET,2,16.0
141968,1,4,132,1,1,60.0,0,I,MELB_URBAN,STREET,2,17.0
141969,1,4,121,2,1,60.0,0,I,MELB_URBAN,ROAD,2,17.0
141970,1,4,121,5,1,60.0,0,N,MELB_URBAN,ROAD,2,15.0
141971,1,4,130,5,1,70.0,0,N,MELB_URBAN,ROAD,2,19.0
141972,1,5,113,2,1,80.0,0,I,RURAL_VICTORIA,STREET,2,16.0
141973,4,5,171,5,3,100.0,0,N,MELB_URBAN,FREEWAY,2,20.0
141974,4,5,173,5,5,50.0,0,N,MELB_URBAN,ROAD,2,21.0
141975,4,2,171,5,1,80.0,0,N,RURAL_VICTORIA,ROAD,2,17.0
141976,1,5,99,5,1,60.0,0,N,MELB_URBAN,OTHER,2,15.0
141977,1,3,99,2,2,60.0,0,I,MELB_URBAN,STREET,2,18.0
141978,4,6,171,2,3,50.0,0,I,MELB_URBAN,AVENUE,2,0.0
141979,4,5,181,5,5,50.0,0,N,RURAL_VICTORIA,ROAD,2,23.0
141980,4,6,171,5,5,60.0,0,N,RURAL_VICTORIA,HIGHWAY,2,1.0
141981,6,6,170,5,2,100.0,0,N,RURAL_VICTORIA,HIGHWAY,2,6.0
141982,1,0,130,5,5,80.0,0,N,RURAL_VICTORIA,FREEWAY,2,2.0
141983,1,6,113,2,1,60.0,0,I,MELB_URBAN,DRIVE,2,7.0
141984,1,5,116,2,1,70.0,0,N,MELB_URBAN,ROAD,1,19.0
141985,1,3,110,1,1,60.0,0,I,SMALL_CITIES,ROAD,2,9.0
141986,1,1,130,5,1,60.0,0,N,MELB_URBAN,STREET,2,13.0
141987,1,6,147,2,1,70.0,0,I,MELB_URBAN,ROAD,2,9.0
141988,1,5,160,5,1,50.0,0,N,TOWNS,STREET,2,11.0
141989,1,6,121,1,1,50.0,0,I,MELB_URBAN,HIGHWAY,2,11.0
141990,1,1,121,5,1,60.0,0,N,LARGE_PROVINCIAL_CITIES,ROAD,2,15.0
141991,1,3,110,1,1,50.0,0,I,SMALL_CITIES,AVENUE,2,15.0
141992,1,6,130,5,1,80.0,0,N,RURAL_VICTORIA,HIGHWAY,2,10.0
141993,1,6,147,5,1,60.0,0,N,LARGE_PROVINCIAL_CITIES,ROAD,2,12.0
141994,1,5,130,5,1,60.0,0,N,LARGE_PROVINCIAL_CITIES,ROAD,2,12.0
141995,4,5,171,5,1,100.0,0,N,RURAL_VICTORIA,ROAD,2,13.0
141996,4,7,171,1,9,50.0,0,I,RURAL_VICTORIA,DRIVE,11,18.0
141997,1,3,130,1,2,80.0,0,N,MELB_URBAN,ROAD,2,7.0
141998,1,5,116,4,1,50.0,0,N,MELB_URBAN,STREET,2,10.0
141999,1,6,111,2,1,80.0,0,N,MELB_URBAN,ROAD,2,13.0
142000,1,2,130,5,1,100.0,0,N,MELB_URBAN,FREEWAY,2,16.0
142001,1,6,130,5,1,80.0,0,N,LARGE_PROVINCIAL_CITIES,ROAD,2,13.0
142002,5,3,99,5,1,80.0,0,N,RURAL_VICTORIA,ROAD,2,17.0