,accident_type,day_of_week,dca_code,road_geometry,light_condition,speed_zone,severity,node_type,deg_urban_name,road_type,month,hour
142003,6,6,174,5,1,50.0,0,N,MELB_URBAN,STREET,2,13.0
142004,1,6,99,1,1,30.0,0,N,MELB_URBAN,STREET,2,8.0
142005,8,1,174,5,1,40.0,0,N,MELB_URBAN,STREET,2,14.0
142006,1,6,160,5,1,50.0,0,N,SMALL_CITIES,ROAD,2,17.0
142007,1,6,110,1,1,60.0,0,I,LARGE_PROVINCIAL_CITIES,STREET,2,15.0
142008,1,5,121,1,1,40.0,0,I,MELB_URBAN,STREET,2,16.0
142009,1,5,130,4,1,100.0,0,I,MELB_URBAN,UNKNOWN,2,16.0
142010,1,6,130,5,1,100.0,0,N,MELB_URBAN,FREEWAY,2,15.0
142011,1,6,130,5,1,70.0,0,N,MELB_URBAN,ROAD,2,16.0
142012,2,5,100,1,3,70.0,0,I,MELB_URBAN,STREET,2,22.0
142013,1,6,140,5,1,50.0,0,N,MELB_URBAN,BOULEVARD,2,17.0
142014,1,6,130,5,1,60.0,0,N,MELB_URBAN,ROAD,2,16.0
142015,4,6,181,5,1,100.0,0,N,LARGE_PROVINCIAL_CITIES,ROAD,2,15.0
142016,1,3,121,1,1,60.0,0,I,MELB_URBAN,PARADE,2,11.0
142017,1,6,121,1,1,60.0,0,I,TOWNS,ROAD,2,17.0
142018,1,3,130,2,1,50.0,0,N,LARGE_PROVINCIAL_CITIES,STREET,3,17.0
142019,1,5,130,5,1,80.0,0,N,RURAL_VICTORIA,ROAD,2,15.0
142020,1,6,130,4,1,80.0,0,N,MELB_URBAN,RAMP,2,16.0
142021,1,5,110,1,1,50.0,0,I,MELB_URBAN,STREET,2,13.0
142022,1,3,110,1,1,60.0,0,I,MELB_URBAN,STREET,2,17.0
142023,2,6,102,5,3,60.0,0,N,LARGE_PROVINCIAL_CITIES,STREET,2,20.0
142024,1,6,121,2,1,60.0,0,I,MELB_URBAN,ROAD,2,15.0
142025,1,6,160,5,3,50.0,0,N,MELB_URBAN,DRIVE,2,22.0
142026,1,5,132,2,3,60.0,0,N,MELB_URBAN,HIGHWAY,2,21.0
142027,4,6,183,2,1,50.0,0,I,SMALL_CITIES,AVENUE,2,18.0
142028,1,6,113,2,1,60.0,0,I,RURAL_VICTORIA,BOULEVARD,2,15.0
142029,4,6,181,5,1,100.0,0,N,RURAL_VICTORIA,HIGHWAY,2,18.0
142030,4,7,171,5,5,40.0,0,N,RURAL_VICTORIA,ROAD,2,1.0
142031,1,3,121,5,1,50.0,0,N,MELB_URBAN,STREET,2,17.0
142032,6,5,174,5,1,80.0,0,N,RURAL_VICTORIA,ROAD,12,9.0
142033,1,4,113,2,1,80.0,0,I,SMALL_CITIES,AVENUE,1,17.0
142034,6,0,184,5,1,80.0,0,N,RURAL_VICTORIA,ROAD,2,17.0
142035,2,7,99,5,1,40.0,0,N,MELB_URBAN,STREET,2,9.0
142036,8,7,174,5,1,40.0,0,N,MELBOURNE_CBD,STREET,2,9.0
142037,1,6,132,2,1,60.0,0,I,LARGE_PROVINCIAL_CITIES,STREET,2,10.0
142038,6,0,174,5,9,60.0,0,N,MELB_URBAN,ROAD,2,20.0
142039,1,7,130,5,1,60.0,0,N,LARGE_PROVINCIAL_CITIES,STREET,2,10.0
142040,3,7,167,5,1,60.0,0,N,RURAL_VICTORIA,ROAD,2,8.0
142041,1,3,134,5,2,60.0,0,N,MELB_URBAN,ROAD,1,5.0
142042,1,7,132,2,1,70.0,0,I,MELB_URBAN,ROAD,2,10.0
142043,8,7,174,5,1,60.0,0,N,RURAL_VICTORIA,ROAD,2,8.0
142044,1,6,99,5,1,60.0,0,N,MELB_URBAN,STREET,2,9.0
142045,1,7,130,5,1,40.0,0,N,RURAL_VICTORIA,ROAD,2,12.0
142046,1,6,163,1,1,60.0,0,I,MELB_URBAN,ROAD,2,16.0
142047,1,7,130,5,1,60.0,0,N,MELB_URBAN,ROAD,2,13.0
142048,1,7,160,5,1,60.0,0,N,MELB_URBAN,ROAD,2,9.0
142049,1,7,110,1,1,60.0,0,I,LARGE_PROVINCIAL_CITIES,STREET,2,13.0
142050,1,1,130,5,1,80.0,0,N,MELB_URBAN,RAMP,2,17.0
142051,1,7,132,5,1,70.0,0,N,MELB_URBAN,ROAD,2,14.0
142052,1,6,130,5,1,40.0,0,N,MELB_URBAN,AVENUE,2,16.0
142053,1,7,110,1,1,60.0,0,I,LARGE_PROVINCIAL_CITIES,STREET,2,16.0
142054,1,7,110,1,1,100.0,0,I,SMALL_TOWNS,ROAD,2,15.0
142055,4,7,181,5,1,80.0,0,N,RURAL_VICTORIA,ROAD,2,15.0
142056,1,6,135,5,1,80.0,0,N,MELB_URBAN,FREEWAY,2,14.0
142057,1,7,113,2,1,60.0,0,N,MELB_URBAN,ROAD,2,15.0
142058,1,7,113,2,1,100.0,0,I,RURAL_VICTORIA,ROAD,2,16.0
142059,1,7,121,1,1,40.0,0,I,MELB_URBAN,ROAD,2,15.0
142060,1,7,110,1,1,50.0,0,I,LARGE_PROVINCIAL_CITIES,STREET,2,18.0
142061,4,7,171,5,1,100.0,0,N,RURAL_VICTORIA,ROAD,2,17.0
142062,1,7,130,5,1,50.0,0,N,MELB_URBAN,HIGHWAY,2,17.0
142063,1,6,110,1,1,40.0,0,I,MELB_URBAN,ROAD,2,18.0
142064,1,7,130,5,2,80.0,0,N,MELB_URBAN,HIGHWAY,2,19.0
142065,4,7,181,5,1,50.0,0,N,MELB_URBAN,STREET,2,17.0
142066,1,6,110,1,1,60.0,0,I,MELB_URBAN,ROAD,2,15.0
142067,1,6,130,5,3,80.0,0,N,RURAL_VICTORIA,ROAD,2,20.0
142068,8,4,99,2,1,40.0,0,I,MELB_URBAN,STREET,2,8.0
142069,2,6,102,5,3,40.0,0,N,MELB_URBAN,STREET,2,20.0
142070,4,7,173,5,3,50.0,0,N,MELB_URBAN,DRIVE,2,20.0
142071,4,7,99,1,3,40.0,0,N,MELBOURNE_CBD,STREET,2,3.0
142072,1,6,135,1,3,60.0,0,I,MELB_URBAN,ROAD,2,22.0
142073,1,7,130,5,1,60.0,0,N,RURAL_VICTORIA,ROAD,2,16.0
142074,1,5,130,5,9,100.0,0,N,MELB_URBAN,FREEWAY,11,15.0
142075,4,7,181,5,3,50.0,0,N,MELB_URBAN,DRIVE,2,23.0
142076,5,0,173,5,3,70.0,0,N,LARGE_PROVINCIAL_CITIES,ROAD,2,2.0
142077,4,0,181,5,3,60.0,0,N,LARGE_PROVINCIAL_CITIES,ROAD,2,4.0
142078,4,7,173,2,1,50.0,0,I,RURAL_VICTORIA,DRIVE,2,13.0
142079,2,2,99,5,2,60.0,0,N,MELB_URBAN,RAMP,11,20.0
142080,1,1,99,5,1,40.0,0,N,SMALL_CITIES,STREET,2,11.0
142081,1,1,110,1,1,50.0,0,I,MELB_URBAN,AVENUE,2,9.0
142082,6,7,174,1,1,60.0,0,I,TOWNS,STREET,2,16.0
142083,1,1,110,1,1,50.0,0,I,SMALL_TOWNS,STREET,2,10.0
142084,1,1,110,1,1,60.0,0,I,MELB_URBAN,ROAD,2,10.0
142085,1,1,99,5,1,50.0,0,N,MELB_URBAN,DRIVE,2,12.0
142086,4,1,183,5,1,80.0,0,N,RURAL_VICTORIA,ROAD,2,8.0
142087,1,6,130,5,1,60.0,0,N,MELB_URBAN,ROAD,2,13.0
142088,4,7,181,5,5,100.0,0,N,RURAL_VICTORIA,ROAD,2,20.0
142089,4,7,181,5,1,100.0,0,N,RURAL_VICTORIA,ROAD,2,15.0
142090,1,5,121,1,1,60.0,0,I,MELB_URBAN,STREET,2,14.0
142091,1,0,140,2,1,80.0,0,I,MELB_URBAN,ROAD,2,13.0
142092,5,1,99,5,1,100.0,0,N,RURAL_VICTORIA,ROAD,2,13.0
142093,6,1,99,1,1,60.0,0,I,LARGE_PROVINCIAL_CITIES,ROAD,2,11.0
142094,1,1,130,5,1,70.0,0,I,MELB_URBAN,ROAD,2,13.0
142095,8,1,170,5,1,80.0,0,N,SMALL_TOWNS,ROAD,2,12.0
142096,2,6,100,2,1,70.0,0,N,MELB_URBAN,STREET,2,17.0
142097,1,1,110,1,1,80.0,0,N,MELB_URBAN,ROAD,2,15.0
142098,1,3,130,5,1,40.0,0,N,TOWNS,STREET,2,15.0
142099,1,7,135,5,2,100.0,0,N,MELB_URBAN,FREEWAY,2,20.0
142100,1,1,120,1,1,60.0,0,I,TOWNS,STREET,2,17.0
142101,1,1,99,2,1,100.0,0,N,RURAL_VICTORIA,OTHER,2,16.0
142102,4,1,99,5,1,100.0,0,N,RURAL_VICTORIA,OTHER,2,11.0
142103,1,4,121,1,1,60.0,0,I,RURAL_VICTORIA,ROAD,1,7.0
142104,8,1,170,4,1,60.0,0,I,MELB_URBAN,ROAD,2,17.0
142105,1,1,130,5,1,70.0,0,N,LARGE_PROVINCIAL_CITIES,ROAD,2,17.0
142106,8,7,174,5,1,60.0,0,N,MELB_URBAN,ROAD,2,15.0
142107,3,1,167,5,5,100.0,0,N,RURAL_VICTORIA,ROAD,2,21.0
142108,1,1,116,1,1,80.0,0,I,MELB_URBAN,HIGHWAY,2,16.0
142109,1,6,110,4,1,70.0,0,I,MELB_URBAN,STREET,2,13.0
142110,2,1,102,5,1,60.0,0,N,RURAL_VICTORIA,ROAD,2,8.0
142111,4,2,181,5,1,80.0,0,N,RURAL_VICTORIA,ROAD,2,5.0
142112,1,1,116,1,1,50.0,0,I,LARGE_PROVINCIAL_CITIES,STREET,2,9.0
142113,1,5,130,5,1,60.0,0,N,MELB_URBAN,STREET,2,17.0
142114,6,5,99,5,9,50.0,0,N,MELB_URBAN,STREET,2,14.0
142115,1,1,121,1,1,70.0,0,I,MELB_URBAN,ROAD,2,17.0
142116,4,2,181,5,1,100.0,0,N,RURAL_VICTORIA,ROAD,2,8.0
142117,1,4,130,5,1,60.0,0,N,LARGE_PROVINCIAL_CITIES,STREET,2,14.0
142118,1,1,130,1,1,60.0,0,I,LARGE_PROVINCIAL_CITIES,ROAD,2,11.0
142119,6,1,184,5,1,80.0,0,N,RURAL_VICTORIA,ROAD,2,10.0
142120,2,2,99,5,2,70.0,0,N,LARGE_PROVINCIAL_CITIES,OTHER,2,7.0
142121,1,2,121,1,9,70.0,0,I,MELB_URBAN,ROAD,2,10.0
142122,1,0,130,5,1,70.0,0,N,MELB_URBAN,ROAD,2,10.0
142123,4,6,173,5,3,80.0,0,N,MELB_URBAN,HIGHWAY,2,0.0
142124,1,2,99,5,1,40.0,0,N,MELB_URBAN,STREET,2,9.0
142125,2,6,99,5,3,40.0,0,N,MELB_URBAN,AVENUE,4,22.0
142126,1,1,130,5,9,60.0,0,N,MELB_URBAN,RAMP,2,12.0
142127,1,2,113,4,1,80.0,0,I,RURAL_VICTORIA,HIGHWAY,2,8.0
142128,1,2,160,5,2,100.0,0,N,MELB_URBAN,FREEWAY,2,6.0
142129,4,3,171,5,1,100.0,0,N,RURAL_VICTORIA,ROAD,1,16.0
142130,3,3,167,5,5,100.0,0,N,RURAL_VICTORIA,HIGHWAY,2,21.0
142131,2,4,100,1,1,40.0,0,N,MELBOURNE_CBD,STREET,2,17.0
142132,2,2,100,5,1,60.0,0,N,SMALL_CITIES,STREET,2,15.0
142133,1,7,110,1,1,60.0,0,I,MELB_URBAN,ROAD,2,7.0
142134,1,5,113,2,1,100.0,0,I,RURAL_VICTORIA,HIGHWAY,2,8.0
142135,1,1,113,2,1,60.0,0,I,MELB_URBAN,ROAD,2,13.0
142136,1,1,130,1,1,60.0,0,I,MELB_URBAN,ROAD,2,7.0
142137,1,3,130,2,1,60.0,0,I,RURAL_VICTORIA,ROAD,1,16.0
142138,1,5,130,2,1,60.0,0,I,MELB_URBAN,OTHER,1,17.0
142139,1,7,121,1,3,60.0,0,I,MELB_URBAN,PARADE,2,23.0
142140,1,1,147,5,1,60.0,0,N,MELB_URBAN,ROAD,2,14.0
142141,1,2,116,1,1,60.0,0,I,SMALL_CITIES,ROAD,2,16.0
142142,1,3,130,1,1,40.0,0,I,MELBOURNE_CBD,STREET,2,11.0
142143,4,1,173,5,1,50.0,0,N,RURAL_VICTORIA,ROAD,2,18.0
142144,1,2,121,1,1,60.0,0,I,MELB_URBAN,ROAD,2,17.0
142145,8,1,174,5,1,100.0,0,N,RURAL_VICTORIA,ROAD,2,12.0
142146,8,1,184,5,1,60.0,0,N,RURAL_VICTORIA,ROAD,2,11.0
142147,1,2,121,1,1,60.0,0,I,MELB_URBAN,STREET,2,16.0
142148,1,1,116,2,1,70.0,0,I,MELB_URBAN,ROAD,2,16.0
142149,1,7,130,1,9,60.0,0,N,MELB_URBAN,DRIVE,2,17.0
142150,1,2,121,2,1,70.0,0,N,MELB_URBAN,ROAD,2,16.0
142151,1,1,171,4,1,80.0,0,I,MELB_URBAN,FREEWAY,2,17.0
142152,1,2,130,5,1,60.0,0,N,MELB_URBAN,ROAD,2,18.0
142153,1,0,130,5,9,60.0,0,N,MELB_URBAN,ROAD,2,23.0
142154,1,3,116,4,3,60.0,0,I,LARGE_PROVINCIAL_CITIES,OTHER,2,1.0
142155,1,3,121,2,2,60.0,0,I,MELB_URBAN,STREET,2,6.0
142156,4,3,171,5,3,60.0,0,N,MELB_URBAN,HIGHWAY,2,4.0
142157,4,3,181,2,1,80.0,0,I,RURAL_VICTORIA,ROAD,2,6.0
142158,1,2,130,5,1,80.0,0,N,MELB_URBAN,ROAD,2,6.0
142159,1,3,110,1,1,60.0,0,I,SMALL_CITIES,PARADE,2,7.0
142160,1,3,99,5,1,50.0,0,N,SMALL_TOWNS,STREET,2,6.0
142161,1,3,130,1,2,80.0,0,I,MELB_URBAN,STREET,2,6.0
142162,3,3,167,5,2,80.0,0,N,RURAL_VICTORIA,ROAD,2,20.0
142163,1,3,130,5,1,50.0,0,N,MELB_URBAN,DRIVE,2,7.0
142164,4,6,173,5,5,100.0,0,N,RURAL_VICTORIA,ROAD,2,23.0
142165,1,3,130,5,1,100.0,0,N,MELB_URBAN,FREEWAY,2,8.0
142166,4,2,183,5,1,50.0,0,N,MELB_URBAN,DRIVE,2,17.0
142167,1,3,163,5,9,60.0,0,N,MELB_URBAN,ROAD,2,17.0
142168,1,3,130,5,1,80.0,0,N,RURAL_VICTORIA,OTHER,2,9.0
142169,1,2,130,5,2,60.0,0,N,MELB_URBAN,ROAD,2,6.0
142170,1,3,110,1,1,80.0,0,I,RURAL_VICTORIA,HIGHWAY,2,11.0
142171,1,3,130,5,1,80.0,0,N,MELB_URBAN,HIGHWAY,2,8.0
142172,2,3,100,2,1,40.0,0,N,MELB_URBAN,STREET,2,11.0
142173,2,2,100,2,1,50.0,0,N,MELB_URBAN,OTHER,2,8.0
142174,1,3,147,5,1,40.0,0,N,MELB_URBAN,STREET,2,15.0
142175,1,3,121,4,2,70.0,0,I,RURAL_VICTORIA,ROAD,2,6.0
142176,1,3,130,5,1,100.0,0,N,MELB_URBAN,FREEWAY,2,10.0
142177,1,2,134,2,1,60.0,0,N,MELB_URBAN,ROAD,2,14.0
142178,6,1,174,2,1,60.0,0,I,SMALL_CITIES,STREET,2,9.0
142179,1,3,99,1,1,80.0,0,I,MELB_URBAN,HIGHWAY,2,9.0
142180,1,3,121,5,1,60.0,0,N,MELB_URBAN,ROAD,2,16.0
142181,1,7,130,5,1,70.0,0,N,MELB_URBAN,ROAD,2,14.0
142182,1,1,130,5,9,60.0,0,N,RURAL_VICTORIA,DRIVE,2,2.0
142183,1,3,135,5,1,100.0,0,N,RURAL_VICTORIA,HIGHWAY,2,14.0
142184,6,7,170,5,9,60.0,0,N,RURAL_VICTORIA,ROAD,12,1.0
142185,1,2,110,1,1,80.0,0,I,MELB_URBAN,ROAD,2,13.0
142186,1,3,110,1,1,80.0,1,I,RURAL_VICTORIA,ROAD,2,13.0
142187,1,3,120,5,1,60.0,0,N,TOWNS,BOULEVARD,2,15.0
142188,1,3,147,5,1,60.0,0,N,SMALL_CITIES,ROAD,2,15.0
142189,1,3,160,5,1,50.0,0,N,MELB_URBAN,STREET,2,15.0
142190,1,2,110,1,1,60.0,0,N,RURAL_VICTORIA,ROAD,2,17.0
142191,1,2,130,5,1,60.0,0,I,RURAL_VICTORIA,DRIVE,2,17.0
142192,1,3,130,5,1,80.0,0,N,MELB_URBAN,ROAD,2,7.0
142193,1,3,130,5,1,80.0,0,N,MELB_URBAN,ROAD,2,15.0
142194,1,2,120,5,1,60.0,0,N,SMALL_CITIES,STREET,2,18.0
142195,1,2,110,1,1,100.0,0,I,RURAL_VICTORIA,HIGHWAY,2,18.0
142196,2,2,102,1,9,50.0,0,I,LARGE_PROVINCIAL_CITIES,STREET,2,17.0
142197,2,3,100,1,1,50.0,0,I,SMALL_CITIES,AVENUE,2,18.0
142198,1,3,110,1,2,50.0,0,I,TOWNS,STREET,2,19.0
142199,1,3,160,5,1,110.0,0,N,SMALL_TOWNS,FREEWAY,2,13.0
142200,1,3,134,2,1,60.0,0,N,MELB_URBAN,STREET,2,16.0
142201,4,2,171,5,1,100.0,0,N,RURAL_VICTORIA,ROAD,2,17.0
142202,1,2,116,1,1,70.0,0,I,MELB_URBAN,ROAD,2,17.0
142203,1,3,99,5,3,60.0,0,N,RURAL_VICTORIA,PARADE,2,21.0
142204,1,3,140,5,3,80.0,0,I,MELB_URBAN,HIGHWAY,2,20.0
142205,1,3,121,2,1,80.0,0,I,MELB_URBAN,HIGHWAY,2,19.0
142206,1,3,99,2,3,50.0,0,N,MELB_URBAN,STREET,2,22.0
142207,1,3,99,5,3,60.0,0,N,MELB_URBAN,STREET,2,22.0
142208,4,3,171,5,5,60.0,0,N,SMALL_CITIES,STREET,2,22.0
142209,4,4,173,5,3,60.0,0,N,MELB_URBAN,ROAD,2,0.0
142210,4,2,171,5,3,50.0,0,N,MELB_URBAN,AVENUE,2,22.0
142211,1,3,99,5,6,50.0,0,N,MELB_URBAN,AVENUE,2,2.0
142212,1,3,99,1,1,60.0,0,I,MELB_URBAN,STREET,2,8.0
142213,1,3,160,5,2,60.0,0,N,MELB_URBAN,ROAD,2,6.0
142214,1,3,121,1,1,80.0,0,I,MELB_URBAN,RAMP,2,7.0
142215,1,5,160,5,2,50.0,0,N,MELB_URBAN,ROAD,1,18.0
142216,1,6,132,2,1,60.0,0,I,LARGE_PROVINCIAL_CITIES,STREET,2,17.0
142217,2,1,102,1,2,60.0,0,I,MELB_URBAN,ROAD,11,20.0
142218,1,4,130,5,1,100.0,0,N,MELB_URBAN,FREEWAY,2,7.0
142219,1,4,121,2,1,60.0,1,I,MELB_URBAN,ROAD,2,6.0
142220,1,4,113,2,1,60.0,0,N,MELB_URBAN,STREET,2,11.0
142221,4,7,99,5,5,100.0,0,N,RURAL_VICTORIA,ROAD,10,0.0
142222,1,3,130,5,1,80.0,0,N,MELB_URBAN,ROAD,2,7.0
142223,1,4,99,1,1,50.0,0,I,MELB_URBAN,ROAD,2,8.0
142224,1,3,99,2,1,60.0,0,I,MELB_URBAN,ROAD,2,9.0
142225,3,4,167,5,1,60.0,0,N,MELB_URBAN,ROAD,2,8.0
142226,7,3,99,5,1,50.0,0,N,MELB_URBAN,AVENUE,2,12.0
142227,1,4,110,1,1,70.0,0,I,LARGE_PROVINCIAL_CITIES,ROAD,2,11.0
142228,2,6,99,5,1,50.0,0,N,MELB_URBAN,OTHER,2,15.0
142229,1,3,130,5,2,60.0,0,N,MELB_URBAN,STREET,2,7.0
142230,8,5,174,5,1,50.0,0,N,MELB_URBAN,STREET,1,15.0
142231,1,1,130,5,9,80.0,0,N,MELB_URBAN,FREEWAY,2,18.0
142232,1,2,130,5,1,80.0,0,N,RURAL_VICTORIA,ROAD,2,15.0
142233,1,4,99,1,1,80.0,0,N,MELB_URBAN,ROAD,2,15.0
142234,2,3,102,5,1,40.0,0,N,SMALL_CITIES,STREET,2,15.0
142235,2,4,100,5,1,40.0,0,N,MELB_URBAN,DRIVE,2,15.0
142236,1,4,130,5,1,60.0,0,N,SMALL_CITIES,STREET,2,16.0
142237,1,3,163,5,1,40.0,0,N,MELBOURNE_CBD,STREET,2,15.0
142238,1,4,113,2,1,60.0,0,I,MELB_URBAN,ROAD,2,17.0
142239,1,4,121,2,1,70.0,0,I,MELB_URBAN,ROAD,2,15.0
142240,2,3,100,1,1,60.0,0,I,MELB_URBAN,ROAD,2,8.0
142241,1,6,130,5,1,80.0,0,N,MELB_URBAN,FREEWAY,2,18.0
142242,1,2,113,1,1,70.0,0,I,SMALL_CITIES,PARADE,12,18.0
142243,8,7,99,5,1,50.0,0,N,SMALL_CITIES,STREET,2,14.0
142244,1,4,130,1,2,80.0,0,N,RURAL_VICTORIA,HIGHWAY,2,20.0
142245,2,3,100,1,1,60.0,0,I,MELB_URBAN,ROAD,2,7.0
142246,1,4,99,2,1,50.0,0,I,SMALL_CITIES,OTHER,2,18.0
142247,1,4,121,1,3,80.0,0,I,MELB_URBAN,ROAD,2,21.0
142248,4,4,181,5,3,60.0,0,N,RURAL_VICTORIA,ROAD,2,21.0
142249,4,4,183,2,3,60.0,0,N,TOWNS,STREET,2,23.0
142250,3,5,167,5,5,60.0,0,N,LARGE_PROVINCIAL_CITIES,ROAD,2,1.0
142251,2,4,102,5,1,50.0,0,N,MELB_URBAN,STREET,2,17.0
142252,1,2,121,2,1,60.0,0,I,MELB_URBAN,ROAD,1,15.0
142253,1,3,99,5,2,60.0,0,N,MELB_URBAN,DRIVE,2,19.0
142254,1,5,135,5,1,80.0,0,N,MELB_URBAN,ROAD,2,6.0
142255,1,4,133,1,9,60.0,0,N,MELB_URBAN,STREET,2,8.0
142256,1,5,99,1,1,60.0,0,I,MELB_URBAN,BOULEVARD,2,7.0
142257,8,5,99,5,1,60.0,0,N,SMALL_CITIES,AVENUE,2,9.0
142258,1,5,99,5,1,60.0,0,N,LARGE_PROVINCIAL_CITIES,STREET,2,7.0
142259,1,2,110,1,1,60.0,0,I,LARGE_PROVINCIAL_CITIES,STREET,2,13.0
142260,8,0,99,5,1,100.0,0,N,RURAL_VICTORIA,ROAD,2,14.0
142261,5,5,99,5,1,60.0,0,N,MELB_URBAN,ROAD,2,8.0
142262,1,4,130,5,1,70.0,0,N,MELB_URBAN,HIGHWAY,2,18.0
142263,1,5,111,2,1,60.0,0,N,MELB_URBAN,ROAD,2,6.0
142264,1,5,135,5,1,100.0,0,N,MELB_URBAN,FREEWAY,2,18.0
142265,1,4,130,5,1,60.0,0,N,LARGE_PROVINCIAL_CITIES,STREET,2,15.0
142266,1,5,140,5,1,50.0,0,N,RURAL_VICTORIA,OTHER,2,11.0
142267,1,5,132,2,1,60.0,0,I,SMALL_CITIES,STREET,2,11.0
142268,6,4,170,5,5,80.0,0,N,RURAL_VICTORIA,ROAD,2,0.0
142269,1,5,121,1,1,50.0,0,I,MELB_URBAN,OTHER,2,12.0
142270,1,3,134,5,1,60.0,0,N,RURAL_VICTORIA,BOULEVARD,2,18.0
142271,1,5,133,2,1,70.0,0,I,MELB_URBAN,ROAD,2,10.0
142272,1,6,132,2,1,60.0,0,I,MELB_URBAN,STREET,2,14.0
142273,3,3,167,5,9,100.0,0,N,RURAL_VICTORIA,ROAD,2,9.0
142274,1,4,130,2,1,40.0,0,I,MELBOURNE_CBD,STREET,2,10.0
142275,1,5,99,1,1,60.0,0,I,MELB_URBAN,ROAD,2,8.0
142276,1,1,130,2,1,60.0,0,I,RURAL_VICTORIA,OTHER,12,14.0
142277,4,3,181,5,1,100.0,0,N,RURAL_VICTORIA,ROAD,2,13.0
142278,1,4,130,5,1,100.0,0,N,MELB_URBAN,FREEWAY,2,16.0
142279,4,5,171,5,1,100.0,0,N,RURAL_VICTORIA,FREEWAY,2,10.0
142280,1,4,132,2,1,50.0,0,I,SMALL_CITIES,STREET,2,19.0
142281,1,5,147,5,1,70.0,0,N,MELB_URBAN,ROAD,2,18.0
142282,4,5,171,5,1,60.0,0,N,LARGE_PROVINCIAL_CITIES,STREET,2,13.0
142283,1,7,120,5,1,60.0,0,N,RURAL_VICTORIA,ROAD,2,14.0
142284,4,4,183,5,1,40.0,1,N,RURAL_VICTORIA,BOULEVARD,2,13.0
142285,2,4,99,2,1,40.0,0,N,MELB_URBAN,STREET,1,16.0
142286,1,5,140,5,2,40.0,0,N,MELB_URBAN,STREET,2,18.0
142287,1,4,140,5,1,40.0,0,N,MELB_URBAN,STREET,2,18.0
142288,1,5,132,1,1,80.0,0,I,RURAL_VICTORIA,ROAD,2,17.0
142289,1,5,99,2,1,60.0,0,I,MELB_URBAN,AVENUE,2,16.0
142290,1,5,134,5,1,40.0,0,N,MELB_URBAN,ROAD,2,15.0
142291,1,5,134,5,1,80.0,0,N,RURAL_VICTORIA,HIGHWAY,2,18.0
142292,1,4,140,5,1,40.0,0,N,MELB_URBAN,ROAD,2,18.0
142293,8,4,174,5,6,60.0,0,N,MELB_URBAN,ROAD,2,1.0
142294,1,4,130,1,1,50.0,0,N,MELB_URBAN,STREET,2,16.0
142295,1,5,160,5,3,60.0,0,N,MELB_URBAN,ROAD,2,20.0
142296,1,1,130,5,1,60.0,0,N,MELB_URBAN,ROAD,2,15.0
142297,1,4,130,5,1,80.0,0,N,RURAL_VICTORIA,ROAD,2,17.0
142298,1,5,121,2,3,50.0,0,I,MELB_URBAN,DRIVE,2,21.0
142299,1,5,113,4,3,80.0,0,I,MELB_URBAN,FREEWAY,2,21.0
142300,2,4,100,5,9,60.0,0,N,MELB_URBAN,STREET,2,23.0
142301,1,5,132,5,9,80.0,0,N,MELB_URBAN,HIGHWAY,2,11.0
142302,1,5,160,5,3,60.0,0,N,MELB_URBAN,ROAD,2,22.0
142303,1,6,130,5,3,60.0,0,N,MELB_URBAN,ROAD,2,6.0
142304,8,6,174,5,5,80.0,0,N,SMALL_TOWNS,HIGHWAY,2,0.0
142305,4,6,171,2,2,80.0,0,N,MELB_URBAN,DRIVE,2,4.0
142306,1,6,121,2,2,60.0,0,N,MELB_URBAN,ROAD,2,6.0
142307,1,2,99,1,9,60.0,0,I,MELB_URBAN,ROAD,11,11.0
142308,2,6,102,1,1,50.0,0,I,MELB_URBAN,STREET,2,7.0
142309,2,4,99,2,9,60.0,0,N,MELB_URBAN,ROAD,2,19.0
142310,1,2,121,5,1,80.0,0,N,MELB_URBAN,ROAD,2,15.0
142311,1,5,130,1,1,60.0,0,I,LARGE_PROVINCIAL_CITIES,STREET,8,17.0
142312,1,4,130,5,1,60.0,0,N,MELB_URBAN,ROAD,2,16.0
142313,1,0,130,5,1,100.0,0,N,RURAL_VICTORIA,FREEWAY,1,13.0
142314,1,5,113,2,1,100.0,0,I,RURAL_VICTORIA,HIGHWAY,2,8.0
142315,1,6,110,1,1,50.0,0,I,TOWNS,STREET,2,10.0
142316,4,5,173,5,1,100.0,0,N,RURAL_VICTORIA,ROAD,2,10.0
142317,4,6,171,2,1,40.0,0,N,MELB_URBAN,OTHER,2,9.0
142318,1,5,130,1,1,60.0,0,N,RURAL_VICTORIA,BOULEVARD,2,8.0
142319,1,6,130,5,1,60.0,0,N,SMALL_CITIES,STREET,12,11.0
142320,1,6,120,5,1,100.0,0,N,RURAL_VICTORIA,ROAD,2,10.0
142321,1,6,130,1,1,50.0,0,I,LARGE_PROVINCIAL_CITIES,STREET,2,13.0
142322,4,6,171,5,1,60.0,1,N,RURAL_VICTORIA,ROAD,2,11.0
142323,1,6,99,2,1,80.0,0,I,MELB_URBAN,ROAD,2,12.0
142324,1,5,163,5,1,60.0,0,N,MELB_URBAN,ROAD,2,13.0
142325,2,6,102,5,2,60.0,1,N,MELB_URBAN,STREET,2,6.0