,accident_type,day_of_week,dca_code,road_geometry,light_condition,speed_zone,severity,node_type,deg_urban_name,road_type,month,hour
142326,1,4,113,1,1,60.0,0,I,MELB_URBAN,ROAD,2,16.0
142327,1,6,110,1,1,50.0,0,I,SMALL_CITIES,STREET,2,11.0
142328,1,6,130,5,1,80.0,0,N,MELB_URBAN,FREEWAY,2,13.0
142329,1,4,130,5,9,60.0,0,N,MELB_URBAN,STREET,2,15.0
142330,1,5,121,2,1,60.0,0,I,MELB_URBAN,PARADE,2,14.0
142331,1,3,130,1,3,60.0,0,N,MELB_URBAN,STREET,2,21.0
142332,8,5,170,5,1,100.0,0,N,RURAL_VICTORIA,ROAD,2,13.0
142333,1,4,130,5,1,80.0,0,N,MELB_URBAN,FREEWAY,2,18.0
142334,6,6,99,5,1,50.0,0,N,SMALL_CITIES,AVENUE,2,14.0
142335,1,6,99,2,1,60.0,0,I,MELB_URBAN,ROAD,2,15.0
142336,1,6,130,5,1,60.0,0,N,MELB_URBAN,ROAD,2,8.0
142337,4,3,181,5,1,100.0,0,N,RURAL_VICTORIA,HIGHWAY,12,16.0
142338,1,5,135,5,1,100.0,0,N,MELB_URBAN,HIGHWAY,2,11.0
142339,1,2,130,5,1,60.0,0,N,MELB_URBAN,ROAD,2,14.0
142340,1,5,160,5,1,60.0,0,N,MELB_URBAN,PARADE,2,16.0
142341,1,3,130,2,9,60.0,0,I,MELB_URBAN,ROAD,2,21.0
142342,4,5,171,5,1,100.0,0,N,RURAL_VICTORIA,ROAD,2,15.0
142343,1,5,181,5,1,80.0,0,N,MELB_URBAN,HIGHWAY,2,18.0
142344,1,7,160,5,6,60.0,0,N,MELB_URBAN,DRIVE,2,22.0
142345,1,6,113,1,1,60.0,0,I,MELB_URBAN,ROAD,2,16.0
142346,6,6,174,1,1,60.0,0,I,RURAL_VICTORIA,ROAD,2,17.0
142347,4,6,171,5,1,100.0,0,N,RURAL_VICTORIA,ROAD,2,14.0
142348,4,6,183,5,1,60.0,0,N,RURAL_VICTORIA,ROAD,2,18.0
142349,1,6,120,5,1,100.0,0,N,RURAL_VICTORIA,ROAD,2,15.0
142350,1,6,130,5,1,80.0,0,N,RURAL_VICTORIA,ROAD,2,15.0
142351,1,3,99,2,2,60.0,0,I,MELB_URBAN,ROAD,2,17.0
142352,2,6,99,5,1,50.0,0,N,SMALL_CITIES,BOULEVARD,2,19.0
142353,1,5,130,5,1,80.0,0,N,MELB_URBAN,ROAD,2,18.0
142354,1,5,135,5,1,50.0,0,N,MELB_URBAN,ROAD,2,19.0
142355,8,3,174,5,2,40.0,0,N,MELB_URBAN,STREET,2,5.0
142356,1,6,130,1,3,60.0,0,N,MELB_URBAN,ROAD,2,21.0
142357,1,6,130,5,3,40.0,0,N,MELB_URBAN,FREEWAY,2,22.0
142358,1,5,160,5,3,50.0,0,N,MELB_URBAN,STREET,2,1.0
142359,1,5,130,5,1,60.0,0,N,RURAL_VICTORIA,BOULEVARD,2,15.0
142360,2,6,100,1,3,60.0,0,I,MELB_URBAN,STREET,2,22.0
142361,1,3,116,2,1,40.0,0,N,MELB_URBAN,ROAD,2,14.0
142362,6,5,99,5,5,100.0,0,N,RURAL_VICTORIA,ROAD,2,22.0
142363,2,6,100,5,3,80.0,0,N,MELB_URBAN,ROAD,2,23.0
142364,6,6,170,5,2,80.0,0,N,RURAL_VICTORIA,RAMP,2,20.0
142365,1,6,99,2,3,60.0,0,N,MELB_URBAN,ROAD,2,1.0
142366,4,7,181,5,5,60.0,0,N,RURAL_VICTORIA,DRIVE,2,4.0
142367,2,7,100,1,1,60.0,0,I,MELB_URBAN,ROAD,2,8.0
142368,4,6,171,2,5,100.0,0,I,RURAL_VICTORIA,ROAD,2,5.0
142369,8,7,174,2,1,60.0,0,I,MELB_URBAN,ROAD,2,10.0
142370,1,4,130,2,1,70.0,0,I,LARGE_PROVINCIAL_CITIES,HIGHWAY,2,8.0
142371,1,4,135,5,9,60.0,0,N,MELB_URBAN,FREEWAY,2,17.0
142372,1,7,121,4,1,70.0,0,N,MELB_URBAN,RAMP,2,12.0
142373,4,7,181,5,1,50.0,0,N,MELB_URBAN,AVENUE,2,12.0
142374,1,6,121,2,1,60.0,0,I,MELB_URBAN,STREET,2,14.0
142375,1,7,130,5,1,60.0,0,N,TOWNS,STREET,2,14.0
142376,4,7,99,2,1,50.0,0,I,MELB_URBAN,DRIVE,2,12.0
142377,1,7,130,5,1,100.0,0,N,MELB_URBAN,FREEWAY,2,12.0
142378,8,7,174,2,1,60.0,0,I,MELB_URBAN,AVENUE,2,15.0
142379,1,7,99,2,1,80.0,0,I,RURAL_VICTORIA,ROAD,2,15.0
142380,1,7,160,5,1,40.0,0,N,SMALL_CITIES,STREET,2,14.0
142381,6,7,184,5,1,100.0,0,N,RURAL_VICTORIA,ROAD,2,11.0
142382,4,6,183,5,1,80.0,0,N,RURAL_VICTORIA,ROAD,2,16.0
142383,2,7,102,5,1,60.0,0,N,MELB_URBAN,ROAD,2,15.0
142384,1,6,111,1,1,80.0,0,N,RURAL_VICTORIA,HIGHWAY,2,16.0
142385,1,7,140,5,5,100.0,0,N,RURAL_VICTORIA,ROAD,2,5.0
142386,1,7,183,5,1,50.0,0,N,MELB_URBAN,AVENUE,2,17.0
142387,1,7,110,1,1,80.0,0,I,RURAL_VICTORIA,ROAD,2,16.0
142388,8,7,170,1,1,60.0,0,I,MELB_URBAN,ROAD,2,10.0
142389,1,6,99,5,1,60.0,0,N,MELB_URBAN,ROAD,2,17.0
142390,1,7,99,5,1,40.0,0,N,MELB_URBAN,STREET,2,11.0
142391,1,7,121,2,1,50.0,0,I,MELB_URBAN,STREET,2,17.0
142392,1,7,99,5,1,50.0,0,N,LARGE_PROVINCIAL_CITIES,STREET,2,19.0
142393,1,6,99,2,1,60.0,0,I,MELB_URBAN,PARADE,2,19.0
142394,1,7,130,5,1,100.0,0,N,RURAL_VICTORIA,HIGHWAY,2,14.0
142395,1,7,130,4,2,100.0,0,N,MELB_URBAN,FREEWAY,2,19.0
142396,1,7,99,2,1,50.0,0,I,MELB_URBAN,DRIVE,2,17.0
142397,2,7,99,5,1,50.0,1,N,LARGE_PROVINCIAL_CITIES,STREET,2,16.0
142398,1,6,110,1,1,40.0,0,I,MELB_URBAN,STREET,2,19.0
142399,1,7,121,2,1,60.0,0,I,MELB_URBAN,ROAD,2,15.0
142400,4,7,120,5,1,60.0,0,N,MELB_URBAN,ROAD,2,16.0
142401,1,6,113,2,1,60.0,0,I,RURAL_VICTORIA,DRIVE,2,14.0
142402,1,7,140,5,6,60.0,0,N,SMALL_TOWNS,STREET,2,21.0
142403,4,1,171,2,3,50.0,0,I,MELB_URBAN,ROAD,2,0.0
142404,4,1,183,5,5,100.0,0,N,RURAL_VICTORIA,ROAD,2,1.0
142405,4,1,173,5,5,100.0,0,N,SMALL_CITIES,HIGHWAY,2,0.0
142406,1,1,130,2,3,80.0,0,I,MELB_URBAN,ROAD,2,2.0
142407,4,1,171,1,3,60.0,0,I,MELB_URBAN,ROAD,2,2.0
142408,1,0,120,2,3,60.0,0,N,MELB_URBAN,ROAD,2,2.0
142409,1,5,130,5,9,80.0,0,N,MELB_URBAN,ROAD,2,15.0
142410,1,6,130,5,6,100.0,0,N,MELB_URBAN,FREEWAY,2,21.0
142411,1,7,135,5,9,40.0,0,N,MELB_URBAN,STREET,2,17.0
142412,1,0,110,1,1,60.0,0,I,LARGE_PROVINCIAL_CITIES,STREET,2,12.0
142413,1,5,116,1,1,40.0,0,I,MELB_URBAN,STREET,2,18.0
142414,1,1,130,5,1,40.0,0,N,LARGE_PROVINCIAL_CITIES,STREET,2,11.0
142415,1,6,130,5,1,40.0,0,N,SMALL_CITIES,STREET,2,15.0
142416,1,1,99,2,1,60.0,0,I,RURAL_VICTORIA,BOULEVARD,2,13.0
142417,1,1,121,1,1,70.0,0,N,MELB_URBAN,ROAD,2,10.0
142418,1,1,110,4,1,60.0,0,I,MELB_URBAN,ROAD,2,10.0
142419,1,1,163,5,1,60.0,0,N,MELB_URBAN,ROAD,2,11.0
142420,4,1,181,2,1,100.0,0,I,RURAL_VICTORIA,OTHER,2,12.0
142421,8,7,174,1,1,50.0,0,I,MELB_URBAN,STREET,2,11.0
142422,1,3,130,5,9,40.0,0,N,MELB_URBAN,ROAD,2,16.0
142423,1,3,130,5,1,80.0,0,N,MELB_URBAN,ROAD,2,8.0
142424,1,1,99,5,1,50.0,0,N,LARGE_PROVINCIAL_CITIES,STREET,2,13.0
142425,1,0,111,1,1,80.0,0,N,MELB_URBAN,HIGHWAY,2,13.0
142426,1,0,130,5,1,60.0,0,N,MELB_URBAN,STREET,2,14.0
142427,1,1,120,5,1,60.0,0,N,SMALL_TOWNS,ROAD,2,13.0
142428,1,0,99,2,1,80.0,0,I,MELB_URBAN,ROAD,2,16.0
142429,4,0,171,5,1,50.0,0,N,MELB_URBAN,AVENUE,2,11.0
142430,1,1,121,1,1,60.0,0,I,MELB_URBAN,ROAD,2,17.0
142431,4,1,181,5,1,100.0,0,N,RURAL_VICTORIA,ROAD,2,13.0
142432,6,0,99,5,1,100.0,0,N,RURAL_VICTORIA,ROAD,2,19.0
142433,1,1,99,5,1,50.0,0,N,MELB_URBAN,AVENUE,2,15.0
142434,6,7,99,5,1,100.0,0,N,RURAL_VICTORIA,ROAD,2,12.0
142435,1,1,120,5,3,40.0,0,N,MELBOURNE_CBD,STREET,2,22.0
142436,4,1,183,5,3,50.0,0,N,MELB_URBAN,OTHER,2,22.0
142437,1,7,130,2,1,80.0,0,I,MELB_URBAN,ROAD,2,9.0
142438,4,0,171,5,3,40.0,0,N,SMALL_CITIES,DRIVE,2,23.0
142439,1,2,121,1,3,60.0,0,I,MELB_URBAN,ROAD,2,5.0
142440,1,7,130,5,1,80.0,0,N,MELB_URBAN,ROAD,2,13.0
142441,1,1,120,5,1,80.0,0,N,MELB_URBAN,ROAD,2,6.0
142442,2,6,100,2,9,60.0,0,I,MELB_URBAN,STREET,2,15.0
142443,7,6,99,5,1,60.0,0,N,MELB_URBAN,STREET,2,11.0
142444,4,1,171,5,1,80.0,0,N,RURAL_VICTORIA,ROAD,2,8.0
142445,1,2,99,5,1,50.0,0,N,MELB_URBAN,STREET,2,8.0
142446,1,2,110,1,1,60.0,0,I,MELB_URBAN,ROAD,2,8.0
142447,1,7,133,5,1,60.0,0,N,MELB_URBAN,ROAD,2,14.0
142448,4,6,173,5,1,60.0,0,N,MELB_URBAN,STREET,2,11.0
142449,1,2,99,1,1,60.0,0,I,MELB_URBAN,ROAD,2,12.0
142450,4,2,173,5,1,100.0,0,N,RURAL_VICTORIA,ROAD,2,12.0
142451,1,6,99,2,1,40.0,0,I,MELB_URBAN,ROAD,2,18.0
142452,1,2,99,2,1,60.0,0,I,SMALL_CITIES,STREET,2,12.0
142453,1,1,110,1,1,80.0,0,I,SMALL_TOWNS,ROAD,2,18.0
142454,1,1,110,1,1,50.0,0,I,MELB_URBAN,STREET,2,13.0
142455,1,2,113,2,1,60.0,0,I,MELB_URBAN,ROAD,2,13.0
142456,1,4,130,5,1,60.0,0,N,MELB_URBAN,STREET,2,8.0
142457,1,2,130,5,1,40.0,0,N,MELB_URBAN,ROAD,2,13.0
142458,1,1,113,2,1,50.0,0,I,MELB_URBAN,ROAD,2,15.0
142459,4,2,181,5,1,60.0,0,N,RURAL_VICTORIA,ROAD,2,15.0
142460,3,2,167,5,1,80.0,0,N,RURAL_VICTORIA,ROAD,2,15.0
142461,1,5,130,5,1,60.0,0,N,MELB_URBAN,ROAD,2,18.0
142462,1,2,160,5,1,50.0,0,N,RURAL_VICTORIA,BOULEVARD,2,16.0
142463,2,2,100,5,1,40.0,0,N,MELB_URBAN,BOULEVARD,2,17.0
142464,8,7,174,3,9,60.0,0,N,RURAL_VICTORIA,ROAD,2,10.0
142465,2,1,102,2,1,60.0,0,I,MELB_URBAN,STREET,2,17.0
142466,1,2,121,1,1,60.0,0,I,MELB_URBAN,ROAD,2,18.0
142467,1,2,140,2,1,60.0,0,I,RURAL_VICTORIA,ROAD,2,17.0
142468,4,2,173,5,1,100.0,0,N,RURAL_VICTORIA,HIGHWAY,2,18.0
142469,1,7,130,5,1,80.0,0,N,MELB_URBAN,RAMP,2,13.0
142470,1,2,121,1,1,80.0,0,N,MELB_URBAN,ROAD,2,17.0
142471,1,2,120,2,1,80.0,0,N,MELB_URBAN,DRIVE,2,16.0
142472,1,2,121,2,1,50.0,0,I,MELB_URBAN,STREET,2,16.0
142473,1,2,110,1,3,60.0,0,I,MELB_URBAN,STREET,2,21.0
142474,4,2,183,5,3,100.0,0,N,RURAL_VICTORIA,FREEWAY,2,20.0
142475,4,2,181,5,5,100.0,1,N,RURAL_VICTORIA,ROAD,2,21.0
142476,4,1,173,5,5,100.0,0,N,RURAL_VICTORIA,ROAD,2,5.0
142477,4,2,183,5,5,100.0,0,N,RURAL_VICTORIA,HIGHWAY,3,2.0
142478,1,5,130,2,1,60.0,0,I,MELB_URBAN,ROAD,2,17.0
142479,1,4,130,5,1,80.0,0,N,MELB_URBAN,ROAD,2,16.0
142480,5,7,99,5,1,60.0,0,N,MELB_URBAN,ROAD,2,16.0
142481,1,2,110,1,1,50.0,0,I,MELB_URBAN,STREET,2,8.0
142482,1,5,121,1,1,60.0,0,I,MELB_URBAN,ROAD,2,9.0
142483,4,3,183,5,1,70.0,0,N,MELB_URBAN,HIGHWAY,3,7.0
142484,1,3,147,5,1,60.0,0,N,MELB_URBAN,ROAD,3,8.0
142485,2,7,99,5,1,60.0,0,N,MELB_URBAN,ROAD,2,11.0
142486,1,3,121,1,1,60.0,0,I,LARGE_PROVINCIAL_CITIES,STREET,3,8.0
142487,4,2,171,5,2,50.0,0,N,RURAL_VICTORIA,ROAD,2,18.0
142488,4,3,181,5,1,100.0,0,N,RURAL_VICTORIA,ROAD,2,12.0
142489,6,3,170,5,1,80.0,0,N,RURAL_VICTORIA,HIGHWAY,3,11.0
142490,1,5,121,5,1,60.0,0,N,MELB_URBAN,ROAD,2,15.0
142491,1,3,121,1,1,80.0,0,N,MELB_URBAN,ROAD,3,9.0
142492,4,1,171,5,9,100.0,0,N,SMALL_TOWNS,STREET,2,12.0
142493,1,6,160,5,1,50.0,0,N,MELB_URBAN,ROAD,2,14.0
142494,8,6,170,5,2,100.0,0,N,RURAL_VICTORIA,ROAD,6,18.0
142495,4,3,181,5,1,100.0,0,N,RURAL_VICTORIA,ROAD,3,11.0
142496,4,3,183,5,1,100.0,0,N,RURAL_VICTORIA,HIGHWAY,3,10.0
142497,1,3,120,5,1,60.0,0,N,MELB_URBAN,ROAD,3,12.0
142498,1,3,120,5,1,80.0,0,N,RURAL_VICTORIA,ROAD,3,10.0
142499,1,3,130,5,1,80.0,0,N,RURAL_VICTORIA,ROAD,3,12.0
142500,6,1,174,5,1,60.0,0,N,RURAL_VICTORIA,ROAD,1,9.0
142501,1,1,130,5,1,80.0,0,N,MELB_URBAN,STREET,2,16.0
142502,1,3,110,1,1,100.0,0,I,RURAL_VICTORIA,ROAD,3,12.0
142503,4,2,183,5,1,60.0,0,N,TOWNS,STREET,3,13.0
142504,1,3,130,1,1,80.0,0,I,MELB_URBAN,ROAD,3,12.0
142505,8,7,99,5,1,100.0,0,N,RURAL_VICTORIA,ROAD,2,16.0
142506,1,1,135,5,1,50.0,0,N,MELB_URBAN,STREET,12,11.0
142507,2,2,99,1,1,40.0,0,I,MELB_URBAN,ROAD,3,7.0
142508,4,3,171,5,1,70.0,0,N,LARGE_PROVINCIAL_CITIES,ROAD,3,13.0
142509,1,3,99,1,1,40.0,0,I,MELB_URBAN,ROAD,3,16.0
142510,1,3,121,5,1,60.0,0,N,SMALL_CITIES,ROAD,3,16.0
142511,1,3,130,3,1,80.0,0,I,RURAL_VICTORIA,PARADE,3,12.0
142512,1,7,130,1,1,40.0,0,I,MELB_URBAN,ROAD,2,12.0
142513,3,0,167,5,5,80.0,0,N,LARGE_PROVINCIAL_CITIES,ROAD,1,4.0
142514,2,3,99,5,1,80.0,0,N,TOWNS,ROAD,3,14.0
142515,1,1,121,1,2,80.0,0,N,MELB_URBAN,ROAD,2,18.0
142516,2,2,102,5,1,60.0,0,N,MELB_URBAN,STREET,3,15.0
142517,1,3,116,1,1,50.0,0,I,MELB_URBAN,BOULEVARD,3,18.0
142518,1,3,99,5,1,40.0,0,N,MELB_URBAN,OTHER,3,16.0
142519,1,4,160,5,1,60.0,0,N,MELB_URBAN,UNKNOWN,12,12.0
142520,1,3,120,5,1,60.0,0,N,MELB_URBAN,ROAD,3,17.0
142521,1,3,113,2,1,60.0,0,I,MELB_URBAN,STREET,3,8.0
142522,1,2,160,5,1,40.0,0,N,MELB_URBAN,STREET,3,17.0
142523,1,3,140,5,1,60.0,0,N,LARGE_PROVINCIAL_CITIES,ROAD,3,14.0
142524,4,3,173,6,1,50.0,0,N,TOWNS,OTHER,3,16.0
142525,1,3,121,2,1,60.0,0,I,MELB_URBAN,ROAD,3,18.0
142526,1,3,113,2,1,60.0,0,I,MELB_URBAN,ROAD,3,16.0
142527,1,3,160,5,3,60.0,0,N,MELB_URBAN,ROAD,3,20.0
142528,1,1,130,4,1,60.0,0,N,MELB_URBAN,FREEWAY,2,15.0
142529,1,3,134,5,1,70.0,0,N,MELB_URBAN,STREET,3,19.0
142530,1,3,110,1,1,60.0,0,I,MELB_URBAN,STREET,3,15.0
142531,1,6,113,2,1,70.0,0,I,MELB_URBAN,ROAD,2,9.0
142532,1,3,130,1,3,50.0,0,N,MELB_URBAN,ROAD,3,23.0
142533,1,3,160,5,1,60.0,0,N,MELB_URBAN,BOULEVARD,3,15.0
142534,1,6,132,1,1,100.0,0,I,RURAL_VICTORIA,ROAD,2,15.0
142535,4,4,183,5,5,50.0,0,N,MELB_URBAN,BOULEVARD,3,2.0
142536,1,2,130,2,1,60.0,0,I,MELB_URBAN,ROAD,3,8.0
142537,1,4,121,2,2,70.0,0,I,MELB_URBAN,ROAD,3,6.0
142538,1,3,130,2,1,70.0,0,N,SMALL_CITIES,ROAD,3,7.0
142539,1,4,99,1,1,80.0,0,I,MELB_URBAN,HIGHWAY,3,7.0
142540,1,6,135,5,1,60.0,0,N,SMALL_CITIES,PARADE,2,10.0
142541,2,4,100,1,1,40.0,0,N,MELB_URBAN,STREET,3,9.0
142542,1,3,160,5,1,60.0,0,N,TOWNS,ROAD,3,12.0
142543,1,4,120,1,1,60.0,0,I,MELB_URBAN,BOULEVARD,3,8.0
142544,6,1,184,5,1,40.0,0,N,RURAL_VICTORIA,ROAD,2,12.0
142545,8,1,99,5,1,50.0,0,N,MELB_URBAN,STREET,2,9.0
142546,1,3,130,5,1,80.0,0,N,MELB_URBAN,FREEWAY,3,16.0
142547,1,4,99,5,1,80.0,0,N,RURAL_VICTORIA,ROAD,3,7.0
142548,1,4,130,1,9,60.0,0,I,MELB_URBAN,HIGHWAY,9,15.0
142549,1,1,130,2,1,60.0,0,I,MELB_URBAN,ROAD,3,16.0
142550,1,1,132,2,2,60.0,0,I,LARGE_PROVINCIAL_CITIES,DRIVE,2,19.0
142551,1,4,130,5,1,70.0,0,N,MELB_URBAN,HIGHWAY,3,12.0
142552,1,4,99,1,1,60.0,0,N,MELB_URBAN,AVENUE,3,9.0
142553,1,2,111,2,1,80.0,0,N,MELB_URBAN,HIGHWAY,2,8.0
142554,8,4,174,5,1,60.0,0,N,MELB_URBAN,HIGHWAY,3,14.0
142555,6,4,174,1,1,50.0,0,I,LARGE_PROVINCIAL_CITIES,STREET,1,12.0
142556,1,4,130,2,1,80.0,0,I,MELB_URBAN,HIGHWAY,2,12.0
142557,1,4,130,5,1,80.0,0,N,MELB_URBAN,FREEWAY,3,15.0
142558,4,4,181,5,1,100.0,1,N,RURAL_VICTORIA,ROAD,3,11.0
142559,1,2,130,2,1,60.0,0,N,SMALL_CITIES,RAMP,3,17.0
142560,1,1,130,2,1,80.0,0,I,MELB_URBAN,ROAD,2,11.0
142561,1,6,99,5,9,50.0,0,N,MELB_URBAN,STREET,2,19.0
142562,1,1,133,1,1,60.0,0,I,SMALL_CITIES,ROAD,1,14.0
142563,4,4,183,5,1,100.0,0,N,RURAL_VICTORIA,HIGHWAY,3,14.0
142564,1,3,130,5,1,100.0,0,N,MELB_URBAN,FREEWAY,2,16.0
142565,2,4,100,5,1,60.0,0,N,MELB_URBAN,UNKNOWN,3,11.0
142566,1,4,130,2,1,60.0,0,I,SMALL_CITIES,ROAD,3,18.0
142567,1,3,110,1,1,50.0,0,I,LARGE_PROVINCIAL_CITIES,STREET,3,15.0
142568,1,4,99,1,1,50.0,0,I,MELB_URBAN,STREET,3,16.0
142569,1,4,110,1,1,50.0,0,I,MELB_URBAN,STREET,3,17.0
142570,1,6,130,5,9,60.0,0,N,MELB_URBAN,ROAD,2,16.0
142571,1,4,134,5,1,60.0,0,N,MELB_URBAN,DRIVE,3,17.0
142572,1,4,160,5,1,80.0,0,N,MELB_URBAN,AVENUE,3,13.0
142573,1,5,130,5,1,60.0,0,N,MELB_URBAN,ROAD,2,15.0
142574,4,3,183,5,1,80.0,0,N,RURAL_VICTORIA,ROAD,3,17.0
142575,1,3,130,5,1,60.0,0,N,MELB_URBAN,ROAD,3,18.0
142576,1,4,120,2,3,50.0,0,N,MELB_URBAN,DRIVE,3,20.0
142577,1,4,116,1,1,60.0,0,I,MELB_URBAN,ROAD,3,17.0
142578,2,3,100,5,1,50.0,0,N,MELB_URBAN,ROAD,3,13.0
142579,1,4,120,5,1,50.0,0,N,SMALL_CITIES,PARADE,3,18.0
142580,2,5,99,5,4,60.0,0,N,MELB_URBAN,STREET,3,0.0
142581,1,4,113,2,1,60.0,0,I,MELB_URBAN,ROAD,3,13.0
142582,1,7,130,5,1,80.0,0,N,MELB_URBAN,ROAD,2,15.0
142583,1,2,130,5,1,40.0,0,N,MELB_URBAN,ROAD,2,8.0
142584,1,5,130,5,1,80.0,0,N,MELB_URBAN,ROAD,3,6.0
142585,1,5,121,5,1,40.0,0,N,MELBOURNE_CBD,STREET,3,8.0
142586,4,3,173,5,3,100.0,0,N,MELB_URBAN,FREEWAY,3,20.0
142587,1,5,110,1,1,60.0,0,I,TOWNS,STREET,3,10.0
142588,1,5,130,2,1,80.0,0,I,MELB_URBAN,ROAD,3,9.0
142589,4,4,99,5,1,100.0,0,N,RURAL_VICTORIA,ROAD,3,10.0
142590,6,4,174,5,2,40.0,0,N,MELBOURNE_CBD,STREET,2,20.0
142591,8,5,99,5,1,60.0,0,N,RURAL_VICTORIA,ROAD,3,11.0
142592,1,7,130,5,1,80.0,0,N,MELB_URBAN,UNKNOWN,2,9.0
142593,1,5,110,1,1,50.0,0,I,LARGE_PROVINCIAL_CITIES,STREET,3,12.0
142594,7,4,99,2,9,60.0,0,N,MELB_URBAN,ROAD,2,16.0
142595,1,5,110,4,1,60.0,0,I,SMALL_CITIES,ROAD,3,12.0
142596,6,7,174,2,1,60.0,0,I,MELB_URBAN,STREET,11,17.0
142597,1,5,116,1,1,80.0,0,I,MELB_URBAN,ROAD,3,6.0
142598,1,4,130,1,1,60.0,0,I,MELB_URBAN,HIGHWAY,3,12.0
142599,1,4,160,5,1,50.0,0,N,LARGE_PROVINCIAL_CITIES,ROAD,3,7.0
142600,1,5,132,1,1,60.0,0,I,MELB_URBAN,STREET,3,9.0
142601,1,2,130,5,1,70.0,0,N,MELB_URBAN,OTHER,3,12.0
142602,1,4,99,5,1,80.0,0,N,MELB_URBAN,STREET,3,12.0
142603,1,4,121,1,2,60.0,0,I,MELB_URBAN,ROAD,3,6.0
142604,6,5,184,5,1,60.0,0,N,MELB_URBAN,DRIVE,3,8.0
142605,8,2,174,5,1,60.0,0,N,RURAL_VICTORIA,ROAD,2,19.0
142606,1,5,120,5,1,60.0,0,N,MELB_URBAN,ROAD,3,13.0
142607,6,3,174,5,1,50.0,0,N,MELB_URBAN,AVENUE,3,17.0
142608,4,6,183,2,1,60.0,0,I,RURAL_VICTORIA,OTHER,2,10.0
142609,1,5,130,5,1,60.0,0,N,LARGE_PROVINCIAL_CITIES,ROAD,3,15.0
142610,1,5,113,1,1,80.0,0,I,RURAL_VICTORIA,HIGHWAY,3,15.0
142611,4,5,171,5,1,70.0,0,N,RURAL_VICTORIA,ROAD,3,15.0
142612,1,4,171,5,1,80.0,0,N,MELB_URBAN,ROAD,3,14.0
142613,1,5,110,1,1,60.0,0,I,MELB_URBAN,ROAD,3,16.0
142614,2,4,100,5,1,50.0,0,N,LARGE_PROVINCIAL_CITIES,STREET,3,17.0
142615,1,4,113,2,1,80.0,0,N,LARGE_PROVINCIAL_CITIES,HIGHWAY,3,16.0
142616,6,5,99,2,1,60.0,0,N,MELB_URBAN,STREET,3,15.0
142617,1,4,121,1,1,70.0,0,I,MELB_URBAN,HIGHWAY,3,18.0
142618,1,5,135,5,1,80.0,0,N,MELB_URBAN,UNKNOWN,3,16.0
142619,1,2,130,5,1,50.0,0,N,RURAL_VICTORIA,HIGHWAY,2,14.0
142620,1,5,130,5,1,60.0,0,N,MELB_URBAN,ROAD,2,16.0
142621,8,5,99,5,1,80.0,0,N,RURAL_VICTORIA,OTHER,3,16.0
142622,1,4,130,5,1,50.0,0,N,RURAL_VICTORIA,ROAD,3,17.0
142623,1,5,99,5,1,60.0,0,N,MELB_URBAN,ROAD,3,16.0
142624,1,0,110,1,1,50.0,0,I,MELB_URBAN,STREET,2,12.0
142625,2,4,100,2,1,50.0,0,I,MELB_URBAN,ROAD,3,16.0
142626,1,5,110,1,2,60.0,0,I,SMALL_CITIES,ROAD,3,18.0
142627,1,3,130,1,1,40.0,0,N,MELB_URBAN,ROAD,3,12.0
142628,1,5,113,2,2,60.0,0,I,MELB_URBAN,ROAD,3,19.0
142629,4,4,99,5,1,40.0,0,N,MELB_URBAN,ROAD,2,16.0
142630,1,5,121,2,3,60.0,0,I,MELB_URBAN,ROAD,3,20.0
142631,1,4,160,5,3,50.0,0,N,MELB_URBAN,STREET,3,20.0
142632,1,5,113,2,1,60.0,0,I,MELB_URBAN,ROAD,3,19.0
142633,1,5,130,2,1,60.0,0,I,MELB_URBAN,UNKNOWN,3,17.0
142634,2,4,99,5,5,60.0,1,N,MELB_URBAN,ROAD,3,20.0
142635,1,5,121,4,3,80.0,0,I,MELB_URBAN,HIGHWAY,3,23.0
142636,1,4,113,4,1,80.0,0,I,MELB_URBAN,RAMP,3,14.0
142637,1,5,130,5,1,60.0,0,N,MELB_URBAN,ROAD,3,18.0
142638,1,5,160,5,1,60.0,0,N,MELB_URBAN,ROAD,3,7.0
142639,4,5,171,5,5,80.0,0,N,RURAL_VICTORIA,RAMP,3,22.0
142640,1,6,99,1,1,60.0,0,N,SMALL_CITIES,STREET,3,7.0
142641,2,5,100,5,1,70.0,0,N,MELB_URBAN,ROAD,3,8.0
142642,1,6,121,2,1,80.0,0,I,MELB_URBAN,ROAD,3,7.0
142643,1,5,130,5,9,60.0,0,N,MELB_URBAN,ROAD,3,7.0
142644,1,6,120,5,4,80.0,0,N,RURAL_VICTORIA,ROAD,3,6.0
142645,1,6,130,2,1,60.0,0,I,MELB_URBAN,ROAD,3,8.0
142646,1,0,140,5,1,100.0,0,N,LARGE_PROVINCIAL_CITIES,ROAD,2,18.0
142647,2,6,100,5,1,60.0,0,N,MELB_URBAN,ROAD,3,8.0
142648,1,5,110,1,1,60.0,0,N,MELB_URBAN,STREET,3,8.0
142649,1,4,120,5,1,100.0,0,N,RURAL_VICTORIA,ROAD,3,17.0
142650,3,1,167,5,1,100.0,0,N,RURAL_VICTORIA,ROAD,2,15.0