,accident_type,day_of_week,dca_code,road_geometry,light_condition,speed_zone,severity,node_type,deg_urban_name,road_type,month,hour
142651,4,6,181,1,1,60.0,0,N,SMALL_CITIES,ROAD,1,17.0
142652,6,6,170,2,1,100.0,0,I,RURAL_VICTORIA,HIGHWAY,3,7.0
142653,1,6,113,2,1,60.0,0,I,MELB_URBAN,ROAD,3,8.0
142654,1,6,181,5,1,50.0,0,N,MELB_URBAN,STREET,3,9.0
142655,1,6,113,2,1,60.0,0,I,LARGE_PROVINCIAL_CITIES,ROAD,3,9.0
142656,8,7,184,5,1,100.0,0,N,RURAL_VICTORIA,ROAD,2,16.0
142657,8,4,184,2,9,100.0,0,N,RURAL_VICTORIA,HIGHWAY,1,17.0
142658,1,6,121,2,1,50.0,0,I,MELB_URBAN,ROAD,3,8.0
142659,4,6,171,5,1,50.0,0,N,MELB_URBAN,OTHER,3,11.0
142660,1,6,113,2,1,50.0,0,I,MELB_URBAN,OTHER,3,7.0
142661,1,4,130,1,9,40.0,0,I,MELB_URBAN,STREET,3,13.0
142662,1,6,130,5,2,40.0,0,N,MELB_URBAN,ROAD,3,7.0
142663,1,6,120,5,1,80.0,0,N,RURAL_VICTORIA,ROAD,3,13.0
142664,1,1,130,1,1,70.0,0,N,MELB_URBAN,ROAD,2,15.0
142665,1,6,121,2,1,70.0,0,I,MELB_URBAN,ROAD,3,12.0
142666,1,6,130,2,1,80.0,0,I,RURAL_VICTORIA,HIGHWAY,3,12.0
142667,4,4,171,5,1,100.0,0,N,RURAL_VICTORIA,ROAD,3,8.0
142668,1,6,113,2,1,60.0,0,N,MELB_URBAN,OTHER,3,12.0
142669,1,6,121,1,1,60.0,0,I,LARGE_PROVINCIAL_CITIES,ROAD,3,12.0
142670,1,5,113,2,1,80.0,0,I,RURAL_VICTORIA,ROAD,3,7.0
142671,4,6,173,5,1,100.0,0,N,MELB_URBAN,RAMP,3,10.0
142672,1,4,110,1,1,60.0,0,I,MELB_URBAN,ROAD,3,16.0
142673,4,6,183,5,1,40.0,0,N,MELB_URBAN,RAMP,3,15.0
142674,1,6,120,5,2,80.0,0,N,RURAL_VICTORIA,ROAD,3,7.0
142675,1,5,130,2,3,60.0,0,I,MELB_URBAN,STREET,3,6.0
142676,1,6,130,1,1,70.0,0,I,MELB_URBAN,HIGHWAY,3,15.0
142677,4,6,99,5,1,50.0,0,N,MELB_URBAN,STREET,3,14.0
142678,1,2,135,5,1,60.0,0,N,MELB_URBAN,HIGHWAY,2,15.0
142679,1,5,130,2,1,60.0,0,I,MELB_URBAN,ROAD,3,15.0
142680,1,6,99,9,1,80.0,0,N,MELB_URBAN,FREEWAY,3,17.0
142681,1,4,113,2,3,60.0,0,I,MELB_URBAN,DRIVE,2,21.0
142682,1,5,110,1,3,50.0,0,I,SMALL_CITIES,STREET,3,20.0
142683,8,6,174,5,5,60.0,0,N,MELB_URBAN,AVENUE,3,21.0
142684,1,6,121,5,3,80.0,0,N,MELB_URBAN,ROAD,3,20.0
142685,1,5,113,1,3,60.0,0,I,MELB_URBAN,STREET,3,21.0
142686,1,6,160,5,1,40.0,0,I,MELB_URBAN,DRIVE,3,18.0
142687,1,6,110,1,3,50.0,0,I,TOWNS,STREET,3,21.0
142688,4,6,171,5,3,60.0,0,N,SMALL_CITIES,STREET,3,20.0
142689,4,3,171,5,3,80.0,0,N,MELB_URBAN,ROAD,3,22.0
142690,2,6,100,2,1,60.0,0,I,MELB_URBAN,ROAD,3,15.0
142691,1,6,147,5,1,50.0,0,N,MELB_URBAN,STREET,3,17.0
142692,1,6,130,5,2,80.0,0,N,MELB_URBAN,FREEWAY,3,20.0
142693,1,5,135,5,1,80.0,0,N,MELB_URBAN,RAMP,3,13.0
142694,1,3,130,2,3,100.0,0,N,MELB_URBAN,ROAD,3,23.0
142695,2,5,99,2,1,60.0,0,N,SMALL_TOWNS,STREET,3,16.0
142696,1,6,110,1,3,40.0,0,I,MELB_URBAN,ROAD,3,23.0
142697,4,6,171,1,3,60.0,0,I,MELB_URBAN,ROAD,3,21.0
142698,1,6,120,5,5,50.0,0,N,MELB_URBAN,ROAD,3,21.0
142699,4,6,183,5,5,60.0,0,N,RURAL_VICTORIA,ROAD,3,23.0
142700,1,2,147,5,1,60.0,0,I,MELB_URBAN,HIGHWAY,2,16.0
142701,1,6,132,5,3,60.0,0,N,MELB_URBAN,ROAD,3,23.0
142702,1,6,110,1,5,60.0,0,I,RURAL_VICTORIA,HIGHWAY,3,23.0
142703,1,6,160,5,3,60.0,0,N,MELB_URBAN,ROAD,2,21.0
142704,4,6,181,5,5,100.0,0,N,RURAL_VICTORIA,ROAD,3,23.0
142705,1,7,160,5,3,50.0,0,N,MELB_URBAN,STREET,3,1.0
142706,6,1,174,2,9,60.0,0,I,RURAL_VICTORIA,ROAD,1,14.0
142707,1,6,147,5,1,60.0,0,N,RURAL_VICTORIA,DRIVE,2,8.0
142708,1,3,130,5,1,80.0,0,N,MELB_URBAN,HIGHWAY,3,18.0
142709,1,7,121,4,1,50.0,0,N,MELB_URBAN,ROAD,3,8.0
142710,1,7,134,5,1,80.0,0,N,MELB_URBAN,FREEWAY,3,8.0
142711,4,7,173,5,1,100.0,0,N,RURAL_VICTORIA,HIGHWAY,3,10.0
142712,2,7,100,5,1,60.0,0,N,LARGE_PROVINCIAL_CITIES,ROAD,3,10.0
142713,4,7,171,5,1,100.0,0,N,RURAL_VICTORIA,ROAD,3,9.0
142714,1,7,134,5,1,100.0,0,N,MELB_URBAN,FREEWAY,3,10.0
142715,1,7,113,2,1,60.0,0,I,MELB_URBAN,ROAD,3,11.0
142716,1,7,120,5,1,100.0,0,N,RURAL_VICTORIA,HIGHWAY,3,7.0
142717,1,7,134,5,1,60.0,0,N,MELB_URBAN,STREET,3,11.0
142718,7,6,99,5,1,60.0,0,N,MELBOURNE_CBD,STREET,3,10.0
142719,1,7,130,5,1,60.0,0,N,MELB_URBAN,STREET,3,11.0
142720,1,4,133,2,1,60.0,0,I,MELB_URBAN,OTHER,3,20.0
142721,5,6,99,5,1,60.0,0,N,RURAL_VICTORIA,ROAD,2,11.0
142722,1,7,121,1,1,60.0,0,I,MELB_URBAN,ROAD,3,12.0
142723,2,3,100,1,1,50.0,0,I,MELB_URBAN,STREET,3,11.0
142724,4,7,173,2,1,50.0,0,I,MELB_URBAN,STREET,3,10.0
142725,4,7,171,5,1,100.0,0,N,RURAL_VICTORIA,ROAD,3,12.0
142726,1,5,111,1,1,80.0,0,I,RURAL_VICTORIA,ROAD,3,15.0
142727,4,6,171,5,9,80.0,0,N,RURAL_VICTORIA,ROAD,3,22.0
142728,4,6,171,1,1,60.0,0,N,MELB_URBAN,ROAD,3,14.0
142729,1,7,130,5,1,80.0,0,N,RURAL_VICTORIA,ROAD,3,14.0
142730,1,6,110,1,5,100.0,0,I,RURAL_VICTORIA,ROAD,4,18.0
142731,1,2,130,1,9,70.0,0,I,MELB_URBAN,ROAD,2,13.0
142732,1,6,99,1,1,70.0,0,I,MELB_URBAN,ROAD,3,12.0
142733,1,7,140,5,1,60.0,0,N,MELB_URBAN,ROAD,3,15.0
142734,1,7,99,5,1,100.0,0,N,RURAL_VICTORIA,ROAD,3,14.0
142735,3,1,167,5,1,100.0,0,N,RURAL_VICTORIA,ROAD,2,10.0
142736,1,5,130,5,1,70.0,0,N,MELB_URBAN,STREET,3,16.0
142737,1,7,120,5,1,60.0,0,N,SMALL_CITIES,DRIVE,3,11.0
142738,1,6,160,5,1,60.0,0,N,MELB_URBAN,ROAD,3,16.0
142739,1,7,160,6,1,50.0,0,N,SMALL_CITIES,OTHER,3,16.0
142740,1,4,110,1,1,60.0,0,I,LARGE_PROVINCIAL_CITIES,STREET,3,7.0
142741,1,7,121,1,1,60.0,0,I,SMALL_CITIES,STREET,3,13.0
142742,1,7,130,5,1,60.0,0,N,MELB_URBAN,STREET,3,18.0
142743,2,7,99,6,2,60.0,0,N,MELB_URBAN,OTHER,3,18.0
142744,1,7,113,2,2,100.0,0,I,RURAL_VICTORIA,ROAD,3,5.0
142745,1,7,113,2,3,80.0,0,I,MELB_URBAN,ROAD,3,21.0
142746,2,7,102,5,3,40.0,0,N,MELB_URBAN,ROAD,3,23.0
142747,1,7,147,5,3,60.0,0,N,MELB_URBAN,ROAD,3,22.0
142748,2,1,102,5,3,40.0,0,N,MELBOURNE_CBD,STREET,3,0.0
142749,4,1,173,4,5,80.0,0,I,RURAL_VICTORIA,RAMP,3,1.0
142750,4,1,183,5,3,60.0,0,N,MELB_URBAN,RAMP,3,2.0
142751,2,1,99,5,3,40.0,0,N,MELBOURNE_CBD,STREET,3,3.0
142752,1,0,134,4,3,60.0,0,N,MELB_URBAN,ROAD,3,3.0
142753,1,0,130,5,6,100.0,0,N,MELB_URBAN,FREEWAY,3,3.0
142754,1,6,110,1,3,60.0,0,I,MELB_URBAN,ROAD,3,22.0
142755,4,1,171,5,3,80.0,0,N,MELB_URBAN,ROAD,3,5.0
142756,1,4,99,5,1,50.0,0,N,MELB_URBAN,AVENUE,2,17.0
142757,1,1,110,1,1,100.0,0,I,RURAL_VICTORIA,HIGHWAY,3,8.0
142758,1,1,111,1,9,40.0,0,I,MELB_URBAN,AVENUE,2,18.0
142759,2,1,100,1,1,50.0,0,I,MELB_URBAN,ROAD,3,10.0
142760,1,7,110,1,1,50.0,0,I,LARGE_PROVINCIAL_CITIES,STREET,3,18.0
142761,1,5,130,2,1,80.0,0,N,MELB_URBAN,ROAD,2,14.0
142762,6,4,170,5,1,100.0,0,N,RURAL_VICTORIA,ROAD,3,18.0
142763,8,1,174,5,1,60.0,0,N,RURAL_VICTORIA,ROAD,3,11.0
142764,1,1,99,2,1,60.0,0,N,SMALL_CITIES,STREET,3,13.0
142765,5,1,99,5,1,100.0,0,N,RURAL_VICTORIA,OTHER,3,12.0
142766,1,0,130,5,1,80.0,0,N,LARGE_PROVINCIAL_CITIES,STREET,3,13.0
142767,4,1,183,5,1,60.0,0,N,RURAL_VICTORIA,ROAD,3,12.0
142768,1,0,120,5,1,70.0,0,N,LARGE_PROVINCIAL_CITIES,ROAD,3,13.0
142769,4,0,173,5,1,80.0,0,N,RURAL_VICTORIA,ROAD,3,8.0
142770,1,7,130,5,1,60.0,0,N,SMALL_CITIES,PARADE,3,11.0
142771,1,1,121,5,1,60.0,0,N,MELB_URBAN,ROAD,3,12.0
142772,4,0,181,5,1,60.0,0,N,SMALL_CITIES,ROAD,3,10.0
142773,1,1,99,2,3,50.0,0,N,MELB_URBAN,STREET,3,0.0
142774,1,5,121,1,2,60.0,0,I,TOWNS,STREET,2,6.0
142775,1,1,99,1,1,70.0,0,I,LARGE_PROVINCIAL_CITIES,HIGHWAY,3,15.0
142776,1,1,133,1,1,80.0,0,N,MELB_URBAN,ROAD,3,13.0
142777,1,0,121,1,1,50.0,0,I,MELB_URBAN,STREET,3,16.0
142778,1,3,130,5,1,40.0,0,N,MELB_URBAN,HIGHWAY,3,14.0
142779,1,1,99,2,1,50.0,0,I,MELB_URBAN,ROAD,3,14.0
142780,1,5,99,1,1,60.0,0,I,MELB_URBAN,ROAD,2,18.0
142781,1,1,132,1,1,70.0,0,N,MELB_URBAN,ROAD,3,17.0
142782,1,1,130,5,1,70.0,0,N,MELB_URBAN,HIGHWAY,3,17.0
142783,1,6,99,5,1,60.0,0,N,MELB_URBAN,ROAD,2,15.0
142784,1,5,160,5,3,50.0,0,N,MELB_URBAN,ROAD,3,20.0
142785,6,6,99,5,3,80.0,0,N,SMALL_TOWNS,HIGHWAY,3,22.0
142786,1,2,173,2,9,60.0,0,I,MELB_URBAN,ROAD,2,20.0
142787,1,0,121,1,3,80.0,0,N,MELB_URBAN,ROAD,3,20.0
142788,1,2,130,5,1,80.0,0,N,MELB_URBAN,HIGHWAY,1,16.0
142789,6,1,174,5,3,80.0,0,N,MELB_URBAN,ROAD,3,22.0
142790,1,1,130,5,5,100.0,0,N,RURAL_VICTORIA,FREEWAY,3,21.0
142791,6,0,99,5,3,70.0,0,N,LARGE_PROVINCIAL_CITIES,ROAD,3,23.0
142792,4,1,99,2,9,80.0,0,I,RURAL_VICTORIA,ROAD,3,22.0
142793,4,1,183,5,3,60.0,0,N,MELB_URBAN,STREET,3,22.0
142794,1,2,130,1,1,80.0,0,N,MELB_URBAN,HIGHWAY,2,11.0
142795,1,1,120,5,5,80.0,0,N,RURAL_VICTORIA,ROAD,3,1.0
142796,1,2,120,5,5,100.0,0,N,RURAL_VICTORIA,HIGHWAY,3,3.0
142797,1,2,130,1,3,80.0,0,I,MELB_URBAN,HIGHWAY,3,3.0
142798,4,2,171,5,5,100.0,1,N,RURAL_VICTORIA,ROAD,3,5.0
142799,4,2,171,5,9,60.0,0,N,SMALL_CITIES,ROAD,2,21.0
142800,1,1,116,2,5,100.0,0,N,RURAL_VICTORIA,ROAD,3,6.0
142801,1,6,130,1,3,60.0,0,I,MELB_URBAN,STREET,3,20.0
142802,1,2,99,2,1,60.0,0,I,MELB_URBAN,ROAD,3,8.0
142803,6,1,184,5,1,60.0,0,N,MELB_URBAN,ROAD,3,19.0
142804,1,2,130,5,1,80.0,0,N,MELB_URBAN,ROAD,3,9.0
142805,4,0,171,5,5,100.0,0,I,RURAL_VICTORIA,ROAD,3,23.0
142806,1,2,160,5,1,50.0,0,N,MELB_URBAN,AVENUE,3,9.0
142807,1,2,130,5,1,70.0,0,N,MELB_URBAN,ROAD,3,7.0
142808,1,2,116,1,1,50.0,0,I,MELB_URBAN,STREET,3,11.0
142809,1,2,121,1,1,40.0,0,I,MELB_URBAN,STREET,3,8.0
142810,1,7,99,5,1,50.0,0,N,MELB_URBAN,STREET,2,13.0
142811,4,0,181,5,1,40.0,0,N,RURAL_VICTORIA,ROAD,12,14.0
142812,1,1,130,5,1,60.0,0,N,MELB_URBAN,ROAD,2,17.0
142813,1,2,135,5,1,50.0,0,N,SMALL_CITIES,ROAD,3,8.0
142814,1,2,99,2,1,40.0,0,I,MELB_URBAN,STREET,3,8.0
142815,2,0,99,5,2,50.0,0,N,MELB_URBAN,ROAD,2,20.0
142816,1,2,130,5,1,100.0,0,N,RURAL_VICTORIA,ROAD,3,8.0
142817,5,0,99,5,1,100.0,0,N,RURAL_VICTORIA,ROAD,2,8.0
142818,1,3,99,5,1,50.0,0,N,MELB_URBAN,AVENUE,3,12.0
142819,1,6,130,1,1,40.0,0,I,MELB_URBAN,ROAD,2,10.0
142820,2,2,100,5,1,50.0,0,N,RURAL_VICTORIA,BOULEVARD,3,8.0
142821,1,2,111,2,9,60.0,0,N,RURAL_VICTORIA,STREET,3,6.0
142822,8,7,174,5,3,60.0,0,N,MELB_URBAN,ROAD,3,23.0
142823,1,3,110,1,1,60.0,0,I,MELB_URBAN,STREET,3,17.0
142824,1,1,113,2,1,40.0,0,N,RURAL_VICTORIA,ROAD,3,12.0
142825,1,7,121,1,1,40.0,0,I,MELB_URBAN,ROAD,2,19.0
142826,6,1,99,5,5,60.0,0,N,RURAL_VICTORIA,ROAD,2,19.0
142827,4,0,171,5,1,100.0,0,N,RURAL_VICTORIA,ROAD,3,11.0
142828,1,2,130,5,1,80.0,0,N,MELB_URBAN,FREEWAY,3,14.0
142829,1,1,134,2,1,100.0,0,N,RURAL_VICTORIA,HIGHWAY,3,15.0
142830,1,2,99,2,1,40.0,0,I,MELB_URBAN,STREET,3,18.0
142831,4,2,171,5,1,100.0,0,N,RURAL_VICTORIA,ROAD,3,17.0
142832,8,6,174,5,1,40.0,0,N,MELB_URBAN,STREET,2,14.0
142833,2,2,99,5,1,50.0,0,N,MELB_URBAN,STREET,3,15.0
142834,8,4,99,1,1,80.0,0,N,MELB_URBAN,ROAD,2,14.0
142835,1,7,130,5,3,80.0,0,N,MELB_URBAN,ROAD,3,22.0
142836,1,5,135,5,1,100.0,0,N,MELB_URBAN,ROAD,2,15.0
142837,2,2,100,1,1,70.0,0,I,MELB_URBAN,ROAD,3,18.0
142838,1,2,140,1,1,60.0,0,I,MELB_URBAN,ROAD,3,17.0
142839,1,2,130,2,1,60.0,0,I,MELB_URBAN,ROAD,3,17.0
142840,1,2,113,2,2,80.0,0,I,MELB_URBAN,HIGHWAY,3,18.0
142841,1,2,121,1,3,60.0,0,I,MELB_URBAN,STREET,3,21.0
142842,1,1,147,5,9,60.0,0,N,MELB_URBAN,STREET,3,19.0
142843,1,2,120,5,3,80.0,0,N,LARGE_PROVINCIAL_CITIES,ROAD,3,5.0
142844,6,0,174,5,1,100.0,0,N,RURAL_VICTORIA,OTHER,3,16.0
142845,5,1,99,5,1,60.0,0,N,RURAL_VICTORIA,OTHER,3,11.0
142846,6,2,99,5,5,100.0,0,N,RURAL_VICTORIA,ROAD,3,22.0
142847,1,6,130,5,9,60.0,0,N,MELB_URBAN,ROAD,2,18.0
142848,6,3,174,5,5,80.0,0,N,RURAL_VICTORIA,HIGHWAY,2,20.0
142849,1,2,99,2,1,40.0,0,I,MELB_URBAN,STREET,3,13.0
142850,1,3,130,5,1,80.0,0,N,MELB_URBAN,ROAD,3,6.0
142851,1,4,99,5,1,110.0,0,N,RURAL_VICTORIA,FREEWAY,2,12.0
142852,1,3,135,5,1,80.0,0,N,MELB_URBAN,RAMP,3,8.0
142853,4,5,183,5,1,100.0,0,N,RURAL_VICTORIA,ROAD,3,15.0
142854,1,3,113,2,1,80.0,0,I,MELB_URBAN,ROAD,3,10.0
142855,2,3,102,4,1,60.0,0,I,MELB_URBAN,STREET,3,11.0
142856,1,7,113,2,1,60.0,0,I,MELB_URBAN,STREET,3,12.0
142857,1,3,99,1,1,60.0,0,I,MELB_URBAN,ROAD,3,12.0
142858,4,1,171,5,3,100.0,0,N,RURAL_VICTORIA,FREEWAY,2,0.0
142859,4,2,171,5,3,50.0,0,N,MELB_URBAN,DRIVE,4,0.0
142860,6,3,174,5,2,100.0,0,N,RURAL_VICTORIA,ROAD,3,6.0
142861,4,5,173,5,1,110.0,0,N,RURAL_VICTORIA,FREEWAY,1,12.0
142862,1,3,121,1,1,50.0,0,I,TOWNS,STREET,3,12.0
142863,1,7,110,4,3,60.0,0,I,MELB_URBAN,ROAD,3,21.0
142864,1,1,130,4,1,60.0,0,N,RURAL_VICTORIA,HIGHWAY,3,18.0
142865,1,5,99,2,1,40.0,0,N,MELB_URBAN,STREET,3,13.0
142866,1,4,99,2,1,50.0,0,I,MELB_URBAN,ROAD,2,14.0
142867,1,2,99,5,1,60.0,0,N,MELB_URBAN,AVENUE,3,10.0
142868,1,3,130,5,1,100.0,0,I,MELB_URBAN,FREEWAY,3,15.0
142869,1,6,133,5,3,40.0,0,N,MELB_URBAN,STREET,3,5.0
142870,1,3,120,2,1,50.0,0,I,MELB_URBAN,AVENUE,3,17.0
142871,1,3,116,1,1,40.0,0,I,TOWNS,STREET,3,14.0
142872,1,3,130,5,1,70.0,0,N,LARGE_PROVINCIAL_CITIES,ROAD,3,12.0
142873,8,7,184,5,1,60.0,0,N,RURAL_VICTORIA,ROAD,2,13.0
142874,2,2,99,5,1,60.0,0,N,MELB_URBAN,STREET,3,14.0
142875,1,6,121,1,3,60.0,0,I,LARGE_PROVINCIAL_CITIES,STREET,1,21.0
142876,8,2,174,5,1,100.0,0,N,RURAL_VICTORIA,ROAD,3,12.0
142877,1,4,121,1,1,60.0,0,I,MELB_URBAN,PARADE,2,18.0
142878,1,3,160,5,1,60.0,0,N,MELB_URBAN,ROAD,3,16.0
142879,1,4,147,5,1,60.0,0,N,MELB_URBAN,ROAD,3,17.0
142880,4,3,173,1,1,80.0,0,N,RURAL_VICTORIA,ROAD,3,12.0
142881,1,3,99,2,1,60.0,0,I,MELB_URBAN,ROAD,3,16.0
142882,4,3,173,2,1,40.0,0,I,SMALL_CITIES,ROAD,3,14.0
142883,1,3,113,2,1,80.0,0,I,MELB_URBAN,ROAD,3,18.0
142884,1,1,130,5,1,80.0,0,N,MELB_URBAN,HIGHWAY,3,17.0
142885,1,3,113,4,1,60.0,0,I,MELB_URBAN,RAMP,3,18.0
142886,1,2,130,5,1,60.0,0,N,MELB_URBAN,STREET,3,19.0
142887,1,3,111,4,1,80.0,0,I,MELB_URBAN,ROAD,2,15.0
142888,4,3,173,5,1,100.0,0,N,RURAL_VICTORIA,HIGHWAY,3,14.0
142889,1,3,121,1,2,60.0,0,N,MELB_URBAN,STREET,3,19.0
142890,1,2,130,5,3,80.0,0,N,MELB_URBAN,ROAD,3,20.0
142891,1,3,121,1,3,60.0,0,I,MELB_URBAN,PARADE,3,21.0
142892,4,2,173,5,5,110.0,0,N,RURAL_VICTORIA,HIGHWAY,3,21.0
142893,4,3,173,5,3,60.0,0,N,MELB_URBAN,STREET,3,23.0
142894,2,4,102,1,3,60.0,0,I,MELB_URBAN,STREET,3,1.0
142895,1,2,121,1,1,60.0,0,I,MELB_URBAN,ROAD,2,18.0
142896,4,3,99,5,3,50.0,0,N,RURAL_VICTORIA,DRIVE,3,4.0
142897,1,3,111,2,2,70.0,0,I,MELB_URBAN,ROAD,1,7.0
142898,4,4,173,5,5,100.0,0,N,RURAL_VICTORIA,ROAD,3,19.0
142899,1,3,116,1,1,80.0,0,I,TOWNS,ROAD,3,7.0
142900,8,3,174,2,1,60.0,0,I,TOWNS,STREET,2,13.0
142901,1,4,116,2,1,100.0,0,I,RURAL_VICTORIA,ROAD,3,9.0
142902,3,4,167,5,1,60.0,0,N,LARGE_PROVINCIAL_CITIES,STREET,3,9.0
142903,1,4,130,5,1,60.0,0,N,MELB_URBAN,ROAD,3,10.0
142904,1,2,111,1,1,70.0,0,I,LARGE_PROVINCIAL_CITIES,STREET,2,13.0
142905,1,4,99,5,1,80.0,0,N,RURAL_VICTORIA,HIGHWAY,3,10.0
142906,2,5,100,1,9,40.0,0,I,MELB_URBAN,HIGHWAY,3,12.0
142907,1,4,134,5,1,60.0,0,N,MELB_URBAN,STREET,3,9.0
142908,1,3,121,1,1,60.0,0,I,MELB_URBAN,ROAD,3,12.0
142909,1,2,130,5,6,80.0,0,I,MELB_URBAN,FREEWAY,3,21.0
142910,5,7,99,5,2,100.0,0,N,RURAL_VICTORIA,ROAD,3,17.0
142911,1,4,130,2,2,60.0,0,I,SMALL_CITIES,STREET,3,6.0
142912,1,2,113,2,1,80.0,0,I,MELB_URBAN,ROAD,3,9.0
142913,1,4,160,5,1,50.0,0,N,MELB_URBAN,ROAD,3,11.0
142914,1,2,121,5,1,60.0,0,N,LARGE_PROVINCIAL_CITIES,ROAD,3,9.0
142915,1,5,130,5,1,60.0,0,N,MELB_URBAN,STREET,2,18.0
142916,4,4,171,5,1,60.0,0,N,RURAL_VICTORIA,ROAD,3,12.0
142917,1,3,130,2,9,60.0,0,I,MELB_URBAN,STREET,2,13.0
142918,5,7,99,5,1,100.0,0,N,RURAL_VICTORIA,ROAD,3,15.0
142919,4,4,173,5,1,100.0,0,N,MELB_URBAN,FREEWAY,3,14.0
142920,6,4,99,5,1,100.0,0,N,RURAL_VICTORIA,ROAD,3,14.0
142921,4,4,183,5,1,80.0,0,N,RURAL_VICTORIA,HIGHWAY,3,8.0
142922,2,5,99,5,1,40.0,0,N,UNKNOWN,AVENUE,2,14.0
142923,1,3,99,1,1,60.0,0,N,MELB_URBAN,ROAD,3,8.0
142924,1,1,130,5,1,60.0,0,N,MELB_URBAN,ROAD,3,13.0
142925,1,4,99,5,1,50.0,0,N,MELB_URBAN,AVENUE,3,15.0
142926,3,1,167,5,5,100.0,0,N,RURAL_VICTORIA,HIGHWAY,1,5.0
142927,6,5,184,5,1,100.0,0,N,RURAL_VICTORIA,ROAD,2,16.0
142928,2,4,102,5,1,50.0,0,N,MELB_URBAN,STREET,3,15.0
142929,1,2,130,5,2,60.0,0,N,RURAL_VICTORIA,HIGHWAY,3,20.0
142930,1,3,130,2,1,60.0,0,I,TOWNS,HIGHWAY,3,14.0
142931,1,3,130,5,1,70.0,0,N,RURAL_VICTORIA,ROAD,3,15.0
142932,1,3,121,1,1,50.0,0,I,TOWNS,ROAD,3,17.0
142933,1,3,130,1,1,80.0,0,N,MELB_URBAN,OTHER,2,16.0
142934,1,4,130,3,1,80.0,0,I,RURAL_VICTORIA,ROAD,3,16.0
142935,1,3,130,5,1,60.0,0,N,MELB_URBAN,HIGHWAY,3,11.0
142936,1,3,130,5,1,60.0,0,N,MELB_URBAN,ROAD,3,19.0
142937,1,3,147,1,1,60.0,0,I,MELB_URBAN,ROAD,3,18.0
142938,1,4,120,2,1,100.0,0,I,RURAL_VICTORIA,OTHER,3,15.0
142939,4,4,171,3,1,60.0,0,N,MELB_URBAN,ROAD,3,19.0
142940,8,1,99,5,1,100.0,0,N,RURAL_VICTORIA,ROAD,2,18.0
142941,1,3,130,5,1,60.0,0,N,MELB_URBAN,STREET,3,16.0
142942,4,4,183,5,3,80.0,0,N,SMALL_CITIES,ROAD,3,20.0
142943,2,3,99,5,9,60.0,0,N,MELB_URBAN,OTHER,3,1.0
142944,1,4,135,5,1,80.0,0,N,MELB_URBAN,ROAD,3,17.0
142945,1,4,121,1,3,60.0,0,I,MELB_URBAN,ROAD,3,21.0
142946,4,4,183,5,1,60.0,0,N,MELB_URBAN,ROAD,3,15.0
142947,1,4,121,1,3,60.0,0,I,MELB_URBAN,ROAD,3,22.0
142948,1,4,110,1,2,100.0,1,I,RURAL_VICTORIA,ROAD,3,19.0
142949,4,3,99,5,3,60.0,0,N,MELB_URBAN,ROAD,3,22.0
142950,1,4,130,5,3,80.0,0,N,MELB_URBAN,FREEWAY,3,23.0
142951,1,4,147,5,5,60.0,0,N,TOWNS,ROAD,3,21.0
142952,1,5,135,5,2,60.0,0,N,MELB_URBAN,STREET,3,6.0
142953,1,5,110,1,2,60.0,0,I,LARGE_PROVINCIAL_CITIES,STREET,3,6.0
142954,1,5,113,2,1,60.0,0,I,MELB_URBAN,ROAD,3,7.0
142955,1,4,113,1,1,80.0,0,I,MELB_URBAN,HIGHWAY,3,7.0
142956,1,6,110,1,1,60.0,0,I,MELB_URBAN,STREET,3,15.0
142957,1,3,147,5,1,50.0,0,N,MELB_URBAN,STREET,3,11.0
142958,1,2,121,4,1,50.0,0,I,MELB_URBAN,STREET,3,16.0
142959,2,3,99,5,1,60.0,0,N,MELB_URBAN,PARADE,2,16.0
142960,1,5,113,2,1,40.0,0,I,LARGE_PROVINCIAL_CITIES,ROAD,3,9.0
142961,4,5,181,5,2,100.0,0,N,RURAL_VICTORIA,FREEWAY,3,7.0
142962,1,4,134,5,1,60.0,0,N,MELB_URBAN,STREET,3,10.0
142963,1,1,132,5,1,60.0,0,N,MELB_URBAN,ROAD,2,8.0
142964,2,4,100,5,1,60.0,0,N,MELB_URBAN,UNKNOWN,3,9.0
142965,2,5,99,5,1,40.0,0,N,MELB_URBAN,STREET,3,11.0
142966,5,3,99,5,1,100.0,0,N,MELB_URBAN,RAMP,3,18.0
142967,1,3,99,2,9,50.0,0,I,MELB_URBAN,STREET,3,17.0
142968,1,5,130,5,2,80.0,0,N,MELB_URBAN,ROAD,3,6.0
142969,1,4,130,5,1,60.0,0,N,MELB_URBAN,ROAD,3,9.0
142970,4,5,171,5,1,50.0,0,N,MELB_URBAN,DRIVE,3,10.0
142971,1,5,113,4,1,60.0,0,I,MELB_URBAN,RAMP,3,11.0
142972,1,3,99,5,1,50.0,0,N,MELB_URBAN,ROAD,2,7.0
142973,1,5,110,1,1,60.0,0,I,MELB_URBAN,STREET,3,10.0
142974,1,4,121,2,1,80.0,0,I,MELB_URBAN,ROAD,3,17.0
142975,3,7,167,5,2,60.0,0,N,RURAL_VICTORIA,ROAD,2,20.0