,accident_type,day_of_week,dca_code,road_geometry,light_condition,speed_zone,severity,node_type,deg_urban_name,road_type,month,hour
142976,1,4,113,2,1,50.0,0,I,RURAL_VICTORIA,DRIVE,3,6.0
142977,1,5,160,2,1,60.0,0,I,MELB_URBAN,OTHER,12,10.0
142978,4,4,171,5,5,80.0,0,N,MELB_URBAN,UNKNOWN,2,22.0
142979,1,5,135,5,1,80.0,0,N,MELB_URBAN,FREEWAY,3,6.0
142980,1,5,113,2,1,80.0,0,I,MELB_URBAN,ROAD,3,14.0
142981,1,4,140,1,1,80.0,0,N,MELB_URBAN,AVENUE,3,13.0
142982,1,5,130,5,1,80.0,0,N,MELB_URBAN,RAMP,3,12.0
142983,1,2,163,5,9,50.0,0,N,MELB_URBAN,STREET,1,17.0
142984,1,5,99,2,1,80.0,0,N,RURAL_VICTORIA,ROAD,3,16.0
142985,1,5,130,5,1,100.0,0,N,RURAL_VICTORIA,HIGHWAY,3,16.0
142986,1,7,130,5,1,60.0,0,N,MELB_URBAN,AVENUE,2,19.0
142987,2,2,99,5,1,50.0,0,N,MELB_URBAN,PARADE,3,17.0
142988,1,4,132,2,1,60.0,0,I,MELB_URBAN,ROAD,3,15.0
142989,1,4,121,2,1,80.0,0,I,SMALL_CITIES,HIGHWAY,3,17.0
142990,8,6,99,9,9,100.0,0,N,RURAL_VICTORIA,ROAD,12,18.0
142991,1,1,121,1,1,60.0,0,N,MELB_URBAN,HIGHWAY,1,14.0
142992,4,5,183,5,1,60.0,0,N,RURAL_VICTORIA,ROAD,3,17.0
142993,1,2,130,5,1,80.0,0,N,MELB_URBAN,FREEWAY,3,17.0
142994,1,2,130,1,1,50.0,0,I,LARGE_PROVINCIAL_CITIES,AVENUE,2,11.0
142995,1,5,121,1,1,60.0,0,I,MELB_URBAN,HIGHWAY,3,17.0
142996,1,5,135,5,1,60.0,0,N,MELB_URBAN,ROAD,3,17.0
142997,1,4,113,2,1,60.0,0,I,MELB_URBAN,ROAD,3,16.0
142998,1,4,130,1,6,60.0,0,I,MELB_URBAN,BOULEVARD,3,21.0
142999,1,5,132,1,9,30.0,0,N,RURAL_VICTORIA,ROAD,3,18.0
143000,4,5,171,5,1,60.0,0,N,LARGE_PROVINCIAL_CITIES,ROAD,3,18.0
143001,1,5,99,2,2,60.0,0,N,MELB_URBAN,UNKNOWN,3,20.0
143002,1,5,99,2,1,50.0,0,I,LARGE_PROVINCIAL_CITIES,AVENUE,3,17.0
143003,1,4,147,5,1,60.0,0,N,MELB_URBAN,ROAD,3,19.0
143004,1,5,130,5,3,100.0,0,N,MELB_URBAN,UNKNOWN,3,0.0
143005,1,4,130,5,5,60.0,0,N,RURAL_VICTORIA,ROAD,3,21.0
143006,1,6,171,5,3,60.0,0,N,MELB_URBAN,ROAD,3,1.0
143007,1,5,160,5,1,50.0,0,N,MELB_URBAN,DRIVE,3,7.0
143008,1,5,121,2,3,60.0,0,I,SMALL_CITIES,STREET,3,20.0
143009,1,5,120,2,1,50.0,0,I,RURAL_VICTORIA,DRIVE,3,8.0
143010,1,6,99,5,1,60.0,0,N,MELB_URBAN,ROAD,3,8.0
143011,1,6,130,5,1,80.0,0,N,MELB_URBAN,HIGHWAY,3,7.0
143012,1,5,113,2,1,60.0,0,I,MELB_URBAN,ROAD,3,15.0
143013,1,6,130,2,1,50.0,0,I,MELB_URBAN,DRIVE,3,7.0
143014,1,2,116,2,3,60.0,0,I,MELB_URBAN,BOULEVARD,9,19.0
143015,1,5,130,5,1,80.0,0,N,MELB_URBAN,ROAD,3,10.0
143016,1,4,147,5,2,50.0,0,N,TOWNS,STREET,3,19.0
143017,1,5,130,5,1,60.0,0,N,MELB_URBAN,ROAD,3,8.0
143018,1,3,99,5,1,60.0,0,N,MELB_URBAN,STREET,3,12.0
143019,1,5,99,5,1,100.0,0,N,LARGE_PROVINCIAL_CITIES,ROAD,3,11.0
143020,1,6,121,2,1,40.0,0,I,MELB_URBAN,ROAD,2,11.0
143021,1,6,130,5,1,40.0,0,N,MELB_URBAN,STREET,3,8.0
143022,1,2,113,2,1,60.0,0,I,MELB_URBAN,ROAD,1,9.0
143023,1,6,110,1,1,100.0,0,N,RURAL_VICTORIA,ROAD,3,12.0
143024,1,5,130,5,1,60.0,0,N,MELB_URBAN,HIGHWAY,3,12.0
143025,1,6,113,2,1,80.0,0,I,RURAL_VICTORIA,ROAD,3,13.0
143026,4,5,171,5,1,100.0,0,N,RURAL_VICTORIA,ROAD,3,9.0
143027,1,6,99,1,1,60.0,0,N,MELB_URBAN,STREET,3,12.0
143028,1,5,130,5,1,80.0,0,N,MELB_URBAN,ROAD,3,10.0
143029,1,4,130,5,1,60.0,0,N,MELB_URBAN,FREEWAY,3,17.0
143030,6,6,99,5,1,100.0,0,N,MELB_URBAN,FREEWAY,3,15.0
143031,1,6,99,2,1,60.0,0,I,MELB_URBAN,STREET,3,16.0
143032,1,5,133,5,5,90.0,0,N,MELB_URBAN,ROAD,3,19.0
143033,4,6,171,5,1,60.0,0,N,TOWNS,ROAD,3,15.0
143034,2,6,99,5,1,60.0,0,N,MELB_URBAN,ROAD,3,17.0
143035,1,6,120,5,2,60.0,0,N,RURAL_VICTORIA,ROAD,3,16.0
143036,1,3,133,5,1,40.0,0,N,MELB_URBAN,ROAD,3,8.0
143037,1,6,133,5,1,50.0,0,N,MELB_URBAN,STREET,3,15.0
143038,4,5,171,5,1,80.0,0,N,RURAL_VICTORIA,HIGHWAY,3,17.0
143039,1,6,130,5,1,70.0,0,N,MELB_URBAN,ROAD,3,15.0
143040,1,5,121,2,1,100.0,0,I,RURAL_VICTORIA,RAMP,3,13.0
143041,1,6,120,5,1,100.0,0,N,RURAL_VICTORIA,ROAD,3,15.0
143042,1,5,130,1,1,50.0,0,I,MELB_URBAN,ROAD,3,19.0
143043,1,5,130,5,1,60.0,0,N,MELB_URBAN,ROAD,3,11.0
143044,1,6,132,5,1,60.0,0,N,LARGE_PROVINCIAL_CITIES,STREET,3,15.0
143045,1,6,130,5,1,80.0,0,N,MELB_URBAN,HIGHWAY,3,19.0
143046,1,6,147,5,1,60.0,0,N,MELB_URBAN,ROAD,3,17.0
143047,1,6,120,5,1,100.0,0,N,RURAL_VICTORIA,HIGHWAY,3,17.0
143048,4,6,173,5,1,100.0,0,N,RURAL_VICTORIA,OTHER,3,18.0
143049,1,6,134,5,3,80.0,0,N,MELB_URBAN,HIGHWAY,3,22.0
143050,4,6,173,5,1,80.0,0,N,MELB_URBAN,HIGHWAY,3,16.0
143051,1,6,135,5,3,100.0,0,N,MELB_URBAN,ROAD,3,20.0
143052,4,7,173,5,5,50.0,0,N,RURAL_VICTORIA,ROAD,3,0.0
143053,4,5,183,5,3,50.0,0,N,TOWNS,BOULEVARD,3,23.0
143054,1,5,133,4,1,60.0,0,I,MELB_URBAN,ROAD,3,14.0
143055,4,7,171,5,3,50.0,0,N,MELB_URBAN,ROAD,3,0.0
143056,1,2,130,5,3,50.0,0,N,MELB_URBAN,STREET,3,17.0
143057,1,7,160,5,3,50.0,0,N,MELB_URBAN,ROAD,3,6.0
143058,4,7,171,5,1,100.0,0,N,RURAL_VICTORIA,ROAD,3,8.0
143059,2,6,99,5,1,50.0,0,N,MELB_URBAN,STREET,3,8.0
143060,1,7,134,5,1,110.0,0,N,RURAL_VICTORIA,RAMP,3,8.0
143061,4,5,173,5,1,60.0,0,N,SMALL_TOWNS,ROAD,1,19.0
143062,8,7,174,2,1,60.0,0,I,LARGE_PROVINCIAL_CITIES,STREET,3,9.0
143063,4,7,181,2,1,60.0,0,I,RURAL_VICTORIA,ROAD,3,10.0
143064,1,4,130,1,1,110.0,0,N,MELB_URBAN,ROAD,3,17.0
143065,1,6,140,5,1,50.0,0,N,TOWNS,BOULEVARD,3,11.0
143066,1,7,160,5,1,60.0,0,N,MELB_URBAN,ROAD,3,8.0
143067,1,5,110,1,1,80.0,0,N,MELB_URBAN,DRIVE,2,11.0
143068,1,6,99,5,1,50.0,0,I,MELB_URBAN,ROAD,3,13.0
143069,2,6,102,5,1,40.0,0,N,MELB_URBAN,STREET,3,12.0
143070,1,7,130,5,1,70.0,0,N,MELB_URBAN,ROAD,3,12.0
143071,1,6,130,5,1,40.0,0,N,RURAL_VICTORIA,HIGHWAY,3,13.0
143072,1,7,121,5,1,50.0,0,N,MELB_URBAN,ROAD,3,13.0
143073,1,7,140,5,1,80.0,0,N,RURAL_VICTORIA,ROAD,3,9.0
143074,1,6,110,1,1,50.0,0,I,MELB_URBAN,STREET,3,18.0
143075,1,7,116,2,1,80.0,0,I,MELB_URBAN,HIGHWAY,3,13.0
143076,1,7,120,5,1,60.0,0,N,SMALL_TOWNS,ROAD,3,13.0
143077,1,7,99,2,1,50.0,0,I,MELB_URBAN,OTHER,3,13.0
143078,1,7,130,5,1,80.0,0,N,RURAL_VICTORIA,ROAD,3,14.0
143079,1,6,130,5,1,70.0,0,N,RURAL_VICTORIA,ROAD,3,15.0
143080,2,6,100,2,1,60.0,0,I,MELB_URBAN,STREET,3,9.0
143081,1,7,160,5,1,50.0,0,N,MELB_URBAN,OTHER,3,18.0
143082,2,3,99,2,3,60.0,0,N,MELB_URBAN,ROAD,3,21.0
143083,1,6,130,5,1,60.0,0,N,MELB_URBAN,ROAD,3,17.0
143084,4,6,183,5,5,50.0,0,N,RURAL_VICTORIA,DRIVE,3,20.0
143085,2,7,102,5,3,50.0,0,N,MELB_URBAN,DRIVE,3,20.0
143086,1,6,99,1,3,60.0,0,I,MELB_URBAN,PARADE,3,21.0
143087,1,6,121,4,3,80.0,0,N,MELB_URBAN,OTHER,3,23.0
143088,4,1,171,2,3,60.0,0,I,MELB_URBAN,ROAD,3,0.0
143089,1,7,110,1,3,70.0,0,I,MELB_URBAN,ROAD,3,23.0
143090,8,1,174,5,3,60.0,0,N,MELB_URBAN,STREET,3,1.0
143091,3,1,167,5,5,100.0,0,N,RURAL_VICTORIA,HIGHWAY,3,2.0
143092,6,1,99,5,5,50.0,0,N,TOWNS,AVENUE,3,0.0
143093,4,7,173,5,5,100.0,0,N,RURAL_VICTORIA,ROAD,3,4.0
143094,4,1,173,5,3,100.0,0,N,MELB_URBAN,RAMP,3,4.0
143095,1,6,111,1,1,60.0,0,N,LARGE_PROVINCIAL_CITIES,STREET,3,14.0
143096,4,7,171,5,5,100.0,0,N,RURAL_VICTORIA,ROAD,3,21.0
143097,1,2,132,2,1,60.0,0,I,MELB_URBAN,STREET,2,14.0
143098,4,6,171,5,1,60.0,0,N,MELB_URBAN,ROAD,3,11.0
143099,1,1,120,5,1,60.0,0,N,MELB_URBAN,ROAD,3,9.0
143100,6,1,174,5,1,40.0,0,N,RURAL_VICTORIA,ROAD,3,9.0
143101,4,1,171,5,1,50.0,0,N,TOWNS,STREET,3,10.0
143102,2,1,100,1,1,40.0,0,I,MELBOURNE_CBD,STREET,3,9.0
143103,1,1,113,2,1,100.0,0,I,RURAL_VICTORIA,ROAD,3,11.0
143104,4,1,171,5,1,60.0,0,N,LARGE_PROVINCIAL_CITIES,STREET,3,14.0
143105,1,0,121,2,1,60.0,0,I,MELB_URBAN,ROAD,3,14.0
143106,1,1,110,1,1,70.0,0,I,MELB_URBAN,ROAD,3,8.0
143107,8,1,170,5,1,100.0,0,N,RURAL_VICTORIA,HIGHWAY,3,12.0
143108,1,6,110,4,3,60.0,0,I,MELB_URBAN,ROAD,3,20.0
143109,2,0,102,5,1,40.0,0,N,MELB_URBAN,ROAD,3,18.0
143110,8,1,99,5,1,60.0,0,N,MELB_URBAN,ROAD,3,17.0
143111,4,1,171,5,3,60.0,0,N,SMALL_CITIES,AVENUE,3,20.0
143112,1,0,113,2,1,100.0,0,I,RURAL_VICTORIA,ROAD,3,13.0
143113,1,2,130,4,1,60.0,0,I,MELB_URBAN,RAMP,2,15.0
143114,1,0,133,2,1,60.0,0,N,MELB_URBAN,ROAD,3,19.0
143115,1,3,110,4,1,60.0,0,I,TOWNS,STREET,5,15.0
143116,1,4,130,5,1,70.0,0,N,RURAL_VICTORIA,HIGHWAY,3,15.0
143117,4,2,171,5,4,80.0,0,N,RURAL_VICTORIA,ROAD,3,22.0
143118,1,5,133,5,1,80.0,0,N,MELB_URBAN,ROAD,3,14.0
143119,8,1,174,5,1,50.0,0,N,MELB_URBAN,STREET,3,16.0
143120,1,1,120,2,2,60.0,0,I,RURAL_VICTORIA,DRIVE,2,19.0
143121,1,6,130,5,2,60.0,0,N,MELB_URBAN,HIGHWAY,3,18.0
143122,1,5,130,5,1,100.0,0,N,MELB_URBAN,FREEWAY,2,18.0
143123,3,1,167,5,5,100.0,0,N,RURAL_VICTORIA,HIGHWAY,3,21.0
143124,8,4,174,5,1,100.0,0,N,RURAL_VICTORIA,ROAD,3,16.0
143125,1,5,147,5,1,60.0,0,N,MELB_URBAN,ROAD,3,12.0
143126,1,1,120,5,1,100.0,0,N,RURAL_VICTORIA,ROAD,3,11.0
143127,1,2,163,5,1,60.0,0,N,MELB_URBAN,PARADE,3,11.0
143128,1,1,116,2,1,60.0,0,I,SMALL_CITIES,STREET,3,12.0
143129,1,2,113,1,1,80.0,0,N,MELB_URBAN,ROAD,3,11.0
143130,6,6,170,5,6,60.0,0,N,RURAL_VICTORIA,OTHER,12,22.0
143131,5,2,99,5,1,80.0,0,N,RURAL_VICTORIA,HIGHWAY,2,8.0
143132,1,3,130,2,1,50.0,0,N,MELB_URBAN,UNKNOWN,3,8.0
143133,3,1,167,5,1,80.0,0,N,RURAL_VICTORIA,ROAD,3,16.0
143134,1,2,99,4,1,80.0,0,N,MELB_URBAN,RAMP,3,13.0
143135,4,2,181,5,1,50.0,0,N,MELB_URBAN,DRIVE,3,10.0
143136,2,1,99,5,1,60.0,0,N,MELB_URBAN,ROAD,3,9.0
143137,1,2,110,1,1,50.0,0,I,MELB_URBAN,ROAD,3,12.0
143138,1,6,130,5,1,60.0,0,N,MELB_URBAN,STREET,3,13.0
143139,1,2,147,5,1,50.0,0,N,MELB_URBAN,DRIVE,3,7.0
143140,1,2,99,5,1,110.0,0,N,RURAL_VICTORIA,FREEWAY,3,11.0
143141,1,2,120,5,1,100.0,0,N,RURAL_VICTORIA,HIGHWAY,3,10.0
143142,1,1,120,5,1,100.0,0,N,RURAL_VICTORIA,ROAD,3,14.0
143143,1,2,130,5,1,80.0,0,N,RURAL_VICTORIA,HIGHWAY,3,14.0
143144,1,6,135,5,9,100.0,0,N,MELB_URBAN,FREEWAY,3,19.0
143145,1,3,121,1,1,60.0,0,I,MELB_URBAN,STREET,2,17.0
143146,1,2,120,5,1,40.0,0,N,MELB_URBAN,ROAD,3,17.0
143147,1,6,160,5,9,50.0,0,N,MELB_URBAN,DRIVE,3,2.0
143148,1,6,130,2,6,60.0,0,N,MELB_URBAN,ROAD,1,21.0
143149,1,5,130,5,1,80.0,0,N,MELB_URBAN,ROAD,3,17.0
143150,1,2,120,5,1,60.0,0,N,RURAL_VICTORIA,ROAD,3,15.0
143151,1,1,121,1,1,60.0,0,I,RURAL_VICTORIA,DRIVE,3,15.0
143152,1,2,99,5,1,100.0,0,N,RURAL_VICTORIA,ROAD,3,17.0
143153,4,2,171,5,1,100.0,0,N,RURAL_VICTORIA,OTHER,3,19.0
143154,4,2,173,5,3,50.0,0,N,TOWNS,STREET,3,23.0
143155,1,0,130,5,1,70.0,0,N,MELB_URBAN,STREET,2,11.0
143156,8,2,99,2,3,50.0,0,I,MELB_URBAN,AVENUE,3,23.0
143157,1,2,110,1,3,60.0,0,I,MELB_URBAN,STREET,3,5.0
143158,5,3,99,5,5,110.0,0,N,RURAL_VICTORIA,FREEWAY,3,6.0
143159,1,2,130,1,1,60.0,0,N,LARGE_PROVINCIAL_CITIES,STREET,3,9.0
143160,1,2,160,5,1,60.0,0,N,MELB_URBAN,ROAD,3,7.0
143161,1,3,110,1,1,100.0,0,I,RURAL_VICTORIA,ROAD,3,7.0
143162,2,3,100,1,1,60.0,0,I,MELB_URBAN,ROAD,3,9.0
143163,1,5,130,1,1,40.0,0,N,MELB_URBAN,ROAD,3,9.0
143164,1,3,130,5,1,60.0,0,N,MELB_URBAN,FREEWAY,3,8.0
143165,8,6,174,2,1,40.0,0,I,MELB_URBAN,ROAD,1,13.0
143166,8,4,99,5,3,60.0,0,I,MELB_URBAN,ROAD,3,19.0
143167,1,4,121,1,1,60.0,0,I,LARGE_PROVINCIAL_CITIES,ROAD,3,9.0
143168,1,3,130,5,1,80.0,0,N,RURAL_VICTORIA,HIGHWAY,3,8.0
143169,1,1,120,5,1,60.0,0,N,RURAL_VICTORIA,ROAD,3,13.0
143170,4,2,173,5,1,60.0,0,N,RURAL_VICTORIA,ROAD,3,10.0
143171,1,3,110,1,1,100.0,0,I,RURAL_VICTORIA,ROAD,3,11.0
143172,2,3,99,2,1,60.0,0,I,MELB_URBAN,STREET,3,12.0
143173,1,3,140,5,1,80.0,0,N,RURAL_VICTORIA,ROAD,3,10.0
143174,1,3,99,2,1,40.0,0,I,MELB_URBAN,STREET,3,13.0
143175,1,3,130,2,1,80.0,0,N,LARGE_PROVINCIAL_CITIES,HIGHWAY,3,10.0
143176,1,3,121,2,1,50.0,0,I,MELB_URBAN,AVENUE,3,12.0
143177,1,3,121,2,1,60.0,0,I,MELB_URBAN,ROAD,3,12.0
143178,1,6,121,2,1,60.0,0,I,MELB_URBAN,ROAD,10,15.0
143179,1,3,130,2,1,80.0,0,I,MELB_URBAN,ROAD,3,10.0
143180,1,2,160,5,1,40.0,0,N,MELB_URBAN,AVENUE,3,12.0
143181,4,6,99,5,1,100.0,0,O,RURAL_VICTORIA,UNKNOWN,3,11.0
143182,1,4,147,5,2,50.0,0,N,TOWNS,STREET,3,20.0
143183,1,3,132,2,1,40.0,0,N,LARGE_PROVINCIAL_CITIES,ROAD,3,8.0
143184,4,3,171,5,1,100.0,0,N,RURAL_VICTORIA,ROAD,3,12.0
143185,1,3,160,5,1,50.0,0,N,MELB_URBAN,PARADE,3,13.0
143186,1,2,130,5,1,60.0,0,N,MELB_URBAN,ROAD,3,14.0
143187,1,3,99,2,1,60.0,0,I,MELB_URBAN,ROAD,3,12.0
143188,6,1,99,5,1,60.0,0,N,RURAL_VICTORIA,ROAD,3,12.0
143189,4,3,171,5,1,100.0,0,N,RURAL_VICTORIA,ROAD,3,11.0
143190,1,1,130,5,1,60.0,0,N,RURAL_VICTORIA,ROAD,3,16.0
143191,2,5,99,5,6,60.0,0,N,MELB_URBAN,ROAD,3,20.0
143192,1,3,99,5,1,60.0,0,N,SMALL_CITIES,ROAD,3,14.0
143193,4,3,173,5,1,60.0,0,N,MELB_URBAN,ROAD,3,12.0
143194,1,2,130,4,1,80.0,0,N,RURAL_VICTORIA,UNKNOWN,3,14.0
143195,4,1,99,5,3,110.0,0,N,RURAL_VICTORIA,FREEWAY,1,5.0
143196,1,3,116,2,1,70.0,0,I,MELB_URBAN,ROAD,3,14.0
143197,6,4,99,5,1,40.0,0,N,RURAL_VICTORIA,ROAD,3,15.0
143198,1,7,121,4,1,50.0,0,I,MELB_URBAN,ROAD,3,18.0
143199,6,3,99,5,9,100.0,0,N,RURAL_VICTORIA,ROAD,2,20.0
143200,4,4,171,1,9,50.0,0,I,SMALL_CITIES,ROAD,3,20.0
143201,6,4,174,5,1,100.0,0,N,RURAL_VICTORIA,OTHER,3,12.0
143202,1,3,99,2,1,50.0,0,I,MELB_URBAN,STREET,3,8.0
143203,4,3,173,5,1,100.0,0,N,RURAL_VICTORIA,HIGHWAY,3,16.0
143204,1,3,111,2,9,60.0,0,N,MELB_URBAN,STREET,3,16.0
143205,1,3,120,2,1,50.0,0,I,MELB_URBAN,STREET,3,17.0
143206,1,3,132,1,1,60.0,0,I,MELB_URBAN,ROAD,3,16.0
143207,6,2,174,5,1,60.0,0,N,MELB_URBAN,STREET,3,13.0
143208,1,2,160,5,1,60.0,0,N,MELB_URBAN,ROAD,3,19.0
143209,1,3,130,2,1,60.0,0,N,MELB_URBAN,ROAD,3,16.0
143210,1,3,99,2,1,60.0,0,I,MELB_URBAN,ROAD,3,8.0
143211,1,3,130,5,1,60.0,0,N,MELB_URBAN,STREET,3,18.0
143212,1,3,121,1,3,70.0,0,I,MELB_URBAN,STREET,3,22.0
143213,1,3,130,5,1,80.0,0,N,MELB_URBAN,ROAD,3,16.0
143214,1,1,133,5,1,70.0,0,N,LARGE_PROVINCIAL_CITIES,OTHER,2,8.0
143215,1,3,121,2,1,80.0,0,I,MELB_URBAN,ROAD,3,17.0
143216,1,5,121,2,1,80.0,0,I,MELB_URBAN,BOULEVARD,2,19.0
143217,1,7,110,1,1,60.0,0,I,LARGE_PROVINCIAL_CITIES,STREET,3,14.0
143218,4,6,99,2,1,100.0,0,I,SMALL_CITIES,ROAD,3,17.0
143219,2,4,100,1,1,40.0,0,I,MELB_URBAN,ROAD,3,7.0
143220,4,6,173,5,1,60.0,0,N,MELB_URBAN,ROAD,3,16.0
143221,1,3,99,5,1,60.0,0,N,MELB_URBAN,STREET,3,8.0
143222,2,4,99,5,1,40.0,0,N,TOWNS,ROAD,3,8.0
143223,6,1,174,5,1,60.0,0,N,RURAL_VICTORIA,ROAD,3,10.0
143224,1,2,130,5,1,50.0,0,N,MELB_URBAN,ROAD,3,14.0
143225,2,3,100,5,1,70.0,0,N,MELB_URBAN,OTHER,3,8.0
143226,1,4,99,2,1,60.0,0,I,LARGE_PROVINCIAL_CITIES,STREET,3,8.0
143227,1,3,130,5,1,60.0,0,N,MELB_URBAN,ROAD,3,11.0
143228,1,3,130,5,2,80.0,0,N,MELB_URBAN,FREEWAY,3,6.0
143229,4,4,171,5,5,110.0,0,N,RURAL_VICTORIA,ROAD,3,0.0
143230,1,4,133,5,1,100.0,0,N,MELB_URBAN,ROAD,3,11.0
143231,4,3,171,1,1,30.0,0,I,MELB_URBAN,OTHER,3,12.0
143232,1,4,121,1,1,60.0,0,I,MELB_URBAN,ROAD,3,8.0
143233,1,2,116,2,1,60.0,0,N,MELB_URBAN,ROAD,3,6.0
143234,4,4,183,5,1,100.0,0,N,RURAL_VICTORIA,ROAD,3,11.0
143235,1,1,130,5,1,60.0,0,N,MELB_URBAN,STREET,3,14.0
143236,1,3,116,1,1,60.0,0,I,MELB_URBAN,ROAD,3,10.0
143237,1,5,132,2,1,60.0,0,N,MELB_URBAN,ROAD,2,14.0
143238,1,4,147,5,1,60.0,0,N,MELB_URBAN,ROAD,3,7.0
143239,5,1,99,5,1,60.0,0,N,RURAL_VICTORIA,ROAD,3,18.0
143240,1,4,113,1,1,50.0,0,I,MELB_URBAN,AVENUE,3,14.0
143241,3,7,167,5,5,110.0,0,N,RURAL_VICTORIA,FREEWAY,3,23.0
143242,4,3,171,5,1,100.0,0,N,RURAL_VICTORIA,ROAD,2,15.0
143243,1,2,99,4,1,60.0,0,N,RURAL_VICTORIA,RAMP,3,16.0
143244,1,3,99,2,1,80.0,0,N,MELB_URBAN,ROAD,3,14.0
143245,1,7,130,5,1,60.0,0,N,MELB_URBAN,ROAD,3,10.0
143246,2,4,102,1,1,80.0,0,N,MELB_URBAN,OTHER,3,18.0
143247,1,4,120,5,1,80.0,0,N,RURAL_VICTORIA,ROAD,3,17.0
143248,1,4,110,1,1,100.0,0,I,RURAL_VICTORIA,ROAD,3,18.0
143249,1,3,110,1,1,60.0,0,I,RURAL_VICTORIA,ROAD,3,16.0
143250,1,5,99,1,1,60.0,0,N,MELB_URBAN,ROAD,3,17.0
143251,1,3,121,2,1,60.0,0,I,MELB_URBAN,ROAD,3,17.0
143252,1,3,130,5,1,100.0,0,N,MELB_URBAN,FREEWAY,3,16.0
143253,1,4,130,5,3,60.0,0,N,SMALL_CITIES,ROAD,3,22.0
143254,4,4,173,5,3,50.0,0,N,SMALL_CITIES,ROAD,3,0.0
143255,1,5,120,5,5,100.0,0,N,RURAL_VICTORIA,DRIVE,3,3.0
143256,4,6,171,5,1,80.0,0,N,RURAL_VICTORIA,ROAD,3,16.0
143257,1,5,171,5,3,60.0,0,N,SMALL_CITIES,ROAD,3,4.0
143258,1,4,135,5,1,60.0,0,N,MELB_URBAN,FREEWAY,3,9.0
143259,1,3,130,2,1,70.0,0,I,MELB_URBAN,ROAD,3,9.0
143260,1,7,147,5,1,50.0,0,N,MELB_URBAN,STREET,3,9.0
143261,2,5,99,5,5,60.0,0,N,MELB_URBAN,OTHER,3,5.0
143262,1,5,121,5,3,60.0,0,N,MELB_URBAN,ROAD,3,21.0
143263,4,5,171,5,1,60.0,0,N,MELB_URBAN,ROAD,3,8.0
143264,8,2,174,5,1,60.0,0,N,RURAL_VICTORIA,ROAD,3,12.0
143265,1,1,99,1,1,80.0,0,I,MELB_URBAN,HIGHWAY,2,17.0
143266,1,4,120,1,1,70.0,0,I,MELB_URBAN,ROAD,3,7.0
143267,1,5,133,5,2,100.0,0,N,MELB_URBAN,RAMP,3,5.0
143268,1,5,121,1,1,60.0,0,I,MELB_URBAN,ROAD,3,10.0
143269,1,4,130,5,1,100.0,0,N,RURAL_VICTORIA,ROAD,3,10.0
143270,1,5,160,5,1,80.0,0,N,RURAL_VICTORIA,HIGHWAY,3,10.0
143271,1,1,130,5,1,50.0,0,N,LARGE_PROVINCIAL_CITIES,STREET,11,11.0
143272,8,4,170,5,1,80.0,0,N,MELB_URBAN,DRIVE,3,15.0
143273,1,4,121,2,1,80.0,0,I,MELB_URBAN,HIGHWAY,3,16.0
143274,1,6,130,5,1,50.0,0,N,MELB_URBAN,STREET,1,9.0
143275,6,5,174,2,1,60.0,0,I,SMALL_CITIES,STREET,3,13.0
143276,1,3,99,5,1,50.0,0,N,MELB_URBAN,STREET,3,8.0
143277,4,7,173,2,1,100.0,0,I,RURAL_VICTORIA,HIGHWAY,3,10.0
143278,1,5,147,5,1,80.0,0,N,RURAL_VICTORIA,HIGHWAY,3,11.0
143279,8,7,184,5,1,60.0,0,N,RURAL_VICTORIA,UNKNOWN,3,9.0
143280,1,5,110,4,1,50.0,0,I,SMALL_CITIES,STREET,3,15.0
143281,2,6,99,5,1,70.0,0,N,MELB_URBAN,ROAD,2,8.0
143282,1,5,160,5,1,50.0,0,N,LARGE_PROVINCIAL_CITIES,STREET,3,16.0
143283,1,5,121,2,1,70.0,0,I,MELB_URBAN,AVENUE,3,15.0
143284,1,5,113,2,1,80.0,0,I,TOWNS,STREET,3,15.0
143285,1,5,113,2,1,60.0,0,I,MELB_URBAN,ROAD,3,14.0
143286,1,5,120,5,1,100.0,0,N,RURAL_VICTORIA,HIGHWAY,3,11.0
143287,4,5,173,5,1,80.0,0,N,RURAL_VICTORIA,STREET,3,15.0
143288,1,4,99,1,1,60.0,0,I,TOWNS,STREET,3,17.0
143289,4,5,181,5,1,60.0,0,N,RURAL_VICTORIA,ROAD,3,15.0
143290,4,5,171,5,1,70.0,0,N,RURAL_VICTORIA,ROAD,3,16.0
143291,1,5,116,2,1,60.0,0,I,SMALL_CITIES,PARADE,3,18.0
143292,1,4,130,5,1,50.0,0,N,MELB_URBAN,STREET,3,8.0
143293,1,4,135,5,9,60.0,0,N,MELB_URBAN,PARADE,3,11.0
143294,1,5,99,5,1,60.0,0,N,RURAL_VICTORIA,STREET,3,16.0
143295,1,5,121,2,1,60.0,0,I,MELB_URBAN,ROAD,3,17.0
143296,1,5,99,5,1,50.0,0,N,MELB_URBAN,STREET,3,17.0
143297,1,4,130,2,3,80.0,0,N,MELB_URBAN,ROAD,3,21.0
143298,1,5,111,2,1,80.0,0,I,MELB_URBAN,ROAD,3,14.0
143299,4,5,173,5,1,100.0,0,N,MELB_URBAN,UNKNOWN,3,18.0
143300,1,5,110,1,1,60.0,0,I,MELB_URBAN,ROAD,3,16.0
143301,1,4,130,5,1,60.0,0,N,MELB_URBAN,HIGHWAY,3,16.0