,accident_type,day_of_week,dca_code,road_geometry,light_condition,speed_zone,severity,node_type,deg_urban_name,road_type,month,hour
143302,1,5,160,5,3,50.0,0,N,MELB_URBAN,ROAD,3,20.0
143303,2,5,102,5,1,50.0,0,N,MELB_URBAN,OTHER,3,15.0
143304,1,6,121,2,3,60.0,0,I,MELB_URBAN,ROAD,3,20.0
143305,4,3,181,5,5,80.0,0,N,MELB_URBAN,HIGHWAY,3,6.0
143306,2,5,99,5,9,60.0,0,N,MELB_URBAN,ROAD,3,18.0
143307,1,6,163,5,3,40.0,0,N,MELB_URBAN,ROAD,3,2.0
143308,8,4,99,5,1,60.0,0,N,MELB_URBAN,STREET,3,9.0
143309,2,5,100,5,1,40.0,0,N,MELB_URBAN,ROAD,3,16.0
143310,8,4,99,5,3,50.0,0,N,MELB_URBAN,ROAD,3,19.0
143311,8,0,174,5,1,60.0,0,N,RURAL_VICTORIA,ROAD,6,7.0
143312,2,5,102,1,1,50.0,0,I,MELB_URBAN,ROAD,3,10.0
143313,1,4,121,1,3,80.0,0,I,MELB_URBAN,ROAD,3,22.0
143314,1,6,130,2,1,60.0,0,I,SMALL_TOWNS,HIGHWAY,3,7.0
143315,1,1,130,5,1,40.0,0,N,MELB_URBAN,ROAD,3,17.0
143316,1,4,130,2,1,60.0,0,I,RURAL_VICTORIA,OTHER,3,15.0
143317,1,6,130,5,3,100.0,0,N,MELB_URBAN,FREEWAY,3,5.0
143318,1,5,121,2,2,40.0,0,I,MELB_URBAN,STREET,3,18.0
143319,8,2,174,5,1,60.0,0,N,RURAL_VICTORIA,OTHER,3,11.0
143320,1,6,120,5,5,60.0,0,N,RURAL_VICTORIA,ROAD,3,7.0
143321,4,1,181,5,1,80.0,0,N,RURAL_VICTORIA,ROAD,3,12.0
143322,1,7,99,2,1,80.0,0,I,MELB_URBAN,ROAD,3,9.0
143323,1,4,121,1,9,60.0,0,I,MELB_URBAN,ROAD,2,18.0
143324,3,6,167,5,1,60.0,0,N,RURAL_VICTORIA,UNKNOWN,3,12.0
143325,1,6,110,1,1,70.0,0,I,LARGE_PROVINCIAL_CITIES,HIGHWAY,3,12.0
143326,1,5,140,2,1,60.0,0,I,MELB_URBAN,ROAD,3,13.0
143327,4,6,171,2,1,60.0,0,I,MELB_URBAN,STREET,3,13.0
143328,1,6,120,5,1,80.0,0,N,RURAL_VICTORIA,HIGHWAY,3,11.0
143329,4,5,173,1,1,60.0,0,I,MELB_URBAN,STREET,3,8.0
143330,6,2,170,5,1,100.0,0,N,RURAL_VICTORIA,ROAD,3,10.0
143331,1,6,135,5,1,100.0,0,N,MELB_URBAN,ROAD,3,14.0
143332,1,6,121,1,1,60.0,0,I,MELB_URBAN,ROAD,3,8.0
143333,1,4,130,5,1,60.0,0,N,MELB_URBAN,ROAD,3,8.0
143334,1,7,130,5,1,70.0,0,N,MELB_URBAN,ROAD,3,13.0
143335,1,3,130,5,1,60.0,0,N,MELB_URBAN,ROAD,3,17.0
143336,1,6,130,2,9,60.0,0,I,MELB_URBAN,ROAD,3,13.0
143337,1,6,110,1,1,100.0,1,I,RURAL_VICTORIA,ROAD,3,13.0
143338,1,6,160,5,1,60.0,0,N,SMALL_CITIES,STREET,3,17.0
143339,1,4,130,2,1,100.0,0,I,RURAL_VICTORIA,HIGHWAY,3,12.0
143340,6,6,174,5,1,100.0,1,N,RURAL_VICTORIA,ROAD,3,13.0
143341,2,2,99,2,9,60.0,0,N,MELB_URBAN,STREET,3,8.0
143342,1,2,130,5,1,80.0,0,N,MELB_URBAN,ROAD,3,7.0
143343,4,7,181,5,1,60.0,0,N,RURAL_VICTORIA,ROAD,3,18.0
143344,1,4,147,5,1,60.0,0,N,MELB_URBAN,ROAD,3,12.0
143345,8,6,170,1,1,80.0,0,I,RURAL_VICTORIA,ROAD,3,17.0
143346,2,5,99,5,1,50.0,0,N,MELB_URBAN,ROAD,3,14.0
143347,1,6,160,5,1,50.0,0,N,MELB_URBAN,ROAD,3,19.0
143348,4,6,171,5,5,100.0,0,N,RURAL_VICTORIA,ROAD,3,22.0
143349,7,5,99,5,5,60.0,0,N,RURAL_VICTORIA,ROAD,3,23.0
143350,2,6,102,2,3,60.0,1,N,MELB_URBAN,HIGHWAY,3,23.0
143351,4,6,183,5,5,60.0,1,N,RURAL_VICTORIA,ROAD,3,0.0
143352,1,4,121,1,1,60.0,0,N,MELB_URBAN,ROAD,3,18.0
143353,1,2,99,1,1,80.0,0,N,MELB_URBAN,HIGHWAY,1,15.0
143354,3,6,167,5,1,50.0,0,N,RURAL_VICTORIA,ROAD,3,8.0
143355,1,7,121,2,1,60.0,0,I,MELB_URBAN,ROAD,3,9.0
143356,1,7,121,1,1,50.0,0,I,LARGE_PROVINCIAL_CITIES,STREET,3,11.0
143357,1,6,113,2,1,60.0,0,I,SMALL_CITIES,STREET,3,9.0
143358,1,1,132,1,9,60.0,0,I,MELB_URBAN,ROAD,3,15.0
143359,2,6,100,1,1,60.0,0,I,MELB_URBAN,STREET,3,10.0
143360,1,6,130,5,1,100.0,0,N,SMALL_CITIES,ROAD,3,12.0
143361,4,7,173,5,2,70.0,0,N,MELB_URBAN,ROAD,3,7.0
143362,2,7,100,1,1,40.0,0,N,MELB_URBAN,STREET,3,8.0
143363,1,7,113,2,1,70.0,0,I,MELB_URBAN,ROAD,3,12.0
143364,1,7,110,1,1,60.0,0,I,SMALL_CITIES,PARADE,3,9.0
143365,1,7,160,5,1,50.0,0,N,MELB_URBAN,ROAD,3,11.0
143366,5,6,99,5,1,60.0,0,N,RURAL_VICTORIA,ROAD,3,10.0
143367,1,7,130,2,1,50.0,0,I,MELB_URBAN,STREET,3,8.0
143368,8,6,174,1,1,60.0,0,I,RURAL_VICTORIA,ROAD,3,15.0
143369,6,7,170,2,1,80.0,0,I,MELB_URBAN,HIGHWAY,3,15.0
143370,1,7,147,5,1,60.0,0,N,MELB_URBAN,BOULEVARD,3,10.0
143371,6,7,174,5,1,100.0,0,N,RURAL_VICTORIA,HIGHWAY,3,12.0
143372,4,7,183,5,1,80.0,1,N,RURAL_VICTORIA,HIGHWAY,3,12.0
143373,1,6,121,1,1,80.0,0,N,MELB_URBAN,HIGHWAY,3,18.0
143374,1,6,113,1,1,60.0,0,I,MELB_URBAN,ROAD,3,18.0
143375,5,7,173,5,1,50.0,0,N,LARGE_PROVINCIAL_CITIES,STREET,3,16.0
143376,4,7,173,5,1,100.0,0,N,RURAL_VICTORIA,ROAD,3,13.0
143377,1,6,147,5,1,50.0,0,N,MELB_URBAN,STREET,3,18.0
143378,1,6,130,5,1,80.0,0,N,MELB_URBAN,HIGHWAY,3,14.0
143379,2,7,102,5,1,60.0,0,N,MELB_URBAN,STREET,3,17.0
143380,1,7,120,5,1,60.0,0,N,RURAL_VICTORIA,ROAD,3,14.0
143381,1,7,99,6,1,50.0,0,N,MELB_URBAN,OTHER,3,15.0
143382,1,6,99,5,1,60.0,0,N,MELB_URBAN,STREET,3,19.0
143383,1,6,116,1,1,80.0,0,I,SMALL_CITIES,ROAD,3,18.0
143384,1,7,130,5,9,60.0,0,N,MELB_URBAN,ROAD,3,17.0
143385,1,7,133,1,1,40.0,0,I,MELBOURNE_CBD,STREET,3,17.0
143386,4,7,173,5,3,60.0,0,N,LARGE_PROVINCIAL_CITIES,STREET,3,20.0
143387,9,6,99,2,3,70.0,0,I,MELB_URBAN,UNKNOWN,3,20.0
143388,6,7,174,5,3,40.0,0,N,MELB_URBAN,STREET,3,21.0
143389,1,7,113,2,1,80.0,0,I,SMALL_CITIES,HIGHWAY,3,16.0
143390,6,7,99,2,5,100.0,0,I,RURAL_VICTORIA,HIGHWAY,3,5.0
143391,4,7,173,5,3,70.0,0,N,MELB_URBAN,ROAD,3,19.0
143392,1,7,120,5,3,60.0,0,N,MELB_URBAN,ROAD,3,21.0
143393,1,6,110,1,1,60.0,0,I,RURAL_VICTORIA,DRIVE,3,18.0
143394,1,1,99,5,3,50.0,0,N,MELB_URBAN,AVENUE,3,1.0
143395,2,1,102,2,2,80.0,0,I,MELB_URBAN,ROAD,3,6.0
143396,6,6,99,5,5,100.0,0,N,RURAL_VICTORIA,HIGHWAY,3,23.0
143397,4,1,173,5,1,110.0,0,N,RURAL_VICTORIA,FREEWAY,3,10.0
143398,1,7,130,5,5,60.0,0,N,RURAL_VICTORIA,ROAD,3,21.0
143399,1,0,121,1,1,60.0,0,I,MELB_URBAN,HIGHWAY,3,11.0
143400,1,0,99,2,1,80.0,0,I,RURAL_VICTORIA,ROAD,3,10.0
143401,1,4,110,1,3,50.0,0,I,LARGE_PROVINCIAL_CITIES,STREET,3,21.0
143402,1,1,99,2,1,60.0,0,I,MELB_URBAN,ROAD,3,9.0
143403,1,6,116,4,1,60.0,0,I,LARGE_PROVINCIAL_CITIES,ROAD,3,9.0
143404,1,0,99,5,1,80.0,0,I,SMALL_CITIES,STREET,3,12.0
143405,1,1,99,5,1,80.0,0,N,MELB_URBAN,OTHER,3,12.0
143406,1,6,130,1,1,60.0,0,I,MELB_URBAN,ROAD,3,12.0
143407,1,1,110,1,3,80.0,0,I,RURAL_VICTORIA,ROAD,3,1.0
143408,4,1,171,5,1,70.0,0,N,MELB_URBAN,ROAD,3,15.0
143409,1,7,120,3,1,60.0,0,I,MELB_URBAN,ROAD,3,15.0
143410,1,6,147,5,1,40.0,0,N,MELB_URBAN,STREET,2,9.0
143411,4,7,99,2,1,50.0,0,I,TOWNS,STREET,3,17.0
143412,1,1,121,2,1,60.0,0,I,MELB_URBAN,PARADE,3,14.0
143413,1,1,110,1,1,60.0,1,I,RURAL_VICTORIA,ROAD,3,13.0
143414,1,1,110,1,1,60.0,0,I,MELB_URBAN,ROAD,2,14.0
143415,1,0,110,1,2,70.0,0,I,LARGE_PROVINCIAL_CITIES,OTHER,3,19.0
143416,1,7,130,5,1,60.0,0,N,LARGE_PROVINCIAL_CITIES,ROAD,3,15.0
143417,1,1,132,2,1,60.0,0,N,MELB_URBAN,ROAD,3,17.0
143418,1,1,135,5,1,40.0,0,N,MELB_URBAN,FREEWAY,3,18.0
143419,1,1,121,4,3,60.0,0,I,MELB_URBAN,ROAD,3,22.0
143420,1,1,113,2,3,60.0,0,I,MELB_URBAN,ROAD,3,20.0
143421,4,1,171,5,5,60.0,0,N,MELB_URBAN,ROAD,3,20.0
143422,4,1,173,5,3,50.0,0,N,MELB_URBAN,STREET,3,20.0
143423,4,0,171,1,3,50.0,0,I,MELB_URBAN,OTHER,2,22.0
143424,1,5,99,1,1,60.0,0,N,SMALL_CITIES,STREET,3,17.0
143425,2,2,99,5,1,40.0,0,N,MELB_URBAN,ROAD,3,8.0
143426,2,1,100,2,3,40.0,0,N,MELB_URBAN,ROAD,3,19.0
143427,1,3,130,5,1,60.0,0,N,MELB_URBAN,ROAD,3,12.0
143428,1,2,116,1,1,80.0,0,I,RURAL_VICTORIA,ROAD,3,8.0
143429,1,1,113,2,1,60.0,0,I,LARGE_PROVINCIAL_CITIES,ROAD,3,16.0
143430,1,6,140,1,1,60.0,0,I,MELB_URBAN,ROAD,3,8.0
143431,1,5,147,5,1,40.0,0,N,SMALL_TOWNS,ROAD,3,9.0
143432,4,2,181,5,1,100.0,0,N,RURAL_VICTORIA,ROAD,3,8.0
143433,1,2,160,5,1,60.0,0,N,MELB_URBAN,OTHER,2,13.0
143434,4,1,171,5,1,70.0,0,N,MELB_URBAN,ROAD,3,10.0
143435,2,2,100,5,1,50.0,0,N,TOWNS,ROAD,3,12.0
143436,1,6,130,5,1,80.0,0,N,MELB_URBAN,FREEWAY,3,18.0
143437,1,0,121,1,3,70.0,0,I,MELB_URBAN,ROAD,3,5.0
143438,1,7,130,5,1,70.0,0,N,MELB_URBAN,ROAD,3,14.0
143439,1,2,121,1,1,60.0,0,I,MELB_URBAN,ROAD,3,12.0
143440,3,1,167,5,2,100.0,0,N,RURAL_VICTORIA,ROAD,3,20.0
143441,1,1,110,1,1,80.0,0,I,RURAL_VICTORIA,ROAD,3,14.0
143442,8,1,174,2,1,100.0,0,N,RURAL_VICTORIA,OTHER,3,8.0
143443,6,5,174,5,1,100.0,0,N,RURAL_VICTORIA,ROAD,3,11.0
143444,4,2,173,5,1,100.0,0,N,MELB_URBAN,FREEWAY,3,11.0
143445,2,2,99,5,1,50.0,0,N,SMALL_CITIES,ROAD,3,14.0
143446,1,2,121,2,1,50.0,0,I,MELB_URBAN,STREET,3,7.0
143447,6,1,99,5,1,80.0,0,N,RURAL_VICTORIA,ROAD,3,16.0
143448,6,1,174,5,1,60.0,0,N,RURAL_VICTORIA,ROAD,3,11.0
143449,5,4,99,5,5,60.0,0,N,RURAL_VICTORIA,HIGHWAY,3,22.0
143450,1,3,130,5,2,80.0,0,N,MELB_URBAN,ROAD,3,18.0
143451,6,7,184,5,1,100.0,0,N,RURAL_VICTORIA,ROAD,3,17.0
143452,1,1,121,2,1,60.0,0,I,MELB_URBAN,ROAD,3,15.0
143453,1,1,130,5,1,70.0,0,N,MELB_URBAN,ROAD,3,17.0
143454,1,2,99,5,1,60.0,0,N,SMALL_CITIES,ROAD,3,17.0
143455,1,2,130,5,1,90.0,0,N,MELB_URBAN,ROAD,3,15.0
143456,1,1,130,5,1,50.0,0,N,MELB_URBAN,STREET,3,15.0
143457,1,5,133,5,1,100.0,0,N,MELB_URBAN,FREEWAY,3,17.0
143458,2,1,99,1,1,40.0,0,I,MELBOURNE_CBD,STREET,3,18.0
143459,1,2,113,2,1,60.0,0,I,MELB_URBAN,STREET,3,17.0
143460,1,2,110,1,2,50.0,0,I,RURAL_VICTORIA,UNKNOWN,3,19.0
143461,1,2,116,2,1,60.0,0,I,MELB_URBAN,ROAD,3,13.0
143462,1,2,147,5,1,60.0,0,N,RURAL_VICTORIA,BOULEVARD,3,17.0
143463,1,2,110,1,1,50.0,0,I,MELB_URBAN,STREET,3,18.0
143464,1,1,121,1,3,50.0,0,I,SMALL_CITIES,AVENUE,3,21.0
143465,1,1,160,5,3,60.0,0,N,MELB_URBAN,ROAD,3,20.0
143466,4,2,99,5,2,80.0,1,N,SMALL_CITIES,OTHER,3,19.0
143467,1,6,130,2,1,80.0,0,I,RURAL_VICTORIA,HIGHWAY,3,16.0
143468,5,2,99,5,3,100.0,0,N,MELB_URBAN,ROAD,3,21.0
143469,1,2,121,2,3,60.0,0,N,MELB_URBAN,ROAD,3,22.0
143470,1,5,99,1,1,50.0,0,I,MELB_URBAN,STREET,2,19.0
143471,1,3,133,5,3,60.0,0,N,MELB_URBAN,ROAD,3,0.0
143472,4,3,99,2,3,50.0,0,N,TOWNS,AVENUE,3,4.0
143473,1,3,121,1,1,40.0,0,I,MELB_URBAN,STREET,3,7.0
143474,1,2,132,2,3,60.0,0,I,MELB_URBAN,ROAD,3,6.0
143475,1,2,163,5,1,60.0,0,N,MELB_URBAN,STREET,3,8.0
143476,1,3,132,5,1,60.0,0,N,MELB_URBAN,ROAD,3,10.0
143477,1,3,110,1,1,60.0,0,I,MELB_URBAN,ROAD,3,12.0
143478,1,2,121,5,3,60.0,0,N,LARGE_PROVINCIAL_CITIES,STREET,3,7.0
143479,1,2,113,3,1,60.0,0,I,MELB_URBAN,STREET,3,7.0
143480,1,2,99,2,1,50.0,0,I,MELB_URBAN,HIGHWAY,3,17.0
143481,1,3,130,5,1,80.0,0,N,MELB_URBAN,ROAD,2,11.0
143482,1,3,135,5,1,80.0,0,N,MELB_URBAN,ROAD,3,8.0
143483,4,3,181,5,1,100.0,0,N,RURAL_VICTORIA,FREEWAY,3,7.0
143484,2,3,99,2,3,60.0,0,I,MELB_URBAN,ROAD,3,6.0
143485,1,4,99,5,1,60.0,0,N,MELB_URBAN,OTHER,3,9.0
143486,8,3,99,5,1,60.0,0,N,RURAL_VICTORIA,ROAD,3,10.0
143487,1,5,99,5,1,100.0,0,N,MELB_URBAN,FREEWAY,12,15.0
143488,4,3,181,5,1,80.0,0,N,RURAL_VICTORIA,ROAD,3,13.0
143489,1,3,99,5,1,60.0,0,N,MELB_URBAN,STREET,3,16.0
143490,4,3,181,5,1,60.0,0,N,RURAL_VICTORIA,ROAD,3,13.0
143491,1,2,116,1,2,60.0,0,I,MELB_URBAN,STREET,3,7.0
143492,1,3,99,2,1,60.0,0,N,MELB_URBAN,ROAD,3,16.0
143493,6,2,170,5,1,80.0,0,N,RURAL_VICTORIA,ROAD,3,16.0
143494,1,5,121,2,1,60.0,0,I,MELB_URBAN,STREET,3,11.0
143495,6,3,99,5,1,60.0,0,N,MELB_URBAN,BOULEVARD,3,15.0
143496,4,2,171,5,1,100.0,0,N,RURAL_VICTORIA,ROAD,3,16.0
143497,1,3,130,5,2,80.0,0,N,MELB_URBAN,FREEWAY,3,17.0
143498,4,2,181,2,1,50.0,0,I,LARGE_PROVINCIAL_CITIES,AVENUE,3,16.0
143499,1,2,130,5,1,70.0,0,N,MELB_URBAN,ROAD,1,17.0
143500,1,1,110,1,1,60.0,0,I,MELB_URBAN,ROAD,3,13.0
143501,1,2,121,2,1,60.0,0,N,MELB_URBAN,ROAD,3,17.0
143502,1,5,130,5,1,60.0,0,N,RURAL_VICTORIA,ROAD,3,17.0
143503,4,3,173,5,1,60.0,0,N,RURAL_VICTORIA,ROAD,3,14.0
143504,1,1,147,5,2,60.0,0,N,MELB_URBAN,STREET,3,18.0
143505,2,3,100,1,3,40.0,0,I,MELB_URBAN,STREET,3,19.0
143506,1,2,120,5,2,60.0,0,N,SMALL_CITIES,STREET,3,19.0
143507,1,2,120,5,1,100.0,0,N,RURAL_VICTORIA,ROAD,3,17.0
143508,2,3,100,5,3,60.0,0,N,MELB_URBAN,ROAD,3,21.0
143509,1,3,135,5,1,80.0,0,N,SMALL_CITIES,FREEWAY,3,15.0
143510,1,3,133,1,3,70.0,0,I,MELB_URBAN,ROAD,3,18.0
143511,1,3,111,2,1,60.0,0,I,MELB_URBAN,ROAD,3,16.0
143512,4,3,173,2,3,60.0,0,I,MELB_URBAN,STREET,3,21.0
143513,1,3,121,2,1,40.0,0,I,MELB_URBAN,ROAD,3,15.0
143514,1,4,113,2,6,40.0,0,I,MELB_URBAN,STREET,3,19.0
143515,3,1,167,5,5,100.0,0,N,RURAL_VICTORIA,ROAD,3,4.0
143516,1,5,130,5,9,80.0,0,N,MELB_URBAN,FREEWAY,3,15.0
143517,1,4,121,1,3,50.0,0,I,TOWNS,STREET,3,6.0
143518,1,4,147,5,1,50.0,0,N,SMALL_CITIES,STREET,3,10.0
143519,1,3,116,2,2,60.0,0,I,MELB_URBAN,ROAD,3,6.0
143520,4,5,171,5,1,60.0,0,N,SMALL_TOWNS,PARADE,3,18.0
143521,1,3,110,1,2,50.0,0,I,MELB_URBAN,ROAD,3,18.0
143522,2,4,100,1,1,60.0,0,I,LARGE_PROVINCIAL_CITIES,HIGHWAY,3,8.0
143523,1,4,99,1,1,60.0,0,I,RURAL_VICTORIA,HIGHWAY,3,10.0
143524,1,2,130,5,3,100.0,0,N,MELB_URBAN,FREEWAY,3,6.0
143525,1,5,116,2,6,60.0,0,I,RURAL_VICTORIA,ROAD,3,6.0
143526,1,4,121,5,1,70.0,0,N,MELB_URBAN,STREET,3,9.0
143527,1,3,160,5,1,60.0,0,N,LARGE_PROVINCIAL_CITIES,STREET,3,11.0
143528,1,4,110,1,1,50.0,0,I,LARGE_PROVINCIAL_CITIES,AVENUE,3,10.0
143529,1,3,147,5,1,40.0,0,N,MELB_URBAN,ROAD,3,8.0
143530,1,4,113,2,1,100.0,0,N,RURAL_VICTORIA,ROAD,3,8.0
143531,1,4,99,1,1,40.0,0,I,MELBOURNE_CBD,STREET,3,11.0
143532,1,3,130,5,1,80.0,0,N,MELB_URBAN,ROAD,3,11.0
143533,1,4,130,5,1,60.0,0,N,RURAL_VICTORIA,ROAD,3,7.0
143534,1,4,133,1,1,110.0,0,N,RURAL_VICTORIA,FREEWAY,3,11.0
143535,1,3,130,5,1,60.0,0,N,MELB_URBAN,ROAD,3,7.0
143536,1,4,120,3,1,80.0,0,I,RURAL_VICTORIA,HIGHWAY,3,11.0
143537,1,3,130,5,1,100.0,0,N,MELB_URBAN,FREEWAY,3,6.0
143538,1,4,99,1,1,60.0,0,I,TOWNS,STREET,3,12.0
143539,1,7,135,1,1,80.0,0,I,RURAL_VICTORIA,ROAD,3,15.0
143540,1,3,120,5,1,60.0,0,N,SMALL_TOWNS,HIGHWAY,3,16.0
143541,1,4,120,2,1,50.0,0,N,MELB_URBAN,ROAD,3,8.0
143542,1,7,140,5,3,60.0,0,N,MELB_URBAN,ROAD,3,21.0
143543,1,3,99,5,1,60.0,0,N,MELB_URBAN,STREET,3,15.0
143544,6,1,174,2,1,50.0,0,I,MELB_URBAN,PARADE,2,18.0
143545,1,3,130,5,1,60.0,0,N,MELB_URBAN,ROAD,2,14.0
143546,1,5,121,2,3,70.0,0,I,MELB_URBAN,ROAD,2,23.0
143547,1,2,130,2,6,60.0,0,I,MELB_URBAN,ROAD,3,20.0
143548,4,4,173,2,1,50.0,0,N,SMALL_CITIES,STREET,3,13.0
143549,2,3,99,5,9,60.0,0,N,MELB_URBAN,STREET,12,15.0
143550,1,4,130,5,1,80.0,0,N,MELB_URBAN,ROAD,3,12.0
143551,4,4,171,5,1,60.0,0,N,MELB_URBAN,BOULEVARD,3,15.0
143552,1,4,111,1,1,80.0,0,I,MELB_URBAN,ROAD,3,10.0
143553,1,4,130,5,1,100.0,0,N,MELB_URBAN,ROAD,3,16.0
143554,1,4,160,5,1,60.0,0,N,MELB_URBAN,ROAD,3,13.0
143555,1,4,99,1,1,60.0,0,I,MELB_URBAN,STREET,3,16.0
143556,1,3,110,1,1,60.0,0,I,TOWNS,STREET,3,17.0
143557,1,4,121,1,2,60.0,0,I,MELB_URBAN,ROAD,3,19.0
143558,2,4,99,5,1,60.0,0,N,SMALL_CITIES,STREET,3,15.0
143559,1,4,99,5,3,80.0,0,N,MELB_URBAN,FREEWAY,3,20.0
143560,1,4,121,1,3,60.0,0,I,MELB_URBAN,ROAD,3,20.0
143561,1,4,110,1,1,50.0,0,I,MELB_URBAN,STREET,3,16.0
143562,4,4,173,5,3,60.0,0,N,MELB_URBAN,STREET,3,21.0
143563,1,4,130,5,3,80.0,0,N,MELB_URBAN,RAMP,3,22.0
143564,1,5,99,5,5,80.0,0,N,MELB_URBAN,FREEWAY,3,1.0
143565,1,4,130,4,3,70.0,0,I,MELB_URBAN,ROAD,3,5.0
143566,1,1,130,5,1,70.0,0,N,MELB_URBAN,ROAD,3,16.0
143567,4,4,181,5,1,100.0,0,N,RURAL_VICTORIA,ROAD,3,13.0
143568,1,2,99,5,1,40.0,0,N,MELB_URBAN,STREET,3,11.0
143569,5,4,99,5,2,40.0,0,N,MELBOURNE_CBD,STREET,2,20.0
143570,1,3,130,5,1,80.0,0,N,MELB_URBAN,HIGHWAY,3,17.0
143571,1,3,130,5,2,100.0,0,N,MELB_URBAN,FREEWAY,3,7.0
143572,3,5,167,5,1,60.0,0,N,RURAL_VICTORIA,ROAD,3,13.0
143573,4,4,171,5,1,50.0,0,N,RURAL_VICTORIA,DRIVE,3,8.0
143574,6,2,99,5,1,100.0,0,N,RURAL_VICTORIA,ROAD,3,17.0
143575,1,6,130,5,1,50.0,0,N,TOWNS,HIGHWAY,3,14.0
143576,1,5,121,1,1,60.0,0,I,MELB_URBAN,STREET,3,8.0
143577,2,4,100,5,1,40.0,0,N,MELB_URBAN,STREET,3,16.0
143578,1,4,130,5,1,50.0,0,N,SMALL_CITIES,STREET,3,12.0
143579,1,3,120,5,1,60.0,0,N,RURAL_VICTORIA,ROAD,3,11.0
143580,1,5,132,2,1,50.0,0,I,MELB_URBAN,ROAD,3,17.0
143581,1,1,113,2,1,80.0,0,I,MELB_URBAN,ROAD,3,17.0
143582,1,5,130,5,3,60.0,0,N,MELB_URBAN,ROAD,3,6.0
143583,1,4,130,1,1,60.0,0,I,MELB_URBAN,ROAD,3,14.0
143584,4,5,99,2,2,100.0,0,I,RURAL_VICTORIA,ROAD,3,6.0
143585,1,5,130,4,1,60.0,0,N,MELB_URBAN,RAMP,3,8.0
143586,1,5,160,2,1,60.0,0,N,TOWNS,STREET,3,14.0
143587,1,3,135,5,1,40.0,0,N,MELB_URBAN,STREET,3,18.0
143588,1,5,130,2,1,60.0,0,I,MELB_URBAN,ROAD,3,13.0
143589,1,4,130,5,1,80.0,0,N,MELB_URBAN,OTHER,3,10.0
143590,1,5,130,5,1,30.0,0,N,MELB_URBAN,ROAD,3,9.0
143591,1,4,110,1,1,80.0,0,I,RURAL_VICTORIA,ROAD,3,15.0
143592,6,1,99,2,1,60.0,0,N,TOWNS,STREET,3,9.0
143593,1,5,147,5,1,100.0,0,N,RURAL_VICTORIA,ROAD,3,11.0
143594,1,4,133,5,1,80.0,0,N,RURAL_VICTORIA,ROAD,3,16.0
143595,1,4,130,5,1,80.0,0,N,MELB_URBAN,RAMP,3,15.0
143596,1,5,130,5,1,60.0,0,N,MELB_URBAN,ROAD,3,16.0
143597,1,5,130,5,1,60.0,0,N,MELB_URBAN,ROAD,3,16.0
143598,1,5,132,5,1,60.0,0,N,MELB_URBAN,ROAD,3,17.0
143599,1,5,99,2,1,60.0,0,I,MELB_URBAN,ROAD,3,17.0
143600,4,5,171,5,1,80.0,0,N,RURAL_VICTORIA,ROAD,3,16.0
143601,1,5,130,5,1,100.0,0,N,MELB_URBAN,FREEWAY,3,16.0
143602,2,5,100,1,1,40.0,0,I,SMALL_CITIES,STREET,3,9.0
143603,1,4,130,5,1,30.0,0,N,MELB_URBAN,AVENUE,3,17.0
143604,1,5,130,5,1,70.0,0,N,MELB_URBAN,RAMP,3,17.0
143605,6,1,99,5,1,80.0,0,N,SMALL_TOWNS,ROAD,3,13.0
143606,1,4,121,1,3,70.0,0,I,MELB_URBAN,ROAD,3,20.0
143607,8,5,174,5,1,100.0,0,N,MELB_URBAN,FREEWAY,3,17.0
143608,4,5,173,5,1,100.0,1,N,RURAL_VICTORIA,HIGHWAY,3,14.0
143609,4,5,183,5,5,60.0,1,N,RURAL_VICTORIA,ROAD,3,23.0
143610,1,5,121,4,1,80.0,0,I,MELB_URBAN,HIGHWAY,3,19.0
143611,4,5,173,5,3,60.0,0,N,MELB_URBAN,ROAD,3,2.0
143612,1,0,130,5,1,70.0,0,N,LARGE_PROVINCIAL_CITIES,ROAD,3,13.0
143613,4,6,171,5,5,110.0,0,N,RURAL_VICTORIA,FREEWAY,3,1.0
143614,1,6,130,1,1,50.0,0,N,TOWNS,AVENUE,3,8.0
143615,2,6,100,5,1,40.0,0,N,TOWNS,STREET,3,8.0
143616,1,6,130,4,3,70.0,0,I,MELB_URBAN,STREET,3,6.0
143617,1,5,130,5,1,70.0,0,N,MELB_URBAN,ROAD,2,15.0
143618,2,6,102,1,1,40.0,0,I,MELB_URBAN,STREET,3,9.0
143619,4,6,171,2,3,60.0,0,N,SMALL_TOWNS,HIGHWAY,3,2.0
143620,6,7,174,1,1,60.0,0,I,SMALL_CITIES,AVENUE,3,16.0
143621,1,2,111,2,1,70.0,0,N,MELB_URBAN,ROAD,3,13.0
143622,1,5,130,2,1,60.0,0,N,MELB_URBAN,ROAD,3,14.0
143623,1,6,99,5,1,60.0,0,N,MELB_URBAN,ROAD,3,9.0
143624,4,6,171,5,5,80.0,0,N,RURAL_VICTORIA,ROAD,3,6.0
143625,4,1,171,2,3,50.0,0,N,LARGE_PROVINCIAL_CITIES,STREET,3,19.0
143626,7,1,99,5,1,60.0,0,N,MELBOURNE_CBD,STREET,3,8.0
143627,1,5,130,5,1,80.0,0,N,MELB_URBAN,OTHER,3,10.0