,accident_type,day_of_week,dca_code,road_geometry,light_condition,speed_zone,severity,node_type,deg_urban_name,road_type,month,hour
143628,1,5,113,2,1,60.0,0,I,MELB_URBAN,ROAD,3,18.0
143629,1,6,110,1,1,100.0,0,I,RURAL_VICTORIA,HIGHWAY,3,12.0
143630,1,6,121,1,1,60.0,0,I,MELB_URBAN,PARADE,3,9.0
143631,1,5,140,5,1,40.0,0,N,MELB_URBAN,STREET,3,13.0
143632,1,6,130,5,1,60.0,0,N,MELB_URBAN,ROAD,3,7.0
143633,1,6,120,5,1,100.0,0,N,RURAL_VICTORIA,OTHER,3,10.0
143634,2,6,99,1,1,40.0,0,N,MELB_URBAN,STREET,3,15.0
143635,4,5,181,5,1,100.0,0,N,RURAL_VICTORIA,ROAD,3,16.0
143636,6,3,99,5,1,50.0,0,N,MELB_URBAN,RAMP,2,15.0
143637,2,2,99,1,1,40.0,0,I,MELB_URBAN,STREET,1,16.0
143638,1,5,130,1,3,80.0,0,I,MELB_URBAN,ROAD,2,5.0
143639,1,6,147,5,1,60.0,0,N,MELB_URBAN,ROAD,3,13.0
143640,2,5,100,5,1,50.0,0,N,LARGE_PROVINCIAL_CITIES,ROAD,3,18.0
143641,1,6,120,5,1,60.0,0,N,MELB_URBAN,STREET,3,16.0
143642,1,6,99,2,1,60.0,0,I,MELB_URBAN,ROAD,3,15.0
143643,1,3,160,5,9,60.0,0,N,MELB_URBAN,ROAD,3,15.0
143644,6,6,174,2,1,50.0,0,I,TOWNS,HIGHWAY,3,18.0
143645,1,6,113,2,1,60.0,1,I,MELB_URBAN,ROAD,3,13.0
143646,1,6,113,2,1,80.0,0,I,RURAL_VICTORIA,ROAD,3,16.0
143647,1,6,121,2,3,60.0,0,I,MELB_URBAN,ROAD,3,20.0
143648,1,6,99,2,1,50.0,0,I,MELB_URBAN,ROAD,3,16.0
143649,1,6,140,5,6,50.0,0,N,MELB_URBAN,STREET,3,20.0
143650,1,6,130,5,3,70.0,0,N,MELB_URBAN,ROAD,3,23.0
143651,3,5,167,5,5,80.0,0,N,RURAL_VICTORIA,ROAD,3,23.0
143652,1,5,130,2,3,80.0,0,I,MELB_URBAN,HIGHWAY,3,22.0
143653,4,7,173,5,3,80.0,0,N,MELB_URBAN,HIGHWAY,3,2.0
143654,4,7,173,5,5,70.0,0,N,MELB_URBAN,ROAD,3,1.0
143655,1,5,140,1,9,70.0,0,I,MELB_URBAN,ROAD,1,14.0
143656,1,7,135,1,3,60.0,0,I,MELB_URBAN,ROAD,3,6.0
143657,1,5,111,2,1,60.0,0,I,LARGE_PROVINCIAL_CITIES,ROAD,3,8.0
143658,6,6,174,1,1,50.0,0,I,RURAL_VICTORIA,ROAD,3,19.0
143659,1,7,160,5,1,60.0,0,N,LARGE_PROVINCIAL_CITIES,STREET,3,8.0
143660,2,7,102,1,3,50.0,0,I,MELB_URBAN,ROAD,3,6.0
143661,1,5,134,5,2,100.0,0,N,MELB_URBAN,FREEWAY,3,7.0
143662,1,6,135,5,1,100.0,0,N,MELB_URBAN,FREEWAY,3,8.0
143663,1,6,110,1,1,60.0,0,I,MELB_URBAN,STREET,3,14.0
143664,1,0,130,5,1,80.0,0,N,MELB_URBAN,ROAD,3,14.0
143665,1,1,121,2,1,80.0,0,N,RURAL_VICTORIA,ROAD,3,16.0
143666,1,7,133,5,1,60.0,0,N,MELB_URBAN,ROAD,3,9.0
143667,8,4,174,5,2,60.0,0,N,MELBOURNE_CBD,OTHER,3,18.0
143668,8,7,99,5,1,80.0,0,N,MELB_URBAN,ROAD,3,13.0
143669,1,7,121,1,1,60.0,0,I,MELB_URBAN,ROAD,3,11.0
143670,1,7,160,5,1,50.0,0,N,LARGE_PROVINCIAL_CITIES,STREET,3,10.0
143671,6,6,174,5,1,100.0,0,N,RURAL_VICTORIA,ROAD,3,12.0
143672,1,7,113,2,1,60.0,0,I,MELB_URBAN,ROAD,3,13.0
143673,1,5,140,5,1,60.0,0,N,MELB_URBAN,STREET,3,15.0
143674,1,6,120,5,1,50.0,0,N,RURAL_VICTORIA,OTHER,3,11.0
143675,1,7,113,2,1,60.0,0,I,MELB_URBAN,AVENUE,3,12.0
143676,1,6,160,5,1,50.0,0,N,MELB_URBAN,OTHER,3,12.0
143677,1,7,130,5,2,80.0,0,N,RURAL_VICTORIA,HIGHWAY,3,6.0
143678,1,5,132,2,1,60.0,0,I,MELB_URBAN,OTHER,2,17.0
143679,1,3,121,1,9,80.0,0,I,MELB_URBAN,HIGHWAY,3,6.0
143680,1,6,121,5,1,50.0,0,N,MELB_URBAN,STREET,3,12.0
143681,1,7,130,5,1,100.0,1,N,RURAL_VICTORIA,ROAD,3,10.0
143682,1,6,130,5,1,80.0,0,N,MELB_URBAN,STREET,3,13.0
143683,1,7,121,5,1,60.0,0,N,MELB_URBAN,STREET,3,13.0
143684,5,5,99,5,1,100.0,0,N,RURAL_VICTORIA,HIGHWAY,3,8.0
143685,4,7,181,5,1,100.0,0,N,RURAL_VICTORIA,ROAD,3,12.0
143686,2,7,99,2,1,60.0,0,N,MELB_URBAN,ROAD,3,13.0
143687,1,7,110,1,1,80.0,0,I,MELB_URBAN,ROAD,3,14.0
143688,1,1,130,5,1,60.0,0,N,MELB_URBAN,ROAD,3,10.0
143689,8,6,99,5,1,100.0,0,N,RURAL_VICTORIA,HIGHWAY,3,10.0
143690,1,7,120,5,1,60.0,0,N,RURAL_VICTORIA,ROAD,3,15.0
143691,1,6,111,1,1,70.0,0,I,MELB_URBAN,ROAD,3,12.0
143692,1,5,130,5,1,60.0,0,N,MELB_URBAN,ROAD,3,11.0
143693,1,7,130,5,1,80.0,0,N,RURAL_VICTORIA,ROAD,3,18.0
143694,1,7,130,5,2,50.0,0,N,MELB_URBAN,ROAD,3,6.0
143695,4,7,171,5,1,100.0,0,N,RURAL_VICTORIA,ROAD,3,17.0
143696,1,2,99,1,1,80.0,0,N,SMALL_CITIES,ROAD,3,17.0
143697,1,5,130,5,9,80.0,0,N,RURAL_VICTORIA,ROAD,3,6.0
143698,1,7,130,1,1,80.0,0,I,MELB_URBAN,ROAD,3,16.0
143699,4,7,171,5,1,100.0,0,N,MELB_URBAN,RAMP,3,15.0
143700,1,7,99,2,3,60.0,0,I,MELB_URBAN,ROAD,3,20.0
143701,1,7,121,5,2,60.0,0,N,SMALL_CITIES,ROAD,3,20.0
143702,2,7,100,1,3,70.0,0,I,MELB_URBAN,ROAD,3,20.0
143703,1,6,130,5,1,60.0,0,N,RURAL_VICTORIA,ROAD,3,18.0
143704,4,7,173,5,1,50.0,0,N,RURAL_VICTORIA,ROAD,3,17.0
143705,2,6,102,1,3,60.0,0,N,MELB_URBAN,STREET,3,23.0
143706,4,7,173,5,5,100.0,0,N,RURAL_VICTORIA,ROAD,3,23.0
143707,4,1,173,5,3,50.0,0,N,MELB_URBAN,STREET,3,2.0
143708,4,1,173,5,3,60.0,0,N,MELB_URBAN,ROAD,3,1.0
143709,4,0,171,5,3,60.0,0,N,TOWNS,STREET,3,4.0
143710,4,7,181,5,1,100.0,0,N,MELB_URBAN,FREEWAY,3,12.0
143711,4,1,99,2,5,80.0,0,N,RURAL_VICTORIA,HIGHWAY,3,4.0
143712,1,1,110,1,2,60.0,0,I,MELB_URBAN,STREET,3,7.0
143713,1,1,110,1,3,60.0,0,N,MELB_URBAN,ROAD,3,6.0
143714,2,1,102,2,1,50.0,0,N,MELB_URBAN,AVENUE,3,9.0
143715,1,1,130,5,1,60.0,0,N,MELB_URBAN,ROAD,3,12.0
143716,1,4,134,5,1,40.0,0,N,MELB_URBAN,ROAD,3,11.0
143717,1,1,160,5,1,50.0,0,N,MELB_URBAN,AVENUE,3,10.0
143718,1,4,130,1,1,60.0,0,N,MELB_URBAN,ROAD,3,8.0
143719,1,1,113,2,1,80.0,0,I,MELB_URBAN,HIGHWAY,3,10.0
143720,1,1,116,1,1,80.0,0,N,MELB_URBAN,ROAD,3,11.0
143721,2,1,100,5,1,40.0,0,N,MELB_URBAN,STREET,3,10.0
143722,4,1,171,5,1,50.0,0,N,LARGE_PROVINCIAL_CITIES,PARADE,3,11.0
143723,1,1,120,5,1,80.0,0,N,RURAL_VICTORIA,AVENUE,3,13.0
143724,1,6,163,1,1,50.0,0,I,MELB_URBAN,STREET,3,16.0
143725,1,3,160,5,1,60.0,0,N,MELB_URBAN,ROAD,3,7.0
143726,1,0,120,5,1,60.0,0,N,RURAL_VICTORIA,ROAD,3,12.0
143727,1,1,113,1,1,80.0,0,N,MELB_URBAN,ROAD,3,14.0
143728,1,3,130,5,1,80.0,0,N,MELB_URBAN,ROAD,3,8.0
143729,1,1,147,5,1,50.0,0,N,MELB_URBAN,ROAD,2,11.0
143730,1,4,99,2,1,30.0,0,I,SMALL_CITIES,DRIVE,12,18.0
143731,1,6,121,2,2,40.0,0,N,MELB_URBAN,STREET,3,18.0
143732,8,0,170,5,1,100.0,0,N,RURAL_VICTORIA,ROAD,3,15.0
143733,1,5,130,5,3,60.0,0,N,MELB_URBAN,ROAD,3,21.0
143734,1,1,120,5,1,100.0,0,N,RURAL_VICTORIA,HIGHWAY,3,17.0
143735,2,1,102,5,1,70.0,0,N,LARGE_PROVINCIAL_CITIES,HIGHWAY,3,18.0
143736,1,1,110,1,1,50.0,0,I,MELB_URBAN,OTHER,3,16.0
143737,4,7,183,5,1,60.0,0,N,RURAL_VICTORIA,ROAD,2,14.0
143738,4,1,171,5,1,100.0,0,N,RURAL_VICTORIA,HIGHWAY,3,16.0
143739,1,0,121,2,1,40.0,0,N,MELB_URBAN,STREET,3,18.0
143740,2,6,100,5,6,60.0,0,O,MELB_URBAN,UNKNOWN,4,18.0
143741,6,1,184,1,1,100.0,0,I,RURAL_VICTORIA,ROAD,3,16.0
143742,1,1,113,2,1,60.0,0,I,TOWNS,HIGHWAY,3,7.0
143743,2,0,99,1,2,50.0,0,I,MELB_URBAN,STREET,3,20.0
143744,1,1,99,5,1,40.0,0,N,MELB_URBAN,STREET,3,17.0
143745,4,1,173,5,5,100.0,0,N,MELB_URBAN,FREEWAY,3,21.0
143746,4,0,171,5,1,50.0,0,N,LARGE_PROVINCIAL_CITIES,ROAD,3,17.0
143747,2,0,102,5,3,60.0,0,N,MELB_URBAN,ROAD,3,21.0
143748,1,1,160,5,3,80.0,0,N,MELB_URBAN,ROAD,3,2.0
143749,1,1,121,1,3,70.0,0,I,MELB_URBAN,ROAD,3,23.0
143750,3,1,167,5,2,100.0,0,N,RURAL_VICTORIA,ROAD,3,19.0
143751,1,1,130,5,1,60.0,0,N,MELB_URBAN,ROAD,3,12.0
143752,2,6,100,1,1,40.0,0,I,MELB_URBAN,ROAD,3,9.0
143753,1,2,160,5,1,60.0,0,N,MELB_URBAN,ROAD,3,7.0
143754,1,1,133,5,2,100.0,0,N,RURAL_VICTORIA,ROAD,3,7.0
143755,1,2,147,5,1,60.0,0,N,RURAL_VICTORIA,ROAD,3,8.0
143756,2,6,100,2,1,40.0,0,I,MELBOURNE_CBD,PARADE,3,11.0
143757,1,2,113,1,1,80.0,0,I,MELB_URBAN,ROAD,3,7.0
143758,1,2,147,5,1,40.0,0,N,MELB_URBAN,ROAD,2,15.0
143759,1,4,130,5,5,100.0,0,N,RURAL_VICTORIA,ROAD,3,7.0
143760,4,2,171,5,1,80.0,0,N,RURAL_VICTORIA,ROAD,3,9.0
143761,6,6,174,1,1,50.0,0,I,SMALL_CITIES,STREET,3,17.0
143762,4,2,173,5,1,100.0,0,N,RURAL_VICTORIA,ROAD,3,11.0
143763,1,2,121,5,1,60.0,0,N,MELB_URBAN,ROAD,3,10.0
143764,1,7,130,5,1,50.0,0,N,MELB_URBAN,STREET,10,15.0
143765,2,2,99,6,1,50.0,0,N,SMALL_CITIES,STREET,3,9.0
143766,1,3,116,2,1,60.0,0,I,MELB_URBAN,ROAD,3,15.0
143767,1,1,99,1,9,50.0,0,I,MELB_URBAN,ROAD,3,17.0
143768,1,7,130,5,1,60.0,0,N,MELB_URBAN,ROAD,3,14.0
143769,1,3,116,2,9,50.0,0,N,RURAL_VICTORIA,ROAD,6,14.0
143770,1,2,130,2,1,60.0,0,I,MELB_URBAN,ROAD,3,10.0
143771,1,2,111,1,1,60.0,0,I,MELB_URBAN,AVENUE,3,13.0
143772,2,2,100,5,1,60.0,0,N,MELB_URBAN,ROAD,3,14.0
143773,8,6,170,5,1,60.0,0,N,RURAL_VICTORIA,OTHER,3,10.0
143774,1,2,121,2,1,70.0,0,N,RURAL_VICTORIA,ROAD,3,13.0
143775,1,6,111,2,1,60.0,0,I,MELB_URBAN,ROAD,3,12.0
143776,1,7,130,5,1,60.0,0,I,MELB_URBAN,ROAD,3,11.0
143777,2,2,99,5,1,70.0,0,N,RURAL_VICTORIA,ROAD,3,16.0
143778,1,2,110,1,1,80.0,0,N,MELB_URBAN,HIGHWAY,3,13.0
143779,1,1,110,1,1,40.0,0,I,TOWNS,STREET,3,15.0
143780,1,2,113,1,1,80.0,0,N,RURAL_VICTORIA,FREEWAY,3,16.0
143781,1,2,130,4,1,60.0,0,N,LARGE_PROVINCIAL_CITIES,STREET,3,16.0
143782,1,2,130,5,1,60.0,0,N,MELB_URBAN,ROAD,3,17.0
143783,4,2,183,5,1,100.0,0,N,MELB_URBAN,FREEWAY,3,15.0
143784,1,2,130,5,1,60.0,0,N,MELB_URBAN,ROAD,3,17.0
143785,1,5,135,5,1,80.0,0,N,MELB_URBAN,RAMP,3,10.0
143786,8,1,99,5,1,100.0,0,N,RURAL_VICTORIA,OTHER,3,9.0
143787,1,1,132,5,1,80.0,0,N,SMALL_CITIES,HIGHWAY,3,15.0
143788,4,2,171,5,1,100.0,0,N,RURAL_VICTORIA,ROAD,3,16.0
143789,2,2,100,5,1,50.0,0,N,TOWNS,STREET,3,18.0
143790,1,2,99,5,1,60.0,0,N,RURAL_VICTORIA,ROAD,3,17.0
143791,1,2,130,2,1,60.0,0,I,MELB_URBAN,OTHER,3,16.0
143792,1,2,140,1,1,70.0,0,I,LARGE_PROVINCIAL_CITIES,ROAD,3,16.0
143793,1,2,121,1,1,80.0,0,I,MELB_URBAN,ROAD,3,17.0
143794,1,2,99,2,1,60.0,0,I,MELB_URBAN,DRIVE,3,13.0
143795,1,0,135,5,2,60.0,0,N,MELB_URBAN,ROAD,3,19.0
143796,4,2,171,1,3,70.0,0,I,MELB_URBAN,ROAD,3,20.0
143797,8,1,99,5,1,80.0,0,I,MELB_URBAN,FREEWAY,2,8.0
143798,1,1,113,2,1,60.0,0,I,SMALL_TOWNS,ROAD,3,16.0
143799,4,2,171,5,5,80.0,0,N,MELB_URBAN,ROAD,3,20.0
143800,4,2,171,5,3,80.0,0,N,MELB_URBAN,ROAD,3,20.0
143801,1,5,99,1,9,40.0,0,I,MELB_URBAN,AVENUE,3,18.0
143802,1,2,130,1,3,70.0,0,I,MELB_URBAN,HIGHWAY,3,22.0
143803,2,3,99,5,3,50.0,0,N,TOWNS,STREET,3,5.0
143804,3,3,167,5,5,100.0,0,N,RURAL_VICTORIA,ROAD,3,6.0
143805,1,6,130,5,1,60.0,0,N,MELB_URBAN,ROAD,3,9.0
143806,2,1,100,5,9,60.0,0,N,MELB_URBAN,STREET,3,3.0
143807,4,3,99,2,1,100.0,0,I,RURAL_VICTORIA,ROAD,3,6.0
143808,6,0,174,5,1,100.0,0,N,RURAL_VICTORIA,ROAD,3,13.0
143809,5,6,99,5,1,60.0,0,N,SMALL_CITIES,ROAD,3,12.0
143810,2,3,102,5,6,60.0,0,N,MELB_URBAN,OTHER,3,6.0
143811,6,5,99,5,1,60.0,0,N,RURAL_VICTORIA,OTHER,3,13.0
143812,1,6,130,2,3,50.0,0,I,MELB_URBAN,STREET,3,20.0
143813,1,2,140,2,1,50.0,0,I,MELB_URBAN,ROAD,2,17.0
143814,1,2,160,5,1,50.0,0,N,MELB_URBAN,STREET,3,8.0
143815,4,3,173,5,1,50.0,0,N,MELB_URBAN,OTHER,3,10.0
143816,1,3,130,5,1,80.0,0,N,MELB_URBAN,HIGHWAY,3,9.0
143817,1,3,130,5,2,60.0,0,N,MELB_URBAN,ROAD,3,7.0
143818,6,3,170,5,1,70.0,0,N,MELB_URBAN,HIGHWAY,3,8.0
143819,1,2,134,5,1,100.0,0,N,MELB_URBAN,FREEWAY,3,10.0
143820,1,2,160,5,1,50.0,0,N,SMALL_CITIES,STREET,3,10.0
143821,6,3,99,5,1,100.0,0,N,RURAL_VICTORIA,ROAD,3,10.0
143822,1,1,121,1,3,60.0,0,I,MELB_URBAN,ROAD,3,20.0
143823,1,3,116,2,1,50.0,0,I,MELB_URBAN,STREET,2,13.0
143824,1,2,147,5,1,50.0,0,N,SMALL_CITIES,STREET,3,15.0
143825,1,3,160,5,1,100.0,0,N,RURAL_VICTORIA,ROAD,3,11.0
143826,4,3,173,5,1,80.0,0,N,MELB_URBAN,HIGHWAY,3,14.0
143827,1,3,130,2,2,60.0,0,N,MELB_URBAN,STREET,3,5.0
143828,2,3,99,5,1,50.0,0,N,MELB_URBAN,ROAD,3,15.0
143829,1,2,130,5,1,80.0,0,N,MELB_URBAN,ROAD,3,16.0
143830,1,2,110,1,2,40.0,0,I,TOWNS,STREET,3,19.0
143831,1,2,130,1,1,100.0,0,I,RURAL_VICTORIA,ROAD,3,14.0
143832,2,3,99,5,1,60.0,0,N,MELB_URBAN,ROAD,3,15.0
143833,1,2,110,1,2,70.0,0,I,SMALL_CITIES,STREET,3,18.0
143834,1,3,132,5,2,80.0,0,N,MELB_URBAN,ROAD,3,18.0
143835,2,2,99,5,1,40.0,0,N,MELB_URBAN,ROAD,3,15.0
143836,9,3,170,5,5,60.0,0,N,RURAL_VICTORIA,ROAD,3,19.0
143837,1,1,130,2,1,60.0,0,I,MELB_URBAN,ROAD,3,19.0
143838,1,2,113,1,1,60.0,0,I,MELB_URBAN,ROAD,3,15.0
143839,1,2,120,5,1,80.0,0,N,RURAL_VICTORIA,ROAD,3,15.0
143840,4,2,183,5,5,100.0,0,N,RURAL_VICTORIA,ROAD,3,21.0
143841,1,3,99,2,3,70.0,0,I,MELB_URBAN,ROAD,3,22.0
143842,2,6,100,1,1,50.0,0,I,SMALL_CITIES,ROAD,3,15.0
143843,1,4,130,5,2,100.0,0,N,MELB_URBAN,FREEWAY,3,4.0
143844,1,6,110,1,1,50.0,0,I,MELB_URBAN,STREET,3,16.0
143845,4,1,181,5,3,50.0,0,N,MELB_URBAN,DRIVE,3,19.0
143846,2,3,99,5,1,60.0,0,N,SMALL_CITIES,STREET,1,10.0
143847,1,1,110,1,1,50.0,0,I,MELB_URBAN,STREET,3,16.0
143848,1,4,110,1,1,60.0,0,I,MELB_URBAN,STREET,3,9.0
143849,1,1,130,4,1,100.0,0,N,RURAL_VICTORIA,RAMP,3,16.0
143850,8,4,99,5,1,60.0,0,N,LARGE_PROVINCIAL_CITIES,ROAD,3,10.0
143851,6,5,170,5,2,100.0,0,N,RURAL_VICTORIA,ROAD,2,6.0
143852,1,7,130,2,1,60.0,0,N,MELB_URBAN,ROAD,10,11.0
143853,1,4,140,5,9,60.0,0,N,MELB_URBAN,ROAD,1,15.0
143854,1,7,99,5,1,60.0,0,N,TOWNS,STREET,3,15.0
143855,4,4,171,5,1,80.0,0,N,SMALL_TOWNS,ROAD,3,11.0
143856,6,1,99,5,1,60.0,0,N,RURAL_VICTORIA,ROAD,3,13.0
143857,1,4,160,5,1,70.0,0,N,MELB_URBAN,ROAD,3,12.0
143858,4,1,173,5,2,100.0,0,N,RURAL_VICTORIA,ROAD,3,7.0
143859,1,4,130,5,1,100.0,0,N,RURAL_VICTORIA,FREEWAY,2,13.0
143860,4,4,183,5,1,100.0,0,N,RURAL_VICTORIA,ROAD,3,11.0
143861,8,2,99,5,1,110.0,0,N,RURAL_VICTORIA,FREEWAY,2,9.0
143862,8,2,174,1,1,40.0,0,N,MELB_URBAN,ROAD,3,17.0
143863,1,1,121,1,1,80.0,0,I,MELB_URBAN,ROAD,2,6.0
143864,1,1,121,2,3,40.0,0,I,MELB_URBAN,OTHER,3,2.0
143865,4,4,173,2,1,50.0,0,I,MELB_URBAN,STREET,3,14.0
143866,2,6,99,5,1,50.0,0,N,TOWNS,ROAD,3,10.0
143867,8,1,174,5,1,60.0,0,N,RURAL_VICTORIA,ROAD,3,16.0
143868,1,1,133,5,1,60.0,0,N,MELB_URBAN,ROAD,1,13.0
143869,6,2,99,5,1,60.0,0,N,TOWNS,OTHER,3,15.0
143870,1,4,120,5,1,60.0,0,N,SMALL_TOWNS,ROAD,3,12.0
143871,1,4,130,2,9,60.0,0,N,MELB_URBAN,ROAD,3,15.0
143872,1,4,130,5,1,60.0,0,N,LARGE_PROVINCIAL_CITIES,ROAD,3,16.0
143873,1,4,130,5,1,80.0,0,N,MELB_URBAN,FREEWAY,3,10.0
143874,8,0,99,1,1,60.0,0,I,RURAL_VICTORIA,RAMP,3,11.0
143875,6,4,99,5,1,50.0,0,N,MELB_URBAN,STREET,3,14.0
143876,4,4,173,5,1,50.0,0,N,MELB_URBAN,BOULEVARD,3,18.0
143877,1,4,160,5,1,70.0,0,N,MELB_URBAN,ROAD,3,18.0
143878,1,4,120,5,1,100.0,1,N,RURAL_VICTORIA,ROAD,3,12.0
143879,1,6,130,1,1,80.0,0,I,MELB_URBAN,HIGHWAY,3,8.0
143880,1,5,99,2,1,60.0,0,N,MELB_URBAN,STREET,3,18.0
143881,1,4,113,2,1,60.0,0,I,MELB_URBAN,DRIVE,3,17.0
143882,8,7,174,5,5,60.0,0,N,RURAL_VICTORIA,ROAD,3,21.0
143883,2,4,102,5,1,40.0,0,N,SMALL_CITIES,OTHER,3,15.0
143884,1,4,99,1,1,40.0,0,I,SMALL_CITIES,STREET,3,15.0
143885,1,4,133,5,3,80.0,0,N,MELB_URBAN,FREEWAY,3,20.0
143886,1,3,121,2,1,80.0,0,I,MELB_URBAN,ROAD,3,18.0
143887,1,4,163,5,2,40.0,0,N,MELBOURNE_CBD,STREET,3,18.0
143888,1,3,135,5,3,60.0,0,N,MELB_URBAN,FREEWAY,3,23.0
143889,1,3,110,1,5,50.0,0,I,SMALL_CITIES,STREET,3,23.0
143890,4,5,171,5,3,70.0,1,N,MELB_URBAN,ROAD,3,0.0
143891,1,2,130,1,1,80.0,0,N,MELB_URBAN,OTHER,3,11.0
143892,1,4,130,1,1,80.0,0,I,MELB_URBAN,ROAD,3,7.0
143893,1,4,130,5,1,50.0,0,N,MELB_URBAN,STREET,3,17.0
143894,4,5,183,2,1,60.0,0,I,RURAL_VICTORIA,STREET,3,7.0
143895,1,2,113,2,1,60.0,0,I,LARGE_PROVINCIAL_CITIES,ROAD,2,8.0
143896,6,5,99,5,1,100.0,0,N,RURAL_VICTORIA,HIGHWAY,3,9.0
143897,1,2,99,5,1,60.0,0,N,MELB_URBAN,PARADE,1,10.0
143898,1,2,130,1,1,80.0,0,N,MELB_URBAN,ROAD,3,8.0
143899,4,5,173,5,1,50.0,0,N,MELB_URBAN,DRIVE,3,7.0
143900,1,3,130,5,1,70.0,0,N,MELB_URBAN,ROAD,3,17.0
143901,4,4,173,5,1,50.0,0,N,MELB_URBAN,ROAD,3,8.0
143902,1,6,110,1,6,40.0,0,I,MELB_URBAN,STREET,3,22.0
143903,8,2,174,2,1,80.0,0,I,MELB_URBAN,HIGHWAY,3,8.0
143904,1,5,130,1,1,40.0,0,N,MELB_URBAN,HIGHWAY,3,11.0
143905,1,5,110,1,1,50.0,0,I,TOWNS,STREET,3,9.0
143906,1,7,130,5,9,60.0,0,N,MELB_URBAN,STREET,3,12.0
143907,1,5,99,2,1,50.0,0,I,RURAL_VICTORIA,ROAD,3,11.0
143908,1,2,130,5,1,40.0,0,N,MELB_URBAN,STREET,3,17.0
143909,1,5,160,5,1,50.0,0,N,MELB_URBAN,ROAD,3,10.0
143910,1,4,99,5,1,50.0,0,N,TOWNS,ROAD,3,13.0
143911,1,4,110,1,1,60.0,0,I,TOWNS,STREET,3,9.0
143912,1,3,160,5,1,60.0,0,N,MELB_URBAN,ROAD,1,9.0
143913,2,5,102,5,1,50.0,0,N,MELB_URBAN,OTHER,3,13.0
143914,1,3,130,5,9,60.0,0,N,MELB_URBAN,RAMP,3,7.0
143915,1,5,130,5,1,80.0,0,N,MELB_URBAN,ROAD,3,9.0
143916,1,4,99,2,1,70.0,0,N,MELB_URBAN,ROAD,3,16.0
143917,4,5,183,5,1,80.0,0,N,RURAL_VICTORIA,ROAD,3,12.0
143918,1,6,130,5,1,80.0,0,N,MELB_URBAN,OTHER,2,12.0
143919,1,5,99,5,1,40.0,0,N,MELB_URBAN,STREET,3,14.0
143920,4,0,183,5,1,60.0,0,N,RURAL_VICTORIA,ROAD,3,11.0
143921,1,5,130,5,1,60.0,0,N,MELB_URBAN,HIGHWAY,3,18.0
143922,4,5,173,2,1,100.0,0,I,RURAL_VICTORIA,HIGHWAY,3,13.0
143923,1,1,147,5,1,60.0,0,N,MELB_URBAN,PARADE,3,8.0
143924,1,7,163,1,9,40.0,0,I,MELB_URBAN,STREET,3,20.0
143925,1,7,135,5,1,80.0,0,N,MELB_URBAN,UNKNOWN,3,12.0
143926,1,4,140,5,1,80.0,0,N,MELB_URBAN,ROAD,3,16.0
143927,1,4,120,5,3,50.0,0,N,RURAL_VICTORIA,BOULEVARD,3,20.0
143928,4,5,99,5,1,80.0,0,N,SMALL_TOWNS,FREEWAY,3,15.0
143929,1,4,130,2,1,60.0,0,I,MELB_URBAN,STREET,3,14.0
143930,8,4,174,5,1,100.0,0,N,RURAL_VICTORIA,HIGHWAY,3,15.0
143931,1,5,120,5,1,60.0,0,N,MELB_URBAN,ROAD,3,17.0
143932,1,5,130,1,2,50.0,0,I,LARGE_PROVINCIAL_CITIES,STREET,3,7.0
143933,1,6,99,2,1,50.0,0,I,MELB_URBAN,HIGHWAY,3,15.0
143934,1,4,113,2,1,80.0,0,I,MELB_URBAN,HIGHWAY,3,14.0
143935,1,5,113,2,2,80.0,0,I,MELB_URBAN,ROAD,3,19.0
143936,1,5,120,5,1,100.0,0,N,RURAL_VICTORIA,HIGHWAY,3,17.0
143937,1,5,121,2,1,60.0,0,N,RURAL_VICTORIA,ROAD,3,15.0
143938,1,5,121,2,1,60.0,0,I,MELB_URBAN,STREET,3,15.0
143939,1,5,113,1,1,80.0,0,I,RURAL_VICTORIA,HIGHWAY,3,17.0
143940,2,5,99,5,1,50.0,0,N,MELB_URBAN,STREET,3,16.0
143941,1,5,113,2,1,40.0,0,I,MELB_URBAN,ROAD,3,8.0
143942,1,5,116,1,3,70.0,0,I,MELB_URBAN,ROAD,3,21.0
143943,4,5,171,5,5,70.0,0,N,RURAL_VICTORIA,HIGHWAY,3,21.0
143944,1,5,121,1,3,50.0,0,I,MELB_URBAN,ROAD,4,0.0
143945,4,6,171,5,3,50.0,0,N,SMALL_CITIES,STREET,4,5.0
143946,1,5,130,2,3,60.0,0,I,MELB_URBAN,ROAD,4,5.0
143947,1,5,147,5,1,60.0,0,N,LARGE_PROVINCIAL_CITIES,STREET,11,10.0
143948,1,3,130,5,1,80.0,0,N,MELB_URBAN,RAMP,3,17.0
143949,1,5,121,1,3,60.0,0,I,MELB_URBAN,ROAD,4,6.0
143950,5,7,99,5,1,60.0,0,N,RURAL_VICTORIA,ROAD,3,11.0
143951,4,5,171,5,1,80.0,0,N,MELB_URBAN,ROAD,4,8.0
143952,4,6,173,5,1,100.0,0,N,SMALL_CITIES,OTHER,3,9.0
143953,4,5,173,5,1,60.0,0,N,SMALL_CITIES,ROAD,4,10.0
143954,6,1,99,5,1,100.0,0,N,RURAL_VICTORIA,ROAD,3,17.0