,accident_type,day_of_week,dca_code,road_geometry,light_condition,speed_zone,severity,node_type,deg_urban_name,road_type,month,hour
143955,1,5,133,5,1,100.0,0,N,MELB_URBAN,FREEWAY,4,10.0
143956,2,6,100,5,1,40.0,0,N,MELB_URBAN,STREET,4,11.0
143957,8,1,99,5,9,60.0,0,N,SMALL_TOWNS,OTHER,2,12.0
143958,1,6,99,5,1,50.0,0,N,LARGE_PROVINCIAL_CITIES,STREET,4,8.0
143959,1,6,160,5,1,60.0,0,N,MELB_URBAN,DRIVE,4,10.0
143960,4,2,171,5,3,50.0,0,N,MELB_URBAN,STREET,3,22.0
143961,1,6,121,4,1,60.0,0,I,RURAL_VICTORIA,RAMP,4,12.0
143962,1,7,130,5,2,70.0,0,N,MELB_URBAN,ROAD,3,16.0
143963,1,4,130,5,9,60.0,0,N,MELB_URBAN,ROAD,12,12.0
143964,1,4,140,5,3,70.0,0,N,MELB_URBAN,ROAD,3,22.0
143965,3,3,167,5,2,100.0,0,N,RURAL_VICTORIA,ROAD,3,6.0
143966,1,5,120,5,5,110.0,0,N,RURAL_VICTORIA,FREEWAY,3,22.0
143967,1,5,121,1,1,60.0,0,N,MELB_URBAN,ROAD,4,8.0
143968,1,6,99,4,3,80.0,0,N,MELB_URBAN,OTHER,3,21.0
143969,4,4,183,5,1,100.0,0,N,RURAL_VICTORIA,HIGHWAY,3,11.0
143970,1,7,130,5,9,40.0,0,N,SMALL_CITIES,HIGHWAY,3,11.0
143971,1,5,99,2,1,60.0,0,N,MELB_URBAN,STREET,3,14.0
143972,1,3,130,2,1,80.0,0,N,MELB_URBAN,HIGHWAY,3,17.0
143973,1,6,147,5,1,80.0,0,N,MELB_URBAN,ROAD,4,16.0
143974,1,1,110,1,1,50.0,0,I,RURAL_VICTORIA,DRIVE,3,12.0
143975,1,5,121,1,1,60.0,0,N,MELB_URBAN,ROAD,4,17.0
143976,4,6,173,5,1,80.0,0,N,RURAL_VICTORIA,ROAD,4,17.0
143977,4,6,171,5,1,50.0,0,N,SMALL_CITIES,STREET,4,17.0
143978,4,6,181,5,1,60.0,1,N,MELB_URBAN,STREET,4,15.0
143979,2,6,100,1,1,60.0,0,I,TOWNS,STREET,4,16.0
143980,2,6,102,1,1,60.0,0,I,MELB_URBAN,STREET,4,18.0
143981,2,5,100,4,1,60.0,0,I,MELB_URBAN,ROAD,4,12.0
143982,1,6,99,4,1,80.0,0,I,MELB_URBAN,RAMP,4,17.0
143983,1,1,110,1,2,60.0,0,I,RURAL_VICTORIA,OTHER,3,5.0
143984,4,6,171,5,3,80.0,0,N,RURAL_VICTORIA,ROAD,4,21.0
143985,1,6,140,2,3,80.0,0,I,SMALL_CITIES,HIGHWAY,4,21.0
143986,4,7,171,5,3,50.0,0,N,MELB_URBAN,ROAD,4,1.0
143987,1,7,116,2,3,50.0,0,N,MELB_URBAN,ROAD,4,1.0
143988,1,6,134,5,3,40.0,0,N,MELB_URBAN,FREEWAY,4,3.0
143989,1,4,121,1,2,60.0,0,I,SMALL_CITIES,STREET,3,6.0
143990,1,2,132,1,2,60.0,0,N,MELB_URBAN,STREET,3,6.0
143991,4,5,171,5,1,60.0,0,N,RURAL_VICTORIA,ROAD,3,12.0
143992,4,7,173,2,5,70.0,0,N,MELB_URBAN,ROAD,4,5.0
143993,1,5,135,1,1,60.0,0,I,MELB_URBAN,ROAD,3,18.0
143994,1,5,140,5,3,60.0,0,N,MELB_URBAN,ROAD,3,18.0
143995,6,2,174,5,1,110.0,0,N,RURAL_VICTORIA,FREEWAY,12,19.0
143996,4,7,173,5,1,80.0,0,N,MELB_URBAN,ROAD,4,10.0
143997,8,7,99,5,1,70.0,0,N,MELB_URBAN,ROAD,4,11.0
143998,4,7,171,5,1,60.0,0,N,MELB_URBAN,UNKNOWN,4,9.0
143999,1,3,130,2,1,70.0,0,I,MELB_URBAN,ROAD,3,17.0
144000,1,6,130,5,1,80.0,0,N,MELB_URBAN,ROAD,4,12.0
144001,1,7,120,5,1,100.0,0,N,RURAL_VICTORIA,ROAD,4,10.0
144002,1,5,113,2,1,70.0,0,N,RURAL_VICTORIA,ROAD,4,15.0
144003,1,7,121,5,1,60.0,0,N,MELB_URBAN,ROAD,4,12.0
144004,4,7,171,5,1,40.0,0,N,MELB_URBAN,ROAD,4,12.0
144005,1,7,121,5,1,60.0,0,N,MELB_URBAN,ROAD,4,11.0
144006,1,6,130,5,1,80.0,0,N,MELB_URBAN,ROAD,4,14.0
144007,1,6,135,5,1,60.0,0,N,MELB_URBAN,ROAD,4,12.0
144008,1,6,121,2,1,60.0,0,I,MELB_URBAN,ROAD,4,13.0
144009,1,7,113,1,1,40.0,0,I,MELB_URBAN,STREET,4,12.0
144010,4,7,181,5,1,100.0,0,N,RURAL_VICTORIA,HIGHWAY,4,12.0
144011,1,6,130,5,1,80.0,0,N,SMALL_TOWNS,ROAD,4,13.0
144012,4,7,171,2,1,50.0,0,I,LARGE_PROVINCIAL_CITIES,STREET,4,13.0
144013,1,7,99,5,1,60.0,0,UNKNOWN,UNKNOWN,UNKNOWN,4,13.0
144014,1,4,110,1,3,60.0,0,N,MELB_URBAN,STREET,3,21.0
144015,6,6,174,2,1,50.0,0,N,MELB_URBAN,ROAD,4,14.0
144016,4,6,171,5,1,50.0,0,N,MELB_URBAN,ROAD,4,15.0
144017,2,2,99,1,3,50.0,0,I,MELB_URBAN,ROAD,3,6.0
144018,8,6,99,5,1,80.0,0,N,RURAL_VICTORIA,ROAD,4,9.0
144019,1,6,120,5,2,60.0,0,N,LARGE_PROVINCIAL_CITIES,STREET,4,19.0
144020,1,5,130,5,1,70.0,0,N,MELB_URBAN,ROAD,11,16.0
144021,4,7,171,5,5,50.0,0,N,MELB_URBAN,BOULEVARD,4,20.0
144022,1,7,111,2,3,60.0,0,N,MELB_URBAN,AVENUE,4,21.0
144023,4,1,171,5,3,60.0,0,N,MELB_URBAN,ROAD,4,0.0
144024,4,1,171,5,3,100.0,0,N,MELB_URBAN,FREEWAY,4,0.0
144025,8,6,174,6,3,40.0,0,N,SMALL_CITIES,OTHER,4,20.0
144026,4,1,171,5,3,60.0,0,N,MELB_URBAN,BOULEVARD,4,4.0
144027,4,7,171,5,3,80.0,0,N,MELB_URBAN,FREEWAY,4,5.0
144028,4,1,173,1,3,80.0,0,I,MELB_URBAN,ROAD,4,4.0
144029,6,6,170,5,1,60.0,0,N,MELB_URBAN,ROAD,4,12.0
144030,4,1,173,5,5,100.0,1,N,RURAL_VICTORIA,ROAD,4,1.0
144031,8,7,174,5,1,60.0,0,N,RURAL_VICTORIA,ROAD,4,14.0
144032,3,5,167,5,5,100.0,0,N,RURAL_VICTORIA,ROAD,3,23.0
144033,1,1,110,1,1,80.0,0,I,RURAL_VICTORIA,ROAD,4,10.0
144034,6,5,174,5,1,80.0,0,N,RURAL_VICTORIA,ROAD,3,11.0
144035,1,1,99,2,1,40.0,0,I,LARGE_PROVINCIAL_CITIES,DRIVE,4,10.0
144036,1,7,147,5,1,40.0,0,N,TOWNS,STREET,4,9.0
144037,1,4,113,1,1,80.0,0,I,MELB_URBAN,ROAD,3,18.0
144038,1,1,130,2,1,80.0,0,N,MELB_URBAN,HIGHWAY,3,8.0
144039,1,1,110,1,1,70.0,0,I,MELB_URBAN,ROAD,4,11.0
144040,1,0,99,5,1,80.0,0,N,RURAL_VICTORIA,ROAD,4,13.0
144041,1,1,140,5,1,60.0,0,N,MELB_URBAN,ROAD,4,14.0
144042,2,7,99,5,5,60.0,0,N,SMALL_CITIES,STREET,4,20.0
144043,4,1,181,5,1,60.0,0,N,RURAL_VICTORIA,ROAD,3,10.0
144044,1,5,130,5,1,100.0,0,N,RURAL_VICTORIA,HIGHWAY,12,18.0
144045,6,1,174,2,1,60.0,0,I,RURAL_VICTORIA,OTHER,3,8.0
144046,1,1,99,2,1,60.0,0,I,TOWNS,STREET,4,16.0
144047,1,1,99,1,1,60.0,0,I,MELB_URBAN,STREET,4,5.0
144048,1,6,99,5,1,60.0,0,N,MELB_URBAN,ROAD,4,8.0
144049,1,0,110,1,1,50.0,0,I,SMALL_CITIES,STREET,4,16.0
144050,6,1,99,5,1,100.0,0,N,RURAL_VICTORIA,ROAD,4,15.0
144051,6,1,174,5,1,100.0,0,N,RURAL_VICTORIA,ROAD,4,12.0
144052,1,1,130,5,5,110.0,0,N,RURAL_VICTORIA,FREEWAY,4,19.0
144053,2,0,102,5,1,50.0,0,I,MELB_URBAN,STREET,4,15.0
144054,1,1,133,5,3,80.0,0,N,MELB_URBAN,OTHER,4,19.0
144055,1,1,160,5,3,60.0,0,N,LARGE_PROVINCIAL_CITIES,AVENUE,4,21.0
144056,1,0,130,2,3,70.0,0,N,MELB_URBAN,ROAD,4,21.0
144057,1,1,160,5,3,30.0,0,N,MELB_URBAN,STREET,4,20.0
144058,4,0,99,5,1,100.0,0,N,RURAL_VICTORIA,FREEWAY,4,16.0
144059,4,0,171,5,3,60.0,0,N,MELB_URBAN,ROAD,4,22.0
144060,1,5,130,5,1,50.0,0,N,SMALL_CITIES,STREET,4,13.0
144061,1,2,160,5,3,60.0,0,N,MELB_URBAN,ROAD,4,0.0
144062,1,1,110,1,3,60.0,0,I,LARGE_PROVINCIAL_CITIES,AVENUE,4,3.0
144063,1,6,135,5,3,60.0,0,N,MELB_URBAN,STREET,4,22.0
144064,6,2,170,5,1,80.0,0,N,MELB_URBAN,HIGHWAY,4,6.0
144065,4,4,173,5,2,100.0,0,N,RURAL_VICTORIA,ROAD,2,6.0
144066,1,1,99,2,9,60.0,0,I,MELB_URBAN,ROAD,3,13.0
144067,8,0,99,5,1,100.0,0,N,RURAL_VICTORIA,ROAD,1,11.0
144068,1,2,113,2,1,50.0,0,I,MELB_URBAN,STREET,4,6.0
144069,1,2,130,2,1,60.0,0,I,LARGE_PROVINCIAL_CITIES,ROAD,4,8.0
144070,1,2,130,5,1,80.0,0,N,MELB_URBAN,FREEWAY,4,9.0
144071,4,2,181,5,1,100.0,0,N,RURAL_VICTORIA,ROAD,4,8.0
144072,2,1,99,5,1,60.0,0,N,MELB_URBAN,ROAD,4,9.0
144073,4,2,181,5,1,60.0,0,N,RURAL_VICTORIA,OTHER,4,7.0
144074,4,1,181,5,1,100.0,0,N,RURAL_VICTORIA,ROAD,4,9.0
144075,6,1,174,2,5,100.0,0,I,RURAL_VICTORIA,AVENUE,4,6.0
144076,8,2,170,5,1,100.0,0,N,RURAL_VICTORIA,ROAD,4,9.0
144077,1,1,130,2,1,70.0,0,N,MELB_URBAN,ROAD,4,9.0
144078,4,5,171,5,5,80.0,0,N,RURAL_VICTORIA,ROAD,2,23.0
144079,4,2,171,5,1,100.0,0,N,RURAL_VICTORIA,ROAD,4,11.0
144080,1,1,120,5,1,100.0,0,N,RURAL_VICTORIA,OTHER,4,11.0
144081,1,2,121,2,1,100.0,0,I,RURAL_VICTORIA,HIGHWAY,4,13.0
144082,1,3,130,5,2,70.0,0,N,MELB_URBAN,ROAD,3,17.0
144083,1,1,99,1,1,60.0,0,N,SMALL_CITIES,STREET,4,14.0
144084,1,2,99,1,1,60.0,0,N,MELB_URBAN,ROAD,4,9.0
144085,1,2,140,2,1,40.0,0,I,MELB_URBAN,PARADE,4,15.0
144086,6,5,99,5,5,50.0,0,N,RURAL_VICTORIA,ROAD,4,21.0
144087,1,1,111,1,1,60.0,0,I,MELB_URBAN,ROAD,4,17.0
144088,1,2,113,1,1,60.0,0,I,MELB_URBAN,STREET,4,14.0
144089,3,3,167,5,5,100.0,0,N,UNKNOWN,ROAD,3,6.0
144090,1,2,121,4,1,40.0,0,I,MELB_URBAN,STREET,4,16.0
144091,1,2,99,1,2,40.0,0,N,MELB_URBAN,STREET,4,17.0
144092,1,1,110,1,1,50.0,0,I,SMALL_CITIES,STREET,4,16.0
144093,4,2,173,5,1,100.0,0,N,RURAL_VICTORIA,ROAD,4,15.0
144094,5,2,99,5,1,60.0,0,N,MELB_URBAN,ROAD,4,14.0
144095,1,2,121,1,1,50.0,0,I,MELB_URBAN,ROAD,2,10.0
144096,1,4,130,5,1,100.0,0,I,MELB_URBAN,RAMP,3,16.0
144097,1,2,130,5,6,60.0,0,N,MELB_URBAN,ROAD,4,19.0
144098,1,5,130,5,1,100.0,0,N,MELB_URBAN,ROAD,3,15.0
144099,4,2,171,2,1,60.0,0,I,RURAL_VICTORIA,ROAD,4,16.0
144100,1,2,110,1,1,80.0,0,I,MELB_URBAN,OTHER,4,14.0
144101,1,2,99,2,2,40.0,0,I,MELB_URBAN,ROAD,4,17.0
144102,1,2,110,1,1,50.0,0,I,TOWNS,ROAD,4,16.0
144103,6,2,170,5,3,50.0,0,N,MELB_URBAN,BOULEVARD,4,20.0
144104,2,2,100,1,3,60.0,0,N,MELB_URBAN,STREET,4,21.0
144105,1,2,130,1,3,60.0,0,I,MELB_URBAN,ROAD,4,22.0
144106,1,1,130,5,3,60.0,0,N,MELB_URBAN,ROAD,4,20.0
144107,1,2,130,5,3,60.0,0,N,MELB_URBAN,ROAD,4,18.0
144108,1,0,99,5,1,80.0,0,N,MELB_URBAN,ROAD,3,17.0
144109,1,3,130,5,1,80.0,0,N,MELB_URBAN,HIGHWAY,4,7.0
144110,1,1,130,5,1,50.0,0,N,LARGE_PROVINCIAL_CITIES,STREET,3,8.0
144111,1,1,130,2,3,60.0,0,I,MELB_URBAN,ROAD,6,17.0
144112,1,6,130,5,1,60.0,0,N,MELB_URBAN,HIGHWAY,3,13.0
144113,3,3,167,5,1,100.0,0,N,RURAL_VICTORIA,ROAD,4,8.0
144114,1,5,135,5,1,60.0,0,N,MELB_URBAN,STREET,3,13.0
144115,1,2,160,5,9,50.0,0,N,TOWNS,ROAD,4,22.0
144116,2,3,102,5,1,50.0,0,N,MELB_URBAN,STREET,4,10.0
144117,4,6,181,5,1,60.0,0,N,MELB_URBAN,ROAD,4,15.0
144118,1,6,130,5,9,70.0,0,N,LARGE_PROVINCIAL_CITIES,ROAD,3,15.0
144119,1,2,130,5,1,60.0,0,N,MELB_URBAN,ROAD,3,18.0
144120,1,5,133,5,2,60.0,0,N,MELB_URBAN,ROAD,12,20.0
144121,1,3,163,5,1,40.0,0,N,MELBOURNE_CBD,STREET,4,9.0
144122,1,4,130,1,1,60.0,0,N,MELB_URBAN,ROAD,3,19.0
144123,1,2,110,1,1,60.0,0,I,MELB_URBAN,AVENUE,4,13.0
144124,1,3,99,5,1,60.0,0,N,MELB_URBAN,HIGHWAY,4,13.0
144125,1,1,99,1,9,60.0,0,I,MELB_URBAN,ROAD,4,15.0
144126,5,1,99,5,1,60.0,0,N,RURAL_VICTORIA,OTHER,4,7.0
144127,4,3,173,5,1,80.0,1,N,MELB_URBAN,HIGHWAY,4,11.0
144128,8,7,170,2,1,80.0,0,I,RURAL_VICTORIA,ROAD,3,9.0
144129,1,5,99,5,1,70.0,0,N,MELB_URBAN,ROAD,9,11.0
144130,1,7,121,1,1,60.0,0,N,MELB_URBAN,STREET,4,15.0
144131,1,3,121,2,1,70.0,0,I,MELB_URBAN,ROAD,4,15.0
144132,1,3,110,1,1,50.0,0,I,TOWNS,STREET,4,15.0
144133,8,3,184,5,1,70.0,0,I,MELB_URBAN,ROAD,2,17.0
144134,1,3,113,2,1,70.0,0,I,MELB_URBAN,ROAD,4,14.0
144135,1,3,132,1,1,60.0,0,I,MELB_URBAN,ROAD,4,12.0
144136,1,1,135,5,1,80.0,0,N,MELB_URBAN,ROAD,4,7.0
144137,1,3,130,5,1,80.0,0,N,MELB_URBAN,FREEWAY,4,14.0
144138,1,3,113,9,1,80.0,0,I,RURAL_VICTORIA,STREET,4,16.0
144139,1,3,132,2,1,60.0,0,I,RURAL_VICTORIA,ROAD,4,16.0
144140,1,6,121,4,3,80.0,0,I,MELB_URBAN,HIGHWAY,3,23.0
144141,8,3,174,1,2,60.0,0,I,MELB_URBAN,ROAD,4,18.0
144142,5,3,99,1,1,40.0,0,I,MELB_URBAN,STREET,3,16.0
144143,1,6,116,1,5,50.0,0,N,LARGE_PROVINCIAL_CITIES,STREET,9,19.0
144144,1,3,110,1,1,100.0,0,I,MELB_URBAN,ROAD,4,17.0
144145,1,2,130,5,1,100.0,0,N,MELB_URBAN,FREEWAY,4,16.0
144146,1,3,113,1,1,60.0,0,I,SMALL_CITIES,ROAD,4,17.0
144147,4,3,173,5,2,100.0,0,N,RURAL_VICTORIA,ROAD,4,17.0
144148,1,5,130,5,1,60.0,0,N,MELB_URBAN,ROAD,4,11.0
144149,1,3,99,1,3,50.0,0,I,MELB_URBAN,STREET,4,19.0
144150,1,5,120,5,1,50.0,0,N,MELB_URBAN,DRIVE,4,14.0
144151,1,4,110,1,3,60.0,0,I,MELB_URBAN,ROAD,4,1.0
144152,1,4,140,5,2,60.0,0,N,MELB_URBAN,ROAD,3,18.0
144153,1,4,110,1,3,80.0,0,I,MELB_URBAN,HIGHWAY,4,2.0
144154,8,4,170,5,3,60.0,0,N,MELB_URBAN,AVENUE,4,4.0
144155,1,3,135,5,3,80.0,0,N,MELB_URBAN,FREEWAY,4,5.0
144156,1,5,130,5,1,60.0,0,N,MELB_URBAN,STREET,4,12.0
144157,1,2,130,5,1,40.0,0,N,MELB_URBAN,ROAD,3,8.0
144158,1,4,135,5,2,100.0,0,N,RURAL_VICTORIA,FREEWAY,4,6.0
144159,1,5,163,5,1,60.0,0,N,MELB_URBAN,ROAD,4,11.0
144160,1,4,113,2,3,100.0,0,I,RURAL_VICTORIA,HIGHWAY,4,6.0
144161,1,6,99,4,1,60.0,0,I,MELB_URBAN,HIGHWAY,4,11.0
144162,1,3,130,5,1,70.0,0,N,MELB_URBAN,STREET,4,9.0
144163,1,4,113,2,1,70.0,0,I,MELB_URBAN,ROAD,4,7.0
144164,4,7,171,5,1,50.0,0,N,MELB_URBAN,AVENUE,2,17.0
144165,1,4,135,5,1,100.0,0,N,MELB_URBAN,ROAD,4,8.0
144166,1,3,132,5,1,60.0,0,N,MELB_URBAN,ROAD,4,16.0
144167,1,0,110,1,1,60.0,0,I,LARGE_PROVINCIAL_CITIES,ROAD,3,14.0
144168,2,3,100,5,1,70.0,0,N,MELB_URBAN,HIGHWAY,4,7.0
144169,1,1,130,1,3,60.0,0,I,RURAL_VICTORIA,ROAD,4,19.0
144170,1,1,147,5,1,60.0,0,N,MELB_URBAN,ROAD,4,14.0
144171,1,3,110,1,1,50.0,0,I,MELB_URBAN,STREET,4,14.0
144172,4,1,181,5,1,100.0,0,N,RURAL_VICTORIA,ROAD,3,10.0
144173,1,3,113,2,3,60.0,0,I,MELB_URBAN,ROAD,4,5.0
144174,1,2,130,5,1,60.0,0,N,MELB_URBAN,ROAD,4,15.0
144175,4,4,181,5,1,100.0,0,N,RURAL_VICTORIA,ROAD,4,14.0
144176,3,5,167,5,5,100.0,0,N,RURAL_VICTORIA,ROAD,3,5.0
144177,1,2,163,5,1,50.0,0,N,MELB_URBAN,STREET,4,11.0
144178,1,3,147,5,1,60.0,0,N,LARGE_PROVINCIAL_CITIES,STREET,4,15.0
144179,1,3,110,1,1,60.0,0,I,LARGE_PROVINCIAL_CITIES,STREET,4,15.0
144180,1,4,121,5,1,80.0,0,I,RURAL_VICTORIA,HIGHWAY,4,15.0
144181,1,5,130,5,1,80.0,0,N,MELB_URBAN,ROAD,4,9.0
144182,1,4,121,2,2,80.0,0,I,RURAL_VICTORIA,ROAD,4,17.0
144183,1,3,121,1,1,40.0,0,I,MELB_URBAN,STREET,4,17.0
144184,1,4,99,2,3,40.0,0,I,MELBOURNE_CBD,STREET,4,17.0
144185,1,4,116,1,1,60.0,0,N,MELB_URBAN,STREET,3,7.0
144186,1,4,130,5,1,80.0,0,N,MELB_URBAN,FREEWAY,4,16.0
144187,8,3,99,5,2,80.0,0,N,RURAL_VICTORIA,ROAD,4,18.0
144188,1,5,163,5,1,40.0,0,N,MELBOURNE_CBD,STREET,4,17.0
144189,1,4,99,2,1,60.0,0,I,MELB_URBAN,STREET,4,17.0
144190,2,3,100,5,3,60.0,0,N,RURAL_VICTORIA,ROAD,4,22.0
144191,4,1,171,2,1,50.0,0,I,MELB_URBAN,STREET,3,14.0
144192,1,5,116,2,2,70.0,0,I,MELB_URBAN,ROAD,4,6.0
144193,4,6,171,5,1,80.0,0,N,MELB_URBAN,HIGHWAY,3,15.0
144194,1,6,130,5,1,80.0,0,N,MELB_URBAN,ROAD,4,9.0
144195,1,5,121,2,1,70.0,0,I,MELB_URBAN,ROAD,4,8.0
144196,1,2,121,5,1,60.0,0,N,MELB_URBAN,ROAD,4,15.0
144197,2,5,99,5,1,40.0,0,N,MELBOURNE_CBD,STREET,4,8.0
144198,1,4,130,5,1,80.0,0,N,MELB_URBAN,ROAD,4,9.0
144199,1,3,130,5,1,60.0,0,N,MELB_URBAN,ROAD,4,8.0
144200,1,5,113,2,1,60.0,0,I,MELB_URBAN,STREET,4,9.0
144201,1,3,130,1,1,60.0,0,I,MELB_URBAN,ROAD,4,12.0
144202,1,7,140,1,1,60.0,0,I,SMALL_CITIES,STREET,4,9.0
144203,1,5,121,4,1,60.0,0,N,MELB_URBAN,BOULEVARD,4,10.0
144204,1,4,130,1,1,60.0,0,N,LARGE_PROVINCIAL_CITIES,ROAD,3,11.0
144205,1,5,130,5,1,80.0,0,N,MELB_URBAN,FREEWAY,4,9.0
144206,2,5,100,2,1,60.0,0,N,MELB_URBAN,ROAD,4,12.0
144207,4,1,173,5,1,100.0,0,N,RURAL_VICTORIA,ROAD,4,14.0
144208,1,6,110,1,1,80.0,0,I,MELB_URBAN,HIGHWAY,3,13.0
144209,8,4,99,2,2,80.0,0,I,RURAL_VICTORIA,ROAD,4,17.0
144210,1,4,130,5,1,60.0,0,N,MELB_URBAN,STREET,1,10.0
144211,1,4,110,1,1,60.0,0,I,LARGE_PROVINCIAL_CITIES,ROAD,4,14.0
144212,4,5,173,5,1,100.0,0,N,RURAL_VICTORIA,HIGHWAY,4,6.0
144213,1,5,160,5,1,50.0,0,N,MELB_URBAN,ROAD,3,14.0
144214,1,1,113,2,1,50.0,0,I,MELB_URBAN,ROAD,3,15.0
144215,1,3,99,2,1,80.0,0,I,MELB_URBAN,ROAD,4,14.0
144216,1,5,99,2,1,60.0,0,N,MELB_URBAN,OTHER,4,15.0
144217,3,3,167,5,1,80.0,0,N,RURAL_VICTORIA,ROAD,11,7.0
144218,6,1,174,5,1,60.0,0,N,RURAL_VICTORIA,OTHER,4,16.0
144219,1,5,147,5,1,40.0,0,N,SMALL_CITIES,STREET,4,17.0
144220,4,2,99,5,1,40.0,0,N,RURAL_VICTORIA,UNKNOWN,4,12.0
144221,4,5,181,5,1,100.0,0,N,RURAL_VICTORIA,ROAD,4,14.0
144222,2,5,100,2,1,50.0,0,N,LARGE_PROVINCIAL_CITIES,STREET,4,15.0
144223,1,4,140,2,1,70.0,0,N,MELB_URBAN,ROAD,4,10.0
144224,2,5,102,1,1,60.0,1,N,MELB_URBAN,ROAD,4,12.0
144225,1,5,130,5,1,40.0,0,N,RURAL_VICTORIA,ROAD,4,16.0
144226,1,4,135,5,3,60.0,0,N,MELB_URBAN,ROAD,4,22.0
144227,1,5,130,5,1,100.0,0,N,RURAL_VICTORIA,ROAD,4,16.0
144228,1,3,163,5,2,40.0,0,N,MELB_URBAN,ROAD,4,17.0
144229,1,4,160,5,3,50.0,0,N,MELB_URBAN,AVENUE,4,22.0
144230,4,5,173,5,3,60.0,0,N,MELB_URBAN,RAMP,3,21.0
144231,1,6,130,5,1,80.0,0,N,MELB_URBAN,FREEWAY,4,6.0
144232,3,5,167,5,1,100.0,0,N,RURAL_VICTORIA,HIGHWAY,4,11.0
144233,1,6,130,1,1,60.0,0,I,SMALL_CITIES,STREET,3,15.0
144234,8,5,174,1,1,50.0,0,N,MELB_URBAN,OTHER,4,13.0
144235,1,6,99,5,1,40.0,0,N,MELBOURNE_CBD,STREET,4,9.0
144236,1,6,121,2,1,60.0,0,N,MELB_URBAN,ROAD,4,8.0
144237,6,1,174,1,1,80.0,0,N,MELB_URBAN,OTHER,3,15.0
144238,1,5,99,2,1,50.0,0,N,MELB_URBAN,STREET,4,8.0
144239,1,6,130,5,1,60.0,0,N,MELB_URBAN,ROAD,4,12.0
144240,8,5,184,5,1,50.0,0,N,LARGE_PROVINCIAL_CITIES,OTHER,3,15.0
144241,2,6,99,5,1,50.0,0,N,MELB_URBAN,STREET,4,7.0
144242,1,6,99,5,1,50.0,0,N,MELB_URBAN,STREET,4,10.0
144243,1,5,130,5,1,80.0,0,N,MELB_URBAN,ROAD,4,9.0
144244,5,6,99,5,3,60.0,0,N,MELB_URBAN,HIGHWAY,10,7.0
144245,1,0,120,5,1,60.0,0,N,MELB_URBAN,ROAD,4,16.0
144246,1,6,130,5,1,60.0,0,N,SMALL_CITIES,AVENUE,4,13.0
144247,1,6,130,5,1,80.0,0,N,MELB_URBAN,UNKNOWN,4,9.0
144248,4,1,183,5,9,80.0,0,N,RURAL_VICTORIA,ROAD,4,9.0
144249,1,2,133,5,1,60.0,0,N,MELB_URBAN,FREEWAY,3,8.0
144250,1,0,121,2,3,60.0,0,N,MELB_URBAN,STREET,4,0.0
144251,2,6,100,5,1,60.0,0,N,SMALL_CITIES,ROAD,4,13.0
144252,1,6,121,2,1,60.0,0,I,SMALL_CITIES,ROAD,4,12.0
144253,8,6,174,1,1,40.0,0,I,MELBOURNE_CBD,STREET,4,12.0
144254,1,6,99,1,1,40.0,0,I,MELBOURNE_CBD,STREET,4,12.0
144255,1,6,147,5,1,80.0,0,N,MELB_URBAN,ROAD,4,15.0
144256,8,6,174,2,1,60.0,0,I,MELB_URBAN,ROAD,4,17.0
144257,1,6,99,5,1,60.0,0,N,MELB_URBAN,UNKNOWN,3,13.0
144258,1,6,121,1,2,60.0,0,I,LARGE_PROVINCIAL_CITIES,HIGHWAY,4,18.0
144259,1,6,130,5,3,60.0,0,N,MELB_URBAN,PARADE,4,18.0
144260,4,6,171,1,5,100.0,0,I,RURAL_VICTORIA,ROAD,4,18.0
144261,1,6,130,5,3,70.0,0,N,MELB_URBAN,HIGHWAY,4,20.0
144262,2,6,102,5,3,50.0,0,N,MELB_URBAN,DRIVE,4,19.0
144263,1,5,120,5,1,60.0,0,N,MELB_URBAN,ROAD,4,14.0
144264,1,6,147,5,2,60.0,0,N,MELB_URBAN,ROAD,4,17.0
144265,1,6,113,1,5,100.0,0,N,RURAL_VICTORIA,ROAD,4,23.0
144266,2,6,100,1,5,50.0,0,N,LARGE_PROVINCIAL_CITIES,STREET,4,21.0
144267,4,6,171,5,3,60.0,0,N,LARGE_PROVINCIAL_CITIES,STREET,4,0.0
144268,4,7,173,5,3,60.0,0,N,LARGE_PROVINCIAL_CITIES,STREET,4,1.0
144269,1,6,121,1,3,40.0,0,I,MELB_URBAN,ROAD,4,20.0
144270,1,3,110,1,1,40.0,0,I,MELB_URBAN,STREET,4,8.0
144271,1,7,113,2,1,80.0,0,N,MELB_URBAN,HIGHWAY,4,9.0
144272,1,4,130,5,1,80.0,0,N,MELB_URBAN,UNKNOWN,3,16.0
144273,1,7,113,2,1,60.0,0,I,MELB_URBAN,ROAD,4,10.0
144274,1,4,163,5,1,60.0,0,N,MELB_URBAN,ROAD,3,10.0
144275,1,7,110,1,1,60.0,0,N,MELB_URBAN,ROAD,4,7.0
144276,1,6,121,2,1,60.0,0,I,MELB_URBAN,ROAD,4,10.0
144277,1,6,121,2,1,60.0,0,I,MELB_URBAN,PARADE,4,10.0
144278,1,7,113,2,1,70.0,0,I,MELB_URBAN,ROAD,4,11.0
144279,6,6,99,5,1,100.0,0,N,RURAL_VICTORIA,ROAD,4,11.0