,accident_type,day_of_week,dca_code,road_geometry,light_condition,speed_zone,severity,node_type,deg_urban_name,road_type,month,hour
144280,2,6,102,1,3,60.0,0,I,MELB_URBAN,ROAD,4,6.0
144281,4,7,181,2,5,100.0,0,I,RURAL_VICTORIA,ROAD,4,0.0
144282,1,7,113,2,1,70.0,0,I,RURAL_VICTORIA,HIGHWAY,4,14.0
144283,4,7,171,5,1,100.0,0,N,RURAL_VICTORIA,ROAD,4,15.0
144284,1,7,163,5,1,40.0,0,N,MELB_URBAN,STREET,4,14.0
144285,1,6,130,1,1,40.0,0,I,MELB_URBAN,STREET,4,15.0
144286,1,6,120,5,5,100.0,1,N,RURAL_VICTORIA,OTHER,4,21.0
144287,1,7,120,5,1,80.0,0,N,RURAL_VICTORIA,ROAD,4,14.0
144288,1,6,99,2,1,60.0,0,I,MELB_URBAN,ROAD,4,15.0
144289,1,7,121,1,1,80.0,0,N,MELB_URBAN,OTHER,4,14.0
144290,1,6,130,2,3,70.0,0,I,SMALL_CITIES,ROAD,4,18.0
144291,6,7,184,5,1,100.0,0,N,RURAL_VICTORIA,ROAD,4,16.0
144292,1,7,113,4,1,60.0,0,I,MELB_URBAN,ROAD,4,17.0
144293,1,7,99,2,1,80.0,1,I,RURAL_VICTORIA,ROAD,4,17.0
144294,1,7,160,5,1,40.0,0,N,MELB_URBAN,BOULEVARD,4,15.0
144295,1,6,110,1,1,70.0,0,I,MELB_URBAN,ROAD,4,17.0
144296,1,7,111,1,3,80.0,0,N,RURAL_VICTORIA,ROAD,4,21.0
144297,3,6,167,5,5,80.0,0,N,RURAL_VICTORIA,ROAD,4,4.0
144298,1,1,110,1,3,60.0,0,I,MELB_URBAN,PARADE,4,2.0
144299,1,0,130,4,3,60.0,0,N,MELB_URBAN,RAMP,4,4.0
144300,1,6,121,1,1,80.0,0,I,MELB_URBAN,ROAD,4,12.0
144301,4,6,183,5,1,100.0,0,N,RURAL_VICTORIA,ROAD,4,12.0
144302,6,7,184,5,1,60.0,0,N,RURAL_VICTORIA,ROAD,4,11.0
144303,1,1,110,1,1,80.0,0,I,MELB_URBAN,OTHER,4,9.0
144304,1,7,163,5,1,50.0,0,N,MELB_URBAN,ROAD,4,10.0
144305,1,1,140,5,1,100.0,0,N,SMALL_CITIES,HIGHWAY,4,10.0
144306,8,1,99,5,1,80.0,0,N,MELB_URBAN,STREET,4,7.0
144307,1,1,99,2,1,60.0,0,I,MELB_URBAN,ROAD,4,12.0
144308,1,1,132,5,1,80.0,0,N,SMALL_TOWNS,ROAD,4,12.0
144309,5,1,181,5,1,100.0,0,N,RURAL_VICTORIA,ROAD,4,11.0
144310,1,7,99,2,1,100.0,0,I,RURAL_VICTORIA,ROAD,12,12.0
144311,2,1,100,1,1,50.0,1,N,MELB_URBAN,STREET,4,9.0
144312,1,1,120,5,1,60.0,0,N,MELB_URBAN,UNKNOWN,4,10.0
144313,1,7,130,2,1,80.0,0,N,MELB_URBAN,ROAD,4,15.0
144314,1,1,99,1,1,60.0,0,I,LARGE_PROVINCIAL_CITIES,STREET,4,14.0
144315,4,0,99,2,1,50.0,0,I,MELB_URBAN,ROAD,4,13.0
144316,1,0,132,3,1,60.0,0,N,SMALL_TOWNS,STREET,4,15.0
144317,1,1,160,5,1,50.0,0,N,MELB_URBAN,ROAD,4,14.0
144318,1,1,147,5,3,50.0,0,N,MELB_URBAN,OTHER,4,17.0
144319,1,1,99,2,1,70.0,0,N,MELB_URBAN,ROAD,4,16.0
144320,1,1,140,2,1,40.0,0,I,MELB_URBAN,STREET,4,18.0
144321,4,1,173,5,1,80.0,0,N,RURAL_VICTORIA,ROAD,4,14.0
144322,4,1,173,5,5,60.0,0,N,RURAL_VICTORIA,ROAD,4,18.0
144323,4,0,181,5,5,80.0,0,N,RURAL_VICTORIA,ROAD,4,19.0
144324,1,1,130,5,3,60.0,0,N,MELB_URBAN,STREET,4,21.0
144325,4,1,171,5,1,100.0,1,N,RURAL_VICTORIA,HIGHWAY,4,16.0
144326,1,1,113,2,1,60.0,0,I,MELB_URBAN,ROAD,4,14.0
144327,4,0,181,5,5,60.0,0,N,MELB_URBAN,UNKNOWN,4,23.0
144328,1,2,134,5,3,60.0,0,N,MELB_URBAN,ROAD,4,0.0
144329,1,1,121,1,3,60.0,0,I,RURAL_VICTORIA,DRIVE,4,23.0
144330,4,2,171,2,3,40.0,0,N,MELB_URBAN,ROAD,4,4.0
144331,5,0,99,5,5,80.0,0,N,RURAL_VICTORIA,HIGHWAY,4,4.0
144332,1,2,181,5,1,80.0,0,N,RURAL_VICTORIA,ROAD,4,7.0
144333,1,2,121,2,2,60.0,0,I,MELB_URBAN,STREET,4,6.0
144334,6,7,184,2,2,70.0,0,I,TOWNS,HIGHWAY,4,8.0
144335,1,6,99,2,1,60.0,0,I,LARGE_PROVINCIAL_CITIES,ROAD,3,14.0
144336,5,4,99,5,9,100.0,0,N,MELB_URBAN,FREEWAY,2,17.0
144337,1,2,121,2,1,70.0,0,N,LARGE_PROVINCIAL_CITIES,STREET,4,9.0
144338,1,2,99,2,1,60.0,0,I,MELB_URBAN,ROAD,4,11.0
144339,1,4,130,5,1,60.0,0,N,MELB_URBAN,STREET,9,15.0
144340,6,2,174,5,5,50.0,0,N,MELB_URBAN,STREET,3,20.0
144341,1,2,99,5,1,60.0,0,N,TOWNS,STREET,4,9.0
144342,1,1,130,1,9,60.0,0,I,MELB_URBAN,ROAD,4,18.0
144343,1,1,99,5,1,80.0,0,N,RURAL_VICTORIA,ROAD,4,10.0
144344,1,1,121,2,1,50.0,0,I,MELB_URBAN,STREET,4,9.0
144345,1,2,99,1,9,60.0,0,N,MELB_URBAN,HIGHWAY,4,8.0
144346,2,2,100,1,1,60.0,0,N,LARGE_PROVINCIAL_CITIES,ROAD,4,12.0
144347,1,6,130,1,1,80.0,0,I,MELB_URBAN,ROAD,4,13.0
144348,6,1,99,5,1,80.0,0,N,RURAL_VICTORIA,HIGHWAY,4,14.0
144349,1,0,99,1,1,50.0,0,I,MELB_URBAN,STREET,4,8.0
144350,4,1,173,5,9,100.0,0,N,RURAL_VICTORIA,ROAD,4,9.0
144351,7,1,99,5,9,40.0,0,N,MELB_URBAN,STREET,4,18.0
144352,8,2,174,5,1,40.0,0,N,MELB_URBAN,STREET,3,7.0
144353,6,7,184,5,1,60.0,0,N,RURAL_VICTORIA,ROAD,4,11.0
144354,1,2,99,2,1,50.0,0,I,MELB_URBAN,ROAD,4,9.0
144355,1,1,130,5,1,100.0,0,N,MELB_URBAN,FREEWAY,4,8.0
144356,1,2,110,1,1,50.0,0,I,MELB_URBAN,STREET,4,13.0
144357,1,2,130,1,2,60.0,0,N,MELB_URBAN,STREET,4,6.0
144358,1,2,160,5,1,60.0,0,N,MELB_URBAN,ROAD,4,10.0
144359,1,3,130,5,9,80.0,0,N,MELB_URBAN,UNKNOWN,3,8.0
144360,6,0,174,5,1,60.0,0,N,RURAL_VICTORIA,ROAD,4,12.0
144361,1,2,130,5,1,80.0,0,N,MELB_URBAN,ROAD,3,13.0
144362,4,2,183,5,1,100.0,0,N,RURAL_VICTORIA,ROAD,4,13.0
144363,8,7,99,5,1,100.0,0,N,RURAL_VICTORIA,ROAD,4,14.0
144364,8,2,99,2,1,60.0,0,I,SMALL_CITIES,OTHER,4,16.0
144365,1,2,120,5,1,60.0,0,N,MELB_URBAN,ROAD,4,16.0
144366,1,2,121,1,1,80.0,0,I,MELB_URBAN,HIGHWAY,4,15.0
144367,6,1,174,5,1,60.0,0,N,MELB_URBAN,ROAD,4,15.0
144368,1,2,132,5,1,70.0,0,N,RURAL_VICTORIA,DRIVE,4,15.0
144369,1,2,130,5,1,70.0,0,N,LARGE_PROVINCIAL_CITIES,ROAD,4,15.0
144370,1,2,130,5,6,100.0,0,N,MELB_URBAN,FREEWAY,4,6.0
144371,1,2,99,5,1,100.0,0,N,RURAL_VICTORIA,ROAD,4,17.0
144372,1,1,110,1,3,60.0,0,I,MELB_URBAN,ROAD,4,3.0
144373,1,1,130,5,3,60.0,0,N,LARGE_PROVINCIAL_CITIES,ROAD,4,19.0
144374,1,4,130,5,1,60.0,0,N,MELB_URBAN,ROAD,4,16.0
144375,4,2,173,5,3,60.0,0,N,MELB_URBAN,DRIVE,4,0.0
144376,5,1,99,5,5,80.0,0,N,RURAL_VICTORIA,HIGHWAY,4,6.0
144377,1,2,113,2,5,80.0,0,I,RURAL_VICTORIA,ROAD,4,19.0
144378,6,3,174,2,1,80.0,0,N,MELB_URBAN,ROAD,4,6.0
144379,1,3,160,5,1,60.0,0,N,MELB_URBAN,ROAD,4,7.0
144380,1,3,99,1,1,70.0,0,I,RURAL_VICTORIA,HIGHWAY,4,6.0
144381,1,3,121,5,1,60.0,0,N,MELB_URBAN,STREET,4,9.0
144382,1,3,130,5,9,70.0,0,N,MELB_URBAN,ROAD,2,15.0
144383,1,6,130,2,1,60.0,0,I,MELB_URBAN,ROAD,3,13.0
144384,1,3,121,1,1,50.0,0,I,LARGE_PROVINCIAL_CITIES,STREET,4,11.0
144385,1,5,135,5,3,70.0,0,N,LARGE_PROVINCIAL_CITIES,STREET,3,20.0
144386,2,3,102,1,1,60.0,0,I,MELB_URBAN,ROAD,4,8.0
144387,1,3,171,1,1,40.0,0,I,MELB_URBAN,STREET,4,10.0
144388,1,3,130,5,1,70.0,0,I,MELB_URBAN,ROAD,4,11.0
144389,3,5,167,5,5,100.0,0,N,RURAL_VICTORIA,ROAD,11,4.0
144390,1,3,121,2,1,80.0,0,I,MELB_URBAN,ROAD,4,7.0
144391,1,1,130,5,1,60.0,0,N,MELB_URBAN,ROAD,3,9.0
144392,6,1,174,4,1,50.0,0,I,MELB_URBAN,AVENUE,1,8.0
144393,1,3,135,5,1,80.0,0,N,MELB_URBAN,HIGHWAY,4,7.0
144394,1,3,110,1,1,70.0,0,I,LARGE_PROVINCIAL_CITIES,HIGHWAY,4,11.0
144395,2,1,102,5,6,60.0,0,N,MELB_URBAN,OTHER,3,23.0
144396,8,1,170,2,9,50.0,0,I,MELB_URBAN,OTHER,4,2.0
144397,1,6,113,1,3,60.0,0,I,MELB_URBAN,ROAD,4,19.0
144398,6,2,170,5,1,100.0,0,N,RURAL_VICTORIA,ROAD,4,13.0
144399,2,3,99,3,1,50.0,0,I,MELB_URBAN,DRIVE,4,10.0
144400,1,2,121,2,1,60.0,0,I,MELB_URBAN,DRIVE,4,13.0
144401,1,4,99,5,1,70.0,0,N,MELB_URBAN,ROAD,4,16.0
144402,1,3,116,2,1,60.0,0,I,MELB_URBAN,ROAD,4,15.0
144403,8,6,99,5,1,60.0,0,N,MELB_URBAN,HIGHWAY,4,13.0
144404,1,4,113,2,1,50.0,0,I,SMALL_CITIES,DRIVE,3,18.0
144405,1,3,113,1,1,60.0,1,I,MELB_URBAN,ROAD,4,13.0
144406,1,3,130,2,1,60.0,0,I,TOWNS,STREET,4,15.0
144407,1,7,130,5,9,40.0,0,N,MELB_URBAN,ROAD,4,10.0
144408,4,0,171,5,3,60.0,0,N,MELB_URBAN,STREET,4,5.0
144409,1,3,116,2,1,80.0,0,I,MELB_URBAN,ROAD,4,15.0
144410,6,3,99,5,5,110.0,0,N,RURAL_VICTORIA,RAMP,4,5.0
144411,1,4,99,2,1,60.0,0,I,MELB_URBAN,STREET,3,14.0
144412,2,3,100,1,1,60.0,0,N,MELB_URBAN,ROAD,4,17.0
144413,1,3,140,5,1,80.0,0,N,MELB_URBAN,HIGHWAY,4,17.0
144414,1,3,113,2,1,60.0,0,I,SMALL_CITIES,ROAD,2,8.0
144415,1,3,130,1,5,60.0,0,I,MELB_URBAN,ROAD,4,18.0
144416,1,5,163,5,1,40.0,0,N,MELB_URBAN,STREET,12,12.0
144417,6,3,99,5,1,100.0,0,N,RURAL_VICTORIA,ROAD,4,16.0
144418,1,3,121,2,3,80.0,0,I,MELB_URBAN,HIGHWAY,4,18.0
144419,2,4,99,5,1,40.0,0,N,MELBOURNE_CBD,STREET,4,13.0
144420,1,3,130,5,2,60.0,0,N,LARGE_PROVINCIAL_CITIES,STREET,4,18.0
144421,4,3,173,5,1,50.0,0,N,MELB_URBAN,AVENUE,4,14.0
144422,1,3,130,5,3,80.0,0,N,MELB_URBAN,ROAD,4,19.0
144423,1,3,135,5,3,60.0,0,N,MELB_URBAN,ROAD,4,19.0
144424,1,2,116,1,3,80.0,0,N,MELB_URBAN,ROAD,4,21.0
144425,1,3,130,5,3,80.0,0,N,MELB_URBAN,ROAD,4,18.0
144426,1,4,147,5,1,50.0,0,N,MELB_URBAN,OTHER,2,19.0
144427,4,2,181,5,3,60.0,0,N,RURAL_VICTORIA,ROAD,4,22.0
144428,1,6,121,1,1,60.0,0,N,MELB_URBAN,STREET,10,16.0
144429,1,2,133,5,2,60.0,0,N,RURAL_VICTORIA,HIGHWAY,4,18.0
144430,1,4,110,1,5,80.0,0,I,RURAL_VICTORIA,ROAD,4,3.0
144431,1,1,121,5,1,90.0,0,N,MELB_URBAN,ROAD,2,15.0
144432,4,4,99,5,5,40.0,0,N,RURAL_VICTORIA,HIGHWAY,4,4.0
144433,1,6,147,5,1,60.0,0,N,MELB_URBAN,ROAD,4,16.0
144434,1,5,113,2,1,60.0,0,I,MELB_URBAN,ROAD,3,16.0
144435,1,4,130,5,1,60.0,0,N,MELB_URBAN,FREEWAY,2,9.0
144436,2,2,99,5,1,60.0,0,N,MELB_URBAN,ROAD,4,12.0
144437,1,4,133,5,1,80.0,0,N,MELB_URBAN,ROAD,4,8.0
144438,1,5,99,1,9,60.0,0,I,MELB_URBAN,STREET,3,18.0
144439,1,5,130,5,3,60.0,0,N,MELB_URBAN,ROAD,3,21.0
144440,1,4,130,5,1,60.0,0,N,MELB_URBAN,ROAD,4,10.0
144441,1,3,130,1,1,60.0,0,I,LARGE_PROVINCIAL_CITIES,STREET,4,8.0
144442,1,3,160,5,1,60.0,0,N,MELB_URBAN,DRIVE,4,8.0
144443,1,4,130,4,1,80.0,0,I,MELB_URBAN,HIGHWAY,4,7.0
144444,4,3,173,5,1,60.0,0,N,MELB_URBAN,ROAD,4,6.0
144445,2,4,102,5,1,60.0,0,N,MELB_URBAN,ROAD,4,8.0
144446,1,3,130,5,2,80.0,0,N,RURAL_VICTORIA,HIGHWAY,4,7.0
144447,1,4,130,5,1,60.0,0,N,MELB_URBAN,OTHER,4,12.0
144448,3,2,167,5,2,100.0,0,N,TOWNS,ROAD,4,18.0
144449,6,4,170,5,1,80.0,0,N,RURAL_VICTORIA,ROAD,4,8.0
144450,1,3,133,5,1,80.0,0,N,MELB_URBAN,FREEWAY,4,7.0
144451,1,4,130,1,1,60.0,0,N,SMALL_CITIES,STREET,4,12.0
144452,1,4,121,1,1,60.0,0,I,MELB_URBAN,HIGHWAY,4,7.0
144453,1,2,99,5,1,60.0,0,N,MELB_URBAN,ROAD,3,17.0
144454,2,3,102,1,1,50.0,0,I,MELB_URBAN,ROAD,4,8.0
144455,1,4,130,5,1,80.0,0,N,MELB_URBAN,ROAD,4,12.0
144456,1,3,111,2,1,70.0,0,I,MELB_URBAN,ROAD,4,12.0
144457,1,4,110,1,1,50.0,0,I,SMALL_CITIES,ROAD,4,11.0
144458,1,4,140,5,1,100.0,0,N,RURAL_VICTORIA,HIGHWAY,4,12.0
144459,1,3,121,1,1,50.0,0,I,MELB_URBAN,STREET,4,17.0
144460,1,4,99,4,1,60.0,0,I,MELB_URBAN,ROAD,4,12.0
144461,8,6,99,5,1,80.0,0,N,RURAL_VICTORIA,ROAD,4,11.0
144462,8,7,99,2,1,80.0,0,N,RURAL_VICTORIA,ROAD,4,9.0
144463,1,4,110,1,1,60.0,0,I,TOWNS,ROAD,4,13.0
144464,1,5,99,2,6,60.0,0,I,RURAL_VICTORIA,ROAD,3,5.0
144465,1,3,130,5,1,90.0,0,I,MELB_URBAN,FREEWAY,4,15.0
144466,1,6,130,5,1,60.0,0,N,MELB_URBAN,ROAD,4,12.0
144467,1,6,111,2,1,80.0,0,N,MELB_URBAN,ROAD,3,12.0
144468,6,4,170,5,1,60.0,0,N,MELB_URBAN,ROAD,4,17.0
144469,1,4,130,5,1,50.0,0,N,MELB_URBAN,ROAD,4,16.0
144470,1,2,110,1,1,80.0,0,I,SMALL_TOWNS,ROAD,4,14.0
144471,1,4,121,5,1,50.0,0,N,MELB_URBAN,STREET,4,14.0
144472,1,6,132,2,1,60.0,0,I,MELB_URBAN,ROAD,4,15.0
144473,1,4,110,1,2,80.0,0,I,SMALL_TOWNS,ROAD,4,17.0
144474,1,4,130,5,1,40.0,0,N,MELB_URBAN,STREET,4,16.0
144475,1,4,130,5,3,100.0,0,N,MELB_URBAN,FREEWAY,4,20.0
144476,1,3,130,1,1,60.0,0,N,MELB_URBAN,ROAD,4,17.0
144477,1,4,121,2,1,60.0,0,I,SMALL_CITIES,ROAD,4,15.0
144478,4,4,173,5,3,50.0,0,N,MELB_URBAN,AVENUE,4,20.0
144479,8,4,174,5,9,60.0,0,N,SMALL_CITIES,ROAD,4,18.0
144480,1,3,130,1,3,80.0,0,I,MELB_URBAN,ROAD,4,23.0
144481,1,0,130,5,3,60.0,0,N,MELB_URBAN,ROAD,4,5.0
144482,1,5,99,4,3,60.0,0,I,MELB_URBAN,ROAD,4,2.0
144483,1,4,130,1,9,80.0,0,I,MELB_URBAN,ROAD,3,17.0
144484,1,5,99,5,1,80.0,0,N,MELB_URBAN,ROAD,4,6.0
144485,1,7,120,5,3,50.0,0,N,MELB_URBAN,UNKNOWN,3,21.0
144486,1,3,130,5,2,80.0,0,N,RURAL_VICTORIA,ROAD,4,7.0
144487,1,5,171,5,1,60.0,0,N,MELB_URBAN,RAMP,4,7.0
144488,1,2,130,2,1,60.0,0,N,MELB_URBAN,OTHER,4,7.0
144489,1,1,121,2,1,60.0,0,I,MELB_URBAN,ROAD,4,10.0
144490,1,6,134,5,1,80.0,0,N,MELB_URBAN,FREEWAY,4,7.0
144491,1,5,110,1,1,50.0,0,I,SMALL_CITIES,STREET,4,8.0
144492,1,4,113,1,1,60.0,0,I,MELB_URBAN,STREET,4,16.0
144493,1,4,130,5,1,40.0,0,N,MELB_URBAN,STREET,4,8.0
144494,1,5,99,1,1,60.0,0,N,MELB_URBAN,ROAD,4,7.0
144495,1,4,134,5,1,40.0,0,N,MELB_URBAN,STREET,4,10.0
144496,1,3,113,2,1,70.0,0,I,SMALL_CITIES,ROAD,4,10.0
144497,1,5,121,5,1,40.0,0,N,MELB_URBAN,STREET,4,8.0
144498,1,5,130,5,1,100.0,0,N,MELB_URBAN,FREEWAY,4,9.0
144499,1,4,130,2,3,40.0,0,I,MELB_URBAN,STREET,4,19.0
144500,1,0,163,5,1,40.0,0,N,MELB_URBAN,STREET,3,12.0
144501,9,3,99,2,1,50.0,0,I,MELB_URBAN,ROAD,4,11.0
144502,6,3,170,5,1,100.0,0,N,RURAL_VICTORIA,ROAD,4,17.0
144503,1,4,140,5,1,60.0,0,N,SMALL_CITIES,ROAD,4,16.0
144504,1,4,147,5,1,60.0,0,N,MELB_URBAN,UNKNOWN,4,10.0
144505,4,4,99,5,1,60.0,0,N,TOWNS,HIGHWAY,4,12.0
144506,1,4,99,5,9,60.0,0,N,MELB_URBAN,STREET,3,17.0
144507,1,4,130,5,1,60.0,0,N,MELB_URBAN,ROAD,4,13.0
144508,1,3,111,2,1,60.0,0,I,MELB_URBAN,ROAD,4,15.0
144509,1,4,130,1,1,50.0,0,I,MELB_URBAN,STREET,4,10.0
144510,1,5,99,3,1,100.0,0,I,RURAL_VICTORIA,ROAD,4,13.0
144511,8,3,174,5,3,60.0,0,I,MELB_URBAN,ROAD,4,5.0
144512,1,3,130,5,9,80.0,0,N,MELB_URBAN,FREEWAY,4,6.0
144513,1,4,130,5,1,60.0,0,N,MELB_URBAN,HIGHWAY,4,17.0
144514,1,5,130,5,1,80.0,0,N,MELB_URBAN,ROAD,4,14.0
144515,1,5,130,1,1,60.0,0,N,LARGE_PROVINCIAL_CITIES,STREET,4,13.0
144516,1,5,99,2,1,60.0,0,I,MELB_URBAN,STREET,4,15.0
144517,1,5,116,1,1,60.0,0,I,MELB_URBAN,STREET,4,15.0
144518,1,1,99,1,1,40.0,0,I,MELB_URBAN,STREET,4,14.0
144519,4,4,171,5,1,80.0,0,N,MELB_URBAN,ROAD,4,12.0
144520,1,5,116,2,1,50.0,0,I,MELB_URBAN,DRIVE,3,8.0
144521,1,4,147,5,1,60.0,0,N,MELB_URBAN,UNKNOWN,4,16.0
144522,1,0,121,1,3,60.0,0,N,MELB_URBAN,ROAD,4,20.0
144523,3,5,167,5,1,100.0,0,N,RURAL_VICTORIA,ROAD,4,15.0
144524,1,5,110,1,1,60.0,0,I,MELB_URBAN,STREET,4,15.0
144525,1,4,130,5,1,60.0,0,N,MELB_URBAN,FREEWAY,4,14.0
144526,1,5,99,2,2,50.0,0,I,MELB_URBAN,ROAD,4,16.0
144527,1,5,99,5,1,50.0,0,N,LARGE_PROVINCIAL_CITIES,STREET,4,15.0
144528,3,5,167,5,2,80.0,0,N,RURAL_VICTORIA,STREET,4,18.0
144529,7,2,99,1,1,60.0,0,I,MELB_URBAN,STREET,3,14.0
144530,1,5,130,5,3,70.0,0,N,MELB_URBAN,ROAD,4,18.0
144531,1,5,160,5,1,40.0,0,N,SMALL_CITIES,STREET,4,15.0
144532,1,5,121,1,3,60.0,0,I,MELB_URBAN,STREET,4,20.0
144533,1,4,135,5,3,100.0,0,N,RURAL_VICTORIA,ROAD,4,19.0
144534,4,5,173,5,1,60.0,0,N,MELB_URBAN,ROAD,4,16.0
144535,2,5,102,2,1,50.0,0,I,MELB_URBAN,ROAD,4,15.0
144536,1,2,99,1,1,40.0,0,I,MELB_URBAN,ROAD,4,7.0
144537,1,5,120,5,3,60.0,0,N,MELB_URBAN,ROAD,4,21.0
144538,1,5,130,2,3,40.0,0,I,MELB_URBAN,ROAD,4,20.0
144539,1,5,160,5,1,50.0,0,N,MELB_URBAN,ROAD,4,15.0
144540,4,5,181,5,2,80.0,0,N,RURAL_VICTORIA,ROAD,4,19.0
144541,2,5,100,1,3,60.0,1,N,MELB_URBAN,ROAD,4,23.0
144542,1,1,99,5,1,80.0,0,N,RURAL_VICTORIA,OTHER,4,11.0
144543,3,4,167,5,1,80.0,0,N,RURAL_VICTORIA,RAMP,2,13.0
144544,6,6,99,5,1,100.0,0,N,RURAL_VICTORIA,ROAD,4,7.0
144545,1,6,120,5,1,80.0,0,N,RURAL_VICTORIA,ROAD,4,8.0
144546,1,4,130,5,1,60.0,0,I,LARGE_PROVINCIAL_CITIES,ROAD,4,11.0
144547,3,5,167,5,5,60.0,0,N,RURAL_VICTORIA,ROAD,4,20.0
144548,1,3,121,1,9,40.0,0,I,MELBOURNE_CBD,STREET,4,20.0
144549,1,6,130,5,1,100.0,0,N,RURAL_VICTORIA,HIGHWAY,4,11.0
144550,1,5,120,5,1,50.0,0,N,MELB_URBAN,STREET,4,12.0
144551,1,6,99,5,1,60.0,0,N,MELB_URBAN,STREET,4,12.0
144552,4,6,171,5,1,110.0,0,N,RURAL_VICTORIA,HIGHWAY,4,12.0
144553,4,6,173,5,1,60.0,0,N,MELB_URBAN,ROAD,4,10.0
144554,1,6,121,1,1,60.0,0,I,MELB_URBAN,ROAD,4,12.0
144555,1,6,163,5,1,50.0,0,N,MELB_URBAN,STREET,4,14.0
144556,1,5,110,1,1,60.0,0,I,MELB_URBAN,STREET,4,10.0
144557,1,6,99,2,1,80.0,0,I,RURAL_VICTORIA,OTHER,4,14.0
144558,1,6,121,1,1,80.0,0,N,MELB_URBAN,ROAD,4,14.0
144559,1,6,132,5,1,50.0,0,N,SMALL_CITIES,STREET,3,15.0
144560,6,6,170,5,1,100.0,0,N,RURAL_VICTORIA,HIGHWAY,4,12.0
144561,1,5,121,5,1,40.0,0,N,SMALL_CITIES,STREET,4,11.0
144562,4,6,171,5,1,60.0,0,N,RURAL_VICTORIA,ROAD,4,12.0
144563,1,5,113,1,1,100.0,0,I,RURAL_VICTORIA,ROAD,4,12.0
144564,1,6,113,2,1,60.0,0,I,MELB_URBAN,ROAD,4,9.0
144565,4,6,99,5,1,100.0,0,N,RURAL_VICTORIA,ROAD,4,11.0
144566,4,5,171,5,1,80.0,0,N,RURAL_VICTORIA,ROAD,4,16.0
144567,6,6,174,5,1,100.0,0,N,RURAL_VICTORIA,ROAD,4,16.0
144568,1,6,113,4,1,80.0,0,I,MELB_URBAN,ROAD,4,14.0
144569,1,5,99,1,3,60.0,0,I,MELB_URBAN,ROAD,4,18.0
144570,1,5,160,5,1,50.0,0,N,MELB_URBAN,OTHER,4,18.0
144571,1,6,140,5,3,40.0,0,N,MELB_URBAN,STREET,4,18.0
144572,4,5,171,5,1,100.0,0,N,RURAL_VICTORIA,ROAD,4,16.0
144573,4,6,171,5,3,60.0,0,N,MELB_URBAN,STREET,4,17.0
144574,1,6,120,5,5,80.0,0,N,RURAL_VICTORIA,HIGHWAY,4,18.0
144575,1,0,121,2,2,60.0,0,I,MELB_URBAN,ROAD,4,17.0
144576,4,6,183,5,6,50.0,0,N,RURAL_VICTORIA,DRIVE,4,3.0
144577,2,7,99,5,5,40.0,0,N,TOWNS,STREET,4,1.0
144578,1,6,111,1,1,60.0,0,I,SMALL_CITIES,STREET,4,7.0
144579,8,5,99,1,1,40.0,0,N,MELB_URBAN,ROAD,4,10.0
144580,1,4,113,2,1,60.0,0,I,SMALL_CITIES,ROAD,4,15.0
144581,1,7,121,5,1,60.0,0,N,MELB_URBAN,UNKNOWN,4,10.0
144582,2,7,100,1,1,40.0,0,I,MELB_URBAN,STREET,4,11.0
144583,1,7,110,1,1,100.0,0,I,RURAL_VICTORIA,ROAD,4,11.0
144584,2,6,100,5,1,80.0,0,N,MELB_URBAN,ROAD,4,11.0
144585,1,5,132,2,1,60.0,0,N,MELB_URBAN,DRIVE,4,8.0
144586,2,7,99,5,1,50.0,0,N,MELB_URBAN,DRIVE,4,10.0
144587,1,6,130,5,1,60.0,0,N,MELB_URBAN,ROAD,4,13.0
144588,1,7,171,5,1,60.0,0,N,SMALL_CITIES,AVENUE,4,14.0
144589,1,5,99,1,1,60.0,0,I,MELB_URBAN,ROAD,4,17.0
144590,4,6,171,5,1,100.0,0,N,RURAL_VICTORIA,HIGHWAY,4,15.0
144591,1,7,160,5,3,60.0,0,N,MELB_URBAN,ROAD,4,18.0
144592,2,7,100,1,1,60.0,0,I,SMALL_CITIES,STREET,4,17.0
144593,1,6,130,5,3,70.0,0,N,MELB_URBAN,ROAD,4,6.0
144594,4,6,171,5,1,100.0,0,N,RURAL_VICTORIA,ROAD,4,15.0
144595,1,7,110,1,1,60.0,0,I,MELB_URBAN,DRIVE,4,16.0
144596,1,7,130,5,1,60.0,0,N,LARGE_PROVINCIAL_CITIES,ROAD,4,15.0
144597,1,7,111,3,3,50.0,0,I,MELB_URBAN,OTHER,4,18.0
144598,1,7,110,4,1,60.0,0,N,MELB_URBAN,ROAD,4,16.0
144599,1,7,121,1,1,80.0,0,I,MELB_URBAN,HIGHWAY,4,16.0
144600,4,6,171,5,1,100.0,0,N,RURAL_VICTORIA,ROAD,4,14.0
144601,1,7,121,4,1,80.0,0,I,MELB_URBAN,HIGHWAY,4,17.0
144602,4,7,183,5,5,50.0,0,N,MELB_URBAN,BOULEVARD,4,19.0
144603,6,7,99,5,3,100.0,0,N,MELB_URBAN,ROAD,4,4.0
144604,4,7,173,5,3,80.0,0,N,RURAL_VICTORIA,ROAD,4,20.0
144605,2,7,100,2,6,50.0,0,N,TOWNS,STREET,4,19.0
144606,4,1,171,5,5,100.0,0,N,RURAL_VICTORIA,ROAD,4,0.0
144607,4,1,171,1,3,80.0,0,I,MELB_URBAN,ROAD,4,0.0