,accident_type,day_of_week,dca_code,road_geometry,light_condition,speed_zone,severity,node_type,deg_urban_name,road_type,month,hour
144608,1,0,135,3,3,60.0,0,N,MELB_URBAN,OTHER,4,2.0
144609,1,1,160,5,3,60.0,0,N,MELB_URBAN,ROAD,4,4.0
144610,1,3,135,5,1,80.0,0,N,MELB_URBAN,FREEWAY,4,8.0
144611,8,7,99,5,1,40.0,0,N,RURAL_VICTORIA,ROAD,4,15.0
144612,2,0,102,1,1,50.0,1,I,MELB_URBAN,ROAD,4,9.0
144613,1,1,116,2,1,50.0,0,I,MELB_URBAN,ROAD,4,12.0
144614,1,1,160,5,1,40.0,0,N,MELB_URBAN,ROAD,4,10.0
144615,1,0,135,5,1,80.0,0,N,MELB_URBAN,RAMP,4,11.0
144616,1,5,110,1,1,50.0,0,I,MELB_URBAN,ROAD,3,17.0
144617,4,1,181,5,1,100.0,0,N,RURAL_VICTORIA,ROAD,4,11.0
144618,1,0,121,1,1,70.0,0,I,MELB_URBAN,BOULEVARD,4,11.0
144619,1,0,121,1,1,60.0,0,I,MELB_URBAN,ROAD,4,8.0
144620,1,1,110,1,1,60.0,0,I,MELB_URBAN,ROAD,4,15.0
144621,1,4,99,5,1,80.0,0,N,MELB_URBAN,ROAD,4,14.0
144622,4,1,181,5,1,100.0,0,N,RURAL_VICTORIA,ROAD,4,14.0
144623,1,0,140,5,1,40.0,0,N,MELB_URBAN,UNKNOWN,4,13.0
144624,1,1,110,1,3,40.0,0,I,MELBOURNE_CBD,STREET,4,2.0
144625,8,3,99,5,1,60.0,0,N,MELB_URBAN,ROAD,4,16.0
144626,1,1,99,5,1,100.0,0,N,RURAL_VICTORIA,ROAD,4,15.0
144627,1,1,130,5,1,80.0,0,N,RURAL_VICTORIA,ROAD,4,15.0
144628,2,1,99,2,3,50.0,0,I,LARGE_PROVINCIAL_CITIES,DRIVE,4,19.0
144629,1,1,130,2,1,50.0,0,N,MELB_URBAN,STREET,4,15.0
144630,1,1,110,1,2,80.0,0,N,RURAL_VICTORIA,ROAD,4,17.0
144631,2,3,102,1,5,50.0,0,N,SMALL_CITIES,STREET,4,19.0
144632,1,0,121,2,3,60.0,0,I,MELB_URBAN,STREET,4,19.0
144633,6,1,174,5,6,50.0,0,N,MELB_URBAN,STREET,4,21.0
144634,4,1,181,5,1,60.0,0,N,RURAL_VICTORIA,ROAD,4,16.0
144635,1,1,99,5,6,60.0,0,N,MELB_URBAN,ROAD,4,19.0
144636,4,1,171,5,5,80.0,0,N,RURAL_VICTORIA,ROAD,4,20.0
144637,4,0,171,5,5,100.0,0,N,RURAL_VICTORIA,FREEWAY,4,23.0
144638,4,2,173,5,5,110.0,0,N,RURAL_VICTORIA,FREEWAY,4,0.0
144639,2,2,100,5,3,60.0,0,N,MELB_URBAN,STREET,4,2.0
144640,1,2,130,1,3,60.0,0,N,MELB_URBAN,PARADE,4,4.0
144641,1,1,110,1,1,60.0,0,I,MELB_URBAN,ROAD,4,7.0
144642,4,2,181,5,1,80.0,0,N,RURAL_VICTORIA,ROAD,4,9.0
144643,1,4,130,2,1,60.0,0,N,MELB_URBAN,ROAD,4,8.0
144644,6,7,99,5,1,100.0,0,N,RURAL_VICTORIA,ROAD,4,12.0
144645,6,7,99,5,5,100.0,0,N,RURAL_VICTORIA,ROAD,3,22.0
144646,4,1,171,5,1,100.0,0,N,RURAL_VICTORIA,ROAD,4,11.0
144647,6,5,170,5,1,50.0,0,N,MELB_URBAN,STREET,4,17.0
144648,7,1,99,5,1,60.0,0,N,MELB_URBAN,STREET,4,11.0
144649,1,2,113,2,1,60.0,0,I,TOWNS,ROAD,4,10.0
144650,1,6,130,5,1,80.0,0,N,MELB_URBAN,HIGHWAY,4,11.0
144651,6,5,170,5,1,60.0,0,N,RURAL_VICTORIA,ROAD,11,10.0
144652,4,1,171,5,1,60.0,0,N,MELB_URBAN,DRIVE,4,7.0
144653,4,2,181,5,5,100.0,1,N,RURAL_VICTORIA,HIGHWAY,4,4.0
144654,1,1,130,5,1,80.0,0,N,MELB_URBAN,RAMP,4,12.0
144655,1,1,163,5,3,40.0,0,N,MELB_URBAN,STREET,4,20.0
144656,4,1,183,5,1,100.0,0,N,RURAL_VICTORIA,ROAD,4,12.0
144657,8,3,99,5,3,70.0,0,N,LARGE_PROVINCIAL_CITIES,ROAD,4,23.0
144658,1,1,121,2,1,70.0,0,I,TOWNS,OTHER,4,12.0
144659,1,0,113,2,1,60.0,0,I,TOWNS,ROAD,4,13.0
144660,2,7,99,5,5,100.0,0,N,RURAL_VICTORIA,ROAD,4,20.0
144661,4,7,171,5,2,100.0,0,N,RURAL_VICTORIA,ROAD,4,17.0
144662,1,4,130,1,1,40.0,0,I,MELB_URBAN,ROAD,3,16.0
144663,1,5,130,5,1,60.0,0,N,MELB_URBAN,ROAD,11,17.0
144664,2,2,100,2,3,50.0,0,N,SMALL_CITIES,OTHER,4,17.0
144665,1,3,130,5,1,80.0,0,N,MELB_URBAN,FREEWAY,3,8.0
144666,4,2,171,5,1,70.0,0,N,RURAL_VICTORIA,ROAD,4,15.0
144667,4,2,181,5,2,80.0,0,N,TOWNS,ROAD,4,17.0
144668,1,6,99,5,1,100.0,0,N,MELB_URBAN,UNKNOWN,3,18.0
144669,1,1,130,5,1,60.0,0,N,RURAL_VICTORIA,ROAD,4,15.0
144670,1,0,130,5,1,60.0,0,N,MELB_URBAN,ROAD,4,12.0
144671,1,1,140,4,3,60.0,0,I,MELB_URBAN,RAMP,4,19.0
144672,6,1,99,2,5,100.0,0,N,RURAL_VICTORIA,ROAD,4,19.0
144673,1,2,140,5,3,70.0,0,N,MELB_URBAN,ROAD,4,20.0
144674,1,2,99,5,3,60.0,0,N,MELB_URBAN,PARADE,4,18.0
144675,4,2,171,5,5,80.0,0,N,SMALL_TOWNS,ROAD,4,19.0
144676,1,6,130,2,1,60.0,0,I,MELB_URBAN,ROAD,2,12.0
144677,2,2,100,1,3,60.0,1,I,MELB_URBAN,STREET,4,19.0
144678,1,3,130,1,3,60.0,0,N,SMALL_CITIES,ROAD,4,5.0
144679,8,1,174,2,1,60.0,0,I,RURAL_VICTORIA,OTHER,3,13.0
144680,1,3,113,4,5,80.0,0,I,RURAL_VICTORIA,RAMP,4,6.0
144681,1,3,121,1,1,60.0,0,I,MELB_URBAN,ROAD,4,9.0
144682,1,1,140,5,1,50.0,0,N,MELB_URBAN,ROAD,4,16.0
144683,1,2,120,5,1,70.0,0,N,MELB_URBAN,ROAD,4,6.0
144684,1,2,99,5,1,100.0,0,N,MELB_URBAN,UNKNOWN,4,7.0
144685,4,3,171,1,1,100.0,0,I,RURAL_VICTORIA,ROAD,4,10.0
144686,4,2,181,5,1,100.0,0,N,RURAL_VICTORIA,ROAD,4,9.0
144687,1,5,147,5,1,60.0,0,N,MELB_URBAN,BOULEVARD,4,7.0
144688,4,2,171,5,1,50.0,0,N,MELB_URBAN,OTHER,4,11.0
144689,4,0,99,5,3,80.0,0,N,MELB_URBAN,RAMP,4,19.0
144690,1,2,120,2,1,80.0,0,N,RURAL_VICTORIA,ROAD,4,11.0
144691,2,3,99,5,1,80.0,0,N,MELB_URBAN,ROAD,4,11.0
144692,8,3,174,5,1,40.0,0,N,MELB_URBAN,STREET,4,12.0
144693,4,3,183,5,1,110.0,0,N,RURAL_VICTORIA,FREEWAY,4,12.0
144694,1,7,130,5,9,60.0,0,N,TOWNS,ROAD,4,15.0
144695,1,0,99,2,1,60.0,0,I,MELB_URBAN,ROAD,4,11.0
144696,1,2,113,2,1,60.0,0,I,MELB_URBAN,ROAD,4,12.0
144697,1,2,120,5,1,60.0,0,N,MELB_URBAN,STREET,4,11.0
144698,1,6,160,5,1,60.0,0,N,MELB_URBAN,ROAD,3,8.0
144699,4,3,181,5,2,80.0,0,N,MELB_URBAN,ROAD,4,6.0
144700,1,2,99,1,1,80.0,0,I,MELB_URBAN,RAMP,4,13.0
144701,1,2,113,2,1,70.0,0,I,SMALL_CITIES,STREET,4,11.0
144702,1,1,147,5,1,60.0,0,N,MELB_URBAN,ROAD,4,14.0
144703,6,1,99,1,1,60.0,0,N,MELB_URBAN,ROAD,4,15.0
144704,1,0,160,5,1,50.0,0,N,MELB_URBAN,STREET,4,10.0
144705,1,3,120,5,1,80.0,0,N,RURAL_VICTORIA,ROAD,4,11.0
144706,3,1,167,5,5,110.0,0,N,RURAL_VICTORIA,FREEWAY,4,23.0
144707,6,2,99,5,1,80.0,0,N,RURAL_VICTORIA,HIGHWAY,4,14.0
144708,1,4,121,2,1,70.0,0,I,MELB_URBAN,ROAD,3,17.0
144709,1,5,130,1,6,60.0,0,N,MELB_URBAN,ROAD,4,19.0
144710,1,3,99,1,2,70.0,0,N,MELB_URBAN,ROAD,3,6.0
144711,1,5,116,2,1,60.0,0,I,MELB_URBAN,ROAD,4,16.0
144712,1,2,110,4,1,80.0,0,N,MELB_URBAN,ROAD,4,16.0
144713,1,3,99,2,1,70.0,0,I,MELB_URBAN,ROAD,4,17.0
144714,1,2,120,5,1,50.0,0,N,MELB_URBAN,ROAD,4,16.0
144715,1,0,132,5,1,60.0,0,N,MELB_URBAN,ROAD,4,11.0
144716,4,2,181,5,1,70.0,0,N,RURAL_VICTORIA,ROAD,4,16.0
144717,1,3,116,2,3,80.0,0,I,MELB_URBAN,ROAD,4,18.0
144718,1,3,120,5,2,100.0,0,N,RURAL_VICTORIA,ROAD,4,17.0
144719,1,3,130,2,1,60.0,0,N,LARGE_PROVINCIAL_CITIES,STREET,4,16.0
144720,1,2,99,5,3,70.0,0,N,UNKNOWN,ROAD,4,18.0
144721,1,2,121,4,3,80.0,0,I,MELB_URBAN,HIGHWAY,4,19.0
144722,1,3,120,5,5,80.0,0,N,RURAL_VICTORIA,ROAD,4,17.0
144723,2,3,99,5,1,40.0,0,N,MELB_URBAN,PARADE,4,16.0
144724,1,5,116,1,9,60.0,0,N,MELB_URBAN,STREET,3,6.0
144725,2,3,99,5,5,80.0,1,N,MELB_URBAN,ROAD,4,19.0
144726,2,3,100,1,3,50.0,0,N,MELB_URBAN,ROAD,4,21.0
144727,1,4,121,2,3,60.0,0,I,MELB_URBAN,ROAD,4,0.0
144728,1,4,110,1,1,50.0,0,I,TOWNS,STREET,4,9.0
144729,4,0,183,2,1,60.0,0,I,RURAL_VICTORIA,ROAD,4,12.0
144730,1,5,147,5,1,70.0,0,N,MELB_URBAN,ROAD,3,12.0
144731,1,4,99,5,1,60.0,0,N,MELB_URBAN,ROAD,4,8.0
144732,1,4,121,1,2,80.0,0,I,MELB_URBAN,ROAD,4,6.0
144733,1,2,160,5,3,60.0,0,N,MELB_URBAN,ROAD,4,5.0
144734,1,6,121,2,1,60.0,0,I,LARGE_PROVINCIAL_CITIES,UNKNOWN,1,17.0
144735,1,5,130,2,3,60.0,0,I,MELB_URBAN,STREET,4,20.0
144736,1,4,130,5,2,100.0,0,N,RURAL_VICTORIA,ROAD,4,18.0
144737,1,4,130,5,1,60.0,0,N,TOWNS,STREET,4,12.0
144738,1,3,110,1,2,60.0,0,I,MELB_URBAN,STREET,4,7.0
144739,1,5,130,5,1,60.0,0,N,MELB_URBAN,FREEWAY,4,15.0
144740,1,3,135,5,1,80.0,0,N,MELB_URBAN,ROAD,4,6.0
144741,1,4,113,2,1,80.0,0,I,MELB_URBAN,HIGHWAY,4,12.0
144742,1,4,99,5,1,50.0,0,N,SMALL_CITIES,OTHER,4,13.0
144743,4,0,99,5,1,80.0,0,N,RURAL_VICTORIA,ROAD,1,13.0
144744,1,4,130,1,9,80.0,0,I,MELB_URBAN,HIGHWAY,1,16.0
144745,1,4,99,5,1,70.0,0,N,MELB_URBAN,ROAD,4,14.0
144746,1,3,110,1,1,50.0,0,I,MELB_URBAN,STREET,4,16.0
144747,1,3,147,5,1,50.0,0,N,SMALL_TOWNS,STREET,4,16.0
144748,1,4,120,5,1,80.0,0,N,RURAL_VICTORIA,ROAD,4,14.0
144749,8,2,99,5,1,100.0,0,N,MELB_URBAN,FREEWAY,4,10.0
144750,1,4,99,5,1,50.0,0,N,TOWNS,STREET,4,16.0
144751,1,5,130,5,1,60.0,0,N,MELB_URBAN,ROAD,4,14.0
144752,1,1,132,5,1,60.0,0,N,MELB_URBAN,ROAD,3,13.0
144753,1,4,121,2,1,60.0,0,I,MELB_URBAN,STREET,4,17.0
144754,1,3,130,5,5,100.0,0,N,MELB_URBAN,FREEWAY,4,19.0
144755,2,4,99,2,3,40.0,0,N,MELB_URBAN,OTHER,4,20.0
144756,8,4,174,1,1,60.0,0,I,MELB_URBAN,ROAD,4,16.0
144757,3,3,167,5,2,80.0,0,N,RURAL_VICTORIA,ROAD,4,6.0
144758,1,1,121,2,1,60.0,0,N,MELB_URBAN,ROAD,4,14.0
144759,4,3,173,1,3,50.0,0,I,LARGE_PROVINCIAL_CITIES,STREET,4,23.0
144760,1,1,130,1,1,60.0,0,I,RURAL_VICTORIA,ROAD,4,12.0
144761,2,5,100,1,1,50.0,0,I,MELB_URBAN,ROAD,4,9.0
144762,3,1,167,5,2,60.0,0,N,RURAL_VICTORIA,OTHER,3,18.0
144763,1,5,110,1,1,50.0,0,I,TOWNS,STREET,4,9.0
144764,1,3,99,2,1,60.0,0,I,MELB_URBAN,ROAD,4,11.0
144765,1,4,130,5,1,100.0,0,N,RURAL_VICTORIA,ROAD,4,13.0
144766,8,7,174,2,9,80.0,0,I,MELB_URBAN,ROAD,4,10.0
144767,8,4,174,1,1,60.0,0,N,UNKNOWN,ROAD,3,7.0
144768,1,5,130,5,1,60.0,0,N,MELB_URBAN,AVENUE,4,11.0
144769,1,5,110,1,1,50.0,0,I,MELB_URBAN,ROAD,4,13.0
144770,1,5,113,2,1,70.0,0,I,RURAL_VICTORIA,ROAD,4,12.0
144771,4,5,181,5,1,50.0,0,N,MELB_URBAN,AVENUE,4,13.0
144772,1,4,121,2,1,50.0,0,I,MELB_URBAN,DRIVE,4,13.0
144773,1,4,130,5,9,80.0,0,N,RURAL_VICTORIA,ROAD,4,16.0
144774,2,5,100,5,1,60.0,0,N,MELB_URBAN,DRIVE,4,14.0
144775,8,3,174,5,3,60.0,0,N,MELB_URBAN,ROAD,4,18.0
144776,4,4,171,5,1,110.0,0,N,RURAL_VICTORIA,FREEWAY,4,15.0
144777,1,4,99,5,1,100.0,0,N,RURAL_VICTORIA,ROAD,4,15.0
144778,2,3,100,5,1,80.0,0,N,MELB_URBAN,ROAD,4,15.0
144779,4,5,183,5,1,100.0,0,N,RURAL_VICTORIA,ROAD,4,16.0
144780,1,3,130,2,2,80.0,0,I,MELB_URBAN,FREEWAY,4,17.0
144781,1,5,147,5,1,60.0,0,N,MELB_URBAN,ROAD,4,15.0
144782,1,5,130,5,1,60.0,0,N,MELB_URBAN,STREET,4,18.0
144783,1,2,130,5,1,100.0,0,N,MELB_URBAN,FREEWAY,4,16.0
144784,4,5,181,5,2,100.0,0,N,RURAL_VICTORIA,ROAD,4,17.0
144785,1,3,110,1,3,80.0,0,I,TOWNS,HIGHWAY,4,19.0
144786,1,5,140,5,1,70.0,0,N,LARGE_PROVINCIAL_CITIES,RAMP,4,15.0
144787,4,4,181,5,1,100.0,0,N,RURAL_VICTORIA,ROAD,4,15.0
144788,1,5,99,5,3,60.0,0,N,MELB_URBAN,ROAD,4,19.0
144789,1,5,132,2,1,80.0,0,I,RURAL_VICTORIA,ROAD,4,15.0
144790,4,5,171,5,5,110.0,0,N,RURAL_VICTORIA,FREEWAY,4,20.0
144791,2,4,99,1,3,40.0,0,I,MELB_URBAN,UNKNOWN,4,19.0
144792,4,5,173,1,1,60.0,0,I,LARGE_PROVINCIAL_CITIES,ROAD,4,15.0
144793,4,5,99,5,3,40.0,0,N,MELB_URBAN,ROAD,4,20.0
144794,1,5,110,1,1,80.0,0,I,MELB_URBAN,ROAD,4,14.0
144795,4,6,181,5,3,60.0,0,N,MELB_URBAN,STREET,4,1.0
144796,4,5,171,2,3,80.0,0,I,MELB_URBAN,ROAD,4,23.0
144797,1,5,132,2,1,50.0,0,I,SMALL_CITIES,STREET,4,11.0
144798,4,5,99,2,5,60.0,0,I,SMALL_CITIES,ROAD,4,22.0
144799,2,5,100,2,5,50.0,0,I,LARGE_PROVINCIAL_CITIES,STREET,3,17.0
144800,2,6,100,1,1,60.0,0,I,MELB_URBAN,STREET,4,8.0
144801,1,6,120,5,1,60.0,0,N,MELB_URBAN,ROAD,4,8.0
144802,6,4,184,5,1,100.0,0,N,RURAL_VICTORIA,ROAD,3,10.0
144803,1,6,99,2,1,50.0,0,N,MELB_URBAN,ROAD,4,10.0
144804,1,6,130,1,1,60.0,0,I,LARGE_PROVINCIAL_CITIES,ROAD,4,10.0
144805,1,2,99,2,6,50.0,0,I,RURAL_VICTORIA,DRIVE,4,22.0
144806,1,5,160,5,1,60.0,0,N,MELB_URBAN,ROAD,4,16.0
144807,1,4,121,2,1,80.0,0,I,MELB_URBAN,ROAD,3,8.0
144808,1,7,113,2,3,60.0,0,I,LARGE_PROVINCIAL_CITIES,STREET,4,20.0
144809,1,6,110,1,1,100.0,0,I,RURAL_VICTORIA,ROAD,4,13.0
144810,1,6,160,5,2,60.0,0,N,MELB_URBAN,STREET,4,6.0
144811,1,5,121,5,1,30.0,0,N,MELB_URBAN,ROAD,4,11.0
144812,1,6,99,5,1,80.0,0,N,RURAL_VICTORIA,ROAD,4,6.0
144813,1,6,113,2,1,70.0,0,I,MELB_URBAN,ROAD,4,16.0
144814,4,6,173,5,1,60.0,0,N,RURAL_VICTORIA,OTHER,4,10.0
144815,1,5,130,5,1,80.0,0,N,MELB_URBAN,ROAD,4,13.0
144816,6,2,99,1,1,60.0,0,N,MELB_URBAN,ROAD,12,9.0
144817,1,6,147,5,3,60.0,0,N,MELB_URBAN,ROAD,4,18.0
144818,1,6,110,1,3,60.0,0,I,MELB_URBAN,ROAD,4,19.0
144819,1,6,147,5,1,60.0,0,N,MELB_URBAN,STREET,4,16.0
144820,8,6,174,2,1,50.0,0,I,MELB_URBAN,OTHER,4,19.0
144821,1,6,135,5,1,80.0,0,N,MELB_URBAN,FREEWAY,4,10.0
144822,1,6,99,5,1,60.0,0,N,MELB_URBAN,ROAD,4,14.0
144823,1,6,132,2,5,60.0,0,I,MELB_URBAN,ROAD,4,19.0
144824,8,6,174,5,5,50.0,0,N,SMALL_CITIES,STREET,4,19.0
144825,1,6,147,5,1,80.0,0,N,RURAL_VICTORIA,ROAD,4,16.0
144826,2,6,100,2,3,60.0,0,I,MELB_URBAN,ROAD,4,18.0
144827,2,5,102,2,1,50.0,0,I,MELB_URBAN,BOULEVARD,4,17.0
144828,1,5,130,5,1,80.0,0,N,MELB_URBAN,ROAD,4,15.0
144829,1,6,120,5,3,60.0,0,N,MELB_URBAN,ROAD,4,18.0
144830,1,5,130,5,3,80.0,0,N,MELB_URBAN,ROAD,4,21.0
144831,4,4,99,6,3,50.0,0,N,MELB_URBAN,STREET,4,20.0
144832,1,7,121,1,3,60.0,0,N,MELB_URBAN,ROAD,4,0.0
144833,4,6,173,5,3,70.0,0,N,MELB_URBAN,ROAD,4,3.0
144834,1,7,160,5,3,50.0,0,N,MELB_URBAN,DRIVE,3,20.0
144835,1,3,130,5,1,70.0,0,N,MELB_URBAN,ROAD,3,15.0
144836,1,1,130,5,1,60.0,0,N,MELB_URBAN,STREET,4,12.0
144837,1,7,110,4,1,80.0,0,I,MELB_URBAN,ROAD,4,9.0
144838,1,7,110,1,3,80.0,0,N,MELB_URBAN,ROAD,4,5.0
144839,1,6,121,2,1,80.0,0,I,RURAL_VICTORIA,HIGHWAY,4,16.0
144840,4,7,181,5,1,60.0,0,N,LARGE_PROVINCIAL_CITIES,STREET,4,11.0
144841,4,7,171,5,2,100.0,0,N,MELB_URBAN,FREEWAY,4,6.0
144842,1,2,130,5,1,100.0,0,N,MELB_URBAN,ROAD,3,16.0
144843,1,7,130,5,1,100.0,0,N,MELB_URBAN,FREEWAY,4,9.0
144844,1,5,99,5,1,40.0,0,N,LARGE_PROVINCIAL_CITIES,STREET,4,12.0
144845,1,6,99,5,1,100.0,0,N,RURAL_VICTORIA,ROAD,4,14.0
144846,1,7,147,5,1,60.0,0,N,MELB_URBAN,OTHER,4,9.0
144847,1,5,99,5,1,60.0,0,N,SMALL_CITIES,ROAD,3,15.0
144848,4,7,173,5,1,100.0,0,N,RURAL_VICTORIA,ROAD,4,14.0
144849,1,6,130,4,9,60.0,0,I,MELB_URBAN,RAMP,4,19.0
144850,1,7,113,2,1,50.0,0,I,MELB_URBAN,ROAD,4,14.0
144851,4,2,181,5,5,80.0,0,N,RURAL_VICTORIA,HIGHWAY,4,22.0
144852,1,7,121,1,1,100.0,0,I,RURAL_VICTORIA,ROAD,4,14.0
144853,1,7,130,4,1,80.0,0,I,RURAL_VICTORIA,BOULEVARD,4,11.0
144854,1,7,120,2,1,60.0,0,I,MELB_URBAN,ROAD,4,14.0
144855,2,7,99,5,1,50.0,0,N,MELB_URBAN,STREET,4,15.0
144856,1,7,130,5,1,60.0,0,N,MELB_URBAN,ROAD,4,15.0
144857,1,6,99,5,1,40.0,0,N,MELB_URBAN,STREET,4,15.0
144858,6,7,99,5,1,100.0,0,N,RURAL_VICTORIA,ROAD,4,13.0
144859,2,6,100,5,1,60.0,0,N,MELB_URBAN,ROAD,4,16.0
144860,2,7,102,2,1,40.0,0,N,LARGE_PROVINCIAL_CITIES,STREET,4,14.0
144861,1,6,110,1,1,80.0,0,I,SMALL_TOWNS,ROAD,4,16.0
144862,1,7,160,2,1,50.0,0,N,MELB_URBAN,STREET,4,17.0
144863,1,7,160,5,3,60.0,0,N,MELB_URBAN,ROAD,4,19.0
144864,1,6,160,5,3,60.0,0,N,LARGE_PROVINCIAL_CITIES,STREET,4,21.0
144865,2,7,100,2,5,60.0,0,I,MELB_URBAN,DRIVE,4,21.0
144866,1,7,121,2,6,60.0,0,I,MELB_URBAN,ROAD,4,21.0
144867,4,6,173,5,3,60.0,0,N,MELB_URBAN,ROAD,4,4.0
144868,4,7,171,5,5,80.0,0,N,RURAL_VICTORIA,HIGHWAY,4,23.0
144869,1,1,130,5,3,60.0,0,N,MELB_URBAN,ROAD,4,1.0
144870,4,1,173,5,6,80.0,0,N,MELB_URBAN,ROAD,4,0.0
144871,1,7,116,1,1,100.0,0,N,RURAL_VICTORIA,ROAD,4,11.0
144872,4,2,171,5,1,100.0,0,N,RURAL_VICTORIA,ROAD,4,13.0
144873,1,1,110,1,5,100.0,0,I,RURAL_VICTORIA,ROAD,4,4.0
144874,1,6,113,2,1,80.0,0,N,RURAL_VICTORIA,ROAD,4,10.0
144875,2,6,102,5,1,60.0,0,N,LARGE_PROVINCIAL_CITIES,STREET,4,10.0
144876,4,0,173,5,1,80.0,0,N,RURAL_VICTORIA,ROAD,4,9.0
144877,1,7,120,2,1,80.0,0,I,RURAL_VICTORIA,ROAD,4,9.0
144878,2,0,100,5,1,50.0,0,N,MELB_URBAN,STREET,4,12.0
144879,1,7,130,5,1,60.0,0,N,MELB_URBAN,STREET,3,11.0
144880,1,1,99,5,1,60.0,0,N,MELB_URBAN,ROAD,4,12.0
144881,4,1,173,5,1,100.0,0,N,RURAL_VICTORIA,HIGHWAY,4,11.0
144882,4,0,173,5,1,100.0,0,N,RURAL_VICTORIA,ROAD,4,11.0
144883,6,1,99,5,1,60.0,0,N,RURAL_VICTORIA,ROAD,4,12.0
144884,1,1,113,2,1,80.0,0,I,MELB_URBAN,ROAD,4,11.0
144885,4,1,181,2,1,80.0,0,I,RURAL_VICTORIA,ROAD,4,14.0
144886,4,0,173,5,1,100.0,0,N,RURAL_VICTORIA,ROAD,4,15.0
144887,1,1,120,5,1,40.0,0,N,MELB_URBAN,OTHER,4,13.0
144888,6,0,170,5,1,80.0,0,N,RURAL_VICTORIA,ROAD,4,13.0
144889,4,1,183,5,1,80.0,0,N,RURAL_VICTORIA,ROAD,4,15.0
144890,1,1,99,2,3,80.0,0,I,MELB_URBAN,ROAD,4,17.0
144891,6,1,99,5,5,100.0,0,N,RURAL_VICTORIA,ROAD,4,18.0
144892,2,1,102,2,1,40.0,0,I,MELB_URBAN,ROAD,2,11.0
144893,1,0,111,1,1,60.0,0,I,MELB_URBAN,ROAD,4,15.0
144894,1,1,99,5,3,60.0,0,N,MELB_URBAN,PARADE,4,18.0
144895,1,1,130,1,1,80.0,0,I,MELB_URBAN,ROAD,4,16.0
144896,1,0,121,5,3,60.0,0,N,MELB_URBAN,ROAD,4,18.0
144897,1,3,130,2,1,70.0,0,I,LARGE_PROVINCIAL_CITIES,HIGHWAY,4,15.0
144898,1,0,99,1,3,40.0,0,I,MELB_URBAN,STREET,4,22.0
144899,6,4,170,5,1,40.0,0,N,MELB_URBAN,STREET,4,16.0
144900,1,1,121,2,3,60.0,1,I,MELB_URBAN,OTHER,4,19.0
144901,4,2,181,2,3,80.0,0,I,RURAL_VICTORIA,HIGHWAY,4,1.0
144902,1,6,99,5,1,60.0,0,N,MELB_URBAN,ROAD,4,15.0
144903,4,2,171,1,3,60.0,0,I,MELB_URBAN,ROAD,4,0.0
144904,4,1,181,5,5,60.0,0,N,MELB_URBAN,ROAD,4,1.0
144905,1,2,121,4,3,70.0,0,I,LARGE_PROVINCIAL_CITIES,HIGHWAY,4,5.0
144906,1,2,110,4,3,40.0,0,I,MELB_URBAN,PARADE,4,6.0
144907,1,3,130,5,9,60.0,0,N,MELB_URBAN,STREET,4,12.0
144908,1,2,99,5,3,50.0,0,N,TOWNS,STREET,4,5.0
144909,1,2,113,2,1,50.0,0,I,MELB_URBAN,BOULEVARD,4,10.0
144910,1,5,130,5,3,80.0,0,N,MELB_URBAN,HIGHWAY,4,18.0
144911,1,2,121,2,2,60.0,0,I,MELB_URBAN,STREET,3,19.0
144912,1,0,130,5,2,80.0,0,N,MELB_URBAN,ROAD,4,17.0
144913,1,2,130,5,5,100.0,1,N,RURAL_VICTORIA,ROAD,4,5.0
144914,1,3,130,2,1,60.0,0,N,LARGE_PROVINCIAL_CITIES,ROAD,1,15.0
144915,1,3,130,5,1,80.0,0,N,MELB_URBAN,ROAD,3,13.0
144916,1,2,147,5,1,30.0,0,N,MELB_URBAN,ROAD,4,14.0
144917,4,1,99,5,1,50.0,0,N,MELB_URBAN,OTHER,4,14.0
144918,4,1,183,5,1,50.0,0,I,MELB_URBAN,OTHER,4,14.0
144919,1,3,130,1,1,80.0,0,I,MELB_URBAN,ROAD,12,10.0
144920,8,2,174,1,1,50.0,0,I,TOWNS,STREET,4,13.0
144921,2,2,100,5,1,60.0,0,N,MELB_URBAN,ROAD,4,15.0
144922,1,0,110,1,1,60.0,0,I,SMALL_TOWNS,STREET,4,10.0
144923,1,2,113,2,1,60.0,0,N,MELB_URBAN,AVENUE,4,17.0
144924,6,5,174,2,1,50.0,0,I,MELB_URBAN,DRIVE,4,9.0
144925,1,2,121,2,1,80.0,0,I,RURAL_VICTORIA,ROAD,4,14.0
144926,1,2,121,1,3,70.0,0,N,MELB_URBAN,ROAD,4,18.0
144927,4,2,173,5,3,80.0,0,N,MELB_URBAN,ROAD,4,17.0
144928,1,2,130,5,1,100.0,0,N,RURAL_VICTORIA,HIGHWAY,4,17.0
144929,1,2,130,2,1,60.0,0,N,MELB_URBAN,ROAD,4,16.0
144930,4,2,171,5,1,60.0,0,N,MELB_URBAN,ROAD,4,15.0
144931,1,1,121,1,3,50.0,0,I,LARGE_PROVINCIAL_CITIES,STREET,4,21.0
144932,1,1,130,5,3,80.0,0,N,MELB_URBAN,HIGHWAY,4,21.0
144933,1,6,99,5,5,100.0,0,N,MELB_URBAN,FREEWAY,4,23.0