,accident_type,day_of_week,dca_code,road_geometry,light_condition,speed_zone,severity,node_type,deg_urban_name,road_type,month,hour
144934,4,2,99,5,3,60.0,0,N,TOWNS,HIGHWAY,4,21.0
144935,1,1,99,5,3,60.0,0,N,MELB_URBAN,ROAD,4,21.0
144936,1,2,110,1,3,40.0,0,I,MELBOURNE_CBD,STREET,4,0.0
144937,1,1,160,5,2,60.0,0,N,MELB_URBAN,PARADE,4,5.0
144938,1,3,160,5,3,60.0,0,N,MELB_URBAN,ROAD,4,3.0
144939,1,1,110,1,3,60.0,0,N,MELB_URBAN,ROAD,4,22.0
144940,1,2,121,4,3,60.0,0,I,MELB_URBAN,RAMP,4,5.0
144941,1,3,160,5,5,40.0,0,N,MELB_URBAN,STREET,4,6.0
144942,1,2,110,1,1,50.0,0,I,LARGE_PROVINCIAL_CITIES,STREET,4,8.0
144943,2,3,100,5,3,60.0,0,N,MELB_URBAN,STREET,4,6.0
144944,1,2,130,1,1,50.0,0,N,MELB_URBAN,DRIVE,4,10.0
144945,1,2,130,5,1,70.0,0,N,MELB_URBAN,ROAD,4,9.0
144946,3,2,167,5,5,100.0,0,N,RURAL_VICTORIA,ROAD,4,3.0
144947,1,2,130,1,1,50.0,0,I,LARGE_PROVINCIAL_CITIES,STREET,4,10.0
144948,1,3,99,5,1,40.0,0,N,MELB_URBAN,ROAD,4,8.0
144949,2,3,100,4,1,50.0,0,I,MELB_URBAN,ROAD,4,10.0
144950,5,6,99,2,9,60.0,0,N,RURAL_VICTORIA,OTHER,4,18.0
144951,1,5,121,1,1,60.0,0,I,MELB_URBAN,ROAD,4,12.0
144952,1,3,121,1,1,70.0,0,I,MELB_URBAN,ROAD,4,10.0
144953,2,3,100,1,1,50.0,0,N,MELB_URBAN,STREET,4,8.0
144954,4,3,173,5,2,110.0,0,N,SMALL_CITIES,FREEWAY,4,6.0
144955,1,2,147,5,1,60.0,0,N,MELB_URBAN,ROAD,4,13.0
144956,8,7,99,5,9,60.0,0,N,RURAL_VICTORIA,ROAD,4,14.0
144957,1,7,110,1,1,80.0,0,I,SMALL_CITIES,ROAD,4,9.0
144958,1,5,113,2,1,80.0,0,I,RURAL_VICTORIA,HIGHWAY,1,15.0
144959,6,3,99,5,1,60.0,0,N,MELB_URBAN,ROAD,4,12.0
144960,4,7,183,5,1,100.0,0,N,RURAL_VICTORIA,ROAD,4,13.0
144961,1,3,134,5,1,60.0,0,N,MELB_URBAN,ROAD,4,13.0
144962,1,3,130,1,1,60.0,0,N,MELB_URBAN,STREET,4,10.0
144963,6,2,99,3,1,60.0,0,I,RURAL_VICTORIA,ROAD,4,13.0
144964,8,1,174,5,1,60.0,0,N,RURAL_VICTORIA,ROAD,4,15.0
144965,1,3,121,1,1,70.0,0,I,MELB_URBAN,ROAD,4,13.0
144966,8,2,174,2,1,50.0,0,N,MELB_URBAN,ROAD,1,15.0
144967,1,3,110,1,1,60.0,0,I,RURAL_VICTORIA,ROAD,4,13.0
144968,4,5,99,1,1,70.0,0,I,MELB_URBAN,ROAD,4,16.0
144969,1,0,121,2,1,50.0,0,I,MELB_URBAN,ROAD,4,10.0
144970,1,2,130,5,1,60.0,0,N,MELB_URBAN,ROAD,4,13.0
144971,1,3,130,5,2,60.0,0,N,MELB_URBAN,ROAD,4,18.0
144972,1,3,121,1,1,80.0,0,I,MELB_URBAN,ROAD,4,14.0
144973,3,1,167,5,9,80.0,0,N,RURAL_VICTORIA,ROAD,4,6.0
144974,1,3,130,5,1,110.0,0,N,RURAL_VICTORIA,FREEWAY,4,14.0
144975,1,2,116,2,3,60.0,0,I,MELB_URBAN,ROAD,4,18.0
144976,1,3,130,5,1,60.0,0,N,LARGE_PROVINCIAL_CITIES,STREET,4,15.0
144977,4,5,171,5,5,80.0,0,N,RURAL_VICTORIA,ROAD,12,4.0
144978,1,3,99,5,1,60.0,0,N,SMALL_CITIES,STREET,4,17.0
144979,1,5,132,5,3,40.0,0,N,MELB_URBAN,STREET,4,20.0
144980,1,3,130,5,5,100.0,0,N,RURAL_VICTORIA,HIGHWAY,4,18.0
144981,2,3,102,1,3,40.0,0,N,MELB_URBAN,ROAD,4,20.0
144982,1,2,110,1,1,80.0,0,I,SMALL_TOWNS,ROAD,4,16.0
144983,1,3,121,4,3,60.0,0,I,MELB_URBAN,ROAD,4,23.0
144984,1,3,110,1,1,80.0,0,I,SMALL_TOWNS,ROAD,4,15.0
144985,1,3,160,5,3,50.0,0,N,MELB_URBAN,STREET,4,19.0
144986,4,3,173,5,3,60.0,0,I,MELB_URBAN,ROAD,4,22.0
144987,1,2,99,5,6,60.0,0,N,MELB_URBAN,ROAD,4,19.0
144988,1,3,110,1,1,60.0,0,I,LARGE_PROVINCIAL_CITIES,STREET,4,9.0
144989,1,4,121,2,1,60.0,0,I,MELB_URBAN,BOULEVARD,4,6.0
144990,1,6,130,1,1,80.0,0,I,MELB_URBAN,OTHER,2,16.0
144991,1,3,130,5,1,80.0,0,N,MELB_URBAN,ROAD,4,8.0
144992,4,2,99,1,1,40.0,0,N,MELB_URBAN,STREET,4,12.0
144993,1,2,130,5,1,60.0,0,N,LARGE_PROVINCIAL_CITIES,ROAD,4,17.0
144994,1,7,113,2,1,60.0,0,I,MELB_URBAN,STREET,4,20.0
144995,1,4,130,5,1,80.0,0,N,MELB_URBAN,ROAD,4,8.0
144996,4,4,173,5,5,100.0,0,N,RURAL_VICTORIA,ROAD,4,5.0
144997,2,4,99,5,1,50.0,0,N,TOWNS,STREET,4,10.0
144998,1,3,110,1,2,50.0,0,I,SMALL_CITIES,ROAD,4,7.0
144999,6,3,174,2,2,60.0,0,I,MELB_URBAN,AVENUE,4,6.0
145000,2,3,99,5,1,60.0,0,N,LARGE_PROVINCIAL_CITIES,STREET,4,12.0
145001,1,6,99,5,5,60.0,0,N,TOWNS,AVENUE,4,22.0
145002,1,4,130,2,1,80.0,0,I,MELB_URBAN,ROAD,4,8.0
145003,4,5,181,5,3,50.0,0,N,TOWNS,DRIVE,4,22.0
145004,1,4,121,2,1,60.0,0,I,MELB_URBAN,ROAD,4,12.0
145005,1,4,163,5,1,40.0,0,N,MELB_URBAN,ROAD,4,10.0
145006,1,4,121,4,1,70.0,1,I,MELB_URBAN,RAMP,4,9.0
145007,1,4,140,2,1,60.0,0,I,MELB_URBAN,ROAD,2,16.0
145008,1,4,113,2,1,60.0,0,I,LARGE_PROVINCIAL_CITIES,ROAD,4,12.0
145009,1,4,130,5,1,80.0,0,N,MELB_URBAN,RAMP,4,13.0
145010,1,3,130,4,1,60.0,0,N,MELB_URBAN,STREET,4,9.0
145011,6,4,174,2,1,60.0,0,I,RURAL_VICTORIA,DRIVE,3,12.0
145012,1,3,110,1,1,50.0,0,I,TOWNS,STREET,4,15.0
145013,6,4,99,2,1,80.0,0,N,MELB_URBAN,ROAD,4,14.0
145014,1,4,99,5,1,80.0,0,N,MELB_URBAN,ROAD,4,15.0
145015,5,0,99,5,1,60.0,0,N,TOWNS,ROAD,3,14.0
145016,2,2,99,5,1,40.0,0,N,RURAL_VICTORIA,STREET,4,15.0
145017,2,2,100,5,2,50.0,0,N,LARGE_PROVINCIAL_CITIES,UNKNOWN,3,17.0
145018,1,3,130,5,9,60.0,0,N,MELB_URBAN,FREEWAY,4,16.0
145019,1,4,120,5,1,40.0,0,N,TOWNS,HIGHWAY,4,16.0
145020,1,6,99,1,9,60.0,0,I,MELB_URBAN,STREET,4,20.0
145021,1,1,99,1,1,60.0,0,I,MELB_URBAN,STREET,4,16.0
145022,4,7,173,5,3,60.0,0,N,MELB_URBAN,ROAD,3,0.0
145023,4,6,183,5,1,50.0,0,N,RURAL_VICTORIA,ROAD,4,13.0
145024,1,3,110,1,1,50.0,0,I,SMALL_CITIES,STREET,4,16.0
145025,4,3,181,2,3,60.0,0,N,LARGE_PROVINCIAL_CITIES,STREET,4,18.0
145026,2,3,102,5,1,60.0,0,N,TOWNS,ROAD,4,15.0
145027,1,4,121,1,1,50.0,0,I,MELB_URBAN,ROAD,4,16.0
145028,1,4,121,1,3,60.0,0,I,LARGE_PROVINCIAL_CITIES,STREET,4,19.0
145029,1,6,130,5,3,70.0,0,N,MELB_URBAN,RAMP,4,22.0
145030,2,4,102,1,1,60.0,0,N,MELB_URBAN,RAMP,4,15.0
145031,1,2,121,2,1,50.0,0,N,MELB_URBAN,STREET,4,14.0
145032,1,4,121,3,3,60.0,0,I,MELB_URBAN,AVENUE,4,18.0
145033,8,4,99,1,1,50.0,0,I,MELB_URBAN,STREET,4,16.0
145034,2,3,99,5,3,50.0,0,N,MELB_URBAN,STREET,4,19.0
145035,2,4,102,5,3,60.0,0,N,MELB_URBAN,ROAD,4,23.0
145036,4,4,171,5,5,100.0,0,N,RURAL_VICTORIA,ROAD,4,23.0
145037,1,5,160,5,3,60.0,0,N,MELB_URBAN,ROAD,4,2.0
145038,1,4,99,1,1,40.0,0,I,MELB_URBAN,ROAD,4,7.0
145039,1,0,121,2,1,60.0,0,I,MELB_URBAN,STREET,12,19.0
145040,6,6,174,5,3,40.0,0,N,MELB_URBAN,ROAD,4,1.0
145041,1,3,135,5,1,80.0,0,N,MELB_URBAN,ROAD,4,9.0
145042,1,5,130,5,2,100.0,0,N,MELB_URBAN,FREEWAY,4,6.0
145043,2,5,100,2,1,60.0,0,I,MELB_URBAN,ROAD,4,9.0
145044,7,6,99,5,9,60.0,0,N,MELB_URBAN,ROAD,3,12.0
145045,1,3,110,1,1,50.0,0,I,LARGE_PROVINCIAL_CITIES,STREET,4,13.0
145046,1,5,113,2,1,70.0,0,I,MELB_URBAN,ROAD,4,8.0
145047,1,3,130,5,1,60.0,0,N,MELB_URBAN,ROAD,3,18.0
145048,4,5,181,5,1,80.0,0,N,RURAL_VICTORIA,ROAD,4,10.0
145049,1,1,121,1,1,60.0,0,I,MELB_URBAN,STREET,4,17.0
145050,1,5,110,1,2,60.0,0,I,MELB_URBAN,ROAD,4,18.0
145051,1,4,99,1,1,60.0,0,I,LARGE_PROVINCIAL_CITIES,STREET,4,12.0
145052,1,5,147,5,1,60.0,0,N,MELB_URBAN,ROAD,4,8.0
145053,1,4,130,5,1,60.0,0,N,MELB_URBAN,STREET,3,15.0
145054,6,0,170,5,1,100.0,0,N,RURAL_VICTORIA,ROAD,11,14.0
145055,2,4,99,2,1,50.0,0,I,MELB_URBAN,ROAD,4,13.0
145056,1,4,110,1,1,50.0,0,I,MELB_URBAN,STREET,4,13.0
145057,2,4,100,5,1,50.0,0,N,SMALL_CITIES,AVENUE,4,10.0
145058,1,5,110,1,1,60.0,0,I,MELB_URBAN,HIGHWAY,4,13.0
145059,1,5,147,5,1,100.0,0,N,RURAL_VICTORIA,ROAD,4,13.0
145060,1,3,110,1,1,80.0,0,I,MELB_URBAN,ROAD,3,12.0
145061,1,5,110,1,1,50.0,0,I,MELB_URBAN,ROAD,4,13.0
145062,1,4,130,5,3,50.0,0,N,MELB_URBAN,STREET,4,19.0
145063,8,6,174,5,3,50.0,0,N,MELB_URBAN,ROAD,4,19.0
145064,1,5,130,5,1,60.0,0,N,RURAL_VICTORIA,HIGHWAY,4,16.0
145065,4,7,173,5,5,50.0,0,N,RURAL_VICTORIA,OTHER,4,21.0
145066,6,5,174,5,1,100.0,0,N,RURAL_VICTORIA,ROAD,4,15.0
145067,1,5,121,5,2,60.0,0,N,TOWNS,STREET,4,17.0
145068,1,5,130,5,1,100.0,0,N,MELB_URBAN,FREEWAY,4,16.0
145069,1,5,110,1,1,100.0,0,I,RURAL_VICTORIA,ROAD,4,14.0
145070,1,3,130,1,9,60.0,0,I,MELB_URBAN,STREET,4,9.0
145071,1,5,160,5,9,60.0,0,N,MELB_URBAN,AVENUE,4,7.0
145072,4,5,171,5,1,50.0,0,N,MELB_URBAN,ROAD,4,17.0
145073,1,4,130,5,5,100.0,0,N,RURAL_VICTORIA,ROAD,4,19.0
145074,1,5,132,2,3,50.0,0,I,MELB_URBAN,STREET,4,18.0
145075,1,5,99,2,1,80.0,0,N,MELB_URBAN,ROAD,4,15.0
145076,1,5,120,5,1,100.0,0,N,RURAL_VICTORIA,HIGHWAY,4,17.0
145077,1,5,130,2,1,60.0,0,I,MELB_URBAN,ROAD,4,13.0
145078,2,4,100,1,3,40.0,0,I,MELBOURNE_CBD,STREET,4,21.0
145079,1,2,133,5,1,60.0,0,N,MELB_URBAN,ROAD,3,15.0
145080,2,5,100,5,1,40.0,0,N,MELB_URBAN,PARADE,4,14.0
145081,1,6,160,5,3,60.0,0,N,MELB_URBAN,STREET,4,0.0
145082,4,5,99,5,5,60.0,0,N,MELB_URBAN,ROAD,4,23.0
145083,4,5,173,2,3,50.0,0,N,MELB_URBAN,DRIVE,4,2.0
145084,1,2,113,1,3,60.0,0,I,MELB_URBAN,ROAD,4,1.0
145085,1,5,113,2,3,60.0,0,N,MELB_URBAN,ROAD,4,5.0
145086,1,7,99,5,1,110.0,0,N,TOWNS,FREEWAY,4,12.0
145087,4,5,171,5,1,60.0,0,N,MELB_URBAN,ROAD,4,6.0
145088,1,6,121,4,2,80.0,0,I,RURAL_VICTORIA,ROAD,4,6.0
145089,1,1,130,5,1,50.0,0,I,TOWNS,HIGHWAY,2,13.0
145090,1,5,134,5,5,110.0,0,N,RURAL_VICTORIA,FREEWAY,4,20.0
145091,1,5,130,5,3,60.0,0,N,MELB_URBAN,HIGHWAY,4,17.0
145092,1,3,121,2,1,60.0,0,I,MELB_URBAN,ROAD,3,13.0
145093,1,3,140,2,1,60.0,0,I,MELB_URBAN,ROAD,4,16.0
145094,1,6,160,5,1,60.0,0,N,SMALL_CITIES,ROAD,3,15.0
145095,1,6,110,1,1,60.0,0,I,MELB_URBAN,ROAD,4,7.0
145096,1,5,130,5,1,60.0,0,N,SMALL_CITIES,ROAD,4,11.0
145097,1,5,110,1,1,60.0,0,I,TOWNS,STREET,4,14.0
145098,8,7,174,2,1,50.0,0,I,RURAL_VICTORIA,ROAD,4,15.0
145099,1,6,130,5,1,80.0,0,N,MELB_URBAN,HIGHWAY,4,11.0
145100,1,3,110,1,9,60.0,0,I,MELB_URBAN,OTHER,4,8.0
145101,1,3,121,2,1,60.0,0,N,MELB_URBAN,STREET,3,8.0
145102,4,3,171,1,1,60.0,0,N,RURAL_VICTORIA,OTHER,4,10.0
145103,1,6,130,5,1,60.0,0,N,RURAL_VICTORIA,ROAD,4,11.0
145104,1,6,99,5,1,60.0,0,N,RURAL_VICTORIA,ROAD,4,10.0
145105,1,5,130,1,1,50.0,0,N,MELB_URBAN,STREET,4,8.0
145106,1,6,99,1,1,30.0,0,I,MELB_URBAN,STREET,4,7.0
145107,4,6,173,5,1,80.0,1,N,RURAL_VICTORIA,ROAD,4,12.0
145108,1,6,120,5,1,100.0,0,N,RURAL_VICTORIA,HIGHWAY,4,13.0
145109,1,6,113,2,1,60.0,0,I,MELB_URBAN,ROAD,4,14.0
145110,1,2,130,5,1,80.0,0,N,MELB_URBAN,RAMP,10,11.0
145111,2,6,99,5,1,60.0,0,N,LARGE_PROVINCIAL_CITIES,ROAD,4,13.0
145112,1,6,160,5,1,50.0,0,N,MELB_URBAN,ROAD,4,14.0
145113,1,6,160,1,1,50.0,0,N,SMALL_CITIES,OTHER,4,15.0
145114,1,6,133,1,1,60.0,0,I,MELB_URBAN,ROAD,4,10.0
145115,8,3,99,2,1,80.0,0,I,RURAL_VICTORIA,ROAD,3,16.0
145116,1,6,116,1,1,60.0,0,I,LARGE_PROVINCIAL_CITIES,ROAD,4,12.0
145117,1,2,121,1,1,60.0,0,I,MELB_URBAN,STREET,4,16.0
145118,1,4,133,5,1,60.0,0,N,MELB_URBAN,ROAD,4,7.0
145119,1,6,160,5,1,50.0,0,N,MELB_URBAN,DRIVE,4,16.0
145120,1,5,130,1,1,60.0,0,I,MELB_URBAN,AVENUE,4,15.0
145121,1,5,120,5,1,80.0,0,N,RURAL_VICTORIA,ROAD,4,16.0
145122,1,6,121,2,2,60.0,0,I,SMALL_CITIES,STREET,4,17.0
145123,1,6,110,1,2,100.0,0,I,RURAL_VICTORIA,ROAD,4,17.0
145124,4,5,173,5,3,60.0,0,N,SMALL_CITIES,STREET,4,18.0
145125,1,5,121,4,3,80.0,0,I,MELB_URBAN,RAMP,4,18.0
145126,1,5,135,2,3,100.0,0,I,MELB_URBAN,FREEWAY,4,19.0
145127,2,6,99,5,1,60.0,0,N,MELB_URBAN,ROAD,4,16.0
145128,1,0,120,5,1,60.0,0,N,MELB_URBAN,ROAD,4,17.0
145129,1,5,110,1,1,100.0,0,I,RURAL_VICTORIA,OTHER,4,15.0
145130,1,6,132,2,5,60.0,0,I,TOWNS,ROAD,4,20.0
145131,4,6,181,5,5,100.0,0,N,RURAL_VICTORIA,ROAD,4,17.0
145132,2,6,99,5,3,60.0,0,N,MELB_URBAN,ROAD,4,18.0
145133,1,5,116,2,2,60.0,0,I,RURAL_VICTORIA,ROAD,4,17.0
145134,1,6,113,2,3,60.0,0,I,MELB_URBAN,ROAD,4,21.0
145135,1,6,130,5,3,100.0,0,N,MELB_URBAN,ROAD,4,18.0
145136,2,6,100,5,3,60.0,0,N,MELB_URBAN,ROAD,4,23.0
145137,1,5,111,2,3,60.0,0,N,MELB_URBAN,ROAD,4,20.0
145138,1,2,130,5,1,70.0,0,N,MELB_URBAN,ROAD,4,15.0
145139,6,5,170,5,1,100.0,0,N,RURAL_VICTORIA,OTHER,4,16.0
145140,1,1,135,5,3,50.0,0,N,MELB_URBAN,HIGHWAY,4,0.0
145141,4,7,171,5,1,60.0,0,N,TOWNS,STREET,4,8.0
145142,1,7,147,5,1,50.0,0,N,MELB_URBAN,STREET,4,9.0
145143,4,7,181,5,5,100.0,0,N,RURAL_VICTORIA,ROAD,4,5.0
145144,4,6,173,5,1,60.0,0,N,MELB_URBAN,ROAD,4,8.0
145145,6,7,184,5,1,50.0,0,N,MELB_URBAN,AVENUE,4,10.0
145146,1,7,121,1,1,60.0,0,I,MELB_URBAN,STREET,4,10.0
145147,2,7,100,5,1,40.0,0,N,MELB_URBAN,STREET,4,11.0
145148,1,7,163,5,1,60.0,0,N,MELB_URBAN,STREET,4,11.0
145149,7,5,99,5,9,60.0,0,I,MELB_URBAN,STREET,4,13.0
145150,4,7,171,5,1,60.0,0,N,MELB_URBAN,ROAD,4,12.0
145151,1,7,135,5,1,80.0,0,N,MELB_URBAN,FREEWAY,4,12.0
145152,1,5,130,5,1,80.0,0,N,MELB_URBAN,HIGHWAY,4,16.0
145153,1,6,130,5,1,80.0,0,N,MELB_URBAN,FREEWAY,4,13.0
145154,1,1,113,1,1,50.0,0,I,MELB_URBAN,STREET,2,17.0
145155,3,6,167,5,1,100.0,0,N,RURAL_VICTORIA,ROAD,4,10.0
145156,2,7,99,5,1,60.0,0,N,UNKNOWN,STREET,4,13.0
145157,1,7,147,1,1,60.0,0,N,SMALL_CITIES,UNKNOWN,4,14.0
145158,1,6,130,5,1,50.0,0,N,MELB_URBAN,ROAD,4,14.0
145159,4,0,173,5,9,80.0,0,N,RURAL_VICTORIA,ROAD,7,19.0
145160,1,4,121,2,1,60.0,0,I,MELB_URBAN,ROAD,4,10.0
145161,1,7,130,5,3,60.0,0,N,MELB_URBAN,FREEWAY,3,22.0
145162,1,4,110,1,1,50.0,0,I,SMALL_CITIES,STREET,4,12.0
145163,2,6,100,1,1,40.0,0,N,MELBOURNE_CBD,STREET,4,15.0
145164,1,6,110,1,1,60.0,0,N,MELB_URBAN,ROAD,4,17.0
145165,1,6,130,5,1,100.0,0,N,RURAL_VICTORIA,HIGHWAY,4,14.0
145166,1,6,111,1,3,60.0,0,I,MELB_URBAN,FREEWAY,4,17.0
145167,1,7,134,5,1,80.0,0,N,MELB_URBAN,FREEWAY,4,17.0
145168,1,7,110,1,3,80.0,0,I,LARGE_PROVINCIAL_CITIES,HIGHWAY,4,20.0
145169,1,7,160,2,3,50.0,0,N,MELB_URBAN,DRIVE,4,20.0
145170,1,7,99,5,3,60.0,0,N,SMALL_CITIES,RAMP,4,18.0
145171,1,7,163,5,3,50.0,0,N,MELB_URBAN,STREET,4,20.0
145172,8,7,170,1,3,40.0,0,N,MELB_URBAN,OTHER,4,2.0
145173,1,7,160,5,3,50.0,0,N,MELB_URBAN,STREET,4,23.0
145174,2,7,99,5,6,60.0,0,N,LARGE_PROVINCIAL_CITIES,ROAD,4,21.0
145175,4,7,173,5,5,80.0,0,N,RURAL_VICTORIA,ROAD,4,23.0
145176,1,1,113,2,3,60.0,0,I,MELB_URBAN,PARADE,5,2.0
145177,4,0,171,5,5,100.0,0,N,RURAL_VICTORIA,ROAD,5,0.0
145178,1,6,120,5,3,50.0,0,N,MELB_URBAN,STREET,4,21.0
145179,4,7,181,5,5,60.0,0,N,MELB_URBAN,ROAD,4,22.0
145180,4,0,183,5,5,60.0,0,N,MELB_URBAN,ROAD,5,0.0
145181,4,1,173,1,3,50.0,0,I,TOWNS,STREET,5,1.0
145182,4,1,171,1,3,80.0,0,N,MELB_URBAN,ROAD,5,4.0
145183,1,6,110,1,1,110.0,0,I,RURAL_VICTORIA,FREEWAY,4,13.0
145184,2,6,100,5,3,50.0,0,N,MELB_URBAN,ROAD,4,22.0
145185,4,1,171,5,5,80.0,0,N,RURAL_VICTORIA,ROAD,5,5.0
145186,8,5,184,5,1,60.0,0,N,RURAL_VICTORIA,ROAD,4,11.0
145187,4,1,173,5,1,110.0,0,N,RURAL_VICTORIA,FREEWAY,5,7.0
145188,1,7,120,5,2,40.0,0,N,MELBOURNE_CBD,STREET,4,17.0
145189,1,1,140,5,1,70.0,0,N,RURAL_VICTORIA,HIGHWAY,5,9.0
145190,4,6,181,5,1,100.0,0,N,RURAL_VICTORIA,ROAD,4,14.0
145191,1,1,140,5,1,60.0,0,N,MELB_URBAN,ROAD,5,10.0
145192,1,1,110,1,1,60.0,0,I,TOWNS,STREET,5,10.0
145193,1,1,134,5,1,60.0,0,N,MELB_URBAN,ROAD,5,11.0
145194,1,1,160,5,1,60.0,0,N,MELB_URBAN,ROAD,5,9.0
145195,4,1,171,2,1,60.0,0,N,MELB_URBAN,ROAD,5,9.0
145196,1,4,130,5,3,50.0,0,N,MELB_URBAN,ROAD,4,19.0
145197,1,2,130,5,1,80.0,0,N,MELB_URBAN,ROAD,4,8.0
145198,1,5,163,5,1,60.0,0,N,MELB_URBAN,AVENUE,4,15.0
145199,1,1,130,2,1,80.0,0,N,MELB_URBAN,ROAD,4,15.0
145200,1,1,110,1,1,60.0,0,I,SMALL_TOWNS,STREET,5,13.0
145201,8,6,99,5,1,60.0,0,N,RURAL_VICTORIA,ROAD,4,13.0
145202,1,0,120,5,1,60.0,0,N,RURAL_VICTORIA,DRIVE,5,13.0
145203,4,0,171,2,1,40.0,0,N,MELB_URBAN,STREET,5,14.0
145204,1,0,110,1,1,50.0,0,I,MELB_URBAN,STREET,5,16.0
145205,4,0,171,5,1,60.0,0,N,RURAL_VICTORIA,ROAD,5,17.0
145206,1,1,132,5,1,80.0,0,N,RURAL_VICTORIA,ROAD,5,16.0
145207,6,1,99,5,2,100.0,0,N,RURAL_VICTORIA,ROAD,5,17.0
145208,2,1,102,5,2,50.0,0,N,MELB_URBAN,STREET,5,17.0
145209,1,1,120,5,1,80.0,0,N,RURAL_VICTORIA,ROAD,5,16.0
145210,6,6,174,5,1,60.0,0,N,RURAL_VICTORIA,ROAD,4,10.0
145211,4,1,181,5,1,80.0,0,N,RURAL_VICTORIA,ROAD,5,13.0
145212,2,1,102,2,3,60.0,0,I,MELB_URBAN,STREET,5,18.0
145213,2,1,99,5,3,40.0,0,N,MELB_URBAN,STREET,5,18.0
145214,1,1,99,2,1,60.0,0,N,MELB_URBAN,ROAD,5,15.0
145215,1,1,130,5,5,100.0,0,N,MELB_URBAN,FREEWAY,5,18.0
145216,1,1,130,1,3,80.0,0,I,MELB_URBAN,ROAD,5,19.0
145217,2,6,102,1,3,70.0,0,N,MELB_URBAN,STREET,4,19.0
145218,1,7,113,1,3,80.0,0,I,SMALL_CITIES,HIGHWAY,4,19.0
145219,1,1,130,5,3,60.0,0,N,MELB_URBAN,STREET,5,21.0
145220,1,1,110,1,3,60.0,0,N,MELB_URBAN,PARADE,5,23.0
145221,1,6,99,1,1,40.0,0,I,MELB_URBAN,ROAD,4,7.0
145222,4,2,173,5,3,80.0,0,N,MELB_URBAN,HIGHWAY,5,2.0
145223,1,1,99,5,3,100.0,0,N,MELB_URBAN,ROAD,5,18.0
145224,6,1,184,5,1,60.0,0,N,RURAL_VICTORIA,OTHER,5,14.0
145225,1,2,134,5,3,60.0,0,N,MELB_URBAN,STREET,5,6.0
145226,1,2,99,1,1,60.0,0,N,MELB_URBAN,ROAD,5,7.0
145227,1,1,121,2,1,80.0,0,N,MELB_URBAN,ROAD,5,7.0
145228,1,2,121,2,1,60.0,0,I,MELB_URBAN,STREET,5,8.0
145229,2,2,100,5,1,60.0,0,N,MELB_URBAN,STREET,5,9.0
145230,7,1,184,5,1,100.0,0,N,RURAL_VICTORIA,ROAD,5,11.0
145231,8,4,170,2,3,40.0,0,I,MELBOURNE_CBD,STREET,4,6.0
145232,1,1,130,5,1,100.0,0,N,MELB_URBAN,FREEWAY,5,8.0
145233,4,7,171,5,1,40.0,0,N,LARGE_PROVINCIAL_CITIES,ROAD,4,17.0
145234,1,2,113,2,2,70.0,0,N,MELB_URBAN,BOULEVARD,5,6.0
145235,1,2,99,5,1,50.0,0,N,TOWNS,OTHER,5,8.0
145236,1,2,160,5,1,50.0,0,N,MELB_URBAN,ROAD,5,9.0
145237,1,6,110,1,1,60.0,0,I,MELB_URBAN,ROAD,4,14.0
145238,6,7,174,5,1,60.0,0,N,RURAL_VICTORIA,OTHER,4,16.0
145239,1,6,130,5,1,40.0,0,N,MELB_URBAN,STREET,4,14.0
145240,1,1,130,1,1,60.0,0,N,MELB_URBAN,ROAD,4,14.0
145241,1,7,130,5,9,50.0,0,N,MELB_URBAN,OTHER,3,15.0
145242,1,0,121,4,3,80.0,0,N,MELB_URBAN,ROAD,5,20.0
145243,1,2,110,1,1,80.0,0,I,RURAL_VICTORIA,ROAD,5,13.0
145244,4,2,173,2,1,50.0,0,I,RURAL_VICTORIA,DRIVE,5,10.0
145245,1,2,133,5,1,80.0,0,N,RURAL_VICTORIA,HIGHWAY,5,13.0
145246,8,0,170,1,3,60.0,0,I,RURAL_VICTORIA,ROAD,5,18.0
145247,2,2,99,5,1,50.0,0,N,MELB_URBAN,STREET,5,8.0
145248,2,1,100,5,1,40.0,0,N,SMALL_CITIES,ROAD,5,14.0
145249,1,7,99,2,3,60.0,0,N,MELB_URBAN,STREET,4,22.0
145250,8,1,99,5,6,50.0,0,N,MELB_URBAN,STREET,5,22.0
145251,2,2,99,5,1,50.0,0,N,SMALL_CITIES,STREET,5,15.0
145252,4,6,171,2,1,60.0,0,N,MELB_URBAN,ROAD,3,16.0
145253,1,2,110,1,1,50.0,0,I,MELB_URBAN,STREET,4,11.0
145254,1,2,171,5,9,100.0,0,N,RURAL_VICTORIA,HIGHWAY,5,13.0
145255,4,2,181,5,5,100.0,1,N,RURAL_VICTORIA,ROAD,5,4.0
145256,1,2,110,1,2,60.0,0,I,MELB_URBAN,UNKNOWN,5,17.0
145257,1,1,110,1,1,60.0,0,I,LARGE_PROVINCIAL_CITIES,STREET,5,16.0
145258,1,5,116,2,3,60.0,0,N,MELB_URBAN,ROAD,4,20.0
145259,2,2,100,2,1,60.0,0,N,SMALL_CITIES,STREET,5,14.0
145260,2,2,100,1,1,40.0,0,I,MELB_URBAN,STREET,5,17.0