,accident_type,day_of_week,dca_code,road_geometry,light_condition,speed_zone,severity,node_type,deg_urban_name,road_type,month,hour
145261,1,2,99,1,3,60.0,0,I,MELB_URBAN,ROAD,5,17.0
145262,1,2,110,1,2,60.0,0,I,SMALL_CITIES,STREET,5,17.0
145263,4,2,171,5,1,80.0,0,N,MELB_URBAN,OTHER,5,14.0
145264,1,2,110,1,3,60.0,0,N,SMALL_CITIES,STREET,5,18.0
145265,1,2,99,5,1,80.0,0,N,MELB_URBAN,ROAD,3,19.0
145266,1,3,111,1,1,50.0,0,I,RURAL_VICTORIA,ROAD,2,8.0
145267,1,2,120,5,1,80.0,0,N,RURAL_VICTORIA,ROAD,5,16.0
145268,8,2,174,5,1,60.0,0,N,RURAL_VICTORIA,DRIVE,3,9.0
145269,4,1,173,5,2,60.0,0,N,MELB_URBAN,STREET,5,17.0
145270,1,2,113,1,2,80.0,0,I,MELB_URBAN,ROAD,5,18.0
145271,1,2,130,5,5,80.0,0,N,MELB_URBAN,ROAD,5,18.0
145272,4,2,171,5,3,70.0,0,N,MELB_URBAN,ROAD,5,2.0
145273,2,2,99,5,3,50.0,0,N,MELB_URBAN,DRIVE,5,23.0
145274,4,1,99,2,3,80.0,0,I,RURAL_VICTORIA,ROAD,5,22.0
145275,4,3,99,5,3,50.0,0,N,LARGE_PROVINCIAL_CITIES,STREET,5,4.0
145276,1,2,110,1,2,80.0,0,I,MELB_URBAN,BOULEVARD,5,6.0
145277,4,3,171,5,2,80.0,0,N,RURAL_VICTORIA,ROAD,5,6.0
145278,1,3,130,5,1,50.0,0,N,MELB_URBAN,ROAD,5,7.0
145279,6,6,174,5,6,50.0,0,N,TOWNS,STREET,11,22.0
145280,8,1,184,2,1,60.0,0,I,RURAL_VICTORIA,ROAD,5,15.0
145281,1,3,160,5,1,50.0,0,N,SMALL_CITIES,AVENUE,5,8.0
145282,1,2,110,1,1,60.0,0,I,MELB_URBAN,BOULEVARD,5,9.0
145283,1,4,130,5,1,60.0,0,N,MELB_URBAN,ROAD,4,12.0
145284,1,3,147,5,1,60.0,0,N,MELB_URBAN,STREET,5,9.0
145285,1,3,160,5,1,50.0,0,N,MELB_URBAN,PARADE,5,8.0
145286,1,3,130,5,1,60.0,0,N,MELB_URBAN,FREEWAY,2,14.0
145287,1,3,130,5,9,80.0,0,N,MELB_URBAN,ROAD,2,3.0
145288,8,5,174,5,1,40.0,0,N,MELB_URBAN,ROAD,4,13.0
145289,1,3,147,5,1,50.0,0,N,MELB_URBAN,STREET,5,11.0
145290,1,6,130,2,1,60.0,0,N,MELB_URBAN,STREET,2,16.0
145291,1,2,130,5,3,60.0,0,N,LARGE_PROVINCIAL_CITIES,STREET,4,17.0
145292,1,5,132,2,3,80.0,0,I,RURAL_VICTORIA,ROAD,4,19.0
145293,1,3,160,5,1,60.0,0,N,MELB_URBAN,ROAD,5,12.0
145294,4,6,99,5,1,60.0,0,N,LARGE_PROVINCIAL_CITIES,STREET,4,9.0
145295,1,2,110,1,1,50.0,0,I,TOWNS,STREET,5,13.0
145296,1,2,113,1,1,80.0,0,N,RURAL_VICTORIA,ROAD,5,7.0
145297,1,3,110,1,1,50.0,0,I,SMALL_CITIES,STREET,5,8.0
145298,6,5,174,2,1,60.0,0,N,MELB_URBAN,ROAD,4,9.0
145299,1,3,99,5,1,60.0,0,N,MELB_URBAN,ROAD,5,8.0
145300,2,7,99,2,1,60.0,0,N,MELB_URBAN,STREET,4,13.0
145301,1,3,135,2,1,60.0,0,I,MELB_URBAN,ROAD,5,13.0
145302,1,6,110,1,1,60.0,0,I,MELB_URBAN,AVENUE,4,13.0
145303,2,3,100,1,1,40.0,0,I,MELB_URBAN,STREET,5,15.0
145304,3,6,167,5,5,100.0,0,N,RURAL_VICTORIA,RAMP,4,3.0
145305,8,1,174,5,1,60.0,0,N,RURAL_VICTORIA,ROAD,4,11.0
145306,1,3,120,5,1,100.0,0,N,RURAL_VICTORIA,HIGHWAY,5,9.0
145307,1,2,130,5,9,60.0,0,N,MELB_URBAN,ROAD,9,14.0
145308,1,1,163,5,6,60.0,0,N,MELB_URBAN,STREET,5,19.0
145309,1,3,130,5,1,50.0,0,N,MELB_URBAN,STREET,5,13.0
145310,6,3,174,2,3,40.0,0,N,MELB_URBAN,STREET,5,18.0
145311,1,3,130,5,3,80.0,0,N,MELB_URBAN,FREEWAY,5,18.0
145312,1,2,113,2,3,80.0,0,N,MELB_URBAN,ROAD,5,3.0
145313,1,7,113,2,1,60.0,0,I,MELB_URBAN,ROAD,2,11.0
145314,1,2,135,5,3,40.0,0,N,MELB_URBAN,FREEWAY,5,19.0
145315,1,3,121,2,3,40.0,0,I,MELB_URBAN,STREET,5,18.0
145316,1,2,110,1,3,80.0,0,I,MELB_URBAN,ROAD,5,22.0
145317,4,4,173,5,3,60.0,0,N,MELB_URBAN,ROAD,5,0.0
145318,1,2,134,5,5,80.0,0,N,MELB_URBAN,FREEWAY,5,22.0
145319,1,4,110,1,3,60.0,0,I,MELB_URBAN,PARADE,5,5.0
145320,1,2,130,5,1,100.0,0,N,MELB_URBAN,ROAD,5,9.0
145321,1,2,120,3,1,60.0,0,N,RURAL_VICTORIA,ROAD,5,12.0
145322,4,4,183,5,1,60.0,0,N,RURAL_VICTORIA,ROAD,5,9.0
145323,1,4,130,5,1,60.0,0,N,LARGE_PROVINCIAL_CITIES,STREET,5,8.0
145324,4,3,171,5,1,100.0,0,N,RURAL_VICTORIA,ROAD,5,8.0
145325,1,7,147,2,1,60.0,0,N,MELB_URBAN,ROAD,4,16.0
145326,1,4,133,5,2,80.0,0,N,MELB_URBAN,OTHER,5,6.0
145327,1,4,99,2,1,100.0,0,I,RURAL_VICTORIA,ROAD,5,8.0
145328,3,1,167,5,2,80.0,0,N,RURAL_VICTORIA,ROAD,3,6.0
145329,1,3,120,5,1,60.0,0,I,SMALL_CITIES,STREET,5,6.0
145330,1,3,130,5,1,60.0,0,N,LARGE_PROVINCIAL_CITIES,STREET,3,10.0
145331,6,6,174,5,3,70.0,0,N,MELB_URBAN,ROAD,4,18.0
145332,8,2,99,5,1,60.0,0,N,MELB_URBAN,ROAD,4,16.0
145333,4,4,173,5,1,80.0,0,N,RURAL_VICTORIA,HIGHWAY,5,13.0
145334,4,3,181,5,1,100.0,0,N,RURAL_VICTORIA,ROAD,5,12.0
145335,1,4,110,1,1,50.0,0,I,MELB_URBAN,STREET,5,11.0
145336,1,4,130,5,1,80.0,0,N,MELB_URBAN,ROAD,5,12.0
145337,1,4,116,1,1,60.0,0,I,MELB_URBAN,ROAD,5,9.0
145338,1,6,110,1,3,50.0,0,I,MELB_URBAN,STREET,4,19.0
145339,8,3,99,5,1,60.0,0,N,RURAL_VICTORIA,ROAD,5,11.0
145340,4,4,173,2,3,50.0,0,I,MELB_URBAN,STREET,4,22.0
145341,2,2,99,2,1,50.0,0,I,MELB_URBAN,DRIVE,5,16.0
145342,1,3,113,2,2,60.0,0,I,MELB_URBAN,ROAD,5,6.0
145343,1,4,163,5,1,50.0,0,N,MELB_URBAN,AVENUE,5,14.0
145344,1,4,134,5,1,80.0,0,N,MELB_URBAN,FREEWAY,5,13.0
145345,1,3,110,1,9,80.0,0,N,LARGE_PROVINCIAL_CITIES,ROAD,5,12.0
145346,1,4,121,1,1,60.0,0,I,SMALL_CITIES,STREET,5,10.0
145347,4,4,99,5,1,50.0,0,N,LARGE_PROVINCIAL_CITIES,STREET,5,17.0
145348,6,0,184,5,1,60.0,0,N,RURAL_VICTORIA,ROAD,5,16.0
145349,1,3,130,5,2,80.0,0,N,MELB_URBAN,HIGHWAY,5,17.0
145350,1,4,116,4,2,60.0,0,I,TOWNS,ROAD,5,17.0
145351,4,3,173,5,2,70.0,0,N,MELB_URBAN,ROAD,5,17.0
145352,4,3,171,5,2,100.0,0,N,RURAL_VICTORIA,ROAD,5,16.0
145353,1,4,113,2,3,60.0,0,I,MELB_URBAN,ROAD,5,18.0
145354,1,4,160,5,3,50.0,0,N,SMALL_CITIES,STREET,5,19.0
145355,1,4,99,2,1,60.0,0,I,MELB_URBAN,STREET,5,15.0
145356,1,3,113,2,2,60.0,0,I,MELB_URBAN,STREET,5,17.0
145357,1,3,130,2,1,60.0,0,I,MELB_URBAN,ROAD,5,15.0
145358,1,4,110,1,3,60.0,0,I,SMALL_CITIES,STREET,5,19.0
145359,1,3,130,5,3,80.0,0,N,MELB_URBAN,FREEWAY,5,18.0
145360,1,3,134,5,9,40.0,0,N,MELB_URBAN,ROAD,5,8.0
145361,1,3,121,1,3,60.0,0,I,RURAL_VICTORIA,BOULEVARD,5,19.0
145362,2,4,102,1,1,60.0,0,N,MELB_URBAN,ROAD,5,15.0
145363,1,4,121,1,1,70.0,0,N,MELB_URBAN,ROAD,5,6.0
145364,1,5,99,5,9,60.0,0,N,MELB_URBAN,STREET,5,6.0
145365,2,5,99,5,1,60.0,0,N,MELB_URBAN,ROAD,5,8.0
145366,1,4,121,1,1,60.0,0,I,TOWNS,ROAD,4,16.0
145367,1,1,130,5,1,50.0,0,N,MELB_URBAN,STREET,5,15.0
145368,2,5,100,5,1,70.0,0,N,LARGE_PROVINCIAL_CITIES,ROAD,5,7.0
145369,1,3,113,4,1,50.0,0,I,LARGE_PROVINCIAL_CITIES,STREET,4,17.0
145370,2,6,99,2,3,50.0,0,N,MELB_URBAN,AVENUE,1,21.0
145371,1,3,130,1,1,80.0,0,N,MELB_URBAN,ROAD,5,7.0
145372,1,5,110,1,1,50.0,0,I,MELB_URBAN,STREET,5,9.0
145373,1,3,99,5,1,60.0,0,N,MELB_URBAN,STREET,5,15.0
145374,1,4,99,5,1,100.0,0,N,RURAL_VICTORIA,ROAD,5,16.0
145375,1,5,110,1,1,100.0,0,I,RURAL_VICTORIA,ROAD,5,9.0
145376,1,5,147,5,1,70.0,0,N,MELB_URBAN,ROAD,5,10.0
145377,1,3,110,1,3,100.0,0,I,RURAL_VICTORIA,HIGHWAY,4,18.0
145378,1,3,130,5,3,80.0,0,N,RURAL_VICTORIA,STREET,5,17.0
145379,1,4,130,5,1,80.0,0,N,RURAL_VICTORIA,HIGHWAY,5,9.0
145380,1,4,134,5,1,80.0,0,N,MELB_URBAN,FREEWAY,5,12.0
145381,8,0,99,5,1,70.0,0,N,SMALL_TOWNS,ROAD,4,14.0
145382,1,3,130,5,2,60.0,0,N,LARGE_PROVINCIAL_CITIES,ROAD,5,18.0
145383,1,4,120,5,1,80.0,0,N,RURAL_VICTORIA,ROAD,5,12.0
145384,4,5,171,5,1,80.0,0,N,MELB_URBAN,HIGHWAY,5,9.0
145385,1,5,121,5,5,70.0,0,N,SMALL_CITIES,STREET,5,6.0
145386,6,5,99,5,1,60.0,0,N,RURAL_VICTORIA,ROAD,5,11.0
145387,1,1,133,5,1,60.0,0,N,RURAL_VICTORIA,ROAD,5,14.0
145388,1,4,99,5,1,40.0,0,N,MELB_URBAN,ROAD,4,9.0
145389,1,5,113,2,1,100.0,0,N,RURAL_VICTORIA,ROAD,5,10.0
145390,4,3,173,5,3,60.0,0,N,MELB_URBAN,HIGHWAY,5,18.0
145391,1,5,130,5,1,80.0,0,N,MELB_URBAN,UNKNOWN,5,8.0
145392,4,4,171,2,1,100.0,0,I,RURAL_VICTORIA,ROAD,5,14.0
145393,1,4,130,5,1,60.0,0,N,LARGE_PROVINCIAL_CITIES,STREET,5,15.0
145394,2,5,99,5,1,40.0,0,N,LARGE_PROVINCIAL_CITIES,STREET,5,16.0
145395,1,4,121,1,1,70.0,0,I,MELB_URBAN,ROAD,5,14.0
145396,2,7,100,5,3,50.0,0,N,MELB_URBAN,STREET,4,21.0
145397,1,5,130,1,1,60.0,0,I,MELB_URBAN,STREET,5,15.0
145398,2,4,99,5,1,60.0,0,N,MELB_URBAN,ROAD,5,16.0
145399,1,2,99,2,3,70.0,0,I,MELB_URBAN,HIGHWAY,4,17.0
145400,1,5,113,1,2,70.0,0,I,MELB_URBAN,ROAD,5,17.0
145401,2,5,100,5,1,40.0,0,N,LARGE_PROVINCIAL_CITIES,STREET,5,15.0
145402,1,4,130,1,1,80.0,0,I,RURAL_VICTORIA,ROAD,5,15.0
145403,1,4,99,1,1,60.0,0,I,MELB_URBAN,STREET,5,16.0
145404,2,4,102,2,3,50.0,0,I,MELB_URBAN,ROAD,5,17.0
145405,1,3,130,5,9,60.0,0,N,LARGE_PROVINCIAL_CITIES,STREET,5,18.0
145406,2,5,102,2,1,60.0,0,N,MELB_URBAN,STREET,5,16.0
145407,1,6,130,1,1,60.0,0,N,MELB_URBAN,ROAD,4,16.0
145408,1,5,132,5,1,60.0,0,N,MELB_URBAN,HIGHWAY,3,10.0
145409,1,5,121,1,3,60.0,0,I,LARGE_PROVINCIAL_CITIES,OTHER,5,21.0
145410,4,5,181,2,2,100.0,1,I,RURAL_VICTORIA,ROAD,5,17.0
145411,1,4,121,4,3,80.0,0,I,MELB_URBAN,ROAD,5,22.0
145412,1,5,99,5,3,50.0,1,N,MELB_URBAN,AVENUE,5,19.0
145413,5,5,173,5,3,50.0,0,N,MELB_URBAN,AVENUE,5,5.0
145414,4,5,171,5,3,60.0,0,N,MELB_URBAN,ROAD,5,22.0
145415,4,5,171,5,3,80.0,0,N,MELB_URBAN,ROAD,5,23.0
145416,1,6,99,2,6,60.0,0,I,MELB_URBAN,ROAD,4,19.0
145417,1,3,130,5,1,60.0,0,N,LARGE_PROVINCIAL_CITIES,DRIVE,5,16.0
145418,8,5,170,2,1,50.0,0,I,SMALL_CITIES,DRIVE,5,10.0
145419,1,2,110,1,1,60.0,0,I,RURAL_VICTORIA,BOULEVARD,3,7.0
145420,1,5,147,5,1,60.0,0,I,MELB_URBAN,UNKNOWN,5,8.0
145421,1,5,110,1,1,60.0,0,I,LARGE_PROVINCIAL_CITIES,STREET,5,8.0
145422,1,5,113,2,1,60.0,0,I,MELB_URBAN,ROAD,3,10.0
145423,4,6,173,1,1,70.0,0,I,MELB_URBAN,ROAD,5,7.0
145424,1,5,130,1,6,50.0,0,N,MELB_URBAN,OTHER,4,21.0
145425,1,0,130,2,3,60.0,0,N,MELB_URBAN,STREET,5,18.0
145426,1,5,99,1,1,60.0,0,I,MELB_URBAN,ROAD,5,7.0
145427,1,4,110,1,1,60.0,0,I,MELB_URBAN,STREET,5,8.0
145428,1,1,130,1,2,80.0,0,N,MELB_URBAN,ROAD,5,7.0
145429,1,6,130,5,1,100.0,0,N,MELB_URBAN,FREEWAY,5,11.0
145430,1,6,121,1,1,60.0,0,I,LARGE_PROVINCIAL_CITIES,ROAD,5,10.0
145431,1,6,135,5,1,80.0,0,N,MELB_URBAN,RAMP,5,13.0
145432,1,4,99,2,1,60.0,0,I,SMALL_CITIES,AVENUE,5,10.0
145433,1,0,130,2,1,60.0,0,N,MELB_URBAN,ROAD,4,14.0
145434,1,6,130,5,1,60.0,0,N,MELB_URBAN,STREET,5,11.0
145435,1,5,113,2,1,80.0,0,I,RURAL_VICTORIA,ROAD,5,9.0
145436,1,3,121,2,1,60.0,0,I,LARGE_PROVINCIAL_CITIES,ROAD,3,15.0
145437,1,6,130,5,1,60.0,0,N,MELB_URBAN,ROAD,5,14.0
145438,1,4,130,5,1,60.0,0,N,MELB_URBAN,ROAD,5,8.0
145439,1,6,160,5,1,60.0,0,N,MELB_URBAN,ROAD,5,13.0
145440,1,6,116,2,1,40.0,0,I,MELB_URBAN,STREET,5,13.0
145441,1,6,134,5,1,70.0,0,N,MELB_URBAN,ROAD,5,15.0
145442,1,6,111,2,1,50.0,0,I,RURAL_VICTORIA,OTHER,5,16.0
145443,1,6,134,5,1,80.0,0,N,MELB_URBAN,FREEWAY,5,10.0
145444,1,5,134,2,3,60.0,0,N,MELB_URBAN,PARADE,5,22.0
145445,1,5,130,5,1,70.0,0,N,MELB_URBAN,ROAD,5,16.0
145446,1,5,163,5,3,60.0,0,N,MELB_URBAN,STREET,5,6.0
145447,1,5,130,5,1,60.0,0,N,RURAL_VICTORIA,OTHER,5,15.0
145448,1,6,130,5,1,70.0,0,N,MELB_URBAN,ROAD,5,15.0
145449,1,6,140,5,1,50.0,0,N,MELB_URBAN,STREET,9,13.0
145450,1,5,121,1,3,80.0,0,N,MELB_URBAN,HIGHWAY,5,18.0
145451,1,6,110,1,3,70.0,0,N,MELB_URBAN,ROAD,5,19.0
145452,1,5,120,5,3,80.0,0,N,MELB_URBAN,ROAD,4,18.0
145453,2,3,102,2,2,50.0,0,N,MELB_URBAN,STREET,5,18.0
145454,1,6,130,5,5,80.0,0,N,MELB_URBAN,ROAD,5,20.0
145455,1,5,110,1,1,60.0,0,I,MELB_URBAN,STREET,5,14.0
145456,6,6,174,5,5,100.0,0,N,RURAL_VICTORIA,ROAD,5,19.0
145457,4,5,171,5,3,60.0,0,N,MELB_URBAN,ROAD,5,20.0
145458,1,5,121,1,3,50.0,0,I,RURAL_VICTORIA,ROAD,5,19.0
145459,1,3,130,2,2,60.0,0,I,MELB_URBAN,PARADE,5,17.0
145460,1,6,130,5,5,80.0,0,N,MELB_URBAN,RAMP,5,19.0
145461,1,4,130,5,4,40.0,0,N,MELB_URBAN,FREEWAY,5,23.0
145462,1,5,160,5,3,60.0,0,I,MELB_URBAN,ROAD,5,20.0
145463,1,6,173,1,1,60.0,0,N,LARGE_PROVINCIAL_CITIES,HIGHWAY,5,14.0
145464,4,6,171,5,3,50.0,0,N,LARGE_PROVINCIAL_CITIES,AVENUE,5,22.0
145465,1,6,160,5,3,50.0,0,N,RURAL_VICTORIA,BOULEVARD,5,22.0
145466,1,5,135,5,1,100.0,0,N,MELB_URBAN,FREEWAY,3,15.0
145467,4,7,173,5,6,60.0,0,N,LARGE_PROVINCIAL_CITIES,AVENUE,5,1.0
145468,1,0,130,4,1,60.0,0,N,LARGE_PROVINCIAL_CITIES,STREET,3,13.0
145469,1,5,121,1,3,60.0,0,I,MELB_URBAN,ROAD,5,18.0
145470,1,4,130,5,4,60.0,0,N,MELB_URBAN,ROAD,5,19.0
145471,1,6,121,4,1,60.0,0,I,MELB_URBAN,RAMP,5,10.0
145472,2,6,99,5,1,40.0,0,N,MELB_URBAN,OTHER,5,9.0
145473,8,7,170,5,1,60.0,0,N,MELB_URBAN,STREET,5,8.0
145474,8,1,174,5,1,60.0,0,N,RURAL_VICTORIA,ROAD,4,10.0
145475,1,5,130,5,2,60.0,0,N,TOWNS,ROAD,5,16.0
145476,1,7,130,5,1,60.0,0,N,MELB_URBAN,ROAD,5,12.0
145477,4,7,173,5,1,40.0,0,N,MELB_URBAN,FREEWAY,5,12.0
145478,1,7,110,1,1,60.0,0,N,LARGE_PROVINCIAL_CITIES,STREET,5,10.0
145479,1,7,160,5,1,50.0,0,N,MELB_URBAN,STREET,5,12.0
145480,4,7,171,5,5,100.0,0,N,RURAL_VICTORIA,ROAD,5,2.0
145481,2,6,100,5,1,50.0,0,I,MELB_URBAN,OTHER,5,13.0
145482,1,6,120,5,1,60.0,0,N,MELB_URBAN,ROAD,5,10.0
145483,1,6,99,5,1,60.0,0,N,MELB_URBAN,ROAD,4,11.0
145484,1,7,130,1,1,60.0,0,N,MELB_URBAN,ROAD,5,16.0
145485,4,7,171,5,1,80.0,0,N,RURAL_VICTORIA,ROAD,5,15.0
145486,1,6,121,4,3,70.0,0,I,MELB_URBAN,ROAD,5,18.0
145487,1,7,121,4,3,80.0,0,I,MELB_URBAN,ROAD,5,18.0
145488,1,7,99,5,3,50.0,0,N,MELB_URBAN,STREET,5,18.0
145489,1,6,121,5,3,60.0,0,N,RURAL_VICTORIA,ROAD,5,21.0
145490,2,6,102,1,3,50.0,0,N,MELB_URBAN,STREET,5,21.0
145491,1,4,130,5,1,60.0,0,N,MELB_URBAN,ROAD,4,17.0
145492,4,7,173,2,3,60.0,0,I,RURAL_VICTORIA,ROAD,5,19.0
145493,1,7,121,1,3,60.0,0,I,LARGE_PROVINCIAL_CITIES,STREET,5,23.0
145494,1,7,110,1,3,60.0,0,I,MELB_URBAN,STREET,5,23.0
145495,2,1,100,1,5,60.0,0,I,MELB_URBAN,ROAD,5,0.0
145496,1,0,130,1,1,60.0,0,N,SMALL_CITIES,STREET,4,15.0
145497,1,5,130,1,1,60.0,0,I,MELB_URBAN,ROAD,5,13.0
145498,2,1,100,5,5,60.0,0,N,MELB_URBAN,ROAD,5,4.0
145499,8,7,170,5,1,100.0,0,N,RURAL_VICTORIA,ROAD,5,12.0
145500,4,7,171,2,3,50.0,0,I,SMALL_CITIES,STREET,5,19.0
145501,1,6,121,1,2,40.0,0,I,MELB_URBAN,STREET,5,17.0
145502,4,1,181,5,3,80.0,0,N,LARGE_PROVINCIAL_CITIES,ROAD,5,4.0
145503,1,2,110,1,3,50.0,0,I,MELB_URBAN,ROAD,4,20.0
145504,4,0,181,5,1,80.0,0,N,RURAL_VICTORIA,ROAD,5,10.0
145505,6,1,99,5,1,80.0,0,N,RURAL_VICTORIA,ROAD,5,10.0
145506,1,1,130,5,1,60.0,0,N,MELB_URBAN,ROAD,5,11.0
145507,1,1,116,2,1,70.0,0,I,MELB_URBAN,ROAD,5,12.0
145508,1,0,110,1,1,50.0,0,I,TOWNS,STREET,5,9.0
145509,1,5,120,2,3,60.0,0,I,MELB_URBAN,ROAD,4,19.0
145510,6,0,99,5,1,100.0,0,N,RURAL_VICTORIA,STREET,5,12.0
145511,2,5,100,2,3,50.0,0,I,SMALL_CITIES,STREET,5,18.0
145512,4,1,171,5,1,80.0,0,N,MELB_URBAN,RAMP,5,11.0
145513,1,1,110,1,1,100.0,0,I,RURAL_VICTORIA,ROAD,5,14.0
145514,5,1,99,5,1,50.0,0,N,LARGE_PROVINCIAL_CITIES,STREET,4,14.0
145515,5,1,99,5,1,100.0,0,N,RURAL_VICTORIA,ROAD,5,14.0
145516,4,0,181,5,1,60.0,0,N,RURAL_VICTORIA,ROAD,5,16.0
145517,1,1,110,1,3,60.0,0,I,MELB_URBAN,ROAD,5,17.0
145518,1,1,130,5,5,60.0,0,N,MELB_URBAN,FREEWAY,5,17.0
145519,1,0,147,5,1,80.0,0,N,MELB_URBAN,ROAD,5,13.0
145520,1,0,130,5,1,80.0,0,N,MELB_URBAN,FREEWAY,5,17.0
145521,1,1,110,1,3,40.0,0,I,MELB_URBAN,STREET,5,18.0
145522,1,1,130,2,3,60.0,0,I,MELB_URBAN,ROAD,5,18.0
145523,1,1,130,5,3,80.0,0,N,MELB_URBAN,ROAD,5,18.0
145524,4,1,171,5,1,60.0,0,N,MELB_URBAN,ROAD,5,14.0
145525,4,1,171,5,3,60.0,0,N,MELB_URBAN,ROAD,5,19.0
145526,1,0,99,1,2,40.0,0,N,MELB_URBAN,AVENUE,5,18.0
145527,1,1,133,5,3,60.0,0,N,MELB_URBAN,ROAD,5,17.0
145528,5,7,99,5,9,60.0,0,N,MELB_URBAN,DRIVE,4,16.0
145529,1,1,110,1,3,50.0,0,I,MELB_URBAN,ROAD,5,21.0
145530,4,1,173,5,5,100.0,0,N,RURAL_VICTORIA,HIGHWAY,5,23.0
145531,8,2,99,1,3,50.0,0,I,MELB_URBAN,STREET,5,0.0
145532,1,1,121,5,3,80.0,0,N,MELB_URBAN,ROAD,5,5.0
145533,4,2,183,5,5,80.0,0,N,RURAL_VICTORIA,ROAD,5,3.0
145534,2,1,102,1,1,70.0,0,I,MELB_URBAN,ROAD,5,7.0
145535,2,1,100,5,1,60.0,0,N,MELB_URBAN,ROAD,5,11.0
145536,1,6,130,5,1,60.0,0,N,MELB_URBAN,RAMP,5,8.0
145537,1,2,130,5,1,60.0,0,N,SMALL_CITIES,ROAD,5,9.0
145538,1,1,113,1,1,60.0,0,I,MELB_URBAN,ROAD,5,9.0
145539,1,2,110,1,1,60.0,0,I,RURAL_VICTORIA,ROAD,5,9.0
145540,1,2,116,2,1,80.0,0,I,RURAL_VICTORIA,ROAD,5,8.0
145541,1,2,110,4,1,110.0,0,I,RURAL_VICTORIA,FREEWAY,5,10.0
145542,1,1,130,5,1,100.0,0,N,RURAL_VICTORIA,ROAD,5,8.0
145543,2,2,100,5,1,60.0,0,N,SMALL_CITIES,STREET,5,9.0
145544,1,2,130,2,1,60.0,0,N,MELB_URBAN,ROAD,4,16.0
145545,5,1,99,5,1,60.0,0,N,RURAL_VICTORIA,ROAD,5,14.0
145546,1,2,130,5,1,60.0,0,N,MELB_URBAN,STREET,5,10.0
145547,1,5,140,5,1,60.0,0,N,MELB_URBAN,ROAD,5,16.0
145548,4,1,173,5,1,100.0,0,N,RURAL_VICTORIA,ROAD,5,8.0
145549,1,2,147,5,6,60.0,0,N,MELB_URBAN,STREET,5,6.0
145550,1,0,130,5,1,60.0,0,N,MELB_URBAN,ROAD,5,12.0
145551,4,5,171,5,1,80.0,0,N,RURAL_VICTORIA,ROAD,5,9.0
145552,1,2,130,5,9,60.0,0,N,MELB_URBAN,STREET,4,15.0
145553,1,2,130,5,1,60.0,0,N,LARGE_PROVINCIAL_CITIES,AVENUE,5,12.0
145554,1,5,140,1,3,80.0,0,I,MELB_URBAN,HIGHWAY,4,19.0
145555,1,5,147,2,1,60.0,0,I,MELB_URBAN,STREET,5,7.0
145556,8,2,174,5,1,80.0,0,N,SMALL_CITIES,ROAD,5,13.0
145557,1,3,130,1,1,60.0,0,I,MELB_URBAN,ROAD,3,17.0
145558,1,2,121,2,1,50.0,0,I,MELB_URBAN,STREET,5,12.0
145559,4,2,99,2,9,60.0,0,N,MELB_URBAN,DRIVE,5,9.0
145560,6,1,184,5,1,60.0,0,N,RURAL_VICTORIA,ROAD,5,13.0
145561,1,2,121,2,1,80.0,0,I,MELB_URBAN,ROAD,5,14.0
145562,6,3,184,5,1,100.0,0,N,RURAL_VICTORIA,OTHER,4,16.0
145563,1,1,130,5,1,80.0,0,N,MELB_URBAN,ROAD,5,15.0
145564,4,2,183,5,1,60.0,0,N,MELB_URBAN,PARADE,5,14.0
145565,1,2,121,2,1,60.0,0,I,LARGE_PROVINCIAL_CITIES,ROAD,5,16.0
145566,2,2,102,1,3,80.0,0,N,MELB_URBAN,ROAD,5,17.0
145567,1,2,130,5,1,60.0,0,N,MELB_URBAN,STREET,5,18.0
145568,1,2,120,5,1,80.0,0,N,RURAL_VICTORIA,ROAD,5,16.0
145569,1,2,130,2,1,60.0,0,I,MELB_URBAN,AVENUE,5,14.0
145570,1,0,121,1,1,80.0,0,I,SMALL_CITIES,STREET,4,10.0
145571,1,2,133,5,1,70.0,0,N,MELB_URBAN,STREET,5,15.0
145572,1,2,130,1,3,60.0,0,I,LARGE_PROVINCIAL_CITIES,STREET,5,19.0
145573,1,2,110,1,1,60.0,0,I,SMALL_CITIES,STREET,5,15.0
145574,1,2,99,5,6,50.0,0,N,MELB_URBAN,ROAD,5,18.0
145575,1,7,163,5,1,40.0,0,N,MELB_URBAN,ROAD,5,13.0
145576,1,2,120,5,3,60.0,0,N,LARGE_PROVINCIAL_CITIES,STREET,5,20.0
145577,8,3,99,5,1,80.0,0,N,RURAL_VICTORIA,ROAD,5,14.0
145578,1,2,120,2,1,40.0,0,I,MELB_URBAN,STREET,5,14.0
145579,1,2,133,5,1,80.0,0,N,MELB_URBAN,FREEWAY,4,9.0
145580,1,3,113,2,3,50.0,0,I,MELB_URBAN,ROAD,5,6.0
145581,1,2,130,2,1,80.0,0,N,MELB_URBAN,HIGHWAY,4,13.0
145582,1,3,99,2,1,60.0,0,I,MELB_URBAN,ROAD,5,6.0
145583,1,6,130,1,9,60.0,0,I,MELB_URBAN,ROAD,5,19.0
145584,1,2,130,5,1,100.0,0,N,MELB_URBAN,ROAD,5,7.0