,accident_type,day_of_week,dca_code,road_geometry,light_condition,speed_zone,severity,node_type,deg_urban_name,road_type,month,hour
145585,1,2,110,1,1,50.0,0,I,MELB_URBAN,OTHER,5,8.0
145586,1,3,111,2,1,80.0,0,I,MELB_URBAN,HIGHWAY,5,10.0
145587,1,1,130,5,5,100.0,0,N,MELB_URBAN,RAMP,5,21.0
145588,7,2,99,1,1,50.0,0,N,SMALL_TOWNS,ROAD,5,10.0
145589,1,5,130,4,3,80.0,0,N,MELB_URBAN,ROAD,4,4.0
145590,1,1,130,5,1,60.0,0,N,MELB_URBAN,ROAD,5,13.0
145591,1,3,147,2,1,60.0,0,I,MELB_URBAN,STREET,5,11.0
145592,1,3,171,5,1,60.0,0,I,MELB_URBAN,PARADE,5,10.0
145593,1,3,99,1,1,60.0,0,I,LARGE_PROVINCIAL_CITIES,STREET,4,15.0
145594,1,3,121,5,1,60.0,0,N,MELB_URBAN,ROAD,5,11.0
145595,2,1,100,5,1,40.0,0,N,MELB_URBAN,STREET,5,15.0
145596,1,6,160,5,1,60.0,0,N,MELB_URBAN,ROAD,4,10.0
145597,1,3,99,5,1,50.0,0,N,MELB_URBAN,OTHER,5,9.0
145598,1,2,130,2,1,60.0,0,I,RURAL_VICTORIA,HIGHWAY,5,9.0
145599,1,3,113,2,1,60.0,0,I,MELB_URBAN,HIGHWAY,5,12.0
145600,1,2,110,1,1,50.0,0,I,MELB_URBAN,AVENUE,5,10.0
145601,2,3,102,1,1,60.0,0,N,LARGE_PROVINCIAL_CITIES,STREET,5,13.0
145602,1,6,110,1,1,60.0,0,N,MELB_URBAN,ROAD,5,17.0
145603,7,5,99,5,6,40.0,0,N,MELB_URBAN,ROAD,8,22.0
145604,1,3,113,1,1,60.0,0,I,MELB_URBAN,STREET,5,13.0
145605,8,5,99,5,1,60.0,0,N,MELB_URBAN,AVENUE,5,16.0
145606,4,3,173,5,1,100.0,0,N,RURAL_VICTORIA,ROAD,5,14.0
145607,1,3,147,5,1,40.0,0,N,SMALL_TOWNS,ROAD,5,15.0
145608,1,1,130,4,1,60.0,0,I,MELB_URBAN,STREET,5,9.0
145609,1,5,160,5,1,50.0,0,N,SMALL_CITIES,STREET,4,9.0
145610,2,3,100,5,1,60.0,0,N,MELB_URBAN,ROAD,5,15.0
145611,4,3,173,5,1,60.0,0,N,RURAL_VICTORIA,ROAD,5,16.0
145612,1,3,99,5,1,50.0,0,N,LARGE_PROVINCIAL_CITIES,STREET,5,17.0
145613,1,3,132,2,1,80.0,0,I,RURAL_VICTORIA,ROAD,5,14.0
145614,4,2,171,5,1,80.0,0,N,MELB_URBAN,HIGHWAY,5,16.0
145615,1,3,135,5,1,80.0,0,N,MELB_URBAN,HIGHWAY,5,15.0
145616,2,3,99,1,1,50.0,0,N,MELB_URBAN,STREET,5,16.0
145617,1,2,110,1,3,50.0,0,I,LARGE_PROVINCIAL_CITIES,STREET,5,18.0
145618,6,5,184,5,1,100.0,0,N,RURAL_VICTORIA,ROAD,4,11.0
145619,1,3,113,2,5,100.0,0,I,RURAL_VICTORIA,HIGHWAY,5,17.0
145620,1,3,130,5,1,80.0,0,N,MELB_URBAN,ROAD,5,16.0
145621,1,2,113,2,2,60.0,0,I,RURAL_VICTORIA,ROAD,5,17.0
145622,1,3,113,2,2,60.0,0,I,MELB_URBAN,AVENUE,5,17.0
145623,1,2,140,5,3,60.0,0,N,MELB_URBAN,ROAD,5,19.0
145624,1,3,121,2,3,60.0,0,I,MELB_URBAN,ROAD,5,18.0
145625,1,4,130,2,6,60.0,0,I,MELB_URBAN,STREET,5,18.0
145626,2,3,100,5,3,60.0,0,N,MELB_URBAN,STREET,5,20.0
145627,1,3,130,5,1,70.0,0,N,MELB_URBAN,ROAD,5,16.0
145628,2,3,100,5,4,60.0,0,N,MELB_URBAN,ROAD,5,20.0
145629,7,0,99,5,9,50.0,0,N,MELB_URBAN,ROAD,4,12.0
145630,1,3,121,1,3,60.0,0,I,MELB_URBAN,ROAD,5,18.0
145631,1,2,110,1,3,80.0,0,N,MELB_URBAN,HIGHWAY,5,22.0
145632,1,3,121,2,3,70.0,0,I,LARGE_PROVINCIAL_CITIES,STREET,5,22.0
145633,1,2,110,1,3,60.0,0,I,SMALL_CITIES,STREET,5,23.0
145634,1,4,160,5,3,50.0,0,N,MELB_URBAN,STREET,5,1.0
145635,4,4,181,5,3,70.0,0,N,MELB_URBAN,OTHER,5,1.0
145636,2,4,100,2,2,60.0,0,I,MELB_URBAN,ROAD,5,7.0
145637,1,3,110,1,1,50.0,0,I,MELB_URBAN,AVENUE,5,7.0
145638,1,4,110,1,1,40.0,0,I,MELB_URBAN,OTHER,6,12.0
145639,1,4,121,2,1,60.0,0,I,MELB_URBAN,ROAD,5,7.0
145640,1,3,130,5,2,80.0,0,N,MELB_URBAN,ROAD,5,6.0
145641,1,2,130,1,2,60.0,0,N,MELB_URBAN,ROAD,4,17.0
145642,1,6,130,2,1,60.0,0,N,LARGE_PROVINCIAL_CITIES,ROAD,5,12.0
145643,2,2,99,5,9,60.0,0,N,MELB_URBAN,STREET,5,13.0
145644,1,6,99,5,1,60.0,0,N,MELB_URBAN,BOULEVARD,5,17.0
145645,1,4,116,2,1,50.0,0,I,SMALL_CITIES,STREET,5,10.0
145646,8,7,174,5,1,60.0,0,N,SMALL_TOWNS,ROAD,3,13.0
145647,1,3,120,5,1,40.0,0,N,MELB_URBAN,OTHER,5,8.0
145648,1,4,121,2,1,40.0,0,I,MELB_URBAN,STREET,5,12.0
145649,1,4,99,1,1,60.0,0,I,MELB_URBAN,ROAD,5,12.0
145650,1,4,99,4,1,50.0,0,I,MELB_URBAN,STREET,5,7.0
145651,1,3,130,5,1,60.0,0,N,SMALL_CITIES,HIGHWAY,3,15.0
145652,8,3,174,5,9,60.0,0,N,MELB_URBAN,STREET,5,12.0
145653,1,1,121,1,3,70.0,0,I,MELB_URBAN,ROAD,5,20.0
145654,8,4,99,5,1,100.0,0,N,RURAL_VICTORIA,ROAD,5,12.0
145655,1,4,113,4,1,60.0,0,I,TOWNS,ROAD,5,15.0
145656,1,3,130,5,1,100.0,0,N,MELB_URBAN,ROAD,5,12.0
145657,1,4,121,2,1,70.0,0,I,MELB_URBAN,ROAD,5,13.0
145658,3,5,167,5,9,80.0,0,N,MELB_URBAN,HIGHWAY,5,15.0
145659,4,2,171,5,1,100.0,0,N,RURAL_VICTORIA,ROAD,5,13.0
145660,1,4,163,5,1,100.0,1,N,RURAL_VICTORIA,ROAD,5,12.0
145661,1,4,110,1,1,60.0,0,I,LARGE_PROVINCIAL_CITIES,STREET,5,16.0
145662,1,4,116,1,1,80.0,0,I,MELB_URBAN,ROAD,5,16.0
145663,1,3,140,2,1,80.0,0,I,MELB_URBAN,HIGHWAY,5,16.0
145664,1,4,99,5,1,40.0,0,N,MELB_URBAN,ROAD,5,13.0
145665,1,1,130,5,2,80.0,0,N,MELB_URBAN,FREEWAY,5,7.0
145666,1,4,130,5,1,50.0,0,N,MELB_URBAN,STREET,3,15.0
145667,4,4,99,5,1,60.0,0,N,MELB_URBAN,STREET,5,15.0
145668,1,4,130,1,3,60.0,0,N,SMALL_CITIES,ROAD,5,18.0
145669,1,1,130,4,1,60.0,0,N,MELB_URBAN,DRIVE,5,13.0
145670,1,4,147,5,5,100.0,0,N,RURAL_VICTORIA,ROAD,5,17.0
145671,1,3,130,5,3,60.0,0,N,MELB_URBAN,ROAD,5,18.0
145672,2,4,100,2,9,60.0,0,N,LARGE_PROVINCIAL_CITIES,ROAD,5,16.0
145673,1,4,130,5,5,110.0,0,N,RURAL_VICTORIA,FREEWAY,5,19.0
145674,1,4,121,1,1,60.0,0,I,MELB_URBAN,HIGHWAY,5,17.0
145675,1,4,132,1,2,80.0,1,N,RURAL_VICTORIA,ROAD,5,17.0
145676,1,3,130,5,3,60.0,0,N,MELB_URBAN,PARADE,5,22.0
145677,1,4,121,1,3,60.0,0,I,RURAL_VICTORIA,ROAD,5,18.0
145678,8,3,99,5,3,80.0,0,N,MELB_URBAN,ROAD,5,20.0
145679,1,1,120,2,3,60.0,0,I,MELB_URBAN,STREET,3,18.0
145680,4,5,181,2,3,50.0,0,I,MELB_URBAN,DRIVE,5,0.0
145681,4,3,99,2,5,80.0,0,I,RURAL_VICTORIA,ROAD,5,23.0
145682,1,5,160,5,3,40.0,0,N,MELB_URBAN,ROAD,5,0.0
145683,4,5,173,1,3,60.0,0,I,MELB_URBAN,ROAD,5,5.0
145684,1,4,130,5,3,100.0,0,N,MELB_URBAN,FREEWAY,5,6.0
145685,1,0,130,5,1,80.0,0,N,MELB_URBAN,ROAD,4,16.0
145686,1,4,121,1,3,80.0,0,I,MELB_URBAN,ROAD,5,6.0
145687,1,5,110,1,1,60.0,0,I,SMALL_CITIES,STREET,5,9.0
145688,1,5,110,1,1,50.0,0,I,SMALL_CITIES,STREET,5,8.0
145689,1,1,163,5,9,50.0,0,N,MELBOURNE_CBD,STREET,5,17.0
145690,1,4,113,2,1,60.0,0,N,MELB_URBAN,STREET,5,12.0
145691,8,3,174,5,1,100.0,0,N,RURAL_VICTORIA,ROAD,4,12.0
145692,1,5,147,5,1,50.0,0,N,MELB_URBAN,STREET,5,9.0
145693,1,4,110,4,1,50.0,0,I,LARGE_PROVINCIAL_CITIES,STREET,5,12.0
145694,1,1,130,1,9,40.0,0,I,MELB_URBAN,STREET,5,9.0
145695,1,6,121,4,3,60.0,0,I,MELB_URBAN,ROAD,5,21.0
145696,1,4,130,5,1,60.0,0,N,LARGE_PROVINCIAL_CITIES,ROAD,5,8.0
145697,2,6,100,1,3,50.0,0,I,MELB_URBAN,STREET,4,20.0
145698,1,3,130,5,3,60.0,0,N,MELB_URBAN,ROAD,4,17.0
145699,6,5,170,5,1,100.0,0,N,RURAL_VICTORIA,ROAD,5,14.0
145700,1,4,130,2,3,40.0,0,I,MELB_URBAN,STREET,5,17.0
145701,1,3,134,5,1,100.0,0,N,MELB_URBAN,ROAD,5,20.0
145702,2,4,99,5,5,60.0,0,N,SMALL_CITIES,ROAD,5,18.0
145703,1,5,120,5,2,50.0,0,N,MELB_URBAN,ROAD,5,16.0
145704,1,5,121,2,5,70.0,0,I,RURAL_VICTORIA,ROAD,5,18.0
145705,1,6,99,4,3,80.0,0,N,MELB_URBAN,RAMP,4,18.0
145706,1,6,99,2,1,80.0,0,I,RURAL_VICTORIA,ROAD,5,8.0
145707,2,5,100,5,3,40.0,0,N,MELB_URBAN,ROAD,5,19.0
145708,1,5,130,1,1,100.0,0,I,RURAL_VICTORIA,ROAD,5,16.0
145709,1,4,121,2,3,80.0,0,I,RURAL_VICTORIA,ROAD,5,19.0
145710,2,5,99,5,3,40.0,0,N,MELB_URBAN,STREET,5,18.0
145711,1,5,130,5,3,60.0,0,N,MELB_URBAN,ROAD,5,18.0
145712,2,4,99,2,3,60.0,0,N,LARGE_PROVINCIAL_CITIES,STREET,5,20.0
145713,1,5,121,2,3,70.0,0,I,MELB_URBAN,ROAD,5,21.0
145714,4,5,181,5,5,60.0,0,N,TOWNS,HIGHWAY,5,22.0
145715,1,5,113,2,1,70.0,0,I,MELB_URBAN,ROAD,5,15.0
145716,1,4,110,1,1,40.0,0,I,MELB_URBAN,STREET,5,9.0
145717,1,5,110,1,3,70.0,0,I,MELB_URBAN,DRIVE,5,0.0
145718,6,4,170,5,1,100.0,0,N,RURAL_VICTORIA,ROAD,3,13.0
145719,1,6,110,1,1,60.0,0,I,MELB_URBAN,ROAD,4,12.0
145720,1,6,121,5,1,60.0,0,N,MELB_URBAN,STREET,5,9.0
145721,1,5,130,4,1,80.0,0,N,MELB_URBAN,ROAD,5,7.0
145722,2,6,100,1,1,60.0,0,I,MELB_URBAN,ROAD,5,9.0
145723,6,5,174,5,3,60.0,0,N,MELB_URBAN,STREET,5,6.0
145724,1,5,135,5,3,80.0,0,N,SMALL_CITIES,HIGHWAY,4,18.0
145725,1,5,130,5,1,60.0,0,N,MELB_URBAN,ROAD,5,8.0
145726,1,6,113,2,1,50.0,0,I,SMALL_CITIES,STREET,5,10.0
145727,1,6,99,2,1,40.0,0,I,MELB_URBAN,ROAD,5,8.0
145728,4,6,99,2,2,40.0,0,N,MELB_URBAN,STREET,5,7.0
145729,2,5,100,1,1,80.0,0,I,MELB_URBAN,HIGHWAY,5,11.0
145730,1,5,116,1,1,60.0,0,I,MELB_URBAN,OTHER,4,8.0
145731,1,5,110,1,1,50.0,0,I,MELB_URBAN,ROAD,5,13.0
145732,2,3,99,5,1,60.0,0,N,MELB_URBAN,STREET,5,10.0
145733,1,6,130,5,1,80.0,0,N,MELB_URBAN,UNKNOWN,5,8.0
145734,4,6,173,5,1,50.0,0,N,RURAL_VICTORIA,ROAD,5,14.0
145735,8,1,170,1,1,60.0,0,I,MELB_URBAN,ROAD,5,17.0
145736,1,6,110,1,3,70.0,0,I,RURAL_VICTORIA,ROAD,2,23.0
145737,1,6,113,2,1,80.0,0,N,RURAL_VICTORIA,ROAD,5,13.0
145738,1,6,130,5,1,100.0,0,N,MELB_URBAN,FREEWAY,5,11.0
145739,1,5,130,1,1,60.0,0,N,MELB_URBAN,ROAD,5,13.0
145740,2,5,100,2,1,40.0,0,N,LARGE_PROVINCIAL_CITIES,ROAD,5,12.0
145741,4,3,173,5,1,100.0,0,N,RURAL_VICTORIA,ROAD,5,14.0
145742,1,6,99,1,1,70.0,0,N,MELB_URBAN,ROAD,4,10.0
145743,7,5,99,5,1,100.0,0,N,RURAL_VICTORIA,ROAD,5,10.0
145744,1,6,121,1,1,60.0,0,I,LARGE_PROVINCIAL_CITIES,ROAD,5,17.0
145745,1,6,130,5,1,80.0,0,N,MELB_URBAN,ROAD,5,16.0
145746,1,5,99,1,2,50.0,0,N,MELB_URBAN,STREET,5,17.0
145747,4,6,171,5,1,100.0,0,N,RURAL_VICTORIA,ROAD,5,15.0
145748,1,5,132,1,1,60.0,0,N,MELB_URBAN,ROAD,5,15.0
145749,1,5,110,1,2,80.0,0,I,MELB_URBAN,OTHER,5,17.0
145750,1,6,130,5,3,80.0,0,N,MELB_URBAN,ROAD,5,17.0
145751,1,5,99,5,1,50.0,0,N,MELB_URBAN,ROAD,5,19.0
145752,1,5,113,1,3,80.0,0,N,MELB_URBAN,ROAD,5,19.0
145753,1,6,110,1,1,60.0,0,I,LARGE_PROVINCIAL_CITIES,ROAD,5,17.0
145754,1,5,130,2,1,60.0,0,I,MELB_URBAN,ROAD,5,15.0
145755,1,5,130,1,2,60.0,0,I,MELB_URBAN,STREET,5,6.0
145756,1,5,110,1,3,60.0,0,I,LARGE_PROVINCIAL_CITIES,ROAD,5,18.0
145757,2,5,102,1,1,50.0,0,N,MELB_URBAN,STREET,4,15.0
145758,1,6,121,1,3,50.0,0,N,MELB_URBAN,DRIVE,5,17.0
145759,1,5,113,2,1,70.0,0,I,MELB_URBAN,BOULEVARD,5,16.0
145760,4,6,171,5,3,50.0,0,N,MELB_URBAN,DRIVE,5,20.0
145761,1,4,130,5,3,80.0,0,N,MELB_URBAN,ROAD,4,18.0
145762,1,6,130,5,3,80.0,0,N,MELB_URBAN,RAMP,5,18.0
145763,1,6,99,5,3,80.0,0,N,MELB_URBAN,FREEWAY,5,22.0
145764,1,6,130,5,3,70.0,0,I,RURAL_VICTORIA,HIGHWAY,5,17.0
145765,1,2,99,1,3,50.0,0,N,MELB_URBAN,STREET,4,19.0
145766,8,3,99,5,1,100.0,0,N,RURAL_VICTORIA,UNKNOWN,11,16.0
145767,1,2,130,5,1,60.0,0,N,MELB_URBAN,ROAD,5,8.0
145768,2,2,102,2,1,60.0,0,N,MELB_URBAN,ROAD,5,15.0
145769,1,4,130,5,2,80.0,0,N,MELB_URBAN,ROAD,5,17.0
145770,6,6,170,5,9,50.0,0,N,MELB_URBAN,AVENUE,5,6.0
145771,1,6,110,1,1,80.0,0,I,SMALL_CITIES,HIGHWAY,5,12.0
145772,1,6,120,5,1,100.0,0,N,RURAL_VICTORIA,ROAD,5,8.0
145773,1,6,121,1,1,60.0,0,I,MELB_URBAN,ROAD,5,12.0
145774,6,6,174,5,5,60.0,0,N,RURAL_VICTORIA,STREET,5,6.0
145775,1,6,110,1,9,60.0,0,I,MELB_URBAN,ROAD,5,14.0
145776,1,6,99,5,1,60.0,0,I,MELB_URBAN,STREET,5,7.0
145777,4,7,171,5,1,100.0,0,N,RURAL_VICTORIA,ROAD,5,15.0
145778,1,6,130,5,1,60.0,0,N,MELB_URBAN,HIGHWAY,5,16.0
145779,1,6,130,2,1,60.0,0,N,MELB_URBAN,ROAD,5,13.0
145780,1,7,121,5,1,60.0,0,N,MELB_URBAN,UNKNOWN,5,16.0
145781,1,6,130,5,3,70.0,0,N,MELB_URBAN,ROAD,5,18.0
145782,1,7,110,1,5,60.0,0,I,SMALL_CITIES,ROAD,5,18.0
145783,1,7,160,5,3,50.0,0,N,MELB_URBAN,AVENUE,5,18.0
145784,1,0,130,5,1,60.0,0,N,MELB_URBAN,FREEWAY,5,9.0
145785,1,7,130,5,2,60.0,0,N,MELB_URBAN,ROAD,5,17.0
145786,2,7,99,5,3,50.0,0,N,MELB_URBAN,STREET,5,19.0
145787,1,6,110,1,1,50.0,0,I,LARGE_PROVINCIAL_CITIES,STREET,5,16.0
145788,1,7,133,5,3,100.0,0,N,MELB_URBAN,FREEWAY,5,20.0
145789,4,7,173,5,5,60.0,0,N,RURAL_VICTORIA,ROAD,5,3.0
145790,1,6,130,2,6,60.0,0,I,MELB_URBAN,ROAD,5,19.0
145791,1,6,121,2,3,60.0,0,I,MELB_URBAN,ROAD,5,4.0
145792,1,6,134,5,2,80.0,0,N,MELB_URBAN,FREEWAY,5,6.0
145793,1,7,121,1,1,60.0,0,I,MELB_URBAN,ROAD,5,15.0
145794,4,6,171,5,1,60.0,0,N,MELB_URBAN,ROAD,5,12.0
145795,1,0,113,1,1,60.0,0,I,MELB_URBAN,ROAD,5,9.0
145796,1,5,99,4,1,40.0,0,N,MELB_URBAN,OTHER,3,18.0
145797,8,1,99,5,2,60.0,0,N,MELB_URBAN,PARADE,5,17.0
145798,3,1,167,5,1,80.0,0,N,RURAL_VICTORIA,ROAD,5,10.0
145799,1,0,121,2,1,60.0,0,I,MELB_URBAN,ROAD,5,12.0
145800,1,1,130,5,1,100.0,0,N,RURAL_VICTORIA,HIGHWAY,5,11.0
145801,1,1,113,2,1,60.0,0,I,MELB_URBAN,STREET,5,11.0
145802,6,7,99,5,1,60.0,0,N,RURAL_VICTORIA,ROAD,3,16.0
145803,2,1,102,2,1,40.0,0,N,MELB_URBAN,AVENUE,5,13.0
145804,6,1,99,5,1,60.0,0,N,RURAL_VICTORIA,ROAD,5,13.0
145805,4,0,171,5,1,80.0,0,N,TOWNS,STREET,5,10.0
145806,2,1,102,5,1,50.0,0,N,LARGE_PROVINCIAL_CITIES,ROAD,5,14.0
145807,8,1,174,5,1,80.0,0,N,RURAL_VICTORIA,ROAD,5,12.0
145808,1,2,121,1,3,60.0,0,N,RURAL_VICTORIA,ROAD,5,20.0
145809,1,0,130,5,1,60.0,0,N,MELB_URBAN,STREET,5,14.0
145810,1,1,130,5,1,60.0,0,N,MELB_URBAN,ROAD,5,15.0
145811,4,1,171,5,1,100.0,0,N,MELB_URBAN,UNKNOWN,5,14.0
145812,1,3,99,5,1,60.0,0,N,MELB_URBAN,ROAD,5,13.0
145813,2,4,99,5,2,40.0,0,N,MELB_URBAN,STREET,11,5.0
145814,1,1,120,5,2,80.0,0,N,RURAL_VICTORIA,ROAD,5,17.0
145815,1,1,132,1,3,60.0,0,N,LARGE_PROVINCIAL_CITIES,STREET,5,18.0
145816,1,1,147,5,3,50.0,0,N,MELB_URBAN,OTHER,5,19.0
145817,3,5,167,5,1,100.0,0,N,RURAL_VICTORIA,HIGHWAY,4,8.0
145818,1,1,130,5,1,80.0,0,N,MELB_URBAN,RAMP,5,14.0
145819,1,6,130,2,1,60.0,0,N,MELB_URBAN,ROAD,5,9.0
145820,1,4,110,1,1,60.0,0,I,SMALL_CITIES,ROAD,5,10.0
145821,4,1,173,5,5,100.0,0,N,RURAL_VICTORIA,HIGHWAY,5,23.0
145822,3,2,167,5,1,100.0,0,N,RURAL_VICTORIA,ROAD,5,8.0
145823,2,5,100,5,9,60.0,0,N,MELB_URBAN,ROAD,4,13.0
145824,4,2,171,5,1,100.0,1,N,RURAL_VICTORIA,HIGHWAY,5,8.0
145825,1,1,130,5,1,60.0,0,N,MELB_URBAN,ROAD,5,8.0
145826,1,2,135,5,1,70.0,0,N,MELB_URBAN,ROAD,5,9.0
145827,1,2,113,2,1,60.0,0,I,LARGE_PROVINCIAL_CITIES,ROAD,5,9.0
145828,1,1,130,5,1,40.0,0,N,SMALL_CITIES,HIGHWAY,2,15.0
145829,1,2,134,5,2,100.0,0,N,MELB_URBAN,ROAD,5,5.0
145830,1,2,160,5,1,70.0,0,N,MELB_URBAN,ROAD,5,9.0
145831,8,7,170,5,1,60.0,0,N,RURAL_VICTORIA,ROAD,5,16.0
145832,3,2,167,5,1,100.0,0,N,RURAL_VICTORIA,ROAD,5,10.0
145833,1,1,110,1,1,50.0,0,I,MELB_URBAN,AVENUE,5,7.0
145834,1,2,113,1,1,40.0,0,I,MELB_URBAN,STREET,5,8.0
145835,1,2,130,5,9,50.0,0,N,MELB_URBAN,ROAD,5,8.0
145836,1,3,130,5,1,60.0,0,N,MELB_URBAN,ROAD,5,9.0
145837,1,0,99,5,1,80.0,0,N,MELB_URBAN,HIGHWAY,5,9.0
145838,1,2,113,1,1,60.0,0,I,LARGE_PROVINCIAL_CITIES,STREET,5,9.0
145839,1,1,120,5,1,60.0,0,N,MELB_URBAN,AVENUE,5,12.0
145840,1,6,130,5,2,60.0,0,N,MELB_URBAN,HIGHWAY,4,17.0
145841,1,2,111,1,1,60.0,0,I,LARGE_PROVINCIAL_CITIES,ROAD,5,11.0
145842,1,2,135,5,1,60.0,0,N,MELB_URBAN,PARADE,5,14.0
145843,1,1,121,1,1,40.0,0,O,MELB_URBAN,UNKNOWN,5,13.0
145844,4,1,171,5,1,60.0,0,N,RURAL_VICTORIA,ROAD,5,10.0
145845,1,6,121,1,3,60.0,0,I,MELB_URBAN,STREET,4,18.0
145846,1,4,110,1,1,50.0,0,I,MELB_URBAN,AVENUE,4,15.0
145847,1,5,133,5,3,40.0,0,N,MELB_URBAN,RAMP,5,3.0
145848,1,4,130,1,1,60.0,0,I,MELB_URBAN,STREET,2,10.0
145849,1,2,140,5,1,60.0,0,N,MELB_URBAN,STREET,5,14.0
145850,1,1,120,5,1,80.0,0,N,TOWNS,HIGHWAY,5,14.0
145851,1,2,110,1,1,60.0,0,I,MELB_URBAN,STREET,4,10.0
145852,1,2,130,4,9,70.0,0,N,LARGE_PROVINCIAL_CITIES,RAMP,5,17.0
145853,8,0,99,2,3,40.0,0,N,MELB_URBAN,STREET,4,19.0
145854,1,4,99,5,1,50.0,0,N,MELB_URBAN,AVENUE,5,16.0
145855,1,6,110,1,3,60.0,0,N,MELB_URBAN,OTHER,5,4.0
145856,1,1,130,5,9,60.0,0,N,MELB_URBAN,ROAD,4,11.0
145857,1,1,130,5,5,100.0,0,N,MELB_URBAN,HIGHWAY,5,17.0
145858,1,2,99,2,1,100.0,1,I,TOWNS,ROAD,5,13.0
145859,1,2,147,5,3,80.0,0,N,TOWNS,HIGHWAY,5,17.0
145860,1,6,110,1,9,40.0,0,I,LARGE_PROVINCIAL_CITIES,DRIVE,4,9.0
145861,1,2,113,2,3,60.0,0,I,MELB_URBAN,DRIVE,5,17.0
145862,2,4,100,1,3,60.0,0,N,MELB_URBAN,ROAD,5,18.0
145863,1,1,121,1,2,40.0,0,I,MELBOURNE_CBD,STREET,5,17.0
145864,4,2,171,5,5,70.0,0,N,MELB_URBAN,DRIVE,5,18.0
145865,1,2,99,5,5,100.0,0,N,RURAL_VICTORIA,ROAD,5,17.0
145866,1,2,121,1,1,50.0,0,I,MELB_URBAN,STREET,5,16.0
145867,1,2,121,1,3,60.0,0,I,MELB_URBAN,HIGHWAY,5,19.0
145868,1,2,121,2,3,60.0,0,I,MELB_URBAN,ROAD,5,20.0
145869,1,1,99,5,3,50.0,0,N,RURAL_VICTORIA,DRIVE,5,20.0
145870,1,2,120,5,3,60.0,0,N,MELB_URBAN,ROAD,5,20.0
145871,2,1,100,1,4,60.0,0,I,MELB_URBAN,STREET,5,19.0
145872,1,5,130,5,3,60.0,0,N,MELB_URBAN,ROAD,5,17.0
145873,1,4,132,5,3,60.0,0,N,MELB_URBAN,ROAD,5,18.0
145874,1,2,113,2,3,60.0,0,N,SMALL_CITIES,ROAD,5,17.0
145875,1,2,160,5,3,40.0,0,N,MELB_URBAN,OTHER,5,22.0
145876,1,6,113,1,6,40.0,0,I,MELB_URBAN,ROAD,4,18.0
145877,1,3,135,2,5,100.0,0,N,RURAL_VICTORIA,HIGHWAY,5,3.0
145878,4,1,171,5,1,80.0,0,N,MELB_URBAN,HIGHWAY,5,13.0
145879,1,3,160,5,5,110.0,1,N,RURAL_VICTORIA,FREEWAY,5,0.0
145880,1,2,120,5,9,100.0,0,N,RURAL_VICTORIA,HIGHWAY,5,17.0
145881,8,3,99,4,2,100.0,0,N,MELB_URBAN,ROAD,5,6.0
145882,1,4,99,2,1,50.0,0,I,MELB_URBAN,ROAD,3,11.0
145883,2,2,102,1,1,60.0,0,I,LARGE_PROVINCIAL_CITIES,ROAD,5,8.0
145884,1,3,99,5,1,60.0,0,N,MELB_URBAN,STREET,5,8.0
145885,9,4,99,1,3,60.0,0,N,MELB_URBAN,ROAD,5,17.0
145886,1,2,110,1,3,60.0,0,I,MELB_URBAN,STREET,5,20.0
145887,1,3,113,2,3,40.0,0,I,MELB_URBAN,STREET,5,6.0
145888,6,2,99,2,1,60.0,0,N,SMALL_CITIES,OTHER,5,12.0
145889,1,4,99,1,1,60.0,0,N,MELB_URBAN,ROAD,5,8.0
145890,1,3,110,1,1,60.0,0,I,TOWNS,STREET,5,9.0
145891,6,1,174,1,9,60.0,0,I,MELB_URBAN,AVENUE,1,8.0
145892,1,6,99,5,2,60.0,0,N,MELB_URBAN,ROAD,5,7.0
145893,1,4,111,1,3,70.0,0,N,MELB_URBAN,DRIVE,4,18.0
145894,1,3,140,2,1,60.0,0,I,MELB_URBAN,ROAD,5,12.0
145895,1,2,140,2,3,60.0,0,N,RURAL_VICTORIA,HIGHWAY,6,19.0
145896,2,3,100,1,1,40.0,0,I,MELB_URBAN,STREET,5,8.0
145897,2,3,102,1,1,60.0,0,I,MELB_URBAN,STREET,5,10.0
145898,1,3,132,5,1,60.0,0,N,SMALL_CITIES,ROAD,5,12.0
145899,1,2,110,1,1,60.0,0,I,LARGE_PROVINCIAL_CITIES,STREET,5,14.0
145900,1,3,130,5,6,60.0,0,N,MELB_URBAN,STREET,5,17.0
145901,1,1,130,5,2,60.0,0,N,MELB_URBAN,ROAD,5,17.0
145902,2,3,99,2,1,60.0,0,N,MELB_URBAN,ROAD,5,12.0
145903,2,3,102,1,1,60.0,0,I,MELB_URBAN,STREET,5,8.0
145904,1,3,110,1,1,70.0,0,I,MELB_URBAN,OTHER,5,9.0
145905,4,3,171,1,1,40.0,0,I,LARGE_PROVINCIAL_CITIES,STREET,5,14.0
145906,8,3,170,5,3,50.0,0,N,RURAL_VICTORIA,DRIVE,5,0.0
145907,8,7,99,5,1,100.0,0,N,RURAL_VICTORIA,ROAD,5,9.0
145908,1,1,130,5,1,80.0,0,N,MELB_URBAN,FREEWAY,5,16.0
145909,2,3,102,1,9,40.0,0,N,SMALL_CITIES,STREET,4,13.0