,accident_type,day_of_week,dca_code,road_geometry,light_condition,speed_zone,severity,node_type,deg_urban_name,road_type,month,hour
145910,1,1,130,5,3,40.0,0,N,MELB_URBAN,STREET,5,18.0
145911,4,3,171,5,1,100.0,0,N,RURAL_VICTORIA,ROAD,5,15.0
145912,1,2,160,5,2,50.0,0,N,LARGE_PROVINCIAL_CITIES,OTHER,5,16.0
145913,1,2,116,4,3,60.0,0,N,LARGE_PROVINCIAL_CITIES,STREET,5,17.0
145914,1,7,130,1,1,50.0,0,I,MELB_URBAN,DRIVE,4,17.0
145915,1,3,113,2,3,50.0,0,I,MELB_URBAN,STREET,5,18.0
145916,1,3,99,5,5,40.0,0,N,MELB_URBAN,DRIVE,5,18.0
145917,3,3,167,5,5,100.0,0,N,RURAL_VICTORIA,HIGHWAY,5,18.0
145918,1,2,130,5,6,60.0,0,N,MELB_URBAN,ROAD,5,18.0
145919,1,4,110,1,3,40.0,0,I,TOWNS,STREET,5,18.0
145920,4,2,171,2,1,60.0,0,N,MELB_URBAN,OTHER,5,16.0
145921,1,3,121,4,3,50.0,0,I,MELB_URBAN,RAMP,5,20.0
145922,1,3,99,2,1,40.0,1,N,MELB_URBAN,STREET,5,17.0
145923,1,3,99,5,5,100.0,0,N,RURAL_VICTORIA,HIGHWAY,5,18.0
145924,1,3,134,5,1,80.0,0,N,MELB_URBAN,FREEWAY,5,15.0
145925,4,3,171,2,3,50.0,0,N,MELB_URBAN,OTHER,5,23.0
145926,4,3,171,5,6,60.0,0,N,MELB_URBAN,AVENUE,5,0.0
145927,1,2,130,5,3,80.0,0,N,MELB_URBAN,FREEWAY,5,23.0
145928,1,5,147,2,1,60.0,0,I,MELB_URBAN,ROAD,4,15.0
145929,1,3,121,2,2,60.0,0,N,MELB_URBAN,STREET,5,6.0
145930,4,4,183,5,5,80.0,0,N,RURAL_VICTORIA,ROAD,5,6.0
145931,1,2,130,1,1,70.0,0,N,MELB_URBAN,STREET,5,6.0
145932,1,2,99,5,3,60.0,0,N,MELB_URBAN,ROAD,5,22.0
145933,4,4,183,5,1,100.0,0,N,RURAL_VICTORIA,ROAD,5,9.0
145934,1,3,99,5,1,100.0,0,N,RURAL_VICTORIA,ROAD,4,11.0
145935,4,4,181,5,1,50.0,0,N,LARGE_PROVINCIAL_CITIES,AVENUE,5,8.0
145936,1,4,147,5,1,50.0,0,N,MELB_URBAN,ROAD,5,12.0
145937,1,3,111,2,1,60.0,0,I,MELB_URBAN,ROAD,5,12.0
145938,1,3,130,5,1,100.0,0,N,MELB_URBAN,ROAD,5,9.0
145939,4,4,171,5,1,80.0,0,N,RURAL_VICTORIA,ROAD,5,12.0
145940,1,3,135,5,1,40.0,0,N,MELB_URBAN,ROAD,5,11.0
145941,8,2,99,1,1,60.0,0,I,MELB_URBAN,OTHER,4,12.0
145942,1,3,130,5,1,40.0,0,N,RURAL_VICTORIA,ROAD,5,9.0
145943,1,3,130,2,1,80.0,0,I,SMALL_CITIES,HIGHWAY,5,14.0
145944,4,3,171,5,1,100.0,0,N,RURAL_VICTORIA,ROAD,5,11.0
145945,1,2,147,5,1,50.0,0,N,MELB_URBAN,AVENUE,5,10.0
145946,1,7,130,5,3,60.0,0,N,MELB_URBAN,STREET,5,4.0
145947,1,4,110,1,1,50.0,0,I,TOWNS,STREET,5,15.0
145948,1,4,147,5,1,60.0,0,N,MELB_URBAN,OTHER,5,15.0
145949,1,4,133,5,1,50.0,0,N,MELB_URBAN,STREET,5,15.0
145950,1,1,130,5,1,100.0,0,N,MELB_URBAN,ROAD,5,16.0
145951,1,2,130,5,1,60.0,0,N,RURAL_VICTORIA,ROAD,3,15.0
145952,1,5,130,5,2,60.0,0,N,MELB_URBAN,RAMP,4,18.0
145953,1,3,113,2,3,60.0,0,I,MELB_URBAN,DRIVE,5,17.0
145954,1,4,130,5,3,70.0,0,N,MELB_URBAN,ROAD,5,17.0
145955,6,6,174,5,1,80.0,0,N,RURAL_VICTORIA,ROAD,5,16.0
145956,1,3,130,5,2,70.0,0,N,MELB_URBAN,ROAD,5,17.0
145957,1,3,130,5,5,80.0,0,N,MELB_URBAN,RAMP,5,18.0
145958,1,6,160,2,3,60.0,0,I,MELB_URBAN,DRIVE,5,20.0
145959,1,3,135,5,3,100.0,0,N,MELB_URBAN,ROAD,5,20.0
145960,1,3,140,5,3,110.0,0,N,RURAL_VICTORIA,FREEWAY,5,20.0
145961,1,3,113,2,2,50.0,0,I,MELB_URBAN,STREET,5,16.0
145962,4,3,181,5,5,80.0,0,N,RURAL_VICTORIA,ROAD,5,21.0
145963,1,4,130,5,5,100.0,0,N,RURAL_VICTORIA,FREEWAY,5,23.0
145964,1,5,160,2,3,60.0,0,N,SMALL_TOWNS,BOULEVARD,5,1.0
145965,2,4,102,1,1,50.0,0,N,MELB_URBAN,ROAD,5,8.0
145966,1,5,99,5,2,60.0,0,N,MELB_URBAN,ROAD,5,6.0
145967,1,5,121,4,2,50.0,0,I,MELB_URBAN,ROAD,5,7.0
145968,1,4,130,5,5,110.0,0,N,RURAL_VICTORIA,FREEWAY,5,18.0
145969,1,7,121,1,1,60.0,0,I,MELB_URBAN,HIGHWAY,4,10.0
145970,1,4,135,5,1,40.0,0,N,MELB_URBAN,STREET,5,13.0
145971,1,2,130,5,5,110.0,0,N,RURAL_VICTORIA,FREEWAY,5,5.0
145972,8,3,174,5,1,40.0,0,N,MELB_URBAN,STREET,5,11.0
145973,1,4,110,1,1,50.0,0,N,MELB_URBAN,STREET,5,7.0
145974,4,6,173,5,1,50.0,0,N,MELB_URBAN,DRIVE,12,8.0
145975,1,4,121,1,1,80.0,0,I,MELB_URBAN,OTHER,5,12.0
145976,1,2,130,1,1,60.0,0,N,MELB_URBAN,ROAD,5,7.0
145977,1,1,130,1,9,80.0,0,N,MELB_URBAN,FREEWAY,5,8.0
145978,1,4,121,5,1,60.0,0,N,MELB_URBAN,ROAD,5,10.0
145979,1,4,130,5,1,40.0,0,N,MELB_URBAN,STREET,5,16.0
145980,2,5,100,2,1,60.0,0,I,MELB_URBAN,ROAD,5,11.0
145981,1,5,130,2,2,60.0,0,I,RURAL_VICTORIA,HIGHWAY,4,17.0
145982,1,4,147,5,1,50.0,0,N,SMALL_CITIES,STREET,5,16.0
145983,1,5,113,2,1,100.0,0,I,RURAL_VICTORIA,HIGHWAY,5,15.0
145984,1,5,113,2,1,60.0,0,I,LARGE_PROVINCIAL_CITIES,ROAD,5,12.0
145985,1,5,140,5,1,60.0,0,N,LARGE_PROVINCIAL_CITIES,STREET,5,16.0
145986,1,1,163,5,1,40.0,0,N,MELB_URBAN,STREET,5,18.0
145987,1,5,121,2,2,70.0,0,I,MELB_URBAN,ROAD,5,17.0
145988,1,4,110,1,3,50.0,0,I,LARGE_PROVINCIAL_CITIES,DRIVE,5,18.0
145989,1,5,121,2,1,50.0,0,N,MELB_URBAN,STREET,5,17.0
145990,1,5,116,2,1,70.0,0,N,MELB_URBAN,STREET,5,15.0
145991,1,5,99,1,1,60.0,0,N,MELB_URBAN,ROAD,5,16.0
145992,1,5,132,5,3,70.0,0,N,MELB_URBAN,HIGHWAY,5,18.0
145993,1,7,130,2,9,60.0,0,I,MELB_URBAN,ROAD,5,19.0
145994,2,5,102,1,3,60.0,0,N,MELB_URBAN,ROAD,5,18.0
145995,2,4,99,5,3,60.0,0,N,MELB_URBAN,STREET,5,20.0
145996,1,5,121,1,5,80.0,0,I,MELB_URBAN,ROAD,5,19.0
145997,4,5,171,5,3,100.0,0,N,MELB_URBAN,FREEWAY,5,2.0
145998,1,4,99,1,1,60.0,0,I,MELB_URBAN,ROAD,5,10.0
145999,1,0,130,5,2,80.0,0,N,RURAL_VICTORIA,OTHER,5,16.0
146000,1,4,99,1,1,60.0,0,I,MELB_URBAN,ROAD,5,16.0
146001,1,5,140,4,1,70.0,0,I,MELB_URBAN,RAMP,5,7.0
146002,4,0,173,5,1,100.0,0,N,RURAL_VICTORIA,HIGHWAY,4,11.0
146003,1,6,134,5,1,70.0,0,N,MELB_URBAN,ROAD,5,8.0
146004,1,6,113,2,3,80.0,0,I,MELB_URBAN,ROAD,5,6.0
146005,3,4,167,5,5,100.0,0,N,RURAL_VICTORIA,ROAD,4,6.0
146006,1,5,130,5,1,60.0,0,N,MELB_URBAN,DRIVE,5,7.0
146007,2,6,100,1,1,70.0,0,N,MELB_URBAN,ROAD,5,11.0
146008,1,6,99,1,1,60.0,0,I,LARGE_PROVINCIAL_CITIES,STREET,5,9.0
146009,1,5,130,5,1,110.0,0,N,RURAL_VICTORIA,FREEWAY,5,12.0
146010,4,5,171,5,1,60.0,0,N,RURAL_VICTORIA,ROAD,5,11.0
146011,1,6,130,1,1,60.0,0,I,MELB_URBAN,ROAD,5,9.0
146012,4,6,99,5,1,40.0,0,N,MELB_URBAN,STREET,5,10.0
146013,1,4,130,5,1,100.0,0,N,MELB_URBAN,FREEWAY,5,15.0
146014,1,6,120,5,1,100.0,1,N,RURAL_VICTORIA,HIGHWAY,5,7.0
146015,1,2,133,5,1,100.0,0,N,RURAL_VICTORIA,HIGHWAY,5,9.0
146016,1,7,111,1,1,40.0,0,I,MELB_URBAN,STREET,5,15.0
146017,1,6,120,2,1,60.0,0,N,MELB_URBAN,ROAD,5,15.0
146018,4,6,171,5,1,110.0,0,N,RURAL_VICTORIA,FREEWAY,5,14.0
146019,2,5,100,1,1,60.0,0,N,MELB_URBAN,STREET,5,12.0
146020,4,6,173,5,1,80.0,0,N,MELB_URBAN,ROAD,5,14.0
146021,8,6,170,5,1,80.0,0,N,MELB_URBAN,ROAD,5,14.0
146022,1,5,99,5,1,80.0,0,N,RURAL_VICTORIA,ROAD,5,17.0
146023,6,6,174,1,1,80.0,0,I,MELB_URBAN,ROAD,5,13.0
146024,4,6,183,5,1,100.0,0,N,RURAL_VICTORIA,OTHER,5,15.0
146025,1,6,130,5,1,50.0,0,N,TOWNS,STREET,5,12.0
146026,1,4,130,5,1,50.0,0,N,MELB_URBAN,STREET,5,9.0
146027,1,6,121,1,3,60.0,0,I,LARGE_PROVINCIAL_CITIES,ROAD,5,18.0
146028,4,6,171,5,1,100.0,0,N,RURAL_VICTORIA,FREEWAY,5,14.0
146029,2,6,99,2,3,60.0,0,N,MELB_URBAN,ROAD,5,20.0
146030,1,5,99,2,3,60.0,0,N,MELB_URBAN,ROAD,5,20.0
146031,4,6,171,5,3,60.0,0,N,LARGE_PROVINCIAL_CITIES,ROAD,5,6.0
146032,1,5,130,5,3,40.0,0,N,MELBOURNE_CBD,STREET,5,23.0
146033,1,6,99,1,3,80.0,0,N,SMALL_TOWNS,HIGHWAY,5,20.0
146034,2,5,99,5,2,70.0,0,N,MELB_URBAN,ROAD,5,16.0
146035,1,6,99,5,3,60.0,0,N,LARGE_PROVINCIAL_CITIES,STREET,5,21.0
146036,4,6,171,5,5,110.0,0,N,RURAL_VICTORIA,FREEWAY,5,22.0
146037,2,6,100,2,3,60.0,0,I,MELB_URBAN,STREET,5,21.0
146038,4,6,183,5,2,100.0,0,N,RURAL_VICTORIA,ROAD,5,6.0
146039,1,6,99,1,3,80.0,0,N,RURAL_VICTORIA,RAMP,5,23.0
146040,6,4,184,5,1,60.0,0,N,RURAL_VICTORIA,ROAD,5,11.0
146041,4,6,173,5,5,100.0,0,N,RURAL_VICTORIA,ROAD,5,3.0
146042,4,7,173,5,5,60.0,0,N,RURAL_VICTORIA,ROAD,5,3.0
146043,1,4,110,1,9,60.0,0,N,MELB_URBAN,ROAD,5,18.0
146044,1,7,110,1,1,80.0,0,I,RURAL_VICTORIA,HIGHWAY,5,9.0
146045,8,6,99,5,6,50.0,0,N,MELB_URBAN,STREET,5,6.0
146046,4,3,173,5,5,100.0,0,N,UNKNOWN,HIGHWAY,5,6.0
146047,1,5,130,5,1,60.0,0,N,MELB_URBAN,ROAD,4,8.0
146048,1,7,99,5,1,60.0,0,N,RURAL_VICTORIA,ROAD,5,9.0
146049,6,7,174,5,1,100.0,0,N,RURAL_VICTORIA,HIGHWAY,5,10.0
146050,1,6,130,5,1,60.0,0,N,MELB_URBAN,ROAD,5,11.0
146051,1,7,132,5,1,60.0,0,N,LARGE_PROVINCIAL_CITIES,STREET,5,12.0
146052,8,5,174,1,6,80.0,0,I,MELB_URBAN,ROAD,5,22.0
146053,1,7,130,5,1,80.0,0,N,MELB_URBAN,HIGHWAY,5,8.0
146054,1,6,121,2,1,50.0,0,I,MELB_URBAN,STREET,5,11.0
146055,1,6,160,5,1,50.0,0,N,MELB_URBAN,OTHER,5,13.0
146056,6,6,174,5,5,110.0,0,N,RURAL_VICTORIA,FREEWAY,5,21.0
146057,1,7,116,4,1,80.0,0,N,RURAL_VICTORIA,FREEWAY,5,13.0
146058,1,6,99,2,3,60.0,0,I,MELB_URBAN,ROAD,5,18.0
146059,1,4,130,5,1,60.0,0,N,MELB_URBAN,STREET,5,9.0
146060,2,5,99,5,9,60.0,0,N,RURAL_VICTORIA,HIGHWAY,5,22.0
146061,1,6,121,1,1,60.0,0,I,MELB_URBAN,ROAD,5,10.0
146062,1,7,121,5,1,60.0,0,N,MELB_URBAN,ROAD,5,13.0
146063,1,6,113,1,1,70.0,0,I,MELB_URBAN,ROAD,5,14.0
146064,6,7,99,2,1,50.0,0,N,MELB_URBAN,DRIVE,5,15.0
146065,1,7,130,5,1,60.0,0,N,MELB_URBAN,ROAD,5,11.0
146066,4,7,173,5,1,50.0,0,N,MELB_URBAN,AVENUE,5,15.0
146067,1,5,130,5,1,60.0,0,N,MELB_URBAN,STREET,5,12.0
146068,4,6,183,5,2,60.0,0,N,TOWNS,STREET,5,16.0
146069,4,7,171,5,3,50.0,0,N,MELB_URBAN,PARADE,5,3.0
146070,1,7,113,1,9,60.0,0,I,MELB_URBAN,ROAD,5,17.0
146071,1,7,121,2,2,60.0,0,N,MELB_URBAN,ROAD,5,17.0
146072,3,7,167,5,5,80.0,0,N,RURAL_VICTORIA,ROAD,5,17.0
146073,1,7,130,5,1,100.0,1,N,RURAL_VICTORIA,FREEWAY,5,16.0
146074,1,7,121,1,1,50.0,0,I,MELB_URBAN,ROAD,5,15.0
146075,1,7,116,2,1,40.0,0,I,MELB_URBAN,STREET,5,15.0
146076,4,7,183,5,3,80.0,0,N,MELB_URBAN,RAMP,5,19.0
146077,1,7,130,5,1,60.0,0,N,MELB_URBAN,ROAD,5,15.0
146078,2,1,99,5,5,40.0,0,N,MELB_URBAN,STREET,5,20.0
146079,1,7,147,5,3,60.0,0,N,MELB_URBAN,ROAD,5,20.0
146080,4,7,173,5,3,60.0,0,N,MELB_URBAN,STREET,5,23.0
146081,1,6,163,5,3,40.0,0,N,MELB_URBAN,STREET,4,23.0
146082,4,6,183,5,5,100.0,1,N,RURAL_VICTORIA,ROAD,5,21.0
146083,1,1,133,5,3,80.0,0,N,MELB_URBAN,HIGHWAY,5,4.0
146084,8,1,99,5,1,40.0,0,N,LARGE_PROVINCIAL_CITIES,OTHER,5,8.0
146085,1,1,120,5,1,60.0,0,N,MELB_URBAN,HIGHWAY,5,9.0
146086,1,7,111,1,1,60.0,0,I,MELB_URBAN,BOULEVARD,5,15.0
146087,1,2,111,2,1,50.0,0,I,MELB_URBAN,ROAD,4,11.0
146088,4,7,171,5,2,100.0,0,N,RURAL_VICTORIA,ROAD,5,16.0
146089,1,4,130,5,9,100.0,0,N,MELB_URBAN,FREEWAY,5,6.0
146090,8,6,184,5,1,60.0,0,N,RURAL_VICTORIA,OTHER,5,16.0
146091,4,7,171,5,3,60.0,0,N,MELB_URBAN,ROAD,5,19.0
146092,6,0,174,1,1,50.0,0,I,MELB_URBAN,ROAD,5,15.0
146093,1,1,121,2,1,80.0,0,N,RURAL_VICTORIA,ROAD,5,16.0
146094,3,3,167,5,5,100.0,0,N,RURAL_VICTORIA,ROAD,5,18.0
146095,1,1,121,1,3,50.0,0,I,MELB_URBAN,ROAD,5,18.0
146096,6,1,174,5,1,100.0,0,N,RURAL_VICTORIA,ROAD,5,16.0
146097,1,0,113,2,5,50.0,0,I,SMALL_CITIES,STREET,5,18.0
146098,1,1,110,1,3,60.0,0,I,LARGE_PROVINCIAL_CITIES,ROAD,5,18.0
146099,1,1,121,1,3,80.0,0,I,RURAL_VICTORIA,ROAD,5,18.0
146100,1,0,121,5,1,60.0,0,N,MELB_URBAN,DRIVE,5,13.0
146101,4,1,173,5,1,100.0,1,N,RURAL_VICTORIA,ROAD,5,16.0
146102,1,5,120,5,5,60.0,0,N,SMALL_CITIES,ROAD,5,6.0
146103,1,1,121,2,3,80.0,0,N,MELB_URBAN,HIGHWAY,5,0.0
146104,1,6,130,5,1,60.0,0,N,MELB_URBAN,ROAD,5,17.0
146105,1,6,135,5,5,80.0,0,N,MELB_URBAN,RAMP,5,19.0
146106,2,2,102,1,2,60.0,0,I,LARGE_PROVINCIAL_CITIES,STREET,5,6.0
146107,1,5,110,1,1,80.0,0,I,SMALL_TOWNS,ROAD,5,12.0
146108,1,1,110,1,1,40.0,0,I,SMALL_CITIES,STREET,5,8.0
146109,1,2,121,1,1,60.0,0,I,MELB_URBAN,ROAD,5,7.0
146110,1,2,110,1,1,80.0,0,I,RURAL_VICTORIA,UNKNOWN,5,8.0
146111,4,2,183,5,2,100.0,0,N,RURAL_VICTORIA,ROAD,5,5.0
146112,6,2,174,2,1,40.0,0,I,MELB_URBAN,DRIVE,5,9.0
146113,1,4,160,5,1,50.0,0,N,SMALL_CITIES,STREET,4,16.0
146114,1,6,130,1,3,60.0,0,I,MELB_URBAN,ROAD,5,21.0
146115,1,3,99,1,1,60.0,0,N,MELB_URBAN,ROAD,5,8.0
146116,1,2,113,1,1,60.0,0,I,LARGE_PROVINCIAL_CITIES,STREET,5,9.0
146117,1,2,130,5,1,80.0,0,N,MELB_URBAN,HIGHWAY,5,9.0
146118,2,5,102,5,1,40.0,0,N,MELBOURNE_CBD,STREET,4,13.0
146119,1,1,120,2,1,100.0,0,N,RURAL_VICTORIA,HIGHWAY,5,12.0
146120,4,0,173,5,1,100.0,0,N,RURAL_VICTORIA,ROAD,5,16.0
146121,1,2,163,5,1,60.0,0,N,MELB_URBAN,STREET,5,11.0
146122,8,6,99,1,3,60.0,0,I,MELB_URBAN,ROAD,5,23.0
146123,1,2,113,2,1,40.0,0,I,MELB_URBAN,STREET,5,8.0
146124,8,7,174,5,1,60.0,0,N,MELB_URBAN,STREET,4,13.0
146125,2,2,99,1,2,50.0,0,I,SMALL_CITIES,AVENUE,5,7.0
146126,1,2,160,5,1,50.0,0,N,SMALL_CITIES,STREET,5,9.0
146127,1,2,147,5,1,70.0,0,N,MELB_URBAN,ROAD,5,11.0
146128,1,0,99,2,1,40.0,0,I,MELB_URBAN,STREET,5,16.0
146129,1,5,130,5,1,80.0,0,I,MELB_URBAN,UNKNOWN,4,8.0
146130,1,6,133,1,1,50.0,0,I,MELB_URBAN,STREET,5,15.0
146131,1,4,130,5,1,60.0,0,N,RURAL_VICTORIA,RAMP,5,16.0
146132,1,1,130,2,1,80.0,0,I,MELB_URBAN,HIGHWAY,5,13.0
146133,4,1,99,2,1,60.0,0,I,RURAL_VICTORIA,ROAD,3,14.0
146134,1,1,147,5,1,40.0,0,N,SMALL_CITIES,STREET,5,11.0
146135,1,5,121,1,1,30.0,0,N,MELB_URBAN,ROAD,5,10.0
146136,1,7,99,5,1,100.0,0,N,RURAL_VICTORIA,ROAD,5,8.0
146137,1,4,130,4,3,60.0,0,I,MELB_URBAN,RAMP,5,21.0
146138,8,7,184,5,1,100.0,0,N,RURAL_VICTORIA,OTHER,5,10.0
146139,1,1,110,1,1,50.0,0,I,MELB_URBAN,AVENUE,5,15.0
146140,1,2,130,5,1,40.0,0,N,RURAL_VICTORIA,HIGHWAY,5,14.0
146141,2,2,99,5,1,50.0,0,N,MELB_URBAN,ROAD,5,16.0
146142,4,4,171,5,3,80.0,0,N,MELB_URBAN,HIGHWAY,5,22.0
146143,1,4,130,5,1,60.0,0,N,SMALL_CITIES,ROAD,5,16.0
146144,1,2,111,2,1,80.0,0,I,SMALL_CITIES,ROAD,5,16.0
146145,1,1,130,2,1,60.0,0,I,MELB_URBAN,ROAD,5,14.0
146146,1,1,99,5,1,50.0,0,N,MELB_URBAN,ROAD,5,16.0
146147,1,2,113,2,1,100.0,0,I,RURAL_VICTORIA,ROAD,5,16.0
146148,6,1,170,5,5,100.0,0,N,RURAL_VICTORIA,ROAD,5,18.0
146149,1,3,121,1,1,70.0,0,I,MELB_URBAN,HIGHWAY,5,15.0
146150,1,2,121,1,3,60.0,0,I,MELB_URBAN,ROAD,5,18.0
146151,2,1,102,2,1,50.0,0,N,MELB_URBAN,STREET,5,7.0
146152,1,2,121,2,3,60.0,0,I,MELB_URBAN,STREET,5,19.0
146153,1,2,116,1,1,50.0,0,I,LARGE_PROVINCIAL_CITIES,STREET,5,15.0
146154,1,2,121,1,3,60.0,0,I,MELB_URBAN,ROAD,5,19.0
146155,1,2,99,2,3,50.0,0,I,MELB_URBAN,STREET,5,18.0
146156,1,5,130,5,2,80.0,0,I,MELB_URBAN,RAMP,5,18.0
146157,1,2,121,2,1,60.0,0,I,MELB_URBAN,ROAD,5,16.0
146158,2,2,100,5,3,60.0,0,N,MELB_URBAN,ROAD,5,21.0
146159,1,4,121,2,1,80.0,0,N,MELB_URBAN,HIGHWAY,4,6.0
146160,4,3,99,2,3,60.0,0,I,RURAL_VICTORIA,ROAD,5,0.0
146161,1,2,140,5,3,60.0,0,N,MELB_URBAN,ROAD,5,20.0
146162,1,3,99,1,1,30.0,0,I,MELB_URBAN,STREET,5,9.0
146163,4,3,173,5,5,100.0,0,N,RURAL_VICTORIA,FREEWAY,5,4.0
146164,1,3,130,5,1,60.0,0,N,LARGE_PROVINCIAL_CITIES,ROAD,5,7.0
146165,1,5,99,1,1,60.0,0,I,MELB_URBAN,ROAD,5,15.0
146166,1,3,110,1,1,100.0,0,I,RURAL_VICTORIA,ROAD,5,8.0
146167,1,2,130,2,1,60.0,0,I,MELB_URBAN,ROAD,5,8.0
146168,4,1,181,5,1,60.0,0,N,TOWNS,ROAD,3,19.0
146169,2,4,102,2,1,60.0,0,N,MELB_URBAN,OTHER,5,12.0
146170,1,4,130,5,1,60.0,0,N,MELB_URBAN,ROAD,5,16.0
146171,1,4,130,5,1,70.0,0,N,MELB_URBAN,ROAD,4,13.0
146172,1,2,130,5,9,80.0,0,N,MELB_URBAN,ROAD,5,4.0
146173,1,3,130,4,3,60.0,0,I,MELB_URBAN,ROAD,5,6.0
146174,2,3,102,1,2,80.0,0,N,MELB_URBAN,HIGHWAY,5,6.0
146175,5,5,99,5,1,40.0,0,N,MELB_URBAN,STREET,4,12.0
146176,1,3,130,5,1,60.0,0,N,MELB_URBAN,HIGHWAY,5,11.0
146177,8,7,99,3,1,60.0,0,N,RURAL_VICTORIA,ROAD,5,11.0
146178,1,2,130,2,1,60.0,0,I,RURAL_VICTORIA,OTHER,5,8.0
146179,1,2,130,2,1,60.0,0,N,MELB_URBAN,ROAD,5,11.0
146180,4,3,173,5,1,60.0,0,N,MELB_URBAN,ROAD,5,9.0
146181,1,3,132,5,1,60.0,0,N,RURAL_VICTORIA,ROAD,5,11.0
146182,1,1,130,5,1,60.0,0,N,MELB_URBAN,OTHER,5,11.0
146183,1,5,121,2,3,60.0,0,I,MELB_URBAN,ROAD,5,20.0
146184,6,6,184,2,1,60.0,0,I,RURAL_VICTORIA,ROAD,5,12.0
146185,2,2,102,5,1,40.0,0,N,MELB_URBAN,STREET,5,9.0
146186,1,6,99,5,9,40.0,0,N,MELB_URBAN,STREET,1,15.0
146187,1,3,113,2,1,80.0,0,I,MELB_URBAN,ROAD,5,9.0
146188,1,3,130,5,1,60.0,0,N,MELB_URBAN,ROAD,5,13.0
146189,1,7,110,1,1,60.0,0,I,LARGE_PROVINCIAL_CITIES,STREET,5,16.0
146190,1,3,130,5,1,80.0,0,N,RURAL_VICTORIA,ROAD,5,7.0
146191,1,2,99,1,1,50.0,0,I,LARGE_PROVINCIAL_CITIES,UNKNOWN,5,12.0
146192,4,2,173,1,2,60.0,0,N,MELB_URBAN,ROAD,5,7.0
146193,1,3,160,5,1,60.0,0,N,MELB_URBAN,AVENUE,5,11.0
146194,4,3,99,6,1,50.0,0,N,LARGE_PROVINCIAL_CITIES,OTHER,5,12.0
146195,6,3,174,2,1,50.0,0,N,MELB_URBAN,DRIVE,5,10.0
146196,2,3,100,1,1,80.0,0,I,RURAL_VICTORIA,ROAD,5,8.0
146197,1,2,99,1,1,50.0,0,I,SMALL_CITIES,STREET,5,15.0
146198,8,1,170,5,1,100.0,0,N,RURAL_VICTORIA,ROAD,5,12.0
146199,1,2,130,2,1,40.0,0,I,MELB_URBAN,ROAD,5,14.0
146200,4,3,173,5,1,100.0,0,N,RURAL_VICTORIA,HIGHWAY,5,11.0
146201,1,3,130,5,1,100.0,0,N,RURAL_VICTORIA,HIGHWAY,5,12.0
146202,1,3,120,5,1,60.0,0,N,MELB_URBAN,UNKNOWN,5,14.0
146203,1,2,130,5,1,80.0,0,N,MELB_URBAN,HIGHWAY,5,8.0
146204,1,3,130,5,1,80.0,0,N,MELB_URBAN,ROAD,5,14.0
146205,1,3,163,5,1,60.0,0,N,MELB_URBAN,STREET,5,15.0
146206,8,6,99,1,1,40.0,0,I,MELB_URBAN,STREET,5,9.0
146207,4,3,173,5,1,70.0,0,N,SMALL_CITIES,STREET,5,14.0
146208,1,5,116,2,1,60.0,0,I,SMALL_CITIES,ROAD,3,17.0
146209,1,4,130,2,1,70.0,0,I,MELB_URBAN,ROAD,5,14.0
146210,1,5,99,1,9,60.0,0,N,MELB_URBAN,STREET,5,18.0
146211,1,4,121,2,1,80.0,0,I,MELB_URBAN,ROAD,4,15.0
146212,1,2,130,2,3,60.0,0,I,MELB_URBAN,ROAD,5,20.0
146213,1,3,116,1,2,60.0,0,I,MELB_URBAN,ROAD,5,18.0
146214,1,3,130,5,2,100.0,0,N,MELB_URBAN,FREEWAY,5,17.0
146215,1,2,99,5,2,60.0,0,N,MELB_URBAN,ROAD,5,17.0
146216,1,2,147,5,1,50.0,0,N,MELB_URBAN,DRIVE,5,16.0
146217,1,3,130,5,1,100.0,0,N,RURAL_VICTORIA,HIGHWAY,5,16.0
146218,1,3,113,2,1,50.0,0,I,MELB_URBAN,ROAD,5,16.0
146219,1,3,113,2,1,60.0,0,I,MELB_URBAN,ROAD,5,16.0
146220,1,2,132,1,9,50.0,0,I,MELB_URBAN,STREET,5,9.0
146221,1,3,116,1,3,50.0,0,I,LARGE_PROVINCIAL_CITIES,STREET,5,19.0
146222,1,3,113,2,3,70.0,0,I,MELB_URBAN,ROAD,5,19.0
146223,1,3,147,5,1,60.0,0,N,SMALL_CITIES,ROAD,5,13.0
146224,1,2,130,5,2,100.0,0,N,MELB_URBAN,ROAD,5,17.0
146225,1,3,121,2,1,60.0,0,I,MELB_URBAN,HIGHWAY,5,14.0
146226,2,3,100,1,3,60.0,0,I,MELB_URBAN,STREET,5,22.0
146227,1,2,120,5,3,100.0,0,N,MELB_URBAN,ROAD,5,23.0
146228,2,4,102,1,2,50.0,0,N,MELB_URBAN,HIGHWAY,5,6.0
146229,6,4,99,5,5,110.0,0,N,RURAL_VICTORIA,UNKNOWN,5,6.0
146230,2,4,100,2,2,60.0,0,N,MELB_URBAN,ROAD,5,6.0
146231,4,2,181,5,5,60.0,0,N,RURAL_VICTORIA,ROAD,5,18.0
146232,8,7,99,5,3,60.0,0,N,SMALL_CITIES,STREET,5,19.0
146233,2,6,99,5,1,60.0,0,N,MELB_URBAN,HIGHWAY,5,8.0
146234,2,7,99,5,1,60.0,0,N,MELB_URBAN,AVENUE,5,11.0