,accident_type,day_of_week,dca_code,road_geometry,light_condition,speed_zone,severity,node_type,deg_urban_name,road_type,month,hour
146235,1,1,130,3,2,100.0,0,I,MELB_URBAN,FREEWAY,5,16.0
146236,1,3,133,5,1,50.0,0,N,MELB_URBAN,STREET,5,7.0
146237,1,4,110,1,1,100.0,0,I,RURAL_VICTORIA,ROAD,5,11.0
146238,1,5,99,2,9,50.0,0,I,MELB_URBAN,STREET,6,9.0
146239,1,2,130,5,1,100.0,0,N,MELB_URBAN,UNKNOWN,5,8.0
146240,1,4,110,1,1,50.0,0,I,MELB_URBAN,STREET,5,8.0
146241,1,2,121,1,1,60.0,0,I,SMALL_CITIES,STREET,5,12.0
146242,8,7,184,5,1,60.0,0,I,LARGE_PROVINCIAL_CITIES,OTHER,5,16.0
146243,4,4,173,5,1,80.0,0,N,RURAL_VICTORIA,ROAD,5,7.0
146244,1,4,110,1,1,50.0,0,I,LARGE_PROVINCIAL_CITIES,OTHER,5,9.0
146245,1,1,130,5,2,60.0,0,N,MELB_URBAN,ROAD,5,17.0
146246,8,1,170,5,1,50.0,0,N,RURAL_VICTORIA,ROAD,5,13.0
146247,1,3,113,1,1,60.0,0,I,MELB_URBAN,ROAD,5,14.0
146248,2,3,99,1,3,40.0,0,I,TOWNS,STREET,5,18.0
146249,8,4,174,5,1,60.0,0,N,MELB_URBAN,ROAD,5,8.0
146250,1,3,110,1,1,50.0,0,I,LARGE_PROVINCIAL_CITIES,STREET,5,15.0
146251,1,4,160,5,1,50.0,0,N,MELB_URBAN,STREET,5,15.0
146252,4,4,171,5,1,60.0,0,N,MELB_URBAN,ROAD,5,14.0
146253,1,3,140,2,1,70.0,0,N,MELB_URBAN,HIGHWAY,5,16.0
146254,1,4,111,1,2,60.0,0,I,MELB_URBAN,ROAD,5,16.0
146255,2,4,102,5,1,50.0,0,N,MELB_URBAN,OTHER,5,16.0
146256,1,4,130,5,1,80.0,0,N,MELB_URBAN,HIGHWAY,5,16.0
146257,1,4,160,5,2,50.0,0,N,LARGE_PROVINCIAL_CITIES,AVENUE,5,16.0
146258,1,4,134,5,5,100.0,0,N,RURAL_VICTORIA,FREEWAY,5,17.0
146259,1,3,121,1,3,60.0,0,I,MELB_URBAN,ROAD,5,18.0
146260,2,3,100,2,2,80.0,0,I,MELB_URBAN,HIGHWAY,5,16.0
146261,8,5,174,2,1,60.0,0,I,MELBOURNE_CBD,STREET,5,9.0
146262,2,4,99,5,1,60.0,0,N,MELB_URBAN,STREET,5,15.0
146263,1,4,130,5,3,40.0,0,N,MELB_URBAN,FREEWAY,5,21.0
146264,1,3,130,5,3,80.0,0,N,MELB_URBAN,FREEWAY,5,17.0
146265,2,4,99,5,3,50.0,0,N,LARGE_PROVINCIAL_CITIES,DRIVE,5,0.0
146266,1,5,160,5,3,50.0,0,N,MELB_URBAN,STREET,5,1.0
146267,1,5,121,5,2,50.0,0,N,MELB_URBAN,ROAD,5,7.0
146268,1,4,130,5,2,80.0,0,N,MELB_URBAN,HIGHWAY,5,6.0
146269,2,5,102,1,2,50.0,0,N,MELB_URBAN,STREET,5,6.0
146270,1,5,113,2,1,40.0,0,N,MELB_URBAN,HIGHWAY,5,8.0
146271,1,2,121,5,5,80.0,0,N,RURAL_VICTORIA,OTHER,5,18.0
146272,1,5,147,5,1,60.0,0,N,TOWNS,STREET,5,9.0
146273,1,2,121,5,1,60.0,0,N,MELB_URBAN,AVENUE,5,15.0
146274,4,5,173,1,1,70.0,0,I,MELB_URBAN,OTHER,5,7.0
146275,1,5,130,5,1,100.0,0,N,MELB_URBAN,FREEWAY,5,8.0
146276,1,5,113,2,1,60.0,0,N,RURAL_VICTORIA,ROAD,5,7.0
146277,1,5,130,5,9,80.0,0,N,MELB_URBAN,OTHER,4,18.0
146278,1,7,99,1,1,50.0,0,I,MELB_URBAN,ROAD,5,12.0
146279,4,7,181,5,1,40.0,0,N,RURAL_VICTORIA,ROAD,4,15.0
146280,1,5,120,5,1,40.0,0,N,MELB_URBAN,STREET,5,8.0
146281,2,5,99,5,1,40.0,0,N,MELB_URBAN,STREET,5,9.0
146282,1,4,130,5,1,80.0,0,N,MELB_URBAN,FREEWAY,5,9.0
146283,1,5,121,1,1,80.0,0,I,MELB_URBAN,RAMP,5,12.0
146284,1,4,113,2,1,50.0,0,I,RURAL_VICTORIA,AVENUE,5,9.0
146285,1,5,110,1,1,50.0,0,I,LARGE_PROVINCIAL_CITIES,STREET,5,12.0
146286,1,5,130,5,1,50.0,0,N,MELB_URBAN,ROAD,5,13.0
146287,1,3,130,5,3,70.0,0,N,MELB_URBAN,HIGHWAY,5,17.0
146288,1,5,121,2,1,60.0,0,I,MELB_URBAN,ROAD,5,14.0
146289,1,4,110,1,1,60.0,0,I,MELB_URBAN,STREET,5,14.0
146290,6,5,99,5,1,80.0,0,N,RURAL_VICTORIA,ROAD,5,14.0
146291,4,5,171,5,2,100.0,0,N,RURAL_VICTORIA,ROAD,5,7.0
146292,2,5,100,5,1,40.0,0,N,MELB_URBAN,ROAD,5,16.0
146293,1,5,133,5,1,70.0,0,N,MELB_URBAN,ROAD,5,13.0
146294,1,5,113,2,1,50.0,0,I,MELB_URBAN,STREET,5,15.0
146295,2,5,100,2,2,60.0,0,I,MELB_URBAN,ROAD,5,16.0
146296,4,5,171,5,1,100.0,0,N,RURAL_VICTORIA,ROAD,5,13.0
146297,1,4,130,5,1,60.0,0,N,MELB_URBAN,AVENUE,5,15.0
146298,1,4,110,1,1,50.0,0,I,MELB_URBAN,STREET,5,15.0
146299,1,5,121,1,3,60.0,0,I,MELB_URBAN,STREET,5,18.0
146300,1,5,120,5,1,60.0,0,N,MELB_URBAN,STREET,5,13.0
146301,1,5,163,5,3,60.0,0,N,MELB_URBAN,ROAD,5,17.0
146302,1,4,99,5,1,50.0,0,N,MELB_URBAN,UNKNOWN,5,15.0
146303,8,5,174,2,3,60.0,0,I,MELB_URBAN,STREET,5,18.0
146304,1,3,99,5,3,70.0,0,N,MELB_URBAN,STREET,5,20.0
146305,1,5,120,5,5,80.0,0,N,SMALL_CITIES,ROAD,5,18.0
146306,1,4,147,5,3,50.0,0,N,TOWNS,HIGHWAY,5,18.0
146307,1,5,99,1,3,60.0,0,I,MELB_URBAN,ROAD,5,18.0
146308,1,5,134,5,2,40.0,0,N,MELB_URBAN,ROAD,5,17.0
146309,1,5,135,5,3,100.0,0,N,MELB_URBAN,FREEWAY,5,18.0
146310,1,4,121,1,3,80.0,0,I,MELB_URBAN,HIGHWAY,5,4.0
146311,4,5,171,5,5,100.0,0,N,RURAL_VICTORIA,ROAD,5,1.0
146312,1,6,160,5,3,50.0,0,N,MELB_URBAN,STREET,5,2.0
146313,1,1,121,1,1,40.0,0,N,MELB_URBAN,ROAD,5,15.0
146314,4,5,171,5,3,70.0,0,N,LARGE_PROVINCIAL_CITIES,ROAD,5,3.0
146315,2,5,100,2,3,50.0,0,I,MELB_URBAN,DRIVE,5,18.0
146316,1,6,134,5,3,100.0,0,N,MELB_URBAN,UNKNOWN,5,4.0
146317,1,2,120,5,1,60.0,0,N,MELB_URBAN,ROAD,4,15.0
146318,1,3,99,2,1,50.0,0,I,MELB_URBAN,ROAD,5,11.0
146319,1,1,99,2,1,60.0,0,I,RURAL_VICTORIA,ROAD,4,14.0
146320,2,4,99,1,1,40.0,0,N,MELBOURNE_CBD,STREET,5,16.0
146321,1,6,147,5,9,50.0,0,N,MELB_URBAN,STREET,5,18.0
146322,1,6,130,5,3,70.0,0,N,MELB_URBAN,HIGHWAY,5,6.0
146323,1,3,147,5,1,60.0,0,N,MELB_URBAN,STREET,4,12.0
146324,1,2,130,2,2,60.0,0,I,MELB_URBAN,ROAD,5,18.0
146325,1,3,130,2,9,60.0,0,I,MELB_URBAN,ROAD,5,8.0
146326,1,5,160,5,1,70.0,0,N,MELB_URBAN,ROAD,5,10.0
146327,1,3,121,2,1,80.0,0,N,MELB_URBAN,HIGHWAY,5,8.0
146328,1,7,130,5,1,70.0,0,N,MELB_URBAN,ROAD,4,9.0
146329,4,5,171,2,1,50.0,0,I,LARGE_PROVINCIAL_CITIES,STREET,5,11.0
146330,1,6,120,5,1,60.0,0,N,TOWNS,ROAD,5,9.0
146331,1,3,110,1,1,100.0,0,I,RURAL_VICTORIA,ROAD,3,15.0
146332,4,6,181,5,1,100.0,0,N,RURAL_VICTORIA,ROAD,5,10.0
146333,1,5,110,1,1,50.0,0,I,MELB_URBAN,STREET,5,10.0
146334,6,7,170,2,1,80.0,0,N,RURAL_VICTORIA,ROAD,5,15.0
146335,4,5,181,5,1,100.0,0,N,RURAL_VICTORIA,HIGHWAY,5,8.0
146336,2,3,100,5,2,60.0,0,N,MELB_URBAN,BOULEVARD,5,6.0
146337,1,4,130,5,9,80.0,0,N,MELB_URBAN,ROAD,3,16.0
146338,1,6,99,5,1,80.0,0,N,MELB_URBAN,HIGHWAY,5,11.0
146339,1,5,111,1,1,50.0,0,I,MELB_URBAN,AVENUE,5,12.0
146340,2,5,99,5,1,60.0,0,N,MELB_URBAN,STREET,5,14.0
146341,4,6,171,5,1,100.0,0,N,MELB_URBAN,FREEWAY,5,14.0
146342,1,3,163,1,1,60.0,0,I,MELB_URBAN,STREET,5,14.0
146343,2,4,99,5,1,50.0,0,N,SMALL_TOWNS,STREET,5,16.0
146344,6,5,174,1,1,60.0,0,N,LARGE_PROVINCIAL_CITIES,STREET,5,8.0
146345,1,5,160,5,1,50.0,0,N,MELB_URBAN,DRIVE,5,14.0
146346,1,5,99,2,1,60.0,0,I,MELB_URBAN,ROAD,5,15.0
146347,1,2,130,1,1,50.0,0,N,MELB_URBAN,ROAD,4,15.0
146348,1,5,130,5,1,60.0,0,N,MELB_URBAN,PARADE,5,15.0
146349,1,4,130,2,6,70.0,0,I,MELB_URBAN,ROAD,5,20.0
146350,1,5,110,1,1,80.0,0,I,MELB_URBAN,HIGHWAY,5,16.0
146351,6,6,99,2,5,100.0,0,I,RURAL_VICTORIA,ROAD,5,23.0
146352,1,5,130,5,3,80.0,0,N,MELB_URBAN,ROAD,5,17.0
146353,1,6,130,1,9,80.0,0,I,MELB_URBAN,ROAD,5,12.0
146354,1,5,121,1,3,60.0,0,I,MELB_URBAN,ROAD,5,18.0
146355,1,6,110,1,1,50.0,0,I,MELB_URBAN,STREET,5,16.0
146356,1,6,121,1,1,50.0,0,I,MELB_URBAN,ROAD,5,16.0
146357,1,1,130,5,1,80.0,0,N,MELB_URBAN,ROAD,3,14.0
146358,1,6,121,1,1,60.0,0,I,MELB_URBAN,ROAD,5,13.0
146359,1,6,160,5,3,60.0,0,N,MELB_URBAN,ROAD,5,20.0
146360,1,5,120,5,5,100.0,0,N,RURAL_VICTORIA,ROAD,5,18.0
146361,1,6,116,2,3,60.0,0,I,MELB_URBAN,ROAD,5,20.0
146362,1,6,130,5,1,40.0,0,N,MELB_URBAN,ROAD,5,15.0
146363,1,5,110,1,3,60.0,0,I,MELB_URBAN,HIGHWAY,5,21.0
146364,1,6,130,1,3,60.0,0,I,MELB_URBAN,STREET,5,20.0
146365,1,2,121,2,1,50.0,0,N,MELB_URBAN,DRIVE,3,8.0
146366,4,6,99,5,3,60.0,0,N,MELB_URBAN,ROAD,5,23.0
146367,4,4,181,2,3,50.0,0,N,RURAL_VICTORIA,ROAD,5,18.0
146368,4,6,171,5,3,60.0,0,N,MELB_URBAN,STREET,5,21.0
146369,1,7,160,5,3,50.0,0,N,MELB_URBAN,STREET,5,2.0
146370,1,7,160,5,5,50.0,0,N,MELB_URBAN,STREET,5,5.0
146371,1,7,133,5,3,60.0,0,N,MELB_URBAN,STREET,5,6.0
146372,1,1,130,2,1,60.0,0,I,MELB_URBAN,ROAD,5,9.0
146373,1,6,121,1,1,60.0,0,I,MELB_URBAN,HIGHWAY,5,8.0
146374,1,0,130,2,1,60.0,0,I,MELB_URBAN,STREET,5,11.0
146375,8,0,174,5,1,100.0,0,N,RURAL_VICTORIA,ROAD,5,11.0
146376,1,7,99,5,1,60.0,0,N,RURAL_VICTORIA,ROAD,5,8.0
146377,2,5,99,5,2,60.0,0,N,MELB_URBAN,ROAD,5,17.0
146378,1,5,133,5,3,50.0,0,N,MELB_URBAN,STREET,5,19.0
146379,1,7,110,1,2,60.0,0,I,MELB_URBAN,ROAD,5,6.0
146380,4,7,171,5,1,50.0,0,N,TOWNS,ROAD,5,12.0
146381,4,3,171,2,1,50.0,0,N,MELB_URBAN,STREET,5,9.0
146382,2,6,99,5,1,60.0,0,O,SMALL_CITIES,UNKNOWN,5,12.0
146383,8,7,174,5,1,40.0,0,N,MELB_URBAN,OTHER,5,13.0
146384,1,5,110,1,1,50.0,0,I,MELB_URBAN,ROAD,5,13.0
146385,6,5,174,1,1,60.0,0,N,MELB_URBAN,STREET,5,7.0
146386,1,6,147,5,3,80.0,0,N,MELB_URBAN,HIGHWAY,4,23.0
146387,4,7,173,5,1,100.0,0,N,RURAL_VICTORIA,ROAD,5,13.0
146388,4,7,171,5,5,110.0,0,N,RURAL_VICTORIA,HIGHWAY,5,2.0
146389,1,7,140,5,1,70.0,0,N,MELB_URBAN,DRIVE,5,11.0
146390,1,2,113,2,1,60.0,0,I,MELB_URBAN,ROAD,5,16.0
146391,7,4,99,5,1,60.0,0,N,MELB_URBAN,ROAD,5,15.0
146392,4,6,99,1,1,80.0,0,N,RURAL_VICTORIA,HIGHWAY,5,16.0
146393,1,7,99,1,1,40.0,0,I,MELBOURNE_CBD,STREET,5,16.0
146394,1,7,110,1,3,60.0,0,I,MELB_URBAN,STREET,5,6.0
146395,1,7,134,5,1,80.0,0,N,MELB_URBAN,ROAD,5,15.0
146396,6,6,170,3,5,60.0,0,N,RURAL_VICTORIA,ROAD,5,18.0
146397,1,6,110,1,3,60.0,0,I,MELB_URBAN,ROAD,5,17.0
146398,1,7,140,2,1,80.0,0,I,MELB_URBAN,ROAD,5,15.0
146399,2,7,102,2,4,50.0,0,I,MELB_URBAN,STREET,5,18.0
146400,1,5,133,1,3,80.0,0,N,MELB_URBAN,ROAD,4,19.0
146401,1,6,111,3,2,60.0,0,I,MELB_URBAN,ROAD,5,17.0
146402,1,7,121,5,1,60.0,0,N,MELB_URBAN,ROAD,5,15.0
146403,2,7,100,1,3,70.0,0,I,SMALL_CITIES,PARADE,5,21.0
146404,4,1,171,5,9,60.0,0,N,SMALL_CITIES,STREET,5,11.0
146405,1,7,160,5,3,60.0,0,N,LARGE_PROVINCIAL_CITIES,STREET,5,23.0
146406,2,1,102,5,9,60.0,0,N,MELB_URBAN,ROAD,5,0.0
146407,1,6,160,5,2,60.0,0,N,MELB_URBAN,ROAD,5,6.0
146408,1,1,133,5,3,60.0,0,N,MELB_URBAN,ROAD,5,3.0
146409,6,1,170,5,5,100.0,0,N,RURAL_VICTORIA,ROAD,5,0.0
146410,5,7,99,5,1,50.0,0,N,RURAL_VICTORIA,OTHER,5,14.0
146411,1,3,111,2,1,80.0,0,I,MELB_URBAN,ROAD,5,15.0
146412,1,0,120,5,1,60.0,0,N,MELB_URBAN,ROAD,5,10.0
146413,2,0,100,2,1,50.0,0,N,MELB_URBAN,ROAD,5,10.0
146414,2,1,99,2,3,50.0,0,I,MELB_URBAN,STREET,5,18.0
146415,4,2,99,5,5,60.0,0,N,RURAL_VICTORIA,ROAD,5,5.0
146416,2,1,102,2,1,60.0,0,N,MELB_URBAN,ROAD,5,13.0
146417,4,1,183,5,1,80.0,0,N,RURAL_VICTORIA,OTHER,5,14.0
146418,4,1,171,5,1,50.0,0,N,MELB_URBAN,OTHER,5,12.0
146419,1,0,110,1,1,80.0,0,I,RURAL_VICTORIA,HIGHWAY,5,13.0
146420,1,4,113,2,1,60.0,0,I,MELB_URBAN,OTHER,5,9.0
146421,1,0,135,5,1,100.0,0,N,RURAL_VICTORIA,FREEWAY,5,14.0
146422,8,5,170,2,2,50.0,0,I,MELB_URBAN,STREET,5,17.0
146423,4,1,171,1,1,60.0,0,I,MELB_URBAN,STREET,5,13.0
146424,6,0,170,5,1,50.0,0,N,MELB_URBAN,OTHER,5,14.0
146425,1,1,121,2,1,80.0,0,I,MELB_URBAN,DRIVE,5,16.0
146426,1,2,130,5,3,60.0,0,N,MELB_URBAN,AVENUE,5,22.0
146427,1,6,130,5,1,60.0,0,N,MELB_URBAN,STREET,5,10.0
146428,1,1,111,1,2,60.0,0,I,SMALL_CITIES,STREET,5,17.0
146429,1,1,99,2,3,50.0,0,I,MELB_URBAN,ROAD,5,18.0
146430,2,0,100,2,2,60.0,0,I,MELB_URBAN,STREET,5,18.0
146431,1,1,160,5,3,60.0,0,N,SMALL_CITIES,ROAD,5,18.0
146432,1,1,121,2,2,60.0,0,I,MELB_URBAN,ROAD,5,17.0
146433,1,1,133,5,1,50.0,0,N,MELB_URBAN,STREET,5,15.0
146434,1,1,135,5,3,60.0,0,N,MELB_URBAN,ROAD,5,20.0
146435,1,1,147,5,3,60.0,0,N,MELB_URBAN,STREET,5,23.0
146436,8,4,174,5,9,60.0,0,N,MELB_URBAN,OTHER,1,0.0
146437,1,1,130,1,3,60.0,0,I,MELB_URBAN,ROAD,5,6.0
146438,5,2,99,5,5,80.0,1,N,RURAL_VICTORIA,ROAD,5,0.0
146439,1,2,130,5,3,100.0,0,N,MELB_URBAN,FREEWAY,5,6.0
146440,1,1,130,5,1,100.0,0,N,RURAL_VICTORIA,ROAD,5,7.0
146441,1,5,120,5,5,80.0,0,N,RURAL_VICTORIA,HIGHWAY,4,6.0
146442,1,2,130,2,1,60.0,0,I,MELB_URBAN,ROAD,5,10.0
146443,1,1,111,2,2,60.0,0,N,MELB_URBAN,ROAD,5,18.0
146444,1,1,163,5,1,40.0,0,N,MELB_URBAN,ROAD,5,11.0
146445,1,1,110,1,2,60.0,0,I,MELB_URBAN,ROAD,5,17.0
146446,1,1,160,5,1,60.0,0,N,MELB_URBAN,ROAD,5,11.0
146447,4,2,181,5,1,80.0,0,N,RURAL_VICTORIA,ROAD,5,12.0
146448,3,5,167,5,5,100.0,0,N,RURAL_VICTORIA,ROAD,5,20.0
146449,1,7,134,4,1,60.0,0,I,MELB_URBAN,STREET,5,12.0
146450,1,1,130,5,1,100.0,0,N,MELB_URBAN,FREEWAY,5,10.0
146451,1,5,99,1,1,60.0,0,N,SMALL_CITIES,STREET,5,16.0
146452,1,2,135,5,1,80.0,0,N,MELB_URBAN,FREEWAY,5,8.0
146453,1,3,99,1,3,80.0,0,I,MELB_URBAN,HIGHWAY,5,21.0
146454,1,6,130,5,1,70.0,0,N,LARGE_PROVINCIAL_CITIES,ROAD,4,13.0
146455,4,2,181,5,1,80.0,0,N,RURAL_VICTORIA,ROAD,5,13.0
146456,2,2,99,2,3,60.0,0,I,MELB_URBAN,ROAD,5,19.0
146457,1,6,130,1,1,80.0,0,I,MELB_URBAN,ROAD,5,8.0
146458,1,2,99,2,9,80.0,0,N,MELB_URBAN,HIGHWAY,5,20.0
146459,1,2,130,5,3,80.0,0,N,MELB_URBAN,FREEWAY,5,18.0
146460,1,2,120,5,1,70.0,0,N,RURAL_VICTORIA,ROAD,5,16.0
146461,1,6,99,2,3,60.0,0,I,MELB_URBAN,ROAD,4,21.0
146462,1,1,132,5,5,60.0,0,N,TOWNS,ROAD,5,18.0
146463,3,2,167,5,5,60.0,0,N,RURAL_VICTORIA,ROAD,5,18.0
146464,1,2,110,4,3,60.0,0,I,MELB_URBAN,ROAD,5,20.0
146465,1,1,130,5,1,80.0,0,N,MELB_URBAN,ROAD,5,16.0
146466,1,2,99,5,1,50.0,0,N,MELB_URBAN,ROAD,5,14.0
146467,2,1,100,5,5,40.0,0,N,MELB_URBAN,STREET,5,19.0
146468,1,2,110,1,3,60.0,0,N,SMALL_CITIES,STREET,5,21.0
146469,4,2,181,5,3,50.0,0,N,LARGE_PROVINCIAL_CITIES,STREET,5,22.0
146470,8,5,174,2,9,100.0,0,I,RURAL_VICTORIA,ROAD,12,11.0
146471,1,2,110,1,3,80.0,0,I,SMALL_TOWNS,ROAD,5,21.0
146472,1,2,130,5,1,60.0,0,N,MELB_URBAN,HIGHWAY,5,10.0
146473,1,1,121,2,3,60.0,0,I,MELB_URBAN,HIGHWAY,5,6.0
146474,1,2,121,4,1,70.0,0,I,RURAL_VICTORIA,ROAD,5,15.0
146475,2,3,99,5,1,100.0,0,N,RURAL_VICTORIA,DRIVE,5,11.0
146476,1,2,135,5,1,60.0,0,N,MELB_URBAN,ROAD,5,8.0
146477,1,7,132,2,2,60.0,0,I,MELB_URBAN,ROAD,5,17.0
146478,1,0,111,1,1,100.0,0,N,RURAL_VICTORIA,ROAD,5,15.0
146479,4,3,181,2,3,80.0,0,I,RURAL_VICTORIA,HIGHWAY,5,6.0
146480,6,7,174,5,9,100.0,0,N,RURAL_VICTORIA,ROAD,5,11.0
146481,1,6,160,5,3,50.0,0,N,MELB_URBAN,STREET,3,21.0
146482,4,3,171,5,2,100.0,0,N,RURAL_VICTORIA,ROAD,5,6.0
146483,2,7,99,5,3,50.0,0,N,MELB_URBAN,ROAD,5,23.0
146484,1,2,130,1,1,50.0,0,N,MELB_URBAN,HIGHWAY,4,11.0
146485,9,1,99,5,1,50.0,0,N,LARGE_PROVINCIAL_CITIES,STREET,5,16.0
146486,1,5,121,1,1,70.0,0,I,MELB_URBAN,ROAD,4,14.0
146487,1,3,99,5,1,50.0,0,N,MELB_URBAN,STREET,5,15.0
146488,4,1,99,5,2,50.0,0,N,LARGE_PROVINCIAL_CITIES,DRIVE,4,18.0
146489,4,2,171,5,5,110.0,0,N,RURAL_VICTORIA,HIGHWAY,5,5.0
146490,1,2,121,1,3,50.0,0,I,MELB_URBAN,ROAD,5,18.0
146491,1,1,130,1,3,50.0,0,I,MELB_URBAN,ROAD,5,6.0
146492,8,1,184,5,1,60.0,0,N,RURAL_VICTORIA,ROAD,5,13.0
146493,1,2,111,1,1,60.0,0,N,MELB_URBAN,STREET,5,15.0
146494,1,3,130,1,1,60.0,0,N,LARGE_PROVINCIAL_CITIES,STREET,5,14.0
146495,1,2,110,1,1,60.0,0,I,MELB_URBAN,ROAD,5,14.0
146496,6,7,170,1,1,60.0,0,I,MELB_URBAN,ROAD,5,11.0
146497,2,3,100,1,1,60.0,0,I,MELB_URBAN,ROAD,5,15.0
146498,2,6,99,5,1,50.0,0,N,MELB_URBAN,ROAD,5,10.0
146499,1,1,133,5,3,60.0,0,O,MELB_URBAN,UNKNOWN,5,17.0
146500,1,5,130,5,1,80.0,0,N,RURAL_VICTORIA,ROAD,5,7.0
146501,1,3,121,5,2,60.0,0,N,MELB_URBAN,ROAD,5,17.0
146502,1,3,130,4,1,60.0,0,I,SMALL_CITIES,RAMP,5,15.0
146503,1,3,140,5,3,80.0,0,N,MELB_URBAN,HIGHWAY,5,17.0
146504,1,1,99,5,9,40.0,0,N,MELB_URBAN,STREET,5,4.0
146505,1,2,160,5,3,60.0,0,N,MELB_URBAN,ROAD,5,19.0
146506,4,3,181,5,5,100.0,0,N,RURAL_VICTORIA,ROAD,5,17.0
146507,1,3,113,2,1,70.0,0,N,MELB_URBAN,AVENUE,5,15.0
146508,1,3,147,5,1,60.0,0,I,MELB_URBAN,ROAD,5,16.0
146509,1,3,120,5,5,80.0,0,N,RURAL_VICTORIA,ROAD,5,20.0
146510,1,2,130,2,1,60.0,0,I,MELB_URBAN,ROAD,5,14.0
146511,4,2,173,5,3,50.0,0,N,MELB_URBAN,ROAD,5,23.0
146512,1,3,110,1,3,60.0,0,I,MELB_URBAN,ROAD,6,4.0
146513,1,2,130,5,2,60.0,0,N,MELB_URBAN,RAMP,2,17.0
146514,1,4,130,5,3,70.0,0,N,LARGE_PROVINCIAL_CITIES,ROAD,6,5.0
146515,1,4,110,1,2,50.0,0,I,MELB_URBAN,ROAD,6,7.0
146516,1,1,130,5,3,60.0,0,N,MELB_URBAN,ROAD,5,17.0
146517,4,0,171,5,2,110.0,0,N,RURAL_VICTORIA,FREEWAY,3,7.0
146518,1,4,147,5,1,50.0,0,N,MELB_URBAN,ROAD,6,8.0
146519,1,6,130,5,1,100.0,0,N,RURAL_VICTORIA,ROAD,4,14.0
146520,1,6,116,1,9,60.0,0,I,MELB_URBAN,ROAD,5,9.0
146521,2,4,99,5,1,60.0,0,N,MELB_URBAN,ROAD,6,8.0
146522,1,4,130,5,1,70.0,0,N,RURAL_VICTORIA,ROAD,6,8.0
146523,1,3,130,5,3,60.0,0,N,MELB_URBAN,STREET,6,6.0
146524,4,3,181,5,9,60.0,0,N,RURAL_VICTORIA,ROAD,5,13.0
146525,1,3,116,1,1,60.0,0,I,LARGE_PROVINCIAL_CITIES,ROAD,5,7.0
146526,1,4,116,1,1,80.0,0,I,MELB_URBAN,ROAD,6,10.0
146527,1,5,135,5,1,80.0,0,N,MELB_URBAN,FREEWAY,5,13.0
146528,1,3,99,2,1,80.0,0,I,MELB_URBAN,HIGHWAY,6,11.0
146529,4,4,171,4,1,60.0,0,I,MELB_URBAN,ROAD,6,11.0
146530,8,2,174,5,3,80.0,0,N,MELB_URBAN,ROAD,5,22.0
146531,1,4,160,5,1,70.0,0,N,MELB_URBAN,HIGHWAY,6,13.0
146532,1,2,121,1,1,50.0,0,I,MELB_URBAN,ROAD,5,15.0
146533,1,4,99,5,1,60.0,0,N,MELB_URBAN,ROAD,6,13.0
146534,1,0,99,1,2,60.0,0,N,MELB_URBAN,STREET,2,20.0
146535,1,6,130,5,6,60.0,0,N,MELB_URBAN,ROAD,5,17.0
146536,4,4,181,5,1,100.0,0,N,MELB_URBAN,FREEWAY,6,15.0
146537,1,3,140,5,1,80.0,0,N,RURAL_VICTORIA,ROAD,6,15.0
146538,4,3,171,5,1,100.0,0,N,RURAL_VICTORIA,HIGHWAY,6,13.0
146539,2,4,100,2,1,50.0,0,N,MELB_URBAN,STREET,6,16.0
146540,1,4,130,1,1,60.0,0,N,MELB_URBAN,PARADE,6,16.0
146541,1,4,130,5,5,100.0,0,N,LARGE_PROVINCIAL_CITIES,ROAD,6,17.0
146542,2,4,102,5,3,50.0,0,N,SMALL_CITIES,STREET,6,19.0
146543,1,3,121,1,3,60.0,0,I,MELB_URBAN,ROAD,6,18.0
146544,1,4,130,5,6,100.0,0,N,MELB_URBAN,FREEWAY,6,18.0
146545,1,7,130,5,6,60.0,0,N,MELB_URBAN,ROAD,4,22.0
146546,1,3,130,5,3,100.0,0,N,MELB_URBAN,FREEWAY,6,19.0
146547,1,4,111,2,1,50.0,0,I,MELB_URBAN,ROAD,3,16.0
146548,1,4,140,1,5,100.0,0,I,RURAL_VICTORIA,ROAD,6,18.0
146549,1,4,120,5,3,50.0,0,N,MELB_URBAN,DRIVE,6,18.0
146550,1,3,99,5,5,80.0,0,N,MELB_URBAN,RAMP,6,19.0
146551,3,4,167,5,5,100.0,0,N,RURAL_VICTORIA,ROAD,6,18.0
146552,1,3,160,5,3,60.0,0,N,LARGE_PROVINCIAL_CITIES,ROAD,6,23.0
146553,1,7,132,1,9,40.0,0,I,LARGE_PROVINCIAL_CITIES,STREET,5,18.0
146554,1,4,110,1,5,60.0,0,I,LARGE_PROVINCIAL_CITIES,AVENUE,6,21.0
146555,1,4,110,1,3,60.0,0,I,MELB_URBAN,STREET,6,23.0
146556,1,5,132,5,1,60.0,0,N,LARGE_PROVINCIAL_CITIES,ROAD,5,10.0
146557,1,3,133,5,1,70.0,0,N,MELB_URBAN,DRIVE,5,9.0
146558,1,4,130,5,3,100.0,0,N,MELB_URBAN,FREEWAY,6,2.0
146559,1,4,130,5,3,60.0,0,N,MELB_URBAN,ROAD,6,2.0