,accident_type,day_of_week,dca_code,road_geometry,light_condition,speed_zone,severity,node_type,deg_urban_name,road_type,month,hour
146560,1,3,99,1,9,50.0,0,I,MELB_URBAN,STREET,5,9.0
146561,5,5,99,5,5,100.0,0,N,RURAL_VICTORIA,ROAD,6,6.0
146562,1,3,130,5,3,40.0,0,N,TOWNS,OTHER,5,19.0
146563,1,7,160,5,1,40.0,0,N,MELB_URBAN,ROAD,4,13.0
146564,2,5,102,5,1,40.0,0,N,MELB_URBAN,STREET,6,8.0
146565,1,5,113,2,1,80.0,1,I,SMALL_CITIES,ROAD,6,9.0
146566,1,3,110,1,9,60.0,0,N,MELB_URBAN,STREET,5,20.0
146567,1,5,130,5,1,100.0,0,N,MELB_URBAN,ROAD,6,9.0
146568,8,4,99,5,1,80.0,0,N,RURAL_VICTORIA,ROAD,5,15.0
146569,1,6,121,2,1,80.0,0,I,MELB_URBAN,HIGHWAY,3,16.0
146570,1,5,110,1,1,40.0,0,I,MELB_URBAN,ROAD,6,9.0
146571,3,3,167,5,1,80.0,0,N,SMALL_TOWNS,ROAD,5,7.0
146572,1,1,130,5,1,70.0,0,N,MELB_URBAN,STREET,5,9.0
146573,1,4,130,1,1,60.0,0,I,MELB_URBAN,ROAD,6,11.0
146574,1,4,133,5,1,80.0,0,N,MELB_URBAN,HIGHWAY,6,11.0
146575,1,4,121,2,1,60.0,0,I,MELB_URBAN,ROAD,6,12.0
146576,4,3,171,5,1,50.0,0,N,RURAL_VICTORIA,ROAD,3,17.0
146577,4,4,99,5,1,80.0,0,N,MELB_URBAN,ROAD,6,12.0
146578,1,5,130,5,1,80.0,1,N,MELB_URBAN,ROAD,6,8.0
146579,1,4,120,5,2,60.0,0,N,MELB_URBAN,ROAD,6,17.0
146580,3,4,167,5,5,80.0,0,N,LARGE_PROVINCIAL_CITIES,AVENUE,5,22.0
146581,4,5,173,5,1,80.0,0,N,MELB_URBAN,FREEWAY,6,12.0
146582,1,5,130,5,6,70.0,0,N,MELB_URBAN,ROAD,5,18.0
146583,1,5,171,5,1,50.0,0,N,MELB_URBAN,STREET,6,13.0
146584,1,2,99,2,1,80.0,0,I,MELB_URBAN,ROAD,5,18.0
146585,1,6,110,1,3,60.0,0,N,LARGE_PROVINCIAL_CITIES,STREET,5,0.0
146586,1,2,99,5,9,80.0,0,N,MELB_URBAN,ROAD,5,16.0
146587,1,2,132,2,9,60.0,0,N,MELB_URBAN,ROAD,5,17.0
146588,2,5,100,2,1,60.0,0,I,MELB_URBAN,ROAD,6,14.0
146589,1,5,160,5,1,50.0,0,N,MELB_URBAN,AVENUE,6,12.0
146590,1,4,116,2,1,70.0,0,I,LARGE_PROVINCIAL_CITIES,OTHER,6,15.0
146591,1,3,130,1,1,60.0,0,I,MELB_URBAN,ROAD,5,15.0
146592,1,4,135,5,1,40.0,0,N,MELB_URBAN,STREET,6,15.0
146593,1,5,130,5,1,60.0,0,N,MELB_URBAN,RAMP,6,14.0
146594,1,5,110,1,1,70.0,0,I,SMALL_CITIES,HIGHWAY,6,16.0
146595,2,4,102,5,3,40.0,0,I,SMALL_CITIES,STREET,6,17.0
146596,1,5,113,2,1,60.0,0,I,TOWNS,ROAD,6,14.0
146597,1,4,130,5,3,100.0,0,N,MELB_URBAN,ROAD,6,17.0
146598,1,5,147,5,3,60.0,0,N,MELB_URBAN,ROAD,6,17.0
146599,1,4,130,5,5,60.0,0,N,SMALL_CITIES,ROAD,6,18.0
146600,2,5,100,1,3,70.0,0,I,MELB_URBAN,STREET,6,17.0
146601,1,4,130,5,3,60.0,0,N,MELB_URBAN,ROAD,6,17.0
146602,1,3,163,5,3,40.0,0,N,MELBOURNE_CBD,STREET,5,21.0
146603,4,5,173,5,3,50.0,0,N,MELB_URBAN,STREET,6,19.0
146604,6,4,99,1,1,100.0,0,I,RURAL_VICTORIA,ROAD,6,13.0
146605,1,5,133,2,1,60.0,0,I,MELB_URBAN,AVENUE,6,11.0
146606,1,5,130,2,1,40.0,0,N,MELB_URBAN,ROAD,6,16.0
146607,2,5,102,5,3,60.0,1,N,MELB_URBAN,ROAD,6,18.0
146608,1,5,160,2,3,50.0,0,N,TOWNS,ROAD,6,19.0
146609,1,4,121,2,9,80.0,0,I,MELB_URBAN,HIGHWAY,6,22.0
146610,4,5,171,5,3,60.0,0,N,LARGE_PROVINCIAL_CITIES,STREET,6,0.0
146611,4,5,173,5,5,100.0,0,N,RURAL_VICTORIA,ROAD,6,21.0
146612,8,5,174,5,1,80.0,0,N,MELB_URBAN,ROAD,5,15.0
146613,1,6,160,5,3,50.0,0,N,TOWNS,STREET,6,0.0
146614,1,5,110,1,3,80.0,0,I,MELB_URBAN,ROAD,6,1.0
146615,1,2,121,5,3,40.0,0,N,MELB_URBAN,ROAD,5,20.0
146616,1,2,134,5,1,100.0,0,N,MELB_URBAN,UNKNOWN,5,8.0
146617,1,5,121,2,3,60.0,0,I,MELB_URBAN,ROAD,5,20.0
146618,1,2,130,5,9,60.0,0,N,MELB_URBAN,ROAD,5,16.0
146619,5,6,99,5,5,100.0,0,N,RURAL_VICTORIA,HIGHWAY,6,7.0
146620,4,5,173,5,1,80.0,0,N,RURAL_VICTORIA,STREET,6,17.0
146621,8,6,174,5,6,80.0,0,N,MELB_URBAN,ROAD,4,1.0
146622,1,2,147,5,1,70.0,0,N,MELB_URBAN,ROAD,5,10.0
146623,1,6,140,5,1,40.0,0,N,MELB_URBAN,STREET,6,10.0
146624,1,5,130,2,1,60.0,0,I,MELB_URBAN,STREET,6,9.0
146625,1,5,130,1,1,60.0,0,I,MELB_URBAN,STREET,6,11.0
146626,4,6,181,5,1,100.0,0,N,RURAL_VICTORIA,ROAD,6,9.0
146627,4,6,181,5,1,50.0,0,N,MELB_URBAN,STREET,6,7.0
146628,1,0,130,2,1,60.0,0,N,RURAL_VICTORIA,ROAD,5,13.0
146629,1,5,130,5,1,60.0,0,N,MELB_URBAN,ROAD,6,12.0
146630,1,5,130,4,1,80.0,0,I,RURAL_VICTORIA,ROAD,6,11.0
146631,1,5,113,1,1,50.0,0,I,SMALL_CITIES,STREET,6,13.0
146632,1,6,113,2,1,60.0,0,I,SMALL_CITIES,STREET,6,14.0
146633,1,4,111,2,1,50.0,0,I,SMALL_CITIES,AVENUE,2,19.0
146634,8,6,174,1,3,60.0,0,I,MELB_URBAN,ROAD,5,6.0
146635,2,2,100,5,9,40.0,0,N,MELB_URBAN,STREET,5,17.0
146636,1,6,110,1,1,60.0,0,N,MELB_URBAN,OTHER,6,14.0
146637,5,3,99,5,3,50.0,0,N,MELB_URBAN,AVENUE,6,20.0
146638,1,6,140,2,1,60.0,0,I,MELB_URBAN,ROAD,6,12.0
146639,1,6,160,5,1,60.0,0,N,MELB_URBAN,ROAD,6,16.0
146640,1,6,110,1,3,60.0,0,I,SMALL_CITIES,STREET,6,17.0
146641,5,4,99,5,9,60.0,0,N,MELB_URBAN,ROAD,6,21.0
146642,1,0,130,5,1,80.0,0,N,MELB_URBAN,ROAD,5,7.0
146643,1,0,121,2,3,40.0,0,I,MELB_URBAN,STREET,5,18.0
146644,2,5,99,1,3,40.0,0,I,MELBOURNE_CBD,STREET,6,18.0
146645,4,5,173,5,1,100.0,0,N,UNKNOWN,ROAD,6,14.0
146646,1,5,130,5,5,80.0,0,N,MELB_URBAN,FREEWAY,6,18.0
146647,1,6,147,5,3,60.0,0,N,MELB_URBAN,ROAD,6,19.0
146648,1,7,134,5,3,80.0,0,N,MELB_URBAN,ROAD,5,23.0
146649,1,5,130,5,3,50.0,0,N,LARGE_PROVINCIAL_CITIES,AVENUE,6,19.0
146650,1,6,113,2,3,100.0,0,I,RURAL_VICTORIA,HIGHWAY,6,18.0
146651,1,6,130,5,3,80.0,0,N,MELB_URBAN,ROAD,6,21.0
146652,1,6,130,5,3,80.0,0,N,MELB_URBAN,ROAD,6,17.0
146653,1,6,121,2,1,80.0,1,I,MELB_URBAN,ROAD,6,14.0
146654,1,6,130,1,3,60.0,0,I,RURAL_VICTORIA,ROAD,6,4.0
146655,1,6,130,5,1,80.0,0,N,MELB_URBAN,FREEWAY,5,12.0
146656,1,7,121,2,2,70.0,0,I,MELB_URBAN,ROAD,6,6.0
146657,1,2,99,1,3,60.0,0,N,MELB_URBAN,ROAD,5,5.0
146658,2,7,100,5,1,50.0,0,N,MELB_URBAN,OTHER,6,8.0
146659,1,7,134,5,1,60.0,0,N,MELB_URBAN,ROAD,6,10.0
146660,1,7,99,1,1,60.0,0,N,MELB_URBAN,STREET,6,11.0
146661,1,7,110,1,1,50.0,0,I,MELB_URBAN,ROAD,6,9.0
146662,1,7,121,1,1,50.0,0,I,MELB_URBAN,ROAD,6,11.0
146663,8,7,184,5,1,100.0,0,N,RURAL_VICTORIA,ROAD,6,9.0
146664,3,6,167,5,5,100.0,0,N,RURAL_VICTORIA,ROAD,5,3.0
146665,6,6,174,1,1,40.0,0,I,TOWNS,OTHER,6,15.0
146666,4,7,173,5,1,110.0,0,N,RURAL_VICTORIA,HIGHWAY,6,12.0
146667,1,6,160,2,2,50.0,0,N,MELB_URBAN,AVENUE,6,7.0
146668,2,6,100,1,9,80.0,0,I,MELB_URBAN,HIGHWAY,6,1.0
146669,1,2,132,2,1,50.0,0,I,MELB_URBAN,OTHER,5,15.0
146670,1,3,130,1,1,50.0,0,N,MELB_URBAN,ROAD,5,15.0
146671,1,6,130,2,1,80.0,0,I,RURAL_VICTORIA,ROAD,6,13.0
146672,1,5,110,1,3,60.0,0,I,LARGE_PROVINCIAL_CITIES,STREET,6,19.0
146673,1,7,130,5,1,60.0,0,N,MELB_URBAN,ROAD,6,13.0
146674,1,7,130,5,1,80.0,0,N,MELB_URBAN,FREEWAY,6,15.0
146675,1,4,116,2,1,50.0,0,I,MELB_URBAN,ROAD,6,8.0
146676,1,4,130,5,2,60.0,0,N,SMALL_CITIES,STREET,4,17.0
146677,2,7,102,1,2,50.0,0,I,MELB_URBAN,STREET,6,17.0
146678,4,6,171,2,9,60.0,0,I,MELB_URBAN,PARADE,2,16.0
146679,2,7,100,5,3,50.0,0,N,MELB_URBAN,STREET,6,18.0
146680,1,6,121,1,3,60.0,0,I,MELB_URBAN,ROAD,6,18.0
146681,1,7,130,1,1,60.0,0,N,MELB_URBAN,ROAD,6,8.0
146682,4,7,173,5,3,50.0,0,N,MELB_URBAN,STREET,6,17.0
146683,1,7,111,2,1,80.0,0,N,RURAL_VICTORIA,ROAD,6,16.0
146684,1,6,113,1,3,60.0,0,I,MELB_URBAN,ROAD,6,19.0
146685,1,7,160,5,1,50.0,0,N,MELB_URBAN,AVENUE,6,15.0
146686,4,7,173,5,3,80.0,0,N,MELB_URBAN,HIGHWAY,6,20.0
146687,1,5,121,2,1,100.0,0,I,RURAL_VICTORIA,ROAD,6,15.0
146688,1,6,130,1,3,80.0,0,N,MELB_URBAN,UNKNOWN,6,19.0
146689,2,7,100,1,3,70.0,0,I,MELB_URBAN,ROAD,6,19.0
146690,4,5,183,3,6,50.0,0,N,SMALL_TOWNS,ROAD,6,22.0
146691,4,1,99,5,3,60.0,0,N,MELB_URBAN,ROAD,6,0.0
146692,4,1,171,5,5,80.0,0,N,RURAL_VICTORIA,ROAD,6,2.0
146693,1,0,130,2,3,40.0,0,N,MELB_URBAN,STREET,6,3.0
146694,4,1,171,1,3,80.0,0,I,LARGE_PROVINCIAL_CITIES,ROAD,6,3.0
146695,1,1,110,1,5,80.0,1,I,RURAL_VICTORIA,ROAD,6,1.0
146696,1,1,121,2,3,80.0,0,I,MELB_URBAN,ROAD,6,2.0
146697,1,0,130,2,2,60.0,0,I,MELB_URBAN,RAMP,6,6.0
146698,4,0,99,5,2,100.0,0,N,RURAL_VICTORIA,ROAD,6,6.0
146699,4,1,171,5,1,60.0,0,N,MELB_URBAN,ROAD,6,7.0
146700,4,0,171,5,1,60.0,0,N,LARGE_PROVINCIAL_CITIES,ROAD,6,9.0
146701,1,0,130,3,1,80.0,0,I,MELB_URBAN,FREEWAY,6,10.0
146702,1,3,121,1,2,60.0,0,I,SMALL_CITIES,ROAD,5,6.0
146703,4,1,183,5,1,70.0,0,N,RURAL_VICTORIA,ROAD,6,9.0
146704,8,1,174,2,1,50.0,0,N,MELB_URBAN,STREET,5,11.0
146705,1,1,99,5,1,50.0,0,N,SMALL_CITIES,ROAD,6,12.0
146706,2,4,100,2,2,50.0,0,N,MELB_URBAN,STREET,6,17.0
146707,1,1,120,5,1,60.0,0,N,MELB_URBAN,ROAD,6,12.0
146708,1,4,130,5,9,100.0,0,N,MELB_URBAN,FREEWAY,5,14.0
146709,6,1,99,5,1,100.0,0,N,RURAL_VICTORIA,ROAD,6,14.0
146710,1,0,110,1,1,60.0,0,I,TOWNS,STREET,6,15.0
146711,1,0,110,1,2,80.0,0,I,RURAL_VICTORIA,ROAD,6,16.0
146712,1,1,140,5,2,60.0,0,N,MELB_URBAN,ROAD,5,17.0
146713,1,1,113,2,1,50.0,0,I,MELB_URBAN,PARADE,6,16.0
146714,1,2,130,5,2,60.0,0,N,MELB_URBAN,ROAD,5,17.0
146715,1,3,121,1,3,60.0,0,I,MELB_URBAN,ROAD,5,5.0
146716,2,1,100,1,1,60.0,0,I,MELB_URBAN,STREET,6,14.0
146717,1,1,110,1,3,50.0,0,I,LARGE_PROVINCIAL_CITIES,DRIVE,6,19.0
146718,1,0,110,1,3,60.0,0,N,MELB_URBAN,ROAD,6,19.0
146719,4,0,171,5,5,80.0,0,N,MELB_URBAN,ROAD,6,19.0
146720,1,7,130,5,1,40.0,0,N,MELB_URBAN,ROAD,6,12.0
146721,1,3,110,1,3,80.0,0,I,RURAL_VICTORIA,ROAD,5,18.0
146722,1,6,120,5,1,60.0,0,N,RURAL_VICTORIA,ROAD,5,12.0
146723,1,2,99,5,1,60.0,0,N,MELB_URBAN,STREET,6,7.0
146724,1,1,121,1,3,100.0,0,I,RURAL_VICTORIA,HIGHWAY,6,6.0
146725,1,2,99,5,1,60.0,0,N,LARGE_PROVINCIAL_CITIES,ROAD,3,12.0
146726,5,6,99,5,1,40.0,0,N,MELB_URBAN,OTHER,6,15.0
146727,4,4,171,1,9,60.0,0,I,RURAL_VICTORIA,OTHER,6,12.0
146728,8,2,170,1,1,60.0,0,I,MELB_URBAN,ROAD,6,9.0
146729,1,2,110,1,1,60.0,0,I,TOWNS,STREET,6,9.0
146730,1,2,120,5,1,100.0,0,N,RURAL_VICTORIA,HIGHWAY,6,10.0
146731,8,6,99,5,1,60.0,0,N,SMALL_CITIES,ROAD,6,9.0
146732,2,2,100,1,1,80.0,1,I,MELB_URBAN,HIGHWAY,6,10.0
146733,1,2,135,5,1,80.0,0,N,MELB_URBAN,FREEWAY,4,8.0
146734,1,7,130,2,1,60.0,0,N,MELB_URBAN,STREET,6,12.0
146735,1,4,130,5,1,60.0,0,N,RURAL_VICTORIA,FREEWAY,6,14.0
146736,1,4,130,5,3,40.0,0,N,MELB_URBAN,ROAD,4,19.0
146737,1,5,130,1,1,70.0,0,I,MELB_URBAN,OTHER,5,9.0
146738,4,2,171,5,1,50.0,0,N,MELB_URBAN,ROAD,6,11.0
146739,2,7,100,1,1,50.0,0,N,MELB_URBAN,STREET,6,13.0
146740,1,2,163,2,3,40.0,0,I,MELB_URBAN,STREET,5,18.0
146741,1,2,99,2,1,60.0,0,N,MELB_URBAN,STREET,6,16.0
146742,1,5,130,5,9,40.0,0,N,MELB_URBAN,STREET,4,19.0
146743,4,1,171,1,1,80.0,0,I,MELB_URBAN,ROAD,6,17.0
146744,1,1,99,5,1,60.0,0,N,SMALL_TOWNS,STREET,6,13.0
146745,1,1,130,1,1,60.0,0,I,RURAL_VICTORIA,ROAD,6,12.0
146746,2,2,100,5,5,50.0,0,N,MELB_URBAN,BOULEVARD,6,18.0
146747,1,5,130,2,3,60.0,0,N,MELB_URBAN,ROAD,4,20.0
146748,1,2,110,1,3,60.0,0,I,MELB_URBAN,STREET,6,19.0
146749,1,2,110,1,3,60.0,0,I,LARGE_PROVINCIAL_CITIES,STREET,6,20.0
146750,1,6,130,2,3,60.0,0,N,MELB_URBAN,ROAD,6,21.0
146751,1,5,130,5,1,80.0,0,N,MELB_URBAN,ROAD,5,11.0
146752,1,1,130,5,3,60.0,0,N,LARGE_PROVINCIAL_CITIES,ROAD,6,20.0
146753,4,2,171,5,2,100.0,0,N,RURAL_VICTORIA,HIGHWAY,6,17.0
146754,1,2,110,1,1,50.0,0,I,SMALL_CITIES,STREET,6,14.0
146755,1,2,121,1,2,80.0,0,I,MELB_URBAN,HIGHWAY,6,18.0
146756,1,2,147,5,1,60.0,0,N,MELB_URBAN,ROAD,6,16.0
146757,1,4,135,5,1,60.0,0,N,MELB_URBAN,RAMP,5,11.0
146758,1,2,113,2,3,60.0,0,N,MELB_URBAN,OTHER,6,3.0
146759,1,2,133,5,3,100.0,0,N,MELB_URBAN,FREEWAY,6,22.0
146760,4,5,173,5,3,50.0,0,N,MELB_URBAN,STREET,4,22.0
146761,4,5,181,5,1,100.0,0,N,RURAL_VICTORIA,HIGHWAY,4,12.0
146762,1,5,120,5,1,40.0,0,N,RURAL_VICTORIA,ROAD,6,8.0
146763,4,3,173,5,3,40.0,0,N,MELB_URBAN,ROAD,6,6.0
146764,1,5,130,5,1,70.0,0,N,LARGE_PROVINCIAL_CITIES,ROAD,5,16.0
146765,1,3,99,2,2,60.0,0,I,MELB_URBAN,STREET,6,7.0
146766,1,3,121,1,1,60.0,0,N,MELB_URBAN,ROAD,6,7.0
146767,2,3,102,1,3,60.0,0,N,MELB_URBAN,ROAD,6,7.0
146768,1,6,99,5,1,60.0,0,N,MELB_URBAN,BOULEVARD,6,16.0
146769,1,4,121,1,1,60.0,0,I,MELB_URBAN,STREET,6,15.0
146770,1,3,99,1,1,60.0,0,I,MELBOURNE_CBD,STREET,6,11.0
146771,1,3,110,1,1,100.0,0,I,RURAL_VICTORIA,ROAD,6,9.0
146772,1,3,99,2,1,50.0,0,I,MELB_URBAN,ROAD,6,9.0
146773,1,2,160,5,1,60.0,0,N,LARGE_PROVINCIAL_CITIES,STREET,6,10.0
146774,2,3,100,2,1,60.0,0,I,MELB_URBAN,ROAD,6,13.0
146775,1,4,130,5,2,60.0,0,N,MELB_URBAN,ROAD,6,6.0
146776,1,2,121,1,1,60.0,0,I,MELB_URBAN,RAMP,6,12.0
146777,1,2,130,5,1,80.0,0,N,MELB_URBAN,ROAD,6,7.0
146778,2,3,102,1,2,60.0,0,I,MELB_URBAN,ROAD,6,6.0
146779,1,4,130,1,1,50.0,0,N,MELB_URBAN,ROAD,4,7.0
146780,9,6,99,5,9,50.0,0,N,RURAL_VICTORIA,ROAD,6,6.0
146781,2,2,99,5,1,60.0,0,N,MELB_URBAN,STREET,6,15.0
146782,2,4,99,5,1,50.0,0,N,TOWNS,OTHER,3,11.0
146783,1,2,110,1,1,60.0,0,I,TOWNS,STREET,6,14.0
146784,1,2,130,5,1,100.0,0,N,MELB_URBAN,FREEWAY,5,16.0
146785,1,2,110,1,2,100.0,0,I,RURAL_VICTORIA,ROAD,6,17.0
146786,1,0,140,2,1,60.0,0,N,MELB_URBAN,ROAD,6,9.0
146787,1,6,130,5,1,40.0,0,N,MELB_URBAN,STREET,4,9.0
146788,1,2,130,5,2,100.0,0,N,MELB_URBAN,ROAD,6,17.0
146789,1,3,121,2,1,60.0,0,I,RURAL_VICTORIA,ROAD,6,14.0
146790,4,3,181,5,2,80.0,0,N,RURAL_VICTORIA,ROAD,6,16.0
146791,1,2,121,2,1,60.0,0,I,MELB_URBAN,HIGHWAY,6,15.0
146792,1,3,111,1,1,80.0,0,I,MELB_URBAN,HIGHWAY,5,16.0
146793,4,3,181,5,1,100.0,0,N,RURAL_VICTORIA,ROAD,6,8.0
146794,1,3,130,5,3,60.0,0,N,LARGE_PROVINCIAL_CITIES,ROAD,6,18.0
146795,1,6,116,2,1,50.0,0,I,MELB_URBAN,ROAD,6,16.0
146796,1,2,130,5,3,80.0,0,N,MELB_URBAN,ROAD,6,17.0
146797,1,3,121,1,3,70.0,0,I,LARGE_PROVINCIAL_CITIES,ROAD,6,20.0
146798,1,2,130,5,3,80.0,0,N,MELB_URBAN,ROAD,6,18.0
146799,4,3,173,5,5,80.0,0,N,MELB_URBAN,ROAD,6,18.0
146800,4,3,171,5,2,100.0,0,N,RURAL_VICTORIA,ROAD,6,19.0
146801,6,3,170,5,5,100.0,0,N,RURAL_VICTORIA,HIGHWAY,6,18.0
146802,1,3,120,5,3,60.0,0,N,MELB_URBAN,ROAD,6,21.0
146803,1,2,130,5,3,60.0,0,N,RURAL_VICTORIA,ROAD,6,22.0
146804,1,1,110,1,3,60.0,0,I,TOWNS,STREET,6,5.0
146805,1,2,99,5,3,100.0,0,N,MELB_URBAN,ROAD,6,22.0
146806,1,0,130,2,1,50.0,0,I,MELB_URBAN,ROAD,5,16.0
146807,1,3,160,5,3,50.0,0,N,MELB_URBAN,STREET,6,5.0
146808,1,4,121,1,2,80.0,0,I,RURAL_VICTORIA,RAMP,6,6.0
146809,1,4,111,1,6,60.0,0,N,MELB_URBAN,PARADE,6,6.0
146810,1,4,110,1,1,60.0,0,I,SMALL_CITIES,DRIVE,6,7.0
146811,2,3,100,1,1,60.0,0,N,MELB_URBAN,ROAD,6,8.0
146812,2,6,99,5,2,50.0,0,N,MELB_URBAN,STREET,6,16.0
146813,4,3,99,1,1,60.0,0,N,MELB_URBAN,ROAD,6,9.0
146814,1,4,140,2,1,60.0,0,I,RURAL_VICTORIA,HIGHWAY,5,9.0
146815,1,4,130,5,3,60.0,0,N,SMALL_CITIES,ROAD,6,7.0
146816,1,2,99,1,1,50.0,0,I,MELB_URBAN,STREET,6,15.0
146817,4,3,173,4,1,60.0,0,N,MELB_URBAN,ROAD,6,9.0
146818,1,1,99,1,1,50.0,0,N,MELB_URBAN,STREET,6,7.0
146819,1,5,121,1,3,60.0,0,I,MELB_URBAN,STREET,6,18.0
146820,1,7,163,2,2,40.0,0,N,MELB_URBAN,STREET,4,17.0
146821,4,3,171,5,1,100.0,0,N,RURAL_VICTORIA,HIGHWAY,6,11.0
146822,1,4,99,1,1,60.0,0,I,MELB_URBAN,ROAD,6,11.0
146823,1,7,147,5,6,60.0,0,N,MELB_URBAN,ROAD,5,22.0
146824,4,4,171,5,1,80.0,0,N,MELB_URBAN,DRIVE,6,10.0
146825,1,3,130,5,1,60.0,0,N,MELB_URBAN,STREET,6,8.0
146826,1,2,130,5,3,80.0,0,N,MELB_URBAN,ROAD,5,17.0
146827,1,6,130,5,1,50.0,0,N,LARGE_PROVINCIAL_CITIES,STREET,5,13.0
146828,1,3,147,5,1,50.0,0,N,MELB_URBAN,ROAD,4,9.0
146829,1,4,160,5,1,40.0,0,N,MELB_URBAN,ROAD,6,14.0
146830,2,4,100,5,1,80.0,0,N,MELB_URBAN,HIGHWAY,6,13.0
146831,1,2,130,2,1,60.0,0,N,MELB_URBAN,STREET,5,14.0
146832,1,4,99,5,1,100.0,0,N,MELB_URBAN,FREEWAY,6,16.0
146833,2,3,102,5,3,60.0,0,N,SMALL_CITIES,ROAD,6,17.0
146834,2,3,100,2,3,70.0,0,N,MELB_URBAN,HIGHWAY,6,17.0
146835,1,3,132,2,2,60.0,0,I,SMALL_CITIES,DRIVE,6,18.0
146836,1,3,113,1,5,60.0,0,I,LARGE_PROVINCIAL_CITIES,STREET,6,18.0
146837,1,3,171,2,2,50.0,0,N,UNKNOWN,STREET,6,18.0
146838,1,3,110,1,3,80.0,0,I,MELB_URBAN,ROAD,6,21.0
146839,1,4,111,2,1,80.0,0,N,MELB_URBAN,ROAD,6,15.0
146840,1,4,160,5,3,50.0,0,N,MELB_URBAN,STREET,6,20.0
146841,4,5,99,2,3,50.0,0,I,MELB_URBAN,PARADE,6,0.0
146842,1,5,110,1,3,60.0,1,I,MELB_URBAN,ROAD,6,0.0
146843,1,4,130,5,1,100.0,0,N,MELB_URBAN,ROAD,6,16.0
146844,1,3,121,1,1,60.0,0,I,MELB_URBAN,STREET,6,10.0
146845,1,1,110,1,3,70.0,0,I,MELB_URBAN,STREET,6,22.0
146846,2,5,99,5,2,60.0,0,I,MELB_URBAN,STREET,6,6.0
146847,2,3,100,5,3,40.0,0,N,MELBOURNE_CBD,STREET,6,17.0
146848,1,5,140,5,1,70.0,0,N,MELB_URBAN,ROAD,6,8.0
146849,1,3,120,5,1,60.0,0,N,MELB_URBAN,ROAD,6,15.0
146850,2,4,99,1,1,40.0,0,I,MELB_URBAN,DRIVE,6,9.0
146851,4,1,171,5,3,80.0,0,N,MELB_URBAN,ROAD,5,0.0
146852,1,3,113,2,1,50.0,0,I,MELB_URBAN,OTHER,12,16.0
146853,4,5,181,5,1,80.0,0,N,RURAL_VICTORIA,ROAD,6,8.0
146854,4,5,181,5,2,100.0,0,N,UNKNOWN,ROAD,6,8.0
146855,1,3,130,1,9,60.0,0,I,MELB_URBAN,STREET,6,5.0
146856,1,2,130,4,1,60.0,0,N,MELB_URBAN,UNKNOWN,5,16.0
146857,1,5,121,2,1,60.0,0,I,MELB_URBAN,ROAD,6,12.0
146858,1,2,116,2,3,50.0,0,I,LARGE_PROVINCIAL_CITIES,STREET,6,6.0
146859,2,6,100,5,4,40.0,0,N,MELB_URBAN,ROAD,6,18.0
146860,1,5,113,2,1,40.0,0,I,MELB_URBAN,ROAD,6,13.0
146861,1,2,99,1,6,60.0,0,I,MELB_URBAN,ROAD,6,6.0
146862,4,6,173,5,3,60.0,0,N,LARGE_PROVINCIAL_CITIES,STREET,5,18.0
146863,1,4,99,5,3,100.0,0,N,MELB_URBAN,FREEWAY,6,17.0
146864,1,6,110,1,1,60.0,0,I,MELB_URBAN,STREET,5,11.0
146865,1,5,99,5,5,80.0,0,N,MELB_URBAN,ROAD,6,18.0
146866,1,5,130,1,1,80.0,0,I,MELB_URBAN,ROAD,6,15.0
146867,1,5,99,2,9,60.0,0,I,MELB_URBAN,ROAD,5,16.0
146868,1,6,134,5,9,60.0,0,N,MELB_URBAN,ROAD,5,12.0
146869,1,2,110,1,3,40.0,0,I,LARGE_PROVINCIAL_CITIES,STREET,5,20.0
146870,1,6,130,5,9,100.0,0,N,MELB_URBAN,FREEWAY,3,12.0
146871,1,2,160,5,1,60.0,0,N,MELB_URBAN,STREET,6,12.0
146872,2,5,100,3,2,60.0,0,I,MELB_URBAN,STREET,6,16.0
146873,6,7,170,5,1,100.0,0,N,RURAL_VICTORIA,ROAD,4,12.0
146874,4,4,171,5,1,100.0,0,N,RURAL_VICTORIA,ROAD,6,8.0
146875,1,4,130,1,1,70.0,0,N,MELB_URBAN,ROAD,6,16.0
146876,2,6,99,5,1,60.0,0,N,MELB_URBAN,STREET,6,7.0
146877,1,1,130,5,1,60.0,0,N,MELB_URBAN,ROAD,6,9.0
146878,1,6,130,1,3,60.0,0,N,MELB_URBAN,ROAD,5,22.0
146879,1,5,130,1,3,80.0,0,I,MELB_URBAN,ROAD,6,6.0
146880,1,6,113,2,3,50.0,0,N,MELB_URBAN,BOULEVARD,6,6.0
146881,1,6,130,2,1,30.0,0,I,MELB_URBAN,RAMP,6,8.0
146882,7,3,99,5,1,60.0,0,N,MELB_URBAN,ROAD,6,13.0
146883,1,5,110,1,1,50.0,0,I,SMALL_CITIES,STREET,6,10.0
146884,1,5,130,5,1,80.0,0,N,MELB_URBAN,ROAD,6,9.0
146885,4,6,181,5,1,50.0,0,N,MELB_URBAN,ROAD,6,10.0
146886,4,6,183,5,1,80.0,0,N,RURAL_VICTORIA,ROAD,6,7.0
146887,1,6,110,1,1,50.0,0,I,SMALL_CITIES,STREET,6,11.0