,accident_type,day_of_week,dca_code,road_geometry,light_condition,speed_zone,severity,node_type,deg_urban_name,road_type,month,hour
146888,8,6,174,1,1,40.0,0,N,MELB_URBAN,BOULEVARD,5,9.0
146889,1,5,110,1,1,60.0,0,I,MELB_URBAN,ROAD,6,11.0
146890,1,5,130,5,1,80.0,0,N,MELB_URBAN,ROAD,3,17.0
146891,1,3,99,5,1,60.0,0,N,MELB_URBAN,STREET,5,16.0
146892,1,6,99,2,1,50.0,0,N,MELB_URBAN,STREET,6,12.0
146893,1,6,99,5,1,60.0,0,N,TOWNS,HIGHWAY,6,9.0
146894,2,5,99,5,1,40.0,0,N,MELB_URBAN,STREET,6,9.0
146895,1,5,99,5,1,70.0,0,N,SMALL_CITIES,STREET,6,13.0
146896,4,6,173,5,1,60.0,0,N,MELB_URBAN,ROAD,6,12.0
146897,1,6,130,5,1,100.0,0,N,RURAL_VICTORIA,FREEWAY,6,10.0
146898,2,6,100,5,1,80.0,0,N,MELB_URBAN,ROAD,6,15.0
146899,1,6,99,5,1,40.0,0,N,MELB_URBAN,ROAD,6,12.0
146900,6,1,170,5,1,80.0,0,N,RURAL_VICTORIA,ROAD,5,11.0
146901,1,6,135,5,1,60.0,0,N,MELB_URBAN,RAMP,6,15.0
146902,1,2,99,2,1,50.0,0,I,MELB_URBAN,AVENUE,5,17.0
146903,1,6,140,5,2,40.0,0,N,MELB_URBAN,ROAD,6,16.0
146904,4,3,181,5,4,80.0,0,N,RURAL_VICTORIA,ROAD,6,18.0
146905,2,6,100,5,1,50.0,0,N,TOWNS,PARADE,6,16.0
146906,2,2,99,6,3,50.0,0,N,LARGE_PROVINCIAL_CITIES,AVENUE,6,6.0
146907,1,6,113,2,1,60.0,0,I,MELB_URBAN,ROAD,6,16.0
146908,1,5,130,5,2,80.0,0,N,RURAL_VICTORIA,ROAD,3,6.0
146909,2,6,100,2,3,60.0,0,I,MELB_URBAN,ROAD,6,17.0
146910,4,6,171,5,2,50.0,0,N,RURAL_VICTORIA,ROAD,6,5.0
146911,1,4,130,1,1,60.0,0,N,MELB_URBAN,AVENUE,6,13.0
146912,1,6,173,5,3,60.0,0,N,LARGE_PROVINCIAL_CITIES,ROAD,6,19.0
146913,1,6,163,5,3,60.0,0,N,MELB_URBAN,STREET,6,18.0
146914,1,1,99,5,1,60.0,0,N,MELB_URBAN,STREET,5,11.0
146915,1,3,121,1,3,60.0,0,I,MELB_URBAN,HIGHWAY,6,18.0
146916,4,7,99,5,5,100.0,0,N,RURAL_VICTORIA,HIGHWAY,6,2.0
146917,2,6,100,5,3,60.0,0,N,MELB_URBAN,ROAD,6,21.0
146918,1,5,130,5,1,80.0,0,N,MELB_URBAN,FREEWAY,6,14.0
146919,4,7,171,5,3,80.0,0,N,MELB_URBAN,RAMP,6,3.0
146920,1,3,135,5,1,100.0,0,N,MELB_URBAN,FREEWAY,3,14.0
146921,1,2,121,1,1,60.0,0,I,MELB_URBAN,ROAD,6,17.0
146922,1,4,135,5,1,50.0,0,N,MELB_URBAN,STREET,6,8.0
146923,1,6,130,5,1,60.0,0,N,MELB_URBAN,ROAD,6,8.0
146924,4,7,171,5,1,100.0,0,N,RURAL_VICTORIA,HIGHWAY,6,9.0
146925,1,6,173,5,1,70.0,0,N,MELB_URBAN,ROAD,6,11.0
146926,3,4,167,5,5,100.0,0,N,RURAL_VICTORIA,HIGHWAY,4,20.0
146927,1,6,130,1,1,60.0,0,N,MELB_URBAN,AVENUE,6,12.0
146928,1,6,121,2,1,60.0,0,I,MELB_URBAN,STREET,6,13.0
146929,1,2,120,5,1,80.0,0,N,MELB_URBAN,ROAD,5,16.0
146930,1,7,99,5,1,100.0,0,N,MELB_URBAN,ROAD,6,11.0
146931,1,6,130,5,1,80.0,0,N,MELB_URBAN,FREEWAY,6,13.0
146932,1,7,110,1,1,50.0,0,I,TOWNS,STREET,6,14.0
146933,1,4,121,2,3,70.0,0,I,MELB_URBAN,ROAD,6,18.0
146934,4,7,181,4,1,50.0,0,I,MELB_URBAN,ROAD,6,14.0
146935,1,6,116,4,1,90.0,0,I,RURAL_VICTORIA,ROAD,6,15.0
146936,4,7,173,5,1,100.0,0,I,RURAL_VICTORIA,ROAD,6,15.0
146937,1,7,113,2,1,80.0,0,I,RURAL_VICTORIA,HIGHWAY,6,16.0
146938,1,6,160,5,1,50.0,0,N,MELB_URBAN,ROAD,6,10.0
146939,4,7,173,5,1,100.0,0,N,RURAL_VICTORIA,HIGHWAY,6,15.0
146940,1,5,99,2,1,60.0,0,I,MELB_URBAN,STREET,6,14.0
146941,1,6,171,2,3,50.0,0,N,MELB_URBAN,AVENUE,6,17.0
146942,1,6,130,5,3,80.0,0,N,MELB_URBAN,RAMP,6,19.0
146943,1,7,121,1,3,50.0,0,I,MELB_URBAN,HIGHWAY,6,17.0
146944,1,7,111,2,3,60.0,0,I,MELB_URBAN,ROAD,6,18.0
146945,1,5,132,1,3,50.0,0,I,MELB_URBAN,STREET,4,21.0
146946,4,7,173,5,5,100.0,0,N,RURAL_VICTORIA,ROAD,6,22.0
146947,4,7,173,5,5,100.0,0,N,RURAL_VICTORIA,ROAD,6,22.0
146948,1,5,160,5,3,40.0,0,N,MELB_URBAN,STREET,6,21.0
146949,2,7,102,5,3,70.0,0,N,MELB_URBAN,ROAD,6,22.0
146950,7,1,99,3,3,50.0,0,I,SMALL_TOWNS,STREET,6,0.0
146951,1,3,160,5,1,60.0,0,N,MELB_URBAN,ROAD,4,9.0
146952,4,6,99,5,3,50.0,0,N,LARGE_PROVINCIAL_CITIES,STREET,6,22.0
146953,4,0,171,5,4,60.0,0,N,LARGE_PROVINCIAL_CITIES,STREET,6,3.0
146954,4,1,171,5,3,50.0,0,N,LARGE_PROVINCIAL_CITIES,STREET,6,3.0
146955,1,1,130,2,3,80.0,0,I,MELB_URBAN,ROAD,5,18.0
146956,1,5,121,2,2,40.0,0,N,MELB_URBAN,AVENUE,6,17.0
146957,1,3,130,1,1,70.0,0,N,MELB_URBAN,ROAD,6,14.0
146958,1,6,99,1,1,60.0,0,I,MELB_URBAN,HIGHWAY,6,14.0
146959,1,1,130,1,1,80.0,0,I,MELB_URBAN,HIGHWAY,6,9.0
146960,1,3,130,1,9,60.0,0,I,MELB_URBAN,STREET,6,18.0
146961,1,1,113,2,1,70.0,0,I,MELB_URBAN,ROAD,6,9.0
146962,1,1,113,2,1,50.0,0,I,MELB_URBAN,BOULEVARD,6,11.0
146963,1,7,130,1,1,80.0,0,I,MELB_URBAN,HIGHWAY,6,12.0
146964,2,1,100,5,1,50.0,0,N,TOWNS,STREET,6,12.0
146965,8,5,174,5,1,100.0,0,N,MELB_URBAN,FREEWAY,5,10.0
146966,1,1,130,2,1,70.0,0,I,MELB_URBAN,ROAD,6,10.0
146967,1,0,110,1,1,60.0,0,I,MELB_URBAN,ROAD,6,12.0
146968,6,7,99,5,1,100.0,0,N,RURAL_VICTORIA,ROAD,6,13.0
146969,1,1,113,2,1,50.0,0,I,RURAL_VICTORIA,ROAD,6,13.0
146970,1,1,110,1,1,50.0,0,I,LARGE_PROVINCIAL_CITIES,STREET,6,15.0
146971,4,0,171,5,1,100.0,0,N,RURAL_VICTORIA,HIGHWAY,6,14.0
146972,4,1,99,2,3,50.0,0,I,MELB_URBAN,STREET,6,4.0
146973,1,1,99,2,1,50.0,0,I,MELB_URBAN,STREET,6,16.0
146974,1,0,110,1,2,60.0,0,I,SMALL_CITIES,PARADE,6,16.0
146975,4,6,99,2,5,60.0,0,I,RURAL_VICTORIA,ROAD,6,18.0
146976,1,1,99,5,1,50.0,0,N,MELB_URBAN,STREET,6,13.0
146977,1,1,130,5,1,60.0,0,N,MELB_URBAN,ROAD,6,14.0
146978,1,1,120,5,1,100.0,1,N,RURAL_VICTORIA,ROAD,6,15.0
146979,1,5,99,1,1,80.0,0,I,RURAL_VICTORIA,HIGHWAY,5,15.0
146980,1,1,130,5,3,60.0,0,N,MELB_URBAN,RAMP,6,18.0
146981,4,1,173,2,2,100.0,0,I,RURAL_VICTORIA,ROAD,6,17.0
146982,1,0,121,1,3,80.0,0,N,MELB_URBAN,ROAD,6,17.0
146983,4,2,171,5,9,60.0,0,N,RURAL_VICTORIA,ROAD,4,15.0
146984,1,0,130,1,9,60.0,0,I,MELB_URBAN,ROAD,6,8.0
146985,4,1,99,5,3,50.0,0,N,MELB_URBAN,ROAD,6,19.0
146986,2,0,102,5,3,50.0,0,O,SMALL_CITIES,UNKNOWN,6,18.0
146987,1,1,113,4,5,80.0,0,I,RURAL_VICTORIA,FREEWAY,6,21.0
146988,1,1,121,2,3,60.0,0,I,MELB_URBAN,ROAD,6,22.0
146989,1,2,132,1,3,60.0,0,I,MELB_URBAN,ROAD,6,0.0
146990,2,2,99,2,9,40.0,0,N,MELB_URBAN,OTHER,4,12.0
146991,4,2,171,5,3,60.0,0,N,MELB_URBAN,ROAD,6,5.0
146992,4,1,173,5,3,80.0,0,N,MELB_URBAN,RAMP,6,5.0
146993,1,2,116,2,1,80.0,0,I,MELB_URBAN,ROAD,6,7.0
146994,4,2,173,2,1,60.0,0,N,MELB_URBAN,ROAD,6,7.0
146995,1,2,111,1,1,50.0,0,I,SMALL_TOWNS,STREET,6,8.0
146996,1,2,130,5,1,60.0,0,N,MELB_URBAN,ROAD,6,9.0
146997,1,2,99,5,1,40.0,0,N,MELB_URBAN,STREET,6,8.0
146998,1,1,113,1,1,50.0,0,I,MELB_URBAN,STREET,6,10.0
146999,1,0,130,1,3,60.0,0,N,MELB_URBAN,ROAD,6,18.0
147000,1,6,120,5,1,60.0,0,N,RURAL_VICTORIA,ROAD,6,14.0
147001,8,1,174,2,1,60.0,0,I,RURAL_VICTORIA,UNKNOWN,6,11.0
147002,4,2,183,5,2,100.0,0,N,RURAL_VICTORIA,ROAD,6,7.0
147003,1,2,99,5,1,60.0,0,N,MELB_URBAN,RAMP,6,10.0
147004,1,2,130,5,1,100.0,0,N,MELB_URBAN,FREEWAY,6,10.0
147005,8,1,99,5,1,110.0,0,N,RURAL_VICTORIA,HIGHWAY,5,10.0
147006,1,2,121,2,3,60.0,0,I,SMALL_CITIES,HIGHWAY,4,19.0
147007,1,2,110,1,1,50.0,0,I,MELB_URBAN,BOULEVARD,5,8.0
147008,1,3,113,2,1,60.0,0,I,MELB_URBAN,AVENUE,6,7.0
147009,8,1,174,2,1,100.0,0,I,RURAL_VICTORIA,HIGHWAY,6,13.0
147010,4,4,173,5,1,100.0,0,N,RURAL_VICTORIA,ROAD,6,7.0
147011,8,1,174,5,3,50.0,0,N,MELB_URBAN,ROAD,6,19.0
147012,1,1,147,5,1,60.0,0,N,LARGE_PROVINCIAL_CITIES,ROAD,6,13.0
147013,1,2,121,1,3,60.0,0,I,MELB_URBAN,STREET,6,2.0
147014,1,2,140,1,1,40.0,0,N,MELBOURNE_CBD,STREET,6,10.0
147015,1,3,121,2,3,60.0,0,I,MELB_URBAN,ROAD,5,6.0
147016,1,2,121,2,3,60.0,0,I,MELB_URBAN,ROAD,6,18.0
147017,8,2,174,1,3,60.0,0,I,MELB_URBAN,ROAD,6,18.0
147018,1,1,121,5,3,60.0,0,N,MELB_URBAN,ROAD,6,18.0
147019,1,2,120,5,1,80.0,0,N,RURAL_VICTORIA,ROAD,6,14.0
147020,1,2,133,5,1,100.0,0,N,RURAL_VICTORIA,HIGHWAY,6,17.0
147021,1,2,113,2,3,60.0,0,I,MELB_URBAN,STREET,6,20.0
147022,4,2,181,5,5,100.0,0,N,RURAL_VICTORIA,ROAD,6,19.0
147023,1,2,133,5,3,60.0,0,N,SMALL_CITIES,AVENUE,6,19.0
147024,1,4,110,1,1,60.0,0,I,MELB_URBAN,DRIVE,6,10.0
147025,1,0,113,2,3,80.0,0,I,MELB_URBAN,ROAD,6,22.0
147026,4,2,171,5,5,100.0,0,N,RURAL_VICTORIA,ROAD,6,23.0
147027,1,1,121,2,3,60.0,0,I,MELB_URBAN,ROAD,6,19.0
147028,4,3,173,5,3,80.0,0,N,LARGE_PROVINCIAL_CITIES,ROAD,6,6.0
147029,1,5,111,1,1,80.0,0,N,MELB_URBAN,HIGHWAY,6,11.0
147030,1,3,121,2,1,60.0,0,I,MELB_URBAN,ROAD,6,7.0
147031,4,2,173,5,1,60.0,0,N,MELB_URBAN,HIGHWAY,6,7.0
147032,1,3,110,1,1,60.0,0,I,MELB_URBAN,AVENUE,6,8.0
147033,1,1,99,1,9,60.0,0,N,RURAL_VICTORIA,HIGHWAY,6,6.0
147034,1,2,99,5,1,100.0,0,N,RURAL_VICTORIA,OTHER,6,8.0
147035,2,1,99,1,3,80.0,0,I,MELB_URBAN,HIGHWAY,6,21.0
147036,1,7,130,5,9,60.0,0,N,MELB_URBAN,STREET,6,14.0
147037,1,7,111,2,3,50.0,0,I,SMALL_CITIES,STREET,6,18.0
147038,8,3,184,3,1,50.0,0,N,SMALL_TOWNS,ROAD,6,9.0
147039,8,3,174,5,1,80.0,0,N,RURAL_VICTORIA,ROAD,6,8.0
147040,1,3,160,5,1,50.0,0,N,MELB_URBAN,BOULEVARD,6,8.0
147041,1,2,110,1,1,100.0,0,I,RURAL_VICTORIA,AVENUE,6,12.0
147042,9,2,99,5,1,60.0,0,N,RURAL_VICTORIA,OTHER,6,14.0
147043,8,3,184,5,5,100.0,0,N,RURAL_VICTORIA,ROAD,5,2.0
147044,1,3,113,2,3,70.0,0,I,MELB_URBAN,ROAD,6,17.0
147045,2,2,100,5,1,60.0,0,N,MELB_URBAN,ROAD,6,14.0
147046,3,6,167,5,1,100.0,0,N,RURAL_VICTORIA,ROAD,4,16.0
147047,1,3,120,5,2,50.0,0,N,SMALL_CITIES,DRIVE,6,16.0
147048,1,3,130,5,3,80.0,0,I,SMALL_TOWNS,HIGHWAY,6,6.0
147049,1,3,130,5,3,80.0,0,N,MELB_URBAN,HIGHWAY,6,17.0
147050,4,2,171,5,5,110.0,0,N,RURAL_VICTORIA,FREEWAY,6,17.0
147051,7,6,99,5,1,60.0,0,N,RURAL_VICTORIA,ROAD,6,16.0
147052,2,3,100,5,3,60.0,0,N,MELB_URBAN,STREET,6,19.0
147053,1,3,140,5,3,70.0,0,N,MELB_URBAN,ROAD,6,19.0
147054,2,3,100,1,5,60.0,0,I,MELB_URBAN,STREET,6,19.0
147055,1,2,130,1,2,80.0,0,I,MELB_URBAN,HIGHWAY,6,16.0
147056,1,2,130,5,3,80.0,0,N,MELB_URBAN,FREEWAY,6,20.0
147057,4,3,173,5,3,60.0,0,N,LARGE_PROVINCIAL_CITIES,ROAD,6,23.0
147058,1,5,130,1,1,60.0,0,I,MELB_URBAN,ROAD,4,15.0
147059,4,2,99,5,1,80.0,0,N,RURAL_VICTORIA,ROAD,5,12.0
147060,4,2,171,3,5,60.0,0,I,RURAL_VICTORIA,ROAD,6,21.0
147061,1,6,130,1,1,80.0,0,N,MELB_URBAN,ROAD,5,12.0
147062,1,3,134,5,1,60.0,0,N,MELB_URBAN,RAMP,6,8.0
147063,5,2,99,5,1,100.0,0,N,RURAL_VICTORIA,ROAD,6,11.0
147064,4,6,173,2,2,60.0,0,I,MELB_URBAN,ROAD,11,16.0
147065,1,7,110,1,3,80.0,0,I,MELB_URBAN,ROAD,6,23.0
147066,1,4,132,2,1,80.0,0,I,MELB_URBAN,ROAD,6,8.0
147067,1,3,116,2,1,60.0,0,I,MELB_URBAN,ROAD,6,9.0
147068,4,3,183,1,2,80.0,0,I,RURAL_VICTORIA,ROAD,6,6.0
147069,4,4,173,5,1,60.0,0,N,LARGE_PROVINCIAL_CITIES,ROAD,6,10.0
147070,6,6,174,1,3,50.0,0,I,MELB_URBAN,STREET,5,23.0
147071,1,4,121,1,1,70.0,0,I,MELB_URBAN,BOULEVARD,6,7.0
147072,1,3,130,5,1,80.0,0,N,MELB_URBAN,FREEWAY,6,7.0
147073,1,4,130,5,1,80.0,0,N,MELB_URBAN,HIGHWAY,6,16.0
147074,8,4,174,5,2,60.0,0,N,MELB_URBAN,ROAD,6,7.0
147075,3,3,167,5,2,100.0,0,N,RURAL_VICTORIA,ROAD,6,17.0
147076,2,3,100,1,1,80.0,0,N,MELB_URBAN,HIGHWAY,6,13.0
147077,2,3,100,2,1,50.0,0,N,MELB_URBAN,ROAD,6,10.0
147078,1,3,121,4,1,70.0,0,I,MELB_URBAN,DRIVE,6,11.0
147079,9,5,99,1,2,60.0,0,I,MELB_URBAN,ROAD,5,17.0
147080,4,3,171,5,1,100.0,0,N,RURAL_VICTORIA,ROAD,6,12.0
147081,4,3,173,5,1,80.0,0,N,MELB_URBAN,HIGHWAY,6,13.0
147082,1,3,130,2,1,60.0,0,N,MELB_URBAN,ROAD,6,12.0
147083,1,3,130,5,1,60.0,0,N,SMALL_CITIES,STREET,6,8.0
147084,2,6,100,5,3,40.0,1,N,MELB_URBAN,STREET,6,22.0
147085,1,1,147,5,9,50.0,0,N,MELB_URBAN,AVENUE,2,11.0
147086,4,3,173,5,1,50.0,0,N,TOWNS,STREET,6,14.0
147087,1,3,130,1,1,70.0,0,N,MELB_URBAN,ROAD,6,17.0
147088,1,3,99,1,3,60.0,0,N,MELB_URBAN,STREET,6,18.0
147089,4,4,171,5,1,50.0,0,N,MELB_URBAN,AVENUE,6,16.0
147090,2,2,102,1,3,70.0,0,N,MELB_URBAN,HIGHWAY,6,19.0
147091,1,3,121,5,2,60.0,0,N,MELB_URBAN,ROAD,6,16.0
147092,4,1,173,5,1,60.0,0,N,RURAL_VICTORIA,OTHER,6,13.0
147093,2,3,100,1,3,60.0,0,I,MELB_URBAN,ROAD,6,17.0
147094,4,4,181,5,1,100.0,1,N,RURAL_VICTORIA,ROAD,6,13.0
147095,1,3,134,5,2,40.0,0,N,MELB_URBAN,ROAD,6,18.0
147096,2,4,102,5,1,50.0,0,N,SMALL_CITIES,OTHER,6,16.0
147097,1,4,113,2,3,80.0,0,I,RURAL_VICTORIA,ROAD,6,17.0
147098,1,4,99,2,3,50.0,0,N,MELB_URBAN,ROAD,6,19.0
147099,1,4,99,5,1,80.0,0,N,MELB_URBAN,HIGHWAY,6,14.0
147100,1,4,130,5,3,60.0,0,N,MELB_URBAN,RAMP,6,19.0
147101,2,4,102,5,5,80.0,0,N,MELB_URBAN,ROAD,6,17.0
147102,6,3,99,5,1,100.0,0,N,RURAL_VICTORIA,ROAD,6,17.0
147103,4,4,99,2,3,80.0,0,I,RURAL_VICTORIA,ROAD,6,20.0
147104,1,3,140,1,3,60.0,0,N,MELB_URBAN,HIGHWAY,6,22.0
147105,2,2,102,1,3,40.0,0,I,MELB_URBAN,STREET,6,1.0
147106,1,6,130,2,3,60.0,0,N,MELB_URBAN,ROAD,6,18.0
147107,1,3,111,2,1,50.0,0,I,MELB_URBAN,STREET,6,8.0
147108,2,3,99,2,1,40.0,0,I,MELB_URBAN,STREET,6,12.0
147109,4,5,171,5,3,80.0,1,N,MELB_URBAN,ROAD,6,3.0
147110,1,2,130,5,3,80.0,0,N,MELB_URBAN,ROAD,6,18.0
147111,1,4,130,5,3,70.0,0,N,MELB_URBAN,ROAD,6,6.0
147112,4,1,173,1,3,80.0,0,I,MELB_URBAN,STREET,5,6.0
147113,1,4,113,1,1,60.0,0,I,MELB_URBAN,STREET,6,8.0
147114,1,5,110,1,2,60.0,0,N,LARGE_PROVINCIAL_CITIES,ROAD,6,7.0
147115,2,5,102,5,3,50.0,0,N,TOWNS,STREET,6,7.0
147116,4,5,181,5,3,50.0,0,N,MELB_URBAN,OTHER,6,6.0
147117,4,5,171,5,1,100.0,0,N,RURAL_VICTORIA,ROAD,6,7.0
147118,1,1,121,4,1,80.0,0,N,MELB_URBAN,ROAD,6,12.0
147119,1,4,113,2,1,50.0,0,I,MELB_URBAN,ROAD,6,8.0
147120,1,3,111,1,3,60.0,0,I,LARGE_PROVINCIAL_CITIES,STREET,4,20.0
147121,4,4,173,5,1,100.0,0,N,RURAL_VICTORIA,ROAD,6,11.0
147122,2,7,102,5,1,30.0,0,N,MELB_URBAN,UNKNOWN,4,12.0
147123,1,4,160,5,1,50.0,0,N,MELB_URBAN,DRIVE,6,11.0
147124,2,4,99,5,1,40.0,0,N,MELB_URBAN,STREET,6,11.0
147125,1,4,134,2,1,40.0,0,I,MELB_URBAN,PARADE,1,13.0
147126,4,4,171,5,5,80.0,0,N,RURAL_VICTORIA,ROAD,4,3.0
147127,1,5,121,2,1,60.0,0,I,SMALL_CITIES,ROAD,6,11.0
147128,7,4,184,5,1,100.0,0,N,RURAL_VICTORIA,ROAD,6,13.0
147129,1,1,132,1,1,80.0,0,N,SMALL_CITIES,ROAD,5,10.0
147130,1,4,113,2,3,50.0,0,I,MELB_URBAN,ROAD,5,19.0
147131,1,4,130,1,1,80.0,0,I,MELB_URBAN,HIGHWAY,6,9.0
147132,1,3,99,1,1,50.0,0,I,MELB_URBAN,OTHER,6,9.0
147133,8,2,99,5,1,60.0,0,N,RURAL_VICTORIA,ROAD,5,14.0
147134,1,4,113,2,1,60.0,0,N,RURAL_VICTORIA,ROAD,6,15.0
147135,1,5,140,2,1,50.0,0,I,MELB_URBAN,STREET,6,13.0
147136,1,3,130,5,1,60.0,0,N,MELB_URBAN,ROAD,2,16.0
147137,2,5,102,2,1,40.0,0,N,MELB_URBAN,STREET,6,15.0
147138,1,4,140,5,1,60.0,0,N,MELB_URBAN,ROAD,6,14.0
147139,1,4,99,5,1,60.0,0,N,SMALL_CITIES,DRIVE,6,14.0
147140,2,5,100,2,1,60.0,0,I,MELB_URBAN,STREET,6,14.0
147141,1,4,130,2,2,60.0,0,N,MELB_URBAN,PARADE,6,16.0
147142,8,2,170,5,3,100.0,0,N,RURAL_VICTORIA,ROAD,6,19.0
147143,1,5,130,5,1,80.0,0,N,LARGE_PROVINCIAL_CITIES,ROAD,6,16.0
147144,1,5,120,5,1,80.0,0,N,MELB_URBAN,ROAD,6,14.0
147145,4,5,99,2,9,100.0,0,I,RURAL_VICTORIA,ROAD,5,1.0
147146,1,0,130,5,9,60.0,0,N,MELB_URBAN,RAMP,9,21.0
147147,2,5,99,1,1,60.0,0,N,MELB_URBAN,ROAD,6,10.0
147148,1,4,121,2,1,100.0,0,I,RURAL_VICTORIA,ROAD,6,16.0
147149,8,3,99,5,9,50.0,0,N,MELB_URBAN,STREET,6,18.0
147150,2,5,99,5,1,60.0,0,N,MELB_URBAN,STREET,6,14.0
147151,2,5,100,1,2,70.0,0,I,MELB_URBAN,OTHER,6,17.0
147152,1,4,130,5,3,70.0,0,N,MELB_URBAN,ROAD,6,17.0
147153,1,4,121,1,3,70.0,0,I,MELB_URBAN,DRIVE,6,19.0
147154,1,4,113,2,3,60.0,0,I,MELB_URBAN,STREET,6,17.0
147155,2,5,100,1,3,70.0,1,I,LARGE_PROVINCIAL_CITIES,OTHER,6,18.0
147156,2,6,102,1,6,60.0,0,N,MELB_URBAN,ROAD,5,21.0
147157,1,5,110,1,1,70.0,0,I,SMALL_CITIES,PARADE,4,15.0
147158,8,5,174,5,3,40.0,0,N,MELBOURNE_CBD,STREET,6,20.0
147159,1,2,132,2,3,80.0,0,I,MELB_URBAN,ROAD,6,0.0
147160,1,4,110,1,1,40.0,0,N,MELB_URBAN,ROAD,6,15.0
147161,2,5,102,1,3,60.0,0,I,MELB_URBAN,ROAD,6,22.0
147162,1,5,160,5,3,60.0,0,N,MELB_URBAN,ROAD,6,23.0
147163,1,5,113,1,3,80.0,0,I,MELB_URBAN,HIGHWAY,6,18.0
147164,4,5,171,5,3,60.0,0,N,MELB_URBAN,ROAD,6,1.0
147165,1,4,130,5,1,80.0,0,N,RURAL_VICTORIA,HIGHWAY,6,16.0
147166,1,6,147,5,2,60.0,0,N,MELB_URBAN,ROAD,6,7.0
147167,2,6,102,5,1,60.0,0,N,SMALL_CITIES,STREET,6,8.0
147168,1,6,113,2,1,100.0,0,N,RURAL_VICTORIA,ROAD,6,9.0
147169,8,7,99,1,1,60.0,0,N,RURAL_VICTORIA,HIGHWAY,10,12.0
147170,1,7,113,4,9,80.0,0,I,MELB_URBAN,RAMP,6,11.0
147171,4,5,173,5,1,100.0,0,N,RURAL_VICTORIA,ROAD,6,8.0
147172,1,2,132,1,3,60.0,0,I,MELB_URBAN,HIGHWAY,5,17.0
147173,1,4,121,4,1,60.0,0,I,MELB_URBAN,ROAD,6,14.0
147174,1,5,113,2,1,60.0,0,I,RURAL_VICTORIA,ROAD,6,10.0
147175,1,5,130,2,1,60.0,0,I,MELB_URBAN,ROAD,6,15.0
147176,1,4,116,1,2,70.0,0,I,MELB_URBAN,ROAD,6,16.0
147177,6,6,170,5,2,100.0,0,N,RURAL_VICTORIA,HIGHWAY,6,7.0
147178,1,4,99,1,1,70.0,0,I,MELB_URBAN,ROAD,6,10.0
147179,8,6,174,1,1,100.0,0,I,RURAL_VICTORIA,ROAD,6,12.0
147180,2,6,99,5,1,100.0,1,N,RURAL_VICTORIA,HIGHWAY,6,8.0
147181,1,6,140,2,1,80.0,0,I,MELB_URBAN,ROAD,6,14.0
147182,1,6,147,5,1,60.0,0,N,MELB_URBAN,ROAD,6,13.0
147183,1,5,130,1,9,60.0,0,N,MELB_URBAN,ROAD,3,8.0
147184,1,4,147,5,1,80.0,0,N,MELB_URBAN,ROAD,6,17.0
147185,2,5,100,2,1,50.0,0,I,LARGE_PROVINCIAL_CITIES,STREET,6,15.0
147186,2,3,102,2,6,50.0,0,N,MELB_URBAN,STREET,6,19.0
147187,1,6,147,5,1,60.0,0,N,LARGE_PROVINCIAL_CITIES,ROAD,6,15.0
147188,4,6,171,5,1,100.0,0,N,RURAL_VICTORIA,HIGHWAY,6,15.0
147189,1,6,130,5,2,100.0,0,N,RURAL_VICTORIA,ROAD,6,17.0
147190,2,6,100,2,1,40.0,0,N,MELB_URBAN,PARADE,6,16.0
147191,1,4,130,4,1,60.0,0,N,MELB_URBAN,ROAD,6,9.0
147192,1,0,130,5,1,80.0,0,N,MELB_URBAN,ROAD,5,16.0
147193,1,6,130,4,1,80.0,0,N,MELB_URBAN,ROAD,6,15.0
147194,1,6,133,5,3,100.0,0,N,RURAL_VICTORIA,FREEWAY,6,17.0
147195,5,6,99,5,1,60.0,0,N,MELBOURNE_CBD,STREET,6,16.0
147196,2,6,100,1,3,60.0,0,I,MELB_URBAN,ROAD,6,18.0
147197,2,6,100,5,5,60.0,0,N,MELB_URBAN,ROAD,6,18.0
147198,2,5,99,5,3,50.0,0,N,LARGE_PROVINCIAL_CITIES,STREET,6,18.0
147199,2,6,102,2,3,40.0,0,N,TOWNS,ROAD,6,18.0
147200,1,6,173,5,3,80.0,0,N,MELB_URBAN,FREEWAY,6,18.0
147201,1,6,120,5,1,100.0,0,N,RURAL_VICTORIA,HIGHWAY,6,14.0
147202,1,5,110,1,1,60.0,0,N,MELB_URBAN,ROAD,6,16.0
147203,1,6,130,5,3,70.0,0,N,MELB_URBAN,HIGHWAY,6,19.0
147204,4,5,171,5,5,100.0,0,N,RURAL_VICTORIA,ROAD,6,23.0
147205,1,6,130,5,3,80.0,0,N,MELB_URBAN,FREEWAY,6,21.0
147206,4,6,173,1,3,60.0,0,I,MELB_URBAN,ROAD,6,0.0
147207,4,6,171,2,3,60.0,0,I,MELB_URBAN,STREET,6,1.0
147208,3,7,167,5,1,100.0,0,N,RURAL_VICTORIA,OTHER,6,8.0
147209,1,3,130,4,1,60.0,0,I,MELB_URBAN,ROAD,4,14.0
147210,6,6,99,5,5,50.0,0,N,RURAL_VICTORIA,ROAD,6,0.0
147211,6,0,99,5,1,100.0,0,N,RURAL_VICTORIA,ROAD,5,14.0
147212,1,7,121,1,1,60.0,0,I,MELB_URBAN,STREET,6,10.0
147213,1,7,111,1,1,60.0,0,I,SMALL_CITIES,STREET,6,10.0