,accident_type,day_of_week,dca_code,road_geometry,light_condition,speed_zone,severity,node_type,deg_urban_name,road_type,month,hour
147214,1,7,133,5,1,60.0,0,N,LARGE_PROVINCIAL_CITIES,ROAD,6,10.0
147215,1,7,135,4,1,80.0,0,N,MELB_URBAN,FREEWAY,6,8.0
147216,1,5,130,5,3,60.0,0,N,MELB_URBAN,ROAD,6,19.0
147217,1,6,130,5,1,70.0,0,N,LARGE_PROVINCIAL_CITIES,OTHER,6,10.0
147218,1,7,121,2,1,60.0,0,N,MELB_URBAN,OTHER,6,11.0
147219,7,7,99,9,1,100.0,0,N,RURAL_VICTORIA,HIGHWAY,6,12.0
147220,1,6,120,5,1,50.0,0,N,TOWNS,OTHER,6,12.0
147221,4,7,183,5,1,100.0,0,N,RURAL_VICTORIA,ROAD,6,12.0
147222,1,3,130,5,9,40.0,0,N,MELB_URBAN,ROAD,5,7.0
147223,1,6,99,5,1,60.0,0,N,MELB_URBAN,ROAD,6,14.0
147224,2,7,99,5,1,50.0,0,N,TOWNS,ROAD,6,11.0
147225,1,6,121,1,2,70.0,0,I,LARGE_PROVINCIAL_CITIES,ROAD,6,16.0
147226,7,5,99,5,3,50.0,0,N,LARGE_PROVINCIAL_CITIES,AVENUE,6,21.0
147227,1,6,110,1,1,50.0,0,N,MELB_URBAN,STREET,6,14.0
147228,1,7,121,5,1,50.0,0,N,MELB_URBAN,ROAD,6,13.0
147229,2,7,99,5,1,50.0,0,N,MELB_URBAN,ROAD,6,16.0
147230,1,7,130,5,1,100.0,0,N,MELB_URBAN,FREEWAY,6,12.0
147231,1,6,110,1,3,50.0,0,I,SMALL_CITIES,STREET,6,18.0
147232,1,1,120,5,9,50.0,0,N,MELB_URBAN,STREET,6,18.0
147233,3,6,167,5,5,100.0,0,N,RURAL_VICTORIA,HIGHWAY,6,17.0
147234,1,7,130,5,3,80.0,0,N,MELB_URBAN,ROAD,6,17.0
147235,4,6,173,5,2,80.0,0,N,MELB_URBAN,HIGHWAY,6,17.0
147236,1,7,130,2,3,60.0,0,I,MELB_URBAN,ROAD,6,17.0
147237,1,6,130,5,3,100.0,0,N,MELB_URBAN,FREEWAY,6,18.0
147238,1,7,99,5,1,50.0,1,N,LARGE_PROVINCIAL_CITIES,AVENUE,6,14.0
147239,1,6,160,5,3,60.0,0,N,MELB_URBAN,ROAD,6,19.0
147240,1,6,121,2,3,60.0,0,I,SMALL_CITIES,HIGHWAY,6,20.0
147241,1,6,110,1,3,60.0,0,I,MELB_URBAN,STREET,6,21.0
147242,4,1,173,5,5,100.0,0,N,RURAL_VICTORIA,ROAD,6,1.0
147243,1,7,99,2,1,60.0,0,I,MELB_URBAN,ROAD,6,12.0
147244,1,0,130,5,4,60.0,0,N,MELB_URBAN,ROAD,6,6.0
147245,1,6,130,5,1,70.0,0,N,MELB_URBAN,ROAD,6,14.0
147246,1,6,110,1,3,50.0,0,I,TOWNS,STREET,6,23.0
147247,1,1,99,2,1,50.0,0,I,MELB_URBAN,ROAD,6,8.0
147248,1,1,130,5,2,80.0,0,N,MELB_URBAN,UNKNOWN,6,6.0
147249,4,0,171,5,1,80.0,0,N,MELB_URBAN,FREEWAY,6,10.0
147250,4,1,181,5,5,100.0,0,N,RURAL_VICTORIA,ROAD,6,3.0
147251,1,2,130,2,1,60.0,0,N,MELB_URBAN,ROAD,6,15.0
147252,1,1,99,5,1,100.0,0,N,RURAL_VICTORIA,HIGHWAY,6,8.0
147253,1,6,130,5,1,60.0,0,N,MELB_URBAN,ROAD,6,17.0
147254,7,1,99,2,1,60.0,0,I,MELB_URBAN,ROAD,6,11.0
147255,1,1,134,2,1,60.0,0,I,MELB_URBAN,STREET,6,11.0
147256,1,6,116,2,2,50.0,0,I,MELB_URBAN,ROAD,6,17.0
147257,1,6,130,2,9,60.0,0,I,MELB_URBAN,DRIVE,6,17.0
147258,4,1,181,5,1,80.0,0,N,RURAL_VICTORIA,ROAD,6,12.0
147259,1,1,130,1,1,60.0,0,N,TOWNS,STREET,6,13.0
147260,8,3,99,5,1,60.0,0,N,RURAL_VICTORIA,ROAD,2,14.0
147261,4,1,181,5,1,100.0,0,N,LARGE_PROVINCIAL_CITIES,ROAD,6,13.0
147262,1,1,121,1,1,60.0,0,N,SMALL_CITIES,ROAD,6,13.0
147263,8,7,174,2,1,50.0,0,N,MELB_URBAN,BOULEVARD,6,16.0
147264,1,3,121,1,1,60.0,0,I,MELB_URBAN,ROAD,5,15.0
147265,1,1,99,2,1,50.0,0,I,MELB_URBAN,AVENUE,6,14.0
147266,1,1,147,5,1,60.0,0,N,SMALL_CITIES,ROAD,6,11.0
147267,1,6,133,5,2,50.0,0,N,SMALL_CITIES,STREET,6,16.0
147268,1,0,120,5,1,50.0,0,N,MELB_URBAN,AVENUE,6,13.0
147269,1,4,116,2,1,60.0,0,I,MELB_URBAN,DRIVE,6,8.0
147270,6,1,170,5,1,60.0,0,N,TOWNS,ROAD,6,16.0
147271,1,1,132,2,1,80.0,0,I,TOWNS,HIGHWAY,6,14.0
147272,2,1,99,5,3,60.0,0,N,LARGE_PROVINCIAL_CITIES,AVENUE,6,17.0
147273,1,1,113,2,3,70.0,0,I,LARGE_PROVINCIAL_CITIES,OTHER,6,18.0
147274,1,1,113,2,3,80.0,0,I,MELB_URBAN,ROAD,6,20.0
147275,6,1,184,5,1,60.0,0,N,MELB_URBAN,ROAD,6,15.0
147276,6,1,99,5,2,40.0,1,N,RURAL_VICTORIA,ROAD,6,16.0
147277,4,2,173,5,3,60.0,0,N,MELB_URBAN,ROAD,6,0.0
147278,2,1,102,5,3,60.0,0,N,MELB_URBAN,ROAD,6,6.0
147279,1,3,110,1,3,60.0,0,I,MELB_URBAN,ROAD,6,0.0
147280,1,5,134,5,1,60.0,0,N,MELB_URBAN,ROAD,6,15.0
147281,4,2,181,5,1,60.0,0,N,MELB_URBAN,ROAD,6,10.0
147282,2,2,100,1,3,60.0,1,N,SMALL_TOWNS,ROAD,6,6.0
147283,1,2,113,2,1,80.0,0,I,SMALL_CITIES,ROAD,6,8.0
147284,1,1,135,5,1,60.0,0,N,MELB_URBAN,ROAD,6,13.0
147285,1,1,110,1,1,60.0,0,N,MELB_URBAN,STREET,6,11.0
147286,1,2,111,1,1,80.0,0,I,MELB_URBAN,ROAD,6,9.0
147287,1,2,113,2,1,60.0,0,I,SMALL_CITIES,ROAD,6,11.0
147288,4,7,171,2,1,50.0,0,I,RURAL_VICTORIA,ROAD,6,15.0
147289,1,5,130,1,1,50.0,0,N,MELB_URBAN,STREET,5,9.0
147290,1,4,130,5,2,80.0,0,N,MELB_URBAN,HIGHWAY,5,6.0
147291,1,5,130,5,1,80.0,0,N,MELB_URBAN,FREEWAY,6,17.0
147292,1,2,113,2,2,60.0,0,I,RURAL_VICTORIA,ROAD,6,6.0
147293,1,4,132,1,3,60.0,0,I,MELB_URBAN,ROAD,5,17.0
147294,1,6,113,2,3,50.0,0,I,MELB_URBAN,ROAD,6,18.0
147295,1,5,130,2,2,60.0,0,I,MELB_URBAN,STREET,6,18.0
147296,1,4,147,5,1,60.0,0,N,MELB_URBAN,ROAD,6,11.0
147297,4,0,171,5,5,100.0,0,N,RURAL_VICTORIA,ROAD,6,1.0
147298,1,3,130,2,9,60.0,0,I,MELB_URBAN,ROAD,6,13.0
147299,6,2,99,5,1,50.0,0,N,MELB_URBAN,BOULEVARD,6,12.0
147300,1,1,110,1,3,50.0,0,I,SMALL_CITIES,STREET,6,17.0
147301,1,7,130,5,1,60.0,0,N,MELB_URBAN,STREET,5,12.0
147302,1,2,99,2,1,50.0,0,I,SMALL_CITIES,DRIVE,6,15.0
147303,1,2,130,5,5,80.0,0,N,MELB_URBAN,HIGHWAY,6,17.0
147304,1,2,99,5,1,60.0,0,N,MELB_URBAN,ROAD,6,8.0
147305,1,1,130,2,3,60.0,0,I,MELB_URBAN,ROAD,6,17.0
147306,1,2,99,2,1,60.0,0,I,LARGE_PROVINCIAL_CITIES,STREET,6,15.0
147307,6,2,170,5,1,100.0,0,N,RURAL_VICTORIA,HIGHWAY,6,16.0
147308,1,3,130,1,1,70.0,0,N,LARGE_PROVINCIAL_CITIES,ROAD,6,17.0
147309,4,4,171,5,2,100.0,0,N,RURAL_VICTORIA,ROAD,5,18.0
147310,4,2,171,1,3,80.0,0,I,MELB_URBAN,OTHER,6,19.0
147311,1,5,130,2,1,80.0,0,I,MELB_URBAN,ROAD,6,11.0
147312,1,3,116,1,3,60.0,0,I,MELB_URBAN,STREET,5,22.0
147313,1,2,130,2,3,60.0,0,N,MELB_URBAN,ROAD,6,18.0
147314,1,2,160,5,3,40.0,0,I,MELB_URBAN,STREET,6,20.0
147315,1,2,130,1,2,60.0,0,N,MELB_URBAN,ROAD,6,6.0
147316,1,2,121,1,9,60.0,0,I,RURAL_VICTORIA,ROAD,5,12.0
147317,1,3,99,5,3,40.0,0,N,MELB_URBAN,STREET,5,18.0
147318,1,5,130,5,1,60.0,0,N,MELB_URBAN,DRIVE,6,12.0
147319,1,1,130,5,3,100.0,0,N,MELB_URBAN,FREEWAY,6,6.0
147320,1,1,99,5,3,60.0,0,N,MELB_URBAN,ROAD,6,0.0
147321,2,3,99,5,3,80.0,1,N,RURAL_VICTORIA,HIGHWAY,6,2.0
147322,1,1,113,2,1,80.0,0,I,TOWNS,HIGHWAY,6,16.0
147323,1,5,110,1,3,60.0,0,I,MELB_URBAN,STREET,6,19.0
147324,1,2,133,5,1,50.0,0,N,MELB_URBAN,STREET,6,10.0
147325,1,3,130,5,1,80.0,0,N,MELB_URBAN,UNKNOWN,6,9.0
147326,4,2,181,5,1,100.0,0,N,RURAL_VICTORIA,ROAD,6,9.0
147327,1,6,130,5,1,80.0,0,N,MELB_URBAN,FREEWAY,6,10.0
147328,1,3,121,1,2,80.0,0,I,SMALL_TOWNS,STREET,6,6.0
147329,1,3,130,1,1,60.0,0,I,MELB_URBAN,DRIVE,6,7.0
147330,1,4,134,5,1,60.0,0,N,MELB_URBAN,STREET,4,12.0
147331,1,2,121,1,1,60.0,0,I,LARGE_PROVINCIAL_CITIES,STREET,6,12.0
147332,1,7,130,1,1,60.0,0,I,LARGE_PROVINCIAL_CITIES,HIGHWAY,6,10.0
147333,1,2,113,2,1,50.0,0,I,MELB_URBAN,ROAD,6,14.0
147334,1,3,120,5,1,70.0,0,N,RURAL_VICTORIA,ROAD,6,12.0
147335,4,3,99,2,1,50.0,0,I,TOWNS,ROAD,6,12.0
147336,1,3,130,5,1,60.0,0,N,TOWNS,ROAD,6,10.0
147337,1,6,130,1,3,60.0,0,N,MELB_URBAN,ROAD,5,18.0
147338,1,3,99,5,1,50.0,0,N,SMALL_CITIES,STREET,6,14.0
147339,1,7,130,5,5,110.0,0,N,RURAL_VICTORIA,FREEWAY,6,2.0
147340,4,3,183,5,1,40.0,0,N,RURAL_VICTORIA,HIGHWAY,6,13.0
147341,1,6,113,2,3,50.0,0,I,MELB_URBAN,STREET,5,18.0
147342,1,3,99,5,1,60.0,0,N,LARGE_PROVINCIAL_CITIES,ROAD,6,14.0
147343,1,6,99,5,3,60.0,0,N,LARGE_PROVINCIAL_CITIES,STREET,5,20.0
147344,2,5,100,5,1,50.0,0,N,MELB_URBAN,ROAD,6,9.0
147345,4,3,173,5,1,100.0,0,N,RURAL_VICTORIA,ROAD,6,14.0
147346,1,2,130,1,1,60.0,0,I,MELB_URBAN,ROAD,6,17.0
147347,1,6,135,5,1,60.0,0,N,MELB_URBAN,ROAD,6,12.0
147348,6,1,170,1,1,80.0,0,I,RURAL_VICTORIA,ROAD,6,14.0
147349,8,4,99,5,1,40.0,0,N,MELB_URBAN,AVENUE,6,12.0
147350,2,2,100,1,1,50.0,0,I,MELB_URBAN,STREET,6,7.0
147351,1,3,121,2,2,100.0,0,I,RURAL_VICTORIA,HIGHWAY,6,17.0
147352,1,3,130,5,1,100.0,0,N,MELB_URBAN,ROAD,6,16.0
147353,4,2,181,5,1,60.0,0,N,RURAL_VICTORIA,OTHER,6,11.0
147354,1,2,99,4,3,60.0,0,N,MELB_URBAN,OTHER,6,21.0
147355,1,3,160,5,1,60.0,0,N,MELB_URBAN,ROAD,6,15.0
147356,2,3,99,5,2,80.0,0,N,MELB_URBAN,ROAD,6,17.0
147357,1,3,113,2,5,80.0,0,I,RURAL_VICTORIA,HIGHWAY,6,17.0
147358,1,1,99,5,3,60.0,0,I,MELB_URBAN,ROAD,6,18.0
147359,1,3,121,1,5,80.0,0,I,RURAL_VICTORIA,STREET,6,19.0
147360,1,2,130,5,3,70.0,0,N,MELB_URBAN,ROAD,6,4.0
147361,1,3,121,2,3,60.0,0,I,MELB_URBAN,ROAD,6,22.0
147362,2,2,102,5,3,40.0,0,N,MELB_URBAN,STREET,6,21.0
147363,2,3,99,5,3,50.0,1,N,MELB_URBAN,ROAD,6,20.0
147364,4,2,183,3,5,80.0,0,I,RURAL_VICTORIA,ROAD,6,23.0
147365,1,4,130,5,1,60.0,0,N,MELB_URBAN,ROAD,6,14.0
147366,1,4,121,1,3,70.0,0,I,MELB_URBAN,ROAD,6,5.0
147367,4,2,181,5,5,100.0,0,N,RURAL_VICTORIA,HIGHWAY,6,19.0
147368,2,6,99,5,2,60.0,0,N,RURAL_VICTORIA,ROAD,5,7.0
147369,1,5,121,1,3,60.0,0,I,MELB_URBAN,ROAD,6,7.0
147370,1,0,130,2,9,60.0,0,N,MELB_URBAN,DRIVE,1,7.0
147371,1,1,130,2,3,60.0,0,I,SMALL_CITIES,ROAD,6,18.0
147372,1,6,110,1,3,50.0,0,I,MELB_URBAN,ROAD,5,21.0
147373,1,3,113,1,1,60.0,0,I,MELB_URBAN,STREET,3,15.0
147374,6,1,174,5,1,60.0,0,N,MELB_URBAN,STREET,6,10.0
147375,4,3,171,5,1,50.0,0,N,TOWNS,STREET,6,9.0
147376,1,4,120,5,1,60.0,0,N,TOWNS,ROAD,6,9.0
147377,1,3,135,5,3,70.0,0,N,LARGE_PROVINCIAL_CITIES,OTHER,6,6.0
147378,6,3,174,5,1,60.0,0,N,MELB_URBAN,ROAD,6,10.0
147379,1,4,99,5,1,50.0,0,N,MELB_URBAN,STREET,6,12.0
147380,8,0,174,5,1,60.0,0,N,RURAL_VICTORIA,ROAD,6,12.0
147381,7,4,99,5,1,60.0,0,N,MELB_URBAN,ROAD,6,12.0
147382,3,1,167,2,5,100.0,0,I,RURAL_VICTORIA,ROAD,6,1.0
147383,1,4,130,5,1,80.0,0,N,MELB_URBAN,FREEWAY,6,11.0
147384,8,4,99,5,1,50.0,0,N,MELB_URBAN,STREET,6,15.0
147385,1,5,99,5,1,50.0,0,N,MELB_URBAN,STREET,5,15.0
147386,4,3,173,5,1,100.0,0,N,RURAL_VICTORIA,OTHER,6,14.0
147387,4,6,171,5,1,100.0,0,N,RURAL_VICTORIA,ROAD,6,16.0
147388,2,4,102,5,1,60.0,0,N,MELB_URBAN,ROAD,6,16.0
147389,1,3,130,5,2,60.0,0,N,MELB_URBAN,ROAD,6,17.0
147390,1,4,121,2,3,60.0,0,I,MELB_URBAN,ROAD,6,17.0
147391,1,4,121,5,2,80.0,0,I,MELB_URBAN,ROAD,6,17.0
147392,4,4,183,5,1,70.0,0,N,MELB_URBAN,ROAD,6,15.0
147393,1,5,140,2,1,60.0,0,I,LARGE_PROVINCIAL_CITIES,STREET,5,15.0
147394,4,4,171,5,5,100.0,0,N,RURAL_VICTORIA,ROAD,6,18.0
147395,1,3,130,1,3,60.0,0,I,MELB_URBAN,ROAD,6,18.0
147396,1,4,130,5,3,100.0,0,N,MELB_URBAN,FREEWAY,6,18.0
147397,1,3,130,5,3,60.0,0,N,MELB_URBAN,RAMP,6,19.0
147398,1,4,135,1,1,60.0,0,I,MELB_URBAN,BOULEVARD,6,17.0
147399,1,4,130,5,5,100.0,0,N,MELB_URBAN,ROAD,6,18.0
147400,1,4,121,2,3,60.0,0,I,MELB_URBAN,ROAD,6,17.0
147401,1,3,130,5,3,60.0,0,N,LARGE_PROVINCIAL_CITIES,ROAD,6,20.0
147402,1,4,130,5,6,70.0,0,N,MELB_URBAN,RAMP,6,20.0
147403,1,5,160,5,1,50.0,0,N,MELB_URBAN,AVENUE,6,8.0
147404,4,5,173,5,3,80.0,0,N,MELB_URBAN,ROAD,6,6.0
147405,2,4,102,2,1,50.0,0,I,MELB_URBAN,ROAD,6,9.0
147406,1,5,132,5,1,70.0,0,N,RURAL_VICTORIA,ROAD,6,16.0
147407,1,4,113,1,1,50.0,0,I,MELB_URBAN,AVENUE,6,14.0
147408,7,3,99,1,1,60.0,0,N,UNKNOWN,STREET,6,14.0
147409,2,1,99,5,6,60.0,0,N,MELB_URBAN,AVENUE,6,18.0
147410,2,5,100,5,1,50.0,0,N,SMALL_CITIES,STREET,6,12.0
147411,3,0,167,5,5,110.0,0,N,RURAL_VICTORIA,FREEWAY,5,3.0
147412,1,3,99,2,1,80.0,0,I,MELB_URBAN,ROAD,6,8.0
147413,1,5,130,5,1,60.0,0,N,MELB_URBAN,ROAD,6,12.0
147414,2,2,99,5,9,60.0,0,N,MELB_URBAN,STREET,6,17.0
147415,1,5,121,2,1,40.0,0,I,MELB_URBAN,STREET,6,10.0
147416,4,4,171,1,1,70.0,0,O,LARGE_PROVINCIAL_CITIES,ROAD,6,14.0
147417,1,5,110,1,1,50.0,0,I,LARGE_PROVINCIAL_CITIES,STREET,6,14.0
147418,1,4,111,2,1,70.0,0,I,MELB_URBAN,ROAD,6,14.0
147419,2,4,102,2,6,50.0,0,N,MELB_URBAN,STREET,6,7.0
147420,1,6,121,2,1,40.0,0,I,MELB_URBAN,STREET,6,7.0
147421,1,3,130,1,1,60.0,0,I,MELB_URBAN,PARADE,6,14.0
147422,1,5,130,1,1,70.0,0,I,MELB_URBAN,ROAD,6,10.0
147423,1,5,110,1,2,60.0,0,I,MELB_URBAN,STREET,6,16.0
147424,1,4,110,1,1,100.0,0,I,RURAL_VICTORIA,ROAD,6,16.0
147425,1,5,130,2,3,60.0,0,N,MELB_URBAN,ROAD,6,17.0
147426,2,4,99,2,1,40.0,0,N,MELB_URBAN,STREET,6,12.0
147427,4,5,173,3,1,40.0,0,I,TOWNS,STREET,6,15.0
147428,1,4,120,5,2,50.0,0,N,SMALL_CITIES,STREET,6,17.0
147429,1,5,160,5,3,50.0,0,N,MELB_URBAN,STREET,6,18.0
147430,2,5,100,5,3,50.0,0,N,SMALL_CITIES,DRIVE,6,18.0
147431,1,5,113,2,3,50.0,0,I,MELB_URBAN,ROAD,6,18.0
147432,1,5,110,1,5,60.0,0,I,RURAL_VICTORIA,HIGHWAY,6,18.0
147433,1,5,130,2,3,70.0,0,N,MELB_URBAN,ROAD,6,18.0
147434,1,5,110,1,3,60.0,0,I,MELB_URBAN,ROAD,6,18.0
147435,1,5,130,5,2,80.0,0,N,MELB_URBAN,FREEWAY,6,17.0
147436,1,5,99,1,3,60.0,0,I,MELB_URBAN,STREET,6,20.0
147437,8,5,174,2,1,60.0,0,I,MELB_URBAN,ROAD,6,15.0
147438,2,5,99,5,3,40.0,0,N,MELBOURNE_CBD,STREET,6,20.0
147439,4,4,171,5,3,80.0,0,N,MELB_URBAN,HIGHWAY,6,21.0
147440,1,5,113,1,3,70.0,0,I,MELB_URBAN,ROAD,6,22.0
147441,4,6,173,5,3,70.0,0,N,LARGE_PROVINCIAL_CITIES,HIGHWAY,6,3.0
147442,4,6,173,1,2,60.0,0,I,MELB_URBAN,STREET,6,4.0
147443,1,3,99,1,1,50.0,0,N,MELB_URBAN,STREET,5,15.0
147444,5,1,171,5,1,60.0,0,N,RURAL_VICTORIA,ROAD,6,10.0
147445,4,6,99,5,1,100.0,0,N,RURAL_VICTORIA,ROAD,6,7.0
147446,7,6,99,5,1,50.0,0,N,MELB_URBAN,STREET,6,8.0
147447,1,5,130,5,1,80.0,0,N,MELB_URBAN,FREEWAY,6,13.0
147448,1,5,130,1,2,60.0,0,I,MELB_URBAN,ROAD,6,17.0
147449,1,3,130,2,1,60.0,0,N,MELB_URBAN,ROAD,6,8.0
147450,1,5,134,5,1,100.0,0,N,MELB_URBAN,RAMP,6,9.0
147451,2,5,99,5,1,60.0,0,N,MELB_URBAN,STREET,6,8.0
147452,1,2,130,5,1,60.0,0,N,MELB_URBAN,RAMP,6,12.0
147453,1,1,130,5,5,60.0,0,N,MELB_URBAN,RAMP,5,1.0
147454,1,5,110,1,1,50.0,0,I,SMALL_CITIES,ROAD,6,12.0
147455,1,6,116,2,1,50.0,0,I,MELB_URBAN,ROAD,6,11.0
147456,1,6,130,5,1,60.0,0,N,MELB_URBAN,PARADE,6,12.0
147457,1,4,130,5,1,60.0,0,N,LARGE_PROVINCIAL_CITIES,ROAD,6,17.0
147458,1,5,130,2,1,60.0,0,I,MELB_URBAN,AVENUE,6,9.0
147459,1,6,130,1,1,80.0,0,N,MELB_URBAN,OTHER,4,8.0
147460,1,3,113,1,9,80.0,0,I,MELB_URBAN,ROAD,6,13.0
147461,1,4,120,5,1,60.0,0,N,RURAL_VICTORIA,ROAD,6,8.0
147462,1,6,130,5,1,50.0,0,N,MELB_URBAN,STREET,3,15.0
147463,1,3,113,2,1,60.0,0,I,MELB_URBAN,ROAD,6,16.0
147464,1,6,130,2,1,60.0,0,I,RURAL_VICTORIA,DRIVE,6,10.0
147465,1,6,130,5,1,60.0,0,N,LARGE_PROVINCIAL_CITIES,ROAD,6,12.0
147466,1,4,130,5,9,60.0,0,N,RURAL_VICTORIA,ROAD,6,17.0
147467,1,5,113,1,1,60.0,0,I,MELB_URBAN,STREET,6,12.0
147468,4,6,173,5,1,100.0,0,N,RURAL_VICTORIA,ROAD,6,8.0
147469,1,1,132,5,5,80.0,0,N,RURAL_VICTORIA,ROAD,6,18.0
147470,1,5,99,1,1,60.0,0,I,RURAL_VICTORIA,ROAD,6,14.0
147471,1,3,130,1,1,60.0,0,I,MELB_URBAN,ROAD,6,14.0
147472,1,4,134,5,3,100.0,0,N,MELB_URBAN,FREEWAY,6,17.0
147473,1,6,130,5,1,100.0,0,N,MELB_URBAN,ROAD,6,15.0
147474,1,6,113,2,1,60.0,0,I,LARGE_PROVINCIAL_CITIES,STREET,11,11.0
147475,1,6,130,2,1,40.0,0,I,MELB_URBAN,ROAD,6,14.0
147476,2,6,99,2,1,40.0,0,I,MELB_URBAN,STREET,6,13.0
147477,1,5,130,5,3,80.0,0,N,MELB_URBAN,RAMP,6,17.0
147478,1,5,140,5,3,40.0,0,N,MELB_URBAN,STREET,6,6.0
147479,1,5,130,5,3,70.0,0,N,MELB_URBAN,ROAD,6,18.0
147480,1,5,121,1,3,60.0,0,N,MELB_URBAN,ROAD,6,17.0
147481,1,6,130,5,3,80.0,0,N,MELB_URBAN,ROAD,6,20.0
147482,1,5,130,5,3,80.0,0,N,MELB_URBAN,FREEWAY,6,18.0
147483,1,5,120,5,1,50.0,0,N,MELB_URBAN,BOULEVARD,6,16.0
147484,1,4,135,5,1,100.0,0,N,MELB_URBAN,ROAD,6,8.0
147485,1,6,120,5,1,100.0,0,N,RURAL_VICTORIA,HIGHWAY,6,17.0
147486,1,7,121,1,3,40.0,0,I,MELB_URBAN,ROAD,6,3.0
147487,2,6,99,5,3,50.0,0,N,MELB_URBAN,ROAD,6,21.0
147488,4,7,181,5,3,50.0,0,N,MELB_URBAN,DRIVE,6,5.0
147489,3,6,173,5,2,100.0,0,N,RURAL_VICTORIA,HIGHWAY,6,6.0
147490,2,7,100,2,1,60.0,0,N,MELB_URBAN,ROAD,6,8.0
147491,1,7,110,1,1,60.0,0,I,SMALL_CITIES,STREET,6,10.0
147492,6,7,174,5,1,80.0,0,N,RURAL_VICTORIA,ROAD,6,12.0
147493,1,7,160,5,1,50.0,0,N,MELB_URBAN,AVENUE,6,12.0
147494,1,7,132,2,1,80.0,0,I,MELB_URBAN,ROAD,6,12.0
147495,1,7,111,2,1,100.0,0,I,RURAL_VICTORIA,HIGHWAY,6,13.0
147496,1,6,130,5,1,50.0,0,N,TOWNS,STREET,6,12.0
147497,1,7,99,2,1,50.0,0,I,RURAL_VICTORIA,BOULEVARD,6,13.0
147498,4,7,171,5,1,40.0,0,N,MELB_URBAN,ROAD,6,11.0
147499,1,7,99,1,1,50.0,0,I,MELB_URBAN,DRIVE,6,14.0
147500,1,7,113,2,1,100.0,0,I,RURAL_VICTORIA,ROAD,6,13.0
147501,1,7,147,2,1,80.0,0,I,MELB_URBAN,ROAD,6,14.0
147502,1,7,99,2,1,40.0,0,I,MELB_URBAN,AVENUE,6,12.0
147503,1,2,130,5,1,70.0,0,N,MELB_URBAN,ROAD,5,15.0
147504,1,6,130,5,1,70.0,0,N,MELB_URBAN,ROAD,6,14.0
147505,1,6,120,2,1,40.0,0,N,LARGE_PROVINCIAL_CITIES,STREET,6,15.0
147506,2,6,100,5,1,40.0,0,N,MELB_URBAN,STREET,6,9.0
147507,1,5,130,5,1,80.0,0,N,MELB_URBAN,HIGHWAY,6,14.0
147508,1,7,110,1,1,60.0,0,I,LARGE_PROVINCIAL_CITIES,STREET,6,14.0
147509,2,7,99,5,1,50.0,0,N,TOWNS,ROAD,6,12.0
147510,1,5,99,5,1,60.0,0,N,MELB_URBAN,STREET,6,15.0
147511,1,5,130,4,3,60.0,0,N,UNKNOWN,ROAD,6,5.0
147512,1,7,140,5,3,40.0,0,N,MELBOURNE_CBD,STREET,6,18.0
147513,1,7,121,1,3,80.0,0,N,MELB_URBAN,ROAD,6,18.0
147514,1,5,113,2,3,80.0,0,N,MELB_URBAN,STREET,6,6.0
147515,2,7,102,1,3,80.0,0,N,MELB_URBAN,HIGHWAY,6,18.0
147516,1,7,140,5,3,60.0,0,N,MELB_URBAN,STREET,6,19.0
147517,1,7,160,5,3,60.0,0,N,MELB_URBAN,STREET,6,20.0
147518,1,7,111,1,3,80.0,0,N,MELB_URBAN,DRIVE,6,21.0
147519,1,7,110,1,3,60.0,0,I,MELB_URBAN,DRIVE,6,18.0
147520,8,7,174,5,3,50.0,0,N,MELB_URBAN,OTHER,6,23.0
147521,4,6,181,5,5,100.0,0,N,MELB_URBAN,UNKNOWN,6,23.0
147522,1,6,121,1,3,60.0,0,I,MELB_URBAN,ROAD,6,6.0
147523,1,3,130,5,2,80.0,0,N,MELB_URBAN,HIGHWAY,6,6.0
147524,1,1,116,4,3,70.0,0,I,MELB_URBAN,ROAD,6,0.0
147525,4,7,173,5,3,60.0,0,N,MELB_URBAN,STREET,6,22.0
147526,4,1,171,5,3,50.0,0,N,SMALL_CITIES,STREET,6,1.0
147527,1,1,120,5,3,60.0,0,N,MELB_URBAN,ROAD,6,1.0
147528,1,0,134,1,3,70.0,0,I,LARGE_PROVINCIAL_CITIES,HIGHWAY,6,0.0
147529,1,7,130,5,3,80.0,0,N,MELB_URBAN,ROAD,6,23.0
147530,1,1,160,5,3,60.0,0,N,MELB_URBAN,DRIVE,6,5.0
147531,1,7,130,1,3,70.0,1,I,MELB_URBAN,OTHER,6,23.0
147532,1,1,113,4,3,70.0,0,I,MELB_URBAN,ROAD,6,3.0
147533,4,0,173,5,5,60.0,0,N,SMALL_TOWNS,ROAD,6,2.0
147534,2,7,99,5,1,60.0,0,N,RURAL_VICTORIA,ROAD,6,11.0
147535,1,6,130,5,2,60.0,0,N,MELB_URBAN,ROAD,6,17.0
147536,8,1,174,5,1,40.0,0,N,MELB_URBAN,STREET,6,13.0
147537,1,1,121,2,1,100.0,0,I,RURAL_VICTORIA,HIGHWAY,6,12.0
147538,1,1,99,5,1,40.0,0,N,SMALL_CITIES,STREET,6,12.0
147539,1,1,130,5,1,60.0,0,N,MELB_URBAN,ROAD,6,13.0