,accident_type,day_of_week,dca_code,road_geometry,light_condition,speed_zone,severity,node_type,deg_urban_name,road_type,month,hour
147540,1,0,130,5,1,60.0,0,N,MELB_URBAN,STREET,6,14.0
147541,1,1,120,5,1,60.0,0,N,TOWNS,HIGHWAY,6,14.0
147542,1,1,160,2,1,60.0,0,N,LARGE_PROVINCIAL_CITIES,STREET,6,15.0
147543,2,6,99,5,1,50.0,0,N,SMALL_CITIES,ROAD,6,10.0
147544,1,1,130,1,1,60.0,0,I,MELB_URBAN,STREET,6,13.0
147545,4,1,171,5,1,100.0,0,N,RURAL_VICTORIA,ROAD,6,16.0
147546,1,1,110,1,1,100.0,0,I,RURAL_VICTORIA,ROAD,6,16.0
147547,1,0,130,5,3,80.0,0,N,MELB_URBAN,HIGHWAY,6,18.0
147548,4,1,183,5,3,70.0,1,N,MELB_URBAN,ROAD,6,18.0
147549,2,1,100,1,3,60.0,0,I,MELB_URBAN,ROAD,6,18.0
147550,1,1,130,5,3,50.0,0,N,MELB_URBAN,ROAD,6,18.0
147551,4,0,173,1,3,60.0,0,N,MELB_URBAN,ROAD,6,19.0
147552,1,1,99,4,3,80.0,0,I,MELB_URBAN,FREEWAY,6,5.0
147553,1,2,113,1,3,50.0,0,I,LARGE_PROVINCIAL_CITIES,OTHER,6,6.0
147554,1,4,135,5,1,80.0,0,N,MELB_URBAN,ROAD,6,16.0
147555,1,1,110,1,3,60.0,0,I,MELB_URBAN,ROAD,6,5.0
147556,1,1,99,2,2,50.0,0,I,MELB_URBAN,ROAD,6,7.0
147557,1,3,130,5,1,80.0,0,N,MELB_URBAN,FREEWAY,3,8.0
147558,1,7,134,5,2,80.0,0,N,MELB_URBAN,HIGHWAY,6,17.0
147559,1,1,99,1,1,50.0,0,I,MELB_URBAN,ROAD,6,7.0
147560,1,6,130,2,5,60.0,0,I,MELB_URBAN,ROAD,6,5.0
147561,1,2,120,5,1,80.0,0,N,RURAL_VICTORIA,ROAD,6,8.0
147562,8,7,174,5,1,60.0,0,N,RURAL_VICTORIA,OTHER,6,13.0
147563,2,6,99,5,1,50.0,0,N,MELB_URBAN,STREET,6,11.0
147564,4,2,173,5,1,40.0,0,N,MELB_URBAN,HIGHWAY,6,9.0
147565,1,1,132,1,9,60.0,0,I,MELB_URBAN,ROAD,5,11.0
147566,2,2,100,5,1,40.0,0,N,MELB_URBAN,STREET,6,9.0
147567,1,1,110,1,1,60.0,0,I,LARGE_PROVINCIAL_CITIES,STREET,6,12.0
147568,1,2,110,1,1,100.0,0,I,RURAL_VICTORIA,HIGHWAY,6,10.0
147569,1,4,130,5,1,60.0,0,N,MELB_URBAN,ROAD,6,15.0
147570,1,3,111,4,9,60.0,0,I,MELB_URBAN,ROAD,6,12.0
147571,1,5,130,5,2,50.0,0,N,MELB_URBAN,ROAD,6,17.0
147572,1,2,116,2,1,80.0,0,I,SMALL_CITIES,HIGHWAY,6,14.0
147573,1,2,120,1,1,80.0,0,N,MELB_URBAN,ROAD,6,13.0
147574,1,0,147,5,1,60.0,0,N,MELB_URBAN,DRIVE,6,17.0
147575,1,2,135,5,1,80.0,0,N,MELB_URBAN,FREEWAY,6,13.0
147576,7,6,99,5,3,60.0,0,N,SMALL_CITIES,OTHER,7,23.0
147577,4,2,171,5,1,50.0,0,N,TOWNS,STREET,6,14.0
147578,1,2,113,2,1,60.0,0,I,MELB_URBAN,ROAD,6,18.0
147579,1,1,110,1,3,40.0,0,I,LARGE_PROVINCIAL_CITIES,STREET,6,18.0
147580,1,2,130,2,3,40.0,0,N,MELB_URBAN,ROAD,6,19.0
147581,1,4,130,5,1,90.0,0,N,SMALL_TOWNS,FREEWAY,6,17.0
147582,1,2,110,1,3,60.0,0,I,LARGE_PROVINCIAL_CITIES,STREET,6,18.0
147583,1,1,130,5,2,100.0,0,N,RURAL_VICTORIA,HIGHWAY,6,17.0
147584,1,2,130,5,3,60.0,0,N,MELB_URBAN,STREET,6,19.0
147585,1,2,99,5,3,60.0,0,N,MELB_URBAN,STREET,6,19.0
147586,1,2,130,5,3,60.0,0,N,MELB_URBAN,ROAD,6,21.0
147587,1,2,110,1,1,100.0,1,I,RURAL_VICTORIA,ROAD,6,16.0
147588,4,2,99,5,5,80.0,0,N,LARGE_PROVINCIAL_CITIES,ROAD,6,22.0
147589,1,6,130,1,1,80.0,0,I,MELB_URBAN,RAMP,6,16.0
147590,1,2,121,2,3,80.0,0,I,MELB_URBAN,ROAD,6,17.0
147591,1,3,113,2,1,60.0,0,I,MELB_URBAN,ROAD,6,8.0
147592,5,7,99,5,5,100.0,0,N,MELB_URBAN,HIGHWAY,5,5.0
147593,4,3,171,2,1,70.0,0,N,MELB_URBAN,HIGHWAY,6,7.0
147594,1,3,113,2,3,80.0,0,I,MELB_URBAN,ROAD,6,6.0
147595,1,3,121,1,1,60.0,0,I,MELB_URBAN,ROAD,6,7.0
147596,1,5,121,2,2,40.0,0,I,MELB_URBAN,STREET,6,17.0
147597,5,1,99,5,1,60.0,0,N,RURAL_VICTORIA,ROAD,6,13.0
147598,4,2,171,5,3,60.0,0,N,LARGE_PROVINCIAL_CITIES,ROAD,6,18.0
147599,1,1,130,5,9,60.0,0,N,MELB_URBAN,OTHER,6,13.0
147600,1,2,130,5,1,70.0,0,N,LARGE_PROVINCIAL_CITIES,HIGHWAY,6,7.0
147601,6,3,99,2,1,60.0,0,I,MELB_URBAN,ROAD,6,12.0
147602,1,2,130,1,1,80.0,0,N,RURAL_VICTORIA,ROAD,6,7.0
147603,1,6,130,5,1,60.0,0,N,MELB_URBAN,ROAD,6,15.0
147604,8,7,99,5,1,50.0,0,N,TOWNS,STREET,6,14.0
147605,1,3,121,1,5,70.0,0,I,RURAL_VICTORIA,ROAD,6,5.0
147606,1,3,121,2,1,60.0,0,I,MELB_URBAN,ROAD,6,9.0
147607,3,2,167,5,5,80.0,0,N,RURAL_VICTORIA,ROAD,5,3.0
147608,2,2,99,5,1,60.0,0,N,TOWNS,STREET,6,10.0
147609,1,7,121,1,2,80.0,0,I,MELB_URBAN,ROAD,6,18.0
147610,1,0,130,2,1,40.0,0,I,MELB_URBAN,STREET,6,16.0
147611,1,2,130,5,1,80.0,0,N,MELB_URBAN,FREEWAY,6,15.0
147612,1,0,130,5,1,50.0,0,N,MELB_URBAN,ROAD,6,12.0
147613,1,6,130,1,1,60.0,0,I,MELB_URBAN,ROAD,6,15.0
147614,1,3,99,5,1,50.0,0,N,LARGE_PROVINCIAL_CITIES,STREET,6,13.0
147615,1,2,110,1,1,100.0,0,I,RURAL_VICTORIA,ROAD,6,15.0
147616,1,1,130,5,1,60.0,0,N,MELB_URBAN,ROAD,6,12.0
147617,1,1,140,5,1,60.0,0,N,SMALL_CITIES,STREET,6,13.0
147618,1,3,110,1,1,80.0,0,I,RURAL_VICTORIA,HIGHWAY,6,13.0
147619,1,3,120,5,1,100.0,0,N,RURAL_VICTORIA,ROAD,6,15.0
147620,1,4,130,2,2,60.0,0,I,MELB_URBAN,DRIVE,5,18.0
147621,2,2,102,1,1,50.0,0,I,SMALL_CITIES,STREET,6,13.0
147622,1,3,110,1,1,60.0,0,I,MELB_URBAN,BOULEVARD,6,15.0
147623,1,7,110,1,1,60.0,0,I,MELB_URBAN,STREET,5,15.0
147624,1,7,99,4,1,60.0,0,N,MELB_URBAN,RAMP,6,12.0
147625,6,3,174,5,1,100.0,0,N,RURAL_VICTORIA,ROAD,6,15.0
147626,1,2,121,1,1,50.0,0,I,MELB_URBAN,ROAD,6,14.0
147627,1,3,133,5,1,50.0,0,N,MELB_URBAN,ROAD,6,15.0
147628,2,3,100,5,2,60.0,0,N,MELB_URBAN,PARADE,6,17.0
147629,2,3,100,5,3,70.0,0,N,MELB_URBAN,STREET,6,19.0
147630,2,3,102,2,3,60.0,0,I,MELB_URBAN,ROAD,6,21.0
147631,4,3,171,2,3,60.0,0,N,LARGE_PROVINCIAL_CITIES,ROAD,6,22.0
147632,1,5,99,2,1,40.0,0,I,MELB_URBAN,AVENUE,5,8.0
147633,1,3,130,5,3,80.0,0,N,MELB_URBAN,ROAD,6,4.0
147634,4,2,99,5,1,80.0,0,N,MELB_URBAN,ROAD,4,8.0
147635,1,2,130,5,9,50.0,0,N,MELB_URBAN,HIGHWAY,6,8.0
147636,1,3,99,5,2,60.0,0,N,MELB_URBAN,RAMP,6,17.0
147637,1,4,99,1,2,40.0,0,I,MELB_URBAN,OTHER,6,7.0
147638,1,2,130,5,1,100.0,0,N,RURAL_VICTORIA,ROAD,6,12.0
147639,4,4,171,2,3,80.0,0,I,MELB_URBAN,HIGHWAY,6,6.0
147640,8,7,174,1,1,60.0,0,I,LARGE_PROVINCIAL_CITIES,OTHER,2,19.0
147641,2,4,99,5,1,50.0,0,N,MELB_URBAN,STREET,6,11.0
147642,1,4,116,4,9,80.0,0,I,MELB_URBAN,RAMP,6,7.0
147643,1,4,130,5,1,80.0,0,N,MELB_URBAN,UNKNOWN,6,7.0
147644,4,2,171,5,5,60.0,0,N,SMALL_CITIES,AVENUE,6,19.0
147645,1,7,121,1,3,60.0,0,I,LARGE_PROVINCIAL_CITIES,STREET,6,21.0
147646,1,4,121,2,1,80.0,0,I,SMALL_CITIES,HIGHWAY,6,12.0
147647,1,4,135,5,1,60.0,0,N,MELB_URBAN,ROAD,6,8.0
147648,4,6,173,5,1,100.0,0,N,RURAL_VICTORIA,ROAD,4,13.0
147649,1,3,121,1,1,80.0,0,N,MELB_URBAN,ROAD,6,9.0
147650,1,4,147,5,3,60.0,0,N,MELB_URBAN,ROAD,6,6.0
147651,4,3,171,5,1,40.0,0,N,MELB_URBAN,ROAD,6,12.0
147652,3,5,167,5,2,100.0,0,N,RURAL_VICTORIA,HIGHWAY,12,6.0
147653,1,4,132,2,1,50.0,0,I,MELB_URBAN,AVENUE,6,9.0
147654,9,2,99,5,1,60.0,0,N,MELB_URBAN,ROAD,1,9.0
147655,1,2,130,5,3,100.0,0,N,MELB_URBAN,FREEWAY,6,18.0
147656,1,3,160,5,1,60.0,0,N,MELB_URBAN,OTHER,6,15.0
147657,1,3,130,5,3,30.0,0,N,MELB_URBAN,STREET,6,17.0
147658,2,4,100,5,1,50.0,0,N,MELB_URBAN,STREET,6,16.0
147659,1,3,121,1,1,80.0,0,I,SMALL_TOWNS,ROAD,6,15.0
147660,1,3,130,5,3,80.0,0,N,MELB_URBAN,HIGHWAY,6,18.0
147661,1,6,163,5,1,50.0,0,N,MELB_URBAN,STREET,6,8.0
147662,1,3,110,1,3,60.0,0,I,LARGE_PROVINCIAL_CITIES,STREET,6,17.0
147663,1,4,99,5,3,60.0,0,N,MELB_URBAN,AVENUE,6,18.0
147664,1,4,160,5,2,60.0,0,N,MELB_URBAN,ROAD,6,18.0
147665,1,0,130,5,1,60.0,0,N,MELB_URBAN,ROAD,3,12.0
147666,5,3,99,5,5,60.0,0,N,TOWNS,ROAD,6,17.0
147667,1,2,130,5,1,40.0,0,N,LARGE_PROVINCIAL_CITIES,STREET,6,13.0
147668,4,3,171,5,5,80.0,0,N,RURAL_VICTORIA,ROAD,6,23.0
147669,1,4,121,1,3,60.0,0,I,MELB_URBAN,STREET,6,2.0
147670,2,3,99,5,3,60.0,0,N,MELB_URBAN,ROAD,6,21.0
147671,1,3,130,5,1,60.0,0,N,MELB_URBAN,ROAD,6,13.0
147672,1,4,99,1,3,80.0,0,I,MELB_URBAN,ROAD,6,5.0
147673,1,2,111,2,2,60.0,0,I,MELB_URBAN,HIGHWAY,6,17.0
147674,2,4,100,1,1,50.0,0,N,MELB_URBAN,STREET,6,9.0
147675,1,5,99,4,1,50.0,0,N,MELB_URBAN,STREET,6,8.0
147676,1,2,99,1,1,60.0,0,I,MELB_URBAN,DRIVE,6,9.0
147677,2,4,100,1,1,60.0,0,N,MELB_URBAN,ROAD,6,8.0
147678,1,1,135,5,1,60.0,0,N,MELB_URBAN,ROAD,6,9.0
147679,1,4,121,1,1,60.0,0,I,SMALL_CITIES,STREET,6,11.0
147680,4,5,171,5,1,100.0,1,N,RURAL_VICTORIA,ROAD,6,9.0
147681,1,4,121,1,3,80.0,0,I,MELB_URBAN,ROAD,6,20.0
147682,1,4,113,2,1,60.0,0,I,MELB_URBAN,ROAD,6,14.0
147683,1,3,120,5,1,100.0,0,N,RURAL_VICTORIA,ROAD,6,10.0
147684,1,5,121,2,1,60.0,0,I,MELB_URBAN,STREET,6,12.0
147685,1,6,133,1,3,60.0,0,N,MELB_URBAN,PARADE,6,5.0
147686,1,6,147,5,1,60.0,0,N,MELB_URBAN,ROAD,6,11.0
147687,7,4,99,5,1,60.0,0,N,MELB_URBAN,STREET,6,16.0
147688,4,6,173,2,1,100.0,0,I,RURAL_VICTORIA,HIGHWAY,6,15.0
147689,1,5,113,2,1,80.0,0,I,RURAL_VICTORIA,ROAD,6,15.0
147690,1,2,130,1,9,70.0,0,N,MELB_URBAN,ROAD,6,9.0
147691,1,1,110,1,6,60.0,0,I,MELB_URBAN,ROAD,10,3.0
147692,2,5,102,1,1,70.0,0,N,MELB_URBAN,ROAD,6,15.0
147693,1,5,121,2,2,80.0,0,I,RURAL_VICTORIA,HIGHWAY,6,16.0
147694,1,5,135,5,3,80.0,0,N,MELB_URBAN,ROAD,6,18.0
147695,2,5,99,5,1,40.0,0,N,MELB_URBAN,STREET,6,14.0
147696,1,5,130,5,1,80.0,0,N,MELB_URBAN,OTHER,6,16.0
147697,1,4,133,5,1,100.0,0,N,MELB_URBAN,FREEWAY,6,13.0
147698,1,4,110,1,5,60.0,0,I,MELB_URBAN,ROAD,6,22.0
147699,4,5,181,5,5,100.0,0,N,RURAL_VICTORIA,ROAD,6,22.0
147700,1,5,99,5,3,60.0,0,N,MELB_URBAN,STREET,6,18.0
147701,1,5,120,5,3,70.0,0,N,MELB_URBAN,ROAD,6,18.0
147702,1,3,121,1,1,70.0,0,I,MELB_URBAN,ROAD,6,6.0
147703,1,6,160,5,3,60.0,0,N,UNKNOWN,ROAD,7,3.0
147704,2,3,99,1,3,40.0,0,I,LARGE_PROVINCIAL_CITIES,STREET,6,18.0
147705,1,7,130,2,2,60.0,0,I,MELB_URBAN,ROAD,6,17.0
147706,1,5,121,2,1,70.0,0,I,MELB_URBAN,ROAD,6,8.0
147707,1,7,130,5,1,80.0,0,N,MELB_URBAN,ROAD,6,11.0
147708,1,5,160,5,1,60.0,0,N,MELB_URBAN,ROAD,6,9.0
147709,4,4,173,5,1,100.0,0,N,MELB_URBAN,FREEWAY,6,15.0
147710,2,2,99,5,6,100.0,0,N,MELB_URBAN,FREEWAY,6,20.0
147711,1,5,121,2,1,50.0,0,I,MELB_URBAN,STREET,7,8.0
147712,1,6,140,9,1,60.0,0,N,MELB_URBAN,ROAD,7,11.0
147713,4,6,147,5,1,60.0,0,N,MELB_URBAN,ROAD,7,11.0
147714,1,5,130,1,1,80.0,0,I,MELB_URBAN,ROAD,6,12.0
147715,1,5,147,5,1,70.0,0,N,LARGE_PROVINCIAL_CITIES,HIGHWAY,6,16.0
147716,1,5,116,2,1,80.0,0,I,MELB_URBAN,DRIVE,7,14.0
147717,1,5,130,2,1,70.0,0,I,MELB_URBAN,ROAD,6,7.0
147718,1,5,130,5,1,80.0,0,N,MELB_URBAN,ROAD,6,16.0
147719,1,5,121,2,1,80.0,0,I,MELB_URBAN,RAMP,7,15.0
147720,2,5,100,2,1,50.0,0,N,MELB_URBAN,ROAD,7,16.0
147721,1,2,99,2,1,60.0,0,I,MELB_URBAN,ROAD,6,15.0
147722,1,6,111,2,1,70.0,0,I,SMALL_CITIES,STREET,7,14.0
147723,1,5,116,2,3,90.0,0,I,MELB_URBAN,ROAD,7,17.0
147724,1,5,130,5,3,80.0,0,N,MELB_URBAN,ROAD,7,17.0
147725,4,2,171,5,3,50.0,0,N,MELB_URBAN,ROAD,5,19.0
147726,1,6,140,5,3,60.0,0,N,UNKNOWN,ROAD,7,18.0
147727,2,6,102,1,3,60.0,0,N,MELB_URBAN,ROAD,7,19.0
147728,1,5,140,5,1,60.0,0,N,UNKNOWN,ROAD,7,13.0
147729,1,6,116,1,2,60.0,0,N,LARGE_PROVINCIAL_CITIES,PARADE,7,17.0
147730,6,6,174,2,3,60.0,0,I,TOWNS,ROAD,7,21.0
147731,1,6,113,2,3,80.0,0,I,MELB_URBAN,HIGHWAY,7,21.0
147732,1,3,99,5,9,60.0,0,N,MELB_URBAN,ROAD,5,9.0
147733,4,6,171,1,3,60.0,0,I,MELB_URBAN,OTHER,7,22.0
147734,1,6,121,1,3,70.0,0,I,MELB_URBAN,ROAD,6,19.0
147735,1,6,140,5,3,60.0,0,N,UNKNOWN,ROAD,7,22.0
147736,1,7,99,5,3,100.0,0,N,LARGE_PROVINCIAL_CITIES,ROAD,7,2.0
147737,8,7,174,5,1,60.0,0,N,UNKNOWN,STREET,7,10.0
147738,1,6,163,5,1,60.0,0,N,MELB_URBAN,ROAD,7,10.0
147739,4,7,183,5,1,100.0,0,N,RURAL_VICTORIA,ROAD,7,8.0
147740,1,6,99,1,1,60.0,0,I,MELB_URBAN,STREET,7,12.0
147741,1,6,121,1,1,60.0,0,I,MELB_URBAN,ROAD,7,12.0
147742,1,3,121,2,1,60.0,0,I,MELB_URBAN,ROAD,6,12.0
147743,1,6,121,5,1,60.0,0,N,MELB_URBAN,STREET,7,12.0
147744,4,6,181,5,5,100.0,0,N,RURAL_VICTORIA,ROAD,7,22.0
147745,1,7,110,1,1,100.0,0,I,RURAL_VICTORIA,ROAD,7,11.0
147746,1,5,99,2,1,60.0,0,N,MELB_URBAN,STREET,7,18.0
147747,1,6,135,2,1,60.0,0,N,MELB_URBAN,STREET,7,16.0
147748,2,7,102,1,1,60.0,0,I,MELB_URBAN,HIGHWAY,7,14.0
147749,1,6,110,1,2,40.0,0,I,MELBOURNE_CBD,STREET,7,16.0
147750,1,7,113,1,3,50.0,0,I,MELB_URBAN,STREET,7,17.0
147751,4,6,173,5,1,100.0,0,N,RURAL_VICTORIA,ROAD,7,16.0
147752,1,7,99,5,3,60.0,0,N,MELB_URBAN,ROAD,7,18.0
147753,1,6,120,1,3,80.0,0,N,MELB_URBAN,DRIVE,7,18.0
147754,1,2,116,1,2,80.0,0,I,MELB_URBAN,HIGHWAY,6,6.0
147755,1,7,120,5,3,40.0,0,N,MELB_URBAN,ROAD,7,18.0
147756,1,7,113,1,5,100.0,0,I,RURAL_VICTORIA,ROAD,7,18.0
147757,1,7,160,5,3,50.0,0,N,MELB_URBAN,ROAD,7,19.0
147758,1,6,121,1,3,80.0,0,N,MELB_URBAN,STREET,7,22.0
147759,4,6,173,1,3,60.0,0,N,MELB_URBAN,ROAD,7,3.0
147760,4,7,171,5,3,60.0,0,N,MELB_URBAN,ROAD,7,23.0
147761,1,6,130,2,1,60.0,0,I,MELB_URBAN,RAMP,7,8.0
147762,7,7,99,5,1,40.0,0,N,MELB_URBAN,ROAD,7,12.0
147763,4,1,173,5,3,50.0,1,N,RURAL_VICTORIA,BOULEVARD,7,4.0
147764,4,0,171,2,2,100.0,1,I,RURAL_VICTORIA,ROAD,7,7.0
147765,1,1,113,1,1,60.0,0,I,MELB_URBAN,ROAD,7,11.0
147766,1,3,130,5,2,60.0,0,N,MELB_URBAN,ROAD,6,18.0
147767,1,7,113,2,1,80.0,0,I,MELB_URBAN,ROAD,7,10.0
147768,4,1,171,2,1,60.0,0,I,UNKNOWN,AVENUE,7,12.0
147769,1,6,99,1,9,60.0,0,I,MELB_URBAN,HIGHWAY,7,21.0
147770,1,6,113,2,1,60.0,0,I,RURAL_VICTORIA,ROAD,7,12.0
147771,1,3,130,5,2,60.0,0,N,TOWNS,HIGHWAY,6,17.0
147772,1,1,130,5,1,60.0,0,N,MELB_URBAN,STREET,7,13.0
147773,1,0,110,1,1,50.0,0,I,MELB_URBAN,STREET,7,13.0
147774,6,1,99,5,1,60.0,0,N,RURAL_VICTORIA,ROAD,7,10.0
147775,1,0,113,2,1,100.0,0,I,RURAL_VICTORIA,ROAD,7,13.0
147776,1,1,130,1,1,70.0,0,I,RURAL_VICTORIA,ROAD,7,12.0
147777,4,0,171,5,1,60.0,0,N,MELB_URBAN,ROAD,7,13.0
147778,1,0,113,2,1,80.0,0,I,MELB_URBAN,ROAD,7,13.0
147779,1,0,130,5,1,80.0,0,N,MELB_URBAN,ROAD,7,14.0
147780,4,1,173,5,1,60.0,0,N,SMALL_CITIES,ROAD,7,9.0
147781,1,1,99,2,1,100.0,0,I,RURAL_VICTORIA,HIGHWAY,7,11.0
147782,4,1,171,5,1,100.0,0,N,MELB_URBAN,ROAD,7,12.0
147783,1,3,130,1,1,60.0,0,N,MELB_URBAN,HIGHWAY,6,9.0
147784,1,1,134,5,5,100.0,0,N,MELB_URBAN,FREEWAY,7,0.0
147785,1,5,116,1,1,60.0,0,I,MELB_URBAN,STREET,6,9.0
147786,6,1,99,5,1,100.0,0,N,RURAL_VICTORIA,ROAD,7,14.0
147787,4,0,173,1,3,60.0,0,N,MELB_URBAN,ROAD,7,17.0
147788,2,7,99,5,1,40.0,0,N,MELB_URBAN,STREET,7,13.0
147789,1,1,99,5,5,50.0,0,N,TOWNS,STREET,7,20.0
147790,1,1,160,5,3,60.0,0,N,MELB_URBAN,ROAD,7,21.0
147791,1,1,160,5,3,40.0,0,N,MELBOURNE_CBD,STREET,7,21.0
147792,1,1,121,1,3,70.0,0,I,LARGE_PROVINCIAL_CITIES,ROAD,7,23.0
147793,1,1,163,5,1,50.0,0,N,SMALL_CITIES,BOULEVARD,6,17.0
147794,1,2,121,2,3,80.0,0,I,MELB_URBAN,STREET,7,0.0
147795,1,1,130,1,2,80.0,0,I,MELB_URBAN,HIGHWAY,7,20.0
147796,4,4,171,5,2,80.0,0,N,UNKNOWN,ROAD,6,5.0
147797,1,5,110,1,1,80.0,0,I,SMALL_TOWNS,ROAD,6,9.0
147798,1,2,130,5,2,110.0,0,N,SMALL_TOWNS,FREEWAY,7,6.0
147799,1,2,160,5,3,60.0,0,N,MELB_URBAN,ROAD,7,6.0
147800,1,4,130,4,1,60.0,0,I,MELB_URBAN,STREET,6,9.0
147801,2,1,102,1,1,60.0,0,N,MELB_URBAN,STREET,7,8.0
147802,6,1,170,5,2,100.0,0,N,RURAL_VICTORIA,ROAD,6,7.0
147803,2,4,99,5,1,60.0,0,N,MELB_URBAN,STREET,6,13.0
147804,6,2,174,5,1,60.0,0,N,MELB_URBAN,STREET,7,6.0
147805,1,1,130,5,2,60.0,0,N,MELB_URBAN,ROAD,7,8.0
147806,2,4,99,5,1,60.0,0,N,MELB_URBAN,STREET,6,14.0
147807,6,2,170,5,1,50.0,0,N,LARGE_PROVINCIAL_CITIES,HIGHWAY,3,16.0
147808,2,1,100,2,3,60.0,0,N,MELB_URBAN,ROAD,7,6.0
147809,1,2,99,1,1,60.0,0,N,LARGE_PROVINCIAL_CITIES,STREET,7,11.0
147810,1,1,99,2,2,60.0,0,I,MELB_URBAN,DRIVE,7,7.0
147811,1,2,110,4,1,70.0,0,I,LARGE_PROVINCIAL_CITIES,STREET,9,14.0
147812,1,4,130,1,1,60.0,0,N,RURAL_VICTORIA,ROAD,6,11.0
147813,1,2,130,2,1,40.0,0,N,MELB_URBAN,PARADE,7,16.0
147814,1,0,160,5,3,50.0,0,N,MELB_URBAN,STREET,7,20.0
147815,1,2,116,2,1,50.0,0,I,MELB_URBAN,AVENUE,7,11.0
147816,1,4,99,1,3,60.0,0,I,LARGE_PROVINCIAL_CITIES,STREET,5,18.0
147817,1,2,121,2,1,60.0,0,I,RURAL_VICTORIA,DRIVE,7,13.0
147818,1,1,121,2,1,60.0,0,I,TOWNS,STREET,7,10.0
147819,2,2,99,5,1,50.0,0,N,MELB_URBAN,AVENUE,7,15.0
147820,1,1,163,5,1,50.0,0,N,MELB_URBAN,STREET,7,14.0
147821,2,2,99,5,1,60.0,0,N,MELB_URBAN,ROAD,7,15.0
147822,2,2,102,5,1,40.0,0,N,MELBOURNE_CBD,STREET,7,11.0
147823,1,2,160,5,1,50.0,0,N,MELB_URBAN,STREET,7,13.0
147824,1,1,130,1,1,60.0,0,N,MELB_URBAN,ROAD,7,12.0
147825,1,1,110,1,1,80.0,0,N,SMALL_CITIES,AVENUE,7,14.0
147826,1,2,110,1,1,60.0,0,I,SMALL_CITIES,STREET,7,14.0
147827,1,3,110,1,1,50.0,0,I,MELB_URBAN,STREET,6,8.0
147828,1,1,133,5,1,60.0,0,N,MELB_URBAN,BOULEVARD,7,18.0
147829,1,4,130,5,2,60.0,0,N,MELB_URBAN,ROAD,6,16.0
147830,1,2,99,1,1,60.0,0,I,MELB_URBAN,HIGHWAY,7,15.0
147831,1,1,130,1,2,80.0,0,N,MELB_URBAN,ROAD,7,18.0
147832,4,3,173,5,9,80.0,0,N,MELB_URBAN,HIGHWAY,6,23.0
147833,1,2,130,5,5,100.0,0,N,MELB_URBAN,FREEWAY,7,18.0
147834,4,2,171,5,1,100.0,1,N,RURAL_VICTORIA,ROAD,7,14.0
147835,1,3,116,2,1,40.0,0,I,MELB_URBAN,ROAD,6,16.0
147836,1,2,99,1,3,80.0,0,N,RURAL_VICTORIA,ROAD,7,19.0
147837,2,1,100,5,1,40.0,0,N,MELB_URBAN,BOULEVARD,7,12.0
147838,1,2,110,1,3,60.0,0,I,MELB_URBAN,ROAD,7,21.0
147839,6,1,174,5,1,60.0,0,N,RURAL_VICTORIA,ROAD,1,12.0
147840,1,3,121,5,3,40.0,0,N,MELB_URBAN,STREET,7,5.0
147841,1,6,133,5,3,80.0,0,N,MELB_URBAN,ROAD,7,19.0
147842,1,3,113,2,2,80.0,0,I,MELB_URBAN,ROAD,7,5.0
147843,1,2,135,1,1,80.0,0,I,MELB_URBAN,ROAD,7,9.0
147844,1,6,110,1,3,60.0,0,I,MELB_URBAN,ROAD,7,20.0
147845,1,1,130,5,1,60.0,0,N,MELB_URBAN,ROAD,6,10.0
147846,4,3,173,5,1,100.0,0,N,RURAL_VICTORIA,ROAD,7,7.0
147847,1,2,147,5,1,80.0,0,I,MELB_URBAN,HIGHWAY,7,9.0
147848,1,2,160,5,1,60.0,0,N,MELB_URBAN,DRIVE,7,9.0
147849,1,1,134,5,1,80.0,0,N,RURAL_VICTORIA,ROAD,7,13.0
147850,6,1,99,5,1,60.0,0,N,RURAL_VICTORIA,ROAD,7,14.0
147851,1,1,113,2,1,100.0,0,I,RURAL_VICTORIA,ROAD,6,9.0
147852,1,3,160,5,1,60.0,0,N,MELB_URBAN,ROAD,7,8.0
147853,1,3,163,5,2,50.0,0,N,MELB_URBAN,STREET,6,17.0
147854,1,3,130,5,1,60.0,0,N,MELB_URBAN,ROAD,7,11.0
147855,2,2,99,5,1,50.0,0,N,TOWNS,DRIVE,7,11.0
147856,4,5,181,5,1,60.0,0,N,MELB_URBAN,ROAD,6,13.0
147857,1,3,116,2,1,100.0,0,I,RURAL_VICTORIA,HIGHWAY,7,9.0
147858,4,3,171,5,1,60.0,0,N,MELB_URBAN,STREET,7,12.0
147859,1,3,110,1,1,100.0,0,I,RURAL_VICTORIA,HIGHWAY,7,8.0
147860,1,3,134,5,1,80.0,1,N,MELB_URBAN,FREEWAY,7,10.0
147861,1,2,130,5,1,60.0,0,N,RURAL_VICTORIA,ROAD,7,12.0
147862,1,3,130,5,1,50.0,0,N,MELB_URBAN,ROAD,7,13.0
147863,2,3,99,5,1,60.0,0,N,MELB_URBAN,STREET,7,10.0
147864,1,2,130,5,1,80.0,0,N,MELB_URBAN,FREEWAY,6,15.0
147865,1,6,99,1,3,60.0,0,N,MELB_URBAN,ROAD,7,18.0
147866,4,2,181,5,1,60.0,0,N,RURAL_VICTORIA,ROAD,7,14.0