,accident_type,day_of_week,dca_code,road_geometry,light_condition,speed_zone,severity,node_type,deg_urban_name,road_type,month,hour
147867,1,3,116,2,1,100.0,0,I,RURAL_VICTORIA,FREEWAY,7,14.0
147868,1,2,113,2,1,60.0,0,I,MELB_URBAN,ROAD,7,15.0
147869,2,3,99,5,1,100.0,1,N,RURAL_VICTORIA,OTHER,7,10.0
147870,1,3,121,2,1,60.0,0,I,MELB_URBAN,ROAD,7,15.0
147871,1,3,147,5,1,60.0,0,N,LARGE_PROVINCIAL_CITIES,STREET,7,15.0
147872,1,3,130,5,1,100.0,0,N,RURAL_VICTORIA,HIGHWAY,7,16.0
147873,2,3,99,5,1,60.0,0,N,MELB_URBAN,STREET,7,15.0
147874,1,3,130,5,4,60.0,0,N,UNKNOWN,ROAD,7,17.0
147875,1,3,130,5,2,70.0,0,N,UNKNOWN,STREET,7,17.0
147876,1,3,130,5,3,80.0,0,N,MELB_URBAN,ROAD,7,17.0
147877,1,3,163,5,1,40.0,0,N,MELB_URBAN,STREET,7,12.0
147878,4,3,171,2,2,100.0,0,I,RURAL_VICTORIA,OTHER,7,16.0
147879,1,2,130,2,1,60.0,0,N,MELB_URBAN,RAMP,7,15.0
147880,1,2,130,5,3,60.0,0,N,MELB_URBAN,ROAD,7,19.0
147881,1,3,160,5,3,80.0,0,N,MELB_URBAN,ROAD,7,19.0
147882,1,4,120,5,9,60.0,0,N,MELB_URBAN,ROAD,5,14.0
147883,1,2,135,5,3,60.0,0,N,MELB_URBAN,STREET,7,16.0
147884,1,3,130,5,1,40.0,0,N,MELB_URBAN,ROAD,5,12.0
147885,4,3,173,5,4,60.0,0,N,TOWNS,ROAD,7,5.0
147886,1,4,160,5,4,50.0,0,N,MELB_URBAN,STREET,7,6.0
147887,1,4,99,1,6,60.0,0,I,MELB_URBAN,ROAD,7,5.0
147888,1,4,110,1,3,80.0,0,N,MELB_URBAN,ROAD,7,4.0
147889,1,3,110,1,1,60.0,0,I,MELB_URBAN,STREET,7,8.0
147890,1,7,130,1,1,60.0,0,N,MELB_URBAN,ROAD,7,18.0
147891,5,1,99,5,1,100.0,0,N,RURAL_VICTORIA,ROAD,6,12.0
147892,1,3,130,5,1,80.0,0,N,MELB_URBAN,FREEWAY,6,16.0
147893,8,7,184,5,1,100.0,0,N,RURAL_VICTORIA,ROAD,7,13.0
147894,7,3,99,5,1,60.0,0,N,MELB_URBAN,STREET,7,9.0
147895,8,3,174,2,1,50.0,0,I,MELB_URBAN,ROAD,7,8.0
147896,1,2,130,5,1,70.0,0,N,MELB_URBAN,ROAD,7,12.0
147897,1,1,113,2,2,60.0,0,I,UNKNOWN,ROAD,6,17.0
147898,1,3,121,4,3,70.0,0,I,LARGE_PROVINCIAL_CITIES,HIGHWAY,7,6.0
147899,1,4,121,1,1,60.0,0,I,MELB_URBAN,ROAD,6,14.0
147900,1,0,121,2,1,60.0,0,I,MELB_URBAN,ROAD,5,17.0
147901,1,4,121,2,3,60.0,0,I,MELB_URBAN,ROAD,7,6.0
147902,1,4,140,5,1,40.0,0,N,MELB_URBAN,STREET,7,11.0
147903,6,3,99,1,1,60.0,0,I,MELB_URBAN,ROAD,7,11.0
147904,1,3,121,4,1,60.0,0,I,MELB_URBAN,OTHER,7,11.0
147905,6,4,174,5,1,60.0,0,N,UNKNOWN,ROAD,7,11.0
147906,1,5,130,5,1,60.0,0,N,MELB_URBAN,PARADE,4,14.0
147907,1,3,121,1,9,70.0,0,I,MELB_URBAN,ROAD,7,13.0
147908,1,2,130,1,1,80.0,0,I,MELB_URBAN,ROAD,7,8.0
147909,1,3,99,5,3,50.0,0,N,MELB_URBAN,STREET,7,6.0
147910,1,4,116,2,1,70.0,0,I,MELB_URBAN,ROAD,7,12.0
147911,1,3,111,2,1,60.0,0,I,MELB_URBAN,ROAD,7,13.0
147912,1,4,116,2,1,50.0,0,I,MELB_URBAN,STREET,7,10.0
147913,4,3,99,5,1,60.0,0,N,MELB_URBAN,ROAD,6,12.0
147914,1,2,110,1,9,60.0,0,I,MELB_URBAN,STREET,5,19.0
147915,1,4,171,5,1,60.0,0,N,TOWNS,STREET,7,16.0
147916,1,3,160,5,1,50.0,0,N,MELB_URBAN,STREET,7,15.0
147917,1,4,140,5,1,60.0,0,N,LARGE_PROVINCIAL_CITIES,AVENUE,7,15.0
147918,2,3,99,5,1,60.0,0,N,MELB_URBAN,ROAD,7,15.0
147919,2,3,102,1,1,70.0,0,I,MELB_URBAN,ROAD,7,8.0
147920,1,3,130,2,1,60.0,0,N,MELB_URBAN,ROAD,7,13.0
147921,1,1,116,2,6,80.0,0,I,MELB_URBAN,ROAD,6,5.0
147922,2,3,102,2,5,50.0,0,N,MELB_URBAN,STREET,7,18.0
147923,1,2,130,5,1,80.0,0,N,RURAL_VICTORIA,ROAD,7,17.0
147924,4,4,181,1,1,100.0,0,N,RURAL_VICTORIA,RAMP,7,15.0
147925,1,1,130,2,1,60.0,0,N,MELB_URBAN,ROAD,6,13.0
147926,1,4,121,2,3,60.0,0,I,MELB_URBAN,ROAD,7,17.0
147927,1,4,130,1,1,60.0,0,N,MELB_URBAN,OTHER,7,11.0
147928,1,4,113,2,3,80.0,0,I,MELB_URBAN,HIGHWAY,7,17.0
147929,1,4,130,5,3,100.0,0,N,MELB_URBAN,ROAD,7,18.0
147930,1,3,132,2,5,60.0,0,I,MELB_URBAN,ROAD,7,18.0
147931,1,4,111,2,3,40.0,0,I,MELB_URBAN,STREET,7,17.0
147932,1,4,99,1,1,60.0,0,I,SMALL_CITIES,STREET,7,16.0
147933,1,3,99,5,3,60.0,0,N,UNKNOWN,ROAD,7,20.0
147934,1,3,99,2,9,80.0,0,I,RURAL_VICTORIA,ROAD,7,16.0
147935,1,5,116,2,1,80.0,0,I,MELB_URBAN,HIGHWAY,6,15.0
147936,1,6,121,2,1,60.0,0,I,MELB_URBAN,STREET,5,12.0
147937,4,2,173,5,1,100.0,0,N,RURAL_VICTORIA,HIGHWAY,5,12.0
147938,1,4,120,5,3,50.0,0,N,UNKNOWN,DRIVE,7,19.0
147939,2,4,100,2,3,50.0,0,N,MELB_URBAN,ROAD,7,19.0
147940,1,4,130,5,1,100.0,0,N,MELB_URBAN,ROAD,7,17.0
147941,1,3,121,2,3,80.0,0,I,MELB_URBAN,AVENUE,7,21.0
147942,6,5,174,5,3,60.0,0,N,MELB_URBAN,ROAD,6,18.0
147943,1,4,171,5,3,50.0,0,N,MELB_URBAN,STREET,7,22.0
147944,1,3,130,5,2,60.0,0,N,SMALL_CITIES,DRIVE,7,17.0
147945,2,4,102,5,1,60.0,0,N,MELB_URBAN,ROAD,7,12.0
147946,2,5,102,5,2,60.0,0,I,MELB_URBAN,ROAD,7,7.0
147947,1,5,121,2,3,80.0,0,I,MELB_URBAN,ROAD,7,6.0
147948,1,5,130,5,1,70.0,0,N,LARGE_PROVINCIAL_CITIES,ROAD,6,15.0
147949,4,5,173,5,1,80.0,0,N,MELB_URBAN,ROAD,7,7.0
147950,7,4,99,2,1,50.0,0,I,LARGE_PROVINCIAL_CITIES,STREET,7,11.0
147951,8,7,174,5,2,50.0,0,N,RURAL_VICTORIA,BOULEVARD,7,7.0
147952,8,1,174,2,1,60.0,0,I,RURAL_VICTORIA,ROAD,7,15.0
147953,1,5,110,1,1,100.0,0,I,RURAL_VICTORIA,ROAD,7,7.0
147954,1,2,130,5,1,60.0,0,N,MELB_URBAN,ROAD,7,15.0
147955,1,2,130,5,6,60.0,0,N,LARGE_PROVINCIAL_CITIES,STREET,6,18.0
147956,1,3,121,2,3,60.0,0,I,MELB_URBAN,ROAD,7,21.0
147957,1,3,99,1,1,60.0,0,I,MELB_URBAN,ROAD,7,10.0
147958,1,6,135,2,1,80.0,0,N,MELB_URBAN,HIGHWAY,5,14.0
147959,1,4,140,5,1,60.0,0,N,SMALL_CITIES,STREET,7,11.0
147960,1,4,130,5,1,60.0,0,N,SMALL_CITIES,AVENUE,7,14.0
147961,1,4,110,1,3,60.0,0,I,LARGE_PROVINCIAL_CITIES,HIGHWAY,5,18.0
147962,1,2,147,5,1,50.0,0,N,MELB_URBAN,STREET,6,8.0
147963,1,4,160,5,1,50.0,0,N,MELB_URBAN,STREET,7,14.0
147964,1,1,130,5,9,60.0,0,N,MELB_URBAN,STREET,6,17.0
147965,1,5,130,5,2,60.0,0,N,SMALL_CITIES,ROAD,7,16.0
147966,4,4,173,5,2,60.0,0,N,RURAL_VICTORIA,ROAD,7,16.0
147967,1,5,132,2,1,60.0,0,N,TOWNS,ROAD,7,16.0
147968,1,5,130,1,9,60.0,0,I,MELB_URBAN,ROAD,7,7.0
147969,1,5,113,2,3,70.0,0,N,MELB_URBAN,ROAD,7,19.0
147970,1,4,130,2,1,60.0,0,I,MELB_URBAN,ROAD,7,16.0
147971,1,5,99,5,5,50.0,0,N,TOWNS,STREET,7,19.0
147972,4,4,171,2,5,80.0,0,N,RURAL_VICTORIA,HIGHWAY,7,21.0
147973,1,5,113,2,3,60.0,0,I,LARGE_PROVINCIAL_CITIES,ROAD,7,21.0
147974,2,4,99,5,3,60.0,0,N,LARGE_PROVINCIAL_CITIES,STREET,7,21.0
147975,1,4,121,1,3,60.0,0,I,MELB_URBAN,ROAD,7,18.0
147976,1,5,116,1,3,80.0,0,N,MELB_URBAN,HIGHWAY,7,22.0
147977,1,5,160,5,3,40.0,0,N,LARGE_PROVINCIAL_CITIES,STREET,7,23.0
147978,4,6,181,5,3,100.0,0,N,MELB_URBAN,FREEWAY,7,0.0
147979,2,5,100,1,1,60.0,0,N,MELB_URBAN,ROAD,6,15.0
147980,4,4,171,5,3,60.0,0,N,MELB_URBAN,ROAD,7,23.0
147981,1,4,121,2,1,80.0,0,I,MELB_URBAN,ROAD,7,13.0
147982,1,2,111,2,1,80.0,0,I,TOWNS,HIGHWAY,6,8.0
147983,4,6,171,5,1,50.0,0,N,SMALL_CITIES,STREET,7,8.0
147984,1,4,130,5,1,80.0,0,N,MELB_URBAN,RAMP,7,15.0
147985,1,4,132,1,3,80.0,0,I,MELB_URBAN,ROAD,6,5.0
147986,1,1,135,5,1,100.0,0,N,MELB_URBAN,UNKNOWN,5,7.0
147987,1,5,121,2,3,60.0,0,I,MELB_URBAN,STREET,7,19.0
147988,1,5,120,5,1,60.0,0,N,MELB_URBAN,ROAD,7,16.0
147989,1,3,130,1,1,80.0,0,N,MELB_URBAN,HIGHWAY,5,7.0
147990,6,5,170,5,5,100.0,0,N,RURAL_VICTORIA,OTHER,7,5.0
147991,1,6,120,5,1,60.0,0,N,MELB_URBAN,ROAD,7,10.0
147992,1,6,110,1,1,50.0,0,I,SMALL_CITIES,STREET,7,10.0
147993,1,4,99,1,1,60.0,0,I,MELB_URBAN,ROAD,6,16.0
147994,2,1,99,5,1,40.0,0,N,MELB_URBAN,STREET,7,15.0
147995,1,4,130,2,3,70.0,0,I,MELB_URBAN,ROAD,6,17.0
147996,1,6,130,5,1,80.0,0,N,MELB_URBAN,HIGHWAY,7,11.0
147997,4,5,99,5,6,60.0,0,N,RURAL_VICTORIA,ROAD,6,21.0
147998,5,4,99,5,1,100.0,0,N,RURAL_VICTORIA,ROAD,7,9.0
147999,4,5,171,5,1,100.0,0,N,RURAL_VICTORIA,ROAD,7,10.0
148000,4,5,171,5,1,80.0,0,N,UNKNOWN,FREEWAY,7,12.0
148001,1,6,140,5,1,100.0,0,N,RURAL_VICTORIA,HIGHWAY,7,10.0
148002,1,6,130,2,1,50.0,0,I,LARGE_PROVINCIAL_CITIES,AVENUE,7,13.0
148003,1,5,113,2,1,60.0,0,N,MELB_URBAN,UNKNOWN,7,12.0
148004,4,4,173,5,3,80.0,0,N,UNKNOWN,AVENUE,7,23.0
148005,1,6,160,5,1,50.0,0,N,UNKNOWN,DRIVE,7,14.0
148006,1,6,113,4,1,80.0,0,I,MELB_URBAN,ROAD,7,13.0
148007,1,4,130,2,1,80.0,0,I,MELB_URBAN,ROAD,7,14.0
148008,2,0,102,5,3,60.0,0,N,SMALL_CITIES,ROAD,6,17.0
148009,1,6,99,5,1,60.0,0,N,MELB_URBAN,ROAD,7,15.0
148010,1,1,134,2,3,50.0,0,N,MELB_URBAN,STREET,7,18.0
148011,1,6,113,2,1,80.0,0,N,RURAL_VICTORIA,HIGHWAY,7,9.0
148012,1,6,130,5,1,80.0,0,N,MELB_URBAN,HIGHWAY,7,16.0
148013,6,7,99,5,1,60.0,0,N,RURAL_VICTORIA,ROAD,5,13.0
148014,2,5,102,1,3,60.0,0,N,MELB_URBAN,ROAD,7,18.0
148015,1,5,116,2,1,60.0,0,I,MELB_URBAN,ROAD,7,16.0
148016,1,5,121,2,2,60.0,0,I,MELB_URBAN,ROAD,7,17.0
148017,1,5,130,5,1,80.0,0,N,MELB_URBAN,OTHER,7,14.0
148018,1,6,116,1,3,80.0,0,N,UNKNOWN,DRIVE,7,18.0
148019,4,5,181,5,5,100.0,0,N,RURAL_VICTORIA,ROAD,7,20.0
148020,1,5,121,4,3,60.0,0,I,MELB_URBAN,STREET,7,17.0
148021,2,6,102,4,3,60.0,0,I,MELB_URBAN,STREET,7,20.0
148022,1,6,120,5,3,70.0,0,N,MELB_URBAN,DRIVE,7,23.0
148023,1,6,99,5,1,100.0,1,N,RURAL_VICTORIA,ROAD,7,15.0
148024,1,6,99,2,3,60.0,0,I,MELB_URBAN,ROAD,7,23.0
148025,1,5,121,2,3,60.0,0,I,RURAL_VICTORIA,BOULEVARD,7,23.0
148026,4,7,183,5,2,100.0,0,N,RURAL_VICTORIA,ROAD,7,7.0
148027,1,7,113,2,1,80.0,0,I,LARGE_PROVINCIAL_CITIES,STREET,7,9.0
148028,1,7,99,5,1,60.0,0,N,MELB_URBAN,ROAD,7,9.0
148029,1,6,110,1,1,50.0,0,I,MELB_URBAN,STREET,7,9.0
148030,1,6,130,5,1,60.0,0,N,MELB_URBAN,ROAD,7,9.0
148031,1,5,130,1,1,60.0,0,I,MELBOURNE_CBD,STREET,7,13.0
148032,1,5,160,5,1,50.0,0,N,MELB_URBAN,ROAD,7,16.0
148033,1,2,110,1,1,60.0,0,I,MELB_URBAN,STREET,6,8.0
148034,7,6,99,5,1,60.0,0,N,MELB_URBAN,ROAD,7,10.0
148035,1,7,132,2,1,100.0,0,I,RURAL_VICTORIA,ROAD,7,10.0
148036,1,6,160,5,1,50.0,0,N,TOWNS,OTHER,7,8.0
148037,2,7,99,5,1,60.0,0,N,UNKNOWN,STREET,7,10.0
148038,1,2,130,5,1,50.0,0,N,MELB_URBAN,PARADE,7,14.0
148039,1,7,130,5,1,60.0,0,I,SMALL_TOWNS,ROAD,7,13.0
148040,1,6,110,1,1,50.0,0,I,MELB_URBAN,OTHER,7,11.0
148041,1,7,121,2,1,80.0,0,I,MELB_URBAN,HIGHWAY,7,11.0
148042,1,2,130,5,3,40.0,0,N,MELB_URBAN,ROAD,7,1.0
148043,1,7,99,2,1,50.0,0,I,MELB_URBAN,ROAD,7,15.0
148044,1,4,99,1,9,60.0,0,I,MELB_URBAN,ROAD,7,17.0
148045,4,7,99,5,2,60.0,0,N,MELB_URBAN,AVENUE,7,16.0
148046,6,6,170,5,1,60.0,0,N,MELB_URBAN,ROAD,7,13.0
148047,1,6,140,5,1,100.0,0,N,RURAL_VICTORIA,HIGHWAY,7,10.0
148048,1,7,110,1,1,100.0,0,I,RURAL_VICTORIA,HIGHWAY,7,14.0
148049,1,7,130,2,3,60.0,0,N,MELB_URBAN,ROAD,7,19.0
148050,1,6,120,5,1,100.0,0,N,UNKNOWN,HIGHWAY,7,16.0
148051,1,6,121,2,3,60.0,0,I,MELB_URBAN,UNKNOWN,7,17.0
148052,1,7,120,2,3,60.0,0,I,MELB_URBAN,ROAD,7,20.0
148053,4,7,171,5,1,100.0,0,N,RURAL_VICTORIA,OTHER,7,14.0
148054,1,7,140,5,3,80.0,0,N,MELB_URBAN,ROAD,7,20.0
148055,1,6,160,5,3,50.0,0,N,MELB_URBAN,STREET,7,22.0
148056,2,6,100,1,3,60.0,0,I,MELB_URBAN,ROAD,7,21.0
148057,2,5,102,5,3,50.0,0,N,MELB_URBAN,STREET,7,21.0
148058,4,7,171,1,3,50.0,0,I,LARGE_PROVINCIAL_CITIES,STREET,7,23.0
148059,1,0,110,1,3,60.0,0,I,LARGE_PROVINCIAL_CITIES,STREET,7,5.0
148060,1,3,130,5,2,60.0,0,N,MELB_URBAN,ROAD,6,17.0
148061,4,7,183,5,5,100.0,0,N,RURAL_VICTORIA,ROAD,7,22.0
148062,1,6,173,5,3,50.0,0,N,SMALL_TOWNS,STREET,7,23.0
148063,1,1,130,1,9,70.0,0,I,MELB_URBAN,ROAD,7,13.0
148064,1,6,130,5,9,80.0,0,N,MELB_URBAN,HIGHWAY,7,18.0
148065,1,1,113,2,1,50.0,0,I,SMALL_CITIES,ROAD,7,8.0
148066,4,1,183,5,1,100.0,0,N,RURAL_VICTORIA,ROAD,7,10.0
148067,2,0,99,5,1,50.0,0,N,SMALL_TOWNS,STREET,7,14.0
148068,1,0,110,1,1,40.0,0,I,MELB_URBAN,STREET,7,15.0
148069,1,0,121,1,3,40.0,0,I,MELB_URBAN,AVENUE,7,4.0
148070,1,6,130,5,1,60.0,0,N,MELB_URBAN,OTHER,7,15.0
148071,1,0,110,1,1,40.0,0,I,MELB_URBAN,STREET,7,15.0
148072,1,1,111,2,1,70.0,0,I,MELB_URBAN,FREEWAY,7,16.0
148073,1,1,121,1,1,60.0,0,I,MELB_URBAN,ROAD,7,15.0
148074,1,1,140,1,1,70.0,0,I,MELB_URBAN,ROAD,7,15.0
148075,1,1,113,2,1,80.0,0,N,MELB_URBAN,ROAD,7,16.0
148076,1,1,110,1,3,50.0,0,I,TOWNS,STREET,7,17.0
148077,1,1,183,5,1,50.0,0,N,MELB_URBAN,BOULEVARD,7,16.0
148078,8,4,99,5,1,60.0,0,N,MELB_URBAN,ROAD,7,13.0
148079,4,1,183,5,1,80.0,0,N,RURAL_VICTORIA,ROAD,7,16.0
148080,2,6,102,1,9,70.0,0,I,LARGE_PROVINCIAL_CITIES,ROAD,7,17.0
148081,1,1,120,5,5,100.0,0,N,RURAL_VICTORIA,ROAD,7,17.0
148082,1,0,99,5,3,40.0,0,N,MELB_URBAN,STREET,7,19.0
148083,1,0,130,9,3,80.0,0,N,MELB_URBAN,UNKNOWN,7,19.0
148084,4,0,99,5,5,80.0,0,N,RURAL_VICTORIA,HIGHWAY,7,18.0
148085,1,1,121,4,3,80.0,0,I,MELB_URBAN,RAMP,7,19.0
148086,4,0,171,5,5,100.0,0,N,RURAL_VICTORIA,ROAD,7,19.0
148087,1,2,121,1,3,60.0,0,I,MELB_URBAN,PARADE,7,2.0
148088,1,0,160,5,3,40.0,0,N,MELB_URBAN,STREET,7,21.0
148089,8,5,99,5,6,110.0,0,N,RURAL_VICTORIA,FREEWAY,7,18.0
148090,1,2,113,2,1,60.0,0,I,MELB_URBAN,ROAD,7,7.0
148091,1,2,130,5,2,60.0,0,N,SMALL_CITIES,AVENUE,7,7.0
148092,1,1,110,1,5,100.0,0,I,RURAL_VICTORIA,ROAD,7,19.0
148093,4,1,173,5,5,100.0,0,N,RURAL_VICTORIA,ROAD,5,20.0
148094,1,1,99,5,1,70.0,0,N,MELB_URBAN,ROAD,7,8.0
148095,1,1,134,2,1,60.0,0,I,MELB_URBAN,STREET,7,9.0
148096,1,2,134,5,3,60.0,0,N,MELB_URBAN,UNKNOWN,6,17.0
148097,1,4,130,1,1,70.0,0,I,LARGE_PROVINCIAL_CITIES,ROAD,7,17.0
148098,1,1,120,5,1,100.0,0,N,RURAL_VICTORIA,ROAD,7,8.0
148099,1,2,134,5,1,60.0,0,N,MELB_URBAN,ROAD,7,12.0
148100,1,1,130,5,1,50.0,0,N,MELB_URBAN,ROAD,7,11.0
148101,6,3,99,5,1,100.0,0,N,RURAL_VICTORIA,ROAD,7,13.0
148102,2,6,100,2,1,50.0,0,I,MELB_URBAN,STREET,7,14.0
148103,1,5,130,5,1,60.0,0,N,RURAL_VICTORIA,HIGHWAY,7,16.0
148104,1,2,121,2,1,80.0,0,I,MELB_URBAN,ROAD,7,7.0
148105,4,1,171,5,1,60.0,0,N,RURAL_VICTORIA,ROAD,7,10.0
148106,1,2,130,5,1,100.0,0,N,RURAL_VICTORIA,ROAD,7,8.0
148107,1,1,133,5,1,50.0,0,N,MELB_URBAN,ROAD,7,8.0
148108,2,1,100,5,1,50.0,0,N,MELB_URBAN,AVENUE,7,14.0
148109,8,7,170,5,1,60.0,0,N,RURAL_VICTORIA,OTHER,7,13.0
148110,1,2,147,5,1,50.0,0,N,SMALL_CITIES,ROAD,7,15.0
148111,2,2,102,1,1,50.0,0,I,MELB_URBAN,STREET,7,15.0
148112,1,5,163,5,1,50.0,0,N,MELB_URBAN,STREET,6,15.0
148113,8,1,174,5,1,60.0,0,N,RURAL_VICTORIA,OTHER,7,16.0
148114,8,1,99,5,1,50.0,0,N,MELB_URBAN,ROAD,11,17.0
148115,1,1,113,2,1,60.0,0,I,MELB_URBAN,STREET,7,16.0
148116,1,2,130,5,1,100.0,0,N,MELB_URBAN,FREEWAY,7,15.0
148117,1,3,130,5,2,100.0,0,N,MELB_URBAN,FREEWAY,6,17.0
148118,4,2,183,5,1,50.0,0,N,MELB_URBAN,OTHER,7,16.0
148119,1,2,121,1,3,50.0,0,I,MELB_URBAN,ROAD,7,19.0
148120,1,2,130,1,6,60.0,0,I,MELB_URBAN,HIGHWAY,7,20.0
148121,1,1,130,5,9,60.0,0,N,MELB_URBAN,FREEWAY,6,12.0
148122,1,2,113,1,1,60.0,0,I,MELB_URBAN,RAMP,7,15.0
148123,1,2,121,1,3,60.0,0,N,MELB_URBAN,ROAD,7,23.0
148124,1,1,121,1,3,60.0,0,I,MELB_URBAN,ROAD,7,18.0
148125,4,2,173,5,3,60.0,0,N,UNKNOWN,ROAD,7,23.0
148126,2,3,102,1,3,50.0,0,I,MELB_URBAN,STREET,7,6.0
148127,1,2,130,2,1,60.0,0,N,MELB_URBAN,ROAD,7,15.0
148128,1,1,132,1,1,50.0,0,N,LARGE_PROVINCIAL_CITIES,STREET,7,14.0
148129,6,0,99,5,5,40.0,0,N,RURAL_VICTORIA,ROAD,7,5.0
148130,1,7,116,1,3,60.0,0,I,MELB_URBAN,STREET,7,23.0
148131,4,3,173,5,1,100.0,0,N,RURAL_VICTORIA,ROAD,7,7.0
148132,4,2,171,5,1,100.0,0,N,RURAL_VICTORIA,ROAD,7,8.0
148133,7,2,99,5,1,60.0,0,N,MELB_URBAN,ROAD,7,10.0
148134,1,3,113,2,1,80.0,0,I,RURAL_VICTORIA,ROAD,7,8.0
148135,4,2,171,5,1,100.0,0,N,LARGE_PROVINCIAL_CITIES,FREEWAY,7,11.0
148136,1,5,110,1,1,60.0,0,I,TOWNS,ROAD,7,10.0
148137,1,3,147,5,1,70.0,0,N,MELB_URBAN,STREET,7,10.0
148138,8,3,99,2,1,60.0,0,N,MELB_URBAN,STREET,7,9.0
148139,1,5,130,5,3,40.0,0,N,MELB_URBAN,STREET,7,19.0
148140,1,5,130,5,1,100.0,0,N,RURAL_VICTORIA,FREEWAY,7,14.0
148141,1,3,130,5,1,60.0,0,N,MELB_URBAN,RAMP,3,10.0
148142,2,2,100,1,1,50.0,0,I,MELB_URBAN,STREET,7,11.0
148143,4,3,171,2,1,50.0,0,N,UNKNOWN,AVENUE,7,12.0
148144,1,1,121,2,2,60.0,0,N,MELB_URBAN,ROAD,6,17.0
148145,1,3,130,5,1,80.0,0,N,MELB_URBAN,RAMP,7,10.0
148146,1,3,130,2,2,70.0,0,N,MELB_URBAN,ROAD,5,16.0
148147,1,2,99,9,1,50.0,0,I,SMALL_TOWNS,ROAD,7,12.0
148148,1,5,130,4,1,60.0,0,I,MELB_URBAN,OTHER,7,14.0
148149,1,4,99,5,1,60.0,0,N,MELB_URBAN,ROAD,7,18.0
148150,1,3,110,1,2,100.0,0,I,RURAL_VICTORIA,ROAD,7,16.0
148151,1,3,113,1,1,60.0,0,I,LARGE_PROVINCIAL_CITIES,ROAD,7,15.0
148152,8,3,99,5,1,60.0,0,N,MELB_URBAN,ROAD,7,15.0
148153,1,2,116,1,3,60.0,0,I,MELB_URBAN,ROAD,7,17.0
148154,1,0,120,2,3,60.0,0,I,MELB_URBAN,OTHER,7,1.0
148155,1,2,130,5,1,100.0,0,N,MELB_URBAN,FREEWAY,7,16.0
148156,2,2,99,5,2,60.0,0,N,RURAL_VICTORIA,ROAD,7,18.0
148157,1,1,130,5,1,60.0,0,N,MELB_URBAN,ROAD,7,11.0
148158,1,3,121,1,3,80.0,0,I,RURAL_VICTORIA,ROAD,7,19.0
148159,1,2,147,5,1,50.0,0,N,MELB_URBAN,UNKNOWN,6,11.0
148160,1,2,173,2,3,50.0,0,I,MELB_URBAN,AVENUE,7,18.0
148161,1,2,113,1,5,60.0,0,I,MELB_URBAN,STREET,7,20.0
148162,2,3,100,1,3,60.0,0,I,MELB_URBAN,ROAD,7,21.0
148163,1,7,121,2,2,60.0,0,I,MELB_URBAN,STREET,6,17.0
148164,1,4,121,2,1,60.0,0,I,MELB_URBAN,ROAD,7,7.0
148165,1,4,121,1,2,50.0,0,I,MELB_URBAN,ROAD,7,6.0
148166,1,2,130,5,1,70.0,0,N,MELB_URBAN,ROAD,7,12.0
148167,1,5,130,5,3,100.0,0,N,MELB_URBAN,FREEWAY,7,17.0
148168,4,2,183,5,5,100.0,0,N,SMALL_TOWNS,ROAD,7,19.0
148169,6,2,170,5,1,50.0,0,N,MELB_URBAN,ROAD,7,13.0
148170,1,4,133,1,1,60.0,0,I,MELB_URBAN,ROAD,7,8.0
148171,1,4,160,5,1,60.0,0,N,UNKNOWN,ROAD,7,10.0
148172,1,4,99,5,1,100.0,0,N,RURAL_VICTORIA,UNKNOWN,7,8.0
148173,4,4,171,5,1,70.0,0,N,MELB_URBAN,ROAD,7,10.0
148174,1,4,133,5,1,100.0,0,N,RURAL_VICTORIA,HIGHWAY,7,9.0
148175,1,3,130,5,1,60.0,0,N,MELB_URBAN,ROAD,7,12.0
148176,1,4,120,5,1,80.0,1,N,RURAL_VICTORIA,HIGHWAY,7,9.0
148177,4,3,171,5,1,60.0,0,N,MELB_URBAN,ROAD,7,12.0
148178,2,3,100,5,1,60.0,0,N,UNKNOWN,HIGHWAY,7,12.0
148179,1,2,130,5,3,60.0,0,N,MELB_URBAN,STREET,7,19.0
148180,1,3,163,5,1,50.0,0,N,MELB_URBAN,STREET,7,12.0
148181,1,4,99,2,1,50.0,0,I,MELB_URBAN,STREET,7,9.0
148182,1,5,130,5,1,60.0,0,N,LARGE_PROVINCIAL_CITIES,STREET,7,16.0
148183,1,4,121,1,1,60.0,0,I,MELB_URBAN,ROAD,7,14.0
148184,4,4,173,1,1,80.0,0,I,RURAL_VICTORIA,AVENUE,7,14.0
148185,1,3,110,1,1,50.0,0,I,MELB_URBAN,ROAD,7,13.0
148186,1,4,111,2,1,100.0,0,I,RURAL_VICTORIA,ROAD,7,13.0
148187,1,1,121,1,1,60.0,0,I,LARGE_PROVINCIAL_CITIES,STREET,7,16.0
148188,1,3,121,1,1,60.0,0,N,UNKNOWN,ROAD,7,15.0
148189,1,4,99,2,1,40.0,0,I,MELB_URBAN,AVENUE,7,15.0
148190,8,3,99,5,1,100.0,0,N,RURAL_VICTORIA,ROAD,7,13.0
148191,1,3,110,1,1,50.0,0,I,MELB_URBAN,STREET,7,12.0
148192,1,1,99,6,6,50.0,0,N,MELB_URBAN,OTHER,6,4.0
148193,4,4,183,5,1,80.0,0,N,UNKNOWN,RAMP,7,13.0