,accident_type,day_of_week,dca_code,road_geometry,light_condition,speed_zone,severity,node_type,deg_urban_name,road_type,month,hour
148194,4,4,181,5,1,50.0,0,N,MELB_URBAN,PARADE,7,16.0
148195,2,3,100,2,1,80.0,0,I,MELB_URBAN,ROAD,7,17.0
148196,2,4,100,2,3,50.0,0,I,MELB_URBAN,ROAD,7,19.0
148197,1,4,130,5,1,70.0,0,N,MELB_URBAN,ROAD,7,7.0
148198,1,4,130,1,1,60.0,0,I,RURAL_VICTORIA,HIGHWAY,5,12.0
148199,2,6,99,5,1,40.0,0,N,MELB_URBAN,STREET,7,12.0
148200,1,3,130,1,1,50.0,0,N,MELB_URBAN,ROAD,7,15.0
148201,2,3,102,5,3,60.0,0,N,MELB_URBAN,ROAD,7,21.0
148202,1,4,99,5,2,50.0,1,N,MELB_URBAN,STREET,7,17.0
148203,1,3,99,2,6,60.0,0,N,MELB_URBAN,PARADE,7,20.0
148204,1,4,111,4,9,60.0,0,I,MELB_URBAN,STREET,7,12.0
148205,1,1,99,2,1,50.0,0,I,MELB_URBAN,STREET,5,9.0
148206,4,4,183,5,3,50.0,0,N,MELB_URBAN,OTHER,7,22.0
148207,4,4,171,5,5,100.0,0,N,UNKNOWN,ROAD,7,0.0
148208,4,5,171,5,3,80.0,0,N,MELB_URBAN,ROAD,7,5.0
148209,4,5,173,5,3,60.0,0,N,MELB_URBAN,ROAD,7,3.0
148210,2,3,102,5,5,60.0,0,N,RURAL_VICTORIA,ROAD,7,19.0
148211,2,3,99,1,2,60.0,0,I,MELB_URBAN,ROAD,6,17.0
148212,1,2,116,2,1,80.0,0,I,MELB_URBAN,ROAD,7,11.0
148213,1,4,116,2,2,60.0,0,I,MELB_URBAN,STREET,7,7.0
148214,1,4,130,5,1,60.0,0,N,SMALL_TOWNS,ROAD,7,9.0
148215,4,4,183,5,1,80.0,0,N,RURAL_VICTORIA,ROAD,7,8.0
148216,6,0,174,5,1,50.0,0,N,TOWNS,HIGHWAY,6,12.0
148217,1,5,110,1,1,80.0,0,I,SMALL_CITIES,ROAD,7,8.0
148218,2,5,102,5,3,80.0,1,N,MELB_URBAN,ROAD,7,4.0
148219,3,1,167,5,5,100.0,0,N,RURAL_VICTORIA,ROAD,7,5.0
148220,1,7,130,5,1,60.0,0,N,MELB_URBAN,ROAD,7,10.0
148221,8,6,174,1,3,40.0,0,I,MELB_URBAN,STREET,6,21.0
148222,1,4,130,5,1,70.0,0,N,SMALL_CITIES,HIGHWAY,7,8.0
148223,1,2,130,5,1,80.0,0,N,MELB_URBAN,FREEWAY,6,15.0
148224,1,5,130,5,9,100.0,0,N,RURAL_VICTORIA,ROAD,4,8.0
148225,1,4,135,2,1,50.0,0,I,MELB_URBAN,STREET,7,12.0
148226,1,5,116,2,3,60.0,0,I,RURAL_VICTORIA,ROAD,7,6.0
148227,1,5,110,1,1,100.0,0,I,RURAL_VICTORIA,ROAD,7,11.0
148228,1,7,130,2,1,60.0,0,N,MELB_URBAN,ROAD,7,13.0
148229,2,5,100,1,1,50.0,0,N,MELB_URBAN,AVENUE,7,10.0
148230,1,3,130,5,2,60.0,0,N,MELB_URBAN,STREET,7,18.0
148231,4,4,171,5,1,50.0,0,N,UNKNOWN,PARADE,7,12.0
148232,1,5,121,2,1,80.0,0,I,MELB_URBAN,HIGHWAY,7,8.0
148233,8,4,99,2,1,60.0,0,I,MELB_URBAN,ROAD,7,14.0
148234,1,5,132,2,1,60.0,0,I,SMALL_CITIES,STREET,7,14.0
148235,1,5,113,2,1,60.0,0,I,SMALL_CITIES,STREET,7,16.0
148236,2,5,102,1,1,40.0,0,I,LARGE_PROVINCIAL_CITIES,STREET,7,15.0
148237,1,2,121,1,3,80.0,0,I,MELB_URBAN,HIGHWAY,7,20.0
148238,1,3,130,1,3,60.0,0,N,MELB_URBAN,ROAD,7,17.0
148239,1,5,113,2,1,80.0,0,I,MELB_URBAN,ROAD,7,15.0
148240,1,4,130,5,3,100.0,0,N,MELB_URBAN,ROAD,7,17.0
148241,1,5,111,1,1,80.0,0,N,UNKNOWN,HIGHWAY,7,17.0
148242,2,4,99,1,3,50.0,0,I,MELB_URBAN,ROAD,7,20.0
148243,1,6,130,5,9,60.0,0,N,RURAL_VICTORIA,STREET,7,13.0
148244,1,4,130,5,3,80.0,0,N,MELB_URBAN,UNKNOWN,7,17.0
148245,1,5,121,2,3,60.0,0,I,TOWNS,STREET,7,18.0
148246,1,2,135,5,3,80.0,0,N,MELB_URBAN,RAMP,7,6.0
148247,1,6,111,2,1,60.0,0,I,MELB_URBAN,ROAD,6,11.0
148248,4,5,171,1,3,60.0,0,I,MELB_URBAN,STREET,7,19.0
148249,1,5,130,5,3,40.0,0,N,LARGE_PROVINCIAL_CITIES,STREET,7,18.0
148250,1,5,116,1,2,60.0,0,I,MELB_URBAN,STREET,6,6.0
148251,1,3,130,5,3,100.0,0,N,MELB_URBAN,FREEWAY,7,17.0
148252,8,1,174,5,1,60.0,0,N,RURAL_VICTORIA,ROAD,7,11.0
148253,1,5,130,5,2,100.0,0,N,MELB_URBAN,FREEWAY,7,6.0
148254,1,7,121,2,1,50.0,0,I,MELB_URBAN,AVENUE,6,13.0
148255,1,5,130,1,1,70.0,0,I,MELB_URBAN,STREET,7,7.0
148256,1,3,130,5,3,90.0,0,N,MELB_URBAN,ROAD,7,5.0
148257,1,6,121,4,2,60.0,0,I,MELB_URBAN,ROAD,7,6.0
148258,6,4,170,5,3,40.0,0,N,MELB_URBAN,DRIVE,7,21.0
148259,1,4,130,5,3,60.0,0,N,MELB_URBAN,HIGHWAY,7,18.0
148260,1,4,147,5,9,60.0,0,N,MELB_URBAN,OTHER,7,6.0
148261,1,4,130,5,1,60.0,0,N,MELB_URBAN,ROAD,7,9.0
148262,1,0,130,2,1,80.0,0,I,MELB_URBAN,ROAD,7,11.0
148263,1,4,110,1,1,70.0,0,I,MELB_URBAN,RAMP,7,13.0
148264,1,6,121,2,1,70.0,0,I,LARGE_PROVINCIAL_CITIES,HIGHWAY,7,9.0
148265,4,6,173,5,1,100.0,0,N,RURAL_VICTORIA,ROAD,7,9.0
148266,8,5,174,1,1,60.0,0,I,MELB_URBAN,AVENUE,7,11.0
148267,4,5,99,5,3,80.0,0,N,MELB_URBAN,RAMP,7,2.0
148268,1,3,133,5,1,100.0,0,N,MELB_URBAN,ROAD,7,15.0
148269,1,5,132,5,1,60.0,0,N,MELB_URBAN,ROAD,7,13.0
148270,1,5,163,5,6,60.0,0,N,MELB_URBAN,ROAD,7,18.0
148271,1,5,163,2,1,40.0,0,N,MELB_URBAN,ROAD,7,15.0
148272,1,5,130,5,1,70.0,0,N,MELB_URBAN,ROAD,6,11.0
148273,1,4,121,1,2,70.0,0,I,MELB_URBAN,ROAD,6,18.0
148274,1,5,133,5,1,60.0,0,N,MELB_URBAN,STREET,7,15.0
148275,2,5,99,2,2,40.0,0,N,MELB_URBAN,ROAD,7,17.0
148276,1,5,130,5,1,80.0,0,N,MELB_URBAN,ROAD,7,8.0
148277,2,5,102,1,3,60.0,0,I,MELB_URBAN,STREET,7,17.0
148278,1,6,113,2,1,40.0,0,I,MELB_URBAN,ROAD,7,13.0
148279,1,5,121,1,1,50.0,0,I,TOWNS,STREET,7,15.0
148280,1,5,147,5,1,50.0,0,N,MELB_URBAN,ROAD,5,11.0
148281,3,5,167,5,1,100.0,0,N,RURAL_VICTORIA,ROAD,7,16.0
148282,4,3,183,5,1,50.0,0,N,SMALL_CITIES,OTHER,7,16.0
148283,1,6,99,1,1,40.0,0,I,MELB_URBAN,STREET,7,14.0
148284,8,6,174,5,5,80.0,0,N,LARGE_PROVINCIAL_CITIES,STREET,7,18.0
148285,4,6,171,5,1,100.0,1,N,RURAL_VICTORIA,ROAD,7,14.0
148286,2,6,100,5,3,80.0,0,N,MELB_URBAN,AVENUE,7,18.0
148287,1,5,130,5,3,60.0,0,N,MELB_URBAN,ROAD,7,21.0
148288,1,6,121,1,3,80.0,0,I,MELB_URBAN,ROAD,7,20.0
148289,1,6,110,1,3,80.0,0,I,SMALL_TOWNS,ROAD,7,19.0
148290,4,6,171,5,5,100.0,0,N,RURAL_VICTORIA,HIGHWAY,7,20.0
148291,4,5,171,5,5,80.0,0,N,RURAL_VICTORIA,ROAD,7,21.0
148292,4,6,99,5,5,100.0,0,N,RURAL_VICTORIA,BOULEVARD,7,20.0
148293,6,7,174,1,3,60.0,0,I,MELB_URBAN,PARADE,7,1.0
148294,4,7,181,2,5,100.0,0,I,RURAL_VICTORIA,ROAD,7,2.0
148295,4,1,171,2,5,50.0,0,I,RURAL_VICTORIA,ROAD,5,0.0
148296,1,7,121,1,3,70.0,0,I,LARGE_PROVINCIAL_CITIES,HIGHWAY,7,6.0
148297,1,6,130,5,9,100.0,0,N,MELB_URBAN,ROAD,6,11.0
148298,7,0,99,5,1,60.0,0,N,RURAL_VICTORIA,OTHER,7,10.0
148299,1,7,99,5,1,60.0,0,N,MELB_URBAN,ROAD,7,11.0
148300,1,6,110,1,1,60.0,0,I,MELB_URBAN,STREET,7,11.0
148301,1,7,113,2,1,50.0,0,N,MELB_URBAN,ROAD,7,12.0
148302,1,5,110,1,1,50.0,0,I,MELB_URBAN,STREET,7,11.0
148303,1,4,140,2,1,100.0,0,I,RURAL_VICTORIA,ROAD,7,13.0
148304,2,6,100,1,1,80.0,0,N,MELB_URBAN,ROAD,7,14.0
148305,2,7,102,5,1,70.0,1,N,MELB_URBAN,ROAD,7,12.0
148306,6,7,99,5,5,100.0,0,N,RURAL_VICTORIA,ROAD,7,2.0
148307,1,5,130,2,3,50.0,0,N,UNKNOWN,STREET,7,18.0
148308,1,5,121,1,1,80.0,0,I,MELB_URBAN,HIGHWAY,6,16.0
148309,4,7,181,5,1,80.0,0,N,RURAL_VICTORIA,ROAD,7,13.0
148310,1,5,130,5,1,40.0,0,N,MELB_URBAN,ROAD,7,8.0
148311,2,4,100,5,9,40.0,0,N,MELB_URBAN,ROAD,6,17.0
148312,4,7,183,5,1,80.0,0,N,RURAL_VICTORIA,ROAD,7,15.0
148313,6,7,174,5,3,40.0,0,N,MELBOURNE_CBD,STREET,7,17.0
148314,1,6,130,5,1,70.0,0,N,MELB_URBAN,ROAD,7,17.0
148315,1,6,121,2,1,60.0,0,N,MELB_URBAN,AVENUE,7,15.0
148316,4,4,173,1,2,100.0,0,N,UNKNOWN,ROAD,7,6.0
148317,6,6,170,5,5,100.0,0,N,RURAL_VICTORIA,ROAD,7,19.0
148318,4,6,173,1,3,50.0,0,N,MELB_URBAN,OTHER,7,17.0
148319,1,6,121,1,3,40.0,0,I,MELB_URBAN,AVENUE,7,21.0
148320,1,7,99,5,3,80.0,0,N,MELB_URBAN,RAMP,7,18.0
148321,1,7,160,5,3,50.0,0,N,SMALL_CITIES,OTHER,7,18.0
148322,4,7,183,5,3,50.0,0,N,SMALL_CITIES,PARADE,7,22.0
148323,1,7,130,2,1,60.0,0,I,MELB_URBAN,AVENUE,7,15.0
148324,4,6,173,5,3,50.0,0,N,UNKNOWN,STREET,7,21.0
148325,1,7,132,5,3,50.0,0,N,MELB_URBAN,ROAD,7,23.0
148326,4,7,173,5,5,100.0,0,N,RURAL_VICTORIA,ROAD,7,21.0
148327,6,7,99,5,5,100.0,0,N,RURAL_VICTORIA,ROAD,7,21.0
148328,4,1,171,5,3,80.0,0,N,UNKNOWN,STREET,7,0.0
148329,1,7,171,1,3,60.0,0,N,MELB_URBAN,ROAD,7,22.0
148330,4,7,171,1,3,50.0,0,I,SMALL_CITIES,PARADE,7,23.0
148331,1,1,120,5,3,60.0,0,N,MELB_URBAN,STREET,7,3.0
148332,1,1,160,5,3,100.0,0,N,MELB_URBAN,FREEWAY,7,4.0
148333,8,1,99,5,5,60.0,0,N,LARGE_PROVINCIAL_CITIES,ROAD,7,5.0
148334,1,1,130,5,4,80.0,0,N,MELB_URBAN,FREEWAY,7,6.0
148335,1,4,130,5,9,60.0,0,N,MELB_URBAN,RAMP,7,7.0
148336,4,6,173,5,1,100.0,0,N,RURAL_VICTORIA,ROAD,7,13.0
148337,2,0,99,5,1,60.0,0,N,UNKNOWN,OTHER,7,7.0
148338,1,1,121,2,1,40.0,0,I,MELB_URBAN,STREET,7,8.0
148339,2,0,100,5,3,50.0,0,N,TOWNS,STREET,7,3.0
148340,1,1,132,5,1,60.0,0,N,MELB_URBAN,ROAD,7,12.0
148341,1,1,110,1,1,60.0,0,I,SMALL_TOWNS,STREET,7,12.0
148342,1,5,147,1,1,60.0,0,N,LARGE_PROVINCIAL_CITIES,ROAD,6,9.0
148343,6,1,174,2,1,50.0,0,I,SMALL_CITIES,DRIVE,7,11.0
148344,1,0,130,5,1,100.0,0,N,MELB_URBAN,UNKNOWN,7,12.0
148345,1,3,116,1,3,60.0,0,I,MELB_URBAN,ROAD,7,6.0
148346,1,6,132,1,3,80.0,0,N,MELB_URBAN,ROAD,7,18.0
148347,4,1,99,4,1,60.0,0,I,MELB_URBAN,ROAD,7,13.0
148348,1,3,130,5,3,60.0,0,N,MELB_URBAN,AVENUE,4,21.0
148349,1,4,130,1,9,70.0,0,N,MELB_URBAN,ROAD,7,14.0
148350,1,4,130,1,6,60.0,0,N,MELB_URBAN,STREET,6,19.0
148351,1,1,99,1,2,80.0,0,I,TOWNS,ROAD,7,17.0
148352,4,0,183,5,3,50.0,0,N,MELB_URBAN,BOULEVARD,7,17.0
148353,1,0,130,2,2,60.0,0,I,MELB_URBAN,ROAD,7,17.0
148354,2,1,100,1,6,60.0,0,N,MELB_URBAN,ROAD,7,22.0
148355,1,2,110,1,1,60.0,0,I,TOWNS,ROAD,6,14.0
148356,4,2,99,5,3,70.0,0,N,MELB_URBAN,STREET,7,4.0
148357,1,2,121,1,3,80.0,0,N,UNKNOWN,STREET,7,5.0
148358,3,2,167,5,5,50.0,0,N,MELB_URBAN,ROAD,7,6.0
148359,1,1,163,5,1,60.0,0,N,MELB_URBAN,ROAD,7,7.0
148360,2,1,102,1,1,60.0,0,I,MELB_URBAN,ROAD,7,8.0
148361,2,1,100,1,1,60.0,0,I,MELB_URBAN,ROAD,7,8.0
148362,1,4,121,2,1,70.0,0,I,LARGE_PROVINCIAL_CITIES,HIGHWAY,6,15.0
148363,7,0,99,5,1,60.0,0,N,MELB_URBAN,DRIVE,7,10.0
148364,4,2,171,5,1,100.0,0,N,MELB_URBAN,RAMP,7,7.0
148365,4,6,171,5,9,80.0,0,N,RURAL_VICTORIA,ROAD,7,18.0
148366,2,2,99,5,1,60.0,0,N,UNKNOWN,OTHER,7,12.0
148367,1,7,130,1,1,60.0,0,I,MELB_URBAN,STREET,7,12.0
148368,1,1,110,1,1,50.0,0,I,MELB_URBAN,ROAD,7,11.0
148369,3,6,167,5,6,70.0,0,N,RURAL_VICTORIA,ROAD,6,23.0
148370,2,2,99,5,1,60.0,0,N,MELB_URBAN,ROAD,7,13.0
148371,1,1,110,1,1,60.0,0,I,RURAL_VICTORIA,ROAD,7,11.0
148372,2,2,102,2,1,70.0,0,N,MELB_URBAN,ROAD,7,11.0
148373,1,7,132,1,6,60.0,0,I,MELB_URBAN,HIGHWAY,7,21.0
148374,6,2,99,5,1,60.0,0,N,RURAL_VICTORIA,OTHER,6,16.0
148375,8,3,99,5,9,60.0,0,N,MELB_URBAN,STREET,6,5.0
148376,4,5,181,5,1,60.0,0,N,RURAL_VICTORIA,ROAD,12,10.0
148377,1,3,99,5,1,60.0,0,N,LARGE_PROVINCIAL_CITIES,STREET,7,12.0
148378,4,7,183,5,5,100.0,0,N,RURAL_VICTORIA,ROAD,7,22.0
148379,1,4,160,5,9,60.0,0,N,MELB_URBAN,STREET,1,6.0
148380,6,1,99,5,1,60.0,0,N,RURAL_VICTORIA,ROAD,7,14.0
148381,1,1,130,2,2,80.0,0,N,MELB_URBAN,ROAD,7,17.0
148382,1,6,160,5,1,60.0,0,N,MELB_URBAN,ROAD,7,8.0
148383,2,2,100,1,3,60.0,0,N,MELB_URBAN,STREET,7,18.0
148384,1,1,121,4,3,60.0,0,I,MELB_URBAN,HIGHWAY,7,18.0
148385,1,1,116,1,3,80.0,0,I,MELB_URBAN,ROAD,7,18.0
148386,1,2,99,1,3,80.0,0,N,MELB_URBAN,HIGHWAY,7,19.0
148387,1,4,113,2,1,60.0,0,I,MELB_URBAN,HIGHWAY,6,13.0
148388,4,2,183,5,3,50.0,0,N,MELB_URBAN,UNKNOWN,7,20.0
148389,4,1,173,5,6,100.0,0,N,UNKNOWN,ROAD,7,23.0
148390,1,7,130,2,3,50.0,0,I,SMALL_CITIES,DRIVE,7,22.0
148391,8,3,99,2,3,40.0,0,N,MELB_URBAN,STREET,7,1.0
148392,2,6,99,5,1,60.0,0,N,MELB_URBAN,DRIVE,7,9.0
148393,1,3,110,1,3,40.0,0,I,LARGE_PROVINCIAL_CITIES,STREET,7,5.0
148394,1,6,130,2,3,60.0,0,I,MELB_URBAN,ROAD,7,23.0
148395,1,4,135,5,1,100.0,0,N,MELB_URBAN,FREEWAY,7,13.0
148396,1,5,130,1,6,60.0,0,I,MELB_URBAN,STREET,7,18.0
148397,6,1,170,5,5,100.0,0,N,UNKNOWN,HIGHWAY,7,18.0
148398,1,1,130,5,2,60.0,0,N,MELB_URBAN,ROAD,7,16.0
148399,2,3,100,2,1,60.0,0,I,MELB_URBAN,ROAD,7,8.0
148400,4,3,183,5,1,50.0,0,N,MELB_URBAN,OTHER,7,8.0
148401,4,3,181,5,2,100.0,0,N,RURAL_VICTORIA,ROAD,7,7.0
148402,1,3,99,5,1,60.0,0,N,MELB_URBAN,RAMP,7,9.0
148403,1,2,120,5,1,60.0,0,N,RURAL_VICTORIA,ROAD,7,9.0
148404,1,3,99,5,1,50.0,0,N,MELB_URBAN,OTHER,7,13.0
148405,1,3,130,1,1,80.0,0,I,MELB_URBAN,ROAD,7,9.0
148406,2,3,102,2,3,60.0,1,N,MELB_URBAN,STREET,7,7.0
148407,1,1,181,5,3,40.0,0,N,MELB_URBAN,HIGHWAY,7,0.0
148408,1,3,121,2,3,80.0,1,I,MELB_URBAN,ROAD,7,5.0
148409,1,6,130,2,9,80.0,0,I,RURAL_VICTORIA,HIGHWAY,7,18.0
148410,1,2,140,2,1,80.0,0,I,MELB_URBAN,ROAD,7,8.0
148411,1,2,130,5,1,60.0,0,N,MELB_URBAN,ROAD,7,8.0
148412,1,2,130,5,2,100.0,0,N,MELB_URBAN,FREEWAY,7,6.0
148413,1,2,130,2,1,80.0,0,I,LARGE_PROVINCIAL_CITIES,STREET,7,11.0
148414,4,3,99,5,1,60.0,0,N,UNKNOWN,ROAD,7,11.0
148415,1,1,99,2,1,60.0,0,I,SMALL_CITIES,ROAD,7,8.0
148416,1,3,132,2,1,60.0,0,I,MELB_URBAN,STREET,7,10.0
148417,1,2,130,5,1,80.0,0,N,MELB_URBAN,ROAD,7,8.0
148418,1,6,132,2,9,60.0,0,N,MELB_URBAN,STREET,7,7.0
148419,4,1,181,5,1,100.0,0,N,RURAL_VICTORIA,ROAD,7,16.0
148420,1,2,130,1,1,60.0,0,I,MELB_URBAN,ROAD,7,12.0
148421,1,2,130,2,1,60.0,0,I,MELB_URBAN,ROAD,7,13.0
148422,8,7,174,5,3,50.0,0,N,MELB_URBAN,ROAD,8,21.0
148423,1,1,130,5,1,80.0,0,N,MELB_URBAN,ROAD,6,12.0
148424,1,7,116,1,9,60.0,0,N,MELB_URBAN,ROAD,7,12.0
148425,1,3,99,1,2,40.0,0,I,MELB_URBAN,STREET,7,16.0
148426,1,3,134,5,1,60.0,0,N,MELB_URBAN,ROAD,7,12.0
148427,1,2,110,1,1,50.0,0,I,LARGE_PROVINCIAL_CITIES,STREET,7,14.0
148428,1,5,99,5,1,80.0,0,I,MELB_URBAN,ROAD,5,16.0
148429,1,4,113,2,3,60.0,0,N,MELB_URBAN,STREET,6,17.0
148430,1,3,130,1,1,60.0,0,N,MELB_URBAN,STREET,6,11.0
148431,8,3,174,5,1,60.0,0,N,MELB_URBAN,ROAD,7,14.0
148432,1,2,99,4,1,60.0,0,N,MELB_URBAN,ROAD,6,14.0
148433,1,2,132,5,1,50.0,0,N,MELB_URBAN,STREET,7,16.0
148434,1,2,113,1,1,40.0,0,I,SMALL_CITIES,AVENUE,7,16.0
148435,1,3,135,5,1,70.0,0,N,MELB_URBAN,ROAD,7,15.0
148436,1,2,116,2,1,40.0,0,I,MELB_URBAN,STREET,7,16.0
148437,2,2,102,1,9,50.0,0,N,MELB_URBAN,STREET,7,11.0
148438,8,3,170,5,1,60.0,0,N,MELB_URBAN,ROAD,11,12.0
148439,1,2,99,2,1,50.0,0,N,LARGE_PROVINCIAL_CITIES,STREET,7,15.0
148440,1,3,130,1,9,60.0,0,N,MELB_URBAN,ROAD,3,16.0
148441,1,3,147,5,3,60.0,0,N,MELB_URBAN,ROAD,7,17.0
148442,1,3,121,1,3,50.0,0,I,MELB_URBAN,ROAD,7,17.0
148443,1,2,130,2,3,70.0,0,N,MELB_URBAN,ROAD,7,18.0
148444,1,3,134,5,3,60.0,0,N,MELB_URBAN,ROAD,7,18.0
148445,1,3,113,2,5,60.0,0,I,MELB_URBAN,OTHER,7,20.0
148446,1,3,111,2,3,70.0,0,I,MELB_URBAN,STREET,7,21.0
148447,1,2,113,2,3,60.0,0,I,MELB_URBAN,AVENUE,7,22.0
148448,1,5,121,4,3,70.0,0,N,MELB_URBAN,ROAD,7,22.0
148449,1,3,110,1,6,40.0,0,I,LARGE_PROVINCIAL_CITIES,STREET,6,18.0
148450,1,4,111,1,3,40.0,0,I,MELB_URBAN,STREET,7,4.0
148451,1,3,121,1,1,80.0,0,N,MELB_URBAN,ROAD,7,13.0
148452,1,2,160,5,1,40.0,0,N,MELB_URBAN,ROAD,7,8.0
148453,1,4,130,5,1,50.0,0,N,TOWNS,STREET,7,8.0
148454,1,5,130,5,3,70.0,0,N,MELB_URBAN,ROAD,4,19.0
148455,4,3,171,5,1,70.0,0,N,MELB_URBAN,ROAD,7,8.0
148456,1,4,113,2,1,70.0,0,I,MELB_URBAN,ROAD,7,9.0
148457,1,7,130,1,3,80.0,0,N,RURAL_VICTORIA,ROAD,7,19.0
148458,1,4,121,5,3,60.0,0,N,MELB_URBAN,ROAD,7,19.0
148459,2,4,99,5,1,40.0,0,N,MELB_URBAN,STREET,7,10.0
148460,1,1,130,1,1,80.0,0,N,MELB_URBAN,ROAD,7,7.0
148461,4,3,99,2,5,80.0,0,I,RURAL_VICTORIA,ROAD,7,18.0
148462,1,4,134,5,1,80.0,0,N,MELB_URBAN,ROAD,7,10.0
148463,1,4,160,5,1,50.0,0,N,MELB_URBAN,OTHER,7,9.0
148464,1,3,130,5,1,60.0,0,N,MELB_URBAN,ROAD,7,9.0
148465,1,4,130,5,9,100.0,0,N,MELB_URBAN,RAMP,10,16.0
148466,1,4,99,5,1,50.0,0,N,TOWNS,PARADE,7,10.0
148467,1,2,130,5,1,60.0,0,N,MELB_URBAN,PARADE,7,17.0
148468,1,4,116,2,1,50.0,0,N,MELB_URBAN,ROAD,7,8.0
148469,1,4,121,2,9,40.0,0,I,SMALL_CITIES,ROAD,4,21.0
148470,6,4,99,5,1,100.0,0,N,RURAL_VICTORIA,ROAD,7,13.0
148471,1,2,113,2,9,60.0,0,I,MELB_URBAN,ROAD,7,18.0
148472,6,3,174,2,1,60.0,0,I,MELB_URBAN,ROAD,7,13.0
148473,1,3,121,1,3,60.0,0,I,MELB_URBAN,STREET,6,18.0
148474,1,4,130,1,1,60.0,0,I,MELB_URBAN,ROAD,6,9.0
148475,1,2,130,5,1,40.0,0,N,MELB_URBAN,ROAD,7,14.0
148476,1,3,120,5,1,50.0,0,I,MELB_URBAN,AVENUE,7,14.0
148477,1,5,121,1,3,60.0,0,I,MELB_URBAN,ROAD,7,22.0
148478,1,3,110,1,1,60.0,0,I,TOWNS,ROAD,7,16.0
148479,1,4,130,1,1,100.0,0,N,MELB_URBAN,FREEWAY,7,16.0
148480,1,4,130,5,3,80.0,0,N,MELB_URBAN,OTHER,7,18.0
148481,1,1,130,5,1,60.0,0,N,LARGE_PROVINCIAL_CITIES,STREET,7,16.0
148482,1,4,130,1,1,60.0,0,N,MELB_URBAN,STREET,7,14.0
148483,1,4,120,2,5,60.0,0,N,MELB_URBAN,ROAD,7,18.0
148484,1,4,116,2,3,80.0,0,I,MELB_URBAN,STREET,7,19.0
148485,1,3,130,5,3,60.0,0,N,MELB_URBAN,ROAD,7,17.0
148486,1,0,99,2,1,60.0,0,I,RURAL_VICTORIA,ROAD,7,14.0
148487,1,3,130,5,1,60.0,0,N,SMALL_CITIES,STREET,7,8.0
148488,1,6,121,2,3,60.0,0,I,MELB_URBAN,ROAD,7,6.0
148489,2,4,99,5,5,80.0,0,N,MELB_URBAN,ROAD,7,18.0
148490,2,4,100,5,3,60.0,0,N,MELB_URBAN,ROAD,7,17.0
148491,1,2,130,2,1,70.0,0,I,RURAL_VICTORIA,DRIVE,7,17.0
148492,1,4,130,2,5,50.0,0,N,MELB_URBAN,DRIVE,7,19.0
148493,4,4,171,5,3,50.0,0,N,MELB_URBAN,BOULEVARD,7,20.0
148494,1,3,121,1,3,70.0,0,N,UNKNOWN,ROAD,7,20.0
148495,1,3,130,5,3,60.0,0,N,MELB_URBAN,ROAD,7,5.0
148496,1,5,135,1,3,60.0,0,N,MELB_URBAN,ROAD,7,0.0
148497,1,4,120,5,5,80.0,0,N,SMALL_TOWNS,ROAD,7,22.0
148498,1,4,110,1,1,30.0,0,N,MELB_URBAN,ROAD,7,9.0
148499,4,1,99,5,1,60.0,0,N,MELB_URBAN,STREET,7,15.0
148500,1,5,99,4,1,60.0,0,N,MELB_URBAN,DRIVE,7,8.0
148501,1,4,160,5,1,50.0,0,N,SMALL_CITIES,OTHER,7,8.0
148502,6,1,99,5,1,60.0,0,N,RURAL_VICTORIA,ROAD,6,14.0
148503,4,4,171,5,1,110.0,0,N,RURAL_VICTORIA,FREEWAY,7,8.0
148504,4,4,173,5,1,50.0,0,N,LARGE_PROVINCIAL_CITIES,AVENUE,7,9.0
148505,2,5,100,1,9,60.0,0,I,MELB_URBAN,STREET,7,7.0
148506,1,7,130,1,1,60.0,0,N,MELB_URBAN,ROAD,7,11.0
148507,2,4,100,5,1,40.0,0,N,MELB_URBAN,ROAD,7,8.0
148508,1,5,121,1,1,70.0,0,I,MELB_URBAN,ROAD,7,10.0
148509,1,4,130,5,1,100.0,0,N,MELB_URBAN,FREEWAY,7,10.0
148510,6,3,174,2,1,40.0,0,N,MELBOURNE_CBD,STREET,7,7.0
148511,1,5,99,5,1,40.0,0,N,RURAL_VICTORIA,FREEWAY,7,8.0
148512,1,3,113,1,1,70.0,0,I,SMALL_CITIES,STREET,6,9.0
148513,1,5,163,5,1,40.0,0,N,MELB_URBAN,STREET,7,13.0
148514,8,2,99,2,1,60.0,0,N,MELB_URBAN,ROAD,6,12.0
148515,1,5,113,1,1,60.0,1,I,LARGE_PROVINCIAL_CITIES,STREET,7,8.0
148516,1,5,99,2,1,60.0,0,I,RURAL_VICTORIA,ROAD,7,13.0
148517,6,5,99,5,1,60.0,0,N,MELB_URBAN,UNKNOWN,7,13.0
148518,1,4,163,5,1,40.0,0,N,MELB_URBAN,STREET,7,13.0
148519,4,5,173,5,1,80.0,0,N,RURAL_VICTORIA,HIGHWAY,7,14.0
148520,6,5,170,5,1,100.0,0,N,RURAL_VICTORIA,ROAD,7,9.0
148521,2,4,102,1,1,50.0,0,N,MELB_URBAN,ROAD,7,15.0
148522,1,5,121,1,1,70.0,0,I,MELB_URBAN,ROAD,7,15.0
148523,1,4,99,5,1,40.0,0,N,MELB_URBAN,STREET,7,16.0