,accident_type,day_of_week,dca_code,road_geometry,light_condition,speed_zone,severity,node_type,deg_urban_name,road_type,month,hour
148524,1,0,130,1,1,60.0,0,I,MELB_URBAN,HIGHWAY,7,10.0
148525,1,4,121,2,2,60.0,0,I,MELB_URBAN,AVENUE,7,16.0
148526,1,4,130,1,1,60.0,0,I,MELB_URBAN,STREET,7,13.0
148527,4,5,171,1,1,50.0,0,N,MELB_URBAN,STREET,7,17.0
148528,4,5,171,5,1,60.0,0,N,MELB_URBAN,ROAD,7,12.0
148529,1,5,113,2,1,100.0,0,I,RURAL_VICTORIA,HIGHWAY,7,8.0
148530,1,5,130,3,5,60.0,0,I,RURAL_VICTORIA,ROAD,7,17.0
148531,1,4,130,1,3,80.0,0,N,MELB_URBAN,ROAD,7,18.0
148532,1,6,113,1,9,60.0,0,I,MELB_URBAN,STREET,3,17.0
148533,1,4,130,5,6,60.0,0,N,MELB_URBAN,ROAD,7,18.0
148534,1,3,110,1,9,60.0,0,I,MELB_URBAN,BOULEVARD,7,1.0
148535,1,4,130,5,4,100.0,0,N,MELB_URBAN,FREEWAY,7,18.0
148536,1,4,121,5,3,60.0,0,N,MELB_URBAN,ROAD,7,19.0
148537,1,4,113,2,2,50.0,0,I,MELB_URBAN,ROAD,7,17.0
148538,1,5,160,5,3,60.0,0,N,MELB_URBAN,ROAD,7,19.0
148539,4,5,171,1,3,60.0,0,N,MELB_URBAN,ROAD,7,20.0
148540,1,4,113,2,3,60.0,0,I,MELB_URBAN,ROAD,7,21.0
148541,1,5,130,5,6,60.0,0,N,UNKNOWN,ROAD,7,20.0
148542,4,4,173,5,3,40.0,0,N,MELB_URBAN,ROAD,7,17.0
148543,1,6,110,1,3,60.0,0,N,UNKNOWN,DRIVE,7,4.0
148544,2,5,102,1,1,50.0,0,I,MELB_URBAN,ROAD,7,14.0
148545,1,5,120,5,3,60.0,0,N,MELB_URBAN,ROAD,7,5.0
148546,1,0,163,5,6,60.0,0,N,MELB_URBAN,STREET,7,18.0
148547,1,5,113,2,1,80.0,0,I,MELB_URBAN,ROAD,7,7.0
148548,1,5,130,2,1,60.0,0,I,MELB_URBAN,ROAD,7,8.0
148549,5,7,99,5,5,80.0,0,N,RURAL_VICTORIA,ROAD,7,18.0
148550,1,3,130,5,1,60.0,0,N,MELB_URBAN,ROAD,6,14.0
148551,2,3,99,5,1,60.0,0,N,UNKNOWN,STREET,7,15.0
148552,1,5,121,2,1,60.0,0,I,MELB_URBAN,ROAD,6,16.0
148553,1,6,160,5,1,60.0,0,N,LARGE_PROVINCIAL_CITIES,ROAD,7,10.0
148554,4,5,173,1,1,50.0,0,N,MELB_URBAN,PARADE,7,11.0
148555,2,6,100,5,1,40.0,0,N,SMALL_CITIES,STREET,7,8.0
148556,1,6,99,2,2,80.0,0,N,MELB_URBAN,HIGHWAY,7,7.0
148557,1,4,121,2,1,70.0,0,I,SMALL_CITIES,STREET,6,16.0
148558,1,6,99,2,1,60.0,0,I,TOWNS,STREET,7,10.0
148559,1,6,99,5,1,50.0,0,N,SMALL_CITIES,STREET,7,11.0
148560,6,3,174,4,6,60.0,0,I,SMALL_CITIES,PARADE,7,19.0
148561,1,6,99,1,1,60.0,0,I,MELB_URBAN,STREET,7,13.0
148562,1,3,110,1,6,60.0,0,I,MELB_URBAN,STREET,7,18.0
148563,1,5,120,5,1,60.0,0,N,MELB_URBAN,ROAD,7,12.0
148564,2,5,99,1,2,60.0,0,I,MELB_URBAN,ROAD,7,6.0
148565,1,5,133,2,1,40.0,0,N,MELB_URBAN,STREET,7,14.0
148566,1,6,121,4,1,80.0,0,I,MELB_URBAN,RAMP,7,12.0
148567,4,5,99,2,1,60.0,0,N,MELB_URBAN,STREET,7,11.0
148568,2,5,99,5,1,40.0,0,N,MELB_URBAN,STREET,7,14.0
148569,4,6,171,5,1,50.0,0,N,MELB_URBAN,ROAD,7,14.0
148570,4,6,99,5,1,40.0,0,N,TOWNS,STREET,7,14.0
148571,1,6,130,2,1,60.0,0,N,MELB_URBAN,ROAD,7,16.0
148572,2,4,100,2,2,60.0,0,I,MELB_URBAN,ROAD,7,17.0
148573,6,6,184,5,2,60.0,0,N,MELB_URBAN,STREET,7,17.0
148574,2,5,100,5,1,40.0,0,N,MELB_URBAN,STREET,7,15.0
148575,7,1,99,5,1,60.0,0,N,RURAL_VICTORIA,ROAD,7,13.0
148576,1,6,120,2,1,60.0,0,N,MELB_URBAN,ROAD,7,15.0
148577,1,6,116,1,1,40.0,0,N,MELB_URBAN,ROAD,7,15.0
148578,1,6,135,5,1,80.0,0,N,MELB_URBAN,ROAD,7,12.0
148579,1,6,130,5,1,80.0,0,N,MELB_URBAN,ROAD,7,15.0
148580,2,5,100,5,1,40.0,0,N,MELB_URBAN,ROAD,7,15.0
148581,2,5,99,5,2,70.0,0,N,MELB_URBAN,ROAD,7,17.0
148582,1,5,130,2,3,70.0,0,I,MELB_URBAN,STREET,7,18.0
148583,1,5,120,5,2,80.0,0,N,MELB_URBAN,ROAD,7,16.0
148584,1,6,99,5,1,60.0,0,N,MELB_URBAN,ROAD,7,14.0
148585,2,5,102,2,3,60.0,0,N,MELB_URBAN,ROAD,7,19.0
148586,1,5,121,1,3,60.0,0,I,MELB_URBAN,ROAD,7,19.0
148587,1,6,121,5,1,60.0,0,I,MELB_URBAN,ROAD,7,17.0
148588,1,6,113,2,3,80.0,0,I,MELB_URBAN,ROAD,7,19.0
148589,1,6,130,5,3,80.0,0,N,MELB_URBAN,BOULEVARD,7,21.0
148590,1,6,110,1,3,80.0,0,I,MELB_URBAN,ROAD,7,20.0
148591,1,6,99,5,2,80.0,1,N,MELB_URBAN,RAMP,7,16.0
148592,4,7,181,5,5,100.0,0,N,RURAL_VICTORIA,ROAD,7,0.0
148593,1,6,147,5,3,80.0,1,N,MELB_URBAN,ROAD,7,20.0
148594,4,6,173,5,5,60.0,1,N,MELB_URBAN,ROAD,7,23.0
148595,1,3,110,1,1,100.0,0,I,MELB_URBAN,ROAD,7,8.0
148596,1,5,116,2,3,80.0,0,I,MELB_URBAN,ROAD,7,19.0
148597,1,6,121,1,1,60.0,0,I,MELB_URBAN,STREET,7,8.0
148598,1,6,135,5,1,60.0,0,N,MELB_URBAN,ROAD,7,11.0
148599,8,6,170,5,1,80.0,0,N,RURAL_VICTORIA,ROAD,7,11.0
148600,4,6,171,5,1,60.0,0,N,LARGE_PROVINCIAL_CITIES,STREET,7,10.0
148601,1,3,121,2,3,60.0,0,I,MELB_URBAN,ROAD,7,17.0
148602,1,7,111,2,1,60.0,0,I,MELB_URBAN,ROAD,7,13.0
148603,1,7,99,1,1,60.0,0,N,MELB_URBAN,ROAD,5,11.0
148604,1,7,113,1,1,80.0,0,I,MELB_URBAN,RAMP,7,12.0
148605,1,5,99,5,1,60.0,0,N,MELB_URBAN,ROAD,7,7.0
148606,1,6,135,5,1,70.0,0,N,MELB_URBAN,ROAD,7,13.0
148607,1,6,130,5,3,80.0,0,N,MELB_URBAN,FREEWAY,7,20.0
148608,1,6,132,1,1,80.0,0,N,RURAL_VICTORIA,HIGHWAY,7,10.0
148609,4,6,171,5,1,100.0,0,N,RURAL_VICTORIA,HIGHWAY,5,12.0
148610,1,7,130,5,1,60.0,0,N,MELB_URBAN,STREET,7,15.0
148611,1,3,130,1,3,60.0,0,I,MELB_URBAN,ROAD,7,18.0
148612,1,7,163,5,3,40.0,0,N,MELB_URBAN,ROAD,7,18.0
148613,1,6,116,1,3,80.0,0,N,MELB_URBAN,AVENUE,7,17.0
148614,4,6,173,5,5,100.0,0,N,UNKNOWN,HIGHWAY,7,17.0
148615,5,6,171,5,1,100.0,0,N,RURAL_VICTORIA,ROAD,7,14.0
148616,1,7,121,1,3,60.0,0,I,MELB_URBAN,ROAD,7,18.0
148617,6,7,174,5,1,100.0,0,N,RURAL_VICTORIA,ROAD,7,16.0
148618,1,7,113,1,3,60.0,0,I,MELB_URBAN,BOULEVARD,7,19.0
148619,8,7,99,1,1,80.0,0,I,SMALL_TOWNS,ROAD,7,14.0
148620,1,6,110,1,5,80.0,0,I,SMALL_CITIES,ROAD,7,21.0
148621,1,6,130,5,3,80.0,0,N,MELB_URBAN,ROAD,7,19.0
148622,1,6,113,2,3,70.0,0,I,MELB_URBAN,ROAD,7,20.0
148623,1,6,113,2,3,60.0,0,I,MELB_URBAN,STREET,7,21.0
148624,4,6,171,5,3,80.0,0,N,MELB_URBAN,ROAD,7,21.0
148625,1,7,160,5,6,60.0,0,N,MELB_URBAN,ROAD,7,18.0
148626,4,6,171,1,6,60.0,0,I,MELB_URBAN,ROAD,7,19.0
148627,4,7,171,2,3,60.0,0,I,MELB_URBAN,ROAD,7,22.0
148628,1,4,163,5,2,40.0,0,N,MELB_URBAN,ROAD,7,19.0
148629,2,6,102,1,3,60.0,0,N,MELB_URBAN,STREET,7,23.0
148630,1,6,130,5,9,100.0,0,N,MELB_URBAN,ROAD,7,11.0
148631,2,6,102,1,3,40.0,0,N,MELB_URBAN,STREET,7,23.0
148632,2,6,102,5,3,60.0,0,N,MELB_URBAN,STREET,7,22.0
148633,6,7,174,5,3,60.0,0,N,MELB_URBAN,ROAD,7,23.0
148634,4,1,171,1,3,60.0,0,I,MELB_URBAN,DRIVE,7,3.0
148635,4,0,173,1,3,60.0,0,N,MELB_URBAN,ROAD,7,5.0
148636,4,1,173,5,5,100.0,1,N,RURAL_VICTORIA,ROAD,7,2.0
148637,1,3,130,5,1,80.0,0,N,MELB_URBAN,FREEWAY,7,16.0
148638,4,0,181,5,1,30.0,0,N,MELB_URBAN,HIGHWAY,7,9.0
148639,4,0,173,2,1,60.0,0,N,MELB_URBAN,FREEWAY,7,11.0
148640,2,7,100,5,9,60.0,0,I,MELB_URBAN,ROAD,7,11.0
148641,1,0,110,1,1,40.0,0,I,MELB_URBAN,STREET,7,12.0
148642,4,1,181,5,1,100.0,0,N,RURAL_VICTORIA,ROAD,7,11.0
148643,4,6,99,1,3,60.0,0,I,MELB_URBAN,BOULEVARD,7,21.0
148644,1,7,132,1,1,60.0,0,I,TOWNS,STREET,7,16.0
148645,1,6,121,2,1,80.0,0,I,MELB_URBAN,HIGHWAY,6,7.0
148646,6,1,99,5,1,60.0,0,N,RURAL_VICTORIA,ROAD,7,12.0
148647,1,1,147,5,1,50.0,0,N,MELB_URBAN,ROAD,7,13.0
148648,1,0,110,1,1,50.0,0,I,MELB_URBAN,STREET,7,13.0
148649,7,6,99,5,1,60.0,0,N,RURAL_VICTORIA,ROAD,2,10.0
148650,1,0,121,2,1,40.0,0,I,MELB_URBAN,STREET,7,15.0
148651,4,1,173,5,1,60.0,0,N,MELB_URBAN,ROAD,7,12.0
148652,1,5,130,5,3,60.0,0,N,MELB_URBAN,ROAD,6,18.0
148653,3,0,167,5,1,60.0,0,N,RURAL_VICTORIA,ROAD,7,15.0
148654,1,1,99,1,1,40.0,0,I,MELB_URBAN,STREET,7,16.0
148655,2,1,100,5,3,60.0,0,N,SMALL_CITIES,PARADE,7,18.0
148656,1,0,130,5,2,60.0,0,N,RURAL_VICTORIA,ROAD,7,17.0
148657,1,7,110,1,3,60.0,0,I,MELB_URBAN,ROAD,7,20.0
148658,1,1,99,2,1,60.0,0,I,MELB_URBAN,STREET,7,17.0
148659,1,1,121,1,1,60.0,0,I,MELB_URBAN,ROAD,7,17.0
148660,1,1,147,5,1,50.0,0,N,MELB_URBAN,STREET,7,14.0
148661,1,1,130,5,1,80.0,0,N,MELB_URBAN,ROAD,7,17.0
148662,1,0,130,5,3,80.0,0,N,SMALL_TOWNS,FREEWAY,7,20.0
148663,2,1,102,1,3,40.0,0,I,MELBOURNE_CBD,OTHER,7,21.0
148664,2,1,100,2,1,50.0,0,N,MELB_URBAN,DRIVE,7,16.0
148665,1,0,99,2,3,60.0,0,N,MELB_URBAN,STREET,7,19.0
148666,1,0,130,1,3,80.0,0,N,MELB_URBAN,ROAD,7,20.0
148667,4,1,171,1,3,80.0,0,I,MELB_URBAN,DRIVE,7,19.0
148668,1,1,120,5,3,80.0,0,N,TOWNS,ROAD,7,20.0
148669,1,4,160,5,3,50.0,0,N,MELB_URBAN,STREET,7,6.0
148670,1,6,130,1,1,60.0,0,I,MELB_URBAN,STREET,6,16.0
148671,1,1,130,5,2,80.0,0,N,MELB_URBAN,ROAD,7,8.0
148672,2,2,99,5,1,60.0,0,N,MELB_URBAN,STREET,7,10.0
148673,1,2,113,2,1,60.0,0,I,LARGE_PROVINCIAL_CITIES,ROAD,7,10.0
148674,1,2,99,2,1,70.0,0,I,MELB_URBAN,ROAD,7,9.0
148675,1,2,120,5,5,60.0,0,N,RURAL_VICTORIA,HIGHWAY,7,6.0
148676,1,1,121,2,1,60.0,0,I,SMALL_TOWNS,ROAD,7,10.0
148677,3,1,167,5,1,100.0,0,N,RURAL_VICTORIA,ROAD,7,14.0
148678,1,7,130,2,1,80.0,0,I,MELB_URBAN,ROAD,6,13.0
148679,1,1,130,2,1,40.0,0,I,MELB_URBAN,ROAD,7,9.0
148680,4,5,99,5,1,100.0,0,N,UNKNOWN,UNKNOWN,7,15.0
148681,1,1,134,5,1,100.0,0,N,MELB_URBAN,ROAD,7,12.0
148682,2,1,99,5,1,60.0,0,N,MELB_URBAN,STREET,7,8.0
148683,1,1,130,5,1,100.0,0,N,MELB_URBAN,ROAD,7,11.0
148684,1,7,121,1,1,80.0,0,I,MELB_URBAN,HIGHWAY,7,14.0
148685,1,1,121,2,1,60.0,0,N,MELB_URBAN,ROAD,7,14.0
148686,2,1,100,5,1,50.0,0,N,MELB_URBAN,ROAD,7,14.0
148687,2,2,100,5,1,40.0,0,N,MELB_URBAN,HIGHWAY,7,16.0
148688,1,4,130,1,1,80.0,0,N,MELB_URBAN,ROAD,7,12.0
148689,1,1,135,5,1,60.0,0,N,MELB_URBAN,ROAD,7,16.0
148690,1,1,120,5,1,100.0,0,N,RURAL_VICTORIA,ROAD,7,14.0
148691,1,0,130,1,1,60.0,0,N,LARGE_PROVINCIAL_CITIES,STREET,7,19.0
148692,1,1,113,2,2,60.0,0,I,MELB_URBAN,ROAD,7,16.0
148693,1,3,132,2,1,60.0,0,I,MELB_URBAN,ROAD,5,11.0
148694,1,7,116,1,1,50.0,0,I,MELB_URBAN,ROAD,7,16.0
148695,2,1,100,1,1,60.0,0,I,MELB_URBAN,STREET,7,14.0
148696,1,1,121,1,3,60.0,0,I,MELB_URBAN,ROAD,7,21.0
148697,1,6,130,5,2,40.0,0,N,RURAL_VICTORIA,ROAD,7,17.0
148698,1,2,121,1,3,70.0,0,I,MELB_URBAN,ROAD,7,4.0
148699,4,1,171,5,3,50.0,0,N,SMALL_CITIES,DRIVE,7,23.0
148700,1,7,130,1,1,60.0,0,N,MELB_URBAN,PARADE,7,11.0
148701,5,3,99,5,3,40.0,0,N,MELB_URBAN,ROAD,7,2.0
148702,4,4,171,5,1,100.0,0,N,RURAL_VICTORIA,ROAD,7,16.0
148703,1,3,171,5,3,60.0,0,N,MELB_URBAN,HIGHWAY,7,6.0
148704,6,4,184,5,1,100.0,0,N,RURAL_VICTORIA,ROAD,7,13.0
148705,2,2,102,2,3,50.0,0,I,MELB_URBAN,STREET,7,19.0
148706,1,0,121,1,3,60.0,0,N,MELB_URBAN,ROAD,7,18.0
148707,8,4,99,5,1,60.0,0,N,RURAL_VICTORIA,ROAD,7,9.0
148708,1,4,110,1,2,50.0,0,I,RURAL_VICTORIA,BOULEVARD,7,7.0
148709,1,1,99,1,2,60.0,0,N,MELB_URBAN,ROAD,7,6.0
148710,1,6,116,1,1,60.0,0,I,MELB_URBAN,AVENUE,6,14.0
148711,1,2,111,1,2,60.0,0,I,MELB_URBAN,ROAD,7,17.0
148712,1,1,130,2,1,60.0,0,N,MELB_URBAN,ROAD,7,16.0
148713,6,1,99,5,5,70.0,0,N,MELB_URBAN,HIGHWAY,7,18.0
148714,1,3,121,2,1,80.0,0,I,MELB_URBAN,ROAD,7,13.0
148715,1,6,130,1,1,70.0,0,N,MELB_URBAN,ROAD,7,14.0
148716,6,2,99,5,1,100.0,0,N,RURAL_VICTORIA,ROAD,7,15.0
148717,4,6,171,5,1,60.0,0,N,MELB_URBAN,ROAD,5,8.0
148718,1,3,135,1,3,60.0,0,I,MELB_URBAN,PARADE,7,6.0
148719,1,3,130,5,1,70.0,0,N,MELB_URBAN,ROAD,7,16.0
148720,1,3,121,1,3,50.0,0,I,MELB_URBAN,ROAD,7,17.0
148721,4,3,173,5,2,80.0,0,N,RURAL_VICTORIA,ROAD,7,17.0
148722,1,3,130,5,2,90.0,0,N,RURAL_VICTORIA,ROAD,7,17.0
148723,1,2,120,5,3,60.0,0,N,MELB_URBAN,ROAD,7,18.0
148724,1,3,121,1,3,60.0,0,I,SMALL_CITIES,OTHER,7,21.0
148725,1,3,121,1,3,60.0,0,I,MELB_URBAN,ROAD,7,17.0
148726,4,3,171,5,5,80.0,0,N,RURAL_VICTORIA,ROAD,7,23.0
148727,1,5,130,1,1,40.0,0,N,MELB_URBAN,AVENUE,7,16.0
148728,2,4,99,5,3,50.0,0,N,MELB_URBAN,DRIVE,7,4.0
148729,1,2,130,5,2,80.0,0,N,MELB_URBAN,FREEWAY,6,17.0
148730,1,5,134,5,2,80.0,0,N,MELB_URBAN,FREEWAY,7,16.0
148731,1,2,121,2,2,60.0,0,I,RURAL_VICTORIA,ROAD,7,7.0
148732,8,3,174,1,1,60.0,0,I,MELB_URBAN,ROAD,3,13.0
148733,2,4,102,1,3,60.0,0,I,MELB_URBAN,ROAD,7,5.0
148734,7,4,99,5,2,50.0,0,N,MELB_URBAN,OTHER,7,7.0
148735,1,4,113,1,3,80.0,0,I,TOWNS,ROAD,7,5.0
148736,1,6,113,2,1,60.0,0,N,MELB_URBAN,ROAD,7,13.0
148737,1,3,130,1,1,60.0,0,I,RURAL_VICTORIA,HIGHWAY,7,8.0
148738,1,3,99,5,1,50.0,0,N,MELB_URBAN,STREET,7,10.0
148739,1,5,113,2,1,100.0,0,N,RURAL_VICTORIA,HIGHWAY,7,8.0
148740,1,5,130,5,3,60.0,0,N,MELB_URBAN,OTHER,6,20.0
148741,1,4,99,5,1,80.0,0,I,MELB_URBAN,HIGHWAY,7,10.0
148742,1,4,99,5,1,60.0,0,N,MELB_URBAN,ROAD,7,10.0
148743,1,3,130,1,1,60.0,0,N,MELB_URBAN,ROAD,7,11.0
148744,1,4,116,2,1,60.0,0,I,MELB_URBAN,BOULEVARD,7,6.0
148745,4,3,171,5,1,100.0,0,N,RURAL_VICTORIA,ROAD,7,10.0
148746,1,2,130,2,2,70.0,0,I,MELB_URBAN,ROAD,7,17.0
148747,1,5,130,5,9,40.0,0,N,MELB_URBAN,ROAD,7,6.0
148748,1,3,130,5,1,60.0,0,I,MELB_URBAN,RAMP,7,9.0
148749,1,2,130,2,1,60.0,0,I,MELB_URBAN,ROAD,4,14.0
148750,1,5,140,2,3,70.0,0,I,MELB_URBAN,ROAD,7,19.0
148751,1,1,130,1,9,60.0,0,I,MELB_URBAN,ROAD,7,6.0
148752,2,3,100,1,1,50.0,0,I,MELB_URBAN,ROAD,7,11.0
148753,2,3,102,2,1,60.0,0,I,LARGE_PROVINCIAL_CITIES,STREET,7,13.0
148754,1,4,135,5,2,60.0,0,N,MELB_URBAN,OTHER,7,6.0
148755,8,7,184,5,1,60.0,0,N,RURAL_VICTORIA,OTHER,7,12.0
148756,4,4,173,4,1,60.0,0,I,MELB_URBAN,STREET,7,13.0
148757,1,3,130,5,1,70.0,0,N,MELB_URBAN,ROAD,7,10.0
148758,7,3,99,5,1,50.0,0,N,MELB_URBAN,STREET,7,13.0
148759,4,4,99,5,1,50.0,0,N,MELB_URBAN,STREET,7,12.0
148760,6,3,174,5,1,50.0,0,N,TOWNS,STREET,7,17.0
148761,1,4,113,2,1,50.0,0,I,SMALL_CITIES,STREET,7,15.0
148762,1,3,110,1,2,50.0,0,I,SMALL_CITIES,STREET,7,16.0
148763,1,4,110,1,1,80.0,0,I,SMALL_TOWNS,ROAD,7,15.0
148764,1,3,99,2,1,40.0,0,I,MELB_URBAN,STREET,7,15.0
148765,3,3,167,5,5,100.0,0,N,RURAL_VICTORIA,ROAD,7,5.0
148766,4,4,99,5,1,100.0,1,N,RURAL_VICTORIA,ROAD,7,14.0
148767,1,3,110,1,3,80.0,0,I,SMALL_CITIES,ROAD,7,18.0
148768,1,6,134,2,3,60.0,0,I,MELB_URBAN,AVENUE,7,23.0
148769,1,4,113,2,1,60.0,0,I,MELB_URBAN,STREET,7,16.0
148770,2,4,99,5,3,60.0,0,N,MELB_URBAN,DRIVE,7,19.0
148771,1,4,99,2,3,60.0,0,I,MELB_URBAN,ROAD,7,18.0
148772,4,3,173,1,3,80.0,0,N,MELB_URBAN,HIGHWAY,7,20.0
148773,1,3,147,5,3,60.0,0,N,MELB_URBAN,ROAD,7,18.0
148774,1,4,130,5,2,80.0,0,N,RURAL_VICTORIA,ROAD,7,17.0
148775,1,4,121,2,3,50.0,0,I,MELB_URBAN,AVENUE,7,23.0
148776,6,1,99,2,1,80.0,0,I,RURAL_VICTORIA,ROAD,4,10.0
148777,1,3,113,1,1,60.0,0,I,MELB_URBAN,ROAD,6,11.0
148778,4,5,173,2,3,80.0,0,I,MELB_URBAN,ROAD,7,0.0
148779,1,5,110,1,1,60.0,0,I,SMALL_TOWNS,HIGHWAY,7,13.0
148780,2,6,99,5,1,50.0,0,N,MELB_URBAN,STREET,7,15.0
148781,1,4,130,5,1,60.0,0,N,RURAL_VICTORIA,ROAD,7,8.0
148782,1,5,99,5,1,50.0,0,N,MELB_URBAN,STREET,7,9.0
148783,4,4,173,5,5,60.0,0,N,RURAL_VICTORIA,ROAD,7,23.0
148784,1,4,110,1,1,60.0,0,I,LARGE_PROVINCIAL_CITIES,ROAD,7,11.0
148785,1,6,102,1,3,60.0,0,I,MELB_URBAN,ROAD,7,18.0
148786,1,4,110,1,1,70.0,0,I,MELB_URBAN,ROAD,7,11.0
148787,1,1,163,5,6,60.0,0,N,MELB_URBAN,ROAD,7,18.0
148788,1,1,163,5,1,40.0,0,N,MELB_URBAN,STREET,7,16.0
148789,1,4,135,5,2,100.0,0,N,MELB_URBAN,FREEWAY,7,6.0
148790,1,1,116,2,1,60.0,0,I,TOWNS,STREET,7,8.0
148791,2,4,100,1,2,40.0,0,I,MELB_URBAN,ROAD,7,17.0
148792,4,2,171,5,1,80.0,0,N,MELB_URBAN,ROAD,7,15.0
148793,1,5,134,5,1,80.0,0,N,MELB_URBAN,FREEWAY,7,14.0
148794,1,5,147,5,1,40.0,0,N,MELB_URBAN,ROAD,7,15.0
148795,6,1,174,5,1,40.0,0,N,MELB_URBAN,ROAD,7,16.0
148796,1,5,110,1,1,50.0,0,I,MELB_URBAN,STREET,7,15.0
148797,1,4,99,5,1,50.0,0,N,LARGE_PROVINCIAL_CITIES,STREET,7,15.0
148798,1,6,163,2,1,60.0,0,N,MELB_URBAN,ROAD,7,12.0
148799,1,5,147,5,1,40.0,0,N,MELB_URBAN,ROAD,7,14.0
148800,1,6,110,1,9,60.0,0,I,MELB_URBAN,STREET,7,9.0
148801,1,5,113,2,2,50.0,0,I,MELB_URBAN,DRIVE,7,17.0
148802,6,5,184,5,2,100.0,0,N,RURAL_VICTORIA,HIGHWAY,7,17.0
148803,1,5,113,1,3,60.0,0,I,MELB_URBAN,STREET,7,19.0
148804,1,1,140,5,1,60.0,0,N,MELB_URBAN,ROAD,7,9.0
148805,2,5,100,2,3,60.0,0,N,MELB_URBAN,ROAD,7,19.0
148806,2,5,99,5,3,60.0,0,N,TOWNS,STREET,7,20.0
148807,4,5,173,5,3,60.0,0,N,TOWNS,AVENUE,7,21.0
148808,1,4,130,5,1,40.0,0,N,RURAL_VICTORIA,HIGHWAY,7,8.0
148809,2,7,100,5,1,50.0,0,N,MELB_URBAN,STREET,7,12.0
148810,1,6,140,1,1,50.0,0,I,MELB_URBAN,STREET,7,8.0
148811,1,5,140,5,1,60.0,0,N,MELB_URBAN,ROAD,7,9.0
148812,8,5,174,5,1,50.0,0,N,MELB_URBAN,STREET,7,11.0
148813,1,6,130,5,1,60.0,0,N,SMALL_CITIES,STREET,7,8.0
148814,1,6,130,5,1,80.0,0,N,MELB_URBAN,FREEWAY,7,8.0
148815,1,6,120,5,1,50.0,0,N,MELB_URBAN,UNKNOWN,7,12.0
148816,1,6,111,2,1,70.0,0,I,MELB_URBAN,DRIVE,7,12.0
148817,4,5,183,5,5,60.0,0,N,TOWNS,ROAD,7,23.0
148818,1,3,110,1,1,50.0,0,I,MELB_URBAN,STREET,1,16.0
148819,1,4,147,5,3,60.0,0,N,MELB_URBAN,STREET,6,17.0
148820,4,6,171,5,1,60.0,0,I,RURAL_VICTORIA,ROAD,7,12.0
148821,1,4,130,5,1,70.0,0,N,MELB_URBAN,ROAD,7,12.0
148822,1,4,120,5,6,60.0,0,N,MELB_URBAN,ROAD,7,23.0
148823,1,5,116,2,1,80.0,0,I,MELB_URBAN,ROAD,7,15.0
148824,2,5,100,5,1,50.0,0,N,MELB_URBAN,DRIVE,7,13.0
148825,1,6,134,5,1,40.0,0,N,LARGE_PROVINCIAL_CITIES,STREET,7,15.0
148826,4,6,173,5,1,100.0,0,N,RURAL_VICTORIA,ROAD,7,16.0
148827,1,6,99,2,1,40.0,0,I,MELB_URBAN,ROAD,7,17.0
148828,2,6,102,2,6,40.0,0,I,MELB_URBAN,AVENUE,7,18.0
148829,1,2,130,2,9,50.0,0,I,MELB_URBAN,DRIVE,7,13.0
148830,1,6,135,5,1,60.0,0,N,MELB_URBAN,STREET,7,15.0
148831,1,4,110,1,9,60.0,0,I,RURAL_VICTORIA,ROAD,7,7.0
148832,1,6,99,5,3,100.0,0,N,MELB_URBAN,FREEWAY,7,18.0
148833,1,6,147,5,6,60.0,0,N,TOWNS,STREET,7,18.0
148834,3,6,167,5,5,80.0,0,N,RURAL_VICTORIA,ROAD,7,20.0
148835,6,6,174,2,3,80.0,0,I,MELB_URBAN,HIGHWAY,7,21.0
148836,1,6,160,5,3,50.0,0,N,MELB_URBAN,OTHER,7,20.0
148837,1,3,113,2,1,60.0,0,I,MELB_URBAN,PARADE,7,8.0
148838,4,6,173,5,3,70.0,0,N,RURAL_VICTORIA,ROAD,7,23.0
148839,1,5,133,5,3,80.0,0,N,MELB_URBAN,ROAD,7,22.0
148840,1,7,110,1,3,60.0,0,I,LARGE_PROVINCIAL_CITIES,STREET,7,0.0
148841,1,6,160,5,3,60.0,0,N,MELB_URBAN,OTHER,7,2.0
148842,4,7,183,5,5,100.0,1,N,RURAL_VICTORIA,ROAD,7,1.0
148843,1,4,130,5,9,60.0,0,N,MELB_URBAN,HIGHWAY,7,17.0
148844,4,6,171,1,1,40.0,0,I,MELBOURNE_CBD,STREET,7,7.0
148845,1,7,121,1,1,60.0,0,I,SMALL_CITIES,PARADE,7,10.0
148846,4,7,171,5,1,80.0,0,N,MELB_URBAN,HIGHWAY,7,11.0
148847,1,6,116,2,1,80.0,0,I,RURAL_VICTORIA,AVENUE,7,8.0
148848,1,7,134,5,1,100.0,0,N,MELB_URBAN,FREEWAY,7,6.0
148849,4,6,181,5,1,60.0,0,N,RURAL_VICTORIA,ROAD,7,11.0
148850,1,7,163,5,1,60.0,0,N,MELB_URBAN,STREET,7,12.0
148851,1,7,130,5,1,80.0,0,N,MELB_URBAN,FREEWAY,7,13.0
148852,1,7,99,5,1,50.0,0,N,MELB_URBAN,STREET,7,13.0
148853,1,7,130,5,1,70.0,0,N,MELB_URBAN,ROAD,7,12.0
148854,1,6,120,5,1,60.0,0,N,MELB_URBAN,PARADE,7,12.0
148855,1,6,134,5,1,80.0,0,N,MELB_URBAN,ROAD,7,15.0