,accident_type,day_of_week,dca_code,road_geometry,light_condition,speed_zone,severity,node_type,deg_urban_name,road_type,month,hour
148856,1,7,110,1,1,60.0,0,I,TOWNS,STREET,7,14.0
148857,2,6,100,5,3,60.0,0,N,MELB_URBAN,ROAD,7,20.0
148858,1,7,130,5,2,70.0,0,N,RURAL_VICTORIA,ROAD,7,16.0
148859,1,7,130,5,9,60.0,0,N,MELB_URBAN,HIGHWAY,9,13.0
148860,2,5,102,5,3,60.0,0,N,LARGE_PROVINCIAL_CITIES,ROAD,7,22.0
148861,1,1,130,5,3,100.0,0,N,MELB_URBAN,ROAD,7,20.0
148862,2,6,102,1,3,60.0,0,I,MELB_URBAN,STREET,7,18.0
148863,4,7,173,2,2,80.0,0,I,MELB_URBAN,ROAD,7,17.0
148864,1,7,121,1,1,60.0,0,I,MELB_URBAN,STREET,7,19.0
148865,4,7,173,5,3,50.0,0,N,MELB_URBAN,STREET,7,20.0
148866,1,7,134,1,1,40.0,0,N,MELB_URBAN,ROAD,7,16.0
148867,1,7,134,5,3,60.0,0,N,MELB_URBAN,ROAD,7,19.0
148868,1,6,113,1,3,60.0,0,I,MELB_URBAN,ROAD,7,22.0
148869,2,7,99,2,3,40.0,0,I,MELB_URBAN,STREET,7,21.0
148870,4,7,171,5,3,60.0,0,N,MELB_URBAN,ROAD,7,2.0
148871,1,6,121,1,3,50.0,0,N,MELB_URBAN,DRIVE,7,23.0
148872,2,7,102,5,3,60.0,0,N,MELB_URBAN,STREET,7,22.0
148873,1,7,133,5,6,60.0,0,N,MELB_URBAN,FREEWAY,7,23.0
148874,1,7,121,1,3,80.0,0,I,MELB_URBAN,ROAD,7,1.0
148875,1,4,110,1,1,60.0,0,I,RURAL_VICTORIA,ROAD,7,6.0
148876,2,1,99,5,3,40.0,0,N,MELBOURNE_CBD,STREET,7,3.0
148877,4,0,173,5,5,100.0,0,N,MELB_URBAN,ROAD,7,4.0
148878,8,7,99,5,1,50.0,0,N,LARGE_PROVINCIAL_CITIES,STREET,7,14.0
148879,4,1,183,5,1,50.0,0,N,MELB_URBAN,OTHER,7,10.0
148880,4,5,171,5,2,100.0,0,N,RURAL_VICTORIA,ROAD,7,17.0
148881,1,5,130,5,3,60.0,0,N,MELB_URBAN,ROAD,7,19.0
148882,1,6,121,2,1,70.0,0,N,MELB_URBAN,ROAD,7,15.0
148883,2,0,99,5,1,40.0,0,N,TOWNS,STREET,7,13.0
148884,1,5,130,1,1,40.0,0,N,LARGE_PROVINCIAL_CITIES,STREET,7,15.0
148885,1,0,110,1,1,50.0,0,I,MELB_URBAN,STREET,7,13.0
148886,1,0,134,5,9,60.0,0,N,MELB_URBAN,ROAD,7,7.0
148887,1,1,130,2,1,40.0,0,I,MELBOURNE_CBD,STREET,7,9.0
148888,1,1,130,5,1,80.0,0,N,MELB_URBAN,ROAD,7,14.0
148889,1,1,160,5,1,60.0,0,N,LARGE_PROVINCIAL_CITIES,ROAD,7,15.0
148890,1,1,130,4,1,60.0,0,I,SMALL_CITIES,ROAD,10,18.0
148891,4,0,171,5,5,100.0,0,N,RURAL_VICTORIA,ROAD,7,18.0
148892,1,2,111,2,2,50.0,0,I,MELB_URBAN,STREET,6,17.0
148893,1,1,121,1,3,80.0,0,I,MELB_URBAN,ROAD,7,19.0
148894,4,0,171,5,5,80.0,0,N,RURAL_VICTORIA,HIGHWAY,7,19.0
148895,4,0,171,5,5,100.0,0,N,RURAL_VICTORIA,ROAD,7,20.0
148896,1,1,99,5,3,80.0,0,N,MELB_URBAN,ROAD,7,19.0
148897,2,1,100,2,3,60.0,0,N,MELB_URBAN,ROAD,7,18.0
148898,1,1,147,5,3,60.0,0,I,MELB_URBAN,ROAD,7,21.0
148899,1,5,130,5,5,60.0,0,N,MELB_URBAN,ROAD,6,17.0
148900,1,3,121,2,1,50.0,0,I,TOWNS,STREET,7,14.0
148901,6,0,99,5,6,60.0,0,N,SMALL_CITIES,AVENUE,7,21.0
148902,1,2,130,2,2,40.0,0,N,MELB_URBAN,STREET,7,18.0
148903,4,1,99,5,5,100.0,0,N,RURAL_VICTORIA,HIGHWAY,8,3.0
148904,4,1,171,5,3,60.0,0,N,MELB_URBAN,ROAD,8,6.0
148905,1,2,121,4,3,80.0,0,I,MELB_URBAN,HIGHWAY,8,5.0
148906,4,1,173,1,3,60.0,0,I,MELB_URBAN,ROAD,8,6.0
148907,1,1,116,1,1,40.0,0,I,MELB_URBAN,STREET,8,8.0
148908,1,6,135,5,1,80.0,0,N,MELB_URBAN,FREEWAY,6,14.0
148909,8,1,99,2,1,80.0,0,N,RURAL_VICTORIA,ROAD,7,11.0
148910,1,1,130,5,1,60.0,0,N,MELB_URBAN,HIGHWAY,8,8.0
148911,4,1,173,5,1,50.0,0,N,MELB_URBAN,DRIVE,8,7.0
148912,4,2,173,5,1,100.0,0,N,RURAL_VICTORIA,HIGHWAY,8,7.0
148913,1,1,130,5,1,60.0,0,N,LARGE_PROVINCIAL_CITIES,HIGHWAY,8,9.0
148914,1,4,130,5,1,50.0,0,N,MELB_URBAN,STREET,7,7.0
148915,1,5,121,1,1,60.0,0,I,MELB_URBAN,ROAD,1,7.0
148916,1,7,130,5,3,100.0,0,N,RURAL_VICTORIA,ROAD,7,21.0
148917,1,2,130,5,1,60.0,0,N,MELB_URBAN,STREET,8,8.0
148918,6,5,174,5,3,50.0,0,N,MELB_URBAN,UNKNOWN,7,23.0
148919,1,5,111,1,2,50.0,0,I,SMALL_CITIES,AVENUE,7,16.0
148920,6,1,174,5,1,100.0,0,N,RURAL_VICTORIA,ROAD,7,11.0
148921,1,2,99,2,1,60.0,0,I,MELB_URBAN,STREET,8,11.0
148922,3,5,167,5,5,100.0,0,N,RURAL_VICTORIA,ROAD,7,20.0
148923,1,2,130,5,1,100.0,0,N,MELB_URBAN,FREEWAY,8,7.0
148924,2,2,99,5,1,60.0,0,N,RURAL_VICTORIA,ROAD,8,12.0
148925,1,5,130,1,1,80.0,0,I,MELB_URBAN,ROAD,7,17.0
148926,4,1,171,2,1,60.0,0,I,RURAL_VICTORIA,STREET,8,11.0
148927,1,1,130,5,9,60.0,0,N,MELB_URBAN,OTHER,7,19.0
148928,8,4,184,5,2,40.0,0,N,RURAL_VICTORIA,ROAD,7,16.0
148929,4,1,173,1,1,60.0,0,I,MELB_URBAN,ROAD,8,14.0
148930,6,2,99,5,1,100.0,0,N,RURAL_VICTORIA,ROAD,8,11.0
148931,1,1,121,1,3,60.0,0,I,MELB_URBAN,STREET,7,20.0
148932,4,2,183,5,1,50.0,0,N,TOWNS,ROAD,8,15.0
148933,1,1,130,5,1,100.0,0,N,MELB_URBAN,FREEWAY,8,8.0
148934,1,4,130,5,9,60.0,0,N,MELB_URBAN,OTHER,6,9.0
148935,1,1,130,5,1,100.0,0,N,MELB_URBAN,FREEWAY,8,16.0
148936,2,1,99,5,1,40.0,0,N,MELB_URBAN,STREET,8,16.0
148937,1,1,130,5,1,70.0,0,N,RURAL_VICTORIA,HIGHWAY,8,16.0
148938,4,2,171,5,1,100.0,0,N,RURAL_VICTORIA,ROAD,8,17.0
148939,1,7,113,2,1,50.0,0,I,MELB_URBAN,STREET,7,15.0
148940,1,5,99,2,9,60.0,0,I,MELB_URBAN,ROAD,7,14.0
148941,1,2,130,5,4,100.0,0,N,MELB_URBAN,FREEWAY,8,17.0
148942,3,5,167,2,5,100.0,0,N,RURAL_VICTORIA,ROAD,6,18.0
148943,1,1,130,5,5,60.0,0,N,RURAL_VICTORIA,HIGHWAY,8,18.0
148944,4,2,171,1,2,50.0,0,I,MELB_URBAN,STREET,8,17.0
148945,1,1,121,2,3,60.0,0,N,MELB_URBAN,STREET,8,18.0
148946,6,3,174,5,3,80.0,0,N,MELB_URBAN,FREEWAY,7,18.0
148947,1,2,133,5,5,100.0,0,N,SMALL_TOWNS,HIGHWAY,8,19.0
148948,1,3,111,2,3,60.0,0,I,MELB_URBAN,STREET,8,1.0
148949,8,0,99,5,3,60.0,0,N,MELB_URBAN,ROAD,7,1.0
148950,1,7,99,5,3,60.0,0,N,SMALL_TOWNS,STREET,7,21.0
148951,2,3,100,5,1,60.0,0,I,MELB_URBAN,STREET,8,7.0
148952,3,2,167,5,5,80.0,0,N,RURAL_VICTORIA,ROAD,7,0.0
148953,4,7,173,5,5,110.0,0,N,RURAL_VICTORIA,FREEWAY,7,5.0
148954,4,7,171,5,3,50.0,0,N,LARGE_PROVINCIAL_CITIES,STREET,7,22.0
148955,1,4,99,2,1,40.0,0,I,MELB_URBAN,PARADE,7,12.0
148956,1,2,130,5,1,80.0,0,N,RURAL_VICTORIA,ROAD,8,8.0
148957,1,6,130,1,9,70.0,0,I,MELB_URBAN,ROAD,7,11.0
148958,6,2,170,2,2,60.0,0,I,LARGE_PROVINCIAL_CITIES,ROAD,8,6.0
148959,8,4,99,5,1,60.0,0,N,MELB_URBAN,ROAD,7,18.0
148960,1,2,130,2,9,60.0,0,N,MELB_URBAN,ROAD,8,16.0
148961,2,4,99,5,1,40.0,0,N,TOWNS,STREET,7,10.0
148962,1,3,113,2,1,60.0,0,I,MELB_URBAN,STREET,8,10.0
148963,1,2,130,5,1,80.0,0,N,MELB_URBAN,UNKNOWN,8,8.0
148964,1,2,121,1,1,60.0,0,N,MELB_URBAN,ROAD,7,7.0
148965,2,2,99,5,1,40.0,0,N,MELB_URBAN,STREET,8,14.0
148966,1,7,113,2,1,60.0,0,I,MELB_URBAN,ROAD,7,12.0
148967,1,5,99,2,1,40.0,0,N,MELB_URBAN,STREET,5,12.0
148968,1,2,132,2,1,80.0,0,I,RURAL_VICTORIA,ROAD,8,15.0
148969,2,3,100,2,1,60.0,0,N,MELB_URBAN,ROAD,8,13.0
148970,1,2,130,5,2,80.0,0,N,MELB_URBAN,HIGHWAY,7,17.0
148971,1,3,99,2,1,100.0,0,I,RURAL_VICTORIA,OTHER,8,11.0
148972,1,3,130,2,1,50.0,0,I,MELB_URBAN,AVENUE,8,14.0
148973,4,3,171,2,5,100.0,0,I,RURAL_VICTORIA,ROAD,7,4.0
148974,1,2,130,5,1,100.0,0,N,MELB_URBAN,FREEWAY,8,15.0
148975,1,2,99,4,3,60.0,0,I,MELB_URBAN,STREET,8,18.0
148976,1,6,130,5,1,80.0,0,N,MELB_URBAN,ROAD,7,9.0
148977,1,3,121,5,3,60.0,0,N,MELB_URBAN,ROAD,8,17.0
148978,3,0,167,5,1,100.0,0,N,MELB_URBAN,ROAD,7,12.0
148979,2,2,100,2,1,60.0,0,N,MELB_URBAN,DRIVE,8,15.0
148980,1,3,120,5,3,80.0,0,N,RURAL_VICTORIA,ROAD,8,18.0
148981,1,3,160,5,3,60.0,0,N,MELB_URBAN,ROAD,8,18.0
148982,1,3,121,2,3,60.0,0,I,MELB_URBAN,ROAD,8,17.0
148983,1,2,140,5,3,50.0,0,N,LARGE_PROVINCIAL_CITIES,ROAD,8,17.0
148984,1,3,160,5,3,50.0,0,N,MELB_URBAN,OTHER,8,20.0
148985,1,3,134,5,3,80.0,0,N,MELB_URBAN,ROAD,8,20.0
148986,1,2,147,5,2,60.0,0,I,MELB_URBAN,UNKNOWN,8,17.0
148987,1,2,130,5,3,40.0,0,N,MELB_URBAN,FREEWAY,8,21.0
148988,1,2,135,5,3,100.0,0,N,MELB_URBAN,ROAD,8,20.0
148989,1,5,116,2,1,60.0,0,I,MELB_URBAN,OTHER,7,15.0
148990,4,3,171,5,5,100.0,0,N,RURAL_VICTORIA,HIGHWAY,8,22.0
148991,2,4,102,2,3,60.0,0,I,MELB_URBAN,ROAD,8,5.0
148992,1,2,110,1,1,100.0,0,I,RURAL_VICTORIA,ROAD,8,13.0
148993,1,0,121,1,1,70.0,0,I,MELB_URBAN,STREET,5,11.0
148994,8,4,170,5,5,60.0,0,N,MELB_URBAN,ROAD,8,6.0
148995,6,2,99,2,5,80.0,0,I,RURAL_VICTORIA,HIGHWAY,7,18.0
148996,1,3,130,5,1,40.0,0,N,SMALL_CITIES,ROAD,8,9.0
148997,1,3,110,1,1,40.0,0,I,MELB_URBAN,STREET,8,8.0
148998,4,5,173,5,1,60.0,0,N,LARGE_PROVINCIAL_CITIES,STREET,7,9.0
148999,4,4,171,5,1,50.0,0,N,MELB_URBAN,HIGHWAY,8,9.0
149000,1,2,99,4,9,60.0,0,I,MELB_URBAN,ROAD,8,6.0
149001,1,4,134,5,1,60.0,0,N,MELB_URBAN,ROAD,8,7.0
149002,1,1,130,5,1,110.0,0,N,RURAL_VICTORIA,FREEWAY,8,16.0
149003,1,7,121,1,6,60.0,0,I,MELB_URBAN,ROAD,7,23.0
149004,6,3,99,5,5,60.0,0,N,RURAL_VICTORIA,STREET,8,6.0
149005,2,4,99,5,1,50.0,0,N,MELB_URBAN,ROAD,8,8.0
149006,8,5,99,5,1,100.0,0,N,RURAL_VICTORIA,ROAD,4,10.0
149007,4,3,171,5,1,60.0,0,N,MELB_URBAN,STREET,8,12.0
149008,1,3,99,5,1,50.0,0,N,LARGE_PROVINCIAL_CITIES,STREET,8,8.0
149009,1,5,121,4,1,60.0,0,N,RURAL_VICTORIA,ROAD,7,13.0
149010,1,4,134,5,1,100.0,0,N,MELB_URBAN,ROAD,8,11.0
149011,1,3,121,1,1,70.0,0,N,MELB_URBAN,HIGHWAY,8,13.0
149012,1,4,130,5,1,100.0,0,N,RURAL_VICTORIA,FREEWAY,7,7.0
149013,1,3,110,1,1,100.0,0,I,RURAL_VICTORIA,HIGHWAY,8,14.0
149014,2,2,99,5,1,60.0,0,N,LARGE_PROVINCIAL_CITIES,STREET,8,16.0
149015,4,3,171,2,1,60.0,0,N,MELB_URBAN,ROAD,8,12.0
149016,4,3,171,5,1,100.0,0,N,RURAL_VICTORIA,HIGHWAY,8,14.0
149017,1,4,130,5,1,100.0,0,N,MELB_URBAN,FREEWAY,8,14.0
149018,1,2,116,1,1,60.0,0,I,LARGE_PROVINCIAL_CITIES,STREET,7,9.0
149019,1,3,121,1,1,60.0,0,I,MELB_URBAN,ROAD,8,14.0
149020,1,4,99,1,2,50.0,0,N,LARGE_PROVINCIAL_CITIES,STREET,8,18.0
149021,4,4,173,5,1,50.0,0,N,MELB_URBAN,DRIVE,8,15.0
149022,1,2,121,5,1,60.0,0,N,SMALL_CITIES,STREET,8,15.0
149023,1,4,147,5,1,70.0,0,N,MELB_URBAN,ROAD,8,13.0
149024,4,4,171,2,3,50.0,0,N,MELB_URBAN,DRIVE,8,18.0
149025,1,3,121,5,3,50.0,0,N,MELB_URBAN,ROAD,8,19.0
149026,1,4,130,1,1,40.0,0,N,LARGE_PROVINCIAL_CITIES,STREET,7,15.0
149027,1,4,99,5,5,80.0,0,N,RURAL_VICTORIA,ROAD,8,20.0
149028,1,3,110,1,3,80.0,0,I,MELB_URBAN,HIGHWAY,8,20.0
149029,8,4,170,5,3,50.0,0,N,MELB_URBAN,ROAD,8,21.0
149030,4,4,171,5,3,60.0,0,N,LARGE_PROVINCIAL_CITIES,STREET,8,0.0
149031,1,5,130,5,2,100.0,0,I,MELB_URBAN,ROAD,8,6.0
149032,1,3,130,2,3,70.0,0,N,MELB_URBAN,ROAD,5,18.0
149033,6,4,170,5,5,60.0,0,N,RURAL_VICTORIA,ROAD,8,23.0
149034,3,4,167,5,5,100.0,0,N,RURAL_VICTORIA,HIGHWAY,8,19.0
149035,1,5,121,4,1,80.0,0,I,MELB_URBAN,ROAD,8,9.0
149036,1,3,110,1,1,50.0,0,I,SMALL_CITIES,STREET,8,9.0
149037,1,7,121,5,1,60.0,0,N,MELB_URBAN,ROAD,7,13.0
149038,8,5,174,5,3,60.0,0,N,MELB_URBAN,ROAD,8,5.0
149039,2,5,100,5,1,60.0,0,N,LARGE_PROVINCIAL_CITIES,OTHER,8,11.0
149040,1,3,130,2,1,70.0,0,I,LARGE_PROVINCIAL_CITIES,ROAD,8,14.0
149041,2,4,99,5,1,40.0,0,N,MELB_URBAN,ROAD,8,12.0
149042,4,4,171,2,1,60.0,0,N,MELB_URBAN,OTHER,8,12.0
149043,1,4,110,1,1,60.0,0,N,MELB_URBAN,HIGHWAY,8,12.0
149044,2,4,102,5,3,50.0,0,N,MELB_URBAN,OTHER,8,6.0
149045,1,4,130,1,2,70.0,0,I,MELB_URBAN,ROAD,8,17.0
149046,1,4,130,5,1,70.0,0,N,MELB_URBAN,ROAD,8,12.0
149047,1,5,134,5,3,80.0,0,N,MELB_URBAN,FREEWAY,7,5.0
149048,1,4,121,1,1,70.0,0,I,MELB_URBAN,HIGHWAY,8,13.0
149049,1,2,130,2,2,60.0,0,I,MELB_URBAN,STREET,7,18.0
149050,6,5,99,5,1,100.0,0,N,RURAL_VICTORIA,ROAD,8,13.0
149051,4,5,181,5,1,50.0,0,N,MELB_URBAN,DRIVE,8,15.0
149052,1,6,110,1,1,60.0,0,I,RURAL_VICTORIA,ROAD,7,16.0
149053,1,5,135,2,9,60.0,0,N,MELB_URBAN,ROAD,7,15.0
149054,1,5,140,5,1,50.0,0,N,MELB_URBAN,ROAD,8,14.0
149055,1,4,99,2,9,60.0,0,I,TOWNS,STREET,7,12.0
149056,1,6,130,5,1,60.0,0,N,MELB_URBAN,ROAD,7,8.0
149057,1,4,147,5,1,80.0,0,N,MELB_URBAN,ROAD,8,8.0
149058,5,5,99,2,3,70.0,0,I,MELB_URBAN,FREEWAY,8,18.0
149059,2,5,99,5,1,50.0,0,N,MELB_URBAN,OTHER,8,14.0
149060,1,4,110,1,3,40.0,0,I,MELB_URBAN,STREET,8,18.0
149061,1,4,140,5,2,50.0,0,N,MELB_URBAN,ROAD,8,17.0
149062,1,1,110,1,1,60.0,0,I,MELB_URBAN,ROAD,8,11.0
149063,1,4,135,1,1,40.0,0,I,MELB_URBAN,STREET,8,16.0
149064,1,5,130,5,3,60.0,0,N,MELB_URBAN,ROAD,8,18.0
149065,1,5,99,2,5,100.0,0,I,RURAL_VICTORIA,ROAD,8,19.0
149066,1,4,135,5,3,80.0,0,N,MELB_URBAN,ROAD,8,19.0
149067,1,5,135,5,3,60.0,0,N,MELB_URBAN,RAMP,8,19.0
149068,6,5,174,5,3,60.0,0,N,MELB_URBAN,BOULEVARD,8,18.0
149069,1,4,121,1,3,80.0,0,N,MELB_URBAN,STREET,8,20.0
149070,1,4,160,5,3,60.0,0,N,MELB_URBAN,ROAD,8,0.0
149071,1,6,130,5,1,60.0,0,N,MELB_URBAN,ROAD,6,8.0
149072,8,0,184,5,5,100.0,0,N,RURAL_VICTORIA,OTHER,7,21.0
149073,4,3,99,5,1,60.0,0,N,MELB_URBAN,OTHER,8,12.0
149074,1,6,121,2,3,60.0,0,I,MELB_URBAN,ROAD,8,6.0
149075,1,4,121,2,2,80.0,0,I,RURAL_VICTORIA,ROAD,8,18.0
149076,1,5,160,5,1,50.0,0,N,MELB_URBAN,STREET,8,7.0
149077,1,4,130,5,3,70.0,0,N,MELB_URBAN,ROAD,6,18.0
149078,4,5,183,5,5,100.0,0,N,RURAL_VICTORIA,ROAD,8,20.0
149079,4,7,99,5,1,60.0,0,N,MELB_URBAN,STREET,6,14.0
149080,1,5,130,5,1,100.0,0,N,MELB_URBAN,FREEWAY,8,7.0
149081,1,6,99,2,2,50.0,0,N,MELB_URBAN,OTHER,8,9.0
149082,4,6,181,5,2,60.0,0,N,RURAL_VICTORIA,ROAD,8,5.0
149083,4,5,181,5,1,100.0,0,N,RURAL_VICTORIA,HIGHWAY,8,8.0
149084,1,5,140,2,1,60.0,0,N,MELB_URBAN,STREET,8,9.0
149085,8,4,99,2,1,60.0,0,I,RURAL_VICTORIA,STREET,8,16.0
149086,1,4,110,1,1,40.0,0,I,MELB_URBAN,STREET,8,7.0
149087,1,6,130,5,1,80.0,0,N,MELB_URBAN,HIGHWAY,8,7.0
149088,1,3,116,2,1,50.0,0,I,MELB_URBAN,OTHER,8,8.0
149089,1,2,113,2,2,40.0,0,I,MELB_URBAN,OTHER,8,6.0
149090,4,2,171,1,1,60.0,0,I,SMALL_CITIES,DRIVE,7,15.0
149091,4,6,173,2,1,60.0,0,N,LARGE_PROVINCIAL_CITIES,STREET,8,9.0
149092,1,6,113,2,1,60.0,0,I,MELB_URBAN,ROAD,8,12.0
149093,2,2,99,2,6,60.0,0,N,MELB_URBAN,ROAD,8,18.0
149094,1,5,120,2,1,50.0,0,I,MELB_URBAN,DRIVE,8,11.0
149095,8,6,170,5,1,100.0,0,N,RURAL_VICTORIA,ROAD,8,12.0
149096,1,6,120,5,2,100.0,1,N,RURAL_VICTORIA,ROAD,8,7.0
149097,1,6,121,2,1,60.0,0,N,MELB_URBAN,STREET,8,13.0
149098,4,4,171,5,1,80.0,0,N,MELB_URBAN,HIGHWAY,8,16.0
149099,1,0,130,5,1,70.0,0,N,MELB_URBAN,ROAD,11,16.0
149100,1,5,110,1,1,60.0,0,N,LARGE_PROVINCIAL_CITIES,STREET,8,15.0
149101,2,3,99,5,1,50.0,0,N,MELB_URBAN,STREET,8,14.0
149102,4,2,171,5,9,50.0,0,N,MELB_URBAN,OTHER,7,8.0
149103,1,5,130,5,1,60.0,0,N,MELB_URBAN,ROAD,8,10.0
149104,1,6,110,1,1,60.0,0,I,MELB_URBAN,ROAD,8,16.0
149105,1,3,111,1,1,60.0,0,I,SMALL_CITIES,ROAD,8,10.0
149106,1,6,99,2,1,60.0,0,I,MELB_URBAN,STREET,8,16.0
149107,4,6,171,5,1,80.0,0,N,SMALL_TOWNS,ROAD,8,16.0
149108,1,5,121,2,3,70.0,0,I,RURAL_VICTORIA,ROAD,8,18.0
149109,1,6,147,5,5,80.0,0,N,RURAL_VICTORIA,DRIVE,8,17.0
149110,1,6,121,5,2,80.0,0,N,MELB_URBAN,HIGHWAY,8,17.0
149111,2,6,100,2,3,60.0,0,N,MELB_URBAN,ROAD,8,18.0
149112,1,5,121,4,3,80.0,0,N,MELB_URBAN,HIGHWAY,8,18.0
149113,2,6,100,5,3,60.0,0,N,MELB_URBAN,STREET,8,19.0
149114,1,6,130,5,5,80.0,0,N,RURAL_VICTORIA,ROAD,8,17.0
149115,1,6,113,2,6,60.0,0,N,MELB_URBAN,DRIVE,8,18.0
149116,1,6,121,1,3,60.0,0,I,MELB_URBAN,ROAD,8,17.0
149117,2,2,99,5,1,40.0,0,N,MELB_URBAN,ROAD,7,10.0
149118,1,0,116,1,1,40.0,0,O,MELBOURNE_CBD,UNKNOWN,7,11.0
149119,2,5,99,5,1,60.0,0,N,SMALL_CITIES,STREET,8,12.0
149120,4,6,171,5,3,60.0,0,N,MELB_URBAN,ROAD,8,19.0
149121,1,6,99,5,3,60.0,0,N,SMALL_CITIES,OTHER,8,20.0
149122,1,6,113,2,3,50.0,0,I,MELB_URBAN,ROAD,8,18.0
149123,4,6,99,5,3,80.0,0,N,MELB_URBAN,ROAD,8,20.0
149124,1,5,110,1,3,80.0,0,I,MELB_URBAN,HIGHWAY,8,23.0
149125,1,5,130,5,3,60.0,0,N,MELB_URBAN,STREET,7,17.0
149126,4,7,171,5,3,60.0,0,N,MELB_URBAN,ROAD,8,1.0
149127,1,5,110,1,3,80.0,0,I,RURAL_VICTORIA,ROAD,8,22.0
149128,2,6,99,5,6,60.0,0,N,MELB_URBAN,DRIVE,8,0.0
149129,4,6,183,5,5,100.0,1,N,RURAL_VICTORIA,HIGHWAY,8,23.0
149130,4,7,171,5,3,60.0,0,N,MELB_URBAN,OTHER,8,5.0
149131,4,1,171,5,6,80.0,0,N,MELB_URBAN,ROAD,7,1.0
149132,4,7,171,5,3,40.0,0,N,MELBOURNE_CBD,STREET,8,3.0
149133,1,6,133,5,1,100.0,0,N,MELB_URBAN,FREEWAY,8,11.0
149134,2,4,102,2,1,60.0,0,I,MELB_URBAN,AVENUE,7,15.0
149135,1,1,130,5,1,60.0,0,N,MELB_URBAN,FREEWAY,4,10.0
149136,4,5,181,5,1,80.0,0,N,RURAL_VICTORIA,ROAD,8,16.0
149137,1,6,110,1,3,60.0,0,I,SMALL_CITIES,STREET,8,4.0
149138,1,6,110,1,1,40.0,0,I,MELB_URBAN,STREET,8,13.0
149139,1,6,130,1,3,60.0,0,I,MELB_URBAN,PARADE,8,6.0
149140,1,7,99,5,1,50.0,0,N,LARGE_PROVINCIAL_CITIES,STREET,8,13.0
149141,1,6,130,5,1,80.0,0,N,MELB_URBAN,FREEWAY,8,13.0
149142,4,7,171,5,1,70.0,0,N,MELB_URBAN,ROAD,8,9.0
149143,1,1,99,2,1,40.0,0,I,MELB_URBAN,ROAD,7,10.0
149144,1,4,147,5,1,60.0,0,N,MELB_URBAN,ROAD,7,8.0
149145,1,4,130,1,1,60.0,0,I,SMALL_CITIES,ROAD,11,12.0
149146,1,6,99,5,3,40.0,0,N,LARGE_PROVINCIAL_CITIES,STREET,8,21.0
149147,1,6,110,1,1,60.0,0,I,MELB_URBAN,STREET,8,16.0
149148,4,7,173,5,2,50.0,0,N,MELB_URBAN,ROAD,8,17.0
149149,2,7,102,5,3,60.0,0,N,LARGE_PROVINCIAL_CITIES,STREET,8,19.0
149150,1,7,99,5,3,80.0,0,N,RURAL_VICTORIA,ROAD,8,17.0
149151,6,7,99,5,5,80.0,0,N,RURAL_VICTORIA,ROAD,8,18.0
149152,1,4,135,5,3,60.0,0,N,MELB_URBAN,ROAD,6,18.0
149153,1,7,116,2,3,50.0,0,I,MELB_URBAN,DRIVE,8,18.0
149154,1,6,121,2,1,70.0,0,I,MELB_URBAN,ROAD,8,16.0
149155,4,6,171,5,5,80.0,0,N,RURAL_VICTORIA,ROAD,8,21.0
149156,1,3,121,2,3,60.0,0,I,MELB_URBAN,ROAD,7,23.0
149157,1,7,121,1,3,40.0,0,I,MELBOURNE_CBD,STREET,8,18.0
149158,2,6,100,1,3,60.0,0,I,MELB_URBAN,HIGHWAY,8,21.0
149159,1,2,132,5,3,70.0,0,N,MELB_URBAN,ROAD,7,17.0
149160,1,6,120,5,5,100.0,0,N,RURAL_VICTORIA,ROAD,8,21.0
149161,1,7,121,5,3,60.0,0,N,MELB_URBAN,ROAD,8,18.0
149162,1,7,110,1,3,60.0,0,I,MELB_URBAN,ROAD,8,23.0
149163,1,7,121,2,3,80.0,0,I,MELB_URBAN,ROAD,8,0.0
149164,1,2,110,1,3,40.0,0,I,LARGE_PROVINCIAL_CITIES,ROAD,8,19.0
149165,1,2,110,1,2,60.0,0,I,MELB_URBAN,ROAD,7,8.0
149166,4,0,99,5,5,100.0,0,N,RURAL_VICTORIA,HIGHWAY,8,6.0
149167,1,0,140,2,1,60.0,0,I,MELB_URBAN,BOULEVARD,8,9.0
149168,4,1,171,5,3,60.0,0,N,UNKNOWN,ROAD,8,6.0
149169,2,6,100,1,3,60.0,0,I,MELB_URBAN,ROAD,8,18.0
149170,4,6,173,5,5,100.0,0,N,TOWNS,ROAD,8,22.0
149171,1,1,120,5,1,80.0,0,N,SMALL_TOWNS,ROAD,8,8.0
149172,2,6,102,1,3,60.0,0,N,LARGE_PROVINCIAL_CITIES,STREET,8,19.0
149173,1,0,160,5,1,60.0,0,N,MELB_URBAN,ROAD,8,14.0
149174,1,4,130,5,2,60.0,0,N,MELB_URBAN,PARADE,8,17.0
149175,1,1,120,5,1,100.0,0,N,RURAL_VICTORIA,ROAD,8,12.0
149176,4,0,171,5,1,100.0,0,N,RURAL_VICTORIA,ROAD,7,11.0
149177,1,1,160,5,1,40.0,0,N,UNKNOWN,ROAD,8,12.0
149178,1,1,99,5,1,80.0,0,N,MELB_URBAN,ROAD,8,12.0
149179,1,0,99,2,1,60.0,0,N,MELB_URBAN,STREET,8,14.0
149180,1,3,132,2,3,60.0,0,I,MELB_URBAN,PARADE,8,20.0