,accident_type,day_of_week,dca_code,road_geometry,light_condition,speed_zone,severity,node_type,deg_urban_name,road_type,month,hour
149181,1,1,160,5,1,50.0,0,N,MELB_URBAN,ROAD,8,12.0
149182,1,0,160,5,1,50.0,0,N,MELB_URBAN,AVENUE,8,15.0
149183,4,0,181,5,1,100.0,0,N,RURAL_VICTORIA,ROAD,8,12.0
149184,1,5,130,5,9,60.0,0,N,MELB_URBAN,ROAD,5,17.0
149185,4,1,181,5,1,100.0,0,N,RURAL_VICTORIA,ROAD,8,14.0
149186,2,0,99,5,3,40.0,0,N,MELB_URBAN,STREET,8,1.0
149187,1,0,111,2,3,60.0,0,I,MELB_URBAN,ROAD,8,18.0
149188,4,1,173,5,1,100.0,0,N,RURAL_VICTORIA,ROAD,8,14.0
149189,4,1,173,5,2,80.0,0,N,RURAL_VICTORIA,ROAD,8,17.0
149190,1,0,130,5,9,60.0,0,N,MELB_URBAN,ROAD,8,16.0
149191,4,0,173,5,3,60.0,0,N,MELB_URBAN,ROAD,8,21.0
149192,1,1,120,5,1,80.0,0,N,RURAL_VICTORIA,HIGHWAY,7,8.0
149193,4,6,173,5,1,60.0,0,N,MELB_URBAN,DRIVE,7,9.0
149194,1,2,147,5,1,60.0,0,N,MELB_URBAN,STREET,8,7.0
149195,1,1,121,1,1,60.0,0,I,MELB_URBAN,ROAD,8,8.0
149196,4,0,171,5,1,60.0,0,N,LARGE_PROVINCIAL_CITIES,OTHER,7,13.0
149197,1,4,110,1,1,60.0,0,I,MELB_URBAN,STREET,7,8.0
149198,4,1,173,5,1,60.0,0,N,UNKNOWN,DRIVE,8,9.0
149199,1,2,113,2,1,50.0,0,I,MELB_URBAN,DRIVE,8,8.0
149200,1,2,110,1,1,100.0,0,I,RURAL_VICTORIA,ROAD,8,9.0
149201,1,1,130,2,1,50.0,0,I,MELB_URBAN,ROAD,8,10.0
149202,4,2,171,5,1,100.0,0,N,RURAL_VICTORIA,ROAD,8,10.0
149203,4,2,171,1,1,100.0,0,N,RURAL_VICTORIA,ROAD,8,9.0
149204,6,6,99,2,3,80.0,0,N,MELB_URBAN,ROAD,7,1.0
149205,9,7,99,5,1,50.0,0,N,SMALL_CITIES,OTHER,7,14.0
149206,1,6,99,5,9,60.0,0,N,MELB_URBAN,ROAD,8,17.0
149207,6,2,174,2,1,80.0,0,N,MELB_URBAN,ROAD,8,13.0
149208,1,2,113,2,6,60.0,0,I,MELB_URBAN,DRIVE,8,5.0
149209,1,2,140,5,1,80.0,0,N,RURAL_VICTORIA,ROAD,7,7.0
149210,1,1,130,2,1,60.0,0,I,MELB_URBAN,UNKNOWN,8,8.0
149211,1,2,121,2,1,60.0,1,I,MELB_URBAN,ROAD,8,13.0
149212,1,3,120,5,1,60.0,0,N,RURAL_VICTORIA,ROAD,6,10.0
149213,1,1,130,1,1,70.0,0,N,LARGE_PROVINCIAL_CITIES,ROAD,8,13.0
149214,2,1,99,5,1,60.0,0,N,LARGE_PROVINCIAL_CITIES,STREET,8,14.0
149215,1,0,147,5,3,60.0,0,N,MELBOURNE_CBD,STREET,8,2.0
149216,1,2,160,5,3,50.0,0,N,MELB_URBAN,STREET,7,18.0
149217,1,2,113,2,1,80.0,0,N,MELB_URBAN,ROAD,8,15.0
149218,1,1,99,2,1,60.0,0,I,MELB_URBAN,ROAD,8,15.0
149219,1,1,135,5,1,100.0,0,N,MELB_URBAN,FREEWAY,8,15.0
149220,1,7,121,1,9,50.0,0,I,MELB_URBAN,STREET,8,14.0
149221,2,1,100,5,1,40.0,0,N,TOWNS,STREET,8,15.0
149222,8,1,170,5,1,60.0,0,N,MELB_URBAN,ROAD,8,16.0
149223,1,4,130,5,1,60.0,0,N,MELB_URBAN,ROAD,8,14.0
149224,1,2,113,2,3,60.0,0,I,MELB_URBAN,ROAD,8,17.0
149225,1,1,120,5,5,60.0,0,N,MELB_URBAN,ROAD,8,20.0
149226,4,2,171,5,5,100.0,0,N,MELB_URBAN,FREEWAY,8,18.0
149227,1,1,99,2,3,60.0,0,I,MELB_URBAN,ROAD,8,22.0
149228,8,5,99,1,1,50.0,0,I,MELB_URBAN,STREET,7,7.0
149229,4,2,171,1,1,50.0,0,I,LARGE_PROVINCIAL_CITIES,ROAD,8,12.0
149230,1,3,116,2,1,50.0,0,N,MELB_URBAN,AVENUE,8,7.0
149231,1,5,120,5,1,60.0,0,N,SMALL_TOWNS,ROAD,8,13.0
149232,1,3,113,2,1,60.0,0,I,SMALL_CITIES,DRIVE,8,7.0
149233,1,4,130,1,1,70.0,0,N,MELB_URBAN,ROAD,7,8.0
149234,1,2,130,5,1,80.0,0,N,MELB_URBAN,OTHER,8,6.0
149235,1,3,113,1,1,50.0,0,I,MELB_URBAN,ROAD,8,8.0
149236,1,3,130,5,1,80.0,0,N,MELB_URBAN,HIGHWAY,8,9.0
149237,1,6,99,1,1,60.0,0,I,MELB_URBAN,STREET,7,12.0
149238,1,3,132,1,1,40.0,0,I,MELB_URBAN,ROAD,8,10.0
149239,1,3,120,5,1,80.0,0,N,UNKNOWN,HIGHWAY,8,9.0
149240,6,1,174,5,1,60.0,0,N,RURAL_VICTORIA,ROAD,6,11.0
149241,6,6,99,5,1,60.0,0,N,RURAL_VICTORIA,ROAD,7,13.0
149242,8,5,99,5,1,100.0,0,N,RURAL_VICTORIA,ROAD,8,15.0
149243,1,6,110,1,1,60.0,0,I,SMALL_TOWNS,HIGHWAY,7,12.0
149244,1,2,147,5,1,60.0,0,N,MELB_URBAN,ROAD,8,13.0
149245,1,3,99,2,1,60.0,0,I,MELB_URBAN,ROAD,8,13.0
149246,1,3,110,1,1,60.0,0,I,SMALL_TOWNS,STREET,8,14.0
149247,1,5,130,2,9,40.0,0,I,MELB_URBAN,STREET,8,10.0
149248,4,4,181,5,1,60.0,0,N,MELB_URBAN,ROAD,7,12.0
149249,1,5,99,5,1,50.0,0,N,MELB_URBAN,OTHER,8,16.0
149250,1,3,99,5,1,60.0,0,N,MELB_URBAN,STREET,8,14.0
149251,1,3,99,5,1,50.0,0,N,LARGE_PROVINCIAL_CITIES,STREET,8,15.0
149252,4,3,99,5,1,50.0,0,N,RURAL_VICTORIA,DRIVE,8,15.0
149253,1,2,147,5,1,70.0,0,N,MELB_URBAN,ROAD,8,14.0
149254,1,3,130,5,1,80.0,0,N,MELB_URBAN,FREEWAY,8,15.0
149255,1,3,121,2,1,80.0,0,N,MELB_URBAN,ROAD,8,15.0
149256,1,4,99,2,1,70.0,0,I,MELB_URBAN,ROAD,7,15.0
149257,5,0,173,1,3,60.0,0,I,MELB_URBAN,ROAD,8,19.0
149258,1,2,120,5,1,60.0,0,N,RURAL_VICTORIA,ROAD,8,15.0
149259,1,3,99,1,1,40.0,0,I,MELB_URBAN,STREET,8,8.0
149260,4,3,171,5,1,100.0,0,N,SMALL_TOWNS,FREEWAY,8,15.0
149261,1,2,121,1,2,50.0,0,I,MELB_URBAN,STREET,8,17.0
149262,1,2,120,5,2,60.0,0,N,RURAL_VICTORIA,ROAD,8,17.0
149263,2,3,99,2,1,50.0,0,I,RURAL_VICTORIA,BOULEVARD,8,16.0
149264,1,3,121,2,5,80.0,0,I,RURAL_VICTORIA,ROAD,8,18.0
149265,1,3,110,1,3,60.0,0,I,LARGE_PROVINCIAL_CITIES,STREET,8,19.0
149266,4,2,99,5,1,40.0,0,N,MELB_URBAN,STREET,8,14.0
149267,1,3,130,5,1,100.0,0,N,MELB_URBAN,FREEWAY,8,15.0
149268,1,6,121,1,3,70.0,0,I,SMALL_CITIES,AVENUE,6,20.0
149269,1,2,121,1,3,70.0,0,I,MELB_URBAN,ROAD,8,20.0
149270,1,3,133,5,3,100.0,0,N,MELB_URBAN,FREEWAY,8,19.0
149271,2,2,100,5,1,60.0,0,I,MELB_URBAN,STREET,8,15.0
149272,1,3,121,1,3,60.0,1,I,MELB_URBAN,STREET,8,20.0
149273,4,3,99,5,3,100.0,0,N,RURAL_VICTORIA,FREEWAY,8,0.0
149274,1,3,116,2,2,70.0,0,N,LARGE_PROVINCIAL_CITIES,ROAD,7,8.0
149275,1,4,140,5,1,80.0,0,I,MELB_URBAN,HIGHWAY,7,13.0
149276,1,4,121,1,1,60.0,0,I,MELB_URBAN,ROAD,8,6.0
149277,1,4,121,1,3,60.0,0,N,MELB_URBAN,ROAD,8,6.0
149278,1,4,116,1,1,60.0,0,I,TOWNS,STREET,8,7.0
149279,1,2,130,5,3,60.0,0,N,LARGE_PROVINCIAL_CITIES,ROAD,8,19.0
149280,1,3,140,2,3,80.0,0,I,MELB_URBAN,ROAD,8,18.0
149281,1,4,130,1,1,50.0,0,N,MELB_URBAN,STREET,8,9.0
149282,1,3,116,2,2,40.0,0,I,MELB_URBAN,ROAD,7,8.0
149283,2,3,99,5,5,60.0,0,N,RURAL_VICTORIA,HIGHWAY,8,21.0
149284,1,3,110,1,3,80.0,0,I,MELB_URBAN,ROAD,8,21.0
149285,2,4,102,1,1,60.0,0,I,MELB_URBAN,STREET,8,11.0
149286,1,4,110,1,1,50.0,0,I,MELB_URBAN,STREET,8,6.0
149287,5,4,171,5,1,80.0,0,N,MELB_URBAN,ROAD,8,9.0
149288,1,2,130,1,1,80.0,0,I,MELB_URBAN,HIGHWAY,8,7.0
149289,6,3,99,5,1,60.0,0,N,MELB_URBAN,ROAD,8,11.0
149290,1,3,121,2,1,60.0,0,I,MELB_URBAN,ROAD,8,11.0
149291,1,4,116,1,1,70.0,0,N,MELB_URBAN,ROAD,8,11.0
149292,1,3,130,5,1,80.0,0,N,MELB_URBAN,FREEWAY,8,9.0
149293,4,4,173,2,1,60.0,0,I,RURAL_VICTORIA,BOULEVARD,8,10.0
149294,1,3,121,1,1,60.0,0,I,MELB_URBAN,PARADE,7,9.0
149295,1,5,111,2,1,60.0,0,N,MELB_URBAN,ROAD,7,17.0
149296,1,2,130,3,1,60.0,0,I,MELB_URBAN,ROAD,8,13.0
149297,1,7,130,5,2,60.0,0,N,MELB_URBAN,ROAD,8,17.0
149298,1,4,99,2,1,40.0,0,I,MELB_URBAN,ROAD,8,13.0
149299,1,4,130,5,1,60.0,0,N,TOWNS,STREET,8,14.0
149300,1,7,121,1,3,60.0,0,I,MELB_URBAN,ROAD,7,19.0
149301,2,3,99,5,1,60.0,0,N,UNKNOWN,ROAD,8,16.0
149302,1,2,121,1,3,80.0,0,I,MELB_URBAN,OTHER,8,20.0
149303,5,2,99,5,3,100.0,0,N,MELB_URBAN,RAMP,8,21.0
149304,1,4,130,5,1,80.0,0,N,MELB_URBAN,FREEWAY,8,16.0
149305,1,3,130,5,3,60.0,0,N,RURAL_VICTORIA,ROAD,8,18.0
149306,1,3,135,5,3,70.0,0,N,MELB_URBAN,ROAD,8,19.0
149307,4,3,99,1,3,60.0,0,I,MELB_URBAN,ROAD,8,19.0
149308,1,4,130,5,1,40.0,0,N,LARGE_PROVINCIAL_CITIES,PARADE,8,16.0
149309,6,4,99,5,5,100.0,0,N,RURAL_VICTORIA,ROAD,8,20.0
149310,8,4,170,5,5,100.0,0,N,RURAL_VICTORIA,HIGHWAY,8,20.0
149311,1,3,121,2,3,60.0,0,I,MELB_URBAN,PARADE,8,20.0
149312,1,4,133,5,5,80.0,0,N,MELB_URBAN,ROAD,8,19.0
149313,2,3,99,5,1,40.0,0,N,MELB_URBAN,DRIVE,7,15.0
149314,1,6,130,5,2,80.0,0,N,MELB_URBAN,FREEWAY,4,19.0
149315,4,5,173,5,1,100.0,0,N,MELB_URBAN,FREEWAY,7,8.0
149316,1,4,120,5,3,60.0,0,N,MELB_URBAN,STREET,8,19.0
149317,2,4,100,5,1,60.0,0,N,MELB_URBAN,ROAD,8,7.0
149318,4,4,99,2,5,50.0,0,I,SMALL_TOWNS,STREET,8,5.0
149319,1,3,130,5,9,80.0,0,N,MELB_URBAN,ROAD,8,21.0
149320,1,3,99,1,2,60.0,0,N,RURAL_VICTORIA,ROAD,8,6.0
149321,1,0,99,5,1,60.0,0,N,MELB_URBAN,STREET,7,11.0
149322,1,4,130,2,1,40.0,0,I,MELB_URBAN,STREET,8,8.0
149323,1,6,160,5,1,40.0,0,N,MELB_URBAN,OTHER,7,14.0
149324,6,5,99,5,1,100.0,0,N,RURAL_VICTORIA,ROAD,8,8.0
149325,4,5,183,5,1,80.0,0,N,RURAL_VICTORIA,ROAD,8,12.0
149326,1,5,120,5,1,100.0,1,N,RURAL_VICTORIA,ROAD,8,8.0
149327,5,5,99,1,6,60.0,0,N,RURAL_VICTORIA,ROAD,7,22.0
149328,1,4,130,5,9,60.0,0,N,MELB_URBAN,ROAD,8,17.0
149329,4,4,171,5,1,70.0,0,N,MELB_URBAN,HIGHWAY,8,12.0
149330,1,4,130,5,1,60.0,0,N,MELB_URBAN,ROAD,8,12.0
149331,1,5,110,1,1,60.0,0,I,MELB_URBAN,STREET,8,13.0
149332,1,5,120,5,1,50.0,0,N,RURAL_VICTORIA,ROAD,8,13.0
149333,1,5,121,2,1,60.0,0,I,MELB_URBAN,ROAD,8,14.0
149334,1,4,113,2,1,70.0,0,I,MELB_URBAN,ROAD,8,14.0
149335,4,4,181,5,5,50.0,0,N,SMALL_TOWNS,ROAD,8,23.0
149336,1,5,99,2,1,70.0,0,I,MELB_URBAN,ROAD,8,13.0
149337,1,4,110,1,1,60.0,0,I,SMALL_CITIES,AVENUE,8,13.0
149338,1,5,110,1,1,50.0,0,I,MELB_URBAN,STREET,8,14.0
149339,1,5,130,5,1,60.0,0,N,MELB_URBAN,ROAD,8,15.0
149340,1,5,110,1,1,50.0,0,I,SMALL_CITIES,STREET,8,15.0
149341,4,4,171,5,1,80.0,0,N,UNKNOWN,ROAD,8,16.0
149342,1,4,140,5,1,40.0,0,N,MELB_URBAN,STREET,8,15.0
149343,1,2,130,5,1,100.0,0,N,MELB_URBAN,FREEWAY,8,9.0
149344,1,4,130,1,2,100.0,0,N,MELB_URBAN,FREEWAY,8,17.0
149345,1,4,99,2,1,50.0,0,N,MELB_URBAN,AVENUE,8,17.0
149346,1,1,132,2,1,70.0,0,I,MELB_URBAN,ROAD,8,15.0
149347,1,5,113,2,3,80.0,0,I,MELB_URBAN,ROAD,8,18.0
149348,4,4,183,5,1,100.0,0,N,RURAL_VICTORIA,ROAD,8,15.0
149349,1,4,121,2,3,60.0,0,I,MELB_URBAN,ROAD,8,19.0
149350,1,5,110,1,1,60.0,0,I,MELB_URBAN,ROAD,8,15.0
149351,1,5,110,1,1,80.0,0,I,RURAL_VICTORIA,ROAD,8,17.0
149352,1,3,110,1,3,80.0,0,N,MELB_URBAN,ROAD,8,22.0
149353,1,4,130,5,3,60.0,0,N,MELB_URBAN,ROAD,8,20.0
149354,1,5,160,5,5,50.0,0,N,MELB_URBAN,PARADE,8,21.0
149355,6,5,170,1,5,100.0,0,N,RURAL_VICTORIA,ROAD,8,5.0
149356,1,5,120,5,1,100.0,1,N,RURAL_VICTORIA,HIGHWAY,8,16.0
149357,2,4,100,1,1,60.0,0,N,LARGE_PROVINCIAL_CITIES,AVENUE,8,10.0
149358,1,5,110,1,3,60.0,0,I,LARGE_PROVINCIAL_CITIES,STREET,6,18.0
149359,5,4,99,5,3,100.0,0,N,MELB_URBAN,ROAD,8,18.0
149360,4,4,171,5,3,50.0,0,N,RURAL_VICTORIA,ROAD,8,17.0
149361,1,1,163,5,1,40.0,0,N,MELB_URBAN,ROAD,8,9.0
149362,1,6,110,1,1,50.0,0,I,TOWNS,STREET,8,9.0
149363,4,5,173,5,5,100.0,0,N,RURAL_VICTORIA,HIGHWAY,8,19.0
149364,1,6,173,5,3,50.0,0,N,MELB_URBAN,ROAD,8,6.0
149365,1,6,113,1,2,80.0,0,I,RURAL_VICTORIA,ROAD,8,6.0
149366,1,6,99,5,1,50.0,0,N,MELB_URBAN,STREET,8,9.0
149367,1,6,121,1,1,60.0,0,I,MELB_URBAN,STREET,7,12.0
149368,1,6,110,1,1,70.0,0,I,MELB_URBAN,ROAD,8,8.0
149369,1,5,121,1,1,60.0,0,I,MELB_URBAN,ROAD,8,12.0
149370,4,5,173,5,1,60.0,0,N,UNKNOWN,ROAD,8,12.0
149371,1,6,116,2,1,60.0,0,I,RURAL_VICTORIA,ROAD,8,7.0
149372,1,6,135,5,1,100.0,0,N,MELB_URBAN,FREEWAY,8,13.0
149373,1,4,133,5,2,60.0,0,N,MELB_URBAN,FREEWAY,7,17.0
149374,1,6,130,5,2,80.0,0,N,MELB_URBAN,FREEWAY,7,6.0
149375,1,2,130,5,5,80.0,0,N,MELB_URBAN,DRIVE,7,20.0
149376,1,6,116,1,1,60.0,0,N,TOWNS,STREET,8,14.0
149377,1,6,99,1,1,60.0,0,I,SMALL_CITIES,RAMP,8,15.0
149378,1,5,130,5,1,100.0,0,N,MELB_URBAN,RAMP,8,16.0
149379,1,5,133,5,1,100.0,0,N,UNKNOWN,ROAD,8,14.0
149380,7,6,99,1,1,50.0,0,I,MELB_URBAN,ROAD,8,13.0
149381,1,6,121,5,2,80.0,0,N,UNKNOWN,HIGHWAY,8,17.0
149382,1,6,130,5,3,80.0,0,N,MELB_URBAN,RAMP,8,18.0
149383,1,5,130,5,3,60.0,0,N,MELB_URBAN,ROAD,8,18.0
149384,1,6,110,1,3,50.0,0,I,LARGE_PROVINCIAL_CITIES,STREET,8,19.0
149385,4,6,183,5,1,100.0,0,N,RURAL_VICTORIA,ROAD,8,17.0
149386,1,6,110,1,3,60.0,0,I,MELB_URBAN,ROAD,8,21.0
149387,4,6,99,5,1,60.0,0,N,MELB_URBAN,HIGHWAY,8,14.0
149388,1,4,110,1,3,60.0,0,I,MELB_URBAN,ROAD,8,22.0
149389,1,5,133,5,5,60.0,0,N,MELB_URBAN,ROAD,8,19.0
149390,1,7,130,2,3,70.0,0,N,MELB_URBAN,ROAD,8,18.0
149391,8,6,174,5,3,40.0,0,N,MELB_URBAN,STREET,8,20.0
149392,1,5,121,1,3,60.0,0,I,MELB_URBAN,HIGHWAY,8,21.0
149393,4,6,171,5,5,60.0,0,N,RURAL_VICTORIA,ROAD,8,1.0
149394,1,2,113,2,3,60.0,0,N,MELB_URBAN,ROAD,8,18.0
149395,1,2,121,1,9,60.0,0,O,MELB_URBAN,UNKNOWN,6,7.0
149396,1,6,140,5,1,60.0,0,N,MELB_URBAN,ROAD,8,9.0
149397,1,7,130,5,1,70.0,0,N,MELB_URBAN,ROAD,8,9.0
149398,1,5,132,1,2,100.0,0,I,RURAL_VICTORIA,ROAD,8,17.0
149399,1,3,130,2,1,60.0,0,N,MELB_URBAN,UNKNOWN,5,8.0
149400,4,7,181,5,1,70.0,0,N,RURAL_VICTORIA,ROAD,8,10.0
149401,1,7,135,5,1,80.0,0,N,MELB_URBAN,ROAD,8,10.0
149402,1,7,130,5,1,70.0,0,N,MELB_URBAN,ROAD,8,11.0
149403,4,5,99,2,1,50.0,0,N,MELB_URBAN,ROAD,8,7.0
149404,1,6,160,5,1,50.0,0,N,MELB_URBAN,DRIVE,8,9.0
149405,1,5,110,1,9,60.0,0,I,MELB_URBAN,ROAD,8,13.0
149406,2,7,99,2,1,50.0,0,N,MELB_URBAN,STREET,8,12.0
149407,1,6,111,2,1,60.0,0,I,MELB_URBAN,STREET,8,11.0
149408,1,6,121,1,1,40.0,0,I,MELB_URBAN,ROAD,8,11.0
149409,4,7,99,1,1,60.0,0,I,MELB_URBAN,ROAD,8,11.0
149410,1,7,121,1,1,60.0,0,I,MELB_URBAN,ROAD,8,13.0
149411,1,6,110,1,1,50.0,0,I,MELB_URBAN,STREET,8,8.0
149412,1,5,130,2,5,80.0,0,I,RURAL_VICTORIA,ROAD,8,22.0
149413,1,7,99,5,1,80.0,0,N,MELB_URBAN,FREEWAY,8,9.0
149414,4,6,173,5,1,70.0,0,N,LARGE_PROVINCIAL_CITIES,ROAD,8,15.0
149415,6,7,99,5,1,100.0,0,N,RURAL_VICTORIA,HIGHWAY,8,16.0
149416,1,6,110,1,1,50.0,0,I,TOWNS,STREET,8,17.0
149417,4,7,171,5,2,100.0,0,N,RURAL_VICTORIA,ROAD,8,16.0
149418,4,6,183,5,1,100.0,0,N,RURAL_VICTORIA,ROAD,8,15.0
149419,4,7,181,5,5,60.0,0,N,RURAL_VICTORIA,ROAD,8,17.0
149420,4,7,171,2,1,50.0,0,I,MELB_URBAN,DRIVE,8,16.0
149421,1,6,120,5,1,100.0,0,N,RURAL_VICTORIA,ROAD,8,14.0
149422,1,6,130,1,3,80.0,0,I,MELB_URBAN,RAMP,8,18.0
149423,1,6,163,1,2,60.0,0,N,MELB_URBAN,STREET,8,17.0
149424,1,5,133,2,6,60.0,0,N,MELB_URBAN,ROAD,8,20.0
149425,4,6,171,5,5,80.0,0,N,RURAL_VICTORIA,ROAD,8,19.0
149426,1,6,110,1,3,50.0,0,I,MELB_URBAN,ROAD,8,22.0
149427,1,7,130,5,3,60.0,0,N,LARGE_PROVINCIAL_CITIES,STREET,8,22.0
149428,1,1,133,5,5,100.0,0,N,MELB_URBAN,FREEWAY,8,1.0
149429,4,0,183,5,5,50.0,0,N,MELB_URBAN,STREET,8,0.0
149430,1,6,130,5,3,50.0,0,N,MELB_URBAN,BOULEVARD,8,22.0
149431,1,1,160,5,3,60.0,0,N,MELB_URBAN,ROAD,8,3.0
149432,1,1,99,1,3,60.0,0,I,MELB_URBAN,ROAD,8,3.0
149433,1,0,132,5,3,60.0,0,N,MELB_URBAN,ROAD,8,4.0
149434,1,5,130,5,9,70.0,0,N,MELB_URBAN,ROAD,7,16.0
149435,1,0,147,5,1,60.0,0,N,MELB_URBAN,ROAD,8,8.0
149436,1,5,110,1,6,50.0,0,I,MELB_URBAN,OTHER,6,21.0
149437,1,2,140,5,9,60.0,0,N,MELB_URBAN,BOULEVARD,8,15.0
149438,4,6,173,5,1,60.0,0,N,TOWNS,ROAD,8,16.0
149439,6,6,99,5,1,100.0,0,N,RURAL_VICTORIA,ROAD,8,16.0
149440,1,0,121,2,1,60.0,0,I,RURAL_VICTORIA,ROAD,8,7.0
149441,1,1,99,2,1,100.0,0,I,RURAL_VICTORIA,STREET,8,12.0
149442,1,0,110,1,1,50.0,0,I,TOWNS,STREET,8,13.0
149443,2,1,100,2,1,60.0,0,I,MELB_URBAN,ROAD,8,13.0
149444,1,0,130,5,1,80.0,0,N,MELB_URBAN,ROAD,8,15.0
149445,1,6,121,2,9,80.0,0,I,MELB_URBAN,ROAD,7,12.0
149446,1,7,130,5,1,60.0,0,N,MELB_URBAN,ROAD,8,13.0
149447,6,1,99,5,1,100.0,0,N,RURAL_VICTORIA,ROAD,8,15.0
149448,4,1,171,5,1,60.0,0,N,SMALL_TOWNS,STREET,8,15.0
149449,2,1,99,5,1,50.0,0,N,MELB_URBAN,ROAD,8,15.0
149450,1,0,110,1,2,60.0,0,I,MELB_URBAN,ROAD,8,16.0
149451,1,0,130,5,1,100.0,0,N,RURAL_VICTORIA,HIGHWAY,8,15.0
149452,1,7,130,5,1,100.0,0,N,RURAL_VICTORIA,FREEWAY,8,14.0
149453,1,0,121,1,3,60.0,0,I,MELB_URBAN,STREET,8,18.0
149454,6,0,174,5,5,60.0,0,N,UNKNOWN,RAMP,8,18.0
149455,4,0,173,5,3,50.0,0,N,UNKNOWN,ROAD,8,19.0
149456,1,0,111,2,1,50.0,0,I,MELB_URBAN,STREET,7,11.0
149457,1,0,121,1,3,60.0,0,I,MELB_URBAN,STREET,8,20.0
149458,4,1,171,5,5,60.0,0,N,RURAL_VICTORIA,STREET,8,21.0
149459,2,1,102,2,6,60.0,0,I,MELB_URBAN,STREET,8,19.0
149460,4,1,183,5,5,80.0,1,N,RURAL_VICTORIA,ROAD,8,20.0
149461,1,1,130,2,1,60.0,0,I,MELB_URBAN,ROAD,8,11.0
149462,1,4,110,1,3,60.0,0,I,MELB_URBAN,ROAD,7,19.0
149463,1,1,121,1,2,60.0,0,N,RURAL_VICTORIA,ROAD,8,6.0
149464,1,2,147,2,2,80.0,0,I,SMALL_CITIES,HIGHWAY,6,17.0
149465,1,6,113,2,1,60.0,0,I,LARGE_PROVINCIAL_CITIES,ROAD,7,15.0
149466,6,2,174,5,2,40.0,0,N,MELB_URBAN,STREET,8,6.0
149467,1,1,130,2,1,60.0,0,I,SMALL_CITIES,ROAD,8,10.0
149468,1,1,140,2,1,70.0,0,N,MELB_URBAN,DRIVE,8,9.0
149469,1,7,99,5,3,50.0,0,N,MELB_URBAN,ROAD,8,20.0
149470,1,3,130,5,2,60.0,0,N,SMALL_TOWNS,HIGHWAY,7,17.0
149471,1,5,130,5,1,100.0,0,N,MELB_URBAN,FREEWAY,5,17.0
149472,1,3,134,5,6,60.0,0,N,MELB_URBAN,HIGHWAY,8,6.0
149473,4,1,181,5,5,50.0,0,N,SMALL_CITIES,STREET,8,4.0
149474,1,6,121,1,2,60.0,0,I,MELB_URBAN,ROAD,8,16.0
149475,4,2,171,5,1,100.0,0,N,RURAL_VICTORIA,ROAD,8,9.0
149476,8,7,174,5,9,60.0,0,N,RURAL_VICTORIA,ROAD,8,11.0
149477,1,5,130,2,1,60.0,0,I,SMALL_CITIES,ROAD,8,8.0
149478,1,1,110,1,1,50.0,0,I,SMALL_CITIES,ROAD,8,11.0
149479,5,5,99,5,1,100.0,0,N,UNKNOWN,ROAD,8,13.0
149480,1,1,130,2,1,60.0,0,I,MELB_URBAN,ROAD,8,13.0
149481,1,4,121,2,1,50.0,0,I,MELB_URBAN,ROAD,7,15.0
149482,1,3,121,1,1,60.0,0,I,MELB_URBAN,ROAD,8,7.0
149483,1,2,99,2,1,50.0,0,I,MELB_URBAN,ROAD,8,14.0
149484,2,3,99,2,1,60.0,0,I,MELB_URBAN,ROAD,7,13.0
149485,8,1,99,5,1,80.0,0,N,RURAL_VICTORIA,ROAD,8,14.0
149486,1,2,121,2,1,60.0,0,I,MELB_URBAN,ROAD,8,15.0
149487,1,2,130,5,1,70.0,0,N,MELB_URBAN,ROAD,8,16.0
149488,4,2,181,1,1,80.0,0,I,MELB_URBAN,HIGHWAY,8,16.0
149489,1,6,130,5,2,80.0,0,N,MELB_URBAN,FREEWAY,6,17.0
149490,1,2,113,2,1,80.0,0,I,MELB_URBAN,ROAD,8,15.0
149491,1,5,130,5,6,70.0,0,N,MELB_URBAN,HIGHWAY,6,20.0
149492,6,2,170,5,1,100.0,0,N,RURAL_VICTORIA,ROAD,8,16.0
149493,1,1,140,5,1,60.0,0,N,LARGE_PROVINCIAL_CITIES,ROAD,8,17.0
149494,4,1,171,1,3,70.0,0,I,LARGE_PROVINCIAL_CITIES,STREET,8,18.0
149495,1,5,130,5,1,80.0,0,N,RURAL_VICTORIA,ROAD,8,15.0
149496,1,1,120,5,3,60.0,0,N,MELB_URBAN,ROAD,8,18.0
149497,1,1,120,5,3,50.0,0,N,MELB_URBAN,STREET,8,17.0
149498,1,3,120,5,3,60.0,1,N,MELB_URBAN,ROAD,8,1.0
149499,1,6,116,1,3,80.0,0,I,MELB_URBAN,ROAD,7,23.0
149500,1,3,130,5,1,80.0,0,N,RURAL_VICTORIA,ROAD,5,9.0
149501,4,3,181,5,2,60.0,0,N,SMALL_TOWNS,ROAD,8,7.0
149502,1,2,121,1,2,70.0,0,I,MELB_URBAN,ROAD,8,6.0
149503,3,0,167,5,5,80.0,0,N,RURAL_VICTORIA,ROAD,7,20.0
149504,1,4,130,2,1,80.0,0,N,MELB_URBAN,ROAD,8,14.0
149505,1,2,133,5,3,40.0,0,N,TOWNS,UNKNOWN,8,18.0
149506,1,3,130,5,1,100.0,0,N,MELB_URBAN,FREEWAY,8,7.0
149507,1,1,121,1,3,80.0,0,I,MELB_URBAN,HIGHWAY,8,22.0
149508,1,6,130,1,9,60.0,0,I,RURAL_VICTORIA,BOULEVARD,8,20.0