,accident_type,day_of_week,dca_code,road_geometry,light_condition,speed_zone,severity,node_type,deg_urban_name,road_type,month,hour
149509,1,3,130,5,1,60.0,0,N,MELB_URBAN,ROAD,8,15.0
149510,6,7,184,5,1,60.0,0,N,RURAL_VICTORIA,ROAD,8,11.0
149511,1,4,130,5,1,60.0,0,N,MELB_URBAN,ROAD,8,15.0
149512,1,3,99,2,1,80.0,0,N,RURAL_VICTORIA,ROAD,8,8.0
149513,1,7,130,5,1,80.0,0,N,MELB_URBAN,OTHER,8,15.0
149514,1,1,110,1,2,60.0,0,I,MELB_URBAN,ROAD,8,17.0
149515,1,2,130,5,1,100.0,0,N,MELB_URBAN,ROAD,8,13.0
149516,1,5,110,1,1,60.0,0,I,RURAL_VICTORIA,HIGHWAY,8,10.0
149517,1,2,132,5,1,40.0,0,I,RURAL_VICTORIA,ROAD,8,12.0
149518,1,3,116,1,1,60.0,0,I,MELB_URBAN,ROAD,8,14.0
149519,1,5,121,1,2,80.0,0,I,MELB_URBAN,HIGHWAY,7,17.0
149520,1,2,111,1,1,50.0,0,I,TOWNS,STREET,8,12.0
149521,1,2,110,1,1,40.0,0,I,SMALL_CITIES,STREET,8,10.0
149522,1,7,130,5,1,70.0,0,N,MELB_URBAN,STREET,7,14.0
149523,1,4,130,1,1,70.0,0,N,MELB_URBAN,ROAD,8,14.0
149524,1,3,130,2,1,60.0,0,I,MELB_URBAN,ROAD,5,14.0
149525,1,2,130,5,1,80.0,0,N,MELB_URBAN,OTHER,8,15.0
149526,1,3,130,5,1,80.0,0,N,MELB_URBAN,ROAD,8,15.0
149527,5,2,99,5,1,100.0,0,N,MELB_URBAN,ROAD,8,15.0
149528,1,6,130,5,3,80.0,0,N,MELB_URBAN,ROAD,8,6.0
149529,4,1,173,5,1,80.0,0,N,RURAL_VICTORIA,OTHER,8,14.0
149530,1,3,99,1,1,60.0,0,I,MELB_URBAN,ROAD,8,16.0
149531,4,3,183,5,1,50.0,0,N,SMALL_CITIES,STREET,8,15.0
149532,1,3,99,5,2,60.0,0,N,UNKNOWN,STREET,8,17.0
149533,4,3,173,5,1,50.0,0,N,SMALL_CITIES,ROAD,8,15.0
149534,6,0,99,5,1,60.0,0,N,RURAL_VICTORIA,ROAD,6,11.0
149535,1,2,130,1,3,100.0,0,N,MELB_URBAN,ROAD,8,19.0
149536,1,3,110,1,3,60.0,0,I,MELB_URBAN,ROAD,8,19.0
149537,4,2,173,5,5,100.0,0,N,RURAL_VICTORIA,HIGHWAY,8,20.0
149538,1,3,113,2,3,60.0,0,I,MELB_URBAN,ROAD,8,21.0
149539,1,3,99,1,6,60.0,0,N,LARGE_PROVINCIAL_CITIES,ROAD,8,20.0
149540,3,3,167,5,5,100.0,0,N,RURAL_VICTORIA,ROAD,8,0.0
149541,1,6,130,1,1,50.0,0,I,SMALL_CITIES,ROAD,8,12.0
149542,2,4,102,1,2,80.0,0,I,MELB_URBAN,HIGHWAY,8,6.0
149543,1,4,130,5,5,110.0,0,N,RURAL_VICTORIA,FREEWAY,8,4.0
149544,1,4,130,5,1,100.0,0,N,MELB_URBAN,FREEWAY,8,7.0
149545,4,2,171,5,5,100.0,0,N,RURAL_VICTORIA,ROAD,8,20.0
149546,1,2,113,2,3,60.0,0,I,MELB_URBAN,ROAD,8,18.0
149547,1,4,120,5,2,50.0,0,N,UNKNOWN,ROAD,8,7.0
149548,1,4,121,2,2,100.0,0,I,RURAL_VICTORIA,ROAD,8,6.0
149549,6,6,174,5,1,80.0,0,N,RURAL_VICTORIA,ROAD,7,16.0
149550,4,4,99,5,1,50.0,0,N,MELB_URBAN,STREET,8,12.0
149551,1,2,140,5,1,50.0,0,N,SMALL_CITIES,OTHER,8,9.0
149552,1,3,130,2,1,80.0,0,I,MELB_URBAN,DRIVE,8,14.0
149553,3,5,167,5,2,110.0,0,N,RURAL_VICTORIA,FREEWAY,7,6.0
149554,1,5,130,5,1,60.0,0,N,MELB_URBAN,ROAD,8,11.0
149555,1,2,99,5,1,70.0,0,N,RURAL_VICTORIA,ROAD,8,14.0
149556,1,4,160,5,1,50.0,0,N,MELB_URBAN,ROAD,8,12.0
149557,1,3,135,5,1,80.0,0,N,MELB_URBAN,FREEWAY,8,16.0
149558,1,4,110,1,1,60.0,0,I,MELB_URBAN,ROAD,8,14.0
149559,1,2,111,2,1,60.0,0,I,TOWNS,ROAD,6,13.0
149560,1,4,113,1,1,80.0,0,I,SMALL_CITIES,ROAD,8,8.0
149561,1,4,99,1,1,70.0,1,N,LARGE_PROVINCIAL_CITIES,ROAD,8,15.0
149562,1,3,113,2,9,50.0,0,I,MELB_URBAN,ROAD,7,15.0
149563,1,4,120,5,1,100.0,1,N,RURAL_VICTORIA,HIGHWAY,8,12.0
149564,1,1,99,1,3,60.0,0,I,MELB_URBAN,HIGHWAY,8,17.0
149565,1,4,130,5,1,100.0,0,N,SMALL_TOWNS,FREEWAY,8,17.0
149566,1,3,130,2,1,80.0,0,I,MELB_URBAN,FREEWAY,8,13.0
149567,1,3,121,1,3,60.0,0,I,MELB_URBAN,DRIVE,8,18.0
149568,1,4,111,1,3,60.0,0,I,LARGE_PROVINCIAL_CITIES,STREET,8,17.0
149569,1,4,130,5,3,50.0,0,N,MELB_URBAN,ROAD,8,17.0
149570,2,2,100,5,3,60.0,0,N,MELB_URBAN,ROAD,8,22.0
149571,8,7,99,5,1,60.0,0,N,RURAL_VICTORIA,ROAD,4,16.0
149572,2,3,102,1,1,40.0,0,I,MELBOURNE_CBD,STREET,8,16.0
149573,1,3,121,1,3,60.0,0,I,MELB_URBAN,ROAD,8,20.0
149574,1,4,110,1,5,50.0,0,N,MELB_URBAN,STREET,8,20.0
149575,1,4,110,1,3,50.0,0,I,MELB_URBAN,STREET,8,21.0
149576,2,3,100,5,1,60.0,0,N,MELB_URBAN,ROAD,8,14.0
149577,1,4,110,1,3,70.0,0,I,MELB_URBAN,ROAD,8,6.0
149578,1,3,121,2,3,80.0,0,I,MELB_URBAN,ROAD,8,22.0
149579,1,5,99,5,2,70.0,0,N,MELB_URBAN,ROAD,8,6.0
149580,1,0,130,5,1,80.0,0,N,MELB_URBAN,FREEWAY,8,11.0
149581,1,5,133,1,1,60.0,0,I,RURAL_VICTORIA,ROAD,7,8.0
149582,1,2,160,5,3,50.0,0,N,MELB_URBAN,DRIVE,8,18.0
149583,2,4,100,5,1,50.0,0,N,MELB_URBAN,ROAD,8,7.0
149584,8,1,174,5,1,80.0,0,N,RURAL_VICTORIA,ROAD,8,12.0
149585,2,4,99,5,1,60.0,0,N,MELB_URBAN,STREET,8,10.0
149586,1,5,99,5,1,50.0,0,N,MELB_URBAN,ROAD,7,9.0
149587,1,5,99,5,1,40.0,0,N,MELB_URBAN,ROAD,8,10.0
149588,4,5,99,2,1,70.0,0,N,MELB_URBAN,ROAD,8,8.0
149589,1,5,133,2,1,80.0,0,N,MELB_URBAN,HIGHWAY,8,10.0
149590,1,4,110,1,1,80.0,0,I,TOWNS,ROAD,8,10.0
149591,1,4,130,5,1,60.0,0,N,SMALL_CITIES,STREET,8,12.0
149592,2,5,99,5,1,60.0,0,N,MELBOURNE_CBD,STREET,8,12.0
149593,1,5,121,1,1,80.0,0,I,MELB_URBAN,ROAD,8,10.0
149594,7,1,184,5,1,60.0,0,N,SMALL_CITIES,DRIVE,3,11.0
149595,1,4,130,5,1,100.0,0,N,MELB_URBAN,FREEWAY,8,6.0
149596,6,1,174,5,1,60.0,0,N,RURAL_VICTORIA,ROAD,8,10.0
149597,1,4,130,5,1,100.0,0,N,MELB_URBAN,FREEWAY,8,7.0
149598,1,4,121,5,1,40.0,0,N,MELB_URBAN,ROAD,8,8.0
149599,1,7,140,2,1,50.0,0,N,MELB_URBAN,AVENUE,8,13.0
149600,4,5,173,2,1,70.0,0,I,MELB_URBAN,AVENUE,8,12.0
149601,1,3,130,5,1,60.0,0,N,MELB_URBAN,ROAD,8,14.0
149602,1,6,130,5,1,50.0,0,N,MELB_URBAN,ROAD,7,16.0
149603,1,4,130,5,1,60.0,0,N,MELB_URBAN,AVENUE,8,11.0
149604,1,5,130,5,1,70.0,0,N,MELB_URBAN,ROAD,8,15.0
149605,1,1,132,2,6,60.0,0,I,MELB_URBAN,ROAD,3,1.0
149606,1,5,99,1,1,80.0,0,I,MELB_URBAN,ROAD,8,16.0
149607,1,5,121,1,1,80.0,0,N,MELB_URBAN,STREET,8,15.0
149608,7,6,99,5,3,60.0,0,N,LARGE_PROVINCIAL_CITIES,ROAD,8,22.0
149609,2,2,100,1,2,80.0,0,I,MELB_URBAN,ROAD,8,17.0
149610,1,5,147,5,1,50.0,0,N,MELB_URBAN,OTHER,8,15.0
149611,1,4,133,5,1,50.0,0,N,UNKNOWN,DRIVE,8,16.0
149612,1,4,110,1,1,50.0,0,I,RURAL_VICTORIA,OTHER,8,15.0
149613,1,4,147,5,1,60.0,0,N,MELB_URBAN,DRIVE,8,15.0
149614,1,4,130,5,2,80.0,0,N,MELB_URBAN,ROAD,8,18.0
149615,1,4,121,4,3,60.0,0,I,MELB_URBAN,STREET,8,19.0
149616,1,5,110,1,1,60.0,0,I,SMALL_CITIES,OTHER,8,16.0
149617,6,4,174,5,1,60.0,0,N,RURAL_VICTORIA,ROAD,8,16.0
149618,2,5,100,2,3,50.0,0,I,MELB_URBAN,STREET,8,18.0
149619,1,5,121,5,2,80.0,0,N,MELB_URBAN,HIGHWAY,8,17.0
149620,1,4,121,1,1,60.0,0,I,MELB_URBAN,STREET,8,13.0
149621,1,5,120,5,5,70.0,0,N,MELB_URBAN,ROAD,8,20.0
149622,1,4,110,1,3,80.0,0,N,MELB_URBAN,HIGHWAY,8,20.0
149623,1,2,99,2,3,40.0,0,N,MELB_URBAN,DRIVE,8,19.0
149624,1,6,113,2,1,50.0,0,N,MELB_URBAN,STREET,8,15.0
149625,1,4,130,5,2,100.0,0,N,MELB_URBAN,FREEWAY,8,16.0
149626,1,4,133,5,3,40.0,0,N,MELB_URBAN,ROAD,8,22.0
149627,1,4,110,1,3,60.0,0,I,MELB_URBAN,ROAD,8,20.0
149628,1,2,130,5,9,60.0,0,N,MELB_URBAN,ROAD,8,11.0
149629,1,6,121,5,3,60.0,0,N,SMALL_CITIES,ROAD,8,0.0
149630,4,6,99,2,3,50.0,0,I,MELB_URBAN,STREET,8,4.0
149631,1,5,121,1,2,40.0,0,I,MELB_URBAN,STREET,8,6.0
149632,8,6,170,5,1,60.0,0,N,SMALL_CITIES,ROAD,2,17.0
149633,1,5,121,1,1,60.0,0,I,MELB_URBAN,ROAD,8,6.0
149634,2,5,100,2,1,60.0,0,I,MELB_URBAN,ROAD,8,9.0
149635,2,6,100,5,2,80.0,0,N,MELB_URBAN,HIGHWAY,8,6.0
149636,1,6,130,5,1,40.0,0,N,MELB_URBAN,ROAD,7,10.0
149637,4,5,171,5,1,60.0,0,N,LARGE_PROVINCIAL_CITIES,STREET,8,8.0
149638,4,5,173,5,1,100.0,0,N,RURAL_VICTORIA,HIGHWAY,8,9.0
149639,2,6,102,1,1,60.0,0,I,MELB_URBAN,ROAD,8,10.0
149640,1,5,99,5,1,40.0,0,N,MELB_URBAN,STREET,8,11.0
149641,1,5,130,1,9,60.0,0,I,MELB_URBAN,ROAD,8,18.0
149642,1,2,132,1,2,60.0,0,I,MELB_URBAN,ROAD,8,6.0
149643,2,5,100,1,3,40.0,0,N,MELB_URBAN,STREET,8,19.0
149644,1,6,120,5,2,70.0,0,N,MELB_URBAN,DRIVE,8,7.0
149645,1,5,113,1,1,100.0,0,I,RURAL_VICTORIA,ROAD,8,10.0
149646,1,3,130,5,2,80.0,0,N,RURAL_VICTORIA,ROAD,8,17.0
149647,1,5,111,2,1,40.0,0,I,MELB_URBAN,STREET,8,12.0
149648,2,5,102,1,1,50.0,0,I,MELB_URBAN,STREET,8,12.0
149649,1,6,160,5,1,60.0,0,N,MELB_URBAN,STREET,8,13.0
149650,1,6,110,1,1,70.0,0,I,MELB_URBAN,ROAD,8,7.0
149651,4,4,181,5,1,100.0,0,N,RURAL_VICTORIA,ROAD,8,12.0
149652,6,6,174,5,1,60.0,0,N,LARGE_PROVINCIAL_CITIES,STREET,8,10.0
149653,6,6,99,5,1,60.0,0,N,RURAL_VICTORIA,ROAD,8,13.0
149654,4,6,171,5,1,100.0,0,N,RURAL_VICTORIA,ROAD,8,15.0
149655,1,4,130,5,9,80.0,0,N,MELB_URBAN,RAMP,8,17.0
149656,1,6,140,5,1,80.0,0,N,RURAL_VICTORIA,ROAD,8,12.0
149657,1,4,121,1,2,60.0,0,I,MELB_URBAN,BOULEVARD,8,17.0
149658,1,6,147,5,1,40.0,0,N,MELB_URBAN,STREET,8,13.0
149659,1,6,130,5,1,80.0,0,N,MELB_URBAN,ROAD,8,12.0
149660,1,6,130,5,1,80.0,0,N,MELB_URBAN,ROAD,8,16.0
149661,1,6,121,2,1,60.0,0,I,MELB_URBAN,ROAD,8,14.0
149662,1,5,140,2,3,60.0,0,N,LARGE_PROVINCIAL_CITIES,RAMP,8,17.0
149663,1,6,99,5,1,60.0,0,N,MELB_URBAN,STREET,8,10.0
149664,8,6,174,5,3,60.0,0,N,MELB_URBAN,ROAD,8,19.0
149665,1,0,130,5,9,60.0,0,N,MELB_URBAN,ROAD,8,12.0
149666,1,6,113,2,3,60.0,0,I,LARGE_PROVINCIAL_CITIES,ROAD,8,20.0
149667,1,6,120,5,5,80.0,0,N,RURAL_VICTORIA,ROAD,8,18.0
149668,1,6,99,5,5,60.0,0,N,LARGE_PROVINCIAL_CITIES,ROAD,8,19.0
149669,1,6,121,5,3,60.0,0,N,MELB_URBAN,ROAD,8,21.0
149670,1,5,120,5,3,60.0,0,N,MELB_URBAN,ROAD,8,21.0
149671,1,5,121,1,9,70.0,0,I,LARGE_PROVINCIAL_CITIES,STREET,8,9.0
149672,1,6,121,1,3,80.0,0,I,MELB_URBAN,ROAD,8,21.0
149673,1,6,99,5,3,70.0,0,N,MELB_URBAN,ROAD,8,21.0
149674,1,6,120,2,5,40.0,1,I,RURAL_VICTORIA,HIGHWAY,8,20.0
149675,4,5,171,5,5,100.0,0,N,RURAL_VICTORIA,HIGHWAY,8,4.0
149676,5,5,99,2,3,70.0,0,I,MELB_URBAN,DRIVE,8,22.0
149677,1,6,99,5,2,60.0,0,N,MELB_URBAN,ROAD,8,6.0
149678,1,6,121,2,1,80.0,0,N,MELB_URBAN,ROAD,8,7.0
149679,1,7,120,1,1,60.0,0,I,MELB_URBAN,ROAD,8,7.0
149680,1,3,121,5,1,60.0,0,N,SMALL_CITIES,ROAD,6,6.0
149681,2,7,100,5,1,50.0,0,N,MELB_URBAN,STREET,8,9.0
149682,1,5,130,5,1,60.0,0,N,LARGE_PROVINCIAL_CITIES,STREET,8,14.0
149683,1,1,163,1,1,40.0,0,N,MELB_URBAN,ROAD,8,14.0
149684,1,6,130,2,1,70.0,0,N,MELB_URBAN,ROAD,8,11.0
149685,4,7,181,5,1,80.0,0,N,RURAL_VICTORIA,ROAD,8,9.0
149686,1,7,121,1,1,80.0,0,I,RURAL_VICTORIA,ROAD,8,11.0
149687,1,6,130,5,9,60.0,0,N,MELB_URBAN,PARADE,8,14.0
149688,1,6,110,1,1,100.0,0,I,RURAL_VICTORIA,ROAD,8,11.0
149689,1,6,116,2,1,80.0,0,I,MELB_URBAN,ROAD,8,9.0
149690,1,5,130,5,1,50.0,0,N,MELB_URBAN,PARADE,8,16.0
149691,1,7,120,5,1,100.0,0,N,RURAL_VICTORIA,ROAD,8,8.0
149692,1,7,99,1,1,60.0,0,N,MELB_URBAN,ROAD,8,8.0
149693,1,5,130,5,2,80.0,0,N,UNKNOWN,RAMP,8,7.0
149694,1,7,121,1,3,70.0,0,I,MELB_URBAN,STREET,8,18.0
149695,1,2,135,5,9,60.0,0,N,MELB_URBAN,OTHER,8,18.0
149696,1,7,121,1,3,60.0,0,I,MELB_URBAN,ROAD,8,18.0
149697,1,6,121,5,3,60.0,0,N,MELB_URBAN,ROAD,8,18.0
149698,1,5,121,2,6,50.0,0,I,MELB_URBAN,OTHER,8,20.0
149699,1,6,130,5,1,60.0,0,N,MELB_URBAN,RAMP,8,12.0
149700,1,6,130,5,3,80.0,0,N,MELB_URBAN,FREEWAY,8,18.0
149701,1,7,121,1,3,80.0,0,I,MELB_URBAN,ROAD,8,19.0
149702,1,7,140,5,1,100.0,0,N,RURAL_VICTORIA,ROAD,8,14.0
149703,5,6,173,5,5,80.0,0,N,SMALL_TOWNS,ROAD,8,18.0
149704,1,7,99,1,3,60.0,0,I,MELBOURNE_CBD,STREET,8,20.0
149705,1,7,121,2,3,100.0,0,I,RURAL_VICTORIA,ROAD,8,19.0
149706,4,7,99,2,3,50.0,0,I,SMALL_CITIES,ROAD,8,19.0
149707,1,6,120,5,5,100.0,0,N,RURAL_VICTORIA,HIGHWAY,8,6.0
149708,1,6,99,2,9,60.0,0,N,MELB_URBAN,OTHER,7,15.0
149709,8,1,170,5,3,60.0,0,N,MELB_URBAN,STREET,8,1.0
149710,1,6,121,1,3,60.0,0,I,MELB_URBAN,STREET,8,22.0
149711,6,1,174,5,3,40.0,0,N,MELB_URBAN,STREET,8,4.0
149712,1,1,99,5,3,50.0,0,I,RURAL_VICTORIA,DRIVE,8,2.0
149713,1,1,130,5,3,50.0,0,N,MELB_URBAN,ROAD,8,3.0
149714,1,1,99,5,3,50.0,0,N,LARGE_PROVINCIAL_CITIES,OTHER,8,4.0
149715,4,7,171,5,1,100.0,0,N,RURAL_VICTORIA,ROAD,8,10.0
149716,1,5,121,2,9,60.0,0,N,MELB_URBAN,STREET,8,12.0
149717,2,1,99,5,1,40.0,0,N,LARGE_PROVINCIAL_CITIES,PARADE,8,12.0
149718,1,0,99,1,1,60.0,0,I,MELB_URBAN,ROAD,8,11.0
149719,1,5,130,1,1,60.0,0,I,MELB_URBAN,ROAD,8,15.0
149720,4,4,173,2,1,50.0,0,I,MELB_URBAN,STREET,8,14.0
149721,1,1,130,5,1,100.0,0,N,RURAL_VICTORIA,HIGHWAY,8,13.0
149722,4,1,173,5,1,100.0,0,N,RURAL_VICTORIA,HIGHWAY,8,13.0
149723,2,5,100,1,3,60.0,0,I,LARGE_PROVINCIAL_CITIES,STREET,8,21.0
149724,1,0,160,5,1,40.0,0,N,MELB_URBAN,DRIVE,8,15.0
149725,1,0,132,2,1,50.0,0,I,SMALL_CITIES,ROAD,8,15.0
149726,1,1,110,1,1,80.0,0,I,RURAL_VICTORIA,DRIVE,8,15.0
149727,2,1,100,5,1,60.0,0,N,MELB_URBAN,HIGHWAY,8,16.0
149728,1,7,130,2,3,50.0,0,N,MELB_URBAN,AVENUE,8,21.0
149729,1,1,99,1,3,60.0,0,I,TOWNS,STREET,8,19.0
149730,1,1,121,5,1,100.0,0,N,RURAL_VICTORIA,ROAD,8,13.0
149731,1,1,140,5,1,100.0,0,N,RURAL_VICTORIA,ROAD,8,16.0
149732,1,1,99,1,2,60.0,0,I,MELB_URBAN,STREET,8,17.0
149733,2,1,102,5,3,40.0,0,N,MELB_URBAN,ROAD,8,18.0
149734,1,1,99,5,3,60.0,0,N,MELB_URBAN,ROAD,8,18.0
149735,4,1,183,5,5,80.0,0,N,RURAL_VICTORIA,ROAD,8,21.0
149736,8,1,99,5,5,80.0,0,N,RURAL_VICTORIA,ROAD,8,18.0
149737,4,0,173,2,3,70.0,0,I,MELB_URBAN,ROAD,8,21.0
149738,1,2,130,1,1,60.0,0,N,MELB_URBAN,ROAD,11,17.0
149739,4,1,99,5,3,80.0,0,N,MELB_URBAN,RAMP,8,5.0
149740,1,1,121,2,3,60.0,0,I,MELB_URBAN,STREET,8,21.0
149741,1,5,99,5,1,60.0,0,N,UNKNOWN,STREET,8,8.0
149742,1,1,121,2,1,50.0,0,I,TOWNS,STREET,8,8.0
149743,4,2,173,5,2,100.0,0,N,RURAL_VICTORIA,ROAD,8,6.0
149744,6,7,174,5,1,60.0,0,N,RURAL_VICTORIA,ROAD,8,10.0
149745,2,3,100,5,3,40.0,0,N,SMALL_CITIES,ROAD,7,5.0
149746,1,2,113,2,1,100.0,1,I,RURAL_VICTORIA,HIGHWAY,8,7.0
149747,1,2,130,2,2,60.0,0,N,MELB_URBAN,ROAD,8,17.0
149748,1,2,99,5,1,80.0,0,N,RURAL_VICTORIA,ROAD,8,6.0
149749,6,7,99,5,1,100.0,0,N,RURAL_VICTORIA,ROAD,8,8.0
149750,1,1,99,1,1,60.0,0,N,LARGE_PROVINCIAL_CITIES,STREET,8,8.0
149751,1,2,99,1,1,70.0,0,I,LARGE_PROVINCIAL_CITIES,UNKNOWN,8,10.0
149752,3,3,167,5,3,80.0,0,N,RURAL_VICTORIA,HIGHWAY,6,3.0
149753,1,1,121,2,1,70.0,0,I,MELB_URBAN,ROAD,8,12.0
149754,1,5,147,5,2,60.0,0,N,SMALL_CITIES,ROAD,8,18.0
149755,2,1,100,1,1,40.0,0,I,MELB_URBAN,STREET,8,15.0
149756,4,2,171,5,1,100.0,0,N,RURAL_VICTORIA,ROAD,8,14.0
149757,1,1,132,2,1,60.0,0,I,TOWNS,STREET,8,16.0
149758,1,2,110,1,5,60.0,0,I,LARGE_PROVINCIAL_CITIES,STREET,8,17.0
149759,1,6,130,5,2,60.0,0,N,RURAL_VICTORIA,ROAD,8,18.0
149760,1,1,130,5,3,100.0,0,N,MELB_URBAN,FREEWAY,8,17.0
149761,1,2,130,5,1,60.0,0,N,MELB_URBAN,ROAD,8,16.0
149762,1,2,113,2,3,60.0,0,I,MELB_URBAN,OTHER,8,18.0
149763,1,1,130,2,9,70.0,0,I,LARGE_PROVINCIAL_CITIES,STREET,6,23.0
149764,1,1,120,5,3,60.0,0,N,MELB_URBAN,ROAD,8,18.0
149765,1,2,99,1,1,60.0,0,I,MELB_URBAN,STREET,8,14.0
149766,1,1,130,5,1,80.0,0,N,MELB_URBAN,HIGHWAY,8,15.0
149767,2,2,102,1,3,60.0,0,I,MELB_URBAN,ROAD,8,18.0
149768,4,2,171,5,3,80.0,0,N,MELB_URBAN,HIGHWAY,8,19.0
149769,1,2,121,2,3,60.0,0,N,MELB_URBAN,ROAD,8,20.0
149770,2,1,102,1,3,40.0,0,I,MELBOURNE_CBD,STREET,8,19.0
149771,6,2,184,5,3,50.0,0,N,MELB_URBAN,DRIVE,8,17.0
149772,2,2,102,1,3,60.0,0,I,MELB_URBAN,ROAD,8,18.0
149773,1,2,121,1,3,60.0,0,I,MELB_URBAN,STREET,8,17.0
149774,1,1,160,5,3,60.0,0,N,LARGE_PROVINCIAL_CITIES,ROAD,8,21.0
149775,1,1,116,2,3,60.0,0,I,SMALL_CITIES,ROAD,8,22.0
149776,2,5,99,5,3,60.0,0,N,MELB_URBAN,STREET,7,22.0
149777,4,1,183,5,2,110.0,0,N,RURAL_VICTORIA,FREEWAY,7,6.0
149778,4,2,171,5,5,100.0,0,N,RURAL_VICTORIA,ROAD,8,3.0
149779,4,3,173,5,3,50.0,0,N,MELB_URBAN,STREET,8,5.0
149780,1,0,135,5,3,80.0,0,N,MELB_URBAN,RAMP,8,20.0
149781,3,3,167,5,1,80.0,0,N,RURAL_VICTORIA,ROAD,8,6.0
149782,5,2,99,5,1,80.0,0,N,RURAL_VICTORIA,ROAD,8,7.0
149783,6,6,99,5,2,60.0,0,N,UNKNOWN,UNKNOWN,8,17.0
149784,1,3,110,1,1,60.0,0,I,SMALL_CITIES,ROAD,8,9.0
149785,1,2,130,5,1,100.0,0,N,RURAL_VICTORIA,FREEWAY,8,7.0
149786,1,3,113,1,1,100.0,0,I,RURAL_VICTORIA,ROAD,8,10.0
149787,2,2,102,5,1,60.0,0,N,MELB_URBAN,ROAD,8,8.0
149788,4,7,99,2,2,50.0,0,I,MELB_URBAN,ROAD,8,17.0
149789,1,2,134,1,1,60.0,0,N,MELB_URBAN,ROAD,8,6.0
149790,1,3,110,1,1,60.0,0,I,MELB_URBAN,OTHER,8,12.0
149791,1,3,130,5,1,40.0,0,N,MELB_URBAN,ROAD,8,12.0
149792,6,2,170,5,1,100.0,0,N,RURAL_VICTORIA,HIGHWAY,8,12.0
149793,1,2,130,1,3,50.0,0,N,MELB_URBAN,UNKNOWN,8,19.0
149794,1,3,160,5,2,60.0,0,N,MELB_URBAN,HIGHWAY,8,6.0
149795,4,6,173,5,2,100.0,0,N,RURAL_VICTORIA,ROAD,7,17.0
149796,4,1,173,5,5,100.0,0,N,RURAL_VICTORIA,ROAD,8,22.0
149797,1,2,130,2,1,80.0,0,I,MELB_URBAN,HIGHWAY,8,8.0
149798,4,1,171,5,2,60.0,0,N,RURAL_VICTORIA,ROAD,7,6.0
149799,1,3,130,5,1,80.0,0,N,MELB_URBAN,ROAD,8,16.0
149800,1,3,160,5,1,40.0,0,N,MELB_URBAN,ROAD,8,10.0
149801,1,5,130,2,9,60.0,0,N,MELB_URBAN,ROAD,10,17.0
149802,1,3,110,1,1,60.0,0,I,LARGE_PROVINCIAL_CITIES,STREET,8,15.0
149803,1,3,110,1,1,80.0,0,I,RURAL_VICTORIA,ROAD,8,15.0
149804,1,2,121,2,1,60.0,0,N,MELB_URBAN,ROAD,8,16.0
149805,1,3,120,5,1,70.0,1,N,MELB_URBAN,STREET,8,12.0
149806,1,2,121,2,1,70.0,0,I,MELB_URBAN,ROAD,8,16.0
149807,1,1,130,1,3,60.0,0,N,MELB_URBAN,HIGHWAY,7,18.0
149808,4,2,183,5,1,100.0,0,N,RURAL_VICTORIA,ROAD,8,15.0
149809,8,3,174,5,2,100.0,0,N,RURAL_VICTORIA,OTHER,8,16.0
149810,1,2,111,1,3,80.0,0,N,RURAL_VICTORIA,ROAD,8,19.0
149811,2,3,100,1,3,40.0,0,N,MELB_URBAN,STREET,8,20.0
149812,1,3,110,1,1,100.0,0,N,RURAL_VICTORIA,ROAD,8,17.0
149813,1,3,111,2,3,80.0,0,I,LARGE_PROVINCIAL_CITIES,HIGHWAY,8,19.0
149814,1,2,99,1,1,60.0,0,I,MELB_URBAN,ROAD,8,16.0
149815,1,5,130,5,2,80.0,0,N,SMALL_CITIES,ROAD,6,7.0
149816,1,4,130,5,3,70.0,0,N,MELB_URBAN,ROAD,8,4.0
149817,1,3,99,5,2,60.0,0,N,MELB_URBAN,STREET,8,6.0
149818,1,3,111,2,1,60.0,0,I,MELB_URBAN,ROAD,8,10.0
149819,1,2,121,1,1,60.0,0,I,MELB_URBAN,ROAD,8,13.0
149820,1,2,140,2,5,100.0,0,I,RURAL_VICTORIA,ROAD,8,18.0
149821,1,2,130,5,1,70.0,0,N,MELB_URBAN,ROAD,7,11.0
149822,1,3,130,1,1,80.0,0,I,MELB_URBAN,ROAD,8,8.0
149823,1,5,121,1,1,60.0,0,I,MELB_URBAN,ROAD,8,13.0
149824,1,5,130,5,3,60.0,0,N,MELB_URBAN,RAMP,8,21.0
149825,4,2,173,5,5,40.0,0,N,MELB_URBAN,ROAD,6,22.0
149826,1,3,113,1,1,50.0,0,I,SMALL_CITIES,STREET,8,9.0
149827,1,5,111,1,1,60.0,0,I,MELB_URBAN,ROAD,5,16.0
149828,6,3,99,5,1,100.0,0,N,RURAL_VICTORIA,ROAD,8,9.0
149829,1,3,130,5,1,80.0,0,N,MELB_URBAN,ROAD,8,9.0
149830,1,3,121,2,1,60.0,0,N,LARGE_PROVINCIAL_CITIES,STREET,8,10.0
149831,1,4,130,2,1,80.0,0,I,RURAL_VICTORIA,ROAD,8,12.0
149832,1,4,110,1,1,60.0,0,I,MELB_URBAN,ROAD,8,10.0
149833,2,5,100,1,3,50.0,0,I,MELB_URBAN,STREET,8,20.0
149834,1,3,134,5,1,40.0,0,N,UNKNOWN,ROAD,8,8.0