,accident_type,day_of_week,dca_code,road_geometry,light_condition,speed_zone,severity,node_type,deg_urban_name,road_type,month,hour
149835,1,4,121,1,1,60.0,0,I,MELB_URBAN,ROAD,8,9.0
149836,4,3,171,5,1,80.0,0,N,MELB_URBAN,ROAD,8,11.0
149837,2,3,100,1,1,60.0,0,I,MELB_URBAN,STREET,8,11.0
149838,4,4,99,5,1,60.0,0,N,MELB_URBAN,ROAD,8,9.0
149839,1,2,111,2,3,60.0,0,N,RURAL_VICTORIA,ROAD,8,20.0
149840,3,3,167,5,5,100.0,0,N,RURAL_VICTORIA,HIGHWAY,8,19.0
149841,1,3,120,5,1,70.0,0,N,RURAL_VICTORIA,ROAD,8,11.0
149842,1,6,121,1,2,60.0,0,I,MELB_URBAN,STREET,8,18.0
149843,6,1,99,5,1,60.0,0,N,RURAL_VICTORIA,ROAD,7,11.0
149844,1,4,110,1,1,100.0,0,I,RURAL_VICTORIA,ROAD,8,7.0
149845,4,4,99,2,1,50.0,0,I,MELB_URBAN,DRIVE,8,15.0
149846,1,4,111,2,1,80.0,0,I,UNKNOWN,ROAD,8,16.0
149847,1,4,121,2,1,80.0,0,I,MELB_URBAN,HIGHWAY,8,12.0
149848,1,4,130,5,1,40.0,0,N,MELB_URBAN,ROAD,8,8.0
149849,1,4,99,2,1,60.0,0,I,MELB_URBAN,DRIVE,8,15.0
149850,4,3,181,5,9,60.0,0,N,LARGE_PROVINCIAL_CITIES,ROAD,7,10.0
149851,1,4,130,1,1,60.0,0,I,MELB_URBAN,ROAD,8,15.0
149852,4,4,171,5,2,60.0,0,N,UNKNOWN,ROAD,8,17.0
149853,1,7,130,2,1,70.0,0,I,MELB_URBAN,ROAD,8,13.0
149854,1,3,110,1,3,70.0,0,I,RURAL_VICTORIA,HIGHWAY,8,18.0
149855,6,1,174,5,1,60.0,0,N,RURAL_VICTORIA,OTHER,8,11.0
149856,1,4,130,2,1,80.0,0,N,SMALL_TOWNS,ROAD,8,11.0
149857,1,3,110,1,1,60.0,0,I,MELB_URBAN,DRIVE,8,8.0
149858,1,3,121,1,3,70.0,0,N,MELB_URBAN,ROAD,8,19.0
149859,1,4,130,1,3,60.0,0,N,MELB_URBAN,ROAD,8,19.0
149860,1,1,130,5,9,60.0,0,N,RURAL_VICTORIA,ROAD,8,19.0
149861,4,4,173,5,5,100.0,0,N,RURAL_VICTORIA,ROAD,8,19.0
149862,1,4,130,1,9,60.0,0,I,MELB_URBAN,HIGHWAY,8,17.0
149863,1,4,116,1,1,50.0,0,I,MELB_URBAN,STREET,8,15.0
149864,1,4,99,5,3,50.0,0,N,UNKNOWN,STREET,8,22.0
149865,1,4,110,1,3,80.0,0,I,MELB_URBAN,ROAD,8,22.0
149866,4,1,171,5,5,110.0,0,N,SMALL_TOWNS,FREEWAY,8,21.0
149867,1,5,130,1,1,70.0,0,N,SMALL_TOWNS,ROAD,8,18.0
149868,4,3,171,5,3,60.0,0,N,MELB_URBAN,DRIVE,8,20.0
149869,2,4,102,1,1,40.0,0,I,MELBOURNE_CBD,OTHER,8,8.0
149870,4,5,173,5,2,70.0,0,N,MELB_URBAN,STREET,1,20.0
149871,1,4,130,5,1,80.0,0,N,MELB_URBAN,UNKNOWN,8,8.0
149872,6,6,184,5,1,80.0,0,N,RURAL_VICTORIA,ROAD,8,16.0
149873,4,1,181,5,1,60.0,0,N,SMALL_TOWNS,ROAD,8,15.0
149874,8,4,99,5,1,50.0,0,N,MELB_URBAN,AVENUE,8,10.0
149875,1,3,160,5,6,50.0,0,N,SMALL_CITIES,STREET,7,19.0
149876,1,4,121,5,1,50.0,0,N,SMALL_CITIES,STREET,8,10.0
149877,1,4,130,5,1,100.0,0,N,MELB_URBAN,FREEWAY,8,8.0
149878,1,4,130,5,3,100.0,0,N,MELB_URBAN,FREEWAY,8,6.0
149879,8,5,174,1,9,40.0,0,N,MELB_URBAN,STREET,7,11.0
149880,4,4,181,5,1,100.0,0,N,RURAL_VICTORIA,HIGHWAY,8,15.0
149881,1,4,130,1,1,60.0,0,I,MELB_URBAN,OTHER,8,9.0
149882,2,4,100,2,1,60.0,0,I,MELB_URBAN,ROAD,8,10.0
149883,1,4,132,1,1,60.0,0,N,MELB_URBAN,ROAD,8,13.0
149884,1,1,130,1,1,70.0,0,N,LARGE_PROVINCIAL_CITIES,HIGHWAY,7,17.0
149885,1,4,130,5,1,60.0,0,N,MELB_URBAN,ROAD,8,12.0
149886,4,4,99,5,1,50.0,0,N,SMALL_TOWNS,STREET,8,17.0
149887,1,6,99,5,1,70.0,0,N,MELB_URBAN,STREET,8,8.0
149888,1,3,130,5,1,100.0,0,N,MELB_URBAN,ROAD,8,17.0
149889,1,5,160,5,1,60.0,0,N,RURAL_VICTORIA,DRIVE,8,8.0
149890,1,5,134,5,1,100.0,0,N,UNKNOWN,FREEWAY,8,13.0
149891,1,5,147,5,1,50.0,0,N,MELB_URBAN,AVENUE,8,13.0
149892,1,5,163,5,1,40.0,0,N,MELB_URBAN,STREET,8,16.0
149893,1,3,140,1,1,50.0,0,I,MELBOURNE_CBD,STREET,8,10.0
149894,4,5,173,5,1,100.0,0,N,RURAL_VICTORIA,ROAD,8,13.0
149895,1,5,130,5,1,100.0,0,N,MELB_URBAN,ROAD,8,13.0
149896,2,3,100,5,1,40.0,0,N,MELB_URBAN,OTHER,8,15.0
149897,4,4,171,5,1,70.0,0,N,MELB_URBAN,ROAD,8,16.0
149898,1,2,140,5,1,60.0,0,N,LARGE_PROVINCIAL_CITIES,STREET,8,10.0
149899,8,4,174,2,1,50.0,0,I,MELB_URBAN,PARADE,8,17.0
149900,1,5,140,5,1,50.0,0,N,MELB_URBAN,DRIVE,8,9.0
149901,1,6,135,1,2,70.0,0,I,MELB_URBAN,HIGHWAY,8,17.0
149902,1,4,130,5,1,100.0,0,N,MELB_URBAN,ROAD,8,8.0
149903,1,5,113,2,1,60.0,0,N,MELB_URBAN,STREET,8,16.0
149904,1,4,110,1,2,60.0,0,I,LARGE_PROVINCIAL_CITIES,ROAD,8,18.0
149905,1,4,121,2,3,80.0,0,I,RURAL_VICTORIA,HIGHWAY,8,18.0
149906,1,4,135,5,3,70.0,0,N,LARGE_PROVINCIAL_CITIES,ROAD,8,19.0
149907,1,5,130,5,1,60.0,0,I,MELB_URBAN,ROAD,8,8.0
149908,1,5,110,1,1,100.0,0,I,RURAL_VICTORIA,HIGHWAY,8,15.0
149909,4,4,99,5,1,50.0,0,N,MELB_URBAN,OTHER,8,17.0
149910,1,4,130,5,1,50.0,0,N,MELB_URBAN,DRIVE,8,16.0
149911,1,5,130,5,3,40.0,0,N,MELB_URBAN,STREET,8,18.0
149912,1,4,130,5,1,80.0,0,N,MELB_URBAN,RAMP,8,15.0
149913,1,4,110,1,3,60.0,0,N,LARGE_PROVINCIAL_CITIES,ROAD,8,21.0
149914,2,4,100,2,2,60.0,0,I,MELB_URBAN,STREET,8,19.0
149915,1,4,99,5,3,50.0,0,N,MELB_URBAN,STREET,8,4.0
149916,2,4,99,5,3,50.0,0,N,LARGE_PROVINCIAL_CITIES,STREET,8,22.0
149917,4,3,183,5,5,100.0,0,N,RURAL_VICTORIA,ROAD,8,22.0
149918,6,5,174,5,1,60.0,0,N,SMALL_CITIES,OTHER,8,14.0
149919,1,6,130,5,3,80.0,0,N,MELB_URBAN,RAMP,8,6.0
149920,1,3,130,1,1,60.0,0,I,MELB_URBAN,ROAD,8,9.0
149921,1,3,110,4,3,60.0,0,I,MELB_URBAN,STREET,8,20.0
149922,1,5,132,5,1,80.0,0,N,RURAL_VICTORIA,ROAD,8,8.0
149923,1,5,113,2,1,60.0,0,I,MELB_URBAN,ROAD,8,8.0
149924,1,1,130,5,1,80.0,0,N,MELB_URBAN,ROAD,8,9.0
149925,1,5,135,5,3,110.0,0,N,RURAL_VICTORIA,FREEWAY,7,20.0
149926,2,6,99,5,1,40.0,0,N,UNKNOWN,ROAD,8,10.0
149927,2,6,100,2,1,40.0,0,N,MELB_URBAN,STREET,8,11.0
149928,1,4,110,1,1,80.0,0,I,RURAL_VICTORIA,ROAD,8,12.0
149929,4,4,183,5,2,80.0,0,N,RURAL_VICTORIA,ROAD,7,17.0
149930,1,5,120,5,3,60.0,0,N,SMALL_TOWNS,ROAD,8,18.0
149931,1,1,99,5,9,60.0,0,N,MELB_URBAN,STREET,7,9.0
149932,2,6,100,1,1,70.0,0,N,MELB_URBAN,ROAD,8,12.0
149933,1,5,130,1,1,60.0,0,I,LARGE_PROVINCIAL_CITIES,STREET,8,17.0
149934,1,6,132,2,1,60.0,0,I,MELB_URBAN,ROAD,8,10.0
149935,1,6,110,4,6,80.0,0,I,MELB_URBAN,AVENUE,8,18.0
149936,1,5,134,5,1,80.0,0,N,MELB_URBAN,RAMP,8,13.0
149937,1,6,132,2,1,100.0,0,I,RURAL_VICTORIA,HIGHWAY,8,14.0
149938,1,4,99,1,3,60.0,0,I,MELB_URBAN,ROAD,8,20.0
149939,1,6,135,5,1,80.0,0,N,RURAL_VICTORIA,FREEWAY,7,7.0
149940,2,3,99,5,1,50.0,0,N,LARGE_PROVINCIAL_CITIES,AVENUE,8,15.0
149941,1,6,130,5,3,60.0,0,N,MELB_URBAN,ROAD,8,18.0
149942,1,6,121,1,3,60.0,0,I,LARGE_PROVINCIAL_CITIES,STREET,7,19.0
149943,2,5,100,2,1,40.0,0,I,LARGE_PROVINCIAL_CITIES,STREET,8,16.0
149944,1,6,110,1,1,100.0,0,I,RURAL_VICTORIA,HIGHWAY,8,15.0
149945,1,6,130,2,1,70.0,0,N,MELB_URBAN,HIGHWAY,8,15.0
149946,1,5,135,5,1,40.0,0,N,MELB_URBAN,STREET,8,15.0
149947,1,5,121,1,1,70.0,0,I,MELB_URBAN,ROAD,8,17.0
149948,1,6,113,1,1,60.0,0,I,MELB_URBAN,ROAD,8,7.0
149949,4,5,171,5,1,80.0,0,N,MELB_URBAN,HIGHWAY,8,13.0
149950,4,5,171,5,1,80.0,0,N,RURAL_VICTORIA,ROAD,8,15.0
149951,1,5,121,1,3,60.0,0,I,MELB_URBAN,STREET,8,18.0
149952,1,5,121,1,3,60.0,0,I,MELB_URBAN,ROAD,8,18.0
149953,1,6,121,2,1,80.0,0,I,MELB_URBAN,DRIVE,8,15.0
149954,1,5,121,5,3,60.0,0,N,MELB_URBAN,BOULEVARD,8,19.0
149955,6,5,99,5,5,100.0,0,N,RURAL_VICTORIA,ROAD,8,3.0
149956,1,5,121,2,1,60.0,0,I,MELB_URBAN,ROAD,8,16.0
149957,4,5,171,5,5,60.0,0,N,MELB_URBAN,ROAD,8,22.0
149958,1,7,116,2,1,50.0,0,I,RURAL_VICTORIA,STREET,7,10.0
149959,1,6,99,5,2,100.0,0,N,RURAL_VICTORIA,HIGHWAY,8,18.0
149960,1,5,130,1,3,60.0,0,N,MELB_URBAN,UNKNOWN,8,22.0
149961,1,5,121,1,3,50.0,0,I,MELB_URBAN,STREET,8,22.0
149962,1,6,121,1,3,70.0,0,I,LARGE_PROVINCIAL_CITIES,ROAD,8,0.0
149963,4,5,99,2,1,70.0,0,I,MELB_URBAN,HIGHWAY,8,17.0
149964,4,5,171,2,3,50.0,0,I,MELB_URBAN,DRIVE,8,22.0
149965,1,6,110,1,3,60.0,0,N,MELB_URBAN,STREET,8,2.0
149966,4,7,171,1,5,100.0,0,I,RURAL_VICTORIA,ROAD,8,2.0
149967,2,7,99,5,3,40.0,0,N,MELB_URBAN,STREET,8,4.0
149968,6,6,170,5,3,100.0,0,N,MELB_URBAN,FREEWAY,8,19.0
149969,1,3,121,5,3,60.0,0,N,MELB_URBAN,ROAD,8,21.0
149970,1,5,113,1,1,40.0,0,I,MELB_URBAN,ROAD,8,8.0
149971,2,7,99,5,1,60.0,0,N,MELB_URBAN,PARADE,8,7.0
149972,2,5,100,1,1,60.0,0,N,MELB_URBAN,ROAD,4,17.0
149973,4,6,171,2,2,60.0,0,I,MELB_URBAN,ROAD,8,6.0
149974,6,3,174,5,1,60.0,0,N,MELB_URBAN,STREET,8,15.0
149975,1,6,110,1,1,60.0,0,I,MELB_URBAN,AVENUE,8,11.0
149976,4,7,173,5,1,80.0,0,N,RURAL_VICTORIA,ROAD,8,9.0
149977,1,2,130,5,2,100.0,0,N,RURAL_VICTORIA,FREEWAY,8,6.0
149978,4,2,181,5,2,60.0,0,N,RURAL_VICTORIA,DRIVE,8,17.0
149979,1,7,132,5,1,60.0,0,N,RURAL_VICTORIA,ROAD,8,12.0
149980,1,2,130,5,1,60.0,0,N,MELB_URBAN,ROAD,8,11.0
149981,1,2,130,5,1,60.0,0,N,MELB_URBAN,ROAD,8,14.0
149982,4,6,171,5,1,60.0,0,N,MELB_URBAN,HIGHWAY,8,12.0
149983,1,7,147,5,1,70.0,0,N,UNKNOWN,ROAD,8,13.0
149984,1,6,130,3,1,100.0,0,I,RURAL_VICTORIA,HIGHWAY,8,11.0
149985,1,7,147,5,1,50.0,0,N,MELB_URBAN,STREET,8,14.0
149986,1,6,130,2,1,50.0,0,N,TOWNS,STREET,8,12.0
149987,6,7,174,5,1,100.0,0,N,RURAL_VICTORIA,ROAD,8,13.0
149988,1,7,147,5,1,50.0,0,N,MELB_URBAN,ROAD,8,15.0
149989,4,7,181,5,5,100.0,0,N,RURAL_VICTORIA,HIGHWAY,8,5.0
149990,1,7,147,5,1,60.0,0,N,SMALL_CITIES,STREET,8,15.0
149991,1,5,130,5,9,60.0,0,N,MELB_URBAN,ROAD,8,18.0
149992,2,7,102,1,3,60.0,0,I,SMALL_CITIES,STREET,8,18.0
149993,1,6,111,2,9,60.0,0,I,MELB_URBAN,ROAD,3,11.0
149994,4,7,171,5,1,100.0,1,N,RURAL_VICTORIA,ROAD,8,16.0
149995,1,5,130,5,1,80.0,0,N,MELB_URBAN,FREEWAY,8,17.0
149996,1,2,130,2,1,60.0,0,I,LARGE_PROVINCIAL_CITIES,ROAD,7,8.0
149997,1,6,121,1,3,50.0,0,I,MELB_URBAN,STREET,8,21.0
149998,6,7,99,1,3,50.0,0,I,LARGE_PROVINCIAL_CITIES,ROAD,8,21.0
149999,8,7,174,5,3,50.0,0,N,MELB_URBAN,STREET,8,23.0
150000,1,7,113,1,1,80.0,1,I,MELB_URBAN,ROAD,8,17.0
150001,4,1,181,5,5,80.0,0,N,RURAL_VICTORIA,ROAD,8,0.0
150002,4,1,181,5,4,100.0,0,N,MELB_URBAN,RAMP,8,0.0
150003,4,1,181,5,5,100.0,0,N,RURAL_VICTORIA,HIGHWAY,8,1.0
150004,1,7,130,1,3,70.0,0,I,MELB_URBAN,ROAD,8,21.0
150005,1,1,160,5,3,50.0,0,N,MELB_URBAN,STREET,8,3.0
150006,1,1,130,1,3,70.0,0,I,RURAL_VICTORIA,ROAD,8,1.0
150007,2,1,100,2,3,70.0,0,I,MELB_URBAN,ROAD,8,3.0
150008,4,1,181,5,5,50.0,0,N,RURAL_VICTORIA,ROAD,8,2.0
150009,1,6,147,5,2,50.0,0,N,SMALL_CITIES,ROAD,8,17.0
150010,1,7,113,2,3,60.0,0,I,MELB_URBAN,ROAD,4,20.0
150011,1,1,130,5,1,110.0,0,N,RURAL_VICTORIA,FREEWAY,8,9.0
150012,4,7,173,5,1,100.0,0,N,RURAL_VICTORIA,ROAD,8,13.0
150013,1,1,132,5,1,100.0,0,N,RURAL_VICTORIA,ROAD,8,11.0
150014,1,0,99,2,1,60.0,0,I,MELB_URBAN,ROAD,8,13.0
150015,8,4,174,2,2,50.0,0,N,MELB_URBAN,ROAD,8,18.0
150016,1,1,99,5,1,60.0,0,N,MELB_URBAN,BOULEVARD,8,13.0
150017,1,0,130,5,1,100.0,0,N,RURAL_VICTORIA,HIGHWAY,8,12.0
150018,1,1,113,3,1,80.0,0,N,RURAL_VICTORIA,ROAD,8,9.0
150019,6,1,99,5,1,80.0,0,N,SMALL_TOWNS,OTHER,8,11.0
150020,4,1,181,5,1,100.0,0,N,RURAL_VICTORIA,ROAD,8,13.0
150021,2,1,99,1,1,60.0,0,N,MELB_URBAN,ROAD,8,12.0
150022,4,1,173,5,1,100.0,0,N,RURAL_VICTORIA,ROAD,8,12.0
150023,1,0,110,1,1,50.0,0,I,MELB_URBAN,ROAD,8,15.0
150024,1,1,140,2,1,100.0,0,I,RURAL_VICTORIA,HIGHWAY,8,15.0
150025,4,1,171,5,1,110.0,0,N,RURAL_VICTORIA,FREEWAY,8,14.0
150026,1,0,110,1,1,60.0,0,I,RURAL_VICTORIA,ROAD,8,14.0
150027,1,0,121,1,2,60.0,0,I,MELB_URBAN,RAMP,8,16.0
150028,4,1,183,2,1,50.0,0,I,MELB_URBAN,STREET,8,16.0
150029,1,6,99,2,1,100.0,0,N,RURAL_VICTORIA,ROAD,8,15.0
150030,2,0,102,5,2,60.0,0,N,MELB_URBAN,ROAD,8,17.0
150031,2,1,102,5,1,50.0,0,N,RURAL_VICTORIA,OTHER,8,16.0
150032,6,0,99,5,1,60.0,0,N,MELB_URBAN,DRIVE,8,16.0
150033,1,6,130,5,3,80.0,0,N,MELB_URBAN,HIGHWAY,8,22.0
150034,1,0,132,5,9,60.0,0,N,RURAL_VICTORIA,ROAD,8,11.0
150035,1,0,173,1,3,40.0,0,I,MELB_URBAN,STREET,8,19.0
150036,1,7,130,5,1,60.0,0,N,MELB_URBAN,ROAD,8,17.0
150037,1,1,113,2,2,60.0,0,I,MELB_URBAN,ROAD,8,17.0
150038,4,0,181,2,3,60.0,0,N,MELB_URBAN,ROAD,8,20.0
150039,1,1,121,2,3,60.0,0,I,MELB_URBAN,ROAD,8,19.0
150040,1,1,134,5,3,50.0,0,N,MELB_URBAN,STREET,8,20.0
150041,1,1,121,2,3,90.0,0,N,MELB_URBAN,ROAD,8,21.0
150042,1,2,113,2,3,80.0,0,I,MELB_URBAN,ROAD,8,0.0
150043,1,0,113,2,6,60.0,0,I,RURAL_VICTORIA,UNKNOWN,8,22.0
150044,1,0,110,1,1,80.0,0,I,RURAL_VICTORIA,ROAD,8,12.0
150045,6,7,174,5,3,60.0,0,N,MELB_URBAN,ROAD,8,18.0
150046,1,6,130,5,1,100.0,0,N,MELB_URBAN,FREEWAY,8,8.0
150047,1,1,130,5,1,40.0,0,N,MELB_URBAN,STREET,8,8.0
150048,1,4,130,5,1,60.0,0,N,MELB_URBAN,ROAD,8,16.0
150049,2,2,100,5,1,40.0,0,N,MELB_URBAN,ROAD,8,9.0
150050,1,0,140,5,1,60.0,0,N,LARGE_PROVINCIAL_CITIES,STREET,8,17.0
150051,1,5,130,5,1,40.0,0,N,MELB_URBAN,ROAD,8,14.0
150052,1,2,130,1,1,60.0,0,I,SMALL_CITIES,ROAD,8,10.0
150053,4,1,181,5,1,100.0,0,N,RURAL_VICTORIA,ROAD,8,10.0
150054,6,2,174,5,1,40.0,0,N,MELB_URBAN,STREET,8,11.0
150055,1,2,99,5,1,100.0,0,N,MELB_URBAN,FREEWAY,8,9.0
150056,1,2,120,2,1,60.0,0,N,MELB_URBAN,ROAD,8,9.0
150057,1,4,120,2,1,50.0,0,I,MELB_URBAN,OTHER,8,13.0
150058,1,2,116,1,1,50.0,0,I,MELB_URBAN,AVENUE,11,18.0
150059,7,6,99,5,1,100.0,0,N,RURAL_VICTORIA,OTHER,5,13.0
150060,1,2,130,5,5,100.0,0,N,RURAL_VICTORIA,FREEWAY,8,2.0
150061,1,2,120,5,1,60.0,0,N,MELB_URBAN,ROAD,8,11.0
150062,3,7,167,5,1,60.0,0,N,RURAL_VICTORIA,ROAD,8,15.0
150063,1,2,140,5,1,60.0,0,N,MELB_URBAN,ROAD,8,12.0
150064,1,5,113,2,3,80.0,0,I,MELB_URBAN,ROAD,8,22.0
150065,1,1,134,2,1,80.0,0,I,MELB_URBAN,FREEWAY,8,13.0
150066,1,2,130,1,1,50.0,0,N,RURAL_VICTORIA,BOULEVARD,8,8.0
150067,1,2,140,5,1,100.0,0,N,UNKNOWN,OTHER,8,15.0
150068,1,1,130,5,1,80.0,0,N,MELB_URBAN,UNKNOWN,7,8.0
150069,1,1,121,1,1,70.0,0,I,MELB_URBAN,ROAD,8,14.0
150070,1,6,130,1,1,60.0,0,I,MELB_URBAN,RAMP,7,14.0
150071,1,1,130,5,1,60.0,0,N,RURAL_VICTORIA,FREEWAY,8,14.0
150072,1,2,147,5,1,50.0,0,N,MELB_URBAN,AVENUE,8,16.0
150073,1,6,111,1,1,60.0,0,I,MELB_URBAN,ROAD,10,16.0
150074,4,2,171,5,1,100.0,0,N,RURAL_VICTORIA,HIGHWAY,8,14.0
150075,6,2,174,1,1,40.0,0,N,MELBOURNE_CBD,STREET,8,16.0
150076,1,2,140,2,1,80.0,0,I,RURAL_VICTORIA,HIGHWAY,8,15.0
150077,1,2,99,1,2,40.0,0,I,MELB_URBAN,ROAD,8,16.0
150078,1,1,130,5,1,60.0,0,N,MELB_URBAN,ROAD,8,15.0
150079,1,1,130,5,1,80.0,0,N,MELB_URBAN,FREEWAY,8,15.0
150080,1,6,140,5,1,70.0,0,N,MELB_URBAN,ROAD,8,14.0
150081,4,2,181,5,5,100.0,0,N,RURAL_VICTORIA,FREEWAY,8,18.0
150082,1,3,130,2,9,60.0,0,N,MELB_URBAN,OTHER,8,15.0
150083,2,2,99,5,1,50.0,0,N,SMALL_CITIES,STREET,8,16.0
150084,6,2,174,5,3,40.0,0,N,MELB_URBAN,STREET,8,18.0
150085,1,2,116,2,1,80.0,0,I,SMALL_CITIES,ROAD,8,14.0
150086,1,2,160,5,3,60.0,0,N,MELB_URBAN,ROAD,8,1.0
150087,4,2,181,5,3,60.0,0,N,MELB_URBAN,ROAD,8,23.0
150088,4,2,171,5,5,100.0,0,N,RURAL_VICTORIA,HIGHWAY,8,3.0
150089,1,7,135,5,1,60.0,0,N,MELB_URBAN,STREET,7,12.0
150090,1,2,110,1,1,80.0,0,I,MELB_URBAN,OTHER,8,8.0
150091,1,2,130,5,2,80.0,0,N,MELB_URBAN,FREEWAY,8,17.0
150092,2,3,99,5,1,40.0,0,N,MELB_URBAN,ROAD,8,8.0
150093,1,2,121,1,1,70.0,0,I,MELB_URBAN,ROAD,7,8.0
150094,3,3,167,2,9,60.0,0,I,RURAL_VICTORIA,ROAD,8,10.0
150095,4,3,171,5,1,80.0,0,N,RURAL_VICTORIA,ROAD,8,7.0
150096,6,2,99,5,5,100.0,0,N,RURAL_VICTORIA,ROAD,8,18.0
150097,1,1,130,5,1,60.0,0,N,MELB_URBAN,FREEWAY,8,14.0
150098,2,3,99,5,1,40.0,0,N,SMALL_TOWNS,ROAD,8,10.0
150099,4,3,173,5,1,70.0,0,N,MELB_URBAN,HIGHWAY,8,9.0
150100,1,0,110,1,1,60.0,0,I,LARGE_PROVINCIAL_CITIES,STREET,8,15.0
150101,1,2,121,2,3,60.0,0,I,MELB_URBAN,ROAD,8,18.0
150102,5,2,99,5,1,80.0,0,N,RURAL_VICTORIA,ROAD,8,13.0
150103,1,2,130,5,1,80.0,0,N,RURAL_VICTORIA,HIGHWAY,8,15.0
150104,1,4,130,1,6,80.0,0,I,TOWNS,RAMP,8,18.0
150105,4,3,173,5,1,50.0,0,N,MELB_URBAN,ROAD,8,12.0
150106,1,3,121,5,1,40.0,0,N,MELBOURNE_CBD,STREET,8,8.0
150107,1,3,121,2,2,60.0,0,I,MELB_URBAN,ROAD,8,18.0
150108,1,3,120,5,1,60.0,0,N,MELB_URBAN,ROAD,8,14.0
150109,2,3,99,5,1,60.0,0,N,MELB_URBAN,STREET,8,15.0
150110,1,2,130,1,1,60.0,0,I,MELB_URBAN,STREET,8,15.0
150111,2,2,102,5,1,70.0,0,N,UNKNOWN,ROAD,8,15.0
150112,6,2,99,5,9,60.0,0,N,MELB_URBAN,STREET,8,18.0
150113,1,2,135,5,1,100.0,0,N,MELB_URBAN,FREEWAY,8,14.0
150114,1,3,121,2,1,80.0,0,I,MELB_URBAN,HIGHWAY,8,15.0
150115,1,2,110,1,1,60.0,0,I,MELB_URBAN,STREET,8,15.0
150116,1,2,130,5,1,80.0,0,N,MELB_URBAN,HIGHWAY,8,15.0
150117,6,3,170,5,1,60.0,0,N,RURAL_VICTORIA,ROAD,8,13.0
150118,1,2,130,5,1,60.0,0,N,MELB_URBAN,STREET,8,15.0
150119,1,6,130,5,1,60.0,0,N,MELB_URBAN,ROAD,8,11.0
150120,4,3,183,5,1,60.0,0,N,MELB_URBAN,BOULEVARD,8,14.0
150121,1,3,130,5,2,100.0,0,N,MELB_URBAN,FREEWAY,8,18.0
150122,1,3,121,1,9,60.0,0,I,MELB_URBAN,ROAD,8,18.0
150123,2,2,100,5,3,40.0,0,N,MELB_URBAN,HIGHWAY,8,18.0
150124,2,2,100,1,1,60.0,0,I,MELB_URBAN,ROAD,8,16.0
150125,1,4,130,2,1,60.0,0,I,MELB_URBAN,ROAD,6,10.0
150126,1,1,163,5,1,40.0,0,N,MELB_URBAN,STREET,8,8.0
150127,1,3,113,2,1,50.0,0,N,MELB_URBAN,AVENUE,8,7.0
150128,1,2,110,1,1,50.0,0,N,MELB_URBAN,STREET,8,15.0
150129,1,3,134,2,1,80.0,0,I,MELB_URBAN,HIGHWAY,8,15.0
150130,1,3,130,5,1,60.0,1,N,RURAL_VICTORIA,ROAD,8,15.0
150131,1,3,120,2,5,100.0,1,I,RURAL_VICTORIA,HIGHWAY,8,18.0
150132,1,2,121,1,3,60.0,0,I,MELB_URBAN,ROAD,8,22.0
150133,4,4,173,5,5,100.0,0,N,RURAL_VICTORIA,HIGHWAY,8,4.0
150134,1,3,120,5,2,60.0,0,N,MELB_URBAN,ROAD,8,17.0
150135,1,4,113,4,1,60.0,0,I,MELB_URBAN,ROAD,8,7.0
150136,1,4,121,2,1,60.0,0,I,MELB_URBAN,ROAD,8,6.0
150137,1,3,116,2,2,80.0,0,N,MELB_URBAN,ROAD,8,7.0
150138,1,2,133,2,2,80.0,0,I,MELB_URBAN,HIGHWAY,7,18.0
150139,1,3,160,2,1,50.0,0,N,LARGE_PROVINCIAL_CITIES,ROAD,8,6.0
150140,1,4,116,1,1,60.0,0,I,MELB_URBAN,STREET,8,7.0
150141,1,3,140,2,1,40.0,0,I,MELB_URBAN,ROAD,8,10.0
150142,6,4,174,5,1,70.0,0,I,LARGE_PROVINCIAL_CITIES,ROAD,8,6.0
150143,1,4,99,1,6,60.0,0,N,MELB_URBAN,ROAD,8,5.0
150144,4,2,173,5,1,100.0,0,N,RURAL_VICTORIA,FREEWAY,8,17.0
150145,1,4,130,5,1,60.0,0,N,MELB_URBAN,STREET,8,10.0
150146,1,4,121,2,1,80.0,0,I,MELB_URBAN,HIGHWAY,8,10.0
150147,1,3,110,1,1,60.0,0,I,MELB_URBAN,HIGHWAY,8,10.0
150148,1,4,99,1,1,60.0,0,I,LARGE_PROVINCIAL_CITIES,STREET,8,7.0
150149,1,4,130,5,9,60.0,0,N,MELB_URBAN,ROAD,8,8.0
150150,1,3,121,5,1,60.0,0,N,LARGE_PROVINCIAL_CITIES,STREET,8,11.0
150151,2,3,99,2,2,60.0,0,N,MELB_URBAN,STREET,8,18.0
150152,1,3,121,1,1,60.0,0,I,RURAL_VICTORIA,STREET,8,11.0
150153,1,4,130,5,1,60.0,0,N,LARGE_PROVINCIAL_CITIES,STREET,8,13.0
150154,6,5,99,5,1,60.0,0,N,RURAL_VICTORIA,ROAD,8,10.0
150155,1,3,130,1,1,60.0,0,I,RURAL_VICTORIA,HIGHWAY,8,9.0
150156,1,4,130,5,2,80.0,0,N,MELB_URBAN,ROAD,8,18.0
150157,1,3,130,5,1,60.0,0,I,LARGE_PROVINCIAL_CITIES,STREET,8,13.0