,accident_type,day_of_week,dca_code,road_geometry,light_condition,speed_zone,severity,node_type,deg_urban_name,road_type,month,hour
150158,1,4,130,5,1,80.0,0,N,MELB_URBAN,RAMP,8,10.0
150159,1,4,121,1,1,80.0,0,N,MELB_URBAN,HIGHWAY,8,12.0
150160,1,4,120,5,1,80.0,0,N,RURAL_VICTORIA,ROAD,8,10.0
150161,2,3,100,2,1,40.0,0,I,MELB_URBAN,STREET,8,14.0
150162,2,4,100,2,1,50.0,0,I,SMALL_CITIES,STREET,8,15.0
150163,1,4,113,2,1,60.0,0,I,MELB_URBAN,ROAD,8,15.0
150164,4,4,181,5,1,100.0,0,N,RURAL_VICTORIA,ROAD,8,13.0
150165,1,4,132,1,9,50.0,0,I,MELB_URBAN,STREET,8,8.0
150166,5,4,99,5,6,80.0,0,N,MELB_URBAN,DRIVE,6,21.0
150167,1,5,130,1,1,60.0,0,I,MELB_URBAN,OTHER,8,16.0
150168,1,4,132,2,1,40.0,0,I,LARGE_PROVINCIAL_CITIES,ROAD,8,17.0
150169,1,3,130,5,1,80.0,0,I,RURAL_VICTORIA,ROAD,8,15.0
150170,1,3,130,5,1,60.0,0,N,MELB_URBAN,ROAD,8,17.0
150171,2,3,100,2,1,60.0,0,I,MELB_URBAN,ROAD,8,16.0
150172,1,6,121,2,1,70.0,0,I,MELB_URBAN,ROAD,8,12.0
150173,1,1,160,5,3,50.0,0,N,MELB_URBAN,OTHER,5,21.0
150174,1,5,130,5,1,100.0,0,N,MELB_URBAN,HIGHWAY,8,11.0
150175,2,4,100,2,1,60.0,1,N,MELB_URBAN,DRIVE,8,16.0
150176,1,4,130,5,1,70.0,0,N,LARGE_PROVINCIAL_CITIES,ROAD,8,5.0
150177,5,4,99,5,5,100.0,0,N,RURAL_VICTORIA,ROAD,8,17.0
150178,1,4,130,2,3,60.0,0,N,MELB_URBAN,ROAD,8,20.0
150179,3,6,167,2,3,80.0,0,N,MELB_URBAN,ROAD,8,18.0
150180,1,4,130,5,1,60.0,0,N,MELB_URBAN,ROAD,8,15.0
150181,4,2,171,1,1,50.0,0,N,MELB_URBAN,DRIVE,8,16.0
150182,1,3,130,5,1,60.0,0,N,MELB_URBAN,STREET,8,6.0
150183,4,5,183,2,3,60.0,0,N,MELB_URBAN,STREET,9,2.0
150184,4,4,181,5,3,60.0,0,N,MELB_URBAN,AVENUE,9,2.0
150185,1,5,173,5,3,50.0,0,N,MELB_URBAN,ROAD,9,4.0
150186,8,2,170,5,2,100.0,0,N,RURAL_VICTORIA,HIGHWAY,8,18.0
150187,1,7,134,5,9,60.0,0,N,MELB_URBAN,STREET,2,11.0
150188,6,7,174,5,1,50.0,0,N,MELB_URBAN,ROAD,8,16.0
150189,1,5,110,1,1,50.0,0,I,TOWNS,STREET,9,7.0
150190,6,5,184,4,1,60.0,0,N,RURAL_VICTORIA,UNKNOWN,9,7.0
150191,1,5,120,5,5,70.0,0,N,SMALL_TOWNS,ROAD,9,5.0
150192,1,4,121,1,1,60.0,0,I,MELB_URBAN,STREET,8,7.0
150193,1,1,132,1,9,60.0,0,I,MELB_URBAN,ROAD,8,21.0
150194,4,4,99,5,1,50.0,0,N,LARGE_PROVINCIAL_CITIES,STREET,9,9.0
150195,2,2,102,2,2,50.0,0,I,UNKNOWN,BOULEVARD,8,16.0
150196,6,4,99,5,1,60.0,0,N,RURAL_VICTORIA,ROAD,8,13.0
150197,1,6,113,2,1,60.0,0,I,MELB_URBAN,DRIVE,8,13.0
150198,1,3,130,1,1,60.0,0,I,RURAL_VICTORIA,ROAD,8,14.0
150199,1,2,113,1,9,60.0,0,I,MELB_URBAN,ROAD,8,16.0
150200,2,5,100,1,6,50.0,0,I,RURAL_VICTORIA,ROAD,9,5.0
150201,1,6,147,5,1,40.0,0,N,MELB_URBAN,HIGHWAY,8,14.0
150202,2,5,102,5,1,50.0,0,N,TOWNS,STREET,9,12.0
150203,1,2,130,1,1,50.0,0,I,LARGE_PROVINCIAL_CITIES,OTHER,1,17.0
150204,1,5,130,2,9,60.0,0,I,MELB_URBAN,ROAD,8,19.0
150205,1,3,130,5,3,80.0,0,N,RURAL_VICTORIA,HIGHWAY,8,21.0
150206,1,5,121,5,1,80.0,0,N,MELB_URBAN,ROAD,9,13.0
150207,1,4,110,1,1,80.0,0,I,RURAL_VICTORIA,ROAD,9,15.0
150208,1,5,116,2,1,70.0,0,I,MELB_URBAN,ROAD,9,10.0
150209,1,5,116,1,1,60.0,0,I,MELB_URBAN,ROAD,9,16.0
150210,1,5,132,2,1,70.0,0,I,MELB_URBAN,ROAD,9,13.0
150211,4,5,183,5,1,80.0,0,N,RURAL_VICTORIA,ROAD,9,16.0
150212,1,5,113,2,1,60.0,0,I,MELB_URBAN,ROAD,9,17.0
150213,2,4,99,5,1,50.0,0,N,LARGE_PROVINCIAL_CITIES,AVENUE,9,15.0
150214,1,4,130,5,9,80.0,0,N,MELB_URBAN,ROAD,8,7.0
150215,1,3,130,5,1,60.0,0,N,MELB_URBAN,ROAD,2,17.0
150216,2,4,102,5,1,80.0,0,N,MELB_URBAN,ROAD,9,16.0
150217,1,5,160,5,3,60.0,0,N,MELB_URBAN,ROAD,9,19.0
150218,1,5,132,1,3,80.0,1,I,RURAL_VICTORIA,HIGHWAY,9,18.0
150219,1,5,160,5,3,50.0,0,N,TOWNS,ROAD,9,22.0
150220,2,6,99,4,3,60.0,0,N,RURAL_VICTORIA,ROAD,9,2.0
150221,1,5,121,2,3,60.0,0,N,MELB_URBAN,ROAD,9,1.0
150222,8,5,174,2,3,60.0,0,N,MELB_URBAN,STREET,9,2.0
150223,1,5,163,5,2,40.0,0,N,UNKNOWN,ROAD,9,6.0
150224,4,7,99,2,3,60.0,0,I,LARGE_PROVINCIAL_CITIES,ROAD,6,19.0
150225,1,5,130,5,1,60.0,0,N,LARGE_PROVINCIAL_CITIES,ROAD,9,15.0
150226,1,5,99,5,2,60.0,0,N,MELB_URBAN,STREET,8,17.0
150227,1,6,99,1,1,80.0,0,N,MELB_URBAN,HIGHWAY,9,7.0
150228,1,6,113,3,1,100.0,0,N,RURAL_VICTORIA,ROAD,9,8.0
150229,3,5,167,5,1,100.0,0,N,RURAL_VICTORIA,ROAD,8,8.0
150230,1,1,99,5,2,40.0,0,N,MELB_URBAN,OTHER,8,18.0
150231,7,3,99,5,1,50.0,0,N,MELB_URBAN,PARADE,8,12.0
150232,1,2,130,2,9,80.0,0,I,RURAL_VICTORIA,HIGHWAY,10,12.0
150233,2,4,99,5,1,60.0,0,I,MELB_URBAN,RAMP,9,14.0
150234,1,6,113,2,1,60.0,0,I,MELB_URBAN,STREET,9,11.0
150235,1,6,130,5,1,100.0,0,N,MELB_URBAN,FREEWAY,9,9.0
150236,1,6,99,1,1,40.0,0,I,MELB_URBAN,STREET,9,10.0
150237,1,5,130,2,1,60.0,0,I,MELB_URBAN,ROAD,9,12.0
150238,1,6,99,5,1,50.0,0,I,MELB_URBAN,STREET,9,10.0
150239,1,6,99,1,1,60.0,0,I,MELB_URBAN,ROAD,9,8.0
150240,1,5,110,1,1,50.0,0,I,MELB_URBAN,STREET,9,8.0
150241,2,5,100,5,1,60.0,0,N,MELB_URBAN,ROAD,9,10.0
150242,2,5,102,2,1,60.0,0,N,MELB_URBAN,ROAD,9,12.0
150243,4,5,171,5,1,60.0,0,N,MELB_URBAN,DRIVE,9,9.0
150244,1,6,121,2,1,70.0,0,I,MELB_URBAN,ROAD,9,9.0
150245,1,5,133,5,2,60.0,0,N,LARGE_PROVINCIAL_CITIES,STREET,9,6.0
150246,2,5,102,2,1,60.0,0,I,MELB_URBAN,ROAD,9,9.0
150247,1,4,116,2,1,70.0,0,N,MELB_URBAN,OTHER,8,6.0
150248,1,5,120,5,1,80.0,0,N,RURAL_VICTORIA,ROAD,9,9.0
150249,1,5,121,2,1,80.0,0,I,MELB_URBAN,HIGHWAY,9,13.0
150250,1,6,132,1,1,50.0,0,N,RURAL_VICTORIA,HIGHWAY,9,13.0
150251,1,5,134,5,1,100.0,0,N,MELB_URBAN,ROAD,9,15.0
150252,1,6,99,5,1,60.0,0,N,MELB_URBAN,STREET,9,16.0
150253,1,3,133,5,1,100.0,0,N,MELB_URBAN,ROAD,8,14.0
150254,1,2,135,5,9,100.0,0,N,MELB_URBAN,ROAD,8,15.0
150255,1,6,121,1,1,60.0,0,I,MELB_URBAN,PARADE,9,16.0
150256,2,5,100,1,1,60.0,0,I,MELB_URBAN,ROAD,9,16.0
150257,1,5,130,5,1,80.0,0,N,MELB_URBAN,ROAD,8,8.0
150258,2,5,99,5,3,60.0,0,N,LARGE_PROVINCIAL_CITIES,ROAD,9,19.0
150259,1,5,121,1,3,60.0,0,N,UNKNOWN,AVENUE,9,19.0
150260,2,5,102,2,3,60.0,1,I,MELB_URBAN,OTHER,9,19.0
150261,1,6,111,1,1,80.0,0,I,MELB_URBAN,HIGHWAY,9,15.0
150262,1,6,120,5,1,100.0,1,N,RURAL_VICTORIA,ROAD,9,16.0
150263,1,5,130,5,1,100.0,0,N,MELB_URBAN,FREEWAY,9,17.0
150264,1,6,121,2,3,50.0,1,N,RURAL_VICTORIA,BOULEVARD,9,18.0
150265,4,6,171,5,5,60.0,0,N,RURAL_VICTORIA,ROAD,9,22.0
150266,1,3,99,5,1,60.0,0,N,MELB_URBAN,OTHER,8,16.0
150267,2,6,102,2,3,40.0,0,I,MELBOURNE_CBD,OTHER,9,0.0
150268,2,5,102,5,1,40.0,0,N,MELB_URBAN,STREET,9,17.0
150269,1,6,110,1,3,80.0,0,I,MELB_URBAN,HIGHWAY,9,2.0
150270,1,7,111,2,3,50.0,0,N,MELB_URBAN,STREET,9,2.0
150271,6,7,99,5,3,60.0,0,N,MELB_URBAN,BOULEVARD,9,3.0
150272,1,6,110,1,3,60.0,0,I,MELB_URBAN,ROAD,9,2.0
150273,1,3,147,5,1,50.0,0,N,MELB_URBAN,STREET,8,8.0
150274,1,3,111,2,1,80.0,0,I,MELB_URBAN,ROAD,7,11.0
150275,4,1,99,1,5,80.0,0,I,RURAL_VICTORIA,ROAD,6,23.0
150276,1,5,147,5,1,60.0,0,N,TOWNS,STREET,9,15.0
150277,2,6,100,1,1,60.0,0,I,MELB_URBAN,ROAD,9,9.0
150278,1,7,181,5,1,100.0,0,N,RURAL_VICTORIA,ROAD,9,9.0
150279,1,7,121,2,1,80.0,0,I,RURAL_VICTORIA,ROAD,9,10.0
150280,1,6,120,5,1,100.0,0,N,UNKNOWN,ROAD,9,7.0
150281,1,7,130,5,1,60.0,0,N,LARGE_PROVINCIAL_CITIES,STREET,9,11.0
150282,1,7,140,5,1,60.0,0,N,SMALL_CITIES,AVENUE,9,9.0
150283,6,7,174,5,1,60.0,0,N,MELB_URBAN,ROAD,9,9.0
150284,1,6,110,1,1,60.0,0,I,MELB_URBAN,PARADE,9,11.0
150285,1,6,130,5,1,70.0,0,N,MELB_URBAN,ROAD,9,10.0
150286,1,7,99,2,1,60.0,0,I,MELB_URBAN,ROAD,9,12.0
150287,1,6,99,1,2,50.0,0,I,MELB_URBAN,STREET,9,17.0
150288,1,7,113,1,1,60.0,0,I,MELB_URBAN,ROAD,9,12.0
150289,2,7,100,5,1,60.0,0,I,MELB_URBAN,ROAD,9,11.0
150290,1,6,130,5,1,100.0,0,N,RURAL_VICTORIA,ROAD,9,11.0
150291,6,7,174,1,1,80.0,0,I,MELB_URBAN,ROAD,9,9.0
150292,1,6,130,5,1,50.0,0,N,MELB_URBAN,OTHER,9,13.0
150293,1,2,130,2,3,60.0,0,N,MELB_URBAN,ROAD,8,18.0
150294,1,3,130,2,3,60.0,0,N,MELB_URBAN,ROAD,7,18.0
150295,1,7,99,2,1,40.0,0,N,MELB_URBAN,STREET,9,15.0
150296,1,6,110,1,1,50.0,0,I,MELB_URBAN,STREET,9,16.0
150297,1,4,99,1,1,60.0,0,N,MELB_URBAN,STREET,8,16.0
150298,1,7,99,1,1,40.0,0,N,MELBOURNE_CBD,STREET,9,14.0
150299,1,6,132,2,1,60.0,0,I,MELB_URBAN,ROAD,9,11.0
150300,1,6,121,1,1,60.0,0,N,MELB_URBAN,STREET,9,16.0
150301,4,6,173,5,1,100.0,0,N,RURAL_VICTORIA,ROAD,9,13.0
150302,1,6,130,5,3,60.0,0,N,RURAL_VICTORIA,ROAD,9,19.0
150303,4,7,99,2,5,100.0,0,I,RURAL_VICTORIA,ROAD,9,18.0
150304,1,7,130,5,1,60.0,0,N,MELB_URBAN,AVENUE,9,17.0
150305,1,7,110,1,2,100.0,0,I,RURAL_VICTORIA,OTHER,9,17.0
150306,1,7,113,2,3,50.0,0,I,MELB_URBAN,PARADE,9,19.0
150307,1,7,140,5,3,80.0,0,N,RURAL_VICTORIA,ROAD,9,19.0
150308,1,7,99,5,2,60.0,0,N,MELB_URBAN,STREET,9,18.0
150309,1,7,160,5,3,60.0,0,N,UNKNOWN,PARADE,9,20.0
150310,4,7,171,5,3,50.0,0,N,TOWNS,STREET,9,23.0
150311,1,6,160,5,3,60.0,0,N,LARGE_PROVINCIAL_CITIES,ROAD,9,23.0
150312,1,6,121,1,3,50.0,0,I,MELB_URBAN,STREET,9,21.0
150313,2,6,100,5,3,40.0,0,N,MELB_URBAN,STREET,9,23.0
150314,8,1,174,1,3,30.0,0,I,MELBOURNE_CBD,STREET,9,0.0
150315,2,1,99,5,5,80.0,1,N,SMALL_CITIES,HIGHWAY,9,2.0
150316,4,1,173,5,5,80.0,0,N,TOWNS,ROAD,9,2.0
150317,4,0,173,2,3,80.0,0,N,MELB_URBAN,HIGHWAY,9,0.0
150318,2,0,100,5,2,50.0,0,N,MELB_URBAN,STREET,9,6.0
150319,7,0,99,5,3,60.0,0,N,MELBOURNE_CBD,STREET,9,3.0
150320,4,1,173,2,3,60.0,0,N,MELB_URBAN,ROAD,9,4.0
150321,8,0,174,1,1,50.0,0,I,MELB_URBAN,BOULEVARD,9,8.0
150322,1,6,130,1,3,60.0,0,N,MELB_URBAN,ROAD,9,20.0
150323,1,0,130,5,1,100.0,0,N,MELB_URBAN,FREEWAY,9,8.0
150324,4,1,171,4,9,100.0,0,I,RURAL_VICTORIA,ROAD,9,6.0
150325,1,6,130,2,1,50.0,0,I,RURAL_VICTORIA,ROAD,9,15.0
150326,8,7,174,2,1,100.0,0,N,RURAL_VICTORIA,ROAD,9,11.0
150327,4,1,173,5,1,100.0,0,N,RURAL_VICTORIA,HIGHWAY,9,9.0
150328,1,3,130,1,1,80.0,0,N,MELB_URBAN,STREET,8,16.0
150329,1,0,130,5,1,80.0,0,N,MELB_URBAN,ROAD,9,13.0
150330,6,0,99,5,1,100.0,0,N,RURAL_VICTORIA,ROAD,9,11.0
150331,1,0,171,2,1,50.0,0,N,RURAL_VICTORIA,PARADE,9,10.0
150332,1,0,110,1,1,80.0,0,I,MELB_URBAN,OTHER,9,14.0
150333,1,1,160,5,1,50.0,0,N,MELB_URBAN,STREET,9,16.0
150334,4,0,183,5,1,60.0,0,N,RURAL_VICTORIA,ROAD,9,15.0
150335,1,1,130,2,3,60.0,0,I,LARGE_PROVINCIAL_CITIES,ROAD,9,19.0
150336,1,0,135,5,3,80.0,0,N,MELB_URBAN,FREEWAY,9,18.0
150337,1,0,132,5,1,90.0,0,N,MELB_URBAN,ROAD,9,14.0
150338,6,1,99,5,2,100.0,0,N,RURAL_VICTORIA,ROAD,9,18.0
150339,1,1,121,1,3,60.0,0,I,MELB_URBAN,ROAD,9,20.0
150340,4,0,171,5,5,80.0,0,N,RURAL_VICTORIA,ROAD,9,20.0
150341,1,1,99,5,1,50.0,0,N,MELB_URBAN,OTHER,9,15.0
150342,4,1,171,5,3,50.0,0,N,SMALL_CITIES,STREET,9,1.0
150343,1,3,99,5,1,50.0,0,N,MELB_URBAN,STREET,8,14.0
150344,2,5,99,1,1,60.0,0,I,MELB_URBAN,ROAD,9,11.0
150345,1,5,111,2,1,60.0,0,I,RURAL_VICTORIA,HIGHWAY,9,9.0
150346,1,2,99,5,2,40.0,0,N,MELB_URBAN,ROAD,5,18.0
150347,8,1,174,5,5,100.0,0,N,RURAL_VICTORIA,ROAD,9,20.0
150348,2,1,99,1,1,60.0,0,I,MELB_URBAN,ROAD,9,10.0
150349,1,0,130,5,1,60.0,0,N,MELB_URBAN,RAMP,9,13.0
150350,1,1,121,1,1,50.0,0,N,MELB_URBAN,STREET,9,11.0
150351,1,5,99,2,1,50.0,0,N,SMALL_CITIES,STREET,6,13.0
150352,1,3,134,5,3,80.0,0,N,MELB_URBAN,FREEWAY,8,23.0
150353,1,3,160,5,1,50.0,0,N,SMALL_CITIES,STREET,8,8.0
150354,6,7,99,5,1,60.0,0,N,SMALL_CITIES,HIGHWAY,9,11.0
150355,5,0,99,5,1,60.0,0,N,MELB_URBAN,ROAD,9,14.0
150356,1,7,130,1,1,80.0,0,I,RURAL_VICTORIA,ROAD,9,15.0
150357,2,1,99,5,1,50.0,0,N,UNKNOWN,STREET,9,12.0
150358,1,2,99,1,1,60.0,0,I,MELB_URBAN,BOULEVARD,9,15.0
150359,1,1,110,1,1,80.0,0,I,RURAL_VICTORIA,ROAD,9,15.0
150360,1,2,130,1,1,70.0,0,N,MELB_URBAN,ROAD,9,13.0
150361,1,1,110,1,1,50.0,0,I,SMALL_CITIES,STREET,9,17.0
150362,1,2,111,2,1,70.0,0,N,SMALL_CITIES,HIGHWAY,9,16.0
150363,1,6,130,1,1,80.0,0,I,RURAL_VICTORIA,HIGHWAY,5,11.0
150364,1,1,121,1,1,60.0,0,I,MELB_URBAN,RAMP,9,15.0
150365,1,1,134,4,3,60.0,0,N,MELB_URBAN,ROAD,9,19.0
150366,2,1,99,5,9,40.0,0,N,RURAL_VICTORIA,ROAD,9,15.0
150367,1,7,130,5,1,80.0,0,N,MELB_URBAN,ROAD,8,14.0
150368,6,2,99,5,3,100.0,0,N,MELB_URBAN,FREEWAY,9,23.0
150369,1,7,140,5,1,60.0,0,N,MELB_URBAN,ROAD,7,10.0
150370,1,3,130,2,3,80.0,1,I,MELB_URBAN,HIGHWAY,9,0.0
150371,1,7,147,5,1,60.0,0,N,RURAL_VICTORIA,ROAD,4,12.0
150372,1,6,99,1,1,60.0,0,N,MELB_URBAN,STREET,7,14.0
150373,1,2,110,1,2,60.0,0,I,MELB_URBAN,ROAD,9,6.0
150374,1,1,99,1,1,40.0,0,N,MELBOURNE_CBD,STREET,9,13.0
150375,1,2,134,2,1,60.0,0,I,MELB_URBAN,STREET,8,8.0
150376,1,4,130,5,1,100.0,0,N,MELB_URBAN,FREEWAY,8,16.0
150377,1,3,110,1,3,60.0,0,I,SMALL_CITIES,STREET,8,21.0
150378,1,2,121,2,1,60.0,0,N,MELB_URBAN,ROAD,9,9.0
150379,1,3,132,5,2,60.0,0,N,MELB_URBAN,ROAD,9,6.0
150380,1,2,121,2,1,70.0,0,I,MELB_URBAN,ROAD,9,8.0
150381,1,5,130,5,1,80.0,0,N,MELB_URBAN,OTHER,8,7.0
150382,1,3,135,5,1,60.0,1,N,MELB_URBAN,ROAD,9,7.0
150383,1,1,121,1,3,60.0,0,I,LARGE_PROVINCIAL_CITIES,STREET,7,17.0
150384,1,5,130,5,1,60.0,0,N,MELB_URBAN,OTHER,2,16.0
150385,1,5,110,1,2,100.0,0,I,RURAL_VICTORIA,ROAD,8,17.0
150386,2,2,99,1,1,70.0,0,I,MELB_URBAN,ROAD,9,11.0
150387,1,4,99,1,1,60.0,0,I,TOWNS,STREET,8,13.0
150388,1,1,130,5,1,80.0,0,N,MELB_URBAN,ROAD,9,9.0
150389,1,3,133,2,1,100.0,0,I,RURAL_VICTORIA,HIGHWAY,9,10.0
150390,1,3,110,1,1,60.0,0,I,RURAL_VICTORIA,ROAD,9,8.0
150391,1,2,99,3,1,100.0,0,I,MELB_URBAN,FREEWAY,9,13.0
150392,1,3,113,2,1,50.0,0,I,LARGE_PROVINCIAL_CITIES,STREET,9,17.0
150393,1,2,110,1,1,80.0,0,I,RURAL_VICTORIA,HIGHWAY,9,15.0
150394,2,2,100,2,1,60.0,0,I,LARGE_PROVINCIAL_CITIES,STREET,9,10.0
150395,1,6,140,1,9,60.0,0,I,MELB_URBAN,ROAD,9,21.0
150396,1,6,163,2,9,60.0,0,I,MELB_URBAN,OTHER,9,14.0
150397,5,5,99,5,9,100.0,0,N,LARGE_PROVINCIAL_CITIES,ROAD,3,6.0
150398,1,2,113,2,2,60.0,0,I,MELB_URBAN,ROAD,9,17.0
150399,2,2,100,5,1,50.0,0,N,MELB_URBAN,STREET,9,17.0
150400,1,3,99,5,2,60.0,0,N,MELB_URBAN,PARADE,9,18.0
150401,2,3,100,1,1,40.0,0,I,MELBOURNE_CBD,STREET,9,15.0
150402,1,2,130,5,1,60.0,0,N,RURAL_VICTORIA,ROAD,8,7.0
150403,1,2,130,5,1,80.0,0,N,MELB_URBAN,HIGHWAY,9,17.0
150404,1,3,130,1,3,60.0,0,N,MELB_URBAN,ROAD,9,18.0
150405,3,4,167,5,3,60.0,0,N,RURAL_VICTORIA,RAMP,9,20.0
150406,1,4,113,2,1,80.0,0,I,RURAL_VICTORIA,ROAD,9,9.0
150407,1,5,130,1,1,40.0,0,N,MELB_URBAN,ROAD,8,12.0
150408,6,4,170,1,1,100.0,0,I,RURAL_VICTORIA,HIGHWAY,5,9.0
150409,4,1,181,5,5,100.0,0,N,RURAL_VICTORIA,ROAD,9,20.0
150410,1,6,111,4,1,60.0,0,I,MELB_URBAN,ROAD,8,16.0
150411,1,4,110,1,1,80.0,0,I,RURAL_VICTORIA,HIGHWAY,9,12.0
150412,1,4,99,5,2,50.0,0,N,MELB_URBAN,OTHER,9,6.0
150413,1,4,130,5,1,60.0,0,N,MELB_URBAN,ROAD,9,8.0
150414,1,0,121,1,9,60.0,0,I,MELB_URBAN,ROAD,8,11.0
150415,1,3,110,1,1,60.0,0,I,MELB_URBAN,HIGHWAY,9,13.0
150416,1,4,120,5,1,100.0,0,N,UNKNOWN,ROAD,9,13.0
150417,1,7,133,2,3,60.0,0,I,LARGE_PROVINCIAL_CITIES,STREET,9,20.0
150418,1,4,147,5,1,60.0,0,N,MELB_URBAN,ROAD,9,13.0
150419,2,3,99,5,1,60.0,0,N,MELB_URBAN,STREET,9,16.0
150420,5,4,99,5,1,40.0,0,N,MELB_URBAN,UNKNOWN,8,8.0
150421,1,3,121,2,1,60.0,0,I,LARGE_PROVINCIAL_CITIES,ROAD,9,15.0
150422,1,6,130,5,1,60.0,0,N,MELB_URBAN,ROAD,8,7.0
150423,1,3,130,5,3,70.0,0,N,MELB_URBAN,ROAD,9,19.0
150424,1,4,130,1,1,60.0,0,N,MELB_URBAN,ROAD,9,14.0
150425,2,3,100,5,1,50.0,0,N,MELB_URBAN,DRIVE,9,15.0
150426,1,4,140,3,1,100.0,0,N,RURAL_VICTORIA,RAMP,9,16.0
150427,1,4,133,1,1,50.0,0,I,MELB_URBAN,STREET,9,15.0
150428,1,3,130,2,1,60.0,0,I,MELB_URBAN,ROAD,9,8.0
150429,1,4,121,2,3,60.0,0,I,MELB_URBAN,ROAD,9,19.0
150430,1,3,163,5,3,60.0,0,N,MELB_URBAN,STREET,9,17.0
150431,4,4,171,5,1,40.0,0,N,MELB_URBAN,DRIVE,9,14.0
150432,1,2,134,5,1,100.0,0,N,MELB_URBAN,ROAD,8,16.0
150433,1,4,99,5,6,50.0,0,N,MELB_URBAN,AVENUE,9,19.0
150434,1,3,99,5,1,80.0,0,N,MELB_URBAN,RAMP,9,18.0
150435,1,3,121,1,3,80.0,0,I,MELB_URBAN,RAMP,9,20.0
150436,1,4,99,1,1,80.0,0,I,MELB_URBAN,ROAD,9,17.0
150437,4,3,171,5,5,110.0,0,N,RURAL_VICTORIA,FREEWAY,9,5.0
150438,1,4,113,2,3,60.0,0,I,MELB_URBAN,STREET,9,19.0
150439,1,4,113,2,3,60.0,0,I,SMALL_CITIES,HIGHWAY,9,18.0
150440,1,4,121,4,3,60.0,0,I,MELB_URBAN,ROAD,9,21.0
150441,1,4,99,1,3,60.0,0,I,MELB_URBAN,ROAD,9,22.0
150442,6,4,99,5,3,70.0,1,N,MELB_URBAN,ROAD,9,22.0
150443,1,3,99,2,1,40.0,0,I,SMALL_CITIES,STREET,9,15.0
150444,2,5,99,5,3,50.0,0,N,TOWNS,STREET,9,4.0
150445,2,2,99,5,1,30.0,0,N,MELBOURNE_CBD,STREET,8,10.0
150446,4,5,171,5,1,60.0,0,N,RURAL_VICTORIA,ROAD,9,8.0
150447,1,3,99,5,1,60.0,0,N,MELB_URBAN,ROAD,9,19.0
150448,1,2,110,1,1,50.0,0,I,MELB_URBAN,AVENUE,9,15.0
150449,4,2,171,5,3,60.0,0,N,MELB_URBAN,ROAD,8,4.0
150450,1,2,121,2,1,50.0,0,I,MELB_URBAN,OTHER,9,16.0
150451,2,5,100,1,1,50.0,0,N,MELB_URBAN,AVENUE,9,7.0
150452,4,4,99,2,5,80.0,0,I,RURAL_VICTORIA,OTHER,9,19.0
150453,1,5,140,5,1,60.0,0,N,MELB_URBAN,ROAD,9,10.0
150454,1,4,130,5,1,70.0,0,N,TOWNS,HIGHWAY,9,9.0
150455,1,3,121,1,2,60.0,0,I,MELB_URBAN,PARADE,9,18.0
150456,1,0,130,5,9,100.0,0,N,MELB_URBAN,FREEWAY,9,17.0
150457,1,4,130,5,1,110.0,0,N,UNKNOWN,FREEWAY,9,12.0
150458,1,2,130,5,1,70.0,0,N,MELB_URBAN,ROAD,9,10.0
150459,4,7,171,5,1,50.0,0,N,MELB_URBAN,AVENUE,10,12.0
150460,1,2,130,5,9,80.0,0,N,MELB_URBAN,FREEWAY,8,18.0
150461,1,6,163,5,9,60.0,0,N,MELB_URBAN,STREET,9,10.0
150462,1,4,113,1,1,100.0,0,I,RURAL_VICTORIA,HIGHWAY,3,9.0
150463,1,5,134,5,1,100.0,0,N,RURAL_VICTORIA,RAMP,9,11.0
150464,2,4,100,5,1,40.0,0,N,TOWNS,STREET,9,15.0
150465,1,4,130,1,1,60.0,0,I,MELB_URBAN,ROAD,9,8.0
150466,2,1,100,1,9,50.0,0,I,MELB_URBAN,STREET,8,18.0
150467,1,4,130,2,1,40.0,0,I,MELB_URBAN,ROAD,9,15.0
150468,1,5,130,5,1,70.0,0,N,TOWNS,HIGHWAY,9,15.0
150469,1,4,135,5,1,80.0,0,N,MELB_URBAN,FREEWAY,9,15.0
150470,1,7,120,5,1,50.0,0,N,MELB_URBAN,OTHER,7,16.0
150471,1,5,132,5,9,50.0,0,I,MELB_URBAN,ROAD,8,8.0
150472,1,5,160,5,3,50.0,0,N,MELB_URBAN,DRIVE,9,17.0
150473,6,6,184,1,1,60.0,0,I,MELB_URBAN,ROAD,9,8.0
150474,1,4,135,5,2,60.0,0,N,MELB_URBAN,ROAD,9,17.0
150475,1,5,116,4,3,40.0,0,N,TOWNS,STREET,9,19.0
150476,4,5,171,2,3,70.0,0,I,LARGE_PROVINCIAL_CITIES,OTHER,9,19.0
150477,1,5,140,5,3,80.0,0,N,UNKNOWN,ROAD,9,20.0
150478,1,5,121,5,5,110.0,0,N,RURAL_VICTORIA,HIGHWAY,9,20.0
150479,1,4,121,1,3,60.0,0,I,MELB_URBAN,ROAD,9,20.0
150480,4,4,173,2,3,50.0,0,I,TOWNS,STREET,9,21.0
150481,4,4,173,5,3,60.0,0,N,MELB_URBAN,ROAD,9,19.0
150482,6,4,174,5,1,60.0,0,N,RURAL_VICTORIA,ROAD,9,9.0
150483,1,5,130,2,3,60.0,0,I,MELB_URBAN,STREET,9,21.0
150484,4,3,171,2,3,60.0,0,I,MELB_URBAN,HIGHWAY,9,22.0
150485,1,5,120,5,9,60.0,0,N,MELB_URBAN,ROAD,9,22.0