,accident_type,day_of_week,dca_code,road_geometry,light_condition,speed_zone,severity,node_type,deg_urban_name,road_type,month,hour
150486,1,2,132,5,9,50.0,0,N,MELB_URBAN,STREET,7,14.0
150487,1,5,113,2,1,80.0,0,I,MELB_URBAN,DRIVE,9,7.0
150488,1,4,110,1,1,60.0,0,I,SMALL_CITIES,ROAD,8,13.0
150489,1,1,130,2,1,60.0,0,I,MELB_URBAN,ROAD,9,10.0
150490,1,0,133,1,1,60.0,0,I,MELB_URBAN,STREET,8,10.0
150491,1,2,130,1,1,60.0,0,N,MELB_URBAN,HIGHWAY,8,15.0
150492,1,5,130,5,1,80.0,0,N,MELB_URBAN,FREEWAY,9,8.0
150493,1,6,116,2,1,40.0,0,I,MELB_URBAN,ROAD,9,8.0
150494,1,1,110,1,9,80.0,0,I,MELB_URBAN,ROAD,9,10.0
150495,6,5,170,5,1,60.0,0,N,MELB_URBAN,STREET,9,10.0
150496,6,3,184,5,5,60.0,0,N,LARGE_PROVINCIAL_CITIES,STREET,9,19.0
150497,1,5,130,4,1,80.0,0,I,MELB_URBAN,AVENUE,9,12.0
150498,1,5,140,2,1,60.0,0,I,TOWNS,OTHER,9,11.0
150499,1,3,135,5,1,100.0,0,N,MELB_URBAN,ROAD,8,14.0
150500,5,2,99,5,2,100.0,0,N,LARGE_PROVINCIAL_CITIES,ROAD,7,7.0
150501,9,1,181,5,1,60.0,0,N,RURAL_VICTORIA,ROAD,8,11.0
150502,1,6,134,5,1,100.0,0,N,MELB_URBAN,FREEWAY,9,13.0
150503,1,1,99,5,1,60.0,0,N,MELB_URBAN,ROAD,9,13.0
150504,1,5,130,5,1,80.0,0,N,MELB_URBAN,ROAD,9,10.0
150505,1,6,130,5,1,60.0,0,N,MELB_URBAN,ROAD,9,13.0
150506,4,6,183,5,1,100.0,0,N,RURAL_VICTORIA,HIGHWAY,9,14.0
150507,1,4,121,2,9,60.0,0,I,MELB_URBAN,ROAD,9,15.0
150508,4,0,183,5,6,60.0,0,N,LARGE_PROVINCIAL_CITIES,STREET,6,22.0
150509,1,6,140,5,1,60.0,0,N,MELB_URBAN,STREET,9,13.0
150510,1,6,110,1,1,80.0,0,I,RURAL_VICTORIA,HIGHWAY,9,12.0
150511,1,3,110,1,9,50.0,0,I,MELB_URBAN,AVENUE,8,9.0
150512,1,6,132,2,1,60.0,0,I,MELB_URBAN,STREET,9,7.0
150513,2,5,99,5,1,50.0,0,N,MELB_URBAN,AVENUE,9,15.0
150514,4,1,183,5,1,60.0,0,N,RURAL_VICTORIA,ROAD,8,14.0
150515,4,6,181,5,1,110.0,0,I,RURAL_VICTORIA,HIGHWAY,9,14.0
150516,4,6,181,5,5,40.0,0,N,RURAL_VICTORIA,ROAD,9,23.0
150517,1,7,133,1,1,40.0,0,N,LARGE_PROVINCIAL_CITIES,ROAD,9,9.0
150518,4,6,181,4,1,80.0,0,N,MELB_URBAN,OTHER,9,9.0
150519,1,6,120,2,1,60.0,0,N,RURAL_VICTORIA,HIGHWAY,9,17.0
150520,1,6,111,2,1,70.0,0,I,RURAL_VICTORIA,ROAD,9,15.0
150521,8,3,99,2,9,50.0,0,I,MELB_URBAN,DRIVE,9,17.0
150522,1,3,130,5,1,60.0,0,N,MELB_URBAN,ROAD,8,14.0
150523,2,7,99,5,1,40.0,0,N,MELB_URBAN,ROAD,9,10.0
150524,8,7,174,2,1,50.0,0,N,MELB_URBAN,ROAD,9,9.0
150525,1,7,121,1,1,60.0,0,I,MELB_URBAN,STREET,8,7.0
150526,1,7,130,4,1,30.0,0,N,MELB_URBAN,ROAD,9,8.0
150527,1,7,116,1,1,50.0,0,I,SMALL_CITIES,STREET,9,10.0
150528,1,1,99,2,1,60.0,0,I,RURAL_VICTORIA,DRIVE,9,12.0
150529,6,7,184,5,1,80.0,0,N,RURAL_VICTORIA,OTHER,9,11.0
150530,1,5,132,1,6,60.0,0,N,MELB_URBAN,ROAD,9,20.0
150531,1,6,130,5,1,60.0,0,N,LARGE_PROVINCIAL_CITIES,UNKNOWN,9,13.0
150532,4,6,181,1,3,60.0,0,I,MELB_URBAN,ROAD,9,18.0
150533,4,6,173,2,1,50.0,0,N,MELB_URBAN,AVENUE,9,15.0
150534,1,6,130,1,1,80.0,0,I,MELB_URBAN,HIGHWAY,9,10.0
150535,1,2,130,5,1,100.0,0,N,MELB_URBAN,FREEWAY,9,17.0
150536,6,7,174,2,2,80.0,0,I,MELB_URBAN,ROAD,9,18.0
150537,1,7,113,2,1,80.0,0,I,MELB_URBAN,ROAD,9,16.0
150538,4,7,171,2,1,60.0,0,I,RURAL_VICTORIA,ROAD,9,12.0
150539,4,5,171,5,2,60.0,0,N,MELB_URBAN,ROAD,9,17.0
150540,1,7,113,4,1,80.0,0,N,MELB_URBAN,RAMP,9,15.0
150541,1,4,147,5,2,60.0,0,N,LARGE_PROVINCIAL_CITIES,ROAD,9,18.0
150542,6,6,170,5,1,100.0,0,N,RURAL_VICTORIA,ROAD,9,14.0
150543,1,7,121,2,1,60.0,0,I,SMALL_CITIES,HIGHWAY,9,17.0
150544,2,4,100,2,3,40.0,0,N,MELB_URBAN,ROAD,8,19.0
150545,1,6,113,2,1,80.0,0,I,MELB_URBAN,HIGHWAY,9,15.0
150546,2,7,99,5,1,50.0,0,N,MELB_URBAN,AVENUE,9,16.0
150547,1,6,121,1,3,50.0,0,I,MELB_URBAN,ROAD,9,19.0
150548,4,7,181,5,6,60.0,0,N,MELB_URBAN,ROAD,9,18.0
150549,1,2,111,2,1,60.0,0,I,SMALL_CITIES,ROAD,8,12.0
150550,4,6,171,5,5,100.0,0,N,RURAL_VICTORIA,ROAD,9,0.0
150551,5,7,99,5,5,80.0,1,N,RURAL_VICTORIA,ROAD,9,19.0
150552,1,6,160,5,3,60.0,0,N,LARGE_PROVINCIAL_CITIES,STREET,9,23.0
150553,4,6,181,3,3,60.0,0,N,MELB_URBAN,UNKNOWN,9,22.0
150554,1,7,110,1,3,40.0,0,I,LARGE_PROVINCIAL_CITIES,ROAD,9,21.0
150555,4,7,173,2,3,50.0,0,I,MELB_URBAN,DRIVE,9,2.0
150556,2,7,99,5,5,50.0,0,N,TOWNS,AVENUE,9,19.0
150557,1,7,130,2,3,30.0,0,N,MELB_URBAN,PARADE,9,23.0
150558,2,6,100,1,1,40.0,0,I,MELB_URBAN,OTHER,9,13.0
150559,4,0,171,5,3,60.0,0,N,UNKNOWN,ROAD,9,0.0
150560,4,1,171,5,3,100.0,0,N,MELB_URBAN,ROAD,9,3.0
150561,1,6,130,5,5,110.0,0,N,RURAL_VICTORIA,FREEWAY,9,5.0
150562,4,7,171,5,5,110.0,0,N,RURAL_VICTORIA,FREEWAY,9,0.0
150563,1,6,113,2,1,60.0,0,I,MELB_URBAN,ROAD,9,12.0
150564,1,1,113,2,3,70.0,0,I,LARGE_PROVINCIAL_CITIES,STREET,9,5.0
150565,1,1,110,1,1,50.0,0,I,LARGE_PROVINCIAL_CITIES,STREET,9,9.0
150566,8,5,170,5,1,60.0,0,N,MELB_URBAN,ROAD,8,14.0
150567,2,7,100,2,1,60.0,1,I,MELB_URBAN,OTHER,9,13.0
150568,1,1,120,5,1,60.0,0,N,RURAL_VICTORIA,BOULEVARD,9,10.0
150569,1,2,130,5,1,60.0,0,N,MELB_URBAN,STREET,9,16.0
150570,1,1,110,1,1,100.0,0,I,RURAL_VICTORIA,ROAD,9,12.0
150571,4,1,183,5,1,100.0,0,N,RURAL_VICTORIA,ROAD,9,13.0
150572,1,5,113,2,3,80.0,0,I,MELB_URBAN,ROAD,9,18.0
150573,1,4,140,5,1,60.0,0,N,LARGE_PROVINCIAL_CITIES,ROAD,9,16.0
150574,2,1,99,5,1,60.0,0,N,MELB_URBAN,STREET,9,13.0
150575,6,1,174,5,1,40.0,0,N,MELB_URBAN,STREET,9,11.0
150576,2,0,99,5,1,40.0,0,N,UNKNOWN,ROAD,9,14.0
150577,4,0,171,2,1,50.0,0,I,MELB_URBAN,ROAD,9,14.0
150578,6,0,99,5,1,100.0,0,N,UNKNOWN,HIGHWAY,9,10.0
150579,1,4,99,5,9,60.0,0,N,MELB_URBAN,STREET,5,19.0
150580,1,1,99,5,1,50.0,0,N,MELB_URBAN,STREET,9,13.0
150581,1,1,135,5,1,80.0,1,N,MELB_URBAN,ROAD,9,11.0
150582,1,1,121,1,1,60.0,0,I,MELB_URBAN,HIGHWAY,9,15.0
150583,2,6,99,5,1,60.0,0,N,MELB_URBAN,ROAD,7,7.0
150584,2,0,100,5,5,50.0,0,N,MELB_URBAN,AVENUE,9,18.0
150585,1,1,113,2,3,60.0,0,N,SMALL_CITIES,OTHER,9,18.0
150586,2,0,102,5,3,40.0,0,N,MELB_URBAN,STREET,9,19.0
150587,1,1,99,5,3,50.0,0,N,MELB_URBAN,OTHER,9,19.0
150588,1,1,130,1,2,70.0,0,N,MELB_URBAN,ROAD,8,5.0
150589,2,0,99,5,1,60.0,0,N,UNKNOWN,ROAD,9,16.0
150590,1,0,99,5,3,60.0,0,N,MELB_URBAN,ROAD,9,17.0
150591,4,0,181,5,5,80.0,0,N,RURAL_VICTORIA,ROAD,9,20.0
150592,4,1,99,5,3,70.0,0,N,MELB_URBAN,ROAD,9,2.0
150593,1,2,130,5,3,100.0,0,N,MELB_URBAN,RAMP,9,5.0
150594,1,1,130,1,1,60.0,0,N,SMALL_CITIES,PARADE,9,8.0
150595,1,6,130,1,1,60.0,0,I,MELB_URBAN,HIGHWAY,9,11.0
150596,2,5,99,5,1,40.0,0,N,MELB_URBAN,DRIVE,9,18.0
150597,1,1,134,5,6,80.0,0,N,MELB_URBAN,RAMP,9,0.0
150598,4,1,171,1,2,80.0,0,I,MELB_URBAN,STREET,9,5.0
150599,1,1,99,5,1,80.0,0,N,UNKNOWN,ROAD,9,8.0
150600,1,5,121,5,1,60.0,0,N,MELB_URBAN,ROAD,9,13.0
150601,1,2,113,2,2,60.0,0,I,MELB_URBAN,ROAD,9,6.0
150602,1,2,116,2,1,60.0,0,N,UNKNOWN,ROAD,9,10.0
150603,1,2,130,5,1,60.0,0,N,SMALL_CITIES,STREET,9,9.0
150604,1,2,121,1,1,60.0,0,N,MELB_URBAN,ROAD,9,10.0
150605,1,2,135,5,1,100.0,0,N,MELB_URBAN,ROAD,9,9.0
150606,2,0,99,1,3,70.0,0,I,LARGE_PROVINCIAL_CITIES,OTHER,9,2.0
150607,6,2,174,1,1,50.0,0,I,LARGE_PROVINCIAL_CITIES,STREET,9,8.0
150608,2,2,99,5,1,60.0,0,N,MELB_URBAN,HIGHWAY,9,12.0
150609,1,6,120,5,1,80.0,0,N,RURAL_VICTORIA,ROAD,8,11.0
150610,4,2,173,5,1,50.0,0,N,MELB_URBAN,AVENUE,9,10.0
150611,4,1,99,5,2,60.0,0,N,MELB_URBAN,PARADE,9,5.0
150612,6,3,174,1,3,50.0,0,I,MELB_URBAN,ROAD,8,6.0
150613,1,1,120,2,1,60.0,0,I,MELB_URBAN,ROAD,9,12.0
150614,1,1,160,5,1,100.0,0,N,MELB_URBAN,ROAD,9,8.0
150615,7,6,170,2,1,50.0,0,N,MELB_URBAN,ROAD,8,16.0
150616,1,4,110,1,1,60.0,0,I,MELB_URBAN,ROAD,8,9.0
150617,1,2,132,2,1,60.0,0,N,LARGE_PROVINCIAL_CITIES,ROAD,9,13.0
150618,1,0,130,5,5,100.0,0,N,MELB_URBAN,FREEWAY,9,0.0
150619,1,1,160,5,1,60.0,0,N,MELB_URBAN,ROAD,9,12.0
150620,1,1,130,5,1,60.0,0,N,RURAL_VICTORIA,ROAD,9,8.0
150621,4,0,181,5,5,100.0,0,N,RURAL_VICTORIA,HIGHWAY,9,23.0
150622,2,1,102,5,1,60.0,0,N,MELB_URBAN,ROAD,8,9.0
150623,1,1,113,1,1,100.0,0,I,RURAL_VICTORIA,ROAD,9,11.0
150624,1,1,130,2,1,70.0,0,N,MELB_URBAN,ROAD,9,13.0
150625,1,0,111,2,1,60.0,0,N,UNKNOWN,ROAD,9,10.0
150626,1,4,130,2,3,40.0,0,I,MELB_URBAN,ROAD,8,18.0
150627,1,1,130,5,1,40.0,0,N,MELB_URBAN,ROAD,9,9.0
150628,1,2,147,5,1,40.0,0,N,MELB_URBAN,ROAD,9,14.0
150629,4,2,173,5,1,100.0,0,N,RURAL_VICTORIA,ROAD,9,14.0
150630,1,2,120,5,1,80.0,0,N,RURAL_VICTORIA,ROAD,9,11.0
150631,1,1,121,1,1,70.0,0,N,MELB_URBAN,ROAD,9,15.0
150632,1,5,130,5,6,60.0,0,N,MELB_URBAN,ROAD,9,21.0
150633,8,1,174,5,1,50.0,0,N,MELB_URBAN,STREET,8,12.0
150634,4,1,183,5,5,80.0,0,N,RURAL_VICTORIA,ROAD,9,19.0
150635,1,1,130,5,1,60.0,0,N,MELB_URBAN,ROAD,8,15.0
150636,1,1,99,5,1,50.0,0,N,UNKNOWN,STREET,9,17.0
150637,1,1,130,5,1,60.0,0,N,MELB_URBAN,ROAD,9,15.0
150638,1,2,140,2,1,80.0,0,I,MELB_URBAN,HIGHWAY,9,16.0
150639,2,2,102,5,3,60.0,0,N,MELB_URBAN,ROAD,9,18.0
150640,1,1,121,1,1,80.0,0,N,RURAL_VICTORIA,RAMP,9,17.0
150641,1,2,130,1,9,60.0,0,I,MELB_URBAN,STREET,9,17.0
150642,1,2,140,5,1,60.0,0,N,LARGE_PROVINCIAL_CITIES,ROAD,9,15.0
150643,1,3,140,5,6,60.0,0,N,MELB_URBAN,STREET,9,20.0
150644,1,1,130,5,1,40.0,0,N,UNKNOWN,ROAD,9,15.0
150645,1,2,121,2,3,40.0,0,I,MELB_URBAN,ROAD,9,19.0
150646,1,2,171,1,3,100.0,0,N,MELB_URBAN,RAMP,9,21.0
150647,1,2,99,5,3,40.0,0,N,MELB_URBAN,AVENUE,9,2.0
150648,2,2,102,5,2,40.0,0,N,MELB_URBAN,STREET,9,18.0
150649,1,2,121,1,1,60.0,0,I,MELB_URBAN,ROAD,9,6.0
150650,1,5,130,5,1,90.0,0,N,MELB_URBAN,ROAD,9,8.0
150651,1,5,121,2,3,70.0,0,N,MELB_URBAN,ROAD,9,21.0
150652,4,2,183,5,5,100.0,0,N,RURAL_VICTORIA,HIGHWAY,9,20.0
150653,1,3,130,5,1,60.0,0,N,LARGE_PROVINCIAL_CITIES,STREET,9,9.0
150654,1,1,120,5,3,60.0,0,N,MELB_URBAN,DRIVE,9,18.0
150655,1,2,130,5,1,70.0,0,N,MELB_URBAN,ROAD,9,8.0
150656,1,6,99,1,3,60.0,0,I,MELB_URBAN,ROAD,9,5.0
150657,1,4,130,1,6,70.0,0,I,MELB_URBAN,STREET,8,5.0
150658,4,2,173,5,1,60.0,0,N,SMALL_CITIES,STREET,9,10.0
150659,4,7,171,5,1,80.0,0,N,RURAL_VICTORIA,ROAD,5,10.0
150660,1,3,160,5,1,50.0,0,N,MELB_URBAN,ROAD,9,9.0
150661,1,2,130,5,1,60.0,0,N,MELB_URBAN,ROAD,9,8.0
150662,1,4,120,5,1,60.0,0,N,MELB_URBAN,STREET,8,12.0
150663,1,3,116,1,1,60.0,0,I,MELB_URBAN,ROAD,9,12.0
150664,1,5,130,5,1,100.0,0,N,MELB_URBAN,FREEWAY,9,6.0
150665,1,3,99,5,1,60.0,0,N,MELB_URBAN,STREET,9,9.0
150666,1,3,134,5,1,60.0,0,N,MELB_URBAN,STREET,9,13.0
150667,1,5,99,1,9,50.0,0,I,RURAL_VICTORIA,HIGHWAY,9,18.0
150668,1,7,163,5,1,50.0,0,N,MELB_URBAN,STREET,8,14.0
150669,4,3,171,5,1,100.0,1,N,RURAL_VICTORIA,ROAD,9,10.0
150670,1,2,110,1,1,60.0,0,I,MELB_URBAN,ROAD,9,14.0
150671,1,3,110,1,1,60.0,0,I,TOWNS,ROAD,9,15.0
150672,1,3,99,5,1,40.0,0,N,MELB_URBAN,STREET,9,15.0
150673,1,3,135,5,1,60.0,0,N,MELB_URBAN,ROAD,9,15.0
150674,1,3,130,5,1,60.0,0,N,RURAL_VICTORIA,HIGHWAY,9,15.0
150675,8,3,174,1,2,50.0,0,I,LARGE_PROVINCIAL_CITIES,STREET,9,7.0
150676,1,2,130,5,1,100.0,0,N,MELB_URBAN,ROAD,9,16.0
150677,1,3,111,1,1,50.0,0,I,TOWNS,STREET,9,15.0
150678,1,4,121,1,1,80.0,0,N,MELB_URBAN,ROAD,9,12.0
150679,1,3,163,5,1,40.0,0,N,MELB_URBAN,DRIVE,9,16.0
150680,1,2,116,1,1,60.0,0,I,TOWNS,ROAD,9,15.0
150681,1,5,147,5,9,60.0,0,N,MELB_URBAN,STREET,9,12.0
150682,1,2,130,5,1,70.0,0,N,LARGE_PROVINCIAL_CITIES,RAMP,9,17.0
150683,1,7,110,1,2,70.0,0,I,MELB_URBAN,ROAD,3,19.0
150684,4,2,171,5,1,100.0,0,N,UNKNOWN,HIGHWAY,9,15.0
150685,1,3,130,5,1,50.0,0,N,MELB_URBAN,ROAD,9,17.0
150686,1,3,132,2,2,70.0,0,I,MELB_URBAN,ROAD,9,4.0
150687,1,3,99,5,2,80.0,0,N,UNKNOWN,ROAD,9,18.0
150688,1,3,113,2,3,60.0,0,I,SMALL_CITIES,ROAD,9,19.0
150689,1,3,99,5,1,60.0,0,N,TOWNS,AVENUE,9,9.0
150690,1,2,147,2,1,60.0,0,I,MELB_URBAN,HIGHWAY,9,16.0
150691,6,4,174,5,1,80.0,0,N,MELB_URBAN,FREEWAY,9,9.0
150692,1,2,130,5,1,60.0,0,N,MELB_URBAN,ROAD,9,16.0
150693,1,1,130,5,1,80.0,0,N,UNKNOWN,ROAD,9,9.0
150694,2,4,100,1,1,50.0,0,I,MELB_URBAN,STREET,9,8.0
150695,1,3,110,1,1,60.0,0,I,MELB_URBAN,ROAD,9,10.0
150696,1,3,120,5,5,80.0,0,N,RURAL_VICTORIA,ROAD,9,23.0
150697,1,3,130,1,1,60.0,0,I,LARGE_PROVINCIAL_CITIES,STREET,9,10.0
150698,1,5,130,5,1,70.0,0,I,MELB_URBAN,ROAD,9,13.0
150699,1,4,99,2,1,60.0,0,I,MELB_URBAN,DRIVE,9,11.0
150700,1,5,99,5,1,100.0,0,N,UNKNOWN,FREEWAY,9,7.0
150701,9,1,99,5,1,60.0,0,N,RURAL_VICTORIA,ROAD,1,12.0
150702,1,2,121,4,3,60.0,0,I,MELB_URBAN,ROAD,9,18.0
150703,7,1,99,5,1,60.0,0,N,RURAL_VICTORIA,ROAD,9,11.0
150704,8,0,99,5,1,60.0,0,N,RURAL_VICTORIA,ROAD,9,12.0
150705,1,4,130,5,1,60.0,0,N,SMALL_CITIES,ROAD,9,12.0
150706,1,1,116,2,2,60.0,0,N,MELB_URBAN,ROAD,9,18.0
150707,4,3,171,5,1,100.0,0,N,RURAL_VICTORIA,ROAD,9,9.0
150708,1,4,99,5,1,80.0,0,N,RURAL_VICTORIA,HIGHWAY,9,13.0
150709,1,3,130,5,1,80.0,0,N,RURAL_VICTORIA,ROAD,9,7.0
150710,1,3,130,5,1,80.0,0,N,MELB_URBAN,ROAD,9,14.0
150711,1,3,130,5,1,60.0,0,N,MELB_URBAN,ROAD,9,7.0
150712,1,4,99,5,1,80.0,0,N,MELB_URBAN,ROAD,9,14.0
150713,1,4,99,2,1,60.0,0,I,RURAL_VICTORIA,OTHER,9,14.0
150714,4,0,99,5,1,100.0,0,N,RURAL_VICTORIA,OTHER,9,10.0
150715,1,3,130,5,1,80.0,0,N,MELB_URBAN,RAMP,9,17.0
150716,4,3,171,5,1,100.0,0,N,RURAL_VICTORIA,ROAD,9,14.0
150717,1,3,113,2,1,70.0,0,I,MELB_URBAN,ROAD,9,9.0
150718,2,4,99,5,1,50.0,0,N,MELB_URBAN,STREET,9,15.0
150719,1,3,140,5,1,100.0,0,N,RURAL_VICTORIA,ROAD,9,15.0
150720,1,4,110,1,1,50.0,0,I,SMALL_CITIES,STREET,9,17.0
150721,1,3,113,2,2,60.0,0,I,MELB_URBAN,ROAD,9,17.0
150722,1,3,99,5,1,50.0,0,N,SMALL_CITIES,STREET,9,16.0
150723,7,4,99,5,1,60.0,0,N,RURAL_VICTORIA,ROAD,9,14.0
150724,1,3,121,1,3,60.0,0,N,MELB_URBAN,HIGHWAY,9,18.0
150725,3,6,167,5,2,70.0,0,N,RURAL_VICTORIA,ROAD,9,18.0
150726,1,4,130,5,2,60.0,0,N,MELB_URBAN,ROAD,9,17.0
150727,4,3,181,5,2,100.0,0,I,RURAL_VICTORIA,ROAD,9,17.0
150728,1,0,163,5,9,40.0,0,N,MELB_URBAN,STREET,9,16.0
150729,1,4,120,5,3,60.0,0,N,SMALL_CITIES,ROAD,9,18.0
150730,1,4,140,5,3,70.0,0,N,MELB_URBAN,ROAD,9,21.0
150731,1,4,113,2,3,60.0,0,I,MELB_URBAN,ROAD,9,22.0
150732,8,0,170,2,9,50.0,0,I,MELB_URBAN,STREET,6,0.0
150733,1,4,99,5,3,60.0,0,N,MELB_URBAN,ROAD,9,19.0
150734,1,4,140,5,3,60.0,0,N,MELB_URBAN,ROAD,9,20.0
150735,1,5,160,5,3,40.0,0,N,MELB_URBAN,ROAD,9,4.0
150736,1,6,99,5,1,50.0,0,N,MELB_URBAN,DRIVE,9,17.0
150737,8,5,99,5,5,100.0,0,N,RURAL_VICTORIA,ROAD,9,22.0
150738,4,1,173,5,3,100.0,0,N,RURAL_VICTORIA,HIGHWAY,8,18.0
150739,4,4,171,5,2,50.0,0,N,RURAL_VICTORIA,RAMP,9,6.0
150740,4,3,183,5,1,80.0,0,N,RURAL_VICTORIA,ROAD,9,14.0
150741,3,7,167,5,1,60.0,0,N,RURAL_VICTORIA,OTHER,4,9.0
150742,1,5,130,5,1,60.0,0,N,MELB_URBAN,ROAD,7,15.0
150743,4,4,181,5,1,80.0,0,N,MELB_URBAN,ROAD,9,8.0
150744,4,3,99,2,2,60.0,0,I,RURAL_VICTORIA,ROAD,9,18.0
150745,1,5,116,2,1,60.0,0,N,RURAL_VICTORIA,ROAD,9,8.0
150746,1,4,110,1,1,40.0,0,I,MELB_URBAN,STREET,9,17.0
150747,8,4,170,4,1,80.0,0,I,RURAL_VICTORIA,ROAD,9,9.0
150748,1,1,130,5,1,80.0,0,N,MELB_URBAN,ROAD,9,8.0
150749,1,5,113,2,1,60.0,0,I,SMALL_CITIES,DRIVE,9,8.0
150750,8,5,99,2,1,50.0,0,I,MELB_URBAN,STREET,9,8.0
150751,6,5,99,5,1,60.0,0,N,RURAL_VICTORIA,ROAD,9,9.0
150752,4,4,173,5,1,50.0,0,N,MELB_URBAN,STREET,9,12.0
150753,1,5,135,5,1,110.0,0,N,RURAL_VICTORIA,FREEWAY,9,14.0
150754,1,3,134,5,1,70.0,0,N,MELB_URBAN,ROAD,9,16.0
150755,6,5,184,5,1,60.0,1,N,RURAL_VICTORIA,OTHER,9,9.0
150756,1,3,130,1,9,80.0,0,N,MELB_URBAN,ROAD,9,6.0
150757,1,5,99,2,1,50.0,0,I,MELB_URBAN,STREET,9,12.0
150758,1,1,116,4,1,60.0,0,I,MELB_URBAN,ROAD,6,15.0
150759,1,4,111,1,1,50.0,0,I,RURAL_VICTORIA,STREET,9,14.0
150760,1,4,160,5,1,60.0,0,N,MELB_URBAN,ROAD,9,12.0
150761,1,4,147,5,1,50.0,0,N,MELB_URBAN,STREET,9,16.0
150762,1,5,121,1,9,60.0,0,I,MELB_URBAN,HIGHWAY,9,7.0
150763,1,4,132,2,9,50.0,0,N,SMALL_CITIES,DRIVE,7,16.0
150764,1,4,113,2,1,40.0,0,O,MELB_URBAN,UNKNOWN,9,15.0
150765,6,6,170,1,2,50.0,0,I,MELB_URBAN,BOULEVARD,9,18.0
150766,4,4,171,5,1,60.0,0,N,UNKNOWN,ROAD,9,17.0
150767,1,3,116,1,1,60.0,0,I,MELB_URBAN,ROAD,9,15.0
150768,4,5,171,1,1,50.0,0,I,LARGE_PROVINCIAL_CITIES,STREET,9,16.0
150769,2,4,99,5,5,80.0,0,N,SMALL_CITIES,HIGHWAY,9,19.0
150770,1,5,130,5,1,100.0,0,N,RURAL_VICTORIA,ROAD,9,16.0
150771,1,5,110,1,3,60.0,0,I,MELB_URBAN,STREET,9,19.0
150772,1,4,110,1,2,50.0,0,I,MELB_URBAN,STREET,9,18.0
150773,1,4,133,2,1,60.0,0,I,MELB_URBAN,ROAD,8,8.0
150774,1,4,110,1,1,60.0,0,I,LARGE_PROVINCIAL_CITIES,STREET,9,10.0
150775,1,5,160,5,3,50.0,0,N,UNKNOWN,BOULEVARD,9,18.0
150776,2,4,99,1,6,60.0,0,I,MELB_URBAN,OTHER,9,23.0
150777,2,5,99,5,1,50.0,1,N,TOWNS,STREET,9,16.0
150778,1,5,121,2,3,40.0,0,N,MELB_URBAN,ROAD,9,19.0
150779,7,5,99,5,3,30.0,0,N,MELB_URBAN,OTHER,9,0.0
150780,1,5,99,5,3,80.0,0,N,MELB_URBAN,ROAD,9,23.0
150781,8,6,174,5,3,40.0,0,N,MELBOURNE_CBD,STREET,9,0.0
150782,4,5,173,5,5,100.0,0,N,RURAL_VICTORIA,ROAD,9,0.0
150783,1,4,121,2,1,40.0,0,I,MELB_URBAN,STREET,9,8.0
150784,4,6,173,5,3,60.0,0,N,MELB_URBAN,OTHER,9,3.0
150785,1,0,99,2,1,50.0,0,N,RURAL_VICTORIA,OTHER,8,10.0
150786,4,5,171,5,1,80.0,0,N,MELB_URBAN,ROAD,9,7.0
150787,4,5,171,5,1,60.0,0,N,MELB_URBAN,DRIVE,9,10.0
150788,2,5,100,2,1,50.0,0,N,MELB_URBAN,STREET,9,8.0
150789,1,6,140,5,1,70.0,0,I,MELB_URBAN,ROAD,9,8.0
150790,4,6,181,5,1,100.0,0,N,RURAL_VICTORIA,ROAD,9,8.0
150791,1,5,99,5,1,100.0,0,I,RURAL_VICTORIA,ROAD,9,9.0
150792,1,5,121,2,1,50.0,0,I,SMALL_CITIES,DRIVE,9,8.0
150793,1,1,130,2,1,60.0,0,I,MELB_URBAN,ROAD,9,9.0
150794,1,6,99,4,1,40.0,0,I,SMALL_CITIES,STREET,9,12.0
150795,1,6,113,1,1,60.0,0,I,MELB_URBAN,ROAD,9,11.0
150796,2,5,99,2,1,50.0,0,N,MELB_URBAN,STREET,9,8.0
150797,1,6,133,5,1,70.0,0,N,MELB_URBAN,ROAD,9,11.0
150798,1,1,130,2,1,100.0,0,N,RURAL_VICTORIA,ROAD,6,16.0
150799,1,6,111,1,1,50.0,0,I,TOWNS,STREET,9,12.0
150800,6,6,174,5,1,60.0,0,N,LARGE_PROVINCIAL_CITIES,ROAD,9,9.0
150801,1,6,135,5,1,60.0,0,N,LARGE_PROVINCIAL_CITIES,STREET,9,9.0
150802,1,5,130,5,1,60.0,0,N,MELB_URBAN,FREEWAY,9,9.0
150803,1,6,110,1,1,50.0,0,I,MELB_URBAN,STREET,9,10.0
150804,2,4,100,1,1,60.0,0,N,MELB_URBAN,ROAD,9,16.0
150805,1,0,134,1,1,50.0,0,I,MELB_URBAN,ROAD,8,16.0
150806,2,4,100,5,9,60.0,0,N,UNKNOWN,UNKNOWN,7,10.0
150807,6,4,184,5,1,100.0,0,N,RURAL_VICTORIA,ROAD,7,15.0
150808,2,5,99,5,1,60.0,0,N,MELB_URBAN,OTHER,9,10.0
150809,2,6,102,5,1,50.0,0,N,TOWNS,ROAD,9,17.0
150810,1,5,121,1,1,100.0,0,N,RURAL_VICTORIA,ROAD,9,14.0
150811,1,6,133,5,1,80.0,0,N,MELB_URBAN,ROAD,9,13.0
150812,2,6,100,1,1,60.0,0,I,MELB_URBAN,ROAD,9,14.0