,accident_type,day_of_week,dca_code,road_geometry,light_condition,speed_zone,severity,node_type,deg_urban_name,road_type,month,hour
150813,1,5,130,1,1,60.0,0,N,MELB_URBAN,STREET,9,13.0
150814,1,2,132,1,1,80.0,0,N,MELB_URBAN,ROAD,9,6.0
150815,3,4,167,5,9,60.0,0,N,RURAL_VICTORIA,ROAD,7,18.0
150816,1,6,140,5,1,80.0,0,N,MELB_URBAN,ROAD,9,15.0
150817,4,6,183,5,1,100.0,0,N,RURAL_VICTORIA,HIGHWAY,9,15.0
150818,7,5,99,1,1,80.0,0,I,MELB_URBAN,ROAD,9,17.0
150819,2,7,99,5,2,70.0,0,N,MELB_URBAN,ROAD,9,18.0
150820,1,6,135,5,2,60.0,0,N,MELB_URBAN,HIGHWAY,9,17.0
150821,1,5,120,5,1,60.0,0,N,MELB_URBAN,ROAD,9,17.0
150822,1,5,121,1,1,70.0,0,I,SMALL_CITIES,ROAD,9,16.0
150823,1,5,120,2,2,60.0,0,N,MELB_URBAN,ROAD,9,17.0
150824,1,6,120,5,1,60.0,0,N,SMALL_TOWNS,ROAD,9,17.0
150825,1,5,116,2,1,50.0,0,I,MELB_URBAN,ROAD,9,15.0
150826,1,5,116,2,2,60.0,0,I,MELB_URBAN,ROAD,9,18.0
150827,4,5,171,5,3,50.0,0,N,MELB_URBAN,STREET,9,20.0
150828,1,6,147,2,1,80.0,0,I,MELB_URBAN,HIGHWAY,9,15.0
150829,1,6,130,5,3,70.0,0,N,LARGE_PROVINCIAL_CITIES,HIGHWAY,9,18.0
150830,4,6,171,5,3,60.0,0,N,LARGE_PROVINCIAL_CITIES,ROAD,9,20.0
150831,4,6,171,5,5,60.0,0,N,SMALL_TOWNS,ROAD,9,18.0
150832,2,6,102,5,3,50.0,0,N,MELB_URBAN,STREET,9,23.0
150833,1,7,163,5,3,40.0,0,N,MELBOURNE_CBD,STREET,9,1.0
150834,1,3,121,1,3,70.0,0,I,LARGE_PROVINCIAL_CITIES,ROAD,9,23.0
150835,1,6,113,2,3,40.0,0,I,MELB_URBAN,ROAD,9,21.0
150836,4,6,171,5,3,80.0,0,N,MELB_URBAN,ROAD,9,22.0
150837,4,7,173,5,5,80.0,0,N,RURAL_VICTORIA,ROAD,9,5.0
150838,1,4,111,1,1,60.0,0,N,MELB_URBAN,ROAD,9,15.0
150839,2,7,102,2,1,50.0,0,N,LARGE_PROVINCIAL_CITIES,ROAD,9,9.0
150840,1,1,134,5,1,70.0,0,N,MELB_URBAN,ROAD,9,11.0
150841,1,7,113,2,1,60.0,0,O,UNKNOWN,ROAD,9,10.0
150842,1,6,130,2,1,60.0,0,I,RURAL_VICTORIA,ROAD,3,15.0
150843,1,6,160,5,1,60.0,0,N,MELB_URBAN,STREET,9,11.0
150844,1,7,140,5,1,60.0,0,N,MELB_URBAN,ROAD,9,7.0
150845,1,6,99,1,1,80.0,0,I,MELB_URBAN,ROAD,9,15.0
150846,4,6,171,2,1,70.0,0,I,MELB_URBAN,ROAD,9,13.0
150847,1,6,110,1,1,100.0,0,I,RURAL_VICTORIA,HIGHWAY,9,13.0
150848,1,7,120,5,1,80.0,0,N,RURAL_VICTORIA,OTHER,9,11.0
150849,1,6,110,1,1,60.0,0,I,SMALL_CITIES,STREET,9,12.0
150850,2,6,102,5,1,60.0,0,N,MELB_URBAN,ROAD,9,14.0
150851,8,7,170,5,1,60.0,0,N,MELB_URBAN,ROAD,9,15.0
150852,1,7,99,1,1,60.0,0,I,LARGE_PROVINCIAL_CITIES,ROAD,9,16.0
150853,1,2,113,2,1,60.0,0,I,MELB_URBAN,ROAD,9,9.0
150854,1,7,121,2,1,80.0,0,I,SMALL_CITIES,HIGHWAY,9,10.0
150855,1,6,163,5,1,50.0,0,N,MELB_URBAN,AVENUE,9,13.0
150856,1,1,99,5,1,50.0,0,N,MELB_URBAN,STREET,9,12.0
150857,1,6,110,1,2,60.0,0,I,LARGE_PROVINCIAL_CITIES,STREET,9,18.0
150858,1,7,120,2,1,60.0,0,I,MELB_URBAN,ROAD,9,17.0
150859,3,1,167,5,5,100.0,0,N,RURAL_VICTORIA,ROAD,9,23.0
150860,1,6,130,1,3,60.0,0,I,MELB_URBAN,ROAD,9,21.0
150861,1,7,120,5,3,80.0,0,N,MELB_URBAN,ROAD,9,19.0
150862,2,7,100,5,3,80.0,0,N,MELB_URBAN,HIGHWAY,9,19.0
150863,4,6,171,5,3,100.0,0,N,MELB_URBAN,FREEWAY,9,20.0
150864,4,7,171,5,1,100.0,0,N,RURAL_VICTORIA,FREEWAY,9,17.0
150865,1,6,120,5,5,80.0,0,N,RURAL_VICTORIA,ROAD,9,21.0
150866,1,5,120,5,1,40.0,0,N,MELB_URBAN,STREET,9,9.0
150867,1,0,121,2,2,60.0,0,I,MELB_URBAN,ROAD,9,0.0
150868,2,7,100,5,3,50.0,1,N,MELB_URBAN,ROAD,9,23.0
150869,2,0,100,2,3,40.0,0,I,MELB_URBAN,STREET,9,0.0
150870,4,0,183,5,5,80.0,0,N,RURAL_VICTORIA,ROAD,9,1.0
150871,4,1,173,5,3,100.0,0,N,MELB_URBAN,UNKNOWN,9,1.0
150872,4,1,181,5,4,60.0,0,N,MELB_URBAN,ROAD,9,4.0
150873,1,3,130,5,1,80.0,0,N,UNKNOWN,HIGHWAY,9,8.0
150874,2,0,99,5,5,60.0,0,N,RURAL_VICTORIA,OTHER,9,3.0
150875,1,1,110,1,1,50.0,0,I,TOWNS,ROAD,9,7.0
150876,5,3,99,1,9,60.0,0,I,RURAL_VICTORIA,ROAD,7,11.0
150877,1,1,130,5,2,50.0,0,N,RURAL_VICTORIA,ROAD,9,5.0
150878,2,0,102,1,3,50.0,0,N,MELB_URBAN,ROAD,9,20.0
150879,4,7,171,5,5,100.0,0,N,UNKNOWN,HIGHWAY,9,20.0
150880,1,4,99,1,1,40.0,0,I,MELB_URBAN,OTHER,8,16.0
150881,1,1,99,2,1,60.0,0,I,MELB_URBAN,ROAD,9,9.0
150882,6,1,174,2,1,40.0,0,N,MELB_URBAN,ROAD,8,10.0
150883,1,1,120,5,1,80.0,0,N,RURAL_VICTORIA,ROAD,9,11.0
150884,1,3,113,2,3,60.0,0,I,MELB_URBAN,STREET,8,18.0
150885,6,3,174,2,1,80.0,0,N,RURAL_VICTORIA,OTHER,5,13.0
150886,2,1,99,2,3,60.0,0,N,MELB_URBAN,ROAD,9,20.0
150887,1,1,113,2,1,60.0,0,I,MELB_URBAN,ROAD,9,13.0
150888,1,6,160,5,1,40.0,0,N,UNKNOWN,DRIVE,9,10.0
150889,4,0,181,1,1,60.0,0,N,MELB_URBAN,ROAD,9,10.0
150890,1,0,110,1,1,50.0,0,I,SMALL_CITIES,STREET,9,14.0
150891,4,1,181,5,1,100.0,0,N,RURAL_VICTORIA,ROAD,9,13.0
150892,1,1,99,1,1,60.0,0,I,SMALL_CITIES,RAMP,9,16.0
150893,8,1,174,5,1,60.0,0,N,MELB_URBAN,ROAD,9,15.0
150894,1,1,99,5,1,60.0,0,N,SMALL_CITIES,AVENUE,9,15.0
150895,4,7,99,5,1,100.0,0,N,RURAL_VICTORIA,ROAD,9,8.0
150896,8,7,174,5,3,40.0,0,N,MELB_URBAN,STREET,9,21.0
150897,5,1,183,5,1,100.0,0,N,RURAL_VICTORIA,HIGHWAY,9,15.0
150898,1,0,130,2,3,60.0,0,I,MELB_URBAN,ROAD,9,18.0
150899,4,0,183,5,5,80.0,0,N,MELB_URBAN,FREEWAY,9,17.0
150900,4,0,171,4,3,40.0,0,N,RURAL_VICTORIA,ROAD,9,22.0
150901,4,1,181,5,5,100.0,1,N,RURAL_VICTORIA,HIGHWAY,9,20.0
150902,1,2,121,1,1,60.0,0,I,MELB_URBAN,ROAD,9,7.0
150903,1,0,121,1,3,60.0,0,I,MELB_URBAN,ROAD,9,21.0
150904,1,3,130,5,9,50.0,0,N,MELB_URBAN,OTHER,8,18.0
150905,1,1,121,1,1,100.0,0,I,RURAL_VICTORIA,HIGHWAY,9,9.0
150906,1,5,130,5,1,100.0,0,N,MELB_URBAN,FREEWAY,9,11.0
150907,4,6,181,5,1,60.0,0,N,RURAL_VICTORIA,ROAD,9,12.0
150908,4,6,173,2,5,100.0,0,N,RURAL_VICTORIA,AVENUE,9,22.0
150909,7,3,99,5,2,40.0,0,N,MELB_URBAN,ROAD,9,7.0
150910,6,5,174,2,1,60.0,0,I,MELB_URBAN,ROAD,6,12.0
150911,1,5,99,5,2,40.0,0,N,MELB_URBAN,STREET,9,18.0
150912,1,4,130,5,9,60.0,0,N,MELBOURNE_CBD,STREET,6,19.0
150913,4,1,99,5,1,50.0,0,N,MELB_URBAN,AVENUE,9,8.0
150914,1,1,110,1,1,50.0,0,I,MELB_URBAN,ROAD,9,10.0
150915,1,2,147,2,1,80.0,0,N,UNKNOWN,HIGHWAY,9,10.0
150916,1,1,130,5,1,100.0,0,N,RURAL_VICTORIA,FREEWAY,9,9.0
150917,4,0,173,5,3,80.0,0,N,MELB_URBAN,OTHER,9,1.0
150918,1,1,130,5,1,40.0,0,N,MELB_URBAN,ROAD,8,15.0
150919,1,7,160,5,9,60.0,0,N,MELB_URBAN,ROAD,6,17.0
150920,1,1,121,2,1,60.0,0,I,MELB_URBAN,ROAD,9,8.0
150921,4,1,171,5,3,80.0,0,N,RURAL_VICTORIA,ROAD,9,18.0
150922,1,1,121,2,1,60.0,0,I,MELB_URBAN,ROAD,9,13.0
150923,1,1,130,5,2,100.0,0,N,MELB_URBAN,FREEWAY,9,6.0
150924,7,6,99,5,1,100.0,0,N,RURAL_VICTORIA,ROAD,9,14.0
150925,1,5,130,5,1,60.0,0,N,MELB_URBAN,ROAD,8,17.0
150926,5,3,99,1,2,80.0,0,I,SMALL_CITIES,HIGHWAY,9,18.0
150927,2,4,100,5,1,60.0,0,N,MELB_URBAN,ROAD,9,13.0
150928,4,2,171,5,1,100.0,0,N,TOWNS,ROAD,9,13.0
150929,1,0,110,1,6,60.0,0,I,LARGE_PROVINCIAL_CITIES,STREET,9,20.0
150930,1,1,121,4,1,70.0,0,I,MELB_URBAN,ROAD,9,12.0
150931,7,6,99,5,1,60.0,0,N,MELB_URBAN,STREET,9,16.0
150932,8,2,99,5,1,100.0,0,N,RURAL_VICTORIA,ROAD,9,13.0
150933,1,2,160,5,1,50.0,0,N,MELB_URBAN,STREET,9,14.0
150934,1,1,113,2,2,60.0,0,I,MELB_URBAN,ROAD,9,17.0
150935,1,2,110,1,1,50.0,0,I,TOWNS,STREET,9,16.0
150936,1,1,111,2,1,80.0,0,I,MELB_URBAN,ROAD,9,14.0
150937,1,1,147,5,1,100.0,0,N,RURAL_VICTORIA,HIGHWAY,5,6.0
150938,4,6,173,5,1,60.0,0,N,LARGE_PROVINCIAL_CITIES,ROAD,9,14.0
150939,1,1,116,4,3,80.0,0,I,RURAL_VICTORIA,RAMP,9,19.0
150940,1,2,130,2,1,60.0,0,I,MELB_URBAN,STREET,9,8.0
150941,1,6,130,1,1,60.0,0,I,MELB_URBAN,HIGHWAY,9,14.0
150942,1,2,130,2,1,60.0,0,I,MELB_URBAN,ROAD,9,16.0
150943,4,1,181,5,1,100.0,0,N,RURAL_VICTORIA,ROAD,9,15.0
150944,4,2,171,5,1,80.0,0,N,MELB_URBAN,ROAD,9,15.0
150945,4,2,181,5,5,60.0,0,N,RURAL_VICTORIA,STREET,9,18.0
150946,1,1,130,5,2,80.0,0,N,MELB_URBAN,RAMP,9,17.0
150947,1,3,130,2,2,80.0,0,N,RURAL_VICTORIA,DRIVE,9,7.0
150948,4,0,183,5,5,80.0,0,N,RURAL_VICTORIA,ROAD,9,23.0
150949,1,6,130,5,1,100.0,0,N,MELB_URBAN,OTHER,9,17.0
150950,1,1,130,1,4,80.0,0,I,MELB_URBAN,ROAD,9,19.0
150951,8,1,99,1,2,50.0,0,I,LARGE_PROVINCIAL_CITIES,AVENUE,8,17.0
150952,4,1,171,9,5,100.0,0,N,RURAL_VICTORIA,ROAD,9,19.0
150953,1,2,130,5,1,100.0,1,N,RURAL_VICTORIA,FREEWAY,9,14.0
150954,4,3,99,2,6,60.0,0,I,LARGE_PROVINCIAL_CITIES,DRIVE,9,5.0
150955,1,2,113,2,2,80.0,0,N,UNKNOWN,ROAD,9,19.0
150956,1,3,110,1,2,60.0,0,N,MELB_URBAN,RAMP,9,7.0
150957,1,2,134,2,1,40.0,0,I,MELB_URBAN,ROAD,9,7.0
150958,1,0,160,5,1,70.0,0,N,MELB_URBAN,ROAD,9,7.0
150959,1,3,160,5,1,50.0,0,N,RURAL_VICTORIA,ROAD,9,6.0
150960,1,0,163,5,2,60.0,0,N,UNKNOWN,ROAD,9,18.0
150961,1,3,130,5,1,60.0,0,N,RURAL_VICTORIA,ROAD,9,9.0
150962,1,6,130,5,1,50.0,0,N,LARGE_PROVINCIAL_CITIES,STREET,9,15.0
150963,1,3,116,2,1,80.0,0,I,MELB_URBAN,ROAD,9,10.0
150964,6,1,174,5,1,60.0,0,N,RURAL_VICTORIA,ROAD,9,11.0
150965,1,3,130,2,1,60.0,0,I,MELB_URBAN,ROAD,9,8.0
150966,3,2,167,5,1,100.0,0,N,RURAL_VICTORIA,ROAD,9,7.0
150967,1,2,121,1,1,60.0,0,I,MELB_URBAN,ROAD,8,6.0
150968,1,2,135,4,1,50.0,0,N,LARGE_PROVINCIAL_CITIES,HIGHWAY,9,17.0
150969,1,2,121,1,1,40.0,0,I,MELB_URBAN,ROAD,9,10.0
150970,4,3,99,1,1,60.0,1,N,RURAL_VICTORIA,ROAD,9,10.0
150971,1,2,130,5,1,100.0,0,N,UNKNOWN,ROAD,9,10.0
150972,1,4,130,5,9,40.0,0,N,SMALL_CITIES,STREET,9,15.0
150973,8,7,174,5,1,60.0,0,N,RURAL_VICTORIA,DRIVE,9,14.0
150974,1,2,130,5,1,60.0,0,N,MELB_URBAN,STREET,9,13.0
150975,3,1,167,5,2,110.0,0,N,UNKNOWN,FREEWAY,9,5.0
150976,1,3,99,5,1,100.0,0,N,MELB_URBAN,ROAD,9,6.0
150977,1,0,121,2,3,60.0,0,I,MELB_URBAN,OTHER,9,22.0
150978,1,3,134,5,1,40.0,0,N,LARGE_PROVINCIAL_CITIES,STREET,9,14.0
150979,4,0,181,5,2,80.0,0,N,RURAL_VICTORIA,HIGHWAY,9,6.0
150980,1,2,130,1,1,80.0,0,N,MELB_URBAN,ROAD,9,13.0
150981,1,5,121,1,3,60.0,0,I,MELB_URBAN,ROAD,6,18.0
150982,8,6,174,5,1,60.0,0,N,MELB_URBAN,STREET,8,11.0
150983,1,6,130,5,1,60.0,0,N,MELB_URBAN,STREET,8,16.0
150984,1,7,99,1,1,60.0,0,I,MELB_URBAN,ROAD,3,12.0
150985,4,2,173,5,1,110.0,0,N,RURAL_VICTORIA,FREEWAY,9,15.0
150986,1,3,134,5,1,60.0,0,N,TOWNS,ROAD,9,16.0
150987,2,3,99,5,1,60.0,0,N,MELB_URBAN,ROAD,9,13.0
150988,1,5,147,5,9,60.0,0,N,MELB_URBAN,STREET,9,17.0
150989,1,3,99,5,1,50.0,0,N,MELB_URBAN,STREET,9,15.0
150990,1,3,121,2,1,80.0,1,I,MELB_URBAN,ROAD,9,14.0
150991,1,3,133,5,5,110.0,0,N,RURAL_VICTORIA,FREEWAY,9,18.0
150992,1,5,130,2,9,60.0,0,I,MELB_URBAN,ROAD,9,19.0
150993,1,3,135,5,1,110.0,0,N,RURAL_VICTORIA,FREEWAY,9,17.0
150994,1,2,130,5,5,80.0,0,N,MELB_URBAN,FREEWAY,8,19.0
150995,1,2,110,1,3,50.0,0,I,SMALL_CITIES,STREET,9,19.0
150996,1,2,121,1,1,70.0,0,I,MELB_URBAN,HIGHWAY,9,16.0
150997,1,3,140,5,1,100.0,1,N,RURAL_VICTORIA,ROAD,9,13.0
150998,7,3,99,5,3,50.0,0,N,SMALL_CITIES,STREET,9,20.0
150999,1,3,113,2,3,60.0,0,I,MELB_URBAN,ROAD,9,21.0
151000,1,2,99,5,1,60.0,0,N,MELB_URBAN,DRIVE,9,14.0
151001,1,3,113,1,3,80.0,0,I,MELB_URBAN,ROAD,9,21.0
151002,1,3,116,2,1,60.0,0,I,MELB_URBAN,DRIVE,9,17.0
151003,1,3,121,1,3,90.0,0,I,MELB_URBAN,ROAD,9,23.0
151004,1,1,110,1,3,40.0,0,I,MELBOURNE_CBD,STREET,9,1.0
151005,1,5,121,2,1,40.0,0,I,MELB_URBAN,STREET,9,9.0
151006,8,3,170,5,2,40.0,0,N,MELB_URBAN,ROAD,9,5.0
151007,1,5,121,2,1,60.0,0,I,MELB_URBAN,ROAD,9,13.0
151008,1,4,99,5,3,100.0,1,N,MELB_URBAN,ROAD,9,1.0
151009,1,4,121,1,1,60.0,0,I,MELB_URBAN,ROAD,9,6.0
151010,1,1,130,1,5,40.0,0,N,RURAL_VICTORIA,ROAD,9,18.0
151011,8,6,99,5,1,40.0,0,N,MELB_URBAN,ROAD,9,17.0
151012,2,3,100,5,1,60.0,0,N,LARGE_PROVINCIAL_CITIES,OTHER,9,10.0
151013,1,3,132,2,1,60.0,0,I,TOWNS,ROAD,9,17.0
151014,1,2,111,2,2,40.0,0,I,MELB_URBAN,STREET,9,17.0
151015,4,4,173,1,3,70.0,1,N,MELB_URBAN,ROAD,9,3.0
151016,2,4,100,1,1,80.0,0,N,MELB_URBAN,HIGHWAY,7,8.0
151017,1,4,130,5,2,40.0,0,N,RURAL_VICTORIA,FREEWAY,9,3.0
151018,4,4,99,2,1,50.0,0,I,SMALL_CITIES,STREET,9,10.0
151019,5,2,99,5,1,80.0,0,N,MELB_URBAN,UNKNOWN,9,10.0
151020,1,4,121,2,1,80.0,0,N,MELB_URBAN,ROAD,9,10.0
151021,1,5,121,2,1,80.0,0,I,MELB_URBAN,ROAD,9,16.0
151022,1,1,113,1,3,60.0,0,I,MELB_URBAN,ROAD,9,20.0
151023,1,6,132,2,1,60.0,0,I,LARGE_PROVINCIAL_CITIES,STREET,9,7.0
151024,1,6,147,5,1,60.0,0,N,MELB_URBAN,ROAD,7,11.0
151025,1,4,147,5,1,50.0,0,N,UNKNOWN,STREET,9,8.0
151026,2,7,99,5,1,70.0,0,N,LARGE_PROVINCIAL_CITIES,ROAD,9,11.0
151027,1,3,121,2,1,60.0,0,I,MELB_URBAN,ROAD,9,11.0
151028,1,6,110,1,1,60.0,0,I,MELB_URBAN,ROAD,9,11.0
151029,1,4,130,5,1,60.0,0,N,MELB_URBAN,PARADE,9,12.0
151030,1,4,120,5,1,60.0,0,N,MELB_URBAN,ROAD,9,14.0
151031,1,2,110,1,2,50.0,0,N,MELB_URBAN,ROAD,5,17.0
151032,1,3,121,5,1,80.0,0,N,MELB_URBAN,HIGHWAY,9,15.0
151033,1,4,99,5,1,60.0,0,N,LARGE_PROVINCIAL_CITIES,STREET,9,14.0
151034,1,4,113,1,1,60.0,0,N,LARGE_PROVINCIAL_CITIES,STREET,9,15.0
151035,4,3,181,5,1,100.0,0,N,UNKNOWN,ROAD,9,16.0
151036,1,4,147,5,1,80.0,0,N,MELB_URBAN,ROAD,9,15.0
151037,2,3,102,2,3,60.0,0,I,MELB_URBAN,ROAD,9,19.0
151038,1,2,116,2,2,60.0,0,I,SMALL_CITIES,ROAD,7,5.0
151039,1,4,120,5,2,60.0,0,N,RURAL_VICTORIA,ROAD,9,18.0
151040,1,2,130,5,1,100.0,0,N,RURAL_VICTORIA,FREEWAY,9,7.0
151041,1,3,110,1,2,70.0,0,N,MELB_URBAN,ROAD,9,5.0
151042,4,5,173,5,3,60.0,0,N,LARGE_PROVINCIAL_CITIES,PARADE,9,0.0
151043,4,4,171,5,2,60.0,0,N,UNKNOWN,STREET,9,6.0
151044,4,5,173,1,3,80.0,0,I,MELB_URBAN,HIGHWAY,9,4.0
151045,1,4,135,5,1,100.0,0,N,MELB_URBAN,FREEWAY,9,7.0
151046,1,5,110,1,1,60.0,0,I,SMALL_CITIES,STREET,7,8.0
151047,1,4,132,2,1,60.0,0,I,MELB_URBAN,ROAD,9,9.0
151048,4,5,171,2,1,60.0,0,I,MELB_URBAN,ROAD,9,6.0
151049,8,5,99,5,1,50.0,1,N,MELB_URBAN,ROAD,9,8.0
151050,1,4,120,5,3,60.0,0,N,MELB_URBAN,ROAD,9,22.0
151051,1,6,113,2,1,60.0,0,I,TOWNS,ROAD,1,11.0
151052,1,4,130,5,1,60.0,0,N,MELB_URBAN,ROAD,9,9.0
151053,4,5,171,5,1,80.0,1,N,RURAL_VICTORIA,ROAD,9,7.0
151054,1,5,110,1,1,50.0,0,I,SMALL_CITIES,STREET,9,9.0
151055,1,5,99,5,1,50.0,0,N,LARGE_PROVINCIAL_CITIES,STREET,9,10.0
151056,4,5,183,5,1,100.0,0,N,RURAL_VICTORIA,ROAD,9,7.0
151057,1,2,130,5,2,100.0,0,N,MELB_URBAN,FREEWAY,9,6.0
151058,1,5,99,5,1,80.0,0,N,MELB_URBAN,HIGHWAY,9,11.0
151059,2,0,102,1,6,60.0,0,N,MELB_URBAN,ROAD,9,18.0
151060,1,5,99,5,1,80.0,0,N,MELB_URBAN,ROAD,9,11.0
151061,2,5,102,1,1,60.0,0,N,MELB_URBAN,STREET,9,13.0
151062,1,3,110,1,2,60.0,0,I,MELB_URBAN,ROAD,9,4.0
151063,1,5,130,5,2,70.0,0,N,MELB_URBAN,ROAD,9,7.0
151064,8,5,184,5,1,50.0,0,N,MELB_URBAN,AVENUE,9,13.0
151065,1,3,130,5,3,60.0,0,N,MELB_URBAN,STREET,9,21.0
151066,1,4,110,1,1,50.0,0,I,MELB_URBAN,STREET,9,12.0
151067,8,5,170,2,1,50.0,0,I,LARGE_PROVINCIAL_CITIES,OTHER,9,14.0
151068,1,5,110,1,1,50.0,0,I,MELB_URBAN,AVENUE,9,12.0
151069,1,5,110,1,1,60.0,0,N,LARGE_PROVINCIAL_CITIES,STREET,9,15.0
151070,4,5,183,5,1,60.0,0,N,RURAL_VICTORIA,ROAD,9,14.0
151071,4,5,171,5,1,60.0,0,N,MELB_URBAN,AVENUE,9,15.0
151072,1,6,130,4,1,70.0,0,N,MELB_URBAN,DRIVE,9,17.0
151073,2,4,102,2,1,50.0,0,I,MELB_URBAN,DRIVE,9,16.0
151074,1,5,135,5,1,80.0,0,N,MELB_URBAN,ROAD,9,15.0
151075,1,5,160,5,1,60.0,0,N,MELB_URBAN,ROAD,9,16.0
151076,1,5,110,1,1,60.0,0,I,RURAL_VICTORIA,ROAD,9,16.0
151077,1,5,120,5,1,100.0,0,N,RURAL_VICTORIA,ROAD,9,15.0
151078,1,5,132,2,1,60.0,0,I,MELB_URBAN,ROAD,9,14.0
151079,1,4,121,1,3,60.0,0,I,LARGE_PROVINCIAL_CITIES,HIGHWAY,9,18.0
151080,6,5,174,5,3,40.0,0,N,MELB_URBAN,ROAD,9,19.0
151081,6,5,99,5,5,100.0,0,N,RURAL_VICTORIA,ROAD,9,18.0
151082,1,5,120,5,1,60.0,0,N,MELB_URBAN,STREET,9,16.0
151083,1,5,121,1,1,60.0,0,N,MELB_URBAN,ROAD,9,15.0
151084,1,5,121,5,3,60.0,0,N,LARGE_PROVINCIAL_CITIES,STREET,9,22.0
151085,2,5,99,5,5,60.0,0,N,UNKNOWN,PARADE,9,23.0
151086,1,6,147,5,3,60.0,0,N,MELB_URBAN,ROAD,9,1.0
151087,4,6,173,2,3,100.0,0,N,RURAL_VICTORIA,HIGHWAY,9,2.0
151088,1,4,121,1,3,80.0,0,N,MELB_URBAN,ROAD,9,22.0
151089,4,5,181,5,5,60.0,0,N,SMALL_TOWNS,ROAD,9,1.0
151090,1,2,99,2,9,60.0,0,I,MELB_URBAN,BOULEVARD,9,13.0
151091,4,6,173,5,1,60.0,0,N,RURAL_VICTORIA,ROAD,9,10.0
151092,4,4,99,5,1,100.0,0,N,RURAL_VICTORIA,ROAD,9,10.0
151093,2,6,100,5,3,40.0,0,N,MELB_URBAN,AVENUE,8,22.0
151094,1,5,120,5,1,100.0,0,N,RURAL_VICTORIA,ROAD,9,10.0
151095,1,6,160,5,1,60.0,0,N,MELB_URBAN,STREET,9,9.0
151096,1,6,111,4,3,60.0,0,I,SMALL_CITIES,DRIVE,9,19.0
151097,1,6,116,1,1,50.0,0,I,MELB_URBAN,ROAD,9,11.0
151098,4,6,171,2,1,50.0,0,I,TOWNS,STREET,9,13.0
151099,1,4,113,2,1,40.0,0,I,MELB_URBAN,ROAD,12,17.0
151100,1,5,132,2,1,80.0,0,I,LARGE_PROVINCIAL_CITIES,ROAD,9,14.0
151101,1,5,120,5,1,70.0,0,N,UNKNOWN,ROAD,9,14.0
151102,1,5,121,5,1,50.0,0,N,MELB_URBAN,ROAD,9,15.0
151103,1,5,140,2,3,40.0,0,I,MELB_URBAN,STREET,9,19.0
151104,1,6,130,1,1,60.0,0,N,MELB_URBAN,OTHER,9,10.0
151105,1,5,110,1,2,50.0,0,I,SMALL_TOWNS,STREET,9,17.0
151106,1,6,110,1,1,60.0,0,I,SMALL_CITIES,STREET,9,17.0
151107,6,5,174,1,1,50.0,0,I,LARGE_PROVINCIAL_CITIES,STREET,9,18.0
151108,1,5,121,1,2,80.0,0,I,RURAL_VICTORIA,HIGHWAY,9,17.0
151109,1,5,99,5,1,80.0,0,N,MELB_URBAN,FREEWAY,9,13.0
151110,1,6,113,2,3,60.0,0,I,MELB_URBAN,ROAD,9,19.0
151111,2,5,102,1,1,50.0,0,I,MELB_URBAN,STREET,9,14.0
151112,1,5,121,1,3,60.0,0,I,LARGE_PROVINCIAL_CITIES,STREET,9,20.0
151113,2,6,100,2,1,50.0,0,I,MELB_URBAN,STREET,9,16.0
151114,1,6,113,2,3,60.0,0,I,MELB_URBAN,ROAD,9,20.0
151115,1,6,121,1,3,90.0,0,N,MELB_URBAN,ROAD,9,20.0
151116,1,1,130,5,1,40.0,0,N,MELB_URBAN,STREET,9,15.0
151117,4,7,171,5,5,100.0,0,N,RURAL_VICTORIA,OTHER,9,1.0
151118,4,7,171,5,2,100.0,0,N,UNKNOWN,FREEWAY,9,4.0
151119,1,7,160,5,3,50.0,0,N,SMALL_CITIES,DRIVE,9,4.0
151120,8,2,174,2,3,60.0,0,N,MELB_URBAN,ROAD,9,0.0
151121,1,5,130,5,1,60.0,0,N,MELB_URBAN,ROAD,8,12.0
151122,4,7,183,5,5,60.0,0,N,RURAL_VICTORIA,ROAD,9,0.0
151123,1,7,133,5,1,50.0,0,N,MELB_URBAN,OTHER,9,9.0
151124,1,3,113,2,9,80.0,0,I,MELB_URBAN,ROAD,9,19.0
151125,1,4,99,2,1,60.0,0,I,MELB_URBAN,STREET,9,10.0
151126,1,5,121,2,1,60.0,0,I,MELB_URBAN,PARADE,9,12.0
151127,1,7,140,5,1,60.0,0,N,MELB_URBAN,ROAD,9,9.0
151128,1,6,110,1,1,60.0,0,I,MELB_URBAN,STREET,9,6.0
151129,1,6,130,2,1,80.0,0,I,MELB_URBAN,DRIVE,9,10.0
151130,1,5,130,1,1,80.0,0,I,SMALL_TOWNS,ROAD,9,13.0
151131,8,7,174,5,6,60.0,0,N,MELB_URBAN,ROAD,6,23.0
151132,1,6,111,2,1,60.0,0,I,MELB_URBAN,STREET,9,11.0
151133,6,5,174,5,1,100.0,0,N,RURAL_VICTORIA,ROAD,9,13.0
151134,8,4,99,5,1,100.0,0,N,RURAL_VICTORIA,ROAD,9,14.0
151135,1,3,110,1,1,50.0,0,I,SMALL_CITIES,DRIVE,9,16.0
151136,4,6,183,5,1,100.0,0,N,RURAL_VICTORIA,ROAD,9,11.0
151137,1,3,113,2,1,70.0,0,I,MELB_URBAN,ROAD,5,14.0
151138,4,7,181,5,1,80.0,0,N,RURAL_VICTORIA,ROAD,9,13.0