,accident_type,day_of_week,dca_code,road_geometry,light_condition,speed_zone,severity,node_type,deg_urban_name,road_type,month,hour
151139,4,6,171,5,2,50.0,0,N,TOWNS,STREET,9,17.0
151140,2,6,102,2,4,40.0,0,N,MELB_URBAN,STREET,9,18.0
151141,4,6,181,5,1,60.0,0,N,MELB_URBAN,HIGHWAY,9,15.0
151142,1,6,121,1,2,50.0,0,I,SMALL_CITIES,ROAD,9,19.0
151143,1,7,99,1,3,60.0,0,I,MELB_URBAN,ROAD,9,18.0
151144,1,7,120,5,1,100.0,0,N,RURAL_VICTORIA,ROAD,9,9.0
151145,1,7,130,5,1,60.0,0,N,MELB_URBAN,RAMP,9,13.0
151146,1,7,132,2,5,80.0,0,I,RURAL_VICTORIA,ROAD,9,21.0
151147,1,7,130,2,3,60.0,0,N,MELB_URBAN,ROAD,9,20.0
151148,1,7,121,5,3,70.0,0,N,MELB_URBAN,ROAD,9,23.0
151149,1,0,110,1,1,60.0,0,I,SMALL_CITIES,STREET,9,8.0
151150,1,3,132,1,2,70.0,0,I,MELB_URBAN,ROAD,9,5.0
151151,1,0,130,2,1,100.0,0,N,RURAL_VICTORIA,ROAD,9,9.0
151152,1,7,99,5,6,60.0,0,N,MELB_URBAN,STREET,9,1.0
151153,1,1,130,1,1,60.0,0,N,MELB_URBAN,ROAD,9,12.0
151154,2,1,100,2,1,50.0,0,N,MELB_URBAN,ROAD,9,12.0
151155,6,7,174,5,9,60.0,0,N,RURAL_VICTORIA,ROAD,9,15.0
151156,4,1,181,5,1,60.0,0,N,MELB_URBAN,ROAD,9,13.0
151157,4,1,181,2,1,80.0,0,I,RURAL_VICTORIA,ROAD,9,11.0
151158,1,1,99,5,1,60.0,0,N,SMALL_CITIES,STREET,9,12.0
151159,1,1,132,5,1,60.0,0,N,LARGE_PROVINCIAL_CITIES,ROAD,9,11.0
151160,1,2,110,1,9,60.0,0,I,MELB_URBAN,BOULEVARD,9,13.0
151161,1,1,130,5,1,80.0,0,N,MELB_URBAN,ROAD,9,9.0
151162,4,1,183,5,1,100.0,0,N,RURAL_VICTORIA,ROAD,9,12.0
151163,1,1,99,2,1,60.0,0,I,MELB_URBAN,PARADE,9,13.0
151164,4,1,181,5,1,100.0,1,N,RURAL_VICTORIA,ROAD,9,13.0
151165,1,6,121,1,3,60.0,0,I,SMALL_CITIES,ROAD,9,20.0
151166,6,4,99,5,1,100.0,0,N,LARGE_PROVINCIAL_CITIES,ROAD,7,17.0
151167,4,0,173,5,1,60.0,0,N,RURAL_VICTORIA,ROAD,9,16.0
151168,4,1,171,1,1,60.0,0,I,LARGE_PROVINCIAL_CITIES,ROAD,9,17.0
151169,8,1,99,5,1,40.0,0,N,LARGE_PROVINCIAL_CITIES,ROAD,9,14.0
151170,1,0,130,1,1,70.0,0,I,MELB_URBAN,ROAD,9,16.0
151171,1,0,163,5,1,40.0,0,N,MELB_URBAN,STREET,9,14.0
151172,1,1,120,5,1,80.0,0,N,RURAL_VICTORIA,HIGHWAY,9,17.0
151173,1,0,121,1,1,60.0,0,I,MELB_URBAN,ROAD,9,17.0
151174,1,1,121,1,3,80.0,0,I,LARGE_PROVINCIAL_CITIES,ROAD,9,20.0
151175,1,1,99,5,9,60.0,0,N,MELB_URBAN,ROAD,9,17.0
151176,1,0,160,5,3,60.0,0,N,MELB_URBAN,ROAD,9,20.0
151177,4,1,183,5,9,80.0,0,N,MELB_URBAN,ROAD,9,11.0
151178,1,0,130,5,1,80.0,0,N,MELB_URBAN,HIGHWAY,9,10.0
151179,1,2,120,1,1,100.0,0,N,RURAL_VICTORIA,ROAD,9,6.0
151180,1,2,110,1,1,80.0,0,I,RURAL_VICTORIA,HIGHWAY,9,9.0
151181,1,5,121,5,1,40.0,0,N,MELB_URBAN,STREET,9,14.0
151182,1,1,132,2,1,60.0,0,I,MELB_URBAN,STREET,9,15.0
151183,8,1,99,2,1,40.0,0,I,MELB_URBAN,STREET,9,8.0
151184,8,2,99,5,1,80.0,0,N,RURAL_VICTORIA,ROAD,9,8.0
151185,1,4,147,5,1,60.0,0,N,MELB_URBAN,ROAD,8,8.0
151186,1,6,116,2,1,70.0,0,I,MELB_URBAN,ROAD,8,9.0
151187,4,4,99,2,1,60.0,0,I,MELB_URBAN,STREET,4,9.0
151188,1,2,171,5,1,60.0,0,N,RURAL_VICTORIA,ROAD,9,7.0
151189,1,4,130,5,1,60.0,0,N,RURAL_VICTORIA,ROAD,8,10.0
151190,1,2,140,1,1,60.0,0,N,MELB_URBAN,STREET,9,11.0
151191,1,2,163,5,1,60.0,0,N,MELB_URBAN,ROAD,9,19.0
151192,6,1,184,5,1,60.0,0,N,RURAL_VICTORIA,ROAD,9,13.0
151193,1,2,116,2,1,60.0,0,I,SMALL_CITIES,ROAD,9,12.0
151194,4,2,181,5,1,100.0,0,N,RURAL_VICTORIA,ROAD,9,12.0
151195,8,6,99,2,1,100.0,0,N,RURAL_VICTORIA,ROAD,7,10.0
151196,1,5,130,5,1,40.0,0,N,RURAL_VICTORIA,ROAD,9,17.0
151197,1,2,135,5,2,60.0,0,N,MELB_URBAN,ROAD,4,5.0
151198,1,1,130,5,1,110.0,0,N,RURAL_VICTORIA,FREEWAY,9,14.0
151199,3,7,167,5,2,60.0,0,N,RURAL_VICTORIA,ROAD,8,19.0
151200,1,1,130,5,1,80.0,0,N,MELB_URBAN,ROAD,9,16.0
151201,1,2,113,2,1,100.0,1,I,RURAL_VICTORIA,HIGHWAY,9,16.0
151202,1,1,121,2,1,60.0,0,I,MELB_URBAN,ROAD,9,17.0
151203,5,2,99,5,1,110.0,0,N,RURAL_VICTORIA,FREEWAY,9,15.0
151204,2,2,102,2,1,50.0,0,I,MELB_URBAN,OTHER,9,17.0
151205,2,2,99,5,3,50.0,0,N,TOWNS,OTHER,9,19.0
151206,1,2,99,1,9,60.0,0,N,MELB_URBAN,STREET,9,6.0
151207,1,6,130,1,3,50.0,0,I,MELB_URBAN,ROAD,9,18.0
151208,1,2,121,1,6,50.0,0,I,MELB_URBAN,STREET,9,20.0
151209,2,1,102,2,3,50.0,0,N,MELB_URBAN,STREET,9,20.0
151210,5,1,181,2,3,80.0,0,N,RURAL_VICTORIA,ROAD,9,22.0
151211,1,3,121,2,3,50.0,0,I,TOWNS,ROAD,8,19.0
151212,4,3,173,4,3,60.0,0,I,LARGE_PROVINCIAL_CITIES,ROAD,9,0.0
151213,2,2,99,2,3,60.0,0,I,LARGE_PROVINCIAL_CITIES,DRIVE,9,22.0
151214,4,2,173,5,5,100.0,0,N,RURAL_VICTORIA,HIGHWAY,9,0.0
151215,4,2,183,1,3,80.0,0,N,MELB_URBAN,RAMP,9,22.0
151216,3,6,167,5,5,100.0,0,N,SMALL_TOWNS,FREEWAY,9,3.0
151217,1,2,173,5,1,50.0,0,N,RURAL_VICTORIA,ROAD,9,5.0
151218,8,2,99,5,1,40.0,0,N,TOWNS,STREET,9,9.0
151219,1,3,120,5,1,60.0,0,N,MELB_URBAN,ROAD,9,14.0
151220,1,5,130,5,1,80.0,0,N,MELB_URBAN,ROAD,9,13.0
151221,4,3,171,5,1,80.0,0,N,MELB_URBAN,ROAD,9,9.0
151222,4,2,171,5,1,60.0,0,N,UNKNOWN,ROAD,9,11.0
151223,4,2,181,5,1,80.0,0,N,RURAL_VICTORIA,ROAD,9,9.0
151224,1,0,160,5,1,60.0,0,N,MELB_URBAN,STREET,10,14.0
151225,1,5,113,2,1,50.0,0,I,MELB_URBAN,ROAD,9,9.0
151226,1,3,147,5,1,50.0,0,N,MELB_URBAN,STREET,9,13.0
151227,1,5,113,1,1,60.0,0,I,MELB_URBAN,ROAD,9,7.0
151228,2,5,100,2,1,50.0,0,I,MELB_URBAN,ROAD,7,9.0
151229,8,2,99,5,1,80.0,0,N,RURAL_VICTORIA,ROAD,9,15.0
151230,1,6,110,1,3,40.0,0,I,MELB_URBAN,ROAD,9,19.0
151231,1,6,110,1,6,60.0,0,I,MELB_URBAN,ROAD,9,20.0
151232,1,3,130,1,1,60.0,0,N,MELB_URBAN,ROAD,9,17.0
151233,1,4,130,2,1,60.0,0,N,MELB_URBAN,STREET,9,17.0
151234,1,2,130,5,1,60.0,0,N,MELB_URBAN,ROAD,9,17.0
151235,1,2,130,5,1,60.0,0,N,MELB_URBAN,STREET,9,11.0
151236,1,2,130,5,1,100.0,0,I,RURAL_VICTORIA,ROAD,9,15.0
151237,2,3,100,5,1,70.0,0,N,MELB_URBAN,ROAD,9,15.0
151238,4,2,171,5,1,60.0,0,N,UNKNOWN,DRIVE,9,16.0
151239,1,3,120,5,1,80.0,0,N,RURAL_VICTORIA,STREET,9,16.0
151240,1,1,120,5,3,60.0,0,N,MELB_URBAN,ROAD,9,4.0
151241,1,3,113,2,1,80.0,0,I,SMALL_CITIES,HIGHWAY,9,16.0
151242,1,2,121,1,3,70.0,0,I,TOWNS,HIGHWAY,9,18.0
151243,1,2,121,1,3,50.0,0,I,MELB_URBAN,STREET,9,19.0
151244,1,5,120,5,1,60.0,0,N,RURAL_VICTORIA,OTHER,9,13.0
151245,4,3,173,5,3,100.0,0,N,MELB_URBAN,ROAD,9,5.0
151246,1,6,134,5,2,60.0,0,N,MELB_URBAN,BOULEVARD,9,16.0
151247,4,3,181,5,2,100.0,0,N,UNKNOWN,ROAD,9,18.0
151248,1,1,99,5,1,80.0,0,N,RURAL_VICTORIA,ROAD,9,12.0
151249,1,3,132,2,1,60.0,0,N,LARGE_PROVINCIAL_CITIES,DRIVE,9,9.0
151250,1,3,130,5,1,60.0,0,N,SMALL_CITIES,ROAD,9,13.0
151251,4,2,99,5,3,100.0,0,N,MELB_URBAN,FREEWAY,9,22.0
151252,1,4,113,2,1,70.0,0,I,SMALL_CITIES,STREET,9,11.0
151253,1,3,130,5,1,40.0,0,N,RURAL_VICTORIA,ROAD,9,10.0
151254,4,2,181,5,1,60.0,0,N,RURAL_VICTORIA,ROAD,9,14.0
151255,2,3,99,9,9,60.0,0,N,LARGE_PROVINCIAL_CITIES,DRIVE,8,20.0
151256,1,5,130,5,1,80.0,0,N,MELB_URBAN,FREEWAY,9,16.0
151257,1,4,116,2,1,60.0,0,I,SMALL_CITIES,DRIVE,9,11.0
151258,1,6,160,5,3,50.0,0,N,MELB_URBAN,STREET,9,2.0
151259,2,4,100,5,1,40.0,0,N,MELB_URBAN,ROAD,9,12.0
151260,1,3,110,1,1,50.0,0,I,MELB_URBAN,STREET,9,15.0
151261,1,5,130,5,1,30.0,0,N,MELB_URBAN,RAMP,5,16.0
151262,1,3,130,5,1,80.0,0,N,UNKNOWN,ROAD,9,10.0
151263,1,4,110,1,1,100.0,0,I,RURAL_VICTORIA,ROAD,9,12.0
151264,1,2,130,5,9,60.0,0,N,SMALL_TOWNS,HIGHWAY,5,9.0
151265,1,3,130,5,1,60.0,0,N,MELB_URBAN,ROAD,9,11.0
151266,5,4,99,5,1,100.0,0,N,UNKNOWN,HIGHWAY,9,14.0
151267,6,1,174,5,9,100.0,0,N,RURAL_VICTORIA,ROAD,7,12.0
151268,2,3,100,2,1,50.0,0,N,MELB_URBAN,STREET,9,13.0
151269,2,4,99,5,1,50.0,0,N,MELB_URBAN,STREET,9,10.0
151270,1,1,113,2,1,60.0,0,I,MELB_URBAN,ROAD,7,12.0
151271,1,4,99,5,1,50.0,0,N,MELB_URBAN,ROAD,9,15.0
151272,1,3,130,2,2,60.0,0,I,MELB_URBAN,ROAD,9,18.0
151273,1,3,121,1,1,60.0,0,I,MELB_URBAN,STREET,9,17.0
151274,1,3,130,1,1,60.0,0,I,MELB_URBAN,ROAD,9,17.0
151275,2,3,100,2,3,50.0,0,N,MELB_URBAN,ROAD,9,18.0
151276,1,4,130,5,1,60.0,0,N,MELB_URBAN,ROAD,8,8.0
151277,2,4,102,4,2,40.0,0,I,MELB_URBAN,RAMP,9,8.0
151278,1,0,130,2,3,80.0,0,N,MELB_URBAN,ROAD,9,19.0
151279,1,4,120,5,1,60.0,0,N,MELB_URBAN,ROAD,9,15.0
151280,1,3,130,2,1,70.0,0,I,MELB_URBAN,ROAD,9,15.0
151281,1,4,134,5,1,100.0,0,N,MELB_URBAN,RAMP,9,16.0
151282,4,3,173,5,1,100.0,0,N,RURAL_VICTORIA,OTHER,9,15.0
151283,8,7,170,2,1,100.0,0,I,RURAL_VICTORIA,HIGHWAY,9,11.0
151284,2,4,99,1,1,40.0,0,I,MELB_URBAN,STREET,9,7.0
151285,1,3,121,5,1,80.0,0,N,MELB_URBAN,HIGHWAY,9,13.0
151286,1,1,132,2,1,50.0,0,I,MELB_URBAN,ROAD,9,16.0
151287,1,5,110,1,1,50.0,1,I,MELB_URBAN,ROAD,9,9.0
151288,1,3,99,5,1,60.0,0,N,SMALL_TOWNS,ROAD,9,10.0
151289,1,6,130,9,1,80.0,0,I,MELB_URBAN,HIGHWAY,9,15.0
151290,1,5,121,1,1,40.0,0,I,MELB_URBAN,STREET,9,8.0
151291,1,0,130,2,1,80.0,0,I,MELB_URBAN,FREEWAY,9,15.0
151292,1,3,121,2,1,70.0,0,N,MELB_URBAN,OTHER,9,16.0
151293,1,7,160,2,1,50.0,0,N,MELB_URBAN,ROAD,9,11.0
151294,4,4,171,5,1,60.0,0,N,UNKNOWN,ROAD,9,11.0
151295,2,3,100,2,1,80.0,0,I,MELB_URBAN,ROAD,9,10.0
151296,1,4,160,5,1,60.0,0,N,MELB_URBAN,ROAD,9,12.0
151297,1,2,130,1,1,50.0,0,N,MELB_URBAN,STREET,9,12.0
151298,4,1,171,5,1,60.0,0,N,RURAL_VICTORIA,ROAD,9,15.0
151299,4,5,183,5,5,110.0,1,N,RURAL_VICTORIA,FREEWAY,9,3.0
151300,2,4,102,5,1,50.0,0,N,MELB_URBAN,STREET,9,12.0
151301,1,5,121,5,1,60.0,0,N,MELB_URBAN,ROAD,9,15.0
151302,1,4,121,5,1,60.0,0,N,LARGE_PROVINCIAL_CITIES,STREET,9,11.0
151303,2,5,100,5,1,40.0,0,N,UNKNOWN,STREET,9,15.0
151304,1,5,160,5,1,60.0,0,N,MELB_URBAN,ROAD,9,15.0
151305,1,3,130,5,9,60.0,0,N,MELB_URBAN,ROAD,7,7.0
151306,1,3,132,1,9,60.0,0,N,MELB_URBAN,STREET,9,14.0
151307,4,5,173,5,2,40.0,0,N,MELB_URBAN,ROAD,7,6.0
151308,1,1,120,5,2,60.0,0,N,MELB_URBAN,ROAD,7,17.0
151309,1,5,130,1,1,70.0,0,I,MELB_URBAN,ROAD,9,15.0
151310,1,3,135,2,2,60.0,0,N,MELB_URBAN,PARADE,9,17.0
151311,1,4,130,5,2,70.0,0,N,LARGE_PROVINCIAL_CITIES,ROAD,9,17.0
151312,1,4,120,5,1,60.0,0,N,MELB_URBAN,ROAD,9,14.0
151313,4,5,181,5,1,50.0,0,N,MELB_URBAN,ROAD,9,15.0
151314,1,4,110,1,1,40.0,0,I,MELB_URBAN,STREET,9,17.0
151315,1,5,130,5,1,60.0,0,N,UNKNOWN,ROAD,9,16.0
151316,2,4,99,5,2,40.0,0,N,MELB_URBAN,STREET,9,18.0
151317,1,5,121,2,9,40.0,0,I,MELB_URBAN,STREET,9,17.0
151318,1,4,140,5,1,40.0,0,N,MELBOURNE_CBD,STREET,9,14.0
151319,1,5,113,2,1,50.0,0,I,MELB_URBAN,ROAD,9,16.0
151320,1,4,135,5,1,80.0,0,N,MELB_URBAN,ROAD,9,16.0
151321,5,4,99,2,1,60.0,0,I,SMALL_CITIES,ROAD,9,14.0
151322,1,5,110,1,2,60.0,0,I,MELB_URBAN,AVENUE,9,5.0
151323,1,5,160,5,3,60.0,0,N,SMALL_CITIES,ROAD,9,20.0
151324,1,6,130,5,1,110.0,0,N,SMALL_CITIES,FREEWAY,9,6.0
151325,1,5,121,1,2,60.0,0,I,MELB_URBAN,STREET,9,6.0
151326,4,5,183,5,2,60.0,0,N,RURAL_VICTORIA,ROAD,9,6.0
151327,1,6,99,2,1,60.0,0,I,MELB_URBAN,PARADE,9,7.0
151328,1,5,130,5,1,60.0,0,N,UNKNOWN,OTHER,9,8.0
151329,1,2,110,1,1,60.0,0,I,MELB_URBAN,STREET,9,11.0
151330,2,6,100,1,2,60.0,0,I,MELB_URBAN,ROAD,9,5.0
151331,8,3,174,1,1,50.0,0,I,MELB_URBAN,ROAD,9,6.0
151332,1,5,111,2,1,60.0,0,I,MELB_URBAN,RAMP,9,10.0
151333,1,3,121,2,1,80.0,0,I,MELB_URBAN,ROAD,9,11.0
151334,1,5,130,5,1,60.0,0,N,MELB_URBAN,ROAD,9,11.0
151335,2,5,100,1,1,50.0,0,I,MELB_URBAN,ROAD,9,10.0
151336,1,5,110,1,1,50.0,0,I,TOWNS,STREET,9,13.0
151337,1,3,130,5,1,80.0,0,N,MELB_URBAN,RAMP,9,8.0
151338,6,6,99,5,1,100.0,0,N,RURAL_VICTORIA,ROAD,9,9.0
151339,1,5,130,1,2,60.0,0,N,MELB_URBAN,ROAD,9,6.0
151340,1,1,99,1,1,60.0,0,I,MELB_URBAN,ROAD,9,10.0
151341,1,3,135,5,3,60.0,0,N,MELB_URBAN,AVENUE,9,22.0
151342,1,6,99,1,1,60.0,0,I,MELB_URBAN,STREET,9,14.0
151343,1,6,111,1,1,60.0,0,I,RURAL_VICTORIA,ROAD,9,13.0
151344,1,3,147,5,3,60.0,0,N,MELB_URBAN,ROAD,9,19.0
151345,1,5,99,5,1,40.0,0,N,MELB_URBAN,DRIVE,9,13.0
151346,1,4,110,1,6,60.0,0,I,SMALL_CITIES,STREET,8,19.0
151347,1,5,99,5,9,70.0,0,N,MELB_URBAN,ROAD,9,2.0
151348,1,6,163,5,1,50.0,0,N,MELB_URBAN,STREET,9,11.0
151349,1,6,130,5,1,70.0,0,N,MELB_URBAN,ROAD,9,15.0
151350,1,4,130,1,1,60.0,0,I,MELB_URBAN,ROAD,9,13.0
151351,1,2,111,2,1,60.0,0,I,RURAL_VICTORIA,STREET,9,11.0
151352,4,7,183,5,1,80.0,0,N,RURAL_VICTORIA,ROAD,9,15.0
151353,1,4,133,2,1,60.0,0,N,MELB_URBAN,ROAD,9,19.0
151354,8,6,174,5,2,80.0,0,N,RURAL_VICTORIA,HIGHWAY,8,17.0
151355,1,5,130,5,2,60.0,0,N,MELB_URBAN,ROAD,9,17.0
151356,2,6,100,1,2,60.0,0,I,MELB_URBAN,STREET,9,18.0
151357,1,5,110,1,3,50.0,0,I,SMALL_CITIES,STREET,9,19.0
151358,1,6,99,1,1,70.0,0,I,MELB_URBAN,ROAD,9,14.0
151359,1,6,130,5,1,60.0,0,N,MELB_URBAN,ROAD,9,14.0
151360,4,6,173,5,1,50.0,0,N,MELB_URBAN,OTHER,9,17.0
151361,1,6,140,1,1,60.0,0,I,MELB_URBAN,ROAD,9,13.0
151362,1,5,121,2,3,60.0,0,I,MELB_URBAN,ROAD,9,19.0
151363,1,6,130,5,3,60.0,0,N,MELB_URBAN,AVENUE,9,21.0
151364,1,7,160,5,3,60.0,0,N,UNKNOWN,ROAD,10,0.0
151365,1,7,121,1,3,60.0,0,I,MELB_URBAN,STREET,10,1.0
151366,1,5,160,5,1,60.0,0,N,UNKNOWN,ROAD,9,13.0
151367,1,5,121,2,1,60.0,0,I,MELB_URBAN,ROAD,9,14.0
151368,4,6,171,5,1,50.0,0,N,MELB_URBAN,STREET,9,10.0
151369,1,4,121,2,1,60.0,0,N,MELB_URBAN,AVENUE,9,13.0
151370,1,7,113,2,1,80.0,0,N,MELB_URBAN,ROAD,10,10.0
151371,1,7,99,5,1,50.0,0,N,UNKNOWN,STREET,10,11.0
151372,4,7,171,5,5,60.0,0,N,MELB_URBAN,ROAD,10,5.0
151373,1,7,163,5,1,40.0,0,N,MELB_URBAN,STREET,10,12.0
151374,1,7,113,2,1,60.0,0,N,SMALL_CITIES,ROAD,10,9.0
151375,1,6,113,2,1,50.0,0,I,MELB_URBAN,STREET,10,12.0
151376,4,6,173,5,1,80.0,0,N,RURAL_VICTORIA,ROAD,10,12.0
151377,1,5,113,4,5,80.0,0,I,RURAL_VICTORIA,RAMP,9,21.0
151378,1,6,121,1,1,60.0,0,N,MELB_URBAN,UNKNOWN,10,15.0
151379,1,0,130,5,1,80.0,0,N,MELB_URBAN,FREEWAY,8,11.0
151380,1,6,130,5,1,60.0,0,N,MELB_URBAN,ROAD,10,15.0
151381,1,7,121,1,1,80.0,0,I,MELB_URBAN,HIGHWAY,10,14.0
151382,1,6,130,5,1,100.0,0,N,RURAL_VICTORIA,FREEWAY,10,17.0
151383,1,6,116,1,3,70.0,0,N,MELB_URBAN,ROAD,10,21.0
151384,4,7,173,5,1,80.0,0,N,RURAL_VICTORIA,HIGHWAY,10,5.0
151385,2,7,100,5,3,70.0,1,N,MELB_URBAN,ROAD,10,20.0
151386,1,7,116,1,3,60.0,0,I,RURAL_VICTORIA,BOULEVARD,10,22.0
151387,4,6,173,5,5,80.0,0,N,RURAL_VICTORIA,ROAD,10,22.0
151388,1,5,99,5,1,60.0,0,N,SMALL_CITIES,ROAD,9,16.0
151389,1,2,133,1,1,60.0,0,I,MELB_URBAN,STREET,9,17.0
151390,1,7,113,2,1,60.0,0,N,MELB_URBAN,ROAD,10,10.0
151391,3,0,167,5,9,80.0,0,N,TOWNS,ROAD,9,7.0
151392,3,7,167,5,1,100.0,0,N,RURAL_VICTORIA,OTHER,10,7.0
151393,1,0,110,1,1,60.0,0,I,LARGE_PROVINCIAL_CITIES,STREET,10,11.0
151394,8,1,174,5,1,60.0,0,N,MELB_URBAN,ROAD,10,11.0
151395,1,0,130,5,1,60.0,0,N,UNKNOWN,ROAD,10,12.0
151396,1,1,130,5,1,80.0,0,N,MELB_URBAN,ROAD,10,12.0
151397,1,1,99,2,1,40.0,0,I,LARGE_PROVINCIAL_CITIES,PARADE,10,11.0
151398,1,1,147,5,1,50.0,0,N,LARGE_PROVINCIAL_CITIES,STREET,10,13.0
151399,4,0,171,5,2,60.0,0,N,UNKNOWN,RAMP,10,6.0
151400,1,5,147,5,1,80.0,0,N,RURAL_VICTORIA,ROAD,9,10.0
151401,1,0,121,2,1,60.0,0,I,MELB_URBAN,ROAD,10,15.0
151402,7,1,99,5,1,100.0,0,N,RURAL_VICTORIA,ROAD,10,14.0
151403,1,3,130,5,1,100.0,0,N,MELB_URBAN,FREEWAY,9,8.0
151404,7,1,184,1,1,80.0,0,N,RURAL_VICTORIA,ROAD,10,14.0
151405,4,1,181,5,1,100.0,0,N,RURAL_VICTORIA,ROAD,10,16.0
151406,1,5,110,1,1,50.0,0,N,MELB_URBAN,AVENUE,8,16.0
151407,1,1,163,5,1,60.0,0,N,MELB_URBAN,STREET,10,12.0
151408,8,1,99,5,1,100.0,0,N,RURAL_VICTORIA,ROAD,10,16.0
151409,1,0,134,5,1,60.0,0,N,MELB_URBAN,STREET,10,17.0
151410,1,1,121,2,1,60.0,0,I,MELB_URBAN,ROAD,10,16.0
151411,1,1,130,5,1,80.0,0,N,MELB_URBAN,HIGHWAY,10,16.0
151412,8,1,99,2,1,60.0,0,I,MELB_URBAN,HIGHWAY,10,18.0
151413,1,3,163,5,9,50.0,0,N,MELB_URBAN,STREET,9,10.0
151414,4,0,173,5,2,60.0,0,N,RURAL_VICTORIA,ROAD,10,19.0
151415,1,1,113,2,3,50.0,0,N,MELB_URBAN,STREET,10,22.0
151416,2,0,102,1,5,50.0,0,I,MELB_URBAN,STREET,10,21.0
151417,1,2,110,1,3,50.0,0,I,MELB_URBAN,STREET,10,2.0
151418,1,6,132,2,1,60.0,0,I,MELB_URBAN,STREET,9,13.0
151419,1,1,160,5,1,50.0,0,N,MELB_URBAN,STREET,10,10.0
151420,6,6,99,1,6,80.0,0,I,RURAL_VICTORIA,ROAD,8,23.0
151421,4,2,181,5,5,100.0,0,N,RURAL_VICTORIA,ROAD,10,0.0
151422,5,6,99,5,2,100.0,0,N,UNKNOWN,HIGHWAY,9,19.0
151423,1,0,132,1,1,100.0,0,N,RURAL_VICTORIA,HIGHWAY,10,14.0
151424,2,0,102,2,3,60.0,0,I,MELB_URBAN,ROAD,6,19.0
151425,1,2,121,2,1,60.0,0,I,MELB_URBAN,ROAD,10,7.0
151426,1,2,147,5,1,50.0,0,N,MELB_URBAN,STREET,10,9.0
151427,8,0,99,1,1,40.0,0,N,MELBOURNE_CBD,STREET,10,14.0
151428,4,2,181,5,1,60.0,0,N,SMALL_CITIES,ROAD,10,11.0
151429,2,1,100,5,1,50.0,0,N,MELB_URBAN,UNKNOWN,10,9.0
151430,1,4,130,1,1,80.0,0,I,MELB_URBAN,ROAD,9,6.0
151431,8,2,170,5,1,80.0,0,N,SMALL_TOWNS,HIGHWAY,10,10.0
151432,1,3,160,5,1,100.0,0,N,MELB_URBAN,FREEWAY,6,13.0
151433,2,2,102,1,2,60.0,0,I,MELB_URBAN,ROAD,10,7.0
151434,1,1,133,5,1,80.0,0,N,MELB_URBAN,ROAD,10,9.0
151435,1,2,132,1,1,60.0,0,I,MELB_URBAN,STREET,9,13.0
151436,1,7,121,1,1,60.0,0,I,LARGE_PROVINCIAL_CITIES,STREET,9,13.0
151437,2,2,100,2,1,70.0,0,I,MELB_URBAN,ROAD,10,13.0
151438,1,4,121,1,2,60.0,0,N,SMALL_CITIES,ROAD,9,7.0
151439,1,1,110,1,1,60.0,0,I,RURAL_VICTORIA,ROAD,10,11.0
151440,4,1,171,5,1,80.0,0,N,RURAL_VICTORIA,ROAD,10,10.0
151441,6,2,174,2,2,60.0,0,I,SMALL_CITIES,ROAD,10,7.0
151442,4,1,173,5,1,40.0,0,N,LARGE_PROVINCIAL_CITIES,AVENUE,10,10.0
151443,1,6,110,1,3,60.0,0,I,MELB_URBAN,STREET,8,2.0
151444,1,2,116,2,1,60.0,0,I,MELB_URBAN,HIGHWAY,10,13.0
151445,1,6,163,5,1,60.0,0,N,MELB_URBAN,STREET,9,12.0
151446,4,1,171,5,1,100.0,0,N,RURAL_VICTORIA,ROAD,10,14.0
151447,1,1,130,5,1,60.0,0,N,MELB_URBAN,ROAD,10,9.0
151448,2,2,102,5,1,30.0,0,N,MELBOURNE_CBD,STREET,10,8.0
151449,4,2,181,5,1,60.0,0,N,MELB_URBAN,ROAD,10,12.0
151450,1,1,130,2,1,60.0,0,I,RURAL_VICTORIA,HIGHWAY,10,15.0
151451,1,6,130,1,1,60.0,0,I,MELB_URBAN,STREET,10,13.0
151452,1,2,130,5,1,70.0,0,N,SMALL_CITIES,PARADE,10,15.0
151453,4,2,183,5,1,80.0,0,N,RURAL_VICTORIA,ROAD,10,15.0
151454,1,2,110,1,1,50.0,0,I,SMALL_CITIES,STREET,10,17.0
151455,5,6,99,5,1,60.0,0,N,RURAL_VICTORIA,ROAD,10,15.0
151456,8,2,174,2,2,60.0,0,I,MELB_URBAN,ROAD,10,17.0
151457,1,5,121,1,1,50.0,0,I,MELB_URBAN,UNKNOWN,9,14.0
151458,1,7,132,2,1,60.0,0,I,MELB_URBAN,AVENUE,7,16.0
151459,1,2,130,5,1,100.0,0,N,RURAL_VICTORIA,FREEWAY,10,17.0
151460,4,2,99,6,1,50.0,0,N,MELB_URBAN,OTHER,10,14.0
151461,1,1,110,1,2,40.0,0,I,MELBOURNE_CBD,STREET,10,19.0
151462,7,1,99,5,9,60.0,0,N,MELB_URBAN,ROAD,10,6.0
151463,1,2,110,1,3,60.0,0,I,MELB_URBAN,ROAD,10,19.0
151464,4,2,183,5,2,110.0,0,N,RURAL_VICTORIA,FREEWAY,10,19.0