,accident_type,day_of_week,dca_code,road_geometry,light_condition,speed_zone,severity,node_type,deg_urban_name,road_type,month,hour
151465,2,1,99,5,3,60.0,0,N,MELB_URBAN,STREET,10,20.0
151466,1,1,140,5,3,60.0,0,N,UNKNOWN,ROAD,10,21.0
151467,7,2,99,1,3,60.0,0,I,SMALL_CITIES,STREET,10,21.0
151468,2,3,99,5,3,70.0,0,N,MELB_URBAN,ROAD,10,1.0
151469,1,2,130,5,1,100.0,0,N,MELB_URBAN,FREEWAY,9,16.0
151470,1,4,121,2,3,80.0,0,I,MELB_URBAN,ROAD,9,21.0
151471,1,0,110,1,2,60.0,0,I,MELB_URBAN,DRIVE,10,18.0
151472,3,3,167,5,1,70.0,0,N,RURAL_VICTORIA,ROAD,10,10.0
151473,1,2,110,1,1,40.0,0,I,MELB_URBAN,STREET,10,10.0
151474,1,4,130,5,1,60.0,0,N,MELB_URBAN,STREET,9,12.0
151475,4,2,171,2,9,60.0,0,I,MELB_URBAN,STREET,10,7.0
151476,1,5,132,5,1,70.0,0,N,MELB_URBAN,ROAD,9,8.0
151477,1,2,130,5,2,100.0,0,N,MELB_URBAN,ROAD,10,6.0
151478,1,3,99,5,1,80.0,0,N,MELB_URBAN,ROAD,10,6.0
151479,1,3,99,5,1,60.0,0,N,MELB_URBAN,ROAD,8,13.0
151480,1,2,130,5,2,80.0,0,N,MELB_URBAN,ROAD,10,7.0
151481,1,3,121,2,1,60.0,0,N,MELB_URBAN,ROAD,10,13.0
151482,4,2,173,1,1,100.0,0,I,RURAL_VICTORIA,ROAD,10,12.0
151483,4,3,173,5,1,100.0,0,N,RURAL_VICTORIA,ROAD,10,10.0
151484,1,3,130,5,2,60.0,0,N,MELB_URBAN,ROAD,10,7.0
151485,1,2,110,1,3,60.0,0,I,MELB_URBAN,ROAD,8,23.0
151486,1,3,147,5,9,70.0,0,N,MELB_URBAN,ROAD,8,6.0
151487,1,1,110,1,1,60.0,0,I,LARGE_PROVINCIAL_CITIES,STREET,5,14.0
151488,1,1,130,5,1,40.0,0,N,MELB_URBAN,ROAD,10,11.0
151489,1,1,121,2,1,60.0,0,I,TOWNS,HIGHWAY,8,15.0
151490,2,7,100,5,1,40.0,0,N,MELB_URBAN,AVENUE,10,12.0
151491,4,3,171,1,1,50.0,0,N,SMALL_CITIES,STREET,10,15.0
151492,1,3,113,2,2,50.0,0,I,LARGE_PROVINCIAL_CITIES,STREET,10,17.0
151493,4,3,173,5,1,110.0,0,N,SMALL_CITIES,FREEWAY,10,14.0
151494,1,2,110,1,2,60.0,0,I,MELB_URBAN,STREET,10,17.0
151495,1,2,113,2,1,60.0,0,I,MELB_URBAN,DRIVE,10,16.0
151496,1,3,130,1,1,60.0,0,N,MELB_URBAN,ROAD,9,17.0
151497,6,2,99,5,1,50.0,0,O,MELB_URBAN,UNKNOWN,10,16.0
151498,1,2,110,1,2,50.0,0,I,MELB_URBAN,DRIVE,10,17.0
151499,1,3,110,1,1,60.0,0,I,MELB_URBAN,ROAD,10,16.0
151500,1,2,130,1,1,80.0,0,I,MELB_URBAN,HIGHWAY,10,12.0
151501,1,2,130,5,2,60.0,0,N,MELB_URBAN,ROAD,10,18.0
151502,1,0,121,2,3,40.0,0,I,MELB_URBAN,ROAD,10,1.0
151503,1,6,160,5,1,40.0,0,N,UNKNOWN,DRIVE,9,16.0
151504,1,3,134,5,1,60.0,0,N,MELB_URBAN,ROAD,10,18.0
151505,1,3,147,5,2,50.0,0,N,MELB_URBAN,OTHER,10,17.0
151506,6,6,99,5,1,50.0,0,N,MELB_URBAN,DRIVE,9,12.0
151507,1,7,130,2,9,80.0,0,I,MELB_URBAN,HIGHWAY,9,15.0
151508,1,2,110,1,1,60.0,0,I,SMALL_CITIES,STREET,10,13.0
151509,1,1,130,5,1,80.0,0,N,MELB_URBAN,FREEWAY,9,8.0
151510,1,3,160,5,3,60.0,0,N,MELB_URBAN,ROAD,10,2.0
151511,1,5,130,5,3,70.0,0,N,RURAL_VICTORIA,HIGHWAY,9,19.0
151512,2,4,100,5,1,50.0,0,N,MELB_URBAN,ROAD,10,9.0
151513,1,4,99,1,1,80.0,0,I,MELB_URBAN,HIGHWAY,10,8.0
151514,1,3,130,5,1,100.0,0,N,RURAL_VICTORIA,FREEWAY,10,6.0
151515,1,3,113,2,1,60.0,0,I,MELB_URBAN,ROAD,10,8.0
151516,8,6,170,5,3,50.0,0,N,MELB_URBAN,AVENUE,4,20.0
151517,1,2,113,1,1,80.0,0,I,MELB_URBAN,DRIVE,10,16.0
151518,1,4,130,5,1,60.0,0,N,MELB_URBAN,ROAD,9,11.0
151519,1,3,133,5,1,100.0,0,N,MELB_URBAN,FREEWAY,10,8.0
151520,1,3,110,1,1,60.0,0,I,LARGE_PROVINCIAL_CITIES,STREET,10,11.0
151521,3,0,167,5,1,60.0,0,N,SMALL_TOWNS,ROAD,10,9.0
151522,6,4,99,5,1,100.0,0,N,RURAL_VICTORIA,ROAD,10,9.0
151523,1,4,132,1,2,80.0,0,N,MELB_URBAN,HIGHWAY,10,6.0
151524,1,3,133,5,1,100.0,0,N,MELB_URBAN,FREEWAY,10,9.0
151525,1,3,140,5,1,40.0,0,N,MELB_URBAN,ROAD,10,11.0
151526,4,3,183,5,1,60.0,0,N,LARGE_PROVINCIAL_CITIES,ROAD,10,11.0
151527,1,2,130,5,1,80.0,0,N,MELB_URBAN,FREEWAY,10,15.0
151528,2,4,99,5,1,40.0,0,N,MELB_URBAN,ROAD,10,10.0
151529,1,2,99,5,1,80.0,0,N,RURAL_VICTORIA,HIGHWAY,10,15.0
151530,1,3,110,1,1,50.0,0,I,MELB_URBAN,STREET,10,13.0
151531,6,3,170,5,1,50.0,0,N,MELB_URBAN,AVENUE,9,12.0
151532,4,2,99,5,9,60.0,0,N,MELB_URBAN,HIGHWAY,9,8.0
151533,1,4,130,1,1,60.0,0,I,MELB_URBAN,STREET,10,8.0
151534,1,4,113,2,1,50.0,0,I,SMALL_CITIES,ROAD,10,16.0
151535,1,4,121,2,1,50.0,0,N,SMALL_CITIES,ROAD,10,16.0
151536,1,4,147,5,1,60.0,0,N,MELB_URBAN,ROAD,10,10.0
151537,2,4,100,1,1,60.0,0,N,UNKNOWN,ROAD,10,13.0
151538,2,4,99,5,2,60.0,0,N,MELB_URBAN,STREET,10,17.0
151539,2,4,100,1,1,80.0,0,N,MELB_URBAN,ROAD,10,16.0
151540,1,4,140,5,1,80.0,0,N,MELB_URBAN,ROAD,10,16.0
151541,1,4,140,5,1,40.0,0,N,MELB_URBAN,STREET,10,17.0
151542,2,4,100,1,2,80.0,0,I,MELB_URBAN,ROAD,10,19.0
151543,4,4,171,5,5,100.0,0,N,RURAL_VICTORIA,ROAD,10,19.0
151544,1,1,110,1,2,60.0,0,I,LARGE_PROVINCIAL_CITIES,STREET,10,18.0
151545,1,4,134,5,2,100.0,0,N,MELB_URBAN,RAMP,10,17.0
151546,2,4,102,1,3,60.0,0,I,MELB_URBAN,ROAD,10,20.0
151547,2,4,100,1,3,40.0,0,I,MELB_URBAN,UNKNOWN,10,20.0
151548,1,4,130,5,1,80.0,0,N,MELB_URBAN,FREEWAY,10,17.0
151549,1,4,111,1,3,50.0,0,I,MELB_URBAN,STREET,10,19.0
151550,4,3,173,5,2,50.0,0,N,MELB_URBAN,STREET,10,20.0
151551,1,3,133,5,2,80.0,0,N,MELB_URBAN,RAMP,10,5.0
151552,2,3,100,5,3,50.0,0,N,MELBOURNE_CBD,STREET,10,19.0
151553,1,3,130,2,3,70.0,0,I,MELB_URBAN,ROAD,10,22.0
151554,1,4,135,1,1,60.0,0,I,SMALL_CITIES,STREET,10,14.0
151555,1,6,99,1,1,80.0,0,I,MELB_URBAN,ROAD,9,7.0
151556,1,1,99,5,2,50.0,0,N,LARGE_PROVINCIAL_CITIES,STREET,9,17.0
151557,1,4,99,5,1,80.0,0,N,MELB_URBAN,HIGHWAY,10,8.0
151558,1,4,110,1,2,80.0,0,I,RURAL_VICTORIA,ROAD,10,7.0
151559,1,4,130,1,1,80.0,0,N,RURAL_VICTORIA,ROAD,10,7.0
151560,1,5,163,5,9,60.0,0,N,MELB_URBAN,ROAD,9,9.0
151561,2,4,100,2,1,40.0,0,I,MELB_URBAN,STREET,10,9.0
151562,1,4,132,2,3,40.0,0,I,MELB_URBAN,STREET,9,19.0
151563,1,5,111,2,1,40.0,0,N,MELB_URBAN,STREET,10,10.0
151564,7,5,99,5,1,50.0,0,N,MELB_URBAN,STREET,10,9.0
151565,1,5,121,2,1,80.0,0,N,MELB_URBAN,DRIVE,10,9.0
151566,1,4,116,2,3,60.0,0,I,MELB_URBAN,STREET,7,19.0
151567,1,5,163,1,1,30.0,0,I,MELB_URBAN,STREET,10,9.0
151568,8,4,99,2,1,100.0,0,I,RURAL_VICTORIA,OTHER,9,12.0
151569,1,5,99,5,1,60.0,0,N,UNKNOWN,ROAD,10,12.0
151570,4,5,99,5,1,60.0,0,N,UNKNOWN,ROAD,10,11.0
151571,1,5,130,1,1,80.0,0,N,MELB_URBAN,HIGHWAY,10,13.0
151572,1,4,160,5,1,50.0,0,N,MELB_URBAN,ROAD,10,11.0
151573,4,5,173,5,1,100.0,0,N,RURAL_VICTORIA,ROAD,10,13.0
151574,1,5,113,2,2,80.0,0,I,MELB_URBAN,DRIVE,10,6.0
151575,1,0,99,5,3,60.0,0,N,MELB_URBAN,ROAD,5,18.0
151576,6,6,99,1,1,100.0,0,I,RURAL_VICTORIA,ROAD,10,12.0
151577,1,4,130,5,1,60.0,0,N,MELB_URBAN,ROAD,10,15.0
151578,1,5,110,1,1,80.0,0,I,MELB_URBAN,OTHER,10,16.0
151579,1,4,130,5,1,100.0,0,N,RURAL_VICTORIA,HIGHWAY,10,15.0
151580,2,5,99,5,1,50.0,0,N,TOWNS,STREET,10,17.0
151581,7,5,99,5,1,50.0,1,N,MELB_URBAN,STREET,10,17.0
151582,4,5,171,5,1,100.0,0,N,RURAL_VICTORIA,ROAD,10,16.0
151583,1,4,130,5,1,100.0,0,N,UNKNOWN,RAMP,10,16.0
151584,1,3,130,1,2,80.0,0,N,MELB_URBAN,HIGHWAY,10,6.0
151585,2,0,99,5,2,50.0,0,N,MELB_URBAN,STREET,10,18.0
151586,1,5,99,5,1,50.0,0,N,MELB_URBAN,UNKNOWN,10,18.0
151587,4,5,173,5,3,80.0,0,N,SMALL_TOWNS,HIGHWAY,10,20.0
151588,1,5,110,1,3,50.0,0,I,MELB_URBAN,BOULEVARD,10,21.0
151589,1,5,130,5,1,60.0,0,N,MELB_URBAN,HIGHWAY,10,16.0
151590,1,5,121,1,3,80.0,0,I,MELB_URBAN,ROAD,10,22.0
151591,1,5,120,5,3,70.0,0,N,MELB_URBAN,STREET,10,23.0
151592,1,4,133,5,3,80.0,0,N,MELB_URBAN,HIGHWAY,10,23.0
151593,1,4,99,5,1,100.0,0,N,UNKNOWN,HIGHWAY,10,11.0
151594,4,5,183,5,5,80.0,0,N,RURAL_VICTORIA,ROAD,10,21.0
151595,1,5,121,1,2,100.0,0,I,RURAL_VICTORIA,ROAD,10,6.0
151596,2,5,100,5,1,50.0,0,N,MELB_URBAN,ROAD,10,8.0
151597,1,6,99,5,1,50.0,0,N,MELB_URBAN,STREET,10,9.0
151598,1,3,110,1,1,50.0,0,I,MELB_URBAN,ROAD,10,13.0
151599,6,5,174,5,1,60.0,0,N,RURAL_VICTORIA,ROAD,9,14.0
151600,4,6,173,2,1,80.0,0,I,MELB_URBAN,ROAD,10,10.0
151601,1,3,140,2,1,80.0,0,I,MELB_URBAN,HIGHWAY,9,15.0
151602,1,5,130,1,1,60.0,0,I,LARGE_PROVINCIAL_CITIES,HIGHWAY,10,6.0
151603,1,6,130,5,1,70.0,0,N,LARGE_PROVINCIAL_CITIES,STREET,10,10.0
151604,1,2,130,5,1,70.0,0,N,MELB_URBAN,ROAD,5,16.0
151605,2,6,100,2,1,50.0,0,N,MELB_URBAN,STREET,10,12.0
151606,1,5,110,1,1,60.0,0,I,MELB_URBAN,ROAD,10,11.0
151607,8,0,184,5,1,60.0,0,N,RURAL_VICTORIA,ROAD,10,9.0
151608,1,4,130,1,6,60.0,0,N,MELB_URBAN,ROAD,10,22.0
151609,1,5,110,1,1,60.0,0,I,LARGE_PROVINCIAL_CITIES,STREET,10,12.0
151610,1,6,130,1,1,50.0,0,I,TOWNS,STREET,10,12.0
151611,4,5,173,2,1,60.0,0,I,MELB_URBAN,DRIVE,10,9.0
151612,1,5,130,5,1,80.0,0,N,MELB_URBAN,HIGHWAY,10,14.0
151613,4,5,99,5,1,50.0,0,N,SMALL_CITIES,STREET,10,14.0
151614,2,5,102,5,1,40.0,0,N,MELB_URBAN,DRIVE,10,15.0
151615,1,4,121,2,3,50.0,0,I,MELB_URBAN,STREET,10,21.0
151616,6,0,174,5,1,60.0,0,N,TOWNS,ROAD,9,13.0
151617,1,6,130,5,1,110.0,0,N,RURAL_VICTORIA,FREEWAY,10,14.0
151618,1,5,130,5,1,60.0,0,N,MELB_URBAN,ROAD,10,16.0
151619,1,6,116,2,1,60.0,0,N,MELB_URBAN,DRIVE,10,16.0
151620,1,5,130,5,1,100.0,0,N,MELB_URBAN,ROAD,10,17.0
151621,1,2,130,5,1,100.0,0,N,MELB_URBAN,FREEWAY,10,7.0
151622,4,6,173,5,1,110.0,0,N,RURAL_VICTORIA,FREEWAY,10,12.0
151623,2,6,99,5,2,60.0,0,N,MELB_URBAN,STREET,10,18.0
151624,2,6,99,5,1,60.0,0,N,MELB_URBAN,ROAD,10,15.0
151625,1,6,130,5,1,100.0,0,N,MELB_URBAN,FREEWAY,10,16.0
151626,1,6,132,3,2,50.0,0,N,TOWNS,ROAD,10,18.0
151627,5,0,99,5,1,60.0,0,N,MELB_URBAN,ROAD,10,14.0
151628,1,5,130,1,1,50.0,0,I,TOWNS,ROAD,10,17.0
151629,2,6,102,1,3,40.0,0,I,MELBOURNE_CBD,STREET,10,22.0
151630,4,6,173,5,5,100.0,0,N,UNKNOWN,OTHER,10,20.0
151631,1,6,133,5,3,80.0,0,N,MELB_URBAN,ROAD,10,23.0
151632,4,6,173,5,5,80.0,0,N,SMALL_TOWNS,ROAD,10,22.0
151633,1,6,110,1,3,60.0,0,I,MELB_URBAN,ROAD,10,23.0
151634,1,1,130,1,1,50.0,0,I,MELB_URBAN,ROAD,9,13.0
151635,1,5,113,1,1,40.0,0,I,LARGE_PROVINCIAL_CITIES,STREET,10,13.0
151636,1,2,130,2,1,50.0,0,N,MELB_URBAN,STREET,7,16.0
151637,1,6,99,5,1,60.0,0,N,MELB_URBAN,STREET,10,9.0
151638,1,7,113,2,1,60.0,0,I,MELB_URBAN,AVENUE,10,10.0
151639,1,3,130,5,1,70.0,0,N,MELB_URBAN,FREEWAY,9,15.0
151640,2,7,100,5,1,60.0,0,N,MELB_URBAN,UNKNOWN,10,8.0
151641,1,7,130,5,1,80.0,0,N,RURAL_VICTORIA,ROAD,10,8.0
151642,2,6,99,2,1,60.0,0,N,MELB_URBAN,STREET,10,15.0
151643,1,7,130,5,1,80.0,0,N,LARGE_PROVINCIAL_CITIES,HIGHWAY,10,13.0
151644,1,0,130,5,3,60.0,0,N,MELB_URBAN,RAMP,9,20.0
151645,1,6,121,2,1,70.0,0,I,MELB_URBAN,ROAD,10,12.0
151646,1,6,110,1,1,100.0,0,I,RURAL_VICTORIA,ROAD,10,12.0
151647,1,7,130,1,1,50.0,0,N,MELB_URBAN,ROAD,10,13.0
151648,4,7,173,5,1,50.0,0,N,SMALL_TOWNS,DRIVE,10,13.0
151649,2,7,99,5,1,60.0,0,N,UNKNOWN,PARADE,10,12.0
151650,1,6,121,2,1,60.0,0,I,MELB_URBAN,ROAD,10,13.0
151651,4,5,171,5,9,60.0,0,N,MELB_URBAN,ROAD,10,20.0
151652,1,7,113,2,1,80.0,1,I,RURAL_VICTORIA,STREET,10,15.0
151653,4,7,99,5,1,80.0,0,N,MELB_URBAN,ROAD,10,16.0
151654,1,6,121,1,1,60.0,0,I,MELB_URBAN,ROAD,10,16.0
151655,1,7,147,5,1,60.0,0,N,MELB_URBAN,ROAD,10,17.0
151656,1,6,110,1,1,100.0,0,I,RURAL_VICTORIA,HIGHWAY,10,13.0
151657,1,6,110,1,1,60.0,0,I,MELB_URBAN,ROAD,10,16.0
151658,1,6,130,1,1,80.0,0,I,MELB_URBAN,ROAD,10,15.0
151659,1,7,110,4,1,60.0,0,I,MELB_URBAN,STREET,10,15.0
151660,1,7,121,5,9,60.0,0,N,MELB_URBAN,ROAD,10,21.0
151661,3,6,173,5,5,60.0,0,N,RURAL_VICTORIA,ROAD,10,21.0
151662,1,6,110,1,3,80.0,0,I,MELB_URBAN,DRIVE,10,21.0
151663,6,6,99,5,3,100.0,0,N,LARGE_PROVINCIAL_CITIES,RAMP,10,21.0
151664,4,7,171,5,1,80.0,0,N,MELB_URBAN,ROAD,10,16.0
151665,2,0,100,1,3,60.0,0,I,MELBOURNE_CBD,STREET,10,0.0
151666,4,1,171,1,1,80.0,0,I,RURAL_VICTORIA,ROAD,5,8.0
151667,2,7,100,2,3,60.0,0,I,TOWNS,ROAD,10,20.0
151668,4,0,99,5,1,50.0,0,N,RURAL_VICTORIA,ROAD,10,9.0
151669,1,0,113,2,1,60.0,0,I,MELB_URBAN,ROAD,10,9.0
151670,1,0,140,5,1,60.0,0,N,LARGE_PROVINCIAL_CITIES,ROAD,10,11.0
151671,2,7,99,5,1,50.0,0,N,SMALL_CITIES,STREET,10,16.0
151672,1,6,121,2,1,60.0,0,I,MELB_URBAN,BOULEVARD,10,16.0
151673,1,1,121,1,1,50.0,0,I,MELB_URBAN,ROAD,10,11.0
151674,4,1,181,5,1,100.0,0,N,RURAL_VICTORIA,ROAD,9,9.0
151675,1,7,132,2,6,60.0,0,I,MELB_URBAN,ROAD,10,21.0
151676,1,0,121,1,1,80.0,0,I,MELB_URBAN,ROAD,10,13.0
151677,1,1,130,5,1,80.0,0,N,MELB_URBAN,ROAD,10,13.0
151678,1,1,130,5,1,80.0,1,N,RURAL_VICTORIA,DRIVE,10,11.0
151679,1,0,99,2,1,50.0,0,I,MELB_URBAN,PARADE,10,15.0
151680,1,3,163,5,1,50.0,0,N,MELB_URBAN,STREET,9,9.0
151681,2,1,99,5,1,40.0,0,N,MELBOURNE_CBD,STREET,10,15.0
151682,1,1,99,5,1,50.0,0,N,SMALL_CITIES,STREET,10,18.0
151683,1,1,130,5,1,60.0,0,N,SMALL_CITIES,STREET,10,17.0
151684,4,1,181,5,1,100.0,0,N,RURAL_VICTORIA,OTHER,10,12.0
151685,1,0,110,1,5,80.0,0,I,SMALL_CITIES,HIGHWAY,10,20.0
151686,1,0,130,1,1,60.0,0,I,UNKNOWN,STREET,10,15.0
151687,3,0,167,5,5,100.0,0,N,RURAL_VICTORIA,ROAD,10,20.0
151688,6,1,99,5,1,100.0,0,N,RURAL_VICTORIA,ROAD,10,18.0
151689,1,1,121,1,3,40.0,0,I,MELB_URBAN,STREET,10,23.0
151690,1,1,121,2,2,50.0,0,I,MELB_URBAN,ROAD,10,5.0
151691,4,2,171,1,9,60.0,0,I,MELB_URBAN,BOULEVARD,10,8.0
151692,1,1,121,5,2,60.0,0,N,UNKNOWN,ROAD,10,7.0
151693,1,5,116,2,1,60.0,0,I,SMALL_CITIES,PARADE,10,10.0
151694,2,1,100,1,1,40.0,0,N,MELB_URBAN,PARADE,10,8.0
151695,1,5,113,1,1,60.0,0,I,SMALL_CITIES,DRIVE,10,8.0
151696,8,2,174,5,1,50.0,0,N,MELB_URBAN,OTHER,10,10.0
151697,1,5,130,5,1,80.0,0,N,MELB_URBAN,ROAD,9,14.0
151698,6,7,174,5,1,60.0,0,N,RURAL_VICTORIA,OTHER,10,14.0
151699,1,1,163,5,1,50.0,0,N,MELB_URBAN,STREET,10,12.0
151700,1,0,133,5,1,50.0,0,N,RURAL_VICTORIA,ROAD,10,12.0
151701,4,4,171,5,3,50.0,0,N,RURAL_VICTORIA,BOULEVARD,10,22.0
151702,1,2,99,4,1,60.0,0,I,MELB_URBAN,ROAD,10,13.0
151703,4,2,183,5,1,100.0,0,N,RURAL_VICTORIA,ROAD,10,10.0
151704,1,2,120,5,1,80.0,0,N,MELB_URBAN,ROAD,10,13.0
151705,1,2,111,2,1,80.0,0,I,MELB_URBAN,ROAD,10,13.0
151706,1,2,130,2,1,70.0,0,I,MELB_URBAN,RAMP,10,8.0
151707,1,5,130,5,1,100.0,0,N,RURAL_VICTORIA,FREEWAY,10,15.0
151708,4,3,171,5,2,60.0,0,N,RURAL_VICTORIA,ROAD,8,17.0
151709,2,2,99,5,1,40.0,0,N,UNKNOWN,STREET,10,16.0
151710,6,1,99,2,1,80.0,0,I,RURAL_VICTORIA,ROAD,10,16.0
151711,8,0,184,5,1,80.0,0,N,SMALL_TOWNS,ROAD,10,12.0
151712,1,1,130,5,1,80.0,0,N,MELB_URBAN,RAMP,10,17.0
151713,1,1,110,1,1,50.0,0,I,LARGE_PROVINCIAL_CITIES,STREET,10,15.0
151714,4,3,173,2,3,60.0,0,I,MELB_URBAN,ROAD,8,21.0
151715,1,2,120,5,1,60.0,0,N,LARGE_PROVINCIAL_CITIES,ROAD,10,17.0
151716,1,2,135,5,2,60.0,0,N,UNKNOWN,ROAD,10,18.0
151717,1,1,134,5,1,100.0,0,N,MELB_URBAN,FREEWAY,10,16.0
151718,1,2,140,2,2,60.0,0,I,MELB_URBAN,ROAD,10,19.0
151719,8,2,174,5,3,50.0,0,N,MELB_URBAN,ROAD,10,19.0
151720,2,2,100,5,1,60.0,0,N,MELB_URBAN,ROAD,10,18.0
151721,1,1,120,2,1,50.0,0,I,MELB_URBAN,OTHER,10,17.0
151722,1,2,120,5,5,100.0,0,N,RURAL_VICTORIA,ROAD,10,20.0
151723,1,3,130,5,1,70.0,0,N,MELB_URBAN,ROAD,8,8.0
151724,4,1,171,1,2,40.0,0,I,SMALL_CITIES,AVENUE,10,20.0
151725,3,2,167,5,2,100.0,0,N,UNKNOWN,ROAD,10,6.0
151726,4,1,171,5,5,80.0,0,N,MELB_URBAN,ROAD,10,20.0
151727,2,1,102,5,3,60.0,0,N,UNKNOWN,ROAD,10,22.0
151728,1,5,120,5,5,60.0,0,N,RURAL_VICTORIA,ROAD,8,5.0
151729,4,2,171,1,3,40.0,0,I,LARGE_PROVINCIAL_CITIES,STREET,10,1.0
151730,4,3,99,5,6,50.0,0,N,MELB_URBAN,ROAD,10,1.0
151731,5,1,181,5,3,60.0,0,I,MELB_URBAN,ROAD,10,23.0
151732,1,3,99,1,1,60.0,0,I,MELB_URBAN,ROAD,10,5.0
151733,1,7,130,5,9,60.0,0,N,MELB_URBAN,STREET,10,18.0
151734,1,2,163,5,1,40.0,0,N,MELB_URBAN,STREET,10,8.0
151735,1,4,99,1,9,60.0,0,N,RURAL_VICTORIA,ROAD,9,7.0
151736,4,2,171,5,1,50.0,0,N,MELB_URBAN,OTHER,10,14.0
151737,5,2,99,5,1,40.0,0,N,SMALL_CITIES,ROAD,10,7.0
151738,2,2,100,2,1,60.0,0,I,MELB_URBAN,HIGHWAY,10,8.0
151739,1,5,130,2,1,50.0,0,N,MELB_URBAN,OTHER,8,16.0
151740,1,3,134,5,1,70.0,0,N,LARGE_PROVINCIAL_CITIES,HIGHWAY,10,10.0
151741,1,3,130,5,1,50.0,0,N,MELB_URBAN,ROAD,10,9.0
151742,1,3,121,2,1,80.0,0,I,MELB_URBAN,ROAD,10,8.0
151743,1,2,130,5,1,100.0,0,N,MELB_URBAN,FREEWAY,10,8.0
151744,1,3,99,1,1,50.0,0,I,MELB_URBAN,ROAD,10,9.0
151745,1,1,130,1,1,60.0,0,I,LARGE_PROVINCIAL_CITIES,ROAD,10,15.0
151746,1,2,121,1,1,60.0,0,I,MELB_URBAN,STREET,10,8.0
151747,1,2,99,1,1,80.0,0,I,MELB_URBAN,ROAD,9,7.0
151748,8,2,170,5,1,100.0,0,N,RURAL_VICTORIA,ROAD,10,12.0
151749,1,2,116,2,1,50.0,0,I,MELB_URBAN,DRIVE,10,9.0
151750,1,4,130,5,1,80.0,0,N,MELB_URBAN,STREET,9,12.0
151751,4,3,171,5,1,50.0,0,N,MELB_URBAN,BOULEVARD,10,11.0
151752,1,7,121,5,2,60.0,0,N,MELB_URBAN,ROAD,8,18.0
151753,1,3,121,5,1,60.0,0,N,MELB_URBAN,ROAD,10,13.0
151754,1,2,130,5,2,100.0,0,N,UNKNOWN,FREEWAY,10,7.0
151755,1,3,99,5,1,50.0,0,N,TOWNS,AVENUE,10,12.0
151756,4,3,171,2,1,100.0,0,N,RURAL_VICTORIA,ROAD,10,7.0
151757,8,4,174,5,1,100.0,0,N,RURAL_VICTORIA,ROAD,10,10.0
151758,8,7,170,5,1,60.0,0,N,RURAL_VICTORIA,HIGHWAY,10,14.0
151759,1,1,130,1,1,50.0,0,I,LARGE_PROVINCIAL_CITIES,STREET,10,12.0
151760,1,1,163,5,1,40.0,0,N,MELB_URBAN,STREET,10,16.0
151761,1,2,121,1,1,60.0,0,N,MELB_URBAN,STREET,10,15.0
151762,1,3,110,1,1,60.0,0,I,SMALL_CITIES,STREET,10,15.0
151763,1,3,121,2,1,60.0,0,I,MELB_URBAN,ROAD,9,9.0
151764,1,3,134,5,1,60.0,0,N,MELB_URBAN,OTHER,10,15.0
151765,1,5,116,2,9,60.0,0,I,MELB_URBAN,STREET,6,16.0
151766,1,5,116,2,1,50.0,0,N,MELB_URBAN,STREET,9,7.0
151767,1,3,130,5,1,50.0,0,N,MELB_URBAN,BOULEVARD,10,15.0
151768,1,2,130,1,1,60.0,0,I,MELB_URBAN,ROAD,10,12.0
151769,1,3,120,5,1,50.0,0,N,MELB_URBAN,STREET,10,17.0
151770,1,3,110,1,1,60.0,0,I,TOWNS,STREET,10,17.0
151771,2,1,99,5,1,60.0,0,N,MELB_URBAN,ROAD,10,17.0
151772,1,2,130,1,1,60.0,0,N,MELB_URBAN,BOULEVARD,10,13.0
151773,1,5,99,2,1,50.0,0,N,MELB_URBAN,UNKNOWN,10,8.0
151774,3,3,173,5,2,100.0,0,N,RURAL_VICTORIA,ROAD,10,18.0
151775,1,5,99,1,1,60.0,0,N,MELB_URBAN,ROAD,9,9.0
151776,1,4,130,5,2,60.0,0,N,MELB_URBAN,ROAD,4,17.0
151777,4,2,171,5,1,100.0,0,N,RURAL_VICTORIA,ROAD,10,17.0
151778,2,6,100,1,3,60.0,0,N,MELB_URBAN,AVENUE,9,23.0
151779,1,2,130,5,1,60.0,0,N,LARGE_PROVINCIAL_CITIES,ROAD,10,15.0
151780,1,2,110,1,1,60.0,0,N,LARGE_PROVINCIAL_CITIES,ROAD,10,16.0
151781,4,3,181,5,1,100.0,0,N,RURAL_VICTORIA,ROAD,10,18.0
151782,2,2,100,5,1,60.0,0,N,SMALL_CITIES,ROAD,10,16.0
151783,1,3,120,5,1,100.0,1,N,RURAL_VICTORIA,OTHER,10,16.0
151784,1,4,130,5,1,50.0,0,N,MELB_URBAN,ROAD,9,16.0
151785,1,2,130,5,3,100.0,0,N,MELB_URBAN,ROAD,10,21.0
151786,4,3,171,5,5,100.0,0,N,RURAL_VICTORIA,HIGHWAY,10,21.0