,accident_type,day_of_week,dca_code,road_geometry,light_condition,speed_zone,severity,node_type,deg_urban_name,road_type,month,hour
151787,1,2,99,5,3,100.0,0,N,MELB_URBAN,ROAD,8,19.0
151788,1,1,110,1,1,60.0,0,I,TOWNS,STREET,10,13.0
151789,4,3,181,2,2,50.0,1,I,MELB_URBAN,DRIVE,10,19.0
151790,6,3,99,5,5,100.0,0,N,RURAL_VICTORIA,ROAD,10,22.0
151791,1,3,130,1,3,60.0,0,I,MELB_URBAN,ROAD,10,2.0
151792,1,3,110,1,2,50.0,0,I,MELB_URBAN,STREET,10,7.0
151793,1,4,111,1,2,60.0,0,I,MELB_URBAN,STREET,10,6.0
151794,1,3,130,2,1,60.0,0,I,MELB_URBAN,STREET,10,7.0
151795,2,2,99,5,1,40.0,0,N,MELB_URBAN,STREET,10,12.0
151796,1,3,116,2,1,50.0,0,I,MELB_URBAN,ROAD,7,12.0
151797,1,4,121,1,1,60.0,0,N,SMALL_CITIES,ROAD,10,9.0
151798,2,4,100,1,1,80.0,0,I,MELB_URBAN,HIGHWAY,10,11.0
151799,1,3,110,1,1,50.0,0,I,MELB_URBAN,STREET,10,10.0
151800,4,0,181,5,1,80.0,0,N,MELB_URBAN,RAMP,9,16.0
151801,8,1,174,5,1,80.0,0,N,MELB_URBAN,ROAD,10,10.0
151802,1,2,130,1,1,80.0,0,I,MELB_URBAN,ROAD,10,17.0
151803,1,4,110,1,3,50.0,0,I,MELB_URBAN,AVENUE,7,6.0
151804,1,3,110,1,1,80.0,0,I,MELB_URBAN,HIGHWAY,10,11.0
151805,1,1,99,2,9,60.0,0,I,MELB_URBAN,BOULEVARD,9,10.0
151806,1,3,113,2,1,60.0,0,N,MELB_URBAN,ROAD,10,11.0
151807,7,2,99,1,1,100.0,0,N,UNKNOWN,ROAD,10,15.0
151808,1,4,160,5,3,50.0,0,N,MELB_URBAN,STREET,10,20.0
151809,1,2,110,1,1,60.0,0,I,MELB_URBAN,ROAD,10,14.0
151810,1,1,113,2,1,40.0,0,I,SMALL_CITIES,DRIVE,10,8.0
151811,1,4,99,2,1,60.0,0,N,MELB_URBAN,ROAD,10,15.0
151812,1,4,113,1,1,60.0,0,I,MELB_URBAN,ROAD,10,10.0
151813,6,4,184,5,1,100.0,0,N,RURAL_VICTORIA,HIGHWAY,10,11.0
151814,2,4,99,5,1,50.0,1,N,MELB_URBAN,STREET,10,10.0
151815,1,4,99,5,1,40.0,0,N,MELB_URBAN,ROAD,10,15.0
151816,1,3,121,4,1,80.0,0,I,MELB_URBAN,DRIVE,10,15.0
151817,1,6,121,2,1,50.0,0,N,LARGE_PROVINCIAL_CITIES,STREET,9,11.0
151818,6,7,99,5,9,60.0,0,N,LARGE_PROVINCIAL_CITIES,ROAD,10,19.0
151819,2,4,102,2,1,60.0,0,N,MELB_URBAN,ROAD,10,15.0
151820,1,3,99,2,2,50.0,0,I,MELB_URBAN,STREET,10,19.0
151821,5,4,99,5,1,60.0,0,N,MELB_URBAN,ROAD,10,16.0
151822,1,4,120,5,1,60.0,1,I,TOWNS,ROAD,10,13.0
151823,1,3,130,5,1,60.0,0,N,SMALL_CITIES,STREET,10,16.0
151824,1,3,113,1,1,60.0,0,I,MELB_URBAN,ROAD,10,15.0
151825,4,3,171,1,1,60.0,0,I,MELB_URBAN,ROAD,10,16.0
151826,4,4,171,5,1,110.0,0,N,RURAL_VICTORIA,FREEWAY,10,15.0
151827,1,3,130,5,1,100.0,0,N,MELB_URBAN,ROAD,10,14.0
151828,1,3,130,5,1,60.0,0,N,MELB_URBAN,ROAD,10,10.0
151829,4,4,171,5,1,60.0,0,N,LARGE_PROVINCIAL_CITIES,STREET,10,17.0
151830,1,4,99,5,2,40.0,0,N,UNKNOWN,ROAD,10,17.0
151831,4,4,171,2,2,60.0,0,I,MELB_URBAN,ROAD,10,18.0
151832,1,5,130,5,1,60.0,0,N,RURAL_VICTORIA,ROAD,10,15.0
151833,6,4,99,5,1,100.0,0,N,RURAL_VICTORIA,ROAD,10,15.0
151834,4,3,173,5,3,50.0,0,N,TOWNS,AVENUE,10,20.0
151835,1,3,121,2,1,80.0,0,I,MELB_URBAN,HIGHWAY,10,14.0
151836,4,4,171,5,1,60.0,0,N,MELB_URBAN,ROAD,10,17.0
151837,1,4,121,1,3,50.0,0,I,MELB_URBAN,STREET,10,21.0
151838,1,7,163,5,1,60.0,0,N,MELB_URBAN,STREET,10,17.0
151839,1,2,130,1,3,60.0,0,I,MELB_URBAN,RAMP,10,22.0
151840,1,4,130,5,1,110.0,0,N,RURAL_VICTORIA,FREEWAY,10,16.0
151841,7,4,99,5,3,60.0,0,N,MELB_URBAN,ROAD,9,2.0
151842,4,5,171,5,3,50.0,0,N,SMALL_CITIES,STREET,10,0.0
151843,4,3,181,5,1,100.0,0,N,RURAL_VICTORIA,ROAD,10,10.0
151844,1,4,99,1,3,60.0,0,I,MELB_URBAN,STREET,9,19.0
151845,1,5,113,1,3,80.0,0,I,MELB_URBAN,STREET,10,5.0
151846,1,7,130,5,3,60.0,0,I,MELB_URBAN,STREET,10,20.0
151847,1,5,130,5,3,70.0,0,N,MELB_URBAN,ROAD,10,5.0
151848,1,4,130,5,2,70.0,0,N,LARGE_PROVINCIAL_CITIES,OTHER,10,7.0
151849,1,4,160,5,1,60.0,0,N,SMALL_CITIES,ROAD,10,8.0
151850,1,4,130,5,1,60.0,0,N,MELB_URBAN,ROAD,10,9.0
151851,1,2,99,5,6,60.0,0,N,MELB_URBAN,ROAD,9,19.0
151852,1,5,120,5,2,50.0,0,N,MELB_URBAN,ROAD,10,6.0
151853,1,3,130,5,1,80.0,0,N,MELB_URBAN,ROAD,10,7.0
151854,8,5,184,2,1,50.0,0,I,MELB_URBAN,STREET,10,12.0
151855,4,4,173,5,1,100.0,0,N,RURAL_VICTORIA,ROAD,10,9.0
151856,1,7,113,2,1,60.0,0,N,MELB_URBAN,ROAD,9,7.0
151857,4,5,171,2,1,60.0,0,I,MELB_URBAN,ROAD,10,12.0
151858,4,5,183,5,1,60.0,0,N,MELB_URBAN,DRIVE,10,14.0
151859,1,3,110,1,1,60.0,0,I,MELB_URBAN,ROAD,10,12.0
151860,1,5,113,1,1,60.0,0,I,MELB_URBAN,STREET,10,14.0
151861,1,4,140,5,1,50.0,0,N,MELB_URBAN,ROAD,10,13.0
151862,1,4,130,1,1,80.0,0,N,MELB_URBAN,STREET,9,7.0
151863,8,2,99,5,2,60.0,0,N,MELB_URBAN,OTHER,10,18.0
151864,1,5,121,2,1,80.0,0,I,MELB_URBAN,ROAD,10,15.0
151865,1,1,99,1,9,60.0,0,I,MELB_URBAN,ROAD,9,16.0
151866,5,4,99,5,5,50.0,0,N,RURAL_VICTORIA,HIGHWAY,10,6.0
151867,8,5,184,5,2,100.0,0,N,RURAL_VICTORIA,ROAD,10,18.0
151868,1,7,110,1,1,60.0,0,I,MELB_URBAN,ROAD,10,8.0
151869,1,4,110,1,1,60.0,0,I,LARGE_PROVINCIAL_CITIES,STREET,10,17.0
151870,5,6,99,5,1,100.0,0,N,MELB_URBAN,ROAD,10,9.0
151871,1,3,116,1,1,50.0,0,I,MELB_URBAN,STREET,10,14.0
151872,1,4,110,1,3,50.0,0,I,MELB_URBAN,STREET,10,22.0
151873,2,4,102,1,3,50.0,0,N,MELB_URBAN,STREET,10,20.0
151874,1,5,160,2,3,60.0,0,N,MELB_URBAN,ROAD,10,1.0
151875,1,6,99,1,3,80.0,0,N,UNKNOWN,ROAD,10,5.0
151876,1,5,110,1,1,50.0,0,I,TOWNS,STREET,10,16.0
151877,1,6,99,5,1,50.0,0,N,MELB_URBAN,ROAD,10,6.0
151878,1,6,121,2,1,80.0,0,N,UNKNOWN,ROAD,10,7.0
151879,1,5,111,1,1,40.0,0,I,MELB_URBAN,STREET,10,7.0
151880,1,6,130,5,1,60.0,0,N,MELB_URBAN,DRIVE,10,7.0
151881,2,6,100,5,1,50.0,0,N,MELB_URBAN,STREET,10,8.0
151882,1,5,130,5,1,100.0,0,N,RURAL_VICTORIA,HIGHWAY,10,9.0
151883,1,6,121,2,1,70.0,0,N,MELB_URBAN,DRIVE,10,9.0
151884,1,2,130,5,1,60.0,0,N,MELB_URBAN,ROAD,10,17.0
151885,1,6,110,1,1,50.0,0,I,MELB_URBAN,STREET,10,9.0
151886,1,2,130,5,1,60.0,0,N,MELB_URBAN,ROAD,10,10.0
151887,1,6,121,1,1,50.0,0,N,UNKNOWN,STREET,10,11.0
151888,1,2,147,5,1,60.0,0,N,MELB_URBAN,ROAD,9,9.0
151889,1,5,130,5,1,100.0,0,N,MELB_URBAN,FREEWAY,10,8.0
151890,1,2,130,2,1,60.0,0,N,MELB_URBAN,RAMP,10,8.0
151891,6,6,99,5,1,50.0,0,N,TOWNS,AVENUE,10,13.0
151892,2,5,100,1,1,40.0,0,N,UNKNOWN,STREET,10,13.0
151893,1,5,135,3,1,50.0,0,N,MELB_URBAN,AVENUE,10,8.0
151894,4,6,181,2,1,80.0,0,I,RURAL_VICTORIA,ROAD,10,11.0
151895,1,6,130,5,1,80.0,0,N,MELB_URBAN,ROAD,10,13.0
151896,1,4,130,1,1,60.0,0,N,MELB_URBAN,STREET,10,11.0
151897,6,6,99,5,1,100.0,0,N,RURAL_VICTORIA,HIGHWAY,10,14.0
151898,2,5,100,5,1,60.0,0,N,UNKNOWN,DRIVE,10,14.0
151899,6,1,99,5,1,60.0,0,N,SMALL_TOWNS,STREET,8,12.0
151900,2,4,99,5,9,60.0,0,N,MELB_URBAN,ROAD,10,15.0
151901,1,6,121,1,1,60.0,0,I,RURAL_VICTORIA,ROAD,10,14.0
151902,1,5,140,2,3,60.0,0,I,MELB_URBAN,STREET,10,21.0
151903,1,6,130,5,1,60.0,0,N,MELB_URBAN,STREET,10,16.0
151904,1,6,130,5,1,60.0,0,N,MELB_URBAN,ROAD,10,17.0
151905,1,5,130,5,1,100.0,0,N,MELB_URBAN,ROAD,10,16.0
151906,1,6,130,5,1,80.0,0,N,MELB_URBAN,ROAD,10,15.0
151907,1,5,130,5,1,70.0,0,N,MELB_URBAN,HIGHWAY,10,16.0
151908,1,5,110,1,2,50.0,0,I,MELB_URBAN,STREET,10,18.0
151909,1,4,121,1,1,60.0,0,I,MELB_URBAN,ROAD,9,8.0
151910,1,6,113,2,1,60.0,0,I,RURAL_VICTORIA,ROAD,10,16.0
151911,2,5,99,2,1,60.0,0,N,MELB_URBAN,OTHER,10,18.0
151912,6,5,99,5,1,40.0,0,N,MELB_URBAN,STREET,10,14.0
151913,1,6,113,2,3,60.0,0,I,MELB_URBAN,ROAD,10,19.0
151914,2,5,100,5,1,70.0,0,N,UNKNOWN,HIGHWAY,10,16.0
151915,1,6,99,1,3,60.0,0,N,UNKNOWN,AVENUE,10,21.0
151916,1,6,113,2,2,60.0,0,N,MELB_URBAN,STREET,10,19.0
151917,1,4,110,1,3,70.0,0,I,MELB_URBAN,DRIVE,10,22.0
151918,1,6,99,1,3,110.0,0,N,RURAL_VICTORIA,FREEWAY,10,4.0
151919,1,6,121,1,3,60.0,0,N,UNKNOWN,ROAD,10,21.0
151920,1,6,99,5,3,60.0,0,N,MELB_URBAN,ROAD,10,2.0
151921,1,5,130,5,1,100.0,0,N,MELB_URBAN,RAMP,10,18.0
151922,2,6,99,5,1,60.0,0,N,MELB_URBAN,ROAD,10,9.0
151923,5,1,99,5,1,60.0,0,N,RURAL_VICTORIA,ROAD,8,13.0
151924,1,5,121,1,1,80.0,0,N,MELB_URBAN,ROAD,10,17.0
151925,7,5,99,5,3,50.0,0,N,MELB_URBAN,STREET,9,22.0
151926,1,3,130,1,1,60.0,0,I,MELB_URBAN,DRIVE,10,10.0
151927,1,2,121,1,1,60.0,0,I,MELB_URBAN,ROAD,10,13.0
151928,1,7,171,5,1,110.0,0,N,RURAL_VICTORIA,FREEWAY,10,8.0
151929,1,4,130,5,3,80.0,0,N,MELB_URBAN,HIGHWAY,10,18.0
151930,1,2,147,5,1,50.0,0,N,LARGE_PROVINCIAL_CITIES,UNKNOWN,10,14.0
151931,1,7,121,1,1,60.0,0,I,MELB_URBAN,ROAD,10,12.0
151932,6,0,99,5,1,60.0,0,N,RURAL_VICTORIA,ROAD,10,11.0
151933,1,7,99,5,1,80.0,0,N,MELB_URBAN,ROAD,10,11.0
151934,1,6,135,5,1,50.0,0,N,MELB_URBAN,RAMP,10,8.0
151935,1,7,130,5,1,80.0,0,N,MELB_URBAN,ROAD,10,12.0
151936,1,5,130,5,2,100.0,0,N,MELB_URBAN,FREEWAY,10,5.0
151937,2,4,100,2,1,50.0,0,N,MELB_URBAN,STREET,10,14.0
151938,1,6,99,5,1,50.0,0,N,MELB_URBAN,STREET,10,16.0
151939,4,7,171,5,1,100.0,1,N,RURAL_VICTORIA,ROAD,10,12.0
151940,1,6,99,5,1,110.0,0,N,RURAL_VICTORIA,FREEWAY,10,14.0
151941,1,4,130,5,1,60.0,0,N,MELB_URBAN,PARADE,10,12.0
151942,1,4,135,5,2,100.0,0,N,MELB_URBAN,FREEWAY,9,18.0
151943,3,3,167,5,6,60.0,0,N,RURAL_VICTORIA,ROAD,10,20.0
151944,1,7,110,1,1,60.0,0,I,TOWNS,ROAD,10,12.0
151945,4,7,173,5,1,100.0,0,N,RURAL_VICTORIA,ROAD,10,14.0
151946,1,4,130,5,5,80.0,0,N,RURAL_VICTORIA,ROAD,9,20.0
151947,1,7,120,5,1,50.0,0,N,MELB_URBAN,AVENUE,10,17.0
151948,4,7,181,5,3,80.0,0,N,MELB_URBAN,FREEWAY,10,20.0
151949,1,6,130,1,3,50.0,0,I,MELB_URBAN,AVENUE,10,21.0
151950,1,3,121,5,1,80.0,0,N,MELB_URBAN,ROAD,4,7.0
151951,1,7,116,2,3,70.0,0,I,MELB_URBAN,ROAD,10,22.0
151952,1,7,110,1,3,60.0,0,I,LARGE_PROVINCIAL_CITIES,STREET,10,0.0
151953,1,7,120,5,5,110.0,1,N,RURAL_VICTORIA,HIGHWAY,10,22.0
151954,1,1,160,5,3,50.0,0,N,TOWNS,DRIVE,10,0.0
151955,1,5,99,5,1,60.0,0,N,MELB_URBAN,ROAD,9,16.0
151956,4,1,183,5,5,100.0,0,N,RURAL_VICTORIA,ROAD,10,2.0
151957,1,3,110,1,1,60.0,0,I,MELB_URBAN,STREET,10,16.0
151958,8,3,184,5,1,100.0,0,N,SMALL_TOWNS,ROAD,10,16.0
151959,1,6,130,5,1,80.0,0,N,MELB_URBAN,HIGHWAY,10,13.0
151960,1,0,110,1,1,70.0,0,N,SMALL_CITIES,PARADE,10,9.0
151961,1,4,130,2,1,60.0,0,I,MELB_URBAN,PARADE,10,11.0
151962,1,1,110,1,1,60.0,0,I,SMALL_CITIES,AVENUE,10,11.0
151963,4,1,171,5,1,50.0,0,N,MELB_URBAN,AVENUE,10,11.0
151964,6,0,170,5,1,60.0,0,N,RURAL_VICTORIA,ROAD,10,11.0
151965,2,1,99,5,5,100.0,0,N,RURAL_VICTORIA,ROAD,10,4.0
151966,3,2,167,5,3,100.0,0,N,SMALL_TOWNS,FREEWAY,10,5.0
151967,8,7,174,2,1,60.0,0,I,MELB_URBAN,ROAD,10,7.0
151968,1,5,130,5,6,60.0,0,N,MELB_URBAN,FREEWAY,10,21.0
151969,1,0,121,5,1,60.0,0,N,MELB_URBAN,ROAD,10,14.0
151970,1,5,99,1,1,40.0,0,N,MELB_URBAN,STREET,10,6.0
151971,1,0,130,5,1,60.0,0,N,MELB_URBAN,ROAD,10,18.0
151972,1,0,130,2,1,70.0,0,I,MELB_URBAN,ROAD,10,16.0
151973,1,0,130,5,1,80.0,0,N,RURAL_VICTORIA,FREEWAY,10,17.0
151974,1,1,113,1,1,70.0,0,I,MELB_URBAN,ROAD,10,10.0
151975,6,1,174,5,1,100.0,0,N,RURAL_VICTORIA,ROAD,10,18.0
151976,2,1,99,5,1,50.0,0,N,MELB_URBAN,STREET,10,17.0
151977,1,6,130,2,1,70.0,0,N,MELB_URBAN,ROAD,10,17.0
151978,4,0,173,5,2,50.0,0,N,TOWNS,STREET,10,19.0
151979,1,0,110,1,1,60.0,0,N,RURAL_VICTORIA,OTHER,10,17.0
151980,4,0,171,5,5,100.0,0,N,RURAL_VICTORIA,ROAD,10,17.0
151981,1,1,111,1,3,60.0,0,I,LARGE_PROVINCIAL_CITIES,STREET,10,20.0
151982,3,1,167,5,5,100.0,0,N,RURAL_VICTORIA,ROAD,10,21.0
151983,1,2,160,2,3,40.0,0,I,MELB_URBAN,ROAD,10,1.0
151984,4,3,173,2,1,50.0,0,N,MELB_URBAN,STREET,9,15.0
151985,2,0,100,1,3,40.0,0,I,MELB_URBAN,STREET,10,23.0
151986,4,1,173,1,3,50.0,0,I,TOWNS,STREET,10,4.0
151987,2,2,102,1,2,60.0,0,I,MELB_URBAN,ROAD,10,6.0
151988,4,7,173,5,9,60.0,0,N,RURAL_VICTORIA,ROAD,10,11.0
151989,4,1,171,5,2,100.0,0,N,MELB_URBAN,FREEWAY,10,6.0
151990,4,4,171,5,1,100.0,0,N,RURAL_VICTORIA,HIGHWAY,10,10.0
151991,7,0,99,5,1,60.0,0,N,RURAL_VICTORIA,ROAD,7,12.0
151992,5,6,181,5,3,60.0,0,N,RURAL_VICTORIA,ROAD,9,23.0
151993,1,2,99,5,1,40.0,0,I,MELB_URBAN,STREET,10,8.0
151994,1,1,121,1,1,40.0,0,I,MELB_URBAN,AVENUE,10,9.0
151995,2,5,99,1,1,60.0,0,I,MELB_URBAN,ROAD,10,12.0
151996,1,2,130,1,1,80.0,0,N,UNKNOWN,HIGHWAY,10,9.0
151997,4,2,171,5,1,100.0,0,N,UNKNOWN,HIGHWAY,10,10.0
151998,1,1,130,5,1,100.0,0,N,MELB_URBAN,FREEWAY,10,16.0
151999,1,0,130,5,1,60.0,0,N,MELB_URBAN,BOULEVARD,10,12.0
152000,1,2,140,5,9,50.0,0,N,MELB_URBAN,DRIVE,10,12.0
152001,1,2,130,5,1,80.0,0,N,MELB_URBAN,FREEWAY,10,9.0
152002,8,1,170,5,1,100.0,0,N,RURAL_VICTORIA,ROAD,10,12.0
152003,8,7,174,5,1,100.0,0,N,RURAL_VICTORIA,ROAD,10,12.0
152004,2,2,102,5,1,60.0,0,N,MELB_URBAN,ROAD,10,8.0
152005,1,1,113,1,1,60.0,0,I,TOWNS,HIGHWAY,10,12.0
152006,2,7,99,1,3,50.0,0,I,MELB_URBAN,STREET,10,21.0
152007,1,2,130,5,1,40.0,0,N,MELB_URBAN,FREEWAY,10,11.0
152008,1,2,113,2,1,80.0,0,I,RURAL_VICTORIA,ROAD,10,13.0
152009,1,5,130,5,1,40.0,0,N,UNKNOWN,ROAD,9,13.0
152010,1,2,133,5,1,100.0,0,N,MELB_URBAN,FREEWAY,10,10.0
152011,1,5,121,1,1,50.0,0,I,MELB_URBAN,ROAD,10,17.0
152012,1,1,110,1,1,40.0,0,I,MELB_URBAN,STREET,5,12.0
152013,2,2,100,2,1,50.0,0,I,MELB_URBAN,STREET,10,14.0
152014,4,2,173,2,1,60.0,0,N,TOWNS,ROAD,10,12.0
152015,2,5,100,5,1,40.0,0,N,SMALL_CITIES,STREET,9,11.0
152016,1,1,135,5,1,100.0,0,N,MELB_URBAN,RAMP,10,13.0
152017,1,6,99,2,1,50.0,0,N,MELB_URBAN,STREET,3,14.0
152018,8,2,99,5,1,100.0,0,N,RURAL_VICTORIA,HIGHWAY,10,14.0
152019,1,6,99,5,1,60.0,0,N,MELB_URBAN,RAMP,10,16.0
152020,8,2,99,5,1,60.0,0,N,RURAL_VICTORIA,HIGHWAY,10,14.0
152021,1,1,134,2,1,100.0,0,N,UNKNOWN,HIGHWAY,10,12.0
152022,6,2,99,5,1,50.0,0,N,MELB_URBAN,OTHER,10,14.0
152023,1,1,130,5,1,100.0,0,N,MELB_URBAN,FREEWAY,10,15.0
152024,4,5,173,2,1,80.0,0,I,MELB_URBAN,ROAD,10,17.0
152025,1,1,113,2,1,80.0,0,I,MELB_URBAN,HIGHWAY,10,14.0
152026,1,1,121,1,1,60.0,0,N,MELB_URBAN,ROAD,10,18.0
152027,1,1,147,5,1,60.0,0,N,MELB_URBAN,ROAD,10,17.0
152028,1,2,130,5,1,60.0,0,N,MELB_URBAN,ROAD,6,17.0
152029,1,1,110,1,1,80.0,0,N,MELB_URBAN,FREEWAY,10,18.0
152030,4,2,171,5,1,60.0,0,N,RURAL_VICTORIA,ROAD,10,17.0
152031,1,6,111,2,1,60.0,0,I,MELB_URBAN,AVENUE,10,10.0
152032,1,1,120,5,1,60.0,0,N,TOWNS,ROAD,10,17.0
152033,1,1,99,5,1,50.0,0,N,RURAL_VICTORIA,DRIVE,10,17.0
152034,1,1,130,1,2,60.0,0,I,MELB_URBAN,ROAD,10,6.0
152035,4,2,171,5,1,80.0,0,N,UNKNOWN,ROAD,10,15.0
152036,4,2,181,5,3,60.0,0,N,MELB_URBAN,PARADE,10,22.0
152037,8,1,99,5,1,60.0,0,N,MELB_URBAN,UNKNOWN,10,13.0
152038,2,3,99,5,3,60.0,0,N,MELB_URBAN,ROAD,10,5.0
152039,4,3,173,5,3,60.0,0,N,MELB_URBAN,AVENUE,10,5.0
152040,2,3,102,1,2,60.0,0,I,MELB_URBAN,ROAD,10,6.0
152041,1,2,147,5,1,70.0,0,I,MELB_URBAN,STREET,10,12.0
152042,1,4,113,2,1,80.0,0,I,MELB_URBAN,ROAD,10,9.0
152043,1,4,134,5,1,60.0,0,N,MELB_URBAN,ROAD,9,9.0
152044,7,3,99,2,1,70.0,0,I,MELB_URBAN,PARADE,9,9.0
152045,7,2,99,1,1,50.0,0,N,RURAL_VICTORIA,ROAD,10,8.0
152046,1,2,130,2,1,70.0,0,I,MELB_URBAN,ROAD,10,8.0
152047,2,4,102,5,6,50.0,0,N,SMALL_CITIES,OTHER,9,4.0
152048,1,3,147,5,5,100.0,0,N,RURAL_VICTORIA,HIGHWAY,10,5.0
152049,1,2,121,1,1,50.0,0,I,LARGE_PROVINCIAL_CITIES,STREET,10,12.0
152050,4,2,173,5,1,110.0,0,N,UNKNOWN,OTHER,10,7.0
152051,8,7,174,5,1,60.0,0,N,RURAL_VICTORIA,OTHER,10,12.0
152052,1,2,132,1,1,60.0,0,I,LARGE_PROVINCIAL_CITIES,STREET,10,8.0
152053,1,3,130,5,1,110.0,0,N,SMALL_CITIES,FREEWAY,10,7.0
152054,1,3,111,2,1,110.0,0,N,RURAL_VICTORIA,HIGHWAY,10,7.0
152055,2,2,100,5,1,40.0,0,N,MELB_URBAN,ROAD,9,16.0
152056,1,2,130,5,1,70.0,0,N,MELB_URBAN,ROAD,10,11.0
152057,1,3,135,5,1,70.0,0,N,MELB_URBAN,ROAD,10,11.0
152058,4,2,171,5,1,100.0,0,N,UNKNOWN,HIGHWAY,10,11.0
152059,1,3,130,1,1,80.0,0,I,MELB_URBAN,ROAD,10,7.0
152060,1,5,130,5,1,80.0,0,N,MELB_URBAN,ROAD,10,8.0
152061,2,3,99,5,1,50.0,0,N,MELB_URBAN,ROAD,10,15.0
152062,1,2,111,2,1,80.0,0,I,MELB_URBAN,ROAD,10,14.0
152063,6,3,99,5,1,50.0,0,N,MELB_URBAN,OTHER,10,16.0
152064,1,6,99,1,1,60.0,0,I,MELB_URBAN,ROAD,8,11.0
152065,1,3,132,2,1,60.0,0,I,MELB_URBAN,ROAD,10,16.0
152066,1,2,135,5,2,80.0,0,N,MELB_URBAN,FREEWAY,9,18.0
152067,1,3,130,5,1,80.0,0,N,MELB_URBAN,HIGHWAY,10,17.0
152068,1,2,130,5,1,80.0,0,N,UNKNOWN,ROAD,10,16.0
152069,4,2,171,5,1,100.0,0,N,RURAL_VICTORIA,ROAD,10,14.0
152070,1,2,130,5,1,80.0,0,N,MELB_URBAN,UNKNOWN,10,16.0
152071,1,3,121,2,1,40.0,0,I,MELB_URBAN,HIGHWAY,10,17.0
152072,1,2,147,5,1,50.0,0,N,TOWNS,STREET,10,18.0
152073,1,3,134,5,1,100.0,0,N,MELB_URBAN,FREEWAY,10,18.0
152074,1,3,160,5,1,60.0,1,N,RURAL_VICTORIA,DRIVE,10,18.0
152075,1,3,140,5,3,60.0,0,N,MELB_URBAN,ROAD,10,21.0
152076,1,3,130,5,3,70.0,0,N,MELB_URBAN,ROAD,10,21.0
152077,1,2,110,1,1,60.0,0,I,LARGE_PROVINCIAL_CITIES,STREET,10,8.0
152078,4,2,171,5,5,100.0,0,N,RURAL_VICTORIA,HIGHWAY,10,21.0
152079,1,3,113,2,3,60.0,0,I,MELB_URBAN,STREET,10,22.0
152080,1,2,121,2,1,60.0,0,I,MELB_URBAN,HIGHWAY,9,15.0
152081,4,5,171,5,3,80.0,0,N,MELB_URBAN,FREEWAY,9,3.0
152082,8,4,99,5,9,60.0,0,N,RURAL_VICTORIA,HIGHWAY,10,16.0
152083,1,3,133,5,1,80.0,0,N,MELB_URBAN,FREEWAY,10,8.0
152084,1,4,113,2,1,50.0,0,I,MELB_URBAN,STREET,10,8.0
152085,1,4,99,5,1,40.0,0,N,MELB_URBAN,STREET,10,8.0
152086,1,3,110,1,1,60.0,0,I,MELB_URBAN,ROAD,10,7.0
152087,4,4,99,2,1,60.0,0,I,MELB_URBAN,ROAD,10,9.0
152088,1,0,140,5,1,80.0,0,N,RURAL_VICTORIA,ROAD,10,12.0
152089,1,3,121,1,1,80.0,0,I,MELB_URBAN,HIGHWAY,10,11.0
152090,1,4,130,5,1,80.0,0,N,MELB_URBAN,FREEWAY,10,10.0
152091,6,7,174,5,1,80.0,0,N,RURAL_VICTORIA,ROAD,1,18.0
152092,1,3,130,5,3,100.0,0,N,MELB_URBAN,FREEWAY,7,17.0
152093,1,5,121,1,1,60.0,0,I,MELB_URBAN,STREET,9,10.0
152094,4,3,171,5,2,100.0,0,N,RURAL_VICTORIA,HIGHWAY,10,6.0
152095,1,3,133,5,1,60.0,0,N,MELB_URBAN,ROAD,10,8.0
152096,1,4,147,5,1,60.0,0,N,MELB_URBAN,OTHER,10,14.0
152097,7,0,99,5,9,60.0,0,N,RURAL_VICTORIA,ROAD,10,13.0
152098,1,3,120,5,1,80.0,0,N,MELB_URBAN,ROAD,10,14.0
152099,4,4,171,5,1,100.0,0,N,RURAL_VICTORIA,ROAD,10,14.0
152100,1,2,147,5,1,60.0,0,N,TOWNS,STREET,10,8.0
152101,1,4,160,5,1,60.0,0,N,MELB_URBAN,ROAD,10,16.0
152102,1,4,113,1,1,60.0,0,I,MELB_URBAN,STREET,10,14.0
152103,1,3,160,5,2,50.0,0,N,MELB_URBAN,STREET,10,18.0
152104,2,3,100,1,1,40.0,0,I,MELB_URBAN,ROAD,10,15.0
152105,1,4,99,5,1,80.0,0,N,MELB_URBAN,ROAD,10,19.0
152106,1,3,121,2,1,50.0,0,I,MELB_URBAN,ROAD,10,17.0
152107,1,4,130,5,1,50.0,0,N,MELB_URBAN,ROAD,10,17.0
152108,1,5,130,2,1,60.0,0,N,MELB_URBAN,ROAD,10,12.0
152109,1,5,110,1,1,50.0,0,I,SMALL_CITIES,STREET,10,14.0
152110,1,3,130,5,1,80.0,0,N,MELB_URBAN,HIGHWAY,10,14.0
152111,1,4,113,2,1,60.0,0,I,SMALL_CITIES,DRIVE,10,14.0