,accident_type,day_of_week,dca_code,road_geometry,light_condition,speed_zone,severity,node_type,deg_urban_name,road_type,month,hour
152112,1,3,99,5,1,60.0,0,N,MELB_URBAN,STREET,10,18.0
152113,4,4,183,5,1,80.0,0,N,RURAL_VICTORIA,ROAD,10,15.0
152114,1,6,110,1,1,60.0,0,I,MELB_URBAN,STREET,10,8.0
152115,1,4,121,4,3,80.0,0,N,RURAL_VICTORIA,RAMP,10,20.0
152116,4,3,181,5,1,80.0,0,N,RURAL_VICTORIA,ROAD,10,16.0
152117,1,6,113,2,1,60.0,0,I,MELB_URBAN,ROAD,9,16.0
152118,1,3,111,1,1,50.0,0,I,RURAL_VICTORIA,DRIVE,10,18.0
152119,1,4,121,1,1,30.0,0,N,MELB_URBAN,ROAD,10,14.0
152120,1,6,121,1,2,60.0,0,I,MELB_URBAN,ROAD,10,17.0
152121,2,3,99,5,3,50.0,0,N,MELB_URBAN,STREET,10,21.0
152122,1,5,99,5,5,80.0,0,I,MELB_URBAN,ROAD,10,3.0
152123,1,5,130,5,3,100.0,0,N,MELB_URBAN,FREEWAY,10,4.0
152124,1,0,121,1,3,60.0,0,I,MELB_URBAN,PARADE,10,2.0
152125,1,4,113,1,1,70.0,0,I,MELB_URBAN,DRIVE,10,7.0
152126,4,5,171,5,1,100.0,0,N,RURAL_VICTORIA,HIGHWAY,10,7.0
152127,1,4,130,5,1,60.0,0,N,MELB_URBAN,ROAD,10,7.0
152128,4,5,173,5,1,50.0,0,N,RURAL_VICTORIA,STREET,10,12.0
152129,1,6,130,1,3,70.0,0,N,MELB_URBAN,ROAD,9,22.0
152130,1,4,110,1,1,50.0,0,I,TOWNS,STREET,10,8.0
152131,1,4,130,5,1,60.0,0,N,LARGE_PROVINCIAL_CITIES,ROAD,10,7.0
152132,1,5,113,2,1,60.0,0,I,MELB_URBAN,ROAD,10,8.0
152133,1,4,110,1,1,60.0,0,I,SMALL_CITIES,PARADE,10,8.0
152134,1,4,130,5,1,60.0,0,N,MELB_URBAN,ROAD,10,8.0
152135,1,5,120,5,1,70.0,0,N,MELB_URBAN,ROAD,10,9.0
152136,1,5,121,5,1,80.0,0,N,MELB_URBAN,ROAD,10,8.0
152137,1,4,130,5,1,100.0,0,N,MELB_URBAN,ROAD,10,9.0
152138,1,4,130,5,1,100.0,0,N,MELB_URBAN,FREEWAY,10,7.0
152139,1,5,113,2,1,80.0,0,I,MELB_URBAN,RAMP,10,11.0
152140,1,5,110,1,1,80.0,0,I,MELB_URBAN,ROAD,10,7.0
152141,1,5,99,1,1,60.0,0,N,UNKNOWN,HIGHWAY,10,10.0
152142,1,4,134,1,1,40.0,0,I,MELB_URBAN,STREET,9,7.0
152143,3,3,167,5,1,60.0,0,N,RURAL_VICTORIA,ROAD,10,15.0
152144,1,1,130,5,1,80.0,0,N,UNKNOWN,HIGHWAY,10,8.0
152145,1,6,130,5,3,50.0,0,N,SMALL_TOWNS,ROAD,9,20.0
152146,1,1,130,2,1,100.0,0,N,MELB_URBAN,FREEWAY,10,8.0
152147,4,4,99,5,1,50.0,0,N,MELB_URBAN,BOULEVARD,10,13.0
152148,7,5,99,5,9,50.0,0,N,MELB_URBAN,ROAD,3,9.0
152149,2,5,99,5,1,60.0,0,N,MELB_URBAN,ROAD,10,13.0
152150,1,4,121,1,1,60.0,0,I,MELB_URBAN,ROAD,10,13.0
152151,1,5,121,1,6,60.0,0,I,MELB_URBAN,ROAD,9,19.0
152152,1,3,130,5,1,60.0,0,N,MELB_URBAN,ROAD,10,17.0
152153,1,4,120,5,1,60.0,0,N,MELB_URBAN,STREET,10,15.0
152154,1,5,130,2,3,60.0,0,I,MELB_URBAN,ROAD,9,19.0
152155,8,5,174,5,1,50.0,0,N,SMALL_CITIES,DRIVE,10,16.0
152156,1,4,121,1,1,60.0,0,I,MELB_URBAN,ROAD,10,16.0
152157,1,5,99,5,1,60.0,0,N,MELB_URBAN,STREET,10,17.0
152158,1,4,130,5,1,100.0,0,N,MELB_URBAN,ROAD,10,16.0
152159,1,4,110,1,1,60.0,0,I,LARGE_PROVINCIAL_CITIES,ROAD,10,17.0
152160,1,5,130,5,1,100.0,0,N,MELB_URBAN,FREEWAY,10,17.0
152161,1,5,110,1,1,60.0,0,I,RURAL_VICTORIA,ROAD,10,16.0
152162,1,5,147,5,1,80.0,1,N,RURAL_VICTORIA,STREET,10,15.0
152163,1,4,110,1,1,80.0,0,I,MELB_URBAN,ROAD,10,18.0
152164,1,5,120,2,1,50.0,0,I,MELB_URBAN,OTHER,10,17.0
152165,4,4,99,5,2,40.0,0,N,MELBOURNE_CBD,STREET,10,18.0
152166,4,5,99,5,1,50.0,0,N,MELB_URBAN,STREET,10,16.0
152167,1,4,130,1,1,70.0,0,I,MELB_URBAN,ROAD,10,7.0
152168,1,5,130,1,3,60.0,0,N,MELB_URBAN,ROAD,10,20.0
152169,2,4,102,2,1,70.0,0,I,UNKNOWN,ROAD,10,18.0
152170,1,4,121,1,4,70.0,0,I,MELB_URBAN,ROAD,10,21.0
152171,1,4,135,5,3,80.0,0,N,MELB_URBAN,FREEWAY,10,21.0
152172,1,5,133,5,1,40.0,0,N,UNKNOWN,ROAD,10,14.0
152173,1,5,110,1,1,50.0,0,I,MELB_URBAN,AVENUE,10,14.0
152174,1,5,130,1,3,80.0,0,I,MELB_URBAN,ROAD,10,5.0
152175,4,5,181,5,5,60.0,0,N,MELB_URBAN,ROAD,10,23.0
152176,2,4,99,5,9,60.0,0,N,MELB_URBAN,STREET,10,22.0
152177,4,6,99,2,3,60.0,0,I,MELB_URBAN,ROAD,10,1.0
152178,4,6,171,5,5,80.0,0,N,MELB_URBAN,ROAD,10,1.0
152179,1,0,121,1,1,60.0,0,I,MELB_URBAN,ROAD,10,16.0
152180,1,4,130,5,1,40.0,0,N,SMALL_CITIES,DRIVE,10,16.0
152181,4,6,171,5,1,80.0,0,N,MELB_URBAN,ROAD,10,8.0
152182,1,7,130,2,3,40.0,0,I,MELB_URBAN,STREET,7,18.0
152183,1,6,113,1,1,70.0,0,I,RURAL_VICTORIA,ROAD,10,9.0
152184,1,5,130,1,1,70.0,0,I,MELB_URBAN,AVENUE,10,6.0
152185,4,6,171,5,1,50.0,0,N,MELB_URBAN,OTHER,10,8.0
152186,2,4,99,5,1,40.0,0,N,MELB_URBAN,STREET,10,11.0
152187,1,6,113,2,1,80.0,0,I,MELB_URBAN,ROAD,10,7.0
152188,1,6,130,5,1,100.0,0,N,MELB_URBAN,FREEWAY,10,10.0
152189,4,5,171,5,1,50.0,0,N,SMALL_CITIES,OTHER,10,12.0
152190,1,4,121,2,1,60.0,0,N,UNKNOWN,STREET,10,16.0
152191,1,6,130,2,1,60.0,0,I,LARGE_PROVINCIAL_CITIES,STREET,10,11.0
152192,1,5,110,1,1,60.0,0,I,MELB_URBAN,STREET,10,11.0
152193,1,6,113,2,1,100.0,0,I,MELB_URBAN,ROAD,10,11.0
152194,6,6,170,5,1,60.0,0,N,RURAL_VICTORIA,ROAD,10,13.0
152195,1,5,132,5,1,80.0,0,N,MELB_URBAN,HIGHWAY,10,11.0
152196,1,5,110,1,1,60.0,0,I,MELB_URBAN,STREET,10,14.0
152197,1,5,120,5,1,80.0,0,N,RURAL_VICTORIA,ROAD,10,13.0
152198,1,3,99,1,3,60.0,0,I,MELB_URBAN,ROAD,9,17.0
152199,6,5,174,5,1,80.0,0,N,RURAL_VICTORIA,ROAD,10,11.0
152200,1,5,132,1,1,60.0,0,I,MELB_URBAN,ROAD,10,15.0
152201,4,1,171,5,5,60.0,0,N,MELB_URBAN,ROAD,6,1.0
152202,1,3,130,5,2,80.0,0,N,MELB_URBAN,ROAD,9,17.0
152203,1,6,120,5,1,80.0,0,N,RURAL_VICTORIA,ROAD,10,16.0
152204,4,6,173,5,1,50.0,0,N,SMALL_CITIES,ROAD,10,17.0
152205,1,5,130,1,2,80.0,0,I,MELB_URBAN,FREEWAY,10,7.0
152206,1,2,111,1,1,70.0,0,I,MELB_URBAN,HIGHWAY,10,15.0
152207,1,6,121,2,1,70.0,0,N,MELB_URBAN,ROAD,10,16.0
152208,1,6,121,2,1,60.0,0,I,MELB_URBAN,DRIVE,10,18.0
152209,8,6,170,5,9,60.0,0,N,RURAL_VICTORIA,HIGHWAY,10,4.0
152210,1,5,110,1,1,70.0,0,I,MELB_URBAN,ROAD,10,17.0
152211,4,5,171,5,2,50.0,0,O,MELB_URBAN,UNKNOWN,10,19.0
152212,4,6,173,5,2,110.0,0,N,RURAL_VICTORIA,FREEWAY,10,18.0
152213,1,6,116,2,1,60.0,0,I,MELB_URBAN,ROAD,10,17.0
152214,4,6,173,5,3,100.0,1,N,RURAL_VICTORIA,FREEWAY,10,19.0
152215,8,2,170,5,5,100.0,0,N,RURAL_VICTORIA,ROAD,8,22.0
152216,4,6,99,5,3,60.0,0,N,MELB_URBAN,ROAD,10,22.0
152217,8,6,99,2,2,100.0,1,I,RURAL_VICTORIA,ROAD,10,19.0
152218,1,6,121,2,3,80.0,0,N,MELB_URBAN,ROAD,10,0.0
152219,2,6,102,2,3,40.0,0,N,MELB_URBAN,STREET,10,1.0
152220,1,7,130,1,3,60.0,0,N,LARGE_PROVINCIAL_CITIES,STREET,10,2.0
152221,1,6,160,5,5,50.0,0,N,SMALL_CITIES,STREET,10,21.0
152222,2,5,100,1,5,50.0,0,N,MELB_URBAN,OTHER,10,23.0
152223,1,6,160,5,6,50.0,0,N,SMALL_CITIES,AVENUE,10,5.0
152224,6,7,174,5,1,60.0,0,N,SMALL_TOWNS,HIGHWAY,10,9.0
152225,2,1,99,3,1,40.0,0,I,UNKNOWN,ROAD,10,13.0
152226,2,7,100,1,1,60.0,0,N,UNKNOWN,STREET,10,10.0
152227,1,6,133,2,1,40.0,0,N,MELB_URBAN,ROAD,10,11.0
152228,4,7,183,2,1,80.0,0,I,RURAL_VICTORIA,ROAD,10,10.0
152229,1,6,99,1,1,40.0,0,O,MELB_URBAN,UNKNOWN,10,12.0
152230,1,6,130,1,1,60.0,0,N,MELB_URBAN,PARADE,10,11.0
152231,1,6,121,2,1,70.0,0,N,MELB_URBAN,STREET,10,18.0
152232,1,7,120,2,1,80.0,0,I,RURAL_VICTORIA,ROAD,10,10.0
152233,1,7,140,2,1,60.0,0,I,MELB_URBAN,ROAD,10,9.0
152234,1,5,130,1,3,60.0,0,N,MELB_URBAN,ROAD,10,5.0
152235,4,6,171,5,1,60.0,0,N,MELB_URBAN,ROAD,10,14.0
152236,6,7,99,5,1,100.0,0,N,RURAL_VICTORIA,ROAD,10,13.0
152237,4,7,171,5,1,60.0,0,N,MELB_URBAN,ROAD,10,15.0
152238,1,7,121,2,1,50.0,0,I,MELB_URBAN,ROAD,10,17.0
152239,2,7,102,1,1,40.0,0,I,MELBOURNE_CBD,STREET,10,17.0
152240,8,7,174,5,1,50.0,0,N,RURAL_VICTORIA,ROAD,10,19.0
152241,8,6,174,5,5,60.0,0,N,RURAL_VICTORIA,STREET,10,20.0
152242,1,7,121,1,3,80.0,0,I,MELB_URBAN,HIGHWAY,10,20.0
152243,1,7,113,2,3,80.0,0,N,MELB_URBAN,ROAD,10,19.0
152244,1,7,99,5,5,80.0,0,N,RURAL_VICTORIA,ROAD,10,22.0
152245,1,6,130,5,3,60.0,0,N,MELB_URBAN,ROAD,10,22.0
152246,1,7,130,5,5,100.0,0,N,MELB_URBAN,FREEWAY,10,22.0
152247,4,0,173,2,3,70.0,0,I,MELB_URBAN,ROAD,10,2.0
152248,4,1,173,5,3,100.0,0,N,MELB_URBAN,ROAD,10,2.0
152249,1,1,121,2,3,80.0,0,N,MELB_URBAN,HIGHWAY,10,1.0
152250,1,1,113,1,3,60.0,0,I,MELB_URBAN,ROAD,10,0.0
152251,1,1,121,2,3,80.0,0,N,MELB_URBAN,ROAD,10,0.0
152252,1,6,121,2,1,40.0,0,I,MELB_URBAN,STREET,10,17.0
152253,1,2,116,1,1,80.0,0,N,MELB_URBAN,DRIVE,6,13.0
152254,1,0,99,2,1,50.0,0,I,MELB_URBAN,DRIVE,10,12.0
152255,1,0,110,1,1,50.0,0,I,MELB_URBAN,STREET,10,11.0
152256,1,1,111,2,1,100.0,0,I,RURAL_VICTORIA,ROAD,10,10.0
152257,1,1,130,5,1,80.0,0,N,MELB_URBAN,ROAD,10,13.0
152258,2,0,99,2,9,60.0,0,N,TOWNS,ROAD,10,12.0
152259,1,1,135,5,1,60.0,0,N,MELB_URBAN,ROAD,10,12.0
152260,5,0,99,5,1,80.0,0,N,RURAL_VICTORIA,ROAD,10,13.0
152261,1,0,121,1,1,50.0,0,I,MELB_URBAN,STREET,10,12.0
152262,4,1,99,2,1,50.0,0,I,MELB_URBAN,ROAD,10,12.0
152263,1,4,140,5,1,60.0,0,N,MELB_URBAN,ROAD,10,9.0
152264,8,1,99,5,1,40.0,0,N,MELB_URBAN,STREET,10,14.0
152265,1,0,121,1,1,60.0,0,I,MELB_URBAN,ROAD,10,14.0
152266,1,1,99,5,1,40.0,0,N,MELB_URBAN,OTHER,10,14.0
152267,2,6,102,2,1,60.0,0,N,MELB_URBAN,ROAD,10,17.0
152268,1,0,110,1,1,60.0,0,I,MELB_URBAN,ROAD,10,15.0
152269,1,7,120,5,2,100.0,0,N,RURAL_VICTORIA,ROAD,10,7.0
152270,1,6,130,5,1,60.0,0,N,MELB_URBAN,DRIVE,10,17.0
152271,1,0,110,1,1,50.0,0,I,MELB_URBAN,ROAD,10,18.0
152272,1,0,110,1,1,60.0,0,I,MELB_URBAN,HIGHWAY,10,16.0
152273,4,5,173,5,9,50.0,0,N,SMALL_CITIES,DRIVE,10,14.0
152274,6,0,99,5,1,100.0,0,N,RURAL_VICTORIA,ROAD,10,16.0
152275,6,0,99,4,1,80.0,0,N,MELB_URBAN,RAMP,10,16.0
152276,1,1,99,1,1,80.0,0,N,MELB_URBAN,ROAD,10,18.0
152277,1,0,130,1,9,60.0,0,I,MELB_URBAN,ROAD,10,13.0
152278,1,1,99,5,1,60.0,0,N,MELB_URBAN,ROAD,10,18.0
152279,2,1,100,2,4,60.0,0,I,MELB_URBAN,ROAD,10,20.0
152280,4,0,99,1,5,100.0,0,N,RURAL_VICTORIA,AVENUE,10,20.0
152281,1,0,120,2,5,80.0,0,N,RURAL_VICTORIA,ROAD,10,20.0
152282,6,0,99,5,5,50.0,0,N,RURAL_VICTORIA,ROAD,10,20.0
152283,1,0,121,1,1,70.0,0,N,MELB_URBAN,ROAD,10,17.0
152284,1,1,130,2,3,60.0,0,I,MELB_URBAN,ROAD,10,21.0
152285,2,2,102,5,3,60.0,1,N,MELB_URBAN,ROAD,10,2.0
152286,1,1,110,1,1,60.0,0,I,SMALL_CITIES,STREET,10,7.0
152287,1,1,120,2,1,50.0,0,I,MELB_URBAN,ROAD,10,6.0
152288,1,1,121,1,1,60.0,0,I,LARGE_PROVINCIAL_CITIES,HIGHWAY,10,9.0
152289,5,2,99,5,2,100.0,0,N,RURAL_VICTORIA,ROAD,10,6.0
152290,2,1,102,5,1,40.0,0,N,MELB_URBAN,ROAD,10,9.0
152291,1,4,133,5,1,80.0,0,N,MELB_URBAN,HIGHWAY,10,16.0
152292,2,5,99,5,1,50.0,0,N,MELB_URBAN,STREET,10,10.0
152293,1,2,130,5,1,100.0,0,N,UNKNOWN,FREEWAY,10,6.0
152294,1,4,110,1,2,60.0,0,I,TOWNS,STREET,9,18.0
152295,1,1,121,1,1,60.0,0,I,MELB_URBAN,STREET,10,11.0
152296,1,2,120,2,1,60.0,0,I,TOWNS,ROAD,8,14.0
152297,1,2,133,5,1,40.0,0,N,MELB_URBAN,STREET,10,11.0
152298,4,1,99,5,1,40.0,0,N,MELB_URBAN,ROAD,10,13.0
152299,1,7,99,1,2,60.0,0,I,MELB_URBAN,PARADE,10,19.0
152300,4,4,99,5,1,40.0,0,N,LARGE_PROVINCIAL_CITIES,STREET,10,15.0
152301,1,2,120,5,1,100.0,0,N,RURAL_VICTORIA,HIGHWAY,10,9.0
152302,1,6,130,2,1,60.0,0,I,MELB_URBAN,ROAD,9,14.0
152303,1,2,121,1,1,60.0,0,I,MELB_URBAN,ROAD,10,7.0
152304,1,1,130,5,1,70.0,0,N,LARGE_PROVINCIAL_CITIES,ROAD,10,14.0
152305,1,2,99,2,1,50.0,0,N,MELB_URBAN,STREET,10,8.0
152306,1,2,130,5,1,80.0,0,N,SMALL_CITIES,HIGHWAY,10,11.0
152307,1,2,130,5,1,100.0,0,N,SMALL_TOWNS,RAMP,10,16.0
152308,1,1,130,5,1,100.0,0,N,MELB_URBAN,FREEWAY,10,9.0
152309,4,2,171,5,1,100.0,0,N,RURAL_VICTORIA,HIGHWAY,10,11.0
152310,1,5,130,1,1,60.0,0,N,MELB_URBAN,ROAD,10,16.0
152311,1,2,99,2,1,60.0,0,N,MELB_URBAN,STREET,10,15.0
152312,8,2,99,5,6,60.0,0,N,MELB_URBAN,STREET,10,22.0
152313,6,6,170,3,1,60.0,0,O,RURAL_VICTORIA,UNKNOWN,10,17.0
152314,1,1,99,5,1,50.0,0,N,MELB_URBAN,AVENUE,10,17.0
152315,1,1,121,2,1,60.0,0,I,MELB_URBAN,ROAD,10,9.0
152316,2,2,100,2,4,60.0,0,I,MELB_URBAN,ROAD,10,20.0
152317,4,3,171,2,3,60.0,0,I,MELB_URBAN,ROAD,10,0.0
152318,1,5,130,5,1,80.0,0,N,MELB_URBAN,OTHER,9,16.0
152319,6,3,99,5,2,80.0,0,N,RURAL_VICTORIA,ROAD,10,5.0
152320,2,4,102,1,1,60.0,0,I,MELB_URBAN,BOULEVARD,10,16.0
152321,4,0,171,5,1,60.0,0,N,MELB_URBAN,ROAD,10,17.0
152322,1,7,130,5,1,60.0,0,N,MELB_URBAN,PARADE,10,11.0
152323,1,1,134,2,1,80.0,0,I,MELB_URBAN,ROAD,10,17.0
152324,1,4,130,5,1,60.0,0,N,MELB_URBAN,RAMP,10,17.0
152325,1,6,130,5,2,100.0,0,N,MELB_URBAN,FREEWAY,10,18.0
152326,2,6,99,5,3,50.0,0,N,MELB_URBAN,OTHER,10,21.0
152327,1,3,133,1,1,80.0,0,N,MELB_URBAN,ROAD,10,6.0
152328,8,3,174,5,1,40.0,0,N,MELB_URBAN,ROAD,9,13.0
152329,7,6,99,5,1,60.0,0,N,RURAL_VICTORIA,OTHER,9,11.0
152330,1,6,116,1,2,80.0,0,N,MELB_URBAN,HIGHWAY,10,19.0
152331,1,2,99,1,1,40.0,0,I,MELBOURNE_CBD,STREET,10,10.0
152332,6,3,174,5,1,40.0,0,N,MELB_URBAN,ROAD,10,11.0
152333,1,1,110,1,1,60.0,0,I,TOWNS,STREET,10,14.0
152334,6,7,99,5,1,60.0,0,N,MELB_URBAN,RAMP,10,9.0
152335,1,6,120,2,1,80.0,0,I,MELB_URBAN,ROAD,9,6.0
152336,1,1,110,1,2,80.0,0,I,MELB_URBAN,ROAD,10,5.0
152337,1,3,111,2,2,50.0,0,I,RURAL_VICTORIA,PARADE,9,17.0
152338,1,2,99,2,1,40.0,0,N,MELB_URBAN,AVENUE,10,13.0
152339,1,2,110,1,1,60.0,0,I,MELB_URBAN,ROAD,10,13.0
152340,2,3,99,2,1,60.0,0,N,MELB_URBAN,STREET,10,13.0
152341,1,3,134,5,1,60.0,0,N,MELB_URBAN,ROAD,10,9.0
152342,4,3,171,2,1,50.0,0,I,TOWNS,STREET,10,15.0
152343,1,2,171,5,1,60.0,0,N,MELB_URBAN,HIGHWAY,10,13.0
152344,1,3,130,5,1,50.0,0,N,MELB_URBAN,BOULEVARD,10,14.0
152345,1,6,130,2,1,80.0,0,I,MELB_URBAN,ROAD,8,12.0
152346,1,3,133,5,1,40.0,0,N,MELBOURNE_CBD,STREET,10,14.0
152347,1,6,110,1,1,50.0,0,I,MELB_URBAN,STREET,9,9.0
152348,1,3,121,2,1,80.0,0,I,MELB_URBAN,RAMP,10,16.0
152349,1,1,130,2,2,60.0,0,I,MELB_URBAN,RAMP,10,20.0
152350,1,3,130,5,1,40.0,0,N,MELB_URBAN,ROAD,10,15.0
152351,1,3,110,1,1,50.0,0,I,MELB_URBAN,OTHER,10,17.0
152352,2,2,100,5,1,50.0,0,N,MELB_URBAN,BOULEVARD,10,15.0
152353,1,3,130,5,1,70.0,0,N,MELB_URBAN,ROAD,10,16.0
152354,1,3,130,5,1,80.0,0,N,MELB_URBAN,ROAD,10,17.0
152355,1,3,113,2,1,80.0,0,I,RURAL_VICTORIA,HIGHWAY,10,17.0
152356,1,3,110,1,3,60.0,0,I,LARGE_PROVINCIAL_CITIES,STREET,10,20.0
152357,1,2,99,1,3,40.0,0,I,MELBOURNE_CBD,STREET,10,20.0
152358,1,3,133,1,1,70.0,0,I,MELB_URBAN,ROAD,10,16.0
152359,2,3,100,2,1,50.0,0,I,SMALL_CITIES,STREET,10,17.0
152360,1,3,113,1,2,80.0,0,N,MELB_URBAN,ROAD,10,18.0
152361,4,2,171,2,1,100.0,0,I,RURAL_VICTORIA,ROAD,10,18.0
152362,2,3,99,5,6,40.0,0,N,SMALL_CITIES,STREET,10,22.0
152363,1,1,130,5,1,80.0,0,N,MELB_URBAN,FREEWAY,10,10.0
152364,1,3,130,5,2,100.0,0,N,MELB_URBAN,FREEWAY,10,6.0
152365,1,4,110,1,5,80.0,0,I,RURAL_VICTORIA,HIGHWAY,10,5.0
152366,1,4,160,5,1,50.0,0,N,MELB_URBAN,STREET,10,7.0
152367,1,3,99,1,1,100.0,0,I,RURAL_VICTORIA,HIGHWAY,10,15.0
152368,1,1,160,2,1,50.0,0,N,UNKNOWN,STREET,10,19.0
152369,1,4,110,1,1,40.0,0,I,MELB_URBAN,STREET,10,8.0
152370,1,4,132,5,3,60.0,0,N,MELB_URBAN,ROAD,10,21.0
152371,1,3,130,5,1,60.0,0,N,MELB_URBAN,ROAD,10,18.0
152372,1,6,113,2,1,60.0,0,I,MELB_URBAN,DRIVE,10,8.0
152373,1,2,130,5,1,40.0,0,N,LARGE_PROVINCIAL_CITIES,STREET,10,16.0
152374,1,4,113,2,1,60.0,0,N,LARGE_PROVINCIAL_CITIES,STREET,10,8.0
152375,1,2,99,2,2,60.0,0,I,MELB_URBAN,ROAD,10,17.0
152376,4,4,183,5,1,100.0,0,N,RURAL_VICTORIA,ROAD,10,8.0
152377,1,3,121,2,1,60.0,0,N,MELB_URBAN,HIGHWAY,10,12.0
152378,2,4,102,5,1,50.0,0,N,TOWNS,STREET,10,10.0
152379,1,5,110,1,3,50.0,0,I,SMALL_CITIES,AVENUE,9,19.0
152380,1,4,113,2,1,60.0,0,I,LARGE_PROVINCIAL_CITIES,ROAD,10,11.0
152381,6,3,174,5,1,50.0,0,N,MELB_URBAN,AVENUE,10,15.0
152382,1,4,120,5,1,70.0,0,N,MELB_URBAN,HIGHWAY,10,11.0
152383,4,4,171,5,1,110.0,0,N,RURAL_VICTORIA,FREEWAY,10,9.0
152384,1,4,160,5,1,60.0,0,N,LARGE_PROVINCIAL_CITIES,STREET,10,13.0
152385,1,4,121,1,6,60.0,0,I,MELB_URBAN,DRIVE,10,20.0
152386,1,5,113,2,1,60.0,0,I,MELB_URBAN,ROAD,9,18.0
152387,1,3,134,5,1,60.0,0,N,MELB_URBAN,ROAD,10,16.0
152388,1,3,130,1,1,50.0,0,I,SMALL_CITIES,STREET,10,14.0
152389,1,3,130,2,1,70.0,0,N,MELB_URBAN,ROAD,10,17.0
152390,4,3,171,5,1,60.0,0,N,RURAL_VICTORIA,ROAD,10,15.0
152391,1,1,130,5,1,60.0,0,N,MELB_URBAN,ROAD,10,12.0
152392,1,4,113,2,1,70.0,0,I,MELB_URBAN,HIGHWAY,10,15.0
152393,1,3,130,5,1,100.0,0,N,MELB_URBAN,FREEWAY,10,16.0
152394,2,3,100,5,2,60.0,0,N,MELB_URBAN,STREET,10,19.0
152395,2,3,100,2,9,70.0,0,N,MELB_URBAN,ROAD,10,17.0
152396,1,3,130,2,1,60.0,0,I,MELB_URBAN,STREET,10,15.0
152397,1,2,130,5,1,100.0,0,N,MELB_URBAN,FREEWAY,10,7.0
152398,4,4,171,5,1,60.0,0,N,MELB_URBAN,ROAD,10,17.0
152399,4,4,173,5,1,50.0,0,N,MELB_URBAN,STREET,10,17.0
152400,1,3,160,5,3,40.0,0,N,MELB_URBAN,STREET,10,22.0
152401,1,3,135,2,3,50.0,0,N,MELB_URBAN,STREET,10,20.0
152402,1,4,120,5,1,70.0,1,N,RURAL_VICTORIA,ROAD,10,15.0
152403,1,5,99,2,3,70.0,0,I,MELB_URBAN,ROAD,10,0.0
152404,1,4,121,1,3,80.0,0,I,MELB_URBAN,ROAD,10,22.0
152405,1,3,116,2,3,70.0,0,I,MELB_URBAN,OTHER,10,23.0
152406,3,5,167,5,5,100.0,0,N,RURAL_VICTORIA,ROAD,10,0.0
152407,1,6,130,5,1,70.0,0,N,RURAL_VICTORIA,ROAD,9,16.0
152408,1,4,135,5,1,100.0,0,N,MELB_URBAN,ROAD,10,6.0
152409,1,4,113,1,1,60.0,0,I,TOWNS,PARADE,10,8.0
152410,1,5,130,1,1,60.0,0,N,LARGE_PROVINCIAL_CITIES,ROAD,10,8.0
152411,2,4,99,5,1,50.0,0,N,MELB_URBAN,STREET,10,8.0
152412,2,4,102,5,1,40.0,0,N,SMALL_CITIES,STREET,10,9.0
152413,1,4,130,5,1,60.0,0,N,MELB_URBAN,ROAD,10,9.0
152414,1,4,121,1,1,60.0,0,I,MELB_URBAN,ROAD,10,8.0
152415,8,3,99,5,9,80.0,0,N,UNKNOWN,ROAD,10,16.0
152416,1,5,113,2,1,60.0,0,I,MELB_URBAN,ROAD,10,9.0
152417,1,4,133,1,1,70.0,0,I,MELB_URBAN,ROAD,10,10.0
152418,1,4,130,5,1,40.0,0,N,LARGE_PROVINCIAL_CITIES,STREET,9,15.0
152419,1,5,99,5,1,50.0,0,N,TOWNS,DRIVE,10,7.0
152420,1,5,113,2,1,60.0,0,N,MELB_URBAN,BOULEVARD,10,10.0
152421,1,5,130,5,1,60.0,0,N,RURAL_VICTORIA,ROAD,10,17.0
152422,1,5,99,2,1,60.0,0,I,MELB_URBAN,ROAD,10,10.0
152423,1,3,130,1,9,60.0,0,I,LARGE_PROVINCIAL_CITIES,STREET,10,16.0
152424,1,7,160,5,1,60.0,0,N,MELB_URBAN,ROAD,10,12.0
152425,1,5,99,5,1,50.0,0,N,MELB_URBAN,OTHER,10,11.0
152426,1,5,130,5,1,60.0,0,N,LARGE_PROVINCIAL_CITIES,ROAD,10,9.0
152427,2,4,100,2,1,50.0,0,N,MELB_URBAN,STREET,10,10.0
152428,1,1,111,1,2,60.0,0,I,MELB_URBAN,STREET,10,6.0
152429,1,5,133,5,1,80.0,0,N,RURAL_VICTORIA,HIGHWAY,10,10.0
152430,1,4,110,1,1,40.0,0,I,MELB_URBAN,STREET,10,9.0
152431,1,4,99,5,1,50.0,0,N,MELB_URBAN,AVENUE,10,11.0
152432,1,3,130,3,1,60.0,0,I,SMALL_CITIES,ROAD,10,8.0
152433,1,0,121,1,1,60.0,0,I,MELB_URBAN,ROAD,10,17.0
152434,4,5,181,5,1,60.0,0,N,RURAL_VICTORIA,ROAD,10,12.0