,accident_type,day_of_week,dca_code,road_geometry,light_condition,speed_zone,severity,node_type,deg_urban_name,road_type,month,hour
152435,1,3,113,2,1,80.0,0,I,SMALL_TOWNS,ROAD,10,13.0
152436,1,4,132,5,2,100.0,0,N,RURAL_VICTORIA,HIGHWAY,10,18.0
152437,1,4,130,1,1,60.0,0,N,RURAL_VICTORIA,ROAD,10,12.0
152438,1,4,121,1,1,80.0,0,I,MELB_URBAN,RAMP,10,15.0
152439,1,4,120,1,1,50.0,0,N,MELB_URBAN,STREET,10,16.0
152440,1,5,113,1,1,80.0,0,I,MELB_URBAN,ROAD,10,15.0
152441,1,2,121,1,1,50.0,0,I,TOWNS,STREET,10,8.0
152442,1,5,113,2,1,70.0,0,I,MELB_URBAN,HIGHWAY,10,16.0
152443,1,0,130,5,9,60.0,0,N,UNKNOWN,RAMP,9,17.0
152444,1,2,130,5,1,60.0,0,N,LARGE_PROVINCIAL_CITIES,ROAD,10,8.0
152445,1,4,130,5,1,60.0,0,N,MELB_URBAN,RAMP,10,15.0
152446,4,4,171,2,1,50.0,0,I,MELB_URBAN,ROAD,10,15.0
152447,5,5,181,5,1,100.0,0,N,RURAL_VICTORIA,ROAD,10,14.0
152448,2,5,102,5,1,50.0,0,N,LARGE_PROVINCIAL_CITIES,STREET,10,17.0
152449,1,4,111,1,1,80.0,0,I,MELB_URBAN,ROAD,9,6.0
152450,1,4,130,5,1,70.0,0,N,MELB_URBAN,ROAD,10,16.0
152451,1,5,99,1,6,40.0,0,I,MELBOURNE_CBD,STREET,10,0.0
152452,1,5,130,5,1,80.0,0,N,MELB_URBAN,HIGHWAY,10,15.0
152453,4,5,181,5,1,100.0,0,N,RURAL_VICTORIA,ROAD,10,15.0
152454,1,3,130,1,1,60.0,0,N,MELB_URBAN,DRIVE,9,9.0
152455,1,5,99,5,1,50.0,0,N,MELB_URBAN,AVENUE,10,17.0
152456,1,5,130,5,5,110.0,0,N,RURAL_VICTORIA,FREEWAY,10,21.0
152457,1,5,120,5,5,60.0,0,N,MELB_URBAN,ROAD,10,21.0
152458,2,4,99,5,1,50.0,0,N,LARGE_PROVINCIAL_CITIES,STREET,10,15.0
152459,1,5,130,5,1,100.0,0,N,MELB_URBAN,FREEWAY,10,15.0
152460,1,4,110,1,3,60.0,0,I,LARGE_PROVINCIAL_CITIES,ROAD,10,21.0
152461,1,6,110,1,3,60.0,0,N,MELB_URBAN,STREET,9,23.0
152462,1,4,135,5,3,80.0,0,N,MELB_URBAN,ROAD,10,20.0
152463,1,6,121,1,3,40.0,0,I,MELB_URBAN,ROAD,10,4.0
152464,1,3,130,1,1,60.0,0,N,MELB_URBAN,ROAD,10,17.0
152465,1,4,111,2,1,60.0,0,I,MELB_URBAN,DRIVE,10,10.0
152466,1,5,130,5,1,80.0,0,N,MELB_URBAN,ROAD,9,15.0
152467,4,5,171,5,1,60.0,0,N,RURAL_VICTORIA,ROAD,10,17.0
152468,1,5,133,5,1,50.0,0,N,SMALL_CITIES,ROAD,10,7.0
152469,1,5,134,5,1,100.0,0,N,MELB_URBAN,FREEWAY,10,13.0
152470,1,5,130,5,1,110.0,0,N,RURAL_VICTORIA,HIGHWAY,10,12.0
152471,2,1,99,5,3,40.0,0,N,MELB_URBAN,STREET,9,4.0
152472,6,4,170,5,1,80.0,0,N,RURAL_VICTORIA,ROAD,10,17.0
152473,2,5,102,2,1,50.0,0,N,MELB_URBAN,AVENUE,10,16.0
152474,6,6,174,5,1,110.0,1,N,RURAL_VICTORIA,FREEWAY,10,13.0
152475,1,3,130,5,1,50.0,0,N,MELB_URBAN,BOULEVARD,10,9.0
152476,1,5,130,5,1,100.0,0,N,RURAL_VICTORIA,ROAD,10,17.0
152477,2,5,100,1,1,80.0,0,N,UNKNOWN,HIGHWAY,10,11.0
152478,8,7,99,5,1,50.0,0,N,TOWNS,ROAD,1,12.0
152479,1,6,130,1,1,60.0,0,I,LARGE_PROVINCIAL_CITIES,STREET,10,17.0
152480,1,4,121,1,3,40.0,0,I,MELB_URBAN,ROAD,10,21.0
152481,1,5,130,5,1,50.0,0,N,MELB_URBAN,STREET,10,15.0
152482,1,6,147,5,1,60.0,0,I,MELB_URBAN,ROAD,10,18.0
152483,1,6,120,5,2,60.0,0,N,MELB_URBAN,ROAD,10,18.0
152484,4,4,171,5,1,60.0,0,N,RURAL_VICTORIA,ROAD,10,12.0
152485,2,5,100,5,1,40.0,0,N,MELB_URBAN,STREET,10,16.0
152486,1,6,140,5,3,60.0,0,N,MELB_URBAN,ROAD,10,19.0
152487,2,2,100,5,1,80.0,0,N,MELB_URBAN,RAMP,9,15.0
152488,1,6,130,5,1,100.0,0,N,MELB_URBAN,FREEWAY,10,17.0
152489,1,0,133,5,1,70.0,0,N,MELB_URBAN,ROAD,9,11.0
152490,1,7,130,5,5,60.0,0,N,RURAL_VICTORIA,ROAD,10,0.0
152491,2,5,99,1,3,60.0,0,I,TOWNS,STREET,10,22.0
152492,1,6,110,1,3,50.0,0,I,MELB_URBAN,STREET,10,22.0
152493,4,6,171,5,5,100.0,0,N,RURAL_VICTORIA,ROAD,10,0.0
152494,1,6,120,5,5,100.0,0,N,RURAL_VICTORIA,ROAD,10,23.0
152495,4,7,181,5,5,110.0,0,N,SMALL_TOWNS,FREEWAY,10,1.0
152496,4,6,173,5,5,50.0,0,N,LARGE_PROVINCIAL_CITIES,AVENUE,10,3.0
152497,1,6,110,1,1,40.0,0,I,MELB_URBAN,STREET,10,15.0
152498,1,7,160,2,2,70.0,0,I,MELB_URBAN,ROAD,10,5.0
152499,1,6,110,1,1,70.0,0,N,MELB_URBAN,ROAD,10,8.0
152500,4,7,181,5,2,40.0,1,N,RURAL_VICTORIA,ROAD,10,6.0
152501,1,1,116,2,1,60.0,0,I,LARGE_PROVINCIAL_CITIES,HIGHWAY,10,9.0
152502,1,7,110,1,1,60.0,0,I,LARGE_PROVINCIAL_CITIES,STREET,10,10.0
152503,1,1,130,5,1,60.0,0,N,MELB_URBAN,ROAD,10,11.0
152504,1,7,113,2,1,80.0,0,I,MELB_URBAN,ROAD,10,9.0
152505,1,5,130,5,1,80.0,0,N,MELB_URBAN,ROAD,10,13.0
152506,6,6,99,5,1,100.0,0,N,RURAL_VICTORIA,ROAD,10,11.0
152507,1,2,130,1,9,80.0,0,I,MELB_URBAN,ROAD,10,16.0
152508,1,7,113,2,1,80.0,0,I,MELB_URBAN,PARADE,10,12.0
152509,7,0,99,5,9,80.0,0,N,RURAL_VICTORIA,ROAD,9,14.0
152510,1,7,130,5,1,80.0,0,N,MELB_URBAN,HIGHWAY,10,12.0
152511,1,1,135,2,1,40.0,0,I,MELB_URBAN,ROAD,10,11.0
152512,4,7,181,5,1,100.0,0,N,RURAL_VICTORIA,ROAD,10,12.0
152513,1,7,110,1,1,60.0,0,I,LARGE_PROVINCIAL_CITIES,STREET,10,14.0
152514,1,7,130,5,1,60.0,0,N,MELB_URBAN,OTHER,10,15.0
152515,1,6,130,5,1,60.0,0,O,MELB_URBAN,UNKNOWN,10,14.0
152516,1,7,121,1,1,80.0,0,I,MELB_URBAN,ROAD,10,13.0
152517,1,7,133,5,1,60.0,0,N,MELB_URBAN,STREET,10,15.0
152518,1,7,113,2,1,100.0,0,N,RURAL_VICTORIA,HIGHWAY,10,13.0
152519,4,5,173,5,3,110.0,0,N,SMALL_CITIES,FREEWAY,10,21.0
152520,1,6,147,5,1,60.0,0,N,MELB_URBAN,ROAD,10,14.0
152521,1,7,120,5,1,50.0,0,N,MELB_URBAN,ROAD,10,16.0
152522,1,7,160,5,2,60.0,0,N,MELB_URBAN,AVENUE,10,18.0
152523,4,7,181,2,3,50.0,0,I,MELB_URBAN,DRIVE,10,1.0
152524,1,7,120,5,1,60.0,0,N,MELB_URBAN,ROAD,10,19.0
152525,4,7,173,5,1,60.0,0,N,MELB_URBAN,STREET,10,17.0
152526,1,6,130,1,1,60.0,0,N,MELB_URBAN,ROAD,10,15.0
152527,1,6,121,1,3,50.0,0,I,MELB_URBAN,ROAD,10,20.0
152528,5,6,99,5,5,100.0,0,N,RURAL_VICTORIA,FREEWAY,10,21.0
152529,6,7,174,5,2,50.0,0,N,MELB_URBAN,DRIVE,10,19.0
152530,4,7,171,2,3,50.0,0,I,MELB_URBAN,ROAD,10,18.0
152531,1,3,113,2,1,60.0,0,I,TOWNS,STREET,10,17.0
152532,1,7,160,5,3,60.0,0,N,SMALL_CITIES,STREET,10,23.0
152533,2,1,102,1,3,60.0,0,I,MELB_URBAN,ROAD,10,0.0
152534,5,1,99,5,5,60.0,0,N,RURAL_VICTORIA,ROAD,10,1.0
152535,1,7,130,5,1,100.0,0,N,MELB_URBAN,FREEWAY,10,13.0
152536,1,5,130,1,1,80.0,0,N,MELB_URBAN,ROAD,10,7.0
152537,4,1,181,5,2,50.0,0,N,MELB_URBAN,UNKNOWN,10,7.0
152538,1,1,147,5,1,60.0,0,N,UNKNOWN,ROAD,10,8.0
152539,4,0,171,1,1,80.0,0,I,RURAL_VICTORIA,HIGHWAY,10,9.0
152540,1,5,130,1,2,40.0,0,I,MELBOURNE_CBD,STREET,10,19.0
152541,1,5,130,5,1,50.0,0,N,MELB_URBAN,ROAD,9,15.0
152542,1,0,110,1,1,60.0,0,I,MELB_URBAN,ROAD,10,13.0
152543,5,5,99,5,1,100.0,0,N,RURAL_VICTORIA,ROAD,10,17.0
152544,1,1,99,5,1,80.0,0,N,RURAL_VICTORIA,ROAD,10,11.0
152545,5,4,99,5,1,80.0,0,N,RURAL_VICTORIA,HIGHWAY,10,12.0
152546,1,0,99,1,1,50.0,0,N,MELB_URBAN,UNKNOWN,10,10.0
152547,5,0,99,5,1,100.0,0,N,LARGE_PROVINCIAL_CITIES,RAMP,10,12.0
152548,1,1,99,1,1,40.0,0,I,LARGE_PROVINCIAL_CITIES,STREET,10,14.0
152549,1,1,132,1,1,60.0,0,I,MELB_URBAN,ROAD,10,11.0
152550,1,0,120,5,1,60.0,0,N,MELB_URBAN,STREET,10,15.0
152551,1,0,121,1,1,70.0,0,I,LARGE_PROVINCIAL_CITIES,STREET,10,15.0
152552,4,1,181,5,1,70.0,0,N,MELB_URBAN,ROAD,10,14.0
152553,1,0,113,2,1,60.0,0,N,RURAL_VICTORIA,ROAD,10,17.0
152554,4,0,171,5,1,60.0,0,N,RURAL_VICTORIA,STREET,10,19.0
152555,4,1,171,5,2,60.0,0,N,MELB_URBAN,ROAD,10,19.0
152556,1,1,99,2,3,60.0,0,N,MELB_URBAN,ROAD,10,21.0
152557,4,0,171,5,1,50.0,0,N,TOWNS,STREET,10,13.0
152558,5,0,99,5,5,100.0,0,N,MELB_URBAN,ROAD,10,23.0
152559,1,1,134,5,3,70.0,0,N,MELB_URBAN,OTHER,10,0.0
152560,2,2,100,1,3,40.0,0,I,MELBOURNE_CBD,STREET,10,0.0
152561,4,1,171,5,5,80.0,0,N,RURAL_VICTORIA,ROAD,10,2.0
152562,1,2,130,5,1,70.0,0,N,MELB_URBAN,ROAD,10,9.0
152563,1,2,111,2,1,60.0,0,I,MELB_URBAN,STREET,10,7.0
152564,8,7,174,5,9,60.0,0,N,RURAL_VICTORIA,ROAD,10,15.0
152565,4,2,171,5,1,100.0,0,N,UNKNOWN,ROAD,10,8.0
152566,1,2,110,1,3,60.0,0,I,MELB_URBAN,ROAD,10,5.0
152567,1,2,160,5,1,50.0,0,N,MELB_URBAN,STREET,10,9.0
152568,1,2,160,5,1,50.0,0,N,MELB_URBAN,STREET,10,10.0
152569,1,3,99,5,2,60.0,0,N,MELB_URBAN,STREET,10,6.0
152570,4,7,171,5,1,60.0,0,N,RURAL_VICTORIA,ROAD,10,8.0
152571,5,1,99,5,2,80.0,0,N,RURAL_VICTORIA,ROAD,10,5.0
152572,1,1,140,2,1,50.0,0,I,MELB_URBAN,ROAD,10,8.0
152573,1,2,133,5,1,100.0,0,N,RURAL_VICTORIA,FREEWAY,10,10.0
152574,1,6,135,5,1,100.0,0,N,MELB_URBAN,ROAD,8,12.0
152575,4,2,181,5,1,50.0,0,N,TOWNS,AVENUE,10,12.0
152576,1,2,147,5,1,40.0,0,N,MELB_URBAN,PARADE,10,11.0
152577,1,2,135,2,1,50.0,0,I,MELB_URBAN,ROAD,10,14.0
152578,1,5,130,1,2,60.0,0,I,LARGE_PROVINCIAL_CITIES,ROAD,10,19.0
152579,1,1,120,5,1,80.0,0,N,RURAL_VICTORIA,ROAD,10,12.0
152580,6,2,174,5,1,100.0,0,N,RURAL_VICTORIA,OTHER,10,11.0
152581,1,1,110,1,1,50.0,0,I,LARGE_PROVINCIAL_CITIES,STREET,10,15.0
152582,1,2,147,5,1,60.0,0,N,MELB_URBAN,ROAD,10,16.0
152583,1,7,130,2,1,80.0,0,I,MELB_URBAN,HIGHWAY,10,11.0
152584,4,1,171,5,1,100.0,0,N,RURAL_VICTORIA,FREEWAY,10,16.0
152585,1,2,130,5,1,80.0,0,N,RURAL_VICTORIA,ROAD,10,17.0
152586,2,2,102,5,1,60.0,0,N,MELB_URBAN,STREET,10,18.0
152587,1,2,113,2,1,80.0,0,I,MELB_URBAN,HIGHWAY,10,17.0
152588,1,2,132,2,3,60.0,0,I,SMALL_CITIES,STREET,10,20.0
152589,2,6,99,5,5,60.0,0,N,RURAL_VICTORIA,ROAD,10,1.0
152590,4,1,171,5,5,100.0,0,N,RURAL_VICTORIA,ROAD,10,20.0
152591,4,2,183,5,1,60.0,1,N,MELB_URBAN,ROAD,10,19.0
152592,1,1,110,1,3,50.0,0,I,MELB_URBAN,OTHER,10,22.0
152593,1,3,110,1,3,60.0,0,I,MELB_URBAN,ROAD,11,0.0
152594,4,2,171,1,9,100.0,0,I,RURAL_VICTORIA,ROAD,10,11.0
152595,1,2,135,5,1,80.0,0,N,MELB_URBAN,OTHER,10,7.0
152596,8,7,170,5,1,60.0,0,N,RURAL_VICTORIA,ROAD,10,11.0
152597,6,3,99,5,1,80.0,0,N,MELB_URBAN,ROAD,11,6.0
152598,1,2,120,5,1,50.0,0,N,MELB_URBAN,BOULEVARD,11,8.0
152599,1,3,147,5,1,50.0,0,N,MELB_URBAN,STREET,11,9.0
152600,1,2,99,2,1,60.0,0,N,UNKNOWN,UNKNOWN,10,18.0
152601,1,3,132,1,1,60.0,0,I,MELB_URBAN,ROAD,11,9.0
152602,2,2,99,5,1,50.0,0,N,MELB_URBAN,STREET,11,12.0
152603,1,2,130,5,1,100.0,0,N,MELB_URBAN,FREEWAY,10,7.0
152604,4,3,173,5,1,100.0,0,N,RURAL_VICTORIA,HIGHWAY,11,9.0
152605,1,2,121,1,1,60.0,0,I,MELB_URBAN,ROAD,11,12.0
152606,1,3,110,1,1,40.0,0,I,MELB_URBAN,AVENUE,11,12.0
152607,1,3,163,5,1,40.0,0,N,MELB_URBAN,STREET,11,14.0
152608,1,6,110,1,1,60.0,0,N,MELB_URBAN,STREET,10,12.0
152609,4,3,171,5,1,80.0,0,N,RURAL_VICTORIA,ROAD,11,13.0
152610,1,3,135,4,3,60.0,0,I,MELB_URBAN,ROAD,10,5.0
152611,1,3,130,2,1,80.0,0,I,MELB_URBAN,ROAD,11,16.0
152612,1,6,116,1,1,60.0,0,I,MELB_URBAN,STREET,10,18.0
152613,6,3,174,1,1,50.0,0,N,LARGE_PROVINCIAL_CITIES,STREET,11,11.0
152614,1,2,130,5,1,100.0,0,N,RURAL_VICTORIA,HIGHWAY,11,17.0
152615,1,3,135,5,1,100.0,0,N,MELB_URBAN,FREEWAY,11,17.0
152616,1,4,130,4,2,60.0,0,I,MELB_URBAN,RAMP,10,6.0
152617,1,2,160,5,3,60.0,0,N,MELB_URBAN,ROAD,11,21.0
152618,1,3,134,5,1,100.0,0,N,MELB_URBAN,FREEWAY,8,17.0
152619,1,3,130,2,3,60.0,0,N,MELB_URBAN,ROAD,11,21.0
152620,1,3,121,2,3,60.0,0,I,MELB_URBAN,ROAD,11,23.0
152621,1,2,171,5,3,50.0,0,N,SMALL_CITIES,DRIVE,11,20.0
152622,2,4,100,5,3,60.0,0,N,MELB_URBAN,ROAD,11,0.0
152623,1,4,130,5,1,60.0,0,N,MELB_URBAN,ROAD,11,7.0
152624,1,4,113,2,1,80.0,0,I,MELB_URBAN,ROAD,11,8.0
152625,1,4,121,1,1,60.0,0,I,MELB_URBAN,AVENUE,11,9.0
152626,2,4,102,5,1,60.0,0,N,TOWNS,STREET,11,11.0
152627,1,3,113,2,1,60.0,0,I,MELB_URBAN,STREET,11,11.0
152628,4,4,183,5,1,110.0,0,N,RURAL_VICTORIA,FREEWAY,11,10.0
152629,1,3,121,5,1,60.0,0,N,MELB_URBAN,ROAD,9,12.0
152630,1,1,120,5,1,50.0,0,N,TOWNS,ROAD,10,16.0
152631,1,4,135,5,1,80.0,0,N,MELB_URBAN,HIGHWAY,11,12.0
152632,4,4,183,5,1,50.0,0,N,RURAL_VICTORIA,OTHER,11,7.0
152633,1,6,147,5,1,50.0,0,N,SMALL_CITIES,STREET,8,16.0
152634,1,6,116,4,3,60.0,0,I,MELB_URBAN,RAMP,10,5.0
152635,1,6,130,1,1,60.0,0,I,MELB_URBAN,OTHER,10,17.0
152636,2,4,100,1,1,40.0,0,I,MELB_URBAN,UNKNOWN,11,12.0
152637,1,4,183,2,1,90.0,0,I,MELB_URBAN,ROAD,11,9.0
152638,7,2,99,5,6,50.0,0,I,MELB_URBAN,STREET,10,23.0
152639,4,4,99,5,1,60.0,0,N,MELB_URBAN,AVENUE,11,10.0
152640,8,7,174,2,2,50.0,0,I,TOWNS,HIGHWAY,10,18.0
152641,4,4,173,5,1,100.0,0,N,RURAL_VICTORIA,OTHER,11,14.0
152642,1,5,132,2,1,80.0,0,N,RURAL_VICTORIA,HIGHWAY,10,14.0
152643,1,4,132,2,1,100.0,0,I,SMALL_CITIES,HIGHWAY,11,16.0
152644,2,3,100,2,1,50.0,0,I,MELB_URBAN,STREET,11,16.0
152645,1,4,111,2,1,60.0,0,I,SMALL_CITIES,DRIVE,11,17.0
152646,1,4,135,1,1,50.0,0,I,MELB_URBAN,STREET,10,16.0
152647,1,4,147,5,1,60.0,0,N,MELB_URBAN,ROAD,11,17.0
152648,1,7,99,5,1,60.0,0,N,RURAL_VICTORIA,ROAD,10,16.0
152649,4,4,171,2,1,60.0,0,I,MELB_URBAN,RAMP,11,14.0
152650,1,4,130,5,1,60.0,0,N,MELB_URBAN,PARADE,10,11.0
152651,1,3,130,5,1,70.0,0,N,LARGE_PROVINCIAL_CITIES,HIGHWAY,11,17.0
152652,1,0,130,1,1,60.0,0,I,RURAL_VICTORIA,ROAD,10,15.0
152653,4,3,181,5,1,100.0,0,N,RURAL_VICTORIA,ROAD,11,17.0
152654,1,3,110,1,3,50.0,0,I,LARGE_PROVINCIAL_CITIES,UNKNOWN,11,22.0
152655,1,4,130,2,3,60.0,0,I,MELB_URBAN,ROAD,11,22.0
152656,1,0,110,1,1,60.0,0,I,MELB_URBAN,STREET,9,14.0
152657,6,4,99,5,5,100.0,0,N,RURAL_VICTORIA,ROAD,11,21.0
152658,1,3,110,4,3,80.0,0,I,MELB_URBAN,ROAD,11,23.0
152659,1,4,160,5,9,50.0,0,N,MELB_URBAN,STREET,11,4.0
152660,1,3,110,1,1,50.0,0,I,MELB_URBAN,STREET,11,12.0
152661,5,5,99,5,2,80.0,0,N,RURAL_VICTORIA,ROAD,11,5.0
152662,1,4,130,5,2,110.0,0,N,RURAL_VICTORIA,RAMP,11,5.0
152663,1,4,130,5,1,60.0,0,N,LARGE_PROVINCIAL_CITIES,ROAD,11,8.0
152664,1,6,99,2,1,60.0,0,I,MELB_URBAN,OTHER,10,9.0
152665,1,4,110,1,1,50.0,0,I,TOWNS,STREET,10,13.0
152666,1,5,99,5,9,50.0,0,N,SMALL_CITIES,AVENUE,10,17.0
152667,4,5,183,5,2,110.0,1,N,RURAL_VICTORIA,HIGHWAY,11,5.0
152668,1,5,130,1,1,60.0,0,I,MELB_URBAN,ROAD,10,14.0
152669,4,5,181,5,1,110.0,0,N,RURAL_VICTORIA,FREEWAY,10,11.0
152670,1,2,99,2,1,60.0,0,I,MELB_URBAN,ROAD,10,17.0
152671,4,4,173,5,1,100.0,0,N,RURAL_VICTORIA,ROAD,11,7.0
152672,1,5,113,2,1,60.0,0,I,MELB_URBAN,ROAD,11,12.0
152673,1,5,110,1,1,60.0,0,I,MELB_URBAN,ROAD,10,8.0
152674,1,6,120,5,1,60.0,0,N,MELB_URBAN,ROAD,10,8.0
152675,4,4,173,5,1,50.0,0,N,MELB_URBAN,DRIVE,11,11.0
152676,1,6,130,1,1,60.0,0,I,MELB_URBAN,ROAD,10,10.0
152677,1,3,130,5,1,100.0,0,N,RURAL_VICTORIA,HIGHWAY,11,12.0
152678,1,4,110,1,1,60.0,0,I,MELB_URBAN,AVENUE,11,14.0
152679,1,1,160,5,1,60.0,0,N,SMALL_CITIES,ROAD,10,12.0
152680,2,5,100,5,1,40.0,0,N,MELB_URBAN,ROAD,11,15.0
152681,1,5,134,5,1,60.0,0,N,MELB_URBAN,STREET,11,17.0
152682,1,1,130,1,3,60.0,0,N,MELB_URBAN,PARADE,10,1.0
152683,1,3,121,1,3,70.0,0,I,MELB_URBAN,ROAD,10,20.0
152684,1,7,130,1,9,60.0,0,I,MELB_URBAN,ROAD,10,14.0
152685,1,5,160,5,3,50.0,0,N,TOWNS,ROAD,8,20.0
152686,1,5,130,5,1,60.0,0,N,UNKNOWN,ROAD,11,15.0
152687,1,4,130,2,1,40.0,0,I,MELB_URBAN,ROAD,11,14.0
152688,6,4,174,9,1,100.0,0,N,RURAL_VICTORIA,HIGHWAY,11,15.0
152689,1,5,99,5,1,60.0,0,N,MELB_URBAN,STREET,11,12.0
152690,1,6,147,5,1,60.0,0,N,RURAL_VICTORIA,OTHER,9,10.0
152691,1,4,130,5,1,70.0,0,N,LARGE_PROVINCIAL_CITIES,ROAD,11,13.0
152692,1,4,110,1,6,50.0,0,I,MELB_URBAN,STREET,10,22.0
152693,1,4,130,5,1,100.0,0,N,MELB_URBAN,FREEWAY,11,16.0
152694,4,5,173,5,3,60.0,0,N,MELB_URBAN,ROAD,11,20.0
152695,4,6,171,5,5,100.0,0,N,RURAL_VICTORIA,HIGHWAY,11,0.0
152696,5,6,99,5,3,40.0,0,N,RURAL_VICTORIA,HIGHWAY,11,0.0
152697,1,3,130,2,3,40.0,0,N,MELB_URBAN,STREET,11,21.0
152698,1,3,130,5,1,80.0,0,N,RURAL_VICTORIA,HIGHWAY,10,17.0
152699,1,2,135,5,9,60.0,0,N,MELB_URBAN,FREEWAY,10,17.0
152700,1,6,113,2,2,60.0,0,I,MELB_URBAN,HIGHWAY,11,6.0
152701,1,5,110,1,1,50.0,0,I,RURAL_VICTORIA,OTHER,11,9.0
152702,1,5,130,5,1,80.0,0,N,MELB_URBAN,FREEWAY,11,8.0
152703,1,6,121,1,1,80.0,0,I,RURAL_VICTORIA,HIGHWAY,11,7.0
152704,1,5,110,1,1,60.0,0,I,SMALL_CITIES,ROAD,11,8.0
152705,1,5,99,5,1,40.0,0,N,MELB_URBAN,STREET,11,8.0
152706,1,6,120,5,1,50.0,0,N,RURAL_VICTORIA,ROAD,11,8.0
152707,1,6,113,2,1,70.0,0,I,MELB_URBAN,ROAD,11,12.0
152708,4,5,171,5,1,60.0,0,N,MELB_URBAN,ROAD,11,8.0
152709,1,6,99,5,1,50.0,0,N,SMALL_CITIES,STREET,11,10.0
152710,2,6,100,1,2,50.0,1,I,MELB_URBAN,BOULEVARD,11,5.0
152711,4,4,171,5,1,100.0,0,N,UNKNOWN,ROAD,11,7.0
152712,1,5,113,1,1,60.0,0,I,MELB_URBAN,STREET,11,12.0
152713,1,6,110,1,1,80.0,0,I,RURAL_VICTORIA,ROAD,11,8.0
152714,4,6,181,5,1,80.0,0,N,RURAL_VICTORIA,ROAD,11,13.0
152715,1,6,99,5,1,100.0,0,N,MELB_URBAN,ROAD,11,12.0
152716,1,6,132,1,1,70.0,0,I,LARGE_PROVINCIAL_CITIES,HIGHWAY,11,14.0
152717,1,2,113,2,1,60.0,0,I,MELB_URBAN,ROAD,8,16.0
152718,1,6,110,1,1,60.0,0,I,MELB_URBAN,ROAD,11,13.0
152719,1,5,120,5,1,50.0,0,N,MELB_URBAN,AVENUE,11,12.0
152720,1,3,116,2,1,60.0,0,N,MELB_URBAN,ROAD,10,13.0
152721,4,6,171,5,1,60.0,0,N,MELB_URBAN,ROAD,11,14.0
152722,1,5,113,2,1,50.0,0,I,MELB_URBAN,STREET,11,13.0
152723,1,5,110,1,1,50.0,0,I,LARGE_PROVINCIAL_CITIES,UNKNOWN,11,16.0
152724,1,5,130,1,1,80.0,0,I,MELB_URBAN,ROAD,11,18.0
152725,1,0,99,5,1,40.0,0,N,MELB_URBAN,ROAD,10,18.0
152726,1,5,121,5,1,60.0,0,N,MELB_URBAN,ROAD,11,17.0
152727,1,5,110,1,1,80.0,0,I,MELB_URBAN,ROAD,11,17.0
152728,1,5,135,5,1,80.0,0,N,MELB_URBAN,FREEWAY,11,18.0
152729,1,5,99,5,1,100.0,0,N,RURAL_VICTORIA,ROAD,11,17.0
152730,1,6,113,2,1,80.0,0,I,MELB_URBAN,ROAD,11,18.0
152731,6,6,99,5,1,100.0,1,N,RURAL_VICTORIA,HIGHWAY,11,15.0
152732,1,6,130,5,1,100.0,0,N,MELB_URBAN,FREEWAY,11,16.0
152733,1,5,121,2,1,50.0,0,I,MELB_URBAN,DRIVE,11,19.0
152734,1,5,120,5,1,50.0,0,N,MELB_URBAN,ROAD,11,19.0
152735,1,6,113,2,1,60.0,0,I,MELB_URBAN,ROAD,11,18.0
152736,4,6,183,5,5,60.0,0,N,MELB_URBAN,ROAD,11,22.0
152737,1,2,111,1,6,50.0,0,N,UNKNOWN,ROAD,10,21.0
152738,1,6,135,5,3,60.0,0,N,SMALL_CITIES,ROAD,11,22.0
152739,1,6,99,5,3,60.0,0,N,UNKNOWN,STREET,11,23.0
152740,1,7,130,5,5,100.0,0,N,MELB_URBAN,FREEWAY,11,1.0
152741,4,6,173,5,3,40.0,0,N,MELBOURNE_CBD,STREET,11,2.0
152742,4,7,99,2,3,50.0,0,I,TOWNS,STREET,11,4.0
152743,1,2,110,1,1,80.0,0,I,RURAL_VICTORIA,FREEWAY,10,13.0
152744,1,7,147,5,1,60.0,0,N,MELB_URBAN,STREET,11,6.0
152745,1,6,121,1,1,80.0,0,I,MELB_URBAN,ROAD,11,6.0
152746,6,7,174,2,1,60.0,0,I,MELB_URBAN,STREET,11,9.0
152747,2,7,99,5,1,60.0,0,N,TOWNS,AVENUE,11,10.0
152748,6,7,174,5,1,60.0,0,N,RURAL_VICTORIA,OTHER,11,10.0
152749,1,7,134,5,1,80.0,0,N,MELB_URBAN,FREEWAY,11,8.0
152750,1,7,113,1,1,50.0,0,I,MELB_URBAN,STREET,11,11.0
152751,1,6,130,1,1,80.0,0,N,UNKNOWN,ROAD,10,12.0
152752,4,5,171,5,2,100.0,0,N,RURAL_VICTORIA,ROAD,11,5.0
152753,1,5,110,1,1,60.0,0,I,RURAL_VICTORIA,HIGHWAY,11,10.0
152754,1,6,160,5,1,60.0,0,N,MELB_URBAN,ROAD,11,9.0