,accident_type,day_of_week,dca_code,road_geometry,light_condition,speed_zone,severity,node_type,deg_urban_name,road_type,month,hour
152755,1,6,110,1,1,60.0,0,I,MELB_URBAN,STREET,11,10.0
152756,4,7,183,5,1,100.0,0,N,RURAL_VICTORIA,ROAD,11,10.0
152757,1,7,130,5,1,60.0,0,N,MELB_URBAN,ROAD,11,10.0
152758,1,7,113,2,1,60.0,0,I,MELB_URBAN,ROAD,11,11.0
152759,4,7,173,5,1,80.0,0,N,RURAL_VICTORIA,HIGHWAY,11,12.0
152760,2,6,99,5,6,60.0,0,N,SMALL_TOWNS,ROAD,11,20.0
152761,4,3,99,5,1,40.0,0,N,MELB_URBAN,STREET,10,16.0
152762,1,4,121,2,1,60.0,0,I,MELB_URBAN,ROAD,11,17.0
152763,1,4,111,2,1,60.0,0,I,MELB_URBAN,ROAD,11,9.0
152764,1,7,116,1,1,100.0,0,I,RURAL_VICTORIA,HIGHWAY,11,14.0
152765,1,7,130,5,1,60.0,0,N,MELB_URBAN,ROAD,9,15.0
152766,1,6,121,2,1,70.0,0,I,MELB_URBAN,ROAD,11,15.0
152767,2,7,100,2,1,40.0,0,I,LARGE_PROVINCIAL_CITIES,ROAD,11,14.0
152768,4,7,173,2,1,80.0,0,N,RURAL_VICTORIA,ROAD,11,12.0
152769,1,7,99,2,1,80.0,0,I,MELB_URBAN,ROAD,11,14.0
152770,1,7,130,5,1,80.0,0,N,RURAL_VICTORIA,FREEWAY,11,16.0
152771,1,7,121,2,1,60.0,0,I,MELB_URBAN,HIGHWAY,11,16.0
152772,4,7,173,5,1,50.0,0,N,SMALL_CITIES,OTHER,11,14.0
152773,1,2,130,5,1,60.0,0,N,MELB_URBAN,ROAD,10,14.0
152774,1,1,121,5,1,60.0,0,N,MELB_URBAN,ROAD,10,9.0
152775,1,7,132,5,1,60.0,0,N,MELB_URBAN,DRIVE,11,15.0
152776,1,7,110,1,2,60.0,0,I,TOWNS,STREET,11,19.0
152777,2,6,99,5,1,60.0,0,N,MELB_URBAN,STREET,11,15.0
152778,1,6,130,5,3,50.0,0,N,MELB_URBAN,ROAD,11,21.0
152779,1,6,113,4,3,80.0,0,I,MELB_URBAN,ROAD,11,21.0
152780,4,7,171,2,1,60.0,0,I,RURAL_VICTORIA,ROAD,11,19.0
152781,3,7,167,5,5,100.0,0,N,RURAL_VICTORIA,ROAD,11,21.0
152782,1,0,110,1,1,60.0,0,I,MELB_URBAN,ROAD,10,15.0
152783,1,1,130,5,3,70.0,0,N,RURAL_VICTORIA,ROAD,11,0.0
152784,1,1,160,5,3,60.0,0,N,MELB_URBAN,ROAD,11,4.0
152785,1,1,99,1,3,50.0,0,I,LARGE_PROVINCIAL_CITIES,STREET,11,0.0
152786,1,7,135,5,3,100.0,0,N,MELB_URBAN,FREEWAY,11,22.0
152787,1,1,121,1,3,70.0,0,I,MELB_URBAN,ROAD,11,1.0
152788,2,6,99,5,1,40.0,0,N,SMALL_CITIES,UNKNOWN,9,9.0
152789,1,7,130,5,1,40.0,0,N,LARGE_PROVINCIAL_CITIES,STREET,11,10.0
152790,1,0,110,1,5,60.0,0,I,RURAL_VICTORIA,ROAD,11,0.0
152791,1,7,110,1,1,100.0,1,I,RURAL_VICTORIA,HIGHWAY,11,16.0
152792,4,1,181,5,1,80.0,0,N,RURAL_VICTORIA,ROAD,11,9.0
152793,1,0,130,5,1,60.0,0,N,MELB_URBAN,ROAD,11,11.0
152794,8,1,184,5,1,100.0,0,N,RURAL_VICTORIA,ROAD,11,8.0
152795,1,5,130,5,2,80.0,0,N,MELB_URBAN,ROAD,11,7.0
152796,2,6,99,5,1,50.0,0,N,LARGE_PROVINCIAL_CITIES,STREET,5,14.0
152797,4,1,171,2,1,60.0,0,N,MELB_URBAN,ROAD,11,12.0
152798,1,0,134,4,1,80.0,0,N,SMALL_CITIES,STREET,11,12.0
152799,2,2,100,5,1,60.0,0,N,RURAL_VICTORIA,UNKNOWN,10,12.0
152800,1,1,132,5,1,100.0,0,N,RURAL_VICTORIA,HIGHWAY,11,11.0
152801,1,3,110,1,1,60.0,0,I,MELB_URBAN,STREET,11,10.0
152802,6,1,184,5,1,100.0,0,N,UNKNOWN,ROAD,11,13.0
152803,1,1,120,5,1,80.0,0,N,RURAL_VICTORIA,ROAD,11,14.0
152804,1,6,113,2,1,40.0,0,I,MELB_URBAN,STREET,11,18.0
152805,1,0,130,5,1,100.0,0,N,MELB_URBAN,RAMP,11,14.0
152806,1,1,121,2,1,60.0,0,I,TOWNS,HIGHWAY,11,15.0
152807,1,1,147,5,1,50.0,0,N,RURAL_VICTORIA,STREET,11,15.0
152808,1,4,130,2,9,60.0,0,I,MELB_URBAN,AVENUE,10,17.0
152809,1,6,130,1,1,60.0,0,I,RURAL_VICTORIA,ROAD,11,13.0
152810,4,1,171,5,1,100.0,1,N,RURAL_VICTORIA,ROAD,11,14.0
152811,1,0,99,5,1,50.0,0,N,MELB_URBAN,DRIVE,11,18.0
152812,1,5,147,5,9,50.0,0,N,MELB_URBAN,STREET,11,19.0
152813,1,1,110,1,1,50.0,0,I,MELB_URBAN,STREET,11,15.0
152814,1,1,120,5,1,70.0,0,N,RURAL_VICTORIA,ROAD,11,16.0
152815,2,7,99,5,9,60.0,0,N,MELB_URBAN,STREET,11,19.0
152816,6,0,170,5,2,100.0,0,N,RURAL_VICTORIA,HIGHWAY,11,20.0
152817,4,1,171,5,1,100.0,0,N,RURAL_VICTORIA,HIGHWAY,11,18.0
152818,1,0,160,5,3,50.0,0,N,MELB_URBAN,DRIVE,11,21.0
152819,3,1,167,5,5,100.0,0,N,RURAL_VICTORIA,ROAD,11,21.0
152820,4,1,99,2,3,60.0,0,I,TOWNS,HIGHWAY,11,21.0
152821,2,1,102,2,3,50.0,0,N,SMALL_CITIES,STREET,11,21.0
152822,1,1,121,2,3,60.0,0,I,MELB_URBAN,BOULEVARD,11,21.0
152823,1,1,113,2,3,60.0,0,I,MELB_URBAN,ROAD,11,22.0
152824,1,1,130,5,3,60.0,0,N,MELB_URBAN,FREEWAY,11,23.0
152825,1,3,135,5,1,80.0,0,N,MELB_URBAN,OTHER,11,9.0
152826,1,1,110,1,3,60.0,0,I,MELB_URBAN,ROAD,11,23.0
152827,1,2,99,1,3,70.0,0,I,RURAL_VICTORIA,PARADE,11,5.0
152828,1,1,120,5,1,80.0,0,N,RURAL_VICTORIA,ROAD,11,17.0
152829,1,2,99,1,3,80.0,0,I,MELB_URBAN,ROAD,10,23.0
152830,1,1,130,1,1,80.0,0,N,UNKNOWN,ROAD,10,15.0
152831,2,3,99,5,1,60.0,0,N,MELB_URBAN,STREET,10,14.0
152832,1,0,113,2,1,60.0,0,I,RURAL_VICTORIA,ROAD,11,10.0
152833,1,2,110,1,1,60.0,0,N,SMALL_CITIES,STREET,11,9.0
152834,1,2,140,1,1,80.0,0,I,RURAL_VICTORIA,ROAD,11,11.0
152835,1,1,110,1,1,70.0,0,I,MELB_URBAN,ROAD,11,10.0
152836,4,7,171,5,5,60.0,0,N,TOWNS,STREET,11,22.0
152837,1,1,99,5,1,60.0,0,N,MELB_URBAN,ROAD,11,11.0
152838,1,2,160,5,1,60.0,0,N,MELB_URBAN,HIGHWAY,11,8.0
152839,1,2,130,5,1,60.0,0,N,MELB_URBAN,STREET,10,7.0
152840,1,0,130,5,1,80.0,0,N,MELB_URBAN,FREEWAY,11,17.0
152841,1,4,99,2,1,60.0,0,N,MELB_URBAN,ROAD,11,15.0
152842,1,5,130,1,1,50.0,0,I,LARGE_PROVINCIAL_CITIES,OTHER,11,7.0
152843,2,2,100,5,1,50.0,0,N,MELB_URBAN,ROAD,11,9.0
152844,1,5,121,2,1,60.0,0,I,MELB_URBAN,ROAD,10,12.0
152845,4,2,99,5,1,60.0,0,N,LARGE_PROVINCIAL_CITIES,DRIVE,11,14.0
152846,6,2,99,5,1,100.0,0,N,RURAL_VICTORIA,ROAD,11,12.0
152847,1,2,99,5,9,50.0,0,N,MELB_URBAN,ROAD,8,19.0
152848,1,1,130,2,1,60.0,0,N,MELB_URBAN,STREET,11,14.0
152849,1,3,130,5,1,100.0,0,N,MELB_URBAN,ROAD,10,16.0
152850,4,2,171,1,1,60.0,0,I,LARGE_PROVINCIAL_CITIES,ROAD,11,15.0
152851,2,3,99,5,1,60.0,0,N,MELB_URBAN,ROAD,10,12.0
152852,1,6,121,2,3,60.0,0,N,MELB_URBAN,ROAD,11,22.0
152853,1,2,130,4,1,40.0,0,I,RURAL_VICTORIA,ROAD,11,15.0
152854,1,2,113,1,1,80.0,0,I,MELB_URBAN,HIGHWAY,11,13.0
152855,4,2,181,5,1,100.0,0,N,UNKNOWN,ROAD,11,14.0
152856,4,1,173,5,1,100.0,0,N,MELB_URBAN,ROAD,11,16.0
152857,1,1,120,5,1,60.0,0,N,MELB_URBAN,ROAD,11,17.0
152858,1,7,130,2,3,60.0,0,N,MELB_URBAN,ROAD,11,23.0
152859,1,2,121,2,1,80.0,0,I,MELB_URBAN,ROAD,11,17.0
152860,1,2,130,2,1,80.0,0,I,MELB_URBAN,ROAD,11,16.0
152861,1,2,140,5,1,50.0,0,N,MELB_URBAN,BOULEVARD,11,18.0
152862,1,2,121,2,1,80.0,0,I,MELB_URBAN,ROAD,11,10.0
152863,2,2,99,5,1,50.0,1,N,MELB_URBAN,STREET,11,15.0
152864,1,1,135,2,1,80.0,0,I,MELB_URBAN,ROAD,10,9.0
152865,1,1,135,5,6,100.0,0,N,MELB_URBAN,FREEWAY,10,21.0
152866,6,1,99,5,1,80.0,0,N,RURAL_VICTORIA,ROAD,11,17.0
152867,1,3,113,2,1,80.0,0,I,RURAL_VICTORIA,HIGHWAY,9,16.0
152868,1,3,120,5,3,50.0,0,N,SMALL_CITIES,OTHER,11,0.0
152869,1,1,99,2,1,60.0,0,N,MELB_URBAN,ROAD,10,12.0
152870,1,3,130,5,1,80.0,0,N,MELB_URBAN,HIGHWAY,10,10.0
152871,1,1,135,1,3,40.0,0,I,MELB_URBAN,STREET,11,21.0
152872,1,1,110,1,1,60.0,0,I,MELB_URBAN,BOULEVARD,11,14.0
152873,1,1,130,5,1,80.0,0,N,SMALL_CITIES,RAMP,11,17.0
152874,1,3,135,5,1,100.0,0,N,RURAL_VICTORIA,RAMP,10,11.0
152875,4,1,171,5,1,60.0,0,N,UNKNOWN,HIGHWAY,10,14.0
152876,1,1,130,5,1,80.0,0,N,MELB_URBAN,HIGHWAY,9,8.0
152877,1,4,99,1,1,50.0,0,I,MELB_URBAN,STREET,10,19.0
152878,1,3,99,5,1,70.0,0,N,MELB_URBAN,ROAD,11,9.0
152879,1,3,130,5,1,50.0,0,N,MELB_URBAN,ROAD,11,7.0
152880,4,3,173,5,1,80.0,0,N,MELB_URBAN,RAMP,11,10.0
152881,2,3,100,2,1,60.0,0,N,MELB_URBAN,STREET,11,10.0
152882,5,0,99,1,1,50.0,0,I,SMALL_CITIES,AVENUE,11,17.0
152883,1,2,160,5,1,50.0,0,N,SMALL_CITIES,STREET,11,11.0
152884,1,2,140,1,1,80.0,0,I,SMALL_TOWNS,ROAD,11,9.0
152885,4,3,99,5,1,50.0,0,N,MELB_URBAN,OTHER,11,10.0
152886,1,3,147,5,1,60.0,0,N,TOWNS,STREET,11,8.0
152887,1,6,147,5,1,40.0,0,N,MELB_URBAN,OTHER,11,15.0
152888,2,1,100,2,2,60.0,0,I,MELB_URBAN,OTHER,5,20.0
152889,1,2,130,5,1,80.0,0,N,MELB_URBAN,ROAD,11,9.0
152890,2,2,100,2,1,60.0,0,I,MELB_URBAN,HIGHWAY,11,12.0
152891,1,2,134,5,1,60.0,0,N,MELB_URBAN,FREEWAY,11,8.0
152892,1,3,99,5,1,50.0,0,N,MELB_URBAN,AVENUE,11,11.0
152893,1,2,130,2,1,50.0,0,I,MELB_URBAN,ROAD,11,14.0
152894,2,2,99,5,1,60.0,0,N,MELB_URBAN,ROAD,11,13.0
152895,1,2,130,1,1,50.0,0,I,MELB_URBAN,STREET,9,13.0
152896,1,5,130,5,1,60.0,0,N,MELB_URBAN,ROAD,10,15.0
152897,1,3,160,5,2,50.0,0,N,MELB_URBAN,STREET,10,6.0
152898,1,3,113,2,1,80.0,0,I,MELB_URBAN,HIGHWAY,11,15.0
152899,4,3,181,5,1,100.0,0,N,RURAL_VICTORIA,ROAD,11,10.0
152900,3,0,167,5,1,60.0,0,N,RURAL_VICTORIA,ROAD,11,14.0
152901,1,2,110,1,1,60.0,0,I,SMALL_TOWNS,ROAD,11,15.0
152902,1,2,130,2,1,80.0,0,N,MELB_URBAN,ROAD,11,8.0
152903,6,4,170,5,1,60.0,0,N,RURAL_VICTORIA,ROAD,10,12.0
152904,1,3,147,5,1,80.0,0,N,MELB_URBAN,ROAD,11,15.0
152905,2,3,100,5,1,40.0,0,N,MELB_URBAN,STREET,11,17.0
152906,1,2,121,2,1,60.0,0,I,MELB_URBAN,STREET,11,18.0
152907,1,0,130,5,1,110.0,0,N,RURAL_VICTORIA,FREEWAY,11,5.0
152908,4,3,171,5,1,60.0,0,N,MELB_URBAN,STREET,11,18.0
152909,1,3,130,5,1,80.0,0,N,RURAL_VICTORIA,ROAD,11,16.0
152910,1,2,160,5,1,60.0,0,N,MELB_URBAN,ROAD,11,15.0
152911,1,7,160,5,9,60.0,0,N,MELB_URBAN,ROAD,7,7.0
152912,1,3,121,1,1,80.0,0,I,MELB_URBAN,HIGHWAY,11,19.0
152913,1,2,130,5,3,40.0,0,N,LARGE_PROVINCIAL_CITIES,STREET,11,21.0
152914,1,3,110,1,1,40.0,0,I,MELB_URBAN,STREET,11,18.0
152915,1,3,130,5,1,80.0,0,N,MELB_URBAN,RAMP,11,15.0
152916,1,3,160,5,3,60.0,0,N,LARGE_PROVINCIAL_CITIES,STREET,11,20.0
152917,1,3,99,2,3,70.0,0,I,MELB_URBAN,ROAD,11,20.0
152918,1,3,130,5,1,60.0,0,N,TOWNS,ROAD,11,18.0
152919,1,3,160,5,5,50.0,0,N,MELB_URBAN,STREET,11,22.0
152920,1,3,130,5,1,100.0,0,N,MELB_URBAN,ROAD,11,17.0
152921,1,4,99,2,3,50.0,0,I,MELB_URBAN,UNKNOWN,11,2.0
152922,1,4,110,1,1,60.0,0,I,TOWNS,ROAD,10,17.0
152923,1,2,121,5,1,60.0,0,N,MELB_URBAN,ROAD,11,13.0
152924,2,6,102,1,1,40.0,0,I,MELB_URBAN,ROAD,10,16.0
152925,1,6,133,5,1,60.0,0,N,MELB_URBAN,ROAD,6,9.0
152926,1,4,99,2,1,50.0,0,I,MELB_URBAN,PARADE,11,7.0
152927,1,4,121,1,1,50.0,0,I,MELB_URBAN,ROAD,11,9.0
152928,2,3,100,2,1,50.0,0,I,MELB_URBAN,BOULEVARD,11,9.0
152929,1,1,111,1,3,50.0,0,I,RURAL_VICTORIA,STREET,9,19.0
152930,1,3,110,1,1,50.0,0,I,SMALL_CITIES,STREET,11,8.0
152931,1,6,130,2,3,80.0,0,I,TOWNS,HIGHWAY,11,22.0
152932,6,6,184,5,2,60.0,0,N,RURAL_VICTORIA,OTHER,11,20.0
152933,1,4,99,5,1,40.0,0,N,MELB_URBAN,DRIVE,11,9.0
152934,1,2,147,5,1,60.0,0,N,LARGE_PROVINCIAL_CITIES,ROAD,11,10.0
152935,1,3,116,2,1,80.0,0,I,SMALL_CITIES,HIGHWAY,11,10.0
152936,4,4,99,5,1,50.0,0,N,MELB_URBAN,OTHER,11,9.0
152937,1,6,121,1,1,40.0,0,I,MELB_URBAN,STREET,11,17.0
152938,1,4,121,2,1,60.0,0,I,MELB_URBAN,ROAD,11,11.0
152939,7,7,99,5,3,100.0,0,N,RURAL_VICTORIA,OTHER,11,21.0
152940,1,3,130,5,1,40.0,0,N,MELBOURNE_CBD,STREET,11,12.0
152941,1,5,113,1,1,80.0,0,I,RURAL_VICTORIA,HIGHWAY,11,13.0
152942,1,3,121,1,1,60.0,0,N,UNKNOWN,FREEWAY,11,12.0
152943,1,4,132,2,1,60.0,0,N,MELB_URBAN,ROAD,10,13.0
152944,4,4,181,5,1,50.0,0,N,SMALL_CITIES,OTHER,11,12.0
152945,1,3,130,5,9,60.0,0,N,MELB_URBAN,ROAD,11,10.0
152946,1,3,110,1,1,60.0,0,I,LARGE_PROVINCIAL_CITIES,ROAD,11,7.0
152947,6,6,99,5,1,100.0,0,N,RURAL_VICTORIA,ROAD,10,10.0
152948,8,2,99,5,9,60.0,0,N,MELB_URBAN,ROAD,8,12.0
152949,1,5,110,1,6,60.0,0,I,MELB_URBAN,STREET,10,22.0
152950,1,4,130,1,1,60.0,0,N,MELB_URBAN,RAMP,11,14.0
152951,8,5,99,2,1,50.0,0,N,SMALL_CITIES,DRIVE,10,10.0
152952,1,3,130,5,1,60.0,0,N,MELB_URBAN,ROAD,11,15.0
152953,5,4,99,5,1,100.0,0,N,RURAL_VICTORIA,ROAD,11,16.0
152954,1,3,130,5,1,100.0,0,N,SMALL_TOWNS,FREEWAY,11,16.0
152955,1,3,121,1,1,80.0,0,I,RURAL_VICTORIA,HIGHWAY,11,14.0
152956,1,2,121,1,1,60.0,0,I,MELB_URBAN,PARADE,9,14.0
152957,1,3,163,5,1,60.0,0,N,MELB_URBAN,ROAD,11,17.0
152958,2,3,102,5,1,40.0,0,N,SMALL_CITIES,ROAD,11,15.0
152959,1,4,99,1,1,60.0,0,I,MELB_URBAN,STREET,11,9.0
152960,1,4,121,2,1,70.0,0,I,MELB_URBAN,HIGHWAY,11,14.0
152961,1,3,110,1,2,60.0,0,N,RURAL_VICTORIA,ROAD,11,18.0
152962,1,4,113,2,1,60.0,0,I,MELB_URBAN,ROAD,11,15.0
152963,1,4,147,5,1,60.0,0,N,MELB_URBAN,ROAD,11,15.0
152964,1,4,121,4,1,80.0,0,N,MELB_URBAN,ROAD,11,19.0
152965,4,3,171,5,1,100.0,0,N,RURAL_VICTORIA,ROAD,11,18.0
152966,1,4,116,2,1,60.0,0,I,MELB_URBAN,PARADE,11,16.0
152967,1,3,160,5,1,50.0,0,N,RURAL_VICTORIA,BOULEVARD,11,18.0
152968,3,1,167,5,5,110.0,0,N,RURAL_VICTORIA,FREEWAY,11,23.0
152969,1,4,99,1,3,40.0,0,I,MELB_URBAN,STREET,11,21.0
152970,1,3,120,5,1,60.0,0,N,RURAL_VICTORIA,DRIVE,11,18.0
152971,7,1,99,5,3,60.0,0,N,MELB_URBAN,ROAD,10,21.0
152972,1,4,130,5,1,110.0,0,N,RURAL_VICTORIA,FREEWAY,9,14.0
152973,1,5,99,2,1,50.0,0,I,TOWNS,OTHER,11,7.0
152974,1,3,121,2,1,60.0,0,I,MELB_URBAN,STREET,10,14.0
152975,1,5,147,5,1,60.0,0,N,MELB_URBAN,ROAD,11,8.0
152976,1,5,121,1,1,60.0,0,I,MELB_URBAN,ROAD,11,8.0
152977,1,3,130,9,1,60.0,0,N,MELB_URBAN,STREET,11,16.0
152978,1,3,130,5,1,60.0,0,N,MELB_URBAN,AVENUE,11,7.0
152979,1,5,135,5,1,50.0,0,N,MELB_URBAN,ROAD,11,8.0
152980,1,2,147,5,1,60.0,0,N,MELB_URBAN,ROAD,11,15.0
152981,1,5,99,4,1,80.0,0,N,MELB_URBAN,STREET,11,6.0
152982,2,4,102,2,1,60.0,0,I,MELB_URBAN,STREET,11,12.0
152983,2,5,99,5,1,60.0,0,N,MELB_URBAN,ROAD,4,15.0
152984,4,4,181,5,1,100.0,0,N,RURAL_VICTORIA,ROAD,11,11.0
152985,1,4,140,5,1,100.0,0,N,RURAL_VICTORIA,ROAD,10,12.0
152986,1,4,121,5,1,60.0,0,N,MELB_URBAN,STREET,10,12.0
152987,1,6,160,5,1,50.0,0,N,MELB_URBAN,STREET,10,17.0
152988,8,4,174,5,1,60.0,0,N,RURAL_VICTORIA,OTHER,11,16.0
152989,1,1,130,1,1,60.0,0,I,MELB_URBAN,ROAD,10,11.0
152990,1,1,130,5,1,80.0,0,N,MELB_URBAN,RAMP,11,12.0
152991,1,4,140,5,1,40.0,0,N,MELB_URBAN,ROAD,3,16.0
152992,2,5,102,2,1,50.0,0,I,SMALL_CITIES,STREET,11,9.0
152993,1,5,113,2,1,50.0,0,N,LARGE_PROVINCIAL_CITIES,STREET,11,14.0
152994,1,5,133,5,1,50.0,0,N,MELB_URBAN,STREET,11,9.0
152995,2,4,99,1,1,50.0,0,I,MELB_URBAN,STREET,11,11.0
152996,1,4,113,2,1,60.0,0,I,MELB_URBAN,ROAD,11,14.0
152997,1,6,130,5,1,60.0,0,N,MELB_URBAN,ROAD,11,16.0
152998,1,1,130,1,1,60.0,0,I,MELB_URBAN,ROAD,11,9.0
152999,1,4,135,2,1,40.0,0,N,MELB_URBAN,ROAD,11,15.0
153000,1,4,132,2,1,60.0,0,I,MELB_URBAN,ROAD,10,7.0
153001,6,5,99,5,1,100.0,0,N,RURAL_VICTORIA,ROAD,11,16.0
153002,1,5,147,5,1,50.0,0,N,MELB_URBAN,STREET,11,17.0
153003,1,5,120,5,1,100.0,0,N,RURAL_VICTORIA,HIGHWAY,11,17.0
153004,2,4,100,1,1,60.0,0,I,MELB_URBAN,STREET,11,18.0
153005,2,4,100,1,1,60.0,0,I,MELB_URBAN,ROAD,11,13.0
153006,1,4,113,2,1,70.0,0,I,MELB_URBAN,ROAD,11,16.0
153007,1,5,130,5,2,60.0,0,N,MELB_URBAN,RAMP,11,19.0
153008,1,5,116,2,1,60.0,0,I,MELB_URBAN,HIGHWAY,11,16.0
153009,2,5,102,2,2,60.0,0,N,MELB_URBAN,STREET,11,20.0
153010,4,4,181,5,2,110.0,0,N,RURAL_VICTORIA,FREEWAY,11,18.0
153011,1,4,121,1,2,60.0,0,I,MELB_URBAN,ROAD,11,18.0
153012,1,5,132,2,1,80.0,1,I,RURAL_VICTORIA,ROAD,11,16.0
153013,1,4,130,5,2,80.0,0,N,MELB_URBAN,FREEWAY,11,19.0
153014,6,4,174,5,1,80.0,0,N,RURAL_VICTORIA,ROAD,10,17.0
153015,1,1,110,1,1,80.0,0,I,MELB_URBAN,RAMP,11,9.0
153016,4,5,99,1,1,60.0,0,I,MELB_URBAN,ROAD,11,18.0
153017,1,5,160,5,3,60.0,0,N,MELB_URBAN,ROAD,11,23.0
153018,4,5,173,5,5,110.0,0,N,RURAL_VICTORIA,HIGHWAY,11,23.0
153019,4,6,173,5,5,100.0,0,N,UNKNOWN,HIGHWAY,11,1.0
153020,6,6,174,5,5,100.0,0,N,RURAL_VICTORIA,HIGHWAY,11,0.0
153021,1,2,132,2,1,50.0,0,I,MELB_URBAN,STREET,11,14.0
153022,1,5,160,5,1,60.0,0,N,MELB_URBAN,ROAD,11,13.0
153023,1,5,130,2,1,60.0,0,N,MELB_URBAN,ROAD,11,15.0
153024,8,1,99,5,1,50.0,0,N,MELB_URBAN,DRIVE,10,12.0
153025,2,5,99,6,6,60.0,0,N,MELB_URBAN,DRIVE,11,3.0
153026,1,6,110,1,1,60.0,0,I,MELB_URBAN,ROAD,11,7.0
153027,4,5,183,5,1,100.0,0,N,RURAL_VICTORIA,HIGHWAY,11,8.0
153028,4,3,171,5,1,100.0,0,N,RURAL_VICTORIA,ROAD,11,15.0
153029,1,6,160,5,1,60.0,0,N,MELB_URBAN,ROAD,11,8.0
153030,5,6,99,5,1,60.0,0,N,RURAL_VICTORIA,ROAD,11,12.0
153031,1,7,130,5,1,60.0,0,N,MELB_URBAN,ROAD,10,12.0
153032,1,4,130,5,1,60.0,0,N,MELB_URBAN,ROAD,11,11.0
153033,1,6,113,2,1,80.0,0,I,MELB_URBAN,ROAD,11,11.0
153034,1,6,130,5,1,80.0,0,N,RURAL_VICTORIA,HIGHWAY,11,11.0
153035,8,6,184,5,1,100.0,0,N,RURAL_VICTORIA,ROAD,11,11.0
153036,4,5,173,5,1,40.0,0,I,LARGE_PROVINCIAL_CITIES,ROAD,11,12.0
153037,1,3,120,5,1,60.0,0,N,MELB_URBAN,ROAD,10,17.0
153038,1,6,120,5,1,70.0,0,N,MELB_URBAN,ROAD,11,12.0
153039,6,7,99,5,1,60.0,0,N,RURAL_VICTORIA,OTHER,11,11.0
153040,1,4,130,5,1,60.0,0,N,RURAL_VICTORIA,ROAD,10,13.0
153041,1,6,121,1,1,50.0,0,I,SMALL_CITIES,STREET,11,13.0
153042,1,6,130,5,1,80.0,0,N,MELB_URBAN,ROAD,11,17.0
153043,1,5,160,5,1,50.0,0,N,SMALL_CITIES,STREET,11,16.0
153044,1,5,110,1,1,60.0,0,I,MELB_URBAN,ROAD,11,16.0
153045,4,1,181,1,1,60.0,0,I,RURAL_VICTORIA,AVENUE,11,14.0
153046,4,6,181,5,1,50.0,0,N,MELB_URBAN,DRIVE,11,16.0
153047,2,6,100,5,1,80.0,0,N,MELB_URBAN,ROAD,11,17.0
153048,4,5,171,5,1,80.0,0,N,RURAL_VICTORIA,ROAD,11,17.0
153049,2,5,99,5,1,50.0,0,N,SMALL_CITIES,STREET,11,14.0
153050,1,2,120,2,1,50.0,0,N,LARGE_PROVINCIAL_CITIES,STREET,11,20.0
153051,1,5,140,5,3,80.0,0,N,MELB_URBAN,ROAD,11,20.0
153052,2,6,100,5,1,70.0,0,N,MELB_URBAN,ROAD,11,18.0
153053,4,6,171,5,3,70.0,0,N,LARGE_PROVINCIAL_CITIES,ROAD,11,20.0
153054,1,6,121,2,1,60.0,0,I,MELB_URBAN,ROAD,11,17.0
153055,6,6,174,5,6,50.0,0,N,TOWNS,STREET,11,20.0
153056,1,5,121,1,3,60.0,0,I,MELB_URBAN,HIGHWAY,11,22.0
153057,4,6,173,2,3,50.0,0,I,MELB_URBAN,STREET,11,23.0
153058,5,6,99,5,3,40.0,0,N,MELBOURNE_CBD,STREET,11,21.0
153059,1,5,99,1,9,60.0,0,N,RURAL_VICTORIA,HIGHWAY,10,5.0
153060,1,7,173,5,3,100.0,0,N,MELB_URBAN,FREEWAY,11,0.0
153061,1,6,160,5,3,70.0,0,N,MELB_URBAN,ROAD,11,3.0
153062,2,7,100,1,3,80.0,0,I,MELB_URBAN,ROAD,11,4.0
153063,1,6,121,1,1,60.0,0,I,MELB_URBAN,ROAD,11,9.0
153064,1,7,110,1,3,70.0,0,I,MELB_URBAN,ROAD,11,4.0
153065,1,5,130,1,1,50.0,0,I,SMALL_CITIES,STREET,11,14.0
153066,1,7,147,5,1,50.0,0,N,SMALL_CITIES,DRIVE,11,7.0
153067,1,1,140,5,1,80.0,0,N,MELB_URBAN,ROAD,11,16.0
153068,3,7,167,5,1,80.0,0,N,RURAL_VICTORIA,ROAD,11,9.0
153069,1,5,120,5,1,100.0,0,N,RURAL_VICTORIA,HIGHWAY,11,9.0
153070,1,6,111,1,1,60.0,0,N,MELB_URBAN,ROAD,10,17.0
153071,1,7,120,1,1,60.0,0,I,MELB_URBAN,ROAD,11,11.0
153072,1,7,133,5,1,80.0,0,N,UNKNOWN,HIGHWAY,11,6.0
153073,1,5,130,5,1,60.0,0,N,MELB_URBAN,HIGHWAY,11,16.0
153074,1,7,121,5,1,60.0,0,N,MELB_URBAN,ROAD,11,13.0
153075,1,0,171,5,1,60.0,0,N,MELB_URBAN,STREET,11,11.0