,accident_type,day_of_week,dca_code,road_geometry,light_condition,speed_zone,severity,node_type,deg_urban_name,road_type,month,hour
153076,1,4,121,2,1,60.0,0,I,MELB_URBAN,ROAD,11,9.0
153077,1,7,113,2,1,70.0,0,I,MELB_URBAN,ROAD,11,9.0
153078,4,0,99,5,1,100.0,0,N,RURAL_VICTORIA,OTHER,10,13.0
153079,4,7,181,5,1,60.0,0,N,MELB_URBAN,DRIVE,11,14.0
153080,1,7,99,5,1,60.0,0,N,MELB_URBAN,BOULEVARD,11,13.0
153081,1,6,99,5,3,60.0,0,N,SMALL_CITIES,AVENUE,10,21.0
153082,1,6,163,2,1,60.0,0,I,MELB_URBAN,DRIVE,11,9.0
153083,2,5,100,1,1,70.0,0,N,MELB_URBAN,ROAD,11,17.0
153084,8,6,174,5,1,100.0,0,N,RURAL_VICTORIA,HIGHWAY,11,14.0
153085,6,7,174,5,1,100.0,0,N,RURAL_VICTORIA,ROAD,11,14.0
153086,6,7,174,1,3,40.0,0,I,MELB_URBAN,OTHER,11,19.0
153087,1,7,110,1,5,60.0,0,I,SMALL_CITIES,STREET,11,21.0
153088,4,7,171,2,3,60.0,0,I,LARGE_PROVINCIAL_CITIES,ROAD,11,2.0
153089,1,7,110,1,3,80.0,0,I,MELB_URBAN,ROAD,11,20.0
153090,2,6,100,2,3,50.0,0,I,MELB_URBAN,STREET,11,22.0
153091,1,6,160,5,3,60.0,0,N,UNKNOWN,STREET,11,0.0
153092,6,1,174,5,3,60.0,0,N,MELB_URBAN,STREET,11,3.0
153093,1,1,140,5,3,50.0,0,N,MELB_URBAN,STREET,11,0.0
153094,4,6,171,5,3,80.0,0,N,MELB_URBAN,RAMP,11,22.0
153095,8,0,99,1,1,60.0,0,N,MELBOURNE_CBD,OTHER,11,7.0
153096,1,0,99,2,1,60.0,0,I,MELB_URBAN,ROAD,11,9.0
153097,2,1,100,5,1,40.0,0,N,SMALL_CITIES,STREET,11,9.0
153098,1,1,110,1,1,60.0,0,I,TOWNS,ROAD,11,8.0
153099,1,1,147,5,1,60.0,0,N,LARGE_PROVINCIAL_CITIES,ROAD,11,11.0
153100,1,5,99,1,3,40.0,0,I,MELB_URBAN,STREET,10,20.0
153101,1,1,121,2,1,60.0,0,I,MELB_URBAN,ROAD,11,11.0
153102,1,1,134,5,1,100.0,0,N,RURAL_VICTORIA,FREEWAY,10,15.0
153103,6,1,99,5,1,100.0,0,N,RURAL_VICTORIA,ROAD,11,12.0
153104,1,7,113,2,1,50.0,0,I,SMALL_CITIES,DRIVE,11,12.0
153105,1,5,113,2,1,50.0,0,I,RURAL_VICTORIA,DRIVE,11,9.0
153106,1,0,99,2,1,50.0,0,I,MELB_URBAN,STREET,11,15.0
153107,6,7,170,5,1,100.0,0,N,RURAL_VICTORIA,ROAD,11,16.0
153108,1,0,110,1,1,50.0,0,N,LARGE_PROVINCIAL_CITIES,STREET,11,10.0
153109,1,1,133,5,1,100.0,0,N,MELB_URBAN,ROAD,11,15.0
153110,5,6,99,5,5,80.0,0,N,RURAL_VICTORIA,OTHER,11,22.0
153111,1,2,130,5,9,80.0,0,N,MELB_URBAN,ROAD,9,20.0
153112,1,0,116,1,2,40.0,0,N,MELB_URBAN,STREET,11,19.0
153113,6,6,174,5,9,60.0,0,N,MELB_URBAN,STREET,10,12.0
153114,1,1,99,5,1,60.0,0,N,MELB_URBAN,HIGHWAY,11,15.0
153115,4,1,181,5,1,100.0,0,N,RURAL_VICTORIA,ROAD,11,18.0
153116,4,1,171,5,1,80.0,0,N,MELB_URBAN,ROAD,11,18.0
153117,1,1,121,4,1,80.0,0,I,MELB_URBAN,RAMP,11,16.0
153118,5,0,99,5,2,80.0,0,N,UNKNOWN,HIGHWAY,11,19.0
153119,8,4,174,2,1,100.0,0,I,RURAL_VICTORIA,HIGHWAY,11,16.0
153120,1,0,116,2,1,70.0,0,I,MELB_URBAN,OTHER,11,18.0
153121,1,6,111,1,3,60.0,0,I,MELB_URBAN,ROAD,9,19.0
153122,2,1,102,5,3,60.0,1,N,MELB_URBAN,ROAD,11,21.0
153123,6,2,174,5,3,60.0,0,N,MELB_URBAN,ROAD,11,1.0
153124,8,4,174,5,9,60.0,1,N,SMALL_TOWNS,STREET,12,12.0
153125,1,1,130,5,2,100.0,0,N,MELB_URBAN,FREEWAY,11,5.0
153126,1,2,121,1,2,80.0,0,I,MELB_URBAN,OTHER,11,6.0
153127,1,2,121,2,1,80.0,0,I,RURAL_VICTORIA,HIGHWAY,11,7.0
153128,1,5,110,1,1,60.0,0,I,RURAL_VICTORIA,ROAD,10,15.0
153129,1,2,113,2,1,70.0,0,I,SMALL_CITIES,ROAD,11,8.0
153130,1,1,110,1,1,60.0,0,I,LARGE_PROVINCIAL_CITIES,OTHER,11,9.0
153131,1,2,147,5,1,60.0,0,N,MELB_URBAN,STREET,11,9.0
153132,6,6,174,5,6,50.0,0,N,MELB_URBAN,DRIVE,11,21.0
153133,1,1,120,5,1,50.0,0,N,UNKNOWN,DRIVE,10,7.0
153134,1,0,110,1,1,70.0,0,I,MELB_URBAN,ROAD,11,15.0
153135,1,1,120,5,1,50.0,0,N,MELB_URBAN,AVENUE,11,8.0
153136,1,4,130,5,2,80.0,0,N,RURAL_VICTORIA,ROAD,11,19.0
153137,1,1,135,1,1,60.0,0,N,MELB_URBAN,ROAD,11,10.0
153138,1,6,130,1,1,60.0,0,I,SMALL_CITIES,ROAD,11,17.0
153139,1,2,99,5,1,70.0,0,N,MELB_URBAN,ROAD,11,11.0
153140,1,1,130,5,1,100.0,0,N,RURAL_VICTORIA,ROAD,11,11.0
153141,4,3,183,5,6,110.0,0,N,RURAL_VICTORIA,FREEWAY,10,23.0
153142,1,5,130,5,1,80.0,0,N,MELB_URBAN,UNKNOWN,11,16.0
153143,4,1,173,5,1,100.0,0,N,RURAL_VICTORIA,ROAD,11,10.0
153144,1,1,113,2,1,80.0,0,I,MELB_URBAN,HIGHWAY,11,7.0
153145,1,2,130,5,1,100.0,0,N,RURAL_VICTORIA,ROAD,11,12.0
153146,1,1,173,5,3,50.0,0,N,MELB_URBAN,ROAD,11,21.0
153147,1,2,110,1,1,60.0,0,N,RURAL_VICTORIA,ROAD,11,12.0
153148,1,2,110,1,1,110.0,0,I,RURAL_VICTORIA,FREEWAY,11,12.0
153149,1,1,110,1,1,100.0,0,I,RURAL_VICTORIA,ROAD,11,12.0
153150,1,2,140,2,1,60.0,0,I,MELB_URBAN,OTHER,11,7.0
153151,6,7,174,1,9,50.0,0,I,LARGE_PROVINCIAL_CITIES,ROAD,11,13.0
153152,2,2,100,2,3,40.0,0,I,MELB_URBAN,ROAD,11,21.0
153153,1,4,130,2,1,60.0,0,I,RURAL_VICTORIA,ROAD,10,9.0
153154,1,1,130,2,1,60.0,0,I,MELB_URBAN,STREET,10,14.0
153155,4,1,181,5,1,100.0,0,N,RURAL_VICTORIA,ROAD,11,15.0
153156,4,2,181,5,1,60.0,0,N,RURAL_VICTORIA,ROAD,11,16.0
153157,2,2,99,2,1,80.0,0,I,UNKNOWN,ROAD,11,17.0
153158,1,1,130,1,1,60.0,0,N,MELB_URBAN,STREET,11,12.0
153159,1,2,130,5,1,50.0,0,N,MELB_URBAN,ROAD,11,15.0
153160,4,1,171,1,1,60.0,0,I,MELB_URBAN,DRIVE,11,17.0
153161,2,1,102,2,3,40.0,0,N,MELB_URBAN,STREET,11,3.0
153162,1,2,130,2,1,60.0,0,I,MELB_URBAN,ROAD,11,17.0
153163,1,2,130,5,1,100.0,0,N,MELB_URBAN,FREEWAY,11,18.0
153164,1,2,135,5,1,60.0,0,N,MELB_URBAN,ROAD,11,18.0
153165,1,2,133,2,2,80.0,0,I,SMALL_CITIES,OTHER,11,19.0
153166,1,1,121,1,1,60.0,0,I,MELB_URBAN,STREET,11,18.0
153167,1,2,134,5,2,100.0,0,N,MELB_URBAN,ROAD,11,19.0
153168,1,2,110,1,2,50.0,0,I,MELB_URBAN,STREET,11,20.0
153169,1,2,110,1,3,70.0,0,N,LARGE_PROVINCIAL_CITIES,ROAD,11,22.0
153170,5,2,99,5,5,100.0,0,N,RURAL_VICTORIA,ROAD,11,22.0
153171,6,3,99,5,3,100.0,0,N,MELB_URBAN,ROAD,11,3.0
153172,1,4,121,5,1,60.0,0,N,MELB_URBAN,ROAD,11,14.0
153173,4,1,171,5,1,80.0,0,N,MELB_URBAN,RAMP,11,8.0
153174,1,5,116,2,1,60.0,0,N,MELB_URBAN,ROAD,10,8.0
153175,1,2,121,2,1,70.0,0,I,MELB_URBAN,ROAD,11,7.0
153176,1,3,130,2,1,80.0,0,N,MELB_URBAN,ROAD,11,8.0
153177,1,1,132,2,1,100.0,0,I,RURAL_VICTORIA,HIGHWAY,11,13.0
153178,1,2,120,2,1,60.0,0,N,MELB_URBAN,DRIVE,11,15.0
153179,4,3,171,2,3,60.0,1,N,MELB_URBAN,ROAD,11,4.0
153180,1,6,134,5,1,70.0,0,N,MELB_URBAN,ROAD,11,11.0
153181,6,7,174,5,1,50.0,0,N,RURAL_VICTORIA,ROAD,11,9.0
153182,1,1,163,5,1,40.0,0,N,MELB_URBAN,STREET,11,8.0
153183,1,2,130,2,1,60.0,0,I,MELB_URBAN,ROAD,11,11.0
153184,1,2,133,5,3,80.0,0,N,MELB_URBAN,ROAD,9,22.0
153185,1,3,113,1,1,60.0,0,I,MELB_URBAN,ROAD,11,11.0
153186,4,3,171,5,1,70.0,0,N,MELB_URBAN,ROAD,11,12.0
153187,1,7,130,2,1,50.0,0,I,TOWNS,STREET,11,14.0
153188,1,3,120,5,1,80.0,0,N,RURAL_VICTORIA,ROAD,11,12.0
153189,1,4,135,5,2,80.0,0,N,MELB_URBAN,FREEWAY,11,5.0
153190,1,1,130,2,1,80.0,0,I,RURAL_VICTORIA,HIGHWAY,10,14.0
153191,1,3,121,2,1,60.0,0,I,LARGE_PROVINCIAL_CITIES,ROAD,11,13.0
153192,1,4,99,2,1,60.0,0,I,MELB_URBAN,BOULEVARD,11,19.0
153193,1,3,130,5,1,60.0,0,N,MELB_URBAN,ROAD,11,16.0
153194,2,1,99,5,9,50.0,0,N,MELB_URBAN,STREET,11,15.0
153195,1,3,135,5,1,80.0,0,N,MELB_URBAN,OTHER,11,14.0
153196,1,1,113,2,9,60.0,0,I,RURAL_VICTORIA,ROAD,11,15.0
153197,1,2,130,5,1,50.0,0,I,MELB_URBAN,ROAD,11,17.0
153198,1,4,111,2,1,60.0,0,I,MELB_URBAN,ROAD,10,12.0
153199,1,1,130,1,1,80.0,0,I,RURAL_VICTORIA,ROAD,2,15.0
153200,1,4,116,2,9,60.0,0,I,MELB_URBAN,STREET,10,0.0
153201,1,3,120,5,1,60.0,0,N,MELB_URBAN,ROAD,11,17.0
153202,1,2,110,1,1,50.0,0,I,LARGE_PROVINCIAL_CITIES,AVENUE,11,15.0
153203,1,2,110,1,1,60.0,0,I,MELB_URBAN,DRIVE,11,14.0
153204,1,3,120,5,1,100.0,0,N,RURAL_VICTORIA,ROAD,11,18.0
153205,1,3,99,2,1,80.0,0,N,MELB_URBAN,HIGHWAY,11,18.0
153206,1,3,130,5,1,100.0,0,N,MELB_URBAN,FREEWAY,11,17.0
153207,1,3,113,2,3,70.0,0,I,LARGE_PROVINCIAL_CITIES,ROAD,11,21.0
153208,2,3,99,5,5,80.0,0,N,MELB_URBAN,ROAD,11,21.0
153209,1,4,130,5,3,100.0,0,N,MELB_URBAN,FREEWAY,11,0.0
153210,4,4,171,5,1,50.0,0,N,MELB_URBAN,ROAD,9,16.0
153211,4,5,171,5,1,60.0,0,N,MELB_URBAN,ROAD,10,14.0
153212,2,3,100,5,1,60.0,0,N,LARGE_PROVINCIAL_CITIES,STREET,11,18.0
153213,1,3,135,5,1,100.0,0,N,MELB_URBAN,FREEWAY,11,6.0
153214,1,1,130,2,1,60.0,0,I,MELB_URBAN,ROAD,4,9.0
153215,1,4,160,5,1,50.0,0,N,MELB_URBAN,AVENUE,11,7.0
153216,1,4,111,2,1,50.0,0,I,MELB_URBAN,STREET,11,9.0
153217,1,3,133,5,1,60.0,0,N,MELB_URBAN,ROAD,11,7.0
153218,6,2,99,5,1,60.0,0,N,MELB_URBAN,ROAD,11,9.0
153219,1,1,130,5,1,40.0,0,N,MELB_URBAN,ROAD,11,18.0
153220,1,6,163,5,3,60.0,0,N,MELB_URBAN,STREET,11,21.0
153221,1,3,140,2,1,50.0,0,I,MELB_URBAN,BOULEVARD,11,8.0
153222,8,4,99,5,1,60.0,0,N,RURAL_VICTORIA,ROAD,11,16.0
153223,1,2,110,1,1,60.0,0,I,SMALL_CITIES,STREET,10,16.0
153224,1,6,116,2,1,50.0,0,N,TOWNS,STREET,10,17.0
153225,1,4,110,1,1,60.0,0,I,SMALL_CITIES,STREET,11,14.0
153226,1,2,116,2,1,70.0,0,N,SMALL_CITIES,STREET,11,11.0
153227,2,3,99,1,9,40.0,0,I,MELB_URBAN,STREET,11,9.0
153228,4,2,181,5,1,100.0,0,N,RURAL_VICTORIA,ROAD,3,12.0
153229,6,4,174,5,1,80.0,0,N,MELB_URBAN,ROAD,11,13.0
153230,1,1,121,2,3,60.0,0,I,MELB_URBAN,ROAD,9,18.0
153231,1,3,160,5,1,80.0,0,N,MELB_URBAN,HIGHWAY,11,11.0
153232,1,4,120,5,1,60.0,0,N,MELB_URBAN,ROAD,11,10.0
153233,1,3,113,2,2,60.0,0,I,MELB_URBAN,ROAD,10,6.0
153234,6,1,174,5,1,60.0,0,N,RURAL_VICTORIA,ROAD,11,13.0
153235,4,3,171,5,1,100.0,0,N,RURAL_VICTORIA,ROAD,11,13.0
153236,1,4,147,5,1,60.0,0,N,SMALL_CITIES,STREET,11,15.0
153237,1,4,135,5,1,100.0,0,N,MELB_URBAN,ROAD,11,8.0
153238,6,4,174,2,1,100.0,0,I,MELB_URBAN,RAMP,11,14.0
153239,1,1,99,1,1,50.0,0,I,MELB_URBAN,STREET,11,15.0
153240,4,4,99,5,1,40.0,0,N,RURAL_VICTORIA,ROAD,11,13.0
153241,8,6,174,5,1,100.0,0,N,RURAL_VICTORIA,ROAD,11,16.0
153242,1,2,130,5,1,50.0,0,N,MELB_URBAN,STREET,11,8.0
153243,1,4,99,1,1,100.0,0,I,RURAL_VICTORIA,ROAD,9,17.0
153244,1,4,130,5,1,60.0,0,N,SMALL_CITIES,ROAD,11,16.0
153245,1,4,130,5,1,60.0,0,N,LARGE_PROVINCIAL_CITIES,STREET,11,16.0
153246,1,4,147,5,1,80.0,0,N,MELB_URBAN,HIGHWAY,11,15.0
153247,1,4,110,1,1,50.0,0,N,MELB_URBAN,STREET,11,14.0
153248,1,4,99,2,1,60.0,0,I,MELB_URBAN,OTHER,11,18.0
153249,1,4,110,1,1,50.0,0,I,LARGE_PROVINCIAL_CITIES,STREET,11,15.0
153250,1,3,135,5,2,80.0,0,N,MELB_URBAN,FREEWAY,11,19.0
153251,4,4,99,5,1,50.0,0,N,MELB_URBAN,STREET,11,18.0
153252,8,3,170,1,3,60.0,0,I,MELB_URBAN,AVENUE,11,2.0
153253,1,3,140,5,3,60.0,0,N,MELB_URBAN,STREET,11,20.0
153254,1,5,130,1,1,60.0,0,I,MELB_URBAN,ROAD,11,8.0
153255,3,4,167,5,5,100.0,0,N,RURAL_VICTORIA,ROAD,11,21.0
153256,1,3,135,5,3,100.0,0,N,MELB_URBAN,ROAD,11,21.0
153257,4,4,171,5,5,100.0,0,N,RURAL_VICTORIA,ROAD,11,22.0
153258,1,2,130,5,2,110.0,0,N,RURAL_VICTORIA,FREEWAY,11,5.0
153259,1,1,111,1,1,80.0,0,I,SMALL_TOWNS,ROAD,9,10.0
153260,1,5,110,1,3,50.0,0,I,MELB_URBAN,ROAD,10,20.0
153261,1,4,99,5,2,40.0,0,N,MELB_URBAN,STREET,11,18.0
153262,1,4,121,2,1,80.0,0,N,MELB_URBAN,ROAD,11,7.0
153263,1,3,120,2,1,80.0,0,I,RURAL_VICTORIA,BOULEVARD,10,16.0
153264,1,4,113,1,1,40.0,0,I,MELB_URBAN,ROAD,11,7.0
153265,1,6,147,5,1,60.0,0,N,SMALL_CITIES,ROAD,10,16.0
153266,1,4,120,5,1,50.0,0,N,TOWNS,STREET,10,12.0
153267,2,5,102,5,1,40.0,0,N,MELB_URBAN,STREET,11,9.0
153268,1,4,130,5,9,80.0,0,N,MELB_URBAN,FREEWAY,6,16.0
153269,1,3,99,1,1,40.0,0,I,MELBOURNE_CBD,STREET,10,18.0
153270,1,5,132,2,1,60.0,0,I,MELB_URBAN,ROAD,11,10.0
153271,2,2,100,1,3,40.0,0,I,MELB_URBAN,ROAD,11,23.0
153272,1,4,140,5,1,60.0,0,N,LARGE_PROVINCIAL_CITIES,STREET,10,11.0
153273,8,1,184,5,1,60.0,0,N,RURAL_VICTORIA,ROAD,11,8.0
153274,2,5,100,2,1,60.0,0,N,UNKNOWN,STREET,11,15.0
153275,1,1,130,5,1,100.0,0,N,RURAL_VICTORIA,FREEWAY,10,7.0
153276,1,5,160,5,1,50.0,0,N,MELB_URBAN,OTHER,11,10.0
153277,1,6,160,5,5,50.0,0,N,LARGE_PROVINCIAL_CITIES,STREET,11,2.0
153278,1,5,113,2,1,60.0,0,I,MELB_URBAN,HIGHWAY,11,11.0
153279,1,5,121,2,3,80.0,0,I,RURAL_VICTORIA,ROAD,10,20.0
153280,1,4,110,1,1,80.0,0,N,RURAL_VICTORIA,HIGHWAY,11,12.0
153281,7,5,99,5,1,60.0,0,N,MELB_URBAN,STREET,11,8.0
153282,4,4,171,5,1,80.0,0,N,MELB_URBAN,UNKNOWN,11,12.0
153283,1,4,110,1,1,60.0,0,I,SMALL_CITIES,STREET,11,13.0
153284,1,4,134,5,1,60.0,0,N,MELB_URBAN,ROAD,10,8.0
153285,8,5,174,5,1,70.0,0,N,MELB_URBAN,ROAD,11,11.0
153286,2,5,100,5,1,60.0,0,N,MELB_URBAN,ROAD,11,10.0
153287,1,5,113,1,2,60.0,0,I,SMALL_CITIES,ROAD,11,7.0
153288,1,3,110,1,1,60.0,0,N,MELB_URBAN,STREET,10,5.0
153289,1,5,130,5,1,60.0,0,N,LARGE_PROVINCIAL_CITIES,ROAD,11,15.0
153290,1,2,121,2,1,80.0,0,I,RURAL_VICTORIA,HIGHWAY,10,16.0
153291,1,1,130,2,1,60.0,0,I,MELB_URBAN,ROAD,11,16.0
153292,1,4,99,2,1,50.0,0,I,MELB_URBAN,AVENUE,11,16.0
153293,1,3,121,5,9,60.0,0,N,MELB_URBAN,STREET,11,9.0
153294,2,4,102,2,1,40.0,0,N,MELB_URBAN,STREET,11,15.0
153295,2,5,100,2,1,40.0,0,N,MELB_URBAN,UNKNOWN,11,16.0
153296,1,4,134,5,1,80.0,0,N,MELB_URBAN,FREEWAY,11,17.0
153297,8,5,174,1,1,40.0,0,I,MELB_URBAN,STREET,11,18.0
153298,1,3,130,5,1,60.0,0,N,MELB_URBAN,ROAD,11,16.0
153299,1,5,99,1,1,60.0,0,I,MELB_URBAN,ROAD,11,18.0
153300,1,5,120,5,1,60.0,0,N,MELB_URBAN,STREET,11,17.0
153301,1,2,130,2,1,60.0,0,N,MELB_URBAN,ROAD,11,16.0
153302,1,5,130,1,1,60.0,0,I,MELB_URBAN,HIGHWAY,11,15.0
153303,1,4,121,1,1,40.0,0,I,MELB_URBAN,AVENUE,11,18.0
153304,8,0,99,5,1,50.0,0,N,MELB_URBAN,ROAD,10,8.0
153305,1,3,113,1,1,60.0,0,I,MELB_URBAN,ROAD,10,11.0
153306,4,5,99,5,1,50.0,0,N,LARGE_PROVINCIAL_CITIES,STREET,11,19.0
153307,1,5,121,2,1,70.0,0,I,MELB_URBAN,ROAD,11,19.0
153308,4,5,171,5,5,100.0,0,N,RURAL_VICTORIA,ROAD,11,20.0
153309,1,6,99,1,1,60.0,0,I,MELB_URBAN,ROAD,8,14.0
153310,1,1,99,5,1,60.0,0,N,MELB_URBAN,STREET,10,17.0
153311,4,6,173,5,2,60.0,0,N,MELB_URBAN,OTHER,11,5.0
153312,1,6,111,1,1,50.0,0,I,LARGE_PROVINCIAL_CITIES,STREET,11,6.0
153313,1,6,113,2,1,80.0,0,I,MELB_URBAN,ROAD,11,6.0
153314,1,6,120,2,1,60.0,0,I,MELB_URBAN,STREET,11,6.0
153315,1,6,120,5,5,100.0,1,N,RURAL_VICTORIA,HIGHWAY,11,1.0
153316,1,7,130,2,1,80.0,0,I,MELB_URBAN,ROAD,11,9.0
153317,1,5,130,1,1,50.0,0,I,MELB_URBAN,ROAD,11,6.0
153318,1,6,110,1,1,50.0,0,I,SMALL_CITIES,STREET,11,8.0
153319,1,2,130,5,1,60.0,0,N,MELB_URBAN,ROAD,11,8.0
153320,2,6,99,5,1,60.0,0,N,MELB_URBAN,AVENUE,11,8.0
153321,1,3,130,5,1,60.0,0,N,MELB_URBAN,ROAD,11,15.0
153322,2,5,102,5,1,40.0,0,N,MELB_URBAN,ROAD,11,8.0
153323,4,5,171,1,1,60.0,0,N,UNKNOWN,ROAD,11,9.0
153324,1,6,99,2,2,100.0,0,I,RURAL_VICTORIA,ROAD,11,7.0
153325,1,6,121,2,1,60.0,0,I,MELB_URBAN,ROAD,11,14.0
153326,1,6,130,1,1,100.0,0,I,RURAL_VICTORIA,HIGHWAY,11,8.0
153327,1,6,132,2,1,80.0,0,I,SMALL_TOWNS,ROAD,11,9.0
153328,1,5,99,5,1,50.0,0,N,MELB_URBAN,OTHER,11,18.0
153329,3,6,167,5,1,80.0,0,N,RURAL_VICTORIA,ROAD,11,10.0
153330,1,0,120,5,1,60.0,0,N,MELB_URBAN,STREET,11,15.0
153331,1,5,116,1,1,50.0,0,I,MELB_URBAN,DRIVE,11,11.0
153332,1,4,135,5,1,80.0,0,N,MELB_URBAN,HIGHWAY,9,11.0
153333,1,6,130,2,1,60.0,0,I,MELB_URBAN,ROAD,11,12.0
153334,1,5,135,5,1,100.0,0,N,MELB_URBAN,ROAD,11,10.0
153335,2,6,99,5,1,60.0,0,N,SMALL_TOWNS,ROAD,11,12.0
153336,1,6,110,1,1,50.0,0,I,MELB_URBAN,STREET,11,12.0
153337,1,6,113,2,1,70.0,0,I,SMALL_CITIES,ROAD,11,8.0
153338,4,6,173,5,1,60.0,0,N,UNKNOWN,STREET,11,11.0
153339,4,6,171,5,1,80.0,0,N,UNKNOWN,ROAD,11,8.0
153340,1,5,133,5,2,100.0,0,N,MELB_URBAN,UNKNOWN,8,7.0
153341,1,6,121,1,1,60.0,0,I,MELB_URBAN,ROAD,11,11.0
153342,1,5,130,5,1,100.0,0,N,RURAL_VICTORIA,HIGHWAY,11,12.0
153343,1,5,121,2,1,80.0,0,I,MELB_URBAN,ROAD,11,12.0
153344,1,5,113,2,1,100.0,0,I,RURAL_VICTORIA,ROAD,11,13.0
153345,1,5,160,5,1,50.0,0,N,UNKNOWN,ROAD,11,12.0
153346,6,5,170,5,1,100.0,0,N,RURAL_VICTORIA,ROAD,11,13.0
153347,1,5,121,2,1,50.0,0,O,MELB_URBAN,UNKNOWN,11,13.0
153348,1,3,132,1,1,60.0,0,I,LARGE_PROVINCIAL_CITIES,STREET,11,14.0
153349,6,4,99,5,1,100.0,0,N,RURAL_VICTORIA,ROAD,11,10.0
153350,1,5,99,5,1,60.0,0,N,MELB_URBAN,ROAD,11,14.0
153351,1,5,130,2,1,50.0,0,I,LARGE_PROVINCIAL_CITIES,STREET,11,16.0
153352,1,7,130,1,1,80.0,0,I,MELB_URBAN,OTHER,10,11.0
153353,2,6,99,5,1,60.0,0,N,MELB_URBAN,ROAD,11,8.0
153354,1,5,130,5,1,80.0,0,N,MELB_URBAN,FREEWAY,11,12.0
153355,1,4,130,1,1,40.0,0,N,RURAL_VICTORIA,ROAD,10,8.0
153356,1,6,99,1,1,70.0,0,I,LARGE_PROVINCIAL_CITIES,HIGHWAY,11,16.0
153357,1,4,130,5,1,80.0,0,N,MELB_URBAN,ROAD,10,15.0
153358,1,2,130,5,1,80.0,0,N,MELB_URBAN,ROAD,11,17.0
153359,1,2,130,5,1,110.0,0,N,RURAL_VICTORIA,RAMP,10,17.0
153360,1,6,130,5,1,70.0,0,N,LARGE_PROVINCIAL_CITIES,ROAD,11,17.0
153361,1,6,113,2,1,60.0,0,I,MELB_URBAN,ROAD,11,16.0
153362,1,5,130,5,1,60.0,0,N,MELB_URBAN,ROAD,11,16.0
153363,1,5,130,5,1,100.0,0,N,MELB_URBAN,RAMP,11,15.0
153364,1,6,113,1,2,60.0,0,I,TOWNS,STREET,11,18.0
153365,1,6,120,5,1,100.0,0,N,RURAL_VICTORIA,ROAD,11,17.0
153366,2,5,102,5,1,50.0,0,N,TOWNS,STREET,11,17.0
153367,1,5,130,2,9,80.0,0,I,MELB_URBAN,ROAD,11,19.0
153368,2,6,100,2,1,70.0,1,I,MELB_URBAN,ROAD,11,18.0
153369,1,5,134,5,3,40.0,0,N,MELB_URBAN,STREET,11,21.0
153370,2,5,100,1,3,40.0,0,N,MELB_URBAN,STREET,11,22.0
153371,4,6,171,5,3,100.0,0,N,MELB_URBAN,FREEWAY,11,22.0
153372,3,6,167,5,5,100.0,0,N,RURAL_VICTORIA,ROAD,11,21.0
153373,6,6,184,5,5,80.0,0,N,RURAL_VICTORIA,ROAD,11,22.0
153374,1,6,99,1,3,70.0,1,N,MELB_URBAN,ROAD,11,22.0
153375,4,6,173,5,3,50.0,0,N,MELB_URBAN,DRIVE,11,22.0
153376,4,6,99,2,5,80.0,0,I,RURAL_VICTORIA,ROAD,11,23.0
153377,1,6,130,2,9,50.0,0,N,MELB_URBAN,OTHER,11,23.0
153378,1,5,160,5,9,60.0,0,N,UNKNOWN,DRIVE,11,12.0
153379,1,3,130,5,1,80.0,0,N,SMALL_TOWNS,ROAD,10,13.0
153380,1,1,132,2,1,50.0,0,I,MELB_URBAN,DRIVE,11,12.0
153381,1,6,110,1,1,50.0,0,I,SMALL_CITIES,STREET,11,11.0
153382,1,0,147,5,1,60.0,0,N,LARGE_PROVINCIAL_CITIES,STREET,11,12.0
153383,1,6,140,5,1,40.0,0,N,MELB_URBAN,DRIVE,11,17.0
153384,2,7,100,5,1,50.0,0,N,MELB_URBAN,STREET,11,10.0
153385,4,7,99,2,1,60.0,0,I,TOWNS,BOULEVARD,11,11.0
153386,1,7,99,5,1,50.0,0,N,MELB_URBAN,AVENUE,11,10.0
153387,1,7,140,5,1,60.0,0,N,MELB_URBAN,ROAD,11,12.0
153388,1,7,120,5,1,50.0,0,N,SMALL_TOWNS,HIGHWAY,11,11.0
153389,4,7,171,5,1,60.0,0,N,UNKNOWN,OTHER,11,14.0
153390,1,5,130,2,1,60.0,0,I,MELB_URBAN,ROAD,11,11.0
153391,4,7,171,5,1,100.0,0,N,RURAL_VICTORIA,ROAD,11,14.0
153392,2,7,102,5,1,60.0,0,N,MELB_URBAN,STREET,11,14.0
153393,1,5,113,2,3,70.0,0,I,MELB_URBAN,ROAD,11,22.0
153394,6,6,174,5,1,40.0,0,N,RURAL_VICTORIA,HIGHWAY,11,16.0
153395,1,7,99,1,2,40.0,0,I,MELB_URBAN,STREET,11,18.0
153396,1,7,130,1,1,60.0,0,I,MELB_URBAN,ROAD,11,16.0