,accident_type,day_of_week,dca_code,road_geometry,light_condition,speed_zone,severity,node_type,deg_urban_name,road_type,month,hour
153397,4,7,173,2,1,50.0,0,O,RURAL_VICTORIA,UNKNOWN,11,18.0
153398,1,7,160,5,3,60.0,0,N,MELB_URBAN,STREET,11,20.0
153399,1,7,111,2,3,80.0,0,I,MELB_URBAN,HIGHWAY,11,21.0
153400,2,6,100,5,3,60.0,0,N,MELB_URBAN,STREET,11,22.0
153401,1,7,121,1,3,70.0,0,I,MELB_URBAN,ROAD,11,22.0
153402,4,6,181,5,2,60.0,0,N,MELB_URBAN,STREET,11,21.0
153403,4,1,99,1,2,60.0,0,I,MELB_URBAN,ROAD,11,1.0
153404,4,1,171,1,3,80.0,0,I,MELB_URBAN,HIGHWAY,11,2.0
153405,1,1,134,5,3,60.0,0,N,MELB_URBAN,ROAD,11,2.0
153406,6,0,99,2,1,40.0,0,I,LARGE_PROVINCIAL_CITIES,STREET,11,13.0
153407,2,1,100,5,2,70.0,0,N,UNKNOWN,ROAD,11,5.0
153408,4,1,173,5,3,70.0,0,N,MELB_URBAN,ROAD,11,3.0
153409,1,5,147,5,1,50.0,0,N,MELB_URBAN,STREET,11,15.0
153410,1,7,121,4,3,60.0,0,I,MELB_URBAN,ROAD,11,22.0
153411,1,5,134,5,1,60.0,0,N,MELB_URBAN,ROAD,11,13.0
153412,4,1,173,4,3,60.0,0,I,MELB_URBAN,ROAD,11,1.0
153413,1,4,99,1,9,50.0,0,I,MELB_URBAN,STREET,10,17.0
153414,1,5,121,1,1,60.0,0,I,LARGE_PROVINCIAL_CITIES,STREET,10,18.0
153415,1,1,133,5,1,100.0,0,N,RURAL_VICTORIA,HIGHWAY,11,9.0
153416,1,1,160,5,1,60.0,0,N,MELB_URBAN,ROAD,11,9.0
153417,1,0,121,2,1,80.0,0,N,MELB_URBAN,ROAD,11,11.0
153418,1,1,110,1,1,80.0,0,I,MELB_URBAN,ROAD,11,8.0
153419,4,0,183,5,1,80.0,0,N,RURAL_VICTORIA,ROAD,11,11.0
153420,7,6,99,1,2,40.0,0,I,MELBOURNE_CBD,STREET,11,21.0
153421,1,1,130,5,1,70.0,0,N,MELB_URBAN,ROAD,11,12.0
153422,1,5,99,2,2,50.0,0,N,MELB_URBAN,ROAD,11,21.0
153423,1,1,130,4,1,80.0,0,I,MELB_URBAN,ROAD,11,13.0
153424,1,1,121,1,2,70.0,0,I,RURAL_VICTORIA,ROAD,11,6.0
153425,1,1,121,1,1,60.0,0,I,MELB_URBAN,STREET,11,10.0
153426,1,1,116,2,1,60.0,0,I,MELB_URBAN,ROAD,11,13.0
153427,1,0,121,1,1,40.0,0,I,MELB_URBAN,STREET,11,11.0
153428,2,6,102,2,1,50.0,0,I,MELB_URBAN,OTHER,11,13.0
153429,4,1,181,5,1,70.0,0,N,RURAL_VICTORIA,ROAD,11,16.0
153430,1,1,120,5,1,60.0,0,N,MELB_URBAN,ROAD,11,17.0
153431,4,1,171,1,2,100.0,0,I,RURAL_VICTORIA,ROAD,11,19.0
153432,6,1,184,5,1,80.0,0,N,RURAL_VICTORIA,HIGHWAY,11,16.0
153433,4,0,171,5,1,100.0,0,N,RURAL_VICTORIA,HIGHWAY,11,14.0
153434,2,1,99,5,3,50.0,0,N,MELB_URBAN,STREET,11,20.0
153435,1,1,110,1,2,50.0,0,I,MELB_URBAN,STREET,11,20.0
153436,4,1,181,5,2,110.0,0,N,RURAL_VICTORIA,FREEWAY,11,20.0
153437,1,0,120,5,5,60.0,0,N,RURAL_VICTORIA,ROAD,11,21.0
153438,4,1,173,5,1,70.0,0,N,MELB_URBAN,ROAD,11,6.0
153439,4,1,183,5,1,110.0,0,N,RURAL_VICTORIA,FREEWAY,9,13.0
153440,2,2,100,1,1,50.0,0,I,MELB_URBAN,STREET,11,7.0
153441,1,1,130,4,1,80.0,0,I,RURAL_VICTORIA,ROAD,11,8.0
153442,5,1,99,5,1,100.0,0,N,RURAL_VICTORIA,ROAD,11,15.0
153443,1,1,130,5,1,100.0,0,N,MELB_URBAN,FREEWAY,11,7.0
153444,1,2,132,5,1,60.0,0,N,MELB_URBAN,ROAD,11,8.0
153445,1,1,110,1,1,80.0,0,N,UNKNOWN,ROAD,11,7.0
153446,1,2,99,1,1,50.0,0,I,MELB_URBAN,AVENUE,11,9.0
153447,4,1,99,5,1,60.0,0,N,RURAL_VICTORIA,ROAD,11,10.0
153448,1,1,110,1,1,80.0,0,I,RURAL_VICTORIA,HIGHWAY,11,10.0
153449,1,1,132,2,1,50.0,0,I,MELB_URBAN,ROAD,11,11.0
153450,1,0,130,1,9,60.0,0,I,MELB_URBAN,ROAD,11,17.0
153451,1,2,130,5,9,60.0,0,N,RURAL_VICTORIA,ROAD,10,5.0
153452,4,6,99,5,1,80.0,0,N,MELB_URBAN,ROAD,9,16.0
153453,1,1,130,1,2,100.0,0,I,MELB_URBAN,FREEWAY,11,21.0
153454,1,2,130,5,1,80.0,0,N,RURAL_VICTORIA,ROAD,11,11.0
153455,1,5,130,5,9,60.0,0,N,MELB_URBAN,ROAD,11,16.0
153456,4,1,173,2,1,60.0,0,I,SMALL_CITIES,STREET,11,12.0
153457,1,2,121,1,1,60.0,0,I,LARGE_PROVINCIAL_CITIES,STREET,10,8.0
153458,1,1,121,1,1,60.0,0,I,MELB_URBAN,ROAD,10,11.0
153459,1,1,99,1,1,60.0,0,I,SMALL_CITIES,STREET,8,14.0
153460,1,2,133,5,1,60.0,0,N,MELB_URBAN,ROAD,11,12.0
153461,1,6,110,1,1,60.0,0,I,MELB_URBAN,AVENUE,11,14.0
153462,1,3,110,1,3,40.0,0,I,MELB_URBAN,ROAD,11,22.0
153463,4,2,181,5,1,80.0,0,N,RURAL_VICTORIA,ROAD,11,13.0
153464,6,4,174,5,1,80.0,0,N,MELB_URBAN,ROAD,10,18.0
153465,1,2,130,5,1,60.0,0,N,SMALL_CITIES,STREET,11,15.0
153466,1,3,130,2,9,60.0,0,I,MELB_URBAN,ROAD,11,13.0
153467,1,2,99,2,1,50.0,0,I,RURAL_VICTORIA,ROAD,11,15.0
153468,1,1,111,2,1,80.0,0,N,MELB_URBAN,PARADE,10,10.0
153469,1,1,130,5,1,60.0,0,N,MELB_URBAN,AVENUE,11,15.0
153470,1,7,99,5,1,50.0,0,N,MELB_URBAN,UNKNOWN,11,9.0
153471,1,1,140,5,1,60.0,0,N,MELB_URBAN,ROAD,11,16.0
153472,1,2,113,2,1,60.0,0,I,MELB_URBAN,ROAD,11,15.0
153473,1,5,110,1,9,60.0,0,I,MELB_URBAN,BOULEVARD,11,6.0
153474,1,1,130,2,1,60.0,0,I,MELB_URBAN,ROAD,11,12.0
153475,1,4,147,5,1,70.0,0,N,MELB_URBAN,DRIVE,10,9.0
153476,1,1,110,1,1,60.0,0,I,SMALL_CITIES,STREET,11,17.0
153477,8,2,174,5,1,60.0,0,N,MELB_URBAN,ROAD,11,15.0
153478,4,2,183,5,1,50.0,0,N,MELB_URBAN,OTHER,11,16.0
153479,8,3,184,2,1,60.0,0,I,RURAL_VICTORIA,ROAD,11,14.0
153480,4,1,171,5,1,90.0,0,N,UNKNOWN,ROAD,11,16.0
153481,1,5,116,1,1,40.0,0,I,MELB_URBAN,STREET,11,12.0
153482,1,6,121,5,1,60.0,0,N,MELB_URBAN,ROAD,11,7.0
153483,1,1,130,5,1,100.0,0,N,UNKNOWN,ROAD,11,18.0
153484,1,1,130,5,1,60.0,0,N,MELB_URBAN,AVENUE,11,16.0
153485,1,4,135,1,1,70.0,0,N,MELB_URBAN,DRIVE,9,11.0
153486,1,6,135,5,3,80.0,0,N,MELB_URBAN,ROAD,10,23.0
153487,6,2,184,5,1,100.0,0,N,RURAL_VICTORIA,ROAD,11,16.0
153488,6,1,174,5,1,60.0,0,N,LARGE_PROVINCIAL_CITIES,ROAD,11,17.0
153489,1,1,130,5,1,80.0,0,N,MELB_URBAN,AVENUE,11,17.0
153490,6,1,170,5,1,100.0,0,N,MELB_URBAN,FREEWAY,11,17.0
153491,1,2,163,5,1,40.0,0,N,MELB_URBAN,STREET,11,19.0
153492,2,7,102,5,2,60.0,0,N,MELB_URBAN,ROAD,11,5.0
153493,2,3,100,2,3,40.0,0,I,MELB_URBAN,STREET,11,0.0
153494,1,3,130,5,1,60.0,0,N,MELB_URBAN,ROAD,10,17.0
153495,1,1,111,4,9,60.0,0,I,LARGE_PROVINCIAL_CITIES,STREET,10,13.0
153496,4,4,183,5,1,60.0,0,N,MELB_URBAN,BOULEVARD,11,14.0
153497,1,3,113,1,1,70.0,0,N,UNKNOWN,ROAD,11,6.0
153498,1,2,110,1,1,60.0,0,I,MELB_URBAN,ROAD,8,14.0
153499,1,2,130,1,1,70.0,0,I,MELB_URBAN,PARADE,11,7.0
153500,5,2,99,2,1,100.0,0,N,RURAL_VICTORIA,ROAD,11,14.0
153501,1,3,130,5,1,70.0,0,N,SMALL_CITIES,ROAD,11,8.0
153502,1,2,140,5,1,40.0,0,N,MELB_URBAN,DRIVE,11,7.0
153503,5,3,183,5,1,100.0,0,N,RURAL_VICTORIA,ROAD,11,7.0
153504,1,6,130,5,1,60.0,0,N,MELB_URBAN,ROAD,11,14.0
153505,2,1,99,2,1,60.0,0,I,MELB_URBAN,ROAD,11,16.0
153506,1,3,130,1,9,60.0,0,I,MELB_URBAN,ROAD,7,16.0
153507,1,3,130,2,1,80.0,0,N,LARGE_PROVINCIAL_CITIES,HIGHWAY,11,11.0
153508,1,2,120,5,1,50.0,0,N,MELB_URBAN,DRIVE,11,13.0
153509,1,1,120,2,2,60.0,0,N,MELB_URBAN,BOULEVARD,11,20.0
153510,1,5,99,5,1,60.0,0,N,RURAL_VICTORIA,ROAD,10,8.0
153511,1,3,120,5,1,60.0,1,N,SMALL_CITIES,HIGHWAY,11,12.0
153512,1,3,121,2,1,60.0,0,I,MELB_URBAN,OTHER,11,14.0
153513,1,6,130,1,1,60.0,0,I,MELB_URBAN,ROAD,10,16.0
153514,4,2,99,2,1,50.0,0,I,MELB_URBAN,BOULEVARD,11,13.0
153515,1,3,99,1,1,50.0,0,I,LARGE_PROVINCIAL_CITIES,AVENUE,11,15.0
153516,4,2,171,5,1,60.0,0,N,MELB_URBAN,STREET,11,15.0
153517,1,5,130,5,1,60.0,0,N,MELB_URBAN,ROAD,11,16.0
153518,1,3,130,5,1,80.0,0,N,MELB_URBAN,HIGHWAY,11,17.0
153519,1,3,110,1,1,60.0,0,I,MELB_URBAN,ROAD,11,16.0
153520,1,3,113,1,2,80.0,0,I,RURAL_VICTORIA,ROAD,11,16.0
153521,1,3,130,5,1,60.0,0,N,MELB_URBAN,ROAD,10,16.0
153522,1,3,99,1,1,60.0,0,I,MELB_URBAN,ROAD,11,14.0
153523,4,3,171,2,1,50.0,0,I,MELB_URBAN,STREET,11,15.0
153524,1,3,130,5,1,90.0,0,N,MELB_URBAN,FREEWAY,11,15.0
153525,1,3,130,5,1,60.0,0,N,MELB_URBAN,AVENUE,11,16.0
153526,1,2,130,2,1,60.0,0,I,MELB_URBAN,ROAD,11,14.0
153527,1,3,130,1,1,60.0,0,I,MELB_URBAN,ROAD,11,18.0
153528,1,3,110,1,2,80.0,0,I,MELB_URBAN,OTHER,11,19.0
153529,1,3,99,5,1,60.0,0,N,MELB_URBAN,ROAD,11,10.0
153530,1,3,121,2,1,70.0,0,I,MELB_URBAN,ROAD,11,16.0
153531,1,3,121,1,3,60.0,0,I,MELB_URBAN,STREET,11,21.0
153532,2,3,102,5,3,70.0,0,N,LARGE_PROVINCIAL_CITIES,HIGHWAY,11,21.0
153533,1,3,121,1,3,60.0,0,I,MELB_URBAN,STREET,11,22.0
153534,8,3,174,5,1,100.0,0,N,RURAL_VICTORIA,HIGHWAY,11,15.0
153535,1,3,147,5,3,70.0,0,N,MELB_URBAN,UNKNOWN,11,23.0
153536,1,3,121,1,1,40.0,0,I,MELB_URBAN,ROAD,11,14.0
153537,1,3,110,1,3,60.0,0,I,RURAL_VICTORIA,BOULEVARD,11,23.0
153538,4,4,99,2,5,80.0,0,I,RURAL_VICTORIA,ROAD,11,0.0
153539,1,4,99,5,2,60.0,0,N,SMALL_CITIES,HIGHWAY,11,6.0
153540,1,2,130,5,1,80.0,0,N,RURAL_VICTORIA,ROAD,11,8.0
153541,8,1,174,4,1,60.0,0,N,MELB_URBAN,ROAD,10,11.0
153542,1,3,121,2,1,60.0,0,I,MELB_URBAN,ROAD,11,12.0
153543,1,4,99,1,1,60.0,0,I,MELB_URBAN,ROAD,11,8.0
153544,1,0,130,5,1,80.0,0,N,TOWNS,ROAD,11,16.0
153545,1,4,147,5,1,50.0,0,N,MELB_URBAN,HIGHWAY,11,11.0
153546,1,4,130,5,1,70.0,0,N,MELB_URBAN,ROAD,10,17.0
153547,1,3,120,2,1,60.0,0,I,LARGE_PROVINCIAL_CITIES,AVENUE,11,13.0
153548,1,2,130,5,1,60.0,0,N,MELB_URBAN,ROAD,11,16.0
153549,1,5,113,2,1,100.0,0,N,RURAL_VICTORIA,ROAD,10,11.0
153550,1,3,120,5,1,60.0,0,N,MELB_URBAN,ROAD,11,10.0
153551,8,4,184,5,1,70.0,0,N,RURAL_VICTORIA,ROAD,11,8.0
153552,6,4,174,5,1,60.0,0,N,MELB_URBAN,ROAD,11,12.0
153553,1,6,130,2,1,60.0,0,N,MELB_URBAN,ROAD,11,14.0
153554,1,1,116,2,3,40.0,0,I,MELB_URBAN,STREET,11,4.0
153555,1,4,140,2,1,60.0,0,I,MELB_URBAN,ROAD,11,7.0
153556,1,3,130,5,1,60.0,0,N,MELB_URBAN,ROAD,11,16.0
153557,1,3,140,2,1,80.0,0,I,MELB_URBAN,ROAD,11,13.0
153558,1,4,99,2,1,50.0,0,I,MELB_URBAN,ROAD,11,15.0
153559,1,2,130,5,1,60.0,0,N,MELB_URBAN,RAMP,11,11.0
153560,1,4,121,2,1,60.0,0,I,MELB_URBAN,ROAD,11,17.0
153561,1,4,99,2,1,60.0,0,I,MELB_URBAN,STREET,11,17.0
153562,4,4,171,5,1,70.0,0,N,MELB_URBAN,ROAD,11,17.0
153563,1,4,121,2,1,80.0,0,I,MELB_URBAN,ROAD,11,17.0
153564,5,1,99,5,1,60.0,0,N,RURAL_VICTORIA,OTHER,1,14.0
153565,1,4,113,1,1,80.0,0,I,MELB_URBAN,HIGHWAY,11,15.0
153566,1,4,120,5,1,100.0,1,N,RURAL_VICTORIA,ROAD,11,13.0
153567,1,4,99,2,1,60.0,0,N,MELB_URBAN,ROAD,11,18.0
153568,1,4,160,5,9,60.0,0,N,MELB_URBAN,ROAD,11,8.0
153569,1,3,130,5,3,100.0,0,N,MELB_URBAN,FREEWAY,11,21.0
153570,2,3,100,5,5,80.0,0,N,RURAL_VICTORIA,ROAD,11,22.0
153571,1,1,130,5,2,60.0,0,N,MELB_URBAN,STREET,11,21.0
153572,1,5,121,2,1,60.0,0,I,LARGE_PROVINCIAL_CITIES,HIGHWAY,11,8.0
153573,1,1,130,5,1,60.0,0,N,LARGE_PROVINCIAL_CITIES,ROAD,11,12.0
153574,1,5,130,2,1,80.0,0,I,LARGE_PROVINCIAL_CITIES,STREET,11,8.0
153575,4,3,99,5,1,60.0,0,N,MELB_URBAN,ROAD,11,11.0
153576,1,4,116,2,3,60.0,0,I,MELB_URBAN,STREET,11,22.0
153577,8,1,174,5,1,60.0,0,N,RURAL_VICTORIA,AVENUE,11,10.0
153578,6,4,184,5,1,100.0,0,N,RURAL_VICTORIA,ROAD,11,16.0
153579,4,5,171,5,1,60.0,0,N,LARGE_PROVINCIAL_CITIES,STREET,11,9.0
153580,1,6,110,1,1,60.0,0,I,LARGE_PROVINCIAL_CITIES,ROAD,11,13.0
153581,1,5,113,2,1,60.0,0,I,LARGE_PROVINCIAL_CITIES,STREET,11,10.0
153582,1,3,135,5,1,80.0,0,N,MELB_URBAN,ROAD,11,14.0
153583,6,1,174,1,1,60.0,0,I,TOWNS,STREET,11,9.0
153584,1,5,163,5,1,50.0,0,N,MELB_URBAN,ROAD,11,11.0
153585,1,5,110,1,1,100.0,0,I,RURAL_VICTORIA,STREET,11,9.0
153586,1,3,130,1,3,60.0,0,N,MELB_URBAN,STREET,11,22.0
153587,1,5,110,1,1,80.0,1,I,SMALL_CITIES,ROAD,11,11.0
153588,6,6,170,2,1,60.0,0,N,RURAL_VICTORIA,ROAD,10,16.0
153589,1,3,147,5,1,60.0,0,N,MELB_URBAN,ROAD,11,13.0
153590,4,5,171,5,1,60.0,0,N,MELB_URBAN,ROAD,11,13.0
153591,1,4,130,5,1,100.0,0,N,SMALL_CITIES,FREEWAY,11,14.0
153592,4,7,99,1,3,60.0,0,I,MELB_URBAN,DRIVE,10,21.0
153593,4,6,99,5,2,80.0,0,N,RURAL_VICTORIA,ROAD,10,5.0
153594,4,7,171,5,6,100.0,0,N,MELB_URBAN,ROAD,11,23.0
153595,1,3,110,1,1,60.0,0,N,TOWNS,STREET,11,11.0
153596,4,5,173,5,1,80.0,0,N,MELB_URBAN,ROAD,11,13.0
153597,1,4,120,5,1,80.0,0,N,MELB_URBAN,ROAD,11,12.0
153598,1,3,130,5,3,60.0,0,N,MELB_URBAN,ROAD,11,23.0
153599,1,5,111,1,1,50.0,0,I,LARGE_PROVINCIAL_CITIES,STREET,11,16.0
153600,4,4,181,5,1,80.0,0,N,RURAL_VICTORIA,ROAD,11,14.0
153601,4,5,173,5,1,100.0,0,N,MELB_URBAN,FREEWAY,11,15.0
153602,4,5,183,5,1,100.0,1,N,RURAL_VICTORIA,HIGHWAY,11,12.0
153603,1,4,121,1,1,50.0,0,I,MELB_URBAN,BOULEVARD,11,16.0
153604,1,4,135,5,1,80.0,0,N,MELB_URBAN,HIGHWAY,11,14.0
153605,1,4,99,2,1,40.0,0,I,MELB_URBAN,STREET,11,18.0
153606,1,4,110,1,1,60.0,0,I,LARGE_PROVINCIAL_CITIES,ROAD,11,17.0
153607,4,5,134,5,1,40.0,0,N,MELBOURNE_CBD,STREET,11,17.0
153608,1,4,130,5,1,80.0,0,N,MELB_URBAN,HIGHWAY,11,17.0
153609,1,4,134,5,1,110.0,0,N,RURAL_VICTORIA,FREEWAY,11,18.0
153610,1,4,130,5,1,60.0,0,N,MELB_URBAN,STREET,11,18.0
153611,1,4,121,2,1,60.0,0,N,MELB_URBAN,ROAD,11,16.0
153612,1,5,113,2,1,50.0,0,I,RURAL_VICTORIA,STREET,11,18.0
153613,1,4,120,5,1,50.0,0,N,MELB_URBAN,STREET,11,19.0
153614,4,4,173,5,1,50.0,0,N,MELB_URBAN,AVENUE,11,15.0
153615,1,4,130,5,1,60.0,0,N,MELB_URBAN,AVENUE,11,5.0
153616,8,5,174,5,3,40.0,0,N,MELBOURNE_CBD,STREET,11,23.0
153617,1,5,110,1,3,60.0,1,N,MELB_URBAN,ROAD,11,22.0
153618,4,5,171,5,1,110.0,0,N,RURAL_VICTORIA,FREEWAY,11,6.0
153619,4,6,171,5,1,100.0,0,N,RURAL_VICTORIA,ROAD,11,7.0
153620,1,5,99,2,2,100.0,0,I,RURAL_VICTORIA,ROAD,11,7.0
153621,1,7,160,5,1,50.0,0,N,TOWNS,STREET,11,11.0
153622,7,6,99,5,1,80.0,0,N,RURAL_VICTORIA,ROAD,11,11.0
153623,1,5,116,2,1,40.0,0,I,MELB_URBAN,ROAD,11,7.0
153624,1,6,113,1,1,60.0,0,I,SMALL_CITIES,STREET,11,8.0
153625,1,5,110,1,5,80.0,0,I,RURAL_VICTORIA,ROAD,11,22.0
153626,1,3,130,5,1,100.0,0,N,MELB_URBAN,FREEWAY,11,16.0
153627,1,3,99,5,9,40.0,0,N,LARGE_PROVINCIAL_CITIES,STREET,11,17.0
153628,1,6,130,5,1,60.0,0,N,RURAL_VICTORIA,FREEWAY,11,6.0
153629,4,5,99,1,1,110.0,0,N,SMALL_CITIES,RAMP,11,11.0
153630,8,6,170,5,1,60.0,0,N,MELB_URBAN,ROAD,11,9.0
153631,6,1,170,5,9,60.0,0,N,RURAL_VICTORIA,ROAD,9,6.0
153632,1,5,130,1,1,80.0,0,N,MELB_URBAN,ROAD,10,15.0
153633,1,6,121,2,1,60.0,0,I,MELB_URBAN,OTHER,11,11.0
153634,1,6,110,1,1,60.0,0,I,LARGE_PROVINCIAL_CITIES,STREET,11,10.0
153635,1,6,140,5,1,80.0,0,N,MELB_URBAN,HIGHWAY,11,13.0
153636,1,3,130,5,1,60.0,0,N,MELB_URBAN,STREET,11,11.0
153637,1,2,130,5,1,80.0,0,N,MELB_URBAN,ROAD,11,17.0
153638,4,6,171,5,1,70.0,0,N,MELB_URBAN,ROAD,11,7.0
153639,4,3,171,5,1,70.0,0,N,MELB_URBAN,ROAD,11,9.0
153640,2,5,99,5,1,50.0,0,N,TOWNS,STREET,11,13.0
153641,1,6,121,1,1,60.0,0,I,SMALL_CITIES,ROAD,11,16.0
153642,2,6,99,5,1,60.0,0,N,UNKNOWN,ROAD,11,17.0
153643,1,5,113,2,3,50.0,0,I,MELB_URBAN,STREET,11,21.0
153644,1,5,110,1,1,60.0,0,I,MELB_URBAN,OTHER,11,13.0
153645,1,5,113,2,1,60.0,0,I,SMALL_TOWNS,ROAD,11,15.0
153646,1,5,121,1,1,60.0,0,I,MELB_URBAN,STREET,11,17.0
153647,1,6,147,5,1,60.0,0,N,MELB_URBAN,ROAD,11,17.0
153648,1,6,134,5,1,100.0,0,N,MELB_URBAN,FREEWAY,11,18.0
153649,1,5,121,1,1,80.0,0,I,MELB_URBAN,HIGHWAY,11,19.0
153650,4,6,181,5,1,100.0,0,N,RURAL_VICTORIA,ROAD,11,17.0
153651,1,6,110,1,1,50.0,0,I,MELB_URBAN,STREET,11,7.0
153652,4,6,183,2,1,60.0,0,I,MELB_URBAN,OTHER,11,16.0
153653,1,6,99,5,1,50.0,0,N,LARGE_PROVINCIAL_CITIES,ROAD,11,15.0
153654,1,6,99,5,2,50.0,0,N,MELB_URBAN,AVENUE,11,18.0
153655,4,6,171,4,1,80.0,0,I,MELB_URBAN,STREET,11,16.0
153656,1,6,113,2,1,50.0,0,I,MELB_URBAN,AVENUE,11,18.0
153657,1,2,130,5,1,60.0,0,N,MELB_URBAN,ROAD,11,15.0
153658,6,6,174,5,5,60.0,0,N,SMALL_CITIES,ROAD,11,23.0
153659,1,5,120,5,5,50.0,0,N,MELB_URBAN,OTHER,11,23.0
153660,4,5,183,5,5,100.0,0,O,RURAL_VICTORIA,UNKNOWN,11,22.0
153661,1,5,130,5,3,60.0,0,N,MELB_URBAN,ROAD,11,20.0
153662,4,7,171,5,3,60.0,1,N,MELB_URBAN,UNKNOWN,11,0.0
153663,1,6,110,1,3,60.0,0,I,MELB_URBAN,ROAD,11,22.0
153664,1,6,147,5,1,50.0,0,N,SMALL_CITIES,STREET,11,13.0
153665,2,7,99,5,5,80.0,1,N,MELB_URBAN,STREET,11,0.0
153666,2,5,100,1,3,60.0,0,I,MELB_URBAN,ROAD,11,23.0
153667,1,7,110,1,1,80.0,0,I,MELB_URBAN,DRIVE,11,6.0
153668,6,6,99,1,1,80.0,0,I,MELB_URBAN,ROAD,11,11.0
153669,4,7,183,5,1,100.0,0,N,RURAL_VICTORIA,ROAD,11,9.0
153670,1,5,147,5,1,100.0,0,N,RURAL_VICTORIA,ROAD,11,18.0
153671,1,4,99,5,1,40.0,0,N,MELB_URBAN,STREET,11,7.0
153672,1,3,121,2,3,60.0,0,I,MELB_URBAN,ROAD,11,22.0
153673,1,7,163,5,9,60.0,0,N,MELB_URBAN,STREET,11,9.0
153674,1,6,130,1,1,60.0,0,I,MELB_URBAN,BOULEVARD,11,12.0
153675,1,6,110,1,1,60.0,0,I,RURAL_VICTORIA,ROAD,11,12.0
153676,6,7,174,5,1,60.0,0,N,RURAL_VICTORIA,OTHER,11,11.0
153677,1,6,160,5,1,60.0,0,N,MELB_URBAN,ROAD,11,19.0
153678,1,7,130,5,1,70.0,0,N,MELB_URBAN,ROAD,11,9.0
153679,1,6,130,5,1,50.0,0,N,MELB_URBAN,STREET,11,16.0
153680,8,7,170,5,1,60.0,0,N,RURAL_VICTORIA,OTHER,11,13.0
153681,1,7,130,1,1,70.0,0,N,MELB_URBAN,ROAD,11,14.0
153682,1,7,130,5,1,110.0,0,N,RURAL_VICTORIA,FREEWAY,11,13.0
153683,1,7,147,5,1,60.0,0,I,MELB_URBAN,ROAD,11,18.0
153684,1,7,130,5,1,100.0,0,N,MELB_URBAN,FREEWAY,11,18.0
153685,1,7,113,2,3,50.0,0,N,MELB_URBAN,STREET,11,20.0
153686,1,4,130,5,3,100.0,0,N,MELB_URBAN,FREEWAY,11,1.0
153687,1,7,120,5,3,70.0,0,N,UNKNOWN,HIGHWAY,11,21.0
153688,1,7,147,5,1,60.0,0,N,MELB_URBAN,UNKNOWN,11,16.0
153689,1,6,99,1,3,60.0,0,I,MELB_URBAN,ROAD,11,23.0
153690,1,7,130,5,1,60.0,0,N,MELB_URBAN,ROAD,11,17.0
153691,1,7,130,5,3,60.0,0,I,MELB_URBAN,STREET,11,22.0
153692,4,7,171,5,2,100.0,0,N,RURAL_VICTORIA,ROAD,11,19.0
153693,6,7,184,5,1,100.0,0,N,RURAL_VICTORIA,OTHER,11,15.0
153694,1,1,110,1,3,60.0,0,N,MELB_URBAN,STREET,11,1.0
153695,4,1,183,5,5,110.0,0,N,RURAL_VICTORIA,FREEWAY,11,23.0
153696,1,0,116,2,3,60.0,0,I,MELB_URBAN,PARADE,11,0.0
153697,1,7,113,1,3,100.0,0,N,RURAL_VICTORIA,ROAD,11,22.0
153698,1,6,110,1,3,50.0,0,I,MELB_URBAN,AVENUE,11,21.0
153699,1,1,110,1,3,60.0,0,I,MELB_URBAN,STREET,11,3.0
153700,4,1,171,1,1,70.0,0,I,MELB_URBAN,ROAD,11,5.0
153701,1,1,121,2,1,70.0,0,I,MELB_URBAN,ROAD,11,8.0
153702,4,6,183,5,3,80.0,0,N,MELB_URBAN,RAMP,10,5.0
153703,1,1,160,5,1,50.0,0,N,MELB_URBAN,STREET,11,10.0
153704,4,1,171,2,1,60.0,0,I,LARGE_PROVINCIAL_CITIES,AVENUE,11,10.0
153705,4,1,173,5,1,100.0,0,N,RURAL_VICTORIA,ROAD,11,6.0
153706,1,6,113,2,1,40.0,0,I,MELB_URBAN,STREET,9,15.0
153707,1,5,130,5,1,70.0,0,N,MELB_URBAN,ROAD,10,17.0
153708,7,0,99,2,1,60.0,0,I,RURAL_VICTORIA,ROAD,11,10.0
153709,4,0,173,2,1,70.0,0,N,MELB_URBAN,STREET,11,14.0
153710,6,1,174,5,1,100.0,0,N,RURAL_VICTORIA,ROAD,11,16.0
153711,6,1,174,5,9,60.0,0,N,RURAL_VICTORIA,OTHER,11,2.0
153712,1,7,147,5,1,80.0,0,N,MELB_URBAN,ROAD,11,13.0
153713,1,1,130,4,1,80.0,0,I,MELB_URBAN,ROAD,11,15.0
153714,1,1,120,5,1,80.0,1,N,RURAL_VICTORIA,ROAD,11,11.0
153715,4,1,171,2,1,60.0,0,I,MELB_URBAN,PARADE,11,16.0