,accident_type,day_of_week,dca_code,road_geometry,light_condition,speed_zone,severity,node_type,deg_urban_name,road_type,month,hour
153716,2,1,99,5,1,60.0,0,N,SMALL_CITIES,AVENUE,11,16.0
153717,1,5,99,3,1,80.0,0,O,SMALL_TOWNS,UNKNOWN,11,14.0
153718,1,1,133,5,3,70.0,0,N,MELB_URBAN,STREET,11,0.0
153719,8,0,99,5,3,50.0,0,N,MELB_URBAN,ROAD,11,20.0
153720,1,0,110,1,1,80.0,0,I,MELB_URBAN,ROAD,11,18.0
153721,1,1,130,2,3,60.0,0,I,MELB_URBAN,ROAD,11,21.0
153722,1,0,132,1,1,60.0,0,I,SMALL_CITIES,ROAD,11,17.0
153723,1,1,99,5,3,60.0,0,N,SMALL_CITIES,AVENUE,11,20.0
153724,6,1,174,5,3,50.0,0,N,MELB_URBAN,STREET,11,22.0
153725,1,1,121,1,3,60.0,0,I,MELB_URBAN,ROAD,11,22.0
153726,1,4,130,2,1,60.0,0,I,MELB_URBAN,ROAD,11,18.0
153727,8,6,174,1,1,40.0,0,I,LARGE_PROVINCIAL_CITIES,STREET,11,12.0
153728,1,2,113,2,1,60.0,0,I,SMALL_CITIES,STREET,11,8.0
153729,1,2,113,1,1,50.0,0,I,MELB_URBAN,STREET,11,8.0
153730,1,3,121,1,2,60.0,0,I,SMALL_CITIES,STREET,10,17.0
153731,1,1,111,1,1,50.0,0,I,LARGE_PROVINCIAL_CITIES,STREET,11,11.0
153732,6,1,99,5,1,60.0,0,N,MELB_URBAN,OTHER,9,15.0
153733,1,6,130,1,1,50.0,0,I,MELB_URBAN,ROAD,11,18.0
153734,1,1,130,2,1,60.0,0,N,MELB_URBAN,ROAD,11,11.0
153735,4,5,183,5,3,50.0,0,N,MELB_URBAN,DRIVE,11,21.0
153736,1,2,135,5,1,100.0,0,N,MELB_URBAN,ROAD,11,12.0
153737,1,1,110,1,1,50.0,0,I,SMALL_CITIES,STREET,11,13.0
153738,1,2,121,1,1,30.0,0,I,MELB_URBAN,ROAD,11,7.0
153739,6,1,174,5,1,100.0,0,N,RURAL_VICTORIA,ROAD,11,17.0
153740,1,5,130,5,3,50.0,0,N,MELB_URBAN,STREET,11,20.0
153741,1,2,171,5,1,80.0,0,N,MELB_URBAN,ROAD,11,15.0
153742,4,0,181,5,1,40.0,0,N,RURAL_VICTORIA,ROAD,11,18.0
153743,4,1,183,5,1,100.0,0,N,RURAL_VICTORIA,ROAD,11,15.0
153744,1,2,160,5,1,50.0,0,N,RURAL_VICTORIA,STREET,11,13.0
153745,4,2,173,5,1,100.0,0,N,MELB_URBAN,FREEWAY,11,15.0
153746,6,1,174,5,1,100.0,0,N,RURAL_VICTORIA,ROAD,11,16.0
153747,4,2,173,5,1,100.0,0,N,RURAL_VICTORIA,ROAD,11,17.0
153748,1,1,130,2,1,60.0,0,N,RURAL_VICTORIA,ROAD,11,16.0
153749,1,2,130,5,1,100.0,0,N,MELB_URBAN,ROAD,11,16.0
153750,2,1,100,1,1,80.0,0,I,MELB_URBAN,ROAD,11,15.0
153751,1,2,99,1,9,60.0,0,I,MELB_URBAN,PARADE,11,18.0
153752,1,2,110,1,1,60.0,0,I,SMALL_CITIES,STREET,11,14.0
153753,1,1,110,1,1,80.0,0,I,RURAL_VICTORIA,ROAD,11,18.0
153754,1,2,116,2,1,60.0,0,I,MELB_URBAN,ROAD,11,15.0
153755,1,2,160,5,1,50.0,0,N,MELB_URBAN,STREET,11,14.0
153756,1,2,110,1,3,50.0,0,I,MELB_URBAN,STREET,11,22.0
153757,1,2,140,5,3,60.0,0,N,MELB_URBAN,BOULEVARD,11,21.0
153758,6,2,174,5,3,50.0,0,N,MELB_URBAN,STREET,11,22.0
153759,1,2,133,5,3,60.0,0,N,MELB_URBAN,ROAD,11,5.0
153760,1,5,99,2,1,60.0,0,I,MELB_URBAN,HIGHWAY,11,12.0
153761,4,3,173,5,2,80.0,0,N,UNKNOWN,ROAD,11,5.0
153762,1,6,110,1,1,50.0,0,I,TOWNS,AVENUE,10,18.0
153763,1,3,130,5,1,80.0,0,N,MELB_URBAN,RAMP,11,7.0
153764,1,3,110,1,1,100.0,0,N,RURAL_VICTORIA,ROAD,6,12.0
153765,4,7,183,5,1,60.0,0,N,RURAL_VICTORIA,ROAD,10,12.0
153766,1,3,99,1,1,50.0,0,I,MELB_URBAN,STREET,7,16.0
153767,6,3,174,2,3,50.0,0,I,LARGE_PROVINCIAL_CITIES,STREET,11,4.0
153768,1,5,130,5,9,60.0,0,N,MELB_URBAN,AVENUE,10,13.0
153769,4,2,173,1,5,100.0,0,I,RURAL_VICTORIA,ROAD,11,21.0
153770,1,2,113,2,1,60.0,0,I,SMALL_CITIES,STREET,11,14.0
153771,3,3,167,5,5,100.0,0,N,RURAL_VICTORIA,ROAD,11,20.0
153772,1,2,130,5,2,60.0,0,N,MELB_URBAN,ROAD,11,5.0
153773,1,2,130,2,1,70.0,0,I,SMALL_CITIES,ROAD,11,7.0
153774,1,1,130,5,1,80.0,0,N,MELB_URBAN,ROAD,11,6.0
153775,4,6,183,2,1,70.0,0,I,RURAL_VICTORIA,ROAD,11,9.0
153776,2,3,99,5,1,50.0,0,N,RURAL_VICTORIA,STREET,11,13.0
153777,1,3,140,5,1,60.0,0,N,MELB_URBAN,ROAD,11,12.0
153778,1,3,130,5,1,80.0,0,N,RURAL_VICTORIA,ROAD,11,8.0
153779,1,2,134,5,1,80.0,0,N,MELB_URBAN,ROAD,11,12.0
153780,1,2,121,1,1,70.0,0,I,RURAL_VICTORIA,ROAD,11,13.0
153781,8,3,99,9,1,60.0,0,N,SMALL_CITIES,STREET,11,13.0
153782,1,3,113,2,1,100.0,0,I,RURAL_VICTORIA,HIGHWAY,11,15.0
153783,1,3,110,1,1,40.0,0,I,MELB_URBAN,AVENUE,11,17.0
153784,1,4,130,1,2,80.0,0,I,MELB_URBAN,HIGHWAY,8,19.0
153785,1,2,132,3,1,60.0,0,I,MELB_URBAN,AVENUE,11,17.0
153786,1,4,134,5,1,60.0,0,N,MELB_URBAN,HIGHWAY,10,15.0
153787,1,2,130,5,1,70.0,0,N,MELB_URBAN,ROAD,11,17.0
153788,1,2,110,1,1,60.0,0,I,LARGE_PROVINCIAL_CITIES,STREET,11,14.0
153789,1,3,147,5,1,50.0,0,N,MELB_URBAN,OTHER,11,15.0
153790,1,3,110,1,1,60.0,0,I,MELB_URBAN,STREET,11,18.0
153791,1,3,99,2,1,50.0,0,I,MELB_URBAN,STREET,11,7.0
153792,1,2,120,2,1,60.0,0,I,MELB_URBAN,STREET,11,9.0
153793,1,4,99,4,9,60.0,0,N,RURAL_VICTORIA,RAMP,11,20.0
153794,2,3,100,5,1,40.0,0,N,MELB_URBAN,AVENUE,11,14.0
153795,1,1,110,1,1,50.0,0,I,SMALL_TOWNS,STREET,10,15.0
153796,1,3,99,2,1,80.0,0,I,SMALL_TOWNS,HIGHWAY,11,13.0
153797,1,2,160,5,1,50.0,0,N,MELB_URBAN,PARADE,11,18.0
153798,2,3,102,5,1,60.0,0,N,MELB_URBAN,ROAD,11,15.0
153799,1,3,132,2,1,60.0,0,I,MELB_URBAN,ROAD,11,17.0
153800,1,2,113,1,1,60.0,0,I,MELB_URBAN,ROAD,11,17.0
153801,1,3,110,1,3,80.0,0,I,MELB_URBAN,ROAD,11,21.0
153802,8,3,174,5,3,50.0,0,N,MELB_URBAN,STREET,11,20.0
153803,1,4,147,5,3,50.0,0,N,MELB_URBAN,BOULEVARD,11,1.0
153804,1,2,113,2,1,60.0,0,I,MELB_URBAN,ROAD,11,13.0
153805,1,2,130,2,2,80.0,0,N,RURAL_VICTORIA,ROAD,11,6.0
153806,1,4,134,5,1,80.0,0,N,MELB_URBAN,ROAD,11,6.0
153807,4,4,173,5,3,60.0,0,N,MELB_URBAN,ROAD,11,4.0
153808,4,4,171,5,1,100.0,0,N,RURAL_VICTORIA,ROAD,11,9.0
153809,1,1,130,5,1,60.0,0,N,MELB_URBAN,ROAD,10,14.0
153810,4,1,171,5,1,100.0,0,N,RURAL_VICTORIA,HIGHWAY,10,12.0
153811,1,3,113,2,3,70.0,0,I,MELB_URBAN,ROAD,11,1.0
153812,1,3,113,1,1,60.0,0,N,MELB_URBAN,ROAD,11,12.0
153813,1,5,130,5,1,60.0,0,N,MELB_URBAN,ROAD,6,10.0
153814,1,1,130,2,1,50.0,0,I,MELB_URBAN,ROAD,11,16.0
153815,1,4,130,5,1,100.0,0,N,MELB_URBAN,FREEWAY,11,7.0
153816,1,2,130,5,1,70.0,0,N,MELB_URBAN,ROAD,11,16.0
153817,1,4,132,5,1,80.0,0,N,RURAL_VICTORIA,ROAD,11,11.0
153818,1,3,120,2,1,50.0,0,I,MELB_URBAN,DRIVE,11,10.0
153819,1,2,130,2,3,60.0,0,I,MELB_URBAN,ROAD,11,4.0
153820,1,4,130,5,2,80.0,0,N,MELB_URBAN,HIGHWAY,11,6.0
153821,2,3,99,5,1,40.0,0,N,MELB_URBAN,OTHER,11,11.0
153822,1,4,99,2,1,60.0,0,I,MELB_URBAN,PARADE,11,8.0
153823,1,3,147,5,1,50.0,0,N,MELB_URBAN,ROAD,11,17.0
153824,1,2,130,2,1,60.0,0,I,MELB_URBAN,STREET,11,18.0
153825,1,3,130,5,1,70.0,0,N,MELB_URBAN,ROAD,11,7.0
153826,1,5,130,1,1,90.0,0,N,SMALL_CITIES,RAMP,11,13.0
153827,1,4,120,5,1,80.0,0,N,MELB_URBAN,ROAD,11,13.0
153828,1,4,130,5,1,60.0,0,N,LARGE_PROVINCIAL_CITIES,STREET,11,14.0
153829,1,1,132,1,1,60.0,0,I,MELB_URBAN,ROAD,11,12.0
153830,1,4,130,1,1,70.0,0,I,MELB_URBAN,OTHER,11,13.0
153831,1,0,113,2,1,60.0,0,I,MELB_URBAN,ROAD,11,10.0
153832,1,2,130,5,1,60.0,0,N,MELB_URBAN,ROAD,11,8.0
153833,1,2,130,1,1,80.0,0,N,RURAL_VICTORIA,ROAD,11,17.0
153834,1,3,130,5,1,100.0,0,N,MELB_URBAN,RAMP,11,15.0
153835,1,4,130,5,1,100.0,0,N,RURAL_VICTORIA,FREEWAY,11,11.0
153836,1,3,99,5,1,50.0,0,N,MELB_URBAN,STREET,11,7.0
153837,1,3,99,1,1,60.0,0,N,MELB_URBAN,HIGHWAY,11,16.0
153838,2,2,99,5,1,60.0,0,N,MELB_URBAN,STREET,11,10.0
153839,8,6,174,5,1,100.0,0,N,RURAL_VICTORIA,OTHER,11,14.0
153840,1,4,130,5,1,80.0,0,N,MELB_URBAN,ROAD,11,18.0
153841,4,4,181,5,1,80.0,0,N,RURAL_VICTORIA,OTHER,11,16.0
153842,1,5,130,5,1,80.0,0,N,MELB_URBAN,ROAD,7,12.0
153843,1,4,121,2,1,60.0,0,I,MELB_URBAN,DRIVE,11,17.0
153844,1,3,130,1,1,50.0,0,N,MELB_URBAN,ROAD,10,6.0
153845,6,4,99,5,1,100.0,0,N,RURAL_VICTORIA,ROAD,11,17.0
153846,1,3,113,1,1,60.0,0,I,MELB_URBAN,ROAD,9,11.0
153847,1,4,99,5,1,40.0,0,N,MELB_URBAN,UNKNOWN,11,18.0
153848,2,3,100,1,1,60.0,0,I,SMALL_CITIES,AVENUE,11,16.0
153849,1,3,113,2,1,60.0,0,N,MELB_URBAN,ROAD,11,19.0
153850,5,3,99,2,1,60.0,0,N,MELB_URBAN,ROAD,11,10.0
153851,1,3,110,1,1,80.0,0,I,MELB_URBAN,ROAD,11,14.0
153852,1,4,130,5,2,40.0,0,N,MELB_URBAN,ROAD,11,19.0
153853,1,4,99,1,1,60.0,0,N,MELB_URBAN,PARADE,11,19.0
153854,4,4,181,5,1,60.0,0,N,RURAL_VICTORIA,ROAD,11,17.0
153855,1,3,130,5,9,80.0,0,N,LARGE_PROVINCIAL_CITIES,ROAD,11,18.0
153856,1,4,110,1,3,40.0,0,I,LARGE_PROVINCIAL_CITIES,STREET,11,22.0
153857,1,4,134,5,3,70.0,0,N,MELB_URBAN,ROAD,11,20.0
153858,2,4,102,5,3,60.0,1,N,SMALL_CITIES,ROAD,11,21.0
153859,1,5,111,2,9,70.0,0,N,MELB_URBAN,STREET,11,19.0
153860,1,2,160,5,3,60.0,0,N,SMALL_CITIES,ROAD,11,21.0
153861,1,4,160,5,3,60.0,0,N,MELB_URBAN,DRIVE,12,3.0
153862,1,5,160,5,3,60.0,0,N,RURAL_VICTORIA,DRIVE,12,1.0
153863,4,4,171,5,5,40.0,0,N,LARGE_PROVINCIAL_CITIES,STREET,12,1.0
153864,1,4,110,1,3,60.0,0,I,MELB_URBAN,ROAD,12,5.0
153865,8,6,170,1,2,50.0,0,I,LARGE_PROVINCIAL_CITIES,STREET,7,7.0
153866,4,1,99,5,3,50.0,0,N,MELB_URBAN,AVENUE,4,22.0
153867,1,6,130,5,1,60.0,0,N,MELB_URBAN,BOULEVARD,11,16.0
153868,1,4,130,5,9,60.0,0,N,MELB_URBAN,ROAD,8,13.0
153869,1,4,140,5,1,60.0,0,N,LARGE_PROVINCIAL_CITIES,STREET,12,8.0
153870,8,0,99,5,1,40.0,0,N,MELB_URBAN,STREET,11,18.0
153871,1,5,133,5,6,100.0,0,N,MELB_URBAN,FREEWAY,11,21.0
153872,1,5,99,2,1,60.0,0,I,MELB_URBAN,STREET,12,7.0
153873,1,5,130,2,1,40.0,0,I,SMALL_CITIES,STREET,12,9.0
153874,1,5,121,2,1,50.0,0,I,MELB_URBAN,ROAD,12,7.0
153875,1,5,171,5,1,60.0,0,N,UNKNOWN,STREET,12,9.0
153876,1,4,120,1,3,50.0,0,I,MELB_URBAN,ROAD,11,22.0
153877,1,5,120,5,5,40.0,0,N,RURAL_VICTORIA,ROAD,11,20.0
153878,1,4,147,2,1,50.0,0,I,LARGE_PROVINCIAL_CITIES,OTHER,12,10.0
153879,4,5,99,5,1,40.0,0,N,MELB_URBAN,STREET,12,12.0
153880,1,5,110,1,1,60.0,0,I,MELB_URBAN,STREET,12,11.0
153881,1,4,110,1,1,50.0,0,I,TOWNS,STREET,12,11.0
153882,1,5,111,2,1,40.0,0,I,MELB_URBAN,ROAD,12,12.0
153883,1,5,116,2,1,70.0,0,I,LARGE_PROVINCIAL_CITIES,ROAD,12,12.0
153884,2,5,99,5,1,50.0,0,N,MELB_URBAN,ROAD,12,12.0
153885,1,5,130,2,1,60.0,0,I,MELB_URBAN,ROAD,11,18.0
153886,2,6,100,5,1,50.0,0,N,MELB_URBAN,STREET,10,11.0
153887,1,6,130,5,2,100.0,0,N,MELB_URBAN,RAMP,11,20.0
153888,4,4,173,5,1,80.0,0,N,LARGE_PROVINCIAL_CITIES,ROAD,12,11.0
153889,1,5,121,1,1,60.0,0,N,MELB_URBAN,ROAD,12,12.0
153890,2,4,100,5,1,60.0,0,N,MELB_URBAN,ROAD,12,15.0
153891,1,4,160,1,1,60.0,0,N,MELB_URBAN,ROAD,11,16.0
153892,1,5,113,2,1,60.0,0,I,SMALL_CITIES,STREET,12,14.0
153893,6,3,174,2,1,50.0,0,I,MELB_URBAN,STREET,11,18.0
153894,1,5,110,1,1,60.0,0,I,MELB_URBAN,STREET,12,16.0
153895,4,5,173,5,1,70.0,0,N,UNKNOWN,ROAD,12,14.0
153896,1,4,134,5,1,100.0,0,N,MELB_URBAN,UNKNOWN,12,16.0
153897,1,5,130,5,1,110.0,0,N,RURAL_VICTORIA,FREEWAY,12,17.0
153898,1,2,121,1,9,60.0,0,I,MELB_URBAN,ROAD,12,16.0
153899,1,2,99,5,1,60.0,0,N,MELB_URBAN,ROAD,11,12.0
153900,1,4,121,1,1,60.0,0,I,MELB_URBAN,ROAD,12,19.0
153901,1,5,99,5,1,60.0,0,N,SMALL_CITIES,ROAD,12,17.0
153902,8,5,174,1,2,40.0,0,I,MELB_URBAN,ROAD,12,20.0
153903,1,4,121,1,1,80.0,0,I,MELB_URBAN,ROAD,12,14.0
153904,1,4,130,1,1,80.0,0,I,MELB_URBAN,ROAD,12,8.0
153905,1,5,110,1,1,50.0,0,I,MELB_URBAN,STREET,12,15.0
153906,6,5,174,5,1,80.0,0,N,RURAL_VICTORIA,ROAD,12,17.0
153907,4,5,173,1,1,50.0,0,I,MELB_URBAN,STREET,12,16.0
153908,1,5,121,2,1,60.0,0,I,MELB_URBAN,ROAD,12,19.0
153909,1,5,132,2,1,60.0,0,I,MELB_URBAN,ROAD,12,18.0
153910,1,5,130,5,1,110.0,0,N,RURAL_VICTORIA,FREEWAY,12,18.0
153911,1,2,110,1,2,60.0,0,N,MELB_URBAN,ROAD,11,6.0
153912,2,5,99,5,5,50.0,0,N,RURAL_VICTORIA,ROAD,12,22.0
153913,1,3,135,5,1,80.0,0,N,MELB_URBAN,FREEWAY,11,13.0
153914,5,3,99,5,1,60.0,0,N,RURAL_VICTORIA,ROAD,11,15.0
153915,1,5,99,5,1,100.0,0,N,RURAL_VICTORIA,ROAD,12,7.0
153916,1,5,110,1,1,60.0,0,I,SMALL_CITIES,ROAD,12,7.0
153917,1,5,133,5,1,100.0,0,N,MELB_URBAN,ROAD,12,7.0
153918,6,6,174,1,1,40.0,0,I,SMALL_CITIES,ROAD,12,8.0
153919,1,6,111,1,1,60.0,0,I,MELB_URBAN,AVENUE,12,8.0
153920,1,5,130,5,1,60.0,0,N,MELB_URBAN,ROAD,12,9.0
153921,1,3,140,5,1,40.0,0,N,LARGE_PROVINCIAL_CITIES,STREET,11,8.0
153922,1,3,135,5,1,60.0,0,N,SMALL_TOWNS,FREEWAY,11,16.0
153923,1,2,110,1,1,50.0,0,I,MELB_URBAN,AVENUE,10,11.0
153924,1,0,130,5,1,80.0,0,N,MELB_URBAN,FREEWAY,11,17.0
153925,1,4,130,5,9,60.0,0,N,TOWNS,STREET,10,20.0
153926,1,3,130,2,1,60.0,0,I,MELB_URBAN,ROAD,11,17.0
153927,1,5,121,2,1,60.0,0,N,TOWNS,HIGHWAY,12,13.0
153928,2,6,100,5,1,50.0,0,N,TOWNS,STREET,12,14.0
153929,1,2,130,1,1,60.0,0,N,TOWNS,STREET,11,12.0
153930,1,6,110,1,1,100.0,0,I,RURAL_VICTORIA,ROAD,12,14.0
153931,1,6,121,2,1,80.0,0,I,MELB_URBAN,ROAD,12,12.0
153932,1,6,130,5,1,50.0,0,N,MELB_URBAN,STREET,11,13.0
153933,1,4,113,1,1,80.0,0,I,SMALL_CITIES,HIGHWAY,12,14.0
153934,4,6,173,5,1,80.0,0,N,MELB_URBAN,ROAD,12,13.0
153935,1,5,130,5,1,40.0,0,N,MELB_URBAN,ROAD,11,8.0
153936,1,5,134,5,1,80.0,0,N,MELB_URBAN,ROAD,12,11.0
153937,2,4,100,2,2,40.0,0,I,MELB_URBAN,OTHER,8,6.0
153938,2,6,99,5,1,60.0,0,N,MELB_URBAN,ROAD,12,15.0
153939,1,6,160,5,1,60.0,0,N,LARGE_PROVINCIAL_CITIES,STREET,12,13.0
153940,1,6,121,2,1,80.0,0,N,MELB_URBAN,ROAD,12,15.0
153941,1,6,99,2,1,80.0,0,N,MELB_URBAN,STREET,12,15.0
153942,6,6,170,2,1,60.0,0,I,MELB_URBAN,ROAD,12,17.0
153943,1,6,99,5,1,50.0,0,N,MELB_URBAN,STREET,12,17.0
153944,7,5,99,5,1,50.0,0,N,MELB_URBAN,AVENUE,12,16.0
153945,1,3,130,5,9,60.0,0,N,MELB_URBAN,ROAD,11,18.0
153946,1,6,99,1,1,60.0,0,I,MELB_URBAN,STREET,12,16.0
153947,1,6,147,5,2,100.0,0,N,RURAL_VICTORIA,ROAD,12,19.0
153948,2,6,99,5,1,40.0,0,N,MELBOURNE_CBD,STREET,11,12.0
153949,1,5,130,5,1,80.0,0,N,RURAL_VICTORIA,ROAD,12,16.0
153950,1,3,130,2,3,60.0,0,I,MELB_URBAN,STREET,10,21.0
153951,1,6,130,2,1,60.0,0,N,MELB_URBAN,STREET,12,18.0
153952,2,5,102,5,3,60.0,0,N,MELB_URBAN,UNKNOWN,12,21.0
153953,1,6,113,2,3,70.0,0,N,MELB_URBAN,ROAD,12,23.0
153954,8,7,174,5,3,50.0,0,N,MELB_URBAN,STREET,12,0.0
153955,8,7,174,5,5,50.0,0,N,LARGE_PROVINCIAL_CITIES,OTHER,12,0.0
153956,1,6,99,1,3,60.0,0,I,MELB_URBAN,ROAD,12,21.0
153957,1,6,135,5,1,80.0,0,N,MELB_URBAN,FREEWAY,12,12.0
153958,1,5,110,1,5,100.0,0,I,RURAL_VICTORIA,HIGHWAY,12,22.0
153959,1,5,130,5,1,100.0,0,N,RURAL_VICTORIA,ROAD,11,16.0
153960,1,6,160,5,1,60.0,0,N,MELB_URBAN,ROAD,12,8.0
153961,8,7,174,5,1,80.0,0,N,RURAL_VICTORIA,HIGHWAY,12,7.0
153962,1,6,121,1,1,60.0,0,I,MELB_URBAN,ROAD,12,12.0
153963,8,7,174,5,1,60.0,0,N,MELB_URBAN,ROAD,12,8.0
153964,1,6,130,1,1,80.0,0,N,MELB_URBAN,ROAD,12,10.0
153965,1,4,121,1,3,50.0,0,I,MELB_URBAN,STREET,5,17.0
153966,1,5,99,2,1,50.0,0,I,MELB_URBAN,ROAD,11,17.0
153967,1,2,110,1,1,60.0,0,I,MELB_URBAN,ROAD,11,12.0
153968,1,6,121,2,1,60.0,0,I,MELB_URBAN,ROAD,12,17.0
153969,1,7,99,1,1,40.0,0,I,MELB_URBAN,ROAD,12,10.0
153970,2,7,100,5,1,50.0,0,N,MELB_URBAN,STREET,12,10.0
153971,1,7,121,2,1,80.0,0,I,MELB_URBAN,ROAD,12,10.0
153972,1,7,120,5,1,60.0,0,N,RURAL_VICTORIA,ROAD,12,10.0
153973,1,5,130,5,1,70.0,0,N,MELB_URBAN,ROAD,11,7.0
153974,1,7,132,1,1,60.0,0,I,TOWNS,ROAD,12,11.0
153975,4,7,183,5,1,80.0,0,N,TOWNS,ROAD,12,9.0
153976,1,5,130,5,9,60.0,0,N,MELB_URBAN,ROAD,8,17.0
153977,1,7,111,2,1,60.0,0,I,MELB_URBAN,STREET,12,11.0
153978,1,7,121,2,1,60.0,0,I,SMALL_CITIES,STREET,12,14.0
153979,1,7,130,5,1,100.0,0,N,RURAL_VICTORIA,ROAD,12,13.0
153980,1,7,130,2,1,80.0,0,I,MELB_URBAN,HIGHWAY,12,14.0
153981,1,7,99,5,1,40.0,0,I,MELB_URBAN,ROAD,12,16.0
153982,1,6,99,2,1,50.0,0,I,MELB_URBAN,DRIVE,11,15.0
153983,1,7,120,5,1,80.0,0,N,RURAL_VICTORIA,ROAD,12,16.0
153984,1,6,121,2,1,60.0,0,I,MELB_URBAN,HIGHWAY,12,17.0
153985,1,6,130,5,1,60.0,0,N,MELB_URBAN,HIGHWAY,12,16.0
153986,1,7,130,5,1,100.0,0,N,MELB_URBAN,ROAD,12,17.0
153987,2,5,100,1,9,50.0,0,N,MELB_URBAN,ROAD,12,18.0
153988,4,6,173,5,3,50.0,0,N,MELB_URBAN,PARADE,11,0.0
153989,1,6,130,5,1,60.0,0,N,MELB_URBAN,AVENUE,12,18.0
153990,1,3,163,5,9,60.0,0,N,MELB_URBAN,STREET,11,19.0
153991,1,6,110,1,1,60.0,0,N,MELB_URBAN,AVENUE,12,18.0
153992,4,6,173,5,1,50.0,0,N,MELB_URBAN,OTHER,12,18.0
153993,1,7,99,1,3,70.0,0,I,MELB_URBAN,ROAD,12,19.0
153994,1,1,133,3,1,60.0,0,I,RURAL_VICTORIA,ROAD,9,12.0
153995,1,7,120,5,1,80.0,0,N,MELB_URBAN,ROAD,12,16.0
153996,1,6,99,5,3,50.0,0,N,MELB_URBAN,STREET,12,21.0
153997,4,7,183,5,2,80.0,0,N,RURAL_VICTORIA,ROAD,12,20.0
153998,1,5,110,1,1,60.0,0,I,LARGE_PROVINCIAL_CITIES,STREET,9,9.0
153999,5,7,181,5,1,90.0,0,N,RURAL_VICTORIA,ROAD,12,20.0
154000,4,7,181,5,1,80.0,1,N,RURAL_VICTORIA,ROAD,12,19.0
154001,2,6,102,1,3,60.0,0,I,MELB_URBAN,ROAD,12,23.0
154002,4,7,181,5,1,50.0,0,N,MELB_URBAN,OTHER,12,16.0
154003,2,7,99,5,2,60.0,0,N,SMALL_CITIES,ROAD,12,21.0
154004,4,1,181,5,5,60.0,0,N,MELB_URBAN,BOULEVARD,12,0.0
154005,4,7,171,2,3,60.0,0,I,MELB_URBAN,ROAD,12,23.0
154006,4,1,183,5,3,50.0,0,N,MELB_URBAN,DRIVE,12,1.0
154007,4,1,173,2,3,60.0,0,I,MELB_URBAN,ROAD,12,1.0
154008,4,7,173,5,3,50.0,0,N,MELB_URBAN,AVENUE,12,3.0
154009,4,0,171,5,5,80.0,0,N,RURAL_VICTORIA,ROAD,12,4.0
154010,4,7,171,5,5,60.0,0,N,SMALL_CITIES,ROAD,12,21.0
154011,1,1,133,2,1,60.0,0,N,MELB_URBAN,ROAD,12,6.0
154012,1,1,110,1,1,50.0,0,I,SMALL_CITIES,STREET,12,7.0
154013,1,1,113,2,1,100.0,0,I,RURAL_VICTORIA,HIGHWAY,12,9.0
154014,5,7,99,5,1,30.0,0,N,RURAL_VICTORIA,ROAD,12,11.0
154015,1,1,99,1,1,60.0,0,I,MELB_URBAN,STREET,12,8.0
154016,1,1,130,5,1,80.0,0,N,MELB_URBAN,UNKNOWN,12,11.0
154017,2,1,100,1,1,60.0,0,I,MELB_URBAN,ROAD,12,7.0
154018,1,7,116,2,1,60.0,0,I,MELB_URBAN,STREET,12,15.0
154019,1,1,130,5,1,60.0,0,N,MELB_URBAN,STREET,12,12.0
154020,1,1,130,5,1,80.0,0,N,MELB_URBAN,ROAD,12,12.0
154021,1,2,133,5,1,100.0,0,N,MELB_URBAN,FREEWAY,10,10.0
154022,1,0,130,5,1,100.0,0,N,UNKNOWN,UNKNOWN,12,11.0
154023,4,1,99,1,3,60.0,0,N,RURAL_VICTORIA,ROAD,12,3.0
154024,1,0,120,5,1,50.0,0,N,MELB_URBAN,ROAD,12,13.0
154025,1,0,130,5,1,80.0,0,N,MELB_URBAN,FREEWAY,12,13.0
154026,1,1,110,1,1,60.0,0,I,SMALL_TOWNS,STREET,12,10.0
154027,1,1,130,5,1,80.0,0,N,MELB_URBAN,FREEWAY,12,10.0
154028,1,1,147,5,1,50.0,1,N,MELB_URBAN,AVENUE,12,12.0
154029,1,1,99,5,1,100.0,0,N,RURAL_VICTORIA,HIGHWAY,12,13.0
154030,1,2,130,5,1,50.0,0,N,RURAL_VICTORIA,ROAD,11,17.0
154031,6,1,174,5,1,100.0,0,N,RURAL_VICTORIA,HIGHWAY,12,9.0
154032,4,0,181,5,1,100.0,0,N,RURAL_VICTORIA,ROAD,12,15.0
154033,8,1,170,5,1,40.0,0,N,RURAL_VICTORIA,ROAD,12,9.0
154034,5,0,99,5,1,80.0,0,N,RURAL_VICTORIA,ROAD,12,13.0
154035,4,1,181,5,1,80.0,0,N,RURAL_VICTORIA,ROAD,12,13.0
154036,1,1,130,2,1,60.0,0,N,MELB_URBAN,PARADE,12,16.0
154037,1,1,110,1,1,80.0,0,N,MELB_URBAN,STREET,12,14.0