,accident_type,day_of_week,dca_code,road_geometry,light_condition,speed_zone,severity,node_type,deg_urban_name,road_type,month,hour
154038,4,1,183,5,1,80.0,0,N,RURAL_VICTORIA,HIGHWAY,12,14.0
154039,4,1,181,5,1,60.0,0,N,SMALL_TOWNS,ROAD,12,15.0
154040,1,1,132,5,1,40.0,0,N,MELB_URBAN,DRIVE,12,18.0
154041,1,1,99,5,1,100.0,0,N,UNKNOWN,HIGHWAY,12,16.0
154042,4,1,181,5,1,100.0,0,N,RURAL_VICTORIA,ROAD,12,14.0
154043,1,1,99,5,1,60.0,0,N,RURAL_VICTORIA,ROAD,12,16.0
154044,1,1,130,5,2,60.0,0,N,MELB_URBAN,ROAD,12,20.0
154045,1,0,130,1,1,60.0,0,I,SMALL_CITIES,ROAD,12,15.0
154046,1,1,130,2,1,60.0,0,N,SMALL_CITIES,OTHER,12,15.0
154047,6,1,99,5,1,80.0,1,N,RURAL_VICTORIA,ROAD,12,16.0
154048,8,1,174,2,1,60.0,0,I,MELB_URBAN,DRIVE,12,18.0
154049,1,1,99,5,1,60.0,0,N,MELB_URBAN,ROAD,12,14.0
154050,1,0,121,4,3,80.0,0,N,MELB_URBAN,HIGHWAY,12,22.0
154051,4,1,171,5,5,80.0,0,N,RURAL_VICTORIA,ROAD,12,1.0
154052,1,2,147,5,1,60.0,0,N,MELB_URBAN,ROAD,11,16.0
154053,1,1,160,5,6,70.0,0,N,MELB_URBAN,ROAD,12,23.0
154054,1,1,130,5,1,80.0,0,N,RURAL_VICTORIA,ROAD,12,12.0
154055,4,4,183,5,1,80.0,0,N,MELB_URBAN,HIGHWAY,9,8.0
154056,1,4,130,1,1,80.0,0,I,MELB_URBAN,ROAD,12,10.0
154057,1,5,121,1,1,50.0,0,I,LARGE_PROVINCIAL_CITIES,STREET,12,11.0
154058,1,2,130,5,1,40.0,0,N,MELB_URBAN,STREET,11,8.0
154059,2,7,99,5,1,60.0,0,N,MELB_URBAN,ROAD,12,15.0
154060,4,2,171,5,1,80.0,0,N,MELB_URBAN,RAMP,12,6.0
154061,1,1,120,5,1,70.0,0,N,RURAL_VICTORIA,HIGHWAY,12,13.0
154062,6,1,170,5,1,60.0,0,N,RURAL_VICTORIA,ROAD,12,16.0
154063,1,2,113,2,1,60.0,0,I,MELB_URBAN,ROAD,12,7.0
154064,4,6,181,5,5,100.0,0,N,RURAL_VICTORIA,ROAD,11,23.0
154065,1,6,121,2,1,60.0,0,I,MELB_URBAN,PARADE,12,12.0
154066,1,2,99,5,1,80.0,0,N,RURAL_VICTORIA,ROAD,12,8.0
154067,7,1,99,5,1,60.0,0,N,RURAL_VICTORIA,OTHER,11,11.0
154068,1,2,121,2,1,70.0,0,I,MELB_URBAN,ROAD,12,9.0
154069,2,2,102,2,1,60.0,0,I,MELB_URBAN,PARADE,12,8.0
154070,6,2,184,5,6,60.0,0,N,MELB_URBAN,STREET,12,5.0
154071,6,0,174,2,1,50.0,0,I,TOWNS,DRIVE,12,14.0
154072,1,1,163,5,2,60.0,0,N,MELB_URBAN,ROAD,12,7.0
154073,1,2,140,5,1,60.0,0,N,TOWNS,STREET,12,12.0
154074,4,2,173,5,1,100.0,0,N,RURAL_VICTORIA,ROAD,12,8.0
154075,1,4,99,5,1,100.0,0,N,MELB_URBAN,ROAD,11,6.0
154076,1,7,160,5,1,60.0,0,N,MELB_URBAN,PARADE,12,7.0
154077,1,2,120,5,1,50.0,0,N,MELB_URBAN,AVENUE,12,12.0
154078,1,2,135,5,1,110.0,0,N,TOWNS,FREEWAY,12,13.0
154079,6,3,99,5,1,100.0,0,N,RURAL_VICTORIA,ROAD,11,15.0
154080,1,2,160,5,1,50.0,0,N,MELB_URBAN,ROAD,12,12.0
154081,1,2,110,1,1,60.0,0,I,LARGE_PROVINCIAL_CITIES,STREET,11,12.0
154082,1,1,99,5,1,50.0,0,N,MELB_URBAN,ROAD,12,8.0
154083,1,5,113,2,1,50.0,0,I,TOWNS,STREET,11,14.0
154084,1,1,110,1,1,70.0,0,N,MELB_URBAN,ROAD,12,14.0
154085,6,7,174,1,3,60.0,0,I,MELB_URBAN,ROAD,11,21.0
154086,1,2,140,2,1,60.0,0,I,MELB_URBAN,ROAD,12,11.0
154087,1,2,113,4,1,80.0,0,I,MELB_URBAN,RAMP,12,13.0
154088,4,4,171,5,1,60.0,0,N,TOWNS,HIGHWAY,10,12.0
154089,1,2,116,2,1,70.0,0,I,MELB_URBAN,ROAD,12,13.0
154090,1,2,130,2,9,100.0,0,I,MELB_URBAN,FREEWAY,11,12.0
154091,4,1,173,5,1,80.0,0,N,SMALL_CITIES,ROAD,12,16.0
154092,1,1,130,5,1,40.0,0,N,SMALL_TOWNS,ROAD,12,15.0
154093,1,2,130,5,1,60.0,0,N,SMALL_CITIES,DRIVE,12,15.0
154094,1,2,121,2,1,60.0,0,I,MELB_URBAN,ROAD,12,16.0
154095,1,1,120,5,1,50.0,0,N,SMALL_CITIES,ROAD,12,15.0
154096,1,5,130,5,1,50.0,0,N,MELB_URBAN,ROAD,11,10.0
154097,1,1,130,5,1,60.0,0,N,LARGE_PROVINCIAL_CITIES,ROAD,12,15.0
154098,4,2,181,5,1,50.0,0,N,MELB_URBAN,OTHER,12,18.0
154099,1,1,130,2,1,70.0,0,I,LARGE_PROVINCIAL_CITIES,OTHER,12,14.0
154100,1,1,147,5,1,60.0,0,N,LARGE_PROVINCIAL_CITIES,STREET,12,15.0
154101,1,2,113,2,1,50.0,0,I,MELB_URBAN,DRIVE,12,16.0
154102,4,2,181,5,1,80.0,0,N,RURAL_VICTORIA,ROAD,12,17.0
154103,1,1,130,5,1,80.0,0,N,MELB_URBAN,ROAD,12,17.0
154104,1,2,113,2,1,60.0,0,I,SMALL_CITIES,STREET,12,16.0
154105,1,2,130,5,1,110.0,0,N,RURAL_VICTORIA,FREEWAY,12,19.0
154106,1,2,121,1,3,60.0,0,I,MELB_URBAN,ROAD,12,21.0
154107,1,1,110,1,3,60.0,0,I,MELB_URBAN,ROAD,12,21.0
154108,4,1,173,5,1,100.0,0,N,RURAL_VICTORIA,ROAD,12,16.0
154109,1,7,110,1,1,50.0,0,I,SMALL_CITIES,STREET,11,14.0
154110,2,5,100,2,2,50.0,0,I,MELB_URBAN,STREET,11,7.0
154111,1,2,160,1,3,40.0,0,N,MELB_URBAN,DRIVE,12,23.0
154112,4,2,171,5,5,100.0,0,N,RURAL_VICTORIA,ROAD,12,23.0
154113,1,1,160,5,3,60.0,0,N,MELB_URBAN,OTHER,12,21.0
154114,5,1,99,5,1,30.0,0,N,MELB_URBAN,ROAD,12,16.0
154115,1,1,132,2,1,60.0,0,I,MELB_URBAN,ROAD,12,15.0
154116,1,1,110,1,2,50.0,0,I,MELB_URBAN,ROAD,12,18.0
154117,4,3,181,5,1,100.0,0,N,RURAL_VICTORIA,ROAD,12,7.0
154118,1,6,99,5,1,80.0,0,I,RURAL_VICTORIA,HIGHWAY,11,7.0
154119,4,2,181,5,1,100.0,0,N,RURAL_VICTORIA,ROAD,11,19.0
154120,1,2,99,5,1,50.0,0,I,SMALL_CITIES,STREET,11,13.0
154121,1,4,130,1,1,60.0,0,I,MELB_URBAN,ROAD,11,17.0
154122,1,4,99,1,1,60.0,0,I,MELB_URBAN,ROAD,10,12.0
154123,1,2,130,5,1,60.0,0,N,LARGE_PROVINCIAL_CITIES,STREET,12,8.0
154124,4,3,173,2,1,80.0,0,N,MELB_URBAN,ROAD,12,7.0
154125,1,2,130,2,1,50.0,0,I,MELB_URBAN,ROAD,12,9.0
154126,6,2,174,5,1,80.0,0,N,MELB_URBAN,ROAD,12,7.0
154127,1,3,121,2,1,80.0,0,I,MELB_URBAN,ROAD,12,10.0
154128,4,7,173,5,1,80.0,0,N,RURAL_VICTORIA,ROAD,10,14.0
154129,1,3,130,5,1,100.0,0,N,RURAL_VICTORIA,ROAD,12,7.0
154130,1,4,99,2,1,60.0,0,I,MELB_URBAN,ROAD,11,17.0
154131,7,5,99,5,9,60.0,0,N,MELB_URBAN,ROAD,3,17.0
154132,1,2,160,5,1,60.0,0,N,MELB_URBAN,UNKNOWN,12,12.0
154133,1,3,99,5,2,40.0,0,N,MELBOURNE_CBD,STREET,12,5.0
154134,1,3,110,1,1,60.0,0,I,RURAL_VICTORIA,ROAD,12,11.0
154135,1,4,121,2,1,40.0,0,I,MELB_URBAN,STREET,12,14.0
154136,8,7,174,1,3,40.0,0,I,SMALL_CITIES,STREET,12,2.0
154137,1,2,110,1,1,60.0,0,I,RURAL_VICTORIA,DRIVE,12,12.0
154138,1,2,130,4,1,80.0,0,N,MELB_URBAN,ROAD,12,8.0
154139,1,2,113,2,1,40.0,0,I,MELB_URBAN,ROAD,12,17.0
154140,1,3,113,2,1,60.0,0,I,LARGE_PROVINCIAL_CITIES,OTHER,12,13.0
154141,1,3,110,1,1,60.0,0,I,TOWNS,STREET,12,14.0
154142,1,2,110,1,1,50.0,0,I,MELB_URBAN,AVENUE,12,11.0
154143,1,2,132,1,1,40.0,0,N,LARGE_PROVINCIAL_CITIES,STREET,10,12.0
154144,1,3,130,5,1,60.0,0,N,UNKNOWN,ROAD,12,13.0
154145,8,3,99,5,1,100.0,0,N,RURAL_VICTORIA,HIGHWAY,12,15.0
154146,1,2,121,1,1,60.0,0,I,MELB_URBAN,ROAD,12,17.0
154147,1,5,130,5,3,80.0,0,N,MELB_URBAN,RAMP,12,22.0
154148,1,3,130,1,1,60.0,0,I,MELB_URBAN,ROAD,12,18.0
154149,1,2,111,2,1,60.0,0,N,RURAL_VICTORIA,BOULEVARD,12,15.0
154150,1,3,130,2,1,60.0,0,I,MELB_URBAN,ROAD,12,17.0
154151,1,7,130,5,1,60.0,0,N,MELB_URBAN,PARADE,12,17.0
154152,1,1,130,2,1,60.0,0,I,RURAL_VICTORIA,ROAD,11,17.0
154153,1,2,121,1,1,60.0,0,I,LARGE_PROVINCIAL_CITIES,ROAD,12,16.0
154154,1,2,140,5,1,60.0,0,N,MELB_URBAN,STREET,12,17.0
154155,4,3,171,5,1,100.0,0,N,RURAL_VICTORIA,ROAD,12,14.0
154156,4,3,99,5,3,40.0,0,I,LARGE_PROVINCIAL_CITIES,BOULEVARD,12,23.0
154157,4,3,183,5,5,60.0,0,N,RURAL_VICTORIA,ROAD,12,23.0
154158,1,6,130,1,1,80.0,0,N,MELB_URBAN,ROAD,9,9.0
154159,1,3,99,5,3,60.0,0,N,SMALL_CITIES,ROAD,12,22.0
154160,1,3,130,5,1,80.0,0,N,MELB_URBAN,RAMP,11,15.0
154161,1,2,130,1,1,60.0,0,I,SMALL_CITIES,ROAD,12,18.0
154162,1,5,99,5,1,50.0,0,N,LARGE_PROVINCIAL_CITIES,DRIVE,11,17.0
154163,8,7,170,5,1,80.0,0,N,RURAL_VICTORIA,ROAD,12,18.0
154164,1,4,130,5,1,80.0,0,N,MELB_URBAN,ROAD,12,7.0
154165,1,3,121,5,1,60.0,0,N,MELB_URBAN,ROAD,12,8.0
154166,1,1,130,5,1,60.0,0,N,RURAL_VICTORIA,RAMP,12,8.0
154167,1,4,130,5,1,70.0,0,N,MELB_URBAN,ROAD,11,9.0
154168,1,4,99,5,1,60.0,0,N,MELB_URBAN,STREET,12,11.0
154169,4,3,173,1,1,60.0,0,I,MELB_URBAN,FREEWAY,12,11.0
154170,1,4,130,1,1,70.0,0,N,MELB_URBAN,PARADE,11,14.0
154171,1,3,110,1,1,60.0,0,I,MELB_URBAN,ROAD,12,10.0
154172,1,3,130,5,1,80.0,0,N,MELB_URBAN,OTHER,11,16.0
154173,1,4,130,5,1,80.0,0,N,UNKNOWN,UNKNOWN,12,7.0
154174,1,3,110,1,1,70.0,0,I,RURAL_VICTORIA,HIGHWAY,12,13.0
154175,7,0,99,5,9,40.0,0,N,MELB_URBAN,STREET,8,18.0
154176,1,4,116,4,1,60.0,0,I,MELB_URBAN,HIGHWAY,12,12.0
154177,1,4,120,5,1,60.0,0,N,MELB_URBAN,ROAD,12,10.0
154178,1,3,110,1,1,80.0,0,I,MELB_URBAN,ROAD,12,11.0
154179,1,6,135,5,1,80.0,0,N,MELB_URBAN,ROAD,11,17.0
154180,1,4,110,1,1,50.0,0,I,TOWNS,STREET,12,7.0
154181,4,4,171,5,1,50.0,0,N,MELB_URBAN,ROAD,12,7.0
154182,4,7,99,5,1,60.0,0,N,UNKNOWN,OTHER,12,10.0
154183,1,4,135,5,1,80.0,0,N,MELB_URBAN,UNKNOWN,12,13.0
154184,1,6,110,1,3,60.0,0,I,MELB_URBAN,STREET,12,21.0
154185,1,4,120,5,1,80.0,0,N,RURAL_VICTORIA,ROAD,12,9.0
154186,4,3,99,5,1,60.0,0,N,MELB_URBAN,ROAD,12,14.0
154187,1,4,110,1,1,100.0,1,I,RURAL_VICTORIA,ROAD,12,11.0
154188,1,4,121,5,1,80.0,0,N,MELB_URBAN,ROAD,12,15.0
154189,8,4,174,5,1,100.0,0,N,RURAL_VICTORIA,HIGHWAY,12,16.0
154190,1,4,130,5,1,60.0,0,N,MELB_URBAN,ROAD,12,6.0
154191,1,4,140,5,5,60.0,0,N,SMALL_CITIES,ROAD,12,17.0
154192,1,4,121,2,1,60.0,0,I,MELB_URBAN,PARADE,12,16.0
154193,2,3,99,5,1,50.0,0,N,MELB_URBAN,ROAD,12,16.0
154194,1,3,121,1,1,60.0,0,I,MELB_URBAN,ROAD,12,17.0
154195,5,2,99,1,2,40.0,0,I,LARGE_PROVINCIAL_CITIES,ROAD,11,20.0
154196,1,3,130,5,1,100.0,0,N,MELB_URBAN,ROAD,12,18.0
154197,1,3,133,5,5,80.0,0,N,MELB_URBAN,ROAD,12,22.0
154198,1,4,99,2,2,50.0,0,I,MELB_URBAN,STREET,12,19.0
154199,7,3,99,5,1,60.0,0,N,RURAL_VICTORIA,ROAD,12,13.0
154200,1,4,99,1,1,80.0,0,N,MELB_URBAN,HIGHWAY,12,14.0
154201,2,4,99,5,1,80.0,0,N,MELB_URBAN,HIGHWAY,12,17.0
154202,1,3,135,5,1,100.0,0,N,MELB_URBAN,FREEWAY,11,16.0
154203,1,4,110,1,1,100.0,0,I,RURAL_VICTORIA,ROAD,12,17.0
154204,1,3,140,5,1,60.0,0,N,MELB_URBAN,ROAD,12,18.0
154205,1,4,113,2,1,80.0,0,I,MELB_URBAN,HIGHWAY,12,18.0
154206,1,4,132,2,1,50.0,0,I,MELB_URBAN,STREET,12,15.0
154207,1,4,130,5,1,100.0,0,N,MELB_URBAN,FREEWAY,12,17.0
154208,1,4,121,2,1,100.0,0,N,RURAL_VICTORIA,HIGHWAY,12,18.0
154209,1,7,99,2,1,70.0,0,I,MELB_URBAN,ROAD,11,17.0
154210,4,3,171,5,5,110.0,0,N,RURAL_VICTORIA,RAMP,12,0.0
154211,1,4,160,5,3,60.0,0,N,SMALL_CITIES,ROAD,12,22.0
154212,1,4,130,1,6,60.0,0,I,MELB_URBAN,PARADE,11,23.0
154213,1,5,113,2,3,50.0,0,I,MELB_URBAN,ROAD,12,0.0
154214,1,5,99,5,3,60.0,0,N,MELB_URBAN,ROAD,12,4.0
154215,8,5,174,2,2,50.0,0,I,TOWNS,STREET,12,5.0
154216,1,2,130,1,1,60.0,0,N,MELB_URBAN,ROAD,12,16.0
154217,4,5,171,2,1,60.0,0,N,MELB_URBAN,ROAD,11,17.0
154218,1,2,121,2,1,60.0,0,I,MELB_URBAN,ROAD,12,18.0
154219,2,3,102,2,1,50.0,0,I,MELB_URBAN,ROAD,12,14.0
154220,6,5,170,5,2,100.0,0,N,RURAL_VICTORIA,ROAD,12,6.0
154221,4,4,173,2,1,60.0,0,I,SMALL_CITIES,ROAD,12,8.0
154222,1,3,113,2,1,80.0,0,I,MELB_URBAN,ROAD,12,12.0
154223,1,5,121,1,1,60.0,0,N,MELB_URBAN,ROAD,12,9.0
154224,1,4,130,2,1,80.0,0,I,RURAL_VICTORIA,ROAD,11,15.0
154225,1,0,130,5,1,100.0,0,N,MELB_URBAN,ROAD,12,15.0
154226,1,5,113,2,1,60.0,0,I,SMALL_CITIES,STREET,12,12.0
154227,1,5,121,1,1,70.0,0,I,MELB_URBAN,ROAD,12,10.0
154228,1,4,130,2,1,80.0,0,I,RURAL_VICTORIA,ROAD,12,6.0
154229,1,3,130,5,3,60.0,0,N,MELB_URBAN,AVENUE,11,21.0
154230,1,1,134,5,1,80.0,0,N,RURAL_VICTORIA,HIGHWAY,11,10.0
154231,4,3,183,5,1,100.0,0,N,RURAL_VICTORIA,HIGHWAY,12,15.0
154232,1,4,130,4,1,60.0,0,I,MELB_URBAN,STREET,12,16.0
154233,1,5,130,5,1,60.0,0,N,MELB_URBAN,ROAD,12,13.0
154234,1,5,121,5,1,70.0,0,I,MELB_URBAN,ROAD,12,14.0
154235,2,5,100,2,1,40.0,0,I,MELB_URBAN,ROAD,12,15.0
154236,1,5,147,5,1,50.0,0,N,MELB_URBAN,AVENUE,12,15.0
154237,1,6,132,2,1,60.0,0,I,MELB_URBAN,STREET,10,15.0
154238,1,5,147,5,1,40.0,0,N,MELB_URBAN,ROAD,12,16.0
154239,1,2,130,2,9,60.0,0,I,MELB_URBAN,ROAD,11,21.0
154240,1,5,130,5,1,80.0,0,N,MELB_URBAN,ROAD,12,15.0
154241,1,5,120,5,1,60.0,0,N,MELB_URBAN,ROAD,12,17.0
154242,1,2,121,5,9,60.0,0,N,MELB_URBAN,STREET,6,16.0
154243,4,4,173,5,3,70.0,0,N,RURAL_VICTORIA,HIGHWAY,11,5.0
154244,1,5,120,5,1,60.0,0,N,RURAL_VICTORIA,ROAD,12,16.0
154245,1,7,113,2,1,60.0,0,N,MELB_URBAN,ROAD,11,16.0
154246,1,5,113,2,1,60.0,0,I,UNKNOWN,ROAD,12,16.0
154247,2,4,100,2,1,60.0,0,I,MELB_URBAN,ROAD,12,18.0
154248,1,5,135,5,1,80.0,0,N,MELB_URBAN,FREEWAY,12,14.0
154249,4,5,171,5,1,100.0,0,N,RURAL_VICTORIA,ROAD,12,17.0
154250,6,5,99,5,9,50.0,0,N,MELB_URBAN,DRIVE,11,18.0
154251,1,5,130,1,1,70.0,0,I,MELB_URBAN,ROAD,12,16.0
154252,4,4,183,5,1,100.0,0,N,RURAL_VICTORIA,ROAD,12,17.0
154253,1,4,99,2,1,60.0,0,N,MELB_URBAN,DRIVE,12,19.0
154254,1,1,116,2,1,60.0,0,I,RURAL_VICTORIA,OTHER,12,9.0
154255,2,4,100,1,1,60.0,0,I,MELB_URBAN,ROAD,12,19.0
154256,1,4,121,1,3,60.0,0,I,SMALL_CITIES,STREET,12,20.0
154257,1,5,99,4,3,80.0,0,N,MELB_URBAN,DRIVE,12,22.0
154258,1,5,110,1,3,80.0,0,I,MELB_URBAN,ROAD,12,21.0
154259,1,5,99,5,2,40.0,0,N,MELB_URBAN,STREET,12,5.0
154260,1,2,121,1,1,60.0,0,I,MELB_URBAN,ROAD,11,11.0
154261,1,6,160,5,1,60.0,0,N,LARGE_PROVINCIAL_CITIES,STREET,11,13.0
154262,1,5,140,5,1,100.0,0,N,RURAL_VICTORIA,HIGHWAY,12,10.0
154263,1,1,130,5,1,100.0,0,N,RURAL_VICTORIA,HIGHWAY,12,17.0
154264,4,5,173,5,5,60.0,0,N,LARGE_PROVINCIAL_CITIES,STREET,12,4.0
154265,1,6,135,5,1,80.0,0,N,MELB_URBAN,HIGHWAY,11,12.0
154266,1,2,163,5,1,40.0,0,N,MELB_URBAN,AVENUE,12,11.0
154267,8,6,184,5,1,40.0,0,N,MELB_URBAN,STREET,12,7.0
154268,6,5,174,1,1,80.0,0,I,SMALL_TOWNS,ROAD,12,8.0
154269,1,5,113,2,1,60.0,0,I,SMALL_CITIES,STREET,12,7.0
154270,4,6,183,5,1,60.0,0,N,SMALL_CITIES,RAMP,12,7.0
154271,1,5,121,1,1,80.0,0,N,MELB_URBAN,DRIVE,12,12.0
154272,8,5,99,5,5,100.0,0,N,RURAL_VICTORIA,ROAD,12,22.0
154273,1,1,121,2,2,80.0,0,N,MELB_URBAN,ROAD,11,5.0
154274,1,3,111,1,1,40.0,0,I,MELB_URBAN,STREET,12,16.0
154275,7,2,99,1,1,50.0,0,I,SMALL_CITIES,STREET,12,18.0
154276,1,5,130,5,1,60.0,0,N,MELB_URBAN,ROAD,12,11.0
154277,2,5,100,1,1,50.0,0,I,SMALL_TOWNS,STREET,12,11.0
154278,1,6,135,5,1,80.0,0,N,MELB_URBAN,FREEWAY,12,10.0
154279,1,4,99,5,9,50.0,0,N,MELB_URBAN,DRIVE,12,20.0
154280,6,4,99,5,1,100.0,0,N,RURAL_VICTORIA,ROAD,12,16.0
154281,1,6,130,5,1,60.0,0,N,RURAL_VICTORIA,ROAD,12,16.0
154282,1,6,130,2,1,100.0,0,N,MELB_URBAN,RAMP,12,11.0
154283,4,6,171,5,1,50.0,0,N,RURAL_VICTORIA,ROAD,12,9.0
154284,4,7,171,5,1,80.0,0,N,RURAL_VICTORIA,ROAD,12,13.0
154285,1,6,140,2,1,60.0,0,I,MELB_URBAN,ROAD,12,6.0
154286,2,5,102,2,1,40.0,0,I,MELB_URBAN,ROAD,12,14.0
154287,5,6,99,5,1,100.0,0,N,RURAL_VICTORIA,HIGHWAY,12,12.0
154288,7,6,99,5,2,50.0,0,N,MELB_URBAN,OTHER,12,19.0
154289,1,2,130,2,1,70.0,0,N,MELB_URBAN,ROAD,11,17.0
154290,1,5,140,5,1,70.0,0,N,MELB_URBAN,ROAD,12,15.0
154291,2,5,100,5,1,40.0,0,N,MELB_URBAN,STREET,12,16.0
154292,1,6,99,2,1,60.0,0,I,MELB_URBAN,ROAD,12,16.0
154293,1,5,132,2,1,60.0,0,I,MELB_URBAN,ROAD,12,13.0
154294,1,5,121,2,1,40.0,0,I,MELB_URBAN,ROAD,12,18.0
154295,1,6,99,2,1,50.0,0,I,MELB_URBAN,AVENUE,12,15.0
154296,4,6,171,5,2,100.0,0,N,RURAL_VICTORIA,ROAD,9,17.0
154297,1,5,130,1,2,70.0,0,I,UNKNOWN,ROAD,10,6.0
154298,1,5,121,2,1,60.0,0,I,MELB_URBAN,ROAD,12,16.0
154299,1,6,99,2,1,60.0,0,I,MELB_URBAN,ROAD,12,14.0
154300,1,6,99,1,3,60.0,0,I,MELB_URBAN,ROAD,12,20.0
154301,8,6,174,5,3,40.0,0,N,MELB_URBAN,STREET,12,20.0
154302,4,6,173,5,1,100.0,0,N,TOWNS,ROAD,12,19.0
154303,1,5,134,5,1,80.0,0,N,MELB_URBAN,HIGHWAY,11,16.0
154304,2,7,102,5,3,80.0,0,N,MELB_URBAN,HIGHWAY,12,1.0
154305,1,7,99,5,5,50.0,0,N,MELB_URBAN,STREET,12,2.0
154306,1,1,130,5,1,60.0,0,N,MELB_URBAN,STREET,11,15.0
154307,1,4,140,5,1,60.0,0,N,MELB_URBAN,ROAD,11,17.0
154308,1,4,147,5,1,50.0,0,N,MELB_URBAN,OTHER,11,11.0
154309,1,7,113,1,1,60.0,0,I,SMALL_CITIES,ROAD,12,8.0
154310,1,7,110,1,1,70.0,0,N,MELB_URBAN,ROAD,12,9.0
154311,1,7,113,2,1,80.0,0,I,MELB_URBAN,HIGHWAY,12,6.0
154312,4,2,173,5,9,60.0,0,N,MELB_URBAN,ROAD,11,23.0
154313,1,7,121,1,1,60.0,0,I,MELB_URBAN,STREET,12,8.0
154314,1,7,120,5,1,80.0,0,N,RURAL_VICTORIA,ROAD,12,7.0
154315,1,7,113,2,1,60.0,0,I,MELB_URBAN,ROAD,12,7.0
154316,1,5,130,4,1,60.0,0,I,MELB_URBAN,STREET,12,6.0
154317,1,5,135,5,1,60.0,0,N,MELB_URBAN,STREET,12,17.0
154318,1,3,130,2,1,60.0,0,N,LARGE_PROVINCIAL_CITIES,STREET,11,15.0
154319,1,4,147,5,1,80.0,0,N,RURAL_VICTORIA,ROAD,12,8.0
154320,1,7,113,2,1,60.0,0,N,TOWNS,AVENUE,12,11.0
154321,4,4,173,5,1,70.0,0,N,MELB_URBAN,ROAD,12,8.0
154322,1,7,160,5,1,60.0,0,N,SMALL_CITIES,STREET,12,11.0
154323,1,6,147,5,1,60.0,0,N,MELB_URBAN,ROAD,12,14.0
154324,1,7,140,1,1,60.0,0,I,MELB_URBAN,STREET,12,10.0
154325,1,7,160,5,1,50.0,0,N,MELB_URBAN,ROAD,12,12.0
154326,1,7,130,5,1,60.0,0,N,MELB_URBAN,AVENUE,12,12.0
154327,3,7,167,5,1,100.0,1,N,RURAL_VICTORIA,ROAD,12,6.0
154328,1,7,134,5,1,60.0,0,N,MELB_URBAN,ROAD,12,12.0
154329,4,7,171,5,1,60.0,0,N,MELB_URBAN,ROAD,12,14.0
154330,1,7,130,1,3,40.0,0,I,MELB_URBAN,ROAD,12,23.0
154331,1,4,130,2,1,60.0,0,N,MELB_URBAN,ROAD,12,13.0
154332,8,1,170,5,3,70.0,0,N,MELB_URBAN,STREET,12,3.0
154333,1,2,121,2,1,60.0,0,I,MELB_URBAN,ROAD,11,14.0
154334,4,7,171,2,1,80.0,0,I,SMALL_CITIES,ROAD,12,16.0
154335,4,7,171,2,1,50.0,0,I,SMALL_CITIES,OTHER,12,17.0
154336,4,7,99,2,1,50.0,0,I,SMALL_CITIES,STREET,12,15.0
154337,1,2,130,5,9,60.0,0,N,MELB_URBAN,ROAD,11,18.0
154338,8,6,184,5,1,60.0,0,N,RURAL_VICTORIA,ROAD,12,18.0
154339,1,6,130,5,1,80.0,0,N,MELB_URBAN,ROAD,12,9.0
154340,1,7,130,2,1,60.0,0,I,MELB_URBAN,ROAD,12,16.0
154341,1,7,130,5,1,60.0,0,N,MELB_URBAN,ROAD,12,16.0
154342,2,5,100,5,1,60.0,0,N,MELB_URBAN,ROAD,12,14.0
154343,1,7,99,1,1,60.0,0,I,MELB_URBAN,ROAD,12,19.0
154344,1,7,120,2,1,50.0,0,I,MELB_URBAN,STREET,12,17.0
154345,1,4,130,2,1,60.0,0,N,MELB_URBAN,ROAD,11,19.0
154346,4,7,183,5,1,100.0,0,N,RURAL_VICTORIA,ROAD,12,15.0
154347,4,6,99,2,3,60.0,0,I,MELB_URBAN,AVENUE,12,23.0
154348,1,1,120,5,3,80.0,0,N,MELB_URBAN,ROAD,12,0.0
154349,1,5,133,5,1,60.0,0,N,UNKNOWN,ROAD,11,14.0
154350,1,1,99,5,3,50.0,0,I,MELB_URBAN,OTHER,12,1.0
154351,2,1,102,1,3,50.0,0,I,MELB_URBAN,AVENUE,12,2.0
154352,1,7,160,5,3,60.0,0,N,MELB_URBAN,ROAD,12,23.0
154353,6,1,184,5,5,80.0,0,N,SMALL_CITIES,ROAD,12,1.0
154354,1,1,160,5,3,60.0,0,N,MELB_URBAN,STREET,12,1.0
154355,8,1,174,5,3,40.0,0,N,MELBOURNE_CBD,STREET,12,1.0
154356,1,7,130,5,9,100.0,0,N,MELB_URBAN,RAMP,12,0.0
154357,4,0,171,5,5,80.0,0,N,RURAL_VICTORIA,ROAD,12,1.0
154358,3,6,167,5,5,100.0,0,N,RURAL_VICTORIA,ROAD,12,21.0
154359,1,0,121,2,1,40.0,0,I,MELB_URBAN,ROAD,12,9.0