,accident_type,day_of_week,dca_code,road_geometry,light_condition,speed_zone,severity,node_type,deg_urban_name,road_type,month,hour
154360,4,1,173,5,9,100.0,1,N,RURAL_VICTORIA,ROAD,12,7.0
154361,2,0,102,5,1,60.0,0,N,MELB_URBAN,OTHER,12,11.0
154362,1,1,121,2,1,60.0,0,I,TOWNS,HIGHWAY,12,10.0
154363,8,0,174,5,1,100.0,0,N,RURAL_VICTORIA,ROAD,12,9.0
154364,1,0,130,5,1,50.0,0,N,MELB_URBAN,STREET,12,13.0
154365,1,1,110,1,1,100.0,0,I,RURAL_VICTORIA,ROAD,12,10.0
154366,1,3,130,5,1,100.0,0,N,MELB_URBAN,RAMP,12,8.0
154367,1,1,113,1,1,100.0,0,I,RURAL_VICTORIA,HIGHWAY,12,12.0
154368,6,1,174,5,1,100.0,0,N,RURAL_VICTORIA,ROAD,12,11.0
154369,5,1,99,5,1,60.0,0,N,RURAL_VICTORIA,ROAD,12,12.0
154370,4,1,183,5,1,60.0,0,N,LARGE_PROVINCIAL_CITIES,ROAD,12,7.0
154371,1,1,99,1,1,60.0,0,I,MELB_URBAN,STREET,12,12.0
154372,1,1,134,2,1,80.0,0,I,MELB_URBAN,ROAD,12,12.0
154373,1,0,116,1,1,60.0,0,I,MELB_URBAN,STREET,12,12.0
154374,1,2,130,1,1,80.0,0,I,MELB_URBAN,HIGHWAY,12,10.0
154375,1,2,113,2,1,60.0,0,N,MELB_URBAN,ROAD,11,14.0
154376,4,1,183,5,1,80.0,0,N,RURAL_VICTORIA,ROAD,12,12.0
154377,4,1,99,2,1,60.0,0,I,LARGE_PROVINCIAL_CITIES,AVENUE,12,15.0
154378,4,0,173,5,1,110.0,0,N,SMALL_CITIES,FREEWAY,12,14.0
154379,8,1,174,1,1,50.0,0,I,TOWNS,STREET,12,13.0
154380,1,1,130,5,1,60.0,0,N,MELB_URBAN,STREET,12,10.0
154381,8,1,174,2,2,80.0,0,I,MELB_URBAN,HIGHWAY,12,16.0
154382,4,1,173,5,1,60.0,0,N,MELB_URBAN,ROAD,12,15.0
154383,1,0,135,5,1,100.0,0,I,MELB_URBAN,UNKNOWN,12,14.0
154384,1,0,130,1,1,80.0,0,N,MELB_URBAN,ROAD,12,18.0
154385,1,0,121,2,3,60.0,0,I,MELB_URBAN,STREET,12,21.0
154386,4,1,173,1,3,80.0,0,N,RURAL_VICTORIA,ROAD,12,22.0
154387,1,1,147,5,3,80.0,0,N,MELB_URBAN,ROAD,12,22.0
154388,1,5,121,2,1,40.0,0,I,MELB_URBAN,ROAD,12,16.0
154389,4,0,173,5,5,100.0,0,N,UNKNOWN,ROAD,12,23.0
154390,4,1,171,5,3,70.0,0,N,MELB_URBAN,ROAD,12,0.0
154391,1,2,111,1,2,70.0,0,N,MELB_URBAN,DRIVE,12,5.0
154392,1,1,130,1,2,40.0,0,N,TOWNS,FREEWAY,12,5.0
154393,1,2,121,2,1,40.0,0,N,MELB_URBAN,STREET,12,7.0
154394,6,7,174,5,3,60.0,0,N,MELB_URBAN,STREET,10,2.0
154395,1,7,121,2,1,50.0,0,I,MELB_URBAN,STREET,11,9.0
154396,1,2,121,5,1,70.0,0,N,MELB_URBAN,DRIVE,12,8.0
154397,4,2,171,5,1,80.0,0,N,SMALL_TOWNS,ROAD,12,8.0
154398,1,1,121,2,1,60.0,0,I,SMALL_CITIES,DRIVE,12,9.0
154399,4,2,181,5,1,50.0,0,N,MELB_URBAN,DRIVE,12,8.0
154400,4,4,171,5,1,110.0,0,N,MELB_URBAN,FREEWAY,12,10.0
154401,4,1,171,5,1,80.0,0,N,RURAL_VICTORIA,ROAD,12,8.0
154402,1,6,99,5,1,40.0,0,N,MELB_URBAN,ROAD,12,12.0
154403,1,2,121,1,1,60.0,0,N,MELB_URBAN,STREET,12,11.0
154404,1,3,130,5,2,60.0,0,N,MELB_URBAN,HIGHWAY,12,19.0
154405,5,6,99,5,9,60.0,0,N,RURAL_VICTORIA,FREEWAY,10,17.0
154406,6,2,99,5,1,100.0,0,N,RURAL_VICTORIA,HIGHWAY,12,11.0
154407,2,1,99,5,1,60.0,0,N,MELB_URBAN,STREET,12,12.0
154408,1,3,130,5,1,50.0,0,N,MELB_URBAN,ROAD,12,15.0
154409,1,2,110,1,1,50.0,0,I,TOWNS,STREET,12,10.0
154410,1,1,113,2,1,60.0,0,I,MELB_URBAN,ROAD,12,16.0
154411,8,6,174,5,1,60.0,0,N,RURAL_VICTORIA,OTHER,12,11.0
154412,2,1,99,5,1,50.0,0,N,MELB_URBAN,STREET,12,15.0
154413,1,7,113,2,1,60.0,0,I,MELB_URBAN,ROAD,12,10.0
154414,4,1,171,5,1,80.0,0,N,RURAL_VICTORIA,OTHER,12,15.0
154415,1,4,110,1,2,60.0,0,I,MELB_URBAN,AVENUE,11,19.0
154416,6,6,174,5,9,50.0,0,N,MELB_URBAN,DRIVE,12,4.0
154417,1,1,130,5,1,40.0,0,N,RURAL_VICTORIA,ROAD,12,11.0
154418,1,6,130,5,1,80.0,0,N,MELB_URBAN,HIGHWAY,10,16.0
154419,1,7,130,2,1,50.0,0,N,RURAL_VICTORIA,STREET,12,14.0
154420,1,1,130,5,1,60.0,0,N,MELB_URBAN,ROAD,12,15.0
154421,1,1,121,2,1,60.0,0,I,MELB_URBAN,STREET,12,15.0
154422,1,1,99,1,1,60.0,0,I,MELB_URBAN,PARADE,12,15.0
154423,1,2,140,5,1,80.0,0,N,RURAL_VICTORIA,HIGHWAY,12,16.0
154424,1,5,121,1,3,60.0,0,I,MELB_URBAN,ROAD,11,20.0
154425,4,2,171,5,1,50.0,0,N,TOWNS,ROAD,12,14.0
154426,1,4,130,2,2,60.0,0,N,MELB_URBAN,ROAD,12,20.0
154427,1,1,147,5,1,60.0,0,N,TOWNS,STREET,10,12.0
154428,1,4,134,5,1,80.0,0,N,MELB_URBAN,HIGHWAY,11,14.0
154429,1,2,130,5,1,100.0,0,N,MELB_URBAN,ROAD,12,16.0
154430,1,2,130,5,1,40.0,0,N,SMALL_CITIES,STREET,12,8.0
154431,1,6,111,1,3,40.0,0,I,LARGE_PROVINCIAL_CITIES,ROAD,9,22.0
154432,1,3,111,1,1,60.0,0,N,MELB_URBAN,STREET,12,8.0
154433,1,7,130,5,1,80.0,0,N,MELB_URBAN,FREEWAY,12,10.0
154434,1,4,130,1,9,60.0,0,I,MELB_URBAN,BOULEVARD,12,7.0
154435,1,2,121,1,1,50.0,0,I,MELB_URBAN,STREET,12,9.0
154436,1,3,120,5,1,40.0,0,N,RURAL_VICTORIA,ROAD,12,17.0
154437,1,7,121,2,1,60.0,0,I,MELB_URBAN,ROAD,11,17.0
154438,2,1,100,5,3,70.0,0,N,MELB_URBAN,ROAD,12,21.0
154439,1,1,130,5,3,60.0,0,N,MELB_URBAN,ROAD,12,21.0
154440,1,5,130,1,6,70.0,0,N,MELB_URBAN,ROAD,12,23.0
154441,1,2,130,1,6,80.0,0,I,MELB_URBAN,HIGHWAY,10,20.0
154442,1,2,121,2,1,60.0,0,I,MELB_URBAN,ROAD,12,17.0
154443,1,6,130,5,1,60.0,0,N,MELB_URBAN,FREEWAY,12,15.0
154444,6,3,174,1,1,60.0,0,I,MELB_URBAN,STREET,12,13.0
154445,1,2,121,1,1,60.0,0,I,MELB_URBAN,ROAD,12,8.0
154446,1,2,130,5,1,70.0,0,N,MELB_URBAN,ROAD,12,15.0
154447,2,3,102,1,1,50.0,0,N,RURAL_VICTORIA,ROAD,12,8.0
154448,1,2,130,5,1,60.0,0,N,MELB_URBAN,ROAD,12,14.0
154449,1,2,110,1,1,40.0,0,I,MELB_URBAN,ROAD,12,12.0
154450,1,5,130,5,9,60.0,0,N,MELB_URBAN,OTHER,12,16.0
154451,1,1,132,5,1,60.0,0,N,MELB_URBAN,UNKNOWN,12,14.0
154452,4,2,99,2,2,80.0,0,I,MELB_URBAN,ROAD,12,19.0
154453,1,3,99,5,1,80.0,0,N,LARGE_PROVINCIAL_CITIES,ROAD,12,14.0
154454,1,2,140,2,1,60.0,0,N,MELB_URBAN,ROAD,12,13.0
154455,1,2,130,5,1,80.0,0,N,MELB_URBAN,HIGHWAY,12,14.0
154456,1,3,121,2,1,80.0,0,I,MELB_URBAN,ROAD,12,15.0
154457,2,6,99,2,2,60.0,0,N,MELB_URBAN,ROAD,11,20.0
154458,1,2,130,5,1,80.0,0,N,MELB_URBAN,RAMP,12,16.0
154459,6,1,99,5,1,60.0,0,N,RURAL_VICTORIA,ROAD,11,14.0
154460,1,2,110,1,1,60.0,0,I,SMALL_CITIES,STREET,12,17.0
154461,5,1,99,5,1,60.0,0,N,RURAL_VICTORIA,OTHER,11,10.0
154462,1,3,99,2,1,40.0,0,I,MELB_URBAN,STREET,12,15.0
154463,2,1,100,1,1,40.0,0,I,MELBOURNE_CBD,STREET,12,20.0
154464,4,3,173,1,1,80.0,0,N,MELB_URBAN,DRIVE,12,15.0
154465,1,2,130,1,1,80.0,0,I,MELB_URBAN,ROAD,12,14.0
154466,1,3,134,5,1,100.0,0,N,MELB_URBAN,FREEWAY,12,15.0
154467,1,3,121,1,1,80.0,0,I,MELB_URBAN,RAMP,12,16.0
154468,1,3,130,1,1,40.0,0,I,MELB_URBAN,ROAD,12,17.0
154469,1,3,163,5,1,60.0,0,N,MELB_URBAN,ROAD,12,17.0
154470,1,2,130,5,1,50.0,0,N,MELB_URBAN,STREET,12,14.0
154471,1,3,113,2,1,50.0,0,I,MELB_URBAN,STREET,12,14.0
154472,4,5,173,5,1,50.0,0,N,MELB_URBAN,STREET,12,9.0
154473,2,2,100,2,1,60.0,0,I,MELB_URBAN,ROAD,12,18.0
154474,1,2,121,1,2,60.0,0,I,RURAL_VICTORIA,STREET,12,20.0
154475,7,5,99,5,1,50.0,0,N,MELB_URBAN,ROAD,12,19.0
154476,2,2,100,1,1,60.0,0,I,MELB_URBAN,ROAD,12,15.0
154477,4,2,99,5,1,60.0,0,N,RURAL_VICTORIA,ROAD,12,15.0
154478,6,3,174,5,5,80.0,0,N,RURAL_VICTORIA,ROAD,12,21.0
154479,2,3,102,5,1,70.0,0,N,MELB_URBAN,ROAD,12,19.0
154480,1,3,121,1,6,60.0,0,I,LARGE_PROVINCIAL_CITIES,STREET,12,21.0
154481,2,1,102,5,1,40.0,0,N,MELB_URBAN,STREET,12,13.0
154482,1,3,120,5,3,60.0,0,N,MELB_URBAN,ROAD,12,4.0
154483,1,7,140,5,6,60.0,0,N,RURAL_VICTORIA,ROAD,12,0.0
154484,2,3,99,5,1,40.0,0,N,MELB_URBAN,ROAD,12,8.0
154485,2,2,99,5,1,60.0,0,N,LARGE_PROVINCIAL_CITIES,STREET,12,15.0
154486,1,2,130,5,1,60.0,0,N,LARGE_PROVINCIAL_CITIES,DRIVE,12,17.0
154487,4,4,181,5,1,100.0,0,N,RURAL_VICTORIA,ROAD,12,8.0
154488,7,6,99,5,1,60.0,0,N,MELB_URBAN,ROAD,12,15.0
154489,1,1,130,5,1,60.0,0,N,LARGE_PROVINCIAL_CITIES,ROAD,12,13.0
154490,4,2,171,5,1,100.0,0,N,RURAL_VICTORIA,ROAD,12,15.0
154491,1,4,113,1,2,100.0,0,I,RURAL_VICTORIA,ROAD,12,6.0
154492,1,4,130,5,2,80.0,0,N,UNKNOWN,BOULEVARD,9,22.0
154493,1,4,113,2,1,60.0,0,I,MELB_URBAN,ROAD,12,9.0
154494,4,4,171,5,1,60.0,0,N,MELB_URBAN,AVENUE,12,10.0
154495,1,4,99,1,1,40.0,0,I,MELBOURNE_CBD,STREET,12,11.0
154496,8,1,99,5,1,100.0,0,N,RURAL_VICTORIA,ROAD,12,13.0
154497,1,6,130,5,2,60.0,0,N,MELB_URBAN,ROAD,12,7.0
154498,1,5,130,5,1,80.0,0,N,RURAL_VICTORIA,HIGHWAY,11,12.0
154499,2,3,99,5,1,50.0,0,N,TOWNS,STREET,12,14.0
154500,1,4,160,5,1,60.0,0,N,MELB_URBAN,ROAD,12,13.0
154501,1,3,120,5,1,60.0,0,N,MELB_URBAN,AVENUE,12,11.0
154502,4,3,181,5,5,80.0,0,N,RURAL_VICTORIA,ROAD,12,1.0
154503,1,5,113,2,2,50.0,0,I,TOWNS,HIGHWAY,11,17.0
154504,4,4,181,5,1,60.0,0,N,MELB_URBAN,ROAD,12,9.0
154505,4,4,181,5,5,100.0,0,N,RURAL_VICTORIA,ROAD,12,4.0
154506,1,3,120,5,1,60.0,0,N,MELB_URBAN,ROAD,12,16.0
154507,1,7,99,2,6,60.0,0,I,MELB_URBAN,ROAD,12,21.0
154508,1,3,113,2,1,80.0,0,N,MELB_URBAN,ROAD,12,13.0
154509,1,6,130,5,1,100.0,0,N,MELB_URBAN,FREEWAY,11,7.0
154510,1,3,121,2,1,60.0,0,I,MELB_URBAN,ROAD,12,13.0
154511,6,1,174,5,1,40.0,0,N,MELB_URBAN,STREET,12,14.0
154512,1,1,130,2,1,60.0,0,I,MELB_URBAN,STREET,12,13.0
154513,1,2,110,1,3,60.0,0,I,LARGE_PROVINCIAL_CITIES,STREET,12,22.0
154514,1,4,116,1,1,60.0,0,I,MELB_URBAN,DRIVE,11,14.0
154515,1,2,163,5,2,60.0,0,N,MELB_URBAN,ROAD,12,6.0
154516,1,3,111,1,1,60.0,0,I,MELB_URBAN,ROAD,12,18.0
154517,4,5,99,2,9,80.0,0,I,MELB_URBAN,DRIVE,11,16.0
154518,1,4,121,2,1,70.0,0,N,MELB_URBAN,DRIVE,12,18.0
154519,4,4,171,1,1,40.0,0,I,MELB_URBAN,AVENUE,12,14.0
154520,1,3,99,2,1,60.0,0,I,MELB_URBAN,STREET,12,14.0
154521,1,3,111,1,1,80.0,0,N,MELB_URBAN,STREET,12,18.0
154522,1,3,121,1,1,60.0,0,N,MELB_URBAN,ROAD,12,17.0
154523,1,3,121,1,1,80.0,0,I,MELB_URBAN,DRIVE,12,18.0
154524,2,3,102,2,1,50.0,0,I,SMALL_CITIES,ROAD,12,17.0
154525,1,4,99,5,2,60.0,0,N,MELB_URBAN,DRIVE,12,20.0
154526,2,4,100,2,3,60.0,0,I,MELB_URBAN,ROAD,12,21.0
154527,1,3,130,2,1,100.0,0,I,RURAL_VICTORIA,ROAD,12,17.0
154528,1,4,130,5,1,100.0,0,N,MELB_URBAN,FREEWAY,12,7.0
154529,5,4,171,5,3,80.0,0,N,MELB_URBAN,ROAD,12,23.0
154530,1,4,120,2,3,50.0,0,I,MELB_URBAN,ROAD,12,0.0
154531,1,3,116,1,3,60.0,0,I,SMALL_CITIES,ROAD,12,22.0
154532,4,4,99,2,3,50.0,0,I,MELB_URBAN,AVENUE,12,22.0
154533,1,5,140,1,3,80.0,0,N,MELB_URBAN,ROAD,12,0.0
154534,1,3,130,5,1,80.0,0,N,MELB_URBAN,FREEWAY,12,9.0
154535,4,0,171,4,3,60.0,0,I,MELB_URBAN,ROAD,12,20.0
154536,1,4,121,1,3,70.0,0,N,MELB_URBAN,ROAD,12,23.0
154537,1,7,130,5,1,80.0,0,N,MELB_URBAN,ROAD,12,18.0
154538,8,7,99,2,2,60.0,0,I,MELB_URBAN,ROAD,12,19.0
154539,4,5,181,5,1,100.0,0,N,RURAL_VICTORIA,ROAD,12,9.0
154540,2,5,100,2,2,60.0,0,I,MELB_URBAN,ROAD,12,7.0
154541,1,4,99,5,1,60.0,0,N,MELB_URBAN,STREET,12,5.0
154542,1,4,113,2,1,60.0,0,I,RURAL_VICTORIA,ROAD,12,8.0
154543,1,4,120,5,1,60.0,0,N,MELB_URBAN,ROAD,12,11.0
154544,1,4,110,1,1,60.0,0,I,MELB_URBAN,STREET,12,12.0
154545,1,4,130,5,2,80.0,0,N,MELB_URBAN,OTHER,12,6.0
154546,1,4,130,5,1,80.0,0,N,MELB_URBAN,ROAD,12,8.0
154547,1,5,160,5,1,50.0,0,N,MELB_URBAN,DRIVE,12,11.0
154548,1,4,132,1,1,80.0,0,N,RURAL_VICTORIA,ROAD,12,8.0
154549,1,5,147,5,1,60.0,0,N,LARGE_PROVINCIAL_CITIES,ROAD,12,12.0
154550,1,2,130,2,9,60.0,0,N,MELB_URBAN,ROAD,12,9.0
154551,1,5,121,1,1,60.0,0,I,MELB_URBAN,ROAD,12,13.0
154552,1,4,133,5,1,40.0,0,N,MELBOURNE_CBD,STREET,12,11.0
154553,1,3,147,5,1,50.0,0,N,MELB_URBAN,STREET,12,15.0
154554,1,4,121,1,2,60.0,0,I,MELB_URBAN,ROAD,12,7.0
154555,1,4,121,1,1,60.0,0,N,MELB_URBAN,ROAD,12,8.0
154556,4,7,173,2,6,60.0,0,N,RURAL_VICTORIA,ROAD,12,4.0
154557,4,5,181,5,5,100.0,0,N,RURAL_VICTORIA,ROAD,12,3.0
154558,1,2,130,1,1,60.0,0,I,MELB_URBAN,ROAD,12,13.0
154559,1,4,99,1,1,50.0,0,I,TOWNS,STREET,12,15.0
154560,1,5,110,1,1,60.0,0,I,MELB_URBAN,ROAD,12,12.0
154561,1,5,99,5,1,40.0,0,N,TOWNS,STREET,12,13.0
154562,4,5,171,5,1,100.0,0,N,RURAL_VICTORIA,HIGHWAY,12,14.0
154563,1,5,121,2,1,60.0,0,I,SMALL_CITIES,STREET,12,15.0
154564,1,4,113,4,1,60.0,0,I,RURAL_VICTORIA,ROAD,12,15.0
154565,8,6,99,2,1,60.0,0,I,MELB_URBAN,DRIVE,11,6.0
154566,1,5,121,2,1,70.0,0,N,MELB_URBAN,ROAD,12,15.0
154567,1,5,120,5,1,70.0,0,N,MELB_URBAN,ROAD,12,15.0
154568,1,4,134,5,1,60.0,0,N,MELB_URBAN,ROAD,10,14.0
154569,4,5,171,5,1,100.0,0,N,MELB_URBAN,UNKNOWN,4,12.0
154570,1,4,130,5,1,50.0,0,N,MELB_URBAN,STREET,12,15.0
154571,1,5,121,1,1,60.0,0,I,MELB_URBAN,STREET,12,17.0
154572,4,3,183,5,2,60.0,0,N,MELB_URBAN,ROAD,4,6.0
154573,1,4,130,5,1,40.0,0,N,MELB_URBAN,HIGHWAY,12,16.0
154574,1,5,110,1,1,60.0,0,I,MELB_URBAN,ROAD,12,17.0
154575,1,5,120,2,1,60.0,0,I,RURAL_VICTORIA,ROAD,12,14.0
154576,1,5,130,5,1,40.0,0,N,RURAL_VICTORIA,HIGHWAY,12,15.0
154577,1,4,110,1,1,50.0,0,I,MELB_URBAN,ROAD,12,16.0
154578,1,5,99,1,1,50.0,0,I,LARGE_PROVINCIAL_CITIES,STREET,12,16.0
154579,6,5,184,5,2,60.0,0,N,LARGE_PROVINCIAL_CITIES,ROAD,12,17.0
154580,1,4,110,1,1,80.0,0,I,TOWNS,ROAD,12,18.0
154581,1,0,130,1,1,70.0,0,N,MELB_URBAN,ROAD,12,12.0
154582,4,5,183,5,1,50.0,0,N,SMALL_CITIES,DRIVE,12,14.0
154583,4,4,181,5,1,80.0,0,N,RURAL_VICTORIA,HIGHWAY,12,20.0
154584,1,4,130,5,1,50.0,0,N,MELB_URBAN,STREET,12,16.0
154585,1,5,99,5,1,50.0,0,N,MELB_URBAN,ROAD,12,14.0
154586,4,4,173,5,3,60.0,0,N,MELB_URBAN,DRIVE,12,21.0
154587,2,4,102,2,1,80.0,0,I,MELB_URBAN,ROAD,12,18.0
154588,1,2,99,4,3,80.0,0,I,RURAL_VICTORIA,BOULEVARD,12,3.0
154589,2,4,100,2,5,80.0,0,I,RURAL_VICTORIA,HIGHWAY,12,21.0
154590,1,6,160,5,3,60.0,0,N,LARGE_PROVINCIAL_CITIES,STREET,12,4.0
154591,1,6,173,5,3,100.0,0,N,MELB_URBAN,FREEWAY,12,2.0
154592,1,3,113,1,1,60.0,0,N,MELB_URBAN,ROAD,12,8.0
154593,4,6,99,1,3,60.0,0,I,MELB_URBAN,STREET,12,2.0
154594,7,1,99,5,1,100.0,0,N,RURAL_VICTORIA,FREEWAY,12,11.0
154595,1,5,130,5,2,80.0,0,N,MELB_URBAN,HIGHWAY,12,5.0
154596,1,2,130,5,1,60.0,0,N,MELB_URBAN,ROAD,12,16.0
154597,1,6,110,4,1,60.0,0,N,LARGE_PROVINCIAL_CITIES,ROAD,12,5.0
154598,1,4,111,2,9,60.0,0,I,MELB_URBAN,ROAD,11,10.0
154599,1,5,132,2,1,60.0,0,I,LARGE_PROVINCIAL_CITIES,STREET,12,17.0
154600,1,6,99,2,3,50.0,0,I,MELB_URBAN,DRIVE,9,23.0
154601,1,5,130,5,1,110.0,0,N,RURAL_VICTORIA,FREEWAY,12,7.0
154602,1,1,134,2,1,60.0,0,N,MELB_URBAN,ROAD,12,11.0
154603,1,3,110,1,1,60.0,0,I,MELB_URBAN,STREET,12,15.0
154604,1,5,133,1,1,60.0,0,I,MELB_URBAN,STREET,12,16.0
154605,1,5,130,5,1,40.0,0,N,MELB_URBAN,STREET,12,6.0
154606,1,6,121,2,1,60.0,0,I,MELB_URBAN,STREET,12,9.0
154607,1,6,130,5,2,60.0,0,N,MELB_URBAN,STREET,11,7.0
154608,1,5,130,5,1,100.0,0,N,MELB_URBAN,ROAD,12,8.0
154609,1,4,99,5,1,50.0,0,N,MELB_URBAN,STREET,11,17.0
154610,1,5,130,5,1,60.0,0,N,RURAL_VICTORIA,ROAD,12,7.0
154611,1,5,130,2,1,60.0,0,I,MELB_URBAN,BOULEVARD,12,11.0
154612,1,4,99,5,1,40.0,0,N,MELB_URBAN,STREET,12,16.0
154613,1,6,147,5,1,60.0,0,N,SMALL_CITIES,STREET,12,12.0
154614,2,6,99,1,1,50.0,0,I,MELB_URBAN,STREET,12,12.0
154615,1,2,111,2,2,60.0,0,N,SMALL_CITIES,AVENUE,10,18.0
154616,1,6,134,5,1,80.0,0,N,MELB_URBAN,ROAD,12,13.0
154617,1,5,130,5,1,60.0,0,N,SMALL_CITIES,AVENUE,12,16.0
154618,1,6,130,5,1,70.0,0,N,MELB_URBAN,ROAD,12,12.0
154619,7,4,99,2,2,50.0,0,N,LARGE_PROVINCIAL_CITIES,STREET,12,20.0
154620,2,6,100,2,1,50.0,0,I,SMALL_CITIES,STREET,12,15.0
154621,1,6,130,5,1,60.0,0,N,MELB_URBAN,ROAD,12,15.0
154622,1,5,113,2,1,60.0,0,I,LARGE_PROVINCIAL_CITIES,ROAD,12,15.0
154623,1,6,160,5,1,60.0,0,N,MELB_URBAN,ROAD,12,15.0
154624,1,6,140,5,1,60.0,0,N,MELB_URBAN,STREET,12,17.0
154625,1,6,130,5,1,80.0,0,N,MELB_URBAN,OTHER,12,13.0
154626,1,2,121,1,3,60.0,0,I,MELB_URBAN,STREET,12,20.0
154627,1,3,120,5,1,50.0,0,N,MELB_URBAN,PARADE,12,14.0
154628,1,6,130,2,1,50.0,0,N,MELB_URBAN,STREET,7,12.0
154629,4,5,171,5,1,80.0,0,N,RURAL_VICTORIA,ROAD,12,17.0
154630,6,6,184,2,1,60.0,0,I,LARGE_PROVINCIAL_CITIES,STREET,12,17.0
154631,1,7,99,1,1,60.0,0,N,LARGE_PROVINCIAL_CITIES,STREET,12,11.0
154632,1,5,160,5,1,70.0,0,N,MELB_URBAN,ROAD,12,16.0
154633,1,5,99,2,1,40.0,0,I,MELB_URBAN,STREET,12,19.0
154634,8,5,174,5,1,60.0,0,N,MELB_URBAN,STREET,12,20.0
154635,1,6,111,4,1,60.0,0,I,MELB_URBAN,STREET,12,19.0
154636,1,6,130,1,1,60.0,0,I,MELB_URBAN,STREET,12,19.0
154637,7,6,99,9,2,50.0,0,N,SMALL_CITIES,STREET,12,21.0
154638,1,0,120,5,3,40.0,0,N,MELB_URBAN,ROAD,12,23.0
154639,4,6,173,5,5,100.0,0,N,RURAL_VICTORIA,FREEWAY,12,23.0
154640,4,7,99,2,6,100.0,0,I,RURAL_VICTORIA,ROAD,12,3.0
154641,1,7,110,1,3,60.0,0,I,MELB_URBAN,STREET,12,2.0
154642,1,6,110,1,1,50.0,0,I,LARGE_PROVINCIAL_CITIES,STREET,12,13.0
154643,4,7,181,2,2,50.0,0,I,MELB_URBAN,DRIVE,12,5.0
154644,1,3,110,1,1,80.0,0,I,MELB_URBAN,ROAD,12,14.0
154645,1,6,130,5,1,80.0,0,N,MELB_URBAN,ROAD,8,16.0
154646,6,7,174,5,1,60.0,0,N,LARGE_PROVINCIAL_CITIES,ROAD,12,11.0
154647,1,7,130,2,1,60.0,0,I,MELB_URBAN,STREET,12,10.0
154648,1,6,121,1,1,70.0,0,N,LARGE_PROVINCIAL_CITIES,ROAD,12,9.0
154649,1,3,110,1,1,60.0,0,I,MELB_URBAN,ROAD,12,17.0
154650,1,2,113,2,9,60.0,0,I,MELB_URBAN,ROAD,11,10.0
154651,2,6,100,2,1,40.0,0,I,MELB_URBAN,STREET,12,10.0
154652,1,5,130,2,9,80.0,0,I,MELB_URBAN,ROAD,12,19.0
154653,4,6,173,5,1,50.0,0,N,MELB_URBAN,STREET,12,8.0
154654,4,3,99,5,1,60.0,0,N,LARGE_PROVINCIAL_CITIES,STREET,12,15.0
154655,4,7,99,2,1,60.0,0,I,MELB_URBAN,ROAD,12,11.0
154656,2,7,102,5,1,40.0,0,N,MELB_URBAN,STREET,12,14.0
154657,1,2,130,5,1,70.0,0,N,MELB_URBAN,ROAD,12,13.0
154658,4,7,171,5,1,60.0,0,N,MELB_URBAN,ROAD,12,11.0
154659,1,7,135,5,1,80.0,0,N,MELB_URBAN,RAMP,12,14.0
154660,1,7,134,5,1,100.0,0,N,MELB_URBAN,FREEWAY,12,13.0
154661,1,7,135,5,1,100.0,0,N,MELB_URBAN,ROAD,12,11.0
154662,8,1,174,5,1,60.0,0,N,RURAL_VICTORIA,ROAD,11,15.0
154663,1,6,130,5,1,60.0,0,N,MELB_URBAN,ROAD,12,12.0
154664,1,7,121,1,1,50.0,0,I,MELB_URBAN,STREET,12,13.0
154665,1,6,130,5,1,60.0,0,N,MELB_URBAN,STREET,12,17.0
154666,1,6,130,5,1,60.0,0,N,MELB_URBAN,ROAD,12,16.0
154667,1,7,140,5,1,60.0,0,N,LARGE_PROVINCIAL_CITIES,ROAD,12,13.0
154668,6,6,99,5,1,100.0,0,N,RURAL_VICTORIA,ROAD,12,17.0
154669,1,6,120,5,1,60.0,0,N,TOWNS,ROAD,12,16.0
154670,5,7,99,5,2,50.0,0,N,MELB_URBAN,STREET,12,19.0
154671,4,7,171,5,5,100.0,0,N,RURAL_VICTORIA,ROAD,12,3.0
154672,4,6,171,2,1,50.0,0,I,MELB_URBAN,BOULEVARD,12,20.0
154673,6,6,174,5,3,60.0,0,N,MELB_URBAN,STREET,12,3.0
154674,2,6,100,2,3,40.0,0,N,SMALL_CITIES,STREET,12,21.0
154675,1,0,121,5,6,60.0,0,N,MELB_URBAN,STREET,12,0.0
154676,1,7,132,2,3,60.0,0,I,MELB_URBAN,ROAD,12,23.0
154677,4,1,183,1,5,60.0,0,I,MELB_URBAN,ROAD,12,1.0
154678,1,6,116,9,1,50.0,0,I,TOWNS,ROAD,12,9.0
154679,1,4,121,5,1,80.0,0,N,MELB_URBAN,ROAD,12,13.0
154680,4,7,181,5,2,100.0,0,N,RURAL_VICTORIA,HIGHWAY,11,7.0