,accident_type,day_of_week,dca_code,road_geometry,light_condition,speed_zone,severity,node_type,deg_urban_name,road_type,month,hour
154681,1,1,113,2,1,60.0,0,I,MELB_URBAN,PARADE,12,8.0
154682,1,0,121,2,1,60.0,0,I,MELB_URBAN,ROAD,12,8.0
154683,1,1,147,5,1,60.0,0,N,SMALL_TOWNS,STREET,12,10.0
154684,2,1,102,1,1,80.0,0,N,MELB_URBAN,ROAD,12,10.0
154685,1,5,130,5,2,100.0,0,N,MELB_URBAN,FREEWAY,11,18.0
154686,1,6,130,1,1,60.0,0,N,MELB_URBAN,ROAD,12,14.0
154687,1,7,113,2,1,50.0,0,N,MELB_URBAN,AVENUE,2,17.0
154688,1,1,121,2,1,40.0,0,I,RURAL_VICTORIA,ROAD,12,10.0
154689,1,1,99,5,1,70.0,0,N,MELB_URBAN,ROAD,12,12.0
154690,1,6,163,5,9,40.0,0,N,MELB_URBAN,STREET,12,17.0
154691,1,0,130,2,1,80.0,0,N,RURAL_VICTORIA,ROAD,12,12.0
154692,2,6,99,2,1,50.0,0,I,MELB_URBAN,STREET,12,15.0
154693,1,7,163,5,1,40.0,0,N,MELB_URBAN,ROAD,12,11.0
154694,1,1,135,1,1,80.0,0,I,MELB_URBAN,ROAD,12,10.0
154695,1,1,99,5,1,100.0,0,N,RURAL_VICTORIA,ROAD,12,12.0
154696,1,1,147,5,1,50.0,0,N,MELB_URBAN,STREET,11,16.0
154697,1,1,110,1,1,60.0,0,I,TOWNS,STREET,12,12.0
154698,1,1,110,1,1,60.0,0,I,TOWNS,STREET,12,12.0
154699,1,1,130,5,1,50.0,0,N,MELB_URBAN,STREET,12,10.0
154700,1,5,130,5,3,60.0,0,N,MELB_URBAN,STREET,12,22.0
154701,8,1,174,5,1,40.0,0,I,MELBOURNE_CBD,STREET,12,11.0
154702,1,1,120,5,1,100.0,0,N,RURAL_VICTORIA,ROAD,12,8.0
154703,1,2,140,5,1,60.0,0,N,MELB_URBAN,STREET,12,19.0
154704,1,2,147,2,1,60.0,0,N,MELB_URBAN,ROAD,10,8.0
154705,1,5,130,5,3,70.0,0,N,LARGE_PROVINCIAL_CITIES,ROAD,12,23.0
154706,1,4,130,5,1,80.0,0,N,RURAL_VICTORIA,ROAD,12,7.0
154707,2,4,99,5,1,40.0,0,N,LARGE_PROVINCIAL_CITIES,AVENUE,12,9.0
154708,6,1,174,5,1,40.0,0,N,MELB_URBAN,STREET,12,18.0
154709,1,1,130,5,1,50.0,0,N,RURAL_VICTORIA,BOULEVARD,12,16.0
154710,1,1,160,5,1,50.0,0,N,LARGE_PROVINCIAL_CITIES,STREET,12,16.0
154711,1,1,121,1,1,70.0,0,I,MELB_URBAN,ROAD,12,18.0
154712,4,1,173,5,1,100.0,0,N,MELB_URBAN,FREEWAY,12,16.0
154713,4,1,171,1,1,60.0,0,N,MELB_URBAN,ROAD,12,19.0
154714,1,0,121,5,1,60.0,0,N,MELB_URBAN,ROAD,12,14.0
154715,4,1,173,2,1,60.0,0,N,MELB_URBAN,STREET,12,18.0
154716,2,1,99,5,5,100.0,1,N,RURAL_VICTORIA,HIGHWAY,12,22.0
154717,1,5,130,5,1,100.0,0,N,MELB_URBAN,FREEWAY,12,8.0
154718,1,1,116,2,3,60.0,0,I,MELB_URBAN,DRIVE,12,23.0
154719,1,5,130,1,9,80.0,0,N,MELB_URBAN,ROAD,9,16.0
154720,1,5,99,1,1,60.0,0,I,MELB_URBAN,ROAD,11,16.0
154721,1,1,110,1,1,50.0,0,I,LARGE_PROVINCIAL_CITIES,UNKNOWN,12,6.0
154722,1,7,130,2,1,70.0,0,I,MELB_URBAN,ROAD,12,17.0
154723,1,2,130,5,1,100.0,0,N,RURAL_VICTORIA,FREEWAY,12,7.0
154724,1,2,121,1,1,60.0,0,N,MELB_URBAN,ROAD,12,6.0
154725,1,2,130,1,1,80.0,0,I,MELB_URBAN,HIGHWAY,12,18.0
154726,1,6,99,1,1,40.0,0,I,MELB_URBAN,STREET,12,17.0
154727,1,1,130,5,1,50.0,0,N,MELB_URBAN,STREET,12,8.0
154728,2,1,99,5,1,50.0,0,N,MELB_URBAN,STREET,12,8.0
154729,1,3,130,5,1,80.0,0,N,RURAL_VICTORIA,ROAD,11,15.0
154730,4,7,171,5,1,80.0,0,N,UNKNOWN,ROAD,12,18.0
154731,3,4,167,5,5,100.0,0,N,RURAL_VICTORIA,ROAD,12,21.0
154732,6,4,174,5,2,40.0,0,N,MELB_URBAN,STREET,12,20.0
154733,8,2,174,5,1,60.0,0,I,SMALL_CITIES,ROAD,12,8.0
154734,1,5,130,5,1,100.0,0,N,MELB_URBAN,UNKNOWN,11,16.0
154735,1,2,147,5,1,60.0,0,N,LARGE_PROVINCIAL_CITIES,STREET,12,10.0
154736,1,1,121,1,1,60.0,0,I,MELB_URBAN,ROAD,12,15.0
154737,1,2,99,2,1,60.0,0,I,MELB_URBAN,ROAD,12,9.0
154738,1,5,99,5,1,100.0,0,N,RURAL_VICTORIA,ROAD,12,15.0
154739,1,5,130,5,9,60.0,0,N,MELB_URBAN,HIGHWAY,12,6.0
154740,5,0,173,5,1,80.0,0,N,RURAL_VICTORIA,ROAD,12,16.0
154741,1,2,113,2,1,100.0,0,I,RURAL_VICTORIA,ROAD,12,13.0
154742,1,2,130,9,1,60.0,0,N,MELB_URBAN,ROAD,12,13.0
154743,1,2,111,2,1,60.0,0,I,MELB_URBAN,ROAD,12,14.0
154744,1,5,130,1,1,60.0,0,I,MELB_URBAN,ROAD,11,14.0
154745,1,1,130,5,1,100.0,0,N,MELB_URBAN,FREEWAY,12,17.0
154746,1,4,130,5,1,80.0,0,N,MELB_URBAN,FREEWAY,12,10.0
154747,1,7,113,2,1,50.0,0,N,LARGE_PROVINCIAL_CITIES,OTHER,12,18.0
154748,2,2,102,5,1,40.0,0,N,MELB_URBAN,STREET,12,19.0
154749,1,2,120,5,1,80.0,0,N,MELB_URBAN,ROAD,12,16.0
154750,1,1,130,5,1,80.0,0,N,MELB_URBAN,ROAD,12,17.0
154751,1,2,130,2,1,60.0,0,N,MELB_URBAN,ROAD,12,15.0
154752,1,2,130,1,1,80.0,0,I,MELB_URBAN,ROAD,12,9.0
154753,1,2,135,5,9,80.0,0,N,MELB_URBAN,ROAD,11,14.0
154754,1,0,135,5,1,80.0,0,N,MELB_URBAN,ROAD,10,16.0
154755,1,5,121,1,9,60.0,0,I,LARGE_PROVINCIAL_CITIES,ROAD,12,21.0
154756,2,1,99,2,3,50.0,0,I,MELB_URBAN,ROAD,12,21.0
154757,1,2,110,1,1,60.0,0,I,TOWNS,STREET,12,19.0
154758,4,1,171,5,2,60.0,0,N,MELB_URBAN,ROAD,12,21.0
154759,1,3,121,5,1,60.0,0,N,MELB_URBAN,ROAD,11,7.0
154760,4,2,173,5,1,100.0,1,N,RURAL_VICTORIA,ROAD,12,19.0
154761,4,1,171,5,5,110.0,0,N,RURAL_VICTORIA,HIGHWAY,12,22.0
154762,3,3,167,4,5,110.0,0,N,RURAL_VICTORIA,FREEWAY,12,3.0
154763,1,2,130,5,1,100.0,0,N,RURAL_VICTORIA,ROAD,12,11.0
154764,1,3,99,5,3,80.0,0,N,UNKNOWN,ROAD,12,3.0
154765,1,2,99,1,1,60.0,0,I,SMALL_TOWNS,STREET,12,6.0
154766,1,2,121,5,1,50.0,0,N,MELB_URBAN,DRIVE,12,6.0
154767,1,6,130,5,1,60.0,0,N,MELB_URBAN,ROAD,11,9.0
154768,4,2,171,5,1,80.0,0,N,MELB_URBAN,UNKNOWN,12,8.0
154769,1,3,111,1,1,100.0,0,I,RURAL_VICTORIA,ROAD,12,7.0
154770,8,4,174,1,1,50.0,0,I,LARGE_PROVINCIAL_CITIES,DRIVE,12,13.0
154771,1,6,121,2,1,80.0,0,I,MELB_URBAN,ROAD,12,7.0
154772,4,5,171,5,5,100.0,0,N,RURAL_VICTORIA,ROAD,12,23.0
154773,1,2,130,1,1,80.0,0,N,RURAL_VICTORIA,ROAD,12,8.0
154774,4,0,171,5,1,60.0,0,N,RURAL_VICTORIA,OTHER,12,13.0
154775,4,3,171,5,1,80.0,0,N,RURAL_VICTORIA,ROAD,12,8.0
154776,1,2,160,5,1,60.0,0,N,MELB_URBAN,ROAD,12,6.0
154777,4,3,171,5,1,50.0,0,N,MELB_URBAN,STREET,12,7.0
154778,6,2,99,5,1,100.0,0,N,RURAL_VICTORIA,ROAD,12,8.0
154779,1,2,99,1,1,60.0,0,I,MELBOURNE_CBD,STREET,12,9.0
154780,9,2,99,5,1,100.0,0,N,RURAL_VICTORIA,ROAD,12,12.0
154781,8,3,174,5,1,60.0,0,N,MELB_URBAN,STREET,12,11.0
154782,1,2,147,5,9,60.0,0,N,MELB_URBAN,DRIVE,12,21.0
154783,2,2,99,5,1,50.0,0,N,RURAL_VICTORIA,ROAD,12,10.0
154784,1,3,113,2,1,50.0,0,I,RURAL_VICTORIA,STREET,12,11.0
154785,1,5,130,5,1,100.0,0,N,MELB_URBAN,FREEWAY,8,16.0
154786,1,6,110,1,1,50.0,0,I,MELB_URBAN,STREET,12,10.0
154787,1,2,130,1,1,60.0,0,N,MELB_URBAN,STREET,12,13.0
154788,1,3,147,5,1,60.0,0,N,MELB_URBAN,ROAD,12,13.0
154789,1,3,130,2,1,60.0,0,I,MELB_URBAN,ROAD,12,11.0
154790,1,3,130,5,1,110.0,0,N,RURAL_VICTORIA,FREEWAY,12,10.0
154791,4,3,171,5,1,40.0,0,N,MELB_URBAN,ROAD,12,14.0
154792,1,2,99,5,1,60.0,0,N,MELB_URBAN,ROAD,12,12.0
154793,1,6,121,2,2,60.0,0,I,MELB_URBAN,STREET,12,7.0
154794,1,4,113,2,1,60.0,0,I,MELB_URBAN,RAMP,12,16.0
154795,1,2,130,5,1,60.0,0,N,MELB_URBAN,ROAD,12,16.0
154796,1,7,121,2,1,60.0,0,I,MELB_URBAN,HIGHWAY,12,6.0
154797,1,3,113,2,1,50.0,0,I,MELB_URBAN,ROAD,12,15.0
154798,2,3,100,1,1,40.0,0,I,MELB_URBAN,ROAD,12,16.0
154799,1,3,121,1,1,60.0,0,I,MELB_URBAN,ROAD,12,15.0
154800,5,7,99,5,1,60.0,0,N,MELB_URBAN,ROAD,11,16.0
154801,1,6,116,2,1,60.0,0,I,MELB_URBAN,STREET,12,7.0
154802,1,0,120,5,1,60.0,0,N,MELB_URBAN,ROAD,12,6.0
154803,1,2,140,2,1,80.0,0,I,MELB_URBAN,ROAD,12,12.0
154804,2,2,99,5,1,40.0,0,N,MELBOURNE_CBD,STREET,12,18.0
154805,1,3,130,5,1,60.0,0,N,MELB_URBAN,ROAD,12,16.0
154806,1,2,130,5,1,60.0,0,N,MELB_URBAN,ROAD,12,18.0
154807,1,2,111,1,1,60.0,0,N,MELB_URBAN,ROAD,12,18.0
154808,1,3,147,5,1,80.0,0,N,RURAL_VICTORIA,ROAD,12,16.0
154809,1,3,120,5,1,50.0,0,N,MELB_URBAN,BOULEVARD,12,18.0
154810,7,3,99,5,1,50.0,0,N,MELB_URBAN,STREET,12,18.0
154811,1,2,130,5,1,100.0,0,N,RURAL_VICTORIA,FREEWAY,12,16.0
154812,1,2,130,5,1,40.0,0,N,MELB_URBAN,ROAD,12,8.0
154813,1,2,130,5,1,40.0,0,N,LARGE_PROVINCIAL_CITIES,STREET,12,15.0
154814,1,3,99,5,2,50.0,0,N,MELB_URBAN,BOULEVARD,12,18.0
154815,6,3,184,5,1,100.0,0,N,RURAL_VICTORIA,OTHER,12,19.0
154816,1,6,99,2,1,70.0,0,I,MELB_URBAN,ROAD,12,14.0
154817,1,3,121,5,1,60.0,0,N,LARGE_PROVINCIAL_CITIES,ROAD,12,17.0
154818,6,3,174,5,2,40.0,0,N,MELB_URBAN,UNKNOWN,12,20.0
154819,8,3,99,5,1,80.0,0,N,RURAL_VICTORIA,ROAD,12,18.0
154820,1,1,130,5,1,60.0,0,N,MELB_URBAN,ROAD,12,16.0
154821,1,5,121,2,1,40.0,0,I,MELBOURNE_CBD,STREET,12,17.0
154822,8,3,99,5,1,60.0,0,N,MELB_URBAN,ROAD,12,18.0
154823,1,2,163,5,3,50.0,0,N,MELB_URBAN,OTHER,12,21.0
154824,6,3,184,2,1,50.0,0,I,MELB_URBAN,DRIVE,12,16.0
154825,2,3,100,1,3,60.0,0,N,MELB_URBAN,STREET,12,20.0
154826,1,3,130,1,3,100.0,0,I,MELB_URBAN,ROAD,12,22.0
154827,1,2,160,5,1,60.0,0,N,MELB_URBAN,ROAD,12,16.0
154828,1,3,140,2,3,60.0,0,N,MELB_URBAN,ROAD,12,23.0
154829,1,3,147,5,1,60.0,0,N,MELB_URBAN,ROAD,12,14.0
154830,1,1,130,5,1,80.0,0,N,RURAL_VICTORIA,HIGHWAY,12,9.0
154831,1,3,121,5,3,60.0,0,I,MELB_URBAN,ROAD,12,23.0
154832,4,6,181,5,1,100.0,0,N,RURAL_VICTORIA,HIGHWAY,11,14.0
154833,1,3,110,1,3,60.0,0,I,RURAL_VICTORIA,ROAD,12,22.0
154834,1,4,99,5,1,50.0,0,N,MELB_URBAN,STREET,12,7.0
154835,1,6,130,5,1,80.0,0,N,MELB_URBAN,ROAD,11,16.0
154836,1,4,110,1,1,50.0,0,I,MELB_URBAN,STREET,12,8.0
154837,1,4,113,1,1,60.0,0,I,MELB_URBAN,ROAD,12,16.0
154838,1,4,99,2,1,60.0,0,I,MELB_URBAN,ROAD,12,14.0
154839,1,7,130,1,6,60.0,0,I,MELB_URBAN,ROAD,12,21.0
154840,1,4,110,1,1,60.0,0,I,MELB_URBAN,ROAD,12,8.0
154841,1,4,147,5,1,70.0,0,N,MELB_URBAN,ROAD,12,9.0
154842,4,4,173,2,1,70.0,0,N,MELB_URBAN,ROAD,12,6.0
154843,1,2,99,1,1,40.0,0,I,MELB_URBAN,STREET,12,13.0
154844,1,4,113,1,9,60.0,0,I,RURAL_VICTORIA,ROAD,11,16.0
154845,1,3,130,5,1,100.0,0,N,RURAL_VICTORIA,FREEWAY,12,7.0
154846,1,1,130,2,1,60.0,0,N,MELB_URBAN,ROAD,12,16.0
154847,4,4,171,5,1,60.0,0,N,MELB_URBAN,ROAD,12,11.0
154848,4,3,171,5,1,50.0,0,N,RURAL_VICTORIA,ROAD,12,9.0
154849,3,3,167,5,2,110.0,0,N,RURAL_VICTORIA,HIGHWAY,12,19.0
154850,8,1,174,5,3,50.0,0,N,MELB_URBAN,STREET,12,22.0
154851,6,4,170,5,1,100.0,0,N,RURAL_VICTORIA,ROAD,12,11.0
154852,1,4,121,2,1,70.0,0,I,MELB_URBAN,DRIVE,12,11.0
154853,1,3,110,1,1,60.0,0,N,TOWNS,ROAD,12,10.0
154854,1,3,121,2,1,60.0,0,N,MELB_URBAN,ROAD,12,15.0
154855,1,4,147,5,1,50.0,0,N,RURAL_VICTORIA,DRIVE,12,6.0
154856,1,6,160,5,2,40.0,0,N,UNKNOWN,OTHER,12,20.0
154857,1,3,111,1,1,60.0,0,I,MELB_URBAN,STREET,12,14.0
154858,1,4,121,1,1,70.0,0,I,MELB_URBAN,ROAD,12,14.0
154859,4,4,173,5,1,50.0,0,N,LARGE_PROVINCIAL_CITIES,AVENUE,12,13.0
154860,8,1,99,5,1,60.0,0,N,RURAL_VICTORIA,ROAD,12,12.0
154861,1,3,99,5,1,60.0,0,N,RURAL_VICTORIA,ROAD,12,15.0
154862,1,3,110,1,1,50.0,0,I,TOWNS,STREET,12,16.0
154863,1,4,130,2,1,60.0,0,N,MELB_URBAN,ROAD,12,8.0
154864,4,4,171,1,1,60.0,0,N,MELB_URBAN,ROAD,12,13.0
154865,1,2,113,4,1,60.0,0,N,MELB_URBAN,ROAD,11,16.0
154866,4,4,99,5,1,60.0,0,N,RURAL_VICTORIA,ROAD,12,14.0
154867,8,4,174,5,1,100.0,0,N,MELB_URBAN,FREEWAY,12,17.0
154868,5,4,99,5,1,100.0,0,N,RURAL_VICTORIA,OTHER,12,16.0
154869,1,1,121,2,1,40.0,0,I,MELB_URBAN,STREET,12,17.0
154870,2,3,100,5,3,60.0,0,N,LARGE_PROVINCIAL_CITIES,STREET,12,19.0
154871,4,4,173,5,2,80.0,0,N,RURAL_VICTORIA,ROAD,12,19.0
154872,1,3,113,1,1,80.0,0,N,MELB_URBAN,ROAD,12,16.0
154873,1,4,140,5,1,60.0,0,N,MELB_URBAN,ROAD,12,20.0
154874,1,3,99,2,3,60.0,0,I,MELB_URBAN,ROAD,12,22.0
154875,2,3,99,5,2,60.0,0,N,MELB_URBAN,ROAD,12,21.0
154876,1,4,116,2,3,60.0,0,I,RURAL_VICTORIA,ROAD,12,23.0
154877,4,3,99,2,5,80.0,0,I,RURAL_VICTORIA,STREET,12,22.0
154878,1,4,130,5,3,70.0,0,N,RURAL_VICTORIA,HIGHWAY,12,22.0
154879,1,4,99,2,3,60.0,0,I,MELB_URBAN,ROAD,12,0.0
154880,4,5,173,5,1,80.0,0,N,RURAL_VICTORIA,STREET,12,5.0
154881,1,5,110,1,1,60.0,0,I,MELB_URBAN,STREET,12,6.0
154882,1,5,140,5,1,50.0,0,N,MELB_URBAN,ROAD,12,7.0
154883,1,5,110,1,1,50.0,0,I,MELB_URBAN,STREET,12,7.0
154884,8,5,170,5,1,80.0,0,N,MELB_URBAN,ROAD,12,9.0
154885,4,5,171,5,1,60.0,0,N,MELB_URBAN,ROAD,11,17.0
154886,1,1,110,1,3,80.0,0,N,MELB_URBAN,ROAD,12,21.0
154887,6,4,99,5,1,100.0,0,N,RURAL_VICTORIA,ROAD,12,12.0
154888,8,4,174,5,9,40.0,0,N,MELB_URBAN,STREET,12,16.0
154889,1,4,130,5,1,60.0,0,N,MELB_URBAN,ROAD,2,16.0
154890,1,4,134,5,1,70.0,0,N,MELB_URBAN,ROAD,12,14.0
154891,1,3,99,1,3,60.0,0,I,MELB_URBAN,STREET,12,21.0
154892,1,4,121,1,1,80.0,0,N,MELB_URBAN,AVENUE,12,9.0
154893,5,6,99,5,1,60.0,0,N,RURAL_VICTORIA,ROAD,12,7.0
154894,2,5,100,2,1,60.0,0,N,MELB_URBAN,AVENUE,12,7.0
154895,2,4,102,1,1,50.0,0,I,TOWNS,ROAD,12,10.0
154896,1,5,163,5,1,40.0,0,N,MELB_URBAN,ROAD,12,11.0
154897,1,5,130,1,1,80.0,0,I,MELB_URBAN,ROAD,12,12.0
154898,2,6,102,5,1,40.0,0,N,SMALL_CITIES,STREET,10,12.0
154899,1,5,132,1,1,60.0,0,I,MELB_URBAN,STREET,12,10.0
154900,1,4,121,2,1,80.0,0,I,RURAL_VICTORIA,ROAD,12,11.0
154901,1,1,130,5,1,60.0,0,N,MELB_URBAN,ROAD,12,17.0
154902,6,5,184,2,1,60.0,0,N,MELB_URBAN,ROAD,12,11.0
154903,2,4,102,5,1,50.0,0,N,TOWNS,STREET,12,13.0
154904,1,0,130,5,1,80.0,0,N,MELB_URBAN,FREEWAY,12,16.0
154905,1,1,130,5,1,60.0,0,N,MELB_URBAN,ROAD,12,16.0
154906,1,3,130,2,1,70.0,0,I,MELB_URBAN,ROAD,12,17.0
154907,8,5,174,2,1,50.0,0,I,MELB_URBAN,STREET,12,13.0
154908,1,0,121,1,1,40.0,0,I,MELBOURNE_CBD,STREET,12,12.0
154909,6,5,174,5,1,40.0,0,N,MELB_URBAN,STREET,12,15.0
154910,1,5,130,5,1,80.0,0,N,MELB_URBAN,ROAD,12,10.0
154911,1,5,130,5,1,40.0,0,N,MELB_URBAN,STREET,12,15.0
154912,1,4,130,1,9,60.0,0,I,SMALL_CITIES,HIGHWAY,12,13.0
154913,1,5,111,1,1,50.0,0,I,MELB_URBAN,AVENUE,12,12.0
154914,2,4,102,2,1,60.0,0,N,MELB_URBAN,ROAD,12,16.0
154915,1,4,110,1,1,80.0,0,N,MELB_URBAN,ROAD,12,17.0
154916,1,4,99,5,1,60.0,0,N,LARGE_PROVINCIAL_CITIES,ROAD,12,17.0
154917,1,4,130,5,1,100.0,0,N,MELB_URBAN,FREEWAY,12,18.0
154918,2,5,102,1,1,80.0,0,I,MELB_URBAN,HIGHWAY,12,17.0
154919,1,5,130,5,1,100.0,0,N,RURAL_VICTORIA,HIGHWAY,12,14.0
154920,4,4,173,5,1,80.0,0,N,SMALL_TOWNS,ROAD,12,15.0
154921,1,5,99,5,3,40.0,0,N,MELB_URBAN,STREET,12,23.0
154922,1,4,121,5,1,60.0,0,N,MELB_URBAN,ROAD,12,16.0
154923,6,5,99,5,1,100.0,0,N,RURAL_VICTORIA,HIGHWAY,12,18.0
154924,1,5,120,5,2,100.0,0,N,RURAL_VICTORIA,ROAD,12,18.0
154925,1,4,130,5,1,80.0,0,N,MELB_URBAN,ROAD,12,17.0
154926,1,0,130,5,1,80.0,0,N,MELB_URBAN,ROAD,11,11.0
154927,2,5,100,5,3,60.0,0,N,MELB_URBAN,STREET,12,22.0
154928,4,5,171,1,3,80.0,0,I,MELB_URBAN,ROAD,12,1.0
154929,1,3,130,5,1,60.0,0,N,MELB_URBAN,ROAD,12,17.0
154930,6,7,174,5,1,60.0,0,N,RURAL_VICTORIA,OTHER,9,11.0
154931,1,4,130,5,1,60.0,0,N,MELB_URBAN,STREET,12,9.0
154932,1,5,110,1,1,60.0,0,I,MELB_URBAN,STREET,12,6.0
154933,1,1,110,1,1,70.0,0,I,MELB_URBAN,ROAD,12,16.0
154934,1,7,121,5,1,60.0,0,N,MELB_URBAN,ROAD,10,17.0
154935,1,6,121,2,1,60.0,0,I,MELB_URBAN,STREET,12,7.0
154936,4,5,171,5,1,60.0,0,N,MELB_URBAN,HIGHWAY,12,10.0
154937,1,5,140,2,1,60.0,0,N,MELB_URBAN,ROAD,12,12.0
154938,1,5,99,2,1,50.0,0,I,MELB_URBAN,RAMP,12,12.0
154939,2,6,100,2,1,60.0,0,I,MELBOURNE_CBD,STREET,12,10.0
154940,1,5,120,5,1,50.0,0,N,MELB_URBAN,STREET,12,12.0
154941,1,6,110,1,1,70.0,0,N,RURAL_VICTORIA,STREET,12,13.0
154942,1,4,110,1,1,50.0,0,I,LARGE_PROVINCIAL_CITIES,AVENUE,12,7.0
154943,1,6,130,1,1,70.0,0,I,MELB_URBAN,STREET,12,11.0
154944,1,6,133,5,1,40.0,0,N,MELB_URBAN,STREET,12,12.0
154945,1,6,130,5,1,60.0,0,N,MELB_URBAN,STREET,12,10.0
154946,4,5,173,5,1,70.0,0,N,MELB_URBAN,ROAD,12,11.0
154947,1,6,121,5,1,60.0,0,N,MELB_URBAN,ROAD,12,12.0
154948,1,6,130,2,1,60.0,0,N,MELB_URBAN,ROAD,12,13.0
154949,1,5,121,4,1,80.0,0,I,MELB_URBAN,HIGHWAY,12,18.0
154950,1,2,160,5,1,50.0,0,N,TOWNS,STREET,6,8.0
154951,1,5,113,2,1,50.0,0,I,MELB_URBAN,ROAD,12,17.0
154952,1,6,130,2,9,60.0,0,N,LARGE_PROVINCIAL_CITIES,DRIVE,12,13.0
154953,1,1,130,2,9,70.0,0,I,RURAL_VICTORIA,ROAD,12,17.0
154954,2,6,102,5,1,60.0,0,N,MELB_URBAN,ROAD,12,16.0
154955,1,6,140,2,1,40.0,0,I,MELB_URBAN,STREET,12,18.0
154956,1,7,99,5,1,50.0,0,N,MELB_URBAN,STREET,11,13.0
154957,1,6,110,1,2,70.0,0,I,MELB_URBAN,ROAD,12,20.0
154958,4,5,171,5,2,100.0,0,N,RURAL_VICTORIA,ROAD,12,20.0
154959,1,6,130,5,2,60.0,0,N,RURAL_VICTORIA,ROAD,12,20.0
154960,1,1,130,1,1,80.0,0,N,MELB_URBAN,ROAD,12,16.0
154961,4,6,181,5,1,80.0,1,N,RURAL_VICTORIA,ROAD,12,19.0
154962,4,6,183,5,5,100.0,0,N,RURAL_VICTORIA,HIGHWAY,12,23.0
154963,1,7,160,5,3,40.0,0,N,MELB_URBAN,AVENUE,12,0.0
154964,1,6,130,2,1,70.0,0,I,LARGE_PROVINCIAL_CITIES,ROAD,12,16.0
154965,2,6,99,5,5,100.0,0,N,MELB_URBAN,ROAD,12,21.0
154966,6,7,174,5,3,50.0,0,N,UNKNOWN,UNKNOWN,12,3.0
154967,4,6,171,1,3,40.0,0,I,LARGE_PROVINCIAL_CITIES,STREET,12,3.0
154968,1,7,121,1,3,80.0,0,I,MELB_URBAN,ROAD,12,3.0
154969,1,7,160,5,3,70.0,0,N,MELB_URBAN,DRIVE,12,3.0
154970,1,6,160,5,2,60.0,0,N,MELB_URBAN,ROAD,12,20.0
154971,1,4,130,5,1,70.0,0,N,MELB_URBAN,ROAD,12,17.0
154972,1,7,110,1,1,60.0,0,I,SMALL_CITIES,ROAD,12,6.0
154973,2,7,102,2,1,40.0,1,N,MELB_URBAN,ROAD,12,8.0
154974,1,7,99,2,1,50.0,0,I,SMALL_CITIES,AVENUE,12,11.0
154975,4,7,173,5,1,80.0,0,N,MELB_URBAN,ROAD,12,7.0
154976,1,7,99,5,1,50.0,0,N,MELB_URBAN,STREET,12,10.0
154977,2,7,99,5,1,60.0,0,N,MELB_URBAN,DRIVE,12,13.0
154978,1,7,111,1,1,60.0,0,I,RURAL_VICTORIA,ROAD,12,13.0
154979,6,5,174,5,1,60.0,0,N,RURAL_VICTORIA,ROAD,12,6.0
154980,6,6,99,3,1,100.0,0,N,RURAL_VICTORIA,RAMP,12,9.0
154981,1,7,99,1,1,40.0,0,I,MELB_URBAN,STREET,12,14.0
154982,1,7,147,5,1,60.0,0,N,MELB_URBAN,ROAD,12,15.0
154983,1,7,121,5,1,60.0,0,N,MELB_URBAN,ROAD,12,15.0
154984,4,6,181,5,1,100.0,0,N,RURAL_VICTORIA,ROAD,12,15.0
154985,1,6,121,1,1,60.0,0,N,MELB_URBAN,ROAD,12,15.0
154986,1,0,130,6,1,50.0,0,N,MELB_URBAN,OTHER,12,13.0
154987,1,6,110,1,1,80.0,0,I,MELB_URBAN,ROAD,12,16.0
154988,4,7,181,5,1,100.0,0,N,RURAL_VICTORIA,ROAD,12,16.0
154989,2,6,100,5,1,60.0,0,I,MELB_URBAN,STREET,12,18.0
154990,1,3,130,5,1,80.0,0,N,MELB_URBAN,HIGHWAY,12,15.0
154991,6,7,174,1,2,50.0,0,N,MELB_URBAN,STREET,12,20.0
154992,1,7,147,5,1,50.0,0,N,MELB_URBAN,STREET,12,18.0
154993,1,6,121,1,1,60.0,0,N,SMALL_CITIES,ROAD,12,17.0
154994,4,7,171,5,1,100.0,0,N,RURAL_VICTORIA,ROAD,12,13.0
154995,2,6,102,2,3,60.0,0,N,MELB_URBAN,ROAD,12,21.0
154996,1,7,121,1,3,80.0,0,I,MELB_URBAN,ROAD,12,22.0
154997,1,7,99,4,9,80.0,1,N,RURAL_VICTORIA,ROAD,12,21.0
154998,1,6,99,5,3,50.0,0,N,TOWNS,UNKNOWN,12,23.0
154999,1,1,130,5,3,80.0,0,I,MELB_URBAN,ROAD,12,0.0
155000,4,1,181,5,3,50.0,0,N,MELB_URBAN,BOULEVARD,12,4.0
155001,1,2,130,5,1,60.0,0,N,MELB_URBAN,OTHER,9,16.0