,accident_type,day_of_week,dca_code,road_geometry,light_condition,speed_zone,severity,node_type,deg_urban_name,road_type,month,hour
155002,1,1,133,5,1,100.0,0,N,MELB_URBAN,RAMP,12,11.0
155003,1,0,110,1,1,60.0,0,I,TOWNS,STREET,12,12.0
155004,4,1,171,5,1,100.0,0,N,RURAL_VICTORIA,HIGHWAY,12,10.0
155005,1,7,173,5,3,50.0,0,N,TOWNS,STREET,12,23.0
155006,1,1,130,5,1,60.0,0,N,MELB_URBAN,ROAD,11,11.0
155007,8,1,99,5,1,100.0,0,N,RURAL_VICTORIA,ROAD,12,13.0
155008,4,1,181,5,1,100.0,0,N,RURAL_VICTORIA,HIGHWAY,12,12.0
155009,1,1,140,5,1,60.0,0,N,LARGE_PROVINCIAL_CITIES,STREET,12,15.0
155010,1,2,121,2,1,60.0,0,I,MELB_URBAN,STREET,12,18.0
155011,1,0,130,2,1,60.0,0,I,RURAL_VICTORIA,ROAD,12,14.0
155012,1,1,121,2,1,50.0,0,N,RURAL_VICTORIA,ROAD,12,14.0
155013,1,3,140,5,1,50.0,0,N,MELB_URBAN,STREET,12,16.0
155014,1,0,130,5,1,100.0,0,N,RURAL_VICTORIA,ROAD,12,16.0
155015,1,0,134,5,1,60.0,0,N,UNKNOWN,ROAD,12,17.0
155016,1,1,113,2,1,70.0,0,I,MELB_URBAN,ROAD,12,18.0
155017,6,0,99,5,1,100.0,0,N,RURAL_VICTORIA,ROAD,12,19.0
155018,4,1,183,5,3,80.0,0,N,MELB_URBAN,FREEWAY,12,20.0
155019,1,1,120,5,1,80.0,0,N,RURAL_VICTORIA,ROAD,12,18.0
155020,1,1,99,2,6,50.0,0,I,MELB_URBAN,ROAD,12,21.0
155021,1,1,121,1,1,80.0,1,I,TOWNS,ROAD,12,18.0
155022,2,1,99,5,1,60.0,0,N,RURAL_VICTORIA,ROAD,12,20.0
155023,1,1,99,1,3,60.0,0,I,MELB_URBAN,ROAD,12,0.0
155024,1,3,113,2,1,80.0,0,I,RURAL_VICTORIA,HIGHWAY,11,15.0
155025,2,5,100,2,1,50.0,0,I,MELB_URBAN,STREET,12,18.0
155026,1,2,160,5,1,60.0,0,N,MELB_URBAN,ROAD,12,10.0
155027,1,4,110,1,1,70.0,0,N,MELB_URBAN,ROAD,11,17.0
155028,1,2,121,5,1,100.0,0,N,RURAL_VICTORIA,ROAD,12,11.0
155029,1,2,130,4,1,60.0,0,I,MELB_URBAN,ROAD,12,13.0
155030,4,2,181,4,1,80.0,0,I,RURAL_VICTORIA,ROAD,12,13.0
155031,1,1,130,4,1,60.0,0,I,MELB_URBAN,STREET,12,13.0
155032,1,2,130,5,1,60.0,0,N,MELB_URBAN,ROAD,12,14.0
155033,8,2,184,5,1,60.0,0,N,SMALL_TOWNS,ROAD,12,10.0
155034,1,2,130,5,1,80.0,0,N,MELB_URBAN,ROAD,12,13.0
155035,1,5,113,2,1,60.0,0,I,MELB_URBAN,ROAD,11,16.0
155036,1,2,99,3,1,60.0,0,I,MELB_URBAN,ROAD,12,15.0
155037,2,2,99,5,1,60.0,0,N,MELB_URBAN,ROAD,12,17.0
155038,1,2,110,1,1,60.0,0,I,SMALL_TOWNS,STREET,12,16.0
155039,1,1,99,5,1,60.0,0,N,MELB_URBAN,BOULEVARD,12,18.0
155040,6,2,170,5,1,100.0,0,N,RURAL_VICTORIA,HIGHWAY,12,18.0
155041,1,1,130,1,1,60.0,0,I,MELB_URBAN,HIGHWAY,12,17.0
155042,1,2,99,5,1,80.0,0,N,MELB_URBAN,ROAD,12,14.0
155043,6,2,99,5,5,100.0,0,N,RURAL_VICTORIA,ROAD,12,21.0
155044,6,2,184,5,1,100.0,0,N,RURAL_VICTORIA,ROAD,12,18.0
155045,1,2,120,5,1,100.0,0,N,RURAL_VICTORIA,ROAD,12,19.0
155046,4,1,181,5,2,100.0,0,N,RURAL_VICTORIA,ROAD,12,20.0
155047,5,6,99,2,6,60.0,0,I,SMALL_CITIES,DRIVE,12,21.0
155048,1,2,113,1,3,80.0,0,I,MELB_URBAN,ROAD,12,21.0
155049,1,1,130,1,3,80.0,0,I,MELB_URBAN,ROAD,12,21.0
155050,1,2,147,5,3,70.0,0,N,MELB_URBAN,ROAD,12,22.0
155051,1,2,116,1,3,40.0,0,I,MELB_URBAN,STREET,12,23.0
155052,1,1,160,5,6,60.0,0,N,MELB_URBAN,ROAD,12,21.0
155053,1,3,121,1,3,80.0,0,I,MELB_URBAN,ROAD,12,2.0
155054,1,2,160,5,3,50.0,0,N,MELB_URBAN,DRIVE,12,1.0
155055,1,2,113,1,3,80.0,0,I,MELB_URBAN,RAMP,12,23.0
155056,2,3,99,5,1,60.0,0,N,MELB_URBAN,ROAD,11,11.0
155057,2,3,100,1,1,60.0,0,I,MELB_URBAN,OTHER,12,8.0
155058,1,3,121,2,1,60.0,0,I,MELB_URBAN,ROAD,12,9.0
155059,8,1,99,2,1,80.0,0,I,MELB_URBAN,HIGHWAY,12,13.0
155060,1,2,113,1,1,70.0,0,I,MELB_URBAN,ROAD,12,9.0
155061,1,3,110,1,2,50.0,0,I,LARGE_PROVINCIAL_CITIES,STREET,12,20.0
155062,2,0,99,2,1,40.0,0,I,MELBOURNE_CBD,STREET,12,18.0
155063,8,1,99,5,1,60.0,0,N,RURAL_VICTORIA,ROAD,12,14.0
155064,4,1,171,5,3,100.0,0,N,MELB_URBAN,FREEWAY,12,21.0
155065,1,2,163,5,1,50.0,0,I,MELB_URBAN,ROAD,12,10.0
155066,2,3,100,5,1,60.0,0,N,MELB_URBAN,ROAD,12,11.0
155067,1,2,121,5,1,80.0,0,I,MELB_URBAN,ROAD,12,8.0
155068,4,5,181,5,9,100.0,0,N,RURAL_VICTORIA,FREEWAY,11,5.0
155069,1,2,130,5,1,60.0,0,N,TOWNS,ROAD,12,15.0
155070,1,2,134,5,1,80.0,0,N,MELB_URBAN,FREEWAY,12,6.0
155071,6,3,174,5,1,100.0,0,N,RURAL_VICTORIA,ROAD,12,12.0
155072,1,3,99,2,1,60.0,0,I,MELB_URBAN,PARADE,12,14.0
155073,1,3,113,2,1,60.0,0,I,MELB_URBAN,ROAD,12,11.0
155074,1,3,130,5,1,100.0,0,N,RURAL_VICTORIA,HIGHWAY,12,14.0
155075,1,3,120,5,1,80.0,0,N,RURAL_VICTORIA,ROAD,12,12.0
155076,1,3,110,1,1,50.0,0,I,SMALL_CITIES,STREET,12,13.0
155077,1,3,147,5,1,60.0,0,N,MELB_URBAN,STREET,12,12.0
155078,1,3,140,5,1,80.0,0,N,MELB_URBAN,HIGHWAY,12,15.0
155079,1,1,110,1,1,50.0,0,I,TOWNS,STREET,11,12.0
155080,4,4,171,5,1,60.0,0,N,MELB_URBAN,DRIVE,12,18.0
155081,1,2,160,2,5,60.0,0,N,MELB_URBAN,PARADE,12,22.0
155082,1,2,121,1,1,60.0,0,I,SMALL_CITIES,STREET,12,15.0
155083,8,1,174,2,2,80.0,0,I,TOWNS,STREET,12,20.0
155084,6,3,174,5,1,60.0,1,N,RURAL_VICTORIA,ROAD,12,15.0
155085,1,3,130,1,1,80.0,0,I,MELB_URBAN,HIGHWAY,12,19.0
155086,4,2,173,5,1,100.0,0,N,RURAL_VICTORIA,ROAD,12,18.0
155087,1,3,120,5,1,80.0,0,N,RURAL_VICTORIA,HIGHWAY,12,17.0
155088,1,2,110,1,2,60.0,0,I,RURAL_VICTORIA,ROAD,12,20.0
155089,1,2,121,1,3,60.0,0,I,MELB_URBAN,DRIVE,12,21.0
155090,2,3,102,2,3,60.0,0,I,MELB_URBAN,HIGHWAY,12,21.0
155091,4,3,171,1,3,40.0,0,I,MELB_URBAN,ROAD,12,23.0
155092,4,4,171,5,3,60.0,0,N,LARGE_PROVINCIAL_CITIES,STREET,12,3.0
155093,1,4,160,5,3,60.0,0,N,TOWNS,ROAD,12,4.0
155094,4,3,171,5,1,50.0,0,N,SMALL_CITIES,AVENUE,12,11.0
155095,1,3,130,5,2,60.0,0,N,MELB_URBAN,RAMP,12,5.0
155096,1,4,99,1,1,80.0,0,I,SMALL_CITIES,HIGHWAY,12,6.0
155097,8,7,174,5,1,60.0,0,N,RURAL_VICTORIA,ROAD,12,11.0
155098,1,3,121,1,1,40.0,0,I,MELB_URBAN,OTHER,12,7.0
155099,1,4,130,5,1,40.0,0,N,LARGE_PROVINCIAL_CITIES,STREET,12,10.0
155100,4,2,183,5,1,80.0,0,N,RURAL_VICTORIA,ROAD,12,17.0
155101,4,4,173,2,1,50.0,0,I,SMALL_CITIES,DRIVE,12,10.0
155102,1,3,113,4,1,80.0,0,I,MELB_URBAN,RAMP,12,8.0
155103,4,4,171,9,1,60.0,0,N,SMALL_CITIES,AVENUE,12,10.0
155104,1,3,110,1,1,50.0,0,I,TOWNS,STREET,12,11.0
155105,4,3,173,5,1,50.0,0,N,SMALL_CITIES,AVENUE,12,10.0
155106,1,4,113,1,1,60.0,0,I,MELB_URBAN,ROAD,12,10.0
155107,1,4,110,1,1,80.0,0,I,RURAL_VICTORIA,STREET,12,11.0
155108,4,2,171,5,5,50.0,0,N,MELB_URBAN,STREET,12,21.0
155109,2,4,100,5,1,50.0,0,N,SMALL_CITIES,STREET,12,11.0
155110,6,7,174,5,1,60.0,0,N,UNKNOWN,UNKNOWN,12,10.0
155111,1,3,130,5,1,80.0,0,N,RURAL_VICTORIA,ROAD,12,11.0
155112,1,1,120,5,1,60.0,0,N,RURAL_VICTORIA,ROAD,12,11.0
155113,1,6,121,5,1,50.0,0,N,MELB_URBAN,ROAD,12,18.0
155114,4,4,173,5,1,60.0,0,N,MELB_URBAN,ROAD,12,15.0
155115,2,3,99,5,1,50.0,0,N,TOWNS,STREET,12,11.0
155116,1,3,133,1,1,60.0,0,I,MELB_URBAN,STREET,12,12.0
155117,2,4,102,2,1,50.0,0,N,TOWNS,STREET,11,13.0
155118,1,3,130,2,1,60.0,0,I,MELB_URBAN,ROAD,12,17.0
155119,8,6,184,5,1,60.0,0,N,RURAL_VICTORIA,OTHER,12,10.0
155120,1,4,121,1,1,60.0,0,I,MELB_URBAN,STREET,12,17.0
155121,1,3,160,5,1,50.0,0,N,MELB_URBAN,STREET,12,16.0
155122,1,3,110,1,1,80.0,0,I,MELB_URBAN,ROAD,12,15.0
155123,2,7,102,2,6,60.0,0,I,MELB_URBAN,BOULEVARD,12,23.0
155124,4,4,173,5,5,80.0,0,N,MELB_URBAN,ROAD,12,23.0
155125,4,5,173,5,3,60.0,0,N,MELB_URBAN,STREET,12,1.0
155126,4,4,183,5,5,60.0,0,N,MELB_URBAN,STREET,12,0.0
155127,6,3,184,5,1,80.0,0,N,RURAL_VICTORIA,ROAD,12,12.0
155128,4,5,183,5,3,60.0,0,N,MELB_URBAN,DRIVE,12,4.0
155129,4,4,173,4,5,50.0,0,I,LARGE_PROVINCIAL_CITIES,DRIVE,12,23.0
155130,1,4,135,2,3,60.0,0,I,MELB_URBAN,ROAD,12,21.0
155131,8,7,174,2,1,60.0,0,I,MELB_URBAN,ROAD,12,9.0
155132,1,3,121,1,3,70.0,0,I,MELB_URBAN,STREET,9,19.0
155133,1,6,113,3,9,40.0,0,I,SMALL_CITIES,STREET,12,10.0
155134,2,5,102,5,1,60.0,0,N,MELB_URBAN,STREET,12,8.0
155135,2,5,100,5,1,60.0,0,N,MELB_URBAN,STREET,12,9.0
155136,1,5,130,5,1,70.0,0,N,MELB_URBAN,ROAD,12,10.0
155137,1,2,99,2,1,50.0,0,I,MELB_URBAN,DRIVE,12,15.0
155138,2,4,102,5,1,40.0,0,N,MELB_URBAN,STREET,12,12.0
155139,2,5,100,5,1,60.0,0,N,MELB_URBAN,OTHER,12,11.0
155140,6,5,184,5,1,100.0,0,N,RURAL_VICTORIA,ROAD,12,8.0
155141,1,4,121,1,1,60.0,0,I,MELB_URBAN,ROAD,12,9.0
155142,1,4,130,5,1,80.0,0,N,MELB_URBAN,ROAD,12,8.0
155143,1,4,113,1,1,80.0,0,I,MELB_URBAN,ROAD,12,10.0
155144,1,4,133,5,1,100.0,0,N,SMALL_CITIES,HIGHWAY,12,11.0
155145,1,5,110,1,1,80.0,0,I,MELB_URBAN,ROAD,12,6.0
155146,1,5,110,1,1,60.0,0,I,LARGE_PROVINCIAL_CITIES,STREET,12,15.0
155147,6,5,174,5,1,50.0,0,N,RURAL_VICTORIA,OTHER,12,13.0
155148,1,5,130,5,1,100.0,0,N,RURAL_VICTORIA,ROAD,12,13.0
155149,6,5,184,5,1,100.0,0,N,RURAL_VICTORIA,ROAD,12,13.0
155150,4,3,99,5,1,50.0,0,N,SMALL_TOWNS,OTHER,12,17.0
155151,1,4,113,2,1,50.0,0,I,MELB_URBAN,DRIVE,12,12.0
155152,1,5,133,5,1,100.0,0,N,MELB_URBAN,FREEWAY,12,15.0
155153,8,2,174,1,9,60.0,0,I,MELB_URBAN,ROAD,12,17.0
155154,1,4,121,2,1,60.0,0,I,MELB_URBAN,ROAD,12,16.0
155155,6,5,174,5,1,40.0,0,N,MELB_URBAN,STREET,12,15.0
155156,1,5,121,1,1,50.0,0,N,TOWNS,ROAD,12,17.0
155157,1,5,130,5,1,80.0,0,N,MELB_URBAN,ROAD,12,17.0
155158,4,4,171,2,1,100.0,0,I,MELB_URBAN,ROAD,12,15.0
155159,1,4,110,1,2,60.0,0,I,MELB_URBAN,ROAD,12,19.0
155160,2,3,99,5,3,50.0,0,N,SMALL_CITIES,OTHER,12,20.0
155161,4,4,171,5,1,50.0,0,N,MELB_URBAN,STREET,12,15.0
155162,1,5,113,2,2,60.0,0,I,MELB_URBAN,DRIVE,12,21.0
155163,5,5,171,5,3,60.0,0,N,MELB_URBAN,ROAD,12,3.0
155164,1,4,130,4,1,60.0,0,N,LARGE_PROVINCIAL_CITIES,ROAD,12,12.0
155165,1,5,130,1,1,40.0,0,I,MELBOURNE_CBD,STREET,12,6.0
155166,3,5,167,5,1,100.0,0,N,RURAL_VICTORIA,ROAD,12,7.0
155167,4,5,173,5,1,80.0,0,N,RURAL_VICTORIA,ROAD,12,10.0
155168,6,5,99,5,1,60.0,0,N,MELB_URBAN,ROAD,9,9.0
155169,1,3,110,1,1,50.0,0,I,TOWNS,STREET,12,17.0
155170,1,6,130,2,1,100.0,0,I,RURAL_VICTORIA,ROAD,12,11.0
155171,1,6,130,5,1,100.0,0,N,MELB_URBAN,RAMP,12,12.0
155172,2,2,99,5,1,60.0,0,N,TOWNS,STREET,12,6.0
155173,1,6,113,2,1,60.0,0,I,SMALL_CITIES,DRIVE,12,13.0
155174,1,6,130,5,1,80.0,0,I,MELB_URBAN,ROAD,12,12.0
155175,6,6,99,5,1,100.0,0,N,RURAL_VICTORIA,AVENUE,12,14.0
155176,1,5,130,5,9,80.0,0,N,MELB_URBAN,ROAD,12,10.0
155177,1,6,113,2,1,80.0,0,I,MELB_URBAN,PARADE,12,14.0
155178,6,6,174,5,1,40.0,0,N,MELB_URBAN,OTHER,12,15.0
155179,4,6,171,2,1,40.0,0,N,MELB_URBAN,STREET,12,15.0
155180,1,6,116,1,1,60.0,0,I,TOWNS,STREET,12,16.0
155181,5,5,99,5,1,60.0,0,N,MELB_URBAN,ROAD,11,18.0
155182,2,6,100,5,1,40.0,0,N,SMALL_CITIES,STREET,12,17.0
155183,1,5,120,5,1,60.0,0,N,MELB_URBAN,UNKNOWN,12,9.0
155184,1,2,99,1,1,60.0,0,I,MELB_URBAN,STREET,12,17.0
155185,1,6,110,1,1,60.0,0,I,LARGE_PROVINCIAL_CITIES,STREET,12,16.0
155186,8,4,174,1,1,60.0,0,N,MELB_URBAN,ROAD,11,15.0
155187,1,2,130,5,5,100.0,0,N,MELB_URBAN,RAMP,6,5.0
155188,1,6,160,5,1,60.0,0,N,MELB_URBAN,ROAD,12,16.0
155189,1,5,113,4,1,60.0,0,I,MELB_URBAN,ROAD,12,19.0
155190,4,5,181,5,1,60.0,0,N,RURAL_VICTORIA,ROAD,12,19.0
155191,1,5,140,2,1,50.0,0,I,MELB_URBAN,ROAD,12,19.0
155192,1,6,130,5,1,60.0,0,N,SMALL_CITIES,STREET,12,17.0
155193,2,6,99,5,1,50.0,0,N,MELB_URBAN,STREET,12,19.0
155194,6,6,174,5,1,80.0,0,N,RURAL_VICTORIA,UNKNOWN,12,20.0
155195,4,6,173,5,3,50.0,0,N,MELB_URBAN,STREET,12,0.0
155196,1,7,163,5,3,40.0,0,N,MELB_URBAN,STREET,12,1.0
155197,1,7,133,5,1,100.0,0,N,RURAL_VICTORIA,ROAD,12,8.0
155198,1,7,160,5,2,60.0,0,N,MELB_URBAN,OTHER,12,5.0
155199,1,7,130,5,1,60.0,0,N,MELB_URBAN,ROAD,12,9.0
155200,1,7,130,1,1,80.0,0,I,RURAL_VICTORIA,HIGHWAY,12,9.0
155201,1,7,130,5,1,40.0,0,N,LARGE_PROVINCIAL_CITIES,ROAD,12,10.0
155202,1,7,113,1,1,80.0,0,I,MELB_URBAN,ROAD,12,12.0
155203,1,7,130,5,1,40.0,0,N,MELB_URBAN,ROAD,12,14.0
155204,1,6,99,5,1,60.0,0,I,MELB_URBAN,ROAD,12,13.0
155205,4,5,173,5,2,60.0,0,N,MELB_URBAN,ROAD,12,20.0
155206,1,7,140,2,1,40.0,0,N,MELB_URBAN,STREET,12,16.0
155207,1,7,130,4,1,60.0,0,I,MELB_URBAN,FREEWAY,12,13.0
155208,1,6,113,1,3,80.0,0,I,MELB_URBAN,ROAD,12,21.0
155209,8,7,170,5,1,70.0,0,N,LARGE_PROVINCIAL_CITIES,ROAD,12,17.0
155210,2,6,99,5,1,60.0,0,N,MELB_URBAN,STREET,12,19.0
155211,4,6,171,5,1,60.0,0,N,MELB_URBAN,ROAD,12,18.0
155212,5,7,173,5,2,100.0,0,N,MELB_URBAN,RAMP,12,20.0
155213,1,7,110,1,1,100.0,1,I,RURAL_VICTORIA,ROAD,12,12.0
155214,4,7,171,5,1,50.0,0,N,MELB_URBAN,DRIVE,12,17.0
155215,4,7,173,5,2,80.0,0,N,RURAL_VICTORIA,ROAD,12,20.0
155216,1,1,99,5,3,50.0,0,N,MELB_URBAN,ROAD,1,0.0
155217,1,1,130,5,3,40.0,0,N,SMALL_CITIES,ROAD,1,0.0
155218,6,7,174,5,1,60.0,1,N,RURAL_VICTORIA,ROAD,12,19.0
155219,4,1,173,5,4,60.0,0,N,MELB_URBAN,ROAD,1,1.0
155220,2,1,102,2,4,50.0,0,N,MELB_URBAN,OTHER,1,0.0
155221,1,0,130,2,3,70.0,0,N,MELB_URBAN,ROAD,1,2.0
155222,1,6,120,5,3,50.0,0,N,MELB_URBAN,DRIVE,12,22.0
155223,2,1,99,5,5,50.0,0,N,TOWNS,STREET,1,0.0
155224,1,7,116,2,1,80.0,0,I,RURAL_VICTORIA,ROAD,12,11.0
155225,1,6,132,3,1,80.0,0,I,RURAL_VICTORIA,ROAD,12,14.0
155226,3,1,167,5,1,80.0,0,N,RURAL_VICTORIA,ROAD,1,10.0
155227,1,1,132,5,1,100.0,0,N,RURAL_VICTORIA,ROAD,1,9.0
155228,1,0,110,1,1,60.0,0,I,MELB_URBAN,ROAD,1,11.0
155229,4,1,173,5,1,60.0,0,N,LARGE_PROVINCIAL_CITIES,STREET,1,8.0
155230,1,1,160,5,3,60.0,0,N,MELB_URBAN,ROAD,1,1.0
155231,1,6,121,1,1,100.0,0,I,RURAL_VICTORIA,HIGHWAY,12,20.0
155232,1,0,120,5,1,80.0,0,N,RURAL_VICTORIA,ROAD,1,13.0
155233,1,5,99,1,9,40.0,0,I,MELB_URBAN,ROAD,12,23.0
155234,1,0,110,1,1,60.0,0,I,RURAL_VICTORIA,ROAD,1,12.0
155235,1,1,140,5,1,60.0,0,N,SMALL_TOWNS,STREET,1,11.0
155236,1,0,110,1,1,50.0,0,I,SMALL_CITIES,PARADE,1,17.0
155237,1,0,99,5,1,50.0,0,I,MELB_URBAN,OTHER,1,16.0
155238,1,5,130,4,1,80.0,0,I,MELB_URBAN,ROAD,12,13.0
155239,1,1,116,2,1,70.0,0,I,MELB_URBAN,ROAD,1,16.0
155240,1,1,116,2,1,50.0,0,I,MELB_URBAN,AVENUE,1,15.0
155241,6,1,174,5,1,60.0,0,N,MELB_URBAN,ROAD,1,18.0
155242,2,1,99,1,1,60.0,0,N,MELB_URBAN,ROAD,1,19.0
155243,1,7,121,4,2,60.0,0,I,MELB_URBAN,ROAD,12,20.0
155244,4,1,183,5,1,60.0,0,N,MELB_URBAN,ROAD,1,9.0
155245,4,1,99,2,3,60.0,0,I,MELB_URBAN,STREET,1,23.0
155246,4,1,171,2,3,60.0,0,I,MELB_URBAN,ROAD,1,2.0
155247,6,2,184,5,1,100.0,0,N,RURAL_VICTORIA,HIGHWAY,12,14.0
155248,4,4,171,5,3,60.0,0,N,MELB_URBAN,ROAD,12,0.0
155249,4,5,99,2,1,100.0,0,I,RURAL_VICTORIA,ROAD,12,15.0
155250,1,2,99,5,1,50.0,0,N,TOWNS,HIGHWAY,12,15.0
155251,8,1,99,5,1,50.0,0,N,TOWNS,STREET,1,8.0
155252,4,2,173,2,1,70.0,0,N,MELB_URBAN,ROAD,1,8.0
155253,1,1,135,5,1,50.0,0,N,SMALL_CITIES,STREET,1,9.0
155254,1,0,110,1,1,50.0,0,I,MELB_URBAN,STREET,1,20.0
155255,4,1,183,5,1,80.0,0,N,RURAL_VICTORIA,ROAD,1,8.0
155256,1,1,110,1,1,80.0,0,I,RURAL_VICTORIA,ROAD,1,12.0
155257,1,1,121,2,3,70.0,0,I,MELB_URBAN,ROAD,1,20.0
155258,1,2,147,5,1,50.0,0,N,MELB_URBAN,ROAD,1,13.0
155259,1,1,134,5,1,100.0,0,N,RURAL_VICTORIA,HIGHWAY,1,17.0
155260,1,2,121,2,3,60.0,0,I,MELB_URBAN,STREET,12,21.0
155261,1,2,120,5,1,100.0,0,N,RURAL_VICTORIA,ROAD,1,14.0
155262,1,3,140,2,1,80.0,0,I,MELB_URBAN,ROAD,12,18.0
155263,1,1,133,5,1,110.0,0,N,RURAL_VICTORIA,FREEWAY,1,15.0
155264,1,1,110,1,1,60.0,0,N,MELB_URBAN,STREET,1,16.0
155265,1,1,120,5,1,60.0,0,N,MELB_URBAN,ROAD,1,18.0
155266,1,2,110,1,1,70.0,0,I,MELB_URBAN,ROAD,1,14.0
155267,2,2,99,5,9,50.0,0,N,MELB_URBAN,AVENUE,12,0.0
155268,1,1,121,2,2,40.0,0,I,MELB_URBAN,STREET,1,20.0
155269,1,1,130,5,1,60.0,0,N,LARGE_PROVINCIAL_CITIES,ROAD,1,16.0
155270,1,2,130,5,5,80.0,0,N,MELB_URBAN,ROAD,1,21.0
155271,1,3,130,5,3,40.0,0,N,MELB_URBAN,FREEWAY,1,0.0
155272,1,2,130,2,3,60.0,0,N,TOWNS,STREET,1,2.0
155273,1,5,135,2,1,60.0,0,N,MELB_URBAN,ROAD,12,7.0
155274,1,3,133,5,1,70.0,0,N,MELB_URBAN,ROAD,1,7.0
155275,1,5,130,2,1,80.0,0,I,MELB_URBAN,ROAD,12,15.0
155276,1,3,113,2,1,50.0,0,I,RURAL_VICTORIA,DRIVE,1,8.0
155277,1,2,130,5,1,80.0,0,N,MELB_URBAN,HIGHWAY,11,18.0
155278,1,5,130,2,1,60.0,0,I,SMALL_CITIES,AVENUE,12,16.0
155279,6,5,174,2,1,60.0,0,I,SMALL_CITIES,DRIVE,12,16.0
155280,1,5,130,5,1,70.0,0,N,MELB_URBAN,ROAD,12,14.0
155281,6,1,174,1,1,50.0,0,I,MELB_URBAN,ROAD,12,10.0
155282,1,2,99,2,1,40.0,0,I,MELB_URBAN,DRIVE,1,12.0
155283,4,3,181,5,1,80.0,0,N,RURAL_VICTORIA,ROAD,1,13.0
155284,1,3,99,5,1,40.0,0,N,MELB_URBAN,OTHER,1,12.0
155285,1,2,163,5,1,40.0,0,N,MELB_URBAN,STREET,1,13.0
155286,1,3,147,5,1,60.0,0,N,MELB_URBAN,ROAD,1,13.0
155287,1,2,111,1,1,50.0,0,I,MELB_URBAN,STREET,1,13.0
155288,1,3,121,2,1,60.0,0,I,MELB_URBAN,ROAD,1,11.0
155289,1,2,130,1,1,70.0,0,I,MELB_URBAN,STREET,1,14.0
155290,1,2,147,5,1,60.0,0,N,MELB_URBAN,AVENUE,1,11.0
155291,8,2,174,5,1,50.0,0,N,MELB_URBAN,ROAD,12,10.0
155292,1,3,111,1,1,60.0,0,I,TOWNS,STREET,1,15.0
155293,8,3,99,5,1,100.0,0,N,RURAL_VICTORIA,ROAD,1,15.0
155294,1,3,140,2,1,60.0,0,I,MELB_URBAN,ROAD,1,17.0
155295,1,3,132,5,9,60.0,0,N,MELB_URBAN,ROAD,11,14.0
155296,4,2,171,2,1,80.0,0,I,RURAL_VICTORIA,UNKNOWN,1,17.0
155297,4,2,183,2,2,80.0,0,I,RURAL_VICTORIA,ROAD,1,19.0
155298,1,6,130,1,9,60.0,0,I,MELB_URBAN,ROAD,12,13.0
155299,1,3,130,5,2,60.0,0,N,MELB_URBAN,ROAD,1,17.0
155300,1,2,99,2,1,50.0,0,I,MELB_URBAN,BOULEVARD,1,15.0
155301,2,3,100,5,3,60.0,0,N,MELB_URBAN,ROAD,1,21.0
155302,1,3,99,5,1,60.0,0,N,RURAL_VICTORIA,ROAD,1,14.0
155303,1,3,130,5,3,40.0,0,N,MELB_URBAN,ROAD,1,23.0
155304,1,3,110,1,3,80.0,0,I,MELB_URBAN,ROAD,1,22.0
155305,1,1,163,5,1,60.0,0,N,MELB_URBAN,ROAD,1,9.0
155306,4,4,173,2,3,60.0,0,N,MELB_URBAN,ROAD,1,1.0
155307,7,2,99,2,1,60.0,0,I,RURAL_VICTORIA,ROAD,5,12.0
155308,1,6,113,2,1,40.0,0,I,MELB_URBAN,STREET,12,13.0
155309,1,7,147,9,3,50.0,0,N,RURAL_VICTORIA,OTHER,12,1.0
155310,1,3,135,5,1,80.0,0,N,MELB_URBAN,ROAD,1,10.0
155311,8,7,174,2,1,60.0,0,I,RURAL_VICTORIA,ROAD,12,12.0
155312,1,7,113,2,3,60.0,0,I,MELB_URBAN,ROAD,1,21.0
155313,1,4,113,2,1,60.0,0,N,MELB_URBAN,ROAD,1,13.0
155314,1,1,130,5,9,40.0,0,N,MELB_URBAN,STREET,12,18.0
155315,4,6,171,5,9,60.0,0,N,RURAL_VICTORIA,OTHER,12,17.0
155316,1,4,110,1,1,60.0,0,I,MELB_URBAN,STREET,1,14.0
155317,1,3,121,1,1,40.0,0,I,MELBOURNE_CBD,STREET,1,17.0
155318,6,3,174,5,2,60.0,0,N,RURAL_VICTORIA,DRIVE,1,20.0
155319,1,3,121,5,1,80.0,0,N,RURAL_VICTORIA,ROAD,1,16.0
155320,4,4,171,5,1,110.0,0,N,SMALL_TOWNS,FREEWAY,1,16.0
155321,1,4,130,5,1,80.0,0,N,MELB_URBAN,ROAD,1,17.0
155322,6,4,99,5,1,100.0,0,N,MELB_URBAN,FREEWAY,1,19.0
155323,1,3,140,5,1,60.0,0,N,MELB_URBAN,STREET,1,15.0
155324,1,4,110,1,1,100.0,1,I,RURAL_VICTORIA,ROAD,1,16.0
155325,4,4,171,5,1,100.0,0,N,RURAL_VICTORIA,FREEWAY,1,16.0