,accident_type,day_of_week,dca_code,road_geometry,light_condition,speed_zone,severity,node_type,deg_urban_name,road_type,month,hour
155326,1,4,121,2,2,80.0,0,N,MELB_URBAN,ROAD,1,20.0
155327,2,7,102,1,1,60.0,0,I,MELB_URBAN,STREET,12,19.0
155328,1,2,130,2,9,60.0,0,I,MELB_URBAN,ROAD,12,19.0
155329,2,5,99,5,3,40.0,0,I,MELBOURNE_CBD,OTHER,1,3.0
155330,1,4,130,1,1,60.0,0,N,MELB_URBAN,ROAD,12,12.0
155331,1,4,130,5,1,60.0,0,N,MELB_URBAN,RAMP,12,15.0
155332,1,1,130,1,1,60.0,0,I,MELB_URBAN,STREET,12,12.0
155333,1,4,160,2,2,60.0,0,I,MELB_URBAN,PARADE,1,5.0
155334,8,1,174,5,1,80.0,0,N,UNKNOWN,ROAD,12,19.0
155335,2,5,100,1,1,80.0,0,I,MELB_URBAN,ROAD,1,8.0
155336,1,2,130,1,1,80.0,0,I,RURAL_VICTORIA,ROAD,11,8.0
155337,1,7,135,5,1,40.0,0,N,MELB_URBAN,STREET,6,9.0
155338,1,3,130,2,1,100.0,0,N,RURAL_VICTORIA,HIGHWAY,1,15.0
155339,1,2,99,2,1,60.0,0,I,MELB_URBAN,ROAD,1,14.0
155340,1,4,130,1,1,80.0,0,I,MELB_URBAN,ROAD,1,7.0
155341,1,5,120,5,1,80.0,1,N,RURAL_VICTORIA,HIGHWAY,1,6.0
155342,1,1,130,5,1,80.0,0,N,MELB_URBAN,ROAD,12,12.0
155343,2,5,99,5,1,50.0,0,N,MELB_URBAN,BOULEVARD,1,12.0
155344,1,4,130,5,1,80.0,0,N,MELB_URBAN,FREEWAY,1,9.0
155345,2,3,99,5,1,60.0,0,N,MELB_URBAN,ROAD,12,20.0
155346,1,5,120,5,1,60.0,0,N,MELB_URBAN,ROAD,1,11.0
155347,1,4,110,1,1,60.0,0,N,MELB_URBAN,ROAD,1,13.0
155348,1,4,130,5,1,60.0,0,N,MELB_URBAN,ROAD,10,14.0
155349,1,5,113,2,1,80.0,0,I,RURAL_VICTORIA,ROAD,1,15.0
155350,4,5,171,4,1,80.0,0,I,RURAL_VICTORIA,RAMP,1,13.0
155351,1,5,110,1,1,40.0,0,I,MELB_URBAN,STREET,1,15.0
155352,5,4,171,5,1,60.0,0,N,MELB_URBAN,DRIVE,1,15.0
155353,1,4,120,5,1,60.0,0,N,MELB_URBAN,ROAD,1,15.0
155354,1,3,130,1,1,60.0,0,I,MELB_URBAN,ROAD,1,17.0
155355,1,5,113,1,1,70.0,0,I,MELB_URBAN,ROAD,1,17.0
155356,1,3,130,5,1,60.0,0,N,MELB_URBAN,ROAD,1,15.0
155357,1,4,134,5,1,80.0,0,N,MELB_URBAN,ROAD,1,19.0
155358,1,5,130,5,2,60.0,0,N,RURAL_VICTORIA,HIGHWAY,1,20.0
155359,6,5,174,5,2,100.0,0,N,RURAL_VICTORIA,ROAD,11,19.0
155360,1,5,111,4,3,80.0,0,N,MELB_URBAN,STREET,1,21.0
155361,1,5,130,5,5,100.0,0,N,RURAL_VICTORIA,HIGHWAY,1,22.0
155362,1,4,160,5,3,60.0,0,N,MELB_URBAN,ROAD,1,22.0
155363,4,5,181,5,1,80.0,0,N,RURAL_VICTORIA,ROAD,1,14.0
155364,1,4,134,5,3,80.0,0,N,MELB_URBAN,ROAD,1,23.0
155365,6,5,174,5,1,40.0,0,N,MELBOURNE_CBD,STREET,1,10.0
155366,1,5,121,1,2,50.0,0,I,MELB_URBAN,ROAD,1,7.0
155367,1,5,160,5,1,60.0,0,N,TOWNS,ROAD,1,13.0
155368,1,4,121,2,1,70.0,0,I,MELB_URBAN,STREET,1,13.0
155369,1,1,116,1,6,70.0,0,I,MELB_URBAN,ROAD,1,2.0
155370,1,4,99,1,2,80.0,0,N,MELB_URBAN,BOULEVARD,12,5.0
155371,1,6,113,1,1,100.0,0,I,RURAL_VICTORIA,HIGHWAY,1,8.0
155372,4,6,171,5,1,60.0,0,N,MELB_URBAN,ROAD,1,6.0
155373,1,6,120,5,1,50.0,0,N,SMALL_TOWNS,OTHER,12,16.0
155374,3,4,167,5,5,100.0,0,N,RURAL_VICTORIA,ROAD,9,2.0
155375,1,6,130,5,2,60.0,0,N,MELB_URBAN,ROAD,1,6.0
155376,6,4,174,1,1,60.0,0,I,RURAL_VICTORIA,ROAD,1,7.0
155377,1,6,110,1,1,100.0,0,I,RURAL_VICTORIA,HIGHWAY,1,10.0
155378,1,5,111,2,3,60.0,0,I,MELB_URBAN,ROAD,10,21.0
155379,1,5,130,5,1,60.0,0,N,MELB_URBAN,ROAD,1,9.0
155380,1,6,120,5,1,100.0,1,N,RURAL_VICTORIA,HIGHWAY,1,8.0
155381,1,4,130,5,9,100.0,0,N,MELB_URBAN,RAMP,1,17.0
155382,1,5,121,1,1,60.0,0,I,MELB_URBAN,ROAD,1,7.0
155383,1,6,111,2,1,100.0,0,I,RURAL_VICTORIA,HIGHWAY,1,6.0
155384,1,6,99,5,1,50.0,0,N,MELB_URBAN,ROAD,1,12.0
155385,1,5,110,1,1,50.0,0,I,MELB_URBAN,HIGHWAY,1,11.0
155386,4,5,171,5,5,100.0,0,N,RURAL_VICTORIA,ROAD,1,22.0
155387,4,7,183,5,1,100.0,0,N,RURAL_VICTORIA,ROAD,12,17.0
155388,4,5,171,5,1,60.0,0,N,MELB_URBAN,ROAD,1,10.0
155389,1,2,121,1,3,60.0,0,I,MELB_URBAN,STREET,12,21.0
155390,1,0,113,1,1,60.0,0,I,SMALL_TOWNS,STREET,1,13.0
155391,4,5,181,5,1,80.0,0,N,RURAL_VICTORIA,ROAD,1,12.0
155392,1,6,120,5,1,50.0,0,N,MELB_URBAN,STREET,1,10.0
155393,1,6,121,1,1,60.0,0,I,SMALL_CITIES,AVENUE,1,14.0
155394,1,5,130,5,1,60.0,0,N,MELB_URBAN,ROAD,12,14.0
155395,1,6,120,5,1,100.0,0,N,RURAL_VICTORIA,ROAD,1,13.0
155396,2,4,102,5,9,50.0,0,N,MELB_URBAN,DRIVE,12,21.0
155397,1,7,130,1,9,60.0,0,I,MELB_URBAN,ROAD,12,19.0
155398,4,6,173,2,9,50.0,0,N,MELB_URBAN,AVENUE,12,21.0
155399,1,6,130,5,1,60.0,0,N,MELB_URBAN,RAMP,1,16.0
155400,8,6,174,5,1,100.0,0,N,RURAL_VICTORIA,ROAD,1,17.0
155401,1,5,110,1,1,60.0,0,I,MELB_URBAN,ROAD,1,10.0
155402,1,3,130,5,1,40.0,0,N,MELB_URBAN,ROAD,1,17.0
155403,6,6,174,5,1,40.0,0,N,MELB_URBAN,ROAD,1,18.0
155404,4,6,171,5,2,60.0,0,N,TOWNS,STREET,1,19.0
155405,1,6,99,5,3,70.0,0,N,MELB_URBAN,ROAD,1,21.0
155406,1,5,110,1,1,60.0,0,I,SMALL_CITIES,ROAD,1,18.0
155407,1,6,121,1,1,70.0,1,I,MELB_URBAN,HIGHWAY,1,14.0
155408,1,6,120,5,1,80.0,1,N,RURAL_VICTORIA,ROAD,1,15.0
155409,1,6,110,1,3,50.0,0,I,LARGE_PROVINCIAL_CITIES,ROAD,1,23.0
155410,3,6,167,5,5,100.0,0,N,RURAL_VICTORIA,ROAD,1,4.0
155411,1,7,99,2,1,60.0,0,I,MELB_URBAN,ROAD,12,10.0
155412,1,7,110,1,2,60.0,0,I,MELB_URBAN,ROAD,1,6.0
155413,4,7,181,2,1,60.0,0,I,RURAL_VICTORIA,ROAD,12,17.0
155414,1,7,130,5,1,80.0,0,N,MELB_URBAN,ROAD,1,7.0
155415,1,1,130,5,1,100.0,0,N,MELB_URBAN,FREEWAY,11,8.0
155416,1,7,113,2,1,60.0,0,I,TOWNS,ROAD,1,9.0
155417,1,7,113,2,1,60.0,0,N,MELB_URBAN,PARADE,1,10.0
155418,1,6,99,1,1,50.0,0,I,MELB_URBAN,STREET,1,10.0
155419,1,7,121,1,1,80.0,0,I,MELB_URBAN,HIGHWAY,1,11.0
155420,4,6,171,5,1,60.0,0,N,RURAL_VICTORIA,ROAD,1,12.0
155421,4,7,181,5,1,100.0,0,N,RURAL_VICTORIA,ROAD,1,10.0
155422,4,7,171,5,1,100.0,0,N,RURAL_VICTORIA,ROAD,1,12.0
155423,1,5,110,1,1,60.0,0,N,MELB_URBAN,ROAD,1,17.0
155424,4,6,173,5,1,50.0,0,N,SMALL_CITIES,ROAD,1,15.0
155425,1,6,99,5,1,40.0,0,N,SMALL_CITIES,STREET,1,15.0
155426,1,7,116,2,1,70.0,0,I,MELB_URBAN,ROAD,1,15.0
155427,1,7,130,5,1,100.0,0,N,RURAL_VICTORIA,ROAD,1,15.0
155428,5,7,99,5,1,100.0,0,N,RURAL_VICTORIA,HIGHWAY,1,15.0
155429,4,7,171,5,1,60.0,1,N,RURAL_VICTORIA,ROAD,1,11.0
155430,4,7,183,5,1,80.0,0,N,RURAL_VICTORIA,ROAD,1,15.0
155431,1,6,130,5,1,80.0,0,N,RURAL_VICTORIA,ROAD,1,15.0
155432,1,6,121,2,1,40.0,0,I,MELB_URBAN,HIGHWAY,1,17.0
155433,2,6,99,5,1,50.0,0,N,MELB_URBAN,STREET,1,17.0
155434,1,7,133,5,1,50.0,0,N,TOWNS,ROAD,1,15.0
155435,1,7,113,2,1,80.0,0,N,RURAL_VICTORIA,ROAD,1,18.0
155436,2,6,102,1,2,60.0,0,N,MELB_URBAN,ROAD,1,20.0
155437,1,6,130,5,1,60.0,0,N,MELB_URBAN,ROAD,1,9.0
155438,6,7,184,5,1,80.0,0,N,RURAL_VICTORIA,ROAD,1,11.0
155439,1,7,121,2,3,60.0,0,I,TOWNS,AVENUE,1,21.0
155440,1,7,120,5,2,50.0,0,N,TOWNS,STREET,1,20.0
155441,1,6,110,1,2,50.0,0,I,LARGE_PROVINCIAL_CITIES,STREET,1,20.0
155442,4,0,183,5,3,60.0,0,N,MELB_URBAN,STREET,1,1.0
155443,1,1,99,1,1,70.0,0,I,LARGE_PROVINCIAL_CITIES,OTHER,1,7.0
155444,1,5,121,1,1,60.0,0,I,MELB_URBAN,BOULEVARD,12,17.0
155445,4,0,171,5,1,50.0,0,N,MELB_URBAN,STREET,1,10.0
155446,1,6,163,2,1,40.0,0,N,MELBOURNE_CBD,STREET,1,18.0
155447,1,1,147,2,1,60.0,0,I,TOWNS,AVENUE,1,8.0
155448,1,0,121,2,1,80.0,0,N,RURAL_VICTORIA,ROAD,1,10.0
155449,1,5,99,1,1,60.0,0,I,SMALL_TOWNS,HIGHWAY,12,10.0
155450,4,0,171,5,1,80.0,0,N,RURAL_VICTORIA,ROAD,1,8.0
155451,1,1,110,1,1,80.0,0,I,MELB_URBAN,ROAD,1,10.0
155452,4,1,181,5,1,100.0,0,N,RURAL_VICTORIA,ROAD,1,12.0
155453,1,0,134,1,1,60.0,0,N,MELB_URBAN,STREET,1,12.0
155454,1,1,116,2,1,60.0,0,I,RURAL_VICTORIA,STREET,1,12.0
155455,6,1,174,5,1,50.0,0,N,SMALL_CITIES,AVENUE,1,13.0
155456,1,0,134,5,1,80.0,0,N,MELB_URBAN,FREEWAY,1,13.0
155457,1,6,121,2,1,60.0,0,I,MELB_URBAN,STREET,1,16.0
155458,1,0,121,2,1,70.0,0,I,SMALL_CITIES,ROAD,1,12.0
155459,1,1,113,2,1,70.0,0,I,MELB_URBAN,HIGHWAY,1,14.0
155460,4,0,99,5,1,100.0,0,N,MELB_URBAN,ROAD,1,13.0
155461,4,1,183,5,1,80.0,0,N,RURAL_VICTORIA,HIGHWAY,1,13.0
155462,1,0,121,2,1,60.0,0,I,MELB_URBAN,ROAD,1,11.0
155463,3,1,167,5,1,80.0,0,N,RURAL_VICTORIA,OTHER,1,13.0
155464,4,0,183,5,2,60.0,0,N,MELB_URBAN,RAMP,12,6.0
155465,1,1,121,1,1,60.0,0,I,MELB_URBAN,STREET,1,15.0
155466,4,1,181,5,1,80.0,0,N,RURAL_VICTORIA,ROAD,1,13.0
155467,4,7,181,5,5,100.0,0,N,RURAL_VICTORIA,ROAD,1,22.0
155468,1,0,160,9,1,50.0,0,N,MELB_URBAN,ROAD,1,17.0
155469,1,0,160,5,1,50.0,0,N,SMALL_TOWNS,STREET,1,17.0
155470,2,0,100,5,1,50.0,0,N,MELB_URBAN,STREET,1,19.0
155471,1,5,130,5,1,100.0,0,N,MELB_URBAN,FREEWAY,1,12.0
155472,4,3,171,5,1,60.0,0,N,RURAL_VICTORIA,OTHER,1,11.0
155473,4,1,183,5,5,60.0,0,N,SMALL_CITIES,STREET,1,20.0
155474,1,4,116,4,1,60.0,0,I,MELB_URBAN,ROAD,1,14.0
155475,1,1,160,5,1,60.0,0,N,UNKNOWN,ROAD,1,12.0
155476,4,1,173,2,5,50.0,0,I,RURAL_VICTORIA,BOULEVARD,1,21.0
155477,1,1,110,1,1,60.0,0,I,SMALL_CITIES,PARADE,1,7.0
155478,4,2,173,5,1,100.0,0,N,RURAL_VICTORIA,HIGHWAY,1,7.0
155479,1,2,116,2,1,60.0,0,I,SMALL_CITIES,ROAD,1,7.0
155480,4,2,99,2,1,60.0,0,I,MELB_URBAN,OTHER,1,6.0
155481,1,6,130,2,3,80.0,0,I,MELB_URBAN,ROAD,1,22.0
155482,4,2,99,5,1,80.0,0,N,RURAL_VICTORIA,ROAD,1,6.0
155483,1,0,130,5,1,80.0,0,N,TOWNS,ROAD,1,12.0
155484,1,3,113,2,1,80.0,0,I,MELB_URBAN,HIGHWAY,12,16.0
155485,6,2,184,5,1,100.0,0,N,UNKNOWN,HIGHWAY,1,9.0
155486,1,2,130,5,1,110.0,0,N,RURAL_VICTORIA,FREEWAY,1,9.0
155487,1,1,111,2,1,60.0,0,I,MELB_URBAN,DRIVE,1,8.0
155488,1,2,113,2,1,80.0,0,I,MELB_URBAN,HIGHWAY,1,9.0
155489,1,3,120,5,1,100.0,0,N,RURAL_VICTORIA,HIGHWAY,1,11.0
155490,6,2,174,5,1,100.0,1,N,RURAL_VICTORIA,ROAD,1,7.0
155491,1,1,110,1,1,60.0,0,I,SMALL_CITIES,STREET,1,10.0
155492,1,4,130,2,1,80.0,0,I,MELB_URBAN,ROAD,1,13.0
155493,5,1,99,5,1,50.0,0,N,MELB_URBAN,ROAD,1,12.0
155494,1,1,99,5,1,80.0,0,N,RURAL_VICTORIA,ROAD,1,8.0
155495,4,2,181,5,1,80.0,0,N,RURAL_VICTORIA,ROAD,1,10.0
155496,1,1,130,5,1,100.0,0,N,RURAL_VICTORIA,FREEWAY,1,15.0
155497,4,1,99,5,1,110.0,0,N,RURAL_VICTORIA,FREEWAY,1,17.0
155498,1,1,110,1,1,60.0,0,I,LARGE_PROVINCIAL_CITIES,STREET,1,14.0
155499,6,1,99,5,1,80.0,0,N,RURAL_VICTORIA,ROAD,1,16.0
155500,2,2,100,5,1,40.0,0,N,MELB_URBAN,ROAD,1,17.0
155501,1,1,130,5,1,100.0,0,N,MELB_URBAN,FREEWAY,1,16.0
155502,1,6,99,5,1,40.0,0,N,MELB_URBAN,STREET,1,11.0
155503,1,2,99,2,2,50.0,0,I,MELB_URBAN,ROAD,1,6.0
155504,1,1,110,1,3,80.0,0,I,MELB_URBAN,AVENUE,1,21.0
155505,8,2,174,5,3,50.0,0,N,TOWNS,DRIVE,1,23.0
155506,1,2,121,1,3,70.0,0,I,MELB_URBAN,ROAD,1,2.0
155507,8,3,170,5,3,60.0,0,N,LARGE_PROVINCIAL_CITIES,ROAD,1,3.0
155508,6,4,174,2,1,100.0,0,I,RURAL_VICTORIA,ROAD,1,10.0
155509,1,2,110,1,1,80.0,0,I,RURAL_VICTORIA,ROAD,1,6.0
155510,3,5,167,5,2,110.0,0,N,RURAL_VICTORIA,FREEWAY,7,18.0
155511,1,3,110,1,1,50.0,0,I,TOWNS,STREET,1,8.0
155512,5,0,99,2,1,80.0,0,I,RURAL_VICTORIA,ROAD,1,9.0
155513,1,2,160,5,9,60.0,0,N,MELB_URBAN,ROAD,12,19.0
155514,1,5,116,1,3,60.0,0,N,SMALL_CITIES,HIGHWAY,1,21.0
155515,1,3,130,4,3,60.0,0,I,MELB_URBAN,RAMP,11,20.0
155516,4,1,173,5,1,80.0,0,N,MELB_URBAN,ROAD,1,8.0
155517,1,2,121,1,1,60.0,0,I,MELB_URBAN,ROAD,1,10.0
155518,1,3,110,1,1,50.0,0,I,MELB_URBAN,ROAD,1,16.0
155519,8,7,174,5,1,60.0,0,N,RURAL_VICTORIA,ROAD,1,13.0
155520,1,3,133,2,1,60.0,0,I,MELB_URBAN,ROAD,1,10.0
155521,6,2,174,2,1,60.0,0,I,MELB_URBAN,STREET,1,7.0
155522,4,3,173,5,1,110.0,0,N,RURAL_VICTORIA,FREEWAY,1,10.0
155523,1,2,113,2,1,60.0,0,I,MELB_URBAN,OTHER,1,11.0
155524,1,2,130,5,1,40.0,0,N,UNKNOWN,STREET,1,12.0
155525,1,1,130,5,1,100.0,0,N,MELB_URBAN,ROAD,1,17.0
155526,6,3,184,5,1,80.0,0,N,RURAL_VICTORIA,DRIVE,1,13.0
155527,1,3,134,5,1,80.0,0,N,MELB_URBAN,FREEWAY,1,13.0
155528,1,5,160,5,1,50.0,0,N,RURAL_VICTORIA,BOULEVARD,12,17.0
155529,6,1,174,2,1,60.0,0,I,RURAL_VICTORIA,OTHER,11,15.0
155530,1,2,140,2,1,60.0,0,I,MELB_URBAN,ROAD,1,15.0
155531,1,4,135,5,3,100.0,0,N,MELB_URBAN,UNKNOWN,1,22.0
155532,1,2,130,5,1,60.0,0,N,MELB_URBAN,ROAD,1,16.0
155533,1,3,130,5,1,110.0,0,N,RURAL_VICTORIA,HIGHWAY,1,15.0
155534,1,3,130,5,1,60.0,0,N,MELB_URBAN,STREET,1,16.0
155535,1,2,130,5,1,100.0,0,N,MELB_URBAN,FREEWAY,1,17.0
155536,6,1,170,5,1,60.0,0,N,RURAL_VICTORIA,ROAD,1,10.0
155537,1,2,130,5,1,60.0,0,N,MELB_URBAN,ROAD,1,16.0
155538,1,3,99,1,2,60.0,0,N,MELB_URBAN,ROAD,1,19.0
155539,1,3,130,1,1,60.0,0,N,MELB_URBAN,STREET,1,17.0
155540,4,3,171,5,1,50.0,1,N,MELB_URBAN,AVENUE,1,16.0
155541,1,4,160,5,1,50.0,0,N,MELB_URBAN,STREET,1,7.0
155542,3,3,167,5,5,100.0,0,N,RURAL_VICTORIA,ROAD,1,5.0
155543,1,2,134,5,2,100.0,0,N,MELB_URBAN,FREEWAY,1,6.0
155544,4,2,171,5,3,80.0,0,N,MELB_URBAN,ROAD,1,21.0
155545,1,0,135,5,2,50.0,0,N,MELB_URBAN,STREET,12,20.0
155546,1,3,110,1,3,50.0,0,I,MELB_URBAN,DRIVE,1,2.0
155547,1,2,160,5,1,100.0,0,N,UNKNOWN,ROAD,1,16.0
155548,1,0,110,1,3,50.0,0,I,SMALL_CITIES,HIGHWAY,12,0.0
155549,8,2,99,5,1,80.0,0,N,RURAL_VICTORIA,ROAD,1,12.0
155550,2,4,99,5,1,50.0,0,N,LARGE_PROVINCIAL_CITIES,STREET,1,9.0
155551,1,5,99,2,1,100.0,0,I,SMALL_TOWNS,HIGHWAY,1,12.0
155552,1,4,130,1,1,80.0,0,N,MELB_URBAN,ROAD,1,5.0
155553,1,3,130,5,1,70.0,0,N,MELB_URBAN,ROAD,1,8.0
155554,4,3,171,1,1,40.0,0,N,MELB_URBAN,STREET,1,10.0
155555,8,4,174,5,1,50.0,0,N,MELB_URBAN,ROAD,1,10.0
155556,1,3,130,5,1,40.0,0,N,RURAL_VICTORIA,ROAD,1,10.0
155557,2,6,100,5,9,40.0,0,N,MELBOURNE_CBD,STREET,11,20.0
155558,8,7,174,1,9,60.0,0,I,MELB_URBAN,STREET,12,15.0
155559,1,4,132,5,1,60.0,0,N,MELB_URBAN,STREET,1,10.0
155560,1,4,134,5,1,100.0,0,N,MELB_URBAN,ROAD,1,10.0
155561,2,4,100,2,1,40.0,0,I,MELB_URBAN,STREET,1,14.0
155562,1,3,121,1,1,60.0,0,I,MELB_URBAN,ROAD,1,15.0
155563,1,3,140,5,1,60.0,0,N,SMALL_CITIES,STREET,1,13.0
155564,1,3,130,5,1,80.0,0,N,MELB_URBAN,ROAD,1,13.0
155565,1,4,113,3,1,80.0,0,I,RURAL_VICTORIA,ROAD,1,13.0
155566,1,3,121,5,1,60.0,0,N,MELB_URBAN,ROAD,1,13.0
155567,1,4,134,5,1,60.0,0,N,MELB_URBAN,ROAD,1,6.0
155568,1,3,130,5,1,60.0,0,N,MELB_URBAN,FREEWAY,1,7.0
155569,1,6,130,1,3,60.0,0,I,LARGE_PROVINCIAL_CITIES,ROAD,8,22.0
155570,1,3,130,5,1,60.0,0,N,LARGE_PROVINCIAL_CITIES,STREET,11,17.0
155571,4,4,171,5,1,60.0,0,N,TOWNS,STREET,1,15.0
155572,1,3,110,1,1,60.0,0,I,SMALL_CITIES,STREET,1,16.0
155573,1,4,130,5,1,60.0,0,N,MELB_URBAN,STREET,1,13.0
155574,1,3,133,5,1,40.0,0,N,MELB_URBAN,ROAD,1,13.0
155575,1,3,147,2,1,60.0,0,I,MELBOURNE_CBD,STREET,1,12.0
155576,1,3,140,2,1,50.0,0,I,RURAL_VICTORIA,BOULEVARD,12,19.0
155577,6,4,99,5,1,100.0,0,N,RURAL_VICTORIA,ROAD,1,17.0
155578,1,4,121,2,1,60.0,0,N,MELB_URBAN,AVENUE,1,18.0
155579,1,4,110,1,1,40.0,0,I,MELB_URBAN,STREET,1,9.0
155580,1,4,133,5,3,60.0,0,N,SMALL_CITIES,STREET,1,21.0
155581,1,3,130,5,1,100.0,0,N,MELB_URBAN,FREEWAY,1,16.0
155582,5,2,99,5,1,50.0,0,N,MELB_URBAN,ROAD,12,11.0
155583,4,4,173,5,1,80.0,1,N,RURAL_VICTORIA,ROAD,1,15.0
155584,4,3,173,5,5,100.0,0,N,RURAL_VICTORIA,ROAD,1,4.0
155585,5,4,99,5,3,100.0,0,N,MELB_URBAN,FREEWAY,1,22.0
155586,4,5,99,2,3,60.0,0,I,MELB_URBAN,ROAD,1,4.0
155587,1,4,130,5,2,100.0,0,N,MELB_URBAN,FREEWAY,1,6.0
155588,1,3,110,1,1,60.0,0,I,MELB_URBAN,ROAD,1,8.0
155589,1,5,116,3,1,40.0,0,I,MELB_URBAN,ROAD,1,9.0
155590,8,1,99,2,1,100.0,0,I,RURAL_VICTORIA,ROAD,1,14.0
155591,6,4,99,5,1,60.0,0,N,MELB_URBAN,ROAD,1,9.0
155592,1,4,110,1,1,80.0,0,I,RURAL_VICTORIA,HIGHWAY,1,7.0
155593,8,3,99,2,1,100.0,0,N,RURAL_VICTORIA,ROAD,1,11.0
155594,1,4,99,2,3,60.0,0,N,MELB_URBAN,STREET,1,21.0
155595,1,5,120,5,1,80.0,0,N,RURAL_VICTORIA,ROAD,1,7.0
155596,1,4,130,1,1,60.0,0,N,MELB_URBAN,OTHER,1,8.0
155597,2,5,100,5,1,60.0,0,N,LARGE_PROVINCIAL_CITIES,STREET,12,13.0
155598,1,4,121,1,1,60.0,0,N,UNKNOWN,FREEWAY,1,10.0
155599,4,5,99,2,1,40.0,0,N,MELB_URBAN,ROAD,1,10.0
155600,1,4,110,1,1,60.0,0,N,MELB_URBAN,PARADE,1,10.0
155601,1,0,130,5,9,60.0,0,N,TOWNS,ROAD,1,21.0
155602,2,5,102,2,1,60.0,0,I,MELB_URBAN,UNKNOWN,1,8.0
155603,2,5,100,5,1,60.0,0,N,MELB_URBAN,ROAD,1,11.0
155604,1,5,135,5,1,70.0,0,N,MELB_URBAN,ROAD,1,11.0
155605,2,5,100,1,1,40.0,0,I,MELB_URBAN,STREET,1,11.0
155606,4,5,171,5,1,100.0,0,N,RURAL_VICTORIA,ROAD,1,12.0
155607,1,4,120,5,1,50.0,0,N,SMALL_CITIES,STREET,1,10.0
155608,1,4,113,2,1,70.0,0,I,MELB_URBAN,HIGHWAY,1,9.0
155609,1,1,121,4,1,70.0,0,N,RURAL_VICTORIA,ROAD,12,14.0
155610,1,1,160,5,1,50.0,0,N,MELB_URBAN,AVENUE,1,16.0
155611,1,4,99,5,1,100.0,0,N,RURAL_VICTORIA,ROAD,12,7.0
155612,1,5,121,1,1,80.0,0,N,MELB_URBAN,ROAD,1,8.0
155613,2,5,100,1,1,40.0,0,I,MELB_URBAN,DRIVE,1,12.0
155614,1,4,99,5,1,100.0,0,N,RURAL_VICTORIA,RAMP,1,13.0
155615,8,1,99,5,1,60.0,0,N,RURAL_VICTORIA,ROAD,1,15.0
155616,2,2,99,5,1,40.0,0,N,MELB_URBAN,STREET,1,18.0
155617,8,5,99,5,1,70.0,0,N,RURAL_VICTORIA,ROAD,1,14.0
155618,2,4,100,5,1,50.0,0,N,MELB_URBAN,STREET,1,14.0
155619,2,5,99,5,1,50.0,0,N,TOWNS,STREET,1,13.0
155620,1,0,130,5,1,60.0,0,N,MELB_URBAN,STREET,11,11.0
155621,2,3,100,5,6,60.0,0,N,MELB_URBAN,ROAD,1,22.0
155622,1,5,99,2,1,60.0,0,I,LARGE_PROVINCIAL_CITIES,OTHER,1,17.0
155623,1,5,110,1,1,80.0,0,I,TOWNS,HIGHWAY,1,16.0
155624,4,4,171,5,1,110.0,0,N,SMALL_CITIES,FREEWAY,1,16.0
155625,4,5,181,5,1,80.0,0,N,RURAL_VICTORIA,ROAD,1,17.0
155626,2,0,100,5,9,50.0,0,N,MELB_URBAN,AVENUE,1,19.0
155627,1,5,132,2,1,60.0,0,I,SMALL_TOWNS,ROAD,1,14.0
155628,1,3,130,5,3,100.0,0,N,MELB_URBAN,ROAD,8,18.0
155629,6,1,174,5,1,100.0,0,N,RURAL_VICTORIA,ROAD,12,13.0
155630,4,4,173,5,1,100.0,0,N,RURAL_VICTORIA,ROAD,1,16.0
155631,1,4,99,5,1,60.0,0,N,MELB_URBAN,ROAD,1,15.0
155632,1,5,111,2,1,70.0,0,I,MELB_URBAN,STREET,1,14.0
155633,1,4,130,5,1,60.0,0,N,MELB_URBAN,ROAD,1,17.0
155634,1,3,113,2,1,50.0,0,N,RURAL_VICTORIA,ROAD,1,15.0
155635,1,4,130,5,1,80.0,0,N,MELB_URBAN,ROAD,1,15.0
155636,6,5,99,1,1,70.0,0,I,MELB_URBAN,ROAD,1,17.0
155637,4,5,171,5,5,50.0,0,N,TOWNS,HIGHWAY,1,21.0
155638,2,4,100,5,1,40.0,0,N,MELB_URBAN,STREET,1,17.0
155639,1,5,99,5,1,50.0,0,N,LARGE_PROVINCIAL_CITIES,STREET,1,16.0
155640,1,3,147,5,3,60.0,0,N,MELB_URBAN,PARADE,1,22.0
155641,1,6,113,2,3,80.0,0,I,MELB_URBAN,ROAD,1,4.0
155642,1,5,99,5,2,50.0,0,N,MELB_URBAN,STREET,1,6.0
155643,1,4,121,5,1,80.0,0,N,MELB_URBAN,ROAD,1,16.0
155644,4,5,181,1,1,60.0,0,I,MELB_URBAN,STREET,1,7.0
155645,1,6,130,5,5,100.0,1,N,MELB_URBAN,ROAD,1,4.0
155646,6,1,174,5,5,80.0,0,N,RURAL_VICTORIA,ROAD,1,22.0
155647,8,0,99,5,1,80.0,0,N,RURAL_VICTORIA,ROAD,12,11.0
155648,1,3,130,5,1,80.0,0,N,MELB_URBAN,ROAD,12,11.0
155649,1,7,99,5,1,50.0,0,N,MELB_URBAN,STREET,12,9.0
155650,1,6,121,1,1,60.0,0,I,MELB_URBAN,STREET,1,11.0
155651,1,3,130,5,1,60.0,0,N,MELB_URBAN,ROAD,12,15.0