,accident_type,day_of_week,dca_code,road_geometry,light_condition,speed_zone,severity,node_type,deg_urban_name,road_type,month,hour
155652,1,6,111,4,1,50.0,0,N,MELB_URBAN,STREET,1,9.0
155653,1,5,121,2,3,80.0,0,I,MELB_URBAN,ROAD,1,21.0
155654,1,5,160,5,1,60.0,0,N,MELB_URBAN,ROAD,1,11.0
155655,1,6,99,5,1,50.0,0,N,MELB_URBAN,OTHER,1,12.0
155656,1,5,99,1,1,50.0,0,N,MELB_URBAN,STREET,1,8.0
155657,6,6,174,5,1,40.0,0,N,MELBOURNE_CBD,STREET,1,11.0
155658,1,5,133,2,1,60.0,0,I,MELB_URBAN,ROAD,1,12.0
155659,1,5,140,5,1,50.0,0,N,LARGE_PROVINCIAL_CITIES,STREET,1,16.0
155660,1,0,130,5,1,60.0,0,N,MELB_URBAN,ROAD,2,12.0
155661,1,5,121,2,1,70.0,0,I,MELB_URBAN,STREET,1,14.0
155662,1,6,160,5,1,60.0,0,N,UNKNOWN,ROAD,1,14.0
155663,1,5,140,5,1,50.0,0,N,MELB_URBAN,DRIVE,1,11.0
155664,2,5,102,5,1,60.0,0,N,MELB_URBAN,ROAD,1,14.0
155665,1,5,130,5,1,80.0,0,N,SMALL_CITIES,DRIVE,1,15.0
155666,6,3,184,2,1,60.0,0,I,MELB_URBAN,ROAD,1,13.0
155667,1,5,133,5,1,60.0,0,N,TOWNS,STREET,1,17.0
155668,2,4,99,5,3,60.0,0,N,MELB_URBAN,ROAD,12,4.0
155669,1,6,130,1,1,60.0,0,N,MELB_URBAN,ROAD,1,16.0
155670,1,4,130,2,1,100.0,0,I,RURAL_VICTORIA,HIGHWAY,11,15.0
155671,4,6,173,5,1,100.0,0,N,RURAL_VICTORIA,HIGHWAY,1,15.0
155672,1,6,130,5,1,70.0,0,N,MELB_URBAN,ROAD,1,16.0
155673,1,5,130,5,1,80.0,0,N,MELB_URBAN,ROAD,1,15.0
155674,1,3,120,5,1,100.0,0,N,RURAL_VICTORIA,ROAD,1,11.0
155675,1,6,113,1,1,60.0,0,I,MELB_URBAN,HIGHWAY,1,15.0
155676,1,6,99,1,1,50.0,0,I,MELB_URBAN,ROAD,1,13.0
155677,1,7,130,5,1,60.0,0,N,MELB_URBAN,ROAD,1,18.0
155678,1,6,99,5,3,70.0,0,N,MELB_URBAN,ROAD,1,2.0
155679,1,5,120,1,2,60.0,0,I,MELB_URBAN,ROAD,1,21.0
155680,4,6,99,2,3,50.0,0,N,MELB_URBAN,AVENUE,1,22.0
155681,4,6,183,5,1,80.0,0,N,RURAL_VICTORIA,ROAD,1,17.0
155682,1,6,111,1,2,60.0,0,I,SMALL_CITIES,STREET,1,6.0
155683,1,6,99,5,3,50.0,0,N,LARGE_PROVINCIAL_CITIES,ROAD,1,22.0
155684,4,7,173,5,3,60.0,0,N,UNKNOWN,ROAD,1,1.0
155685,7,7,99,5,3,60.0,0,N,MELB_URBAN,ROAD,1,1.0
155686,1,6,111,1,3,60.0,0,I,SMALL_CITIES,AVENUE,1,0.0
155687,1,7,160,5,3,60.0,0,N,MELB_URBAN,HIGHWAY,1,0.0
155688,1,6,133,5,3,80.0,0,N,MELB_URBAN,ROAD,1,3.0
155689,1,6,160,5,3,50.0,0,N,MELB_URBAN,ROAD,1,0.0
155690,2,2,102,5,1,60.0,0,N,UNKNOWN,STREET,1,15.0
155691,1,6,110,1,2,60.0,0,I,SMALL_CITIES,STREET,1,6.0
155692,6,6,99,5,1,60.0,0,N,MELB_URBAN,UNKNOWN,1,12.0
155693,4,7,181,5,1,100.0,0,N,RURAL_VICTORIA,HIGHWAY,1,6.0
155694,4,5,99,5,5,60.0,0,N,RURAL_VICTORIA,ROAD,1,22.0
155695,8,7,130,5,1,30.0,0,N,RURAL_VICTORIA,ROAD,1,8.0
155696,1,6,134,5,1,70.0,0,N,MELB_URBAN,ROAD,1,14.0
155697,1,6,121,3,1,60.0,0,N,MELB_URBAN,ROAD,1,8.0
155698,6,7,170,4,1,100.0,0,N,RURAL_VICTORIA,ROAD,1,10.0
155699,6,7,170,5,1,100.0,0,N,RURAL_VICTORIA,ROAD,1,9.0
155700,1,6,163,5,1,60.0,0,N,MELB_URBAN,STREET,1,12.0
155701,2,7,99,1,1,50.0,0,I,MELB_URBAN,STREET,1,11.0
155702,6,6,174,5,1,100.0,0,N,RURAL_VICTORIA,ROAD,1,8.0
155703,1,6,130,5,1,60.0,0,N,MELB_URBAN,STREET,1,11.0
155704,4,6,171,5,1,100.0,0,N,RURAL_VICTORIA,ROAD,1,10.0
155705,1,6,121,2,1,80.0,0,I,MELB_URBAN,HIGHWAY,1,14.0
155706,1,5,133,5,1,100.0,0,N,RURAL_VICTORIA,ROAD,1,10.0
155707,2,7,99,5,3,60.0,0,N,UNKNOWN,STREET,1,0.0
155708,1,4,121,1,1,80.0,0,I,MELB_URBAN,ROAD,1,6.0
155709,7,6,99,5,1,80.0,0,I,MELB_URBAN,ROAD,1,14.0
155710,1,1,130,5,1,60.0,0,N,MELB_URBAN,RAMP,1,8.0
155711,1,7,163,5,1,50.0,0,N,MELB_URBAN,ROAD,1,16.0
155712,1,2,99,1,1,40.0,0,I,MELB_URBAN,STREET,1,16.0
155713,8,7,174,5,1,80.0,0,N,RURAL_VICTORIA,HIGHWAY,1,17.0
155714,1,7,110,1,2,40.0,0,I,MELB_URBAN,OTHER,1,20.0
155715,1,7,99,1,1,50.0,0,I,MELB_URBAN,STREET,1,18.0
155716,1,7,113,2,1,50.0,0,I,MELB_URBAN,ROAD,1,16.0
155717,1,6,99,2,1,50.0,0,N,LARGE_PROVINCIAL_CITIES,OTHER,1,19.0
155718,1,7,99,4,1,80.0,0,I,TOWNS,STREET,1,16.0
155719,6,7,174,5,1,80.0,0,N,RURAL_VICTORIA,ROAD,1,18.0
155720,4,7,181,5,1,60.0,0,N,MELB_URBAN,ROAD,1,20.0
155721,7,7,99,5,1,40.0,0,N,MELB_URBAN,ROAD,1,14.0
155722,1,6,99,5,3,50.0,0,N,MELB_URBAN,STREET,1,21.0
155723,1,7,160,5,3,70.0,0,N,MELB_URBAN,ROAD,1,21.0
155724,1,0,121,1,3,70.0,0,I,MELB_URBAN,ROAD,1,1.0
155725,4,1,171,5,2,60.0,0,N,UNKNOWN,STREET,1,6.0
155726,6,1,174,1,1,90.0,0,I,MELB_URBAN,ROAD,1,8.0
155727,1,5,132,5,1,60.0,0,N,MELB_URBAN,ROAD,1,13.0
155728,1,1,132,2,1,60.0,0,I,MELB_URBAN,ROAD,1,10.0
155729,1,0,121,2,1,50.0,0,I,LARGE_PROVINCIAL_CITIES,HIGHWAY,1,11.0
155730,2,1,100,1,1,60.0,0,N,MELB_URBAN,ROAD,1,11.0
155731,1,5,113,2,1,60.0,0,I,MELB_URBAN,ROAD,1,17.0
155732,1,5,120,5,1,50.0,0,N,SMALL_CITIES,ROAD,1,8.0
155733,1,0,130,5,1,80.0,0,N,MELB_URBAN,FREEWAY,1,14.0
155734,1,4,116,2,3,60.0,0,I,MELB_URBAN,OTHER,1,20.0
155735,4,1,181,5,1,80.0,0,N,RURAL_VICTORIA,ROAD,1,15.0
155736,4,3,171,4,1,80.0,0,I,RURAL_VICTORIA,ROAD,1,19.0
155737,1,1,130,5,1,100.0,0,N,RURAL_VICTORIA,HIGHWAY,1,16.0
155738,1,0,140,2,1,60.0,0,N,RURAL_VICTORIA,ROAD,1,16.0
155739,1,0,121,1,1,50.0,0,I,SMALL_CITIES,STREET,1,15.0
155740,4,1,183,5,1,100.0,0,N,RURAL_VICTORIA,ROAD,1,12.0
155741,6,0,174,5,1,60.0,0,N,RURAL_VICTORIA,ROAD,1,13.0
155742,6,1,99,5,1,100.0,0,N,MELB_URBAN,FREEWAY,1,18.0
155743,8,1,174,5,2,60.0,0,N,MELB_URBAN,STREET,1,20.0
155744,6,1,99,2,5,80.0,0,I,RURAL_VICTORIA,ROAD,1,21.0
155745,1,5,133,5,2,100.0,0,N,RURAL_VICTORIA,ROAD,1,21.0
155746,1,5,110,1,1,50.0,0,I,SMALL_CITIES,STREET,1,11.0
155747,1,2,99,2,1,50.0,0,I,RURAL_VICTORIA,AVENUE,1,7.0
155748,6,4,184,5,1,80.0,0,N,RURAL_VICTORIA,ROAD,1,9.0
155749,1,2,130,5,1,40.0,0,N,MELB_URBAN,ROAD,1,8.0
155750,1,2,99,1,1,60.0,0,I,MELB_URBAN,ROAD,1,9.0
155751,1,2,133,5,1,100.0,0,N,MELB_URBAN,FREEWAY,1,8.0
155752,5,7,171,5,1,100.0,0,N,RURAL_VICTORIA,ROAD,1,16.0
155753,1,1,130,5,1,100.0,0,N,MELB_URBAN,FREEWAY,1,9.0
155754,1,1,110,1,1,60.0,0,I,SMALL_CITIES,STREET,1,11.0
155755,1,3,111,2,9,80.0,0,I,LARGE_PROVINCIAL_CITIES,ROAD,12,17.0
155756,4,6,171,5,1,100.0,0,N,MELB_URBAN,HIGHWAY,12,5.0
155757,2,0,100,2,1,40.0,0,N,UNKNOWN,STREET,1,16.0
155758,4,1,171,5,1,100.0,0,N,RURAL_VICTORIA,ROAD,1,13.0
155759,3,1,167,5,1,100.0,0,N,RURAL_VICTORIA,HIGHWAY,1,11.0
155760,4,2,171,5,1,80.0,0,N,RURAL_VICTORIA,ROAD,1,13.0
155761,1,2,134,5,1,60.0,0,N,MELB_URBAN,STREET,1,14.0
155762,6,6,170,2,9,100.0,0,I,RURAL_VICTORIA,HIGHWAY,12,6.0
155763,1,2,113,2,1,60.0,0,I,MELB_URBAN,ROAD,1,14.0
155764,1,2,120,5,1,100.0,0,N,RURAL_VICTORIA,HIGHWAY,1,7.0
155765,4,2,171,5,1,60.0,0,N,SMALL_CITIES,ROAD,1,14.0
155766,1,1,130,1,9,60.0,0,N,MELB_URBAN,ROAD,1,9.0
155767,8,7,174,5,1,70.0,0,N,RURAL_VICTORIA,ROAD,1,11.0
155768,1,2,110,1,3,60.0,0,I,LARGE_PROVINCIAL_CITIES,STREET,1,22.0
155769,1,2,99,5,1,50.0,0,N,UNKNOWN,ROAD,1,17.0
155770,1,1,130,5,1,100.0,0,N,MELB_URBAN,FREEWAY,1,16.0
155771,1,5,160,5,1,40.0,0,N,MELB_URBAN,STREET,11,16.0
155772,5,7,99,5,1,100.0,0,N,RURAL_VICTORIA,OTHER,11,13.0
155773,1,2,120,5,1,80.0,1,N,MELB_URBAN,ROAD,1,15.0
155774,1,2,99,2,1,80.0,0,I,MELB_URBAN,ROAD,1,10.0
155775,1,6,130,2,1,70.0,0,I,SMALL_CITIES,PARADE,1,8.0
155776,1,1,121,1,1,60.0,0,I,MELB_URBAN,HIGHWAY,1,19.0
155777,1,2,99,1,1,60.0,0,I,RURAL_VICTORIA,ROAD,1,14.0
155778,1,1,130,5,1,100.0,0,N,RURAL_VICTORIA,FREEWAY,1,17.0
155779,1,2,99,5,1,40.0,0,N,SMALL_CITIES,UNKNOWN,1,15.0
155780,1,1,116,2,1,60.0,0,I,MELB_URBAN,DRIVE,12,18.0
155781,1,2,135,5,1,100.0,0,N,RURAL_VICTORIA,FREEWAY,1,14.0
155782,1,4,116,1,1,60.0,0,I,SMALL_CITIES,STREET,12,16.0
155783,1,6,116,2,9,60.0,0,I,LARGE_PROVINCIAL_CITIES,ROAD,12,19.0
155784,4,3,171,5,3,80.0,0,N,MELB_URBAN,ROAD,1,1.0
155785,1,7,130,5,1,60.0,0,N,MELB_URBAN,ROAD,1,14.0
155786,2,1,100,1,2,60.0,0,I,MELB_URBAN,ROAD,1,21.0
155787,4,2,181,5,1,60.0,0,I,UNKNOWN,ROAD,1,7.0
155788,1,1,99,5,1,100.0,0,N,RURAL_VICTORIA,ROAD,1,14.0
155789,8,1,174,5,2,60.0,0,N,RURAL_VICTORIA,OTHER,12,19.0
155790,1,3,99,5,1,50.0,0,N,MELB_URBAN,STREET,1,8.0
155791,1,2,110,1,3,70.0,0,N,MELB_URBAN,ROAD,1,22.0
155792,4,5,99,5,3,60.0,0,N,MELB_URBAN,STREET,1,22.0
155793,1,2,160,2,1,60.0,0,N,MELB_URBAN,ROAD,1,8.0
155794,1,3,121,1,1,60.0,0,N,MELB_URBAN,HIGHWAY,1,6.0
155795,1,4,130,2,1,60.0,0,N,MELB_URBAN,ROAD,1,16.0
155796,1,3,132,1,1,60.0,1,I,SMALL_TOWNS,STREET,1,6.0
155797,1,4,130,1,1,50.0,0,I,MELB_URBAN,STREET,1,17.0
155798,2,0,99,5,1,50.0,0,N,MELB_URBAN,OTHER,10,10.0
155799,1,2,116,2,1,60.0,0,I,LARGE_PROVINCIAL_CITIES,ROAD,1,8.0
155800,4,2,171,5,5,80.0,0,I,RURAL_VICTORIA,ROAD,1,3.0
155801,1,2,110,1,1,40.0,0,O,MELB_URBAN,UNKNOWN,1,17.0
155802,1,2,130,5,1,100.0,0,N,MELB_URBAN,FREEWAY,1,9.0
155803,1,3,130,1,9,80.0,0,I,MELB_URBAN,ROAD,1,6.0
155804,4,6,171,5,2,80.0,0,N,RURAL_VICTORIA,ROAD,1,20.0
155805,1,3,160,5,1,40.0,0,N,LARGE_PROVINCIAL_CITIES,STREET,1,11.0
155806,1,5,130,5,5,80.0,0,N,RURAL_VICTORIA,ROAD,11,23.0
155807,1,3,110,1,1,80.0,1,I,RURAL_VICTORIA,ROAD,1,7.0
155808,1,2,113,2,1,50.0,0,I,MELB_URBAN,ROAD,1,11.0
155809,1,3,110,1,1,60.0,0,I,LARGE_PROVINCIAL_CITIES,STREET,1,14.0
155810,1,2,130,5,1,60.0,0,N,MELB_URBAN,ROAD,1,8.0
155811,1,3,99,5,1,70.0,0,N,MELB_URBAN,ROAD,1,14.0
155812,1,2,113,8,1,100.0,0,N,RURAL_VICTORIA,HIGHWAY,1,15.0
155813,1,0,130,5,3,40.0,0,N,MELB_URBAN,STREET,1,3.0
155814,2,1,99,9,1,60.0,0,I,MELB_URBAN,STREET,1,17.0
155815,4,4,99,1,1,60.0,0,I,RURAL_VICTORIA,ROAD,1,14.0
155816,1,3,121,5,1,80.0,0,N,MELB_URBAN,HIGHWAY,1,14.0
155817,1,2,130,5,2,80.0,0,N,MELB_URBAN,FREEWAY,1,17.0
155818,1,3,130,5,1,60.0,0,N,MELB_URBAN,ROAD,12,14.0
155819,1,3,113,2,1,80.0,0,I,SMALL_CITIES,ROAD,1,15.0
155820,1,6,130,5,1,60.0,0,N,MELB_URBAN,ROAD,1,13.0
155821,1,3,121,3,1,60.0,0,I,MELB_URBAN,ROAD,1,11.0
155822,1,3,116,4,1,60.0,0,N,MELB_URBAN,RAMP,1,16.0
155823,1,3,113,2,3,60.0,0,N,MELB_URBAN,ROAD,1,21.0
155824,1,3,113,2,2,60.0,0,I,MELB_URBAN,AVENUE,1,20.0
155825,1,3,140,5,1,60.0,0,N,MELB_URBAN,ROAD,1,18.0
155826,1,3,130,5,1,80.0,0,N,MELB_URBAN,FREEWAY,1,15.0
155827,1,2,121,1,3,60.0,0,N,MELB_URBAN,ROAD,1,21.0
155828,1,3,121,1,3,70.0,0,N,MELB_URBAN,ROAD,1,22.0
155829,1,3,147,5,1,40.0,0,N,MELB_URBAN,ROAD,1,15.0
155830,1,3,99,2,3,60.0,0,I,MELB_URBAN,STREET,1,23.0
155831,1,3,110,1,2,80.0,0,I,RURAL_VICTORIA,HIGHWAY,1,20.0
155832,4,3,171,5,3,50.0,0,N,LARGE_PROVINCIAL_CITIES,STREET,1,2.0
155833,4,4,171,5,5,40.0,0,N,SMALL_CITIES,DRIVE,1,0.0
155834,6,4,174,2,3,40.0,0,N,MELB_URBAN,ROAD,1,4.0
155835,4,4,181,5,1,80.0,0,N,RURAL_VICTORIA,HIGHWAY,1,7.0
155836,1,3,113,2,1,50.0,0,I,LARGE_PROVINCIAL_CITIES,STREET,1,8.0
155837,1,4,121,1,2,60.0,0,I,MELB_URBAN,ROAD,1,6.0
155838,1,4,113,1,1,70.0,0,I,SMALL_CITIES,STREET,1,9.0
155839,2,4,100,5,1,60.0,0,N,MELB_URBAN,HIGHWAY,1,7.0
155840,1,6,160,5,1,50.0,0,N,MELB_URBAN,STREET,11,15.0
155841,1,5,130,5,1,100.0,0,N,MELB_URBAN,FREEWAY,1,18.0
155842,7,2,99,2,1,60.0,0,I,LARGE_PROVINCIAL_CITIES,ROAD,1,14.0
155843,6,4,99,5,1,100.0,0,N,RURAL_VICTORIA,HIGHWAY,1,7.0
155844,6,4,99,5,1,100.0,0,I,RURAL_VICTORIA,ROAD,1,9.0
155845,1,3,99,2,9,60.0,0,I,MELB_URBAN,STREET,2,11.0
155846,1,3,130,5,1,100.0,0,N,MELB_URBAN,FREEWAY,1,8.0
155847,1,4,120,5,1,40.0,0,N,RURAL_VICTORIA,ROAD,1,10.0
155848,1,3,130,5,9,60.0,0,N,MELB_URBAN,STREET,1,11.0
155849,1,3,120,5,1,100.0,0,I,RURAL_VICTORIA,ROAD,1,10.0
155850,1,4,130,5,1,100.0,0,N,SMALL_CITIES,FREEWAY,1,11.0
155851,7,2,170,5,1,60.0,0,N,RURAL_VICTORIA,ROAD,1,13.0
155852,1,3,130,5,1,60.0,0,N,LARGE_PROVINCIAL_CITIES,ROAD,1,13.0
155853,4,3,99,5,2,100.0,0,N,MELB_URBAN,ROAD,1,6.0
155854,1,4,110,1,1,60.0,0,I,LARGE_PROVINCIAL_CITIES,STREET,1,8.0
155855,1,4,147,5,1,100.0,0,N,RURAL_VICTORIA,HIGHWAY,1,12.0
155856,2,4,102,5,1,40.0,0,N,MELB_URBAN,DRIVE,1,14.0
155857,7,4,99,5,1,70.0,0,N,MELB_URBAN,ROAD,1,12.0
155858,1,4,121,1,1,70.0,0,I,LARGE_PROVINCIAL_CITIES,HIGHWAY,1,14.0
155859,1,4,121,2,1,60.0,0,I,MELB_URBAN,ROAD,1,14.0
155860,1,3,110,1,1,60.0,0,I,LARGE_PROVINCIAL_CITIES,STREET,1,14.0
155861,1,3,130,5,1,80.0,0,N,MELB_URBAN,ROAD,1,13.0
155862,4,4,171,5,1,100.0,0,N,RURAL_VICTORIA,ROAD,1,15.0
155863,1,3,121,5,1,60.0,0,N,MELB_URBAN,ROAD,1,13.0
155864,1,5,130,4,1,60.0,0,N,LARGE_PROVINCIAL_CITIES,ROAD,1,15.0
155865,4,4,183,5,1,50.0,0,N,MELB_URBAN,STREET,1,12.0
155866,1,3,130,5,1,80.0,0,N,MELB_URBAN,ROAD,1,12.0
155867,4,3,171,5,1,100.0,0,N,UNKNOWN,ROAD,1,18.0
155868,1,4,130,2,9,60.0,0,I,MELB_URBAN,ROAD,1,17.0
155869,4,4,173,5,1,60.0,0,N,MELB_URBAN,STREET,1,19.0
155870,1,3,120,5,1,60.0,0,N,MELB_URBAN,ROAD,1,17.0
155871,1,4,140,2,1,50.0,0,I,RURAL_VICTORIA,OTHER,1,16.0
155872,8,4,99,5,1,50.0,0,N,MELB_URBAN,ROAD,1,13.0
155873,1,4,111,1,1,50.0,0,I,MELB_URBAN,STREET,1,17.0
155874,1,5,110,1,3,60.0,0,I,MELB_URBAN,ROAD,1,22.0
155875,1,3,130,1,1,60.0,0,I,RURAL_VICTORIA,STREET,1,15.0
155876,1,4,135,5,3,100.0,0,N,MELB_URBAN,ROAD,1,21.0
155877,1,4,121,2,3,80.0,0,I,MELB_URBAN,ROAD,1,21.0
155878,4,4,181,5,5,100.0,0,N,RURAL_VICTORIA,ROAD,1,20.0
155879,1,5,130,1,1,60.0,0,N,RURAL_VICTORIA,ROAD,9,9.0
155880,1,5,121,1,3,60.0,0,N,LARGE_PROVINCIAL_CITIES,STREET,1,0.0
155881,4,5,171,2,3,60.0,0,N,MELB_URBAN,STREET,1,1.0
155882,8,1,99,2,3,40.0,0,I,MELB_URBAN,STREET,1,1.0
155883,1,4,130,1,1,80.0,0,I,MELB_URBAN,ROAD,1,20.0
155884,1,5,130,5,1,80.0,0,N,MELB_URBAN,FREEWAY,1,7.0
155885,1,1,130,5,1,100.0,0,N,MELB_URBAN,FREEWAY,12,12.0
155886,3,3,167,5,3,40.0,0,N,MELB_URBAN,ROAD,1,22.0
155887,2,5,102,5,1,40.0,0,N,MELB_URBAN,AVENUE,1,8.0
155888,1,3,121,1,1,80.0,0,I,MELB_URBAN,OTHER,1,13.0
155889,1,5,99,5,1,60.0,0,N,MELB_URBAN,PARADE,1,7.0
155890,6,6,174,5,1,100.0,0,N,RURAL_VICTORIA,ROAD,12,14.0
155891,1,5,120,5,1,100.0,0,N,RURAL_VICTORIA,ROAD,1,7.0
155892,1,3,116,1,9,60.0,0,N,MELB_URBAN,ROAD,11,16.0
155893,7,4,99,1,2,40.0,0,I,MELBOURNE_CBD,STREET,1,6.0
155894,5,5,99,5,1,100.0,0,N,RURAL_VICTORIA,ROAD,12,7.0
155895,1,4,110,1,1,100.0,0,I,RURAL_VICTORIA,OTHER,1,8.0
155896,1,6,140,5,1,60.0,0,N,MELB_URBAN,ROAD,9,13.0
155897,1,4,134,5,1,50.0,0,N,LARGE_PROVINCIAL_CITIES,UNKNOWN,1,12.0
155898,1,4,113,2,1,60.0,0,I,MELB_URBAN,ROAD,1,11.0
155899,4,5,171,5,1,80.0,0,N,MELB_URBAN,UNKNOWN,1,11.0
155900,8,5,174,2,1,50.0,0,N,MELB_URBAN,ROAD,12,11.0
155901,1,5,130,5,1,50.0,0,N,TOWNS,STREET,1,9.0
155902,1,4,121,1,1,60.0,0,I,MELB_URBAN,STREET,1,11.0
155903,1,4,121,2,1,60.0,0,I,MELB_URBAN,OTHER,1,13.0
155904,1,6,130,5,1,60.0,0,N,TOWNS,ROAD,1,12.0
155905,1,5,111,1,1,50.0,0,I,LARGE_PROVINCIAL_CITIES,STREET,1,12.0
155906,1,3,130,1,1,70.0,0,I,MELB_URBAN,ROAD,9,9.0
155907,1,4,147,2,1,60.0,0,N,TOWNS,STREET,1,17.0
155908,2,3,100,1,1,60.0,0,N,MELB_URBAN,ROAD,1,15.0
155909,1,5,110,1,1,60.0,0,I,MELB_URBAN,STREET,1,13.0
155910,1,5,120,5,1,60.0,0,N,RURAL_VICTORIA,ROAD,1,11.0
155911,1,4,147,5,1,60.0,0,N,TOWNS,STREET,1,16.0
155912,1,0,130,5,1,70.0,0,I,LARGE_PROVINCIAL_CITIES,HIGHWAY,1,12.0
155913,4,4,181,5,1,50.0,0,N,MELB_URBAN,DRIVE,1,9.0
155914,1,5,110,1,1,40.0,0,I,MELB_URBAN,STREET,1,16.0
155915,1,4,130,5,1,70.0,0,N,MELB_URBAN,ROAD,1,15.0
155916,8,3,99,5,1,60.0,0,N,LARGE_PROVINCIAL_CITIES,STREET,1,16.0
155917,7,2,99,5,1,100.0,0,N,RURAL_VICTORIA,ROAD,1,13.0
155918,1,5,113,1,1,60.0,0,I,MELB_URBAN,ROAD,1,15.0
155919,8,6,99,5,1,50.0,0,N,RURAL_VICTORIA,HIGHWAY,1,16.0
155920,2,5,99,5,1,60.0,0,N,SMALL_CITIES,STREET,1,15.0
155921,1,2,130,2,1,50.0,0,I,MELB_URBAN,ROAD,1,6.0
155922,1,5,147,5,1,50.0,0,N,MELB_URBAN,STREET,1,17.0
155923,1,4,113,2,1,60.0,0,I,SMALL_CITIES,STREET,1,16.0
155924,1,5,130,2,1,70.0,0,N,MELB_URBAN,ROAD,1,14.0
155925,1,4,99,5,1,50.0,0,N,MELB_URBAN,ROAD,1,17.0
155926,4,4,173,2,1,80.0,0,I,MELB_URBAN,HIGHWAY,1,17.0
155927,1,5,99,5,1,50.0,0,N,LARGE_PROVINCIAL_CITIES,AVENUE,1,16.0
155928,1,5,147,5,1,80.0,0,N,RURAL_VICTORIA,ROAD,1,18.0
155929,1,4,110,1,1,100.0,0,I,RURAL_VICTORIA,ROAD,1,17.0
155930,4,5,171,5,1,100.0,0,N,RURAL_VICTORIA,HIGHWAY,1,16.0
155931,4,5,173,5,1,100.0,0,N,RURAL_VICTORIA,ROAD,1,18.0
155932,2,5,99,5,1,60.0,0,N,MELB_URBAN,PARADE,1,18.0
155933,1,4,121,1,1,60.0,0,N,MELB_URBAN,DRIVE,12,19.0
155934,1,7,113,2,1,60.0,0,I,MELB_URBAN,ROAD,12,19.0
155935,1,5,121,1,1,80.0,0,I,MELB_URBAN,STREET,1,15.0
155936,1,5,99,5,3,60.0,0,N,MELB_URBAN,ROAD,1,22.0
155937,1,5,130,2,3,80.0,0,N,MELB_URBAN,ROAD,1,22.0
155938,1,5,121,2,3,60.0,0,I,MELB_URBAN,AVENUE,1,21.0
155939,1,7,130,5,1,100.0,0,N,MELB_URBAN,FREEWAY,1,16.0
155940,4,5,173,5,5,60.0,0,N,UNKNOWN,UNKNOWN,1,23.0
155941,1,4,130,2,1,50.0,0,I,MELB_URBAN,ROAD,1,18.0
155942,4,6,171,5,3,60.0,0,N,SMALL_CITIES,STREET,1,2.0
155943,4,4,99,1,5,80.0,0,I,RURAL_VICTORIA,ROAD,1,22.0
155944,5,0,99,5,1,60.0,0,N,MELB_URBAN,ROAD,10,18.0
155945,1,3,130,1,1,70.0,0,I,MELB_URBAN,ROAD,1,8.0
155946,4,2,99,2,1,50.0,0,I,MELB_URBAN,STREET,11,10.0
155947,2,6,102,5,1,50.0,0,N,RURAL_VICTORIA,DRIVE,1,7.0
155948,1,5,121,2,1,70.0,0,N,MELB_URBAN,DRIVE,1,10.0
155949,5,5,99,5,1,30.0,0,N,RURAL_VICTORIA,OTHER,12,11.0
155950,1,6,134,5,1,100.0,0,N,MELB_URBAN,FREEWAY,1,9.0
155951,1,6,99,1,1,60.0,0,N,MELB_URBAN,ROAD,1,10.0
155952,1,5,130,5,1,80.0,0,N,RURAL_VICTORIA,HIGHWAY,1,8.0
155953,4,5,181,5,1,100.0,0,N,RURAL_VICTORIA,ROAD,1,9.0
155954,1,5,130,5,1,60.0,0,N,MELB_URBAN,STREET,1,11.0
155955,4,6,183,5,1,110.0,0,N,RURAL_VICTORIA,FREEWAY,1,12.0
155956,1,6,147,5,1,60.0,0,N,SMALL_TOWNS,HIGHWAY,1,9.0
155957,1,3,110,1,1,50.0,0,I,MELB_URBAN,STREET,1,8.0
155958,1,6,110,1,1,80.0,0,I,SMALL_CITIES,ROAD,1,12.0
155959,1,3,130,1,1,50.0,0,N,LARGE_PROVINCIAL_CITIES,STREET,1,11.0
155960,1,3,113,1,1,60.0,0,I,SMALL_CITIES,STREET,1,10.0
155961,1,1,160,5,3,50.0,0,N,MELB_URBAN,BOULEVARD,1,2.0
155962,1,5,140,1,2,60.0,0,I,MELB_URBAN,HIGHWAY,1,6.0
155963,4,6,183,5,1,50.0,0,N,MELB_URBAN,OTHER,1,12.0
155964,1,6,163,5,1,50.0,0,N,MELB_URBAN,STREET,1,8.0
155965,1,4,130,1,9,60.0,0,I,MELB_URBAN,STREET,1,11.0
155966,2,6,99,5,1,40.0,0,N,MELB_URBAN,DRIVE,1,12.0
155967,1,6,121,2,1,60.0,0,I,MELB_URBAN,AVENUE,1,15.0
155968,8,6,99,5,9,60.0,0,N,MELB_URBAN,STREET,1,7.0
155969,1,6,130,5,1,100.0,0,N,MELB_URBAN,ROAD,1,15.0
155970,6,5,184,5,1,60.0,0,N,RURAL_VICTORIA,OTHER,1,15.0
155971,1,5,130,1,1,60.0,0,I,RURAL_VICTORIA,ROAD,1,16.0
155972,1,6,99,5,1,40.0,0,N,LARGE_PROVINCIAL_CITIES,STREET,1,17.0
155973,1,2,130,5,1,80.0,0,N,MELB_URBAN,ROAD,1,14.0
155974,1,6,130,1,1,70.0,0,N,MELB_URBAN,STREET,1,14.0
155975,1,4,130,1,1,60.0,0,N,SMALL_CITIES,STREET,1,16.0