,accident_type,day_of_week,dca_code,road_geometry,light_condition,speed_zone,severity,node_type,deg_urban_name,road_type,month,hour
155976,1,5,110,1,1,60.0,0,I,LARGE_PROVINCIAL_CITIES,ROAD,1,16.0
155977,1,5,130,2,1,50.0,0,N,MELB_URBAN,ROAD,1,18.0
155978,1,5,99,2,2,50.0,0,N,RURAL_VICTORIA,STREET,1,20.0
155979,1,6,132,2,1,60.0,0,I,MELB_URBAN,BOULEVARD,1,15.0
155980,4,6,173,5,1,110.0,1,N,RURAL_VICTORIA,FREEWAY,1,15.0
155981,1,6,130,5,1,80.0,0,N,MELB_URBAN,ROAD,1,15.0
155982,1,6,110,1,1,40.0,0,I,MELB_URBAN,STREET,1,15.0
155983,7,6,99,5,6,60.0,0,N,MELB_URBAN,STREET,1,4.0
155984,5,6,99,5,5,100.0,0,N,RURAL_VICTORIA,HIGHWAY,1,22.0
155985,1,5,130,5,1,60.0,0,N,MELB_URBAN,HIGHWAY,1,18.0
155986,4,6,181,5,3,60.0,0,N,MELB_URBAN,BOULEVARD,1,23.0
155987,4,6,181,5,2,60.0,0,N,MELB_URBAN,ROAD,1,20.0
155988,1,5,160,5,3,50.0,0,N,SMALL_CITIES,STREET,1,23.0
155989,2,6,99,5,3,50.0,0,N,SMALL_CITIES,STREET,1,23.0
155990,1,6,160,5,6,50.0,0,N,MELB_URBAN,OTHER,1,20.0
155991,6,7,170,5,5,60.0,0,N,MELB_URBAN,ROAD,1,2.0
155992,1,7,111,2,3,60.0,0,I,MELB_URBAN,ROAD,1,4.0
155993,1,6,110,1,5,100.0,1,I,RURAL_VICTORIA,ROAD,1,22.0
155994,1,7,110,1,1,60.0,0,I,MELB_URBAN,ROAD,1,6.0
155995,1,6,99,4,3,60.0,0,I,MELB_URBAN,OTHER,1,5.0
155996,2,6,99,2,9,50.0,0,I,MELB_URBAN,ROAD,1,15.0
155997,1,5,130,5,9,60.0,0,N,MELB_URBAN,RAMP,3,10.0
155998,1,7,173,5,2,50.0,0,N,MELB_URBAN,BOULEVARD,1,7.0
155999,1,7,130,1,2,80.0,0,N,MELB_URBAN,ROAD,1,5.0
156000,1,2,130,2,9,60.0,0,N,MELB_URBAN,ROAD,1,15.0
156001,8,7,140,5,1,40.0,0,N,MELB_URBAN,STREET,1,9.0
156002,6,7,174,5,1,50.0,0,N,LARGE_PROVINCIAL_CITIES,STREET,1,9.0
156003,1,3,110,1,9,50.0,0,I,MELB_URBAN,STREET,1,15.0
156004,1,6,121,4,1,80.0,0,I,MELB_URBAN,RAMP,1,10.0
156005,1,1,121,1,1,60.0,0,I,TOWNS,HIGHWAY,1,14.0
156006,1,6,130,2,9,50.0,0,I,MELB_URBAN,ROAD,11,12.0
156007,1,6,121,1,1,60.0,0,I,LARGE_PROVINCIAL_CITIES,AVENUE,1,12.0
156008,6,7,170,5,1,80.0,0,N,RURAL_VICTORIA,ROAD,1,7.0
156009,2,7,100,2,1,80.0,0,N,MELB_URBAN,HIGHWAY,1,11.0
156010,1,6,110,1,1,100.0,0,I,RURAL_VICTORIA,ROAD,1,12.0
156011,1,7,99,2,1,60.0,0,I,MELB_URBAN,OTHER,1,10.0
156012,2,1,100,1,1,50.0,0,I,MELB_URBAN,ROAD,1,12.0
156013,1,7,120,5,1,50.0,0,N,MELB_URBAN,ROAD,1,12.0
156014,1,7,110,4,1,80.0,0,I,RURAL_VICTORIA,ROAD,1,13.0
156015,1,1,130,5,2,60.0,0,N,LARGE_PROVINCIAL_CITIES,DRIVE,1,20.0
156016,8,7,99,5,1,100.0,0,N,RURAL_VICTORIA,ROAD,1,13.0
156017,1,7,121,2,1,60.0,0,I,MELB_URBAN,STREET,1,11.0
156018,8,7,184,5,1,80.0,0,N,RURAL_VICTORIA,ROAD,1,12.0
156019,8,2,184,5,9,60.0,0,N,RURAL_VICTORIA,ROAD,1,19.0
156020,1,6,99,2,1,70.0,0,I,MELB_URBAN,ROAD,1,14.0
156021,1,3,111,2,1,80.0,0,N,MELB_URBAN,ROAD,1,10.0
156022,4,5,171,2,1,40.0,0,N,RURAL_VICTORIA,ROAD,1,17.0
156023,1,7,160,5,1,50.0,0,N,TOWNS,STREET,1,16.0
156024,1,4,121,1,1,80.0,0,I,RURAL_VICTORIA,HIGHWAY,1,8.0
156025,4,7,183,5,1,80.0,0,N,RURAL_VICTORIA,ROAD,1,16.0
156026,1,7,140,5,1,60.0,0,N,SMALL_CITIES,AVENUE,1,13.0
156027,2,7,102,5,1,60.0,0,N,MELB_URBAN,ROAD,1,17.0
156028,1,6,130,1,1,60.0,0,I,MELB_URBAN,ROAD,1,19.0
156029,4,7,173,5,5,100.0,0,N,RURAL_VICTORIA,ROAD,1,20.0
156030,1,1,160,5,3,40.0,0,N,MELB_URBAN,STREET,1,1.0
156031,1,7,99,5,3,60.0,0,N,LARGE_PROVINCIAL_CITIES,STREET,1,21.0
156032,1,1,133,1,9,80.0,0,N,MELB_URBAN,ROAD,1,3.0
156033,4,3,173,5,5,110.0,0,N,RURAL_VICTORIA,ROAD,11,1.0
156034,4,1,181,5,1,60.0,0,N,MELB_URBAN,AVENUE,1,6.0
156035,4,0,171,5,1,60.0,0,N,MELB_URBAN,DRIVE,1,14.0
156036,1,7,121,2,1,60.0,0,I,MELB_URBAN,ROAD,1,17.0
156037,1,1,113,2,1,70.0,0,I,LARGE_PROVINCIAL_CITIES,OTHER,1,8.0
156038,1,7,130,5,1,60.0,0,N,MELB_URBAN,RAMP,12,16.0
156039,1,7,120,5,1,60.0,0,N,MELB_URBAN,ROAD,1,17.0
156040,1,1,110,1,1,60.0,0,I,TOWNS,STREET,1,11.0
156041,4,0,171,5,1,100.0,0,N,RURAL_VICTORIA,HIGHWAY,1,12.0
156042,2,1,100,1,1,70.0,0,I,LARGE_PROVINCIAL_CITIES,HIGHWAY,1,13.0
156043,1,1,99,1,1,40.0,0,I,MELBOURNE_CBD,STREET,1,10.0
156044,1,3,147,5,1,50.0,0,N,MELB_URBAN,ROAD,1,11.0
156045,1,0,130,2,1,50.0,0,N,RURAL_VICTORIA,STREET,1,12.0
156046,1,1,130,2,1,60.0,0,N,MELB_URBAN,ROAD,1,14.0
156047,2,1,99,5,9,60.0,0,N,RURAL_VICTORIA,HIGHWAY,1,9.0
156048,6,0,99,5,1,100.0,0,N,RURAL_VICTORIA,ROAD,1,13.0
156049,1,5,99,5,1,60.0,0,N,MELB_URBAN,PARADE,4,9.0
156050,1,1,130,5,1,60.0,0,N,MELB_URBAN,ROAD,1,16.0
156051,6,1,99,5,1,100.0,0,N,RURAL_VICTORIA,ROAD,1,10.0
156052,4,1,183,5,1,110.0,0,N,SMALL_CITIES,FREEWAY,1,16.0
156053,4,1,181,5,1,70.0,1,N,MELB_URBAN,ROAD,1,14.0
156054,4,1,173,1,1,100.0,1,N,RURAL_VICTORIA,ROAD,1,13.0
156055,4,1,173,5,1,100.0,1,N,RURAL_VICTORIA,ROAD,1,15.0
156056,4,1,181,5,1,100.0,0,N,RURAL_VICTORIA,ROAD,1,19.0
156057,4,1,173,5,9,50.0,0,N,MELB_URBAN,DRIVE,1,16.0
156058,2,7,100,1,1,60.0,0,N,MELB_URBAN,ROAD,1,14.0
156059,1,4,110,1,1,80.0,0,N,MELB_URBAN,HIGHWAY,12,15.0
156060,1,3,130,2,1,40.0,0,I,SMALL_CITIES,AVENUE,11,15.0
156061,1,0,121,1,3,50.0,0,I,RURAL_VICTORIA,BOULEVARD,1,21.0
156062,8,2,174,5,3,60.0,0,N,MELB_URBAN,STREET,1,1.0
156063,4,2,173,5,3,70.0,0,N,MELB_URBAN,HIGHWAY,1,2.0
156064,1,2,130,5,1,80.0,0,N,MELB_URBAN,ROAD,1,6.0
156065,1,3,113,2,1,60.0,0,I,RURAL_VICTORIA,ROAD,12,10.0
156066,1,6,110,1,1,40.0,0,I,MELB_URBAN,HIGHWAY,12,7.0
156067,1,2,110,1,1,60.0,0,I,SMALL_CITIES,STREET,1,7.0
156068,1,3,147,5,1,50.0,0,N,LARGE_PROVINCIAL_CITIES,STREET,12,15.0
156069,1,7,110,1,1,70.0,0,I,MELB_URBAN,HIGHWAY,1,16.0
156070,1,3,111,2,1,50.0,0,I,SMALL_CITIES,DRIVE,1,16.0
156071,4,1,99,5,1,50.0,0,N,SMALL_CITIES,DRIVE,1,9.0
156072,1,1,130,1,1,60.0,0,N,MELB_URBAN,STREET,1,10.0
156073,1,2,110,1,1,60.0,0,I,MELB_URBAN,ROAD,1,10.0
156074,1,3,130,5,1,100.0,0,N,MELB_URBAN,FREEWAY,12,17.0
156075,4,1,171,5,1,60.0,0,N,RURAL_VICTORIA,ROAD,1,9.0
156076,4,2,183,5,1,100.0,0,N,RURAL_VICTORIA,ROAD,1,9.0
156077,6,2,184,5,9,60.0,0,N,SMALL_CITIES,STREET,1,3.0
156078,1,2,160,5,2,50.0,0,N,MELB_URBAN,ROAD,1,8.0
156079,5,6,99,5,1,60.0,0,N,UNKNOWN,ROAD,1,16.0
156080,1,7,140,5,1,60.0,0,N,MELB_URBAN,ROAD,12,14.0
156081,1,2,121,2,1,60.0,0,I,MELB_URBAN,RAMP,1,7.0
156082,1,2,147,5,1,50.0,0,N,MELB_URBAN,ROAD,1,10.0
156083,3,1,167,5,1,100.0,0,N,RURAL_VICTORIA,ROAD,12,14.0
156084,1,3,130,2,9,60.0,0,N,MELB_URBAN,ROAD,1,8.0
156085,1,0,130,1,1,60.0,0,N,MELB_URBAN,ROAD,5,16.0
156086,4,2,171,5,1,50.0,0,N,SMALL_CITIES,STREET,1,10.0
156087,4,6,183,5,1,60.0,0,N,MELB_URBAN,ROAD,1,16.0
156088,1,5,130,5,1,40.0,0,N,MELB_URBAN,STREET,12,16.0
156089,1,2,113,2,1,100.0,0,I,RURAL_VICTORIA,HIGHWAY,1,11.0
156090,1,1,99,1,6,40.0,0,I,MELB_URBAN,STREET,1,19.0
156091,1,6,99,2,1,100.0,0,I,RURAL_VICTORIA,ROAD,1,17.0
156092,1,5,130,2,1,80.0,0,I,RURAL_VICTORIA,OTHER,1,9.0
156093,4,4,171,1,1,60.0,0,I,MELB_URBAN,STREET,1,13.0
156094,4,2,99,5,1,50.0,0,N,SMALL_CITIES,AVENUE,1,15.0
156095,4,2,171,2,1,60.0,0,N,MELB_URBAN,ROAD,1,16.0
156096,2,1,100,1,1,70.0,0,I,MELB_URBAN,ROAD,1,14.0
156097,1,2,121,3,1,80.0,0,I,RURAL_VICTORIA,ROAD,1,16.0
156098,1,4,130,5,1,70.0,0,N,LARGE_PROVINCIAL_CITIES,HIGHWAY,12,9.0
156099,1,2,147,5,1,70.0,0,N,MELB_URBAN,ROAD,1,16.0
156100,1,1,130,5,1,80.0,0,N,MELB_URBAN,HIGHWAY,1,16.0
156101,1,2,111,2,1,80.0,0,I,MELB_URBAN,ROAD,1,16.0
156102,1,7,132,5,2,100.0,0,N,RURAL_VICTORIA,ROAD,1,19.0
156103,1,2,160,5,1,50.0,0,N,MELB_URBAN,STREET,1,17.0
156104,1,2,113,2,1,80.0,0,I,MELB_URBAN,HIGHWAY,1,15.0
156105,1,2,130,5,1,50.0,0,N,LARGE_PROVINCIAL_CITIES,STREET,1,18.0
156106,1,1,130,5,9,40.0,0,N,RURAL_VICTORIA,ROAD,1,16.0
156107,1,1,130,5,1,60.0,0,N,MELB_URBAN,STREET,1,16.0
156108,1,2,130,5,1,70.0,0,N,MELB_URBAN,ROAD,1,18.0
156109,1,2,147,5,1,60.0,0,N,MELB_URBAN,STREET,1,17.0
156110,1,2,130,1,1,70.0,0,I,MELB_URBAN,ROAD,1,17.0
156111,1,2,111,1,1,70.0,0,I,MELB_URBAN,ROAD,1,14.0
156112,1,1,110,1,1,60.0,0,I,LARGE_PROVINCIAL_CITIES,OTHER,1,19.0
156113,1,2,120,5,2,50.0,0,N,MELB_URBAN,ROAD,1,20.0
156114,1,1,130,5,1,60.0,0,N,MELB_URBAN,ROAD,1,17.0
156115,1,5,130,5,1,70.0,0,N,MELB_URBAN,ROAD,1,16.0
156116,1,6,110,1,1,50.0,0,I,LARGE_PROVINCIAL_CITIES,STREET,1,18.0
156117,1,4,120,5,1,60.0,0,N,RURAL_VICTORIA,ROAD,1,7.0
156118,4,1,183,5,1,60.0,0,N,RURAL_VICTORIA,ROAD,11,13.0
156119,1,3,140,1,2,60.0,0,I,MELB_URBAN,STREET,1,5.0
156120,1,7,111,2,1,60.0,0,I,MELB_URBAN,ROAD,1,15.0
156121,1,1,130,5,1,80.0,0,N,MELB_URBAN,ROAD,1,14.0
156122,1,5,130,5,1,80.0,0,N,MELB_URBAN,ROAD,12,10.0
156123,4,3,173,5,1,100.0,0,N,RURAL_VICTORIA,ROAD,1,6.0
156124,4,2,183,5,1,60.0,0,N,RURAL_VICTORIA,ROAD,1,7.0
156125,2,2,102,2,1,60.0,0,I,MELB_URBAN,ROAD,1,8.0
156126,6,3,174,5,1,60.0,0,N,MELB_URBAN,ROAD,1,10.0
156127,1,1,130,5,1,70.0,0,N,RURAL_VICTORIA,ROAD,1,15.0
156128,2,3,100,5,1,60.0,0,N,SMALL_CITIES,STREET,1,12.0
156129,1,1,120,2,1,60.0,0,I,MELB_URBAN,STREET,1,11.0
156130,6,3,99,5,1,60.0,0,N,TOWNS,OTHER,1,15.0
156131,1,2,110,1,1,40.0,0,I,LARGE_PROVINCIAL_CITIES,STREET,1,7.0
156132,4,1,183,5,5,100.0,0,N,RURAL_VICTORIA,HIGHWAY,1,3.0
156133,1,2,113,2,1,60.0,0,I,MELB_URBAN,ROAD,1,10.0
156134,4,7,99,5,1,60.0,0,N,RURAL_VICTORIA,ROAD,12,15.0
156135,1,2,140,2,1,80.0,0,I,MELB_URBAN,ROAD,12,10.0
156136,7,6,99,5,1,50.0,0,N,MELB_URBAN,STREET,1,20.0
156137,1,3,130,5,1,60.0,0,N,RURAL_VICTORIA,ROAD,1,10.0
156138,1,5,130,2,1,60.0,0,N,RURAL_VICTORIA,ROAD,12,15.0
156139,1,3,99,1,1,60.0,0,N,MELB_URBAN,PARADE,1,16.0
156140,1,2,133,5,1,80.0,0,N,MELB_URBAN,ROAD,1,18.0
156141,1,0,130,5,1,100.0,0,N,RURAL_VICTORIA,ROAD,1,15.0
156142,4,6,181,5,5,100.0,0,N,RURAL_VICTORIA,HIGHWAY,1,5.0
156143,1,2,110,1,1,50.0,0,I,LARGE_PROVINCIAL_CITIES,UNKNOWN,1,18.0
156144,1,3,130,5,1,80.0,0,N,MELB_URBAN,RAMP,1,17.0
156145,1,2,130,5,1,100.0,0,N,MELB_URBAN,RAMP,1,15.0
156146,4,2,99,1,1,80.0,0,N,MELB_URBAN,ROAD,1,19.0
156147,1,3,110,1,2,40.0,0,I,MELB_URBAN,STREET,1,20.0
156148,2,2,99,5,1,60.0,0,N,MELB_URBAN,ROAD,1,18.0
156149,4,2,171,1,1,40.0,0,N,MELBOURNE_CBD,STREET,1,20.0
156150,1,2,140,5,1,50.0,0,N,LARGE_PROVINCIAL_CITIES,AVENUE,11,18.0
156151,4,3,183,2,1,50.0,0,I,SMALL_CITIES,DRIVE,1,18.0
156152,4,7,171,5,2,60.0,0,N,RURAL_VICTORIA,ROAD,9,17.0
156153,1,2,121,1,3,60.0,0,I,MELB_URBAN,ROAD,1,22.0
156154,3,3,167,5,5,100.0,0,N,RURAL_VICTORIA,ROAD,1,23.0
156155,8,3,174,5,1,50.0,0,N,RURAL_VICTORIA,BOULEVARD,1,20.0
156156,4,2,183,5,5,100.0,0,N,RURAL_VICTORIA,HIGHWAY,1,23.0
156157,4,3,173,5,3,60.0,0,N,MELB_URBAN,ROAD,1,2.0
156158,1,4,130,5,3,60.0,0,I,MELB_URBAN,ROAD,1,5.0
156159,1,4,113,1,2,50.0,0,I,MELB_URBAN,STREET,1,5.0
156160,1,4,110,1,1,80.0,0,I,RURAL_VICTORIA,DRIVE,1,7.0
156161,1,2,130,5,1,80.0,0,N,MELB_URBAN,HIGHWAY,1,17.0
156162,1,4,130,2,1,70.0,0,I,MELB_URBAN,ROAD,1,9.0
156163,1,6,111,2,1,60.0,0,I,MELB_URBAN,ROAD,11,10.0
156164,1,2,99,2,1,60.0,0,N,RURAL_VICTORIA,STREET,1,17.0
156165,1,4,130,5,1,80.0,0,N,MELB_URBAN,ROAD,1,8.0
156166,6,4,99,5,1,110.0,0,N,RURAL_VICTORIA,FREEWAY,1,9.0
156167,1,4,130,5,1,60.0,0,N,MELB_URBAN,STREET,1,7.0
156168,2,3,100,2,1,60.0,0,I,MELB_URBAN,ROAD,1,11.0
156169,2,4,100,2,1,40.0,0,I,MELB_URBAN,ROAD,1,8.0
156170,1,1,121,2,1,60.0,0,N,MELB_URBAN,ROAD,1,18.0
156171,2,4,100,4,1,60.0,0,I,MELB_URBAN,STREET,1,12.0
156172,1,4,130,5,1,60.0,0,N,LARGE_PROVINCIAL_CITIES,STREET,1,10.0
156173,1,4,99,1,1,80.0,0,I,RURAL_VICTORIA,AVENUE,1,9.0
156174,2,4,100,5,1,40.0,0,N,MELB_URBAN,OTHER,1,12.0
156175,1,7,121,4,9,60.0,0,I,MELB_URBAN,ROAD,1,14.0
156176,1,3,110,1,1,100.0,0,I,RURAL_VICTORIA,ROAD,1,12.0
156177,1,6,130,5,1,60.0,0,N,MELB_URBAN,ROAD,1,11.0
156178,1,3,110,1,1,80.0,0,I,RURAL_VICTORIA,ROAD,1,15.0
156179,2,4,99,5,1,50.0,0,N,MELB_URBAN,ROAD,1,9.0
156180,1,4,110,1,1,60.0,0,I,LARGE_PROVINCIAL_CITIES,AVENUE,1,6.0
156181,1,1,110,1,1,50.0,0,I,RURAL_VICTORIA,ROAD,1,18.0
156182,1,4,111,2,1,60.0,0,I,RURAL_VICTORIA,ROAD,1,6.0
156183,1,3,120,5,1,70.0,0,N,MELB_URBAN,ROAD,1,10.0
156184,4,4,183,2,1,80.0,0,N,RURAL_VICTORIA,ROAD,1,13.0
156185,8,7,174,5,1,60.0,0,N,RURAL_VICTORIA,ROAD,1,16.0
156186,1,3,113,2,1,60.0,0,I,MELB_URBAN,DRIVE,1,14.0
156187,1,4,147,5,1,40.0,0,N,MELB_URBAN,ROAD,1,14.0
156188,1,4,140,2,1,40.0,0,N,MELBOURNE_CBD,STREET,1,14.0
156189,4,4,173,5,1,80.0,0,N,RURAL_VICTORIA,ROAD,1,10.0
156190,1,4,110,1,1,50.0,0,I,LARGE_PROVINCIAL_CITIES,STREET,1,14.0
156191,1,3,130,2,9,60.0,0,I,MELB_URBAN,HIGHWAY,1,7.0
156192,3,3,167,5,1,80.0,0,N,RURAL_VICTORIA,DRIVE,1,17.0
156193,1,4,130,5,1,80.0,0,N,MELB_URBAN,HIGHWAY,1,14.0
156194,8,4,174,2,1,60.0,0,I,MELBOURNE_CBD,OTHER,1,16.0
156195,1,4,134,5,1,70.0,0,N,LARGE_PROVINCIAL_CITIES,OTHER,1,18.0
156196,1,4,130,5,1,80.0,0,N,RURAL_VICTORIA,ROAD,1,16.0
156197,2,4,100,1,1,50.0,0,I,MELB_URBAN,STREET,1,16.0
156198,8,4,184,5,1,80.0,0,N,MELB_URBAN,FREEWAY,1,18.0
156199,1,3,99,2,1,50.0,0,N,LARGE_PROVINCIAL_CITIES,DRIVE,1,11.0
156200,8,3,174,5,1,50.0,0,N,MELB_URBAN,ROAD,1,19.0
156201,2,4,102,4,3,60.0,0,N,MELB_URBAN,ROAD,1,21.0
156202,2,3,102,1,1,60.0,0,I,SMALL_CITIES,ROAD,1,16.0
156203,1,3,132,2,3,60.0,0,N,MELB_URBAN,ROAD,1,19.0
156204,6,4,170,5,5,100.0,0,N,RURAL_VICTORIA,OTHER,1,21.0
156205,1,4,130,2,4,50.0,0,I,SMALL_CITIES,STREET,1,21.0
156206,4,4,171,2,5,50.0,0,I,MELB_URBAN,ROAD,1,22.0
156207,1,4,99,2,3,60.0,0,N,MELB_URBAN,ROAD,1,22.0
156208,8,4,99,5,3,40.0,0,N,MELB_URBAN,STREET,1,21.0
156209,1,4,135,5,3,100.0,0,N,MELB_URBAN,ROAD,1,23.0
156210,4,4,171,5,2,100.0,1,N,RURAL_VICTORIA,ROAD,1,20.0
156211,1,4,121,1,3,60.0,0,I,LARGE_PROVINCIAL_CITIES,ROAD,1,21.0
156212,1,5,111,2,9,60.0,0,I,MELB_URBAN,ROAD,10,9.0
156213,1,3,110,1,1,60.0,0,I,SMALL_CITIES,PARADE,11,17.0
156214,1,5,121,1,1,60.0,0,I,MELB_URBAN,ROAD,1,16.0
156215,6,5,174,5,1,100.0,0,N,RURAL_VICTORIA,ROAD,1,6.0
156216,1,3,99,2,1,60.0,0,I,MELB_URBAN,ROAD,1,16.0
156217,1,3,130,2,2,80.0,0,N,MELB_URBAN,ROAD,1,19.0
156218,1,3,163,5,1,50.0,0,N,MELB_URBAN,OTHER,1,14.0
156219,2,4,99,5,1,60.0,0,N,MELB_URBAN,ROAD,8,11.0
156220,1,4,160,5,1,60.0,0,N,SMALL_CITIES,AVENUE,1,10.0
156221,1,3,130,5,1,80.0,0,N,MELB_URBAN,FREEWAY,1,16.0
156222,1,5,99,2,1,60.0,0,I,MELB_URBAN,DRIVE,1,12.0
156223,1,5,116,2,1,80.0,0,I,MELB_URBAN,HIGHWAY,1,10.0
156224,1,5,130,5,1,60.0,0,N,MELB_URBAN,STREET,1,10.0
156225,4,5,181,5,1,100.0,0,N,RURAL_VICTORIA,ROAD,1,9.0
156226,1,5,130,1,1,80.0,0,I,SMALL_TOWNS,ROAD,1,9.0
156227,1,5,99,1,1,60.0,0,N,MELB_URBAN,UNKNOWN,1,10.0
156228,4,4,181,2,1,100.0,0,I,RURAL_VICTORIA,ROAD,1,13.0
156229,6,5,99,5,5,100.0,1,N,RURAL_VICTORIA,ROAD,1,2.0
156230,1,4,130,2,1,60.0,0,I,MELB_URBAN,ROAD,1,10.0
156231,1,0,130,5,1,80.0,0,N,MELB_URBAN,HIGHWAY,12,16.0
156232,1,6,163,5,1,60.0,0,N,MELB_URBAN,STREET,1,12.0
156233,4,5,181,5,1,100.0,0,N,RURAL_VICTORIA,OTHER,1,11.0
156234,6,4,170,5,1,50.0,0,N,MELB_URBAN,BOULEVARD,1,19.0
156235,1,5,111,4,1,60.0,0,I,MELB_URBAN,ROAD,1,12.0
156236,1,4,163,5,3,60.0,0,N,MELB_URBAN,ROAD,1,22.0
156237,1,4,130,2,1,60.0,0,I,MELB_URBAN,PARADE,1,17.0
156238,4,5,171,5,1,50.0,0,N,MELB_URBAN,STREET,1,14.0
156239,4,4,99,2,1,80.0,0,N,MELB_URBAN,ROAD,1,13.0
156240,1,5,120,5,1,100.0,0,N,RURAL_VICTORIA,OTHER,1,15.0
156241,1,5,120,5,1,60.0,0,N,RURAL_VICTORIA,ROAD,1,16.0
156242,2,4,99,5,2,60.0,0,N,MELB_URBAN,ROAD,12,19.0
156243,1,3,121,1,1,60.0,0,I,MELB_URBAN,ROAD,1,18.0
156244,1,5,134,5,1,50.0,0,N,MELB_URBAN,PARADE,1,15.0
156245,4,7,183,5,1,100.0,0,N,RURAL_VICTORIA,HIGHWAY,1,12.0
156246,4,4,171,5,1,50.0,0,N,MELB_URBAN,ROAD,1,16.0
156247,1,4,121,1,3,50.0,0,I,MELB_URBAN,ROAD,1,20.0
156248,1,5,121,2,1,60.0,0,N,MELB_URBAN,ROAD,1,16.0
156249,1,4,173,2,1,50.0,0,I,RURAL_VICTORIA,STREET,1,19.0
156250,1,5,121,2,1,80.0,0,I,MELB_URBAN,ROAD,1,14.0
156251,1,6,111,2,5,40.0,0,N,MELB_URBAN,DRIVE,1,0.0
156252,4,6,171,5,5,60.0,0,N,MELB_URBAN,STREET,1,2.0
156253,1,5,110,1,2,50.0,0,I,MELB_URBAN,ROAD,1,5.0
156254,4,5,99,5,2,100.0,0,N,RURAL_VICTORIA,FREEWAY,1,5.0
156255,1,6,110,1,2,80.0,0,I,MELB_URBAN,OTHER,1,6.0
156256,1,5,130,5,1,80.0,0,N,MELB_URBAN,FREEWAY,1,7.0
156257,8,6,174,5,1,80.0,0,N,RURAL_VICTORIA,ROAD,1,8.0
156258,2,3,100,5,9,60.0,0,N,MELB_URBAN,ROAD,1,12.0
156259,8,1,174,1,3,60.0,0,N,MELB_URBAN,ROAD,12,21.0
156260,1,7,130,5,1,40.0,0,I,MELB_URBAN,ROAD,1,13.0
156261,1,4,110,1,3,60.0,0,I,MELB_URBAN,STREET,1,21.0
156262,1,3,135,5,1,80.0,0,N,MELB_URBAN,FREEWAY,12,15.0
156263,1,6,113,2,1,100.0,0,I,RURAL_VICTORIA,ROAD,1,8.0
156264,1,6,130,5,1,110.0,0,N,RURAL_VICTORIA,FREEWAY,1,8.0
156265,4,6,171,5,1,60.0,0,N,MELB_URBAN,ROAD,1,10.0
156266,1,3,130,5,1,60.0,0,N,MELB_URBAN,STREET,1,13.0
156267,1,6,113,2,1,60.0,0,I,MELB_URBAN,ROAD,1,9.0
156268,4,6,173,2,1,50.0,0,N,MELB_URBAN,ROAD,1,10.0
156269,1,6,99,5,1,50.0,0,N,SMALL_CITIES,UNKNOWN,1,10.0
156270,1,3,99,1,2,60.0,0,I,MELB_URBAN,ROAD,1,20.0
156271,1,6,121,2,1,80.0,0,I,MELB_URBAN,HIGHWAY,1,12.0
156272,1,5,147,4,1,50.0,0,N,TOWNS,AVENUE,1,13.0
156273,1,6,130,5,1,100.0,1,N,RURAL_VICTORIA,ROAD,1,8.0
156274,2,5,100,5,1,60.0,0,N,MELB_URBAN,ROAD,1,13.0
156275,1,6,113,2,1,50.0,0,I,MELB_URBAN,ROAD,1,12.0
156276,1,5,130,1,1,80.0,0,N,MELB_URBAN,ROAD,1,10.0
156277,1,6,163,5,1,40.0,0,N,MELBOURNE_CBD,STREET,1,7.0
156278,4,6,173,5,1,60.0,0,N,MELB_URBAN,STREET,1,12.0
156279,1,6,160,5,1,50.0,0,N,SMALL_CITIES,UNKNOWN,1,13.0
156280,8,3,140,5,1,40.0,0,N,MELB_URBAN,STREET,1,13.0
156281,1,6,130,1,1,50.0,0,I,MELB_URBAN,STREET,1,14.0
156282,1,6,113,2,1,60.0,0,I,RURAL_VICTORIA,ROAD,1,12.0
156283,1,4,147,5,9,60.0,0,N,MELB_URBAN,STREET,1,18.0
156284,1,6,113,4,1,80.0,0,I,LARGE_PROVINCIAL_CITIES,RAMP,1,14.0
156285,4,6,181,5,1,50.0,0,N,RURAL_VICTORIA,OTHER,1,13.0
156286,1,6,121,2,1,70.0,0,N,MELB_URBAN,STREET,1,15.0
156287,2,6,99,5,1,50.0,0,N,SMALL_CITIES,STREET,1,17.0
156288,1,5,140,5,1,70.0,0,N,MELB_URBAN,ROAD,1,13.0
156289,1,6,110,1,1,80.0,0,I,RURAL_VICTORIA,HIGHWAY,1,13.0
156290,6,5,184,5,1,60.0,0,N,RURAL_VICTORIA,OTHER,12,15.0
156291,1,6,99,2,1,60.0,0,I,MELB_URBAN,ROAD,1,14.0
156292,2,5,102,1,1,60.0,0,I,LARGE_PROVINCIAL_CITIES,ROAD,1,14.0
156293,2,5,100,2,1,60.0,0,N,MELB_URBAN,OTHER,1,18.0
156294,1,5,110,1,1,60.0,0,I,MELB_URBAN,ROAD,1,18.0
156295,1,5,116,1,1,80.0,0,N,MELB_URBAN,ROAD,1,20.0
156296,1,6,99,2,1,100.0,0,N,RURAL_VICTORIA,ROAD,1,14.0
156297,6,6,174,2,1,60.0,0,I,MELB_URBAN,STREET,1,19.0
156298,6,6,174,5,1,100.0,0,N,RURAL_VICTORIA,ROAD,1,19.0