,accident_type,day_of_week,dca_code,road_geometry,light_condition,speed_zone,severity,node_type,deg_urban_name,road_type,month,hour
156299,1,5,110,1,2,60.0,0,I,MELB_URBAN,ROAD,1,21.0
156300,1,3,130,5,1,100.0,0,N,MELB_URBAN,FREEWAY,1,16.0
156301,1,6,130,5,1,60.0,0,N,MELB_URBAN,ROAD,1,7.0
156302,1,7,140,2,1,80.0,0,I,MELB_URBAN,HIGHWAY,1,9.0
156303,4,6,171,5,5,100.0,0,N,RURAL_VICTORIA,ROAD,1,23.0
156304,6,6,174,5,1,40.0,0,N,UNKNOWN,STREET,1,12.0
156305,1,7,113,4,1,60.0,0,N,MELB_URBAN,ROAD,1,10.0
156306,1,7,111,2,1,80.0,0,N,RURAL_VICTORIA,ROAD,1,11.0
156307,1,4,130,2,1,50.0,0,I,MELB_URBAN,DRIVE,1,15.0
156308,2,6,100,5,1,50.0,0,N,MELB_URBAN,STREET,1,11.0
156309,1,4,111,2,1,60.0,0,I,MELB_URBAN,ROAD,1,14.0
156310,1,7,120,5,1,60.0,0,N,MELB_URBAN,STREET,1,8.0
156311,1,7,130,5,1,100.0,0,N,RURAL_VICTORIA,ROAD,1,11.0
156312,2,7,100,5,1,40.0,0,N,MELB_URBAN,ROAD,1,12.0
156313,1,7,116,4,1,80.0,0,N,MELB_URBAN,ROAD,1,12.0
156314,1,7,133,5,1,60.0,0,N,MELB_URBAN,ROAD,1,13.0
156315,1,7,120,5,1,100.0,0,N,RURAL_VICTORIA,ROAD,1,11.0
156316,1,3,133,5,1,80.0,0,N,MELB_URBAN,FREEWAY,7,8.0
156317,4,7,173,5,1,60.0,1,N,MELB_URBAN,ROAD,1,10.0
156318,1,5,99,5,2,100.0,0,N,RURAL_VICTORIA,HIGHWAY,1,20.0
156319,1,7,130,5,1,50.0,0,N,MELB_URBAN,ROAD,1,15.0
156320,6,7,174,5,1,40.0,0,N,MELB_URBAN,ROAD,1,13.0
156321,8,4,184,5,1,80.0,0,N,RURAL_VICTORIA,ROAD,1,15.0
156322,1,6,130,1,1,60.0,0,I,MELB_URBAN,ROAD,1,14.0
156323,1,7,147,5,1,60.0,0,I,TOWNS,ROAD,1,18.0
156324,4,7,99,2,1,60.0,0,N,RURAL_VICTORIA,ROAD,1,18.0
156325,2,7,100,5,1,50.0,0,N,MELB_URBAN,AVENUE,1,16.0
156326,2,6,99,5,1,50.0,0,N,MELB_URBAN,ROAD,1,18.0
156327,4,7,171,5,1,100.0,1,N,RURAL_VICTORIA,ROAD,1,16.0
156328,1,6,134,5,2,80.0,0,N,MELB_URBAN,ROAD,1,21.0
156329,1,7,130,5,2,110.0,0,N,RURAL_VICTORIA,FREEWAY,1,19.0
156330,1,1,173,2,3,60.0,0,I,LARGE_PROVINCIAL_CITIES,ROAD,1,3.0
156331,1,1,110,1,2,40.0,0,N,MELBOURNE_CBD,STREET,1,5.0
156332,4,0,99,5,2,80.0,0,N,MELB_URBAN,ROAD,1,5.0
156333,3,1,167,5,5,100.0,0,N,UNKNOWN,ROAD,1,1.0
156334,4,7,181,5,1,100.0,0,N,RURAL_VICTORIA,ROAD,1,13.0
156335,1,7,113,1,1,100.0,0,I,RURAL_VICTORIA,HIGHWAY,1,11.0
156336,8,6,99,5,1,80.0,0,N,RURAL_VICTORIA,ROAD,1,14.0
156337,1,0,130,1,1,80.0,0,N,MELB_URBAN,ROAD,1,7.0
156338,1,1,111,2,1,70.0,0,I,MELB_URBAN,ROAD,1,8.0
156339,4,1,181,5,1,80.0,0,N,RURAL_VICTORIA,ROAD,1,9.0
156340,1,1,140,1,1,80.0,0,N,MELB_URBAN,ROAD,12,12.0
156341,1,0,110,1,1,50.0,0,I,MELB_URBAN,STREET,1,9.0
156342,4,1,181,5,1,40.0,0,N,RURAL_VICTORIA,ROAD,1,10.0
156343,1,6,113,2,1,40.0,0,I,MELB_URBAN,STREET,1,18.0
156344,4,0,173,5,1,100.0,0,N,RURAL_VICTORIA,ROAD,1,7.0
156345,2,1,100,2,1,50.0,0,N,MELB_URBAN,STREET,1,14.0
156346,1,3,99,2,4,60.0,0,N,MELB_URBAN,ROAD,1,23.0
156347,2,1,100,2,1,50.0,0,I,MELB_URBAN,AVENUE,1,14.0
156348,4,1,183,5,1,100.0,0,N,RURAL_VICTORIA,ROAD,1,8.0
156349,1,3,130,5,1,60.0,0,N,MELB_URBAN,AVENUE,1,18.0
156350,1,1,116,2,1,60.0,0,I,MELB_URBAN,ROAD,1,16.0
156351,1,0,121,2,1,80.0,0,I,MELB_URBAN,HIGHWAY,1,18.0
156352,1,7,110,1,1,60.0,0,I,MELB_URBAN,STREET,1,13.0
156353,4,1,171,5,1,80.0,0,N,RURAL_VICTORIA,ROAD,1,18.0
156354,1,1,99,5,1,60.0,0,N,LARGE_PROVINCIAL_CITIES,STREET,1,19.0
156355,4,1,181,5,3,50.0,0,N,MELB_URBAN,DRIVE,1,22.0
156356,1,1,120,5,3,60.0,0,N,RURAL_VICTORIA,BOULEVARD,1,22.0
156357,4,1,173,5,2,80.0,0,N,MELB_URBAN,HIGHWAY,1,5.0
156358,1,1,113,2,1,80.0,0,I,MELB_URBAN,STREET,1,9.0
156359,5,2,99,5,2,60.0,0,N,SMALL_CITIES,STREET,1,21.0
156360,8,5,174,2,1,50.0,0,I,MELB_URBAN,ROAD,1,11.0
156361,1,2,99,2,1,60.0,0,I,MELB_URBAN,ROAD,1,8.0
156362,1,2,120,1,1,60.0,0,I,MELB_URBAN,ROAD,1,11.0
156363,6,6,170,5,1,100.0,0,N,RURAL_VICTORIA,ROAD,1,8.0
156364,1,2,99,5,2,100.0,0,N,MELB_URBAN,UNKNOWN,1,20.0
156365,8,2,174,5,1,80.0,0,N,RURAL_VICTORIA,OTHER,1,12.0
156366,1,2,110,1,1,100.0,1,I,RURAL_VICTORIA,ROAD,1,8.0
156367,6,4,174,5,2,80.0,0,N,RURAL_VICTORIA,ROAD,1,19.0
156368,1,1,121,2,1,100.0,0,I,RURAL_VICTORIA,ROAD,1,12.0
156369,2,7,100,1,1,40.0,0,N,MELB_URBAN,STREET,1,17.0
156370,1,2,160,2,1,50.0,0,I,MELB_URBAN,OTHER,1,11.0
156371,1,6,120,5,1,100.0,0,N,RURAL_VICTORIA,ROAD,1,17.0
156372,1,1,130,5,1,40.0,0,N,TOWNS,STREET,1,13.0
156373,1,2,130,5,1,100.0,0,N,MELB_URBAN,ROAD,1,14.0
156374,2,2,100,1,1,40.0,0,I,SMALL_CITIES,STREET,1,13.0
156375,1,1,140,5,1,50.0,0,N,SMALL_CITIES,STREET,1,12.0
156376,1,2,130,1,1,80.0,0,I,SMALL_TOWNS,ROAD,1,13.0
156377,6,2,99,5,1,80.0,0,N,RURAL_VICTORIA,ROAD,1,13.0
156378,1,2,99,2,1,50.0,0,N,MELB_URBAN,DRIVE,1,15.0
156379,1,2,120,5,1,100.0,1,N,RURAL_VICTORIA,HIGHWAY,1,11.0
156380,1,2,121,2,1,50.0,0,I,MELB_URBAN,STREET,1,16.0
156381,1,1,130,5,1,60.0,0,N,MELB_URBAN,FREEWAY,1,17.0
156382,1,2,116,2,1,80.0,0,I,MELB_URBAN,HIGHWAY,1,14.0
156383,2,1,99,5,1,50.0,0,N,MELB_URBAN,DRIVE,1,15.0
156384,1,2,116,1,1,80.0,0,I,SMALL_CITIES,HIGHWAY,1,18.0
156385,1,2,110,1,1,50.0,0,I,LARGE_PROVINCIAL_CITIES,STREET,1,17.0
156386,4,5,173,5,1,40.0,0,N,MELB_URBAN,ROAD,1,16.0
156387,1,7,130,5,1,70.0,0,N,RURAL_VICTORIA,HIGHWAY,1,18.0
156388,1,2,121,2,1,60.0,0,I,MELB_URBAN,ROAD,1,17.0
156389,2,2,99,5,1,50.0,0,N,MELB_URBAN,STREET,1,16.0
156390,4,2,171,1,1,60.0,0,I,LARGE_PROVINCIAL_CITIES,PARADE,1,19.0
156391,1,2,116,2,1,60.0,0,I,MELB_URBAN,PARADE,1,18.0
156392,2,2,100,5,3,50.0,0,N,MELB_URBAN,UNKNOWN,1,20.0
156393,1,3,110,1,2,60.0,0,I,MELB_URBAN,ROAD,1,6.0
156394,1,2,110,1,3,60.0,0,N,SMALL_CITIES,HIGHWAY,1,23.0
156395,6,3,184,4,1,100.0,0,N,RURAL_VICTORIA,ROAD,1,17.0
156396,1,6,116,1,1,40.0,0,I,SMALL_CITIES,STREET,1,17.0
156397,8,2,174,5,3,50.0,0,N,MELB_URBAN,ROAD,1,4.0
156398,1,2,99,5,2,100.0,0,N,MELB_URBAN,FREEWAY,1,8.0
156399,1,3,130,2,1,60.0,0,I,MELB_URBAN,ROAD,1,7.0
156400,1,3,132,2,1,100.0,0,I,RURAL_VICTORIA,HIGHWAY,1,8.0
156401,2,3,99,5,1,40.0,0,N,MELB_URBAN,STREET,1,10.0
156402,6,3,174,2,1,40.0,0,N,MELB_URBAN,STREET,1,8.0
156403,1,2,130,5,1,60.0,0,N,UNKNOWN,ROAD,1,10.0
156404,4,3,183,5,1,60.0,1,N,MELB_URBAN,BOULEVARD,1,8.0
156405,1,4,110,1,9,60.0,0,I,SMALL_CITIES,STREET,1,10.0
156406,1,0,130,5,9,60.0,0,N,MELB_URBAN,STREET,1,18.0
156407,1,3,130,1,1,80.0,0,I,MELB_URBAN,ROAD,1,10.0
156408,8,7,174,5,1,60.0,0,N,RURAL_VICTORIA,ROAD,1,10.0
156409,1,3,121,2,1,80.0,0,N,MELB_URBAN,ROAD,1,7.0
156410,1,3,130,5,1,80.0,0,N,MELB_URBAN,HIGHWAY,1,10.0
156411,4,3,171,5,1,100.0,0,N,RURAL_VICTORIA,FREEWAY,1,10.0
156412,8,3,174,1,1,60.0,0,N,MELB_URBAN,ROAD,1,10.0
156413,1,3,130,2,1,70.0,0,I,MELB_URBAN,ROAD,1,8.0
156414,1,0,110,1,1,80.0,0,I,TOWNS,HIGHWAY,1,11.0
156415,1,1,130,5,1,40.0,0,N,MELB_URBAN,ROAD,1,16.0
156416,1,3,130,5,1,100.0,0,N,MELB_URBAN,FREEWAY,1,6.0
156417,1,3,116,2,1,80.0,0,N,MELB_URBAN,ROAD,1,10.0
156418,2,2,100,2,1,60.0,0,I,MELB_URBAN,STREET,1,12.0
156419,6,5,99,2,9,80.0,0,I,RURAL_VICTORIA,HIGHWAY,1,11.0
156420,1,3,99,5,1,50.0,0,N,MELB_URBAN,AVENUE,1,13.0
156421,1,6,140,5,3,60.0,0,N,MELB_URBAN,ROAD,1,21.0
156422,1,1,110,1,1,80.0,0,I,MELB_URBAN,ROAD,1,13.0
156423,1,7,121,1,9,60.0,0,I,MELB_URBAN,ROAD,10,21.0
156424,1,5,99,5,1,50.0,0,N,MELB_URBAN,DRIVE,12,13.0
156425,8,3,174,5,1,60.0,0,N,RURAL_VICTORIA,ROAD,12,10.0
156426,1,3,135,5,9,100.0,0,N,MELB_URBAN,FREEWAY,1,12.0
156427,6,5,99,5,1,30.0,0,N,RURAL_VICTORIA,ROAD,1,11.0
156428,1,3,99,2,1,60.0,0,I,MELB_URBAN,STREET,1,13.0
156429,1,5,133,5,9,60.0,0,N,MELB_URBAN,AVENUE,12,12.0
156430,1,3,110,1,1,40.0,0,I,MELB_URBAN,ROAD,1,16.0
156431,1,3,121,5,1,60.0,0,N,LARGE_PROVINCIAL_CITIES,STREET,1,14.0
156432,6,2,170,5,1,100.0,0,N,RURAL_VICTORIA,ROAD,1,13.0
156433,1,0,110,1,9,70.0,0,I,MELB_URBAN,ROAD,1,13.0
156434,2,2,102,5,1,40.0,0,N,MELB_URBAN,DRIVE,1,17.0
156435,4,3,173,2,1,60.0,0,N,MELB_URBAN,ROAD,1,16.0
156436,1,3,130,5,1,80.0,0,N,MELB_URBAN,HIGHWAY,1,16.0
156437,1,3,120,5,1,100.0,0,N,RURAL_VICTORIA,ROAD,1,15.0
156438,1,3,99,5,1,60.0,0,N,MELB_URBAN,RAMP,1,15.0
156439,1,3,132,1,1,100.0,0,I,RURAL_VICTORIA,ROAD,1,18.0
156440,1,3,99,1,1,50.0,0,I,LARGE_PROVINCIAL_CITIES,STREET,1,18.0
156441,1,2,110,1,2,50.0,0,I,LARGE_PROVINCIAL_CITIES,STREET,1,19.0
156442,1,3,130,5,1,60.0,0,N,MELB_URBAN,STREET,1,14.0
156443,4,2,173,2,1,70.0,0,I,RURAL_VICTORIA,ROAD,1,8.0
156444,1,3,99,1,1,60.0,0,I,MELB_URBAN,STREET,1,19.0
156445,1,3,99,5,1,80.0,0,N,RURAL_VICTORIA,ROAD,1,17.0
156446,1,3,113,2,1,50.0,0,I,MELB_URBAN,ROAD,1,17.0
156447,2,3,100,5,1,40.0,0,N,LARGE_PROVINCIAL_CITIES,STREET,1,13.0
156448,1,3,116,1,1,60.0,0,N,MELB_URBAN,ROAD,1,19.0
156449,1,3,160,5,2,50.0,0,N,MELB_URBAN,STREET,1,19.0
156450,1,2,134,1,2,70.0,0,I,MELB_URBAN,ROAD,1,19.0
156451,8,1,174,5,1,50.0,0,N,RURAL_VICTORIA,ROAD,1,11.0
156452,1,3,99,2,1,50.0,0,I,MELB_URBAN,OTHER,1,16.0
156453,1,3,132,2,1,100.0,1,N,RURAL_VICTORIA,ROAD,1,15.0
156454,1,3,99,5,3,50.0,0,N,MELB_URBAN,STREET,1,5.0
156455,1,3,111,2,1,80.0,0,I,SMALL_CITIES,HIGHWAY,1,19.0
156456,1,2,121,1,3,60.0,0,N,MELB_URBAN,ROAD,1,22.0
156457,4,2,171,5,1,80.0,0,N,RURAL_VICTORIA,ROAD,1,19.0
156458,4,2,173,5,3,60.0,0,N,SMALL_CITIES,DRIVE,1,21.0
156459,4,7,181,5,5,80.0,0,N,RURAL_VICTORIA,ROAD,8,1.0
156460,4,3,171,5,3,60.0,0,N,MELB_URBAN,ROAD,2,3.0
156461,1,3,171,2,3,60.0,0,N,MELB_URBAN,ROAD,2,0.0
156462,1,6,99,1,6,60.0,0,N,MELB_URBAN,ROAD,1,22.0
156463,1,7,130,5,1,60.0,0,N,MELB_URBAN,ROAD,1,12.0
156464,1,5,130,2,1,60.0,0,I,MELB_URBAN,STREET,1,18.0
156465,1,4,132,2,1,50.0,0,I,MELB_URBAN,STREET,2,8.0
156466,2,4,102,1,1,60.0,0,I,LARGE_PROVINCIAL_CITIES,STREET,2,8.0
156467,1,4,140,5,1,40.0,0,N,LARGE_PROVINCIAL_CITIES,STREET,2,8.0
156468,1,4,121,2,1,70.0,0,I,MELB_URBAN,STREET,2,8.0
156469,1,0,121,4,1,70.0,0,N,MELB_URBAN,ROAD,11,10.0
156470,2,4,99,5,1,60.0,1,N,MELB_URBAN,ROAD,2,8.0
156471,1,3,99,2,1,80.0,0,I,MELB_URBAN,ROAD,1,15.0
156472,1,4,121,2,1,60.0,0,I,MELB_URBAN,OTHER,2,9.0
156473,1,4,111,1,2,50.0,0,I,MELB_URBAN,ROAD,2,8.0
156474,1,4,160,5,1,70.0,0,N,MELB_URBAN,ROAD,2,11.0
156475,1,3,130,1,1,60.0,0,N,MELB_URBAN,ROAD,1,17.0
156476,1,5,120,5,1,100.0,0,N,RURAL_VICTORIA,ROAD,12,11.0
156477,1,4,113,2,1,80.0,0,I,RURAL_VICTORIA,ROAD,2,11.0
156478,1,4,130,5,1,80.0,0,N,MELB_URBAN,ROAD,2,12.0
156479,1,4,130,5,1,70.0,0,N,MELB_URBAN,ROAD,2,11.0
156480,1,4,121,1,1,80.0,0,I,MELB_URBAN,ROAD,2,8.0
156481,8,3,99,2,1,50.0,0,N,TOWNS,BOULEVARD,1,8.0
156482,4,3,99,5,1,50.0,0,N,MELB_URBAN,ROAD,2,13.0
156483,1,3,121,1,3,60.0,0,I,MELB_URBAN,ROAD,1,22.0
156484,1,4,121,1,1,50.0,0,I,MELB_URBAN,STREET,2,12.0
156485,1,1,130,5,1,80.0,0,N,MELB_URBAN,OTHER,1,17.0
156486,1,4,110,1,1,80.0,0,I,MELB_URBAN,ROAD,2,13.0
156487,1,3,113,2,1,40.0,0,I,RURAL_VICTORIA,ROAD,2,11.0
156488,3,3,167,5,2,100.0,0,N,RURAL_VICTORIA,HIGHWAY,1,5.0
156489,6,4,174,5,1,40.0,0,N,MELB_URBAN,STREET,2,12.0
156490,1,6,121,1,1,60.0,0,I,MELB_URBAN,ROAD,1,10.0
156491,1,4,121,5,1,80.0,0,N,MELB_URBAN,HIGHWAY,2,15.0
156492,1,2,130,5,1,100.0,0,N,MELB_URBAN,FREEWAY,1,16.0
156493,1,4,120,5,1,80.0,0,N,RURAL_VICTORIA,ROAD,2,16.0
156494,1,4,113,1,1,100.0,0,I,RURAL_VICTORIA,HIGHWAY,2,16.0
156495,4,4,171,5,1,50.0,0,N,MELB_URBAN,STREET,2,16.0
156496,4,4,171,5,1,80.0,0,N,RURAL_VICTORIA,ROAD,2,18.0
156497,1,4,140,1,1,100.0,0,N,RURAL_VICTORIA,OTHER,2,16.0
156498,6,0,174,5,1,60.0,0,N,MELB_URBAN,ROAD,1,11.0
156499,1,4,160,5,1,50.0,0,N,TOWNS,ROAD,2,18.0
156500,1,4,130,5,1,100.0,0,N,MELB_URBAN,FREEWAY,2,17.0
156501,1,4,99,2,1,80.0,0,I,LARGE_PROVINCIAL_CITIES,ROAD,2,14.0
156502,1,3,113,2,1,60.0,0,I,MELB_URBAN,ROAD,2,17.0
156503,1,4,99,5,1,60.0,0,N,MELB_URBAN,ROAD,2,14.0
156504,1,4,130,2,2,60.0,0,N,MELB_URBAN,ROAD,2,19.0
156505,1,4,120,5,1,40.0,0,N,MELB_URBAN,DRIVE,2,16.0
156506,1,3,130,1,3,80.0,0,I,MELB_URBAN,ROAD,2,21.0
156507,1,3,130,5,1,60.0,0,N,MELB_URBAN,ROAD,1,17.0
156508,1,4,99,5,3,40.0,0,N,MELB_URBAN,STREET,2,21.0
156509,4,4,171,2,3,80.0,0,I,MELB_URBAN,ROAD,2,22.0
156510,1,5,110,1,3,60.0,0,I,MELB_URBAN,ROAD,2,0.0
156511,4,4,173,5,1,60.0,0,N,MELB_URBAN,ROAD,2,14.0
156512,4,3,171,5,5,100.0,0,N,RURAL_VICTORIA,ROAD,2,21.0
156513,8,4,174,1,1,40.0,0,N,MELB_URBAN,STREET,2,16.0
156514,1,4,99,5,1,80.0,0,N,RURAL_VICTORIA,ROAD,2,7.0
156515,5,5,171,5,1,60.0,1,N,MELB_URBAN,HIGHWAY,2,7.0
156516,6,7,184,5,9,60.0,0,N,RURAL_VICTORIA,ROAD,1,11.0
156517,4,7,181,5,1,100.0,0,N,RURAL_VICTORIA,ROAD,1,18.0
156518,1,5,130,2,1,80.0,0,N,MELB_URBAN,ROAD,2,10.0
156519,6,6,99,5,2,100.0,0,N,RURAL_VICTORIA,ROAD,1,21.0
156520,1,5,99,5,1,50.0,0,N,MELB_URBAN,ROAD,2,9.0
156521,1,3,130,5,2,80.0,0,N,MELB_URBAN,FREEWAY,1,19.0
156522,1,5,110,1,1,60.0,1,I,MELB_URBAN,STREET,2,9.0
156523,4,4,99,5,1,40.0,0,N,SMALL_CITIES,STREET,2,11.0
156524,6,5,174,2,1,60.0,0,I,MELB_URBAN,ROAD,2,10.0
156525,4,4,171,5,1,60.0,0,N,TOWNS,ROAD,2,10.0
156526,1,3,147,5,9,60.0,0,N,MELB_URBAN,AVENUE,2,15.0
156527,1,0,130,2,1,50.0,0,N,LARGE_PROVINCIAL_CITIES,STREET,1,15.0
156528,4,4,181,2,1,100.0,0,I,RURAL_VICTORIA,HIGHWAY,2,9.0
156529,6,4,99,5,9,60.0,0,N,RURAL_VICTORIA,ROAD,1,17.0
156530,2,5,100,5,1,50.0,0,I,MELB_URBAN,OTHER,2,12.0
156531,1,5,130,5,1,40.0,0,N,RURAL_VICTORIA,HIGHWAY,1,14.0
156532,1,4,130,5,1,60.0,0,N,MELB_URBAN,ROAD,2,11.0
156533,1,4,130,5,1,60.0,0,N,MELB_URBAN,STREET,1,17.0
156534,1,5,130,2,2,60.0,0,N,MELB_URBAN,HIGHWAY,1,20.0
156535,4,5,181,5,3,80.0,1,N,MELB_URBAN,RAMP,2,4.0
156536,1,5,132,5,1,80.0,0,N,RURAL_VICTORIA,ROAD,2,12.0
156537,6,5,174,5,1,100.0,0,N,RURAL_VICTORIA,ROAD,2,12.0
156538,4,3,171,5,1,60.0,0,N,SMALL_CITIES,ROAD,1,17.0
156539,1,5,130,5,1,60.0,0,N,MELB_URBAN,ROAD,2,13.0
156540,1,5,113,1,1,60.0,0,I,SMALL_CITIES,HIGHWAY,2,13.0
156541,2,5,99,5,1,40.0,0,N,RURAL_VICTORIA,ROAD,2,12.0
156542,6,3,99,2,1,80.0,0,I,RURAL_VICTORIA,ROAD,1,15.0
156543,1,3,130,5,1,80.0,0,N,MELB_URBAN,FREEWAY,1,17.0
156544,1,5,99,2,1,80.0,0,I,MELB_URBAN,ROAD,2,14.0
156545,1,4,130,1,1,50.0,0,N,MELB_URBAN,ROAD,2,13.0
156546,1,6,130,5,1,100.0,0,N,MELB_URBAN,FREEWAY,1,8.0
156547,1,5,99,1,1,60.0,1,N,MELB_URBAN,ROAD,2,12.0
156548,2,5,102,5,1,40.0,0,N,MELB_URBAN,STREET,2,16.0
156549,6,5,174,5,2,60.0,0,N,MELB_URBAN,ROAD,2,16.0
156550,1,5,130,4,2,80.0,0,I,MELB_URBAN,HIGHWAY,1,19.0
156551,4,5,183,5,1,80.0,0,N,RURAL_VICTORIA,ROAD,2,17.0
156552,1,4,140,5,2,60.0,0,N,MELB_URBAN,ROAD,12,18.0
156553,1,3,111,1,1,40.0,0,I,MELB_URBAN,STREET,1,18.0
156554,1,5,110,1,2,40.0,0,I,MELB_URBAN,STREET,2,17.0
156555,1,5,134,2,1,80.0,0,I,MELB_URBAN,HIGHWAY,2,17.0
156556,1,5,130,1,1,80.0,0,I,RURAL_VICTORIA,STREET,2,15.0
156557,1,5,110,1,1,60.0,0,N,MELB_URBAN,ROAD,2,16.0
156558,1,5,110,1,1,70.0,0,I,SMALL_CITIES,PARADE,2,16.0
156559,1,5,99,2,1,50.0,0,N,MELB_URBAN,DRIVE,2,14.0
156560,1,5,99,5,3,50.0,0,N,LARGE_PROVINCIAL_CITIES,ROAD,2,21.0
156561,3,1,167,1,5,60.0,0,I,RURAL_VICTORIA,HIGHWAY,1,0.0
156562,1,4,121,1,3,60.0,0,I,LARGE_PROVINCIAL_CITIES,ROAD,2,22.0
156563,1,5,99,2,3,80.0,0,N,MELB_URBAN,DRIVE,2,22.0
156564,4,5,171,5,5,80.0,0,N,RURAL_VICTORIA,ROAD,2,23.0
156565,4,4,171,5,3,50.0,0,N,MELB_URBAN,PARADE,2,23.0
156566,4,5,99,2,3,50.0,0,N,MELB_URBAN,STREET,2,1.0
156567,1,4,130,5,9,60.0,0,N,MELB_URBAN,UNKNOWN,7,8.0
156568,2,6,100,2,1,40.0,0,I,MELB_URBAN,OTHER,2,8.0
156569,2,5,102,1,3,70.0,0,I,MELB_URBAN,ROAD,2,5.0
156570,1,5,130,2,1,60.0,0,I,MELB_URBAN,STREET,2,19.0
156571,2,6,100,1,1,40.0,0,N,MELB_URBAN,STREET,2,10.0
156572,1,6,110,1,1,60.0,0,I,LARGE_PROVINCIAL_CITIES,HIGHWAY,2,10.0
156573,4,4,173,5,9,80.0,0,N,RURAL_VICTORIA,ROAD,1,21.0
156574,1,5,140,5,1,50.0,0,N,MELB_URBAN,STREET,2,7.0
156575,2,6,100,1,1,60.0,0,N,MELB_URBAN,STREET,2,12.0
156576,2,6,100,5,2,60.0,0,N,MELB_URBAN,HIGHWAY,2,6.0
156577,1,5,133,5,9,80.0,0,N,MELB_URBAN,ROAD,1,17.0
156578,1,6,130,5,1,70.0,0,N,MELB_URBAN,ROAD,2,12.0
156579,7,5,99,5,1,60.0,0,N,MELB_URBAN,ROAD,2,8.0
156580,2,6,102,5,1,60.0,0,N,MELB_URBAN,ROAD,2,11.0
156581,1,5,99,5,1,40.0,0,N,RURAL_VICTORIA,ROAD,2,8.0
156582,2,6,100,1,1,40.0,0,N,MELBOURNE_CBD,STREET,2,9.0
156583,6,6,174,2,1,50.0,0,N,MELB_URBAN,STREET,2,14.0
156584,1,2,130,5,1,60.0,0,N,MELB_URBAN,FREEWAY,1,18.0
156585,2,6,102,5,1,40.0,0,N,MELB_URBAN,ROAD,2,8.0
156586,8,5,174,5,1,60.0,0,N,RURAL_VICTORIA,ROAD,1,15.0
156587,1,2,110,1,1,100.0,0,I,RURAL_VICTORIA,HIGHWAY,1,8.0
156588,1,2,113,2,1,50.0,0,I,MELB_URBAN,ROAD,1,15.0
156589,1,3,111,2,2,60.0,0,I,MELB_URBAN,ROAD,1,5.0
156590,1,3,130,5,1,40.0,0,N,MELB_URBAN,ROAD,1,8.0
156591,1,5,130,5,1,60.0,0,N,MELB_URBAN,ROAD,2,18.0
156592,1,4,99,2,1,50.0,0,I,MELB_URBAN,STREET,2,16.0
156593,1,6,140,5,1,50.0,0,N,MELB_URBAN,ROAD,2,16.0
156594,1,2,130,5,1,60.0,0,N,MELB_URBAN,ROAD,1,9.0
156595,2,4,100,2,1,50.0,0,I,MELB_URBAN,ROAD,2,16.0
156596,1,6,130,5,1,100.0,0,N,SMALL_TOWNS,FREEWAY,2,14.0
156597,1,6,121,2,1,60.0,0,I,MELB_URBAN,ROAD,2,15.0
156598,1,6,140,2,1,60.0,0,N,LARGE_PROVINCIAL_CITIES,ROAD,2,17.0
156599,8,2,174,1,1,50.0,0,I,SMALL_CITIES,STREET,1,18.0
156600,2,5,100,5,1,50.0,0,N,MELB_URBAN,STREET,2,13.0
156601,2,5,102,2,1,60.0,0,N,MELB_URBAN,HIGHWAY,2,18.0
156602,4,6,183,5,1,70.0,0,N,MELB_URBAN,ROAD,2,14.0
156603,4,6,183,5,1,70.0,0,N,MELB_URBAN,ROAD,2,17.0
156604,1,6,130,5,1,100.0,0,N,MELB_URBAN,ROAD,2,16.0
156605,1,3,99,4,1,60.0,0,I,MELB_URBAN,ROAD,2,12.0
156606,1,6,111,2,1,50.0,0,I,UNKNOWN,ROAD,2,18.0
156607,1,3,116,2,1,60.0,0,I,MELB_URBAN,STREET,1,17.0
156608,1,6,121,5,1,60.0,0,N,MELB_URBAN,ROAD,2,14.0
156609,1,6,113,1,3,70.0,0,I,MELB_URBAN,FREEWAY,2,22.0
156610,1,6,135,5,3,60.0,0,N,MELB_URBAN,FREEWAY,2,1.0
156611,1,6,120,5,3,60.0,0,N,LARGE_PROVINCIAL_CITIES,ROAD,2,0.0
156612,4,6,171,5,3,60.0,0,N,MELB_URBAN,ROAD,2,3.0
156613,1,6,147,2,1,60.0,0,N,MELB_URBAN,ROAD,2,9.0
156614,5,7,99,5,2,110.0,0,N,RURAL_VICTORIA,FREEWAY,2,6.0
156615,1,6,130,2,1,60.0,0,I,MELB_URBAN,AVENUE,2,10.0
156616,2,6,100,5,1,50.0,0,N,MELB_URBAN,STREET,2,9.0
156617,1,7,110,1,1,100.0,0,N,RURAL_VICTORIA,ROAD,2,11.0
156618,1,6,130,5,1,100.0,0,N,RURAL_VICTORIA,HIGHWAY,2,12.0
156619,1,7,121,5,1,80.0,0,N,MELB_URBAN,HIGHWAY,2,12.0
156620,1,6,116,2,1,80.0,0,I,MELB_URBAN,ROAD,2,13.0
156621,1,7,110,1,1,50.0,0,I,SMALL_CITIES,STREET,2,13.0
156622,1,6,110,1,1,60.0,0,N,MELB_URBAN,ROAD,2,14.0
156623,2,7,99,5,1,50.0,0,N,MELB_URBAN,ROAD,2,13.0
156624,4,7,171,5,1,60.0,0,N,TOWNS,HIGHWAY,2,12.0