,accident_type,day_of_week,dca_code,road_geometry,light_condition,speed_zone,severity,node_type,deg_urban_name,road_type,month,hour
156625,4,6,183,5,1,100.0,0,N,RURAL_VICTORIA,HIGHWAY,2,12.0
156626,1,6,163,5,1,40.0,0,N,MELB_URBAN,ROAD,2,12.0
156627,1,4,99,1,1,60.0,0,I,MELB_URBAN,ROAD,1,15.0
156628,1,6,130,2,1,60.0,0,I,MELB_URBAN,STREET,1,8.0
156629,1,7,134,5,1,60.0,0,N,SMALL_CITIES,ROAD,2,17.0
156630,1,6,130,5,9,60.0,0,N,MELB_URBAN,FREEWAY,2,17.0
156631,1,7,121,1,1,60.0,0,I,MELB_URBAN,ROAD,2,20.0
156632,6,7,174,5,1,100.0,0,N,MELB_URBAN,FREEWAY,2,18.0
156633,4,7,171,1,1,60.0,0,I,MELB_URBAN,ROAD,2,16.0
156634,4,6,181,5,2,80.0,0,N,RURAL_VICTORIA,ROAD,2,21.0
156635,4,7,171,2,3,60.0,0,I,MELB_URBAN,ROAD,2,23.0
156636,1,7,130,1,3,80.0,0,N,MELB_URBAN,ROAD,2,21.0
156637,1,6,135,5,1,60.0,0,N,MELB_URBAN,ROAD,10,9.0
156638,1,1,110,1,3,40.0,0,I,RURAL_VICTORIA,ROAD,2,1.0
156639,1,5,130,5,1,60.0,0,N,MELB_URBAN,STREET,1,15.0
156640,2,4,99,2,1,60.0,0,I,MELB_URBAN,ROAD,1,7.0
156641,1,0,110,1,2,40.0,0,I,MELBOURNE_CBD,STREET,2,6.0
156642,2,2,99,2,1,60.0,0,I,TOWNS,STREET,1,10.0
156643,4,1,173,5,1,60.0,0,N,SMALL_CITIES,STREET,2,7.0
156644,1,7,130,5,3,40.0,0,N,MELB_URBAN,STREET,2,20.0
156645,1,6,130,1,1,60.0,0,I,LARGE_PROVINCIAL_CITIES,STREET,2,14.0
156646,6,1,184,5,1,100.0,0,N,RURAL_VICTORIA,ROAD,2,10.0
156647,1,1,99,2,1,60.0,0,I,MELB_URBAN,STREET,2,11.0
156648,3,1,167,5,1,100.0,0,N,RURAL_VICTORIA,ROAD,2,13.0
156649,1,0,120,5,1,60.0,0,N,RURAL_VICTORIA,ROAD,2,13.0
156650,8,1,99,2,1,50.0,0,I,MELB_URBAN,OTHER,2,14.0
156651,1,4,130,4,1,60.0,0,N,MELB_URBAN,ROAD,2,14.0
156652,4,1,181,5,1,80.0,0,N,RURAL_VICTORIA,ROAD,2,13.0
156653,1,1,121,1,1,80.0,0,I,MELB_URBAN,HIGHWAY,2,15.0
156654,2,1,102,5,1,60.0,0,N,TOWNS,ROAD,2,15.0
156655,1,0,130,5,1,50.0,0,N,MELB_URBAN,STREET,12,20.0
156656,4,1,183,5,1,70.0,0,N,MELB_URBAN,ROAD,2,14.0
156657,1,1,110,1,1,70.0,0,N,MELB_URBAN,ROAD,2,17.0
156658,1,1,130,5,1,60.0,0,N,MELB_URBAN,ROAD,2,12.0
156659,1,1,130,5,2,60.0,0,N,MELB_URBAN,ROAD,1,18.0
156660,6,1,99,5,1,100.0,0,N,RURAL_VICTORIA,HIGHWAY,2,14.0
156661,1,1,121,2,1,50.0,0,I,MELB_URBAN,OTHER,2,13.0
156662,1,5,99,5,1,60.0,0,N,MELB_URBAN,ROAD,2,10.0
156663,1,1,163,5,1,60.0,0,N,MELB_URBAN,STREET,2,15.0
156664,1,1,121,2,3,60.0,0,N,MELB_URBAN,ROAD,2,21.0
156665,4,0,173,5,1,60.0,0,N,MELB_URBAN,ROAD,2,20.0
156666,1,0,110,1,3,70.0,0,I,RURAL_VICTORIA,ROAD,2,21.0
156667,1,7,160,5,3,50.0,0,N,SMALL_CITIES,ROAD,11,21.0
156668,8,2,174,9,3,50.0,0,N,MELB_URBAN,ROAD,2,0.0
156669,1,3,121,2,1,50.0,0,I,MELB_URBAN,ROAD,1,15.0
156670,4,0,99,5,3,50.0,0,N,MELB_URBAN,DRIVE,2,23.0
156671,1,2,130,5,3,100.0,0,N,MELB_URBAN,ROAD,2,6.0
156672,1,1,111,1,1,60.0,0,I,TOWNS,STREET,1,7.0
156673,1,2,135,5,1,100.0,0,N,MELB_URBAN,FREEWAY,2,9.0
156674,4,1,181,5,1,60.0,0,N,RURAL_VICTORIA,ROAD,2,18.0
156675,1,1,110,1,2,60.0,0,I,TOWNS,STREET,2,6.0
156676,1,2,110,1,2,60.0,0,I,LARGE_PROVINCIAL_CITIES,STREET,2,6.0
156677,8,2,184,5,1,80.0,0,N,RURAL_VICTORIA,OTHER,2,8.0
156678,1,2,121,1,1,60.0,0,I,MELB_URBAN,RAMP,1,13.0
156679,4,1,171,5,5,60.0,0,N,TOWNS,ROAD,2,22.0
156680,1,6,130,5,1,60.0,0,N,MELB_URBAN,ROAD,2,15.0
156681,1,1,130,5,2,80.0,0,N,MELB_URBAN,ROAD,1,18.0
156682,6,1,184,5,1,100.0,0,N,RURAL_VICTORIA,ROAD,2,12.0
156683,1,7,130,2,1,60.0,0,I,MELB_URBAN,STREET,2,14.0
156684,8,7,99,5,1,50.0,0,N,MELB_URBAN,STREET,1,13.0
156685,1,6,140,5,1,100.0,0,N,RURAL_VICTORIA,ROAD,2,15.0
156686,1,2,110,1,1,50.0,0,I,SMALL_CITIES,STREET,2,12.0
156687,2,1,99,5,1,50.0,0,N,MELB_URBAN,DRIVE,2,10.0
156688,1,2,99,1,1,60.0,0,I,MELB_URBAN,STREET,2,9.0
156689,1,3,130,5,1,60.0,0,N,LARGE_PROVINCIAL_CITIES,STREET,1,8.0
156690,1,2,130,2,1,80.0,0,I,LARGE_PROVINCIAL_CITIES,HIGHWAY,2,12.0
156691,4,1,99,3,2,80.0,0,N,RURAL_VICTORIA,ROAD,2,21.0
156692,1,2,121,2,1,50.0,0,I,RURAL_VICTORIA,BOULEVARD,2,8.0
156693,1,7,135,5,1,60.0,0,N,MELB_URBAN,ROAD,2,18.0
156694,8,1,174,5,9,60.0,0,N,MELB_URBAN,ROAD,12,19.0
156695,2,2,100,5,1,60.0,0,N,MELB_URBAN,STREET,2,12.0
156696,1,7,130,5,1,60.0,0,N,MELB_URBAN,RAMP,1,14.0
156697,1,1,130,5,1,80.0,0,N,MELB_URBAN,ROAD,2,16.0
156698,4,1,171,5,1,80.0,0,N,MELB_URBAN,ROAD,2,14.0
156699,1,2,130,2,1,60.0,0,I,MELB_URBAN,ROAD,2,16.0
156700,1,2,130,5,1,60.0,0,N,MELB_URBAN,ROAD,2,17.0
156701,1,1,130,5,1,80.0,0,N,MELB_URBAN,ROAD,2,18.0
156702,1,1,99,1,2,60.0,0,I,MELB_URBAN,ROAD,1,21.0
156703,1,2,99,5,2,100.0,0,N,RURAL_VICTORIA,ROAD,2,16.0
156704,1,7,160,5,1,50.0,0,N,MELB_URBAN,DRIVE,1,8.0
156705,6,6,174,1,1,60.0,0,I,MELB_URBAN,ROAD,2,10.0
156706,1,6,160,5,1,50.0,0,N,MELB_URBAN,PARADE,2,13.0
156707,4,5,181,5,1,30.0,0,N,RURAL_VICTORIA,ROAD,1,12.0
156708,4,2,173,2,1,40.0,1,I,MELB_URBAN,STREET,2,15.0
156709,1,3,130,1,1,50.0,0,I,MELB_URBAN,STREET,1,18.0
156710,1,1,160,5,2,70.0,0,N,MELB_URBAN,ROAD,2,20.0
156711,1,1,113,2,1,60.0,0,I,MELB_URBAN,STREET,2,18.0
156712,1,1,110,1,3,40.0,0,I,MELB_URBAN,STREET,2,22.0
156713,1,5,163,5,1,40.0,0,N,MELB_URBAN,STREET,2,17.0
156714,1,2,99,2,2,40.0,0,I,MELB_URBAN,ROAD,2,6.0
156715,3,2,167,5,2,60.0,0,N,MELB_URBAN,ROAD,2,5.0
156716,1,5,130,2,1,60.0,0,I,MELB_URBAN,ROAD,1,17.0
156717,4,3,183,5,1,80.0,0,N,TOWNS,ROAD,2,8.0
156718,2,3,100,1,1,60.0,0,N,SMALL_CITIES,ROAD,2,9.0
156719,1,6,130,1,1,80.0,0,N,MELB_URBAN,STREET,10,14.0
156720,1,3,99,1,1,60.0,0,N,RURAL_VICTORIA,ROAD,1,15.0
156721,1,6,130,1,1,60.0,0,N,MELB_URBAN,ROAD,2,12.0
156722,1,4,130,5,2,60.0,0,N,MELB_URBAN,STREET,2,19.0
156723,1,3,121,2,1,40.0,0,I,MELB_URBAN,STREET,2,10.0
156724,1,3,147,5,1,80.0,0,N,MELB_URBAN,ROAD,2,7.0
156725,1,6,130,5,1,60.0,0,N,RURAL_VICTORIA,ROAD,1,9.0
156726,1,1,113,2,1,60.0,0,I,MELB_URBAN,ROAD,1,8.0
156727,1,4,99,2,9,60.0,0,I,MELB_URBAN,ROAD,2,10.0
156728,2,4,100,2,1,60.0,0,I,MELB_URBAN,ROAD,12,16.0
156729,1,2,99,1,1,50.0,0,I,MELB_URBAN,ROAD,2,8.0
156730,1,3,99,5,1,40.0,0,N,MELB_URBAN,ROAD,2,10.0
156731,1,3,111,1,1,70.0,1,I,MELB_URBAN,ROAD,2,12.0
156732,1,6,163,5,1,60.0,0,N,MELB_URBAN,ROAD,1,11.0
156733,6,7,170,5,1,100.0,0,N,RURAL_VICTORIA,ROAD,12,12.0
156734,1,3,134,5,1,60.0,0,N,MELB_URBAN,ROAD,2,10.0
156735,2,3,100,5,1,60.0,1,N,MELB_URBAN,ROAD,2,13.0
156736,1,1,121,1,1,60.0,0,I,TOWNS,STREET,2,20.0
156737,2,3,102,5,1,40.0,0,N,MELB_URBAN,PARADE,2,15.0
156738,1,3,99,4,1,60.0,0,I,MELB_URBAN,ROAD,2,12.0
156739,1,5,134,1,3,60.0,0,I,MELB_URBAN,RAMP,12,4.0
156740,1,3,130,3,1,50.0,0,N,MELB_URBAN,ROAD,2,16.0
156741,1,2,111,2,1,60.0,0,N,MELB_URBAN,ROAD,2,9.0
156742,1,2,134,5,1,60.0,0,N,LARGE_PROVINCIAL_CITIES,ROAD,2,17.0
156743,1,3,110,1,1,100.0,1,I,RURAL_VICTORIA,HIGHWAY,2,7.0
156744,1,6,110,1,1,40.0,0,N,MELB_URBAN,STREET,2,16.0
156745,1,2,160,5,1,60.0,0,N,MELB_URBAN,ROAD,2,16.0
156746,4,3,181,5,4,50.0,0,N,RURAL_VICTORIA,OTHER,1,22.0
156747,1,5,130,2,2,60.0,0,N,MELB_URBAN,ROAD,2,7.0
156748,1,3,130,5,1,80.0,0,N,MELB_URBAN,RAMP,2,17.0
156749,4,2,173,5,1,100.0,0,N,RURAL_VICTORIA,HIGHWAY,2,19.0
156750,1,2,130,5,2,80.0,0,N,RURAL_VICTORIA,ROAD,2,20.0
156751,6,2,99,5,1,100.0,1,O,RURAL_VICTORIA,UNKNOWN,2,17.0
156752,1,3,111,1,1,100.0,1,I,RURAL_VICTORIA,ROAD,2,19.0
156753,4,3,171,5,3,70.0,0,N,LARGE_PROVINCIAL_CITIES,HIGHWAY,2,23.0
156754,3,4,167,5,5,80.0,0,N,RURAL_VICTORIA,ROAD,2,4.0
156755,1,7,121,2,1,60.0,0,I,MELB_URBAN,STREET,2,13.0
156756,1,4,140,2,1,80.0,0,N,MELB_URBAN,STREET,2,6.0
156757,1,5,99,2,1,60.0,0,I,MELB_URBAN,ROAD,1,14.0
156758,4,4,183,5,1,110.0,0,N,RURAL_VICTORIA,RAMP,2,6.0
156759,4,2,171,5,2,60.0,0,N,MELB_URBAN,DRIVE,2,19.0
156760,1,3,160,5,1,70.0,0,N,MELB_URBAN,ROAD,2,18.0
156761,4,4,181,5,1,50.0,0,N,SMALL_CITIES,DRIVE,2,10.0
156762,1,3,130,2,3,60.0,0,I,MELB_URBAN,ROAD,2,5.0
156763,1,3,99,5,1,50.0,0,N,MELB_URBAN,STREET,2,9.0
156764,2,2,102,5,1,40.0,0,N,MELB_URBAN,PARADE,1,8.0
156765,1,3,110,1,1,50.0,0,I,SMALL_CITIES,STREET,2,12.0
156766,1,4,113,2,1,80.0,0,N,MELB_URBAN,ROAD,2,12.0
156767,1,4,121,1,1,50.0,0,I,SMALL_CITIES,ROAD,1,11.0
156768,1,4,99,5,1,50.0,0,N,MELB_URBAN,STREET,2,12.0
156769,1,4,134,5,2,60.0,0,N,LARGE_PROVINCIAL_CITIES,ROAD,2,8.0
156770,1,2,130,2,1,60.0,0,N,MELB_URBAN,STREET,2,14.0
156771,1,4,121,1,1,40.0,0,I,MELB_URBAN,STREET,2,8.0
156772,1,5,99,5,1,60.0,0,N,LARGE_PROVINCIAL_CITIES,STREET,1,19.0
156773,1,4,130,5,1,60.0,0,I,MELB_URBAN,ROAD,2,15.0
156774,1,3,130,5,1,60.0,0,N,MELB_URBAN,ROAD,2,17.0
156775,2,4,100,5,1,40.0,0,N,MELBOURNE_CBD,STREET,2,14.0
156776,1,3,121,2,1,70.0,0,I,MELB_URBAN,ROAD,2,17.0
156777,1,4,160,5,1,30.0,0,N,MELB_URBAN,STREET,2,16.0
156778,1,4,130,5,1,80.0,0,N,MELB_URBAN,HIGHWAY,2,19.0
156779,1,4,135,5,2,80.0,0,N,MELB_URBAN,HIGHWAY,2,17.0
156780,4,4,183,5,1,60.0,0,N,MELB_URBAN,ROAD,2,17.0
156781,6,3,99,5,1,80.0,0,N,RURAL_VICTORIA,ROAD,2,18.0
156782,2,4,100,5,1,60.0,0,N,RURAL_VICTORIA,DRIVE,2,17.0
156783,1,7,99,1,2,50.0,0,I,MELB_URBAN,STREET,2,20.0
156784,4,3,171,5,1,60.0,0,N,RURAL_VICTORIA,ROAD,2,19.0
156785,1,2,130,5,1,70.0,0,N,MELB_URBAN,ROAD,11,8.0
156786,2,4,99,5,1,60.0,0,N,LARGE_PROVINCIAL_CITIES,ROAD,2,18.0
156787,1,5,130,5,2,60.0,0,N,MELB_URBAN,OTHER,1,5.0
156788,1,3,121,5,3,60.0,0,N,MELB_URBAN,HIGHWAY,2,22.0
156789,1,3,130,5,3,40.0,0,N,MELB_URBAN,ROAD,2,23.0
156790,1,5,134,5,3,100.0,0,N,MELB_URBAN,FREEWAY,2,5.0
156791,1,4,160,5,1,50.0,0,N,MELB_URBAN,OTHER,2,7.0
156792,1,5,130,5,1,60.0,0,N,SMALL_CITIES,STREET,2,8.0
156793,1,5,99,1,1,60.0,0,I,MELB_URBAN,ROAD,2,8.0
156794,1,5,113,2,1,50.0,0,I,MELB_URBAN,STREET,2,8.0
156795,1,4,130,5,9,60.0,0,N,MELB_URBAN,ROAD,12,14.0
156796,1,5,130,5,1,70.0,0,N,MELB_URBAN,ROAD,2,7.0
156797,1,4,130,2,1,40.0,0,I,MELB_URBAN,ROAD,2,10.0
156798,1,5,121,1,3,60.0,0,I,MELB_URBAN,HIGHWAY,2,23.0
156799,1,4,99,1,1,60.0,0,I,MELB_URBAN,ROAD,2,8.0
156800,1,3,130,1,1,60.0,0,I,MELB_URBAN,OTHER,2,16.0
156801,1,5,147,5,1,70.0,0,N,MELB_URBAN,ROAD,2,8.0
156802,1,5,147,5,1,50.0,0,N,MELB_URBAN,ROAD,2,15.0
156803,4,5,173,5,1,100.0,0,N,RURAL_VICTORIA,ROAD,4,10.0
156804,2,6,99,1,1,40.0,0,I,MELB_URBAN,ROAD,1,10.0
156805,1,5,99,1,1,100.0,0,N,RURAL_VICTORIA,ROAD,2,12.0
156806,1,5,121,5,1,40.0,0,N,MELBOURNE_CBD,STREET,2,13.0
156807,1,5,130,1,1,60.0,0,I,SMALL_CITIES,DRIVE,2,13.0
156808,1,2,99,4,1,70.0,0,I,TOWNS,ROAD,11,13.0
156809,1,5,121,1,1,60.0,0,I,MELB_URBAN,ROAD,2,13.0
156810,1,5,140,2,1,100.0,0,N,RURAL_VICTORIA,ROAD,2,10.0
156811,6,6,184,5,1,80.0,0,N,RURAL_VICTORIA,ROAD,1,10.0
156812,1,1,130,5,1,60.0,0,N,MELB_URBAN,ROAD,2,18.0
156813,1,5,163,2,1,40.0,0,I,MELBOURNE_CBD,OTHER,2,8.0
156814,1,5,130,5,1,40.0,0,N,LARGE_PROVINCIAL_CITIES,ROAD,2,11.0
156815,1,5,130,1,1,60.0,0,I,LARGE_PROVINCIAL_CITIES,STREET,2,16.0
156816,4,3,181,5,1,80.0,0,N,RURAL_VICTORIA,ROAD,1,8.0
156817,1,5,99,5,1,70.0,0,N,MELB_URBAN,ROAD,2,16.0
156818,1,2,130,5,1,60.0,0,N,MELB_URBAN,ROAD,9,7.0
156819,1,5,99,1,1,50.0,0,I,LARGE_PROVINCIAL_CITIES,ROAD,2,15.0
156820,4,5,99,5,1,40.0,0,N,MELB_URBAN,OTHER,2,16.0
156821,1,5,116,1,1,60.0,0,I,MELB_URBAN,ROAD,2,13.0
156822,2,4,100,5,1,60.0,0,N,MELB_URBAN,ROAD,2,14.0
156823,1,3,163,5,1,40.0,0,N,MELB_URBAN,STREET,2,18.0
156824,1,4,130,5,1,80.0,0,N,MELB_URBAN,HIGHWAY,2,14.0
156825,1,5,140,2,1,60.0,0,I,MELB_URBAN,ROAD,2,19.0
156826,1,4,111,2,1,60.0,0,I,MELB_URBAN,STREET,2,18.0
156827,1,5,160,5,3,50.0,0,I,MELB_URBAN,AVENUE,2,21.0
156828,1,5,99,5,1,60.0,1,N,MELB_URBAN,ROAD,2,19.0
156829,1,6,99,2,1,50.0,0,I,RURAL_VICTORIA,STREET,2,8.0
156830,1,4,140,5,3,60.0,0,N,MELB_URBAN,ROAD,2,22.0
156831,1,6,110,1,2,60.0,0,I,LARGE_PROVINCIAL_CITIES,STREET,2,5.0
156832,1,5,110,1,2,50.0,0,I,SMALL_CITIES,STREET,2,8.0
156833,1,2,113,2,1,50.0,0,I,TOWNS,HIGHWAY,1,14.0
156834,4,6,171,5,1,80.0,0,N,RURAL_VICTORIA,ROAD,2,9.0
156835,1,6,99,2,1,50.0,0,I,MELB_URBAN,ROAD,2,8.0
156836,1,2,110,1,1,60.0,0,I,LARGE_PROVINCIAL_CITIES,STREET,1,18.0
156837,1,4,99,5,1,100.0,0,N,MELB_URBAN,FREEWAY,2,5.0
156838,1,6,110,1,1,60.0,1,I,RURAL_VICTORIA,ROAD,2,7.0
156839,1,6,135,2,1,80.0,0,N,MELB_URBAN,HIGHWAY,2,11.0
156840,2,6,100,2,1,50.0,0,I,MELB_URBAN,STREET,2,10.0
156841,6,2,174,5,1,100.0,0,N,RURAL_VICTORIA,OTHER,2,10.0
156842,6,1,174,5,1,70.0,0,N,SMALL_CITIES,PARADE,1,9.0
156843,4,6,181,5,1,50.0,0,N,MELB_URBAN,ROAD,2,6.0
156844,1,6,99,2,1,60.0,0,N,MELB_URBAN,ROAD,2,8.0
156845,1,5,147,5,1,60.0,0,N,MELB_URBAN,ROAD,2,16.0
156846,1,4,110,1,1,100.0,0,I,RURAL_VICTORIA,HIGHWAY,2,16.0
156847,1,4,110,1,1,50.0,0,I,MELB_URBAN,BOULEVARD,2,18.0
156848,1,6,110,1,1,100.0,0,I,RURAL_VICTORIA,ROAD,2,12.0
156849,1,3,140,2,1,60.0,0,I,MELB_URBAN,ROAD,2,11.0
156850,1,5,130,5,1,50.0,0,N,MELB_URBAN,STREET,2,12.0
156851,1,5,113,2,1,50.0,0,I,MELB_URBAN,STREET,2,8.0
156852,4,6,171,2,2,80.0,0,I,RURAL_VICTORIA,ROAD,4,6.0
156853,4,6,171,5,5,60.0,0,N,RURAL_VICTORIA,ROAD,12,23.0
156854,6,6,99,5,1,80.0,0,N,RURAL_VICTORIA,ROAD,2,11.0
156855,1,6,120,2,1,60.0,0,N,RURAL_VICTORIA,ROAD,2,14.0
156856,4,6,99,2,1,100.0,0,I,RURAL_VICTORIA,ROAD,2,11.0
156857,2,5,100,3,1,60.0,0,I,MELB_URBAN,AVENUE,2,15.0
156858,2,6,100,2,1,60.0,0,I,MELB_URBAN,ROAD,2,15.0
156859,1,5,133,5,1,40.0,0,N,MELB_URBAN,OTHER,2,17.0
156860,6,3,99,2,1,60.0,0,I,MELB_URBAN,STREET,1,14.0
156861,1,6,147,5,9,60.0,0,N,MELB_URBAN,ROAD,2,16.0
156862,1,6,99,2,1,60.0,0,I,MELB_URBAN,ROAD,2,15.0
156863,1,6,163,5,1,40.0,0,N,MELB_URBAN,STREET,2,17.0
156864,1,5,121,1,1,60.0,0,N,MELB_URBAN,AVENUE,2,15.0
156865,2,6,99,5,1,60.0,0,N,MELB_URBAN,ROAD,2,17.0
156866,1,5,121,5,1,80.0,0,N,MELB_URBAN,HIGHWAY,2,17.0
156867,1,6,134,5,1,50.0,0,N,MELB_URBAN,ROAD,2,17.0
156868,1,6,111,1,1,100.0,0,N,RURAL_VICTORIA,HIGHWAY,2,17.0
156869,1,5,130,5,1,40.0,0,N,MELB_URBAN,ROAD,2,16.0
156870,1,6,121,2,1,60.0,0,I,MELB_URBAN,ROAD,2,15.0
156871,6,6,99,5,1,100.0,0,N,RURAL_VICTORIA,ROAD,2,13.0
156872,1,6,113,2,1,60.0,0,I,MELB_URBAN,ROAD,2,17.0
156873,6,6,99,5,1,100.0,0,N,RURAL_VICTORIA,ROAD,2,18.0
156874,8,5,99,1,1,60.0,0,I,SMALL_CITIES,OTHER,2,8.0
156875,1,5,130,5,1,100.0,0,N,MELB_URBAN,FREEWAY,2,18.0
156876,1,6,99,2,1,60.0,0,I,MELB_URBAN,ROAD,2,18.0
156877,4,6,171,2,1,60.0,0,I,RURAL_VICTORIA,OTHER,2,16.0
156878,1,6,132,2,1,60.0,0,I,MELB_URBAN,OTHER,2,17.0
156879,6,6,184,5,1,80.0,0,N,RURAL_VICTORIA,RAMP,2,19.0
156880,1,6,130,5,5,100.0,0,N,MELB_URBAN,RAMP,2,21.0
156881,4,6,183,5,2,100.0,0,N,RURAL_VICTORIA,ROAD,2,20.0
156882,5,6,99,2,5,100.0,0,I,RURAL_VICTORIA,ROAD,2,22.0
156883,2,6,100,2,3,50.0,0,I,MELB_URBAN,STREET,2,21.0
156884,6,5,99,3,5,80.0,0,N,RURAL_VICTORIA,ROAD,2,23.0
156885,1,5,99,5,2,60.0,0,N,MELB_URBAN,ROAD,2,5.0
156886,1,6,99,5,3,80.0,0,N,MELB_URBAN,ROAD,2,22.0
156887,1,5,121,2,3,70.0,0,I,MELB_URBAN,RAMP,2,23.0
156888,1,2,110,1,1,60.0,0,I,SMALL_CITIES,STREET,1,16.0
156889,1,5,130,2,1,60.0,0,I,MELB_URBAN,RAMP,2,16.0
156890,1,3,99,1,1,60.0,0,N,MELB_URBAN,STREET,2,8.0
156891,1,2,132,5,1,60.0,0,N,SMALL_CITIES,ROAD,1,14.0
156892,1,7,160,5,1,50.0,0,N,MELB_URBAN,ROAD,2,7.0
156893,1,5,121,5,1,50.0,0,N,MELB_URBAN,ROAD,2,10.0
156894,6,5,99,5,5,100.0,0,N,RURAL_VICTORIA,ROAD,2,22.0
156895,1,6,163,5,1,40.0,0,N,MELBOURNE_CBD,STREET,2,12.0
156896,4,7,171,5,5,80.0,0,N,RURAL_VICTORIA,ROAD,2,3.0
156897,1,7,99,5,1,50.0,0,N,MELB_URBAN,ROAD,2,7.0
156898,1,4,134,2,1,80.0,0,I,MELB_URBAN,DRIVE,2,18.0
156899,1,6,121,1,1,60.0,0,N,MELB_URBAN,ROAD,2,9.0
156900,8,7,174,5,1,100.0,0,N,RURAL_VICTORIA,ROAD,2,12.0
156901,4,7,171,5,1,50.0,0,N,MELB_URBAN,DRIVE,2,9.0
156902,1,7,121,2,1,60.0,0,N,MELB_URBAN,ROAD,2,11.0
156903,1,6,130,5,1,60.0,0,N,MELB_URBAN,ROAD,2,11.0
156904,1,7,121,1,1,60.0,0,I,MELB_URBAN,ROAD,2,11.0
156905,1,6,121,1,1,80.0,0,I,MELB_URBAN,ROAD,2,9.0
156906,1,7,140,2,1,60.0,0,I,MELB_URBAN,ROAD,2,12.0
156907,4,7,181,5,1,100.0,0,N,RURAL_VICTORIA,HIGHWAY,2,13.0
156908,1,6,121,5,1,50.0,0,N,MELB_URBAN,STREET,2,12.0
156909,1,6,110,1,1,80.0,0,I,MELB_URBAN,HIGHWAY,2,13.0
156910,1,5,135,5,1,60.0,0,N,MELB_URBAN,STREET,2,8.0
156911,1,6,99,5,1,50.0,0,N,MELB_URBAN,AVENUE,2,12.0
156912,1,6,130,5,1,60.0,0,N,MELB_URBAN,ROAD,2,15.0
156913,1,7,130,5,1,60.0,0,N,SMALL_CITIES,STREET,2,11.0
156914,3,6,167,5,1,100.0,0,N,RURAL_VICTORIA,ROAD,2,14.0
156915,1,7,121,1,1,70.0,0,I,MELB_URBAN,STREET,2,14.0
156916,4,1,183,5,1,100.0,0,N,RURAL_VICTORIA,ROAD,10,12.0
156917,4,6,181,5,1,100.0,0,N,RURAL_VICTORIA,ROAD,2,15.0
156918,1,7,110,1,1,60.0,1,I,MELB_URBAN,ROAD,2,15.0
156919,6,7,174,5,1,70.0,0,N,MELB_URBAN,ROAD,2,16.0
156920,1,7,147,2,1,60.0,0,I,MELB_URBAN,ROAD,2,14.0
156921,7,3,99,5,1,60.0,0,N,MELB_URBAN,DRIVE,12,8.0
156922,6,7,184,5,1,50.0,0,N,MELB_URBAN,AVENUE,2,17.0
156923,1,7,147,5,1,50.0,0,N,MELB_URBAN,DRIVE,2,16.0
156924,1,7,163,5,2,40.0,0,N,MELB_URBAN,AVENUE,2,19.0
156925,6,7,174,5,3,60.0,0,N,MELB_URBAN,ROAD,2,21.0
156926,6,6,170,5,1,50.0,0,N,LARGE_PROVINCIAL_CITIES,ROAD,2,18.0
156927,4,6,99,5,2,60.0,0,N,LARGE_PROVINCIAL_CITIES,DRIVE,2,20.0
156928,1,7,116,1,3,60.0,0,I,MELB_URBAN,ROAD,2,23.0
156929,8,7,174,5,3,60.0,0,N,MELB_URBAN,ROAD,2,23.0
156930,1,7,130,5,5,100.0,0,N,MELB_URBAN,FREEWAY,2,23.0
156931,1,7,121,2,3,50.0,0,I,MELB_URBAN,STREET,2,23.0
156932,1,1,111,2,3,60.0,0,I,LARGE_PROVINCIAL_CITIES,AVENUE,2,1.0
156933,1,2,99,1,1,50.0,0,I,MELB_URBAN,STREET,1,14.0
156934,2,1,102,5,6,50.0,0,N,RURAL_VICTORIA,ROAD,2,0.0
156935,1,1,110,1,1,60.0,0,I,LARGE_PROVINCIAL_CITIES,STREET,2,8.0
156936,1,1,160,2,1,50.0,0,I,MELB_URBAN,ROAD,2,8.0
156937,4,1,99,2,1,60.0,1,I,MELB_URBAN,ROAD,2,7.0
156938,4,1,173,5,3,60.0,0,N,MELB_URBAN,ROAD,2,5.0
156939,1,3,130,5,1,80.0,0,N,MELB_URBAN,ROAD,2,17.0
156940,1,1,116,1,1,60.0,0,I,LARGE_PROVINCIAL_CITIES,ROAD,2,11.0
156941,1,0,110,1,1,60.0,0,N,LARGE_PROVINCIAL_CITIES,STREET,2,10.0
156942,4,1,181,5,1,100.0,0,N,RURAL_VICTORIA,ROAD,2,11.0
156943,4,1,181,5,1,100.0,0,N,RURAL_VICTORIA,ROAD,2,12.0
156944,4,5,173,5,3,60.0,0,N,MELB_URBAN,UNKNOWN,2,22.0
156945,4,1,171,5,1,60.0,0,N,MELB_URBAN,STREET,2,10.0
156946,1,6,130,1,1,80.0,0,N,MELB_URBAN,STREET,1,7.0
156947,1,4,110,4,9,40.0,0,I,LARGE_PROVINCIAL_CITIES,STREET,2,10.0
156948,4,0,171,5,1,100.0,0,N,RURAL_VICTORIA,OTHER,2,11.0
156949,1,3,130,5,1,40.0,0,N,MELB_URBAN,ROAD,2,7.0
156950,4,1,181,5,1,100.0,0,N,RURAL_VICTORIA,ROAD,2,11.0
156951,8,1,99,5,1,100.0,0,N,RURAL_VICTORIA,HIGHWAY,2,11.0