,accident_type,day_of_week,dca_code,road_geometry,light_condition,speed_zone,severity,node_type,deg_urban_name,road_type,month,hour
156952,1,1,121,1,1,60.0,0,I,MELB_URBAN,ROAD,2,16.0
156953,1,1,120,5,1,80.0,0,N,MELB_URBAN,HIGHWAY,2,15.0
156954,4,0,173,5,1,100.0,0,N,RURAL_VICTORIA,OTHER,2,15.0
156955,1,1,121,1,1,60.0,0,I,MELB_URBAN,ROAD,2,17.0
156956,8,4,174,1,1,60.0,0,I,MELB_URBAN,ROAD,2,12.0
156957,6,6,174,5,6,60.0,0,N,MELB_URBAN,ROAD,2,21.0
156958,4,1,171,2,3,50.0,0,I,MELB_URBAN,ROAD,2,22.0
156959,7,1,170,5,3,50.0,0,N,MELB_URBAN,DRIVE,2,22.0
156960,6,1,99,5,5,60.0,0,N,SMALL_CITIES,ROAD,2,0.0
156961,5,2,99,1,3,60.0,0,N,MELB_URBAN,STREET,2,1.0
156962,7,7,99,1,9,40.0,0,N,MELB_URBAN,STREET,11,9.0
156963,1,7,130,5,1,60.0,0,N,MELB_URBAN,ROAD,2,13.0
156964,1,5,130,5,1,110.0,0,N,SMALL_CITIES,FREEWAY,1,10.0
156965,1,1,130,1,1,60.0,0,I,MELB_URBAN,HIGHWAY,2,8.0
156966,1,2,110,1,1,60.0,0,I,MELB_URBAN,PARADE,2,9.0
156967,1,2,99,2,1,60.0,0,I,MELB_URBAN,ROAD,2,8.0
156968,7,1,184,5,1,100.0,0,N,RURAL_VICTORIA,OTHER,2,13.0
156969,1,1,160,5,1,60.0,0,N,MELB_URBAN,ROAD,2,9.0
156970,4,2,173,5,1,60.0,0,N,MELB_URBAN,ROAD,2,11.0
156971,2,2,99,5,1,60.0,0,N,MELB_URBAN,STREET,2,11.0
156972,1,2,130,5,6,80.0,0,N,MELB_URBAN,ROAD,11,5.0
156973,6,2,184,5,1,60.0,0,N,RURAL_VICTORIA,ROAD,2,14.0
156974,6,0,170,5,1,50.0,0,N,MELB_URBAN,AVENUE,1,11.0
156975,6,1,170,2,1,100.0,0,N,UNKNOWN,ROAD,2,11.0
156976,1,1,130,1,1,60.0,0,I,MELB_URBAN,ROAD,2,7.0
156977,6,1,174,2,1,60.0,0,N,TOWNS,STREET,2,11.0
156978,1,2,116,2,1,60.0,0,I,MELB_URBAN,AVENUE,2,13.0
156979,1,4,99,5,2,60.0,0,N,RURAL_VICTORIA,OTHER,2,19.0
156980,6,4,184,2,9,60.0,0,I,RURAL_VICTORIA,ROAD,2,1.0
156981,7,2,99,5,1,110.0,0,N,SMALL_CITIES,FREEWAY,2,13.0
156982,1,2,130,5,1,50.0,0,N,MELB_URBAN,STREET,2,13.0
156983,1,1,130,1,1,70.0,0,I,RURAL_VICTORIA,HIGHWAY,2,15.0
156984,1,6,120,5,6,60.0,0,N,TOWNS,STREET,2,23.0
156985,1,1,130,5,1,70.0,0,N,RURAL_VICTORIA,ROAD,2,9.0
156986,1,6,130,1,1,70.0,0,I,MELB_URBAN,ROAD,2,14.0
156987,4,1,171,5,3,50.0,0,N,MELB_URBAN,DRIVE,2,22.0
156988,1,0,130,5,1,60.0,0,N,MELB_URBAN,ROAD,2,13.0
156989,1,1,132,2,1,60.0,0,I,TOWNS,STREET,2,16.0
156990,1,2,113,2,1,50.0,0,I,MELB_URBAN,STREET,2,18.0
156991,1,1,116,2,1,60.0,0,I,MELB_URBAN,ROAD,2,18.0
156992,6,3,99,5,1,60.0,0,N,RURAL_VICTORIA,ROAD,1,17.0
156993,1,2,113,2,1,50.0,0,I,MELB_URBAN,ROAD,2,18.0
156994,1,2,120,5,1,80.0,0,N,RURAL_VICTORIA,ROAD,2,16.0
156995,1,2,110,1,1,50.0,0,I,LARGE_PROVINCIAL_CITIES,STREET,2,16.0
156996,1,7,99,1,1,60.0,0,I,MELB_URBAN,ROAD,1,12.0
156997,3,2,167,5,5,80.0,0,N,RURAL_VICTORIA,ROAD,2,21.0
156998,1,2,160,5,5,50.0,0,N,MELB_URBAN,DRIVE,2,21.0
156999,1,2,113,2,3,60.0,0,I,MELB_URBAN,ROAD,2,22.0
157000,1,5,110,1,1,60.0,0,I,MELB_URBAN,STREET,2,13.0
157001,4,3,173,1,3,60.0,0,I,TOWNS,STREET,2,0.0
157002,2,3,100,2,3,80.0,0,I,MELB_URBAN,ROAD,2,5.0
157003,3,7,167,5,5,60.0,0,N,RURAL_VICTORIA,RAMP,1,5.0
157004,2,2,100,5,3,80.0,0,N,MELB_URBAN,ROAD,2,5.0
157005,1,3,113,1,1,60.0,0,I,MELB_URBAN,ROAD,2,7.0
157006,1,2,110,1,1,50.0,0,I,MELB_URBAN,ROAD,2,8.0
157007,1,3,130,5,1,80.0,0,N,MELB_URBAN,ROAD,2,7.0
157008,1,2,121,2,1,60.0,0,N,MELB_URBAN,ROAD,2,7.0
157009,1,3,113,4,1,70.0,0,I,MELB_URBAN,ROAD,2,11.0
157010,1,3,121,2,1,60.0,0,I,MELB_URBAN,ROAD,2,10.0
157011,1,4,99,5,1,80.0,0,N,MELB_URBAN,ROAD,2,8.0
157012,1,4,110,1,1,60.0,0,I,LARGE_PROVINCIAL_CITIES,ROAD,2,15.0
157013,1,3,130,5,1,50.0,0,N,TOWNS,STREET,2,12.0
157014,1,3,130,5,1,60.0,0,N,MELB_URBAN,ROAD,2,12.0
157015,1,6,132,2,1,60.0,0,I,MELB_URBAN,ROAD,12,11.0
157016,1,2,121,2,2,50.0,0,I,MELB_URBAN,HIGHWAY,2,18.0
157017,1,1,99,5,1,60.0,0,N,MELB_URBAN,ROAD,2,18.0
157018,1,3,110,1,1,80.0,0,I,SMALL_CITIES,ROAD,2,10.0
157019,1,7,147,5,1,50.0,0,N,MELB_URBAN,UNKNOWN,2,7.0
157020,1,2,99,2,1,40.0,0,I,MELB_URBAN,ROAD,2,14.0
157021,1,2,110,1,1,80.0,0,N,MELB_URBAN,ROAD,11,6.0
157022,1,5,130,5,1,80.0,0,N,MELB_URBAN,ROAD,2,8.0
157023,1,3,99,5,1,60.0,0,N,SMALL_CITIES,STREET,2,14.0
157024,1,4,130,1,2,40.0,0,I,MELBOURNE_CBD,STREET,2,17.0
157025,1,2,130,1,1,80.0,0,I,MELB_URBAN,OTHER,2,13.0
157026,1,3,160,5,1,40.0,0,N,MELB_URBAN,AVENUE,2,12.0
157027,1,4,130,5,1,60.0,0,N,SMALL_CITIES,PARADE,11,6.0
157028,4,2,173,5,1,100.0,0,N,RURAL_VICTORIA,HIGHWAY,2,15.0
157029,1,3,130,5,1,70.0,0,N,MELB_URBAN,ROAD,2,15.0
157030,1,3,147,5,1,50.0,0,N,MELB_URBAN,DRIVE,2,16.0
157031,2,3,100,1,1,60.0,0,N,MELB_URBAN,ROAD,2,16.0
157032,1,2,160,5,5,60.0,0,N,RURAL_VICTORIA,ROAD,2,22.0
157033,1,2,130,1,1,60.0,0,I,MELB_URBAN,HIGHWAY,2,8.0
157034,1,2,110,1,1,60.0,0,I,MELB_URBAN,STREET,2,15.0
157035,1,2,121,1,1,60.0,0,I,MELB_URBAN,ROAD,2,17.0
157036,1,3,110,1,1,60.0,0,I,MELB_URBAN,STREET,2,18.0
157037,8,3,174,5,9,40.0,0,N,MELBOURNE_CBD,STREET,2,11.0
157038,1,6,130,1,1,60.0,0,I,MELB_URBAN,ROAD,2,17.0
157039,1,2,134,5,1,100.0,0,N,MELB_URBAN,FREEWAY,2,18.0
157040,3,3,167,5,9,100.0,0,N,RURAL_VICTORIA,ROAD,2,3.0
157041,1,3,130,5,1,40.0,0,N,LARGE_PROVINCIAL_CITIES,FREEWAY,2,17.0
157042,1,3,140,5,1,50.0,0,N,MELB_URBAN,DRIVE,2,16.0
157043,2,3,100,1,2,50.0,0,I,LARGE_PROVINCIAL_CITIES,STREET,2,19.0
157044,1,6,130,2,1,60.0,0,I,MELB_URBAN,DRIVE,2,13.0
157045,1,2,120,5,2,60.0,0,N,MELB_URBAN,ROAD,2,16.0
157046,2,3,99,5,1,50.0,0,N,TOWNS,STREET,2,19.0
157047,1,3,130,1,1,50.0,0,I,MELB_URBAN,STREET,2,17.0
157048,1,3,130,5,1,60.0,0,N,MELB_URBAN,ROAD,2,15.0
157049,1,3,130,4,3,60.0,0,I,MELB_URBAN,ROAD,2,20.0
157050,1,4,130,5,3,60.0,0,N,MELB_URBAN,ROAD,2,0.0
157051,1,1,99,1,3,60.0,0,I,MELB_URBAN,ROAD,2,21.0
157052,1,4,120,5,5,100.0,0,N,RURAL_VICTORIA,ROAD,2,3.0
157053,1,2,121,2,1,80.0,0,I,MELB_URBAN,ROAD,2,13.0
157054,1,4,116,2,1,80.0,0,I,MELB_URBAN,HIGHWAY,2,7.0
157055,1,4,121,1,1,40.0,0,I,MELB_URBAN,ROAD,2,7.0
157056,1,3,140,5,2,60.0,0,N,MELB_URBAN,BOULEVARD,2,9.0
157057,1,3,130,5,1,60.0,0,N,MELB_URBAN,UNKNOWN,2,7.0
157058,1,3,99,5,1,60.0,0,N,MELB_URBAN,HIGHWAY,1,18.0
157059,1,3,147,5,1,60.0,0,N,MELB_URBAN,STREET,2,8.0
157060,3,4,167,5,5,100.0,0,N,RURAL_VICTORIA,ROAD,1,1.0
157061,1,3,130,2,1,60.0,0,N,LARGE_PROVINCIAL_CITIES,ROAD,2,10.0
157062,1,2,130,5,9,60.0,0,N,MELB_URBAN,ROAD,1,15.0
157063,7,4,99,2,1,40.0,0,N,MELBOURNE_CBD,STREET,2,10.0
157064,1,4,99,5,1,40.0,0,N,RURAL_VICTORIA,BOULEVARD,2,8.0
157065,1,3,121,2,1,60.0,0,I,MELB_URBAN,ROAD,2,9.0
157066,1,6,113,2,1,60.0,0,N,MELB_URBAN,DRIVE,2,16.0
157067,1,4,133,5,1,60.0,0,N,SMALL_CITIES,ROAD,2,10.0
157068,1,2,99,5,2,50.0,0,N,MELB_URBAN,STREET,2,19.0
157069,1,3,130,5,1,70.0,0,N,MELB_URBAN,HIGHWAY,2,9.0
157070,2,4,100,2,1,60.0,0,I,MELB_URBAN,ROAD,2,13.0
157071,2,3,100,1,1,60.0,0,I,MELB_URBAN,ROAD,2,7.0
157072,1,7,130,5,2,60.0,0,N,MELB_URBAN,ROAD,2,20.0
157073,1,4,99,5,1,50.0,0,N,MELB_URBAN,AVENUE,2,12.0
157074,2,6,99,5,1,50.0,0,N,SMALL_TOWNS,HIGHWAY,2,10.0
157075,1,4,99,5,1,60.0,0,N,MELB_URBAN,HIGHWAY,2,12.0
157076,1,4,140,5,1,60.0,0,N,LARGE_PROVINCIAL_CITIES,STREET,2,14.0
157077,1,5,130,1,1,50.0,0,N,MELB_URBAN,ROAD,1,15.0
157078,1,4,134,5,1,100.0,0,N,MELB_URBAN,ROAD,2,12.0
157079,1,4,121,2,1,50.0,0,I,MELB_URBAN,ROAD,2,15.0
157080,1,1,130,5,1,100.0,0,N,MELB_URBAN,FREEWAY,2,8.0
157081,1,3,130,5,1,100.0,0,N,RURAL_VICTORIA,OTHER,2,8.0
157082,1,4,121,5,1,80.0,0,N,MELB_URBAN,HIGHWAY,2,18.0
157083,4,4,181,5,1,100.0,0,N,RURAL_VICTORIA,ROAD,2,16.0
157084,1,4,113,1,1,60.0,0,I,MELB_URBAN,ROAD,2,17.0
157085,1,2,121,2,1,50.0,0,I,MELB_URBAN,ROAD,2,17.0
157086,1,0,130,2,1,80.0,0,N,MELB_URBAN,ROAD,1,13.0
157087,1,4,135,5,1,80.0,0,N,MELB_URBAN,ROAD,2,18.0
157088,1,3,140,5,2,50.0,0,N,MELB_URBAN,ROAD,2,5.0
157089,4,4,99,2,5,80.0,0,I,RURAL_VICTORIA,ROAD,2,22.0
157090,1,5,160,5,3,60.0,0,N,LARGE_PROVINCIAL_CITIES,ROAD,2,0.0
157091,4,1,171,1,1,60.0,0,I,MELB_URBAN,BOULEVARD,1,10.0
157092,1,5,111,2,1,80.0,0,N,MELB_URBAN,ROAD,2,15.0
157093,6,4,170,5,1,100.0,0,N,RURAL_VICTORIA,ROAD,2,13.0
157094,1,5,121,1,1,70.0,0,N,MELB_URBAN,ROAD,2,17.0
157095,4,1,171,5,1,60.0,0,N,LARGE_PROVINCIAL_CITIES,STREET,6,15.0
157096,1,6,99,1,1,50.0,0,I,MELB_URBAN,STREET,2,9.0
157097,1,3,130,5,2,60.0,0,N,MELB_URBAN,HIGHWAY,2,5.0
157098,1,2,135,5,1,50.0,0,N,MELB_URBAN,BOULEVARD,2,18.0
157099,1,5,120,5,1,50.0,0,N,MELB_URBAN,OTHER,2,7.0
157100,1,5,121,2,1,80.0,0,I,MELB_URBAN,HIGHWAY,2,6.0
157101,1,5,130,5,1,60.0,0,N,LARGE_PROVINCIAL_CITIES,STREET,1,9.0
157102,1,6,133,5,1,60.0,0,N,TOWNS,HIGHWAY,2,16.0
157103,1,5,147,5,1,60.0,0,N,MELB_URBAN,ROAD,2,8.0
157104,1,5,130,1,1,80.0,0,N,MELB_URBAN,ROAD,1,15.0
157105,1,4,121,1,1,80.0,0,I,MELB_URBAN,ROAD,2,11.0
157106,8,6,174,5,1,60.0,0,N,MELB_URBAN,STREET,2,18.0
157107,3,5,167,5,1,80.0,0,N,RURAL_VICTORIA,HIGHWAY,2,10.0
157108,1,4,130,5,1,40.0,0,N,SMALL_CITIES,FREEWAY,2,8.0
157109,1,2,130,2,1,60.0,0,I,MELB_URBAN,ROAD,2,8.0
157110,1,5,99,5,1,100.0,0,N,RURAL_VICTORIA,ROAD,2,11.0
157111,1,4,120,2,1,50.0,0,I,MELB_URBAN,DRIVE,2,16.0
157112,1,5,113,1,2,80.0,0,I,MELB_URBAN,ROAD,2,8.0
157113,7,6,99,5,9,60.0,0,N,MELB_URBAN,STREET,1,19.0
157114,1,5,147,5,1,50.0,0,N,MELB_URBAN,AVENUE,2,12.0
157115,1,6,130,5,1,60.0,0,N,MELB_URBAN,ROAD,2,15.0
157116,1,5,130,4,1,40.0,0,N,RURAL_VICTORIA,HIGHWAY,2,11.0
157117,1,5,110,1,1,60.0,0,N,SMALL_CITIES,HIGHWAY,2,13.0
157118,2,5,100,1,1,70.0,0,I,MELB_URBAN,ROAD,2,7.0
157119,1,2,121,2,1,80.0,0,I,RURAL_VICTORIA,ROAD,2,19.0
157120,1,5,160,2,1,70.0,1,I,MELB_URBAN,ROAD,2,13.0
157121,1,2,130,5,1,80.0,0,N,RURAL_VICTORIA,ROAD,2,14.0
157122,1,5,130,5,1,80.0,0,N,MELB_URBAN,ROAD,2,7.0
157123,1,3,133,5,1,60.0,0,N,MELB_URBAN,STREET,2,17.0
157124,2,5,100,2,1,50.0,0,I,MELB_URBAN,STREET,2,15.0
157125,1,4,99,2,1,50.0,0,I,RURAL_VICTORIA,BOULEVARD,2,16.0
157126,1,3,110,1,1,50.0,0,I,MELB_URBAN,DRIVE,2,8.0
157127,1,5,121,5,1,100.0,0,N,RURAL_VICTORIA,ROAD,2,15.0
157128,7,3,99,5,6,50.0,0,N,SMALL_CITIES,UNKNOWN,2,22.0
157129,1,5,111,1,1,60.0,0,I,RURAL_VICTORIA,ROAD,2,9.0
157130,1,4,130,5,1,100.0,0,I,MELB_URBAN,FREEWAY,2,14.0
157131,6,5,99,5,1,100.0,0,N,RURAL_VICTORIA,ROAD,2,17.0
157132,1,5,163,5,1,40.0,0,N,MELB_URBAN,ROAD,2,18.0
157133,1,5,121,2,1,60.0,0,I,RURAL_VICTORIA,ROAD,2,14.0
157134,1,5,120,5,1,50.0,0,N,MELB_URBAN,BOULEVARD,2,12.0
157135,4,5,99,5,1,40.0,0,N,LARGE_PROVINCIAL_CITIES,HIGHWAY,2,12.0
157136,1,5,113,2,1,70.0,0,I,MELB_URBAN,ROAD,2,14.0
157137,2,5,99,2,1,60.0,0,I,MELB_URBAN,ROAD,2,17.0
157138,1,4,121,1,1,60.0,0,I,MELB_URBAN,STREET,2,18.0
157139,1,5,130,5,1,60.0,0,N,MELB_URBAN,HIGHWAY,2,15.0
157140,1,4,121,1,2,60.0,0,I,MELB_URBAN,ROAD,2,18.0
157141,1,5,111,1,2,50.0,0,I,MELB_URBAN,STREET,2,7.0
157142,6,5,99,5,1,100.0,0,N,RURAL_VICTORIA,ROAD,2,17.0
157143,1,4,99,5,1,40.0,0,N,MELB_URBAN,STREET,2,8.0
157144,1,4,130,5,9,100.0,0,N,MELB_URBAN,FREEWAY,2,7.0
157145,4,5,171,5,1,100.0,0,N,RURAL_VICTORIA,ROAD,2,18.0
157146,1,5,181,5,2,50.0,0,N,SMALL_CITIES,AVENUE,2,20.0
157147,1,5,120,5,1,100.0,0,N,RURAL_VICTORIA,ROAD,2,18.0
157148,1,5,121,2,3,60.0,0,I,MELB_URBAN,PARADE,2,20.0
157149,1,4,99,5,3,50.0,0,N,MELB_URBAN,STREET,2,22.0
157150,8,6,170,5,5,100.0,0,N,RURAL_VICTORIA,HIGHWAY,2,1.0
157151,1,3,130,5,1,60.0,0,N,MELB_URBAN,ROAD,2,13.0
157152,1,6,113,1,2,60.0,0,I,SMALL_CITIES,ROAD,2,6.0
157153,6,5,170,5,1,70.0,0,N,MELB_URBAN,ROAD,2,15.0
157154,1,0,130,5,1,60.0,0,N,MELB_URBAN,RAMP,2,16.0
157155,1,7,121,2,1,80.0,0,I,SMALL_CITIES,HIGHWAY,2,8.0
157156,4,6,181,2,1,60.0,0,I,MELB_URBAN,ROAD,2,16.0
157157,1,6,120,5,1,60.0,0,N,MELB_URBAN,ROAD,2,8.0
157158,1,4,99,5,1,60.0,0,N,MELB_URBAN,BOULEVARD,2,18.0
157159,4,6,183,5,1,60.0,0,N,RURAL_VICTORIA,OTHER,2,11.0
157160,1,4,130,5,1,60.0,0,N,MELB_URBAN,STREET,2,16.0
157161,2,3,99,2,2,40.0,0,I,MELB_URBAN,ROAD,5,16.0
157162,1,5,120,5,1,60.0,0,N,RURAL_VICTORIA,ROAD,2,8.0
157163,1,6,113,2,1,50.0,0,I,SMALL_CITIES,STREET,2,9.0
157164,1,6,133,4,1,60.0,0,I,MELB_URBAN,STREET,2,8.0
157165,1,5,121,2,1,80.0,0,I,MELB_URBAN,ROAD,2,10.0
157166,1,5,140,5,1,100.0,0,N,RURAL_VICTORIA,ROAD,2,12.0
157167,1,6,130,5,1,80.0,0,N,MELB_URBAN,ROAD,2,9.0
157168,1,6,163,5,1,40.0,0,N,MELB_URBAN,STREET,2,10.0
157169,6,7,174,5,1,50.0,0,N,MELB_URBAN,AVENUE,2,10.0
157170,1,4,113,2,1,50.0,0,I,MELB_URBAN,ROAD,2,15.0
157171,5,6,99,5,1,100.0,0,N,RURAL_VICTORIA,FREEWAY,2,6.0
157172,1,5,113,2,9,60.0,0,I,MELB_URBAN,ROAD,2,5.0
157173,3,5,167,5,1,100.0,0,N,RURAL_VICTORIA,ROAD,2,6.0
157174,1,5,135,5,1,100.0,0,N,MELB_URBAN,FREEWAY,2,13.0
157175,2,6,100,5,1,50.0,0,N,MELB_URBAN,PARADE,2,15.0
157176,1,6,99,1,1,60.0,0,I,MELB_URBAN,STREET,2,15.0
157177,6,5,184,5,1,80.0,0,N,RURAL_VICTORIA,ROAD,2,13.0
157178,1,4,130,2,1,70.0,0,I,MELB_URBAN,ROAD,2,17.0
157179,1,6,160,5,1,60.0,0,N,MELB_URBAN,ROAD,2,15.0
157180,2,5,99,5,1,50.0,0,N,LARGE_PROVINCIAL_CITIES,OTHER,2,16.0
157181,1,3,110,1,1,60.0,0,I,LARGE_PROVINCIAL_CITIES,ROAD,2,19.0
157182,1,5,130,2,1,50.0,0,N,MELB_URBAN,ROAD,2,16.0
157183,1,6,121,2,1,60.0,0,I,MELB_URBAN,STREET,2,16.0
157184,1,5,130,5,1,60.0,0,N,MELB_URBAN,ROAD,1,17.0
157185,1,5,130,5,1,40.0,0,N,RURAL_VICTORIA,STREET,2,14.0
157186,1,6,116,2,1,100.0,0,I,RURAL_VICTORIA,ROAD,2,17.0
157187,1,6,140,5,1,60.0,0,N,SMALL_CITIES,STREET,2,15.0
157188,4,6,181,5,1,100.0,0,N,MELB_URBAN,FREEWAY,2,17.0
157189,1,6,133,1,1,80.0,0,I,MELB_URBAN,HIGHWAY,2,14.0
157190,4,5,181,5,1,100.0,0,N,RURAL_VICTORIA,ROAD,2,18.0
157191,1,6,110,1,1,110.0,0,I,RURAL_VICTORIA,FREEWAY,2,14.0
157192,1,5,99,1,1,60.0,0,I,MELB_URBAN,STREET,2,19.0
157193,1,6,99,5,1,50.0,0,N,MELB_URBAN,STREET,2,18.0
157194,2,6,100,2,1,40.0,0,I,MELB_URBAN,DRIVE,2,15.0
157195,1,5,110,1,1,60.0,0,I,SMALL_TOWNS,STREET,2,13.0
157196,8,6,174,2,1,100.0,0,N,RURAL_VICTORIA,ROAD,2,18.0
157197,1,5,130,5,1,80.0,0,N,MELB_URBAN,RAMP,2,19.0
157198,4,6,173,5,3,50.0,0,N,MELB_URBAN,AVENUE,2,23.0
157199,4,5,99,2,1,50.0,0,I,MELB_URBAN,STREET,2,10.0
157200,1,2,110,1,1,80.0,0,I,RURAL_VICTORIA,HIGHWAY,2,13.0
157201,1,7,121,2,1,60.0,0,I,MELB_URBAN,ROAD,2,10.0
157202,1,4,130,1,1,40.0,0,I,RURAL_VICTORIA,BOULEVARD,2,9.0
157203,6,7,184,5,1,100.0,0,N,RURAL_VICTORIA,ROAD,2,11.0
157204,1,6,110,1,1,80.0,0,N,MELB_URBAN,ROAD,2,8.0
157205,1,7,160,5,1,60.0,0,N,MELB_URBAN,STREET,2,11.0
157206,1,7,113,2,1,60.0,0,I,MELB_URBAN,ROAD,2,12.0
157207,1,6,121,2,1,80.0,0,I,MELB_URBAN,ROAD,2,7.0
157208,4,7,99,5,2,50.0,0,N,TOWNS,STREET,2,7.0
157209,1,3,113,2,9,50.0,0,I,MELB_URBAN,STREET,2,16.0
157210,1,7,113,1,1,50.0,0,I,TOWNS,STREET,2,10.0
157211,1,4,163,5,1,40.0,0,N,UNKNOWN,STREET,2,18.0
157212,2,5,100,2,1,50.0,0,N,MELB_URBAN,STREET,2,15.0
157213,1,7,147,5,1,50.0,0,N,RURAL_VICTORIA,BOULEVARD,2,11.0
157214,4,6,171,5,1,60.0,0,N,MELB_URBAN,STREET,2,13.0
157215,1,6,121,2,1,40.0,0,I,MELB_URBAN,UNKNOWN,2,11.0
157216,4,5,173,5,5,60.0,0,N,RURAL_VICTORIA,ROAD,2,21.0
157217,1,5,99,5,9,60.0,0,N,RURAL_VICTORIA,DRIVE,2,18.0
157218,1,6,99,2,1,50.0,0,N,MELB_URBAN,ROAD,2,10.0
157219,4,6,173,5,1,60.0,0,N,SMALL_TOWNS,AVENUE,2,12.0
157220,1,4,160,5,1,60.0,0,N,MELB_URBAN,STREET,2,16.0
157221,1,5,130,2,1,100.0,0,N,MELB_URBAN,FREEWAY,2,15.0
157222,1,7,134,5,1,110.0,0,N,RURAL_VICTORIA,FREEWAY,2,13.0
157223,6,7,184,3,2,80.0,0,I,RURAL_VICTORIA,ROAD,2,19.0
157224,8,7,184,5,1,100.0,0,N,RURAL_VICTORIA,ROAD,2,14.0
157225,4,6,181,5,1,100.0,0,N,RURAL_VICTORIA,ROAD,2,16.0
157226,1,7,135,5,1,80.0,0,N,MELB_URBAN,ROAD,2,11.0
157227,4,7,181,2,1,50.0,1,I,MELB_URBAN,DRIVE,2,14.0
157228,1,4,130,1,9,80.0,0,N,MELB_URBAN,ROAD,2,9.0
157229,1,7,121,2,1,50.0,0,I,MELB_URBAN,STREET,2,18.0
157230,4,7,173,5,1,60.0,0,N,MELB_URBAN,ROAD,2,18.0
157231,1,7,130,5,2,60.0,0,N,MELB_URBAN,ROAD,2,19.0
157232,2,6,102,5,1,50.0,0,N,TOWNS,HIGHWAY,2,16.0
157233,1,7,121,2,1,50.0,0,N,MELB_URBAN,PARADE,2,14.0
157234,1,6,121,1,3,50.0,0,N,RURAL_VICTORIA,BOULEVARD,2,21.0
157235,1,7,113,2,2,60.0,0,I,MELB_URBAN,DRIVE,2,19.0
157236,1,0,110,1,2,40.0,0,I,LARGE_PROVINCIAL_CITIES,STREET,2,6.0
157237,1,7,111,1,3,60.0,0,I,MELB_URBAN,ROAD,2,22.0
157238,5,5,99,5,5,110.0,0,N,RURAL_VICTORIA,FREEWAY,10,22.0
157239,1,1,147,5,3,80.0,0,N,MELB_URBAN,ROAD,2,1.0
157240,4,0,171,5,3,60.0,0,N,MELB_URBAN,RAMP,2,1.0
157241,1,0,110,1,3,60.0,0,I,MELB_URBAN,STREET,2,4.0
157242,4,1,173,5,2,70.0,0,N,MELB_URBAN,ROAD,2,5.0
157243,1,2,130,5,1,60.0,0,N,MELB_URBAN,ROAD,2,15.0
157244,1,0,130,5,1,50.0,0,N,LARGE_PROVINCIAL_CITIES,STREET,2,9.0
157245,1,1,120,5,1,100.0,0,N,RURAL_VICTORIA,ROAD,2,9.0
157246,1,0,130,5,1,100.0,0,N,RURAL_VICTORIA,ROAD,2,10.0
157247,2,4,100,1,1,80.0,0,I,MELB_URBAN,STREET,2,11.0
157248,1,1,130,5,1,110.0,0,N,RURAL_VICTORIA,FREEWAY,2,8.0
157249,1,5,130,1,1,60.0,0,N,MELB_URBAN,STREET,2,16.0
157250,1,5,99,5,9,60.0,0,N,SMALL_TOWNS,HIGHWAY,2,17.0
157251,4,5,173,5,1,40.0,0,N,RURAL_VICTORIA,HIGHWAY,2,11.0
157252,1,1,121,1,1,50.0,0,I,MELB_URBAN,STREET,2,12.0
157253,8,1,174,5,1,100.0,0,N,RURAL_VICTORIA,ROAD,2,13.0
157254,1,5,171,5,3,60.0,0,N,MELB_URBAN,OTHER,2,22.0
157255,1,0,110,1,3,40.0,0,I,MELB_URBAN,ROAD,2,2.0
157256,1,1,99,5,1,100.0,0,N,RURAL_VICTORIA,HIGHWAY,2,15.0
157257,1,1,120,5,1,80.0,0,N,RURAL_VICTORIA,ROAD,2,11.0
157258,4,1,99,9,1,50.0,0,N,SMALL_TOWNS,ROAD,2,13.0
157259,1,7,132,5,1,100.0,0,N,RURAL_VICTORIA,ROAD,2,15.0
157260,4,1,181,5,1,70.0,0,N,MELB_URBAN,ROAD,2,15.0
157261,6,1,174,5,1,110.0,0,N,RURAL_VICTORIA,FREEWAY,2,14.0
157262,4,1,181,5,1,80.0,0,N,RURAL_VICTORIA,ROAD,2,12.0
157263,1,1,111,1,1,50.0,0,I,TOWNS,STREET,2,16.0
157264,1,1,132,2,2,60.0,0,I,MELB_URBAN,ROAD,2,17.0
157265,1,1,134,5,1,80.0,0,N,MELB_URBAN,RAMP,2,14.0
157266,1,1,113,1,1,60.0,0,I,MELB_URBAN,HIGHWAY,2,19.0
157267,6,1,170,5,1,60.0,0,N,MELB_URBAN,ROAD,2,20.0
157268,4,0,181,5,2,60.0,0,N,MELB_URBAN,ROAD,2,20.0
157269,1,0,133,5,3,60.0,0,N,MELB_URBAN,ROAD,2,21.0
157270,1,1,130,5,1,50.0,0,N,MELB_URBAN,ROAD,2,15.0
157271,4,1,99,2,3,80.0,0,I,RURAL_VICTORIA,ROAD,2,21.0
157272,4,1,173,5,3,60.0,0,N,MELB_URBAN,ROAD,2,23.0
157273,2,1,102,2,3,60.0,0,I,UNKNOWN,ROAD,2,23.0
157274,4,0,99,6,3,50.0,0,N,MELB_URBAN,UNKNOWN,2,22.0
157275,1,2,130,5,5,40.0,0,N,MELB_URBAN,ROAD,2,5.0
157276,1,2,121,2,1,60.0,0,I,RURAL_VICTORIA,ROAD,2,6.0
157277,4,2,171,5,3,80.0,0,N,RURAL_VICTORIA,ROAD,2,5.0
157278,1,2,120,5,1,50.0,0,N,SMALL_CITIES,OTHER,2,8.0