,accident_type,day_of_week,dca_code,road_geometry,light_condition,speed_zone,severity,node_type,deg_urban_name,road_type,month,hour
157279,1,2,121,2,1,60.0,0,I,MELB_URBAN,STREET,2,7.0
157280,1,2,120,5,1,70.0,0,N,MELB_URBAN,ROAD,2,7.0
157281,1,1,116,2,2,50.0,0,I,MELB_URBAN,OTHER,2,7.0
157282,5,1,99,5,1,50.0,0,N,SMALL_CITIES,OTHER,2,8.0
157283,4,6,99,5,1,60.0,0,N,LARGE_PROVINCIAL_CITIES,OTHER,2,10.0
157284,4,2,173,5,1,40.0,0,N,MELB_URBAN,BOULEVARD,2,9.0
157285,1,1,111,2,1,60.0,0,I,SMALL_CITIES,STREET,2,11.0
157286,1,4,130,5,1,40.0,0,N,RURAL_VICTORIA,HIGHWAY,2,7.0
157287,1,2,110,1,1,80.0,0,I,MELB_URBAN,ROAD,2,7.0
157288,1,2,120,5,1,60.0,0,N,MELB_URBAN,ROAD,2,7.0
157289,4,1,173,1,1,50.0,0,I,MELB_URBAN,PARADE,2,10.0
157290,1,1,163,5,9,60.0,0,N,MELB_URBAN,UNKNOWN,2,13.0
157291,1,2,120,5,2,50.0,0,N,MELB_URBAN,ROAD,2,7.0
157292,4,2,173,5,1,70.0,0,N,MELB_URBAN,ROAD,2,7.0
157293,1,1,133,5,2,100.0,0,N,MELB_URBAN,FREEWAY,2,8.0
157294,6,5,184,5,1,80.0,0,N,RURAL_VICTORIA,ROAD,2,12.0
157295,1,2,130,1,1,60.0,0,I,MELB_URBAN,ROAD,1,16.0
157296,1,2,111,1,1,70.0,0,I,MELB_URBAN,STREET,2,11.0
157297,4,1,99,5,1,60.0,0,N,TOWNS,STREET,2,12.0
157298,1,2,121,1,1,60.0,0,I,MELB_URBAN,ROAD,2,11.0
157299,1,4,120,1,2,40.0,0,I,MELB_URBAN,STREET,2,19.0
157300,1,2,113,2,1,100.0,0,I,RURAL_VICTORIA,HIGHWAY,2,10.0
157301,1,3,130,5,2,100.0,0,N,MELB_URBAN,FREEWAY,2,5.0
157302,1,2,110,1,1,60.0,0,I,TOWNS,STREET,2,13.0
157303,1,2,171,2,1,60.0,1,N,MELB_URBAN,STREET,2,10.0
157304,2,2,99,5,1,60.0,0,N,SMALL_TOWNS,ROAD,2,8.0
157305,8,6,174,1,1,40.0,0,I,MELB_URBAN,STREET,2,13.0
157306,1,1,134,5,1,80.0,0,N,MELB_URBAN,ROAD,2,12.0
157307,1,1,135,5,1,60.0,0,N,MELB_URBAN,ROAD,2,14.0
157308,4,2,183,5,1,100.0,1,N,RURAL_VICTORIA,ROAD,2,11.0
157309,1,2,134,5,1,100.0,0,N,MELB_URBAN,FREEWAY,2,12.0
157310,1,5,140,5,1,60.0,0,N,MELB_URBAN,ROAD,2,13.0
157311,2,1,102,1,1,60.0,0,N,MELB_URBAN,ROAD,2,16.0
157312,1,1,160,5,2,50.0,0,N,MELB_URBAN,AVENUE,2,21.0
157313,1,1,121,1,1,60.0,0,I,RURAL_VICTORIA,ROAD,2,14.0
157314,1,1,130,5,1,40.0,0,N,MELB_URBAN,STREET,2,15.0
157315,1,1,130,1,1,60.0,0,N,LARGE_PROVINCIAL_CITIES,ROAD,2,15.0
157316,1,1,121,1,1,70.0,0,I,MELB_URBAN,STREET,2,16.0
157317,6,2,174,5,1,50.0,0,N,MELB_URBAN,STREET,2,15.0
157318,1,1,147,5,1,50.0,0,N,MELB_URBAN,ROAD,2,17.0
157319,4,1,173,5,1,80.0,0,N,UNKNOWN,ROAD,2,15.0
157320,1,2,130,1,1,70.0,0,N,MELB_URBAN,ROAD,2,10.0
157321,1,1,121,4,1,80.0,0,I,MELB_URBAN,RAMP,2,14.0
157322,1,1,130,2,1,90.0,0,N,MELB_URBAN,ROAD,2,17.0
157323,1,7,99,2,1,60.0,0,I,MELB_URBAN,ROAD,11,14.0
157324,1,1,130,5,1,100.0,0,N,RURAL_VICTORIA,ROAD,2,16.0
157325,4,2,99,5,1,80.0,0,N,MELB_URBAN,HIGHWAY,2,19.0
157326,1,1,132,1,3,60.0,0,I,LARGE_PROVINCIAL_CITIES,ROAD,2,22.0
157327,1,2,113,1,3,60.0,0,I,MELB_URBAN,ROAD,2,20.0
157328,8,6,174,5,1,50.0,0,N,MELB_URBAN,STREET,2,12.0
157329,1,4,110,1,1,60.0,0,I,MELB_URBAN,STREET,2,14.0
157330,4,1,171,5,3,60.0,0,N,RURAL_VICTORIA,HIGHWAY,2,21.0
157331,1,1,110,1,3,80.0,0,I,MELB_URBAN,ROAD,2,22.0
157332,2,2,99,5,3,60.0,0,N,MELB_URBAN,ROAD,2,23.0
157333,1,2,160,5,3,50.0,0,N,MELB_URBAN,DRIVE,2,3.0
157334,1,6,116,1,1,50.0,0,I,MELB_URBAN,ROAD,2,6.0
157335,4,4,171,5,3,60.0,0,N,MELB_URBAN,ROAD,2,23.0
157336,6,2,99,5,1,60.0,0,N,RURAL_VICTORIA,ROAD,2,16.0
157337,4,3,99,5,5,100.0,0,N,MELB_URBAN,ROAD,2,5.0
157338,7,0,99,5,1,100.0,0,N,RURAL_VICTORIA,OTHER,2,16.0
157339,1,2,99,2,1,50.0,0,I,MELB_URBAN,ROAD,2,8.0
157340,1,3,99,1,1,60.0,0,I,RURAL_VICTORIA,ROAD,2,9.0
157341,1,2,110,1,1,80.0,0,I,MELB_URBAN,ROAD,2,9.0
157342,1,4,130,5,2,80.0,0,N,MELB_URBAN,HIGHWAY,2,5.0
157343,1,3,135,5,2,60.0,0,N,MELB_URBAN,ROAD,2,6.0
157344,1,2,113,2,1,80.0,0,I,TOWNS,ROAD,2,8.0
157345,1,3,110,1,1,50.0,0,I,LARGE_PROVINCIAL_CITIES,STREET,2,10.0
157346,1,1,147,5,3,60.0,0,N,MELB_URBAN,ROAD,2,21.0
157347,1,3,99,2,1,60.0,0,N,MELB_URBAN,ROAD,2,7.0
157348,1,3,130,2,1,80.0,0,I,MELB_URBAN,ROAD,2,10.0
157349,1,2,111,1,1,60.0,0,I,SMALL_CITIES,ROAD,2,7.0
157350,1,3,99,5,1,80.0,0,N,RURAL_VICTORIA,ROAD,2,9.0
157351,1,1,130,2,9,60.0,0,I,MELB_URBAN,ROAD,2,20.0
157352,1,3,113,2,1,70.0,0,N,MELB_URBAN,ROAD,2,11.0
157353,1,3,110,1,1,80.0,0,I,MELB_URBAN,ROAD,2,9.0
157354,1,0,130,5,1,80.0,0,N,RURAL_VICTORIA,ROAD,2,11.0
157355,1,4,132,2,1,60.0,0,I,MELB_URBAN,ROAD,1,10.0
157356,4,2,181,5,2,50.0,0,N,MELB_URBAN,ROAD,2,21.0
157357,1,3,121,5,1,80.0,0,N,MELB_URBAN,ROAD,2,8.0
157358,6,1,184,5,1,100.0,0,N,RURAL_VICTORIA,ROAD,2,13.0
157359,1,2,130,2,1,60.0,0,I,MELB_URBAN,ROAD,2,17.0
157360,6,7,174,5,9,60.0,0,N,UNKNOWN,DRIVE,2,9.0
157361,1,3,130,2,1,80.0,0,I,MELB_URBAN,ROAD,2,14.0
157362,4,3,173,5,1,100.0,0,N,MELB_URBAN,UNKNOWN,2,13.0
157363,4,3,99,2,1,60.0,0,N,TOWNS,STREET,2,14.0
157364,1,3,160,5,9,60.0,0,N,MELB_URBAN,ROAD,2,7.0
157365,6,2,184,4,1,80.0,0,N,MELB_URBAN,ROAD,2,11.0
157366,8,1,174,5,1,60.0,0,I,SMALL_TOWNS,ROAD,2,12.0
157367,6,2,174,5,1,50.0,0,N,TOWNS,OTHER,2,14.0
157368,6,2,99,5,1,100.0,0,N,RURAL_VICTORIA,ROAD,2,13.0
157369,6,0,184,5,1,60.0,0,N,TOWNS,ROAD,2,11.0
157370,4,3,99,5,1,50.0,0,N,SMALL_CITIES,STREET,2,15.0
157371,1,3,113,1,1,60.0,0,I,TOWNS,STREET,2,13.0
157372,8,0,174,5,1,80.0,0,N,RURAL_VICTORIA,ROAD,2,11.0
157373,1,1,130,5,1,50.0,0,N,MELB_URBAN,ROAD,1,8.0
157374,1,2,99,5,1,80.0,0,N,MELB_URBAN,ROAD,2,16.0
157375,1,2,130,5,1,80.0,0,N,MELB_URBAN,ROAD,2,17.0
157376,3,2,167,5,1,100.0,0,N,RURAL_VICTORIA,ROAD,2,16.0
157377,1,2,111,2,1,40.0,0,I,MELB_URBAN,STREET,2,15.0
157378,1,3,130,5,1,70.0,0,N,MELB_URBAN,ROAD,2,16.0
157379,1,2,116,1,1,60.0,0,N,MELB_URBAN,ROAD,2,16.0
157380,1,3,134,5,1,70.0,0,N,MELB_URBAN,ROAD,2,18.0
157381,3,7,167,5,2,100.0,0,N,RURAL_VICTORIA,ROAD,1,20.0
157382,4,2,171,5,1,50.0,0,N,SMALL_CITIES,OTHER,2,18.0
157383,1,3,110,1,1,50.0,0,I,MELB_URBAN,STREET,2,13.0
157384,1,6,130,5,1,50.0,0,N,MELB_URBAN,STREET,2,15.0
157385,1,5,130,5,1,70.0,0,N,LARGE_PROVINCIAL_CITIES,STREET,2,13.0
157386,1,3,173,2,3,100.0,0,N,RURAL_VICTORIA,ROAD,2,20.0
157387,1,2,110,1,2,50.0,0,I,TOWNS,STREET,2,20.0
157388,1,1,147,5,1,80.0,0,N,MELB_URBAN,ROAD,1,17.0
157389,1,3,110,1,3,60.0,0,I,MELB_URBAN,STREET,2,23.0
157390,4,3,99,2,3,60.0,0,I,SMALL_TOWNS,STREET,2,23.0
157391,1,4,113,2,3,80.0,0,N,MELB_URBAN,ROAD,2,6.0
157392,1,4,130,2,1,60.0,0,N,MELB_URBAN,ROAD,1,9.0
157393,1,4,147,5,1,60.0,0,N,MELB_URBAN,ROAD,2,8.0
157394,4,3,181,5,2,60.0,0,N,RURAL_VICTORIA,ROAD,2,6.0
157395,1,4,130,2,9,60.0,0,I,LARGE_PROVINCIAL_CITIES,STREET,12,18.0
157396,1,4,113,2,1,80.0,0,I,MELB_URBAN,ROAD,2,8.0
157397,1,4,110,1,1,60.0,0,N,SMALL_CITIES,PARADE,2,8.0
157398,1,4,135,5,1,80.0,0,N,MELB_URBAN,FREEWAY,2,8.0
157399,4,4,173,5,1,100.0,0,N,RURAL_VICTORIA,ROAD,2,7.0
157400,1,4,130,5,1,60.0,0,N,RURAL_VICTORIA,ROAD,2,7.0
157401,1,4,110,1,1,60.0,0,I,RURAL_VICTORIA,STREET,2,10.0
157402,1,3,120,5,1,80.0,0,N,RURAL_VICTORIA,ROAD,2,14.0
157403,6,3,174,2,1,50.0,0,I,MELB_URBAN,BOULEVARD,2,16.0
157404,1,3,160,5,1,50.0,0,N,MELB_URBAN,ROAD,2,13.0
157405,1,3,121,1,1,40.0,0,I,MELB_URBAN,STREET,2,12.0
157406,3,2,167,5,1,100.0,0,N,RURAL_VICTORIA,HIGHWAY,2,9.0
157407,2,3,100,1,1,40.0,0,I,MELB_URBAN,STREET,2,13.0
157408,1,2,130,2,3,80.0,0,I,MELB_URBAN,ROAD,2,22.0
157409,1,4,121,1,1,60.0,0,I,MELB_URBAN,ROAD,2,14.0
157410,1,4,147,5,1,40.0,0,N,MELB_URBAN,STREET,2,14.0
157411,1,4,132,2,1,60.0,0,I,MELB_URBAN,ROAD,2,16.0
157412,1,4,160,5,1,50.0,0,N,MELB_URBAN,ROAD,2,16.0
157413,1,2,163,5,1,40.0,0,N,MELB_URBAN,STREET,2,18.0
157414,1,4,99,2,1,50.0,0,N,UNKNOWN,AVENUE,2,12.0
157415,8,3,174,5,1,50.0,0,N,SMALL_CITIES,STREET,2,17.0
157416,1,4,99,1,1,50.0,0,I,MELB_URBAN,STREET,2,17.0
157417,1,3,121,1,1,60.0,0,N,MELB_URBAN,HIGHWAY,2,15.0
157418,1,4,110,1,1,80.0,1,I,RURAL_VICTORIA,ROAD,2,16.0
157419,1,3,113,2,1,60.0,0,I,MELB_URBAN,AVENUE,2,15.0
157420,4,4,173,5,1,100.0,1,N,RURAL_VICTORIA,HIGHWAY,2,14.0
157421,1,5,130,5,2,60.0,0,N,MELB_URBAN,ROAD,2,9.0
157422,1,3,121,2,2,60.0,0,I,MELB_URBAN,UNKNOWN,2,20.0
157423,1,3,130,5,1,80.0,0,N,MELB_URBAN,OTHER,2,15.0
157424,4,4,171,5,1,60.0,0,I,RURAL_VICTORIA,ROAD,2,17.0
157425,1,3,121,2,1,60.0,0,I,MELB_URBAN,STREET,2,17.0
157426,1,4,121,1,3,80.0,0,I,MELB_URBAN,ROAD,2,21.0
157427,2,4,99,5,1,60.0,0,N,MELB_URBAN,ROAD,2,14.0
157428,4,4,181,5,1,60.0,0,N,RURAL_VICTORIA,ROAD,2,18.0
157429,1,6,130,2,1,60.0,0,I,MELB_URBAN,ROAD,1,16.0
157430,1,4,130,5,1,60.0,0,N,MELB_URBAN,ROAD,2,15.0
157431,1,4,113,2,6,50.0,0,I,MELB_URBAN,AVENUE,2,20.0
157432,4,4,183,5,2,80.0,1,N,MELB_URBAN,RAMP,2,20.0
157433,4,4,181,3,5,80.0,0,I,RURAL_VICTORIA,ROAD,2,22.0
157434,2,3,99,5,3,60.0,0,N,SMALL_CITIES,OTHER,2,21.0
157435,1,1,135,5,5,100.0,0,N,RURAL_VICTORIA,FREEWAY,2,3.0
157436,1,3,130,5,1,60.0,0,N,MELB_URBAN,ROAD,2,9.0
157437,1,4,110,1,1,50.0,0,I,SMALL_CITIES,ROAD,2,8.0
157438,1,4,121,1,1,60.0,0,N,LARGE_PROVINCIAL_CITIES,STREET,2,9.0
157439,3,5,167,5,1,100.0,0,N,RURAL_VICTORIA,HIGHWAY,2,8.0
157440,1,2,120,5,1,60.0,0,N,RURAL_VICTORIA,OTHER,2,14.0
157441,1,7,116,2,9,50.0,0,N,MELB_URBAN,STREET,10,17.0
157442,1,5,111,1,1,60.0,0,I,MELB_URBAN,ROAD,2,10.0
157443,1,5,113,1,1,80.0,0,I,SMALL_TOWNS,HIGHWAY,2,10.0
157444,1,5,113,2,1,60.0,0,I,MELB_URBAN,AVENUE,2,8.0
157445,8,5,174,5,1,60.0,0,N,RURAL_VICTORIA,ROAD,12,10.0
157446,4,4,183,2,1,100.0,0,I,RURAL_VICTORIA,ROAD,2,9.0
157447,1,4,140,5,1,40.0,0,N,MELB_URBAN,ROAD,2,7.0
157448,1,5,140,5,1,80.0,0,N,RURAL_VICTORIA,ROAD,2,11.0
157449,1,5,113,2,1,60.0,0,I,MELB_URBAN,ROAD,2,14.0
157450,1,7,110,1,1,50.0,0,I,TOWNS,STREET,12,9.0
157451,1,5,160,5,1,60.0,0,N,LARGE_PROVINCIAL_CITIES,ROAD,2,12.0
157452,1,5,120,5,1,70.0,0,N,RURAL_VICTORIA,ROAD,2,13.0
157453,1,4,147,5,1,60.0,0,N,MELB_URBAN,ROAD,2,15.0
157454,1,3,130,5,1,50.0,0,N,MELB_URBAN,ROAD,2,16.0
157455,1,4,133,5,1,60.0,0,I,MELB_URBAN,ROAD,2,7.0
157456,1,4,113,2,1,60.0,0,I,MELB_URBAN,ROAD,2,10.0
157457,1,4,135,5,1,100.0,0,N,MELB_URBAN,FREEWAY,2,16.0
157458,1,5,130,4,1,60.0,0,I,MELB_URBAN,ROAD,2,15.0
157459,1,1,130,5,9,60.0,0,N,MELB_URBAN,ROAD,2,20.0
157460,1,4,130,2,1,60.0,0,N,MELB_URBAN,STREET,2,12.0
157461,1,5,163,5,1,40.0,0,N,MELBOURNE_CBD,STREET,2,17.0
157462,1,5,130,5,1,100.0,0,N,MELB_URBAN,FREEWAY,2,17.0
157463,1,3,99,1,1,50.0,0,I,MELBOURNE_CBD,STREET,2,15.0
157464,1,4,113,1,1,80.0,0,I,RURAL_VICTORIA,ROAD,2,16.0
157465,1,5,99,5,1,70.0,0,N,UNKNOWN,ROAD,2,16.0
157466,8,5,184,5,1,60.0,0,N,RURAL_VICTORIA,ROAD,2,12.0
157467,4,5,171,5,1,100.0,0,N,RURAL_VICTORIA,DRIVE,2,18.0
157468,1,4,111,2,1,70.0,0,I,MELB_URBAN,ROAD,2,18.0
157469,5,5,99,5,1,100.0,0,N,RURAL_VICTORIA,ROAD,2,19.0
157470,1,4,135,5,1,40.0,0,N,MELB_URBAN,ROAD,2,8.0
157471,1,5,121,2,1,80.0,0,I,MELB_URBAN,ROAD,2,17.0
157472,1,2,135,5,2,100.0,0,N,MELB_URBAN,ROAD,11,5.0
157473,1,5,113,2,1,80.0,0,I,RURAL_VICTORIA,HIGHWAY,2,15.0
157474,1,5,134,5,1,70.0,0,N,MELB_URBAN,ROAD,2,15.0
157475,1,5,160,5,1,50.0,0,N,MELB_URBAN,AVENUE,2,15.0
157476,8,5,99,5,1,100.0,0,N,RURAL_VICTORIA,ROAD,2,16.0
157477,1,4,130,2,2,60.0,0,I,MELB_URBAN,ROAD,2,21.0
157478,1,5,99,1,1,40.0,0,I,MELB_URBAN,ROAD,2,18.0
157479,1,5,113,1,3,80.0,0,I,MELB_URBAN,ROAD,2,22.0
157480,1,7,111,2,1,60.0,0,I,MELB_URBAN,PARADE,1,14.0
157481,4,5,183,5,5,80.0,0,N,SMALL_TOWNS,ROAD,2,23.0
157482,1,5,99,2,3,60.0,0,I,MELB_URBAN,ROAD,2,21.0
157483,4,5,171,2,3,60.0,0,I,LARGE_PROVINCIAL_CITIES,STREET,2,0.0
157484,1,4,110,1,3,50.0,0,I,LARGE_PROVINCIAL_CITIES,STREET,2,20.0
157485,4,6,171,5,3,50.0,0,N,LARGE_PROVINCIAL_CITIES,STREET,2,2.0
157486,2,3,99,5,9,60.0,0,N,MELB_URBAN,DRIVE,1,16.0
157487,8,1,174,5,1,60.0,0,N,RURAL_VICTORIA,ROAD,2,12.0
157488,1,6,113,2,1,100.0,0,I,RURAL_VICTORIA,ROAD,2,6.0
157489,1,4,99,2,1,60.0,0,I,MELB_URBAN,STREET,2,15.0
157490,1,6,110,1,1,40.0,0,I,TOWNS,ROAD,2,8.0
157491,1,6,99,5,1,40.0,0,N,MELB_URBAN,ROAD,2,8.0
157492,4,6,181,5,1,100.0,0,N,RURAL_VICTORIA,ROAD,2,7.0
157493,1,6,140,2,1,60.0,0,I,MELB_URBAN,AVENUE,2,8.0
157494,5,5,99,5,9,100.0,0,N,RURAL_VICTORIA,HIGHWAY,2,19.0
157495,1,3,130,5,1,60.0,0,N,MELB_URBAN,ROAD,2,16.0
157496,1,5,121,2,1,40.0,0,N,MELB_URBAN,AVENUE,2,8.0
157497,6,6,99,5,1,70.0,0,N,RURAL_VICTORIA,ROAD,1,11.0
157498,1,3,121,1,1,60.0,0,I,MELB_URBAN,ROAD,2,15.0
157499,1,6,121,1,1,80.0,0,I,SMALL_CITIES,HIGHWAY,2,10.0
157500,1,3,147,5,1,60.0,0,N,MELB_URBAN,AVENUE,2,10.0
157501,1,6,120,5,1,80.0,0,N,RURAL_VICTORIA,ROAD,2,12.0
157502,1,6,120,5,1,100.0,0,N,RURAL_VICTORIA,ROAD,2,9.0
157503,1,5,116,2,1,70.0,0,I,MELB_URBAN,ROAD,2,10.0
157504,1,6,99,2,1,80.0,0,I,MELB_URBAN,STREET,1,16.0
157505,1,3,130,5,1,100.0,0,N,MELB_URBAN,FREEWAY,2,16.0
157506,1,1,130,1,3,60.0,0,I,MELB_URBAN,ROAD,2,22.0
157507,2,7,102,5,1,60.0,0,N,MELB_URBAN,ROAD,2,11.0
157508,1,0,121,2,9,60.0,0,I,MELB_URBAN,AVENUE,2,15.0
157509,1,6,130,5,1,100.0,0,N,MELB_URBAN,ROAD,2,8.0
157510,1,6,121,2,1,60.0,0,I,MELB_URBAN,ROAD,2,11.0
157511,8,5,174,1,3,60.0,0,I,SMALL_CITIES,STREET,2,21.0
157512,1,5,113,2,1,60.0,0,I,MELB_URBAN,DRIVE,2,14.0
157513,1,5,130,5,3,80.0,0,N,MELB_URBAN,FREEWAY,2,6.0
157514,1,6,130,5,1,80.0,0,N,MELB_URBAN,STREET,2,12.0
157515,8,6,174,5,1,60.0,0,N,MELB_URBAN,ROAD,1,19.0
157516,1,6,99,5,1,110.0,0,N,RURAL_VICTORIA,FREEWAY,2,14.0
157517,1,5,135,5,1,80.0,0,N,MELB_URBAN,FREEWAY,2,10.0
157518,1,5,132,5,1,100.0,0,N,RURAL_VICTORIA,HIGHWAY,2,13.0
157519,1,5,130,1,1,60.0,0,I,LARGE_PROVINCIAL_CITIES,STREET,2,15.0
157520,1,6,130,5,1,100.0,0,N,MELB_URBAN,FREEWAY,2,17.0
157521,1,6,121,5,1,60.0,0,N,MELB_URBAN,ROAD,2,16.0
157522,1,2,99,2,1,60.0,0,I,MELB_URBAN,STREET,2,16.0
157523,1,6,132,2,1,60.0,0,I,MELB_URBAN,ROAD,2,16.0
157524,1,6,130,5,1,100.0,0,N,MELB_URBAN,FREEWAY,2,15.0
157525,2,5,102,1,1,50.0,0,I,SMALL_TOWNS,STREET,2,8.0
157526,1,6,130,5,1,100.0,0,N,MELB_URBAN,FREEWAY,2,18.0
157527,1,5,140,5,1,50.0,0,I,SMALL_TOWNS,PARADE,2,18.0
157528,4,5,99,5,1,100.0,0,N,MELB_URBAN,ROAD,2,18.0
157529,1,6,99,2,1,40.0,0,N,MELB_URBAN,STREET,2,16.0
157530,2,6,102,5,1,60.0,0,I,MELB_URBAN,ROAD,2,15.0
157531,1,6,99,1,3,60.0,0,N,MELB_URBAN,ROAD,2,20.0
157532,1,5,121,2,1,80.0,0,I,MELB_URBAN,HIGHWAY,2,15.0
157533,1,6,113,2,1,80.0,0,N,UNKNOWN,DRIVE,2,18.0
157534,1,5,113,2,3,60.0,0,I,MELB_URBAN,ROAD,2,21.0
157535,1,4,135,5,1,70.0,0,N,MELB_URBAN,HIGHWAY,2,7.0
157536,1,7,121,1,1,60.0,0,I,MELB_URBAN,STREET,2,6.0
157537,1,7,147,5,1,40.0,0,N,MELB_URBAN,STREET,2,8.0
157538,1,1,99,5,1,40.0,0,N,TOWNS,STREET,12,8.0
157539,1,6,147,5,1,60.0,0,N,MELB_URBAN,STREET,12,18.0
157540,1,7,130,1,1,70.0,0,I,MELB_URBAN,ROAD,2,10.0
157541,1,7,99,5,1,70.0,0,N,MELB_URBAN,ROAD,2,9.0
157542,1,7,113,1,1,80.0,0,I,MELB_URBAN,ROAD,2,11.0
157543,4,7,171,5,5,100.0,0,N,RURAL_VICTORIA,HIGHWAY,2,3.0
157544,4,7,171,2,1,60.0,0,I,MELB_URBAN,ROAD,2,12.0
157545,1,1,130,2,1,60.0,0,N,MELB_URBAN,ROAD,2,16.0
157546,1,7,121,1,1,80.0,0,N,MELB_URBAN,ROAD,2,6.0
157547,1,6,110,1,1,80.0,0,I,RURAL_VICTORIA,ROAD,2,12.0
157548,1,6,99,5,1,80.0,0,N,RURAL_VICTORIA,ROAD,2,10.0
157549,3,6,167,5,2,80.0,0,N,RURAL_VICTORIA,ROAD,1,5.0
157550,1,7,120,5,1,100.0,0,N,RURAL_VICTORIA,ROAD,2,12.0
157551,8,1,99,5,1,60.0,0,N,RURAL_VICTORIA,OTHER,1,15.0
157552,6,7,99,5,1,80.0,0,N,TOWNS,HIGHWAY,2,14.0
157553,6,7,184,5,1,60.0,0,N,RURAL_VICTORIA,ROAD,2,12.0
157554,8,7,174,5,1,40.0,0,N,UNKNOWN,STREET,2,16.0
157555,1,7,135,5,1,60.0,0,N,MELB_URBAN,STREET,2,16.0
157556,4,6,171,5,1,100.0,0,N,MELB_URBAN,ROAD,2,16.0
157557,4,6,171,5,1,80.0,0,N,RURAL_VICTORIA,ROAD,2,17.0
157558,4,7,173,5,1,100.0,0,N,RURAL_VICTORIA,ROAD,2,17.0
157559,1,7,113,2,1,100.0,0,I,RURAL_VICTORIA,ROAD,2,14.0
157560,2,7,102,1,1,80.0,0,N,MELB_URBAN,HIGHWAY,2,16.0
157561,2,7,99,2,1,50.0,0,I,MELB_URBAN,ROAD,2,17.0
157562,4,7,133,5,1,70.0,0,N,MELB_URBAN,ROAD,2,17.0
157563,1,7,110,1,1,60.0,0,I,MELB_URBAN,ROAD,2,18.0
157564,4,7,171,2,1,60.0,0,I,MELB_URBAN,STREET,2,15.0
157565,1,6,121,2,2,60.0,0,I,MELB_URBAN,STREET,2,21.0
157566,4,7,171,5,2,100.0,0,N,RURAL_VICTORIA,ROAD,2,20.0
157567,2,6,99,5,3,50.0,0,N,MELB_URBAN,ROAD,2,22.0
157568,1,6,160,5,3,50.0,0,N,MELB_URBAN,DRIVE,2,23.0
157569,1,2,130,5,1,60.0,0,N,MELB_URBAN,DRIVE,2,8.0
157570,1,7,160,5,3,50.0,0,N,MELB_URBAN,STREET,2,23.0
157571,1,1,121,2,3,60.0,0,N,MELB_URBAN,HIGHWAY,2,0.0
157572,4,6,173,5,5,50.0,0,N,TOWNS,AVENUE,2,3.0
157573,1,6,160,5,1,40.0,0,N,MELB_URBAN,STREET,2,15.0
157574,1,2,130,5,2,60.0,0,N,LARGE_PROVINCIAL_CITIES,ROAD,2,9.0
157575,1,5,130,5,1,80.0,0,N,MELB_URBAN,RAMP,2,16.0
157576,2,1,100,5,1,50.0,0,N,MELB_URBAN,STREET,2,9.0
157577,1,0,130,5,1,60.0,0,N,MELB_URBAN,ROAD,2,10.0
157578,1,0,99,1,1,80.0,0,N,MELB_URBAN,ROAD,2,11.0
157579,1,5,130,5,9,60.0,0,N,MELB_URBAN,ROAD,2,17.0
157580,1,1,113,1,1,60.0,0,I,MELB_URBAN,ROAD,2,12.0
157581,1,1,160,5,1,100.0,0,N,SMALL_CITIES,FREEWAY,2,7.0
157582,1,5,160,5,1,60.0,0,N,MELB_URBAN,ROAD,2,10.0
157583,1,2,163,5,1,40.0,0,N,MELB_URBAN,STREET,2,11.0
157584,1,0,120,5,1,60.0,0,N,MELB_URBAN,STREET,2,12.0
157585,1,3,121,2,1,60.0,0,I,MELB_URBAN,ROAD,2,11.0
157586,4,0,171,5,1,70.0,0,N,SMALL_CITIES,DRIVE,2,14.0
157587,4,1,181,5,1,100.0,1,N,RURAL_VICTORIA,ROAD,2,12.0
157588,1,0,99,5,1,40.0,0,N,SMALL_CITIES,UNKNOWN,2,11.0
157589,1,0,130,1,2,50.0,0,I,LARGE_PROVINCIAL_CITIES,AVENUE,2,17.0
157590,1,5,99,5,1,40.0,0,N,MELB_URBAN,BOULEVARD,2,18.0
157591,2,1,99,5,1,50.0,0,N,RURAL_VICTORIA,STREET,2,17.0
157592,1,1,116,1,1,80.0,0,I,RURAL_VICTORIA,HIGHWAY,2,16.0
157593,1,1,116,1,1,80.0,0,I,MELB_URBAN,ROAD,2,17.0
157594,1,1,147,5,1,60.0,0,N,MELB_URBAN,ROAD,2,11.0
157595,1,0,110,1,1,50.0,0,N,UNKNOWN,STREET,2,15.0
157596,4,1,183,5,1,80.0,0,N,RURAL_VICTORIA,ROAD,2,17.0
157597,1,1,132,2,1,60.0,0,I,MELB_URBAN,ROAD,2,14.0
157598,1,0,113,1,1,60.0,0,I,MELB_URBAN,HIGHWAY,2,17.0
157599,1,1,160,5,2,50.0,0,N,MELB_URBAN,AVENUE,2,17.0
157600,1,1,99,1,1,60.0,0,I,MELB_URBAN,ROAD,2,15.0
157601,4,1,181,5,1,80.0,0,N,UNKNOWN,ROAD,2,17.0
157602,1,1,110,1,1,60.0,0,I,LARGE_PROVINCIAL_CITIES,STREET,2,19.0
157603,1,1,130,5,1,50.0,0,N,MELB_URBAN,ROAD,2,16.0
157604,6,1,174,1,3,60.0,0,I,RURAL_VICTORIA,HIGHWAY,2,22.0
157605,4,1,173,5,5,100.0,0,N,RURAL_VICTORIA,ROAD,2,20.0
157606,1,1,120,5,5,100.0,0,N,RURAL_VICTORIA,ROAD,2,23.0