,accident_type,day_of_week,dca_code,road_geometry,light_condition,speed_zone,severity,node_type,deg_urban_name,road_type,month,hour
157607,4,2,171,5,3,80.0,0,N,MELB_URBAN,ROAD,2,4.0
157608,1,1,99,1,3,60.0,0,I,MELB_URBAN,ROAD,2,6.0
157609,4,2,171,5,3,60.0,0,N,MELB_URBAN,PARADE,2,6.0
157610,2,2,102,5,3,60.0,0,N,MELB_URBAN,STREET,2,4.0
157611,1,3,140,5,2,60.0,0,I,MELB_URBAN,DRIVE,12,19.0
157612,2,2,102,2,1,50.0,0,I,MELB_URBAN,OTHER,2,7.0
157613,5,1,99,5,3,60.0,0,N,MELB_URBAN,PARADE,2,6.0
157614,1,3,130,2,1,50.0,0,I,SMALL_CITIES,ROAD,2,16.0
157615,1,4,116,2,1,60.0,0,N,MELB_URBAN,ROAD,1,10.0
157616,4,5,99,5,1,40.0,0,N,RURAL_VICTORIA,HIGHWAY,1,12.0
157617,1,1,130,5,1,80.0,0,N,MELB_URBAN,HIGHWAY,2,8.0
157618,1,5,130,5,9,60.0,0,N,MELB_URBAN,ROAD,2,12.0
157619,1,2,121,1,1,60.0,0,I,MELB_URBAN,ROAD,2,7.0
157620,4,1,171,5,2,100.0,0,N,RURAL_VICTORIA,ROAD,2,7.0
157621,1,1,111,1,1,50.0,0,I,MELB_URBAN,STREET,2,8.0
157622,2,1,99,5,1,30.0,0,N,MELB_URBAN,ROAD,2,8.0
157623,7,1,99,5,3,60.0,0,N,MELB_URBAN,ROAD,2,0.0
157624,6,7,174,2,1,60.0,0,I,RURAL_VICTORIA,ROAD,2,15.0
157625,1,2,99,2,1,60.0,0,I,MELB_URBAN,ROAD,2,9.0
157626,1,1,121,2,1,60.0,0,I,MELB_URBAN,ROAD,2,11.0
157627,1,2,147,5,2,80.0,0,N,RURAL_VICTORIA,HIGHWAY,2,6.0
157628,4,2,99,2,1,60.0,0,I,MELB_URBAN,STREET,2,10.0
157629,1,2,130,5,2,80.0,0,N,MELB_URBAN,FREEWAY,2,6.0
157630,1,2,120,5,1,70.0,0,N,RURAL_VICTORIA,ROAD,2,8.0
157631,1,6,160,5,1,50.0,0,N,MELB_URBAN,OTHER,2,17.0
157632,4,1,173,5,1,100.0,0,N,RURAL_VICTORIA,ROAD,2,10.0
157633,6,2,174,5,1,100.0,0,N,RURAL_VICTORIA,HIGHWAY,2,14.0
157634,4,3,181,5,1,60.0,0,N,RURAL_VICTORIA,OTHER,1,17.0
157635,4,6,99,2,1,60.0,0,I,RURAL_VICTORIA,ROAD,2,12.0
157636,1,1,120,5,1,100.0,0,N,RURAL_VICTORIA,ROAD,2,10.0
157637,4,1,183,5,1,100.0,0,N,RURAL_VICTORIA,ROAD,2,12.0
157638,1,1,130,1,1,60.0,0,N,SMALL_CITIES,ROAD,2,16.0
157639,4,0,181,5,5,80.0,0,N,SMALL_TOWNS,ROAD,2,0.0
157640,4,2,181,5,1,100.0,0,N,RURAL_VICTORIA,ROAD,2,15.0
157641,1,1,130,1,2,60.0,0,I,MELB_URBAN,DRIVE,12,5.0
157642,4,2,181,2,1,50.0,0,I,MELB_URBAN,PARADE,2,15.0
157643,1,2,133,5,1,40.0,0,N,MELB_URBAN,STREET,2,18.0
157644,1,2,121,1,1,60.0,0,I,MELB_URBAN,ROAD,2,12.0
157645,1,2,130,5,1,80.0,0,N,RURAL_VICTORIA,ROAD,2,15.0
157646,1,2,121,2,1,60.0,0,N,MELB_URBAN,ROAD,2,15.0
157647,1,2,99,2,1,50.0,0,N,MELB_URBAN,STREET,2,16.0
157648,1,6,120,1,1,60.0,0,N,MELB_URBAN,DRIVE,2,15.0
157649,2,7,100,5,6,70.0,0,N,MELB_URBAN,STREET,2,0.0
157650,3,3,167,5,6,100.0,0,N,RURAL_VICTORIA,HIGHWAY,1,1.0
157651,4,2,171,1,3,80.0,0,I,RURAL_VICTORIA,ROAD,2,21.0
157652,4,2,171,5,3,60.0,0,I,MELB_URBAN,ROAD,2,3.0
157653,4,1,173,5,5,40.0,0,N,RURAL_VICTORIA,ROAD,2,23.0
157654,4,2,171,5,3,80.0,0,N,MELB_URBAN,ROAD,2,3.0
157655,4,1,181,5,5,100.0,0,N,RURAL_VICTORIA,ROAD,2,23.0
157656,1,0,133,5,5,80.0,0,N,MELB_URBAN,FREEWAY,2,2.0
157657,1,2,99,5,1,60.0,0,N,UNKNOWN,RAMP,2,9.0
157658,4,2,173,5,1,60.0,0,I,MELB_URBAN,ROAD,2,10.0
157659,1,3,147,5,1,60.0,0,N,MELB_URBAN,ROAD,2,6.0
157660,4,2,171,5,1,50.0,0,N,MELB_URBAN,OTHER,2,13.0
157661,1,3,111,2,1,60.0,0,I,MELB_URBAN,ROAD,2,13.0
157662,1,1,121,1,2,60.0,0,N,MELB_URBAN,ROAD,2,20.0
157663,1,3,130,5,1,100.0,0,N,MELB_URBAN,FREEWAY,2,7.0
157664,4,2,181,5,1,100.0,0,N,RURAL_VICTORIA,ROAD,2,14.0
157665,1,3,99,1,1,60.0,0,I,MELB_URBAN,BOULEVARD,2,9.0
157666,1,5,130,4,1,80.0,0,I,MELB_URBAN,ROAD,2,17.0
157667,1,3,121,1,1,70.0,0,I,MELB_URBAN,PARADE,2,8.0
157668,1,2,130,5,2,100.0,0,N,MELB_URBAN,FREEWAY,2,7.0
157669,8,5,170,5,1,80.0,0,N,MELB_URBAN,ROAD,2,11.0
157670,1,3,147,2,3,60.0,0,I,MELB_URBAN,STREET,2,6.0
157671,1,3,121,1,1,60.0,0,I,TOWNS,STREET,2,10.0
157672,1,3,133,5,9,60.0,0,N,MELB_URBAN,BOULEVARD,5,22.0
157673,7,4,99,5,1,50.0,0,N,UNKNOWN,ROAD,1,10.0
157674,1,3,110,1,1,80.0,0,I,MELB_URBAN,ROAD,2,9.0
157675,1,3,120,5,5,100.0,1,N,RURAL_VICTORIA,HIGHWAY,2,5.0
157676,1,2,140,5,1,50.0,0,N,MELB_URBAN,STREET,2,9.0
157677,1,6,130,5,1,60.0,0,N,MELB_URBAN,ROAD,2,9.0
157678,1,3,130,1,1,50.0,0,I,MELB_URBAN,STREET,2,16.0
157679,1,4,130,1,1,60.0,0,N,MELB_URBAN,ROAD,2,8.0
157680,1,2,130,5,1,60.0,0,N,TOWNS,HIGHWAY,2,12.0
157681,1,3,99,5,1,100.0,1,N,RURAL_VICTORIA,HIGHWAY,2,10.0
157682,3,0,167,5,1,100.0,0,N,RURAL_VICTORIA,ROAD,2,9.0
157683,8,3,99,5,9,60.0,0,N,RURAL_VICTORIA,ROAD,1,7.0
157684,1,3,99,5,1,80.0,0,N,MELB_URBAN,HIGHWAY,2,10.0
157685,4,7,173,5,1,80.0,0,N,RURAL_VICTORIA,HIGHWAY,2,14.0
157686,4,2,171,1,1,60.0,0,N,LARGE_PROVINCIAL_CITIES,STREET,2,13.0
157687,1,3,113,1,1,60.0,0,I,SMALL_CITIES,ROAD,2,13.0
157688,1,3,130,5,1,60.0,0,N,MELB_URBAN,ROAD,2,13.0
157689,1,2,99,1,1,60.0,0,N,MELB_URBAN,ROAD,2,14.0
157690,1,2,110,1,1,70.0,0,I,MELB_URBAN,ROAD,2,14.0
157691,1,3,135,5,1,80.0,0,N,MELB_URBAN,FREEWAY,2,14.0
157692,1,5,111,4,1,60.0,0,I,RURAL_VICTORIA,STREET,1,9.0
157693,5,6,171,5,2,50.0,0,N,MELB_URBAN,STREET,2,5.0
157694,1,2,134,1,1,60.0,0,I,UNKNOWN,DRIVE,2,16.0
157695,1,5,130,5,1,70.0,0,N,MELB_URBAN,ROAD,2,16.0
157696,1,0,130,2,1,60.0,0,I,MELB_URBAN,HIGHWAY,2,11.0
157697,1,2,120,2,1,60.0,0,I,MELB_URBAN,OTHER,2,13.0
157698,2,2,99,5,1,50.0,0,N,SMALL_CITIES,STREET,2,15.0
157699,1,2,121,1,1,50.0,0,N,RURAL_VICTORIA,BOULEVARD,2,16.0
157700,2,2,102,2,1,50.0,0,I,MELB_URBAN,STREET,2,16.0
157701,1,7,130,2,1,80.0,0,I,MELB_URBAN,HIGHWAY,2,12.0
157702,1,3,147,5,1,60.0,0,N,MELB_URBAN,ROAD,2,16.0
157703,1,3,110,1,1,100.0,0,I,RURAL_VICTORIA,ROAD,2,17.0
157704,1,2,135,5,1,80.0,0,N,MELB_URBAN,UNKNOWN,2,18.0
157705,1,2,134,5,3,80.0,0,N,MELB_URBAN,ROAD,2,2.0
157706,6,3,174,1,3,40.0,0,I,MELBOURNE_CBD,STREET,2,22.0
157707,1,3,121,1,1,60.0,0,I,MELB_URBAN,ROAD,2,15.0
157708,6,4,174,5,3,80.0,0,N,MELB_URBAN,ROAD,3,5.0
157709,1,4,160,5,3,50.0,0,N,MELB_URBAN,STREET,3,5.0
157710,1,2,133,5,1,100.0,0,N,MELB_URBAN,FREEWAY,2,11.0
157711,1,2,116,2,1,80.0,0,N,MELB_URBAN,DRIVE,1,15.0
157712,1,2,99,4,1,50.0,0,I,MELB_URBAN,ROAD,2,16.0
157713,1,5,121,1,1,80.0,0,I,MELB_URBAN,ROAD,2,13.0
157714,1,4,130,5,1,50.0,0,N,LARGE_PROVINCIAL_CITIES,STREET,3,8.0
157715,1,6,99,1,1,60.0,0,I,MELB_URBAN,ROAD,2,14.0
157716,6,1,99,5,1,100.0,0,N,RURAL_VICTORIA,ROAD,2,12.0
157717,8,6,99,5,1,60.0,0,N,TOWNS,ROAD,2,19.0
157718,1,2,121,1,1,80.0,0,I,MELB_URBAN,HIGHWAY,1,8.0
157719,2,4,100,1,1,60.0,1,N,MELB_URBAN,ROAD,3,9.0
157720,1,3,147,5,1,60.0,0,N,MELB_URBAN,ROAD,3,12.0
157721,1,3,130,5,1,40.0,0,N,MELB_URBAN,STREET,3,10.0
157722,1,1,99,2,1,60.0,0,I,MELB_URBAN,ROAD,2,13.0
157723,1,2,130,2,9,60.0,0,I,SMALL_CITIES,DRIVE,11,17.0
157724,1,6,130,1,1,60.0,0,I,MELB_URBAN,ROAD,2,15.0
157725,1,3,130,5,1,100.0,0,N,RURAL_VICTORIA,FREEWAY,3,8.0
157726,1,1,110,1,1,80.0,0,I,RURAL_VICTORIA,ROAD,2,12.0
157727,2,4,100,5,1,40.0,0,N,MELB_URBAN,ROAD,3,13.0
157728,4,3,171,2,1,100.0,0,N,RURAL_VICTORIA,OTHER,3,11.0
157729,1,7,140,5,1,50.0,0,N,MELB_URBAN,ROAD,12,16.0
157730,1,2,135,2,1,100.0,0,I,MELB_URBAN,RAMP,2,15.0
157731,1,4,121,2,1,60.0,0,I,RURAL_VICTORIA,STREET,3,13.0
157732,1,3,121,1,1,60.0,0,I,MELB_URBAN,UNKNOWN,3,8.0
157733,1,3,130,5,2,100.0,0,N,RURAL_VICTORIA,FREEWAY,3,8.0
157734,8,1,174,5,1,80.0,0,N,RURAL_VICTORIA,ROAD,2,19.0
157735,1,2,113,1,1,60.0,0,I,SMALL_TOWNS,STREET,2,11.0
157736,1,3,130,5,1,60.0,0,N,MELB_URBAN,ROAD,3,10.0
157737,8,2,99,2,1,60.0,0,I,LARGE_PROVINCIAL_CITIES,STREET,12,15.0
157738,1,4,110,1,1,40.0,0,I,MELB_URBAN,STREET,3,18.0
157739,1,4,160,5,2,60.0,0,N,TOWNS,HIGHWAY,3,17.0
157740,4,4,171,5,1,60.0,0,N,SMALL_CITIES,STREET,3,16.0
157741,1,4,120,2,1,60.0,0,I,MELB_URBAN,UNKNOWN,3,18.0
157742,1,5,99,5,1,40.0,0,N,MELB_URBAN,ROAD,2,15.0
157743,1,3,113,2,1,50.0,0,N,MELB_URBAN,STREET,3,14.0
157744,6,1,174,5,9,60.0,0,N,MELB_URBAN,STREET,2,8.0
157745,1,4,134,5,1,100.0,0,N,MELB_URBAN,FREEWAY,3,18.0
157746,1,4,121,1,3,60.0,0,I,TOWNS,HIGHWAY,3,20.0
157747,1,4,121,5,1,60.0,0,N,LARGE_PROVINCIAL_CITIES,STREET,3,16.0
157748,1,3,160,1,1,50.0,0,I,RURAL_VICTORIA,ROAD,3,17.0
157749,2,3,102,2,3,40.0,0,N,MELBOURNE_CBD,STREET,3,21.0
157750,1,4,160,5,5,60.0,0,N,MELB_URBAN,ROAD,3,22.0
157751,1,4,147,5,3,60.0,0,N,MELB_URBAN,STREET,3,20.0
157752,1,4,130,5,3,60.0,0,N,MELB_URBAN,STREET,3,23.0
157753,1,6,121,2,1,60.0,0,I,MELB_URBAN,ROAD,12,19.0
157754,1,5,133,5,9,60.0,0,N,MELB_URBAN,PARADE,2,11.0
157755,1,4,111,1,1,60.0,0,I,MELB_URBAN,ROAD,12,13.0
157756,1,4,130,5,1,100.0,0,N,MELB_URBAN,FREEWAY,2,15.0
157757,2,5,100,5,1,60.0,0,N,LARGE_PROVINCIAL_CITIES,STREET,3,12.0
157758,1,5,110,1,1,40.0,0,I,MELB_URBAN,AVENUE,3,11.0
157759,1,4,134,5,1,100.0,0,N,MELB_URBAN,FREEWAY,3,8.0
157760,6,5,99,5,1,80.0,0,N,RURAL_VICTORIA,ROAD,3,11.0
157761,4,5,183,5,1,100.0,0,N,RURAL_VICTORIA,ROAD,3,8.0
157762,1,1,130,5,2,60.0,0,N,RURAL_VICTORIA,ROAD,2,6.0
157763,1,5,160,5,1,60.0,0,N,MELB_URBAN,DRIVE,3,8.0
157764,1,4,130,5,1,80.0,0,N,MELB_URBAN,ROAD,1,13.0
157765,1,5,121,1,1,60.0,0,I,SMALL_CITIES,ROAD,3,8.0
157766,4,5,181,5,1,110.0,0,N,RURAL_VICTORIA,FREEWAY,3,12.0
157767,1,4,130,5,1,50.0,0,N,MELB_URBAN,STREET,3,8.0
157768,1,5,160,5,1,50.0,0,N,LARGE_PROVINCIAL_CITIES,ROAD,3,8.0
157769,4,5,181,5,1,60.0,1,N,SMALL_TOWNS,ROAD,3,8.0
157770,1,5,113,1,1,50.0,0,I,LARGE_PROVINCIAL_CITIES,STREET,3,12.0
157771,4,5,99,4,1,60.0,1,I,MELB_URBAN,ROAD,3,13.0
157772,2,4,100,1,1,50.0,0,I,MELB_URBAN,ROAD,3,15.0
157773,1,4,130,1,1,80.0,0,I,MELB_URBAN,ROAD,3,14.0
157774,1,2,113,2,1,50.0,0,I,TOWNS,ROAD,2,11.0
157775,1,4,116,2,1,50.0,0,I,SMALL_CITIES,ROAD,3,8.0
157776,6,6,170,5,1,100.0,0,N,RURAL_VICTORIA,ROAD,2,14.0
157777,1,4,110,1,1,60.0,0,I,MELB_URBAN,ROAD,3,15.0
157778,4,1,99,5,9,60.0,0,N,MELB_URBAN,ROAD,9,8.0
157779,1,4,113,2,3,40.0,0,I,MELB_URBAN,ROAD,3,20.0
157780,1,6,110,1,2,80.0,0,N,MELB_URBAN,HIGHWAY,2,19.0
157781,1,4,121,1,3,70.0,0,I,MELB_URBAN,RAMP,3,21.0
157782,1,3,110,1,1,60.0,0,I,MELB_URBAN,STREET,2,17.0
157783,4,4,171,5,1,60.0,0,N,UNKNOWN,ROAD,3,16.0
157784,6,7,174,5,1,80.0,0,N,UNKNOWN,HIGHWAY,2,7.0
157785,8,5,174,2,3,60.0,0,N,MELB_URBAN,PARADE,3,23.0
157786,4,6,171,5,5,60.0,0,N,SMALL_CITIES,ROAD,3,2.0
157787,4,5,171,5,2,80.0,0,N,RURAL_VICTORIA,ROAD,3,5.0
157788,1,2,99,5,1,60.0,0,N,MELB_URBAN,ROAD,1,7.0
157789,1,3,110,1,1,40.0,0,I,MELB_URBAN,ROAD,2,7.0
157790,1,5,130,5,1,60.0,0,N,MELB_URBAN,PARADE,3,8.0
157791,1,5,111,2,1,60.0,0,I,MELB_URBAN,BOULEVARD,3,8.0
157792,1,2,163,5,1,40.0,0,N,MELB_URBAN,STREET,2,16.0
157793,6,7,174,5,1,60.0,0,N,RURAL_VICTORIA,OTHER,2,14.0
157794,1,4,130,5,1,100.0,0,N,RURAL_VICTORIA,ROAD,2,8.0
157795,1,1,110,1,3,60.0,0,N,MELB_URBAN,STREET,2,1.0
157796,1,6,130,5,1,70.0,0,N,MELB_URBAN,ROAD,3,10.0
157797,1,4,130,5,1,100.0,0,N,MELB_URBAN,FREEWAY,1,9.0
157798,1,5,99,1,1,50.0,0,I,MELB_URBAN,STREET,3,13.0
157799,1,5,147,5,1,60.0,0,N,MELB_URBAN,ROAD,3,9.0
157800,4,5,173,5,3,80.0,0,N,MELB_URBAN,UNKNOWN,3,21.0
157801,1,6,134,5,1,50.0,0,N,MELB_URBAN,STREET,3,9.0
157802,6,3,174,2,1,40.0,0,I,MELB_URBAN,STREET,2,16.0
157803,2,5,99,5,1,60.0,0,N,MELB_URBAN,ROAD,2,9.0
157804,1,6,99,1,1,40.0,0,I,MELB_URBAN,STREET,3,8.0
157805,1,6,134,5,1,60.0,0,N,MELB_URBAN,STREET,3,9.0
157806,4,1,99,1,9,50.0,0,I,MELB_URBAN,ROAD,2,18.0
157807,1,5,163,5,1,60.0,0,N,MELB_URBAN,ROAD,3,14.0
157808,2,6,99,5,1,60.0,0,N,TOWNS,ROAD,3,16.0
157809,1,2,135,5,1,80.0,0,N,MELB_URBAN,ROAD,2,11.0
157810,1,6,111,2,1,40.0,0,N,SMALL_TOWNS,ROAD,3,15.0
157811,1,5,121,1,1,60.0,0,N,MELB_URBAN,HIGHWAY,3,16.0
157812,4,6,171,5,1,60.0,0,N,MELB_URBAN,ROAD,3,15.0
157813,1,6,99,2,1,60.0,0,I,MELB_URBAN,ROAD,3,16.0
157814,1,6,160,5,1,60.0,0,N,LARGE_PROVINCIAL_CITIES,STREET,3,13.0
157815,1,2,130,2,1,60.0,0,N,LARGE_PROVINCIAL_CITIES,AVENUE,11,8.0
157816,1,6,111,1,1,50.0,0,I,MELB_URBAN,STREET,3,15.0
157817,1,5,130,1,2,60.0,0,I,SMALL_CITIES,AVENUE,3,18.0
157818,4,6,99,5,2,50.0,0,N,SMALL_CITIES,DRIVE,3,19.0
157819,1,6,132,2,1,60.0,0,I,MELB_URBAN,ROAD,3,17.0
157820,1,1,121,1,1,80.0,0,I,MELB_URBAN,HIGHWAY,12,16.0
157821,8,6,184,2,3,60.0,0,I,MELB_URBAN,OTHER,3,22.0
157822,1,6,121,2,3,60.0,0,I,MELB_URBAN,ROAD,3,21.0
157823,1,5,110,1,5,80.0,0,I,RURAL_VICTORIA,ROAD,3,23.0
157824,2,7,100,5,3,60.0,0,N,MELB_URBAN,ROAD,3,2.0
157825,1,7,160,5,3,60.0,0,N,MELB_URBAN,ROAD,3,1.0
157826,2,7,99,5,5,100.0,1,N,MELB_URBAN,ROAD,3,3.0
157827,1,6,134,5,2,60.0,0,N,MELB_URBAN,ROAD,3,6.0
157828,8,6,174,5,1,60.0,0,N,SMALL_CITIES,STREET,2,14.0
157829,1,6,121,1,1,60.0,0,I,MELB_URBAN,ROAD,3,9.0
157830,4,6,171,5,1,80.0,0,N,RURAL_VICTORIA,ROAD,3,7.0
157831,1,5,130,5,9,60.0,0,N,MELB_URBAN,DRIVE,3,17.0
157832,8,6,184,1,1,80.0,0,N,MELB_URBAN,FREEWAY,3,11.0
157833,1,2,130,1,1,80.0,0,N,MELB_URBAN,ROAD,2,17.0
157834,1,1,130,2,1,50.0,0,I,MELB_URBAN,ROAD,12,15.0
157835,1,3,130,5,1,70.0,0,N,MELB_URBAN,ROAD,3,9.0
157836,1,3,130,1,1,60.0,0,I,SMALL_CITIES,DRIVE,12,12.0
157837,8,7,174,1,1,60.0,0,I,LARGE_PROVINCIAL_CITIES,ROAD,3,12.0
157838,1,6,110,1,1,60.0,0,I,MELB_URBAN,ROAD,3,12.0
157839,2,7,102,5,1,60.0,0,N,MELB_URBAN,STREET,3,12.0
157840,1,7,134,5,1,80.0,0,N,MELB_URBAN,FREEWAY,3,10.0
157841,1,6,110,1,1,50.0,0,I,TOWNS,STREET,3,11.0
157842,4,7,181,5,1,40.0,0,N,RURAL_VICTORIA,DRIVE,3,13.0
157843,1,7,147,2,1,60.0,0,N,SMALL_CITIES,AVENUE,3,13.0
157844,2,5,99,2,2,40.0,0,I,MELB_URBAN,ROAD,3,17.0
157845,1,3,130,5,1,100.0,0,N,MELB_URBAN,FREEWAY,2,16.0
157846,1,6,99,5,1,50.0,0,N,LARGE_PROVINCIAL_CITIES,STREET,3,10.0
157847,1,5,99,2,2,40.0,0,I,MELB_URBAN,STREET,3,19.0
157848,1,5,130,1,1,60.0,0,I,LARGE_PROVINCIAL_CITIES,HIGHWAY,2,15.0
157849,1,1,116,2,1,40.0,0,I,MELB_URBAN,AVENUE,2,17.0
157850,1,6,120,2,1,60.0,0,N,MELB_URBAN,UNKNOWN,3,14.0
157851,1,6,120,2,1,50.0,0,N,MELB_URBAN,STREET,3,14.0
157852,1,7,113,2,1,60.0,0,I,MELB_URBAN,ROAD,3,16.0
157853,1,7,160,5,1,60.0,0,N,MELB_URBAN,HIGHWAY,3,16.0
157854,2,6,99,5,1,60.0,0,N,MELB_URBAN,ROAD,3,15.0
157855,4,7,99,5,1,60.0,0,N,MELB_URBAN,OTHER,3,12.0
157856,1,6,113,3,2,80.0,0,I,MELB_URBAN,RAMP,3,17.0
157857,1,7,130,5,1,100.0,0,N,MELB_URBAN,FREEWAY,3,16.0
157858,1,7,113,2,1,80.0,0,I,MELB_URBAN,ROAD,3,18.0
157859,1,7,99,2,1,50.0,0,N,MELB_URBAN,OTHER,3,18.0
157860,1,6,121,2,1,60.0,0,I,MELB_URBAN,ROAD,3,17.0
157861,1,6,130,5,1,110.0,0,N,RURAL_VICTORIA,FREEWAY,3,18.0
157862,4,7,183,5,1,100.0,0,N,RURAL_VICTORIA,ROAD,3,19.0
157863,4,7,181,5,5,100.0,0,N,RURAL_VICTORIA,ROAD,3,22.0
157864,6,7,174,5,1,60.0,0,N,LARGE_PROVINCIAL_CITIES,STREET,3,17.0
157865,2,7,99,5,3,60.0,0,N,TOWNS,ROAD,3,23.0
157866,1,7,130,1,3,80.0,0,I,MELB_URBAN,ROAD,3,4.0
157867,2,6,99,5,3,60.0,0,N,MELB_URBAN,STREET,3,21.0
157868,1,7,134,5,3,100.0,0,N,UNKNOWN,FREEWAY,3,23.0
157869,1,7,132,1,1,80.0,0,I,RURAL_VICTORIA,ROAD,2,12.0
157870,8,7,174,5,1,60.0,0,N,UNKNOWN,ROAD,3,11.0
157871,1,0,99,1,1,40.0,0,I,MELB_URBAN,OTHER,3,7.0
157872,4,1,183,5,1,80.0,0,N,RURAL_VICTORIA,ROAD,3,8.0
157873,1,1,160,5,1,50.0,0,N,MELB_URBAN,ROAD,3,8.0
157874,1,0,135,5,1,60.0,0,N,MELB_URBAN,ROAD,3,9.0
157875,1,0,121,5,1,60.0,0,N,MELB_URBAN,ROAD,3,11.0
157876,1,1,130,5,1,80.0,0,N,RURAL_VICTORIA,ROAD,3,11.0
157877,2,1,102,5,1,50.0,0,N,MELB_URBAN,ROAD,3,13.0
157878,4,1,173,5,1,100.0,0,N,RURAL_VICTORIA,ROAD,3,8.0
157879,1,0,121,2,1,100.0,0,I,MELB_URBAN,FREEWAY,3,12.0
157880,1,0,110,1,1,50.0,0,I,MELB_URBAN,STREET,3,12.0
157881,1,4,130,2,3,70.0,0,N,MELB_URBAN,ROAD,2,21.0
157882,4,7,181,5,1,80.0,0,N,RURAL_VICTORIA,ROAD,3,14.0
157883,1,5,130,5,1,100.0,0,N,MELB_URBAN,ROAD,2,17.0
157884,1,4,99,1,9,60.0,0,I,MELB_URBAN,STREET,3,8.0
157885,3,1,167,5,1,100.0,0,N,RURAL_VICTORIA,ROAD,3,14.0
157886,6,1,170,5,1,40.0,0,N,RURAL_VICTORIA,STREET,3,15.0
157887,4,1,171,2,3,60.0,0,I,MELB_URBAN,ROAD,3,1.0
157888,1,1,130,5,1,100.0,0,N,MELB_URBAN,FREEWAY,3,16.0
157889,4,1,173,5,1,100.0,1,N,RURAL_VICTORIA,ROAD,3,17.0
157890,1,1,120,5,1,80.0,0,N,RURAL_VICTORIA,HIGHWAY,3,15.0
157891,6,1,184,5,1,60.0,0,N,RURAL_VICTORIA,OTHER,3,18.0
157892,1,0,121,5,3,60.0,0,N,MELB_URBAN,ROAD,3,23.0
157893,1,1,99,5,1,60.0,0,N,MELB_URBAN,OTHER,3,12.0
157894,6,1,174,5,1,100.0,0,N,RURAL_VICTORIA,HIGHWAY,3,18.0
157895,1,1,130,5,1,70.0,0,N,RURAL_VICTORIA,ROAD,3,7.0
157896,4,0,173,5,1,80.0,0,N,MELB_URBAN,ROAD,3,15.0
157897,2,2,99,5,1,60.0,0,N,LARGE_PROVINCIAL_CITIES,STREET,3,8.0
157898,1,2,147,5,1,50.0,0,N,SMALL_CITIES,STREET,3,7.0
157899,6,2,174,2,1,60.0,0,I,MELB_URBAN,ROAD,2,18.0
157900,1,2,110,1,2,100.0,0,I,RURAL_VICTORIA,HIGHWAY,3,6.0
157901,1,3,130,2,1,80.0,0,I,MELB_URBAN,ROAD,12,9.0
157902,1,3,130,5,2,60.0,0,N,MELB_URBAN,STREET,12,6.0
157903,6,0,99,5,2,100.0,0,N,MELB_URBAN,FREEWAY,3,21.0
157904,1,1,130,5,1,100.0,0,N,MELB_URBAN,FREEWAY,3,8.0
157905,1,2,130,5,1,60.0,0,N,MELB_URBAN,AVENUE,3,10.0
157906,4,1,173,5,1,70.0,0,N,UNKNOWN,ROAD,3,10.0
157907,8,2,99,5,1,100.0,0,N,RURAL_VICTORIA,FREEWAY,3,11.0
157908,8,5,174,5,9,30.0,0,N,RURAL_VICTORIA,ROAD,9,16.0
157909,1,1,163,1,1,40.0,0,N,MELB_URBAN,STREET,3,11.0
157910,1,2,160,5,2,50.0,0,N,SMALL_CITIES,ROAD,2,6.0
157911,1,2,134,1,1,80.0,0,I,MELB_URBAN,ROAD,3,13.0
157912,1,2,110,1,1,60.0,0,I,LARGE_PROVINCIAL_CITIES,STREET,1,11.0
157913,1,2,99,5,1,60.0,0,N,MELB_URBAN,PARADE,3,9.0
157914,1,5,134,5,1,50.0,0,N,SMALL_CITIES,STREET,1,15.0
157915,1,5,121,4,3,60.0,0,I,MELB_URBAN,RAMP,3,22.0
157916,8,2,184,4,1,60.0,0,N,MELB_URBAN,DRIVE,3,6.0
157917,1,2,130,1,1,60.0,0,N,TOWNS,STREET,3,13.0
157918,1,5,130,5,9,60.0,0,N,MELB_URBAN,DRIVE,3,14.0
157919,1,2,130,5,1,80.0,0,N,MELB_URBAN,FREEWAY,3,10.0
157920,1,2,121,2,1,60.0,0,I,MELB_URBAN,STREET,3,13.0
157921,1,1,130,5,1,100.0,0,N,RURAL_VICTORIA,HIGHWAY,3,14.0
157922,1,1,130,5,1,80.0,0,N,UNKNOWN,RAMP,3,10.0
157923,1,2,135,5,1,60.0,0,N,MELB_URBAN,ROAD,2,8.0
157924,1,1,113,2,1,60.0,0,I,MELB_URBAN,ROAD,3,14.0
157925,1,4,130,5,1,100.0,0,N,MELB_URBAN,FREEWAY,2,16.0
157926,2,2,99,5,1,60.0,0,N,MELB_URBAN,ROAD,3,11.0
157927,1,2,113,2,1,80.0,0,N,MELB_URBAN,ROAD,3,16.0
157928,1,2,99,1,1,60.0,0,I,MELB_URBAN,DRIVE,2,9.0
157929,1,1,111,1,2,60.0,0,I,LARGE_PROVINCIAL_CITIES,STREET,3,17.0
157930,1,7,130,4,6,60.0,0,N,MELB_URBAN,ROAD,3,12.0
157931,1,1,110,1,1,50.0,0,I,MELB_URBAN,AVENUE,3,16.0
157932,1,1,110,1,1,60.0,0,I,MELB_URBAN,ROAD,3,13.0
157933,1,1,111,2,1,70.0,0,I,MELB_URBAN,ROAD,3,15.0
157934,1,2,99,2,1,60.0,0,I,MELB_URBAN,ROAD,3,15.0