,accident_type,day_of_week,dca_code,road_geometry,light_condition,speed_zone,severity,node_type,deg_urban_name,road_type,month,hour
157935,1,0,99,5,1,40.0,0,N,MELB_URBAN,ROAD,2,16.0
157936,1,1,113,2,1,60.0,0,I,MELB_URBAN,STREET,3,15.0
157937,1,2,99,5,1,40.0,0,N,MELB_URBAN,STREET,3,16.0
157938,1,7,130,2,9,60.0,0,N,MELB_URBAN,STREET,11,12.0
157939,1,1,130,5,1,90.0,0,N,MELB_URBAN,ROAD,3,17.0
157940,1,2,130,1,1,80.0,0,N,MELB_URBAN,ROAD,3,18.0
157941,1,1,130,5,1,100.0,0,N,MELB_URBAN,ROAD,2,17.0
157942,2,2,99,5,1,40.0,0,I,MELB_URBAN,STREET,3,14.0
157943,1,5,120,5,5,100.0,0,N,RURAL_VICTORIA,ROAD,3,22.0
157944,1,6,130,5,9,80.0,0,N,MELB_URBAN,RAMP,3,21.0
157945,1,5,113,2,1,60.0,0,I,MELB_URBAN,ROAD,3,8.0
157946,1,2,121,1,3,50.0,0,N,MELB_URBAN,ROAD,3,20.0
157947,1,5,130,1,1,60.0,0,N,MELB_URBAN,ROAD,3,16.0
157948,1,3,121,1,3,70.0,0,N,MELB_URBAN,ROAD,2,23.0
157949,1,2,121,5,1,60.0,0,N,MELB_URBAN,ROAD,3,15.0
157950,4,6,181,5,1,60.0,0,N,MELB_URBAN,STREET,3,13.0
157951,1,6,130,5,3,60.0,0,N,MELB_URBAN,ROAD,3,21.0
157952,6,2,174,5,3,60.0,0,N,MELB_URBAN,DRIVE,3,20.0
157953,2,1,100,5,1,40.0,0,N,TOWNS,UNKNOWN,1,16.0
157954,4,2,183,5,5,60.0,0,N,RURAL_VICTORIA,ROAD,3,22.0
157955,1,2,113,2,1,70.0,0,I,LARGE_PROVINCIAL_CITIES,HIGHWAY,3,17.0
157956,1,6,130,5,1,60.0,0,N,MELB_URBAN,ROAD,3,11.0
157957,1,6,99,1,1,60.0,0,I,MELB_URBAN,ROAD,2,13.0
157958,1,2,134,5,2,100.0,0,N,LARGE_PROVINCIAL_CITIES,ROAD,3,6.0
157959,1,3,110,1,2,110.0,0,I,RURAL_VICTORIA,FREEWAY,3,7.0
157960,1,7,140,5,1,60.0,0,N,MELB_URBAN,ROAD,3,10.0
157961,1,1,130,1,1,60.0,0,I,SMALL_TOWNS,STREET,3,15.0
157962,1,7,113,1,1,40.0,0,I,MELB_URBAN,ROAD,3,17.0
157963,4,2,99,5,2,60.0,0,N,TOWNS,STREET,3,8.0
157964,1,3,116,1,1,80.0,0,I,MELB_URBAN,ROAD,3,9.0
157965,4,3,181,5,2,60.0,0,N,MELB_URBAN,ROAD,3,7.0
157966,1,2,130,2,1,80.0,0,I,MELB_URBAN,HIGHWAY,3,13.0
157967,1,2,130,5,1,80.0,0,N,MELB_URBAN,RAMP,3,9.0
157968,1,3,99,5,1,50.0,0,N,MELB_URBAN,STREET,3,10.0
157969,1,3,113,2,1,60.0,0,I,MELB_URBAN,STREET,3,13.0
157970,1,3,111,1,1,40.0,0,I,MELB_URBAN,STREET,3,9.0
157971,1,3,113,2,1,60.0,0,I,MELB_URBAN,ROAD,3,10.0
157972,1,2,99,3,1,60.0,0,N,SMALL_CITIES,STREET,3,13.0
157973,1,2,121,2,1,80.0,0,I,MELB_URBAN,HIGHWAY,3,9.0
157974,1,3,99,5,1,40.0,0,N,RURAL_VICTORIA,ROAD,3,14.0
157975,1,3,120,5,1,100.0,0,N,RURAL_VICTORIA,HIGHWAY,3,14.0
157976,1,5,163,5,1,50.0,0,N,MELB_URBAN,STREET,3,13.0
157977,1,0,130,1,1,80.0,0,I,MELB_URBAN,ROAD,2,11.0
157978,1,3,130,1,1,70.0,0,N,MELB_URBAN,ROAD,2,19.0
157979,8,6,99,5,1,80.0,0,N,RURAL_VICTORIA,ROAD,2,15.0
157980,1,2,130,5,1,40.0,0,N,LARGE_PROVINCIAL_CITIES,STREET,3,15.0
157981,1,2,99,2,1,60.0,0,I,MELB_URBAN,ROAD,3,12.0
157982,2,3,102,5,1,50.0,0,N,MELB_URBAN,STREET,3,15.0
157983,2,2,99,2,1,50.0,0,N,SMALL_CITIES,STREET,3,15.0
157984,1,3,121,2,1,60.0,0,I,MELB_URBAN,ROAD,3,16.0
157985,8,1,174,5,1,80.0,0,N,RURAL_VICTORIA,OTHER,2,14.0
157986,4,3,173,5,1,110.0,1,N,RURAL_VICTORIA,HIGHWAY,3,13.0
157987,1,3,130,5,1,40.0,0,N,RURAL_VICTORIA,HIGHWAY,3,9.0
157988,4,2,181,5,1,100.0,0,N,RURAL_VICTORIA,ROAD,3,12.0
157989,1,3,160,5,1,40.0,0,N,MELB_URBAN,STREET,3,13.0
157990,8,3,174,2,1,70.0,0,I,MELB_URBAN,HIGHWAY,3,18.0
157991,1,2,121,2,1,60.0,0,I,MELB_URBAN,ROAD,3,15.0
157992,1,2,121,1,1,80.0,0,I,MELB_URBAN,ROAD,3,16.0
157993,1,2,110,1,1,60.0,0,I,LARGE_PROVINCIAL_CITIES,ROAD,3,16.0
157994,1,7,110,1,3,40.0,0,I,MELB_URBAN,STREET,3,22.0
157995,1,2,121,1,1,80.0,0,I,MELB_URBAN,ROAD,3,17.0
157996,1,2,130,1,1,50.0,0,I,MELB_URBAN,ROAD,3,16.0
157997,1,2,110,1,2,80.0,0,I,RURAL_VICTORIA,STREET,3,18.0
157998,1,1,99,2,9,50.0,0,I,MELB_URBAN,STREET,2,17.0
157999,3,5,167,5,5,60.0,0,N,UNKNOWN,HIGHWAY,1,22.0
158000,6,3,170,5,1,100.0,0,N,RURAL_VICTORIA,ROAD,3,16.0
158001,1,3,130,1,1,60.0,0,I,RURAL_VICTORIA,ROAD,3,15.0
158002,1,7,135,5,1,80.0,0,N,MELB_URBAN,FREEWAY,3,15.0
158003,8,3,174,1,3,40.0,0,I,MELBOURNE_CBD,OTHER,3,20.0
158004,1,2,99,2,3,50.0,0,I,MELB_URBAN,STREET,3,20.0
158005,1,2,110,1,2,60.0,0,I,MELB_URBAN,STREET,3,21.0
158006,1,3,147,5,2,60.0,0,N,MELB_URBAN,HIGHWAY,3,5.0
158007,4,7,173,2,1,40.0,0,N,MELB_URBAN,ROAD,1,15.0
158008,1,4,120,5,5,80.0,0,N,RURAL_VICTORIA,ROAD,3,1.0
158009,1,7,99,2,1,50.0,0,I,MELB_URBAN,ROAD,2,10.0
158010,1,3,130,5,3,40.0,0,N,MELB_URBAN,FREEWAY,3,2.0
158011,4,4,181,2,3,60.0,0,I,SMALL_CITIES,AVENUE,3,2.0
158012,4,4,171,5,3,80.0,0,N,MELB_URBAN,ROAD,3,4.0
158013,1,3,130,5,9,80.0,0,N,MELB_URBAN,HIGHWAY,12,15.0
158014,1,3,130,5,1,80.0,0,N,MELB_URBAN,ROAD,3,6.0
158015,1,4,130,5,5,100.0,0,N,MELB_URBAN,ROAD,3,6.0
158016,1,5,130,5,1,80.0,0,N,MELB_URBAN,ROAD,3,8.0
158017,1,3,130,5,1,60.0,0,N,MELB_URBAN,ROAD,3,17.0
158018,1,5,130,5,1,60.0,0,N,MELB_URBAN,ROAD,1,16.0
158019,1,3,113,2,2,60.0,0,I,MELB_URBAN,ROAD,2,6.0
158020,1,4,121,1,1,50.0,0,I,MELB_URBAN,ROAD,3,8.0
158021,1,3,110,1,1,100.0,0,I,MELB_URBAN,HIGHWAY,3,16.0
158022,1,4,110,1,1,50.0,0,I,TOWNS,DRIVE,3,8.0
158023,1,4,121,1,1,60.0,0,I,MELB_URBAN,ROAD,3,8.0
158024,4,4,171,2,1,50.0,0,I,LARGE_PROVINCIAL_CITIES,AVENUE,3,8.0
158025,1,2,113,2,1,80.0,0,N,MELB_URBAN,ROAD,3,9.0
158026,1,3,99,1,1,60.0,0,I,MELB_URBAN,ROAD,3,9.0
158027,1,4,110,1,1,60.0,0,I,MELB_URBAN,STREET,3,9.0
158028,4,3,171,5,1,50.0,0,N,TOWNS,ROAD,3,10.0
158029,1,3,130,2,1,40.0,0,N,MELB_URBAN,STREET,2,14.0
158030,6,3,174,5,1,60.0,0,N,RURAL_VICTORIA,OTHER,3,11.0
158031,4,4,173,5,1,100.0,0,N,RURAL_VICTORIA,ROAD,3,11.0
158032,1,4,173,5,1,50.0,0,N,MELB_URBAN,STREET,3,7.0
158033,1,6,110,1,1,60.0,0,I,MELB_URBAN,ROAD,2,10.0
158034,1,4,121,5,1,80.0,0,N,RURAL_VICTORIA,ROAD,3,12.0
158035,2,4,102,5,1,80.0,1,N,MELB_URBAN,ROAD,3,9.0
158036,8,1,174,5,1,100.0,0,N,RURAL_VICTORIA,ROAD,3,15.0
158037,1,2,121,1,1,60.0,0,N,MELB_URBAN,ROAD,3,11.0
158038,1,4,99,1,2,60.0,1,I,MELB_URBAN,ROAD,3,6.0
158039,1,4,147,5,1,60.0,0,N,MELB_URBAN,STREET,3,8.0
158040,1,4,160,5,1,50.0,0,N,MELB_URBAN,BOULEVARD,3,9.0
158041,1,4,160,5,1,60.0,0,N,MELB_URBAN,ROAD,3,12.0
158042,4,4,173,2,1,50.0,0,I,MELB_URBAN,DRIVE,3,11.0
158043,1,4,130,1,1,60.0,0,I,MELB_URBAN,ROAD,3,12.0
158044,1,4,113,2,1,80.0,0,N,MELB_URBAN,ROAD,3,13.0
158045,1,3,130,5,1,60.0,0,N,LARGE_PROVINCIAL_CITIES,ROAD,3,11.0
158046,7,4,99,1,1,60.0,0,N,MELB_URBAN,ROAD,2,11.0
158047,4,4,171,5,1,100.0,0,N,RURAL_VICTORIA,ROAD,3,14.0
158048,4,3,181,5,1,100.0,0,N,RURAL_VICTORIA,ROAD,3,13.0
158049,1,3,99,1,1,80.0,0,N,RURAL_VICTORIA,ROAD,3,10.0
158050,1,2,110,1,2,80.0,0,I,RURAL_VICTORIA,ROAD,1,8.0
158051,2,4,100,5,1,40.0,0,N,MELB_URBAN,ROAD,3,15.0
158052,1,3,130,2,1,60.0,0,I,MELB_URBAN,STREET,3,17.0
158053,1,5,130,1,1,80.0,0,I,MELB_URBAN,ROAD,3,20.0
158054,4,3,173,5,1,100.0,0,N,RURAL_VICTORIA,ROAD,3,12.0
158055,1,4,121,2,1,80.0,0,N,MELB_URBAN,ROAD,3,16.0
158056,8,6,170,5,1,70.0,0,N,LARGE_PROVINCIAL_CITIES,ROAD,12,13.0
158057,1,4,99,1,2,40.0,0,I,MELBOURNE_CBD,STREET,3,8.0
158058,1,3,121,2,1,60.0,0,I,MELB_URBAN,ROAD,3,17.0
158059,1,4,121,1,1,40.0,0,I,MELB_URBAN,STREET,3,16.0
158060,1,4,130,5,2,100.0,0,N,MELB_URBAN,FREEWAY,3,17.0
158061,1,4,130,5,1,100.0,0,N,MELB_URBAN,ROAD,3,17.0
158062,1,3,147,2,1,60.0,0,N,MELB_URBAN,ROAD,3,15.0
158063,1,4,116,1,1,50.0,0,I,MELB_URBAN,STREET,3,14.0
158064,1,4,113,1,1,60.0,0,I,MELB_URBAN,STREET,3,18.0
158065,2,6,100,5,1,40.0,0,I,MELB_URBAN,HIGHWAY,3,16.0
158066,2,3,99,5,2,40.0,0,N,MELB_URBAN,STREET,3,17.0
158067,7,4,99,5,2,40.0,0,N,MELB_URBAN,ROAD,3,18.0
158068,1,4,99,5,1,40.0,0,N,MELB_URBAN,ROAD,3,10.0
158069,1,3,116,1,1,50.0,0,N,SMALL_CITIES,STREET,3,18.0
158070,6,6,184,5,1,60.0,0,N,RURAL_VICTORIA,OTHER,11,13.0
158071,1,3,130,5,1,60.0,0,N,MELB_URBAN,ROAD,3,14.0
158072,1,4,130,5,1,80.0,0,N,MELB_URBAN,ROAD,3,18.0
158073,1,3,130,5,1,60.0,0,N,MELB_URBAN,ROAD,3,15.0
158074,1,3,110,1,2,50.0,0,I,MELB_URBAN,STREET,3,19.0
158075,8,3,99,5,2,100.0,0,N,RURAL_VICTORIA,ROAD,3,18.0
158076,4,4,181,5,5,100.0,0,N,RURAL_VICTORIA,ROAD,3,20.0
158077,1,2,163,5,2,40.0,0,N,MELBOURNE_CBD,STREET,3,20.0
158078,4,5,99,5,5,50.0,0,N,LARGE_PROVINCIAL_CITIES,AVENUE,3,2.0
158079,2,5,99,5,1,60.0,0,N,TOWNS,STREET,3,7.0
158080,1,5,121,1,1,50.0,0,I,MELB_URBAN,STREET,3,8.0
158081,1,4,120,5,2,80.0,0,N,RURAL_VICTORIA,ROAD,3,7.0
158082,1,5,120,5,1,60.0,0,N,MELB_URBAN,DRIVE,3,8.0
158083,1,5,134,5,1,100.0,0,N,MELB_URBAN,RAMP,3,7.0
158084,1,4,110,1,1,60.0,0,I,MELB_URBAN,ROAD,3,9.0
158085,6,5,174,1,1,50.0,0,I,LARGE_PROVINCIAL_CITIES,STREET,3,8.0
158086,1,1,110,1,2,40.0,0,I,LARGE_PROVINCIAL_CITIES,STREET,3,21.0
158087,1,5,130,5,1,50.0,0,N,LARGE_PROVINCIAL_CITIES,STREET,3,18.0
158088,1,5,130,2,1,80.0,0,N,MELB_URBAN,HIGHWAY,3,7.0
158089,1,3,113,2,2,80.0,0,I,MELB_URBAN,ROAD,3,19.0
158090,2,4,99,5,9,50.0,0,N,UNKNOWN,ROAD,2,11.0
158091,1,3,130,1,1,70.0,0,N,MELB_URBAN,ROAD,3,11.0
158092,1,1,121,1,1,60.0,0,N,MELB_URBAN,ROAD,3,17.0
158093,1,0,110,1,1,80.0,0,N,MELB_URBAN,ROAD,12,14.0
158094,2,4,99,2,1,40.0,0,I,MELB_URBAN,STREET,3,9.0
158095,1,5,132,2,1,60.0,0,I,MELB_URBAN,ROAD,3,12.0
158096,1,1,130,1,1,80.0,0,N,MELB_URBAN,HIGHWAY,2,13.0
158097,1,5,110,1,1,60.0,0,I,MELB_URBAN,ROAD,3,8.0
158098,1,4,99,5,1,100.0,0,N,RURAL_VICTORIA,ROAD,3,13.0
158099,1,6,110,1,1,50.0,0,I,MELB_URBAN,STREET,3,12.0
158100,4,5,171,5,1,60.0,0,N,MELB_URBAN,ROAD,3,8.0
158101,1,5,130,5,1,60.0,0,N,TOWNS,STREET,2,17.0
158102,1,2,99,2,1,60.0,0,N,MELB_URBAN,ROAD,3,14.0
158103,8,3,99,1,2,50.0,0,I,LARGE_PROVINCIAL_CITIES,STREET,3,20.0
158104,1,6,121,1,1,80.0,0,I,MELB_URBAN,OTHER,11,10.0
158105,3,5,167,5,1,100.0,0,N,RURAL_VICTORIA,ROAD,3,7.0
158106,1,5,130,5,1,60.0,0,N,LARGE_PROVINCIAL_CITIES,ROAD,3,12.0
158107,4,5,173,5,1,100.0,0,N,RURAL_VICTORIA,HIGHWAY,3,12.0
158108,1,4,121,5,1,50.0,0,N,LARGE_PROVINCIAL_CITIES,STREET,3,15.0
158109,2,4,99,5,1,50.0,0,N,SMALL_CITIES,STREET,3,16.0
158110,2,5,102,5,1,60.0,0,N,MELB_URBAN,ROAD,3,10.0
158111,1,5,171,5,1,80.0,0,N,MELB_URBAN,ROAD,3,15.0
158112,1,4,130,5,2,110.0,0,N,RURAL_VICTORIA,OTHER,3,18.0
158113,1,5,130,5,1,70.0,0,N,MELB_URBAN,ROAD,3,16.0
158114,1,4,133,5,1,60.0,0,N,MELB_URBAN,STREET,3,16.0
158115,1,4,130,5,1,50.0,0,N,LARGE_PROVINCIAL_CITIES,AVENUE,3,18.0
158116,2,5,100,2,1,60.0,0,N,MELB_URBAN,PARADE,3,16.0
158117,1,6,121,2,1,80.0,0,I,MELB_URBAN,HIGHWAY,2,10.0
158118,1,5,116,2,1,50.0,0,I,MELB_URBAN,AVENUE,3,16.0
158119,1,4,121,1,1,60.0,0,I,MELB_URBAN,ROAD,3,14.0
158120,1,4,130,1,1,60.0,0,N,MELB_URBAN,ROAD,3,15.0
158121,2,3,102,5,3,40.0,0,N,MELB_URBAN,STREET,3,23.0
158122,1,4,134,5,1,60.0,0,N,LARGE_PROVINCIAL_CITIES,STREET,3,18.0
158123,1,5,99,2,1,60.0,0,N,MELB_URBAN,ROAD,3,15.0
158124,7,5,99,5,1,100.0,0,N,RURAL_VICTORIA,ROAD,3,18.0
158125,1,5,113,1,1,60.0,0,I,TOWNS,STREET,3,16.0
158126,1,4,110,1,2,60.0,0,N,MELB_URBAN,ROAD,3,19.0
158127,1,5,110,1,1,60.0,0,I,MELB_URBAN,ROAD,3,15.0
158128,1,5,110,1,1,50.0,0,I,LARGE_PROVINCIAL_CITIES,STREET,3,18.0
158129,8,5,174,1,3,60.0,0,I,MELB_URBAN,BOULEVARD,3,20.0
158130,1,5,121,4,1,60.0,0,N,MELB_URBAN,RAMP,3,7.0
158131,2,4,99,5,1,50.0,0,N,SMALL_CITIES,STREET,3,17.0
158132,1,5,121,2,3,70.0,0,I,MELB_URBAN,ROAD,3,22.0
158133,1,4,130,5,1,50.0,0,N,MELB_URBAN,STREET,3,16.0
158134,4,5,171,5,3,80.0,0,N,RURAL_VICTORIA,ROAD,3,5.0
158135,2,5,100,1,3,70.0,0,N,MELB_URBAN,STREET,3,0.0
158136,1,6,121,5,1,60.0,0,N,MELB_URBAN,ROAD,2,15.0
158137,1,4,110,1,3,60.0,0,I,MELB_URBAN,STREET,3,22.0
158138,1,5,111,2,5,80.0,0,I,MELB_URBAN,ROAD,3,2.0
158139,1,4,133,5,1,80.0,0,N,MELB_URBAN,ROAD,2,12.0
158140,4,5,183,5,3,40.0,1,N,RURAL_VICTORIA,DRIVE,3,21.0
158141,2,6,99,5,6,60.0,0,N,MELB_URBAN,DRIVE,2,23.0
158142,4,3,99,4,1,100.0,0,I,RURAL_VICTORIA,RAMP,11,6.0
158143,1,6,121,1,2,60.0,0,I,MELB_URBAN,ROAD,3,6.0
158144,1,3,99,1,2,50.0,0,I,MELB_URBAN,STREET,2,8.0
158145,4,5,173,5,1,110.0,0,N,SMALL_CITIES,FREEWAY,3,9.0
158146,1,6,147,5,1,50.0,0,N,MELB_URBAN,STREET,12,10.0
158147,4,2,181,5,1,80.0,0,N,RURAL_VICTORIA,OTHER,1,10.0
158148,1,6,130,5,2,100.0,0,N,MELB_URBAN,FREEWAY,3,7.0
158149,1,2,130,5,1,60.0,0,N,RURAL_VICTORIA,ROAD,3,17.0
158150,1,1,110,1,1,50.0,0,I,MELB_URBAN,STREET,2,6.0
158151,1,4,130,5,1,60.0,0,N,MELB_URBAN,DRIVE,3,15.0
158152,1,6,134,2,1,80.0,0,I,MELB_URBAN,AVENUE,3,7.0
158153,1,4,121,1,2,70.0,0,I,MELB_URBAN,DRIVE,3,17.0
158154,1,5,110,1,1,40.0,0,I,MELB_URBAN,STREET,3,10.0
158155,1,5,130,2,1,80.0,0,I,RURAL_VICTORIA,ROAD,3,9.0
158156,1,5,121,5,1,40.0,0,N,MELBOURNE_CBD,STREET,3,12.0
158157,4,6,173,5,1,100.0,0,N,RURAL_VICTORIA,HIGHWAY,3,8.0
158158,6,5,174,5,1,40.0,0,N,RURAL_VICTORIA,ROAD,3,17.0
158159,1,6,147,5,1,60.0,0,N,MELB_URBAN,ROAD,3,13.0
158160,1,5,113,2,1,70.0,0,I,MELB_URBAN,ROAD,3,11.0
158161,1,3,130,5,1,80.0,0,N,MELB_URBAN,HIGHWAY,2,17.0
158162,1,6,130,5,1,100.0,0,N,MELB_URBAN,FREEWAY,3,12.0
158163,1,5,121,5,1,30.0,0,I,MELB_URBAN,DRIVE,3,12.0
158164,4,2,171,2,1,80.0,0,I,MELB_URBAN,ROAD,2,15.0
158165,1,7,132,2,1,60.0,0,I,MELB_URBAN,ROAD,3,18.0
158166,1,6,113,2,1,100.0,0,I,RURAL_VICTORIA,HIGHWAY,3,9.0
158167,1,6,113,2,1,80.0,0,I,MELB_URBAN,DRIVE,3,14.0
158168,1,6,135,5,1,60.0,0,N,MELB_URBAN,STREET,3,14.0
158169,1,6,116,1,1,60.0,0,I,LARGE_PROVINCIAL_CITIES,ROAD,3,13.0
158170,1,6,130,5,1,60.0,0,N,UNKNOWN,ROAD,3,15.0
158171,1,5,130,2,9,80.0,0,N,MELB_URBAN,ROAD,3,17.0
158172,1,6,111,1,1,100.0,0,I,RURAL_VICTORIA,ROAD,3,10.0
158173,1,6,99,5,1,50.0,0,N,MELB_URBAN,STREET,3,15.0
158174,4,6,171,5,1,100.0,0,N,RURAL_VICTORIA,UNKNOWN,3,15.0
158175,1,4,99,2,1,60.0,0,N,MELB_URBAN,ROAD,2,18.0
158176,1,2,163,5,1,40.0,0,N,MELB_URBAN,STREET,2,13.0
158177,2,5,102,1,1,50.0,0,I,SMALL_CITIES,STREET,3,15.0
158178,1,5,99,5,1,60.0,0,N,MELB_URBAN,ROAD,3,18.0
158179,1,6,132,2,1,60.0,0,I,MELB_URBAN,AVENUE,3,18.0
158180,1,6,130,5,1,100.0,0,N,RURAL_VICTORIA,HIGHWAY,3,17.0
158181,1,5,147,5,1,60.0,0,N,RURAL_VICTORIA,PARADE,3,16.0
158182,1,2,111,1,2,40.0,0,N,MELB_URBAN,ROAD,3,5.0
158183,1,6,99,5,1,60.0,0,N,RURAL_VICTORIA,ROAD,3,17.0
158184,4,6,173,2,1,50.0,0,I,MELB_URBAN,OTHER,3,18.0
158185,1,6,121,1,2,80.0,0,I,MELB_URBAN,ROAD,3,17.0
158186,1,1,130,1,1,60.0,0,I,MELB_URBAN,ROAD,1,13.0
158187,1,5,130,5,2,60.0,0,N,MELB_URBAN,ROAD,3,19.0
158188,1,5,130,5,5,100.0,0,N,RURAL_VICTORIA,HIGHWAY,3,20.0
158189,8,6,174,2,1,50.0,0,I,MELB_URBAN,STREET,3,20.0
158190,1,5,130,5,1,80.0,0,N,MELB_URBAN,FREEWAY,3,13.0
158191,1,6,140,5,5,100.0,0,N,RURAL_VICTORIA,HIGHWAY,3,21.0
158192,4,7,183,5,1,50.0,0,N,TOWNS,AVENUE,3,9.0
158193,6,7,184,5,1,80.0,0,N,RURAL_VICTORIA,ROAD,3,10.0
158194,1,7,134,5,1,40.0,0,N,RURAL_VICTORIA,ROAD,3,10.0
158195,4,6,171,5,1,80.0,0,N,RURAL_VICTORIA,ROAD,3,10.0
158196,1,6,99,5,1,30.0,0,N,MELB_URBAN,STREET,3,12.0
158197,6,6,174,5,1,80.0,0,N,MELB_URBAN,ROAD,3,11.0
158198,1,7,99,5,1,100.0,0,N,RURAL_VICTORIA,ROAD,3,11.0
158199,4,7,171,5,1,60.0,0,N,MELB_URBAN,ROAD,3,11.0
158200,1,6,99,5,1,60.0,0,N,MELB_URBAN,ROAD,3,11.0
158201,8,1,99,5,1,60.0,0,N,RURAL_VICTORIA,ROAD,1,14.0
158202,1,7,130,5,1,50.0,0,N,MELB_URBAN,ROAD,3,11.0
158203,1,7,99,1,1,40.0,0,N,MELB_URBAN,STREET,3,11.0
158204,8,6,170,5,1,80.0,0,N,RURAL_VICTORIA,ROAD,1,13.0
158205,1,6,132,1,2,40.0,0,I,MELBOURNE_CBD,STREET,2,21.0
158206,1,7,99,5,1,50.0,0,N,TOWNS,ROAD,3,12.0
158207,4,7,183,5,2,100.0,1,N,RURAL_VICTORIA,ROAD,3,5.0
158208,1,7,121,5,1,60.0,0,N,SMALL_CITIES,ROAD,3,10.0
158209,6,7,174,5,1,60.0,0,N,TOWNS,STREET,3,13.0
158210,1,6,130,1,2,40.0,0,I,MELB_URBAN,STREET,3,20.0
158211,1,6,160,5,1,50.0,0,N,MELB_URBAN,AVENUE,3,12.0
158212,1,7,134,5,1,80.0,0,N,MELB_URBAN,ROAD,3,10.0
158213,4,6,171,1,3,60.0,0,I,MELB_URBAN,STREET,3,23.0
158214,4,6,173,5,1,60.0,0,N,MELB_URBAN,ROAD,3,14.0
158215,1,6,120,5,1,60.0,0,N,MELB_URBAN,STREET,3,14.0
158216,6,7,184,5,1,60.0,0,N,UNKNOWN,ROAD,3,13.0
158217,3,7,167,5,1,100.0,0,N,RURAL_VICTORIA,ROAD,3,15.0
158218,4,7,171,5,1,80.0,0,N,RURAL_VICTORIA,ROAD,3,15.0
158219,1,7,130,5,1,60.0,0,N,MELB_URBAN,ROAD,3,16.0
158220,1,7,130,5,1,70.0,0,N,MELB_URBAN,ROAD,3,17.0
158221,1,6,130,5,1,80.0,0,N,MELB_URBAN,HIGHWAY,3,13.0
158222,1,7,99,5,1,100.0,0,N,MELB_URBAN,RAMP,3,18.0
158223,4,6,99,5,2,100.0,0,N,RURAL_VICTORIA,ROAD,3,19.0
158224,2,6,100,5,1,40.0,0,N,MELB_URBAN,STREET,3,16.0
158225,1,6,120,5,1,50.0,0,N,MELB_URBAN,DRIVE,3,14.0
158226,4,6,181,5,6,50.0,0,N,MELB_URBAN,AVENUE,3,23.0
158227,1,2,121,1,1,60.0,0,I,TOWNS,FREEWAY,2,13.0
158228,4,7,173,5,5,100.0,0,N,RURAL_VICTORIA,ROAD,3,22.0
158229,1,6,121,1,3,70.0,0,I,RURAL_VICTORIA,ROAD,3,22.0
158230,4,7,171,5,5,100.0,0,N,RURAL_VICTORIA,HIGHWAY,3,23.0
158231,1,6,113,2,3,60.0,0,I,MELB_URBAN,STREET,3,22.0
158232,4,0,99,2,3,60.0,0,I,RURAL_VICTORIA,STREET,3,2.0
158233,1,1,99,5,5,110.0,0,N,RURAL_VICTORIA,FREEWAY,3,4.0
158234,1,7,120,5,1,100.0,0,N,RURAL_VICTORIA,ROAD,3,19.0
158235,4,6,99,1,2,60.0,0,I,RURAL_VICTORIA,ROAD,3,21.0
158236,4,1,171,5,1,80.0,0,N,RURAL_VICTORIA,ROAD,3,7.0
158237,1,0,110,1,1,50.0,0,I,TOWNS,PARADE,3,10.0
158238,6,7,99,5,1,100.0,0,N,RURAL_VICTORIA,HIGHWAY,3,15.0
158239,1,0,110,1,1,50.0,0,N,MELB_URBAN,OTHER,3,11.0
158240,6,1,174,5,1,40.0,0,N,MELBOURNE_CBD,STREET,3,12.0
158241,1,7,99,2,1,60.0,0,I,MELB_URBAN,STREET,3,14.0
158242,1,1,113,2,1,80.0,0,I,MELB_URBAN,ROAD,3,10.0
158243,1,1,110,1,1,50.0,0,N,SMALL_TOWNS,STREET,3,12.0
158244,1,0,130,4,1,60.0,0,I,MELB_URBAN,HIGHWAY,3,12.0
158245,4,0,99,2,6,80.0,0,I,MELB_URBAN,STREET,3,6.0
158246,1,0,160,5,1,40.0,0,N,MELB_URBAN,ROAD,3,12.0
158247,1,5,130,5,1,60.0,0,N,MELB_URBAN,ROAD,3,8.0
158248,1,6,130,5,2,80.0,0,N,MELB_URBAN,RAMP,3,6.0
158249,2,2,100,2,1,60.0,0,I,MELB_URBAN,ROAD,3,9.0
158250,1,1,132,5,1,60.0,0,N,MELB_URBAN,DRIVE,3,9.0
158251,1,0,130,5,1,100.0,0,N,MELB_URBAN,FREEWAY,2,19.0
158252,7,6,99,5,2,60.0,0,N,RURAL_VICTORIA,ROAD,3,17.0
158253,4,0,99,5,1,100.0,0,N,RURAL_VICTORIA,ROAD,3,12.0
158254,1,1,130,5,1,80.0,0,N,MELB_URBAN,ROAD,3,15.0
158255,6,6,184,5,1,60.0,0,N,RURAL_VICTORIA,HIGHWAY,3,15.0
158256,1,1,130,1,1,100.0,0,N,MELB_URBAN,ROAD,3,16.0
158257,1,1,130,2,1,80.0,0,I,MELB_URBAN,HIGHWAY,3,16.0
158258,1,1,120,5,1,70.0,0,N,MELB_URBAN,ROAD,3,16.0
158259,1,0,130,1,1,80.0,0,I,MELB_URBAN,ROAD,3,17.0
158260,1,1,130,1,1,80.0,0,I,MELB_URBAN,STREET,3,18.0
158261,1,1,110,1,1,60.0,0,I,LARGE_PROVINCIAL_CITIES,STREET,3,16.0