,accident_type,day_of_week,dca_code,road_geometry,light_condition,speed_zone,severity,node_type,deg_urban_name,road_type,month,hour
158262,1,1,113,4,1,80.0,0,I,MELB_URBAN,HIGHWAY,3,16.0
158263,2,0,99,2,2,60.0,0,N,MELB_URBAN,ROAD,3,18.0
158264,8,1,174,5,1,100.0,0,N,RURAL_VICTORIA,HIGHWAY,3,16.0
158265,1,1,130,5,3,60.0,0,N,MELB_URBAN,FREEWAY,3,19.0
158266,1,2,99,2,1,40.0,0,I,MELB_URBAN,UNKNOWN,3,12.0
158267,1,0,130,5,2,100.0,0,N,MELB_URBAN,UNKNOWN,3,21.0
158268,6,1,174,5,3,50.0,0,N,MELB_URBAN,STREET,3,21.0
158269,4,1,171,1,3,50.0,0,N,MELB_URBAN,AVENUE,3,21.0
158270,1,3,113,2,1,60.0,0,I,MELB_URBAN,ROAD,2,7.0
158271,3,2,167,5,5,80.0,0,N,RURAL_VICTORIA,ROAD,3,3.0
158272,1,5,133,1,1,40.0,0,I,MELB_URBAN,ROAD,3,12.0
158273,1,4,113,4,1,80.0,0,I,MELB_URBAN,RAMP,2,19.0
158274,1,4,130,5,1,40.0,0,N,MELB_URBAN,OTHER,3,17.0
158275,1,2,113,1,1,70.0,0,I,MELB_URBAN,ROAD,3,8.0
158276,1,6,113,2,1,80.0,0,I,RURAL_VICTORIA,ROAD,3,12.0
158277,4,2,171,5,1,110.0,0,N,RURAL_VICTORIA,FREEWAY,3,8.0
158278,1,1,133,5,1,80.0,0,N,MELB_URBAN,OTHER,3,17.0
158279,4,3,171,5,1,60.0,0,N,RURAL_VICTORIA,ROAD,2,8.0
158280,1,1,110,1,1,80.0,0,N,MELB_URBAN,ROAD,3,9.0
158281,4,2,183,5,2,100.0,0,N,RURAL_VICTORIA,ROAD,3,7.0
158282,1,2,130,3,1,40.0,0,I,RURAL_VICTORIA,RAMP,10,14.0
158283,1,2,160,5,2,70.0,0,N,MELB_URBAN,ROAD,3,7.0
158284,6,6,99,5,5,80.0,0,N,RURAL_VICTORIA,ROAD,3,20.0
158285,1,1,130,5,1,80.0,0,N,RURAL_VICTORIA,ROAD,3,11.0
158286,1,2,113,2,1,80.0,0,N,MELB_URBAN,ROAD,3,8.0
158287,4,5,99,2,2,80.0,0,I,MELB_URBAN,ROAD,3,18.0
158288,2,1,102,1,1,60.0,0,I,MELB_URBAN,ROAD,3,10.0
158289,1,1,110,1,1,60.0,0,I,TOWNS,OTHER,3,12.0
158290,2,2,99,5,1,50.0,0,N,TOWNS,PARADE,3,10.0
158291,1,2,113,2,1,60.0,0,I,MELB_URBAN,ROAD,3,10.0
158292,1,2,110,1,1,60.0,0,I,MELB_URBAN,ROAD,3,10.0
158293,1,1,99,2,1,60.0,0,I,MELB_URBAN,BOULEVARD,3,12.0
158294,1,2,99,5,1,60.0,0,N,RURAL_VICTORIA,ROAD,3,11.0
158295,1,1,110,1,1,60.0,0,I,MELB_URBAN,STREET,3,13.0
158296,4,1,171,2,1,70.0,0,N,MELB_URBAN,ROAD,3,13.0
158297,4,1,173,5,1,100.0,0,N,RURAL_VICTORIA,ROAD,3,11.0
158298,4,1,181,5,1,100.0,0,N,RURAL_VICTORIA,ROAD,3,11.0
158299,4,1,171,5,5,80.0,0,N,RURAL_VICTORIA,ROAD,3,21.0
158300,4,6,181,2,5,100.0,0,N,RURAL_VICTORIA,ROAD,2,21.0
158301,4,0,171,5,3,100.0,0,N,MELB_URBAN,RAMP,3,5.0
158302,1,2,99,1,1,40.0,0,I,MELB_URBAN,STREET,3,15.0
158303,4,2,181,5,1,60.0,0,N,MELB_URBAN,DRIVE,3,16.0
158304,1,2,147,5,1,80.0,0,N,MELB_URBAN,ROAD,3,12.0
158305,1,2,130,5,1,110.0,0,N,SMALL_CITIES,FREEWAY,3,15.0
158306,1,2,121,2,1,80.0,0,I,MELB_URBAN,ROAD,3,17.0
158307,1,2,116,4,1,60.0,0,I,LARGE_PROVINCIAL_CITIES,ROAD,3,17.0
158308,1,1,130,1,3,70.0,0,I,MELB_URBAN,ROAD,3,0.0
158309,1,1,130,2,2,60.0,0,I,RURAL_VICTORIA,ROAD,3,18.0
158310,2,1,99,5,3,60.0,0,N,MELB_URBAN,ROAD,3,20.0
158311,1,3,132,5,1,40.0,0,N,MELB_URBAN,STREET,2,14.0
158312,1,2,132,3,1,60.0,0,I,MELB_URBAN,ROAD,3,16.0
158313,1,2,113,2,1,80.0,0,I,MELB_URBAN,ROAD,3,16.0
158314,1,2,130,5,1,70.0,0,N,MELB_URBAN,ROAD,3,13.0
158315,1,2,110,1,3,60.0,0,I,MELB_URBAN,ROAD,3,21.0
158316,8,2,99,5,1,100.0,0,N,RURAL_VICTORIA,ROAD,3,16.0
158317,1,2,110,1,3,70.0,0,I,MELB_URBAN,ROAD,3,23.0
158318,1,3,130,5,3,100.0,0,N,MELB_URBAN,FREEWAY,3,2.0
158319,1,1,99,5,5,50.0,0,N,MELB_URBAN,STREET,3,23.0
158320,3,2,167,1,2,80.0,0,N,RURAL_VICTORIA,ROAD,3,5.0
158321,1,2,171,5,3,50.0,0,N,MELB_URBAN,STREET,3,23.0
158322,1,3,113,1,3,60.0,0,I,MELB_URBAN,STREET,3,6.0
158323,4,2,183,5,1,50.0,0,N,RURAL_VICTORIA,ROAD,3,14.0
158324,1,1,99,5,2,60.0,0,N,RURAL_VICTORIA,ROAD,3,7.0
158325,2,3,99,2,1,50.0,0,I,TOWNS,STREET,3,9.0
158326,1,2,130,5,1,60.0,0,N,MELB_URBAN,STREET,3,9.0
158327,8,1,184,5,1,60.0,0,N,LARGE_PROVINCIAL_CITIES,ROAD,3,15.0
158328,1,0,130,2,1,60.0,0,I,MELB_URBAN,ROAD,2,10.0
158329,6,0,174,5,1,80.0,0,N,RURAL_VICTORIA,ROAD,3,13.0
158330,1,3,99,1,2,40.0,0,I,MELB_URBAN,STREET,3,7.0
158331,4,0,181,5,1,60.0,0,N,RURAL_VICTORIA,ROAD,10,13.0
158332,1,2,130,1,1,60.0,0,N,MELB_URBAN,ROAD,3,14.0
158333,4,2,173,5,1,110.0,0,N,SMALL_TOWNS,FREEWAY,3,10.0
158334,1,2,121,2,1,60.0,0,I,MELB_URBAN,ROAD,3,9.0
158335,1,4,121,2,1,80.0,0,I,MELB_URBAN,ROAD,3,18.0
158336,1,1,99,2,1,100.0,0,I,SMALL_TOWNS,HIGHWAY,2,15.0
158337,4,3,173,2,1,60.0,0,I,MELB_URBAN,ROAD,2,6.0
158338,4,3,181,5,1,100.0,0,N,RURAL_VICTORIA,ROAD,3,9.0
158339,1,2,130,5,1,60.0,0,N,MELB_URBAN,ROAD,3,8.0
158340,1,5,130,5,2,60.0,0,N,MELB_URBAN,ROAD,3,17.0
158341,1,2,120,5,1,100.0,0,N,RURAL_VICTORIA,ROAD,3,7.0
158342,1,6,134,4,1,40.0,0,I,RURAL_VICTORIA,DRIVE,2,15.0
158343,4,2,181,2,1,60.0,0,I,MELB_URBAN,ROAD,3,10.0
158344,1,3,110,1,2,80.0,0,I,MELB_URBAN,HIGHWAY,3,6.0
158345,1,2,163,5,1,60.0,0,N,MELB_URBAN,STREET,3,15.0
158346,1,1,130,5,1,60.0,0,N,MELB_URBAN,FREEWAY,2,16.0
158347,1,3,113,2,1,60.0,0,I,MELB_URBAN,ROAD,3,12.0
158348,1,3,121,1,1,60.0,0,I,TOWNS,STREET,3,12.0
158349,1,3,130,5,1,80.0,0,N,MELB_URBAN,ROAD,3,10.0
158350,1,3,130,5,1,70.0,0,N,MELB_URBAN,ROAD,3,11.0
158351,1,3,99,1,1,50.0,0,I,TOWNS,STREET,3,10.0
158352,1,0,130,5,1,50.0,0,N,MELB_URBAN,STREET,2,10.0
158353,5,3,99,5,5,100.0,0,N,RURAL_VICTORIA,ROAD,3,7.0
158354,6,4,99,5,1,60.0,0,N,RURAL_VICTORIA,OTHER,1,15.0
158355,1,2,160,5,6,60.0,0,N,LARGE_PROVINCIAL_CITIES,STREET,10,20.0
158356,1,3,160,5,1,50.0,0,N,MELB_URBAN,ROAD,3,14.0
158357,4,3,181,5,1,100.0,1,N,RURAL_VICTORIA,HIGHWAY,3,8.0
158358,6,4,174,5,1,100.0,0,N,MELB_URBAN,RAMP,3,16.0
158359,1,4,130,5,1,100.0,0,N,MELB_URBAN,FREEWAY,8,6.0
158360,4,1,173,1,3,60.0,0,N,MELB_URBAN,ROAD,12,4.0
158361,4,1,183,5,1,80.0,0,N,RURAL_VICTORIA,ROAD,3,17.0
158362,1,2,130,5,1,100.0,0,N,MELB_URBAN,ROAD,3,13.0
158363,1,3,110,1,1,60.0,0,I,LARGE_PROVINCIAL_CITIES,ROAD,3,15.0
158364,1,3,116,1,1,80.0,0,I,MELB_URBAN,ROAD,3,16.0
158365,8,3,174,5,1,60.0,0,N,MELB_URBAN,ROAD,3,15.0
158366,1,3,132,1,1,80.0,0,N,MELB_URBAN,HIGHWAY,3,16.0
158367,1,3,99,5,1,60.0,0,N,MELB_URBAN,ROAD,3,13.0
158368,1,3,110,1,1,80.0,0,I,RURAL_VICTORIA,ROAD,3,15.0
158369,1,3,113,2,1,40.0,0,I,MELB_URBAN,ROAD,3,18.0
158370,6,3,184,5,2,60.0,0,I,RURAL_VICTORIA,ROAD,3,18.0
158371,1,3,113,1,1,60.0,0,I,MELB_URBAN,DRIVE,3,10.0
158372,6,5,99,5,1,60.0,0,N,RURAL_VICTORIA,ROAD,2,9.0
158373,1,2,130,5,1,60.0,0,N,MELB_URBAN,ROAD,3,18.0
158374,1,2,130,5,2,60.0,0,N,MELB_URBAN,ROAD,3,20.0
158375,7,2,99,5,1,100.0,0,N,RURAL_VICTORIA,HIGHWAY,3,15.0
158376,1,3,99,5,2,40.0,0,N,MELB_URBAN,STREET,3,6.0
158377,4,3,181,5,5,80.0,0,N,RURAL_VICTORIA,ROAD,3,22.0
158378,4,4,183,5,3,60.0,0,I,MELB_URBAN,OTHER,3,4.0
158379,4,6,99,5,5,60.0,0,N,RURAL_VICTORIA,OTHER,2,22.0
158380,6,4,170,5,6,60.0,0,N,RURAL_VICTORIA,ROAD,3,5.0
158381,1,4,130,1,1,60.0,0,I,MELB_URBAN,OTHER,3,6.0
158382,4,0,181,5,1,100.0,0,N,RURAL_VICTORIA,ROAD,3,16.0
158383,1,5,130,5,1,80.0,0,N,MELB_URBAN,ROAD,3,13.0
158384,2,4,102,5,1,60.0,0,N,LARGE_PROVINCIAL_CITIES,STREET,3,8.0
158385,2,2,102,1,1,50.0,0,I,TOWNS,STREET,3,15.0
158386,1,2,130,2,1,60.0,0,N,LARGE_PROVINCIAL_CITIES,STREET,3,17.0
158387,1,3,120,5,1,100.0,0,N,RURAL_VICTORIA,HIGHWAY,3,15.0
158388,3,1,167,5,5,80.0,0,N,RURAL_VICTORIA,HIGHWAY,3,2.0
158389,1,2,110,1,2,70.0,0,N,MELB_URBAN,ROAD,3,19.0
158390,1,7,113,1,1,40.0,1,N,MELB_URBAN,STREET,3,11.0
158391,2,3,99,5,1,50.0,0,N,SMALL_CITIES,ROAD,3,11.0
158392,1,4,130,5,1,60.0,0,N,MELB_URBAN,ROAD,3,8.0
158393,4,3,171,5,1,50.0,0,N,MELB_URBAN,ROAD,3,12.0
158394,1,4,132,2,1,60.0,0,I,SMALL_TOWNS,ROAD,3,11.0
158395,8,0,174,1,2,40.0,0,I,MELB_URBAN,STREET,3,19.0
158396,4,4,171,2,1,60.0,0,I,MELB_URBAN,ROAD,3,12.0
158397,1,4,99,5,1,60.0,0,N,MELB_URBAN,ROAD,3,10.0
158398,1,3,99,5,3,60.0,0,N,MELB_URBAN,ROAD,3,6.0
158399,1,7,121,1,1,60.0,0,I,MELB_URBAN,HIGHWAY,2,17.0
158400,4,5,171,5,9,60.0,0,N,MELB_URBAN,DRIVE,3,6.0
158401,6,6,174,5,9,60.0,0,N,SMALL_TOWNS,STREET,3,20.0
158402,4,6,181,5,1,80.0,0,N,RURAL_VICTORIA,HIGHWAY,3,14.0
158403,1,4,116,1,2,60.0,0,I,MELB_URBAN,ROAD,2,6.0
158404,1,4,130,5,1,100.0,0,N,MELB_URBAN,ROAD,3,15.0
158405,1,4,121,5,1,60.0,0,N,SMALL_CITIES,STREET,3,16.0
158406,2,2,100,1,2,60.0,0,N,MELB_URBAN,ROAD,3,6.0
158407,1,4,120,5,1,60.0,0,N,TOWNS,STREET,3,16.0
158408,1,4,110,1,1,50.0,0,I,MELB_URBAN,STREET,3,17.0
158409,1,4,120,5,1,70.0,0,N,MELB_URBAN,ROAD,3,16.0
158410,1,0,130,5,1,80.0,0,N,RURAL_VICTORIA,HIGHWAY,3,11.0
158411,1,4,113,2,2,70.0,0,I,TOWNS,HIGHWAY,3,18.0
158412,1,3,130,1,2,70.0,0,N,MELB_URBAN,ROAD,3,5.0
158413,4,3,173,5,3,60.0,0,N,MELB_URBAN,ROAD,3,19.0
158414,1,4,113,2,1,60.0,0,I,MELB_URBAN,ROAD,3,17.0
158415,2,4,99,5,1,30.0,0,O,SMALL_CITIES,STREET,3,14.0
158416,1,4,163,1,2,40.0,0,N,MELBOURNE_CBD,STREET,3,19.0
158417,6,4,174,5,3,40.0,0,N,MELB_URBAN,STREET,3,21.0
158418,2,4,99,1,9,60.0,0,I,MELBOURNE_CBD,STREET,3,12.0
158419,1,3,110,1,3,60.0,0,I,RURAL_VICTORIA,ROAD,3,20.0
158420,2,4,99,5,1,50.0,0,N,RURAL_VICTORIA,STREET,3,17.0
158421,1,2,121,2,1,60.0,0,I,MELB_URBAN,ROAD,2,8.0
158422,4,4,173,5,5,80.0,0,N,MELB_URBAN,ROAD,3,3.0
158423,4,4,171,5,5,60.0,0,N,MELB_URBAN,ROAD,3,23.0
158424,1,4,130,1,1,80.0,0,I,SMALL_TOWNS,HIGHWAY,2,8.0
158425,1,6,110,1,1,60.0,0,N,MELB_URBAN,STREET,3,9.0
158426,3,7,167,5,1,60.0,0,N,RURAL_VICTORIA,AVENUE,3,10.0
158427,8,1,174,2,1,60.0,0,I,MELB_URBAN,OTHER,7,13.0
158428,1,5,99,2,1,70.0,0,I,MELB_URBAN,HIGHWAY,3,9.0
158429,1,5,130,5,1,50.0,0,N,MELB_URBAN,ROAD,3,17.0
158430,1,5,130,9,1,60.0,0,N,MELB_URBAN,ROAD,12,15.0
158431,1,5,132,4,1,60.0,0,N,SMALL_CITIES,ROAD,2,17.0
158432,1,4,130,2,1,60.0,0,N,MELB_URBAN,ROAD,3,10.0
158433,1,5,130,5,1,60.0,0,N,MELB_URBAN,STREET,3,9.0
158434,1,5,110,1,3,60.0,0,I,LARGE_PROVINCIAL_CITIES,STREET,3,6.0
158435,2,4,100,1,1,40.0,0,I,MELB_URBAN,ROAD,3,11.0
158436,1,5,135,5,1,80.0,0,N,MELB_URBAN,ROAD,3,8.0
158437,6,4,170,5,1,80.0,0,N,RURAL_VICTORIA,HIGHWAY,2,14.0
158438,7,2,184,2,6,50.0,0,I,MELB_URBAN,STREET,3,22.0
158439,1,4,110,1,1,60.0,0,I,LARGE_PROVINCIAL_CITIES,STREET,2,11.0
158440,4,5,173,5,1,50.0,0,N,LARGE_PROVINCIAL_CITIES,STREET,3,12.0
158441,1,4,130,2,1,60.0,0,N,MELB_URBAN,ROAD,3,7.0
158442,1,1,130,1,1,60.0,0,I,RURAL_VICTORIA,ROAD,2,16.0
158443,4,4,99,2,1,80.0,0,N,RURAL_VICTORIA,OTHER,3,8.0
158444,1,5,113,1,1,70.0,0,I,LARGE_PROVINCIAL_CITIES,STREET,3,13.0
158445,1,4,130,5,9,40.0,0,N,RURAL_VICTORIA,FREEWAY,2,21.0
158446,1,0,147,5,1,80.0,0,N,MELB_URBAN,ROAD,3,10.0
158447,1,5,130,5,1,80.0,0,N,MELB_URBAN,ROAD,3,15.0
158448,1,3,133,5,1,80.0,0,N,MELB_URBAN,FREEWAY,3,11.0
158449,1,5,113,2,1,60.0,0,I,TOWNS,OTHER,3,12.0
158450,1,4,121,2,1,60.0,0,I,MELB_URBAN,ROAD,3,17.0
158451,1,1,163,5,1,40.0,0,N,MELBOURNE_CBD,STREET,3,10.0
158452,1,5,132,5,1,60.0,0,N,MELB_URBAN,ROAD,3,17.0
158453,4,5,181,5,1,60.0,0,N,RURAL_VICTORIA,ROAD,3,17.0
158454,1,4,110,1,3,60.0,0,I,LARGE_PROVINCIAL_CITIES,STREET,3,20.0
158455,1,4,110,1,1,100.0,0,I,RURAL_VICTORIA,ROAD,3,18.0
158456,8,5,174,5,3,40.0,0,N,MELB_URBAN,ROAD,3,20.0
158457,4,4,171,5,1,40.0,0,I,MELB_URBAN,ROAD,3,17.0
158458,1,4,111,2,2,50.0,0,I,MELB_URBAN,OTHER,3,7.0
158459,4,5,171,5,3,40.0,0,N,MELB_URBAN,ROAD,3,23.0
158460,4,5,99,1,3,60.0,0,I,MELB_URBAN,OTHER,3,23.0
158461,1,3,111,2,1,60.0,0,I,MELB_URBAN,DRIVE,12,11.0
158462,4,6,171,5,3,80.0,0,N,MELB_URBAN,ROAD,3,2.0
158463,4,6,183,5,4,80.0,0,N,MELB_URBAN,ROAD,3,3.0
158464,1,5,130,5,1,80.0,0,N,MELB_URBAN,ROAD,1,9.0
158465,9,5,99,2,5,40.0,0,I,MELB_URBAN,ROAD,3,3.0
158466,7,6,99,5,1,80.0,0,N,RURAL_VICTORIA,ROAD,1,13.0
158467,1,7,130,5,1,60.0,0,N,RURAL_VICTORIA,ROAD,3,10.0
158468,1,6,121,1,2,60.0,0,N,MELB_URBAN,STREET,3,6.0
158469,3,2,167,5,2,60.0,0,N,RURAL_VICTORIA,ROAD,3,6.0
158470,1,5,130,5,1,80.0,0,N,RURAL_VICTORIA,ROAD,3,8.0
158471,1,6,130,5,2,100.0,0,N,MELB_URBAN,ROAD,3,6.0
158472,1,6,130,5,2,100.0,0,I,MELB_URBAN,FREEWAY,3,6.0
158473,1,5,121,2,1,60.0,0,N,RURAL_VICTORIA,ROAD,3,7.0
158474,1,5,147,5,2,60.0,0,N,MELB_URBAN,ROAD,3,7.0
158475,1,5,130,5,1,80.0,0,N,MELB_URBAN,FREEWAY,3,8.0
158476,4,6,171,5,1,100.0,0,N,RURAL_VICTORIA,ROAD,3,9.0
158477,6,1,174,5,9,50.0,0,N,LARGE_PROVINCIAL_CITIES,STREET,3,7.0
158478,2,4,99,5,3,60.0,0,N,LARGE_PROVINCIAL_CITIES,STREET,3,22.0
158479,1,6,116,2,1,80.0,0,N,RURAL_VICTORIA,HIGHWAY,3,8.0
158480,4,5,181,5,1,70.0,0,N,RURAL_VICTORIA,ROAD,3,14.0
158481,6,1,174,5,1,50.0,0,N,RURAL_VICTORIA,ROAD,3,15.0
158482,1,6,99,5,1,50.0,0,N,MELB_URBAN,DRIVE,3,8.0
158483,1,6,130,5,2,100.0,0,N,MELB_URBAN,RAMP,3,8.0
158484,1,6,99,5,1,40.0,0,N,MELB_URBAN,STREET,3,13.0
158485,1,7,121,2,3,80.0,0,I,MELB_URBAN,HIGHWAY,12,22.0
158486,1,4,163,5,2,50.0,0,N,MELB_URBAN,STREET,2,19.0
158487,4,6,181,5,1,100.0,0,N,RURAL_VICTORIA,ROAD,3,13.0
158488,3,4,167,5,1,60.0,0,N,RURAL_VICTORIA,ROAD,3,12.0
158489,2,3,102,1,1,40.0,0,N,MELB_URBAN,OTHER,3,8.0
158490,1,5,130,1,1,60.0,0,I,MELB_URBAN,ROAD,3,15.0
158491,8,6,99,5,1,80.0,0,N,RURAL_VICTORIA,ROAD,3,13.0
158492,1,6,99,2,1,50.0,0,I,MELB_URBAN,STREET,3,9.0
158493,1,6,132,2,1,100.0,0,I,RURAL_VICTORIA,ROAD,3,15.0
158494,6,7,174,2,1,60.0,0,I,MELB_URBAN,STREET,3,15.0
158495,1,5,110,1,1,50.0,0,I,MELB_URBAN,PARADE,3,17.0
158496,2,4,99,5,1,60.0,0,N,RURAL_VICTORIA,STREET,3,15.0
158497,1,5,130,5,1,80.0,0,N,MELB_URBAN,RAMP,3,16.0
158498,2,3,100,2,1,60.0,0,I,MELB_URBAN,ROAD,1,16.0
158499,2,3,99,5,1,50.0,0,N,RURAL_VICTORIA,HIGHWAY,5,9.0
158500,1,5,130,5,1,70.0,0,I,MELB_URBAN,HIGHWAY,3,15.0
158501,1,3,130,5,1,60.0,0,N,MELB_URBAN,ROAD,2,17.0
158502,1,5,133,5,1,60.0,0,N,MELB_URBAN,ROAD,3,17.0
158503,1,6,121,1,1,60.0,0,N,MELB_URBAN,STREET,3,17.0
158504,1,6,99,2,2,60.0,0,N,RURAL_VICTORIA,ROAD,3,19.0
158505,4,6,173,5,1,40.0,0,N,RURAL_VICTORIA,DRIVE,3,16.0
158506,1,5,110,1,2,50.0,0,I,TOWNS,STREET,3,19.0
158507,1,5,130,3,2,60.0,0,I,MELB_URBAN,ROAD,3,17.0
158508,1,6,110,1,1,50.0,0,I,LARGE_PROVINCIAL_CITIES,STREET,3,7.0
158509,1,0,110,1,2,60.0,0,I,MELB_URBAN,ROAD,3,8.0
158510,1,6,99,5,3,60.0,0,N,LARGE_PROVINCIAL_CITIES,STREET,3,20.0
158511,1,5,110,1,1,50.0,0,I,MELB_URBAN,STREET,3,15.0
158512,1,6,99,5,1,30.0,1,N,RURAL_VICTORIA,ROAD,3,15.0
158513,1,4,147,5,1,50.0,0,N,TOWNS,OTHER,3,7.0
158514,1,6,140,5,3,60.0,0,N,MELB_URBAN,STREET,3,22.0
158515,1,5,130,5,3,80.0,0,N,MELB_URBAN,ROAD,3,23.0
158516,1,7,121,2,3,60.0,0,I,MELB_URBAN,ROAD,3,0.0
158517,4,6,183,5,5,100.0,0,N,RURAL_VICTORIA,HIGHWAY,3,2.0
158518,1,6,110,1,4,80.0,0,I,MELB_URBAN,ROAD,3,1.0
158519,1,3,140,1,3,80.0,0,I,MELB_URBAN,ROAD,3,21.0
158520,4,5,171,5,3,80.0,0,N,RURAL_VICTORIA,ROAD,3,23.0
158521,1,6,160,5,5,50.0,0,N,MELB_URBAN,STREET,3,0.0
158522,1,2,147,5,2,60.0,0,N,MELB_URBAN,STREET,11,21.0
158523,4,6,171,5,3,70.0,0,N,RURAL_VICTORIA,ROAD,3,4.0
158524,4,6,171,5,5,100.0,0,N,RURAL_VICTORIA,ROAD,3,1.0
158525,4,5,183,5,3,50.0,0,N,MELB_URBAN,PARADE,3,20.0
158526,1,5,130,5,1,70.0,0,N,MELB_URBAN,ROAD,2,14.0
158527,1,7,121,1,1,60.0,0,N,MELB_URBAN,STREET,3,10.0
158528,1,3,130,5,2,100.0,0,N,MELB_URBAN,FREEWAY,3,17.0
158529,1,7,121,1,1,60.0,0,I,TOWNS,ROAD,3,11.0
158530,4,6,99,2,6,100.0,0,N,RURAL_VICTORIA,ROAD,3,20.0
158531,7,5,99,5,1,60.0,0,N,MELB_URBAN,ROAD,3,17.0
158532,4,4,173,5,1,100.0,0,N,RURAL_VICTORIA,ROAD,3,14.0
158533,6,6,184,5,1,100.0,0,N,RURAL_VICTORIA,HIGHWAY,3,12.0
158534,4,6,171,2,1,60.0,0,N,MELB_URBAN,BOULEVARD,3,11.0
158535,1,6,130,5,1,100.0,0,N,MELB_URBAN,FREEWAY,3,11.0
158536,7,7,99,2,1,60.0,0,I,LARGE_PROVINCIAL_CITIES,STREET,3,14.0
158537,1,6,121,2,1,50.0,0,I,MELB_URBAN,ROAD,3,11.0
158538,4,6,181,5,1,50.0,0,N,MELB_URBAN,STREET,2,11.0
158539,1,5,99,2,3,70.0,0,N,MELB_URBAN,ROAD,3,20.0
158540,4,7,171,5,1,60.0,0,N,MELB_URBAN,ROAD,3,14.0
158541,4,4,183,5,1,100.0,0,N,RURAL_VICTORIA,ROAD,7,12.0
158542,1,7,130,5,1,60.0,0,N,MELB_URBAN,ROAD,3,16.0
158543,1,6,140,5,1,60.0,0,N,MELB_URBAN,ROAD,3,15.0
158544,1,6,147,5,1,60.0,0,N,MELB_URBAN,ROAD,3,14.0
158545,1,6,116,2,2,100.0,0,I,RURAL_VICTORIA,HIGHWAY,3,20.0
158546,1,3,110,1,1,50.0,0,I,SMALL_CITIES,ROAD,3,11.0
158547,2,6,100,5,6,50.0,0,N,MELB_URBAN,AVENUE,3,20.0
158548,1,7,116,2,2,60.0,0,I,MELB_URBAN,ROAD,3,18.0
158549,4,7,173,5,3,100.0,0,N,MELB_URBAN,UNKNOWN,3,20.0
158550,1,6,121,2,1,60.0,0,I,MELB_URBAN,ROAD,3,13.0
158551,1,6,110,1,1,50.0,0,I,MELB_URBAN,STREET,3,17.0
158552,1,7,99,2,3,40.0,0,N,MELB_URBAN,STREET,3,23.0
158553,4,6,99,2,3,60.0,0,I,LARGE_PROVINCIAL_CITIES,ROAD,3,23.0
158554,7,0,99,5,5,100.0,0,N,RURAL_VICTORIA,ROAD,3,0.0
158555,4,1,171,5,5,100.0,0,N,RURAL_VICTORIA,ROAD,3,1.0
158556,1,6,99,5,2,50.0,0,N,MELB_URBAN,BOULEVARD,3,19.0
158557,4,4,171,5,1,80.0,0,N,UNKNOWN,ROAD,11,17.0
158558,1,1,121,5,1,60.0,0,I,MELB_URBAN,DRIVE,3,16.0
158559,1,7,130,5,1,80.0,0,N,MELB_URBAN,FREEWAY,3,14.0
158560,1,1,183,5,1,70.0,0,N,MELB_URBAN,ROAD,3,13.0
158561,5,1,99,5,1,60.0,0,N,RURAL_VICTORIA,OTHER,3,14.0
158562,4,7,173,5,1,100.0,0,N,RURAL_VICTORIA,ROAD,3,18.0
158563,1,0,130,5,1,60.0,0,N,MELB_URBAN,STREET,3,11.0
158564,1,1,110,1,1,60.0,0,I,LARGE_PROVINCIAL_CITIES,STREET,3,7.0
158565,1,7,163,5,3,40.0,0,N,MELBOURNE_CBD,STREET,3,22.0
158566,1,0,99,2,1,60.0,0,I,RURAL_VICTORIA,ROAD,3,12.0
158567,1,0,134,2,1,80.0,0,N,MELB_URBAN,ROAD,3,11.0
158568,1,0,140,2,1,50.0,0,I,MELB_URBAN,STREET,3,13.0
158569,1,1,140,5,1,70.0,0,N,SMALL_CITIES,ROAD,3,13.0
158570,1,5,132,1,2,60.0,0,N,SMALL_CITIES,STREET,3,17.0
158571,4,1,99,2,1,100.0,0,I,RURAL_VICTORIA,ROAD,3,17.0
158572,2,1,102,1,1,60.0,0,I,LARGE_PROVINCIAL_CITIES,STREET,3,14.0
158573,1,1,120,5,1,80.0,0,N,RURAL_VICTORIA,ROAD,3,18.0
158574,1,1,121,1,1,50.0,0,I,MELB_URBAN,OTHER,3,17.0
158575,2,1,99,1,1,40.0,0,I,MELB_URBAN,STREET,3,15.0
158576,1,5,130,1,9,80.0,0,I,MELB_URBAN,ROAD,3,6.0
158577,1,0,121,1,1,70.0,0,N,MELB_URBAN,ROAD,3,17.0
158578,6,1,99,5,1,100.0,1,N,RURAL_VICTORIA,ROAD,3,13.0
158579,1,5,99,5,2,60.0,0,N,RURAL_VICTORIA,ROAD,3,18.0
158580,1,7,99,1,9,80.0,0,I,SMALL_TOWNS,RAMP,3,8.0
158581,4,0,99,5,2,50.0,0,N,MELB_URBAN,ROAD,3,18.0
158582,1,1,130,2,3,60.0,0,N,LARGE_PROVINCIAL_CITIES,ROAD,3,20.0
158583,1,1,160,2,3,60.0,0,I,MELB_URBAN,ROAD,3,20.0
158584,1,3,147,5,2,60.0,0,N,MELB_URBAN,ROAD,3,19.0
158585,1,1,130,2,1,80.0,0,N,MELB_URBAN,HIGHWAY,3,16.0
158586,2,1,99,2,3,40.0,0,I,MELB_URBAN,STREET,3,21.0
158587,1,1,99,5,1,40.0,0,N,MELB_URBAN,ROAD,3,19.0