,accident_type,day_of_week,dca_code,road_geometry,light_condition,speed_zone,severity,node_type,deg_urban_name,road_type,month,hour
158588,1,4,121,2,1,70.0,0,I,MELB_URBAN,ROAD,3,16.0
158589,4,2,171,5,5,100.0,0,N,RURAL_VICTORIA,ROAD,3,4.0
158590,1,2,99,2,1,60.0,0,I,MELB_URBAN,STREET,3,7.0
158591,8,1,174,5,1,40.0,0,N,RURAL_VICTORIA,ROAD,3,15.0
158592,1,1,113,1,6,60.0,0,I,LARGE_PROVINCIAL_CITIES,STREET,3,20.0
158593,5,1,99,5,1,60.0,0,N,RURAL_VICTORIA,ROAD,2,11.0
158594,1,1,130,5,1,100.0,0,N,MELB_URBAN,FREEWAY,3,8.0
158595,7,7,99,1,1,100.0,0,I,RURAL_VICTORIA,ROAD,3,16.0
158596,6,4,99,5,1,60.0,0,N,RURAL_VICTORIA,ROAD,3,14.0
158597,1,1,130,5,1,100.0,0,N,MELB_URBAN,ROAD,3,8.0
158598,2,2,102,1,1,80.0,0,N,MELB_URBAN,ROAD,3,9.0
158599,1,7,130,5,1,60.0,0,N,MELB_URBAN,ROAD,3,14.0
158600,1,2,110,1,1,80.0,0,I,RURAL_VICTORIA,FREEWAY,3,8.0
158601,1,3,130,1,1,50.0,0,I,TOWNS,STREET,3,9.0
158602,1,2,110,1,1,50.0,0,I,MELB_URBAN,STREET,3,9.0
158603,1,2,147,5,2,100.0,0,N,RURAL_VICTORIA,ROAD,3,6.0
158604,1,2,121,1,1,80.0,0,N,MELB_URBAN,DRIVE,3,8.0
158605,1,3,113,2,6,50.0,0,N,MELB_URBAN,DRIVE,3,21.0
158606,1,2,113,2,1,60.0,0,I,MELB_URBAN,ROAD,3,12.0
158607,8,6,99,5,5,100.0,0,N,RURAL_VICTORIA,HIGHWAY,3,21.0
158608,2,1,99,5,1,60.0,0,N,MELB_URBAN,ROAD,3,13.0
158609,1,5,130,1,1,100.0,0,I,RURAL_VICTORIA,ROAD,2,15.0
158610,1,7,99,1,9,60.0,0,N,MELB_URBAN,ROAD,3,10.0
158611,4,2,173,5,1,100.0,0,N,RURAL_VICTORIA,ROAD,3,14.0
158612,8,7,174,5,1,100.0,0,N,RURAL_VICTORIA,OTHER,3,9.0
158613,4,2,181,5,1,100.0,0,N,RURAL_VICTORIA,HIGHWAY,3,16.0
158614,8,1,174,5,9,50.0,0,I,MELB_URBAN,STREET,3,17.0
158615,4,2,181,5,1,100.0,0,N,MELB_URBAN,FREEWAY,3,17.0
158616,4,1,183,5,1,60.0,0,N,RURAL_VICTORIA,OTHER,3,11.0
158617,1,2,160,5,1,50.0,0,N,SMALL_CITIES,ROAD,3,18.0
158618,1,6,113,4,1,100.0,0,N,RURAL_VICTORIA,HIGHWAY,2,11.0
158619,1,2,116,1,1,60.0,0,I,MELB_URBAN,ROAD,3,15.0
158620,1,2,130,1,1,70.0,0,N,MELB_URBAN,ROAD,3,9.0
158621,1,5,140,2,1,70.0,0,N,MELB_URBAN,HIGHWAY,3,14.0
158622,2,2,99,5,3,60.0,0,N,MELB_URBAN,DRIVE,3,19.0
158623,5,2,99,5,1,50.0,0,N,MELB_URBAN,OTHER,3,15.0
158624,1,2,121,1,3,80.0,0,I,MELB_URBAN,ROAD,3,20.0
158625,1,2,99,5,3,50.0,0,N,MELB_URBAN,ROAD,3,21.0
158626,1,2,99,2,3,50.0,0,N,MELB_URBAN,ROAD,3,23.0
158627,1,1,160,1,2,60.0,0,I,LARGE_PROVINCIAL_CITIES,STREET,3,20.0
158628,1,1,130,1,3,60.0,0,I,LARGE_PROVINCIAL_CITIES,STREET,3,22.0
158629,4,3,171,2,3,70.0,0,I,MELB_URBAN,ROAD,3,1.0
158630,1,4,110,1,1,60.0,0,I,SMALL_CITIES,STREET,3,11.0
158631,1,2,130,5,1,100.0,0,N,RURAL_VICTORIA,ROAD,3,14.0
158632,1,6,120,5,5,100.0,0,N,RURAL_VICTORIA,ROAD,3,21.0
158633,1,2,135,5,1,40.0,0,N,MELB_URBAN,STREET,3,8.0
158634,2,3,100,5,2,70.0,0,N,MELB_URBAN,HIGHWAY,3,6.0
158635,1,2,121,2,1,60.0,0,N,MELB_URBAN,STREET,3,9.0
158636,4,2,173,5,1,80.0,0,N,RURAL_VICTORIA,ROAD,3,14.0
158637,1,2,110,1,1,50.0,0,I,MELB_URBAN,STREET,3,9.0
158638,1,3,160,2,1,50.0,0,I,MELB_URBAN,STREET,3,10.0
158639,1,2,130,5,1,50.0,0,N,LARGE_PROVINCIAL_CITIES,ROAD,3,9.0
158640,1,2,130,5,2,100.0,0,N,MELB_URBAN,FREEWAY,3,6.0
158641,1,3,140,5,1,60.0,0,N,MELB_URBAN,ROAD,8,12.0
158642,2,1,100,5,1,50.0,0,N,SMALL_CITIES,ROAD,3,16.0
158643,1,3,130,1,1,80.0,0,I,MELB_URBAN,ROAD,2,8.0
158644,1,5,130,5,9,60.0,0,N,LARGE_PROVINCIAL_CITIES,STREET,3,9.0
158645,1,3,113,2,1,80.0,0,I,MELB_URBAN,HIGHWAY,3,12.0
158646,1,3,130,1,1,80.0,0,I,RURAL_VICTORIA,ROAD,1,8.0
158647,6,3,170,5,1,100.0,0,N,RURAL_VICTORIA,ROAD,3,11.0
158648,4,3,173,5,1,60.0,0,N,RURAL_VICTORIA,ROAD,3,12.0
158649,1,4,116,2,1,60.0,0,N,MELB_URBAN,ROAD,3,8.0
158650,6,3,174,5,1,60.0,0,N,RURAL_VICTORIA,OTHER,3,11.0
158651,1,4,147,5,1,80.0,0,N,MELB_URBAN,ROAD,3,15.0
158652,1,6,121,1,1,60.0,0,I,MELB_URBAN,STREET,3,16.0
158653,1,6,116,1,9,70.0,0,I,MELB_URBAN,ROAD,3,16.0
158654,1,2,99,1,1,70.0,0,N,MELB_URBAN,ROAD,3,13.0
158655,1,3,130,5,1,80.0,0,N,MELB_URBAN,HIGHWAY,3,17.0
158656,1,4,130,5,1,60.0,0,N,SMALL_CITIES,STREET,3,17.0
158657,1,4,110,1,1,60.0,0,I,SMALL_CITIES,STREET,2,14.0
158658,1,4,130,5,1,100.0,0,N,MELB_URBAN,FREEWAY,3,16.0
158659,4,3,173,5,1,100.0,0,N,UNKNOWN,FREEWAY,3,16.0
158660,1,3,111,1,2,60.0,0,I,MELB_URBAN,STREET,3,16.0
158661,1,3,116,1,2,50.0,0,I,MELB_URBAN,DRIVE,3,19.0
158662,8,2,174,5,1,60.0,0,N,MELB_URBAN,ROAD,3,14.0
158663,1,2,133,1,2,60.0,0,I,MELB_URBAN,STREET,3,19.0
158664,1,4,130,5,3,60.0,0,N,MELB_URBAN,STREET,3,22.0
158665,1,5,121,2,1,70.0,0,I,MELB_URBAN,ROAD,3,17.0
158666,2,3,99,5,5,100.0,0,N,RURAL_VICTORIA,ROAD,3,18.0
158667,5,3,99,5,1,60.0,0,N,RURAL_VICTORIA,ROAD,3,17.0
158668,4,3,181,5,5,100.0,0,N,RURAL_VICTORIA,ROAD,3,18.0
158669,4,3,171,2,1,60.0,0,I,MELB_URBAN,ROAD,3,15.0
158670,1,3,113,2,1,50.0,0,I,MELB_URBAN,ROAD,3,15.0
158671,4,4,171,1,3,60.0,0,I,TOWNS,ROAD,3,4.0
158672,1,6,121,2,1,60.0,0,I,MELB_URBAN,STREET,3,15.0
158673,4,2,171,5,5,60.0,0,N,RURAL_VICTORIA,ROAD,3,20.0
158674,1,5,135,5,2,70.0,0,N,MELB_URBAN,ROAD,3,19.0
158675,1,1,111,2,2,60.0,0,N,SMALL_CITIES,ROAD,3,17.0
158676,1,3,130,4,3,60.0,0,I,RURAL_VICTORIA,ROAD,3,6.0
158677,1,3,121,2,2,60.0,0,I,MELB_URBAN,STREET,3,6.0
158678,1,4,130,1,1,80.0,0,I,MELB_URBAN,ROAD,3,7.0
158679,1,0,130,1,1,70.0,0,N,MELB_URBAN,ROAD,2,15.0
158680,1,4,121,2,1,50.0,0,I,MELB_URBAN,DRIVE,2,17.0
158681,1,3,130,5,1,70.0,0,N,MELB_URBAN,STREET,3,7.0
158682,1,3,130,5,1,100.0,0,N,MELB_URBAN,FREEWAY,3,7.0
158683,1,3,110,1,3,60.0,0,I,LARGE_PROVINCIAL_CITIES,STREET,3,6.0
158684,9,2,174,5,1,40.0,0,N,RURAL_VICTORIA,OTHER,3,10.0
158685,1,4,99,2,1,60.0,0,I,MELB_URBAN,OTHER,3,11.0
158686,1,4,99,5,1,50.0,0,N,MELB_URBAN,AVENUE,3,10.0
158687,1,4,160,5,1,60.0,0,N,MELB_URBAN,ROAD,3,8.0
158688,1,2,130,5,2,60.0,0,N,MELB_URBAN,ROAD,3,17.0
158689,4,3,99,2,2,80.0,0,N,TOWNS,HIGHWAY,3,5.0
158690,1,4,130,2,1,80.0,0,I,RURAL_VICTORIA,HIGHWAY,3,12.0
158691,1,3,111,3,2,60.0,0,I,RURAL_VICTORIA,ROAD,1,18.0
158692,1,5,121,1,3,60.0,0,I,LARGE_PROVINCIAL_CITIES,STREET,3,22.0
158693,6,7,184,5,5,100.0,0,N,RURAL_VICTORIA,ROAD,3,5.0
158694,1,4,130,5,1,60.0,0,N,LARGE_PROVINCIAL_CITIES,STREET,3,11.0
158695,4,3,171,2,1,60.0,0,I,MELB_URBAN,OTHER,3,7.0
158696,1,5,147,5,9,70.0,0,N,MELB_URBAN,ROAD,3,13.0
158697,2,4,100,1,1,40.0,0,I,MELB_URBAN,STREET,3,13.0
158698,1,4,135,5,1,60.0,0,N,MELB_URBAN,ROAD,3,13.0
158699,4,3,183,5,1,100.0,0,N,RURAL_VICTORIA,ROAD,3,12.0
158700,4,3,171,5,1,100.0,0,N,RURAL_VICTORIA,ROAD,3,14.0
158701,1,3,110,1,1,100.0,0,I,RURAL_VICTORIA,ROAD,3,14.0
158702,1,2,130,1,9,60.0,0,I,MELB_URBAN,HIGHWAY,1,6.0
158703,1,3,163,5,2,40.0,0,N,MELB_URBAN,STREET,3,19.0
158704,4,2,171,5,2,100.0,0,N,RURAL_VICTORIA,ROAD,3,19.0
158705,6,4,99,5,1,60.0,0,N,RURAL_VICTORIA,OTHER,3,15.0
158706,2,4,100,1,1,60.0,0,N,SMALL_CITIES,STREET,3,19.0
158707,8,3,170,5,3,60.0,0,N,LARGE_PROVINCIAL_CITIES,DRIVE,3,5.0
158708,1,4,110,1,1,50.0,0,I,MELB_URBAN,STREET,2,19.0
158709,1,4,110,1,1,50.0,0,I,MELB_URBAN,STREET,3,13.0
158710,6,4,99,5,1,100.0,0,N,RURAL_VICTORIA,ROAD,3,18.0
158711,4,4,171,5,5,100.0,0,N,RURAL_VICTORIA,ROAD,3,20.0
158712,1,3,110,1,1,100.0,0,I,RURAL_VICTORIA,ROAD,3,18.0
158713,1,4,121,2,3,60.0,0,I,MELB_URBAN,ROAD,3,21.0
158714,1,4,99,1,1,60.0,0,I,MELB_URBAN,STREET,3,15.0
158715,4,4,173,5,3,60.0,0,N,MELB_URBAN,ROAD,3,5.0
158716,1,4,140,2,1,70.0,0,I,MELB_URBAN,ROAD,3,12.0
158717,1,4,99,5,6,40.0,0,N,MELBOURNE_CBD,STREET,3,23.0
158718,1,5,130,5,3,40.0,0,N,MELB_URBAN,FREEWAY,3,1.0
158719,1,5,99,2,3,60.0,0,O,MELB_URBAN,UNKNOWN,3,4.0
158720,1,5,113,2,1,60.0,0,I,MELB_URBAN,ROAD,3,7.0
158721,1,4,99,2,1,60.0,0,I,MELB_URBAN,ROAD,3,15.0
158722,1,2,133,5,1,80.0,0,N,MELB_URBAN,HIGHWAY,3,16.0
158723,1,3,116,2,1,60.0,0,I,MELB_URBAN,ROAD,3,12.0
158724,1,4,121,1,1,40.0,0,I,MELB_URBAN,STREET,3,15.0
158725,1,1,130,1,1,100.0,0,I,RURAL_VICTORIA,HIGHWAY,3,12.0
158726,4,5,181,5,2,100.0,0,N,RURAL_VICTORIA,ROAD,3,7.0
158727,1,6,121,1,2,40.0,0,N,UNKNOWN,STREET,3,19.0
158728,1,7,160,5,1,80.0,0,N,MELB_URBAN,HIGHWAY,2,17.0
158729,1,4,130,5,1,70.0,0,N,MELB_URBAN,ROAD,3,19.0
158730,3,2,167,5,5,110.0,0,N,TOWNS,FREEWAY,3,6.0
158731,1,2,163,5,1,40.0,0,N,MELB_URBAN,ROAD,3,18.0
158732,1,4,110,1,1,60.0,0,I,MELB_URBAN,STREET,3,8.0
158733,1,7,134,5,1,80.0,0,N,MELB_URBAN,OTHER,2,10.0
158734,1,4,113,1,1,60.0,0,I,LARGE_PROVINCIAL_CITIES,STREET,3,11.0
158735,1,5,113,1,1,80.0,0,I,RURAL_VICTORIA,ROAD,3,8.0
158736,1,4,113,2,1,60.0,0,I,MELB_URBAN,ROAD,3,10.0
158737,1,4,147,5,1,40.0,0,N,TOWNS,STREET,3,18.0
158738,1,5,130,1,1,50.0,0,N,MELB_URBAN,BOULEVARD,3,10.0
158739,1,7,99,2,9,60.0,0,I,TOWNS,ROAD,11,11.0
158740,6,5,99,5,1,60.0,0,N,LARGE_PROVINCIAL_CITIES,ROAD,3,11.0
158741,2,4,100,2,1,40.0,0,I,MELB_URBAN,ROAD,3,12.0
158742,1,2,121,2,1,60.0,0,I,TOWNS,ROAD,3,13.0
158743,1,6,130,1,1,80.0,0,I,MELB_URBAN,ROAD,2,13.0
158744,1,5,134,5,1,110.0,0,N,RURAL_VICTORIA,FREEWAY,3,12.0
158745,6,5,174,5,1,80.0,0,N,RURAL_VICTORIA,ROAD,3,13.0
158746,1,3,130,5,2,100.0,0,N,MELB_URBAN,FREEWAY,1,6.0
158747,1,4,121,5,1,80.0,0,N,RURAL_VICTORIA,OTHER,3,13.0
158748,4,5,173,5,1,100.0,0,N,RURAL_VICTORIA,ROAD,3,11.0
158749,1,6,160,5,1,50.0,0,N,LARGE_PROVINCIAL_CITIES,STREET,2,11.0
158750,1,5,121,2,1,80.0,0,I,MELB_URBAN,ROAD,3,15.0
158751,1,5,120,5,1,100.0,0,N,RURAL_VICTORIA,ROAD,3,13.0
158752,1,5,121,1,1,50.0,0,I,SMALL_CITIES,OTHER,2,11.0
158753,1,5,110,1,1,60.0,0,I,SMALL_CITIES,DRIVE,3,14.0
158754,4,5,171,1,4,80.0,0,I,RURAL_VICTORIA,ROAD,3,5.0
158755,1,4,120,5,1,80.0,0,N,LARGE_PROVINCIAL_CITIES,ROAD,3,12.0
158756,1,2,130,5,1,50.0,0,N,MELB_URBAN,ROAD,3,11.0
158757,1,4,110,1,2,60.0,0,I,SMALL_CITIES,ROAD,4,7.0
158758,1,4,99,5,1,60.0,0,N,SMALL_CITIES,HIGHWAY,3,17.0
158759,1,5,99,5,1,40.0,0,N,RURAL_VICTORIA,ROAD,3,14.0
158760,1,5,113,2,1,60.0,0,I,SMALL_CITIES,ROAD,3,17.0
158761,4,5,171,1,1,60.0,0,I,LARGE_PROVINCIAL_CITIES,ROAD,3,15.0
158762,1,5,110,1,1,60.0,0,I,LARGE_PROVINCIAL_CITIES,STREET,3,16.0
158763,1,5,130,5,1,60.0,0,N,MELB_URBAN,ROAD,3,15.0
158764,1,5,134,5,1,60.0,0,N,MELB_URBAN,ROAD,3,15.0
158765,1,6,132,2,1,80.0,0,I,RURAL_VICTORIA,ROAD,12,13.0
158766,6,5,174,5,2,80.0,0,N,MELB_URBAN,UNKNOWN,3,19.0
158767,1,3,130,1,1,60.0,0,N,MELB_URBAN,ROAD,3,14.0
158768,1,6,160,5,3,70.0,0,N,MELB_URBAN,ROAD,3,4.0
158769,1,6,130,5,3,80.0,0,N,MELB_URBAN,RAMP,3,6.0
158770,1,1,130,1,1,60.0,0,I,MELB_URBAN,ROAD,3,14.0
158771,4,5,99,5,2,100.0,0,N,RURAL_VICTORIA,ROAD,3,8.0
158772,1,6,120,5,1,80.0,1,N,LARGE_PROVINCIAL_CITIES,ROAD,3,7.0
158773,1,2,130,2,2,50.0,0,I,RURAL_VICTORIA,ROAD,3,17.0
158774,4,6,171,2,1,100.0,0,I,RURAL_VICTORIA,ROAD,3,9.0
158775,1,4,111,2,1,60.0,0,I,MELB_URBAN,ROAD,3,6.0
158776,1,5,130,5,2,80.0,0,N,MELB_URBAN,UNKNOWN,3,7.0
158777,1,6,121,1,1,60.0,0,I,MELB_URBAN,ROAD,3,7.0
158778,8,6,99,2,1,80.0,0,I,RURAL_VICTORIA,AVENUE,3,8.0
158779,1,6,110,1,1,70.0,0,I,LARGE_PROVINCIAL_CITIES,ROAD,3,11.0
158780,3,3,167,5,2,100.0,0,N,SMALL_TOWNS,ROAD,3,7.0
158781,1,5,135,1,9,60.0,0,I,MELB_URBAN,ROAD,3,9.0
158782,2,2,99,1,1,60.0,0,I,MELB_URBAN,STREET,6,14.0
158783,6,7,99,5,1,100.0,0,N,RURAL_VICTORIA,ROAD,3,12.0
158784,1,3,130,5,2,60.0,0,N,MELB_URBAN,STREET,3,18.0
158785,1,5,135,5,2,50.0,0,N,MELB_URBAN,DRIVE,3,19.0
158786,4,5,183,5,1,60.0,0,N,TOWNS,STREET,3,6.0
158787,1,7,130,5,1,80.0,0,N,MELB_URBAN,ROAD,3,14.0
158788,1,6,113,2,2,60.0,0,I,LARGE_PROVINCIAL_CITIES,STREET,3,7.0
158789,1,2,130,5,2,80.0,0,N,MELB_URBAN,FREEWAY,3,18.0
158790,8,6,174,5,1,100.0,0,N,RURAL_VICTORIA,ROAD,3,15.0
158791,1,6,120,5,1,60.0,0,N,MELB_URBAN,ROAD,3,14.0
158792,1,5,134,5,1,50.0,0,N,MELB_URBAN,DRIVE,3,13.0
158793,1,6,113,2,9,60.0,0,I,RURAL_VICTORIA,STREET,3,9.0
158794,1,6,113,2,1,50.0,0,I,MELB_URBAN,OTHER,3,13.0
158795,1,6,121,2,1,40.0,0,I,SMALL_CITIES,STREET,3,15.0
158796,4,6,181,3,1,50.0,0,N,TOWNS,STREET,3,18.0
158797,7,2,99,5,1,80.0,0,I,RURAL_VICTORIA,HIGHWAY,3,12.0
158798,6,2,99,5,1,60.0,0,N,RURAL_VICTORIA,ROAD,3,14.0
158799,2,6,102,2,1,70.0,0,N,MELB_URBAN,ROAD,3,15.0
158800,4,6,171,1,3,50.0,0,I,MELB_URBAN,ROAD,3,20.0
158801,1,3,130,2,2,70.0,0,I,MELB_URBAN,ROAD,2,21.0
158802,1,1,160,5,1,50.0,0,N,MELB_URBAN,ROAD,3,7.0
158803,2,6,99,5,3,40.0,0,N,MELB_URBAN,STREET,3,22.0
158804,1,6,130,5,3,110.0,0,N,RURAL_VICTORIA,FREEWAY,3,20.0
158805,4,6,171,5,1,60.0,0,N,MELB_URBAN,ROAD,3,7.0
158806,1,7,110,1,1,50.0,0,I,MELB_URBAN,ROAD,3,7.0
158807,1,5,135,5,3,80.0,0,N,MELB_URBAN,FREEWAY,3,6.0
158808,1,6,130,2,1,60.0,0,I,TOWNS,ROAD,3,10.0
158809,1,7,116,1,1,60.0,0,I,LARGE_PROVINCIAL_CITIES,HIGHWAY,3,7.0
158810,1,6,99,5,2,60.0,0,N,MELB_URBAN,AVENUE,3,8.0
158811,1,6,121,2,1,60.0,0,I,SMALL_CITIES,DRIVE,3,10.0
158812,1,7,110,1,1,40.0,0,I,MELB_URBAN,ROAD,3,10.0
158813,1,6,130,5,1,50.0,0,I,MELB_URBAN,STREET,3,8.0
158814,2,1,100,5,1,40.0,0,N,MELBOURNE_CBD,STREET,3,14.0
158815,2,6,99,5,9,60.0,0,N,MELB_URBAN,ROAD,3,7.0
158816,1,7,147,5,1,60.0,0,N,MELB_URBAN,PARADE,3,12.0
158817,1,7,99,2,1,80.0,0,I,RURAL_VICTORIA,ROAD,3,12.0
158818,1,7,111,2,1,70.0,0,I,RURAL_VICTORIA,STREET,3,12.0
158819,1,5,130,5,1,80.0,0,N,RURAL_VICTORIA,ROAD,3,7.0
158820,1,7,121,1,1,60.0,0,I,MELB_URBAN,STREET,3,10.0
158821,1,6,130,5,2,100.0,0,N,MELB_URBAN,FREEWAY,3,18.0
158822,1,1,99,1,1,40.0,0,I,MELB_URBAN,STREET,3,9.0
158823,1,7,110,1,1,50.0,0,I,TOWNS,STREET,3,13.0
158824,2,7,99,5,1,50.0,0,N,MELB_URBAN,STREET,3,14.0
158825,1,3,130,2,2,60.0,0,I,MELB_URBAN,ROAD,3,19.0
158826,1,7,130,5,1,100.0,0,N,MELB_URBAN,FREEWAY,3,14.0
158827,4,7,181,5,1,100.0,0,N,RURAL_VICTORIA,HIGHWAY,3,11.0
158828,6,7,174,4,1,60.0,0,N,RURAL_VICTORIA,STREET,3,14.0
158829,7,7,99,5,1,60.0,0,N,UNKNOWN,ROAD,3,14.0
158830,4,7,171,5,1,40.0,0,N,MELB_URBAN,STREET,3,12.0
158831,6,7,174,2,1,80.0,0,N,MELB_URBAN,ROAD,3,14.0
158832,1,3,99,1,1,50.0,0,I,MELB_URBAN,ROAD,3,14.0
158833,1,5,135,5,1,60.0,0,N,MELB_URBAN,ROAD,3,18.0
158834,1,7,113,1,1,80.0,1,N,RURAL_VICTORIA,HIGHWAY,3,11.0
158835,1,7,130,1,1,70.0,0,N,MELB_URBAN,PARADE,3,16.0
158836,1,6,130,2,1,60.0,0,I,MELB_URBAN,ROAD,3,17.0
158837,1,6,121,2,1,60.0,0,I,MELB_URBAN,STREET,3,16.0
158838,1,7,121,4,1,60.0,0,N,MELB_URBAN,ROAD,3,16.0
158839,4,6,173,5,1,100.0,0,N,MELB_URBAN,ROAD,3,14.0
158840,1,7,160,5,2,60.0,0,N,LARGE_PROVINCIAL_CITIES,ROAD,3,19.0
158841,1,7,99,1,6,60.0,0,I,MELB_URBAN,OTHER,3,20.0
158842,8,7,170,2,3,60.0,0,I,MELB_URBAN,STREET,3,20.0
158843,1,7,121,2,3,50.0,0,I,MELB_URBAN,ROAD,3,20.0
158844,1,7,130,2,3,80.0,0,I,MELB_URBAN,RAMP,3,0.0
158845,2,3,100,5,6,50.0,0,N,TOWNS,STREET,3,22.0
158846,1,0,160,5,3,50.0,0,N,LARGE_PROVINCIAL_CITIES,DRIVE,3,5.0
158847,1,1,113,2,3,80.0,1,I,MELB_URBAN,ROAD,3,1.0
158848,2,6,100,2,1,50.0,0,I,MELB_URBAN,STREET,3,13.0
158849,2,1,99,5,3,80.0,0,N,MELB_URBAN,HIGHWAY,3,6.0
158850,4,5,171,5,1,50.0,0,N,MELB_URBAN,ROAD,3,10.0
158851,1,4,130,5,9,100.0,0,N,MELB_URBAN,FREEWAY,3,7.0
158852,1,6,130,5,1,80.0,0,N,MELB_URBAN,FREEWAY,3,14.0
158853,8,1,174,5,1,100.0,0,N,RURAL_VICTORIA,ROAD,3,9.0
158854,1,0,130,5,1,60.0,0,N,MELB_URBAN,ROAD,3,14.0
158855,1,7,130,5,3,60.0,0,N,LARGE_PROVINCIAL_CITIES,STREET,3,6.0
158856,1,2,130,5,9,80.0,0,N,MELB_URBAN,FREEWAY,3,14.0
158857,7,3,99,2,1,100.0,0,I,RURAL_VICTORIA,ROAD,3,8.0
158858,1,1,140,2,1,80.0,0,I,MELB_URBAN,STREET,3,12.0
158859,1,1,110,1,1,100.0,0,I,RURAL_VICTORIA,ROAD,3,10.0
158860,1,4,130,5,1,60.0,0,N,RURAL_VICTORIA,ROAD,3,17.0
158861,1,1,130,4,1,60.0,0,I,MELB_URBAN,RAMP,3,13.0
158862,8,1,184,5,1,60.0,0,N,MELB_URBAN,ROAD,3,9.0
158863,8,1,184,5,1,60.0,0,N,MELB_URBAN,STREET,3,14.0
158864,1,5,99,9,1,60.0,0,I,MELB_URBAN,ROAD,3,19.0
158865,1,0,130,5,1,70.0,0,N,MELB_URBAN,ROAD,3,14.0
158866,2,1,100,2,1,50.0,0,I,MELB_URBAN,ROAD,3,15.0
158867,1,0,99,5,2,80.0,0,N,MELB_URBAN,RAMP,3,17.0
158868,2,0,99,5,1,50.0,0,N,MELB_URBAN,DRIVE,3,16.0
158869,1,1,130,5,2,40.0,0,N,MELB_URBAN,ROAD,3,17.0
158870,1,1,99,2,1,60.0,0,I,RURAL_VICTORIA,ROAD,3,16.0
158871,1,1,120,2,2,60.0,0,I,MELB_URBAN,ROAD,3,19.0
158872,1,7,130,1,1,70.0,0,N,SMALL_CITIES,STREET,2,15.0
158873,6,1,99,5,3,60.0,0,N,MELB_URBAN,OTHER,3,20.0
158874,2,1,102,5,1,50.0,0,N,TOWNS,STREET,3,17.0
158875,4,1,181,5,1,80.0,0,N,RURAL_VICTORIA,ROAD,3,16.0
158876,1,1,160,1,3,50.0,0,I,LARGE_PROVINCIAL_CITIES,STREET,1,0.0
158877,1,1,132,2,3,50.0,0,N,LARGE_PROVINCIAL_CITIES,STREET,3,21.0
158878,1,1,111,4,1,60.0,0,I,MELB_URBAN,DRIVE,3,18.0
158879,1,7,147,5,1,60.0,0,N,MELB_URBAN,ROAD,3,8.0
158880,1,1,160,5,3,60.0,0,N,MELB_URBAN,ROAD,3,22.0
158881,1,4,111,1,2,60.0,0,I,MELB_URBAN,ROAD,2,19.0
158882,2,2,100,5,2,60.0,0,N,MELB_URBAN,STREET,3,6.0
158883,1,2,130,5,2,100.0,0,N,MELB_URBAN,FREEWAY,3,6.0
158884,1,2,130,5,1,60.0,0,N,LARGE_PROVINCIAL_CITIES,STREET,3,9.0
158885,4,1,181,5,1,80.0,0,N,RURAL_VICTORIA,HIGHWAY,3,14.0
158886,1,6,130,5,1,60.0,0,N,MELB_URBAN,FREEWAY,3,11.0
158887,4,1,173,5,1,80.0,0,N,UNKNOWN,ROAD,3,8.0
158888,1,7,130,5,3,60.0,1,N,MELB_URBAN,STREET,3,22.0
158889,8,7,174,5,1,80.0,0,N,RURAL_VICTORIA,ROAD,3,14.0
158890,1,2,147,5,2,80.0,0,N,MELB_URBAN,ROAD,3,7.0
158891,6,2,174,5,1,60.0,0,N,LARGE_PROVINCIAL_CITIES,ROAD,3,9.0
158892,1,2,121,5,1,60.0,0,N,MELB_URBAN,ROAD,3,10.0
158893,4,2,173,5,2,100.0,0,N,RURAL_VICTORIA,ROAD,3,7.0
158894,6,2,170,2,1,60.0,0,I,MELB_URBAN,STREET,3,7.0
158895,1,4,130,1,2,60.0,0,I,MELB_URBAN,BOULEVARD,3,19.0
158896,6,1,99,5,1,60.0,0,N,UNKNOWN,RAMP,3,11.0
158897,1,2,99,2,1,60.0,0,I,MELB_URBAN,ROAD,3,11.0
158898,1,1,99,5,1,80.0,0,N,MELB_URBAN,ROAD,3,16.0
158899,6,7,174,5,1,60.0,0,N,RURAL_VICTORIA,ROAD,12,12.0
158900,2,2,99,5,1,50.0,0,N,RURAL_VICTORIA,ROAD,3,8.0
158901,2,1,99,5,3,60.0,0,N,MELB_URBAN,STREET,3,21.0
158902,1,1,110,1,1,100.0,0,I,RURAL_VICTORIA,STREET,3,12.0
158903,4,2,171,3,1,100.0,0,N,TOWNS,HIGHWAY,3,11.0
158904,1,1,130,5,1,60.0,0,N,MELB_URBAN,STREET,3,13.0
158905,1,1,111,1,2,60.0,0,I,RURAL_VICTORIA,ROAD,3,4.0
158906,1,2,130,5,1,60.0,0,N,MELB_URBAN,ROAD,3,12.0
158907,1,4,133,5,9,60.0,0,N,MELB_URBAN,ROAD,3,17.0
158908,1,0,110,1,1,50.0,0,I,LARGE_PROVINCIAL_CITIES,STREET,3,12.0
158909,8,2,184,1,1,40.0,0,N,MELB_URBAN,DRIVE,3,9.0
158910,1,3,121,1,3,40.0,0,I,MELB_URBAN,STREET,3,21.0
158911,1,1,110,1,1,60.0,0,I,MELB_URBAN,ROAD,3,11.0