,accident_type,day_of_week,dca_code,road_geometry,light_condition,speed_zone,severity,node_type,deg_urban_name,road_type,month,hour
158912,1,2,130,5,2,50.0,0,N,MELB_URBAN,ROAD,3,17.0
158913,1,2,121,1,1,50.0,0,I,MELB_URBAN,ROAD,3,15.0
158914,1,5,99,5,1,40.0,0,N,MELB_URBAN,STREET,3,17.0
158915,4,2,181,5,1,100.0,0,N,RURAL_VICTORIA,ROAD,3,15.0
158916,4,2,181,5,1,60.0,0,N,TOWNS,ROAD,3,17.0
158917,1,4,130,5,2,100.0,0,N,MELB_URBAN,RAMP,3,6.0
158918,1,2,99,2,1,60.0,0,I,MELB_URBAN,STREET,3,17.0
158919,1,2,130,5,1,80.0,0,N,MELB_URBAN,RAMP,3,14.0
158920,1,5,132,2,2,50.0,0,I,MELB_URBAN,DRIVE,3,19.0
158921,4,2,171,1,1,60.0,0,I,LARGE_PROVINCIAL_CITIES,STREET,3,17.0
158922,1,6,130,5,2,100.0,0,N,MELB_URBAN,FREEWAY,3,17.0
158923,1,3,130,1,1,60.0,0,N,MELB_URBAN,ROAD,3,8.0
158924,1,2,135,5,1,60.0,0,N,MELB_URBAN,ROAD,3,16.0
158925,4,5,173,5,6,50.0,0,N,MELB_URBAN,STREET,2,0.0
158926,4,2,173,1,3,60.0,0,I,SMALL_CITIES,ROAD,3,20.0
158927,1,2,120,5,5,70.0,0,N,MELB_URBAN,ROAD,3,19.0
158928,4,1,171,5,1,80.0,0,N,MELB_URBAN,ROAD,3,14.0
158929,1,1,120,5,1,60.0,0,N,TOWNS,ROAD,3,13.0
158930,1,1,120,5,1,70.0,0,N,MELB_URBAN,ROAD,3,17.0
158931,1,4,111,1,1,50.0,0,I,MELB_URBAN,STREET,2,13.0
158932,1,1,99,5,2,60.0,0,N,MELB_URBAN,ROAD,3,19.0
158933,1,2,113,1,3,70.0,0,I,MELB_URBAN,ROAD,3,20.0
158934,1,1,130,2,3,60.0,0,I,MELB_URBAN,ROAD,3,20.0
158935,1,2,134,5,3,100.0,0,N,MELB_URBAN,FREEWAY,3,21.0
158936,1,6,130,5,3,60.0,0,N,MELB_URBAN,ROAD,3,20.0
158937,2,2,102,5,3,80.0,0,N,MELB_URBAN,ROAD,3,19.0
158938,1,1,130,2,1,40.0,0,I,MELB_URBAN,ROAD,3,14.0
158939,1,2,173,5,3,60.0,0,N,MELB_URBAN,STREET,3,21.0
158940,4,5,171,5,1,40.0,0,N,RURAL_VICTORIA,ROAD,3,10.0
158941,4,2,171,5,5,80.0,0,N,RURAL_VICTORIA,ROAD,3,1.0
158942,1,1,110,1,3,60.0,0,I,MELB_URBAN,ROAD,3,20.0
158943,1,7,130,1,6,60.0,0,N,SMALL_TOWNS,ROAD,3,21.0
158944,1,5,132,2,1,60.0,0,N,MELB_URBAN,ROAD,3,14.0
158945,7,1,99,5,1,60.0,0,N,RURAL_VICTORIA,ROAD,3,12.0
158946,5,4,99,5,1,100.0,0,N,MELB_URBAN,ROAD,3,10.0
158947,1,5,135,5,1,80.0,0,N,MELB_URBAN,ROAD,12,13.0
158948,1,3,110,1,1,80.0,0,I,MELB_URBAN,OTHER,3,10.0
158949,6,1,99,5,1,60.0,0,N,RURAL_VICTORIA,ROAD,3,11.0
158950,1,1,130,2,1,60.0,0,N,MELB_URBAN,RAMP,3,12.0
158951,1,7,130,5,1,60.0,0,N,MELB_URBAN,ROAD,3,10.0
158952,1,2,133,5,1,50.0,0,N,SMALL_CITIES,ROAD,3,17.0
158953,1,3,130,2,1,80.0,0,I,MELB_URBAN,RAMP,3,9.0
158954,6,1,174,5,1,80.0,0,N,RURAL_VICTORIA,ROAD,11,16.0
158955,4,3,181,5,2,80.0,0,I,RURAL_VICTORIA,ROAD,3,7.0
158956,1,3,113,2,1,80.0,0,I,RURAL_VICTORIA,ROAD,3,7.0
158957,1,3,121,5,1,50.0,0,N,MELB_URBAN,ROAD,3,8.0
158958,1,3,121,1,2,60.0,0,I,MELB_URBAN,ROAD,3,7.0
158959,1,6,130,5,1,60.0,0,N,MELB_URBAN,HIGHWAY,3,12.0
158960,1,2,99,5,3,60.0,0,N,MELB_URBAN,RAMP,3,21.0
158961,1,3,113,2,1,60.0,0,N,MELB_URBAN,PARADE,3,12.0
158962,1,3,130,5,1,60.0,0,N,MELB_URBAN,ROAD,3,13.0
158963,1,3,121,2,1,80.0,0,I,MELB_URBAN,ROAD,3,13.0
158964,1,4,130,5,9,60.0,0,N,MELB_URBAN,FREEWAY,3,17.0
158965,1,5,130,5,1,60.0,0,N,MELB_URBAN,ROAD,3,18.0
158966,1,3,160,5,1,40.0,0,N,SMALL_CITIES,STREET,3,14.0
158967,1,3,113,2,1,50.0,0,I,MELB_URBAN,STREET,3,14.0
158968,1,5,134,5,1,80.0,0,N,MELB_URBAN,HIGHWAY,3,15.0
158969,1,3,99,2,1,60.0,0,I,MELB_URBAN,ROAD,3,10.0
158970,1,2,121,5,1,80.0,0,N,RURAL_VICTORIA,ROAD,3,17.0
158971,1,3,99,5,1,100.0,0,N,MELB_URBAN,FREEWAY,2,9.0
158972,1,3,121,5,1,60.0,0,N,MELB_URBAN,ROAD,3,14.0
158973,1,3,110,1,1,80.0,0,I,RURAL_VICTORIA,ROAD,3,15.0
158974,1,1,116,2,1,60.0,0,I,MELB_URBAN,ROAD,3,15.0
158975,1,3,147,5,1,60.0,0,N,MELB_URBAN,OTHER,3,14.0
158976,3,1,167,5,5,100.0,0,N,RURAL_VICTORIA,ROAD,2,4.0
158977,4,3,173,5,1,100.0,0,N,RURAL_VICTORIA,HIGHWAY,3,18.0
158978,1,3,134,5,1,80.0,0,N,MELB_URBAN,HIGHWAY,3,18.0
158979,4,3,173,5,3,60.0,0,N,SMALL_CITIES,STREET,3,6.0
158980,1,2,121,2,3,50.0,0,I,MELB_URBAN,AVENUE,3,20.0
158981,1,1,130,5,9,60.0,0,N,MELB_URBAN,STREET,3,17.0
158982,1,2,121,1,3,70.0,0,I,LARGE_PROVINCIAL_CITIES,HIGHWAY,3,21.0
158983,1,3,110,1,3,50.0,0,I,MELB_URBAN,STREET,3,22.0
158984,1,3,140,5,3,50.0,0,N,SMALL_CITIES,STREET,3,2.0
158985,1,4,160,5,3,50.0,0,N,LARGE_PROVINCIAL_CITIES,STREET,3,2.0
158986,1,2,130,5,3,40.0,0,N,MELB_URBAN,FREEWAY,2,23.0
158987,1,1,120,5,1,50.0,0,N,MELB_URBAN,DRIVE,3,7.0
158988,1,4,121,1,3,60.0,0,I,MELB_URBAN,STREET,3,6.0
158989,5,4,171,5,2,80.0,0,I,SMALL_CITIES,ROAD,3,7.0
158990,1,3,110,1,3,60.0,0,I,MELB_URBAN,ROAD,3,6.0
158991,1,4,130,5,1,110.0,0,N,SMALL_CITIES,FREEWAY,3,7.0
158992,1,0,135,5,1,60.0,0,N,MELB_URBAN,ROAD,3,10.0
158993,1,3,130,2,2,60.0,0,N,MELB_URBAN,ROAD,3,6.0
158994,1,4,113,1,1,50.0,0,I,MELB_URBAN,ROAD,3,8.0
158995,1,4,130,5,1,50.0,0,N,MELB_URBAN,ROAD,3,8.0
158996,1,2,130,5,2,100.0,0,N,MELB_URBAN,FREEWAY,3,7.0
158997,1,4,134,5,1,80.0,0,N,MELB_URBAN,ROAD,3,8.0
158998,1,3,130,5,3,60.0,0,N,MELB_URBAN,ROAD,3,6.0
158999,4,1,181,5,1,80.0,0,N,RURAL_VICTORIA,ROAD,3,14.0
159000,1,5,130,5,1,60.0,0,N,LARGE_PROVINCIAL_CITIES,STREET,3,9.0
159001,1,2,113,2,1,50.0,0,N,MELB_URBAN,ROAD,2,18.0
159002,1,2,121,1,1,60.0,0,I,MELB_URBAN,ROAD,3,7.0
159003,1,3,110,1,1,40.0,0,I,MELB_URBAN,STREET,3,9.0
159004,1,3,110,1,1,60.0,0,I,MELB_URBAN,ROAD,2,10.0
159005,1,4,111,2,1,60.0,0,I,MELB_URBAN,STREET,3,11.0
159006,1,4,160,3,1,60.0,0,I,MELB_URBAN,ROAD,3,9.0
159007,4,4,173,5,3,60.0,0,N,LARGE_PROVINCIAL_CITIES,ROAD,3,5.0
159008,7,6,184,5,1,60.0,0,N,RURAL_VICTORIA,ROAD,3,15.0
159009,2,4,100,2,1,50.0,0,I,MELB_URBAN,OTHER,3,8.0
159010,3,4,167,5,1,80.0,0,N,RURAL_VICTORIA,ROAD,3,10.0
159011,1,4,130,5,9,50.0,0,N,MELB_URBAN,PARADE,3,22.0
159012,1,4,99,5,2,80.0,0,N,RURAL_VICTORIA,ROAD,3,6.0
159013,4,3,183,5,1,70.0,0,N,RURAL_VICTORIA,ROAD,3,10.0
159014,1,2,99,5,3,60.0,0,N,MELB_URBAN,STREET,3,5.0
159015,6,3,99,5,2,80.0,0,N,RURAL_VICTORIA,ROAD,3,7.0
159016,1,3,110,1,1,60.0,0,I,TOWNS,STREET,3,11.0
159017,1,4,110,1,1,50.0,0,I,MELB_URBAN,STREET,3,10.0
159018,1,4,110,1,1,100.0,0,I,RURAL_VICTORIA,ROAD,3,9.0
159019,4,3,171,5,1,80.0,0,N,MELB_URBAN,ROAD,3,13.0
159020,1,4,130,5,2,100.0,0,N,MELB_URBAN,FREEWAY,3,7.0
159021,1,4,130,5,1,60.0,0,N,MELB_URBAN,ROAD,3,14.0
159022,1,0,113,2,1,80.0,0,I,MELB_URBAN,ROAD,3,14.0
159023,4,4,173,5,1,60.0,0,I,SMALL_CITIES,DRIVE,3,7.0
159024,1,4,120,5,1,100.0,0,N,RURAL_VICTORIA,ROAD,3,13.0
159025,1,3,130,2,1,100.0,0,I,MELB_URBAN,RAMP,3,10.0
159026,1,4,110,1,1,50.0,0,I,RURAL_VICTORIA,ROAD,3,15.0
159027,1,3,110,1,1,50.0,0,I,MELB_URBAN,STREET,3,17.0
159028,1,4,130,5,1,70.0,0,N,MELB_URBAN,ROAD,3,15.0
159029,1,7,135,1,1,60.0,0,N,MELB_URBAN,ROAD,3,15.0
159030,4,4,99,5,5,100.0,1,N,RURAL_VICTORIA,ROAD,3,0.0
159031,2,3,99,5,1,60.0,0,N,SMALL_CITIES,ROAD,3,13.0
159032,1,1,113,2,1,70.0,0,I,MELB_URBAN,ROAD,3,15.0
159033,1,6,147,2,3,60.0,0,I,SMALL_CITIES,STREET,3,22.0
159034,4,3,181,5,1,110.0,0,N,RURAL_VICTORIA,FREEWAY,3,16.0
159035,1,6,130,5,9,60.0,0,N,MELB_URBAN,ROAD,3,6.0
159036,1,4,140,5,1,50.0,0,N,MELB_URBAN,UNKNOWN,3,18.0
159037,1,3,120,5,1,50.0,0,N,RURAL_VICTORIA,BOULEVARD,3,14.0
159038,2,4,100,5,3,80.0,0,I,MELB_URBAN,HIGHWAY,3,20.0
159039,4,4,171,5,3,100.0,0,N,MELB_URBAN,FREEWAY,3,21.0
159040,4,6,171,1,1,60.0,0,I,MELB_URBAN,DRIVE,3,15.0
159041,1,3,163,5,3,40.0,0,N,MELB_URBAN,STREET,3,21.0
159042,1,0,135,5,1,100.0,0,N,MELB_URBAN,FREEWAY,12,11.0
159043,4,3,171,5,3,80.0,0,N,MELB_URBAN,ROAD,3,23.0
159044,1,2,121,2,2,40.0,0,I,MELB_URBAN,ROAD,3,8.0
159045,1,4,99,2,3,50.0,0,I,MELB_URBAN,STREET,3,6.0
159046,1,4,163,5,3,40.0,0,N,MELB_URBAN,STREET,3,6.0
159047,1,3,113,2,1,60.0,0,I,MELB_URBAN,ROAD,3,14.0
159048,8,4,99,5,1,80.0,0,N,RURAL_VICTORIA,ROAD,3,11.0
159049,1,4,130,5,6,80.0,0,N,TOWNS,ROAD,3,21.0
159050,1,5,99,1,1,50.0,0,I,TOWNS,ROAD,3,14.0
159051,1,4,130,2,1,60.0,0,I,LARGE_PROVINCIAL_CITIES,STREET,3,9.0
159052,1,4,130,1,1,80.0,0,I,MELB_URBAN,ROAD,3,9.0
159053,6,6,99,5,1,60.0,0,N,SMALL_TOWNS,ROAD,3,13.0
159054,1,4,130,5,1,80.0,0,N,MELB_URBAN,HIGHWAY,3,8.0
159055,1,5,121,1,1,80.0,0,I,LARGE_PROVINCIAL_CITIES,HIGHWAY,3,11.0
159056,8,5,170,5,1,80.0,0,N,UNKNOWN,ROAD,3,11.0
159057,1,4,130,5,1,60.0,0,N,LARGE_PROVINCIAL_CITIES,STREET,3,12.0
159058,1,4,130,5,1,100.0,0,N,RURAL_VICTORIA,FREEWAY,3,11.0
159059,1,3,99,5,1,60.0,0,N,MELB_URBAN,STREET,3,14.0
159060,7,4,99,5,2,60.0,0,N,MELB_URBAN,ROAD,3,18.0
159061,1,4,130,5,1,40.0,0,N,RURAL_VICTORIA,ROAD,3,11.0
159062,1,4,130,5,1,60.0,0,N,MELB_URBAN,HIGHWAY,3,13.0
159063,1,4,121,5,1,50.0,0,N,SMALL_TOWNS,AVENUE,3,13.0
159064,1,5,113,2,1,60.0,0,I,SMALL_TOWNS,STREET,3,10.0
159065,4,5,171,5,1,50.0,0,N,MELB_URBAN,BOULEVARD,3,11.0
159066,6,4,99,5,1,50.0,0,N,UNKNOWN,ROAD,3,15.0
159067,1,6,121,4,1,80.0,0,N,UNKNOWN,RAMP,3,9.0
159068,4,4,173,5,1,60.0,0,N,RURAL_VICTORIA,ROAD,3,14.0
159069,1,3,130,5,2,60.0,0,N,MELB_URBAN,ROAD,1,6.0
159070,4,5,171,5,1,60.0,0,N,MELB_URBAN,ROAD,3,13.0
159071,1,1,130,5,1,100.0,0,N,MELB_URBAN,FREEWAY,3,7.0
159072,4,4,173,5,1,50.0,0,N,MELB_URBAN,ROAD,3,16.0
159073,1,4,130,5,2,80.0,0,N,MELB_URBAN,STREET,3,6.0
159074,1,4,99,2,1,50.0,0,N,UNKNOWN,AVENUE,3,15.0
159075,1,5,132,2,9,60.0,0,I,MELB_URBAN,OTHER,3,10.0
159076,1,5,121,2,2,80.0,0,I,SMALL_CITIES,ROAD,3,18.0
159077,3,3,167,5,9,60.0,0,N,MELB_URBAN,ROAD,3,8.0
159078,4,5,173,5,1,100.0,0,N,MELB_URBAN,ROAD,1,11.0
159079,1,3,130,1,9,70.0,0,N,SMALL_CITIES,HIGHWAY,3,13.0
159080,1,4,110,1,1,60.0,0,I,LARGE_PROVINCIAL_CITIES,STREET,3,16.0
159081,1,6,121,2,1,80.0,0,I,MELB_URBAN,HIGHWAY,3,15.0
159082,1,4,99,2,1,50.0,0,I,MELB_URBAN,DRIVE,3,9.0
159083,1,3,130,5,2,80.0,0,N,MELB_URBAN,FREEWAY,3,6.0
159084,8,1,99,5,1,40.0,0,N,MELB_URBAN,ROAD,3,16.0
159085,4,5,171,5,3,50.0,0,N,UNKNOWN,STREET,3,21.0
159086,1,5,120,5,3,50.0,0,N,MELB_URBAN,ROAD,3,21.0
159087,1,5,120,5,3,50.0,0,N,MELB_URBAN,STREET,3,21.0
159088,1,5,173,5,1,100.0,1,N,LARGE_PROVINCIAL_CITIES,ROAD,3,17.0
159089,6,4,174,5,1,60.0,0,N,MELB_URBAN,ROAD,3,12.0
159090,2,5,102,5,3,60.0,0,N,LARGE_PROVINCIAL_CITIES,ROAD,3,22.0
159091,4,4,183,5,5,100.0,0,N,RURAL_VICTORIA,ROAD,3,23.0
159092,1,5,113,2,5,40.0,0,I,MELB_URBAN,OTHER,3,6.0
159093,1,4,110,1,2,60.0,0,I,MELB_URBAN,ROAD,3,8.0
159094,1,0,110,1,1,60.0,0,I,MELB_URBAN,ROAD,7,9.0
159095,1,2,111,2,1,60.0,0,I,SMALL_CITIES,DRIVE,3,8.0
159096,1,1,160,5,1,40.0,0,N,TOWNS,ROAD,3,12.0
159097,5,2,99,5,1,80.0,0,N,MELB_URBAN,ROAD,2,10.0
159098,1,4,132,2,9,60.0,0,N,MELB_URBAN,ROAD,3,11.0
159099,1,6,130,5,1,80.0,0,N,MELB_URBAN,ROAD,3,9.0
159100,1,5,99,2,1,50.0,0,N,MELB_URBAN,STREET,3,11.0
159101,1,6,113,1,1,60.0,0,I,LARGE_PROVINCIAL_CITIES,ROAD,3,10.0
159102,1,6,130,5,1,40.0,0,N,MELB_URBAN,OTHER,3,11.0
159103,1,2,111,2,1,60.0,0,N,TOWNS,HIGHWAY,3,16.0
159104,4,6,181,5,1,80.0,0,N,RURAL_VICTORIA,ROAD,3,9.0
159105,1,5,121,1,1,60.0,0,I,RURAL_VICTORIA,ROAD,3,12.0
159106,1,6,110,1,1,80.0,0,I,MELB_URBAN,ROAD,3,8.0
159107,1,4,121,2,1,50.0,0,I,SMALL_CITIES,ROAD,3,14.0
159108,1,1,110,1,1,60.0,0,I,RURAL_VICTORIA,STREET,3,14.0
159109,1,5,130,5,9,60.0,0,N,RURAL_VICTORIA,RAMP,3,7.0
159110,1,6,130,5,6,100.0,0,N,MELB_URBAN,FREEWAY,3,2.0
159111,4,7,171,5,1,70.0,0,N,SMALL_CITIES,STREET,12,9.0
159112,8,7,174,5,3,60.0,0,N,MELB_URBAN,STREET,3,4.0
159113,1,2,133,5,2,60.0,0,N,MELB_URBAN,ROAD,3,7.0
159114,2,2,99,5,9,60.0,0,N,MELB_URBAN,ROAD,3,7.0
159115,3,7,167,5,1,100.0,0,N,RURAL_VICTORIA,ROAD,12,7.0
159116,1,6,99,4,1,80.0,0,I,RURAL_VICTORIA,ROAD,3,9.0
159117,1,6,140,5,1,60.0,0,N,TOWNS,ROAD,3,13.0
159118,4,6,173,5,1,80.0,0,N,UNKNOWN,ROAD,3,14.0
159119,1,6,132,2,1,60.0,0,I,LARGE_PROVINCIAL_CITIES,ROAD,3,15.0
159120,6,5,174,5,1,60.0,0,N,SMALL_CITIES,STREET,3,13.0
159121,1,5,130,5,1,60.0,0,N,SMALL_CITIES,STREET,3,12.0
159122,1,2,130,5,1,80.0,0,N,MELB_URBAN,ROAD,3,14.0
159123,1,6,113,1,1,70.0,0,I,RURAL_VICTORIA,ROAD,3,15.0
159124,8,6,174,2,1,60.0,0,N,MELB_URBAN,ROAD,3,17.0
159125,4,5,181,5,2,50.0,0,N,TOWNS,AVENUE,3,17.0
159126,1,6,130,5,1,80.0,0,N,MELB_URBAN,ROAD,3,14.0
159127,1,3,130,5,1,60.0,0,N,MELB_URBAN,HIGHWAY,3,15.0
159128,1,6,121,2,1,80.0,0,I,MELB_URBAN,HIGHWAY,3,16.0
159129,1,5,133,5,2,60.0,0,N,MELB_URBAN,ROAD,3,5.0
159130,4,5,181,5,1,80.0,0,N,MELB_URBAN,ROAD,3,14.0
159131,1,3,135,5,1,60.0,0,N,MELB_URBAN,PARADE,3,17.0
159132,9,6,99,5,3,100.0,0,N,MELB_URBAN,UNKNOWN,3,19.0
159133,1,6,99,1,1,60.0,0,N,MELB_URBAN,ROAD,1,17.0
159134,1,6,116,2,1,60.0,0,I,LARGE_PROVINCIAL_CITIES,STREET,3,15.0
159135,1,6,99,1,1,100.0,0,I,RURAL_VICTORIA,ROAD,3,16.0
159136,4,5,183,5,3,50.0,0,N,SMALL_CITIES,DRIVE,3,19.0
159137,1,5,99,2,2,40.0,0,N,MELB_URBAN,PARADE,3,19.0
159138,1,3,121,1,2,60.0,0,I,RURAL_VICTORIA,ROAD,3,5.0
159139,4,6,173,5,2,100.0,0,N,MELB_URBAN,FREEWAY,3,6.0
159140,1,6,130,5,1,60.0,0,N,MELB_URBAN,STREET,3,15.0
159141,1,7,160,5,3,60.0,1,N,MELB_URBAN,ROAD,4,2.0
159142,4,7,173,5,3,70.0,1,N,MELB_URBAN,HIGHWAY,4,0.0
159143,1,7,160,5,3,70.0,0,N,TOWNS,ROAD,4,5.0
159144,2,7,102,2,3,70.0,0,I,MELB_URBAN,ROAD,4,6.0
159145,3,6,167,5,5,100.0,0,N,RURAL_VICTORIA,ROAD,3,19.0
159146,1,7,116,2,1,60.0,0,I,MELB_URBAN,DRIVE,4,9.0
159147,1,6,99,2,1,100.0,0,I,RURAL_VICTORIA,ROAD,4,9.0
159148,4,6,181,5,5,80.0,0,N,MELB_URBAN,ROAD,3,18.0
159149,1,7,130,5,2,100.0,0,N,SMALL_TOWNS,FREEWAY,4,6.0
159150,1,7,163,5,1,40.0,0,N,MELB_URBAN,STREET,4,10.0
159151,1,6,130,2,1,80.0,0,N,MELB_URBAN,HIGHWAY,3,12.0
159152,1,4,135,2,1,50.0,0,I,MELB_URBAN,STREET,3,18.0
159153,1,7,121,5,2,60.0,0,N,MELB_URBAN,ROAD,4,7.0
159154,1,7,113,2,1,60.0,0,I,MELB_URBAN,ROAD,4,11.0
159155,6,7,99,5,1,100.0,0,N,RURAL_VICTORIA,ROAD,4,10.0
159156,8,6,174,5,1,70.0,0,N,MELB_URBAN,ROAD,3,17.0
159157,2,6,100,5,1,50.0,0,N,LARGE_PROVINCIAL_CITIES,HIGHWAY,3,14.0
159158,1,3,121,2,3,40.0,0,I,MELB_URBAN,STREET,3,19.0
159159,1,7,111,1,2,50.0,0,N,MELB_URBAN,ROAD,4,17.0
159160,1,4,130,5,1,100.0,0,N,MELB_URBAN,FREEWAY,3,18.0
159161,1,7,130,5,1,100.0,0,N,SMALL_TOWNS,FREEWAY,4,14.0
159162,1,6,110,1,1,50.0,0,I,MELB_URBAN,PARADE,4,15.0
159163,1,7,130,5,1,70.0,0,N,LARGE_PROVINCIAL_CITIES,ROAD,4,16.0
159164,1,3,111,2,1,60.0,0,N,MELB_URBAN,STREET,3,15.0
159165,4,7,183,2,1,50.0,0,I,MELB_URBAN,ROAD,4,16.0
159166,6,5,184,5,1,100.0,0,N,RURAL_VICTORIA,ROAD,1,12.0
159167,1,7,121,2,1,60.0,0,N,MELB_URBAN,STREET,4,16.0
159168,2,6,99,2,1,40.0,0,I,MELB_URBAN,ROAD,4,15.0
159169,4,7,99,2,3,80.0,0,N,MELB_URBAN,ROAD,4,20.0
159170,1,5,130,1,1,60.0,0,I,MELB_URBAN,AVENUE,3,9.0
159171,1,6,120,5,3,70.0,0,N,MELB_URBAN,ROAD,3,23.0
159172,1,6,163,5,3,40.0,0,N,MELB_URBAN,ROAD,4,20.0
159173,1,7,110,1,5,100.0,0,I,RURAL_VICTORIA,ROAD,4,20.0
159174,1,7,130,5,1,80.0,0,N,MELB_URBAN,HIGHWAY,4,15.0
159175,4,7,173,2,1,40.0,0,I,MELB_URBAN,ROAD,4,15.0
159176,4,7,171,5,5,100.0,0,N,RURAL_VICTORIA,ROAD,4,22.0
159177,1,7,130,1,3,80.0,0,I,TOWNS,HIGHWAY,4,22.0
159178,1,7,121,2,3,60.0,0,I,MELB_URBAN,ROAD,4,22.0
159179,4,1,171,5,5,80.0,0,N,RURAL_VICTORIA,ROAD,4,0.0
159180,1,1,160,5,3,80.0,0,N,MELB_URBAN,HIGHWAY,4,2.0
159181,1,7,133,5,3,60.0,0,N,UNKNOWN,ROAD,4,23.0
159182,6,2,170,5,5,100.0,0,N,RURAL_VICTORIA,ROAD,3,23.0
159183,1,7,140,2,5,80.0,0,I,MELB_URBAN,ROAD,4,21.0
159184,1,5,99,2,2,70.0,0,N,MELB_URBAN,DRIVE,3,18.0
159185,3,1,167,5,1,50.0,0,N,RURAL_VICTORIA,ROAD,4,8.0
159186,1,7,111,2,1,80.0,0,N,MELB_URBAN,HIGHWAY,4,10.0
159187,8,7,184,5,1,60.0,0,N,RURAL_VICTORIA,OTHER,3,17.0
159188,4,0,173,5,3,50.0,0,N,TOWNS,STREET,4,2.0
159189,1,6,147,4,1,40.0,0,N,MELB_URBAN,STREET,3,15.0
159190,1,1,116,1,1,60.0,0,I,MELB_URBAN,ROAD,4,9.0
159191,1,6,110,1,3,50.0,0,I,SMALL_CITIES,STREET,4,22.0
159192,1,1,130,2,1,70.0,0,I,MELB_URBAN,HIGHWAY,4,7.0
159193,6,1,99,5,1,80.0,0,N,RURAL_VICTORIA,ROAD,4,9.0
159194,1,1,132,1,3,60.0,0,N,LARGE_PROVINCIAL_CITIES,STREET,4,1.0
159195,6,0,99,1,1,80.0,0,I,RURAL_VICTORIA,ROAD,4,13.0
159196,1,1,171,5,1,60.0,0,N,UNKNOWN,ROAD,4,13.0
159197,1,7,99,4,1,80.0,0,I,MELB_URBAN,HIGHWAY,4,15.0
159198,1,4,113,2,1,60.0,0,I,LARGE_PROVINCIAL_CITIES,STREET,3,8.0
159199,1,5,130,2,1,40.0,0,I,MELB_URBAN,STREET,3,12.0
159200,4,1,183,5,1,100.0,0,N,RURAL_VICTORIA,ROAD,4,10.0
159201,4,1,181,5,1,100.0,0,N,RURAL_VICTORIA,ROAD,4,14.0
159202,1,1,121,2,1,80.0,0,I,RURAL_VICTORIA,ROAD,4,14.0
159203,6,0,184,5,1,100.0,0,N,RURAL_VICTORIA,ROAD,4,14.0
159204,1,6,99,5,1,40.0,0,N,MELB_URBAN,STREET,3,16.0
159205,6,3,99,5,1,60.0,0,N,RURAL_VICTORIA,ROAD,2,16.0
159206,1,0,110,1,1,50.0,0,I,SMALL_CITIES,STREET,4,16.0
159207,1,1,133,5,6,50.0,0,N,MELB_URBAN,ROAD,4,0.0
159208,1,0,110,1,1,60.0,0,I,MELB_URBAN,ROAD,4,16.0
159209,1,1,121,3,2,80.0,0,N,RURAL_VICTORIA,ROAD,4,17.0
159210,2,0,99,2,6,60.0,0,N,MELB_URBAN,ROAD,4,18.0
159211,1,1,140,5,1,50.0,0,N,RURAL_VICTORIA,ROAD,4,17.0
159212,4,1,99,5,1,80.0,0,N,MELB_URBAN,FREEWAY,4,15.0
159213,1,0,111,2,3,60.0,0,I,MELB_URBAN,STREET,4,19.0
159214,1,1,116,2,3,40.0,0,N,UNKNOWN,STREET,4,21.0
159215,1,1,130,5,2,60.0,0,N,MELB_URBAN,ROAD,4,17.0
159216,1,1,130,5,3,60.0,0,N,MELB_URBAN,ROAD,4,21.0
159217,1,4,99,1,1,50.0,0,I,MELB_URBAN,STREET,3,16.0
159218,1,2,110,1,9,60.0,0,I,MELB_URBAN,STREET,3,17.0
159219,1,1,99,5,3,40.0,0,N,RURAL_VICTORIA,ROAD,4,23.0
159220,1,2,130,5,3,60.0,0,N,MELB_URBAN,STREET,4,3.0
159221,1,4,130,5,1,100.0,0,N,MELB_URBAN,FREEWAY,2,7.0
159222,6,3,174,5,2,60.0,0,N,RURAL_VICTORIA,ROAD,3,5.0
159223,1,1,99,2,1,60.0,0,I,SMALL_CITIES,ROAD,4,8.0
159224,1,4,130,2,1,80.0,0,I,MELB_URBAN,HIGHWAY,3,17.0
159225,1,7,160,5,1,50.0,0,N,MELB_URBAN,UNKNOWN,1,9.0
159226,1,1,121,1,1,60.0,0,I,RURAL_VICTORIA,RAMP,4,8.0
159227,1,4,113,2,1,60.0,0,I,MELB_URBAN,ROAD,12,11.0
159228,1,1,133,5,1,100.0,0,N,RURAL_VICTORIA,FREEWAY,4,7.0
159229,1,2,133,5,1,100.0,0,N,MELB_URBAN,UNKNOWN,4,8.0
159230,4,1,99,5,1,50.0,0,N,TOWNS,STREET,4,10.0
159231,1,1,120,5,1,60.0,0,N,SMALL_CITIES,STREET,4,9.0
159232,1,2,113,1,1,60.0,0,I,MELB_URBAN,ROAD,4,9.0
159233,1,2,99,5,1,50.0,1,N,LARGE_PROVINCIAL_CITIES,OTHER,4,6.0
159234,2,2,102,1,1,60.0,0,I,MELB_URBAN,ROAD,4,10.0
159235,1,3,130,1,1,80.0,0,N,MELB_URBAN,ROAD,3,9.0
159236,1,2,121,1,2,80.0,0,I,MELB_URBAN,ROAD,4,6.0
159237,1,1,160,5,1,60.0,0,N,MELB_URBAN,ROAD,4,11.0
159238,1,2,99,5,1,60.0,0,N,LARGE_PROVINCIAL_CITIES,ROAD,4,12.0
159239,3,7,167,5,5,110.0,0,N,RURAL_VICTORIA,FREEWAY,4,6.0