,accident_type,day_of_week,dca_code,road_geometry,light_condition,speed_zone,severity,node_type,deg_urban_name,road_type,month,hour
159240,4,2,173,5,1,50.0,0,N,MELB_URBAN,ROAD,4,13.0
159241,1,1,160,5,1,50.0,0,N,TOWNS,STREET,4,12.0
159242,2,2,99,5,9,60.0,0,N,MELB_URBAN,STREET,4,13.0
159243,1,5,110,1,6,50.0,0,I,SMALL_CITIES,STREET,1,23.0
159244,1,2,110,1,1,60.0,0,I,SMALL_CITIES,STREET,4,11.0
159245,1,1,121,2,1,60.0,0,I,MELB_URBAN,ROAD,4,14.0
159246,1,1,113,1,1,50.0,0,N,SMALL_TOWNS,STREET,4,16.0
159247,1,1,130,2,1,60.0,0,I,RURAL_VICTORIA,HIGHWAY,3,12.0
159248,1,3,160,5,9,60.0,0,N,MELB_URBAN,DRIVE,3,15.0
159249,4,2,181,5,1,50.0,0,N,TOWNS,ROAD,4,14.0
159250,2,1,99,2,1,60.0,0,I,MELB_URBAN,ROAD,4,16.0
159251,1,2,113,2,1,80.0,0,I,MELB_URBAN,ROAD,4,16.0
159252,1,1,130,2,1,40.0,0,I,RURAL_VICTORIA,ROAD,4,15.0
159253,2,1,100,1,9,40.0,0,I,MELBOURNE_CBD,STREET,4,7.0
159254,1,3,147,5,1,60.0,0,N,MELB_URBAN,ROAD,3,18.0
159255,1,2,160,5,1,50.0,0,N,RURAL_VICTORIA,PARADE,4,17.0
159256,1,1,160,5,2,50.0,0,N,MELB_URBAN,STREET,4,18.0
159257,1,3,130,5,2,100.0,0,N,MELB_URBAN,FREEWAY,3,7.0
159258,1,2,113,2,1,60.0,0,I,LARGE_PROVINCIAL_CITIES,STREET,4,14.0
159259,1,1,130,5,2,70.0,0,N,MELB_URBAN,ROAD,4,18.0
159260,5,0,99,5,2,100.0,0,N,RURAL_VICTORIA,ROAD,3,5.0
159261,1,2,99,1,1,60.0,0,I,MELB_URBAN,ROAD,4,15.0
159262,4,2,173,5,1,60.0,0,N,MELB_URBAN,STREET,4,16.0
159263,1,2,110,1,2,60.0,0,I,SMALL_CITIES,STREET,4,17.0
159264,1,2,183,5,2,80.0,0,N,MELB_URBAN,ROAD,4,18.0
159265,2,5,100,5,1,40.0,0,N,MELB_URBAN,ROAD,3,15.0
159266,4,2,171,5,3,70.0,0,N,MELB_URBAN,HIGHWAY,4,22.0
159267,1,2,121,1,3,80.0,0,N,MELB_URBAN,ROAD,4,22.0
159268,1,2,99,2,3,50.0,0,N,MELB_URBAN,ROAD,4,21.0
159269,1,3,113,2,2,80.0,0,I,MELB_URBAN,ROAD,4,5.0
159270,1,3,160,5,3,70.0,0,N,MELB_URBAN,ROAD,4,2.0
159271,7,5,99,5,1,60.0,0,N,MELB_URBAN,ROAD,1,14.0
159272,4,6,171,5,1,60.0,0,N,LARGE_PROVINCIAL_CITIES,STREET,3,18.0
159273,1,3,160,5,3,50.0,0,N,MELB_URBAN,STREET,4,5.0
159274,1,2,130,1,1,60.0,0,I,MELB_URBAN,ROAD,4,7.0
159275,1,6,133,5,2,60.0,0,N,UNKNOWN,ROAD,3,7.0
159276,1,5,99,5,1,80.0,0,N,RURAL_VICTORIA,ROAD,2,12.0
159277,6,3,174,5,1,50.0,0,N,TOWNS,STREET,4,9.0
159278,1,3,116,1,1,110.0,0,I,UNKNOWN,HIGHWAY,4,9.0
159279,1,3,99,5,1,40.0,0,N,LARGE_PROVINCIAL_CITIES,STREET,4,12.0
159280,1,5,130,1,2,60.0,0,I,MELB_URBAN,ROAD,3,7.0
159281,1,3,121,2,2,40.0,0,I,MELB_URBAN,STREET,3,17.0
159282,1,2,130,5,1,60.0,0,N,MELB_URBAN,ROAD,2,8.0
159283,4,2,99,2,1,60.0,0,I,MELB_URBAN,ROAD,4,11.0
159284,6,3,99,5,1,100.0,0,N,RURAL_VICTORIA,ROAD,4,11.0
159285,1,6,99,2,3,50.0,0,I,MELB_URBAN,ROAD,3,19.0
159286,7,3,99,5,2,40.0,0,N,SMALL_CITIES,STREET,3,19.0
159287,1,3,121,2,1,70.0,0,I,MELB_URBAN,ROAD,4,12.0
159288,4,3,173,5,1,60.0,0,N,UNKNOWN,OTHER,4,12.0
159289,1,4,121,5,9,50.0,0,N,MELB_URBAN,STREET,3,9.0
159290,1,3,110,1,1,50.0,0,I,SMALL_CITIES,STREET,3,12.0
159291,1,3,99,2,1,60.0,0,I,SMALL_CITIES,STREET,4,12.0
159292,1,6,140,5,1,100.0,0,N,RURAL_VICTORIA,ROAD,4,10.0
159293,1,3,120,5,1,100.0,0,N,RURAL_VICTORIA,ROAD,4,12.0
159294,8,3,99,2,1,60.0,0,I,RURAL_VICTORIA,ROAD,4,12.0
159295,6,0,174,5,1,60.0,0,N,MELB_URBAN,RAMP,4,9.0
159296,1,4,116,2,1,60.0,0,I,MELB_URBAN,AVENUE,3,15.0
159297,1,3,130,5,9,70.0,0,N,MELB_URBAN,ROAD,11,9.0
159298,1,5,130,3,2,70.0,0,N,MELB_URBAN,ROAD,3,20.0
159299,1,1,130,5,1,80.0,0,N,MELB_URBAN,RAMP,4,7.0
159300,1,3,130,1,9,80.0,0,I,MELB_URBAN,HIGHWAY,4,6.0
159301,1,5,130,5,1,60.0,0,N,MELB_URBAN,ROAD,1,13.0
159302,1,2,140,5,1,100.0,0,N,RURAL_VICTORIA,HIGHWAY,4,13.0
159303,1,5,120,5,1,40.0,0,N,MELB_URBAN,ROAD,2,15.0
159304,1,0,99,5,2,40.0,0,N,MELB_URBAN,STREET,6,16.0
159305,8,6,174,2,1,60.0,0,I,MELB_URBAN,ROAD,3,18.0
159306,1,7,130,2,1,50.0,0,N,LARGE_PROVINCIAL_CITIES,ROAD,3,10.0
159307,1,4,130,5,1,60.0,0,N,RURAL_VICTORIA,ROAD,1,18.0
159308,2,2,102,1,1,60.0,0,N,UNKNOWN,ROAD,4,16.0
159309,1,2,130,1,1,60.0,0,N,MELB_URBAN,ROAD,4,16.0
159310,1,5,99,2,9,60.0,0,I,MELB_URBAN,ROAD,2,15.0
159311,1,2,110,1,2,60.0,0,I,SMALL_TOWNS,ROAD,4,17.0
159312,1,3,140,5,5,60.0,0,N,RURAL_VICTORIA,ROAD,4,18.0
159313,1,3,113,2,1,50.0,0,I,MELB_URBAN,STREET,4,18.0
159314,1,2,110,1,3,80.0,0,N,UNKNOWN,OTHER,4,17.0
159315,1,2,110,1,1,50.0,0,I,MELB_URBAN,STREET,3,17.0
159316,1,3,99,2,3,60.0,0,I,MELB_URBAN,ROAD,4,18.0
159317,1,3,130,5,3,80.0,0,N,RURAL_VICTORIA,ROAD,4,21.0
159318,1,2,130,1,1,50.0,0,I,MELB_URBAN,ROAD,4,10.0
159319,1,3,121,1,3,70.0,0,I,MELB_URBAN,ROAD,4,21.0
159320,4,7,171,5,9,60.0,0,N,SMALL_TOWNS,ROAD,3,14.0
159321,1,2,134,5,5,100.0,0,N,MELB_URBAN,ROAD,4,5.0
159322,1,1,110,1,1,60.0,0,I,RURAL_VICTORIA,ROAD,2,10.0
159323,1,0,130,5,9,60.0,0,N,MELB_URBAN,RAMP,11,13.0
159324,1,4,130,5,2,80.0,0,N,LARGE_PROVINCIAL_CITIES,HIGHWAY,4,6.0
159325,6,4,99,5,1,80.0,0,N,RURAL_VICTORIA,ROAD,4,6.0
159326,5,5,99,5,2,60.0,0,N,UNKNOWN,ROAD,3,17.0
159327,1,3,99,1,1,60.0,0,I,MELB_URBAN,ROAD,4,9.0
159328,1,3,130,5,1,60.0,0,N,MELB_URBAN,STREET,3,15.0
159329,2,4,100,1,1,60.0,0,I,MELB_URBAN,ROAD,4,9.0
159330,1,3,130,5,1,80.0,0,N,MELB_URBAN,ROAD,4,8.0
159331,1,4,130,5,1,60.0,0,N,RURAL_VICTORIA,DRIVE,3,17.0
159332,1,3,110,1,1,60.0,0,I,MELB_URBAN,ROAD,4,8.0
159333,4,1,183,5,1,60.0,0,N,RURAL_VICTORIA,ROAD,4,12.0
159334,1,2,147,5,1,70.0,0,N,SMALL_CITIES,STREET,4,16.0
159335,1,4,140,5,1,50.0,0,N,MELB_URBAN,DRIVE,4,9.0
159336,1,4,160,5,1,60.0,0,N,SMALL_CITIES,STREET,4,11.0
159337,6,0,174,1,2,80.0,0,I,MELB_URBAN,HIGHWAY,4,17.0
159338,1,3,134,5,3,60.0,0,N,MELB_URBAN,ROAD,4,19.0
159339,8,1,174,2,1,50.0,0,N,TOWNS,OTHER,4,15.0
159340,1,4,130,5,1,80.0,0,N,MELB_URBAN,HIGHWAY,4,12.0
159341,1,0,130,2,1,60.0,0,I,MELB_URBAN,ROAD,12,18.0
159342,8,1,174,5,1,80.0,0,N,RURAL_VICTORIA,ROAD,4,15.0
159343,1,3,99,2,1,50.0,0,I,MELB_URBAN,ROAD,3,12.0
159344,1,5,99,5,1,30.0,0,N,MELB_URBAN,ROAD,3,16.0
159345,6,2,184,4,1,50.0,0,N,SMALL_CITIES,STREET,3,7.0
159346,8,0,99,3,1,80.0,0,I,RURAL_VICTORIA,ROAD,4,15.0
159347,7,1,99,5,5,100.0,0,N,RURAL_VICTORIA,ROAD,3,1.0
159348,1,4,121,2,1,80.0,0,N,RURAL_VICTORIA,UNKNOWN,4,14.0
159349,1,4,130,5,1,80.0,0,N,MELB_URBAN,HIGHWAY,4,13.0
159350,4,4,171,2,1,80.0,0,N,UNKNOWN,HIGHWAY,4,7.0
159351,1,4,147,5,1,50.0,0,N,MELB_URBAN,STREET,3,11.0
159352,4,3,171,1,1,60.0,0,I,LARGE_PROVINCIAL_CITIES,DRIVE,4,14.0
159353,1,4,133,3,2,60.0,0,I,MELB_URBAN,PARADE,4,8.0
159354,1,6,130,5,5,100.0,0,N,RURAL_VICTORIA,FREEWAY,4,23.0
159355,1,3,99,5,1,40.0,0,N,RURAL_VICTORIA,ROAD,4,13.0
159356,1,4,120,5,1,80.0,0,N,RURAL_VICTORIA,ROAD,4,14.0
159357,1,6,130,5,1,80.0,0,N,MELB_URBAN,ROAD,8,17.0
159358,1,4,121,2,1,50.0,0,I,MELB_URBAN,OTHER,4,17.0
159359,1,4,163,5,1,60.0,0,N,MELB_URBAN,ROAD,4,15.0
159360,1,7,120,2,1,80.0,0,I,RURAL_VICTORIA,RAMP,3,8.0
159361,1,4,130,1,3,70.0,0,N,MELB_URBAN,HIGHWAY,4,18.0
159362,1,4,99,2,1,60.0,0,I,LARGE_PROVINCIAL_CITIES,ROAD,4,17.0
159363,1,1,130,1,9,60.0,0,I,MELB_URBAN,HIGHWAY,2,22.0
159364,1,2,130,5,1,100.0,0,N,MELB_URBAN,FREEWAY,2,9.0
159365,1,4,111,4,3,60.0,0,I,MELB_URBAN,ROAD,4,23.0
159366,1,4,99,2,1,60.0,0,I,MELB_URBAN,ROAD,4,6.0
159367,1,4,116,1,2,100.0,0,N,UNKNOWN,HIGHWAY,4,6.0
159368,1,5,160,5,9,60.0,0,N,LARGE_PROVINCIAL_CITIES,STREET,4,6.0
159369,1,4,110,1,1,80.0,0,I,RURAL_VICTORIA,ROAD,4,17.0
159370,1,3,130,5,1,50.0,0,N,LARGE_PROVINCIAL_CITIES,STREET,3,8.0
159371,1,4,135,2,1,40.0,0,I,MELB_URBAN,STREET,4,8.0
159372,1,5,147,5,1,60.0,0,N,MELB_URBAN,STREET,4,8.0
159373,7,6,99,5,9,60.0,0,N,TOWNS,STREET,4,11.0
159374,1,5,130,2,3,80.0,0,I,MELB_URBAN,ROAD,3,5.0
159375,3,4,167,5,5,100.0,0,N,RURAL_VICTORIA,ROAD,4,20.0
159376,1,4,163,5,9,40.0,0,N,MELB_URBAN,STREET,4,14.0
159377,2,4,100,1,1,60.0,0,N,MELB_URBAN,ROAD,4,10.0
159378,1,5,130,5,1,80.0,0,N,MELB_URBAN,STREET,4,9.0
159379,1,4,99,2,1,60.0,0,N,MELB_URBAN,ROAD,4,8.0
159380,4,6,173,5,1,100.0,0,N,RURAL_VICTORIA,ROAD,2,12.0
159381,1,5,99,5,2,60.0,0,N,UNKNOWN,STREET,4,6.0
159382,1,5,130,5,1,80.0,0,N,RURAL_VICTORIA,ROAD,4,8.0
159383,4,4,99,5,1,40.0,0,N,MELB_URBAN,STREET,4,7.0
159384,4,4,99,5,1,60.0,0,N,MELB_URBAN,ROAD,4,11.0
159385,2,4,99,5,1,60.0,0,N,UNKNOWN,ROAD,4,8.0
159386,1,4,132,5,1,100.0,0,N,RURAL_VICTORIA,HIGHWAY,4,17.0
159387,1,3,130,5,1,50.0,0,N,MELB_URBAN,AVENUE,11,13.0
159388,1,2,130,2,1,60.0,0,N,MELB_URBAN,ROAD,3,17.0
159389,1,4,130,5,1,70.0,0,N,RURAL_VICTORIA,ROAD,4,12.0
159390,4,1,99,5,1,30.0,0,N,LARGE_PROVINCIAL_CITIES,ROAD,2,10.0
159391,1,4,130,2,1,60.0,0,I,LARGE_PROVINCIAL_CITIES,ROAD,4,10.0
159392,7,7,99,5,9,60.0,0,N,MELB_URBAN,AVENUE,1,16.0
159393,1,4,130,2,1,50.0,0,I,MELB_URBAN,STREET,4,13.0
159394,8,2,184,2,9,60.0,0,I,MELB_URBAN,ROAD,2,6.0
159395,1,4,130,5,1,80.0,0,N,RURAL_VICTORIA,ROAD,4,11.0
159396,4,5,173,5,1,100.0,0,N,RURAL_VICTORIA,HIGHWAY,4,15.0
159397,1,4,134,5,1,80.0,0,N,MELB_URBAN,RAMP,4,13.0
159398,1,5,113,2,1,70.0,0,N,SMALL_CITIES,STREET,4,16.0
159399,1,1,113,2,1,60.0,0,I,LARGE_PROVINCIAL_CITIES,ROAD,3,12.0
159400,1,4,121,1,1,60.0,0,I,MELB_URBAN,DRIVE,4,16.0
159401,2,4,100,5,1,80.0,0,N,MELB_URBAN,OTHER,4,16.0
159402,1,4,133,5,1,60.0,0,N,MELB_URBAN,ROAD,4,17.0
159403,4,5,183,5,1,100.0,0,N,RURAL_VICTORIA,HIGHWAY,4,17.0
159404,4,5,171,5,1,100.0,0,N,UNKNOWN,FREEWAY,4,17.0
159405,1,2,121,4,1,80.0,0,I,MELB_URBAN,HIGHWAY,4,17.0
159406,2,5,100,2,9,60.0,0,N,MELB_URBAN,ROAD,4,18.0
159407,1,5,113,2,1,40.0,0,I,MELB_URBAN,STREET,4,14.0
159408,1,5,147,2,3,50.0,0,I,LARGE_PROVINCIAL_CITIES,ROAD,4,18.0
159409,1,5,135,5,1,100.0,0,N,RURAL_VICTORIA,ROAD,4,13.0
159410,1,6,130,1,9,80.0,0,I,MELB_URBAN,ROAD,3,16.0
159411,4,5,173,1,3,70.0,0,N,MELB_URBAN,ROAD,4,20.0
159412,1,7,121,1,1,60.0,0,I,MELB_URBAN,ROAD,3,19.0
159413,1,5,132,2,3,60.0,0,I,MELB_URBAN,ROAD,4,19.0
159414,4,5,99,5,3,50.0,0,N,LARGE_PROVINCIAL_CITIES,STREET,4,20.0
159415,1,4,135,5,1,100.0,0,N,MELB_URBAN,ROAD,4,17.0
159416,4,4,171,5,3,50.0,0,N,MELB_URBAN,BOULEVARD,4,22.0
159417,4,5,99,5,3,50.0,0,N,LARGE_PROVINCIAL_CITIES,OTHER,4,20.0
159418,4,5,183,5,5,100.0,0,N,RURAL_VICTORIA,ROAD,4,19.0
159419,1,5,130,5,3,100.0,0,N,MELB_URBAN,FREEWAY,4,18.0
159420,1,5,160,5,1,50.0,0,N,MELB_URBAN,DRIVE,4,16.0
159421,8,5,99,5,1,60.0,0,N,UNKNOWN,AVENUE,4,16.0
159422,4,5,181,5,5,100.0,0,N,RURAL_VICTORIA,OTHER,4,19.0
159423,1,5,121,1,3,70.0,0,I,RURAL_VICTORIA,ROAD,4,20.0
159424,1,4,130,5,3,60.0,0,N,MELB_URBAN,ROAD,4,23.0
159425,1,5,121,1,3,80.0,0,I,MELB_URBAN,HIGHWAY,4,1.0
159426,4,6,181,4,3,50.0,0,N,TOWNS,STREET,4,2.0
159427,1,6,120,2,3,50.0,0,I,SMALL_CITIES,STREET,4,0.0
159428,1,3,130,5,1,60.0,0,N,MELB_URBAN,STREET,4,8.0
159429,2,5,102,1,1,50.0,0,N,MELB_URBAN,STREET,4,7.0
159430,4,0,99,5,2,50.0,0,N,MELB_URBAN,STREET,4,7.0
159431,2,6,102,5,3,60.0,0,N,MELB_URBAN,STREET,3,23.0
159432,8,7,174,2,3,40.0,0,I,MELB_URBAN,STREET,4,0.0
159433,3,5,167,5,1,80.0,0,N,RURAL_VICTORIA,ROAD,4,6.0
159434,1,0,99,1,2,60.0,0,I,MELB_URBAN,STREET,4,18.0
159435,2,6,99,5,1,50.0,0,N,UNKNOWN,AVENUE,4,10.0
159436,1,4,130,2,1,40.0,0,N,MELB_URBAN,STREET,4,13.0
159437,1,4,121,1,1,50.0,0,I,MELB_URBAN,ROAD,4,17.0
159438,1,6,113,2,1,60.0,0,I,MELB_URBAN,ROAD,4,11.0
159439,1,1,130,5,1,100.0,0,N,MELB_URBAN,FREEWAY,4,7.0
159440,1,6,121,1,1,50.0,0,I,LARGE_PROVINCIAL_CITIES,STREET,4,11.0
159441,1,4,130,5,3,100.0,0,N,MELB_URBAN,FREEWAY,4,21.0
159442,1,5,110,1,1,50.0,0,I,MELB_URBAN,STREET,4,12.0
159443,1,6,113,2,1,70.0,0,N,RURAL_VICTORIA,HIGHWAY,4,12.0
159444,1,3,130,5,1,40.0,0,N,RURAL_VICTORIA,HIGHWAY,4,8.0
159445,1,2,135,2,2,60.0,0,I,MELB_URBAN,ROAD,4,7.0
159446,4,5,173,5,1,60.0,0,N,MELB_URBAN,STREET,4,13.0
159447,4,6,171,1,1,100.0,0,I,TOWNS,STREET,4,14.0
159448,4,6,181,5,1,60.0,0,N,MELB_URBAN,ROAD,4,14.0
159449,1,6,99,2,1,50.0,0,I,SMALL_CITIES,OTHER,4,14.0
159450,1,6,121,1,1,50.0,0,N,MELB_URBAN,ROAD,4,14.0
159451,1,5,110,1,1,50.0,0,I,MELB_URBAN,STREET,4,17.0
159452,6,1,174,5,1,60.0,0,N,RURAL_VICTORIA,ROAD,3,9.0
159453,4,6,183,5,3,50.0,0,N,SMALL_CITIES,AVENUE,4,18.0
159454,1,4,99,5,1,60.0,0,N,MELB_URBAN,BOULEVARD,3,15.0
159455,1,6,173,5,3,50.0,0,N,UNKNOWN,AVENUE,4,18.0
159456,1,6,181,5,2,50.0,0,N,MELB_URBAN,PARADE,4,17.0
159457,4,6,173,5,3,60.0,0,N,LARGE_PROVINCIAL_CITIES,ROAD,4,19.0
159458,6,5,99,2,6,70.0,0,N,RURAL_VICTORIA,ROAD,4,22.0
159459,4,6,99,5,5,100.0,0,N,RURAL_VICTORIA,HIGHWAY,4,23.0
159460,1,6,163,5,3,40.0,0,N,MELBOURNE_CBD,STREET,4,4.0
159461,3,7,167,5,2,80.0,0,N,SMALL_CITIES,ROAD,4,4.0
159462,1,1,133,5,9,60.0,0,N,MELB_URBAN,STREET,3,16.0
159463,1,7,110,1,1,60.0,0,I,SMALL_TOWNS,HIGHWAY,4,8.0
159464,1,6,135,5,1,60.0,0,N,MELB_URBAN,ROAD,4,10.0
159465,1,5,99,1,9,60.0,0,I,MELB_URBAN,STREET,4,6.0
159466,1,7,130,2,1,60.0,0,I,SMALL_CITIES,AVENUE,4,11.0
159467,4,6,173,5,1,100.0,0,N,RURAL_VICTORIA,FREEWAY,4,8.0
159468,1,5,147,5,2,60.0,0,I,MELB_URBAN,ROAD,4,16.0
159469,4,3,171,5,1,100.0,0,N,RURAL_VICTORIA,ROAD,3,14.0
159470,5,7,99,5,2,60.0,0,N,MELB_URBAN,OTHER,4,6.0
159471,1,7,113,1,1,100.0,0,I,RURAL_VICTORIA,ROAD,4,11.0
159472,1,6,130,5,1,80.0,0,N,MELB_URBAN,FREEWAY,4,11.0
159473,1,7,147,5,9,60.0,0,N,MELB_URBAN,ROAD,4,12.0
159474,1,4,130,4,1,80.0,0,I,MELB_URBAN,ROAD,11,8.0
159475,1,7,147,5,1,60.0,0,N,MELB_URBAN,ROAD,4,15.0
159476,4,6,181,5,1,80.0,0,N,RURAL_VICTORIA,ROAD,4,15.0
159477,4,7,181,5,1,100.0,0,N,RURAL_VICTORIA,ROAD,4,13.0
159478,1,7,120,5,1,80.0,0,N,RURAL_VICTORIA,HIGHWAY,4,16.0
159479,2,6,100,1,3,40.0,0,N,MELB_URBAN,STREET,4,18.0
159480,2,6,102,5,3,60.0,0,N,UNKNOWN,ROAD,4,19.0
159481,1,5,110,1,2,80.0,0,I,MELB_URBAN,HIGHWAY,3,6.0
159482,1,7,160,2,9,50.0,0,N,MELB_URBAN,AVENUE,4,9.0
159483,1,7,160,5,3,50.0,0,N,MELB_URBAN,STREET,4,22.0
159484,7,6,99,5,3,60.0,0,N,MELB_URBAN,STREET,4,4.0
159485,4,1,173,5,3,100.0,0,N,UNKNOWN,FREEWAY,4,1.0
159486,1,1,121,5,2,80.0,0,I,SMALL_TOWNS,STREET,3,20.0
159487,1,0,160,5,3,60.0,0,N,MELB_URBAN,ROAD,4,0.0
159488,4,1,171,5,3,70.0,0,N,MELB_URBAN,ROAD,4,3.0
159489,1,1,130,2,3,60.0,0,I,MELB_URBAN,ROAD,4,3.0
159490,1,2,140,5,1,60.0,0,N,MELB_URBAN,ROAD,3,14.0
159491,1,5,130,5,1,70.0,0,N,MELB_URBAN,ROAD,4,15.0
159492,7,3,99,5,1,50.0,0,N,TOWNS,STREET,3,13.0
159493,1,3,130,1,1,80.0,0,N,MELB_URBAN,ROAD,3,8.0
159494,1,7,111,2,1,60.0,0,I,MELB_URBAN,ROAD,4,12.0
159495,4,1,181,5,1,100.0,0,N,RURAL_VICTORIA,ROAD,4,10.0
159496,1,0,121,2,1,60.0,0,I,MELB_URBAN,AVENUE,4,12.0
159497,9,7,99,5,1,60.0,0,N,MELB_URBAN,ROAD,4,12.0
159498,1,7,163,5,3,60.0,0,N,MELB_URBAN,ROAD,4,19.0
159499,1,1,130,5,1,100.0,0,N,MELB_URBAN,UNKNOWN,4,14.0
159500,1,1,130,1,1,40.0,0,N,MELB_URBAN,HIGHWAY,4,14.0
159501,1,1,140,5,1,60.0,0,N,MELB_URBAN,ROAD,4,14.0
159502,4,1,183,5,1,100.0,0,N,RURAL_VICTORIA,HIGHWAY,4,15.0
159503,4,1,173,5,1,100.0,0,N,RURAL_VICTORIA,ROAD,4,14.0
159504,1,0,113,2,1,80.0,0,I,MELB_URBAN,ROAD,4,16.0
159505,4,1,171,5,1,80.0,0,N,RURAL_VICTORIA,ROAD,4,16.0
159506,4,5,171,1,1,50.0,0,I,MELB_URBAN,BOULEVARD,3,15.0
159507,4,0,181,5,1,100.0,0,N,RURAL_VICTORIA,HIGHWAY,4,17.0
159508,1,0,130,5,3,80.0,0,N,RURAL_VICTORIA,ROAD,4,20.0
159509,4,1,171,5,3,60.0,0,N,MELB_URBAN,HIGHWAY,4,20.0
159510,1,1,120,5,3,70.0,0,N,MELB_URBAN,ROAD,4,20.0
159511,1,0,110,1,1,50.0,0,I,MELB_URBAN,AVENUE,4,14.0
159512,4,1,181,5,5,80.0,1,N,SMALL_CITIES,ROAD,4,19.0
159513,1,0,113,2,3,60.0,0,I,MELB_URBAN,ROAD,4,23.0
159514,2,1,102,5,5,60.0,0,N,MELB_URBAN,HIGHWAY,4,18.0
159515,8,1,174,5,3,50.0,0,N,MELB_URBAN,AVENUE,4,23.0
159516,4,1,99,5,3,50.0,0,N,MELB_URBAN,ROAD,4,2.0
159517,4,2,173,2,2,60.0,0,I,MELB_URBAN,ROAD,4,6.0
159518,1,2,111,2,1,60.0,0,I,MELB_URBAN,PARADE,4,9.0
159519,1,6,130,5,2,50.0,0,N,MELB_URBAN,ROAD,4,17.0
159520,4,2,171,5,1,60.0,0,N,MELB_URBAN,RAMP,4,11.0
159521,4,1,181,5,1,60.0,0,N,RURAL_VICTORIA,ROAD,4,12.0
159522,1,2,113,2,1,100.0,0,N,RURAL_VICTORIA,HIGHWAY,4,10.0
159523,6,7,174,2,9,60.0,0,N,TOWNS,ROAD,3,11.0
159524,1,3,133,5,1,60.0,0,N,MELB_URBAN,ROAD,3,12.0
159525,2,1,100,1,1,70.0,0,N,MELB_URBAN,ROAD,4,12.0
159526,1,3,113,2,1,70.0,0,N,MELB_URBAN,ROAD,3,14.0
159527,4,2,181,5,1,100.0,0,N,RURAL_VICTORIA,HIGHWAY,4,11.0
159528,4,2,183,5,1,60.0,0,N,MELB_URBAN,ROAD,4,12.0
159529,6,2,184,5,1,100.0,0,N,RURAL_VICTORIA,ROAD,4,16.0
159530,4,0,181,5,5,100.0,0,N,RURAL_VICTORIA,ROAD,4,19.0
159531,1,1,121,2,1,60.0,0,I,RURAL_VICTORIA,ROAD,4,16.0
159532,1,2,147,5,1,60.0,0,N,MELB_URBAN,ROAD,4,16.0
159533,1,1,130,5,1,50.0,0,N,LARGE_PROVINCIAL_CITIES,STREET,4,16.0
159534,4,2,181,5,3,80.0,0,N,MELB_URBAN,RAMP,4,19.0
159535,4,2,171,5,3,50.0,0,N,MELB_URBAN,OTHER,4,19.0
159536,4,2,173,5,3,80.0,0,N,SMALL_TOWNS,HIGHWAY,4,21.0
159537,1,1,160,2,3,50.0,0,I,RURAL_VICTORIA,OTHER,4,23.0
159538,6,3,174,5,5,50.0,1,N,RURAL_VICTORIA,ROAD,4,1.0
159539,1,2,121,2,3,80.0,1,I,MELB_URBAN,ROAD,4,5.0
159540,1,2,99,5,1,60.0,0,N,MELB_URBAN,UNKNOWN,4,7.0
159541,4,2,181,5,5,100.0,0,N,RURAL_VICTORIA,HIGHWAY,4,23.0
159542,1,6,130,1,1,60.0,0,N,RURAL_VICTORIA,ROAD,4,10.0
159543,8,6,174,5,9,60.0,0,N,RURAL_VICTORIA,OTHER,4,14.0
159544,1,6,130,1,3,60.0,0,I,MELB_URBAN,ROAD,4,23.0
159545,1,3,147,5,2,60.0,0,N,MELB_URBAN,ROAD,4,7.0
159546,1,6,130,2,1,60.0,0,I,MELB_URBAN,FREEWAY,3,6.0
159547,1,3,130,5,1,40.0,0,N,MELB_URBAN,ROAD,3,8.0
159548,1,3,130,2,1,60.0,0,I,MELB_URBAN,ROAD,4,10.0
159549,1,3,130,2,1,80.0,0,I,RURAL_VICTORIA,ROAD,4,11.0
159550,4,3,183,5,1,100.0,0,N,RURAL_VICTORIA,ROAD,4,9.0
159551,1,5,133,1,1,60.0,0,N,MELB_URBAN,ROAD,10,13.0
159552,1,3,110,1,2,60.0,0,I,MELB_URBAN,STREET,12,20.0
159553,6,7,174,5,1,60.0,0,N,RURAL_VICTORIA,ROAD,4,10.0
159554,1,6,99,5,1,60.0,0,N,MELB_URBAN,STREET,4,12.0
159555,1,1,130,1,1,60.0,0,I,RURAL_VICTORIA,BOULEVARD,3,15.0
159556,4,5,173,5,1,80.0,0,N,MELB_URBAN,ROAD,3,11.0
159557,1,2,130,5,1,70.0,0,N,MELB_URBAN,FREEWAY,4,13.0
159558,4,3,171,5,1,60.0,0,N,MELB_URBAN,STREET,4,11.0
159559,1,2,132,2,1,80.0,0,I,RURAL_VICTORIA,ROAD,4,8.0
159560,2,3,100,1,1,60.0,0,N,LARGE_PROVINCIAL_CITIES,STREET,4,13.0
159561,1,3,130,1,1,60.0,0,N,MELB_URBAN,STREET,3,16.0
159562,4,5,171,1,1,40.0,0,I,LARGE_PROVINCIAL_CITIES,STREET,3,7.0
159563,4,3,181,5,1,100.0,0,N,RURAL_VICTORIA,ROAD,4,14.0
159564,1,2,130,5,1,80.0,0,N,RURAL_VICTORIA,ROAD,4,14.0
159565,2,6,99,1,1,40.0,0,I,MELBOURNE_CBD,STREET,3,14.0
159566,2,7,100,4,3,60.0,0,N,UNKNOWN,STREET,4,21.0