,accident_type,day_of_week,dca_code,road_geometry,light_condition,speed_zone,severity,node_type,deg_urban_name,road_type,month,hour
159567,1,3,160,2,9,60.0,0,I,MELB_URBAN,STREET,4,15.0
159568,2,2,99,5,2,50.0,0,N,RURAL_VICTORIA,ROAD,4,5.0
159569,1,1,130,5,1,60.0,0,N,MELB_URBAN,STREET,4,14.0
159570,1,4,130,5,9,60.0,0,N,RURAL_VICTORIA,ROAD,1,20.0
159571,4,3,99,2,1,60.0,0,I,RURAL_VICTORIA,ROAD,4,13.0
159572,1,5,130,4,1,80.0,0,I,MELB_URBAN,RAMP,4,7.0
159573,1,6,121,1,1,60.0,0,I,MELB_URBAN,PARADE,3,11.0
159574,4,2,173,1,1,60.0,0,N,UNKNOWN,ROAD,4,17.0
159575,6,2,170,5,1,100.0,0,N,RURAL_VICTORIA,ROAD,4,16.0
159576,1,3,135,5,1,100.0,0,N,MELB_URBAN,ROAD,4,16.0
159577,4,3,181,5,1,80.0,0,N,MELB_URBAN,ROAD,4,15.0
159578,4,3,181,5,1,100.0,0,N,RURAL_VICTORIA,HIGHWAY,4,15.0
159579,1,5,130,1,9,50.0,0,I,LARGE_PROVINCIAL_CITIES,ROAD,3,17.0
159580,1,5,130,5,1,80.0,0,N,MELB_URBAN,ROAD,3,18.0
159581,1,4,130,5,1,100.0,0,N,MELB_URBAN,FREEWAY,4,7.0
159582,1,2,111,2,1,50.0,0,N,MELB_URBAN,ROAD,4,16.0
159583,1,3,99,5,3,60.0,0,N,UNKNOWN,UNKNOWN,4,20.0
159584,2,5,102,1,3,40.0,0,N,MELB_URBAN,STREET,4,21.0
159585,1,3,99,5,3,50.0,0,N,MELB_URBAN,ROAD,4,23.0
159586,4,3,171,5,3,60.0,0,N,MELB_URBAN,ROAD,4,23.0
159587,8,4,174,2,3,60.0,0,N,MELB_URBAN,ROAD,4,5.0
159588,1,4,113,1,2,80.0,0,I,MELB_URBAN,UNKNOWN,4,6.0
159589,8,6,174,5,1,60.0,0,N,RURAL_VICTORIA,ROAD,3,15.0
159590,6,1,170,1,1,100.0,0,I,RURAL_VICTORIA,ROAD,3,7.0
159591,1,4,130,5,1,60.0,0,N,MELB_URBAN,ROAD,4,8.0
159592,2,2,99,1,1,60.0,0,N,MELB_URBAN,STREET,3,10.0
159593,4,4,171,5,1,60.0,0,N,SMALL_CITIES,AVENUE,4,7.0
159594,1,2,130,2,1,60.0,0,I,MELB_URBAN,AVENUE,3,14.0
159595,8,5,174,5,1,60.0,0,N,SMALL_CITIES,STREET,1,19.0
159596,1,2,130,2,1,40.0,0,I,SMALL_CITIES,OTHER,2,11.0
159597,1,3,130,5,1,80.0,0,N,MELB_URBAN,HIGHWAY,4,6.0
159598,1,3,113,2,1,60.0,0,I,MELB_URBAN,ROAD,4,15.0
159599,1,1,133,5,1,80.0,0,N,MELB_URBAN,FREEWAY,4,8.0
159600,1,3,121,1,1,80.0,0,N,MELB_URBAN,DRIVE,4,12.0
159601,1,3,110,1,3,60.0,0,N,UNKNOWN,ROAD,4,0.0
159602,1,7,134,5,1,70.0,0,N,UNKNOWN,ROAD,4,13.0
159603,7,6,99,5,1,60.0,0,N,MELB_URBAN,STREET,11,11.0
159604,2,3,99,5,1,60.0,0,N,MELB_URBAN,ROAD,4,14.0
159605,4,3,183,5,3,60.0,0,N,MELB_URBAN,RAMP,4,20.0
159606,1,2,130,5,1,100.0,0,N,RURAL_VICTORIA,ROAD,4,10.0
159607,7,4,99,5,2,100.0,0,N,RURAL_VICTORIA,ROAD,4,17.0
159608,4,4,181,5,1,100.0,0,N,RURAL_VICTORIA,ROAD,4,15.0
159609,1,4,99,1,9,60.0,0,I,MELB_URBAN,STREET,3,12.0
159610,1,3,99,2,5,80.0,0,I,RURAL_VICTORIA,OTHER,4,19.0
159611,1,4,130,1,3,80.0,0,I,MELB_URBAN,HIGHWAY,4,21.0
159612,2,4,99,1,1,50.0,0,I,MELB_URBAN,STREET,4,16.0
159613,1,5,99,5,1,60.0,0,N,UNKNOWN,ROAD,4,16.0
159614,1,4,120,5,5,80.0,0,N,RURAL_VICTORIA,ROAD,4,22.0
159615,1,4,135,5,3,80.0,0,N,MELB_URBAN,UNKNOWN,4,5.0
159616,2,5,102,5,2,60.0,0,N,MELB_URBAN,UNKNOWN,4,6.0
159617,1,5,116,2,1,50.0,0,I,LARGE_PROVINCIAL_CITIES,ROAD,4,7.0
159618,1,4,147,5,1,60.0,0,N,SMALL_CITIES,STREET,4,8.0
159619,1,2,135,2,2,60.0,0,I,MELB_URBAN,ROAD,3,8.0
159620,6,5,174,5,1,70.0,0,N,MELB_URBAN,ROAD,4,8.0
159621,1,2,99,2,1,60.0,0,I,MELB_URBAN,ROAD,4,11.0
159622,4,4,171,5,1,60.0,0,N,MELB_URBAN,ROAD,4,6.0
159623,1,5,130,2,2,60.0,0,I,MELB_URBAN,STREET,4,6.0
159624,1,5,116,1,1,80.0,0,N,RURAL_VICTORIA,ROAD,4,9.0
159625,1,4,121,3,1,80.0,0,I,RURAL_VICTORIA,ROAD,4,9.0
159626,1,4,130,5,1,70.0,0,N,LARGE_PROVINCIAL_CITIES,ROAD,4,10.0
159627,4,5,181,5,1,100.0,0,N,RURAL_VICTORIA,ROAD,4,7.0
159628,1,5,121,1,1,60.0,0,I,LARGE_PROVINCIAL_CITIES,STREET,4,9.0
159629,1,5,130,5,1,60.0,0,N,LARGE_PROVINCIAL_CITIES,STREET,10,15.0
159630,3,3,167,5,5,100.0,0,N,RURAL_VICTORIA,ROAD,4,19.0
159631,1,5,111,2,2,60.0,0,I,RURAL_VICTORIA,ROAD,4,7.0
159632,8,7,99,5,1,70.0,0,N,RURAL_VICTORIA,ROAD,7,12.0
159633,9,5,99,5,1,50.0,0,N,MELB_URBAN,DRIVE,4,12.0
159634,1,1,111,2,9,60.0,0,I,RURAL_VICTORIA,DRIVE,7,8.0
159635,1,5,99,5,1,40.0,0,I,MELB_URBAN,OTHER,4,9.0
159636,1,5,120,5,1,60.0,0,N,RURAL_VICTORIA,ROAD,4,9.0
159637,1,5,99,2,1,60.0,0,N,TOWNS,OTHER,4,13.0
159638,1,5,147,5,1,80.0,0,N,MELB_URBAN,ROAD,4,14.0
159639,1,5,99,2,1,40.0,0,I,MELB_URBAN,STREET,4,9.0
159640,1,4,110,1,1,80.0,0,I,MELB_URBAN,ROAD,4,14.0
159641,1,7,130,5,1,60.0,0,N,RURAL_VICTORIA,ROAD,3,10.0
159642,1,3,147,5,9,50.0,0,N,MELB_URBAN,OTHER,4,8.0
159643,3,3,167,5,5,100.0,0,N,RURAL_VICTORIA,ROAD,3,21.0
159644,2,5,99,2,1,50.0,0,N,MELB_URBAN,OTHER,4,17.0
159645,2,2,102,2,6,60.0,0,N,MELB_URBAN,ROAD,4,19.0
159646,1,0,99,5,1,50.0,0,N,MELB_URBAN,ROAD,3,14.0
159647,1,4,110,1,2,60.0,0,I,MELB_URBAN,STREET,4,17.0
159648,4,5,171,5,2,60.0,0,N,LARGE_PROVINCIAL_CITIES,STREET,4,17.0
159649,1,3,135,1,9,50.0,0,I,MELB_URBAN,STREET,4,12.0
159650,3,5,167,5,2,100.0,0,N,RURAL_VICTORIA,ROAD,4,17.0
159651,1,4,121,1,1,60.0,0,I,MELB_URBAN,ROAD,4,16.0
159652,4,5,181,5,1,60.0,1,N,RURAL_VICTORIA,ROAD,4,14.0
159653,1,5,160,5,1,50.0,0,N,MELB_URBAN,OTHER,4,15.0
159654,1,4,130,5,1,50.0,0,N,MELB_URBAN,STREET,4,14.0
159655,2,4,99,2,3,40.0,0,N,MELB_URBAN,STREET,4,18.0
159656,1,5,130,1,3,70.0,0,I,MELB_URBAN,ROAD,4,18.0
159657,1,5,99,5,3,50.0,0,N,MELB_URBAN,ROAD,4,21.0
159658,1,4,121,2,1,60.0,0,N,SMALL_TOWNS,ROAD,4,15.0
159659,1,5,130,5,1,60.0,0,N,MELB_URBAN,ROAD,2,7.0
159660,1,5,121,1,3,60.0,0,I,MELB_URBAN,ROAD,4,3.0
159661,4,6,171,5,3,60.0,0,N,MELB_URBAN,ROAD,4,0.0
159662,8,5,174,5,3,100.0,0,N,SMALL_CITIES,FREEWAY,4,22.0
159663,1,0,130,5,1,60.0,0,N,MELB_URBAN,ROAD,4,13.0
159664,1,5,121,2,1,50.0,0,I,MELB_URBAN,ROAD,4,8.0
159665,1,4,130,5,3,60.0,0,N,MELB_URBAN,ROAD,4,6.0
159666,6,6,99,2,2,80.0,0,N,RURAL_VICTORIA,OTHER,4,7.0
159667,1,4,163,5,1,50.0,0,N,MELB_URBAN,STREET,4,7.0
159668,1,4,130,5,1,70.0,0,N,UNKNOWN,HIGHWAY,4,17.0
159669,1,6,140,5,1,60.0,0,N,MELB_URBAN,ROAD,4,10.0
159670,2,4,100,5,1,60.0,0,N,TOWNS,PARADE,4,10.0
159671,1,2,135,5,1,60.0,0,N,MELB_URBAN,ROAD,1,15.0
159672,3,1,167,5,6,80.0,0,N,RURAL_VICTORIA,ROAD,3,23.0
159673,1,5,140,5,1,60.0,0,N,UNKNOWN,ROAD,4,12.0
159674,4,6,171,5,1,60.0,0,I,MELB_URBAN,ROAD,3,16.0
159675,1,2,130,5,1,100.0,0,N,MELB_URBAN,RAMP,3,16.0
159676,5,6,99,5,1,100.0,0,N,UNKNOWN,FREEWAY,4,9.0
159677,6,6,184,2,1,80.0,0,I,RURAL_VICTORIA,ROAD,4,12.0
159678,1,5,130,1,1,60.0,0,N,MELB_URBAN,ROAD,3,10.0
159679,1,6,147,5,1,50.0,0,N,SMALL_CITIES,STREET,4,13.0
159680,1,6,160,5,1,60.0,0,N,MELB_URBAN,ROAD,4,12.0
159681,1,5,121,4,1,60.0,0,I,MELB_URBAN,ROAD,4,11.0
159682,1,1,140,5,9,50.0,0,N,MELB_URBAN,ROAD,2,17.0
159683,1,6,113,1,2,60.0,0,I,MELB_URBAN,DRIVE,4,6.0
159684,8,1,99,5,1,60.0,0,N,RURAL_VICTORIA,ROAD,4,16.0
159685,1,5,133,5,1,60.0,0,N,MELB_URBAN,ROAD,4,14.0
159686,1,1,130,2,2,60.0,0,N,MELB_URBAN,DRIVE,4,19.0
159687,2,5,99,5,2,40.0,0,N,MELBOURNE_CBD,STREET,4,17.0
159688,1,2,130,1,1,50.0,0,N,MELB_URBAN,STREET,4,15.0
159689,4,6,181,5,1,100.0,0,N,RURAL_VICTORIA,ROAD,4,16.0
159690,8,6,174,5,1,100.0,0,N,RURAL_VICTORIA,ROAD,4,12.0
159691,1,5,110,1,1,50.0,0,I,MELB_URBAN,ROAD,4,17.0
159692,4,5,173,5,1,50.0,0,N,MELB_URBAN,DRIVE,4,14.0
159693,1,7,163,5,3,60.0,0,N,UNKNOWN,STREET,4,21.0
159694,1,5,110,1,2,100.0,0,I,RURAL_VICTORIA,ROAD,4,18.0
159695,1,1,121,1,2,60.0,0,I,MELB_URBAN,ROAD,3,7.0
159696,1,6,110,1,3,60.0,0,I,MELB_URBAN,ROAD,4,17.0
159697,1,6,121,2,5,60.0,0,I,MELB_URBAN,OTHER,4,18.0
159698,1,6,99,2,2,50.0,0,I,MELB_URBAN,STREET,4,18.0
159699,1,5,130,5,1,70.0,0,N,LARGE_PROVINCIAL_CITIES,ROAD,4,15.0
159700,1,5,130,5,1,60.0,0,N,TOWNS,STREET,4,14.0
159701,1,5,121,1,3,70.0,0,I,MELB_URBAN,ROAD,4,3.0
159702,2,5,99,5,5,100.0,0,N,UNKNOWN,ROAD,4,21.0
159703,1,3,130,5,1,60.0,0,N,MELB_URBAN,ROAD,3,16.0
159704,4,6,171,5,1,60.0,0,N,MELB_URBAN,RAMP,4,17.0
159705,9,6,99,5,3,50.0,0,N,MELB_URBAN,ROAD,4,23.0
159706,8,7,174,2,3,40.0,0,I,MELB_URBAN,ROAD,4,0.0
159707,4,5,171,2,3,60.0,0,N,MELB_URBAN,ROAD,4,3.0
159708,2,6,99,5,3,80.0,0,N,LARGE_PROVINCIAL_CITIES,ROAD,4,22.0
159709,2,6,100,5,3,40.0,0,N,TOWNS,STREET,4,1.0
159710,1,6,130,5,3,60.0,0,N,MELB_URBAN,ROAD,4,22.0
159711,1,6,121,1,3,60.0,0,I,MELB_URBAN,PARADE,4,0.0
159712,1,7,99,1,1,60.0,0,I,MELB_URBAN,ROAD,4,9.0
159713,7,5,99,5,1,100.0,0,N,RURAL_VICTORIA,ROAD,4,15.0
159714,8,6,174,5,1,80.0,0,N,MELB_URBAN,ROAD,4,9.0
159715,1,6,130,5,1,60.0,0,N,MELB_URBAN,ROAD,4,9.0
159716,1,2,111,4,2,60.0,0,I,MELB_URBAN,RAMP,3,18.0
159717,8,5,184,4,6,60.0,0,I,MELB_URBAN,ROAD,3,6.0
159718,6,6,174,5,1,100.0,0,N,RURAL_VICTORIA,HIGHWAY,4,10.0
159719,1,7,130,5,1,110.0,0,N,RURAL_VICTORIA,FREEWAY,4,8.0
159720,1,5,111,1,1,80.0,0,I,MELB_URBAN,HIGHWAY,3,12.0
159721,1,4,130,1,1,70.0,0,N,MELB_URBAN,ROAD,4,12.0
159722,2,7,99,5,1,50.0,0,N,UNKNOWN,STREET,4,12.0
159723,1,7,99,1,1,60.0,0,I,MELB_URBAN,STREET,4,13.0
159724,1,0,121,4,9,60.0,0,N,MELB_URBAN,ROAD,11,12.0
159725,1,6,116,1,1,60.0,0,I,TOWNS,ROAD,4,13.0
159726,1,0,130,5,1,40.0,0,N,LARGE_PROVINCIAL_CITIES,ROAD,4,12.0
159727,1,7,99,1,1,60.0,0,I,LARGE_PROVINCIAL_CITIES,HIGHWAY,4,14.0
159728,8,7,184,5,1,60.0,0,N,TOWNS,ROAD,4,12.0
159729,1,1,132,1,1,60.0,0,I,MELB_URBAN,ROAD,2,11.0
159730,6,7,170,5,1,100.0,0,N,RURAL_VICTORIA,ROAD,4,14.0
159731,1,7,113,1,1,60.0,0,I,MELB_URBAN,ROAD,4,15.0
159732,2,4,102,1,6,60.0,0,I,MELB_URBAN,STREET,4,19.0
159733,1,7,135,5,1,80.0,0,N,MELB_URBAN,HIGHWAY,4,15.0
159734,1,7,134,5,1,60.0,0,N,MELB_URBAN,ROAD,4,16.0
159735,4,7,181,5,1,80.0,0,N,RURAL_VICTORIA,ROAD,4,16.0
159736,2,7,99,2,3,40.0,0,N,MELB_URBAN,STREET,4,18.0
159737,6,6,99,2,1,100.0,0,I,UNKNOWN,ROAD,4,15.0
159738,4,6,171,5,3,70.0,0,N,MELB_URBAN,ROAD,4,18.0
159739,1,7,121,2,3,80.0,0,I,TOWNS,ROAD,4,18.0
159740,1,7,110,1,3,50.0,0,I,MELB_URBAN,AVENUE,4,19.0
159741,1,6,110,1,3,50.0,0,I,MELB_URBAN,AVENUE,4,18.0
159742,2,7,102,2,3,70.0,0,I,MELB_URBAN,HIGHWAY,4,19.0
159743,4,7,173,5,5,100.0,0,N,RURAL_VICTORIA,ROAD,4,18.0
159744,1,7,99,5,3,50.0,0,N,MELB_URBAN,AVENUE,4,20.0
159745,1,7,130,1,3,70.0,0,I,MELB_URBAN,ROAD,4,22.0
159746,2,6,102,1,6,60.0,0,I,MELB_URBAN,STREET,4,22.0
159747,1,6,121,2,3,60.0,0,I,MELB_URBAN,PARADE,4,22.0
159748,3,6,167,5,5,100.0,0,N,RURAL_VICTORIA,ROAD,4,23.0
159749,4,6,171,5,5,100.0,0,N,RURAL_VICTORIA,ROAD,4,23.0
159750,4,7,171,5,3,60.0,0,N,MELB_URBAN,HIGHWAY,4,22.0
159751,2,0,100,1,3,40.0,0,N,MELB_URBAN,STREET,4,3.0
159752,1,0,110,1,3,60.0,0,I,MELB_URBAN,ROAD,4,1.0
159753,1,1,99,5,5,100.0,0,N,UNKNOWN,ROAD,4,5.0
159754,1,6,130,5,3,60.0,0,N,MELB_URBAN,ROAD,4,18.0
159755,1,2,130,1,1,80.0,0,N,MELB_URBAN,HIGHWAY,2,15.0
159756,1,0,160,5,1,50.0,0,N,MELB_URBAN,STREET,4,6.0
159757,1,0,121,1,1,70.0,0,I,MELB_URBAN,ROAD,4,11.0
159758,1,5,110,1,1,60.0,0,I,LARGE_PROVINCIAL_CITIES,ROAD,3,14.0
159759,1,1,120,5,1,60.0,0,N,MELB_URBAN,ROAD,4,11.0
159760,1,1,99,5,1,50.0,0,N,MELB_URBAN,STREET,4,10.0
159761,1,1,121,1,1,60.0,0,I,MELB_URBAN,ROAD,4,13.0
159762,1,0,135,5,1,110.0,0,N,SMALL_CITIES,FREEWAY,4,15.0
159763,4,1,181,5,1,80.0,0,N,MELB_URBAN,ROAD,4,14.0
159764,4,0,173,2,3,80.0,0,I,MELB_URBAN,ROAD,4,3.0
159765,6,4,174,5,3,60.0,0,N,MELB_URBAN,ROAD,4,20.0
159766,2,1,102,1,3,50.0,0,N,MELB_URBAN,ROAD,4,18.0
159767,1,1,130,5,1,60.0,0,N,RURAL_VICTORIA,BOULEVARD,4,8.0
159768,6,0,99,5,1,80.0,0,N,UNKNOWN,AVENUE,4,14.0
159769,1,0,99,1,3,40.0,0,I,MELB_URBAN,STREET,4,18.0
159770,1,0,130,5,3,70.0,0,N,MELB_URBAN,ROAD,4,18.0
159771,4,1,173,2,1,70.0,0,N,MELB_URBAN,ROAD,4,16.0
159772,1,7,147,5,6,60.0,0,N,MELB_URBAN,ROAD,4,23.0
159773,2,1,102,2,3,60.0,0,N,MELB_URBAN,ROAD,4,20.0
159774,1,1,99,2,3,80.0,0,N,MELB_URBAN,ROAD,4,22.0
159775,4,1,173,2,3,60.0,1,N,MELB_URBAN,ROAD,4,20.0
159776,4,0,181,5,5,100.0,0,N,RURAL_VICTORIA,ROAD,4,20.0
159777,4,1,171,5,5,100.0,0,N,RURAL_VICTORIA,ROAD,4,0.0
159778,1,1,121,1,3,80.0,0,I,MELB_URBAN,HIGHWAY,4,23.0
159779,1,1,121,1,1,60.0,0,I,MELB_URBAN,ROAD,4,6.0
159780,2,1,99,1,1,40.0,0,N,MELB_URBAN,STREET,4,9.0
159781,1,2,130,5,1,110.0,0,N,RURAL_VICTORIA,OTHER,4,7.0
159782,2,2,100,5,1,40.0,0,N,MELB_URBAN,STREET,4,7.0
159783,1,2,120,5,1,60.0,0,N,MELB_URBAN,ROAD,4,8.0
159784,4,1,171,5,1,60.0,0,N,MELB_URBAN,ROAD,4,10.0
159785,4,5,99,2,1,100.0,0,I,RURAL_VICTORIA,ROAD,4,9.0
159786,1,6,121,1,3,50.0,0,I,MELB_URBAN,HIGHWAY,4,19.0
159787,1,1,134,5,1,50.0,0,N,MELB_URBAN,STREET,4,9.0
159788,6,4,174,1,6,60.0,0,I,RURAL_VICTORIA,ROAD,4,19.0
159789,8,1,174,5,1,60.0,0,N,SMALL_TOWNS,ROAD,4,13.0
159790,5,5,181,5,1,100.0,0,N,UNKNOWN,ROAD,4,11.0
159791,1,2,121,1,2,80.0,0,I,MELB_URBAN,HIGHWAY,4,20.0
159792,1,3,99,1,1,50.0,0,N,MELB_URBAN,ROAD,2,8.0
159793,1,7,121,5,1,60.0,0,N,MELB_URBAN,ROAD,4,13.0
159794,8,1,99,2,1,60.0,0,I,RURAL_VICTORIA,STREET,3,16.0
159795,1,1,130,5,1,60.0,0,N,LARGE_PROVINCIAL_CITIES,STREET,4,14.0
159796,2,1,99,5,1,40.0,0,N,MELB_URBAN,ROAD,4,15.0
159797,6,2,174,5,1,50.0,0,N,TOWNS,STREET,4,13.0
159798,1,1,130,5,1,100.0,0,N,MELB_URBAN,FREEWAY,4,16.0
159799,3,2,167,5,2,100.0,0,N,RURAL_VICTORIA,ROAD,4,6.0
159800,4,5,171,5,5,100.0,0,N,RURAL_VICTORIA,ROAD,4,21.0
159801,1,2,111,1,2,50.0,0,I,MELB_URBAN,ROAD,4,18.0
159802,6,5,99,5,1,60.0,0,O,UNKNOWN,ROAD,3,18.0
159803,6,2,174,5,5,60.0,0,N,RURAL_VICTORIA,OTHER,4,18.0
159804,1,2,110,1,3,50.0,0,N,LARGE_PROVINCIAL_CITIES,STREET,4,5.0
159805,4,1,183,5,2,60.0,0,N,RURAL_VICTORIA,ROAD,4,19.0
159806,1,2,130,2,3,60.0,0,I,MELB_URBAN,STREET,4,21.0
159807,2,3,100,5,5,100.0,1,N,MELB_URBAN,FREEWAY,4,0.0
159808,1,2,121,2,1,80.0,0,I,MELB_URBAN,STREET,4,14.0
159809,1,2,160,5,1,50.0,0,N,RURAL_VICTORIA,BOULEVARD,4,6.0
159810,1,1,140,5,1,60.0,0,N,RURAL_VICTORIA,HIGHWAY,4,15.0
159811,8,3,174,5,1,60.0,0,N,UNKNOWN,UNKNOWN,4,11.0
159812,1,6,113,2,1,60.0,0,I,MELB_URBAN,ROAD,4,17.0
159813,4,2,173,5,5,100.0,0,N,RURAL_VICTORIA,ROAD,4,23.0
159814,6,2,99,5,2,100.0,0,N,RURAL_VICTORIA,HIGHWAY,4,6.0
159815,2,3,99,5,1,60.0,0,N,UNKNOWN,ROAD,4,10.0
159816,1,3,99,2,1,60.0,0,I,UNKNOWN,DRIVE,4,10.0
159817,4,3,171,2,3,50.0,0,I,MELB_URBAN,STREET,4,22.0
159818,1,1,110,1,1,60.0,0,I,LARGE_PROVINCIAL_CITIES,STREET,3,12.0
159819,1,3,120,1,1,60.0,0,N,MELB_URBAN,ROAD,4,9.0
159820,6,2,174,5,1,100.0,0,N,MELB_URBAN,ROAD,4,10.0
159821,1,3,147,3,1,40.0,0,N,TOWNS,HIGHWAY,4,15.0
159822,1,0,121,1,3,50.0,0,I,SMALL_CITIES,STREET,3,19.0
159823,1,3,160,5,1,60.0,0,N,MELB_URBAN,ROAD,4,11.0
159824,4,3,173,1,1,60.0,0,I,RURAL_VICTORIA,ROAD,4,7.0
159825,1,4,99,1,1,60.0,0,I,MELB_URBAN,ROAD,3,14.0
159826,1,2,147,5,1,50.0,0,N,MELB_URBAN,STREET,4,8.0
159827,6,6,174,5,1,60.0,0,N,UNKNOWN,ROAD,1,8.0
159828,1,2,160,2,1,60.0,0,N,MELB_URBAN,PARADE,4,15.0
159829,1,3,163,5,1,60.0,0,N,MELB_URBAN,ROAD,4,8.0
159830,1,6,130,5,1,60.0,0,N,MELB_URBAN,HIGHWAY,1,15.0
159831,4,3,171,5,1,80.0,0,N,MELB_URBAN,ROAD,4,16.0
159832,1,2,121,1,1,60.0,0,I,MELB_URBAN,ROAD,4,13.0
159833,1,5,130,2,2,60.0,0,I,MELB_URBAN,ROAD,4,17.0
159834,1,2,121,1,1,40.0,0,N,MELB_URBAN,STREET,4,16.0
159835,6,3,174,2,1,40.0,0,I,MELB_URBAN,OTHER,4,16.0
159836,1,3,111,1,1,80.0,0,I,MELB_URBAN,HIGHWAY,4,17.0
159837,4,3,173,5,1,100.0,0,N,RURAL_VICTORIA,ROAD,4,15.0
159838,1,2,121,1,3,50.0,0,I,MELB_URBAN,HIGHWAY,4,18.0
159839,4,3,171,5,1,50.0,1,N,MELB_URBAN,AVENUE,4,16.0
159840,1,5,130,5,1,100.0,0,N,MELB_URBAN,ROAD,4,17.0
159841,1,3,121,1,3,50.0,0,N,MELB_URBAN,STREET,4,19.0
159842,1,5,130,5,1,100.0,0,N,MELB_URBAN,FREEWAY,3,8.0
159843,1,2,130,5,1,60.0,0,N,MELB_URBAN,STREET,4,8.0
159844,1,3,110,1,1,60.0,0,I,SMALL_CITIES,STREET,4,17.0
159845,1,3,99,4,3,80.0,0,I,MELB_URBAN,ROAD,4,23.0
159846,1,2,110,1,2,60.0,0,I,MELB_URBAN,ROAD,4,17.0
159847,1,2,147,5,2,40.0,0,N,MELB_URBAN,STREET,3,18.0
159848,1,6,113,2,9,80.0,0,I,MELB_URBAN,ROAD,3,20.0
159849,4,3,171,5,5,60.0,0,N,MELB_URBAN,ROAD,4,21.0
159850,1,3,121,2,3,80.0,1,I,MELB_URBAN,ROAD,4,20.0
159851,6,3,99,5,5,80.0,0,N,SMALL_TOWNS,ROAD,4,23.0
159852,5,3,99,5,3,60.0,0,N,LARGE_PROVINCIAL_CITIES,STREET,4,21.0
159853,1,3,110,1,3,60.0,0,N,MELB_URBAN,DRIVE,3,2.0
159854,1,7,163,5,1,40.0,0,N,MELBOURNE_CBD,STREET,3,16.0
159855,1,1,110,1,2,60.0,0,N,MELB_URBAN,ROAD,4,19.0
159856,1,4,113,2,1,70.0,0,I,MELB_URBAN,ROAD,4,7.0
159857,1,2,99,5,1,60.0,0,N,LARGE_PROVINCIAL_CITIES,AVENUE,4,14.0
159858,4,4,171,5,1,100.0,0,N,RURAL_VICTORIA,HIGHWAY,4,10.0
159859,1,3,121,2,5,80.0,0,N,MELB_URBAN,ROAD,4,19.0
159860,1,2,130,5,1,100.0,0,N,MELB_URBAN,UNKNOWN,4,11.0
159861,1,3,110,1,3,70.0,0,I,MELB_URBAN,STREET,4,5.0
159862,1,3,160,5,1,50.0,0,N,MELB_URBAN,AVENUE,4,9.0
159863,4,4,183,5,1,80.0,0,N,RURAL_VICTORIA,ROAD,4,10.0
159864,1,2,113,2,3,60.0,0,I,LARGE_PROVINCIAL_CITIES,STREET,4,19.0
159865,1,0,113,2,1,60.0,0,I,SMALL_CITIES,OTHER,3,14.0
159866,2,4,100,1,1,50.0,0,I,MELB_URBAN,ROAD,4,14.0
159867,1,4,121,1,1,40.0,0,N,MELB_URBAN,STREET,4,15.0
159868,1,6,130,4,9,70.0,0,N,MELB_URBAN,RAMP,3,16.0
159869,1,4,113,4,1,80.0,0,N,RURAL_VICTORIA,HIGHWAY,4,15.0
159870,2,3,99,5,1,60.0,0,N,UNKNOWN,DRIVE,4,17.0
159871,4,1,171,5,9,50.0,0,N,MELB_URBAN,STREET,4,3.0
159872,1,6,130,5,1,80.0,0,N,MELB_URBAN,HIGHWAY,4,12.0
159873,4,4,171,5,1,80.0,0,N,RURAL_VICTORIA,ROAD,4,15.0
159874,1,4,130,2,1,60.0,0,I,MELB_URBAN,BOULEVARD,4,16.0
159875,1,4,130,5,3,80.0,0,N,MELB_URBAN,FREEWAY,4,18.0
159876,1,4,160,5,1,50.0,0,N,MELB_URBAN,ROAD,4,16.0
159877,2,4,99,5,1,40.0,0,N,UNKNOWN,ROAD,4,16.0
159878,4,4,173,5,1,100.0,0,N,RURAL_VICTORIA,ROAD,4,16.0
159879,2,4,102,2,1,40.0,0,I,MELB_URBAN,STREET,4,16.0
159880,4,4,99,5,3,100.0,0,N,MELB_URBAN,FREEWAY,4,21.0
159881,1,6,130,2,1,60.0,0,I,TOWNS,HIGHWAY,4,15.0
159882,1,3,121,2,3,70.0,0,I,MELB_URBAN,ROAD,4,22.0
159883,2,3,102,5,6,60.0,0,N,MELB_URBAN,ROAD,4,22.0
159884,4,3,173,5,5,100.0,0,N,RURAL_VICTORIA,HIGHWAY,4,21.0
159885,1,1,130,5,1,80.0,0,N,UNKNOWN,FREEWAY,3,9.0
159886,1,6,140,2,1,60.0,0,I,MELB_URBAN,ROAD,3,9.0
159887,1,6,110,1,1,50.0,0,I,MELB_URBAN,DRIVE,4,16.0
159888,1,0,130,5,1,80.0,0,N,MELB_URBAN,FREEWAY,4,10.0
159889,4,3,99,5,1,60.0,0,N,UNKNOWN,ROAD,4,9.0
159890,2,5,100,2,1,50.0,0,I,MELB_URBAN,STREET,4,8.0
159891,2,5,100,1,1,50.0,0,I,SMALL_CITIES,STREET,4,10.0
159892,1,5,130,1,1,80.0,0,N,MELB_URBAN,HIGHWAY,3,16.0
159893,1,5,110,1,1,50.0,0,I,MELB_URBAN,STREET,4,8.0
159894,1,4,130,5,1,80.0,0,N,RURAL_VICTORIA,HIGHWAY,4,10.0
159895,1,0,130,5,1,60.0,0,N,MELB_URBAN,ROAD,4,16.0