,accident_type,day_of_week,dca_code,road_geometry,light_condition,speed_zone,severity,node_type,deg_urban_name,road_type,month,hour
159896,1,3,130,5,1,50.0,0,N,MELB_URBAN,STREET,3,8.0
159897,1,5,99,1,1,100.0,0,I,RURAL_VICTORIA,ROAD,4,7.0
159898,4,2,173,5,1,100.0,0,N,RURAL_VICTORIA,FREEWAY,4,9.0
159899,1,4,130,5,1,50.0,0,I,MELB_URBAN,STREET,4,11.0
159900,1,4,133,5,1,70.0,0,N,UNKNOWN,ROAD,4,11.0
159901,1,3,120,5,1,60.0,0,N,RURAL_VICTORIA,ROAD,4,6.0
159902,1,3,121,5,3,60.0,0,N,MELB_URBAN,STREET,4,20.0
159903,8,5,174,5,3,70.0,0,N,MELB_URBAN,HIGHWAY,3,20.0
159904,1,5,133,5,1,100.0,0,N,MELB_URBAN,ROAD,4,12.0
159905,1,5,130,2,1,80.0,0,I,RURAL_VICTORIA,ROAD,4,12.0
159906,4,5,181,5,1,60.0,0,N,MELB_URBAN,DRIVE,4,13.0
159907,1,5,99,3,3,80.0,0,N,MELB_URBAN,FREEWAY,3,5.0
159908,8,5,99,1,1,40.0,0,N,MELBOURNE_CBD,STREET,4,7.0
159909,1,4,147,5,1,50.0,0,N,TOWNS,STREET,4,13.0
159910,3,1,167,5,1,60.0,0,N,RURAL_VICTORIA,OTHER,4,10.0
159911,1,3,130,1,2,80.0,0,N,MELB_URBAN,HIGHWAY,4,6.0
159912,1,0,130,5,3,70.0,0,N,MELB_URBAN,ROAD,4,22.0
159913,1,2,130,5,9,60.0,0,N,MELB_URBAN,RAMP,4,16.0
159914,1,4,135,5,1,80.0,0,N,MELB_URBAN,FREEWAY,4,10.0
159915,6,5,99,5,2,50.0,0,N,MELB_URBAN,BOULEVARD,4,17.0
159916,1,5,110,1,1,50.0,0,I,TOWNS,STREET,4,15.0
159917,5,5,99,5,2,60.0,0,N,SMALL_TOWNS,ROAD,4,17.0
159918,1,5,130,5,1,110.0,0,N,SMALL_CITIES,FREEWAY,4,17.0
159919,1,4,116,1,3,80.0,0,I,MELB_URBAN,ROAD,4,18.0
159920,6,4,99,4,1,100.0,0,N,RURAL_VICTORIA,ROAD,4,16.0
159921,1,5,130,5,3,50.0,0,N,MELB_URBAN,ROAD,4,18.0
159922,1,5,110,1,1,100.0,1,I,RURAL_VICTORIA,HIGHWAY,4,14.0
159923,1,4,163,5,3,40.0,0,N,MELBOURNE_CBD,STREET,4,19.0
159924,4,4,181,5,1,60.0,0,N,MELB_URBAN,ROAD,4,17.0
159925,1,4,121,1,3,80.0,0,I,MELB_URBAN,ROAD,4,20.0
159926,1,4,121,2,1,50.0,0,I,MELB_URBAN,STREET,4,15.0
159927,1,5,135,1,3,80.0,0,N,UNKNOWN,ROAD,4,19.0
159928,1,2,130,2,1,60.0,0,I,MELB_URBAN,ROAD,3,8.0
159929,4,4,173,5,5,80.0,0,N,RURAL_VICTORIA,ROAD,4,22.0
159930,8,6,99,1,3,60.0,0,I,LARGE_PROVINCIAL_CITIES,ROAD,4,0.0
159931,6,5,99,5,5,60.0,0,N,RURAL_VICTORIA,ROAD,4,22.0
159932,1,6,130,5,3,40.0,0,N,MELB_URBAN,FREEWAY,4,1.0
159933,1,5,116,1,9,80.0,0,I,SMALL_TOWNS,ROAD,4,6.0
159934,1,6,113,2,6,60.0,0,I,MELB_URBAN,ROAD,4,17.0
159935,1,5,130,2,1,80.0,0,N,MELB_URBAN,ROAD,3,18.0
159936,1,4,130,5,5,100.0,0,N,MELB_URBAN,FREEWAY,4,20.0
159937,1,1,130,2,1,40.0,0,N,MELB_URBAN,ROAD,4,8.0
159938,1,4,130,5,1,80.0,0,N,MELB_URBAN,FREEWAY,4,15.0
159939,4,5,173,2,1,80.0,0,I,MELB_URBAN,ROAD,4,9.0
159940,1,3,163,5,1,40.0,0,N,MELB_URBAN,AVENUE,4,9.0
159941,4,4,183,2,9,80.0,0,I,RURAL_VICTORIA,ROAD,3,16.0
159942,1,7,130,5,1,80.0,0,N,MELB_URBAN,HIGHWAY,3,12.0
159943,1,5,130,1,3,80.0,0,I,MELB_URBAN,ROAD,4,18.0
159944,4,2,173,1,1,50.0,0,I,LARGE_PROVINCIAL_CITIES,PARADE,4,13.0
159945,1,6,121,2,1,60.0,0,I,LARGE_PROVINCIAL_CITIES,STREET,4,11.0
159946,2,5,100,2,5,60.0,0,N,MELB_URBAN,DRIVE,4,5.0
159947,1,6,130,2,1,60.0,0,I,MELB_URBAN,STREET,4,10.0
159948,1,4,130,5,9,60.0,0,N,MELB_URBAN,FREEWAY,3,10.0
159949,1,5,110,1,1,100.0,0,N,RURAL_VICTORIA,ROAD,4,11.0
159950,1,6,113,2,1,60.0,0,I,MELB_URBAN,DRIVE,3,17.0
159951,1,4,130,2,1,60.0,0,I,MELB_URBAN,ROAD,4,9.0
159952,1,4,121,1,3,40.0,0,I,MELB_URBAN,ROAD,4,19.0
159953,1,0,120,5,1,60.0,0,N,MELB_URBAN,ROAD,3,19.0
159954,1,5,99,5,1,60.0,0,N,MELB_URBAN,BOULEVARD,4,9.0
159955,1,3,120,1,2,60.0,0,I,MELB_URBAN,ROAD,3,5.0
159956,1,5,121,2,1,60.0,0,O,MELB_URBAN,UNKNOWN,4,14.0
159957,1,5,110,1,1,80.0,0,I,SMALL_TOWNS,ROAD,4,13.0
159958,1,6,160,5,1,40.0,0,N,MELB_URBAN,STREET,4,14.0
159959,1,2,116,1,2,60.0,0,I,MELB_URBAN,ROAD,4,18.0
159960,1,3,163,5,3,60.0,0,N,UNKNOWN,STREET,4,21.0
159961,2,6,100,5,1,70.0,0,N,MELB_URBAN,ROAD,4,12.0
159962,1,4,130,5,1,60.0,0,N,LARGE_PROVINCIAL_CITIES,ROAD,11,16.0
159963,1,6,110,1,1,50.0,0,I,LARGE_PROVINCIAL_CITIES,STREET,4,12.0
159964,1,6,113,2,1,80.0,0,I,MELB_URBAN,HIGHWAY,4,15.0
159965,1,5,130,5,2,60.0,0,N,MELB_URBAN,STREET,4,18.0
159966,1,6,120,5,1,80.0,0,N,MELB_URBAN,ROAD,4,15.0
159967,1,4,130,2,2,50.0,0,N,MELB_URBAN,DRIVE,3,17.0
159968,1,5,130,5,3,60.0,0,N,MELB_URBAN,ROAD,4,19.0
159969,1,5,121,2,1,80.0,0,I,MELB_URBAN,ROAD,4,14.0
159970,1,5,130,5,1,80.0,0,N,RURAL_VICTORIA,ROAD,4,15.0
159971,1,5,133,1,3,100.0,0,N,UNKNOWN,ROAD,4,18.0
159972,1,6,113,1,3,60.0,0,I,MELB_URBAN,ROAD,4,21.0
159973,1,6,110,1,3,70.0,0,I,MELB_URBAN,ROAD,4,22.0
159974,4,5,171,5,3,60.0,0,N,UNKNOWN,ROAD,4,23.0
159975,8,7,174,2,3,40.0,0,I,MELB_URBAN,ROAD,4,2.0
159976,1,7,130,5,4,80.0,0,N,MELB_URBAN,HIGHWAY,4,3.0
159977,4,6,173,5,3,50.0,0,N,MELB_URBAN,STREET,4,23.0
159978,1,5,132,5,1,60.0,0,O,UNKNOWN,UNKNOWN,4,18.0
159979,4,7,181,5,2,70.0,0,N,MELB_URBAN,ROAD,4,6.0
159980,4,7,171,2,3,60.0,1,I,MELB_URBAN,ROAD,4,3.0
159981,1,0,130,5,1,80.0,0,N,MELB_URBAN,FREEWAY,4,12.0
159982,1,5,120,5,1,60.0,0,N,RURAL_VICTORIA,HIGHWAY,4,15.0
159983,1,5,130,1,2,60.0,0,I,MELB_URBAN,ROAD,4,17.0
159984,1,6,121,2,1,60.0,0,I,MELB_URBAN,ROAD,4,9.0
159985,1,6,110,1,1,50.0,0,I,LARGE_PROVINCIAL_CITIES,STREET,4,9.0
159986,1,7,110,1,1,60.0,0,I,LARGE_PROVINCIAL_CITIES,AVENUE,4,9.0
159987,1,7,113,2,1,50.0,0,I,SMALL_CITIES,STREET,4,11.0
159988,1,6,171,5,1,50.0,0,N,MELB_URBAN,DRIVE,4,11.0
159989,1,7,121,2,1,60.0,0,I,MELB_URBAN,STREET,4,12.0
159990,4,6,183,5,1,60.0,0,N,UNKNOWN,ROAD,4,11.0
159991,1,2,173,5,1,50.0,0,N,RURAL_VICTORIA,DRIVE,4,14.0
159992,1,4,160,5,2,50.0,0,N,MELB_URBAN,ROAD,3,8.0
159993,6,7,174,5,1,50.0,0,N,MELB_URBAN,STREET,4,15.0
159994,3,6,167,5,1,100.0,0,N,RURAL_VICTORIA,HIGHWAY,4,14.0
159995,1,6,130,5,1,70.0,0,N,MELB_URBAN,HIGHWAY,4,13.0
159996,1,7,130,5,1,80.0,0,N,RURAL_VICTORIA,ROAD,4,14.0
159997,1,6,116,2,1,60.0,0,I,TOWNS,AVENUE,4,14.0
159998,4,6,171,5,2,40.0,0,N,MELB_URBAN,STREET,4,16.0
159999,2,6,100,2,1,50.0,0,I,MELB_URBAN,STREET,4,9.0
160000,1,7,140,2,1,50.0,0,N,MELB_URBAN,ROAD,4,17.0
160001,1,6,160,5,1,60.0,0,N,MELB_URBAN,ROAD,4,16.0
160002,1,7,160,5,3,60.0,0,N,MELB_URBAN,ROAD,4,18.0
160003,4,7,99,2,1,40.0,0,I,MELB_URBAN,ROAD,4,16.0
160004,6,7,174,5,1,100.0,0,N,RURAL_VICTORIA,OTHER,4,13.0
160005,1,6,140,5,1,60.0,0,N,MELB_URBAN,ROAD,4,14.0
160006,1,7,120,5,5,60.0,0,N,MELB_URBAN,BOULEVARD,4,20.0
160007,1,7,130,5,2,70.0,0,N,LARGE_PROVINCIAL_CITIES,HIGHWAY,4,19.0
160008,1,6,130,5,1,60.0,0,N,MELB_URBAN,ROAD,4,14.0
160009,5,6,183,5,1,100.0,0,N,RURAL_VICTORIA,ROAD,4,17.0
160010,1,5,116,1,3,60.0,0,I,MELB_URBAN,ROAD,4,23.0
160011,4,1,173,2,3,60.0,0,I,MELB_URBAN,ROAD,4,4.0
160012,4,1,171,5,3,60.0,0,N,MELB_URBAN,ROAD,4,4.0
160013,4,0,173,5,2,70.0,0,N,MELB_URBAN,ROAD,4,4.0
160014,1,0,130,5,1,80.0,0,N,MELB_URBAN,ROAD,4,9.0
160015,1,2,134,5,2,80.0,0,N,MELB_URBAN,ROAD,3,18.0
160016,1,1,130,5,1,40.0,0,N,MELB_URBAN,STREET,4,9.0
160017,1,0,110,1,2,60.0,0,I,MELB_URBAN,AVENUE,4,7.0
160018,1,7,130,1,9,70.0,0,I,MELB_URBAN,ROAD,4,15.0
160019,1,7,120,5,1,100.0,0,N,RURAL_VICTORIA,HIGHWAY,4,15.0
160020,6,1,184,5,1,100.0,0,N,RURAL_VICTORIA,ROAD,4,12.0
160021,4,1,171,5,1,60.0,0,N,LARGE_PROVINCIAL_CITIES,ROAD,4,8.0
160022,1,7,181,5,5,80.0,0,N,UNKNOWN,HIGHWAY,4,18.0
160023,1,1,113,2,1,70.0,0,I,MELB_URBAN,ROAD,4,15.0
160024,1,0,110,1,1,60.0,0,I,LARGE_PROVINCIAL_CITIES,STREET,4,16.0
160025,1,1,113,1,1,60.0,0,I,MELB_URBAN,ROAD,4,10.0
160026,1,6,121,1,3,40.0,0,I,MELB_URBAN,HIGHWAY,4,19.0
160027,1,1,132,1,2,80.0,0,I,MELB_URBAN,ROAD,4,16.0
160028,2,4,100,1,1,60.0,0,I,MELB_URBAN,OTHER,4,14.0
160029,1,1,99,5,1,60.0,0,N,MELB_URBAN,STREET,4,12.0
160030,4,1,171,5,5,100.0,0,N,RURAL_VICTORIA,ROAD,4,17.0
160031,1,1,110,1,3,60.0,0,I,MELB_URBAN,ROAD,4,18.0
160032,8,1,174,5,3,50.0,0,N,LARGE_PROVINCIAL_CITIES,ROAD,4,19.0
160033,4,1,181,5,1,80.0,0,N,RURAL_VICTORIA,ROAD,4,15.0
160034,4,1,171,2,5,60.0,0,I,RURAL_VICTORIA,ROAD,4,18.0
160035,6,1,174,2,1,40.0,0,I,SMALL_CITIES,ROAD,4,16.0
160036,2,0,100,5,3,60.0,0,N,MELB_URBAN,ROAD,4,18.0
160037,3,4,167,5,2,100.0,0,N,RURAL_VICTORIA,ROAD,3,7.0
160038,4,2,171,2,3,80.0,0,I,MELB_URBAN,ROAD,4,1.0
160039,1,4,133,2,9,40.0,0,I,MELB_URBAN,STREET,8,8.0
160040,1,0,110,1,1,70.0,0,N,SMALL_CITIES,HIGHWAY,4,12.0
160041,1,5,130,5,1,100.0,0,N,MELB_URBAN,FREEWAY,3,8.0
160042,4,0,173,5,2,50.0,0,N,MELB_URBAN,ROAD,4,5.0
160043,1,6,130,5,1,60.0,0,N,MELB_URBAN,ROAD,4,12.0
160044,1,3,130,5,1,80.0,0,N,MELB_URBAN,UNKNOWN,2,16.0
160045,1,6,130,2,1,60.0,0,N,MELB_URBAN,ROAD,2,17.0
160046,1,3,140,5,1,60.0,0,N,SMALL_CITIES,STREET,4,17.0
160047,1,2,130,5,1,60.0,0,N,MELB_URBAN,DRIVE,4,8.0
160048,1,6,121,1,1,60.0,0,I,SMALL_CITIES,ROAD,4,10.0
160049,1,5,130,1,1,60.0,0,N,MELB_URBAN,ROAD,4,12.0
160050,6,7,99,5,1,60.0,0,N,RURAL_VICTORIA,ROAD,4,10.0
160051,2,2,100,2,1,60.0,0,N,MELB_URBAN,ROAD,4,10.0
160052,4,4,173,5,1,80.0,0,N,RURAL_VICTORIA,ROAD,4,8.0
160053,3,2,167,5,1,100.0,0,N,RURAL_VICTORIA,ROAD,4,7.0
160054,1,2,99,5,1,100.0,0,N,RURAL_VICTORIA,ROAD,4,9.0
160055,1,2,130,5,1,80.0,0,N,MELB_URBAN,ROAD,4,9.0
160056,1,2,120,5,1,60.0,0,N,RURAL_VICTORIA,ROAD,4,9.0
160057,1,5,113,2,2,60.0,0,I,MELB_URBAN,ROAD,3,18.0
160058,6,6,174,5,1,60.0,0,N,RURAL_VICTORIA,ROAD,4,15.0
160059,1,2,140,2,1,100.0,0,I,RURAL_VICTORIA,ROAD,4,12.0
160060,1,6,130,5,1,60.0,0,N,MELB_URBAN,ROAD,4,17.0
160061,1,2,110,1,1,100.0,0,I,RURAL_VICTORIA,ROAD,4,12.0
160062,1,0,111,2,1,60.0,0,I,MELB_URBAN,ROAD,4,13.0
160063,1,6,130,5,1,70.0,0,N,MELB_URBAN,ROAD,4,17.0
160064,1,6,130,1,3,60.0,0,N,LARGE_PROVINCIAL_CITIES,ROAD,4,22.0
160065,1,2,110,1,1,80.0,0,I,RURAL_VICTORIA,ROAD,4,15.0
160066,1,7,130,5,1,70.0,0,N,SMALL_CITIES,ROAD,4,12.0
160067,1,2,121,1,1,70.0,0,I,MELB_URBAN,ROAD,4,17.0
160068,1,1,135,2,1,60.0,0,I,MELB_URBAN,STREET,4,12.0
160069,1,1,130,5,2,70.0,0,N,MELB_URBAN,HIGHWAY,4,17.0
160070,1,2,113,2,1,80.0,0,I,RURAL_VICTORIA,ROAD,4,15.0
160071,1,5,130,5,1,80.0,0,N,MELB_URBAN,ROAD,4,14.0
160072,6,2,174,2,3,60.0,0,I,MELB_URBAN,ROAD,4,18.0
160073,4,2,181,5,1,80.0,0,N,RURAL_VICTORIA,ROAD,4,14.0
160074,1,0,120,5,1,100.0,0,N,RURAL_VICTORIA,ROAD,4,12.0
160075,1,1,121,2,1,60.0,0,I,MELB_URBAN,ROAD,4,17.0
160076,1,2,130,5,1,80.0,0,N,MELB_URBAN,RAMP,4,13.0
160077,1,5,163,5,1,40.0,0,N,MELB_URBAN,ROAD,8,13.0
160078,1,2,121,1,1,80.0,0,I,MELB_URBAN,ROAD,4,17.0
160079,1,1,110,1,1,40.0,0,I,MELB_URBAN,ROAD,4,8.0
160080,1,2,130,5,3,70.0,0,N,MELB_URBAN,ROAD,4,19.0
160081,1,2,130,5,3,80.0,0,N,MELB_URBAN,HIGHWAY,4,18.0
160082,1,1,130,5,1,80.0,0,N,MELB_URBAN,ROAD,4,15.0
160083,2,2,100,5,3,50.0,0,N,MELB_URBAN,ROAD,4,18.0
160084,1,2,116,2,3,60.0,0,I,LARGE_PROVINCIAL_CITIES,ROAD,4,21.0
160085,1,2,163,5,3,40.0,0,N,MELB_URBAN,STREET,4,18.0
160086,4,2,171,5,2,60.0,0,N,UNKNOWN,ROAD,4,17.0
160087,1,2,121,1,3,60.0,0,N,MELB_URBAN,ROAD,4,21.0
160088,1,1,130,5,3,60.0,0,N,RURAL_VICTORIA,ROAD,4,19.0
160089,8,2,170,5,2,60.0,0,N,LARGE_PROVINCIAL_CITIES,ROAD,4,16.0
160090,1,2,116,2,6,60.0,0,I,RURAL_VICTORIA,ROAD,4,19.0
160091,4,2,171,5,1,60.0,1,I,MELB_URBAN,ROAD,4,17.0
160092,1,2,99,2,5,50.0,0,N,MELB_URBAN,ROAD,4,5.0
160093,2,2,99,5,1,50.0,0,N,MELB_URBAN,STREET,4,16.0
160094,1,6,130,1,1,80.0,0,I,MELB_URBAN,ROAD,3,16.0
160095,1,2,110,1,4,80.0,0,I,MELB_URBAN,ROAD,4,22.0
160096,4,2,171,5,3,80.0,1,I,MELB_URBAN,RAMP,4,1.0
160097,1,3,160,5,5,50.0,0,N,MELB_URBAN,STREET,4,0.0
160098,2,3,100,5,1,50.0,0,N,MELB_URBAN,STREET,4,11.0
160099,1,2,135,5,2,50.0,0,N,UNKNOWN,STREET,4,5.0
160100,4,2,173,5,1,50.0,0,N,MELB_URBAN,ROAD,4,9.0
160101,1,1,99,5,1,60.0,0,N,MELB_URBAN,ROAD,4,12.0
160102,3,2,167,5,1,100.0,0,N,RURAL_VICTORIA,ROAD,4,8.0
160103,1,2,110,1,1,80.0,0,I,MELB_URBAN,ROAD,4,9.0
160104,1,3,130,5,1,80.0,0,N,MELB_URBAN,STREET,4,16.0
160105,3,2,167,5,1,110.0,0,N,SMALL_TOWNS,FREEWAY,4,9.0
160106,1,2,99,5,1,60.0,0,N,UNKNOWN,ROAD,4,8.0
160107,1,1,130,5,1,60.0,0,N,MELB_URBAN,ROAD,4,11.0
160108,6,2,170,5,1,70.0,0,N,UNKNOWN,ROAD,4,11.0
160109,1,3,99,2,1,60.0,0,I,MELB_URBAN,ROAD,4,11.0
160110,1,2,130,5,1,80.0,0,N,RURAL_VICTORIA,ROAD,4,14.0
160111,6,3,174,1,1,60.0,0,I,MELB_URBAN,ROAD,4,11.0
160112,6,6,174,5,1,40.0,0,N,MELB_URBAN,STREET,4,16.0
160113,1,6,110,1,1,60.0,0,I,MELB_URBAN,ROAD,3,8.0
160114,7,0,99,5,1,60.0,0,N,RURAL_VICTORIA,ROAD,4,15.0
160115,1,3,116,2,3,60.0,0,I,MELB_URBAN,ROAD,4,5.0
160116,1,3,121,2,1,60.0,0,N,MELB_URBAN,STREET,4,12.0
160117,6,6,184,2,9,60.0,0,I,RURAL_VICTORIA,ROAD,4,14.0
160118,1,3,121,1,1,60.0,0,I,MELB_URBAN,STREET,4,12.0
160119,1,2,121,1,1,60.0,0,I,MELB_URBAN,ROAD,4,12.0
160120,1,3,110,1,1,80.0,0,I,MELB_URBAN,HIGHWAY,4,14.0
160121,1,1,130,1,9,50.0,0,N,MELB_URBAN,ROAD,4,17.0
160122,1,3,134,5,1,80.0,0,N,MELB_URBAN,HIGHWAY,4,15.0
160123,1,3,113,2,1,80.0,0,I,MELB_URBAN,DRIVE,4,15.0
160124,4,3,173,5,1,100.0,0,N,RURAL_VICTORIA,HIGHWAY,4,12.0
160125,4,3,181,5,1,50.0,0,N,MELB_URBAN,OTHER,4,16.0
160126,4,3,171,5,2,100.0,0,N,RURAL_VICTORIA,ROAD,4,17.0
160127,1,3,113,2,1,60.0,0,I,MELB_URBAN,ROAD,4,12.0
160128,2,2,100,1,1,60.0,0,I,MELB_URBAN,PARADE,4,16.0
160129,6,3,99,5,1,60.0,0,N,SMALL_TOWNS,OTHER,4,17.0
160130,1,2,173,5,3,50.0,0,N,MELB_URBAN,OTHER,4,18.0
160131,1,3,116,2,1,80.0,0,I,RURAL_VICTORIA,HIGHWAY,4,15.0
160132,2,2,100,5,1,60.0,0,N,UNKNOWN,ROAD,4,14.0
160133,4,2,171,1,1,60.0,0,N,LARGE_PROVINCIAL_CITIES,STREET,4,14.0
160134,1,3,130,2,2,50.0,0,I,SMALL_CITIES,STREET,4,19.0
160135,1,3,99,2,3,60.0,0,I,MELB_URBAN,AVENUE,4,19.0
160136,1,3,147,5,5,80.0,0,N,MELB_URBAN,HIGHWAY,4,4.0
160137,1,3,130,5,3,80.0,0,N,MELB_URBAN,ROAD,4,17.0
160138,4,2,171,5,3,60.0,0,N,MELB_URBAN,STREET,4,20.0
160139,1,5,116,2,3,50.0,0,I,MELB_URBAN,BOULEVARD,3,20.0
160140,1,4,160,1,3,50.0,0,I,MELB_URBAN,STREET,4,1.0
160141,4,4,171,5,5,110.0,0,N,RURAL_VICTORIA,FREEWAY,4,3.0
160142,1,6,99,1,1,60.0,0,I,MELB_URBAN,ROAD,2,8.0
160143,1,3,120,5,5,100.0,0,N,RURAL_VICTORIA,HIGHWAY,4,22.0
160144,1,4,121,2,3,40.0,0,I,MELB_URBAN,STREET,4,5.0
160145,1,4,130,5,2,80.0,0,N,MELB_URBAN,ROAD,4,6.0
160146,8,4,99,5,1,80.0,0,N,MELB_URBAN,ROAD,4,7.0
160147,2,3,100,1,1,60.0,0,I,MELB_URBAN,ROAD,4,8.0
160148,1,3,140,5,1,50.0,0,N,MELB_URBAN,STREET,4,7.0
160149,1,2,99,3,1,60.0,0,I,RURAL_VICTORIA,ROAD,4,14.0
160150,1,3,130,5,1,60.0,0,N,MELB_URBAN,STREET,4,9.0
160151,1,3,110,1,1,60.0,0,I,MELB_URBAN,ROAD,4,8.0
160152,2,3,100,1,1,60.0,0,N,MELB_URBAN,ROAD,4,8.0
160153,1,2,130,1,2,60.0,0,I,LARGE_PROVINCIAL_CITIES,ROAD,4,17.0
160154,1,1,110,1,1,60.0,0,I,RURAL_VICTORIA,DRIVE,4,13.0
160155,1,4,140,2,1,70.0,0,I,MELB_URBAN,STREET,4,10.0
160156,1,4,111,1,2,60.0,0,I,MELB_URBAN,ROAD,4,5.0
160157,4,0,99,5,9,60.0,0,N,MELB_URBAN,UNKNOWN,4,13.0
160158,1,4,99,2,2,50.0,0,I,MELB_URBAN,ROAD,4,8.0
160159,8,6,174,5,1,60.0,0,N,RURAL_VICTORIA,ROAD,4,15.0
160160,5,6,99,5,2,70.0,0,N,MELB_URBAN,ROAD,4,5.0
160161,1,1,121,2,9,50.0,0,I,RURAL_VICTORIA,DRIVE,4,20.0
160162,1,3,121,2,1,60.0,0,I,MELB_URBAN,DRIVE,4,12.0
160163,1,4,120,5,1,40.0,0,N,MELB_URBAN,AVENUE,4,12.0
160164,1,3,133,1,1,60.0,0,N,MELB_URBAN,PARADE,4,14.0
160165,4,5,171,5,1,80.0,0,N,RURAL_VICTORIA,ROAD,4,8.0
160166,3,1,167,5,1,70.0,0,N,RURAL_VICTORIA,OTHER,4,15.0
160167,2,7,99,5,6,60.0,0,N,MELB_URBAN,STREET,4,3.0
160168,1,4,111,1,1,50.0,0,I,SMALL_CITIES,STREET,4,10.0
160169,1,4,110,1,1,60.0,0,I,TOWNS,STREET,4,14.0
160170,1,3,135,5,1,60.0,0,N,MELB_URBAN,ROAD,4,15.0
160171,4,2,99,1,3,80.0,0,N,MELB_URBAN,AVENUE,4,23.0
160172,1,5,130,2,1,60.0,0,N,MELB_URBAN,STREET,4,12.0
160173,8,7,184,5,1,60.0,0,N,RURAL_VICTORIA,ROAD,4,9.0
160174,1,4,134,2,1,80.0,0,I,MELB_URBAN,ROAD,4,15.0
160175,1,4,121,2,2,60.0,0,I,MELB_URBAN,ROAD,4,16.0
160176,2,4,100,1,3,60.0,0,I,LARGE_PROVINCIAL_CITIES,ROAD,4,18.0
160177,1,3,130,5,2,80.0,0,N,MELB_URBAN,HIGHWAY,4,17.0
160178,1,4,110,1,1,70.0,0,I,LARGE_PROVINCIAL_CITIES,HIGHWAY,4,16.0
160179,4,4,181,5,1,100.0,1,N,RURAL_VICTORIA,ROAD,4,15.0
160180,8,3,184,5,1,60.0,0,N,RURAL_VICTORIA,ROAD,4,12.0
160181,4,3,173,5,2,60.0,0,N,RURAL_VICTORIA,ROAD,4,16.0
160182,2,3,102,5,1,40.0,0,N,MELB_URBAN,ROAD,4,13.0
160183,1,4,99,1,2,50.0,0,I,SMALL_CITIES,ROAD,4,17.0
160184,4,3,171,5,5,60.0,0,N,UNKNOWN,ROAD,4,19.0
160185,6,4,99,3,5,100.0,0,I,RURAL_VICTORIA,STREET,4,18.0
160186,1,3,121,2,3,60.0,0,I,MELB_URBAN,ROAD,4,19.0
160187,1,7,130,5,1,60.0,0,N,MELB_URBAN,ROAD,4,13.0
160188,4,3,171,5,2,50.0,0,N,UNKNOWN,ROAD,4,17.0
160189,1,4,110,1,2,50.0,0,I,SMALL_TOWNS,STREET,4,19.0
160190,6,3,174,1,3,60.0,0,I,MELB_URBAN,ROAD,4,0.0
160191,1,2,134,1,3,40.0,0,N,MELB_URBAN,STREET,4,22.0
160192,2,4,99,5,1,50.0,0,N,RURAL_VICTORIA,AVENUE,4,17.0
160193,2,4,99,1,2,40.0,0,I,MELB_URBAN,STREET,4,18.0
160194,1,3,130,2,3,80.0,0,N,MELB_URBAN,ROAD,4,22.0
160195,1,5,130,5,9,60.0,0,N,MELB_URBAN,ROAD,4,18.0
160196,1,6,140,5,1,60.0,0,N,MELB_URBAN,ROAD,4,8.0
160197,1,5,130,5,2,100.0,0,N,MELB_URBAN,FREEWAY,4,6.0
160198,1,6,130,2,1,60.0,0,I,MELB_URBAN,ROAD,3,7.0
160199,2,5,99,5,1,50.0,0,N,MELB_URBAN,STREET,4,12.0
160200,1,5,110,1,6,50.0,0,I,MELB_URBAN,ROAD,4,18.0
160201,1,5,110,1,1,80.0,0,I,SMALL_CITIES,ROAD,4,8.0
160202,1,5,110,1,1,100.0,0,I,RURAL_VICTORIA,ROAD,4,8.0
160203,1,3,171,5,1,50.0,0,N,MELB_URBAN,ROAD,4,12.0
160204,1,5,130,1,1,80.0,0,I,MELB_URBAN,ROAD,4,9.0
160205,6,1,184,5,1,60.0,0,N,RURAL_VICTORIA,ROAD,4,10.0
160206,1,5,110,1,1,100.0,0,I,RURAL_VICTORIA,HIGHWAY,4,12.0
160207,1,4,120,5,1,100.0,0,N,RURAL_VICTORIA,HIGHWAY,4,10.0
160208,8,5,174,2,1,40.0,0,N,MELBOURNE_CBD,STREET,4,12.0
160209,1,1,121,2,1,60.0,0,N,MELB_URBAN,ROAD,2,19.0
160210,3,0,167,5,5,80.0,0,N,RURAL_VICTORIA,OTHER,3,1.0
160211,1,5,130,5,1,40.0,0,N,MELB_URBAN,STREET,4,12.0
160212,1,5,111,2,1,80.0,0,I,MELB_URBAN,ROAD,4,8.0
160213,4,3,99,5,1,40.0,0,N,TOWNS,STREET,4,14.0
160214,2,3,99,5,1,50.0,0,N,MELB_URBAN,BOULEVARD,4,15.0
160215,1,4,130,5,2,80.0,0,N,MELB_URBAN,FREEWAY,4,18.0
160216,8,5,99,5,1,100.0,0,N,RURAL_VICTORIA,ROAD,4,12.0
160217,1,6,99,1,1,60.0,0,I,LARGE_PROVINCIAL_CITIES,STREET,3,8.0
160218,1,5,110,1,1,50.0,0,I,SMALL_CITIES,AVENUE,4,15.0
160219,1,5,113,1,1,70.0,0,I,MELB_URBAN,ROAD,4,10.0
160220,1,2,130,2,1,100.0,0,I,MELB_URBAN,FREEWAY,4,15.0
160221,1,5,113,2,1,60.0,0,I,MELB_URBAN,ROAD,4,15.0
160222,3,4,167,5,9,80.0,0,N,RURAL_VICTORIA,ROAD,3,20.0
160223,1,4,130,5,1,60.0,0,N,MELB_URBAN,STREET,4,10.0