,accident_type,day_of_week,dca_code,road_geometry,light_condition,speed_zone,severity,node_type,deg_urban_name,road_type,month,hour
160224,1,5,140,1,1,60.0,0,N,MELB_URBAN,ROAD,4,7.0
160225,1,5,99,1,1,80.0,0,I,RURAL_VICTORIA,OTHER,4,16.0
160226,2,5,99,5,5,60.0,0,N,MELB_URBAN,STREET,4,18.0
160227,1,5,113,1,6,80.0,0,I,MELB_URBAN,ROAD,4,20.0
160228,4,5,173,2,1,100.0,0,I,RURAL_VICTORIA,ROAD,4,15.0
160229,2,5,100,1,2,40.0,0,I,MELB_URBAN,STREET,4,17.0
160230,2,4,99,5,1,40.0,0,N,MELB_URBAN,ROAD,4,15.0
160231,2,5,99,5,3,50.0,0,N,MELB_URBAN,STREET,4,18.0
160232,1,1,130,1,1,60.0,0,I,MELB_URBAN,ROAD,4,9.0
160233,1,5,99,1,1,80.0,0,N,MELB_URBAN,ROAD,4,17.0
160234,1,5,113,2,3,70.0,0,I,MELB_URBAN,ROAD,4,19.0
160235,1,5,113,2,2,70.0,0,N,MELB_URBAN,HIGHWAY,4,17.0
160236,1,4,120,2,3,60.0,0,I,MELB_URBAN,ROAD,4,18.0
160237,1,5,113,4,3,80.0,0,I,MELB_URBAN,RAMP,4,19.0
160238,1,0,130,1,9,60.0,0,I,MELB_URBAN,ROAD,3,17.0
160239,1,1,99,5,2,60.0,0,I,MELB_URBAN,STREET,4,19.0
160240,2,4,99,5,1,50.0,0,N,MELB_URBAN,STREET,4,16.0
160241,1,4,132,2,9,40.0,0,I,MELB_URBAN,ROAD,4,19.0
160242,1,4,147,5,1,60.0,0,N,LARGE_PROVINCIAL_CITIES,STREET,4,15.0
160243,1,5,121,5,3,40.0,0,N,MELB_URBAN,ROAD,4,18.0
160244,1,4,130,5,2,40.0,0,N,MELB_URBAN,HIGHWAY,4,18.0
160245,1,4,110,1,3,60.0,0,I,MELB_URBAN,STREET,4,18.0
160246,1,5,121,1,1,60.0,0,I,MELB_URBAN,HIGHWAY,4,17.0
160247,1,6,113,1,1,60.0,0,I,MELB_URBAN,ROAD,3,16.0
160248,1,0,110,1,1,60.0,0,N,TOWNS,STREET,4,13.0
160249,2,4,99,1,1,60.0,0,I,LARGE_PROVINCIAL_CITIES,STREET,4,9.0
160250,1,1,99,5,1,60.0,0,N,MELB_URBAN,ROAD,4,14.0
160251,1,6,135,5,1,80.0,0,N,MELB_URBAN,FREEWAY,4,6.0
160252,1,5,121,1,1,80.0,0,I,MELB_URBAN,ROAD,4,15.0
160253,1,6,130,5,1,60.0,0,N,LARGE_PROVINCIAL_CITIES,STREET,4,9.0
160254,4,6,99,1,2,50.0,0,I,TOWNS,STREET,4,7.0
160255,1,3,130,1,3,80.0,0,N,RURAL_VICTORIA,RAMP,4,18.0
160256,2,3,99,5,1,60.0,0,N,MELB_URBAN,STREET,4,12.0
160257,1,5,130,1,1,60.0,0,N,LARGE_PROVINCIAL_CITIES,STREET,4,10.0
160258,1,6,132,1,1,40.0,0,I,MELB_URBAN,ROAD,4,11.0
160259,1,5,130,2,1,60.0,0,N,SMALL_CITIES,DRIVE,4,15.0
160260,1,0,130,2,1,60.0,0,I,MELB_URBAN,ROAD,9,11.0
160261,1,3,130,1,1,80.0,0,I,MELB_URBAN,ROAD,4,15.0
160262,1,4,130,2,1,80.0,0,N,RURAL_VICTORIA,ROAD,4,8.0
160263,1,3,111,2,1,80.0,0,N,MELB_URBAN,ROAD,4,13.0
160264,1,5,130,1,1,80.0,0,I,MELB_URBAN,ROAD,3,12.0
160265,7,1,99,5,1,80.0,0,N,RURAL_VICTORIA,ROAD,4,11.0
160266,1,6,132,2,2,40.0,0,I,RURAL_VICTORIA,ROAD,4,7.0
160267,1,6,160,5,1,60.0,0,N,SMALL_CITIES,STREET,4,12.0
160268,1,5,121,2,1,60.0,0,I,MELB_URBAN,ROAD,4,13.0
160269,2,3,100,5,1,40.0,0,N,MELB_URBAN,AVENUE,4,15.0
160270,6,6,184,5,1,100.0,0,N,RURAL_VICTORIA,ROAD,4,12.0
160271,1,5,99,2,1,60.0,0,I,MELB_URBAN,ROAD,4,7.0
160272,1,6,99,2,1,50.0,0,I,MELB_URBAN,STREET,4,10.0
160273,1,5,99,1,1,60.0,0,I,MELB_URBAN,STREET,4,11.0
160274,1,6,130,2,1,100.0,0,I,MELB_URBAN,UNKNOWN,4,15.0
160275,1,5,140,5,1,50.0,0,N,LARGE_PROVINCIAL_CITIES,STREET,4,16.0
160276,1,6,130,5,1,40.0,0,N,SMALL_CITIES,STREET,4,17.0
160277,2,1,100,5,3,60.0,0,N,MELB_URBAN,OTHER,4,21.0
160278,1,0,132,1,1,60.0,0,N,MELB_URBAN,DRIVE,4,16.0
160279,4,1,183,5,1,110.0,0,N,RURAL_VICTORIA,FREEWAY,4,14.0
160280,1,6,121,2,3,60.0,0,I,MELB_URBAN,ROAD,4,19.0
160281,1,4,130,1,1,60.0,0,N,MELB_URBAN,ROAD,2,11.0
160282,1,3,130,5,9,100.0,0,N,MELB_URBAN,FREEWAY,11,17.0
160283,2,0,99,5,1,50.0,0,N,TOWNS,PARADE,4,11.0
160284,1,6,110,1,3,80.0,0,I,MELB_URBAN,ROAD,4,18.0
160285,2,6,99,5,9,60.0,0,N,LARGE_PROVINCIAL_CITIES,AVENUE,4,19.0
160286,1,6,110,1,3,80.0,0,I,RURAL_VICTORIA,HIGHWAY,4,19.0
160287,1,6,121,2,1,60.0,0,I,SMALL_CITIES,ROAD,4,20.0
160288,2,6,100,1,1,40.0,0,I,MELB_URBAN,ROAD,4,15.0
160289,4,5,183,5,5,60.0,0,N,MELB_URBAN,ROAD,4,18.0
160290,6,5,99,5,3,60.0,0,N,TOWNS,ROAD,4,19.0
160291,1,6,110,1,3,80.0,0,I,MELB_URBAN,ROAD,4,20.0
160292,2,6,102,2,3,60.0,0,N,MELB_URBAN,ROAD,4,17.0
160293,1,6,121,1,3,60.0,0,I,MELB_URBAN,ROAD,4,20.0
160294,1,5,99,1,1,50.0,0,I,MELB_URBAN,STREET,4,15.0
160295,1,7,121,2,1,50.0,0,I,MELB_URBAN,ROAD,4,11.0
160296,1,6,121,3,3,60.0,0,I,MELB_URBAN,ROAD,4,21.0
160297,1,5,99,5,3,60.0,0,N,MELB_URBAN,ROAD,4,19.0
160298,1,1,130,1,1,60.0,0,N,MELB_URBAN,STREET,4,12.0
160299,1,6,116,2,3,60.0,0,I,MELB_URBAN,ROAD,4,21.0
160300,1,6,99,5,3,40.0,0,N,MELB_URBAN,ROAD,4,0.0
160301,1,6,113,2,3,80.0,0,I,MELB_URBAN,ROAD,4,23.0
160302,4,6,173,5,5,50.0,0,N,MELB_URBAN,ROAD,4,2.0
160303,4,7,171,5,3,60.0,0,N,MELB_URBAN,ROAD,4,2.0
160304,1,5,130,5,1,80.0,0,N,MELB_URBAN,OTHER,4,13.0
160305,4,6,99,5,2,60.0,0,N,MELB_URBAN,DRIVE,4,6.0
160306,4,6,173,5,5,100.0,0,N,RURAL_VICTORIA,ROAD,4,18.0
160307,1,5,120,5,1,80.0,0,N,UNKNOWN,ROAD,4,13.0
160308,1,7,110,1,2,60.0,0,I,MELB_URBAN,ROAD,4,7.0
160309,1,6,110,1,1,50.0,0,I,MELB_URBAN,ROAD,4,9.0
160310,1,5,133,2,1,80.0,0,I,UNKNOWN,ROAD,4,8.0
160311,6,6,99,5,1,100.0,0,N,RURAL_VICTORIA,ROAD,12,10.0
160312,1,6,130,5,1,80.0,0,N,RURAL_VICTORIA,ROAD,4,12.0
160313,1,7,121,2,1,60.0,0,I,MELB_URBAN,STREET,4,8.0
160314,7,3,99,2,9,40.0,0,I,MELB_URBAN,STREET,4,17.0
160315,4,6,171,2,1,50.0,0,I,UNKNOWN,STREET,4,14.0
160316,1,4,121,2,1,60.0,0,I,MELB_URBAN,ROAD,4,16.0
160317,1,7,120,5,1,100.0,0,N,RURAL_VICTORIA,ROAD,4,13.0
160318,1,6,116,1,3,60.0,0,I,MELB_URBAN,ROAD,4,18.0
160319,1,0,121,2,1,50.0,0,N,MELB_URBAN,STREET,4,16.0
160320,1,6,132,5,2,80.0,0,N,RURAL_VICTORIA,STREET,4,18.0
160321,1,3,133,5,5,100.0,0,N,RURAL_VICTORIA,ROAD,4,20.0
160322,1,6,135,5,1,60.0,0,N,MELB_URBAN,ROAD,4,13.0
160323,1,6,113,2,3,80.0,0,I,MELB_URBAN,ROAD,4,18.0
160324,8,4,174,5,3,60.0,0,N,LARGE_PROVINCIAL_CITIES,STREET,12,21.0
160325,1,7,130,2,2,60.0,0,N,MELB_URBAN,ROAD,4,18.0
160326,2,7,102,5,3,40.0,0,N,MELB_URBAN,ROAD,4,19.0
160327,1,7,110,1,1,60.0,0,I,MELB_URBAN,STREET,4,16.0
160328,2,6,102,5,3,40.0,0,N,MELBOURNE_CBD,STREET,4,22.0
160329,1,6,120,5,2,80.0,0,N,RURAL_VICTORIA,ROAD,4,18.0
160330,1,7,120,5,5,70.0,0,N,RURAL_VICTORIA,ROAD,4,18.0
160331,1,6,130,5,3,60.0,0,N,RURAL_VICTORIA,ROAD,4,22.0
160332,4,0,173,5,3,50.0,0,N,LARGE_PROVINCIAL_CITIES,AVENUE,4,1.0
160333,1,1,130,1,3,80.0,0,N,MELB_URBAN,HIGHWAY,4,4.0
160334,1,0,130,5,9,60.0,0,N,MELB_URBAN,ROAD,4,1.0
160335,4,1,173,2,3,60.0,0,N,MELB_URBAN,ROAD,4,4.0
160336,1,6,130,5,1,100.0,0,N,MELB_URBAN,RAMP,4,17.0
160337,2,1,100,5,1,80.0,0,N,SMALL_CITIES,AVENUE,10,13.0
160338,1,1,130,2,1,80.0,0,N,MELB_URBAN,DRIVE,4,6.0
160339,1,6,110,1,1,50.0,0,I,TOWNS,STREET,4,16.0
160340,3,0,167,5,1,80.0,0,N,RURAL_VICTORIA,ROAD,4,8.0
160341,7,0,99,5,1,40.0,0,N,UNKNOWN,STREET,4,10.0
160342,1,4,130,5,1,100.0,0,N,RURAL_VICTORIA,FREEWAY,4,7.0
160343,4,0,171,5,1,100.0,0,N,SMALL_TOWNS,FREEWAY,4,9.0
160344,1,0,130,5,1,100.0,0,N,MELB_URBAN,FREEWAY,4,11.0
160345,4,0,171,5,1,100.0,0,N,RURAL_VICTORIA,ROAD,4,9.0
160346,1,1,113,1,1,70.0,0,I,MELB_URBAN,DRIVE,4,12.0
160347,1,6,111,2,1,60.0,0,I,MELB_URBAN,STREET,4,13.0
160348,1,1,130,2,1,50.0,0,N,MELB_URBAN,DRIVE,4,13.0
160349,7,0,99,1,1,100.0,0,N,RURAL_VICTORIA,HIGHWAY,4,12.0
160350,4,1,99,1,1,50.0,0,I,LARGE_PROVINCIAL_CITIES,DRIVE,4,12.0
160351,1,1,110,1,1,70.0,0,N,UNKNOWN,ROAD,4,13.0
160352,1,1,130,5,1,60.0,0,N,MELB_URBAN,ROAD,4,13.0
160353,1,1,120,5,1,60.0,0,N,SMALL_CITIES,AVENUE,4,13.0
160354,1,1,130,2,1,100.0,0,I,RURAL_VICTORIA,HIGHWAY,4,11.0
160355,2,7,102,1,3,60.0,0,I,MELB_URBAN,STREET,4,21.0
160356,1,0,130,5,1,60.0,0,N,MELB_URBAN,ROAD,4,11.0
160357,1,1,120,5,1,100.0,0,N,RURAL_VICTORIA,ROAD,4,9.0
160358,1,3,99,1,9,60.0,0,N,RURAL_VICTORIA,ROAD,11,16.0
160359,6,1,99,5,1,80.0,0,N,RURAL_VICTORIA,ROAD,4,15.0
160360,1,0,130,5,1,50.0,0,N,MELB_URBAN,STREET,4,15.0
160361,1,3,121,1,3,60.0,0,I,MELB_URBAN,HIGHWAY,4,5.0
160362,8,1,174,5,1,100.0,0,N,RURAL_VICTORIA,ROAD,4,13.0
160363,1,1,99,5,1,100.0,0,N,MELB_URBAN,FREEWAY,4,15.0
160364,1,4,130,5,1,60.0,0,N,LARGE_PROVINCIAL_CITIES,STREET,4,8.0
160365,7,1,184,2,1,60.0,0,I,RURAL_VICTORIA,ROAD,4,10.0
160366,1,5,135,5,1,60.0,0,N,MELB_URBAN,ROAD,4,12.0
160367,6,1,174,5,2,80.0,0,N,UNKNOWN,ROAD,4,17.0
160368,2,3,99,5,1,50.0,0,N,TOWNS,STREET,4,12.0
160369,1,1,147,5,1,60.0,0,N,MELB_URBAN,ROAD,4,14.0
160370,1,0,121,1,3,60.0,0,N,MELB_URBAN,ROAD,4,18.0
160371,1,4,130,1,9,50.0,0,I,TOWNS,HIGHWAY,2,6.0
160372,1,1,173,5,1,60.0,0,N,MELB_URBAN,ROAD,4,17.0
160373,4,0,99,5,1,70.0,0,N,MELB_URBAN,ROAD,4,16.0
160374,1,1,120,5,1,60.0,0,N,MELB_URBAN,ROAD,4,13.0
160375,1,3,113,1,9,80.0,0,I,MELB_URBAN,ROAD,2,12.0
160376,1,1,99,5,6,50.0,0,N,LARGE_PROVINCIAL_CITIES,DRIVE,4,21.0
160377,1,0,120,5,3,40.0,0,N,MELB_URBAN,AVENUE,4,1.0
160378,1,3,130,5,1,60.0,0,I,MELB_URBAN,STREET,4,8.0
160379,4,1,173,5,3,100.0,0,N,MELB_URBAN,FREEWAY,4,23.0
160380,1,1,147,2,1,50.0,0,I,RURAL_VICTORIA,OTHER,5,8.0
160381,4,2,173,1,1,50.0,0,I,UNKNOWN,ROAD,5,9.0
160382,1,4,110,1,1,70.0,0,I,SMALL_CITIES,ROAD,3,16.0
160383,1,2,130,5,3,70.0,0,N,MELB_URBAN,ROAD,5,1.0
160384,1,5,130,5,1,40.0,0,N,MELB_URBAN,STREET,3,17.0
160385,1,2,130,5,1,100.0,0,N,MELB_URBAN,FREEWAY,5,9.0
160386,1,2,147,5,1,60.0,0,N,UNKNOWN,HIGHWAY,5,9.0
160387,2,1,102,1,1,40.0,0,N,SMALL_CITIES,STREET,5,11.0
160388,5,7,99,9,1,60.0,0,N,RURAL_VICTORIA,ROAD,1,11.0
160389,1,2,140,2,1,40.0,0,N,MELB_URBAN,STREET,5,10.0
160390,4,2,181,5,1,50.0,0,N,MELB_URBAN,OTHER,5,11.0
160391,1,2,120,2,1,60.0,0,I,MELB_URBAN,ROAD,5,7.0
160392,4,6,99,1,1,60.0,0,I,SMALL_CITIES,STREET,4,9.0
160393,1,2,121,4,1,100.0,0,I,RURAL_VICTORIA,RAMP,5,6.0
160394,1,2,113,2,1,60.0,0,I,MELB_URBAN,ROAD,5,10.0
160395,5,0,183,5,1,80.0,0,N,RURAL_VICTORIA,DRIVE,4,15.0
160396,4,2,171,5,1,100.0,0,N,RURAL_VICTORIA,HIGHWAY,5,13.0
160397,1,0,110,1,3,80.0,0,I,MELB_URBAN,ROAD,4,20.0
160398,5,2,99,5,1,50.0,0,N,MELB_URBAN,ROAD,1,13.0
160399,1,2,110,1,1,50.0,0,I,TOWNS,STREET,5,14.0
160400,1,2,110,1,1,100.0,0,I,RURAL_VICTORIA,ROAD,5,12.0
160401,1,4,147,5,1,50.0,0,N,MELB_URBAN,ROAD,4,13.0
160402,4,1,173,5,1,60.0,0,N,RURAL_VICTORIA,ROAD,5,10.0
160403,1,2,130,5,1,60.0,0,N,LARGE_PROVINCIAL_CITIES,STREET,5,16.0
160404,1,5,110,1,1,50.0,0,I,MELB_URBAN,ROAD,3,15.0
160405,1,2,130,5,1,80.0,0,N,RURAL_VICTORIA,ROAD,5,16.0
160406,1,5,135,5,1,60.0,0,N,SMALL_CITIES,STREET,3,13.0
160407,1,2,160,5,2,50.0,0,N,MELB_URBAN,STREET,5,17.0
160408,1,4,130,1,1,60.0,0,N,MELB_URBAN,ROAD,4,16.0
160409,1,1,111,2,2,60.0,0,I,MELB_URBAN,ROAD,5,17.0
160410,2,3,99,5,1,60.0,0,N,UNKNOWN,OTHER,4,9.0
160411,1,3,99,5,1,60.0,0,N,SMALL_CITIES,STREET,6,10.0
160412,1,2,121,1,3,70.0,0,I,MELB_URBAN,ROAD,5,20.0
160413,1,1,110,1,1,100.0,0,I,RURAL_VICTORIA,ROAD,5,17.0
160414,1,7,113,2,1,60.0,0,I,MELB_URBAN,ROAD,4,12.0
160415,1,1,99,5,3,40.0,0,N,UNKNOWN,STREET,5,23.0
160416,1,2,121,1,3,80.0,0,I,MELB_URBAN,ROAD,5,22.0
160417,1,2,99,5,5,100.0,0,N,RURAL_VICTORIA,ROAD,5,21.0
160418,4,1,173,5,3,70.0,0,N,UNKNOWN,ROAD,5,20.0
160419,2,2,100,1,3,60.0,0,N,MELB_URBAN,ROAD,5,17.0
160420,4,3,171,5,5,80.0,0,N,SMALL_TOWNS,HIGHWAY,5,1.0
160421,4,1,171,5,1,60.0,0,N,MELB_URBAN,ROAD,5,13.0
160422,1,1,140,5,3,60.0,0,N,MELB_URBAN,ROAD,4,18.0
160423,1,4,130,4,1,60.0,0,I,RURAL_VICTORIA,ROAD,4,9.0
160424,4,2,171,1,1,100.0,0,N,MELB_URBAN,ROAD,3,18.0
160425,9,3,99,5,9,40.0,0,N,MELB_URBAN,DRIVE,4,17.0
160426,1,3,99,1,1,80.0,0,I,MELB_URBAN,HIGHWAY,5,11.0
160427,1,3,130,5,3,50.0,0,N,LARGE_PROVINCIAL_CITIES,OTHER,3,2.0
160428,4,2,181,5,1,80.0,0,N,UNKNOWN,ROAD,5,8.0
160429,5,7,99,5,2,40.0,0,N,MELB_URBAN,STREET,4,16.0
160430,1,5,130,1,9,60.0,0,I,MELB_URBAN,ROAD,4,11.0
160431,8,3,99,5,1,40.0,0,N,UNKNOWN,OTHER,5,11.0
160432,1,3,134,5,1,80.0,0,N,RURAL_VICTORIA,STREET,5,9.0
160433,1,3,110,1,1,50.0,0,I,MELB_URBAN,DRIVE,5,11.0
160434,3,6,167,5,5,100.0,0,N,RURAL_VICTORIA,ROAD,4,19.0
160435,1,5,130,5,3,60.0,0,N,MELB_URBAN,ROAD,4,23.0
160436,1,3,140,5,1,60.0,0,N,MELB_URBAN,STREET,5,10.0
160437,4,2,173,5,1,100.0,0,N,UNKNOWN,ROAD,5,13.0
160438,1,3,147,5,1,60.0,0,N,UNKNOWN,STREET,5,9.0
160439,1,3,121,2,1,80.0,0,N,MELB_URBAN,AVENUE,3,16.0
160440,1,2,130,2,1,80.0,0,N,SMALL_TOWNS,ROAD,5,8.0
160441,1,1,116,2,2,80.0,0,N,MELB_URBAN,PARADE,4,7.0
160442,1,4,113,1,9,60.0,0,I,MELB_URBAN,STREET,3,17.0
160443,1,2,130,3,1,60.0,0,I,MELB_URBAN,ROAD,5,12.0
160444,6,6,174,5,1,60.0,0,N,RURAL_VICTORIA,ROAD,4,10.0
160445,1,4,160,5,6,50.0,0,N,MELB_URBAN,ROAD,3,1.0
160446,1,3,113,2,2,50.0,0,N,UNKNOWN,BOULEVARD,4,6.0
160447,1,2,130,5,1,80.0,0,N,SMALL_CITIES,PARADE,5,16.0
160448,4,2,181,5,1,100.0,0,N,RURAL_VICTORIA,ROAD,5,13.0
160449,1,3,113,2,1,60.0,0,I,SMALL_CITIES,ROAD,5,14.0
160450,1,3,120,5,2,100.0,1,N,RURAL_VICTORIA,ROAD,5,6.0
160451,1,3,130,5,1,80.0,0,N,MELB_URBAN,ROAD,5,15.0
160452,8,1,99,5,1,80.0,0,N,RURAL_VICTORIA,ROAD,4,14.0
160453,1,3,120,2,2,100.0,1,I,RURAL_VICTORIA,ROAD,5,16.0
160454,1,3,135,2,3,60.0,0,I,MELB_URBAN,ROAD,5,18.0
160455,1,1,130,2,9,60.0,0,I,RURAL_VICTORIA,ROAD,5,6.0
160456,3,2,167,5,2,100.0,0,N,UNKNOWN,ROAD,5,16.0
160457,6,3,99,5,1,110.0,0,N,UNKNOWN,RAMP,5,16.0
160458,1,3,99,5,1,50.0,0,N,MELB_URBAN,ROAD,5,17.0
160459,1,3,130,1,1,60.0,0,N,MELB_URBAN,ROAD,5,15.0
160460,1,3,121,2,5,100.0,0,I,RURAL_VICTORIA,ROAD,5,17.0
160461,1,2,130,5,3,60.0,0,N,MELB_URBAN,ROAD,5,18.0
160462,8,2,99,2,3,50.0,0,I,MELB_URBAN,STREET,5,18.0
160463,1,3,147,5,3,60.0,0,N,MELB_URBAN,ROAD,5,19.0
160464,1,3,110,1,2,60.0,0,I,RURAL_VICTORIA,ROAD,5,16.0
160465,2,3,102,2,1,70.0,0,N,MELB_URBAN,ROAD,5,15.0
160466,1,3,147,5,2,50.0,0,N,MELB_URBAN,BOULEVARD,5,17.0
160467,4,2,183,5,5,100.0,0,N,UNKNOWN,ROAD,5,19.0
160468,2,3,100,5,3,60.0,0,N,MELB_URBAN,ROAD,5,17.0
160469,4,4,171,5,3,60.0,0,N,MELB_URBAN,ROAD,4,1.0
160470,1,3,121,2,1,80.0,0,I,RURAL_VICTORIA,HIGHWAY,5,16.0
160471,1,3,130,5,2,60.0,0,N,RURAL_VICTORIA,ROAD,5,18.0
160472,1,7,130,2,1,80.0,0,I,TOWNS,HIGHWAY,4,11.0
160473,1,4,99,2,1,50.0,0,I,UNKNOWN,OTHER,4,16.0
160474,4,4,181,5,2,40.0,0,N,SMALL_CITIES,OTHER,5,6.0
160475,1,3,140,5,1,60.0,0,N,MELB_URBAN,ROAD,5,8.0
160476,1,3,99,2,1,40.0,0,N,UNKNOWN,ROAD,5,9.0
160477,1,2,99,5,1,50.0,0,N,MELB_URBAN,STREET,4,14.0
160478,1,3,147,5,1,50.0,0,N,UNKNOWN,STREET,5,10.0
160479,1,3,147,5,1,60.0,0,N,MELB_URBAN,OTHER,5,10.0
160480,1,6,110,1,1,60.0,0,I,LARGE_PROVINCIAL_CITIES,STREET,4,14.0
160481,1,4,160,5,1,50.0,0,N,MELB_URBAN,ROAD,5,10.0
160482,1,4,130,1,1,60.0,0,N,MELB_URBAN,ROAD,4,13.0
160483,1,4,110,1,1,60.0,0,I,SMALL_CITIES,AVENUE,5,11.0
160484,1,4,116,2,3,60.0,0,I,MELB_URBAN,ROAD,5,6.0
160485,1,4,111,1,1,50.0,0,N,MELB_URBAN,ROAD,5,10.0
160486,1,1,99,5,1,80.0,0,I,MELB_URBAN,RAMP,4,12.0
160487,3,1,167,5,5,80.0,0,N,RURAL_VICTORIA,ROAD,3,22.0
160488,1,6,130,5,1,80.0,0,N,MELB_URBAN,UNKNOWN,4,14.0
160489,1,4,110,1,1,60.0,0,I,MELB_URBAN,ROAD,5,11.0
160490,1,4,121,4,1,70.0,0,N,MELB_URBAN,ROAD,5,12.0
160491,4,4,171,5,1,100.0,0,N,RURAL_VICTORIA,HIGHWAY,5,10.0
160492,1,4,99,5,1,100.0,0,N,RURAL_VICTORIA,ROAD,5,9.0
160493,1,5,130,5,2,50.0,0,N,MELB_URBAN,STREET,4,17.0
160494,1,1,130,1,1,80.0,0,N,LARGE_PROVINCIAL_CITIES,ROAD,5,15.0
160495,4,4,173,5,1,80.0,1,N,RURAL_VICTORIA,HIGHWAY,5,10.0
160496,1,4,121,2,1,60.0,0,N,LARGE_PROVINCIAL_CITIES,ROAD,5,10.0
160497,1,5,130,1,3,60.0,0,I,SMALL_TOWNS,HIGHWAY,4,19.0
160498,4,2,99,1,3,50.0,0,I,MELB_URBAN,ROAD,5,22.0
160499,1,2,121,1,3,60.0,0,I,MELB_URBAN,ROAD,5,18.0
160500,4,4,171,5,1,80.0,0,N,RURAL_VICTORIA,HIGHWAY,5,14.0
160501,1,2,110,1,1,60.0,0,I,LARGE_PROVINCIAL_CITIES,STREET,4,8.0
160502,6,3,174,5,1,100.0,0,N,RURAL_VICTORIA,ROAD,5,14.0
160503,1,4,99,5,1,60.0,0,N,RURAL_VICTORIA,HIGHWAY,5,15.0
160504,4,1,181,5,2,60.0,0,N,RURAL_VICTORIA,ROAD,3,6.0
160505,1,4,140,5,1,60.0,0,N,LARGE_PROVINCIAL_CITIES,DRIVE,4,14.0
160506,4,3,173,5,1,80.0,0,N,RURAL_VICTORIA,ROAD,5,15.0
160507,1,4,113,1,1,80.0,0,I,RURAL_VICTORIA,ROAD,5,17.0
160508,1,4,121,5,3,60.0,0,N,SMALL_CITIES,DRIVE,5,18.0
160509,2,3,102,2,1,50.0,0,I,MELB_URBAN,DRIVE,5,14.0
160510,1,4,99,4,3,60.0,0,I,MELB_URBAN,HIGHWAY,5,18.0
160511,2,4,102,5,3,40.0,0,N,MELBOURNE_CBD,STREET,5,19.0
160512,1,3,130,5,3,60.0,0,N,MELB_URBAN,ROAD,5,19.0
160513,1,4,121,3,1,80.0,0,I,RURAL_VICTORIA,ROAD,5,15.0
160514,2,3,100,2,1,70.0,0,N,MELB_URBAN,ROAD,5,17.0
160515,1,4,130,5,3,80.0,0,N,MELB_URBAN,FREEWAY,5,19.0
160516,1,4,99,5,3,50.0,0,N,SMALL_CITIES,OTHER,5,19.0
160517,1,1,130,2,9,80.0,0,N,MELB_URBAN,HIGHWAY,4,11.0
160518,1,3,110,1,3,50.0,0,I,UNKNOWN,STREET,5,20.0
160519,2,4,100,5,3,70.0,0,N,MELB_URBAN,ROAD,5,21.0
160520,1,5,110,1,1,50.0,0,I,MELB_URBAN,HIGHWAY,4,15.0
160521,1,4,120,5,2,100.0,1,N,RURAL_VICTORIA,HIGHWAY,5,17.0
160522,1,3,160,5,3,60.0,0,N,MELB_URBAN,ROAD,5,21.0
160523,1,4,140,5,3,70.0,0,N,MELB_URBAN,HIGHWAY,5,18.0
160524,1,3,147,5,1,30.0,0,N,MELB_URBAN,ROAD,4,15.0
160525,1,0,99,5,1,60.0,0,N,MELB_URBAN,ROAD,4,16.0
160526,2,4,99,5,1,40.0,0,N,MELB_URBAN,STREET,4,11.0
160527,1,3,130,5,1,80.0,0,N,MELB_URBAN,HIGHWAY,5,12.0
160528,1,3,121,1,1,60.0,0,I,MELB_URBAN,ROAD,5,6.0
160529,1,5,130,1,1,80.0,0,I,MELB_URBAN,HIGHWAY,5,6.0
160530,1,5,99,5,1,60.0,0,N,UNKNOWN,ROAD,4,9.0
160531,1,5,134,1,1,80.0,0,I,MELB_URBAN,ROAD,4,14.0
160532,1,4,121,2,1,60.0,0,I,MELB_URBAN,ROAD,5,8.0
160533,1,5,111,2,2,60.0,0,I,MELB_URBAN,ROAD,5,6.0
160534,1,3,132,5,1,60.0,0,I,LARGE_PROVINCIAL_CITIES,STREET,5,15.0
160535,1,4,121,1,1,40.0,0,I,MELB_URBAN,AVENUE,5,8.0
160536,1,5,121,1,2,60.0,0,I,MELB_URBAN,ROAD,5,7.0
160537,1,5,130,5,1,70.0,0,N,LARGE_PROVINCIAL_CITIES,ROAD,5,10.0
160538,1,5,99,2,3,60.0,0,I,RURAL_VICTORIA,DRIVE,5,6.0
160539,2,5,99,2,1,40.0,0,N,MELB_URBAN,STREET,5,9.0
160540,6,6,99,5,1,60.0,0,N,RURAL_VICTORIA,OTHER,3,11.0
160541,1,5,130,9,2,40.0,0,N,RURAL_VICTORIA,HIGHWAY,5,7.0
160542,4,7,99,2,1,100.0,0,I,RURAL_VICTORIA,ROAD,4,15.0
160543,1,5,99,2,3,50.0,0,I,MELB_URBAN,ROAD,4,22.0
160544,1,4,130,5,1,80.0,0,N,MELB_URBAN,ROAD,5,8.0
160545,1,6,130,5,1,80.0,0,N,MELB_URBAN,ROAD,4,14.0
160546,1,5,116,2,6,70.0,0,I,MELB_URBAN,ROAD,5,6.0
160547,1,5,147,5,1,40.0,0,N,MELB_URBAN,ROAD,5,12.0
160548,1,2,130,5,1,100.0,0,N,MELB_URBAN,HIGHWAY,5,16.0
160549,1,2,147,5,1,60.0,0,N,TOWNS,STREET,3,17.0
160550,1,5,130,5,2,70.0,0,N,MELB_URBAN,ROAD,5,7.0
160551,1,3,130,5,1,80.0,0,N,MELB_URBAN,ROAD,4,16.0