,accident_type,day_of_week,dca_code,road_geometry,light_condition,speed_zone,severity,node_type,deg_urban_name,road_type,month,hour
160552,1,3,99,5,1,40.0,0,N,UNKNOWN,ROAD,4,15.0
160553,1,5,130,5,1,60.0,0,N,MELB_URBAN,ROAD,5,10.0
160554,4,6,171,5,9,80.0,0,N,RURAL_VICTORIA,HIGHWAY,4,18.0
160555,1,4,130,5,1,60.0,0,N,MELB_URBAN,AVENUE,5,14.0
160556,1,7,130,5,3,60.0,0,N,MELB_URBAN,BOULEVARD,4,18.0
160557,4,5,181,5,1,100.0,0,N,RURAL_VICTORIA,ROAD,5,15.0
160558,1,3,99,9,2,60.0,0,N,MELB_URBAN,ROAD,5,16.0
160559,1,3,160,5,1,60.0,0,N,MELB_URBAN,STREET,9,12.0
160560,4,2,173,1,3,70.0,0,I,MELB_URBAN,ROAD,5,19.0
160561,1,4,130,5,1,60.0,0,N,MELB_URBAN,ROAD,5,8.0
160562,1,5,113,2,1,70.0,0,I,MELB_URBAN,STREET,5,12.0
160563,1,5,99,5,1,100.0,0,N,RURAL_VICTORIA,ROAD,5,12.0
160564,2,5,102,5,1,40.0,0,N,MELB_URBAN,STREET,5,15.0
160565,4,3,181,5,3,80.0,0,N,MELB_URBAN,RAMP,5,18.0
160566,6,1,99,5,1,60.0,0,N,RURAL_VICTORIA,ROAD,4,16.0
160567,2,4,99,5,1,60.0,0,N,UNKNOWN,ROAD,5,13.0
160568,1,4,130,5,3,60.0,0,N,LARGE_PROVINCIAL_CITIES,OTHER,5,17.0
160569,1,4,130,5,1,100.0,0,N,MELB_URBAN,UNKNOWN,5,16.0
160570,1,5,135,5,1,60.0,0,N,MELB_URBAN,ROAD,5,17.0
160571,1,4,130,5,3,80.0,0,N,MELB_URBAN,FREEWAY,5,18.0
160572,1,4,120,5,3,50.0,0,N,MELB_URBAN,STREET,5,17.0
160573,2,5,100,1,1,40.0,0,N,UNKNOWN,ROAD,5,9.0
160574,6,7,184,5,1,100.0,0,N,RURAL_VICTORIA,ROAD,3,13.0
160575,1,5,113,2,9,60.0,0,I,MELB_URBAN,ROAD,4,17.0
160576,1,4,163,5,2,40.0,0,N,MELB_URBAN,STREET,5,18.0
160577,1,5,99,2,2,40.0,0,I,MELB_URBAN,PARADE,5,17.0
160578,1,4,130,2,1,80.0,0,I,MELB_URBAN,STREET,5,8.0
160579,1,4,140,2,3,60.0,0,I,MELB_URBAN,ROAD,5,20.0
160580,4,5,171,5,3,60.0,0,N,MELB_URBAN,ROAD,5,20.0
160581,1,5,130,5,3,80.0,0,N,SMALL_CITIES,DRIVE,5,17.0
160582,1,5,130,5,1,100.0,0,N,MELB_URBAN,ROAD,5,14.0
160583,1,5,130,5,3,40.0,0,N,MELB_URBAN,BOULEVARD,5,20.0
160584,1,5,130,5,3,90.0,0,N,MELB_URBAN,ROAD,5,21.0
160585,1,5,130,1,1,80.0,0,I,MELB_URBAN,ROAD,5,16.0
160586,1,5,120,5,3,60.0,0,N,MELB_URBAN,ROAD,5,4.0
160587,1,5,120,5,1,100.0,1,N,RURAL_VICTORIA,ROAD,5,16.0
160588,4,5,173,5,3,60.0,0,N,SMALL_CITIES,ROAD,5,4.0
160589,4,5,171,2,3,80.0,0,I,MELB_URBAN,HIGHWAY,5,22.0
160590,5,4,99,5,9,40.0,0,N,RURAL_VICTORIA,ROAD,5,12.0
160591,4,3,171,1,2,60.0,0,I,RURAL_VICTORIA,ROAD,5,6.0
160592,1,4,147,5,1,50.0,0,N,MELB_URBAN,ROAD,5,15.0
160593,6,1,174,2,1,60.0,0,I,MELB_URBAN,ROAD,4,15.0
160594,1,4,132,2,2,70.0,0,N,MELB_URBAN,ROAD,3,19.0
160595,1,3,147,2,3,60.0,0,I,MELB_URBAN,ROAD,5,20.0
160596,2,5,102,5,1,60.0,0,N,MELB_URBAN,ROAD,5,8.0
160597,8,6,174,5,1,60.0,0,N,SMALL_CITIES,UNKNOWN,5,8.0
160598,8,6,174,2,1,80.0,0,I,RURAL_VICTORIA,ROAD,5,9.0
160599,1,3,130,5,1,110.0,0,N,UNKNOWN,OTHER,5,14.0
160600,1,6,99,5,1,60.0,0,N,RURAL_VICTORIA,ROAD,5,8.0
160601,1,6,130,5,1,100.0,0,N,MELB_URBAN,FREEWAY,5,9.0
160602,4,6,171,5,1,50.0,0,N,RURAL_VICTORIA,ROAD,6,16.0
160603,1,2,130,5,1,60.0,0,I,RURAL_VICTORIA,HIGHWAY,4,11.0
160604,1,6,130,5,2,60.0,0,N,MELB_URBAN,AVENUE,4,18.0
160605,1,6,130,1,1,60.0,0,I,MELB_URBAN,HIGHWAY,4,8.0
160606,1,6,120,3,1,100.0,0,I,RURAL_VICTORIA,HIGHWAY,5,11.0
160607,1,3,121,2,1,40.0,0,N,MELB_URBAN,ROAD,5,15.0
160608,1,6,135,5,1,100.0,0,N,RURAL_VICTORIA,HIGHWAY,5,13.0
160609,1,6,110,1,1,50.0,0,I,SMALL_CITIES,STREET,5,14.0
160610,1,2,130,2,1,60.0,0,N,MELB_URBAN,OTHER,1,18.0
160611,1,7,121,1,1,40.0,0,N,MELB_URBAN,STREET,4,10.0
160612,1,5,113,2,1,60.0,0,I,RURAL_VICTORIA,ROAD,5,15.0
160613,1,5,130,1,2,60.0,0,I,LARGE_PROVINCIAL_CITIES,HIGHWAY,5,17.0
160614,1,6,113,2,1,80.0,0,I,RURAL_VICTORIA,ROAD,5,16.0
160615,1,6,160,5,3,60.0,0,N,SMALL_CITIES,ROAD,5,18.0
160616,1,4,130,5,1,100.0,0,N,MELB_URBAN,FREEWAY,4,16.0
160617,1,6,121,1,3,60.0,0,I,LARGE_PROVINCIAL_CITIES,STREET,5,18.0
160618,1,5,113,2,3,60.0,0,I,MELB_URBAN,ROAD,5,18.0
160619,1,5,120,5,1,60.0,0,N,MELB_URBAN,ROAD,5,15.0
160620,1,6,111,2,3,60.0,0,I,RURAL_VICTORIA,ROAD,5,17.0
160621,1,6,130,5,1,100.0,0,N,MELB_URBAN,FREEWAY,5,16.0
160622,1,5,110,1,1,60.0,0,I,MELB_URBAN,STREET,5,14.0
160623,1,2,130,5,1,100.0,0,N,MELB_URBAN,FREEWAY,4,8.0
160624,1,5,130,5,9,60.0,0,N,MELB_URBAN,FREEWAY,5,9.0
160625,8,6,99,5,2,60.0,0,N,MELB_URBAN,STREET,5,18.0
160626,4,6,181,5,5,80.0,0,N,RURAL_VICTORIA,ROAD,5,19.0
160627,1,5,130,2,5,100.0,0,I,RURAL_VICTORIA,HIGHWAY,5,17.0
160628,3,1,167,5,2,100.0,0,N,RURAL_VICTORIA,ROAD,4,6.0
160629,1,6,130,5,3,80.0,0,N,MELB_URBAN,HIGHWAY,5,21.0
160630,2,6,100,1,3,50.0,0,I,MELB_URBAN,STREET,5,1.0
160631,1,6,160,5,3,60.0,0,N,MELB_URBAN,ROAD,5,0.0
160632,1,7,121,2,3,80.0,0,N,MELB_URBAN,HIGHWAY,5,1.0
160633,4,7,99,2,5,80.0,0,I,RURAL_VICTORIA,ROAD,5,0.0
160634,1,6,130,5,1,50.0,0,N,MELB_URBAN,DRIVE,2,9.0
160635,8,7,174,5,1,70.0,0,N,MELB_URBAN,ROAD,5,7.0
160636,1,6,110,1,1,40.0,0,I,MELB_URBAN,STREET,5,6.0
160637,1,7,116,2,3,70.0,0,I,MELB_URBAN,ROAD,5,6.0
160638,4,7,171,5,1,50.0,0,N,MELB_URBAN,STREET,5,8.0
160639,4,6,171,5,1,100.0,0,N,RURAL_VICTORIA,ROAD,5,10.0
160640,1,6,113,2,1,60.0,0,N,MELB_URBAN,ROAD,5,10.0
160641,1,7,132,2,1,60.0,0,I,MELB_URBAN,STREET,5,9.0
160642,1,6,130,5,2,100.0,0,N,MELB_URBAN,FREEWAY,5,16.0
160643,4,1,181,5,1,100.0,0,N,RURAL_VICTORIA,ROAD,4,13.0
160644,1,7,130,5,1,60.0,0,N,MELB_URBAN,ROAD,5,10.0
160645,1,6,110,1,1,60.0,0,I,MELB_URBAN,ROAD,5,11.0
160646,1,6,113,1,3,60.0,0,I,SMALL_CITIES,STREET,4,21.0
160647,1,3,135,5,1,110.0,0,N,RURAL_VICTORIA,FREEWAY,2,12.0
160648,1,6,99,2,1,60.0,0,I,MELB_URBAN,STREET,5,15.0
160649,1,6,110,1,1,60.0,0,I,MELB_URBAN,ROAD,5,12.0
160650,4,7,183,5,1,100.0,0,N,RURAL_VICTORIA,HIGHWAY,5,10.0
160651,1,7,121,2,1,80.0,0,I,MELB_URBAN,HIGHWAY,5,13.0
160652,4,2,171,5,1,60.0,1,N,MELB_URBAN,ROAD,5,12.0
160653,1,7,121,5,1,50.0,0,N,MELB_URBAN,STREET,5,13.0
160654,1,3,163,2,6,60.0,0,I,MELB_URBAN,STREET,5,18.0
160655,2,6,102,5,1,50.0,0,N,MELB_URBAN,BOULEVARD,5,15.0
160656,1,7,121,5,1,100.0,0,N,RURAL_VICTORIA,HIGHWAY,5,14.0
160657,4,7,173,5,1,60.0,0,N,MELB_URBAN,ROAD,5,15.0
160658,4,7,171,1,3,60.0,0,I,MELB_URBAN,ROAD,5,18.0
160659,1,7,121,3,3,70.0,0,N,MELB_URBAN,ROAD,5,20.0
160660,2,7,100,1,3,40.0,0,N,MELB_URBAN,STREET,5,19.0
160661,1,6,130,5,3,60.0,0,N,MELB_URBAN,ROAD,5,19.0
160662,2,7,99,5,3,60.0,0,N,MELB_URBAN,OTHER,5,21.0
160663,2,6,100,2,3,40.0,0,I,MELBOURNE_CBD,STREET,5,18.0
160664,2,6,99,1,3,60.0,0,I,MELB_URBAN,STREET,5,21.0
160665,1,6,121,1,3,60.0,0,I,MELB_URBAN,ROAD,5,23.0
160666,1,6,121,2,3,60.0,0,I,RURAL_VICTORIA,OTHER,5,23.0
160667,4,7,181,5,3,100.0,0,N,RURAL_VICTORIA,HIGHWAY,5,23.0
160668,3,6,167,5,5,110.0,0,N,RURAL_VICTORIA,FREEWAY,5,23.0
160669,1,0,99,1,2,80.0,0,I,MELB_URBAN,ROAD,5,8.0
160670,6,7,184,5,1,50.0,0,N,RURAL_VICTORIA,ROAD,4,9.0
160671,1,1,110,1,1,60.0,0,I,MELB_URBAN,ROAD,5,8.0
160672,1,7,113,1,1,100.0,0,N,RURAL_VICTORIA,HIGHWAY,5,16.0
160673,4,0,171,5,1,100.0,0,N,RURAL_VICTORIA,ROAD,5,7.0
160674,1,6,99,1,1,70.0,0,I,RURAL_VICTORIA,HIGHWAY,5,13.0
160675,6,1,174,2,1,50.0,0,I,RURAL_VICTORIA,STREET,5,9.0
160676,6,1,170,5,1,100.0,0,N,RURAL_VICTORIA,ROAD,5,10.0
160677,1,7,120,5,1,80.0,0,N,RURAL_VICTORIA,ROAD,5,13.0
160678,1,6,130,5,1,60.0,0,N,MELB_URBAN,ROAD,4,17.0
160679,1,7,135,2,9,60.0,0,I,MELB_URBAN,STREET,5,18.0
160680,1,3,99,2,1,40.0,0,N,MELB_URBAN,STREET,4,13.0
160681,4,1,99,2,1,100.0,0,I,RURAL_VICTORIA,ROAD,5,13.0
160682,1,1,130,2,1,80.0,0,I,MELB_URBAN,ROAD,5,14.0
160683,1,0,110,1,1,50.0,0,I,MELB_URBAN,STREET,5,15.0
160684,4,0,171,5,1,100.0,0,N,RURAL_VICTORIA,ROAD,5,15.0
160685,1,7,121,5,1,60.0,0,N,MELB_URBAN,STREET,5,11.0
160686,4,0,183,5,2,80.0,0,N,RURAL_VICTORIA,ROAD,5,16.0
160687,6,1,99,5,1,100.0,0,N,SMALL_TOWNS,ROAD,5,14.0
160688,1,3,99,5,9,60.0,0,N,MELB_URBAN,STREET,3,8.0
160689,6,1,174,5,3,60.0,0,N,MELB_URBAN,PARADE,5,18.0
160690,4,0,171,2,3,80.0,0,I,RURAL_VICTORIA,ROAD,5,17.0
160691,1,1,120,5,1,50.0,0,N,MELB_URBAN,DRIVE,4,8.0
160692,6,6,174,1,3,80.0,0,I,RURAL_VICTORIA,HIGHWAY,5,19.0
160693,9,1,99,1,5,80.0,0,I,RURAL_VICTORIA,ROAD,5,21.0
160694,2,1,100,2,5,60.0,0,N,MELB_URBAN,ROAD,5,20.0
160695,4,1,181,5,3,70.0,1,N,MELB_URBAN,HIGHWAY,5,23.0
160696,4,2,183,5,2,100.0,0,N,RURAL_VICTORIA,ROAD,5,7.0
160697,4,1,99,5,2,60.0,0,N,RURAL_VICTORIA,STREET,5,6.0
160698,2,2,100,2,2,50.0,0,N,MELB_URBAN,STREET,5,7.0
160699,1,5,99,1,2,70.0,0,I,LARGE_PROVINCIAL_CITIES,ROAD,11,5.0
160700,3,4,167,5,5,100.0,0,N,RURAL_VICTORIA,ROAD,5,19.0
160701,1,2,140,2,1,80.0,0,I,MELB_URBAN,ROAD,5,9.0
160702,1,2,113,2,1,60.0,0,I,MELB_URBAN,ROAD,5,9.0
160703,1,1,132,1,1,100.0,0,I,RURAL_VICTORIA,HIGHWAY,5,9.0
160704,1,4,147,2,1,60.0,0,N,MELB_URBAN,ROAD,5,14.0
160705,1,2,120,5,1,60.0,0,N,RURAL_VICTORIA,ROAD,5,8.0
160706,1,2,130,5,1,40.0,0,N,LARGE_PROVINCIAL_CITIES,STREET,5,8.0
160707,4,4,171,5,9,30.0,0,N,UNKNOWN,STREET,4,12.0
160708,1,2,135,5,1,100.0,0,N,MELB_URBAN,FREEWAY,5,7.0
160709,1,2,130,2,1,60.0,0,N,MELB_URBAN,ROAD,5,11.0
160710,1,2,110,1,1,60.0,0,I,MELB_URBAN,AVENUE,5,10.0
160711,1,1,121,5,1,60.0,0,N,UNKNOWN,ROAD,5,11.0
160712,2,1,99,5,1,60.0,0,N,MELB_URBAN,ROAD,5,13.0
160713,1,2,113,2,1,80.0,0,I,MELB_URBAN,HIGHWAY,5,10.0
160714,2,2,102,5,1,40.0,0,N,MELB_URBAN,STREET,5,13.0
160715,2,6,100,5,9,60.0,0,N,MELB_URBAN,STREET,5,13.0
160716,8,7,174,5,1,60.0,0,N,RURAL_VICTORIA,ROAD,5,9.0
160717,1,2,160,5,1,60.0,0,N,MELB_URBAN,ROAD,5,13.0
160718,1,5,130,1,1,70.0,0,I,MELB_URBAN,ROAD,4,18.0
160719,1,3,130,1,1,80.0,0,I,MELB_URBAN,DRIVE,5,12.0
160720,1,6,130,5,5,100.0,0,N,MELB_URBAN,FREEWAY,5,18.0
160721,1,1,130,5,1,80.0,0,N,MELB_URBAN,HIGHWAY,5,16.0
160722,1,1,130,5,1,60.0,0,N,MELB_URBAN,ROAD,5,15.0
160723,4,2,173,2,1,60.0,0,N,MELB_URBAN,ROAD,5,15.0
160724,1,1,130,5,1,50.0,0,N,MELB_URBAN,ROAD,5,17.0
160725,1,2,130,5,1,100.0,0,N,MELB_URBAN,FREEWAY,5,16.0
160726,1,1,120,5,3,60.0,0,N,MELB_URBAN,ROAD,5,18.0
160727,1,1,130,5,9,80.0,0,N,RURAL_VICTORIA,HIGHWAY,5,7.0
160728,1,6,130,1,1,60.0,0,I,MELB_URBAN,ROAD,4,16.0
160729,1,7,110,1,1,50.0,0,I,MELB_URBAN,STREET,4,16.0
160730,2,1,100,2,3,50.0,0,I,TOWNS,STREET,5,18.0
160731,2,1,100,2,3,50.0,0,N,MELB_URBAN,OTHER,5,18.0
160732,2,2,100,1,3,50.0,0,I,MELB_URBAN,ROAD,5,18.0
160733,1,2,132,2,1,60.0,0,I,SMALL_CITIES,ROAD,5,16.0
160734,1,2,163,5,3,60.0,0,N,MELB_URBAN,STREET,5,18.0
160735,4,2,181,5,5,60.0,0,N,RURAL_VICTORIA,ROAD,5,18.0
160736,4,1,171,5,3,60.0,0,N,MELB_URBAN,ROAD,4,0.0
160737,1,5,130,5,1,80.0,0,N,MELB_URBAN,RAMP,4,12.0
160738,1,1,130,5,1,80.0,0,N,MELB_URBAN,HIGHWAY,5,15.0
160739,8,1,174,5,3,60.0,0,N,MELB_URBAN,ROAD,5,19.0
160740,2,2,102,5,1,40.0,0,N,MELB_URBAN,STREET,3,15.0
160741,4,2,181,5,5,100.0,1,N,RURAL_VICTORIA,ROAD,5,19.0
160742,1,2,130,5,5,50.0,0,N,MELB_URBAN,STREET,5,21.0
160743,1,0,135,5,1,60.0,0,N,SMALL_CITIES,STREET,3,13.0
160744,1,3,110,1,3,70.0,0,I,MELB_URBAN,STREET,5,3.0
160745,4,2,173,5,3,100.0,0,N,RURAL_VICTORIA,HIGHWAY,5,2.0
160746,3,2,167,5,5,100.0,0,N,RURAL_VICTORIA,ROAD,5,4.0
160747,4,2,181,5,5,100.0,0,N,RURAL_VICTORIA,HIGHWAY,5,5.0
160748,4,1,183,5,5,110.0,0,N,RURAL_VICTORIA,FREEWAY,5,22.0
160749,2,2,100,1,3,60.0,0,N,UNKNOWN,ROAD,5,6.0
160750,1,3,121,1,1,60.0,0,I,MELB_URBAN,ROAD,5,7.0
160751,1,6,110,1,1,60.0,0,I,MELB_URBAN,ROAD,2,14.0
160752,1,2,130,5,1,60.0,0,N,MELB_URBAN,STREET,5,9.0
160753,2,2,102,1,1,60.0,0,N,UNKNOWN,ROAD,5,8.0
160754,4,3,173,2,5,80.0,0,I,RURAL_VICTORIA,ROAD,5,6.0
160755,6,1,184,2,1,60.0,0,I,RURAL_VICTORIA,OTHER,5,14.0
160756,4,3,181,5,2,110.0,0,N,RURAL_VICTORIA,FREEWAY,5,7.0
160757,1,3,121,1,1,40.0,0,I,MELB_URBAN,ROAD,5,7.0
160758,1,4,130,1,1,70.0,0,I,MELB_URBAN,ROAD,5,15.0
160759,1,2,130,2,1,60.0,0,N,RURAL_VICTORIA,ROAD,4,9.0
160760,1,3,121,1,1,80.0,0,I,MELB_URBAN,HIGHWAY,5,11.0
160761,1,3,130,5,1,80.0,0,N,LARGE_PROVINCIAL_CITIES,FREEWAY,5,10.0
160762,1,2,130,5,3,60.0,0,N,MELB_URBAN,ROAD,5,19.0
160763,5,7,99,5,2,100.0,0,N,RURAL_VICTORIA,ROAD,5,17.0
160764,1,3,130,2,3,60.0,0,N,MELB_URBAN,HIGHWAY,5,19.0
160765,1,2,121,2,1,70.0,0,I,MELB_URBAN,ROAD,5,9.0
160766,2,3,102,1,1,40.0,0,I,MELB_URBAN,STREET,5,9.0
160767,2,3,100,1,1,40.0,0,I,MELB_URBAN,STREET,5,13.0
160768,1,3,121,2,1,60.0,0,N,MELB_URBAN,ROAD,5,12.0
160769,2,2,100,2,2,60.0,0,N,MELB_URBAN,HIGHWAY,5,5.0
160770,1,0,147,5,3,60.0,0,N,MELB_URBAN,STREET,5,19.0
160771,8,1,184,5,1,80.0,0,N,RURAL_VICTORIA,ROAD,5,10.0
160772,1,1,130,5,1,50.0,0,N,MELB_URBAN,ROAD,5,7.0
160773,1,3,113,2,1,80.0,0,I,RURAL_VICTORIA,ROAD,5,16.0
160774,1,3,130,5,1,60.0,0,N,SMALL_CITIES,STREET,5,17.0
160775,2,3,102,5,1,50.0,0,N,MELB_URBAN,STREET,5,14.0
160776,1,3,130,2,1,50.0,0,N,RURAL_VICTORIA,ROAD,5,15.0
160777,1,3,130,5,2,80.0,0,N,MELB_URBAN,ROAD,5,16.0
160778,1,2,130,1,1,80.0,0,I,MELB_URBAN,HIGHWAY,5,16.0
160779,1,3,121,2,3,60.0,0,I,MELB_URBAN,ROAD,5,18.0
160780,1,2,130,4,5,80.0,0,I,MELB_URBAN,RAMP,5,18.0
160781,1,1,130,5,1,100.0,0,N,MELB_URBAN,FREEWAY,5,10.0
160782,1,2,163,5,3,50.0,0,N,MELB_URBAN,STREET,5,18.0
160783,1,3,99,1,3,60.0,0,I,LARGE_PROVINCIAL_CITIES,STREET,5,21.0
160784,1,3,121,5,4,80.0,0,N,MELB_URBAN,HIGHWAY,5,20.0
160785,1,3,121,1,3,40.0,0,I,MELB_URBAN,STREET,5,18.0
160786,4,3,171,5,5,60.0,0,N,MELB_URBAN,ROAD,5,4.0
160787,1,3,113,2,3,70.0,0,I,MELB_URBAN,ROAD,5,23.0
160788,1,1,134,5,1,60.0,0,N,RURAL_VICTORIA,ROAD,4,11.0
160789,1,0,130,5,1,60.0,0,N,MELB_URBAN,BOULEVARD,4,15.0
160790,1,7,130,5,1,100.0,0,N,MELB_URBAN,RAMP,4,12.0
160791,1,4,121,2,2,80.0,0,I,MELB_URBAN,ROAD,5,6.0
160792,2,4,100,5,2,50.0,0,N,MELB_URBAN,ROAD,5,7.0
160793,1,4,113,1,1,60.0,0,I,MELB_URBAN,ROAD,5,8.0
160794,1,5,130,5,1,60.0,0,N,MELB_URBAN,AVENUE,5,14.0
160795,3,3,167,5,1,50.0,0,N,RURAL_VICTORIA,ROAD,5,18.0
160796,1,5,130,2,9,60.0,0,I,MELB_URBAN,STREET,4,16.0
160797,1,4,135,5,1,100.0,0,N,MELB_URBAN,FREEWAY,5,9.0
160798,1,4,130,5,9,60.0,0,N,MELB_URBAN,ROAD,5,12.0
160799,4,3,99,5,5,80.0,0,N,MELB_URBAN,ROAD,5,20.0
160800,1,3,121,2,1,60.0,0,I,MELB_URBAN,ROAD,5,9.0
160801,1,3,130,5,1,60.0,0,N,MELB_URBAN,ROAD,5,9.0
160802,1,4,110,1,1,60.0,0,I,MELB_URBAN,ROAD,5,7.0
160803,4,6,171,5,1,50.0,0,N,MELB_URBAN,PARADE,4,15.0
160804,1,1,163,5,1,40.0,0,N,MELB_URBAN,STREET,5,14.0
160805,1,4,121,2,1,80.0,0,N,MELB_URBAN,ROAD,5,8.0
160806,1,4,121,2,5,60.0,0,I,MELB_URBAN,ROAD,5,6.0
160807,1,4,110,1,1,100.0,0,I,RURAL_VICTORIA,ROAD,5,11.0
160808,1,2,130,5,2,80.0,0,N,RURAL_VICTORIA,STREET,5,17.0
160809,1,6,134,2,1,60.0,0,I,MELB_URBAN,STREET,12,12.0
160810,2,4,100,1,1,50.0,1,N,MELB_URBAN,STREET,5,10.0
160811,1,4,110,1,1,60.0,0,I,MELB_URBAN,ROAD,5,14.0
160812,1,7,110,1,1,50.0,0,I,MELB_URBAN,STREET,6,16.0
160813,2,3,102,1,1,40.0,0,I,MELB_URBAN,STREET,5,14.0
160814,1,4,121,4,1,50.0,0,I,MELB_URBAN,RAMP,5,15.0
160815,1,7,121,2,1,60.0,0,I,MELB_URBAN,ROAD,5,10.0
160816,1,6,121,2,1,80.0,0,N,MELB_URBAN,ROAD,4,13.0
160817,1,4,147,5,1,50.0,0,N,MELB_URBAN,STREET,5,15.0
160818,4,3,171,1,2,60.0,0,I,MELB_URBAN,ROAD,5,16.0
160819,1,4,133,1,3,60.0,0,I,MELB_URBAN,ROAD,5,17.0
160820,1,4,99,2,5,60.0,0,N,SMALL_CITIES,ROAD,5,17.0
160821,1,4,130,5,1,60.0,0,N,MELB_URBAN,RAMP,2,16.0
160822,1,1,130,5,1,60.0,0,N,MELB_URBAN,UNKNOWN,5,13.0
160823,4,3,171,5,1,70.0,0,N,MELB_URBAN,ROAD,5,15.0
160824,1,4,99,1,1,60.0,0,I,MELB_URBAN,ROAD,5,14.0
160825,1,7,130,5,1,100.0,0,N,MELB_URBAN,FREEWAY,4,13.0
160826,1,4,99,2,3,70.0,0,I,SMALL_CITIES,DRIVE,5,18.0
160827,1,4,113,1,2,70.0,0,I,MELB_URBAN,ROAD,5,18.0
160828,1,3,130,5,1,100.0,0,N,MELB_URBAN,FREEWAY,5,16.0
160829,1,4,99,5,3,40.0,0,N,MELB_URBAN,ROAD,5,20.0
160830,1,4,163,5,1,40.0,0,N,MELBOURNE_CBD,STREET,5,16.0
160831,1,4,130,1,3,60.0,0,I,MELB_URBAN,ROAD,5,20.0
160832,4,4,183,5,5,100.0,0,N,RURAL_VICTORIA,HIGHWAY,5,20.0
160833,1,4,121,1,5,60.0,0,I,MELB_URBAN,STREET,5,19.0
160834,4,4,181,5,3,40.0,0,N,MELB_URBAN,ROAD,5,2.0
160835,1,4,121,2,3,80.0,0,I,MELB_URBAN,HIGHWAY,5,21.0
160836,4,7,171,5,6,60.0,0,N,MELB_URBAN,STREET,10,1.0
160837,1,2,121,2,3,60.0,0,N,MELB_URBAN,STREET,4,18.0
160838,1,4,99,1,3,70.0,0,N,LARGE_PROVINCIAL_CITIES,STREET,3,19.0
160839,1,5,121,1,1,80.0,0,I,MELB_URBAN,HIGHWAY,5,8.0
160840,1,5,113,2,2,80.0,0,N,SMALL_CITIES,ROAD,5,8.0
160841,1,3,130,2,1,40.0,0,N,MELB_URBAN,STREET,3,10.0
160842,1,4,135,5,1,60.0,0,N,MELB_URBAN,ROAD,5,9.0
160843,1,2,130,1,3,90.0,0,N,MELB_URBAN,ROAD,5,18.0
160844,1,3,160,5,1,50.0,0,N,MELB_URBAN,STREET,4,15.0
160845,6,7,174,1,3,80.0,0,N,MELB_URBAN,ROAD,2,0.0
160846,1,4,121,1,1,40.0,0,I,MELB_URBAN,STREET,5,10.0
160847,2,5,100,2,1,60.0,0,I,MELB_URBAN,ROAD,5,11.0
160848,1,4,130,5,1,100.0,0,N,MELB_URBAN,FREEWAY,5,8.0
160849,2,5,99,5,1,60.0,0,N,MELB_URBAN,ROAD,5,11.0
160850,1,4,99,1,1,60.0,0,I,MELB_URBAN,STREET,5,12.0
160851,1,5,163,5,1,60.0,0,N,MELB_URBAN,STREET,5,8.0
160852,1,5,110,1,1,80.0,0,I,MELB_URBAN,ROAD,5,12.0
160853,1,1,99,2,1,60.0,0,I,MELB_URBAN,ROAD,5,11.0
160854,4,3,173,5,1,60.0,0,I,RURAL_VICTORIA,FREEWAY,5,8.0
160855,4,5,183,5,5,110.0,0,N,UNKNOWN,HIGHWAY,5,1.0
160856,1,5,130,2,1,60.0,0,I,MELB_URBAN,ROAD,5,13.0
160857,1,6,130,5,1,60.0,0,N,RURAL_VICTORIA,ROAD,4,8.0
160858,2,3,100,2,1,50.0,0,I,MELB_URBAN,ROAD,5,9.0
160859,1,5,121,1,1,40.0,0,I,MELBOURNE_CBD,STREET,5,13.0
160860,2,5,99,5,1,50.0,0,N,UNKNOWN,ROAD,5,11.0
160861,1,6,130,2,6,50.0,0,I,MELB_URBAN,ROAD,5,22.0
160862,1,4,163,5,3,50.0,0,N,MELB_URBAN,STREET,5,20.0
160863,1,5,130,5,1,80.0,0,N,MELB_URBAN,FREEWAY,5,16.0
160864,1,2,130,2,3,60.0,0,I,MELB_URBAN,ROAD,4,18.0
160865,1,4,130,5,1,80.0,0,N,MELB_URBAN,OTHER,5,14.0
160866,1,5,133,2,1,40.0,0,I,MELBOURNE_CBD,OTHER,5,17.0
160867,2,5,100,1,1,60.0,0,I,MELB_URBAN,ROAD,5,14.0
160868,1,4,110,1,1,50.0,0,I,MELB_URBAN,OTHER,5,15.0
160869,1,5,99,5,1,100.0,0,N,RURAL_VICTORIA,ROAD,5,15.0
160870,1,5,111,2,1,60.0,0,I,MELB_URBAN,ROAD,5,11.0
160871,1,5,110,4,1,60.0,0,I,MELB_URBAN,ROAD,5,16.0
160872,1,4,110,1,1,50.0,0,I,MELB_URBAN,STREET,5,16.0
160873,1,4,99,2,1,60.0,0,I,MELB_URBAN,ROAD,5,8.0
160874,1,5,130,5,9,60.0,0,N,MELB_URBAN,FREEWAY,5,16.0
160875,1,5,120,5,1,100.0,0,N,RURAL_VICTORIA,ROAD,5,15.0
160876,1,4,116,2,3,60.0,0,I,MELB_URBAN,ROAD,5,5.0
160877,1,4,130,1,1,60.0,0,N,LARGE_PROVINCIAL_CITIES,AVENUE,4,8.0
160878,1,4,121,1,3,60.0,0,N,MELB_URBAN,ROAD,5,18.0
160879,8,5,170,5,2,50.0,0,N,LARGE_PROVINCIAL_CITIES,OTHER,5,17.0