,accident_type,day_of_week,dca_code,road_geometry,light_condition,speed_zone,severity,node_type,deg_urban_name,road_type,month,hour
160880,2,5,102,2,1,60.0,0,I,MELB_URBAN,AVENUE,5,15.0
160881,1,5,160,5,1,50.0,0,N,MELB_URBAN,ROAD,5,15.0
160882,1,5,121,1,3,50.0,0,N,MELB_URBAN,PARADE,5,20.0
160883,1,5,120,5,3,50.0,0,N,MELB_URBAN,DRIVE,5,17.0
160884,1,5,111,2,3,60.0,0,I,MELB_URBAN,ROAD,5,22.0
160885,1,0,121,4,3,80.0,0,N,MELB_URBAN,ROAD,5,22.0
160886,6,6,99,5,5,100.0,0,N,RURAL_VICTORIA,ROAD,5,2.0
160887,4,6,173,5,5,70.0,0,N,RURAL_VICTORIA,HIGHWAY,5,4.0
160888,1,6,160,5,3,80.0,0,N,MELB_URBAN,HIGHWAY,5,5.0
160889,1,4,121,5,1,60.0,0,N,MELB_URBAN,ROAD,5,9.0
160890,2,5,100,1,1,70.0,0,N,MELB_URBAN,ROAD,5,7.0
160891,1,4,110,1,1,80.0,0,I,MELB_URBAN,ROAD,5,11.0
160892,1,4,130,5,1,80.0,0,N,MELB_URBAN,ROAD,5,8.0
160893,1,3,160,5,1,50.0,0,N,MELB_URBAN,ROAD,5,15.0
160894,1,6,116,1,1,80.0,0,I,MELB_URBAN,HIGHWAY,5,8.0
160895,1,4,110,1,1,80.0,0,I,MELB_URBAN,HIGHWAY,5,13.0
160896,1,5,121,2,1,80.0,0,N,MELB_URBAN,ROAD,4,17.0
160897,1,2,130,2,1,50.0,0,I,MELB_URBAN,ROAD,5,8.0
160898,1,3,130,5,1,80.0,0,N,RURAL_VICTORIA,ROAD,5,15.0
160899,3,5,167,5,5,100.0,0,N,RURAL_VICTORIA,ROAD,4,21.0
160900,1,6,160,5,9,50.0,0,N,MELB_URBAN,DRIVE,7,12.0
160901,1,6,135,5,1,100.0,0,N,MELB_URBAN,FREEWAY,5,6.0
160902,2,6,99,5,1,60.0,0,N,MELB_URBAN,ROAD,5,8.0
160903,1,4,99,2,3,60.0,0,N,MELB_URBAN,PARADE,5,18.0
160904,2,4,100,1,1,40.0,0,I,MELB_URBAN,STREET,5,12.0
160905,4,4,171,1,1,60.0,0,I,MELB_URBAN,ROAD,4,10.0
160906,1,6,99,2,1,60.0,0,I,MELB_URBAN,STREET,5,9.0
160907,8,4,174,2,9,50.0,0,I,UNKNOWN,ROAD,5,16.0
160908,1,3,130,5,1,40.0,0,N,MELB_URBAN,STREET,4,15.0
160909,1,5,120,2,1,50.0,0,I,SMALL_CITIES,DRIVE,5,12.0
160910,1,4,113,3,2,80.0,0,I,RURAL_VICTORIA,ROAD,5,17.0
160911,6,6,174,5,1,60.0,0,N,RURAL_VICTORIA,ROAD,5,12.0
160912,1,5,113,2,1,50.0,0,I,LARGE_PROVINCIAL_CITIES,ROAD,5,8.0
160913,1,6,140,5,1,40.0,0,N,LARGE_PROVINCIAL_CITIES,PARADE,5,14.0
160914,1,6,147,5,1,60.0,0,N,MELB_URBAN,ROAD,5,13.0
160915,1,6,120,5,1,100.0,0,N,RURAL_VICTORIA,ROAD,5,12.0
160916,1,5,130,2,9,60.0,0,I,MELB_URBAN,ROAD,4,16.0
160917,1,5,130,5,1,80.0,0,N,MELB_URBAN,STREET,3,15.0
160918,1,6,121,2,1,80.0,0,N,MELB_URBAN,ROAD,5,15.0
160919,1,6,130,5,1,60.0,0,N,SMALL_CITIES,STREET,5,15.0
160920,1,6,110,1,1,50.0,0,I,TOWNS,STREET,5,16.0
160921,1,5,113,2,1,60.0,0,I,MELB_URBAN,ROAD,5,14.0
160922,1,5,113,4,1,80.0,0,I,MELB_URBAN,DRIVE,5,14.0
160923,1,6,121,1,3,50.0,0,I,SMALL_CITIES,STREET,5,18.0
160924,1,5,121,2,1,60.0,0,I,MELB_URBAN,ROAD,5,14.0
160925,1,6,121,1,1,60.0,0,I,MELB_URBAN,STREET,5,15.0
160926,1,5,130,5,1,70.0,0,N,MELB_URBAN,ROAD,5,16.0
160927,1,6,113,2,2,50.0,0,I,MELB_URBAN,ROAD,5,18.0
160928,4,5,171,5,3,100.0,0,N,MELB_URBAN,ROAD,5,19.0
160929,4,6,181,5,1,100.0,0,N,RURAL_VICTORIA,ROAD,5,14.0
160930,1,6,147,5,1,60.0,0,N,RURAL_VICTORIA,ROAD,5,14.0
160931,2,6,100,2,3,80.0,0,I,MELB_URBAN,ROAD,5,20.0
160932,1,6,130,5,2,70.0,0,N,MELB_URBAN,ROAD,5,19.0
160933,1,6,120,5,5,100.0,0,N,RURAL_VICTORIA,ROAD,5,21.0
160934,2,5,102,2,3,60.0,0,N,MELB_URBAN,ROAD,5,19.0
160935,4,7,99,5,3,50.0,0,N,MELB_URBAN,UNKNOWN,5,1.0
160936,2,6,100,1,3,40.0,0,I,MELB_URBAN,HIGHWAY,5,21.0
160937,1,1,134,5,5,50.0,0,N,UNKNOWN,DRIVE,4,21.0
160938,1,7,160,2,3,50.0,0,I,LARGE_PROVINCIAL_CITIES,DRIVE,5,1.0
160939,1,6,160,5,2,50.0,0,I,MELB_URBAN,AVENUE,5,7.0
160940,4,6,181,5,5,100.0,0,N,RURAL_VICTORIA,RAMP,5,1.0
160941,1,7,130,5,1,60.0,0,N,MELB_URBAN,ROAD,5,7.0
160942,1,7,133,5,3,60.0,0,N,MELB_URBAN,HIGHWAY,5,6.0
160943,1,7,121,2,2,60.0,0,N,MELB_URBAN,ROAD,5,7.0
160944,1,6,99,5,1,100.0,0,N,RURAL_VICTORIA,ROAD,5,16.0
160945,1,7,140,5,1,70.0,0,N,MELB_URBAN,ROAD,5,12.0
160946,2,6,102,2,1,50.0,0,N,MELB_URBAN,STREET,5,11.0
160947,1,3,113,2,2,80.0,0,I,RURAL_VICTORIA,ROAD,2,18.0
160948,1,7,121,2,1,70.0,0,I,MELB_URBAN,ROAD,5,12.0
160949,2,6,99,5,1,60.0,0,N,LARGE_PROVINCIAL_CITIES,STREET,5,13.0
160950,1,6,99,1,1,60.0,0,I,MELB_URBAN,STREET,5,8.0
160951,1,7,130,5,1,70.0,0,N,MELB_URBAN,RAMP,5,14.0
160952,1,6,147,5,1,40.0,0,N,MELB_URBAN,STREET,5,15.0
160953,1,5,111,2,3,60.0,0,I,MELB_URBAN,PARADE,5,20.0
160954,4,7,171,5,1,100.0,0,N,RURAL_VICTORIA,ROAD,5,14.0
160955,1,7,110,1,1,60.0,0,I,TOWNS,STREET,5,16.0
160956,1,7,160,5,2,60.0,0,N,LARGE_PROVINCIAL_CITIES,ROAD,5,17.0
160957,6,7,184,5,1,80.0,0,N,RURAL_VICTORIA,ROAD,5,13.0
160958,1,6,113,1,2,100.0,0,I,RURAL_VICTORIA,ROAD,5,16.0
160959,1,7,130,5,3,50.0,0,N,MELB_URBAN,STREET,5,18.0
160960,1,7,121,2,3,60.0,0,I,MELB_URBAN,STREET,5,18.0
160961,8,6,99,5,5,100.0,0,N,TOWNS,ROAD,5,17.0
160962,1,6,121,1,1,60.0,0,N,MELB_URBAN,ROAD,5,16.0
160963,1,7,160,1,3,50.0,0,I,MELB_URBAN,STREET,5,19.0
160964,1,7,130,5,3,80.0,0,N,MELB_URBAN,HIGHWAY,5,18.0
160965,4,6,171,5,2,80.0,0,N,RURAL_VICTORIA,FREEWAY,5,18.0
160966,4,6,171,5,5,100.0,0,N,RURAL_VICTORIA,HIGHWAY,5,19.0
160967,1,6,121,5,3,60.0,0,I,RURAL_VICTORIA,PARADE,5,18.0
160968,1,6,121,2,3,60.0,0,I,MELB_URBAN,ROAD,5,5.0
160969,4,7,181,5,5,60.0,0,N,MELB_URBAN,ROAD,5,20.0
160970,1,6,130,5,3,80.0,0,N,MELB_URBAN,ROAD,5,21.0
160971,1,7,121,5,3,70.0,0,N,MELB_URBAN,ROAD,5,19.0
160972,4,7,171,5,3,70.0,0,N,MELB_URBAN,ROAD,5,23.0
160973,4,7,173,5,3,110.0,0,N,RURAL_VICTORIA,FREEWAY,5,23.0
160974,1,6,99,2,1,60.0,0,I,MELB_URBAN,STREET,5,11.0
160975,1,4,160,5,3,60.0,0,N,MELB_URBAN,ROAD,11,4.0
160976,4,1,99,2,3,50.0,0,I,MELB_URBAN,ROAD,5,1.0
160977,4,1,171,5,5,60.0,0,N,MELB_URBAN,ROAD,5,4.0
160978,1,6,99,5,1,40.0,0,I,LARGE_PROVINCIAL_CITIES,OTHER,5,15.0
160979,1,6,113,2,1,70.0,0,I,MELB_URBAN,ROAD,5,15.0
160980,1,2,121,2,2,60.0,0,I,MELB_URBAN,PARADE,3,18.0
160981,6,5,174,5,1,100.0,0,N,SMALL_TOWNS,ROAD,5,16.0
160982,6,1,99,5,1,100.0,0,N,RURAL_VICTORIA,ROAD,5,8.0
160983,1,3,130,5,1,60.0,0,N,TOWNS,RAMP,3,15.0
160984,6,4,174,5,1,100.0,0,N,RURAL_VICTORIA,OTHER,5,9.0
160985,1,1,113,2,1,50.0,0,I,MELB_URBAN,ROAD,5,10.0
160986,1,1,130,5,1,60.0,0,N,MELB_URBAN,PARADE,5,10.0
160987,1,1,121,1,1,80.0,0,I,MELB_URBAN,ROAD,5,10.0
160988,1,2,130,5,1,100.0,0,N,MELB_URBAN,RAMP,4,15.0
160989,8,1,99,5,9,60.0,0,N,MELB_URBAN,DRIVE,4,15.0
160990,8,1,184,5,1,60.0,0,N,MELB_URBAN,ROAD,5,13.0
160991,1,7,134,1,1,80.0,0,I,MELB_URBAN,HIGHWAY,5,13.0
160992,3,0,167,5,1,100.0,0,N,RURAL_VICTORIA,ROAD,5,14.0
160993,1,1,160,5,1,60.0,0,N,MELB_URBAN,ROAD,5,13.0
160994,1,3,130,5,1,60.0,0,N,MELB_URBAN,ROAD,5,13.0
160995,1,4,99,5,9,60.0,0,N,MELB_URBAN,AVENUE,5,18.0
160996,2,0,100,5,1,40.0,0,N,MELB_URBAN,STREET,5,8.0
160997,1,1,110,1,1,60.0,0,I,MELB_URBAN,ROAD,5,16.0
160998,2,1,99,2,1,60.0,0,I,MELB_URBAN,ROAD,5,16.0
160999,1,1,130,5,3,100.0,0,N,MELB_URBAN,FREEWAY,5,18.0
161000,1,1,130,5,1,80.0,0,N,MELB_URBAN,RAMP,5,15.0
161001,1,0,121,2,3,60.0,0,I,MELB_URBAN,ROAD,5,18.0
161002,1,1,121,2,2,70.0,0,I,MELB_URBAN,ROAD,5,17.0
161003,2,1,102,5,3,70.0,0,N,MELB_URBAN,ROAD,5,19.0
161004,1,1,130,5,3,80.0,0,N,MELB_URBAN,ROAD,5,18.0
161005,2,1,100,1,3,40.0,0,I,MELBOURNE_CBD,STREET,5,20.0
161006,1,6,99,1,9,80.0,0,I,MELB_URBAN,ROAD,5,8.0
161007,1,6,130,5,5,100.0,0,N,RURAL_VICTORIA,FREEWAY,5,20.0
161008,1,0,130,2,1,60.0,0,N,MELB_URBAN,RAMP,5,20.0
161009,1,4,163,5,2,40.0,0,N,MELB_URBAN,STREET,5,17.0
161010,6,2,99,5,5,60.0,0,N,RURAL_VICTORIA,ROAD,5,0.0
161011,1,5,113,2,1,80.0,0,I,MELB_URBAN,ROAD,5,10.0
161012,6,2,184,5,5,80.0,0,N,RURAL_VICTORIA,HIGHWAY,5,1.0
161013,2,1,100,5,3,50.0,0,N,MELB_URBAN,AVENUE,5,18.0
161014,1,1,130,5,1,70.0,0,N,MELB_URBAN,ROAD,5,7.0
161015,1,2,160,5,1,60.0,0,N,MELB_URBAN,ROAD,5,9.0
161016,1,2,160,5,1,60.0,0,N,MELB_URBAN,ROAD,5,9.0
161017,3,1,167,5,5,100.0,0,N,RURAL_VICTORIA,ROAD,5,18.0
161018,8,2,174,5,1,100.0,0,N,RURAL_VICTORIA,ROAD,5,9.0
161019,1,5,163,5,1,60.0,0,N,MELB_URBAN,STREET,5,16.0
161020,1,7,111,2,1,50.0,0,I,MELB_URBAN,ROAD,5,12.0
161021,1,3,130,5,1,80.0,0,N,MELB_URBAN,ROAD,4,15.0
161022,1,1,130,5,1,80.0,0,N,MELB_URBAN,STREET,5,10.0
161023,8,1,184,5,1,60.0,0,N,RURAL_VICTORIA,ROAD,4,10.0
161024,3,1,167,5,1,60.0,0,N,RURAL_VICTORIA,ROAD,5,16.0
161025,1,6,99,5,6,60.0,0,N,MELB_URBAN,STREET,3,17.0
161026,1,2,110,1,1,60.0,0,I,LARGE_PROVINCIAL_CITIES,ROAD,5,12.0
161027,1,1,130,5,1,80.0,0,N,SMALL_CITIES,ROAD,5,8.0
161028,4,1,99,5,1,60.0,0,N,MELB_URBAN,STREET,5,10.0
161029,1,1,110,1,1,50.0,0,I,MELB_URBAN,STREET,5,8.0
161030,8,2,99,1,1,60.0,0,I,RURAL_VICTORIA,ROAD,2,13.0
161031,1,1,121,2,1,70.0,0,I,MELB_URBAN,PARADE,5,13.0
161032,1,7,130,5,3,60.0,0,N,MELB_URBAN,ROAD,4,22.0
161033,1,6,99,2,1,50.0,0,I,MELB_URBAN,PARADE,5,12.0
161034,1,2,99,2,1,40.0,0,I,MELB_URBAN,ROAD,5,15.0
161035,4,1,181,5,5,80.0,0,N,RURAL_VICTORIA,HIGHWAY,5,4.0
161036,6,2,170,5,1,80.0,0,N,RURAL_VICTORIA,ROAD,5,15.0
161037,1,5,110,1,1,60.0,0,I,MELB_URBAN,ROAD,5,13.0
161038,1,3,147,5,1,60.0,0,N,MELB_URBAN,STREET,5,12.0
161039,8,7,174,2,1,30.0,0,I,RURAL_VICTORIA,ROAD,5,13.0
161040,1,1,99,5,1,40.0,0,N,TOWNS,OTHER,5,15.0
161041,1,2,99,5,1,50.0,0,N,MELB_URBAN,BOULEVARD,5,16.0
161042,1,2,147,5,1,60.0,0,N,SMALL_CITIES,AVENUE,5,14.0
161043,3,3,167,5,1,60.0,0,N,RURAL_VICTORIA,ROAD,5,16.0
161044,1,1,110,1,2,50.0,0,I,MELB_URBAN,STREET,5,16.0
161045,1,2,147,5,1,50.0,0,N,MELB_URBAN,AVENUE,5,17.0
161046,1,2,130,5,9,50.0,0,N,LARGE_PROVINCIAL_CITIES,STREET,5,15.0
161047,6,6,184,5,1,100.0,0,N,RURAL_VICTORIA,ROAD,5,13.0
161048,1,2,113,2,2,40.0,0,I,MELB_URBAN,STREET,5,17.0
161049,1,2,121,1,3,60.0,0,I,LARGE_PROVINCIAL_CITIES,STREET,5,18.0
161050,1,1,121,1,9,60.0,0,I,RURAL_VICTORIA,ROAD,5,18.0
161051,1,2,130,5,1,60.0,0,N,MELB_URBAN,STREET,5,16.0
161052,6,2,99,5,1,100.0,0,N,RURAL_VICTORIA,ROAD,5,15.0
161053,1,1,121,4,6,60.0,0,I,MELB_URBAN,RAMP,5,21.0
161054,2,2,100,5,1,40.0,0,N,MELB_URBAN,OTHER,5,14.0
161055,1,2,130,2,2,80.0,0,N,MELB_URBAN,ROAD,5,17.0
161056,1,2,130,2,1,80.0,0,I,RURAL_VICTORIA,ROAD,5,15.0
161057,1,2,130,2,3,60.0,0,N,SMALL_CITIES,ROAD,5,19.0
161058,1,5,110,1,3,60.0,0,I,RURAL_VICTORIA,BOULEVARD,5,21.0
161059,2,2,102,2,3,80.0,0,I,MELB_URBAN,BOULEVARD,5,17.0
161060,1,4,121,5,3,60.0,0,N,MELB_URBAN,ROAD,3,20.0
161061,2,2,99,5,3,50.0,0,N,MELB_URBAN,AVENUE,5,19.0
161062,1,2,110,1,3,70.0,1,I,MELB_URBAN,ROAD,5,22.0
161063,4,3,183,5,3,60.0,0,N,MELB_URBAN,UNKNOWN,5,0.0
161064,1,2,160,5,3,70.0,0,N,LARGE_PROVINCIAL_CITIES,HIGHWAY,5,23.0
161065,1,2,140,1,1,70.0,0,I,MELB_URBAN,ROAD,3,12.0
161066,1,2,147,5,1,60.0,0,N,MELB_URBAN,OTHER,5,13.0
161067,1,3,130,5,1,100.0,0,N,MELB_URBAN,FREEWAY,5,7.0
161068,1,3,130,5,1,100.0,0,N,MELB_URBAN,FREEWAY,5,8.0
161069,1,2,113,1,1,60.0,0,I,MELB_URBAN,ROAD,5,7.0
161070,1,5,130,5,1,60.0,0,N,RURAL_VICTORIA,HIGHWAY,5,16.0
161071,1,4,130,5,2,60.0,0,N,MELB_URBAN,ROAD,4,7.0
161072,1,4,130,1,9,40.0,0,I,MELB_URBAN,STREET,7,19.0
161073,2,3,102,5,1,60.0,0,N,MELB_URBAN,ROAD,5,9.0
161074,4,1,99,5,1,100.0,0,N,RURAL_VICTORIA,ROAD,4,14.0
161075,1,2,110,1,1,100.0,0,I,RURAL_VICTORIA,ROAD,5,10.0
161076,1,3,113,2,1,80.0,0,I,MELB_URBAN,ROAD,5,11.0
161077,1,3,120,5,1,80.0,0,N,RURAL_VICTORIA,ROAD,5,9.0
161078,1,1,130,5,1,60.0,0,N,MELB_URBAN,ROAD,5,14.0
161079,4,1,181,5,1,60.0,0,N,RURAL_VICTORIA,ROAD,9,15.0
161080,1,3,130,5,1,60.0,0,N,SMALL_CITIES,ROAD,5,9.0
161081,1,4,134,5,9,70.0,0,N,MELB_URBAN,HIGHWAY,5,10.0
161082,1,2,110,1,1,60.0,0,I,LARGE_PROVINCIAL_CITIES,STREET,5,16.0
161083,1,2,111,4,1,60.0,0,I,MELB_URBAN,RAMP,5,13.0
161084,1,7,121,1,1,60.0,0,I,MELB_URBAN,ROAD,5,10.0
161085,7,1,99,5,6,50.0,0,I,RURAL_VICTORIA,STREET,5,22.0
161086,1,3,110,1,1,80.0,0,I,MELB_URBAN,ROAD,5,16.0
161087,1,3,130,5,1,60.0,0,N,SMALL_CITIES,ROAD,5,15.0
161088,4,3,183,5,1,80.0,0,N,RURAL_VICTORIA,ROAD,5,15.0
161089,1,3,147,5,1,60.0,0,N,MELB_URBAN,DRIVE,5,14.0
161090,1,2,130,5,1,60.0,0,N,MELB_URBAN,RAMP,5,16.0
161091,1,3,99,1,2,60.0,0,I,MELB_URBAN,STREET,5,18.0
161092,1,2,110,1,3,50.0,0,I,MELB_URBAN,STREET,5,18.0
161093,1,3,132,2,1,80.0,0,I,RURAL_VICTORIA,ROAD,5,15.0
161094,2,2,99,5,2,40.0,0,N,MELB_URBAN,ROAD,5,16.0
161095,1,1,130,5,3,60.0,0,N,MELB_URBAN,ROAD,5,17.0
161096,1,3,110,1,5,100.0,0,I,RURAL_VICTORIA,AVENUE,5,18.0
161097,4,2,171,5,5,60.0,0,N,RURAL_VICTORIA,ROAD,5,5.0
161098,1,2,135,1,1,60.0,0,I,MELB_URBAN,STREET,5,13.0
161099,1,3,113,2,1,80.0,0,I,MELB_URBAN,ROAD,5,15.0
161100,1,3,120,5,1,80.0,1,N,RURAL_VICTORIA,ROAD,5,15.0
161101,4,2,171,1,3,60.0,0,I,MELB_URBAN,HIGHWAY,5,4.0
161102,1,3,111,1,3,80.0,0,I,MELB_URBAN,ROAD,5,21.0
161103,4,6,171,5,6,60.0,0,N,LARGE_PROVINCIAL_CITIES,HIGHWAY,4,1.0
161104,1,0,130,2,5,80.0,0,I,MELB_URBAN,RAMP,5,19.0
161105,1,4,121,3,1,60.0,0,N,TOWNS,STREET,5,6.0
161106,2,4,100,1,1,40.0,0,N,MELB_URBAN,ROAD,5,8.0
161107,1,4,110,1,1,40.0,0,I,LARGE_PROVINCIAL_CITIES,STREET,5,8.0
161108,8,1,170,5,1,50.0,0,N,MELB_URBAN,STREET,4,12.0
161109,6,3,174,5,1,60.0,0,N,RURAL_VICTORIA,OTHER,5,14.0
161110,1,3,121,1,1,60.0,0,I,MELB_URBAN,HIGHWAY,5,6.0
161111,1,4,110,1,1,60.0,0,I,MELB_URBAN,STREET,5,10.0
161112,1,4,99,2,1,60.0,0,I,MELB_URBAN,STREET,5,12.0
161113,1,4,121,4,1,60.0,0,I,MELB_URBAN,AVENUE,5,10.0
161114,1,2,130,1,9,70.0,0,I,MELB_URBAN,ROAD,5,6.0
161115,2,4,100,5,1,60.0,0,N,MELB_URBAN,ROAD,5,8.0
161116,2,7,99,5,1,50.0,0,N,MELB_URBAN,STREET,5,14.0
161117,1,4,111,1,1,70.0,0,I,MELB_URBAN,ROAD,5,13.0
161118,6,3,99,5,1,60.0,0,N,RURAL_VICTORIA,OTHER,5,13.0
161119,6,4,174,1,1,60.0,0,I,MELB_URBAN,ROAD,5,15.0
161120,7,4,99,5,1,60.0,0,N,SMALL_CITIES,HIGHWAY,5,15.0
161121,1,2,160,5,1,50.0,0,N,MELB_URBAN,STREET,5,15.0
161122,1,4,99,5,1,50.0,0,N,MELB_URBAN,STREET,5,14.0
161123,1,2,130,1,1,60.0,0,I,RURAL_VICTORIA,ROAD,5,16.0
161124,2,4,100,1,1,60.0,0,N,MELB_URBAN,ROAD,5,9.0
161125,2,4,100,5,1,60.0,0,N,MELB_URBAN,STREET,5,14.0
161126,1,5,116,2,1,40.0,0,I,MELB_URBAN,ROAD,5,7.0
161127,1,4,130,5,1,60.0,0,N,LARGE_PROVINCIAL_CITIES,STREET,5,16.0
161128,1,4,130,5,1,60.0,0,N,MELB_URBAN,ROAD,5,10.0
161129,1,4,113,2,1,60.0,0,I,LARGE_PROVINCIAL_CITIES,ROAD,5,15.0
161130,1,4,130,2,3,60.0,0,I,SMALL_CITIES,ROAD,5,18.0
161131,1,7,130,5,3,80.0,0,N,MELB_URBAN,FREEWAY,5,19.0
161132,1,3,121,1,2,60.0,0,N,MELB_URBAN,ROAD,5,18.0
161133,1,4,113,2,1,70.0,0,I,MELB_URBAN,OTHER,5,15.0
161134,1,3,116,2,3,60.0,0,I,MELB_URBAN,ROAD,5,19.0
161135,1,4,99,5,9,60.0,0,N,MELB_URBAN,STREET,5,13.0
161136,1,6,130,5,3,60.0,0,N,MELB_URBAN,ROAD,5,18.0
161137,4,4,171,1,3,40.0,0,I,LARGE_PROVINCIAL_CITIES,ROAD,5,17.0
161138,1,4,120,5,1,50.0,0,N,MELB_URBAN,STREET,5,17.0
161139,1,4,99,2,1,60.0,0,N,MELB_URBAN,ROAD,5,14.0
161140,1,3,121,5,1,50.0,0,I,RURAL_VICTORIA,DRIVE,5,16.0
161141,4,4,183,5,5,80.0,0,N,RURAL_VICTORIA,ROAD,5,20.0
161142,1,4,120,5,5,100.0,1,N,RURAL_VICTORIA,HIGHWAY,5,18.0
161143,1,6,99,5,9,100.0,0,N,MELB_URBAN,RAMP,5,12.0
161144,1,4,121,2,2,60.0,0,I,MELB_URBAN,ROAD,5,5.0
161145,1,4,121,1,3,40.0,0,I,SMALL_CITIES,STREET,5,19.0
161146,1,2,110,1,2,80.0,0,I,MELB_URBAN,STREET,5,17.0
161147,1,5,111,2,2,40.0,0,N,MELB_URBAN,ROAD,5,8.0
161148,1,5,121,1,1,40.0,0,I,LARGE_PROVINCIAL_CITIES,STREET,5,9.0
161149,1,5,130,2,9,60.0,0,I,MELB_URBAN,ROAD,5,6.0
161150,1,5,120,2,1,50.0,0,I,MELB_URBAN,ROAD,5,8.0
161151,1,2,130,5,9,40.0,0,N,MELB_URBAN,ROAD,2,14.0
161152,1,5,121,1,3,60.0,0,I,RURAL_VICTORIA,OTHER,4,18.0
161153,8,3,184,5,1,80.0,0,N,RURAL_VICTORIA,ROAD,4,14.0
161154,2,5,100,5,1,50.0,0,N,RURAL_VICTORIA,OTHER,5,8.0
161155,1,5,110,1,1,100.0,0,I,RURAL_VICTORIA,ROAD,5,8.0
161156,1,3,113,2,3,80.0,0,I,RURAL_VICTORIA,ROAD,5,5.0
161157,1,3,113,2,2,60.0,0,I,MELB_URBAN,ROAD,5,19.0
161158,1,1,147,5,1,80.0,0,N,MELB_URBAN,ROAD,4,16.0
161159,1,5,111,2,2,60.0,0,I,SMALL_CITIES,ROAD,5,9.0
161160,4,7,173,1,3,60.0,0,I,MELB_URBAN,STREET,8,3.0
161161,1,3,147,5,1,60.0,0,N,MELB_URBAN,ROAD,2,16.0
161162,2,4,99,5,1,60.0,0,N,MELB_URBAN,ROAD,5,8.0
161163,1,5,110,1,1,100.0,1,I,RURAL_VICTORIA,ROAD,5,8.0
161164,2,3,100,1,9,60.0,0,N,MELB_URBAN,ROAD,5,8.0
161165,1,1,130,2,2,60.0,0,I,LARGE_PROVINCIAL_CITIES,HIGHWAY,3,19.0
161166,1,5,111,1,2,70.0,0,I,MELB_URBAN,PARADE,5,7.0
161167,8,6,99,5,2,60.0,0,N,MELB_URBAN,ROAD,5,7.0
161168,1,5,121,1,1,60.0,0,I,MELB_URBAN,ROAD,5,13.0
161169,1,1,132,2,6,50.0,0,I,MELB_URBAN,BOULEVARD,5,17.0
161170,1,4,130,5,1,80.0,0,N,MELB_URBAN,UNKNOWN,5,13.0
161171,2,4,99,2,1,30.0,0,N,MELB_URBAN,STREET,5,13.0
161172,1,5,99,2,1,100.0,0,N,RURAL_VICTORIA,HIGHWAY,5,11.0
161173,4,5,171,1,1,60.0,0,N,MELB_URBAN,ROAD,5,15.0
161174,1,4,130,5,1,80.0,0,N,MELB_URBAN,FREEWAY,5,14.0
161175,1,3,99,1,2,50.0,0,I,MELB_URBAN,STREET,5,7.0
161176,7,5,99,5,1,60.0,0,N,MELB_URBAN,STREET,5,16.0
161177,1,3,99,5,1,40.0,0,N,MELB_URBAN,STREET,4,10.0
161178,2,3,99,5,6,60.0,0,N,MELB_URBAN,UNKNOWN,5,1.0
161179,2,4,102,5,1,60.0,0,N,RURAL_VICTORIA,HIGHWAY,5,12.0
161180,1,5,140,5,1,60.0,0,N,MELB_URBAN,ROAD,5,15.0
161181,8,5,174,5,1,80.0,0,N,MELB_URBAN,FREEWAY,5,16.0
161182,1,4,99,5,1,50.0,0,N,MELB_URBAN,ROAD,5,14.0
161183,1,4,130,5,3,60.0,0,N,MELB_URBAN,STREET,4,18.0
161184,8,4,174,2,3,70.0,0,I,MELB_URBAN,HIGHWAY,5,20.0
161185,1,4,99,5,1,80.0,0,N,RURAL_VICTORIA,ROAD,5,15.0
161186,1,5,111,2,2,50.0,0,I,MELB_URBAN,OTHER,5,17.0
161187,1,4,130,5,1,80.0,0,N,MELB_URBAN,OTHER,5,16.0
161188,1,5,110,1,3,60.0,0,I,MELB_URBAN,ROAD,5,18.0
161189,1,3,121,5,2,80.0,0,N,MELB_URBAN,HIGHWAY,5,17.0
161190,1,4,111,2,2,60.0,0,I,MELB_URBAN,ROAD,5,16.0
161191,4,4,181,5,5,80.0,0,N,RURAL_VICTORIA,HIGHWAY,5,20.0
161192,2,5,102,5,1,60.0,0,N,MELB_URBAN,ROAD,5,7.0
161193,1,4,130,5,5,110.0,0,N,TOWNS,FREEWAY,5,17.0
161194,1,3,132,5,9,60.0,0,N,LARGE_PROVINCIAL_CITIES,ROAD,5,9.0
161195,1,4,121,2,1,70.0,0,I,RURAL_VICTORIA,ROAD,5,15.0
161196,1,4,121,2,3,80.0,0,I,MELB_URBAN,HIGHWAY,5,21.0
161197,1,5,120,5,5,100.0,0,N,RURAL_VICTORIA,ROAD,5,20.0
161198,1,5,160,5,3,60.0,0,N,LARGE_PROVINCIAL_CITIES,ROAD,5,22.0
161199,1,4,99,5,1,60.0,0,N,SMALL_CITIES,ROAD,5,15.0
161200,4,5,173,5,5,100.0,0,N,RURAL_VICTORIA,HIGHWAY,5,5.0
161201,1,5,111,2,1,40.0,0,I,MELB_URBAN,STREET,5,15.0
161202,3,1,167,5,2,100.0,0,N,RURAL_VICTORIA,ROAD,5,17.0
161203,1,6,113,2,1,60.0,0,I,MELB_URBAN,HIGHWAY,5,8.0
161204,1,3,130,2,1,50.0,0,I,SMALL_CITIES,ROAD,5,14.0
161205,1,2,130,2,2,60.0,0,I,MELB_URBAN,STREET,5,8.0