,accident_type,day_of_week,dca_code,road_geometry,light_condition,speed_zone,severity,node_type,deg_urban_name,road_type,month,hour
161206,4,5,171,5,5,100.0,0,N,RURAL_VICTORIA,ROAD,5,23.0
161207,1,1,116,3,3,80.0,0,I,RURAL_VICTORIA,ROAD,3,6.0
161208,6,7,99,5,9,60.0,0,I,RURAL_VICTORIA,ROAD,5,12.0
161209,1,5,130,5,1,60.0,0,N,MELB_URBAN,ROAD,5,9.0
161210,8,6,174,5,1,50.0,0,N,RURAL_VICTORIA,ROAD,5,15.0
161211,1,5,130,5,9,60.0,0,N,MELB_URBAN,ROAD,5,19.0
161212,1,6,130,5,3,100.0,0,N,RURAL_VICTORIA,FREEWAY,5,6.0
161213,1,6,110,1,1,60.0,0,I,TOWNS,STREET,5,11.0
161214,1,6,130,5,1,80.0,0,N,MELB_URBAN,FREEWAY,5,9.0
161215,1,6,99,2,1,60.0,0,I,MELB_URBAN,OTHER,5,13.0
161216,1,2,120,5,1,70.0,0,N,RURAL_VICTORIA,ROAD,5,9.0
161217,1,6,99,5,1,60.0,0,N,MELB_URBAN,ROAD,3,9.0
161218,4,5,99,5,1,80.0,0,N,MELB_URBAN,RAMP,5,14.0
161219,8,5,174,5,3,60.0,0,N,MELB_URBAN,ROAD,10,19.0
161220,1,6,140,5,1,60.0,0,N,MELB_URBAN,ROAD,5,11.0
161221,1,6,135,5,1,60.0,0,N,MELB_URBAN,ROAD,5,15.0
161222,1,1,130,3,1,60.0,0,I,MELB_URBAN,STREET,2,16.0
161223,1,4,163,5,3,40.0,0,N,MELB_URBAN,STREET,5,20.0
161224,1,4,130,5,3,50.0,0,N,MELB_URBAN,STREET,4,18.0
161225,2,6,102,1,2,80.0,0,N,MELB_URBAN,HIGHWAY,5,16.0
161226,1,6,113,1,1,50.0,0,I,SMALL_CITIES,OTHER,5,15.0
161227,2,5,99,2,2,40.0,0,N,MELB_URBAN,OTHER,5,17.0
161228,1,3,110,1,1,50.0,0,I,MELB_URBAN,STREET,5,8.0
161229,2,6,102,5,2,60.0,0,N,LARGE_PROVINCIAL_CITIES,STREET,5,17.0
161230,1,7,160,5,1,60.0,0,N,MELB_URBAN,ROAD,3,11.0
161231,1,6,120,5,5,80.0,1,N,MELB_URBAN,ROAD,5,17.0
161232,4,6,171,5,1,100.0,0,N,RURAL_VICTORIA,HIGHWAY,5,13.0
161233,1,6,130,5,4,80.0,0,N,RURAL_VICTORIA,HIGHWAY,5,18.0
161234,1,6,130,5,2,60.0,0,N,MELB_URBAN,ROAD,5,16.0
161235,1,5,110,1,3,60.0,0,I,SMALL_CITIES,ROAD,5,20.0
161236,4,6,99,1,2,50.0,0,I,MELB_URBAN,STREET,5,17.0
161237,1,6,99,5,3,100.0,0,N,MELB_URBAN,FREEWAY,5,20.0
161238,2,6,100,5,1,80.0,0,N,MELB_URBAN,ROAD,5,14.0
161239,2,3,100,5,1,50.0,0,N,MELB_URBAN,BOULEVARD,5,15.0
161240,4,6,171,5,5,100.0,1,N,RURAL_VICTORIA,ROAD,5,18.0
161241,1,6,140,5,2,60.0,0,N,SMALL_CITIES,ROAD,5,16.0
161242,4,5,171,5,5,100.0,0,N,RURAL_VICTORIA,HIGHWAY,5,19.0
161243,1,6,130,3,3,100.0,0,I,MELB_URBAN,FREEWAY,5,19.0
161244,1,6,110,1,3,80.0,0,I,MELB_URBAN,ROAD,5,22.0
161245,7,6,99,1,5,60.0,0,N,RURAL_VICTORIA,ROAD,5,23.0
161246,6,6,99,5,5,100.0,0,N,RURAL_VICTORIA,ROAD,5,22.0
161247,4,6,173,2,3,70.0,0,I,MELB_URBAN,STREET,5,1.0
161248,4,7,99,5,3,100.0,0,N,MELB_URBAN,FREEWAY,5,4.0
161249,1,6,121,1,2,60.0,0,I,MELB_URBAN,STREET,5,7.0
161250,1,7,113,1,2,80.0,0,N,RURAL_VICTORIA,ROAD,5,9.0
161251,1,6,121,1,1,60.0,0,I,LARGE_PROVINCIAL_CITIES,STREET,5,9.0
161252,1,6,130,5,1,80.0,0,N,MELB_URBAN,ROAD,5,12.0
161253,1,5,147,5,9,60.0,0,N,MELB_URBAN,ROAD,5,5.0
161254,2,5,100,2,3,60.0,0,N,MELB_URBAN,OTHER,5,18.0
161255,2,3,100,5,5,50.0,0,I,MELB_URBAN,ROAD,5,19.0
161256,1,3,113,2,1,60.0,0,I,MELB_URBAN,ROAD,5,14.0
161257,1,7,113,2,1,60.0,0,I,MELB_URBAN,ROAD,5,11.0
161258,1,5,130,2,1,60.0,0,I,RURAL_VICTORIA,HIGHWAY,5,16.0
161259,8,7,174,2,9,60.0,0,I,MELB_URBAN,ROAD,5,10.0
161260,1,4,130,1,6,80.0,0,N,MELB_URBAN,RAMP,5,18.0
161261,1,7,113,1,1,60.0,0,I,MELB_URBAN,STREET,5,8.0
161262,4,6,171,5,1,60.0,0,N,RURAL_VICTORIA,ROAD,5,12.0
161263,1,1,140,5,1,50.0,0,N,MELB_URBAN,STREET,3,11.0
161264,2,7,100,5,1,50.0,0,N,UNKNOWN,STREET,4,14.0
161265,1,7,130,5,1,60.0,0,N,MELB_URBAN,ROAD,5,12.0
161266,5,7,99,2,1,80.0,0,I,RURAL_VICTORIA,ROAD,5,12.0
161267,1,1,110,1,1,50.0,0,I,LARGE_PROVINCIAL_CITIES,STREET,5,11.0
161268,8,3,99,5,1,60.0,0,N,MELB_URBAN,STREET,2,11.0
161269,5,1,99,5,1,60.0,0,N,RURAL_VICTORIA,ROAD,5,11.0
161270,6,7,184,5,1,100.0,0,N,RURAL_VICTORIA,ROAD,5,13.0
161271,1,7,113,1,2,50.0,0,I,MELB_URBAN,STREET,5,16.0
161272,2,7,99,2,2,40.0,0,I,MELB_URBAN,ROAD,5,17.0
161273,1,7,140,5,2,100.0,0,N,RURAL_VICTORIA,ROAD,5,17.0
161274,1,2,113,1,1,60.0,0,I,SMALL_CITIES,AVENUE,5,14.0
161275,5,6,99,5,2,100.0,0,N,RURAL_VICTORIA,ROAD,5,18.0
161276,1,7,99,5,2,60.0,0,N,MELB_URBAN,STREET,5,19.0
161277,1,6,99,5,1,50.0,0,N,MELB_URBAN,STREET,5,14.0
161278,1,6,130,5,3,60.0,0,N,MELB_URBAN,ROAD,5,1.0
161279,4,7,173,5,1,100.0,1,N,RURAL_VICTORIA,ROAD,5,16.0
161280,2,7,102,2,3,60.0,0,N,MELB_URBAN,ROAD,5,19.0
161281,2,7,102,5,3,40.0,0,N,MELB_URBAN,STREET,5,21.0
161282,4,6,171,5,3,60.0,0,N,MELB_URBAN,ROAD,5,1.0
161283,1,7,133,5,3,60.0,0,N,MELB_URBAN,RAMP,5,20.0
161284,1,6,111,2,3,60.0,0,I,RURAL_VICTORIA,ROAD,5,22.0
161285,1,7,99,5,3,60.0,0,N,SMALL_CITIES,STREET,5,23.0
161286,4,6,173,5,3,80.0,0,N,MELB_URBAN,ROAD,5,22.0
161287,4,1,173,5,3,70.0,0,N,MELB_URBAN,ROAD,5,1.0
161288,4,1,173,5,3,80.0,0,N,MELB_URBAN,STREET,5,2.0
161289,1,6,130,5,6,40.0,0,N,MELB_URBAN,BOULEVARD,5,20.0
161290,4,1,183,5,3,50.0,0,N,SMALL_CITIES,BOULEVARD,5,5.0
161291,1,1,130,5,1,100.0,0,N,MELB_URBAN,FREEWAY,5,8.0
161292,1,1,111,4,2,70.0,0,I,MELB_URBAN,ROAD,5,6.0
161293,1,7,121,1,1,60.0,0,I,MELB_URBAN,STREET,5,11.0
161294,4,0,171,5,1,50.0,0,N,MELB_URBAN,STREET,5,9.0
161295,4,1,171,5,1,110.0,0,N,RURAL_VICTORIA,FREEWAY,5,11.0
161296,1,7,163,5,1,40.0,0,N,MELB_URBAN,STREET,5,15.0
161297,1,1,134,1,1,80.0,0,I,MELB_URBAN,ROAD,5,11.0
161298,2,7,100,2,1,60.0,0,I,MELB_URBAN,ROAD,5,12.0
161299,1,1,111,4,1,60.0,0,I,RURAL_VICTORIA,ROAD,5,12.0
161300,6,1,99,2,1,100.0,0,I,RURAL_VICTORIA,ROAD,5,7.0
161301,4,1,171,5,1,80.0,0,N,RURAL_VICTORIA,ROAD,5,10.0
161302,1,0,113,1,1,60.0,0,I,MELB_URBAN,AVENUE,5,13.0
161303,1,0,121,2,1,60.0,0,I,MELB_URBAN,ROAD,5,14.0
161304,6,0,170,5,1,100.0,0,N,RURAL_VICTORIA,ROAD,5,10.0
161305,4,1,171,5,1,100.0,0,N,RURAL_VICTORIA,OTHER,5,13.0
161306,1,6,121,2,3,40.0,0,I,MELB_URBAN,STREET,5,21.0
161307,7,7,99,5,1,60.0,0,N,RURAL_VICTORIA,ROAD,5,15.0
161308,6,0,99,5,1,80.0,0,N,RURAL_VICTORIA,ROAD,5,13.0
161309,1,0,121,1,1,60.0,0,N,MELB_URBAN,ROAD,5,16.0
161310,1,1,110,1,1,50.0,0,I,SMALL_TOWNS,STREET,5,16.0
161311,4,1,171,5,2,60.0,0,N,MELB_URBAN,DRIVE,5,17.0
161312,8,7,174,5,1,80.0,0,N,RURAL_VICTORIA,ROAD,5,12.0
161313,1,1,120,2,3,60.0,0,N,MELB_URBAN,BOULEVARD,5,17.0
161314,4,1,99,2,5,80.0,0,I,RURAL_VICTORIA,OTHER,5,17.0
161315,4,1,173,5,3,80.0,0,N,MELB_URBAN,FREEWAY,5,18.0
161316,1,1,99,2,3,60.0,0,I,MELB_URBAN,STREET,5,18.0
161317,1,0,99,5,2,50.0,0,N,MELB_URBAN,STREET,5,16.0
161318,1,2,120,5,3,70.0,0,N,MELB_URBAN,ROAD,5,4.0
161319,6,2,174,1,2,60.0,0,I,LARGE_PROVINCIAL_CITIES,STREET,5,5.0
161320,4,6,173,5,2,80.0,0,N,LARGE_PROVINCIAL_CITIES,ROAD,5,16.0
161321,1,1,99,5,2,60.0,0,N,MELB_URBAN,ROAD,5,18.0
161322,1,1,110,1,9,60.0,0,I,SMALL_CITIES,ROAD,5,19.0
161323,1,2,99,5,1,100.0,0,N,MELB_URBAN,FREEWAY,5,8.0
161324,6,6,174,1,9,60.0,0,I,RURAL_VICTORIA,ROAD,5,10.0
161325,2,2,99,5,1,50.0,0,N,TOWNS,STREET,5,8.0
161326,8,1,184,5,1,60.0,0,N,RURAL_VICTORIA,ROAD,5,16.0
161327,1,2,130,2,1,60.0,0,N,MELB_URBAN,ROAD,5,11.0
161328,1,2,121,2,3,60.0,0,I,MELB_URBAN,OTHER,5,6.0
161329,1,2,110,1,1,50.0,0,I,MELB_URBAN,AVENUE,5,8.0
161330,4,5,181,5,2,80.0,0,N,UNKNOWN,RAMP,4,17.0
161331,4,5,171,5,5,100.0,0,N,RURAL_VICTORIA,ROAD,5,20.0
161332,1,2,130,5,1,60.0,0,N,MELB_URBAN,ROAD,5,11.0
161333,8,6,99,5,2,60.0,0,I,RURAL_VICTORIA,ROAD,5,9.0
161334,1,5,130,1,9,80.0,0,N,RURAL_VICTORIA,ROAD,5,15.0
161335,2,1,100,1,1,60.0,0,I,MELB_URBAN,ROAD,5,9.0
161336,7,4,99,5,2,80.0,0,N,RURAL_VICTORIA,ROAD,5,16.0
161337,1,6,163,5,9,60.0,0,N,MELB_URBAN,STREET,5,20.0
161338,2,5,102,2,9,50.0,0,I,MELB_URBAN,STREET,5,23.0
161339,2,5,99,5,1,50.0,0,N,MELB_URBAN,ROAD,1,14.0
161340,1,1,120,1,1,40.0,0,N,MELB_URBAN,STREET,5,16.0
161341,1,2,120,5,1,50.0,0,N,SMALL_CITIES,DRIVE,5,13.0
161342,1,1,160,5,1,50.0,0,N,MELB_URBAN,UNKNOWN,5,14.0
161343,1,1,130,1,1,60.0,0,I,RURAL_VICTORIA,AVENUE,5,15.0
161344,2,2,99,5,1,50.0,0,N,MELB_URBAN,ROAD,5,13.0
161345,1,2,130,1,1,60.0,0,N,LARGE_PROVINCIAL_CITIES,STREET,5,16.0
161346,1,3,130,1,3,60.0,0,I,MELB_URBAN,STREET,5,18.0
161347,5,2,173,2,3,60.0,0,N,LARGE_PROVINCIAL_CITIES,OTHER,5,18.0
161348,1,2,130,5,2,80.0,0,N,MELB_URBAN,FREEWAY,5,17.0
161349,4,2,99,5,5,100.0,0,I,RURAL_VICTORIA,ROAD,5,17.0
161350,2,1,100,1,1,60.0,0,I,MELB_URBAN,ROAD,5,15.0
161351,4,2,171,5,3,70.0,0,N,TOWNS,OTHER,5,20.0
161352,1,2,120,5,3,60.0,0,N,MELB_URBAN,ROAD,5,19.0
161353,1,2,113,2,3,60.0,0,I,MELB_URBAN,OTHER,5,0.0
161354,4,3,183,2,3,80.0,0,I,MELB_URBAN,HIGHWAY,5,2.0
161355,1,1,113,2,1,40.0,0,I,MELB_URBAN,STREET,5,10.0
161356,1,2,99,5,1,60.0,0,N,LARGE_PROVINCIAL_CITIES,STREET,5,9.0
161357,3,3,167,5,5,100.0,0,N,RURAL_VICTORIA,HIGHWAY,5,5.0
161358,1,7,121,1,3,60.0,0,I,MELB_URBAN,ROAD,5,20.0
161359,4,6,99,5,5,100.0,0,N,RURAL_VICTORIA,ROAD,5,21.0
161360,1,2,110,1,1,40.0,0,I,SMALL_CITIES,STREET,5,7.0
161361,1,2,111,1,1,60.0,0,I,LARGE_PROVINCIAL_CITIES,STREET,5,14.0
161362,1,2,130,2,1,60.0,0,I,MELB_URBAN,STREET,5,14.0
161363,1,2,130,5,1,80.0,0,N,SMALL_TOWNS,ROAD,5,8.0
161364,1,3,113,1,1,70.0,0,I,LARGE_PROVINCIAL_CITIES,STREET,5,9.0
161365,1,2,160,1,2,50.0,0,N,MELB_URBAN,PARADE,5,6.0
161366,1,7,160,5,3,60.0,0,N,LARGE_PROVINCIAL_CITIES,ROAD,5,21.0
161367,1,2,116,2,1,50.0,0,I,MELB_URBAN,STREET,5,9.0
161368,1,5,121,1,1,60.0,0,I,MELB_URBAN,ROAD,4,15.0
161369,1,1,135,5,1,80.0,0,I,SMALL_CITIES,HIGHWAY,5,9.0
161370,1,3,163,5,1,60.0,0,N,MELB_URBAN,STREET,5,9.0
161371,8,1,99,5,5,100.0,0,N,RURAL_VICTORIA,ROAD,5,19.0
161372,1,1,160,5,3,60.0,0,N,MELB_URBAN,ROAD,5,19.0
161373,4,3,171,5,1,70.0,0,N,MELB_URBAN,ROAD,5,11.0
161374,1,4,121,1,3,60.0,0,I,MELB_URBAN,STREET,5,19.0
161375,1,4,134,5,3,70.0,0,N,MELB_URBAN,ROAD,5,19.0
161376,6,2,99,5,1,100.0,0,N,RURAL_VICTORIA,ROAD,5,11.0
161377,1,3,130,5,1,100.0,0,N,RURAL_VICTORIA,FREEWAY,5,7.0
161378,1,3,130,5,1,80.0,0,N,MELB_URBAN,ROAD,5,8.0
161379,7,6,99,5,2,60.0,0,N,MELB_URBAN,ROAD,5,18.0
161380,4,3,173,5,1,60.0,0,N,LARGE_PROVINCIAL_CITIES,ROAD,5,13.0
161381,1,2,135,5,1,40.0,0,N,MELB_URBAN,PARADE,5,13.0
161382,6,3,99,5,1,60.0,0,N,MELB_URBAN,ROAD,5,12.0
161383,1,5,130,5,1,80.0,0,N,RURAL_VICTORIA,HIGHWAY,5,15.0
161384,4,3,181,5,1,110.0,0,N,RURAL_VICTORIA,FREEWAY,5,13.0
161385,2,3,99,5,3,70.0,1,N,MELB_URBAN,ROAD,5,5.0
161386,1,2,121,1,1,80.0,0,I,MELB_URBAN,ROAD,5,11.0
161387,6,3,174,5,1,60.0,0,N,MELB_URBAN,ROAD,5,8.0
161388,1,7,110,1,2,30.0,0,I,MELB_URBAN,STREET,1,20.0
161389,1,6,130,5,6,80.0,0,N,MELB_URBAN,FREEWAY,5,18.0
161390,1,3,133,5,1,60.0,0,N,MELB_URBAN,HIGHWAY,5,13.0
161391,1,1,130,5,2,70.0,0,N,MELB_URBAN,OTHER,5,17.0
161392,4,6,181,5,3,80.0,0,N,RURAL_VICTORIA,ROAD,4,22.0
161393,1,3,121,1,1,50.0,0,I,MELB_URBAN,ROAD,5,12.0
161394,2,3,102,2,1,40.0,0,I,MELB_URBAN,ROAD,5,15.0
161395,4,3,171,2,2,60.0,0,I,MELB_URBAN,ROAD,5,16.0
161396,1,3,113,2,1,60.0,0,I,MELB_URBAN,ROAD,5,15.0
161397,1,2,130,5,9,100.0,0,N,MELB_URBAN,FREEWAY,5,17.0
161398,1,3,130,5,2,100.0,0,N,MELB_URBAN,UNKNOWN,5,16.0
161399,1,3,130,5,3,80.0,0,N,RURAL_VICTORIA,ROAD,5,17.0
161400,1,2,130,5,3,100.0,0,N,MELB_URBAN,ROAD,5,17.0
161401,1,3,121,5,3,60.0,0,N,SMALL_CITIES,ROAD,5,19.0
161402,1,2,121,1,3,60.0,0,N,MELB_URBAN,ROAD,5,19.0
161403,1,2,160,5,3,50.0,0,N,MELB_URBAN,STREET,5,1.0
161404,1,5,99,2,2,60.0,0,I,MELB_URBAN,ROAD,4,17.0
161405,4,3,171,2,1,50.0,0,N,LARGE_PROVINCIAL_CITIES,AVENUE,5,15.0
161406,4,2,171,2,3,50.0,0,I,MELB_URBAN,ROAD,5,17.0
161407,1,3,113,1,3,50.0,0,I,SMALL_CITIES,ROAD,5,17.0
161408,1,3,121,2,1,70.0,0,N,MELB_URBAN,STREET,5,12.0
161409,1,4,121,2,1,40.0,0,I,MELB_URBAN,STREET,5,11.0
161410,1,5,121,1,3,70.0,0,N,MELB_URBAN,ROAD,4,21.0
161411,1,3,99,5,2,60.0,0,N,LARGE_PROVINCIAL_CITIES,STREET,5,6.0
161412,1,3,130,1,1,40.0,0,I,LARGE_PROVINCIAL_CITIES,ROAD,3,8.0
161413,1,4,130,5,1,60.0,0,N,MELB_URBAN,ROAD,5,9.0
161414,1,4,130,1,1,40.0,0,I,MELB_URBAN,ROAD,5,8.0
161415,1,5,110,1,1,60.0,0,I,SMALL_CITIES,STREET,5,10.0
161416,1,4,130,2,1,60.0,0,N,SMALL_CITIES,ROAD,5,8.0
161417,1,6,147,5,1,60.0,0,N,RURAL_VICTORIA,ROAD,5,15.0
161418,1,2,99,1,1,40.0,0,I,MELB_URBAN,STREET,5,8.0
161419,1,1,130,5,9,60.0,0,N,MELB_URBAN,RAMP,4,9.0
161420,1,6,113,1,1,70.0,0,N,MELB_URBAN,DRIVE,4,12.0
161421,1,3,130,2,1,80.0,0,N,MELB_URBAN,ROAD,5,16.0
161422,1,5,163,5,1,40.0,0,N,MELB_URBAN,AVENUE,3,13.0
161423,1,4,113,4,2,80.0,0,I,RURAL_VICTORIA,HIGHWAY,5,7.0
161424,3,2,167,5,2,80.0,0,N,RURAL_VICTORIA,ROAD,5,17.0
161425,1,6,130,5,1,60.0,0,N,MELB_URBAN,ROAD,4,16.0
161426,1,4,130,5,1,80.0,0,N,MELB_URBAN,ROAD,5,9.0
161427,1,4,130,5,2,80.0,0,N,MELB_URBAN,ROAD,5,6.0
161428,1,4,130,5,1,80.0,0,I,MELB_URBAN,HIGHWAY,5,10.0
161429,6,4,174,1,1,60.0,0,I,MELB_URBAN,ROAD,4,11.0
161430,6,3,170,5,1,100.0,0,N,RURAL_VICTORIA,ROAD,5,14.0
161431,2,4,102,2,1,40.0,0,N,MELB_URBAN,OTHER,5,7.0
161432,1,4,120,5,1,80.0,0,N,TOWNS,HIGHWAY,5,10.0
161433,2,3,100,1,1,60.0,0,N,MELB_URBAN,ROAD,5,10.0
161434,1,4,120,5,2,50.0,0,N,MELB_URBAN,ROAD,5,6.0
161435,1,4,113,2,1,50.0,0,I,MELB_URBAN,STREET,5,13.0
161436,1,4,110,1,1,60.0,0,I,MELB_URBAN,ROAD,5,12.0
161437,1,4,130,2,1,40.0,0,I,SMALL_CITIES,ROAD,5,13.0
161438,1,6,99,1,9,40.0,0,I,LARGE_PROVINCIAL_CITIES,AVENUE,2,16.0
161439,1,2,130,5,1,60.0,0,N,LARGE_PROVINCIAL_CITIES,ROAD,5,15.0
161440,1,4,111,1,1,60.0,0,I,LARGE_PROVINCIAL_CITIES,ROAD,5,13.0
161441,1,3,130,1,1,80.0,0,I,MELB_URBAN,ROAD,5,14.0
161442,1,3,99,1,3,40.0,0,I,MELBOURNE_CBD,STREET,5,20.0
161443,1,2,147,5,1,60.0,0,N,MELB_URBAN,STREET,4,10.0
161444,4,4,181,5,1,60.0,0,N,MELB_URBAN,ROAD,5,15.0
161445,1,3,130,5,2,80.0,0,N,MELB_URBAN,OTHER,5,17.0
161446,2,4,100,2,1,60.0,0,I,MELB_URBAN,ROAD,5,16.0
161447,2,4,100,5,3,50.0,0,N,MELB_URBAN,OTHER,5,17.0
161448,1,3,121,1,3,60.0,0,I,RURAL_VICTORIA,ROAD,5,18.0
161449,6,4,184,5,1,60.0,0,N,RURAL_VICTORIA,OTHER,5,12.0
161450,1,4,110,1,1,60.0,0,I,SMALL_CITIES,PARADE,5,15.0
161451,1,4,113,2,3,80.0,0,I,MELB_URBAN,ROAD,5,21.0
161452,3,3,167,5,5,100.0,0,N,RURAL_VICTORIA,ROAD,5,19.0
161453,1,4,113,1,5,80.0,0,N,MELB_URBAN,AVENUE,5,18.0
161454,4,4,171,5,3,70.0,0,N,LARGE_PROVINCIAL_CITIES,ROAD,5,23.0
161455,1,3,116,2,3,50.0,0,I,TOWNS,ROAD,5,22.0
161456,4,4,171,5,3,60.0,0,N,MELB_URBAN,ROAD,5,23.0
161457,1,3,130,2,1,80.0,0,N,MELB_URBAN,RAMP,5,14.0
161458,1,5,130,5,2,100.0,0,N,RURAL_VICTORIA,HIGHWAY,5,6.0
161459,1,7,99,5,1,80.0,0,N,MELB_URBAN,ROAD,12,11.0
161460,1,5,110,1,2,80.0,0,I,MELB_URBAN,ROAD,5,5.0
161461,1,6,130,2,2,50.0,0,I,MELB_URBAN,ROAD,5,16.0
161462,1,5,121,2,1,80.0,0,I,MELB_URBAN,ROAD,5,9.0
161463,8,0,174,2,2,50.0,0,I,RURAL_VICTORIA,AVENUE,5,16.0
161464,4,5,181,5,1,100.0,0,N,RURAL_VICTORIA,ROAD,5,9.0
161465,6,7,174,2,9,60.0,0,I,MELB_URBAN,ROAD,4,16.0
161466,1,5,111,1,2,80.0,0,N,MELB_URBAN,ROAD,5,6.0
161467,4,5,173,2,1,100.0,0,I,RURAL_VICTORIA,ROAD,5,11.0
161468,8,3,174,5,1,40.0,0,N,MELB_URBAN,ROAD,3,13.0
161469,1,5,121,1,1,50.0,0,I,LARGE_PROVINCIAL_CITIES,STREET,5,12.0
161470,1,3,99,5,3,50.0,0,N,MELB_URBAN,AVENUE,5,18.0
161471,1,7,130,5,2,70.0,0,N,MELB_URBAN,RAMP,12,19.0
161472,4,7,171,2,1,100.0,0,I,RURAL_VICTORIA,ROAD,12,10.0
161473,1,4,99,2,1,60.0,0,N,MELB_URBAN,STREET,5,8.0
161474,1,5,130,5,1,100.0,0,N,MELB_URBAN,ROAD,5,12.0
161475,1,5,130,1,2,80.0,0,I,RURAL_VICTORIA,ROAD,2,6.0
161476,4,3,173,5,5,110.0,0,N,RURAL_VICTORIA,FREEWAY,5,20.0
161477,1,3,113,2,2,60.0,0,I,LARGE_PROVINCIAL_CITIES,OTHER,5,8.0
161478,1,4,113,2,1,90.0,0,I,RURAL_VICTORIA,ROAD,5,15.0
161479,1,5,130,5,1,50.0,0,N,MELB_URBAN,ROAD,4,11.0
161480,1,1,130,2,3,60.0,0,I,MELB_URBAN,STREET,5,18.0
161481,1,4,130,2,2,60.0,0,I,MELB_URBAN,STREET,5,16.0
161482,1,4,130,1,2,60.0,0,N,LARGE_PROVINCIAL_CITIES,ROAD,5,17.0
161483,6,5,170,5,1,100.0,0,N,RURAL_VICTORIA,ROAD,5,14.0
161484,1,5,130,5,1,60.0,0,N,MELB_URBAN,STREET,6,13.0
161485,1,5,99,2,3,60.0,0,I,MELB_URBAN,ROAD,5,18.0
161486,1,4,99,1,2,80.0,0,N,MELB_URBAN,ROAD,5,17.0
161487,1,4,116,2,1,80.0,0,I,MELB_URBAN,ROAD,5,15.0
161488,1,5,110,1,2,50.0,0,I,MELB_URBAN,STREET,5,8.0
161489,2,5,102,1,3,60.0,0,I,MELB_URBAN,STREET,5,21.0
161490,1,4,121,5,3,80.0,0,N,MELB_URBAN,HIGHWAY,5,20.0
161491,1,5,111,1,3,40.0,0,I,LARGE_PROVINCIAL_CITIES,ROAD,5,20.0
161492,4,5,173,9,3,60.0,0,N,MELB_URBAN,ROAD,5,21.0
161493,4,5,173,5,3,80.0,0,N,MELB_URBAN,ROAD,5,21.0
161494,4,2,99,5,2,50.0,0,N,MELB_URBAN,ROAD,5,6.0
161495,4,5,173,5,3,60.0,0,N,RURAL_VICTORIA,ROAD,5,23.0
161496,1,0,110,1,3,60.0,0,I,SMALL_CITIES,STREET,5,18.0
161497,6,3,174,2,9,50.0,0,I,MELB_URBAN,ROAD,5,7.0
161498,1,6,99,2,1,60.0,0,I,MELB_URBAN,ROAD,5,8.0
161499,1,5,110,1,9,50.0,0,I,LARGE_PROVINCIAL_CITIES,STREET,5,8.0
161500,2,6,102,1,1,60.0,0,N,MELB_URBAN,PARADE,5,9.0
161501,1,5,110,1,1,60.0,0,I,MELB_URBAN,AVENUE,5,8.0
161502,2,6,99,5,1,50.0,0,N,SMALL_CITIES,STREET,5,8.0
161503,8,4,99,5,1,50.0,0,N,SMALL_CITIES,STREET,5,11.0
161504,1,0,130,5,1,60.0,0,I,MELB_URBAN,OTHER,5,15.0
161505,1,6,120,5,1,80.0,0,N,RURAL_VICTORIA,ROAD,5,8.0
161506,1,5,130,5,1,60.0,0,N,RURAL_VICTORIA,HIGHWAY,5,9.0
161507,1,7,135,5,5,110.0,0,N,RURAL_VICTORIA,FREEWAY,4,22.0
161508,1,6,163,5,9,60.0,0,N,MELB_URBAN,STREET,5,6.0
161509,4,5,183,5,2,100.0,0,N,RURAL_VICTORIA,HIGHWAY,5,7.0
161510,4,5,171,5,1,100.0,0,N,RURAL_VICTORIA,ROAD,5,17.0
161511,2,5,100,5,1,50.0,0,N,MELB_URBAN,PARADE,5,8.0
161512,1,5,130,2,1,60.0,0,I,MELB_URBAN,ROAD,5,7.0
161513,4,7,181,5,1,100.0,0,N,RURAL_VICTORIA,ROAD,5,8.0
161514,1,0,99,5,9,70.0,0,N,MELB_URBAN,STREET,5,11.0
161515,1,4,130,5,1,100.0,0,N,RURAL_VICTORIA,HIGHWAY,4,10.0
161516,1,3,113,2,1,60.0,0,I,MELB_URBAN,STREET,5,11.0
161517,1,5,160,5,2,50.0,0,I,MELB_URBAN,OTHER,5,6.0
161518,1,6,120,5,1,80.0,0,N,RURAL_VICTORIA,ROAD,5,8.0
161519,1,6,135,5,1,60.0,0,N,MELB_URBAN,ROAD,4,10.0
161520,1,6,120,5,1,80.0,0,N,RURAL_VICTORIA,HIGHWAY,5,8.0
161521,1,5,135,1,1,60.0,0,N,MELB_URBAN,ROAD,5,12.0
161522,1,3,99,5,1,60.0,0,N,MELB_URBAN,ROAD,5,13.0
161523,1,5,111,2,2,60.0,0,I,TOWNS,ROAD,5,17.0
161524,4,5,171,5,1,60.0,0,N,MELB_URBAN,ROAD,5,11.0
161525,2,6,100,1,2,60.0,0,N,MELB_URBAN,AVENUE,5,6.0
161526,1,5,130,1,2,80.0,0,N,MELB_URBAN,ROAD,5,8.0
161527,1,5,99,5,1,60.0,0,N,MELB_URBAN,ROAD,5,15.0
161528,4,7,99,2,2,50.0,0,N,MELB_URBAN,BOULEVARD,1,8.0
161529,4,6,183,5,1,80.0,0,N,MELB_URBAN,RAMP,5,7.0
161530,1,5,99,2,1,70.0,0,I,SMALL_CITIES,STREET,12,15.0