,accident_type,day_of_week,dca_code,road_geometry,light_condition,speed_zone,severity,node_type,deg_urban_name,road_type,month,hour
161531,1,6,160,5,1,50.0,0,N,MELB_URBAN,OTHER,5,13.0
161532,4,6,171,5,1,100.0,1,N,RURAL_VICTORIA,HIGHWAY,5,11.0
161533,8,6,174,5,1,70.0,0,N,MELB_URBAN,ROAD,5,15.0
161534,1,3,130,5,2,70.0,0,N,MELB_URBAN,ROAD,5,7.0
161535,8,6,174,5,2,60.0,0,N,RURAL_VICTORIA,UNKNOWN,5,16.0
161536,1,6,121,1,1,100.0,0,I,RURAL_VICTORIA,HIGHWAY,5,16.0
161537,4,1,171,5,1,100.0,0,N,RURAL_VICTORIA,HIGHWAY,4,8.0
161538,8,5,170,1,1,50.0,0,I,SMALL_CITIES,AVENUE,5,15.0
161539,6,5,174,5,1,60.0,0,N,MELB_URBAN,ROAD,5,16.0
161540,2,5,99,5,1,50.0,0,N,TOWNS,STREET,5,16.0
161541,1,6,99,2,2,60.0,0,I,RURAL_VICTORIA,DRIVE,5,17.0
161542,1,5,163,5,1,50.0,0,N,MELB_URBAN,STREET,5,15.0
161543,2,6,100,2,3,50.0,0,I,MELB_URBAN,AVENUE,5,19.0
161544,1,5,130,5,5,80.0,0,N,MELB_URBAN,OTHER,5,18.0
161545,1,6,113,2,3,80.0,0,I,SMALL_CITIES,HIGHWAY,5,17.0
161546,1,6,130,5,2,100.0,0,N,MELB_URBAN,FREEWAY,5,17.0
161547,1,6,130,5,5,100.0,0,I,MELB_URBAN,FREEWAY,5,18.0
161548,1,6,110,1,3,50.0,0,I,MELB_URBAN,STREET,5,18.0
161549,1,2,130,3,3,80.0,0,I,MELB_URBAN,HIGHWAY,5,0.0
161550,1,6,121,2,5,40.0,0,I,MELB_URBAN,ROAD,5,18.0
161551,2,6,99,5,2,50.0,0,N,MELB_URBAN,STREET,5,16.0
161552,1,5,121,1,3,80.0,0,I,MELB_URBAN,HIGHWAY,5,20.0
161553,1,5,99,2,3,40.0,0,N,MELBOURNE_CBD,STREET,5,22.0
161554,1,6,130,1,3,50.0,0,I,MELB_URBAN,ROAD,5,20.0
161555,1,6,121,1,3,60.0,0,I,MELB_URBAN,ROAD,5,7.0
161556,1,6,121,2,3,60.0,0,I,MELB_URBAN,DRIVE,5,4.0
161557,1,5,113,1,3,60.0,0,I,MELB_URBAN,ROAD,5,22.0
161558,1,6,160,5,3,60.0,0,N,MELB_URBAN,ROAD,5,17.0
161559,1,6,110,1,3,70.0,1,I,MELB_URBAN,BOULEVARD,5,23.0
161560,1,6,130,2,5,80.0,0,I,RURAL_VICTORIA,ROAD,5,0.0
161561,1,5,116,2,3,50.0,0,I,MELB_URBAN,STREET,5,21.0
161562,4,7,173,5,5,80.0,0,N,RURAL_VICTORIA,HIGHWAY,5,3.0
161563,4,5,99,5,1,50.0,0,N,RURAL_VICTORIA,ROAD,2,9.0
161564,1,6,130,5,3,80.0,0,N,MELB_URBAN,ROAD,5,5.0
161565,1,6,121,2,2,50.0,0,I,SMALL_CITIES,STREET,5,6.0
161566,4,7,171,5,5,60.0,0,N,RURAL_VICTORIA,ROAD,5,4.0
161567,1,7,110,1,1,60.0,0,I,SMALL_CITIES,ROAD,5,8.0
161568,1,6,130,1,1,40.0,0,N,MELB_URBAN,ROAD,5,9.0
161569,4,7,181,5,1,100.0,0,N,RURAL_VICTORIA,ROAD,5,9.0
161570,4,7,173,5,1,100.0,0,N,RURAL_VICTORIA,HIGHWAY,5,7.0
161571,8,5,170,5,2,60.0,0,N,MELB_URBAN,ROAD,5,18.0
161572,6,1,99,5,1,100.0,0,N,RURAL_VICTORIA,ROAD,4,14.0
161573,1,7,110,1,1,60.0,0,I,MELB_URBAN,ROAD,5,10.0
161574,1,7,121,2,1,60.0,0,I,MELB_URBAN,ROAD,5,12.0
161575,1,6,121,2,1,60.0,0,I,MELB_URBAN,ROAD,5,11.0
161576,4,1,173,5,5,80.0,0,N,MELB_URBAN,FREEWAY,5,22.0
161577,1,5,130,2,1,60.0,0,I,MELB_URBAN,ROAD,5,15.0
161578,1,7,99,5,1,70.0,0,N,MELB_URBAN,ROAD,5,10.0
161579,1,5,113,2,1,60.0,0,I,MELB_URBAN,ROAD,5,13.0
161580,2,7,100,5,1,40.0,0,N,SMALL_CITIES,STREET,4,12.0
161581,1,7,133,5,1,60.0,0,N,MELB_URBAN,ROAD,5,13.0
161582,4,7,173,5,1,80.0,1,N,RURAL_VICTORIA,ROAD,5,13.0
161583,1,7,130,2,1,70.0,0,N,MELB_URBAN,ROAD,5,14.0
161584,1,6,99,4,1,60.0,0,N,MELB_URBAN,ROAD,5,14.0
161585,1,7,116,2,1,60.0,0,I,MELB_URBAN,ROAD,5,7.0
161586,1,6,130,2,1,80.0,0,I,MELB_URBAN,HIGHWAY,5,14.0
161587,1,4,99,5,1,60.0,0,N,MELB_URBAN,STREET,5,15.0
161588,1,7,130,5,1,60.0,0,N,MELB_URBAN,RAMP,5,16.0
161589,1,7,130,5,1,80.0,0,N,MELB_URBAN,FREEWAY,5,14.0
161590,1,7,130,5,2,60.0,0,N,MELB_URBAN,ROAD,5,18.0
161591,1,6,99,5,3,50.0,0,N,SMALL_CITIES,STREET,5,19.0
161592,2,5,100,3,2,50.0,0,I,MELB_URBAN,STREET,5,18.0
161593,1,7,133,5,3,60.0,0,N,MELB_URBAN,ROAD,5,21.0
161594,4,7,183,5,5,60.0,0,N,RURAL_VICTORIA,ROAD,5,20.0
161595,4,7,171,5,5,100.0,0,N,RURAL_VICTORIA,ROAD,5,22.0
161596,4,7,171,5,1,100.0,1,N,RURAL_VICTORIA,ROAD,5,1.0
161597,1,1,121,1,3,40.0,0,I,MELB_URBAN,STREET,5,1.0
161598,1,7,110,1,5,50.0,0,I,TOWNS,STREET,5,23.0
161599,4,1,99,2,3,50.0,0,I,TOWNS,STREET,5,3.0
161600,1,1,120,5,3,60.0,0,N,MELB_URBAN,ROAD,5,2.0
161601,4,1,171,5,5,80.0,0,N,MELB_URBAN,ROAD,5,3.0
161602,2,1,102,1,3,60.0,0,N,MELB_URBAN,ROAD,5,17.0
161603,4,1,171,5,3,40.0,0,N,MELB_URBAN,STREET,5,1.0
161604,4,7,173,5,3,70.0,0,N,MELB_URBAN,ROAD,5,23.0
161605,1,2,110,1,1,60.0,0,I,MELB_URBAN,ROAD,4,9.0
161606,1,6,110,1,1,60.0,0,I,SMALL_CITIES,ROAD,5,11.0
161607,1,1,110,1,2,60.0,0,I,MELB_URBAN,ROAD,5,7.0
161608,1,1,120,5,3,60.0,0,N,RURAL_VICTORIA,ROAD,5,5.0
161609,1,5,130,5,1,80.0,0,N,MELB_URBAN,HIGHWAY,5,9.0
161610,6,7,99,5,1,60.0,0,N,RURAL_VICTORIA,ROAD,5,11.0
161611,1,1,130,5,1,60.0,0,N,MELB_URBAN,ROAD,5,12.0
161612,1,1,120,5,1,60.0,0,N,MELB_URBAN,ROAD,5,12.0
161613,1,1,121,1,1,60.0,0,I,MELB_URBAN,ROAD,5,11.0
161614,1,1,120,5,1,40.0,0,N,MELB_URBAN,STREET,5,14.0
161615,1,4,130,5,1,60.0,0,N,SMALL_TOWNS,HIGHWAY,5,13.0
161616,4,1,171,2,1,50.0,1,I,MELB_URBAN,DRIVE,5,7.0
161617,2,1,102,1,1,50.0,0,I,MELB_URBAN,DRIVE,5,8.0
161618,1,6,113,2,9,60.0,0,I,RURAL_VICTORIA,ROAD,5,16.0
161619,1,1,130,5,1,60.0,0,N,MELB_URBAN,STREET,5,10.0
161620,1,7,111,2,5,60.0,0,N,LARGE_PROVINCIAL_CITIES,PARADE,5,19.0
161621,1,0,130,1,2,80.0,0,N,RURAL_VICTORIA,HIGHWAY,5,16.0
161622,1,1,113,2,3,80.0,0,I,MELB_URBAN,HIGHWAY,5,20.0
161623,1,1,110,1,2,60.0,0,I,MELB_URBAN,ROAD,5,16.0
161624,2,1,100,2,3,60.0,0,N,MELB_URBAN,AVENUE,5,18.0
161625,1,7,121,2,3,60.0,0,N,MELB_URBAN,DRIVE,5,21.0
161626,2,1,100,5,3,50.0,0,N,MELB_URBAN,STREET,5,17.0
161627,1,7,113,2,1,50.0,0,I,MELB_URBAN,OTHER,5,16.0
161628,1,6,130,5,1,60.0,0,N,MELB_URBAN,ROAD,3,13.0
161629,4,1,173,5,5,80.0,0,N,RURAL_VICTORIA,ROAD,5,1.0
161630,4,1,171,2,3,60.0,0,I,MELB_URBAN,ROAD,5,0.0
161631,1,2,121,2,3,60.0,0,I,MELB_URBAN,ROAD,5,5.0
161632,1,1,130,2,6,60.0,0,N,MELB_URBAN,PARADE,5,6.0
161633,4,3,171,5,6,80.0,0,N,RURAL_VICTORIA,ROAD,5,20.0
161634,4,2,99,5,2,60.0,0,N,RURAL_VICTORIA,HIGHWAY,5,6.0
161635,4,2,183,5,1,80.0,0,N,RURAL_VICTORIA,ROAD,5,7.0
161636,1,2,130,5,1,70.0,0,N,MELB_URBAN,ROAD,4,11.0
161637,2,1,100,1,1,50.0,0,N,MELB_URBAN,ROAD,5,9.0
161638,4,5,181,5,5,50.0,0,N,MELB_URBAN,OTHER,5,23.0
161639,1,2,121,5,1,60.0,0,N,MELB_URBAN,STREET,5,10.0
161640,1,1,130,5,1,60.0,0,N,MELB_URBAN,ROAD,5,14.0
161641,1,5,110,1,2,40.0,0,I,MELB_URBAN,STREET,5,17.0
161642,1,6,160,5,5,50.0,0,N,MELB_URBAN,STREET,4,5.0
161643,1,1,110,1,1,50.0,0,I,MELB_URBAN,ROAD,5,12.0
161644,1,2,110,1,1,80.0,0,I,MELB_URBAN,ROAD,5,11.0
161645,1,2,135,5,1,80.0,0,N,MELB_URBAN,OTHER,5,9.0
161646,1,2,130,5,1,100.0,0,N,SMALL_TOWNS,FREEWAY,5,9.0
161647,1,2,130,1,1,60.0,0,I,MELB_URBAN,ROAD,5,11.0
161648,4,1,99,5,2,60.0,0,N,MELB_URBAN,DRIVE,5,8.0
161649,2,2,99,5,1,60.0,0,N,MELB_URBAN,ROAD,5,10.0
161650,1,2,130,5,1,110.0,1,N,RURAL_VICTORIA,FREEWAY,5,8.0
161651,1,2,147,5,1,50.0,0,N,MELB_URBAN,STREET,5,8.0
161652,4,3,173,5,2,50.0,0,N,MELB_URBAN,ROAD,5,18.0
161653,1,1,135,5,1,100.0,0,N,RURAL_VICTORIA,ROAD,5,10.0
161654,1,2,120,5,1,60.0,0,N,RURAL_VICTORIA,ROAD,5,10.0
161655,4,2,173,1,1,60.0,0,N,MELB_URBAN,ROAD,5,12.0
161656,3,3,167,5,5,100.0,0,N,RURAL_VICTORIA,ROAD,3,5.0
161657,1,4,130,2,1,50.0,0,I,MELB_URBAN,STREET,5,7.0
161658,1,1,113,2,1,60.0,0,I,MELB_URBAN,STREET,5,13.0
161659,1,3,99,1,1,60.0,0,I,MELB_URBAN,ROAD,5,8.0
161660,1,5,130,5,2,100.0,0,N,MELB_URBAN,ROAD,5,17.0
161661,1,6,160,5,3,60.0,0,N,MELB_URBAN,ROAD,5,22.0
161662,1,1,121,1,3,80.0,0,I,MELB_URBAN,ROAD,5,22.0
161663,1,5,111,1,1,60.0,0,N,SMALL_CITIES,STREET,5,15.0
161664,1,0,130,5,1,80.0,0,N,MELB_URBAN,OTHER,4,18.0
161665,1,2,99,5,1,60.0,0,N,MELB_URBAN,UNKNOWN,5,14.0
161666,4,2,183,5,1,50.0,0,N,MELB_URBAN,DRIVE,5,15.0
161667,1,2,130,5,2,70.0,0,N,MELB_URBAN,ROAD,5,17.0
161668,7,1,99,5,1,60.0,0,N,MELB_URBAN,STREET,5,16.0
161669,1,5,130,5,2,60.0,0,N,LARGE_PROVINCIAL_CITIES,ROAD,5,9.0
161670,4,2,173,2,3,50.0,0,I,SMALL_CITIES,STREET,5,19.0
161671,2,2,100,1,2,60.0,0,I,MELB_URBAN,ROAD,5,18.0
161672,1,1,121,1,3,80.0,0,I,MELB_URBAN,HIGHWAY,5,20.0
161673,1,1,130,1,1,60.0,0,I,MELB_URBAN,STREET,5,14.0
161674,2,2,99,5,3,40.0,0,N,MELB_URBAN,STREET,5,21.0
161675,1,2,113,2,5,80.0,0,I,MELB_URBAN,HIGHWAY,5,23.0
161676,1,3,113,2,3,50.0,0,I,MELB_URBAN,STREET,5,6.0
161677,1,2,130,5,1,80.0,0,N,MELB_URBAN,ROAD,5,8.0
161678,1,3,130,5,1,80.0,0,N,TOWNS,ROAD,5,7.0
161679,2,3,100,5,1,60.0,0,N,LARGE_PROVINCIAL_CITIES,STREET,5,8.0
161680,6,3,99,4,1,60.0,0,I,MELB_URBAN,RAMP,5,9.0
161681,1,2,110,1,1,50.0,0,I,MELB_URBAN,STREET,5,8.0
161682,1,3,113,2,3,80.0,0,I,MELB_URBAN,HIGHWAY,5,6.0
161683,1,1,99,5,3,60.0,0,N,MELB_URBAN,ROAD,5,19.0
161684,2,3,100,1,1,70.0,0,N,MELB_URBAN,ROAD,5,12.0
161685,1,1,130,1,2,60.0,0,I,MELB_URBAN,ROAD,5,17.0
161686,1,3,99,5,1,60.0,0,N,MELB_URBAN,ROAD,5,13.0
161687,1,3,132,5,1,60.0,0,N,TOWNS,ROAD,5,13.0
161688,1,2,110,1,1,50.0,0,I,LARGE_PROVINCIAL_CITIES,STREET,5,13.0
161689,1,5,130,5,1,60.0,0,N,LARGE_PROVINCIAL_CITIES,ROAD,5,13.0
161690,2,3,102,2,1,50.0,0,I,MELB_URBAN,OTHER,5,12.0
161691,1,1,130,5,1,80.0,0,N,MELB_URBAN,HIGHWAY,5,14.0
161692,1,7,121,2,1,60.0,0,I,MELB_URBAN,ROAD,5,14.0
161693,1,6,130,5,9,60.0,0,N,MELB_URBAN,ROAD,5,18.0
161694,6,5,184,5,1,60.0,0,N,SMALL_TOWNS,ROAD,4,13.0
161695,1,2,163,5,1,50.0,0,N,MELB_URBAN,STREET,5,15.0
161696,6,3,99,5,2,60.0,0,N,SMALL_TOWNS,ROAD,5,16.0
161697,1,3,132,2,1,60.0,0,I,SMALL_TOWNS,ROAD,5,8.0
161698,1,5,130,2,1,80.0,0,I,MELB_URBAN,ROAD,5,14.0
161699,1,5,121,1,2,60.0,0,I,MELB_URBAN,ROAD,5,8.0
161700,1,2,130,5,3,70.0,0,N,MELB_URBAN,ROAD,5,18.0
161701,2,5,102,3,9,50.0,0,I,MELB_URBAN,ROAD,5,13.0
161702,1,3,133,5,2,80.0,0,N,MELB_URBAN,RAMP,5,16.0
161703,1,3,130,5,5,100.0,0,N,SMALL_TOWNS,FREEWAY,5,17.0
161704,4,0,99,5,2,80.0,0,N,MELB_URBAN,ROAD,5,17.0
161705,1,3,99,2,2,60.0,0,I,MELB_URBAN,ROAD,5,17.0
161706,1,3,99,2,3,60.0,0,I,MELB_URBAN,ROAD,5,17.0
161707,3,3,167,5,5,100.0,0,N,RURAL_VICTORIA,ROAD,2,20.0
161708,1,3,160,5,1,60.0,0,N,MELB_URBAN,ROAD,5,15.0
161709,5,3,99,5,5,60.0,0,N,RURAL_VICTORIA,ROAD,5,20.0
161710,2,2,102,5,1,40.0,0,N,RURAL_VICTORIA,PARADE,5,15.0
161711,1,7,121,2,1,50.0,0,I,MELB_URBAN,DRIVE,4,9.0
161712,7,2,99,5,6,50.0,0,N,MELB_URBAN,DRIVE,5,21.0
161713,1,2,121,2,6,60.0,0,I,MELB_URBAN,ROAD,5,21.0
161714,1,3,111,2,3,60.0,0,I,MELB_URBAN,HIGHWAY,5,23.0
161715,1,4,99,5,3,80.0,0,I,MELB_URBAN,ROAD,5,5.0
161716,1,1,130,5,1,60.0,0,N,LARGE_PROVINCIAL_CITIES,ROAD,4,13.0
161717,4,3,171,5,1,80.0,0,N,RURAL_VICTORIA,PARADE,5,8.0
161718,1,3,130,5,3,70.0,0,N,MELB_URBAN,ROAD,5,21.0
161719,1,2,110,1,1,50.0,0,I,MELB_URBAN,STREET,5,15.0
161720,1,7,130,5,9,60.0,0,N,MELB_URBAN,ROAD,10,10.0
161721,1,4,116,1,2,60.0,0,I,MELB_URBAN,STREET,5,18.0
161722,1,4,130,5,1,80.0,0,N,MELB_URBAN,HIGHWAY,5,13.0
161723,4,4,171,5,1,60.0,0,N,MELB_URBAN,UNKNOWN,4,15.0
161724,1,4,133,5,1,100.0,0,N,MELB_URBAN,ROAD,5,8.0
161725,8,1,174,5,1,60.0,0,N,RURAL_VICTORIA,OTHER,5,12.0
161726,1,3,130,2,1,80.0,0,N,MELB_URBAN,DRIVE,5,16.0
161727,1,3,134,5,2,80.0,0,N,MELB_URBAN,RAMP,5,7.0
161728,1,6,130,2,1,60.0,0,N,MELB_URBAN,ROAD,5,8.0
161729,1,3,99,1,1,60.0,0,I,MELB_URBAN,OTHER,2,16.0
161730,1,4,99,5,9,60.0,0,N,MELB_URBAN,ROAD,5,17.0
161731,1,0,110,1,3,40.0,0,I,MELB_URBAN,BOULEVARD,5,20.0
161732,1,2,110,1,9,80.0,0,I,MELB_URBAN,STREET,10,11.0
161733,1,3,113,3,1,70.0,0,I,MELB_URBAN,ROAD,5,13.0
161734,1,3,130,5,1,80.0,0,N,MELB_URBAN,STREET,5,11.0
161735,1,3,121,2,1,70.0,0,I,TOWNS,OTHER,5,14.0
161736,1,3,130,5,1,80.0,0,N,MELB_URBAN,ROAD,5,13.0
161737,4,4,183,5,1,100.0,0,N,RURAL_VICTORIA,ROAD,5,14.0
161738,4,4,171,5,1,50.0,0,N,MELB_URBAN,OTHER,5,14.0
161739,1,2,130,5,1,60.0,0,N,MELB_URBAN,DRIVE,5,11.0
161740,2,4,100,5,1,60.0,0,N,MELB_URBAN,ROAD,5,12.0
161741,1,3,133,5,1,60.0,0,I,MELB_URBAN,ROAD,5,13.0
161742,8,2,99,5,5,50.0,0,N,MELB_URBAN,BOULEVARD,5,21.0
161743,1,4,116,1,1,80.0,0,I,MELB_URBAN,HIGHWAY,5,10.0
161744,1,1,130,5,1,50.0,0,N,MELB_URBAN,DRIVE,5,15.0
161745,1,4,113,2,1,60.0,0,I,MELB_URBAN,ROAD,5,15.0
161746,8,1,174,5,1,80.0,0,N,RURAL_VICTORIA,ROAD,5,15.0
161747,1,3,110,4,1,70.0,0,I,MELB_URBAN,DRIVE,5,15.0
161748,1,4,130,2,1,40.0,0,I,MELB_URBAN,ROAD,5,15.0
161749,2,4,100,5,2,40.0,0,N,MELB_URBAN,HIGHWAY,5,16.0
161750,2,3,102,5,1,60.0,0,N,MELB_URBAN,ROAD,5,16.0
161751,1,3,110,1,2,60.0,0,I,RURAL_VICTORIA,AVENUE,5,17.0
161752,2,4,99,5,1,60.0,0,N,MELB_URBAN,ROAD,5,14.0
161753,4,3,171,5,1,100.0,0,N,RURAL_VICTORIA,ROAD,5,13.0
161754,2,3,100,5,2,50.0,0,N,LARGE_PROVINCIAL_CITIES,AVENUE,5,16.0
161755,1,4,130,5,2,60.0,0,N,MELB_URBAN,STREET,5,16.0
161756,4,4,181,5,5,60.0,0,N,RURAL_VICTORIA,ROAD,5,18.0
161757,4,4,173,5,1,70.0,0,N,MELB_URBAN,ROAD,5,16.0
161758,1,3,113,1,3,40.0,0,I,MELB_URBAN,STREET,5,6.0
161759,4,1,173,5,3,40.0,0,N,MELB_URBAN,ROAD,5,23.0
161760,4,4,173,5,3,100.0,0,N,MELB_URBAN,FREEWAY,5,22.0
161761,2,4,99,2,3,60.0,1,I,MELB_URBAN,ROAD,5,19.0
161762,1,6,99,2,1,80.0,0,I,MELB_URBAN,ROAD,3,9.0
161763,1,4,130,2,3,60.0,0,I,MELB_URBAN,ROAD,5,22.0
161764,1,2,111,2,1,60.0,0,I,RURAL_VICTORIA,HIGHWAY,4,17.0
161765,1,4,160,5,3,50.0,0,N,MELB_URBAN,ROAD,6,3.0
161766,1,6,130,5,1,70.0,0,N,MELB_URBAN,ROAD,5,10.0
161767,1,7,130,1,1,60.0,0,I,MELB_URBAN,ROAD,5,11.0
161768,1,4,121,5,1,50.0,0,N,SMALL_CITIES,STREET,6,7.0
161769,1,5,160,5,2,50.0,0,N,MELB_URBAN,DRIVE,6,6.0
161770,1,4,134,5,2,100.0,0,N,MELB_URBAN,FREEWAY,6,6.0
161771,6,4,99,5,1,60.0,0,N,LARGE_PROVINCIAL_CITIES,STREET,5,15.0
161772,1,4,130,5,1,80.0,0,N,MELB_URBAN,ROAD,6,8.0
161773,1,5,99,1,1,60.0,0,I,MELB_URBAN,ROAD,4,12.0
161774,1,5,130,5,2,100.0,0,N,MELB_URBAN,FREEWAY,5,16.0
161775,3,2,167,5,5,60.0,0,N,RURAL_VICTORIA,ROAD,5,22.0
161776,1,7,121,1,3,60.0,0,I,SMALL_CITIES,AVENUE,5,18.0
161777,1,2,135,5,2,60.0,0,N,MELB_URBAN,ROAD,5,17.0
161778,1,5,134,5,2,100.0,0,N,MELB_URBAN,FREEWAY,6,8.0
161779,2,5,102,1,1,60.0,0,I,MELB_URBAN,ROAD,6,8.0
161780,1,4,110,1,1,50.0,0,I,LARGE_PROVINCIAL_CITIES,STREET,6,10.0
161781,1,3,116,2,1,50.0,0,I,MELB_URBAN,STREET,5,14.0
161782,1,6,99,5,3,50.0,0,N,MELB_URBAN,STREET,5,18.0
161783,1,4,121,4,1,100.0,0,I,RURAL_VICTORIA,HIGHWAY,6,12.0
161784,6,5,174,5,1,60.0,0,I,MELB_URBAN,STREET,6,14.0
161785,1,5,110,1,1,60.0,0,I,SMALL_CITIES,ROAD,6,11.0
161786,1,5,110,1,2,80.0,0,I,MELB_URBAN,ROAD,4,18.0
161787,1,5,121,2,1,40.0,0,I,MELB_URBAN,ROAD,6,12.0
161788,1,4,110,1,1,40.0,0,I,LARGE_PROVINCIAL_CITIES,STREET,6,13.0
161789,4,4,171,5,1,50.0,0,N,MELB_URBAN,STREET,5,8.0
161790,1,1,113,2,1,80.0,0,I,MELB_URBAN,HIGHWAY,5,12.0
161791,1,5,130,5,1,80.0,0,N,RURAL_VICTORIA,ROAD,6,13.0
161792,1,5,130,5,1,100.0,0,N,RURAL_VICTORIA,ROAD,6,15.0
161793,1,4,130,5,1,60.0,0,N,MELB_URBAN,ROAD,5,8.0
161794,4,4,171,1,2,40.0,0,I,MELB_URBAN,STREET,6,16.0
161795,5,4,99,5,3,50.0,0,N,MELB_URBAN,STREET,5,20.0
161796,1,5,132,2,6,70.0,0,I,MELB_URBAN,ROAD,4,20.0
161797,1,5,113,2,6,60.0,0,I,MELB_URBAN,OTHER,5,6.0
161798,1,5,113,1,2,100.0,0,I,RURAL_VICTORIA,HIGHWAY,6,17.0
161799,2,5,100,5,2,60.0,0,N,TOWNS,STREET,6,17.0
161800,4,5,173,5,3,60.0,0,N,MELB_URBAN,ROAD,6,21.0
161801,1,4,121,2,3,50.0,0,I,MELB_URBAN,ROAD,5,19.0
161802,2,5,102,5,9,50.0,0,N,MELB_URBAN,STREET,6,18.0
161803,1,5,99,5,5,80.0,1,N,RURAL_VICTORIA,ROAD,6,19.0
161804,3,5,167,5,5,80.0,0,N,RURAL_VICTORIA,ROAD,6,0.0
161805,1,6,160,5,3,60.0,0,N,MELB_URBAN,ROAD,6,1.0
161806,1,3,111,4,1,60.0,0,I,MELB_URBAN,ROAD,5,15.0
161807,1,6,130,5,3,50.0,0,N,MELB_URBAN,PARADE,6,2.0
161808,1,5,130,2,1,80.0,0,N,MELB_URBAN,ROAD,5,9.0
161809,2,6,102,5,2,60.0,0,N,MELB_URBAN,STREET,6,6.0
161810,2,6,102,2,2,60.0,0,I,LARGE_PROVINCIAL_CITIES,ROAD,6,7.0
161811,1,5,121,1,1,60.0,0,I,MELB_URBAN,ROAD,6,6.0
161812,1,6,130,5,1,60.0,0,N,MELB_URBAN,STREET,11,13.0
161813,1,5,132,2,1,40.0,0,I,MELB_URBAN,ROAD,6,15.0
161814,1,6,130,1,2,80.0,0,I,MELB_URBAN,ROAD,6,8.0
161815,1,2,130,5,2,80.0,0,N,MELB_URBAN,HIGHWAY,5,17.0
161816,1,4,99,5,1,70.0,0,N,MELB_URBAN,OTHER,6,14.0
161817,1,6,111,1,2,50.0,0,I,MELB_URBAN,STREET,6,8.0
161818,1,5,130,5,3,80.0,0,N,MELB_URBAN,HIGHWAY,6,17.0
161819,1,5,121,1,2,60.0,0,I,MELB_URBAN,ROAD,6,9.0
161820,2,5,99,2,1,40.0,0,I,LARGE_PROVINCIAL_CITIES,STREET,6,11.0
161821,1,6,130,5,1,70.0,0,N,LARGE_PROVINCIAL_CITIES,ROAD,6,9.0
161822,1,6,110,1,2,60.0,0,I,MELB_URBAN,ROAD,6,8.0
161823,4,6,171,5,1,100.0,1,N,RURAL_VICTORIA,ROAD,6,9.0
161824,1,6,134,1,1,60.0,0,I,MELB_URBAN,ROAD,6,8.0
161825,6,1,184,5,1,60.0,0,N,RURAL_VICTORIA,ROAD,5,14.0
161826,1,5,121,1,1,80.0,0,I,MELB_URBAN,HIGHWAY,6,16.0
161827,1,7,130,5,3,60.0,0,N,MELB_URBAN,STREET,5,23.0
161828,1,3,99,5,1,60.0,0,N,MELB_URBAN,OTHER,5,15.0
161829,8,2,170,5,6,80.0,0,N,MELB_URBAN,HIGHWAY,4,19.0
161830,1,5,147,5,1,60.0,0,N,MELB_URBAN,AVENUE,6,12.0
161831,1,2,130,5,1,80.0,0,N,MELB_URBAN,ROAD,5,16.0
161832,1,3,130,5,1,100.0,0,N,MELB_URBAN,FREEWAY,4,8.0
161833,1,1,147,5,1,50.0,0,N,MELB_URBAN,ROAD,5,17.0
161834,4,2,173,5,1,80.0,0,N,RURAL_VICTORIA,ROAD,4,13.0
161835,1,2,99,5,9,60.0,0,I,MELB_URBAN,ROAD,5,9.0
161836,1,5,130,5,1,60.0,0,N,MELB_URBAN,ROAD,6,14.0
161837,4,6,173,5,1,80.0,0,N,MELB_URBAN,RAMP,6,14.0
161838,7,5,99,2,1,50.0,0,N,MELB_URBAN,STREET,6,13.0
161839,1,1,110,1,1,60.0,0,I,MELB_URBAN,HIGHWAY,5,11.0
161840,8,2,174,2,2,60.0,0,I,RURAL_VICTORIA,HIGHWAY,5,6.0
161841,1,6,130,5,1,100.0,0,N,MELB_URBAN,ROAD,6,13.0
161842,2,6,100,1,1,60.0,1,I,TOWNS,STREET,6,15.0
161843,1,5,116,1,1,60.0,0,I,MELB_URBAN,ROAD,6,14.0
161844,1,5,120,5,1,50.0,0,N,MELB_URBAN,ROAD,5,15.0
161845,1,5,133,5,2,60.0,0,N,MELB_URBAN,ROAD,6,16.0
161846,1,6,130,5,1,80.0,0,N,MELB_URBAN,ROAD,6,14.0
161847,1,5,163,5,1,40.0,0,N,MELB_URBAN,ROAD,6,16.0
161848,1,6,163,5,3,40.0,0,N,MELB_URBAN,STREET,6,17.0
161849,1,6,135,5,2,60.0,0,N,MELB_URBAN,ROAD,6,18.0
161850,1,6,130,5,1,80.0,0,N,MELB_URBAN,ROAD,6,13.0
161851,2,5,99,1,2,40.0,0,I,MELB_URBAN,HIGHWAY,6,18.0
161852,1,6,130,2,3,50.0,0,N,MELB_URBAN,ROAD,6,17.0
161853,1,5,130,5,2,100.0,0,N,MELB_URBAN,FREEWAY,6,18.0
161854,1,7,160,5,2,50.0,0,N,RURAL_VICTORIA,BOULEVARD,5,6.0
161855,1,6,99,1,1,100.0,0,I,RURAL_VICTORIA,ROAD,6,16.0
161856,1,6,130,1,1,60.0,0,N,MELB_URBAN,PARADE,6,15.0
161857,1,6,121,2,1,70.0,0,N,MELB_URBAN,STREET,6,13.0
161858,1,4,130,5,1,60.0,0,N,MELB_URBAN,ROAD,2,16.0
161859,1,5,110,1,3,60.0,0,N,MELB_URBAN,ROAD,6,21.0
161860,1,6,160,5,2,50.0,0,N,MELB_URBAN,ROAD,6,6.0