,accident_type,day_of_week,dca_code,road_geometry,light_condition,speed_zone,severity,node_type,deg_urban_name,road_type,month,hour
161861,1,6,99,5,1,80.0,0,N,RURAL_VICTORIA,ROAD,6,16.0
161862,1,4,130,5,2,100.0,0,N,MELB_URBAN,ROAD,5,6.0
161863,1,3,130,5,1,100.0,0,N,MELB_URBAN,ROAD,2,6.0
161864,3,6,167,5,5,100.0,0,N,RURAL_VICTORIA,ROAD,6,20.0
161865,4,1,171,1,3,80.0,0,I,RURAL_VICTORIA,ROAD,5,0.0
161866,4,6,173,5,3,80.0,0,N,MELB_URBAN,DRIVE,6,2.0
161867,1,7,110,1,3,80.0,0,I,MELB_URBAN,ROAD,6,2.0
161868,4,6,173,5,5,100.0,0,N,RURAL_VICTORIA,ROAD,6,3.0
161869,2,6,99,5,1,60.0,0,N,MELB_URBAN,STREET,6,15.0
161870,4,5,173,5,3,60.0,0,N,RURAL_VICTORIA,ROAD,6,23.0
161871,8,6,184,5,3,60.0,0,N,MELB_URBAN,ROAD,6,22.0
161872,1,6,99,5,1,80.0,0,N,MELB_URBAN,ROAD,5,14.0
161873,1,6,140,2,3,40.0,0,I,MELBOURNE_CBD,STREET,6,18.0
161874,7,7,99,1,2,40.0,0,I,MELB_URBAN,STREET,6,7.0
161875,1,7,113,2,2,100.0,0,I,RURAL_VICTORIA,ROAD,6,7.0
161876,1,4,130,5,1,70.0,0,N,MELB_URBAN,HIGHWAY,5,17.0
161877,4,7,99,1,1,60.0,0,N,MELB_URBAN,ROAD,6,11.0
161878,1,6,132,5,2,60.0,0,N,MELB_URBAN,HIGHWAY,6,17.0
161879,1,5,171,5,1,80.0,0,N,MELB_URBAN,ROAD,6,13.0
161880,1,6,111,3,1,60.0,0,I,MELB_URBAN,ROAD,6,11.0
161881,7,7,99,5,1,40.0,0,N,MELB_URBAN,ROAD,6,11.0
161882,7,6,99,5,1,30.0,0,N,MELB_URBAN,ROAD,6,12.0
161883,6,5,174,5,1,60.0,0,N,RURAL_VICTORIA,ROAD,5,13.0
161884,1,2,147,5,1,60.0,0,N,TOWNS,STREET,5,16.0
161885,6,7,184,3,1,100.0,0,N,RURAL_VICTORIA,ROAD,6,10.0
161886,4,4,181,1,2,100.0,0,N,RURAL_VICTORIA,ROAD,6,16.0
161887,1,6,147,5,9,60.0,0,N,MELB_URBAN,ROAD,6,12.0
161888,4,6,181,4,1,100.0,0,N,RURAL_VICTORIA,ROAD,6,13.0
161889,1,3,130,5,2,80.0,0,N,MELB_URBAN,FREEWAY,5,17.0
161890,1,7,121,1,2,60.0,0,N,LARGE_PROVINCIAL_CITIES,STREET,6,17.0
161891,1,7,99,5,1,50.0,0,N,MELB_URBAN,OTHER,6,14.0
161892,4,6,171,5,2,40.0,0,N,MELB_URBAN,STREET,6,18.0
161893,1,6,160,5,3,50.0,0,N,MELB_URBAN,AVENUE,6,19.0
161894,1,6,121,2,1,60.0,0,I,MELB_URBAN,STREET,6,8.0
161895,1,7,133,5,3,80.0,0,N,MELB_URBAN,ROAD,6,21.0
161896,4,7,181,5,5,100.0,0,N,RURAL_VICTORIA,OTHER,6,20.0
161897,6,6,99,1,3,50.0,0,I,MELB_URBAN,DRIVE,6,23.0
161898,1,1,130,5,3,50.0,0,N,MELB_URBAN,ROAD,6,0.0
161899,1,4,130,5,3,100.0,0,N,MELB_URBAN,ROAD,6,17.0
161900,1,0,120,1,5,80.0,0,N,RURAL_VICTORIA,ROAD,6,6.0
161901,1,1,140,5,1,80.0,0,N,RURAL_VICTORIA,HIGHWAY,6,9.0
161902,4,1,99,4,3,60.0,1,N,MELB_URBAN,ROAD,6,4.0
161903,6,0,170,5,1,80.0,0,N,MELB_URBAN,DRIVE,6,11.0
161904,2,1,102,2,1,60.0,0,I,MELB_URBAN,ROAD,6,9.0
161905,1,6,121,2,3,60.0,0,I,MELB_URBAN,ROAD,5,19.0
161906,1,5,163,5,3,40.0,0,N,MELB_URBAN,STREET,6,17.0
161907,1,1,130,5,1,110.0,0,N,RURAL_VICTORIA,FREEWAY,6,15.0
161908,1,1,130,5,1,80.0,0,N,MELB_URBAN,RAMP,6,15.0
161909,1,1,130,5,1,80.0,0,N,MELB_URBAN,FREEWAY,6,15.0
161910,2,1,99,5,1,40.0,0,N,MELB_URBAN,STREET,12,14.0
161911,1,1,173,1,1,50.0,0,N,MELB_URBAN,OTHER,6,15.0
161912,1,0,110,1,2,50.0,0,I,MELB_URBAN,STREET,6,17.0
161913,2,1,99,2,3,40.0,0,N,MELB_URBAN,ROAD,6,17.0
161914,8,1,99,2,2,100.0,0,I,RURAL_VICTORIA,ROAD,6,17.0
161915,1,1,135,5,2,70.0,0,N,MELB_URBAN,ROAD,6,17.0
161916,1,1,120,5,1,100.0,0,N,RURAL_VICTORIA,ROAD,6,16.0
161917,1,1,130,1,1,80.0,0,I,MELB_URBAN,HIGHWAY,6,16.0
161918,1,1,120,5,5,60.0,0,N,MELB_URBAN,ROAD,6,21.0
161919,1,5,110,1,2,50.0,0,I,MELB_URBAN,STREET,6,9.0
161920,1,3,135,5,3,80.0,0,N,MELB_URBAN,FREEWAY,1,21.0
161921,4,2,181,5,1,100.0,0,N,RURAL_VICTORIA,ROAD,5,15.0
161922,1,3,135,5,1,100.0,0,N,MELB_URBAN,FREEWAY,2,14.0
161923,1,2,130,5,5,100.0,0,N,MELB_URBAN,FREEWAY,6,6.0
161924,1,4,130,5,3,80.0,0,N,MELB_URBAN,ROAD,5,6.0
161925,1,2,121,5,1,60.0,0,N,MELB_URBAN,ROAD,6,8.0
161926,1,2,135,5,2,60.0,0,N,MELB_URBAN,ROAD,6,7.0
161927,4,7,173,5,2,110.0,0,N,RURAL_VICTORIA,FREEWAY,6,6.0
161928,2,4,99,2,1,60.0,0,I,MELB_URBAN,ROAD,6,10.0
161929,1,1,113,2,1,60.0,0,N,RURAL_VICTORIA,ROAD,6,9.0
161930,1,2,130,5,1,60.0,0,N,MELB_URBAN,STREET,6,9.0
161931,1,5,99,1,1,60.0,0,I,MELB_URBAN,ROAD,2,17.0
161932,2,5,99,5,9,60.0,0,N,MELB_URBAN,DRIVE,4,9.0
161933,2,6,100,5,3,40.0,0,N,MELB_URBAN,STREET,5,23.0
161934,1,6,113,2,2,60.0,0,I,MELB_URBAN,ROAD,6,8.0
161935,1,7,130,5,2,60.0,0,N,MELB_URBAN,RAMP,5,7.0
161936,4,1,171,5,5,100.0,0,N,RURAL_VICTORIA,HIGHWAY,6,18.0
161937,1,1,110,1,1,50.0,0,I,MELB_URBAN,STREET,6,12.0
161938,3,6,167,5,5,80.0,0,N,RURAL_VICTORIA,ROAD,6,23.0
161939,1,3,130,5,2,60.0,0,N,MELB_URBAN,STREET,5,17.0
161940,1,2,130,3,2,60.0,0,I,SMALL_CITIES,ROAD,6,9.0
161941,1,1,99,5,1,60.0,0,N,MELB_URBAN,ROAD,4,10.0
161942,1,2,130,5,2,100.0,0,N,MELB_URBAN,FREEWAY,6,7.0
161943,7,1,99,5,1,40.0,0,N,MELB_URBAN,STREET,6,14.0
161944,1,0,130,5,2,60.0,0,I,MELB_URBAN,ROAD,6,17.0
161945,1,2,110,1,5,100.0,0,N,RURAL_VICTORIA,ROAD,6,6.0
161946,1,6,99,5,1,50.0,0,N,SMALL_TOWNS,STREET,6,11.0
161947,1,2,160,5,1,50.0,0,N,MELB_URBAN,STREET,6,13.0
161948,8,7,99,5,9,60.0,0,N,RURAL_VICTORIA,ROAD,3,11.0
161949,1,1,121,3,1,50.0,0,I,MELB_URBAN,ROAD,6,15.0
161950,1,1,130,2,2,60.0,0,N,MELB_URBAN,ROAD,6,16.0
161951,1,0,130,1,9,50.0,0,N,MELB_URBAN,ROAD,4,13.0
161952,1,1,130,5,1,60.0,0,N,MELB_URBAN,PARADE,6,15.0
161953,1,6,130,5,9,60.0,0,N,MELB_URBAN,ROAD,5,15.0
161954,1,2,130,5,1,80.0,0,N,MELB_URBAN,HIGHWAY,6,15.0
161955,1,2,132,1,5,100.0,0,N,RURAL_VICTORIA,ROAD,6,18.0
161956,1,2,120,5,2,80.0,0,N,RURAL_VICTORIA,ROAD,6,17.0
161957,1,2,113,2,2,70.0,0,I,MELB_URBAN,DRIVE,6,18.0
161958,1,2,99,5,3,50.0,0,N,MELB_URBAN,OTHER,6,19.0
161959,1,2,110,1,3,60.0,0,I,LARGE_PROVINCIAL_CITIES,HIGHWAY,6,20.0
161960,1,2,99,1,1,80.0,0,I,MELB_URBAN,ROAD,6,13.0
161961,1,2,130,5,1,50.0,0,N,MELB_URBAN,STREET,6,12.0
161962,1,2,121,2,3,50.0,0,I,SMALL_CITIES,STREET,6,18.0
161963,6,0,99,5,3,40.0,0,N,MELB_URBAN,STREET,6,23.0
161964,4,2,173,5,2,80.0,0,N,MELB_URBAN,ROAD,6,16.0
161965,1,6,110,1,1,50.0,0,I,MELB_URBAN,STREET,4,14.0
161966,4,1,173,5,1,60.0,0,N,RURAL_VICTORIA,ROAD,4,16.0
161967,1,2,130,2,1,60.0,0,I,MELB_URBAN,ROAD,4,16.0
161968,1,2,113,2,1,70.0,0,I,MELB_URBAN,RAMP,6,7.0
161969,1,3,110,1,2,100.0,0,I,RURAL_VICTORIA,STREET,6,8.0
161970,1,2,111,1,2,60.0,0,I,SMALL_CITIES,AVENUE,6,16.0
161971,1,4,130,5,3,80.0,0,N,MELB_URBAN,ROAD,5,21.0
161972,1,2,130,5,1,80.0,0,N,MELB_URBAN,ROAD,6,7.0
161973,4,2,171,5,1,50.0,0,N,MELB_URBAN,AVENUE,6,10.0
161974,6,2,99,5,1,100.0,0,N,RURAL_VICTORIA,ROAD,6,14.0
161975,8,2,174,5,9,50.0,0,N,MELB_URBAN,ROAD,5,7.0
161976,2,3,99,2,2,60.0,0,N,MELB_URBAN,AVENUE,6,7.0
161977,4,6,173,5,3,50.0,0,N,SMALL_TOWNS,AVENUE,6,21.0
161978,1,2,99,2,1,60.0,0,I,MELB_URBAN,STREET,6,11.0
161979,6,1,184,5,1,60.0,0,N,RURAL_VICTORIA,ROAD,4,12.0
161980,1,2,130,9,1,80.0,0,N,RURAL_VICTORIA,HIGHWAY,6,12.0
161981,1,2,130,5,2,80.0,0,N,MELB_URBAN,ROAD,6,6.0
161982,1,6,163,5,3,60.0,0,N,MELB_URBAN,STREET,4,18.0
161983,1,3,99,1,1,80.0,0,I,SMALL_CITIES,ROAD,6,14.0
161984,1,2,132,1,6,60.0,0,I,RURAL_VICTORIA,ROAD,6,19.0
161985,1,6,121,3,3,60.0,0,N,MELB_URBAN,ROAD,7,1.0
161986,4,2,99,5,1,50.0,0,N,TOWNS,ROAD,6,14.0
161987,6,5,174,1,9,60.0,0,I,LARGE_PROVINCIAL_CITIES,ROAD,6,17.0
161988,2,5,102,1,1,80.0,0,N,MELB_URBAN,STREET,6,15.0
161989,1,1,113,2,2,60.0,0,I,MELB_URBAN,BOULEVARD,6,17.0
161990,1,2,99,1,1,60.0,0,I,TOWNS,STREET,5,7.0
161991,1,3,135,1,2,40.0,0,I,MELB_URBAN,STREET,6,16.0
161992,1,3,99,5,2,40.0,0,N,LARGE_PROVINCIAL_CITIES,STREET,6,7.0
161993,1,2,99,5,1,100.0,0,N,RURAL_VICTORIA,ROAD,6,15.0
161994,1,3,113,2,2,60.0,0,N,MELB_URBAN,ROAD,6,17.0
161995,1,3,130,2,2,80.0,0,I,MELB_URBAN,ROAD,6,17.0
161996,2,3,102,5,2,60.0,0,N,MELB_URBAN,ROAD,6,16.0
161997,1,3,140,5,3,60.0,0,N,LARGE_PROVINCIAL_CITIES,STREET,5,20.0
161998,1,3,110,1,5,60.0,0,I,RURAL_VICTORIA,HIGHWAY,6,19.0
161999,1,6,130,5,3,70.0,0,N,MELB_URBAN,ROAD,4,21.0
162000,1,3,140,5,3,50.0,0,N,MELB_URBAN,ROAD,6,22.0
162001,4,3,181,5,5,80.0,0,N,RURAL_VICTORIA,ROAD,6,23.0
162002,1,1,99,1,1,60.0,0,I,MELB_URBAN,STREET,5,9.0
162003,1,4,113,3,2,60.0,0,I,SMALL_CITIES,ROAD,6,8.0
162004,1,4,110,1,1,50.0,0,I,LARGE_PROVINCIAL_CITIES,STREET,6,8.0
162005,1,2,130,5,1,60.0,0,N,MELB_URBAN,ROAD,5,15.0
162006,2,4,100,2,1,50.0,0,N,MELB_URBAN,STREET,6,9.0
162007,1,3,113,1,1,60.0,0,N,MELB_URBAN,ROAD,6,10.0
162008,5,6,99,5,3,80.0,0,N,MELB_URBAN,ROAD,3,22.0
162009,1,4,160,5,2,60.0,0,N,MELB_URBAN,ROAD,5,6.0
162010,1,5,134,2,1,70.0,0,I,MELB_URBAN,ROAD,4,11.0
162011,9,3,171,5,1,110.0,0,N,RURAL_VICTORIA,HIGHWAY,6,10.0
162012,1,4,121,2,2,60.0,0,I,MELB_URBAN,ROAD,6,7.0
162013,1,6,99,5,2,60.0,0,N,MELB_URBAN,ROAD,5,16.0
162014,8,3,99,5,1,60.0,0,N,LARGE_PROVINCIAL_CITIES,ROAD,5,13.0
162015,1,4,120,5,1,60.0,0,N,SMALL_CITIES,STREET,6,12.0
162016,7,6,99,5,3,60.0,0,N,MELB_URBAN,ROAD,5,19.0
162017,1,4,130,5,1,60.0,0,N,RURAL_VICTORIA,ROAD,6,10.0
162018,4,3,183,5,5,100.0,0,N,RURAL_VICTORIA,ROAD,6,6.0
162019,1,4,111,1,1,50.0,0,I,MELB_URBAN,STREET,6,15.0
162020,1,7,110,1,1,40.0,0,I,MELB_URBAN,STREET,4,15.0
162021,1,4,110,1,1,60.0,0,I,LARGE_PROVINCIAL_CITIES,STREET,6,11.0
162022,1,4,99,5,1,50.0,0,N,MELB_URBAN,STREET,6,12.0
162023,1,2,113,2,1,60.0,0,I,SMALL_CITIES,ROAD,11,15.0
162024,1,4,111,2,1,80.0,0,I,MELB_URBAN,ROAD,6,14.0
162025,1,1,110,1,3,60.0,0,N,MELB_URBAN,ROAD,5,4.0
162026,8,4,170,5,1,100.0,0,N,RURAL_VICTORIA,ROAD,5,8.0
162027,1,4,130,5,1,60.0,0,N,RURAL_VICTORIA,ROAD,5,8.0
162028,1,4,110,1,2,60.0,0,I,MELB_URBAN,ROAD,6,16.0
162029,1,4,110,1,2,80.0,0,N,UNKNOWN,ROAD,6,17.0
162030,2,4,102,5,2,70.0,0,N,MELB_URBAN,ROAD,6,18.0
162031,2,3,100,5,2,60.0,0,N,MELB_URBAN,AVENUE,6,17.0
162032,1,3,130,1,2,50.0,0,N,MELB_URBAN,STREET,6,17.0
162033,1,1,160,2,2,60.0,0,I,MELB_URBAN,STREET,6,8.0
162034,1,1,130,5,2,60.0,0,N,MELB_URBAN,ROAD,6,8.0
162035,1,4,130,5,3,60.0,0,N,MELB_URBAN,ROAD,6,20.0
162036,2,4,102,1,3,60.0,0,I,MELB_URBAN,ROAD,6,19.0
162037,6,4,174,2,2,60.0,0,N,MELB_URBAN,ROAD,6,16.0
162038,1,4,130,5,3,80.0,0,N,MELB_URBAN,ROAD,6,20.0
162039,1,3,120,2,3,60.0,0,N,MELB_URBAN,ROAD,5,22.0
162040,4,4,171,5,5,60.0,0,N,MELB_URBAN,HIGHWAY,6,0.0
162041,4,1,171,2,3,70.0,0,I,MELB_URBAN,ROAD,5,0.0
162042,4,5,171,5,5,100.0,0,N,RURAL_VICTORIA,DRIVE,6,1.0
162043,4,5,99,5,3,50.0,0,N,MELB_URBAN,BOULEVARD,6,3.0
162044,4,0,173,5,2,90.0,0,N,RURAL_VICTORIA,FREEWAY,6,17.0
162045,4,3,171,5,2,100.0,0,N,RURAL_VICTORIA,ROAD,6,17.0
162046,2,4,102,5,2,60.0,0,N,SMALL_CITIES,STREET,6,7.0
162047,8,6,174,5,2,60.0,0,N,RURAL_VICTORIA,ROAD,6,6.0
162048,1,5,147,5,1,60.0,0,N,MELB_URBAN,AVENUE,5,8.0
162049,1,3,132,1,3,60.0,0,I,MELB_URBAN,STREET,6,21.0
162050,1,5,113,4,1,60.0,0,N,RURAL_VICTORIA,ROAD,6,9.0
162051,1,2,130,5,2,100.0,0,N,MELB_URBAN,UNKNOWN,5,16.0
162052,1,6,130,1,1,60.0,0,N,MELB_URBAN,ROAD,5,15.0
162053,1,5,110,1,1,60.0,0,I,SMALL_CITIES,ROAD,6,10.0
162054,1,4,130,5,1,100.0,0,N,MELB_URBAN,FREEWAY,6,11.0
162055,1,5,99,5,1,40.0,0,N,MELB_URBAN,ROAD,6,10.0
162056,1,4,130,5,2,60.0,0,N,RURAL_VICTORIA,BOULEVARD,6,7.0
162057,1,4,130,5,1,60.0,0,N,MELB_URBAN,ROAD,6,11.0
162058,2,3,99,1,2,40.0,0,I,MELB_URBAN,STREET,6,18.0
162059,3,4,167,5,5,80.0,0,N,RURAL_VICTORIA,HIGHWAY,6,4.0
162060,1,5,121,5,2,60.0,0,N,MELB_URBAN,DRIVE,6,7.0
162061,1,6,121,1,1,60.0,0,I,LARGE_PROVINCIAL_CITIES,ROAD,10,14.0
162062,4,5,181,5,1,80.0,0,N,RURAL_VICTORIA,ROAD,6,12.0
162063,1,5,130,5,2,100.0,0,N,SMALL_TOWNS,FREEWAY,6,16.0
162064,1,3,99,5,3,40.0,0,N,MELB_URBAN,STREET,6,21.0
162065,1,5,99,2,1,80.0,0,I,MELB_URBAN,ROAD,6,13.0
162066,2,4,100,1,2,40.0,0,I,MELB_URBAN,HIGHWAY,6,18.0
162067,8,2,99,1,2,60.0,0,I,MELB_URBAN,STREET,6,18.0
162068,1,2,116,1,2,60.0,0,I,MELB_URBAN,STREET,6,17.0
162069,1,4,133,5,9,80.0,0,N,MELB_URBAN,FREEWAY,4,14.0
162070,4,5,173,5,1,100.0,0,N,RURAL_VICTORIA,ROAD,6,15.0
162071,1,5,113,1,1,60.0,0,I,MELB_URBAN,ROAD,6,16.0
162072,1,5,120,5,1,60.0,0,N,MELB_URBAN,ROAD,6,14.0
162073,1,5,113,2,2,50.0,0,I,SMALL_CITIES,BOULEVARD,6,16.0
162074,4,5,173,5,2,80.0,0,N,RURAL_VICTORIA,ROAD,6,16.0
162075,1,4,133,5,2,80.0,0,N,MELB_URBAN,HIGHWAY,6,16.0
162076,1,5,120,5,3,50.0,0,N,MELB_URBAN,AVENUE,6,17.0
162077,4,5,183,5,5,100.0,0,N,RURAL_VICTORIA,ROAD,6,18.0
162078,1,6,130,5,1,60.0,0,N,MELB_URBAN,ROAD,5,15.0
162079,1,5,99,5,2,60.0,0,N,MELB_URBAN,ROAD,6,17.0
162080,1,2,121,2,1,60.0,0,I,MELB_URBAN,STREET,5,13.0
162081,1,5,171,5,3,70.0,0,N,SMALL_CITIES,AVENUE,6,20.0
162082,4,5,183,5,5,100.0,0,N,RURAL_VICTORIA,ROAD,6,20.0
162083,1,5,99,5,5,100.0,0,N,RURAL_VICTORIA,ROAD,6,19.0
162084,1,5,130,5,5,100.0,0,N,RURAL_VICTORIA,FREEWAY,6,19.0
162085,1,6,135,5,1,80.0,0,N,MELB_URBAN,ROAD,5,12.0
162086,2,5,100,5,3,60.0,0,I,MELB_URBAN,STREET,6,23.0
162087,1,5,121,2,2,80.0,0,I,RURAL_VICTORIA,ROAD,6,6.0
162088,3,2,167,5,2,100.0,0,N,RURAL_VICTORIA,HIGHWAY,6,19.0
162089,4,5,181,5,2,100.0,0,N,RURAL_VICTORIA,RAMP,6,9.0
162090,1,1,99,2,6,60.0,0,I,RURAL_VICTORIA,ROAD,6,20.0
162091,1,5,121,1,1,80.0,0,I,MELB_URBAN,ROAD,6,7.0
162092,1,6,120,5,1,100.0,0,N,RURAL_VICTORIA,ROAD,6,10.0
162093,1,6,110,1,1,50.0,0,I,MELB_URBAN,AVENUE,6,9.0
162094,1,6,130,5,1,80.0,0,N,MELB_URBAN,FREEWAY,6,12.0
162095,1,6,121,5,2,60.0,0,N,MELB_URBAN,ROAD,6,6.0
162096,1,6,99,5,1,60.0,0,N,SMALL_CITIES,STREET,6,11.0
162097,1,2,147,5,1,60.0,0,N,MELB_URBAN,ROAD,3,8.0
162098,1,6,130,5,1,60.0,0,N,MELB_URBAN,ROAD,6,12.0
162099,1,4,130,5,1,60.0,0,N,MELB_URBAN,ROAD,5,8.0
162100,2,6,102,5,1,60.0,0,N,MELB_URBAN,OTHER,6,11.0
162101,1,4,99,1,3,60.0,0,I,MELB_URBAN,AVENUE,6,22.0
162102,1,6,135,5,1,100.0,0,N,MELB_URBAN,ROAD,6,11.0
162103,1,6,99,1,1,50.0,0,I,MELB_URBAN,STREET,6,14.0
162104,2,5,100,5,1,40.0,0,N,TOWNS,ROAD,6,15.0
162105,8,6,174,5,1,80.0,0,N,MELB_URBAN,ROAD,6,13.0
162106,1,6,99,5,6,50.0,0,N,MELB_URBAN,AVENUE,6,6.0
162107,1,5,130,1,1,70.0,0,I,MELB_URBAN,OTHER,6,13.0
162108,1,6,130,2,1,50.0,0,I,MELB_URBAN,ROAD,6,14.0
162109,1,6,160,5,1,70.0,0,N,LARGE_PROVINCIAL_CITIES,ROAD,6,15.0
162110,1,1,110,1,2,40.0,0,N,MELB_URBAN,OTHER,6,7.0
162111,1,6,160,5,3,50.0,0,N,RURAL_VICTORIA,DRIVE,6,5.0
162112,1,6,110,1,1,60.0,0,I,MELB_URBAN,BOULEVARD,6,16.0
162113,1,6,140,5,2,100.0,0,N,RURAL_VICTORIA,ROAD,6,16.0
162114,1,6,120,5,1,100.0,0,N,RURAL_VICTORIA,ROAD,6,16.0
162115,2,6,100,1,3,60.0,0,I,MELB_URBAN,STREET,6,19.0
162116,1,6,130,5,1,100.0,0,N,MELB_URBAN,FREEWAY,6,15.0
162117,1,6,121,1,3,60.0,0,N,MELB_URBAN,STREET,6,18.0
162118,1,6,99,5,3,50.0,0,N,MELB_URBAN,STREET,6,20.0
162119,1,6,113,2,1,60.0,0,I,MELB_URBAN,ROAD,6,14.0
162120,1,6,99,5,3,70.0,0,N,MELB_URBAN,ROAD,6,21.0
162121,2,6,99,1,1,60.0,0,I,MELB_URBAN,STREET,6,15.0
162122,2,5,100,1,2,50.0,0,N,MELB_URBAN,HIGHWAY,6,16.0
162123,3,4,167,5,5,100.0,0,N,RURAL_VICTORIA,ROAD,6,22.0
162124,4,7,171,5,3,60.0,0,N,MELB_URBAN,HIGHWAY,6,2.0
162125,1,7,121,2,3,60.0,0,I,MELB_URBAN,ROAD,6,6.0
162126,1,4,113,1,2,60.0,0,I,MELB_URBAN,ROAD,6,8.0
162127,1,5,135,5,1,100.0,0,N,MELB_URBAN,ROAD,6,13.0
162128,1,7,99,5,1,60.0,0,N,MELB_URBAN,HIGHWAY,6,9.0
162129,1,6,130,5,1,100.0,0,N,MELB_URBAN,UNKNOWN,6,10.0
162130,1,7,120,5,1,60.0,0,N,RURAL_VICTORIA,ROAD,6,10.0
162131,1,6,113,2,1,80.0,0,I,MELB_URBAN,HIGHWAY,6,10.0
162132,1,2,130,2,1,60.0,0,I,MELB_URBAN,ROAD,5,9.0
162133,1,3,130,5,1,100.0,0,N,MELB_URBAN,FREEWAY,5,15.0
162134,1,4,130,2,3,80.0,0,I,MELB_URBAN,ROAD,6,18.0
162135,1,6,116,1,1,70.0,0,N,MELB_URBAN,ROAD,6,13.0
162136,1,3,99,2,2,70.0,0,I,MELB_URBAN,ROAD,6,8.0
162137,1,6,110,1,1,50.0,0,I,TOWNS,STREET,6,15.0
162138,1,7,113,1,1,80.0,0,I,SMALL_CITIES,ROAD,6,13.0
162139,1,7,160,5,1,60.0,0,N,TOWNS,ROAD,6,15.0
162140,6,7,99,5,1,80.0,0,N,RURAL_VICTORIA,ROAD,6,13.0
162141,1,7,121,1,3,60.0,0,I,LARGE_PROVINCIAL_CITIES,ROAD,6,18.0
162142,1,2,130,5,2,100.0,0,N,RURAL_VICTORIA,FREEWAY,6,17.0
162143,2,6,99,5,1,60.0,0,N,MELB_URBAN,UNKNOWN,6,14.0
162144,6,1,174,5,1,50.0,0,N,LARGE_PROVINCIAL_CITIES,STREET,5,14.0
162145,1,7,140,2,1,60.0,0,N,MELB_URBAN,HIGHWAY,6,14.0
162146,6,7,99,5,1,100.0,1,N,RURAL_VICTORIA,ROAD,6,9.0
162147,1,7,130,5,2,100.0,0,N,MELB_URBAN,FREEWAY,6,18.0
162148,4,5,171,5,3,60.0,0,N,MELB_URBAN,ROAD,4,3.0
162149,1,6,160,5,3,50.0,0,N,MELB_URBAN,AVENUE,6,21.0
162150,1,6,121,2,1,70.0,0,I,MELB_URBAN,ROAD,6,10.0
162151,4,6,171,2,3,50.0,0,I,MELB_URBAN,AVENUE,6,22.0
162152,1,7,140,2,3,100.0,0,I,RURAL_VICTORIA,HIGHWAY,6,19.0
162153,1,1,99,2,3,50.0,0,N,MELB_URBAN,STREET,6,0.0
162154,1,7,113,1,3,60.0,0,N,MELB_URBAN,ROAD,6,22.0
162155,4,1,173,5,3,60.0,0,N,MELB_URBAN,STREET,6,3.0
162156,1,6,99,2,1,40.0,0,N,RURAL_VICTORIA,ROAD,6,14.0
162157,1,2,130,5,1,80.0,0,N,MELB_URBAN,ROAD,6,15.0
162158,2,7,99,5,1,50.0,0,N,SMALL_TOWNS,UNKNOWN,6,10.0
162159,1,3,111,2,2,50.0,0,I,TOWNS,STREET,5,18.0
162160,1,1,110,4,2,70.0,0,I,RURAL_VICTORIA,HIGHWAY,6,8.0
162161,1,1,99,5,1,60.0,0,I,TOWNS,STREET,6,9.0
162162,1,1,113,2,1,60.0,0,I,MELB_URBAN,STREET,6,12.0
162163,5,0,99,2,1,50.0,0,I,SMALL_CITIES,ROAD,6,13.0
162164,1,1,121,5,1,100.0,0,N,RURAL_VICTORIA,ROAD,6,13.0
162165,1,0,111,1,1,50.0,0,I,RURAL_VICTORIA,ROAD,6,13.0
162166,4,4,171,5,2,100.0,0,N,RURAL_VICTORIA,ROAD,6,18.0
162167,1,0,120,2,1,60.0,0,I,MELB_URBAN,BOULEVARD,6,14.0
162168,4,0,171,5,1,100.0,0,N,RURAL_VICTORIA,ROAD,6,8.0
162169,4,1,171,5,2,60.0,0,N,MELB_URBAN,ROAD,6,9.0
162170,6,1,184,5,2,50.0,0,N,MELB_URBAN,BOULEVARD,6,16.0
162171,4,0,171,5,1,100.0,0,N,UNKNOWN,FREEWAY,6,16.0
162172,1,1,113,2,1,60.0,0,I,MELB_URBAN,ROAD,6,14.0
162173,1,0,110,1,2,60.0,0,I,MELB_URBAN,ROAD,6,17.0
162174,1,1,132,1,3,60.0,0,I,LARGE_PROVINCIAL_CITIES,STREET,6,17.0
162175,1,1,113,3,1,60.0,0,I,MELB_URBAN,ROAD,6,14.0
162176,1,1,130,5,2,80.0,0,N,MELB_URBAN,HIGHWAY,6,17.0
162177,8,1,170,2,2,70.0,0,I,MELB_URBAN,DRIVE,6,17.0
162178,2,0,100,2,3,70.0,0,N,MELB_URBAN,ROAD,6,20.0
162179,1,3,99,5,1,50.0,0,N,MELB_URBAN,STREET,5,15.0
162180,1,0,130,2,2,80.0,0,I,RURAL_VICTORIA,RAMP,6,18.0
162181,2,6,99,2,1,60.0,0,N,MELB_URBAN,RAMP,6,15.0
162182,1,6,130,5,1,80.0,0,N,MELB_URBAN,HIGHWAY,6,12.0
162183,2,1,102,5,2,50.0,0,N,SMALL_CITIES,DRIVE,6,17.0
162184,2,1,100,2,3,60.0,0,I,MELB_URBAN,STREET,6,21.0
162185,1,1,160,1,3,50.0,0,I,MELB_URBAN,STREET,6,2.0
162186,1,4,121,2,1,60.0,0,I,MELB_URBAN,STREET,6,15.0
162187,1,7,99,5,3,80.0,0,N,MELB_URBAN,FREEWAY,12,4.0