,accident_type,day_of_week,dca_code,road_geometry,light_condition,speed_zone,severity,node_type,deg_urban_name,road_type,month,hour
162188,1,1,160,5,6,60.0,0,N,SMALL_CITIES,STREET,4,5.0
162189,6,2,174,5,1,50.0,0,N,SMALL_TOWNS,STREET,4,14.0
162190,4,2,171,5,1,80.0,0,N,MELB_URBAN,ROAD,6,10.0
162191,1,1,132,1,9,60.0,0,I,MELB_URBAN,ROAD,5,14.0
162192,4,1,99,5,1,30.0,0,N,LARGE_PROVINCIAL_CITIES,STREET,6,11.0
162193,1,1,110,1,1,50.0,0,I,SMALL_TOWNS,HIGHWAY,6,11.0
162194,2,1,99,9,4,60.0,0,N,RURAL_VICTORIA,STREET,6,22.0
162195,1,1,99,5,1,50.0,0,N,MELB_URBAN,ROAD,6,13.0
162196,2,4,100,5,6,50.0,0,N,MELB_URBAN,AVENUE,2,2.0
162197,1,2,113,2,1,100.0,0,N,UNKNOWN,ROAD,6,11.0
162198,1,1,121,1,1,50.0,0,I,MELB_URBAN,ROAD,6,11.0
162199,6,1,184,5,1,100.0,0,N,RURAL_VICTORIA,ROAD,6,12.0
162200,1,2,130,5,1,60.0,0,N,TOWNS,ROAD,6,15.0
162201,2,2,99,5,2,60.0,0,N,TOWNS,HIGHWAY,6,17.0
162202,4,2,171,5,1,100.0,0,N,RURAL_VICTORIA,UNKNOWN,6,15.0
162203,1,2,130,5,1,80.0,0,N,MELB_URBAN,RAMP,6,13.0
162204,1,1,134,5,1,110.0,0,N,RURAL_VICTORIA,FREEWAY,6,12.0
162205,1,2,121,2,2,70.0,0,I,RURAL_VICTORIA,ROAD,6,16.0
162206,2,2,100,1,2,80.0,0,I,MELB_URBAN,STREET,6,16.0
162207,1,2,120,5,1,80.0,0,N,MELB_URBAN,ROAD,6,14.0
162208,4,1,183,5,2,50.0,0,N,MELB_URBAN,ROAD,6,16.0
162209,2,2,100,1,1,50.0,0,I,MELB_URBAN,STREET,6,15.0
162210,1,2,160,5,3,50.0,0,N,TOWNS,STREET,6,19.0
162211,9,2,99,5,3,60.0,0,N,MELB_URBAN,ROAD,6,19.0
162212,8,1,99,1,3,60.0,0,N,MELB_URBAN,ROAD,6,21.0
162213,1,2,120,5,5,80.0,0,N,RURAL_VICTORIA,ROAD,6,19.0
162214,5,2,183,5,5,80.0,0,N,RURAL_VICTORIA,ROAD,6,19.0
162215,1,2,121,1,2,40.0,0,N,MELBOURNE_CBD,STREET,6,16.0
162216,1,3,163,5,9,60.0,0,N,MELB_URBAN,ROAD,5,9.0
162217,1,2,120,5,3,50.0,0,N,SMALL_CITIES,OTHER,6,21.0
162218,1,2,130,5,3,60.0,1,N,MELB_URBAN,STREET,6,19.0
162219,1,5,111,2,2,60.0,0,N,SMALL_TOWNS,STREET,6,8.0
162220,1,3,135,5,2,60.0,0,N,MELB_URBAN,ROAD,6,6.0
162221,4,3,171,5,1,100.0,0,N,RURAL_VICTORIA,ROAD,6,7.0
162222,8,1,174,5,1,50.0,0,N,LARGE_PROVINCIAL_CITIES,STREET,12,13.0
162223,1,3,147,5,1,80.0,0,N,RURAL_VICTORIA,ROAD,5,7.0
162224,8,0,99,5,1,60.0,0,N,RURAL_VICTORIA,ROAD,6,10.0
162225,2,3,102,1,1,60.0,0,N,MELB_URBAN,STREET,6,13.0
162226,1,6,130,2,2,60.0,0,I,MELB_URBAN,ROAD,6,17.0
162227,4,2,171,5,1,80.0,0,N,MELB_URBAN,OTHER,6,12.0
162228,1,2,110,1,1,80.0,0,N,RURAL_VICTORIA,ROAD,6,14.0
162229,1,3,99,5,1,100.0,0,N,MELB_URBAN,ROAD,6,13.0
162230,2,3,100,1,1,40.0,0,N,MELB_URBAN,ROAD,6,13.0
162231,7,5,99,5,2,60.0,0,N,RURAL_VICTORIA,OTHER,2,9.0
162232,1,3,110,1,1,100.0,0,I,RURAL_VICTORIA,ROAD,6,15.0
162233,1,6,130,5,9,60.0,0,N,MELB_URBAN,ROAD,6,11.0
162234,1,3,132,5,1,60.0,0,N,SMALL_CITIES,AVENUE,6,16.0
162235,1,2,147,5,1,60.0,0,N,MELB_URBAN,ROAD,6,15.0
162236,1,2,113,1,2,60.0,0,I,MELB_URBAN,ROAD,6,16.0
162237,4,6,173,5,2,60.0,0,N,MELB_URBAN,DRIVE,5,17.0
162238,1,5,130,5,3,50.0,0,N,MELB_URBAN,STREET,6,19.0
162239,1,3,130,5,1,80.0,0,N,MELB_URBAN,HIGHWAY,6,15.0
162240,1,3,113,2,9,80.0,0,I,MELB_URBAN,ROAD,6,16.0
162241,1,5,147,5,1,60.0,0,N,MELB_URBAN,ROAD,6,12.0
162242,1,2,140,5,2,70.0,0,N,MELB_URBAN,ROAD,6,17.0
162243,1,3,130,5,1,40.0,0,N,RURAL_VICTORIA,ROAD,6,8.0
162244,1,6,130,5,1,80.0,0,N,MELB_URBAN,FREEWAY,6,7.0
162245,2,2,102,5,3,50.0,0,N,TOWNS,STREET,6,17.0
162246,1,7,99,5,1,50.0,0,N,MELB_URBAN,STREET,9,11.0
162247,1,2,130,5,2,40.0,0,N,MELB_URBAN,STREET,6,16.0
162248,1,3,130,5,2,80.0,0,N,MELB_URBAN,ROAD,6,18.0
162249,1,2,130,5,2,80.0,0,N,MELB_URBAN,ROAD,6,18.0
162250,1,2,110,1,2,60.0,0,I,SMALL_CITIES,STREET,6,18.0
162251,1,0,133,1,2,60.0,0,N,MELB_URBAN,STREET,6,18.0
162252,1,7,130,5,1,60.0,0,N,MELB_URBAN,HIGHWAY,6,10.0
162253,1,3,130,2,2,50.0,0,I,SMALL_CITIES,DRIVE,6,17.0
162254,1,2,160,5,3,50.0,0,N,MELB_URBAN,ROAD,6,18.0
162255,4,3,181,5,2,100.0,0,N,RURAL_VICTORIA,HIGHWAY,6,16.0
162256,4,3,171,5,5,100.0,0,N,RURAL_VICTORIA,ROAD,6,19.0
162257,6,1,184,5,1,60.0,0,N,RURAL_VICTORIA,OTHER,5,12.0
162258,1,3,130,5,3,40.0,0,N,MELB_URBAN,FREEWAY,6,22.0
162259,4,3,171,5,4,80.0,0,N,RURAL_VICTORIA,ROAD,6,20.0
162260,1,3,173,5,5,50.0,0,N,MELB_URBAN,AVENUE,6,21.0
162261,1,4,130,5,3,70.0,0,N,MELB_URBAN,ROAD,6,0.0
162262,2,4,102,1,2,60.0,0,I,TOWNS,STREET,6,5.0
162263,4,2,173,5,3,80.0,0,N,MELB_URBAN,ROAD,6,22.0
162264,1,2,110,1,2,60.0,0,I,MELB_URBAN,ROAD,6,7.0
162265,7,3,99,2,1,100.0,0,I,RURAL_VICTORIA,ROAD,12,12.0
162266,1,4,130,5,3,50.0,0,N,MELB_URBAN,DRIVE,6,6.0
162267,1,3,130,5,1,60.0,0,N,MELB_URBAN,ROAD,6,9.0
162268,1,4,111,2,1,80.0,0,I,RURAL_VICTORIA,ROAD,6,7.0
162269,4,4,171,5,3,80.0,0,N,MELB_URBAN,ROAD,6,6.0
162270,6,4,174,2,3,60.0,0,N,MELB_URBAN,ROAD,6,6.0
162271,1,3,130,5,2,80.0,0,N,MELB_URBAN,FREEWAY,6,6.0
162272,5,3,99,5,2,100.0,0,N,RURAL_VICTORIA,ROAD,6,6.0
162273,1,3,121,5,2,80.0,0,N,MELB_URBAN,ROAD,6,8.0
162274,1,3,99,1,1,60.0,0,N,MELB_URBAN,STREET,6,9.0
162275,2,3,99,5,1,60.0,0,N,SMALL_CITIES,STREET,6,8.0
162276,1,4,99,2,1,70.0,0,I,MELB_URBAN,ROAD,6,13.0
162277,1,4,130,5,3,50.0,0,N,MELB_URBAN,STREET,6,6.0
162278,7,1,99,5,1,60.0,0,N,TOWNS,HIGHWAY,6,14.0
162279,1,3,121,2,1,70.0,0,N,MELB_URBAN,DRIVE,6,8.0
162280,1,4,121,1,1,80.0,0,I,MELB_URBAN,ROAD,6,8.0
162281,1,4,130,2,6,60.0,0,I,MELB_URBAN,ROAD,6,6.0
162282,1,4,113,2,1,60.0,0,I,MELB_URBAN,ROAD,6,9.0
162283,4,3,99,2,1,40.0,0,I,MELB_URBAN,ROAD,6,13.0
162284,2,2,100,5,1,40.0,0,N,MELB_URBAN,ROAD,6,13.0
162285,1,4,130,1,1,70.0,0,N,LARGE_PROVINCIAL_CITIES,STREET,6,14.0
162286,2,4,102,1,1,60.0,0,I,MELB_URBAN,ROAD,6,15.0
162287,1,4,99,1,1,50.0,0,I,MELB_URBAN,AVENUE,6,9.0
162288,6,4,170,5,2,40.0,0,N,SMALL_TOWNS,ROAD,6,17.0
162289,1,7,130,5,3,60.0,0,N,MELB_URBAN,ROAD,6,18.0
162290,1,3,99,5,1,60.0,0,N,LARGE_PROVINCIAL_CITIES,ROAD,6,14.0
162291,1,3,110,1,2,50.0,0,I,MELB_URBAN,AVENUE,6,16.0
162292,2,3,102,5,2,60.0,0,N,LARGE_PROVINCIAL_CITIES,ROAD,6,17.0
162293,1,2,130,5,1,80.0,0,N,MELB_URBAN,ROAD,6,8.0
162294,4,3,181,5,1,70.0,0,N,RURAL_VICTORIA,ROAD,6,14.0
162295,1,4,121,1,2,60.0,0,N,MELB_URBAN,STREET,6,18.0
162296,1,3,121,2,1,40.0,0,N,MELB_URBAN,ROAD,6,16.0
162297,1,3,99,5,3,40.0,0,N,MELBOURNE_CBD,STREET,6,20.0
162298,1,4,130,5,1,60.0,0,N,MELB_URBAN,AVENUE,6,14.0
162299,4,4,171,5,3,60.0,0,N,MELB_URBAN,STREET,6,20.0
162300,1,4,116,1,2,60.0,0,N,MELB_URBAN,ROAD,6,8.0
162301,1,1,121,5,1,80.0,0,I,MELB_URBAN,ROAD,5,9.0
162302,1,3,140,1,2,80.0,0,N,MELB_URBAN,ROAD,6,6.0
162303,1,3,130,2,1,60.0,0,I,SMALL_CITIES,STREET,6,13.0
162304,1,3,130,5,1,60.0,0,N,MELB_URBAN,ROAD,5,12.0
162305,1,4,130,1,3,60.0,0,I,MELB_URBAN,OTHER,6,1.0
162306,1,5,130,5,1,70.0,0,N,MELB_URBAN,ROAD,6,12.0
162307,4,5,173,5,1,100.0,0,N,RURAL_VICTORIA,HIGHWAY,6,9.0
162308,7,7,184,2,1,60.0,0,N,RURAL_VICTORIA,ROAD,6,13.0
162309,2,2,102,2,1,50.0,0,I,MELB_URBAN,ROAD,6,11.0
162310,1,3,121,1,3,80.0,0,N,MELB_URBAN,ROAD,6,21.0
162311,1,6,110,1,2,60.0,0,I,MELB_URBAN,ROAD,6,16.0
162312,1,4,130,5,1,60.0,0,N,RURAL_VICTORIA,ROAD,6,14.0
162313,1,4,163,5,3,60.0,0,N,MELB_URBAN,ROAD,6,18.0
162314,1,1,130,5,2,60.0,0,N,RURAL_VICTORIA,ROAD,5,6.0
162315,1,6,121,5,3,50.0,0,N,MELB_URBAN,AVENUE,6,21.0
162316,5,5,99,5,1,60.0,0,N,UNKNOWN,AVENUE,6,13.0
162317,1,5,99,5,1,110.0,0,N,RURAL_VICTORIA,FREEWAY,6,11.0
162318,1,5,147,5,2,60.0,0,N,MELB_URBAN,ROAD,6,8.0
162319,1,3,99,5,1,60.0,0,N,SMALL_CITIES,ROAD,3,15.0
162320,1,5,99,5,1,60.0,0,N,MELB_URBAN,RAMP,6,15.0
162321,1,5,163,5,1,40.0,0,N,MELBOURNE_CBD,STREET,6,15.0
162322,2,4,100,5,1,60.0,0,N,MELB_URBAN,STREET,6,16.0
162323,1,4,99,5,1,40.0,0,N,MELB_URBAN,STREET,6,14.0
162324,6,1,99,5,2,100.0,0,N,MELB_URBAN,FREEWAY,6,17.0
162325,1,5,99,2,2,60.0,0,I,MELB_URBAN,ROAD,6,17.0
162326,1,5,113,1,1,100.0,0,I,RURAL_VICTORIA,HIGHWAY,6,15.0
162327,1,3,130,1,1,60.0,0,I,MELB_URBAN,ROAD,6,8.0
162328,1,4,130,5,1,80.0,0,N,MELB_URBAN,OTHER,4,9.0
162329,1,4,111,2,1,40.0,0,I,MELB_URBAN,STREET,6,15.0
162330,1,5,110,1,3,50.0,0,I,MELB_URBAN,OTHER,6,17.0
162331,1,4,110,1,2,60.0,0,I,SMALL_CITIES,RAMP,6,18.0
162332,1,3,130,5,1,100.0,0,N,RURAL_VICTORIA,FREEWAY,6,17.0
162333,1,4,99,2,2,70.0,0,N,MELB_URBAN,ROAD,6,17.0
162334,1,2,130,5,2,100.0,0,N,RURAL_VICTORIA,ROAD,6,17.0
162335,1,5,130,5,9,80.0,0,N,MELB_URBAN,HIGHWAY,6,9.0
162336,1,5,160,5,1,50.0,0,N,LARGE_PROVINCIAL_CITIES,STREET,6,12.0
162337,4,4,99,2,2,100.0,0,I,RURAL_VICTORIA,ROAD,6,17.0
162338,4,5,171,5,5,80.0,0,N,RURAL_VICTORIA,ROAD,6,19.0
162339,1,5,121,2,3,60.0,0,I,LARGE_PROVINCIAL_CITIES,ROAD,6,21.0
162340,1,1,110,1,1,40.0,0,I,SMALL_CITIES,STREET,5,15.0
162341,1,4,110,1,2,60.0,0,N,SMALL_CITIES,STREET,6,16.0
162342,1,5,99,1,1,50.0,0,I,LARGE_PROVINCIAL_CITIES,AVENUE,6,15.0
162343,2,5,102,5,3,60.0,1,N,MELB_URBAN,ROAD,6,22.0
162344,1,3,133,5,1,80.0,0,N,MELB_URBAN,ROAD,6,11.0
162345,1,6,120,5,1,60.0,0,N,MELB_URBAN,ROAD,6,7.0
162346,1,6,110,1,3,80.0,0,I,RURAL_VICTORIA,ROAD,6,6.0
162347,2,5,99,2,3,50.0,0,I,MELB_URBAN,OTHER,3,23.0
162348,1,5,130,1,1,60.0,0,N,MELB_URBAN,ROAD,6,7.0
162349,1,2,130,2,1,60.0,0,N,MELB_URBAN,ROAD,6,11.0
162350,7,7,99,5,1,50.0,0,N,RURAL_VICTORIA,ROAD,6,15.0
162351,1,6,130,5,1,100.0,0,N,MELB_URBAN,FREEWAY,6,11.0
162352,2,5,99,5,1,80.0,0,N,UNKNOWN,ROAD,6,13.0
162353,1,5,110,1,1,60.0,0,I,SMALL_CITIES,STREET,5,9.0
162354,1,6,130,5,1,70.0,0,N,MELB_URBAN,ROAD,6,11.0
162355,1,5,110,1,1,60.0,0,I,TOWNS,STREET,6,11.0
162356,1,6,120,5,3,60.0,0,N,MELB_URBAN,ROAD,6,6.0
162357,2,6,99,5,1,50.0,0,N,MELB_URBAN,OTHER,6,9.0
162358,1,4,130,5,1,60.0,0,N,SMALL_CITIES,AVENUE,3,16.0
162359,1,6,99,2,1,50.0,0,I,MELB_URBAN,OTHER,6,12.0
162360,1,6,132,2,1,60.0,0,N,MELB_URBAN,ROAD,6,12.0
162361,1,5,121,5,1,70.0,0,N,MELB_URBAN,DRIVE,6,9.0
162362,4,6,99,5,1,60.0,0,N,MELB_URBAN,STREET,6,12.0
162363,1,3,130,5,1,50.0,0,N,SMALL_TOWNS,ROAD,6,13.0
162364,1,6,110,1,1,50.0,0,I,MELB_URBAN,AVENUE,6,9.0
162365,4,6,171,1,1,50.0,0,I,TOWNS,STREET,6,14.0
162366,1,6,130,5,1,80.0,0,N,MELB_URBAN,RAMP,6,14.0
162367,1,6,99,5,9,50.0,0,N,MELB_URBAN,ROAD,6,11.0
162368,2,6,100,2,2,50.0,0,I,SMALL_CITIES,STREET,6,16.0
162369,1,3,99,1,1,80.0,0,N,SMALL_CITIES,AVENUE,6,15.0
162370,1,3,99,5,2,50.0,0,N,MELB_URBAN,STREET,6,18.0
162371,1,5,130,5,1,80.0,0,N,RURAL_VICTORIA,ROAD,6,17.0
162372,1,5,130,5,3,60.0,0,N,MELB_URBAN,ROAD,6,18.0
162373,1,5,110,1,3,60.0,0,I,LARGE_PROVINCIAL_CITIES,ROAD,6,17.0
162374,1,5,113,2,2,50.0,0,I,MELB_URBAN,DRIVE,6,17.0
162375,1,6,121,2,2,60.0,0,I,SMALL_CITIES,ROAD,6,17.0
162376,1,6,121,5,1,40.0,0,N,MELB_URBAN,STREET,6,15.0
162377,1,6,134,5,2,60.0,0,N,MELB_URBAN,ROAD,6,17.0
162378,1,6,130,5,1,100.0,0,N,MELB_URBAN,RAMP,6,15.0
162379,2,6,102,1,3,60.0,0,I,SMALL_CITIES,STREET,6,17.0
162380,1,6,132,5,1,80.0,0,N,RURAL_VICTORIA,ROAD,6,16.0
162381,1,6,121,5,1,50.0,0,N,MELB_URBAN,ROAD,6,15.0
162382,1,6,110,1,1,60.0,0,I,LARGE_PROVINCIAL_CITIES,ROAD,6,16.0
162383,1,5,130,5,3,80.0,0,N,MELB_URBAN,FREEWAY,6,19.0
162384,5,5,99,5,5,100.0,0,N,RURAL_VICTORIA,ROAD,6,21.0
162385,4,4,171,2,3,60.0,0,N,MELB_URBAN,BOULEVARD,6,21.0
162386,1,7,121,1,3,60.0,0,I,MELB_URBAN,STREET,6,1.0
162387,1,6,99,5,3,100.0,0,N,MELB_URBAN,ROAD,6,23.0
162388,1,7,110,1,3,80.0,0,N,MELB_URBAN,ROAD,6,1.0
162389,4,7,173,5,5,100.0,0,N,RURAL_VICTORIA,ROAD,6,3.0
162390,4,7,99,2,5,80.0,0,N,RURAL_VICTORIA,ROAD,6,1.0
162391,1,2,121,2,1,60.0,0,I,TOWNS,HIGHWAY,6,14.0
162392,1,2,130,5,2,40.0,0,N,MELB_URBAN,ROAD,6,18.0
162393,1,5,99,2,3,60.0,0,I,MELB_URBAN,ROAD,5,18.0
162394,5,6,99,5,1,60.0,0,N,MELB_URBAN,ROAD,6,7.0
162395,1,7,110,1,1,60.0,0,I,RURAL_VICTORIA,STREET,6,8.0
162396,1,6,110,1,1,60.0,0,I,SMALL_CITIES,STREET,6,9.0
162397,4,7,181,5,2,80.0,1,N,RURAL_VICTORIA,ROAD,6,7.0
162398,5,5,99,5,9,60.0,0,N,MELB_URBAN,AVENUE,6,20.0
162399,1,4,130,5,2,60.0,0,N,MELB_URBAN,HIGHWAY,5,17.0
162400,1,7,99,2,1,70.0,0,I,MELB_URBAN,ROAD,6,12.0
162401,2,6,100,1,1,60.0,0,I,MELB_URBAN,ROAD,6,14.0
162402,2,6,99,5,1,40.0,0,N,MELB_URBAN,ROAD,6,9.0
162403,8,7,174,5,1,60.0,0,N,MELB_URBAN,STREET,4,13.0
162404,1,5,130,5,5,60.0,0,N,MELB_URBAN,ROAD,6,17.0
162405,1,7,121,2,1,50.0,0,I,MELB_URBAN,AVENUE,6,13.0
162406,4,7,181,5,1,80.0,0,N,SMALL_TOWNS,HIGHWAY,6,11.0
162407,1,7,99,2,1,100.0,0,I,RURAL_VICTORIA,ROAD,6,11.0
162408,1,7,121,2,1,50.0,0,I,MELB_URBAN,STREET,6,14.0
162409,1,7,99,2,1,80.0,0,I,RURAL_VICTORIA,OTHER,6,15.0
162410,1,7,113,2,1,50.0,0,I,MELB_URBAN,AVENUE,6,14.0
162411,1,7,147,2,1,50.0,0,I,TOWNS,STREET,6,16.0
162412,1,3,130,5,1,80.0,0,N,MELB_URBAN,ROAD,6,11.0
162413,1,3,130,2,2,60.0,0,I,MELB_URBAN,DRIVE,5,6.0
162414,1,7,160,5,1,50.0,0,N,MELB_URBAN,STREET,6,15.0
162415,4,6,181,5,3,60.0,0,N,MELB_URBAN,ROAD,6,21.0
162416,1,7,147,5,1,50.0,0,N,MELB_URBAN,AVENUE,6,14.0
162417,1,7,120,5,3,60.0,0,N,MELB_URBAN,ROAD,5,22.0
162418,4,7,171,5,5,100.0,0,N,RURAL_VICTORIA,ROAD,6,17.0
162419,2,6,100,5,1,80.0,0,N,MELB_URBAN,ROAD,6,13.0
162420,1,7,130,5,1,60.0,0,N,MELB_URBAN,ROAD,6,17.0
162421,4,6,173,2,1,50.0,0,N,TOWNS,STREET,6,16.0
162422,1,5,130,3,2,80.0,0,I,MELB_URBAN,ROAD,2,17.0
162423,1,6,113,2,9,60.0,0,I,SMALL_CITIES,ROAD,6,17.0
162424,1,7,99,2,3,60.0,0,I,MELB_URBAN,STREET,6,21.0
162425,4,7,173,5,3,100.0,0,N,MELB_URBAN,FREEWAY,6,19.0
162426,1,7,130,5,3,40.0,0,N,MELB_URBAN,STREET,6,21.0
162427,2,7,99,5,3,40.0,0,N,MELB_URBAN,STREET,6,21.0
162428,1,7,111,2,3,60.0,0,I,MELB_URBAN,ROAD,6,22.0
162429,1,6,130,1,3,60.0,0,I,MELB_URBAN,ROAD,6,18.0
162430,2,7,102,1,3,40.0,0,I,MELBOURNE_CBD,STREET,6,21.0
162431,4,1,171,5,3,40.0,0,N,MELBOURNE_CBD,STREET,6,1.0
162432,1,7,147,5,3,80.0,0,N,MELB_URBAN,ROAD,6,22.0
162433,4,1,99,5,3,50.0,0,N,SMALL_CITIES,DRIVE,6,4.0
162434,1,1,130,5,5,100.0,0,N,RURAL_VICTORIA,HIGHWAY,6,4.0
162435,1,1,113,3,1,80.0,0,I,MELB_URBAN,HIGHWAY,3,10.0
162436,1,0,99,2,1,50.0,0,I,MELB_URBAN,OTHER,6,10.0
162437,1,3,130,1,3,80.0,0,N,MELB_URBAN,ROAD,5,19.0
162438,6,1,184,5,1,80.0,0,N,RURAL_VICTORIA,ROAD,6,10.0
162439,1,3,121,1,1,60.0,0,I,MELB_URBAN,ROAD,5,7.0
162440,1,1,99,1,1,60.0,0,I,MELB_URBAN,STREET,6,10.0
162441,1,5,110,1,3,60.0,0,N,MELB_URBAN,OTHER,6,21.0
162442,1,5,130,5,2,100.0,0,N,MELB_URBAN,RAMP,6,8.0
162443,1,3,130,5,2,80.0,0,N,MELB_URBAN,ROAD,5,7.0
162444,4,1,171,5,1,50.0,0,N,RURAL_VICTORIA,STREET,6,12.0
162445,1,1,113,1,1,70.0,0,I,LARGE_PROVINCIAL_CITIES,ROAD,6,13.0
162446,2,1,99,6,1,60.0,0,N,MELB_URBAN,OTHER,6,11.0
162447,4,1,99,2,1,50.0,0,I,TOWNS,AVENUE,6,9.0
162448,1,1,140,5,1,70.0,0,N,MELB_URBAN,ROAD,6,14.0
162449,1,6,130,5,1,60.0,0,N,MELB_URBAN,STREET,6,11.0
162450,2,7,99,1,1,60.0,0,I,MELB_URBAN,HIGHWAY,6,13.0
162451,1,3,130,5,1,70.0,0,N,LARGE_PROVINCIAL_CITIES,ROAD,6,12.0
162452,2,0,102,2,1,60.0,0,I,MELB_URBAN,ROAD,6,16.0
162453,1,1,99,5,3,60.0,0,N,MELB_URBAN,STREET,6,17.0
162454,1,1,160,5,2,50.0,0,N,MELB_URBAN,AVENUE,6,18.0
162455,1,1,110,1,1,40.0,0,I,MELB_URBAN,STREET,6,15.0
162456,1,1,130,5,3,80.0,0,N,MELB_URBAN,ROAD,6,19.0
162457,1,3,163,5,2,60.0,0,N,MELB_URBAN,STREET,6,9.0
162458,1,0,121,1,3,70.0,0,N,MELB_URBAN,HIGHWAY,6,21.0
162459,1,2,147,5,2,50.0,0,N,MELB_URBAN,AVENUE,6,17.0
162460,1,3,130,5,3,100.0,0,N,MELB_URBAN,FREEWAY,6,18.0
162461,1,1,116,2,3,40.0,0,I,MELB_URBAN,AVENUE,6,19.0
162462,1,2,160,5,3,50.0,0,N,MELB_URBAN,STREET,6,6.0
162463,1,1,110,1,1,70.0,0,I,RURAL_VICTORIA,ROAD,6,13.0
162464,1,1,121,1,1,60.0,0,I,MELB_URBAN,ROAD,6,7.0
162465,2,5,102,1,2,40.0,0,N,MELB_URBAN,STREET,6,6.0
162466,1,1,113,1,1,60.0,0,I,MELB_URBAN,STREET,6,8.0
162467,1,3,116,2,2,60.0,0,I,MELB_URBAN,DRIVE,6,8.0
162468,4,2,173,5,1,80.0,0,N,MELB_URBAN,HIGHWAY,6,9.0
162469,5,2,99,5,2,100.0,0,N,RURAL_VICTORIA,ROAD,6,7.0
162470,1,0,121,1,3,60.0,0,I,SMALL_CITIES,ROAD,6,19.0
162471,1,1,130,5,1,60.0,0,N,MELB_URBAN,ROAD,6,11.0
162472,1,3,130,5,1,60.0,0,N,MELB_URBAN,STREET,6,12.0
162473,6,7,174,5,1,100.0,0,N,RURAL_VICTORIA,ROAD,6,10.0
162474,1,5,130,5,3,60.0,0,N,LARGE_PROVINCIAL_CITIES,HIGHWAY,6,7.0
162475,1,2,113,2,1,80.0,0,I,RURAL_VICTORIA,ROAD,6,10.0
162476,7,5,99,5,1,60.0,0,N,MELB_URBAN,STREET,6,10.0
162477,4,1,171,1,1,50.0,0,I,SMALL_CITIES,STREET,6,12.0
162478,6,3,174,2,1,100.0,0,N,RURAL_VICTORIA,ROAD,4,16.0
162479,1,2,130,5,1,60.0,0,N,MELB_URBAN,ROAD,6,12.0
162480,1,1,130,2,1,70.0,0,I,MELB_URBAN,ROAD,6,12.0
162481,1,6,113,3,2,60.0,0,I,MELB_URBAN,ROAD,5,6.0
162482,1,4,113,1,1,60.0,0,I,MELB_URBAN,ROAD,5,16.0
162483,2,2,102,1,3,60.0,0,I,MELB_URBAN,ROAD,6,7.0
162484,1,2,130,5,1,110.0,0,N,RURAL_VICTORIA,FREEWAY,6,9.0
162485,1,2,99,2,6,60.0,0,I,MELB_URBAN,STREET,4,21.0
162486,1,1,130,5,5,100.0,0,N,RURAL_VICTORIA,FREEWAY,6,6.0
162487,8,2,174,5,1,50.0,0,N,SMALL_CITIES,STREET,6,16.0
162488,1,2,130,5,1,80.0,0,N,MELB_URBAN,FREEWAY,6,16.0
162489,1,1,135,1,1,50.0,0,N,MELB_URBAN,STREET,6,14.0
162490,1,2,130,5,1,100.0,0,N,MELB_URBAN,RAMP,6,13.0
162491,2,2,99,1,1,60.0,0,N,LARGE_PROVINCIAL_CITIES,STREET,6,17.0
162492,1,2,116,1,1,50.0,0,I,TOWNS,STREET,6,14.0
162493,1,6,147,5,2,50.0,0,N,MELB_URBAN,ROAD,3,17.0
162494,2,1,100,4,1,60.0,0,N,MELB_URBAN,ROAD,6,15.0
162495,1,3,130,2,1,60.0,0,I,MELB_URBAN,ROAD,6,14.0
162496,1,2,130,5,5,80.0,0,N,MELB_URBAN,HIGHWAY,6,17.0
162497,1,2,130,5,2,80.0,0,N,MELB_URBAN,ROAD,6,18.0
162498,1,2,121,1,3,60.0,0,I,MELB_URBAN,ROAD,6,17.0
162499,4,1,173,5,5,100.0,0,N,RURAL_VICTORIA,ROAD,6,1.0
162500,4,2,183,5,5,100.0,0,N,RURAL_VICTORIA,ROAD,6,18.0
162501,4,1,171,5,1,100.0,0,N,RURAL_VICTORIA,HIGHWAY,6,11.0
162502,1,2,130,5,1,60.0,0,N,MELB_URBAN,ROAD,6,16.0
162503,1,0,130,5,1,40.0,0,N,TOWNS,FREEWAY,1,16.0
162504,1,1,113,2,1,60.0,0,N,MELB_URBAN,ROAD,6,12.0
162505,7,0,99,5,9,80.0,0,N,RURAL_VICTORIA,ROAD,6,15.0
162506,1,1,111,2,3,60.0,0,N,MELB_URBAN,STREET,6,21.0
162507,1,1,99,5,1,60.0,0,N,MELB_URBAN,BOULEVARD,6,15.0
162508,2,6,99,5,1,60.0,0,N,MELB_URBAN,STREET,6,10.0
162509,6,0,99,5,5,60.0,0,N,RURAL_VICTORIA,ROAD,6,23.0
162510,2,1,99,5,3,60.0,0,N,MELB_URBAN,DRIVE,6,22.0
162511,1,2,110,1,6,80.0,0,I,SMALL_TOWNS,ROAD,6,1.0
162512,1,1,130,5,1,60.0,0,N,MELB_URBAN,ROAD,6,10.0
162513,1,3,110,1,5,40.0,0,N,RURAL_VICTORIA,ROAD,6,4.0
162514,1,5,121,1,1,60.0,0,I,MELB_URBAN,STREET,6,7.0
162515,1,7,121,2,9,50.0,0,N,MELB_URBAN,ROAD,6,10.0
162516,1,2,121,2,1,50.0,0,I,SMALL_CITIES,ROAD,6,14.0