,accident_type,day_of_week,dca_code,road_geometry,light_condition,speed_zone,severity,node_type,deg_urban_name,road_type,month,hour
162517,2,2,102,5,1,60.0,0,N,MELB_URBAN,ROAD,6,8.0
162518,4,2,171,2,1,80.0,0,I,RURAL_VICTORIA,ROAD,6,9.0
162519,4,3,181,5,1,80.0,0,N,RURAL_VICTORIA,ROAD,6,7.0
162520,1,3,160,5,1,50.0,0,N,TOWNS,STREET,6,8.0
162521,1,3,120,5,1,40.0,0,N,TOWNS,STREET,6,8.0
162522,1,2,130,5,1,80.0,0,N,MELB_URBAN,OTHER,6,10.0
162523,1,2,130,5,2,60.0,0,N,MELB_URBAN,STREET,3,19.0
162524,1,4,99,2,1,60.0,0,N,MELB_URBAN,ROAD,6,10.0
162525,1,2,133,5,1,100.0,0,N,MELB_URBAN,RAMP,6,9.0
162526,8,6,99,1,1,60.0,0,I,MELB_URBAN,ROAD,6,13.0
162527,1,2,120,5,1,50.0,0,N,MELB_URBAN,STREET,6,15.0
162528,1,2,133,5,2,60.0,0,N,MELB_URBAN,STREET,6,7.0
162529,6,3,170,1,5,100.0,0,I,RURAL_VICTORIA,ROAD,6,5.0
162530,1,3,130,5,2,100.0,0,N,MELB_URBAN,FREEWAY,5,7.0
162531,1,1,121,1,3,80.0,0,I,MELB_URBAN,HIGHWAY,6,21.0
162532,1,2,130,1,3,50.0,0,I,LARGE_PROVINCIAL_CITIES,UNKNOWN,6,18.0
162533,1,4,130,5,2,80.0,0,N,MELB_URBAN,ROAD,5,16.0
162534,4,2,171,5,1,50.0,0,N,MELB_URBAN,ROAD,6,11.0
162535,1,3,160,5,1,60.0,0,N,MELB_URBAN,STREET,6,12.0
162536,4,3,173,5,1,110.0,0,N,RURAL_VICTORIA,FREEWAY,6,11.0
162537,8,7,174,5,1,100.0,0,N,RURAL_VICTORIA,OTHER,6,10.0
162538,1,6,133,5,1,60.0,0,N,MELB_URBAN,ROAD,6,12.0
162539,1,3,160,1,1,50.0,0,I,MELB_URBAN,STREET,6,15.0
162540,1,1,121,2,3,60.0,0,I,MELB_URBAN,BOULEVARD,5,19.0
162541,6,3,174,5,1,50.0,0,N,SMALL_CITIES,STREET,6,16.0
162542,1,3,130,5,1,50.0,0,N,TOWNS,STREET,6,16.0
162543,1,4,130,1,9,60.0,0,I,SMALL_TOWNS,ROAD,1,11.0
162544,4,3,173,5,1,40.0,0,N,MELB_URBAN,STREET,6,15.0
162545,1,2,160,5,3,50.0,0,N,MELB_URBAN,ROAD,6,21.0
162546,1,2,121,5,2,60.0,0,N,MELB_URBAN,ROAD,6,17.0
162547,1,4,121,2,1,60.0,0,I,MELB_URBAN,ROAD,6,14.0
162548,6,3,184,2,1,60.0,0,I,SMALL_CITIES,HIGHWAY,6,17.0
162549,1,3,99,2,2,50.0,0,I,MELB_URBAN,ROAD,6,17.0
162550,1,3,113,2,1,100.0,0,I,RURAL_VICTORIA,HIGHWAY,6,16.0
162551,1,2,130,5,1,100.0,0,N,MELB_URBAN,ROAD,6,15.0
162552,4,2,173,1,5,80.0,0,N,RURAL_VICTORIA,ROAD,6,17.0
162553,9,3,99,5,1,40.0,0,N,MELBOURNE_CBD,STREET,6,15.0
162554,1,2,121,2,1,50.0,0,I,MELB_URBAN,BOULEVARD,6,17.0
162555,4,2,99,6,5,60.0,0,N,RURAL_VICTORIA,OTHER,6,19.0
162556,6,3,99,5,1,100.0,0,N,RURAL_VICTORIA,HIGHWAY,6,15.0
162557,1,3,140,5,3,70.0,0,N,MELB_URBAN,ROAD,6,20.0
162558,4,3,99,5,5,50.0,0,N,MELB_URBAN,PARADE,6,21.0
162559,1,3,110,1,3,70.0,0,I,MELB_URBAN,ROAD,6,20.0
162560,3,1,167,5,1,60.0,0,N,MELB_URBAN,UNKNOWN,6,6.0
162561,1,3,134,2,3,60.0,0,I,MELB_URBAN,STREET,6,21.0
162562,4,3,99,2,3,50.0,0,I,MELB_URBAN,BOULEVARD,6,21.0
162563,1,4,110,1,3,80.0,0,N,MELB_URBAN,ROAD,6,0.0
162564,1,2,110,1,2,60.0,0,I,TOWNS,STREET,6,5.0
162565,4,4,171,5,5,110.0,0,N,RURAL_VICTORIA,FREEWAY,6,1.0
162566,4,4,173,5,5,110.0,0,N,RURAL_VICTORIA,FREEWAY,6,2.0
162567,1,2,116,2,3,60.0,0,I,MELB_URBAN,ROAD,6,20.0
162568,1,7,130,1,1,60.0,0,N,LARGE_PROVINCIAL_CITIES,STREET,6,16.0
162569,1,4,130,5,1,100.0,0,N,MELB_URBAN,RAMP,5,8.0
162570,1,4,116,2,6,80.0,0,I,MELB_URBAN,ROAD,5,19.0
162571,1,3,130,5,1,40.0,0,N,SMALL_CITIES,STREET,6,8.0
162572,6,0,174,2,1,50.0,0,N,SMALL_CITIES,OTHER,6,16.0
162573,1,2,130,5,1,50.0,0,N,LARGE_PROVINCIAL_CITIES,STREET,6,9.0
162574,1,4,130,2,2,60.0,0,I,LARGE_PROVINCIAL_CITIES,ROAD,6,8.0
162575,1,5,116,2,3,60.0,0,I,MELB_URBAN,ROAD,6,19.0
162576,1,4,130,5,1,40.0,0,N,TOWNS,HIGHWAY,6,9.0
162577,1,4,113,2,1,60.0,0,I,MELB_URBAN,ROAD,6,9.0
162578,1,3,121,2,1,80.0,0,N,MELB_URBAN,HIGHWAY,6,9.0
162579,1,3,121,1,1,60.0,0,I,MELB_URBAN,STREET,6,8.0
162580,1,6,111,2,1,50.0,0,I,RURAL_VICTORIA,BOULEVARD,6,13.0
162581,1,4,121,1,1,60.0,0,I,MELB_URBAN,STREET,6,12.0
162582,5,4,171,1,1,60.0,0,N,TOWNS,STREET,6,14.0
162583,1,4,130,5,1,60.0,0,N,MELB_URBAN,ROAD,6,14.0
162584,1,4,113,2,2,50.0,0,N,MELB_URBAN,STREET,6,16.0
162585,1,2,130,5,1,100.0,0,N,MELB_URBAN,FREEWAY,4,16.0
162586,1,4,99,5,2,60.0,0,N,MELB_URBAN,DRIVE,6,16.0
162587,4,7,183,5,5,100.0,0,N,RURAL_VICTORIA,ROAD,5,5.0
162588,1,4,116,2,3,50.0,0,N,MELB_URBAN,STREET,6,17.0
162589,7,6,99,5,1,60.0,0,N,RURAL_VICTORIA,ROAD,6,13.0
162590,1,3,130,5,4,60.0,0,N,MELB_URBAN,ROAD,6,18.0
162591,1,4,130,5,3,60.0,0,N,MELB_URBAN,ROAD,6,23.0
162592,1,4,160,5,5,50.0,0,N,MELB_URBAN,OTHER,6,17.0
162593,1,2,121,2,3,80.0,0,I,RURAL_VICTORIA,HIGHWAY,6,6.0
162594,1,4,120,5,3,60.0,0,N,MELB_URBAN,STREET,6,18.0
162595,2,4,102,2,1,50.0,0,I,MELB_URBAN,ROAD,6,15.0
162596,1,6,130,2,6,50.0,0,I,LARGE_PROVINCIAL_CITIES,AVENUE,6,20.0
162597,1,4,99,5,1,40.0,0,N,MELBOURNE_CBD,STREET,6,14.0
162598,1,4,130,5,5,100.0,0,N,RURAL_VICTORIA,FREEWAY,6,20.0
162599,1,4,130,5,2,40.0,0,N,MELB_URBAN,ROAD,6,17.0
162600,6,4,174,5,3,40.0,0,N,MELB_URBAN,STREET,6,17.0
162601,1,5,130,2,3,60.0,0,N,MELB_URBAN,ROAD,6,0.0
162602,4,5,171,5,5,100.0,0,N,RURAL_VICTORIA,ROAD,6,4.0
162603,4,5,183,5,3,60.0,0,N,LARGE_PROVINCIAL_CITIES,ROAD,6,6.0
162604,1,5,121,2,1,40.0,0,I,MELB_URBAN,HIGHWAY,6,8.0
162605,1,4,130,2,2,60.0,0,I,LARGE_PROVINCIAL_CITIES,STREET,6,7.0
162606,1,4,113,3,2,80.0,0,N,MELB_URBAN,ROAD,6,9.0
162607,1,5,140,5,1,50.0,0,N,MELB_URBAN,STREET,6,9.0
162608,5,0,99,2,1,60.0,0,N,RURAL_VICTORIA,ROAD,2,12.0
162609,8,2,184,5,1,60.0,0,N,MELB_URBAN,ROAD,6,11.0
162610,1,5,120,5,2,100.0,0,N,MELB_URBAN,ROAD,6,7.0
162611,5,5,99,5,1,40.0,0,N,RURAL_VICTORIA,ROAD,6,11.0
162612,2,4,99,5,1,60.0,0,N,LARGE_PROVINCIAL_CITIES,ROAD,6,10.0
162613,4,4,171,5,1,100.0,0,N,RURAL_VICTORIA,FREEWAY,6,9.0
162614,1,5,110,1,1,60.0,0,I,TOWNS,STREET,6,8.0
162615,1,5,120,5,5,80.0,0,N,TOWNS,ROAD,6,6.0
162616,4,5,171,5,3,80.0,0,N,TOWNS,ROAD,4,23.0
162617,4,5,173,5,1,30.0,0,N,LARGE_PROVINCIAL_CITIES,STREET,6,9.0
162618,2,4,100,5,1,70.0,0,N,MELB_URBAN,ROAD,6,12.0
162619,1,5,113,2,1,40.0,0,I,MELB_URBAN,ROAD,6,8.0
162620,2,4,102,3,1,40.0,0,N,MELB_URBAN,STREET,6,11.0
162621,8,7,99,5,1,80.0,0,N,RURAL_VICTORIA,ROAD,2,18.0
162622,1,4,120,5,1,100.0,0,N,RURAL_VICTORIA,HIGHWAY,6,15.0
162623,1,5,121,1,1,60.0,0,I,MELB_URBAN,ROAD,6,12.0
162624,1,3,111,1,1,60.0,0,I,RURAL_VICTORIA,ROAD,6,15.0
162625,1,5,173,5,1,60.0,0,I,MELB_URBAN,AVENUE,6,12.0
162626,1,5,121,1,1,60.0,0,I,MELB_URBAN,ROAD,6,14.0
162627,1,4,120,5,1,100.0,0,N,RURAL_VICTORIA,HIGHWAY,6,13.0
162628,1,6,130,5,1,60.0,0,I,MELB_URBAN,ROAD,6,8.0
162629,8,1,174,5,1,80.0,0,N,RURAL_VICTORIA,OTHER,6,16.0
162630,1,5,130,5,1,80.0,0,N,MELB_URBAN,HIGHWAY,6,15.0
162631,1,5,113,2,1,80.0,0,N,MELB_URBAN,OTHER,6,15.0
162632,1,1,111,2,1,60.0,0,I,MELB_URBAN,STREET,6,15.0
162633,1,5,120,5,1,60.0,0,N,SMALL_TOWNS,ROAD,6,13.0
162634,1,4,160,5,6,50.0,0,N,MELB_URBAN,STREET,6,17.0
162635,1,5,121,5,2,80.0,0,N,MELB_URBAN,ROAD,6,17.0
162636,2,4,99,5,1,40.0,0,N,MELB_URBAN,STREET,6,14.0
162637,1,5,130,5,5,40.0,0,N,RURAL_VICTORIA,ROAD,6,18.0
162638,8,2,99,5,3,70.0,0,N,SMALL_CITIES,ROAD,9,21.0
162639,1,5,110,1,1,50.0,0,I,SMALL_CITIES,STREET,6,15.0
162640,1,5,121,1,6,40.0,0,O,MELB_URBAN,UNKNOWN,6,17.0
162641,1,5,132,3,2,60.0,0,I,SMALL_CITIES,STREET,6,18.0
162642,1,5,111,2,3,80.0,0,I,MELB_URBAN,ROAD,6,21.0
162643,1,5,110,1,3,60.0,0,I,MELB_URBAN,ROAD,6,19.0
162644,1,5,130,1,2,60.0,0,I,MELB_URBAN,STREET,6,18.0
162645,2,5,102,1,3,40.0,0,I,MELB_URBAN,STREET,6,22.0
162646,1,5,121,1,3,60.0,0,I,MELB_URBAN,ROAD,6,22.0
162647,1,5,130,5,5,100.0,0,N,RURAL_VICTORIA,HIGHWAY,6,22.0
162648,4,6,171,5,3,60.0,0,N,LARGE_PROVINCIAL_CITIES,ROAD,6,2.0
162649,4,2,171,2,3,50.0,0,I,MELB_URBAN,STREET,6,20.0
162650,1,5,130,5,2,100.0,0,N,MELB_URBAN,FREEWAY,6,18.0
162651,8,6,174,2,1,40.0,0,O,MELB_URBAN,UNKNOWN,6,9.0
162652,1,6,130,5,1,60.0,0,N,LARGE_PROVINCIAL_CITIES,HIGHWAY,6,8.0
162653,2,6,99,5,1,60.0,0,N,MELB_URBAN,AVENUE,6,10.0
162654,1,5,121,1,2,60.0,0,I,MELB_URBAN,ROAD,6,6.0
162655,1,6,130,5,2,40.0,0,N,MELB_URBAN,ROAD,6,9.0
162656,1,6,113,2,1,60.0,0,I,MELB_URBAN,ROAD,6,10.0
162657,1,1,130,5,5,80.0,0,N,MELB_URBAN,OTHER,6,6.0
162658,1,6,116,1,1,60.0,0,I,MELB_URBAN,STREET,6,12.0
162659,1,6,160,5,1,50.0,0,N,MELB_URBAN,STREET,6,12.0
162660,1,5,110,1,9,80.0,0,I,MELB_URBAN,OTHER,4,14.0
162661,1,7,121,4,3,60.0,0,I,MELB_URBAN,RAMP,6,18.0
162662,1,6,113,2,1,70.0,0,I,MELB_URBAN,ROAD,6,10.0
162663,4,5,99,5,1,60.0,0,N,MELB_URBAN,PARADE,6,14.0
162664,1,1,130,5,2,100.0,0,N,MELB_URBAN,FREEWAY,6,6.0
162665,4,6,171,5,2,80.0,0,N,RURAL_VICTORIA,ROAD,6,18.0
162666,1,6,133,5,1,60.0,0,N,MELB_URBAN,ROAD,6,7.0
162667,3,4,167,5,9,60.0,0,N,RURAL_VICTORIA,ROAD,6,19.0
162668,1,6,140,4,1,110.0,0,N,RURAL_VICTORIA,FREEWAY,6,13.0
162669,1,6,130,5,5,80.0,0,N,SMALL_CITIES,ROAD,5,6.0
162670,2,5,102,2,6,70.0,0,N,MELB_URBAN,STREET,6,6.0
162671,2,6,102,5,3,70.0,0,N,MELB_URBAN,ROAD,6,18.0
162672,1,0,111,2,3,60.0,0,N,MELB_URBAN,ROAD,6,19.0
162673,1,6,121,2,1,70.0,0,I,RURAL_VICTORIA,ROAD,6,15.0
162674,1,6,140,5,2,60.0,0,N,TOWNS,ROAD,6,18.0
162675,1,6,121,2,1,80.0,1,I,MELB_URBAN,ROAD,6,16.0
162676,4,5,183,5,9,80.0,0,N,RURAL_VICTORIA,ROAD,6,16.0
162677,1,6,130,5,1,60.0,0,N,MELB_URBAN,ROAD,6,15.0
162678,4,6,99,5,2,50.0,0,N,MELB_URBAN,ROAD,6,17.0
162679,1,6,130,5,2,80.0,0,N,MELB_URBAN,ROAD,6,18.0
162680,2,6,100,2,3,50.0,0,I,MELB_URBAN,ROAD,6,18.0
162681,1,6,99,2,3,50.0,0,I,MELB_URBAN,DRIVE,6,18.0
162682,8,3,174,2,3,50.0,0,N,MELB_URBAN,AVENUE,6,21.0
162683,1,6,99,2,1,50.0,0,I,MELB_URBAN,STREET,6,15.0
162684,1,6,160,5,3,40.0,0,N,MELB_URBAN,STREET,6,20.0
162685,1,5,130,5,5,80.0,0,N,MELB_URBAN,RAMP,6,17.0
162686,2,7,100,2,3,60.0,0,N,MELB_URBAN,ROAD,6,0.0
162687,1,6,160,5,3,50.0,0,N,SMALL_CITIES,OTHER,6,22.0
162688,1,5,140,5,5,60.0,0,N,RURAL_VICTORIA,HIGHWAY,6,19.0
162689,1,7,121,4,3,60.0,0,I,MELB_URBAN,ROAD,6,2.0
162690,1,7,121,5,2,80.0,0,I,MELB_URBAN,HIGHWAY,6,7.0
162691,1,7,116,2,1,60.0,0,N,MELB_URBAN,ROAD,6,7.0
162692,1,7,163,5,1,50.0,0,N,MELB_URBAN,STREET,6,8.0
162693,4,7,173,5,6,100.0,0,N,RURAL_VICTORIA,HIGHWAY,6,6.0
162694,6,6,99,5,2,80.0,0,N,RURAL_VICTORIA,ROAD,6,6.0
162695,2,7,100,5,1,40.0,0,N,SMALL_CITIES,STREET,6,10.0
162696,1,7,130,5,1,80.0,0,N,MELB_URBAN,ROAD,6,11.0
162697,1,6,147,2,1,60.0,0,N,SMALL_CITIES,ROAD,6,13.0
162698,4,7,183,5,1,110.0,0,N,RURAL_VICTORIA,FREEWAY,6,10.0
162699,1,6,133,5,1,100.0,0,N,RURAL_VICTORIA,HIGHWAY,6,13.0
162700,8,6,174,5,1,80.0,0,N,MELB_URBAN,ROAD,6,12.0
162701,1,7,147,5,1,60.0,0,N,MELB_URBAN,ROAD,6,14.0
162702,4,7,171,1,1,50.0,0,N,TOWNS,STREET,6,14.0
162703,3,5,167,5,1,100.0,0,N,RURAL_VICTORIA,HIGHWAY,5,8.0
162704,1,6,130,5,1,60.0,0,N,MELB_URBAN,ROAD,6,13.0
162705,1,7,130,5,1,60.0,0,N,MELB_URBAN,ROAD,6,15.0
162706,1,7,130,5,1,60.0,0,N,MELB_URBAN,ROAD,6,15.0
162707,1,6,121,1,1,60.0,0,I,MELB_URBAN,ROAD,6,15.0
162708,4,7,181,5,1,80.0,0,N,RURAL_VICTORIA,ROAD,6,14.0
162709,1,7,130,5,1,60.0,0,N,MELB_URBAN,ROAD,6,14.0
162710,1,6,113,4,1,70.0,0,I,RURAL_VICTORIA,ROAD,6,15.0
162711,5,5,171,5,5,100.0,0,N,RURAL_VICTORIA,ROAD,6,18.0
162712,2,7,100,5,2,50.0,0,N,MELB_URBAN,OTHER,6,17.0
162713,1,6,130,5,1,100.0,0,N,MELB_URBAN,FREEWAY,6,15.0
162714,4,7,183,5,1,60.0,0,N,RURAL_VICTORIA,ROAD,6,12.0
162715,1,6,130,5,3,60.0,0,N,MELB_URBAN,STREET,6,17.0
162716,9,7,99,2,2,80.0,0,N,RURAL_VICTORIA,ROAD,6,16.0
162717,1,6,130,5,2,100.0,0,N,MELB_URBAN,RAMP,6,17.0
162718,1,6,130,5,2,80.0,0,N,MELB_URBAN,FREEWAY,6,18.0
162719,4,7,183,5,1,100.0,0,N,RURAL_VICTORIA,ROAD,6,15.0
162720,1,3,130,5,2,80.0,0,N,MELB_URBAN,ROAD,6,6.0
162721,1,7,130,5,3,40.0,0,N,LARGE_PROVINCIAL_CITIES,OTHER,6,21.0
162722,1,7,99,5,3,50.0,0,N,MELB_URBAN,OTHER,6,18.0
162723,4,6,181,5,5,100.0,0,N,RURAL_VICTORIA,ROAD,6,18.0
162724,2,7,100,5,2,60.0,0,I,TOWNS,ROAD,6,17.0
162725,1,7,121,2,3,80.0,0,N,MELB_URBAN,ROAD,6,22.0
162726,1,7,120,5,3,50.0,0,N,MELB_URBAN,STREET,6,21.0
162727,1,7,110,1,3,50.0,0,I,MELB_URBAN,STREET,6,23.0
162728,1,7,120,5,3,40.0,0,N,MELB_URBAN,ROAD,6,23.0
162729,1,5,99,2,1,60.0,0,I,MELB_URBAN,STREET,5,14.0
162730,1,1,99,5,3,100.0,0,N,LARGE_PROVINCIAL_CITIES,ROAD,6,2.0
162731,1,1,160,2,3,70.0,0,N,MELB_URBAN,ROAD,6,3.0
162732,1,1,160,5,3,60.0,0,N,LARGE_PROVINCIAL_CITIES,ROAD,6,3.0
162733,4,1,183,5,5,80.0,0,N,RURAL_VICTORIA,ROAD,6,3.0
162734,6,7,170,5,1,100.0,0,N,RURAL_VICTORIA,ROAD,6,15.0
162735,4,1,171,1,1,50.0,0,N,MELB_URBAN,ROAD,6,9.0
162736,1,0,110,1,1,60.0,0,I,MELB_URBAN,ROAD,6,9.0
162737,1,1,121,1,1,100.0,0,I,RURAL_VICTORIA,FREEWAY,6,9.0
162738,1,7,130,5,2,60.0,0,N,MELB_URBAN,ROAD,6,18.0
162739,1,1,120,5,1,60.0,0,N,RURAL_VICTORIA,ROAD,6,12.0
162740,1,0,130,5,1,60.0,0,N,MELB_URBAN,DRIVE,6,16.0
162741,1,1,133,5,1,100.0,0,N,RURAL_VICTORIA,ROAD,6,13.0
162742,6,6,99,5,5,100.0,0,N,RURAL_VICTORIA,ROAD,6,20.0
162743,6,7,184,5,1,100.0,0,N,RURAL_VICTORIA,ROAD,4,13.0
162744,1,5,113,2,2,60.0,0,N,TOWNS,HIGHWAY,6,16.0
162745,1,1,120,5,2,100.0,1,N,RURAL_VICTORIA,ROAD,6,16.0
162746,1,0,121,5,3,80.0,0,N,MELB_URBAN,DRIVE,6,19.0
162747,1,1,160,5,3,60.0,0,N,MELB_URBAN,ROAD,6,17.0
162748,2,1,102,5,3,40.0,0,N,MELB_URBAN,ROAD,6,18.0
162749,4,1,181,5,5,80.0,0,N,RURAL_VICTORIA,ROAD,6,19.0
162750,4,7,99,5,6,60.0,0,N,LARGE_PROVINCIAL_CITIES,ROAD,6,22.0
162751,1,1,140,5,5,100.0,0,N,RURAL_VICTORIA,HIGHWAY,6,20.0
162752,6,2,174,2,3,60.0,0,I,MELB_URBAN,PARADE,6,1.0
162753,1,2,130,2,1,60.0,0,N,MELB_URBAN,PARADE,6,15.0
162754,1,6,130,5,3,80.0,0,N,MELB_URBAN,FREEWAY,6,17.0
162755,2,2,99,2,3,40.0,1,I,MELBOURNE_CBD,OTHER,6,7.0
162756,1,2,130,5,3,100.0,0,N,MELB_URBAN,ROAD,6,6.0
162757,3,1,167,5,3,60.0,0,N,MELB_URBAN,RAMP,12,21.0
162758,1,1,121,1,1,70.0,0,I,MELB_URBAN,ROAD,6,10.0
162759,1,3,110,1,1,60.0,0,I,TOWNS,HIGHWAY,6,17.0
162760,1,6,120,1,2,60.0,0,I,RURAL_VICTORIA,ROAD,6,18.0
162761,1,5,130,5,1,70.0,0,N,MELB_URBAN,ROAD,6,15.0
162762,1,6,130,5,2,50.0,0,N,MELB_URBAN,STREET,6,18.0
162763,1,2,121,1,1,60.0,0,N,MELB_URBAN,ROAD,6,11.0
162764,1,5,130,5,2,100.0,0,N,MELB_URBAN,FREEWAY,5,6.0
162765,1,7,147,5,1,40.0,0,N,MELB_URBAN,ROAD,6,16.0
162766,1,2,130,1,1,80.0,0,N,MELB_URBAN,STREET,6,12.0
162767,2,2,100,1,1,40.0,0,N,MELB_URBAN,ROAD,6,9.0
162768,1,5,99,1,9,60.0,0,I,MELB_URBAN,ROAD,6,9.0
162769,1,1,110,1,1,40.0,0,I,MELB_URBAN,STREET,6,12.0
162770,1,5,113,2,1,60.0,0,I,TOWNS,HIGHWAY,1,11.0
162771,1,2,121,2,1,80.0,0,N,MELB_URBAN,ROAD,6,12.0
162772,4,2,171,2,1,40.0,0,I,MELB_URBAN,ROAD,6,10.0
162773,1,6,130,5,1,60.0,0,N,MELB_URBAN,RAMP,6,15.0
162774,1,1,140,2,1,50.0,0,N,RURAL_VICTORIA,ROAD,6,10.0
162775,2,2,100,1,1,60.0,0,I,LARGE_PROVINCIAL_CITIES,STREET,6,16.0
162776,1,5,130,5,1,60.0,0,N,LARGE_PROVINCIAL_CITIES,ROAD,4,13.0
162777,4,2,173,1,1,50.0,0,I,SMALL_CITIES,ROAD,6,11.0
162778,2,2,100,1,1,60.0,0,N,MELB_URBAN,ROAD,6,7.0
162779,1,2,147,5,1,60.0,0,N,MELB_URBAN,ROAD,6,14.0
162780,1,2,99,2,3,80.0,0,I,MELB_URBAN,ROAD,6,17.0
162781,1,1,121,1,3,40.0,0,I,MELB_URBAN,ROAD,6,17.0
162782,1,1,120,5,2,100.0,0,N,RURAL_VICTORIA,ROAD,6,16.0
162783,1,3,121,1,1,60.0,0,I,MELB_URBAN,STREET,4,16.0
162784,1,1,130,5,4,110.0,0,N,SMALL_CITIES,FREEWAY,6,19.0
162785,6,2,174,1,3,60.0,0,I,MELB_URBAN,PARADE,6,18.0
162786,1,2,110,1,3,60.0,0,I,LARGE_PROVINCIAL_CITIES,STREET,6,19.0
162787,1,5,130,5,2,100.0,0,N,SMALL_TOWNS,FREEWAY,6,17.0
162788,1,2,110,1,5,100.0,0,I,RURAL_VICTORIA,ROAD,6,18.0
162789,1,1,120,5,5,100.0,0,N,RURAL_VICTORIA,ROAD,6,19.0
162790,1,0,130,5,1,80.0,0,N,MELB_URBAN,ROAD,1,13.0
162791,1,2,99,2,2,60.0,0,I,MELB_URBAN,ROAD,6,8.0
162792,2,1,102,1,3,60.0,0,I,MELB_URBAN,ROAD,6,21.0
162793,2,1,99,5,3,50.0,0,N,MELB_URBAN,ROAD,6,22.0
162794,1,5,110,1,3,60.0,0,I,SMALL_CITIES,STREET,6,19.0
162795,1,3,113,1,5,100.0,0,N,RURAL_VICTORIA,ROAD,6,5.0
162796,1,4,130,1,3,40.0,0,N,MELB_URBAN,STREET,6,22.0
162797,1,3,121,5,2,60.0,0,N,MELB_URBAN,ROAD,6,7.0
162798,1,3,160,5,2,50.0,0,N,TOWNS,STREET,6,8.0
162799,2,2,100,4,2,40.0,0,N,MELB_URBAN,STREET,6,18.0
162800,1,2,160,5,2,50.0,0,N,MELB_URBAN,DRIVE,6,8.0
162801,8,2,174,5,1,40.0,0,N,MELB_URBAN,STREET,6,10.0
162802,1,3,134,5,1,60.0,0,N,MELB_URBAN,ROAD,6,11.0
162803,8,0,174,3,1,60.0,0,I,RURAL_VICTORIA,OTHER,6,14.0
162804,1,6,130,1,3,60.0,0,N,MELB_URBAN,ROAD,6,19.0
162805,1,6,163,2,9,60.0,0,N,MELB_URBAN,STREET,6,12.0
162806,1,4,116,1,2,80.0,0,N,MELB_URBAN,ROAD,6,16.0
162807,1,3,130,5,1,80.0,0,N,MELB_URBAN,ROAD,6,14.0
162808,1,2,130,1,1,60.0,0,I,RURAL_VICTORIA,ROAD,6,11.0
162809,1,3,130,5,1,60.0,0,N,SMALL_TOWNS,ROAD,6,8.0
162810,1,5,110,1,2,60.0,0,I,RURAL_VICTORIA,ROAD,6,16.0
162811,1,3,130,1,1,60.0,0,N,SMALL_CITIES,ROAD,6,14.0
162812,1,2,110,1,1,50.0,0,I,SMALL_CITIES,STREET,6,15.0
162813,2,3,102,5,1,50.0,0,N,LARGE_PROVINCIAL_CITIES,STREET,5,16.0
162814,8,6,174,5,1,60.0,0,N,RURAL_VICTORIA,ROAD,6,11.0
162815,1,2,130,5,1,80.0,0,N,RURAL_VICTORIA,ROAD,6,15.0
162816,5,7,99,5,6,50.0,0,N,SMALL_CITIES,OTHER,6,21.0
162817,1,2,111,2,1,80.0,0,I,MELB_URBAN,ROAD,6,16.0
162818,1,1,134,5,2,60.0,0,N,MELB_URBAN,ROAD,7,18.0
162819,1,7,130,5,2,50.0,0,N,MELB_URBAN,STREET,6,19.0
162820,1,4,99,2,3,60.0,0,I,MELB_URBAN,PARADE,6,21.0
162821,1,2,121,2,2,50.0,0,I,MELB_URBAN,ROAD,6,18.0
162822,1,7,121,5,1,60.0,0,N,MELB_URBAN,ROAD,6,12.0
162823,1,3,99,2,3,60.0,0,I,MELB_URBAN,ROAD,6,19.0
162824,2,3,100,2,2,80.0,0,I,MELB_URBAN,ROAD,6,18.0
162825,1,3,111,1,2,40.0,0,I,TOWNS,STREET,6,8.0
162826,1,3,130,5,3,50.0,0,N,MELB_URBAN,ROAD,6,22.0
162827,6,4,174,5,3,40.0,0,N,MELB_URBAN,STREET,6,1.0
162828,4,3,183,5,3,100.0,0,N,RURAL_VICTORIA,HIGHWAY,6,0.0
162829,1,2,133,2,2,60.0,0,N,MELB_URBAN,ROAD,5,16.0
162830,4,3,171,2,3,70.0,0,I,LARGE_PROVINCIAL_CITIES,HIGHWAY,6,4.0
162831,1,3,120,5,5,60.0,0,I,MELB_URBAN,ROAD,6,2.0
162832,4,2,99,1,4,80.0,0,N,MELB_URBAN,ROAD,6,3.0
162833,1,6,121,5,2,60.0,0,N,MELB_URBAN,ROAD,4,18.0
162834,1,7,130,2,3,60.0,0,I,MELB_URBAN,ROAD,6,23.0
162835,1,2,163,5,2,50.0,0,N,MELB_URBAN,ROAD,6,17.0
162836,1,7,163,5,9,40.0,0,N,MELBOURNE_CBD,STREET,6,22.0
162837,1,4,99,5,1,110.0,1,N,RURAL_VICTORIA,FREEWAY,6,8.0
162838,1,4,121,2,3,60.0,0,I,MELB_URBAN,PARADE,6,6.0
162839,2,2,102,5,1,40.0,0,N,MELB_URBAN,STREET,6,10.0
162840,2,5,102,1,1,60.0,0,I,MELB_URBAN,STREET,6,12.0
162841,1,4,121,5,2,70.0,0,N,MELB_URBAN,DRIVE,6,8.0
162842,1,6,130,5,1,70.0,0,N,MELB_URBAN,ROAD,6,11.0
162843,2,3,102,5,9,60.0,0,N,MELB_URBAN,ROAD,6,11.0