,accident_type,day_of_week,dca_code,road_geometry,light_condition,speed_zone,severity,node_type,deg_urban_name,road_type,month,hour
162844,7,4,99,5,1,60.0,0,N,LARGE_PROVINCIAL_CITIES,AVENUE,6,11.0
162845,1,4,140,5,1,60.0,0,N,MELB_URBAN,ROAD,6,13.0
162846,6,1,184,5,1,100.0,0,N,RURAL_VICTORIA,OTHER,6,10.0
162847,1,4,113,2,1,70.0,0,I,MELB_URBAN,ROAD,6,15.0
162848,1,4,120,5,1,60.0,0,N,MELB_URBAN,ROAD,6,15.0
162849,1,3,130,5,1,80.0,0,N,MELB_URBAN,RAMP,6,13.0
162850,2,3,100,5,2,80.0,0,I,MELB_URBAN,ROAD,6,16.0
162851,1,4,113,2,2,60.0,0,I,LARGE_PROVINCIAL_CITIES,STREET,6,17.0
162852,1,4,130,5,2,80.0,0,N,MELB_URBAN,HIGHWAY,6,18.0
162853,1,4,130,5,3,60.0,0,N,MELB_URBAN,ROAD,6,19.0
162854,4,4,173,1,3,60.0,0,N,LARGE_PROVINCIAL_CITIES,STREET,6,18.0
162855,2,3,100,5,3,40.0,0,N,MELB_URBAN,ROAD,6,18.0
162856,1,4,130,2,2,60.0,0,I,MELB_URBAN,ROAD,6,17.0
162857,4,4,173,2,2,80.0,0,I,MELB_URBAN,ROAD,6,17.0
162858,2,4,99,5,1,40.0,0,N,MELB_URBAN,ROAD,6,16.0
162859,1,4,163,5,9,60.0,0,N,MELB_URBAN,STREET,6,15.0
162860,2,4,100,1,1,60.0,0,I,MELB_URBAN,STREET,6,14.0
162861,1,3,130,5,1,60.0,0,N,MELB_URBAN,ROAD,6,15.0
162862,1,4,113,2,1,80.0,0,N,MELB_URBAN,ROAD,6,14.0
162863,8,3,99,5,2,60.0,0,N,MELB_URBAN,ROAD,4,19.0
162864,1,4,130,5,2,80.0,0,N,MELB_URBAN,FREEWAY,6,18.0
162865,1,4,121,2,3,60.0,0,I,MELB_URBAN,ROAD,6,19.0
162866,1,4,135,5,1,80.0,0,N,MELB_URBAN,ROAD,6,15.0
162867,4,4,173,5,3,50.0,0,N,MELB_URBAN,UNKNOWN,6,20.0
162868,1,3,130,5,5,60.0,0,N,RURAL_VICTORIA,ROAD,6,20.0
162869,2,4,102,1,1,60.0,1,I,MELB_URBAN,ROAD,6,16.0
162870,1,4,99,5,3,60.0,0,N,RURAL_VICTORIA,ROAD,6,21.0
162871,1,3,140,2,5,50.0,0,I,MELB_URBAN,AVENUE,6,22.0
162872,1,5,133,5,2,80.0,0,N,MELB_URBAN,FREEWAY,6,5.0
162873,1,5,120,5,5,60.0,0,N,MELB_URBAN,DRIVE,6,6.0
162874,4,5,99,2,5,60.0,0,I,RURAL_VICTORIA,ROAD,6,6.0
162875,4,4,99,5,2,60.0,0,N,MELB_URBAN,ROAD,3,5.0
162876,1,4,110,1,1,100.0,0,I,RURAL_VICTORIA,ROAD,6,8.0
162877,2,5,100,5,3,50.0,1,N,MELB_URBAN,ROAD,6,6.0
162878,4,4,171,1,3,80.0,0,N,MELB_URBAN,BOULEVARD,6,6.0
162879,1,3,130,5,1,60.0,0,N,MELB_URBAN,ROAD,6,12.0
162880,5,1,99,5,1,60.0,0,N,RURAL_VICTORIA,OTHER,6,15.0
162881,1,0,110,1,1,50.0,0,I,MELB_URBAN,STREET,6,15.0
162882,1,4,121,1,1,60.0,0,I,MELB_URBAN,ROAD,6,9.0
162883,1,5,99,5,1,50.0,0,N,MELB_URBAN,ROAD,6,11.0
162884,6,6,99,5,1,60.0,0,N,RURAL_VICTORIA,ROAD,5,12.0
162885,1,5,163,5,1,40.0,0,N,MELB_URBAN,STREET,6,12.0
162886,1,4,130,2,1,70.0,0,N,MELB_URBAN,ROAD,6,10.0
162887,8,0,174,5,1,80.0,0,N,RURAL_VICTORIA,ROAD,6,10.0
162888,1,5,120,1,1,60.0,0,I,MELB_URBAN,BOULEVARD,6,9.0
162889,2,2,99,5,1,60.0,0,N,SMALL_CITIES,STREET,6,15.0
162890,1,5,99,5,3,60.0,0,N,MELB_URBAN,ROAD,6,6.0
162891,1,3,113,2,6,60.0,0,I,TOWNS,HIGHWAY,6,6.0
162892,2,3,100,5,1,60.0,0,N,MELB_URBAN,STREET,6,14.0
162893,1,5,134,5,1,80.0,0,N,MELB_URBAN,ROAD,6,13.0
162894,2,5,100,2,1,50.0,0,I,MELB_URBAN,ROAD,6,14.0
162895,7,4,99,5,1,40.0,0,N,MELB_URBAN,STREET,6,14.0
162896,8,5,174,5,1,60.0,0,N,MELB_URBAN,ROAD,6,15.0
162897,1,7,130,3,9,30.0,0,I,MELB_URBAN,STREET,6,19.0
162898,6,3,174,5,1,60.0,0,N,MELB_URBAN,ROAD,3,10.0
162899,1,5,110,1,1,70.0,0,I,LARGE_PROVINCIAL_CITIES,ROAD,6,15.0
162900,3,7,167,5,5,100.0,0,N,RURAL_VICTORIA,ROAD,6,17.0
162901,1,0,120,5,1,60.0,0,N,SMALL_TOWNS,ROAD,6,13.0
162902,6,5,170,4,1,40.0,0,I,MELB_URBAN,HIGHWAY,6,16.0
162903,1,5,120,2,1,50.0,0,I,MELB_URBAN,ROAD,6,16.0
162904,1,5,99,5,2,60.0,0,N,MELB_URBAN,ROAD,6,16.0
162905,1,5,130,5,2,60.0,0,N,MELB_URBAN,STREET,6,18.0
162906,1,5,130,5,3,80.0,0,N,MELB_URBAN,HIGHWAY,6,18.0
162907,1,5,147,5,2,60.0,0,N,LARGE_PROVINCIAL_CITIES,ROAD,6,17.0
162908,1,5,130,5,2,80.0,0,N,MELB_URBAN,FREEWAY,6,18.0
162909,8,5,184,5,2,60.0,0,N,MELB_URBAN,STREET,6,17.0
162910,4,5,171,5,3,50.0,0,N,MELB_URBAN,STREET,6,18.0
162911,1,3,130,5,3,70.0,0,N,LARGE_PROVINCIAL_CITIES,STREET,6,18.0
162912,4,5,173,2,3,60.0,0,I,MELB_URBAN,ROAD,6,18.0
162913,1,5,130,2,3,60.0,0,I,MELB_URBAN,AVENUE,6,17.0
162914,2,4,102,5,3,50.0,0,N,MELB_URBAN,STREET,6,17.0
162915,1,5,120,5,3,60.0,0,N,MELB_URBAN,ROAD,6,20.0
162916,4,5,173,6,3,50.0,0,N,LARGE_PROVINCIAL_CITIES,OTHER,6,21.0
162917,1,5,130,1,2,70.0,0,I,MELB_URBAN,ROAD,6,6.0
162918,8,1,174,5,1,100.0,0,N,RURAL_VICTORIA,ROAD,6,15.0
162919,1,6,110,1,3,80.0,0,N,MELB_URBAN,ROAD,6,5.0
162920,1,5,121,1,1,60.0,0,I,MELB_URBAN,ROAD,6,7.0
162921,4,6,171,5,1,80.0,0,N,MELB_URBAN,HIGHWAY,6,7.0
162922,6,7,174,5,1,60.0,0,N,RURAL_VICTORIA,ROAD,6,13.0
162923,1,4,130,5,3,70.0,0,N,MELB_URBAN,FREEWAY,6,19.0
162924,1,3,135,5,1,110.0,0,N,RURAL_VICTORIA,FREEWAY,4,11.0
162925,4,5,183,5,1,80.0,0,N,RURAL_VICTORIA,ROAD,6,8.0
162926,1,5,130,5,1,100.0,0,N,MELB_URBAN,ROAD,6,9.0
162927,1,7,113,1,1,80.0,0,I,MELB_URBAN,HIGHWAY,6,12.0
162928,1,5,120,5,2,80.0,0,N,RURAL_VICTORIA,ROAD,6,16.0
162929,1,7,130,5,2,70.0,0,N,MELB_URBAN,ROAD,6,17.0
162930,1,6,111,1,1,30.0,0,I,SMALL_CITIES,STREET,6,12.0
162931,1,5,121,1,5,60.0,0,I,RURAL_VICTORIA,ROAD,6,19.0
162932,1,5,116,1,1,80.0,0,I,MELB_URBAN,ROAD,6,10.0
162933,1,6,120,5,2,60.0,0,N,MELB_URBAN,ROAD,6,6.0
162934,2,5,102,2,3,30.0,0,I,MELB_URBAN,ROAD,6,6.0
162935,1,6,135,5,1,60.0,0,N,MELB_URBAN,ROAD,6,13.0
162936,1,5,130,5,9,70.0,0,N,MELB_URBAN,ROAD,6,13.0
162937,1,3,130,4,1,60.0,0,I,MELB_URBAN,RAMP,6,11.0
162938,1,6,121,2,1,60.0,0,I,MELB_URBAN,STREET,6,16.0
162939,1,5,130,2,1,80.0,0,I,TOWNS,ROAD,4,12.0
162940,1,6,130,5,1,60.0,0,N,MELB_URBAN,ROAD,12,13.0
162941,4,6,181,5,5,100.0,0,N,LARGE_PROVINCIAL_CITIES,ROAD,6,17.0
162942,1,5,140,5,1,60.0,0,N,MELB_URBAN,STREET,6,14.0
162943,2,3,100,5,2,50.0,0,N,MELB_URBAN,DRIVE,6,18.0
162944,1,5,120,3,3,80.0,0,I,RURAL_VICTORIA,ROAD,6,19.0
162945,1,7,130,5,6,60.0,0,N,MELB_URBAN,STREET,6,0.0
162946,1,5,130,3,1,40.0,0,N,MELB_URBAN,OTHER,6,13.0
162947,1,5,133,5,1,100.0,0,N,RURAL_VICTORIA,FREEWAY,6,16.0
162948,1,3,130,5,1,80.0,0,N,MELB_URBAN,ROAD,1,18.0
162949,1,5,121,1,3,60.0,0,I,MELB_URBAN,ROAD,6,21.0
162950,1,5,160,5,3,60.0,0,N,MELB_URBAN,ROAD,6,22.0
162951,1,6,116,1,3,60.0,0,N,UNKNOWN,ROAD,6,5.0
162952,1,6,113,2,1,60.0,0,I,MELB_URBAN,DRIVE,6,12.0
162953,1,5,121,1,1,60.0,0,I,SMALL_CITIES,STREET,6,12.0
162954,4,6,171,5,5,100.0,0,N,RURAL_VICTORIA,HIGHWAY,7,6.0
162955,1,3,130,1,9,60.0,0,I,SMALL_CITIES,STREET,6,18.0
162956,6,6,174,5,3,40.0,0,N,MELB_URBAN,STREET,6,19.0
162957,1,7,130,1,1,50.0,0,I,MELB_URBAN,ROAD,7,12.0
162958,1,7,120,5,1,60.0,0,N,MELB_URBAN,ROAD,7,11.0
162959,4,7,171,5,1,60.0,0,N,UNKNOWN,ROAD,7,11.0
162960,1,6,130,5,1,40.0,0,N,MELB_URBAN,HIGHWAY,7,12.0
162961,1,7,111,1,1,60.0,0,I,TOWNS,ROAD,7,13.0
162962,4,5,183,5,5,100.0,0,N,RURAL_VICTORIA,ROAD,6,17.0
162963,2,6,100,2,1,50.0,0,I,MELB_URBAN,ROAD,6,12.0
162964,3,7,167,5,5,100.0,1,N,RURAL_VICTORIA,ROAD,7,6.0
162965,1,3,99,5,2,60.0,0,N,SMALL_CITIES,STREET,6,16.0
162966,1,6,110,1,1,60.0,0,I,MELB_URBAN,ROAD,7,14.0
162967,1,7,121,2,1,60.0,0,I,MELB_URBAN,ROAD,7,14.0
162968,4,7,181,5,5,80.0,0,N,RURAL_VICTORIA,ROAD,7,23.0
162969,3,4,167,5,1,100.0,0,N,RURAL_VICTORIA,ROAD,6,9.0
162970,1,6,135,5,2,100.0,0,N,MELB_URBAN,FREEWAY,7,18.0
162971,1,3,111,4,3,60.0,0,N,RURAL_VICTORIA,ROAD,6,0.0
162972,2,7,100,5,3,60.0,0,N,MELB_URBAN,PARADE,7,18.0
162973,2,7,99,5,3,40.0,0,N,SMALL_CITIES,STREET,7,17.0
162974,4,7,173,5,3,60.0,0,N,MELB_URBAN,ROAD,7,19.0
162975,2,7,102,5,3,60.0,1,N,SMALL_CITIES,ROAD,7,20.0
162976,1,6,130,5,3,80.0,0,N,MELB_URBAN,FREEWAY,7,18.0
162977,1,7,111,1,3,60.0,0,N,SMALL_CITIES,ROAD,7,23.0
162978,2,6,100,5,3,50.0,0,N,MELB_URBAN,OTHER,7,20.0
162979,1,7,130,5,3,80.0,0,N,MELB_URBAN,ROAD,7,21.0
162980,4,7,171,5,3,60.0,0,N,SMALL_TOWNS,ROAD,7,20.0
162981,4,7,181,5,3,60.0,0,N,UNKNOWN,ROAD,7,23.0
162982,1,1,130,1,3,60.0,0,I,LARGE_PROVINCIAL_CITIES,STREET,7,0.0
162983,8,1,174,5,3,60.0,0,N,MELB_URBAN,OTHER,7,0.0
162984,4,1,99,2,3,80.0,0,I,RURAL_VICTORIA,ROAD,7,2.0
162985,1,1,120,5,5,50.0,0,N,MELB_URBAN,STREET,7,3.0
162986,1,1,133,5,5,50.0,0,N,UNKNOWN,OTHER,7,3.0
162987,4,4,99,5,3,70.0,0,N,MELB_URBAN,ROAD,5,2.0
162988,1,0,130,5,1,80.0,0,N,RURAL_VICTORIA,ROAD,7,10.0
162989,1,1,113,2,1,70.0,0,N,MELB_URBAN,ROAD,7,10.0
162990,1,1,130,5,1,80.0,0,N,MELB_URBAN,FREEWAY,7,11.0
162991,4,0,171,5,1,60.0,0,N,MELB_URBAN,ROAD,7,7.0
162992,1,1,110,1,1,60.0,0,I,MELB_URBAN,ROAD,7,10.0
162993,6,1,170,5,1,100.0,0,N,RURAL_VICTORIA,ROAD,7,11.0
162994,4,5,181,5,6,80.0,0,N,RURAL_VICTORIA,ROAD,3,19.0
162995,1,2,130,2,2,70.0,0,N,MELB_URBAN,AVENUE,6,17.0
162996,1,1,121,2,1,70.0,0,I,MELB_URBAN,ROAD,7,13.0
162997,1,7,130,5,2,60.0,0,N,MELB_URBAN,ROAD,7,17.0
162998,1,4,99,1,9,40.0,0,I,MELB_URBAN,STREET,6,18.0
162999,1,1,163,2,3,40.0,0,N,MELB_URBAN,STREET,7,17.0
163000,1,1,110,1,3,60.0,0,I,TOWNS,STREET,7,18.0
163001,2,7,102,5,3,60.0,0,N,MELB_URBAN,ROAD,7,19.0
163002,2,1,99,5,2,60.0,0,N,UNKNOWN,STREET,7,18.0
163003,1,0,99,2,1,60.0,0,I,MELB_URBAN,STREET,7,16.0
163004,4,1,171,5,5,100.0,0,N,RURAL_VICTORIA,HIGHWAY,7,21.0
163005,1,1,99,5,3,50.0,0,N,MELB_URBAN,STREET,7,17.0
163006,2,0,102,5,3,50.0,0,N,MELB_URBAN,DRIVE,7,22.0
163007,4,0,99,2,3,50.0,0,I,MELB_URBAN,HIGHWAY,7,20.0
163008,4,1,181,5,2,100.0,0,N,UNKNOWN,ROAD,7,18.0
163009,4,1,171,5,5,80.0,0,N,RURAL_VICTORIA,ROAD,7,23.0
163010,1,7,110,1,3,50.0,0,I,MELB_URBAN,STREET,6,20.0
163011,1,1,120,5,3,60.0,0,N,TOWNS,ROAD,7,22.0
163012,1,1,111,1,3,80.0,0,I,MELB_URBAN,ROAD,7,23.0
163013,4,2,99,2,5,60.0,0,I,RURAL_VICTORIA,ROAD,7,6.0
163014,1,2,130,2,1,60.0,0,I,MELB_URBAN,ROAD,7,7.0
163015,1,2,140,5,2,40.0,0,N,MELB_URBAN,STREET,7,8.0
163016,5,4,171,5,1,100.0,0,N,RURAL_VICTORIA,ROAD,4,13.0
163017,1,3,140,2,9,60.0,0,I,MELB_URBAN,DRIVE,6,18.0
163018,1,6,130,5,3,70.0,0,N,MELB_URBAN,ROAD,6,5.0
163019,1,3,130,5,1,60.0,0,N,SMALL_CITIES,ROAD,6,15.0
163020,1,1,140,5,1,60.0,0,N,MELB_URBAN,ROAD,7,11.0
163021,1,2,160,5,1,50.0,0,N,MELB_URBAN,PARADE,12,16.0
163022,1,1,130,5,9,60.0,0,N,MELB_URBAN,ROAD,11,12.0
163023,1,0,130,2,1,60.0,0,I,MELB_URBAN,ROAD,5,12.0
163024,1,7,121,5,1,80.0,0,N,MELB_URBAN,ROAD,6,15.0
163025,1,2,140,2,1,60.0,0,N,RURAL_VICTORIA,ROAD,7,13.0
163026,1,1,130,5,1,80.0,0,N,MELB_URBAN,ROAD,6,10.0
163027,2,6,99,5,2,40.0,0,N,MELB_URBAN,OTHER,7,16.0
163028,1,1,130,5,1,100.0,0,N,MELB_URBAN,ROAD,7,12.0
163029,1,6,121,2,2,60.0,0,I,MELB_URBAN,ROAD,7,18.0
163030,1,1,130,5,2,80.0,0,N,MELB_URBAN,RAMP,6,6.0
163031,1,6,113,1,1,80.0,0,I,MELB_URBAN,ROAD,6,12.0
163032,3,1,167,5,6,60.0,0,N,TOWNS,HIGHWAY,7,1.0
163033,1,2,133,5,1,50.0,0,N,MELB_URBAN,DRIVE,7,15.0
163034,1,1,110,1,1,100.0,1,I,RURAL_VICTORIA,ROAD,7,10.0
163035,1,4,121,2,3,70.0,0,N,MELB_URBAN,ROAD,6,19.0
163036,2,2,102,2,1,60.0,0,I,SMALL_CITIES,ROAD,7,17.0
163037,1,2,130,2,2,60.0,0,I,LARGE_PROVINCIAL_CITIES,STREET,7,17.0
163038,1,1,130,5,2,80.0,0,N,MELB_URBAN,HIGHWAY,7,18.0
163039,1,2,130,5,3,60.0,0,N,RURAL_VICTORIA,ROAD,7,18.0
163040,1,6,121,1,1,50.0,0,I,MELB_URBAN,ROAD,9,11.0
163041,1,2,130,2,3,60.0,0,I,MELB_URBAN,ROAD,7,17.0
163042,1,6,130,1,9,60.0,0,I,MELB_URBAN,ROAD,6,10.0
163043,1,1,99,2,2,60.0,0,I,MELB_URBAN,ROAD,7,18.0
163044,1,2,120,5,2,60.0,0,N,MELB_URBAN,ROAD,7,17.0
163045,1,3,133,1,1,60.0,0,N,MELB_URBAN,STREET,5,9.0
163046,2,4,99,5,2,60.0,0,N,MELB_URBAN,STREET,6,18.0
163047,4,2,181,5,1,80.0,0,N,UNKNOWN,ROAD,7,15.0
163048,1,2,110,1,5,100.0,0,N,RURAL_VICTORIA,HIGHWAY,7,19.0
163049,1,2,99,2,3,60.0,1,N,MELB_URBAN,ROAD,7,17.0
163050,4,1,99,5,3,60.0,0,N,SMALL_CITIES,OTHER,7,20.0
163051,2,2,100,1,3,50.0,0,I,MELB_URBAN,STREET,7,21.0
163052,1,2,120,5,2,100.0,0,N,RURAL_VICTORIA,ROAD,7,17.0
163053,1,2,121,1,3,60.0,0,N,LARGE_PROVINCIAL_CITIES,STREET,7,4.0
163054,7,2,99,5,3,60.0,0,N,SMALL_CITIES,DRIVE,7,20.0
163055,4,2,171,5,3,50.0,0,N,MELB_URBAN,ROAD,7,21.0
163056,1,2,99,5,5,60.0,0,N,MELB_URBAN,AVENUE,7,0.0
163057,4,2,173,5,5,100.0,0,N,RURAL_VICTORIA,ROAD,7,0.0
163058,1,1,130,5,2,60.0,0,N,MELB_URBAN,ROAD,7,8.0
163059,2,3,99,5,3,50.0,0,N,MELB_URBAN,ROAD,7,4.0
163060,1,3,113,1,2,80.0,0,N,TOWNS,STREET,7,7.0
163061,1,6,99,1,2,50.0,0,I,SMALL_TOWNS,STREET,7,17.0
163062,1,3,121,2,1,60.0,0,I,MELB_URBAN,ROAD,7,8.0
163063,1,3,111,2,2,60.0,0,I,RURAL_VICTORIA,ROAD,5,8.0
163064,1,2,132,2,1,80.0,0,I,MELB_URBAN,ROAD,7,10.0
163065,4,4,171,5,3,50.0,0,N,MELB_URBAN,ROAD,6,0.0
163066,1,3,163,5,2,40.0,0,N,MELB_URBAN,STREET,7,8.0
163067,1,3,160,5,1,50.0,0,N,MELB_URBAN,ROAD,7,12.0
163068,1,2,113,2,1,80.0,0,I,MELB_URBAN,ROAD,7,16.0
163069,8,3,174,2,9,60.0,0,I,MELB_URBAN,ROAD,7,8.0
163070,1,2,110,1,1,60.0,0,I,LARGE_PROVINCIAL_CITIES,STREET,7,13.0
163071,4,3,173,5,1,40.0,0,N,MELB_URBAN,STREET,7,10.0
163072,8,5,99,5,1,60.0,0,N,RURAL_VICTORIA,OTHER,4,10.0
163073,4,2,173,1,1,50.0,0,I,MELB_URBAN,DRIVE,7,13.0
163074,1,3,110,1,1,50.0,0,I,RURAL_VICTORIA,DRIVE,7,13.0
163075,3,1,167,5,1,100.0,0,N,RURAL_VICTORIA,ROAD,7,12.0
163076,1,5,130,5,2,60.0,0,N,MELB_URBAN,ROAD,2,6.0
163077,1,2,130,2,1,80.0,0,N,RURAL_VICTORIA,ROAD,7,10.0
163078,3,4,167,5,2,60.0,0,N,MELB_URBAN,ROAD,3,19.0
163079,1,3,99,5,1,50.0,0,N,TOWNS,STREET,7,16.0
163080,1,2,121,1,1,60.0,0,I,LARGE_PROVINCIAL_CITIES,STREET,7,12.0
163081,1,2,121,5,5,100.0,1,N,RURAL_VICTORIA,HIGHWAY,7,20.0
163082,1,2,130,5,2,60.0,0,N,MELB_URBAN,PARADE,6,18.0
163083,1,3,99,5,2,70.0,0,N,LARGE_PROVINCIAL_CITIES,HIGHWAY,7,17.0
163084,1,3,121,2,2,60.0,0,N,MELB_URBAN,ROAD,7,17.0
163085,7,7,99,5,1,100.0,0,N,RURAL_VICTORIA,ROAD,7,10.0
163086,1,2,121,2,1,80.0,0,I,MELB_URBAN,ROAD,7,13.0
163087,1,2,121,2,3,80.0,0,I,MELB_URBAN,HIGHWAY,7,17.0
163088,1,3,120,1,1,60.0,0,N,MELB_URBAN,ROAD,7,15.0
163089,1,4,130,5,9,60.0,0,N,MELBOURNE_CBD,STREET,6,19.0
163090,1,3,130,1,3,60.0,0,I,MELB_URBAN,ROAD,7,18.0
163091,1,2,121,2,3,70.0,0,N,MELB_URBAN,RAMP,7,19.0
163092,1,3,116,2,3,80.0,0,N,MELB_URBAN,ROAD,7,18.0
163093,4,3,99,5,1,50.0,0,N,SMALL_TOWNS,STREET,7,14.0
163094,1,5,134,5,1,60.0,0,N,MELB_URBAN,PARADE,7,10.0
163095,5,2,99,2,1,80.0,0,I,RURAL_VICTORIA,ROAD,7,16.0
163096,3,2,167,5,5,110.0,0,N,RURAL_VICTORIA,FREEWAY,7,0.0
163097,1,2,160,5,2,50.0,0,N,RURAL_VICTORIA,BOULEVARD,7,17.0
163098,2,3,100,5,1,60.0,0,N,MELB_URBAN,ROAD,7,15.0
163099,1,3,133,5,6,70.0,0,N,SMALL_CITIES,ROAD,7,21.0
163100,1,4,130,5,3,60.0,0,N,MELB_URBAN,AVENUE,7,0.0
163101,1,4,130,2,2,60.0,0,I,SMALL_CITIES,ROAD,6,18.0
163102,1,3,130,5,2,70.0,0,N,MELB_URBAN,OTHER,6,7.0
163103,1,5,134,5,1,60.0,0,N,MELB_URBAN,ROAD,4,14.0
163104,4,3,183,5,2,60.0,0,N,LARGE_PROVINCIAL_CITIES,STREET,7,6.0
163105,1,3,130,2,2,60.0,0,I,SMALL_CITIES,ROAD,1,18.0
163106,1,1,130,5,2,60.0,0,N,MELB_URBAN,ROAD,7,16.0
163107,1,2,121,2,1,60.0,0,I,MELB_URBAN,STREET,6,15.0
163108,1,4,132,5,1,60.0,0,N,LARGE_PROVINCIAL_CITIES,HIGHWAY,7,9.0
163109,1,4,130,2,1,60.0,0,I,LARGE_PROVINCIAL_CITIES,HIGHWAY,7,11.0
163110,1,5,130,5,1,60.0,0,N,MELB_URBAN,ROAD,6,15.0
163111,4,4,99,2,1,50.0,0,N,MELB_URBAN,ROAD,7,10.0
163112,1,1,130,5,1,80.0,0,N,MELB_URBAN,ROAD,6,16.0
163113,1,4,121,2,1,60.0,0,I,MELB_URBAN,ROAD,7,10.0
163114,1,4,110,1,1,60.0,0,I,TOWNS,STREET,7,12.0
163115,4,4,173,5,1,80.0,0,N,MELB_URBAN,ROAD,7,11.0
163116,1,4,120,3,1,50.0,0,I,MELB_URBAN,AVENUE,7,12.0
163117,1,4,110,1,1,50.0,0,I,MELB_URBAN,PARADE,7,11.0
163118,8,2,170,5,1,100.0,0,N,RURAL_VICTORIA,HIGHWAY,7,10.0
163119,2,4,102,5,1,60.0,0,N,MELB_URBAN,ROAD,7,10.0
163120,2,1,99,5,2,60.0,0,N,TOWNS,STREET,7,18.0
163121,1,3,99,2,1,60.0,0,I,MELB_URBAN,STREET,6,13.0
163122,2,4,102,1,1,60.0,0,I,MELB_URBAN,ROAD,7,15.0
163123,8,2,174,5,9,50.0,0,N,MELB_URBAN,STREET,7,7.0
163124,1,4,140,2,1,100.0,1,I,RURAL_VICTORIA,ROAD,7,12.0
163125,1,4,130,5,1,80.0,0,N,RURAL_VICTORIA,ROAD,5,13.0
163126,1,3,99,2,1,50.0,0,I,MELB_URBAN,STREET,6,12.0
163127,2,4,100,1,9,60.0,0,N,MELB_URBAN,ROAD,4,8.0
163128,1,4,130,5,1,80.0,0,N,MELB_URBAN,FREEWAY,7,16.0
163129,1,4,113,2,1,60.0,0,I,MELB_URBAN,STREET,7,16.0
163130,1,4,121,2,2,70.0,0,I,MELB_URBAN,ROAD,5,6.0
163131,1,3,133,5,1,60.0,0,N,UNKNOWN,STREET,7,9.0
163132,6,3,99,5,2,100.0,0,N,UNKNOWN,HIGHWAY,7,16.0
163133,1,3,121,1,3,60.0,0,I,MELB_URBAN,ROAD,7,18.0
163134,1,1,130,5,2,40.0,0,N,MELB_URBAN,STREET,7,17.0
163135,1,4,147,5,1,50.0,0,N,LARGE_PROVINCIAL_CITIES,STREET,7,16.0
163136,1,5,132,5,3,60.0,0,N,MELB_URBAN,ROAD,6,18.0
163137,1,3,113,2,1,80.0,0,I,MELB_URBAN,ROAD,6,8.0
163138,1,4,132,1,2,60.0,0,I,RURAL_VICTORIA,ROAD,6,8.0
163139,1,4,130,2,2,80.0,0,N,MELB_URBAN,ROAD,7,18.0
163140,1,4,130,5,2,70.0,0,N,MELB_URBAN,ROAD,7,18.0
163141,2,4,102,2,3,80.0,0,N,MELB_URBAN,ROAD,7,17.0
163142,1,2,134,5,1,60.0,0,N,SMALL_CITIES,STREET,6,10.0
163143,1,4,132,5,1,60.0,0,N,UNKNOWN,HIGHWAY,7,14.0
163144,2,4,99,5,3,50.0,0,N,TOWNS,STREET,7,19.0
163145,2,4,99,6,6,60.0,0,N,MELB_URBAN,OTHER,7,21.0
163146,1,0,130,2,2,60.0,0,I,LARGE_PROVINCIAL_CITIES,STREET,7,18.0
163147,1,4,99,1,1,60.0,0,I,MELB_URBAN,BOULEVARD,7,16.0
163148,1,2,130,2,2,80.0,0,N,MELB_URBAN,HIGHWAY,6,17.0
163149,7,3,99,5,4,50.0,0,N,MELB_URBAN,STREET,7,20.0
163150,2,4,99,2,3,60.0,1,N,MELB_URBAN,ROAD,7,21.0
163151,1,4,111,2,3,80.0,0,N,UNKNOWN,STREET,7,4.0
163152,1,2,130,5,1,80.0,0,N,MELB_URBAN,ROAD,6,15.0
163153,1,2,130,5,2,80.0,0,N,MELB_URBAN,RAMP,6,6.0
163154,1,6,135,5,2,80.0,0,I,MELB_URBAN,RAMP,4,6.0
163155,1,5,121,1,2,60.0,0,I,MELB_URBAN,STREET,7,6.0
163156,6,4,174,2,1,50.0,0,I,TOWNS,STREET,6,12.0
163157,1,5,121,1,1,60.0,0,I,SMALL_CITIES,STREET,7,8.0
163158,1,5,130,1,1,80.0,0,I,MELB_URBAN,ROAD,6,11.0
163159,1,4,130,5,1,60.0,0,N,MELB_URBAN,FREEWAY,7,9.0
163160,1,6,147,5,3,60.0,0,N,MELB_URBAN,DRIVE,6,21.0
163161,1,2,130,5,9,60.0,0,N,MELB_URBAN,ROAD,6,19.0
163162,1,3,130,5,2,60.0,0,N,MELB_URBAN,ROAD,7,17.0
163163,1,5,113,2,1,80.0,0,N,MELB_URBAN,ROAD,7,8.0
163164,1,5,99,2,1,60.0,0,I,MELB_URBAN,STREET,7,8.0
163165,4,5,171,5,1,80.0,0,N,MELB_URBAN,ROAD,7,9.0
163166,1,3,130,5,1,60.0,0,N,RURAL_VICTORIA,HIGHWAY,7,11.0
163167,1,2,133,2,3,50.0,0,I,MELB_URBAN,HIGHWAY,5,6.0
163168,1,4,120,5,1,100.0,0,N,RURAL_VICTORIA,ROAD,7,11.0
163169,5,3,99,5,3,80.0,0,N,MELB_URBAN,ROAD,7,23.0
163170,1,4,130,5,2,60.0,0,N,RURAL_VICTORIA,ROAD,7,16.0
163171,1,4,130,5,1,60.0,0,N,MELB_URBAN,ROAD,7,10.0
163172,1,4,110,1,1,50.0,0,I,MELB_URBAN,STREET,7,13.0