,accident_type,day_of_week,dca_code,road_geometry,light_condition,speed_zone,severity,node_type,deg_urban_name,road_type,month,hour
163173,1,5,110,1,1,50.0,0,I,MELB_URBAN,ROAD,7,12.0
163174,1,5,130,5,1,60.0,0,N,MELB_URBAN,ROAD,7,10.0
163175,1,4,130,4,1,60.0,0,I,MELB_URBAN,FREEWAY,6,12.0
163176,8,4,174,5,1,30.0,0,I,MELB_URBAN,ROAD,7,16.0
163177,1,5,121,2,1,60.0,0,N,MELB_URBAN,STREET,7,15.0
163178,1,5,130,5,2,80.0,0,N,MELB_URBAN,ROAD,6,18.0
163179,2,5,99,5,1,60.0,0,N,MELB_URBAN,STREET,7,16.0
163180,1,5,110,1,1,50.0,0,I,MELB_URBAN,BOULEVARD,7,16.0
163181,1,3,135,5,1,70.0,0,N,MELB_URBAN,ROAD,6,17.0
163182,1,5,140,1,3,60.0,0,I,MELB_URBAN,BOULEVARD,7,18.0
163183,1,5,116,2,2,50.0,0,O,MELB_URBAN,UNKNOWN,7,6.0
163184,1,3,130,5,2,80.0,0,N,MELB_URBAN,HIGHWAY,7,7.0
163185,1,4,130,5,2,80.0,0,N,MELB_URBAN,RAMP,7,18.0
163186,1,5,113,2,2,50.0,0,I,MELB_URBAN,OTHER,7,17.0
163187,1,5,135,5,3,100.0,0,N,RURAL_VICTORIA,HIGHWAY,7,19.0
163188,1,5,130,5,1,100.0,0,N,MELB_URBAN,ROAD,7,14.0
163189,2,5,100,5,3,60.0,0,N,MELB_URBAN,ROAD,7,20.0
163190,4,3,171,5,1,60.0,0,N,MELB_URBAN,ROAD,5,12.0
163191,2,5,100,2,3,50.0,0,N,MELB_URBAN,ROAD,7,21.0
163192,1,4,121,5,1,60.0,0,N,MELB_URBAN,ROAD,7,15.0
163193,2,5,100,2,2,50.0,0,N,MELB_URBAN,STREET,7,17.0
163194,1,4,130,5,3,80.0,0,N,MELB_URBAN,ROAD,7,22.0
163195,2,4,100,1,1,40.0,0,I,MELBOURNE_CBD,STREET,7,9.0
163196,1,6,130,1,9,60.0,0,I,MELB_URBAN,ROAD,6,12.0
163197,4,6,183,5,3,80.0,0,N,MELB_URBAN,ROAD,7,1.0
163198,6,5,99,4,3,60.0,0,N,MELB_URBAN,ROAD,7,0.0
163199,4,6,99,2,5,80.0,0,I,RURAL_VICTORIA,ROAD,7,5.0
163200,1,5,110,4,1,80.0,0,N,MELB_URBAN,ROAD,7,11.0
163201,1,4,116,2,1,60.0,0,I,MELB_URBAN,ROAD,6,8.0
163202,1,6,113,2,3,80.0,0,N,MELB_URBAN,DRIVE,7,6.0
163203,2,5,100,5,2,50.0,0,N,LARGE_PROVINCIAL_CITIES,STREET,6,17.0
163204,1,6,121,2,1,80.0,0,N,MELB_URBAN,ROAD,7,10.0
163205,1,6,147,5,1,50.0,0,N,MELB_URBAN,STREET,7,9.0
163206,1,4,130,1,1,50.0,0,N,MELB_URBAN,STREET,7,11.0
163207,1,4,133,5,3,80.0,0,N,MELB_URBAN,UNKNOWN,7,5.0
163208,1,6,147,5,1,50.0,0,N,MELB_URBAN,ROAD,6,14.0
163209,1,5,99,5,2,60.0,0,N,MELB_URBAN,AVENUE,7,16.0
163210,1,5,110,1,1,100.0,0,I,RURAL_VICTORIA,ROAD,7,9.0
163211,1,2,130,2,2,50.0,0,N,MELB_URBAN,DRIVE,7,16.0
163212,1,1,116,2,1,60.0,0,N,LARGE_PROVINCIAL_CITIES,ROAD,7,13.0
163213,1,5,99,1,1,40.0,0,I,MELB_URBAN,STREET,7,8.0
163214,3,3,167,5,5,100.0,0,N,RURAL_VICTORIA,ROAD,6,6.0
163215,1,6,99,5,1,40.0,0,N,MELB_URBAN,STREET,7,13.0
163216,1,5,110,1,1,60.0,0,I,LARGE_PROVINCIAL_CITIES,STREET,7,11.0
163217,1,6,160,5,1,60.0,0,N,MELB_URBAN,UNKNOWN,7,10.0
163218,1,7,160,5,3,50.0,0,N,MELB_URBAN,STREET,6,21.0
163219,1,2,121,5,1,60.0,0,N,MELB_URBAN,ROAD,6,11.0
163220,1,5,140,5,1,60.0,0,N,LARGE_PROVINCIAL_CITIES,STREET,7,12.0
163221,1,5,99,5,2,60.0,0,N,LARGE_PROVINCIAL_CITIES,ROAD,7,7.0
163222,1,5,130,5,2,60.0,0,N,MELB_URBAN,UNKNOWN,6,16.0
163223,1,6,147,5,1,50.0,0,N,LARGE_PROVINCIAL_CITIES,STREET,7,12.0
163224,1,2,99,5,1,80.0,0,N,MELB_URBAN,ROAD,4,15.0
163225,1,5,134,5,1,70.0,0,N,MELB_URBAN,ROAD,7,11.0
163226,1,3,121,1,1,60.0,0,I,MELB_URBAN,ROAD,6,16.0
163227,1,2,130,5,2,60.0,0,N,MELB_URBAN,PARADE,6,18.0
163228,4,4,181,5,2,110.0,0,N,RURAL_VICTORIA,HIGHWAY,5,17.0
163229,1,4,99,2,2,80.0,0,I,RURAL_VICTORIA,ROAD,6,6.0
163230,1,6,130,1,1,60.0,0,I,MELB_URBAN,STREET,6,11.0
163231,1,5,163,5,3,50.0,0,N,MELB_URBAN,STREET,7,17.0
163232,1,6,134,5,1,100.0,0,N,RURAL_VICTORIA,FREEWAY,7,15.0
163233,1,6,130,5,3,60.0,0,N,LARGE_PROVINCIAL_CITIES,STREET,7,18.0
163234,2,6,102,1,3,70.0,0,I,MELB_URBAN,ROAD,7,17.0
163235,1,4,130,5,6,60.0,0,N,MELB_URBAN,ROAD,6,20.0
163236,1,6,116,2,1,60.0,0,I,MELB_URBAN,STREET,7,14.0
163237,1,5,147,5,1,60.0,0,N,MELB_URBAN,ROAD,7,15.0
163238,1,6,99,1,3,60.0,0,N,MELB_URBAN,ROAD,7,19.0
163239,1,6,121,2,2,80.0,0,I,MELB_URBAN,ROAD,7,17.0
163240,1,6,99,5,3,60.0,0,N,MELB_URBAN,ROAD,7,20.0
163241,4,6,171,1,3,60.0,0,N,MELB_URBAN,ROAD,7,20.0
163242,1,6,111,2,3,80.0,0,N,MELB_URBAN,ROAD,7,21.0
163243,1,5,120,4,1,60.0,0,N,SMALL_TOWNS,ROAD,7,15.0
163244,1,6,110,1,2,80.0,0,I,MELB_URBAN,ROAD,7,18.0
163245,2,6,100,1,3,40.0,0,I,MELB_URBAN,STREET,7,22.0
163246,2,6,102,5,3,60.0,0,N,TOWNS,STREET,7,18.0
163247,4,7,181,5,5,80.0,0,N,RURAL_VICTORIA,ROAD,7,3.0
163248,1,1,130,5,1,60.0,0,N,MELB_URBAN,ROAD,6,9.0
163249,1,0,110,1,3,40.0,0,I,MELB_URBAN,STREET,7,2.0
163250,3,6,167,5,2,80.0,0,N,RURAL_VICTORIA,ROAD,1,7.0
163251,1,7,130,5,1,60.0,0,N,LARGE_PROVINCIAL_CITIES,STREET,7,7.0
163252,4,5,99,5,1,60.0,0,N,UNKNOWN,AVENUE,7,10.0
163253,1,7,130,2,1,80.0,0,N,RURAL_VICTORIA,RAMP,6,14.0
163254,5,7,99,5,2,60.0,0,N,RURAL_VICTORIA,ROAD,7,7.0
163255,1,7,134,5,1,40.0,0,N,MELB_URBAN,STREET,7,10.0
163256,4,7,183,5,1,80.0,0,N,RURAL_VICTORIA,ROAD,7,8.0
163257,4,7,183,2,1,50.0,0,N,UNKNOWN,STREET,7,10.0
163258,1,6,110,1,1,50.0,0,I,MELB_URBAN,STREET,7,15.0
163259,1,5,147,5,1,70.0,0,N,MELB_URBAN,ROAD,7,14.0
163260,1,6,163,5,1,60.0,0,N,MELB_URBAN,ROAD,7,11.0
163261,1,6,110,1,1,60.0,0,I,MELB_URBAN,ROAD,7,8.0
163262,4,7,181,5,1,110.0,0,N,RURAL_VICTORIA,UNKNOWN,7,11.0
163263,1,6,120,5,1,60.0,0,N,RURAL_VICTORIA,ROAD,7,11.0
163264,8,0,174,5,6,60.0,0,N,MELB_URBAN,AVENUE,6,18.0
163265,1,6,113,1,1,100.0,0,I,RURAL_VICTORIA,HIGHWAY,6,11.0
163266,1,3,130,5,2,100.0,0,N,MELB_URBAN,FREEWAY,7,7.0
163267,1,7,99,5,1,80.0,0,N,UNKNOWN,HIGHWAY,7,12.0
163268,6,7,99,5,1,40.0,0,N,RURAL_VICTORIA,ROAD,7,11.0
163269,1,7,113,4,1,70.0,0,I,LARGE_PROVINCIAL_CITIES,ROAD,7,11.0
163270,1,1,99,1,2,60.0,0,N,UNKNOWN,STREET,7,17.0
163271,1,6,121,2,2,60.0,0,N,UNKNOWN,STREET,7,17.0
163272,1,7,130,5,1,80.0,0,N,MELB_URBAN,HIGHWAY,7,14.0
163273,1,6,113,2,3,50.0,0,N,MELB_URBAN,STREET,7,18.0
163274,1,2,130,5,2,80.0,0,N,MELB_URBAN,UNKNOWN,7,7.0
163275,1,7,121,2,5,60.0,0,I,RURAL_VICTORIA,ROAD,7,17.0
163276,1,6,99,2,1,50.0,0,I,MELB_URBAN,STREET,7,15.0
163277,2,7,99,5,1,40.0,0,N,MELB_URBAN,STREET,7,13.0
163278,2,6,100,2,6,60.0,0,N,MELB_URBAN,STREET,7,18.0
163279,1,7,130,5,3,100.0,0,N,MELB_URBAN,FREEWAY,7,17.0
163280,1,2,99,1,1,80.0,0,N,MELB_URBAN,HIGHWAY,5,13.0
163281,1,7,120,5,5,80.0,0,N,MELB_URBAN,ROAD,7,18.0
163282,1,7,163,5,1,40.0,0,N,MELB_URBAN,STREET,7,16.0
163283,1,7,130,5,2,60.0,0,N,LARGE_PROVINCIAL_CITIES,STREET,7,18.0
163284,2,7,102,5,3,60.0,0,N,LARGE_PROVINCIAL_CITIES,ROAD,7,19.0
163285,4,7,183,5,5,40.0,0,N,UNKNOWN,ROAD,7,22.0
163286,1,7,130,5,2,100.0,0,N,RURAL_VICTORIA,HIGHWAY,7,16.0
163287,1,7,160,5,3,40.0,0,N,MELB_URBAN,ROAD,7,21.0
163288,4,6,181,5,5,100.0,0,N,RURAL_VICTORIA,HIGHWAY,7,23.0
163289,4,1,173,5,3,70.0,0,N,MELB_URBAN,ROAD,7,3.0
163290,1,4,135,5,1,80.0,0,N,SMALL_TOWNS,HIGHWAY,6,13.0
163291,1,1,160,5,3,80.0,0,N,MELB_URBAN,HIGHWAY,7,6.0
163292,4,7,171,5,2,60.0,0,N,UNKNOWN,ROAD,7,16.0
163293,1,4,110,1,1,50.0,0,I,TOWNS,STREET,6,16.0
163294,4,1,171,5,3,60.0,0,N,UNKNOWN,ROAD,7,5.0
163295,1,2,113,2,3,80.0,0,I,MELB_URBAN,ROAD,4,20.0
163296,1,5,133,5,3,40.0,0,N,MELB_URBAN,STREET,7,21.0
163297,1,5,130,5,2,60.0,0,N,MELB_URBAN,STREET,7,18.0
163298,1,0,99,3,2,60.0,0,N,TOWNS,ROAD,7,8.0
163299,4,7,171,5,5,100.0,0,N,RURAL_VICTORIA,ROAD,7,22.0
163300,1,6,163,5,3,40.0,0,N,MELB_URBAN,ROAD,7,18.0
163301,1,3,130,5,1,80.0,0,N,MELB_URBAN,FREEWAY,7,17.0
163302,1,4,130,5,2,60.0,0,N,RURAL_VICTORIA,ROAD,7,17.0
163303,1,4,130,5,2,60.0,0,N,RURAL_VICTORIA,ROAD,7,18.0
163304,1,1,121,2,5,80.0,0,N,RURAL_VICTORIA,ROAD,7,17.0
163305,3,0,167,5,5,100.0,0,N,RURAL_VICTORIA,ROAD,7,19.0
163306,1,6,130,5,2,80.0,0,N,MELB_URBAN,ROAD,6,7.0
163307,1,1,130,2,2,60.0,0,I,MELB_URBAN,STREET,7,18.0
163308,1,0,121,1,3,60.0,0,I,MELB_URBAN,ROAD,7,20.0
163309,1,1,130,5,1,60.0,0,N,MELB_URBAN,ROAD,6,14.0
163310,1,1,133,5,3,60.0,0,N,LARGE_PROVINCIAL_CITIES,ROAD,7,20.0
163311,1,1,121,1,3,60.0,0,I,MELB_URBAN,DRIVE,7,19.0
163312,1,1,113,2,3,60.0,0,I,MELB_URBAN,ROAD,7,20.0
163313,1,1,99,5,3,80.0,0,I,MELB_URBAN,HIGHWAY,7,21.0
163314,1,5,110,1,3,50.0,0,I,MELB_URBAN,STREET,6,18.0
163315,4,1,183,5,5,60.0,0,N,UNKNOWN,ROAD,7,23.0
163316,1,2,130,5,2,80.0,0,N,MELB_URBAN,ROAD,7,17.0
163317,4,1,181,5,5,80.0,1,N,RURAL_VICTORIA,ROAD,7,22.0
163318,4,1,181,5,3,50.0,0,N,UNKNOWN,ROAD,7,4.0
163319,1,2,133,5,2,110.0,0,N,RURAL_VICTORIA,FREEWAY,7,6.0
163320,1,5,120,5,2,60.0,0,I,RURAL_VICTORIA,BOULEVARD,7,17.0
163321,1,1,147,5,2,60.0,0,N,MELB_URBAN,STREET,7,8.0
163322,2,2,100,5,1,80.0,0,N,SMALL_TOWNS,ROAD,7,9.0
163323,1,0,110,1,3,60.0,0,I,MELB_URBAN,ROAD,11,22.0
163324,1,2,110,1,1,60.0,0,I,MELB_URBAN,ROAD,6,15.0
163325,1,7,130,5,1,70.0,0,N,MELB_URBAN,ROAD,5,14.0
163326,8,7,174,5,1,50.0,0,N,MELB_URBAN,DRIVE,7,15.0
163327,1,1,121,1,2,50.0,0,I,MELB_URBAN,STREET,7,18.0
163328,2,2,99,5,1,40.0,0,N,MELB_URBAN,PARADE,7,13.0
163329,6,2,99,5,1,100.0,0,N,UNKNOWN,HIGHWAY,7,12.0
163330,4,2,183,5,1,60.0,0,N,RURAL_VICTORIA,ROAD,7,14.0
163331,1,1,130,2,1,60.0,0,I,MELB_URBAN,ROAD,7,10.0
163332,1,3,116,4,1,60.0,0,I,RURAL_VICTORIA,ROAD,7,14.0
163333,1,2,130,2,9,100.0,0,N,MELB_URBAN,DRIVE,7,12.0
163334,1,2,130,5,2,60.0,0,N,MELB_URBAN,RAMP,6,6.0
163335,1,6,121,2,1,60.0,0,I,MELB_URBAN,STREET,7,11.0
163336,1,3,99,1,2,80.0,0,I,MELB_URBAN,HIGHWAY,7,18.0
163337,1,6,130,1,3,60.0,0,N,MELB_URBAN,ROAD,6,23.0
163338,1,2,130,5,1,60.0,0,N,MELB_URBAN,ROAD,7,9.0
163339,5,5,99,5,5,100.0,0,N,RURAL_VICTORIA,ROAD,6,7.0
163340,1,6,110,1,3,50.0,0,N,LARGE_PROVINCIAL_CITIES,STREET,6,20.0
163341,2,2,102,5,1,50.0,0,N,LARGE_PROVINCIAL_CITIES,PARADE,7,15.0
163342,1,2,147,5,1,50.0,0,N,MELB_URBAN,STREET,7,16.0
163343,1,1,130,5,2,60.0,0,N,LARGE_PROVINCIAL_CITIES,STREET,7,17.0
163344,8,7,184,5,1,60.0,0,N,RURAL_VICTORIA,OTHER,6,11.0
163345,1,3,147,5,1,60.0,0,N,MELB_URBAN,STREET,12,9.0
163346,1,2,121,2,1,80.0,0,I,MELB_URBAN,ROAD,7,14.0
163347,1,2,147,5,1,60.0,0,N,UNKNOWN,HIGHWAY,7,14.0
163348,1,7,99,1,1,60.0,0,N,MELB_URBAN,ROAD,7,13.0
163349,1,2,130,2,2,100.0,0,I,RURAL_VICTORIA,HIGHWAY,7,17.0
163350,6,2,170,1,2,60.0,0,I,MELB_URBAN,ROAD,7,18.0
163351,1,2,147,5,1,60.0,0,N,MELB_URBAN,ROAD,7,11.0
163352,1,2,130,5,3,60.0,0,N,MELB_URBAN,UNKNOWN,7,21.0
163353,1,3,99,5,2,50.0,0,N,SMALL_CITIES,STREET,6,17.0
163354,1,2,121,2,5,100.0,0,I,RURAL_VICTORIA,HIGHWAY,7,18.0
163355,4,1,181,5,3,60.0,0,N,LARGE_PROVINCIAL_CITIES,UNKNOWN,7,22.0
163356,4,1,173,5,5,90.0,0,N,RURAL_VICTORIA,ROAD,7,23.0
163357,1,1,113,2,1,50.0,0,I,MELB_URBAN,OTHER,6,8.0
163358,1,3,121,2,2,80.0,0,N,RURAL_VICTORIA,ROAD,7,5.0
163359,1,3,160,5,2,60.0,0,N,MELB_URBAN,ROAD,7,6.0
163360,1,3,121,1,1,80.0,0,N,MELB_URBAN,ROAD,7,7.0
163361,1,3,130,5,2,60.0,0,N,MELB_URBAN,ROAD,7,8.0
163362,6,3,174,5,2,100.0,0,N,RURAL_VICTORIA,ROAD,7,7.0
163363,1,3,160,5,2,60.0,0,N,MELB_URBAN,ROAD,7,6.0
163364,1,3,160,5,1,50.0,0,N,MELB_URBAN,STREET,7,9.0
163365,4,3,171,5,1,100.0,0,N,RURAL_VICTORIA,ROAD,7,10.0
163366,1,2,121,2,2,50.0,0,I,MELB_URBAN,STREET,7,6.0
163367,5,5,99,5,1,80.0,0,N,MELB_URBAN,HIGHWAY,4,15.0
163368,4,2,171,1,3,60.0,0,I,MELB_URBAN,STREET,7,20.0
163369,2,7,100,2,2,50.0,0,I,MELB_URBAN,ROAD,6,17.0
163370,1,2,121,2,1,70.0,0,I,MELB_URBAN,ROAD,7,10.0
163371,2,0,99,5,3,60.0,0,N,TOWNS,STREET,7,18.0
163372,1,2,130,5,1,40.0,0,N,MELB_URBAN,ROAD,7,9.0
163373,1,2,130,5,1,60.0,0,N,MELB_URBAN,ROAD,7,9.0
163374,6,2,170,5,2,80.0,0,N,MELB_URBAN,ROAD,7,9.0
163375,1,3,99,5,1,50.0,0,N,RURAL_VICTORIA,OTHER,7,12.0
163376,1,2,116,2,1,60.0,0,N,RURAL_VICTORIA,ROAD,7,7.0
163377,1,6,99,5,9,60.0,0,N,SMALL_TOWNS,DRIVE,6,13.0
163378,1,3,130,5,2,110.0,0,N,RURAL_VICTORIA,FREEWAY,6,18.0
163379,1,5,134,5,1,70.0,0,N,MELB_URBAN,ROAD,6,16.0
163380,4,3,173,5,1,100.0,0,N,UNKNOWN,HIGHWAY,7,12.0
163381,8,1,170,5,1,100.0,0,O,RURAL_VICTORIA,UNKNOWN,7,11.0
163382,1,4,130,5,2,100.0,0,N,MELB_URBAN,ROAD,7,6.0
163383,1,3,120,5,1,60.0,0,N,MELB_URBAN,ROAD,7,16.0
163384,1,2,99,5,1,40.0,0,I,MELB_URBAN,ROAD,7,16.0
163385,2,3,100,2,2,50.0,0,N,MELB_URBAN,AVENUE,7,16.0
163386,1,2,130,5,5,100.0,0,N,MELB_URBAN,ROAD,7,18.0
163387,1,3,130,5,3,100.0,0,N,MELB_URBAN,FREEWAY,7,17.0
163388,6,3,99,5,3,60.0,0,N,UNKNOWN,STREET,7,19.0
163389,1,2,110,1,2,80.0,0,I,MELB_URBAN,ROAD,7,19.0
163390,1,3,130,1,2,100.0,0,I,RURAL_VICTORIA,ROAD,7,17.0
163391,1,7,121,2,1,50.0,0,I,MELB_URBAN,ROAD,3,17.0
163392,2,3,100,2,2,80.0,0,N,MELB_URBAN,HIGHWAY,7,18.0
163393,4,3,171,2,1,50.0,0,I,MELB_URBAN,STREET,7,16.0
163394,1,3,120,5,2,60.0,0,N,MELB_URBAN,AVENUE,7,18.0
163395,1,5,130,5,3,80.0,0,N,MELB_URBAN,ROAD,6,21.0
163396,1,2,113,3,3,80.0,0,I,RURAL_VICTORIA,HIGHWAY,7,20.0
163397,1,3,130,2,2,60.0,0,N,MELB_URBAN,STREET,7,20.0
163398,1,2,110,1,3,40.0,0,I,SMALL_CITIES,STREET,7,23.0
163399,1,2,110,1,3,60.0,0,N,MELB_URBAN,STREET,7,22.0
163400,1,2,130,5,1,80.0,0,N,MELB_URBAN,ROAD,7,8.0
163401,1,3,130,5,2,80.0,0,N,MELB_URBAN,RAMP,7,8.0
163402,1,6,130,5,2,70.0,0,N,MELB_URBAN,ROAD,5,17.0
163403,4,4,99,3,1,80.0,0,I,RURAL_VICTORIA,ROAD,7,7.0
163404,1,4,121,2,1,50.0,0,I,SMALL_CITIES,ROAD,7,8.0
163405,1,4,110,1,1,100.0,0,I,RURAL_VICTORIA,ROAD,7,9.0
163406,1,3,130,5,2,60.0,0,N,MELB_URBAN,ROAD,7,7.0
163407,7,5,99,5,1,100.0,0,N,RURAL_VICTORIA,ROAD,7,14.0
163408,2,3,102,1,1,50.0,0,I,MELB_URBAN,OTHER,7,9.0
163409,1,2,130,1,3,30.0,0,N,MELB_URBAN,AVENUE,7,6.0
163410,4,4,171,5,1,80.0,0,N,RURAL_VICTORIA,ROAD,7,10.0
163411,2,3,100,5,2,50.0,0,N,MELB_URBAN,OTHER,7,8.0
163412,2,2,99,5,1,40.0,0,N,UNKNOWN,STREET,7,12.0
163413,1,4,130,2,3,60.0,0,I,MELB_URBAN,ROAD,6,22.0
163414,3,1,167,5,1,60.0,0,N,MELB_URBAN,ROAD,7,7.0
163415,4,4,183,5,1,100.0,0,N,RURAL_VICTORIA,ROAD,7,8.0
163416,6,4,99,5,1,50.0,0,N,SMALL_CITIES,STREET,7,11.0
163417,1,4,130,5,1,100.0,0,N,SMALL_TOWNS,FREEWAY,7,11.0
163418,1,4,110,1,1,50.0,0,N,MELB_URBAN,BOULEVARD,7,8.0
163419,1,2,132,5,1,80.0,0,N,MELB_URBAN,ROAD,5,15.0
163420,1,3,121,5,1,60.0,0,N,MELB_URBAN,ROAD,7,12.0
163421,2,4,100,2,2,50.0,0,N,MELB_URBAN,OTHER,7,7.0
163422,4,4,173,5,1,100.0,0,N,RURAL_VICTORIA,ROAD,7,11.0
163423,1,4,99,5,2,40.0,0,N,MELB_URBAN,STREET,7,8.0
163424,1,5,147,5,1,60.0,0,N,MELB_URBAN,STREET,6,15.0
163425,1,3,147,5,1,50.0,0,N,MELB_URBAN,ROAD,6,10.0
163426,1,4,99,1,1,80.0,0,I,RURAL_VICTORIA,OTHER,7,15.0
163427,4,4,173,5,1,100.0,0,N,RURAL_VICTORIA,HIGHWAY,7,15.0
163428,1,1,113,2,1,50.0,0,I,MELB_URBAN,AVENUE,7,8.0
163429,1,4,121,1,1,100.0,0,I,SMALL_CITIES,ROAD,7,15.0
163430,4,4,183,5,1,100.0,0,N,RURAL_VICTORIA,ROAD,7,15.0
163431,6,4,174,5,3,60.0,0,N,MELB_URBAN,ROAD,7,6.0
163432,1,3,121,2,1,60.0,0,I,MELB_URBAN,STREET,5,7.0
163433,1,3,130,5,5,80.0,0,N,MELB_URBAN,OTHER,7,18.0
163434,1,4,110,1,1,40.0,0,N,MELB_URBAN,DRIVE,7,16.0
163435,1,4,121,2,1,60.0,0,I,MELB_URBAN,AVENUE,6,7.0
163436,4,4,181,5,5,100.0,0,N,RURAL_VICTORIA,ROAD,7,3.0
163437,2,5,99,5,9,60.0,0,N,MELB_URBAN,STREET,7,21.0
163438,1,4,130,5,2,70.0,0,N,MELB_URBAN,ROAD,7,17.0
163439,8,4,174,5,3,60.0,0,N,MELB_URBAN,STREET,6,21.0
163440,1,3,121,1,2,60.0,0,N,MELB_URBAN,ROAD,7,17.0
163441,1,3,130,1,1,60.0,0,I,LARGE_PROVINCIAL_CITIES,STREET,7,8.0
163442,1,4,134,5,3,80.0,0,N,MELB_URBAN,UNKNOWN,7,19.0
163443,2,3,102,5,1,40.0,0,N,MELB_URBAN,ROAD,7,15.0
163444,1,3,99,5,3,60.0,0,N,MELB_URBAN,ROAD,7,17.0
163445,1,3,121,2,1,60.0,0,I,MELB_URBAN,ROAD,7,11.0
163446,1,3,130,5,3,60.0,0,N,UNKNOWN,ROAD,7,20.0
163447,4,3,183,5,5,70.0,0,N,UNKNOWN,ROAD,7,20.0
163448,1,4,120,5,1,100.0,1,N,RURAL_VICTORIA,HIGHWAY,7,11.0
163449,1,4,99,5,1,100.0,1,N,RURAL_VICTORIA,HIGHWAY,7,16.0
163450,1,4,160,5,3,50.0,0,N,RURAL_VICTORIA,BOULEVARD,7,3.0
163451,1,5,121,1,3,60.0,0,I,MELB_URBAN,ROAD,7,5.0
163452,1,3,110,1,3,80.0,0,N,MELB_URBAN,ROAD,6,22.0
163453,1,2,99,4,3,60.0,0,N,MELB_URBAN,DRIVE,6,22.0
163454,1,3,110,1,3,60.0,0,I,MELB_URBAN,STREET,7,7.0
163455,1,4,121,5,3,60.0,0,N,RURAL_VICTORIA,ROAD,7,19.0
163456,1,3,135,5,1,80.0,0,N,MELB_URBAN,UNKNOWN,7,13.0
163457,1,5,130,5,2,100.0,0,N,MELB_URBAN,FREEWAY,7,6.0
163458,1,5,116,3,2,60.0,0,I,MELB_URBAN,ROAD,7,7.0
163459,1,4,99,2,1,80.0,0,I,MELB_URBAN,ROAD,11,11.0
163460,1,4,135,3,1,40.0,0,N,MELB_URBAN,AVENUE,7,10.0
163461,1,5,113,3,1,80.0,0,I,RURAL_VICTORIA,ROAD,7,9.0
163462,1,5,121,1,3,60.0,0,I,MELB_URBAN,ROAD,6,18.0
163463,1,3,110,1,1,50.0,0,I,MELB_URBAN,STREET,7,8.0
163464,2,5,99,5,5,80.0,0,N,RURAL_VICTORIA,ROAD,7,7.0
163465,1,3,110,1,1,50.0,0,I,TOWNS,AVENUE,5,10.0
163466,1,6,113,1,2,50.0,0,I,MELB_URBAN,ROAD,7,16.0
163467,1,5,99,5,9,50.0,0,N,MELB_URBAN,STREET,5,17.0
163468,1,4,111,2,2,50.0,0,I,MELB_URBAN,ROAD,7,6.0
163469,1,6,130,5,2,80.0,0,N,MELB_URBAN,FREEWAY,7,17.0
163470,2,4,102,5,2,50.0,0,N,UNKNOWN,ROAD,7,18.0
163471,1,4,110,4,1,50.0,0,I,SMALL_CITIES,STREET,7,14.0
163472,2,2,100,5,1,50.0,0,N,MELB_URBAN,STREET,7,15.0
163473,1,5,140,5,1,60.0,0,N,RURAL_VICTORIA,ROAD,7,14.0
163474,1,5,121,5,1,60.0,0,N,RURAL_VICTORIA,ROAD,7,14.0
163475,1,4,132,1,1,100.0,0,I,RURAL_VICTORIA,ROAD,7,16.0
163476,1,4,130,5,2,60.0,0,N,LARGE_PROVINCIAL_CITIES,ROAD,7,16.0
163477,1,4,121,1,1,60.0,0,I,MELB_URBAN,OTHER,7,13.0
163478,1,5,121,1,3,60.0,0,I,SMALL_CITIES,STREET,7,17.0
163479,1,4,130,1,2,80.0,0,I,RURAL_VICTORIA,ROAD,7,17.0
163480,1,4,130,1,2,60.0,0,I,MELB_URBAN,ROAD,7,18.0
163481,1,7,130,1,1,80.0,0,I,MELB_URBAN,ROAD,4,12.0
163482,1,5,160,2,1,60.0,0,N,MELB_URBAN,ROAD,2,13.0
163483,1,5,113,2,1,80.0,0,I,MELB_URBAN,ROAD,7,14.0
163484,2,4,102,5,2,50.0,0,N,MELB_URBAN,STREET,7,18.0
163485,1,5,134,5,3,80.0,0,N,MELB_URBAN,RAMP,7,17.0
163486,1,3,130,5,1,100.0,0,N,MELB_URBAN,ROAD,7,15.0
163487,1,4,133,5,2,80.0,0,N,MELB_URBAN,HIGHWAY,7,6.0
163488,6,5,174,5,3,50.0,0,N,UNKNOWN,ROAD,7,20.0
163489,1,4,130,5,2,100.0,0,N,MELB_URBAN,ROAD,7,16.0
163490,2,4,100,5,2,60.0,0,N,MELB_URBAN,STREET,7,16.0
163491,1,4,110,1,3,60.0,0,I,MELB_URBAN,DRIVE,7,22.0
163492,4,6,171,5,3,80.0,0,N,MELB_URBAN,ROAD,7,0.0
163493,1,4,130,5,3,70.0,0,N,MELB_URBAN,ROAD,7,23.0
163494,2,6,100,1,3,50.0,0,I,MELB_URBAN,ROAD,7,2.0
163495,1,4,147,5,1,50.0,0,N,MELB_URBAN,ROAD,2,13.0
163496,8,4,99,2,6,60.0,0,I,MELB_URBAN,ROAD,6,0.0
163497,1,3,133,1,3,60.0,0,I,MELB_URBAN,ROAD,7,18.0
163498,4,5,99,1,3,40.0,0,I,MELBOURNE_CBD,STREET,7,2.0
163499,1,7,121,2,3,70.0,0,N,MELB_URBAN,ROAD,7,23.0
163500,1,3,130,2,1,60.0,0,I,TOWNS,STREET,7,9.0