,accident_type,day_of_week,dca_code,road_geometry,light_condition,speed_zone,severity,node_type,deg_urban_name,road_type,month,hour
163501,1,6,163,5,2,40.0,0,N,MELBOURNE_CBD,STREET,7,6.0
163502,1,6,110,1,2,50.0,0,I,MELB_URBAN,STREET,7,8.0
163503,2,4,99,5,3,50.0,0,N,MELB_URBAN,OTHER,6,20.0
163504,7,6,99,5,1,80.0,0,N,TOWNS,RAMP,7,14.0
163505,1,6,99,2,1,80.0,0,I,RURAL_VICTORIA,AVENUE,7,8.0
163506,2,5,99,5,9,60.0,0,N,MELB_URBAN,OTHER,7,14.0
163507,4,0,171,5,1,80.0,0,N,RURAL_VICTORIA,ROAD,6,12.0
163508,1,6,147,5,9,40.0,0,N,MELB_URBAN,ROAD,6,8.0
163509,7,6,99,1,1,50.0,0,N,LARGE_PROVINCIAL_CITIES,STREET,11,15.0
163510,1,4,110,1,1,60.0,0,I,MELB_URBAN,ROAD,7,13.0
163511,1,6,147,5,2,50.0,0,N,MELB_URBAN,STREET,7,6.0
163512,1,6,111,1,3,80.0,0,I,MELB_URBAN,ROAD,5,18.0
163513,1,6,113,2,2,80.0,0,I,MELB_URBAN,ROAD,7,6.0
163514,8,3,174,2,4,50.0,0,I,MELB_URBAN,ROAD,7,18.0
163515,1,5,130,5,2,60.0,0,N,MELB_URBAN,ROAD,7,7.0
163516,1,2,130,5,3,60.0,0,N,MELB_URBAN,STREET,6,19.0
163517,1,5,134,1,1,50.0,0,N,MELB_URBAN,OTHER,7,12.0
163518,4,6,173,5,1,60.0,0,N,MELB_URBAN,ROAD,7,14.0
163519,6,6,99,5,1,100.0,0,N,RURAL_VICTORIA,HIGHWAY,7,13.0
163520,1,5,110,1,1,80.0,0,I,RURAL_VICTORIA,FREEWAY,7,8.0
163521,1,5,111,1,2,40.0,0,I,MELB_URBAN,STREET,7,18.0
163522,1,7,110,1,3,60.0,0,I,MELB_URBAN,ROAD,7,5.0
163523,5,5,99,5,1,110.0,0,N,UNKNOWN,FREEWAY,7,12.0
163524,1,6,110,1,2,60.0,0,I,LARGE_PROVINCIAL_CITIES,ROAD,7,16.0
163525,1,6,130,5,2,110.0,0,N,RURAL_VICTORIA,FREEWAY,7,17.0
163526,4,5,99,5,1,100.0,0,N,RURAL_VICTORIA,ROAD,7,14.0
163527,1,6,130,1,1,60.0,0,I,SMALL_CITIES,STREET,7,14.0
163528,1,5,133,5,2,60.0,0,N,LARGE_PROVINCIAL_CITIES,ROAD,7,8.0
163529,1,5,116,1,2,60.0,0,I,MELB_URBAN,ROAD,7,6.0
163530,1,5,110,1,1,50.0,0,I,MELB_URBAN,STREET,7,15.0
163531,2,6,100,5,5,60.0,0,N,MELB_URBAN,ROAD,7,17.0
163532,1,2,116,2,2,60.0,0,I,MELB_URBAN,STREET,7,16.0
163533,1,5,99,2,1,60.0,0,N,RURAL_VICTORIA,ROAD,7,13.0
163534,1,5,121,2,1,80.0,0,I,MELB_URBAN,STREET,5,7.0
163535,1,3,113,2,1,60.0,0,I,MELB_URBAN,ROAD,7,9.0
163536,2,5,99,5,1,40.0,0,N,UNKNOWN,DRIVE,7,15.0
163537,1,6,110,1,3,50.0,0,I,MELB_URBAN,STREET,7,19.0
163538,1,6,140,5,3,80.0,0,N,MELB_URBAN,HIGHWAY,7,19.0
163539,1,6,130,5,1,100.0,0,N,MELB_URBAN,FREEWAY,7,15.0
163540,2,6,100,5,1,80.0,0,N,MELB_URBAN,HIGHWAY,7,15.0
163541,2,5,99,5,5,80.0,0,N,UNKNOWN,ROAD,7,19.0
163542,4,1,173,5,1,110.0,0,N,RURAL_VICTORIA,HIGHWAY,7,10.0
163543,4,5,171,2,3,60.0,0,I,MELB_URBAN,OTHER,7,20.0
163544,2,5,102,5,9,60.0,0,N,MELB_URBAN,STREET,6,20.0
163545,4,5,99,2,3,60.0,0,I,MELB_URBAN,STREET,7,19.0
163546,2,5,99,2,3,60.0,0,N,UNKNOWN,STREET,7,21.0
163547,1,6,121,1,3,70.0,0,N,MELB_URBAN,DRIVE,7,20.0
163548,6,6,170,5,2,100.0,0,N,RURAL_VICTORIA,ROAD,7,17.0
163549,2,5,100,5,3,40.0,0,N,MELBOURNE_CBD,STREET,7,22.0
163550,1,6,110,1,3,40.0,0,I,MELBOURNE_CBD,STREET,7,1.0
163551,1,5,110,1,1,80.0,0,I,RURAL_VICTORIA,HIGHWAY,6,14.0
163552,1,3,130,2,1,40.0,0,N,MELB_URBAN,ROAD,7,9.0
163553,1,7,130,5,3,80.0,0,N,SMALL_TOWNS,HIGHWAY,7,4.0
163554,6,1,99,5,1,100.0,0,N,RURAL_VICTORIA,ROAD,4,15.0
163555,2,6,102,4,1,70.0,0,N,MELB_URBAN,ROAD,7,9.0
163556,1,5,130,5,2,100.0,0,N,MELB_URBAN,ROAD,6,7.0
163557,1,6,121,1,1,60.0,0,I,MELB_URBAN,ROAD,7,11.0
163558,1,5,99,5,2,60.0,0,N,MELB_URBAN,ROAD,7,17.0
163559,1,7,113,1,1,60.0,0,I,MELB_URBAN,ROAD,7,12.0
163560,2,7,100,1,1,60.0,0,I,LARGE_PROVINCIAL_CITIES,STREET,6,13.0
163561,1,7,110,1,1,60.0,0,I,LARGE_PROVINCIAL_CITIES,STREET,7,13.0
163562,1,3,130,5,9,60.0,0,N,MELB_URBAN,RAMP,6,16.0
163563,3,6,167,5,1,100.0,0,N,RURAL_VICTORIA,DRIVE,7,12.0
163564,5,5,171,5,5,80.0,0,N,RURAL_VICTORIA,ROAD,7,21.0
163565,1,6,110,1,1,60.0,0,I,RURAL_VICTORIA,ROAD,7,13.0
163566,1,5,113,2,2,30.0,0,N,MELB_URBAN,STREET,6,8.0
163567,2,7,99,5,1,50.0,0,N,MELB_URBAN,STREET,7,15.0
163568,1,7,121,2,2,60.0,0,I,MELB_URBAN,STREET,7,16.0
163569,8,6,174,5,2,60.0,0,N,LARGE_PROVINCIAL_CITIES,ROAD,7,16.0
163570,1,2,99,1,1,60.0,0,N,RURAL_VICTORIA,ROAD,1,12.0
163571,2,7,102,5,1,60.0,0,N,MELB_URBAN,ROAD,7,15.0
163572,1,6,130,2,1,60.0,0,N,MELB_URBAN,ROAD,7,11.0
163573,4,6,171,5,2,50.0,0,N,MELB_URBAN,STREET,7,16.0
163574,1,7,130,5,1,60.0,0,N,LARGE_PROVINCIAL_CITIES,STREET,7,14.0
163575,2,7,100,5,2,40.0,0,N,SMALL_TOWNS,STREET,7,16.0
163576,1,7,121,1,2,50.0,0,I,MELB_URBAN,STREET,7,17.0
163577,1,6,99,3,9,60.0,0,I,MELB_URBAN,ROAD,7,11.0
163578,1,4,113,1,1,40.0,0,N,MELB_URBAN,STREET,5,10.0
163579,6,6,170,5,5,100.0,0,N,RURAL_VICTORIA,ROAD,7,19.0
163580,1,7,130,5,2,100.0,0,N,MELB_URBAN,FREEWAY,7,18.0
163581,4,6,99,2,2,50.0,0,N,MELB_URBAN,STREET,7,17.0
163582,2,6,99,5,9,50.0,0,N,UNKNOWN,STREET,7,19.0
163583,1,6,120,5,3,60.0,0,N,MELB_URBAN,OTHER,7,21.0
163584,3,6,167,5,2,100.0,0,N,RURAL_VICTORIA,HIGHWAY,7,18.0
163585,2,7,100,5,3,60.0,0,N,MELB_URBAN,HIGHWAY,7,20.0
163586,1,7,130,5,2,80.0,0,N,MELB_URBAN,FREEWAY,7,18.0
163587,1,6,121,1,3,80.0,0,I,MELB_URBAN,HIGHWAY,7,20.0
163588,4,6,99,5,2,100.0,0,N,RURAL_VICTORIA,ROAD,7,17.0
163589,1,6,121,1,3,60.0,0,I,LARGE_PROVINCIAL_CITIES,STREET,7,21.0
163590,2,7,102,2,3,70.0,0,I,MELB_URBAN,ROAD,7,20.0
163591,4,1,183,5,5,60.0,0,N,RURAL_VICTORIA,ROAD,7,1.0
163592,4,1,171,5,5,100.0,0,N,RURAL_VICTORIA,ROAD,7,1.0
163593,1,4,120,5,2,40.0,0,N,MELB_URBAN,STREET,6,18.0
163594,1,5,130,5,2,60.0,0,N,MELB_URBAN,ROAD,7,9.0
163595,1,4,113,2,1,60.0,0,I,MELB_URBAN,STREET,7,10.0
163596,1,1,160,5,3,40.0,0,N,MELBOURNE_CBD,STREET,7,4.0
163597,1,1,140,5,1,80.0,0,N,MELB_URBAN,ROAD,7,10.0
163598,2,7,99,3,1,60.0,0,N,MELB_URBAN,ROAD,7,11.0
163599,4,1,171,2,1,70.0,0,N,RURAL_VICTORIA,ROAD,7,10.0
163600,2,0,99,2,9,60.0,0,N,MELB_URBAN,STREET,7,9.0
163601,5,0,99,5,1,60.0,0,N,RURAL_VICTORIA,ROAD,7,12.0
163602,1,1,113,1,1,60.0,0,I,MELB_URBAN,ROAD,7,8.0
163603,1,0,130,2,1,60.0,0,I,MELB_URBAN,ROAD,7,11.0
163604,1,5,130,1,2,40.0,0,I,MELB_URBAN,STREET,6,17.0
163605,6,6,99,5,1,100.0,0,N,RURAL_VICTORIA,HIGHWAY,7,7.0
163606,6,1,184,5,1,80.0,0,N,RURAL_VICTORIA,ROAD,7,12.0
163607,1,1,130,5,1,80.0,0,N,MELB_URBAN,OTHER,7,14.0
163608,4,0,181,5,1,80.0,0,N,RURAL_VICTORIA,HIGHWAY,7,11.0
163609,1,1,99,5,1,80.0,0,N,RURAL_VICTORIA,HIGHWAY,7,13.0
163610,1,1,130,5,1,70.0,0,N,RURAL_VICTORIA,ROAD,7,14.0
163611,1,3,130,1,2,50.0,0,I,MELB_URBAN,STREET,7,18.0
163612,1,1,99,1,1,100.0,0,I,RURAL_VICTORIA,HIGHWAY,7,14.0
163613,3,1,167,5,1,50.0,0,N,RURAL_VICTORIA,STREET,7,16.0
163614,1,1,120,5,1,100.0,1,N,RURAL_VICTORIA,ROAD,7,11.0
163615,1,1,130,5,1,60.0,0,N,MELB_URBAN,STREET,7,15.0
163616,1,0,163,5,2,60.0,0,N,MELB_URBAN,ROAD,7,16.0
163617,1,1,121,1,1,80.0,0,I,MELB_URBAN,ROAD,7,13.0
163618,5,0,99,5,2,50.0,0,N,MELB_URBAN,ROAD,7,18.0
163619,4,1,173,5,4,60.0,0,N,MELB_URBAN,STREET,7,19.0
163620,4,1,183,5,5,60.0,0,N,MELB_URBAN,ROAD,7,19.0
163621,1,5,160,5,1,50.0,0,N,MELB_URBAN,AVENUE,7,10.0
163622,1,3,135,5,5,100.0,0,N,SMALL_TOWNS,FREEWAY,5,20.0
163623,4,1,171,5,5,100.0,0,N,RURAL_VICTORIA,FREEWAY,7,19.0
163624,1,0,160,5,3,60.0,0,N,MELB_URBAN,ROAD,7,20.0
163625,3,0,167,5,5,110.0,0,N,RURAL_VICTORIA,FREEWAY,7,21.0
163626,1,1,113,2,3,60.0,0,I,LARGE_PROVINCIAL_CITIES,ROAD,7,21.0
163627,1,1,130,5,1,80.0,0,N,RURAL_VICTORIA,ROAD,7,15.0
163628,4,0,99,5,3,60.0,0,N,UNKNOWN,ROAD,7,22.0
163629,7,1,99,2,3,60.0,0,I,MELB_URBAN,PARADE,7,2.0
163630,1,4,113,1,1,60.0,0,I,SMALL_CITIES,STREET,7,15.0
163631,2,4,99,5,1,40.0,0,N,MELB_URBAN,DRIVE,7,14.0
163632,1,2,121,1,3,60.0,0,I,MELB_URBAN,STREET,7,18.0
163633,1,5,113,2,1,60.0,0,I,MELB_URBAN,STREET,6,7.0
163634,1,6,110,1,1,50.0,0,I,SMALL_CITIES,AVENUE,6,13.0
163635,8,0,99,1,2,70.0,0,I,MELB_URBAN,ROAD,7,9.0
163636,1,7,99,5,1,40.0,0,N,MELB_URBAN,OTHER,6,12.0
163637,4,1,171,5,1,50.0,0,N,SMALL_CITIES,AVENUE,7,16.0
163638,1,3,135,5,2,60.0,0,N,MELB_URBAN,ROAD,6,18.0
163639,1,2,130,5,9,60.0,0,N,MELB_URBAN,ROAD,6,15.0
163640,1,1,110,1,1,50.0,0,I,MELB_URBAN,STREET,7,7.0
163641,1,2,130,5,2,80.0,0,N,MELB_URBAN,RAMP,7,8.0
163642,2,2,100,1,1,50.0,0,I,MELB_URBAN,UNKNOWN,7,9.0
163643,1,2,130,5,1,80.0,0,N,MELB_URBAN,FREEWAY,7,8.0
163644,1,6,130,5,2,40.0,0,N,MELB_URBAN,STREET,7,8.0
163645,1,2,130,5,2,60.0,0,N,MELB_URBAN,ROAD,7,6.0
163646,2,2,102,2,1,50.0,0,N,LARGE_PROVINCIAL_CITIES,AVENUE,7,8.0
163647,1,2,110,1,1,40.0,0,I,MELB_URBAN,STREET,7,7.0
163648,1,2,113,2,1,100.0,0,I,RURAL_VICTORIA,ROAD,7,8.0
163649,1,6,99,2,2,60.0,0,I,MELB_URBAN,DRIVE,7,18.0
163650,5,1,171,5,1,100.0,0,N,UNKNOWN,HIGHWAY,7,10.0
163651,1,7,130,5,1,60.0,0,N,MELB_URBAN,DRIVE,5,12.0
163652,1,6,130,5,3,60.0,0,N,LARGE_PROVINCIAL_CITIES,STREET,7,20.0
163653,1,2,130,5,1,60.0,0,N,MELB_URBAN,ROAD,7,10.0
163654,1,1,130,5,2,70.0,0,N,MELB_URBAN,ROAD,7,18.0
163655,1,2,120,5,1,80.0,1,N,MELB_URBAN,ROAD,7,12.0
163656,4,2,171,2,1,100.0,0,I,MELB_URBAN,ROAD,7,12.0
163657,1,2,99,5,1,60.0,0,N,MELB_URBAN,ROAD,7,10.0
163658,2,2,99,5,2,50.0,0,N,MELB_URBAN,STREET,7,7.0
163659,6,2,184,5,1,80.0,0,N,RURAL_VICTORIA,ROAD,7,11.0
163660,1,6,113,2,2,60.0,0,I,MELB_URBAN,ROAD,7,8.0
163661,1,1,163,2,1,60.0,0,I,MELB_URBAN,ROAD,7,13.0
163662,1,3,111,2,2,70.0,0,I,MELB_URBAN,ROAD,5,16.0
163663,1,2,130,5,2,60.0,0,N,MELB_URBAN,ROAD,6,6.0
163664,8,0,99,5,9,60.0,0,N,RURAL_VICTORIA,OTHER,7,11.0
163665,1,1,133,5,1,50.0,0,N,MELB_URBAN,ROAD,7,15.0
163666,2,5,100,2,2,60.0,0,I,MELB_URBAN,PARADE,7,19.0
163667,1,1,110,1,1,50.0,0,I,LARGE_PROVINCIAL_CITIES,STREET,7,16.0
163668,1,6,130,1,2,60.0,0,I,MELB_URBAN,ROAD,7,16.0
163669,1,3,99,2,1,60.0,0,I,MELB_URBAN,ROAD,7,8.0
163670,1,4,121,2,1,80.0,0,N,SMALL_CITIES,HIGHWAY,4,13.0
163671,1,5,99,5,1,50.0,0,N,SMALL_CITIES,STREET,7,15.0
163672,2,2,100,1,3,80.0,0,I,MELB_URBAN,HIGHWAY,7,18.0
163673,2,1,102,1,2,60.0,0,N,MELB_URBAN,ROAD,7,18.0
163674,1,5,130,5,6,60.0,0,N,MELB_URBAN,ROAD,7,22.0
163675,1,1,130,5,2,60.0,0,N,MELB_URBAN,ROAD,7,17.0
163676,1,1,110,1,3,30.0,0,I,MELBOURNE_CBD,STREET,7,17.0
163677,4,2,181,5,5,110.0,0,N,UNKNOWN,FREEWAY,7,20.0
163678,1,0,130,1,2,80.0,0,I,MELB_URBAN,ROAD,7,18.0
163679,4,2,173,5,3,50.0,0,N,SMALL_CITIES,STREET,7,20.0
163680,1,2,121,1,2,60.0,0,N,RURAL_VICTORIA,ROAD,7,18.0
163681,1,2,110,1,1,50.0,0,I,MELB_URBAN,AVENUE,7,15.0
163682,5,1,99,5,3,40.0,0,N,MELB_URBAN,STREET,7,21.0
163683,1,5,99,5,1,70.0,0,N,MELB_URBAN,ROAD,7,11.0
163684,1,6,132,5,1,60.0,0,I,MELB_URBAN,ROAD,2,15.0
163685,1,2,113,2,3,60.0,0,I,MELB_URBAN,AVENUE,7,23.0
163686,1,6,113,2,1,80.0,0,N,MELB_URBAN,ROAD,7,11.0
163687,1,3,120,5,3,60.0,0,N,MELB_URBAN,ROAD,7,3.0
163688,1,5,130,5,1,80.0,0,N,RURAL_VICTORIA,HIGHWAY,7,17.0
163689,1,6,120,1,1,80.0,0,I,MELB_URBAN,STREET,7,16.0
163690,1,2,130,5,1,60.0,0,N,MELB_URBAN,ROAD,7,9.0
163691,1,2,135,2,1,60.0,0,I,MELB_URBAN,ROAD,6,15.0
163692,1,2,121,3,2,60.0,0,N,MELB_URBAN,ROAD,7,8.0
163693,1,3,147,5,2,100.0,0,N,RURAL_VICTORIA,HIGHWAY,7,8.0
163694,1,2,110,1,1,50.0,0,I,SMALL_CITIES,STREET,7,9.0
163695,1,3,99,5,1,50.0,0,N,MELB_URBAN,STREET,7,9.0
163696,1,2,130,5,1,80.0,0,N,MELB_URBAN,HIGHWAY,7,9.0
163697,8,6,99,5,1,60.0,0,N,RURAL_VICTORIA,ROAD,7,11.0
163698,2,4,99,5,1,60.0,0,N,UNKNOWN,STREET,7,11.0
163699,1,2,121,1,1,50.0,0,I,TOWNS,STREET,7,9.0
163700,1,2,110,1,1,100.0,0,I,RURAL_VICTORIA,ROAD,7,10.0
163701,1,5,110,1,5,50.0,0,I,LARGE_PROVINCIAL_CITIES,STREET,7,20.0
163702,1,2,134,5,2,60.0,0,N,MELB_URBAN,STREET,5,8.0
163703,2,3,102,1,1,60.0,0,N,MELB_URBAN,ROAD,7,8.0
163704,1,1,130,5,1,100.0,0,N,RURAL_VICTORIA,ROAD,11,13.0
163705,1,3,110,4,1,80.0,0,N,MELB_URBAN,ROAD,7,11.0
163706,2,3,100,1,1,60.0,0,N,MELB_URBAN,ROAD,7,9.0
163707,1,5,130,5,2,80.0,0,N,MELB_URBAN,RAMP,7,17.0
163708,1,3,99,1,1,80.0,0,I,MELB_URBAN,OTHER,7,9.0
163709,1,2,110,1,2,60.0,0,I,MELB_URBAN,ROAD,7,8.0
163710,2,3,102,1,1,60.0,0,I,MELB_URBAN,STREET,7,12.0
163711,4,2,181,5,1,60.0,0,N,RURAL_VICTORIA,ROAD,7,13.0
163712,1,3,120,5,2,100.0,0,N,RURAL_VICTORIA,HIGHWAY,7,7.0
163713,1,3,99,5,1,40.0,0,N,MELBOURNE_CBD,STREET,7,12.0
163714,8,5,174,2,9,60.0,0,I,MELB_URBAN,STREET,7,18.0
163715,6,5,99,5,1,100.0,0,N,RURAL_VICTORIA,OTHER,7,15.0
163716,1,3,130,5,1,60.0,0,N,MELB_URBAN,ROAD,7,12.0
163717,1,1,147,5,2,50.0,0,N,MELB_URBAN,ROAD,7,8.0
163718,2,3,99,5,1,40.0,0,N,UNKNOWN,STREET,7,15.0
163719,2,5,102,5,2,50.0,0,N,MELB_URBAN,STREET,7,17.0
163720,1,1,130,5,1,80.0,0,N,MELB_URBAN,ROAD,7,12.0
163721,1,3,113,2,2,50.0,0,N,MELB_URBAN,OTHER,7,16.0
163722,1,3,130,5,1,80.0,0,N,LARGE_PROVINCIAL_CITIES,ROAD,7,15.0
163723,4,2,181,5,1,100.0,0,I,RURAL_VICTORIA,FREEWAY,7,13.0
163724,2,3,102,1,1,80.0,0,N,MELB_URBAN,ROAD,7,16.0
163725,2,2,102,2,2,50.0,0,N,MELB_URBAN,STREET,7,17.0
163726,1,1,130,5,2,60.0,0,N,MELB_URBAN,ROAD,7,18.0
163727,1,2,130,5,2,60.0,0,N,MELB_URBAN,ROAD,7,17.0
163728,2,2,102,5,1,60.0,0,N,MELB_URBAN,HIGHWAY,7,14.0
163729,1,5,121,2,2,60.0,0,I,MELB_URBAN,ROAD,7,18.0
163730,1,3,130,2,2,60.0,0,I,MELB_URBAN,ROAD,7,8.0
163731,1,3,121,5,2,60.0,0,N,MELB_URBAN,ROAD,7,17.0
163732,1,2,130,2,1,60.0,0,N,MELB_URBAN,ROAD,7,15.0
163733,1,3,163,5,1,40.0,0,N,MELBOURNE_CBD,STREET,7,16.0
163734,1,6,130,5,2,80.0,0,N,MELB_URBAN,FREEWAY,6,17.0
163735,1,2,99,5,3,50.0,0,N,MELB_URBAN,AVENUE,7,19.0
163736,1,3,130,2,2,80.0,0,I,MELB_URBAN,ROAD,7,17.0
163737,2,3,102,2,3,50.0,1,I,MELB_URBAN,STREET,7,19.0
163738,1,3,110,1,2,60.0,0,I,TOWNS,RAMP,7,6.0
163739,9,4,99,5,9,60.0,0,I,SMALL_CITIES,STREET,7,1.0
163740,6,3,170,5,5,100.0,0,N,RURAL_VICTORIA,OTHER,7,1.0
163741,1,6,113,1,3,50.0,0,I,MELB_URBAN,STREET,7,20.0
163742,1,3,130,1,1,60.0,0,N,MELB_URBAN,HIGHWAY,7,10.0
163743,1,2,130,2,1,60.0,0,N,MELB_URBAN,AVENUE,7,12.0
163744,7,0,99,1,2,60.0,0,I,MELB_URBAN,STREET,7,17.0
163745,1,3,130,5,1,80.0,0,N,MELB_URBAN,ROAD,7,15.0
163746,1,2,130,5,2,60.0,0,N,MELB_URBAN,ROAD,7,8.0
163747,4,4,171,2,1,50.0,0,I,SMALL_CITIES,ROAD,7,10.0
163748,1,2,121,1,3,40.0,0,I,MELBOURNE_CBD,OTHER,7,17.0
163749,8,2,99,9,1,70.0,0,N,MELB_URBAN,ROAD,6,12.0
163750,1,3,99,5,1,40.0,0,N,MELBOURNE_CBD,STREET,7,11.0
163751,1,5,130,5,3,80.0,0,N,MELB_URBAN,ROAD,7,19.0
163752,1,3,110,1,1,50.0,0,I,SMALL_CITIES,STREET,7,12.0
163753,1,4,130,5,1,40.0,0,N,MELB_URBAN,STREET,7,12.0
163754,1,3,99,5,1,80.0,0,N,MELB_URBAN,FREEWAY,7,17.0
163755,4,3,183,5,1,100.0,0,N,RURAL_VICTORIA,ROAD,7,14.0
163756,1,5,134,5,1,80.0,0,N,MELB_URBAN,ROAD,7,16.0
163757,6,3,174,2,1,60.0,0,I,UNKNOWN,DRIVE,7,13.0
163758,8,6,99,5,9,60.0,0,N,RURAL_VICTORIA,DRIVE,6,14.0
163759,1,0,160,5,1,50.0,0,N,MELB_URBAN,DRIVE,7,14.0
163760,4,4,183,2,1,80.0,0,I,RURAL_VICTORIA,ROAD,7,13.0
163761,1,6,113,3,3,60.0,0,I,SMALL_CITIES,STREET,7,19.0
163762,2,4,102,5,1,60.0,0,N,MELB_URBAN,ROAD,7,15.0
163763,1,2,121,5,2,60.0,0,N,MELB_URBAN,STREET,7,18.0
163764,1,3,99,5,1,70.0,0,N,UNKNOWN,ROAD,7,14.0
163765,2,4,99,5,1,50.0,0,N,UNKNOWN,STREET,7,16.0
163766,1,3,121,2,2,80.0,0,I,RURAL_VICTORIA,ROAD,7,17.0
163767,1,4,130,5,9,60.0,0,N,MELB_URBAN,FREEWAY,6,18.0
163768,2,4,99,5,1,60.0,0,N,UNKNOWN,ROAD,7,10.0
163769,1,3,130,5,2,60.0,0,N,SMALL_CITIES,STREET,7,17.0
163770,1,4,116,2,1,60.0,0,I,MELB_URBAN,OTHER,7,16.0
163771,1,4,99,5,1,50.0,0,N,MELB_URBAN,STREET,7,8.0
163772,1,4,130,5,9,60.0,0,N,MELB_URBAN,ROAD,9,19.0
163773,1,4,130,2,2,60.0,0,I,MELB_URBAN,BOULEVARD,7,16.0
163774,1,3,99,1,1,80.0,0,N,MELB_URBAN,ROAD,7,16.0
163775,1,4,147,5,1,50.0,0,N,MELB_URBAN,DRIVE,7,15.0
163776,1,3,163,5,3,40.0,0,N,MELB_URBAN,ROAD,7,20.0
163777,1,3,160,5,2,50.0,0,N,MELB_URBAN,ROAD,7,18.0
163778,1,3,121,1,3,40.0,0,I,MELB_URBAN,OTHER,7,20.0
163779,1,4,130,5,3,60.0,0,N,MELB_URBAN,ROAD,7,19.0
163780,1,4,130,5,2,60.0,0,N,MELB_URBAN,ROAD,7,18.0
163781,4,4,181,5,1,50.0,0,N,MELB_URBAN,OTHER,7,16.0
163782,1,3,110,1,3,40.0,0,I,MELB_URBAN,ROAD,7,19.0
163783,1,4,99,5,1,60.0,0,N,UNKNOWN,STREET,7,10.0
163784,2,4,100,5,3,50.0,0,N,SMALL_CITIES,STREET,7,19.0
163785,1,3,130,5,3,60.0,0,N,MELB_URBAN,ROAD,7,19.0
163786,2,4,102,5,2,60.0,0,N,MELB_URBAN,PARADE,7,16.0
163787,4,4,171,2,5,100.0,0,N,UNKNOWN,ROAD,7,19.0
163788,1,4,121,2,3,60.0,0,I,LARGE_PROVINCIAL_CITIES,AVENUE,7,19.0
163789,4,4,173,5,5,110.0,0,N,RURAL_VICTORIA,FREEWAY,7,23.0
163790,4,4,171,5,3,60.0,0,N,UNKNOWN,STREET,7,4.0
163791,1,4,133,5,1,100.0,1,N,RURAL_VICTORIA,ROAD,7,14.0
163792,4,2,171,5,1,100.0,0,N,RURAL_VICTORIA,ROAD,2,18.0
163793,1,2,134,5,2,60.0,0,N,MELB_URBAN,ROAD,7,17.0
163794,8,6,174,5,1,60.0,0,N,RURAL_VICTORIA,ROAD,7,10.0
163795,4,7,171,2,3,50.0,0,N,LARGE_PROVINCIAL_CITIES,AVENUE,12,23.0
163796,1,5,121,1,2,60.0,0,I,MELB_URBAN,ROAD,7,6.0
163797,2,5,102,2,5,50.0,0,I,MELB_URBAN,STREET,7,6.0
163798,1,5,130,3,2,100.0,0,N,MELB_URBAN,ROAD,7,7.0
163799,1,2,130,5,2,60.0,0,N,MELB_URBAN,ROAD,7,8.0
163800,1,5,147,5,1,50.0,0,N,MELB_URBAN,HIGHWAY,7,9.0
163801,7,6,99,5,1,100.0,0,N,RURAL_VICTORIA,ROAD,7,14.0
163802,1,4,116,2,9,60.0,0,I,SMALL_CITIES,AVENUE,7,13.0
163803,1,5,121,2,2,80.0,0,I,MELB_URBAN,ROAD,7,8.0
163804,3,2,167,5,2,80.0,0,N,UNKNOWN,HIGHWAY,7,7.0
163805,1,5,113,2,1,60.0,0,N,MELB_URBAN,OTHER,7,11.0
163806,7,5,99,2,1,40.0,0,N,MELB_URBAN,ROAD,7,9.0
163807,1,5,110,1,1,100.0,0,I,RURAL_VICTORIA,ROAD,7,10.0
163808,1,5,121,2,5,60.0,0,I,MELB_URBAN,ROAD,7,7.0
163809,1,6,130,5,1,40.0,0,N,MELBOURNE_CBD,STREET,4,8.0
163810,1,3,99,1,3,60.0,0,I,MELB_URBAN,ROAD,7,17.0
163811,1,5,130,5,1,50.0,0,N,LARGE_PROVINCIAL_CITIES,STREET,7,8.0
163812,1,3,130,5,9,60.0,0,N,MELB_URBAN,FREEWAY,7,15.0
163813,4,5,99,2,1,40.0,0,I,LARGE_PROVINCIAL_CITIES,STREET,6,9.0
163814,2,5,102,5,1,60.0,0,N,MELB_URBAN,ROAD,7,14.0
163815,1,4,111,1,2,60.0,0,I,MELB_URBAN,STREET,7,17.0
163816,1,1,130,2,2,60.0,0,N,MELB_URBAN,ROAD,7,7.0
163817,1,7,99,5,3,60.0,0,N,MELB_URBAN,ROAD,5,18.0
163818,3,5,167,5,1,110.0,0,N,RURAL_VICTORIA,FREEWAY,7,8.0
163819,4,1,99,2,5,100.0,0,N,UNKNOWN,ROAD,7,21.0
163820,4,5,173,5,1,80.0,0,N,RURAL_VICTORIA,ROAD,7,15.0
163821,1,4,99,2,9,60.0,0,I,MELBOURNE_CBD,STREET,7,16.0
163822,1,5,110,1,1,60.0,0,I,LARGE_PROVINCIAL_CITIES,STREET,7,16.0
163823,4,5,171,5,1,60.0,0,N,RURAL_VICTORIA,ROAD,7,14.0
163824,1,3,163,5,2,60.0,0,N,MELB_URBAN,STREET,7,18.0
163825,1,6,163,5,3,60.0,0,N,MELB_URBAN,STREET,7,19.0
163826,1,5,110,1,3,50.0,0,I,MELB_URBAN,STREET,7,17.0
163827,1,5,130,5,2,60.0,0,N,MELB_URBAN,ROAD,7,16.0