,accident_type,day_of_week,dca_code,road_geometry,light_condition,speed_zone,severity,node_type,deg_urban_name,road_type,month,hour
163828,4,5,171,5,1,100.0,0,N,RURAL_VICTORIA,ROAD,7,15.0
163829,1,5,110,1,1,50.0,0,I,TOWNS,STREET,7,16.0
163830,6,3,99,5,2,50.0,0,N,MELB_URBAN,DRIVE,7,8.0
163831,1,5,160,5,1,60.0,0,N,MELB_URBAN,ROAD,7,14.0
163832,1,2,110,1,1,60.0,0,I,RURAL_VICTORIA,ROAD,7,9.0
163833,1,4,130,5,1,100.0,0,N,RURAL_VICTORIA,HIGHWAY,7,15.0
163834,1,5,110,1,3,60.0,0,N,UNKNOWN,ROAD,7,17.0
163835,8,5,174,5,3,50.0,0,N,MELB_URBAN,ROAD,7,18.0
163836,4,5,183,5,3,60.0,0,N,MELB_URBAN,ROAD,7,18.0
163837,1,5,120,5,2,60.0,0,N,MELB_URBAN,ROAD,7,17.0
163838,4,5,171,5,5,100.0,0,N,RURAL_VICTORIA,ROAD,7,19.0
163839,1,4,121,2,3,60.0,0,I,MELB_URBAN,AVENUE,7,18.0
163840,1,5,110,1,1,60.0,0,I,MELB_URBAN,PARADE,7,14.0
163841,2,5,100,5,1,40.0,0,N,MELB_URBAN,AVENUE,7,15.0
163842,6,5,170,5,3,80.0,0,N,UNKNOWN,ROAD,7,20.0
163843,1,4,110,1,5,100.0,0,I,RURAL_VICTORIA,ROAD,7,19.0
163844,1,5,121,2,3,80.0,0,N,MELB_URBAN,HIGHWAY,7,21.0
163845,1,4,130,1,3,80.0,0,I,MELB_URBAN,HIGHWAY,7,1.0
163846,1,3,147,5,1,40.0,0,N,MELB_URBAN,ROAD,7,15.0
163847,1,5,111,2,3,80.0,1,I,MELB_URBAN,HIGHWAY,7,21.0
163848,2,5,99,1,2,50.0,0,N,UNKNOWN,STREET,7,7.0
163849,1,6,130,5,2,80.0,0,N,TOWNS,STREET,7,8.0
163850,1,5,110,1,1,40.0,0,I,MELB_URBAN,STREET,7,8.0
163851,4,6,181,5,2,100.0,0,N,RURAL_VICTORIA,ROAD,7,7.0
163852,1,5,133,5,1,40.0,0,N,MELBOURNE_CBD,STREET,7,8.0
163853,1,6,147,5,1,40.0,0,N,RURAL_VICTORIA,ROAD,7,9.0
163854,1,5,147,5,1,60.0,0,N,UNKNOWN,ROAD,7,15.0
163855,1,6,116,1,1,60.0,0,I,LARGE_PROVINCIAL_CITIES,ROAD,7,10.0
163856,1,2,99,1,2,60.0,0,I,LARGE_PROVINCIAL_CITIES,ROAD,7,16.0
163857,1,6,160,5,1,60.0,0,N,LARGE_PROVINCIAL_CITIES,STREET,7,9.0
163858,1,3,110,1,1,50.0,0,I,LARGE_PROVINCIAL_CITIES,STREET,6,10.0
163859,1,6,113,1,1,80.0,0,I,MELB_URBAN,HIGHWAY,7,9.0
163860,1,6,120,5,1,60.0,0,N,MELB_URBAN,ROAD,7,9.0
163861,1,1,130,2,3,80.0,0,I,MELB_URBAN,ROAD,7,0.0
163862,2,5,100,5,1,40.0,0,N,MELB_URBAN,UNKNOWN,7,10.0
163863,1,6,99,2,1,50.0,0,N,MELB_URBAN,ROAD,7,9.0
163864,1,2,120,5,2,80.0,0,N,RURAL_VICTORIA,ROAD,7,17.0
163865,2,3,99,5,1,50.0,0,N,MELB_URBAN,DRIVE,5,14.0
163866,1,4,130,5,1,50.0,0,N,MELB_URBAN,ROAD,7,12.0
163867,1,5,134,5,1,60.0,0,N,MELB_URBAN,ROAD,7,16.0
163868,6,6,184,5,1,100.0,0,N,RURAL_VICTORIA,ROAD,7,10.0
163869,1,6,130,5,1,70.0,0,N,MELB_URBAN,ROAD,7,12.0
163870,1,4,130,5,1,80.0,0,N,MELB_URBAN,HIGHWAY,7,9.0
163871,1,1,163,1,2,60.0,0,N,MELB_URBAN,ROAD,7,18.0
163872,1,5,110,1,3,60.0,0,I,MELB_URBAN,ROAD,7,19.0
163873,1,5,147,5,1,60.0,0,N,MELB_URBAN,STREET,7,11.0
163874,1,6,113,2,1,60.0,0,N,UNKNOWN,OTHER,7,12.0
163875,1,6,113,2,1,80.0,0,I,MELB_URBAN,ROAD,7,13.0
163876,2,6,99,1,1,40.0,0,N,MELB_URBAN,STREET,7,14.0
163877,2,6,102,5,1,60.0,0,N,MELB_URBAN,ROAD,7,15.0
163878,1,7,130,5,1,80.0,0,N,MELB_URBAN,HIGHWAY,7,11.0
163879,2,6,102,5,1,50.0,0,N,MELB_URBAN,DRIVE,7,13.0
163880,1,2,111,2,1,60.0,0,I,MELB_URBAN,STREET,6,9.0
163881,1,6,160,5,1,40.0,0,N,MELB_URBAN,DRIVE,7,12.0
163882,1,2,130,5,2,80.0,0,N,MELB_URBAN,RAMP,7,8.0
163883,1,6,130,5,1,100.0,0,N,RURAL_VICTORIA,ROAD,7,15.0
163884,1,6,99,5,1,50.0,0,N,MELB_URBAN,STREET,7,15.0
163885,1,4,110,1,3,60.0,0,I,MELB_URBAN,ROAD,7,18.0
163886,1,2,130,5,2,100.0,0,N,MELB_URBAN,FREEWAY,7,6.0
163887,6,1,174,1,1,40.0,0,N,MELB_URBAN,PARADE,7,12.0
163888,1,5,163,5,9,60.0,0,N,MELB_URBAN,STREET,7,10.0
163889,1,5,140,5,2,40.0,0,N,MELB_URBAN,DRIVE,7,9.0
163890,3,4,167,5,5,100.0,0,N,RURAL_VICTORIA,ROAD,7,22.0
163891,2,6,100,1,3,60.0,0,N,MELB_URBAN,ROAD,7,19.0
163892,1,6,99,5,6,60.0,0,N,MELB_URBAN,STREET,7,17.0
163893,1,6,120,5,1,80.0,0,N,RURAL_VICTORIA,ROAD,7,15.0
163894,1,6,99,1,1,60.0,0,I,MELB_URBAN,ROAD,7,14.0
163895,1,6,110,1,3,50.0,0,I,TOWNS,STREET,7,20.0
163896,1,1,121,1,1,50.0,0,I,SMALL_CITIES,STREET,7,15.0
163897,1,6,147,5,1,50.0,0,N,MELB_URBAN,OTHER,7,15.0
163898,1,6,130,5,3,60.0,0,N,MELB_URBAN,ROAD,7,21.0
163899,1,7,99,2,3,50.0,0,I,MELB_URBAN,STREET,7,1.0
163900,2,7,100,5,1,60.0,0,N,MELB_URBAN,STREET,7,7.0
163901,1,7,130,5,2,60.0,0,N,SMALL_CITIES,ROAD,7,7.0
163902,2,7,99,5,3,50.0,0,N,TOWNS,STREET,7,2.0
163903,1,7,130,2,2,80.0,0,N,MELB_URBAN,ROAD,7,5.0
163904,1,6,130,2,1,60.0,0,N,MELB_URBAN,ROAD,7,10.0
163905,2,1,100,2,2,50.0,0,I,MELB_URBAN,HIGHWAY,7,18.0
163906,1,7,130,5,1,60.0,0,N,MELB_URBAN,ROAD,7,10.0
163907,6,2,99,5,1,60.0,0,N,MELB_URBAN,ROAD,7,12.0
163908,2,7,99,5,1,100.0,0,N,MELB_URBAN,UNKNOWN,7,11.0
163909,1,2,130,1,2,60.0,0,I,MELB_URBAN,BOULEVARD,7,18.0
163910,4,6,173,5,1,100.0,0,N,MELB_URBAN,FREEWAY,7,9.0
163911,3,6,167,5,1,100.0,0,N,RURAL_VICTORIA,ROAD,7,10.0
163912,1,0,133,5,3,60.0,0,N,MELB_URBAN,STREET,7,0.0
163913,1,7,160,5,1,50.0,0,N,MELB_URBAN,STREET,7,12.0
163914,1,7,110,1,1,110.0,0,I,RURAL_VICTORIA,FREEWAY,7,10.0
163915,8,7,174,5,1,50.0,0,N,UNKNOWN,OTHER,7,13.0
163916,1,7,130,2,1,50.0,0,I,LARGE_PROVINCIAL_CITIES,STREET,7,12.0
163917,1,3,99,1,3,40.0,0,I,MELBOURNE_CBD,STREET,7,19.0
163918,2,6,100,5,1,40.0,0,N,MELB_URBAN,STREET,7,14.0
163919,1,6,130,5,1,60.0,0,N,RURAL_VICTORIA,FREEWAY,7,12.0
163920,1,6,99,2,1,50.0,0,I,MELB_URBAN,STREET,7,14.0
163921,4,6,171,5,1,100.0,0,N,RURAL_VICTORIA,ROAD,7,12.0
163922,1,7,130,5,1,50.0,0,N,MELB_URBAN,STREET,7,14.0
163923,4,7,171,1,1,50.0,0,I,MELB_URBAN,ROAD,7,15.0
163924,6,7,174,5,2,50.0,0,N,UNKNOWN,BOULEVARD,7,18.0
163925,4,7,183,5,1,70.0,0,N,MELB_URBAN,ROAD,7,15.0
163926,1,7,130,1,2,60.0,0,N,MELB_URBAN,OTHER,7,18.0
163927,1,7,113,1,1,50.0,0,I,MELB_URBAN,STREET,7,15.0
163928,1,4,130,5,3,60.0,0,N,MELB_URBAN,ROAD,6,20.0
163929,1,7,140,1,2,40.0,0,I,MELB_URBAN,STREET,7,17.0
163930,4,7,173,5,5,80.0,0,N,MELB_URBAN,ROAD,7,20.0
163931,1,2,133,5,2,100.0,0,N,MELB_URBAN,ROAD,7,6.0
163932,2,6,99,5,3,40.0,0,N,MELB_URBAN,STREET,7,19.0
163933,2,2,99,5,3,50.0,0,N,TOWNS,STREET,7,1.0
163934,4,7,183,2,3,50.0,0,I,UNKNOWN,STREET,7,0.0
163935,1,6,130,5,3,60.0,0,I,MELB_URBAN,ROAD,7,21.0
163936,8,7,174,2,3,50.0,0,I,LARGE_PROVINCIAL_CITIES,STREET,7,22.0
163937,1,6,99,2,3,40.0,0,I,MELB_URBAN,ROAD,7,20.0
163938,2,1,100,1,3,60.0,0,N,MELB_URBAN,PARADE,7,0.0
163939,1,7,133,5,3,100.0,0,N,MELB_URBAN,FREEWAY,7,21.0
163940,1,7,130,5,2,60.0,0,N,MELB_URBAN,DRIVE,7,18.0
163941,4,7,171,5,5,60.0,0,N,RURAL_VICTORIA,ROAD,7,23.0
163942,5,0,99,5,1,50.0,0,N,SMALL_CITIES,OTHER,7,12.0
163943,1,0,120,5,5,80.0,0,N,RURAL_VICTORIA,ROAD,7,2.0
163944,4,1,173,5,5,100.0,0,N,RURAL_VICTORIA,HIGHWAY,7,3.0
163945,1,7,116,1,1,40.0,0,I,MELB_URBAN,STREET,7,8.0
163946,1,0,121,2,1,60.0,0,I,MELB_URBAN,ROAD,7,8.0
163947,4,1,171,5,3,100.0,0,N,RURAL_VICTORIA,ROAD,7,3.0
163948,1,5,147,5,1,60.0,0,N,MELB_URBAN,ROAD,7,16.0
163949,1,1,147,5,1,60.0,0,N,UNKNOWN,ROAD,7,11.0
163950,1,1,130,5,2,80.0,0,N,MELB_URBAN,ROAD,7,8.0
163951,1,1,135,5,2,80.0,0,N,UNKNOWN,HIGHWAY,7,19.0
163952,1,5,99,5,1,60.0,0,N,MELB_URBAN,STREET,7,8.0
163953,5,1,99,5,1,60.0,0,N,RURAL_VICTORIA,ROAD,7,15.0
163954,1,1,113,2,1,80.0,0,I,MELB_URBAN,HIGHWAY,7,11.0
163955,1,4,110,1,3,60.0,0,I,RURAL_VICTORIA,ROAD,7,23.0
163956,1,1,111,2,1,80.0,0,I,MELB_URBAN,ROAD,7,13.0
163957,8,7,184,5,1,60.0,0,N,RURAL_VICTORIA,ROAD,7,14.0
163958,2,1,99,5,3,80.0,0,N,MELB_URBAN,ROAD,7,3.0
163959,2,1,99,5,1,50.0,1,N,LARGE_PROVINCIAL_CITIES,STREET,7,13.0
163960,1,5,110,1,1,60.0,0,I,MELB_URBAN,STREET,7,11.0
163961,1,1,110,1,1,60.0,0,N,MELB_URBAN,ROAD,7,14.0
163962,1,3,121,3,3,60.0,0,I,MELB_URBAN,ROAD,7,22.0
163963,1,1,113,2,1,60.0,0,N,MELB_URBAN,ROAD,7,14.0
163964,1,0,113,2,1,80.0,0,I,RURAL_VICTORIA,ROAD,7,13.0
163965,8,0,170,5,1,100.0,0,N,RURAL_VICTORIA,ROAD,7,16.0
163966,1,6,121,5,5,40.0,0,N,MELB_URBAN,ROAD,7,21.0
163967,1,1,120,2,1,50.0,0,N,MELB_URBAN,OTHER,7,14.0
163968,1,0,110,1,9,50.0,0,I,MELB_URBAN,STREET,7,17.0
163969,1,1,110,1,3,70.0,0,I,RURAL_VICTORIA,PARADE,7,17.0
163970,1,1,173,2,3,50.0,0,I,RURAL_VICTORIA,STREET,7,18.0
163971,2,4,100,5,9,60.0,0,N,MELB_URBAN,ROAD,7,20.0
163972,5,1,99,5,5,80.0,0,N,RURAL_VICTORIA,ROAD,7,21.0
163973,2,1,102,2,3,60.0,0,N,MELB_URBAN,STREET,7,18.0
163974,1,1,99,5,1,50.0,0,N,MELB_URBAN,DRIVE,7,15.0
163975,4,0,171,5,1,60.0,0,N,UNKNOWN,STREET,7,13.0
163976,4,1,99,2,5,60.0,1,I,RURAL_VICTORIA,ROAD,7,19.0
163977,1,6,130,5,2,80.0,0,N,RURAL_VICTORIA,FREEWAY,7,7.0
163978,1,2,99,5,3,50.0,0,N,MELB_URBAN,STREET,7,1.0
163979,1,2,130,5,2,60.0,0,N,MELB_URBAN,ROAD,7,7.0
163980,1,7,130,5,2,100.0,0,N,MELB_URBAN,FREEWAY,6,18.0
163981,1,4,130,5,1,60.0,0,N,MELB_URBAN,ROAD,7,13.0
163982,1,1,121,2,1,60.0,0,I,MELB_URBAN,BOULEVARD,7,9.0
163983,1,0,130,5,2,70.0,0,N,MELB_URBAN,ROAD,7,17.0
163984,1,1,113,2,1,50.0,0,I,MELB_URBAN,AVENUE,7,15.0
163985,4,1,183,5,5,110.0,0,N,RURAL_VICTORIA,HIGHWAY,7,20.0
163986,4,2,181,5,1,110.0,0,N,SMALL_CITIES,FREEWAY,7,8.0
163987,8,5,99,5,5,80.0,0,N,SMALL_CITIES,ROAD,7,21.0
163988,1,3,116,2,1,60.0,0,I,MELB_URBAN,ROAD,7,16.0
163989,1,1,132,5,1,50.0,0,N,MELB_URBAN,AVENUE,7,12.0
163990,1,4,121,5,2,60.0,0,I,MELB_URBAN,STREET,7,17.0
163991,1,2,113,2,1,50.0,0,I,MELB_URBAN,OTHER,7,15.0
163992,1,3,130,2,2,70.0,0,I,MELB_URBAN,ROAD,7,7.0
163993,4,4,99,5,1,60.0,0,N,RURAL_VICTORIA,ROAD,6,11.0
163994,1,2,110,1,1,100.0,0,I,RURAL_VICTORIA,AVENUE,7,11.0
163995,2,2,99,5,3,40.0,0,N,MELB_URBAN,STREET,7,2.0
163996,1,2,116,2,1,80.0,0,N,MELB_URBAN,ROAD,7,15.0
163997,5,6,99,5,5,110.0,0,N,RURAL_VICTORIA,FREEWAY,7,23.0
163998,1,2,120,5,1,100.0,1,N,RURAL_VICTORIA,HIGHWAY,7,13.0
163999,1,6,134,1,1,60.0,0,I,LARGE_PROVINCIAL_CITIES,ROAD,7,12.0
164000,4,1,173,5,1,100.0,0,N,RURAL_VICTORIA,ROAD,7,16.0
164001,4,1,171,5,1,50.0,0,N,MELB_URBAN,AVENUE,7,14.0
164002,1,2,130,4,1,50.0,0,I,MELB_URBAN,STREET,7,15.0
164003,1,2,147,5,1,60.0,0,N,MELB_URBAN,STREET,7,15.0
164004,1,1,99,5,5,100.0,0,N,RURAL_VICTORIA,HIGHWAY,7,19.0
164005,1,2,132,5,2,60.0,0,N,MELB_URBAN,ROAD,7,17.0
164006,6,2,174,5,3,60.0,0,N,MELB_URBAN,PARADE,7,21.0
164007,1,2,121,5,2,60.0,0,N,MELB_URBAN,ROAD,7,5.0
164008,1,2,147,5,2,50.0,0,N,MELB_URBAN,AVENUE,7,18.0
164009,1,1,110,1,2,60.0,0,O,SMALL_CITIES,UNKNOWN,5,8.0
164010,1,3,133,5,1,80.0,0,N,UNKNOWN,RAMP,7,8.0
164011,1,5,132,2,1,60.0,0,N,MELB_URBAN,ROAD,5,15.0
164012,1,7,99,5,1,80.0,0,N,RURAL_VICTORIA,ROAD,6,11.0
164013,6,2,174,1,1,40.0,0,I,MELB_URBAN,STREET,7,16.0
164014,1,3,121,1,1,50.0,0,I,MELB_URBAN,STREET,7,8.0
164015,1,3,130,5,2,80.0,0,N,MELB_URBAN,HIGHWAY,7,8.0
164016,1,3,130,5,2,60.0,0,N,MELB_URBAN,ROAD,7,8.0
164017,1,3,130,5,2,60.0,0,N,MELB_URBAN,ROAD,7,6.0
164018,1,5,121,2,2,50.0,0,I,MELB_URBAN,ROAD,7,17.0
164019,4,1,171,1,5,80.0,0,I,MELB_URBAN,ROAD,7,21.0
164020,1,2,121,1,1,60.0,0,N,MELB_URBAN,ROAD,7,8.0
164021,4,3,173,5,1,50.0,0,N,RURAL_VICTORIA,DRIVE,7,10.0
164022,4,3,181,5,1,70.0,0,N,UNKNOWN,ROAD,7,10.0
164023,6,7,174,5,1,40.0,0,N,MELB_URBAN,ROAD,7,15.0
164024,1,3,121,2,1,80.0,0,I,MELB_URBAN,ROAD,7,10.0
164025,2,5,100,2,1,70.0,0,I,MELB_URBAN,ROAD,7,10.0
164026,1,3,113,2,1,60.0,0,I,MELB_URBAN,ROAD,7,8.0
164027,1,7,130,2,3,80.0,0,N,MELB_URBAN,DRIVE,7,1.0
164028,1,2,130,5,2,60.0,0,N,TOWNS,ROAD,7,16.0
164029,2,6,99,2,3,40.0,0,N,MELB_URBAN,STREET,7,21.0
164030,2,3,100,2,2,60.0,0,I,MELB_URBAN,ROAD,7,7.0
164031,8,0,184,2,1,60.0,0,I,RURAL_VICTORIA,ROAD,5,11.0
164032,1,2,130,1,2,80.0,0,I,MELB_URBAN,OTHER,6,8.0
164033,2,3,99,5,1,60.0,1,N,MELB_URBAN,ROAD,7,9.0
164034,2,3,100,4,2,60.0,0,I,MELB_URBAN,ROAD,7,6.0
164035,1,1,111,1,2,70.0,0,N,MELB_URBAN,DRIVE,7,5.0
164036,1,2,121,2,3,60.0,0,I,MELB_URBAN,ROAD,7,20.0
164037,8,5,99,5,1,60.0,0,N,MELB_URBAN,ROAD,11,15.0
164038,2,3,102,2,1,60.0,0,I,MELB_URBAN,STREET,7,8.0
164039,1,4,120,2,1,60.0,0,I,MELB_URBAN,ROAD,6,15.0
164040,1,3,121,2,1,40.0,0,I,MELB_URBAN,STREET,7,9.0
164041,1,4,130,5,2,60.0,0,N,TOWNS,ROAD,7,16.0
164042,1,0,134,1,3,60.0,0,N,MELB_URBAN,ROAD,7,19.0
164043,2,3,100,2,1,70.0,0,I,MELB_URBAN,ROAD,7,15.0
164044,1,3,116,2,1,50.0,0,I,MELB_URBAN,DRIVE,7,14.0
164045,5,3,171,5,1,70.0,0,N,UNKNOWN,ROAD,7,9.0
164046,1,2,121,1,2,60.0,0,I,MELB_URBAN,ROAD,7,16.0
164047,1,3,110,1,2,50.0,0,I,SMALL_CITIES,STREET,7,17.0
164048,1,4,163,5,1,60.0,0,N,MELB_URBAN,ROAD,7,12.0
164049,1,3,121,2,1,60.0,0,I,MELB_URBAN,ROAD,7,15.0
164050,7,3,99,2,2,40.0,0,I,MELB_URBAN,HIGHWAY,7,17.0
164051,1,3,121,1,2,70.0,0,I,MELB_URBAN,ROAD,7,17.0
164052,1,2,113,2,2,60.0,0,I,MELB_URBAN,BOULEVARD,7,17.0
164053,2,3,99,5,1,50.0,0,N,MELB_URBAN,ROAD,7,14.0
164054,1,3,111,1,1,60.0,0,I,MELB_URBAN,HIGHWAY,7,17.0
164055,1,3,147,5,1,50.0,0,N,SMALL_CITIES,OTHER,7,15.0
164056,4,5,173,5,2,100.0,0,N,RURAL_VICTORIA,HIGHWAY,6,6.0
164057,1,3,121,1,2,40.0,0,I,MELB_URBAN,STREET,7,17.0
164058,4,3,173,2,1,50.0,0,I,UNKNOWN,ROAD,7,15.0
164059,1,6,130,5,1,60.0,0,N,MELB_URBAN,STREET,7,14.0
164060,2,4,99,5,3,60.0,0,N,MELB_URBAN,ROAD,7,0.0
164061,1,4,140,1,3,60.0,0,N,MELB_URBAN,ROAD,7,0.0
164062,1,4,130,5,3,100.0,0,N,RURAL_VICTORIA,ROAD,7,2.0
164063,4,4,173,5,5,80.0,1,N,RURAL_VICTORIA,ROAD,7,1.0
164064,4,4,171,5,5,50.0,0,N,TOWNS,STREET,7,3.0
164065,6,2,170,1,1,50.0,0,I,RURAL_VICTORIA,ROAD,7,8.0
164066,1,4,130,5,2,80.0,0,N,UNKNOWN,RAMP,7,6.0
164067,1,3,130,5,1,60.0,0,N,MELB_URBAN,ROAD,7,7.0
164068,1,4,111,2,1,60.0,0,I,MELB_URBAN,DRIVE,7,10.0
164069,1,4,130,2,2,80.0,0,N,MELB_URBAN,ROAD,7,8.0
164070,1,6,121,2,1,60.0,0,I,MELB_URBAN,DRIVE,6,9.0
164071,7,3,99,5,1,50.0,0,N,MELB_URBAN,STREET,7,10.0
164072,1,3,130,1,1,80.0,0,I,MELB_URBAN,ROAD,7,9.0
164073,4,7,183,5,1,60.0,0,N,RURAL_VICTORIA,ROAD,12,12.0
164074,1,4,130,5,1,100.0,0,N,MELB_URBAN,ROAD,7,11.0
164075,1,4,110,1,2,50.0,0,I,LARGE_PROVINCIAL_CITIES,STREET,7,7.0
164076,1,3,135,1,1,50.0,0,I,MELB_URBAN,ROAD,7,8.0
164077,2,4,99,5,1,40.0,0,N,SMALL_CITIES,STREET,7,12.0
164078,1,3,121,2,1,80.0,0,I,MELB_URBAN,AVENUE,7,9.0
164079,1,4,121,2,1,60.0,0,I,SMALL_CITIES,STREET,7,13.0
164080,1,4,173,5,1,50.0,0,N,SMALL_CITIES,BOULEVARD,7,12.0
164081,1,3,111,1,1,60.0,0,I,MELB_URBAN,ROAD,7,12.0
164082,1,5,130,5,1,60.0,0,N,MELB_URBAN,ROAD,7,12.0
164083,2,5,102,1,1,80.0,0,I,MELB_URBAN,ROAD,7,10.0
164084,7,3,99,2,1,40.0,0,N,MELB_URBAN,PARADE,7,14.0
164085,2,4,99,5,1,70.0,0,N,MELB_URBAN,STREET,7,14.0
164086,1,4,121,1,1,60.0,0,I,MELB_URBAN,ROAD,7,12.0
164087,1,4,113,1,1,80.0,0,I,MELB_URBAN,ROAD,7,14.0
164088,1,3,99,5,3,60.0,0,N,MELB_URBAN,ROAD,7,18.0
164089,1,4,99,2,1,60.0,0,I,LARGE_PROVINCIAL_CITIES,HIGHWAY,7,14.0
164090,6,0,174,1,1,40.0,0,N,MELB_URBAN,STREET,7,9.0
164091,1,4,147,1,1,60.0,0,I,LARGE_PROVINCIAL_CITIES,STREET,7,14.0
164092,4,4,171,5,1,100.0,0,N,RURAL_VICTORIA,ROAD,7,14.0
164093,1,4,130,2,1,50.0,0,I,MELB_URBAN,BOULEVARD,7,8.0
164094,8,6,99,5,1,100.0,0,N,RURAL_VICTORIA,HIGHWAY,7,10.0
164095,1,4,110,1,1,50.0,0,I,MELB_URBAN,STREET,7,14.0
164096,1,4,130,5,1,60.0,0,N,MELB_URBAN,ROAD,7,16.0
164097,1,3,99,5,1,60.0,0,N,MELB_URBAN,ROAD,7,8.0
164098,1,6,111,2,3,60.0,0,N,UNKNOWN,ROAD,7,19.0
164099,1,3,130,2,1,60.0,0,I,MELB_URBAN,ROAD,7,14.0
164100,1,3,130,5,2,80.0,0,N,MELB_URBAN,FREEWAY,7,16.0
164101,1,4,121,3,2,50.0,0,I,MELB_URBAN,AVENUE,7,17.0
164102,1,3,130,1,2,40.0,0,I,MELB_URBAN,STREET,7,17.0
164103,1,2,121,5,2,60.0,0,I,RURAL_VICTORIA,ROAD,7,8.0
164104,1,4,113,2,1,50.0,0,I,MELB_URBAN,PARADE,7,16.0
164105,5,6,99,5,1,80.0,0,N,RURAL_VICTORIA,HIGHWAY,7,8.0
164106,1,3,110,1,1,50.0,0,I,MELB_URBAN,STREET,7,16.0
164107,1,4,130,1,2,40.0,0,I,MELB_URBAN,STREET,7,17.0
164108,1,2,130,5,5,110.0,0,N,RURAL_VICTORIA,FREEWAY,7,20.0
164109,2,4,102,1,3,40.0,0,N,UNKNOWN,STREET,7,18.0
164110,1,3,110,1,2,50.0,0,I,MELB_URBAN,AVENUE,7,17.0
164111,1,2,113,8,2,60.0,0,N,MELB_URBAN,ROAD,7,19.0
164112,2,4,102,5,1,60.0,0,N,MELB_URBAN,ROAD,7,16.0
164113,1,4,121,2,2,60.0,0,I,MELB_URBAN,AVENUE,7,19.0
164114,1,4,130,2,1,80.0,0,N,MELB_URBAN,HIGHWAY,7,14.0
164115,1,4,110,1,3,70.0,0,I,LARGE_PROVINCIAL_CITIES,STREET,7,23.0
164116,8,2,174,5,1,60.0,0,N,UNKNOWN,ROAD,7,15.0
164117,2,3,100,1,1,60.0,0,I,MELB_URBAN,STREET,7,15.0
164118,3,5,167,5,1,100.0,0,N,RURAL_VICTORIA,ROAD,7,7.0
164119,1,5,173,5,2,50.0,0,N,MELB_URBAN,OTHER,7,7.0
164120,4,5,171,1,2,60.0,0,I,TOWNS,STREET,7,6.0
164121,1,4,121,2,2,100.0,0,I,RURAL_VICTORIA,ROAD,7,8.0
164122,1,5,130,5,2,50.0,0,N,SMALL_CITIES,OTHER,7,8.0
164123,2,4,100,2,1,50.0,0,I,MELB_URBAN,ROAD,7,9.0
164124,1,5,130,2,2,60.0,0,I,SMALL_CITIES,STREET,7,6.0
164125,2,5,99,2,6,60.0,0,I,MELB_URBAN,ROAD,7,18.0
164126,1,5,99,5,3,60.0,0,N,UNKNOWN,ROAD,7,6.0
164127,1,5,121,2,1,80.0,0,I,MELB_URBAN,ROAD,7,8.0
164128,1,3,99,1,1,60.0,0,I,MELB_URBAN,HIGHWAY,5,8.0
164129,1,5,160,5,1,50.0,0,N,MELB_URBAN,STREET,7,7.0
164130,6,7,170,5,1,60.0,0,N,RURAL_VICTORIA,OTHER,7,15.0
164131,1,5,110,1,1,80.0,0,N,MELB_URBAN,ROAD,7,7.0
164132,2,5,102,1,2,60.0,0,I,MELB_URBAN,HIGHWAY,7,7.0
164133,2,5,100,1,1,70.0,0,N,MELB_URBAN,ROAD,7,11.0
164134,1,7,121,2,2,60.0,0,I,MELB_URBAN,ROAD,7,18.0
164135,1,2,110,1,1,50.0,0,I,MELB_URBAN,BOULEVARD,7,8.0
164136,1,4,135,5,1,100.0,0,N,MELB_URBAN,FREEWAY,7,11.0
164137,1,3,130,2,3,60.0,0,N,MELB_URBAN,ROAD,7,18.0
164138,4,5,171,2,1,40.0,0,N,MELB_URBAN,STREET,7,12.0
164139,1,4,110,1,1,50.0,0,I,MELB_URBAN,STREET,7,10.0
164140,1,4,130,5,1,100.0,0,N,MELB_URBAN,FREEWAY,7,9.0
164141,1,3,130,1,1,70.0,0,I,MELB_URBAN,ROAD,7,11.0
164142,1,6,183,5,1,50.0,0,N,MELB_URBAN,STREET,7,8.0
164143,4,4,99,5,1,40.0,0,N,UNKNOWN,STREET,7,12.0
164144,1,3,130,5,1,60.0,0,N,MELB_URBAN,ROAD,7,15.0
164145,1,2,147,5,9,60.0,0,N,MELB_URBAN,ROAD,5,10.0
164146,2,3,99,5,2,60.0,0,N,UNKNOWN,STREET,7,19.0
164147,2,4,100,1,1,40.0,0,N,MELB_URBAN,STREET,7,9.0
164148,1,3,130,5,2,60.0,0,N,MELB_URBAN,ROAD,7,17.0
164149,4,5,181,5,1,100.0,0,N,RURAL_VICTORIA,ROAD,7,8.0
164150,2,4,100,2,1,70.0,0,N,MELB_URBAN,ROAD,7,16.0
164151,1,5,113,1,1,60.0,0,I,TOWNS,OTHER,7,16.0
164152,1,5,130,5,2,80.0,0,N,MELB_URBAN,HIGHWAY,7,18.0
164153,1,5,130,5,2,100.0,0,N,MELB_URBAN,FREEWAY,7,18.0
164154,2,4,102,2,3,80.0,0,N,SMALL_TOWNS,HIGHWAY,7,18.0
164155,1,1,140,5,1,80.0,0,N,MELB_URBAN,ROAD,7,8.0
164156,1,5,121,5,2,80.0,0,N,RURAL_VICTORIA,ROAD,7,18.0
164157,1,5,113,2,3,60.0,0,N,MELB_URBAN,ROAD,7,19.0