,accident_type,day_of_week,dca_code,road_geometry,light_condition,speed_zone,severity,node_type,deg_urban_name,road_type,month,hour
164158,1,4,120,5,3,60.0,0,N,MELB_URBAN,ROAD,7,19.0
164159,1,6,135,1,2,50.0,0,I,MELB_URBAN,ROAD,7,18.0
164160,1,5,130,1,3,60.0,0,I,MELB_URBAN,STREET,7,23.0
164161,1,5,120,5,1,40.0,0,N,MELB_URBAN,STREET,7,15.0
164162,6,5,99,5,1,100.0,0,N,UNKNOWN,ROAD,7,16.0
164163,4,5,181,5,5,80.0,0,N,UNKNOWN,STREET,7,21.0
164164,1,5,130,5,2,80.0,0,N,MELB_URBAN,ROAD,7,18.0
164165,1,5,120,5,3,60.0,0,I,MELB_URBAN,ROAD,7,20.0
164166,1,4,130,5,3,40.0,0,N,MELB_URBAN,FREEWAY,7,23.0
164167,1,4,121,5,1,50.0,0,N,SMALL_CITIES,AVENUE,7,15.0
164168,3,4,167,5,5,100.0,0,N,RURAL_VICTORIA,ROAD,7,23.0
164169,1,3,130,5,1,60.0,0,N,MELB_URBAN,HIGHWAY,7,10.0
164170,6,5,184,5,5,40.0,0,N,MELB_URBAN,STREET,7,2.0
164171,1,5,130,5,1,70.0,0,N,MELB_URBAN,HIGHWAY,7,15.0
164172,1,6,130,5,3,100.0,0,N,MELB_URBAN,FREEWAY,7,6.0
164173,1,6,121,5,2,60.0,0,N,MELB_URBAN,BOULEVARD,7,6.0
164174,1,6,113,2,1,50.0,0,I,LARGE_PROVINCIAL_CITIES,ROAD,7,8.0
164175,1,3,134,2,1,80.0,0,I,UNKNOWN,HIGHWAY,7,11.0
164176,1,7,130,1,1,80.0,0,I,MELB_URBAN,ROAD,7,11.0
164177,1,5,130,1,2,70.0,0,I,LARGE_PROVINCIAL_CITIES,HIGHWAY,7,6.0
164178,1,6,121,2,1,60.0,0,I,MELB_URBAN,STREET,7,8.0
164179,1,6,121,1,1,70.0,0,I,MELB_URBAN,OTHER,7,10.0
164180,1,4,110,1,9,50.0,0,I,MELB_URBAN,STREET,7,7.0
164181,2,0,99,5,1,60.0,0,I,UNKNOWN,DRIVE,7,14.0
164182,6,6,170,5,1,40.0,0,N,MELB_URBAN,ROAD,7,11.0
164183,1,5,99,1,1,40.0,0,N,MELB_URBAN,ROAD,7,9.0
164184,1,6,120,5,2,50.0,0,N,MELB_URBAN,STREET,7,6.0
164185,1,6,120,5,1,60.0,0,N,RURAL_VICTORIA,ROAD,7,11.0
164186,1,6,121,1,1,60.0,0,I,LARGE_PROVINCIAL_CITIES,ROAD,7,12.0
164187,1,6,110,1,1,70.0,0,I,RURAL_VICTORIA,HIGHWAY,7,12.0
164188,1,5,110,1,1,50.0,0,I,MELB_URBAN,STREET,7,9.0
164189,1,6,133,5,1,100.0,0,I,MELB_URBAN,ROAD,7,12.0
164190,1,5,121,1,1,60.0,0,I,MELB_URBAN,STREET,7,8.0
164191,1,3,130,5,2,80.0,0,N,RURAL_VICTORIA,ROAD,7,17.0
164192,1,6,135,5,1,100.0,0,I,UNKNOWN,ROAD,7,12.0
164193,1,6,121,2,1,70.0,0,I,MELB_URBAN,ROAD,7,13.0
164194,1,5,134,2,1,60.0,0,I,LARGE_PROVINCIAL_CITIES,STREET,7,16.0
164195,1,6,120,5,1,60.0,0,N,RURAL_VICTORIA,ROAD,7,12.0
164196,1,3,116,2,2,40.0,0,I,MELB_URBAN,STREET,7,17.0
164197,1,6,130,5,1,70.0,0,N,RURAL_VICTORIA,HIGHWAY,7,13.0
164198,1,6,120,5,1,60.0,0,N,MELB_URBAN,BOULEVARD,7,15.0
164199,1,5,120,5,2,90.0,0,N,RURAL_VICTORIA,ROAD,7,7.0
164200,1,6,110,1,1,40.0,0,I,LARGE_PROVINCIAL_CITIES,STREET,7,15.0
164201,4,4,183,5,5,60.0,0,N,RURAL_VICTORIA,ROAD,7,18.0
164202,1,4,99,2,1,60.0,0,I,MELB_URBAN,STREET,7,15.0
164203,1,3,99,1,2,70.0,0,N,MELB_URBAN,ROAD,5,16.0
164204,4,5,99,5,1,40.0,0,N,UNKNOWN,STREET,7,14.0
164205,1,5,110,1,1,80.0,0,I,RURAL_VICTORIA,ROAD,7,15.0
164206,1,5,130,1,1,80.0,0,I,SMALL_TOWNS,HIGHWAY,7,17.0
164207,2,6,100,5,1,40.0,0,N,MELB_URBAN,STREET,7,15.0
164208,1,6,160,5,1,50.0,0,N,UNKNOWN,STREET,7,14.0
164209,1,5,130,5,1,60.0,0,N,MELB_URBAN,ROAD,7,14.0
164210,1,6,111,1,1,50.0,0,I,SMALL_CITIES,ROAD,7,16.0
164211,1,5,135,5,2,80.0,0,N,MELB_URBAN,ROAD,7,18.0
164212,2,5,100,2,1,50.0,0,N,UNKNOWN,STREET,7,16.0
164213,1,6,132,5,1,70.0,0,N,MELB_URBAN,ROAD,7,15.0
164214,1,3,133,1,1,40.0,0,I,MELBOURNE_CBD,STREET,7,9.0
164215,1,6,113,2,1,100.0,0,I,RURAL_VICTORIA,ROAD,7,16.0
164216,4,6,183,5,3,60.0,0,N,MELB_URBAN,ROAD,7,19.0
164217,2,6,99,5,5,60.0,0,N,UNKNOWN,ROAD,7,19.0
164218,1,6,130,5,2,60.0,0,N,MELB_URBAN,HIGHWAY,6,6.0
164219,8,6,99,5,3,40.0,0,N,MELB_URBAN,STREET,7,23.0
164220,1,5,130,1,3,60.0,0,N,MELB_URBAN,ROAD,7,23.0
164221,4,6,171,5,3,50.0,0,N,UNKNOWN,AVENUE,7,3.0
164222,1,6,120,5,5,100.0,1,N,RURAL_VICTORIA,ROAD,7,19.0
164223,3,5,167,5,1,100.0,0,N,RURAL_VICTORIA,ROAD,7,10.0
164224,1,6,130,5,2,100.0,0,N,MELB_URBAN,ROAD,6,17.0
164225,1,6,140,2,1,50.0,0,I,TOWNS,STREET,7,9.0
164226,1,6,130,1,9,60.0,0,I,MELB_URBAN,ROAD,6,9.0
164227,1,3,130,2,2,60.0,0,N,MELB_URBAN,ROAD,7,6.0
164228,1,6,113,1,1,60.0,0,I,MELB_URBAN,STREET,7,14.0
164229,1,7,110,1,1,70.0,0,I,MELB_URBAN,ROAD,7,12.0
164230,8,7,99,1,1,60.0,0,I,SMALL_CITIES,OTHER,7,11.0
164231,1,2,134,5,3,60.0,0,N,UNKNOWN,OTHER,7,3.0
164232,1,7,116,1,1,80.0,0,I,MELB_URBAN,ROAD,7,8.0
164233,1,5,121,2,2,60.0,0,I,SMALL_CITIES,STREET,7,18.0
164234,1,6,121,2,1,60.0,0,O,MELB_URBAN,UNKNOWN,7,12.0
164235,1,5,132,2,2,60.0,0,N,MELB_URBAN,ROAD,7,16.0
164236,1,6,111,1,1,60.0,0,I,MELB_URBAN,STREET,7,9.0
164237,4,7,173,5,1,80.0,0,N,RURAL_VICTORIA,OTHER,7,11.0
164238,2,5,102,2,3,40.0,0,I,MELB_URBAN,ROAD,7,21.0
164239,1,7,121,2,1,60.0,0,I,SMALL_CITIES,ROAD,7,15.0
164240,1,7,130,5,1,60.0,0,N,MELB_URBAN,ROAD,7,12.0
164241,1,7,121,2,2,60.0,0,I,MELB_URBAN,ROAD,7,17.0
164242,1,6,99,5,1,80.0,0,N,UNKNOWN,ROAD,7,16.0
164243,1,6,134,2,1,60.0,0,N,MELB_URBAN,AVENUE,7,14.0
164244,1,6,113,2,3,80.0,0,I,RURAL_VICTORIA,ROAD,7,18.0
164245,4,7,171,5,1,100.0,0,N,RURAL_VICTORIA,ROAD,7,16.0
164246,1,3,130,5,2,50.0,0,N,LARGE_PROVINCIAL_CITIES,ROAD,7,8.0
164247,1,7,121,1,3,60.0,0,I,MELB_URBAN,ROAD,7,19.0
164248,1,7,121,5,1,60.0,0,N,MELB_URBAN,ROAD,7,15.0
164249,4,6,173,5,3,100.0,0,N,MELB_URBAN,ROAD,7,19.0
164250,1,6,130,5,3,40.0,0,N,MELBOURNE_CBD,STREET,7,18.0
164251,4,6,173,5,5,100.0,0,N,RURAL_VICTORIA,ROAD,7,18.0
164252,2,6,102,1,3,60.0,0,I,MELB_URBAN,ROAD,7,19.0
164253,1,6,99,5,6,40.0,0,N,MELB_URBAN,STREET,7,22.0
164254,1,7,110,1,6,60.0,0,I,MELB_URBAN,STREET,7,22.0
164255,4,7,171,5,5,100.0,0,N,UNKNOWN,ROAD,7,22.0
164256,2,7,99,5,5,100.0,1,N,RURAL_VICTORIA,ROAD,7,20.0
164257,1,7,130,5,3,60.0,0,N,MELB_URBAN,STREET,7,18.0
164258,1,5,120,5,5,60.0,0,N,MELB_URBAN,ROAD,7,20.0
164259,6,0,99,5,5,100.0,0,N,RURAL_VICTORIA,ROAD,7,0.0
164260,1,7,134,5,1,40.0,0,N,MELB_URBAN,OTHER,7,13.0
164261,1,0,130,5,1,70.0,0,N,MELB_URBAN,ROAD,7,10.0
164262,1,1,113,2,1,60.0,0,I,MELB_URBAN,ROAD,7,8.0
164263,4,0,171,2,1,50.0,0,I,LARGE_PROVINCIAL_CITIES,DRIVE,7,14.0
164264,1,1,110,1,1,70.0,0,I,RURAL_VICTORIA,ROAD,7,13.0
164265,4,7,171,5,5,80.0,0,N,RURAL_VICTORIA,ROAD,7,22.0
164266,4,1,99,2,1,60.0,0,N,MELB_URBAN,ROAD,7,11.0
164267,1,1,120,3,1,100.0,0,I,RURAL_VICTORIA,ROAD,7,13.0
164268,1,1,110,1,1,50.0,0,I,MELB_URBAN,STREET,7,14.0
164269,1,1,160,5,2,50.0,0,N,TOWNS,ROAD,7,16.0
164270,1,5,121,2,2,60.0,0,I,MELB_URBAN,ROAD,7,18.0
164271,7,0,99,1,2,100.0,0,I,RURAL_VICTORIA,ROAD,7,15.0
164272,1,0,130,1,1,60.0,0,I,MELB_URBAN,OTHER,7,8.0
164273,4,1,173,5,1,50.0,0,N,MELB_URBAN,STREET,7,15.0
164274,4,0,171,1,1,50.0,0,N,UNKNOWN,DRIVE,7,16.0
164275,1,5,121,5,9,60.0,0,N,MELB_URBAN,STREET,7,20.0
164276,4,1,171,5,1,100.0,0,N,RURAL_VICTORIA,ROAD,7,15.0
164277,4,1,173,5,1,60.0,0,N,RURAL_VICTORIA,ROAD,7,11.0
164278,4,2,171,5,3,60.0,0,N,MELB_URBAN,ROAD,7,1.0
164279,4,6,99,5,2,40.0,0,N,LARGE_PROVINCIAL_CITIES,STREET,6,18.0
164280,1,2,121,1,2,60.0,0,I,MELB_URBAN,STREET,7,7.0
164281,1,4,110,1,1,50.0,0,I,SMALL_CITIES,STREET,4,16.0
164282,1,2,110,1,1,50.0,0,I,MELB_URBAN,STREET,7,9.0
164283,2,5,100,2,1,50.0,0,N,MELB_URBAN,ROAD,7,15.0
164284,1,4,130,5,1,80.0,0,N,MELB_URBAN,ROAD,7,9.0
164285,1,2,110,1,1,50.0,0,I,LARGE_PROVINCIAL_CITIES,STREET,7,10.0
164286,1,1,116,2,1,60.0,0,I,MELB_URBAN,ROAD,7,9.0
164287,1,6,130,5,9,70.0,0,N,MELB_URBAN,ROAD,7,20.0
164288,1,2,130,5,1,60.0,0,N,MELB_URBAN,ROAD,7,10.0
164289,1,4,130,5,2,60.0,0,N,RURAL_VICTORIA,ROAD,7,17.0
164290,1,2,111,1,1,50.0,0,N,MELB_URBAN,ROAD,7,12.0
164291,4,1,171,5,1,60.0,0,N,RURAL_VICTORIA,OTHER,5,12.0
164292,1,1,140,5,1,60.0,0,N,MELB_URBAN,STREET,7,12.0
164293,6,6,99,5,1,60.0,0,N,RURAL_VICTORIA,ROAD,7,14.0
164294,4,2,173,5,1,60.0,0,N,SMALL_CITIES,ROAD,7,12.0
164295,1,2,121,2,2,60.0,0,I,MELB_URBAN,OTHER,7,7.0
164296,8,0,174,5,1,60.0,0,N,RURAL_VICTORIA,OTHER,6,12.0
164297,1,7,99,1,6,60.0,0,I,MELB_URBAN,ROAD,7,20.0
164298,1,7,110,1,1,60.0,0,I,MELB_URBAN,ROAD,7,15.0
164299,1,2,113,2,1,80.0,0,I,RURAL_VICTORIA,ROAD,7,9.0
164300,1,2,110,1,3,60.0,0,N,UNKNOWN,ROAD,7,6.0
164301,1,4,140,5,3,60.0,0,N,MELB_URBAN,STREET,6,22.0
164302,8,2,174,5,1,40.0,0,N,UNKNOWN,STREET,7,15.0
164303,2,2,100,2,1,60.0,0,I,SMALL_CITIES,ROAD,7,16.0
164304,1,2,147,5,1,40.0,0,N,SMALL_CITIES,UNKNOWN,7,15.0
164305,5,3,99,5,1,80.0,0,N,MELB_URBAN,STREET,10,12.0
164306,1,5,113,1,3,70.0,0,I,MELB_URBAN,HIGHWAY,7,23.0
164307,8,1,174,2,1,40.0,0,I,MELB_URBAN,STREET,7,8.0
164308,1,2,121,1,2,60.0,0,I,MELB_URBAN,STREET,7,17.0
164309,4,1,173,2,3,60.0,0,I,MELB_URBAN,ROAD,7,23.0
164310,1,2,130,1,2,70.0,0,I,MELB_URBAN,ROAD,7,17.0
164311,8,2,184,5,3,50.0,0,N,LARGE_PROVINCIAL_CITIES,DRIVE,7,18.0
164312,1,2,130,5,2,100.0,0,N,MELB_URBAN,FREEWAY,7,17.0
164313,4,2,171,5,1,60.0,0,N,UNKNOWN,ROAD,7,16.0
164314,4,1,181,5,2,80.0,0,N,RURAL_VICTORIA,ROAD,7,7.0
164315,1,6,130,5,3,100.0,0,N,MELB_URBAN,FREEWAY,7,23.0
164316,2,2,99,2,3,60.0,1,N,LARGE_PROVINCIAL_CITIES,STREET,7,18.0
164317,1,1,140,5,2,60.0,0,N,MELB_URBAN,ROAD,7,16.0
164318,1,2,113,2,2,70.0,0,I,MELB_URBAN,ROAD,8,5.0
164319,1,5,130,1,3,60.0,0,I,LARGE_PROVINCIAL_CITIES,STREET,7,22.0
164320,1,1,99,5,1,40.0,0,N,MELB_URBAN,DRIVE,7,9.0
164321,1,2,130,2,3,60.0,0,I,MELB_URBAN,UNKNOWN,7,19.0
164322,1,1,110,1,2,50.0,0,I,MELB_URBAN,STREET,7,7.0
164323,1,3,110,1,2,50.0,0,I,MELB_URBAN,AVENUE,8,6.0
164324,1,2,99,5,2,50.0,0,N,MELB_URBAN,STREET,7,18.0
164325,1,7,147,5,1,60.0,0,N,LARGE_PROVINCIAL_CITIES,STREET,7,14.0
164326,4,1,173,5,1,100.0,0,N,RURAL_VICTORIA,ROAD,7,13.0
164327,1,5,111,1,1,50.0,0,I,MELB_URBAN,STREET,7,13.0
164328,1,3,113,2,1,60.0,0,I,TOWNS,HIGHWAY,8,7.0
164329,1,3,121,2,3,60.0,0,N,UNKNOWN,ROAD,8,6.0
164330,1,5,130,5,2,80.0,0,N,MELB_URBAN,HIGHWAY,7,7.0
164331,1,1,130,5,2,100.0,0,N,RURAL_VICTORIA,ROAD,6,18.0
164332,4,4,99,5,1,60.0,0,N,MELB_URBAN,ROAD,7,6.0
164333,4,2,171,5,1,60.0,0,N,UNKNOWN,ROAD,8,9.0
164334,1,2,110,1,1,80.0,0,I,RURAL_VICTORIA,AVENUE,8,9.0
164335,1,0,130,5,2,50.0,0,N,MELB_URBAN,ROAD,8,19.0
164336,1,6,121,5,2,60.0,0,N,LARGE_PROVINCIAL_CITIES,ROAD,7,17.0
164337,1,6,113,1,2,80.0,0,I,MELB_URBAN,HIGHWAY,6,17.0
164338,1,2,147,5,1,40.0,0,N,SMALL_CITIES,STREET,8,11.0
164339,8,2,174,5,1,60.0,0,N,RURAL_VICTORIA,ROAD,7,15.0
164340,1,6,121,2,2,60.0,0,I,MELB_URBAN,STREET,6,18.0
164341,1,3,113,2,1,80.0,0,N,MELB_URBAN,ROAD,8,11.0
164342,1,2,110,1,1,50.0,0,I,TOWNS,STREET,8,12.0
164343,1,1,130,1,2,60.0,0,I,MELB_URBAN,ROAD,7,6.0
164344,1,2,160,5,1,50.0,0,N,MELB_URBAN,AVENUE,8,12.0
164345,1,2,140,2,1,50.0,0,I,MELB_URBAN,ROAD,8,12.0
164346,1,6,130,5,1,60.0,0,N,RURAL_VICTORIA,ROAD,7,14.0
164347,1,7,120,5,1,50.0,0,N,MELB_URBAN,DRIVE,7,9.0
164348,1,4,130,5,2,40.0,0,N,MELB_URBAN,STREET,7,16.0
164349,1,6,130,5,2,60.0,0,N,MELB_URBAN,ROAD,7,6.0
164350,1,3,130,1,1,60.0,0,I,LARGE_PROVINCIAL_CITIES,STREET,6,12.0
164351,1,2,130,5,1,60.0,0,N,MELB_URBAN,ROAD,8,14.0
164352,1,3,111,1,1,60.0,0,I,MELB_URBAN,OTHER,7,8.0
164353,1,6,130,5,9,60.0,0,N,SMALL_CITIES,HIGHWAY,3,11.0
164354,4,2,171,1,1,60.0,0,I,MELB_URBAN,ROAD,8,15.0
164355,1,4,130,5,1,50.0,0,N,MELB_URBAN,STREET,7,15.0
164356,1,0,99,3,2,100.0,0,I,RURAL_VICTORIA,HIGHWAY,1,20.0
164357,2,2,100,2,3,80.0,0,N,MELB_URBAN,ROAD,8,17.0
164358,1,3,121,5,1,60.0,0,N,MELB_URBAN,ROAD,8,15.0
164359,1,3,110,1,1,40.0,0,I,MELB_URBAN,STREET,8,17.0
164360,1,2,147,5,1,60.0,0,N,MELB_URBAN,ROAD,8,11.0
164361,1,3,113,2,2,60.0,0,I,MELB_URBAN,ROAD,8,17.0
164362,1,6,163,5,1,60.0,0,N,MELB_URBAN,ROAD,7,10.0
164363,1,2,130,5,1,100.0,0,N,MELB_URBAN,ROAD,8,15.0
164364,1,3,113,2,3,60.0,0,I,MELB_URBAN,ROAD,8,19.0
164365,2,3,102,2,3,60.0,0,I,MELB_URBAN,STREET,8,18.0
164366,2,2,100,1,3,40.0,0,I,MELB_URBAN,STREET,8,18.0
164367,1,3,121,1,2,80.0,0,I,RURAL_VICTORIA,HIGHWAY,8,19.0
164368,3,3,167,5,5,100.0,0,N,UNKNOWN,HIGHWAY,8,19.0
164369,1,2,113,2,3,60.0,0,I,MELB_URBAN,ROAD,8,21.0
164370,2,3,100,5,2,60.0,0,N,MELB_URBAN,STREET,6,16.0
164371,1,2,130,5,1,50.0,0,N,MELB_URBAN,STREET,7,10.0
164372,6,3,99,5,5,110.0,0,N,RURAL_VICTORIA,FREEWAY,8,2.0
164373,1,3,120,2,2,60.0,0,I,MELB_URBAN,STREET,8,6.0
164374,1,3,120,5,2,100.0,0,N,RURAL_VICTORIA,ROAD,8,7.0
164375,4,4,173,1,1,70.0,0,O,LARGE_PROVINCIAL_CITIES,ROAD,8,7.0
164376,1,4,113,2,1,60.0,0,O,MELB_URBAN,UNKNOWN,8,8.0
164377,2,4,102,1,1,60.0,0,I,MELB_URBAN,ROAD,8,8.0
164378,1,3,140,5,1,60.0,0,N,SMALL_CITIES,STREET,8,8.0
164379,1,3,147,5,1,40.0,0,N,MELB_URBAN,STREET,8,8.0
164380,1,7,110,1,1,60.0,0,I,MELB_URBAN,OTHER,7,13.0
164381,1,4,121,2,2,60.0,0,I,MELB_URBAN,STREET,8,6.0
164382,1,4,130,5,1,100.0,0,N,MELB_URBAN,FREEWAY,8,8.0
164383,1,4,113,2,1,60.0,0,I,MELB_URBAN,ROAD,8,10.0
164384,1,4,133,5,1,100.0,0,N,UNKNOWN,ROAD,7,12.0
164385,6,6,184,5,1,80.0,0,N,RURAL_VICTORIA,ROAD,7,14.0
164386,1,4,116,2,1,50.0,0,I,MELB_URBAN,ROAD,8,9.0
164387,1,0,134,5,1,70.0,0,N,RURAL_VICTORIA,ROAD,7,15.0
164388,1,2,140,5,2,60.0,0,N,MELB_URBAN,ROAD,8,7.0
164389,1,3,99,5,6,50.0,0,N,SMALL_CITIES,BOULEVARD,8,0.0
164390,1,2,111,1,3,60.0,0,I,SMALL_CITIES,BOULEVARD,7,19.0
164391,1,4,113,1,2,50.0,0,I,SMALL_CITIES,ROAD,8,7.0
164392,1,5,110,1,2,60.0,0,I,TOWNS,STREET,7,19.0
164393,1,4,121,2,1,70.0,0,N,LARGE_PROVINCIAL_CITIES,ROAD,8,12.0
164394,1,0,163,5,1,50.0,0,N,SMALL_CITIES,STREET,7,11.0
164395,1,4,121,1,2,80.0,0,I,MELB_URBAN,DRIVE,8,6.0
164396,1,3,130,5,1,100.0,0,N,MELB_URBAN,FREEWAY,8,11.0
164397,1,3,120,5,1,60.0,0,N,MELB_URBAN,ROAD,8,13.0
164398,1,3,113,2,1,60.0,0,I,MELB_URBAN,ROAD,8,14.0
164399,4,3,181,2,1,50.0,0,I,MELB_URBAN,STREET,8,9.0
164400,2,4,100,2,1,70.0,0,I,MELB_URBAN,ROAD,8,12.0
164401,1,4,113,2,1,60.0,0,I,MELB_URBAN,ROAD,8,14.0
164402,8,7,184,5,1,60.0,0,N,RURAL_VICTORIA,OTHER,6,15.0
164403,4,4,173,5,1,100.0,0,N,RURAL_VICTORIA,ROAD,6,15.0
164404,1,5,147,5,2,50.0,0,N,MELB_URBAN,STREET,8,9.0
164405,1,3,130,5,1,60.0,0,N,MELB_URBAN,FREEWAY,8,8.0
164406,1,3,99,1,2,40.0,0,I,MELB_URBAN,STREET,8,19.0
164407,1,3,130,5,1,40.0,0,N,MELB_URBAN,ROAD,11,11.0
164408,2,4,99,5,1,50.0,0,N,MELB_URBAN,STREET,8,15.0
164409,1,4,130,5,2,100.0,0,N,MELB_URBAN,ROAD,8,7.0
164410,1,4,130,5,2,70.0,0,N,SMALL_TOWNS,HIGHWAY,8,16.0
164411,1,4,120,5,1,60.0,0,N,MELB_URBAN,ROAD,8,15.0
164412,8,3,99,5,1,110.0,0,N,UNKNOWN,FREEWAY,8,13.0
164413,1,3,132,3,1,60.0,0,I,MELB_URBAN,ROAD,8,13.0
164414,1,4,113,2,1,60.0,0,I,RURAL_VICTORIA,HIGHWAY,8,17.0
164415,1,3,121,1,1,70.0,0,I,MELB_URBAN,ROAD,8,16.0
164416,2,4,100,1,1,60.0,0,I,MELB_URBAN,ROAD,8,15.0
164417,1,4,121,2,3,60.0,0,I,MELB_URBAN,OTHER,8,18.0
164418,1,4,113,2,3,80.0,1,I,MELB_URBAN,ROAD,8,18.0
164419,1,4,121,2,3,70.0,0,N,MELB_URBAN,RAMP,8,21.0
164420,1,4,121,2,3,70.0,0,I,MELB_URBAN,ROAD,8,19.0
164421,4,3,181,5,3,40.0,0,N,MELB_URBAN,STREET,7,18.0
164422,6,4,99,5,5,100.0,0,N,RURAL_VICTORIA,HIGHWAY,8,1.0
164423,1,4,135,2,3,60.0,0,I,MELB_URBAN,ROAD,8,21.0
164424,1,1,113,2,2,60.0,0,I,MELB_URBAN,ROAD,7,7.0
164425,1,4,99,5,1,100.0,0,N,RURAL_VICTORIA,HIGHWAY,8,16.0
164426,1,5,130,2,1,40.0,0,I,MELB_URBAN,ROAD,8,8.0
164427,1,7,99,1,1,40.0,0,I,MELB_URBAN,STREET,7,14.0
164428,1,5,121,2,2,40.0,0,I,RURAL_VICTORIA,DRIVE,8,8.0
164429,1,5,130,2,9,60.0,0,I,MELB_URBAN,ROAD,7,13.0
164430,1,5,99,5,1,70.0,0,N,MELB_URBAN,ROAD,8,8.0
164431,1,5,113,2,2,80.0,0,I,RURAL_VICTORIA,HIGHWAY,8,8.0
164432,1,4,113,2,2,70.0,0,I,MELB_URBAN,DRIVE,8,6.0
164433,1,3,135,5,1,40.0,0,N,MELB_URBAN,STREET,8,17.0
164434,1,1,130,5,1,50.0,0,N,MELB_URBAN,ROAD,7,17.0
164435,1,4,120,2,5,80.0,0,N,LARGE_PROVINCIAL_CITIES,ROAD,8,18.0
164436,1,2,130,5,2,80.0,0,N,MELB_URBAN,ROAD,7,16.0
164437,1,7,160,5,9,50.0,0,N,SMALL_CITIES,DRIVE,6,20.0
164438,2,4,102,5,1,60.0,0,N,LARGE_PROVINCIAL_CITIES,STREET,8,8.0
164439,1,5,121,2,1,50.0,0,I,MELB_URBAN,STREET,8,12.0
164440,1,3,130,5,1,80.0,0,N,TOWNS,HIGHWAY,6,13.0
164441,4,3,183,5,9,60.0,0,N,MELB_URBAN,DRIVE,8,16.0
164442,7,4,99,5,1,40.0,0,I,MELB_URBAN,STREET,8,14.0
164443,6,3,174,1,1,60.0,0,I,MELB_URBAN,ROAD,7,15.0
164444,4,5,181,5,1,50.0,0,N,UNKNOWN,ROAD,8,14.0
164445,1,4,130,5,1,60.0,0,N,LARGE_PROVINCIAL_CITIES,ROAD,8,14.0
164446,1,3,130,1,1,80.0,0,I,SMALL_CITIES,HIGHWAY,8,16.0
164447,1,4,130,5,1,50.0,0,N,MELB_URBAN,OTHER,8,13.0
164448,4,5,171,5,1,100.0,0,N,UNKNOWN,ROAD,8,13.0
164449,1,5,120,5,1,100.0,0,N,RURAL_VICTORIA,ROAD,8,11.0
164450,1,5,121,1,1,50.0,0,I,SMALL_CITIES,STREET,8,15.0
164451,1,3,121,1,2,50.0,0,I,MELB_URBAN,ROAD,8,17.0
164452,1,6,147,5,2,80.0,0,N,RURAL_VICTORIA,ROAD,7,18.0
164453,4,5,171,5,1,60.0,0,N,MELB_URBAN,ROAD,8,15.0
164454,8,4,99,5,1,60.0,0,N,UNKNOWN,STREET,8,15.0
164455,1,5,113,1,1,60.0,0,I,MELB_URBAN,ROAD,8,14.0
164456,1,4,130,5,2,60.0,0,N,MELB_URBAN,ROAD,8,8.0
164457,1,5,121,2,1,100.0,0,I,RURAL_VICTORIA,ROAD,8,16.0
164458,1,2,163,5,2,60.0,0,N,MELB_URBAN,ROAD,7,6.0
164459,1,5,110,1,1,50.0,0,I,MELB_URBAN,STREET,8,16.0
164460,4,4,173,5,1,100.0,0,N,UNKNOWN,ROAD,8,16.0
164461,1,4,130,2,1,70.0,0,N,UNKNOWN,HIGHWAY,8,15.0
164462,1,5,116,2,1,50.0,0,I,LARGE_PROVINCIAL_CITIES,STREET,8,16.0
164463,1,5,130,5,2,80.0,0,N,MELB_URBAN,OTHER,8,17.0
164464,4,5,181,5,5,50.0,0,N,MELB_URBAN,OTHER,8,17.0
164465,1,4,110,1,1,60.0,0,I,MELB_URBAN,ROAD,8,16.0
164466,1,3,110,1,1,40.0,0,I,MELB_URBAN,ROAD,7,14.0
164467,1,4,121,5,2,60.0,0,N,MELB_URBAN,STREET,8,19.0
164468,1,4,121,1,1,80.0,0,I,MELB_URBAN,HIGHWAY,8,15.0
164469,1,6,99,5,1,80.0,0,N,MELB_URBAN,ROAD,6,12.0
164470,4,5,171,5,1,100.0,0,N,RURAL_VICTORIA,HIGHWAY,7,10.0
164471,1,5,133,5,3,80.0,0,N,MELB_URBAN,ROAD,8,20.0
164472,1,5,110,1,3,60.0,0,I,MELB_URBAN,STREET,8,23.0
164473,7,7,99,1,4,50.0,0,N,MELB_URBAN,DRIVE,4,22.0
164474,8,2,174,2,1,50.0,0,I,MELB_URBAN,STREET,7,7.0
164475,1,6,160,5,5,40.0,0,N,UNKNOWN,STREET,8,1.0
164476,1,4,130,5,2,60.0,0,N,MELB_URBAN,STREET,7,17.0
164477,4,1,99,5,3,60.0,0,N,UNKNOWN,OTHER,7,19.0
164478,2,6,100,5,2,60.0,0,N,LARGE_PROVINCIAL_CITIES,ROAD,8,7.0
164479,1,2,160,2,2,60.0,0,N,MELB_URBAN,ROAD,7,5.0
164480,1,5,99,2,1,60.0,0,I,MELB_URBAN,ROAD,8,7.0
164481,4,6,173,5,2,60.0,0,N,RURAL_VICTORIA,STREET,7,8.0
164482,1,2,99,5,1,60.0,0,N,MELB_URBAN,ROAD,2,17.0
164483,1,4,130,5,2,80.0,0,N,MELB_URBAN,HIGHWAY,8,17.0
164484,1,3,130,2,3,60.0,0,N,MELB_URBAN,ROAD,8,20.0
164485,1,6,99,2,1,60.0,0,I,MELB_URBAN,STREET,7,17.0