,accident_type,day_of_week,dca_code,road_geometry,light_condition,speed_zone,severity,node_type,deg_urban_name,road_type,month,hour
164486,1,6,110,1,2,60.0,0,I,MELB_URBAN,ROAD,7,6.0
164487,1,1,113,1,1,60.0,0,I,MELB_URBAN,ROAD,7,9.0
164488,1,4,130,1,2,60.0,0,I,SMALL_TOWNS,ROAD,8,19.0
164489,1,3,134,5,3,60.0,0,N,MELB_URBAN,ROAD,8,17.0
164490,1,3,116,2,2,80.0,0,N,MELB_URBAN,ROAD,8,7.0
164491,1,6,130,5,1,100.0,0,N,LARGE_PROVINCIAL_CITIES,ROAD,8,11.0
164492,1,6,110,1,3,70.0,1,I,TOWNS,HIGHWAY,8,6.0
164493,1,5,121,1,1,70.0,0,I,MELB_URBAN,ROAD,7,15.0
164494,1,6,99,2,1,60.0,0,N,MELB_URBAN,ROAD,8,15.0
164495,4,6,99,5,1,80.0,0,N,UNKNOWN,ROAD,8,14.0
164496,1,5,130,5,2,60.0,0,N,MELB_URBAN,ROAD,8,8.0
164497,1,6,130,5,1,40.0,0,N,MELB_URBAN,STREET,8,16.0
164498,1,6,130,5,2,70.0,0,N,MELB_URBAN,ROAD,8,18.0
164499,2,3,99,5,2,60.0,0,N,MELB_URBAN,ROAD,7,18.0
164500,1,6,113,2,3,60.0,0,N,UNKNOWN,ROAD,8,19.0
164501,1,6,121,5,2,60.0,0,N,MELB_URBAN,ROAD,8,18.0
164502,1,6,130,5,1,90.0,0,N,MELB_URBAN,ROAD,8,16.0
164503,1,6,135,2,3,40.0,0,I,MELB_URBAN,ROAD,8,21.0
164504,2,6,100,2,3,60.0,1,I,TOWNS,STREET,8,21.0
164505,1,4,160,5,2,50.0,0,N,MELB_URBAN,BOULEVARD,8,18.0
164506,1,5,120,5,1,50.0,0,N,RURAL_VICTORIA,DRIVE,8,12.0
164507,1,5,130,5,2,60.0,0,N,MELB_URBAN,STREET,8,17.0
164508,1,7,99,5,2,100.0,0,N,SMALL_TOWNS,FREEWAY,8,6.0
164509,1,7,121,1,1,60.0,0,I,LARGE_PROVINCIAL_CITIES,AVENUE,8,10.0
164510,8,5,174,2,1,50.0,0,N,MELB_URBAN,ROAD,7,14.0
164511,1,3,130,1,2,60.0,0,N,MELB_URBAN,DRIVE,7,18.0
164512,4,5,171,5,5,100.0,0,N,RURAL_VICTORIA,ROAD,8,19.0
164513,1,7,121,1,1,50.0,0,I,MELB_URBAN,STREET,8,9.0
164514,2,4,102,5,1,60.0,0,N,MELB_URBAN,ROAD,8,9.0
164515,6,3,174,5,1,50.0,0,N,SMALL_CITIES,STREET,3,16.0
164516,1,1,130,5,2,60.0,0,N,MELB_URBAN,STREET,9,16.0
164517,1,6,113,2,1,50.0,0,I,MELB_URBAN,STREET,8,10.0
164518,1,7,121,1,1,60.0,0,N,MELB_URBAN,ROAD,8,12.0
164519,1,2,120,2,2,80.0,0,I,RURAL_VICTORIA,ROAD,7,6.0
164520,1,7,110,1,1,60.0,0,I,TOWNS,STREET,8,11.0
164521,8,7,174,5,1,100.0,0,N,RURAL_VICTORIA,OTHER,8,11.0
164522,6,6,99,5,2,80.0,0,N,RURAL_VICTORIA,ROAD,8,7.0
164523,8,3,174,5,3,50.0,0,N,MELB_URBAN,STREET,7,22.0
164524,6,7,99,1,1,60.0,0,I,MELB_URBAN,ROAD,8,14.0
164525,1,2,130,5,1,60.0,0,N,MELB_URBAN,HIGHWAY,8,15.0
164526,4,7,171,5,1,100.0,0,N,RURAL_VICTORIA,HIGHWAY,8,14.0
164527,2,1,99,1,1,60.0,0,I,TOWNS,STREET,7,15.0
164528,7,7,99,5,1,50.0,0,N,SMALL_CITIES,ROAD,8,15.0
164529,4,7,99,2,1,60.0,0,I,UNKNOWN,ROAD,8,15.0
164530,2,6,102,5,1,60.0,0,I,MELB_URBAN,ROAD,8,12.0
164531,1,6,121,2,3,60.0,0,I,MELB_URBAN,STREET,8,19.0
164532,1,6,110,1,3,100.0,0,I,RURAL_VICTORIA,HIGHWAY,8,20.0
164533,1,7,99,2,3,60.0,0,I,MELB_URBAN,ROAD,8,18.0
164534,1,7,140,5,2,60.0,0,N,MELB_URBAN,ROAD,8,19.0
164535,1,7,160,5,3,60.0,0,N,RURAL_VICTORIA,ROAD,8,19.0
164536,1,7,110,1,5,50.0,0,I,LARGE_PROVINCIAL_CITIES,STREET,8,21.0
164537,1,6,130,1,1,40.0,0,I,MELB_URBAN,ROAD,8,13.0
164538,1,7,121,5,3,60.0,0,N,MELB_URBAN,STREET,8,21.0
164539,1,7,110,1,3,60.0,0,I,SMALL_TOWNS,ROAD,8,22.0
164540,1,7,160,5,3,60.0,0,N,UNKNOWN,ROAD,8,23.0
164541,1,7,120,5,1,60.0,1,N,LARGE_PROVINCIAL_CITIES,OTHER,8,16.0
164542,4,1,171,5,3,60.0,0,N,MELB_URBAN,STREET,8,3.0
164543,5,1,99,5,3,40.0,0,N,MELB_URBAN,ROAD,8,2.0
164544,2,7,102,5,5,60.0,0,N,MELB_URBAN,ROAD,8,23.0
164545,4,0,173,5,3,60.0,0,N,MELB_URBAN,ROAD,8,2.0
164546,1,6,113,2,1,80.0,0,N,MELB_URBAN,ROAD,8,13.0
164547,4,1,171,5,3,60.0,0,N,UNKNOWN,STREET,8,5.0
164548,2,1,99,2,3,50.0,0,I,MELB_URBAN,STREET,8,2.0
164549,1,5,135,5,1,100.0,0,N,UNKNOWN,FREEWAY,8,9.0
164550,1,1,110,1,1,40.0,0,I,MELBOURNE_CBD,STREET,8,8.0
164551,1,2,130,5,2,110.0,0,N,RURAL_VICTORIA,FREEWAY,7,8.0
164552,1,7,130,1,1,60.0,0,I,MELB_URBAN,ROAD,8,15.0
164553,1,4,130,5,2,50.0,0,N,MELB_URBAN,STREET,8,19.0
164554,2,6,102,5,5,100.0,0,N,RURAL_VICTORIA,ROAD,8,18.0
164555,1,3,130,5,1,80.0,0,N,MELB_URBAN,ROAD,7,14.0
164556,1,1,140,5,1,60.0,0,N,MELB_URBAN,ROAD,8,11.0
164557,4,1,173,5,1,40.0,0,N,UNKNOWN,STREET,8,11.0
164558,1,3,120,2,3,50.0,0,N,UNKNOWN,AVENUE,8,20.0
164559,4,1,171,5,1,80.0,0,N,UNKNOWN,ROAD,8,15.0
164560,1,0,120,5,1,60.0,0,N,MELB_URBAN,ROAD,8,10.0
164561,1,0,130,5,1,60.0,0,N,MELB_URBAN,ROAD,8,15.0
164562,2,0,99,1,3,40.0,0,I,SMALL_TOWNS,DRIVE,8,18.0
164563,1,0,121,2,3,60.0,0,I,SMALL_CITIES,HIGHWAY,8,18.0
164564,9,4,99,5,1,80.0,0,N,RURAL_VICTORIA,ROAD,6,11.0
164565,1,1,121,5,2,60.0,0,N,MELB_URBAN,PARADE,8,18.0
164566,1,1,121,5,2,70.0,0,N,MELB_URBAN,ROAD,8,19.0
164567,1,1,160,5,2,50.0,0,N,MELB_URBAN,DRIVE,8,18.0
164568,2,1,99,5,5,50.0,0,N,LARGE_PROVINCIAL_CITIES,STREET,8,20.0
164569,4,1,99,2,5,80.0,0,I,UNKNOWN,ROAD,8,21.0
164570,4,0,171,5,3,60.0,0,N,MELB_URBAN,ROAD,8,18.0
164571,1,2,121,2,2,60.0,0,I,MELB_URBAN,STREET,8,18.0
164572,1,5,132,5,2,50.0,0,N,MELB_URBAN,DRIVE,7,8.0
164573,4,1,171,5,5,80.0,1,N,TOWNS,ROAD,8,23.0
164574,1,4,110,1,3,70.0,0,I,LARGE_PROVINCIAL_CITIES,HIGHWAY,7,21.0
164575,1,0,130,1,1,70.0,0,I,MELB_URBAN,ROAD,5,15.0
164576,1,1,120,5,1,60.0,0,N,MELB_URBAN,ROAD,8,10.0
164577,1,2,110,1,1,60.0,0,I,MELB_URBAN,STREET,8,7.0
164578,4,2,171,5,1,100.0,0,N,RURAL_VICTORIA,ROAD,8,7.0
164579,1,2,120,5,1,60.0,0,N,MELB_URBAN,DRIVE,8,10.0
164580,2,2,99,5,1,50.0,0,N,MELB_URBAN,PARADE,8,11.0
164581,1,4,130,5,2,100.0,0,N,MELB_URBAN,FREEWAY,7,6.0
164582,1,1,110,4,1,90.0,0,I,MELB_URBAN,FREEWAY,8,7.0
164583,1,3,173,5,1,60.0,0,N,LARGE_PROVINCIAL_CITIES,ROAD,8,14.0
164584,1,5,130,5,1,60.0,0,N,MELB_URBAN,ROAD,7,9.0
164585,5,6,99,5,1,100.0,0,N,RURAL_VICTORIA,ROAD,4,12.0
164586,1,2,110,1,1,60.0,0,I,SMALL_CITIES,ROAD,7,8.0
164587,4,0,171,5,2,100.0,0,N,RURAL_VICTORIA,HIGHWAY,8,7.0
164588,1,2,130,1,1,70.0,0,N,SMALL_CITIES,PARADE,8,13.0
164589,9,4,99,5,1,50.0,0,N,MELB_URBAN,DRIVE,7,15.0
164590,1,2,121,1,1,80.0,0,I,MELB_URBAN,ROAD,8,14.0
164591,4,2,183,5,1,100.0,0,N,UNKNOWN,UNKNOWN,8,12.0
164592,6,2,184,5,1,50.0,0,N,UNKNOWN,ROAD,8,15.0
164593,7,7,99,5,1,60.0,0,N,MELB_URBAN,STREET,6,14.0
164594,8,2,174,2,1,50.0,0,N,TOWNS,STREET,8,13.0
164595,4,2,173,5,1,100.0,0,N,UNKNOWN,HIGHWAY,8,13.0
164596,2,2,99,1,1,60.0,0,N,MELB_URBAN,OTHER,8,10.0
164597,1,2,147,5,1,60.0,0,N,MELB_URBAN,STREET,8,16.0
164598,1,7,121,1,1,70.0,0,I,MELB_URBAN,ROAD,8,9.0
164599,1,2,113,2,1,60.0,0,I,MELB_URBAN,ROAD,8,16.0
164600,1,3,130,1,2,60.0,0,N,MELB_URBAN,ROAD,7,6.0
164601,2,1,99,5,1,50.0,0,N,RURAL_VICTORIA,BOULEVARD,8,17.0
164602,2,1,99,5,3,50.0,0,N,MELB_URBAN,STREET,8,21.0
164603,1,0,130,5,1,40.0,0,N,MELB_URBAN,STREET,8,10.0
164604,4,2,173,5,1,90.0,1,N,RURAL_VICTORIA,HIGHWAY,8,15.0
164605,1,2,121,2,2,60.0,0,I,MELB_URBAN,ROAD,8,17.0
164606,8,1,174,5,1,60.0,0,N,RURAL_VICTORIA,ROAD,7,16.0
164607,1,2,113,2,1,60.0,0,I,MELB_URBAN,ROAD,8,16.0
164608,4,2,99,5,3,50.0,0,N,UNKNOWN,AVENUE,8,17.0
164609,2,2,99,5,1,60.0,0,N,SMALL_CITIES,STREET,8,14.0
164610,1,2,121,3,2,60.0,0,I,MELB_URBAN,STREET,8,19.0
164611,1,1,99,2,1,50.0,0,I,TOWNS,OTHER,8,16.0
164612,2,2,102,2,6,60.0,0,I,MELB_URBAN,ROAD,8,21.0
164613,1,2,110,1,3,80.0,0,I,RURAL_VICTORIA,ROAD,8,19.0
164614,2,4,99,5,1,60.0,0,N,MELB_URBAN,ROAD,8,18.0
164615,1,1,130,2,1,60.0,0,I,MELB_URBAN,STREET,8,14.0
164616,1,2,130,5,3,60.0,0,N,MELB_URBAN,ROAD,8,22.0
164617,2,2,99,5,3,50.0,0,N,MELB_URBAN,DRIVE,8,22.0
164618,1,3,110,1,3,80.0,0,I,MELB_URBAN,OTHER,8,0.0
164619,1,5,110,1,1,50.0,0,I,MELB_URBAN,STREET,8,10.0
164620,1,3,130,5,2,100.0,0,N,MELB_URBAN,RAMP,8,6.0
164621,1,3,147,5,1,60.0,0,N,MELB_URBAN,ROAD,8,14.0
164622,4,3,171,5,2,100.0,0,N,RURAL_VICTORIA,HIGHWAY,8,8.0
164623,1,2,120,5,9,60.0,0,N,RURAL_VICTORIA,ROAD,6,14.0
164624,1,4,130,1,9,50.0,0,I,MELB_URBAN,BOULEVARD,2,22.0
164625,1,2,130,2,1,60.0,0,N,MELB_URBAN,ROAD,8,14.0
164626,1,3,113,2,1,80.0,0,I,RURAL_VICTORIA,ROAD,8,9.0
164627,1,3,113,2,1,50.0,0,I,TOWNS,AVENUE,8,8.0
164628,1,4,132,5,1,60.0,0,N,MELB_URBAN,ROAD,8,14.0
164629,1,4,135,4,3,60.0,0,I,MELB_URBAN,ROAD,8,0.0
164630,1,3,113,2,1,60.0,0,I,MELB_URBAN,ROAD,8,10.0
164631,1,2,121,2,1,50.0,0,I,MELB_URBAN,STREET,8,8.0
164632,4,2,171,5,1,100.0,0,N,RURAL_VICTORIA,ROAD,8,8.0
164633,1,2,120,5,2,50.0,0,N,LARGE_PROVINCIAL_CITIES,ROAD,8,18.0
164634,4,0,99,2,2,60.0,0,N,MELB_URBAN,AVENUE,4,17.0
164635,4,2,171,2,1,50.0,0,N,MELB_URBAN,STREET,8,10.0
164636,1,3,116,2,1,60.0,0,I,MELB_URBAN,STREET,8,9.0
164637,1,7,130,5,2,70.0,0,N,MELB_URBAN,ROAD,7,17.0
164638,1,4,130,5,1,80.0,0,N,MELB_URBAN,RAMP,8,8.0
164639,2,3,102,2,1,60.0,0,N,SMALL_CITIES,ROAD,8,10.0
164640,1,3,113,2,1,60.0,0,I,MELB_URBAN,DRIVE,8,16.0
164641,6,3,170,5,1,50.0,0,N,SMALL_CITIES,STREET,8,13.0
164642,4,3,171,5,1,80.0,0,N,RURAL_VICTORIA,ROAD,8,15.0
164643,4,3,171,5,1,80.0,0,N,UNKNOWN,FREEWAY,8,13.0
164644,5,3,99,5,1,100.0,0,N,RURAL_VICTORIA,ROAD,8,15.0
164645,1,2,135,5,1,100.0,0,N,MELB_URBAN,FREEWAY,8,16.0
164646,1,3,130,5,1,100.0,0,N,MELB_URBAN,FREEWAY,8,15.0
164647,1,3,120,5,2,80.0,0,N,TOWNS,ROAD,8,17.0
164648,2,3,102,1,3,60.0,0,I,MELB_URBAN,ROAD,8,19.0
164649,4,3,171,5,5,40.0,0,N,RURAL_VICTORIA,ROAD,8,17.0
164650,1,1,130,5,1,60.0,0,N,MELB_URBAN,ROAD,8,15.0
164651,1,3,130,5,2,70.0,0,N,MELB_URBAN,ROAD,8,18.0
164652,1,3,130,5,3,100.0,0,N,MELB_URBAN,FREEWAY,8,18.0
164653,1,3,133,1,3,80.0,0,N,UNKNOWN,ROAD,8,19.0
164654,1,3,99,1,2,60.0,0,I,MELB_URBAN,STREET,3,17.0
164655,1,3,113,2,3,40.0,0,I,MELB_URBAN,ROAD,8,19.0
164656,1,7,130,5,1,60.0,0,N,MELB_URBAN,STREET,7,10.0
164657,4,3,171,5,3,100.0,0,N,UNKNOWN,UNKNOWN,8,21.0
164658,1,5,130,5,1,60.0,0,N,MELB_URBAN,RAMP,7,8.0
164659,1,6,110,1,1,40.0,0,I,MELB_URBAN,STREET,7,10.0
164660,1,3,160,5,1,60.0,0,N,TOWNS,HIGHWAY,8,14.0
164661,6,0,174,5,1,100.0,0,N,RURAL_VICTORIA,ROAD,8,11.0
164662,6,4,170,5,1,100.0,0,N,RURAL_VICTORIA,HIGHWAY,8,7.0
164663,4,5,173,5,2,70.0,0,N,MELB_URBAN,STREET,3,4.0
164664,1,3,134,2,1,70.0,0,N,MELB_URBAN,ROAD,8,15.0
164665,1,3,130,5,2,60.0,0,N,MELB_URBAN,HIGHWAY,7,18.0
164666,4,1,99,5,1,60.0,0,N,TOWNS,STREET,8,15.0
164667,6,6,99,5,2,100.0,0,N,UNKNOWN,ROAD,7,16.0
164668,1,3,99,2,1,60.0,0,I,MELB_URBAN,STREET,8,13.0
164669,1,3,110,1,1,60.0,0,I,SMALL_CITIES,STREET,8,9.0
164670,1,4,121,1,2,60.0,0,I,MELB_URBAN,STREET,8,9.0
164671,1,4,135,5,3,80.0,0,N,UNKNOWN,OTHER,7,17.0
164672,1,6,113,1,2,60.0,0,I,MELB_URBAN,HIGHWAY,8,18.0
164673,1,4,121,2,1,80.0,0,I,SMALL_CITIES,HIGHWAY,8,9.0
164674,1,2,130,5,2,40.0,0,N,MELBOURNE_CBD,STREET,8,8.0
164675,1,4,121,2,1,80.0,0,I,SMALL_CITIES,HIGHWAY,8,9.0
164676,4,4,181,5,1,100.0,0,N,UNKNOWN,HIGHWAY,8,9.0
164677,2,3,100,2,1,50.0,0,I,MELB_URBAN,ROAD,8,8.0
164678,1,2,113,4,3,70.0,0,I,MELB_URBAN,ROAD,1,1.0
164679,1,6,110,1,1,40.0,0,I,MELB_URBAN,DRIVE,7,17.0
164680,1,4,99,2,1,60.0,0,N,MELB_URBAN,ROAD,8,11.0
164681,1,4,160,5,1,50.0,0,N,MELB_URBAN,AVENUE,8,10.0
164682,1,4,110,1,1,50.0,0,I,LARGE_PROVINCIAL_CITIES,STREET,8,12.0
164683,1,4,113,2,1,60.0,0,N,MELB_URBAN,ROAD,8,11.0
164684,1,3,121,1,1,60.0,0,I,MELB_URBAN,HIGHWAY,8,12.0
164685,6,4,174,2,1,60.0,0,I,MELB_URBAN,ROAD,8,11.0
164686,1,3,130,2,1,60.0,0,I,RURAL_VICTORIA,ROAD,8,13.0
164687,1,1,130,5,1,80.0,0,N,MELB_URBAN,HIGHWAY,8,16.0
164688,1,4,116,2,1,70.0,0,N,LARGE_PROVINCIAL_CITIES,ROAD,8,13.0
164689,1,4,132,2,1,60.0,0,N,MELB_URBAN,STREET,8,13.0
164690,1,6,130,2,1,60.0,0,N,MELB_URBAN,STREET,7,13.0
164691,1,3,130,3,1,60.0,0,N,MELB_URBAN,AVENUE,8,15.0
164692,1,3,132,5,1,100.0,0,N,RURAL_VICTORIA,ROAD,8,15.0
164693,2,4,102,1,1,60.0,0,I,MELB_URBAN,ROAD,8,17.0
164694,1,4,99,5,2,60.0,0,N,MELB_URBAN,ROAD,8,17.0
164695,1,4,121,1,1,70.0,0,I,MELB_URBAN,HIGHWAY,8,16.0
164696,1,4,130,2,1,60.0,0,I,MELB_URBAN,ROAD,8,8.0
164697,1,4,130,5,3,100.0,0,N,MELB_URBAN,FREEWAY,8,18.0
164698,2,3,100,2,2,50.0,0,N,MELB_URBAN,STREET,8,17.0
164699,1,4,140,1,3,60.0,0,I,SMALL_CITIES,AVENUE,8,19.0
164700,1,4,130,1,2,60.0,0,N,MELB_URBAN,ROAD,8,18.0
164701,2,3,102,5,3,50.0,0,N,MELB_URBAN,ROAD,8,18.0
164702,1,3,130,2,1,80.0,0,I,MELB_URBAN,ROAD,8,16.0
164703,1,4,99,2,1,80.0,0,I,MELB_URBAN,ROAD,8,16.0
164704,2,4,102,5,1,40.0,0,N,MELBOURNE_CBD,STREET,8,16.0
164705,1,4,121,2,2,60.0,0,I,MELB_URBAN,ROAD,8,18.0
164706,1,4,130,5,2,70.0,0,N,MELB_URBAN,ROAD,8,19.0
164707,1,4,120,5,5,70.0,0,N,RURAL_VICTORIA,ROAD,8,19.0
164708,1,4,99,1,3,60.0,0,I,LARGE_PROVINCIAL_CITIES,STREET,8,20.0
164709,1,4,173,5,3,50.0,0,N,MELB_URBAN,STREET,8,18.0
164710,1,4,130,1,3,80.0,0,N,SMALL_CITIES,HIGHWAY,8,20.0
164711,1,4,116,2,5,80.0,0,I,RURAL_VICTORIA,HIGHWAY,8,20.0
164712,1,4,160,5,3,50.0,0,N,SMALL_CITIES,STREET,8,23.0
164713,2,4,100,5,3,80.0,0,N,MELB_URBAN,ROAD,8,20.0
164714,6,3,99,5,3,50.0,0,N,MELB_URBAN,OTHER,8,20.0
164715,1,4,130,5,2,80.0,0,N,MELB_URBAN,ROAD,8,16.0
164716,4,3,171,5,1,80.0,0,N,SMALL_CITIES,STREET,8,10.0
164717,4,3,173,2,3,60.0,0,I,SMALL_CITIES,ROAD,8,22.0
164718,4,5,173,1,3,50.0,0,N,MELB_URBAN,STREET,8,1.0
164719,1,5,133,5,2,100.0,0,N,MELB_URBAN,FREEWAY,8,6.0
164720,1,5,130,2,1,50.0,0,I,LARGE_PROVINCIAL_CITIES,STREET,8,12.0
164721,2,4,100,2,1,60.0,0,N,MELB_URBAN,STREET,8,17.0
164722,1,5,120,5,5,80.0,0,N,RURAL_VICTORIA,ROAD,8,5.0
164723,1,3,163,5,1,50.0,0,O,UNKNOWN,OTHER,8,16.0
164724,8,4,174,2,6,60.0,0,I,LARGE_PROVINCIAL_CITIES,ROAD,7,5.0
164725,4,5,173,5,5,100.0,0,N,RURAL_VICTORIA,ROAD,8,5.0
164726,1,1,99,5,1,60.0,0,N,MELB_URBAN,ROAD,7,13.0
164727,1,5,113,1,1,60.0,0,N,MELB_URBAN,ROAD,8,8.0
164728,1,4,121,1,1,70.0,0,I,MELB_URBAN,ROAD,8,8.0
164729,1,5,110,1,5,60.0,0,I,RURAL_VICTORIA,ROAD,8,5.0
164730,1,4,130,5,1,60.0,0,N,MELB_URBAN,ROAD,7,14.0
164731,1,5,173,5,1,60.0,0,N,SMALL_CITIES,STREET,8,10.0
164732,1,5,133,5,1,80.0,0,N,RURAL_VICTORIA,ROAD,8,9.0
164733,8,1,174,5,2,60.0,0,N,MELB_URBAN,HIGHWAY,8,17.0
164734,8,2,174,1,1,60.0,0,N,LARGE_PROVINCIAL_CITIES,AVENUE,8,15.0
164735,1,2,121,5,1,80.0,0,N,MELB_URBAN,ROAD,8,9.0
164736,1,6,130,2,2,60.0,0,N,MELB_URBAN,STREET,2,19.0
164737,4,1,171,5,3,60.0,0,N,MELB_URBAN,STREET,5,22.0
164738,4,5,181,5,1,100.0,0,N,RURAL_VICTORIA,ROAD,8,12.0
164739,1,4,130,5,1,80.0,0,N,MELB_URBAN,HIGHWAY,8,12.0
164740,1,2,121,1,1,40.0,0,I,MELB_URBAN,STREET,8,16.0
164741,1,5,132,5,1,60.0,0,I,MELB_URBAN,ROAD,8,9.0
164742,1,5,99,5,1,40.0,0,N,MELB_URBAN,STREET,8,15.0
164743,1,3,121,1,1,60.0,0,I,MELB_URBAN,ROAD,8,17.0
164744,1,6,99,2,3,60.0,0,I,MELB_URBAN,ROAD,7,18.0
164745,1,5,121,5,2,50.0,0,N,SMALL_CITIES,STREET,8,16.0
164746,1,2,111,1,2,80.0,0,I,RURAL_VICTORIA,HIGHWAY,7,17.0
164747,4,5,171,2,1,60.0,0,I,LARGE_PROVINCIAL_CITIES,ROAD,8,17.0
164748,1,4,110,1,3,60.0,0,I,MELB_URBAN,ROAD,8,17.0
164749,1,4,110,1,3,80.0,0,I,SMALL_CITIES,ROAD,8,20.0
164750,1,4,110,1,3,50.0,0,I,MELB_URBAN,STREET,8,19.0
164751,1,5,121,1,3,60.0,0,N,MELB_URBAN,STREET,8,20.0
164752,1,5,130,5,3,100.0,0,N,MELB_URBAN,FREEWAY,8,18.0
164753,4,4,171,5,5,60.0,1,N,RURAL_VICTORIA,ROAD,8,23.0
164754,1,6,160,5,3,50.0,0,N,MELB_URBAN,OTHER,8,1.0
164755,1,1,130,5,2,60.0,0,N,MELB_URBAN,ROAD,8,18.0
164756,1,5,130,5,2,60.0,0,N,RURAL_VICTORIA,ROAD,8,7.0
164757,2,5,99,5,3,50.0,0,N,SMALL_CITIES,STREET,7,1.0
164758,1,6,130,5,1,80.0,0,N,RURAL_VICTORIA,ROAD,6,9.0
164759,1,6,113,2,2,80.0,0,I,RURAL_VICTORIA,DRIVE,8,8.0
164760,2,2,99,5,3,60.0,0,N,MELB_URBAN,ROAD,8,21.0
164761,1,2,130,5,2,60.0,0,N,MELB_URBAN,ROAD,8,17.0
164762,1,2,111,2,3,60.0,0,I,MELB_URBAN,ROAD,8,18.0
164763,2,2,99,1,3,60.0,0,N,UNKNOWN,STREET,7,19.0
164764,1,6,134,5,1,60.0,0,N,MELB_URBAN,STREET,8,9.0
164765,6,5,174,5,1,60.0,0,N,UNKNOWN,UNKNOWN,8,8.0
164766,4,6,99,5,1,60.0,0,N,MELB_URBAN,ROAD,8,10.0
164767,4,5,173,5,5,80.0,0,N,RURAL_VICTORIA,ROAD,8,5.0
164768,1,5,99,2,2,60.0,0,N,MELB_URBAN,STREET,8,7.0
164769,1,6,132,2,1,60.0,0,I,MELB_URBAN,DRIVE,8,7.0
164770,6,3,174,5,1,100.0,0,N,TOWNS,ROAD,8,11.0
164771,1,4,113,2,2,70.0,0,I,MELB_URBAN,ROAD,10,17.0
164772,2,4,99,5,1,60.0,0,N,MELB_URBAN,DRIVE,8,11.0
164773,1,6,130,5,1,60.0,0,N,MELB_URBAN,ROAD,8,10.0
164774,1,6,121,1,1,40.0,0,I,MELB_URBAN,STREET,8,8.0
164775,1,7,130,5,1,80.0,0,N,RURAL_VICTORIA,ROAD,7,15.0
164776,1,6,121,5,1,60.0,0,N,LARGE_PROVINCIAL_CITIES,STREET,8,11.0
164777,1,2,130,5,2,80.0,0,N,MELB_URBAN,ROAD,7,17.0
164778,8,6,99,2,1,100.0,0,N,RURAL_VICTORIA,ROAD,7,10.0
164779,3,6,167,5,5,60.0,0,N,RURAL_VICTORIA,ROAD,7,19.0
164780,1,6,113,2,1,60.0,0,I,MELB_URBAN,ROAD,8,13.0
164781,4,5,171,5,1,50.0,0,N,UNKNOWN,ROAD,8,7.0
164782,1,6,130,5,1,60.0,0,N,RURAL_VICTORIA,ROAD,8,9.0
164783,1,6,130,2,1,60.0,0,N,MELB_URBAN,HIGHWAY,8,13.0
164784,1,6,116,1,1,50.0,0,I,LARGE_PROVINCIAL_CITIES,AVENUE,8,16.0
164785,1,5,121,2,2,70.0,0,I,MELB_URBAN,ROAD,8,7.0
164786,1,6,121,2,2,70.0,0,I,SMALL_CITIES,ROAD,8,17.0
164787,6,5,99,5,1,40.0,0,N,MELB_URBAN,STREET,8,14.0
164788,1,6,130,4,1,60.0,0,N,MELB_URBAN,ROAD,8,15.0
164789,1,6,121,5,1,60.0,0,N,MELB_URBAN,ROAD,8,14.0
164790,1,6,113,2,2,70.0,0,I,MELB_URBAN,ROAD,8,17.0
164791,1,5,121,2,2,70.0,0,N,MELB_URBAN,DRIVE,8,18.0
164792,1,6,121,2,2,60.0,0,I,MELB_URBAN,STREET,8,18.0
164793,1,5,121,2,2,70.0,0,I,MELB_URBAN,ROAD,8,18.0
164794,1,6,120,5,1,60.0,0,N,TOWNS,ROAD,8,15.0
164795,1,6,132,3,1,100.0,0,N,RURAL_VICTORIA,ROAD,8,15.0
164796,7,2,99,5,3,50.0,0,N,SMALL_CITIES,STREET,8,2.0
164797,3,0,167,5,5,80.0,0,N,RURAL_VICTORIA,ROAD,7,18.0
164798,6,6,184,2,3,50.0,0,I,MELB_URBAN,ROAD,8,23.0
164799,1,6,121,2,2,40.0,0,I,MELB_URBAN,OTHER,8,8.0
164800,1,6,121,2,3,60.0,1,I,MELB_URBAN,AVENUE,8,20.0
164801,1,5,130,5,2,80.0,0,N,RURAL_VICTORIA,ROAD,7,7.0
164802,2,3,99,5,3,50.0,0,N,TOWNS,OTHER,8,22.0
164803,2,6,99,5,5,50.0,0,N,TOWNS,STREET,8,23.0
164804,4,7,183,5,3,50.0,0,N,RURAL_VICTORIA,DRIVE,8,4.0
164805,1,5,121,2,1,50.0,0,I,MELB_URBAN,BOULEVARD,8,8.0
164806,1,6,121,1,3,80.0,0,N,UNKNOWN,ROAD,8,23.0
164807,1,7,120,5,2,80.0,0,N,RURAL_VICTORIA,ROAD,8,5.0
164808,3,0,99,5,1,60.0,0,N,RURAL_VICTORIA,ROAD,7,10.0
164809,1,7,121,2,3,70.0,0,I,RURAL_VICTORIA,ROAD,8,20.0
164810,1,7,121,2,2,40.0,0,N,MELB_URBAN,UNKNOWN,8,8.0
164811,1,5,130,1,1,60.0,0,I,MELB_URBAN,ROAD,8,11.0
164812,1,2,130,5,2,60.0,0,N,MELB_URBAN,RAMP,7,8.0
164813,1,7,121,1,1,60.0,0,N,UNKNOWN,ROAD,8,11.0
164814,1,6,113,2,1,40.0,0,I,MELB_URBAN,STREET,8,11.0
164815,1,5,121,2,1,50.0,0,I,MELB_URBAN,STREET,8,8.0