,accident_type,day_of_week,dca_code,road_geometry,light_condition,speed_zone,severity,node_type,deg_urban_name,road_type,month,hour
164816,4,7,171,5,1,100.0,0,N,UNKNOWN,ROAD,8,10.0
164817,1,7,110,1,1,50.0,0,I,MELB_URBAN,AVENUE,8,11.0
164818,1,7,120,5,1,50.0,0,N,RURAL_VICTORIA,ROAD,8,9.0
164819,1,6,110,1,1,50.0,0,I,MELB_URBAN,DRIVE,8,13.0
164820,6,3,174,2,9,60.0,0,N,MELB_URBAN,STREET,7,16.0
164821,1,7,99,2,1,60.0,0,I,MELB_URBAN,STREET,8,14.0
164822,1,5,130,5,2,80.0,0,I,MELB_URBAN,RAMP,7,8.0
164823,4,7,181,5,1,60.0,0,N,UNKNOWN,ROAD,8,10.0
164824,8,7,184,5,1,100.0,0,N,RURAL_VICTORIA,ROAD,8,11.0
164825,1,1,130,5,2,60.0,0,N,RURAL_VICTORIA,ROAD,7,19.0
164826,4,7,171,5,1,100.0,0,N,RURAL_VICTORIA,HIGHWAY,8,10.0
164827,4,7,171,5,1,100.0,0,N,RURAL_VICTORIA,ROAD,8,13.0
164828,1,7,130,2,1,50.0,0,I,LARGE_PROVINCIAL_CITIES,STREET,1,12.0
164829,1,7,113,2,1,40.0,0,I,MELB_URBAN,ROAD,8,16.0
164830,1,4,111,2,1,50.0,0,I,MELB_URBAN,STREET,8,16.0
164831,2,7,100,5,3,60.0,0,N,MELB_URBAN,ROAD,8,18.0
164832,1,7,130,5,2,80.0,0,N,MELB_URBAN,FREEWAY,8,16.0
164833,4,6,99,2,1,50.0,0,I,MELB_URBAN,OTHER,8,17.0
164834,4,7,181,5,5,80.0,0,N,UNKNOWN,ROAD,8,17.0
164835,4,6,183,5,5,100.0,0,N,RURAL_VICTORIA,ROAD,8,18.0
164836,2,7,102,5,5,50.0,0,N,MELB_URBAN,BOULEVARD,8,18.0
164837,4,7,171,5,1,50.0,0,N,LARGE_PROVINCIAL_CITIES,STREET,8,15.0
164838,1,7,130,3,2,60.0,0,I,MELB_URBAN,STREET,8,18.0
164839,1,7,121,1,5,60.0,0,N,RURAL_VICTORIA,ROAD,8,20.0
164840,1,7,121,1,3,60.0,0,I,MELB_URBAN,STREET,8,21.0
164841,1,6,113,1,2,60.0,0,I,MELB_URBAN,ROAD,7,16.0
164842,1,7,160,5,3,50.0,0,N,MELB_URBAN,STREET,8,21.0
164843,1,1,130,5,3,60.0,0,N,MELB_URBAN,STREET,8,0.0
164844,2,1,102,1,1,50.0,0,N,MELB_URBAN,BOULEVARD,8,10.0
164845,1,7,113,1,3,60.0,0,I,MELB_URBAN,ROAD,8,22.0
164846,4,0,181,5,1,100.0,0,N,UNKNOWN,OTHER,8,11.0
164847,1,3,130,2,3,60.0,0,N,LARGE_PROVINCIAL_CITIES,ROAD,7,20.0
164848,1,0,120,5,1,100.0,0,N,RURAL_VICTORIA,HIGHWAY,8,11.0
164849,1,1,99,2,1,50.0,0,I,MELB_URBAN,UNKNOWN,8,9.0
164850,1,5,130,5,1,100.0,0,N,MELB_URBAN,UNKNOWN,8,8.0
164851,1,1,120,5,1,60.0,0,N,MELB_URBAN,ROAD,8,14.0
164852,1,3,130,5,1,100.0,0,N,MELB_URBAN,RAMP,8,13.0
164853,7,0,99,5,1,80.0,0,N,RURAL_VICTORIA,ROAD,8,14.0
164854,1,1,132,5,1,50.0,0,N,MELB_URBAN,ROAD,8,15.0
164855,1,0,121,2,1,60.0,0,O,MELB_URBAN,UNKNOWN,8,14.0
164856,6,6,99,5,1,80.0,0,I,MELB_URBAN,ROAD,7,13.0
164857,1,7,121,1,3,50.0,0,I,MELB_URBAN,STREET,8,20.0
164858,4,3,99,2,9,60.0,0,I,MELB_URBAN,STREET,7,9.0
164859,1,1,130,5,1,60.0,0,N,RURAL_VICTORIA,ROAD,8,16.0
164860,1,0,113,3,1,100.0,0,N,RURAL_VICTORIA,ROAD,8,12.0
164861,1,1,99,5,3,60.0,0,N,MELB_URBAN,ROAD,8,18.0
164862,1,1,121,2,1,60.0,0,I,MELB_URBAN,ROAD,8,13.0
164863,4,1,181,5,1,100.0,0,N,RURAL_VICTORIA,HIGHWAY,8,13.0
164864,3,0,167,2,5,80.0,0,N,RURAL_VICTORIA,ROAD,8,17.0
164865,4,1,173,5,1,50.0,0,N,MELB_URBAN,ROAD,8,14.0
164866,1,1,121,1,3,70.0,0,I,MELB_URBAN,ROAD,8,22.0
164867,1,0,134,5,3,60.0,0,N,MELB_URBAN,ROAD,8,22.0
164868,1,1,121,2,2,60.0,0,I,MELB_URBAN,OTHER,8,18.0
164869,8,1,174,5,1,60.0,0,N,RURAL_VICTORIA,OTHER,7,14.0
164870,1,4,130,1,1,60.0,0,I,MELB_URBAN,ROAD,7,15.0
164871,3,1,167,5,5,80.0,0,N,MELB_URBAN,ROAD,8,5.0
164872,1,3,121,2,2,70.0,0,I,MELB_URBAN,ROAD,8,17.0
164873,1,1,110,1,1,60.0,0,I,RURAL_VICTORIA,AVENUE,7,8.0
164874,1,5,113,2,3,60.0,0,I,MELB_URBAN,STREET,8,5.0
164875,1,5,121,1,3,60.0,0,N,MELB_URBAN,STREET,8,21.0
164876,1,1,113,2,1,60.0,0,I,MELB_URBAN,ROAD,8,15.0
164877,1,2,130,5,2,100.0,0,N,MELB_URBAN,FREEWAY,8,8.0
164878,6,2,184,3,1,40.0,0,N,MELB_URBAN,ROAD,8,10.0
164879,1,5,130,5,3,100.0,0,N,MELB_URBAN,FREEWAY,8,23.0
164880,1,2,120,5,2,100.0,0,N,RURAL_VICTORIA,ROAD,8,6.0
164881,1,2,121,2,1,50.0,0,I,MELB_URBAN,DRIVE,8,12.0
164882,6,2,174,5,1,50.0,0,N,MELB_URBAN,STREET,8,11.0
164883,1,2,147,5,1,70.0,0,N,UNKNOWN,STREET,8,13.0
164884,1,1,121,1,1,60.0,0,I,MELB_URBAN,ROAD,8,11.0
164885,1,6,130,2,2,60.0,0,I,MELB_URBAN,ROAD,8,17.0
164886,1,2,130,5,1,60.0,0,N,MELB_URBAN,ROAD,8,13.0
164887,1,2,140,1,2,80.0,0,I,RURAL_VICTORIA,HIGHWAY,8,5.0
164888,1,2,121,5,2,60.0,0,N,MELB_URBAN,AVENUE,8,5.0
164889,1,1,99,5,9,50.0,0,N,MELB_URBAN,ROAD,7,15.0
164890,1,4,99,5,1,50.0,0,N,LARGE_PROVINCIAL_CITIES,STREET,7,10.0
164891,4,2,171,5,1,80.0,0,N,MELB_URBAN,UNKNOWN,8,14.0
164892,1,2,110,1,1,60.0,0,I,MELB_URBAN,STREET,8,10.0
164893,1,1,110,1,1,60.0,0,I,LARGE_PROVINCIAL_CITIES,ROAD,8,14.0
164894,2,1,100,5,1,50.0,0,N,UNKNOWN,STREET,8,9.0
164895,1,5,130,1,1,60.0,0,N,MELB_URBAN,DRIVE,8,10.0
164896,2,1,100,1,1,60.0,0,I,MELB_URBAN,ROAD,8,15.0
164897,4,1,171,5,1,80.0,0,N,UNKNOWN,HIGHWAY,8,16.0
164898,4,2,183,2,2,100.0,0,I,RURAL_VICTORIA,ROAD,8,16.0
164899,1,2,121,1,1,60.0,0,I,MELB_URBAN,ROAD,8,11.0
164900,1,1,110,1,1,50.0,0,I,MELB_URBAN,PARADE,8,15.0
164901,1,7,110,1,3,50.0,0,I,LARGE_PROVINCIAL_CITIES,STREET,8,20.0
164902,1,3,99,1,1,60.0,0,N,MELB_URBAN,ROAD,3,16.0
164903,1,4,130,1,3,60.0,0,N,RURAL_VICTORIA,ROAD,7,17.0
164904,1,7,130,5,1,60.0,0,N,MELB_URBAN,BOULEVARD,7,13.0
164905,1,7,140,5,1,40.0,0,N,MELBOURNE_CBD,STREET,8,15.0
164906,1,2,130,5,2,80.0,0,N,MELB_URBAN,ROAD,8,18.0
164907,4,1,171,5,2,50.0,0,N,LARGE_PROVINCIAL_CITIES,OTHER,8,19.0
164908,6,6,174,1,1,50.0,0,I,SMALL_CITIES,STREET,8,9.0
164909,1,2,99,2,3,60.0,0,I,MELB_URBAN,STREET,8,18.0
164910,1,2,121,5,2,80.0,0,N,RURAL_VICTORIA,ROAD,8,19.0
164911,6,2,174,5,9,60.0,0,I,MELB_URBAN,ROAD,8,6.0
164912,1,5,111,1,1,60.0,0,I,MELB_URBAN,HIGHWAY,4,16.0
164913,1,3,99,5,1,60.0,0,N,MELB_URBAN,ROAD,8,8.0
164914,1,2,160,5,1,40.0,0,N,MELB_URBAN,DRIVE,8,8.0
164915,5,5,99,5,5,110.0,0,N,RURAL_VICTORIA,FREEWAY,7,20.0
164916,1,5,130,5,9,80.0,0,N,MELB_URBAN,ROAD,9,9.0
164917,3,4,167,5,5,60.0,0,N,RURAL_VICTORIA,ROAD,7,3.0
164918,1,3,110,1,1,60.0,0,I,MELB_URBAN,ROAD,8,8.0
164919,1,2,99,1,1,50.0,0,N,MELB_URBAN,ROAD,8,7.0
164920,1,2,130,2,1,60.0,0,I,MELB_URBAN,ROAD,8,14.0
164921,2,2,100,5,1,50.0,0,N,MELB_URBAN,DRIVE,8,9.0
164922,1,1,130,1,1,70.0,0,N,MELB_URBAN,ROAD,8,12.0
164923,1,3,133,2,1,60.0,0,I,MELB_URBAN,ROAD,8,10.0
164924,1,6,113,2,1,60.0,0,N,MELB_URBAN,BOULEVARD,7,13.0
164925,2,3,100,2,1,60.0,0,I,MELB_URBAN,OTHER,8,8.0
164926,2,3,99,2,1,50.0,0,N,UNKNOWN,BOULEVARD,8,11.0
164927,1,3,121,1,1,70.0,0,I,MELB_URBAN,ROAD,8,11.0
164928,1,2,133,5,1,60.0,0,N,MELB_URBAN,ROAD,8,9.0
164929,1,1,133,5,1,60.0,0,I,MELB_URBAN,ROAD,7,17.0
164930,1,3,121,2,2,60.0,0,I,MELB_URBAN,HIGHWAY,8,7.0
164931,1,3,140,5,1,80.0,0,N,UNKNOWN,HIGHWAY,8,13.0
164932,1,2,110,1,1,60.0,0,N,TOWNS,OTHER,8,13.0
164933,1,4,132,5,9,80.0,0,N,MELB_URBAN,ROAD,6,15.0
164934,1,3,110,1,1,60.0,0,I,LARGE_PROVINCIAL_CITIES,STREET,8,13.0
164935,1,5,99,1,2,50.0,0,I,MELB_URBAN,STREET,8,17.0
164936,1,3,130,5,1,50.0,0,N,MELB_URBAN,DRIVE,8,14.0
164937,1,4,130,5,9,60.0,0,N,MELB_URBAN,ROAD,8,18.0
164938,1,2,130,2,1,60.0,0,N,MELB_URBAN,ROAD,8,14.0
164939,1,3,130,5,1,70.0,0,N,MELB_URBAN,ROAD,8,9.0
164940,1,1,120,5,1,60.0,0,N,RURAL_VICTORIA,OTHER,8,12.0
164941,1,1,130,5,2,80.0,0,N,MELB_URBAN,ROAD,6,17.0
164942,1,3,99,5,1,60.0,0,N,MELB_URBAN,STREET,8,11.0
164943,1,3,110,1,1,50.0,0,N,UNKNOWN,STREET,8,15.0
164944,1,6,99,5,1,60.0,0,N,RURAL_VICTORIA,ROAD,8,16.0
164945,4,0,171,5,1,60.0,0,N,MELB_URBAN,ROAD,8,7.0
164946,1,2,130,5,2,60.0,0,N,MELB_URBAN,HIGHWAY,8,17.0
164947,1,2,160,5,1,80.0,0,N,MELB_URBAN,ROAD,8,14.0
164948,1,2,99,5,1,40.0,0,N,UNKNOWN,ROAD,8,15.0
164949,2,2,100,2,1,50.0,0,I,MELB_URBAN,ROAD,8,9.0
164950,1,3,121,5,1,80.0,0,N,MELB_URBAN,HIGHWAY,8,16.0
164951,1,2,121,2,2,60.0,0,I,MELB_URBAN,STREET,8,17.0
164952,1,1,130,1,2,80.0,0,I,MELB_URBAN,HIGHWAY,8,6.0
164953,1,3,132,2,2,60.0,0,I,TOWNS,ROAD,8,17.0
164954,1,5,130,5,2,60.0,0,N,RURAL_VICTORIA,ROAD,8,8.0
164955,2,2,102,5,1,60.0,0,N,MELB_URBAN,ROAD,8,15.0
164956,1,3,121,2,2,60.0,0,I,MELB_URBAN,ROAD,8,17.0
164957,1,2,116,1,1,80.0,0,I,MELB_URBAN,HIGHWAY,8,16.0
164958,8,0,174,5,1,60.0,0,N,RURAL_VICTORIA,OTHER,8,13.0
164959,1,3,120,5,1,80.0,0,N,MELB_URBAN,ROAD,8,17.0
164960,1,2,130,5,2,80.0,0,N,SMALL_CITIES,HIGHWAY,8,18.0
164961,4,2,181,5,3,50.0,0,N,SMALL_CITIES,AVENUE,8,18.0
164962,4,2,171,5,5,80.0,0,N,RURAL_VICTORIA,DRIVE,8,20.0
164963,1,4,173,5,1,50.0,0,N,MELB_URBAN,ROAD,8,16.0
164964,1,5,135,1,2,60.0,0,N,MELB_URBAN,OTHER,4,18.0
164965,1,3,110,1,3,40.0,0,I,MELB_URBAN,STREET,8,17.0
164966,1,3,99,2,1,80.0,0,I,MELB_URBAN,ROAD,8,15.0
164967,1,3,121,1,3,50.0,1,I,MELB_URBAN,ROAD,8,19.0
164968,4,2,173,2,3,80.0,0,N,MELB_URBAN,ROAD,8,2.0
164969,1,6,130,5,1,100.0,0,N,MELB_URBAN,FREEWAY,6,15.0
164970,1,4,173,5,1,50.0,0,N,MELB_URBAN,ROAD,8,11.0
164971,5,3,99,5,1,100.0,0,N,MELB_URBAN,FREEWAY,8,14.0
164972,1,1,116,2,1,50.0,0,I,MELB_URBAN,STREET,8,15.0
164973,1,3,130,1,3,60.0,0,I,MELB_URBAN,ROAD,8,20.0
164974,1,3,110,1,1,50.0,0,I,SMALL_CITIES,STREET,8,8.0
164975,1,0,130,5,1,80.0,0,N,MELB_URBAN,HIGHWAY,8,15.0
164976,6,4,184,2,1,80.0,0,I,MELB_URBAN,ROAD,8,8.0
164977,1,4,160,2,1,80.0,0,N,MELB_URBAN,HIGHWAY,8,7.0
164978,1,4,130,5,2,80.0,0,N,MELB_URBAN,ROAD,8,9.0
164979,1,4,130,5,1,100.0,0,N,MELB_URBAN,FREEWAY,8,10.0
164980,1,2,99,2,1,100.0,0,I,RURAL_VICTORIA,ROAD,7,11.0
164981,2,4,99,2,1,50.0,0,N,MELB_URBAN,OTHER,8,9.0
164982,1,3,130,1,2,60.0,0,I,MELB_URBAN,ROAD,4,18.0
164983,1,4,99,2,1,80.0,0,I,RURAL_VICTORIA,ROAD,8,10.0
164984,1,4,130,5,1,100.0,0,N,MELB_URBAN,FREEWAY,8,9.0
164985,1,2,147,5,1,60.0,0,N,MELB_URBAN,ROAD,8,17.0
164986,1,4,121,1,1,80.0,0,I,RURAL_VICTORIA,ROAD,8,11.0
164987,1,4,133,5,1,80.0,0,N,MELB_URBAN,FREEWAY,8,10.0
164988,3,0,167,2,5,80.0,0,I,MELB_URBAN,OTHER,7,6.0
164989,1,4,130,5,2,100.0,0,N,RURAL_VICTORIA,HIGHWAY,8,8.0
164990,1,4,121,2,2,60.0,0,I,SMALL_CITIES,RAMP,8,7.0
164991,1,3,121,1,2,40.0,0,I,MELB_URBAN,BOULEVARD,8,18.0
164992,1,3,130,5,1,80.0,0,N,MELB_URBAN,ROAD,8,13.0
164993,2,3,100,5,1,50.0,0,N,MELB_URBAN,STREET,8,13.0
164994,6,3,184,5,1,60.0,0,N,UNKNOWN,ROAD,8,13.0
164995,1,3,111,1,1,50.0,0,I,SMALL_CITIES,STREET,8,13.0
164996,1,5,116,1,1,60.0,0,I,MELB_URBAN,STREET,7,10.0
164997,1,4,130,5,1,100.0,0,N,RURAL_VICTORIA,ROAD,8,15.0
164998,6,5,174,5,1,100.0,0,N,RURAL_VICTORIA,HIGHWAY,7,17.0
164999,2,4,99,5,1,60.0,0,N,SMALL_CITIES,PARADE,8,12.0
165000,1,4,132,1,1,80.0,0,I,MELB_URBAN,ROAD,8,15.0
165001,1,3,110,1,1,50.0,0,I,SMALL_CITIES,STREET,8,14.0
165002,1,4,113,2,1,50.0,0,N,MELB_URBAN,PARADE,8,15.0
165003,1,4,130,2,1,60.0,0,N,MELB_URBAN,ROAD,8,15.0
165004,6,4,174,5,1,50.0,0,N,RURAL_VICTORIA,OTHER,8,17.0
165005,1,4,116,2,1,50.0,0,N,MELB_URBAN,STREET,8,14.0
165006,1,4,130,5,2,80.0,0,N,MELB_URBAN,ROAD,8,18.0
165007,1,2,130,2,1,60.0,0,I,MELB_URBAN,ROAD,7,14.0
165008,1,4,120,5,2,40.0,0,N,RURAL_VICTORIA,HIGHWAY,8,19.0
165009,1,4,160,5,3,60.0,0,N,MELB_URBAN,DRIVE,8,18.0
165010,2,4,100,5,3,50.0,0,N,LARGE_PROVINCIAL_CITIES,AVENUE,8,6.0
165011,1,4,130,5,5,80.0,0,N,MELB_URBAN,FREEWAY,8,17.0
165012,1,4,121,2,3,50.0,0,N,RURAL_VICTORIA,HIGHWAY,8,18.0
165013,1,3,160,5,3,50.0,0,N,UNKNOWN,ROAD,8,21.0
165014,4,5,183,5,3,60.0,0,N,MELB_URBAN,ROAD,8,2.0
165015,1,5,111,1,1,40.0,0,I,MELB_URBAN,STREET,8,8.0
165016,1,7,113,2,1,80.0,0,I,MELB_URBAN,ROAD,8,11.0
165017,5,7,99,5,1,60.0,0,N,RURAL_VICTORIA,ROAD,8,12.0
165018,6,2,174,2,1,60.0,0,I,TOWNS,ROAD,7,9.0
165019,1,2,130,5,1,100.0,0,N,RURAL_VICTORIA,FREEWAY,8,8.0
165020,1,5,160,5,1,70.0,0,N,SMALL_CITIES,OTHER,8,11.0
165021,1,1,130,2,1,60.0,0,I,MELB_URBAN,ROAD,8,15.0
165022,1,1,130,5,1,60.0,0,N,MELB_URBAN,ROAD,8,10.0
165023,1,3,133,5,3,40.0,0,N,UNKNOWN,STREET,8,20.0
165024,1,3,133,5,1,50.0,0,N,UNKNOWN,STREET,8,15.0
165025,8,0,99,2,9,50.0,0,I,MELB_URBAN,STREET,8,1.0
165026,4,5,99,5,1,80.0,0,N,MELB_URBAN,RAMP,8,12.0
165027,1,3,130,5,2,80.0,0,N,MELB_URBAN,STREET,8,6.0
165028,1,5,130,5,1,70.0,0,N,LARGE_PROVINCIAL_CITIES,ROAD,8,12.0
165029,1,5,110,1,1,60.0,0,I,MELB_URBAN,STREET,8,12.0
165030,4,5,173,5,1,100.0,0,N,RURAL_VICTORIA,ROAD,8,11.0
165031,1,5,99,2,1,60.0,0,N,SMALL_CITIES,STREET,8,9.0
165032,1,4,130,1,1,70.0,0,I,LARGE_PROVINCIAL_CITIES,AVENUE,8,8.0
165033,1,4,130,2,2,80.0,0,I,MELB_URBAN,ROAD,8,9.0
165034,1,5,116,2,1,70.0,0,I,MELB_URBAN,ROAD,8,14.0
165035,1,5,113,2,1,60.0,0,I,SMALL_CITIES,STREET,8,14.0
165036,1,4,130,5,1,80.0,0,N,LARGE_PROVINCIAL_CITIES,HIGHWAY,8,12.0
165037,1,3,120,1,1,60.0,0,N,RURAL_VICTORIA,ROAD,8,14.0
165038,1,6,130,5,1,110.0,0,N,RURAL_VICTORIA,FREEWAY,7,15.0
165039,1,3,130,1,2,50.0,0,I,MELB_URBAN,RAMP,4,17.0
165040,1,5,113,2,2,60.0,0,I,TOWNS,DRIVE,6,8.0
165041,1,7,110,1,1,50.0,0,I,MELB_URBAN,STREET,8,10.0
165042,6,4,170,5,1,100.0,0,N,RURAL_VICTORIA,ROAD,8,11.0
165043,1,5,113,3,1,60.0,0,I,MELB_URBAN,ROAD,8,15.0
165044,3,5,167,5,6,60.0,0,N,RURAL_VICTORIA,OTHER,8,4.0
165045,2,5,102,1,1,60.0,0,I,UNKNOWN,OTHER,8,15.0
165046,8,4,99,5,1,60.0,0,N,MELB_URBAN,OTHER,5,10.0
165047,1,4,130,5,3,70.0,0,N,MELB_URBAN,ROAD,8,18.0
165048,1,5,130,5,2,60.0,0,N,MELB_URBAN,ROAD,8,9.0
165049,6,6,99,5,6,50.0,0,N,MELB_URBAN,AVENUE,8,2.0
165050,4,5,171,5,1,100.0,0,N,UNKNOWN,ROAD,8,16.0
165051,4,5,171,5,3,60.0,0,N,UNKNOWN,STREET,8,18.0
165052,1,2,99,5,9,100.0,0,N,MELB_URBAN,FREEWAY,2,6.0
165053,1,5,130,5,2,100.0,0,N,MELB_URBAN,FREEWAY,8,18.0
165054,3,4,167,5,5,100.0,0,O,UNKNOWN,UNKNOWN,8,19.0
165055,1,4,160,5,2,60.0,0,N,MELB_URBAN,STREET,8,19.0
165056,6,1,174,2,1,40.0,0,N,MELB_URBAN,STREET,5,16.0
165057,1,7,163,5,1,40.0,0,N,MELB_URBAN,ROAD,7,13.0
165058,1,5,110,1,3,60.0,0,I,MELB_URBAN,ROAD,8,23.0
165059,4,6,171,5,3,50.0,0,N,MELB_URBAN,OTHER,8,0.0
165060,1,3,113,2,1,60.0,0,I,SMALL_TOWNS,STREET,8,15.0
165061,1,6,110,1,1,60.0,0,N,LARGE_PROVINCIAL_CITIES,ROAD,8,6.0
165062,1,4,120,5,2,100.0,0,N,RURAL_VICTORIA,ROAD,8,17.0
165063,1,6,110,1,3,50.0,0,I,RURAL_VICTORIA,ROAD,8,6.0
165064,1,6,121,2,2,60.0,0,I,SMALL_CITIES,HIGHWAY,8,6.0
165065,1,4,130,4,2,60.0,0,I,MELB_URBAN,ROAD,7,16.0
165066,1,5,121,2,2,60.0,0,I,MELB_URBAN,ROAD,8,8.0
165067,1,6,99,5,1,40.0,0,N,RURAL_VICTORIA,BOULEVARD,8,8.0
165068,1,5,130,5,1,60.0,0,N,UNKNOWN,ROAD,7,10.0
165069,1,2,130,2,3,60.0,0,I,RURAL_VICTORIA,ROAD,7,17.0
165070,1,3,99,5,1,60.0,0,N,MELB_URBAN,DRIVE,8,15.0
165071,1,1,130,2,2,60.0,0,I,LARGE_PROVINCIAL_CITIES,ROAD,8,6.0
165072,4,5,173,5,1,100.0,0,N,RURAL_VICTORIA,ROAD,8,12.0
165073,1,6,121,1,1,60.0,0,N,MELB_URBAN,HIGHWAY,8,12.0
165074,1,6,130,5,1,100.0,0,N,MELB_URBAN,UNKNOWN,8,13.0
165075,2,5,102,1,1,50.0,0,I,MELB_URBAN,ROAD,8,14.0
165076,6,7,174,5,1,60.0,0,N,RURAL_VICTORIA,ROAD,7,11.0
165077,6,6,174,5,1,60.0,0,N,MELB_URBAN,ROAD,8,9.0
165078,1,6,121,1,2,100.0,0,I,RURAL_VICTORIA,HIGHWAY,8,16.0
165079,1,3,99,2,1,40.0,0,I,MELB_URBAN,STREET,8,8.0
165080,1,6,130,1,2,60.0,0,I,MELB_URBAN,ROAD,8,18.0
165081,1,5,113,1,1,50.0,0,I,LARGE_PROVINCIAL_CITIES,STREET,8,15.0
165082,1,5,121,5,2,50.0,0,N,RURAL_VICTORIA,ROAD,8,17.0
165083,1,6,99,5,1,60.0,0,N,MELB_URBAN,DRIVE,8,10.0
165084,1,6,110,1,3,50.0,0,I,TOWNS,STREET,8,18.0
165085,4,4,171,5,9,80.0,0,N,UNKNOWN,ROAD,7,19.0
165086,1,6,130,5,2,80.0,0,N,MELB_URBAN,RAMP,8,16.0
165087,4,5,171,5,2,50.0,0,N,SMALL_CITIES,STREET,8,16.0
165088,4,5,171,5,1,100.0,0,N,RURAL_VICTORIA,HIGHWAY,8,17.0
165089,1,5,173,5,3,50.0,0,N,RURAL_VICTORIA,ROAD,8,19.0
165090,4,6,173,5,5,100.0,0,N,RURAL_VICTORIA,HIGHWAY,8,0.0
165091,2,6,99,2,1,40.0,0,N,MELB_URBAN,STREET,8,14.0
165092,1,6,120,5,2,100.0,0,N,RURAL_VICTORIA,ROAD,8,18.0
165093,1,6,130,1,3,80.0,0,I,MELB_URBAN,ROAD,8,21.0
165094,6,5,170,5,2,80.0,0,N,RURAL_VICTORIA,ROAD,8,6.0
165095,1,6,130,5,1,110.0,1,N,RURAL_VICTORIA,FREEWAY,8,17.0
165096,1,6,130,5,2,70.0,0,N,MELB_URBAN,ROAD,8,19.0
165097,2,6,102,1,3,70.0,0,I,MELB_URBAN,ROAD,8,18.0
165098,4,5,171,5,5,80.0,0,N,UNKNOWN,ROAD,8,22.0
165099,1,1,130,5,1,80.0,0,N,MELB_URBAN,ROAD,6,15.0
165100,4,7,171,5,3,80.0,0,N,MELB_URBAN,ROAD,8,6.0
165101,1,7,99,2,1,40.0,0,I,MELB_URBAN,STREET,8,11.0
165102,1,7,113,2,1,100.0,0,I,RURAL_VICTORIA,FREEWAY,8,10.0
165103,1,3,116,2,1,70.0,0,I,MELB_URBAN,ROAD,8,11.0
165104,1,7,113,2,1,80.0,0,I,MELB_URBAN,HIGHWAY,8,12.0
165105,1,7,160,5,1,50.0,0,N,LARGE_PROVINCIAL_CITIES,AVENUE,8,11.0
165106,1,5,130,1,2,60.0,0,N,MELB_URBAN,ROAD,7,16.0
165107,1,7,130,5,1,100.0,0,N,MELB_URBAN,FREEWAY,8,12.0
165108,1,7,99,5,1,60.0,0,N,MELB_URBAN,STREET,8,11.0
165109,1,7,130,5,1,80.0,0,N,RURAL_VICTORIA,HIGHWAY,8,12.0
165110,1,7,140,5,1,60.0,0,N,SMALL_CITIES,AVENUE,8,14.0
165111,4,6,171,5,1,60.0,0,N,UNKNOWN,ROAD,8,13.0
165112,1,7,111,1,1,50.0,0,I,MELB_URBAN,STREET,8,10.0
165113,1,7,121,1,1,40.0,0,I,MELB_URBAN,STREET,8,15.0
165114,1,3,130,2,2,60.0,0,I,MELB_URBAN,ROAD,8,16.0
165115,1,6,133,2,3,40.0,0,N,MELB_URBAN,STREET,8,18.0
165116,1,5,130,5,3,60.0,0,N,MELB_URBAN,STREET,8,23.0
165117,1,7,120,5,1,80.0,0,N,RURAL_VICTORIA,ROAD,8,15.0
165118,1,7,130,5,1,80.0,0,N,MELB_URBAN,ROAD,8,15.0
165119,1,6,120,1,1,60.0,0,I,MELB_URBAN,DRIVE,8,14.0
165120,1,7,121,1,3,60.0,0,I,MELB_URBAN,STREET,8,18.0
165121,1,7,110,1,3,50.0,0,N,SMALL_CITIES,STREET,8,19.0
165122,1,7,120,5,2,80.0,0,N,RURAL_VICTORIA,ROAD,8,17.0
165123,2,7,102,5,6,40.0,0,N,RURAL_VICTORIA,ROAD,8,5.0
165124,2,6,100,5,3,60.0,0,N,MELB_URBAN,ROAD,8,19.0
165125,1,7,99,1,2,60.0,0,I,MELB_URBAN,OTHER,8,19.0
165126,1,7,99,5,1,100.0,0,N,MELB_URBAN,ROAD,8,16.0
165127,4,6,171,2,3,40.0,0,I,MELB_URBAN,ROAD,8,21.0
165128,2,1,99,5,3,60.0,0,N,MELB_URBAN,STREET,8,0.0
165129,2,7,99,5,1,60.0,0,N,UNKNOWN,ROAD,8,12.0
165130,1,2,110,1,1,50.0,0,I,SMALL_CITIES,PARADE,7,15.0
165131,1,1,99,1,1,80.0,0,I,MELB_URBAN,OTHER,7,16.0
165132,1,5,133,5,1,40.0,0,N,MELB_URBAN,STREET,7,10.0
165133,6,7,174,5,2,80.0,0,N,RURAL_VICTORIA,DRIVE,8,17.0
165134,1,0,99,5,1,40.0,0,N,MELB_URBAN,STREET,8,11.0
165135,2,5,99,2,1,60.0,0,N,SMALL_CITIES,STREET,7,11.0
165136,2,5,100,5,3,40.0,0,N,MELBOURNE_CBD,STREET,8,18.0
165137,1,2,130,5,1,40.0,0,N,RURAL_VICTORIA,ROAD,8,8.0
165138,4,1,171,5,1,80.0,0,N,UNKNOWN,ROAD,8,13.0
165139,1,1,121,2,1,60.0,0,I,MELB_URBAN,ROAD,8,15.0
165140,1,7,160,5,6,60.0,0,N,UNKNOWN,ROAD,8,20.0
165141,6,0,174,5,2,60.0,0,N,RURAL_VICTORIA,OTHER,8,17.0
165142,1,1,121,5,3,60.0,0,N,SMALL_CITIES,ROAD,8,20.0
165143,1,4,130,2,1,40.0,0,I,MELB_URBAN,ROAD,8,14.0