,accident_type,day_of_week,dca_code,road_geometry,light_condition,speed_zone,severity,node_type,deg_urban_name,road_type,month,hour
165144,1,6,121,1,3,60.0,0,I,MELB_URBAN,ROAD,8,1.0
165145,6,0,99,5,2,100.0,0,N,RURAL_VICTORIA,ROAD,8,18.0
165146,1,1,160,5,3,50.0,1,N,MELB_URBAN,STREET,8,18.0
165147,1,1,110,1,2,70.0,0,I,RURAL_VICTORIA,ROAD,8,6.0
165148,1,1,99,5,5,80.0,0,N,MELB_URBAN,FREEWAY,8,23.0
165149,1,2,160,5,3,60.0,0,N,MELB_URBAN,ROAD,8,0.0
165150,1,2,147,5,5,100.0,0,N,RURAL_VICTORIA,ROAD,8,6.0
165151,1,2,160,5,3,60.0,0,N,MELB_URBAN,HIGHWAY,8,2.0
165152,1,5,132,2,1,60.0,0,I,MELB_URBAN,ROAD,8,10.0
165153,1,6,99,1,3,40.0,0,I,MELB_URBAN,STREET,7,18.0
165154,4,1,173,5,1,60.0,0,N,SMALL_CITIES,ROAD,8,7.0
165155,1,3,110,1,2,50.0,0,I,SMALL_CITIES,STREET,4,8.0
165156,6,7,174,5,1,60.0,0,N,RURAL_VICTORIA,ROAD,8,14.0
165157,1,7,121,5,1,80.0,0,N,RURAL_VICTORIA,ROAD,8,9.0
165158,2,3,100,2,2,80.0,0,N,MELB_URBAN,DRIVE,8,6.0
165159,6,2,174,5,1,70.0,0,N,LARGE_PROVINCIAL_CITIES,RAMP,8,7.0
165160,1,5,130,2,1,80.0,0,I,TOWNS,HIGHWAY,8,12.0
165161,2,2,102,5,1,60.0,0,N,MELB_URBAN,ROAD,8,10.0
165162,1,2,121,2,1,80.0,0,I,MELB_URBAN,ROAD,8,9.0
165163,1,6,130,5,1,60.0,0,N,UNKNOWN,FREEWAY,8,14.0
165164,1,6,133,5,1,70.0,0,N,LARGE_PROVINCIAL_CITIES,PARADE,7,9.0
165165,4,7,171,1,2,80.0,0,I,MELB_URBAN,ROAD,8,4.0
165166,1,2,120,5,1,40.0,0,N,LARGE_PROVINCIAL_CITIES,PARADE,8,10.0
165167,1,7,113,2,1,60.0,0,I,RURAL_VICTORIA,ROAD,7,16.0
165168,1,6,163,5,9,40.0,0,N,MELB_URBAN,STREET,8,16.0
165169,1,2,99,5,2,70.0,0,N,LARGE_PROVINCIAL_CITIES,STREET,7,9.0
165170,1,6,163,5,1,40.0,0,N,MELBOURNE_CBD,STREET,8,12.0
165171,1,2,121,1,1,60.0,0,I,MELB_URBAN,OTHER,8,8.0
165172,1,2,130,2,2,70.0,0,I,MELB_URBAN,ROAD,8,6.0
165173,1,1,181,5,1,50.0,0,N,MELB_URBAN,OTHER,8,9.0
165174,1,1,110,1,1,60.0,0,I,MELB_URBAN,STREET,8,14.0
165175,1,6,130,5,3,110.0,0,N,RURAL_VICTORIA,FREEWAY,8,21.0
165176,4,2,181,5,9,80.0,0,N,RURAL_VICTORIA,ROAD,8,2.0
165177,1,2,121,1,1,80.0,0,N,MELB_URBAN,ROAD,8,13.0
165178,2,2,100,1,1,60.0,0,I,MELB_URBAN,STREET,7,9.0
165179,4,2,173,5,1,100.0,0,N,UNKNOWN,UNKNOWN,8,14.0
165180,1,2,135,5,2,80.0,0,N,UNKNOWN,UNKNOWN,7,6.0
165181,4,1,171,5,1,100.0,0,N,RURAL_VICTORIA,ROAD,8,16.0
165182,6,5,174,5,1,60.0,0,N,UNKNOWN,ROAD,8,8.0
165183,1,4,110,1,3,60.0,0,I,MELB_URBAN,ROAD,10,21.0
165184,1,2,130,5,2,40.0,0,I,MELB_URBAN,FREEWAY,8,18.0
165185,1,2,121,1,1,60.0,0,I,MELB_URBAN,ROAD,8,17.0
165186,1,4,147,5,3,60.0,0,N,UNKNOWN,ROAD,8,18.0
165187,1,5,113,2,2,60.0,0,I,MELB_URBAN,ROAD,8,8.0
165188,1,1,110,1,1,60.0,0,I,MELB_URBAN,OTHER,8,17.0
165189,1,3,111,2,1,60.0,0,I,MELB_URBAN,ROAD,8,18.0
165190,6,2,174,5,1,100.0,0,N,MELB_URBAN,FREEWAY,8,16.0
165191,1,2,130,5,2,100.0,0,N,MELB_URBAN,ROAD,8,16.0
165192,1,3,121,2,1,60.0,0,I,MELB_URBAN,ROAD,10,12.0
165193,1,2,135,2,2,60.0,0,I,MELB_URBAN,AVENUE,8,16.0
165194,1,2,120,5,2,40.0,0,N,MELB_URBAN,ROAD,8,19.0
165195,1,2,120,5,1,60.0,0,N,MELB_URBAN,ROAD,8,15.0
165196,1,1,130,2,5,100.0,0,I,RURAL_VICTORIA,HIGHWAY,8,20.0
165197,6,3,174,1,2,60.0,0,I,MELB_URBAN,STREET,7,0.0
165198,6,2,99,5,3,60.0,0,N,RURAL_VICTORIA,OTHER,8,22.0
165199,2,2,100,2,3,70.0,0,I,MELB_URBAN,ROAD,8,21.0
165200,1,4,121,2,2,60.0,0,I,MELB_URBAN,ROAD,7,7.0
165201,1,3,110,1,3,60.0,0,I,MELB_URBAN,ROAD,8,2.0
165202,2,2,100,2,1,60.0,0,I,MELB_URBAN,STREET,8,9.0
165203,1,3,113,2,3,60.0,0,I,MELB_URBAN,ROAD,7,20.0
165204,1,4,110,1,3,40.0,0,I,MELB_URBAN,STREET,8,20.0
165205,1,3,121,1,2,60.0,0,I,MELB_URBAN,ROAD,8,9.0
165206,1,6,130,5,1,50.0,0,N,LARGE_PROVINCIAL_CITIES,AVENUE,8,13.0
165207,1,3,130,5,2,100.0,0,N,MELB_URBAN,ROAD,8,7.0
165208,1,6,99,5,9,60.0,0,N,UNKNOWN,BOULEVARD,8,14.0
165209,1,3,111,1,1,60.0,0,I,LARGE_PROVINCIAL_CITIES,ROAD,8,6.0
165210,1,5,130,5,1,100.0,0,N,MELB_URBAN,FREEWAY,8,15.0
165211,4,3,99,5,1,60.0,0,N,MELB_URBAN,ROAD,2,14.0
165212,1,6,130,5,9,80.0,0,N,UNKNOWN,FREEWAY,8,17.0
165213,1,2,147,5,1,40.0,0,N,UNKNOWN,ROAD,8,12.0
165214,8,7,184,5,5,80.0,0,N,RURAL_VICTORIA,ROAD,8,1.0
165215,1,2,160,2,1,60.0,0,N,MELB_URBAN,ROAD,8,7.0
165216,4,6,171,5,1,70.0,0,N,UNKNOWN,ROAD,8,10.0
165217,1,3,111,1,1,50.0,0,I,MELB_URBAN,ROAD,8,8.0
165218,4,3,99,5,1,60.0,0,N,UNKNOWN,ROAD,8,7.0
165219,1,3,121,2,1,80.0,0,N,MELB_URBAN,HIGHWAY,8,11.0
165220,1,6,130,5,2,60.0,0,N,LARGE_PROVINCIAL_CITIES,ROAD,8,8.0
165221,8,1,174,5,1,100.0,0,N,RURAL_VICTORIA,OTHER,8,10.0
165222,6,5,174,5,9,50.0,0,N,MELB_URBAN,STREET,7,16.0
165223,1,4,113,2,1,80.0,0,I,MELB_URBAN,STREET,8,15.0
165224,1,3,160,5,1,60.0,0,N,MELB_URBAN,ROAD,8,13.0
165225,1,3,130,1,2,60.0,0,I,MELB_URBAN,ROAD,8,7.0
165226,1,5,99,2,2,40.0,0,I,MELB_URBAN,STREET,8,5.0
165227,1,3,130,5,2,100.0,0,N,RURAL_VICTORIA,HIGHWAY,8,17.0
165228,1,4,121,1,9,40.0,0,N,MELB_URBAN,STREET,8,16.0
165229,1,3,121,2,1,80.0,0,I,RURAL_VICTORIA,ROAD,8,16.0
165230,1,2,163,5,1,40.0,0,N,UNKNOWN,AVENUE,8,8.0
165231,1,3,130,3,1,80.0,0,N,LARGE_PROVINCIAL_CITIES,ROAD,8,15.0
165232,1,2,140,1,1,70.0,0,I,SMALL_CITIES,HIGHWAY,8,13.0
165233,1,2,99,5,2,60.0,0,N,RURAL_VICTORIA,AVENUE,8,17.0
165234,1,3,130,2,1,60.0,0,I,MELB_URBAN,ROAD,8,13.0
165235,2,3,100,1,1,60.0,0,N,MELB_URBAN,STREET,8,15.0
165236,1,3,121,2,2,80.0,0,I,RURAL_VICTORIA,ROAD,8,17.0
165237,1,2,130,5,9,60.0,0,N,MELB_URBAN,ROAD,8,13.0
165238,2,3,100,1,1,40.0,0,I,SMALL_CITIES,STREET,8,16.0
165239,1,0,130,5,2,100.0,0,N,MELB_URBAN,ROAD,9,17.0
165240,1,3,130,5,5,80.0,0,N,MELB_URBAN,FREEWAY,8,21.0
165241,1,2,130,2,1,60.0,0,I,MELB_URBAN,STREET,8,17.0
165242,4,2,171,5,5,100.0,0,N,RURAL_VICTORIA,HIGHWAY,8,22.0
165243,1,1,113,8,1,60.0,0,N,MELB_URBAN,STREET,7,14.0
165244,1,4,130,5,3,60.0,0,N,MELB_URBAN,FREEWAY,8,2.0
165245,2,4,100,1,2,60.0,0,N,MELB_URBAN,ROAD,8,6.0
165246,2,4,102,5,2,40.0,0,N,MELB_URBAN,STREET,8,6.0
165247,1,1,99,5,2,80.0,0,N,MELB_URBAN,FREEWAY,8,18.0
165248,6,2,174,5,9,60.0,0,N,UNKNOWN,STREET,8,6.0
165249,1,1,120,5,1,60.0,0,N,RURAL_VICTORIA,ROAD,8,13.0
165250,1,4,147,5,3,60.0,0,N,TOWNS,STREET,6,17.0
165251,1,3,130,5,1,60.0,0,N,LARGE_PROVINCIAL_CITIES,ROAD,8,7.0
165252,5,6,99,4,1,80.0,0,N,RURAL_VICTORIA,ROAD,7,14.0
165253,1,0,110,1,3,60.0,0,N,MELB_URBAN,STREET,8,23.0
165254,1,4,130,5,1,100.0,0,N,RURAL_VICTORIA,FREEWAY,8,11.0
165255,1,4,130,5,2,80.0,0,N,MELB_URBAN,STREET,8,8.0
165256,1,4,121,1,1,70.0,0,I,LARGE_PROVINCIAL_CITIES,HIGHWAY,8,12.0
165257,1,3,121,5,2,70.0,0,I,MELB_URBAN,HIGHWAY,7,8.0
165258,1,4,111,2,1,60.0,0,I,MELB_URBAN,ROAD,8,10.0
165259,1,4,133,5,1,40.0,0,N,MELB_URBAN,FREEWAY,8,17.0
165260,8,6,174,5,1,50.0,0,N,LARGE_PROVINCIAL_CITIES,STREET,8,15.0
165261,4,3,173,2,1,60.0,0,I,RURAL_VICTORIA,ROAD,8,15.0
165262,4,0,183,5,3,50.0,0,N,MELB_URBAN,DRIVE,7,2.0
165263,1,4,130,1,1,60.0,0,N,MELB_URBAN,OTHER,8,12.0
165264,1,5,121,2,2,60.0,0,I,MELB_URBAN,AVENUE,7,16.0
165265,1,2,130,5,3,60.0,0,N,MELB_URBAN,HIGHWAY,8,18.0
165266,1,6,130,1,2,50.0,0,I,SMALL_CITIES,STREET,6,20.0
165267,2,4,102,5,1,50.0,0,N,SMALL_CITIES,STREET,8,7.0
165268,1,3,130,5,1,70.0,0,N,MELB_URBAN,ROAD,7,13.0
165269,2,3,100,1,5,60.0,0,I,MELB_URBAN,AVENUE,8,19.0
165270,1,4,116,2,1,60.0,0,I,MELB_URBAN,ROAD,8,13.0
165271,1,4,130,2,2,60.0,0,I,MELB_URBAN,ROAD,8,17.0
165272,1,4,163,5,2,60.0,0,N,MELB_URBAN,STREET,8,16.0
165273,1,4,121,1,2,40.0,0,I,MELBOURNE_CBD,STREET,8,18.0
165274,1,3,110,1,3,60.0,0,I,MELB_URBAN,ROAD,8,18.0
165275,4,4,99,5,1,60.0,0,N,MELB_URBAN,ROAD,8,16.0
165276,1,3,130,5,2,40.0,0,N,MELBOURNE_CBD,STREET,8,16.0
165277,4,4,171,5,1,50.0,0,N,UNKNOWN,ROAD,8,17.0
165278,1,4,120,5,1,60.0,0,N,MELB_URBAN,AVENUE,8,16.0
165279,1,3,130,5,2,80.0,0,N,SMALL_CITIES,HIGHWAY,8,16.0
165280,2,4,100,5,1,70.0,0,N,MELB_URBAN,ROAD,8,17.0
165281,8,3,99,5,1,50.0,0,N,UNKNOWN,ROAD,8,12.0
165282,1,4,130,1,1,40.0,0,I,LARGE_PROVINCIAL_CITIES,STREET,8,11.0
165283,1,4,111,2,9,60.0,0,I,MELB_URBAN,DRIVE,8,7.0
165284,1,6,132,2,9,60.0,0,I,MELB_URBAN,ROAD,8,19.0
165285,1,4,113,2,1,60.0,0,I,MELB_URBAN,HIGHWAY,8,17.0
165286,2,4,100,5,3,70.0,0,N,MELB_URBAN,HIGHWAY,8,19.0
165287,2,4,99,2,3,60.0,0,I,MELB_URBAN,ROAD,8,18.0
165288,4,4,173,5,3,70.0,0,N,MELB_URBAN,ROAD,8,21.0
165289,1,5,133,5,3,40.0,0,N,MELB_URBAN,ROAD,8,1.0
165290,1,3,99,2,3,60.0,0,N,LARGE_PROVINCIAL_CITIES,AVENUE,8,6.0
165291,1,5,130,5,3,60.0,0,N,MELB_URBAN,ROAD,8,18.0
165292,1,6,130,5,1,80.0,0,N,MELB_URBAN,FREEWAY,8,9.0
165293,1,5,130,5,1,60.0,0,N,RURAL_VICTORIA,HIGHWAY,8,8.0
165294,1,1,130,5,1,40.0,0,N,SMALL_CITIES,STREET,8,15.0
165295,1,5,121,1,1,70.0,0,I,MELB_URBAN,ROAD,8,8.0
165296,8,4,99,5,1,80.0,0,N,RURAL_VICTORIA,ROAD,8,13.0
165297,1,4,130,5,1,50.0,0,N,UNKNOWN,BOULEVARD,8,9.0
165298,1,5,130,5,2,80.0,0,N,RURAL_VICTORIA,ROAD,8,8.0
165299,1,5,99,1,1,50.0,0,I,MELB_URBAN,BOULEVARD,8,8.0
165300,1,4,121,5,2,60.0,0,N,MELB_URBAN,PARADE,8,7.0
165301,1,4,130,1,1,60.0,0,N,MELB_URBAN,ROAD,8,10.0
165302,3,3,167,5,5,100.0,0,N,RURAL_VICTORIA,HIGHWAY,8,21.0
165303,1,1,130,5,1,60.0,0,N,MELB_URBAN,ROAD,8,11.0
165304,1,5,140,2,1,60.0,0,N,MELB_URBAN,STREET,8,8.0
165305,2,3,100,5,1,60.0,0,N,UNKNOWN,ROAD,8,6.0
165306,1,4,113,2,3,60.0,0,I,MELB_URBAN,PARADE,8,19.0
165307,1,5,120,5,1,60.0,0,N,MELB_URBAN,ROAD,8,11.0
165308,1,0,133,5,1,60.0,0,N,MELB_URBAN,PARADE,6,14.0
165309,1,4,135,5,1,60.0,0,N,MELB_URBAN,ROAD,8,13.0
165310,1,2,135,1,1,60.0,0,N,MELB_URBAN,ROAD,8,16.0
165311,1,3,121,1,1,80.0,0,I,MELB_URBAN,ROAD,8,16.0
165312,1,5,160,5,1,60.0,0,N,MELB_URBAN,STREET,8,10.0
165313,1,2,121,2,9,60.0,0,I,MELB_URBAN,STREET,8,16.0
165314,1,4,110,1,1,40.0,0,I,SMALL_CITIES,STREET,8,15.0
165315,2,5,99,5,1,60.0,0,N,UNKNOWN,UNKNOWN,8,14.0
165316,1,2,130,5,3,60.0,0,N,MELB_URBAN,ROAD,8,20.0
165317,1,5,121,2,1,70.0,0,I,MELB_URBAN,ROAD,8,16.0
165318,1,5,113,2,1,50.0,0,I,MELB_URBAN,DRIVE,8,14.0
165319,4,4,171,5,3,60.0,0,N,UNKNOWN,STREET,8,20.0
165320,4,5,171,5,2,50.0,0,N,RURAL_VICTORIA,ROAD,8,18.0
165321,1,4,130,5,1,70.0,0,N,LARGE_PROVINCIAL_CITIES,OTHER,8,16.0
165322,8,5,99,5,3,50.0,0,N,TOWNS,STREET,8,18.0
165323,2,4,99,5,3,40.0,0,N,MELB_URBAN,STREET,8,18.0
165324,1,5,120,5,1,80.0,1,N,RURAL_VICTORIA,HIGHWAY,8,15.0
165325,1,5,130,5,1,70.0,0,N,MELB_URBAN,ROAD,8,16.0
165326,1,5,130,5,2,60.0,0,N,MELB_URBAN,ROAD,8,18.0
165327,1,4,130,5,1,50.0,0,N,MELB_URBAN,ROAD,8,12.0
165328,1,5,132,5,1,80.0,0,N,MELB_URBAN,ROAD,8,15.0
165329,6,5,99,5,1,60.0,0,N,RURAL_VICTORIA,ROAD,8,14.0
165330,1,5,130,5,1,80.0,0,N,RURAL_VICTORIA,ROAD,8,17.0
165331,1,5,135,5,1,60.0,0,N,UNKNOWN,STREET,8,14.0
165332,4,5,173,5,3,50.0,1,N,MELB_URBAN,OTHER,8,18.0
165333,5,6,99,5,5,110.0,0,N,RURAL_VICTORIA,FREEWAY,5,6.0
165334,2,6,99,1,3,40.0,0,N,MELBOURNE_CBD,STREET,8,0.0
165335,1,6,130,5,2,100.0,0,N,MELB_URBAN,FREEWAY,8,6.0
165336,1,3,110,1,1,50.0,0,O,MELB_URBAN,UNKNOWN,8,8.0
165337,1,6,147,5,1,30.0,0,N,SMALL_CITIES,AVENUE,8,8.0
165338,1,5,140,5,1,60.0,0,N,RURAL_VICTORIA,ROAD,7,8.0
165339,2,5,100,2,1,50.0,0,I,MELB_URBAN,DRIVE,8,8.0
165340,2,5,100,1,1,70.0,0,I,LARGE_PROVINCIAL_CITIES,HIGHWAY,8,10.0
165341,1,2,130,5,2,60.0,0,N,MELB_URBAN,STREET,2,8.0
165342,1,3,130,5,1,60.0,0,N,MELB_URBAN,ROAD,8,12.0
165343,4,6,99,5,1,80.0,0,N,RURAL_VICTORIA,OTHER,7,14.0
165344,5,1,181,5,9,60.0,0,N,RURAL_VICTORIA,ROAD,8,12.0
165345,1,6,147,5,1,80.0,0,N,MELB_URBAN,ROAD,8,10.0
165346,2,4,99,5,1,40.0,0,N,LARGE_PROVINCIAL_CITIES,STREET,8,14.0
165347,1,6,130,5,1,40.0,0,N,MELB_URBAN,STREET,8,9.0
165348,4,5,183,5,9,100.0,1,N,RURAL_VICTORIA,HIGHWAY,8,21.0
165349,1,7,116,2,9,50.0,0,I,UNKNOWN,ROAD,8,21.0
165350,1,6,120,5,1,60.0,0,N,MELB_URBAN,ROAD,8,14.0
165351,1,6,110,1,1,100.0,0,I,RURAL_VICTORIA,ROAD,8,10.0
165352,1,5,110,1,1,50.0,0,I,TOWNS,ROAD,8,17.0
165353,2,6,102,5,1,60.0,0,N,MELB_URBAN,ROAD,8,9.0
165354,1,3,99,1,1,40.0,0,I,MELBOURNE_CBD,STREET,8,9.0
165355,1,4,130,3,1,60.0,0,N,MELB_URBAN,ROAD,8,10.0
165356,1,4,130,5,2,60.0,0,N,LARGE_PROVINCIAL_CITIES,STREET,8,8.0
165357,2,4,99,5,6,50.0,0,N,MELB_URBAN,OTHER,8,22.0
165358,8,1,174,5,1,60.0,0,N,UNKNOWN,ROAD,7,15.0
165359,1,4,110,1,1,50.0,0,N,MELB_URBAN,ROAD,7,8.0
165360,1,6,121,2,1,60.0,0,N,MELB_URBAN,ROAD,8,11.0
165361,6,3,184,5,1,100.0,0,N,RURAL_VICTORIA,ROAD,8,16.0
165362,4,5,173,5,1,80.0,0,N,RURAL_VICTORIA,ROAD,8,15.0
165363,1,5,110,1,1,80.0,0,I,MELB_URBAN,FREEWAY,8,10.0
165364,1,6,111,2,1,60.0,0,N,MELB_URBAN,ROAD,8,17.0
165365,1,2,99,2,1,50.0,0,I,UNKNOWN,STREET,7,13.0
165366,8,4,99,5,5,60.0,0,N,SMALL_CITIES,ROAD,6,19.0
165367,1,5,140,5,3,40.0,0,N,MELB_URBAN,STREET,8,23.0
165368,1,6,110,1,3,50.0,0,I,MELB_URBAN,STREET,8,19.0
165369,1,6,110,1,1,50.0,0,I,LARGE_PROVINCIAL_CITIES,STREET,8,11.0
165370,1,6,111,2,1,50.0,0,N,UNKNOWN,UNKNOWN,8,17.0
165371,1,0,111,2,2,50.0,0,I,MELB_URBAN,STREET,8,18.0
165372,6,6,174,5,3,80.0,0,N,MELB_URBAN,FREEWAY,8,19.0
165373,1,7,181,5,5,110.0,0,N,UNKNOWN,FREEWAY,8,21.0
165374,1,2,130,5,2,60.0,0,N,MELB_URBAN,RAMP,8,7.0
165375,1,7,111,1,3,80.0,0,I,MELB_URBAN,AVENUE,8,6.0
165376,6,6,170,5,5,60.0,0,N,RURAL_VICTORIA,ROAD,8,2.0
165377,4,6,171,5,1,60.0,0,N,UNKNOWN,ROAD,8,8.0
165378,6,7,170,5,2,100.0,0,N,MELB_URBAN,FREEWAY,8,6.0
165379,4,7,171,5,1,60.0,0,N,MELB_URBAN,ROAD,8,7.0
165380,2,7,99,5,1,50.0,0,N,MELB_URBAN,STREET,8,9.0
165381,1,3,111,2,2,80.0,0,I,MELB_URBAN,ROAD,6,18.0
165382,2,5,99,5,1,60.0,0,N,UNKNOWN,ROAD,8,16.0
165383,1,3,130,5,1,60.0,0,N,MELB_URBAN,OTHER,8,14.0
165384,4,6,171,5,1,50.0,0,N,UNKNOWN,UNKNOWN,8,9.0
165385,2,6,99,2,6,60.0,0,I,MELB_URBAN,STREET,8,3.0
165386,1,7,113,2,1,80.0,0,I,SMALL_TOWNS,ROAD,8,10.0
165387,1,5,99,1,1,70.0,0,N,UNKNOWN,ROAD,8,8.0
165388,2,5,100,5,9,50.0,0,N,TOWNS,STREET,8,3.0
165389,8,7,174,5,1,100.0,0,N,RURAL_VICTORIA,HIGHWAY,8,11.0
165390,4,7,173,5,1,110.0,0,N,RURAL_VICTORIA,FREEWAY,8,13.0
165391,1,6,135,2,1,40.0,0,N,UNKNOWN,STREET,8,11.0
165392,4,7,173,5,1,80.0,0,N,RURAL_VICTORIA,ROAD,8,11.0
165393,6,7,99,5,1,100.0,0,N,RURAL_VICTORIA,ROAD,8,12.0
165394,1,7,110,1,1,100.0,0,I,RURAL_VICTORIA,ROAD,8,11.0
165395,1,2,110,1,1,60.0,0,I,LARGE_PROVINCIAL_CITIES,STREET,8,16.0
165396,1,1,130,5,1,60.0,0,N,MELB_URBAN,ROAD,6,12.0
165397,1,6,130,1,1,40.0,0,I,MELB_URBAN,STREET,8,9.0
165398,1,7,130,2,1,50.0,0,N,MELB_URBAN,STREET,8,13.0
165399,1,7,110,1,1,60.0,0,N,LARGE_PROVINCIAL_CITIES,STREET,8,15.0
165400,8,7,99,5,1,100.0,0,N,UNKNOWN,ROAD,8,15.0
165401,1,6,163,5,3,40.0,0,N,UNKNOWN,STREET,8,22.0
165402,1,6,130,5,2,70.0,0,N,MELB_URBAN,ROAD,8,9.0
165403,1,3,121,1,1,60.0,0,N,MELB_URBAN,ROAD,8,10.0
165404,1,3,130,1,3,40.0,0,I,RURAL_VICTORIA,ROAD,8,19.0
165405,1,7,99,1,3,40.0,0,I,MELBOURNE_CBD,STREET,8,21.0
165406,1,7,99,1,3,60.0,0,I,MELB_URBAN,STREET,8,22.0
165407,4,6,99,2,3,50.0,0,I,MELB_URBAN,AVENUE,8,22.0
165408,2,1,99,5,3,40.0,0,N,MELB_URBAN,STREET,8,2.0
165409,4,0,183,5,6,60.0,0,N,MELB_URBAN,STREET,8,0.0
165410,4,6,173,5,1,60.0,0,N,UNKNOWN,ROAD,8,12.0
165411,1,1,111,1,2,60.0,0,I,MELB_URBAN,ROAD,8,5.0
165412,8,1,174,2,1,100.0,0,N,RURAL_VICTORIA,ROAD,8,9.0
165413,4,0,173,5,1,60.0,0,N,MELB_URBAN,HIGHWAY,8,10.0
165414,1,1,99,2,1,70.0,0,I,MELB_URBAN,ROAD,8,12.0
165415,1,1,173,5,2,60.0,0,N,MELB_URBAN,OTHER,8,6.0
165416,5,1,99,5,1,100.0,0,N,RURAL_VICTORIA,ROAD,8,12.0
165417,1,0,99,5,1,60.0,0,N,UNKNOWN,ROAD,8,11.0
165418,4,0,173,5,1,50.0,0,N,MELB_URBAN,ROAD,8,10.0
165419,1,1,110,1,1,60.0,0,I,LARGE_PROVINCIAL_CITIES,STREET,8,12.0
165420,1,1,111,1,1,80.0,0,N,RURAL_VICTORIA,ROAD,8,10.0
165421,1,1,121,5,1,80.0,0,I,RURAL_VICTORIA,ROAD,8,12.0
165422,1,1,121,1,2,70.0,0,I,MELB_URBAN,ROAD,8,7.0
165423,1,0,130,5,1,80.0,0,N,SMALL_CITIES,DRIVE,8,13.0
165424,1,5,147,5,3,60.0,0,N,MELB_URBAN,STREET,8,18.0
165425,8,1,99,5,1,60.0,0,N,MELB_URBAN,ROAD,8,12.0
165426,1,2,130,5,2,80.0,0,N,MELB_URBAN,HIGHWAY,8,17.0
165427,6,7,99,5,5,50.0,0,N,RURAL_VICTORIA,STREET,8,23.0
165428,1,0,140,5,1,60.0,0,N,MELB_URBAN,STREET,8,15.0
165429,1,0,160,5,1,60.0,0,N,MELB_URBAN,ROAD,8,15.0
165430,1,1,99,5,1,50.0,0,N,SMALL_CITIES,DRIVE,8,16.0
165431,1,1,121,5,2,60.0,0,N,SMALL_CITIES,ROAD,8,16.0
165432,1,1,116,1,1,50.0,0,I,LARGE_PROVINCIAL_CITIES,STREET,8,15.0
165433,1,5,130,5,1,60.0,0,N,SMALL_CITIES,STREET,8,15.0
165434,1,0,130,5,1,60.0,0,N,RURAL_VICTORIA,ROAD,8,16.0
165435,8,1,99,5,1,100.0,0,N,UNKNOWN,RAMP,8,17.0
165436,1,1,111,1,2,50.0,0,I,MELB_URBAN,STREET,8,17.0
165437,1,1,130,5,1,60.0,0,N,SMALL_CITIES,STREET,8,15.0
165438,8,0,99,2,1,50.0,0,I,SMALL_CITIES,STREET,8,11.0
165439,1,0,121,5,1,60.0,0,N,TOWNS,ROAD,8,16.0
165440,1,1,130,5,3,50.0,0,N,SMALL_CITIES,AVENUE,8,18.0
165441,4,0,173,5,5,90.0,0,N,RURAL_VICTORIA,HIGHWAY,8,19.0
165442,1,1,120,5,1,100.0,1,N,RURAL_VICTORIA,HIGHWAY,8,16.0
165443,1,3,130,5,1,60.0,0,N,MELB_URBAN,PARADE,9,11.0
165444,1,0,110,1,3,50.0,0,I,RURAL_VICTORIA,BOULEVARD,8,20.0
165445,1,1,134,1,3,60.0,0,I,MELB_URBAN,STREET,8,19.0
165446,1,1,113,2,3,80.0,0,N,MELB_URBAN,HIGHWAY,8,19.0
165447,1,0,121,1,2,40.0,0,I,MELB_URBAN,STREET,8,16.0
165448,1,0,110,1,3,60.0,0,I,MELB_URBAN,ROAD,8,22.0
165449,1,0,160,5,5,50.0,0,N,MELB_URBAN,AVENUE,8,23.0
165450,1,2,135,5,3,80.0,0,N,MELB_URBAN,OTHER,8,5.0
165451,5,1,99,5,1,100.0,0,N,RURAL_VICTORIA,OTHER,8,15.0
165452,6,3,99,5,5,100.0,0,N,RURAL_VICTORIA,ROAD,8,21.0
165453,1,6,120,5,3,60.0,0,N,MELB_URBAN,STREET,8,21.0
165454,1,2,133,5,2,100.0,0,N,RURAL_VICTORIA,RAMP,8,6.0
165455,1,3,110,1,6,60.0,0,I,SMALL_CITIES,ROAD,8,6.0
165456,4,1,99,5,1,60.0,0,N,MELB_URBAN,ROAD,7,12.0
165457,6,5,184,5,1,60.0,0,N,RURAL_VICTORIA,ROAD,8,13.0
165458,1,3,130,5,2,60.0,0,N,MELB_URBAN,ROAD,8,8.0
165459,2,6,99,5,1,60.0,0,N,UNKNOWN,ROAD,8,11.0
165460,1,3,130,5,1,80.0,0,N,MELB_URBAN,ROAD,8,15.0
165461,1,2,113,2,1,80.0,0,I,RURAL_VICTORIA,HIGHWAY,8,7.0
165462,1,2,99,5,1,50.0,0,N,LARGE_PROVINCIAL_CITIES,STREET,8,7.0
165463,1,2,99,2,1,80.0,0,I,UNKNOWN,UNKNOWN,8,10.0
165464,2,1,99,5,2,50.0,0,N,MELB_URBAN,ROAD,8,6.0
165465,1,2,130,1,1,60.0,0,N,UNKNOWN,STREET,8,10.0
165466,1,1,110,1,1,60.0,0,I,MELB_URBAN,ROAD,8,11.0
165467,1,6,130,5,1,100.0,0,N,MELB_URBAN,ROAD,8,15.0
165468,1,5,134,5,2,60.0,0,N,MELB_URBAN,OTHER,8,17.0
165469,1,3,130,5,1,60.0,0,N,LARGE_PROVINCIAL_CITIES,HIGHWAY,3,16.0
165470,5,5,99,5,6,60.0,0,N,MELB_URBAN,ROAD,8,21.0