,accident_type,day_of_week,dca_code,road_geometry,light_condition,speed_zone,severity,node_type,deg_urban_name,road_type,month,hour
165471,1,5,130,5,9,100.0,0,N,MELB_URBAN,FREEWAY,8,16.0
165472,5,7,99,5,1,60.0,0,N,UNKNOWN,ROAD,8,10.0
165473,1,1,110,1,1,60.0,0,I,SMALL_CITIES,ROAD,8,13.0
165474,4,2,99,5,1,40.0,0,N,UNKNOWN,STREET,8,12.0
165475,1,1,110,1,1,100.0,0,I,RURAL_VICTORIA,ROAD,8,12.0
165476,1,2,99,5,1,40.0,0,N,MELBOURNE_CBD,STREET,8,9.0
165477,1,1,130,5,1,80.0,0,N,MELB_URBAN,HIGHWAY,8,8.0
165478,2,2,102,5,1,60.0,0,N,LARGE_PROVINCIAL_CITIES,HIGHWAY,8,11.0
165479,1,2,121,2,1,50.0,0,I,MELB_URBAN,BOULEVARD,8,10.0
165480,1,2,113,1,1,60.0,0,I,MELB_URBAN,STREET,8,10.0
165481,1,5,130,5,1,70.0,0,N,LARGE_PROVINCIAL_CITIES,HIGHWAY,8,13.0
165482,1,6,121,2,3,60.0,0,I,MELB_URBAN,STREET,7,18.0
165483,6,4,99,5,2,100.0,0,N,UNKNOWN,HIGHWAY,7,16.0
165484,1,2,110,1,1,50.0,0,I,MELB_URBAN,AVENUE,8,13.0
165485,1,2,121,5,1,60.0,0,N,MELB_URBAN,ROAD,8,16.0
165486,4,5,171,5,1,100.0,0,N,RURAL_VICTORIA,ROAD,8,15.0
165487,1,2,121,1,1,60.0,0,N,MELB_URBAN,ROAD,8,14.0
165488,1,1,113,2,1,100.0,0,I,RURAL_VICTORIA,HIGHWAY,8,13.0
165489,2,2,100,2,1,50.0,0,N,UNKNOWN,DRIVE,8,16.0
165490,2,1,100,5,1,50.0,0,N,SMALL_CITIES,OTHER,8,15.0
165491,1,1,113,1,1,60.0,0,I,MELB_URBAN,STREET,8,15.0
165492,2,1,100,1,1,60.0,0,I,MELB_URBAN,ROAD,8,15.0
165493,6,2,174,5,3,60.0,0,N,MELB_URBAN,ROAD,8,5.0
165494,2,1,102,5,3,60.0,0,N,RURAL_VICTORIA,OTHER,8,18.0
165495,1,2,113,2,2,80.0,0,I,MELB_URBAN,STREET,8,16.0
165496,1,4,130,1,3,60.0,0,I,MELB_URBAN,DRIVE,7,18.0
165497,3,2,167,5,2,100.0,0,N,RURAL_VICTORIA,ROAD,8,17.0
165498,2,2,102,1,3,70.0,0,I,MELB_URBAN,DRIVE,8,18.0
165499,1,1,130,5,1,80.0,0,N,MELB_URBAN,OTHER,8,15.0
165500,1,1,99,1,3,40.0,0,N,MELBOURNE_CBD,OTHER,8,19.0
165501,1,2,130,1,2,80.0,0,I,MELB_URBAN,HIGHWAY,8,17.0
165502,1,3,120,5,2,80.0,0,N,RURAL_VICTORIA,ROAD,8,17.0
165503,1,2,121,1,3,60.0,0,I,MELB_URBAN,STREET,8,23.0
165504,1,2,110,1,3,60.0,0,I,MELB_URBAN,STREET,8,23.0
165505,4,3,99,1,3,60.0,0,N,UNKNOWN,STREET,8,1.0
165506,1,7,130,5,2,80.0,0,N,MELB_URBAN,FREEWAY,8,16.0
165507,1,4,110,1,1,50.0,0,I,SMALL_CITIES,STREET,7,15.0
165508,4,3,173,5,2,70.0,0,N,MELB_URBAN,ROAD,8,6.0
165509,1,2,121,1,2,60.0,0,N,MELB_URBAN,STREET,8,6.0
165510,2,3,100,2,1,50.0,0,N,SMALL_CITIES,STREET,8,8.0
165511,1,3,99,2,1,60.0,0,I,MELB_URBAN,PARADE,8,8.0
165512,1,3,147,5,1,50.0,0,N,MELB_URBAN,DRIVE,8,8.0
165513,1,2,110,1,1,80.0,0,I,SMALL_CITIES,ROAD,8,9.0
165514,5,2,99,5,5,100.0,0,N,RURAL_VICTORIA,HIGHWAY,8,22.0
165515,1,3,130,5,2,60.0,0,N,MELB_URBAN,ROAD,8,8.0
165516,1,3,130,5,1,80.0,0,N,RURAL_VICTORIA,ROAD,8,7.0
165517,1,6,121,1,3,60.0,0,N,MELB_URBAN,ROAD,8,22.0
165518,5,3,171,2,1,60.0,0,I,MELB_URBAN,FREEWAY,8,10.0
165519,1,4,113,1,1,80.0,0,I,SMALL_CITIES,HIGHWAY,8,12.0
165520,2,2,102,1,1,80.0,0,N,MELB_URBAN,ROAD,8,7.0
165521,1,2,110,1,1,50.0,0,I,LARGE_PROVINCIAL_CITIES,DRIVE,8,13.0
165522,4,3,171,2,1,50.0,0,I,UNKNOWN,OTHER,8,13.0
165523,2,3,100,2,1,50.0,0,I,MELB_URBAN,UNKNOWN,8,14.0
165524,1,3,110,1,1,100.0,0,I,RURAL_VICTORIA,HIGHWAY,8,13.0
165525,1,1,130,5,1,80.0,0,N,MELB_URBAN,ROAD,8,12.0
165526,1,6,130,1,2,60.0,0,N,MELB_URBAN,ROAD,8,17.0
165527,1,4,130,1,3,80.0,0,I,MELB_URBAN,HIGHWAY,8,20.0
165528,4,3,171,5,2,100.0,0,I,RURAL_VICTORIA,FREEWAY,8,5.0
165529,1,1,130,5,9,60.0,0,N,MELB_URBAN,FREEWAY,8,16.0
165530,1,2,121,5,1,60.0,0,N,UNKNOWN,ROAD,8,15.0
165531,2,2,100,1,1,50.0,0,N,MELB_URBAN,STREET,8,12.0
165532,1,3,130,5,1,100.0,0,N,MELB_URBAN,FREEWAY,8,16.0
165533,2,3,100,1,1,60.0,0,I,MELB_URBAN,ROAD,8,13.0
165534,1,4,130,1,1,80.0,0,I,MELB_URBAN,ROAD,4,14.0
165535,1,2,120,5,1,60.0,0,N,RURAL_VICTORIA,ROAD,8,16.0
165536,1,0,134,2,6,60.0,0,I,MELB_URBAN,ROAD,8,22.0
165537,1,2,130,3,9,100.0,0,N,MELB_URBAN,FREEWAY,8,15.0
165538,1,2,110,1,3,50.0,0,I,TOWNS,STREET,8,20.0
165539,4,3,171,5,1,60.0,0,N,MELB_URBAN,DRIVE,8,16.0
165540,8,3,174,2,3,50.0,0,I,MELB_URBAN,DRIVE,8,20.0
165541,1,3,99,5,1,50.0,0,N,MELB_URBAN,ROAD,8,15.0
165542,1,2,133,5,3,60.0,0,N,UNKNOWN,ROAD,8,21.0
165543,1,2,110,1,1,80.0,0,I,MELB_URBAN,DRIVE,8,17.0
165544,1,2,113,2,2,60.0,0,I,MELB_URBAN,ROAD,8,18.0
165545,4,3,171,2,3,50.0,0,N,UNKNOWN,ROAD,8,21.0
165546,1,3,99,5,1,100.0,0,N,UNKNOWN,ROAD,8,8.0
165547,4,4,183,5,5,100.0,1,N,MELB_URBAN,FREEWAY,8,0.0
165548,1,6,130,5,1,80.0,0,N,MELB_URBAN,RAMP,8,10.0
165549,1,4,121,2,1,60.0,0,I,MELB_URBAN,ROAD,8,6.0
165550,4,4,183,5,3,50.0,0,I,UNKNOWN,DRIVE,8,1.0
165551,1,4,121,1,2,50.0,0,I,LARGE_PROVINCIAL_CITIES,STREET,8,7.0
165552,1,3,121,1,1,60.0,0,N,MELB_URBAN,ROAD,8,6.0
165553,1,2,110,1,3,50.0,0,I,LARGE_PROVINCIAL_CITIES,OTHER,8,18.0
165554,1,3,121,2,2,50.0,0,I,MELB_URBAN,STREET,8,8.0
165555,4,4,171,5,2,100.0,0,N,RURAL_VICTORIA,HIGHWAY,8,5.0
165556,1,3,140,5,1,60.0,0,N,RURAL_VICTORIA,ROAD,8,8.0
165557,1,4,121,1,2,60.0,0,I,MELB_URBAN,ROAD,8,8.0
165558,1,4,113,2,1,60.0,0,I,SMALL_CITIES,STREET,8,10.0
165559,4,6,99,5,5,100.0,0,N,RURAL_VICTORIA,ROAD,8,4.0
165560,4,3,171,5,1,100.0,0,N,RURAL_VICTORIA,ROAD,8,8.0
165561,1,4,113,1,1,60.0,0,I,LARGE_PROVINCIAL_CITIES,STREET,8,10.0
165562,1,4,99,5,1,60.0,0,N,UNKNOWN,ROAD,8,8.0
165563,8,1,99,5,1,80.0,0,N,UNKNOWN,ROAD,8,10.0
165564,1,6,130,1,3,80.0,0,I,MELB_URBAN,ROAD,8,18.0
165565,4,4,183,5,1,100.0,0,N,RURAL_VICTORIA,ROAD,8,12.0
165566,7,7,99,5,3,50.0,0,N,UNKNOWN,STREET,8,2.0
165567,7,1,99,5,3,60.0,0,N,MELB_URBAN,ROAD,8,19.0
165568,1,2,110,1,1,100.0,0,I,RURAL_VICTORIA,HIGHWAY,7,14.0
165569,4,1,173,5,1,100.0,0,N,RURAL_VICTORIA,HIGHWAY,7,8.0
165570,2,4,102,5,1,40.0,0,N,MELB_URBAN,STREET,8,14.0
165571,4,4,171,5,1,80.0,0,N,UNKNOWN,HIGHWAY,8,15.0
165572,8,1,99,5,1,60.0,0,N,RURAL_VICTORIA,ROAD,8,9.0
165573,1,4,140,5,1,60.0,0,N,MELB_URBAN,ROAD,8,14.0
165574,6,4,174,5,1,100.0,0,N,RURAL_VICTORIA,ROAD,8,15.0
165575,1,4,113,2,1,60.0,0,I,RURAL_VICTORIA,ROAD,8,15.0
165576,2,5,99,1,1,60.0,0,I,MELB_URBAN,ROAD,3,12.0
165577,1,3,133,1,2,70.0,0,N,MELB_URBAN,ROAD,8,17.0
165578,1,1,132,5,1,50.0,0,N,MELB_URBAN,ROAD,8,16.0
165579,1,3,130,2,6,70.0,0,N,LARGE_PROVINCIAL_CITIES,OTHER,8,20.0
165580,1,4,113,2,1,60.0,0,I,LARGE_PROVINCIAL_CITIES,STREET,8,17.0
165581,1,4,130,5,1,100.0,0,N,MELB_URBAN,ROAD,8,14.0
165582,1,1,147,5,1,80.0,0,N,MELB_URBAN,ROAD,8,16.0
165583,6,7,99,5,1,60.0,0,N,RURAL_VICTORIA,ROAD,8,10.0
165584,1,5,130,5,2,80.0,0,N,MELB_URBAN,ROAD,8,5.0
165585,1,3,110,1,5,80.0,0,I,SMALL_CITIES,HIGHWAY,8,19.0
165586,1,7,113,2,3,50.0,0,I,MELB_URBAN,OTHER,8,19.0
165587,1,3,99,2,1,80.0,0,I,RURAL_VICTORIA,ROAD,8,9.0
165588,1,4,121,1,3,60.0,0,I,MELB_URBAN,ROAD,8,21.0
165589,1,4,110,1,3,60.0,0,I,TOWNS,STREET,8,20.0
165590,2,4,99,5,5,100.0,1,N,RURAL_VICTORIA,ROAD,8,19.0
165591,1,4,160,2,1,60.0,0,I,MELB_URBAN,STREET,8,9.0
165592,7,4,99,1,1,40.0,0,I,MELB_URBAN,STREET,8,16.0
165593,1,4,130,1,3,60.0,0,I,MELB_URBAN,STREET,8,22.0
165594,1,4,130,5,1,60.0,0,N,LARGE_PROVINCIAL_CITIES,ROAD,8,10.0
165595,1,4,110,1,3,70.0,0,I,MELB_URBAN,ROAD,8,22.0
165596,1,4,121,2,2,60.0,0,I,MELB_URBAN,UNKNOWN,8,18.0
165597,1,5,121,1,1,60.0,0,I,MELB_URBAN,STREET,8,8.0
165598,1,3,110,1,1,80.0,0,I,MELB_URBAN,ROAD,8,15.0
165599,1,5,110,1,1,60.0,0,I,SMALL_CITIES,STREET,8,8.0
165600,1,3,99,1,3,60.0,0,I,MELB_URBAN,ROAD,8,6.0
165601,1,4,121,1,2,60.0,0,N,MELB_URBAN,ROAD,8,9.0
165602,1,1,130,5,1,80.0,0,N,MELB_URBAN,ROAD,8,15.0
165603,1,4,110,1,1,60.0,0,I,MELB_URBAN,ROAD,8,9.0
165604,1,4,110,1,1,60.0,0,I,SMALL_CITIES,STREET,8,13.0
165605,1,4,130,2,1,60.0,0,I,MELB_URBAN,ROAD,8,12.0
165606,4,4,173,5,1,80.0,0,N,MELB_URBAN,OTHER,8,9.0
165607,1,4,140,5,1,40.0,0,N,LARGE_PROVINCIAL_CITIES,STREET,8,12.0
165608,1,4,140,2,1,80.0,0,I,MELB_URBAN,ROAD,8,12.0
165609,1,5,121,5,1,50.0,0,N,TOWNS,STREET,8,10.0
165610,1,4,110,1,1,50.0,0,I,MELB_URBAN,STREET,8,13.0
165611,6,5,174,1,1,40.0,0,N,MELB_URBAN,STREET,8,14.0
165612,6,5,99,5,1,100.0,0,N,RURAL_VICTORIA,ROAD,8,13.0
165613,1,7,132,5,2,60.0,0,N,SMALL_TOWNS,HIGHWAY,3,9.0
165614,1,2,121,1,1,60.0,0,I,TOWNS,ROAD,8,14.0
165615,1,5,120,5,1,60.0,0,N,MELB_URBAN,ROAD,8,13.0
165616,1,5,132,5,1,70.0,0,N,UNKNOWN,HIGHWAY,8,14.0
165617,1,4,99,2,1,50.0,0,I,MELB_URBAN,BOULEVARD,8,15.0
165618,2,4,100,5,1,40.0,0,N,SMALL_CITIES,STREET,8,15.0
165619,1,5,121,5,2,80.0,0,N,MELB_URBAN,ROAD,8,17.0
165620,1,5,120,5,3,60.0,0,N,MELB_URBAN,ROAD,8,17.0
165621,1,5,133,5,1,60.0,0,N,MELB_URBAN,ROAD,8,17.0
165622,1,5,110,1,1,110.0,1,I,RURAL_VICTORIA,FREEWAY,8,10.0
165623,1,3,134,5,1,40.0,0,N,MELB_URBAN,STREET,8,16.0
165624,3,4,167,5,1,100.0,0,N,RURAL_VICTORIA,ROAD,8,6.0
165625,1,5,121,5,2,60.0,0,N,MELB_URBAN,ROAD,8,18.0
165626,1,5,130,5,2,60.0,0,N,MELB_URBAN,STREET,8,17.0
165627,1,5,130,2,2,60.0,0,I,SMALL_CITIES,ROAD,8,17.0
165628,1,2,121,2,6,60.0,0,I,MELB_URBAN,ROAD,8,20.0
165629,1,5,130,5,3,80.0,0,N,MELB_URBAN,OTHER,8,18.0
165630,1,4,130,5,5,110.0,0,N,RURAL_VICTORIA,FREEWAY,8,19.0
165631,1,5,135,5,5,110.0,0,N,UNKNOWN,FREEWAY,8,18.0
165632,1,0,160,5,1,60.0,0,N,MELB_URBAN,ROAD,8,15.0
165633,1,5,120,5,1,100.0,0,N,RURAL_VICTORIA,HIGHWAY,8,15.0
165634,1,4,130,5,2,60.0,0,N,MELB_URBAN,ROAD,8,8.0
165635,1,5,113,2,3,50.0,0,I,MELB_URBAN,STREET,8,22.0
165636,4,5,183,5,5,100.0,0,N,RURAL_VICTORIA,ROAD,8,19.0
165637,1,1,113,2,1,60.0,0,I,MELB_URBAN,ROAD,8,14.0
165638,1,5,130,5,1,60.0,0,N,MELB_URBAN,DRIVE,8,15.0
165639,1,5,99,2,2,80.0,0,I,MELB_URBAN,HIGHWAY,8,17.0
165640,4,7,99,5,1,100.0,0,N,RURAL_VICTORIA,ROAD,7,14.0
165641,1,6,160,5,1,40.0,0,N,LARGE_PROVINCIAL_CITIES,AVENUE,9,9.0
165642,1,6,116,2,1,60.0,0,N,UNKNOWN,ROAD,9,8.0
165643,4,6,181,5,5,100.0,0,N,UNKNOWN,HIGHWAY,9,1.0
165644,8,7,170,5,1,100.0,0,N,RURAL_VICTORIA,OTHER,7,14.0
165645,1,5,160,5,1,50.0,0,N,TOWNS,DRIVE,9,11.0
165646,1,6,130,5,1,80.0,0,N,UNKNOWN,HIGHWAY,9,8.0
165647,1,6,99,2,1,50.0,0,N,MELB_URBAN,OTHER,9,11.0
165648,1,4,135,2,9,60.0,0,I,MELB_URBAN,ROAD,7,9.0
165649,1,6,113,2,1,80.0,0,N,MELB_URBAN,DRIVE,9,12.0
165650,1,7,99,2,3,60.0,0,I,MELB_URBAN,ROAD,7,20.0
165651,1,6,130,5,1,60.0,0,N,MELB_URBAN,RAMP,9,12.0
165652,4,5,171,5,1,100.0,0,N,UNKNOWN,ROAD,9,12.0
165653,1,2,113,2,1,60.0,0,I,SMALL_CITIES,DRIVE,7,9.0
165654,1,3,121,2,1,60.0,0,I,MELB_URBAN,ROAD,8,17.0
165655,2,5,100,2,1,60.0,0,I,MELB_URBAN,ROAD,9,9.0
165656,1,0,130,5,2,60.0,0,N,MELB_URBAN,HIGHWAY,6,17.0
165657,1,3,130,1,3,60.0,0,I,RURAL_VICTORIA,ROAD,8,21.0
165658,6,6,170,5,1,100.0,0,N,RURAL_VICTORIA,ROAD,9,12.0
165659,1,4,130,5,1,80.0,0,N,MELB_URBAN,FREEWAY,8,17.0
165660,1,2,99,5,1,80.0,0,N,MELB_URBAN,ROAD,8,15.0
165661,1,5,130,5,1,60.0,0,N,MELB_URBAN,ROAD,8,12.0
165662,1,6,111,2,1,40.0,0,I,MELB_URBAN,ROAD,9,16.0
165663,1,6,99,2,1,50.0,0,I,UNKNOWN,OTHER,9,16.0
165664,1,5,99,2,1,80.0,0,I,MELB_URBAN,ROAD,9,16.0
165665,1,6,140,2,1,60.0,0,N,TOWNS,OTHER,9,13.0
165666,1,6,130,5,2,70.0,0,N,MELB_URBAN,ROAD,9,16.0
165667,1,3,130,5,1,40.0,0,N,MELB_URBAN,UNKNOWN,8,9.0
165668,1,5,140,2,3,40.0,0,N,MELB_URBAN,ROAD,9,18.0
165669,9,4,99,1,9,60.0,0,I,MELB_URBAN,PARADE,8,15.0
165670,1,6,130,5,2,60.0,0,N,MELB_URBAN,ROAD,9,17.0
165671,2,6,102,1,1,60.0,0,I,MELB_URBAN,STREET,9,15.0
165672,1,6,110,1,2,50.0,0,I,MELB_URBAN,STREET,9,18.0
165673,6,6,174,5,2,60.0,0,N,UNKNOWN,ROAD,9,17.0
165674,1,6,110,1,3,60.0,0,I,MELB_URBAN,ROAD,9,19.0
165675,1,6,120,5,1,40.0,0,N,MELB_URBAN,ROAD,9,14.0
165676,8,1,99,5,1,50.0,0,N,MELB_URBAN,DRIVE,8,17.0
165677,6,6,174,5,1,100.0,0,I,MELB_URBAN,FREEWAY,9,15.0
165678,1,5,121,1,3,80.0,0,I,MELB_URBAN,ROAD,9,18.0
165679,1,6,121,2,3,60.0,0,I,MELB_URBAN,ROAD,9,20.0
165680,4,6,171,5,3,60.0,0,N,UNKNOWN,PARADE,9,19.0
165681,4,6,181,5,5,100.0,0,N,RURAL_VICTORIA,ROAD,9,22.0
165682,4,5,171,5,3,80.0,0,N,MELB_URBAN,DRIVE,9,22.0
165683,1,5,163,5,9,60.0,0,N,MELB_URBAN,ROAD,8,8.0
165684,1,1,121,1,2,40.0,0,I,MELB_URBAN,STREET,8,16.0
165685,1,5,130,5,1,60.0,0,N,MELB_URBAN,ROAD,8,13.0
165686,4,7,171,2,1,50.0,0,I,UNKNOWN,DRIVE,9,8.0
165687,1,7,121,1,1,80.0,0,I,MELB_URBAN,ROAD,9,9.0
165688,1,7,111,1,1,40.0,0,N,MELB_URBAN,STREET,9,10.0
165689,1,0,130,2,1,80.0,0,I,MELB_URBAN,ROAD,8,11.0
165690,1,3,130,5,3,80.0,0,N,MELB_URBAN,ROAD,8,22.0
165691,1,7,130,5,1,70.0,0,N,LARGE_PROVINCIAL_CITIES,ROAD,9,12.0
165692,1,3,99,5,2,60.0,0,N,UNKNOWN,STREET,8,7.0
165693,1,7,113,2,1,60.0,0,N,UNKNOWN,STREET,9,13.0
165694,1,7,121,1,1,60.0,0,I,MELB_URBAN,ROAD,9,13.0
165695,1,7,121,2,1,60.0,0,I,MELB_URBAN,ROAD,9,13.0
165696,6,6,99,5,1,70.0,0,N,UNKNOWN,ROAD,9,14.0
165697,1,5,130,5,2,60.0,0,N,MELB_URBAN,ROAD,9,17.0
165698,1,2,130,1,1,60.0,0,N,RURAL_VICTORIA,FREEWAY,8,15.0
165699,1,3,163,5,2,40.0,0,N,MELBOURNE_CBD,STREET,8,17.0
165700,4,6,181,5,1,80.0,0,N,RURAL_VICTORIA,ROAD,9,13.0
165701,1,7,113,2,1,50.0,0,I,SMALL_CITIES,STREET,9,16.0
165702,1,7,113,2,1,80.0,0,I,MELB_URBAN,HIGHWAY,9,14.0
165703,8,1,99,5,1,60.0,0,N,RURAL_VICTORIA,ROAD,8,12.0
165704,4,7,173,1,1,60.0,0,I,MELB_URBAN,STREET,9,17.0
165705,4,7,171,2,1,60.0,0,I,MELB_URBAN,PARADE,9,16.0
165706,1,6,130,2,3,40.0,0,I,MELB_URBAN,STREET,9,19.0
165707,1,6,116,2,1,80.0,0,I,RURAL_VICTORIA,ROAD,9,16.0
165708,1,7,121,1,1,60.0,0,N,MELB_URBAN,PARADE,9,16.0
165709,1,7,121,2,1,60.0,0,I,MELB_URBAN,ROAD,9,14.0
165710,1,6,132,2,1,50.0,0,I,SMALL_CITIES,OTHER,9,15.0
165711,4,6,173,5,1,80.0,0,N,UNKNOWN,ROAD,9,17.0
165712,4,4,181,5,5,100.0,0,N,RURAL_VICTORIA,ROAD,2,3.0
165713,1,0,135,5,3,40.0,0,N,MELBOURNE_CBD,STREET,7,2.0
165714,1,6,110,1,3,40.0,0,I,MELB_URBAN,STREET,9,20.0
165715,1,7,121,2,1,100.0,0,I,RURAL_VICTORIA,RAMP,9,14.0
165716,1,6,99,3,2,100.0,0,I,RURAL_VICTORIA,ROAD,9,16.0
165717,1,7,99,5,3,60.0,0,N,MELB_URBAN,ROAD,9,20.0
165718,1,7,121,5,1,80.0,0,N,MELB_URBAN,STREET,9,15.0
165719,1,7,99,5,3,60.0,0,N,RURAL_VICTORIA,ROAD,9,22.0
165720,1,7,99,1,3,40.0,0,I,MELB_URBAN,ROAD,9,21.0
165721,1,2,130,5,1,80.0,0,N,MELB_URBAN,ROAD,8,15.0
165722,1,2,130,5,1,100.0,0,N,MELB_URBAN,FREEWAY,8,9.0
165723,4,7,181,5,3,60.0,0,N,UNKNOWN,DRIVE,9,23.0
165724,4,1,171,2,5,80.0,1,I,RURAL_VICTORIA,ROAD,9,1.0
165725,1,1,160,5,3,60.0,0,N,UNKNOWN,ROAD,9,1.0
165726,1,7,130,2,3,100.0,0,I,RURAL_VICTORIA,ROAD,9,23.0
165727,1,1,113,2,2,60.0,0,I,MELB_URBAN,ROAD,9,6.0
165728,6,7,99,5,1,80.0,0,N,RURAL_VICTORIA,ROAD,9,13.0
165729,1,7,130,2,6,60.0,0,I,MELB_URBAN,ROAD,9,21.0
165730,6,7,174,1,1,60.0,0,N,RURAL_VICTORIA,STREET,8,10.0
165731,1,3,147,5,1,60.0,0,N,UNKNOWN,STREET,7,13.0
165732,9,1,99,5,1,50.0,0,N,MELB_URBAN,AVENUE,9,10.0
165733,1,1,99,5,1,40.0,0,N,MELB_URBAN,STREET,9,11.0
165734,1,1,121,1,1,70.0,0,I,MELB_URBAN,ROAD,9,11.0
165735,1,1,130,5,1,110.0,0,N,SMALL_CITIES,FREEWAY,9,12.0
165736,4,1,181,5,1,100.0,0,N,RURAL_VICTORIA,ROAD,9,12.0
165737,1,0,110,1,1,60.0,0,N,UNKNOWN,ROAD,9,12.0
165738,2,1,99,5,1,50.0,0,N,UNKNOWN,STREET,9,12.0
165739,6,7,99,5,5,110.0,1,N,RURAL_VICTORIA,FREEWAY,9,20.0
165740,4,1,171,5,1,100.0,0,N,UNKNOWN,ROAD,9,13.0
165741,1,6,130,2,2,60.0,0,N,MELB_URBAN,ROAD,8,18.0
165742,1,1,121,1,1,30.0,0,N,MELB_URBAN,STREET,9,15.0
165743,1,0,111,2,1,40.0,0,I,MELB_URBAN,ROAD,9,15.0
165744,1,1,135,5,1,70.0,0,N,MELB_URBAN,ROAD,9,15.0
165745,1,0,120,2,1,60.0,0,I,MELB_URBAN,ROAD,9,15.0
165746,1,0,110,1,1,60.0,0,I,TOWNS,STREET,9,17.0
165747,7,1,99,5,1,80.0,0,N,RURAL_VICTORIA,ROAD,9,17.0
165748,1,1,121,1,2,80.0,0,I,MELB_URBAN,ROAD,9,19.0
165749,1,1,99,5,1,100.0,0,N,RURAL_VICTORIA,HIGHWAY,9,17.0
165750,4,1,99,5,1,60.0,0,N,RURAL_VICTORIA,ROAD,9,17.0
165751,1,1,130,5,1,100.0,0,N,MELB_URBAN,FREEWAY,9,16.0
165752,1,5,130,1,1,70.0,0,I,MELB_URBAN,ROAD,8,16.0
165753,2,0,99,2,3,70.0,0,N,MELB_URBAN,ROAD,9,23.0
165754,1,1,120,5,2,80.0,1,N,RURAL_VICTORIA,ROAD,9,18.0
165755,2,2,99,2,3,60.0,0,I,MELB_URBAN,ROAD,9,0.0
165756,2,4,99,5,1,60.0,0,N,MELB_URBAN,ROAD,8,11.0
165757,1,2,132,2,5,60.0,0,I,TOWNS,STREET,9,5.0
165758,1,1,121,2,2,80.0,0,I,MELB_URBAN,ROAD,9,6.0
165759,4,2,181,5,2,80.0,0,N,SMALL_TOWNS,STREET,9,6.0
165760,1,2,116,2,1,60.0,0,N,MELB_URBAN,ROAD,9,7.0
165761,2,2,100,5,1,50.0,0,N,UNKNOWN,STREET,9,8.0
165762,4,2,99,2,1,100.0,0,I,RURAL_VICTORIA,ROAD,9,7.0
165763,4,1,173,5,2,60.0,0,N,MELB_URBAN,ROAD,9,6.0
165764,1,2,134,5,1,60.0,0,N,MELB_URBAN,PARADE,9,8.0
165765,1,2,130,5,2,100.0,0,N,SMALL_CITIES,FREEWAY,9,8.0
165766,1,2,99,5,1,60.0,0,N,MELB_URBAN,ROAD,9,9.0
165767,1,2,135,5,1,110.0,0,N,RURAL_VICTORIA,FREEWAY,8,10.0
165768,2,2,100,2,1,70.0,0,N,MELB_URBAN,ROAD,9,10.0
165769,1,5,160,5,2,60.0,0,N,MELB_URBAN,STREET,8,17.0
165770,1,1,130,5,1,80.0,0,N,RURAL_VICTORIA,ROAD,9,12.0
165771,1,3,133,5,1,100.0,0,N,MELB_URBAN,ROAD,8,16.0
165772,1,1,130,2,1,70.0,0,I,MELB_URBAN,ROAD,9,8.0
165773,1,3,130,5,1,100.0,0,N,MELB_URBAN,FREEWAY,8,14.0
165774,1,0,113,2,1,60.0,0,I,MELB_URBAN,ROAD,9,14.0
165775,1,6,110,1,2,60.0,0,I,MELB_URBAN,ROAD,8,6.0
165776,6,7,99,1,1,60.0,0,N,UNKNOWN,ROAD,9,11.0
165777,1,1,171,5,1,60.0,0,N,MELB_URBAN,AVENUE,9,13.0
165778,1,6,130,1,3,60.0,0,N,LARGE_PROVINCIAL_CITIES,STREET,8,21.0
165779,1,2,121,1,1,60.0,0,I,LARGE_PROVINCIAL_CITIES,ROAD,9,14.0
165780,3,3,167,5,5,80.0,0,N,RURAL_VICTORIA,ROAD,8,18.0
165781,1,6,130,5,3,60.0,0,N,MELB_URBAN,ROAD,9,20.0
165782,2,2,100,1,1,80.0,0,I,MELB_URBAN,HIGHWAY,9,16.0
165783,1,2,99,2,1,100.0,0,I,RURAL_VICTORIA,ROAD,9,15.0
165784,7,3,99,5,1,60.0,0,N,UNKNOWN,STREET,8,8.0
165785,7,2,99,5,1,60.0,0,N,MELB_URBAN,ROAD,9,15.0
165786,1,4,113,2,1,80.0,0,I,MELB_URBAN,ROAD,8,11.0
165787,1,6,130,5,2,60.0,0,N,LARGE_PROVINCIAL_CITIES,ROAD,9,17.0
165788,1,1,130,1,1,50.0,0,I,MELB_URBAN,DRIVE,9,14.0
165789,1,2,113,1,3,60.0,0,I,MELB_URBAN,STREET,9,20.0
165790,4,3,173,5,5,60.0,0,N,MELB_URBAN,ROAD,8,21.0
165791,4,1,173,5,3,80.0,0,N,MELB_URBAN,OTHER,9,21.0
165792,2,2,100,5,6,50.0,0,N,MELB_URBAN,DRIVE,9,21.0
165793,1,7,130,5,3,60.0,0,N,MELB_URBAN,ROAD,8,18.0
165794,1,2,121,1,3,80.0,0,I,MELB_URBAN,HIGHWAY,9,23.0
165795,4,1,181,5,5,70.0,0,N,MELB_URBAN,ROAD,9,23.0
165796,3,2,167,5,5,100.0,0,N,RURAL_VICTORIA,OTHER,9,1.0
165797,3,2,167,5,2,100.0,0,N,RURAL_VICTORIA,ROAD,9,5.0
165798,1,3,120,5,2,60.0,0,O,SMALL_CITIES,UNKNOWN,9,6.0
165799,1,2,130,5,2,80.0,0,N,MELB_URBAN,OTHER,9,7.0
165800,1,5,130,5,2,80.0,0,N,MELB_URBAN,HIGHWAY,7,17.0