,accident_type,day_of_week,dca_code,road_geometry,light_condition,speed_zone,severity,node_type,deg_urban_name,road_type,month,hour
165801,6,5,184,5,1,100.0,0,N,RURAL_VICTORIA,ROAD,8,12.0
165802,1,2,113,2,1,70.0,0,N,RURAL_VICTORIA,ROAD,9,10.0
165803,1,3,130,5,1,70.0,0,N,UNKNOWN,HIGHWAY,8,8.0
165804,8,2,174,2,2,60.0,0,I,MELB_URBAN,ROAD,8,18.0
165805,4,2,171,5,1,100.0,0,N,RURAL_VICTORIA,ROAD,9,7.0
165806,1,4,130,5,1,100.0,0,N,MELB_URBAN,ROAD,8,7.0
165807,1,3,110,1,1,60.0,0,I,MELB_URBAN,ROAD,9,9.0
165808,4,1,171,5,3,50.0,0,N,MELB_URBAN,ROAD,8,19.0
165809,1,5,130,5,1,80.0,0,N,MELB_URBAN,HIGHWAY,9,14.0
165810,1,5,134,5,1,100.0,0,N,MELB_URBAN,FREEWAY,8,16.0
165811,6,5,174,5,2,60.0,0,N,RURAL_VICTORIA,ROAD,8,17.0
165812,1,2,140,2,1,50.0,0,I,LARGE_PROVINCIAL_CITIES,STREET,9,9.0
165813,1,6,130,5,1,80.0,0,N,LARGE_PROVINCIAL_CITIES,ROAD,8,15.0
165814,1,1,135,5,1,100.0,0,N,UNKNOWN,FREEWAY,8,11.0
165815,1,1,121,2,1,60.0,0,N,MELB_URBAN,ROAD,9,12.0
165816,4,1,171,5,5,60.0,0,N,UNKNOWN,ROAD,9,22.0
165817,4,1,181,5,1,50.0,0,N,TOWNS,OTHER,9,15.0
165818,1,6,99,5,1,50.0,0,N,LARGE_PROVINCIAL_CITIES,STREET,8,14.0
165819,1,4,111,1,3,80.0,0,I,MELB_URBAN,ROAD,8,20.0
165820,1,1,130,5,2,50.0,0,N,LARGE_PROVINCIAL_CITIES,STREET,9,17.0
165821,1,4,113,2,1,60.0,0,I,MELB_URBAN,STREET,8,15.0
165822,4,1,173,5,1,60.0,0,N,RURAL_VICTORIA,ROAD,8,14.0
165823,4,3,181,5,1,50.0,0,N,LARGE_PROVINCIAL_CITIES,DRIVE,9,11.0
165824,4,4,99,5,1,50.0,0,N,LARGE_PROVINCIAL_CITIES,STREET,7,12.0
165825,1,3,111,2,2,50.0,0,I,MELB_URBAN,OTHER,9,8.0
165826,1,4,130,5,9,80.0,0,N,MELB_URBAN,HIGHWAY,8,20.0
165827,1,2,130,5,1,40.0,0,N,RURAL_VICTORIA,HIGHWAY,9,14.0
165828,1,2,130,1,3,60.0,0,I,MELB_URBAN,ROAD,9,20.0
165829,1,2,130,5,2,100.0,0,N,MELB_URBAN,RAMP,8,6.0
165830,8,0,99,2,1,40.0,0,I,MELB_URBAN,STREET,8,16.0
165831,1,3,133,5,1,80.0,0,N,MELB_URBAN,STREET,8,18.0
165832,1,2,130,5,1,40.0,0,N,MELB_URBAN,STREET,9,16.0
165833,1,2,110,1,1,60.0,0,I,MELB_URBAN,AVENUE,9,17.0
165834,6,2,99,5,1,60.0,0,N,RURAL_VICTORIA,ROAD,9,13.0
165835,1,2,99,5,2,70.0,0,N,UNKNOWN,ROAD,9,17.0
165836,1,3,113,2,2,60.0,0,N,MELB_URBAN,BOULEVARD,9,17.0
165837,2,2,99,3,1,60.0,0,I,MELB_URBAN,ROAD,9,16.0
165838,4,2,99,5,1,60.0,0,N,MELB_URBAN,OTHER,9,14.0
165839,1,2,99,2,1,50.0,0,N,MELB_URBAN,BOULEVARD,7,8.0
165840,1,2,130,2,1,80.0,0,I,MELB_URBAN,OTHER,8,9.0
165841,1,5,130,2,3,60.0,0,N,MELB_URBAN,ROAD,9,19.0
165842,1,3,99,5,2,100.0,0,N,RURAL_VICTORIA,ROAD,9,17.0
165843,4,2,171,5,3,60.0,0,N,LARGE_PROVINCIAL_CITIES,AVENUE,9,18.0
165844,1,3,160,5,1,50.0,0,N,UNKNOWN,STREET,9,15.0
165845,3,4,167,5,9,60.0,0,N,MELB_URBAN,STREET,8,16.0
165846,1,3,120,5,5,80.0,0,N,RURAL_VICTORIA,ROAD,9,20.0
165847,1,3,110,1,3,60.0,0,I,SMALL_CITIES,PARADE,9,23.0
165848,3,2,167,5,5,50.0,0,N,RURAL_VICTORIA,OTHER,9,5.0
165849,1,6,99,2,1,50.0,0,I,TOWNS,STREET,10,13.0
165850,1,6,130,5,2,60.0,0,N,MELB_URBAN,ROAD,8,16.0
165851,1,4,113,1,1,100.0,0,I,RURAL_VICTORIA,ROAD,9,7.0
165852,1,5,120,5,1,40.0,0,N,RURAL_VICTORIA,OTHER,9,8.0
165853,2,4,100,1,1,50.0,0,N,LARGE_PROVINCIAL_CITIES,ROAD,9,7.0
165854,1,6,130,3,1,70.0,0,N,MELB_URBAN,ROAD,9,13.0
165855,1,4,130,5,2,80.0,0,N,MELB_URBAN,RAMP,9,7.0
165856,1,5,121,2,1,60.0,0,I,MELB_URBAN,STREET,8,9.0
165857,1,4,121,5,2,40.0,0,N,MELB_URBAN,STREET,9,6.0
165858,1,3,121,2,1,60.0,0,I,MELB_URBAN,ROAD,9,16.0
165859,1,4,130,1,1,60.0,0,I,MELB_URBAN,ROAD,9,12.0
165860,2,4,99,5,1,80.0,0,N,SMALL_CITIES,STREET,9,12.0
165861,1,1,130,5,2,50.0,0,N,MELB_URBAN,OTHER,9,19.0
165862,1,4,110,1,1,60.0,0,I,TOWNS,STREET,9,13.0
165863,1,3,163,5,1,40.0,0,N,MELB_URBAN,ROAD,9,11.0
165864,1,3,160,5,1,60.0,0,N,UNKNOWN,STREET,9,14.0
165865,1,4,121,2,1,60.0,0,I,LARGE_PROVINCIAL_CITIES,STREET,9,15.0
165866,1,4,113,2,1,60.0,0,I,MELB_URBAN,ROAD,9,11.0
165867,1,4,130,1,1,40.0,0,I,TOWNS,HIGHWAY,9,15.0
165868,2,4,102,5,1,80.0,0,I,UNKNOWN,ROAD,9,15.0
165869,1,4,110,1,1,50.0,0,I,SMALL_CITIES,STREET,9,13.0
165870,1,3,121,2,1,60.0,0,I,MELB_URBAN,ROAD,8,11.0
165871,1,4,121,5,2,40.0,0,N,MELB_URBAN,STREET,9,17.0
165872,1,1,110,1,1,60.0,0,I,MELB_URBAN,HIGHWAY,9,10.0
165873,1,7,135,5,1,60.0,0,N,MELB_URBAN,ROAD,9,11.0
165874,2,3,100,1,2,50.0,0,I,RURAL_VICTORIA,DRIVE,9,17.0
165875,1,4,121,1,3,60.0,0,I,MELB_URBAN,ROAD,9,18.0
165876,4,4,171,5,2,60.0,0,N,MELB_URBAN,ROAD,9,17.0
165877,2,3,100,1,2,50.0,0,O,MELB_URBAN,UNKNOWN,9,18.0
165878,2,3,102,1,2,80.0,0,N,MELB_URBAN,HIGHWAY,9,19.0
165879,2,3,102,1,1,80.0,0,N,MELB_URBAN,ROAD,9,15.0
165880,1,2,130,5,1,60.0,0,N,MELB_URBAN,ROAD,8,8.0
165881,6,3,174,1,1,60.0,0,N,MELB_URBAN,ROAD,9,17.0
165882,1,3,110,1,3,50.0,0,I,MELB_URBAN,AVENUE,9,23.0
165883,6,4,99,5,1,80.0,0,N,RURAL_VICTORIA,ROAD,9,15.0
165884,4,4,171,5,3,60.0,0,N,LARGE_PROVINCIAL_CITIES,STREET,9,23.0
165885,4,2,171,2,1,50.0,0,I,SMALL_CITIES,DRIVE,8,14.0
165886,1,4,147,2,2,60.0,0,I,MELB_URBAN,STREET,8,17.0
165887,1,5,130,5,2,70.0,0,N,RURAL_VICTORIA,ROAD,9,7.0
165888,1,4,132,1,1,40.0,0,O,MELB_URBAN,UNKNOWN,6,15.0
165889,1,3,130,2,2,60.0,0,N,SMALL_CITIES,ROAD,9,16.0
165890,1,5,140,5,2,60.0,0,N,MELB_URBAN,ROAD,9,8.0
165891,2,1,99,5,9,50.0,1,N,MELB_URBAN,OTHER,9,23.0
165892,1,5,110,1,1,100.0,0,N,RURAL_VICTORIA,ROAD,9,8.0
165893,1,5,120,5,2,60.0,0,N,MELB_URBAN,ROAD,9,9.0
165894,1,6,110,1,3,60.0,0,I,MELBOURNE_CBD,STREET,8,23.0
165895,6,2,174,5,2,40.0,0,N,MELB_URBAN,STREET,9,20.0
165896,6,1,174,5,9,60.0,0,N,RURAL_VICTORIA,ROAD,9,11.0
165897,2,5,102,1,1,40.0,0,I,RURAL_VICTORIA,ROAD,9,8.0
165898,1,3,130,1,1,60.0,0,I,MELB_URBAN,STREET,9,10.0
165899,1,5,160,5,1,70.0,0,N,MELB_URBAN,ROAD,9,11.0
165900,1,2,130,5,1,70.0,0,N,MELB_URBAN,ROAD,8,16.0
165901,1,3,130,5,2,100.0,0,N,MELB_URBAN,FREEWAY,8,6.0
165902,1,3,133,5,1,110.0,0,N,RURAL_VICTORIA,RAMP,9,14.0
165903,2,5,102,1,1,80.0,0,I,MELB_URBAN,HIGHWAY,9,11.0
165904,1,5,160,5,1,60.0,0,N,MELB_URBAN,ROAD,9,10.0
165905,1,5,99,1,1,60.0,0,I,MELB_URBAN,ROAD,8,11.0
165906,2,4,102,5,9,60.0,0,N,MELB_URBAN,ROAD,5,15.0
165907,1,4,147,5,2,60.0,0,N,MELB_URBAN,OTHER,9,6.0
165908,1,4,121,5,1,50.0,0,N,MELB_URBAN,ROAD,9,10.0
165909,1,1,130,5,9,100.0,0,N,MELB_URBAN,FREEWAY,8,14.0
165910,8,5,174,5,1,60.0,0,N,MELB_URBAN,ROAD,9,13.0
165911,1,5,132,5,1,60.0,0,N,MELB_URBAN,ROAD,9,13.0
165912,1,4,111,2,1,60.0,0,I,TOWNS,ROAD,2,14.0
165913,1,6,130,5,3,70.0,0,N,RURAL_VICTORIA,ROAD,9,20.0
165914,8,1,99,5,1,60.0,0,N,RURAL_VICTORIA,ROAD,8,13.0
165915,6,5,184,5,1,60.0,0,N,RURAL_VICTORIA,ROAD,9,9.0
165916,1,5,130,1,1,60.0,0,N,MELB_URBAN,ROAD,9,14.0
165917,1,4,130,5,1,60.0,0,N,SMALL_CITIES,ROAD,8,16.0
165918,1,4,110,1,1,50.0,0,N,MELB_URBAN,ROAD,9,16.0
165919,1,5,111,3,1,50.0,0,I,MELB_URBAN,DRIVE,9,11.0
165920,6,7,184,2,1,100.0,0,I,UNKNOWN,ROAD,9,14.0
165921,8,4,99,5,1,50.0,0,I,MELB_URBAN,AVENUE,9,16.0
165922,1,5,121,1,2,50.0,0,I,MELB_URBAN,ROAD,9,17.0
165923,8,4,99,2,1,50.0,0,I,RURAL_VICTORIA,BOULEVARD,9,16.0
165924,1,5,130,2,1,50.0,0,N,MELB_URBAN,STREET,9,15.0
165925,1,5,99,5,1,50.0,0,N,MELB_URBAN,OTHER,9,15.0
165926,1,1,130,5,1,60.0,0,N,MELB_URBAN,STREET,8,15.0
165927,4,5,171,5,1,100.0,0,N,RURAL_VICTORIA,ROAD,9,17.0
165928,2,5,99,1,2,40.0,0,I,MELB_URBAN,STREET,9,18.0
165929,1,5,121,2,2,50.0,0,N,MELB_URBAN,ROAD,9,19.0
165930,6,4,99,5,2,100.0,0,N,RURAL_VICTORIA,ROAD,9,18.0
165931,1,5,121,3,2,80.0,0,N,MELB_URBAN,STREET,9,19.0
165932,6,4,99,5,5,100.0,0,N,RURAL_VICTORIA,ROAD,9,21.0
165933,1,5,120,5,5,80.0,0,N,RURAL_VICTORIA,ROAD,9,4.0
165934,1,5,111,2,3,60.0,0,I,MELB_URBAN,ROAD,9,22.0
165935,1,6,110,1,3,80.0,0,I,MELB_URBAN,HIGHWAY,9,5.0
165936,1,6,121,3,2,80.0,0,N,RURAL_VICTORIA,HIGHWAY,9,7.0
165937,1,4,130,5,2,80.0,0,N,RURAL_VICTORIA,ROAD,8,9.0
165938,1,5,130,5,2,80.0,0,N,MELB_URBAN,ROAD,9,18.0
165939,1,6,110,1,1,70.0,0,I,LARGE_PROVINCIAL_CITIES,HIGHWAY,9,9.0
165940,1,6,140,1,1,60.0,0,I,MELB_URBAN,HIGHWAY,8,11.0
165941,6,6,184,5,1,100.0,0,N,MELB_URBAN,FREEWAY,9,8.0
165942,1,2,113,2,1,60.0,0,I,MELB_URBAN,ROAD,9,11.0
165943,1,2,130,5,1,60.0,0,N,TOWNS,ROAD,8,16.0
165944,1,6,130,5,2,60.0,0,N,MELB_URBAN,STREET,9,8.0
165945,1,5,110,1,1,70.0,0,I,MELB_URBAN,ROAD,9,8.0
165946,1,4,121,2,1,60.0,0,I,MELB_URBAN,ROAD,7,18.0
165947,4,6,171,5,1,100.0,0,N,RURAL_VICTORIA,ROAD,9,10.0
165948,6,6,174,5,1,100.0,1,N,RURAL_VICTORIA,HIGHWAY,9,11.0
165949,1,5,130,1,1,70.0,0,I,MELB_URBAN,STREET,8,15.0
165950,4,6,181,5,1,100.0,0,N,UNKNOWN,ROAD,9,11.0
165951,1,6,113,1,1,60.0,0,I,MELB_URBAN,ROAD,9,12.0
165952,4,0,171,5,2,100.0,0,I,MELB_URBAN,FREEWAY,5,5.0
165953,1,6,110,1,1,60.0,0,I,LARGE_PROVINCIAL_CITIES,ROAD,9,12.0
165954,1,5,134,5,1,60.0,0,N,MELB_URBAN,STREET,9,8.0
165955,1,6,130,2,1,80.0,0,N,MELB_URBAN,ROAD,9,13.0
165956,1,4,111,2,1,60.0,0,I,MELB_URBAN,DRIVE,8,16.0
165957,6,6,99,5,1,40.0,0,N,UNKNOWN,ROAD,9,10.0
165958,1,5,110,1,1,40.0,0,I,LARGE_PROVINCIAL_CITIES,STREET,9,14.0
165959,1,6,110,1,1,60.0,0,I,MELB_URBAN,ROAD,9,12.0
165960,1,7,130,5,1,100.0,0,N,MELB_URBAN,FREEWAY,9,13.0
165961,1,6,160,5,1,50.0,0,N,MELB_URBAN,DRIVE,9,9.0
165962,4,6,173,5,1,80.0,0,N,RURAL_VICTORIA,ROAD,9,12.0
165963,1,5,130,5,1,70.0,0,N,MELB_URBAN,ROAD,9,15.0
165964,1,3,113,2,1,50.0,0,I,MELB_URBAN,AVENUE,8,16.0
165965,1,2,99,1,2,60.0,0,I,MELB_URBAN,ROAD,8,6.0
165966,1,6,132,5,2,50.0,0,N,LARGE_PROVINCIAL_CITIES,STREET,9,16.0
165967,1,2,130,5,2,60.0,0,N,MELB_URBAN,ROAD,9,17.0
165968,8,5,99,2,2,80.0,0,I,RURAL_VICTORIA,ROAD,9,18.0
165969,2,5,100,5,3,60.0,0,N,UNKNOWN,STREET,9,18.0
165970,1,6,130,5,3,80.0,0,N,MELB_URBAN,ROAD,9,20.0
165971,4,6,173,5,1,40.0,0,N,MELB_URBAN,STREET,9,16.0
165972,1,5,130,1,5,80.0,0,I,RURAL_VICTORIA,ROAD,9,20.0
165973,1,4,160,5,1,50.0,0,N,MELB_URBAN,STREET,2,15.0
165974,2,6,102,2,5,80.0,1,N,MELB_URBAN,ROAD,9,20.0
165975,4,6,99,5,3,80.0,0,N,UNKNOWN,ROAD,9,20.0
165976,6,6,170,5,5,50.0,0,N,RURAL_VICTORIA,UNKNOWN,9,5.0
165977,1,6,130,5,3,60.0,0,N,MELB_URBAN,ROAD,8,18.0
165978,1,7,120,5,2,80.0,0,N,SMALL_TOWNS,ROAD,9,7.0
165979,3,6,167,5,5,110.0,0,N,RURAL_VICTORIA,FREEWAY,9,6.0
165980,1,7,130,5,1,60.0,0,N,MELB_URBAN,ROAD,9,11.0
165981,1,7,130,5,1,50.0,0,N,MELB_URBAN,AVENUE,9,10.0
165982,1,2,110,1,1,50.0,0,N,LARGE_PROVINCIAL_CITIES,STREET,8,15.0
165983,1,7,113,2,2,80.0,0,N,MELB_URBAN,ROAD,9,6.0
165984,1,6,130,5,2,60.0,0,N,MELB_URBAN,DRIVE,9,17.0
165985,1,6,130,5,1,80.0,0,N,MELB_URBAN,FREEWAY,9,9.0
165986,8,7,174,5,1,100.0,0,N,RURAL_VICTORIA,ROAD,9,11.0
165987,4,5,171,5,2,100.0,0,N,UNKNOWN,ROAD,9,19.0
165988,4,7,171,5,1,100.0,0,N,UNKNOWN,ROAD,9,12.0
165989,4,7,171,5,1,60.0,0,N,MELB_URBAN,ROAD,9,8.0
165990,1,7,121,2,1,60.0,0,I,RURAL_VICTORIA,BOULEVARD,9,9.0
165991,1,6,99,4,1,60.0,0,I,MELB_URBAN,AVENUE,9,13.0
165992,1,7,130,5,1,70.0,0,N,MELB_URBAN,ROAD,9,13.0
165993,1,7,130,2,1,60.0,0,I,MELB_URBAN,STREET,9,13.0
165994,1,7,130,1,1,60.0,0,I,MELB_URBAN,RAMP,9,13.0
165995,1,7,160,5,1,50.0,0,N,MELB_URBAN,STREET,9,13.0
165996,7,7,99,5,1,60.0,0,N,RURAL_VICTORIA,AVENUE,9,13.0
165997,1,7,135,5,1,80.0,0,N,MELB_URBAN,FREEWAY,9,15.0
165998,1,7,121,2,1,60.0,0,I,MELB_URBAN,ROAD,9,18.0
165999,1,7,113,2,1,60.0,0,I,MELB_URBAN,ROAD,9,17.0
166000,1,6,113,2,1,70.0,0,I,MELB_URBAN,HIGHWAY,9,15.0
166001,1,7,140,5,1,40.0,0,N,UNKNOWN,ROAD,9,15.0
166002,1,6,130,2,5,80.0,0,N,MELB_URBAN,OTHER,9,18.0
166003,1,7,130,5,3,70.0,0,N,MELB_URBAN,ROAD,9,19.0
166004,1,7,99,2,2,80.0,0,I,TOWNS,HIGHWAY,9,18.0
166005,1,6,132,2,9,60.0,0,N,UNKNOWN,HIGHWAY,8,7.0
166006,1,6,121,2,3,60.0,0,N,MELB_URBAN,ROAD,9,21.0
166007,1,7,111,1,3,60.0,0,I,LARGE_PROVINCIAL_CITIES,STREET,9,20.0
166008,1,1,99,5,5,60.0,0,N,RURAL_VICTORIA,ROAD,9,0.0
166009,1,1,121,2,3,80.0,0,I,MELB_URBAN,HIGHWAY,9,4.0
166010,4,1,181,5,5,50.0,0,N,SMALL_TOWNS,AVENUE,9,1.0
166011,1,1,110,1,1,80.0,0,N,MELB_URBAN,STREET,8,17.0
166012,1,7,140,5,1,80.0,0,N,MELB_URBAN,ROAD,9,10.0
166013,1,0,121,1,1,60.0,0,I,LARGE_PROVINCIAL_CITIES,ROAD,9,9.0
166014,1,1,99,5,1,40.0,0,N,MELB_URBAN,RAMP,9,11.0
166015,1,5,130,5,2,80.0,0,N,RURAL_VICTORIA,ROAD,6,17.0
166016,1,1,99,2,1,100.0,0,N,RURAL_VICTORIA,ROAD,9,12.0
166017,2,1,100,5,1,70.0,0,N,MELB_URBAN,ROAD,9,13.0
166018,4,0,173,5,1,100.0,0,N,RURAL_VICTORIA,HIGHWAY,9,11.0
166019,1,1,121,1,1,50.0,0,I,MELB_URBAN,STREET,9,16.0
166020,6,4,99,5,1,60.0,0,N,RURAL_VICTORIA,ROAD,8,17.0
166021,4,1,181,5,1,60.0,0,N,MELB_URBAN,HIGHWAY,9,16.0
166022,8,1,174,5,1,100.0,0,N,UNKNOWN,ROAD,9,17.0
166023,1,1,134,5,1,110.0,0,N,RURAL_VICTORIA,FREEWAY,9,17.0
166024,1,1,130,5,2,50.0,0,N,MELB_URBAN,BOULEVARD,9,17.0
166025,1,0,110,1,1,60.0,0,N,MELB_URBAN,STREET,9,14.0
166026,1,7,120,5,3,60.0,0,N,SMALL_CITIES,ROAD,9,21.0
166027,4,1,171,5,2,100.0,0,N,UNKNOWN,HIGHWAY,9,18.0
166028,2,6,100,1,6,60.0,0,O,MELB_URBAN,UNKNOWN,9,19.0
166029,1,1,110,1,1,80.0,0,N,MELB_URBAN,ROAD,9,15.0
166030,1,1,121,2,2,60.0,0,I,SMALL_CITIES,ROAD,9,18.0
166031,1,0,160,5,3,50.0,0,N,RURAL_VICTORIA,DRIVE,9,19.0
166032,1,0,121,1,2,40.0,0,I,MELB_URBAN,ROAD,9,20.0
166033,2,0,102,1,5,60.0,0,I,MELB_URBAN,STREET,9,20.0
166034,1,0,99,2,1,60.0,0,N,UNKNOWN,ROAD,9,8.0
166035,1,0,135,2,3,100.0,0,N,UNKNOWN,ROAD,9,22.0
166036,1,1,110,1,3,60.0,0,N,LARGE_PROVINCIAL_CITIES,HIGHWAY,9,20.0
166037,4,0,173,2,3,80.0,0,I,MELB_URBAN,AVENUE,9,23.0
166038,1,4,130,5,2,80.0,0,N,MELB_URBAN,HIGHWAY,9,4.0
166039,1,6,99,5,1,50.0,0,N,MELB_URBAN,ROAD,9,14.0
166040,1,6,99,2,1,60.0,0,I,SMALL_TOWNS,ROAD,9,12.0
166041,2,2,100,1,1,60.0,0,N,MELB_URBAN,ROAD,9,7.0
166042,6,2,99,5,1,60.0,0,N,RURAL_VICTORIA,ROAD,9,6.0
166043,1,3,110,1,1,50.0,0,I,LARGE_PROVINCIAL_CITIES,STREET,4,10.0
166044,1,3,132,5,1,60.0,0,N,TOWNS,STREET,9,16.0
166045,1,4,130,2,3,80.0,0,N,MELB_URBAN,ROAD,9,20.0
166046,2,5,99,5,3,40.0,0,N,MELBOURNE_CBD,STREET,9,20.0
166047,6,5,99,5,3,40.0,0,N,MELB_URBAN,STREET,9,20.0
166048,1,1,130,1,9,60.0,0,I,MELB_URBAN,ROAD,9,8.0
166049,2,1,100,1,1,40.0,0,O,MELB_URBAN,UNKNOWN,9,9.0
166050,8,7,174,5,1,110.0,0,N,RURAL_VICTORIA,FREEWAY,8,9.0
166051,1,2,110,1,1,50.0,0,I,MELB_URBAN,STREET,9,11.0
166052,1,2,130,5,1,100.0,0,N,MELB_URBAN,FREEWAY,9,9.0
166053,3,4,167,5,6,80.0,0,N,RURAL_VICTORIA,ROAD,8,5.0
166054,1,6,113,2,3,40.0,0,I,MELB_URBAN,DRIVE,9,20.0
166055,1,2,99,2,1,50.0,0,I,SMALL_CITIES,OTHER,9,11.0
166056,1,2,160,5,1,60.0,0,N,UNKNOWN,DRIVE,9,10.0
166057,1,2,160,5,1,60.0,0,N,MELB_URBAN,STREET,9,12.0
166058,1,3,121,2,1,60.0,0,N,MELB_URBAN,ROAD,9,8.0
166059,4,1,173,5,1,50.0,0,N,UNKNOWN,ROAD,9,12.0
166060,1,2,121,5,1,60.0,0,N,MELB_URBAN,ROAD,9,12.0
166061,1,1,121,1,1,50.0,0,I,SMALL_CITIES,STREET,9,11.0
166062,6,2,174,2,1,50.0,0,N,SMALL_CITIES,STREET,9,14.0
166063,1,4,130,1,3,60.0,0,N,MELB_URBAN,ROAD,9,23.0
166064,1,2,120,5,1,100.0,0,N,RURAL_VICTORIA,ROAD,9,13.0
166065,1,2,110,1,1,50.0,0,I,TOWNS,STREET,9,15.0
166066,1,1,130,5,1,80.0,0,N,MELB_URBAN,ROAD,9,14.0
166067,5,2,99,5,1,60.0,0,N,RURAL_VICTORIA,ROAD,9,7.0
166068,1,3,130,5,1,50.0,0,N,MELB_URBAN,ROAD,8,15.0
166069,1,2,130,5,2,80.0,0,N,MELB_URBAN,OTHER,9,6.0
166070,1,2,99,1,1,40.0,0,I,MELB_URBAN,STREET,9,17.0
166071,1,2,132,2,1,100.0,0,I,RURAL_VICTORIA,HIGHWAY,9,15.0
166072,8,1,174,5,6,40.0,0,N,MELB_URBAN,STREET,9,21.0
166073,4,1,171,5,1,50.0,0,N,SMALL_CITIES,STREET,9,16.0
166074,1,2,135,5,1,80.0,0,N,MELB_URBAN,OTHER,9,14.0
166075,1,2,140,5,2,50.0,0,N,MELB_URBAN,DRIVE,9,17.0
166076,1,2,140,5,2,60.0,0,N,MELB_URBAN,DRIVE,9,19.0
166077,1,4,130,5,1,60.0,0,N,MELB_URBAN,ROAD,9,17.0
166078,1,1,121,2,3,80.0,0,I,MELB_URBAN,ROAD,9,18.0
166079,1,2,135,2,9,80.0,0,I,MELB_URBAN,OTHER,9,17.0
166080,1,1,121,2,3,80.0,0,I,RURAL_VICTORIA,OTHER,9,18.0
166081,4,7,173,5,3,80.0,0,N,MELB_URBAN,BOULEVARD,9,1.0
166082,1,1,130,5,1,60.0,0,N,MELB_URBAN,ROAD,9,15.0
166083,1,1,160,5,1,60.0,0,N,MELB_URBAN,PARADE,9,13.0
166084,4,1,171,1,6,60.0,0,I,MELB_URBAN,STREET,7,2.0
166085,4,1,181,5,3,70.0,0,N,MELB_URBAN,ROAD,9,23.0
166086,4,2,173,5,5,100.0,0,N,UNKNOWN,ROAD,9,23.0
166087,1,2,110,1,3,50.0,0,I,TOWNS,STREET,9,22.0
166088,1,3,121,2,3,70.0,0,I,RURAL_VICTORIA,ROAD,9,22.0
166089,1,6,147,5,1,60.0,0,N,MELB_URBAN,ROAD,7,15.0
166090,1,5,134,5,2,60.0,0,N,MELB_URBAN,PARADE,9,19.0
166091,1,2,121,1,1,50.0,0,I,MELB_URBAN,ROAD,9,14.0
166092,1,7,121,2,3,60.0,0,N,MELB_URBAN,ROAD,9,0.0
166093,1,3,113,2,1,80.0,0,I,MELB_URBAN,HIGHWAY,9,9.0
166094,1,6,130,5,1,60.0,0,N,LARGE_PROVINCIAL_CITIES,ROAD,9,10.0
166095,1,5,130,5,9,80.0,0,N,MELB_URBAN,ROAD,1,15.0
166096,1,2,130,2,1,80.0,0,N,MELB_URBAN,HIGHWAY,9,14.0
166097,1,6,113,2,1,60.0,0,I,LARGE_PROVINCIAL_CITIES,ROAD,9,15.0
166098,6,3,174,5,1,100.0,0,N,RURAL_VICTORIA,ROAD,9,8.0
166099,1,2,121,1,1,60.0,0,I,MELB_URBAN,ROAD,9,9.0
166100,1,3,99,5,1,40.0,0,N,UNKNOWN,ROAD,9,11.0
166101,1,0,130,5,9,60.0,0,N,MELB_URBAN,ROAD,9,11.0
166102,4,2,171,5,1,60.0,0,N,MELB_URBAN,DRIVE,9,12.0
166103,1,2,133,5,2,60.0,0,N,UNKNOWN,ROAD,9,17.0
166104,1,3,110,1,1,50.0,0,I,LARGE_PROVINCIAL_CITIES,STREET,9,13.0
166105,1,3,130,1,1,80.0,0,N,MELB_URBAN,STREET,9,10.0
166106,1,3,147,5,1,40.0,0,N,MELBOURNE_CBD,STREET,9,12.0
166107,1,2,130,1,1,40.0,0,I,SMALL_CITIES,AVENUE,9,9.0
166108,8,5,99,1,1,60.0,0,I,MELB_URBAN,STREET,9,11.0
166109,2,3,102,5,1,60.0,0,N,MELB_URBAN,ROAD,9,14.0
166110,4,3,171,5,1,60.0,0,N,TOWNS,ROAD,9,14.0
166111,1,2,110,1,1,40.0,0,I,MELB_URBAN,STREET,9,15.0
166112,6,3,174,5,1,40.0,0,N,UNKNOWN,ROAD,9,9.0
166113,1,2,130,2,1,70.0,0,I,UNKNOWN,ROAD,9,12.0
166114,1,6,111,2,2,40.0,0,I,MELB_URBAN,HIGHWAY,9,17.0
166115,2,2,100,1,1,60.0,0,N,MELB_URBAN,ROAD,9,11.0
166116,1,3,121,1,1,60.0,0,I,MELB_URBAN,ROAD,9,8.0
166117,1,7,120,2,1,60.0,0,I,MELB_URBAN,ROAD,9,9.0
166118,1,3,147,5,1,60.0,0,N,RURAL_VICTORIA,ROAD,9,17.0
166119,1,3,121,5,2,60.0,0,N,TOWNS,STREET,9,18.0
166120,4,2,99,2,1,50.0,0,I,SMALL_CITIES,STREET,9,17.0
166121,1,5,160,5,3,60.0,0,N,MELB_URBAN,STREET,8,20.0
166122,1,2,111,2,1,50.0,0,I,MELB_URBAN,ROAD,9,8.0
166123,1,6,113,2,1,60.0,0,I,MELB_URBAN,ROAD,8,17.0
166124,1,2,111,2,1,50.0,0,I,MELB_URBAN,OTHER,9,16.0
166125,1,3,120,5,1,60.0,0,N,RURAL_VICTORIA,ROAD,9,17.0
166126,1,2,134,5,1,100.0,0,N,MELB_URBAN,FREEWAY,9,18.0
166127,1,0,110,1,3,50.0,0,I,MELB_URBAN,STREET,9,2.0
166128,6,3,174,2,3,50.0,0,I,MELB_URBAN,STREET,9,19.0