,accident_type,day_of_week,dca_code,road_geometry,light_condition,speed_zone,severity,node_type,deg_urban_name,road_type,month,hour
166129,1,2,130,5,1,80.0,0,N,MELB_URBAN,HIGHWAY,9,13.0
166130,2,3,100,1,3,40.0,0,N,MELB_URBAN,STREET,9,19.0
166131,1,3,110,1,3,40.0,0,I,MELB_URBAN,STREET,9,19.0
166132,1,3,121,2,3,80.0,1,I,MELB_URBAN,HIGHWAY,9,18.0
166133,4,3,171,5,5,100.0,0,N,RURAL_VICTORIA,HIGHWAY,9,22.0
166134,6,7,184,5,1,60.0,0,N,RURAL_VICTORIA,OTHER,5,14.0
166135,4,4,173,5,5,100.0,0,N,RURAL_VICTORIA,HIGHWAY,9,4.0
166136,1,4,130,1,1,40.0,0,I,SMALL_CITIES,BOULEVARD,9,7.0
166137,1,1,132,2,9,50.0,0,N,MELB_URBAN,STREET,9,9.0
166138,1,3,130,5,1,70.0,0,N,MELB_URBAN,ROAD,9,7.0
166139,1,2,110,1,2,40.0,0,N,MELBOURNE_CBD,STREET,9,18.0
166140,1,2,160,5,5,60.0,0,N,MELB_URBAN,STREET,9,20.0
166141,1,4,110,1,1,60.0,0,I,MELB_URBAN,ROAD,9,9.0
166142,1,4,140,5,2,50.0,0,N,RURAL_VICTORIA,OTHER,9,6.0
166143,1,6,99,1,1,50.0,0,I,MELB_URBAN,STREET,9,14.0
166144,1,4,121,2,1,60.0,0,I,MELB_URBAN,ROAD,8,16.0
166145,1,4,113,2,1,100.0,0,I,TOWNS,HIGHWAY,9,10.0
166146,1,5,130,5,1,50.0,0,N,MELB_URBAN,STREET,9,16.0
166147,1,5,130,2,1,70.0,0,I,MELB_URBAN,STREET,9,14.0
166148,1,4,130,5,2,100.0,0,N,MELB_URBAN,FREEWAY,9,7.0
166149,1,4,147,5,1,50.0,0,N,UNKNOWN,ROAD,9,12.0
166150,1,4,99,2,1,70.0,0,N,UNKNOWN,ROAD,9,12.0
166151,1,4,130,5,2,60.0,0,N,MELB_URBAN,ROAD,9,7.0
166152,6,1,184,5,1,100.0,0,N,RURAL_VICTORIA,ROAD,9,15.0
166153,1,0,99,2,9,60.0,0,I,RURAL_VICTORIA,ROAD,9,11.0
166154,1,4,110,1,1,40.0,0,I,MELB_URBAN,STREET,9,7.0
166155,1,4,121,1,1,60.0,0,I,MELB_URBAN,HIGHWAY,9,10.0
166156,1,4,110,1,1,60.0,0,I,MELB_URBAN,STREET,9,12.0
166157,8,6,174,5,4,110.0,0,N,RURAL_VICTORIA,FREEWAY,8,23.0
166158,6,2,170,5,3,80.0,0,N,MELB_URBAN,ROAD,9,21.0
166159,1,4,133,2,1,60.0,0,N,MELB_URBAN,STREET,9,12.0
166160,1,1,130,2,1,40.0,0,I,MELB_URBAN,STREET,9,11.0
166161,2,6,102,5,2,40.0,0,N,UNKNOWN,STREET,9,17.0
166162,4,4,171,5,1,80.0,1,N,MELB_URBAN,HIGHWAY,9,15.0
166163,1,4,140,1,1,40.0,0,I,MELB_URBAN,STREET,9,15.0
166164,1,4,130,5,1,60.0,0,N,MELB_URBAN,ROAD,9,10.0
166165,1,2,133,2,1,40.0,0,N,UNKNOWN,DRIVE,8,13.0
166166,1,4,130,5,1,80.0,0,N,UNKNOWN,HIGHWAY,9,17.0
166167,1,3,130,5,1,80.0,0,N,TOWNS,HIGHWAY,9,16.0
166168,1,4,120,5,1,100.0,1,N,RURAL_VICTORIA,HIGHWAY,9,15.0
166169,1,3,116,2,1,80.0,0,I,MELB_URBAN,ROAD,9,16.0
166170,2,4,99,2,1,50.0,0,I,MELB_URBAN,HIGHWAY,9,17.0
166171,6,4,170,5,2,100.0,0,N,RURAL_VICTORIA,ROAD,9,18.0
166172,1,4,160,5,3,60.0,0,N,LARGE_PROVINCIAL_CITIES,ROAD,9,19.0
166173,4,3,181,5,1,60.0,0,N,RURAL_VICTORIA,ROAD,9,16.0
166174,6,4,99,5,5,100.0,0,N,RURAL_VICTORIA,AVENUE,9,20.0
166175,1,2,99,2,2,80.0,0,N,MELB_URBAN,ROAD,9,7.0
166176,1,3,110,1,3,60.0,0,I,MELB_URBAN,ROAD,9,20.0
166177,1,5,116,1,1,70.0,0,I,MELB_URBAN,ROAD,7,17.0
166178,1,3,110,1,1,60.0,0,I,RURAL_VICTORIA,ROAD,9,9.0
166179,4,4,181,5,2,100.0,0,N,UNKNOWN,FREEWAY,9,6.0
166180,4,3,181,5,5,100.0,0,N,RURAL_VICTORIA,HIGHWAY,9,22.0
166181,1,4,99,2,1,60.0,0,I,UNKNOWN,ROAD,9,8.0
166182,1,5,130,1,1,60.0,0,I,MELB_URBAN,ROAD,9,7.0
166183,4,3,99,5,2,80.0,0,N,RURAL_VICTORIA,ROAD,11,5.0
166184,2,4,100,1,1,60.0,0,N,MELB_URBAN,ROAD,9,8.0
166185,1,3,113,1,6,60.0,0,I,MELB_URBAN,ROAD,9,21.0
166186,1,5,116,2,1,80.0,0,I,RURAL_VICTORIA,HIGHWAY,9,7.0
166187,8,4,174,1,3,60.0,0,I,MELB_URBAN,STREET,9,20.0
166188,1,5,121,2,1,60.0,0,I,UNKNOWN,ROAD,9,10.0
166189,1,1,130,2,1,60.0,0,I,UNKNOWN,ROAD,9,17.0
166190,1,4,99,2,1,60.0,0,I,MELB_URBAN,PARADE,9,9.0
166191,1,5,113,2,1,100.0,0,I,RURAL_VICTORIA,ROAD,9,10.0
166192,6,7,99,5,1,100.0,0,N,RURAL_VICTORIA,ROAD,9,13.0
166193,4,5,173,5,1,100.0,0,N,RURAL_VICTORIA,HIGHWAY,9,8.0
166194,1,4,130,5,1,100.0,0,N,MELB_URBAN,FREEWAY,9,15.0
166195,1,5,121,1,1,60.0,0,I,RURAL_VICTORIA,ROAD,9,11.0
166196,1,5,132,5,1,100.0,0,N,RURAL_VICTORIA,ROAD,9,12.0
166197,3,2,167,5,3,100.0,0,N,RURAL_VICTORIA,FREEWAY,5,21.0
166198,1,4,163,5,2,40.0,0,N,MELB_URBAN,STREET,9,5.0
166199,1,5,113,2,1,50.0,0,I,MELB_URBAN,STREET,9,8.0
166200,1,2,116,2,1,60.0,0,I,MELB_URBAN,ROAD,9,9.0
166201,1,4,130,5,9,60.0,0,N,MELB_URBAN,ROAD,8,15.0
166202,1,4,130,1,1,50.0,0,I,MELB_URBAN,ROAD,9,14.0
166203,1,5,121,2,1,60.0,0,I,MELB_URBAN,PARADE,9,15.0
166204,4,4,99,5,2,50.0,0,N,MELB_URBAN,STREET,8,4.0
166205,1,5,120,5,1,100.0,0,N,UNKNOWN,ROAD,9,15.0
166206,1,5,99,5,1,40.0,0,N,SMALL_CITIES,UNKNOWN,9,17.0
166207,1,4,147,5,1,60.0,0,N,MELB_URBAN,ROAD,9,8.0
166208,2,7,102,2,1,40.0,0,I,MELB_URBAN,STREET,9,12.0
166209,1,3,163,5,6,60.0,0,N,MELB_URBAN,ROAD,8,21.0
166210,1,5,130,2,3,60.0,0,I,MELB_URBAN,ROAD,9,18.0
166211,1,4,99,2,2,60.0,0,N,MELB_URBAN,STREET,8,17.0
166212,1,5,99,5,5,80.0,0,N,RURAL_VICTORIA,ROAD,9,17.0
166213,4,5,171,5,1,80.0,0,N,MELB_URBAN,ROAD,9,16.0
166214,1,5,130,2,3,60.0,0,N,MELB_URBAN,STREET,9,20.0
166215,4,5,173,5,3,50.0,0,N,TOWNS,DRIVE,9,20.0
166216,6,4,99,5,5,80.0,0,N,UNKNOWN,ROAD,9,18.0
166217,4,5,181,5,2,80.0,1,N,RURAL_VICTORIA,HIGHWAY,9,18.0
166218,1,5,130,5,3,80.0,0,N,MELB_URBAN,HIGHWAY,9,21.0
166219,1,5,134,5,1,80.0,0,N,MELB_URBAN,HIGHWAY,9,14.0
166220,1,4,121,1,3,50.0,0,N,RURAL_VICTORIA,ROAD,9,22.0
166221,3,4,167,5,5,100.0,0,N,RURAL_VICTORIA,ROAD,9,22.0
166222,1,5,110,1,2,80.0,0,N,RURAL_VICTORIA,ROAD,9,5.0
166223,1,2,133,1,1,60.0,0,I,MELB_URBAN,ROAD,9,15.0
166224,1,6,99,1,6,40.0,0,I,MELB_URBAN,STREET,9,23.0
166225,1,3,120,5,1,40.0,0,N,UNKNOWN,ROAD,9,8.0
166226,1,6,116,2,1,60.0,0,N,MELB_URBAN,ROAD,9,8.0
166227,1,3,130,5,1,70.0,0,N,SMALL_CITIES,PARADE,9,10.0
166228,1,2,130,1,1,60.0,0,N,LARGE_PROVINCIAL_CITIES,ROAD,9,8.0
166229,1,1,130,5,1,60.0,0,N,MELB_URBAN,HIGHWAY,11,16.0
166230,1,6,99,2,9,60.0,0,I,MELB_URBAN,ROAD,8,10.0
166231,4,6,171,5,1,60.0,0,N,UNKNOWN,ROAD,9,11.0
166232,1,6,132,2,1,60.0,0,I,MELB_URBAN,ROAD,9,12.0
166233,7,7,184,5,1,60.0,0,N,RURAL_VICTORIA,OTHER,9,10.0
166234,6,5,99,5,1,100.0,0,N,RURAL_VICTORIA,ROAD,9,11.0
166235,1,4,147,5,3,60.0,0,N,MELB_URBAN,ROAD,9,19.0
166236,1,6,147,5,1,70.0,0,N,MELB_URBAN,ROAD,9,12.0
166237,1,6,110,1,1,80.0,0,I,RURAL_VICTORIA,ROAD,9,9.0
166238,2,6,102,1,1,80.0,0,I,MELB_URBAN,HIGHWAY,9,13.0
166239,3,7,167,5,1,50.0,0,N,RURAL_VICTORIA,ROAD,8,16.0
166240,1,6,173,5,1,40.0,0,N,UNKNOWN,STREET,9,12.0
166241,1,6,110,1,1,60.0,1,I,MELB_URBAN,DRIVE,9,7.0
166242,1,6,116,2,1,80.0,0,N,MELB_URBAN,ROAD,9,14.0
166243,1,6,133,2,1,40.0,0,I,MELB_URBAN,ROAD,9,18.0
166244,1,5,130,5,1,80.0,0,N,MELB_URBAN,FREEWAY,9,15.0
166245,1,6,120,5,1,100.0,0,N,RURAL_VICTORIA,HIGHWAY,9,12.0
166246,8,4,174,1,9,60.0,0,I,TOWNS,HIGHWAY,9,12.0
166247,1,2,133,5,6,80.0,0,I,RURAL_VICTORIA,HIGHWAY,9,19.0
166248,2,5,100,1,1,40.0,0,N,UNKNOWN,STREET,9,16.0
166249,1,6,110,1,1,60.0,0,I,MELB_URBAN,ROAD,9,16.0
166250,1,6,120,5,1,60.0,0,N,UNKNOWN,ROAD,9,17.0
166251,1,5,120,5,1,50.0,0,N,UNKNOWN,STREET,9,14.0
166252,1,5,121,1,2,80.0,0,N,MELB_URBAN,ROAD,9,17.0
166253,2,6,100,1,1,60.0,0,N,UNKNOWN,ROAD,9,16.0
166254,5,5,99,5,1,100.0,0,N,RURAL_VICTORIA,HIGHWAY,9,15.0
166255,1,5,130,5,1,80.0,0,N,MELB_URBAN,UNKNOWN,9,15.0
166256,1,5,121,5,1,70.0,0,N,MELB_URBAN,ROAD,9,17.0
166257,1,6,110,1,1,60.0,0,N,TOWNS,ROAD,9,17.0
166258,1,3,121,1,9,40.0,0,I,MELB_URBAN,ROAD,9,18.0
166259,3,5,167,5,3,80.0,0,N,MELB_URBAN,HIGHWAY,9,18.0
166260,1,5,130,5,1,100.0,0,N,MELB_URBAN,RAMP,9,16.0
166261,2,6,102,5,1,50.0,0,N,MELB_URBAN,STREET,9,15.0
166262,1,6,120,1,3,70.0,0,I,MELB_URBAN,ROAD,9,20.0
166263,4,5,171,5,5,60.0,0,N,RURAL_VICTORIA,ROAD,9,21.0
166264,2,5,100,5,3,50.0,0,N,MELB_URBAN,STREET,9,22.0
166265,4,6,99,5,3,60.0,0,N,MELB_URBAN,PARADE,9,20.0
166266,1,4,130,1,1,80.0,0,N,MELB_URBAN,ROAD,9,9.0
166267,1,7,160,5,3,40.0,0,N,UNKNOWN,STREET,9,0.0
166268,2,6,99,5,3,50.0,0,N,SMALL_CITIES,STREET,9,23.0
166269,4,7,173,5,5,110.0,0,N,RURAL_VICTORIA,FREEWAY,9,1.0
166270,4,7,173,5,5,60.0,1,N,SMALL_TOWNS,STREET,9,2.0
166271,4,7,173,5,5,100.0,0,N,RURAL_VICTORIA,ROAD,9,4.0
166272,4,7,173,5,5,100.0,1,N,RURAL_VICTORIA,HIGHWAY,9,0.0
166273,1,6,99,2,3,60.0,0,I,MELB_URBAN,ROAD,9,21.0
166274,1,4,130,5,1,60.0,0,N,UNKNOWN,ROAD,9,12.0
166275,3,7,167,5,1,80.0,0,N,UNKNOWN,ROAD,9,6.0
166276,1,7,110,1,1,80.0,0,I,RURAL_VICTORIA,ROAD,9,8.0
166277,1,7,116,2,1,80.0,0,N,MELB_URBAN,STREET,9,10.0
166278,1,7,113,2,1,80.0,0,I,RURAL_VICTORIA,HIGHWAY,9,9.0
166279,1,7,110,1,1,50.0,0,I,MELB_URBAN,STREET,9,12.0
166280,1,7,132,5,1,80.0,0,N,UNKNOWN,ROAD,9,12.0
166281,1,6,113,2,1,60.0,0,I,RURAL_VICTORIA,RAMP,9,10.0
166282,1,7,130,5,1,40.0,0,N,MELBOURNE_CBD,STREET,9,14.0
166283,1,5,147,5,9,60.0,0,N,MELB_URBAN,STREET,6,17.0
166284,5,7,99,5,1,40.0,0,N,MELB_URBAN,ROAD,9,13.0
166285,1,7,110,1,1,50.0,0,I,MELB_URBAN,STREET,9,13.0
166286,1,7,130,5,1,50.0,0,N,UNKNOWN,ROAD,9,12.0
166287,1,6,130,5,1,100.0,0,N,MELB_URBAN,UNKNOWN,9,10.0
166288,4,7,173,3,1,80.0,0,I,RURAL_VICTORIA,ROAD,9,13.0
166289,1,6,110,1,1,60.0,0,I,MELB_URBAN,ROAD,9,11.0
166290,1,7,116,1,1,60.0,0,I,MELB_URBAN,ROAD,9,16.0
166291,8,6,99,5,1,60.0,0,N,RURAL_VICTORIA,ROAD,9,12.0
166292,1,7,130,5,1,80.0,0,N,RURAL_VICTORIA,ROAD,9,12.0
166293,1,7,111,2,1,60.0,0,I,TOWNS,STREET,9,16.0
166294,1,6,133,5,1,60.0,0,N,RURAL_VICTORIA,ROAD,9,16.0
166295,1,1,130,5,1,60.0,0,N,MELB_URBAN,ROAD,9,15.0
166296,1,6,130,5,2,60.0,0,N,MELB_URBAN,ROAD,9,17.0
166297,1,6,130,2,1,60.0,0,I,MELB_URBAN,AVENUE,9,13.0
166298,1,7,120,5,1,60.0,0,N,MELB_URBAN,ROAD,9,16.0
166299,1,6,121,1,1,80.0,0,N,MELB_URBAN,ROAD,9,10.0
166300,1,7,135,5,1,60.0,0,N,MELB_URBAN,ROAD,9,16.0
166301,1,7,110,1,3,60.0,0,I,TOWNS,ROAD,9,18.0
166302,1,6,147,5,1,40.0,0,N,UNKNOWN,ROAD,9,11.0
166303,1,7,130,5,1,60.0,0,N,MELB_URBAN,ROAD,9,17.0
166304,1,7,132,2,1,60.0,0,I,MELB_URBAN,ROAD,9,16.0
166305,1,7,134,5,1,60.0,0,N,MELB_URBAN,ROAD,9,14.0
166306,2,7,99,5,5,60.0,0,N,UNKNOWN,STREET,9,21.0
166307,1,7,110,1,3,50.0,0,I,SMALL_CITIES,AVENUE,9,22.0
166308,4,4,173,5,3,80.0,0,N,RURAL_VICTORIA,HIGHWAY,9,1.0
166309,1,7,132,2,3,60.0,0,I,MELB_URBAN,ROAD,9,22.0
166310,1,6,99,5,6,60.0,0,N,UNKNOWN,ROAD,9,20.0
166311,1,7,163,5,3,40.0,0,N,MELB_URBAN,ROAD,9,21.0
166312,8,1,99,5,5,50.0,0,N,MELB_URBAN,AVENUE,9,0.0
166313,5,6,99,5,1,100.0,0,N,UNKNOWN,FREEWAY,9,10.0
166314,8,7,99,2,1,50.0,0,N,MELB_URBAN,BOULEVARD,9,10.0
166315,1,2,99,2,1,50.0,0,I,MELB_URBAN,ROAD,9,15.0
166316,1,5,134,5,1,60.0,0,N,UNKNOWN,ROAD,9,14.0
166317,1,0,110,1,1,60.0,0,I,TOWNS,STREET,9,10.0
166318,4,1,171,5,1,50.0,0,N,MELB_URBAN,OTHER,9,12.0
166319,4,0,171,5,1,80.0,0,N,RURAL_VICTORIA,ROAD,9,13.0
166320,1,1,120,5,1,100.0,1,N,RURAL_VICTORIA,ROAD,9,9.0
166321,6,1,174,5,1,60.0,0,N,MELB_URBAN,BOULEVARD,9,11.0
166322,4,6,99,5,5,100.0,0,N,UNKNOWN,HIGHWAY,9,22.0
166323,1,1,130,5,1,70.0,0,N,MELB_URBAN,ROAD,9,13.0
166324,1,1,99,1,9,60.0,0,N,UNKNOWN,STREET,9,13.0
166325,1,7,121,1,9,60.0,0,N,MELB_URBAN,STREET,9,22.0
166326,8,1,99,5,1,100.0,0,N,RURAL_VICTORIA,ROAD,9,14.0
166327,6,1,99,5,1,80.0,0,N,TOWNS,ROAD,9,15.0
166328,1,0,110,1,2,60.0,0,I,SMALL_CITIES,STREET,9,17.0
166329,1,1,120,5,1,100.0,1,N,RURAL_VICTORIA,ROAD,9,10.0
166330,4,1,181,5,1,100.0,0,N,RURAL_VICTORIA,HIGHWAY,9,9.0
166331,1,0,133,1,3,80.0,0,I,MELB_URBAN,HIGHWAY,9,18.0
166332,1,1,133,5,1,80.0,0,N,MELB_URBAN,ROAD,9,17.0
166333,1,1,134,5,3,100.0,0,N,MELB_URBAN,ROAD,9,18.0
166334,1,1,130,5,3,100.0,0,N,MELB_URBAN,FREEWAY,9,18.0
166335,1,1,110,1,3,50.0,0,I,MELB_URBAN,ROAD,9,19.0
166336,6,1,174,5,5,80.0,0,N,RURAL_VICTORIA,ROAD,9,22.0
166337,4,2,183,5,3,50.0,0,N,MELB_URBAN,OTHER,9,0.0
166338,4,1,173,5,3,60.0,0,N,SMALL_CITIES,ROAD,9,3.0
166339,4,2,171,2,3,80.0,0,N,MELB_URBAN,ROAD,9,2.0
166340,1,6,110,1,1,100.0,0,I,RURAL_VICTORIA,ROAD,9,10.0
166341,1,5,130,5,1,60.0,0,N,MELB_URBAN,ROAD,9,8.0
166342,1,7,99,1,1,60.0,0,I,LARGE_PROVINCIAL_CITIES,AVENUE,9,16.0
166343,1,4,130,1,2,80.0,0,I,MELB_URBAN,HIGHWAY,4,8.0
166344,1,6,130,2,2,80.0,0,N,RURAL_VICTORIA,ROAD,9,17.0
166345,1,4,130,5,1,50.0,0,N,MELB_URBAN,ROAD,8,9.0
166346,1,2,120,5,1,60.0,0,N,UNKNOWN,ROAD,9,7.0
166347,1,2,121,5,1,60.0,0,N,MELB_URBAN,STREET,9,15.0
166348,1,2,110,1,1,50.0,0,I,MELB_URBAN,OTHER,9,7.0
166349,1,6,130,2,1,60.0,0,I,MELB_URBAN,ROAD,9,17.0
166350,6,1,174,5,1,40.0,0,N,UNKNOWN,OTHER,9,10.0
166351,1,2,99,1,1,80.0,0,I,MELB_URBAN,ROAD,9,9.0
166352,6,1,99,5,5,100.0,0,N,RURAL_VICTORIA,ROAD,9,21.0
166353,1,1,130,2,1,100.0,0,I,MELB_URBAN,FREEWAY,9,11.0
166354,2,5,100,2,1,60.0,0,I,LARGE_PROVINCIAL_CITIES,AVENUE,9,17.0
166355,2,1,99,5,1,50.0,0,N,MELB_URBAN,AVENUE,9,12.0
166356,1,5,121,1,2,60.0,0,I,MELB_URBAN,ROAD,6,7.0
166357,1,2,130,2,1,80.0,0,I,LARGE_PROVINCIAL_CITIES,HIGHWAY,9,12.0
166358,6,6,174,2,1,60.0,0,N,UNKNOWN,DRIVE,9,16.0
166359,1,2,140,5,1,60.0,0,N,UNKNOWN,STREET,9,13.0
166360,6,6,184,5,1,60.0,0,N,RURAL_VICTORIA,ROAD,9,19.0
166361,1,0,99,2,1,60.0,0,I,MELB_URBAN,ROAD,9,16.0
166362,1,4,130,5,1,60.0,0,N,RURAL_VICTORIA,UNKNOWN,9,9.0
166363,4,2,99,2,1,100.0,0,I,RURAL_VICTORIA,ROAD,9,12.0
166364,4,2,171,1,1,50.0,0,I,UNKNOWN,ROAD,9,13.0
166365,1,7,133,5,3,70.0,0,N,MELB_URBAN,RAMP,8,0.0
166366,1,6,133,5,1,60.0,0,N,UNKNOWN,ROAD,9,6.0
166367,6,1,174,5,1,50.0,0,N,MELB_URBAN,STREET,9,18.0
166368,1,0,130,5,1,80.0,0,N,MELB_URBAN,FREEWAY,8,16.0
166369,3,4,167,5,5,100.0,0,N,TOWNS,ROAD,9,22.0
166370,1,5,99,5,1,50.0,0,N,RURAL_VICTORIA,DRIVE,8,10.0
166371,1,1,130,5,1,100.0,0,N,MELB_URBAN,FREEWAY,9,14.0
166372,2,7,99,5,5,100.0,0,N,RURAL_VICTORIA,HIGHWAY,7,18.0
166373,6,5,174,1,1,50.0,0,N,RURAL_VICTORIA,DRIVE,9,8.0
166374,1,2,130,1,1,60.0,0,I,MELB_URBAN,ROAD,9,14.0
166375,1,2,113,1,1,70.0,0,N,MELB_URBAN,ROAD,9,16.0
166376,4,2,99,5,1,100.0,0,N,MELB_URBAN,FREEWAY,9,15.0
166377,1,2,135,5,1,60.0,0,N,MELB_URBAN,ROAD,9,14.0
166378,4,1,173,5,1,100.0,0,N,RURAL_VICTORIA,HIGHWAY,9,15.0
166379,4,2,171,5,1,100.0,0,N,RURAL_VICTORIA,ROAD,9,15.0
166380,1,1,99,5,1,60.0,0,N,UNKNOWN,ROAD,9,17.0
166381,1,6,130,5,2,60.0,0,N,LARGE_PROVINCIAL_CITIES,ROAD,7,17.0
166382,4,1,173,5,2,60.0,0,N,LARGE_PROVINCIAL_CITIES,STREET,9,18.0
166383,1,2,130,5,3,60.0,0,N,LARGE_PROVINCIAL_CITIES,ROAD,9,19.0
166384,3,7,167,5,5,60.0,0,N,SMALL_CITIES,ROAD,7,19.0
166385,1,2,110,1,1,60.0,0,I,MELB_URBAN,ROAD,9,15.0
166386,1,2,99,1,2,60.0,0,I,MELB_URBAN,ROAD,9,19.0
166387,1,1,120,2,3,70.0,0,I,MELB_URBAN,ROAD,9,20.0
166388,1,2,160,5,1,60.0,0,N,MELB_URBAN,ROAD,9,17.0
166389,1,1,121,1,3,80.0,0,N,MELB_URBAN,ROAD,9,20.0
166390,1,1,110,1,3,40.0,0,I,LARGE_PROVINCIAL_CITIES,STREET,9,20.0
166391,1,2,111,2,1,60.0,0,I,SMALL_CITIES,STREET,9,12.0
166392,1,2,121,1,1,60.0,0,I,MELB_URBAN,ROAD,9,15.0
166393,1,5,113,2,1,60.0,0,I,SMALL_CITIES,AVENUE,9,8.0
166394,1,2,121,1,3,70.0,0,I,SMALL_CITIES,ROAD,9,22.0
166395,6,2,174,5,1,60.0,0,N,UNKNOWN,ROAD,9,15.0
166396,1,2,160,5,1,60.0,0,N,MELB_URBAN,ROAD,9,11.0
166397,1,2,130,5,1,100.0,0,N,MELB_URBAN,FREEWAY,6,6.0
166398,1,1,110,1,1,50.0,0,I,MELB_URBAN,HIGHWAY,9,8.0
166399,4,3,181,5,1,60.0,0,N,SMALL_CITIES,ROAD,9,6.0
166400,2,3,102,5,3,60.0,0,N,MELB_URBAN,ROAD,9,5.0
166401,1,2,120,2,1,60.0,0,I,MELB_URBAN,ROAD,9,7.0
166402,1,3,121,1,1,60.0,0,I,MELB_URBAN,ROAD,9,8.0
166403,6,1,174,5,1,60.0,0,N,RURAL_VICTORIA,ROAD,9,11.0
166404,1,1,110,1,3,60.0,0,I,MELB_URBAN,HIGHWAY,9,18.0
166405,1,3,111,2,1,50.0,0,N,TOWNS,ROAD,3,12.0
166406,1,4,133,5,3,100.0,0,N,MELB_URBAN,ROAD,9,22.0
166407,1,2,113,2,1,50.0,0,I,MELB_URBAN,BOULEVARD,9,11.0
166408,1,5,130,5,2,70.0,0,N,MELB_URBAN,ROAD,8,6.0
166409,6,3,184,1,1,60.0,0,I,MELB_URBAN,ROAD,9,10.0
166410,1,5,130,1,1,60.0,0,I,MELB_URBAN,ROAD,8,16.0
166411,1,5,130,2,1,60.0,0,I,MELB_URBAN,DRIVE,4,11.0
166412,5,6,99,5,1,60.0,0,N,RURAL_VICTORIA,OTHER,9,14.0
166413,1,3,110,1,1,60.0,0,I,RURAL_VICTORIA,ROAD,9,12.0
166414,1,2,130,5,1,80.0,0,N,MELB_URBAN,FREEWAY,9,13.0
166415,4,2,171,2,1,80.0,0,I,SMALL_CITIES,HIGHWAY,9,12.0
166416,1,2,110,1,1,60.0,0,I,MELB_URBAN,ROAD,9,7.0
166417,1,3,113,2,1,60.0,0,I,SMALL_CITIES,STREET,9,10.0
166418,1,3,121,5,1,100.0,0,N,UNKNOWN,HIGHWAY,9,14.0
166419,6,5,99,5,5,80.0,0,N,RURAL_VICTORIA,ROAD,7,20.0
166420,1,3,113,1,1,80.0,0,I,MELB_URBAN,ROAD,9,13.0
166421,6,3,174,5,1,40.0,0,N,MELB_URBAN,STREET,9,15.0
166422,4,2,183,5,1,50.0,0,N,UNKNOWN,STREET,9,14.0
166423,1,6,110,1,9,60.0,0,I,MELB_URBAN,ROAD,9,6.0
166424,1,2,130,5,1,60.0,0,I,MELB_URBAN,ROAD,9,15.0
166425,2,3,100,1,1,80.0,0,I,MELB_URBAN,ROAD,9,12.0
166426,1,2,121,2,1,80.0,0,I,MELB_URBAN,ROAD,9,15.0
166427,4,2,183,5,1,80.0,0,N,RURAL_VICTORIA,ROAD,9,13.0
166428,1,2,120,5,1,60.0,0,N,RURAL_VICTORIA,STREET,9,15.0
166429,1,1,130,5,1,60.0,0,N,MELB_URBAN,ROAD,7,15.0
166430,1,5,130,2,2,60.0,0,I,MELB_URBAN,ROAD,9,16.0
166431,1,2,130,1,1,60.0,0,N,MELB_URBAN,ROAD,9,14.0
166432,1,2,130,5,3,60.0,0,N,MELB_URBAN,ROAD,9,17.0
166433,1,5,160,5,1,50.0,0,N,MELB_URBAN,STREET,9,13.0
166434,1,2,130,5,9,80.0,0,N,UNKNOWN,FREEWAY,8,6.0
166435,1,6,130,5,1,60.0,0,N,MELB_URBAN,PARADE,9,13.0
166436,1,4,113,2,9,60.0,0,N,UNKNOWN,ROAD,8,7.0
166437,1,3,130,1,6,60.0,0,I,MELB_URBAN,ROAD,8,18.0
166438,1,3,110,1,5,80.0,0,I,RURAL_VICTORIA,ROAD,9,19.0
166439,1,2,130,2,1,60.0,0,N,MELB_URBAN,ROAD,9,15.0
166440,6,3,99,5,1,80.0,0,N,RURAL_VICTORIA,ROAD,9,14.0
166441,1,3,111,2,1,60.0,0,I,SMALL_CITIES,STREET,9,17.0
166442,1,2,135,5,3,60.0,0,N,MELB_URBAN,ROAD,9,18.0
166443,1,3,99,2,3,60.0,0,I,MELB_URBAN,ROAD,9,21.0
166444,1,3,113,2,3,70.0,0,I,MELB_URBAN,ROAD,9,20.0
166445,1,2,110,1,9,60.0,0,I,MELB_URBAN,STREET,9,21.0
166446,1,3,160,5,5,60.0,0,N,MELB_URBAN,DRIVE,9,21.0
166447,1,7,113,1,1,40.0,0,I,MELB_URBAN,ROAD,9,8.0
166448,1,4,163,5,3,40.0,0,N,UNKNOWN,STREET,9,0.0
166449,6,2,99,5,5,80.0,0,N,RURAL_VICTORIA,ROAD,9,22.0
166450,1,4,130,5,2,40.0,0,N,MELB_URBAN,STREET,9,6.0
166451,1,3,130,2,1,50.0,0,N,MELB_URBAN,ROAD,8,16.0
166452,1,3,99,2,1,50.0,0,I,MELB_URBAN,ROAD,9,7.0
166453,1,7,140,5,3,60.0,0,N,MELB_URBAN,ROAD,9,20.0
166454,1,4,120,5,1,60.0,0,N,MELB_URBAN,ROAD,9,7.0
166455,1,5,130,5,2,60.0,0,N,MELB_URBAN,ROAD,9,19.0
166456,1,3,110,1,1,60.0,0,I,SMALL_CITIES,STREET,9,8.0
166457,4,4,173,5,1,80.0,0,N,UNKNOWN,ROAD,9,9.0
166458,1,2,116,2,1,60.0,0,N,UNKNOWN,STREET,9,8.0
166459,9,4,99,5,6,60.0,0,N,UNKNOWN,STREET,9,4.0