,accident_type,day_of_week,dca_code,road_geometry,light_condition,speed_zone,severity,node_type,deg_urban_name,road_type,month,hour
166460,2,1,99,1,9,60.0,0,I,MELBOURNE_CBD,STREET,6,5.0
166461,1,4,121,2,1,60.0,0,I,MELB_URBAN,DRIVE,9,10.0
166462,1,4,130,5,1,60.0,0,N,UNKNOWN,ROAD,9,12.0
166463,1,4,135,5,1,50.0,0,N,UNKNOWN,STREET,9,6.0
166464,1,3,130,5,1,70.0,0,N,MELB_URBAN,ROAD,9,10.0
166465,1,2,130,5,9,80.0,0,N,SMALL_CITIES,HIGHWAY,5,15.0
166466,2,0,100,5,1,60.0,0,N,MELB_URBAN,ROAD,9,13.0
166467,8,6,174,1,2,40.0,0,N,MELB_URBAN,ROAD,9,18.0
166468,1,3,130,5,1,100.0,0,N,RURAL_VICTORIA,HIGHWAY,9,12.0
166469,2,3,100,1,1,60.0,0,I,MELB_URBAN,PARADE,9,15.0
166470,1,4,116,2,1,60.0,0,I,MELB_URBAN,STREET,9,7.0
166471,1,3,130,5,1,60.0,0,N,MELB_URBAN,OTHER,9,7.0
166472,4,3,173,1,1,60.0,0,I,MELB_URBAN,ROAD,9,15.0
166473,1,6,130,1,9,60.0,0,I,MELB_URBAN,FREEWAY,8,12.0
166474,1,4,130,5,1,60.0,0,N,MELB_URBAN,ROAD,9,15.0
166475,1,6,130,1,1,60.0,0,I,MELB_URBAN,ROAD,9,12.0
166476,1,4,147,2,1,50.0,0,I,MELB_URBAN,STREET,9,15.0
166477,1,6,99,5,1,60.0,0,N,MELB_URBAN,STREET,9,12.0
166478,1,4,160,2,2,60.0,0,N,MELB_URBAN,PARADE,9,7.0
166479,2,4,99,5,1,60.0,0,N,MELB_URBAN,DRIVE,9,12.0
166480,1,0,160,5,3,50.0,0,N,MELB_URBAN,AVENUE,9,3.0
166481,6,3,170,5,5,100.0,0,N,RURAL_VICTORIA,ROAD,9,19.0
166482,1,4,121,2,3,50.0,0,I,MELB_URBAN,AVENUE,9,20.0
166483,1,3,99,5,1,60.0,0,N,LARGE_PROVINCIAL_CITIES,ROAD,9,15.0
166484,1,4,110,1,1,100.0,0,N,RURAL_VICTORIA,ROAD,9,15.0
166485,2,4,99,5,5,50.0,0,N,MELB_URBAN,ROAD,9,1.0
166486,4,4,171,5,5,100.0,1,N,RURAL_VICTORIA,HIGHWAY,9,23.0
166487,1,5,135,5,1,80.0,0,N,MELB_URBAN,OTHER,9,6.0
166488,1,4,132,2,2,50.0,0,I,MELB_URBAN,STREET,8,18.0
166489,2,4,99,1,1,60.0,0,N,UNKNOWN,ROAD,9,7.0
166490,1,2,130,2,1,60.0,0,I,MELB_URBAN,STREET,9,13.0
166491,1,6,110,1,1,60.0,0,I,MELB_URBAN,ROAD,9,12.0
166492,1,2,110,1,1,50.0,0,I,MELB_URBAN,STREET,8,17.0
166493,1,5,130,5,1,80.0,0,N,MELB_URBAN,HIGHWAY,9,8.0
166494,1,5,134,5,1,40.0,0,N,MELB_URBAN,DRIVE,9,8.0
166495,6,4,170,5,1,100.0,0,N,UNKNOWN,ROAD,9,8.0
166496,1,4,130,5,1,100.0,0,N,MELB_URBAN,ROAD,9,6.0
166497,1,1,130,5,1,60.0,0,N,RURAL_VICTORIA,ROAD,9,9.0
166498,1,4,140,2,1,80.0,0,I,MELB_URBAN,ROAD,9,12.0
166499,1,5,134,1,1,60.0,0,N,MELB_URBAN,HIGHWAY,9,11.0
166500,1,5,133,2,1,100.0,0,N,MELB_URBAN,ROAD,9,9.0
166501,6,7,174,5,1,100.0,0,N,RURAL_VICTORIA,ROAD,9,13.0
166502,1,5,140,2,1,60.0,0,I,MELB_URBAN,ROAD,9,12.0
166503,1,4,130,5,1,50.0,0,N,LARGE_PROVINCIAL_CITIES,OTHER,4,11.0
166504,1,5,110,1,1,60.0,0,I,SMALL_TOWNS,HIGHWAY,9,10.0
166505,6,4,99,5,1,80.0,0,N,RURAL_VICTORIA,ROAD,9,9.0
166506,1,4,121,1,1,60.0,0,I,MELB_URBAN,ROAD,9,7.0
166507,1,5,99,1,1,40.0,0,I,MELB_URBAN,STREET,9,8.0
166508,4,5,171,5,1,80.0,0,N,UNKNOWN,ROAD,9,11.0
166509,4,5,173,5,1,70.0,0,N,UNKNOWN,STREET,9,13.0
166510,4,5,183,5,1,80.0,0,N,RURAL_VICTORIA,ROAD,9,10.0
166511,1,5,121,2,1,60.0,0,I,MELB_URBAN,ROAD,9,9.0
166512,1,2,111,1,3,60.0,0,I,MELB_URBAN,STREET,9,20.0
166513,1,1,99,5,5,80.0,0,N,LARGE_PROVINCIAL_CITIES,ROAD,9,21.0
166514,1,4,111,1,1,80.0,0,I,SMALL_CITIES,HIGHWAY,9,9.0
166515,1,1,130,1,1,40.0,0,N,MELB_URBAN,STREET,9,15.0
166516,1,5,99,5,1,40.0,0,N,MELB_URBAN,STREET,9,15.0
166517,1,4,147,5,1,50.0,0,N,MELB_URBAN,OTHER,9,14.0
166518,4,5,99,5,1,40.0,0,N,UNKNOWN,ROAD,8,10.0
166519,1,4,121,2,1,60.0,0,I,MELB_URBAN,STREET,9,14.0
166520,1,5,130,5,1,80.0,0,N,MELB_URBAN,HIGHWAY,9,11.0
166521,1,5,140,2,1,80.0,0,I,RURAL_VICTORIA,HIGHWAY,9,9.0
166522,1,6,99,1,5,80.0,0,I,RURAL_VICTORIA,ROAD,9,19.0
166523,1,5,99,1,1,80.0,0,I,MELB_URBAN,ROAD,9,8.0
166524,6,4,99,5,1,100.0,0,N,RURAL_VICTORIA,ROAD,9,14.0
166525,1,5,120,5,1,100.0,0,N,RURAL_VICTORIA,ROAD,9,14.0
166526,1,5,99,5,1,40.0,0,N,MELB_URBAN,DRIVE,9,16.0
166527,2,5,102,1,1,60.0,1,I,MELB_URBAN,UNKNOWN,9,15.0
166528,1,4,121,2,2,40.0,0,I,MELB_URBAN,STREET,9,17.0
166529,1,5,120,5,1,70.0,1,N,TOWNS,HIGHWAY,9,15.0
166530,1,5,130,5,9,60.0,0,N,MELB_URBAN,PARADE,9,16.0
166531,4,1,99,2,2,60.0,0,I,MELB_URBAN,ROAD,9,17.0
166532,1,4,130,1,9,70.0,0,I,MELB_URBAN,ROAD,9,8.0
166533,2,4,99,5,1,60.0,0,N,UNKNOWN,ROAD,9,17.0
166534,1,7,130,5,2,80.0,0,N,MELB_URBAN,ROAD,2,21.0
166535,4,3,171,5,5,100.0,0,N,RURAL_VICTORIA,ROAD,9,22.0
166536,1,4,133,5,2,100.0,0,N,RURAL_VICTORIA,ROAD,9,18.0
166537,3,5,167,5,5,100.0,0,N,RURAL_VICTORIA,BOULEVARD,8,20.0
166538,1,4,130,2,3,60.0,0,N,MELB_URBAN,RAMP,9,19.0
166539,1,5,120,5,2,100.0,0,N,RURAL_VICTORIA,ROAD,9,17.0
166540,1,5,140,5,3,60.0,0,N,MELB_URBAN,ROAD,9,19.0
166541,2,5,99,5,1,40.0,0,N,UNKNOWN,STREET,9,13.0
166542,1,4,110,1,3,50.0,0,I,LARGE_PROVINCIAL_CITIES,ROAD,9,21.0
166543,7,5,99,5,1,60.0,0,N,MELB_URBAN,ROAD,9,15.0
166544,4,5,171,2,1,60.0,0,I,MELB_URBAN,STREET,9,16.0
166545,1,5,130,1,1,70.0,0,I,MELB_URBAN,STREET,9,12.0
166546,1,5,140,5,3,70.0,0,N,RURAL_VICTORIA,ROAD,9,19.0
166547,1,6,140,5,2,80.0,0,N,UNKNOWN,STREET,9,17.0
166548,1,5,120,5,1,80.0,0,N,RURAL_VICTORIA,ROAD,9,12.0
166549,4,4,181,5,5,100.0,0,N,SMALL_CITIES,ROAD,9,22.0
166550,1,2,130,5,1,80.0,0,N,UNKNOWN,ROAD,9,12.0
166551,1,3,130,5,1,60.0,0,N,MELB_URBAN,FREEWAY,9,8.0
166552,1,6,132,2,1,100.0,0,I,RURAL_VICTORIA,HIGHWAY,9,7.0
166553,1,6,110,1,1,50.0,0,I,MELB_URBAN,AVENUE,9,8.0
166554,1,5,110,1,1,50.0,0,I,TOWNS,STREET,9,9.0
166555,2,3,99,5,3,50.0,0,N,SMALL_TOWNS,OTHER,7,23.0
166556,1,5,121,5,1,60.0,0,N,MELB_URBAN,ROAD,9,9.0
166557,1,5,134,5,1,80.0,0,N,MELB_URBAN,HIGHWAY,9,7.0
166558,1,6,99,5,1,60.0,0,N,MELB_URBAN,STREET,9,8.0
166559,1,6,130,2,1,70.0,0,N,UNKNOWN,ROAD,9,12.0
166560,1,4,130,5,1,60.0,0,N,MELB_URBAN,ROAD,9,14.0
166561,1,2,135,5,1,60.0,0,N,MELB_URBAN,ROAD,9,16.0
166562,1,6,110,1,1,60.0,0,I,SMALL_CITIES,STREET,9,11.0
166563,1,5,120,2,1,80.0,0,I,MELB_URBAN,ROAD,9,13.0
166564,1,5,135,5,1,100.0,0,N,MELB_URBAN,FREEWAY,9,8.0
166565,1,6,130,5,1,40.0,0,N,LARGE_PROVINCIAL_CITIES,PARADE,9,15.0
166566,6,5,99,5,1,100.0,0,N,RURAL_VICTORIA,ROAD,9,11.0
166567,4,6,173,5,1,110.0,0,N,UNKNOWN,FREEWAY,9,14.0
166568,1,4,130,5,1,80.0,0,N,MELB_URBAN,OTHER,9,8.0
166569,4,5,171,5,1,100.0,0,N,RURAL_VICTORIA,ROAD,9,14.0
166570,1,6,130,5,1,80.0,0,N,MELB_URBAN,ROAD,9,14.0
166571,1,5,133,1,1,60.0,0,N,MELB_URBAN,ROAD,9,11.0
166572,1,7,163,2,1,40.0,0,N,MELB_URBAN,STREET,9,12.0
166573,1,4,130,2,2,60.0,0,I,MELB_URBAN,ROAD,4,17.0
166574,1,0,120,5,3,50.0,0,N,MELB_URBAN,ROAD,8,20.0
166575,7,5,99,2,3,50.0,0,N,MELB_URBAN,STREET,9,0.0
166576,1,6,121,2,1,100.0,1,N,RURAL_VICTORIA,ROAD,9,14.0
166577,1,5,130,5,1,100.0,0,N,MELB_URBAN,ROAD,9,15.0
166578,1,6,113,2,1,60.0,0,I,SMALL_CITIES,ROAD,9,13.0
166579,1,6,130,5,1,100.0,0,N,RURAL_VICTORIA,FREEWAY,9,17.0
166580,1,6,99,5,1,50.0,0,N,MELB_URBAN,AVENUE,9,14.0
166581,1,6,130,1,1,30.0,0,I,MELB_URBAN,ROAD,9,14.0
166582,1,6,132,5,1,60.0,0,N,SMALL_TOWNS,ROAD,9,16.0
166583,1,6,121,2,1,40.0,0,I,MELB_URBAN,ROAD,9,15.0
166584,8,4,184,5,1,60.0,0,N,LARGE_PROVINCIAL_CITIES,ROAD,9,15.0
166585,1,3,130,5,1,50.0,0,N,MELB_URBAN,AVENUE,9,9.0
166586,8,6,99,5,3,80.0,0,N,MELB_URBAN,ROAD,9,19.0
166587,1,6,113,2,3,60.0,0,I,RURAL_VICTORIA,ROAD,9,19.0
166588,2,6,100,5,5,60.0,0,N,UNKNOWN,ROAD,9,18.0
166589,1,6,113,2,1,80.0,0,N,MELB_URBAN,ROAD,9,16.0
166590,2,5,100,5,1,60.0,0,N,MELB_URBAN,ROAD,9,17.0
166591,1,6,133,5,1,80.0,0,N,UNKNOWN,ROAD,9,17.0
166592,1,6,110,1,3,70.0,0,I,SMALL_CITIES,PARADE,9,21.0
166593,1,6,99,5,2,50.0,0,N,MELB_URBAN,STREET,9,19.0
166594,2,6,100,1,1,60.0,0,N,MELB_URBAN,ROAD,9,6.0
166595,1,5,130,1,6,60.0,0,I,MELB_URBAN,AVENUE,9,22.0
166596,8,7,174,1,3,40.0,0,I,MELB_URBAN,BOULEVARD,9,2.0
166597,1,6,110,1,3,60.0,0,I,MELB_URBAN,STREET,9,0.0
166598,4,6,173,5,3,70.0,0,N,MELB_URBAN,STREET,9,0.0
166599,2,7,102,5,3,50.0,0,N,MELB_URBAN,PARADE,9,1.0
166600,3,4,167,5,3,60.0,0,N,MELB_URBAN,DRIVE,8,0.0
166601,1,2,116,1,2,100.0,0,I,MELB_URBAN,ROAD,8,17.0
166602,8,4,99,5,2,70.0,0,N,MELB_URBAN,ROAD,9,18.0
166603,1,3,132,2,9,60.0,0,N,MELB_URBAN,STREET,9,15.0
166604,1,6,132,5,3,50.0,0,I,MELB_URBAN,DRIVE,9,20.0
166605,1,6,130,2,1,60.0,0,N,MELB_URBAN,ROAD,9,14.0
166606,6,6,170,1,1,100.0,0,I,RURAL_VICTORIA,ROAD,9,10.0
166607,1,7,121,2,1,60.0,0,I,MELB_URBAN,STREET,9,10.0
166608,1,6,113,2,3,60.0,0,I,MELB_URBAN,STREET,9,21.0
166609,1,7,110,1,1,60.0,0,I,LARGE_PROVINCIAL_CITIES,ROAD,9,10.0
166610,2,7,102,5,1,50.0,1,N,MELB_URBAN,STREET,9,10.0
166611,1,6,110,1,1,40.0,0,I,MELB_URBAN,ROAD,9,12.0
166612,4,7,171,5,1,60.0,0,N,UNKNOWN,ROAD,9,13.0
166613,1,7,116,1,1,50.0,0,N,UNKNOWN,AVENUE,9,14.0
166614,1,7,99,2,1,60.0,0,I,MELB_URBAN,STREET,9,13.0
166615,5,7,99,5,1,100.0,0,N,RURAL_VICTORIA,ROAD,9,12.0
166616,1,6,121,5,1,50.0,0,N,SMALL_CITIES,STREET,9,14.0
166617,1,1,121,2,1,80.0,0,I,RURAL_VICTORIA,ROAD,9,15.0
166618,6,7,170,5,1,100.0,0,N,UNKNOWN,FREEWAY,9,13.0
166619,4,7,171,5,1,60.0,0,N,UNKNOWN,STREET,9,7.0
166620,4,5,183,5,5,40.0,0,O,MELB_URBAN,UNKNOWN,9,20.0
166621,6,7,174,2,1,60.0,0,I,MELB_URBAN,ROAD,9,14.0
166622,4,7,171,2,1,50.0,1,I,RURAL_VICTORIA,OTHER,9,14.0
166623,6,7,174,5,1,60.0,0,N,RURAL_VICTORIA,OTHER,9,16.0
166624,1,6,110,1,1,50.0,0,I,SMALL_CITIES,ROAD,9,16.0
166625,4,6,183,3,1,50.0,0,N,UNKNOWN,STREET,9,15.0
166626,1,2,130,5,1,60.0,0,N,MELB_URBAN,STREET,9,16.0
166627,3,5,167,5,1,100.0,0,N,RURAL_VICTORIA,ROAD,9,6.0
166628,6,6,99,2,5,100.0,0,I,RURAL_VICTORIA,ROAD,9,19.0
166629,4,6,171,5,3,80.0,0,N,RURAL_VICTORIA,ROAD,9,19.0
166630,1,7,163,5,3,40.0,0,N,MELB_URBAN,ROAD,9,19.0
166631,4,6,173,5,3,60.0,0,N,MELB_URBAN,AVENUE,9,4.0
166632,4,6,171,5,3,40.0,0,N,UNKNOWN,DRIVE,9,3.0
166633,1,7,120,5,1,100.0,0,N,RURAL_VICTORIA,HIGHWAY,9,14.0
166634,1,7,121,2,3,60.0,0,N,MELB_URBAN,DRIVE,9,23.0
166635,1,7,121,5,3,50.0,0,N,SMALL_CITIES,BOULEVARD,9,21.0
166636,8,7,174,5,3,40.0,0,N,MELB_URBAN,STREET,9,1.0
166637,1,0,120,5,3,50.0,0,N,MELB_URBAN,ROAD,9,3.0
166638,1,1,121,1,1,60.0,0,I,MELB_URBAN,STREET,9,9.0
166639,8,7,174,5,1,60.0,0,N,RURAL_VICTORIA,ROAD,9,10.0
166640,1,1,121,2,1,60.0,0,I,LARGE_PROVINCIAL_CITIES,ROAD,9,8.0
166641,4,1,173,5,1,110.0,0,N,RURAL_VICTORIA,FREEWAY,9,7.0
166642,4,1,171,5,1,60.0,0,N,MELB_URBAN,ROAD,9,10.0
166643,4,1,181,5,1,100.0,0,N,UNKNOWN,HIGHWAY,9,9.0
166644,1,4,121,1,1,50.0,0,I,SMALL_CITIES,STREET,9,15.0
166645,8,7,174,5,1,60.0,0,N,UNKNOWN,ROAD,9,14.0
166646,8,1,174,2,1,60.0,0,I,MELB_URBAN,ROAD,9,11.0
166647,4,0,181,5,1,100.0,0,N,RURAL_VICTORIA,ROAD,9,10.0
166648,1,1,99,5,1,60.0,0,N,SMALL_CITIES,PARADE,9,13.0
166649,1,1,160,5,1,40.0,0,N,MELB_URBAN,STREET,9,10.0
166650,6,1,170,5,1,100.0,0,N,RURAL_VICTORIA,ROAD,9,12.0
166651,1,0,130,5,1,60.0,0,N,MELB_URBAN,ROAD,9,11.0
166652,2,1,100,1,1,60.0,0,I,MELB_URBAN,ROAD,9,16.0
166653,1,1,147,2,1,100.0,0,I,RURAL_VICTORIA,ROAD,9,15.0
166654,5,7,99,5,1,60.0,0,N,RURAL_VICTORIA,ROAD,9,11.0
166655,1,0,110,1,1,100.0,0,I,RURAL_VICTORIA,HIGHWAY,9,15.0
166656,2,0,100,2,2,60.0,0,I,MELB_URBAN,STREET,9,7.0
166657,1,1,110,1,1,60.0,0,I,MELB_URBAN,ROAD,9,15.0
166658,5,1,99,5,1,60.0,0,N,RURAL_VICTORIA,ROAD,9,14.0
166659,1,0,130,2,1,50.0,0,I,MELB_URBAN,DRIVE,9,15.0
166660,1,5,120,5,1,60.0,0,N,MELB_URBAN,ROAD,9,7.0
166661,1,1,130,1,3,80.0,0,N,MELB_URBAN,ROAD,9,22.0
166662,2,6,99,5,9,60.0,0,N,UNKNOWN,ROAD,9,18.0
166663,1,0,121,1,3,80.0,0,I,MELB_URBAN,HIGHWAY,9,23.0
166664,4,1,173,5,5,50.0,0,N,MELB_URBAN,ROAD,9,21.0
166665,4,0,171,2,5,60.0,0,I,MELB_URBAN,ROAD,9,23.0
166666,1,2,130,2,3,40.0,0,I,MELB_URBAN,STREET,9,1.0
166667,1,1,99,2,1,40.0,0,I,MELB_URBAN,STREET,9,10.0
166668,4,0,99,5,1,60.0,0,N,UNKNOWN,STREET,9,7.0
166669,1,2,113,2,1,50.0,0,N,RURAL_VICTORIA,ROAD,9,7.0
166670,1,2,147,5,1,60.0,0,N,UNKNOWN,ROAD,9,9.0
166671,8,6,174,2,9,60.0,0,N,SMALL_CITIES,STREET,9,11.0
166672,1,4,130,5,1,50.0,0,N,TOWNS,AVENUE,9,11.0
166673,1,1,99,2,2,80.0,0,N,MELB_URBAN,RAMP,9,6.0
166674,6,1,170,5,2,100.0,0,N,RURAL_VICTORIA,ROAD,9,7.0
166675,1,1,135,1,1,60.0,0,I,MELB_URBAN,ROAD,9,7.0
166676,1,5,133,1,3,60.0,0,I,MELB_URBAN,ROAD,9,20.0
166677,1,5,110,1,1,80.0,0,I,MELB_URBAN,ROAD,9,7.0
166678,1,2,99,2,1,60.0,0,N,MELB_URBAN,ROAD,9,10.0
166679,1,2,130,1,1,80.0,0,N,MELB_URBAN,ROAD,8,14.0
166680,4,1,99,5,1,40.0,0,N,MELB_URBAN,STREET,9,8.0
166681,1,2,120,5,1,50.0,0,N,MELB_URBAN,STREET,9,11.0
166682,1,4,110,1,1,50.0,0,I,SMALL_CITIES,AVENUE,9,9.0
166683,1,2,113,2,1,70.0,0,I,RURAL_VICTORIA,HIGHWAY,9,12.0
166684,2,2,100,1,1,40.0,0,I,MELB_URBAN,STREET,9,14.0
166685,1,1,99,5,3,60.0,0,N,MELB_URBAN,ROAD,9,20.0
166686,2,2,100,2,9,50.0,0,N,MELB_URBAN,ROAD,8,9.0
166687,6,6,170,5,1,50.0,0,N,RURAL_VICTORIA,UNKNOWN,9,14.0
166688,4,1,173,5,1,60.0,0,N,RURAL_VICTORIA,ROAD,9,14.0
166689,1,1,110,1,1,60.0,0,I,MELB_URBAN,STREET,9,16.0
166690,1,2,111,1,1,40.0,0,N,TOWNS,HIGHWAY,8,15.0
166691,1,5,163,5,9,60.0,0,N,UNKNOWN,STREET,9,18.0
166692,1,2,135,5,1,100.0,0,N,MELB_URBAN,RAMP,9,15.0
166693,1,2,110,1,1,60.0,0,I,LARGE_PROVINCIAL_CITIES,AVENUE,9,17.0
166694,5,2,99,5,1,100.0,0,N,MELB_URBAN,ROAD,9,17.0
166695,1,1,121,2,3,50.0,0,I,MELB_URBAN,DRIVE,9,19.0
166696,1,2,99,5,1,40.0,0,N,MELB_URBAN,UNKNOWN,9,17.0
166697,1,2,121,2,3,80.0,0,I,MELB_URBAN,OTHER,9,18.0
166698,2,2,100,5,1,50.0,0,N,UNKNOWN,DRIVE,9,15.0
166699,4,2,173,5,3,60.0,0,N,TOWNS,ROAD,9,20.0
166700,4,2,171,5,3,50.0,0,N,SMALL_CITIES,DRIVE,9,21.0
166701,1,3,130,5,3,40.0,0,N,MELB_URBAN,ROAD,9,1.0
166702,6,1,99,5,9,60.0,0,N,RURAL_VICTORIA,OTHER,9,10.0
166703,4,3,181,5,5,80.0,0,N,MELB_URBAN,ROAD,9,0.0
166704,1,1,99,1,1,80.0,0,I,MELB_URBAN,HIGHWAY,9,12.0
166705,1,5,121,1,3,60.0,0,I,MELB_URBAN,ROAD,9,19.0
166706,4,3,173,5,3,80.0,0,N,MELB_URBAN,ROAD,9,3.0
166707,4,0,173,5,5,100.0,0,N,RURAL_VICTORIA,HIGHWAY,9,22.0
166708,1,2,130,5,2,50.0,0,N,TOWNS,HIGHWAY,5,16.0
166709,1,7,133,5,2,60.0,0,N,RURAL_VICTORIA,FREEWAY,6,18.0
166710,1,5,130,5,2,80.0,0,N,MELB_URBAN,OTHER,9,6.0
166711,1,1,121,2,1,60.0,0,I,MELB_URBAN,ROAD,8,8.0
166712,1,4,160,5,1,50.0,0,N,UNKNOWN,ROAD,8,8.0
166713,4,3,173,5,1,100.0,0,N,RURAL_VICTORIA,HIGHWAY,9,9.0
166714,1,7,130,5,1,60.0,0,N,UNKNOWN,STREET,9,11.0
166715,1,2,130,1,1,40.0,0,I,MELB_URBAN,STREET,9,7.0
166716,4,3,173,5,1,100.0,0,N,RURAL_VICTORIA,ROAD,9,8.0
166717,2,3,100,1,1,50.0,0,N,MELB_URBAN,STREET,9,11.0
166718,1,3,130,5,1,80.0,0,N,RURAL_VICTORIA,ROAD,9,10.0
166719,1,5,99,1,1,60.0,0,I,RURAL_VICTORIA,ROAD,5,11.0
166720,4,6,171,5,1,70.0,0,N,MELB_URBAN,ROAD,8,11.0
166721,1,4,130,3,2,40.0,0,N,MELB_URBAN,ROAD,9,19.0
166722,3,3,167,5,1,100.0,0,N,RURAL_VICTORIA,ROAD,2,9.0
166723,1,3,99,1,1,40.0,0,I,MELB_URBAN,STREET,9,13.0
166724,2,2,99,5,1,40.0,0,N,MELB_URBAN,AVENUE,9,14.0
166725,2,5,99,5,3,50.0,0,N,MELB_URBAN,AVENUE,4,2.0
166726,1,5,130,5,2,100.0,0,N,MELB_URBAN,ROAD,9,7.0
166727,1,6,163,5,6,60.0,0,N,UNKNOWN,STREET,7,23.0
166728,5,1,99,5,1,60.0,0,N,RURAL_VICTORIA,OTHER,9,7.0
166729,1,2,110,1,1,70.0,0,I,MELB_URBAN,ROAD,8,8.0
166730,1,3,135,5,1,100.0,0,N,RURAL_VICTORIA,FREEWAY,9,15.0
166731,1,3,133,5,2,100.0,0,N,UNKNOWN,ROAD,9,17.0
166732,1,3,110,1,2,50.0,0,I,MELB_URBAN,STREET,9,18.0
166733,1,3,110,1,1,50.0,0,I,MELB_URBAN,AVENUE,9,15.0
166734,1,3,113,2,3,50.0,0,I,MELB_URBAN,DRIVE,9,19.0
166735,2,1,102,1,1,50.0,0,I,MELB_URBAN,OTHER,9,12.0
166736,2,0,100,1,1,40.0,0,I,MELB_URBAN,STREET,9,16.0
166737,8,3,174,5,3,40.0,0,N,MELB_URBAN,DRIVE,9,21.0
166738,1,3,120,5,1,80.0,0,N,MELB_URBAN,ROAD,9,17.0
166739,4,2,173,5,3,60.0,0,N,SMALL_CITIES,ROAD,9,21.0
166740,4,3,171,1,1,60.0,0,N,MELB_URBAN,ROAD,8,14.0
166741,1,3,99,5,5,100.0,0,N,MELB_URBAN,FREEWAY,9,21.0
166742,1,3,160,5,1,60.0,0,N,UNKNOWN,STREET,9,14.0
166743,1,5,116,2,1,50.0,0,I,MELB_URBAN,STREET,9,7.0
166744,1,3,160,5,1,40.0,0,N,UNKNOWN,OTHER,9,17.0
166745,5,3,99,5,5,80.0,0,N,RURAL_VICTORIA,HIGHWAY,9,22.0
166746,1,4,130,5,1,70.0,0,N,MELB_URBAN,OTHER,9,9.0
166747,2,1,100,2,1,40.0,0,I,MELB_URBAN,ROAD,9,7.0
166748,1,3,121,1,1,60.0,0,I,MELB_URBAN,ROAD,3,14.0
166749,1,4,110,1,1,40.0,0,I,MELB_URBAN,OTHER,9,9.0
166750,6,3,99,5,1,100.0,0,N,RURAL_VICTORIA,ROAD,9,12.0
166751,7,4,184,5,1,80.0,0,N,RURAL_VICTORIA,ROAD,9,10.0
166752,4,2,181,5,1,50.0,0,N,MELB_URBAN,ROAD,9,16.0
166753,2,4,102,1,3,60.0,0,I,MELB_URBAN,ROAD,8,22.0
166754,4,4,171,1,1,40.0,0,I,MELB_URBAN,STREET,9,11.0
166755,4,3,171,5,1,50.0,0,N,MELB_URBAN,STREET,9,10.0
166756,4,3,173,5,1,100.0,0,N,RURAL_VICTORIA,ROAD,9,10.0
166757,1,4,130,5,1,60.0,0,N,RURAL_VICTORIA,ROAD,9,7.0
166758,1,5,130,5,1,80.0,0,N,LARGE_PROVINCIAL_CITIES,HIGHWAY,9,14.0
166759,2,4,102,5,1,40.0,0,N,MELB_URBAN,STREET,9,12.0
166760,1,5,110,1,1,50.0,0,I,MELB_URBAN,DRIVE,9,11.0
166761,1,4,116,2,1,60.0,0,N,RURAL_VICTORIA,DRIVE,9,14.0
166762,1,4,99,5,1,80.0,0,N,UNKNOWN,ROAD,9,10.0
166763,6,6,184,2,9,60.0,0,I,RURAL_VICTORIA,ROAD,9,13.0
166764,7,7,99,5,3,50.0,0,N,MELB_URBAN,PARADE,9,19.0
166765,1,0,130,1,2,80.0,0,I,RURAL_VICTORIA,ROAD,9,18.0
166766,5,4,99,5,3,100.0,0,N,MELB_URBAN,FREEWAY,9,23.0
166767,1,0,99,2,1,60.0,0,N,MELB_URBAN,OTHER,8,16.0
166768,4,4,181,5,1,60.0,0,N,LARGE_PROVINCIAL_CITIES,ROAD,9,16.0
166769,1,3,121,2,1,60.0,0,I,MELB_URBAN,ROAD,9,16.0
166770,2,4,99,1,1,40.0,0,I,MELBOURNE_CBD,STREET,9,17.0
166771,1,3,130,5,1,100.0,0,N,RURAL_VICTORIA,FREEWAY,9,17.0
166772,1,2,99,2,1,70.0,0,N,MELB_URBAN,ROAD,9,13.0
166773,1,2,133,5,1,60.0,0,N,MELB_URBAN,ROAD,9,16.0
166774,1,4,130,2,1,80.0,0,I,UNKNOWN,ROAD,9,17.0
166775,4,4,173,5,1,60.0,1,N,RURAL_VICTORIA,ROAD,9,15.0
166776,1,4,160,2,3,60.0,0,I,LARGE_PROVINCIAL_CITIES,AVENUE,9,19.0
166777,1,4,99,1,1,60.0,0,I,MELB_URBAN,ROAD,9,8.0
166778,1,3,99,2,5,100.0,0,I,RURAL_VICTORIA,ROAD,9,19.0
166779,1,4,121,2,1,60.0,0,N,UNKNOWN,ROAD,9,16.0
166780,1,3,132,2,1,60.0,0,I,MELB_URBAN,ROAD,9,15.0
166781,1,4,99,1,1,40.0,0,I,MELB_URBAN,ROAD,9,16.0
166782,1,3,130,5,3,100.0,0,N,UNKNOWN,ROAD,9,21.0
166783,2,4,100,5,5,50.0,0,N,MELB_URBAN,STREET,9,21.0
166784,1,5,130,1,4,50.0,0,I,MELB_URBAN,ROAD,9,1.0
166785,6,3,99,5,5,80.0,0,N,RURAL_VICTORIA,OTHER,9,21.0
166786,4,5,171,5,3,70.0,0,N,UNKNOWN,ROAD,9,3.0
166787,1,5,120,5,3,50.0,0,N,MELB_URBAN,OTHER,9,2.0
166788,1,4,130,5,5,100.0,0,N,RURAL_VICTORIA,ROAD,9,2.0
166789,1,4,130,5,3,70.0,0,N,MELB_URBAN,ROAD,9,3.0