,accident_type,day_of_week,dca_code,road_geometry,light_condition,speed_zone,severity,node_type,deg_urban_name,road_type,month,hour
166790,1,4,110,1,1,50.0,0,I,MELB_URBAN,STREET,9,16.0
166791,1,3,130,2,1,50.0,0,I,RURAL_VICTORIA,ROAD,9,17.0
166792,1,5,147,5,1,50.0,0,N,SMALL_CITIES,STREET,9,9.0
166793,1,7,133,1,3,40.0,0,I,MELB_URBAN,STREET,9,19.0
166794,1,3,99,5,1,50.0,0,N,MELB_URBAN,ROAD,9,8.0
166795,1,5,163,5,1,50.0,0,N,MELB_URBAN,STREET,9,11.0
166796,1,2,99,2,2,60.0,0,I,MELB_URBAN,ROAD,3,17.0
166797,1,4,130,5,2,50.0,0,N,MELB_URBAN,ROAD,9,6.0
166798,1,4,130,5,1,60.0,0,N,LARGE_PROVINCIAL_CITIES,STREET,9,11.0
166799,2,4,99,5,1,50.0,0,N,UNKNOWN,ROAD,9,9.0
166800,1,5,113,2,1,50.0,0,I,MELB_URBAN,ROAD,9,12.0
166801,1,3,130,5,1,70.0,0,N,MELB_URBAN,ROAD,9,17.0
166802,1,5,113,2,1,100.0,0,I,RURAL_VICTORIA,HIGHWAY,9,11.0
166803,1,3,113,2,1,60.0,0,I,RURAL_VICTORIA,STREET,9,12.0
166804,2,4,100,5,1,60.0,0,N,MELB_URBAN,STREET,9,12.0
166805,1,3,130,1,2,50.0,0,I,MELB_URBAN,STREET,9,19.0
166806,8,4,99,5,1,50.0,0,N,MELB_URBAN,STREET,9,12.0
166807,4,5,173,5,1,80.0,0,N,RURAL_VICTORIA,ROAD,9,13.0
166808,1,5,113,2,1,60.0,0,I,MELB_URBAN,PARADE,9,12.0
166809,4,5,173,1,1,40.0,0,I,MELB_URBAN,STREET,9,16.0
166810,1,5,133,5,1,80.0,0,N,MELB_URBAN,ROAD,9,17.0
166811,1,2,130,1,9,60.0,0,I,MELB_URBAN,ROAD,7,14.0
166812,1,5,130,1,1,80.0,0,N,RURAL_VICTORIA,ROAD,9,17.0
166813,1,5,130,5,1,100.0,0,N,UNKNOWN,ROAD,9,16.0
166814,1,5,120,5,2,60.0,0,N,MELB_URBAN,ROAD,9,17.0
166815,2,4,99,5,3,60.0,0,N,MELB_URBAN,ROAD,9,18.0
166816,1,5,134,2,3,40.0,0,N,MELB_URBAN,STREET,9,19.0
166817,1,5,110,1,1,60.0,0,I,MELB_URBAN,ROAD,9,16.0
166818,1,5,121,2,5,60.0,0,I,LARGE_PROVINCIAL_CITIES,ROAD,9,19.0
166819,1,5,99,2,1,40.0,0,I,MELB_URBAN,ROAD,9,17.0
166820,1,5,99,5,5,100.0,0,N,UNKNOWN,HIGHWAY,9,21.0
166821,1,5,163,5,3,40.0,0,N,MELB_URBAN,ROAD,9,21.0
166822,1,2,120,5,6,70.0,0,N,MELB_URBAN,ROAD,9,23.0
166823,4,6,181,5,3,50.0,0,N,MELB_URBAN,STREET,9,0.0
166824,1,6,121,1,3,70.0,0,I,MELB_URBAN,RAMP,9,1.0
166825,2,5,99,5,3,60.0,1,N,SMALL_CITIES,DRIVE,9,19.0
166826,1,3,130,1,2,60.0,0,I,MELB_URBAN,STREET,9,7.0
166827,4,5,183,5,2,100.0,0,N,RURAL_VICTORIA,ROAD,9,5.0
166828,7,5,99,1,1,40.0,0,I,MELB_URBAN,STREET,9,9.0
166829,4,5,99,5,1,60.0,0,N,SMALL_CITIES,STREET,9,11.0
166830,1,2,130,5,2,100.0,0,N,UNKNOWN,FREEWAY,9,17.0
166831,2,4,100,2,1,60.0,0,I,MELB_URBAN,STREET,9,12.0
166832,7,2,99,5,1,50.0,0,N,MELB_URBAN,STREET,9,13.0
166833,1,2,113,2,3,60.0,0,I,MELB_URBAN,BOULEVARD,9,18.0
166834,1,1,99,1,2,60.0,0,I,MELB_URBAN,ROAD,8,17.0
166835,1,1,110,1,1,60.0,0,I,MELB_URBAN,STREET,9,10.0
166836,2,6,99,5,1,60.0,0,N,SMALL_CITIES,ROAD,9,12.0
166837,1,6,130,5,1,80.0,0,N,UNKNOWN,ROAD,9,11.0
166838,4,6,171,2,1,60.0,0,I,MELB_URBAN,ROAD,9,10.0
166839,1,6,121,2,1,60.0,0,I,MELB_URBAN,ROAD,9,12.0
166840,4,6,173,5,1,100.0,0,N,RURAL_VICTORIA,ROAD,9,12.0
166841,6,6,170,5,1,100.0,0,N,RURAL_VICTORIA,HIGHWAY,9,11.0
166842,1,5,110,1,1,60.0,0,I,SMALL_CITIES,STREET,9,16.0
166843,1,6,116,2,1,50.0,0,I,MELB_URBAN,ROAD,9,13.0
166844,1,6,113,2,1,50.0,0,I,MELB_URBAN,DRIVE,9,12.0
166845,1,6,130,5,1,80.0,0,N,RURAL_VICTORIA,HIGHWAY,9,12.0
166846,6,5,170,2,1,60.0,0,I,RURAL_VICTORIA,ROAD,9,14.0
166847,1,5,130,1,1,60.0,0,I,MELB_URBAN,HIGHWAY,9,14.0
166848,1,3,133,5,1,80.0,0,N,MELB_URBAN,ROAD,9,14.0
166849,1,6,113,2,1,60.0,0,I,MELB_URBAN,ROAD,9,14.0
166850,1,6,113,2,1,80.0,0,N,UNKNOWN,UNKNOWN,9,15.0
166851,1,6,121,1,1,60.0,0,I,MELB_URBAN,ROAD,9,15.0
166852,1,3,135,5,3,50.0,0,N,MELB_URBAN,STREET,9,21.0
166853,1,6,130,5,1,70.0,0,N,MELB_URBAN,HIGHWAY,9,16.0
166854,1,6,111,2,3,60.0,0,I,LARGE_PROVINCIAL_CITIES,STREET,9,18.0
166855,1,5,130,5,3,70.0,0,N,RURAL_VICTORIA,ROAD,9,18.0
166856,1,5,121,1,3,80.0,0,N,MELB_URBAN,ROAD,9,19.0
166857,4,5,183,5,5,100.0,0,N,RURAL_VICTORIA,ROAD,9,18.0
166858,1,6,110,1,3,50.0,0,I,MELB_URBAN,STREET,9,21.0
166859,4,5,171,2,3,60.0,0,I,MELB_URBAN,ROAD,9,21.0
166860,6,5,174,5,1,80.0,0,N,RURAL_VICTORIA,ROAD,9,15.0
166861,1,5,110,1,3,50.0,0,I,MELB_URBAN,AVENUE,9,19.0
166862,4,5,173,5,5,100.0,0,N,RURAL_VICTORIA,ROAD,9,21.0
166863,2,1,102,1,3,60.0,0,N,MELB_URBAN,ROAD,9,1.0
166864,4,7,173,5,5,100.0,0,N,RURAL_VICTORIA,HIGHWAY,9,0.0
166865,4,6,173,5,3,70.0,0,N,MELB_URBAN,HIGHWAY,9,3.0
166866,1,6,99,5,2,40.0,0,N,MELB_URBAN,DRIVE,9,6.0
166867,1,7,120,5,2,40.0,0,N,UNKNOWN,DRIVE,9,6.0
166868,1,7,130,1,1,80.0,0,I,MELB_URBAN,ROAD,9,6.0
166869,1,5,113,2,3,60.0,0,I,MELB_URBAN,ROAD,9,20.0
166870,5,6,99,5,1,100.0,0,N,RURAL_VICTORIA,ROAD,9,10.0
166871,2,6,100,5,1,60.0,0,N,MELB_URBAN,ROAD,9,11.0
166872,8,6,174,5,1,100.0,0,N,RURAL_VICTORIA,ROAD,9,8.0
166873,1,7,132,5,1,60.0,0,I,SMALL_CITIES,ROAD,9,10.0
166874,1,6,121,5,1,50.0,0,N,MELB_URBAN,STREET,9,9.0
166875,5,5,99,5,9,100.0,0,N,RURAL_VICTORIA,OTHER,9,15.0
166876,4,7,171,1,1,60.0,0,I,SMALL_CITIES,STREET,9,11.0
166877,1,6,121,5,1,60.0,0,N,MELB_URBAN,ROAD,9,12.0
166878,1,7,130,2,1,70.0,0,I,MELB_URBAN,ROAD,9,12.0
166879,8,7,174,5,1,60.0,0,N,RURAL_VICTORIA,ROAD,9,12.0
166880,8,6,174,5,1,60.0,0,N,RURAL_VICTORIA,ROAD,9,15.0
166881,1,6,113,2,1,80.0,0,I,RURAL_VICTORIA,HIGHWAY,9,10.0
166882,1,6,130,5,1,100.0,0,N,MELB_URBAN,UNKNOWN,9,12.0
166883,1,7,113,1,1,70.0,1,I,MELB_URBAN,STREET,9,13.0
166884,1,6,111,1,1,60.0,0,I,MELB_URBAN,STREET,9,10.0
166885,1,2,130,5,1,80.0,0,N,MELB_URBAN,RAMP,9,14.0
166886,1,7,99,2,1,60.0,0,I,MELB_URBAN,PARADE,9,7.0
166887,4,7,181,5,1,60.0,0,N,UNKNOWN,ROAD,9,16.0
166888,4,7,171,5,5,80.0,0,N,RURAL_VICTORIA,ROAD,9,19.0
166889,1,6,110,1,3,70.0,0,I,MELB_URBAN,STREET,9,20.0
166890,7,7,99,5,4,50.0,0,N,MELB_URBAN,STREET,9,21.0
166891,1,7,111,2,3,60.0,0,I,MELB_URBAN,ROAD,9,20.0
166892,1,7,160,5,1,40.0,0,N,MELB_URBAN,ROAD,9,18.0
166893,1,7,160,5,3,50.0,0,N,MELB_URBAN,STREET,9,18.0
166894,4,7,99,5,3,50.0,0,N,MELB_URBAN,STREET,9,23.0
166895,4,7,173,2,3,60.0,1,I,TOWNS,ROAD,9,23.0
166896,6,1,184,2,3,50.0,0,I,LARGE_PROVINCIAL_CITIES,STREET,10,1.0
166897,4,1,171,5,1,100.0,0,N,RURAL_VICTORIA,ROAD,10,9.0
166898,1,1,110,1,1,60.0,0,I,SMALL_CITIES,STREET,10,11.0
166899,1,1,110,1,1,60.0,0,I,SMALL_CITIES,ROAD,10,11.0
166900,1,5,111,1,1,60.0,0,I,MELB_URBAN,ROAD,9,14.0
166901,1,7,110,1,3,80.0,0,N,MELB_URBAN,OTHER,9,21.0
166902,4,1,181,5,1,80.0,0,N,RURAL_VICTORIA,HIGHWAY,10,12.0
166903,1,1,130,5,1,100.0,0,N,UNKNOWN,FREEWAY,10,13.0
166904,6,1,184,5,1,40.0,0,N,RURAL_VICTORIA,DRIVE,10,12.0
166905,1,1,113,2,1,80.0,0,N,MELB_URBAN,DRIVE,10,7.0
166906,1,6,110,1,1,40.0,0,I,MELB_URBAN,STREET,9,16.0
166907,1,0,133,1,1,60.0,0,I,RURAL_VICTORIA,ROAD,10,16.0
166908,1,4,130,5,1,60.0,0,N,RURAL_VICTORIA,ROAD,9,7.0
166909,4,1,171,5,1,80.0,0,N,UNKNOWN,ROAD,10,15.0
166910,1,6,99,5,1,60.0,0,N,MELB_URBAN,UNKNOWN,9,9.0
166911,6,0,184,5,1,60.0,0,N,UNKNOWN,UNKNOWN,9,11.0
166912,4,1,173,1,2,80.0,0,I,MELB_URBAN,ROAD,10,19.0
166913,6,1,174,5,1,60.0,0,N,MELB_URBAN,UNKNOWN,10,19.0
166914,1,1,99,2,1,60.0,0,I,MELB_URBAN,ROAD,10,15.0
166915,4,1,173,1,3,50.0,0,I,MELB_URBAN,STREET,10,21.0
166916,2,1,102,1,1,60.0,0,I,RURAL_VICTORIA,ROAD,10,15.0
166917,1,1,99,5,1,80.0,1,N,MELB_URBAN,ROAD,10,14.0
166918,1,0,120,5,1,80.0,0,N,RURAL_VICTORIA,ROAD,10,16.0
166919,1,4,113,2,1,70.0,0,I,MELB_URBAN,ROAD,9,17.0
166920,3,2,167,5,2,110.0,0,N,RURAL_VICTORIA,FREEWAY,10,6.0
166921,1,2,160,5,2,50.0,0,N,MELB_URBAN,ROAD,10,8.0
166922,1,2,147,5,1,50.0,0,N,UNKNOWN,ROAD,10,9.0
166923,1,5,121,5,1,60.0,0,N,MELB_URBAN,ROAD,9,15.0
166924,1,1,130,5,1,60.0,0,N,UNKNOWN,HIGHWAY,8,15.0
166925,1,6,130,1,3,80.0,0,N,MELB_URBAN,STREET,9,4.0
166926,4,1,181,2,1,50.0,0,N,UNKNOWN,ROAD,10,8.0
166927,1,2,99,1,1,60.0,0,I,MELB_URBAN,ROAD,10,8.0
166928,1,1,130,5,1,100.0,0,N,UNKNOWN,FREEWAY,10,7.0
166929,1,4,130,5,2,50.0,0,N,SMALL_CITIES,STREET,6,17.0
166930,1,2,147,5,1,60.0,0,N,MELB_URBAN,ROAD,10,11.0
166931,1,1,110,1,1,50.0,0,I,LARGE_PROVINCIAL_CITIES,STREET,10,12.0
166932,4,1,173,5,1,50.0,0,N,UNKNOWN,HIGHWAY,10,11.0
166933,1,6,130,1,1,60.0,0,N,MELB_URBAN,ROAD,9,10.0
166934,8,7,174,5,1,60.0,0,N,UNKNOWN,ROAD,9,13.0
166935,1,1,120,5,1,60.0,0,N,MELB_URBAN,ROAD,10,8.0
166936,1,5,130,5,1,60.0,0,N,SMALL_CITIES,OTHER,9,11.0
166937,2,5,102,1,1,60.0,0,I,MELBOURNE_CBD,STREET,9,14.0
166938,1,6,121,1,5,60.0,0,I,RURAL_VICTORIA,ROAD,9,20.0
166939,1,1,130,2,1,60.0,0,I,MELB_URBAN,DRIVE,10,9.0
166940,1,3,130,5,1,80.0,0,N,MELB_URBAN,ROAD,9,8.0
166941,2,1,99,5,1,100.0,1,N,RURAL_VICTORIA,ROAD,10,16.0
166942,1,2,121,1,1,50.0,0,I,MELB_URBAN,ROAD,10,13.0
166943,6,5,170,5,1,80.0,0,N,RURAL_VICTORIA,ROAD,9,11.0
166944,1,6,130,5,1,80.0,0,N,RURAL_VICTORIA,ROAD,9,15.0
166945,1,2,130,1,1,60.0,0,I,MELB_URBAN,STREET,10,8.0
166946,1,7,140,2,1,40.0,0,N,MELB_URBAN,STREET,9,8.0
166947,1,6,130,5,1,80.0,0,N,MELB_URBAN,ROAD,9,13.0
166948,1,2,110,1,1,50.0,0,I,MELB_URBAN,ROAD,10,17.0
166949,8,6,174,5,1,60.0,0,N,RURAL_VICTORIA,ROAD,9,13.0
166950,1,2,132,2,1,60.0,0,I,MELB_URBAN,ROAD,10,13.0
166951,1,2,116,1,1,60.0,0,I,LARGE_PROVINCIAL_CITIES,STREET,10,16.0
166952,1,3,99,5,1,70.0,0,N,MELB_URBAN,ROAD,8,9.0
166953,1,2,113,2,2,60.0,0,I,MELB_URBAN,ROAD,10,18.0
166954,4,1,181,5,1,80.0,0,N,RURAL_VICTORIA,ROAD,10,16.0
166955,1,3,120,2,9,50.0,0,N,SMALL_CITIES,DRIVE,8,11.0
166956,4,0,183,5,1,100.0,0,N,RURAL_VICTORIA,ROAD,10,13.0
166957,2,2,100,1,1,40.0,0,I,MELB_URBAN,PARADE,10,18.0
166958,1,2,171,5,1,50.0,0,N,MELB_URBAN,ROAD,10,15.0
166959,1,2,130,5,1,60.0,0,N,MELB_URBAN,ROAD,10,16.0
166960,4,1,173,5,1,50.0,0,N,MELB_URBAN,AVENUE,10,18.0
166961,1,2,121,5,1,80.0,0,I,RURAL_VICTORIA,PARADE,10,16.0
166962,1,1,110,1,1,50.0,0,I,LARGE_PROVINCIAL_CITIES,STREET,10,14.0
166963,1,2,130,2,1,70.0,0,I,MELB_URBAN,ROAD,10,14.0
166964,1,2,121,2,1,50.0,0,I,SMALL_CITIES,OTHER,10,18.0
166965,4,2,181,5,3,50.0,0,N,SMALL_CITIES,STREET,10,20.0
166966,1,1,121,1,1,60.0,0,I,SMALL_CITIES,STREET,10,17.0
166967,4,2,173,5,1,60.0,0,N,MELB_URBAN,STREET,10,16.0
166968,1,2,99,2,2,60.0,0,I,MELB_URBAN,DRIVE,10,18.0
166969,1,2,160,4,1,50.0,0,N,RURAL_VICTORIA,BOULEVARD,10,17.0
166970,2,2,99,5,1,40.0,0,N,MELB_URBAN,STREET,10,16.0
166971,1,5,110,1,1,60.0,0,I,LARGE_PROVINCIAL_CITIES,AVENUE,9,8.0
166972,6,1,99,5,2,100.0,0,N,UNKNOWN,ROAD,10,19.0
166973,1,1,130,5,3,80.0,0,N,MELB_URBAN,RAMP,10,22.0
166974,4,2,173,5,3,50.0,0,N,UNKNOWN,DRIVE,10,22.0
166975,1,1,130,5,2,60.0,0,N,UNKNOWN,STREET,9,18.0
166976,1,1,121,1,1,70.0,0,I,MELB_URBAN,RAMP,9,6.0
166977,1,3,130,5,2,100.0,0,N,MELB_URBAN,FREEWAY,10,7.0
166978,2,2,100,1,1,40.0,0,I,MELB_URBAN,STREET,10,8.0
166979,8,5,174,2,1,100.0,0,I,RURAL_VICTORIA,OTHER,9,14.0
166980,1,5,135,5,3,80.0,0,N,MELB_URBAN,ROAD,8,19.0
166981,4,2,171,5,1,100.0,0,N,RURAL_VICTORIA,ROAD,10,8.0
166982,1,2,130,5,1,80.0,0,N,SMALL_CITIES,HIGHWAY,10,10.0
166983,8,3,174,5,1,60.0,0,N,RURAL_VICTORIA,ROAD,9,13.0
166984,1,3,130,1,1,60.0,0,N,MELB_URBAN,ROAD,10,10.0
166985,1,2,140,5,1,40.0,0,N,UNKNOWN,ROAD,10,10.0
166986,3,6,167,5,2,100.0,0,N,UNKNOWN,ROAD,9,6.0
166987,1,3,110,1,1,60.0,0,I,SMALL_CITIES,ROAD,10,10.0
166988,1,3,130,2,1,60.0,0,N,LARGE_PROVINCIAL_CITIES,STREET,10,8.0
166989,1,3,130,5,1,100.0,0,N,MELB_URBAN,FREEWAY,10,8.0
166990,8,3,170,1,1,100.0,0,I,RURAL_VICTORIA,ROAD,8,14.0
166991,1,1,99,5,1,60.0,0,N,MELB_URBAN,HIGHWAY,12,13.0
166992,2,4,100,1,1,60.0,0,I,LARGE_PROVINCIAL_CITIES,STREET,9,10.0
166993,2,6,100,5,3,60.0,0,N,MELB_URBAN,ROAD,9,23.0
166994,1,3,130,5,1,80.0,0,N,UNKNOWN,RAMP,10,10.0
166995,1,7,110,1,1,60.0,0,I,SMALL_TOWNS,ROAD,9,11.0
166996,4,3,181,5,1,60.0,0,N,UNKNOWN,STREET,10,13.0
166997,1,5,134,5,1,100.0,0,N,MELB_URBAN,FREEWAY,9,16.0
166998,1,6,113,2,1,60.0,0,I,RURAL_VICTORIA,DRIVE,6,12.0
166999,1,3,130,1,1,50.0,0,I,LARGE_PROVINCIAL_CITIES,STREET,10,10.0
167000,1,7,116,2,1,50.0,0,I,LARGE_PROVINCIAL_CITIES,DRIVE,9,10.0
167001,1,1,130,5,1,60.0,0,N,MELB_URBAN,ROAD,10,15.0
167002,1,3,113,2,1,60.0,0,I,MELB_URBAN,ROAD,10,13.0
167003,4,3,181,5,1,60.0,0,N,UNKNOWN,ROAD,10,16.0
167004,1,2,113,1,1,60.0,0,I,MELB_URBAN,ROAD,10,13.0
167005,4,3,181,2,1,50.0,0,I,MELB_URBAN,ROAD,10,14.0
167006,1,6,147,5,1,60.0,0,N,UNKNOWN,UNKNOWN,9,16.0
167007,1,3,134,5,1,100.0,0,N,MELB_URBAN,FREEWAY,10,17.0
167008,1,2,111,1,1,60.0,0,I,MELB_URBAN,ROAD,10,18.0
167009,1,3,130,2,2,80.0,0,I,RURAL_VICTORIA,ROAD,10,16.0
167010,1,1,99,5,1,50.0,0,N,UNKNOWN,STREET,8,16.0
167011,4,3,171,2,1,40.0,0,N,MELB_URBAN,STREET,10,15.0
167012,2,2,100,5,3,40.0,0,N,SMALL_CITIES,STREET,10,21.0
167013,1,2,132,2,1,60.0,0,I,SMALL_CITIES,STREET,10,15.0
167014,1,3,140,5,1,60.0,0,N,MELB_URBAN,HIGHWAY,9,14.0
167015,3,6,167,5,3,80.0,0,N,UNKNOWN,ROAD,9,18.0
167016,4,3,181,5,5,80.0,0,N,UNKNOWN,HIGHWAY,10,22.0
167017,4,4,171,5,3,60.0,0,N,MELB_URBAN,ROAD,10,2.0
167018,4,3,173,5,3,60.0,0,N,UNKNOWN,UNKNOWN,10,4.0
167019,4,3,171,2,1,60.0,0,N,SMALL_TOWNS,ROAD,10,13.0
167020,1,1,121,1,1,50.0,0,I,MELB_URBAN,AVENUE,9,10.0
167021,1,4,121,1,3,60.0,0,I,SMALL_CITIES,AVENUE,9,19.0
167022,6,0,184,5,1,60.0,0,N,RURAL_VICTORIA,ROAD,10,14.0
167023,1,5,130,5,1,80.0,0,N,LARGE_PROVINCIAL_CITIES,RAMP,9,10.0
167024,1,3,99,2,1,40.0,0,N,MELB_URBAN,STREET,10,8.0
167025,4,3,171,1,1,50.0,0,N,UNKNOWN,PARADE,10,9.0
167026,1,2,130,1,1,80.0,0,I,MELB_URBAN,ROAD,8,8.0
167027,1,6,135,5,1,100.0,0,N,SMALL_CITIES,FREEWAY,9,15.0
167028,1,4,130,2,1,60.0,0,I,MELB_URBAN,ROAD,9,14.0
167029,1,7,116,1,1,60.0,0,I,SMALL_CITIES,STREET,9,19.0
167030,1,3,130,2,1,60.0,0,I,MELB_URBAN,ROAD,10,8.0
167031,1,4,99,5,1,100.0,0,N,RURAL_VICTORIA,HIGHWAY,10,8.0
167032,1,4,140,5,1,50.0,0,N,UNKNOWN,STREET,10,9.0
167033,3,2,167,5,2,80.0,0,N,RURAL_VICTORIA,ROAD,7,7.0
167034,4,6,181,2,5,80.0,0,I,RURAL_VICTORIA,ROAD,9,18.0
167035,1,5,130,5,3,60.0,0,N,MELB_URBAN,ROAD,9,21.0
167036,1,4,110,1,1,70.0,0,I,MELB_URBAN,ROAD,10,11.0
167037,8,5,174,5,1,80.0,0,N,MELB_URBAN,ROAD,9,14.0
167038,1,3,121,2,1,60.0,0,I,MELB_URBAN,ROAD,10,13.0
167039,1,3,99,2,1,50.0,0,N,MELB_URBAN,OTHER,10,13.0
167040,1,4,110,1,1,60.0,0,I,TOWNS,STREET,10,13.0
167041,1,3,130,5,1,60.0,0,N,MELB_URBAN,HIGHWAY,10,11.0
167042,1,4,113,2,1,60.0,0,N,LARGE_PROVINCIAL_CITIES,OTHER,10,14.0
167043,1,3,113,2,1,60.0,0,N,MELB_URBAN,STREET,10,13.0
167044,1,1,130,1,1,60.0,0,N,MELB_URBAN,STREET,10,15.0
167045,1,4,130,2,1,60.0,0,N,MELB_URBAN,ROAD,10,14.0
167046,1,4,110,1,1,50.0,0,I,MELB_URBAN,STREET,10,8.0
167047,1,3,132,1,1,60.0,0,I,MELB_URBAN,ROAD,10,16.0
167048,1,4,99,5,1,100.0,0,N,RURAL_VICTORIA,ROAD,9,9.0
167049,1,3,121,1,3,60.0,0,I,LARGE_PROVINCIAL_CITIES,STREET,10,20.0
167050,1,3,135,5,1,80.0,0,N,MELB_URBAN,FREEWAY,10,15.0
167051,1,4,113,2,1,60.0,0,I,MELB_URBAN,ROAD,10,15.0
167052,1,6,99,1,2,60.0,0,I,MELB_URBAN,ROAD,9,18.0
167053,1,4,147,5,1,60.0,0,N,MELB_URBAN,ROAD,10,14.0
167054,1,1,132,2,1,50.0,0,I,RURAL_VICTORIA,STREET,9,8.0
167055,2,7,100,5,3,50.0,0,N,MELB_URBAN,STREET,9,18.0
167056,4,4,183,5,1,50.0,1,N,MELB_URBAN,AVENUE,10,13.0
167057,7,3,99,5,1,60.0,0,N,MELB_URBAN,ROAD,10,8.0
167058,1,3,130,1,1,60.0,0,N,RURAL_VICTORIA,ROAD,10,7.0
167059,1,4,120,5,1,50.0,0,O,MELB_URBAN,UNKNOWN,10,16.0
167060,6,4,174,5,1,40.0,0,N,RURAL_VICTORIA,OTHER,10,16.0
167061,6,3,174,5,2,60.0,0,N,MELB_URBAN,STREET,10,7.0
167062,1,4,121,1,3,60.0,0,N,MELB_URBAN,STREET,10,20.0
167063,1,4,113,2,3,80.0,0,I,RURAL_VICTORIA,ROAD,10,19.0
167064,1,4,130,2,3,80.0,0,N,RURAL_VICTORIA,ROAD,10,19.0
167065,1,4,99,1,3,80.0,0,I,MELB_URBAN,ROAD,10,20.0
167066,1,4,99,2,1,80.0,0,I,RURAL_VICTORIA,ROAD,10,17.0
167067,1,4,110,1,2,70.0,0,I,LARGE_PROVINCIAL_CITIES,ROAD,10,19.0
167068,1,4,120,5,5,50.0,0,N,MELB_URBAN,STREET,10,21.0
167069,1,2,110,1,1,80.0,0,I,RURAL_VICTORIA,ROAD,9,8.0
167070,4,4,181,5,5,100.0,0,N,RURAL_VICTORIA,HIGHWAY,10,21.0
167071,1,5,130,5,1,60.0,0,N,SMALL_CITIES,AVENUE,10,7.0
167072,8,5,99,1,1,40.0,0,N,MELBOURNE_CBD,STREET,9,8.0
167073,1,5,130,2,1,60.0,0,N,MELB_URBAN,ROAD,8,12.0
167074,1,7,130,5,1,60.0,0,N,MELB_URBAN,ROAD,9,14.0
167075,1,2,130,5,9,60.0,0,N,MELB_URBAN,ROAD,10,17.0
167076,1,6,110,1,1,60.0,0,I,MELB_URBAN,AVENUE,7,10.0
167077,1,4,120,5,1,60.0,0,N,MELB_URBAN,ROAD,10,8.0
167078,7,1,99,5,1,40.0,0,N,UNKNOWN,STREET,9,9.0
167079,1,5,160,5,2,50.0,0,N,MELB_URBAN,STREET,10,8.0
167080,1,4,121,2,1,60.0,0,I,MELB_URBAN,STREET,10,8.0
167081,1,5,160,5,1,60.0,0,N,MELB_URBAN,ROAD,10,11.0
167082,2,5,100,1,1,60.0,0,I,MELB_URBAN,ROAD,10,12.0
167083,1,4,110,1,1,70.0,0,I,LARGE_PROVINCIAL_CITIES,ROAD,10,9.0
167084,1,4,121,5,1,50.0,0,N,UNKNOWN,STREET,10,13.0
167085,1,4,120,2,1,60.0,0,I,MELB_URBAN,ROAD,10,17.0
167086,6,4,184,2,1,60.0,0,I,MELB_URBAN,ROAD,9,16.0
167087,1,3,130,5,1,80.0,0,I,MELB_URBAN,RAMP,10,12.0
167088,4,5,171,5,1,110.0,0,N,RURAL_VICTORIA,FREEWAY,10,13.0
167089,1,4,121,1,1,80.0,0,N,MELB_URBAN,HIGHWAY,10,13.0
167090,1,5,147,5,1,50.0,0,N,MELB_URBAN,OTHER,10,13.0
167091,5,5,99,5,1,60.0,0,N,MELB_URBAN,STREET,10,15.0
167092,1,4,130,5,1,60.0,0,N,UNKNOWN,DRIVE,9,14.0
167093,1,4,120,5,1,80.0,0,N,RURAL_VICTORIA,ROAD,10,14.0
167094,8,6,99,5,1,60.0,0,N,UNKNOWN,HIGHWAY,9,9.0
167095,6,2,174,5,9,60.0,0,N,MELB_URBAN,OTHER,9,18.0
167096,1,5,130,2,1,80.0,0,N,MELB_URBAN,HIGHWAY,10,15.0
167097,1,4,121,2,1,60.0,0,I,MELB_URBAN,ROAD,10,8.0
167098,1,4,121,1,1,60.0,0,I,MELB_URBAN,ROAD,10,16.0
167099,1,5,121,1,1,60.0,0,I,MELB_URBAN,ROAD,10,16.0
167100,1,4,110,1,1,60.0,0,I,SMALL_CITIES,STREET,10,14.0
167101,2,5,102,5,1,60.0,0,N,MELB_URBAN,OTHER,10,15.0
167102,6,5,174,5,2,60.0,0,N,MELB_URBAN,ROAD,10,17.0
167103,2,4,100,5,1,40.0,0,N,MELB_URBAN,STREET,9,16.0
167104,1,5,135,5,1,100.0,0,N,SMALL_TOWNS,FREEWAY,10,17.0
167105,2,4,100,5,1,50.0,0,N,MELB_URBAN,ROAD,10,16.0
167106,1,2,130,2,1,60.0,0,N,MELB_URBAN,AVENUE,10,16.0
167107,1,4,130,2,1,60.0,0,N,MELB_URBAN,ROAD,10,16.0
167108,1,6,113,2,1,100.0,0,I,RURAL_VICTORIA,OTHER,9,12.0
167109,2,4,102,1,2,50.0,0,I,MELB_URBAN,STREET,10,18.0
167110,1,6,130,5,9,80.0,0,N,RURAL_VICTORIA,HIGHWAY,8,20.0
167111,1,5,110,1,2,60.0,0,I,LARGE_PROVINCIAL_CITIES,STREET,10,18.0
167112,1,7,130,5,1,70.0,0,N,UNKNOWN,ROAD,9,7.0
167113,1,3,147,5,3,50.0,0,N,MELB_URBAN,STREET,10,19.0
167114,2,5,100,2,6,60.0,0,N,MELB_URBAN,ROAD,10,22.0