,accident_type,day_of_week,dca_code,road_geometry,light_condition,speed_zone,severity,node_type,deg_urban_name,road_type,month,hour
167115,1,5,121,5,3,50.0,0,N,LARGE_PROVINCIAL_CITIES,STREET,10,3.0
167116,4,5,173,5,5,100.0,0,N,UNKNOWN,HIGHWAY,10,20.0
167117,2,5,102,2,5,50.0,0,I,MELB_URBAN,ROAD,10,22.0
167118,1,5,120,2,3,60.0,0,I,SMALL_CITIES,ROAD,10,22.0
167119,1,4,113,2,1,80.0,0,I,RURAL_VICTORIA,HIGHWAY,10,9.0
167120,1,6,121,2,1,60.0,0,I,LARGE_PROVINCIAL_CITIES,STREET,10,6.0
167121,1,2,113,2,1,80.0,0,I,MELB_URBAN,ROAD,10,10.0
167122,1,4,130,1,1,60.0,0,I,MELB_URBAN,ROAD,10,8.0
167123,1,4,111,2,1,60.0,0,I,SMALL_CITIES,STREET,10,13.0
167124,1,6,121,1,1,60.0,0,I,MELB_URBAN,ROAD,10,9.0
167125,1,6,116,2,1,70.0,0,I,MELB_URBAN,ROAD,10,8.0
167126,1,2,121,1,1,100.0,0,N,UNKNOWN,ROAD,10,18.0
167127,1,6,121,5,1,50.0,0,N,UNKNOWN,STREET,10,8.0
167128,1,6,130,2,1,60.0,0,I,MELB_URBAN,ROAD,10,8.0
167129,1,5,160,5,2,50.0,0,N,TOWNS,STREET,10,8.0
167130,4,6,173,5,1,100.0,0,N,RURAL_VICTORIA,ROAD,10,11.0
167131,1,5,121,1,1,70.0,0,I,MELB_URBAN,OTHER,10,11.0
167132,1,6,110,1,1,60.0,0,I,SMALL_CITIES,ROAD,10,11.0
167133,1,5,111,1,1,60.0,0,I,MELB_URBAN,ROAD,10,7.0
167134,1,6,113,2,1,60.0,0,I,RURAL_VICTORIA,ROAD,10,12.0
167135,6,6,174,1,1,50.0,0,I,MELB_URBAN,STREET,10,13.0
167136,1,5,111,2,1,60.0,0,I,RURAL_VICTORIA,ROAD,10,12.0
167137,1,6,147,5,1,60.0,0,N,UNKNOWN,STREET,10,14.0
167138,6,4,174,5,1,60.0,0,N,RURAL_VICTORIA,OTHER,10,17.0
167139,1,1,160,5,3,60.0,0,N,UNKNOWN,STREET,10,20.0
167140,4,6,173,5,1,50.0,0,N,RURAL_VICTORIA,AVENUE,10,8.0
167141,6,6,174,5,1,100.0,0,N,RURAL_VICTORIA,ROAD,9,15.0
167142,4,6,181,1,1,100.0,0,I,RURAL_VICTORIA,ROAD,10,12.0
167143,1,5,140,2,1,100.0,0,I,RURAL_VICTORIA,HIGHWAY,10,15.0
167144,1,6,99,2,1,40.0,0,I,UNKNOWN,STREET,10,17.0
167145,1,6,99,2,1,60.0,0,I,MELB_URBAN,ROAD,10,15.0
167146,8,1,174,5,1,70.0,1,N,MELB_URBAN,ROAD,10,11.0
167147,2,6,100,2,1,60.0,0,I,MELB_URBAN,ROAD,10,15.0
167148,2,5,102,1,1,60.0,0,I,MELB_URBAN,ROAD,10,15.0
167149,1,6,134,5,1,100.0,0,N,MELB_URBAN,FREEWAY,10,16.0
167150,1,6,130,5,1,100.0,0,N,MELB_URBAN,FREEWAY,10,17.0
167151,4,6,171,5,1,60.0,0,N,MELB_URBAN,ROAD,10,16.0
167152,1,2,99,1,1,60.0,0,I,MELB_URBAN,PARADE,9,11.0
167153,1,5,160,5,5,100.0,0,N,RURAL_VICTORIA,OTHER,10,20.0
167154,1,6,135,5,1,60.0,0,N,MELB_URBAN,ROAD,10,16.0
167155,1,6,121,1,3,80.0,0,I,MELB_URBAN,RAMP,10,23.0
167156,2,5,102,5,3,40.0,0,N,MELB_URBAN,ROAD,10,23.0
167157,4,6,171,5,5,100.0,1,N,RURAL_VICTORIA,ROAD,10,22.0
167158,4,6,183,5,5,50.0,0,N,MELB_URBAN,ROAD,10,0.0
167159,4,6,181,5,2,80.0,0,N,MELB_URBAN,RAMP,10,5.0
167160,1,6,99,5,3,100.0,0,N,MELB_URBAN,FREEWAY,10,21.0
167161,1,2,110,1,3,50.0,0,I,MELB_URBAN,STREET,10,23.0
167162,1,5,121,2,3,40.0,0,I,RURAL_VICTORIA,ROAD,10,22.0
167163,1,5,116,2,3,50.0,0,N,MELB_URBAN,DRIVE,10,0.0
167164,1,6,130,1,1,60.0,0,N,MELB_URBAN,ROAD,10,7.0
167165,1,1,130,5,1,60.0,0,N,MELB_URBAN,DRIVE,5,12.0
167166,1,7,121,2,1,80.0,0,I,MELB_URBAN,ROAD,10,8.0
167167,6,7,184,5,1,100.0,0,N,UNKNOWN,ROAD,9,12.0
167168,1,2,99,2,1,60.0,0,I,SMALL_CITIES,ROAD,9,14.0
167169,1,6,110,1,1,60.0,0,I,MELB_URBAN,STREET,10,10.0
167170,4,7,181,5,1,70.0,0,N,UNKNOWN,ROAD,10,11.0
167171,8,7,184,5,1,70.0,0,N,UNKNOWN,ROAD,10,11.0
167172,1,3,130,1,2,60.0,0,N,MELB_URBAN,ROAD,10,17.0
167173,2,7,102,5,1,80.0,0,N,MELB_URBAN,OTHER,10,11.0
167174,1,5,130,5,2,60.0,0,N,MELB_URBAN,ROAD,9,17.0
167175,1,3,130,5,1,60.0,0,N,MELB_URBAN,ROAD,10,16.0
167176,1,7,110,1,1,80.0,0,I,MELB_URBAN,ROAD,9,7.0
167177,6,7,99,5,1,80.0,0,N,RURAL_VICTORIA,ROAD,10,12.0
167178,1,7,130,1,1,80.0,0,N,MELB_URBAN,HIGHWAY,10,14.0
167179,1,3,111,4,3,80.0,0,I,RURAL_VICTORIA,ROAD,10,20.0
167180,1,7,120,5,1,80.0,0,N,TOWNS,ROAD,10,14.0
167181,4,6,183,5,1,100.0,0,N,RURAL_VICTORIA,ROAD,10,12.0
167182,1,3,110,1,1,50.0,0,I,MELB_URBAN,ROAD,10,13.0
167183,1,7,121,1,1,60.0,0,I,MELB_URBAN,STREET,10,17.0
167184,1,6,130,5,1,80.0,0,N,MELB_URBAN,FREEWAY,10,11.0
167185,4,6,171,5,1,100.0,0,N,RURAL_VICTORIA,HIGHWAY,10,19.0
167186,2,6,100,1,1,50.0,0,I,SMALL_CITIES,STREET,10,12.0
167187,1,6,121,1,3,60.0,0,I,MELB_URBAN,STREET,10,21.0
167188,1,1,173,5,3,50.0,0,N,MELB_URBAN,STREET,10,0.0
167189,4,0,173,5,5,100.0,0,N,SMALL_TOWNS,ROAD,10,2.0
167190,4,1,181,5,3,60.0,0,N,MELB_URBAN,ROAD,10,6.0
167191,1,2,116,2,1,80.0,0,I,MELB_URBAN,HIGHWAY,9,9.0
167192,1,1,110,1,1,60.0,0,I,MELB_URBAN,ROAD,10,8.0
167193,1,0,130,5,1,60.0,0,N,MELB_URBAN,ROAD,10,8.0
167194,1,5,130,5,1,60.0,0,N,MELB_URBAN,AVENUE,8,16.0
167195,4,4,173,5,3,50.0,0,N,LARGE_PROVINCIAL_CITIES,STREET,6,20.0
167196,1,1,110,1,1,40.0,0,I,RURAL_VICTORIA,ROAD,10,8.0
167197,1,1,120,2,1,70.0,0,I,MELB_URBAN,ROAD,10,8.0
167198,4,6,171,5,1,80.0,0,N,RURAL_VICTORIA,ROAD,10,17.0
167199,1,5,130,5,2,80.0,0,N,RURAL_VICTORIA,ROAD,10,6.0
167200,1,1,110,1,1,60.0,0,I,MELB_URBAN,STREET,10,12.0
167201,1,7,99,5,5,60.0,0,N,LARGE_PROVINCIAL_CITIES,STREET,10,21.0
167202,1,1,120,1,1,70.0,0,I,MELB_URBAN,ROAD,10,13.0
167203,4,1,173,5,1,100.0,0,N,RURAL_VICTORIA,FREEWAY,10,10.0
167204,6,1,174,2,1,60.0,0,N,MELB_URBAN,ROAD,10,13.0
167205,1,6,121,5,1,60.0,0,N,MELB_URBAN,ROAD,10,16.0
167206,1,1,113,1,1,60.0,0,I,SMALL_CITIES,ROAD,10,13.0
167207,1,0,130,5,1,80.0,0,N,MELB_URBAN,ROAD,10,12.0
167208,1,1,99,5,1,100.0,0,N,RURAL_VICTORIA,FREEWAY,10,8.0
167209,4,0,171,5,1,80.0,0,N,MELB_URBAN,FREEWAY,10,15.0
167210,1,4,130,5,2,100.0,0,N,MELB_URBAN,FREEWAY,8,17.0
167211,1,1,110,1,1,100.0,0,N,UNKNOWN,ROAD,10,17.0
167212,2,1,99,5,1,50.0,1,N,MELB_URBAN,OTHER,10,17.0
167213,1,1,121,2,1,60.0,0,I,MELB_URBAN,STREET,10,15.0
167214,4,1,181,5,1,50.0,0,N,RURAL_VICTORIA,BOULEVARD,10,14.0
167215,4,1,183,5,5,100.0,0,N,UNKNOWN,ROAD,10,20.0
167216,1,1,120,5,5,60.0,0,N,MELB_URBAN,ROAD,10,21.0
167217,1,1,120,5,1,60.0,0,N,MELB_URBAN,ROAD,10,15.0
167218,1,1,173,5,3,60.0,0,N,MELB_URBAN,DRIVE,10,20.0
167219,1,5,121,2,1,60.0,0,I,LARGE_PROVINCIAL_CITIES,STREET,9,12.0
167220,1,1,140,5,4,40.0,0,N,MELB_URBAN,STREET,10,0.0
167221,1,2,99,1,1,60.0,0,I,MELB_URBAN,OTHER,10,7.0
167222,1,7,130,5,5,100.0,0,N,RURAL_VICTORIA,HIGHWAY,6,5.0
167223,1,2,132,5,1,60.0,0,N,MELB_URBAN,ROAD,10,15.0
167224,1,3,110,1,3,60.0,0,I,MELB_URBAN,ROAD,10,21.0
167225,1,1,110,1,1,50.0,0,I,TOWNS,STREET,10,9.0
167226,1,1,99,1,1,60.0,0,N,MELB_URBAN,ROAD,10,8.0
167227,1,5,130,1,9,60.0,0,I,MELB_URBAN,AVENUE,10,12.0
167228,1,2,121,2,1,60.0,0,I,MELB_URBAN,ROAD,10,8.0
167229,1,2,99,5,1,60.0,0,N,MELB_URBAN,STREET,10,8.0
167230,1,1,121,2,1,60.0,0,I,MELB_URBAN,HIGHWAY,10,10.0
167231,1,2,120,5,1,80.0,0,N,RURAL_VICTORIA,ROAD,10,10.0
167232,1,2,130,4,1,80.0,0,N,MELB_URBAN,ROAD,10,12.0
167233,3,0,167,5,3,60.0,0,N,RURAL_VICTORIA,ROAD,10,20.0
167234,4,1,173,2,1,50.0,0,I,MELB_URBAN,ROAD,10,10.0
167235,1,1,160,5,2,50.0,0,N,MELB_URBAN,STREET,10,7.0
167236,1,1,113,2,1,70.0,0,I,MELB_URBAN,ROAD,10,16.0
167237,1,1,130,5,1,100.0,0,N,UNKNOWN,ROAD,10,9.0
167238,1,2,130,1,1,80.0,0,I,MELB_URBAN,DRIVE,10,14.0
167239,1,5,121,1,1,60.0,0,I,TOWNS,STREET,10,17.0
167240,4,5,171,5,1,60.0,0,I,SMALL_CITIES,UNKNOWN,5,15.0
167241,6,1,174,5,1,80.0,0,N,RURAL_VICTORIA,ROAD,10,17.0
167242,6,2,99,5,1,80.0,0,N,RURAL_VICTORIA,HIGHWAY,10,13.0
167243,1,1,173,2,1,40.0,0,N,UNKNOWN,STREET,10,15.0
167244,6,1,174,2,1,50.0,0,N,UNKNOWN,STREET,10,16.0
167245,8,0,99,5,1,60.0,0,N,RURAL_VICTORIA,ROAD,10,14.0
167246,1,0,130,1,1,60.0,0,I,UNKNOWN,DRIVE,9,11.0
167247,8,1,99,5,1,60.0,0,N,TOWNS,PARADE,10,16.0
167248,1,0,121,5,1,80.0,0,N,MELB_URBAN,HIGHWAY,10,16.0
167249,1,4,130,1,2,60.0,0,I,MELB_URBAN,ROAD,9,6.0
167250,1,5,99,5,1,50.0,0,N,UNKNOWN,STREET,10,16.0
167251,5,2,171,5,1,50.0,0,N,MELB_URBAN,ROAD,10,15.0
167252,2,2,100,2,1,70.0,0,I,MELB_URBAN,ROAD,10,16.0
167253,1,2,110,1,1,60.0,0,I,LARGE_PROVINCIAL_CITIES,STREET,10,12.0
167254,4,2,173,5,1,60.0,0,N,SMALL_CITIES,ROAD,10,12.0
167255,1,2,121,5,1,80.0,0,N,UNKNOWN,HIGHWAY,10,17.0
167256,4,2,183,2,1,80.0,0,N,UNKNOWN,UNKNOWN,10,17.0
167257,1,2,110,1,1,80.0,1,N,RURAL_VICTORIA,ROAD,10,17.0
167258,1,2,120,5,1,50.0,0,N,MELB_URBAN,AVENUE,10,15.0
167259,1,0,110,1,3,60.0,0,I,SMALL_CITIES,ROAD,10,21.0
167260,1,2,130,5,1,80.0,0,N,MELB_URBAN,OTHER,10,14.0
167261,1,6,130,5,1,40.0,0,N,MELB_URBAN,ROAD,10,8.0
167262,6,2,174,5,1,60.0,0,N,MELB_URBAN,ROAD,10,17.0
167263,1,2,99,5,1,50.0,0,N,LARGE_PROVINCIAL_CITIES,ROAD,10,17.0
167264,1,2,121,2,1,60.0,0,I,MELB_URBAN,ROAD,10,17.0
167265,1,1,99,5,1,40.0,0,N,MELB_URBAN,STREET,10,16.0
167266,1,2,140,5,3,60.0,0,I,MELB_URBAN,ROAD,8,18.0
167267,1,3,130,5,1,80.0,0,N,UNKNOWN,RAMP,10,6.0
167268,8,6,174,1,2,60.0,0,I,SMALL_CITIES,ROAD,10,16.0
167269,1,0,130,1,1,60.0,0,I,MELB_URBAN,ROAD,10,11.0
167270,1,4,99,2,1,60.0,0,N,SMALL_CITIES,DRIVE,9,8.0
167271,2,2,102,2,1,60.0,0,I,UNKNOWN,STREET,9,14.0
167272,1,3,99,2,1,60.0,0,N,MELB_URBAN,ROAD,10,9.0
167273,1,2,130,1,9,60.0,0,I,MELB_URBAN,STREET,4,9.0
167274,1,2,130,2,1,40.0,0,I,SMALL_CITIES,STREET,10,9.0
167275,1,3,113,2,1,60.0,0,I,MELB_URBAN,STREET,9,6.0
167276,6,3,184,5,1,50.0,0,N,LARGE_PROVINCIAL_CITIES,AVENUE,10,8.0
167277,1,2,134,5,1,40.0,0,N,MELB_URBAN,ROAD,10,15.0
167278,1,3,99,5,1,60.0,0,N,UNKNOWN,ROAD,10,12.0
167279,4,3,183,5,1,100.0,0,N,RURAL_VICTORIA,UNKNOWN,10,12.0
167280,1,3,121,2,1,60.0,0,I,MELB_URBAN,ROAD,10,11.0
167281,1,3,130,2,1,60.0,0,N,LARGE_PROVINCIAL_CITIES,ROAD,10,12.0
167282,1,7,111,2,1,80.0,0,I,MELB_URBAN,ROAD,10,10.0
167283,1,5,130,5,2,60.0,0,N,RURAL_VICTORIA,ROAD,10,9.0
167284,1,2,130,5,1,40.0,0,N,SMALL_CITIES,STREET,10,14.0
167285,1,1,130,5,1,80.0,0,N,MELB_URBAN,ROAD,10,18.0
167286,1,5,110,4,1,60.0,0,I,MELB_URBAN,ROAD,9,15.0
167287,1,2,135,5,3,80.0,0,N,UNKNOWN,FREEWAY,9,17.0
167288,1,2,99,5,1,60.0,0,N,LARGE_PROVINCIAL_CITIES,ROAD,10,14.0
167289,1,2,163,5,1,60.0,0,N,MELB_URBAN,ROAD,10,9.0
167290,1,2,130,2,9,60.0,0,I,UNKNOWN,ROAD,10,16.0
167291,1,3,99,5,1,50.0,0,N,LARGE_PROVINCIAL_CITIES,DRIVE,10,15.0
167292,6,2,174,2,1,40.0,0,I,MELB_URBAN,ROAD,9,6.0
167293,1,3,163,5,1,40.0,0,N,UNKNOWN,STREET,10,16.0
167294,1,3,121,2,3,60.0,0,I,UNKNOWN,ROAD,10,18.0
167295,1,3,113,2,1,70.0,0,I,MELB_URBAN,ROAD,10,14.0
167296,1,3,113,2,1,60.0,0,N,UNKNOWN,ROAD,9,15.0
167297,1,2,160,2,2,50.0,0,I,UNKNOWN,STREET,10,19.0
167298,2,2,102,5,1,50.0,0,N,MELB_URBAN,PARADE,10,16.0
167299,1,3,171,5,3,60.0,0,N,LARGE_PROVINCIAL_CITIES,STREET,10,21.0
167300,1,3,130,1,2,60.0,0,I,MELB_URBAN,STREET,10,6.0
167301,6,4,99,5,5,100.0,0,N,RURAL_VICTORIA,ROAD,10,1.0
167302,1,4,110,1,3,40.0,0,I,RURAL_VICTORIA,ROAD,10,0.0
167303,1,6,130,2,1,100.0,0,I,RURAL_VICTORIA,ROAD,10,14.0
167304,2,4,100,5,1,60.0,0,N,MELB_URBAN,ROAD,10,7.0
167305,1,2,130,5,1,100.0,0,N,RURAL_VICTORIA,HIGHWAY,10,17.0
167306,1,4,147,5,1,40.0,0,N,SMALL_CITIES,STREET,10,9.0
167307,2,3,100,5,1,60.0,0,N,MELB_URBAN,ROAD,10,9.0
167308,1,1,130,1,9,60.0,0,N,MELB_URBAN,ROAD,10,14.0
167309,1,4,111,1,1,60.0,0,N,MELB_URBAN,STREET,10,11.0
167310,2,4,99,5,1,50.0,0,N,MELB_URBAN,OTHER,10,10.0
167311,8,5,99,5,1,100.0,0,N,RURAL_VICTORIA,ROAD,5,12.0
167312,6,3,99,5,1,110.0,0,N,UNKNOWN,FREEWAY,10,16.0
167313,1,4,110,1,1,60.0,0,I,MELB_URBAN,STREET,10,11.0
167314,1,3,110,1,1,40.0,0,I,MELB_URBAN,ROAD,10,8.0
167315,1,1,130,5,1,100.0,0,N,RURAL_VICTORIA,ROAD,10,17.0
167316,8,4,99,5,1,40.0,0,I,MELB_URBAN,STREET,10,12.0
167317,1,4,99,2,1,70.0,0,I,MELB_URBAN,STREET,10,14.0
167318,1,4,121,2,1,60.0,0,I,MELB_URBAN,ROAD,10,13.0
167319,6,4,174,5,1,60.0,0,N,RURAL_VICTORIA,ROAD,10,13.0
167320,1,2,163,5,1,60.0,0,N,MELB_URBAN,ROAD,10,17.0
167321,3,1,167,5,5,80.0,0,N,RURAL_VICTORIA,ROAD,8,19.0
167322,1,1,113,1,1,60.0,0,N,MELB_URBAN,HIGHWAY,5,13.0
167323,8,3,99,5,2,50.0,0,N,MELB_URBAN,STREET,10,17.0
167324,1,1,130,5,1,60.0,0,N,MELB_URBAN,ROAD,10,10.0
167325,1,2,163,5,1,40.0,0,N,UNKNOWN,ROAD,10,8.0
167326,4,4,183,5,1,100.0,0,N,RURAL_VICTORIA,ROAD,10,16.0
167327,4,4,183,5,1,100.0,0,N,RURAL_VICTORIA,HIGHWAY,10,17.0
167328,1,5,121,1,1,60.0,0,I,LARGE_PROVINCIAL_CITIES,ROAD,10,6.0
167329,1,3,111,1,1,60.0,0,I,LARGE_PROVINCIAL_CITIES,STREET,10,17.0
167330,4,4,183,5,1,80.0,0,N,RURAL_VICTORIA,ROAD,10,15.0
167331,1,3,130,1,1,60.0,0,I,MELB_URBAN,ROAD,10,18.0
167332,1,4,135,5,1,40.0,0,N,MELB_URBAN,ROAD,10,15.0
167333,1,3,130,1,6,60.0,0,N,MELB_URBAN,STREET,9,20.0
167334,1,7,121,5,1,80.0,0,N,MELB_URBAN,FREEWAY,9,17.0
167335,1,3,110,1,3,40.0,0,I,MELB_URBAN,ROAD,10,23.0
167336,1,3,130,5,3,50.0,0,N,UNKNOWN,UNKNOWN,10,18.0
167337,4,5,171,5,1,80.0,0,N,UNKNOWN,ROAD,8,13.0
167338,1,4,132,2,1,60.0,0,N,TOWNS,HIGHWAY,10,15.0
167339,4,5,181,5,2,100.0,0,N,UNKNOWN,HIGHWAY,10,6.0
167340,1,5,130,5,1,100.0,0,N,MELB_URBAN,FREEWAY,10,8.0
167341,1,4,110,1,1,60.0,0,I,MELB_URBAN,STREET,10,14.0
167342,1,5,113,1,1,60.0,0,I,LARGE_PROVINCIAL_CITIES,ROAD,10,8.0
167343,1,4,135,5,1,60.0,0,N,MELB_URBAN,ROAD,10,8.0
167344,1,5,120,5,1,60.0,0,N,MELB_URBAN,ROAD,10,8.0
167345,1,6,140,2,1,50.0,0,I,SMALL_CITIES,OTHER,10,9.0
167346,1,1,130,5,2,40.0,0,N,MELB_URBAN,UNKNOWN,5,18.0
167347,1,4,147,2,1,60.0,0,N,MELB_URBAN,OTHER,9,7.0
167348,8,3,170,5,1,60.0,0,N,TOWNS,ROAD,10,15.0
167349,1,2,130,1,1,40.0,0,N,MELB_URBAN,ROAD,10,16.0
167350,1,2,116,1,9,60.0,0,I,MELB_URBAN,STREET,10,15.0
167351,1,5,99,2,1,60.0,0,I,MELB_URBAN,ROAD,10,13.0
167352,1,7,134,5,1,60.0,0,N,MELB_URBAN,STREET,10,9.0
167353,1,2,130,1,3,70.0,0,I,MELB_URBAN,HIGHWAY,10,21.0
167354,6,6,99,5,1,60.0,0,N,UNKNOWN,ROAD,9,10.0
167355,2,5,99,5,1,50.0,0,N,RURAL_VICTORIA,STREET,10,8.0
167356,4,0,99,2,5,80.0,0,O,RURAL_VICTORIA,UNKNOWN,10,0.0
167357,5,1,99,5,1,100.0,0,N,MELB_URBAN,FREEWAY,9,11.0
167358,1,4,110,1,1,50.0,0,I,MELB_URBAN,STREET,10,14.0
167359,1,5,120,5,1,80.0,0,N,RURAL_VICTORIA,ROAD,10,14.0
167360,8,5,99,5,1,80.0,0,N,MELB_URBAN,ROAD,10,8.0
167361,1,5,140,5,1,50.0,0,N,MELB_URBAN,OTHER,10,16.0
167362,1,5,135,1,1,60.0,0,N,MELB_URBAN,ROAD,10,15.0
167363,1,5,121,1,1,80.0,0,N,MELB_URBAN,ROAD,10,15.0
167364,1,6,99,2,2,60.0,0,I,MELB_URBAN,OTHER,8,18.0
167365,1,3,130,5,1,70.0,0,N,MELB_URBAN,ROAD,10,15.0
167366,4,5,183,5,1,50.0,0,N,MELB_URBAN,BOULEVARD,10,14.0
167367,1,5,120,5,1,60.0,0,N,LARGE_PROVINCIAL_CITIES,STREET,10,15.0
167368,1,5,121,5,1,80.0,0,N,MELB_URBAN,HIGHWAY,10,16.0
167369,1,5,113,2,1,60.0,0,I,MELB_URBAN,STREET,10,17.0
167370,1,5,130,5,2,100.0,0,N,SMALL_TOWNS,FREEWAY,10,7.0
167371,2,1,99,5,1,60.0,0,N,MELB_URBAN,ROAD,10,13.0
167372,1,5,99,5,1,60.0,0,N,MELB_URBAN,STREET,10,16.0
167373,1,3,130,5,1,80.0,0,N,RURAL_VICTORIA,ROAD,10,14.0
167374,1,4,110,1,1,70.0,0,I,MELB_URBAN,ROAD,10,16.0
167375,1,5,121,1,3,60.0,0,I,MELB_URBAN,ROAD,10,21.0
167376,1,4,99,2,1,50.0,0,I,MELB_URBAN,STREET,10,16.0
167377,4,5,181,5,5,80.0,0,N,SMALL_TOWNS,ROAD,10,20.0
167378,1,4,120,2,1,60.0,0,I,MELB_URBAN,ROAD,10,17.0
167379,1,5,99,5,1,50.0,0,N,SMALL_CITIES,OTHER,10,15.0
167380,1,2,160,5,3,60.0,0,N,MELB_URBAN,OTHER,10,19.0
167381,4,6,99,2,3,50.0,0,I,SMALL_CITIES,STREET,10,1.0
167382,1,3,113,2,1,50.0,0,I,MELB_URBAN,STREET,2,8.0
167383,7,2,99,2,1,60.0,0,N,UNKNOWN,STREET,9,15.0
167384,1,1,99,5,1,50.0,0,N,MELB_URBAN,STREET,10,12.0
167385,1,5,160,5,1,50.0,0,N,UNKNOWN,STREET,8,17.0
167386,1,5,132,5,1,60.0,0,N,LARGE_PROVINCIAL_CITIES,STREET,9,11.0
167387,1,3,99,2,1,60.0,0,I,MELB_URBAN,ROAD,9,8.0
167388,1,6,120,5,1,60.0,0,N,MELB_URBAN,ROAD,10,6.0
167389,1,6,110,1,1,60.0,0,I,SMALL_CITIES,STREET,10,7.0
167390,1,3,121,1,1,70.0,0,I,MELB_URBAN,ROAD,10,16.0
167391,2,6,100,2,1,60.0,0,I,MELB_URBAN,ROAD,10,7.0
167392,1,4,110,1,3,60.0,0,I,LARGE_PROVINCIAL_CITIES,ROAD,10,20.0
167393,4,5,171,5,1,60.0,0,N,MELB_URBAN,ROAD,10,9.0
167394,1,6,134,2,1,80.0,1,N,MELB_URBAN,ROAD,10,6.0
167395,1,1,130,5,1,60.0,0,N,MELB_URBAN,FREEWAY,10,10.0
167396,6,5,174,5,1,50.0,0,N,SMALL_CITIES,STREET,10,6.0
167397,6,6,99,5,1,80.0,0,N,UNKNOWN,ROAD,10,12.0
167398,2,6,102,1,1,60.0,0,I,MELB_URBAN,ROAD,10,9.0
167399,2,5,100,1,1,40.0,0,I,LARGE_PROVINCIAL_CITIES,STREET,10,11.0
167400,6,4,174,5,1,40.0,0,N,UNKNOWN,STREET,10,15.0
167401,1,3,130,1,1,60.0,0,N,UNKNOWN,STREET,10,15.0
167402,1,2,130,5,1,80.0,0,N,MELB_URBAN,FREEWAY,10,9.0
167403,1,6,147,5,1,50.0,0,N,RURAL_VICTORIA,OTHER,10,12.0
167404,1,6,113,2,1,70.0,0,I,MELB_URBAN,ROAD,10,6.0
167405,1,4,121,1,1,60.0,0,I,RURAL_VICTORIA,OTHER,10,16.0
167406,4,6,171,5,1,60.0,0,N,MELB_URBAN,ROAD,10,13.0
167407,4,5,171,5,1,60.0,0,N,UNKNOWN,OTHER,10,12.0
167408,1,6,110,1,1,50.0,0,N,SMALL_CITIES,STREET,10,14.0
167409,1,6,121,5,1,60.0,0,I,RURAL_VICTORIA,ROAD,10,12.0
167410,1,5,130,5,1,80.0,0,N,MELB_URBAN,ROAD,10,15.0
167411,1,5,110,1,1,50.0,0,I,LARGE_PROVINCIAL_CITIES,STREET,10,8.0
167412,1,2,99,1,2,60.0,0,I,MELB_URBAN,STREET,10,6.0
167413,2,2,100,5,6,60.0,0,N,MELB_URBAN,BOULEVARD,10,20.0
167414,8,2,174,2,1,100.0,0,I,RURAL_VICTORIA,ROAD,10,14.0
167415,7,5,99,5,1,50.0,0,N,TOWNS,STREET,10,15.0
167416,1,6,130,5,1,70.0,0,N,RURAL_VICTORIA,ROAD,10,15.0
167417,1,3,130,5,3,60.0,0,N,MELB_URBAN,ROAD,9,18.0
167418,1,6,147,5,1,60.0,0,N,LARGE_PROVINCIAL_CITIES,ROAD,10,12.0
167419,1,6,113,2,1,100.0,1,N,RURAL_VICTORIA,HIGHWAY,10,14.0
167420,1,6,134,5,1,100.0,0,N,SMALL_TOWNS,FREEWAY,10,16.0
167421,1,5,130,5,1,50.0,0,N,RURAL_VICTORIA,ROAD,10,16.0
167422,1,4,121,2,3,50.0,0,O,UNKNOWN,UNKNOWN,10,21.0
167423,1,6,120,2,1,50.0,0,N,MELB_URBAN,DRIVE,10,18.0
167424,1,6,130,5,1,60.0,0,N,UNKNOWN,ROAD,9,15.0
167425,1,5,113,2,1,60.0,0,I,MELB_URBAN,STREET,10,14.0
167426,1,5,99,5,1,50.0,0,N,MELB_URBAN,STREET,10,16.0
167427,7,6,99,5,1,50.0,0,I,SMALL_CITIES,STREET,10,18.0
167428,6,1,174,4,1,60.0,0,O,MELB_URBAN,UNKNOWN,9,15.0
167429,1,6,120,5,5,100.0,0,N,RURAL_VICTORIA,ROAD,10,21.0
167430,1,7,99,1,3,80.0,0,I,MELB_URBAN,ROAD,10,0.0
167431,4,7,181,5,5,100.0,0,N,RURAL_VICTORIA,ROAD,10,2.0
167432,1,3,110,1,2,50.0,0,I,MELB_URBAN,STREET,10,19.0
167433,1,2,121,1,1,60.0,0,I,LARGE_PROVINCIAL_CITIES,STREET,9,14.0
167434,2,4,100,5,1,60.0,0,N,MELB_URBAN,STREET,10,14.0
167435,1,5,130,2,1,60.0,0,N,MELB_URBAN,ROAD,10,14.0
167436,6,6,174,5,1,40.0,0,N,MELB_URBAN,STREET,10,9.0
167437,1,6,99,5,9,60.0,0,N,MELB_URBAN,STREET,10,17.0
167438,1,7,99,2,1,60.0,0,N,MELB_URBAN,STREET,10,10.0