,accident_type,day_of_week,dca_code,road_geometry,light_condition,speed_zone,severity,node_type,deg_urban_name,road_type,month,hour
167439,1,2,121,5,9,60.0,0,N,MELB_URBAN,ROAD,9,17.0
167440,2,6,102,5,1,60.0,0,N,MELB_URBAN,ROAD,10,11.0
167441,6,4,174,5,1,60.0,0,N,UNKNOWN,DRIVE,10,17.0
167442,1,7,113,2,1,60.0,0,N,MELB_URBAN,ROAD,10,13.0
167443,1,7,120,5,1,50.0,0,N,MELB_URBAN,STREET,10,11.0
167444,1,7,163,5,1,40.0,0,N,UNKNOWN,STREET,10,13.0
167445,1,6,120,5,1,100.0,0,N,SMALL_TOWNS,ROAD,10,13.0
167446,1,3,130,2,1,60.0,0,I,MELB_URBAN,ROAD,9,16.0
167447,4,7,183,5,1,60.0,0,N,TOWNS,OTHER,10,14.0
167448,1,6,130,1,1,50.0,0,I,LARGE_PROVINCIAL_CITIES,STREET,10,15.0
167449,3,7,167,5,3,80.0,0,N,UNKNOWN,ROAD,9,1.0
167450,1,7,120,5,1,60.0,0,N,MELB_URBAN,ROAD,10,15.0
167451,1,7,130,5,1,60.0,0,N,MELB_URBAN,OTHER,10,16.0
167452,1,7,120,5,1,80.0,1,N,RURAL_VICTORIA,ROAD,10,12.0
167453,1,7,130,5,1,80.0,0,N,MELB_URBAN,ROAD,10,15.0
167454,1,6,121,1,1,60.0,0,I,MELB_URBAN,ROAD,10,15.0
167455,1,2,130,5,1,60.0,0,I,MELB_URBAN,STREET,10,18.0
167456,1,6,110,1,1,100.0,0,N,RURAL_VICTORIA,HIGHWAY,10,18.0
167457,1,7,160,5,1,50.0,0,N,MELB_URBAN,STREET,10,16.0
167458,1,6,134,5,1,60.0,0,N,UNKNOWN,ROAD,10,16.0
167459,8,6,174,5,1,60.0,0,N,RURAL_VICTORIA,ROAD,10,15.0
167460,1,1,130,5,1,100.0,0,N,RURAL_VICTORIA,FREEWAY,9,16.0
167461,6,7,174,5,3,40.0,0,N,MELBOURNE_CBD,STREET,10,22.0
167462,1,0,135,5,3,40.0,0,N,MELB_URBAN,STREET,10,1.0
167463,1,6,120,5,5,100.0,0,N,MELB_URBAN,HIGHWAY,10,22.0
167464,4,1,173,5,3,70.0,0,N,MELB_URBAN,ROAD,10,0.0
167465,1,1,113,1,3,80.0,0,I,MELB_URBAN,HIGHWAY,10,3.0
167466,4,1,181,5,1,80.0,0,N,MELB_URBAN,RAMP,10,7.0
167467,1,5,130,5,1,60.0,0,N,MELB_URBAN,ROAD,10,9.0
167468,2,0,102,5,1,40.0,0,N,MELB_URBAN,AVENUE,10,10.0
167469,4,0,181,5,1,100.0,0,N,RURAL_VICTORIA,OTHER,10,7.0
167470,4,0,171,5,1,60.0,0,N,RURAL_VICTORIA,ROAD,10,10.0
167471,4,4,181,5,1,100.0,0,N,RURAL_VICTORIA,OTHER,10,17.0
167472,1,2,135,5,1,100.0,0,N,MELB_URBAN,ROAD,10,12.0
167473,6,0,170,5,1,100.0,0,N,RURAL_VICTORIA,ROAD,10,14.0
167474,6,1,99,5,1,100.0,0,N,RURAL_VICTORIA,ROAD,10,8.0
167475,4,0,183,5,5,100.0,0,N,RURAL_VICTORIA,ROAD,10,1.0
167476,6,1,174,5,1,80.0,0,N,MELB_URBAN,HIGHWAY,10,15.0
167477,1,6,99,2,1,60.0,0,I,MELB_URBAN,STREET,10,10.0
167478,1,0,110,1,1,60.0,0,I,MELB_URBAN,HIGHWAY,10,14.0
167479,1,1,160,5,1,50.0,0,N,MELB_URBAN,DRIVE,10,17.0
167480,1,1,130,5,2,60.0,0,N,UNKNOWN,ROAD,10,18.0
167481,6,1,174,5,1,40.0,0,N,MELB_URBAN,ROAD,10,17.0
167482,3,6,167,5,5,100.0,0,N,RURAL_VICTORIA,HIGHWAY,10,21.0
167483,1,1,130,1,1,60.0,0,I,MELB_URBAN,DRIVE,10,7.0
167484,1,1,120,5,2,40.0,0,N,MELB_URBAN,ROAD,10,18.0
167485,1,1,110,1,1,50.0,0,I,UNKNOWN,BOULEVARD,10,17.0
167486,1,7,133,5,1,60.0,0,N,MELB_URBAN,AVENUE,9,12.0
167487,1,2,113,1,3,40.0,0,I,MELBOURNE_CBD,STREET,10,3.0
167488,4,2,171,5,3,50.0,0,N,SMALL_CITIES,STREET,10,3.0
167489,2,2,100,1,3,60.0,0,I,MELB_URBAN,STREET,10,5.0
167490,1,2,121,4,2,80.0,0,N,MELB_URBAN,ROAD,10,5.0
167491,1,6,120,5,1,80.0,0,N,MELB_URBAN,ROAD,9,14.0
167492,1,1,133,5,2,80.0,0,N,MELB_URBAN,ROAD,10,6.0
167493,1,2,113,2,1,60.0,0,I,MELB_URBAN,ROAD,10,6.0
167494,2,2,102,2,1,50.0,0,N,MELB_URBAN,STREET,10,8.0
167495,1,2,130,5,1,100.0,0,N,RURAL_VICTORIA,FREEWAY,10,7.0
167496,1,2,130,5,1,80.0,0,N,MELB_URBAN,FREEWAY,10,8.0
167497,1,1,121,1,1,60.0,0,I,MELB_URBAN,ROAD,10,8.0
167498,2,2,99,5,1,60.0,0,N,MELB_URBAN,ROAD,10,10.0
167499,7,0,99,2,1,60.0,0,I,MELB_URBAN,ROAD,10,13.0
167500,1,1,163,5,1,50.0,0,N,MELB_URBAN,STREET,10,8.0
167501,3,3,167,5,1,80.0,0,N,MELB_URBAN,ROAD,10,7.0
167502,4,3,171,5,1,80.0,0,N,RURAL_VICTORIA,ROAD,9,17.0
167503,1,0,135,5,9,80.0,0,N,UNKNOWN,FREEWAY,10,11.0
167504,1,2,99,5,1,80.0,0,N,SMALL_CITIES,FREEWAY,10,7.0
167505,1,2,130,5,1,80.0,0,N,MELB_URBAN,ROAD,10,10.0
167506,1,1,99,5,1,70.0,0,N,MELB_URBAN,ROAD,10,7.0
167507,2,1,99,5,6,50.0,0,N,MELB_URBAN,STREET,10,6.0
167508,8,2,184,5,1,100.0,0,N,RURAL_VICTORIA,ROAD,10,11.0
167509,2,2,99,5,1,60.0,0,N,MELB_URBAN,ROAD,10,11.0
167510,1,1,110,1,1,60.0,0,I,RURAL_VICTORIA,HIGHWAY,9,14.0
167511,2,2,102,5,1,30.0,0,N,MELB_URBAN,OTHER,10,12.0
167512,1,2,120,5,1,60.0,0,N,UNKNOWN,ROAD,10,11.0
167513,6,4,184,5,1,100.0,0,N,RURAL_VICTORIA,ROAD,10,15.0
167514,1,2,147,5,1,50.0,0,N,TOWNS,STREET,10,14.0
167515,1,1,130,1,1,80.0,0,N,MELB_URBAN,ROAD,10,8.0
167516,1,5,99,1,1,60.0,0,I,MELB_URBAN,STREET,10,7.0
167517,1,2,133,5,1,80.0,0,N,MELB_URBAN,ROAD,10,14.0
167518,1,3,99,5,1,70.0,0,N,RURAL_VICTORIA,DRIVE,10,18.0
167519,1,4,113,2,1,60.0,0,I,RURAL_VICTORIA,ROAD,9,13.0
167520,1,5,130,1,1,70.0,0,I,MELB_URBAN,DRIVE,10,8.0
167521,1,3,99,5,2,60.0,0,N,TOWNS,ROAD,5,18.0
167522,1,2,121,2,1,50.0,0,I,MELB_URBAN,BOULEVARD,10,14.0
167523,1,1,99,1,1,60.0,0,I,LARGE_PROVINCIAL_CITIES,STREET,10,16.0
167524,1,2,130,5,1,110.0,0,N,RURAL_VICTORIA,FREEWAY,10,15.0
167525,1,1,121,1,1,40.0,0,I,LARGE_PROVINCIAL_CITIES,STREET,10,16.0
167526,1,2,130,5,1,40.0,0,N,UNKNOWN,STREET,10,17.0
167527,8,2,174,5,1,60.0,0,N,MELB_URBAN,STREET,10,17.0
167528,4,2,99,2,1,100.0,0,I,RURAL_VICTORIA,ROAD,10,16.0
167529,4,1,171,5,1,100.0,0,N,RURAL_VICTORIA,ROAD,10,14.0
167530,2,2,100,1,1,60.0,0,I,MELB_URBAN,HIGHWAY,10,15.0
167531,1,2,130,5,1,40.0,0,N,RURAL_VICTORIA,ROAD,10,15.0
167532,1,1,113,2,3,80.0,0,I,MELB_URBAN,ROAD,10,19.0
167533,1,2,121,2,3,60.0,0,I,MELB_URBAN,ROAD,10,22.0
167534,4,2,99,1,1,40.0,0,I,MELBOURNE_CBD,STREET,10,11.0
167535,2,2,99,5,1,70.0,0,N,MELB_URBAN,ROAD,10,16.0
167536,1,2,99,2,1,60.0,0,N,MELB_URBAN,OTHER,10,12.0
167537,1,2,120,5,6,100.0,1,N,RURAL_VICTORIA,HIGHWAY,10,20.0
167538,1,1,121,1,3,80.0,0,N,UNKNOWN,ROAD,10,22.0
167539,2,2,100,5,1,60.0,0,N,MELB_URBAN,STREET,10,7.0
167540,1,5,135,1,1,80.0,0,I,MELB_URBAN,ROAD,9,16.0
167541,1,1,135,2,2,40.0,0,N,MELB_URBAN,ROAD,10,6.0
167542,1,3,99,5,1,80.0,0,N,RURAL_VICTORIA,ROAD,10,8.0
167543,1,3,130,5,1,100.0,0,N,UNKNOWN,ROAD,10,8.0
167544,1,3,130,5,1,100.0,0,N,MELB_URBAN,ROAD,10,8.0
167545,4,2,181,5,1,80.0,0,N,RURAL_VICTORIA,HIGHWAY,10,15.0
167546,1,1,130,5,1,70.0,0,N,MELB_URBAN,ROAD,10,14.0
167547,1,3,110,1,1,100.0,0,I,RURAL_VICTORIA,HIGHWAY,10,9.0
167548,1,7,99,5,1,60.0,0,N,MELB_URBAN,STREET,10,18.0
167549,4,2,171,2,1,110.0,0,I,RURAL_VICTORIA,ROAD,10,7.0
167550,2,3,99,5,1,50.0,0,N,SMALL_CITIES,OTHER,10,10.0
167551,1,4,130,5,1,60.0,0,N,MELB_URBAN,ROAD,8,12.0
167552,4,3,173,5,1,100.0,0,N,RURAL_VICTORIA,HIGHWAY,10,6.0
167553,1,0,113,2,1,80.0,0,I,UNKNOWN,DRIVE,10,6.0
167554,1,3,99,1,3,60.0,0,I,MELB_URBAN,BOULEVARD,10,5.0
167555,1,2,134,5,1,50.0,0,N,MELB_URBAN,ROAD,10,9.0
167556,8,0,174,5,1,60.0,0,N,RURAL_VICTORIA,ROAD,9,9.0
167557,1,1,133,5,1,40.0,0,N,UNKNOWN,ROAD,10,8.0
167558,6,7,174,2,1,50.0,0,I,MELB_URBAN,ROAD,10,11.0
167559,8,2,99,5,1,60.0,0,N,UNKNOWN,OTHER,10,11.0
167560,1,3,130,2,9,60.0,0,N,MELB_URBAN,ROAD,10,8.0
167561,1,3,113,2,1,100.0,0,I,RURAL_VICTORIA,ROAD,10,7.0
167562,1,2,130,2,1,80.0,0,I,MELB_URBAN,HIGHWAY,10,15.0
167563,1,3,135,5,1,60.0,0,N,MELB_URBAN,STREET,10,13.0
167564,1,7,99,1,1,80.0,0,I,MELB_URBAN,STREET,9,14.0
167565,1,2,99,5,3,60.0,0,N,UNKNOWN,ROAD,10,20.0
167566,1,6,116,1,1,100.0,0,I,UNKNOWN,ROAD,4,15.0
167567,1,3,99,2,1,50.0,0,N,TOWNS,ROAD,10,15.0
167568,1,3,121,1,1,40.0,0,I,MELB_URBAN,ROAD,10,17.0
167569,1,7,134,5,1,80.0,0,N,MELB_URBAN,ROAD,10,12.0
167570,1,3,130,4,1,60.0,0,N,LARGE_PROVINCIAL_CITIES,STREET,10,11.0
167571,4,3,173,5,1,100.0,0,N,RURAL_VICTORIA,ROAD,10,13.0
167572,1,0,121,5,1,60.0,0,N,MELB_URBAN,ROAD,9,16.0
167573,1,3,121,2,1,60.0,0,N,UNKNOWN,STREET,10,17.0
167574,1,4,140,5,2,40.0,0,N,MELB_URBAN,STREET,10,18.0
167575,1,3,132,5,1,60.0,0,N,MELB_URBAN,HIGHWAY,10,17.0
167576,1,3,121,4,1,70.0,0,I,MELB_URBAN,ROAD,10,17.0
167577,1,3,160,5,2,50.0,0,N,MELB_URBAN,STREET,10,19.0
167578,1,3,99,2,1,100.0,0,I,RURAL_VICTORIA,ROAD,10,18.0
167579,1,3,120,5,1,80.0,0,N,TOWNS,ROAD,10,16.0
167580,1,2,110,1,3,60.0,0,I,LARGE_PROVINCIAL_CITIES,HIGHWAY,10,23.0
167581,4,4,173,1,3,60.0,0,I,MELB_URBAN,DRIVE,10,0.0
167582,4,3,181,5,5,60.0,0,N,UNKNOWN,ROAD,10,23.0
167583,1,4,120,5,5,80.0,0,N,UNKNOWN,ROAD,10,2.0
167584,1,3,130,5,3,80.0,0,N,UNKNOWN,ROAD,10,5.0
167585,4,6,181,5,1,70.0,0,N,RURAL_VICTORIA,ROAD,9,12.0
167586,1,4,130,5,1,80.0,0,N,MELB_URBAN,FREEWAY,10,15.0
167587,1,4,99,5,6,60.0,0,N,MELB_URBAN,ROAD,10,21.0
167588,1,3,130,5,2,60.0,0,N,MELB_URBAN,ROAD,10,6.0
167589,1,4,121,1,1,50.0,0,I,MELB_URBAN,ROAD,10,12.0
167590,1,4,99,1,1,60.0,0,I,MELB_URBAN,ROAD,9,9.0
167591,1,3,130,5,1,80.0,0,N,RURAL_VICTORIA,ROAD,10,7.0
167592,1,3,130,5,3,60.0,0,N,UNKNOWN,STREET,10,20.0
167593,1,4,113,4,1,100.0,0,N,RURAL_VICTORIA,OTHER,10,9.0
167594,1,3,130,5,1,60.0,0,N,MELB_URBAN,ROAD,10,14.0
167595,1,4,99,2,1,50.0,0,I,MELB_URBAN,ROAD,10,8.0
167596,1,1,130,1,1,80.0,0,I,MELB_URBAN,ROAD,10,17.0
167597,2,3,99,1,9,50.0,1,I,TOWNS,STREET,10,6.0
167598,8,1,99,5,1,60.0,0,N,UNKNOWN,ROAD,9,11.0
167599,4,2,173,2,1,80.0,0,I,SMALL_TOWNS,ROAD,9,13.0
167600,1,4,121,2,1,60.0,0,I,MELB_URBAN,STREET,10,8.0
167601,2,3,100,5,1,60.0,0,N,UNKNOWN,ROAD,10,10.0
167602,6,1,184,2,1,60.0,0,I,RURAL_VICTORIA,ROAD,8,11.0
167603,1,4,113,2,1,60.0,0,I,LARGE_PROVINCIAL_CITIES,ROAD,10,9.0
167604,4,4,171,5,1,50.0,0,N,MELB_URBAN,STREET,10,12.0
167605,1,3,163,5,1,40.0,0,N,MELB_URBAN,ROAD,10,17.0
167606,1,3,130,2,9,60.0,0,N,MELB_URBAN,ROAD,10,16.0
167607,1,2,130,5,1,80.0,0,N,MELB_URBAN,ROAD,10,15.0
167608,1,1,99,2,1,70.0,0,I,MELB_URBAN,OTHER,10,17.0
167609,1,2,147,5,9,60.0,0,N,MELB_URBAN,ROAD,10,7.0
167610,1,3,130,2,1,50.0,0,I,MELB_URBAN,ROAD,10,16.0
167611,7,1,99,5,1,80.0,0,N,SMALL_CITIES,ROAD,10,14.0
167612,1,3,130,5,1,80.0,0,N,UNKNOWN,OTHER,10,18.0
167613,1,4,121,2,2,70.0,0,N,SMALL_CITIES,HIGHWAY,10,18.0
167614,1,4,99,1,1,60.0,0,I,MELB_URBAN,OTHER,10,18.0
167615,1,6,130,5,1,100.0,0,N,RURAL_VICTORIA,HIGHWAY,9,13.0
167616,2,4,100,5,1,80.0,0,N,RURAL_VICTORIA,ROAD,10,18.0
167617,1,4,121,1,1,60.0,0,I,MELB_URBAN,ROAD,10,16.0
167618,1,4,110,1,1,60.0,0,I,MELB_URBAN,ROAD,10,17.0
167619,4,4,181,5,1,60.0,0,N,TOWNS,ROAD,10,18.0
167620,1,4,113,2,1,60.0,0,I,MELB_URBAN,BOULEVARD,10,16.0
167621,1,3,130,5,4,100.0,0,N,RURAL_VICTORIA,ROAD,10,21.0
167622,1,4,160,5,3,50.0,0,N,MELB_URBAN,STREET,10,21.0
167623,4,5,171,1,3,60.0,0,I,TOWNS,OTHER,10,3.0
167624,4,6,99,5,1,60.0,0,N,RURAL_VICTORIA,ROAD,9,10.0
167625,1,6,110,1,1,60.0,0,O,LARGE_PROVINCIAL_CITIES,UNKNOWN,10,10.0
167626,1,5,110,1,1,40.0,0,I,MELB_URBAN,STREET,10,7.0
167627,1,4,130,5,1,80.0,0,N,MELB_URBAN,HIGHWAY,10,6.0
167628,5,5,99,5,5,100.0,0,N,RURAL_VICTORIA,ROAD,10,6.0
167629,2,3,99,5,1,40.0,0,N,MELB_URBAN,BOULEVARD,10,8.0
167630,2,4,100,5,1,70.0,0,N,LARGE_PROVINCIAL_CITIES,ROAD,10,8.0
167631,1,2,130,5,1,60.0,0,N,MELB_URBAN,ROAD,10,14.0
167632,1,7,135,5,3,80.0,0,N,MELB_URBAN,HIGHWAY,10,21.0
167633,1,5,121,2,1,50.0,0,N,MELB_URBAN,ROAD,10,12.0
167634,1,5,99,5,1,50.0,0,N,LARGE_PROVINCIAL_CITIES,STREET,10,11.0
167635,1,6,113,2,1,60.0,0,I,MELB_URBAN,ROAD,10,9.0
167636,1,7,130,5,1,60.0,0,N,RURAL_VICTORIA,ROAD,10,15.0
167637,1,2,163,5,1,40.0,0,N,MELB_URBAN,ROAD,10,8.0
167638,1,5,130,5,1,100.0,0,N,MELB_URBAN,FREEWAY,10,10.0
167639,1,4,130,1,2,60.0,0,I,MELB_URBAN,STREET,10,7.0
167640,1,5,130,5,1,60.0,0,N,LARGE_PROVINCIAL_CITIES,ROAD,10,13.0
167641,1,1,120,5,1,30.0,0,N,UNKNOWN,ROAD,9,17.0
167642,4,4,181,5,1,100.0,0,N,UNKNOWN,ROAD,10,10.0
167643,1,3,121,2,1,50.0,0,I,MELB_URBAN,STREET,10,16.0
167644,2,4,99,2,1,60.0,0,I,MELBOURNE_CBD,STREET,10,15.0
167645,1,4,147,5,1,60.0,0,N,MELB_URBAN,ROAD,10,15.0
167646,3,6,167,5,1,60.0,0,N,RURAL_VICTORIA,ROAD,10,11.0
167647,1,4,130,5,1,60.0,0,N,RURAL_VICTORIA,ROAD,10,14.0
167648,1,3,130,5,1,70.0,0,N,LARGE_PROVINCIAL_CITIES,ROAD,10,15.0
167649,1,4,134,5,1,80.0,0,N,MELB_URBAN,ROAD,10,14.0
167650,1,5,121,1,1,70.0,0,I,MELB_URBAN,STREET,10,16.0
167651,1,5,130,5,1,40.0,0,N,RURAL_VICTORIA,ROAD,10,12.0
167652,2,4,102,5,1,40.0,0,N,UNKNOWN,STREET,10,13.0
167653,2,4,99,5,1,60.0,0,N,MELB_URBAN,STREET,10,17.0
167654,1,4,111,2,1,60.0,0,I,MELB_URBAN,STREET,10,16.0
167655,1,5,113,2,1,60.0,0,I,LARGE_PROVINCIAL_CITIES,UNKNOWN,10,11.0
167656,1,5,130,5,1,80.0,0,N,UNKNOWN,STREET,10,17.0
167657,4,4,99,2,1,50.0,0,I,LARGE_PROVINCIAL_CITIES,STREET,10,16.0
167658,1,5,130,5,1,100.0,0,N,MELB_URBAN,ROAD,10,14.0
167659,1,4,160,5,1,60.0,0,N,MELB_URBAN,ROAD,10,16.0
167660,1,5,130,5,1,60.0,0,N,RURAL_VICTORIA,ROAD,10,17.0
167661,4,5,99,2,3,50.0,0,I,MELB_URBAN,OTHER,10,19.0
167662,1,4,99,5,1,60.0,0,N,LARGE_PROVINCIAL_CITIES,STREET,10,14.0
167663,1,5,99,4,9,60.0,0,I,MELB_URBAN,STREET,10,19.0
167664,1,5,121,1,1,60.0,0,I,LARGE_PROVINCIAL_CITIES,ROAD,10,16.0
167665,6,5,99,5,1,40.0,0,I,MELB_URBAN,DRIVE,10,14.0
167666,4,4,99,5,1,80.0,0,N,RURAL_VICTORIA,ROAD,10,16.0
167667,8,5,99,1,3,60.0,0,I,MELB_URBAN,BOULEVARD,10,21.0
167668,1,5,130,2,1,80.0,0,N,MELB_URBAN,ROAD,9,11.0
167669,4,5,183,2,3,80.0,0,I,RURAL_VICTORIA,ROAD,10,21.0
167670,2,4,100,1,3,60.0,0,I,MELB_URBAN,STREET,10,22.0
167671,1,4,135,5,1,40.0,0,N,MELB_URBAN,STREET,10,18.0
167672,1,5,120,5,3,60.0,0,N,MELB_URBAN,STREET,10,22.0
167673,1,4,110,1,6,50.0,0,I,MELB_URBAN,STREET,10,23.0
167674,7,6,99,5,2,50.0,0,N,MELB_URBAN,STREET,10,19.0
167675,1,5,99,2,1,50.0,0,N,LARGE_PROVINCIAL_CITIES,STREET,9,11.0
167676,4,5,173,5,3,50.0,0,N,SMALL_CITIES,DRIVE,10,22.0
167677,4,5,181,5,5,60.0,0,N,UNKNOWN,ROAD,10,23.0
167678,1,5,110,1,3,70.0,0,I,MELB_URBAN,ROAD,10,23.0
167679,1,5,120,5,6,80.0,0,N,RURAL_VICTORIA,ROAD,10,22.0
167680,1,6,121,2,3,100.0,0,I,RURAL_VICTORIA,HIGHWAY,10,3.0
167681,1,6,133,1,2,60.0,0,I,MELB_URBAN,STREET,10,5.0
167682,8,6,174,5,1,60.0,0,N,RURAL_VICTORIA,OTHER,9,11.0
167683,1,1,110,1,3,50.0,0,I,MELB_URBAN,STREET,9,18.0
167684,1,1,147,5,1,50.0,0,N,MELB_URBAN,AVENUE,9,16.0
167685,1,2,130,1,1,60.0,0,N,SMALL_CITIES,STREET,10,14.0
167686,1,4,99,1,1,60.0,0,N,RURAL_VICTORIA,RAMP,10,7.0
167687,1,7,121,1,1,80.0,0,N,MELB_URBAN,ROAD,10,11.0
167688,8,6,99,5,1,100.0,0,N,RURAL_VICTORIA,ROAD,10,10.0
167689,1,6,130,5,1,80.0,0,N,RURAL_VICTORIA,RAMP,10,11.0
167690,1,6,160,5,1,60.0,0,N,UNKNOWN,ROAD,10,11.0
167691,1,3,130,5,2,60.0,0,N,RURAL_VICTORIA,ROAD,7,16.0
167692,1,6,121,2,1,60.0,0,I,MELB_URBAN,ROAD,10,12.0
167693,1,3,130,2,1,60.0,0,I,MELB_URBAN,ROAD,10,15.0
167694,1,6,99,2,1,50.0,0,I,MELB_URBAN,STREET,10,8.0
167695,1,5,140,5,1,60.0,0,N,MELB_URBAN,STREET,10,12.0
167696,1,6,110,1,1,60.0,0,I,MELB_URBAN,PARADE,10,10.0
167697,1,6,120,5,1,80.0,1,N,RURAL_VICTORIA,ROAD,10,6.0
167698,1,6,130,5,1,80.0,0,N,RURAL_VICTORIA,ROAD,10,9.0
167699,1,3,130,2,2,60.0,0,I,MELB_URBAN,ROAD,10,6.0
167700,1,6,111,2,1,60.0,0,I,MELB_URBAN,ROAD,10,10.0
167701,1,3,130,5,1,100.0,0,N,UNKNOWN,FREEWAY,10,15.0
167702,1,3,99,2,1,100.0,0,I,RURAL_VICTORIA,ROAD,10,8.0
167703,1,4,130,2,2,80.0,0,I,MELB_URBAN,ROAD,10,17.0
167704,1,6,130,5,1,100.0,0,N,MELB_URBAN,ROAD,10,14.0
167705,5,6,99,1,1,100.0,0,I,RURAL_VICTORIA,ROAD,10,14.0
167706,1,6,140,5,1,50.0,0,N,RURAL_VICTORIA,BOULEVARD,10,11.0
167707,1,5,121,1,2,60.0,0,I,MELB_URBAN,STREET,10,6.0
167708,1,5,130,5,1,80.0,0,N,MELB_URBAN,ROAD,10,14.0
167709,6,6,99,5,1,60.0,0,N,RURAL_VICTORIA,ROAD,10,15.0
167710,1,6,121,1,3,70.0,0,I,MELB_URBAN,ROAD,9,22.0
167711,1,5,160,2,1,50.0,0,N,SMALL_CITIES,STREET,10,15.0
167712,1,6,110,1,1,100.0,1,I,RURAL_VICTORIA,ROAD,10,14.0
167713,1,6,120,5,1,100.0,0,N,RURAL_VICTORIA,HIGHWAY,10,16.0
167714,1,6,121,2,1,80.0,0,I,RURAL_VICTORIA,ROAD,10,16.0
167715,1,4,130,5,1,40.0,0,N,LARGE_PROVINCIAL_CITIES,ROAD,3,14.0
167716,4,6,99,5,1,60.0,0,N,TOWNS,STREET,10,17.0
167717,4,5,171,5,1,80.0,0,N,MELB_URBAN,ROAD,10,16.0
167718,6,6,99,1,1,50.0,0,N,SMALL_TOWNS,ROAD,10,12.0
167719,2,6,99,5,1,80.0,0,N,MELB_URBAN,ROAD,10,16.0
167720,1,1,130,5,1,60.0,0,N,MELB_URBAN,ROAD,10,14.0
167721,1,6,120,5,1,60.0,0,N,MELB_URBAN,ROAD,10,16.0
167722,3,6,167,5,5,100.0,0,N,UNKNOWN,ROAD,10,20.0
167723,1,5,132,2,1,60.0,0,I,RURAL_VICTORIA,ROAD,10,7.0
167724,1,5,121,1,3,60.0,0,N,MELB_URBAN,ROAD,10,20.0
167725,4,6,181,5,5,60.0,0,N,SMALL_TOWNS,ROAD,10,21.0
167726,6,6,99,5,5,100.0,0,N,RURAL_VICTORIA,ROAD,10,20.0
167727,1,6,113,2,1,50.0,0,I,MELB_URBAN,STREET,10,17.0
167728,1,6,130,5,1,100.0,0,N,MELB_URBAN,RAMP,10,17.0
167729,4,7,171,5,5,80.0,0,N,RURAL_VICTORIA,ROAD,10,2.0
167730,4,6,171,5,3,60.0,0,N,MELB_URBAN,ROAD,10,1.0
167731,2,6,100,5,5,70.0,0,N,SMALL_CITIES,PARADE,10,0.0
167732,8,7,174,5,3,60.0,0,N,MELB_URBAN,STREET,10,4.0
167733,2,4,102,1,1,60.0,0,N,UNKNOWN,ROAD,10,8.0
167734,4,7,183,5,9,50.0,0,N,RURAL_VICTORIA,AVENUE,10,4.0
167735,1,4,130,5,1,60.0,0,N,MELB_URBAN,ROAD,9,15.0
167736,1,6,110,1,1,60.0,0,I,MELB_URBAN,STREET,10,11.0
167737,1,7,130,5,1,80.0,0,N,RURAL_VICTORIA,ROAD,10,9.0
167738,1,7,110,1,1,50.0,0,N,MELB_URBAN,STREET,10,11.0
167739,1,7,113,2,1,80.0,0,I,MELB_URBAN,ROAD,10,11.0
167740,1,5,130,5,1,50.0,0,N,MELB_URBAN,ROAD,9,12.0
167741,1,6,134,5,1,50.0,0,N,MELB_URBAN,STREET,10,11.0
167742,6,1,184,3,1,100.0,0,I,RURAL_VICTORIA,ROAD,9,8.0
167743,1,7,130,5,1,80.0,0,N,RURAL_VICTORIA,ROAD,10,12.0
167744,1,6,140,5,1,60.0,0,N,MELB_URBAN,ROAD,10,10.0
167745,1,7,130,1,1,60.0,0,I,SMALL_CITIES,PARADE,10,11.0
167746,4,6,99,5,1,50.0,0,N,TOWNS,OTHER,10,10.0
167747,1,4,99,5,2,60.0,0,N,MELB_URBAN,PARADE,10,6.0
167748,1,6,140,2,2,70.0,0,I,TOWNS,HIGHWAY,10,19.0
167749,1,7,121,2,1,60.0,0,I,MELB_URBAN,STREET,10,14.0
167750,1,6,130,1,1,60.0,0,I,MELB_URBAN,ROAD,10,13.0
167751,2,6,99,5,1,40.0,0,N,MELB_URBAN,STREET,10,15.0
167752,1,3,134,2,9,60.0,0,N,MELB_URBAN,ROAD,5,8.0
167753,2,7,99,2,1,50.0,0,N,TOWNS,DRIVE,10,18.0
167754,6,7,184,5,1,60.0,0,N,RURAL_VICTORIA,OTHER,10,14.0
167755,2,6,102,5,2,50.0,0,N,MELB_URBAN,ROAD,10,17.0
167756,1,7,110,1,1,60.0,0,I,MELB_URBAN,STREET,10,17.0
167757,2,6,100,5,1,50.0,0,N,MELB_URBAN,ROAD,10,16.0
167758,1,1,133,5,9,40.0,0,N,MELB_URBAN,STREET,10,11.0
167759,4,6,171,5,2,50.0,0,N,UNKNOWN,AVENUE,10,18.0
167760,1,5,140,5,1,50.0,0,N,UNKNOWN,ROAD,3,15.0
167761,8,7,99,5,2,60.0,0,N,MELB_URBAN,ROAD,10,20.0
167762,6,6,170,2,5,80.0,0,I,RURAL_VICTORIA,HIGHWAY,10,20.0