,accident_type,day_of_week,dca_code,road_geometry,light_condition,speed_zone,severity,node_type,deg_urban_name,road_type,month,hour
167763,2,6,99,5,3,50.0,0,N,MELB_URBAN,AVENUE,10,20.0
167764,1,6,121,1,1,50.0,0,I,MELB_URBAN,ROAD,10,15.0
167765,4,7,173,5,5,110.0,0,N,RURAL_VICTORIA,FREEWAY,10,20.0
167766,2,6,102,5,3,50.0,0,N,MELB_URBAN,ROAD,10,20.0
167767,1,6,130,2,1,70.0,0,I,MELB_URBAN,ROAD,10,16.0
167768,1,7,140,2,3,40.0,0,N,UNKNOWN,ROAD,10,21.0
167769,3,7,167,5,1,60.0,0,N,LARGE_PROVINCIAL_CITIES,STREET,10,18.0
167770,1,6,113,2,1,40.0,0,N,MELB_URBAN,STREET,9,14.0
167771,1,7,160,5,3,60.0,0,N,LARGE_PROVINCIAL_CITIES,STREET,10,23.0
167772,2,7,99,5,5,100.0,1,N,RURAL_VICTORIA,ROAD,10,20.0
167773,1,0,160,5,3,40.0,0,N,MELB_URBAN,STREET,10,1.0
167774,1,2,133,2,1,80.0,0,I,MELB_URBAN,HIGHWAY,8,7.0
167775,2,1,102,1,3,60.0,0,N,MELB_URBAN,ROAD,10,1.0
167776,4,1,173,5,5,110.0,0,N,RURAL_VICTORIA,FREEWAY,10,1.0
167777,4,1,171,5,1,50.0,0,N,MELB_URBAN,ROAD,10,9.0
167778,1,3,133,1,2,50.0,0,I,RURAL_VICTORIA,ROAD,10,5.0
167779,6,0,170,5,5,100.0,0,N,UNKNOWN,ROAD,10,1.0
167780,1,3,130,5,1,100.0,0,N,RURAL_VICTORIA,ROAD,10,8.0
167781,3,2,167,5,1,110.0,0,N,RURAL_VICTORIA,FREEWAY,10,15.0
167782,1,6,130,5,1,60.0,0,N,UNKNOWN,ROAD,9,17.0
167783,4,1,181,5,1,80.0,0,N,RURAL_VICTORIA,ROAD,10,10.0
167784,4,0,173,2,1,50.0,0,N,SMALL_CITIES,DRIVE,10,12.0
167785,1,4,135,5,1,40.0,0,N,MELB_URBAN,ROAD,10,12.0
167786,4,0,173,1,1,60.0,0,N,MELB_URBAN,ROAD,10,12.0
167787,1,7,147,5,1,50.0,0,N,LARGE_PROVINCIAL_CITIES,AVENUE,10,12.0
167788,2,0,100,1,1,40.0,0,N,UNKNOWN,STREET,10,9.0
167789,1,6,130,5,2,100.0,0,N,UNKNOWN,FREEWAY,10,6.0
167790,1,0,121,2,1,80.0,0,I,MELB_URBAN,ROAD,10,13.0
167791,1,4,99,5,2,60.0,0,N,MELB_URBAN,ROAD,10,18.0
167792,1,2,121,1,1,60.0,0,I,LARGE_PROVINCIAL_CITIES,STREET,8,17.0
167793,1,1,111,1,1,50.0,0,I,SMALL_CITIES,STREET,10,12.0
167794,1,0,130,2,1,70.0,0,I,LARGE_PROVINCIAL_CITIES,HIGHWAY,10,14.0
167795,1,6,130,2,1,50.0,0,N,MELB_URBAN,STREET,10,17.0
167796,1,5,130,5,3,100.0,0,N,MELB_URBAN,FREEWAY,9,3.0
167797,4,0,173,5,1,60.0,0,N,MELB_URBAN,RAMP,10,14.0
167798,1,1,99,1,3,60.0,0,I,MELB_URBAN,ROAD,10,20.0
167799,2,0,102,5,3,60.0,0,N,MELB_URBAN,HIGHWAY,10,20.0
167800,1,3,121,2,1,60.0,0,I,MELB_URBAN,STREET,10,16.0
167801,4,0,171,5,5,100.0,0,N,RURAL_VICTORIA,OTHER,10,21.0
167802,1,0,130,1,3,50.0,0,I,MELB_URBAN,STREET,10,21.0
167803,1,4,113,1,1,60.0,0,I,MELB_URBAN,ROAD,10,15.0
167804,1,6,110,1,1,50.0,0,I,LARGE_PROVINCIAL_CITIES,STREET,9,13.0
167805,6,1,170,5,5,100.0,0,N,RURAL_VICTORIA,ROAD,10,23.0
167806,1,1,110,1,3,40.0,0,I,MELBOURNE_CBD,STREET,10,2.0
167807,1,4,99,1,1,40.0,0,I,MELB_URBAN,STREET,10,16.0
167808,4,2,171,5,2,100.0,0,N,RURAL_VICTORIA,ROAD,10,5.0
167809,6,0,99,5,1,60.0,0,N,RURAL_VICTORIA,ROAD,10,16.0
167810,2,1,100,2,1,60.0,0,I,MELB_URBAN,STREET,10,8.0
167811,1,3,130,2,1,80.0,0,N,MELB_URBAN,ROAD,10,12.0
167812,8,5,174,5,1,80.0,0,N,MELB_URBAN,FREEWAY,10,17.0
167813,1,3,130,2,2,60.0,0,N,MELB_URBAN,ROAD,6,8.0
167814,4,2,173,5,1,100.0,0,N,RURAL_VICTORIA,ROAD,10,9.0
167815,1,7,132,1,1,60.0,0,I,SMALL_CITIES,ROAD,10,13.0
167816,1,2,133,5,1,100.0,0,N,MELB_URBAN,FREEWAY,10,9.0
167817,4,6,181,5,1,80.0,0,N,RURAL_VICTORIA,ROAD,10,10.0
167818,2,1,100,5,1,50.0,0,N,UNKNOWN,STREET,10,11.0
167819,1,6,99,5,9,60.0,0,N,MELB_URBAN,ROAD,10,10.0
167820,1,2,110,1,1,50.0,0,I,RURAL_VICTORIA,DRIVE,10,9.0
167821,6,1,174,5,1,40.0,0,N,MELB_URBAN,ROAD,10,8.0
167822,1,2,130,5,1,80.0,0,N,UNKNOWN,FREEWAY,10,16.0
167823,8,7,174,5,1,60.0,0,N,RURAL_VICTORIA,ROAD,10,11.0
167824,6,1,184,5,1,100.0,0,N,RURAL_VICTORIA,OTHER,10,15.0
167825,8,2,99,5,1,100.0,0,N,RURAL_VICTORIA,ROAD,10,11.0
167826,6,2,170,5,1,100.0,0,N,RURAL_VICTORIA,ROAD,10,13.0
167827,1,4,120,2,2,80.0,0,I,SMALL_TOWNS,ROAD,10,7.0
167828,4,1,181,5,1,60.0,0,N,RURAL_VICTORIA,HIGHWAY,10,12.0
167829,6,7,99,5,1,60.0,0,N,UNKNOWN,OTHER,9,11.0
167830,1,2,121,2,1,60.0,0,I,MELB_URBAN,STREET,10,15.0
167831,4,2,181,5,1,80.0,0,N,RURAL_VICTORIA,HIGHWAY,10,13.0
167832,1,2,130,5,1,60.0,0,N,MELB_URBAN,ROAD,10,16.0
167833,8,6,184,2,1,50.0,0,I,MELB_URBAN,BOULEVARD,10,8.0
167834,2,1,100,2,9,60.0,0,I,MELB_URBAN,STREET,8,14.0
167835,1,2,99,2,1,50.0,0,I,MELB_URBAN,STREET,10,16.0
167836,2,2,102,1,1,50.0,0,N,RURAL_VICTORIA,BOULEVARD,10,15.0
167837,1,2,120,2,1,100.0,0,N,RURAL_VICTORIA,HIGHWAY,10,15.0
167838,4,1,171,5,1,60.0,0,N,UNKNOWN,ROAD,10,15.0
167839,4,1,171,5,1,100.0,0,N,RURAL_VICTORIA,HIGHWAY,10,17.0
167840,2,2,100,1,1,60.0,0,I,MELB_URBAN,ROAD,10,15.0
167841,4,2,183,5,1,100.0,0,N,UNKNOWN,ROAD,10,16.0
167842,1,4,132,1,1,60.0,0,N,LARGE_PROVINCIAL_CITIES,STREET,9,12.0
167843,7,1,99,2,1,40.0,0,I,MELB_URBAN,STREET,10,19.0
167844,1,2,121,1,1,40.0,0,I,MELBOURNE_CBD,STREET,10,16.0
167845,4,2,181,5,1,100.0,0,N,UNKNOWN,ROAD,10,10.0
167846,1,2,110,1,3,70.0,0,I,MELB_URBAN,ROAD,10,20.0
167847,1,1,120,5,1,100.0,0,N,RURAL_VICTORIA,ROAD,10,18.0
167848,4,4,183,2,3,50.0,0,I,MELB_URBAN,AVENUE,9,20.0
167849,4,2,183,5,5,80.0,1,N,RURAL_VICTORIA,ROAD,10,21.0
167850,1,5,110,1,1,50.0,0,I,MELB_URBAN,STREET,9,12.0
167851,1,3,110,1,1,50.0,0,I,MELB_URBAN,STREET,10,15.0
167852,1,2,121,1,2,80.0,0,I,MELB_URBAN,ROAD,10,5.0
167853,4,3,173,5,5,80.0,1,N,RURAL_VICTORIA,ROAD,10,1.0
167854,1,4,130,5,1,80.0,0,N,MELB_URBAN,RAMP,10,17.0
167855,1,6,130,5,1,100.0,0,N,MELB_URBAN,ROAD,10,16.0
167856,4,3,171,5,5,110.0,0,N,RURAL_VICTORIA,FREEWAY,9,23.0
167857,1,1,160,5,3,60.0,0,N,UNKNOWN,ROAD,10,21.0
167858,1,1,130,1,1,80.0,0,I,MELB_URBAN,ROAD,10,12.0
167859,1,3,120,5,2,100.0,0,N,UNKNOWN,HIGHWAY,10,6.0
167860,2,3,102,1,1,40.0,0,I,MELB_URBAN,STREET,10,9.0
167861,1,3,121,2,1,100.0,0,I,TOWNS,HIGHWAY,10,9.0
167862,1,3,133,2,1,60.0,0,I,MELB_URBAN,ROAD,10,7.0
167863,1,2,121,2,1,80.0,0,I,RURAL_VICTORIA,HIGHWAY,10,8.0
167864,1,3,130,1,2,80.0,0,I,MELB_URBAN,HIGHWAY,10,6.0
167865,1,3,147,5,1,60.0,0,N,UNKNOWN,STREET,10,10.0
167866,1,7,130,2,3,60.0,0,I,MELB_URBAN,ROAD,10,22.0
167867,8,1,184,5,1,60.0,0,N,RURAL_VICTORIA,ROAD,10,14.0
167868,1,3,160,5,1,60.0,0,N,LARGE_PROVINCIAL_CITIES,ROAD,10,11.0
167869,1,2,130,5,9,60.0,0,N,MELB_URBAN,STREET,10,9.0
167870,1,2,121,1,1,50.0,0,I,LARGE_PROVINCIAL_CITIES,STREET,10,9.0
167871,1,3,99,2,1,100.0,1,I,RURAL_VICTORIA,ROAD,10,10.0
167872,1,6,147,5,1,50.0,0,N,MELB_URBAN,PARADE,10,17.0
167873,6,2,174,2,9,50.0,0,I,MELB_URBAN,STREET,10,18.0
167874,6,1,174,5,1,100.0,0,N,RURAL_VICTORIA,ROAD,10,11.0
167875,6,7,174,2,1,100.0,0,I,RURAL_VICTORIA,ROAD,10,14.0
167876,1,2,121,1,1,60.0,0,I,MELB_URBAN,ROAD,10,13.0
167877,1,4,99,2,9,60.0,0,I,MELB_URBAN,ROAD,8,8.0
167878,1,2,130,5,2,80.0,0,N,MELB_URBAN,FREEWAY,10,7.0
167879,1,6,130,5,1,60.0,0,N,UNKNOWN,FREEWAY,10,18.0
167880,4,3,99,5,1,60.0,0,N,MELB_URBAN,ROAD,10,16.0
167881,7,6,99,5,1,100.0,0,N,RURAL_VICTORIA,ROAD,10,10.0
167882,1,3,132,2,1,50.0,0,I,SMALL_CITIES,ROAD,10,16.0
167883,1,3,133,2,1,60.0,0,N,MELB_URBAN,ROAD,10,13.0
167884,1,2,99,5,1,60.0,0,N,MELB_URBAN,BOULEVARD,10,17.0
167885,1,2,130,5,1,60.0,0,N,UNKNOWN,ROAD,10,14.0
167886,2,3,99,5,1,100.0,0,N,RURAL_VICTORIA,HIGHWAY,10,15.0
167887,1,3,110,1,1,40.0,0,I,MELB_URBAN,STREET,10,16.0
167888,2,3,99,5,1,50.0,0,N,MELB_URBAN,ROAD,10,16.0
167889,1,3,130,5,1,60.0,0,N,MELB_URBAN,ROAD,10,15.0
167890,2,3,102,1,1,60.0,0,N,MELB_URBAN,STREET,10,16.0
167891,1,3,134,5,1,40.0,0,N,MELB_URBAN,STREET,10,18.0
167892,1,2,130,1,1,60.0,0,I,MELB_URBAN,STREET,10,7.0
167893,1,3,130,5,1,50.0,0,N,MELB_URBAN,ROAD,10,15.0
167894,1,4,132,2,3,60.0,0,I,SMALL_CITIES,AVENUE,10,21.0
167895,1,5,130,2,1,80.0,0,I,MELB_URBAN,ROAD,10,15.0
167896,1,5,99,1,6,60.0,0,N,MELB_URBAN,ROAD,10,21.0
167897,1,3,111,2,1,70.0,0,I,MELB_URBAN,ROAD,10,18.0
167898,1,2,121,1,1,80.0,0,I,MELB_URBAN,ROAD,10,18.0
167899,6,7,184,5,1,60.0,0,N,RURAL_VICTORIA,OTHER,10,16.0
167900,1,4,99,2,3,50.0,0,I,MELB_URBAN,ROAD,10,19.0
167901,1,1,130,1,1,60.0,0,N,MELB_URBAN,STREET,10,18.0
167902,1,3,130,5,1,100.0,0,N,MELB_URBAN,ROAD,10,17.0
167903,1,3,99,5,5,80.0,0,N,RURAL_VICTORIA,ROAD,10,20.0
167904,1,3,99,1,3,40.0,0,I,MELBOURNE_CBD,STREET,10,19.0
167905,2,3,100,5,5,80.0,0,N,MELB_URBAN,FREEWAY,10,19.0
167906,1,3,121,1,1,60.0,0,I,MELB_URBAN,ROAD,10,12.0
167907,1,3,120,5,3,60.0,0,N,MELB_URBAN,ROAD,10,21.0
167908,1,3,121,2,3,80.0,0,I,RURAL_VICTORIA,ROAD,10,22.0
167909,2,3,100,5,3,60.0,0,N,MELB_URBAN,ROAD,10,23.0
167910,1,3,133,5,3,40.0,0,N,MELB_URBAN,FREEWAY,10,21.0
167911,4,3,181,5,4,80.0,1,N,LARGE_PROVINCIAL_CITIES,ROAD,10,20.0
167912,1,4,99,1,3,40.0,0,I,MELBOURNE_CBD,STREET,10,1.0
167913,1,4,130,5,1,80.0,0,N,RURAL_VICTORIA,ROAD,10,7.0
167914,1,3,121,2,1,80.0,0,I,RURAL_VICTORIA,HIGHWAY,10,7.0
167915,1,4,130,5,1,70.0,0,N,RURAL_VICTORIA,HIGHWAY,10,6.0
167916,2,3,99,5,1,60.0,0,N,MELB_URBAN,ROAD,10,7.0
167917,5,3,99,5,1,60.0,0,N,RURAL_VICTORIA,ROAD,10,9.0
167918,1,2,130,1,2,60.0,0,I,SMALL_CITIES,HIGHWAY,5,8.0
167919,1,4,113,1,1,60.0,0,I,RURAL_VICTORIA,ROAD,10,8.0
167920,1,2,130,1,1,60.0,0,N,UNKNOWN,ROAD,10,18.0
167921,2,3,102,5,1,40.0,0,N,MELB_URBAN,STREET,10,12.0
167922,1,0,130,1,1,80.0,0,N,MELB_URBAN,ROAD,10,16.0
167923,6,7,99,2,3,50.0,0,I,MELB_URBAN,ROAD,7,19.0
167924,6,4,174,5,1,60.0,0,N,UNKNOWN,AVENUE,10,12.0
167925,1,3,113,2,1,50.0,0,N,MELB_URBAN,STREET,10,9.0
167926,1,3,130,5,1,60.0,0,N,UNKNOWN,STREET,10,12.0
167927,2,4,100,5,1,50.0,0,N,LARGE_PROVINCIAL_CITIES,STREET,10,12.0
167928,1,4,121,1,1,40.0,0,I,MELB_URBAN,STREET,10,9.0
167929,1,4,130,5,1,40.0,0,N,RURAL_VICTORIA,HIGHWAY,10,13.0
167930,1,5,99,1,1,50.0,0,I,MELB_URBAN,STREET,10,17.0
167931,1,3,133,5,1,100.0,0,N,RURAL_VICTORIA,ROAD,10,13.0
167932,4,4,173,5,1,100.0,0,N,RURAL_VICTORIA,ROAD,10,13.0
167933,1,4,113,2,2,60.0,0,I,MELB_URBAN,ROAD,10,9.0
167934,4,4,173,5,1,100.0,0,N,RURAL_VICTORIA,ROAD,10,13.0
167935,1,3,99,2,1,50.0,0,I,MELB_URBAN,UNKNOWN,10,11.0
167936,1,4,110,1,1,60.0,0,I,LARGE_PROVINCIAL_CITIES,ROAD,10,13.0
167937,4,7,181,5,1,50.0,0,N,UNKNOWN,ROAD,9,10.0
167938,1,4,120,5,1,40.0,0,N,MELB_URBAN,ROAD,10,14.0
167939,1,3,121,2,1,60.0,0,I,MELB_URBAN,STREET,10,16.0
167940,1,1,99,5,1,80.0,0,N,RURAL_VICTORIA,ROAD,10,11.0
167941,4,7,171,5,1,60.0,0,N,RURAL_VICTORIA,ROAD,10,12.0
167942,1,4,130,5,1,100.0,0,N,RURAL_VICTORIA,FREEWAY,10,16.0
167943,1,1,130,1,1,80.0,0,I,MELB_URBAN,ROAD,10,7.0
167944,2,5,99,5,9,60.0,0,N,MELB_URBAN,STREET,9,22.0
167945,1,4,99,2,1,30.0,0,N,MELB_URBAN,OTHER,10,14.0
167946,1,4,99,5,1,40.0,0,N,MELB_URBAN,STREET,10,17.0
167947,4,4,171,5,1,80.0,0,N,RURAL_VICTORIA,ROAD,10,17.0
167948,1,4,99,1,1,40.0,0,I,RURAL_VICTORIA,ROAD,10,18.0
167949,1,4,147,5,1,60.0,0,N,MELB_URBAN,ROAD,10,15.0
167950,4,4,173,5,1,60.0,0,N,TOWNS,STREET,10,18.0
167951,1,4,110,1,3,60.0,0,I,SMALL_CITIES,HIGHWAY,10,21.0
167952,1,4,121,1,3,60.0,0,I,MELB_URBAN,HIGHWAY,10,20.0
167953,2,4,102,1,3,40.0,0,I,MELB_URBAN,STREET,10,22.0
167954,1,6,120,5,1,60.0,0,N,MELB_URBAN,STREET,10,17.0
167955,4,3,171,1,3,60.0,0,I,MELB_URBAN,ROAD,10,23.0
167956,1,4,110,1,3,50.0,0,I,MELB_URBAN,AVENUE,10,1.0
167957,1,4,121,2,3,50.0,1,I,MELB_URBAN,STREET,10,22.0
167958,4,4,171,5,5,70.0,0,N,RURAL_VICTORIA,ROAD,10,23.0
167959,2,4,99,2,1,60.0,0,I,MELB_URBAN,ROAD,10,15.0
167960,4,5,181,5,3,50.0,0,N,MELB_URBAN,STREET,10,4.0
167961,1,4,113,2,1,80.0,0,I,TOWNS,HIGHWAY,10,14.0
167962,1,3,121,3,3,60.0,0,I,MELB_URBAN,ROAD,10,20.0
167963,1,5,110,1,1,40.0,0,I,LARGE_PROVINCIAL_CITIES,STREET,10,7.0
167964,1,2,121,1,2,40.0,0,I,MELB_URBAN,STREET,10,6.0
167965,2,5,100,1,1,60.0,0,I,MELB_URBAN,STREET,10,7.0
167966,1,5,110,1,2,80.0,0,I,MELB_URBAN,ROAD,10,5.0
167967,5,4,171,5,1,100.0,0,N,RURAL_VICTORIA,ROAD,10,8.0
167968,1,1,110,1,1,50.0,0,I,MELB_URBAN,ROAD,10,14.0
167969,1,5,110,1,3,60.0,0,I,MELB_URBAN,STREET,10,6.0
167970,1,4,130,5,1,100.0,0,N,UNKNOWN,ROAD,10,17.0
167971,6,4,184,5,1,80.0,0,N,UNKNOWN,HIGHWAY,10,16.0
167972,1,5,111,2,1,50.0,0,I,MELB_URBAN,ROAD,10,10.0
167973,1,4,110,1,1,100.0,0,I,RURAL_VICTORIA,ROAD,10,11.0
167974,8,1,99,1,9,60.0,0,I,MELB_URBAN,DRIVE,10,8.0
167975,1,5,121,2,1,80.0,0,I,MELB_URBAN,HIGHWAY,10,14.0
167976,8,4,184,5,1,60.0,0,N,MELB_URBAN,ROAD,10,9.0
167977,6,1,174,5,1,60.0,0,N,RURAL_VICTORIA,ROAD,10,16.0
167978,1,3,130,1,9,60.0,0,I,SMALL_CITIES,RAMP,10,15.0
167979,4,5,173,5,1,40.0,0,N,LARGE_PROVINCIAL_CITIES,STREET,10,13.0
167980,6,2,174,5,1,60.0,0,N,MELB_URBAN,ROAD,10,17.0
167981,2,5,102,5,1,40.0,0,N,LARGE_PROVINCIAL_CITIES,STREET,10,14.0
167982,1,5,163,5,1,40.0,0,N,UNKNOWN,ROAD,10,13.0
167983,2,4,102,5,1,40.0,0,N,MELB_URBAN,ROAD,10,13.0
167984,4,4,171,5,1,50.0,0,N,UNKNOWN,STREET,10,13.0
167985,1,3,99,5,5,110.0,0,N,RURAL_VICTORIA,FREEWAY,7,20.0
167986,1,4,130,5,1,80.0,0,N,MELB_URBAN,FREEWAY,8,14.0
167987,1,5,147,5,1,60.0,0,N,MELB_URBAN,HIGHWAY,10,16.0
167988,1,6,130,5,1,100.0,0,N,MELB_URBAN,FREEWAY,10,13.0
167989,1,4,130,1,1,60.0,0,I,SMALL_CITIES,STREET,9,12.0
167990,1,5,99,5,1,40.0,0,N,MELB_URBAN,ROAD,10,15.0
167991,1,4,160,5,1,50.0,0,N,TOWNS,STREET,10,18.0
167992,1,5,110,1,1,60.0,0,I,LARGE_PROVINCIAL_CITIES,STREET,10,17.0
167993,1,1,110,1,1,50.0,0,I,MELB_URBAN,STREET,10,10.0
167994,1,5,120,3,1,100.0,0,I,RURAL_VICTORIA,ROAD,10,16.0
167995,6,5,170,2,1,40.0,0,N,MELB_URBAN,ROAD,10,19.0
167996,2,5,100,5,2,40.0,0,N,MELB_URBAN,STREET,10,18.0
167997,1,0,130,5,2,60.0,0,N,MELB_URBAN,FREEWAY,10,18.0
167998,1,5,110,1,1,50.0,0,N,MELB_URBAN,STREET,10,13.0
167999,8,5,174,1,3,60.0,0,I,MELB_URBAN,ROAD,10,20.0
168000,2,5,102,2,1,40.0,0,I,LARGE_PROVINCIAL_CITIES,ROAD,10,18.0
168001,1,5,121,1,2,60.0,0,I,MELB_URBAN,ROAD,10,20.0
168002,1,5,130,5,1,60.0,0,N,UNKNOWN,ROAD,10,18.0
168003,1,5,130,5,3,100.0,0,N,RURAL_VICTORIA,FREEWAY,10,22.0
168004,2,5,102,5,3,80.0,0,N,MELB_URBAN,ROAD,10,22.0
168005,1,3,135,5,1,100.0,0,N,MELB_URBAN,FREEWAY,10,11.0
168006,4,6,99,1,2,50.0,0,I,MELB_URBAN,STREET,10,5.0
168007,2,2,102,5,1,80.0,0,I,MELB_URBAN,ROAD,10,17.0
168008,1,4,121,2,1,80.0,0,I,MELB_URBAN,ROAD,10,13.0
168009,4,4,99,5,1,50.0,0,N,MELB_URBAN,ROAD,10,8.0
168010,1,5,120,5,2,80.0,0,N,RURAL_VICTORIA,HIGHWAY,10,5.0
168011,1,0,130,1,1,60.0,0,I,SMALL_CITIES,ROAD,10,16.0
168012,1,4,130,2,2,80.0,0,N,MELB_URBAN,ROAD,10,6.0
168013,1,6,140,5,1,80.0,0,N,MELB_URBAN,ROAD,10,9.0
168014,1,6,113,1,1,50.0,0,N,MELB_URBAN,DRIVE,10,8.0
168015,1,5,113,2,2,40.0,0,I,MELB_URBAN,ROAD,10,7.0
168016,1,6,121,2,1,80.0,0,I,MELB_URBAN,ROAD,10,7.0
168017,1,4,99,5,1,80.0,0,N,RURAL_VICTORIA,ROAD,10,18.0
168018,1,5,121,1,1,80.0,0,I,MELB_URBAN,ROAD,10,9.0
168019,1,5,130,1,1,60.0,0,N,MELB_URBAN,STREET,10,10.0
168020,1,1,130,5,1,100.0,0,N,SMALL_CITIES,FREEWAY,10,16.0
168021,4,6,171,5,1,50.0,0,N,LARGE_PROVINCIAL_CITIES,STREET,10,7.0
168022,1,6,110,1,1,60.0,0,I,MELB_URBAN,ROAD,10,12.0
168023,1,4,130,5,1,30.0,0,N,UNKNOWN,STREET,10,7.0
168024,1,6,121,2,1,40.0,0,I,MELB_URBAN,ROAD,10,8.0
168025,1,6,121,2,1,60.0,0,I,TOWNS,HIGHWAY,10,11.0
168026,6,7,174,5,9,60.0,0,N,MELB_URBAN,DRIVE,7,16.0
168027,1,6,133,5,1,100.0,0,N,UNKNOWN,FREEWAY,10,14.0
168028,2,4,99,5,1,60.0,0,N,MELB_URBAN,ROAD,10,13.0
168029,1,5,130,5,1,100.0,0,N,RURAL_VICTORIA,HIGHWAY,10,11.0
168030,1,6,130,5,1,80.0,0,N,MELB_URBAN,ROAD,10,9.0
168031,1,4,130,1,1,60.0,0,I,MELB_URBAN,ROAD,10,17.0
168032,1,4,110,1,1,50.0,0,I,MELB_URBAN,ROAD,3,15.0
168033,1,6,110,1,1,60.0,0,I,MELB_URBAN,ROAD,10,14.0
168034,1,6,121,2,1,60.0,0,I,MELB_URBAN,ROAD,10,16.0
168035,1,5,113,2,1,60.0,0,I,MELB_URBAN,UNKNOWN,10,14.0
168036,1,5,99,5,1,50.0,0,N,MELB_URBAN,STREET,10,14.0
168037,1,5,99,5,1,50.0,0,N,TOWNS,ROAD,10,16.0
168038,1,3,130,5,1,80.0,0,N,MELB_URBAN,ROAD,10,18.0
168039,3,6,167,5,3,80.0,0,N,UNKNOWN,ROAD,10,5.0
168040,1,5,163,5,1,40.0,0,N,MELBOURNE_CBD,STREET,10,17.0
168041,2,5,99,5,1,40.0,0,N,MELB_URBAN,ROAD,10,16.0
168042,1,3,130,5,1,50.0,0,N,TOWNS,HIGHWAY,10,12.0
168043,1,6,113,2,1,100.0,0,I,RURAL_VICTORIA,HIGHWAY,10,15.0
168044,1,6,121,1,1,60.0,0,I,MELB_URBAN,ROAD,10,17.0
168045,1,6,110,1,1,100.0,0,I,RURAL_VICTORIA,HIGHWAY,10,18.0
168046,1,6,116,2,1,80.0,0,I,MELB_URBAN,ROAD,10,15.0
168047,1,6,130,5,1,60.0,0,N,UNKNOWN,OTHER,9,15.0
168048,1,4,130,1,1,60.0,0,I,RURAL_VICTORIA,ROAD,10,15.0
168049,4,2,173,5,3,100.0,0,N,MELB_URBAN,FREEWAY,9,21.0
168050,1,4,130,1,1,60.0,0,I,MELB_URBAN,ROAD,10,15.0
168051,1,6,99,5,1,60.0,0,I,MELB_URBAN,ROAD,10,17.0
168052,1,5,121,2,3,70.0,0,I,MELB_URBAN,ROAD,10,20.0
168053,1,5,99,5,1,60.0,0,N,MELB_URBAN,STREET,10,19.0
168054,1,6,130,5,3,70.0,0,N,MELB_URBAN,ROAD,10,20.0
168055,1,5,110,1,3,50.0,0,I,TOWNS,STREET,10,20.0
168056,1,6,171,5,3,70.0,0,N,MELB_URBAN,ROAD,10,21.0
168057,1,6,113,1,1,60.0,0,I,MELB_URBAN,HIGHWAY,10,17.0
168058,1,6,130,5,1,60.0,0,N,MELB_URBAN,ROAD,10,18.0
168059,1,6,147,2,3,80.0,0,I,MELB_URBAN,ROAD,10,20.0
168060,1,5,121,1,3,70.0,0,I,LARGE_PROVINCIAL_CITIES,HIGHWAY,10,21.0
168061,1,6,110,1,3,80.0,0,I,MELB_URBAN,HIGHWAY,10,22.0
168062,1,6,110,1,3,80.0,0,N,MELB_URBAN,DRIVE,10,0.0
168063,4,6,171,2,2,60.0,0,I,MELB_URBAN,ROAD,10,5.0
168064,1,6,147,5,1,60.0,0,N,MELB_URBAN,STREET,10,8.0
168065,8,1,184,5,1,60.0,0,N,RURAL_VICTORIA,ROAD,10,11.0
168066,4,4,171,2,1,100.0,0,I,RURAL_VICTORIA,ROAD,10,13.0
168067,4,1,181,5,1,60.0,0,N,RURAL_VICTORIA,ROAD,10,14.0
168068,2,6,99,5,6,60.0,0,N,UNKNOWN,DRIVE,10,23.0
168069,1,7,130,5,1,100.0,0,N,MELB_URBAN,FREEWAY,10,8.0
168070,1,7,99,5,1,40.0,0,N,MELBOURNE_CBD,STREET,10,10.0
168071,4,6,171,5,1,100.0,0,N,RURAL_VICTORIA,ROAD,10,10.0
168072,1,7,132,5,1,60.0,0,N,SMALL_CITIES,HIGHWAY,10,11.0
168073,8,1,174,5,3,40.0,0,N,MELB_URBAN,STREET,6,2.0
168074,4,7,181,5,1,60.0,0,N,MELB_URBAN,DRIVE,10,12.0
168075,1,0,160,5,2,50.0,0,N,TOWNS,OTHER,10,17.0
168076,8,1,184,2,1,100.0,0,I,RURAL_VICTORIA,ROAD,5,14.0
168077,4,7,99,6,1,100.0,0,N,RURAL_VICTORIA,ROAD,10,10.0
168078,7,5,99,2,2,50.0,0,I,MELB_URBAN,OTHER,10,19.0
168079,1,7,99,5,1,50.0,0,N,SMALL_TOWNS,STREET,10,13.0
168080,1,6,130,5,1,40.0,0,N,MELB_URBAN,ROAD,10,11.0
168081,2,4,99,5,1,60.0,0,I,MELB_URBAN,STREET,8,8.0
168082,8,7,99,5,1,100.0,0,N,UNKNOWN,ROAD,10,14.0
168083,1,1,160,5,1,50.0,0,N,MELB_URBAN,OTHER,9,15.0
168084,1,6,163,1,1,40.0,0,N,MELBOURNE_CBD,STREET,10,17.0