,accident_type,day_of_week,dca_code,road_geometry,light_condition,speed_zone,severity,node_type,deg_urban_name,road_type,month,hour
168085,1,7,99,2,1,40.0,0,I,MELB_URBAN,ROAD,10,11.0
168086,1,7,120,5,1,80.0,0,N,RURAL_VICTORIA,ROAD,10,14.0
168087,1,7,110,1,1,50.0,0,I,MELB_URBAN,ROAD,10,15.0
168088,6,7,99,5,1,100.0,0,N,RURAL_VICTORIA,ROAD,10,14.0
168089,8,7,99,5,1,100.0,0,N,RURAL_VICTORIA,ROAD,10,14.0
168090,1,2,130,1,1,60.0,0,I,MELB_URBAN,ROAD,10,7.0
168091,1,7,135,5,1,100.0,0,N,MELB_URBAN,FREEWAY,10,16.0
168092,1,6,116,1,1,80.0,0,I,MELB_URBAN,ROAD,10,16.0
168093,1,7,113,2,1,60.0,0,I,MELB_URBAN,ROAD,10,15.0
168094,1,2,116,2,3,60.0,0,I,MELB_URBAN,ROAD,10,21.0
168095,2,7,99,2,6,60.0,0,I,SMALL_CITIES,ROAD,10,22.0
168096,4,6,181,5,2,100.0,0,N,RURAL_VICTORIA,ROAD,10,18.0
168097,4,7,173,5,2,40.0,0,N,RURAL_VICTORIA,BOULEVARD,10,4.0
168098,6,7,174,2,1,60.0,0,I,SMALL_CITIES,HIGHWAY,10,18.0
168099,7,0,99,5,3,70.0,0,N,RURAL_VICTORIA,ROAD,10,1.0
168100,3,1,167,5,1,100.0,0,N,RURAL_VICTORIA,HIGHWAY,10,6.0
168101,1,1,160,5,1,60.0,0,N,MELB_URBAN,ROAD,10,9.0
168102,5,0,183,5,1,80.0,0,N,RURAL_VICTORIA,ROAD,10,7.0
168103,4,1,173,5,1,60.0,0,N,MELB_URBAN,ROAD,10,9.0
168104,1,0,130,1,1,60.0,0,I,MELB_URBAN,ROAD,10,12.0
168105,1,1,140,5,1,80.0,0,N,RURAL_VICTORIA,ROAD,10,11.0
168106,1,0,121,2,1,60.0,0,I,MELB_URBAN,ROAD,10,9.0
168107,1,5,99,1,3,40.0,0,I,MELBOURNE_CBD,STREET,10,23.0
168108,1,1,120,5,1,60.0,0,N,MELB_URBAN,ROAD,10,12.0
168109,1,1,111,2,1,60.0,0,N,MELB_URBAN,DRIVE,10,7.0
168110,1,0,160,5,1,60.0,0,N,MELB_URBAN,ROAD,10,13.0
168111,1,1,99,5,1,50.0,0,N,MELB_URBAN,UNKNOWN,10,10.0
168112,1,0,99,2,1,40.0,0,I,MELB_URBAN,STREET,10,15.0
168113,1,1,113,1,1,80.0,0,I,MELB_URBAN,HIGHWAY,10,15.0
168114,1,4,130,5,1,80.0,0,N,MELB_URBAN,HIGHWAY,10,15.0
168115,1,0,99,5,1,60.0,0,N,UNKNOWN,UNKNOWN,10,15.0
168116,1,1,110,1,3,60.0,0,I,SMALL_CITIES,ROAD,10,21.0
168117,4,1,171,5,1,100.0,0,N,RURAL_VICTORIA,ROAD,10,19.0
168118,1,3,121,1,1,80.0,0,N,MELB_URBAN,ROAD,8,11.0
168119,4,2,171,5,5,60.0,0,N,SMALL_TOWNS,FREEWAY,10,2.0
168120,1,4,130,5,2,80.0,0,N,MELB_URBAN,FREEWAY,10,18.0
168121,1,2,113,2,1,60.0,0,I,SMALL_CITIES,OTHER,10,8.0
168122,1,1,140,5,1,80.0,0,N,RURAL_VICTORIA,ROAD,10,14.0
168123,1,2,130,5,2,60.0,0,N,MELB_URBAN,ROAD,10,6.0
168124,1,2,130,2,1,60.0,0,I,LARGE_PROVINCIAL_CITIES,STREET,10,8.0
168125,1,5,121,1,3,60.0,0,I,MELB_URBAN,ROAD,10,23.0
168126,1,4,130,1,1,80.0,0,I,MELB_URBAN,ROAD,10,15.0
168127,1,5,113,2,1,80.0,0,I,MELB_URBAN,ROAD,10,16.0
168128,8,7,184,5,1,60.0,0,N,UNKNOWN,ROAD,9,12.0
168129,2,4,99,5,1,40.0,0,N,MELB_URBAN,OTHER,10,14.0
168130,1,6,111,2,1,60.0,0,I,MELB_URBAN,ROAD,10,10.0
168131,2,4,102,2,1,50.0,0,N,TOWNS,STREET,10,15.0
168132,2,2,102,5,1,60.0,0,N,SMALL_CITIES,ROAD,10,9.0
168133,1,5,99,2,1,40.0,0,N,LARGE_PROVINCIAL_CITIES,STREET,10,15.0
168134,1,1,130,2,1,60.0,0,N,MELB_URBAN,ROAD,10,12.0
168135,1,2,140,5,1,40.0,0,N,MELB_URBAN,ROAD,10,8.0
168136,4,0,183,5,5,50.0,0,N,RURAL_VICTORIA,ROAD,10,4.0
168137,4,2,171,2,1,60.0,0,N,MELB_URBAN,STREET,10,13.0
168138,4,2,99,1,1,60.0,0,I,LARGE_PROVINCIAL_CITIES,STREET,10,17.0
168139,1,7,113,2,2,60.0,0,I,MELB_URBAN,BOULEVARD,10,7.0
168140,1,2,113,2,1,50.0,0,I,SMALL_CITIES,UNKNOWN,10,15.0
168141,1,2,130,5,2,80.0,0,N,MELB_URBAN,HIGHWAY,10,6.0
168142,2,1,99,1,1,40.0,0,I,MELB_URBAN,ROAD,10,15.0
168143,1,2,111,1,1,100.0,0,I,RURAL_VICTORIA,ROAD,10,14.0
168144,1,2,113,2,1,80.0,0,I,MELB_URBAN,ROAD,10,16.0
168145,2,2,102,1,1,40.0,0,I,MELB_URBAN,STREET,10,17.0
168146,1,0,130,5,5,80.0,0,N,MELB_URBAN,ROAD,6,21.0
168147,2,2,100,2,1,60.0,0,I,MELB_URBAN,PARADE,10,16.0
168148,6,2,99,5,1,100.0,0,N,RURAL_VICTORIA,HIGHWAY,10,16.0
168149,1,6,133,5,1,80.0,0,N,UNKNOWN,UNKNOWN,10,10.0
168150,1,1,110,1,1,40.0,0,I,MELB_URBAN,STREET,10,17.0
168151,1,2,130,5,1,40.0,0,N,MELB_URBAN,STREET,10,17.0
168152,1,1,130,3,1,80.0,0,N,TOWNS,ROAD,10,16.0
168153,2,2,99,1,1,50.0,0,N,MELB_URBAN,ROAD,10,15.0
168154,1,6,160,5,6,60.0,0,N,SMALL_CITIES,ROAD,10,23.0
168155,1,1,160,5,1,50.0,0,N,RURAL_VICTORIA,DRIVE,10,14.0
168156,4,1,183,5,1,80.0,0,N,RURAL_VICTORIA,ROAD,10,14.0
168157,1,1,147,5,1,60.0,0,N,UNKNOWN,STREET,9,11.0
168158,1,4,113,2,2,50.0,0,I,RURAL_VICTORIA,AVENUE,10,17.0
168159,1,1,140,5,1,40.0,0,N,MELB_URBAN,ROAD,10,18.0
168160,1,3,121,1,1,40.0,0,I,MELB_URBAN,STREET,10,9.0
168161,4,3,183,5,5,110.0,1,N,RURAL_VICTORIA,FREEWAY,10,3.0
168162,1,1,121,2,1,60.0,0,I,MELB_URBAN,ROAD,5,15.0
168163,1,3,110,1,1,60.0,0,I,MELB_URBAN,STREET,10,7.0
168164,5,2,99,5,1,100.0,0,N,MELB_URBAN,ROAD,10,13.0
168165,4,3,171,5,1,100.0,0,N,RURAL_VICTORIA,ROAD,10,7.0
168166,1,2,99,1,1,60.0,0,I,RURAL_VICTORIA,ROAD,10,7.0
168167,5,2,171,5,1,100.0,0,N,RURAL_VICTORIA,ROAD,10,9.0
168168,6,1,174,5,1,60.0,0,N,RURAL_VICTORIA,ROAD,10,11.0
168169,1,2,120,5,2,100.0,0,N,RURAL_VICTORIA,ROAD,10,8.0
168170,1,2,99,2,1,50.0,0,N,LARGE_PROVINCIAL_CITIES,STREET,10,8.0
168171,6,7,99,5,1,100.0,0,N,RURAL_VICTORIA,ROAD,10,13.0
168172,1,2,130,5,1,50.0,0,N,MELB_URBAN,ROAD,10,9.0
168173,1,0,130,5,1,70.0,0,N,MELB_URBAN,ROAD,10,14.0
168174,1,3,99,5,1,100.0,0,N,RURAL_VICTORIA,ROAD,10,13.0
168175,2,3,99,5,1,100.0,0,N,RURAL_VICTORIA,ROAD,10,11.0
168176,4,3,171,1,1,60.0,1,I,RURAL_VICTORIA,ROAD,10,10.0
168177,1,3,130,2,1,40.0,0,I,MELB_URBAN,STREET,10,9.0
168178,4,3,183,5,1,80.0,0,N,RURAL_VICTORIA,ROAD,10,10.0
168179,1,2,130,5,6,60.0,0,N,MELB_URBAN,DRIVE,9,21.0
168180,1,7,130,2,1,50.0,0,I,MELB_URBAN,AVENUE,10,12.0
168181,2,3,99,5,1,60.0,0,I,MELB_URBAN,ROAD,10,13.0
168182,1,2,111,1,1,60.0,0,I,LARGE_PROVINCIAL_CITIES,OTHER,9,8.0
168183,1,1,130,5,1,100.0,0,N,MELB_URBAN,UNKNOWN,10,6.0
168184,1,3,130,2,1,50.0,0,I,MELB_URBAN,OTHER,10,15.0
168185,6,6,184,2,1,60.0,0,I,RURAL_VICTORIA,OTHER,10,13.0
168186,6,2,170,2,1,70.0,0,N,LARGE_PROVINCIAL_CITIES,OTHER,10,15.0
168187,1,0,120,2,2,60.0,0,I,MELB_URBAN,ROAD,10,18.0
168188,1,2,120,5,1,100.0,0,N,RURAL_VICTORIA,ROAD,10,15.0
168189,1,3,121,2,1,60.0,0,I,MELB_URBAN,ROAD,10,15.0
168190,1,3,130,2,1,80.0,0,I,MELB_URBAN,ROAD,10,16.0
168191,8,6,174,5,1,60.0,0,N,RURAL_VICTORIA,ROAD,10,12.0
168192,1,3,99,5,1,60.0,0,N,MELB_URBAN,ROAD,10,15.0
168193,8,7,170,2,9,60.0,0,I,SMALL_TOWNS,ROAD,9,17.0
168194,1,3,110,1,1,60.0,0,I,LARGE_PROVINCIAL_CITIES,STREET,10,17.0
168195,4,3,173,5,1,60.0,0,N,MELB_URBAN,ROAD,10,17.0
168196,2,2,99,5,2,50.0,0,N,MELB_URBAN,STREET,10,18.0
168197,6,3,174,5,3,60.0,0,N,MELB_URBAN,STREET,9,19.0
168198,1,3,132,5,2,80.0,0,N,RURAL_VICTORIA,HIGHWAY,10,17.0
168199,1,2,130,5,1,100.0,0,N,RURAL_VICTORIA,FREEWAY,10,16.0
168200,1,5,130,2,1,70.0,0,I,MELB_URBAN,ROAD,10,10.0
168201,1,3,113,2,1,60.0,0,I,TOWNS,STREET,10,16.0
168202,1,1,130,5,1,100.0,0,N,MELB_URBAN,FREEWAY,10,16.0
168203,1,1,130,2,1,60.0,0,I,MELB_URBAN,ROAD,10,8.0
168204,1,3,121,1,1,60.0,0,I,MELB_URBAN,DRIVE,10,14.0
168205,4,2,99,5,1,50.0,0,N,MELB_URBAN,OTHER,10,19.0
168206,1,3,120,5,1,80.0,0,N,RURAL_VICTORIA,HIGHWAY,10,18.0
168207,1,2,130,1,1,60.0,0,N,MELB_URBAN,ROAD,10,18.0
168208,1,3,121,1,3,60.0,0,I,MELB_URBAN,ROAD,10,21.0
168209,4,3,181,5,3,40.0,0,N,UNKNOWN,FREEWAY,10,20.0
168210,6,3,121,5,3,60.0,0,N,MELB_URBAN,ROAD,10,22.0
168211,4,3,183,5,5,100.0,0,N,RURAL_VICTORIA,ROAD,10,22.0
168212,4,3,181,5,5,80.0,0,N,RURAL_VICTORIA,HIGHWAY,10,23.0
168213,1,3,130,1,9,60.0,0,N,MELB_URBAN,STREET,10,11.0
168214,2,4,99,5,3,50.0,0,N,SMALL_CITIES,AVENUE,11,1.0
168215,4,4,181,5,2,110.0,0,N,RURAL_VICTORIA,RAMP,11,6.0
168216,1,4,121,5,1,60.0,0,N,MELB_URBAN,ROAD,10,8.0
168217,1,4,99,1,1,70.0,0,I,MELB_URBAN,STREET,11,9.0
168218,1,3,121,1,1,60.0,0,I,MELB_URBAN,STREET,11,9.0
168219,1,7,163,5,1,50.0,0,N,MELB_URBAN,ROAD,10,12.0
168220,1,3,130,1,1,70.0,0,N,MELB_URBAN,ROAD,10,14.0
168221,1,4,99,2,1,50.0,0,I,MELB_URBAN,STREET,11,9.0
168222,1,2,130,5,1,40.0,0,N,MELB_URBAN,AVENUE,10,8.0
168223,1,4,121,2,1,60.0,0,I,MELB_URBAN,DRIVE,11,10.0
168224,1,4,147,5,1,50.0,0,N,MELB_URBAN,STREET,11,10.0
168225,4,4,171,5,1,80.0,0,N,MELB_URBAN,ROAD,11,6.0
168226,1,1,111,1,1,40.0,0,I,MELB_URBAN,STREET,4,15.0
168227,1,4,121,2,1,40.0,0,I,TOWNS,STREET,11,7.0
168228,1,4,120,5,1,100.0,0,N,RURAL_VICTORIA,ROAD,11,8.0
168229,1,3,130,1,1,80.0,0,I,MELB_URBAN,FREEWAY,10,10.0
168230,1,2,130,5,5,100.0,0,N,UNKNOWN,FREEWAY,10,5.0
168231,4,4,171,5,1,50.0,0,N,RURAL_VICTORIA,ROAD,11,11.0
168232,1,3,121,1,1,60.0,0,I,MELB_URBAN,STREET,10,12.0
168233,4,4,181,1,3,60.0,0,N,MELB_URBAN,DRIVE,10,3.0
168234,4,3,171,5,1,60.0,0,N,RURAL_VICTORIA,STREET,11,8.0
168235,1,2,130,1,1,60.0,0,I,MELB_URBAN,ROAD,10,13.0
168236,1,2,110,1,2,60.0,0,I,MELB_URBAN,STREET,10,18.0
168237,1,4,130,2,1,70.0,0,N,MELB_URBAN,ROAD,11,14.0
168238,1,4,135,5,1,60.0,0,N,MELB_URBAN,ROAD,11,8.0
168239,1,5,113,2,1,80.0,0,I,MELB_URBAN,HIGHWAY,10,12.0
168240,1,4,113,2,1,60.0,0,I,MELB_URBAN,ROAD,11,14.0
168241,1,4,132,1,1,40.0,0,I,MELB_URBAN,STREET,11,15.0
168242,2,4,99,5,1,60.0,0,N,MELB_URBAN,ROAD,11,14.0
168243,1,3,140,5,1,100.0,0,N,RURAL_VICTORIA,ROAD,11,15.0
168244,1,4,135,2,1,60.0,0,I,MELB_URBAN,ROAD,11,15.0
168245,1,2,99,2,2,50.0,0,N,MELB_URBAN,STREET,10,18.0
168246,1,1,120,4,2,40.0,0,N,RURAL_VICTORIA,OTHER,10,6.0
168247,1,4,160,5,1,50.0,0,N,RURAL_VICTORIA,ROAD,11,15.0
168248,3,2,167,5,1,100.0,0,N,RURAL_VICTORIA,HIGHWAY,10,6.0
168249,1,3,130,5,1,60.0,0,N,MELB_URBAN,ROAD,11,15.0
168250,1,4,130,1,1,80.0,0,I,MELB_URBAN,ROAD,10,11.0
168251,1,5,99,5,1,60.0,0,N,UNKNOWN,STREET,10,13.0
168252,1,3,130,2,1,60.0,0,N,RURAL_VICTORIA,ROAD,11,15.0
168253,1,4,111,2,1,60.0,0,I,SMALL_CITIES,STREET,11,18.0
168254,1,2,110,1,1,70.0,0,I,RURAL_VICTORIA,HIGHWAY,10,16.0
168255,1,4,111,1,2,60.0,0,I,LARGE_PROVINCIAL_CITIES,STREET,11,19.0
168256,1,3,121,2,1,40.0,0,I,MELB_URBAN,STREET,11,17.0
168257,4,3,171,5,1,50.0,0,N,MELB_URBAN,OTHER,11,18.0
168258,1,4,110,1,3,80.0,0,O,MELB_URBAN,UNKNOWN,11,5.0
168259,1,4,130,1,3,40.0,0,I,MELB_URBAN,STREET,11,21.0
168260,1,5,121,1,1,60.0,0,I,RURAL_VICTORIA,ROAD,10,13.0
168261,3,5,167,2,5,60.0,0,N,MELB_URBAN,ROAD,11,0.0
168262,1,5,121,2,1,60.0,0,I,MELB_URBAN,STREET,9,17.0
168263,1,4,130,1,1,50.0,0,I,RURAL_VICTORIA,ROAD,10,15.0
168264,1,4,99,5,1,40.0,0,N,MELB_URBAN,STREET,11,15.0
168265,1,4,147,5,1,50.0,0,N,MELB_URBAN,STREET,9,9.0
168266,1,4,110,1,1,60.0,0,O,MELB_URBAN,UNKNOWN,11,7.0
168267,1,4,99,2,9,40.0,0,N,MELB_URBAN,ROAD,10,16.0
168268,1,5,99,5,1,60.0,0,N,MELB_URBAN,ROAD,11,7.0
168269,1,2,110,1,1,50.0,0,I,MELB_URBAN,AVENUE,10,9.0
168270,8,4,174,1,1,60.0,0,I,MELB_URBAN,STREET,11,17.0
168271,1,4,130,5,1,100.0,0,N,MELB_URBAN,ROAD,11,12.0
168272,1,5,99,5,1,50.0,0,N,SMALL_CITIES,OTHER,11,12.0
168273,1,3,130,5,1,50.0,0,N,MELB_URBAN,STREET,11,17.0
168274,1,5,135,1,1,70.0,0,N,LARGE_PROVINCIAL_CITIES,HIGHWAY,11,11.0
168275,1,3,130,5,1,60.0,0,N,UNKNOWN,DRIVE,10,15.0
168276,1,5,120,2,1,50.0,0,I,MELB_URBAN,STREET,11,11.0
168277,1,5,113,2,1,60.0,0,I,MELB_URBAN,ROAD,11,13.0
168278,1,5,110,1,1,80.0,0,I,RURAL_VICTORIA,ROAD,10,16.0
168279,1,0,133,5,1,80.0,0,N,MELB_URBAN,HIGHWAY,10,12.0
168280,1,5,113,2,1,60.0,0,I,MELB_URBAN,ROAD,11,12.0
168281,1,1,99,5,1,30.0,0,N,SMALL_CITIES,AVENUE,4,17.0
168282,1,4,99,5,1,40.0,0,N,MELB_URBAN,OTHER,10,12.0
168283,1,5,121,2,1,60.0,0,I,LARGE_PROVINCIAL_CITIES,ROAD,11,14.0
168284,6,4,174,5,1,60.0,0,N,SMALL_CITIES,ROAD,11,15.0
168285,4,5,171,5,2,100.0,0,N,RURAL_VICTORIA,HIGHWAY,11,6.0
168286,1,3,113,2,1,100.0,0,I,SMALL_CITIES,HIGHWAY,10,10.0
168287,1,5,111,2,1,60.0,0,I,MELB_URBAN,ROAD,10,15.0
168288,1,5,120,1,1,60.0,0,I,MELB_URBAN,STREET,11,15.0
168289,1,5,121,1,1,50.0,0,I,SMALL_CITIES,STREET,11,16.0
168290,1,5,121,1,1,60.0,0,N,SMALL_CITIES,DRIVE,11,17.0
168291,2,5,99,5,1,50.0,0,N,MELB_URBAN,ROAD,11,15.0
168292,1,5,135,5,1,60.0,0,N,MELB_URBAN,ROAD,11,17.0
168293,1,5,133,2,1,50.0,0,I,MELB_URBAN,ROAD,11,18.0
168294,1,4,132,2,1,80.0,0,I,RURAL_VICTORIA,ROAD,11,15.0
168295,1,1,140,5,1,60.0,0,N,LARGE_PROVINCIAL_CITIES,ROAD,9,16.0
168296,4,5,181,5,1,50.0,0,N,SMALL_CITIES,STREET,11,16.0
168297,3,5,167,5,2,100.0,0,N,RURAL_VICTORIA,ROAD,6,17.0
168298,1,5,147,5,1,50.0,0,N,MELB_URBAN,ROAD,11,15.0
168299,4,5,171,5,1,80.0,0,N,MELB_URBAN,ROAD,11,17.0
168300,1,4,130,1,3,60.0,0,N,MELB_URBAN,ROAD,11,20.0
168301,1,4,116,1,3,60.0,0,I,MELB_URBAN,ROAD,11,20.0
168302,1,5,99,5,1,40.0,0,N,MELB_URBAN,STREET,11,17.0
168303,1,4,121,2,1,60.0,0,I,SMALL_CITIES,STREET,11,15.0
168304,4,6,173,5,3,100.0,0,N,RURAL_VICTORIA,FREEWAY,11,3.0
168305,4,5,181,5,5,100.0,0,N,RURAL_VICTORIA,ROAD,11,0.0
168306,1,6,134,5,1,40.0,0,N,MELB_URBAN,ROAD,11,9.0
168307,1,4,130,5,1,80.0,0,N,MELB_URBAN,FREEWAY,11,9.0
168308,2,5,100,1,1,40.0,0,I,SMALL_CITIES,STREET,11,10.0
168309,6,1,184,5,1,60.0,0,N,RURAL_VICTORIA,OTHER,9,10.0
168310,1,2,163,5,1,60.0,0,N,MELB_URBAN,ROAD,10,19.0
168311,4,6,183,5,1,100.0,0,N,RURAL_VICTORIA,ROAD,11,9.0
168312,1,5,130,2,1,60.0,0,I,MELB_URBAN,ROAD,9,16.0
168313,1,6,130,1,1,60.0,0,I,MELB_URBAN,ROAD,11,10.0
168314,1,6,116,2,1,40.0,0,I,MELB_URBAN,ROAD,11,12.0
168315,2,6,99,5,1,30.0,0,N,UNKNOWN,HIGHWAY,11,13.0
168316,1,5,135,1,3,60.0,0,I,MELB_URBAN,ROAD,11,21.0
168317,1,5,116,2,1,50.0,0,N,MELB_URBAN,BOULEVARD,11,8.0
168318,1,6,110,1,1,50.0,0,I,MELB_URBAN,STREET,10,13.0
168319,4,2,171,5,3,60.0,0,N,RURAL_VICTORIA,OTHER,10,19.0
168320,4,6,173,5,1,100.0,1,N,RURAL_VICTORIA,ROAD,11,8.0
168321,1,1,110,1,3,60.0,0,I,LARGE_PROVINCIAL_CITIES,STREET,10,23.0
168322,6,5,99,5,2,100.0,0,N,RURAL_VICTORIA,ROAD,10,19.0
168323,1,0,130,5,1,50.0,0,N,MELB_URBAN,ROAD,10,17.0
168324,1,4,130,1,1,60.0,0,N,MELB_URBAN,ROAD,11,13.0
168325,1,5,110,1,1,60.0,0,I,MELB_URBAN,STREET,11,17.0
168326,1,6,135,5,1,80.0,0,N,RURAL_VICTORIA,HIGHWAY,11,11.0
168327,4,2,173,5,1,100.0,0,N,UNKNOWN,FREEWAY,10,12.0
168328,4,5,173,5,1,80.0,0,N,RURAL_VICTORIA,ROAD,11,16.0
168329,1,6,120,5,1,100.0,0,N,MELB_URBAN,ROAD,11,15.0
168330,4,6,183,5,1,80.0,0,N,RURAL_VICTORIA,ROAD,11,14.0
168331,6,4,184,5,1,100.0,0,N,RURAL_VICTORIA,HIGHWAY,10,15.0
168332,1,6,163,5,1,40.0,0,N,MELB_URBAN,STREET,11,12.0
168333,1,6,113,1,3,60.0,0,I,MELB_URBAN,STREET,11,20.0
168334,2,6,100,5,3,60.0,0,N,MELB_URBAN,ROAD,11,21.0
168335,4,6,171,5,1,60.0,0,N,MELB_URBAN,STREET,11,19.0
168336,1,6,110,1,1,40.0,0,N,MELB_URBAN,DRIVE,11,17.0
168337,1,5,121,4,1,60.0,0,N,MELB_URBAN,ROAD,11,16.0
168338,2,6,99,5,1,40.0,0,N,MELB_URBAN,DRIVE,11,16.0
168339,6,6,99,5,1,100.0,0,N,RURAL_VICTORIA,OTHER,11,19.0
168340,6,6,174,5,3,60.0,0,N,MELB_URBAN,HIGHWAY,11,21.0
168341,1,7,99,1,3,60.0,0,I,MELB_URBAN,ROAD,11,0.0
168342,1,6,110,1,3,100.0,0,I,RURAL_VICTORIA,HIGHWAY,11,20.0
168343,2,6,102,2,3,40.0,0,N,MELB_URBAN,STREET,11,1.0
168344,2,6,102,1,2,50.0,0,I,MELB_URBAN,ROAD,10,20.0
168345,1,6,120,5,5,100.0,0,N,RURAL_VICTORIA,ROAD,11,23.0
168346,4,6,173,5,5,100.0,0,N,RURAL_VICTORIA,ROAD,11,0.0
168347,4,6,171,5,5,100.0,0,N,RURAL_VICTORIA,OTHER,11,23.0
168348,1,5,130,5,1,80.0,0,N,MELB_URBAN,HIGHWAY,11,9.0
168349,1,7,110,1,3,70.0,0,I,MELB_URBAN,ROAD,11,0.0
168350,1,6,99,2,3,60.0,0,I,MELB_URBAN,ROAD,11,23.0
168351,4,7,183,2,5,80.0,1,I,RURAL_VICTORIA,STREET,11,5.0
168352,1,5,113,2,1,60.0,0,I,MELB_URBAN,ROAD,11,11.0
168353,7,6,99,5,1,60.0,0,N,MELB_URBAN,ROAD,11,8.0
168354,1,6,110,1,1,50.0,0,I,MELB_URBAN,AVENUE,10,9.0
168355,1,6,133,5,9,80.0,0,N,MELB_URBAN,OTHER,11,0.0
168356,1,7,160,5,2,60.0,0,N,MELB_URBAN,ROAD,11,6.0
168357,1,5,132,2,1,40.0,0,I,TOWNS,STREET,11,15.0
168358,1,7,99,5,1,60.0,0,N,MELB_URBAN,ROAD,11,10.0
168359,1,4,132,2,1,60.0,0,I,MELB_URBAN,STREET,11,17.0
168360,1,7,113,2,1,40.0,0,I,MELB_URBAN,ROAD,11,10.0
168361,3,1,167,5,5,90.0,0,N,UNKNOWN,FREEWAY,10,2.0
168362,1,7,110,1,1,60.0,0,N,SMALL_CITIES,ROAD,11,12.0
168363,1,3,116,2,5,100.0,0,I,RURAL_VICTORIA,HIGHWAY,10,19.0
168364,4,7,171,5,1,100.0,0,N,RURAL_VICTORIA,FREEWAY,11,11.0
168365,1,3,130,5,1,100.0,0,N,MELB_URBAN,FREEWAY,10,16.0
168366,1,7,99,2,1,40.0,0,I,MELB_URBAN,STREET,10,8.0
168367,1,7,160,5,1,50.0,0,N,MELB_URBAN,STREET,11,12.0
168368,1,5,163,1,1,40.0,0,N,MELB_URBAN,STREET,11,8.0
168369,1,6,99,5,1,60.0,0,N,MELB_URBAN,AVENUE,11,16.0
168370,6,7,99,5,1,100.0,1,N,RURAL_VICTORIA,ROAD,11,6.0
168371,3,7,167,5,1,80.0,0,N,RURAL_VICTORIA,ROAD,11,11.0
168372,1,7,130,5,1,80.0,0,N,MELB_URBAN,ROAD,11,12.0
168373,1,6,130,2,1,60.0,0,I,MELB_URBAN,STREET,11,9.0
168374,1,7,134,2,1,40.0,0,N,MELB_URBAN,STREET,11,14.0
168375,1,6,132,2,1,40.0,0,N,MELB_URBAN,STREET,11,17.0
168376,1,7,99,1,1,60.0,0,I,MELB_URBAN,ROAD,11,16.0
168377,1,7,121,1,1,60.0,0,I,LARGE_PROVINCIAL_CITIES,STREET,11,16.0
168378,2,0,102,2,1,60.0,0,I,MELB_URBAN,STREET,10,13.0
168379,4,6,173,5,1,80.0,0,N,RURAL_VICTORIA,ROAD,11,17.0
168380,1,6,130,5,1,60.0,0,N,MELB_URBAN,ROAD,11,16.0
168381,1,7,113,2,1,60.0,0,I,MELB_URBAN,ROAD,11,17.0
168382,1,5,120,5,1,80.0,0,N,MELB_URBAN,ROAD,11,14.0
168383,2,7,99,5,1,110.0,1,N,RURAL_VICTORIA,FREEWAY,11,14.0
168384,4,7,183,5,1,100.0,1,N,RURAL_VICTORIA,ROAD,11,16.0
168385,1,7,160,5,1,50.0,0,N,SMALL_CITIES,STREET,11,17.0
168386,1,7,160,5,1,50.0,0,N,MELB_URBAN,STREET,11,17.0
168387,4,7,183,5,1,100.0,0,N,RURAL_VICTORIA,ROAD,11,15.0
168388,1,7,120,5,1,60.0,0,N,MELB_URBAN,ROAD,11,18.0
168389,1,6,121,2,1,60.0,0,I,MELB_URBAN,ROAD,11,17.0
168390,4,7,181,5,1,50.0,0,N,MELB_URBAN,ROAD,11,19.0
168391,4,7,181,5,3,60.0,0,N,LARGE_PROVINCIAL_CITIES,STREET,11,20.0
168392,2,6,102,5,3,30.0,0,N,MELB_URBAN,STREET,11,2.0
168393,1,7,121,2,1,50.0,0,I,RURAL_VICTORIA,ROAD,11,16.0
168394,1,6,130,5,1,100.0,0,N,MELB_URBAN,ROAD,11,17.0
168395,1,7,121,2,3,80.0,0,I,MELB_URBAN,STREET,11,21.0
168396,1,4,130,3,1,60.0,0,I,RURAL_VICTORIA,ROAD,10,8.0
168397,2,7,100,1,3,70.0,0,I,MELB_URBAN,STREET,11,21.0
168398,4,7,99,2,3,80.0,0,I,RURAL_VICTORIA,ROAD,11,21.0
168399,1,7,99,2,3,60.0,0,I,MELB_URBAN,PARADE,11,21.0
168400,1,4,130,1,1,80.0,0,N,MELB_URBAN,ROAD,10,15.0
168401,4,1,171,5,3,60.0,0,N,MELB_URBAN,ROAD,11,0.0
168402,6,4,99,5,1,60.0,0,N,MELB_URBAN,ROAD,9,17.0
168403,4,1,173,5,5,60.0,0,N,MELB_URBAN,ROAD,11,3.0
168404,4,1,99,5,2,100.0,0,N,RURAL_VICTORIA,ROAD,11,5.0