,accident_type,day_of_week,dca_code,road_geometry,light_condition,speed_zone,severity,node_type,deg_urban_name,road_type,month,hour
168405,1,1,160,5,3,60.0,0,N,LARGE_PROVINCIAL_CITIES,ROAD,11,0.0
168406,1,1,111,1,1,80.0,0,I,RURAL_VICTORIA,ROAD,11,8.0
168407,4,7,181,5,1,70.0,1,N,TOWNS,ROAD,11,16.0
168408,1,1,110,1,1,70.0,0,I,MELB_URBAN,HIGHWAY,11,8.0
168409,8,0,174,2,1,60.0,0,I,MELB_URBAN,ROAD,11,11.0
168410,1,7,130,1,1,60.0,0,N,MELB_URBAN,PARADE,3,11.0
168411,1,0,120,5,1,80.0,0,N,MELB_URBAN,ROAD,11,10.0
168412,2,1,100,5,1,50.0,0,N,MELB_URBAN,STREET,10,14.0
168413,6,1,174,2,1,50.0,0,I,SMALL_CITIES,STREET,11,10.0
168414,4,1,173,2,1,70.0,0,I,MELB_URBAN,ROAD,11,10.0
168415,6,1,174,2,1,50.0,0,I,TOWNS,STREET,11,11.0
168416,1,0,147,5,1,60.0,0,N,TOWNS,ROAD,11,11.0
168417,4,1,181,5,1,80.0,0,N,RURAL_VICTORIA,ROAD,11,10.0
168418,7,1,184,2,1,50.0,0,I,SMALL_TOWNS,STREET,11,13.0
168419,6,0,99,5,1,100.0,0,N,RURAL_VICTORIA,ROAD,11,12.0
168420,1,6,113,1,1,60.0,0,I,MELB_URBAN,ROAD,11,19.0
168421,1,1,99,2,1,50.0,0,I,MELB_URBAN,STREET,5,14.0
168422,1,1,130,2,1,60.0,0,I,RURAL_VICTORIA,ROAD,11,13.0
168423,1,7,111,2,1,80.0,0,I,MELB_URBAN,HIGHWAY,10,13.0
168424,1,1,132,2,1,60.0,0,I,MELB_URBAN,ROAD,11,15.0
168425,1,0,99,1,1,60.0,0,N,MELB_URBAN,HIGHWAY,11,16.0
168426,4,1,181,5,1,100.0,0,I,RURAL_VICTORIA,ROAD,11,16.0
168427,4,0,171,5,1,100.0,0,N,RURAL_VICTORIA,ROAD,11,17.0
168428,1,5,130,5,3,60.0,0,N,MELB_URBAN,ROAD,8,19.0
168429,6,1,184,5,1,100.0,0,N,RURAL_VICTORIA,ROAD,11,15.0
168430,1,5,130,5,1,80.0,0,N,MELB_URBAN,FREEWAY,11,16.0
168431,4,1,181,5,1,100.0,0,N,RURAL_VICTORIA,ROAD,11,18.0
168432,2,0,100,5,1,40.0,0,N,MELB_URBAN,STREET,11,17.0
168433,1,1,121,5,1,50.0,0,N,MELB_URBAN,DRIVE,11,18.0
168434,1,1,130,2,1,60.0,0,N,MELB_URBAN,STREET,11,15.0
168435,1,1,147,5,1,60.0,0,N,LARGE_PROVINCIAL_CITIES,STREET,11,18.0
168436,8,1,174,5,2,100.0,0,N,RURAL_VICTORIA,ROAD,11,19.0
168437,1,1,99,5,3,60.0,0,N,MELB_URBAN,STREET,11,19.0
168438,4,0,183,5,5,80.0,0,N,MELB_URBAN,UNKNOWN,11,21.0
168439,1,4,130,5,1,60.0,0,N,MELB_URBAN,ROAD,10,17.0
168440,1,1,121,2,3,80.0,0,N,MELB_URBAN,ROAD,11,22.0
168441,5,1,99,5,1,60.0,0,N,RURAL_VICTORIA,ROAD,10,12.0
168442,6,0,99,5,1,100.0,0,N,RURAL_VICTORIA,ROAD,11,14.0
168443,1,2,133,1,1,40.0,0,I,MELBOURNE_CBD,STREET,11,8.0
168444,4,0,181,5,1,80.0,0,N,RURAL_VICTORIA,ROAD,11,14.0
168445,1,2,121,1,1,80.0,0,I,MELB_URBAN,HIGHWAY,11,9.0
168446,1,3,110,1,1,60.0,0,I,MELB_URBAN,HIGHWAY,10,15.0
168447,8,2,184,2,1,100.0,0,I,RURAL_VICTORIA,ROAD,11,9.0
168448,2,1,99,2,1,50.0,1,N,TOWNS,STREET,11,18.0
168449,1,2,110,1,1,100.0,0,I,RURAL_VICTORIA,HIGHWAY,11,8.0
168450,1,2,147,5,1,70.0,0,N,MELB_URBAN,ROAD,11,9.0
168451,4,2,183,5,1,40.0,0,N,RURAL_VICTORIA,AVENUE,11,10.0
168452,1,2,135,1,1,60.0,0,N,MELB_URBAN,STREET,11,9.0
168453,2,2,100,5,1,60.0,1,N,MELB_URBAN,ROAD,11,9.0
168454,4,4,183,2,5,50.0,0,N,MELB_URBAN,ROAD,10,23.0
168455,7,2,99,1,1,50.0,0,I,MELB_URBAN,STREET,11,12.0
168456,1,2,130,1,1,40.0,0,I,MELBOURNE_CBD,STREET,11,9.0
168457,4,1,181,5,1,80.0,0,N,RURAL_VICTORIA,ROAD,11,11.0
168458,1,2,110,1,1,50.0,0,I,SMALL_CITIES,STREET,11,8.0
168459,1,7,132,5,1,60.0,0,N,MELB_URBAN,ROAD,9,12.0
168460,1,6,163,5,2,40.0,0,N,MELB_URBAN,STREET,10,19.0
168461,1,3,130,5,1,60.0,0,N,MELB_URBAN,ROAD,8,14.0
168462,1,6,111,2,1,100.0,0,I,RURAL_VICTORIA,ROAD,3,15.0
168463,1,2,130,5,1,110.0,0,N,RURAL_VICTORIA,HIGHWAY,11,7.0
168464,1,6,121,2,2,80.0,0,I,MELB_URBAN,STREET,11,5.0
168465,1,2,130,5,9,80.0,0,N,MELB_URBAN,FREEWAY,9,15.0
168466,1,6,110,1,1,50.0,0,I,LARGE_PROVINCIAL_CITIES,ROAD,10,13.0
168467,4,1,171,5,1,80.0,0,N,RURAL_VICTORIA,ROAD,11,13.0
168468,1,1,110,1,1,60.0,0,I,SMALL_CITIES,HIGHWAY,11,14.0
168469,3,1,167,2,5,100.0,0,I,RURAL_VICTORIA,ROAD,11,20.0
168470,1,5,130,5,2,80.0,0,N,MELB_URBAN,ROAD,11,5.0
168471,4,1,171,5,1,100.0,0,N,RURAL_VICTORIA,ROAD,11,14.0
168472,4,2,173,5,1,100.0,0,N,RURAL_VICTORIA,HIGHWAY,11,13.0
168473,4,2,173,1,1,70.0,0,I,MELB_URBAN,ROAD,11,14.0
168474,1,1,160,5,1,50.0,0,N,MELB_URBAN,STREET,11,15.0
168475,1,2,130,2,1,50.0,0,I,MELB_URBAN,UNKNOWN,11,15.0
168476,1,2,147,5,1,60.0,0,N,MELB_URBAN,PARADE,11,15.0
168477,4,1,173,5,1,100.0,0,N,RURAL_VICTORIA,ROAD,11,15.0
168478,1,2,113,2,1,60.0,0,I,MELB_URBAN,FREEWAY,11,16.0
168479,4,2,171,1,1,80.0,0,I,MELB_URBAN,ROAD,11,15.0
168480,1,3,130,2,1,60.0,0,N,MELB_URBAN,ROAD,10,8.0
168481,1,1,110,1,1,60.0,0,I,LARGE_PROVINCIAL_CITIES,STREET,11,18.0
168482,6,2,170,5,1,100.0,0,N,RURAL_VICTORIA,ROAD,11,16.0
168483,6,3,99,5,3,60.0,0,I,MELB_URBAN,ROAD,10,18.0
168484,4,2,173,1,1,50.0,0,I,TOWNS,STREET,11,19.0
168485,1,2,160,5,3,60.0,0,N,MELB_URBAN,PARADE,11,22.0
168486,1,2,113,1,3,60.0,0,I,MELB_URBAN,STREET,11,23.0
168487,1,1,130,1,1,60.0,0,N,MELB_URBAN,AVENUE,11,14.0
168488,1,1,160,5,1,60.0,0,N,MELB_URBAN,ROAD,11,14.0
168489,1,3,113,2,2,100.0,0,I,RURAL_VICTORIA,ROAD,11,6.0
168490,1,3,111,1,2,50.0,0,I,SMALL_CITIES,ROAD,9,8.0
168491,6,1,99,5,1,100.0,0,N,RURAL_VICTORIA,ROAD,11,15.0
168492,3,3,167,2,2,100.0,0,I,RURAL_VICTORIA,ROAD,9,6.0
168493,1,6,121,5,1,60.0,0,I,MELB_URBAN,STREET,10,13.0
168494,1,3,110,1,1,60.0,0,N,SMALL_CITIES,STREET,11,9.0
168495,1,3,113,2,1,50.0,0,I,MELB_URBAN,STREET,11,11.0
168496,1,4,130,5,1,100.0,0,N,MELB_URBAN,ROAD,10,14.0
168497,8,6,174,2,3,80.0,0,N,MELB_URBAN,ROAD,10,5.0
168498,1,3,113,2,1,70.0,0,I,MELB_URBAN,AVENUE,11,14.0
168499,5,3,99,5,1,70.0,0,N,MELB_URBAN,ROAD,11,12.0
168500,7,3,99,5,1,60.0,0,N,RURAL_VICTORIA,ROAD,9,11.0
168501,1,2,110,1,1,50.0,0,I,MELB_URBAN,PARADE,11,12.0
168502,4,3,183,5,1,100.0,0,N,RURAL_VICTORIA,ROAD,11,12.0
168503,1,2,147,2,1,60.0,0,I,MELB_URBAN,ROAD,11,16.0
168504,1,3,160,5,1,50.0,0,N,MELB_URBAN,OTHER,11,16.0
168505,1,3,121,1,1,60.0,0,I,MELB_URBAN,PARADE,11,14.0
168506,6,5,174,5,1,60.0,0,I,SMALL_TOWNS,STREET,11,18.0
168507,1,3,130,1,1,80.0,0,I,SMALL_TOWNS,ROAD,11,16.0
168508,1,3,110,1,3,80.0,0,I,MELB_URBAN,ROAD,10,21.0
168509,1,3,133,5,1,60.0,0,N,MELB_URBAN,PARADE,11,15.0
168510,1,3,121,2,1,70.0,0,I,MELB_URBAN,ROAD,11,15.0
168511,1,3,135,5,2,80.0,0,N,MELB_URBAN,ROAD,11,19.0
168512,2,3,100,1,4,60.0,0,N,LARGE_PROVINCIAL_CITIES,STREET,11,19.0
168513,4,7,173,2,1,60.0,0,I,MELB_URBAN,ROAD,10,17.0
168514,2,3,100,1,3,60.0,0,I,MELB_URBAN,ROAD,11,22.0
168515,1,2,110,1,3,60.0,0,I,MELB_URBAN,STREET,11,22.0
168516,1,2,110,1,2,80.0,0,I,MELB_URBAN,ROAD,11,5.0
168517,1,4,113,2,2,80.0,0,I,MELB_URBAN,ROAD,11,5.0
168518,1,3,110,1,1,60.0,0,I,MELB_URBAN,AVENUE,11,7.0
168519,4,4,99,5,2,50.0,0,N,SMALL_TOWNS,ROAD,11,5.0
168520,1,4,130,2,2,80.0,0,I,MELB_URBAN,HIGHWAY,11,9.0
168521,4,2,171,5,5,100.0,0,N,RURAL_VICTORIA,ROAD,11,21.0
168522,3,6,167,5,1,60.0,0,N,RURAL_VICTORIA,ROAD,11,16.0
168523,1,4,116,2,1,100.0,0,I,TOWNS,OTHER,11,7.0
168524,1,4,113,2,1,60.0,0,I,MELB_URBAN,STREET,11,8.0
168525,6,2,174,5,1,60.0,0,N,RURAL_VICTORIA,ROAD,11,15.0
168526,1,3,130,5,1,100.0,0,N,MELB_URBAN,FREEWAY,11,8.0
168527,1,1,110,1,1,60.0,0,N,MELB_URBAN,ROAD,11,12.0
168528,1,4,130,1,1,60.0,0,I,MELB_URBAN,ROAD,11,9.0
168529,1,4,121,2,1,50.0,0,I,MELB_URBAN,STREET,11,8.0
168530,1,3,110,1,4,80.0,0,I,MELB_URBAN,HIGHWAY,11,21.0
168531,1,4,113,3,1,60.0,0,N,MELB_URBAN,ROAD,11,10.0
168532,1,1,110,1,1,60.0,0,I,MELB_URBAN,DRIVE,10,18.0
168533,2,4,99,2,1,60.0,0,I,SMALL_CITIES,STREET,11,11.0
168534,1,4,99,1,1,40.0,0,I,MELBOURNE_CBD,STREET,11,9.0
168535,1,4,121,2,1,100.0,0,I,RURAL_VICTORIA,HIGHWAY,11,11.0
168536,1,2,130,2,1,60.0,0,I,MELB_URBAN,RAMP,10,10.0
168537,1,4,113,2,1,60.0,0,I,MELB_URBAN,ROAD,11,10.0
168538,1,4,113,2,1,80.0,0,I,MELB_URBAN,HIGHWAY,11,8.0
168539,1,3,99,2,1,50.0,0,I,MELB_URBAN,STREET,11,13.0
168540,4,4,181,2,1,40.0,0,I,SMALL_CITIES,STREET,11,13.0
168541,1,4,130,5,1,80.0,0,N,MELB_URBAN,ROAD,11,13.0
168542,1,4,120,5,1,100.0,0,N,RURAL_VICTORIA,ROAD,11,11.0
168543,4,3,171,5,1,100.0,0,N,RURAL_VICTORIA,ROAD,11,12.0
168544,1,3,130,5,1,60.0,0,N,MELB_URBAN,ROAD,11,14.0
168545,1,3,121,1,1,60.0,0,I,MELB_URBAN,STREET,11,15.0
168546,8,2,174,1,3,40.0,0,N,MELBOURNE_CBD,STREET,8,5.0
168547,1,4,160,5,1,60.0,0,N,SMALL_CITIES,ROAD,11,15.0
168548,1,3,130,5,2,80.0,0,N,MELB_URBAN,FREEWAY,11,5.0
168549,2,4,102,5,1,40.0,0,N,MELB_URBAN,DRIVE,11,17.0
168550,4,4,171,1,1,110.0,0,N,RURAL_VICTORIA,FREEWAY,11,17.0
168551,1,4,99,2,9,50.0,0,I,MELB_URBAN,STREET,11,8.0
168552,1,3,130,5,1,80.0,0,N,MELB_URBAN,ROAD,11,16.0
168553,1,3,130,2,1,80.0,0,I,MELB_URBAN,HIGHWAY,11,14.0
168554,1,3,113,2,1,60.0,0,I,MELB_URBAN,ROAD,11,18.0
168555,1,4,110,1,2,60.0,0,I,MELB_URBAN,STREET,11,17.0
168556,1,3,130,2,3,60.0,0,I,MELB_URBAN,OTHER,10,22.0
168557,1,3,140,2,1,40.0,0,N,MELB_URBAN,STREET,11,16.0
168558,4,7,181,5,6,60.0,0,N,SMALL_CITIES,UNKNOWN,10,2.0
168559,1,4,121,1,1,70.0,0,N,MELB_URBAN,ROAD,11,17.0
168560,1,4,99,1,1,50.0,0,N,MELB_URBAN,ROAD,11,17.0
168561,1,4,130,5,1,100.0,0,N,RURAL_VICTORIA,HIGHWAY,11,13.0
168562,1,3,130,2,9,60.0,0,N,MELB_URBAN,ROAD,11,21.0
168563,4,4,171,5,5,100.0,0,N,SMALL_CITIES,ROAD,11,21.0
168564,1,4,121,1,3,40.0,0,I,MELB_URBAN,ROAD,11,23.0
168565,2,4,100,5,3,50.0,0,N,SMALL_CITIES,STREET,11,21.0
168566,4,4,173,5,3,60.0,0,N,SMALL_TOWNS,HIGHWAY,11,23.0
168567,4,4,183,5,5,100.0,0,N,RURAL_VICTORIA,ROAD,11,22.0
168568,1,2,132,1,1,60.0,0,I,MELB_URBAN,ROAD,11,18.0
168569,1,5,130,5,3,100.0,0,N,MELB_URBAN,FREEWAY,11,0.0
168570,4,4,171,5,1,60.0,0,N,SMALL_TOWNS,ROAD,11,12.0
168571,1,4,130,5,1,100.0,0,N,RURAL_VICTORIA,ROAD,11,18.0
168572,4,4,183,5,1,70.0,0,N,RURAL_VICTORIA,ROAD,9,8.0
168573,1,1,133,2,1,100.0,0,I,MELB_URBAN,ROAD,10,7.0
168574,1,4,110,1,1,60.0,0,I,SMALL_CITIES,ROAD,8,16.0
168575,8,1,174,5,1,60.0,0,N,RURAL_VICTORIA,ROAD,10,9.0
168576,1,4,135,5,1,70.0,0,N,LARGE_PROVINCIAL_CITIES,HIGHWAY,11,8.0
168577,6,4,99,5,1,100.0,0,N,RURAL_VICTORIA,OTHER,11,17.0
168578,1,4,147,5,1,60.0,0,N,MELB_URBAN,STREET,11,8.0
168579,5,6,99,5,1,80.0,0,N,RURAL_VICTORIA,HIGHWAY,9,12.0
168580,1,4,110,1,1,100.0,0,I,RURAL_VICTORIA,ROAD,11,10.0
168581,1,3,130,1,1,80.0,0,I,TOWNS,HIGHWAY,11,15.0
168582,4,2,171,5,1,60.0,0,N,RURAL_VICTORIA,ROAD,11,15.0
168583,1,2,130,2,1,60.0,0,N,MELB_URBAN,ROAD,11,17.0
168584,4,5,181,5,1,100.0,0,N,RURAL_VICTORIA,HIGHWAY,11,8.0
168585,1,4,130,5,1,60.0,0,N,MELB_URBAN,ROAD,11,8.0
168586,1,3,130,2,9,60.0,0,N,MELB_URBAN,ROAD,11,11.0
168587,1,5,160,2,1,60.0,0,I,MELB_URBAN,BOULEVARD,10,14.0
168588,1,2,132,2,1,50.0,0,I,MELB_URBAN,DRIVE,11,7.0
168589,1,4,116,2,1,40.0,0,I,MELB_URBAN,STREET,11,9.0
168590,1,5,111,1,1,80.0,0,N,MELB_URBAN,ROAD,11,14.0
168591,6,5,174,5,1,60.0,0,N,LARGE_PROVINCIAL_CITIES,STREET,11,13.0
168592,2,4,100,5,1,60.0,0,N,MELB_URBAN,STREET,11,15.0
168593,6,2,174,1,1,60.0,0,I,TOWNS,DRIVE,10,15.0
168594,1,3,130,5,2,80.0,0,N,MELB_URBAN,RAMP,9,9.0
168595,4,5,183,2,1,100.0,0,I,RURAL_VICTORIA,HIGHWAY,11,13.0
168596,6,3,174,5,1,50.0,0,N,MELB_URBAN,STREET,11,18.0
168597,1,5,132,1,1,80.0,0,I,MELB_URBAN,ROAD,9,14.0
168598,1,4,113,1,1,100.0,0,I,RURAL_VICTORIA,HIGHWAY,11,14.0
168599,1,1,99,1,9,30.0,0,I,MELB_URBAN,STREET,10,10.0
168600,2,5,99,2,1,40.0,0,N,MELB_URBAN,ROAD,11,15.0
168601,1,5,121,1,1,60.0,0,I,MELB_URBAN,ROAD,11,14.0
168602,1,5,121,2,1,70.0,0,N,MELB_URBAN,STREET,11,17.0
168603,1,5,147,5,1,60.0,0,N,MELB_URBAN,ROAD,11,15.0
168604,1,5,132,2,1,60.0,0,I,MELB_URBAN,ROAD,11,17.0
168605,1,4,113,2,1,80.0,0,O,MELB_URBAN,UNKNOWN,11,18.0
168606,1,5,113,2,1,80.0,0,I,MELB_URBAN,ROAD,11,18.0
168607,1,5,130,5,1,60.0,0,N,MELB_URBAN,FREEWAY,11,18.0
168608,1,5,120,5,2,50.0,0,N,MELB_URBAN,BOULEVARD,11,19.0
168609,1,5,121,1,1,60.0,0,N,RURAL_VICTORIA,ROAD,11,17.0
168610,1,0,121,2,3,80.0,0,I,MELB_URBAN,STREET,10,1.0
168611,4,5,171,5,3,80.0,0,N,MELB_URBAN,HIGHWAY,11,22.0
168612,1,5,160,5,3,50.0,0,N,MELB_URBAN,DRIVE,11,22.0
168613,1,5,99,1,3,60.0,0,I,MELB_URBAN,ROAD,11,22.0
168614,6,6,170,5,5,60.0,0,N,RURAL_VICTORIA,ROAD,11,5.0
168615,1,2,130,1,3,70.0,0,I,MELB_URBAN,BOULEVARD,11,21.0
168616,3,7,167,5,6,100.0,0,N,RURAL_VICTORIA,FREEWAY,11,2.0
168617,1,5,120,5,1,80.0,0,N,RURAL_VICTORIA,ROAD,11,6.0
168618,6,7,99,2,1,50.0,0,N,LARGE_PROVINCIAL_CITIES,BOULEVARD,11,15.0
168619,1,3,130,2,1,50.0,0,N,SMALL_TOWNS,AVENUE,11,10.0
168620,1,6,120,2,1,60.0,0,I,MELB_URBAN,ROAD,11,9.0
168621,1,6,110,1,1,80.0,0,I,RURAL_VICTORIA,ROAD,11,8.0
168622,1,6,121,2,1,50.0,0,I,MELB_URBAN,DRIVE,11,9.0
168623,1,5,130,5,3,50.0,0,N,SMALL_CITIES,AVENUE,9,23.0
168624,1,3,99,5,1,60.0,0,N,MELB_URBAN,HIGHWAY,11,13.0
168625,1,6,121,2,1,60.0,0,I,MELB_URBAN,ROAD,11,17.0
168626,1,6,160,2,1,50.0,0,N,MELB_URBAN,BOULEVARD,11,8.0
168627,1,3,113,2,1,80.0,0,I,MELB_URBAN,ROAD,10,16.0
168628,6,1,99,5,1,60.0,0,N,RURAL_VICTORIA,ROAD,11,13.0
168629,4,4,171,5,1,60.0,0,N,RURAL_VICTORIA,ROAD,11,8.0
168630,1,1,121,1,1,60.0,0,I,LARGE_PROVINCIAL_CITIES,STREET,11,21.0
168631,1,6,99,2,1,50.0,0,I,MELB_URBAN,STREET,11,10.0
168632,1,5,113,2,1,60.0,0,I,TOWNS,ROAD,11,15.0
168633,6,5,170,5,1,80.0,0,N,RURAL_VICTORIA,ROAD,11,13.0
168634,1,3,160,5,2,60.0,0,N,MELB_URBAN,DRIVE,11,17.0
168635,1,4,99,5,1,60.0,0,N,MELB_URBAN,AVENUE,11,15.0
168636,4,6,171,5,5,100.0,0,N,RURAL_VICTORIA,HIGHWAY,11,2.0
168637,2,6,99,5,1,60.0,0,N,TOWNS,STREET,11,15.0
168638,4,5,183,5,1,100.0,0,N,RURAL_VICTORIA,ROAD,11,14.0
168639,6,7,174,2,1,100.0,0,N,RURAL_VICTORIA,ROAD,9,11.0
168640,1,0,99,2,3,60.0,0,I,MELB_URBAN,ROAD,11,20.0
168641,1,6,99,1,1,60.0,0,I,MELB_URBAN,PARADE,11,9.0
168642,6,4,174,1,1,40.0,0,I,MELB_URBAN,STREET,11,16.0
168643,1,2,121,2,1,80.0,0,I,SMALL_TOWNS,ROAD,11,16.0
168644,6,3,174,5,1,60.0,0,N,RURAL_VICTORIA,DRIVE,11,16.0
168645,1,5,110,1,1,50.0,0,I,MELB_URBAN,STREET,11,16.0
168646,1,5,130,5,1,60.0,0,N,MELB_URBAN,ROAD,11,16.0
168647,1,6,130,2,1,60.0,0,I,SMALL_CITIES,PARADE,11,16.0
168648,1,1,113,1,1,80.0,0,I,MELB_URBAN,HIGHWAY,10,8.0
168649,1,5,134,5,1,50.0,0,N,MELB_URBAN,ROAD,11,15.0
168650,1,6,130,5,1,100.0,0,N,MELB_URBAN,ROAD,11,15.0
168651,8,6,99,5,1,80.0,0,N,RURAL_VICTORIA,ROAD,8,15.0
168652,4,6,99,5,1,100.0,0,N,RURAL_VICTORIA,UNKNOWN,11,15.0
168653,1,5,110,1,1,60.0,0,I,MELB_URBAN,ROAD,11,15.0
168654,4,2,171,5,1,60.0,0,N,RURAL_VICTORIA,STREET,10,17.0
168655,1,1,130,5,1,100.0,0,N,MELB_URBAN,FREEWAY,10,16.0
168656,1,6,121,5,1,80.0,0,N,MELB_URBAN,HIGHWAY,11,16.0
168657,4,6,171,2,1,50.0,0,I,MELB_URBAN,DRIVE,11,18.0
168658,1,5,130,5,1,80.0,0,N,MELB_URBAN,ROAD,11,17.0
168659,4,6,171,5,1,100.0,0,N,RURAL_VICTORIA,ROAD,11,17.0
168660,1,5,116,1,1,80.0,0,N,MELB_URBAN,ROAD,11,16.0
168661,1,0,140,5,1,50.0,0,N,MELB_URBAN,STREET,11,9.0
168662,4,6,171,1,3,60.0,0,I,MELB_URBAN,STREET,11,20.0
168663,1,5,130,5,1,100.0,0,N,MELB_URBAN,FREEWAY,11,16.0
168664,1,2,130,5,1,80.0,0,N,MELB_URBAN,ROAD,11,11.0
168665,1,6,120,5,1,70.0,0,N,RURAL_VICTORIA,HIGHWAY,11,16.0
168666,6,6,99,5,5,50.0,0,N,SMALL_TOWNS,STREET,11,21.0
168667,1,6,111,4,3,60.0,0,I,MELB_URBAN,ROAD,11,23.0
168668,8,6,174,5,9,60.0,0,N,MELB_URBAN,ROAD,11,14.0
168669,4,7,173,1,3,100.0,0,I,RURAL_VICTORIA,ROAD,11,0.0
168670,1,6,121,2,3,80.0,0,I,MELB_URBAN,ROAD,11,22.0
168671,1,2,110,1,1,50.0,0,I,MELB_URBAN,ROAD,11,9.0
168672,1,7,110,1,1,60.0,0,I,RURAL_VICTORIA,ROAD,11,6.0
168673,6,6,174,5,1,100.0,0,N,RURAL_VICTORIA,ROAD,11,13.0
168674,4,6,171,2,2,60.0,0,N,MELB_URBAN,ROAD,11,4.0
168675,1,7,121,1,1,60.0,0,I,MELB_URBAN,ROAD,11,8.0
168676,1,7,113,2,1,50.0,0,I,MELB_URBAN,ROAD,11,9.0
168677,1,6,133,5,1,60.0,0,N,SMALL_CITIES,PARADE,11,9.0
168678,1,6,99,1,1,40.0,0,I,MELB_URBAN,STREET,11,17.0
168679,1,3,130,1,1,40.0,0,N,MELB_URBAN,STREET,11,17.0
168680,1,6,110,1,1,40.0,0,I,MELB_URBAN,STREET,11,9.0
168681,1,6,130,2,1,60.0,0,N,TOWNS,ROAD,11,13.0
168682,6,2,174,2,1,50.0,0,I,MELB_URBAN,ROAD,10,11.0
168683,1,6,163,5,1,60.0,0,N,MELB_URBAN,STREET,11,9.0
168684,1,6,110,1,1,40.0,0,I,MELB_URBAN,AVENUE,11,17.0
168685,1,1,160,5,5,50.0,0,N,RURAL_VICTORIA,ROAD,7,22.0
168686,1,6,140,5,1,80.0,0,N,MELB_URBAN,ROAD,11,12.0
168687,1,5,135,5,1,60.0,0,N,MELB_URBAN,PARADE,11,18.0
168688,1,6,130,5,1,100.0,0,N,RURAL_VICTORIA,ROAD,11,8.0
168689,1,6,130,5,1,60.0,0,N,MELB_URBAN,ROAD,11,9.0
168690,1,6,110,1,1,50.0,0,I,MELB_URBAN,ROAD,11,15.0
168691,1,6,121,5,1,60.0,0,I,MELB_URBAN,ROAD,11,13.0
168692,4,7,99,5,1,60.0,0,N,MELB_URBAN,ROAD,11,14.0
168693,1,6,99,1,1,60.0,0,N,MELB_URBAN,STREET,11,9.0
168694,4,7,181,5,1,100.0,0,N,RURAL_VICTORIA,ROAD,11,13.0
168695,2,7,100,5,1,50.0,0,N,MELB_URBAN,AVENUE,11,15.0
168696,1,7,130,2,1,50.0,0,N,MELB_URBAN,ROAD,11,14.0
168697,1,7,99,1,1,60.0,0,O,MELB_URBAN,UNKNOWN,11,16.0
168698,4,6,173,5,1,100.0,0,N,RURAL_VICTORIA,OTHER,11,12.0
168699,1,7,160,5,2,40.0,0,N,SMALL_CITIES,STREET,11,18.0
168700,1,7,99,2,1,50.0,0,N,MELB_URBAN,OTHER,11,18.0
168701,1,7,121,2,1,80.0,0,I,MELB_URBAN,ROAD,11,18.0
168702,9,7,99,2,1,50.0,0,I,TOWNS,ROAD,11,12.0
168703,1,7,130,5,1,60.0,0,N,MELB_URBAN,ROAD,11,17.0
168704,4,3,181,5,5,100.0,0,N,RURAL_VICTORIA,ROAD,11,3.0
168705,1,7,110,1,1,60.0,0,I,MELB_URBAN,ROAD,11,16.0
168706,1,6,160,5,1,50.0,0,N,MELB_URBAN,AVENUE,11,18.0
168707,2,7,102,1,1,80.0,0,I,MELB_URBAN,HIGHWAY,11,19.0
168708,1,6,130,5,1,80.0,0,N,LARGE_PROVINCIAL_CITIES,HIGHWAY,11,15.0
168709,1,7,99,2,6,60.0,0,I,MELB_URBAN,ROAD,11,22.0
168710,1,7,130,5,1,80.0,0,N,MELB_URBAN,AVENUE,11,18.0
168711,1,1,99,1,3,70.0,0,I,MELB_URBAN,ROAD,11,3.0
168712,4,1,181,2,2,60.0,0,N,MELB_URBAN,ROAD,11,6.0
168713,8,7,174,5,1,50.0,0,N,MELB_URBAN,ROAD,9,15.0
168714,2,2,102,1,1,50.0,0,N,MELB_URBAN,STREET,11,10.0
168715,1,0,120,5,1,80.0,0,N,RURAL_VICTORIA,ROAD,11,9.0
168716,3,3,167,5,2,100.0,0,N,RURAL_VICTORIA,ROAD,11,5.0
168717,1,0,121,5,1,60.0,0,N,SMALL_TOWNS,ROAD,11,10.0
168718,4,0,173,1,1,100.0,0,I,RURAL_VICTORIA,ROAD,11,13.0
168719,1,0,130,5,1,80.0,0,N,MELB_URBAN,RAMP,11,13.0
168720,1,0,130,5,1,80.0,0,N,MELB_URBAN,RAMP,11,7.0
168721,4,1,173,5,1,60.0,0,N,LARGE_PROVINCIAL_CITIES,STREET,11,11.0
168722,1,6,113,1,1,60.0,0,I,MELB_URBAN,ROAD,11,16.0
168723,1,7,130,2,1,80.0,0,N,MELB_URBAN,ROAD,11,19.0
168724,1,1,110,1,1,50.0,0,I,SMALL_CITIES,AVENUE,11,12.0
168725,1,1,130,5,1,60.0,0,N,MELB_URBAN,ROAD,11,13.0
168726,4,1,181,5,1,100.0,1,N,RURAL_VICTORIA,ROAD,11,6.0