,accident_type,day_of_week,dca_code,road_geometry,light_condition,speed_zone,severity,node_type,deg_urban_name,road_type,month,hour
168727,4,6,171,5,3,60.0,0,N,RURAL_VICTORIA,DRIVE,11,21.0
168728,1,6,121,2,1,60.0,0,I,MELB_URBAN,ROAD,11,9.0
168729,1,1,99,5,1,60.0,0,N,MELB_URBAN,ROAD,11,15.0
168730,1,0,130,2,1,60.0,0,N,MELB_URBAN,ROAD,11,13.0
168731,5,4,99,5,5,100.0,0,N,RURAL_VICTORIA,HIGHWAY,11,21.0
168732,1,1,99,2,1,60.0,0,I,MELB_URBAN,STREET,11,15.0
168733,1,0,132,2,1,60.0,0,I,MELB_URBAN,AVENUE,11,16.0
168734,1,1,121,2,1,60.0,0,I,MELB_URBAN,ROAD,11,17.0
168735,1,6,130,4,1,60.0,0,I,RURAL_VICTORIA,RAMP,11,9.0
168736,1,0,130,5,1,80.0,0,N,RURAL_VICTORIA,ROAD,11,13.0
168737,1,1,110,1,1,80.0,0,I,MELB_URBAN,HIGHWAY,11,15.0
168738,1,1,120,5,1,50.0,0,N,TOWNS,STREET,11,14.0
168739,1,1,120,2,1,100.0,1,N,RURAL_VICTORIA,HIGHWAY,11,14.0
168740,1,1,130,5,1,100.0,0,N,MELB_URBAN,RAMP,11,19.0
168741,4,1,173,2,3,80.0,0,N,MELB_URBAN,FREEWAY,11,20.0
168742,1,1,99,1,3,80.0,0,I,MELB_URBAN,HIGHWAY,11,21.0
168743,1,6,110,1,1,80.0,0,I,RURAL_VICTORIA,ROAD,11,16.0
168744,1,1,121,2,1,50.0,0,I,MELB_URBAN,DRIVE,11,19.0
168745,8,2,174,5,3,80.0,0,O,MELB_URBAN,UNKNOWN,11,1.0
168746,1,6,121,1,1,80.0,0,N,MELB_URBAN,ROAD,10,17.0
168747,1,4,147,2,1,70.0,0,I,MELB_URBAN,ROAD,11,15.0
168748,3,2,167,5,2,80.0,0,N,RURAL_VICTORIA,ROAD,11,5.0
168749,1,2,130,5,2,80.0,0,N,MELB_URBAN,UNKNOWN,11,5.0
168750,1,4,116,1,1,40.0,0,I,MELBOURNE_CBD,STREET,10,16.0
168751,1,1,110,1,2,60.0,0,I,LARGE_PROVINCIAL_CITIES,HIGHWAY,11,6.0
168752,1,2,132,5,9,60.0,0,N,MELB_URBAN,HIGHWAY,10,7.0
168753,4,0,183,5,1,100.0,0,N,RURAL_VICTORIA,ROAD,11,13.0
168754,1,2,99,5,2,100.0,0,N,RURAL_VICTORIA,ROAD,11,6.0
168755,1,2,160,5,1,50.0,0,N,SMALL_CITIES,STREET,11,8.0
168756,2,2,102,1,1,40.0,0,I,MELB_URBAN,STREET,11,9.0
168757,1,2,130,5,1,60.0,0,N,MELB_URBAN,ROAD,11,8.0
168758,1,0,130,1,1,60.0,0,N,MELB_URBAN,ROAD,10,14.0
168759,1,3,130,2,1,60.0,0,I,MELB_URBAN,STREET,9,8.0
168760,1,2,110,1,1,100.0,0,I,RURAL_VICTORIA,HIGHWAY,11,9.0
168761,1,1,110,1,1,40.0,0,N,MELB_URBAN,STREET,11,16.0
168762,6,7,99,5,9,60.0,0,N,MELB_URBAN,OTHER,11,0.0
168763,1,5,130,5,1,60.0,0,N,RURAL_VICTORIA,ROAD,10,9.0
168764,4,2,171,1,1,100.0,0,N,MELB_URBAN,ROAD,10,8.0
168765,1,2,110,1,1,80.0,0,I,MELB_URBAN,ROAD,11,11.0
168766,1,2,132,5,1,60.0,0,N,MELB_URBAN,ROAD,11,12.0
168767,1,4,120,5,1,60.0,0,N,TOWNS,HIGHWAY,11,13.0
168768,1,1,121,1,1,60.0,0,I,RURAL_VICTORIA,STREET,11,8.0
168769,1,5,147,5,9,60.0,0,N,MELB_URBAN,STREET,11,12.0
168770,1,2,160,5,1,50.0,0,N,RURAL_VICTORIA,ROAD,11,10.0
168771,1,2,160,3,1,50.0,0,N,MELB_URBAN,STREET,11,11.0
168772,4,2,183,5,1,100.0,0,N,RURAL_VICTORIA,ROAD,11,9.0
168773,1,2,130,5,1,60.0,0,N,MELB_URBAN,ROAD,9,15.0
168774,4,7,181,5,1,50.0,0,N,RURAL_VICTORIA,ROAD,11,13.0
168775,4,2,173,5,1,50.0,0,N,MELB_URBAN,OTHER,11,8.0
168776,1,1,99,1,1,60.0,0,N,SMALL_CITIES,AVENUE,11,11.0
168777,1,0,110,1,1,50.0,0,I,MELB_URBAN,PARADE,11,12.0
168778,1,1,121,5,1,60.0,0,N,MELB_URBAN,ROAD,11,13.0
168779,1,1,130,2,1,60.0,0,N,MELB_URBAN,ROAD,11,11.0
168780,1,2,130,1,1,80.0,0,I,RURAL_VICTORIA,STREET,11,16.0
168781,1,1,121,1,1,80.0,0,I,MELB_URBAN,ROAD,11,13.0
168782,1,1,140,5,1,60.0,0,N,SMALL_CITIES,AVENUE,11,15.0
168783,1,2,130,5,2,60.0,0,N,RURAL_VICTORIA,ROAD,10,7.0
168784,1,1,133,5,1,100.0,0,N,MELB_URBAN,FREEWAY,11,16.0
168785,1,2,130,2,1,60.0,0,I,MELB_URBAN,ROAD,11,11.0
168786,1,1,147,5,1,60.0,0,N,TOWNS,ROAD,11,12.0
168787,4,2,171,2,1,70.0,0,N,MELB_URBAN,ROAD,11,17.0
168788,1,1,99,2,1,60.0,0,I,TOWNS,ROAD,11,17.0
168789,4,2,181,5,1,80.0,0,N,RURAL_VICTORIA,ROAD,11,16.0
168790,1,2,163,5,2,40.0,0,N,MELB_URBAN,STREET,11,20.0
168791,1,6,110,1,1,60.0,0,I,MELB_URBAN,ROAD,9,11.0
168792,4,1,171,5,5,100.0,0,N,RURAL_VICTORIA,ROAD,9,1.0
168793,1,2,121,4,3,80.0,0,I,MELB_URBAN,HIGHWAY,11,21.0
168794,4,1,171,5,3,60.0,0,N,MELB_URBAN,ROAD,11,22.0
168795,6,2,174,2,1,40.0,0,N,MELB_URBAN,STREET,11,13.0
168796,1,3,130,5,1,80.0,0,N,MELB_URBAN,ROAD,11,15.0
168797,1,3,113,2,1,80.0,0,I,SMALL_TOWNS,ROAD,9,12.0
168798,1,5,99,2,1,60.0,0,I,MELB_URBAN,ROAD,11,17.0
168799,1,3,121,2,2,60.0,0,I,MELB_URBAN,ROAD,11,6.0
168800,1,2,99,5,2,100.0,0,N,MELB_URBAN,ROAD,11,8.0
168801,5,3,99,2,1,60.0,0,I,MELB_URBAN,ROAD,11,9.0
168802,1,5,130,5,1,80.0,0,N,MELB_URBAN,RAMP,11,14.0
168803,2,2,100,5,1,50.0,0,N,TOWNS,STREET,11,10.0
168804,1,1,121,5,1,80.0,0,N,RURAL_VICTORIA,ROAD,10,9.0
168805,6,6,99,2,1,50.0,0,N,RURAL_VICTORIA,ROAD,11,11.0
168806,2,2,100,1,1,60.0,0,N,MELB_URBAN,ROAD,11,8.0
168807,6,2,174,5,1,60.0,0,N,RURAL_VICTORIA,STREET,11,10.0
168808,1,6,130,5,1,80.0,0,N,MELB_URBAN,FREEWAY,10,12.0
168809,1,2,110,1,1,60.0,0,I,TOWNS,STREET,11,11.0
168810,1,2,140,5,1,100.0,0,N,RURAL_VICTORIA,ROAD,11,10.0
168811,1,0,130,5,1,60.0,0,N,MELB_URBAN,ROAD,10,11.0
168812,1,3,121,2,1,80.0,0,N,MELB_URBAN,ROAD,11,11.0
168813,1,6,130,1,1,60.0,0,I,MELB_URBAN,ROAD,11,9.0
168814,8,2,99,5,1,60.0,0,N,TOWNS,HIGHWAY,11,12.0
168815,6,3,170,5,5,100.0,0,N,RURAL_VICTORIA,ROAD,11,4.0
168816,1,3,130,5,1,80.0,0,N,MELB_URBAN,ROAD,11,11.0
168817,3,2,167,5,2,60.0,0,N,RURAL_VICTORIA,ROAD,11,21.0
168818,2,3,99,5,1,60.0,0,N,MELB_URBAN,ROAD,11,13.0
168819,1,3,113,1,1,80.0,0,N,RURAL_VICTORIA,ROAD,11,7.0
168820,1,3,130,2,1,70.0,0,N,MELB_URBAN,ROAD,11,8.0
168821,1,4,130,5,1,80.0,0,N,MELB_URBAN,ROAD,10,15.0
168822,7,3,99,5,1,80.0,0,I,MELB_URBAN,RAMP,11,10.0
168823,1,2,130,5,1,80.0,0,N,MELB_URBAN,ROAD,11,14.0
168824,4,2,171,5,1,80.0,0,N,RURAL_VICTORIA,HIGHWAY,11,13.0
168825,4,2,171,5,1,100.0,0,N,RURAL_VICTORIA,ROAD,11,11.0
168826,1,3,160,5,1,60.0,0,N,LARGE_PROVINCIAL_CITIES,ROAD,11,11.0
168827,1,2,130,1,1,50.0,0,N,LARGE_PROVINCIAL_CITIES,STREET,11,9.0
168828,1,3,121,2,1,80.0,0,I,RURAL_VICTORIA,ROAD,11,12.0
168829,4,3,171,5,1,80.0,0,N,SMALL_CITIES,ROAD,11,14.0
168830,1,3,99,5,1,50.0,0,N,MELB_URBAN,STREET,11,13.0
168831,1,3,110,1,1,50.0,1,I,MELB_URBAN,STREET,11,12.0
168832,1,3,130,1,1,60.0,0,I,MELB_URBAN,ROAD,11,18.0
168833,1,3,121,2,1,60.0,0,I,MELB_URBAN,ROAD,11,16.0
168834,1,3,130,5,2,80.0,0,N,MELB_URBAN,OTHER,9,6.0
168835,5,6,99,5,2,100.0,0,N,MELB_URBAN,FREEWAY,10,6.0
168836,1,3,99,2,1,70.0,0,I,MELB_URBAN,ROAD,11,18.0
168837,1,2,99,1,1,40.0,0,I,MELB_URBAN,STREET,11,17.0
168838,2,3,99,5,1,50.0,0,N,MELB_URBAN,BOULEVARD,11,16.0
168839,4,0,173,5,1,60.0,0,N,RURAL_VICTORIA,ROAD,2,14.0
168840,2,3,100,2,1,50.0,0,N,TOWNS,ROAD,11,17.0
168841,1,1,130,5,1,60.0,0,N,MELB_URBAN,ROAD,11,18.0
168842,1,3,99,2,3,60.0,0,I,MELB_URBAN,ROAD,11,19.0
168843,1,2,120,5,1,60.0,0,N,RURAL_VICTORIA,DRIVE,11,15.0
168844,1,3,99,1,1,60.0,0,I,MELB_URBAN,ROAD,11,18.0
168845,4,2,173,5,3,60.0,0,N,RURAL_VICTORIA,ROAD,11,0.0
168846,1,3,130,1,1,80.0,0,I,MELB_URBAN,ROAD,11,14.0
168847,1,3,113,2,3,70.0,0,I,MELB_URBAN,ROAD,11,21.0
168848,4,3,171,5,3,50.0,0,N,MELB_URBAN,BOULEVARD,11,22.0
168849,1,2,130,5,3,60.0,0,N,LARGE_PROVINCIAL_CITIES,ROAD,11,21.0
168850,1,2,120,5,3,60.0,0,N,MELB_URBAN,STREET,11,22.0
168851,4,3,183,5,3,50.0,0,N,MELB_URBAN,ROAD,11,23.0
168852,2,4,102,2,2,50.0,0,I,MELB_URBAN,STREET,11,5.0
168853,1,4,160,5,2,50.0,0,N,MELB_URBAN,ROAD,11,7.0
168854,1,4,121,1,1,60.0,0,I,SMALL_CITIES,RAMP,11,8.0
168855,1,4,120,5,2,40.0,0,N,RURAL_VICTORIA,ROAD,11,7.0
168856,1,4,110,1,1,60.0,0,I,SMALL_CITIES,STREET,11,9.0
168857,1,3,130,4,1,60.0,0,N,MELB_URBAN,ROAD,11,9.0
168858,1,4,113,2,1,60.0,0,I,RURAL_VICTORIA,OTHER,11,8.0
168859,1,0,113,2,1,60.0,0,I,MELB_URBAN,ROAD,11,12.0
168860,1,3,120,5,1,60.0,0,N,LARGE_PROVINCIAL_CITIES,ROAD,11,10.0
168861,2,4,100,1,1,50.0,0,N,MELB_URBAN,STREET,11,10.0
168862,3,0,167,5,1,80.0,0,N,TOWNS,ROAD,11,13.0
168863,1,3,121,5,1,60.0,0,N,SMALL_CITIES,ROAD,11,10.0
168864,1,3,130,1,1,100.0,0,N,RURAL_VICTORIA,FREEWAY,11,7.0
168865,1,3,130,3,1,80.0,0,N,MELB_URBAN,FREEWAY,11,17.0
168866,1,4,130,5,1,80.0,0,N,MELB_URBAN,RAMP,11,11.0
168867,1,4,111,1,1,80.0,0,I,MELB_URBAN,HIGHWAY,11,12.0
168868,1,2,110,1,1,50.0,0,I,MELB_URBAN,STREET,11,16.0
168869,1,4,99,5,1,40.0,0,N,MELB_URBAN,STREET,11,9.0
168870,1,1,130,5,2,100.0,0,N,MELB_URBAN,FREEWAY,11,18.0
168871,1,5,163,5,1,40.0,0,N,MELB_URBAN,STREET,11,12.0
168872,1,4,130,5,1,100.0,0,N,RURAL_VICTORIA,HIGHWAY,11,15.0
168873,8,4,174,5,1,60.0,0,N,MELB_URBAN,ROAD,11,16.0
168874,1,3,111,2,1,50.0,0,I,MELB_URBAN,ROAD,11,14.0
168875,1,3,132,5,1,60.0,0,N,MELB_URBAN,ROAD,11,15.0
168876,1,4,113,1,1,60.0,0,I,MELB_URBAN,ROAD,11,18.0
168877,1,6,132,1,1,60.0,0,I,MELB_URBAN,STREET,11,17.0
168878,2,4,102,5,1,50.0,0,N,LARGE_PROVINCIAL_CITIES,OTHER,11,17.0
168879,1,4,99,5,1,60.0,0,N,MELB_URBAN,STREET,11,15.0
168880,4,4,173,2,1,80.0,0,I,RURAL_VICTORIA,ROAD,11,14.0
168881,1,4,113,2,1,50.0,0,I,MELB_URBAN,AVENUE,11,16.0
168882,1,5,130,1,1,60.0,0,I,MELB_URBAN,ROAD,11,11.0
168883,1,4,110,1,1,60.0,0,I,MELB_URBAN,STREET,11,17.0
168884,1,3,121,1,3,70.0,0,N,SMALL_CITIES,ROAD,11,21.0
168885,1,3,121,2,3,70.0,0,I,MELB_URBAN,ROAD,11,22.0
168886,4,4,173,5,3,60.0,0,N,MELB_URBAN,ROAD,11,22.0
168887,6,4,170,5,5,60.0,0,N,RURAL_VICTORIA,ROAD,11,23.0
168888,1,5,99,5,2,100.0,0,N,MELB_URBAN,ROAD,11,4.0
168889,2,4,99,5,1,50.0,0,N,SMALL_CITIES,DRIVE,11,14.0
168890,1,0,113,2,1,70.0,0,I,MELB_URBAN,ROAD,11,12.0
168891,1,5,110,1,1,50.0,0,I,TOWNS,STREET,11,8.0
168892,1,4,121,2,1,60.0,0,I,MELB_URBAN,ROAD,11,9.0
168893,1,2,130,2,2,60.0,0,I,MELB_URBAN,STREET,11,7.0
168894,1,5,147,5,1,60.0,0,N,MELB_URBAN,ROAD,11,10.0
168895,1,4,130,2,1,80.0,0,N,MELB_URBAN,ROAD,11,10.0
168896,5,5,99,5,1,50.0,0,N,MELB_URBAN,STREET,10,13.0
168897,1,3,160,5,1,60.0,0,N,MELB_URBAN,ROAD,9,10.0
168898,4,4,171,5,1,70.0,0,N,MELB_URBAN,ROAD,11,7.0
168899,1,5,120,1,1,70.0,0,I,MELB_URBAN,ROAD,11,8.0
168900,1,6,130,2,1,60.0,0,N,MELB_URBAN,STREET,10,14.0
168901,1,4,130,1,1,60.0,0,I,MELB_URBAN,ROAD,11,8.0
168902,1,3,130,5,1,100.0,0,N,MELB_URBAN,FREEWAY,11,8.0
168903,1,5,99,2,1,50.0,0,I,MELB_URBAN,STREET,11,13.0
168904,1,3,121,1,1,60.0,0,I,MELB_URBAN,ROAD,11,16.0
168905,1,2,134,5,3,80.0,0,N,LARGE_PROVINCIAL_CITIES,HIGHWAY,11,22.0
168906,1,5,163,5,3,40.0,0,N,MELBOURNE_CBD,STREET,11,23.0
168907,1,5,160,1,1,60.0,0,I,MELB_URBAN,ROAD,11,14.0
168908,1,5,120,5,1,100.0,1,N,RURAL_VICTORIA,HIGHWAY,11,7.0
168909,1,3,130,1,1,80.0,0,N,MELB_URBAN,ROAD,11,15.0
168910,4,5,99,5,1,80.0,0,N,RURAL_VICTORIA,ROAD,11,9.0
168911,1,4,110,4,2,60.0,0,I,LARGE_PROVINCIAL_CITIES,STREET,11,19.0
168912,6,5,174,5,1,60.0,0,N,MELB_URBAN,STREET,11,15.0
168913,4,5,173,5,1,50.0,0,N,MELB_URBAN,STREET,11,16.0
168914,1,4,110,1,1,60.0,0,I,MELB_URBAN,STREET,11,8.0
168915,1,5,120,5,1,60.0,0,N,MELB_URBAN,ROAD,11,14.0
168916,3,3,167,5,5,60.0,0,N,RURAL_VICTORIA,ROAD,11,20.0
168917,1,5,163,5,1,60.0,0,N,MELB_URBAN,ROAD,11,16.0
168918,1,4,130,5,1,60.0,0,N,MELB_URBAN,HIGHWAY,11,15.0
168919,1,5,121,1,1,60.0,0,I,LARGE_PROVINCIAL_CITIES,ROAD,11,14.0
168920,2,5,102,2,1,60.0,0,I,MELB_URBAN,STREET,11,18.0
168921,1,5,147,5,1,60.0,0,N,MELB_URBAN,ROAD,11,14.0
168922,2,4,99,5,2,40.0,0,N,MELB_URBAN,ROAD,11,18.0
168923,2,5,100,1,2,60.0,0,I,MELB_URBAN,ROAD,11,7.0
168924,1,5,110,1,1,50.0,0,I,MELB_URBAN,STREET,11,18.0
168925,2,5,99,5,3,60.0,0,N,MELB_URBAN,ROAD,11,19.0
168926,2,4,102,5,1,60.0,0,N,SMALL_CITIES,STREET,11,16.0
168927,1,5,132,2,3,60.0,0,I,MELB_URBAN,AVENUE,11,22.0
168928,4,5,171,5,3,60.0,0,N,MELB_URBAN,ROAD,11,21.0
168929,1,5,113,2,1,80.0,0,I,RURAL_VICTORIA,ROAD,11,16.0
168930,1,5,130,5,3,40.0,0,N,MELB_URBAN,FREEWAY,11,22.0
168931,1,1,135,5,1,60.0,0,N,MELB_URBAN,ROAD,9,16.0
168932,4,6,173,1,3,60.0,0,N,SMALL_CITIES,STREET,11,1.0
168933,7,3,99,1,1,60.0,0,I,MELB_URBAN,STREET,11,7.0
168934,1,6,120,5,1,60.0,0,N,MELB_URBAN,ROAD,11,7.0
168935,1,6,120,5,2,60.0,0,N,MELB_URBAN,ROAD,11,7.0
168936,2,6,100,2,1,50.0,0,I,MELB_URBAN,STREET,11,8.0
168937,1,6,99,5,1,50.0,0,N,MELB_URBAN,STREET,11,9.0
168938,1,6,116,2,1,60.0,0,I,SMALL_CITIES,STREET,11,8.0
168939,1,5,130,5,1,70.0,0,N,MELB_URBAN,STREET,10,15.0
168940,1,6,140,5,2,60.0,0,N,MELB_URBAN,ROAD,11,6.0
168941,1,3,130,1,1,60.0,0,I,LARGE_PROVINCIAL_CITIES,HIGHWAY,10,15.0
168942,1,5,120,2,1,60.0,0,N,RURAL_VICTORIA,ROAD,11,8.0
168943,1,5,110,1,1,60.0,0,I,MELB_URBAN,ROAD,11,10.0
168944,6,6,174,5,1,40.0,0,N,MELB_URBAN,ROAD,11,10.0
168945,1,6,116,4,1,60.0,0,I,MELB_URBAN,STREET,10,15.0
168946,1,6,134,1,1,60.0,0,I,RURAL_VICTORIA,ROAD,11,11.0
168947,1,2,130,5,1,80.0,0,N,MELB_URBAN,OTHER,10,9.0
168948,1,6,99,2,1,50.0,0,I,RURAL_VICTORIA,STREET,11,9.0
168949,2,6,102,1,1,60.0,0,I,MELB_URBAN,BOULEVARD,11,13.0
168950,1,5,147,5,1,70.0,0,N,MELB_URBAN,ROAD,11,12.0
168951,4,5,173,5,5,110.0,0,N,RURAL_VICTORIA,FREEWAY,11,21.0
168952,1,4,121,2,1,60.0,0,I,MELB_URBAN,ROAD,11,17.0
168953,1,4,130,5,1,80.0,0,N,RURAL_VICTORIA,HIGHWAY,11,8.0
168954,1,3,130,5,1,60.0,0,N,MELB_URBAN,ROAD,11,18.0
168955,1,5,130,5,2,60.0,0,N,MELB_URBAN,PARADE,11,6.0
168956,1,5,130,5,1,100.0,0,N,RURAL_VICTORIA,OTHER,11,12.0
168957,1,2,130,2,9,60.0,0,N,MELB_URBAN,STREET,10,14.0
168958,1,6,120,5,1,40.0,0,N,MELB_URBAN,ROAD,11,13.0
168959,6,7,174,5,1,100.0,0,N,RURAL_VICTORIA,ROAD,10,8.0
168960,1,6,110,1,1,60.0,0,I,SMALL_CITIES,STREET,11,15.0
168961,1,6,130,5,1,70.0,0,N,MELB_URBAN,ROAD,11,14.0
168962,1,5,121,1,1,60.0,0,I,MELB_URBAN,ROAD,11,12.0
168963,1,4,135,5,1,100.0,0,N,MELB_URBAN,ROAD,11,15.0
168964,1,6,160,2,1,50.0,0,I,MELB_URBAN,STREET,11,16.0
168965,1,5,132,2,2,60.0,0,I,MELB_URBAN,ROAD,11,6.0
168966,8,6,99,5,1,100.0,0,N,RURAL_VICTORIA,HIGHWAY,11,14.0
168967,1,6,110,1,1,60.0,0,I,LARGE_PROVINCIAL_CITIES,STREET,11,13.0
168968,1,6,120,5,1,100.0,0,N,TOWNS,AVENUE,11,16.0
168969,4,6,181,5,1,100.0,0,N,RURAL_VICTORIA,HIGHWAY,11,16.0
168970,1,6,113,2,1,80.0,0,N,MELB_URBAN,ROAD,11,16.0
168971,1,5,110,1,1,60.0,0,I,SMALL_CITIES,STREET,11,18.0
168972,1,6,130,1,1,60.0,0,N,MELB_URBAN,ROAD,11,15.0
168973,8,6,174,1,1,60.0,0,I,LARGE_PROVINCIAL_CITIES,BOULEVARD,11,14.0
168974,1,5,99,1,1,60.0,0,N,RURAL_VICTORIA,ROAD,11,13.0
168975,1,6,121,1,1,60.0,0,I,MELB_URBAN,ROAD,11,15.0
168976,1,6,110,1,1,60.0,0,I,SMALL_TOWNS,HIGHWAY,9,16.0
168977,1,2,130,5,1,80.0,0,N,MELB_URBAN,HIGHWAY,11,8.0
168978,1,6,140,2,1,60.0,0,N,MELB_URBAN,STREET,11,18.0
168979,1,2,130,5,1,100.0,0,N,MELB_URBAN,FREEWAY,9,16.0
168980,1,6,99,5,1,50.0,0,N,MELB_URBAN,ROAD,11,19.0
168981,2,6,99,5,3,60.0,0,N,MELB_URBAN,STREET,11,22.0
168982,1,2,130,2,1,60.0,0,I,MELB_URBAN,ROAD,11,17.0
168983,1,6,121,1,3,80.0,0,I,MELB_URBAN,ROAD,11,21.0
168984,4,6,171,5,1,80.0,0,N,MELB_URBAN,ROAD,11,18.0
168985,1,6,133,5,1,60.0,0,N,MELB_URBAN,RAMP,11,19.0
168986,4,7,181,5,5,80.0,0,N,RURAL_VICTORIA,ROAD,11,0.0
168987,1,2,130,5,1,80.0,0,N,MELB_URBAN,ROAD,11,8.0
168988,1,5,130,5,1,80.0,0,N,MELB_URBAN,ROAD,11,15.0
168989,1,3,135,2,1,70.0,0,I,MELB_URBAN,ROAD,11,14.0
168990,1,6,160,5,6,60.0,0,N,MELB_URBAN,ROAD,2,22.0
168991,1,5,130,5,1,60.0,0,N,LARGE_PROVINCIAL_CITIES,STREET,11,16.0
168992,1,7,110,1,1,50.0,0,I,LARGE_PROVINCIAL_CITIES,STREET,11,10.0
168993,1,1,130,1,2,40.0,0,I,LARGE_PROVINCIAL_CITIES,STREET,11,18.0
168994,1,7,99,1,1,70.0,0,I,MELB_URBAN,ROAD,11,10.0
168995,1,7,160,5,1,50.0,0,N,MELB_URBAN,STREET,11,11.0
168996,6,3,174,5,1,60.0,0,N,SMALL_CITIES,STREET,8,12.0
168997,1,7,140,5,1,50.0,0,N,MELB_URBAN,STREET,11,12.0
168998,1,7,147,5,1,80.0,0,N,RURAL_VICTORIA,ROAD,11,13.0
168999,1,4,130,1,1,60.0,0,I,MELB_URBAN,DRIVE,11,17.0
169000,1,6,140,2,1,50.0,0,N,MELB_URBAN,ROAD,11,12.0
169001,4,7,183,5,1,100.0,0,N,RURAL_VICTORIA,OTHER,11,14.0
169002,1,6,130,5,1,60.0,0,N,MELB_URBAN,PARADE,11,13.0
169003,1,6,110,1,1,80.0,0,I,RURAL_VICTORIA,ROAD,11,14.0
169004,1,5,111,2,1,40.0,0,N,MELB_URBAN,STREET,10,10.0
169005,1,7,160,5,1,60.0,0,N,MELB_URBAN,ROAD,11,16.0
169006,1,3,130,5,2,60.0,0,N,SMALL_CITIES,PARADE,11,7.0
169007,1,3,130,5,1,60.0,0,I,RURAL_VICTORIA,ROAD,11,16.0
169008,1,7,160,5,1,60.0,0,N,MELB_URBAN,ROAD,11,15.0
169009,1,7,99,1,1,60.0,0,N,SMALL_CITIES,ROAD,11,16.0
169010,1,7,99,5,2,80.0,0,N,RURAL_VICTORIA,ROAD,11,16.0
169011,1,7,99,5,1,80.0,0,N,RURAL_VICTORIA,ROAD,11,18.0
169012,1,6,121,2,1,60.0,0,I,MELB_URBAN,ROAD,11,19.0
169013,1,7,121,2,1,60.0,0,I,LARGE_PROVINCIAL_CITIES,ROAD,11,18.0
169014,1,7,99,1,1,40.0,0,I,MELB_URBAN,STREET,11,18.0
169015,2,6,99,5,2,40.0,0,N,MELB_URBAN,STREET,11,19.0
169016,1,7,110,1,2,50.0,0,I,MELB_URBAN,AVENUE,11,19.0
169017,1,7,130,1,3,80.0,0,I,MELB_URBAN,STREET,11,20.0
169018,4,7,171,5,1,80.0,0,N,RURAL_VICTORIA,ROAD,11,19.0
169019,1,7,113,2,3,60.0,0,I,LARGE_PROVINCIAL_CITIES,STREET,11,21.0
169020,6,7,170,5,1,80.0,0,N,MELB_URBAN,ROAD,11,17.0
169021,2,7,99,5,1,40.0,0,N,MELBOURNE_CBD,STREET,11,17.0
169022,1,6,130,2,1,80.0,0,I,MELB_URBAN,RAMP,11,15.0
169023,4,6,171,2,1,60.0,0,I,MELB_URBAN,ROAD,11,17.0
169024,1,7,120,5,5,80.0,0,N,RURAL_VICTORIA,HIGHWAY,11,23.0
169025,4,0,173,5,3,60.0,0,N,SMALL_CITIES,AVENUE,11,2.0
169026,1,7,160,5,3,50.0,0,N,TOWNS,STREET,11,22.0
169027,4,1,181,5,2,60.0,0,N,RURAL_VICTORIA,STREET,11,5.0
169028,1,7,113,2,1,60.0,0,I,MELB_URBAN,ROAD,11,10.0
169029,1,4,132,5,1,80.0,0,N,TOWNS,HIGHWAY,11,9.0
169030,4,7,181,5,1,80.0,0,N,RURAL_VICTORIA,ROAD,11,16.0
169031,1,1,113,1,1,60.0,0,I,LARGE_PROVINCIAL_CITIES,ROAD,11,10.0
169032,1,7,99,5,2,100.0,0,N,RURAL_VICTORIA,ROAD,11,20.0
169033,8,3,170,5,1,60.0,0,N,MELB_URBAN,ROAD,9,15.0
169034,1,0,130,2,1,70.0,0,I,MELB_URBAN,ROAD,11,9.0
169035,1,5,110,1,1,60.0,0,I,MELB_URBAN,DRIVE,11,13.0
169036,4,0,173,2,1,60.0,0,I,TOWNS,ROAD,11,8.0
169037,4,1,181,5,1,60.0,0,N,RURAL_VICTORIA,ROAD,11,11.0
169038,1,0,99,2,1,60.0,0,I,MELB_URBAN,ROAD,11,11.0
169039,1,1,121,2,1,60.0,0,N,MELB_URBAN,UNKNOWN,11,12.0
169040,1,1,135,5,1,70.0,0,N,MELB_URBAN,ROAD,11,11.0
169041,1,1,132,2,1,60.0,0,I,LARGE_PROVINCIAL_CITIES,HIGHWAY,11,12.0
169042,4,1,171,5,1,100.0,0,N,MELB_URBAN,FREEWAY,11,7.0
169043,1,1,130,2,1,70.0,0,I,MELB_URBAN,DRIVE,11,13.0
169044,1,1,110,1,1,80.0,0,I,SMALL_TOWNS,ROAD,11,12.0
169045,1,0,134,2,1,40.0,0,I,MELB_URBAN,DRIVE,11,13.0
169046,3,4,167,5,6,60.0,0,N,RURAL_VICTORIA,ROAD,9,21.0
169047,1,0,110,1,1,70.0,0,I,MELB_URBAN,ROAD,11,12.0