,accident_type,day_of_week,dca_code,road_geometry,light_condition,speed_zone,severity,node_type,deg_urban_name,road_type,month,hour
169048,4,6,181,5,1,100.0,0,N,RURAL_VICTORIA,ROAD,11,11.0
169049,4,1,171,5,1,50.0,0,N,LARGE_PROVINCIAL_CITIES,STREET,11,12.0
169050,6,0,174,5,1,80.0,0,N,RURAL_VICTORIA,ROAD,11,10.0
169051,1,0,135,5,1,80.0,0,N,MELB_URBAN,OTHER,11,14.0
169052,1,5,113,2,3,50.0,0,I,MELB_URBAN,OTHER,11,20.0
169053,2,1,100,5,1,60.0,0,N,MELB_URBAN,ROAD,11,15.0
169054,4,0,171,5,1,100.0,0,N,RURAL_VICTORIA,ROAD,11,14.0
169055,1,5,163,2,1,40.0,0,N,MELB_URBAN,STREET,11,13.0
169056,1,1,163,5,1,40.0,0,N,MELB_URBAN,STREET,11,14.0
169057,4,1,171,2,1,100.0,0,I,RURAL_VICTORIA,ROAD,11,16.0
169058,1,1,121,2,1,50.0,0,I,MELB_URBAN,DRIVE,11,13.0
169059,1,1,121,2,1,100.0,0,I,RURAL_VICTORIA,HIGHWAY,11,17.0
169060,1,1,134,5,1,100.0,0,N,MELB_URBAN,FREEWAY,11,16.0
169061,4,1,183,5,1,100.0,1,N,RURAL_VICTORIA,HIGHWAY,11,15.0
169062,1,1,132,5,1,80.0,0,I,TOWNS,UNKNOWN,11,16.0
169063,1,1,121,2,3,60.0,0,I,MELB_URBAN,STREET,11,20.0
169064,1,1,121,1,3,40.0,0,I,MELB_URBAN,PARADE,11,21.0
169065,4,1,171,5,1,100.0,0,N,RURAL_VICTORIA,ROAD,11,19.0
169066,1,6,147,5,1,60.0,0,N,MELB_URBAN,ROAD,11,15.0
169067,4,1,171,5,3,70.0,0,N,MELB_URBAN,ROAD,11,2.0
169068,1,2,140,2,1,80.0,0,I,MELB_URBAN,ROAD,11,6.0
169069,1,2,120,5,1,100.0,0,N,RURAL_VICTORIA,ROAD,11,6.0
169070,1,5,130,1,1,60.0,0,N,MELB_URBAN,ROAD,9,15.0
169071,1,1,110,1,1,60.0,0,I,MELB_URBAN,STREET,11,7.0
169072,3,4,167,5,1,100.0,0,N,RURAL_VICTORIA,ROAD,7,11.0
169073,4,2,171,1,1,80.0,0,I,RURAL_VICTORIA,ROAD,11,9.0
169074,1,2,110,1,1,60.0,0,I,LARGE_PROVINCIAL_CITIES,ROAD,11,9.0
169075,1,6,147,5,1,50.0,0,N,MELB_URBAN,STREET,11,10.0
169076,1,1,113,2,1,60.0,0,I,MELB_URBAN,STREET,10,13.0
169077,8,2,174,4,1,60.0,0,N,MELB_URBAN,RAMP,11,7.0
169078,1,3,130,5,1,60.0,0,N,MELB_URBAN,ROAD,11,17.0
169079,5,1,171,5,1,80.0,0,N,MELB_URBAN,FREEWAY,11,10.0
169080,1,2,173,1,1,50.0,0,I,MELB_URBAN,STREET,11,8.0
169081,1,2,133,2,1,60.0,0,N,MELB_URBAN,UNKNOWN,11,8.0
169082,1,6,130,1,1,50.0,0,I,LARGE_PROVINCIAL_CITIES,ROAD,10,12.0
169083,1,5,121,1,1,60.0,0,I,MELB_URBAN,ROAD,10,10.0
169084,4,2,171,5,1,100.0,0,N,RURAL_VICTORIA,ROAD,11,9.0
169085,1,4,99,5,1,60.0,0,N,LARGE_PROVINCIAL_CITIES,AVENUE,11,18.0
169086,6,7,184,5,1,60.0,0,N,RURAL_VICTORIA,ROAD,11,13.0
169087,1,2,135,2,1,60.0,0,I,MELB_URBAN,OTHER,11,8.0
169088,1,2,110,1,1,50.0,0,I,MELB_URBAN,STREET,11,13.0
169089,1,1,132,2,1,60.0,0,I,MELB_URBAN,STREET,11,11.0
169090,1,2,130,5,1,60.0,0,N,TOWNS,STREET,11,7.0
169091,1,6,99,5,3,50.0,0,N,MELB_URBAN,STREET,11,5.0
169092,5,2,99,1,2,60.0,0,N,MELB_URBAN,STREET,11,6.0
169093,6,5,170,5,1,100.0,0,N,RURAL_VICTORIA,OTHER,11,14.0
169094,4,1,99,2,1,60.0,0,N,RURAL_VICTORIA,ROAD,11,14.0
169095,1,2,121,1,1,60.0,0,N,MELB_URBAN,ROAD,11,15.0
169096,1,4,130,2,1,60.0,0,I,MELB_URBAN,HIGHWAY,11,18.0
169097,4,2,181,5,1,100.0,1,N,RURAL_VICTORIA,ROAD,11,14.0
169098,2,7,99,5,6,50.0,0,N,MELB_URBAN,DRIVE,11,22.0
169099,1,1,130,5,1,100.0,0,N,MELB_URBAN,FREEWAY,11,17.0
169100,4,1,99,5,1,60.0,0,N,RURAL_VICTORIA,ROAD,11,19.0
169101,2,2,102,2,3,50.0,0,I,MELB_URBAN,ROAD,11,21.0
169102,6,5,99,5,5,80.0,0,N,MELB_URBAN,ROAD,11,21.0
169103,1,1,134,5,1,80.0,0,N,MELB_URBAN,HIGHWAY,11,10.0
169104,6,2,170,5,3,100.0,0,N,MELB_URBAN,UNKNOWN,11,21.0
169105,1,1,130,1,1,40.0,0,N,MELBOURNE_CBD,STREET,11,13.0
169106,1,4,130,5,1,80.0,0,N,MELB_URBAN,ROAD,11,15.0
169107,7,7,99,5,1,60.0,0,N,RURAL_VICTORIA,OTHER,11,7.0
169108,1,3,133,2,3,60.0,0,N,MELB_URBAN,HIGHWAY,11,21.0
169109,5,6,99,5,1,60.0,0,N,RURAL_VICTORIA,ROAD,11,11.0
169110,4,3,173,5,1,40.0,0,N,MELB_URBAN,HIGHWAY,11,10.0
169111,2,2,102,5,1,60.0,0,N,MELB_URBAN,ROAD,11,10.0
169112,1,2,130,5,1,100.0,0,N,RURAL_VICTORIA,FREEWAY,11,10.0
169113,1,2,140,1,1,60.0,0,I,TOWNS,STREET,11,10.0
169114,3,1,167,5,2,110.0,0,N,RURAL_VICTORIA,FREEWAY,11,6.0
169115,1,3,130,5,1,100.0,0,N,MELB_URBAN,FREEWAY,11,7.0
169116,1,3,99,2,1,80.0,0,I,MELB_URBAN,HIGHWAY,11,12.0
169117,4,2,181,5,1,60.0,0,N,TOWNS,ROAD,11,11.0
169118,4,3,173,5,1,50.0,0,N,LARGE_PROVINCIAL_CITIES,AVENUE,11,11.0
169119,1,3,130,5,1,60.0,0,N,MELB_URBAN,STREET,11,14.0
169120,8,7,99,5,5,100.0,0,N,RURAL_VICTORIA,ROAD,10,22.0
169121,6,1,170,5,1,60.0,0,N,RURAL_VICTORIA,ROAD,9,13.0
169122,1,2,110,1,1,50.0,0,I,MELB_URBAN,OTHER,11,15.0
169123,4,3,171,5,1,60.0,0,N,RURAL_VICTORIA,ROAD,11,9.0
169124,1,3,130,1,1,60.0,0,I,MELB_URBAN,ROAD,11,13.0
169125,1,3,130,1,1,100.0,0,N,MELB_URBAN,ROAD,11,14.0
169126,1,4,130,1,1,50.0,0,I,SMALL_CITIES,PARADE,10,9.0
169127,1,3,99,2,1,80.0,0,I,MELB_URBAN,HIGHWAY,11,14.0
169128,4,2,171,5,1,50.0,0,N,MELB_URBAN,ROAD,11,14.0
169129,1,3,99,5,1,100.0,0,N,RURAL_VICTORIA,FREEWAY,11,16.0
169130,1,5,130,2,1,80.0,0,I,MELB_URBAN,DRIVE,11,17.0
169131,1,6,130,1,9,70.0,0,N,MELB_URBAN,FREEWAY,11,16.0
169132,1,3,130,2,1,80.0,0,I,MELB_URBAN,HIGHWAY,11,15.0
169133,1,3,99,2,1,80.0,0,I,RURAL_VICTORIA,ROAD,11,16.0
169134,1,2,135,5,1,80.0,0,N,MELB_URBAN,FREEWAY,11,16.0
169135,1,2,130,5,1,60.0,0,N,MELB_URBAN,ROAD,11,16.0
169136,3,2,167,5,5,100.0,0,N,RURAL_VICTORIA,HIGHWAY,11,21.0
169137,1,5,116,1,1,100.0,0,I,RURAL_VICTORIA,ROAD,11,13.0
169138,1,3,130,5,1,80.0,0,I,MELB_URBAN,FREEWAY,11,18.0
169139,1,5,113,2,1,60.0,0,I,MELB_URBAN,ROAD,11,10.0
169140,1,5,130,5,2,40.0,0,N,MELB_URBAN,ROAD,11,19.0
169141,4,2,173,5,1,60.0,0,N,RURAL_VICTORIA,ROAD,11,11.0
169142,1,5,116,1,1,50.0,0,I,MELB_URBAN,ROAD,11,14.0
169143,1,1,121,2,1,60.0,0,I,MELB_URBAN,STREET,10,12.0
169144,4,3,183,5,5,80.0,0,N,RURAL_VICTORIA,ROAD,11,20.0
169145,3,3,167,5,5,80.0,0,N,RURAL_VICTORIA,ROAD,11,1.0
169146,1,4,113,1,3,60.0,0,I,MELB_URBAN,ROAD,11,2.0
169147,1,6,130,1,3,60.0,0,I,MELB_URBAN,ROAD,11,22.0
169148,1,4,110,1,1,50.0,0,I,MELB_URBAN,AVENUE,11,14.0
169149,6,1,184,5,1,60.0,0,N,RURAL_VICTORIA,ROAD,8,9.0
169150,1,5,130,5,1,70.0,0,N,MELB_URBAN,ROAD,11,18.0
169151,1,4,113,2,1,60.0,0,I,RURAL_VICTORIA,ROAD,11,8.0
169152,1,5,110,1,1,60.0,0,I,SMALL_CITIES,ROAD,11,16.0
169153,1,4,99,2,1,60.0,0,I,MELB_URBAN,STREET,11,6.0
169154,1,4,110,1,1,80.0,0,I,MELB_URBAN,HIGHWAY,11,8.0
169155,8,7,99,5,1,80.0,0,N,RURAL_VICTORIA,ROAD,11,12.0
169156,1,4,121,1,1,60.0,0,I,MELB_URBAN,ROAD,11,7.0
169157,1,4,110,1,1,60.0,1,I,TOWNS,STREET,11,7.0
169158,8,7,99,5,1,80.0,0,N,RURAL_VICTORIA,OTHER,11,15.0
169159,1,4,113,2,1,50.0,0,I,MELB_URBAN,STREET,11,10.0
169160,1,4,116,2,1,100.0,0,I,RURAL_VICTORIA,OTHER,11,8.0
169161,4,4,173,5,1,80.0,0,N,RURAL_VICTORIA,OTHER,11,12.0
169162,1,3,163,5,1,50.0,0,N,MELB_URBAN,DRIVE,11,7.0
169163,4,4,99,2,1,50.0,0,I,LARGE_PROVINCIAL_CITIES,STREET,11,13.0
169164,2,4,99,5,1,60.0,0,N,SMALL_CITIES,STREET,11,11.0
169165,1,0,99,5,3,60.0,0,N,MELB_URBAN,AVENUE,10,1.0
169166,1,5,130,5,1,80.0,0,N,MELB_URBAN,OTHER,11,7.0
169167,1,4,111,1,1,60.0,0,I,MELB_URBAN,STREET,11,14.0
169168,1,4,121,2,1,80.0,0,I,MELB_URBAN,HIGHWAY,11,14.0
169169,1,4,121,5,1,40.0,0,N,MELB_URBAN,ROAD,11,16.0
169170,1,4,130,5,1,100.0,0,N,MELB_URBAN,ROAD,11,16.0
169171,1,4,140,2,1,80.0,0,N,MELB_URBAN,FREEWAY,11,16.0
169172,4,3,171,2,1,60.0,0,N,MELB_URBAN,ROAD,11,16.0
169173,6,4,174,5,1,50.0,0,N,MELB_URBAN,ROAD,11,14.0
169174,1,4,130,1,9,50.0,0,N,MELB_URBAN,ROAD,11,17.0
169175,1,4,99,2,1,70.0,0,I,MELB_URBAN,ROAD,11,16.0
169176,1,5,121,1,2,60.0,0,I,MELB_URBAN,ROAD,11,18.0
169177,1,4,110,1,1,100.0,0,I,RURAL_VICTORIA,ROAD,11,16.0
169178,4,4,171,5,1,100.0,0,N,RURAL_VICTORIA,ROAD,11,19.0
169179,1,4,121,4,1,80.0,0,N,MELB_URBAN,RAMP,11,17.0
169180,6,7,174,5,1,60.0,0,N,RURAL_VICTORIA,ROAD,11,11.0
169181,9,1,99,5,3,60.0,1,N,TOWNS,AVENUE,11,22.0
169182,1,4,120,5,1,100.0,1,N,RURAL_VICTORIA,HIGHWAY,11,16.0
169183,2,4,99,1,3,50.0,0,I,RURAL_VICTORIA,ROAD,11,22.0
169184,6,1,174,4,1,60.0,0,I,MELB_URBAN,ROAD,11,9.0
169185,2,4,100,5,3,60.0,0,N,MELB_URBAN,HIGHWAY,11,22.0
169186,1,4,130,5,1,60.0,0,N,MELB_URBAN,ROAD,11,7.0
169187,8,4,99,5,1,100.0,0,N,RURAL_VICTORIA,FREEWAY,11,13.0
169188,1,4,99,2,1,70.0,0,N,MELB_URBAN,ROAD,11,11.0
169189,2,4,100,2,9,50.0,0,N,MELB_URBAN,STREET,11,18.0
169190,1,2,110,1,9,60.0,0,I,MELB_URBAN,ROAD,11,13.0
169191,1,5,120,5,1,60.0,0,N,SMALL_CITIES,ROAD,11,11.0
169192,4,4,173,5,1,50.0,0,N,RURAL_VICTORIA,ROAD,11,9.0
169193,1,4,130,5,1,100.0,0,N,MELB_URBAN,UNKNOWN,11,6.0
169194,1,5,133,5,1,80.0,0,N,MELB_URBAN,UNKNOWN,11,11.0
169195,4,5,173,5,2,80.0,0,N,MELB_URBAN,FREEWAY,11,6.0
169196,6,1,184,5,1,60.0,0,N,RURAL_VICTORIA,ROAD,11,9.0
169197,1,5,99,2,1,50.0,0,I,MELB_URBAN,OTHER,11,13.0
169198,1,2,134,5,1,60.0,0,N,MELB_URBAN,ROAD,11,10.0
169199,1,4,110,1,9,60.0,0,I,MELB_URBAN,STREET,11,11.0
169200,1,4,140,5,1,100.0,0,N,RURAL_VICTORIA,AVENUE,11,7.0
169201,1,5,99,5,1,110.0,0,N,RURAL_VICTORIA,FREEWAY,11,10.0
169202,1,3,130,2,1,70.0,0,I,MELB_URBAN,ROAD,11,16.0
169203,1,5,130,2,1,60.0,0,I,TOWNS,OTHER,11,16.0
169204,4,5,171,5,1,50.0,0,N,MELB_URBAN,OTHER,11,14.0
169205,1,4,130,2,1,60.0,0,I,MELB_URBAN,ROAD,11,15.0
169206,1,5,110,1,1,80.0,0,I,RURAL_VICTORIA,ROAD,11,12.0
169207,1,5,99,2,1,60.0,0,I,MELB_URBAN,ROAD,11,17.0
169208,1,5,133,1,1,60.0,0,N,MELB_URBAN,ROAD,11,15.0
169209,1,5,110,1,1,50.0,0,I,MELB_URBAN,STREET,11,17.0
169210,1,4,130,5,1,100.0,0,N,MELB_URBAN,FREEWAY,11,8.0
169211,1,5,130,5,1,60.0,0,N,MELB_URBAN,ROAD,11,9.0
169212,1,2,111,2,1,60.0,0,I,MELB_URBAN,ROAD,11,10.0
169213,1,3,130,2,6,60.0,0,I,MELB_URBAN,STREET,11,22.0
169214,2,5,102,1,1,40.0,0,I,LARGE_PROVINCIAL_CITIES,STREET,11,15.0
169215,1,5,130,5,3,100.0,0,N,MELB_URBAN,FREEWAY,11,18.0
169216,1,5,99,2,1,60.0,0,I,MELB_URBAN,ROAD,11,16.0
169217,6,5,170,5,1,50.0,0,N,MELB_URBAN,ROAD,11,16.0
169218,1,5,120,5,1,100.0,1,N,RURAL_VICTORIA,ROAD,11,11.0
169219,1,3,130,5,2,70.0,0,N,MELB_URBAN,ROAD,11,19.0
169220,1,2,130,5,3,40.0,0,N,MELB_URBAN,STREET,11,22.0
169221,2,4,100,1,1,40.0,0,N,MELB_URBAN,ROAD,11,18.0
169222,3,4,167,5,5,100.0,0,N,RURAL_VICTORIA,OTHER,11,21.0
169223,8,5,99,5,1,60.0,0,N,RURAL_VICTORIA,ROAD,11,17.0
169224,1,6,120,5,5,80.0,0,N,SMALL_CITIES,HIGHWAY,11,0.0
169225,1,5,130,5,1,80.0,0,N,MELB_URBAN,UNKNOWN,11,13.0
169226,2,6,99,5,2,60.0,0,N,SMALL_CITIES,PARADE,11,5.0
169227,6,2,174,5,1,30.0,0,N,SMALL_CITIES,STREET,8,10.0
169228,1,6,140,2,1,80.0,0,I,MELB_URBAN,ROAD,11,8.0
169229,2,6,102,5,1,50.0,0,N,MELB_URBAN,STREET,11,9.0
169230,1,6,130,5,1,60.0,0,N,MELB_URBAN,STREET,11,8.0
169231,1,6,113,1,1,80.0,0,I,MELB_URBAN,HIGHWAY,11,10.0
169232,1,2,130,5,1,80.0,0,N,MELB_URBAN,FREEWAY,11,10.0
169233,1,5,130,5,1,100.0,0,N,RURAL_VICTORIA,FREEWAY,11,15.0
169234,1,4,130,5,1,60.0,0,N,LARGE_PROVINCIAL_CITIES,STREET,11,15.0
169235,4,6,183,1,1,60.0,0,I,LARGE_PROVINCIAL_CITIES,STREET,11,11.0
169236,4,3,173,5,1,100.0,0,N,RURAL_VICTORIA,ROAD,11,15.0
169237,2,3,102,5,6,40.0,0,N,MELB_URBAN,STREET,11,18.0
169238,1,2,113,2,2,80.0,0,I,MELB_URBAN,STREET,11,5.0
169239,1,2,130,5,9,80.0,0,N,MELB_URBAN,HIGHWAY,11,16.0
169240,1,4,130,5,1,60.0,0,N,RURAL_VICTORIA,ROAD,11,16.0
169241,4,6,173,5,1,50.0,0,N,MELB_URBAN,ROAD,11,13.0
169242,1,2,130,5,1,60.0,0,N,RURAL_VICTORIA,ROAD,9,12.0
169243,1,1,110,1,3,40.0,0,I,MELB_URBAN,STREET,11,22.0
169244,4,3,99,1,3,60.0,0,I,MELB_URBAN,STREET,11,21.0
169245,1,7,121,5,1,50.0,0,N,MELB_URBAN,ROAD,11,12.0
169246,2,5,99,5,1,70.0,0,N,MELB_URBAN,DRIVE,11,15.0
169247,4,6,181,5,1,100.0,0,N,RURAL_VICTORIA,ROAD,11,11.0
169248,1,6,99,2,1,50.0,0,I,LARGE_PROVINCIAL_CITIES,OTHER,11,16.0
169249,1,6,147,5,6,60.0,0,N,MELB_URBAN,DRIVE,11,20.0
169250,1,4,130,5,9,60.0,0,N,MELB_URBAN,ROAD,11,15.0
169251,8,6,99,5,1,80.0,0,N,RURAL_VICTORIA,ROAD,11,15.0
169252,1,6,120,1,1,80.0,0,N,TOWNS,ROAD,11,13.0
169253,1,6,120,5,1,80.0,0,N,RURAL_VICTORIA,ROAD,11,16.0
169254,1,6,130,5,1,80.0,1,N,MELB_URBAN,RAMP,11,11.0
169255,1,6,121,2,1,80.0,0,I,LARGE_PROVINCIAL_CITIES,HIGHWAY,11,18.0
169256,1,5,130,5,1,100.0,0,N,RURAL_VICTORIA,FREEWAY,11,17.0
169257,1,6,130,5,1,60.0,0,N,MELB_URBAN,ROAD,11,17.0
169258,4,6,183,5,1,80.0,0,N,RURAL_VICTORIA,ROAD,11,16.0
169259,1,6,130,5,2,60.0,0,N,RURAL_VICTORIA,ROAD,11,18.0
169260,1,6,120,5,1,50.0,0,N,MELB_URBAN,AVENUE,11,19.0
169261,1,6,110,1,1,50.0,0,I,LARGE_PROVINCIAL_CITIES,STREET,11,9.0
169262,4,6,181,5,1,50.0,0,N,RURAL_VICTORIA,ROAD,11,18.0
169263,3,5,167,5,5,100.0,0,N,RURAL_VICTORIA,ROAD,11,20.0
169264,1,6,132,2,1,50.0,0,I,MELB_URBAN,ROAD,11,15.0
169265,1,6,113,2,1,70.0,0,I,MELB_URBAN,STREET,11,16.0
169266,1,6,113,2,1,60.0,0,I,MELB_URBAN,STREET,11,15.0
169267,1,5,120,2,1,50.0,0,N,MELB_URBAN,OTHER,11,18.0
169268,6,6,174,2,3,60.0,0,N,MELB_URBAN,ROAD,11,0.0
169269,1,6,120,5,3,70.0,0,N,LARGE_PROVINCIAL_CITIES,ROAD,11,22.0
169270,4,7,183,5,5,80.0,0,N,RURAL_VICTORIA,ROAD,11,0.0
169271,1,5,130,5,3,100.0,0,N,MELB_URBAN,UNKNOWN,11,22.0
169272,4,5,171,5,2,80.0,0,N,RURAL_VICTORIA,ROAD,10,6.0
169273,1,6,110,1,3,60.0,0,N,MELB_URBAN,RAMP,11,22.0
169274,2,6,99,1,2,40.0,0,I,MELB_URBAN,STREET,11,21.0
169275,2,3,99,5,1,40.0,0,N,LARGE_PROVINCIAL_CITIES,HIGHWAY,11,15.0
169276,1,4,130,5,1,100.0,0,N,RURAL_VICTORIA,FREEWAY,11,8.0
169277,1,7,130,2,1,80.0,0,I,MELB_URBAN,STREET,11,5.0
169278,1,5,120,5,1,80.0,0,N,RURAL_VICTORIA,HIGHWAY,11,17.0
169279,1,4,121,1,3,80.0,0,I,MELB_URBAN,HIGHWAY,11,21.0
169280,1,7,140,2,1,60.0,0,I,MELB_URBAN,ROAD,11,7.0
169281,4,4,171,5,1,40.0,0,N,MELB_URBAN,ROAD,11,18.0
169282,1,7,110,1,1,60.0,0,I,MELB_URBAN,STREET,11,9.0
169283,6,4,99,5,1,100.0,0,N,RURAL_VICTORIA,ROAD,11,7.0
169284,1,5,130,1,9,60.0,0,N,MELB_URBAN,STREET,11,13.0
169285,1,7,99,2,1,40.0,0,N,MELB_URBAN,STREET,11,10.0
169286,6,7,99,5,1,100.0,0,N,RURAL_VICTORIA,HIGHWAY,11,7.0
169287,8,7,184,5,1,50.0,0,N,MELB_URBAN,BOULEVARD,11,9.0
169288,1,6,147,5,1,50.0,0,N,MELB_URBAN,STREET,11,13.0
169289,1,6,111,1,1,100.0,1,I,RURAL_VICTORIA,ROAD,11,9.0
169290,1,7,111,2,1,70.0,0,I,MELB_URBAN,ROAD,11,12.0
169291,1,7,121,1,1,50.0,0,I,MELB_URBAN,ROAD,11,9.0
169292,1,6,113,2,1,60.0,0,I,LARGE_PROVINCIAL_CITIES,ROAD,11,14.0
169293,3,2,167,5,5,60.0,0,N,RURAL_VICTORIA,ROAD,11,21.0
169294,7,6,99,5,1,80.0,0,N,MELB_URBAN,UNKNOWN,10,10.0
169295,1,7,99,5,1,40.0,0,N,MELB_URBAN,DRIVE,11,8.0
169296,1,6,130,5,1,60.0,0,N,MELB_URBAN,DRIVE,11,13.0
169297,2,6,99,5,1,50.0,0,N,MELB_URBAN,STREET,11,10.0
169298,1,7,140,2,1,80.0,0,I,MELB_URBAN,ROAD,11,13.0
169299,1,3,133,5,1,60.0,0,N,MELB_URBAN,ROAD,11,8.0
169300,1,7,99,1,1,60.0,0,I,MELB_URBAN,AVENUE,11,14.0
169301,1,4,121,1,1,50.0,0,I,MELBOURNE_CBD,STREET,11,13.0
169302,1,7,110,1,1,80.0,0,I,RURAL_VICTORIA,ROAD,11,15.0
169303,1,4,130,5,1,60.0,0,N,MELB_URBAN,STREET,11,17.0
169304,1,6,130,5,2,80.0,0,N,RURAL_VICTORIA,ROAD,11,16.0
169305,1,4,113,1,1,40.0,0,I,MELB_URBAN,STREET,11,17.0
169306,1,7,113,2,1,50.0,0,I,MELB_URBAN,STREET,11,15.0
169307,4,7,181,5,1,100.0,0,N,RURAL_VICTORIA,ROAD,11,16.0
169308,1,2,160,5,3,70.0,0,N,MELB_URBAN,ROAD,11,22.0
169309,1,3,134,3,1,60.0,0,I,MELB_URBAN,ROAD,8,13.0
169310,1,7,99,5,1,40.0,0,N,MELB_URBAN,ROAD,11,10.0
169311,1,2,135,5,1,100.0,0,N,MELB_URBAN,FREEWAY,8,16.0
169312,1,7,110,1,1,100.0,0,I,RURAL_VICTORIA,ROAD,11,18.0
169313,2,7,102,1,3,70.0,0,I,MELB_URBAN,OTHER,11,20.0
169314,4,6,173,5,1,100.0,1,N,RURAL_VICTORIA,OTHER,11,14.0
169315,2,7,102,1,3,60.0,1,I,MELB_URBAN,STREET,11,21.0
169316,4,0,183,5,5,80.0,0,N,RURAL_VICTORIA,ROAD,11,1.0
169317,1,1,160,5,5,50.0,0,N,MELB_URBAN,ROAD,11,3.0
169318,2,1,102,1,3,70.0,0,I,MELB_URBAN,ROAD,11,4.0
169319,1,0,160,5,3,80.0,0,N,MELB_URBAN,ROAD,11,4.0
169320,1,1,130,1,2,80.0,0,I,LARGE_PROVINCIAL_CITIES,HIGHWAY,11,6.0
169321,2,0,100,2,1,40.0,0,I,MELB_URBAN,STREET,11,7.0
169322,1,1,130,5,1,60.0,0,N,RURAL_VICTORIA,ROAD,11,10.0
169323,1,0,116,1,1,70.0,0,I,MELB_URBAN,ROAD,11,8.0
169324,1,7,130,1,1,60.0,0,I,SMALL_CITIES,OTHER,11,11.0
169325,1,6,130,1,3,80.0,0,N,MELB_URBAN,HIGHWAY,9,21.0
169326,1,7,113,1,9,60.0,0,I,RURAL_VICTORIA,STREET,11,14.0
169327,4,0,171,5,1,80.0,0,N,RURAL_VICTORIA,DRIVE,11,8.0
169328,1,0,99,2,9,80.0,0,I,MELB_URBAN,STREET,11,11.0
169329,1,0,132,2,1,60.0,0,I,LARGE_PROVINCIAL_CITIES,STREET,9,13.0
169330,6,0,170,5,1,100.0,0,N,RURAL_VICTORIA,ROAD,11,12.0
169331,6,1,174,5,1,60.0,0,N,RURAL_VICTORIA,ROAD,11,9.0
169332,1,3,130,5,1,60.0,0,I,MELB_URBAN,STREET,11,10.0
169333,4,2,173,5,1,80.0,0,N,RURAL_VICTORIA,ROAD,11,15.0
169334,1,1,121,2,1,60.0,0,I,MELB_URBAN,ROAD,11,12.0
169335,1,1,110,1,1,60.0,0,I,SMALL_CITIES,STREET,11,11.0
169336,6,2,99,5,1,100.0,0,N,RURAL_VICTORIA,ROAD,10,9.0
169337,1,0,140,5,1,70.0,0,N,MELB_URBAN,ROAD,11,12.0
169338,1,0,99,1,1,60.0,0,I,MELB_URBAN,DRIVE,11,13.0
169339,1,6,130,5,1,60.0,0,N,MELB_URBAN,ROAD,11,8.0
169340,1,7,110,1,1,50.0,0,I,MELB_URBAN,ROAD,11,13.0
169341,1,0,120,5,1,100.0,0,N,RURAL_VICTORIA,ROAD,11,13.0
169342,4,6,181,5,3,100.0,0,N,RURAL_VICTORIA,AVENUE,11,22.0
169343,3,1,167,2,1,70.0,0,I,MELB_URBAN,ROAD,11,17.0
169344,1,1,113,2,1,60.0,0,I,MELB_URBAN,ROAD,11,18.0
169345,1,0,111,2,1,50.0,0,I,MELB_URBAN,BOULEVARD,11,12.0
169346,1,1,99,2,1,70.0,0,N,LARGE_PROVINCIAL_CITIES,ROAD,11,13.0
169347,1,1,99,5,3,60.0,0,N,SMALL_CITIES,AVENUE,11,21.0
169348,1,1,121,2,1,100.0,0,I,RURAL_VICTORIA,ROAD,11,17.0
169349,1,1,147,5,2,60.0,0,N,MELB_URBAN,HIGHWAY,11,19.0
169350,1,3,130,5,1,60.0,0,N,LARGE_PROVINCIAL_CITIES,STREET,9,15.0
169351,1,1,116,2,3,60.0,0,I,TOWNS,ROAD,11,20.0
169352,1,1,121,2,2,60.0,0,I,MELB_URBAN,ROAD,11,19.0
169353,1,1,121,1,3,60.0,0,I,MELB_URBAN,HIGHWAY,11,20.0
169354,1,1,121,5,3,60.0,0,N,MELB_URBAN,ROAD,11,21.0
169355,4,1,171,5,3,60.0,0,N,MELB_URBAN,STREET,11,23.0
169356,4,2,183,5,3,80.0,0,N,MELB_URBAN,HIGHWAY,11,1.0
169357,1,6,147,2,1,40.0,0,N,MELB_URBAN,PARADE,11,15.0
169358,2,5,102,5,9,60.0,0,N,MELB_URBAN,ROAD,10,22.0
169359,1,3,130,2,1,60.0,0,N,MELB_URBAN,ROAD,11,10.0
169360,6,5,99,5,1,100.0,0,N,RURAL_VICTORIA,ROAD,11,18.0
169361,1,1,130,5,1,100.0,0,N,MELB_URBAN,FREEWAY,11,7.0
169362,4,2,171,5,1,110.0,0,N,RURAL_VICTORIA,FREEWAY,11,7.0
169363,1,4,130,5,1,40.0,0,N,SMALL_CITIES,HIGHWAY,11,15.0
169364,5,2,99,5,1,110.0,0,N,SMALL_CITIES,FREEWAY,11,9.0
169365,1,6,130,5,1,80.0,0,N,MELB_URBAN,ROAD,11,7.0