,accident_type,day_of_week,dca_code,road_geometry,light_condition,speed_zone,severity,node_type,deg_urban_name,road_type,month,hour
169366,2,7,99,2,1,60.0,0,I,MELB_URBAN,ROAD,11,15.0
169367,1,2,130,5,1,80.0,0,N,MELB_URBAN,UNKNOWN,11,9.0
169368,1,4,130,5,1,100.0,0,N,MELB_URBAN,FREEWAY,11,16.0
169369,1,2,130,5,1,100.0,0,N,MELB_URBAN,FREEWAY,11,8.0
169370,1,6,110,1,1,60.0,0,I,MELB_URBAN,ROAD,11,13.0
169371,1,1,160,5,3,60.0,0,N,MELB_URBAN,ROAD,11,20.0
169372,1,2,120,5,1,80.0,0,N,RURAL_VICTORIA,ROAD,11,8.0
169373,1,1,147,2,1,60.0,0,I,MELB_URBAN,ROAD,11,12.0
169374,1,2,113,1,1,70.0,0,I,MELB_URBAN,ROAD,11,12.0
169375,5,2,171,5,1,60.0,0,N,MELB_URBAN,STREET,11,10.0
169376,4,2,173,2,1,50.0,0,N,RURAL_VICTORIA,AVENUE,11,11.0
169377,1,2,130,5,1,100.0,0,N,MELB_URBAN,FREEWAY,11,12.0
169378,1,1,120,5,1,100.0,0,N,RURAL_VICTORIA,ROAD,11,10.0
169379,1,4,99,4,1,70.0,0,I,MELB_URBAN,ROAD,11,9.0
169380,1,2,110,1,1,100.0,0,I,RURAL_VICTORIA,STREET,11,13.0
169381,1,2,116,2,1,60.0,0,I,MELB_URBAN,ROAD,11,12.0
169382,6,2,174,1,1,80.0,0,N,MELB_URBAN,ROAD,11,8.0
169383,1,4,130,5,1,80.0,0,N,MELB_URBAN,ROAD,10,15.0
169384,1,1,113,2,1,60.0,0,I,MELB_URBAN,ROAD,11,16.0
169385,1,3,110,1,1,60.0,0,I,MELB_URBAN,DRIVE,9,16.0
169386,1,5,130,5,1,60.0,0,N,MELB_URBAN,ROAD,11,16.0
169387,2,2,102,5,1,40.0,0,N,LARGE_PROVINCIAL_CITIES,OTHER,11,16.0
169388,1,2,110,1,1,60.0,0,I,LARGE_PROVINCIAL_CITIES,STREET,11,16.0
169389,1,4,99,5,1,60.0,0,N,MELB_URBAN,STREET,11,16.0
169390,1,0,130,5,3,80.0,0,N,MELB_URBAN,FREEWAY,11,1.0
169391,1,2,160,1,1,50.0,0,N,MELB_URBAN,AVENUE,11,16.0
169392,1,1,111,1,1,60.0,0,I,MELB_URBAN,STREET,11,16.0
169393,2,2,102,2,1,60.0,0,I,MELB_URBAN,OTHER,11,15.0
169394,1,2,163,5,2,60.0,0,N,MELB_URBAN,ROAD,11,17.0
169395,1,2,113,2,1,80.0,0,I,MELB_URBAN,ROAD,11,17.0
169396,9,2,99,5,1,100.0,0,N,MELB_URBAN,FREEWAY,11,17.0
169397,1,1,120,5,1,80.0,0,N,RURAL_VICTORIA,ROAD,11,15.0
169398,1,1,111,2,1,50.0,0,I,MELB_URBAN,ROAD,11,18.0
169399,1,2,132,5,1,60.0,0,N,MELB_URBAN,ROAD,11,19.0
169400,1,2,130,5,1,80.0,0,N,MELB_URBAN,ROAD,11,8.0
169401,6,2,184,5,5,60.0,0,N,RURAL_VICTORIA,ROAD,11,20.0
169402,1,1,113,2,1,60.0,0,I,MELB_URBAN,OTHER,11,18.0
169403,1,2,116,2,3,40.0,0,I,MELB_URBAN,OTHER,11,21.0
169404,1,5,99,5,2,60.0,0,N,MELB_URBAN,DRIVE,11,19.0
169405,1,4,130,5,1,60.0,0,N,MELB_URBAN,ROAD,11,15.0
169406,1,3,135,2,3,60.0,0,N,MELB_URBAN,ROAD,11,5.0
169407,5,3,99,5,2,100.0,0,N,RURAL_VICTORIA,ROAD,11,6.0
169408,1,0,134,5,1,80.0,0,N,MELB_URBAN,UNKNOWN,11,15.0
169409,2,3,102,5,1,60.0,0,N,MELB_URBAN,ROAD,11,8.0
169410,6,6,174,5,2,60.0,0,N,MELB_URBAN,ROAD,11,18.0
169411,6,3,174,5,1,60.0,0,N,MELB_URBAN,ROAD,11,8.0
169412,4,3,181,5,2,100.0,0,N,RURAL_VICTORIA,ROAD,11,9.0
169413,1,2,130,2,1,80.0,0,N,MELB_URBAN,ROAD,11,7.0
169414,1,5,140,5,9,50.0,0,N,LARGE_PROVINCIAL_CITIES,STREET,11,12.0
169415,1,3,113,2,1,60.0,0,I,MELB_URBAN,ROAD,11,11.0
169416,1,2,99,2,1,60.0,0,I,MELB_URBAN,STREET,11,8.0
169417,1,3,113,2,1,60.0,0,I,MELB_URBAN,STREET,11,11.0
169418,1,5,99,2,1,60.0,0,I,LARGE_PROVINCIAL_CITIES,STREET,11,15.0
169419,1,6,130,5,3,60.0,0,N,MELB_URBAN,PARADE,11,1.0
169420,1,5,110,1,2,60.0,0,I,RURAL_VICTORIA,ROAD,7,6.0
169421,4,3,183,5,1,100.0,0,N,RURAL_VICTORIA,HIGHWAY,11,12.0
169422,1,3,113,2,1,60.0,0,I,MELB_URBAN,ROAD,11,13.0
169423,1,3,163,5,1,40.0,0,N,MELB_URBAN,STREET,11,13.0
169424,1,4,130,5,9,60.0,0,N,RURAL_VICTORIA,RAMP,5,21.0
169425,1,3,99,2,1,60.0,0,I,MELB_URBAN,ROAD,11,13.0
169426,1,3,111,1,1,60.0,0,I,RURAL_VICTORIA,STREET,11,14.0
169427,4,4,173,2,9,50.0,0,I,MELB_URBAN,STREET,11,10.0
169428,2,2,99,5,1,40.0,0,N,MELB_URBAN,ROAD,11,15.0
169429,1,3,113,2,1,100.0,0,I,RURAL_VICTORIA,ROAD,11,15.0
169430,1,2,130,5,1,60.0,0,N,SMALL_CITIES,DRIVE,11,15.0
169431,1,2,147,2,1,60.0,0,N,MELB_URBAN,ROAD,10,17.0
169432,1,2,130,5,1,40.0,0,N,MELBOURNE_CBD,STREET,10,14.0
169433,1,3,160,2,1,60.0,0,N,MELB_URBAN,ROAD,11,18.0
169434,1,2,130,5,1,70.0,0,N,MELB_URBAN,ROAD,11,17.0
169435,1,2,121,2,1,60.0,0,I,MELB_URBAN,ROAD,11,18.0
169436,4,3,173,5,1,100.0,0,N,RURAL_VICTORIA,HIGHWAY,11,18.0
169437,1,2,110,1,2,50.0,0,I,MELB_URBAN,STREET,11,19.0
169438,1,5,133,5,3,100.0,0,N,MELB_URBAN,FREEWAY,11,0.0
169439,6,3,170,5,2,50.0,0,N,RURAL_VICTORIA,DRIVE,11,19.0
169440,1,3,130,5,1,100.0,0,N,MELB_URBAN,FREEWAY,11,16.0
169441,2,3,99,1,1,60.0,0,I,MELB_URBAN,DRIVE,11,15.0
169442,1,3,113,2,3,60.0,0,I,MELB_URBAN,ROAD,11,21.0
169443,1,3,130,2,1,80.0,0,I,MELB_URBAN,ROAD,11,15.0
169444,1,6,121,1,1,60.0,0,I,MELB_URBAN,STREET,10,10.0
169445,4,4,171,5,9,80.0,0,N,RURAL_VICTORIA,ROAD,11,0.0
169446,1,2,132,2,1,50.0,0,I,SMALL_CITIES,STREET,10,8.0
169447,1,5,99,3,2,50.0,0,I,MELB_URBAN,STREET,6,16.0
169448,1,5,110,1,2,60.0,0,I,MELB_URBAN,DRIVE,7,18.0
169449,1,1,134,5,1,80.0,0,N,MELB_URBAN,ROAD,11,16.0
169450,4,4,183,5,2,100.0,0,N,RURAL_VICTORIA,HIGHWAY,11,7.0
169451,1,7,113,2,1,80.0,0,I,MELB_URBAN,ROAD,11,16.0
169452,1,4,121,2,1,70.0,0,I,MELB_URBAN,ROAD,11,9.0
169453,1,4,130,5,1,60.0,0,N,MELB_URBAN,OTHER,11,8.0
169454,3,6,167,5,5,100.0,0,N,RURAL_VICTORIA,FREEWAY,11,4.0
169455,2,2,99,5,1,60.0,0,N,MELB_URBAN,STREET,11,17.0
169456,1,4,120,5,1,70.0,0,N,MELB_URBAN,ROAD,11,10.0
169457,1,6,121,1,1,50.0,0,I,LARGE_PROVINCIAL_CITIES,STREET,11,16.0
169458,4,4,181,5,1,100.0,0,N,RURAL_VICTORIA,ROAD,11,9.0
169459,1,3,121,1,1,60.0,0,N,MELB_URBAN,ROAD,11,11.0
169460,1,4,99,5,1,40.0,0,N,MELB_URBAN,ROAD,11,10.0
169461,4,1,173,2,1,60.0,0,I,SMALL_TOWNS,ROAD,11,11.0
169462,4,3,181,5,1,60.0,0,N,MELB_URBAN,ROAD,11,11.0
169463,1,5,134,5,1,60.0,0,N,MELB_URBAN,STREET,11,14.0
169464,1,4,121,4,2,80.0,0,I,MELB_URBAN,RAMP,11,6.0
169465,1,3,110,1,1,60.0,0,I,MELB_URBAN,OTHER,11,12.0
169466,1,4,116,1,1,80.0,0,N,MELB_URBAN,ROAD,11,12.0
169467,1,1,130,5,1,60.0,0,N,MELB_URBAN,ROAD,11,15.0
169468,2,4,100,1,5,80.0,0,N,MELB_URBAN,ROAD,11,4.0
169469,2,3,99,3,1,50.0,0,N,MELB_URBAN,UNKNOWN,11,9.0
169470,1,4,121,2,1,80.0,0,I,MELB_URBAN,ROAD,11,11.0
169471,5,4,99,5,1,60.0,0,N,RURAL_VICTORIA,ROAD,11,17.0
169472,1,3,130,5,1,60.0,0,N,MELB_URBAN,ROAD,11,12.0
169473,4,4,171,5,1,80.0,0,N,RURAL_VICTORIA,HIGHWAY,11,13.0
169474,1,5,99,2,1,60.0,0,I,MELB_URBAN,ROAD,11,7.0
169475,2,5,100,1,1,60.0,0,I,MELB_URBAN,ROAD,11,9.0
169476,1,4,113,2,1,60.0,0,I,MELB_URBAN,ROAD,11,13.0
169477,1,3,130,5,1,60.0,0,N,MELB_URBAN,BOULEVARD,11,13.0
169478,2,4,102,5,1,60.0,0,N,MELB_URBAN,ROAD,11,15.0
169479,1,1,130,5,1,60.0,0,N,MELB_URBAN,ROAD,11,14.0
169480,1,4,134,2,1,60.0,0,N,SMALL_CITIES,ROAD,11,15.0
169481,1,5,130,5,1,80.0,0,N,MELB_URBAN,HIGHWAY,11,13.0
169482,8,6,99,5,1,60.0,0,N,TOWNS,STREET,10,10.0
169483,1,4,113,2,1,60.0,0,I,RURAL_VICTORIA,ROAD,11,15.0
169484,1,4,130,5,1,80.0,0,N,MELB_URBAN,ROAD,11,15.0
169485,1,2,99,4,1,60.0,0,I,MELB_URBAN,DRIVE,11,16.0
169486,3,1,167,5,1,100.0,0,N,RURAL_VICTORIA,ROAD,4,13.0
169487,4,4,181,5,1,50.0,0,N,MELB_URBAN,ROAD,11,17.0
169488,1,3,147,5,1,50.0,0,N,SMALL_CITIES,ROAD,11,8.0
169489,4,3,181,5,1,110.0,0,N,RURAL_VICTORIA,FREEWAY,11,16.0
169490,1,4,116,2,1,60.0,0,I,MELB_URBAN,STREET,11,18.0
169491,1,4,120,5,1,100.0,1,N,RURAL_VICTORIA,HIGHWAY,11,14.0
169492,2,4,99,2,3,60.0,0,N,MELB_URBAN,ROAD,11,21.0
169493,6,1,174,5,1,100.0,0,N,RURAL_VICTORIA,OTHER,11,15.0
169494,1,4,130,1,1,60.0,0,N,MELB_URBAN,ROAD,11,16.0
169495,1,3,130,2,3,60.0,0,N,MELB_URBAN,ROAD,11,20.0
169496,2,3,100,5,3,60.0,0,N,MELB_URBAN,STREET,11,22.0
169497,1,3,111,1,1,60.0,0,I,LARGE_PROVINCIAL_CITIES,STREET,11,16.0
169498,4,4,173,5,3,40.0,0,N,SMALL_CITIES,OTHER,11,21.0
169499,1,3,110,1,3,50.0,0,I,MELB_URBAN,ROAD,11,22.0
169500,1,3,110,1,2,60.0,0,I,LARGE_PROVINCIAL_CITIES,DRIVE,7,7.0
169501,4,5,171,5,3,100.0,0,N,MELB_URBAN,UNKNOWN,11,3.0
169502,1,4,130,5,1,60.0,0,N,MELB_URBAN,ROAD,11,18.0
169503,1,4,173,5,1,60.0,0,N,MELB_URBAN,UNKNOWN,11,12.0
169504,2,1,99,5,1,60.0,0,N,MELB_URBAN,ROAD,10,12.0
169505,1,7,121,1,1,60.0,0,I,MELB_URBAN,ROAD,11,12.0
169506,1,5,110,1,1,60.0,0,I,LARGE_PROVINCIAL_CITIES,STREET,11,9.0
169507,5,3,99,5,1,80.0,0,N,RURAL_VICTORIA,ROAD,11,18.0
169508,4,5,171,5,1,100.0,0,N,RURAL_VICTORIA,ROAD,11,9.0
169509,1,4,110,1,1,50.0,0,I,MELB_URBAN,STREET,11,8.0
169510,1,5,135,5,1,100.0,0,N,MELB_URBAN,FREEWAY,11,10.0
169511,4,5,173,1,1,70.0,0,I,LARGE_PROVINCIAL_CITIES,HIGHWAY,11,10.0
169512,1,4,130,5,1,80.0,0,N,MELB_URBAN,UNKNOWN,11,8.0
169513,1,5,110,1,1,50.0,0,I,MELB_URBAN,STREET,11,9.0
169514,1,6,121,4,1,60.0,0,I,RURAL_VICTORIA,ROAD,11,8.0
169515,1,2,135,5,1,40.0,0,N,RURAL_VICTORIA,ROAD,11,15.0
169516,1,4,130,5,2,60.0,0,N,MELB_URBAN,STREET,11,18.0
169517,1,5,99,5,1,50.0,0,N,MELB_URBAN,AVENUE,11,11.0
169518,1,5,121,2,1,60.0,0,I,MELB_URBAN,ROAD,11,10.0
169519,1,6,147,5,1,60.0,0,N,MELB_URBAN,HIGHWAY,11,15.0
169520,2,1,100,5,1,60.0,0,N,MELB_URBAN,ROAD,11,17.0
169521,1,1,130,5,1,70.0,0,N,MELB_URBAN,ROAD,11,6.0
169522,6,1,99,3,1,100.0,0,N,RURAL_VICTORIA,STREET,11,16.0
169523,4,3,181,5,1,80.0,0,N,RURAL_VICTORIA,UNKNOWN,11,18.0
169524,1,5,99,5,1,50.0,0,N,MELB_URBAN,HIGHWAY,11,15.0
169525,1,0,130,2,1,60.0,0,I,MELB_URBAN,ROAD,11,9.0
169526,1,1,130,5,1,60.0,0,N,MELB_URBAN,ROAD,10,17.0
169527,1,5,121,5,1,80.0,0,N,MELB_URBAN,HIGHWAY,11,15.0
169528,1,5,111,2,1,60.0,0,N,MELB_URBAN,PARADE,11,17.0
169529,1,4,110,1,1,60.0,0,I,MELB_URBAN,STREET,11,16.0
169530,1,5,130,5,1,70.0,0,N,MELB_URBAN,STREET,11,16.0
169531,1,4,130,5,1,60.0,0,N,MELB_URBAN,ROAD,11,15.0
169532,1,5,133,5,1,100.0,0,N,MELB_URBAN,ROAD,11,14.0
169533,1,2,130,1,1,60.0,0,I,MELB_URBAN,ROAD,11,14.0
169534,1,5,110,1,1,60.0,0,I,LARGE_PROVINCIAL_CITIES,STREET,11,18.0
169535,1,4,99,5,2,50.0,0,N,MELB_URBAN,STREET,11,19.0
169536,1,3,99,5,1,50.0,0,N,MELB_URBAN,STREET,11,9.0
169537,1,5,160,5,3,50.0,0,N,MELB_URBAN,AVENUE,11,21.0
169538,1,4,130,1,3,80.0,0,I,MELB_URBAN,HIGHWAY,11,22.0
169539,1,5,121,1,3,60.0,0,I,MELB_URBAN,ROAD,11,21.0
169540,1,3,130,1,3,80.0,0,I,MELB_URBAN,ROAD,11,1.0
169541,1,5,110,1,3,70.0,0,N,RURAL_VICTORIA,ROAD,11,23.0
169542,1,4,121,4,3,80.0,0,I,MELB_URBAN,RAMP,11,22.0
169543,1,2,130,5,1,80.0,0,N,MELB_URBAN,STREET,11,8.0
169544,1,2,147,5,9,60.0,0,N,MELB_URBAN,ROAD,11,12.0
169545,1,4,130,1,1,60.0,0,I,MELB_URBAN,HIGHWAY,11,16.0
169546,6,5,174,5,2,70.0,0,N,MELB_URBAN,ROAD,11,18.0
169547,1,5,140,5,1,60.0,0,N,LARGE_PROVINCIAL_CITIES,STREET,12,8.0
169548,1,5,121,1,1,50.0,0,I,MELB_URBAN,STREET,12,8.0
169549,1,3,132,5,1,40.0,0,N,RURAL_VICTORIA,HIGHWAY,11,15.0
169550,1,6,121,2,1,80.0,0,I,SMALL_CITIES,HIGHWAY,10,14.0
169551,1,6,130,5,3,50.0,0,N,MELB_URBAN,STREET,11,1.0
169552,1,5,140,5,1,50.0,0,N,MELB_URBAN,AVENUE,11,7.0
169553,1,0,110,1,3,50.0,0,I,TOWNS,STREET,11,19.0
169554,1,4,135,2,1,100.0,0,I,MELB_URBAN,RAMP,11,7.0
169555,1,5,113,1,1,50.0,0,I,SMALL_CITIES,DRIVE,12,9.0
169556,4,5,171,5,1,100.0,0,N,RURAL_VICTORIA,ROAD,12,11.0
169557,1,6,120,5,1,60.0,0,N,RURAL_VICTORIA,HIGHWAY,12,12.0
169558,1,7,99,5,1,80.0,0,N,MELB_URBAN,HIGHWAY,11,14.0
169559,8,6,184,5,1,80.0,0,N,RURAL_VICTORIA,ROAD,12,14.0
169560,2,6,102,2,1,50.0,0,I,MELB_URBAN,BOULEVARD,12,11.0
169561,1,2,99,1,1,60.0,0,I,MELB_URBAN,ROAD,11,15.0
169562,1,6,113,1,1,80.0,0,I,SMALL_TOWNS,HIGHWAY,12,15.0
169563,1,1,130,1,1,50.0,0,N,MELB_URBAN,STREET,8,12.0
169564,4,5,171,5,1,100.0,0,O,RURAL_VICTORIA,ROAD,12,14.0
169565,1,5,116,1,1,80.0,0,I,MELB_URBAN,HIGHWAY,12,15.0
169566,4,5,173,5,1,100.0,0,N,RURAL_VICTORIA,ROAD,12,15.0
169567,4,6,181,5,1,100.0,0,N,RURAL_VICTORIA,ROAD,12,18.0
169568,1,5,121,1,1,80.0,0,I,RURAL_VICTORIA,ROAD,11,15.0
169569,1,5,132,2,1,50.0,0,N,MELB_URBAN,PARADE,2,10.0
169570,1,5,130,2,1,80.0,0,N,MELB_URBAN,HIGHWAY,12,15.0
169571,1,5,130,1,1,60.0,0,I,MELB_URBAN,STREET,12,17.0
169572,1,6,116,1,3,40.0,0,I,MELB_URBAN,OTHER,12,18.0
169573,1,5,110,1,3,60.0,0,I,LARGE_PROVINCIAL_CITIES,ROAD,12,19.0
169574,1,6,110,1,1,60.0,0,I,MELB_URBAN,STREET,12,15.0
169575,1,6,130,5,3,40.0,0,N,MELB_URBAN,ROAD,11,23.0
169576,6,6,170,5,1,60.0,0,N,MELB_URBAN,ROAD,12,19.0
169577,8,6,174,5,3,60.0,0,N,MELB_URBAN,ROAD,12,21.0
169578,1,6,99,1,3,40.0,0,I,LARGE_PROVINCIAL_CITIES,STREET,12,22.0
169579,4,6,181,5,5,80.0,0,N,RURAL_VICTORIA,ROAD,12,21.0
169580,1,1,99,5,3,50.0,0,N,MELB_URBAN,ROAD,10,20.0
169581,3,5,167,5,5,100.0,0,N,RURAL_VICTORIA,HIGHWAY,12,20.0
169582,1,6,113,2,3,80.0,0,I,MELB_URBAN,ROAD,12,22.0
169583,1,6,130,1,3,60.0,0,I,MELB_URBAN,ROAD,12,23.0
169584,8,7,174,5,3,60.0,0,N,MELB_URBAN,ROAD,12,2.0
169585,4,7,171,5,5,60.0,0,N,RURAL_VICTORIA,OTHER,12,1.0
169586,2,6,99,5,3,40.0,0,N,MELBOURNE_CBD,STREET,12,3.0
169587,1,6,99,5,3,80.0,0,N,MELB_URBAN,HIGHWAY,12,22.0
169588,1,5,130,1,3,80.0,0,O,UNKNOWN,ROAD,12,22.0
169589,1,7,121,1,3,70.0,0,I,RURAL_VICTORIA,ROAD,12,0.0
169590,1,5,130,5,1,60.0,0,N,MELB_URBAN,ROAD,9,17.0
169591,3,6,167,5,1,50.0,0,N,RURAL_VICTORIA,ROAD,12,7.0
169592,1,7,111,1,2,50.0,0,I,LARGE_PROVINCIAL_CITIES,AVENUE,12,8.0
169593,1,3,130,5,1,80.0,0,N,MELB_URBAN,ROAD,11,8.0
169594,4,7,173,1,1,110.0,0,N,RURAL_VICTORIA,HIGHWAY,12,8.0
169595,5,7,99,1,1,60.0,0,I,MELB_URBAN,ROAD,11,7.0
169596,1,6,147,5,1,60.0,0,N,MELB_URBAN,ROAD,12,10.0
169597,4,6,171,2,1,50.0,0,N,MELB_URBAN,STREET,12,11.0
169598,4,7,183,5,1,110.0,0,N,RURAL_VICTORIA,FREEWAY,12,9.0
169599,2,6,102,5,1,50.0,0,N,MELB_URBAN,AVENUE,12,10.0
169600,6,7,174,2,1,50.0,0,I,MELB_URBAN,ROAD,12,12.0
169601,1,6,110,1,1,80.0,0,I,RURAL_VICTORIA,ROAD,12,15.0
169602,1,6,130,2,1,80.0,0,N,MELB_URBAN,ROAD,12,12.0
169603,1,7,99,5,1,100.0,0,N,MELB_URBAN,FREEWAY,12,11.0
169604,1,7,140,5,1,40.0,0,N,MELB_URBAN,STREET,12,13.0
169605,1,7,110,1,1,60.0,0,I,MELB_URBAN,ROAD,12,12.0
169606,1,7,121,2,1,50.0,0,O,MELB_URBAN,UNKNOWN,12,13.0
169607,1,6,99,5,1,60.0,0,N,MELB_URBAN,STREET,12,18.0
169608,5,6,171,2,1,40.0,0,N,MELB_URBAN,ROAD,12,12.0
169609,2,6,99,2,1,60.0,0,I,MELB_URBAN,STREET,12,16.0
169610,1,6,99,5,1,50.0,0,N,MELB_URBAN,STREET,11,18.0
169611,1,5,130,2,1,70.0,0,N,MELB_URBAN,ROAD,11,14.0
169612,1,7,110,1,1,60.0,0,I,SMALL_TOWNS,HIGHWAY,12,16.0
169613,2,7,99,5,1,50.0,0,N,TOWNS,STREET,12,17.0
169614,1,7,121,2,1,60.0,0,I,MELB_URBAN,ROAD,12,15.0
169615,1,7,110,1,1,100.0,0,I,RURAL_VICTORIA,ROAD,12,18.0
169616,4,6,183,5,1,80.0,0,N,MELB_URBAN,RAMP,12,15.0
169617,4,6,171,5,1,50.0,0,N,MELB_URBAN,ROAD,12,17.0
169618,8,7,99,1,2,40.0,0,I,MELB_URBAN,ROAD,12,19.0
169619,1,7,140,2,2,80.0,0,I,MELB_URBAN,ROAD,12,19.0
169620,1,7,134,2,1,60.0,0,I,MELB_URBAN,STREET,12,11.0
169621,1,4,130,5,1,60.0,0,N,MELB_URBAN,ROAD,1,14.0
169622,1,6,121,2,3,70.0,0,I,MELB_URBAN,ROAD,12,21.0
169623,4,7,171,5,2,80.0,0,N,MELB_URBAN,HIGHWAY,12,19.0
169624,1,6,110,1,3,60.0,0,I,MELB_URBAN,STREET,12,21.0
169625,4,7,181,5,1,60.0,1,N,MELB_URBAN,ROAD,12,18.0
169626,4,7,183,2,1,60.0,0,I,TOWNS,STREET,12,18.0
169627,2,7,99,5,3,60.0,0,N,MELB_URBAN,STREET,12,22.0
169628,1,7,121,5,1,60.0,0,N,SMALL_CITIES,ROAD,12,19.0
169629,1,5,110,1,1,100.0,0,I,RURAL_VICTORIA,ROAD,12,10.0
169630,4,7,99,2,5,60.0,0,I,TOWNS,ROAD,12,23.0
169631,1,1,120,5,3,60.0,0,N,MELB_URBAN,ROAD,12,0.0
169632,1,5,130,2,1,60.0,0,N,MELB_URBAN,ROAD,12,13.0
169633,1,5,130,5,3,80.0,0,N,RURAL_VICTORIA,HIGHWAY,11,20.0
169634,6,4,170,5,1,50.0,0,N,MELB_URBAN,DRIVE,11,7.0
169635,3,4,167,5,3,100.0,0,N,RURAL_VICTORIA,HIGHWAY,11,20.0
169636,1,3,99,1,1,60.0,0,I,MELB_URBAN,ROAD,11,7.0
169637,1,1,99,5,1,100.0,0,N,MELB_URBAN,ROAD,12,11.0
169638,1,1,130,5,1,80.0,0,N,MELB_URBAN,ROAD,12,11.0
169639,1,1,121,2,1,80.0,0,I,MELB_URBAN,HIGHWAY,12,12.0
169640,4,1,173,2,1,80.0,0,I,MELB_URBAN,ROAD,12,12.0
169641,2,1,100,5,1,50.0,0,N,RURAL_VICTORIA,AVENUE,12,12.0
169642,4,1,173,5,1,100.0,0,N,SMALL_CITIES,FREEWAY,12,7.0
169643,7,5,99,5,3,40.0,0,N,SMALL_TOWNS,ROAD,10,2.0
169644,1,1,99,2,1,70.0,0,I,TOWNS,ROAD,12,13.0
169645,6,1,174,5,1,60.0,0,N,MELB_URBAN,ROAD,12,15.0
169646,1,6,110,1,1,60.0,0,I,SMALL_CITIES,ROAD,12,14.0
169647,7,0,99,1,1,50.0,0,N,LARGE_PROVINCIAL_CITIES,STREET,12,14.0
169648,6,1,174,5,1,100.0,0,O,RURAL_VICTORIA,ROAD,12,15.0
169649,4,0,173,5,1,70.0,0,N,RURAL_VICTORIA,ROAD,12,13.0
169650,4,1,173,5,1,50.0,0,I,SMALL_CITIES,OTHER,12,18.0
169651,4,1,183,5,1,100.0,0,O,RURAL_VICTORIA,ROAD,12,16.0
169652,1,0,120,5,1,40.0,0,N,RURAL_VICTORIA,BOULEVARD,12,16.0
169653,1,1,120,5,1,40.0,0,N,MELB_URBAN,ROAD,12,17.0
169654,4,0,183,5,1,50.0,0,N,MELB_URBAN,ROAD,12,19.0
169655,1,0,160,5,3,60.0,0,N,MELB_URBAN,STREET,12,21.0
169656,2,1,100,1,3,40.0,0,I,MELB_URBAN,OTHER,12,23.0
169657,1,7,133,2,1,60.0,0,N,MELB_URBAN,ROAD,10,12.0
169658,1,6,130,5,1,60.0,0,N,RURAL_VICTORIA,ROAD,12,8.0
169659,2,1,99,5,3,50.0,0,N,SMALL_CITIES,ROAD,12,1.0
169660,4,2,171,5,2,100.0,0,O,RURAL_VICTORIA,ROAD,12,5.0
169661,1,1,160,5,1,60.0,0,N,MELB_URBAN,ROAD,12,6.0
169662,4,1,181,5,1,100.0,0,N,RURAL_VICTORIA,HIGHWAY,12,9.0
169663,1,2,121,1,1,70.0,0,I,MELB_URBAN,ROAD,12,6.0
169664,4,0,99,5,1,60.0,0,N,RURAL_VICTORIA,UNKNOWN,9,9.0
169665,1,2,110,1,1,60.0,0,N,SMALL_CITIES,DRIVE,12,9.0
169666,1,3,110,1,1,60.0,0,I,SMALL_CITIES,DRIVE,11,18.0
169667,7,5,99,5,9,60.0,0,N,MELB_URBAN,OTHER,12,18.0
169668,1,1,121,1,1,60.0,0,I,MELB_URBAN,ROAD,12,7.0
169669,1,2,140,1,1,40.0,0,I,MELBOURNE_CBD,STREET,12,11.0
169670,4,2,173,5,1,100.0,0,N,MELB_URBAN,UNKNOWN,12,10.0
169671,2,2,99,5,1,60.0,0,N,MELB_URBAN,ROAD,12,11.0
169672,1,1,116,2,1,60.0,0,N,MELB_URBAN,UNKNOWN,9,17.0
169673,1,1,99,1,1,60.0,0,I,MELB_URBAN,PARADE,12,13.0
169674,1,1,110,1,1,40.0,0,I,MELB_URBAN,STREET,12,10.0
169675,1,1,121,2,1,60.0,0,I,MELB_URBAN,ROAD,12,12.0
169676,6,4,174,1,3,60.0,0,I,MELB_URBAN,ROAD,11,21.0
169677,1,2,110,1,1,50.0,0,I,MELB_URBAN,AVENUE,12,13.0
169678,1,1,120,5,1,60.0,0,N,SMALL_CITIES,STREET,12,14.0
169679,4,2,181,5,1,100.0,0,O,RURAL_VICTORIA,HIGHWAY,12,9.0
169680,1,1,130,1,1,80.0,0,I,RURAL_VICTORIA,ROAD,12,10.0
169681,2,1,100,2,1,60.0,0,I,MELB_URBAN,ROAD,12,13.0
169682,1,1,130,5,1,60.0,0,N,MELB_URBAN,ROAD,12,16.0
169683,1,2,120,5,1,60.0,0,N,MELB_URBAN,ROAD,12,14.0
169684,1,1,121,2,1,80.0,0,N,MELB_URBAN,ROAD,12,15.0
169685,1,2,99,2,1,60.0,0,I,MELB_URBAN,OTHER,12,16.0
169686,1,2,121,2,1,50.0,0,N,MELB_URBAN,PARADE,12,17.0
169687,1,6,132,1,3,60.0,0,I,LARGE_PROVINCIAL_CITIES,STREET,12,19.0