,accident_type,day_of_week,dca_code,road_geometry,light_condition,speed_zone,severity,node_type,deg_urban_name,road_type,month,hour
169688,1,2,163,5,9,40.0,0,N,MELB_URBAN,STREET,12,9.0
169689,1,3,130,5,1,100.0,0,N,MELB_URBAN,FREEWAY,11,17.0
169690,1,2,99,5,3,60.0,0,N,MELB_URBAN,STREET,12,20.0
169691,6,7,174,5,1,60.0,0,N,RURAL_VICTORIA,ROAD,12,10.0
169692,4,2,171,5,1,70.0,0,N,MELB_URBAN,RAMP,12,18.0
169693,1,2,113,2,1,50.0,0,I,MELB_URBAN,ROAD,12,16.0
169694,4,2,173,5,4,80.0,1,N,MELB_URBAN,ROAD,12,23.0
169695,1,3,110,1,1,60.0,0,I,TOWNS,HIGHWAY,11,7.0
169696,6,3,184,5,1,50.0,0,N,SMALL_CITIES,DRIVE,12,7.0
169697,4,6,171,1,1,60.0,0,N,RURAL_VICTORIA,ROAD,12,7.0
169698,1,3,99,2,1,50.0,0,I,MELB_URBAN,ROAD,12,7.0
169699,1,3,99,5,1,60.0,0,N,MELB_URBAN,ROAD,12,7.0
169700,1,3,121,1,1,60.0,0,I,MELB_URBAN,ROAD,11,15.0
169701,1,3,140,5,1,50.0,0,N,MELB_URBAN,STREET,12,8.0
169702,1,3,147,5,1,50.0,0,N,TOWNS,STREET,12,9.0
169703,1,4,113,2,1,60.0,0,I,LARGE_PROVINCIAL_CITIES,ROAD,11,15.0
169704,9,5,174,5,1,60.0,0,N,MELB_URBAN,ROAD,11,11.0
169705,8,6,174,5,1,40.0,0,N,MELB_URBAN,STREET,12,10.0
169706,1,2,110,1,1,50.0,0,I,SMALL_CITIES,STREET,12,9.0
169707,1,3,99,1,1,50.0,0,I,MELB_URBAN,ROAD,12,8.0
169708,4,3,99,2,1,80.0,0,N,MELB_URBAN,STREET,12,10.0
169709,1,3,121,2,1,60.0,0,I,MELB_URBAN,ROAD,12,6.0
169710,1,7,121,1,3,80.0,0,N,MELB_URBAN,ROAD,12,23.0
169711,1,2,130,1,1,60.0,0,N,MELB_URBAN,STREET,12,7.0
169712,4,3,171,5,1,60.0,0,N,MELB_URBAN,DRIVE,12,11.0
169713,4,3,171,5,1,60.0,0,N,RURAL_VICTORIA,ROAD,12,12.0
169714,1,4,130,1,1,60.0,0,I,SMALL_CITIES,ROAD,11,17.0
169715,1,3,135,5,1,100.0,0,N,RURAL_VICTORIA,HIGHWAY,12,12.0
169716,1,1,121,2,1,60.0,0,I,MELB_URBAN,ROAD,12,10.0
169717,1,0,121,1,1,60.0,0,I,RURAL_VICTORIA,ROAD,11,12.0
169718,4,3,171,5,1,60.0,0,N,MELB_URBAN,ROAD,12,12.0
169719,1,2,121,1,3,60.0,0,I,MELB_URBAN,HIGHWAY,12,21.0
169720,6,6,99,5,1,100.0,0,I,RURAL_VICTORIA,HIGHWAY,10,15.0
169721,1,7,132,1,1,60.0,0,I,MELB_URBAN,PARADE,12,11.0
169722,1,3,113,3,1,80.0,0,N,RURAL_VICTORIA,HIGHWAY,12,12.0
169723,1,3,130,5,2,80.0,0,N,MELB_URBAN,ROAD,12,6.0
169724,1,3,160,5,1,50.0,0,N,RURAL_VICTORIA,AVENUE,12,13.0
169725,6,2,174,1,1,80.0,0,N,MELB_URBAN,ROAD,12,13.0
169726,1,2,130,5,1,60.0,0,N,MELB_URBAN,ROAD,12,15.0
169727,4,3,171,5,1,100.0,0,N,RURAL_VICTORIA,HIGHWAY,12,15.0
169728,1,3,121,2,1,60.0,0,O,MELB_URBAN,UNKNOWN,12,14.0
169729,7,7,99,5,1,60.0,0,N,RURAL_VICTORIA,ROAD,5,10.0
169730,1,3,130,5,1,100.0,0,N,MELB_URBAN,UNKNOWN,12,16.0
169731,2,2,100,5,1,40.0,0,N,MELB_URBAN,DRIVE,11,15.0
169732,1,3,99,5,1,40.0,0,N,MELB_URBAN,ROAD,12,14.0
169733,2,3,102,5,1,50.0,0,N,MELB_URBAN,PARADE,12,14.0
169734,7,2,99,1,1,80.0,0,I,RURAL_VICTORIA,ROAD,12,16.0
169735,1,3,111,2,1,60.0,0,N,MELB_URBAN,ROAD,11,10.0
169736,1,3,99,5,1,60.0,0,N,MELB_URBAN,ROAD,12,17.0
169737,4,2,173,2,2,60.0,0,I,SMALL_CITIES,STREET,12,18.0
169738,1,3,111,1,3,50.0,0,I,MELB_URBAN,STREET,12,18.0
169739,1,3,120,5,1,70.0,1,N,RURAL_VICTORIA,ROAD,12,17.0
169740,1,3,134,2,1,60.0,0,N,MELB_URBAN,ROAD,12,17.0
169741,1,3,121,1,1,80.0,0,N,MELB_URBAN,ROAD,12,18.0
169742,1,2,120,2,3,40.0,0,I,MELB_URBAN,ROAD,12,23.0
169743,4,4,181,2,1,50.0,0,I,MELB_URBAN,ROAD,12,8.0
169744,1,4,99,5,1,80.0,0,N,MELB_URBAN,ROAD,12,6.0
169745,1,3,110,1,1,60.0,0,I,LARGE_PROVINCIAL_CITIES,STREET,12,8.0
169746,1,4,130,5,1,80.0,0,I,MELB_URBAN,ROAD,12,8.0
169747,1,3,113,1,1,60.0,0,I,SMALL_CITIES,STREET,12,10.0
169748,1,4,130,5,1,100.0,0,N,MELB_URBAN,ROAD,12,10.0
169749,1,3,130,1,1,80.0,0,I,MELB_URBAN,ROAD,12,11.0
169750,1,4,121,2,1,70.0,0,I,MELB_URBAN,ROAD,12,11.0
169751,2,0,100,2,1,50.0,0,I,MELB_URBAN,ROAD,12,11.0
169752,1,3,121,2,1,50.0,0,I,MELB_URBAN,OTHER,12,11.0
169753,4,3,171,5,1,80.0,0,N,MELB_URBAN,FREEWAY,12,10.0
169754,6,1,184,5,9,80.0,0,N,RURAL_VICTORIA,ROAD,9,11.0
169755,1,3,130,5,1,80.0,0,N,MELB_URBAN,ROAD,12,10.0
169756,1,4,134,5,2,110.0,0,N,RURAL_VICTORIA,FREEWAY,12,6.0
169757,4,4,173,5,1,100.0,0,N,RURAL_VICTORIA,ROAD,12,10.0
169758,1,4,116,1,2,60.0,0,I,MELB_URBAN,ROAD,12,6.0
169759,1,4,130,2,1,70.0,0,I,MELB_URBAN,STREET,12,13.0
169760,1,4,120,5,1,60.0,0,O,SMALL_TOWNS,UNKNOWN,12,8.0
169761,6,2,174,5,1,60.0,0,O,RURAL_VICTORIA,OTHER,12,11.0
169762,1,4,110,1,1,100.0,0,I,RURAL_VICTORIA,ROAD,11,15.0
169763,1,4,99,5,1,40.0,0,N,MELB_URBAN,STREET,12,12.0
169764,1,4,110,1,1,100.0,0,I,RURAL_VICTORIA,ROAD,12,11.0
169765,4,4,171,5,1,40.0,0,N,RURAL_VICTORIA,ROAD,12,12.0
169766,1,4,99,5,1,40.0,0,N,MELB_URBAN,STREET,12,15.0
169767,1,2,130,5,1,80.0,0,N,MELB_URBAN,ROAD,12,15.0
169768,4,4,181,5,1,60.0,0,N,MELB_URBAN,ROAD,12,15.0
169769,1,3,130,5,1,80.0,0,N,MELB_URBAN,HIGHWAY,12,16.0
169770,1,6,99,5,1,50.0,0,N,MELB_URBAN,ROAD,12,14.0
169771,1,3,130,5,1,60.0,0,N,MELB_URBAN,ROAD,12,17.0
169772,1,4,130,5,1,80.0,0,N,MELB_URBAN,ROAD,12,16.0
169773,1,3,110,1,1,60.0,0,N,SMALL_CITIES,STREET,12,14.0
169774,1,2,130,5,1,60.0,0,N,MELB_URBAN,ROAD,12,16.0
169775,1,5,99,5,1,60.0,0,N,MELB_URBAN,ROAD,11,8.0
169776,2,4,99,5,1,50.0,0,N,SMALL_CITIES,ROAD,7,8.0
169777,1,3,130,5,1,100.0,0,N,MELB_URBAN,RAMP,12,15.0
169778,4,4,171,5,1,100.0,0,N,RURAL_VICTORIA,ROAD,12,19.0
169779,1,4,130,1,1,60.0,0,N,MELB_URBAN,ROAD,12,16.0
169780,1,4,130,2,1,80.0,0,I,MELB_URBAN,ROAD,12,18.0
169781,1,4,110,1,1,40.0,0,I,MELB_URBAN,STREET,12,17.0
169782,1,4,130,5,1,40.0,0,N,MELB_URBAN,ROAD,12,15.0
169783,4,6,181,5,1,80.0,0,N,RURAL_VICTORIA,ROAD,11,12.0
169784,1,1,121,2,1,50.0,0,I,SMALL_CITIES,ROAD,10,12.0
169785,1,2,110,1,5,50.0,0,I,MELB_URBAN,AVENUE,12,23.0
169786,4,3,173,5,5,80.0,0,N,RURAL_VICTORIA,ROAD,12,23.0
169787,1,4,113,4,3,60.0,0,N,RURAL_VICTORIA,RAMP,12,22.0
169788,4,5,173,5,3,60.0,0,N,MELB_URBAN,ROAD,12,1.0
169789,1,4,120,5,5,100.0,0,N,RURAL_VICTORIA,HIGHWAY,12,22.0
169790,1,6,130,5,1,60.0,0,N,MELB_URBAN,ROAD,9,10.0
169791,6,6,184,5,1,70.0,0,N,RURAL_VICTORIA,STREET,10,16.0
169792,4,4,171,5,1,50.0,0,N,MELB_URBAN,ROAD,11,17.0
169793,1,6,130,5,1,80.0,0,N,MELB_URBAN,RAMP,11,9.0
169794,1,4,160,5,1,50.0,0,N,MELB_URBAN,ROAD,12,7.0
169795,1,6,147,1,2,60.0,0,N,MELB_URBAN,ROAD,12,19.0
169796,1,5,99,5,1,50.0,0,N,MELB_URBAN,ROAD,12,8.0
169797,1,5,99,1,1,60.0,0,I,SMALL_TOWNS,STREET,12,7.0
169798,1,2,99,5,1,40.0,0,N,SMALL_CITIES,STREET,11,10.0
169799,1,4,99,5,1,40.0,0,N,TOWNS,STREET,11,13.0
169800,1,5,163,5,1,50.0,0,N,MELB_URBAN,BOULEVARD,12,10.0
169801,8,6,174,1,1,40.0,0,I,MELB_URBAN,STREET,11,17.0
169802,8,7,99,5,1,80.0,0,N,RURAL_VICTORIA,ROAD,11,14.0
169803,1,4,130,5,1,70.0,0,N,MELB_URBAN,ROAD,12,12.0
169804,1,5,130,2,1,50.0,1,I,MELB_URBAN,DRIVE,12,10.0
169805,6,5,184,2,1,50.0,0,I,MELB_URBAN,DRIVE,12,12.0
169806,1,5,121,2,1,30.0,0,I,MELB_URBAN,STREET,12,13.0
169807,1,3,130,5,3,60.0,0,N,MELB_URBAN,ROAD,12,22.0
169808,1,2,147,2,1,40.0,0,I,MELB_URBAN,DRIVE,11,17.0
169809,1,4,130,5,1,80.0,0,N,MELB_URBAN,ROAD,12,16.0
169810,1,4,99,5,1,50.0,0,O,SMALL_CITIES,UNKNOWN,12,11.0
169811,1,3,130,5,1,50.0,0,N,MELB_URBAN,ROAD,12,17.0
169812,1,6,113,2,1,60.0,0,N,MELB_URBAN,UNKNOWN,11,20.0
169813,1,5,163,5,1,60.0,0,N,MELB_URBAN,STREET,12,8.0
169814,1,6,113,2,1,60.0,0,I,MELB_URBAN,AVENUE,11,7.0
169815,2,2,102,5,2,60.0,0,N,MELB_URBAN,HIGHWAY,6,7.0
169816,1,4,113,2,1,60.0,0,I,SMALL_TOWNS,HIGHWAY,12,12.0
169817,1,6,99,5,6,60.0,0,N,MELB_URBAN,ROAD,12,20.0
169818,2,4,100,5,1,60.0,0,N,MELB_URBAN,ROAD,12,15.0
169819,1,5,110,1,1,50.0,0,I,MELB_URBAN,STREET,12,17.0
169820,1,4,130,5,1,50.0,0,N,MELB_URBAN,ROAD,12,18.0
169821,1,5,121,2,1,80.0,0,I,SMALL_CITIES,HIGHWAY,12,19.0
169822,5,0,99,5,6,60.0,0,N,MELB_URBAN,ROAD,12,3.0
169823,1,5,132,1,1,60.0,0,I,LARGE_PROVINCIAL_CITIES,ROAD,12,17.0
169824,1,7,163,1,1,60.0,0,I,MELBOURNE_CBD,STREET,11,10.0
169825,4,5,181,5,1,100.0,0,N,RURAL_VICTORIA,HIGHWAY,12,17.0
169826,1,5,121,2,1,50.0,0,I,MELB_URBAN,STREET,12,19.0
169827,8,5,174,5,1,40.0,0,N,MELBOURNE_CBD,STREET,12,19.0
169828,1,4,130,1,1,60.0,0,I,MELB_URBAN,HIGHWAY,12,17.0
169829,1,5,134,5,3,40.0,0,N,MELB_URBAN,FREEWAY,12,21.0
169830,1,5,130,1,3,60.0,0,I,MELB_URBAN,ROAD,12,21.0
169831,1,5,110,1,1,80.0,0,O,RURAL_VICTORIA,ROAD,12,15.0
169832,1,5,99,2,2,50.0,0,I,MELB_URBAN,STREET,12,19.0
169833,4,6,173,2,3,60.0,0,N,MELB_URBAN,STREET,12,2.0
169834,4,6,181,5,3,60.0,0,N,MELB_URBAN,ROAD,12,0.0
169835,1,6,110,1,3,40.0,0,I,MELB_URBAN,STREET,12,4.0
169836,2,6,102,2,3,40.0,0,I,MELB_URBAN,STREET,12,2.0
169837,2,3,99,5,1,50.0,0,N,MELB_URBAN,ROAD,10,12.0
169838,1,4,160,5,1,50.0,0,N,TOWNS,STREET,12,9.0
169839,1,2,111,1,1,70.0,0,I,LARGE_PROVINCIAL_CITIES,STREET,12,9.0
169840,6,6,99,1,2,50.0,0,N,LARGE_PROVINCIAL_CITIES,STREET,12,7.0
169841,4,6,171,5,1,60.0,0,N,MELB_URBAN,ROAD,12,6.0
169842,1,2,133,2,1,40.0,0,N,MELB_URBAN,STREET,12,9.0
169843,1,6,130,5,1,60.0,0,O,MELB_URBAN,ROAD,12,7.0
169844,4,5,171,5,1,100.0,0,N,RURAL_VICTORIA,ROAD,12,6.0
169845,1,6,120,5,1,60.0,0,N,MELB_URBAN,AVENUE,12,8.0
169846,1,0,130,5,1,80.0,0,N,SMALL_CITIES,ROAD,11,15.0
169847,4,6,171,5,1,100.0,0,N,RURAL_VICTORIA,HIGHWAY,12,10.0
169848,1,4,121,1,9,60.0,0,I,MELB_URBAN,HIGHWAY,9,19.0
169849,1,6,121,2,1,40.0,0,I,MELB_URBAN,ROAD,12,7.0
169850,1,3,99,5,1,50.0,0,N,MELB_URBAN,DRIVE,10,15.0
169851,8,6,99,5,1,60.0,0,N,RURAL_VICTORIA,ROAD,9,11.0
169852,1,6,99,2,1,60.0,0,I,MELB_URBAN,ROAD,12,11.0
169853,1,6,130,2,1,60.0,0,N,LARGE_PROVINCIAL_CITIES,STREET,12,12.0
169854,1,4,111,2,3,60.0,0,I,RURAL_VICTORIA,ROAD,11,22.0
169855,1,5,99,1,1,60.0,0,I,MELB_URBAN,STREET,12,14.0
169856,1,5,99,5,1,50.0,0,N,SMALL_CITIES,STREET,12,12.0
169857,1,1,130,1,1,60.0,0,I,LARGE_PROVINCIAL_CITIES,ROAD,11,9.0
169858,1,6,99,1,1,60.0,0,I,MELB_URBAN,ROAD,12,12.0
169859,1,4,132,2,1,60.0,0,I,LARGE_PROVINCIAL_CITIES,STREET,12,8.0
169860,6,5,99,5,1,70.0,0,N,MELB_URBAN,OTHER,12,10.0
169861,2,6,102,1,1,60.0,0,I,MELB_URBAN,ROAD,12,12.0
169862,1,6,110,1,1,70.0,0,N,MELB_URBAN,STREET,12,13.0
169863,1,6,110,1,1,30.0,0,I,MELB_URBAN,ROAD,12,12.0
169864,1,5,147,5,1,60.0,0,N,TOWNS,STREET,12,8.0
169865,1,4,160,5,1,40.0,0,N,MELB_URBAN,STREET,12,19.0
169866,1,6,110,1,1,60.0,0,I,SMALL_CITIES,STREET,12,14.0
169867,6,4,174,2,9,40.0,0,I,MELB_URBAN,STREET,12,14.0
169868,1,6,121,1,1,50.0,0,I,MELB_URBAN,ROAD,12,7.0
169869,4,6,181,5,1,100.0,0,N,RURAL_VICTORIA,ROAD,12,13.0
169870,1,6,116,2,1,40.0,0,I,RURAL_VICTORIA,DRIVE,12,9.0
169871,1,6,116,4,1,60.0,0,N,LARGE_PROVINCIAL_CITIES,HIGHWAY,12,7.0
169872,1,0,99,2,1,60.0,0,I,RURAL_VICTORIA,OTHER,12,15.0
169873,2,5,99,5,1,40.0,0,N,MELB_URBAN,STREET,12,13.0
169874,1,5,121,5,1,60.0,0,N,MELB_URBAN,RAMP,12,13.0
169875,1,7,99,5,3,60.0,0,N,MELB_URBAN,ROAD,11,23.0
169876,2,6,100,9,1,60.0,0,O,MELB_URBAN,OTHER,12,16.0
169877,1,5,121,1,1,70.0,0,I,MELB_URBAN,ROAD,12,17.0
169878,1,4,121,2,2,60.0,0,I,MELB_URBAN,STREET,12,17.0
169879,1,6,121,1,1,80.0,0,N,MELB_URBAN,ROAD,12,18.0
169880,1,6,110,1,1,40.0,0,I,MELB_URBAN,STREET,12,18.0
169881,1,6,130,5,1,60.0,0,N,MELB_URBAN,ROAD,11,16.0
169882,1,6,110,1,1,50.0,0,I,SMALL_TOWNS,STREET,12,13.0
169883,9,6,174,5,1,80.0,0,O,MELB_URBAN,ROAD,12,15.0
169884,3,6,167,5,1,100.0,0,N,RURAL_VICTORIA,HIGHWAY,12,17.0
169885,1,6,113,1,1,50.0,0,I,MELB_URBAN,OTHER,12,20.0
169886,1,5,132,2,3,60.0,0,I,MELB_URBAN,ROAD,12,21.0
169887,4,6,181,1,1,40.0,0,N,LARGE_PROVINCIAL_CITIES,STREET,12,15.0
169888,1,6,120,5,1,60.0,0,N,MELB_URBAN,STREET,12,19.0
169889,4,6,99,5,3,80.0,0,N,MELB_URBAN,DRIVE,12,23.0
169890,1,5,135,5,1,100.0,0,N,MELB_URBAN,ROAD,12,17.0
169891,1,5,110,1,1,60.0,0,I,MELB_URBAN,ROAD,12,19.0
169892,1,7,130,1,3,60.0,0,N,LARGE_PROVINCIAL_CITIES,ROAD,12,0.0
169893,4,6,183,5,5,60.0,0,O,RURAL_VICTORIA,ROAD,12,23.0
169894,1,7,99,1,3,80.0,0,I,MELB_URBAN,ROAD,12,2.0
169895,4,7,181,5,5,60.0,1,N,RURAL_VICTORIA,OTHER,12,0.0
169896,1,7,113,2,1,50.0,0,I,MELB_URBAN,ROAD,12,8.0
169897,4,7,173,5,1,110.0,0,N,RURAL_VICTORIA,FREEWAY,12,8.0
169898,1,6,121,1,1,80.0,0,I,MELB_URBAN,HIGHWAY,12,9.0
169899,1,5,130,4,1,70.0,0,I,LARGE_PROVINCIAL_CITIES,RAMP,12,12.0
169900,1,7,120,5,1,60.0,0,N,MELB_URBAN,STREET,12,10.0
169901,1,6,130,5,1,100.0,0,N,MELB_URBAN,FREEWAY,12,12.0
169902,1,6,121,2,1,80.0,0,I,MELB_URBAN,STREET,11,15.0
169903,1,1,135,1,1,60.0,0,N,MELB_URBAN,STREET,12,13.0
169904,4,6,171,5,1,50.0,0,N,MELB_URBAN,STREET,12,13.0
169905,1,5,130,5,1,60.0,0,N,MELB_URBAN,ROAD,11,16.0
169906,1,6,130,5,1,60.0,0,N,MELB_URBAN,ROAD,12,14.0
169907,6,7,99,2,1,60.0,0,O,MELB_URBAN,UNKNOWN,12,15.0
169908,4,7,181,5,1,100.0,0,N,RURAL_VICTORIA,HIGHWAY,12,13.0
169909,1,7,171,5,1,60.0,0,N,MELB_URBAN,HIGHWAY,12,13.0
169910,6,7,174,5,1,30.0,0,N,MELB_URBAN,ROAD,12,15.0
169911,1,7,121,1,1,80.0,0,I,MELB_URBAN,ROAD,12,15.0
169912,1,7,113,2,1,50.0,0,I,MELB_URBAN,STREET,12,13.0
169913,1,3,130,2,1,60.0,0,I,MELB_URBAN,STREET,11,17.0
169914,1,7,120,5,1,80.0,0,N,MELB_URBAN,ROAD,12,13.0
169915,1,3,130,5,1,100.0,0,N,MELB_URBAN,FREEWAY,12,9.0
169916,6,4,174,2,1,60.0,0,N,MELB_URBAN,DRIVE,12,13.0
169917,1,3,110,1,1,40.0,0,I,MELB_URBAN,STREET,11,17.0
169918,4,7,173,1,1,60.0,0,N,MELB_URBAN,STREET,12,16.0
169919,1,4,130,2,1,70.0,0,I,MELB_URBAN,HIGHWAY,12,10.0
169920,1,7,116,2,1,60.0,0,I,MELB_URBAN,ROAD,12,18.0
169921,1,6,130,2,2,40.0,0,I,MELB_URBAN,STREET,12,18.0
169922,1,4,99,5,1,60.0,0,N,RURAL_VICTORIA,ROAD,11,15.0
169923,1,6,120,5,1,60.0,0,N,MELB_URBAN,ROAD,12,18.0
169924,3,2,167,5,5,100.0,0,N,RURAL_VICTORIA,HIGHWAY,12,4.0
169925,2,7,102,2,2,40.0,0,I,LARGE_PROVINCIAL_CITIES,ROAD,12,20.0
169926,1,7,120,1,1,60.0,0,N,MELB_URBAN,ROAD,12,20.0
169927,4,6,173,2,3,50.0,0,I,LARGE_PROVINCIAL_CITIES,BOULEVARD,12,23.0
169928,1,6,130,5,9,60.0,0,N,MELB_URBAN,RAMP,12,18.0
169929,1,4,163,5,1,40.0,0,N,MELB_URBAN,STREET,11,13.0
169930,1,0,110,1,1,80.0,0,I,MELB_URBAN,ROAD,12,6.0
169931,1,7,147,5,2,60.0,0,N,MELB_URBAN,ROAD,12,19.0
169932,7,0,99,5,1,60.0,0,N,MELB_URBAN,STREET,12,7.0
169933,4,0,171,3,1,100.0,0,I,RURAL_VICTORIA,FREEWAY,12,7.0
169934,1,0,130,1,1,80.0,0,I,MELB_URBAN,HIGHWAY,12,6.0
169935,2,1,100,5,1,60.0,0,N,MELB_URBAN,STREET,12,8.0
169936,6,5,174,5,2,50.0,0,N,MELB_URBAN,STREET,11,18.0
169937,1,1,121,2,1,60.0,0,I,MELB_URBAN,ROAD,12,11.0
169938,1,1,120,5,1,70.0,0,N,MELB_URBAN,ROAD,12,6.0
169939,4,0,171,5,1,100.0,0,N,RURAL_VICTORIA,ROAD,12,12.0
169940,1,2,110,1,1,50.0,0,I,MELB_URBAN,STREET,12,7.0
169941,1,1,113,2,1,60.0,0,I,MELB_URBAN,ROAD,12,12.0
169942,1,1,113,1,1,40.0,0,I,RURAL_VICTORIA,ROAD,12,13.0
169943,1,1,130,5,1,70.0,0,N,LARGE_PROVINCIAL_CITIES,ROAD,12,13.0
169944,1,4,99,4,2,60.0,0,I,MELB_URBAN,RAMP,11,18.0
169945,2,7,100,5,1,60.0,0,N,LARGE_PROVINCIAL_CITIES,STREET,12,14.0
169946,1,1,110,4,1,50.0,0,I,MELB_URBAN,STREET,12,14.0
169947,2,1,102,5,1,60.0,0,N,MELB_URBAN,STREET,12,13.0
169948,6,1,99,5,1,100.0,0,N,RURAL_VICTORIA,ROAD,12,15.0
169949,4,1,183,5,2,50.0,0,N,TOWNS,ROAD,11,6.0
169950,4,1,171,2,1,100.0,0,I,RURAL_VICTORIA,ROAD,12,14.0
169951,1,5,130,5,1,80.0,0,N,MELB_URBAN,ROAD,11,15.0
169952,2,6,100,5,1,40.0,0,N,MELB_URBAN,STREET,12,16.0
169953,1,1,99,5,1,100.0,0,N,RURAL_VICTORIA,HIGHWAY,12,14.0
169954,1,1,99,1,1,80.0,0,N,MELB_URBAN,ROAD,12,16.0
169955,1,2,113,2,1,60.0,0,I,MELB_URBAN,DRIVE,12,15.0
169956,1,6,163,5,1,60.0,0,N,MELB_URBAN,AVENUE,12,13.0
169957,4,1,171,5,1,80.0,1,N,MELB_URBAN,ROAD,12,18.0
169958,4,1,171,5,1,100.0,0,N,RURAL_VICTORIA,ROAD,12,18.0
169959,4,1,173,5,5,60.0,0,N,RURAL_VICTORIA,ROAD,12,22.0
169960,4,1,181,5,3,50.0,0,N,MELB_URBAN,ROAD,12,22.0
169961,1,0,147,5,1,60.0,0,N,MELB_URBAN,ROAD,12,9.0
169962,1,5,130,5,2,70.0,0,O,MELB_URBAN,ROAD,12,8.0
169963,1,4,99,1,9,40.0,0,I,MELBOURNE_CBD,STREET,12,14.0
169964,1,2,121,5,1,60.0,0,N,MELB_URBAN,ROAD,11,17.0
169965,4,2,173,5,1,100.0,0,N,RURAL_VICTORIA,HIGHWAY,10,9.0
169966,1,4,110,1,1,60.0,0,I,MELB_URBAN,ROAD,11,18.0
169967,4,1,183,5,1,80.0,0,N,MELB_URBAN,RAMP,12,7.0
169968,6,1,99,5,1,100.0,0,I,RURAL_VICTORIA,ROAD,12,13.0
169969,1,1,120,5,5,100.0,0,N,RURAL_VICTORIA,HIGHWAY,12,21.0
169970,7,6,99,5,1,50.0,0,N,MELB_URBAN,DRIVE,11,14.0
169971,1,2,130,5,1,80.0,0,N,MELB_URBAN,RAMP,12,7.0
169972,1,2,113,2,1,80.0,0,I,MELB_URBAN,HIGHWAY,12,9.0
169973,4,7,183,5,1,80.0,0,N,RURAL_VICTORIA,ROAD,12,11.0
169974,1,5,130,1,1,80.0,0,I,MELB_URBAN,HIGHWAY,12,13.0
169975,1,1,121,1,1,60.0,0,I,MELB_URBAN,STREET,12,10.0
169976,1,5,130,2,1,60.0,0,I,LARGE_PROVINCIAL_CITIES,STREET,12,17.0
169977,1,1,121,2,1,60.0,0,I,MELB_URBAN,ROAD,12,12.0
169978,1,5,130,1,1,60.0,0,I,SMALL_CITIES,ROAD,12,16.0
169979,1,1,130,1,1,80.0,0,I,MELB_URBAN,ROAD,12,15.0
169980,4,2,171,1,3,60.0,0,I,MELB_URBAN,STREET,12,2.0
169981,1,2,113,2,1,60.0,0,I,MELB_URBAN,ROAD,12,14.0
169982,2,2,102,5,1,40.0,0,N,MELB_URBAN,STREET,12,13.0
169983,5,2,99,5,1,40.0,0,N,MELB_URBAN,STREET,12,16.0
169984,6,5,184,5,1,100.0,0,N,RURAL_VICTORIA,ROAD,12,15.0
169985,1,5,121,1,1,60.0,0,N,MELB_URBAN,STREET,12,15.0
169986,1,2,99,2,1,60.0,1,I,LARGE_PROVINCIAL_CITIES,STREET,12,12.0
169987,2,2,99,5,1,40.0,0,N,MELB_URBAN,ROAD,12,17.0
169988,1,2,110,1,1,60.0,0,I,MELB_URBAN,ROAD,12,9.0
169989,6,4,184,5,1,60.0,0,N,RURAL_VICTORIA,HIGHWAY,12,10.0
169990,2,2,99,5,1,60.0,0,N,MELB_URBAN,ROAD,12,18.0
169991,1,1,130,5,2,80.0,0,N,MELB_URBAN,RAMP,12,19.0
169992,6,2,99,5,1,100.0,0,N,RURAL_VICTORIA,ROAD,12,18.0
169993,2,1,100,5,3,50.0,0,N,MELB_URBAN,OTHER,12,21.0
169994,1,2,173,5,1,100.0,0,N,MELB_URBAN,FREEWAY,12,18.0
169995,1,2,130,1,1,80.0,0,N,MELB_URBAN,HIGHWAY,12,15.0
169996,1,2,120,2,3,50.0,0,N,SMALL_TOWNS,AVENUE,12,20.0
169997,1,1,121,5,1,80.0,0,N,MELB_URBAN,HIGHWAY,12,16.0
169998,1,2,134,5,1,60.0,0,N,MELB_URBAN,ROAD,12,17.0
169999,1,2,130,5,1,50.0,1,N,LARGE_PROVINCIAL_CITIES,STREET,12,18.0
170000,4,2,173,5,2,100.0,0,N,RURAL_VICTORIA,ROAD,12,20.0
170001,1,2,130,5,1,110.0,0,N,RURAL_VICTORIA,FREEWAY,12,17.0
170002,1,2,130,5,1,100.0,0,N,MELB_URBAN,UNKNOWN,12,18.0
170003,1,2,130,5,1,110.0,0,N,RURAL_VICTORIA,FREEWAY,12,17.0
170004,3,2,167,5,3,60.0,0,N,LARGE_PROVINCIAL_CITIES,PARADE,12,5.0
170005,1,2,111,1,1,80.0,0,I,RURAL_VICTORIA,HIGHWAY,12,9.0
170006,1,2,140,2,1,50.0,0,I,MELB_URBAN,ROAD,12,8.0