,accident_type,day_of_week,dca_code,road_geometry,light_condition,speed_zone,severity,node_type,deg_urban_name,road_type,month,hour
170007,1,4,116,1,6,60.0,0,I,MELB_URBAN,ROAD,10,21.0
170008,1,2,130,5,2,60.0,0,N,MELB_URBAN,OTHER,12,6.0
170009,6,2,99,5,1,80.0,0,N,RURAL_VICTORIA,ROAD,12,10.0
170010,1,2,121,1,1,40.0,0,I,MELB_URBAN,ROAD,12,6.0
170011,1,3,110,1,1,50.0,0,N,MELB_URBAN,STREET,12,7.0
170012,1,2,135,5,1,60.0,0,N,MELB_URBAN,ROAD,12,12.0
170013,1,3,110,1,1,60.0,0,I,MELB_URBAN,ROAD,12,7.0
170014,1,4,130,2,1,80.0,0,I,RURAL_VICTORIA,ROAD,10,17.0
170015,1,2,130,5,1,110.0,0,N,RURAL_VICTORIA,FREEWAY,12,16.0
170016,1,2,110,1,1,100.0,0,O,RURAL_VICTORIA,OTHER,12,8.0
170017,1,7,132,2,1,80.0,0,I,RURAL_VICTORIA,ROAD,12,13.0
170018,1,2,110,1,1,60.0,0,I,MELB_URBAN,STREET,12,10.0
170019,1,7,110,1,2,80.0,0,I,MELB_URBAN,ROAD,12,5.0
170020,8,2,174,5,1,40.0,0,N,MELB_URBAN,STREET,11,8.0
170021,1,3,99,1,1,70.0,0,I,MELB_URBAN,ROAD,12,11.0
170022,1,6,121,1,3,80.0,0,I,MELB_URBAN,HIGHWAY,12,20.0
170023,2,6,99,5,1,60.0,0,N,MELB_URBAN,STREET,12,10.0
170024,1,2,116,1,3,60.0,0,N,MELB_URBAN,ROAD,12,20.0
170025,1,1,121,1,3,70.0,0,I,LARGE_PROVINCIAL_CITIES,ROAD,12,21.0
170026,1,4,121,1,1,50.0,0,I,MELB_URBAN,HIGHWAY,11,19.0
170027,5,3,99,5,1,100.0,0,N,RURAL_VICTORIA,ROAD,11,11.0
170028,2,2,99,5,1,50.0,0,N,MELB_URBAN,STREET,12,15.0
170029,5,1,99,5,3,100.0,0,N,MELB_URBAN,UNKNOWN,12,22.0
170030,1,1,99,1,1,40.0,0,I,MELBOURNE_CBD,STREET,12,19.0
170031,2,3,100,5,1,40.0,0,N,MELB_URBAN,PARADE,12,15.0
170032,4,3,171,5,1,60.0,0,I,LARGE_PROVINCIAL_CITIES,ROAD,12,8.0
170033,1,3,132,1,1,80.0,0,I,RURAL_VICTORIA,ROAD,12,14.0
170034,1,3,99,1,1,80.0,0,I,MELB_URBAN,HIGHWAY,12,16.0
170035,1,2,110,1,1,60.0,0,I,SMALL_CITIES,PARADE,12,17.0
170036,1,1,160,5,1,50.0,0,N,LARGE_PROVINCIAL_CITIES,AVENUE,12,17.0
170037,1,3,140,2,1,80.0,0,I,MELB_URBAN,AVENUE,12,18.0
170038,1,3,121,2,1,80.0,0,I,MELB_URBAN,HIGHWAY,12,18.0
170039,1,2,130,1,1,50.0,0,I,TOWNS,STREET,12,11.0
170040,1,3,130,5,1,80.0,0,N,RURAL_VICTORIA,ROAD,12,16.0
170041,1,3,113,1,1,60.0,0,I,MELB_URBAN,ROAD,12,16.0
170042,6,3,99,5,1,100.0,0,N,RURAL_VICTORIA,ROAD,12,17.0
170043,1,3,99,5,1,40.0,0,N,MELB_URBAN,STREET,12,18.0
170044,1,3,121,1,1,60.0,0,I,MELB_URBAN,ROAD,12,18.0
170045,1,3,120,5,1,70.0,0,N,MELB_URBAN,STREET,12,18.0
170046,1,4,135,5,1,80.0,0,N,MELB_URBAN,ROAD,10,11.0
170047,1,3,140,5,1,100.0,0,N,RURAL_VICTORIA,ROAD,12,19.0
170048,1,2,160,5,3,50.0,0,N,RURAL_VICTORIA,DRIVE,12,22.0
170049,2,3,102,2,3,40.0,0,I,MELB_URBAN,STREET,12,23.0
170050,1,2,110,1,3,70.0,0,N,SMALL_CITIES,HIGHWAY,12,21.0
170051,1,3,160,5,3,60.0,0,N,MELB_URBAN,ROAD,12,23.0
170052,1,4,130,2,3,60.0,0,I,MELB_URBAN,ROAD,12,2.0
170053,1,3,171,5,3,40.0,0,N,MELB_URBAN,STREET,12,23.0
170054,2,3,99,5,1,50.0,0,N,MELB_URBAN,ROAD,12,14.0
170055,1,4,121,2,1,60.0,0,I,MELB_URBAN,ROAD,12,6.0
170056,1,6,130,1,1,60.0,0,N,MELB_URBAN,ROAD,7,11.0
170057,4,3,171,5,3,80.0,0,N,MELB_URBAN,ROAD,12,22.0
170058,1,4,110,1,1,40.0,0,I,MELB_URBAN,OTHER,12,6.0
170059,1,5,110,1,2,60.0,0,I,MELB_URBAN,ROAD,12,7.0
170060,1,4,116,2,1,60.0,0,I,MELB_URBAN,ROAD,12,8.0
170061,1,4,99,5,1,100.0,0,N,RURAL_VICTORIA,HIGHWAY,12,9.0
170062,1,3,140,1,9,80.0,0,I,RURAL_VICTORIA,ROAD,11,21.0
170063,1,2,130,2,1,40.0,0,I,MELB_URBAN,OTHER,12,12.0
170064,1,3,147,5,1,60.0,0,N,RURAL_VICTORIA,ROAD,12,10.0
170065,1,4,113,1,1,80.0,0,I,MELB_URBAN,ROAD,12,11.0
170066,8,2,174,5,1,50.0,0,N,MELB_URBAN,ROAD,11,7.0
170067,4,4,173,5,1,80.0,0,N,SMALL_TOWNS,ROAD,12,12.0
170068,1,4,130,5,1,80.0,0,N,MELB_URBAN,FREEWAY,11,18.0
170069,2,4,99,5,1,40.0,0,N,MELBOURNE_CBD,STREET,12,16.0
170070,4,4,173,5,1,100.0,0,N,RURAL_VICTORIA,HIGHWAY,12,15.0
170071,3,1,167,5,3,80.0,0,N,MELB_URBAN,ROAD,12,4.0
170072,1,4,130,2,1,40.0,0,I,RURAL_VICTORIA,HIGHWAY,12,17.0
170073,2,6,100,1,1,50.0,0,I,LARGE_PROVINCIAL_CITIES,STREET,10,16.0
170074,8,3,99,5,5,100.0,0,N,RURAL_VICTORIA,ROAD,9,21.0
170075,4,4,171,5,1,50.0,0,O,MELB_URBAN,UNKNOWN,12,16.0
170076,4,3,171,5,1,100.0,0,N,RURAL_VICTORIA,ROAD,12,18.0
170077,6,4,99,5,1,100.0,0,N,RURAL_VICTORIA,ROAD,12,15.0
170078,1,3,121,1,1,60.0,0,I,MELB_URBAN,ROAD,11,10.0
170079,1,4,110,1,1,50.0,0,I,MELB_URBAN,STREET,12,14.0
170080,1,3,130,5,1,60.0,0,N,MELB_URBAN,ROAD,12,17.0
170081,1,4,110,1,3,60.0,0,I,MELB_URBAN,ROAD,11,21.0
170082,1,4,116,1,1,80.0,0,I,MELB_URBAN,ROAD,12,19.0
170083,4,4,173,5,9,80.0,0,N,MELB_URBAN,ROAD,12,21.0
170084,1,4,99,5,5,50.0,0,N,MELB_URBAN,ROAD,12,20.0
170085,1,3,111,1,1,50.0,0,I,MELB_URBAN,ROAD,12,18.0
170086,4,4,183,5,1,100.0,0,N,RURAL_VICTORIA,OTHER,12,17.0
170087,1,7,130,1,1,80.0,0,I,MELB_URBAN,HIGHWAY,12,15.0
170088,1,4,110,1,1,60.0,0,I,LARGE_PROVINCIAL_CITIES,STREET,12,10.0
170089,1,5,113,1,2,60.0,0,I,MELB_URBAN,STREET,12,6.0
170090,1,5,110,1,1,60.0,0,I,LARGE_PROVINCIAL_CITIES,ROAD,12,6.0
170091,1,3,130,5,1,80.0,0,N,RURAL_VICTORIA,ROAD,12,18.0
170092,1,4,130,5,1,60.0,0,N,MELB_URBAN,ROAD,11,8.0
170093,1,5,130,5,1,100.0,0,N,MELB_URBAN,UNKNOWN,12,7.0
170094,4,4,183,5,1,100.0,0,N,RURAL_VICTORIA,HIGHWAY,12,15.0
170095,4,3,173,5,1,60.0,0,N,MELB_URBAN,BOULEVARD,12,13.0
170096,1,6,111,2,6,60.0,0,I,MELB_URBAN,PARADE,12,23.0
170097,1,2,99,1,1,100.0,0,I,RURAL_VICTORIA,HIGHWAY,12,6.0
170098,1,5,130,2,1,70.0,0,I,MELB_URBAN,ROAD,1,12.0
170099,1,3,130,1,1,60.0,0,I,MELB_URBAN,ROAD,11,11.0
170100,1,5,110,1,2,60.0,0,I,MELB_URBAN,STREET,12,19.0
170101,1,6,121,1,1,80.0,0,I,RURAL_VICTORIA,ROAD,12,9.0
170102,6,2,174,2,1,50.0,0,I,MELB_URBAN,ROAD,12,14.0
170103,1,4,163,5,1,60.0,0,N,MELB_URBAN,STREET,11,12.0
170104,1,5,116,2,2,50.0,0,I,MELB_URBAN,ROAD,12,6.0
170105,4,5,171,5,1,100.0,0,N,RURAL_VICTORIA,ROAD,12,11.0
170106,1,4,134,1,1,80.0,0,N,MELB_URBAN,OTHER,12,13.0
170107,4,5,181,5,1,100.0,0,N,RURAL_VICTORIA,ROAD,12,12.0
170108,1,5,99,5,1,80.0,1,N,MELB_URBAN,ROAD,12,7.0
170109,4,5,173,5,1,80.0,0,N,MELB_URBAN,ROAD,12,11.0
170110,1,2,130,5,1,80.0,0,N,MELB_URBAN,ROAD,12,12.0
170111,1,5,113,2,1,70.0,0,N,LARGE_PROVINCIAL_CITIES,ROAD,12,13.0
170112,1,4,130,1,1,80.0,0,I,RURAL_VICTORIA,ROAD,12,17.0
170113,1,3,99,5,1,40.0,0,N,LARGE_PROVINCIAL_CITIES,PARADE,11,15.0
170114,2,5,102,5,1,80.0,0,N,MELB_URBAN,HIGHWAY,12,15.0
170115,1,5,130,2,1,60.0,0,I,MELB_URBAN,ROAD,12,14.0
170116,6,5,99,5,1,100.0,0,N,RURAL_VICTORIA,ROAD,12,9.0
170117,3,5,167,5,1,100.0,0,N,RURAL_VICTORIA,ROAD,12,14.0
170118,1,6,113,1,1,60.0,0,I,LARGE_PROVINCIAL_CITIES,PARADE,6,15.0
170119,1,1,171,5,3,60.0,0,I,MELB_URBAN,HIGHWAY,12,20.0
170120,4,6,171,5,1,60.0,0,N,TOWNS,ROAD,7,14.0
170121,1,5,99,2,1,80.0,0,N,MELB_URBAN,HIGHWAY,12,15.0
170122,2,5,99,5,1,60.0,0,N,MELB_URBAN,DRIVE,12,14.0
170123,1,4,130,5,1,100.0,0,N,MELB_URBAN,ROAD,12,15.0
170124,1,2,116,2,2,40.0,0,I,MELB_URBAN,ROAD,11,6.0
170125,1,5,99,1,1,50.0,0,I,MELB_URBAN,STREET,12,14.0
170126,1,4,130,5,1,80.0,0,N,MELB_URBAN,HIGHWAY,12,15.0
170127,2,4,99,5,1,40.0,0,N,MELB_URBAN,STREET,12,18.0
170128,1,5,110,1,1,80.0,0,I,RURAL_VICTORIA,HIGHWAY,12,17.0
170129,4,7,171,5,1,100.0,0,N,RURAL_VICTORIA,HIGHWAY,11,11.0
170130,1,4,110,1,1,70.0,0,I,RURAL_VICTORIA,ROAD,12,10.0
170131,1,5,130,2,1,60.0,0,I,LARGE_PROVINCIAL_CITIES,HIGHWAY,12,17.0
170132,1,5,110,1,1,40.0,0,I,MELB_URBAN,STREET,12,18.0
170133,1,5,132,1,1,80.0,0,N,MELB_URBAN,ROAD,12,16.0
170134,1,5,160,5,2,50.0,0,N,MELB_URBAN,ROAD,12,18.0
170135,1,5,110,1,1,50.0,0,I,LARGE_PROVINCIAL_CITIES,STREET,12,17.0
170136,4,5,173,5,1,80.0,0,N,MELB_URBAN,HIGHWAY,12,15.0
170137,1,5,173,5,1,50.0,0,N,RURAL_VICTORIA,OTHER,12,15.0
170138,1,5,135,5,2,100.0,0,N,MELB_URBAN,FREEWAY,12,20.0
170139,1,5,140,2,2,100.0,0,I,RURAL_VICTORIA,ROAD,12,20.0
170140,1,4,130,2,2,80.0,0,I,MELB_URBAN,DRIVE,12,6.0
170141,1,5,110,1,3,50.0,0,I,TOWNS,STREET,12,20.0
170142,6,5,184,5,3,60.0,0,N,LARGE_PROVINCIAL_CITIES,STREET,12,21.0
170143,1,5,99,2,1,60.0,0,I,SMALL_CITIES,STREET,12,20.0
170144,2,4,99,5,3,50.0,0,N,MELB_URBAN,OTHER,12,3.0
170145,1,5,120,5,5,50.0,0,O,RURAL_VICTORIA,UNKNOWN,12,22.0
170146,1,6,110,4,1,60.0,0,N,MELB_URBAN,ROAD,11,15.0
170147,1,5,113,2,3,60.0,0,I,MELB_URBAN,ROAD,12,21.0
170148,4,6,171,5,1,100.0,0,O,RURAL_VICTORIA,UNKNOWN,12,7.0
170149,2,6,100,1,1,70.0,0,N,MELB_URBAN,ROAD,12,7.0
170150,1,6,121,1,1,60.0,0,I,MELB_URBAN,ROAD,12,7.0
170151,4,3,183,5,5,100.0,0,N,RURAL_VICTORIA,ROAD,12,22.0
170152,1,5,130,2,1,40.0,0,N,TOWNS,HIGHWAY,12,8.0
170153,1,2,99,5,1,110.0,0,N,RURAL_VICTORIA,FREEWAY,12,15.0
170154,1,6,130,5,1,100.0,0,N,RURAL_VICTORIA,ROAD,12,7.0
170155,6,6,184,1,1,60.0,0,N,RURAL_VICTORIA,ROAD,12,11.0
170156,1,6,160,5,1,50.0,0,N,MELB_URBAN,OTHER,12,10.0
170157,1,4,133,1,1,40.0,0,N,MELBOURNE_CBD,STREET,12,8.0
170158,1,5,130,5,2,100.0,0,N,MELB_URBAN,FREEWAY,12,6.0
170159,4,6,173,5,1,50.0,0,N,TOWNS,ROAD,12,10.0
170160,1,6,110,1,1,60.0,0,I,MELB_URBAN,ROAD,12,10.0
170161,1,6,121,4,1,60.0,0,I,RURAL_VICTORIA,ROAD,12,7.0
170162,1,6,121,1,1,70.0,0,I,MELB_URBAN,ROAD,12,13.0
170163,1,6,135,5,1,60.0,0,N,MELB_URBAN,ROAD,12,13.0
170164,6,6,99,5,1,50.0,0,N,LARGE_PROVINCIAL_CITIES,STREET,12,10.0
170165,1,6,140,5,1,100.0,0,I,RURAL_VICTORIA,ROAD,12,13.0
170166,1,6,110,1,1,50.0,0,I,LARGE_PROVINCIAL_CITIES,STREET,11,13.0
170167,1,3,130,5,1,60.0,0,N,LARGE_PROVINCIAL_CITIES,STREET,12,13.0
170168,1,5,147,5,1,50.0,0,N,MELB_URBAN,STREET,12,14.0
170169,1,5,130,5,1,60.0,0,N,TOWNS,STREET,12,15.0
170170,4,6,99,5,1,60.0,0,N,MELB_URBAN,ROAD,12,14.0
170171,1,6,99,2,1,60.0,0,I,MELB_URBAN,ROAD,12,16.0
170172,1,6,113,1,1,100.0,0,I,RURAL_VICTORIA,ROAD,12,16.0
170173,1,5,99,2,9,60.0,0,I,MELB_URBAN,ROAD,12,13.0
170174,1,6,140,5,1,60.0,0,N,MELB_URBAN,ROAD,12,16.0
170175,1,6,116,2,1,40.0,0,I,MELB_URBAN,STREET,12,15.0
170176,1,6,135,2,1,40.0,0,I,MELB_URBAN,ROAD,12,15.0
170177,2,6,102,5,1,50.0,0,N,MELB_URBAN,ROAD,12,17.0
170178,1,4,130,1,1,50.0,0,N,LARGE_PROVINCIAL_CITIES,STREET,12,17.0
170179,6,6,99,5,1,80.0,0,N,TOWNS,HIGHWAY,12,17.0
170180,2,6,102,1,1,80.0,1,I,MELB_URBAN,ROAD,12,16.0
170181,1,4,135,5,1,60.0,0,N,MELB_URBAN,ROAD,12,19.0
170182,4,5,173,5,1,100.0,0,N,RURAL_VICTORIA,ROAD,12,14.0
170183,1,6,120,2,1,100.0,0,I,RURAL_VICTORIA,HIGHWAY,12,19.0
170184,4,5,171,5,3,50.0,0,N,MELB_URBAN,UNKNOWN,12,20.0
170185,1,6,130,5,3,60.0,0,N,MELB_URBAN,ROAD,12,22.0
170186,8,5,174,5,1,50.0,0,N,TOWNS,STREET,12,20.0
170187,4,5,183,5,5,100.0,0,N,RURAL_VICTORIA,ROAD,12,22.0
170188,6,6,174,5,6,50.0,0,N,RURAL_VICTORIA,ROAD,12,20.0
170189,1,6,130,5,1,80.0,0,I,MELB_URBAN,FREEWAY,6,11.0
170190,4,7,99,2,3,50.0,0,I,SMALL_CITIES,STREET,12,1.0
170191,1,4,140,1,3,60.0,0,I,RURAL_VICTORIA,ROAD,11,22.0
170192,1,6,160,1,3,40.0,0,I,MELB_URBAN,DRIVE,12,21.0
170193,4,7,173,5,5,100.0,0,N,RURAL_VICTORIA,HIGHWAY,12,2.0
170194,1,7,116,2,3,50.0,0,I,MELB_URBAN,STREET,12,0.0
170195,4,7,173,5,3,60.0,0,N,MELB_URBAN,ROAD,12,0.0
170196,2,6,99,2,2,60.0,0,I,LARGE_PROVINCIAL_CITIES,OTHER,10,17.0
170197,1,7,147,5,1,50.0,0,N,SMALL_CITIES,STREET,12,9.0
170198,1,7,99,2,1,60.0,0,I,MELB_URBAN,OTHER,12,8.0
170199,1,4,130,5,1,60.0,0,N,RURAL_VICTORIA,ROAD,12,16.0
170200,8,5,174,5,1,50.0,0,N,MELB_URBAN,STREET,8,7.0
170201,1,6,121,1,2,60.0,0,I,MELB_URBAN,ROAD,12,6.0
170202,8,7,174,5,1,100.0,0,N,MELB_URBAN,RAMP,12,8.0
170203,6,6,174,5,2,100.0,0,N,RURAL_VICTORIA,ROAD,12,20.0
170204,1,7,110,1,1,80.0,0,I,RURAL_VICTORIA,ROAD,12,11.0
170205,4,6,171,5,1,60.0,0,N,RURAL_VICTORIA,ROAD,12,10.0
170206,4,6,171,5,1,100.0,0,N,RURAL_VICTORIA,ROAD,12,11.0
170207,1,7,113,2,1,60.0,0,I,MELB_URBAN,ROAD,12,13.0
170208,1,7,113,2,1,60.0,0,I,RURAL_VICTORIA,ROAD,12,13.0
170209,6,7,99,5,1,100.0,0,N,RURAL_VICTORIA,ROAD,12,11.0
170210,8,6,174,1,6,40.0,0,I,MELB_URBAN,ROAD,9,18.0
170211,1,7,99,2,1,60.0,0,N,LARGE_PROVINCIAL_CITIES,ROAD,12,12.0
170212,6,7,184,5,1,100.0,0,O,RURAL_VICTORIA,OTHER,12,15.0
170213,1,7,110,1,1,60.0,0,I,MELB_URBAN,ROAD,12,15.0
170214,1,7,110,1,1,50.0,0,I,TOWNS,ROAD,12,17.0
170215,1,3,130,5,1,60.0,0,N,MELB_URBAN,ROAD,12,14.0
170216,1,6,130,5,1,60.0,0,N,MELB_URBAN,ROAD,12,17.0
170217,1,7,120,5,1,50.0,0,N,MELB_URBAN,DRIVE,12,19.0
170218,6,7,99,3,1,100.0,0,N,RURAL_VICTORIA,ROAD,12,18.0
170219,1,5,130,1,1,60.0,0,I,LARGE_PROVINCIAL_CITIES,ROAD,12,17.0
170220,1,6,133,5,1,80.0,0,N,RURAL_VICTORIA,HIGHWAY,12,18.0
170221,1,7,121,2,1,40.0,0,I,MELB_URBAN,STREET,12,17.0
170222,4,7,181,5,2,100.0,0,N,RURAL_VICTORIA,ROAD,12,19.0
170223,1,6,111,1,1,60.0,0,I,MELB_URBAN,ROAD,12,19.0
170224,1,7,133,1,1,60.0,0,I,SMALL_CITIES,STREET,12,17.0
170225,2,1,99,5,3,40.0,0,N,MELB_URBAN,STREET,12,0.0
170226,4,7,171,5,3,80.0,0,I,MELB_URBAN,ROAD,12,22.0
170227,1,1,99,5,5,40.0,0,N,RURAL_VICTORIA,ROAD,12,3.0
170228,4,1,173,5,3,60.0,0,N,MELB_URBAN,BOULEVARD,12,3.0
170229,1,6,110,1,3,60.0,0,I,MELB_URBAN,STREET,12,23.0
170230,4,1,99,2,6,60.0,0,I,MELB_URBAN,STREET,12,2.0
170231,6,5,99,5,1,100.0,0,N,RURAL_VICTORIA,ROAD,12,16.0
170232,6,7,99,5,1,60.0,0,N,RURAL_VICTORIA,ROAD,12,13.0
170233,3,1,167,5,1,80.0,0,N,RURAL_VICTORIA,ROAD,12,7.0
170234,1,1,120,1,1,50.0,0,N,MELB_URBAN,STREET,12,7.0
170235,1,1,130,2,1,60.0,1,I,MELB_URBAN,HIGHWAY,12,6.0
170236,1,1,120,5,1,50.0,0,N,MELB_URBAN,ROAD,12,10.0
170237,1,5,130,1,1,80.0,0,I,MELB_URBAN,HIGHWAY,9,10.0
170238,1,1,140,5,1,40.0,0,N,LARGE_PROVINCIAL_CITIES,STREET,12,9.0
170239,2,1,100,2,1,50.0,1,N,MELB_URBAN,STREET,12,9.0
170240,1,0,147,5,1,60.0,0,N,MELB_URBAN,STREET,12,11.0
170241,4,5,171,4,1,60.0,0,I,MELB_URBAN,ROAD,12,6.0
170242,1,1,113,1,1,60.0,0,I,MELB_URBAN,ROAD,12,14.0
170243,1,6,130,5,1,100.0,0,N,MELB_URBAN,FREEWAY,12,16.0
170244,1,3,132,5,1,100.0,0,N,RURAL_VICTORIA,ROAD,12,11.0
170245,1,7,113,2,1,70.0,0,I,MELB_URBAN,ROAD,12,16.0
170246,1,6,130,5,1,100.0,0,N,MELB_URBAN,FREEWAY,12,16.0
170247,1,1,160,5,1,50.0,0,N,TOWNS,STREET,12,14.0
170248,1,0,163,5,1,50.0,0,N,MELB_URBAN,ROAD,12,11.0
170249,2,1,99,5,1,80.0,1,N,MELB_URBAN,HIGHWAY,12,12.0
170250,1,0,110,1,1,50.0,0,I,SMALL_CITIES,STREET,12,15.0
170251,1,1,113,1,1,80.0,0,I,MELB_URBAN,RAMP,12,11.0
170252,5,1,99,5,1,80.0,0,N,RURAL_VICTORIA,ROAD,12,10.0
170253,4,1,181,5,1,100.0,0,N,RURAL_VICTORIA,ROAD,12,16.0
170254,1,1,99,5,5,100.0,0,O,RURAL_VICTORIA,ROAD,12,0.0
170255,1,7,130,5,1,60.0,0,N,MELB_URBAN,ROAD,12,11.0
170256,1,7,110,1,1,60.0,0,I,MELB_URBAN,ROAD,12,14.0
170257,1,1,99,5,1,40.0,0,N,MELB_URBAN,STREET,12,19.0
170258,1,0,130,5,1,60.0,0,I,MELB_URBAN,ROAD,12,16.0
170259,1,1,99,2,4,60.0,0,I,MELB_URBAN,ROAD,12,19.0
170260,1,0,160,2,1,80.0,0,I,RURAL_VICTORIA,STREET,12,18.0
170261,1,0,120,5,1,80.0,0,N,RURAL_VICTORIA,ROAD,12,16.0
170262,1,1,171,5,1,100.0,0,N,MELB_URBAN,FREEWAY,12,17.0
170263,1,1,130,2,1,60.0,0,I,MELB_URBAN,ROAD,11,12.0
170264,1,1,113,2,3,60.0,0,I,MELB_URBAN,ROAD,12,21.0
170265,1,0,121,2,3,60.0,0,I,MELB_URBAN,ROAD,12,21.0
170266,4,1,99,2,1,50.0,0,I,RURAL_VICTORIA,DRIVE,12,19.0
170267,3,1,167,5,5,100.0,0,N,RURAL_VICTORIA,HIGHWAY,12,23.0
170268,8,0,99,5,3,50.0,0,N,MELB_URBAN,STREET,12,23.0
170269,1,0,160,5,5,50.0,0,N,MELB_URBAN,ROAD,12,23.0
170270,4,2,183,5,3,100.0,0,N,MELB_URBAN,FREEWAY,12,3.0
170271,6,7,170,5,1,40.0,0,N,RURAL_VICTORIA,ROAD,12,17.0
170272,1,5,130,5,1,110.0,0,N,RURAL_VICTORIA,FREEWAY,12,16.0
170273,1,2,99,5,1,40.0,0,N,MELB_URBAN,UNKNOWN,11,14.0
170274,5,1,99,5,1,60.0,0,N,TOWNS,OTHER,12,12.0
170275,1,5,113,2,1,60.0,0,I,SMALL_CITIES,STREET,12,17.0
170276,1,1,163,5,1,50.0,0,N,TOWNS,ROAD,12,11.0
170277,7,0,99,5,1,40.0,0,N,MELB_URBAN,STREET,11,17.0
170278,6,1,184,5,1,80.0,0,N,RURAL_VICTORIA,ROAD,12,14.0
170279,1,5,130,2,6,60.0,0,I,MELB_URBAN,DRIVE,12,22.0
170280,8,1,174,5,2,100.0,0,N,RURAL_VICTORIA,ROAD,11,19.0
170281,4,2,173,5,1,70.0,0,N,TOWNS,STREET,12,12.0
170282,1,3,130,5,1,50.0,0,N,MELB_URBAN,STREET,12,15.0
170283,1,3,130,5,1,40.0,0,N,MELB_URBAN,ROAD,11,8.0
170284,1,2,121,1,1,60.0,0,I,MELB_URBAN,STREET,12,12.0
170285,1,2,113,2,1,80.0,0,I,MELB_URBAN,HIGHWAY,12,13.0
170286,6,3,174,5,2,100.0,0,N,RURAL_VICTORIA,ROAD,11,20.0
170287,6,2,174,5,1,100.0,0,N,RURAL_VICTORIA,ROAD,12,14.0
170288,1,3,110,1,1,60.0,0,I,LARGE_PROVINCIAL_CITIES,STREET,12,12.0
170289,1,2,147,5,1,40.0,0,N,MELB_URBAN,STREET,12,10.0
170290,2,7,100,2,3,50.0,0,I,MELB_URBAN,STREET,12,19.0
170291,6,3,184,5,2,100.0,0,N,RURAL_VICTORIA,ROAD,10,20.0
170292,1,6,111,1,1,60.0,0,I,MELB_URBAN,ROAD,12,19.0
170293,1,2,116,1,1,80.0,0,I,MELB_URBAN,ROAD,12,14.0
170294,1,1,120,5,1,100.0,0,N,RURAL_VICTORIA,HIGHWAY,12,12.0
170295,1,2,113,2,1,60.0,0,I,MELB_URBAN,ROAD,12,17.0
170296,1,2,113,2,1,70.0,0,I,MELB_URBAN,HIGHWAY,12,16.0
170297,1,5,134,5,1,80.0,0,N,MELB_URBAN,FREEWAY,11,14.0
170298,1,2,130,5,1,40.0,0,N,RURAL_VICTORIA,HIGHWAY,12,15.0
170299,2,2,100,2,1,60.0,0,N,MELB_URBAN,ROAD,12,17.0
170300,1,5,116,1,1,60.0,0,I,MELB_URBAN,ROAD,12,8.0
170301,2,2,100,5,1,50.0,0,O,RURAL_VICTORIA,AVENUE,12,17.0
170302,1,2,134,5,1,100.0,0,N,SMALL_TOWNS,FREEWAY,12,17.0
170303,8,1,170,5,1,80.0,0,N,MELB_URBAN,HIGHWAY,12,18.0
170304,1,7,130,5,1,60.0,0,N,MELB_URBAN,STREET,12,15.0
170305,1,2,130,1,1,60.0,0,N,MELB_URBAN,ROAD,12,15.0
170306,1,2,110,1,1,60.0,1,I,SMALL_CITIES,AVENUE,12,12.0
170307,1,0,99,1,1,60.0,0,N,LARGE_PROVINCIAL_CITIES,STREET,12,11.0
170308,1,2,121,1,1,60.0,0,I,MELB_URBAN,ROAD,12,19.0
170309,1,2,147,5,1,50.0,0,N,MELB_URBAN,STREET,12,14.0
170310,1,1,130,2,1,70.0,0,I,TOWNS,HIGHWAY,12,14.0
170311,1,2,99,2,3,50.0,0,N,RURAL_VICTORIA,AVENUE,12,20.0
170312,1,1,130,5,1,100.0,0,N,MELB_URBAN,FREEWAY,11,8.0
170313,2,2,99,5,1,40.0,0,N,MELB_URBAN,ROAD,12,15.0
170314,8,2,99,5,3,50.0,0,N,MELB_URBAN,OTHER,12,21.0
170315,1,2,116,2,3,50.0,0,I,MELB_URBAN,STREET,12,20.0
170316,1,2,130,2,3,60.0,0,I,MELB_URBAN,ROAD,12,21.0
170317,1,2,120,5,1,100.0,1,N,RURAL_VICTORIA,HIGHWAY,12,15.0
170318,4,5,171,5,1,60.0,0,N,MELB_URBAN,ROAD,12,19.0
170319,4,2,171,2,3,50.0,0,I,LARGE_PROVINCIAL_CITIES,STREET,12,23.0
170320,4,5,171,5,1,60.0,0,N,MELB_URBAN,ROAD,12,12.0
170321,1,3,113,2,1,40.0,0,I,MELB_URBAN,STREET,12,6.0
170322,1,6,134,5,1,50.0,0,N,MELB_URBAN,ROAD,6,16.0
170323,4,2,173,5,1,80.0,0,N,RURAL_VICTORIA,ROAD,12,7.0
170324,1,7,113,1,1,60.0,0,I,MELB_URBAN,STREET,12,13.0
170325,1,2,132,1,1,60.0,0,I,SMALL_CITIES,STREET,12,8.0