,accident_type,day_of_week,dca_code,road_geometry,light_condition,speed_zone,severity,node_type,deg_urban_name,road_type,month,hour
170326,6,2,99,5,1,80.0,0,N,RURAL_VICTORIA,ROAD,12,12.0
170327,1,3,130,5,1,70.0,0,N,MELB_URBAN,HIGHWAY,11,15.0
170328,2,3,102,1,1,80.0,0,N,MELB_URBAN,ROAD,12,10.0
170329,6,3,174,5,1,60.0,0,N,MELB_URBAN,STREET,12,9.0
170330,6,1,184,5,1,60.0,0,N,RURAL_VICTORIA,ROAD,12,7.0
170331,1,2,130,1,1,60.0,0,N,MELB_URBAN,ROAD,12,10.0
170332,1,3,113,1,1,60.0,0,I,MELB_URBAN,ROAD,12,11.0
170333,4,2,171,5,5,100.0,0,N,RURAL_VICTORIA,HIGHWAY,11,21.0
170334,1,3,120,5,1,50.0,0,N,RURAL_VICTORIA,AVENUE,11,11.0
170335,4,2,99,5,1,50.0,0,N,MELB_URBAN,OTHER,12,8.0
170336,3,3,167,5,5,100.0,0,N,RURAL_VICTORIA,OTHER,12,4.0
170337,4,3,171,5,1,100.0,0,N,MELB_URBAN,FREEWAY,12,12.0
170338,1,3,99,2,1,50.0,0,I,LARGE_PROVINCIAL_CITIES,AVENUE,12,16.0
170339,1,2,130,1,1,70.0,0,I,MELB_URBAN,ROAD,12,16.0
170340,1,7,130,1,1,70.0,0,I,MELB_URBAN,ROAD,12,12.0
170341,1,3,116,2,1,70.0,0,I,TOWNS,HIGHWAY,12,15.0
170342,1,3,99,2,1,100.0,0,N,RURAL_VICTORIA,ROAD,12,16.0
170343,3,1,167,5,9,40.0,0,N,MELB_URBAN,ROAD,12,5.0
170344,1,3,111,1,1,100.0,0,I,RURAL_VICTORIA,HIGHWAY,12,16.0
170345,1,4,130,1,1,80.0,0,I,MELB_URBAN,ROAD,12,17.0
170346,2,2,100,2,1,40.0,0,I,MELB_URBAN,STREET,12,15.0
170347,2,3,99,5,1,40.0,0,N,MELB_URBAN,STREET,12,17.0
170348,1,3,147,5,1,50.0,0,N,MELB_URBAN,ROAD,12,17.0
170349,4,3,183,5,1,100.0,0,N,RURAL_VICTORIA,ROAD,12,17.0
170350,4,3,171,5,1,100.0,0,N,RURAL_VICTORIA,ROAD,12,16.0
170351,1,3,130,1,1,40.0,0,I,MELB_URBAN,ROAD,12,16.0
170352,3,3,167,5,1,100.0,0,N,RURAL_VICTORIA,ROAD,12,19.0
170353,1,3,130,5,1,60.0,0,N,RURAL_VICTORIA,ROAD,12,16.0
170354,1,6,121,1,1,60.0,0,I,MELB_URBAN,STREET,3,12.0
170355,1,4,111,2,1,60.0,0,I,MELB_URBAN,ROAD,12,9.0
170356,4,3,173,5,1,100.0,0,N,RURAL_VICTORIA,ROAD,12,17.0
170357,1,3,130,5,3,100.0,0,N,MELB_URBAN,RAMP,12,22.0
170358,1,7,130,5,1,80.0,0,N,MELB_URBAN,FREEWAY,12,11.0
170359,2,4,100,5,5,60.0,0,N,LARGE_PROVINCIAL_CITIES,STREET,12,4.0
170360,4,4,99,2,3,60.0,0,I,LARGE_PROVINCIAL_CITIES,STREET,12,3.0
170361,1,3,99,1,1,50.0,0,N,SMALL_CITIES,STREET,12,14.0
170362,1,3,111,1,1,60.0,0,I,MELB_URBAN,DRIVE,10,10.0
170363,1,4,171,2,1,50.0,0,I,MELB_URBAN,ROAD,12,6.0
170364,1,7,132,2,1,50.0,0,I,MELB_URBAN,STREET,12,10.0
170365,1,4,130,1,1,50.0,0,I,MELB_URBAN,ROAD,12,17.0
170366,1,4,99,5,1,60.0,0,N,TOWNS,AVENUE,12,9.0
170367,1,3,110,1,1,80.0,0,I,MELB_URBAN,ROAD,12,8.0
170368,1,4,113,2,1,80.0,0,I,SMALL_CITIES,ROAD,12,9.0
170369,1,3,99,1,1,60.0,0,I,MELB_URBAN,STREET,12,9.0
170370,1,0,130,1,1,60.0,0,N,MELB_URBAN,ROAD,12,12.0
170371,1,4,120,5,1,100.0,0,O,RURAL_VICTORIA,UNKNOWN,12,11.0
170372,1,4,110,1,9,40.0,0,I,TOWNS,STREET,12,14.0
170373,6,4,174,5,1,50.0,0,N,LARGE_PROVINCIAL_CITIES,STREET,12,14.0
170374,4,4,183,2,1,40.0,0,N,MELB_URBAN,DRIVE,12,14.0
170375,2,3,102,2,1,40.0,0,N,LARGE_PROVINCIAL_CITIES,STREET,12,14.0
170376,1,4,130,2,1,60.0,0,I,MELB_URBAN,HIGHWAY,12,12.0
170377,4,4,99,2,1,50.0,0,I,TOWNS,STREET,12,12.0
170378,1,4,130,5,1,50.0,0,N,MELB_URBAN,DRIVE,12,12.0
170379,1,4,135,5,9,80.0,0,N,MELB_URBAN,HIGHWAY,11,15.0
170380,8,1,184,5,1,60.0,0,N,RURAL_VICTORIA,OTHER,12,17.0
170381,1,3,130,5,1,80.0,0,N,SMALL_TOWNS,RAMP,12,16.0
170382,4,4,99,2,1,80.0,0,I,RURAL_VICTORIA,HIGHWAY,12,13.0
170383,1,3,130,1,1,80.0,0,N,SMALL_TOWNS,ROAD,12,13.0
170384,1,4,130,5,1,40.0,0,N,MELB_URBAN,ROAD,12,16.0
170385,1,7,99,1,1,60.0,0,I,TOWNS,STREET,12,12.0
170386,1,1,130,1,1,60.0,0,I,MELB_URBAN,ROAD,12,18.0
170387,1,3,130,1,1,60.0,0,I,MELB_URBAN,HIGHWAY,12,14.0
170388,4,4,181,5,5,100.0,0,N,RURAL_VICTORIA,ROAD,12,4.0
170389,2,3,100,2,1,50.0,0,I,MELB_URBAN,PARADE,12,16.0
170390,1,4,163,1,1,40.0,0,N,LARGE_PROVINCIAL_CITIES,STREET,12,16.0
170391,1,3,121,1,1,60.0,0,I,MELB_URBAN,AVENUE,12,15.0
170392,4,4,99,5,2,60.0,0,N,MELB_URBAN,ROAD,12,20.0
170393,1,4,113,2,1,80.0,0,I,RURAL_VICTORIA,HIGHWAY,12,18.0
170394,1,4,130,5,2,100.0,0,N,RURAL_VICTORIA,HIGHWAY,12,20.0
170395,4,3,183,5,1,60.0,0,N,RURAL_VICTORIA,RAMP,12,12.0
170396,1,4,130,5,1,100.0,0,N,MELB_URBAN,ROAD,12,19.0
170397,1,4,171,9,3,60.0,0,N,MELB_URBAN,ROAD,12,21.0
170398,6,4,174,4,1,80.0,0,I,RURAL_VICTORIA,RAMP,12,19.0
170399,1,4,120,1,1,80.0,0,I,RURAL_VICTORIA,ROAD,12,20.0
170400,1,4,121,2,5,80.0,0,I,RURAL_VICTORIA,ROAD,12,22.0
170401,1,4,135,2,3,60.0,0,N,MELB_URBAN,ROAD,12,22.0
170402,1,5,130,1,1,80.0,0,I,MELB_URBAN,ROAD,11,11.0
170403,1,5,116,2,1,80.0,0,N,MELB_URBAN,ROAD,12,6.0
170404,4,4,171,2,1,40.0,0,I,MELB_URBAN,ROAD,12,7.0
170405,1,5,121,2,2,60.0,0,I,MELB_URBAN,ROAD,12,6.0
170406,1,5,99,5,1,40.0,0,N,MELB_URBAN,ROAD,12,8.0
170407,1,3,99,5,2,80.0,0,N,RURAL_VICTORIA,ROAD,9,6.0
170408,1,2,130,5,1,60.0,0,N,MELB_URBAN,ROAD,12,13.0
170409,1,5,110,4,1,50.0,0,I,SMALL_CITIES,ROAD,12,9.0
170410,1,5,140,5,1,60.0,0,N,SMALL_CITIES,AVENUE,12,9.0
170411,1,2,110,1,1,60.0,0,I,LARGE_PROVINCIAL_CITIES,STREET,12,8.0
170412,3,1,167,5,6,80.0,0,N,RURAL_VICTORIA,ROAD,12,22.0
170413,1,5,110,1,1,50.0,0,I,TOWNS,STREET,12,9.0
170414,1,3,130,5,1,60.0,0,N,SMALL_CITIES,STREET,12,15.0
170415,1,4,134,5,2,100.0,0,N,MELB_URBAN,HIGHWAY,5,7.0
170416,1,1,111,2,1,60.0,0,I,LARGE_PROVINCIAL_CITIES,STREET,10,9.0
170417,1,4,110,1,1,50.0,0,I,SMALL_CITIES,STREET,12,12.0
170418,4,1,99,2,5,60.0,0,I,RURAL_VICTORIA,ROAD,12,22.0
170419,1,5,133,5,1,60.0,0,N,LARGE_PROVINCIAL_CITIES,STREET,12,11.0
170420,1,5,147,5,1,70.0,0,N,MELB_URBAN,ROAD,12,12.0
170421,1,5,120,2,1,60.0,0,I,LARGE_PROVINCIAL_CITIES,OTHER,12,10.0
170422,3,4,167,5,5,100.0,0,N,RURAL_VICTORIA,ROAD,12,21.0
170423,1,5,120,5,1,100.0,0,N,RURAL_VICTORIA,AVENUE,12,11.0
170424,8,5,174,5,1,60.0,0,N,MELB_URBAN,ROAD,12,11.0
170425,1,5,99,2,1,40.0,0,I,MELB_URBAN,STREET,12,6.0
170426,1,4,130,2,1,100.0,0,I,RURAL_VICTORIA,HIGHWAY,12,13.0
170427,4,5,99,2,1,50.0,0,N,MELB_URBAN,OTHER,12,12.0
170428,1,4,99,5,1,40.0,0,N,MELB_URBAN,STREET,12,12.0
170429,1,5,130,5,1,60.0,0,N,LARGE_PROVINCIAL_CITIES,STREET,12,14.0
170430,1,4,134,5,1,90.0,0,N,RURAL_VICTORIA,FREEWAY,12,14.0
170431,6,5,174,5,1,60.0,0,N,RURAL_VICTORIA,ROAD,12,14.0
170432,1,5,110,1,1,50.0,0,I,TOWNS,STREET,12,16.0
170433,6,5,99,5,1,60.0,0,N,RURAL_VICTORIA,ROAD,12,15.0
170434,6,5,174,1,1,60.0,1,N,MELB_URBAN,STREET,12,15.0
170435,2,5,102,2,1,70.0,0,I,MELB_URBAN,ROAD,12,18.0
170436,1,5,110,1,1,50.0,0,I,MELB_URBAN,STREET,12,18.0
170437,1,5,132,2,1,100.0,0,I,RURAL_VICTORIA,HIGHWAY,12,10.0
170438,1,4,113,2,1,70.0,0,N,MELB_URBAN,ROAD,12,14.0
170439,1,3,130,5,1,80.0,0,N,MELB_URBAN,HIGHWAY,12,6.0
170440,1,5,134,2,1,60.0,0,I,MELB_URBAN,PARADE,12,17.0
170441,4,4,99,1,1,60.0,0,I,MELB_URBAN,ROAD,12,19.0
170442,2,4,102,2,3,50.0,0,I,SMALL_CITIES,OTHER,12,22.0
170443,4,5,171,5,1,100.0,0,N,MELB_URBAN,ROAD,12,18.0
170444,1,5,121,1,3,70.0,0,O,MELB_URBAN,ROAD,12,23.0
170445,4,6,99,5,2,80.0,0,O,RURAL_VICTORIA,UNKNOWN,12,6.0
170446,3,5,167,5,2,100.0,0,N,RURAL_VICTORIA,ROAD,12,20.0
170447,4,6,171,2,1,50.0,0,I,MELB_URBAN,BOULEVARD,12,6.0
170448,2,3,102,1,1,60.0,0,I,MELB_URBAN,STREET,12,14.0
170449,1,6,110,1,1,70.0,0,O,MELB_URBAN,UNKNOWN,12,8.0
170450,2,6,99,5,1,60.0,0,N,MELB_URBAN,ROAD,12,10.0
170451,1,4,133,5,1,100.0,0,N,MELB_URBAN,ROAD,12,17.0
170452,1,6,110,1,1,100.0,0,I,RURAL_VICTORIA,ROAD,12,8.0
170453,1,3,130,5,1,80.0,0,N,MELB_URBAN,FREEWAY,12,10.0
170454,1,0,147,5,1,70.0,0,N,SMALL_CITIES,OTHER,11,13.0
170455,1,5,121,2,1,50.0,0,I,MELB_URBAN,ROAD,12,16.0
170456,1,1,99,5,1,60.0,0,N,MELB_URBAN,ROAD,12,13.0
170457,1,4,130,2,1,60.0,0,I,MELB_URBAN,PARADE,12,19.0
170458,6,2,174,2,1,50.0,0,I,MELB_URBAN,AVENUE,12,17.0
170459,2,3,100,1,1,40.0,0,O,MELBOURNE_CBD,UNKNOWN,12,15.0
170460,1,6,110,1,1,60.0,0,I,LARGE_PROVINCIAL_CITIES,ROAD,12,11.0
170461,1,6,130,5,2,100.0,0,N,MELB_URBAN,ROAD,11,7.0
170462,1,6,130,5,1,60.0,0,N,MELB_URBAN,ROAD,11,12.0
170463,1,5,121,2,1,80.0,0,I,MELB_URBAN,HIGHWAY,12,10.0
170464,1,6,130,5,1,60.0,0,N,RURAL_VICTORIA,ROAD,12,9.0
170465,4,6,181,5,1,80.0,0,N,RURAL_VICTORIA,ROAD,12,8.0
170466,8,6,170,5,1,60.0,0,N,RURAL_VICTORIA,OTHER,12,12.0
170467,6,6,99,2,1,70.0,0,I,MELB_URBAN,ROAD,12,13.0
170468,1,6,99,2,1,70.0,0,I,MELB_URBAN,ROAD,12,8.0
170469,1,6,121,1,1,60.0,0,I,LARGE_PROVINCIAL_CITIES,STREET,12,14.0
170470,6,5,170,5,1,70.0,0,N,SMALL_CITIES,STREET,12,11.0
170471,1,6,120,5,1,80.0,0,N,RURAL_VICTORIA,HIGHWAY,11,7.0
170472,1,4,121,2,1,60.0,0,I,MELB_URBAN,ROAD,12,14.0
170473,8,5,174,2,1,50.0,0,N,MELB_URBAN,STREET,12,19.0
170474,1,6,121,2,1,80.0,0,I,MELB_URBAN,HIGHWAY,12,14.0
170475,1,4,163,5,3,40.0,0,N,MELB_URBAN,ROAD,12,20.0
170476,1,6,130,5,1,60.0,0,O,MELB_URBAN,ROAD,12,15.0
170477,1,6,130,2,1,60.0,0,I,MELB_URBAN,ROAD,12,15.0
170478,6,5,174,5,1,50.0,0,N,SMALL_CITIES,OTHER,12,17.0
170479,1,6,113,2,1,60.0,0,I,LARGE_PROVINCIAL_CITIES,ROAD,12,16.0
170480,1,6,130,5,1,80.0,0,N,MELB_URBAN,ROAD,12,16.0
170481,1,6,160,5,1,50.0,0,N,MELB_URBAN,PARADE,12,16.0
170482,1,6,147,5,1,60.0,0,N,MELB_URBAN,ROAD,12,18.0
170483,1,3,147,2,1,60.0,0,O,LARGE_PROVINCIAL_CITIES,ROAD,12,7.0
170484,1,6,113,2,1,100.0,0,I,RURAL_VICTORIA,ROAD,12,15.0
170485,1,3,130,1,9,60.0,0,I,MELB_URBAN,ROAD,11,18.0
170486,1,6,134,5,1,40.0,0,N,MELB_URBAN,STREET,12,13.0
170487,4,4,183,5,3,50.0,0,N,MELB_URBAN,STREET,12,2.0
170488,6,6,184,5,5,50.0,0,N,MELB_URBAN,ROAD,12,21.0
170489,4,5,171,5,5,100.0,0,N,RURAL_VICTORIA,ROAD,12,22.0
170490,2,6,100,5,5,70.0,0,N,SMALL_CITIES,ROAD,12,22.0
170491,2,6,100,5,3,60.0,0,N,MELB_URBAN,HIGHWAY,12,23.0
170492,1,6,130,2,3,80.0,0,I,MELB_URBAN,HIGHWAY,12,23.0
170493,1,6,110,1,1,100.0,1,I,RURAL_VICTORIA,ROAD,12,17.0
170494,1,5,110,1,1,50.0,0,I,MELB_URBAN,STREET,12,16.0
170495,4,6,99,2,3,50.0,0,N,TOWNS,ROAD,12,23.0
170496,1,7,121,1,3,80.0,0,N,MELB_URBAN,ROAD,12,1.0
170497,3,6,167,5,3,60.0,0,O,RURAL_VICTORIA,UNKNOWN,12,0.0
170498,1,5,130,5,2,60.0,0,N,MELB_URBAN,ROAD,6,16.0
170499,4,7,173,2,1,60.0,0,N,MELB_URBAN,ROAD,12,7.0
170500,1,0,99,5,2,60.0,0,N,MELB_URBAN,STREET,12,19.0
170501,1,7,113,2,1,100.0,0,I,RURAL_VICTORIA,RAMP,12,11.0
170502,1,7,111,2,1,60.0,0,I,TOWNS,HIGHWAY,12,7.0
170503,1,7,120,5,1,60.0,0,N,RURAL_VICTORIA,ROAD,12,9.0
170504,4,6,171,5,1,100.0,0,O,RURAL_VICTORIA,ROAD,12,10.0
170505,1,7,120,5,1,100.0,0,N,RURAL_VICTORIA,ROAD,12,7.0
170506,1,6,110,1,3,60.0,0,I,SMALL_TOWNS,HIGHWAY,12,21.0
170507,4,7,171,5,1,50.0,0,N,TOWNS,STREET,12,10.0
170508,1,6,121,1,1,60.0,0,I,MELB_URBAN,ROAD,12,10.0
170509,1,7,110,1,1,50.0,0,I,LARGE_PROVINCIAL_CITIES,STREET,12,11.0
170510,1,7,116,1,1,80.0,0,I,RURAL_VICTORIA,BOULEVARD,12,15.0
170511,1,7,130,5,1,100.0,0,N,MELB_URBAN,FREEWAY,12,16.0
170512,1,6,130,2,6,70.0,0,I,MELB_URBAN,ROAD,12,22.0
170513,1,6,163,5,1,60.0,0,N,MELB_URBAN,STREET,12,18.0
170514,1,7,160,2,1,40.0,0,N,MELB_URBAN,STREET,12,17.0
170515,6,7,174,2,1,60.0,0,I,MELB_URBAN,STREET,12,15.0
170516,1,7,120,5,1,100.0,0,N,RURAL_VICTORIA,ROAD,12,16.0
170517,1,7,113,1,1,50.0,0,I,LARGE_PROVINCIAL_CITIES,STREET,12,14.0
170518,4,7,171,1,2,50.0,0,I,TOWNS,STREET,12,20.0
170519,6,1,99,5,1,60.0,0,N,RURAL_VICTORIA,ROAD,12,15.0
170520,2,7,102,2,6,60.0,0,N,MELB_URBAN,ROAD,12,21.0
170521,1,7,120,5,1,60.0,0,N,MELB_URBAN,DRIVE,12,18.0
170522,4,7,171,5,5,100.0,0,N,RURAL_VICTORIA,ROAD,12,21.0
170523,1,7,99,2,1,60.0,0,N,MELB_URBAN,ROAD,12,17.0
170524,1,7,121,2,3,50.0,0,I,MELB_URBAN,DRIVE,12,23.0
170525,2,7,100,1,1,50.0,0,I,MELB_URBAN,STREET,12,20.0
170526,1,7,130,2,3,80.0,0,I,RURAL_VICTORIA,DRIVE,12,22.0
170527,4,7,181,5,3,60.0,0,N,TOWNS,ROAD,12,22.0
170528,1,7,113,2,3,80.0,0,I,RURAL_VICTORIA,HIGHWAY,12,22.0
170529,1,7,160,5,3,40.0,0,N,MELB_URBAN,STREET,12,23.0
170530,4,1,171,1,3,60.0,0,N,MELB_URBAN,ROAD,12,0.0
170531,4,7,181,5,9,60.0,0,N,RURAL_VICTORIA,ROAD,12,12.0
170532,1,0,160,5,3,50.0,0,N,MELB_URBAN,ROAD,12,3.0
170533,1,7,110,1,1,60.0,0,I,TOWNS,STREET,12,9.0
170534,1,1,130,5,3,80.0,0,N,MELB_URBAN,UNKNOWN,12,22.0
170535,1,0,110,1,1,60.0,0,I,MELB_URBAN,ROAD,12,10.0
170536,1,6,99,2,1,60.0,0,I,RURAL_VICTORIA,ROAD,12,12.0
170537,2,1,99,5,1,50.0,0,N,MELB_URBAN,STREET,12,11.0
170538,1,1,121,1,1,50.0,0,I,MELB_URBAN,STREET,12,11.0
170539,1,1,99,2,1,100.0,0,I,RURAL_VICTORIA,ROAD,12,11.0
170540,2,1,100,2,1,60.0,0,N,MELB_URBAN,ROAD,12,10.0
170541,1,4,110,1,1,80.0,0,I,MELB_URBAN,ROAD,12,11.0
170542,1,1,120,5,1,80.0,0,N,RURAL_VICTORIA,ROAD,12,10.0
170543,6,0,99,5,1,60.0,0,N,TOWNS,HIGHWAY,12,13.0
170544,1,3,99,1,1,80.0,0,I,MELB_URBAN,ROAD,12,16.0
170545,4,6,181,5,5,60.0,0,N,SMALL_TOWNS,ROAD,12,23.0
170546,1,1,110,1,1,60.0,0,I,MELB_URBAN,ROAD,12,14.0
170547,8,1,99,5,1,110.0,0,N,TOWNS,FREEWAY,12,14.0
170548,1,2,99,1,1,60.0,0,N,MELB_URBAN,ROAD,12,7.0
170549,4,1,173,5,1,80.0,1,N,MELB_URBAN,ROAD,12,14.0
170550,1,1,130,5,1,80.0,0,N,MELB_URBAN,HIGHWAY,12,14.0
170551,6,0,174,5,1,100.0,0,O,RURAL_VICTORIA,UNKNOWN,12,12.0
170552,1,1,130,5,1,100.0,1,N,RURAL_VICTORIA,ROAD,12,16.0
170553,4,1,171,5,1,60.0,0,N,RURAL_VICTORIA,ROAD,12,19.0
170554,1,1,110,1,3,60.0,0,I,MELB_URBAN,ROAD,12,21.0
170555,1,1,130,5,1,60.0,0,N,MELB_URBAN,ROAD,12,16.0
170556,4,1,171,5,3,50.0,0,N,SMALL_CITIES,DRIVE,12,20.0
170557,4,1,171,5,5,100.0,0,N,RURAL_VICTORIA,HIGHWAY,12,22.0
170558,1,0,130,1,3,80.0,0,I,MELB_URBAN,ROAD,12,23.0
170559,1,4,113,2,2,60.0,0,I,MELB_URBAN,ROAD,11,17.0
170560,1,3,113,2,1,60.0,0,I,MELB_URBAN,ROAD,12,17.0
170561,3,2,167,2,3,40.0,0,I,MELB_URBAN,ROAD,12,3.0
170562,1,1,110,1,1,60.0,0,I,LARGE_PROVINCIAL_CITIES,STREET,12,10.0
170563,4,2,173,5,1,100.0,0,N,MELB_URBAN,OTHER,12,9.0
170564,1,2,110,1,1,80.0,0,N,MELB_URBAN,ROAD,12,10.0
170565,1,2,132,2,1,100.0,0,I,RURAL_VICTORIA,ROAD,12,11.0
170566,6,7,174,2,1,60.0,0,I,MELB_URBAN,ROAD,11,13.0
170567,1,1,120,5,1,60.0,0,N,RURAL_VICTORIA,ROAD,12,10.0
170568,4,2,171,5,1,80.0,0,N,RURAL_VICTORIA,HIGHWAY,12,12.0
170569,4,2,173,5,1,100.0,1,N,RURAL_VICTORIA,HIGHWAY,12,9.0
170570,6,0,99,5,5,100.0,0,N,RURAL_VICTORIA,ROAD,12,23.0
170571,6,2,99,5,1,80.0,0,N,RURAL_VICTORIA,ROAD,12,17.0
170572,4,1,183,5,1,50.0,0,N,MELB_URBAN,BOULEVARD,12,18.0
170573,1,2,120,5,1,100.0,0,N,RURAL_VICTORIA,ROAD,12,16.0
170574,4,2,181,5,5,100.0,0,N,RURAL_VICTORIA,HIGHWAY,12,20.0
170575,1,1,110,1,1,60.0,0,N,MELB_URBAN,RAMP,12,17.0
170576,1,2,130,5,1,60.0,0,N,MELB_URBAN,ROAD,12,14.0
170577,4,2,171,5,1,80.0,0,N,RURAL_VICTORIA,ROAD,12,16.0
170578,7,2,99,5,1,50.0,0,N,MELB_URBAN,ROAD,12,18.0
170579,1,2,160,5,3,60.0,0,N,MELB_URBAN,STREET,12,0.0
170580,4,3,171,5,3,60.0,0,N,MELB_URBAN,ROAD,12,3.0
170581,1,3,133,5,3,70.0,0,N,MELB_URBAN,BOULEVARD,12,3.0
170582,1,2,130,2,1,100.0,0,I,RURAL_VICTORIA,FREEWAY,12,13.0
170583,4,4,99,4,5,80.0,0,I,RURAL_VICTORIA,RAMP,11,3.0
170584,4,3,173,1,3,80.0,0,I,MELB_URBAN,ROAD,12,2.0
170585,4,5,173,2,1,50.0,0,I,TOWNS,DRIVE,11,20.0
170586,1,1,132,5,1,60.0,0,O,SMALL_TOWNS,ROAD,12,16.0
170587,1,2,110,1,1,60.0,0,I,MELB_URBAN,ROAD,12,7.0
170588,1,2,110,1,1,60.0,0,I,MELB_URBAN,STREET,12,8.0
170589,1,3,99,5,1,50.0,0,N,MELB_URBAN,DRIVE,12,8.0
170590,8,3,99,5,1,100.0,1,N,RURAL_VICTORIA,ROAD,12,10.0
170591,6,3,174,2,1,80.0,0,I,LARGE_PROVINCIAL_CITIES,ROAD,12,8.0
170592,1,3,173,5,1,50.0,0,N,SMALL_CITIES,UNKNOWN,12,11.0
170593,1,3,99,5,1,60.0,0,N,SMALL_TOWNS,ROAD,12,13.0
170594,1,3,99,1,1,50.0,0,I,SMALL_CITIES,STREET,12,10.0
170595,1,3,121,1,1,100.0,0,O,RURAL_VICTORIA,UNKNOWN,12,12.0
170596,1,3,132,5,1,80.0,1,N,RURAL_VICTORIA,HIGHWAY,12,13.0
170597,4,3,99,2,1,50.0,0,I,MELB_URBAN,AVENUE,12,16.0
170598,1,3,130,5,1,100.0,0,N,MELB_URBAN,FREEWAY,12,14.0
170599,4,0,171,5,1,110.0,0,N,RURAL_VICTORIA,FREEWAY,12,13.0
170600,4,3,181,5,1,60.0,0,N,MELB_URBAN,STREET,12,16.0
170601,4,3,173,5,1,60.0,0,N,MELB_URBAN,ROAD,12,15.0
170602,6,3,174,2,1,60.0,0,I,MELB_URBAN,STREET,12,15.0
170603,1,3,130,5,3,80.0,0,N,MELB_URBAN,ROAD,12,20.0
170604,1,3,99,5,1,110.0,0,N,RURAL_VICTORIA,HIGHWAY,12,18.0
170605,1,3,120,5,5,80.0,0,N,RURAL_VICTORIA,ROAD,12,21.0
170606,1,3,116,2,3,80.0,0,N,MELB_URBAN,OTHER,12,22.0
170607,4,3,171,2,3,60.0,0,I,LARGE_PROVINCIAL_CITIES,HIGHWAY,12,21.0
170608,1,3,110,1,3,60.0,0,O,MELB_URBAN,UNKNOWN,12,22.0
170609,1,3,120,1,3,50.0,0,N,MELB_URBAN,STREET,12,23.0
170610,1,4,130,1,3,50.0,0,I,SMALL_CITIES,STREET,12,4.0
170611,1,3,110,1,1,60.0,0,I,SMALL_CITIES,AVENUE,12,20.0
170612,1,2,110,1,2,40.0,0,N,RURAL_VICTORIA,ROAD,9,18.0
170613,1,4,130,5,1,40.0,0,N,MELB_URBAN,OTHER,12,7.0
170614,1,5,113,1,1,60.0,0,O,MELB_URBAN,ROAD,12,16.0
170615,1,3,130,5,1,60.0,0,N,MELB_URBAN,ROAD,12,15.0
170616,1,6,130,5,1,60.0,0,N,MELB_URBAN,STREET,12,14.0
170617,1,0,130,2,3,80.0,0,N,MELB_URBAN,ROAD,12,21.0
170618,1,4,110,1,1,60.0,0,I,SMALL_CITIES,DRIVE,12,12.0
170619,1,3,121,1,1,50.0,0,I,MELB_URBAN,STREET,12,11.0
170620,4,4,183,2,1,80.0,0,I,MELB_URBAN,HIGHWAY,12,7.0
170621,1,6,120,2,1,60.0,0,N,LARGE_PROVINCIAL_CITIES,STREET,11,9.0
170622,8,4,174,5,1,50.0,0,N,TOWNS,OTHER,12,10.0
170623,6,6,174,5,1,40.0,0,N,MELB_URBAN,STREET,12,19.0
170624,4,4,173,5,1,80.0,0,N,MELB_URBAN,ROAD,12,7.0
170625,1,4,99,1,1,60.0,0,I,MELB_URBAN,STREET,12,13.0
170626,1,4,133,5,1,100.0,0,N,RURAL_VICTORIA,ROAD,12,12.0
170627,1,3,130,1,9,80.0,0,N,MELB_URBAN,ROAD,12,16.0
170628,1,3,133,5,1,70.0,0,N,MELB_URBAN,ROAD,12,19.0
170629,1,3,130,5,1,100.0,0,N,MELB_URBAN,ROAD,12,17.0
170630,4,3,173,5,1,50.0,0,N,MELB_URBAN,DRIVE,12,13.0
170631,1,4,130,5,1,100.0,0,N,RURAL_VICTORIA,HIGHWAY,12,12.0
170632,3,1,167,5,2,80.0,0,N,RURAL_VICTORIA,ROAD,12,6.0
170633,1,4,121,2,1,50.0,0,I,MELB_URBAN,ROAD,12,15.0
170634,1,4,120,5,1,50.0,0,N,MELB_URBAN,ROAD,12,14.0
170635,1,3,132,5,1,60.0,0,N,MELB_URBAN,ROAD,12,15.0
170636,1,5,110,1,9,60.0,0,I,MELB_URBAN,STREET,12,15.0
170637,1,4,130,2,1,60.0,0,N,MELB_URBAN,ROAD,12,16.0
170638,2,4,100,1,9,60.0,0,I,MELB_URBAN,STREET,12,22.0
170639,1,0,130,2,9,80.0,0,I,MELB_URBAN,ROAD,11,13.0
170640,1,4,130,2,1,60.0,0,N,MELB_URBAN,ROAD,12,15.0
170641,1,4,140,5,1,60.0,0,N,LARGE_PROVINCIAL_CITIES,ROAD,12,17.0
170642,8,4,99,5,1,100.0,0,N,RURAL_VICTORIA,ROAD,12,15.0
170643,1,3,110,1,1,50.0,0,I,SMALL_TOWNS,STREET,12,15.0