,accident_type,day_of_week,dca_code,road_geometry,light_condition,speed_zone,severity,node_type,deg_urban_name,road_type,month,hour
170644,1,4,120,5,1,80.0,0,N,RURAL_VICTORIA,ROAD,12,16.0
170645,1,5,130,5,1,100.0,0,N,MELB_URBAN,FREEWAY,12,16.0
170646,1,6,99,5,1,50.0,0,N,SMALL_CITIES,STREET,12,17.0
170647,4,3,181,5,5,80.0,0,O,RURAL_VICTORIA,UNKNOWN,12,23.0
170648,1,4,133,5,1,60.0,0,N,MELB_URBAN,ROAD,12,16.0
170649,9,4,99,5,1,100.0,0,N,RURAL_VICTORIA,ROAD,12,19.0
170650,4,3,99,5,1,100.0,0,N,RURAL_VICTORIA,ROAD,12,16.0
170651,1,3,133,5,1,100.0,0,N,MELB_URBAN,FREEWAY,12,18.0
170652,2,4,99,5,3,60.0,0,N,SMALL_CITIES,ROAD,12,22.0
170653,1,6,130,2,1,60.0,0,I,MELB_URBAN,DRIVE,12,16.0
170654,4,5,173,5,5,100.0,0,N,RURAL_VICTORIA,ROAD,12,0.0
170655,1,3,121,2,3,60.0,0,I,MELB_URBAN,ROAD,12,22.0
170656,1,4,99,4,1,50.0,0,I,MELB_URBAN,STREET,12,6.0
170657,1,3,99,2,1,60.0,0,I,MELB_URBAN,PARADE,12,9.0
170658,6,6,99,2,1,80.0,0,I,RURAL_VICTORIA,ROAD,12,15.0
170659,6,4,184,5,1,50.0,0,N,MELB_URBAN,DRIVE,12,7.0
170660,1,3,130,5,2,80.0,0,N,MELB_URBAN,HIGHWAY,5,17.0
170661,1,5,130,1,1,60.0,0,I,LARGE_PROVINCIAL_CITIES,STREET,12,7.0
170662,1,5,110,1,1,50.0,0,I,SMALL_CITIES,STREET,12,10.0
170663,1,4,110,1,1,40.0,0,I,MELB_URBAN,ROAD,12,14.0
170664,4,5,171,5,1,100.0,0,N,RURAL_VICTORIA,ROAD,12,11.0
170665,1,4,130,2,1,50.0,0,N,MELB_URBAN,ROAD,12,17.0
170666,8,2,174,5,2,70.0,0,N,MELB_URBAN,ROAD,10,7.0
170667,4,3,171,5,1,100.0,0,N,RURAL_VICTORIA,ROAD,12,12.0
170668,1,3,147,5,1,50.0,0,N,LARGE_PROVINCIAL_CITIES,ROAD,11,17.0
170669,8,4,174,2,1,60.0,0,I,MELB_URBAN,ROAD,12,12.0
170670,1,2,171,5,1,100.0,0,N,MELB_URBAN,ROAD,12,12.0
170671,1,4,110,1,2,40.0,0,I,MELB_URBAN,STREET,12,18.0
170672,4,5,171,5,1,80.0,0,O,RURAL_VICTORIA,ROAD,12,9.0
170673,1,4,130,5,1,80.0,0,N,MELB_URBAN,ROAD,12,15.0
170674,4,4,99,5,1,60.0,0,N,MELB_URBAN,ROAD,12,10.0
170675,4,5,171,5,1,60.0,0,N,RURAL_VICTORIA,ROAD,12,14.0
170676,1,5,99,2,9,60.0,0,I,MELB_URBAN,ROAD,12,15.0
170677,4,5,99,5,1,30.0,0,O,SMALL_TOWNS,STREET,12,16.0
170678,1,4,99,1,1,60.0,0,I,MELB_URBAN,HIGHWAY,12,16.0
170679,6,4,174,1,1,50.0,0,I,RURAL_VICTORIA,ROAD,12,9.0
170680,1,5,130,5,1,80.0,0,N,MELB_URBAN,HIGHWAY,12,17.0
170681,2,3,99,5,3,60.0,0,N,MELB_URBAN,DRIVE,11,20.0
170682,4,5,173,5,1,80.0,0,N,MELB_URBAN,ROAD,12,18.0
170683,1,5,99,5,2,40.0,0,N,MELB_URBAN,ROAD,12,19.0
170684,4,5,181,5,1,80.0,0,N,RURAL_VICTORIA,ROAD,12,19.0
170685,8,5,174,2,1,50.0,0,I,LARGE_PROVINCIAL_CITIES,AVENUE,12,14.0
170686,7,5,99,5,1,50.0,0,N,MELB_URBAN,STREET,12,18.0
170687,1,5,121,1,3,60.0,0,I,RURAL_VICTORIA,BOULEVARD,12,21.0
170688,4,5,171,5,3,60.0,0,N,MELB_URBAN,DRIVE,12,23.0
170689,4,5,173,5,1,60.0,1,N,RURAL_VICTORIA,ROAD,12,19.0
170690,1,3,110,1,1,50.0,0,I,MELB_URBAN,STREET,11,13.0
170691,1,5,121,1,3,60.0,0,O,MELB_URBAN,UNKNOWN,12,0.0
170692,4,5,171,5,4,60.0,0,N,SMALL_CITIES,ROAD,12,3.0
170693,4,6,171,2,3,40.0,0,I,MELB_URBAN,STREET,12,1.0
170694,1,4,130,1,1,60.0,0,I,MELB_URBAN,STREET,12,17.0
170695,1,3,99,1,1,60.0,0,I,MELB_URBAN,ROAD,12,12.0
170696,1,2,120,5,1,60.0,0,N,RURAL_VICTORIA,ROAD,11,8.0
170697,1,5,99,1,1,40.0,0,I,MELB_URBAN,AVENUE,12,8.0
170698,1,6,113,2,1,60.0,0,I,SMALL_CITIES,DRIVE,11,18.0
170699,1,3,130,2,1,80.0,0,I,MELB_URBAN,FREEWAY,12,13.0
170700,1,6,99,2,1,60.0,0,I,RURAL_VICTORIA,ROAD,12,10.0
170701,6,7,184,5,1,60.0,0,N,MELB_URBAN,ROAD,12,12.0
170702,1,5,133,5,1,60.0,0,N,LARGE_PROVINCIAL_CITIES,STREET,12,16.0
170703,4,6,173,5,1,80.0,0,N,MELB_URBAN,ROAD,12,10.0
170704,7,1,99,2,3,70.0,0,N,MELB_URBAN,ROAD,1,20.0
170705,2,5,102,5,1,80.0,0,N,RURAL_VICTORIA,AVENUE,12,10.0
170706,1,0,130,1,1,60.0,0,I,MELB_URBAN,HIGHWAY,12,13.0
170707,6,6,99,5,1,100.0,0,N,RURAL_VICTORIA,ROAD,12,15.0
170708,1,5,130,5,1,80.0,0,N,SMALL_TOWNS,ROAD,12,12.0
170709,6,5,99,5,1,80.0,0,N,RURAL_VICTORIA,ROAD,12,15.0
170710,2,5,100,1,1,60.0,0,I,MELB_URBAN,STREET,12,9.0
170711,1,6,113,2,1,100.0,0,I,RURAL_VICTORIA,ROAD,12,15.0
170712,4,5,171,5,1,100.0,0,N,RURAL_VICTORIA,ROAD,12,13.0
170713,1,6,121,2,1,60.0,0,I,MELB_URBAN,ROAD,12,16.0
170714,1,6,110,1,1,60.0,0,I,MELB_URBAN,ROAD,12,16.0
170715,2,6,99,5,1,60.0,0,N,LARGE_PROVINCIAL_CITIES,STREET,12,14.0
170716,6,6,174,2,1,70.0,0,I,MELB_URBAN,ROAD,12,19.0
170717,1,5,160,5,1,50.0,0,N,MELB_URBAN,STREET,12,19.0
170718,4,6,183,5,1,80.0,0,N,MELB_URBAN,UNKNOWN,12,19.0
170719,4,6,173,5,1,100.0,0,N,RURAL_VICTORIA,OTHER,12,14.0
170720,6,6,174,1,1,40.0,0,N,MELB_URBAN,STREET,12,17.0
170721,1,5,130,5,1,100.0,0,N,MELB_URBAN,ROAD,11,17.0
170722,4,6,183,5,1,60.0,0,N,RURAL_VICTORIA,OTHER,12,19.0
170723,1,6,99,5,1,60.0,0,N,SMALL_CITIES,DRIVE,12,16.0
170724,6,6,174,5,1,60.0,0,N,MELB_URBAN,STREET,12,18.0
170725,5,6,99,5,1,60.0,0,N,MELB_URBAN,ROAD,12,18.0
170726,3,6,167,5,6,60.0,0,N,MELB_URBAN,ROAD,12,23.0
170727,1,7,130,5,5,110.0,0,I,RURAL_VICTORIA,FREEWAY,12,1.0
170728,4,7,171,5,3,80.0,0,N,MELB_URBAN,ROAD,12,3.0
170729,4,7,173,2,3,60.0,0,N,MELB_URBAN,ROAD,12,5.0
170730,4,6,183,5,5,80.0,0,N,RURAL_VICTORIA,ROAD,12,23.0
170731,4,5,173,5,1,100.0,0,N,RURAL_VICTORIA,ROAD,12,12.0
170732,4,7,183,5,1,100.0,0,N,RURAL_VICTORIA,ROAD,12,8.0
170733,6,7,99,5,1,80.0,0,N,RURAL_VICTORIA,ROAD,12,11.0
170734,1,6,130,1,1,60.0,0,I,RURAL_VICTORIA,ROAD,12,8.0
170735,6,7,174,2,1,100.0,0,I,RURAL_VICTORIA,ROAD,12,10.0
170736,1,4,147,1,1,60.0,0,I,TOWNS,STREET,12,5.0
170737,8,7,174,5,1,60.0,0,N,MELB_URBAN,ROAD,12,10.0
170738,1,6,99,1,1,40.0,0,I,MELB_URBAN,DRIVE,12,14.0
170739,1,7,110,1,1,60.0,0,I,MELB_URBAN,ROAD,12,12.0
170740,5,6,99,5,2,60.0,0,N,MELB_URBAN,BOULEVARD,12,6.0
170741,1,6,121,1,1,70.0,0,I,MELB_URBAN,FREEWAY,12,12.0
170742,6,5,99,5,1,60.0,0,N,RURAL_VICTORIA,ROAD,12,17.0
170743,1,7,160,5,1,60.0,0,N,LARGE_PROVINCIAL_CITIES,STREET,12,12.0
170744,1,6,130,5,1,60.0,0,N,MELB_URBAN,ROAD,12,18.0
170745,1,7,99,2,1,50.0,0,I,SMALL_CITIES,DRIVE,12,15.0
170746,4,7,181,5,1,100.0,0,N,RURAL_VICTORIA,HIGHWAY,12,17.0
170747,4,3,171,5,1,100.0,0,N,RURAL_VICTORIA,OTHER,12,17.0
170748,2,7,99,5,1,50.0,0,N,MELB_URBAN,PARADE,12,18.0
170749,1,7,110,1,1,80.0,1,I,MELB_URBAN,ROAD,12,17.0
170750,4,7,171,5,1,100.0,0,N,RURAL_VICTORIA,ROAD,12,17.0
170751,1,5,134,5,1,100.0,0,N,MELB_URBAN,FREEWAY,9,11.0
170752,4,7,171,5,1,50.0,0,N,MELB_URBAN,PARADE,12,16.0
170753,1,7,99,5,1,80.0,0,N,MELB_URBAN,ROAD,12,15.0
170754,4,7,183,2,5,80.0,0,I,MELB_URBAN,ROAD,12,21.0
170755,1,7,116,2,1,40.0,0,I,MELB_URBAN,ROAD,12,17.0
170756,2,7,100,5,1,40.0,0,N,MELB_URBAN,STREET,12,19.0
170757,1,1,160,5,3,50.0,0,N,MELB_URBAN,ROAD,12,2.0
170758,1,1,110,1,1,50.0,0,I,TOWNS,STREET,12,9.0
170759,1,1,121,2,1,80.0,0,I,MELB_URBAN,ROAD,12,11.0
170760,1,1,171,2,3,60.0,0,I,MELB_URBAN,ROAD,12,4.0
170761,2,1,102,1,1,40.0,0,I,MELBOURNE_CBD,STREET,12,14.0
170762,4,6,183,5,1,80.0,0,N,RURAL_VICTORIA,HIGHWAY,12,15.0
170763,1,1,99,5,1,80.0,0,I,RURAL_VICTORIA,RAMP,12,14.0
170764,4,1,99,5,1,50.0,0,N,MELB_URBAN,STREET,12,17.0
170765,2,0,100,2,1,60.0,0,N,MELB_URBAN,STREET,12,15.0
170766,4,0,171,2,1,60.0,0,I,SMALL_TOWNS,STREET,12,19.0
170767,2,1,99,5,1,40.0,0,N,MELB_URBAN,STREET,12,19.0
170768,4,1,171,5,3,50.0,0,N,TOWNS,ROAD,12,22.0
170769,4,0,183,5,1,100.0,0,N,RURAL_VICTORIA,ROAD,12,19.0
170770,1,3,110,1,1,80.0,0,N,MELB_URBAN,ROAD,12,13.0
170771,1,1,99,5,3,80.0,0,N,MELB_URBAN,FREEWAY,12,23.0
170772,1,1,121,2,1,50.0,0,I,MELB_URBAN,STREET,12,20.0
170773,4,2,99,2,1,60.0,0,I,MELB_URBAN,ROAD,1,5.0
170774,1,1,110,1,1,60.0,0,I,TOWNS,STREET,12,14.0
170775,1,1,99,5,1,50.0,0,O,MELB_URBAN,UNKNOWN,1,7.0
170776,4,1,99,2,5,80.0,0,I,RURAL_VICTORIA,ROAD,12,21.0
170777,4,1,173,5,1,100.0,0,N,RURAL_VICTORIA,ROAD,12,15.0
170778,1,2,160,2,1,50.0,0,N,MELB_URBAN,STREET,1,7.0
170779,1,1,110,1,2,60.0,0,N,MELB_URBAN,STREET,1,6.0
170780,1,0,110,1,1,60.0,0,O,MELB_URBAN,UNKNOWN,12,14.0
170781,6,2,99,5,1,100.0,0,N,RURAL_VICTORIA,DRIVE,1,13.0
170782,1,2,121,1,1,60.0,0,O,MELB_URBAN,UNKNOWN,1,14.0
170783,7,2,99,5,3,60.0,0,N,MELB_URBAN,STREET,1,2.0
170784,1,7,130,2,1,40.0,0,I,TOWNS,OTHER,12,11.0
170785,4,2,171,5,1,70.0,1,N,MELB_URBAN,ROAD,1,15.0
170786,1,2,110,1,1,50.0,0,I,TOWNS,STREET,1,14.0
170787,1,2,99,5,1,50.0,0,N,MELB_URBAN,ROAD,1,14.0
170788,1,2,160,5,3,60.0,0,N,MELBOURNE_CBD,STREET,1,21.0
170789,1,2,130,5,1,80.0,0,I,RURAL_VICTORIA,HIGHWAY,1,16.0
170790,2,1,100,5,3,60.0,0,N,MELB_URBAN,ROAD,1,23.0
170791,1,2,160,2,3,60.0,0,I,MELB_URBAN,ROAD,1,23.0
170792,1,3,121,5,3,80.0,0,N,MELB_URBAN,ROAD,1,0.0
170793,1,6,116,1,1,50.0,0,I,LARGE_PROVINCIAL_CITIES,AVENUE,12,12.0
170794,1,3,121,1,2,80.0,0,I,MELB_URBAN,ROAD,1,5.0
170795,7,2,99,1,2,40.0,0,I,MELB_URBAN,ROAD,11,7.0
170796,4,3,173,5,2,60.0,0,N,MELB_URBAN,ROAD,12,16.0
170797,6,2,174,5,1,100.0,0,N,RURAL_VICTORIA,OTHER,1,17.0
170798,6,1,174,5,1,60.0,0,O,RURAL_VICTORIA,ROAD,12,13.0
170799,1,3,134,5,1,80.0,0,N,MELB_URBAN,HIGHWAY,1,11.0
170800,1,1,121,4,3,80.0,0,N,MELB_URBAN,RAMP,12,0.0
170801,6,6,99,5,1,40.0,0,N,MELB_URBAN,STREET,12,15.0
170802,1,6,130,5,1,80.0,0,N,MELB_URBAN,UNKNOWN,12,7.0
170803,4,2,171,5,1,60.0,0,N,MELBOURNE_CBD,STREET,1,5.0
170804,1,3,120,5,1,100.0,0,N,RURAL_VICTORIA,ROAD,1,11.0
170805,8,5,174,2,1,60.0,0,I,RURAL_VICTORIA,ROAD,12,10.0
170806,6,5,99,5,1,60.0,0,N,MELB_URBAN,STREET,11,15.0
170807,1,3,111,2,1,80.0,0,O,MELB_URBAN,UNKNOWN,1,13.0
170808,1,2,99,5,1,70.0,0,N,MELB_URBAN,RAMP,1,14.0
170809,6,3,174,5,1,100.0,0,N,MELB_URBAN,UNKNOWN,1,13.0
170810,1,2,121,3,1,80.0,0,I,RURAL_VICTORIA,ROAD,1,14.0
170811,1,3,130,5,1,60.0,0,N,LARGE_PROVINCIAL_CITIES,HIGHWAY,1,12.0
170812,1,3,133,1,1,80.0,0,I,RURAL_VICTORIA,ROAD,1,16.0
170813,1,3,130,5,1,100.0,0,N,RURAL_VICTORIA,HIGHWAY,1,14.0
170814,1,6,147,2,1,80.0,0,N,MELB_URBAN,ROAD,12,15.0
170815,1,3,111,2,1,40.0,0,I,MELB_URBAN,ROAD,1,16.0
170816,6,3,174,5,1,60.0,0,N,MELB_URBAN,ROAD,1,19.0
170817,1,2,130,5,1,80.0,0,N,MELB_URBAN,HIGHWAY,1,16.0
170818,1,3,99,2,1,40.0,0,I,RURAL_VICTORIA,STREET,1,16.0
170819,4,3,183,5,1,100.0,0,N,RURAL_VICTORIA,ROAD,1,18.0
170820,1,4,160,5,3,60.0,0,N,TOWNS,STREET,1,1.0
170821,1,4,99,2,3,80.0,0,N,MELB_URBAN,HIGHWAY,1,0.0
170822,1,3,99,1,2,60.0,0,I,MELB_URBAN,HIGHWAY,12,7.0
170823,2,1,99,5,1,40.0,0,N,RURAL_VICTORIA,ROAD,12,8.0
170824,4,3,99,5,1,80.0,0,N,MELB_URBAN,FREEWAY,1,6.0
170825,1,4,121,1,1,60.0,0,I,MELB_URBAN,ROAD,1,7.0
170826,2,3,99,5,1,40.0,0,N,MELB_URBAN,ROAD,1,8.0
170827,6,5,174,5,1,100.0,0,N,RURAL_VICTORIA,ROAD,12,11.0
170828,1,4,140,5,1,60.0,0,N,SMALL_CITIES,STREET,1,11.0
170829,8,7,174,5,1,60.0,0,N,RURAL_VICTORIA,ROAD,11,19.0
170830,1,7,130,5,1,60.0,0,O,MELB_URBAN,UNKNOWN,12,12.0
170831,2,2,100,1,1,40.0,0,I,MELB_URBAN,ROAD,1,16.0
170832,4,2,181,5,1,100.0,0,N,RURAL_VICTORIA,ROAD,1,17.0
170833,7,1,99,5,3,50.0,0,N,LARGE_PROVINCIAL_CITIES,STREET,12,23.0
170834,1,4,160,5,1,60.0,0,N,MELB_URBAN,ROAD,1,13.0
170835,1,4,147,5,1,70.0,0,N,MELB_URBAN,ROAD,1,13.0
170836,4,4,99,5,1,60.0,0,N,RURAL_VICTORIA,OTHER,1,14.0
170837,1,3,163,5,1,60.0,0,N,MELB_URBAN,STREET,1,12.0
170838,1,4,121,1,1,100.0,0,I,RURAL_VICTORIA,HIGHWAY,1,12.0
170839,1,3,163,1,1,40.0,0,I,MELB_URBAN,STREET,1,15.0
170840,1,3,110,1,1,50.0,0,I,MELB_URBAN,STREET,1,12.0
170841,4,4,181,5,1,50.0,0,N,SMALL_CITIES,DRIVE,1,16.0
170842,1,3,99,2,1,100.0,0,I,RURAL_VICTORIA,HIGHWAY,1,18.0
170843,1,4,130,5,1,60.0,0,N,MELB_URBAN,ROAD,1,15.0
170844,1,3,110,1,2,50.0,0,N,MELB_URBAN,STREET,1,17.0
170845,1,4,130,5,1,100.0,0,N,MELB_URBAN,FREEWAY,1,18.0
170846,1,1,113,1,1,60.0,0,I,LARGE_PROVINCIAL_CITIES,AVENUE,12,7.0
170847,4,4,173,5,1,50.0,0,N,MELB_URBAN,STREET,1,20.0
170848,1,4,110,1,3,80.0,0,I,MELB_URBAN,ROAD,1,3.0
170849,1,3,111,2,1,80.0,0,I,MELB_URBAN,ROAD,12,10.0
170850,1,4,120,5,2,100.0,1,N,RURAL_VICTORIA,HIGHWAY,1,20.0
170851,4,5,173,5,2,60.0,0,N,RURAL_VICTORIA,ROAD,1,5.0
170852,4,5,173,5,1,80.0,0,N,RURAL_VICTORIA,ROAD,1,6.0
170853,1,3,133,2,1,80.0,0,I,MELB_URBAN,HIGHWAY,1,16.0
170854,1,6,110,1,1,50.0,0,I,SMALL_CITIES,STREET,11,15.0
170855,1,5,120,5,2,50.0,0,N,MELB_URBAN,ROAD,1,6.0
170856,1,1,130,5,1,60.0,0,N,MELB_URBAN,ROAD,1,17.0
170857,1,5,110,1,3,80.0,0,I,RURAL_VICTORIA,ROAD,1,2.0
170858,1,2,130,5,6,60.0,0,N,MELB_URBAN,OTHER,12,21.0
170859,4,5,173,5,1,100.0,0,N,RURAL_VICTORIA,ROAD,1,10.0
170860,1,4,130,5,1,60.0,0,N,MELB_URBAN,HIGHWAY,1,8.0
170861,4,4,173,5,2,60.0,0,N,RURAL_VICTORIA,ROAD,1,20.0
170862,1,6,121,2,1,60.0,0,N,SMALL_CITIES,STREET,12,9.0
170863,1,5,130,5,1,60.0,0,N,MELB_URBAN,HIGHWAY,1,14.0
170864,4,6,183,5,3,100.0,0,N,MELB_URBAN,ROAD,11,21.0
170865,1,5,110,1,1,50.0,0,I,TOWNS,STREET,12,14.0
170866,1,2,130,5,1,80.0,0,N,MELB_URBAN,ROAD,11,15.0
170867,1,4,121,1,1,60.0,0,I,MELB_URBAN,ROAD,1,14.0
170868,1,5,147,5,1,60.0,0,N,MELB_URBAN,ROAD,1,13.0
170869,2,5,100,2,1,40.0,0,N,MELB_URBAN,OTHER,1,16.0
170870,1,1,130,5,1,60.0,0,N,RURAL_VICTORIA,ROAD,12,14.0
170871,1,4,99,5,1,80.0,0,N,MELB_URBAN,ROAD,1,15.0
170872,1,5,99,5,1,60.0,0,N,MELB_URBAN,ROAD,1,16.0
170873,4,7,171,5,5,100.0,0,N,SMALL_CITIES,ROAD,12,21.0
170874,6,6,170,5,1,100.0,0,N,RURAL_VICTORIA,ROAD,10,7.0
170875,1,5,99,5,1,40.0,0,N,MELB_URBAN,STREET,1,13.0
170876,6,6,174,5,1,100.0,0,O,RURAL_VICTORIA,ROAD,12,8.0
170877,8,1,99,5,1,100.0,0,N,RURAL_VICTORIA,OTHER,12,11.0
170878,1,4,110,1,1,60.0,0,I,MELB_URBAN,STREET,1,17.0
170879,1,5,160,5,1,50.0,0,N,MELB_URBAN,STREET,1,16.0
170880,1,5,99,5,1,50.0,0,N,MELB_URBAN,OTHER,1,18.0
170881,1,5,132,2,1,60.0,0,O,RURAL_VICTORIA,ROAD,1,16.0
170882,1,6,130,5,1,80.0,0,N,RURAL_VICTORIA,ROAD,12,14.0
170883,1,5,99,5,1,80.0,0,N,MELB_URBAN,AVENUE,1,16.0
170884,1,5,110,1,1,70.0,0,I,MELB_URBAN,STREET,1,17.0
170885,1,5,99,5,1,100.0,0,N,RURAL_VICTORIA,ROAD,1,19.0
170886,4,0,171,5,2,50.0,0,N,SMALL_TOWNS,STREET,12,19.0
170887,1,5,133,5,2,50.0,0,N,MELB_URBAN,ROAD,1,20.0
170888,1,5,160,5,1,60.0,0,N,MELB_URBAN,ROAD,1,16.0
170889,1,4,116,1,3,60.0,0,I,MELB_URBAN,ROAD,1,23.0
170890,1,5,134,5,4,100.0,0,N,RURAL_VICTORIA,HIGHWAY,1,22.0
170891,1,5,163,5,3,50.0,0,N,MELB_URBAN,STREET,9,20.0
170892,1,6,113,2,1,70.0,0,I,MELB_URBAN,ROAD,12,7.0
170893,1,5,110,1,3,60.0,0,I,MELB_URBAN,STREET,1,21.0
170894,1,6,130,2,1,100.0,0,I,RURAL_VICTORIA,ROAD,1,6.0
170895,1,4,130,5,3,60.0,0,N,MELB_URBAN,ROAD,12,21.0
170896,1,6,99,2,1,60.0,0,I,MELB_URBAN,ROAD,1,10.0
170897,1,6,99,2,1,60.0,0,I,RURAL_VICTORIA,DRIVE,1,11.0
170898,1,4,130,2,1,60.0,0,N,RURAL_VICTORIA,ROAD,10,10.0
170899,4,6,181,5,1,50.0,0,N,SMALL_CITIES,OTHER,1,8.0
170900,1,6,160,5,1,50.0,0,N,MELB_URBAN,ROAD,1,11.0
170901,1,5,121,1,1,80.0,0,I,MELB_URBAN,ROAD,2,12.0
170902,1,6,130,5,1,100.0,0,N,MELB_URBAN,FREEWAY,1,11.0
170903,7,6,99,5,1,50.0,0,N,LARGE_PROVINCIAL_CITIES,OTHER,1,12.0
170904,4,6,181,5,1,100.0,0,N,RURAL_VICTORIA,ROAD,1,10.0
170905,2,7,99,5,1,60.0,0,N,MELB_URBAN,DRIVE,12,13.0
170906,1,6,99,1,1,50.0,0,I,MELB_URBAN,STREET,1,14.0
170907,1,6,99,2,1,50.0,0,I,MELB_URBAN,STREET,1,9.0
170908,6,6,184,5,1,100.0,0,N,RURAL_VICTORIA,ROAD,1,10.0
170909,1,6,121,1,1,70.0,0,I,LARGE_PROVINCIAL_CITIES,ROAD,1,13.0
170910,1,3,130,5,1,60.0,0,N,MELB_URBAN,UNKNOWN,12,8.0
170911,1,5,130,2,1,60.0,0,I,SMALL_CITIES,ROAD,1,14.0
170912,1,6,110,1,1,50.0,0,I,LARGE_PROVINCIAL_CITIES,AVENUE,1,14.0
170913,2,6,100,1,1,40.0,0,I,MELB_URBAN,STREET,1,15.0
170914,1,6,113,2,1,60.0,0,I,MELB_URBAN,PARADE,1,14.0
170915,1,6,121,1,1,60.0,0,I,TOWNS,HIGHWAY,1,15.0
170916,1,6,111,1,1,60.0,0,I,MELB_URBAN,DRIVE,1,14.0
170917,1,5,120,2,1,60.0,0,I,SMALL_CITIES,STREET,12,16.0
170918,1,2,147,2,1,60.0,0,N,MELB_URBAN,STREET,12,17.0
170919,1,6,130,1,1,80.0,0,N,MELB_URBAN,FREEWAY,1,16.0
170920,8,3,174,2,6,60.0,0,I,MELB_URBAN,STREET,1,20.0
170921,1,5,110,1,1,60.0,0,I,MELB_URBAN,ROAD,1,15.0
170922,4,1,183,5,1,40.0,0,O,RURAL_VICTORIA,ROAD,12,10.0
170923,1,5,130,5,1,80.0,0,N,MELB_URBAN,ROAD,1,16.0
170924,4,6,173,5,1,80.0,0,N,MELB_URBAN,ROAD,1,15.0
170925,4,6,183,5,1,100.0,0,N,RURAL_VICTORIA,ROAD,1,18.0
170926,1,6,110,1,1,60.0,0,I,TOWNS,ROAD,1,17.0
170927,2,6,99,5,1,70.0,0,N,MELB_URBAN,ROAD,1,15.0
170928,1,0,130,2,1,60.0,0,I,MELB_URBAN,ROAD,5,14.0
170929,1,6,120,5,1,80.0,1,N,RURAL_VICTORIA,HIGHWAY,1,16.0
170930,6,6,174,2,2,60.0,0,N,MELB_URBAN,STREET,1,20.0
170931,4,6,99,2,2,50.0,0,I,MELB_URBAN,STREET,1,18.0
170932,1,6,133,5,3,100.0,0,N,MELB_URBAN,ROAD,1,22.0
170933,1,6,130,5,3,80.0,0,N,MELB_URBAN,ROAD,1,23.0
170934,1,3,130,5,3,60.0,0,N,MELB_URBAN,BOULEVARD,8,21.0
170935,1,7,160,5,3,60.0,0,N,MELB_URBAN,ROAD,1,4.0
170936,1,5,135,2,1,80.0,0,I,TOWNS,ROAD,12,15.0
170937,1,6,132,5,1,80.0,0,N,TOWNS,ROAD,1,13.0
170938,4,7,181,5,1,100.0,0,N,RURAL_VICTORIA,ROAD,12,15.0
170939,1,7,110,1,1,80.0,0,I,MELB_URBAN,ROAD,1,10.0
170940,1,5,130,1,1,60.0,0,I,MELB_URBAN,ROAD,12,7.0
170941,4,2,181,5,1,100.0,0,O,RURAL_VICTORIA,UNKNOWN,12,14.0
170942,6,6,170,9,1,80.0,0,N,RURAL_VICTORIA,ROAD,1,10.0
170943,1,6,147,5,1,60.0,0,N,MELB_URBAN,ROAD,1,15.0
170944,2,6,99,5,1,40.0,0,N,LARGE_PROVINCIAL_CITIES,STREET,1,19.0
170945,1,2,130,5,1,100.0,0,N,MELB_URBAN,FREEWAY,1,12.0
170946,1,1,130,5,6,50.0,0,N,MELB_URBAN,DRIVE,12,4.0
170947,4,7,181,5,1,100.0,0,N,RURAL_VICTORIA,HIGHWAY,1,12.0
170948,1,3,130,5,1,70.0,0,N,LARGE_PROVINCIAL_CITIES,HIGHWAY,12,14.0
170949,4,7,181,5,1,80.0,0,N,RURAL_VICTORIA,ROAD,1,13.0
170950,1,7,116,2,1,70.0,0,I,MELB_URBAN,ROAD,1,15.0
170951,1,7,121,2,1,60.0,0,N,MELB_URBAN,HIGHWAY,1,14.0
170952,8,7,174,5,1,100.0,0,N,RURAL_VICTORIA,HIGHWAY,1,14.0
170953,1,5,121,1,2,80.0,0,I,MELB_URBAN,HIGHWAY,11,18.0
170954,4,7,171,5,1,80.0,0,N,RURAL_VICTORIA,ROAD,1,17.0
170955,1,7,132,5,1,100.0,1,N,RURAL_VICTORIA,HIGHWAY,1,13.0
170956,6,4,174,5,1,60.0,0,N,MELB_URBAN,AVENUE,1,19.0
170957,1,7,130,5,1,60.0,0,N,MELB_URBAN,ROAD,1,15.0
170958,1,7,130,5,1,110.0,0,N,RURAL_VICTORIA,FREEWAY,1,19.0
170959,4,7,183,2,3,100.0,0,I,RURAL_VICTORIA,HIGHWAY,1,20.0
170960,1,7,130,5,3,70.0,0,N,MELB_URBAN,ROAD,1,22.0
170961,2,7,100,1,3,50.0,0,I,LARGE_PROVINCIAL_CITIES,STREET,1,23.0
170962,4,1,181,5,3,60.0,0,N,MELB_URBAN,ROAD,1,3.0
170963,1,2,130,1,1,70.0,0,I,LARGE_PROVINCIAL_CITIES,ROAD,12,17.0
170964,1,7,121,1,3,60.0,0,I,MELB_URBAN,RAMP,1,23.0