,accident_type,day_of_week,dca_code,road_geometry,light_condition,speed_zone,severity,node_type,deg_urban_name,road_type,month,hour
170965,1,1,120,1,3,40.0,0,I,MELB_URBAN,STREET,1,4.0
170966,1,4,110,1,1,60.0,0,I,SMALL_CITIES,STREET,11,15.0
170967,1,5,132,5,6,60.0,0,N,MELB_URBAN,ROAD,12,20.0
170968,4,2,173,5,3,50.0,0,N,LARGE_PROVINCIAL_CITIES,OTHER,1,4.0
170969,1,7,121,2,1,50.0,0,I,MELB_URBAN,ROAD,1,10.0
170970,1,5,99,5,1,60.0,0,N,MELB_URBAN,DRIVE,1,10.0
170971,7,1,99,2,1,50.0,0,N,MELB_URBAN,OTHER,1,10.0
170972,1,1,133,5,1,40.0,0,N,MELB_URBAN,ROAD,1,8.0
170973,1,1,130,2,1,60.0,0,I,MELB_URBAN,ROAD,1,12.0
170974,2,1,102,2,1,60.0,0,I,MELB_URBAN,ROAD,1,12.0
170975,4,1,171,5,1,100.0,0,O,RURAL_VICTORIA,ROAD,1,8.0
170976,4,1,171,5,1,60.0,0,N,MELB_URBAN,ROAD,1,12.0
170977,1,0,110,1,1,60.0,0,I,MELB_URBAN,ROAD,1,13.0
170978,2,1,100,1,1,40.0,0,I,MELB_URBAN,STREET,1,12.0
170979,6,0,99,2,1,80.0,0,I,RURAL_VICTORIA,ROAD,1,12.0
170980,1,1,160,2,1,60.0,0,N,MELB_URBAN,HIGHWAY,1,12.0
170981,1,7,110,1,3,60.0,0,I,TOWNS,ROAD,1,20.0
170982,1,1,110,1,1,60.0,0,I,MELB_URBAN,STREET,1,14.0
170983,1,1,132,2,1,80.0,0,O,RURAL_VICTORIA,ROAD,1,16.0
170984,6,1,99,5,1,100.0,0,N,RURAL_VICTORIA,HIGHWAY,1,14.0
170985,4,7,99,5,1,60.0,0,N,RURAL_VICTORIA,OTHER,1,18.0
170986,1,1,120,5,1,60.0,0,N,MELB_URBAN,ROAD,1,15.0
170987,1,1,99,5,1,100.0,0,N,RURAL_VICTORIA,ROAD,1,15.0
170988,1,1,130,5,1,50.0,0,N,MELB_URBAN,ROAD,1,17.0
170989,1,1,130,5,1,80.0,0,N,MELB_URBAN,FREEWAY,1,14.0
170990,1,5,99,5,1,60.0,0,N,RURAL_VICTORIA,ROAD,1,9.0
170991,4,1,171,1,2,110.0,0,N,RURAL_VICTORIA,FREEWAY,1,20.0
170992,2,1,102,5,1,60.0,0,N,MELB_URBAN,ROAD,1,14.0
170993,5,1,99,5,5,100.0,0,N,RURAL_VICTORIA,ROAD,1,23.0
170994,4,2,171,5,3,100.0,0,N,MELB_URBAN,FREEWAY,1,2.0
170995,4,2,181,5,1,100.0,0,N,RURAL_VICTORIA,ROAD,1,8.0
170996,8,2,99,5,1,40.0,0,I,MELB_URBAN,STREET,1,8.0
170997,1,2,130,2,1,70.0,0,N,MELB_URBAN,ROAD,1,9.0
170998,2,2,99,1,1,60.0,0,I,MELB_URBAN,STREET,1,10.0
170999,1,2,130,5,1,80.0,0,N,MELB_URBAN,ROAD,1,10.0
171000,6,2,99,5,1,100.0,0,N,RURAL_VICTORIA,HIGHWAY,1,7.0
171001,1,5,111,1,1,60.0,0,I,MELB_URBAN,ROAD,1,22.0
171002,4,1,171,5,1,100.0,0,N,RURAL_VICTORIA,RAMP,1,11.0
171003,2,5,100,1,1,60.0,0,I,MELB_URBAN,ROAD,12,18.0
171004,1,5,130,5,1,60.0,0,N,MELB_URBAN,FREEWAY,11,16.0
171005,1,1,120,5,1,60.0,0,N,MELB_URBAN,ROAD,1,14.0
171006,1,3,99,2,1,50.0,0,I,MELB_URBAN,STREET,12,16.0
171007,1,4,130,5,1,50.0,0,N,LARGE_PROVINCIAL_CITIES,STREET,12,14.0
171008,1,1,120,2,1,60.0,0,I,MELB_URBAN,ROAD,12,15.0
171009,1,2,130,1,1,60.0,0,I,MELB_URBAN,OTHER,1,14.0
171010,1,2,120,5,1,80.0,0,N,RURAL_VICTORIA,ROAD,1,11.0
171011,1,5,160,5,1,50.0,0,N,MELB_URBAN,UNKNOWN,5,12.0
171012,1,7,130,5,1,60.0,0,N,MELB_URBAN,STREET,1,16.0
171013,1,6,111,1,1,70.0,0,I,RURAL_VICTORIA,HIGHWAY,1,17.0
171014,1,2,99,2,1,50.0,0,I,MELB_URBAN,STREET,1,17.0
171015,8,4,174,5,1,60.0,0,N,MELB_URBAN,STREET,11,17.0
171016,1,2,99,5,1,50.0,0,N,SMALL_CITIES,STREET,1,15.0
171017,1,5,99,1,1,40.0,0,I,SMALL_CITIES,ROAD,1,17.0
171018,6,2,174,1,1,80.0,0,O,RURAL_VICTORIA,RAMP,1,14.0
171019,2,2,99,1,1,60.0,0,I,MELB_URBAN,ROAD,1,18.0
171020,1,2,130,2,1,80.0,0,N,MELB_URBAN,ROAD,1,17.0
171021,1,1,130,5,1,70.0,0,O,MELB_URBAN,ROAD,1,15.0
171022,1,2,132,1,1,60.0,0,I,RURAL_VICTORIA,HIGHWAY,1,15.0
171023,4,1,171,5,2,80.0,0,N,TOWNS,ROAD,1,5.0
171024,1,2,99,5,5,60.0,0,N,RURAL_VICTORIA,ROAD,1,21.0
171025,1,2,99,5,3,100.0,0,N,MELB_URBAN,ROAD,1,23.0
171026,1,7,121,5,1,50.0,0,O,MELB_URBAN,ROAD,1,11.0
171027,6,2,99,5,1,80.0,0,N,RURAL_VICTORIA,ROAD,1,7.0
171028,1,1,130,2,1,60.0,0,I,MELB_URBAN,ROAD,1,18.0
171029,1,3,134,1,1,60.0,0,I,MELB_URBAN,ROAD,1,9.0
171030,4,3,173,5,1,100.0,1,I,RURAL_VICTORIA,HIGHWAY,1,10.0
171031,1,3,130,5,1,100.0,0,N,MELB_URBAN,FREEWAY,12,11.0
171032,1,3,130,5,1,80.0,0,N,MELB_URBAN,ROAD,12,9.0
171033,1,7,140,5,3,60.0,0,N,MELB_URBAN,ROAD,12,21.0
171034,1,7,130,5,1,60.0,0,N,SMALL_CITIES,HIGHWAY,1,12.0
171035,1,2,113,2,1,60.0,0,I,SMALL_CITIES,ROAD,1,11.0
171036,1,3,130,5,1,40.0,0,N,MELB_URBAN,STREET,1,12.0
171037,1,3,113,2,1,80.0,1,I,RURAL_VICTORIA,HIGHWAY,1,13.0
171038,1,3,130,5,1,60.0,0,N,RURAL_VICTORIA,ROAD,1,14.0
171039,6,4,174,4,2,60.0,0,N,MELB_URBAN,ROAD,1,20.0
171040,3,6,167,5,2,100.0,0,N,RURAL_VICTORIA,FREEWAY,12,6.0
171041,2,3,100,1,1,50.0,0,I,MELB_URBAN,ROAD,1,14.0
171042,1,2,120,5,1,60.0,0,N,MELB_URBAN,ROAD,1,15.0
171043,1,0,130,1,1,60.0,0,I,MELB_URBAN,ROAD,1,16.0
171044,1,3,140,1,1,80.0,0,N,MELB_URBAN,FREEWAY,1,14.0
171045,1,2,110,1,1,60.0,0,I,MELB_URBAN,ROAD,1,15.0
171046,2,2,100,1,1,70.0,0,I,MELB_URBAN,ROAD,1,14.0
171047,4,3,173,5,1,60.0,0,N,LARGE_PROVINCIAL_CITIES,ROAD,1,14.0
171048,4,5,181,5,1,100.0,0,N,RURAL_VICTORIA,ROAD,1,15.0
171049,2,3,99,2,1,30.0,0,I,MELB_URBAN,STREET,1,11.0
171050,1,3,135,5,1,100.0,0,N,MELB_URBAN,FREEWAY,1,18.0
171051,1,3,113,2,1,50.0,0,I,MELB_URBAN,STREET,1,17.0
171052,1,3,130,5,1,100.0,0,N,RURAL_VICTORIA,FREEWAY,1,17.0
171053,1,2,121,5,2,50.0,0,N,MELB_URBAN,DRIVE,1,19.0
171054,1,3,99,5,1,60.0,0,N,RURAL_VICTORIA,BOULEVARD,1,20.0
171055,2,3,99,5,3,50.0,0,N,MELB_URBAN,ROAD,1,20.0
171056,1,1,135,5,5,100.0,0,N,RURAL_VICTORIA,FREEWAY,1,4.0
171057,2,2,102,1,1,60.0,0,N,MELB_URBAN,STREET,1,18.0
171058,1,3,130,5,3,70.0,0,N,MELB_URBAN,ROAD,1,23.0
171059,6,3,174,1,3,40.0,0,I,MELBOURNE_CBD,STREET,1,2.0
171060,1,3,99,5,3,60.0,0,N,MELB_URBAN,STREET,1,21.0
171061,6,4,99,5,5,40.0,0,N,RURAL_VICTORIA,ROAD,1,1.0
171062,4,4,99,2,3,60.0,0,N,MELB_URBAN,STREET,1,2.0
171063,1,4,130,2,3,60.0,0,I,MELB_URBAN,ROAD,1,3.0
171064,1,1,160,5,1,50.0,0,N,SMALL_TOWNS,ROAD,12,16.0
171065,1,1,113,2,1,80.0,0,I,MELB_URBAN,ROAD,1,13.0
171066,1,4,99,2,1,60.0,0,I,MELB_URBAN,ROAD,1,9.0
171067,4,4,99,5,2,60.0,0,N,MELB_URBAN,ROAD,1,6.0
171068,1,4,133,2,1,60.0,0,I,LARGE_PROVINCIAL_CITIES,STREET,1,10.0
171069,1,4,111,2,1,80.0,0,I,MELB_URBAN,ROAD,1,8.0
171070,1,1,121,2,1,60.0,0,I,MELB_URBAN,ROAD,1,8.0
171071,1,3,110,1,1,40.0,0,I,MELB_URBAN,STREET,1,12.0
171072,2,3,100,5,1,60.0,0,N,MELB_URBAN,PARADE,1,14.0
171073,1,4,130,1,1,60.0,0,N,MELB_URBAN,STREET,1,14.0
171074,1,1,130,5,1,100.0,0,O,MELB_URBAN,FREEWAY,1,15.0
171075,1,3,130,5,1,80.0,0,N,RURAL_VICTORIA,ROAD,1,15.0
171076,1,4,140,2,1,40.0,0,O,MELB_URBAN,UNKNOWN,1,13.0
171077,2,4,100,1,9,60.0,0,I,MELB_URBAN,ROAD,12,16.0
171078,1,4,140,5,1,60.0,0,N,LARGE_PROVINCIAL_CITIES,STREET,12,14.0
171079,1,4,113,4,1,60.0,0,I,MELB_URBAN,ROAD,1,16.0
171080,1,1,171,1,3,80.0,0,I,MELB_URBAN,HIGHWAY,1,17.0
171081,1,3,130,5,2,60.0,0,N,RURAL_VICTORIA,ROAD,1,5.0
171082,4,4,181,5,1,100.0,0,N,RURAL_VICTORIA,ROAD,1,16.0
171083,1,4,99,1,1,60.0,0,N,MELB_URBAN,ROAD,1,14.0
171084,1,4,99,1,1,60.0,0,I,LARGE_PROVINCIAL_CITIES,STREET,1,16.0
171085,1,4,133,5,1,80.0,0,O,RURAL_VICTORIA,ROAD,1,16.0
171086,5,4,99,5,5,100.0,0,N,RURAL_VICTORIA,HIGHWAY,1,21.0
171087,1,3,110,1,1,50.0,0,I,MELB_URBAN,PARADE,1,15.0
171088,1,4,147,5,1,60.0,0,N,SMALL_CITIES,DRIVE,1,16.0
171089,1,4,110,1,1,80.0,0,I,RURAL_VICTORIA,ROAD,1,15.0
171090,1,4,120,5,1,50.0,0,N,MELB_URBAN,ROAD,1,17.0
171091,1,5,135,5,1,60.0,0,N,MELB_URBAN,HIGHWAY,1,15.0
171092,1,3,130,5,1,80.0,0,N,MELB_URBAN,ROAD,1,16.0
171093,1,4,120,5,3,60.0,0,N,LARGE_PROVINCIAL_CITIES,ROAD,1,5.0
171094,4,5,181,5,5,60.0,0,N,RURAL_VICTORIA,ROAD,1,1.0
171095,4,5,171,2,3,50.0,0,N,MELB_URBAN,ROAD,1,1.0
171096,6,5,174,5,1,50.0,0,N,SMALL_CITIES,STREET,1,13.0
171097,4,5,99,2,5,80.0,0,N,RURAL_VICTORIA,ROAD,1,3.0
171098,4,4,181,5,3,60.0,1,N,MELB_URBAN,STREET,1,23.0
171099,1,5,121,2,9,60.0,0,N,MELB_URBAN,ROAD,1,6.0
171100,6,5,184,5,1,100.0,0,N,RURAL_VICTORIA,ROAD,1,12.0
171101,1,5,99,5,1,80.0,0,N,RURAL_VICTORIA,ROAD,1,6.0
171102,4,2,183,5,1,60.0,0,N,RURAL_VICTORIA,ROAD,1,18.0
171103,4,4,171,5,2,70.0,0,N,MELB_URBAN,ROAD,1,20.0
171104,1,1,130,1,1,80.0,0,N,MELB_URBAN,ROAD,11,9.0
171105,1,4,113,1,1,70.0,0,I,MELB_URBAN,ROAD,1,14.0
171106,1,5,121,1,3,60.0,0,I,MELB_URBAN,ROAD,7,17.0
171107,4,3,181,5,1,60.0,0,N,RURAL_VICTORIA,ROAD,11,10.0
171108,1,4,113,2,1,70.0,0,N,MELB_URBAN,ROAD,1,18.0
171109,8,1,174,5,9,60.0,0,N,RURAL_VICTORIA,ROAD,1,21.0
171110,4,5,171,5,2,80.0,0,N,RURAL_VICTORIA,FREEWAY,1,6.0
171111,1,5,113,1,1,80.0,1,I,MELB_URBAN,ROAD,1,8.0
171112,1,5,110,1,1,60.0,0,I,SMALL_CITIES,PARADE,1,10.0
171113,1,5,113,2,1,80.0,0,I,MELB_URBAN,HIGHWAY,1,10.0
171114,1,3,135,5,1,80.0,0,N,MELB_URBAN,HIGHWAY,12,13.0
171115,2,5,100,5,1,40.0,0,N,MELB_URBAN,OTHER,1,8.0
171116,1,3,121,1,1,70.0,0,I,MELB_URBAN,ROAD,1,17.0
171117,1,2,113,1,1,80.0,0,N,MELB_URBAN,ROAD,1,18.0
171118,1,4,99,5,1,40.0,0,N,MELB_URBAN,HIGHWAY,1,10.0
171119,1,4,120,5,1,100.0,0,N,RURAL_VICTORIA,ROAD,1,9.0
171120,4,5,171,5,1,100.0,0,N,RURAL_VICTORIA,ROAD,1,11.0
171121,1,5,130,2,1,60.0,0,N,MELB_URBAN,STREET,1,13.0
171122,1,2,99,2,1,50.0,0,I,MELB_URBAN,OTHER,12,8.0
171123,2,5,99,2,1,60.0,0,I,LARGE_PROVINCIAL_CITIES,STREET,1,16.0
171124,1,6,130,1,1,50.0,0,I,MELB_URBAN,OTHER,1,19.0
171125,8,6,184,5,1,60.0,0,N,MELB_URBAN,ROAD,1,16.0
171126,1,5,99,1,1,80.0,0,I,MELB_URBAN,ROAD,1,12.0
171127,6,1,184,5,1,100.0,0,O,RURAL_VICTORIA,ROAD,12,15.0
171128,1,4,130,5,1,80.0,0,N,MELB_URBAN,HIGHWAY,1,16.0
171129,2,4,99,5,1,50.0,0,N,MELB_URBAN,ROAD,1,17.0
171130,4,5,181,5,1,60.0,0,N,MELB_URBAN,ROAD,1,19.0
171131,1,4,120,5,2,50.0,0,N,LARGE_PROVINCIAL_CITIES,AVENUE,1,6.0
171132,1,5,99,1,1,60.0,0,I,MELB_URBAN,ROAD,1,19.0
171133,1,5,113,1,1,80.0,0,I,MELB_URBAN,ROAD,1,17.0
171134,1,4,110,1,1,80.0,0,I,MELB_URBAN,HIGHWAY,1,20.0
171135,4,5,171,5,1,100.0,0,N,RURAL_VICTORIA,HIGHWAY,1,20.0
171136,6,5,174,5,2,110.0,0,N,SMALL_CITIES,FREEWAY,1,20.0
171137,2,5,102,5,3,40.0,0,N,MELB_URBAN,AVENUE,1,21.0
171138,4,5,183,5,2,100.0,0,N,RURAL_VICTORIA,ROAD,1,19.0
171139,1,5,111,2,1,60.0,0,I,MELB_URBAN,ROAD,1,18.0
171140,6,5,174,5,3,50.0,0,N,MELB_URBAN,STREET,1,23.0
171141,1,5,121,2,3,70.0,0,N,RURAL_VICTORIA,ROAD,1,21.0
171142,8,6,174,1,3,60.0,0,I,MELB_URBAN,ROAD,10,23.0
171143,2,5,99,5,3,60.0,0,N,MELB_URBAN,ROAD,1,0.0
171144,4,5,171,5,3,80.0,0,N,MELB_URBAN,ROAD,1,21.0
171145,1,5,110,1,3,60.0,0,I,MELB_URBAN,STREET,1,23.0
171146,1,6,113,4,1,80.0,0,I,RURAL_VICTORIA,ROAD,1,7.0
171147,1,6,121,2,1,60.0,0,I,MELB_URBAN,ROAD,1,8.0
171148,1,0,130,5,1,80.0,0,N,MELB_URBAN,RAMP,1,18.0
171149,6,4,184,5,1,100.0,0,N,RURAL_VICTORIA,ROAD,1,11.0
171150,4,5,173,5,1,80.0,0,N,MELB_URBAN,FREEWAY,1,10.0
171151,1,1,111,1,3,60.0,0,I,MELB_URBAN,STREET,1,20.0
171152,1,6,99,2,1,60.0,0,I,MELB_URBAN,STREET,1,9.0
171153,1,6,130,5,1,50.0,0,N,SMALL_CITIES,STREET,1,12.0
171154,1,3,121,2,3,80.0,0,I,MELB_URBAN,ROAD,1,22.0
171155,1,1,111,2,1,60.0,0,I,MELB_URBAN,ROAD,12,17.0
171156,1,6,120,5,1,60.0,0,N,MELB_URBAN,ROAD,1,12.0
171157,4,6,171,5,1,60.0,0,N,LARGE_PROVINCIAL_CITIES,PARADE,1,13.0
171158,1,2,99,1,1,80.0,0,I,MELB_URBAN,HIGHWAY,12,15.0
171159,4,3,181,5,1,80.0,0,N,RURAL_VICTORIA,ROAD,1,12.0
171160,4,5,99,1,3,50.0,0,I,TOWNS,STREET,1,21.0
171161,1,5,130,5,1,40.0,0,N,SMALL_CITIES,BOULEVARD,1,12.0
171162,1,6,130,5,1,60.0,0,N,MELB_URBAN,ROAD,1,15.0
171163,1,5,130,5,1,80.0,0,N,MELB_URBAN,UNKNOWN,11,16.0
171164,1,6,121,1,1,60.0,0,I,LARGE_PROVINCIAL_CITIES,STREET,1,16.0
171165,1,5,132,2,1,100.0,0,I,RURAL_VICTORIA,FREEWAY,9,12.0
171166,1,5,110,1,1,50.0,0,I,MELB_URBAN,ROAD,1,16.0
171167,1,5,120,5,1,100.0,0,N,RURAL_VICTORIA,ROAD,1,17.0
171168,2,6,99,5,1,50.0,0,N,MELB_URBAN,BOULEVARD,1,16.0
171169,1,6,113,2,3,40.0,0,I,MELB_URBAN,ROAD,1,21.0
171170,4,7,99,5,3,60.0,0,N,MELB_URBAN,ROAD,1,1.0
171171,1,6,160,5,3,50.0,0,N,MELB_URBAN,DRIVE,1,22.0
171172,4,1,171,5,1,60.0,0,N,RURAL_VICTORIA,ROAD,1,8.0
171173,1,1,130,1,1,60.0,0,N,MELB_URBAN,ROAD,12,19.0
171174,2,6,99,2,1,40.0,0,N,MELB_URBAN,ROAD,1,10.0
171175,4,7,183,5,5,60.0,0,N,RURAL_VICTORIA,ROAD,1,21.0
171176,1,7,110,1,1,100.0,0,I,RURAL_VICTORIA,HIGHWAY,1,13.0
171177,4,6,99,5,1,50.0,0,N,MELB_URBAN,ROAD,1,12.0
171178,1,7,133,1,1,60.0,0,I,MELB_URBAN,FREEWAY,1,11.0
171179,1,2,160,5,3,60.0,0,N,MELB_URBAN,ROAD,1,20.0
171180,1,7,110,1,1,60.0,0,I,SMALL_CITIES,ROAD,1,16.0
171181,1,7,120,5,1,50.0,0,N,RURAL_VICTORIA,ROAD,1,16.0
171182,2,7,100,2,1,50.0,0,I,LARGE_PROVINCIAL_CITIES,STREET,1,19.0
171183,1,7,99,1,1,60.0,0,I,MELB_URBAN,HIGHWAY,1,13.0
171184,1,7,121,2,2,80.0,0,I,RURAL_VICTORIA,ROAD,1,18.0
171185,1,7,120,5,1,100.0,0,N,RURAL_VICTORIA,ROAD,1,16.0
171186,1,4,130,1,1,80.0,0,I,MELB_URBAN,ROAD,10,17.0
171187,1,7,121,4,1,60.0,0,N,MELB_URBAN,ROAD,1,20.0
171188,4,7,99,2,5,60.0,1,I,RURAL_VICTORIA,ROAD,1,22.0
171189,1,7,121,1,3,70.0,0,N,RURAL_VICTORIA,ROAD,1,23.0
171190,1,7,113,2,3,60.0,0,N,MELB_URBAN,ROAD,1,23.0
171191,4,1,99,1,2,60.0,0,I,MELB_URBAN,BOULEVARD,1,4.0
171192,4,1,171,5,5,100.0,0,N,RURAL_VICTORIA,ROAD,1,5.0
171193,4,7,181,5,1,100.0,0,N,RURAL_VICTORIA,ROAD,1,12.0
171194,4,2,183,5,5,100.0,0,N,RURAL_VICTORIA,ROAD,11,22.0
171195,1,7,99,5,1,50.0,0,N,MELB_URBAN,STREET,1,11.0
171196,5,2,99,5,9,60.0,0,N,MELB_URBAN,STREET,1,16.0
171197,4,0,173,5,1,100.0,0,N,RURAL_VICTORIA,OTHER,1,9.0
171198,5,7,99,5,1,100.0,0,N,SMALL_TOWNS,HIGHWAY,1,17.0
171199,1,1,147,5,1,60.0,0,N,MELB_URBAN,DRIVE,1,12.0
171200,1,6,130,5,1,70.0,0,N,MELB_URBAN,STREET,1,12.0
171201,4,1,183,5,1,80.0,0,N,RURAL_VICTORIA,ROAD,1,13.0
171202,4,1,173,5,1,80.0,1,N,SMALL_CITIES,HIGHWAY,1,12.0
171203,8,0,99,5,1,80.0,0,N,RURAL_VICTORIA,ROAD,1,9.0
171204,4,1,181,5,1,80.0,0,N,RURAL_VICTORIA,ROAD,1,12.0
171205,2,1,99,5,1,60.0,0,N,TOWNS,ROAD,1,15.0
171206,1,1,140,5,1,60.0,0,N,MELB_URBAN,AVENUE,1,13.0
171207,1,1,121,2,1,60.0,0,I,MELB_URBAN,ROAD,1,15.0
171208,2,0,100,2,1,40.0,0,N,MELB_URBAN,STREET,1,15.0
171209,1,1,120,5,1,60.0,0,N,LARGE_PROVINCIAL_CITIES,PARADE,1,15.0
171210,8,1,174,5,1,50.0,0,N,MELB_URBAN,UNKNOWN,1,18.0
171211,1,1,163,5,1,40.0,0,N,MELB_URBAN,STREET,1,17.0
171212,2,1,102,1,1,70.0,0,N,LARGE_PROVINCIAL_CITIES,HIGHWAY,1,18.0
171213,4,1,181,5,1,100.0,0,N,RURAL_VICTORIA,HIGHWAY,1,16.0
171214,6,1,174,5,1,40.0,0,N,MELB_URBAN,STREET,1,18.0
171215,1,1,160,5,1,60.0,0,N,MELB_URBAN,DRIVE,1,15.0
171216,1,7,120,5,1,60.0,0,N,MELB_URBAN,ROAD,1,15.0
171217,1,1,111,1,1,50.0,0,I,MELB_URBAN,ROAD,1,17.0
171218,8,0,99,5,1,80.0,0,N,MELB_URBAN,ROAD,1,16.0
171219,4,1,173,5,1,100.0,1,N,RURAL_VICTORIA,ROAD,1,16.0
171220,4,1,183,5,1,100.0,0,N,RURAL_VICTORIA,ROAD,1,17.0
171221,2,1,102,2,3,70.0,0,I,MELB_URBAN,AVENUE,1,21.0
171222,4,2,171,2,1,40.0,0,N,MELB_URBAN,STREET,1,13.0
171223,1,2,111,2,1,80.0,0,N,MELB_URBAN,ROAD,1,6.0
171224,1,1,132,2,1,100.0,0,I,RURAL_VICTORIA,HIGHWAY,11,11.0
171225,1,2,120,2,2,70.0,0,N,MELB_URBAN,PARADE,1,6.0
171226,4,3,99,5,3,60.0,0,N,RURAL_VICTORIA,ROAD,1,20.0
171227,6,1,99,2,1,50.0,0,I,SMALL_CITIES,STREET,1,14.0
171228,1,6,121,1,1,60.0,0,I,MELB_URBAN,ROAD,1,10.0
171229,1,6,130,1,1,60.0,0,I,MELB_URBAN,ROAD,1,17.0
171230,6,1,99,5,1,100.0,0,N,RURAL_VICTORIA,ROAD,1,8.0
171231,1,1,130,5,1,70.0,0,N,MELB_URBAN,ROAD,1,13.0
171232,1,1,120,5,1,80.0,0,N,RURAL_VICTORIA,ROAD,1,14.0
171233,1,6,147,5,1,40.0,0,N,SMALL_CITIES,STREET,11,11.0
171234,1,1,130,5,1,80.0,0,N,MELB_URBAN,HIGHWAY,1,6.0
171235,1,5,110,1,1,50.0,0,I,SMALL_TOWNS,STREET,1,18.0
171236,7,3,99,5,3,40.0,0,N,MELB_URBAN,STREET,10,23.0
171237,1,1,116,2,1,60.0,0,I,MELB_URBAN,STREET,12,12.0
171238,1,6,132,2,1,50.0,0,I,MELB_URBAN,DRIVE,12,12.0
171239,1,2,113,2,1,60.0,0,I,MELB_URBAN,ROAD,1,11.0
171240,1,2,134,5,1,110.0,0,N,RURAL_VICTORIA,FREEWAY,1,12.0
171241,1,1,110,1,1,60.0,0,I,MELB_URBAN,ROAD,1,13.0
171242,1,5,130,5,1,80.0,0,N,MELB_URBAN,ROAD,1,11.0
171243,1,1,130,2,1,50.0,0,I,MELB_URBAN,DRIVE,1,17.0
171244,4,2,181,5,1,80.0,0,N,RURAL_VICTORIA,ROAD,1,12.0
171245,1,2,134,2,1,100.0,0,I,RURAL_VICTORIA,HIGHWAY,1,9.0
171246,1,2,130,5,1,80.0,0,N,MELB_URBAN,ROAD,1,11.0
171247,1,2,120,2,1,60.0,0,N,SMALL_CITIES,DRIVE,1,14.0
171248,2,2,100,1,1,60.0,0,I,MELB_URBAN,ROAD,1,14.0
171249,4,2,171,5,1,60.0,0,O,MELB_URBAN,DRIVE,1,15.0
171250,1,6,113,1,1,60.0,0,I,MELB_URBAN,ROAD,1,15.0
171251,1,2,99,1,1,40.0,0,I,MELB_URBAN,STREET,1,17.0
171252,1,5,163,1,3,40.0,0,N,MELBOURNE_CBD,OTHER,12,22.0
171253,1,2,147,5,1,60.0,0,N,LARGE_PROVINCIAL_CITIES,STREET,1,15.0
171254,2,2,102,5,1,50.0,0,N,RURAL_VICTORIA,STREET,1,18.0
171255,1,2,130,5,1,80.0,0,N,RURAL_VICTORIA,HIGHWAY,1,17.0
171256,1,1,135,5,1,80.0,0,O,MELB_URBAN,UNKNOWN,1,16.0
171257,2,2,99,5,1,50.0,0,N,MELB_URBAN,ROAD,1,18.0
171258,1,2,133,5,1,60.0,0,N,MELB_URBAN,ROAD,1,16.0
171259,1,2,140,5,1,80.0,0,N,TOWNS,HIGHWAY,1,18.0
171260,1,2,135,5,1,100.0,0,N,SMALL_TOWNS,FREEWAY,1,15.0
171261,1,2,121,2,1,60.0,0,N,MELB_URBAN,UNKNOWN,1,16.0
171262,8,1,170,5,5,60.0,0,N,RURAL_VICTORIA,ROAD,1,4.0
171263,1,1,133,5,1,80.0,0,N,MELB_URBAN,HIGHWAY,1,17.0
171264,1,1,120,1,1,60.0,0,I,MELB_URBAN,ROAD,1,15.0
171265,1,1,110,1,1,60.0,0,I,SMALL_TOWNS,ROAD,1,19.0
171266,1,1,130,1,1,70.0,0,I,MELB_URBAN,ROAD,1,14.0
171267,1,2,121,1,1,50.0,0,I,MELB_URBAN,ROAD,1,7.0
171268,6,1,184,5,1,100.0,0,N,RURAL_VICTORIA,ROAD,1,11.0
171269,1,6,99,2,1,50.0,0,N,MELB_URBAN,STREET,3,8.0
171270,1,3,130,5,1,60.0,0,N,MELB_URBAN,OTHER,1,9.0
171271,1,2,130,2,1,80.0,0,N,MELB_URBAN,UNKNOWN,1,9.0
171272,1,3,130,5,1,70.0,0,N,MELB_URBAN,ROAD,1,8.0
171273,1,3,110,1,1,50.0,0,I,TOWNS,STREET,1,9.0
171274,1,1,121,1,1,60.0,0,I,MELB_URBAN,STREET,1,7.0
171275,1,6,113,2,2,60.0,0,I,MELB_URBAN,ROAD,6,16.0
171276,4,1,171,5,1,60.0,0,N,MELB_URBAN,ROAD,1,18.0
171277,1,3,110,1,1,60.0,0,N,RURAL_VICTORIA,OTHER,1,11.0
171278,1,3,121,1,1,60.0,0,I,MELB_URBAN,HIGHWAY,1,11.0
171279,1,2,130,1,1,80.0,0,N,MELB_URBAN,UNKNOWN,1,12.0
171280,1,2,121,2,1,40.0,0,I,MELB_URBAN,ROAD,1,11.0
171281,1,2,130,2,1,60.0,0,I,MELB_URBAN,ROAD,11,15.0
171282,6,3,170,1,1,80.0,0,I,MELB_URBAN,ROAD,1,7.0
171283,8,2,99,5,1,50.0,0,N,MELB_URBAN,OTHER,12,16.0
171284,1,3,99,5,1,60.0,0,N,LARGE_PROVINCIAL_CITIES,STREET,10,17.0
171285,1,6,130,5,1,100.0,0,N,MELB_URBAN,FREEWAY,12,13.0
171286,1,3,110,1,1,50.0,0,I,SMALL_CITIES,STREET,1,13.0
171287,1,7,130,5,1,100.0,0,N,MELB_URBAN,ROAD,1,18.0
171288,1,3,132,2,1,80.0,0,I,RURAL_VICTORIA,ROAD,1,13.0
171289,1,0,130,5,1,50.0,0,N,MELB_URBAN,PARADE,1,17.0