,accident_type,day_of_week,dca_code,road_geometry,light_condition,speed_zone,severity,node_type,deg_urban_name,road_type,month,hour
171290,4,2,181,5,3,60.0,0,N,RURAL_VICTORIA,ROAD,1,20.0
171291,2,3,100,1,1,60.0,0,O,MELB_URBAN,BOULEVARD,1,13.0
171292,2,3,100,1,1,60.0,0,N,MELB_URBAN,STREET,1,16.0
171293,1,3,110,1,1,60.0,0,I,SMALL_CITIES,ROAD,1,16.0
171294,1,3,110,1,1,60.0,0,I,MELB_URBAN,STREET,1,17.0
171295,1,3,130,5,1,100.0,0,N,MELB_URBAN,ROAD,1,15.0
171296,1,3,110,1,1,50.0,0,I,MELB_URBAN,STREET,1,15.0
171297,1,3,111,2,1,60.0,0,N,MELB_URBAN,ROAD,1,17.0
171298,2,3,99,1,1,60.0,0,I,MELB_URBAN,HIGHWAY,1,19.0
171299,1,3,116,1,1,80.0,0,I,MELB_URBAN,RAMP,1,15.0
171300,6,3,99,5,3,50.0,0,N,MELB_URBAN,BOULEVARD,1,20.0
171301,6,3,170,5,2,100.0,0,N,RURAL_VICTORIA,ROAD,1,20.0
171302,6,3,174,5,2,100.0,0,N,RURAL_VICTORIA,FREEWAY,1,20.0
171303,6,3,174,5,1,60.0,0,N,MELB_URBAN,ROAD,1,19.0
171304,1,3,113,2,2,80.0,0,I,MELB_URBAN,HIGHWAY,1,20.0
171305,2,3,100,5,1,60.0,0,N,MELB_URBAN,STREET,1,11.0
171306,1,3,160,5,1,70.0,0,N,MELB_URBAN,ROAD,11,19.0
171307,1,3,110,1,3,50.0,0,O,TOWNS,UNKNOWN,1,21.0
171308,4,2,171,5,3,80.0,0,N,MELB_URBAN,ROAD,1,21.0
171309,4,4,173,5,6,80.0,0,N,RURAL_VICTORIA,FREEWAY,1,0.0
171310,1,4,99,4,3,80.0,0,I,MELB_URBAN,RAMP,1,5.0
171311,4,4,183,5,1,80.0,0,N,RURAL_VICTORIA,ROAD,1,8.0
171312,9,6,99,2,1,60.0,0,I,MELB_URBAN,STREET,1,15.0
171313,1,6,130,5,1,60.0,0,N,MELB_URBAN,ROAD,1,13.0
171314,1,2,111,2,1,50.0,0,I,MELB_URBAN,AVENUE,1,13.0
171315,1,4,121,1,1,50.0,0,I,SMALL_CITIES,STREET,1,11.0
171316,9,7,184,5,1,40.0,0,N,SMALL_TOWNS,ROAD,10,14.0
171317,7,1,99,5,1,40.0,0,N,MELB_URBAN,ROAD,1,13.0
171318,5,1,99,5,9,60.0,0,N,RURAL_VICTORIA,ROAD,12,11.0
171319,1,3,111,1,1,80.0,0,I,LARGE_PROVINCIAL_CITIES,ROAD,1,10.0
171320,2,4,100,2,1,40.0,0,N,MELB_URBAN,STREET,1,9.0
171321,1,7,110,1,9,60.0,0,N,MELB_URBAN,DRIVE,12,22.0
171322,1,4,160,2,1,70.0,0,I,MELB_URBAN,ROAD,1,12.0
171323,2,4,100,1,1,60.0,0,N,MELB_URBAN,ROAD,1,12.0
171324,1,4,111,2,1,60.0,0,I,MELB_URBAN,STREET,1,10.0
171325,1,4,120,1,1,50.0,0,I,MELB_URBAN,STREET,1,12.0
171326,2,3,99,5,1,60.0,0,N,MELB_URBAN,OTHER,1,12.0
171327,1,4,130,5,1,80.0,0,N,SMALL_CITIES,HIGHWAY,1,13.0
171328,1,4,121,1,1,70.0,0,N,MELB_URBAN,ROAD,1,13.0
171329,1,6,110,1,1,80.0,0,I,MELB_URBAN,HIGHWAY,12,15.0
171330,2,4,99,5,1,60.0,1,N,MELB_URBAN,ROAD,1,11.0
171331,7,3,99,3,1,60.0,0,I,RURAL_VICTORIA,ROAD,1,14.0
171332,1,4,163,5,1,40.0,0,N,MELB_URBAN,STREET,1,15.0
171333,1,4,120,5,1,100.0,0,N,RURAL_VICTORIA,ROAD,1,11.0
171334,1,4,116,2,1,60.0,0,I,MELB_URBAN,ROAD,1,14.0
171335,8,6,99,5,1,40.0,0,N,MELBOURNE_CBD,STREET,1,10.0
171336,1,3,113,2,1,50.0,0,I,MELB_URBAN,ROAD,1,12.0
171337,1,4,120,5,1,80.0,0,N,RURAL_VICTORIA,ROAD,1,14.0
171338,1,3,99,5,1,40.0,0,N,MELB_URBAN,STREET,1,16.0
171339,1,4,99,2,1,80.0,0,I,MELB_URBAN,ROAD,1,17.0
171340,1,1,110,1,1,100.0,0,I,RURAL_VICTORIA,ROAD,1,13.0
171341,4,4,171,5,1,50.0,0,N,MELB_URBAN,ROAD,1,15.0
171342,1,4,99,5,1,50.0,0,N,MELB_URBAN,ROAD,1,14.0
171343,1,4,110,1,1,80.0,0,N,MELB_URBAN,ROAD,1,19.0
171344,1,4,99,1,3,60.0,0,I,LARGE_PROVINCIAL_CITIES,STREET,1,22.0
171345,1,5,163,5,2,50.0,0,N,MELB_URBAN,STREET,1,19.0
171346,1,2,110,1,3,80.0,0,I,RURAL_VICTORIA,ROAD,12,22.0
171347,4,5,171,5,5,100.0,1,N,RURAL_VICTORIA,ROAD,1,0.0
171348,1,4,110,1,1,60.0,0,I,MELB_URBAN,ROAD,1,15.0
171349,1,4,113,1,1,60.0,0,I,MELB_URBAN,ROAD,1,13.0
171350,6,7,174,2,1,50.0,0,I,RURAL_VICTORIA,ROAD,1,12.0
171351,6,4,174,5,1,60.0,0,N,MELB_URBAN,ROAD,1,12.0
171352,1,5,121,2,1,50.0,0,I,SMALL_CITIES,STREET,1,9.0
171353,1,7,134,1,1,60.0,0,N,MELB_URBAN,RAMP,1,8.0
171354,1,3,110,1,1,50.0,0,I,MELB_URBAN,OTHER,1,19.0
171355,1,4,132,5,3,60.0,0,N,MELB_URBAN,ROAD,1,5.0
171356,2,5,102,1,1,50.0,1,I,MELB_URBAN,DRIVE,1,9.0
171357,3,2,167,5,5,100.0,0,N,RURAL_VICTORIA,HIGHWAY,8,20.0
171358,2,4,100,2,2,50.0,0,I,SMALL_CITIES,DRIVE,1,7.0
171359,1,5,121,1,1,100.0,0,I,RURAL_VICTORIA,HIGHWAY,1,11.0
171360,1,5,113,2,1,80.0,0,N,MELB_URBAN,ROAD,1,7.0
171361,1,5,130,2,1,60.0,0,I,RURAL_VICTORIA,HIGHWAY,1,12.0
171362,4,1,181,5,1,60.0,0,N,RURAL_VICTORIA,ROAD,1,16.0
171363,1,5,147,5,3,50.0,0,N,MELB_URBAN,AVENUE,4,19.0
171364,1,4,130,5,1,100.0,0,N,SMALL_TOWNS,FREEWAY,1,16.0
171365,4,5,99,5,1,50.0,0,N,MELB_URBAN,STREET,1,10.0
171366,1,3,113,1,1,60.0,0,I,MELB_URBAN,STREET,1,17.0
171367,1,5,99,1,1,60.0,0,I,LARGE_PROVINCIAL_CITIES,STREET,1,15.0
171368,2,4,100,2,1,60.0,0,I,MELB_URBAN,ROAD,1,13.0
171369,1,4,99,2,1,60.0,0,I,MELB_URBAN,ROAD,1,16.0
171370,1,4,132,1,1,60.0,0,O,RURAL_VICTORIA,ROAD,1,11.0
171371,5,4,171,6,1,60.0,0,N,RURAL_VICTORIA,OTHER,1,11.0
171372,1,0,130,5,1,100.0,0,N,MELB_URBAN,FREEWAY,1,12.0
171373,1,4,147,5,1,40.0,0,N,MELB_URBAN,ROAD,1,15.0
171374,6,2,174,5,1,60.0,0,N,MELB_URBAN,ROAD,1,17.0
171375,4,5,171,5,1,80.0,0,N,RURAL_VICTORIA,ROAD,1,15.0
171376,1,5,113,2,1,60.0,0,I,MELB_URBAN,ROAD,1,17.0
171377,1,5,121,1,1,70.0,0,I,MELB_URBAN,ROAD,1,7.0
171378,1,5,113,1,1,60.0,0,I,MELB_URBAN,STREET,1,15.0
171379,2,5,102,5,1,50.0,0,I,TOWNS,ROAD,1,15.0
171380,2,5,100,1,3,40.0,0,O,MELB_URBAN,UNKNOWN,1,21.0
171381,1,4,130,1,3,60.0,0,N,MELB_URBAN,ROAD,1,20.0
171382,4,5,181,5,5,100.0,0,N,RURAL_VICTORIA,HIGHWAY,1,22.0
171383,1,5,113,2,3,60.0,1,I,MELB_URBAN,ROAD,1,17.0
171384,1,5,135,5,3,100.0,0,N,MELB_URBAN,FREEWAY,1,21.0
171385,2,5,99,5,3,40.0,0,N,MELB_URBAN,STREET,1,2.0
171386,4,6,173,5,5,50.0,0,N,MELB_URBAN,DRIVE,1,2.0
171387,4,5,171,5,5,50.0,0,N,LARGE_PROVINCIAL_CITIES,STREET,1,23.0
171388,4,5,99,2,1,50.0,0,N,SMALL_TOWNS,ROAD,1,13.0
171389,1,5,121,2,3,80.0,0,N,MELB_URBAN,ROAD,1,4.0
171390,1,5,111,1,1,60.0,0,I,RURAL_VICTORIA,ROAD,1,8.0
171391,1,4,160,5,3,60.0,0,N,MELB_URBAN,PARADE,1,21.0
171392,8,6,99,5,1,50.0,0,N,MELB_URBAN,ROAD,1,9.0
171393,1,6,133,5,1,50.0,0,N,MELB_URBAN,AVENUE,1,10.0
171394,1,3,163,5,1,50.0,0,N,MELB_URBAN,STREET,12,16.0
171395,4,5,171,5,1,100.0,0,N,RURAL_VICTORIA,HIGHWAY,1,7.0
171396,1,3,130,2,1,50.0,0,I,MELB_URBAN,STREET,1,15.0
171397,1,6,113,2,1,60.0,0,I,MELB_URBAN,STREET,1,11.0
171398,1,6,110,1,1,60.0,0,I,SMALL_TOWNS,HIGHWAY,1,11.0
171399,4,6,171,5,1,60.0,0,N,TOWNS,STREET,1,13.0
171400,1,4,130,1,1,80.0,0,I,MELB_URBAN,ROAD,1,14.0
171401,1,6,113,2,1,50.0,0,I,MELB_URBAN,DRIVE,1,13.0
171402,1,5,110,1,1,40.0,0,I,LARGE_PROVINCIAL_CITIES,STREET,1,11.0
171403,1,5,134,5,1,60.0,0,N,MELB_URBAN,ROAD,1,12.0
171404,4,4,181,1,1,80.0,0,N,MELB_URBAN,RAMP,1,14.0
171405,4,6,99,2,1,50.0,0,I,MELB_URBAN,STREET,1,16.0
171406,4,7,171,5,1,80.0,0,N,RURAL_VICTORIA,STREET,8,11.0
171407,6,7,99,1,1,60.0,0,I,RURAL_VICTORIA,ROAD,12,11.0
171408,2,6,99,5,1,60.0,0,N,MELB_URBAN,DRIVE,1,10.0
171409,1,6,121,1,1,70.0,0,I,MELB_URBAN,ROAD,1,16.0
171410,1,5,121,2,1,60.0,0,I,MELB_URBAN,ROAD,1,16.0
171411,1,1,132,1,1,40.0,0,N,MELB_URBAN,STREET,11,17.0
171412,1,2,132,2,1,60.0,0,O,MELB_URBAN,UNKNOWN,1,14.0
171413,1,6,110,1,1,80.0,0,I,MELB_URBAN,HIGHWAY,1,15.0
171414,1,6,113,2,1,100.0,0,I,RURAL_VICTORIA,ROAD,1,16.0
171415,1,6,99,2,1,80.0,0,I,RURAL_VICTORIA,HIGHWAY,1,19.0
171416,1,6,130,5,3,80.0,0,N,MELB_URBAN,FREEWAY,1,21.0
171417,1,6,160,5,1,50.0,0,N,MELB_URBAN,OTHER,1,16.0
171418,1,7,113,2,1,80.0,0,I,RURAL_VICTORIA,HIGHWAY,12,11.0
171419,1,6,110,1,3,70.0,0,I,LARGE_PROVINCIAL_CITIES,HIGHWAY,1,21.0
171420,2,5,100,5,3,50.0,0,N,MELB_URBAN,ROAD,1,21.0
171421,4,7,99,5,3,60.0,0,N,MELB_URBAN,OTHER,1,2.0
171422,1,3,110,1,1,80.0,0,I,RURAL_VICTORIA,ROAD,1,13.0
171423,6,7,170,5,5,100.0,0,N,RURAL_VICTORIA,ROAD,1,5.0
171424,2,4,100,1,1,40.0,0,I,MELBOURNE_CBD,STREET,1,7.0
171425,4,7,173,5,1,80.0,0,N,RURAL_VICTORIA,ROAD,1,8.0
171426,1,4,99,1,3,40.0,0,I,MELB_URBAN,STREET,1,22.0
171427,1,3,134,1,1,80.0,0,O,SMALL_TOWNS,ROAD,1,7.0
171428,1,5,163,2,1,40.0,0,N,MELB_URBAN,STREET,1,15.0
171429,1,7,99,2,1,50.0,0,I,MELB_URBAN,STREET,1,8.0
171430,1,7,120,5,1,50.0,0,N,MELB_URBAN,AVENUE,1,7.0
171431,1,7,116,1,1,80.0,0,N,MELB_URBAN,HIGHWAY,11,11.0
171432,1,6,99,2,1,60.0,0,I,MELB_URBAN,STREET,1,17.0
171433,1,7,111,1,1,60.0,0,I,MELB_URBAN,ROAD,1,10.0
171434,4,7,173,5,1,100.0,0,N,RURAL_VICTORIA,ROAD,1,11.0
171435,2,7,100,2,1,50.0,0,I,MELB_URBAN,STREET,1,10.0
171436,1,6,99,5,3,60.0,0,N,MELB_URBAN,ROAD,1,20.0
171437,1,6,130,5,1,100.0,0,N,MELB_URBAN,ROAD,1,16.0
171438,1,7,163,5,1,60.0,0,N,MELB_URBAN,STREET,1,11.0
171439,1,7,110,1,1,100.0,0,I,RURAL_VICTORIA,HIGHWAY,1,13.0
171440,6,5,174,5,1,40.0,0,N,MELB_URBAN,ROAD,1,7.0
171441,7,7,184,5,1,80.0,0,N,RURAL_VICTORIA,ROAD,1,15.0
171442,2,6,99,5,1,30.0,0,N,MELB_URBAN,STREET,1,12.0
171443,1,6,110,1,1,60.0,0,I,LARGE_PROVINCIAL_CITIES,STREET,1,16.0
171444,1,7,130,1,1,80.0,0,I,MELB_URBAN,HIGHWAY,1,14.0
171445,1,7,132,2,1,70.0,0,I,MELB_URBAN,ROAD,1,18.0
171446,1,7,140,2,1,60.0,0,I,MELB_URBAN,PARADE,1,16.0
171447,1,3,130,5,1,60.0,0,N,MELB_URBAN,RAMP,11,17.0
171448,4,7,183,5,1,100.0,0,N,RURAL_VICTORIA,ROAD,1,11.0
171449,1,5,116,1,1,70.0,0,I,MELB_URBAN,ROAD,1,7.0
171450,1,7,130,5,1,60.0,0,N,LARGE_PROVINCIAL_CITIES,STREET,1,13.0
171451,3,7,167,5,2,100.0,0,N,RURAL_VICTORIA,ROAD,1,20.0
171452,2,7,102,1,1,60.0,0,I,MELB_URBAN,ROAD,1,17.0
171453,1,7,99,5,3,80.0,0,N,MELB_URBAN,ROAD,1,22.0
171454,1,6,147,5,1,60.0,0,N,SMALL_CITIES,STREET,1,9.0
171455,1,7,163,5,3,40.0,0,N,MELB_URBAN,STREET,1,22.0
171456,1,1,110,1,3,60.0,0,I,MELB_URBAN,ROAD,1,1.0
171457,1,7,120,1,3,40.0,0,N,LARGE_PROVINCIAL_CITIES,STREET,1,21.0
171458,2,6,100,1,3,50.0,0,I,MELB_URBAN,STREET,1,22.0
171459,1,0,160,5,3,50.0,0,N,MELB_URBAN,UNKNOWN,1,2.0
171460,2,1,100,5,3,60.0,1,N,MELB_URBAN,ROAD,1,0.0
171461,1,1,113,1,2,80.0,0,I,MELB_URBAN,HIGHWAY,1,5.0
171462,1,5,110,1,1,50.0,0,I,MELB_URBAN,AVENUE,1,17.0
171463,4,5,99,5,3,50.0,0,N,MELB_URBAN,ROAD,1,21.0
171464,1,1,160,5,1,60.0,0,N,LARGE_PROVINCIAL_CITIES,STREET,1,10.0
171465,1,1,99,5,1,60.0,0,N,RURAL_VICTORIA,ROAD,1,12.0
171466,1,3,130,5,2,80.0,0,N,MELB_URBAN,FREEWAY,1,5.0
171467,3,1,167,5,5,100.0,0,N,RURAL_VICTORIA,ROAD,1,2.0
171468,1,0,120,5,1,100.0,0,N,RURAL_VICTORIA,HIGHWAY,1,12.0
171469,6,1,174,5,1,60.0,0,N,MELB_URBAN,STREET,1,13.0
171470,1,0,130,1,1,60.0,0,O,MELB_URBAN,UNKNOWN,1,12.0
171471,1,2,130,5,1,60.0,0,N,MELB_URBAN,FREEWAY,1,16.0
171472,1,0,130,5,1,100.0,0,N,MELB_URBAN,RAMP,1,15.0
171473,1,1,99,5,1,80.0,0,N,RURAL_VICTORIA,ROAD,1,13.0
171474,1,1,134,2,1,100.0,0,I,RURAL_VICTORIA,ROAD,1,15.0
171475,4,1,181,5,1,100.0,0,N,RURAL_VICTORIA,ROAD,1,12.0
171476,1,0,130,1,1,50.0,0,N,MELB_URBAN,STREET,1,12.0
171477,2,4,99,5,1,60.0,0,N,MELB_URBAN,STREET,1,9.0
171478,1,0,130,5,1,60.0,0,N,MELB_URBAN,ROAD,1,14.0
171479,1,1,110,1,1,100.0,0,I,RURAL_VICTORIA,ROAD,1,15.0
171480,2,1,102,2,1,60.0,0,N,MELB_URBAN,STREET,1,17.0
171481,4,1,181,5,1,100.0,0,N,RURAL_VICTORIA,ROAD,1,16.0
171482,1,1,130,1,1,70.0,0,I,MELB_URBAN,ROAD,12,23.0
171483,1,0,160,5,1,50.0,0,N,LARGE_PROVINCIAL_CITIES,AVENUE,1,16.0
171484,1,1,130,5,1,70.0,0,N,LARGE_PROVINCIAL_CITIES,ROAD,1,16.0
171485,4,1,183,5,1,80.0,0,N,TOWNS,ROAD,1,18.0
171486,1,1,99,5,1,50.0,0,N,MELB_URBAN,STREET,1,17.0
171487,4,1,171,5,1,70.0,0,N,MELB_URBAN,ROAD,1,19.0
171488,1,1,130,1,3,80.0,0,I,MELB_URBAN,ROAD,1,19.0
171489,6,2,174,5,5,60.0,0,N,RURAL_VICTORIA,ROAD,1,0.0
171490,6,5,99,5,1,80.0,0,N,RURAL_VICTORIA,ROAD,1,11.0
171491,1,0,132,2,1,60.0,0,I,MELB_URBAN,STREET,1,19.0
171492,1,5,111,1,1,70.0,0,N,MELB_URBAN,ROAD,1,9.0
171493,1,2,99,2,1,50.0,0,I,SMALL_CITIES,ROAD,12,10.0
171494,5,3,99,5,1,60.0,0,N,SMALL_TOWNS,HIGHWAY,11,17.0
171495,6,2,170,5,1,100.0,0,N,RURAL_VICTORIA,HIGHWAY,1,6.0
171496,1,7,99,2,1,60.0,0,I,MELB_URBAN,OTHER,1,11.0
171497,3,5,167,5,5,100.0,0,O,RURAL_VICTORIA,UNKNOWN,1,21.0
171498,6,7,184,5,1,100.0,0,N,RURAL_VICTORIA,OTHER,1,15.0
171499,1,4,130,5,1,60.0,0,N,MELB_URBAN,ROAD,1,12.0
171500,1,1,130,5,1,70.0,0,N,RURAL_VICTORIA,ROAD,1,15.0
171501,6,7,174,2,1,40.0,0,I,MELB_URBAN,STREET,1,12.0
171502,1,2,130,5,1,60.0,0,N,MELB_URBAN,ROAD,1,15.0
171503,1,4,130,5,9,60.0,0,N,MELB_URBAN,STREET,1,16.0
171504,2,1,100,5,1,40.0,0,N,MELB_URBAN,AVENUE,1,15.0
171505,4,6,171,5,5,100.0,0,N,RURAL_VICTORIA,ROAD,1,2.0
171506,1,6,130,1,1,70.0,0,I,MELB_URBAN,ROAD,1,9.0
171507,1,6,99,2,1,60.0,0,I,TOWNS,HIGHWAY,12,17.0
171508,1,2,110,1,1,60.0,0,I,LARGE_PROVINCIAL_CITIES,ROAD,1,17.0
171509,1,1,120,5,1,70.0,0,N,MELB_URBAN,ROAD,1,17.0
171510,7,2,99,2,1,50.0,0,I,LARGE_PROVINCIAL_CITIES,AVENUE,1,18.0
171511,2,2,99,5,1,60.0,0,N,SMALL_CITIES,STREET,1,16.0
171512,4,2,181,4,1,50.0,0,I,RURAL_VICTORIA,ROAD,1,19.0
171513,1,2,113,2,1,60.0,0,I,TOWNS,STREET,1,16.0
171514,6,1,174,5,2,50.0,0,N,TOWNS,STREET,1,18.0
171515,1,6,132,2,1,60.0,0,I,MELB_URBAN,STREET,11,16.0
171516,1,2,147,5,1,60.0,0,N,MELB_URBAN,ROAD,1,19.0
171517,1,2,133,1,1,60.0,0,I,MELB_URBAN,DRIVE,1,18.0
171518,1,1,121,5,1,80.0,0,N,MELB_URBAN,ROAD,1,20.0
171519,1,2,113,4,1,80.0,0,I,RURAL_VICTORIA,ROAD,1,20.0
171520,4,2,183,5,5,80.0,0,N,RURAL_VICTORIA,ROAD,1,21.0
171521,1,2,99,1,3,40.0,0,I,MELB_URBAN,STREET,1,21.0
171522,1,2,130,2,1,80.0,0,I,MELB_URBAN,ROAD,1,14.0
171523,1,1,130,5,5,110.0,0,N,RURAL_VICTORIA,FREEWAY,1,21.0
171524,1,3,130,5,1,60.0,0,N,MELB_URBAN,STREET,1,14.0
171525,1,7,163,5,1,50.0,0,N,MELB_URBAN,AVENUE,12,9.0
171526,2,2,102,2,1,40.0,0,I,MELB_URBAN,STREET,1,18.0
171527,8,7,99,2,1,80.0,0,I,RURAL_VICTORIA,ROAD,1,13.0
171528,1,3,171,5,1,60.0,0,N,MELB_URBAN,ROAD,1,7.0
171529,1,3,99,5,1,80.0,0,N,MELB_URBAN,DRIVE,1,7.0
171530,1,3,130,5,1,80.0,0,N,MELB_URBAN,HIGHWAY,1,6.0
171531,1,3,130,5,1,60.0,0,N,MELB_URBAN,ROAD,1,8.0
171532,4,2,171,5,1,100.0,0,N,RURAL_VICTORIA,ROAD,1,17.0
171533,1,3,110,1,2,100.0,0,I,RURAL_VICTORIA,ROAD,1,6.0
171534,1,2,120,2,1,40.0,0,I,MELB_URBAN,STREET,1,8.0
171535,1,6,130,2,1,70.0,0,I,MELB_URBAN,ROAD,1,6.0
171536,1,3,121,1,1,60.0,0,I,SMALL_CITIES,STREET,1,11.0
171537,1,4,130,1,1,80.0,0,N,MELB_URBAN,ROAD,1,13.0
171538,1,3,130,5,1,80.0,0,N,MELB_URBAN,ROAD,1,7.0
171539,1,3,130,5,3,60.0,0,N,MELB_URBAN,ROAD,1,5.0
171540,1,5,130,1,1,60.0,0,I,LARGE_PROVINCIAL_CITIES,STREET,1,17.0
171541,2,7,99,5,1,60.0,0,N,MELB_URBAN,ROAD,1,8.0
171542,1,3,113,1,1,80.0,0,I,MELB_URBAN,ROAD,1,10.0
171543,1,3,110,1,1,60.0,0,I,MELB_URBAN,STREET,1,13.0
171544,1,3,130,2,3,60.0,0,N,MELB_URBAN,ROAD,1,5.0
171545,6,5,184,5,1,60.0,0,N,RURAL_VICTORIA,ROAD,1,13.0
171546,4,3,173,5,1,60.0,0,N,MELB_URBAN,STREET,1,13.0
171547,1,3,110,1,1,60.0,0,I,MELB_URBAN,DRIVE,1,11.0
171548,6,3,170,1,1,40.0,0,I,MELB_URBAN,STREET,1,12.0
171549,1,3,99,5,1,60.0,0,N,MELB_URBAN,ROAD,1,9.0
171550,1,3,130,5,1,100.0,0,N,MELB_URBAN,ROAD,1,14.0
171551,1,2,135,1,1,60.0,0,N,MELB_URBAN,ROAD,1,13.0
171552,1,5,113,2,1,100.0,0,I,RURAL_VICTORIA,HIGHWAY,1,9.0
171553,6,5,184,5,1,100.0,0,N,RURAL_VICTORIA,ROAD,1,16.0
171554,1,5,130,2,9,60.0,0,N,MELB_URBAN,ROAD,1,12.0
171555,4,3,171,5,3,60.0,1,N,MELB_URBAN,ROAD,1,5.0
171556,6,6,174,2,1,60.0,0,I,MELB_URBAN,STREET,1,16.0
171557,4,6,173,5,5,100.0,0,N,RURAL_VICTORIA,HIGHWAY,12,2.0
171558,1,0,130,5,1,60.0,0,N,MELB_URBAN,ROAD,1,14.0
171559,1,2,99,2,1,40.0,0,I,MELB_URBAN,STREET,1,17.0
171560,1,3,130,5,1,80.0,0,N,MELB_URBAN,FREEWAY,1,17.0
171561,1,2,135,5,1,80.0,0,N,MELB_URBAN,FREEWAY,1,18.0
171562,1,6,130,1,1,60.0,0,I,SMALL_CITIES,PARADE,1,17.0
171563,1,2,99,1,1,50.0,0,I,LARGE_PROVINCIAL_CITIES,STREET,1,12.0
171564,4,3,173,5,1,100.0,0,N,RURAL_VICTORIA,ROAD,1,17.0
171565,1,6,130,5,2,100.0,0,N,MELB_URBAN,FREEWAY,1,6.0
171566,4,2,173,5,1,40.0,0,N,MELB_URBAN,STREET,1,19.0
171567,1,3,111,2,1,60.0,0,I,MELB_URBAN,STREET,1,19.0
171568,1,2,130,2,1,80.0,0,I,MELB_URBAN,ROAD,1,12.0
171569,4,1,173,5,2,100.0,0,N,RURAL_VICTORIA,ROAD,1,20.0
171570,1,3,121,2,2,40.0,0,I,MELB_URBAN,STREET,1,19.0
171571,1,3,113,2,1,80.0,0,I,RURAL_VICTORIA,UNKNOWN,1,18.0
171572,1,3,120,5,1,100.0,0,N,RURAL_VICTORIA,ROAD,1,17.0
171573,2,3,99,5,1,50.0,0,N,LARGE_PROVINCIAL_CITIES,STREET,1,18.0
171574,2,3,99,5,1,40.0,0,N,MELBOURNE_CBD,OTHER,1,17.0
171575,1,3,130,5,1,80.0,0,N,RURAL_VICTORIA,HIGHWAY,1,17.0
171576,1,6,130,1,3,80.0,0,I,RURAL_VICTORIA,ROAD,4,2.0
171577,1,3,121,2,1,60.0,0,I,MELB_URBAN,AVENUE,1,7.0
171578,1,2,130,5,1,60.0,0,N,MELB_URBAN,ROAD,1,18.0
171579,1,3,132,2,1,60.0,0,I,SMALL_CITIES,STREET,1,8.0
171580,3,0,167,5,1,80.0,0,O,RURAL_VICTORIA,UNKNOWN,1,16.0
171581,1,4,135,5,1,100.0,0,N,MELB_URBAN,FREEWAY,1,7.0
171582,1,2,130,1,1,60.0,0,N,MELB_URBAN,STREET,1,16.0
171583,1,6,181,5,1,50.0,0,N,MELB_URBAN,DRIVE,12,10.0
171584,6,4,174,2,1,60.0,0,N,LARGE_PROVINCIAL_CITIES,STREET,1,8.0
171585,1,4,113,2,1,60.0,0,I,MELB_URBAN,ROAD,1,7.0
171586,1,2,99,1,3,40.0,0,O,MELBOURNE_CBD,UNKNOWN,1,22.0
171587,4,3,171,5,1,80.0,0,N,RURAL_VICTORIA,ROAD,1,17.0
171588,4,4,173,5,1,70.0,0,N,MELB_URBAN,ROAD,1,10.0
171589,1,4,135,5,1,80.0,0,N,MELB_URBAN,UNKNOWN,1,8.0
171590,1,5,160,5,1,60.0,0,N,MELB_URBAN,BOULEVARD,1,19.0
171591,1,4,130,5,1,80.0,0,N,MELB_URBAN,OTHER,1,10.0
171592,1,3,99,5,1,60.0,0,N,MELB_URBAN,ROAD,1,18.0
171593,1,4,113,2,1,80.0,0,I,RURAL_VICTORIA,ROAD,1,12.0
171594,1,5,110,1,1,50.0,0,I,MELB_URBAN,STREET,5,8.0
171595,1,4,132,5,1,100.0,0,N,RURAL_VICTORIA,ROAD,1,11.0
171596,1,4,110,1,1,50.0,0,I,LARGE_PROVINCIAL_CITIES,AVENUE,1,14.0
171597,5,4,171,5,1,100.0,0,N,RURAL_VICTORIA,HIGHWAY,1,14.0
171598,1,3,163,5,1,40.0,0,N,MELB_URBAN,STREET,1,12.0
171599,1,3,110,1,1,80.0,0,I,MELB_URBAN,ROAD,1,8.0
171600,1,4,99,5,1,40.0,0,N,MELB_URBAN,DRIVE,1,11.0
171601,1,1,130,5,1,60.0,0,N,RURAL_VICTORIA,ROAD,1,17.0
171602,4,5,171,5,1,60.0,0,N,MELB_URBAN,STREET,12,10.0
171603,8,4,184,5,1,100.0,0,N,RURAL_VICTORIA,UNKNOWN,1,14.0
171604,1,3,99,2,1,60.0,0,N,MELB_URBAN,ROAD,1,17.0
171605,1,4,121,5,1,60.0,0,N,MELB_URBAN,ROAD,1,16.0
171606,1,2,163,5,1,60.0,0,N,MELB_URBAN,STREET,1,17.0
171607,4,3,173,5,1,80.0,0,N,MELB_URBAN,ROAD,1,16.0
171608,1,6,135,5,1,60.0,0,N,MELB_URBAN,ROAD,1,11.0
171609,1,4,163,2,1,60.0,0,N,MELB_URBAN,ROAD,1,15.0
171610,7,3,99,2,1,50.0,0,I,RURAL_VICTORIA,STREET,1,16.0
171611,1,4,99,1,1,60.0,0,I,MELB_URBAN,ROAD,1,17.0
171612,6,4,174,1,1,60.0,0,I,MELB_URBAN,ROAD,1,18.0
171613,1,4,110,1,1,50.0,0,I,SMALL_CITIES,STREET,1,15.0