,accident_type,day_of_week,dca_code,road_geometry,light_condition,speed_zone,severity,node_type,deg_urban_name,road_type,month,hour
171614,1,1,130,5,1,70.0,0,N,MELB_URBAN,ROAD,1,10.0
171615,1,1,130,5,9,60.0,0,N,RURAL_VICTORIA,ROAD,1,16.0
171616,1,3,120,2,1,60.0,0,I,MELB_URBAN,STREET,1,18.0
171617,1,6,99,5,1,60.0,0,N,MELB_URBAN,ROAD,1,13.0
171618,4,4,173,5,1,100.0,0,O,RURAL_VICTORIA,UNKNOWN,1,20.0
171619,1,2,110,1,1,50.0,0,I,TOWNS,STREET,1,10.0
171620,1,1,130,5,1,60.0,0,N,MELB_URBAN,ROAD,1,11.0
171621,1,5,130,5,3,80.0,0,N,MELB_URBAN,ROAD,1,4.0
171622,4,6,181,5,1,60.0,0,N,RURAL_VICTORIA,ROAD,4,10.0
171623,1,4,147,5,1,60.0,0,N,MELB_URBAN,ROAD,1,15.0
171624,1,3,135,5,1,100.0,0,N,MELB_URBAN,FREEWAY,1,11.0
171625,1,5,113,1,1,60.0,0,N,MELB_URBAN,STREET,1,12.0
171626,6,4,170,5,2,80.0,0,I,RURAL_VICTORIA,ROAD,1,5.0
171627,4,7,173,1,1,60.0,0,N,MELB_URBAN,ROAD,1,9.0
171628,1,5,147,5,2,60.0,0,N,MELB_URBAN,ROAD,1,7.0
171629,1,5,147,5,1,50.0,0,N,TOWNS,STREET,1,12.0
171630,2,2,100,5,1,40.0,0,N,MELB_URBAN,DRIVE,1,14.0
171631,1,5,99,1,1,80.0,0,N,MELB_URBAN,ROAD,1,11.0
171632,1,1,147,2,1,60.0,0,N,MELB_URBAN,ROAD,1,11.0
171633,1,4,133,1,1,50.0,0,I,MELB_URBAN,STREET,1,8.0
171634,1,2,147,5,2,50.0,0,O,MELB_URBAN,UNKNOWN,1,6.0
171635,4,4,183,5,1,50.0,0,N,MELB_URBAN,DRIVE,1,13.0
171636,1,5,147,5,1,60.0,0,N,MELB_URBAN,ROAD,1,10.0
171637,1,5,110,1,1,50.0,0,I,SMALL_CITIES,STREET,1,14.0
171638,1,5,113,1,1,50.0,0,I,RURAL_VICTORIA,ROAD,1,13.0
171639,1,5,121,1,1,80.0,0,I,MELB_URBAN,ROAD,1,13.0
171640,4,5,173,2,1,50.0,0,N,MELB_URBAN,ROAD,1,13.0
171641,8,5,99,5,1,60.0,0,N,SMALL_CITIES,ROAD,1,12.0
171642,1,5,113,2,1,100.0,0,I,RURAL_VICTORIA,OTHER,1,16.0
171643,1,5,130,2,1,80.0,0,N,MELB_URBAN,ROAD,1,17.0
171644,1,5,116,2,1,60.0,0,I,MELB_URBAN,ROAD,1,10.0
171645,6,5,99,5,1,70.0,0,N,MELB_URBAN,PARADE,1,13.0
171646,1,5,130,2,1,40.0,0,N,MELB_URBAN,OTHER,1,11.0
171647,1,5,121,1,1,80.0,0,I,SMALL_CITIES,ROAD,1,17.0
171648,1,5,121,1,1,60.0,0,I,MELB_URBAN,HIGHWAY,1,18.0
171649,1,5,99,1,2,60.0,0,N,MELB_URBAN,ROAD,1,19.0
171650,4,4,99,5,5,80.0,0,N,TOWNS,ROAD,1,21.0
171651,8,5,174,2,1,60.0,0,N,MELB_URBAN,ROAD,1,17.0
171652,6,5,99,5,1,100.0,0,N,RURAL_VICTORIA,HIGHWAY,1,19.0
171653,6,5,174,5,3,60.0,0,N,LARGE_PROVINCIAL_CITIES,STREET,1,22.0
171654,1,4,135,5,3,100.0,0,N,MELB_URBAN,FREEWAY,1,21.0
171655,1,5,99,5,5,100.0,0,O,RURAL_VICTORIA,UNKNOWN,1,18.0
171656,1,5,130,5,3,80.0,0,N,MELB_URBAN,FREEWAY,1,22.0
171657,1,4,110,1,3,60.0,0,I,MELB_URBAN,STREET,1,23.0
171658,1,5,121,5,3,80.0,0,N,MELB_URBAN,ROAD,1,22.0
171659,1,3,113,2,1,70.0,0,I,MELB_URBAN,ROAD,1,11.0
171660,4,5,183,5,6,100.0,0,N,RURAL_VICTORIA,HIGHWAY,1,5.0
171661,1,3,130,5,1,80.0,0,N,MELB_URBAN,OTHER,1,15.0
171662,1,5,110,1,3,60.0,0,I,TOWNS,STREET,1,22.0
171663,6,5,99,5,1,60.0,0,N,TOWNS,DRIVE,1,20.0
171664,4,6,173,5,3,70.0,0,N,MELB_URBAN,ROAD,12,2.0
171665,1,4,110,1,1,60.0,0,I,TOWNS,STREET,12,12.0
171666,1,5,130,5,1,100.0,0,N,MELB_URBAN,FREEWAY,1,10.0
171667,6,6,184,5,1,60.0,0,N,RURAL_VICTORIA,ROAD,12,13.0
171668,4,6,181,5,1,100.0,0,N,RURAL_VICTORIA,ROAD,1,10.0
171669,4,6,181,5,1,100.0,0,N,RURAL_VICTORIA,ROAD,1,10.0
171670,1,6,121,5,1,60.0,0,N,LARGE_PROVINCIAL_CITIES,ROAD,1,12.0
171671,1,2,130,5,1,60.0,0,N,RURAL_VICTORIA,ROAD,1,8.0
171672,4,6,181,5,1,60.0,0,N,MELB_URBAN,ROAD,1,12.0
171673,6,6,174,2,1,60.0,0,N,RURAL_VICTORIA,ROAD,1,11.0
171674,6,6,174,5,1,60.0,0,O,RURAL_VICTORIA,UNKNOWN,1,11.0
171675,1,6,134,5,1,80.0,0,N,MELB_URBAN,ROAD,1,8.0
171676,1,6,121,1,1,60.0,0,I,MELB_URBAN,PARADE,1,14.0
171677,1,6,111,2,1,100.0,0,I,RURAL_VICTORIA,HIGHWAY,1,13.0
171678,1,6,113,2,1,60.0,0,I,MELB_URBAN,ROAD,1,12.0
171679,8,6,174,5,1,50.0,0,N,RURAL_VICTORIA,OTHER,1,15.0
171680,1,4,147,2,1,70.0,0,I,MELB_URBAN,ROAD,1,17.0
171681,1,6,99,5,1,40.0,0,N,TOWNS,AVENUE,1,14.0
171682,1,6,111,2,1,60.0,0,I,MELB_URBAN,ROAD,1,9.0
171683,6,6,99,5,1,100.0,0,N,RURAL_VICTORIA,HIGHWAY,1,19.0
171684,1,6,160,5,1,50.0,0,N,LARGE_PROVINCIAL_CITIES,STREET,1,12.0
171685,6,6,99,1,1,40.0,0,I,MELBOURNE_CBD,STREET,1,18.0
171686,1,6,120,5,1,80.0,0,N,RURAL_VICTORIA,ROAD,1,18.0
171687,1,5,121,1,1,60.0,0,N,MELB_URBAN,BOULEVARD,1,17.0
171688,6,6,99,5,1,80.0,0,N,RURAL_VICTORIA,ROAD,1,18.0
171689,1,6,110,1,2,50.0,0,I,MELB_URBAN,AVENUE,1,20.0
171690,4,6,181,5,1,100.0,0,N,RURAL_VICTORIA,ROAD,1,18.0
171691,1,6,135,5,3,40.0,0,N,MELB_URBAN,STREET,1,21.0
171692,1,6,99,5,3,60.0,0,N,MELB_URBAN,ROAD,1,20.0
171693,1,6,121,2,3,70.0,0,I,MELB_URBAN,ROAD,1,21.0
171694,4,6,171,5,5,100.0,0,N,RURAL_VICTORIA,ROAD,1,22.0
171695,1,6,130,1,3,40.0,0,O,MELB_URBAN,UNKNOWN,1,23.0
171696,3,7,167,5,5,100.0,0,N,RURAL_VICTORIA,ROAD,1,3.0
171697,1,5,130,2,1,80.0,0,I,MELB_URBAN,ROAD,12,16.0
171698,1,3,130,1,1,60.0,0,I,LARGE_PROVINCIAL_CITIES,STREET,1,13.0
171699,6,7,174,5,1,80.0,0,N,MELB_URBAN,UNKNOWN,1,11.0
171700,1,4,135,2,1,40.0,0,N,MELB_URBAN,STREET,1,16.0
171701,1,6,130,5,1,70.0,0,N,MELB_URBAN,ROAD,1,12.0
171702,1,7,113,2,1,80.0,0,I,MELB_URBAN,ROAD,1,13.0
171703,1,7,110,1,1,60.0,0,I,MELB_URBAN,STREET,1,11.0
171704,1,7,130,5,1,70.0,0,N,LARGE_PROVINCIAL_CITIES,HIGHWAY,1,11.0
171705,6,7,174,5,1,100.0,0,N,RURAL_VICTORIA,ROAD,1,14.0
171706,1,1,110,1,1,50.0,0,I,MELB_URBAN,ROAD,1,7.0
171707,1,6,113,1,1,50.0,0,I,MELB_URBAN,STREET,1,9.0
171708,1,7,130,1,1,50.0,0,I,MELB_URBAN,STREET,1,12.0
171709,1,7,99,1,1,100.0,0,I,RURAL_VICTORIA,ROAD,1,13.0
171710,1,7,110,1,1,60.0,0,I,SMALL_CITIES,OTHER,1,15.0
171711,4,7,181,5,1,80.0,1,N,RURAL_VICTORIA,ROAD,1,11.0
171712,1,6,130,5,1,60.0,0,N,TOWNS,AVENUE,1,14.0
171713,1,7,110,1,2,60.0,0,I,SMALL_CITIES,STREET,1,20.0
171714,1,7,121,2,3,60.0,0,I,SMALL_CITIES,STREET,1,21.0
171715,1,7,99,2,1,60.0,0,I,MELB_URBAN,ROAD,1,11.0
171716,8,1,174,1,3,50.0,0,I,MELB_URBAN,STREET,1,3.0
171717,3,1,167,5,2,110.0,0,N,RURAL_VICTORIA,FREEWAY,1,5.0
171718,1,1,130,5,3,70.0,0,N,MELB_URBAN,ROAD,1,7.0
171719,1,1,134,5,1,100.0,0,N,RURAL_VICTORIA,FREEWAY,1,11.0
171720,1,1,99,1,1,60.0,0,I,MELB_URBAN,ROAD,1,12.0
171721,4,1,171,5,1,50.0,0,N,MELB_URBAN,AVENUE,1,6.0
171722,1,1,99,5,1,60.0,0,N,SMALL_CITIES,STREET,1,12.0
171723,8,1,99,5,1,80.0,0,N,MELB_URBAN,ROAD,1,12.0
171724,1,1,140,5,1,100.0,0,I,RURAL_VICTORIA,HIGHWAY,1,12.0
171725,4,1,181,5,1,100.0,0,N,RURAL_VICTORIA,ROAD,1,14.0
171726,6,1,170,5,1,100.0,0,N,RURAL_VICTORIA,ROAD,1,12.0
171727,1,0,130,5,1,110.0,0,N,RURAL_VICTORIA,FREEWAY,1,14.0
171728,1,1,134,5,1,100.0,0,N,MELB_URBAN,FREEWAY,1,13.0
171729,1,1,120,2,1,60.0,0,N,MELB_URBAN,ROAD,1,16.0
171730,1,0,130,5,1,100.0,0,N,MELB_URBAN,FREEWAY,1,16.0
171731,4,0,171,2,1,60.0,0,N,MELB_URBAN,ROAD,1,17.0
171732,1,6,121,2,2,80.0,0,I,MELB_URBAN,HIGHWAY,1,19.0
171733,1,1,110,1,1,60.0,0,I,MELB_URBAN,ROAD,1,17.0
171734,1,1,130,5,1,80.0,0,N,LARGE_PROVINCIAL_CITIES,STREET,1,15.0
171735,1,1,135,2,1,60.0,0,I,MELB_URBAN,ROAD,1,16.0
171736,8,1,184,5,3,50.0,0,N,MELB_URBAN,PARADE,1,1.0
171737,1,1,110,1,1,50.0,0,I,TOWNS,STREET,1,16.0
171738,1,7,132,2,3,60.0,0,I,MELB_URBAN,AVENUE,1,21.0
171739,1,1,113,2,1,80.0,0,I,MELB_URBAN,HIGHWAY,1,20.0
171740,2,1,99,5,1,100.0,0,N,MELB_URBAN,RAMP,1,20.0
171741,7,0,99,2,3,50.0,0,I,MELB_URBAN,DRIVE,1,20.0
171742,4,1,99,5,4,50.0,0,N,MELB_URBAN,STREET,1,21.0
171743,1,0,120,5,3,110.0,0,N,LARGE_PROVINCIAL_CITIES,RAMP,1,21.0
171744,1,0,110,1,1,60.0,0,I,MELB_URBAN,AVENUE,1,18.0
171745,1,1,173,5,3,50.0,0,N,SMALL_CITIES,STREET,1,23.0
171746,1,1,160,5,3,50.0,0,N,TOWNS,STREET,1,22.0
171747,6,3,174,1,1,60.0,0,I,SMALL_CITIES,STREET,1,18.0
171748,4,2,171,1,2,80.0,0,I,MELB_URBAN,AVENUE,1,4.0
171749,1,1,160,5,6,50.0,0,N,MELB_URBAN,DRIVE,1,23.0
171750,1,2,160,5,3,60.0,0,N,MELB_URBAN,STREET,1,4.0
171751,1,1,110,1,1,50.0,0,I,TOWNS,STREET,1,15.0
171752,1,6,130,5,1,110.0,0,N,RURAL_VICTORIA,FREEWAY,12,11.0
171753,1,1,147,5,1,60.0,0,N,MELB_URBAN,BOULEVARD,1,18.0
171754,1,2,99,2,1,50.0,0,I,MELB_URBAN,ROAD,1,11.0
171755,1,3,130,1,1,60.0,0,I,MELB_URBAN,ROAD,1,14.0
171756,1,5,130,5,1,80.0,0,N,MELB_URBAN,UNKNOWN,11,16.0
171757,1,6,99,1,1,60.0,0,N,MELB_URBAN,ROAD,1,16.0
171758,1,4,111,2,1,50.0,0,I,SMALL_CITIES,ROAD,1,18.0
171759,4,7,181,5,5,60.0,0,N,RURAL_VICTORIA,OTHER,12,21.0
171760,1,3,130,5,1,60.0,0,N,MELB_URBAN,ROAD,1,18.0
171761,1,1,132,5,1,80.0,0,N,SMALL_CITIES,OTHER,1,12.0
171762,8,5,174,1,1,60.0,0,I,RURAL_VICTORIA,ROAD,1,11.0
171763,1,3,130,5,2,80.0,0,N,MELB_URBAN,HIGHWAY,12,6.0
171764,6,5,174,2,1,40.0,0,I,MELB_URBAN,ROAD,1,16.0
171765,1,6,110,1,1,80.0,0,I,MELB_URBAN,DRIVE,12,12.0
171766,1,2,99,5,1,110.0,0,N,RURAL_VICTORIA,FREEWAY,1,12.0
171767,8,2,184,1,1,50.0,0,I,MELB_URBAN,DRIVE,1,13.0
171768,1,3,110,1,1,80.0,0,I,MELB_URBAN,ROAD,1,14.0
171769,1,5,130,5,1,60.0,0,N,MELB_URBAN,ROAD,1,17.0
171770,1,1,130,1,1,70.0,0,I,TOWNS,HIGHWAY,1,8.0
171771,6,7,174,5,1,60.0,0,N,RURAL_VICTORIA,ROAD,1,10.0
171772,6,1,184,5,1,60.0,0,N,MELB_URBAN,ROAD,1,13.0
171773,3,1,167,5,1,50.0,0,N,MELB_URBAN,OTHER,1,9.0
171774,1,2,130,1,1,80.0,0,I,MELB_URBAN,ROAD,1,13.0
171775,1,3,110,1,3,50.0,0,I,TOWNS,STREET,1,4.0
171776,1,5,130,1,1,60.0,0,I,MELB_URBAN,STREET,12,16.0
171777,1,2,121,5,1,70.0,0,I,LARGE_PROVINCIAL_CITIES,STREET,1,17.0
171778,4,1,171,5,1,60.0,0,N,SMALL_CITIES,HIGHWAY,1,18.0
171779,8,2,170,5,2,70.0,0,N,MELB_URBAN,ROAD,1,18.0
171780,1,7,130,2,1,60.0,0,I,LARGE_PROVINCIAL_CITIES,ROAD,1,15.0
171781,1,1,130,5,1,100.0,0,N,MELB_URBAN,RAMP,1,18.0
171782,1,5,99,2,1,80.0,0,I,RURAL_VICTORIA,ROAD,1,15.0
171783,4,2,181,5,1,100.0,0,N,RURAL_VICTORIA,ROAD,1,19.0
171784,1,2,121,1,3,50.0,0,I,SMALL_CITIES,AVENUE,1,21.0
171785,6,1,174,5,1,100.0,0,N,RURAL_VICTORIA,ROAD,12,15.0
171786,1,3,130,5,1,100.0,0,N,MELB_URBAN,RAMP,1,14.0
171787,1,2,133,5,2,50.0,1,N,MELB_URBAN,ROAD,1,18.0
171788,4,2,171,5,5,50.0,0,N,MELB_URBAN,ROAD,1,23.0
171789,1,2,130,5,1,70.0,0,N,MELB_URBAN,ROAD,1,8.0
171790,1,2,121,2,1,60.0,0,I,MELB_URBAN,ROAD,1,7.0
171791,1,2,121,2,1,70.0,0,I,MELB_URBAN,ROAD,1,8.0
171792,1,5,110,1,1,50.0,0,I,MELB_URBAN,ROAD,1,10.0
171793,1,3,130,1,1,60.0,0,I,MELB_URBAN,HIGHWAY,1,7.0
171794,4,3,173,5,1,60.0,0,N,LARGE_PROVINCIAL_CITIES,OTHER,1,8.0
171795,1,3,171,5,1,60.0,0,N,LARGE_PROVINCIAL_CITIES,STREET,1,13.0
171796,1,6,147,5,1,50.0,0,N,LARGE_PROVINCIAL_CITIES,STREET,1,7.0
171797,1,1,130,1,1,60.0,0,O,MELB_URBAN,UNKNOWN,12,10.0
171798,1,5,110,1,1,50.0,0,N,MELB_URBAN,STREET,1,18.0
171799,1,2,110,1,1,60.0,0,I,MELB_URBAN,ROAD,1,12.0
171800,1,2,147,5,1,60.0,0,N,MELB_URBAN,ROAD,1,19.0
171801,1,3,111,1,1,100.0,0,I,RURAL_VICTORIA,HIGHWAY,1,12.0
171802,1,2,130,5,1,80.0,0,N,MELB_URBAN,RAMP,1,16.0
171803,1,3,111,2,1,60.0,0,I,SMALL_TOWNS,STREET,1,8.0
171804,1,3,120,5,1,70.0,0,N,LARGE_PROVINCIAL_CITIES,OTHER,1,17.0
171805,1,2,110,1,1,50.0,0,I,MELB_URBAN,STREET,1,15.0
171806,6,2,99,5,1,100.0,0,N,RURAL_VICTORIA,ROAD,1,16.0
171807,1,3,99,2,1,50.0,0,I,MELB_URBAN,ROAD,1,17.0
171808,1,3,160,5,1,60.0,0,N,MELB_URBAN,ROAD,1,18.0
171809,4,3,171,2,1,100.0,0,I,RURAL_VICTORIA,ROAD,1,18.0
171810,1,3,130,5,1,70.0,0,N,LARGE_PROVINCIAL_CITIES,ROAD,1,17.0
171811,1,3,121,2,2,50.0,0,I,MELB_URBAN,STREET,1,19.0
171812,1,1,163,5,3,40.0,0,I,MELB_URBAN,STREET,1,22.0
171813,1,3,130,5,1,60.0,0,N,RURAL_VICTORIA,HIGHWAY,1,15.0
171814,1,3,99,5,5,80.0,0,N,MELB_URBAN,ROAD,1,20.0
171815,1,2,121,2,1,60.0,0,I,MELB_URBAN,ROAD,1,18.0
171816,4,4,171,5,5,80.0,0,N,RURAL_VICTORIA,ROAD,1,23.0
171817,1,5,110,1,1,50.0,0,I,MELB_URBAN,AVENUE,1,16.0
171818,1,3,130,2,3,60.0,0,N,MELB_URBAN,ROAD,1,0.0
171819,4,4,173,5,3,60.0,0,N,LARGE_PROVINCIAL_CITIES,STREET,1,2.0
171820,1,2,130,2,1,60.0,0,I,MELB_URBAN,ROAD,1,15.0
171821,1,4,111,1,3,60.0,0,I,MELB_URBAN,ROAD,1,2.0
171822,1,4,130,2,1,60.0,0,I,RURAL_VICTORIA,ROAD,1,8.0
171823,8,6,174,5,1,100.0,0,N,RURAL_VICTORIA,ROAD,12,15.0
171824,6,4,99,5,1,60.0,0,N,MELB_URBAN,STREET,1,9.0
171825,1,4,130,5,1,100.0,0,N,RURAL_VICTORIA,ROAD,1,9.0
171826,1,3,134,5,1,60.0,0,N,MELB_URBAN,PARADE,1,6.0
171827,1,4,113,2,1,60.0,0,I,MELB_URBAN,ROAD,1,10.0
171828,1,3,134,5,1,110.0,0,N,RURAL_VICTORIA,FREEWAY,1,11.0
171829,1,4,130,1,1,50.0,0,I,SMALL_CITIES,STREET,1,9.0
171830,1,2,99,2,1,60.0,0,I,MELB_URBAN,ROAD,1,19.0
171831,3,0,167,2,5,100.0,0,N,RURAL_VICTORIA,HIGHWAY,1,22.0
171832,2,4,99,5,1,60.0,0,N,MELB_URBAN,DRIVE,1,14.0
171833,1,4,121,1,1,50.0,0,I,MELB_URBAN,ROAD,1,13.0
171834,1,4,110,1,1,100.0,0,I,RURAL_VICTORIA,ROAD,1,11.0
171835,2,4,100,2,1,80.0,0,I,RURAL_VICTORIA,HIGHWAY,1,11.0
171836,1,2,110,1,3,70.0,0,I,MELB_URBAN,ROAD,12,20.0
171837,1,4,99,5,1,40.0,0,N,MELBOURNE_CBD,STREET,1,12.0
171838,4,4,171,2,1,50.0,0,I,MELB_URBAN,DRIVE,1,12.0
171839,2,4,100,5,1,60.0,0,N,MELB_URBAN,STREET,1,14.0
171840,1,3,130,5,1,80.0,0,N,RURAL_VICTORIA,ROAD,1,8.0
171841,7,1,184,2,1,60.0,0,I,RURAL_VICTORIA,ROAD,3,15.0
171842,6,3,174,2,1,60.0,0,I,SMALL_CITIES,ROAD,1,10.0
171843,3,3,167,5,6,80.0,0,N,RURAL_VICTORIA,OTHER,1,5.0
171844,6,4,170,1,1,80.0,0,I,RURAL_VICTORIA,ROAD,1,15.0
171845,1,4,99,2,1,40.0,0,I,MELB_URBAN,STREET,1,16.0
171846,1,3,130,5,1,60.0,0,N,MELB_URBAN,ROAD,1,10.0
171847,1,4,130,5,3,110.0,0,N,RURAL_VICTORIA,FREEWAY,1,5.0
171848,4,3,171,5,1,100.0,0,N,RURAL_VICTORIA,ROAD,1,15.0
171849,1,4,130,2,1,60.0,0,N,MELB_URBAN,STREET,1,15.0
171850,1,3,110,1,1,80.0,0,I,SMALL_CITIES,HIGHWAY,1,17.0
171851,1,4,120,5,1,70.0,0,N,RURAL_VICTORIA,ROAD,1,16.0
171852,1,6,121,1,3,60.0,0,I,MELB_URBAN,ROAD,11,23.0
171853,1,1,130,5,1,80.0,0,N,MELB_URBAN,FREEWAY,1,16.0
171854,8,4,184,5,1,100.0,0,N,RURAL_VICTORIA,ROAD,1,18.0
171855,1,2,130,5,1,70.0,0,N,RURAL_VICTORIA,ROAD,1,17.0
171856,1,4,160,5,1,60.0,0,N,RURAL_VICTORIA,AVENUE,1,15.0
171857,1,4,130,1,1,80.0,0,I,MELB_URBAN,ROAD,1,19.0
171858,1,4,121,1,1,60.0,0,I,MELB_URBAN,STREET,1,19.0
171859,1,3,130,1,1,80.0,0,N,MELB_URBAN,FREEWAY,1,19.0
171860,7,4,184,5,1,80.0,0,N,MELB_URBAN,RAMP,1,16.0
171861,1,4,99,1,1,60.0,0,I,MELB_URBAN,ROAD,1,19.0
171862,4,4,173,5,4,60.0,0,N,MELB_URBAN,AVENUE,1,19.0
171863,8,4,174,2,3,70.0,0,N,MELB_URBAN,ROAD,1,22.0
171864,4,5,171,5,5,100.0,0,N,RURAL_VICTORIA,ROAD,2,4.0
171865,1,5,130,2,1,80.0,0,N,MELB_URBAN,ROAD,2,6.0
171866,1,2,130,5,1,100.0,0,N,MELB_URBAN,FREEWAY,1,16.0
171867,8,5,99,5,1,40.0,0,N,MELB_URBAN,STREET,2,8.0
171868,1,5,135,5,1,100.0,0,N,MELB_URBAN,FREEWAY,2,9.0
171869,4,4,99,5,1,50.0,0,N,MELB_URBAN,ROAD,2,9.0
171870,8,5,174,5,1,40.0,0,N,MELB_URBAN,PARADE,2,11.0
171871,1,3,130,5,1,80.0,0,N,RURAL_VICTORIA,ROAD,1,16.0
171872,8,3,184,1,2,60.0,0,N,MELB_URBAN,ROAD,1,7.0
171873,8,3,174,5,1,50.0,0,N,MELB_URBAN,ROAD,1,15.0
171874,1,4,110,1,1,60.0,0,I,MELB_URBAN,ROAD,2,9.0
171875,1,1,113,2,1,60.0,0,I,MELB_URBAN,ROAD,10,12.0
171876,1,6,147,5,1,50.0,0,N,MELB_URBAN,STREET,1,18.0
171877,1,5,113,2,1,50.0,0,I,SMALL_CITIES,DRIVE,2,12.0
171878,4,5,173,5,1,60.0,0,N,RURAL_VICTORIA,ROAD,2,11.0
171879,1,5,99,2,1,40.0,0,I,MELB_URBAN,OTHER,2,10.0
171880,3,7,167,5,5,110.0,0,N,RURAL_VICTORIA,FREEWAY,1,3.0
171881,5,5,99,5,1,100.0,0,N,RURAL_VICTORIA,ROAD,2,13.0
171882,5,6,99,2,1,60.0,0,I,MELB_URBAN,HIGHWAY,1,9.0
171883,1,5,121,2,1,60.0,0,I,MELB_URBAN,OTHER,2,10.0
171884,1,4,160,5,1,50.0,0,N,MELB_URBAN,STREET,2,12.0
171885,8,5,184,5,1,80.0,0,N,MELB_URBAN,ROAD,1,12.0
171886,1,5,99,2,1,80.0,0,N,MELB_URBAN,OTHER,2,12.0
171887,4,5,173,2,1,70.0,0,N,MELB_URBAN,ROAD,2,14.0
171888,2,4,100,5,1,40.0,0,N,LARGE_PROVINCIAL_CITIES,AVENUE,2,14.0
171889,2,5,100,5,1,40.0,0,N,LARGE_PROVINCIAL_CITIES,STREET,2,15.0
171890,1,5,160,5,1,80.0,0,N,MELB_URBAN,ROAD,2,15.0
171891,1,3,140,5,1,60.0,0,N,SMALL_TOWNS,ROAD,1,13.0
171892,1,4,130,2,1,60.0,0,I,MELB_URBAN,STREET,2,15.0
171893,1,4,130,5,1,60.0,0,N,MELB_URBAN,ROAD,2,16.0
171894,1,5,99,1,1,40.0,0,I,MELB_URBAN,ROAD,2,17.0
171895,1,4,113,2,1,50.0,0,I,SMALL_CITIES,DRIVE,1,18.0
171896,1,3,110,1,1,60.0,0,I,SMALL_CITIES,STREET,1,11.0
171897,1,3,121,2,1,50.0,0,I,MELB_URBAN,ROAD,1,15.0
171898,2,5,102,2,1,60.0,0,I,MELB_URBAN,ROAD,2,16.0
171899,1,5,113,2,1,50.0,0,I,MELB_URBAN,STREET,2,15.0
171900,6,4,99,2,1,50.0,0,N,TOWNS,HIGHWAY,2,12.0
171901,1,3,130,2,1,50.0,0,I,SMALL_CITIES,ROAD,1,15.0
171902,1,5,130,5,1,80.0,0,N,MELB_URBAN,FREEWAY,2,18.0
171903,1,5,130,1,2,70.0,0,I,MELB_URBAN,ROAD,12,21.0
171904,8,5,174,5,1,50.0,0,I,SMALL_CITIES,DRIVE,2,17.0
171905,1,5,147,5,1,50.0,0,N,RURAL_VICTORIA,AVENUE,2,19.0
171906,1,4,130,5,1,60.0,0,N,LARGE_PROVINCIAL_CITIES,ROAD,1,15.0
171907,1,5,130,5,1,60.0,0,N,MELB_URBAN,STREET,2,18.0
171908,4,5,171,5,1,100.0,0,N,RURAL_VICTORIA,ROAD,2,17.0
171909,1,5,121,2,1,60.0,0,I,MELB_URBAN,STREET,2,17.0
171910,2,5,102,1,1,60.0,0,I,MELB_URBAN,ROAD,2,19.0
171911,1,5,120,5,3,50.0,0,N,RURAL_VICTORIA,ROAD,2,20.0
171912,1,5,130,5,1,110.0,0,N,RURAL_VICTORIA,FREEWAY,2,15.0
171913,5,5,99,5,5,60.0,0,N,RURAL_VICTORIA,ROAD,2,21.0
171914,6,5,174,5,5,100.0,0,N,RURAL_VICTORIA,ROAD,2,0.0
171915,1,6,121,1,2,80.0,0,I,MELB_URBAN,HIGHWAY,2,6.0
171916,4,6,181,5,5,60.0,1,N,RURAL_VICTORIA,ROAD,2,3.0
171917,1,5,113,2,1,80.0,0,I,RURAL_VICTORIA,HIGHWAY,2,16.0
171918,1,6,160,5,1,60.0,0,N,LARGE_PROVINCIAL_CITIES,ROAD,2,10.0
171919,1,6,110,1,1,50.0,0,I,SMALL_CITIES,STREET,2,10.0
171920,1,6,116,1,1,40.0,0,N,MELB_URBAN,ROAD,2,10.0
171921,2,6,102,5,1,40.0,0,N,MELB_URBAN,STREET,2,11.0
171922,1,3,99,1,1,60.0,0,O,LARGE_PROVINCIAL_CITIES,STREET,1,18.0
171923,1,5,130,5,1,80.0,0,N,MELB_URBAN,FREEWAY,2,18.0
171924,1,6,130,2,1,70.0,0,I,LARGE_PROVINCIAL_CITIES,STREET,2,12.0
171925,1,6,147,5,1,60.0,0,N,MELB_URBAN,ROAD,2,12.0
171926,1,5,130,1,1,80.0,0,N,MELB_URBAN,HIGHWAY,2,13.0
171927,1,5,99,2,2,60.0,0,I,MELB_URBAN,ROAD,2,20.0
171928,2,4,99,5,9,50.0,0,N,MELB_URBAN,AVENUE,1,20.0
171929,1,6,130,5,1,60.0,0,N,MELB_URBAN,RAMP,2,11.0
171930,1,6,130,5,1,60.0,0,N,MELB_URBAN,OTHER,2,17.0
171931,1,6,134,5,1,100.0,0,N,MELB_URBAN,FREEWAY,2,14.0
171932,1,4,160,5,9,50.0,0,N,MELB_URBAN,BOULEVARD,2,16.0
171933,1,1,130,5,1,80.0,0,N,MELB_URBAN,ROAD,1,18.0
171934,1,5,130,1,1,80.0,0,I,RURAL_VICTORIA,ROAD,1,10.0
171935,4,6,173,5,1,60.0,0,N,MELB_URBAN,DRIVE,2,15.0
171936,1,6,130,2,1,40.0,0,N,RURAL_VICTORIA,ROAD,2,16.0
171937,1,6,99,2,1,60.0,0,I,MELB_URBAN,ROAD,2,9.0
171938,1,3,130,2,1,60.0,0,N,MELB_URBAN,ROAD,1,14.0