,accident_type,day_of_week,dca_code,road_geometry,light_condition,speed_zone,severity,node_type,deg_urban_name,road_type,month,hour
171939,2,6,100,2,1,60.0,0,I,MELB_URBAN,ROAD,2,17.0
171940,4,5,173,2,1,60.0,0,I,MELB_URBAN,DRIVE,2,15.0
171941,1,5,130,5,1,40.0,0,N,LARGE_PROVINCIAL_CITIES,ROAD,2,9.0
171942,1,6,99,5,1,50.0,0,N,MELB_URBAN,STREET,2,15.0
171943,1,7,99,2,1,60.0,0,I,MELB_URBAN,HIGHWAY,12,9.0
171944,1,6,130,5,1,70.0,0,N,RURAL_VICTORIA,HIGHWAY,2,16.0
171945,1,5,110,1,1,70.0,0,I,MELB_URBAN,ROAD,2,14.0
171946,1,6,121,2,1,70.0,0,I,RURAL_VICTORIA,ROAD,2,16.0
171947,1,6,99,1,3,80.0,0,I,RURAL_VICTORIA,ROAD,2,20.0
171948,1,6,132,2,3,60.0,0,I,MELB_URBAN,ROAD,2,21.0
171949,1,6,113,2,1,70.0,0,I,MELB_URBAN,ROAD,2,19.0
171950,1,6,99,2,1,60.0,0,I,LARGE_PROVINCIAL_CITIES,STREET,2,15.0
171951,1,6,130,5,1,80.0,0,N,MELB_URBAN,HIGHWAY,2,15.0
171952,4,6,173,5,1,60.0,1,N,SMALL_CITIES,DRIVE,2,15.0
171953,1,6,130,5,3,60.0,0,N,MELB_URBAN,ROAD,2,22.0
171954,1,5,163,2,1,40.0,0,N,MELB_URBAN,STREET,2,18.0
171955,4,6,173,5,2,100.0,0,N,RURAL_VICTORIA,ROAD,2,20.0
171956,4,7,171,1,3,50.0,1,I,MELB_URBAN,BOULEVARD,2,3.0
171957,2,7,102,5,1,60.0,0,N,LARGE_PROVINCIAL_CITIES,ROAD,2,6.0
171958,1,7,121,1,2,60.0,0,I,MELB_URBAN,STREET,2,7.0
171959,1,7,116,2,2,80.0,0,I,MELB_URBAN,RAMP,2,6.0
171960,1,6,147,5,1,40.0,0,N,MELB_URBAN,DRIVE,9,9.0
171961,1,6,113,1,1,40.0,0,I,RURAL_VICTORIA,OTHER,2,16.0
171962,6,6,170,5,1,100.0,0,N,RURAL_VICTORIA,HIGHWAY,2,11.0
171963,1,6,130,5,1,80.0,0,I,MELB_URBAN,ROAD,2,14.0
171964,2,7,100,2,1,50.0,0,N,MELB_URBAN,STREET,2,13.0
171965,1,7,130,2,1,60.0,0,I,MELB_URBAN,ROAD,1,9.0
171966,4,7,181,5,1,60.0,0,O,RURAL_VICTORIA,ROAD,2,11.0
171967,1,7,99,2,1,40.0,0,I,MELB_URBAN,ROAD,2,11.0
171968,1,7,113,2,1,60.0,0,I,MELB_URBAN,ROAD,2,14.0
171969,1,6,121,2,1,40.0,0,I,MELB_URBAN,STREET,2,14.0
171970,1,7,120,5,1,100.0,0,O,RURAL_VICTORIA,UNKNOWN,2,13.0
171971,1,4,163,5,1,60.0,0,N,SMALL_CITIES,ROAD,2,8.0
171972,1,6,120,5,1,60.0,0,N,MELB_URBAN,ROAD,2,17.0
171973,1,2,130,5,1,100.0,0,N,MELB_URBAN,FREEWAY,1,13.0
171974,5,7,99,5,1,50.0,0,N,MELB_URBAN,DRIVE,2,18.0
171975,1,5,132,5,1,60.0,0,N,MELB_URBAN,ROAD,11,18.0
171976,1,6,130,5,1,60.0,0,N,MELB_URBAN,ROAD,2,18.0
171977,4,7,171,5,1,100.0,1,N,RURAL_VICTORIA,HIGHWAY,2,13.0
171978,2,7,102,5,1,60.0,0,N,MELB_URBAN,ROAD,2,17.0
171979,4,7,183,3,9,60.0,0,I,RURAL_VICTORIA,ROAD,2,20.0
171980,1,7,99,5,3,50.0,0,N,TOWNS,ROAD,2,20.0
171981,1,6,130,1,3,80.0,0,N,MELB_URBAN,HIGHWAY,2,21.0
171982,1,7,110,1,1,50.0,1,I,MELB_URBAN,AVENUE,2,19.0
171983,6,7,99,5,1,60.0,0,N,RURAL_VICTORIA,ROAD,2,18.0
171984,4,7,171,5,1,110.0,0,N,RURAL_VICTORIA,FREEWAY,2,20.0
171985,4,0,99,5,3,100.0,0,N,MELB_URBAN,FREEWAY,2,3.0
171986,1,6,130,5,3,60.0,0,I,MELB_URBAN,ROAD,2,22.0
171987,1,1,111,1,1,50.0,0,N,SMALL_CITIES,DRIVE,2,7.0
171988,6,5,99,5,1,100.0,0,N,RURAL_VICTORIA,ROAD,2,18.0
171989,6,7,184,5,1,100.0,0,N,RURAL_VICTORIA,HIGHWAY,2,15.0
171990,1,1,113,4,3,60.0,1,I,SMALL_CITIES,RAMP,2,0.0
171991,1,6,130,1,1,60.0,0,I,MELB_URBAN,ROAD,2,15.0
171992,1,5,99,5,1,50.0,0,N,MELB_URBAN,STREET,1,18.0
171993,1,7,121,2,1,50.0,0,I,MELB_URBAN,OTHER,1,16.0
171994,1,1,135,2,1,60.0,0,N,MELB_URBAN,ROAD,2,10.0
171995,1,2,130,1,1,60.0,0,N,MELB_URBAN,OTHER,1,20.0
171996,1,2,121,2,1,80.0,0,I,MELB_URBAN,ROAD,1,11.0
171997,1,1,130,5,1,60.0,0,N,RURAL_VICTORIA,ROAD,2,11.0
171998,1,1,110,1,1,60.0,0,I,MELB_URBAN,ROAD,2,12.0
171999,1,1,121,4,1,60.0,0,I,MELB_URBAN,ROAD,2,13.0
172000,1,0,133,5,1,60.0,0,N,MELB_URBAN,STREET,2,10.0
172001,4,1,173,5,1,100.0,0,N,MELB_URBAN,FREEWAY,2,12.0
172002,3,4,167,5,1,100.0,0,N,RURAL_VICTORIA,HIGHWAY,1,12.0
172003,1,1,99,1,1,40.0,0,I,MELB_URBAN,STREET,2,14.0
172004,1,3,130,2,1,75.0,0,I,MELB_URBAN,ROAD,1,18.0
172005,8,6,174,5,1,40.0,0,N,TOWNS,STREET,2,13.0
172006,4,1,171,2,1,80.0,0,I,MELB_URBAN,HIGHWAY,2,6.0
172007,8,7,174,2,1,50.0,0,I,RURAL_VICTORIA,DRIVE,2,14.0
172008,1,4,130,2,1,30.0,0,I,MELB_URBAN,ROAD,11,14.0
172009,1,0,130,5,1,60.0,0,N,RURAL_VICTORIA,ROAD,2,16.0
172010,1,1,110,1,1,60.0,0,I,MELB_URBAN,OTHER,1,12.0
172011,1,1,99,5,1,60.0,0,N,RURAL_VICTORIA,STREET,2,15.0
172012,4,1,171,5,1,70.0,0,N,MELB_URBAN,ROAD,2,16.0
172013,1,1,116,2,1,40.0,0,I,MELB_URBAN,STREET,2,18.0
172014,1,0,110,1,1,60.0,0,I,MELB_URBAN,ROAD,2,14.0
172015,1,1,113,2,1,100.0,0,I,RURAL_VICTORIA,HIGHWAY,2,14.0
172016,1,1,132,2,1,60.0,0,I,MELB_URBAN,ROAD,2,10.0
172017,1,0,121,2,1,60.0,0,I,MELB_URBAN,HIGHWAY,2,19.0
172018,1,6,130,2,1,70.0,0,I,MELB_URBAN,ROAD,2,15.0
172019,1,1,99,5,2,60.0,0,N,MELB_URBAN,STREET,2,20.0
172020,4,0,173,5,5,100.0,0,N,RURAL_VICTORIA,ROAD,2,20.0
172021,4,5,171,5,1,60.0,0,N,RURAL_VICTORIA,ROAD,2,8.0
172022,4,1,173,5,1,80.0,0,N,RURAL_VICTORIA,ROAD,2,19.0
172023,1,1,99,5,3,40.0,0,N,MELBOURNE_CBD,STREET,2,23.0
172024,1,1,111,1,1,60.0,0,I,MELB_URBAN,ROAD,2,11.0
172025,1,6,99,1,2,80.0,0,I,MELB_URBAN,HIGHWAY,11,6.0
172026,1,5,110,1,3,50.0,0,I,MELB_URBAN,BOULEVARD,1,23.0
172027,6,1,170,2,1,50.0,0,O,MELB_URBAN,UNKNOWN,2,10.0
172028,1,2,121,1,1,50.0,0,I,MELB_URBAN,STREET,2,6.0
172029,1,6,133,5,1,100.0,0,N,MELB_URBAN,FREEWAY,12,7.0
172030,1,4,130,5,1,60.0,0,N,MELB_URBAN,ROAD,1,17.0
172031,5,1,99,5,1,60.0,0,N,RURAL_VICTORIA,ROAD,12,11.0
172032,5,2,99,5,1,100.0,0,N,RURAL_VICTORIA,ROAD,1,17.0
172033,1,2,113,2,1,60.0,0,I,MELB_URBAN,STREET,2,11.0
172034,4,2,99,1,1,60.0,0,O,MELB_URBAN,UNKNOWN,2,9.0
172035,4,1,171,5,1,60.0,0,N,LARGE_PROVINCIAL_CITIES,STREET,2,9.0
172036,1,2,113,2,1,60.0,0,I,MELB_URBAN,ROAD,2,12.0
172037,1,2,130,2,1,80.0,0,I,MELB_URBAN,ROAD,2,12.0
172038,1,1,130,5,1,80.0,0,N,RURAL_VICTORIA,ROAD,2,7.0
172039,1,5,130,5,1,80.0,0,N,MELB_URBAN,HIGHWAY,11,14.0
172040,6,3,99,5,1,80.0,0,N,RURAL_VICTORIA,ROAD,1,14.0
172041,1,6,132,5,1,50.0,0,N,MELB_URBAN,ROAD,2,10.0
172042,1,1,113,1,1,60.0,0,I,MELB_URBAN,OTHER,2,7.0
172043,1,2,121,1,1,50.0,0,I,MELB_URBAN,STREET,2,9.0
172044,1,2,113,1,1,80.0,0,N,MELB_URBAN,ROAD,2,13.0
172045,5,1,99,5,1,100.0,0,N,RURAL_VICTORIA,ROAD,2,11.0
172046,1,5,135,1,1,50.0,0,I,MELB_URBAN,STREET,2,16.0
172047,1,7,116,2,9,60.0,0,I,MELB_URBAN,ROAD,2,7.0
172048,1,2,116,2,1,60.0,0,I,MELB_URBAN,HIGHWAY,2,17.0
172049,4,2,171,5,1,80.0,0,N,MELB_URBAN,ROAD,2,15.0
172050,1,2,130,1,1,70.0,0,N,LARGE_PROVINCIAL_CITIES,ROAD,2,15.0
172051,1,1,121,2,1,50.0,0,I,MELB_URBAN,ROAD,2,15.0
172052,8,2,99,5,1,40.0,0,N,MELB_URBAN,STREET,2,15.0
172053,1,2,133,5,1,60.0,0,N,MELB_URBAN,STREET,2,13.0
172054,3,1,167,5,1,100.0,0,N,RURAL_VICTORIA,ROAD,1,19.0
172055,1,2,147,5,1,60.0,0,N,MELB_URBAN,ROAD,2,16.0
172056,1,2,116,2,3,50.0,0,I,MELB_URBAN,ROAD,2,20.0
172057,1,1,120,5,1,80.0,0,N,RURAL_VICTORIA,ROAD,2,16.0
172058,8,2,99,5,1,100.0,0,N,RURAL_VICTORIA,ROAD,2,17.0
172059,4,1,173,5,1,80.0,0,N,RURAL_VICTORIA,ROAD,2,17.0
172060,1,1,111,1,1,60.0,0,I,MELB_URBAN,PARADE,2,9.0
172061,1,1,130,1,3,60.0,0,O,SMALL_CITIES,UNKNOWN,2,21.0
172062,1,2,160,5,1,50.0,0,N,MELB_URBAN,ROAD,2,19.0
172063,1,2,134,5,3,80.0,0,N,RURAL_VICTORIA,ROAD,2,21.0
172064,1,2,120,5,1,100.0,1,N,RURAL_VICTORIA,ROAD,2,17.0
172065,4,2,173,5,5,100.0,0,N,RURAL_VICTORIA,ROAD,2,2.0
172066,1,2,120,2,1,40.0,0,I,MELB_URBAN,STREET,1,18.0
172067,4,2,183,5,1,100.0,0,N,RURAL_VICTORIA,ROAD,2,12.0
172068,1,3,133,5,1,70.0,0,N,MELB_URBAN,ROAD,2,6.0
172069,1,2,130,2,9,60.0,0,N,MELB_URBAN,ROAD,2,8.0
172070,1,3,116,2,1,40.0,0,I,MELB_URBAN,STREET,2,8.0
172071,1,2,163,5,1,50.0,0,N,MELB_URBAN,STREET,1,17.0
172072,1,3,121,2,1,70.0,0,I,MELB_URBAN,OTHER,2,8.0
172073,1,3,121,2,1,70.0,0,I,MELB_URBAN,ROAD,2,8.0
172074,1,3,130,1,1,100.0,0,I,RURAL_VICTORIA,HIGHWAY,2,8.0
172075,1,7,130,5,1,80.0,0,N,MELB_URBAN,ROAD,1,12.0
172076,1,3,113,2,1,60.0,0,I,MELB_URBAN,ROAD,1,18.0
172077,1,2,130,5,3,60.0,0,N,MELB_URBAN,PARADE,5,18.0
172078,1,3,132,2,1,100.0,0,I,RURAL_VICTORIA,ROAD,2,9.0
172079,1,7,99,1,1,80.0,0,I,MELB_URBAN,ROAD,2,19.0
172080,1,2,130,1,1,60.0,0,N,MELB_URBAN,ROAD,2,11.0
172081,1,6,130,5,1,80.0,0,N,SMALL_TOWNS,ROAD,2,8.0
172082,1,1,130,4,1,60.0,0,N,MELB_URBAN,ROAD,2,11.0
172083,1,3,121,5,1,50.0,0,N,MELB_URBAN,STREET,2,10.0
172084,1,0,130,2,1,60.0,0,N,MELB_URBAN,STREET,1,12.0
172085,8,0,170,5,1,80.0,0,N,RURAL_VICTORIA,ROAD,1,16.0
172086,1,3,121,1,1,60.0,0,I,MELB_URBAN,ROAD,2,12.0
172087,1,3,99,5,1,60.0,0,N,MELB_URBAN,ROAD,2,12.0
172088,1,3,140,5,1,100.0,0,N,RURAL_VICTORIA,ROAD,2,11.0
172089,8,1,184,5,1,80.0,0,N,RURAL_VICTORIA,ROAD,2,15.0
172090,1,3,130,2,1,60.0,0,I,RURAL_VICTORIA,HIGHWAY,2,13.0
172091,1,6,132,2,1,50.0,0,I,MELB_URBAN,DRIVE,9,16.0
172092,4,7,181,5,1,60.0,0,N,RURAL_VICTORIA,ROAD,2,15.0
172093,1,2,130,5,1,80.0,0,N,MELB_URBAN,RAMP,2,12.0
172094,1,3,130,2,1,80.0,0,N,RURAL_VICTORIA,HIGHWAY,2,9.0
172095,6,7,174,5,1,60.0,0,N,SMALL_CITIES,ROAD,2,11.0
172096,4,3,181,5,1,60.0,0,N,RURAL_VICTORIA,ROAD,2,10.0
172097,1,3,99,1,1,100.0,0,N,MELB_URBAN,ROAD,2,12.0
172098,1,3,160,5,1,40.0,0,N,MELB_URBAN,STREET,11,11.0
172099,1,0,99,5,1,100.0,0,N,RURAL_VICTORIA,HIGHWAY,12,10.0
172100,5,1,99,5,1,60.0,0,N,MELB_URBAN,HIGHWAY,1,17.0
172101,1,4,135,2,1,60.0,0,N,MELB_URBAN,ROAD,11,12.0
172102,4,3,99,2,1,80.0,0,I,RURAL_VICTORIA,ROAD,2,15.0
172103,1,3,116,2,1,80.0,0,I,RURAL_VICTORIA,HIGHWAY,2,16.0
172104,1,3,134,2,1,80.0,0,I,MELB_URBAN,HIGHWAY,2,17.0
172105,1,3,130,5,1,60.0,0,N,MELB_URBAN,ROAD,2,15.0
172106,1,3,130,2,1,60.0,0,I,MELB_URBAN,ROAD,1,16.0
172107,5,3,99,5,1,100.0,0,N,RURAL_VICTORIA,ROAD,2,17.0
172108,1,5,99,2,1,60.0,0,N,MELB_URBAN,ROAD,2,18.0
172109,1,5,130,2,3,60.0,0,I,MELB_URBAN,ROAD,1,23.0
172110,1,1,130,5,1,80.0,0,N,MELB_URBAN,RAMP,2,8.0
172111,1,5,99,2,1,80.0,0,I,RURAL_VICTORIA,ROAD,2,15.0
172112,4,4,171,5,5,70.0,0,N,MELB_URBAN,ROAD,2,0.0
172113,1,1,111,2,1,50.0,0,O,RURAL_VICTORIA,UNKNOWN,1,15.0
172114,1,4,111,2,1,80.0,0,I,MELB_URBAN,ROAD,10,7.0
172115,6,5,174,4,1,60.0,0,N,RURAL_VICTORIA,ROAD,2,12.0
172116,1,4,135,5,2,100.0,0,N,MELB_URBAN,FREEWAY,2,6.0
172117,1,3,121,2,1,40.0,0,I,MELB_URBAN,ROAD,2,7.0
172118,8,4,184,1,1,60.0,0,I,TOWNS,STREET,2,10.0
172119,4,3,171,5,1,100.0,0,N,RURAL_VICTORIA,HIGHWAY,2,7.0
172120,2,7,102,1,3,60.0,0,O,MELBOURNE_CBD,UNKNOWN,2,22.0
172121,2,4,100,2,1,70.0,0,N,MELB_URBAN,ROAD,2,11.0
172122,1,5,133,1,1,40.0,0,N,MELB_URBAN,ROAD,2,18.0
172123,4,5,171,2,1,50.0,0,I,MELB_URBAN,ROAD,2,19.0
172124,1,4,99,2,1,60.0,0,I,MELB_URBAN,ROAD,12,17.0
172125,4,4,183,5,1,100.0,0,N,RURAL_VICTORIA,ROAD,2,11.0
172126,7,1,184,5,1,100.0,0,N,RURAL_VICTORIA,HIGHWAY,1,5.0
172127,1,4,160,5,1,50.0,0,N,LARGE_PROVINCIAL_CITIES,STREET,2,9.0
172128,1,5,160,5,3,60.0,0,N,MELB_URBAN,ROAD,1,22.0
172129,1,4,160,5,1,60.0,0,N,TOWNS,ROAD,2,8.0
172130,8,4,170,5,1,90.0,0,O,RURAL_VICTORIA,UNKNOWN,1,14.0
172131,1,4,121,2,1,50.0,0,I,MELB_URBAN,AVENUE,2,10.0
172132,1,4,121,2,1,80.0,0,I,SMALL_CITIES,STREET,2,13.0
172133,1,4,99,1,1,60.0,0,I,MELB_URBAN,AVENUE,2,12.0
172134,1,4,110,1,1,80.0,0,N,MELB_URBAN,ROAD,2,13.0
172135,4,4,173,5,1,60.0,0,N,MELB_URBAN,ROAD,2,14.0
172136,1,4,120,2,1,50.0,0,I,MELB_URBAN,STREET,2,15.0
172137,1,6,133,1,1,100.0,0,I,MELB_URBAN,HIGHWAY,1,13.0
172138,1,3,133,2,1,60.0,0,N,MELB_URBAN,OTHER,2,13.0
172139,1,4,134,5,1,100.0,0,N,MELB_URBAN,FREEWAY,2,12.0
172140,8,7,184,5,1,60.0,0,N,RURAL_VICTORIA,ROAD,2,11.0
172141,4,4,173,5,1,100.0,0,N,RURAL_VICTORIA,ROAD,2,15.0
172142,1,4,110,1,1,40.0,0,I,MELB_URBAN,STREET,2,16.0
172143,8,2,174,1,1,60.0,0,I,MELB_URBAN,ROAD,2,17.0
172144,1,4,130,1,1,60.0,0,I,SMALL_CITIES,ROAD,2,15.0
172145,4,4,173,5,1,60.0,0,N,MELB_URBAN,DRIVE,2,16.0
172146,1,3,120,5,1,50.0,0,N,MELB_URBAN,OTHER,2,15.0
172147,8,4,174,2,1,60.0,0,I,MELB_URBAN,STREET,2,18.0
172148,1,4,111,1,1,60.0,0,I,MELB_URBAN,STREET,2,17.0
172149,1,3,99,5,1,40.0,0,N,MELB_URBAN,STREET,2,16.0
172150,1,3,147,5,1,60.0,0,N,MELB_URBAN,ROAD,12,17.0
172151,1,4,130,5,1,80.0,0,N,RURAL_VICTORIA,ROAD,2,17.0
172152,2,4,102,2,1,40.0,0,N,MELB_URBAN,ROAD,2,15.0
172153,1,4,130,5,1,60.0,0,N,MELB_URBAN,ROAD,1,15.0
172154,1,4,113,2,1,50.0,0,I,MELB_URBAN,DRIVE,2,19.0
172155,1,4,99,1,1,80.0,0,N,MELB_URBAN,STREET,2,12.0
172156,8,4,99,5,1,100.0,0,N,RURAL_VICTORIA,ROAD,2,18.0
172157,1,4,130,5,1,100.0,0,N,MELB_URBAN,ROAD,2,14.0
172158,1,4,130,5,3,50.0,0,N,MELB_URBAN,STREET,2,21.0
172159,1,5,130,5,1,60.0,0,N,MELB_URBAN,FREEWAY,2,18.0
172160,1,3,130,5,1,60.0,0,N,MELB_URBAN,ROAD,2,18.0
172161,1,4,130,5,1,100.0,0,N,MELB_URBAN,ROAD,2,17.0
172162,1,3,147,5,1,50.0,0,N,MELB_URBAN,ROAD,1,13.0
172163,1,7,113,2,5,50.0,0,I,MELB_URBAN,STREET,1,21.0
172164,1,4,110,1,1,50.0,0,I,MELB_URBAN,STREET,2,7.0
172165,1,3,130,5,1,100.0,0,N,RURAL_VICTORIA,HIGHWAY,1,15.0
172166,1,5,113,2,1,100.0,0,I,SMALL_CITIES,ROAD,2,7.0
172167,1,4,160,5,1,50.0,0,N,MELB_URBAN,DRIVE,1,7.0
172168,1,5,99,2,1,60.0,0,I,MELB_URBAN,STREET,2,18.0
172169,6,4,99,5,1,60.0,0,N,RURAL_VICTORIA,ROAD,2,15.0
172170,1,5,160,5,3,60.0,0,N,MELB_URBAN,ROAD,1,20.0
172171,1,5,132,2,1,60.0,0,I,LARGE_PROVINCIAL_CITIES,ROAD,2,9.0
172172,2,5,100,2,1,50.0,0,I,MELB_URBAN,ROAD,2,11.0
172173,1,4,130,2,1,100.0,0,I,RURAL_VICTORIA,HIGHWAY,2,9.0
172174,1,2,130,5,1,100.0,0,N,RURAL_VICTORIA,ROAD,1,10.0
172175,1,5,130,2,1,80.0,0,I,MELB_URBAN,ROAD,2,14.0
172176,1,5,121,5,1,80.0,0,N,MELB_URBAN,FREEWAY,2,12.0
172177,6,4,170,5,1,80.0,0,N,RURAL_VICTORIA,ROAD,2,14.0
172178,8,5,174,5,1,50.0,0,N,MELB_URBAN,ROAD,2,11.0
172179,6,7,174,5,9,100.0,0,N,RURAL_VICTORIA,ROAD,2,15.0
172180,1,5,99,1,1,80.0,0,N,MELB_URBAN,ROAD,2,10.0
172181,1,5,121,2,1,40.0,0,I,MELB_URBAN,STREET,2,17.0
172182,1,3,130,5,2,60.0,0,N,MELB_URBAN,ROAD,1,5.0
172183,1,4,133,5,1,50.0,0,N,MELB_URBAN,STREET,2,12.0
172184,1,4,110,1,1,60.0,0,I,SMALL_CITIES,ROAD,2,8.0
172185,1,2,113,2,1,60.0,0,I,MELB_URBAN,ROAD,2,18.0
172186,1,6,110,1,1,60.0,0,I,MELB_URBAN,ROAD,2,15.0
172187,1,5,113,2,1,100.0,0,I,MELB_URBAN,ROAD,2,13.0
172188,1,5,110,1,1,60.0,0,I,MELB_URBAN,ROAD,2,12.0
172189,6,2,184,5,1,60.0,0,I,LARGE_PROVINCIAL_CITIES,DRIVE,2,15.0
172190,1,6,135,5,1,80.0,0,N,MELB_URBAN,HIGHWAY,2,12.0
172191,2,4,100,1,1,60.0,0,I,MELB_URBAN,ROAD,2,16.0
172192,1,5,120,5,1,50.0,0,N,SMALL_CITIES,STREET,2,16.0
172193,8,5,99,5,1,100.0,0,N,RURAL_VICTORIA,ROAD,2,16.0
172194,1,4,130,2,2,70.0,0,N,MELB_URBAN,ROAD,2,20.0
172195,1,5,121,1,1,50.0,0,I,SMALL_CITIES,STREET,2,16.0
172196,1,5,110,1,1,50.0,0,I,LARGE_PROVINCIAL_CITIES,STREET,2,17.0
172197,1,5,135,5,1,60.0,0,N,MELB_URBAN,STREET,2,17.0
172198,7,5,99,5,2,60.0,0,N,MELB_URBAN,ROAD,2,18.0
172199,1,4,130,5,1,70.0,0,N,MELB_URBAN,ROAD,1,12.0
172200,1,5,147,5,1,60.0,0,N,MELB_URBAN,ROAD,2,19.0
172201,1,2,116,2,1,80.0,0,I,MELB_URBAN,ROAD,2,7.0
172202,1,5,130,5,1,70.0,0,N,MELB_URBAN,ROAD,2,17.0
172203,1,3,121,5,2,80.0,0,I,MELB_URBAN,ROAD,2,5.0
172204,1,5,120,5,5,100.0,0,N,RURAL_VICTORIA,HIGHWAY,2,22.0
172205,1,5,133,5,9,60.0,0,N,TOWNS,STREET,2,11.0
172206,1,6,130,1,3,60.0,0,N,MELB_URBAN,ROAD,2,2.0
172207,1,2,133,1,1,40.0,0,I,MELB_URBAN,ROAD,1,10.0
172208,1,6,181,5,2,80.0,0,N,MELB_URBAN,ROAD,2,5.0
172209,6,7,174,1,1,60.0,0,I,SMALL_TOWNS,OTHER,1,16.0
172210,1,6,134,5,1,80.0,0,N,MELB_URBAN,FREEWAY,2,7.0
172211,1,3,110,1,1,50.0,0,I,MELB_URBAN,STREET,11,10.0
172212,2,6,100,2,1,50.0,0,I,MELB_URBAN,ROAD,2,8.0
172213,1,6,121,1,1,60.0,0,O,MELB_URBAN,UNKNOWN,2,8.0
172214,1,5,130,2,1,60.0,0,I,MELB_URBAN,ROAD,2,17.0
172215,1,7,140,2,1,60.0,0,I,MELB_URBAN,PARADE,1,11.0
172216,2,5,99,5,1,60.0,0,N,MELB_URBAN,ROAD,2,12.0
172217,2,6,99,5,1,40.0,0,N,MELB_URBAN,BOULEVARD,2,8.0
172218,1,5,99,5,1,50.0,0,N,MELB_URBAN,STREET,2,11.0
172219,1,6,163,5,1,50.0,0,N,MELB_URBAN,ROAD,12,12.0
172220,1,6,110,1,1,100.0,0,I,RURAL_VICTORIA,ROAD,2,9.0
172221,1,6,130,5,1,100.0,0,N,MELB_URBAN,FREEWAY,2,7.0
172222,1,4,130,5,1,100.0,0,N,SMALL_TOWNS,RAMP,1,17.0
172223,1,5,121,2,1,60.0,0,I,MELB_URBAN,ROAD,2,16.0
172224,1,6,160,5,1,50.0,0,N,MELB_URBAN,PARADE,1,17.0
172225,1,4,130,5,2,100.0,0,N,MELB_URBAN,FREEWAY,2,5.0
172226,1,6,116,2,1,60.0,0,I,SMALL_CITIES,ROAD,2,8.0
172227,1,4,130,5,1,80.0,0,N,MELB_URBAN,HIGHWAY,1,13.0
172228,1,6,130,5,1,60.0,0,N,LARGE_PROVINCIAL_CITIES,ROAD,2,10.0
172229,1,5,130,5,1,60.0,0,N,LARGE_PROVINCIAL_CITIES,STREET,2,12.0
172230,4,6,171,5,1,60.0,0,N,MELB_URBAN,STREET,2,7.0
172231,2,6,99,5,1,50.0,0,N,MELB_URBAN,ROAD,10,13.0
172232,1,5,110,1,1,80.0,0,I,MELB_URBAN,ROAD,2,8.0
172233,1,3,132,2,1,60.0,0,I,MELB_URBAN,STREET,4,13.0
172234,1,6,113,2,1,100.0,0,I,RURAL_VICTORIA,HIGHWAY,2,10.0
172235,1,5,121,2,3,50.0,0,I,MELB_URBAN,STREET,2,21.0
172236,1,4,130,1,1,60.0,0,N,MELB_URBAN,STREET,2,9.0
172237,4,6,173,5,1,60.0,0,N,RURAL_VICTORIA,ROAD,2,10.0
172238,1,7,135,2,2,60.0,0,N,MELB_URBAN,STREET,12,19.0
172239,4,7,171,5,1,100.0,0,N,RURAL_VICTORIA,HIGHWAY,1,19.0
172240,2,6,99,5,1,60.0,0,N,MELB_URBAN,ROAD,2,12.0
172241,1,4,99,5,1,60.0,0,N,MELB_URBAN,STREET,2,19.0
172242,1,6,134,5,1,60.0,0,N,MELB_URBAN,ROAD,2,9.0
172243,1,5,130,5,1,40.0,0,N,MELB_URBAN,ROAD,2,12.0
172244,8,4,184,5,1,60.0,0,I,RURAL_VICTORIA,ROAD,2,19.0
172245,4,6,171,5,1,100.0,0,N,RURAL_VICTORIA,ROAD,2,11.0
172246,8,6,174,1,1,40.0,0,N,LARGE_PROVINCIAL_CITIES,STREET,2,16.0
172247,1,0,135,3,1,60.0,0,I,MELB_URBAN,ROAD,1,11.0
172248,1,5,121,1,1,50.0,0,I,MELB_URBAN,AVENUE,2,14.0
172249,1,6,140,5,1,60.0,0,N,MELB_URBAN,ROAD,2,16.0
172250,1,6,121,2,1,40.0,0,I,MELB_URBAN,ROAD,2,15.0
172251,1,5,110,1,1,60.0,0,I,SMALL_TOWNS,STREET,2,8.0
172252,1,3,110,1,1,40.0,0,I,LARGE_PROVINCIAL_CITIES,OTHER,2,16.0
172253,1,6,99,2,1,80.0,0,I,MELB_URBAN,ROAD,2,17.0
172254,1,5,133,5,1,60.0,0,N,MELB_URBAN,ROAD,2,17.0
172255,1,6,110,1,1,100.0,0,I,RURAL_VICTORIA,ROAD,2,16.0
172256,1,6,130,5,1,70.0,0,N,RURAL_VICTORIA,ROAD,2,16.0
172257,1,6,130,5,1,60.0,0,N,MELB_URBAN,STREET,2,16.0
172258,1,4,111,1,3,60.0,0,I,RURAL_VICTORIA,DRIVE,2,23.0
172259,1,6,99,4,1,60.0,0,I,MELB_URBAN,ROAD,2,17.0
172260,1,2,147,5,1,60.0,0,N,MELB_URBAN,HIGHWAY,2,13.0
172261,4,5,181,5,5,100.0,0,N,RURAL_VICTORIA,ROAD,2,21.0
172262,4,6,171,5,3,60.0,0,N,MELB_URBAN,HIGHWAY,2,23.0
172263,1,7,130,5,5,110.0,0,N,RURAL_VICTORIA,FREEWAY,2,1.0
172264,4,7,171,5,5,80.0,0,N,RURAL_VICTORIA,ROAD,2,2.0