,accident_type,day_of_week,dca_code,road_geometry,light_condition,speed_zone,severity,node_type,deg_urban_name,road_type,month,hour
172265,4,7,99,2,3,60.0,0,I,MELB_URBAN,ROAD,2,4.0
172266,1,5,130,5,2,50.0,0,N,MELB_URBAN,STREET,1,6.0
172267,1,3,135,5,1,60.0,0,N,MELB_URBAN,STREET,2,15.0
172268,1,6,130,5,1,100.0,0,N,MELB_URBAN,FREEWAY,2,16.0
172269,1,5,130,5,1,40.0,0,N,MELBOURNE_CBD,STREET,1,12.0
172270,1,7,110,1,1,60.0,0,I,MELB_URBAN,ROAD,2,7.0
172271,1,7,130,5,1,50.0,0,N,MELB_URBAN,ROAD,2,8.0
172272,1,7,160,5,1,60.0,0,N,MELB_URBAN,HIGHWAY,2,8.0
172273,1,7,110,1,1,50.0,0,I,LARGE_PROVINCIAL_CITIES,STREET,2,9.0
172274,3,1,167,5,2,100.0,0,N,RURAL_VICTORIA,ROAD,2,6.0
172275,2,4,100,5,1,40.0,0,N,MELB_URBAN,ROAD,2,16.0
172276,1,7,113,2,1,50.0,0,I,MELB_URBAN,STREET,2,10.0
172277,1,5,99,1,1,60.0,0,I,MELB_URBAN,ROAD,2,18.0
172278,4,7,171,2,1,60.0,0,I,MELB_URBAN,STREET,2,8.0
172279,5,7,99,5,1,100.0,0,I,RURAL_VICTORIA,OTHER,2,11.0
172280,1,7,113,2,1,80.0,0,I,RURAL_VICTORIA,ROAD,2,11.0
172281,2,5,99,1,5,80.0,0,N,TOWNS,STREET,2,21.0
172282,1,7,121,1,1,60.0,0,I,MELB_URBAN,HIGHWAY,2,12.0
172283,1,7,130,2,1,80.0,0,N,MELB_URBAN,OTHER,2,11.0
172284,1,7,116,2,1,80.0,0,I,RURAL_VICTORIA,ROAD,2,13.0
172285,1,6,130,5,1,80.0,0,N,MELB_URBAN,FREEWAY,2,9.0
172286,4,1,183,5,4,60.0,0,N,MELB_URBAN,RAMP,2,21.0
172287,1,7,113,2,1,50.0,0,I,SMALL_CITIES,OTHER,2,14.0
172288,1,7,132,2,1,100.0,0,N,RURAL_VICTORIA,HIGHWAY,2,14.0
172289,6,7,174,5,1,60.0,0,N,RURAL_VICTORIA,ROAD,2,12.0
172290,1,6,110,1,1,50.0,0,I,MELB_URBAN,ROAD,2,12.0
172291,8,7,99,5,1,80.0,0,N,RURAL_VICTORIA,ROAD,2,14.0
172292,2,7,99,5,1,100.0,0,N,RURAL_VICTORIA,ROAD,2,15.0
172293,1,7,120,2,1,50.0,0,N,SMALL_CITIES,UNKNOWN,2,15.0
172294,1,7,120,5,1,70.0,1,N,RURAL_VICTORIA,ROAD,2,14.0
172295,1,7,113,2,1,60.0,0,I,SMALL_CITIES,ROAD,2,13.0
172296,4,6,171,5,1,50.0,0,N,MELB_URBAN,OTHER,2,17.0
172297,1,6,110,1,2,60.0,0,I,TOWNS,STREET,2,19.0
172298,1,7,99,2,2,60.0,0,I,MELB_URBAN,ROAD,2,19.0
172299,1,7,130,1,1,80.0,0,N,MELB_URBAN,ROAD,2,19.0
172300,4,6,173,5,2,60.0,0,N,TOWNS,HIGHWAY,2,19.0
172301,4,7,171,5,1,60.0,0,N,MELB_URBAN,ROAD,2,17.0
172302,2,7,99,1,5,100.0,0,N,RURAL_VICTORIA,ROAD,2,22.0
172303,2,7,99,5,9,60.0,0,N,MELB_URBAN,STREET,2,21.0
172304,2,1,100,5,3,60.0,0,N,TOWNS,HIGHWAY,2,1.0
172305,1,7,160,5,1,50.0,0,N,MELB_URBAN,ROAD,2,19.0
172306,2,6,100,2,1,60.0,0,I,MELB_URBAN,ROAD,12,9.0
172307,4,1,99,5,3,50.0,0,I,MELB_URBAN,UNKNOWN,2,5.0
172308,1,7,147,5,1,70.0,0,N,MELB_URBAN,DRIVE,2,13.0
172309,1,7,171,5,3,50.0,0,N,MELB_URBAN,OTHER,2,23.0
172310,1,1,99,1,2,60.0,0,I,MELB_URBAN,AVENUE,2,5.0
172311,1,5,121,1,1,60.0,0,I,MELB_URBAN,ROAD,2,14.0
172312,1,1,110,1,1,50.0,0,I,MELB_URBAN,STREET,2,8.0
172313,2,1,99,5,6,80.0,1,N,MELB_URBAN,ROAD,2,3.0
172314,1,7,99,5,1,100.0,0,N,RURAL_VICTORIA,HIGHWAY,2,17.0
172315,4,0,171,5,1,100.0,0,N,RURAL_VICTORIA,ROAD,2,8.0
172316,8,1,99,5,1,50.0,0,N,SMALL_CITIES,ROAD,2,10.0
172317,1,4,130,1,1,60.0,0,I,MELB_URBAN,STREET,12,17.0
172318,4,1,173,2,1,70.0,0,I,MELB_URBAN,ROAD,2,11.0
172319,1,1,113,2,1,80.0,0,I,SMALL_CITIES,HIGHWAY,2,10.0
172320,1,7,160,5,2,60.0,0,N,MELB_URBAN,ROAD,2,7.0
172321,1,0,99,2,1,60.0,0,I,MELB_URBAN,PARADE,2,9.0
172322,4,4,171,5,1,60.0,0,N,TOWNS,HIGHWAY,11,17.0
172323,1,1,99,5,1,60.0,0,N,MELB_URBAN,BOULEVARD,2,12.0
172324,1,6,113,2,1,70.0,0,I,MELB_URBAN,ROAD,2,14.0
172325,1,1,147,5,1,60.0,0,N,MELB_URBAN,STREET,2,13.0
172326,1,1,160,5,1,50.0,0,N,MELB_URBAN,DRIVE,2,13.0
172327,1,1,110,1,1,50.0,0,I,MELB_URBAN,STREET,2,14.0
172328,4,0,181,5,1,100.0,0,N,RURAL_VICTORIA,ROAD,2,15.0
172329,1,7,171,5,3,50.0,0,N,MELB_URBAN,ROAD,2,23.0
172330,1,7,130,2,1,60.0,0,I,MELB_URBAN,OTHER,2,17.0
172331,1,1,130,5,1,100.0,0,N,MELB_URBAN,FREEWAY,2,14.0
172332,6,1,99,5,1,100.0,0,N,RURAL_VICTORIA,ROAD,2,15.0
172333,1,1,99,2,1,40.0,0,I,MELB_URBAN,ROAD,2,15.0
172334,2,0,102,5,1,60.0,0,N,MELB_URBAN,BOULEVARD,2,15.0
172335,4,1,171,5,1,50.0,0,N,MELB_URBAN,ROAD,2,14.0
172336,1,0,130,5,1,80.0,0,N,RURAL_VICTORIA,ROAD,2,14.0
172337,4,1,181,5,1,100.0,1,N,RURAL_VICTORIA,ROAD,2,14.0
172338,5,5,99,5,1,100.0,0,N,RURAL_VICTORIA,HIGHWAY,1,16.0
172339,1,0,132,1,1,60.0,0,I,MELB_URBAN,ROAD,2,18.0
172340,1,0,130,1,1,60.0,0,I,MELB_URBAN,STREET,2,17.0
172341,1,6,130,2,1,60.0,0,I,MELB_URBAN,ROAD,1,17.0
172342,1,2,120,5,3,60.0,0,N,MELB_URBAN,STREET,2,3.0
172343,1,2,147,5,3,80.0,0,O,RURAL_VICTORIA,HIGHWAY,2,5.0
172344,1,2,130,5,2,80.0,0,N,MELB_URBAN,ROAD,2,5.0
172345,4,2,171,5,3,70.0,1,N,MELB_URBAN,ROAD,2,2.0
172346,1,2,132,5,2,60.0,0,N,TOWNS,STREET,2,7.0
172347,1,6,132,5,1,80.0,0,N,MELB_URBAN,ROAD,1,18.0
172348,1,3,116,1,2,80.0,0,I,MELB_URBAN,ROAD,2,6.0
172349,5,3,99,5,1,60.0,0,N,MELB_URBAN,ROAD,2,10.0
172350,2,6,99,1,1,60.0,0,I,MELB_URBAN,OTHER,2,8.0
172351,4,2,183,2,1,80.0,0,I,RURAL_VICTORIA,ROAD,2,7.0
172352,1,2,130,1,1,60.0,0,I,MELB_URBAN,ROAD,1,8.0
172353,1,2,130,5,1,80.0,0,N,SMALL_CITIES,ROAD,2,10.0
172354,1,7,121,2,1,60.0,0,I,MELB_URBAN,ROAD,2,12.0
172355,1,2,130,5,1,80.0,0,N,MELB_URBAN,ROAD,2,8.0
172356,1,4,116,2,1,60.0,0,N,TOWNS,STREET,7,9.0
172357,1,6,121,2,3,60.0,0,I,MELB_URBAN,ROAD,2,21.0
172358,1,2,130,5,1,100.0,0,N,MELB_URBAN,FREEWAY,2,8.0
172359,5,4,183,5,1,80.0,0,N,RURAL_VICTORIA,ROAD,8,12.0
172360,1,2,121,5,1,60.0,0,N,MELB_URBAN,ROAD,2,8.0
172361,4,2,183,5,1,100.0,0,N,RURAL_VICTORIA,ROAD,2,7.0
172362,8,7,99,1,1,50.0,0,I,SMALL_CITIES,STREET,2,10.0
172363,6,2,170,1,1,50.0,0,N,LARGE_PROVINCIAL_CITIES,AVENUE,2,12.0
172364,1,2,99,1,2,60.0,0,I,TOWNS,AVENUE,2,5.0
172365,1,5,130,2,1,60.0,0,N,LARGE_PROVINCIAL_CITIES,ROAD,2,17.0
172366,1,1,121,2,1,70.0,0,I,MELB_URBAN,ROAD,2,9.0
172367,4,2,171,5,1,60.0,0,N,LARGE_PROVINCIAL_CITIES,STREET,2,12.0
172368,2,1,99,5,1,50.0,0,N,MELB_URBAN,STREET,2,8.0
172369,8,2,174,5,1,40.0,0,N,MELB_URBAN,STREET,2,9.0
172370,4,2,171,5,1,110.0,0,N,RURAL_VICTORIA,FREEWAY,2,14.0
172371,1,1,140,5,1,60.0,0,N,MELB_URBAN,ROAD,2,14.0
172372,1,4,130,1,1,60.0,0,N,MELB_URBAN,ROAD,1,12.0
172373,1,1,121,1,1,60.0,0,I,RURAL_VICTORIA,DRIVE,2,8.0
172374,1,2,130,1,1,60.0,0,I,MELB_URBAN,STREET,2,16.0
172375,7,2,99,5,3,50.0,0,N,TOWNS,STREET,2,5.0
172376,4,1,173,5,3,80.0,0,N,MELB_URBAN,HIGHWAY,2,3.0
172377,4,1,181,5,1,70.0,0,N,RURAL_VICTORIA,ROAD,2,14.0
172378,1,0,160,5,2,50.0,0,N,MELB_URBAN,STREET,2,6.0
172379,1,2,99,5,1,50.0,0,N,SMALL_CITIES,AVENUE,2,17.0
172380,4,2,173,5,1,60.0,0,N,MELB_URBAN,ROAD,2,15.0
172381,1,2,135,5,1,100.0,0,N,MELB_URBAN,ROAD,2,15.0
172382,1,6,130,2,6,60.0,0,I,MELB_URBAN,ROAD,2,21.0
172383,1,2,130,1,1,50.0,0,I,MELB_URBAN,STREET,2,17.0
172384,1,1,130,2,1,50.0,0,N,MELB_URBAN,STREET,2,19.0
172385,2,2,100,2,2,50.0,0,I,MELB_URBAN,STREET,2,19.0
172386,1,2,113,2,1,40.0,0,I,MELB_URBAN,STREET,2,19.0
172387,1,2,99,2,1,80.0,0,I,MELB_URBAN,ROAD,2,15.0
172388,1,2,113,2,1,80.0,0,I,MELB_URBAN,HIGHWAY,2,19.0
172389,1,2,99,2,3,60.0,0,I,MELB_URBAN,ROAD,2,20.0
172390,1,2,120,5,3,50.0,0,N,MELB_URBAN,DRIVE,2,21.0
172391,1,2,99,1,1,60.0,0,I,MELB_URBAN,ROAD,2,19.0
172392,4,1,171,1,3,80.0,0,I,RURAL_VICTORIA,ROAD,2,21.0
172393,4,3,171,2,3,60.0,0,I,RURAL_VICTORIA,ROAD,2,1.0
172394,4,3,171,1,3,60.0,0,N,MELB_URBAN,STREET,2,3.0
172395,1,3,171,5,3,60.0,0,N,SMALL_CITIES,STREET,2,2.0
172396,1,2,130,5,2,100.0,0,N,MELB_URBAN,ROAD,2,6.0
172397,4,7,171,5,1,80.0,0,N,RURAL_VICTORIA,HIGHWAY,2,17.0
172398,1,0,99,5,6,80.0,0,N,SMALL_CITIES,HIGHWAY,12,23.0
172399,4,3,171,5,2,80.0,0,N,RURAL_VICTORIA,ROAD,2,6.0
172400,1,6,130,5,1,100.0,0,N,SMALL_CITIES,FREEWAY,11,7.0
172401,1,1,99,5,1,60.0,0,N,MELB_URBAN,DRIVE,2,10.0
172402,1,3,130,5,1,60.0,0,N,MELB_URBAN,AVENUE,2,8.0
172403,1,3,121,2,1,80.0,0,I,MELB_URBAN,ROAD,2,8.0
172404,1,6,110,1,1,50.0,0,I,MELB_URBAN,ROAD,2,17.0
172405,1,3,147,5,1,40.0,0,N,SMALL_CITIES,STREET,2,9.0
172406,7,7,170,5,1,50.0,0,N,RURAL_VICTORIA,ROAD,2,10.0
172407,1,4,99,2,1,60.0,0,N,SMALL_CITIES,STREET,1,18.0
172408,1,6,130,5,1,80.0,0,N,MELB_URBAN,ROAD,2,14.0
172409,1,2,110,1,1,60.0,0,I,MELB_URBAN,OTHER,2,8.0
172410,1,3,113,2,1,50.0,0,I,MELB_URBAN,ROAD,1,15.0
172411,1,2,110,1,1,60.0,0,I,MELB_URBAN,ROAD,2,15.0
172412,1,3,110,1,1,50.0,0,I,LARGE_PROVINCIAL_CITIES,STREET,2,12.0
172413,1,3,135,5,1,100.0,0,O,RURAL_VICTORIA,FREEWAY,2,11.0
172414,1,0,130,5,9,70.0,0,N,MELB_URBAN,ROAD,2,21.0
172415,1,1,99,5,3,40.0,0,I,MELB_URBAN,STREET,2,21.0
172416,4,3,99,2,1,100.0,0,I,RURAL_VICTORIA,HIGHWAY,2,12.0
172417,1,0,130,5,6,60.0,0,N,MELB_URBAN,FREEWAY,2,20.0
172418,4,2,171,5,1,100.0,0,N,MELB_URBAN,RAMP,6,8.0
172419,1,6,111,4,1,80.0,0,I,MELB_URBAN,RAMP,2,11.0
172420,1,3,130,5,1,60.0,0,N,SMALL_CITIES,ROAD,2,9.0
172421,1,3,99,1,1,50.0,0,I,MELB_URBAN,ROAD,2,14.0
172422,1,3,99,1,1,100.0,0,N,MELB_URBAN,ROAD,2,14.0
172423,1,2,130,1,1,80.0,0,N,MELB_URBAN,ROAD,1,18.0
172424,1,3,99,1,1,40.0,0,I,MELB_URBAN,OTHER,2,9.0
172425,1,3,132,2,1,70.0,0,I,SMALL_CITIES,DRIVE,2,15.0
172426,4,2,171,5,1,70.0,0,I,MELB_URBAN,STREET,2,14.0
172427,5,2,99,5,1,80.0,0,N,RURAL_VICTORIA,ROAD,2,14.0
172428,4,3,173,5,1,100.0,0,N,RURAL_VICTORIA,ROAD,2,14.0
172429,1,3,110,1,1,60.0,0,I,MELB_URBAN,STREET,2,16.0
172430,1,2,121,1,1,50.0,0,I,MELB_URBAN,ROAD,2,15.0
172431,1,2,99,5,1,50.0,0,N,MELB_URBAN,OTHER,2,16.0
172432,2,3,99,5,1,60.0,0,N,MELB_URBAN,STREET,2,15.0
172433,1,2,130,3,1,80.0,0,N,MELB_URBAN,ROAD,2,17.0
172434,5,2,99,5,1,100.0,0,N,RURAL_VICTORIA,OTHER,2,16.0
172435,4,7,99,5,3,60.0,0,I,MELB_URBAN,STREET,2,3.0
172436,1,2,163,5,9,60.0,0,N,MELB_URBAN,STREET,2,22.0
172437,1,3,121,2,1,60.0,0,I,MELB_URBAN,ROAD,2,17.0
172438,1,3,110,1,1,50.0,0,N,MELB_URBAN,DRIVE,2,16.0
172439,1,3,116,3,2,40.0,0,I,MELB_URBAN,AVENUE,2,18.0
172440,1,3,113,2,1,60.0,0,I,RURAL_VICTORIA,ROAD,2,18.0
172441,1,2,140,2,1,50.0,0,N,LARGE_PROVINCIAL_CITIES,STREET,2,17.0
172442,1,2,113,2,1,60.0,0,I,MELB_URBAN,STREET,2,18.0
172443,1,3,130,1,3,80.0,0,I,RURAL_VICTORIA,HIGHWAY,2,4.0
172444,1,3,110,1,5,80.0,0,I,MELB_URBAN,ROAD,2,22.0
172445,5,3,99,5,1,100.0,0,N,RURAL_VICTORIA,ROAD,2,15.0
172446,1,2,110,1,5,60.0,0,N,MELB_URBAN,ROAD,2,23.0
172447,8,5,99,1,1,60.0,0,I,MELB_URBAN,HIGHWAY,2,16.0
172448,4,4,99,1,5,80.0,0,I,RURAL_VICTORIA,ROAD,2,0.0
172449,1,3,113,2,4,80.0,0,I,MELB_URBAN,HIGHWAY,2,22.0
172450,1,3,130,5,1,50.0,0,N,MELB_URBAN,ROAD,12,12.0
172451,1,0,134,1,1,60.0,0,I,SMALL_CITIES,HIGHWAY,2,15.0
172452,1,1,132,1,1,60.0,0,N,MELB_URBAN,ROAD,2,10.0
172453,4,3,183,5,1,100.0,0,N,RURAL_VICTORIA,ROAD,2,7.0
172454,1,3,133,5,9,40.0,0,N,MELB_URBAN,STREET,2,8.0
172455,1,0,111,2,1,100.0,0,I,RURAL_VICTORIA,ROAD,1,13.0
172456,2,3,102,1,1,60.0,0,I,MELB_URBAN,ROAD,2,8.0
172457,1,3,135,5,1,60.0,0,N,MELB_URBAN,ROAD,2,9.0
172458,1,3,110,1,1,60.0,0,I,MELB_URBAN,HIGHWAY,2,17.0
172459,1,3,130,5,1,100.0,0,N,MELB_URBAN,ROAD,2,8.0
172460,3,6,167,5,1,70.0,0,N,RURAL_VICTORIA,OTHER,2,9.0
172461,1,4,120,2,1,50.0,0,I,MELB_URBAN,STREET,2,10.0
172462,4,3,99,2,1,80.0,0,N,RURAL_VICTORIA,ROAD,2,10.0
172463,1,4,130,1,1,80.0,0,N,MELB_URBAN,ROAD,2,15.0
172464,1,4,113,1,1,70.0,0,I,MELB_URBAN,ROAD,2,12.0
172465,1,5,99,5,1,40.0,0,N,MELB_URBAN,ROAD,2,15.0
172466,1,3,116,2,1,60.0,0,N,RURAL_VICTORIA,HIGHWAY,2,8.0
172467,2,4,99,5,1,60.0,0,N,MELB_URBAN,ROAD,2,13.0
172468,1,4,130,5,1,80.0,0,N,MELB_URBAN,HIGHWAY,2,12.0
172469,4,3,171,5,1,60.0,0,N,RURAL_VICTORIA,ROAD,2,7.0
172470,1,2,135,1,1,60.0,0,I,MELB_URBAN,HIGHWAY,1,12.0
172471,1,3,130,1,3,60.0,0,N,MELB_URBAN,ROAD,2,20.0
172472,4,3,171,5,1,100.0,0,N,RURAL_VICTORIA,ROAD,2,16.0
172473,1,4,130,5,1,80.0,0,N,MELB_URBAN,ROAD,2,12.0
172474,4,2,99,5,1,100.0,0,N,RURAL_VICTORIA,HIGHWAY,2,16.0
172475,8,3,99,5,1,80.0,0,N,RURAL_VICTORIA,ROAD,2,13.0
172476,4,7,173,5,1,60.0,0,N,MELB_URBAN,STREET,1,16.0
172477,1,4,99,1,1,80.0,0,I,MELB_URBAN,ROAD,2,14.0
172478,1,6,130,1,1,50.0,0,N,MELB_URBAN,STREET,1,12.0
172479,8,6,174,2,1,80.0,0,I,RURAL_VICTORIA,ROAD,2,11.0
172480,6,3,174,5,3,50.0,0,N,MELB_URBAN,ROAD,1,21.0
172481,1,2,99,5,1,60.0,0,N,MELB_URBAN,UNKNOWN,2,11.0
172482,1,4,110,1,1,60.0,0,I,MELB_URBAN,PARADE,2,11.0
172483,1,4,130,5,1,60.0,0,N,MELB_URBAN,ROAD,2,7.0
172484,1,4,130,5,1,100.0,0,N,MELB_URBAN,ROAD,2,13.0
172485,1,4,113,2,1,40.0,0,I,MELB_URBAN,ROAD,2,15.0
172486,1,4,113,2,1,80.0,0,I,MELB_URBAN,ROAD,2,16.0
172487,4,0,181,5,1,80.0,0,N,RURAL_VICTORIA,ROAD,2,19.0
172488,1,4,99,1,1,60.0,0,I,MELB_URBAN,STREET,2,17.0
172489,1,3,130,2,1,50.0,0,I,MELB_URBAN,ROAD,2,17.0
172490,1,4,113,2,1,80.0,0,I,SMALL_CITIES,HIGHWAY,2,18.0
172491,2,3,100,1,1,60.0,0,I,MELB_URBAN,STREET,2,17.0
172492,5,4,99,5,1,80.0,0,N,TOWNS,ROAD,2,17.0
172493,2,3,100,2,1,50.0,0,I,MELB_URBAN,AVENUE,2,17.0
172494,4,7,171,5,1,60.0,0,N,RURAL_VICTORIA,ROAD,2,10.0
172495,1,3,130,5,1,60.0,0,N,MELB_URBAN,ROAD,2,9.0
172496,1,3,130,1,1,70.0,0,I,MELB_URBAN,STREET,2,19.0
172497,1,4,135,5,1,80.0,0,N,MELB_URBAN,HIGHWAY,2,16.0
172498,4,3,173,5,1,100.0,0,N,RURAL_VICTORIA,ROAD,2,14.0
172499,1,4,113,2,1,60.0,0,I,MELB_URBAN,ROAD,2,17.0
172500,3,4,167,5,1,100.0,0,N,RURAL_VICTORIA,HIGHWAY,2,19.0
172501,1,4,121,2,5,60.0,0,N,MELB_URBAN,DRIVE,2,20.0
172502,4,4,173,5,1,80.0,0,I,RURAL_VICTORIA,ROAD,2,17.0
172503,4,4,99,1,3,60.0,0,N,SMALL_CITIES,ROAD,2,23.0
172504,4,4,173,5,1,70.0,0,N,MELB_URBAN,ROAD,2,10.0
172505,1,4,99,5,3,50.0,0,N,MELB_URBAN,STREET,2,22.0
172506,1,4,130,5,3,50.0,0,N,RURAL_VICTORIA,BOULEVARD,2,21.0
172507,1,4,135,5,3,100.0,0,N,MELB_URBAN,FREEWAY,2,5.0
172508,1,3,113,1,1,60.0,0,I,MELB_URBAN,ROAD,2,17.0
172509,1,5,110,1,2,60.0,0,I,SMALL_CITIES,STREET,2,6.0
172510,1,6,130,5,1,50.0,0,N,MELB_URBAN,DRIVE,2,9.0
172511,1,2,110,1,2,60.0,0,I,MELB_URBAN,ROAD,2,19.0
172512,5,4,171,5,2,80.0,0,N,RURAL_VICTORIA,ROAD,2,6.0
172513,2,5,102,2,1,50.0,0,I,MELB_URBAN,HIGHWAY,2,8.0
172514,8,4,99,5,2,60.0,0,N,MELB_URBAN,ROAD,2,6.0
172515,1,4,132,5,1,60.0,0,N,MELB_URBAN,DRIVE,2,8.0
172516,1,4,130,5,1,70.0,0,N,LARGE_PROVINCIAL_CITIES,ROAD,2,9.0
172517,1,5,121,5,1,40.0,0,N,TOWNS,STREET,2,8.0
172518,1,2,130,5,1,60.0,0,N,MELB_URBAN,ROAD,2,17.0
172519,4,5,173,5,2,60.0,0,N,RURAL_VICTORIA,HIGHWAY,2,5.0
172520,2,4,102,2,1,60.0,0,I,MELB_URBAN,ROAD,2,9.0
172521,1,4,130,5,1,100.0,0,N,MELB_URBAN,FREEWAY,2,8.0
172522,1,1,99,5,1,80.0,0,N,MELB_URBAN,HIGHWAY,2,16.0
172523,1,6,130,1,1,70.0,0,I,LARGE_PROVINCIAL_CITIES,ROAD,7,14.0
172524,1,4,130,5,1,70.0,0,N,MELB_URBAN,ROAD,2,9.0
172525,1,5,99,2,1,60.0,0,N,SMALL_CITIES,STREET,2,14.0
172526,1,4,140,4,1,60.0,0,N,MELB_URBAN,ROAD,2,11.0
172527,4,5,99,1,1,40.0,0,N,MELB_URBAN,STREET,2,12.0
172528,1,4,121,2,1,80.0,0,I,MELB_URBAN,ROAD,2,15.0
172529,1,0,130,5,1,70.0,0,N,MELB_URBAN,ROAD,12,19.0
172530,1,4,130,5,1,60.0,0,N,MELB_URBAN,ROAD,2,8.0
172531,1,0,121,1,3,60.0,0,O,MELB_URBAN,UNKNOWN,1,23.0
172532,4,5,171,5,1,100.0,0,N,RURAL_VICTORIA,ROAD,2,16.0
172533,1,4,113,2,1,60.0,0,N,MELB_URBAN,ROAD,2,17.0
172534,1,0,132,5,1,60.0,0,N,MELB_URBAN,STREET,2,12.0
172535,1,4,110,1,1,80.0,0,I,MELB_URBAN,ROAD,2,15.0
172536,1,5,121,2,1,80.0,0,I,MELB_URBAN,ROAD,2,16.0
172537,4,5,99,5,1,40.0,0,N,MELB_URBAN,STREET,2,17.0
172538,1,5,130,5,1,100.0,0,N,MELB_URBAN,ROAD,2,18.0
172539,1,4,130,1,1,50.0,0,I,LARGE_PROVINCIAL_CITIES,ROAD,2,16.0
172540,1,5,130,5,1,80.0,0,N,MELB_URBAN,HIGHWAY,2,15.0
172541,4,5,171,5,1,50.0,0,N,MELB_URBAN,STREET,2,16.0
172542,1,2,110,1,1,60.0,0,I,TOWNS,ROAD,2,18.0
172543,1,4,130,5,1,100.0,0,N,MELB_URBAN,FREEWAY,1,6.0
172544,1,5,120,5,1,60.0,0,N,LARGE_PROVINCIAL_CITIES,ROAD,2,19.0
172545,1,2,99,1,1,70.0,0,N,MELB_URBAN,ROAD,2,18.0
172546,1,4,140,5,1,60.0,0,N,MELB_URBAN,ROAD,2,12.0
172547,1,5,130,5,1,60.0,0,N,MELB_URBAN,STREET,2,15.0
172548,2,5,99,5,3,50.0,0,N,MELB_URBAN,STREET,2,23.0
172549,1,5,130,5,5,110.0,0,N,RURAL_VICTORIA,OTHER,2,21.0
172550,1,5,120,5,3,70.0,0,N,MELB_URBAN,ROAD,2,21.0
172551,4,5,173,2,3,60.0,0,I,RURAL_VICTORIA,ROAD,2,3.0
172552,1,5,121,1,2,60.0,0,I,MELB_URBAN,UNKNOWN,2,5.0
172553,8,6,170,1,2,60.0,0,I,SMALL_CITIES,STREET,2,4.0
172554,1,6,121,1,1,60.0,0,I,SMALL_CITIES,ROAD,2,8.0
172555,1,6,130,5,2,60.0,0,N,MELB_URBAN,ROAD,2,7.0
172556,2,5,99,2,2,60.0,0,N,MELBOURNE_CBD,STREET,2,6.0
172557,1,4,130,5,1,60.0,0,N,MELB_URBAN,ROAD,2,17.0
172558,6,3,184,5,1,80.0,0,N,RURAL_VICTORIA,ROAD,2,14.0
172559,1,6,99,1,1,60.0,0,N,MELB_URBAN,ROAD,2,6.0
172560,3,5,167,5,1,110.0,0,N,RURAL_VICTORIA,FREEWAY,2,9.0
172561,1,6,147,5,1,60.0,0,N,SMALL_CITIES,ROAD,2,10.0
172562,1,6,120,5,1,100.0,0,N,TOWNS,ROAD,2,9.0
172563,1,6,121,1,1,70.0,0,I,MELB_URBAN,ROAD,2,11.0
172564,6,5,174,1,1,60.0,0,I,SMALL_CITIES,STREET,2,14.0
172565,1,2,116,2,1,60.0,0,N,MELB_URBAN,HIGHWAY,2,16.0
172566,1,5,130,5,1,80.0,0,N,MELB_URBAN,ROAD,2,10.0
172567,1,6,110,1,1,80.0,0,I,SMALL_TOWNS,ROAD,2,11.0
172568,4,6,171,2,1,70.0,0,I,MELB_URBAN,HIGHWAY,2,10.0
172569,1,3,110,1,1,60.0,0,I,TOWNS,STREET,2,9.0
172570,8,6,174,1,1,60.0,0,N,MELB_URBAN,AVENUE,2,8.0
172571,4,3,99,5,1,50.0,0,N,MELB_URBAN,DRIVE,2,16.0
172572,1,6,116,2,1,80.0,0,N,SMALL_CITIES,DRIVE,2,15.0
172573,2,5,99,5,1,60.0,0,N,TOWNS,STREET,2,13.0
172574,1,6,163,1,1,60.0,0,I,MELB_URBAN,PARADE,2,15.0
172575,1,4,135,5,1,60.0,0,N,MELB_URBAN,ROAD,2,8.0
172576,1,3,99,5,1,60.0,0,N,RURAL_VICTORIA,ROAD,12,16.0
172577,1,1,116,2,1,60.0,0,N,MELB_URBAN,ROAD,2,16.0
172578,4,5,181,5,1,60.0,0,N,MELB_URBAN,STREET,2,11.0
172579,1,5,130,5,1,80.0,0,N,MELB_URBAN,HIGHWAY,2,16.0
172580,4,6,181,5,1,50.0,0,N,MELB_URBAN,BOULEVARD,2,17.0
172581,1,6,130,5,1,80.0,0,N,MELB_URBAN,ROAD,2,12.0
172582,1,6,120,5,1,60.0,0,N,TOWNS,ROAD,2,17.0
172583,2,6,100,1,3,60.0,0,I,MELB_URBAN,ROAD,2,20.0
172584,1,5,99,2,3,40.0,0,I,MELB_URBAN,ROAD,2,23.0
172585,1,5,110,1,1,60.0,0,I,SMALL_CITIES,DRIVE,2,17.0
172586,2,5,100,1,1,60.0,0,I,MELB_URBAN,HIGHWAY,2,17.0
172587,2,6,99,2,1,60.0,1,I,MELB_URBAN,ROAD,2,16.0
172588,1,4,130,5,1,70.0,0,N,MELB_URBAN,HIGHWAY,2,12.0
172589,8,6,184,5,3,50.0,0,O,MELB_URBAN,OTHER,2,21.0
172590,4,6,171,5,2,100.0,1,N,RURAL_VICTORIA,ROAD,2,17.0
172591,1,6,121,2,3,80.0,0,I,MELB_URBAN,HIGHWAY,2,23.0
172592,4,6,171,5,3,60.0,0,N,TOWNS,OTHER,2,0.0
172593,4,6,183,5,2,100.0,1,N,RURAL_VICTORIA,ROAD,2,20.0