,accident_type,day_of_week,dca_code,road_geometry,light_condition,speed_zone,severity,node_type,deg_urban_name,road_type,month,hour
172594,4,6,171,2,3,80.0,0,N,MELB_URBAN,HIGHWAY,2,2.0
172595,4,7,173,5,3,50.0,0,N,SMALL_CITIES,OTHER,2,4.0
172596,1,2,130,5,1,60.0,0,N,MELB_URBAN,ROAD,2,9.0
172597,1,6,130,5,1,60.0,0,N,MELB_URBAN,ROAD,2,13.0
172598,1,4,160,5,1,50.0,0,N,MELB_URBAN,DRIVE,1,14.0
172599,1,6,110,1,1,60.0,0,I,MELB_URBAN,ROAD,2,8.0
172600,1,7,110,1,1,80.0,0,I,MELB_URBAN,HIGHWAY,2,8.0
172601,1,6,134,5,1,80.0,0,N,MELB_URBAN,ROAD,2,10.0
172602,1,7,113,2,1,50.0,0,I,MELB_URBAN,ROAD,2,10.0
172603,1,3,130,1,1,50.0,0,I,MELB_URBAN,ROAD,12,12.0
172604,1,5,130,5,1,50.0,0,N,MELB_URBAN,ROAD,2,12.0
172605,1,5,130,3,9,60.0,0,I,MELB_URBAN,ROAD,1,18.0
172606,1,7,99,2,1,60.0,0,N,LARGE_PROVINCIAL_CITIES,ROAD,2,13.0
172607,1,7,147,5,1,60.0,0,N,MELB_URBAN,ROAD,2,11.0
172608,7,7,99,5,1,40.0,0,N,RURAL_VICTORIA,PARADE,2,14.0
172609,5,7,99,5,1,40.0,0,N,RURAL_VICTORIA,ROAD,2,10.0
172610,6,7,170,2,1,60.0,0,N,TOWNS,STREET,2,13.0
172611,1,7,160,5,1,50.0,0,N,MELB_URBAN,AVENUE,2,12.0
172612,6,6,99,5,1,100.0,0,N,RURAL_VICTORIA,ROAD,2,12.0
172613,6,7,184,5,1,80.0,0,N,RURAL_VICTORIA,ROAD,2,12.0
172614,1,6,130,5,1,100.0,0,N,MELB_URBAN,ROAD,2,13.0
172615,8,7,99,5,1,100.0,0,N,RURAL_VICTORIA,ROAD,2,14.0
172616,1,5,99,1,1,50.0,0,I,LARGE_PROVINCIAL_CITIES,STREET,2,13.0
172617,1,6,130,5,1,60.0,0,N,MELB_URBAN,ROAD,2,14.0
172618,1,4,121,2,2,80.0,0,I,RURAL_VICTORIA,HIGHWAY,2,17.0
172619,4,7,181,5,1,70.0,0,N,MELB_URBAN,DRIVE,2,16.0
172620,1,6,121,2,1,70.0,0,I,MELB_URBAN,ROAD,2,17.0
172621,1,6,110,1,1,60.0,0,I,LARGE_PROVINCIAL_CITIES,STREET,2,9.0
172622,1,3,130,5,1,60.0,0,N,MELB_URBAN,ROAD,2,8.0
172623,1,7,113,2,1,60.0,0,I,RURAL_VICTORIA,ROAD,2,18.0
172624,1,6,110,1,1,60.0,0,I,LARGE_PROVINCIAL_CITIES,STREET,2,19.0
172625,4,7,183,5,1,100.0,1,N,RURAL_VICTORIA,ROAD,2,11.0
172626,1,6,99,5,3,40.0,0,N,MELB_URBAN,STREET,2,21.0
172627,8,7,174,4,1,70.0,0,N,MELB_URBAN,ROAD,2,17.0
172628,1,7,120,5,5,100.0,0,N,RURAL_VICTORIA,ROAD,2,21.0
172629,1,7,132,2,5,60.0,0,N,MELB_URBAN,STREET,2,22.0
172630,3,6,167,5,5,100.0,0,N,RURAL_VICTORIA,ROAD,2,23.0
172631,1,3,130,5,1,70.0,0,N,LARGE_PROVINCIAL_CITIES,ROAD,2,16.0
172632,1,7,121,1,1,60.0,0,I,MELB_URBAN,ROAD,2,11.0
172633,1,3,116,2,1,60.0,0,I,MELB_URBAN,STREET,1,17.0
172634,1,1,130,5,1,60.0,0,N,LARGE_PROVINCIAL_CITIES,STREET,2,7.0
172635,1,1,130,5,1,60.0,0,N,MELB_URBAN,ROAD,2,9.0
172636,6,7,184,5,1,100.0,0,N,RURAL_VICTORIA,ROAD,2,15.0
172637,1,0,121,2,1,60.0,0,I,MELB_URBAN,ROAD,2,9.0
172638,2,7,99,5,9,60.0,0,N,MELB_URBAN,ROAD,2,12.0
172639,1,1,99,2,1,50.0,0,I,RURAL_VICTORIA,DRIVE,2,12.0
172640,1,1,99,4,1,40.0,0,N,MELB_URBAN,ROAD,2,12.0
172641,1,0,99,5,1,40.0,0,N,MELB_URBAN,STREET,2,11.0
172642,1,0,110,1,1,80.0,0,I,MELB_URBAN,ROAD,2,11.0
172643,5,4,99,5,1,100.0,0,N,MELB_URBAN,ROAD,2,9.0
172644,1,0,121,1,1,60.0,0,I,RURAL_VICTORIA,ROAD,2,11.0
172645,1,1,113,2,1,60.0,0,I,MELB_URBAN,ROAD,2,11.0
172646,1,1,130,2,1,60.0,0,I,MELB_URBAN,HIGHWAY,2,12.0
172647,1,1,121,2,1,80.0,0,I,SMALL_TOWNS,ROAD,2,13.0
172648,1,0,110,1,1,40.0,0,I,MELB_URBAN,DRIVE,2,7.0
172649,1,1,99,2,1,50.0,0,N,LARGE_PROVINCIAL_CITIES,UNKNOWN,2,11.0
172650,1,5,121,2,1,50.0,0,I,MELB_URBAN,AVENUE,2,15.0
172651,1,1,147,5,1,50.0,0,N,MELB_URBAN,STREET,2,14.0
172652,4,0,171,5,1,100.0,0,N,RURAL_VICTORIA,ROAD,2,15.0
172653,1,1,111,2,1,60.0,0,I,MELB_URBAN,ROAD,2,16.0
172654,1,1,113,2,1,60.0,0,I,SMALL_CITIES,STREET,2,18.0
172655,1,5,121,2,1,60.0,0,I,MELB_URBAN,OTHER,2,18.0
172656,1,1,121,1,1,70.0,0,I,MELB_URBAN,HIGHWAY,2,17.0
172657,1,7,99,2,1,60.0,0,I,MELB_URBAN,ROAD,2,7.0
172658,4,1,181,5,1,80.0,1,N,RURAL_VICTORIA,ROAD,2,19.0
172659,1,6,130,1,1,80.0,0,N,MELB_URBAN,ROAD,1,13.0
172660,1,7,116,1,1,80.0,0,I,MELB_URBAN,HIGHWAY,12,9.0
172661,1,1,121,4,1,60.0,0,I,SMALL_CITIES,RAMP,2,8.0
172662,1,1,130,5,1,70.0,0,N,SMALL_CITIES,ROAD,2,8.0
172663,1,2,99,1,1,50.0,0,N,SMALL_CITIES,STREET,2,8.0
172664,5,6,99,5,1,60.0,0,N,RURAL_VICTORIA,ROAD,2,11.0
172665,1,4,99,5,1,60.0,0,N,MELB_URBAN,ROAD,2,18.0
172666,1,1,110,1,1,100.0,0,I,RURAL_VICTORIA,HIGHWAY,2,7.0
172667,6,5,99,2,2,60.0,0,I,RURAL_VICTORIA,ROAD,2,19.0
172668,1,3,121,5,2,40.0,0,N,LARGE_PROVINCIAL_CITIES,STREET,2,20.0
172669,4,2,99,5,1,60.0,0,N,RURAL_VICTORIA,ROAD,2,15.0
172670,1,4,99,2,1,50.0,0,I,LARGE_PROVINCIAL_CITIES,ROAD,2,10.0
172671,1,2,99,1,1,60.0,0,I,MELB_URBAN,ROAD,2,11.0
172672,8,1,174,5,2,80.0,0,N,RURAL_VICTORIA,ROAD,2,19.0
172673,1,5,130,1,1,60.0,0,I,MELB_URBAN,STREET,2,16.0
172674,1,2,134,5,1,100.0,0,N,MELB_URBAN,FREEWAY,2,7.0
172675,1,2,130,2,1,60.0,0,I,MELB_URBAN,DRIVE,2,9.0
172676,1,1,110,1,2,50.0,0,I,MELB_URBAN,BOULEVARD,2,6.0
172677,1,7,130,5,3,60.0,0,N,MELB_URBAN,FREEWAY,2,21.0
172678,1,2,130,1,1,60.0,0,N,RURAL_VICTORIA,BOULEVARD,2,9.0
172679,1,2,111,1,1,50.0,0,I,MELB_URBAN,STREET,2,8.0
172680,1,2,147,5,1,60.0,0,N,SMALL_CITIES,ROAD,2,15.0
172681,1,2,147,5,1,60.0,0,N,MELB_URBAN,ROAD,2,15.0
172682,1,2,121,2,1,80.0,0,I,MELB_URBAN,ROAD,2,15.0
172683,4,1,173,5,1,100.0,0,O,RURAL_VICTORIA,UNKNOWN,1,9.0
172684,2,5,99,5,1,60.0,0,N,MELB_URBAN,ROAD,1,16.0
172685,1,2,121,2,1,60.0,0,I,MELB_URBAN,ROAD,2,16.0
172686,1,1,120,5,1,100.0,0,N,RURAL_VICTORIA,ROAD,2,15.0
172687,4,2,171,5,1,60.0,0,N,MELB_URBAN,ROAD,2,15.0
172688,1,1,130,5,1,60.0,0,N,LARGE_PROVINCIAL_CITIES,ROAD,2,16.0
172689,1,1,110,1,1,60.0,0,I,MELB_URBAN,ROAD,2,16.0
172690,4,2,171,5,1,100.0,0,N,RURAL_VICTORIA,HIGHWAY,2,16.0
172691,4,2,99,2,1,100.0,0,I,RURAL_VICTORIA,HIGHWAY,2,13.0
172692,2,2,99,1,3,40.0,0,I,MELB_URBAN,STREET,2,20.0
172693,1,2,130,5,1,60.0,0,N,MELB_URBAN,ROAD,2,6.0
172694,1,1,121,2,1,60.0,0,I,MELB_URBAN,ROAD,2,16.0
172695,1,1,113,2,1,60.0,0,I,MELB_URBAN,ROAD,2,15.0
172696,1,1,163,5,3,60.0,0,I,MELB_URBAN,ROAD,2,20.0
172697,4,1,99,5,1,50.0,0,N,MELB_URBAN,DRIVE,2,17.0
172698,1,2,147,5,1,60.0,0,N,MELB_URBAN,STREET,2,14.0
172699,1,2,99,2,1,50.0,0,I,RURAL_VICTORIA,DRIVE,2,17.0
172700,1,2,111,2,1,60.0,0,I,MELB_URBAN,DRIVE,2,18.0
172701,1,2,99,1,3,60.0,0,N,MELB_URBAN,STREET,2,0.0
172702,4,2,171,5,5,100.0,0,N,RURAL_VICTORIA,HIGHWAY,2,0.0
172703,1,2,173,1,3,50.0,0,N,MELB_URBAN,STREET,2,23.0
172704,4,3,171,5,1,80.0,0,N,MELB_URBAN,ROAD,2,7.0
172705,1,3,99,5,1,50.0,0,N,LARGE_PROVINCIAL_CITIES,STREET,2,8.0
172706,6,3,99,5,2,80.0,0,N,MELB_URBAN,ROAD,2,6.0
172707,2,1,102,5,1,60.0,0,N,LARGE_PROVINCIAL_CITIES,STREET,2,17.0
172708,1,3,99,5,5,100.0,0,N,RURAL_VICTORIA,ROAD,2,6.0
172709,1,3,99,5,2,60.0,0,N,RURAL_VICTORIA,OTHER,2,6.0
172710,1,1,130,1,1,100.0,0,N,RURAL_VICTORIA,FREEWAY,1,16.0
172711,7,7,99,5,1,100.0,0,N,RURAL_VICTORIA,HIGHWAY,2,10.0
172712,1,2,121,1,1,60.0,0,O,MELB_URBAN,UNKNOWN,2,7.0
172713,6,3,174,2,1,70.0,0,O,MELB_URBAN,UNKNOWN,2,10.0
172714,1,2,130,2,1,60.0,0,O,RURAL_VICTORIA,UNKNOWN,2,15.0
172715,3,6,167,5,5,110.0,0,N,RURAL_VICTORIA,FREEWAY,1,1.0
172716,1,3,110,1,1,60.0,0,I,MELB_URBAN,ROAD,2,7.0
172717,6,0,170,5,2,100.0,0,N,RURAL_VICTORIA,ROAD,1,18.0
172718,1,3,130,5,1,60.0,0,N,LARGE_PROVINCIAL_CITIES,ROAD,2,9.0
172719,1,3,110,1,1,80.0,0,I,MELB_URBAN,HIGHWAY,12,11.0
172720,1,5,130,5,1,80.0,0,N,MELB_URBAN,UNKNOWN,2,16.0
172721,4,1,171,5,5,100.0,0,N,RURAL_VICTORIA,ROAD,2,0.0
172722,1,3,110,1,1,40.0,0,I,MELB_URBAN,STREET,2,8.0
172723,1,2,140,2,1,60.0,0,I,MELB_URBAN,ROAD,2,8.0
172724,1,6,130,5,2,100.0,0,N,MELB_URBAN,FREEWAY,5,6.0
172725,1,3,121,2,1,80.0,0,I,RURAL_VICTORIA,ROAD,2,8.0
172726,1,3,130,2,1,60.0,0,I,RURAL_VICTORIA,ROAD,2,12.0
172727,1,2,111,2,1,60.0,0,N,MELB_URBAN,ROAD,2,15.0
172728,1,1,130,5,1,50.0,0,N,MELB_URBAN,STREET,2,15.0
172729,4,3,173,5,1,100.0,0,N,RURAL_VICTORIA,HIGHWAY,2,13.0
172730,1,2,130,5,1,60.0,0,N,MELB_URBAN,ROAD,2,13.0
172731,1,2,130,5,1,100.0,0,N,RURAL_VICTORIA,FREEWAY,2,12.0
172732,4,2,181,5,1,80.0,0,N,RURAL_VICTORIA,OTHER,2,13.0
172733,1,1,113,2,1,60.0,0,I,MELB_URBAN,ROAD,2,15.0
172734,1,2,140,5,1,60.0,0,N,MELB_URBAN,STREET,2,8.0
172735,6,2,99,1,1,40.0,0,I,MELB_URBAN,STREET,2,8.0
172736,6,2,99,5,1,100.0,0,N,MELB_URBAN,RAMP,2,15.0
172737,1,5,135,5,1,60.0,0,N,MELB_URBAN,FREEWAY,2,7.0
172738,3,3,167,5,5,100.0,0,N,RURAL_VICTORIA,ROAD,1,21.0
172739,1,3,130,2,1,50.0,0,I,MELB_URBAN,STREET,2,15.0
172740,1,3,99,2,1,60.0,0,I,LARGE_PROVINCIAL_CITIES,AVENUE,2,15.0
172741,2,2,99,5,1,40.0,0,N,MELB_URBAN,STREET,2,16.0
172742,1,2,130,5,1,80.0,0,N,MELB_URBAN,RAMP,2,15.0
172743,4,3,183,5,1,100.0,0,O,RURAL_VICTORIA,UNKNOWN,2,14.0
172744,1,2,110,1,1,60.0,0,I,TOWNS,ROAD,2,17.0
172745,1,2,171,5,1,70.0,0,N,MELB_URBAN,DRIVE,2,15.0
172746,1,3,130,5,1,60.0,0,N,MELB_URBAN,STREET,2,16.0
172747,1,3,111,1,1,60.0,0,I,MELB_URBAN,HIGHWAY,2,18.0
172748,1,3,130,5,1,100.0,0,N,MELB_URBAN,FREEWAY,2,17.0
172749,4,3,171,5,1,100.0,0,N,RURAL_VICTORIA,ROAD,2,18.0
172750,1,1,120,1,1,70.0,0,N,MELB_URBAN,ROAD,2,6.0
172751,1,3,116,2,1,60.0,0,I,MELB_URBAN,ROAD,2,16.0
172752,1,2,110,1,1,60.0,0,I,MELB_URBAN,ROAD,2,14.0
172753,1,3,121,1,3,60.0,0,I,MELB_URBAN,STREET,2,20.0
172754,4,1,173,2,2,50.0,0,I,MELB_URBAN,PARADE,2,21.0
172755,6,2,170,5,5,80.0,0,N,RURAL_VICTORIA,ROAD,2,21.0
172756,4,2,171,5,1,100.0,0,N,RURAL_VICTORIA,ROAD,2,16.0
172757,4,3,171,5,3,50.0,0,N,SMALL_CITIES,OTHER,2,5.0
172758,4,4,173,5,2,60.0,0,N,MELBOURNE_CBD,STREET,2,5.0
172759,1,3,130,5,1,100.0,0,N,MELB_URBAN,FREEWAY,11,8.0
172760,1,4,120,5,1,80.0,0,N,MELB_URBAN,ROAD,2,8.0
172761,1,2,110,1,1,60.0,0,I,TOWNS,STREET,2,13.0
172762,1,3,130,1,1,50.0,0,I,MELB_URBAN,STREET,2,8.0
172763,1,4,121,1,1,60.0,0,I,MELB_URBAN,STREET,2,7.0
172764,1,3,130,3,1,100.0,0,I,SMALL_TOWNS,RAMP,2,8.0
172765,1,4,130,5,1,50.0,0,N,MELB_URBAN,ROAD,2,7.0
172766,1,3,130,5,1,70.0,0,N,MELB_URBAN,HIGHWAY,2,17.0
172767,4,4,171,5,1,60.0,0,N,MELB_URBAN,ROAD,2,10.0
172768,1,1,135,2,1,60.0,0,N,MELB_URBAN,ROAD,2,8.0
172769,1,4,110,1,1,100.0,1,I,RURAL_VICTORIA,HIGHWAY,2,7.0
172770,1,3,120,5,1,60.0,0,N,RURAL_VICTORIA,ROAD,2,8.0
172771,4,4,99,5,1,80.0,0,N,RURAL_VICTORIA,ROAD,2,7.0
172772,4,4,181,5,1,100.0,0,N,RURAL_VICTORIA,HIGHWAY,2,9.0
172773,1,3,110,1,1,40.0,0,I,MELB_URBAN,STREET,2,10.0
172774,4,2,99,5,1,80.0,0,N,TOWNS,ROAD,2,16.0
172775,2,4,99,2,1,40.0,0,I,MELB_URBAN,STREET,2,13.0
172776,1,4,120,5,1,60.0,0,N,LARGE_PROVINCIAL_CITIES,ROAD,2,13.0
172777,1,3,130,5,1,80.0,0,N,MELB_URBAN,ROAD,2,8.0
172778,1,3,130,1,1,60.0,0,I,LARGE_PROVINCIAL_CITIES,STREET,2,13.0
172779,1,4,99,5,1,40.0,0,N,MELB_URBAN,STREET,2,13.0
172780,1,4,121,1,1,70.0,0,I,SMALL_CITIES,ROAD,2,14.0
172781,1,4,113,2,1,60.0,0,I,MELB_URBAN,ROAD,2,8.0
172782,6,7,99,5,1,100.0,0,N,LARGE_PROVINCIAL_CITIES,ROAD,12,17.0
172783,1,4,173,5,2,80.0,0,N,RURAL_VICTORIA,ROAD,2,6.0
172784,2,4,100,2,1,40.0,0,N,MELB_URBAN,STREET,2,15.0
172785,1,3,111,2,1,60.0,0,I,MELB_URBAN,ROAD,2,19.0
172786,2,3,102,5,1,60.0,0,N,MELB_URBAN,ROAD,2,16.0
172787,1,2,134,2,1,60.0,0,N,MELB_URBAN,ROAD,2,7.0
172788,4,4,173,5,1,100.0,0,N,RURAL_VICTORIA,ROAD,2,14.0
172789,2,4,100,1,1,60.0,0,N,RURAL_VICTORIA,BOULEVARD,2,14.0
172790,1,4,160,5,1,60.0,0,N,MELB_URBAN,BOULEVARD,2,17.0
172791,1,4,113,2,1,70.0,0,I,MELB_URBAN,ROAD,2,15.0
172792,4,3,171,5,1,60.0,0,N,RURAL_VICTORIA,ROAD,2,6.0
172793,1,4,113,1,1,80.0,0,I,MELB_URBAN,ROAD,2,17.0
172794,1,4,113,1,1,40.0,0,I,MELBOURNE_CBD,STREET,2,14.0
172795,1,3,130,3,1,100.0,0,N,MELB_URBAN,FREEWAY,2,18.0
172796,1,3,110,1,1,50.0,0,I,MELB_URBAN,AVENUE,2,18.0
172797,1,3,130,5,1,50.0,0,N,SMALL_CITIES,ROAD,2,17.0
172798,1,4,111,2,1,60.0,0,I,MELB_URBAN,ROAD,2,15.0
172799,4,3,173,5,1,50.0,0,N,MELB_URBAN,STREET,2,18.0
172800,1,4,130,5,1,60.0,0,N,MELB_URBAN,ROAD,2,15.0
172801,1,4,160,5,1,60.0,0,N,MELB_URBAN,STREET,2,19.0
172802,4,4,99,2,1,50.0,0,I,SMALL_CITIES,AVENUE,2,14.0
172803,1,4,163,5,1,50.0,0,N,MELB_URBAN,OTHER,2,14.0
172804,1,3,121,1,3,60.0,0,I,MELB_URBAN,ROAD,2,20.0
172805,1,4,147,5,3,70.0,0,N,MELB_URBAN,ROAD,2,21.0
172806,1,2,130,1,3,40.0,0,I,MELB_URBAN,STREET,2,22.0
172807,1,6,130,1,1,50.0,0,I,RURAL_VICTORIA,DRIVE,2,17.0
172808,1,3,121,2,5,100.0,0,I,RURAL_VICTORIA,HIGHWAY,2,22.0
172809,1,4,116,2,2,60.0,0,I,SMALL_CITIES,ROAD,2,8.0
172810,1,2,120,1,1,60.0,0,I,RURAL_VICTORIA,ROAD,2,14.0
172811,2,5,102,5,1,80.0,0,N,MELB_URBAN,HIGHWAY,2,7.0
172812,1,3,110,1,1,60.0,0,I,MELB_URBAN,STREET,2,16.0
172813,2,2,99,5,1,50.0,0,N,MELB_URBAN,STREET,2,9.0
172814,1,3,130,5,1,60.0,0,N,MELB_URBAN,STREET,2,17.0
172815,1,3,160,5,1,50.0,0,N,MELB_URBAN,OTHER,2,18.0
172816,8,2,184,2,1,60.0,0,I,SMALL_CITIES,ROAD,2,13.0
172817,1,5,130,5,1,100.0,0,N,SMALL_TOWNS,FREEWAY,2,18.0
172818,1,4,99,5,1,50.0,0,N,MELB_URBAN,OTHER,12,15.0
172819,1,4,110,1,2,50.0,0,I,MELB_URBAN,STREET,2,6.0
172820,1,2,110,1,5,60.0,0,I,MELB_URBAN,ROAD,2,21.0
172821,1,5,99,5,1,100.0,0,N,MELB_URBAN,ROAD,2,10.0
172822,1,2,130,5,1,40.0,0,N,MELB_URBAN,ROAD,2,14.0
172823,1,4,130,2,1,80.0,0,I,MELB_URBAN,HIGHWAY,8,16.0
172824,1,4,99,5,1,60.0,0,N,MELB_URBAN,STREET,2,13.0
172825,1,4,99,1,1,60.0,0,I,SMALL_CITIES,DRIVE,2,11.0
172826,1,3,130,2,1,60.0,0,I,RURAL_VICTORIA,ROAD,2,17.0
172827,2,5,100,1,1,40.0,0,I,MELB_URBAN,STREET,2,13.0
172828,1,0,130,2,1,60.0,0,I,MELB_URBAN,STREET,7,11.0
172829,1,2,135,5,1,100.0,0,N,MELB_URBAN,FREEWAY,1,12.0
172830,2,4,100,1,1,40.0,0,I,MELB_URBAN,ROAD,1,12.0
172831,1,5,111,2,1,60.0,0,I,LARGE_PROVINCIAL_CITIES,STREET,2,13.0
172832,4,5,181,5,1,100.0,0,N,RURAL_VICTORIA,HIGHWAY,2,10.0
172833,1,4,121,2,1,40.0,0,I,MELB_URBAN,ROAD,2,13.0
172834,1,5,147,5,1,50.0,0,N,MELB_URBAN,STREET,2,14.0
172835,6,4,174,5,1,100.0,0,N,RURAL_VICTORIA,HIGHWAY,2,11.0
172836,6,5,99,5,1,60.0,0,N,RURAL_VICTORIA,ROAD,2,13.0
172837,8,5,170,2,1,60.0,0,I,MELB_URBAN,STREET,2,9.0
172838,4,4,171,5,1,80.0,0,N,RURAL_VICTORIA,STREET,2,13.0
172839,1,4,130,5,1,60.0,0,N,MELB_URBAN,ROAD,2,12.0
172840,1,5,120,5,1,60.0,0,N,MELB_URBAN,ROAD,2,16.0
172841,4,5,181,5,1,100.0,0,N,RURAL_VICTORIA,HIGHWAY,2,13.0
172842,2,4,100,1,2,60.0,0,I,MELB_URBAN,STREET,1,4.0
172843,4,5,171,1,1,100.0,0,N,RURAL_VICTORIA,ROAD,2,17.0
172844,8,5,174,5,1,60.0,0,N,MELB_URBAN,ROAD,2,20.0
172845,4,5,99,2,1,50.0,0,I,MELB_URBAN,OTHER,2,16.0
172846,4,4,171,5,1,100.0,0,N,RURAL_VICTORIA,ROAD,2,18.0
172847,1,5,110,1,1,40.0,0,I,MELB_URBAN,STREET,2,16.0
172848,1,5,99,1,1,40.0,0,I,MELB_URBAN,STREET,2,16.0
172849,1,5,130,2,2,60.0,0,I,MELB_URBAN,ROAD,2,20.0
172850,1,5,130,5,3,100.0,0,N,MELB_URBAN,FREEWAY,2,22.0
172851,4,6,99,5,3,70.0,0,N,MELB_URBAN,ROAD,2,0.0
172852,2,3,99,5,2,60.0,0,N,MELB_URBAN,ROAD,2,7.0
172853,1,4,133,5,2,100.0,0,N,MELB_URBAN,FREEWAY,1,8.0
172854,2,6,102,5,9,60.0,0,N,MELB_URBAN,STREET,2,9.0
172855,3,5,167,5,1,80.0,0,N,RURAL_VICTORIA,ROAD,2,8.0
172856,1,4,113,2,1,80.0,0,I,RURAL_VICTORIA,HIGHWAY,2,9.0
172857,8,6,174,2,1,50.0,0,I,MELB_URBAN,OTHER,2,9.0
172858,1,2,110,1,1,60.0,0,I,MELB_URBAN,STREET,2,17.0
172859,2,5,100,2,1,60.0,0,I,MELB_URBAN,STREET,2,8.0
172860,2,4,100,5,1,50.0,0,N,MELB_URBAN,STREET,2,17.0
172861,8,1,174,5,1,60.0,0,N,RURAL_VICTORIA,ROAD,11,11.0
172862,1,5,110,1,1,60.0,0,I,MELB_URBAN,ROAD,2,6.0
172863,1,3,163,2,9,60.0,0,N,MELB_URBAN,STREET,2,12.0
172864,1,2,130,5,1,60.0,0,N,MELB_URBAN,STREET,2,18.0
172865,1,6,110,1,1,80.0,0,N,MELB_URBAN,ROAD,2,9.0
172866,1,6,163,5,2,60.0,0,N,LARGE_PROVINCIAL_CITIES,OTHER,2,6.0
172867,8,2,174,5,1,100.0,0,N,RURAL_VICTORIA,ROAD,2,12.0
172868,4,5,99,1,1,50.0,0,I,MELB_URBAN,OTHER,2,9.0
172869,4,6,173,2,1,60.0,0,I,RURAL_VICTORIA,ROAD,2,15.0
172870,1,6,130,5,1,100.0,0,N,RURAL_VICTORIA,FREEWAY,1,11.0
172871,1,5,121,2,1,60.0,0,I,MELB_URBAN,STREET,12,12.0
172872,4,4,173,2,2,60.0,0,N,MELB_URBAN,ROAD,2,20.0
172873,1,0,99,5,1,40.0,0,N,MELB_URBAN,STREET,2,18.0
172874,1,6,130,5,1,60.0,0,N,MELB_URBAN,ROAD,2,17.0
172875,1,5,130,2,1,60.0,0,I,LARGE_PROVINCIAL_CITIES,BOULEVARD,2,15.0
172876,1,6,160,5,1,60.0,0,I,TOWNS,STREET,2,18.0
172877,3,6,167,5,1,80.0,0,N,MELB_URBAN,ROAD,2,17.0
172878,1,3,130,5,1,100.0,0,N,MELB_URBAN,UNKNOWN,2,8.0
172879,4,6,181,5,1,100.0,1,N,RURAL_VICTORIA,ROAD,2,14.0
172880,1,5,163,5,1,50.0,0,N,MELB_URBAN,STREET,2,15.0
172881,2,6,102,5,1,60.0,0,N,MELB_URBAN,ROAD,2,18.0
172882,2,6,99,5,1,40.0,0,N,MELB_URBAN,ROAD,10,16.0
172883,1,6,99,5,1,50.0,0,N,MELB_URBAN,DRIVE,2,19.0
172884,4,5,173,5,1,60.0,0,N,LARGE_PROVINCIAL_CITIES,ROAD,2,19.0
172885,2,6,100,5,2,40.0,0,N,RURAL_VICTORIA,STREET,2,19.0
172886,1,6,133,5,3,80.0,0,N,MELB_URBAN,ROAD,2,21.0
172887,1,5,130,5,1,60.0,0,N,MELB_URBAN,ROAD,2,16.0
172888,1,7,99,2,1,40.0,0,I,MELB_URBAN,STREET,2,18.0
172889,1,6,99,5,1,50.0,0,N,MELB_URBAN,STREET,2,16.0
172890,1,5,140,5,1,40.0,0,N,MELB_URBAN,STREET,2,13.0
172891,4,6,173,2,5,100.0,0,I,RURAL_VICTORIA,HIGHWAY,2,23.0
172892,4,6,171,5,5,50.0,0,N,LARGE_PROVINCIAL_CITIES,DRIVE,2,22.0
172893,1,5,130,5,2,80.0,0,N,MELB_URBAN,ROAD,2,19.0
172894,1,7,120,5,2,60.0,0,N,MELB_URBAN,ROAD,2,6.0
172895,4,6,171,5,5,100.0,0,N,RURAL_VICTORIA,ROAD,2,22.0
172896,1,5,130,5,1,60.0,0,N,RURAL_VICTORIA,HIGHWAY,2,16.0
172897,4,7,173,5,2,60.0,0,N,MELB_URBAN,ROAD,2,6.0
172898,1,6,130,2,1,50.0,0,I,MELB_URBAN,ROAD,2,10.0
172899,1,6,132,2,6,60.0,0,I,MELB_URBAN,ROAD,2,20.0
172900,1,6,113,2,1,50.0,0,I,MELB_URBAN,AVENUE,2,11.0
172901,4,7,173,5,1,100.0,0,N,RURAL_VICTORIA,ROAD,2,9.0
172902,1,7,110,1,1,80.0,0,I,MELB_URBAN,ROAD,2,9.0
172903,4,7,181,5,1,80.0,0,N,RURAL_VICTORIA,ROAD,2,11.0
172904,1,7,121,1,1,60.0,0,I,MELB_URBAN,STREET,2,13.0
172905,2,7,102,1,1,40.0,0,N,MELB_URBAN,STREET,2,14.0
172906,8,3,99,2,3,60.0,0,I,TOWNS,STREET,1,21.0
172907,1,5,130,5,1,60.0,0,N,RURAL_VICTORIA,FREEWAY,2,10.0
172908,4,6,99,2,1,50.0,0,N,SMALL_CITIES,AVENUE,2,15.0
172909,6,7,184,5,1,80.0,0,N,MELB_URBAN,RAMP,2,14.0
172910,6,7,174,5,1,100.0,0,N,RURAL_VICTORIA,OTHER,2,13.0
172911,1,6,99,5,1,60.0,0,N,MELB_URBAN,STREET,2,12.0
172912,1,7,99,1,1,80.0,0,N,MELB_URBAN,ROAD,2,16.0
172913,1,6,130,5,1,60.0,0,N,MELB_URBAN,ROAD,2,16.0
172914,1,6,121,5,1,100.0,0,I,RURAL_VICTORIA,HIGHWAY,2,16.0
172915,2,7,100,1,1,40.0,0,I,MELB_URBAN,PARADE,2,17.0
172916,1,7,130,5,1,80.0,0,N,MELB_URBAN,UNKNOWN,2,18.0
172917,1,3,130,1,1,40.0,0,I,MELB_URBAN,STREET,2,17.0