,accident_type,day_of_week,dca_code,road_geometry,light_condition,speed_zone,severity,node_type,deg_urban_name,road_type,month,hour
172918,1,6,130,5,1,80.0,0,N,MELB_URBAN,HIGHWAY,2,16.0
172919,1,6,130,1,3,60.0,0,N,LARGE_PROVINCIAL_CITIES,STREET,2,19.0
172920,1,1,130,2,9,60.0,0,N,MELB_URBAN,ROAD,2,7.0
172921,4,6,181,2,1,50.0,0,I,RURAL_VICTORIA,ROAD,2,18.0
172922,2,6,99,5,5,40.0,0,N,MELB_URBAN,STREET,2,0.0
172923,8,7,184,5,1,60.0,1,N,RURAL_VICTORIA,OTHER,2,17.0
172924,4,7,183,5,3,80.0,0,N,RURAL_VICTORIA,RAMP,2,23.0
172925,1,6,121,2,1,50.0,0,O,MELB_URBAN,UNKNOWN,2,15.0
172926,1,1,160,5,3,40.0,0,N,MELB_URBAN,STREET,2,0.0
172927,1,0,130,5,3,40.0,0,N,MELBOURNE_CBD,STREET,2,1.0
172928,4,3,181,5,2,60.0,0,N,SMALL_CITIES,ROAD,2,5.0
172929,1,0,160,5,3,50.0,0,N,RURAL_VICTORIA,BOULEVARD,2,2.0
172930,1,1,160,5,5,100.0,0,N,RURAL_VICTORIA,FREEWAY,2,3.0
172931,1,7,110,1,3,40.0,0,I,LARGE_PROVINCIAL_CITIES,STREET,2,21.0
172932,6,7,174,5,1,100.0,0,N,RURAL_VICTORIA,OTHER,2,12.0
172933,1,4,130,1,1,60.0,0,I,MELB_URBAN,HIGHWAY,2,15.0
172934,1,7,163,1,1,40.0,0,I,MELB_URBAN,STREET,2,18.0
172935,1,5,130,2,1,60.0,0,I,LARGE_PROVINCIAL_CITIES,STREET,2,18.0
172936,1,1,160,5,1,60.0,0,N,MELB_URBAN,DRIVE,2,9.0
172937,1,1,160,5,1,60.0,0,N,MELB_URBAN,ROAD,2,9.0
172938,1,1,110,1,1,50.0,0,I,MELB_URBAN,OTHER,2,9.0
172939,1,0,110,1,1,80.0,0,I,RURAL_VICTORIA,ROAD,2,8.0
172940,4,0,171,5,1,40.0,0,N,RURAL_VICTORIA,ROAD,2,10.0
172941,1,6,130,5,1,80.0,0,N,MELB_URBAN,FREEWAY,2,16.0
172942,2,0,100,5,1,40.0,0,N,TOWNS,STREET,2,10.0
172943,1,1,147,5,1,60.0,0,N,MELB_URBAN,ROAD,2,10.0
172944,1,5,135,5,9,80.0,0,N,MELB_URBAN,FREEWAY,2,17.0
172945,1,1,160,5,1,40.0,0,N,MELB_URBAN,ROAD,2,12.0
172946,7,1,99,5,1,80.0,0,N,MELB_URBAN,HIGHWAY,2,13.0
172947,1,1,99,5,1,80.0,0,N,MELB_URBAN,ROAD,2,11.0
172948,6,6,184,5,1,60.0,0,N,RURAL_VICTORIA,ROAD,2,17.0
172949,2,1,100,1,1,60.0,1,I,MELB_URBAN,ROAD,2,12.0
172950,1,0,110,1,1,60.0,0,I,MELB_URBAN,ROAD,2,10.0
172951,1,0,113,2,1,80.0,0,I,MELB_URBAN,HIGHWAY,2,13.0
172952,1,4,130,2,1,50.0,0,I,SMALL_CITIES,STREET,2,14.0
172953,6,0,99,5,1,80.0,0,N,RURAL_VICTORIA,ROAD,2,13.0
172954,1,0,130,2,1,40.0,0,I,MELB_URBAN,ROAD,2,15.0
172955,1,7,160,5,1,60.0,0,N,MELB_URBAN,ROAD,2,8.0
172956,1,0,130,2,1,60.0,0,I,MELB_URBAN,ROAD,2,12.0
172957,1,1,110,1,1,40.0,0,I,MELBOURNE_CBD,STREET,2,12.0
172958,1,4,99,5,1,50.0,0,N,MELB_URBAN,ROAD,1,17.0
172959,4,0,171,5,2,80.0,0,N,RURAL_VICTORIA,ROAD,2,19.0
172960,4,0,183,1,1,60.0,0,I,MELB_URBAN,ROAD,2,19.0
172961,4,1,171,5,5,80.0,0,N,RURAL_VICTORIA,ROAD,2,20.0
172962,2,0,102,1,1,50.0,0,I,MELB_URBAN,STREET,2,16.0
172963,3,1,167,5,5,100.0,0,N,RURAL_VICTORIA,ROAD,2,21.0
172964,1,3,160,5,3,50.0,0,N,MELB_URBAN,ROAD,2,21.0
172965,4,2,99,5,3,50.0,0,N,SMALL_CITIES,DRIVE,2,3.0
172966,5,4,99,5,1,100.0,0,N,RURAL_VICTORIA,ROAD,2,18.0
172967,6,2,170,1,1,60.0,0,I,RURAL_VICTORIA,DRIVE,2,7.0
172968,1,6,116,2,2,60.0,0,I,SMALL_CITIES,STREET,2,6.0
172969,1,6,130,5,6,80.0,0,N,RURAL_VICTORIA,ROAD,2,21.0
172970,4,0,173,5,5,60.0,0,N,RURAL_VICTORIA,ROAD,2,0.0
172971,1,2,135,5,1,60.0,0,N,MELB_URBAN,ROAD,1,15.0
172972,1,2,135,5,1,100.0,0,N,MELB_URBAN,FREEWAY,2,7.0
172973,1,1,130,5,1,60.0,0,N,MELB_URBAN,STREET,12,15.0
172974,1,1,130,2,1,70.0,0,I,MELB_URBAN,ROAD,2,11.0
172975,5,2,99,1,1,40.0,0,I,MELB_URBAN,ROAD,2,9.0
172976,1,1,121,3,1,60.0,0,I,RURAL_VICTORIA,ROAD,2,9.0
172977,1,1,130,5,1,80.0,0,N,MELB_URBAN,OTHER,2,10.0
172978,1,6,147,5,1,50.0,0,N,MELB_URBAN,ROAD,2,13.0
172979,8,2,184,2,1,60.0,0,N,SMALL_CITIES,OTHER,2,9.0
172980,7,1,99,5,1,60.0,0,N,LARGE_PROVINCIAL_CITIES,STREET,1,13.0
172981,1,5,130,5,1,50.0,0,N,MELB_URBAN,STREET,2,7.0
172982,1,2,147,5,1,60.0,0,N,MELB_URBAN,ROAD,2,11.0
172983,1,1,160,5,1,60.0,0,N,MELB_URBAN,ROAD,12,9.0
172984,6,2,99,5,1,110.0,0,N,RURAL_VICTORIA,FREEWAY,2,12.0
172985,1,1,121,1,1,60.0,0,I,MELB_URBAN,ROAD,2,9.0
172986,2,1,99,1,1,60.0,0,I,MELB_URBAN,PARADE,2,13.0
172987,1,1,130,5,1,60.0,0,N,MELB_URBAN,ROAD,2,7.0
172988,8,1,99,5,1,80.0,0,N,RURAL_VICTORIA,ROAD,2,13.0
172989,1,1,130,2,1,60.0,0,I,MELB_URBAN,ROAD,2,13.0
172990,1,2,130,5,1,50.0,0,N,MELB_URBAN,STREET,2,9.0
172991,1,6,134,5,1,60.0,0,N,MELB_URBAN,RAMP,2,18.0
172992,1,2,99,5,1,40.0,0,N,MELB_URBAN,ROAD,2,15.0
172993,1,2,120,5,1,100.0,1,N,RURAL_VICTORIA,OTHER,2,10.0
172994,2,2,99,5,1,100.0,0,N,RURAL_VICTORIA,ROAD,2,10.0
172995,1,2,110,1,1,40.0,0,I,MELB_URBAN,STREET,2,8.0
172996,1,3,113,2,1,80.0,0,I,MELB_URBAN,ROAD,2,15.0
172997,1,2,99,1,1,60.0,0,I,MELB_URBAN,HIGHWAY,2,15.0
172998,1,1,99,5,1,60.0,0,N,RURAL_VICTORIA,ROAD,2,9.0
172999,1,1,120,2,1,100.0,0,I,RURAL_VICTORIA,ROAD,2,17.0
173000,2,1,102,2,1,60.0,0,I,MELB_URBAN,ROAD,2,15.0
173001,1,5,110,1,1,60.0,0,I,TOWNS,ROAD,5,15.0
173002,3,2,167,5,1,60.0,0,N,RURAL_VICTORIA,OTHER,2,18.0
173003,1,2,113,2,1,60.0,0,I,RURAL_VICTORIA,ROAD,2,17.0
173004,1,2,99,5,1,50.0,0,N,MELB_URBAN,STREET,2,15.0
173005,1,1,163,5,1,40.0,0,N,LARGE_PROVINCIAL_CITIES,ROAD,2,15.0
173006,1,2,110,1,1,60.0,0,I,SMALL_CITIES,STREET,2,17.0
173007,2,5,102,2,1,60.0,0,I,MELB_URBAN,ROAD,2,13.0
173008,4,2,173,5,3,50.0,0,N,MELB_URBAN,PARADE,2,22.0
173009,1,4,110,1,1,80.0,0,I,MELB_URBAN,ROAD,2,7.0
173010,1,2,134,5,1,60.0,0,N,LARGE_PROVINCIAL_CITIES,ROAD,2,10.0
173011,1,3,121,2,1,60.0,0,I,MELB_URBAN,STREET,2,7.0
173012,1,1,130,5,1,40.0,0,N,MELB_URBAN,AVENUE,2,18.0
173013,1,6,130,1,3,60.0,0,N,MELB_URBAN,STREET,2,21.0
173014,2,3,100,1,1,40.0,0,I,MELB_URBAN,ROAD,2,8.0
173015,1,2,130,5,2,100.0,0,N,MELB_URBAN,FREEWAY,2,6.0
173016,1,6,110,1,1,50.0,0,I,MELB_URBAN,AVENUE,2,13.0
173017,1,3,110,1,1,80.0,0,I,RURAL_VICTORIA,ROAD,2,8.0
173018,1,3,130,5,1,100.0,0,N,MELB_URBAN,FREEWAY,2,7.0
173019,6,7,99,5,1,50.0,0,N,MELB_URBAN,OTHER,2,10.0
173020,1,3,110,1,1,50.0,0,I,MELB_URBAN,STREET,2,10.0
173021,1,2,160,5,1,60.0,0,N,LARGE_PROVINCIAL_CITIES,ROAD,2,7.0
173022,8,1,99,5,1,80.0,0,N,RURAL_VICTORIA,ROAD,2,12.0
173023,2,3,99,2,1,40.0,1,I,MELB_URBAN,ROAD,2,7.0
173024,1,3,130,2,1,60.0,0,N,MELB_URBAN,ROAD,2,10.0
173025,8,4,174,2,1,60.0,0,I,MELB_URBAN,ROAD,2,16.0
173026,1,3,99,2,1,50.0,0,I,SMALL_CITIES,STREET,2,8.0
173027,1,2,160,5,1,50.0,0,N,MELB_URBAN,ROAD,2,9.0
173028,2,3,99,5,1,40.0,0,N,MELB_URBAN,STREET,2,12.0
173029,1,2,99,5,1,70.0,0,N,MELB_URBAN,ROAD,2,7.0
173030,1,5,116,2,3,50.0,0,I,MELB_URBAN,STREET,1,23.0
173031,1,3,120,5,1,80.0,1,N,RURAL_VICTORIA,ROAD,2,9.0
173032,1,2,110,1,1,80.0,0,I,RURAL_VICTORIA,ROAD,2,14.0
173033,8,1,99,5,1,100.0,0,N,RURAL_VICTORIA,FREEWAY,2,16.0
173034,1,2,121,2,1,60.0,0,I,MELB_URBAN,ROAD,2,8.0
173035,2,3,100,2,1,50.0,0,N,MELB_URBAN,STREET,2,10.0
173036,1,2,135,5,1,100.0,0,N,MELB_URBAN,ROAD,2,17.0
173037,1,0,130,5,1,80.0,0,N,LARGE_PROVINCIAL_CITIES,ROAD,2,14.0
173038,1,1,163,5,1,40.0,0,N,MELB_URBAN,STREET,2,12.0
173039,1,2,130,5,1,70.0,0,N,MELB_URBAN,ROAD,2,17.0
173040,1,3,110,1,1,100.0,0,I,RURAL_VICTORIA,ROAD,2,16.0
173041,1,6,121,2,3,60.0,0,I,MELB_URBAN,ROAD,1,23.0
173042,1,3,133,5,1,60.0,0,N,MELB_URBAN,AVENUE,11,15.0
173043,1,3,121,2,1,60.0,0,I,TOWNS,STREET,2,17.0
173044,6,7,184,5,1,30.0,0,N,RURAL_VICTORIA,OTHER,2,16.0
173045,1,2,130,5,1,70.0,0,N,MELB_URBAN,ROAD,2,16.0
173046,1,3,121,5,1,60.0,0,N,LARGE_PROVINCIAL_CITIES,ROAD,2,17.0
173047,2,6,99,5,1,50.0,0,N,MELB_URBAN,STREET,1,15.0
173048,4,3,183,5,2,80.0,0,N,RURAL_VICTORIA,ROAD,2,18.0
173049,1,3,120,5,1,80.0,0,N,RURAL_VICTORIA,HIGHWAY,2,16.0
173050,1,3,99,2,1,50.0,0,I,RURAL_VICTORIA,OTHER,2,19.0
173051,1,3,99,5,1,50.0,0,N,MELB_URBAN,STREET,2,16.0
173052,1,2,120,5,1,50.0,0,N,MELB_URBAN,ROAD,2,17.0
173053,1,3,147,5,1,60.0,0,N,MELB_URBAN,ROAD,2,18.0
173054,1,3,130,5,3,100.0,0,N,MELB_URBAN,FREEWAY,2,21.0
173055,1,2,113,2,2,80.0,0,I,MELB_URBAN,ROAD,2,19.0
173056,4,2,173,5,5,100.0,0,N,RURAL_VICTORIA,ROAD,2,22.0
173057,1,4,160,5,3,50.0,0,N,MELB_URBAN,ROAD,2,0.0
173058,1,3,111,1,2,60.0,0,I,MELB_URBAN,ROAD,2,5.0
173059,1,3,113,1,1,60.0,0,I,LARGE_PROVINCIAL_CITIES,ROAD,2,14.0
173060,2,3,100,5,1,50.0,0,N,MELB_URBAN,STREET,2,7.0
173061,2,3,99,5,1,80.0,0,N,MELB_URBAN,ROAD,2,9.0
173062,6,4,174,2,1,80.0,0,I,MELB_URBAN,ROAD,2,10.0
173063,1,1,130,5,1,80.0,0,N,MELB_URBAN,ROAD,1,17.0
173064,1,4,173,5,1,40.0,0,N,MELB_URBAN,STREET,2,8.0
173065,1,2,110,1,1,60.0,0,I,MELB_URBAN,ROAD,2,9.0
173066,1,4,111,2,1,60.0,0,I,SMALL_TOWNS,HIGHWAY,2,10.0
173067,1,3,147,5,1,60.0,0,N,SMALL_CITIES,ROAD,2,17.0
173068,1,4,130,5,1,100.0,0,N,MELB_URBAN,FREEWAY,2,8.0
173069,1,4,130,5,1,80.0,0,N,LARGE_PROVINCIAL_CITIES,HIGHWAY,2,8.0
173070,1,3,160,5,1,50.0,0,N,MELB_URBAN,STREET,2,12.0
173071,1,3,130,5,1,80.0,0,N,MELB_URBAN,FREEWAY,2,15.0
173072,1,4,110,1,1,50.0,0,I,LARGE_PROVINCIAL_CITIES,STREET,2,12.0
173073,5,7,99,5,1,60.0,0,N,RURAL_VICTORIA,ROAD,2,16.0
173074,1,1,110,1,1,40.0,0,I,MELB_URBAN,PARADE,2,8.0
173075,4,4,173,5,1,60.0,0,N,SMALL_CITIES,ROAD,2,12.0
173076,1,4,113,2,1,60.0,0,I,MELB_URBAN,ROAD,2,12.0
173077,1,4,99,5,1,80.0,0,N,MELB_URBAN,ROAD,2,7.0
173078,1,2,99,2,1,50.0,0,I,MELB_URBAN,ROAD,2,14.0
173079,4,4,173,2,1,80.0,0,I,MELB_URBAN,HIGHWAY,2,14.0
173080,1,6,110,1,2,70.0,0,N,MELB_URBAN,ROAD,1,19.0
173081,1,2,130,2,1,60.0,0,I,SMALL_CITIES,AVENUE,2,8.0
173082,1,2,99,5,1,50.0,0,N,MELB_URBAN,ROAD,2,8.0
173083,2,4,99,5,1,50.0,0,N,MELB_URBAN,ROAD,2,10.0
173084,2,2,99,5,1,40.0,0,N,LARGE_PROVINCIAL_CITIES,ROAD,2,10.0
173085,8,2,99,1,1,60.0,0,I,MELB_URBAN,STREET,2,18.0
173086,1,3,110,1,1,60.0,0,I,MELB_URBAN,STREET,2,8.0
173087,1,3,110,1,2,60.0,0,I,TOWNS,STREET,2,6.0
173088,1,1,121,2,1,80.0,0,I,LARGE_PROVINCIAL_CITIES,ROAD,2,7.0
173089,1,4,113,2,1,100.0,0,I,RURAL_VICTORIA,ROAD,2,15.0
173090,1,4,130,5,1,60.0,0,N,MELB_URBAN,ROAD,2,16.0
173091,1,6,130,1,1,80.0,0,I,MELB_URBAN,HIGHWAY,2,18.0
173092,1,2,130,5,1,80.0,0,N,MELB_URBAN,ROAD,2,7.0
173093,1,3,140,5,1,50.0,0,N,LARGE_PROVINCIAL_CITIES,STREET,2,11.0
173094,4,4,171,5,1,80.0,0,N,RURAL_VICTORIA,ROAD,2,17.0
173095,1,4,113,2,1,50.0,0,I,MELB_URBAN,STREET,2,18.0
173096,1,4,130,5,1,70.0,0,N,MELB_URBAN,ROAD,2,16.0
173097,7,4,99,5,1,50.0,0,N,TOWNS,ROAD,2,17.0
173098,1,4,130,1,1,60.0,0,I,MELB_URBAN,ROAD,2,19.0
173099,1,3,121,2,1,100.0,0,I,RURAL_VICTORIA,ROAD,2,15.0
173100,1,3,130,5,3,60.0,0,N,MELB_URBAN,ROAD,2,21.0
173101,1,4,147,5,1,60.0,0,N,MELB_URBAN,ROAD,2,17.0
173102,1,7,135,5,1,80.0,0,N,MELB_URBAN,ROAD,2,14.0
173103,1,0,110,1,3,70.0,0,I,MELB_URBAN,ROAD,2,21.0
173104,1,4,130,5,1,60.0,0,N,MELB_URBAN,ROAD,2,18.0
173105,1,5,120,5,1,100.0,0,N,RURAL_VICTORIA,ROAD,2,9.0
173106,1,5,140,2,1,80.0,0,I,MELB_URBAN,ROAD,2,8.0
173107,4,3,99,5,1,100.0,0,N,RURAL_VICTORIA,HIGHWAY,2,15.0
173108,1,4,130,5,1,50.0,0,N,MELB_URBAN,STREET,2,8.0
173109,4,5,173,5,1,60.0,0,N,MELB_URBAN,ROAD,11,19.0
173110,1,3,130,1,3,60.0,0,I,LARGE_PROVINCIAL_CITIES,STREET,8,18.0
173111,2,4,99,5,1,50.0,0,N,TOWNS,STREET,2,8.0
173112,1,5,121,2,1,80.0,1,I,MELB_URBAN,ROAD,2,7.0
173113,1,5,111,2,2,60.0,0,I,MELB_URBAN,ROAD,2,6.0
173114,1,6,111,1,1,40.0,0,I,LARGE_PROVINCIAL_CITIES,AVENUE,2,11.0
173115,4,5,173,5,1,60.0,0,N,SMALL_CITIES,STREET,2,10.0
173116,4,1,171,5,1,100.0,0,N,RURAL_VICTORIA,HIGHWAY,12,11.0
173117,1,5,120,5,1,80.0,0,N,RURAL_VICTORIA,ROAD,2,10.0
173118,1,4,99,1,9,50.0,0,I,LARGE_PROVINCIAL_CITIES,STREET,2,6.0
173119,1,5,113,2,1,60.0,0,N,MELB_URBAN,ROAD,2,8.0
173120,4,3,171,5,1,60.0,0,N,MELB_URBAN,BOULEVARD,2,17.0
173121,6,1,184,2,1,30.0,0,I,RURAL_VICTORIA,ROAD,2,11.0
173122,8,5,174,5,1,60.0,0,N,MELB_URBAN,STREET,2,8.0
173123,6,7,99,5,5,60.0,0,N,RURAL_VICTORIA,OTHER,2,22.0
173124,1,4,99,1,1,60.0,0,I,MELB_URBAN,ROAD,2,11.0
173125,1,0,110,1,1,70.0,0,I,MELB_URBAN,ROAD,2,7.0
173126,1,5,120,2,1,50.0,0,I,TOWNS,STREET,2,13.0
173127,1,5,99,1,1,60.0,0,N,MELB_URBAN,ROAD,1,15.0
173128,1,1,130,1,1,80.0,0,I,MELB_URBAN,ROAD,2,11.0
173129,1,4,113,2,9,60.0,0,I,MELB_URBAN,STREET,2,7.0
173130,1,5,147,5,1,70.0,0,N,MELB_URBAN,ROAD,2,14.0
173131,1,2,130,5,1,100.0,0,N,RURAL_VICTORIA,ROAD,2,9.0
173132,1,5,120,5,1,60.0,0,N,SMALL_CITIES,ROAD,2,16.0
173133,1,5,132,2,1,80.0,0,I,TOWNS,ROAD,1,8.0
173134,1,5,130,5,1,80.0,0,N,MELB_URBAN,ROAD,2,15.0
173135,1,4,121,2,1,40.0,0,I,MELB_URBAN,ROAD,2,15.0
173136,1,5,120,1,1,60.0,0,I,MELB_URBAN,ROAD,2,17.0
173137,1,5,130,5,1,60.0,0,N,SMALL_TOWNS,ROAD,2,17.0
173138,1,4,121,2,1,60.0,0,I,MELB_URBAN,ROAD,1,15.0
173139,1,5,99,1,1,60.0,0,I,MELB_URBAN,STREET,2,16.0
173140,1,4,113,2,1,80.0,0,I,MELB_URBAN,OTHER,2,15.0
173141,1,4,110,1,1,50.0,0,I,MELB_URBAN,STREET,2,19.0
173142,1,5,171,5,1,50.0,0,N,MELB_URBAN,STREET,2,18.0
173143,1,5,130,5,1,80.0,0,O,RURAL_VICTORIA,UNKNOWN,2,17.0
173144,1,5,121,1,1,80.0,0,I,MELB_URBAN,ROAD,2,15.0
173145,1,5,121,1,1,80.0,0,I,MELB_URBAN,OTHER,2,19.0
173146,8,1,99,5,1,60.0,0,N,RURAL_VICTORIA,ROAD,2,15.0
173147,4,5,171,5,3,70.0,0,N,MELB_URBAN,ROAD,3,0.0
173148,1,5,113,1,1,40.0,0,N,MELB_URBAN,BOULEVARD,2,9.0
173149,1,6,99,5,1,50.0,0,N,SMALL_CITIES,STREET,2,11.0
173150,1,0,130,2,1,60.0,0,I,MELB_URBAN,HIGHWAY,12,15.0
173151,2,6,99,5,1,60.0,0,N,MELB_URBAN,STREET,1,10.0
173152,4,7,173,5,5,80.0,0,N,RURAL_VICTORIA,ROAD,2,23.0
173153,8,7,174,5,5,60.0,0,N,MELB_URBAN,ROAD,5,23.0
173154,1,6,110,1,1,80.0,0,I,RURAL_VICTORIA,STREET,3,9.0
173155,2,6,102,1,1,50.0,0,I,MELB_URBAN,STREET,3,9.0
173156,2,6,100,1,1,40.0,0,N,MELB_URBAN,STREET,3,8.0
173157,1,2,113,2,1,60.0,0,I,SMALL_CITIES,AVENUE,2,18.0
173158,1,6,121,1,1,60.0,0,I,MELB_URBAN,ROAD,3,10.0
173159,1,6,110,1,3,50.0,0,I,MELB_URBAN,ROAD,3,5.0
173160,4,6,173,1,1,50.0,0,I,SMALL_CITIES,BOULEVARD,3,7.0
173161,4,5,173,5,5,100.0,1,N,RURAL_VICTORIA,ROAD,3,5.0
173162,1,6,99,5,1,80.0,0,N,SMALL_TOWNS,STREET,3,9.0
173163,1,3,130,5,1,60.0,0,N,MELB_URBAN,ROAD,2,16.0
173164,1,4,140,2,1,100.0,0,I,RURAL_VICTORIA,HIGHWAY,2,17.0
173165,1,4,130,5,2,100.0,0,N,MELB_URBAN,ROAD,2,6.0
173166,1,6,130,5,1,60.0,0,N,MELB_URBAN,ROAD,3,8.0
173167,1,6,113,2,1,50.0,0,I,MELB_URBAN,ROAD,3,7.0
173168,1,6,110,1,1,60.0,0,I,MELB_URBAN,STREET,3,13.0
173169,1,5,147,2,1,60.0,0,I,MELB_URBAN,OTHER,2,13.0
173170,4,5,183,5,1,100.0,0,N,RURAL_VICTORIA,ROAD,3,12.0
173171,1,6,130,5,1,100.0,0,N,MELB_URBAN,FREEWAY,3,13.0
173172,1,6,110,1,1,50.0,0,I,MELB_URBAN,STREET,3,14.0
173173,1,5,99,1,3,40.0,0,I,MELB_URBAN,ROAD,2,21.0
173174,1,7,130,5,9,80.0,0,N,MELB_URBAN,HIGHWAY,2,14.0
173175,4,0,181,5,1,60.0,0,N,RURAL_VICTORIA,ROAD,2,8.0
173176,1,5,120,5,1,80.0,0,N,MELB_URBAN,ROAD,3,8.0
173177,2,2,99,5,1,50.0,0,N,MELB_URBAN,STREET,2,16.0
173178,1,7,130,5,1,60.0,0,N,MELB_URBAN,FREEWAY,2,10.0
173179,1,5,113,2,1,80.0,0,I,RURAL_VICTORIA,ROAD,3,13.0
173180,2,1,100,1,1,60.0,0,I,MELB_URBAN,ROAD,2,17.0
173181,1,5,130,2,1,50.0,0,I,MELB_URBAN,ROAD,2,17.0
173182,4,6,183,5,1,50.0,0,N,MELB_URBAN,STREET,3,18.0
173183,2,5,102,2,1,50.0,0,I,MELB_URBAN,STREET,3,16.0
173184,8,2,174,1,2,40.0,0,I,MELB_URBAN,ROAD,2,20.0
173185,2,5,100,2,1,60.0,0,N,MELB_URBAN,STREET,3,11.0
173186,1,6,130,2,1,60.0,0,I,MELB_URBAN,ROAD,3,17.0
173187,1,6,99,5,1,100.0,0,N,RURAL_VICTORIA,HIGHWAY,3,18.0
173188,1,5,132,2,3,60.0,0,I,MELB_URBAN,ROAD,3,20.0
173189,4,6,171,5,1,100.0,1,N,RURAL_VICTORIA,ROAD,3,17.0
173190,8,4,99,5,1,100.0,0,N,RURAL_VICTORIA,ROAD,2,14.0
173191,1,6,113,2,1,60.0,0,I,MELB_URBAN,ROAD,3,18.0
173192,1,6,111,2,2,50.0,0,I,MELB_URBAN,STREET,3,20.0
173193,1,7,160,5,3,50.0,0,N,MELB_URBAN,STREET,3,0.0
173194,4,7,171,5,5,100.0,0,N,RURAL_VICTORIA,ROAD,3,1.0
173195,1,7,160,5,3,50.0,0,N,MELB_URBAN,STREET,3,2.0
173196,1,6,135,1,1,60.0,0,N,MELB_URBAN,STREET,2,15.0
173197,1,7,140,5,1,100.0,0,N,RURAL_VICTORIA,HIGHWAY,3,7.0
173198,1,6,99,2,1,60.0,0,I,SMALL_TOWNS,HIGHWAY,3,11.0
173199,1,7,121,2,1,60.0,0,I,MELB_URBAN,STREET,3,8.0
173200,6,7,99,5,1,100.0,0,N,RURAL_VICTORIA,ROAD,3,7.0
173201,1,7,110,1,1,60.0,0,I,LARGE_PROVINCIAL_CITIES,STREET,3,11.0
173202,4,7,173,5,5,100.0,1,N,RURAL_VICTORIA,ROAD,3,2.0
173203,6,7,174,2,1,50.0,0,I,TOWNS,ROAD,2,14.0
173204,1,7,130,2,1,60.0,0,I,LARGE_PROVINCIAL_CITIES,STREET,3,11.0
173205,1,6,99,5,1,60.0,0,N,RURAL_VICTORIA,STREET,3,13.0
173206,1,6,121,1,1,80.0,0,I,MELB_URBAN,ROAD,3,12.0
173207,4,7,181,5,1,100.0,0,N,RURAL_VICTORIA,HIGHWAY,3,13.0
173208,4,7,181,5,1,40.0,0,N,MELB_URBAN,DRIVE,3,14.0
173209,1,7,132,2,1,60.0,0,I,RURAL_VICTORIA,ROAD,3,15.0
173210,1,2,99,5,1,60.0,0,N,MELB_URBAN,ROAD,2,8.0
173211,2,6,100,5,1,40.0,0,N,MELB_URBAN,AVENUE,3,15.0
173212,1,7,130,1,1,60.0,0,N,MELB_URBAN,OTHER,3,15.0
173213,1,5,99,1,1,60.0,0,N,MELB_URBAN,BOULEVARD,2,8.0
173214,1,6,110,1,1,40.0,0,I,MELB_URBAN,STREET,3,15.0
173215,1,7,163,2,1,60.0,0,I,MELB_URBAN,ROAD,3,9.0
173216,1,7,99,1,1,60.0,0,I,MELB_URBAN,ROAD,3,16.0
173217,1,2,110,1,1,70.0,0,I,MELB_URBAN,ROAD,2,16.0
173218,1,7,99,2,1,70.0,0,I,MELB_URBAN,ROAD,3,17.0
173219,1,7,110,1,1,50.0,0,I,MELB_URBAN,STREET,3,19.0
173220,1,7,99,5,1,60.0,0,N,SMALL_CITIES,STREET,3,19.0
173221,1,1,160,5,3,50.0,0,N,MELB_URBAN,DRIVE,3,0.0
173222,1,2,130,2,9,50.0,0,I,MELB_URBAN,ROAD,3,15.0
173223,3,1,167,5,1,100.0,0,N,RURAL_VICTORIA,ROAD,3,6.0
173224,4,7,181,5,1,100.0,0,N,RURAL_VICTORIA,HIGHWAY,3,18.0
173225,1,1,110,1,1,50.0,0,I,SMALL_CITIES,PARADE,3,10.0
173226,1,1,110,1,1,60.0,0,I,MELB_URBAN,ROAD,3,11.0
173227,1,7,132,5,1,60.0,0,N,MELB_URBAN,ROAD,3,7.0
173228,3,2,167,5,5,60.0,0,N,RURAL_VICTORIA,ROAD,2,21.0
173229,6,1,184,5,1,50.0,0,N,MELB_URBAN,STREET,3,10.0
173230,1,5,99,5,3,50.0,0,N,MELB_URBAN,OTHER,3,21.0
173231,1,0,130,5,1,40.0,0,N,LARGE_PROVINCIAL_CITIES,STREET,3,10.0
173232,4,0,171,2,1,50.0,0,N,MELB_URBAN,AVENUE,3,9.0
173233,1,1,132,5,1,60.0,0,N,MELB_URBAN,ROAD,1,14.0
173234,1,0,121,2,1,60.0,0,I,MELB_URBAN,HIGHWAY,3,8.0
173235,1,6,110,1,1,40.0,0,I,MELB_URBAN,STREET,2,13.0
173236,1,1,110,1,1,50.0,0,I,MELB_URBAN,STREET,3,10.0
173237,1,5,135,5,1,40.0,0,N,MELB_URBAN,STREET,3,17.0
173238,2,1,99,5,1,50.0,0,N,MELB_URBAN,OTHER,3,13.0
173239,1,1,147,5,1,50.0,0,N,LARGE_PROVINCIAL_CITIES,STREET,3,14.0
173240,1,1,110,1,1,60.0,0,I,LARGE_PROVINCIAL_CITIES,STREET,3,15.0
173241,4,1,99,5,1,50.0,0,N,MELB_URBAN,STREET,3,12.0
173242,1,1,110,1,1,60.0,0,I,SMALL_CITIES,STREET,3,13.0
173243,1,7,110,1,1,50.0,0,I,LARGE_PROVINCIAL_CITIES,STREET,3,16.0