,accident_type,day_of_week,dca_code,road_geometry,light_condition,speed_zone,severity,node_type,deg_urban_name,road_type,month,hour
173244,4,0,171,5,1,50.0,0,N,RURAL_VICTORIA,ROAD,3,13.0
173245,1,3,113,1,1,60.0,0,I,LARGE_PROVINCIAL_CITIES,HIGHWAY,2,17.0
173246,4,1,99,5,1,50.0,0,O,RURAL_VICTORIA,ROAD,3,16.0
173247,4,1,99,5,1,100.0,1,N,RURAL_VICTORIA,ROAD,3,15.0
173248,3,1,167,5,3,80.0,0,N,RURAL_VICTORIA,AVENUE,3,20.0
173249,1,1,140,2,1,50.0,0,I,MELB_URBAN,STREET,3,16.0
173250,1,5,130,5,1,100.0,0,N,MELB_URBAN,ROAD,2,15.0
173251,4,0,171,2,3,100.0,0,I,RURAL_VICTORIA,ROAD,3,21.0
173252,9,1,99,1,5,100.0,0,N,RURAL_VICTORIA,ROAD,3,21.0
173253,1,7,121,5,2,60.0,0,N,MELB_URBAN,ROAD,2,7.0
173254,1,2,134,2,3,100.0,0,N,RURAL_VICTORIA,ROAD,3,6.0
173255,1,6,130,5,2,60.0,0,N,MELB_URBAN,STREET,3,19.0
173256,1,2,99,5,1,80.0,0,N,MELB_URBAN,ROAD,3,8.0
173257,5,7,171,5,1,100.0,0,O,RURAL_VICTORIA,UNKNOWN,3,19.0
173258,4,2,173,5,1,100.0,0,N,RURAL_VICTORIA,ROAD,3,8.0
173259,1,1,121,2,1,40.0,0,I,MELB_URBAN,ROAD,2,7.0
173260,4,2,171,5,1,80.0,0,N,RURAL_VICTORIA,ROAD,3,7.0
173261,1,2,121,1,9,80.0,0,I,MELB_URBAN,ROAD,3,9.0
173262,1,2,130,5,1,80.0,0,N,MELB_URBAN,HIGHWAY,3,9.0
173263,1,1,130,2,1,60.0,0,N,MELB_URBAN,ROAD,2,13.0
173264,1,2,113,1,1,110.0,0,I,TOWNS,RAMP,3,10.0
173265,1,1,116,2,1,70.0,0,I,RURAL_VICTORIA,ROAD,2,15.0
173266,1,2,121,2,1,50.0,0,I,SMALL_CITIES,AVENUE,3,12.0
173267,1,1,121,5,1,60.0,0,N,TOWNS,ROAD,3,13.0
173268,8,2,174,5,1,100.0,0,N,RURAL_VICTORIA,ROAD,3,11.0
173269,1,2,160,5,1,60.0,0,N,MELB_URBAN,ROAD,3,12.0
173270,8,1,184,5,1,80.0,0,N,RURAL_VICTORIA,ROAD,2,12.0
173271,1,2,99,1,1,60.0,0,I,TOWNS,STREET,3,10.0
173272,1,2,160,5,1,40.0,0,N,MELB_URBAN,OTHER,3,11.0
173273,1,2,147,5,1,60.0,0,N,MELB_URBAN,STREET,3,8.0
173274,4,2,181,5,1,100.0,0,N,RURAL_VICTORIA,ROAD,3,13.0
173275,1,5,130,5,1,100.0,0,N,MELB_URBAN,FREEWAY,3,9.0
173276,1,1,130,2,1,60.0,0,I,MELB_URBAN,ROAD,3,14.0
173277,8,1,184,5,1,80.0,0,N,RURAL_VICTORIA,OTHER,3,11.0
173278,1,1,121,2,1,60.0,0,I,MELB_URBAN,STREET,3,15.0
173279,1,3,130,5,1,60.0,0,N,MELB_URBAN,ROAD,2,17.0
173280,8,2,174,5,1,100.0,0,N,RURAL_VICTORIA,ROAD,3,15.0
173281,1,2,163,5,1,40.0,0,N,MELB_URBAN,STREET,3,16.0
173282,1,2,116,1,1,70.0,0,N,MELB_URBAN,ROAD,10,16.0
173283,1,2,130,1,1,60.0,0,I,LARGE_PROVINCIAL_CITIES,ROAD,3,17.0
173284,1,2,163,5,1,50.0,0,N,MELB_URBAN,STREET,3,15.0
173285,1,3,147,2,1,50.0,0,N,MELB_URBAN,ROAD,11,16.0
173286,1,2,130,2,1,60.0,0,I,SMALL_CITIES,ROAD,3,16.0
173287,1,1,121,2,1,60.0,0,I,MELB_URBAN,ROAD,3,15.0
173288,1,1,121,5,1,80.0,0,I,MELB_URBAN,ROAD,3,17.0
173289,4,2,181,5,1,110.0,1,N,RURAL_VICTORIA,FREEWAY,3,15.0
173290,4,2,171,5,1,60.0,0,N,MELB_URBAN,ROAD,3,19.0
173291,1,2,121,5,5,100.0,0,N,RURAL_VICTORIA,ROAD,3,20.0
173292,8,1,174,5,1,60.0,0,N,MELB_URBAN,ROAD,3,19.0
173293,1,2,113,2,1,80.0,0,I,MELB_URBAN,ROAD,3,15.0
173294,4,2,173,2,1,60.0,0,I,MELB_URBAN,ROAD,3,18.0
173295,1,2,173,5,3,50.0,0,N,MELB_URBAN,ROAD,3,23.0
173296,4,2,181,5,2,100.0,0,N,RURAL_VICTORIA,BOULEVARD,3,6.0
173297,1,3,99,2,1,60.0,0,N,MELB_URBAN,HIGHWAY,2,14.0
173298,5,2,99,5,1,100.0,0,N,RURAL_VICTORIA,ROAD,3,7.0
173299,1,3,110,1,1,50.0,0,I,MELB_URBAN,OTHER,3,7.0
173300,1,2,121,1,1,60.0,0,I,SMALL_CITIES,STREET,1,19.0
173301,4,3,171,2,1,60.0,0,N,SMALL_CITIES,STREET,3,9.0
173302,1,3,132,2,1,80.0,0,N,RURAL_VICTORIA,ROAD,3,8.0
173303,1,3,121,1,2,60.0,0,I,MELB_URBAN,ROAD,3,7.0
173304,1,3,99,5,1,50.0,0,N,SMALL_TOWNS,HIGHWAY,3,7.0
173305,1,2,135,5,2,80.0,0,N,SMALL_TOWNS,FREEWAY,2,6.0
173306,6,7,174,5,5,60.0,0,N,RURAL_VICTORIA,ROAD,1,4.0
173307,4,2,173,5,1,50.0,0,N,TOWNS,STREET,2,10.0
173308,8,3,174,2,2,60.0,0,I,MELB_URBAN,ROAD,3,6.0
173309,1,3,130,2,1,60.0,0,N,MELB_URBAN,ROAD,3,7.0
173310,1,3,121,1,1,80.0,0,I,MELB_URBAN,FREEWAY,3,7.0
173311,1,3,113,2,1,70.0,0,I,MELB_URBAN,ROAD,3,9.0
173312,1,6,113,2,1,80.0,0,I,MELB_URBAN,ROAD,2,12.0
173313,1,2,111,2,1,50.0,0,I,RURAL_VICTORIA,STREET,3,15.0
173314,1,4,130,5,1,100.0,0,N,MELB_URBAN,FREEWAY,2,18.0
173315,8,6,99,5,1,60.0,0,N,RURAL_VICTORIA,ROAD,11,10.0
173316,1,2,135,5,1,80.0,0,N,MELB_URBAN,UNKNOWN,3,10.0
173317,1,2,130,5,1,60.0,0,N,MELB_URBAN,ROAD,3,8.0
173318,1,2,130,5,1,60.0,0,N,LARGE_PROVINCIAL_CITIES,ROAD,3,8.0
173319,1,6,110,1,1,100.0,0,N,MELB_URBAN,HIGHWAY,3,9.0
173320,1,2,113,2,1,60.0,0,I,MELB_URBAN,ROAD,3,9.0
173321,4,3,171,5,1,60.0,0,N,LARGE_PROVINCIAL_CITIES,STREET,3,8.0
173322,1,3,121,2,1,60.0,0,I,MELB_URBAN,ROAD,3,7.0
173323,1,1,130,1,1,80.0,0,I,MELB_URBAN,ROAD,3,19.0
173324,4,5,173,5,1,60.0,0,N,RURAL_VICTORIA,ROAD,2,16.0
173325,4,3,171,5,1,50.0,0,N,MELB_URBAN,ROAD,3,11.0
173326,2,3,100,5,1,50.0,0,N,RURAL_VICTORIA,ROAD,3,8.0
173327,4,3,173,5,1,80.0,0,N,RURAL_VICTORIA,ROAD,3,9.0
173328,2,2,102,2,1,50.0,0,N,MELB_URBAN,STREET,3,8.0
173329,1,1,130,2,1,60.0,0,I,MELB_URBAN,ROAD,3,19.0
173330,1,2,147,5,1,80.0,0,N,SMALL_CITIES,ROAD,3,11.0
173331,1,3,163,5,1,40.0,0,N,MELB_URBAN,STREET,3,13.0
173332,1,2,121,2,1,70.0,0,I,MELB_URBAN,ROAD,3,11.0
173333,4,1,99,1,3,50.0,0,I,MELB_URBAN,ROAD,3,19.0
173334,1,3,130,5,1,80.0,0,N,MELB_URBAN,ROAD,1,17.0
173335,1,2,110,1,1,50.0,0,I,MELB_URBAN,ROAD,3,16.0
173336,1,2,130,5,1,60.0,0,N,MELB_URBAN,FREEWAY,3,13.0
173337,2,3,102,1,1,50.0,0,N,MELB_URBAN,ROAD,3,13.0
173338,1,2,120,2,1,60.0,0,I,MELB_URBAN,ROAD,3,12.0
173339,1,3,121,2,1,60.0,0,I,MELB_URBAN,PARADE,3,14.0
173340,1,3,113,2,1,70.0,0,I,MELB_URBAN,ROAD,3,14.0
173341,1,3,110,1,1,80.0,0,I,RURAL_VICTORIA,ROAD,3,14.0
173342,4,3,173,5,1,100.0,0,N,RURAL_VICTORIA,ROAD,3,14.0
173343,1,2,121,1,1,60.0,0,I,SMALL_TOWNS,HIGHWAY,3,16.0
173344,3,5,167,5,6,60.0,0,N,MELB_URBAN,DRIVE,3,20.0
173345,1,2,121,1,1,40.0,0,I,MELB_URBAN,STREET,3,16.0
173346,2,2,102,5,1,40.0,0,N,MELB_URBAN,STREET,3,17.0
173347,1,2,99,2,1,50.0,0,I,MELB_URBAN,AVENUE,3,16.0
173348,4,3,173,5,1,60.0,0,N,TOWNS,ROAD,3,17.0
173349,1,3,99,5,1,100.0,1,N,RURAL_VICTORIA,ROAD,3,14.0
173350,1,3,130,5,2,70.0,0,N,MELB_URBAN,ROAD,3,17.0
173351,1,3,121,5,3,60.0,0,N,MELB_URBAN,ROAD,3,21.0
173352,1,3,121,5,1,40.0,0,N,MELB_URBAN,UNKNOWN,3,19.0
173353,1,3,110,1,3,60.0,0,I,RURAL_VICTORIA,ROAD,3,22.0
173354,1,3,113,2,6,60.0,0,I,MELB_URBAN,ROAD,3,20.0
173355,4,3,181,5,3,60.0,0,N,MELB_URBAN,ROAD,3,23.0
173356,8,4,99,5,5,100.0,0,N,RURAL_VICTORIA,HIGHWAY,3,1.0
173357,4,3,171,2,5,100.0,0,I,RURAL_VICTORIA,HIGHWAY,3,22.0
173358,1,4,130,5,1,60.0,0,N,MELB_URBAN,ROAD,3,8.0
173359,1,4,130,5,1,100.0,0,N,MELB_URBAN,FREEWAY,3,8.0
173360,1,6,116,1,1,70.0,0,I,RURAL_VICTORIA,ROAD,3,18.0
173361,4,4,171,5,1,80.0,0,N,RURAL_VICTORIA,HIGHWAY,3,10.0
173362,1,4,120,5,1,100.0,0,N,RURAL_VICTORIA,HIGHWAY,3,7.0
173363,1,7,121,2,1,100.0,0,I,RURAL_VICTORIA,ROAD,3,11.0
173364,1,3,130,1,1,60.0,0,I,MELB_URBAN,ROAD,3,9.0
173365,2,3,100,2,1,60.0,0,N,MELB_URBAN,ROAD,2,15.0
173366,4,4,171,5,2,80.0,0,N,RURAL_VICTORIA,ROAD,3,6.0
173367,1,3,99,2,1,70.0,0,N,MELB_URBAN,ROAD,3,14.0
173368,1,4,121,1,2,100.0,0,I,RURAL_VICTORIA,ROAD,3,6.0
173369,6,0,99,5,1,100.0,0,N,RURAL_VICTORIA,ROAD,3,15.0
173370,1,4,130,5,1,50.0,0,N,LARGE_PROVINCIAL_CITIES,STREET,3,9.0
173371,2,5,99,1,4,60.0,0,I,MELB_URBAN,ROAD,2,20.0
173372,1,6,130,5,1,60.0,0,N,MELB_URBAN,HIGHWAY,2,14.0
173373,1,7,130,1,1,60.0,0,I,SMALL_CITIES,STREET,3,15.0
173374,1,1,130,5,1,80.0,0,N,MELB_URBAN,ROAD,2,17.0
173375,8,7,174,5,1,60.0,0,I,LARGE_PROVINCIAL_CITIES,ROAD,3,12.0
173376,6,3,174,5,1,80.0,0,N,SMALL_CITIES,HIGHWAY,12,16.0
173377,1,4,121,2,1,30.0,0,I,SMALL_CITIES,STREET,3,17.0
173378,4,3,173,5,1,80.0,0,N,MELB_URBAN,ROAD,3,14.0
173379,2,4,100,1,1,40.0,0,I,MELB_URBAN,STREET,3,16.0
173380,1,4,147,5,1,80.0,0,N,RURAL_VICTORIA,ROAD,3,16.0
173381,1,3,99,2,2,60.0,0,I,MELB_URBAN,ROAD,3,17.0
173382,1,3,121,5,1,60.0,0,N,MELB_URBAN,ROAD,3,18.0
173383,1,4,134,5,1,50.0,0,N,MELB_URBAN,STREET,3,15.0
173384,1,3,121,1,1,80.0,0,I,MELB_URBAN,ROAD,3,18.0
173385,1,4,121,2,1,60.0,0,I,MELB_URBAN,ROAD,3,17.0
173386,1,4,121,1,1,60.0,0,I,MELB_URBAN,ROAD,3,16.0
173387,1,4,147,2,3,60.0,0,I,LARGE_PROVINCIAL_CITIES,UNKNOWN,2,18.0
173388,6,3,174,5,1,60.0,0,N,RURAL_VICTORIA,ROAD,1,17.0
173389,1,4,99,2,1,60.0,0,I,MELB_URBAN,STREET,3,9.0
173390,1,3,130,1,1,100.0,0,I,RURAL_VICTORIA,ROAD,3,7.0
173391,1,4,140,5,1,80.0,0,N,MELB_URBAN,HIGHWAY,3,19.0
173392,1,4,113,1,1,60.0,0,I,MELB_URBAN,ROAD,3,16.0
173393,1,4,99,5,1,40.0,0,N,MELB_URBAN,STREET,3,18.0
173394,1,4,160,5,3,50.0,0,N,MELB_URBAN,OTHER,3,21.0
173395,4,4,173,5,3,60.0,0,N,RURAL_VICTORIA,ROAD,2,20.0
173396,1,4,130,1,1,80.0,0,I,MELB_URBAN,ROAD,2,17.0
173397,4,5,181,5,3,60.0,0,N,MELB_URBAN,BOULEVARD,3,2.0
173398,1,3,130,1,1,60.0,0,I,MELB_URBAN,ROAD,6,8.0
173399,2,3,100,2,6,60.0,0,I,MELB_URBAN,ROAD,2,21.0
173400,1,3,99,2,3,50.0,0,I,RURAL_VICTORIA,BOULEVARD,2,21.0
173401,1,4,130,2,2,60.0,0,I,SMALL_CITIES,ROAD,3,19.0
173402,1,0,121,1,1,70.0,0,I,MELB_URBAN,ROAD,1,13.0
173403,1,5,130,5,2,100.0,0,N,MELB_URBAN,FREEWAY,3,6.0
173404,2,4,99,5,1,50.0,0,N,MELB_URBAN,OTHER,3,7.0
173405,1,5,121,1,1,60.0,0,I,MELB_URBAN,STREET,3,7.0
173406,1,5,116,1,2,80.0,0,I,MELB_URBAN,HIGHWAY,3,6.0
173407,1,2,99,5,1,50.0,0,N,MELB_URBAN,AVENUE,1,17.0
173408,8,5,174,5,1,50.0,0,N,MELB_URBAN,STREET,3,10.0
173409,6,4,99,5,1,80.0,0,N,RURAL_VICTORIA,ROAD,3,9.0
173410,1,4,116,2,1,60.0,0,I,MELB_URBAN,ROAD,3,15.0
173411,1,5,111,1,1,50.0,0,I,MELB_URBAN,ROAD,2,11.0
173412,1,5,121,2,1,60.0,0,N,MELB_URBAN,ROAD,3,9.0
173413,1,4,135,5,1,60.0,0,N,MELB_URBAN,ROAD,3,8.0
173414,1,2,130,2,1,60.0,0,I,MELB_URBAN,PARADE,2,9.0
173415,1,5,160,5,3,60.0,0,N,MELB_URBAN,ROAD,3,5.0
173416,1,5,110,1,1,60.0,0,I,MELB_URBAN,DRIVE,3,11.0
173417,1,4,130,2,1,50.0,0,N,MELB_URBAN,OTHER,3,9.0
173418,1,5,120,2,1,80.0,0,N,RURAL_VICTORIA,ROAD,3,8.0
173419,1,5,135,5,1,80.0,0,N,MELB_URBAN,ROAD,3,10.0
173420,2,4,100,1,1,50.0,0,I,MELB_URBAN,ROAD,3,12.0
173421,2,4,100,1,9,60.0,0,I,MELB_URBAN,HIGHWAY,3,6.0
173422,4,4,171,5,5,100.0,0,N,RURAL_VICTORIA,HIGHWAY,3,21.0
173423,1,1,99,2,1,60.0,0,N,MELB_URBAN,ROAD,3,17.0
173424,1,5,116,2,1,60.0,0,I,MELB_URBAN,ROAD,3,11.0
173425,2,4,100,5,1,40.0,0,N,MELBOURNE_CBD,STREET,3,16.0
173426,2,5,100,1,1,60.0,0,I,MELB_URBAN,STREET,3,17.0
173427,1,4,99,5,1,50.0,0,N,MELB_URBAN,AVENUE,3,15.0
173428,1,5,110,1,1,100.0,0,I,RURAL_VICTORIA,STREET,3,15.0
173429,2,4,102,1,9,60.0,0,I,MELB_URBAN,ROAD,3,18.0
173430,2,4,99,5,1,60.0,0,N,TOWNS,ROAD,3,18.0
173431,1,5,130,5,1,60.0,0,N,MELB_URBAN,ROAD,3,15.0
173432,4,5,171,5,1,80.0,0,N,MELB_URBAN,ROAD,12,16.0
173433,1,5,99,5,1,50.0,0,N,MELB_URBAN,ROAD,3,16.0
173434,2,5,100,1,1,50.0,0,I,LARGE_PROVINCIAL_CITIES,STREET,3,16.0
173435,1,1,140,5,1,70.0,0,N,MELB_URBAN,ROAD,2,7.0
173436,2,5,100,2,3,70.0,0,I,MELB_URBAN,OTHER,3,19.0
173437,6,4,170,5,1,60.0,0,N,MELB_URBAN,ROAD,3,17.0
173438,1,3,130,5,1,80.0,0,N,MELB_URBAN,ROAD,11,8.0
173439,1,5,116,2,1,60.0,0,I,MELB_URBAN,STREET,3,19.0
173440,4,5,173,5,1,60.0,0,N,MELB_URBAN,BOULEVARD,3,17.0
173441,2,5,100,2,1,40.0,0,I,SMALL_CITIES,STREET,3,15.0
173442,3,5,167,5,5,80.0,0,N,MELB_URBAN,ROAD,3,23.0
173443,1,4,130,5,1,100.0,0,N,MELB_URBAN,FREEWAY,2,16.0
173444,4,5,183,5,5,50.0,1,N,MELB_URBAN,ROAD,3,20.0
173445,1,4,110,1,5,100.0,0,I,RURAL_VICTORIA,ROAD,3,21.0
173446,4,5,171,5,5,100.0,0,I,RURAL_VICTORIA,ROAD,3,3.0
173447,1,3,120,5,3,60.0,0,N,TOWNS,ROAD,3,22.0
173448,1,2,160,5,1,50.0,0,N,RURAL_VICTORIA,ROAD,3,16.0
173449,2,4,102,5,1,40.0,0,N,MELB_URBAN,ROAD,2,11.0
173450,1,4,133,5,1,100.0,0,N,MELB_URBAN,OTHER,2,9.0
173451,1,5,121,2,1,60.0,0,I,LARGE_PROVINCIAL_CITIES,ROAD,3,6.0
173452,1,2,130,2,1,60.0,0,I,MELB_URBAN,ROAD,2,8.0
173453,1,4,163,1,1,40.0,0,I,MELB_URBAN,STREET,3,12.0
173454,1,2,110,1,1,60.0,0,I,LARGE_PROVINCIAL_CITIES,STREET,2,17.0
173455,3,4,167,5,2,80.0,0,N,RURAL_VICTORIA,HIGHWAY,3,6.0
173456,4,5,99,2,2,100.0,0,I,RURAL_VICTORIA,ROAD,3,6.0
173457,1,6,147,5,1,50.0,0,N,MELB_URBAN,STREET,3,10.0
173458,1,5,99,5,1,50.0,0,N,SMALL_CITIES,STREET,3,9.0
173459,1,6,130,1,1,80.0,0,I,MELB_URBAN,STREET,3,10.0
173460,1,5,147,5,1,60.0,0,N,LARGE_PROVINCIAL_CITIES,AVENUE,3,10.0
173461,1,6,99,2,1,50.0,0,I,MELB_URBAN,OTHER,3,11.0
173462,4,6,99,5,1,100.0,0,N,RURAL_VICTORIA,FREEWAY,3,8.0
173463,6,6,99,5,1,100.0,0,N,RURAL_VICTORIA,HIGHWAY,3,11.0
173464,1,6,110,1,1,50.0,0,I,TOWNS,STREET,3,8.0
173465,1,5,121,1,1,50.0,0,I,LARGE_PROVINCIAL_CITIES,STREET,3,12.0
173466,1,4,132,2,1,80.0,0,I,RURAL_VICTORIA,ROAD,2,15.0
173467,1,2,121,5,1,60.0,0,N,MELB_URBAN,STREET,3,7.0
173468,1,4,121,2,1,60.0,0,N,MELB_URBAN,ROAD,2,8.0
173469,2,6,102,1,1,60.0,0,I,MELB_URBAN,ROAD,3,14.0
173470,1,6,113,2,1,80.0,0,I,MELB_URBAN,ROAD,3,14.0
173471,6,6,170,5,1,60.0,1,N,TOWNS,ROAD,3,13.0
173472,1,1,133,2,1,60.0,0,I,MELB_URBAN,ROAD,2,10.0
173473,1,6,140,2,1,60.0,0,I,MELB_URBAN,STREET,3,14.0
173474,2,6,100,1,1,60.0,0,I,MELB_URBAN,ROAD,3,16.0
173475,4,6,183,5,1,100.0,1,N,RURAL_VICTORIA,ROAD,3,12.0
173476,2,4,100,5,1,60.0,0,N,MELB_URBAN,ROAD,2,12.0
173477,1,6,121,1,1,60.0,0,I,MELB_URBAN,ROAD,3,16.0
173478,6,6,99,5,1,100.0,0,N,RURAL_VICTORIA,ROAD,3,16.0
173479,1,6,110,1,1,60.0,0,I,MELB_URBAN,STREET,3,16.0
173480,1,6,121,1,1,50.0,0,I,MELB_URBAN,ROAD,3,15.0
173481,1,4,99,2,1,40.0,0,I,MELB_URBAN,STREET,2,18.0
173482,3,6,167,5,5,100.0,0,N,TOWNS,HIGHWAY,3,20.0
173483,1,6,133,5,1,100.0,0,N,MELB_URBAN,ROAD,3,14.0
173484,4,4,183,5,5,80.0,0,N,RURAL_VICTORIA,ROAD,3,3.0
173485,1,3,110,1,1,40.0,0,I,MELB_URBAN,STREET,2,13.0
173486,1,7,130,5,3,50.0,0,N,MELB_URBAN,STREET,3,1.0
173487,4,7,99,1,3,60.0,0,I,LARGE_PROVINCIAL_CITIES,STREET,3,2.0
173488,1,3,130,5,1,80.0,0,N,RURAL_VICTORIA,ROAD,2,8.0
173489,4,7,99,1,3,60.0,0,N,SMALL_CITIES,STREET,3,4.0
173490,3,7,167,5,5,110.0,0,N,RURAL_VICTORIA,FREEWAY,3,5.0
173491,1,3,130,5,1,80.0,0,N,MELB_URBAN,RAMP,3,12.0
173492,1,5,130,5,1,100.0,0,N,MELB_URBAN,ROAD,3,7.0
173493,1,6,113,2,2,80.0,0,I,SMALL_TOWNS,ROAD,3,5.0
173494,7,5,99,5,1,70.0,0,N,MELB_URBAN,ROAD,3,9.0
173495,1,7,121,2,2,100.0,0,N,RURAL_VICTORIA,HIGHWAY,3,7.0
173496,1,7,133,5,1,60.0,0,N,MELB_URBAN,ROAD,3,7.0
173497,4,1,99,2,1,100.0,0,I,RURAL_VICTORIA,HIGHWAY,1,13.0
173498,3,6,167,5,5,110.0,0,N,RURAL_VICTORIA,HIGHWAY,3,21.0
173499,4,7,99,1,2,100.0,0,I,RURAL_VICTORIA,ROAD,3,7.0
173500,1,6,110,1,1,80.0,0,I,RURAL_VICTORIA,AVENUE,3,9.0
173501,4,2,173,2,9,50.0,0,N,MELB_URBAN,OTHER,2,21.0
173502,1,6,130,5,1,100.0,0,N,MELB_URBAN,FREEWAY,3,8.0
173503,1,1,135,5,1,80.0,0,N,MELB_URBAN,ROAD,1,12.0
173504,1,7,130,5,1,40.0,0,N,RURAL_VICTORIA,ROAD,3,10.0
173505,1,7,160,5,1,50.0,0,N,MELB_URBAN,STREET,3,10.0
173506,1,7,121,2,1,60.0,0,I,MELB_URBAN,HIGHWAY,3,11.0
173507,1,6,130,1,1,60.0,0,I,MELB_URBAN,ROAD,3,7.0
173508,1,7,110,1,1,50.0,0,I,MELB_URBAN,OTHER,3,12.0
173509,1,7,113,2,1,80.0,0,I,RURAL_VICTORIA,ROAD,3,14.0
173510,1,6,163,5,1,40.0,0,N,MELB_URBAN,STREET,3,15.0
173511,1,6,130,5,2,100.0,0,N,TOWNS,HIGHWAY,3,7.0
173512,2,4,99,5,1,40.0,0,N,MELB_URBAN,STREET,3,12.0
173513,2,5,99,5,1,40.0,0,N,SMALL_CITIES,STREET,3,10.0
173514,4,7,99,2,1,100.0,1,I,RURAL_VICTORIA,ROAD,3,13.0
173515,4,7,99,2,1,80.0,0,I,MELB_URBAN,FREEWAY,3,16.0
173516,1,6,120,2,1,60.0,0,N,MELB_URBAN,UNKNOWN,3,16.0
173517,7,1,99,5,1,60.0,0,N,LARGE_PROVINCIAL_CITIES,ROAD,12,10.0
173518,1,7,183,5,1,60.0,0,N,RURAL_VICTORIA,ROAD,3,11.0
173519,1,4,121,1,1,60.0,0,I,MELB_URBAN,ROAD,1,13.0
173520,1,7,116,1,1,60.0,0,I,LARGE_PROVINCIAL_CITIES,STREET,3,18.0
173521,1,7,111,2,1,60.0,0,I,TOWNS,HIGHWAY,3,18.0
173522,1,7,160,5,1,60.0,0,N,MELB_URBAN,UNKNOWN,3,10.0
173523,1,5,134,5,1,100.0,0,N,MELB_URBAN,FREEWAY,3,15.0
173524,1,7,120,5,5,100.0,1,N,RURAL_VICTORIA,ROAD,3,22.0
173525,1,1,121,1,3,60.0,0,I,MELB_URBAN,ROAD,3,3.0
173526,1,1,130,5,3,80.0,0,N,MELB_URBAN,FREEWAY,3,3.0
173527,1,7,113,2,3,60.0,0,I,SMALL_CITIES,ROAD,3,20.0
173528,1,1,110,1,1,60.0,0,I,MELB_URBAN,STREET,2,12.0
173529,1,1,116,1,1,60.0,0,N,MELB_URBAN,STREET,3,8.0
173530,1,1,110,1,1,60.0,0,I,MELB_URBAN,HIGHWAY,3,8.0
173531,1,1,99,2,1,60.0,0,I,MELB_URBAN,PARADE,3,9.0
173532,1,1,116,2,1,60.0,0,I,MELB_URBAN,DRIVE,3,11.0
173533,1,1,111,4,1,80.0,0,I,MELB_URBAN,ROAD,3,11.0
173534,1,1,120,5,1,100.0,0,N,RURAL_VICTORIA,ROAD,3,10.0
173535,1,1,130,5,1,60.0,0,N,MELB_URBAN,RAMP,5,10.0
173536,1,0,130,5,1,100.0,0,N,MELB_URBAN,FREEWAY,3,10.0
173537,1,1,130,1,1,60.0,0,N,MELB_URBAN,BOULEVARD,3,12.0
173538,4,1,183,5,3,80.0,0,N,MELB_URBAN,RAMP,3,2.0
173539,4,1,173,5,1,60.0,0,N,MELB_URBAN,ROAD,3,13.0
173540,1,1,132,5,1,50.0,0,N,TOWNS,STREET,3,11.0
173541,4,1,183,5,1,80.0,0,N,RURAL_VICTORIA,ROAD,3,13.0
173542,2,1,100,1,1,80.0,0,N,MELB_URBAN,HIGHWAY,3,15.0
173543,8,1,174,5,1,80.0,0,N,RURAL_VICTORIA,OTHER,3,12.0
173544,1,7,110,1,1,50.0,0,I,LARGE_PROVINCIAL_CITIES,STREET,3,13.0
173545,2,1,100,5,1,50.0,0,N,MELB_URBAN,STREET,3,16.0
173546,3,6,167,1,5,100.0,0,N,RURAL_VICTORIA,HIGHWAY,3,21.0
173547,1,1,130,4,1,60.0,0,I,MELB_URBAN,OTHER,3,12.0
173548,4,1,183,5,1,100.0,0,N,RURAL_VICTORIA,ROAD,3,16.0
173549,1,0,120,5,5,80.0,0,N,RURAL_VICTORIA,ROAD,3,20.0
173550,1,0,160,5,1,50.0,0,N,MELB_URBAN,STREET,3,12.0
173551,1,1,130,5,3,60.0,0,N,MELB_URBAN,ROAD,3,22.0
173552,1,0,110,1,1,80.0,0,I,MELB_URBAN,ROAD,3,14.0
173553,4,1,173,5,3,50.0,0,N,SMALL_TOWNS,DRIVE,3,22.0
173554,1,1,160,5,3,60.0,0,N,TOWNS,STREET,3,0.0
173555,2,2,100,1,2,40.0,0,I,MELBOURNE_CBD,STREET,3,7.0
173556,6,4,99,5,1,60.0,0,N,RURAL_VICTORIA,ROAD,3,16.0
173557,6,2,174,5,1,80.0,0,N,RURAL_VICTORIA,ROAD,3,10.0
173558,8,1,184,5,1,60.0,0,N,RURAL_VICTORIA,OTHER,3,11.0
173559,1,2,113,2,1,60.0,0,I,MELB_URBAN,ROAD,3,8.0
173560,1,2,113,2,1,60.0,0,I,MELB_URBAN,ROAD,3,12.0
173561,1,2,120,1,1,60.0,0,N,MELB_URBAN,ROAD,3,12.0
173562,1,1,111,1,1,60.0,0,N,MELB_URBAN,ROAD,3,12.0
173563,2,1,99,5,1,60.0,0,N,MELB_URBAN,STREET,3,12.0
173564,1,6,110,1,1,50.0,0,I,SMALL_CITIES,STREET,3,16.0
173565,1,2,113,2,1,60.0,0,I,MELB_URBAN,ROAD,3,14.0
173566,3,7,167,5,1,60.0,0,N,RURAL_VICTORIA,ROAD,3,18.0
173567,1,2,113,1,1,80.0,0,I,MELB_URBAN,DRIVE,3,14.0
173568,4,2,181,5,1,100.0,0,N,RURAL_VICTORIA,ROAD,3,11.0
173569,1,1,130,5,1,60.0,0,N,MELB_URBAN,BOULEVARD,2,11.0