,accident_type,day_of_week,dca_code,road_geometry,light_condition,speed_zone,severity,node_type,deg_urban_name,road_type,month,hour
173570,1,1,99,1,1,60.0,0,I,MELB_URBAN,STREET,2,12.0
173571,1,2,113,1,1,100.0,0,I,RURAL_VICTORIA,ROAD,3,14.0
173572,1,1,160,5,1,40.0,0,N,MELB_URBAN,STREET,3,15.0
173573,1,7,99,2,1,60.0,0,I,MELB_URBAN,DRIVE,2,18.0
173574,1,1,120,5,1,100.0,0,N,RURAL_VICTORIA,ROAD,3,14.0
173575,1,6,130,1,1,60.0,0,N,MELB_URBAN,ROAD,3,13.0
173576,1,2,121,1,1,80.0,0,I,MELB_URBAN,HIGHWAY,3,17.0
173577,1,3,121,2,1,50.0,0,I,MELB_URBAN,STREET,3,18.0
173578,1,2,110,1,1,60.0,0,I,TOWNS,ROAD,3,19.0
173579,1,2,113,1,3,80.0,0,I,RURAL_VICTORIA,ROAD,3,20.0
173580,2,0,99,2,1,50.0,0,I,MELB_URBAN,AVENUE,3,12.0
173581,8,2,174,2,1,50.0,0,I,MELB_URBAN,OTHER,3,18.0
173582,1,2,99,5,2,40.0,0,N,MELB_URBAN,STREET,3,6.0
173583,2,2,100,5,3,50.0,0,N,MELB_URBAN,STREET,3,20.0
173584,4,2,173,5,3,50.0,0,I,TOWNS,STREET,3,22.0
173585,1,2,99,5,2,80.0,1,N,MELB_URBAN,ROAD,3,20.0
173586,1,4,130,5,1,100.0,0,N,MELB_URBAN,ROAD,3,12.0
173587,1,3,99,5,1,40.0,0,N,MELBOURNE_CBD,STREET,3,7.0
173588,4,2,171,2,5,60.0,0,N,RURAL_VICTORIA,HIGHWAY,3,19.0
173589,8,2,174,1,1,80.0,0,I,MELB_URBAN,HIGHWAY,3,7.0
173590,1,3,113,2,1,80.0,0,I,RURAL_VICTORIA,ROAD,3,9.0
173591,1,2,130,5,1,60.0,0,N,MELB_URBAN,ROAD,3,9.0
173592,1,6,135,1,1,50.0,0,I,MELB_URBAN,STREET,3,9.0
173593,2,2,100,2,1,40.0,0,N,MELB_URBAN,STREET,3,8.0
173594,2,3,100,5,1,60.0,0,N,MELB_URBAN,ROAD,3,8.0
173595,2,3,102,1,1,60.0,0,I,MELB_URBAN,STREET,3,8.0
173596,1,6,130,2,1,60.0,0,I,MELB_URBAN,ROAD,3,10.0
173597,1,3,134,5,1,100.0,0,N,MELB_URBAN,FREEWAY,3,7.0
173598,1,2,130,5,1,70.0,0,N,MELB_URBAN,ROAD,3,9.0
173599,1,3,121,2,1,40.0,0,I,SMALL_TOWNS,ROAD,3,8.0
173600,4,3,99,4,1,80.0,0,I,SMALL_TOWNS,ROAD,3,12.0
173601,1,2,147,5,1,60.0,0,N,MELB_URBAN,DRIVE,3,16.0
173602,1,3,120,5,1,100.0,0,N,RURAL_VICTORIA,ROAD,3,11.0
173603,1,2,113,2,1,50.0,0,I,SMALL_CITIES,STREET,3,13.0
173604,1,5,130,1,1,50.0,0,N,MELB_URBAN,ROAD,4,17.0
173605,1,1,99,5,1,100.0,0,N,MELB_URBAN,ROAD,3,13.0
173606,8,6,174,2,6,50.0,0,I,MELB_URBAN,ROAD,2,22.0
173607,4,1,99,5,2,40.0,0,N,MELB_URBAN,ROAD,3,18.0
173608,1,1,140,5,1,60.0,0,N,SMALL_CITIES,ROAD,2,7.0
173609,1,2,130,5,1,60.0,0,N,MELB_URBAN,ROAD,2,17.0
173610,1,3,140,5,1,40.0,0,N,SMALL_CITIES,STREET,3,15.0
173611,1,3,120,5,1,80.0,0,O,RURAL_VICTORIA,UNKNOWN,3,14.0
173612,1,6,130,1,1,60.0,0,I,MELB_URBAN,ROAD,3,15.0
173613,4,3,181,5,1,50.0,0,N,MELB_URBAN,DRIVE,3,14.0
173614,1,6,121,2,1,60.0,0,I,MELB_URBAN,ROAD,10,17.0
173615,1,3,147,5,1,60.0,0,N,SMALL_CITIES,STREET,3,15.0
173616,8,1,174,5,1,60.0,0,N,RURAL_VICTORIA,ROAD,3,10.0
173617,1,3,110,1,1,80.0,0,I,SMALL_CITIES,ROAD,3,15.0
173618,6,1,174,5,1,60.0,0,N,RURAL_VICTORIA,ROAD,3,15.0
173619,1,3,132,5,1,80.0,0,N,MELB_URBAN,HIGHWAY,3,15.0
173620,1,3,130,1,1,80.0,0,I,SMALL_CITIES,STREET,3,18.0
173621,2,2,99,5,1,60.0,0,N,MELB_URBAN,ROAD,3,16.0
173622,1,3,113,2,1,60.0,0,I,MELB_URBAN,ROAD,3,14.0
173623,1,3,113,2,1,60.0,0,I,MELB_URBAN,ROAD,3,15.0
173624,1,6,130,2,1,60.0,0,N,MELB_URBAN,HIGHWAY,3,16.0
173625,3,3,167,5,1,100.0,0,N,RURAL_VICTORIA,ROAD,3,18.0
173626,1,3,121,1,1,60.0,0,I,MELB_URBAN,ROAD,3,15.0
173627,1,3,130,5,1,50.0,0,N,LARGE_PROVINCIAL_CITIES,ROAD,3,15.0
173628,6,7,174,5,5,80.0,0,N,RURAL_VICTORIA,ROAD,3,19.0
173629,1,6,113,3,1,60.0,0,I,MELB_URBAN,OTHER,3,17.0
173630,4,2,173,1,1,50.0,0,I,SMALL_CITIES,ROAD,3,18.0
173631,1,2,110,1,1,50.0,0,I,MELB_URBAN,AVENUE,3,15.0
173632,1,2,121,1,6,50.0,0,I,MELB_URBAN,STREET,3,20.0
173633,1,3,130,5,1,70.0,0,N,MELB_URBAN,ROAD,3,18.0
173634,1,3,121,2,3,60.0,0,I,RURAL_VICTORIA,ROAD,3,20.0
173635,2,2,102,5,1,40.0,0,N,MELB_URBAN,STREET,3,15.0
173636,1,1,110,1,3,80.0,0,N,MELB_URBAN,ROAD,3,0.0
173637,1,3,99,1,1,60.0,0,I,SMALL_TOWNS,DRIVE,3,18.0
173638,1,1,130,1,1,40.0,0,I,MELB_URBAN,ROAD,11,14.0
173639,1,4,99,5,1,80.0,0,N,RURAL_VICTORIA,ROAD,3,6.0
173640,4,4,171,5,3,60.0,0,N,MELB_URBAN,ROAD,3,6.0
173641,1,4,120,5,1,60.0,0,N,MELB_URBAN,ROAD,3,7.0
173642,1,3,110,1,3,80.0,0,I,RURAL_VICTORIA,ROAD,3,19.0
173643,4,3,183,5,1,100.0,0,N,RURAL_VICTORIA,ROAD,3,15.0
173644,1,4,130,5,2,80.0,0,N,RURAL_VICTORIA,AVENUE,3,6.0
173645,1,3,130,5,1,100.0,0,N,MELB_URBAN,FREEWAY,3,7.0
173646,1,4,121,1,1,80.0,0,I,MELB_URBAN,ROAD,3,8.0
173647,1,5,99,1,1,60.0,0,I,LARGE_PROVINCIAL_CITIES,STREET,3,7.0
173648,1,4,121,1,2,80.0,0,N,MELB_URBAN,ROAD,3,6.0
173649,1,4,110,1,1,60.0,0,I,MELB_URBAN,STREET,3,8.0
173650,1,4,110,1,1,50.0,0,I,LARGE_PROVINCIAL_CITIES,STREET,3,8.0
173651,1,4,132,5,3,70.0,0,N,RURAL_VICTORIA,ROAD,3,6.0
173652,1,4,121,4,1,80.0,0,I,RURAL_VICTORIA,HIGHWAY,3,8.0
173653,7,5,99,1,1,100.0,0,I,RURAL_VICTORIA,ROAD,2,17.0
173654,2,5,99,5,1,60.0,1,N,MELB_URBAN,ROAD,3,15.0
173655,6,5,99,2,5,100.0,0,N,RURAL_VICTORIA,HIGHWAY,3,1.0
173656,4,4,173,5,1,50.0,0,N,MELB_URBAN,UNKNOWN,3,11.0
173657,4,4,181,5,2,100.0,0,N,RURAL_VICTORIA,ROAD,3,6.0
173658,1,5,130,5,1,50.0,0,N,MELB_URBAN,OTHER,2,15.0
173659,1,4,130,5,1,100.0,0,N,MELB_URBAN,FREEWAY,3,10.0
173660,1,4,130,5,3,70.0,0,N,LARGE_PROVINCIAL_CITIES,ROAD,3,6.0
173661,1,2,147,5,1,60.0,0,N,SMALL_CITIES,STREET,3,17.0
173662,1,3,120,5,2,60.0,0,N,RURAL_VICTORIA,ROAD,3,5.0
173663,4,4,171,5,1,100.0,0,N,RURAL_VICTORIA,ROAD,3,12.0
173664,4,6,99,5,1,100.0,0,N,RURAL_VICTORIA,ROAD,3,9.0
173665,1,4,116,2,1,50.0,0,I,LARGE_PROVINCIAL_CITIES,STREET,3,12.0
173666,6,4,174,4,1,100.0,0,I,MELB_URBAN,UNKNOWN,3,13.0
173667,1,4,121,1,1,60.0,0,I,MELB_URBAN,STREET,3,13.0
173668,4,4,181,5,1,60.0,0,N,RURAL_VICTORIA,ROAD,3,11.0
173669,1,3,130,5,1,80.0,0,N,MELB_URBAN,ROAD,3,10.0
173670,2,3,99,5,1,80.0,0,N,MELB_URBAN,ROAD,3,13.0
173671,8,4,174,5,1,40.0,0,N,MELB_URBAN,STREET,3,8.0
173672,2,3,99,5,1,60.0,0,N,RURAL_VICTORIA,STREET,3,14.0
173673,1,4,140,2,1,60.0,0,I,MELB_URBAN,ROAD,3,15.0
173674,1,3,113,2,1,60.0,0,I,SMALL_CITIES,ROAD,3,16.0
173675,4,4,181,5,1,100.0,0,N,RURAL_VICTORIA,HIGHWAY,3,14.0
173676,1,4,130,2,1,60.0,0,I,LARGE_PROVINCIAL_CITIES,BOULEVARD,3,8.0
173677,5,6,99,5,1,60.0,0,N,RURAL_VICTORIA,ROAD,1,19.0
173678,7,4,99,2,1,100.0,0,N,RURAL_VICTORIA,ROAD,3,14.0
173679,1,4,130,5,1,70.0,0,N,MELB_URBAN,OTHER,3,17.0
173680,4,3,173,2,1,50.0,0,I,SMALL_CITIES,STREET,3,17.0
173681,1,4,121,2,2,80.0,0,N,MELB_URBAN,ROAD,3,18.0
173682,1,4,99,5,1,50.0,0,N,MELB_URBAN,AVENUE,3,17.0
173683,1,4,110,1,1,60.0,0,I,MELB_URBAN,ROAD,3,17.0
173684,1,4,113,2,1,60.0,0,I,LARGE_PROVINCIAL_CITIES,ROAD,3,16.0
173685,4,1,99,5,6,60.0,0,O,RURAL_VICTORIA,ROAD,3,22.0
173686,1,3,110,1,1,40.0,0,I,MELB_URBAN,STREET,3,16.0
173687,1,6,121,1,1,70.0,0,I,MELB_URBAN,HIGHWAY,3,18.0
173688,1,4,113,1,1,60.0,0,I,MELB_URBAN,ROAD,2,17.0
173689,7,4,99,5,1,80.0,0,I,MELB_URBAN,ROAD,3,19.0
173690,1,4,110,1,3,70.0,0,I,MELB_URBAN,STREET,3,20.0
173691,7,4,184,5,5,40.0,0,N,RURAL_VICTORIA,OTHER,3,23.0
173692,1,5,140,5,3,60.0,1,N,RURAL_VICTORIA,ROAD,3,0.0
173693,1,5,135,5,3,60.0,0,N,LARGE_PROVINCIAL_CITIES,ROAD,3,5.0
173694,1,5,130,5,2,80.0,0,I,MELB_URBAN,RAMP,3,6.0
173695,4,5,171,5,5,100.0,0,N,RURAL_VICTORIA,HIGHWAY,3,5.0
173696,1,5,121,1,2,60.0,0,I,MELB_URBAN,ROAD,3,6.0
173697,4,4,171,5,1,60.0,0,N,MELB_URBAN,ROAD,3,8.0
173698,6,2,99,5,1,100.0,0,N,RURAL_VICTORIA,HIGHWAY,3,16.0
173699,1,5,121,1,2,80.0,0,I,RURAL_VICTORIA,HIGHWAY,3,6.0
173700,1,5,130,2,1,50.0,0,I,MELB_URBAN,BOULEVARD,3,6.0
173701,1,6,110,1,1,60.0,0,I,MELB_URBAN,ROAD,2,13.0
173702,1,7,99,1,9,60.0,0,N,LARGE_PROVINCIAL_CITIES,ROAD,2,1.0
173703,1,3,130,5,2,60.0,0,N,RURAL_VICTORIA,ROAD,3,6.0
173704,1,5,130,5,2,100.0,0,N,MELB_URBAN,FREEWAY,3,6.0
173705,8,0,184,5,1,80.0,0,N,RURAL_VICTORIA,ROAD,3,15.0
173706,4,4,173,5,1,50.0,0,N,MELB_URBAN,AVENUE,3,11.0
173707,1,4,110,1,1,80.0,0,I,MELB_URBAN,ROAD,3,8.0
173708,1,5,110,1,1,50.0,0,I,LARGE_PROVINCIAL_CITIES,STREET,3,12.0
173709,2,2,100,5,1,50.0,0,N,MELB_URBAN,AVENUE,3,16.0
173710,1,4,110,1,1,60.0,0,I,MELB_URBAN,ROAD,3,12.0
173711,1,3,130,5,9,60.0,0,N,MELB_URBAN,ROAD,2,8.0
173712,1,6,121,1,2,80.0,0,N,MELB_URBAN,HIGHWAY,2,6.0
173713,1,4,130,5,1,80.0,0,N,MELB_URBAN,RAMP,3,7.0
173714,1,6,110,1,1,60.0,0,I,TOWNS,STREET,3,10.0
173715,4,5,171,5,1,60.0,0,N,RURAL_VICTORIA,ROAD,3,14.0
173716,6,5,99,5,1,60.0,0,N,RURAL_VICTORIA,ROAD,3,12.0
173717,6,5,184,5,1,80.0,0,N,RURAL_VICTORIA,ROAD,3,13.0
173718,1,5,130,2,1,60.0,0,N,SMALL_CITIES,ROAD,3,12.0
173719,2,4,99,5,1,60.0,0,N,RURAL_VICTORIA,STREET,3,14.0
173720,1,5,99,5,1,80.0,0,N,MELB_URBAN,ROAD,3,16.0
173721,1,5,160,5,1,60.0,0,N,MELB_URBAN,HIGHWAY,3,15.0
173722,2,4,99,5,2,60.0,1,N,MELB_URBAN,STREET,3,20.0
173723,8,0,174,5,2,60.0,0,N,MELB_URBAN,STREET,3,5.0
173724,1,1,163,2,1,50.0,0,I,MELB_URBAN,STREET,3,13.0
173725,1,5,110,1,1,50.0,0,I,MELB_URBAN,STREET,3,17.0
173726,1,5,121,1,1,60.0,0,I,MELB_URBAN,STREET,3,16.0
173727,1,1,130,2,1,60.0,0,N,MELB_URBAN,ROAD,2,17.0
173728,9,5,99,5,1,50.0,0,N,LARGE_PROVINCIAL_CITIES,STREET,3,16.0
173729,1,5,99,5,1,70.0,0,N,MELB_URBAN,ROAD,3,13.0
173730,1,4,121,2,9,60.0,0,I,MELB_URBAN,STREET,3,18.0
173731,1,4,140,5,1,80.0,0,N,RURAL_VICTORIA,HIGHWAY,3,8.0
173732,1,5,133,5,1,100.0,0,N,LARGE_PROVINCIAL_CITIES,ROAD,3,15.0
173733,4,4,171,5,1,50.0,0,N,MELB_URBAN,UNKNOWN,3,17.0
173734,1,5,147,5,1,50.0,0,N,MELB_URBAN,STREET,3,16.0
173735,1,2,111,1,1,50.0,0,I,MELB_URBAN,STREET,3,15.0
173736,1,5,113,2,1,50.0,0,I,MELB_URBAN,ROAD,3,16.0
173737,1,5,113,2,1,50.0,0,I,RURAL_VICTORIA,ROAD,3,18.0
173738,1,4,130,5,2,40.0,0,N,MELB_URBAN,DRIVE,3,18.0
173739,1,5,130,5,1,100.0,0,N,SMALL_TOWNS,FREEWAY,3,17.0
173740,1,5,130,5,3,60.0,0,N,MELB_URBAN,ROAD,3,20.0
173741,1,4,130,2,3,60.0,0,I,SMALL_CITIES,AVENUE,3,21.0
173742,4,5,171,5,1,100.0,0,N,RURAL_VICTORIA,ROAD,3,18.0
173743,1,5,121,1,1,70.0,0,I,MELB_URBAN,HIGHWAY,3,17.0
173744,2,6,100,2,3,60.0,0,I,MELB_URBAN,PARADE,3,1.0
173745,2,6,99,5,2,50.0,0,N,LARGE_PROVINCIAL_CITIES,OTHER,3,6.0
173746,1,6,163,5,1,50.0,0,N,MELB_URBAN,BOULEVARD,3,10.0
173747,1,6,113,2,1,40.0,0,I,MELB_URBAN,OTHER,3,9.0
173748,1,1,121,2,1,60.0,0,I,MELB_URBAN,STREET,7,18.0
173749,4,6,173,5,1,100.0,0,N,RURAL_VICTORIA,ROAD,3,7.0
173750,7,5,99,5,3,50.0,0,N,MELB_URBAN,OTHER,3,22.0
173751,1,5,120,5,1,60.0,0,N,RURAL_VICTORIA,ROAD,3,7.0
173752,6,6,99,5,2,70.0,0,N,MELB_URBAN,ROAD,3,6.0
173753,2,4,99,1,3,60.0,0,I,MELB_URBAN,ROAD,3,20.0
173754,9,2,99,5,1,100.0,0,N,RURAL_VICTORIA,HIGHWAY,2,15.0
173755,1,5,120,5,1,60.0,0,N,MELB_URBAN,ROAD,3,9.0
173756,1,4,99,2,3,80.0,0,I,MELB_URBAN,ROAD,2,22.0
173757,1,4,99,1,1,60.0,0,I,MELB_URBAN,DRIVE,3,15.0
173758,1,3,133,1,1,80.0,0,I,MELB_URBAN,HIGHWAY,3,12.0
173759,1,5,121,1,1,70.0,0,I,MELB_URBAN,ROAD,3,10.0
173760,1,4,130,1,1,60.0,0,I,LARGE_PROVINCIAL_CITIES,STREET,3,17.0
173761,2,5,99,5,1,50.0,0,N,TOWNS,STREET,3,10.0
173762,1,6,173,5,1,50.0,0,N,MELB_URBAN,STREET,3,10.0
173763,1,6,110,1,1,50.0,0,I,SMALL_CITIES,AVENUE,3,12.0
173764,1,6,121,2,1,60.0,0,I,MELB_URBAN,ROAD,3,9.0
173765,1,6,135,5,1,80.0,0,N,MELB_URBAN,HIGHWAY,3,12.0
173766,1,2,130,2,1,60.0,0,N,RURAL_VICTORIA,ROAD,2,16.0
173767,1,5,99,2,1,70.0,0,I,RURAL_VICTORIA,ROAD,3,12.0
173768,4,6,171,5,1,60.0,0,N,RURAL_VICTORIA,ROAD,3,13.0
173769,7,2,99,5,3,60.0,0,N,MELB_URBAN,ROAD,1,0.0
173770,4,5,173,5,1,50.0,0,N,MELB_URBAN,STREET,3,11.0
173771,4,5,171,5,1,80.0,0,N,RURAL_VICTORIA,ROAD,3,11.0
173772,1,5,99,1,1,70.0,0,N,MELB_URBAN,ROAD,3,14.0
173773,1,6,111,2,1,60.0,0,I,MELB_URBAN,ROAD,3,14.0
173774,1,5,130,1,1,60.0,0,N,LARGE_PROVINCIAL_CITIES,ROAD,3,15.0
173775,8,5,174,5,1,60.0,0,N,MELB_URBAN,ROAD,2,15.0
173776,1,5,120,5,1,40.0,0,N,RURAL_VICTORIA,ROAD,3,14.0
173777,8,1,99,5,1,40.0,0,N,MELB_URBAN,ROAD,3,11.0
173778,1,3,135,5,1,100.0,0,N,MELB_URBAN,UNKNOWN,10,10.0
173779,7,2,99,5,1,50.0,0,N,MELB_URBAN,DRIVE,3,10.0
173780,2,6,99,5,1,60.0,0,N,LARGE_PROVINCIAL_CITIES,PARADE,3,16.0
173781,1,6,99,2,1,60.0,0,I,MELB_URBAN,STREET,3,15.0
173782,4,6,181,2,1,100.0,0,I,RURAL_VICTORIA,HIGHWAY,3,15.0
173783,1,6,111,1,1,70.0,0,I,SMALL_CITIES,ROAD,3,17.0
173784,1,6,130,5,1,60.0,0,N,RURAL_VICTORIA,ROAD,3,15.0
173785,1,6,110,1,1,40.0,0,I,SMALL_CITIES,STREET,3,11.0
173786,1,6,120,5,1,100.0,0,N,RURAL_VICTORIA,ROAD,3,15.0
173787,1,4,130,5,1,60.0,0,N,MELB_URBAN,ROAD,3,15.0
173788,1,6,121,1,1,60.0,0,I,LARGE_PROVINCIAL_CITIES,ROAD,3,18.0
173789,1,6,121,1,1,60.0,0,I,MELB_URBAN,ROAD,3,17.0
173790,1,6,134,5,1,80.0,0,N,RURAL_VICTORIA,ROAD,3,15.0
173791,1,4,120,5,1,50.0,0,N,MELB_URBAN,STREET,3,18.0
173792,1,5,130,2,1,60.0,0,I,MELB_URBAN,STREET,3,17.0
173793,2,5,99,5,1,40.0,0,N,MELB_URBAN,STREET,3,17.0
173794,1,6,113,2,3,60.0,0,I,MELB_URBAN,ROAD,3,20.0
173795,1,6,121,1,3,60.0,0,I,SMALL_CITIES,ROAD,3,20.0
173796,4,6,99,1,3,50.0,0,N,MELB_URBAN,AVENUE,3,21.0
173797,2,5,100,1,1,60.0,0,N,LARGE_PROVINCIAL_CITIES,STREET,3,15.0
173798,1,6,121,1,3,60.0,0,I,MELB_URBAN,ROAD,3,22.0
173799,1,7,132,2,3,70.0,0,I,MELB_URBAN,ROAD,3,1.0
173800,1,7,130,5,3,100.0,0,N,MELB_URBAN,FREEWAY,3,1.0
173801,1,6,99,2,3,70.0,0,I,MELB_URBAN,RAMP,3,2.0
173802,1,3,121,1,3,80.0,0,N,MELB_URBAN,ROAD,2,0.0
173803,1,6,147,5,2,60.0,0,N,MELB_URBAN,ROAD,3,19.0
173804,4,7,171,5,1,100.0,1,N,RURAL_VICTORIA,ROAD,3,6.0
173805,1,6,120,5,1,80.0,0,N,MELB_URBAN,ROAD,3,7.0
173806,1,6,116,1,2,100.0,0,I,RURAL_VICTORIA,ROAD,3,6.0
173807,2,6,100,2,1,60.0,0,I,MELB_URBAN,STREET,3,10.0
173808,1,6,132,2,1,60.0,0,I,MELB_URBAN,ROAD,3,8.0
173809,1,6,121,1,1,50.0,0,I,TOWNS,STREET,3,15.0
173810,4,7,99,1,1,50.0,0,I,MELB_URBAN,OTHER,3,9.0
173811,1,6,99,5,1,60.0,0,I,MELB_URBAN,HIGHWAY,3,8.0
173812,1,3,99,5,1,60.0,0,N,MELB_URBAN,ROAD,3,17.0
173813,1,3,130,5,1,60.0,0,N,LARGE_PROVINCIAL_CITIES,STREET,2,16.0
173814,1,6,120,2,1,60.0,0,I,MELB_URBAN,ROAD,3,11.0
173815,2,6,100,5,1,60.0,0,N,MELB_URBAN,ROAD,3,12.0
173816,2,7,100,5,1,70.0,0,N,MELB_URBAN,ROAD,3,11.0
173817,1,2,130,1,1,80.0,0,N,MELB_URBAN,ROAD,3,10.0
173818,4,7,183,5,1,80.0,0,N,RURAL_VICTORIA,ROAD,3,9.0
173819,1,7,121,5,1,80.0,0,I,MELB_URBAN,HIGHWAY,3,12.0
173820,4,7,171,5,1,100.0,0,N,RURAL_VICTORIA,HIGHWAY,3,12.0
173821,1,7,99,5,1,40.0,0,N,SMALL_CITIES,STREET,3,11.0
173822,4,6,171,5,1,60.0,0,N,MELB_URBAN,ROAD,3,13.0
173823,1,7,113,2,1,60.0,0,N,RURAL_VICTORIA,ROAD,3,11.0
173824,1,6,121,1,1,50.0,0,O,MELB_URBAN,UNKNOWN,3,14.0
173825,4,6,173,5,1,60.0,0,N,MELB_URBAN,PARADE,3,13.0
173826,1,6,147,5,1,50.0,0,N,MELB_URBAN,STREET,3,16.0
173827,1,7,99,2,1,100.0,0,I,RURAL_VICTORIA,HIGHWAY,3,9.0
173828,6,7,99,5,1,100.0,0,N,RURAL_VICTORIA,HIGHWAY,3,13.0
173829,6,7,170,2,1,80.0,0,N,RURAL_VICTORIA,ROAD,3,9.0
173830,1,7,99,5,1,50.0,0,N,MELB_URBAN,OTHER,3,8.0
173831,1,7,110,1,1,60.0,0,I,MELB_URBAN,ROAD,3,14.0
173832,1,3,130,1,1,60.0,0,I,RURAL_VICTORIA,STREET,3,16.0
173833,4,7,183,5,1,80.0,0,N,MELB_URBAN,RAMP,3,14.0
173834,1,3,110,1,1,60.0,0,I,MELB_URBAN,ROAD,1,11.0
173835,1,7,120,5,1,100.0,0,N,RURAL_VICTORIA,ROAD,3,14.0
173836,2,6,99,5,1,60.0,0,N,MELB_URBAN,STREET,3,11.0
173837,8,3,174,5,2,40.0,0,N,MELB_URBAN,BOULEVARD,3,7.0
173838,4,7,171,5,1,100.0,0,N,MELB_URBAN,FREEWAY,3,15.0
173839,1,7,110,1,1,60.0,0,I,SMALL_CITIES,AVENUE,3,17.0
173840,1,7,121,1,1,60.0,0,I,LARGE_PROVINCIAL_CITIES,STREET,3,15.0
173841,1,7,110,1,1,50.0,0,I,MELB_URBAN,ROAD,3,15.0
173842,1,6,130,5,1,60.0,0,N,MELB_URBAN,ROAD,3,18.0
173843,6,6,99,2,3,50.0,0,I,LARGE_PROVINCIAL_CITIES,ROAD,3,23.0
173844,1,7,120,5,1,80.0,0,N,RURAL_VICTORIA,ROAD,3,18.0
173845,1,7,113,2,1,80.0,0,I,RURAL_VICTORIA,ROAD,3,15.0
173846,1,7,113,2,1,60.0,0,I,MELB_URBAN,ROAD,3,15.0
173847,1,6,130,5,1,60.0,0,N,MELB_URBAN,ROAD,3,18.0
173848,7,7,99,5,1,60.0,0,O,RURAL_VICTORIA,UNKNOWN,3,19.0
173849,1,7,120,5,5,100.0,0,N,RURAL_VICTORIA,HIGHWAY,3,21.0
173850,1,6,134,5,3,70.0,0,N,MELB_URBAN,STREET,3,23.0
173851,6,6,99,5,5,100.0,0,N,RURAL_VICTORIA,HIGHWAY,3,22.0
173852,4,7,173,5,5,100.0,0,N,RURAL_VICTORIA,ROAD,3,23.0
173853,4,1,99,5,3,50.0,0,N,LARGE_PROVINCIAL_CITIES,BOULEVARD,3,2.0
173854,1,1,130,1,5,60.0,0,I,RURAL_VICTORIA,ROAD,3,3.0
173855,6,7,184,5,1,60.0,0,N,RURAL_VICTORIA,ROAD,3,14.0
173856,4,7,99,5,1,60.0,0,N,LARGE_PROVINCIAL_CITIES,STREET,3,14.0
173857,1,5,130,1,1,60.0,0,I,MELB_URBAN,STREET,2,7.0
173858,1,1,147,5,1,50.0,0,N,MELB_URBAN,ROAD,2,12.0
173859,1,4,130,5,1,50.0,0,N,RURAL_VICTORIA,OTHER,3,18.0
173860,1,1,147,2,1,80.0,0,I,MELB_URBAN,ROAD,3,9.0
173861,1,1,130,5,2,110.0,0,N,RURAL_VICTORIA,FREEWAY,3,7.0
173862,1,6,99,1,2,60.0,0,I,MELB_URBAN,ROAD,11,6.0
173863,4,1,173,5,1,70.0,0,N,MELB_URBAN,ROAD,3,11.0
173864,1,1,130,5,1,70.0,0,N,MELB_URBAN,ROAD,3,9.0
173865,1,5,130,5,1,60.0,0,N,MELB_URBAN,ROAD,2,8.0
173866,6,1,174,2,1,60.0,0,I,MELB_URBAN,ROAD,3,12.0
173867,1,1,130,1,1,70.0,0,I,LARGE_PROVINCIAL_CITIES,HIGHWAY,3,9.0
173868,1,0,130,5,1,80.0,0,N,MELB_URBAN,RAMP,3,10.0
173869,8,1,184,5,1,60.0,0,N,RURAL_VICTORIA,ROAD,3,12.0
173870,1,1,132,2,1,60.0,0,I,RURAL_VICTORIA,ROAD,3,12.0
173871,1,1,160,5,1,50.0,0,N,MELB_URBAN,STREET,3,11.0
173872,1,1,121,1,1,80.0,0,N,MELB_URBAN,ROAD,3,12.0
173873,2,1,102,1,1,60.0,0,N,LARGE_PROVINCIAL_CITIES,STREET,3,8.0
173874,1,3,120,5,1,60.0,0,N,MELB_URBAN,STREET,2,16.0
173875,8,7,184,5,1,60.0,0,N,RURAL_VICTORIA,OTHER,3,10.0
173876,1,0,160,5,1,60.0,0,N,MELB_URBAN,ROAD,3,11.0
173877,1,0,130,2,1,100.0,0,I,RURAL_VICTORIA,ROAD,3,10.0
173878,4,0,173,2,1,50.0,0,N,MELB_URBAN,STREET,3,15.0
173879,8,1,174,5,1,70.0,0,N,MELB_URBAN,ROAD,3,16.0
173880,8,2,174,2,1,50.0,0,I,MELB_URBAN,ROAD,1,17.0
173881,1,0,99,5,1,40.0,0,N,MELB_URBAN,ROAD,3,17.0
173882,1,2,130,5,1,80.0,0,N,MELB_URBAN,FREEWAY,2,15.0
173883,6,0,174,5,1,100.0,0,N,RURAL_VICTORIA,ROAD,3,17.0
173884,1,1,113,2,1,80.0,0,I,MELB_URBAN,DRIVE,3,17.0
173885,1,1,99,1,1,60.0,0,I,RURAL_VICTORIA,ROAD,3,7.0
173886,1,1,132,2,1,60.0,0,N,MELB_URBAN,ROAD,3,17.0
173887,1,1,99,5,1,100.0,0,N,RURAL_VICTORIA,ROAD,3,16.0
173888,6,0,99,5,1,80.0,0,N,RURAL_VICTORIA,ROAD,3,18.0
173889,1,1,140,5,3,40.0,0,N,MELB_URBAN,ROAD,3,21.0
173890,1,1,130,5,3,60.0,0,N,MELB_URBAN,ROAD,3,23.0
173891,1,6,133,5,1,70.0,0,N,MELB_URBAN,ROAD,2,13.0
173892,4,1,173,5,3,80.0,0,N,RURAL_VICTORIA,HIGHWAY,3,22.0