,accident_type,day_of_week,dca_code,road_geometry,light_condition,speed_zone,severity,node_type,deg_urban_name,road_type,month,hour
173893,4,1,171,5,5,100.0,0,N,RURAL_VICTORIA,ROAD,3,22.0
173894,1,1,147,5,3,60.0,0,N,MELB_URBAN,STREET,3,23.0
173895,4,2,171,5,5,80.0,0,N,RURAL_VICTORIA,ROAD,3,3.0
173896,4,2,171,5,3,60.0,0,N,MELB_URBAN,HIGHWAY,3,2.0
173897,1,3,130,5,1,100.0,0,N,SMALL_CITIES,STREET,2,9.0
173898,1,1,130,5,1,80.0,0,N,MELB_URBAN,ROAD,3,9.0
173899,6,1,174,5,1,100.0,0,N,RURAL_VICTORIA,ROAD,3,8.0
173900,1,4,130,5,1,50.0,0,N,LARGE_PROVINCIAL_CITIES,PARADE,3,9.0
173901,1,1,121,2,1,80.0,0,N,MELB_URBAN,ROAD,3,9.0
173902,1,2,130,2,1,60.0,0,I,MELB_URBAN,HIGHWAY,3,18.0
173903,1,2,120,5,1,80.0,0,I,SMALL_CITIES,HIGHWAY,3,8.0
173904,1,1,121,1,1,60.0,0,I,MELB_URBAN,STREET,3,8.0
173905,1,1,116,2,1,60.0,0,I,MELB_URBAN,ROAD,3,9.0
173906,2,6,100,5,1,60.0,0,N,MELB_URBAN,OTHER,3,14.0
173907,1,1,99,4,1,50.0,0,I,MELB_URBAN,ROAD,3,8.0
173908,1,3,116,2,1,80.0,0,N,MELB_URBAN,ROAD,12,13.0
173909,4,2,171,2,1,30.0,0,I,RURAL_VICTORIA,ROAD,3,12.0
173910,1,1,130,5,1,70.0,0,N,MELB_URBAN,ROAD,3,14.0
173911,1,2,147,5,1,70.0,0,N,MELB_URBAN,ROAD,3,10.0
173912,1,4,110,1,2,80.0,0,I,RURAL_VICTORIA,ROAD,4,18.0
173913,1,2,140,5,1,80.0,0,N,MELB_URBAN,ROAD,3,10.0
173914,2,2,99,2,1,60.0,0,I,MELB_URBAN,STREET,2,12.0
173915,1,3,130,1,1,70.0,0,N,LARGE_PROVINCIAL_CITIES,HIGHWAY,1,14.0
173916,4,7,181,2,1,60.0,0,I,SMALL_TOWNS,ROAD,3,15.0
173917,3,2,167,1,1,100.0,0,I,RURAL_VICTORIA,ROAD,3,16.0
173918,1,2,99,5,1,60.0,0,N,MELB_URBAN,STREET,3,13.0
173919,1,5,130,5,1,50.0,0,N,SMALL_CITIES,PARADE,3,16.0
173920,4,7,181,5,1,100.0,0,N,RURAL_VICTORIA,ROAD,3,12.0
173921,1,2,121,1,1,100.0,0,N,RURAL_VICTORIA,ROAD,3,15.0
173922,2,1,100,5,1,40.0,0,N,MELB_URBAN,STREET,3,17.0
173923,2,1,99,5,6,60.0,0,N,MELB_URBAN,ROAD,3,0.0
173924,2,2,100,1,1,60.0,0,I,MELB_URBAN,HIGHWAY,3,13.0
173925,2,2,99,5,1,60.0,0,N,MELB_URBAN,ROAD,3,14.0
173926,1,1,130,2,1,80.0,0,N,RURAL_VICTORIA,ROAD,3,12.0
173927,1,5,99,2,1,50.0,0,I,MELB_URBAN,STREET,3,8.0
173928,1,1,130,5,1,50.0,0,N,RURAL_VICTORIA,PARADE,3,12.0
173929,1,2,147,5,1,50.0,0,N,MELB_URBAN,ROAD,3,8.0
173930,1,1,113,1,2,80.0,0,I,MELB_URBAN,ROAD,3,18.0
173931,1,2,99,1,1,60.0,0,I,MELB_URBAN,STREET,3,7.0
173932,1,2,130,5,1,100.0,0,N,MELB_URBAN,FREEWAY,3,18.0
173933,1,2,132,2,1,60.0,0,I,MELB_URBAN,PARADE,3,18.0
173934,1,2,121,2,1,50.0,0,I,MELB_URBAN,BOULEVARD,3,16.0
173935,1,3,116,1,6,60.0,0,I,MELB_URBAN,STREET,3,20.0
173936,1,4,99,5,1,50.0,0,N,MELB_URBAN,ROAD,1,10.0
173937,1,6,121,1,1,60.0,0,I,MELB_URBAN,ROAD,3,7.0
173938,8,2,170,5,1,80.0,0,N,RURAL_VICTORIA,ROAD,3,17.0
173939,1,4,130,5,1,60.0,0,N,LARGE_PROVINCIAL_CITIES,STREET,3,10.0
173940,1,2,116,2,1,60.0,0,I,MELB_URBAN,ROAD,3,16.0
173941,1,1,121,2,1,80.0,0,I,RURAL_VICTORIA,ROAD,3,16.0
173942,1,5,130,5,1,100.0,0,N,MELB_URBAN,UNKNOWN,2,17.0
173943,1,1,130,5,1,100.0,0,N,MELB_URBAN,FREEWAY,2,16.0
173944,2,6,100,5,1,100.0,0,N,MELB_URBAN,FREEWAY,3,13.0
173945,1,2,99,2,6,50.0,0,I,MELB_URBAN,AVENUE,2,21.0
173946,1,2,160,5,1,60.0,0,N,MELB_URBAN,ROAD,3,11.0
173947,1,6,135,5,1,80.0,0,N,MELB_URBAN,FREEWAY,4,18.0
173948,1,2,130,1,1,80.0,0,I,MELB_URBAN,ROAD,11,15.0
173949,1,2,132,2,1,60.0,0,I,MELB_URBAN,STREET,3,10.0
173950,2,2,99,5,1,40.0,0,N,SMALL_CITIES,OTHER,3,11.0
173951,1,2,134,5,2,40.0,0,N,MELB_URBAN,UNKNOWN,3,18.0
173952,1,3,132,2,1,100.0,0,I,RURAL_VICTORIA,HIGHWAY,3,9.0
173953,1,3,99,5,1,60.0,0,N,MELB_URBAN,STREET,3,8.0
173954,1,2,130,1,1,60.0,0,I,LARGE_PROVINCIAL_CITIES,ROAD,3,16.0
173955,1,1,130,5,1,80.0,0,N,MELB_URBAN,ROAD,3,8.0
173956,2,3,100,5,5,80.0,0,N,RURAL_VICTORIA,ROAD,3,6.0
173957,1,1,120,2,6,60.0,0,N,MELB_URBAN,OTHER,4,0.0
173958,1,3,130,1,1,80.0,0,I,MELB_URBAN,HIGHWAY,6,11.0
173959,1,3,120,4,1,50.0,0,I,MELB_URBAN,AVENUE,3,11.0
173960,1,3,130,5,1,60.0,0,N,MELB_URBAN,ROAD,2,14.0
173961,4,2,99,5,5,60.0,0,N,RURAL_VICTORIA,ROAD,3,2.0
173962,4,3,171,5,1,100.0,0,N,RURAL_VICTORIA,ROAD,3,11.0
173963,4,3,183,5,1,100.0,0,N,RURAL_VICTORIA,ROAD,3,11.0
173964,1,5,99,5,1,60.0,0,N,MELB_URBAN,ROAD,3,11.0
173965,1,3,130,5,1,60.0,0,N,SMALL_CITIES,ROAD,3,13.0
173966,1,2,121,2,1,70.0,0,I,MELB_URBAN,ROAD,3,9.0
173967,4,2,181,5,1,100.0,0,N,RURAL_VICTORIA,ROAD,3,11.0
173968,1,3,111,1,1,80.0,0,N,MELB_URBAN,ROAD,3,14.0
173969,1,3,121,1,1,80.0,0,N,MELB_URBAN,ROAD,3,12.0
173970,1,3,116,1,1,60.0,0,N,LARGE_PROVINCIAL_CITIES,ROAD,3,12.0
173971,8,3,174,1,1,60.0,0,I,MELB_URBAN,ROAD,2,7.0
173972,1,6,99,5,1,50.0,0,N,MELB_URBAN,STREET,3,13.0
173973,2,3,102,5,1,40.0,0,N,MELB_URBAN,STREET,3,16.0
173974,1,2,121,1,3,60.0,0,I,MELB_URBAN,ROAD,3,5.0
173975,1,6,99,5,2,50.0,0,N,MELB_URBAN,STREET,2,19.0
173976,6,1,99,5,1,50.0,0,N,SMALL_TOWNS,ROAD,3,14.0
173977,1,3,160,2,1,50.0,0,I,MELB_URBAN,ROAD,3,15.0
173978,1,3,113,2,1,80.0,0,I,MELB_URBAN,ROAD,3,18.0
173979,1,2,99,4,1,60.0,0,I,MELB_URBAN,ROAD,3,18.0
173980,1,2,120,2,1,50.0,0,I,LARGE_PROVINCIAL_CITIES,ROAD,3,18.0
173981,1,3,163,5,1,50.0,0,N,MELB_URBAN,STREET,3,11.0
173982,1,2,130,5,1,60.0,0,N,MELB_URBAN,ROAD,3,17.0
173983,1,6,99,5,1,60.0,0,N,MELB_URBAN,AVENUE,3,13.0
173984,1,4,130,5,1,40.0,0,N,MELB_URBAN,ROAD,3,14.0
173985,1,6,135,5,1,100.0,0,N,MELB_URBAN,FREEWAY,3,17.0
173986,4,3,173,5,2,100.0,1,N,RURAL_VICTORIA,ROAD,3,17.0
173987,4,4,173,1,3,80.0,0,I,RURAL_VICTORIA,HIGHWAY,3,0.0
173988,2,3,100,2,3,60.0,0,N,MELB_URBAN,STREET,3,6.0
173989,1,3,99,5,3,50.0,0,N,MELB_URBAN,OTHER,3,23.0
173990,2,3,100,5,1,50.0,0,O,MELB_URBAN,UNKNOWN,3,8.0
173991,1,7,121,2,1,80.0,0,I,MELB_URBAN,HIGHWAY,2,19.0
173992,1,2,130,1,1,60.0,0,I,RURAL_VICTORIA,ROAD,3,12.0
173993,2,5,102,1,1,40.0,0,I,MELB_URBAN,ROAD,3,8.0
173994,4,3,181,5,1,80.0,0,N,RURAL_VICTORIA,ROAD,3,8.0
173995,2,3,99,2,1,100.0,0,I,RURAL_VICTORIA,ROAD,3,9.0
173996,1,4,99,5,1,80.0,0,N,MELB_URBAN,HIGHWAY,3,7.0
173997,2,4,100,1,3,50.0,0,N,MELB_URBAN,ROAD,3,6.0
173998,1,4,130,2,6,60.0,0,I,MELB_URBAN,STREET,3,22.0
173999,1,3,173,5,1,60.0,0,N,MELB_URBAN,AVENUE,3,16.0
174000,1,4,110,1,1,60.0,0,I,TOWNS,STREET,2,14.0
174001,1,6,110,1,3,80.0,0,I,MELB_URBAN,HIGHWAY,3,22.0
174002,2,3,99,2,1,50.0,0,I,MELB_URBAN,STREET,3,18.0
174003,8,3,174,2,2,60.0,0,N,MELB_URBAN,ROAD,3,19.0
174004,1,3,121,1,3,60.0,0,I,MELB_URBAN,STREET,3,6.0
174005,1,6,130,5,2,60.0,0,N,MELB_URBAN,RAMP,3,18.0
174006,1,3,99,5,1,40.0,0,N,RURAL_VICTORIA,BOULEVARD,3,8.0
174007,1,3,99,5,1,60.0,0,N,LARGE_PROVINCIAL_CITIES,ROAD,3,11.0
174008,1,0,132,5,1,100.0,0,N,RURAL_VICTORIA,ROAD,3,12.0
174009,1,6,120,5,3,70.0,0,N,MELB_URBAN,ROAD,3,21.0
174010,1,2,116,2,1,60.0,0,I,RURAL_VICTORIA,DRIVE,3,8.0
174011,1,6,130,1,1,60.0,0,I,LARGE_PROVINCIAL_CITIES,STREET,3,17.0
174012,1,4,130,5,1,70.0,0,N,MELB_URBAN,STREET,3,10.0
174013,4,2,173,1,1,100.0,0,I,RURAL_VICTORIA,ROAD,3,15.0
174014,1,4,99,2,1,40.0,0,I,MELB_URBAN,ROAD,3,13.0
174015,6,3,99,5,1,60.0,0,N,MELB_URBAN,ROAD,3,16.0
174016,1,0,130,5,1,60.0,0,N,MELB_URBAN,ROAD,1,13.0
174017,1,5,110,1,3,40.0,0,I,MELB_URBAN,STREET,3,22.0
174018,2,4,99,4,1,40.0,0,I,MELB_URBAN,STREET,3,14.0
174019,1,4,134,2,1,50.0,0,I,MELB_URBAN,STREET,3,16.0
174020,1,3,110,1,1,50.0,0,I,MELB_URBAN,BOULEVARD,3,15.0
174021,5,5,99,5,1,70.0,0,N,MELB_URBAN,ROAD,3,10.0
174022,1,4,130,5,1,100.0,0,N,MELB_URBAN,FREEWAY,3,14.0
174023,1,4,111,1,1,60.0,0,I,MELB_URBAN,ROAD,3,17.0
174024,1,4,134,5,1,100.0,0,N,RURAL_VICTORIA,FREEWAY,3,17.0
174025,1,1,99,2,1,50.0,0,I,MELB_URBAN,ROAD,3,14.0
174026,1,4,113,2,1,50.0,0,I,MELB_URBAN,ROAD,3,9.0
174027,1,3,133,5,1,100.0,0,N,MELB_URBAN,ROAD,3,17.0
174028,1,3,110,1,3,60.0,0,I,MELB_URBAN,STREET,3,18.0
174029,4,4,173,5,2,50.0,0,N,TOWNS,OTHER,3,19.0
174030,1,2,99,2,6,60.0,0,I,MELB_URBAN,OTHER,3,22.0
174031,4,4,173,5,5,100.0,0,N,RURAL_VICTORIA,ROAD,11,22.0
174032,2,3,102,2,1,40.0,0,I,MELB_URBAN,BOULEVARD,3,15.0
174033,1,3,110,1,1,50.0,0,I,MELB_URBAN,STREET,3,15.0
174034,4,3,173,5,3,40.0,0,N,MELB_URBAN,RAMP,3,21.0
174035,2,3,100,2,3,40.0,0,N,MELB_URBAN,STREET,3,23.0
174036,1,5,110,1,3,60.0,0,N,SMALL_CITIES,STREET,3,2.0
174037,4,4,171,5,1,60.0,0,N,RURAL_VICTORIA,ROAD,3,12.0
174038,4,5,173,5,5,100.0,0,N,RURAL_VICTORIA,ROAD,3,5.0
174039,1,3,99,1,1,60.0,0,I,LARGE_PROVINCIAL_CITIES,ROAD,3,7.0
174040,1,5,121,2,1,60.0,0,I,MELB_URBAN,ROAD,3,8.0
174041,7,4,99,5,1,60.0,0,N,SMALL_TOWNS,OTHER,3,10.0
174042,4,4,99,2,1,100.0,0,I,UNKNOWN,ROAD,3,11.0
174043,1,5,99,2,1,60.0,0,I,SMALL_CITIES,STREET,3,10.0
174044,1,4,121,2,1,70.0,0,I,LARGE_PROVINCIAL_CITIES,HIGHWAY,3,12.0
174045,1,5,110,1,2,60.0,0,N,RURAL_VICTORIA,ROAD,3,6.0
174046,2,6,99,5,1,50.0,0,N,MELB_URBAN,STREET,2,16.0
174047,1,4,135,3,2,80.0,0,N,MELB_URBAN,RAMP,3,19.0
174048,1,4,130,5,1,60.0,0,N,SMALL_CITIES,STREET,3,9.0
174049,1,4,135,5,1,60.0,0,N,MELB_URBAN,ROAD,3,12.0
174050,1,5,130,5,1,80.0,0,N,MELB_URBAN,UNKNOWN,3,9.0
174051,1,5,113,1,1,80.0,0,I,MELB_URBAN,ROAD,3,12.0
174052,1,2,130,1,1,60.0,0,I,RURAL_VICTORIA,ROAD,3,17.0
174053,1,5,120,5,1,60.0,0,N,LARGE_PROVINCIAL_CITIES,HIGHWAY,3,13.0
174054,1,5,130,2,1,60.0,0,I,MELB_URBAN,STREET,3,14.0
174055,1,5,120,5,1,100.0,1,N,RURAL_VICTORIA,HIGHWAY,3,12.0
174056,7,5,99,9,1,40.0,0,O,MELB_URBAN,UNKNOWN,3,16.0
174057,1,4,130,2,1,60.0,0,I,MELB_URBAN,ROAD,3,17.0
174058,1,5,110,1,1,80.0,0,I,MELB_URBAN,ROAD,3,16.0
174059,1,5,121,2,1,50.0,0,I,MELB_URBAN,STREET,3,16.0
174060,1,4,99,5,1,60.0,0,N,MELB_URBAN,OTHER,3,7.0
174061,1,5,110,1,1,60.0,0,I,MELB_URBAN,STREET,3,14.0
174062,1,5,121,2,1,40.0,0,I,MELB_URBAN,STREET,3,15.0
174063,1,3,134,5,1,80.0,0,N,MELB_URBAN,RAMP,3,13.0
174064,1,4,130,1,1,60.0,0,N,MELB_URBAN,ROAD,3,17.0
174065,1,4,99,1,1,60.0,0,I,MELB_URBAN,STREET,3,14.0
174066,4,4,173,5,1,100.0,0,N,RURAL_VICTORIA,OTHER,3,15.0
174067,1,4,160,5,1,50.0,0,N,MELB_URBAN,STREET,3,14.0
174068,1,5,99,5,2,50.0,0,N,MELB_URBAN,OTHER,3,18.0
174069,1,5,121,1,1,50.0,0,I,MELB_URBAN,STREET,3,15.0
174070,1,5,99,2,1,60.0,0,I,LARGE_PROVINCIAL_CITIES,STREET,3,16.0
174071,4,4,171,1,1,70.0,0,I,MELB_URBAN,ROAD,3,19.0
174072,1,4,130,5,1,100.0,0,N,MELB_URBAN,FREEWAY,3,18.0
174073,1,5,120,5,1,80.0,1,N,RURAL_VICTORIA,ROAD,3,16.0
174074,1,3,113,2,1,60.0,0,I,LARGE_PROVINCIAL_CITIES,ROAD,1,14.0
174075,1,5,132,2,3,60.0,0,I,MELB_URBAN,ROAD,3,20.0
174076,1,5,147,5,2,60.0,0,N,MELB_URBAN,ROAD,3,18.0
174077,1,3,121,1,3,50.0,0,I,SMALL_CITIES,AVENUE,3,5.0
174078,1,5,116,1,3,60.0,0,I,MELB_URBAN,ROAD,3,23.0
174079,2,5,99,5,4,60.0,0,N,MELB_URBAN,DRIVE,3,23.0
174080,2,5,99,5,6,60.0,0,N,MELB_URBAN,STREET,3,23.0
174081,1,6,99,5,3,80.0,0,N,MELB_URBAN,HIGHWAY,3,0.0
174082,6,4,174,5,3,50.0,0,N,MELB_URBAN,STREET,3,5.0
174083,2,5,102,2,3,60.0,0,I,MELB_URBAN,ROAD,3,5.0
174084,4,6,173,5,5,100.0,1,N,RURAL_VICTORIA,HIGHWAY,3,1.0
174085,1,5,132,1,1,80.0,0,N,SMALL_CITIES,HIGHWAY,3,14.0
174086,1,6,110,1,2,80.0,0,I,MELB_URBAN,ROAD,3,6.0
174087,3,5,167,5,2,100.0,0,N,RURAL_VICTORIA,ROAD,3,6.0
174088,1,3,130,5,1,100.0,0,N,MELB_URBAN,FREEWAY,2,17.0
174089,1,6,130,5,1,80.0,0,N,MELB_URBAN,RAMP,2,17.0
174090,1,6,120,5,2,100.0,0,N,RURAL_VICTORIA,ROAD,3,6.0
174091,1,2,116,2,3,60.0,0,I,MELB_URBAN,PARADE,1,21.0
174092,1,6,110,1,1,50.0,0,I,MELB_URBAN,STREET,3,9.0
174093,1,3,110,1,1,100.0,0,I,RURAL_VICTORIA,ROAD,3,7.0
174094,8,5,99,1,1,60.0,0,I,RURAL_VICTORIA,ROAD,3,10.0
174095,7,7,99,1,1,60.0,0,I,SMALL_CITIES,ROAD,3,16.0
174096,1,2,99,2,1,60.0,0,N,MELB_URBAN,BOULEVARD,2,16.0
174097,1,0,160,5,6,50.0,0,N,LARGE_PROVINCIAL_CITIES,OTHER,3,3.0
174098,1,5,111,1,1,50.0,0,I,TOWNS,STREET,3,11.0
174099,1,5,113,2,1,60.0,0,I,MELB_URBAN,STREET,3,10.0
174100,1,5,110,1,1,60.0,0,I,MELB_URBAN,STREET,3,10.0
174101,1,3,147,5,1,60.0,0,N,MELB_URBAN,HIGHWAY,3,8.0
174102,7,2,99,2,1,60.0,0,I,MELB_URBAN,ROAD,3,13.0
174103,1,5,120,5,1,80.0,0,N,RURAL_VICTORIA,HIGHWAY,3,10.0
174104,1,2,130,2,1,60.0,0,I,MELB_URBAN,AVENUE,3,14.0
174105,1,6,130,2,1,40.0,0,N,LARGE_PROVINCIAL_CITIES,ROAD,3,12.0
174106,1,6,99,1,3,50.0,0,I,MELB_URBAN,STREET,3,7.0
174107,4,6,173,5,1,60.0,0,N,MELB_URBAN,ROAD,3,12.0
174108,1,4,121,2,1,60.0,0,I,MELB_URBAN,STREET,3,18.0
174109,2,1,99,2,1,60.0,0,N,MELB_URBAN,STREET,3,16.0
174110,8,6,174,2,1,50.0,0,I,MELB_URBAN,DRIVE,3,8.0
174111,1,6,173,5,3,50.0,0,O,RURAL_VICTORIA,UNKNOWN,3,22.0
174112,2,6,100,2,1,50.0,0,I,MELB_URBAN,STREET,3,8.0
174113,1,2,121,1,9,60.0,0,I,MELB_URBAN,ROAD,2,16.0
174114,2,6,100,1,1,60.0,0,O,MELB_URBAN,UNKNOWN,3,17.0
174115,4,5,173,5,1,100.0,0,N,RURAL_VICTORIA,HIGHWAY,3,14.0
174116,2,5,99,5,1,50.0,0,N,MELB_URBAN,ROAD,3,15.0
174117,1,6,99,2,1,100.0,0,I,RURAL_VICTORIA,HIGHWAY,3,16.0
174118,1,6,140,5,1,50.0,0,N,SMALL_TOWNS,PARADE,3,16.0
174119,1,4,140,5,1,40.0,0,N,MELB_URBAN,ROAD,3,10.0
174120,1,5,99,1,1,40.0,0,I,MELB_URBAN,STREET,3,18.0
174121,1,4,130,5,1,60.0,0,N,MELB_URBAN,ROAD,3,15.0
174122,8,6,99,5,1,100.0,0,N,RURAL_VICTORIA,ROAD,3,15.0
174123,1,5,121,2,1,60.0,0,I,MELB_URBAN,ROAD,3,17.0
174124,1,6,130,2,1,60.0,0,I,SMALL_CITIES,DRIVE,3,18.0
174125,3,4,167,5,6,80.0,0,N,RURAL_VICTORIA,ROAD,3,2.0
174126,2,6,100,2,1,60.0,0,N,MELB_URBAN,STREET,3,15.0
174127,1,6,113,1,1,80.0,0,I,MELB_URBAN,ROAD,3,19.0
174128,1,5,110,1,1,50.0,0,I,MELB_URBAN,AVENUE,3,17.0
174129,1,5,99,5,6,60.0,0,N,MELB_URBAN,STREET,3,21.0
174130,4,6,171,5,5,80.0,0,N,RURAL_VICTORIA,ROAD,3,21.0
174131,5,6,99,5,5,100.0,1,N,RURAL_VICTORIA,ROAD,3,22.0
174132,1,6,140,5,1,80.0,0,N,RURAL_VICTORIA,HIGHWAY,3,10.0
174133,4,6,173,2,5,100.0,0,I,RURAL_VICTORIA,HIGHWAY,3,23.0
174134,4,5,99,2,5,100.0,0,I,RURAL_VICTORIA,ROAD,3,22.0
174135,1,6,160,1,1,60.0,0,N,MELB_URBAN,STREET,2,16.0
174136,1,7,113,2,1,80.0,0,I,RURAL_VICTORIA,HIGHWAY,3,9.0
174137,1,6,110,1,1,80.0,0,I,TOWNS,HIGHWAY,3,15.0
174138,2,6,100,2,1,40.0,0,N,MELB_URBAN,ROAD,3,10.0
174139,1,7,99,2,1,60.0,0,I,MELB_URBAN,ROAD,3,11.0
174140,1,6,130,5,1,110.0,0,N,RURAL_VICTORIA,FREEWAY,3,11.0
174141,2,7,102,1,1,40.0,0,I,MELB_URBAN,UNKNOWN,3,12.0
174142,1,7,120,2,1,70.0,0,I,MELB_URBAN,ROAD,3,12.0
174143,1,6,113,2,1,60.0,0,I,RURAL_VICTORIA,HIGHWAY,3,17.0
174144,1,6,110,1,1,50.0,0,I,SMALL_CITIES,STREET,1,16.0
174145,1,7,99,1,1,50.0,0,I,MELB_URBAN,STREET,3,13.0
174146,1,5,130,5,3,40.0,0,N,RURAL_VICTORIA,FREEWAY,3,23.0
174147,4,7,183,5,1,50.0,0,N,MELB_URBAN,DRIVE,3,13.0
174148,1,7,113,2,1,60.0,0,I,MELB_URBAN,ROAD,3,8.0
174149,1,4,140,5,1,60.0,0,N,LARGE_PROVINCIAL_CITIES,STREET,3,14.0
174150,1,5,120,5,1,50.0,0,N,MELB_URBAN,DRIVE,3,16.0
174151,1,7,130,1,1,60.0,0,I,MELB_URBAN,ROAD,3,10.0
174152,1,2,113,2,1,60.0,0,I,SMALL_CITIES,ROAD,3,11.0
174153,1,4,130,5,3,80.0,0,N,SMALL_TOWNS,RAMP,3,6.0
174154,1,5,130,5,1,70.0,0,N,MELB_URBAN,ROAD,3,15.0
174155,1,7,130,2,1,60.0,0,N,MELB_URBAN,ROAD,3,16.0
174156,1,6,120,5,1,60.0,0,N,SMALL_CITIES,ROAD,3,16.0
174157,1,2,113,1,1,60.0,0,I,MELB_URBAN,STREET,3,13.0
174158,1,7,147,5,1,60.0,0,N,RURAL_VICTORIA,ROAD,3,17.0
174159,1,7,110,1,2,70.0,0,I,MELB_URBAN,ROAD,3,19.0
174160,1,6,110,1,1,50.0,0,I,MELB_URBAN,OTHER,3,17.0
174161,1,7,121,5,1,50.0,0,N,MELB_URBAN,ROAD,3,16.0
174162,1,7,110,1,3,50.0,0,I,MELB_URBAN,ROAD,3,21.0
174163,1,7,99,5,3,40.0,0,N,MELB_URBAN,PARADE,3,22.0
174164,1,6,160,5,5,40.0,0,N,MELB_URBAN,ROAD,3,23.0
174165,1,1,130,5,3,60.0,0,N,MELB_URBAN,STREET,3,1.0
174166,1,1,110,1,3,60.0,0,O,MELB_URBAN,UNKNOWN,3,1.0
174167,4,1,171,2,3,60.0,0,I,MELB_URBAN,ROAD,3,0.0
174168,1,4,134,5,1,100.0,0,N,MELB_URBAN,ROAD,3,17.0
174169,4,1,171,4,1,100.0,0,I,MELB_URBAN,RAMP,3,7.0
174170,1,0,130,2,2,50.0,0,I,MELB_URBAN,STREET,3,6.0
174171,8,7,174,5,1,60.0,0,N,RURAL_VICTORIA,ROAD,3,14.0
174172,1,1,99,5,1,100.0,0,N,RURAL_VICTORIA,ROAD,3,10.0
174173,1,6,121,1,1,50.0,0,I,MELB_URBAN,STREET,4,14.0
174174,4,1,173,2,1,60.0,0,N,MELB_URBAN,STREET,3,10.0
174175,1,0,130,1,1,70.0,0,I,MELB_URBAN,ROAD,3,10.0
174176,3,0,167,5,1,100.0,0,N,RURAL_VICTORIA,ROAD,3,9.0
174177,1,7,121,5,1,60.0,0,N,MELB_URBAN,ROAD,3,15.0
174178,1,0,130,1,1,50.0,0,I,MELB_URBAN,ROAD,3,14.0
174179,1,4,130,2,1,60.0,0,I,RURAL_VICTORIA,HIGHWAY,2,15.0
174180,1,1,130,5,1,70.0,0,N,LARGE_PROVINCIAL_CITIES,HIGHWAY,3,13.0
174181,1,1,99,5,1,60.0,0,N,RURAL_VICTORIA,ROAD,3,12.0
174182,1,1,99,1,1,80.0,0,N,MELB_URBAN,ROAD,3,11.0
174183,1,5,121,1,2,60.0,0,I,MELB_URBAN,ROAD,3,19.0
174184,1,1,113,2,1,80.0,0,I,MELB_URBAN,ROAD,3,14.0
174185,1,6,132,5,2,70.0,0,N,MELB_URBAN,RAMP,3,18.0
174186,2,0,102,5,1,60.0,0,N,TOWNS,ROAD,3,16.0
174187,1,0,110,1,1,50.0,0,I,MELB_URBAN,STREET,3,15.0
174188,4,0,173,5,1,100.0,1,N,RURAL_VICTORIA,ROAD,3,11.0
174189,7,1,99,5,1,100.0,0,N,MELB_URBAN,OTHER,3,10.0
174190,6,1,174,5,1,100.0,0,N,RURAL_VICTORIA,DRIVE,3,16.0
174191,1,1,110,1,1,60.0,0,I,MELB_URBAN,ROAD,3,16.0
174192,1,7,111,2,3,60.0,0,I,MELB_URBAN,ROAD,3,22.0
174193,1,1,110,1,1,50.0,0,I,MELB_URBAN,AVENUE,3,18.0
174194,6,6,174,2,1,60.0,0,N,MELB_URBAN,DRIVE,3,9.0
174195,1,0,163,5,2,40.0,0,N,MELB_URBAN,ROAD,3,19.0
174196,1,1,113,2,1,50.0,0,I,SMALL_CITIES,ROAD,3,12.0
174197,1,1,173,5,1,50.0,0,N,MELB_URBAN,ROAD,3,15.0
174198,1,1,121,2,2,60.0,0,I,MELB_URBAN,STREET,3,17.0
174199,8,0,174,5,3,50.0,0,N,MELB_URBAN,STREET,3,19.0
174200,6,1,99,5,5,80.0,0,N,RURAL_VICTORIA,ROAD,3,20.0
174201,4,1,181,5,1,100.0,0,N,RURAL_VICTORIA,ROAD,3,17.0
174202,1,1,110,1,1,80.0,0,I,MELB_URBAN,OTHER,3,16.0
174203,4,0,173,5,3,70.0,0,N,MELB_URBAN,ROAD,3,21.0
174204,1,1,121,2,1,60.0,1,I,MELB_URBAN,BOULEVARD,3,19.0
174205,1,0,121,2,5,60.0,0,I,MELB_URBAN,ROAD,3,19.0
174206,1,1,99,2,3,40.0,0,I,MELB_URBAN,ROAD,3,20.0
174207,2,0,100,1,3,60.0,0,I,MELB_URBAN,ROAD,3,20.0
174208,3,1,167,5,5,100.0,0,N,RURAL_VICTORIA,ROAD,3,20.0
174209,1,1,110,1,3,100.0,0,I,MELB_URBAN,ROAD,3,23.0
174210,4,2,99,2,3,60.0,0,N,LARGE_PROVINCIAL_CITIES,ROAD,3,2.0
174211,1,2,160,2,3,50.0,0,N,MELB_URBAN,ROAD,3,1.0
174212,4,2,171,5,5,100.0,0,N,RURAL_VICTORIA,ROAD,3,4.0
174213,1,3,130,2,1,60.0,0,I,MELB_URBAN,ROAD,3,9.0
174214,1,2,120,5,2,60.0,0,N,MELB_URBAN,ROAD,3,7.0
174215,1,2,160,5,1,60.0,0,N,MELB_URBAN,STREET,3,14.0
174216,1,2,110,1,2,60.0,0,I,MELB_URBAN,DRIVE,3,5.0
174217,2,3,99,5,1,50.0,0,N,MELB_URBAN,STREET,3,12.0
174218,1,2,130,5,2,100.0,0,N,MELB_URBAN,ROAD,3,7.0
174219,1,1,163,5,1,60.0,0,N,MELB_URBAN,STREET,3,10.0