,accident_type,day_of_week,dca_code,road_geometry,light_condition,speed_zone,severity,node_type,deg_urban_name,road_type,month,hour
174220,1,1,113,2,1,70.0,0,I,MELB_URBAN,ROAD,3,9.0
174221,4,2,99,5,1,80.0,0,N,MELB_URBAN,HIGHWAY,3,10.0
174222,1,1,135,2,1,100.0,0,I,MELB_URBAN,FREEWAY,3,10.0
174223,6,1,174,5,1,50.0,0,N,RURAL_VICTORIA,OTHER,3,19.0
174224,2,5,100,1,1,60.0,0,I,MELB_URBAN,ROAD,3,8.0
174225,1,4,99,1,1,50.0,0,I,MELB_URBAN,AVENUE,3,11.0
174226,1,1,130,5,1,40.0,0,N,MELB_URBAN,STREET,3,17.0
174227,4,7,171,5,1,100.0,0,N,RURAL_VICTORIA,OTHER,3,17.0
174228,4,2,171,2,1,80.0,0,N,MELB_URBAN,ROAD,3,11.0
174229,1,1,130,5,1,60.0,0,N,MELB_URBAN,DRIVE,1,18.0
174230,1,6,99,5,1,100.0,0,N,RURAL_VICTORIA,ROAD,3,13.0
174231,1,1,130,5,1,80.0,0,N,MELB_URBAN,HIGHWAY,3,8.0
174232,3,3,167,5,2,60.0,0,N,RURAL_VICTORIA,ROAD,3,17.0
174233,8,1,174,1,1,60.0,0,I,MELB_URBAN,STREET,3,13.0
174234,1,2,134,2,1,60.0,0,N,MELB_URBAN,STREET,3,7.0
174235,1,7,99,2,1,60.0,0,I,MELB_URBAN,ROAD,3,8.0
174236,1,2,121,2,1,60.0,0,N,MELB_URBAN,ROAD,3,8.0
174237,1,7,130,2,1,60.0,0,I,MELB_URBAN,STREET,3,14.0
174238,8,3,174,5,1,60.0,0,N,RURAL_VICTORIA,ROAD,2,17.0
174239,1,6,120,5,1,60.0,0,N,RURAL_VICTORIA,DRIVE,3,9.0
174240,1,2,130,2,1,60.0,0,O,MELB_URBAN,UNKNOWN,3,9.0
174241,1,2,134,5,1,60.0,0,N,MELB_URBAN,ROAD,3,15.0
174242,1,1,130,5,6,60.0,0,N,MELB_URBAN,STREET,3,18.0
174243,1,2,110,1,1,50.0,0,I,LARGE_PROVINCIAL_CITIES,STREET,3,15.0
174244,1,1,140,5,1,40.0,0,N,MELB_URBAN,DRIVE,3,16.0
174245,2,1,99,5,1,60.0,0,N,RURAL_VICTORIA,ROAD,3,8.0
174246,3,1,167,5,2,100.0,0,O,RURAL_VICTORIA,UNKNOWN,3,6.0
174247,1,2,113,1,1,60.0,0,I,MELB_URBAN,STREET,3,17.0
174248,1,2,130,5,1,80.0,0,N,MELB_URBAN,ROAD,3,16.0
174249,1,2,130,5,1,80.0,0,N,RURAL_VICTORIA,ROAD,3,18.0
174250,1,1,130,1,1,70.0,0,I,LARGE_PROVINCIAL_CITIES,HIGHWAY,3,12.0
174251,4,2,99,2,1,50.0,0,I,MELB_URBAN,STREET,3,16.0
174252,1,4,130,1,2,60.0,0,I,MELB_URBAN,HIGHWAY,3,7.0
174253,1,1,130,5,3,60.0,0,N,MELB_URBAN,ROAD,3,19.0
174254,1,2,121,5,1,40.0,0,N,MELB_URBAN,STREET,3,15.0
174255,1,2,121,2,1,80.0,0,I,MELB_URBAN,HIGHWAY,3,18.0
174256,2,2,102,5,1,40.0,0,N,MELB_URBAN,BOULEVARD,3,15.0
174257,1,2,120,5,3,70.0,0,N,MELB_URBAN,ROAD,3,20.0
174258,1,2,121,2,3,60.0,0,I,MELB_URBAN,AVENUE,3,21.0
174259,5,2,99,5,2,100.0,0,N,MELB_URBAN,FREEWAY,3,5.0
174260,8,1,99,5,1,100.0,0,N,RURAL_VICTORIA,ROAD,3,18.0
174261,1,2,130,5,1,80.0,0,N,MELB_URBAN,FREEWAY,2,18.0
174262,1,3,113,2,2,80.0,0,I,MELB_URBAN,ROAD,3,6.0
174263,1,3,121,2,3,80.0,0,I,MELB_URBAN,ROAD,3,7.0
174264,1,3,120,5,1,100.0,0,N,RURAL_VICTORIA,ROAD,3,7.0
174265,1,4,130,5,1,60.0,0,N,RURAL_VICTORIA,ROAD,3,17.0
174266,1,3,147,5,1,60.0,0,N,MELB_URBAN,ROAD,3,8.0
174267,1,2,160,5,1,40.0,0,N,MELB_URBAN,ROAD,3,16.0
174268,7,5,99,5,1,60.0,0,N,MELBOURNE_CBD,OTHER,2,9.0
174269,1,3,116,2,1,50.0,0,N,SMALL_CITIES,DRIVE,3,7.0
174270,1,3,132,2,1,60.0,0,I,LARGE_PROVINCIAL_CITIES,UNKNOWN,3,8.0
174271,1,2,147,5,1,50.0,0,N,MELB_URBAN,STREET,3,8.0
174272,1,3,140,5,1,80.0,0,N,MELB_URBAN,ROAD,3,8.0
174273,1,2,130,5,3,60.0,0,N,MELB_URBAN,ROAD,3,4.0
174274,2,2,100,2,1,50.0,0,N,RURAL_VICTORIA,ROAD,3,8.0
174275,1,3,121,2,1,60.0,0,I,MELB_URBAN,STREET,3,9.0
174276,1,2,147,5,1,40.0,0,N,MELB_URBAN,ROAD,3,10.0
174277,1,1,99,2,3,60.0,0,N,MELB_URBAN,ROAD,3,23.0
174278,1,3,113,2,3,80.0,0,I,MELB_URBAN,ROAD,3,6.0
174279,1,6,130,2,3,50.0,0,I,MELB_URBAN,ROAD,5,21.0
174280,1,3,130,2,3,60.0,0,I,MELB_URBAN,ROAD,2,20.0
174281,2,4,99,5,3,50.0,0,N,LARGE_PROVINCIAL_CITIES,STREET,1,3.0
174282,1,1,130,5,2,60.0,0,N,RURAL_VICTORIA,ROAD,3,6.0
174283,1,2,99,2,1,50.0,0,I,MELB_URBAN,DRIVE,3,12.0
174284,1,2,99,2,1,60.0,0,I,MELB_URBAN,ROAD,3,8.0
174285,1,2,130,5,1,60.0,0,N,MELB_URBAN,ROAD,3,14.0
174286,7,4,99,5,1,50.0,0,N,MELB_URBAN,STREET,2,17.0
174287,1,5,113,1,1,50.0,0,I,RURAL_VICTORIA,ROAD,3,10.0
174288,1,2,113,4,1,60.0,0,I,MELB_URBAN,ROAD,3,13.0
174289,1,3,147,5,1,60.0,0,N,MELB_URBAN,ROAD,3,13.0
174290,1,5,130,5,1,100.0,0,N,MELB_URBAN,ROAD,4,16.0
174291,4,1,171,5,3,50.0,0,N,MELB_URBAN,OTHER,3,23.0
174292,4,3,171,5,5,100.0,1,N,RURAL_VICTORIA,ROAD,3,5.0
174293,1,3,133,2,1,60.0,0,O,MELB_URBAN,UNKNOWN,3,15.0
174294,2,2,102,5,1,40.0,0,N,TOWNS,STREET,3,12.0
174295,1,3,133,5,1,80.0,1,N,RURAL_VICTORIA,ROAD,3,9.0
174296,4,7,183,5,1,60.0,0,N,MELB_URBAN,ROAD,3,12.0
174297,1,3,120,5,1,80.0,0,N,RURAL_VICTORIA,ROAD,3,13.0
174298,2,2,100,1,1,50.0,0,I,MELB_URBAN,UNKNOWN,3,16.0
174299,1,3,173,5,1,40.0,0,N,MELB_URBAN,DRIVE,3,16.0
174300,1,2,130,5,2,60.0,0,N,MELB_URBAN,ROAD,3,17.0
174301,1,3,121,1,1,60.0,0,I,LARGE_PROVINCIAL_CITIES,ROAD,3,16.0
174302,1,3,130,5,1,60.0,0,N,MELB_URBAN,ROAD,3,8.0
174303,1,2,121,1,1,60.0,0,N,MELB_URBAN,HIGHWAY,3,16.0
174304,1,2,130,5,1,100.0,0,N,MELB_URBAN,FREEWAY,3,16.0
174305,8,5,99,1,1,50.0,0,I,LARGE_PROVINCIAL_CITIES,HIGHWAY,12,14.0
174306,1,3,110,1,1,100.0,0,I,RURAL_VICTORIA,STREET,3,18.0
174307,1,2,121,1,2,70.0,0,I,MELB_URBAN,ROAD,3,19.0
174308,1,6,99,2,1,60.0,0,I,MELB_URBAN,STREET,3,15.0
174309,1,3,111,2,1,60.0,0,I,LARGE_PROVINCIAL_CITIES,STREET,3,15.0
174310,1,2,121,1,3,60.0,0,I,MELB_URBAN,STREET,3,19.0
174311,1,3,130,5,1,50.0,0,N,MELB_URBAN,ROAD,3,17.0
174312,4,3,99,5,1,80.0,0,N,MELB_URBAN,ROAD,3,14.0
174313,1,3,99,5,3,50.0,0,N,MELB_URBAN,STREET,3,20.0
174314,1,2,130,5,1,50.0,0,N,MELB_URBAN,STREET,3,14.0
174315,2,3,100,2,1,50.0,0,N,MELB_URBAN,DRIVE,3,15.0
174316,1,3,160,2,3,50.0,0,I,MELB_URBAN,STREET,3,1.0
174317,1,3,121,1,3,60.0,0,I,MELB_URBAN,ROAD,3,23.0
174318,1,3,130,5,5,80.0,0,N,RURAL_VICTORIA,ROAD,3,20.0
174319,6,2,174,5,1,100.0,0,N,RURAL_VICTORIA,ROAD,3,17.0
174320,4,7,99,5,3,40.0,0,N,MELB_URBAN,STREET,12,0.0
174321,1,2,130,5,1,70.0,0,N,MELB_URBAN,ROAD,3,16.0
174322,2,4,102,1,1,40.0,0,O,LARGE_PROVINCIAL_CITIES,UNKNOWN,3,9.0
174323,1,4,113,2,1,40.0,0,I,MELB_URBAN,ROAD,3,7.0
174324,1,3,130,2,1,60.0,0,I,MELB_URBAN,ROAD,3,8.0
174325,1,4,110,1,2,60.0,0,I,TOWNS,ROAD,3,7.0
174326,1,4,121,5,1,60.0,0,N,SMALL_TOWNS,ROAD,3,7.0
174327,1,4,160,2,3,50.0,0,I,MELB_URBAN,BOULEVARD,3,21.0
174328,1,4,99,1,1,40.0,0,N,MELBOURNE_CBD,STREET,3,8.0
174329,1,1,130,2,1,50.0,0,I,TOWNS,ROAD,3,16.0
174330,2,4,100,1,1,60.0,0,I,MELB_URBAN,ROAD,3,18.0
174331,1,4,135,1,1,40.0,0,I,MELBOURNE_CBD,STREET,3,11.0
174332,1,4,99,5,1,60.0,0,N,MELB_URBAN,STREET,3,18.0
174333,6,4,99,2,1,80.0,0,I,RURAL_VICTORIA,ROAD,3,8.0
174334,1,4,130,1,1,60.0,0,I,LARGE_PROVINCIAL_CITIES,STREET,2,15.0
174335,1,3,113,2,1,60.0,0,I,MELB_URBAN,ROAD,3,13.0
174336,1,3,130,5,1,80.0,0,N,MELB_URBAN,ROAD,3,8.0
174337,2,3,99,5,1,80.0,0,N,MELB_URBAN,HIGHWAY,3,14.0
174338,1,4,160,5,1,40.0,0,N,MELB_URBAN,STREET,3,11.0
174339,1,3,130,1,1,60.0,0,I,MELB_URBAN,ROAD,3,17.0
174340,1,6,116,2,1,60.0,0,I,RURAL_VICTORIA,ROAD,3,16.0
174341,4,4,173,5,1,100.0,0,N,MELB_URBAN,HIGHWAY,3,13.0
174342,1,4,121,1,1,60.0,0,I,LARGE_PROVINCIAL_CITIES,STREET,3,14.0
174343,1,2,116,2,1,60.0,0,I,MELB_URBAN,AVENUE,3,17.0
174344,1,4,110,1,1,60.0,0,I,SMALL_CITIES,STREET,3,15.0
174345,1,5,133,5,1,50.0,0,N,MELB_URBAN,ROAD,11,9.0
174346,1,1,130,5,3,100.0,0,N,MELB_URBAN,ROAD,3,6.0
174347,1,4,121,1,1,80.0,0,I,MELB_URBAN,ROAD,3,15.0
174348,1,4,147,2,1,60.0,0,I,SMALL_CITIES,ROAD,3,15.0
174349,1,4,99,5,1,60.0,0,N,MELB_URBAN,ROAD,3,17.0
174350,1,4,147,5,1,60.0,0,N,MELB_URBAN,STREET,3,16.0
174351,1,4,99,5,1,80.0,0,N,MELB_URBAN,ROAD,3,14.0
174352,1,4,99,2,1,50.0,0,N,MELB_URBAN,ROAD,3,17.0
174353,1,3,121,1,1,40.0,0,I,MELB_URBAN,STREET,3,17.0
174354,1,4,99,5,1,50.0,0,N,SMALL_CITIES,OTHER,3,18.0
174355,1,4,110,1,1,50.0,0,I,LARGE_PROVINCIAL_CITIES,ROAD,3,18.0
174356,5,4,99,1,1,40.0,0,I,MELB_URBAN,STREET,3,18.0
174357,1,2,130,1,1,60.0,0,I,SMALL_CITIES,ROAD,3,18.0
174358,1,3,130,5,1,60.0,0,N,MELB_URBAN,ROAD,3,18.0
174359,1,4,163,5,1,40.0,0,N,MELB_URBAN,STREET,3,17.0
174360,1,4,140,2,2,70.0,0,I,MELB_URBAN,ROAD,3,19.0
174361,1,4,130,5,1,100.0,0,N,MELB_URBAN,FREEWAY,3,15.0
174362,1,3,140,5,1,60.0,0,N,MELB_URBAN,ROAD,3,13.0
174363,2,4,102,5,1,50.0,0,N,MELB_URBAN,STREET,3,15.0
174364,1,4,99,5,6,80.0,0,N,MELB_URBAN,ROAD,3,22.0
174365,1,3,135,2,1,60.0,0,I,MELB_URBAN,STREET,3,16.0
174366,4,6,171,5,5,100.0,0,N,RURAL_VICTORIA,ROAD,3,22.0
174367,1,1,130,5,1,80.0,0,N,MELB_URBAN,ROAD,1,17.0
174368,2,3,102,1,3,60.0,0,I,MELB_URBAN,ROAD,3,22.0
174369,1,5,135,5,5,80.0,0,N,MELB_URBAN,ROAD,3,1.0
174370,1,4,120,5,5,80.0,0,N,RURAL_VICTORIA,HIGHWAY,3,22.0
174371,1,5,110,1,2,50.0,0,I,MELB_URBAN,STREET,11,7.0
174372,1,3,99,2,1,60.0,0,I,MELB_URBAN,PARADE,3,15.0
174373,1,5,132,2,3,70.0,0,I,MELB_URBAN,ROAD,3,6.0
174374,1,1,113,1,1,70.0,0,I,LARGE_PROVINCIAL_CITIES,HIGHWAY,1,17.0
174375,1,5,111,4,2,80.0,0,I,MELB_URBAN,ROAD,3,6.0
174376,2,5,102,1,2,50.0,0,I,MELB_URBAN,ROAD,3,7.0
174377,1,2,113,2,1,80.0,0,I,MELB_URBAN,HIGHWAY,2,9.0
174378,6,0,174,5,1,80.0,0,N,RURAL_VICTORIA,ROAD,3,13.0
174379,1,4,134,1,1,80.0,0,I,MELB_URBAN,OTHER,2,9.0
174380,1,5,147,5,1,40.0,0,N,MELB_URBAN,AVENUE,3,8.0
174381,7,2,99,5,9,60.0,0,N,MELB_URBAN,ROAD,3,12.0
174382,1,5,120,2,1,40.0,0,I,SMALL_CITIES,STREET,3,9.0
174383,6,5,174,1,1,60.0,0,N,LARGE_PROVINCIAL_CITIES,ROAD,2,7.0
174384,2,4,100,4,1,60.0,0,I,MELB_URBAN,ROAD,3,11.0
174385,2,4,102,1,1,60.0,0,I,MELB_URBAN,STREET,3,11.0
174386,1,5,99,2,1,60.0,0,I,SMALL_CITIES,STREET,3,10.0
174387,1,5,140,2,1,60.0,0,N,MELB_URBAN,STREET,3,11.0
174388,1,2,130,5,5,100.0,0,N,RURAL_VICTORIA,ROAD,3,21.0
174389,2,5,100,1,1,40.0,0,I,SMALL_CITIES,STREET,3,11.0
174390,1,1,130,2,1,60.0,0,N,RURAL_VICTORIA,ROAD,12,7.0
174391,4,5,171,2,1,50.0,0,I,MELB_URBAN,DRIVE,3,13.0
174392,1,3,130,1,1,60.0,0,I,RURAL_VICTORIA,ROAD,3,8.0
174393,1,4,130,5,3,60.0,0,N,LARGE_PROVINCIAL_CITIES,ROAD,3,7.0
174394,1,4,113,2,1,80.0,0,N,MELB_URBAN,OTHER,3,15.0
174395,1,3,121,2,1,50.0,0,I,SMALL_CITIES,STREET,3,16.0
174396,1,5,99,5,1,60.0,0,N,MELB_URBAN,STREET,3,8.0
174397,1,5,130,5,1,40.0,0,N,MELB_URBAN,ROAD,3,8.0
174398,2,5,102,2,1,40.0,1,N,TOWNS,STREET,3,9.0
174399,1,3,99,1,1,60.0,0,I,MELB_URBAN,ROAD,3,15.0
174400,1,0,130,1,6,50.0,0,N,MELB_URBAN,DRIVE,3,1.0
174401,1,2,130,1,1,40.0,0,I,MELB_URBAN,ROAD,3,15.0
174402,1,3,130,5,1,50.0,0,N,MELB_URBAN,STREET,1,16.0
174403,1,4,113,2,1,60.0,0,I,MELB_URBAN,ROAD,3,13.0
174404,1,5,99,1,1,70.0,0,I,MELB_URBAN,ROAD,3,14.0
174405,1,6,163,5,1,60.0,0,N,MELB_URBAN,STREET,3,15.0
174406,1,2,134,5,6,60.0,0,N,MELB_URBAN,ROAD,3,22.0
174407,1,7,160,5,1,60.0,0,N,MELB_URBAN,PARADE,3,10.0
174408,1,5,130,5,1,60.0,0,N,MELB_URBAN,ROAD,3,16.0
174409,1,5,147,2,1,60.0,0,N,MELB_URBAN,HIGHWAY,3,15.0
174410,1,5,130,5,1,80.0,0,N,MELB_URBAN,FREEWAY,3,17.0
174411,1,5,121,1,1,60.0,0,I,MELB_URBAN,ROAD,3,18.0
174412,1,0,111,2,2,60.0,0,I,MELB_URBAN,STREET,3,18.0
174413,1,5,130,5,1,100.0,0,N,MELB_URBAN,FREEWAY,3,13.0
174414,2,4,99,2,1,60.0,0,N,MELB_URBAN,ROAD,3,15.0
174415,2,3,99,2,6,40.0,0,N,MELB_URBAN,OTHER,3,22.0
174416,1,5,121,2,1,40.0,0,N,MELB_URBAN,STREET,3,16.0
174417,1,5,121,2,1,80.0,0,I,MELB_URBAN,HIGHWAY,3,16.0
174418,1,4,121,1,1,60.0,0,I,MELB_URBAN,ROAD,3,16.0
174419,1,5,113,4,1,50.0,0,N,MELB_URBAN,ROAD,3,18.0
174420,1,4,132,2,2,60.0,0,I,MELB_URBAN,ROAD,3,18.0
174421,1,5,121,2,1,50.0,0,I,MELB_URBAN,STREET,3,18.0
174422,4,5,171,4,1,60.0,0,I,MELB_URBAN,ROAD,3,17.0
174423,1,2,147,5,3,60.0,0,N,SMALL_CITIES,AVENUE,12,19.0
174424,1,5,113,2,3,80.0,0,I,MELB_URBAN,ROAD,3,22.0
174425,1,5,134,2,3,70.0,0,I,MELB_URBAN,ROAD,3,21.0
174426,1,5,133,5,2,50.0,0,N,MELB_URBAN,STREET,3,19.0
174427,1,3,99,5,1,50.0,0,N,LARGE_PROVINCIAL_CITIES,STREET,2,10.0
174428,1,5,110,1,2,60.0,0,I,MELB_URBAN,DRIVE,3,5.0
174429,1,3,147,5,1,60.0,0,N,SMALL_CITIES,ROAD,3,11.0
174430,1,5,130,2,1,70.0,0,N,MELB_URBAN,ROAD,3,8.0
174431,1,2,130,5,1,80.0,0,N,MELB_URBAN,RAMP,3,17.0
174432,1,6,130,2,1,70.0,0,I,RURAL_VICTORIA,HIGHWAY,3,9.0
174433,1,6,130,5,1,100.0,0,I,MELB_URBAN,FREEWAY,3,12.0
174434,1,6,140,5,1,100.0,0,N,RURAL_VICTORIA,ROAD,3,11.0
174435,1,5,99,1,1,40.0,0,N,MELB_URBAN,BOULEVARD,3,10.0
174436,4,5,99,2,1,80.0,0,N,MELB_URBAN,ROAD,3,10.0
174437,3,5,167,5,1,100.0,0,N,RURAL_VICTORIA,ROAD,3,14.0
174438,1,5,133,5,1,30.0,0,N,MELB_URBAN,STREET,3,17.0
174439,1,2,130,5,1,80.0,0,N,MELB_URBAN,RAMP,3,7.0
174440,1,3,110,1,1,50.0,0,I,MELB_URBAN,STREET,3,18.0
174441,4,6,171,1,1,80.0,0,I,MELB_URBAN,HIGHWAY,3,15.0
174442,1,5,121,1,1,60.0,0,I,TOWNS,STREET,3,14.0
174443,1,3,99,5,1,50.0,0,N,TOWNS,STREET,1,9.0
174444,3,1,167,5,5,100.0,0,N,RURAL_VICTORIA,ROAD,3,6.0
174445,4,5,173,5,1,100.0,0,N,MELB_URBAN,RAMP,3,16.0
174446,6,6,99,5,1,100.0,0,N,RURAL_VICTORIA,ROAD,3,16.0
174447,2,5,99,5,3,60.0,0,N,MELB_URBAN,STREET,3,20.0
174448,1,6,99,2,1,50.0,0,I,SMALL_CITIES,BOULEVARD,3,16.0
174449,1,6,113,2,1,60.0,0,I,RURAL_VICTORIA,ROAD,3,14.0
174450,8,6,170,5,1,110.0,1,N,RURAL_VICTORIA,FREEWAY,3,17.0
174451,8,6,99,2,1,40.0,0,I,RURAL_VICTORIA,ROAD,3,14.0
174452,2,6,102,5,5,100.0,1,N,RURAL_VICTORIA,OTHER,3,19.0
174453,4,6,171,5,5,50.0,0,N,TOWNS,AVENUE,3,22.0
174454,4,6,171,5,3,50.0,0,N,RURAL_VICTORIA,BOULEVARD,3,22.0
174455,1,2,130,5,1,70.0,0,N,MELB_URBAN,ROAD,3,8.0
174456,1,3,111,1,1,60.0,0,I,MELB_URBAN,STREET,3,9.0
174457,1,7,99,5,1,40.0,0,N,MELB_URBAN,HIGHWAY,3,7.0
174458,2,7,99,5,1,50.0,0,N,MELB_URBAN,ROAD,3,10.0
174459,1,7,133,5,1,60.0,0,N,RURAL_VICTORIA,ROAD,3,10.0
174460,1,6,160,5,1,50.0,0,N,MELB_URBAN,AVENUE,3,9.0
174461,1,7,147,5,1,60.0,0,N,SMALL_CITIES,AVENUE,3,12.0
174462,1,7,132,5,1,80.0,0,N,RURAL_VICTORIA,HIGHWAY,3,10.0
174463,1,7,99,2,1,60.0,0,I,TOWNS,STREET,3,11.0
174464,1,6,110,1,1,100.0,0,I,RURAL_VICTORIA,ROAD,3,11.0
174465,4,6,181,4,1,60.0,0,I,RURAL_VICTORIA,RAMP,3,18.0
174466,1,6,130,5,1,100.0,0,N,MELB_URBAN,FREEWAY,3,9.0
174467,2,6,100,1,1,60.0,0,N,LARGE_PROVINCIAL_CITIES,STREET,3,10.0
174468,1,7,121,1,1,60.0,0,I,MELB_URBAN,STREET,3,12.0
174469,4,6,171,5,1,100.0,0,N,RURAL_VICTORIA,ROAD,3,11.0
174470,2,5,99,5,5,60.0,0,N,MELB_URBAN,UNKNOWN,3,22.0
174471,1,4,130,1,1,60.0,0,I,LARGE_PROVINCIAL_CITIES,STREET,1,18.0
174472,1,6,130,1,1,60.0,0,I,LARGE_PROVINCIAL_CITIES,ROAD,3,12.0
174473,1,7,121,1,1,60.0,0,O,MELB_URBAN,UNKNOWN,3,12.0
174474,1,7,120,5,1,70.0,0,N,TOWNS,HIGHWAY,3,14.0
174475,6,7,99,5,1,80.0,0,N,RURAL_VICTORIA,ROAD,3,12.0
174476,4,7,99,5,1,60.0,0,N,MELB_URBAN,DRIVE,3,18.0
174477,4,7,99,5,1,40.0,0,N,LARGE_PROVINCIAL_CITIES,PARADE,3,15.0
174478,1,7,99,1,1,50.0,0,I,MELB_URBAN,STREET,3,7.0
174479,1,7,121,4,3,80.0,0,N,MELB_URBAN,ROAD,3,21.0
174480,1,7,113,2,1,60.0,0,I,RURAL_VICTORIA,ROAD,3,14.0
174481,4,7,99,1,3,60.0,0,I,MELB_URBAN,ROAD,3,23.0
174482,1,1,110,1,3,60.0,0,I,MELB_URBAN,HIGHWAY,3,2.0
174483,4,0,171,2,3,80.0,0,I,MELB_URBAN,ROAD,3,2.0
174484,4,1,99,5,3,60.0,0,N,MELB_URBAN,PARADE,3,4.0
174485,1,6,110,1,2,80.0,0,I,MELB_URBAN,ROAD,3,18.0
174486,5,1,171,5,1,100.0,0,N,RURAL_VICTORIA,ROAD,3,10.0
174487,1,0,121,2,1,40.0,0,I,MELB_URBAN,STREET,3,12.0
174488,1,2,110,1,1,80.0,0,I,MELB_URBAN,ROAD,2,17.0
174489,1,0,147,2,1,60.0,0,I,MELB_URBAN,OTHER,3,13.0
174490,2,7,99,5,2,60.0,0,N,SMALL_CITIES,ROAD,3,19.0
174491,1,1,120,1,1,60.0,0,I,MELB_URBAN,STREET,3,15.0
174492,1,1,99,5,1,80.0,0,N,RURAL_VICTORIA,ROAD,3,15.0
174493,1,1,120,5,1,80.0,0,N,RURAL_VICTORIA,ROAD,3,15.0
174494,1,1,111,2,1,70.0,0,I,SMALL_CITIES,PARADE,3,16.0
174495,1,4,130,5,1,80.0,0,N,MELB_URBAN,RAMP,3,16.0
174496,4,0,183,5,1,100.0,0,N,RURAL_VICTORIA,ROAD,3,17.0
174497,1,1,110,1,2,80.0,0,N,RURAL_VICTORIA,ROAD,3,19.0
174498,1,1,111,1,3,80.0,0,I,RURAL_VICTORIA,ROAD,3,20.0
174499,2,0,99,5,1,80.0,0,N,RURAL_VICTORIA,ROAD,3,15.0
174500,2,0,100,2,3,50.0,0,I,MELB_URBAN,STREET,3,22.0
174501,4,1,171,5,3,60.0,1,N,MELB_URBAN,ROAD,3,21.0
174502,1,5,113,2,1,60.0,0,I,MELB_URBAN,ROAD,3,16.0
174503,7,2,99,5,6,60.0,0,N,MELB_URBAN,ROAD,2,4.0
174504,1,6,113,2,1,70.0,0,I,MELB_URBAN,ROAD,3,9.0
174505,1,6,120,1,2,60.0,0,N,MELB_URBAN,OTHER,2,4.0
174506,1,0,121,1,3,60.0,0,O,MELB_URBAN,UNKNOWN,3,21.0
174507,3,2,167,5,5,100.0,0,N,RURAL_VICTORIA,HIGHWAY,4,0.0
174508,4,2,173,5,2,80.0,0,N,MELB_URBAN,ROAD,4,6.0
174509,1,2,110,1,2,50.0,0,I,LARGE_PROVINCIAL_CITIES,STREET,4,7.0
174510,1,7,99,2,3,70.0,0,I,MELB_URBAN,ROAD,3,22.0
174511,6,1,99,2,1,50.0,0,I,MELB_URBAN,STREET,3,16.0
174512,1,2,113,2,2,60.0,0,I,MELB_URBAN,ROAD,1,20.0
174513,4,0,171,5,1,110.0,0,N,RURAL_VICTORIA,FREEWAY,3,14.0
174514,1,2,147,5,1,60.0,0,N,MELB_URBAN,ROAD,4,11.0
174515,1,2,110,1,1,80.0,0,I,MELB_URBAN,OTHER,4,11.0
174516,1,2,147,5,1,60.0,0,N,LARGE_PROVINCIAL_CITIES,ROAD,4,12.0
174517,6,1,99,2,1,50.0,0,I,MELB_URBAN,ROAD,4,13.0
174518,1,3,130,1,1,80.0,0,I,SMALL_TOWNS,HIGHWAY,3,16.0
174519,1,2,99,5,1,100.0,0,N,RURAL_VICTORIA,ROAD,4,11.0
174520,1,1,121,2,1,80.0,0,I,MELB_URBAN,ROAD,4,15.0
174521,1,1,121,1,1,100.0,0,I,MELB_URBAN,ROAD,4,14.0
174522,2,2,100,1,1,70.0,0,I,MELB_URBAN,ROAD,4,15.0
174523,1,2,99,2,1,60.0,0,I,MELB_URBAN,ROAD,4,17.0
174524,1,3,110,1,1,50.0,0,I,MELB_URBAN,OTHER,3,8.0
174525,1,2,171,5,1,80.0,0,N,RURAL_VICTORIA,HIGHWAY,4,15.0
174526,6,2,99,5,1,60.0,0,N,RURAL_VICTORIA,STREET,4,16.0
174527,1,2,133,1,1,60.0,0,I,MELB_URBAN,STREET,4,14.0
174528,6,7,184,5,1,60.0,0,N,RURAL_VICTORIA,OTHER,3,11.0
174529,1,2,160,5,1,40.0,0,N,MELB_URBAN,STREET,4,16.0
174530,1,2,130,2,1,80.0,0,I,MELB_URBAN,ROAD,4,14.0
174531,6,2,170,5,1,100.0,0,N,RURAL_VICTORIA,ROAD,4,15.0
174532,1,2,99,5,1,100.0,0,N,RURAL_VICTORIA,ROAD,4,16.0
174533,4,2,173,5,2,60.0,0,N,LARGE_PROVINCIAL_CITIES,ROAD,4,18.0
174534,1,2,130,5,2,100.0,0,N,MELB_URBAN,ROAD,4,17.0
174535,1,2,121,1,3,80.0,0,I,MELB_URBAN,ROAD,4,20.0
174536,4,2,183,5,3,50.0,0,N,SMALL_CITIES,OTHER,4,21.0
174537,1,1,110,1,9,60.0,0,I,MELB_URBAN,ROAD,4,8.0
174538,1,2,99,5,5,100.0,0,N,MELB_URBAN,ROAD,4,22.0
174539,4,2,99,5,5,60.0,0,N,RURAL_VICTORIA,ROAD,4,4.0
174540,4,2,171,5,2,100.0,0,N,RURAL_VICTORIA,HIGHWAY,4,7.0
174541,3,2,167,5,5,80.0,0,N,RURAL_VICTORIA,ROAD,4,6.0
174542,1,3,133,5,1,60.0,0,N,RURAL_VICTORIA,ROAD,4,11.0
174543,1,3,135,5,1,100.0,0,N,MELB_URBAN,FREEWAY,4,8.0
174544,4,1,99,2,1,60.0,0,I,RURAL_VICTORIA,ROAD,3,9.0
174545,8,1,174,1,1,60.0,0,I,SMALL_CITIES,STREET,3,17.0