,accident_type,day_of_week,dca_code,road_geometry,light_condition,speed_zone,severity,node_type,deg_urban_name,road_type,month,hour
174546,1,3,130,5,6,70.0,0,N,MELB_URBAN,ROAD,3,21.0
174547,5,6,99,5,1,60.0,0,N,MELB_URBAN,ROAD,3,8.0
174548,4,5,181,2,9,60.0,0,I,MELB_URBAN,STREET,3,18.0
174549,4,1,181,5,1,80.0,0,N,RURAL_VICTORIA,ROAD,1,17.0
174550,1,2,130,5,9,40.0,0,N,MELBOURNE_CBD,STREET,2,10.0
174551,5,1,181,5,1,60.0,0,N,RURAL_VICTORIA,ROAD,3,12.0
174552,1,3,110,1,2,50.0,0,I,TOWNS,STREET,4,7.0
174553,1,3,130,5,1,60.0,0,I,MELB_URBAN,HIGHWAY,4,7.0
174554,2,5,100,5,1,50.0,0,N,TOWNS,ROAD,1,14.0
174555,1,3,113,2,1,60.0,0,I,MELB_URBAN,STREET,4,11.0
174556,1,2,130,5,1,80.0,0,N,MELB_URBAN,ROAD,3,16.0
174557,1,4,99,2,1,60.0,0,I,SMALL_CITIES,ROAD,3,12.0
174558,1,3,160,5,1,50.0,0,N,RURAL_VICTORIA,BOULEVARD,4,13.0
174559,2,3,102,2,1,80.0,0,N,MELB_URBAN,STREET,4,13.0
174560,4,2,171,5,1,50.0,0,N,SMALL_CITIES,STREET,4,13.0
174561,1,2,121,1,1,60.0,0,I,MELB_URBAN,STREET,4,14.0
174562,1,5,121,2,3,80.0,0,I,MELB_URBAN,DRIVE,2,21.0
174563,1,2,130,5,1,100.0,0,N,MELB_URBAN,FREEWAY,3,17.0
174564,1,2,99,5,1,40.0,0,N,MELB_URBAN,STREET,4,14.0
174565,1,3,130,2,1,60.0,0,I,MELB_URBAN,ROAD,3,14.0
174566,1,3,99,5,1,40.0,0,N,SMALL_CITIES,STREET,4,12.0
174567,4,6,171,5,1,60.0,0,N,MELB_URBAN,DRIVE,3,17.0
174568,1,1,130,5,1,80.0,0,N,MELB_URBAN,ROAD,3,14.0
174569,6,4,174,5,3,60.0,0,N,MELB_URBAN,ROAD,3,4.0
174570,1,3,121,2,1,70.0,0,N,MELB_URBAN,DRIVE,4,16.0
174571,1,5,116,2,1,40.0,0,I,RURAL_VICTORIA,PARADE,3,9.0
174572,1,3,163,5,1,50.0,0,N,MELB_URBAN,ROAD,4,17.0
174573,1,1,110,1,3,60.0,0,I,MELB_URBAN,STREET,3,21.0
174574,1,2,130,5,6,60.0,0,N,MELB_URBAN,ROAD,5,20.0
174575,1,3,120,5,1,80.0,0,N,RURAL_VICTORIA,ROAD,4,15.0
174576,1,7,147,5,1,60.0,0,N,TOWNS,ROAD,3,22.0
174577,1,2,130,5,1,80.0,0,N,MELB_URBAN,RAMP,4,18.0
174578,1,3,130,5,1,50.0,0,N,MELB_URBAN,ROAD,3,16.0
174579,1,3,135,5,1,70.0,0,N,LARGE_PROVINCIAL_CITIES,ROAD,4,14.0
174580,1,3,120,5,1,100.0,0,N,RURAL_VICTORIA,ROAD,4,17.0
174581,2,2,100,5,3,40.0,0,N,MELB_URBAN,STREET,4,21.0
174582,1,3,130,5,1,60.0,0,N,MELB_URBAN,FREEWAY,4,17.0
174583,1,2,121,1,3,80.0,0,I,MELB_URBAN,ROAD,4,21.0
174584,4,0,171,2,1,50.0,0,I,TOWNS,STREET,2,14.0
174585,1,3,121,1,3,80.0,0,I,MELB_URBAN,DRIVE,4,21.0
174586,1,3,113,2,4,60.0,0,I,MELB_URBAN,STREET,4,6.0
174587,1,7,121,1,3,60.0,0,I,MELB_URBAN,ROAD,1,23.0
174588,1,4,113,2,3,60.0,0,I,MELB_URBAN,ROAD,4,7.0
174589,1,4,130,5,1,80.0,0,N,MELB_URBAN,ROAD,4,7.0
174590,1,3,121,2,1,80.0,0,I,RURAL_VICTORIA,HIGHWAY,4,8.0
174591,1,4,110,1,1,100.0,0,I,RURAL_VICTORIA,ROAD,4,7.0
174592,1,2,130,1,9,70.0,0,I,MELB_URBAN,ROAD,4,17.0
174593,4,4,99,5,2,80.0,0,N,RURAL_VICTORIA,ROAD,4,6.0
174594,1,7,130,1,1,60.0,0,I,MELB_URBAN,FREEWAY,3,15.0
174595,1,4,110,1,1,60.0,0,I,MELB_URBAN,ROAD,4,9.0
174596,4,4,173,5,1,80.0,0,N,RURAL_VICTORIA,HIGHWAY,4,8.0
174597,1,4,116,1,1,60.0,0,I,MELB_URBAN,DRIVE,3,15.0
174598,1,1,147,5,2,40.0,0,N,MELB_URBAN,STREET,3,5.0
174599,1,4,113,1,1,60.0,0,I,MELB_URBAN,ROAD,3,15.0
174600,1,1,134,1,2,70.0,0,N,MELB_URBAN,ROAD,2,21.0
174601,4,4,99,5,1,50.0,0,N,LARGE_PROVINCIAL_CITIES,STREET,4,8.0
174602,1,3,121,1,1,60.0,0,I,LARGE_PROVINCIAL_CITIES,STREET,4,12.0
174603,4,7,183,5,1,70.0,0,N,TOWNS,ROAD,3,10.0
174604,1,6,147,5,1,60.0,0,N,MELB_URBAN,PARADE,3,15.0
174605,1,4,113,2,1,70.0,0,I,MELB_URBAN,HIGHWAY,4,10.0
174606,1,3,99,5,1,40.0,0,N,MELB_URBAN,STREET,2,17.0
174607,3,1,167,5,2,110.0,0,N,RURAL_VICTORIA,RAMP,4,6.0
174608,1,4,99,5,1,50.0,0,N,MELB_URBAN,ROAD,4,12.0
174609,1,2,130,5,1,80.0,0,N,LARGE_PROVINCIAL_CITIES,ROAD,2,17.0
174610,6,4,174,5,1,50.0,0,N,MELB_URBAN,AVENUE,3,18.0
174611,1,3,140,5,1,50.0,0,N,TOWNS,STREET,4,12.0
174612,2,4,100,5,1,50.0,0,N,MELB_URBAN,STREET,4,14.0
174613,1,3,116,2,1,60.0,0,I,MELB_URBAN,ROAD,4,10.0
174614,1,5,99,5,1,100.0,0,N,MELB_URBAN,FREEWAY,3,17.0
174615,1,2,110,4,1,50.0,0,I,MELB_URBAN,ROAD,3,17.0
174616,1,4,130,5,1,60.0,0,N,MELB_URBAN,ROAD,4,16.0
174617,1,4,135,1,1,60.0,0,I,MELB_URBAN,STREET,4,13.0
174618,1,4,133,2,1,60.0,0,I,MELB_URBAN,ROAD,4,16.0
174619,1,4,130,5,1,80.0,0,N,MELB_URBAN,ROAD,4,15.0
174620,5,3,171,5,3,50.0,0,N,MELB_URBAN,STREET,3,22.0
174621,4,3,173,5,1,100.0,0,N,MELB_URBAN,UNKNOWN,4,9.0
174622,1,4,120,5,1,100.0,0,N,RURAL_VICTORIA,ROAD,4,14.0
174623,2,3,100,5,3,60.0,0,N,MELB_URBAN,STREET,4,19.0
174624,1,5,110,1,6,60.0,0,I,MELB_URBAN,ROAD,4,1.0
174625,3,4,167,5,5,80.0,0,N,RURAL_VICTORIA,HIGHWAY,3,20.0
174626,1,4,121,1,1,60.0,0,I,MELB_URBAN,STREET,4,6.0
174627,8,2,174,5,1,60.0,0,N,MELB_URBAN,STREET,1,8.0
174628,1,5,121,4,1,80.0,0,I,MELB_URBAN,ROAD,4,7.0
174629,1,5,121,2,1,60.0,0,I,MELB_URBAN,ROAD,4,8.0
174630,1,5,110,1,1,60.0,0,N,MELB_URBAN,OTHER,4,9.0
174631,1,5,110,1,1,50.0,0,I,MELB_URBAN,ROAD,3,12.0
174632,6,6,170,5,2,60.0,0,N,SMALL_TOWNS,ROAD,3,5.0
174633,1,5,133,5,1,50.0,0,N,MELB_URBAN,OTHER,4,8.0
174634,6,2,174,2,1,60.0,0,I,MELB_URBAN,STREET,3,16.0
174635,1,4,130,5,1,50.0,0,N,SMALL_CITIES,STREET,4,17.0
174636,6,5,174,5,1,60.0,0,N,RURAL_VICTORIA,ROAD,3,15.0
174637,7,3,99,5,2,60.0,0,N,MELB_URBAN,ROAD,4,18.0
174638,4,3,181,5,3,60.0,0,N,MELB_URBAN,STREET,4,0.0
174639,1,6,121,5,1,70.0,0,N,MELB_URBAN,STREET,3,15.0
174640,1,6,130,2,1,60.0,0,I,MELB_URBAN,ROAD,3,11.0
174641,2,5,99,1,1,50.0,0,I,MELB_URBAN,STREET,4,12.0
174642,2,5,99,5,1,50.0,0,N,LARGE_PROVINCIAL_CITIES,STREET,4,12.0
174643,4,3,171,5,2,60.0,0,N,MELB_URBAN,DRIVE,3,7.0
174644,1,0,120,5,1,60.0,0,N,RURAL_VICTORIA,ROAD,3,11.0
174645,4,5,173,5,1,40.0,0,N,LARGE_PROVINCIAL_CITIES,STREET,4,14.0
174646,4,6,183,5,2,80.0,0,N,RURAL_VICTORIA,FREEWAY,3,6.0
174647,1,5,160,1,1,50.0,0,N,MELB_URBAN,STREET,4,16.0
174648,6,1,184,5,2,100.0,0,N,RURAL_VICTORIA,ROAD,1,8.0
174649,1,5,116,1,1,50.0,0,I,MELB_URBAN,AVENUE,4,17.0
174650,1,5,113,2,1,80.0,0,I,MELB_URBAN,HIGHWAY,4,15.0
174651,4,5,171,5,1,100.0,1,N,RURAL_VICTORIA,ROAD,4,7.0
174652,1,5,113,2,1,60.0,0,I,MELB_URBAN,ROAD,4,17.0
174653,1,5,110,1,1,100.0,1,I,RURAL_VICTORIA,AVENUE,4,14.0
174654,1,5,113,1,1,80.0,0,I,MELB_URBAN,HIGHWAY,4,17.0
174655,1,5,99,5,1,100.0,1,N,RURAL_VICTORIA,ROAD,4,15.0
174656,2,5,99,5,1,60.0,0,N,MELB_URBAN,DRIVE,4,17.0
174657,4,5,171,5,1,100.0,0,N,RURAL_VICTORIA,HIGHWAY,4,16.0
174658,1,5,134,5,1,80.0,0,N,MELB_URBAN,UNKNOWN,4,17.0
174659,6,5,99,5,5,100.0,0,N,RURAL_VICTORIA,ROAD,4,17.0
174660,4,5,183,5,5,80.0,0,N,RURAL_VICTORIA,ROAD,4,19.0
174661,1,5,110,1,3,40.0,0,I,MELBOURNE_CBD,STREET,4,2.0
174662,1,5,113,2,3,80.0,0,N,MELB_URBAN,ROAD,4,19.0
174663,1,5,113,4,3,60.0,0,I,MELB_URBAN,ROAD,4,22.0
174664,1,5,113,2,3,40.0,0,I,MELB_URBAN,ROAD,4,23.0
174665,1,6,113,2,5,100.0,0,N,RURAL_VICTORIA,HIGHWAY,4,6.0
174666,1,6,121,1,1,60.0,0,I,MELB_URBAN,ROAD,4,7.0
174667,1,6,110,1,1,60.0,0,I,MELB_URBAN,ROAD,4,9.0
174668,1,2,116,2,1,60.0,0,I,MELB_URBAN,ROAD,11,15.0
174669,1,7,99,5,1,60.0,0,N,MELB_URBAN,ROAD,3,9.0
174670,1,6,99,2,1,60.0,0,I,MELB_URBAN,ROAD,3,8.0
174671,1,6,110,1,1,80.0,0,I,MELB_URBAN,ROAD,4,10.0
174672,1,2,121,1,1,50.0,0,I,MELB_URBAN,ROAD,1,16.0
174673,1,6,110,1,1,40.0,0,I,MELBOURNE_CBD,OTHER,3,18.0
174674,1,2,130,5,1,60.0,0,N,MELB_URBAN,STREET,3,14.0
174675,4,6,173,5,1,60.0,0,N,MELB_URBAN,ROAD,4,11.0
174676,1,4,99,1,1,60.0,0,I,MELB_URBAN,ROAD,3,9.0
174677,1,3,130,4,1,60.0,0,I,TOWNS,RAMP,3,7.0
174678,1,3,116,1,1,60.0,0,N,MELB_URBAN,ROAD,4,12.0
174679,1,3,163,5,1,50.0,0,N,MELB_URBAN,STREET,3,8.0
174680,1,0,140,5,1,60.0,0,N,LARGE_PROVINCIAL_CITIES,STREET,3,13.0
174681,1,6,121,2,1,80.0,1,I,MELB_URBAN,HIGHWAY,4,12.0
174682,1,6,147,5,1,60.0,0,N,MELB_URBAN,ROAD,4,17.0
174683,1,5,130,1,1,60.0,0,N,MELB_URBAN,HIGHWAY,3,11.0
174684,1,6,113,2,1,60.0,0,N,MELB_URBAN,ROAD,4,16.0
174685,1,6,140,1,1,50.0,0,I,MELB_URBAN,STREET,4,11.0
174686,1,5,110,1,1,80.0,0,I,MELB_URBAN,AVENUE,4,16.0
174687,1,5,140,5,1,80.0,0,N,TOWNS,OTHER,3,16.0
174688,6,5,99,5,1,100.0,0,N,RURAL_VICTORIA,HIGHWAY,4,17.0
174689,1,3,99,1,1,60.0,0,I,SMALL_CITIES,STREET,4,11.0
174690,1,5,99,1,1,60.0,0,I,MELB_URBAN,STREET,4,18.0
174691,2,5,100,2,3,50.0,0,N,MELB_URBAN,ROAD,4,19.0
174692,1,3,121,1,1,60.0,0,I,MELB_URBAN,ROAD,4,10.0
174693,1,6,121,2,3,70.0,0,I,MELB_URBAN,ROAD,4,19.0
174694,1,5,120,5,5,100.0,0,N,RURAL_VICTORIA,ROAD,4,19.0
174695,1,6,110,1,1,100.0,0,I,RURAL_VICTORIA,ROAD,4,16.0
174696,1,5,130,5,1,80.0,0,N,MELB_URBAN,ROAD,4,17.0
174697,1,6,113,2,3,60.0,0,I,MELB_URBAN,STREET,4,19.0
174698,4,6,183,2,3,50.0,0,I,MELB_URBAN,DRIVE,4,22.0
174699,4,6,171,5,3,70.0,0,N,MELB_URBAN,OTHER,4,21.0
174700,1,6,99,1,1,60.0,0,I,RURAL_VICTORIA,ROAD,4,15.0
174701,4,6,173,5,3,50.0,0,N,MELB_URBAN,DRIVE,4,0.0
174702,1,6,130,1,6,60.0,0,I,LARGE_PROVINCIAL_CITIES,STREET,4,21.0
174703,5,7,99,5,4,110.0,0,N,RURAL_VICTORIA,FREEWAY,4,2.0
174704,2,6,99,5,6,50.0,0,N,MELB_URBAN,DRIVE,4,0.0
174705,1,6,120,5,3,50.0,0,N,MELB_URBAN,BOULEVARD,4,23.0
174706,4,2,99,5,1,40.0,0,I,LARGE_PROVINCIAL_CITIES,STREET,2,15.0
174707,5,6,99,1,5,100.0,0,I,RURAL_VICTORIA,ROAD,4,7.0
174708,1,6,130,5,1,60.0,0,N,MELB_URBAN,HIGHWAY,4,8.0
174709,1,3,110,1,1,50.0,0,I,MELB_URBAN,ROAD,4,9.0
174710,1,7,113,2,1,50.0,0,O,RURAL_VICTORIA,OTHER,4,10.0
174711,6,7,170,2,1,60.0,0,I,SMALL_CITIES,STREET,4,11.0
174712,2,7,100,1,1,60.0,0,N,MELB_URBAN,ROAD,4,9.0
174713,2,6,100,1,1,50.0,0,I,MELB_URBAN,STREET,4,14.0
174714,1,6,120,2,1,60.0,0,N,MELB_URBAN,ROAD,4,12.0
174715,1,7,99,1,1,40.0,0,I,MELB_URBAN,STREET,4,13.0
174716,1,7,130,5,1,60.0,0,N,MELB_URBAN,ROAD,4,15.0
174717,4,7,181,5,1,100.0,0,N,RURAL_VICTORIA,ROAD,4,13.0
174718,4,7,181,5,1,100.0,0,N,LARGE_PROVINCIAL_CITIES,ROAD,4,14.0
174719,1,7,130,2,1,60.0,0,N,MELB_URBAN,ROAD,4,14.0
174720,4,7,173,5,1,100.0,0,N,RURAL_VICTORIA,ROAD,4,16.0
174721,1,7,130,5,1,70.0,0,N,MELB_URBAN,ROAD,4,17.0
174722,1,7,113,1,1,40.0,0,I,MELB_URBAN,AVENUE,4,17.0
174723,4,7,183,5,1,80.0,0,N,RURAL_VICTORIA,ROAD,4,15.0
174724,1,3,163,5,2,60.0,0,N,MELB_URBAN,STREET,10,17.0
174725,1,7,116,2,3,80.0,0,I,MELB_URBAN,ROAD,4,19.0
174726,1,6,110,1,3,80.0,0,N,MELB_URBAN,ROAD,4,20.0
174727,4,6,99,5,5,100.0,0,N,RURAL_VICTORIA,ROAD,4,21.0
174728,1,7,113,2,3,60.0,1,I,LARGE_PROVINCIAL_CITIES,ROAD,4,22.0
174729,1,6,121,1,3,60.0,0,I,MELB_URBAN,ROAD,4,23.0
174730,4,7,183,5,5,100.0,0,N,RURAL_VICTORIA,HIGHWAY,4,22.0
174731,1,1,171,5,3,50.0,0,N,MELB_URBAN,BOULEVARD,4,1.0
174732,1,7,134,2,3,60.0,0,N,MELB_URBAN,ROAD,4,23.0
174733,1,7,99,5,1,100.0,0,N,MELB_URBAN,FREEWAY,4,13.0
174734,5,7,99,5,1,100.0,0,N,RURAL_VICTORIA,OTHER,4,12.0
174735,8,1,184,5,1,60.0,0,N,MELB_URBAN,ROAD,4,9.0
174736,1,2,130,1,1,60.0,0,I,MELB_URBAN,AVENUE,3,18.0
174737,1,1,130,2,1,60.0,0,N,MELB_URBAN,STREET,4,9.0
174738,2,1,100,2,1,60.0,0,I,MELB_URBAN,OTHER,4,11.0
174739,1,1,99,5,1,60.0,0,N,TOWNS,STREET,4,10.0
174740,4,7,183,2,1,100.0,0,I,RURAL_VICTORIA,ROAD,3,9.0
174741,3,0,167,5,5,100.0,0,N,RURAL_VICTORIA,ROAD,4,6.0
174742,6,1,174,2,1,60.0,0,I,MELB_URBAN,ROAD,4,13.0
174743,1,1,110,1,1,50.0,0,I,LARGE_PROVINCIAL_CITIES,STREET,4,10.0
174744,1,3,130,5,1,80.0,0,N,MELB_URBAN,HIGHWAY,3,11.0
174745,4,1,181,5,1,40.0,0,N,MELB_URBAN,OTHER,4,12.0
174746,4,1,181,2,1,50.0,0,I,MELB_URBAN,BOULEVARD,4,13.0
174747,1,1,110,1,1,80.0,0,I,RURAL_VICTORIA,ROAD,4,13.0
174748,1,1,121,1,1,60.0,0,I,RURAL_VICTORIA,ROAD,4,13.0
174749,1,7,110,1,3,50.0,0,I,MELB_URBAN,STREET,4,21.0
174750,4,1,171,2,1,80.0,1,N,MELB_URBAN,HIGHWAY,4,9.0
174751,4,1,181,5,1,100.0,0,N,RURAL_VICTORIA,ROAD,4,14.0
174752,4,1,181,5,1,80.0,0,N,RURAL_VICTORIA,ROAD,4,15.0
174753,1,0,130,5,1,70.0,0,N,MELB_URBAN,ROAD,3,12.0
174754,6,1,174,5,1,110.0,1,N,RURAL_VICTORIA,FREEWAY,4,13.0
174755,4,1,173,5,1,50.0,0,N,SMALL_CITIES,OTHER,4,12.0
174756,1,1,163,5,3,40.0,0,N,MELB_URBAN,ROAD,4,18.0
174757,1,4,134,4,1,60.0,0,N,MELB_URBAN,ROAD,2,13.0
174758,1,1,120,5,1,100.0,0,N,RURAL_VICTORIA,HIGHWAY,4,16.0
174759,4,0,173,5,1,80.0,0,N,SMALL_CITIES,ROAD,4,19.0
174760,1,1,132,2,1,60.0,0,I,MELB_URBAN,ROAD,4,17.0
174761,2,2,100,5,1,40.0,0,N,MELBOURNE_CBD,STREET,4,17.0
174762,1,0,110,1,3,60.0,0,N,MELB_URBAN,ROAD,4,19.0
174763,1,2,130,1,1,70.0,0,I,MELB_URBAN,ROAD,4,18.0
174764,1,0,171,1,3,80.0,0,I,MELB_URBAN,ROAD,4,21.0
174765,1,1,121,2,3,60.0,0,I,MELB_URBAN,ROAD,4,19.0
174766,1,1,121,1,3,60.0,0,I,MELB_URBAN,ROAD,4,22.0
174767,4,1,171,5,5,60.0,0,N,RURAL_VICTORIA,ROAD,4,21.0
174768,4,1,171,5,5,110.0,0,N,RURAL_VICTORIA,HIGHWAY,4,20.0
174769,4,1,173,5,5,60.0,0,N,MELB_URBAN,ROAD,4,23.0
174770,1,4,113,2,1,80.0,0,I,MELB_URBAN,HIGHWAY,2,6.0
174771,4,2,171,5,5,80.0,0,N,SMALL_CITIES,DRIVE,4,5.0
174772,1,6,110,1,2,50.0,0,I,MELB_URBAN,STREET,2,20.0
174773,1,6,130,2,3,60.0,0,N,MELB_URBAN,ROAD,4,20.0
174774,1,2,160,5,1,60.0,0,N,LARGE_PROVINCIAL_CITIES,ROAD,4,8.0
174775,1,2,134,5,1,80.0,0,N,MELB_URBAN,ROAD,4,7.0
174776,1,4,130,5,1,60.0,0,N,MELB_URBAN,ROAD,3,13.0
174777,1,2,113,1,1,60.0,0,I,MELB_URBAN,ROAD,4,6.0
174778,1,2,111,2,1,80.0,0,I,RURAL_VICTORIA,HIGHWAY,4,8.0
174779,1,3,130,2,1,60.0,0,I,MELB_URBAN,STREET,4,9.0
174780,1,1,121,1,1,80.0,0,O,MELB_URBAN,UNKNOWN,4,10.0
174781,1,1,130,1,1,60.0,0,I,MELB_URBAN,ROAD,2,13.0
174782,4,1,173,5,5,60.0,0,N,RURAL_VICTORIA,STREET,4,0.0
174783,6,7,174,2,1,60.0,0,I,RURAL_VICTORIA,ROAD,4,9.0
174784,2,1,102,5,1,60.0,0,N,MELB_URBAN,ROAD,4,10.0
174785,6,2,174,5,1,40.0,0,N,MELB_URBAN,ROAD,4,11.0
174786,1,7,99,1,1,60.0,0,I,MELB_URBAN,STREET,3,17.0
174787,6,1,174,2,1,40.0,0,N,MELBOURNE_CBD,STREET,4,8.0
174788,1,2,110,1,1,50.0,0,I,RURAL_VICTORIA,DRIVE,4,7.0
174789,1,4,130,1,1,60.0,0,I,MELB_URBAN,FREEWAY,4,11.0
174790,1,6,130,2,3,60.0,0,I,MELB_URBAN,ROAD,4,19.0
174791,4,2,171,2,1,60.0,0,N,MELB_URBAN,ROAD,4,11.0
174792,4,5,181,5,1,60.0,0,O,RURAL_VICTORIA,UNKNOWN,4,8.0
174793,4,2,171,5,1,50.0,0,N,MELB_URBAN,STREET,4,11.0
174794,1,2,160,5,1,60.0,0,N,SMALL_CITIES,STREET,4,12.0
174795,6,7,99,5,1,100.0,0,N,RURAL_VICTORIA,ROAD,3,13.0
174796,1,2,147,5,1,50.0,0,N,MELB_URBAN,STREET,4,14.0
174797,1,5,130,5,1,70.0,0,N,MELB_URBAN,ROAD,3,17.0
174798,5,7,99,1,1,40.0,0,N,MELB_URBAN,STREET,3,19.0
174799,1,1,110,1,1,50.0,0,I,MELB_URBAN,STREET,4,14.0
174800,1,1,130,5,1,80.0,0,N,MELB_URBAN,ROAD,4,12.0
174801,1,2,132,2,1,50.0,0,I,MELB_URBAN,AVENUE,3,17.0
174802,8,2,184,5,1,80.0,0,N,RURAL_VICTORIA,ROAD,4,11.0
174803,2,2,100,5,2,40.0,0,N,MELB_URBAN,STREET,4,16.0
174804,8,1,174,5,1,100.0,0,N,RURAL_VICTORIA,ROAD,4,17.0
174805,1,2,121,1,3,60.0,0,I,MELB_URBAN,ROAD,4,18.0
174806,1,2,111,2,2,60.0,0,I,MELB_URBAN,ROAD,4,17.0
174807,2,1,102,1,1,50.0,0,I,MELB_URBAN,ROAD,4,15.0
174808,1,2,134,5,2,80.0,0,I,MELB_URBAN,ROAD,4,16.0
174809,6,7,184,5,1,60.0,0,N,RURAL_VICTORIA,ROAD,3,10.0
174810,1,1,133,2,3,50.0,0,I,MELB_URBAN,DRIVE,4,18.0
174811,1,2,130,5,5,110.0,0,N,RURAL_VICTORIA,FREEWAY,4,19.0
174812,1,1,110,1,1,80.0,0,O,UNKNOWN,ROAD,4,15.0
174813,1,1,130,5,3,60.0,0,N,MELB_URBAN,ROAD,4,19.0
174814,1,2,110,1,3,40.0,0,I,SMALL_CITIES,STREET,4,21.0
174815,1,2,120,5,2,50.0,0,N,MELB_URBAN,STREET,4,19.0
174816,3,2,167,5,1,60.0,0,N,SMALL_CITIES,ROAD,4,14.0
174817,1,6,121,1,1,40.0,0,I,MELB_URBAN,ROAD,4,17.0
174818,1,2,130,5,1,80.0,0,N,MELB_URBAN,FREEWAY,4,16.0
174819,1,4,121,1,1,50.0,0,I,MELB_URBAN,ROAD,4,18.0
174820,1,1,130,1,3,60.0,0,N,MELB_URBAN,STREET,4,21.0
174821,1,3,140,4,1,110.0,0,N,RURAL_VICTORIA,FREEWAY,3,8.0
174822,4,3,171,1,3,70.0,0,I,MELB_URBAN,ROAD,4,0.0
174823,1,1,113,2,2,60.0,0,I,MELB_URBAN,ROAD,3,19.0
174824,4,3,99,5,3,40.0,0,N,LARGE_PROVINCIAL_CITIES,STREET,4,5.0
174825,1,5,130,5,1,80.0,0,N,RURAL_VICTORIA,ROAD,4,16.0
174826,1,2,110,1,1,50.0,0,I,SMALL_CITIES,STREET,4,8.0
174827,1,4,110,1,3,80.0,0,I,MELB_URBAN,ROAD,3,5.0
174828,1,2,110,1,1,80.0,0,I,MELB_URBAN,ROAD,4,7.0
174829,1,2,120,5,1,60.0,0,N,RURAL_VICTORIA,ROAD,4,7.0
174830,1,7,147,5,2,60.0,0,N,MELB_URBAN,STREET,4,18.0
174831,1,1,130,5,5,70.0,0,N,MELB_URBAN,DRIVE,2,23.0
174832,1,4,111,2,1,50.0,0,I,SMALL_CITIES,ROAD,2,13.0
174833,1,2,160,5,1,50.0,0,N,SMALL_TOWNS,DRIVE,4,8.0
174834,1,6,132,5,1,60.0,0,N,SMALL_CITIES,STREET,4,17.0
174835,1,3,130,1,1,60.0,0,N,RURAL_VICTORIA,ROAD,6,14.0
174836,1,3,130,5,1,80.0,0,N,MELB_URBAN,RAMP,4,10.0
174837,2,2,102,5,6,60.0,0,N,MELB_URBAN,ROAD,4,21.0
174838,1,3,121,2,1,80.0,0,I,MELB_URBAN,STREET,4,11.0
174839,1,3,121,2,1,60.0,0,O,MELB_URBAN,UNKNOWN,4,10.0
174840,4,3,183,5,1,110.0,0,N,RURAL_VICTORIA,FREEWAY,4,11.0
174841,1,1,121,2,2,50.0,0,I,MELB_URBAN,ROAD,4,18.0
174842,1,3,116,2,1,60.0,0,I,MELB_URBAN,HIGHWAY,4,10.0
174843,1,2,130,2,1,70.0,0,N,MELB_URBAN,ROAD,4,8.0
174844,1,3,113,2,1,60.0,0,I,SMALL_CITIES,STREET,3,15.0
174845,1,2,113,2,1,60.0,0,I,MELB_URBAN,ROAD,4,16.0
174846,1,3,140,2,1,60.0,0,I,MELB_URBAN,ROAD,4,14.0
174847,1,5,116,2,1,50.0,0,O,MELB_URBAN,UNKNOWN,11,18.0
174848,1,3,110,1,1,50.0,0,I,MELB_URBAN,PARADE,4,13.0
174849,2,0,99,1,1,40.0,0,I,MELB_URBAN,OTHER,3,16.0
174850,1,1,130,5,1,80.0,0,N,MELB_URBAN,FREEWAY,3,16.0
174851,2,2,99,5,1,40.0,0,N,MELB_URBAN,ROAD,4,15.0
174852,1,5,99,2,1,60.0,0,I,MELB_URBAN,ROAD,4,9.0
174853,1,2,121,1,3,60.0,0,I,MELB_URBAN,ROAD,4,21.0
174854,4,2,173,5,1,50.0,0,N,MELB_URBAN,STREET,4,16.0
174855,1,2,130,2,1,60.0,0,N,MELB_URBAN,STREET,4,16.0
174856,1,3,135,5,1,100.0,0,N,MELB_URBAN,ROAD,4,14.0
174857,1,3,99,2,1,60.0,0,I,MELB_URBAN,ROAD,4,18.0
174858,1,4,121,1,3,60.0,0,N,MELB_URBAN,STREET,3,6.0
174859,1,2,121,2,1,40.0,0,I,MELB_URBAN,ROAD,4,17.0
174860,4,3,171,5,2,100.0,0,N,RURAL_VICTORIA,ROAD,4,17.0
174861,1,3,110,1,3,60.0,0,I,MELB_URBAN,ROAD,4,19.0
174862,1,3,121,2,3,80.0,0,I,MELB_URBAN,ROAD,4,18.0
174863,2,2,100,5,3,60.0,0,N,MELB_URBAN,HIGHWAY,4,22.0
174864,4,3,181,5,1,50.0,0,N,MELB_URBAN,BOULEVARD,4,16.0
174865,1,3,110,1,1,60.0,0,I,RURAL_VICTORIA,BOULEVARD,4,15.0
174866,1,2,160,5,3,60.0,0,N,TOWNS,ROAD,4,22.0
174867,1,3,120,1,3,70.0,0,I,MELB_URBAN,ROAD,4,21.0
174868,1,3,99,5,5,40.0,0,N,MELB_URBAN,ROAD,4,23.0
174869,5,4,99,5,5,100.0,0,N,RURAL_VICTORIA,RAMP,4,5.0
174870,3,4,167,5,5,80.0,0,N,RURAL_VICTORIA,ROAD,4,19.0
174871,1,5,110,1,1,60.0,0,I,MELB_URBAN,ROAD,3,17.0
174872,1,4,110,1,1,60.0,0,I,MELB_URBAN,STREET,4,9.0