,accident_type,day_of_week,dca_code,road_geometry,light_condition,speed_zone,severity,node_type,deg_urban_name,road_type,month,hour
174873,8,1,174,5,1,60.0,0,N,RURAL_VICTORIA,OTHER,4,15.0
174874,1,3,130,5,1,70.0,1,N,MELB_URBAN,ROAD,4,12.0
174875,1,4,147,2,1,60.0,0,I,MELB_URBAN,ROAD,4,8.0
174876,1,0,121,1,1,40.0,0,I,LARGE_PROVINCIAL_CITIES,ROAD,7,12.0
174877,4,4,173,5,1,80.0,0,N,RURAL_VICTORIA,ROAD,4,7.0
174878,4,4,173,5,2,100.0,0,N,RURAL_VICTORIA,HIGHWAY,4,6.0
174879,4,2,183,5,1,40.0,0,N,SMALL_CITIES,DRIVE,3,15.0
174880,2,3,100,5,1,40.0,0,N,MELB_URBAN,DRIVE,4,12.0
174881,1,5,130,5,1,70.0,0,N,MELB_URBAN,ROAD,3,12.0
174882,8,6,170,2,1,80.0,0,I,RURAL_VICTORIA,ROAD,3,18.0
174883,1,4,110,1,1,60.0,0,I,MELB_URBAN,ROAD,4,12.0
174884,4,3,181,5,1,100.0,0,N,RURAL_VICTORIA,HIGHWAY,4,7.0
174885,1,1,130,1,1,70.0,0,I,SMALL_CITIES,ROAD,4,17.0
174886,1,3,113,1,1,70.0,0,I,MELB_URBAN,ROAD,4,7.0
174887,1,4,130,5,1,70.0,0,N,MELB_URBAN,ROAD,4,12.0
174888,1,4,133,5,1,60.0,0,N,MELB_URBAN,STREET,3,14.0
174889,1,4,121,1,1,80.0,0,N,MELB_URBAN,ROAD,4,14.0
174890,1,4,113,2,1,60.0,0,I,MELB_URBAN,ROAD,4,15.0
174891,8,6,184,5,1,40.0,0,N,RURAL_VICTORIA,HIGHWAY,3,11.0
174892,2,2,99,5,5,80.0,0,N,TOWNS,ROAD,4,19.0
174893,1,7,130,1,1,60.0,0,I,LARGE_PROVINCIAL_CITIES,ROAD,3,16.0
174894,6,4,184,2,1,60.0,0,I,MELB_URBAN,PARADE,4,16.0
174895,1,5,121,1,1,60.0,0,I,MELB_URBAN,STREET,4,9.0
174896,1,4,113,2,1,60.0,0,I,MELB_URBAN,ROAD,4,15.0
174897,1,5,133,2,1,70.0,0,I,RURAL_VICTORIA,RAMP,3,18.0
174898,1,4,120,5,3,80.0,0,N,MELB_URBAN,ROAD,4,19.0
174899,4,4,183,5,3,50.0,0,N,MELB_URBAN,DRIVE,4,18.0
174900,4,4,183,5,6,50.0,0,N,MELB_URBAN,OTHER,4,20.0
174901,1,3,121,1,3,80.0,0,I,MELB_URBAN,ROAD,4,21.0
174902,1,4,173,5,3,100.0,0,N,MELB_URBAN,FREEWAY,4,20.0
174903,8,3,99,5,3,60.0,0,N,MELB_URBAN,ROAD,4,23.0
174904,4,5,181,5,4,100.0,0,N,MELB_URBAN,FREEWAY,4,2.0
174905,1,3,121,2,1,80.0,0,I,MELB_URBAN,ROAD,4,15.0
174906,1,1,130,5,1,50.0,0,N,MELB_URBAN,ROAD,3,14.0
174907,1,6,163,5,1,50.0,0,N,MELB_URBAN,STREET,2,10.0
174908,6,1,99,2,5,100.0,0,I,RURAL_VICTORIA,ROAD,3,3.0
174909,1,5,110,1,1,50.0,0,I,TOWNS,STREET,4,7.0
174910,1,4,99,5,5,60.0,0,N,MELB_URBAN,HIGHWAY,4,19.0
174911,2,2,99,5,1,60.0,0,N,TOWNS,STREET,4,11.0
174912,1,5,121,1,1,40.0,0,I,MELBOURNE_CBD,STREET,4,8.0
174913,1,5,121,1,1,60.0,0,I,MELB_URBAN,HIGHWAY,4,7.0
174914,1,5,120,5,2,60.0,0,N,MELB_URBAN,ROAD,4,6.0
174915,1,4,135,5,1,100.0,0,N,MELB_URBAN,ROAD,4,9.0
174916,6,1,174,5,1,60.0,0,N,RURAL_VICTORIA,OTHER,4,12.0
174917,1,5,121,1,3,80.0,0,N,MELB_URBAN,ROAD,4,5.0
174918,1,5,130,5,1,40.0,0,N,MELB_URBAN,STREET,4,12.0
174919,1,3,130,1,2,60.0,0,I,MELB_URBAN,STREET,4,5.0
174920,1,2,130,5,2,100.0,0,N,MELB_URBAN,UNKNOWN,4,6.0
174921,1,5,99,1,1,60.0,0,N,MELB_URBAN,ROAD,4,7.0
174922,1,4,99,1,6,60.0,0,N,MELB_URBAN,STREET,3,5.0
174923,1,2,121,1,1,60.0,0,I,MELB_URBAN,STREET,3,17.0
174924,5,5,171,5,1,80.0,0,N,RURAL_VICTORIA,ROAD,4,11.0
174925,1,4,130,5,1,80.0,0,N,MELB_URBAN,FREEWAY,3,15.0
174926,1,5,181,1,1,50.0,0,I,TOWNS,STREET,4,11.0
174927,1,5,130,2,1,50.0,0,I,MELB_URBAN,ROAD,4,11.0
174928,1,5,121,1,1,80.0,0,I,MELB_URBAN,ROAD,4,13.0
174929,1,5,171,5,1,60.0,0,N,LARGE_PROVINCIAL_CITIES,STREET,4,13.0
174930,3,2,167,5,5,110.0,0,N,RURAL_VICTORIA,FREEWAY,3,1.0
174931,1,5,140,2,1,60.0,0,I,MELB_URBAN,ROAD,2,12.0
174932,4,5,173,5,1,100.0,1,N,RURAL_VICTORIA,ROAD,4,8.0
174933,6,3,174,5,1,60.0,0,N,MELB_URBAN,ROAD,4,9.0
174934,1,3,132,2,1,60.0,0,N,MELB_URBAN,STREET,12,14.0
174935,1,5,113,2,1,60.0,0,I,MELB_URBAN,ROAD,4,12.0
174936,1,2,130,5,3,40.0,0,N,MELB_URBAN,OTHER,4,20.0
174937,2,4,100,5,1,60.0,0,N,MELB_URBAN,ROAD,4,15.0
174938,1,3,110,1,3,80.0,0,I,RURAL_VICTORIA,ROAD,12,1.0
174939,2,5,100,4,1,60.0,0,I,MELB_URBAN,ROAD,4,16.0
174940,5,4,99,5,1,50.0,0,N,MELB_URBAN,OTHER,4,15.0
174941,1,5,147,1,1,50.0,0,N,SMALL_CITIES,STREET,4,17.0
174942,1,6,130,2,1,70.0,0,I,MELB_URBAN,HIGHWAY,3,11.0
174943,1,4,147,5,1,80.0,0,N,MELB_URBAN,ROAD,3,15.0
174944,1,7,110,1,3,60.0,0,I,MELB_URBAN,ROAD,4,0.0
174945,1,5,130,5,3,80.0,0,N,MELB_URBAN,ROAD,4,17.0
174946,1,5,121,2,3,50.0,0,I,MELB_URBAN,OTHER,4,18.0
174947,1,5,110,1,1,60.0,0,I,LARGE_PROVINCIAL_CITIES,STREET,4,17.0
174948,1,5,130,5,1,80.0,0,N,RURAL_VICTORIA,ROAD,4,17.0
174949,1,5,110,1,3,80.0,0,I,SMALL_TOWNS,ROAD,4,19.0
174950,2,5,99,5,1,40.0,0,N,SMALL_CITIES,STREET,4,16.0
174951,4,5,171,2,3,50.0,0,I,MELB_URBAN,STREET,4,20.0
174952,1,5,110,1,6,50.0,0,I,MELB_URBAN,AVENUE,3,23.0
174953,1,4,110,1,3,50.0,0,I,MELB_URBAN,PARADE,4,21.0
174954,1,4,110,1,3,40.0,0,I,MELB_URBAN,BOULEVARD,4,22.0
174955,1,5,130,1,3,70.0,0,I,MELB_URBAN,ROAD,4,22.0
174956,1,5,147,5,3,60.0,0,N,MELB_URBAN,PARADE,4,18.0
174957,1,5,120,5,3,60.0,0,N,MELB_URBAN,ROAD,4,23.0
174958,1,2,130,5,1,80.0,0,N,MELB_URBAN,ROAD,3,9.0
174959,4,6,173,5,5,100.0,0,N,RURAL_VICTORIA,ROAD,4,5.0
174960,2,0,99,5,1,50.0,0,N,MELB_URBAN,STREET,4,14.0
174961,8,3,174,5,1,40.0,0,N,MELB_URBAN,ROAD,4,11.0
174962,1,5,121,2,1,40.0,0,I,MELB_URBAN,ROAD,4,10.0
174963,1,6,121,2,1,50.0,0,O,RURAL_VICTORIA,UNKNOWN,4,10.0
174964,1,5,163,5,1,40.0,0,N,MELBOURNE_CBD,STREET,4,11.0
174965,2,2,99,5,1,40.0,0,N,MELB_URBAN,DRIVE,2,8.0
174966,1,5,130,2,1,80.0,0,N,MELB_URBAN,RAMP,3,15.0
174967,6,6,99,5,1,100.0,0,N,RURAL_VICTORIA,ROAD,4,10.0
174968,2,6,99,2,1,60.0,0,I,RURAL_VICTORIA,ROAD,4,8.0
174969,1,5,110,1,9,60.0,0,I,MELB_URBAN,STREET,3,16.0
174970,6,0,174,5,2,60.0,0,N,RURAL_VICTORIA,OTHER,4,17.0
174971,6,7,174,2,1,50.0,0,I,MELB_URBAN,STREET,3,20.0
174972,1,6,134,5,9,60.0,0,N,MELB_URBAN,ROAD,11,15.0
174973,3,5,167,5,1,80.0,0,N,RURAL_VICTORIA,ROAD,4,16.0
174974,8,5,99,5,5,100.0,0,N,RURAL_VICTORIA,ROAD,5,23.0
174975,4,6,171,5,1,100.0,1,N,RURAL_VICTORIA,ROAD,4,13.0
174976,1,2,130,5,1,80.0,0,N,MELB_URBAN,ROAD,3,8.0
174977,4,6,181,5,1,100.0,0,N,RURAL_VICTORIA,ROAD,4,14.0
174978,3,4,167,5,1,100.0,0,N,RURAL_VICTORIA,ROAD,3,16.0
174979,1,5,130,2,1,60.0,0,N,MELB_URBAN,PARADE,4,17.0
174980,1,5,121,1,2,60.0,0,I,RURAL_VICTORIA,ROAD,4,17.0
174981,2,2,100,1,1,60.0,0,I,MELB_URBAN,STREET,4,17.0
174982,1,6,99,1,5,60.0,0,I,MELB_URBAN,ROAD,4,18.0
174983,1,6,130,5,1,80.0,0,N,MELB_URBAN,ROAD,4,15.0
174984,1,6,110,1,3,60.0,0,I,MELB_URBAN,ROAD,4,19.0
174985,1,6,99,5,1,50.0,0,N,MELB_URBAN,ROAD,4,17.0
174986,1,5,113,2,1,40.0,0,I,MELB_URBAN,HIGHWAY,4,17.0
174987,4,1,183,5,2,100.0,0,N,RURAL_VICTORIA,ROAD,4,17.0
174988,1,5,130,5,1,60.0,0,N,SMALL_CITIES,STREET,4,17.0
174989,2,6,100,1,3,70.0,0,I,MELB_URBAN,STREET,4,20.0
174990,2,6,100,1,2,60.0,0,I,MELB_URBAN,STREET,4,6.0
174991,4,6,171,5,1,60.0,0,N,MELB_URBAN,ROAD,4,16.0
174992,1,3,130,1,1,60.0,0,N,MELB_URBAN,ROAD,3,11.0
174993,1,7,135,5,1,80.0,0,N,MELB_URBAN,RAMP,4,7.0
174994,6,7,99,2,1,50.0,0,I,MELB_URBAN,STREET,4,7.0
174995,4,3,171,5,1,60.0,0,N,RURAL_VICTORIA,ROAD,2,17.0
174996,1,6,133,5,1,60.0,0,N,MELB_URBAN,ROAD,4,9.0
174997,2,6,99,5,1,50.0,0,N,MELB_URBAN,AVENUE,4,10.0
174998,1,0,130,5,1,80.0,0,N,RURAL_VICTORIA,ROAD,4,12.0
174999,1,6,140,5,1,40.0,0,N,MELB_URBAN,STREET,4,12.0
175000,1,7,110,1,1,80.0,0,I,MELB_URBAN,HIGHWAY,4,11.0
175001,4,7,171,5,1,110.0,0,N,RURAL_VICTORIA,FREEWAY,4,13.0
175002,1,7,147,5,1,60.0,0,N,MELB_URBAN,ROAD,4,10.0
175003,6,7,99,5,1,80.0,0,N,RURAL_VICTORIA,ROAD,4,11.0
175004,1,1,163,5,3,60.0,0,N,MELB_URBAN,PARADE,4,21.0
175005,4,7,181,5,1,50.0,0,N,MELB_URBAN,OTHER,4,14.0
175006,4,7,99,2,1,100.0,0,I,RURAL_VICTORIA,ROAD,4,14.0
175007,1,6,121,5,1,50.0,0,N,MELB_URBAN,STREET,4,15.0
175008,1,7,116,2,1,60.0,0,I,SMALL_CITIES,STREET,4,16.0
175009,4,4,99,2,1,50.0,0,I,LARGE_PROVINCIAL_CITIES,STREET,4,8.0
175010,4,7,99,3,1,50.0,0,I,TOWNS,STREET,4,15.0
175011,1,7,130,5,1,100.0,0,N,MELB_URBAN,FREEWAY,4,12.0
175012,4,6,133,5,2,100.0,0,N,SMALL_CITIES,HIGHWAY,4,4.0
175013,1,6,99,2,1,100.0,0,I,RURAL_VICTORIA,HIGHWAY,4,16.0
175014,1,7,110,1,2,60.0,0,I,MELB_URBAN,ROAD,4,16.0
175015,1,6,110,1,1,60.0,0,I,MELB_URBAN,ROAD,4,16.0
175016,1,6,133,1,1,80.0,0,N,MELB_URBAN,ROAD,4,16.0
175017,4,7,99,2,1,60.0,0,I,MELB_URBAN,ROAD,4,17.0
175018,1,7,116,2,1,60.0,0,N,MELB_URBAN,ROAD,4,16.0
175019,1,6,130,2,1,60.0,0,I,MELB_URBAN,ROAD,4,13.0
175020,1,6,121,2,2,60.0,0,I,MELB_URBAN,ROAD,4,6.0
175021,2,7,100,5,3,70.0,0,N,MELB_URBAN,ROAD,4,19.0
175022,1,7,130,2,3,80.0,0,N,MELB_URBAN,ROAD,4,22.0
175023,4,7,171,5,5,100.0,0,N,RURAL_VICTORIA,ROAD,4,0.0
175024,1,1,130,2,3,60.0,0,N,MELB_URBAN,ROAD,4,0.0
175025,3,4,167,5,1,100.0,0,N,RURAL_VICTORIA,ROAD,4,11.0
175026,1,3,147,5,1,60.0,0,N,MELB_URBAN,ROAD,3,13.0
175027,1,7,130,5,1,60.0,0,N,MELB_URBAN,ROAD,4,10.0
175028,4,7,181,5,9,50.0,0,N,MELB_URBAN,OTHER,4,20.0
175029,1,3,135,5,1,100.0,0,N,MELB_URBAN,ROAD,3,11.0
175030,4,1,173,5,5,100.0,0,N,RURAL_VICTORIA,ROAD,4,2.0
175031,4,1,99,5,1,60.0,0,N,RURAL_VICTORIA,OTHER,4,10.0
175032,1,1,99,5,1,60.0,0,N,MELB_URBAN,ROAD,4,10.0
175033,1,0,130,5,1,40.0,0,N,MELB_URBAN,FREEWAY,4,11.0
175034,4,1,173,1,1,50.0,0,I,SMALL_CITIES,STREET,4,12.0
175035,1,6,99,5,1,50.0,0,N,MELB_URBAN,STREET,4,12.0
175036,1,4,130,1,3,60.0,0,I,MELB_URBAN,ROAD,2,22.0
175037,2,1,99,5,1,50.0,0,N,MELB_URBAN,STREET,4,12.0
175038,4,1,181,5,1,80.0,0,N,RURAL_VICTORIA,ROAD,4,13.0
175039,1,1,130,2,1,70.0,0,I,MELB_URBAN,ROAD,4,12.0
175040,4,1,171,5,1,100.0,0,N,RURAL_VICTORIA,ROAD,4,12.0
175041,1,7,130,5,1,40.0,0,N,MELB_URBAN,ROAD,4,17.0
175042,1,1,160,5,1,50.0,0,N,MELB_URBAN,STREET,4,14.0
175043,1,1,130,5,1,60.0,0,N,MELB_URBAN,ROAD,4,14.0
175044,4,1,171,2,1,60.0,0,I,MELB_URBAN,ROAD,4,16.0
175045,2,0,102,2,1,40.0,0,I,RURAL_VICTORIA,DRIVE,4,17.0
175046,4,0,181,5,1,100.0,0,N,RURAL_VICTORIA,HIGHWAY,4,8.0
175047,8,1,174,5,3,50.0,0,N,MELB_URBAN,STREET,4,18.0
175048,2,6,99,5,1,60.0,0,N,MELB_URBAN,STREET,4,16.0
175049,4,1,171,5,5,100.0,0,N,RURAL_VICTORIA,ROAD,4,18.0
175050,1,1,113,2,1,80.0,0,N,RURAL_VICTORIA,ROAD,4,17.0
175051,1,1,121,1,1,50.0,0,I,MELB_URBAN,ROAD,4,15.0
175052,1,7,147,5,2,50.0,0,N,MELB_URBAN,ROAD,4,18.0
175053,4,0,173,5,5,100.0,0,N,RURAL_VICTORIA,ROAD,4,19.0
175054,2,1,100,2,1,60.0,0,I,SMALL_CITIES,ROAD,4,10.0
175055,1,1,147,5,1,100.0,0,I,RURAL_VICTORIA,ROAD,4,14.0
175056,1,1,140,5,5,100.0,0,N,RURAL_VICTORIA,HIGHWAY,4,19.0
175057,1,1,160,5,3,60.0,0,N,MELB_URBAN,STREET,4,18.0
175058,1,0,110,1,3,60.0,0,I,MELB_URBAN,ROAD,4,21.0
175059,1,0,130,5,1,60.0,0,N,MELB_URBAN,ROAD,4,16.0
175060,1,5,147,5,1,60.0,0,N,MELB_URBAN,ROAD,3,7.0
175061,1,1,113,2,3,60.0,0,I,MELB_URBAN,ROAD,4,20.0
175062,1,1,113,2,1,60.0,0,I,MELB_URBAN,ROAD,4,17.0
175063,6,7,174,1,1,60.0,0,I,RURAL_VICTORIA,STREET,4,17.0
175064,1,2,116,2,2,60.0,0,I,MELB_URBAN,PARADE,4,6.0
175065,2,2,102,2,1,60.0,0,I,MELB_URBAN,ROAD,4,7.0
175066,1,5,99,2,1,60.0,0,I,MELB_URBAN,STREET,4,8.0
175067,1,1,130,5,9,60.0,0,N,MELB_URBAN,ROAD,11,11.0
175068,1,7,130,5,2,40.0,0,N,MELB_URBAN,FREEWAY,4,19.0
175069,1,2,132,5,1,40.0,0,N,MELB_URBAN,STREET,4,8.0
175070,1,2,113,2,1,60.0,0,I,MELB_URBAN,PARADE,4,8.0
175071,8,4,184,5,1,100.0,0,N,RURAL_VICTORIA,OTHER,4,15.0
175072,1,4,130,5,1,80.0,0,N,MELB_URBAN,ROAD,4,13.0
175073,1,2,130,2,1,70.0,0,I,MELB_URBAN,STREET,4,8.0
175074,1,1,134,5,1,100.0,0,N,MELB_URBAN,FREEWAY,4,7.0
175075,6,2,174,1,1,60.0,0,I,LARGE_PROVINCIAL_CITIES,ROAD,4,11.0
175076,2,5,99,5,3,60.0,0,N,LARGE_PROVINCIAL_CITIES,STREET,2,4.0
175077,1,2,147,5,1,60.0,0,N,LARGE_PROVINCIAL_CITIES,HIGHWAY,4,9.0
175078,1,2,130,5,1,80.0,0,N,MELB_URBAN,ROAD,4,8.0
175079,5,6,99,5,1,60.0,0,N,MELB_URBAN,DRIVE,4,7.0
175080,6,6,99,5,1,60.0,0,N,RURAL_VICTORIA,ROAD,3,9.0
175081,1,2,111,1,1,70.0,0,I,RURAL_VICTORIA,ROAD,4,13.0
175082,1,1,130,1,1,60.0,0,N,MELB_URBAN,BOULEVARD,4,7.0
175083,4,5,171,5,1,50.0,0,N,MELB_URBAN,STREET,2,12.0
175084,1,2,121,2,1,60.0,0,N,MELB_URBAN,ROAD,4,14.0
175085,6,3,174,4,1,60.0,0,I,MELB_URBAN,RAMP,4,8.0
175086,1,1,111,1,1,100.0,0,I,RURAL_VICTORIA,ROAD,4,15.0
175087,4,2,181,5,1,50.0,0,N,RURAL_VICTORIA,STREET,4,15.0
175088,1,5,130,5,1,100.0,0,N,RURAL_VICTORIA,HIGHWAY,3,15.0
175089,1,5,130,5,2,100.0,0,N,MELB_URBAN,HIGHWAY,4,7.0
175090,1,2,121,2,1,40.0,0,I,MELB_URBAN,ROAD,4,15.0
175091,1,2,147,5,1,60.0,0,N,MELB_URBAN,OTHER,4,13.0
175092,1,2,130,5,1,100.0,0,N,MELB_URBAN,FREEWAY,4,15.0
175093,1,1,130,5,3,100.0,0,N,MELB_URBAN,RAMP,4,18.0
175094,1,2,99,5,1,100.0,0,N,MELB_URBAN,ROAD,4,17.0
175095,1,2,132,5,3,80.0,0,N,MELB_URBAN,ROAD,4,18.0
175096,2,2,102,5,1,50.0,0,N,MELB_URBAN,STREET,4,16.0
175097,1,2,133,5,1,60.0,0,N,MELB_URBAN,ROAD,4,16.0
175098,1,1,130,5,2,100.0,0,N,MELB_URBAN,FREEWAY,4,16.0
175099,1,2,140,5,1,60.0,0,N,MELB_URBAN,ROAD,4,16.0
175100,2,1,100,1,1,40.0,0,I,MELB_URBAN,STREET,4,9.0
175101,1,2,99,1,1,60.0,0,N,MELB_URBAN,ROAD,4,8.0
175102,1,2,130,5,3,80.0,0,N,MELB_URBAN,FREEWAY,4,20.0
175103,1,1,130,1,3,50.0,0,I,SMALL_CITIES,STREET,4,21.0
175104,1,1,130,2,2,60.0,0,I,MELB_URBAN,ROAD,4,17.0
175105,1,7,163,5,1,60.0,0,N,MELB_URBAN,STREET,4,17.0
175106,4,2,171,5,2,50.0,0,N,MELB_URBAN,PARADE,4,17.0
175107,1,2,121,2,1,60.0,0,I,MELB_URBAN,ROAD,4,16.0
175108,5,6,99,5,1,100.0,0,N,SMALL_TOWNS,ROAD,1,12.0
175109,1,2,99,1,3,60.0,0,I,SMALL_CITIES,STREET,4,22.0
175110,4,1,171,1,3,60.0,0,I,SMALL_CITIES,STREET,4,21.0
175111,1,3,99,1,2,60.0,0,I,MELB_URBAN,STREET,4,6.0
175112,1,6,121,2,1,60.0,0,I,MELB_URBAN,ROAD,4,12.0
175113,1,2,116,1,1,80.0,0,I,MELB_URBAN,ROAD,4,13.0
175114,1,3,120,5,2,40.0,0,N,RURAL_VICTORIA,ROAD,4,6.0
175115,4,1,171,5,5,100.0,0,N,RURAL_VICTORIA,ROAD,4,22.0
175116,1,3,113,2,1,60.0,0,I,MELB_URBAN,STREET,4,8.0
175117,2,1,100,1,1,40.0,0,I,MELB_URBAN,DRIVE,4,8.0
175118,4,3,171,5,3,60.0,0,N,LARGE_PROVINCIAL_CITIES,ROAD,4,22.0
175119,2,3,100,5,1,60.0,0,N,MELB_URBAN,ROAD,4,8.0
175120,1,2,121,1,1,50.0,0,N,MELB_URBAN,ROAD,3,10.0
175121,1,5,130,2,1,60.0,0,N,MELB_URBAN,HIGHWAY,9,13.0
175122,1,2,111,1,9,60.0,0,I,MELB_URBAN,STREET,4,8.0
175123,1,2,113,4,1,50.0,0,I,LARGE_PROVINCIAL_CITIES,OTHER,4,12.0
175124,1,3,113,2,1,60.0,0,N,SMALL_CITIES,ROAD,4,10.0
175125,1,2,111,1,1,50.0,0,I,LARGE_PROVINCIAL_CITIES,STREET,3,9.0
175126,6,1,174,5,1,60.0,0,N,RURAL_VICTORIA,ROAD,4,14.0
175127,1,3,113,2,1,60.0,0,I,MELB_URBAN,ROAD,4,10.0
175128,1,3,110,1,2,60.0,0,I,MELB_URBAN,ROAD,4,16.0
175129,1,3,135,5,1,60.0,0,N,SMALL_CITIES,ROAD,4,12.0
175130,1,3,130,2,1,60.0,0,I,MELB_URBAN,ROAD,4,8.0
175131,1,3,120,5,1,60.0,0,N,RURAL_VICTORIA,ROAD,4,10.0
175132,1,2,147,5,1,60.0,0,N,MELB_URBAN,STREET,4,16.0
175133,1,1,130,5,1,60.0,0,N,MELB_URBAN,PARADE,4,9.0
175134,1,4,120,5,2,50.0,0,N,MELB_URBAN,ROAD,9,17.0
175135,4,1,181,5,1,100.0,0,N,RURAL_VICTORIA,ROAD,4,17.0
175136,1,3,110,1,1,100.0,0,I,RURAL_VICTORIA,HIGHWAY,4,10.0
175137,1,3,99,5,1,40.0,0,N,MELB_URBAN,STREET,4,8.0
175138,1,4,130,5,1,100.0,0,N,MELB_URBAN,ROAD,4,16.0
175139,1,2,132,1,1,60.0,0,I,MELB_URBAN,ROAD,4,14.0
175140,1,4,99,5,1,100.0,0,N,RURAL_VICTORIA,HIGHWAY,4,7.0
175141,6,3,99,1,1,100.0,0,I,RURAL_VICTORIA,ROAD,4,14.0
175142,1,5,130,2,1,60.0,0,N,MELB_URBAN,PARADE,4,14.0
175143,1,2,110,1,1,40.0,0,I,MELB_URBAN,STREET,3,12.0
175144,1,2,110,1,1,80.0,0,I,MELB_URBAN,ROAD,4,13.0
175145,1,4,111,2,1,50.0,0,N,MELB_URBAN,AVENUE,4,15.0
175146,1,3,147,5,1,40.0,0,N,MELB_URBAN,OTHER,4,10.0
175147,1,3,110,1,1,60.0,0,I,TOWNS,STREET,4,15.0
175148,8,2,99,2,1,60.0,0,I,MELB_URBAN,HIGHWAY,3,13.0
175149,1,3,130,1,1,50.0,0,N,LARGE_PROVINCIAL_CITIES,STREET,4,14.0
175150,1,2,130,5,1,80.0,0,N,MELB_URBAN,HIGHWAY,3,7.0
175151,5,7,99,5,1,100.0,0,N,RURAL_VICTORIA,ROAD,4,15.0
175152,2,3,100,5,1,60.0,0,N,MELB_URBAN,ROAD,4,16.0
175153,1,2,130,2,1,80.0,0,N,MELB_URBAN,HIGHWAY,4,8.0
175154,1,1,130,2,1,60.0,0,N,RURAL_VICTORIA,ROAD,4,17.0
175155,4,5,171,5,3,70.0,0,N,MELB_URBAN,BOULEVARD,4,23.0
175156,1,3,147,5,1,60.0,0,N,MELB_URBAN,ROAD,4,16.0
175157,2,3,100,5,6,60.0,0,N,MELB_URBAN,STREET,4,18.0
175158,2,3,99,2,5,60.0,0,I,RURAL_VICTORIA,ROAD,4,18.0
175159,4,5,171,5,5,80.0,0,N,RURAL_VICTORIA,ROAD,3,20.0
175160,1,2,121,5,1,50.0,0,N,MELB_URBAN,STREET,4,17.0
175161,1,3,99,2,2,60.0,0,I,MELB_URBAN,ROAD,4,17.0
175162,1,3,130,5,3,100.0,0,N,MELB_URBAN,FREEWAY,4,19.0
175163,4,3,181,5,9,100.0,0,N,RURAL_VICTORIA,ROAD,4,15.0
175164,1,7,140,5,9,60.0,0,N,MELB_URBAN,ROAD,9,9.0
175165,1,3,147,5,1,50.0,0,O,MELB_URBAN,UNKNOWN,4,16.0
175166,1,2,120,5,5,80.0,0,N,RURAL_VICTORIA,ROAD,4,20.0
175167,1,3,140,5,5,60.0,0,N,RURAL_VICTORIA,ROAD,4,18.0
175168,3,3,167,5,5,110.0,0,N,RURAL_VICTORIA,FREEWAY,4,0.0
175169,1,3,99,5,3,60.0,0,N,MELB_URBAN,PARADE,4,23.0
175170,1,2,140,1,3,60.0,0,I,LARGE_PROVINCIAL_CITIES,STREET,4,22.0
175171,1,1,110,1,1,60.0,0,I,MELB_URBAN,ROAD,4,15.0
175172,1,3,110,1,1,50.0,0,I,MELB_URBAN,STREET,2,12.0
175173,1,5,110,1,2,60.0,0,I,LARGE_PROVINCIAL_CITIES,STREET,3,7.0
175174,1,4,130,5,1,40.0,0,N,MELB_URBAN,ROAD,4,8.0
175175,1,7,113,2,3,60.0,0,I,LARGE_PROVINCIAL_CITIES,ROAD,10,20.0
175176,1,4,130,1,1,60.0,0,I,MELB_URBAN,ROAD,4,10.0
175177,4,3,171,5,1,100.0,0,N,RURAL_VICTORIA,ROAD,4,8.0
175178,1,3,121,1,6,40.0,0,I,LARGE_PROVINCIAL_CITIES,OTHER,4,17.0
175179,6,3,99,2,2,60.0,0,N,RURAL_VICTORIA,STREET,4,17.0
175180,1,3,99,5,1,50.0,0,N,MELB_URBAN,ROAD,4,7.0
175181,1,0,130,2,1,60.0,0,I,RURAL_VICTORIA,DRIVE,4,13.0
175182,1,3,120,5,5,80.0,0,N,RURAL_VICTORIA,ROAD,4,6.0
175183,1,4,110,1,1,50.0,0,I,MELB_URBAN,OTHER,4,8.0
175184,1,3,130,1,1,60.0,0,I,RURAL_VICTORIA,BOULEVARD,4,9.0
175185,1,3,110,1,1,50.0,0,I,TOWNS,STREET,4,13.0
175186,6,6,174,1,3,50.0,0,I,MELB_URBAN,STREET,4,20.0
175187,4,3,171,5,1,60.0,0,N,MELB_URBAN,ROAD,4,12.0
175188,1,4,135,2,1,50.0,0,I,MELB_URBAN,ROAD,4,11.0
175189,6,1,184,5,1,100.0,0,N,RURAL_VICTORIA,ROAD,4,16.0
175190,1,2,132,2,1,60.0,0,I,MELB_URBAN,ROAD,4,15.0
175191,1,4,130,5,1,60.0,0,N,MELB_URBAN,ROAD,2,15.0
175192,1,2,130,5,1,80.0,0,N,MELB_URBAN,RAMP,4,16.0
175193,4,2,171,5,1,60.0,0,N,RURAL_VICTORIA,OTHER,4,10.0
175194,6,6,174,5,1,60.0,0,I,MELB_URBAN,ROAD,4,8.0
175195,1,2,130,5,1,60.0,0,N,MELB_URBAN,RAMP,3,15.0
175196,6,3,174,1,2,50.0,0,I,LARGE_PROVINCIAL_CITIES,STREET,4,6.0
175197,1,4,99,1,1,60.0,0,N,MELB_URBAN,OTHER,4,15.0
175198,1,4,99,2,1,50.0,0,I,MELB_URBAN,STREET,4,9.0