,accident_type,day_of_week,dca_code,road_geometry,light_condition,speed_zone,severity,node_type,deg_urban_name,road_type,month,hour
175199,4,3,181,5,1,100.0,0,N,RURAL_VICTORIA,ROAD,4,11.0
175200,1,4,147,5,1,60.0,0,N,LARGE_PROVINCIAL_CITIES,STREET,4,16.0
175201,1,4,147,5,1,60.0,0,N,SMALL_CITIES,STREET,4,15.0
175202,1,4,130,1,1,60.0,0,I,MELB_URBAN,ROAD,4,14.0
175203,1,5,110,1,1,60.0,0,I,SMALL_CITIES,DRIVE,3,16.0
175204,1,3,130,2,1,80.0,0,N,MELB_URBAN,DRIVE,4,16.0
175205,1,3,132,2,2,60.0,0,I,MELB_URBAN,ROAD,4,6.0
175206,1,4,116,1,1,60.0,0,I,MELB_URBAN,ROAD,4,15.0
175207,1,4,130,5,1,80.0,0,N,MELB_URBAN,FREEWAY,4,16.0
175208,1,3,133,5,1,60.0,0,N,MELB_URBAN,STREET,4,17.0
175209,1,4,99,2,3,50.0,0,N,MELB_URBAN,STREET,4,18.0
175210,4,4,181,5,1,50.0,0,N,MELB_URBAN,AVENUE,4,17.0
175211,1,3,147,5,1,60.0,0,N,MELB_URBAN,ROAD,4,8.0
175212,1,4,121,1,2,60.0,0,I,RURAL_VICTORIA,HIGHWAY,4,18.0
175213,1,4,121,1,3,60.0,0,I,MELB_URBAN,ROAD,4,19.0
175214,6,1,174,5,1,60.0,0,N,SMALL_CITIES,STREET,4,10.0
175215,1,4,132,2,3,50.0,0,I,MELB_URBAN,DRIVE,4,18.0
175216,6,4,184,5,5,100.0,0,N,RURAL_VICTORIA,ROAD,4,19.0
175217,4,4,99,2,5,100.0,0,I,RURAL_VICTORIA,ROAD,4,20.0
175218,2,3,102,5,1,60.0,0,N,SMALL_CITIES,ROAD,4,15.0
175219,1,4,113,2,1,50.0,0,I,MELB_URBAN,DRIVE,4,15.0
175220,1,5,130,2,1,60.0,0,I,MELB_URBAN,AVENUE,3,8.0
175221,4,5,181,5,3,50.0,0,N,MELB_URBAN,ROAD,4,0.0
175222,1,5,99,5,3,50.0,0,N,MELB_URBAN,OTHER,4,1.0
175223,1,4,130,2,1,60.0,0,I,MELB_URBAN,ROAD,4,16.0
175224,4,4,183,5,5,100.0,0,N,RURAL_VICTORIA,ROAD,4,3.0
175225,1,1,160,5,3,50.0,0,N,RURAL_VICTORIA,STREET,3,20.0
175226,1,5,147,5,1,70.0,0,N,MELB_URBAN,ROAD,4,9.0
175227,1,3,130,5,1,80.0,0,N,MELB_URBAN,ROAD,3,16.0
175228,1,6,130,2,2,60.0,0,I,MELB_URBAN,STREET,4,18.0
175229,1,5,134,5,1,40.0,0,N,RURAL_VICTORIA,FREEWAY,4,11.0
175230,8,3,174,5,6,60.0,0,N,MELB_URBAN,ROAD,11,1.0
175231,4,4,173,5,1,100.0,0,N,RURAL_VICTORIA,ROAD,3,15.0
175232,2,5,102,1,5,40.0,0,I,MELB_URBAN,ROAD,4,18.0
175233,4,3,171,5,1,80.0,0,N,MELB_URBAN,RAMP,12,18.0
175234,1,5,116,1,1,70.0,0,I,RURAL_VICTORIA,ROAD,4,13.0
175235,8,3,99,1,1,80.0,0,I,MELB_URBAN,HIGHWAY,2,9.0
175236,1,5,121,2,1,60.0,0,I,MELB_URBAN,STREET,4,8.0
175237,1,1,130,5,1,70.0,0,N,MELB_URBAN,ROAD,4,8.0
175238,1,2,99,2,2,60.0,0,N,MELB_URBAN,ROAD,4,17.0
175239,2,5,99,1,1,60.0,0,I,MELBOURNE_CBD,STREET,4,12.0
175240,1,2,132,5,2,60.0,0,N,SMALL_CITIES,ROAD,4,17.0
175241,1,3,99,5,1,50.0,0,N,MELB_URBAN,ROAD,3,12.0
175242,1,5,135,5,2,80.0,0,N,RURAL_VICTORIA,RAMP,4,6.0
175243,1,6,113,1,1,60.0,0,I,MELB_URBAN,STREET,4,13.0
175244,1,4,130,2,1,60.0,0,I,TOWNS,ROAD,4,12.0
175245,5,4,99,5,1,80.0,0,N,MELB_URBAN,ROAD,4,7.0
175246,1,5,110,1,1,80.0,0,I,MELB_URBAN,HIGHWAY,4,13.0
175247,1,1,135,2,2,60.0,0,I,MELB_URBAN,ROAD,4,17.0
175248,1,2,130,5,1,60.0,0,N,MELB_URBAN,ROAD,3,8.0
175249,4,5,181,1,1,50.0,0,I,MELB_URBAN,STREET,4,14.0
175250,1,5,116,2,1,70.0,0,I,MELB_URBAN,FREEWAY,4,15.0
175251,1,5,110,1,1,60.0,0,N,SMALL_CITIES,STREET,4,16.0
175252,4,5,99,5,1,50.0,0,N,MELB_URBAN,ROAD,4,16.0
175253,1,1,140,5,1,80.0,0,N,TOWNS,HIGHWAY,3,11.0
175254,6,7,174,2,1,60.0,0,I,RURAL_VICTORIA,ROAD,3,14.0
175255,1,5,130,5,1,80.0,0,N,MELB_URBAN,HIGHWAY,4,17.0
175256,8,1,184,5,1,100.0,0,N,RURAL_VICTORIA,ROAD,4,15.0
175257,1,0,130,1,1,40.0,0,I,MELB_URBAN,ROAD,3,17.0
175258,2,5,99,5,3,50.0,0,N,MELB_URBAN,ROAD,4,17.0
175259,1,6,132,1,3,50.0,0,I,MELB_URBAN,AVENUE,4,19.0
175260,2,4,102,1,3,60.0,0,I,LARGE_PROVINCIAL_CITIES,STREET,4,18.0
175261,1,5,111,2,1,70.0,0,I,MELB_URBAN,ROAD,4,7.0
175262,4,5,181,5,1,60.0,0,N,TOWNS,ROAD,4,17.0
175263,4,4,171,5,1,60.0,0,N,SMALL_TOWNS,HIGHWAY,4,16.0
175264,1,5,121,2,3,60.0,0,I,MELB_URBAN,ROAD,4,18.0
175265,1,5,160,5,1,50.0,0,N,MELB_URBAN,ROAD,4,16.0
175266,1,5,130,5,1,100.0,0,N,MELB_URBAN,FREEWAY,4,15.0
175267,1,4,113,2,3,60.0,0,I,MELB_URBAN,ROAD,4,17.0
175268,1,5,99,5,1,100.0,1,N,RURAL_VICTORIA,ROAD,4,15.0
175269,4,4,173,5,3,50.0,0,N,MELB_URBAN,STREET,4,20.0
175270,6,5,174,2,3,40.0,0,N,MELB_URBAN,STREET,4,18.0
175271,1,5,120,5,3,60.0,0,N,MELB_URBAN,ROAD,4,19.0
175272,1,5,121,1,3,60.0,0,I,MELB_URBAN,PARADE,4,20.0
175273,4,5,173,5,5,100.0,0,N,RURAL_VICTORIA,ROAD,4,5.0
175274,1,5,99,5,1,30.0,0,N,MELB_URBAN,STREET,4,17.0
175275,2,5,100,2,3,50.0,0,I,MELB_URBAN,ROAD,4,19.0
175276,1,5,160,5,3,60.0,0,N,SMALL_CITIES,STREET,4,22.0
175277,1,4,130,2,4,50.0,0,N,MELB_URBAN,ROAD,4,22.0
175278,1,5,121,2,3,60.0,0,I,MELB_URBAN,ROAD,4,21.0
175279,1,3,121,1,1,60.0,0,I,MELB_URBAN,ROAD,3,9.0
175280,1,0,140,5,1,50.0,0,N,TOWNS,STREET,4,14.0
175281,4,2,173,5,3,100.0,0,N,MELB_URBAN,UNKNOWN,4,23.0
175282,1,5,120,5,3,60.0,0,N,MELB_URBAN,ROAD,4,3.0
175283,1,7,132,2,3,60.0,0,N,MELB_URBAN,STREET,4,19.0
175284,1,6,130,5,9,60.0,0,N,MELB_URBAN,HIGHWAY,3,13.0
175285,2,6,100,2,3,60.0,0,N,MELB_URBAN,ROAD,4,4.0
175286,1,6,140,2,1,60.0,0,I,MELB_URBAN,ROAD,3,12.0
175287,1,6,120,5,1,60.0,0,N,MELB_URBAN,HIGHWAY,4,7.0
175288,2,5,102,2,1,60.0,0,N,MELB_URBAN,ROAD,4,15.0
175289,1,6,121,5,1,60.0,0,N,MELB_URBAN,ROAD,3,17.0
175290,1,7,110,1,1,50.0,0,I,SMALL_CITIES,STREET,3,14.0
175291,4,5,173,5,5,60.0,0,N,TOWNS,DRIVE,4,20.0
175292,5,2,99,5,1,60.0,0,N,RURAL_VICTORIA,OTHER,4,10.0
175293,3,5,167,5,1,100.0,0,N,RURAL_VICTORIA,ROAD,3,8.0
175294,4,0,181,5,5,100.0,0,N,RURAL_VICTORIA,ROAD,3,22.0
175295,1,6,111,1,1,50.0,0,I,SMALL_CITIES,STREET,4,9.0
175296,2,6,100,1,1,60.0,0,I,LARGE_PROVINCIAL_CITIES,ROAD,4,9.0
175297,1,5,110,1,1,50.0,0,I,MELB_URBAN,STREET,4,9.0
175298,1,6,160,5,1,50.0,0,N,MELB_URBAN,STREET,4,9.0
175299,8,5,174,5,1,100.0,0,N,RURAL_VICTORIA,OTHER,3,11.0
175300,1,6,135,5,1,80.0,0,N,MELB_URBAN,HIGHWAY,4,8.0
175301,4,6,99,5,1,60.0,0,N,RURAL_VICTORIA,ROAD,4,9.0
175302,1,2,147,5,1,60.0,0,N,MELB_URBAN,ROAD,3,16.0
175303,2,6,100,5,1,70.0,0,N,LARGE_PROVINCIAL_CITIES,ROAD,4,10.0
175304,1,6,130,5,1,80.0,0,N,MELB_URBAN,HIGHWAY,4,9.0
175305,6,6,174,1,1,50.0,0,N,MELB_URBAN,ROAD,4,11.0
175306,1,6,121,5,1,60.0,0,N,MELB_URBAN,ROAD,4,11.0
175307,1,6,120,5,1,100.0,0,N,RURAL_VICTORIA,HIGHWAY,4,8.0
175308,4,5,181,5,1,100.0,0,N,RURAL_VICTORIA,HIGHWAY,4,12.0
175309,1,4,130,1,3,80.0,0,I,MELB_URBAN,ROAD,4,19.0
175310,2,4,99,2,6,60.0,0,I,MELB_URBAN,ROAD,4,18.0
175311,1,6,110,1,1,100.0,0,I,RURAL_VICTORIA,HIGHWAY,4,10.0
175312,1,4,130,5,2,80.0,0,N,RURAL_VICTORIA,HIGHWAY,4,6.0
175313,1,3,110,1,1,50.0,0,I,MELB_URBAN,ROAD,4,17.0
175314,1,5,133,5,1,100.0,0,N,MELB_URBAN,FREEWAY,4,9.0
175315,1,3,130,5,1,80.0,0,N,MELB_URBAN,DRIVE,4,16.0
175316,1,3,113,2,1,60.0,0,I,MELB_URBAN,ROAD,4,16.0
175317,1,3,99,1,2,80.0,0,I,MELB_URBAN,ROAD,4,17.0
175318,1,5,130,5,1,60.0,0,N,MELB_URBAN,ROAD,4,8.0
175319,1,6,116,2,1,50.0,0,I,TOWNS,STREET,4,15.0
175320,1,5,111,1,1,60.0,0,I,MELB_URBAN,PARADE,4,15.0
175321,1,3,130,5,1,60.0,0,N,MELB_URBAN,ROAD,4,15.0
175322,1,6,130,5,1,60.0,0,N,MELB_URBAN,STREET,4,13.0
175323,1,7,163,5,3,40.0,0,N,MELB_URBAN,ROAD,2,21.0
175324,1,6,130,5,1,40.0,0,N,SMALL_TOWNS,HIGHWAY,4,15.0
175325,1,6,113,2,1,60.0,0,I,LARGE_PROVINCIAL_CITIES,ROAD,4,15.0
175326,1,6,113,1,1,40.0,0,I,MELB_URBAN,STREET,4,16.0
175327,1,5,110,1,1,60.0,0,I,MELB_URBAN,STREET,4,16.0
175328,1,5,113,2,2,40.0,0,I,MELB_URBAN,STREET,4,17.0
175329,1,5,121,1,1,60.0,0,I,MELB_URBAN,ROAD,4,14.0
175330,1,6,135,5,1,60.0,0,N,MELB_URBAN,ROAD,4,14.0
175331,1,5,99,5,1,60.0,0,N,MELB_URBAN,STREET,4,9.0
175332,4,6,99,2,3,80.0,0,I,MELB_URBAN,ROAD,4,20.0
175333,2,5,102,1,3,60.0,0,I,MELB_URBAN,STREET,4,17.0
175334,1,6,130,5,1,70.0,0,N,MELB_URBAN,ROAD,4,15.0
175335,2,6,102,1,6,50.0,0,I,MELB_URBAN,AVENUE,4,19.0
175336,1,6,130,2,1,60.0,0,I,MELB_URBAN,ROAD,4,14.0
175337,1,5,110,1,4,50.0,0,I,MELB_URBAN,STREET,4,19.0
175338,4,6,171,5,3,60.0,0,N,MELB_URBAN,ROAD,4,20.0
175339,1,6,110,1,5,100.0,1,I,RURAL_VICTORIA,ROAD,4,18.0
175340,4,6,173,5,3,60.0,0,N,LARGE_PROVINCIAL_CITIES,ROAD,4,23.0
175341,2,4,99,5,1,40.0,0,N,MELB_URBAN,ROAD,4,9.0
175342,1,4,99,5,5,80.0,0,N,RURAL_VICTORIA,ROAD,4,7.0
175343,1,3,110,1,1,60.0,0,I,TOWNS,STREET,3,19.0
175344,1,6,160,5,1,60.0,0,N,MELB_URBAN,ROAD,4,8.0
175345,2,6,99,5,1,60.0,0,N,MELB_URBAN,ROAD,4,8.0
175346,1,6,99,2,1,60.0,0,I,MELB_URBAN,STREET,4,10.0
175347,4,7,99,5,1,60.0,0,N,LARGE_PROVINCIAL_CITIES,RAMP,4,10.0
175348,4,7,173,5,1,50.0,0,N,MELB_URBAN,STREET,4,10.0
175349,1,7,99,2,1,50.0,0,I,SMALL_TOWNS,HIGHWAY,4,12.0
175350,1,7,130,5,1,60.0,0,N,MELB_URBAN,ROAD,4,12.0
175351,1,6,121,2,1,80.0,0,N,RURAL_VICTORIA,ROAD,4,13.0
175352,2,7,99,5,1,60.0,0,N,MELB_URBAN,ROAD,4,13.0
175353,1,7,110,1,1,40.0,0,I,MELB_URBAN,STREET,4,12.0
175354,1,3,160,5,1,50.0,0,N,MELB_URBAN,DRIVE,4,14.0
175355,2,7,99,5,1,60.0,0,N,MELB_URBAN,STREET,4,12.0
175356,1,7,99,2,1,80.0,0,I,RURAL_VICTORIA,ROAD,4,10.0
175357,4,5,171,5,3,50.0,0,N,MELB_URBAN,STREET,4,19.0
175358,1,6,130,2,1,60.0,0,I,MELB_URBAN,ROAD,4,13.0
175359,8,2,174,2,3,50.0,0,I,MELB_URBAN,AVENUE,4,22.0
175360,1,7,110,1,1,80.0,0,I,RURAL_VICTORIA,ROAD,4,11.0
175361,5,7,99,5,1,60.0,0,N,RURAL_VICTORIA,ROAD,4,12.0
175362,1,7,132,2,1,60.0,0,N,MELB_URBAN,ROAD,4,14.0
175363,4,6,99,5,1,100.0,0,N,RURAL_VICTORIA,HIGHWAY,4,14.0
175364,1,7,121,2,1,60.0,0,I,MELB_URBAN,STREET,4,15.0
175365,1,7,113,1,1,50.0,0,I,MELB_URBAN,STREET,4,15.0
175366,1,2,121,1,1,60.0,0,I,LARGE_PROVINCIAL_CITIES,ROAD,4,7.0
175367,2,7,102,5,3,60.0,0,N,LARGE_PROVINCIAL_CITIES,STREET,4,18.0
175368,1,6,130,2,1,70.0,0,I,SMALL_CITIES,DRIVE,4,15.0
175369,1,7,121,2,1,80.0,0,I,RURAL_VICTORIA,HIGHWAY,4,16.0
175370,1,7,110,1,2,60.0,0,I,SMALL_CITIES,STREET,4,17.0
175371,1,7,121,2,3,60.0,0,I,SMALL_TOWNS,HIGHWAY,4,18.0
175372,1,7,130,5,3,80.0,0,N,MELB_URBAN,ROAD,4,22.0
175373,1,2,110,1,1,70.0,0,I,MELB_URBAN,ROAD,2,10.0
175374,1,7,110,1,3,40.0,0,I,MELB_URBAN,ROAD,4,23.0
175375,4,1,99,5,3,50.0,0,N,MELB_URBAN,STREET,4,2.0
175376,4,1,99,5,3,40.0,0,N,MELBOURNE_CBD,STREET,4,3.0
175377,4,7,99,2,1,50.0,0,N,TOWNS,STREET,4,16.0
175378,4,1,183,2,1,100.0,0,I,RURAL_VICTORIA,ROAD,4,7.0
175379,1,3,135,5,3,40.0,0,N,MELB_URBAN,ROAD,4,21.0
175380,1,0,121,1,1,70.0,0,I,MELB_URBAN,ROAD,4,9.0
175381,1,0,113,2,1,70.0,0,I,SMALL_CITIES,STREET,4,10.0
175382,1,6,99,1,3,60.0,0,I,MELB_URBAN,ROAD,4,21.0
175383,1,1,160,2,1,60.0,0,I,MELB_URBAN,PARADE,4,10.0
175384,1,0,99,5,1,80.0,0,N,MELB_URBAN,HIGHWAY,4,9.0
175385,2,1,100,2,1,40.0,0,N,SMALL_CITIES,STREET,4,12.0
175386,1,1,110,1,1,100.0,0,N,RURAL_VICTORIA,ROAD,4,10.0
175387,1,0,130,5,1,80.0,0,N,MELB_URBAN,ROAD,4,13.0
175388,1,5,130,3,1,100.0,0,I,MELB_URBAN,FREEWAY,4,7.0
175389,1,0,120,5,1,80.0,0,N,RURAL_VICTORIA,ROAD,4,11.0
175390,1,0,132,1,1,50.0,0,I,TOWNS,STREET,4,12.0
175391,6,6,174,5,2,60.0,0,N,RURAL_VICTORIA,ROAD,4,17.0
175392,1,3,99,5,9,100.0,0,N,MELB_URBAN,ROAD,4,7.0
175393,1,0,113,2,1,50.0,0,I,MELB_URBAN,ROAD,4,11.0
175394,1,1,120,5,1,50.0,0,N,RURAL_VICTORIA,PARADE,4,13.0
175395,1,5,121,2,3,60.0,0,I,MELB_URBAN,STREET,3,20.0
175396,4,0,181,5,1,80.0,0,N,RURAL_VICTORIA,ROAD,4,12.0
175397,1,1,120,5,1,60.0,0,N,MELB_URBAN,ROAD,4,16.0
175398,1,4,99,5,5,50.0,0,N,MELB_URBAN,ROAD,4,18.0
175399,1,6,130,5,1,60.0,0,N,MELB_URBAN,ROAD,4,11.0
175400,2,1,99,5,3,50.0,0,N,LARGE_PROVINCIAL_CITIES,OTHER,4,19.0
175401,6,1,99,1,1,80.0,1,N,RURAL_VICTORIA,ROAD,4,13.0
175402,1,1,113,2,1,60.0,0,I,MELB_URBAN,ROAD,4,15.0
175403,8,4,174,1,1,30.0,0,I,SMALL_CITIES,STREET,12,10.0
175404,1,1,99,5,3,40.0,0,N,MELB_URBAN,UNKNOWN,4,21.0
175405,1,1,130,1,1,70.0,0,N,MELB_URBAN,ROAD,4,15.0
175406,1,0,121,2,1,40.0,0,I,MELB_URBAN,ROAD,4,11.0
175407,1,1,99,1,6,50.0,0,I,MELB_URBAN,AVENUE,4,23.0
175408,4,1,99,1,3,60.0,0,N,MELB_URBAN,STREET,4,3.0
175409,4,1,171,5,5,100.0,0,N,RURAL_VICTORIA,ROAD,4,1.0
175410,1,2,120,5,3,70.0,0,N,MELB_URBAN,ROAD,12,20.0
175411,1,2,130,2,1,40.0,0,I,MELB_URBAN,STREET,2,7.0
175412,1,2,130,5,1,60.0,0,N,RURAL_VICTORIA,ROAD,2,14.0
175413,4,2,183,5,5,60.0,0,N,RURAL_VICTORIA,ROAD,4,6.0
175414,4,1,173,5,3,50.0,0,N,MELB_URBAN,ROAD,4,21.0
175415,1,1,110,1,1,60.0,0,N,MELB_URBAN,ROAD,4,17.0
175416,1,2,134,5,1,80.0,0,N,MELB_URBAN,FREEWAY,4,7.0
175417,2,2,99,2,1,50.0,0,N,MELB_URBAN,DRIVE,4,7.0
175418,1,5,113,2,2,60.0,0,I,MELB_URBAN,ROAD,3,19.0
175419,2,1,100,1,1,50.0,0,I,MELB_URBAN,AVENUE,4,8.0
175420,1,7,110,1,1,80.0,0,N,MELB_URBAN,ROAD,4,12.0
175421,1,5,130,5,2,100.0,0,N,MELB_URBAN,ROAD,3,6.0
175422,1,4,99,2,3,60.0,0,I,SMALL_CITIES,STREET,2,21.0
175423,4,5,171,5,5,40.0,0,N,MELB_URBAN,ROAD,2,23.0
175424,1,2,110,1,1,80.0,0,I,RURAL_VICTORIA,ROAD,4,9.0
175425,1,1,121,5,1,50.0,0,N,MELB_URBAN,AVENUE,4,8.0
175426,6,5,99,5,6,60.0,0,N,MELB_URBAN,BOULEVARD,3,20.0
175427,1,2,130,5,1,80.0,0,N,SMALL_TOWNS,ROAD,4,8.0
175428,1,2,171,5,1,60.0,0,I,LARGE_PROVINCIAL_CITIES,AVENUE,4,12.0
175429,1,2,110,1,1,60.0,0,I,TOWNS,ROAD,4,7.0
175430,6,1,170,5,1,60.0,0,N,RURAL_VICTORIA,ROAD,4,12.0
175431,1,3,130,1,1,60.0,0,I,MELB_URBAN,ROAD,1,10.0
175432,1,2,130,5,1,60.0,0,N,SMALL_CITIES,STREET,4,11.0
175433,1,2,120,5,1,70.0,0,N,MELB_URBAN,ROAD,4,10.0
175434,8,2,174,5,1,40.0,0,N,MELB_URBAN,STREET,4,17.0
175435,7,2,99,2,1,50.0,0,I,MELB_URBAN,STREET,4,13.0
175436,1,3,130,2,1,60.0,0,I,MELB_URBAN,STREET,3,8.0
175437,1,0,110,1,1,60.0,0,I,MELB_URBAN,ROAD,4,11.0
175438,1,0,130,5,1,80.0,0,N,MELB_URBAN,UNKNOWN,4,15.0
175439,1,4,121,1,1,60.0,0,I,MELB_URBAN,STREET,4,13.0
175440,1,2,173,5,1,50.0,0,N,MELB_URBAN,STREET,4,14.0
175441,2,1,99,1,3,50.0,0,I,MELB_URBAN,PARADE,4,18.0
175442,4,2,171,5,1,100.0,0,N,RURAL_VICTORIA,ROAD,4,13.0
175443,1,6,130,1,1,80.0,0,I,MELB_URBAN,ROAD,3,15.0
175444,1,2,121,5,1,80.0,0,N,MELB_URBAN,ROAD,4,15.0
175445,2,2,99,5,1,50.0,0,N,MELB_URBAN,STREET,4,16.0
175446,6,5,170,5,3,80.0,0,N,MELB_URBAN,ROAD,4,0.0
175447,2,2,99,5,1,50.0,0,N,MELB_URBAN,STREET,4,7.0
175448,4,2,171,5,1,100.0,0,N,RURAL_VICTORIA,ROAD,4,17.0
175449,1,5,130,1,1,60.0,0,I,MELB_URBAN,ROAD,2,7.0
175450,1,1,113,1,3,80.0,0,I,MELB_URBAN,HIGHWAY,4,18.0
175451,4,2,99,5,1,50.0,0,N,MELB_URBAN,OTHER,4,16.0
175452,1,1,130,1,3,70.0,0,I,MELB_URBAN,HIGHWAY,4,18.0
175453,4,2,99,2,5,100.0,0,I,RURAL_VICTORIA,OTHER,4,20.0
175454,1,7,120,5,1,60.0,0,N,RURAL_VICTORIA,ROAD,4,10.0
175455,1,7,130,5,9,80.0,0,N,MELB_URBAN,FREEWAY,4,14.0
175456,1,2,110,1,3,60.0,0,I,MELB_URBAN,ROAD,4,21.0
175457,1,4,163,5,1,60.0,0,N,MELB_URBAN,ROAD,4,12.0
175458,1,2,110,1,3,40.0,0,I,MELB_URBAN,ROAD,3,5.0
175459,1,2,120,5,1,30.0,0,N,RURAL_VICTORIA,ROAD,3,16.0
175460,4,3,181,2,5,100.0,0,I,RURAL_VICTORIA,ROAD,4,6.0
175461,1,3,111,2,1,60.0,0,I,MELB_URBAN,ROAD,4,8.0
175462,4,3,171,5,1,100.0,0,N,RURAL_VICTORIA,ROAD,4,8.0
175463,1,3,132,2,1,80.0,0,I,RURAL_VICTORIA,ROAD,4,8.0
175464,1,3,130,5,1,80.0,0,N,MELB_URBAN,ROAD,4,8.0
175465,1,2,130,5,1,50.0,0,N,MELB_URBAN,DRIVE,3,8.0
175466,1,6,133,1,1,80.0,0,I,MELB_URBAN,STREET,4,14.0
175467,1,5,130,1,1,60.0,0,N,SMALL_CITIES,ROAD,1,16.0
175468,1,1,113,2,1,80.0,0,I,RURAL_VICTORIA,ROAD,4,9.0
175469,1,3,130,5,1,60.0,0,N,LARGE_PROVINCIAL_CITIES,ROAD,4,8.0
175470,1,3,113,2,1,50.0,0,I,MELB_URBAN,ROAD,4,10.0
175471,1,3,171,5,1,60.0,0,N,MELB_URBAN,STREET,4,7.0
175472,1,6,132,2,2,60.0,0,I,MELB_URBAN,ROAD,4,18.0
175473,1,3,160,2,1,50.0,0,N,MELB_URBAN,STREET,4,10.0
175474,6,4,99,5,3,40.0,0,N,MELB_URBAN,ROAD,4,21.0
175475,1,3,110,1,1,100.0,1,I,RURAL_VICTORIA,HIGHWAY,4,9.0
175476,1,3,147,5,1,50.0,0,N,MELB_URBAN,DRIVE,4,17.0
175477,1,1,130,1,1,60.0,0,I,LARGE_PROVINCIAL_CITIES,ROAD,4,16.0
175478,1,5,113,2,1,50.0,0,I,MELB_URBAN,STREET,4,8.0
175479,1,1,130,5,1,40.0,0,N,MELB_URBAN,ROAD,4,14.0
175480,5,6,171,5,1,80.0,0,N,MELB_URBAN,ROAD,4,14.0
175481,1,1,110,1,1,60.0,0,I,LARGE_PROVINCIAL_CITIES,AVENUE,4,7.0
175482,2,3,100,2,1,40.0,0,I,MELB_URBAN,STREET,4,13.0
175483,1,2,130,5,1,60.0,0,N,RURAL_VICTORIA,BOULEVARD,4,8.0
175484,1,4,147,5,1,50.0,0,N,MELB_URBAN,AVENUE,4,8.0
175485,1,2,120,2,1,70.0,0,I,MELB_URBAN,ROAD,4,9.0
175486,1,3,99,1,1,60.0,0,I,RURAL_VICTORIA,ROAD,4,8.0
175487,1,3,99,5,2,40.0,0,N,MELB_URBAN,ROAD,4,19.0
175488,1,4,110,4,1,60.0,0,I,LARGE_PROVINCIAL_CITIES,STREET,3,12.0
175489,1,3,110,1,1,60.0,0,I,MELB_URBAN,ROAD,4,14.0
175490,4,3,171,5,1,50.0,0,N,MELB_URBAN,OTHER,4,10.0
175491,1,3,110,1,1,60.0,0,I,LARGE_PROVINCIAL_CITIES,ROAD,4,12.0
175492,1,1,160,5,3,60.0,0,N,MELB_URBAN,ROAD,4,5.0
175493,1,1,132,2,3,60.0,0,I,MELB_URBAN,STREET,4,19.0
175494,1,3,99,5,1,50.0,0,N,MELB_URBAN,DRIVE,4,14.0
175495,1,4,130,1,1,60.0,0,I,MELB_URBAN,ROAD,4,9.0
175496,1,3,130,2,1,60.0,0,I,MELB_URBAN,STREET,4,14.0
175497,1,6,99,1,1,60.0,0,I,MELB_URBAN,ROAD,4,15.0
175498,1,2,121,2,3,60.0,0,I,RURAL_VICTORIA,DRIVE,4,19.0
175499,1,3,130,5,1,60.0,0,N,SMALL_CITIES,STREET,4,16.0
175500,4,3,173,5,1,100.0,0,N,RURAL_VICTORIA,ROAD,4,16.0
175501,2,3,99,5,1,50.0,0,N,SMALL_TOWNS,UNKNOWN,4,16.0
175502,1,2,111,2,2,70.0,0,I,RURAL_VICTORIA,ROAD,4,18.0
175503,1,3,113,2,1,60.0,0,I,TOWNS,ROAD,4,15.0
175504,1,3,130,2,1,70.0,0,N,MELB_URBAN,ROAD,4,16.0
175505,1,2,110,1,1,100.0,0,I,RURAL_VICTORIA,ROAD,4,16.0
175506,1,7,132,2,1,60.0,0,I,SMALL_CITIES,STREET,4,12.0
175507,1,3,121,2,1,60.0,0,N,MELB_URBAN,HIGHWAY,4,17.0
175508,1,3,116,2,1,60.0,0,I,LARGE_PROVINCIAL_CITIES,AVENUE,4,16.0
175509,2,3,100,1,3,60.0,0,I,MELB_URBAN,ROAD,4,19.0
175510,8,3,99,2,3,50.0,0,I,MELB_URBAN,ROAD,4,19.0
175511,1,7,130,5,1,80.0,0,N,MELB_URBAN,FREEWAY,3,13.0
175512,1,1,99,5,9,60.0,0,N,MELB_URBAN,OTHER,4,13.0
175513,1,2,135,5,3,100.0,0,N,MELB_URBAN,FREEWAY,4,20.0
175514,2,3,99,5,3,60.0,0,N,MELB_URBAN,PARADE,4,20.0
175515,1,3,130,5,1,100.0,0,N,MELB_URBAN,FREEWAY,4,14.0
175516,1,3,111,2,1,50.0,0,I,MELB_URBAN,DRIVE,4,15.0
175517,1,3,130,5,1,80.0,0,I,MELB_URBAN,ROAD,4,17.0
175518,1,6,121,2,1,80.0,0,N,RURAL_VICTORIA,ROAD,4,8.0
175519,1,3,121,4,2,60.0,0,I,MELB_URBAN,RAMP,4,17.0
175520,1,2,121,1,3,80.0,0,N,MELB_URBAN,BOULEVARD,4,21.0
175521,4,3,181,5,5,80.0,0,N,RURAL_VICTORIA,UNKNOWN,4,20.0
175522,1,2,110,1,3,80.0,0,I,MELB_URBAN,HIGHWAY,4,22.0
175523,4,2,173,5,3,60.0,0,N,MELB_URBAN,RAMP,4,23.0
175524,1,3,111,1,3,60.0,0,I,LARGE_PROVINCIAL_CITIES,STREET,4,22.0
175525,1,2,130,5,3,80.0,0,N,MELB_URBAN,RAMP,4,22.0
175526,2,4,102,5,9,60.0,0,N,MELB_URBAN,ROAD,4,1.0