,accident_type,day_of_week,dca_code,road_geometry,light_condition,speed_zone,severity,node_type,deg_urban_name,road_type,month,hour
175527,1,4,99,5,1,70.0,0,N,MELB_URBAN,STREET,4,22.0
175528,6,4,99,5,2,60.0,0,N,MELB_URBAN,STREET,4,5.0
175529,1,3,121,2,2,40.0,0,I,MELB_URBAN,STREET,4,6.0
175530,1,1,130,2,1,40.0,0,N,MELB_URBAN,ROAD,4,8.0
175531,2,4,100,4,1,60.0,0,I,MELB_URBAN,ROAD,4,7.0
175532,1,2,99,2,2,60.0,0,I,MELB_URBAN,ROAD,4,17.0
175533,1,4,99,2,1,40.0,0,N,MELB_URBAN,STREET,4,8.0
175534,1,2,99,4,1,60.0,0,N,MELB_URBAN,RAMP,4,7.0
175535,1,0,130,5,1,80.0,0,N,MELB_URBAN,FREEWAY,4,12.0
175536,1,3,134,5,1,60.0,0,N,RURAL_VICTORIA,FREEWAY,4,14.0
175537,1,4,130,5,1,80.0,0,N,MELB_URBAN,ROAD,4,7.0
175538,1,1,99,5,2,60.0,0,N,MELB_URBAN,UNKNOWN,4,18.0
175539,1,4,99,2,1,40.0,0,N,MELB_URBAN,STREET,4,13.0
175540,1,4,130,5,1,60.0,0,N,MELB_URBAN,ROAD,4,9.0
175541,1,4,130,5,1,60.0,0,N,MELB_URBAN,ROAD,4,8.0
175542,1,4,132,5,1,60.0,0,N,MELB_URBAN,STREET,4,14.0
175543,1,4,110,1,1,60.0,0,I,TOWNS,STREET,4,14.0
175544,1,3,99,1,3,60.0,0,I,MELB_URBAN,FREEWAY,4,20.0
175545,1,4,121,1,1,60.0,0,I,MELB_URBAN,ROAD,4,13.0
175546,5,4,99,5,1,60.0,0,N,RURAL_VICTORIA,ROAD,4,9.0
175547,1,3,120,2,1,80.0,0,I,RURAL_VICTORIA,ROAD,4,14.0
175548,1,3,121,2,1,60.0,0,I,MELB_URBAN,ROAD,4,14.0
175549,4,3,99,1,1,50.0,0,N,MELB_URBAN,STREET,4,14.0
175550,1,2,133,1,1,60.0,0,I,MELB_URBAN,HIGHWAY,4,10.0
175551,1,6,134,1,6,40.0,0,I,MELB_URBAN,STREET,4,20.0
175552,1,3,133,5,1,60.0,0,N,MELB_URBAN,ROAD,4,17.0
175553,1,3,110,1,1,60.0,0,I,RURAL_VICTORIA,ROAD,4,16.0
175554,1,3,140,5,2,60.0,0,N,TOWNS,STREET,4,17.0
175555,1,3,110,1,1,100.0,0,I,RURAL_VICTORIA,ROAD,4,17.0
175556,1,4,121,1,1,70.0,0,N,MELB_URBAN,STREET,4,15.0
175557,1,4,120,5,1,80.0,0,N,TOWNS,ROAD,4,17.0
175558,1,4,130,1,1,80.0,0,I,MELB_URBAN,HIGHWAY,4,14.0
175559,4,3,99,5,1,60.0,0,N,TOWNS,ROAD,4,15.0
175560,4,4,171,5,1,60.0,0,N,MELB_URBAN,STREET,4,16.0
175561,1,0,130,2,1,60.0,0,N,MELB_URBAN,ROAD,4,14.0
175562,4,4,173,5,4,60.0,0,N,RURAL_VICTORIA,ROAD,4,19.0
175563,4,4,99,5,2,60.0,0,N,RURAL_VICTORIA,HIGHWAY,4,17.0
175564,1,4,130,5,3,100.0,0,N,MELB_URBAN,FREEWAY,4,20.0
175565,4,4,171,5,3,60.0,0,N,LARGE_PROVINCIAL_CITIES,STREET,4,21.0
175566,1,4,113,2,3,60.0,0,N,TOWNS,HIGHWAY,4,19.0
175567,1,4,130,5,3,60.0,0,N,MELB_URBAN,HIGHWAY,4,19.0
175568,1,4,121,2,2,60.0,0,I,MELB_URBAN,ROAD,4,5.0
175569,1,3,121,1,6,60.0,0,I,RURAL_VICTORIA,ROAD,4,20.0
175570,1,1,130,5,1,100.0,0,N,MELB_URBAN,FREEWAY,4,8.0
175571,1,4,130,2,3,60.0,0,I,MELB_URBAN,ROAD,4,22.0
175572,3,5,167,5,5,100.0,0,N,RURAL_VICTORIA,HIGHWAY,4,3.0
175573,2,1,99,1,3,60.0,0,N,LARGE_PROVINCIAL_CITIES,ROAD,4,20.0
175574,4,1,181,5,2,60.0,0,I,MELB_URBAN,STREET,6,6.0
175575,5,5,99,1,1,60.0,0,I,MELB_URBAN,STREET,4,7.0
175576,1,2,99,5,1,60.0,0,N,MELB_URBAN,ROAD,3,16.0
175577,1,2,130,2,1,60.0,0,N,MELB_URBAN,ROAD,4,14.0
175578,6,2,99,2,1,60.0,0,I,MELB_URBAN,ROAD,4,16.0
175579,4,5,183,5,2,100.0,0,N,RURAL_VICTORIA,HIGHWAY,4,6.0
175580,1,3,130,5,1,80.0,0,N,MELB_URBAN,ROAD,4,15.0
175581,1,5,99,5,1,50.0,0,N,TOWNS,OTHER,4,10.0
175582,6,3,147,5,1,60.0,0,N,MELB_URBAN,STREET,4,8.0
175583,1,1,173,5,1,50.0,0,N,MELB_URBAN,STREET,4,15.0
175584,4,3,173,5,5,100.0,0,N,RURAL_VICTORIA,ROAD,4,18.0
175585,1,3,135,5,2,80.0,0,N,MELB_URBAN,FREEWAY,4,6.0
175586,2,3,100,2,1,50.0,0,I,MELB_URBAN,STREET,4,17.0
175587,6,5,174,5,1,80.0,0,N,MELB_URBAN,RAMP,4,12.0
175588,1,4,99,1,3,40.0,0,I,MELB_URBAN,STREET,4,18.0
175589,1,3,130,2,1,80.0,0,I,MELB_URBAN,ROAD,4,9.0
175590,6,2,174,2,2,60.0,0,N,MELB_URBAN,ROAD,4,17.0
175591,6,5,174,5,1,60.0,0,N,RURAL_VICTORIA,ROAD,4,9.0
175592,1,5,121,2,1,50.0,0,I,MELB_URBAN,OTHER,4,13.0
175593,2,5,100,1,3,70.0,0,I,MELB_URBAN,ROAD,4,18.0
175594,1,3,99,5,1,50.0,0,N,MELB_URBAN,STREET,4,14.0
175595,1,5,99,1,1,60.0,0,I,SMALL_CITIES,STREET,4,14.0
175596,1,4,130,5,1,40.0,0,N,MELB_URBAN,ROAD,4,12.0
175597,1,5,99,1,1,40.0,0,I,MELB_URBAN,ROAD,4,14.0
175598,1,1,110,1,1,60.0,0,I,SMALL_CITIES,PARADE,4,7.0
175599,1,0,130,5,1,100.0,0,N,MELB_URBAN,ROAD,4,17.0
175600,1,5,130,5,1,100.0,0,N,MELB_URBAN,ROAD,4,17.0
175601,4,4,171,5,1,50.0,0,N,RURAL_VICTORIA,ROAD,4,16.0
175602,1,6,99,5,1,60.0,0,N,MELB_URBAN,ROAD,4,11.0
175603,1,5,113,2,1,100.0,0,I,RURAL_VICTORIA,HIGHWAY,4,16.0
175604,6,5,174,5,1,40.0,0,N,TOWNS,STREET,4,16.0
175605,1,5,99,1,1,80.0,0,N,MELB_URBAN,ROAD,4,16.0
175606,1,5,130,5,1,70.0,0,N,MELB_URBAN,ROAD,4,14.0
175607,1,5,121,1,3,80.0,0,I,MELB_URBAN,ROAD,4,18.0
175608,4,2,173,5,1,100.0,0,N,MELB_URBAN,FREEWAY,4,15.0
175609,3,5,167,5,5,100.0,0,N,RURAL_VICTORIA,ROAD,4,19.0
175610,1,5,120,5,3,60.0,0,N,SMALL_CITIES,AVENUE,4,19.0
175611,8,5,99,5,3,80.0,0,N,LARGE_PROVINCIAL_CITIES,STREET,4,20.0
175612,1,5,110,1,3,50.0,0,I,MELB_URBAN,STREET,4,20.0
175613,1,4,99,5,3,40.0,0,N,MELB_URBAN,OTHER,4,22.0
175614,1,0,130,5,6,60.0,0,N,RURAL_VICTORIA,ROAD,4,2.0
175615,1,5,134,4,1,80.0,0,N,MELB_URBAN,FREEWAY,4,6.0
175616,4,5,171,5,3,40.0,0,N,LARGE_PROVINCIAL_CITIES,STREET,4,2.0
175617,4,6,171,5,3,70.0,0,N,MELB_URBAN,ROAD,4,3.0
175618,4,6,173,5,1,80.0,0,N,RURAL_VICTORIA,ROAD,4,8.0
175619,1,0,130,5,1,40.0,0,N,MELB_URBAN,STREET,4,13.0
175620,1,5,140,2,1,40.0,0,I,MELB_URBAN,STREET,4,8.0
175621,6,5,174,5,4,60.0,0,N,MELB_URBAN,STREET,4,22.0
175622,1,4,121,2,3,60.0,0,I,LARGE_PROVINCIAL_CITIES,ROAD,4,17.0
175623,6,6,170,5,1,100.0,0,O,RURAL_VICTORIA,UNKNOWN,4,9.0
175624,1,3,130,4,2,60.0,0,I,MELB_URBAN,FREEWAY,8,18.0
175625,1,6,113,2,1,50.0,0,I,MELB_URBAN,ROAD,4,8.0
175626,1,6,121,2,1,100.0,0,I,RURAL_VICTORIA,ROAD,4,9.0
175627,1,5,111,2,1,80.0,0,I,MELB_URBAN,ROAD,4,12.0
175628,2,4,99,2,3,40.0,0,I,MELB_URBAN,STREET,4,18.0
175629,4,5,183,5,1,80.0,0,N,RURAL_VICTORIA,ROAD,4,16.0
175630,1,2,130,2,1,50.0,0,N,MELB_URBAN,ROAD,4,8.0
175631,1,3,130,1,1,80.0,0,I,MELB_URBAN,ROAD,11,13.0
175632,1,4,120,5,1,50.0,0,N,LARGE_PROVINCIAL_CITIES,AVENUE,3,15.0
175633,1,5,99,2,3,60.0,0,I,SMALL_CITIES,HIGHWAY,4,20.0
175634,1,5,140,5,1,60.0,0,N,MELB_URBAN,ROAD,4,7.0
175635,1,6,99,5,1,60.0,0,N,MELB_URBAN,ROAD,4,13.0
175636,4,3,173,5,3,60.0,0,N,MELB_URBAN,ROAD,3,0.0
175637,1,2,121,2,1,60.0,0,I,MELB_URBAN,ROAD,4,10.0
175638,2,5,100,5,3,40.0,0,N,MELB_URBAN,ROAD,4,18.0
175639,4,5,171,3,1,100.0,0,I,SMALL_TOWNS,RAMP,4,14.0
175640,1,6,110,1,1,50.0,0,I,TOWNS,STREET,4,15.0
175641,1,4,132,1,1,50.0,0,I,MELB_URBAN,STREET,4,17.0
175642,7,4,99,2,3,50.0,0,N,MELB_URBAN,STREET,4,22.0
175643,5,1,99,5,1,60.0,0,N,RURAL_VICTORIA,ROAD,4,14.0
175644,2,6,100,1,1,60.0,0,I,MELB_URBAN,STREET,4,17.0
175645,1,6,121,2,1,60.0,0,I,RURAL_VICTORIA,ROAD,4,12.0
175646,6,4,174,5,3,60.0,0,N,MELB_URBAN,STREET,4,21.0
175647,4,6,173,5,1,100.0,1,N,RURAL_VICTORIA,HIGHWAY,4,12.0
175648,1,3,130,1,2,60.0,0,I,LARGE_PROVINCIAL_CITIES,STREET,4,16.0
175649,1,6,147,5,3,60.0,0,N,TOWNS,OTHER,4,18.0
175650,1,5,130,5,3,40.0,0,N,MELB_URBAN,ROAD,4,18.0
175651,7,6,99,5,1,50.0,0,N,LARGE_PROVINCIAL_CITIES,STREET,4,16.0
175652,4,5,171,2,3,80.0,0,I,MELB_URBAN,HIGHWAY,4,20.0
175653,1,5,120,5,5,80.0,0,N,RURAL_VICTORIA,ROAD,4,17.0
175654,1,5,130,1,3,80.0,0,N,MELB_URBAN,ROAD,4,21.0
175655,1,7,99,2,1,60.0,0,N,MELB_URBAN,ROAD,3,15.0
175656,1,6,130,1,3,80.0,0,N,MELB_URBAN,HIGHWAY,4,20.0
175657,1,3,121,2,1,60.0,0,I,MELB_URBAN,ROAD,3,8.0
175658,4,6,171,5,3,60.0,0,N,MELB_URBAN,ROAD,4,3.0
175659,1,3,130,2,3,100.0,0,I,MELB_URBAN,FREEWAY,4,19.0
175660,4,7,171,5,5,100.0,1,N,RURAL_VICTORIA,ROAD,4,1.0
175661,1,3,130,5,1,70.0,0,N,RURAL_VICTORIA,ROAD,4,16.0
175662,8,6,184,5,1,40.0,0,N,RURAL_VICTORIA,ROAD,4,16.0
175663,1,6,130,5,1,80.0,0,N,RURAL_VICTORIA,HIGHWAY,3,11.0
175664,8,4,99,5,1,60.0,0,N,MELB_URBAN,STREET,4,9.0
175665,1,7,99,1,1,40.0,0,I,MELBOURNE_CBD,STREET,4,9.0
175666,1,6,147,5,1,50.0,0,N,MELB_URBAN,ROAD,4,9.0
175667,5,7,99,2,1,70.0,0,I,MELB_URBAN,ROAD,4,9.0
175668,1,7,121,5,1,80.0,0,N,MELB_URBAN,ROAD,4,11.0
175669,1,4,99,1,1,60.0,0,I,MELB_URBAN,STREET,4,17.0
175670,2,2,99,5,1,40.0,0,N,TOWNS,STREET,4,12.0
175671,4,7,171,5,1,50.0,0,N,MELB_URBAN,STREET,4,11.0
175672,1,6,121,2,1,60.0,0,I,MELB_URBAN,ROAD,4,13.0
175673,1,4,99,5,1,60.0,0,N,MELB_URBAN,ROAD,4,16.0
175674,2,7,100,2,1,70.0,0,I,RURAL_VICTORIA,HIGHWAY,4,10.0
175675,6,6,184,5,1,100.0,0,N,RURAL_VICTORIA,OTHER,4,13.0
175676,1,7,130,5,1,70.0,0,N,RURAL_VICTORIA,HIGHWAY,4,13.0
175677,1,7,120,5,1,60.0,0,N,RURAL_VICTORIA,ROAD,4,14.0
175678,1,7,99,1,1,100.0,0,N,MELB_URBAN,ROAD,4,16.0
175679,1,6,132,2,1,100.0,0,N,RURAL_VICTORIA,ROAD,4,13.0
175680,1,6,147,5,1,60.0,0,N,MELB_URBAN,STREET,4,17.0
175681,1,7,113,2,1,100.0,0,I,RURAL_VICTORIA,ROAD,4,15.0
175682,1,3,163,5,1,50.0,0,N,MELB_URBAN,ROAD,3,13.0
175683,2,5,100,2,9,60.0,0,I,MELB_URBAN,ROAD,4,11.0
175684,2,6,100,2,3,70.0,0,I,MELB_URBAN,STREET,4,19.0
175685,1,0,130,5,1,60.0,0,N,LARGE_PROVINCIAL_CITIES,ROAD,4,11.0
175686,1,6,99,1,3,60.0,0,I,MELB_URBAN,STREET,4,18.0
175687,1,1,110,1,3,40.0,0,O,MELBOURNE_CBD,UNKNOWN,4,0.0
175688,4,6,171,5,3,60.0,0,N,SMALL_CITIES,STREET,4,22.0
175689,1,7,130,5,3,40.0,0,N,MELB_URBAN,ROAD,4,21.0
175690,2,1,100,1,1,50.0,0,I,MELB_URBAN,STREET,4,10.0
175691,6,6,174,5,1,60.0,0,N,RURAL_VICTORIA,ROAD,4,14.0
175692,1,0,99,2,1,60.0,0,I,RURAL_VICTORIA,ROAD,4,7.0
175693,1,7,140,5,1,60.0,0,N,MELB_URBAN,ROAD,4,11.0
175694,6,0,170,5,1,80.0,0,N,RURAL_VICTORIA,ROAD,4,10.0
175695,1,1,130,5,1,60.0,0,N,MELB_URBAN,FREEWAY,4,10.0
175696,1,1,113,2,1,60.0,0,I,LARGE_PROVINCIAL_CITIES,STREET,4,12.0
175697,4,1,181,5,1,80.0,0,N,RURAL_VICTORIA,ROAD,4,12.0
175698,6,1,170,5,1,80.0,0,N,RURAL_VICTORIA,ROAD,4,9.0
175699,2,5,99,5,1,60.0,0,N,MELB_URBAN,STREET,4,8.0
175700,1,1,110,1,1,50.0,0,I,RURAL_VICTORIA,OTHER,4,13.0
175701,1,1,130,1,1,70.0,0,I,MELB_URBAN,ROAD,4,15.0
175702,3,4,167,5,2,60.0,0,N,RURAL_VICTORIA,ROAD,4,16.0
175703,1,1,113,2,1,100.0,0,N,RURAL_VICTORIA,ROAD,4,15.0
175704,1,1,99,1,1,60.0,0,N,MELB_URBAN,ROAD,4,16.0
175705,1,0,130,5,2,80.0,0,N,RURAL_VICTORIA,ROAD,4,16.0
175706,2,0,102,5,1,40.0,0,N,MELB_URBAN,AVENUE,4,12.0
175707,1,0,130,1,1,80.0,0,I,MELB_URBAN,HIGHWAY,4,14.0
175708,6,1,170,5,5,100.0,0,N,RURAL_VICTORIA,ROAD,4,18.0
175709,1,1,120,5,5,100.0,0,N,RURAL_VICTORIA,ROAD,4,19.0
175710,2,1,102,1,1,50.0,0,I,MELB_URBAN,AVENUE,4,17.0
175711,2,1,102,5,1,50.0,0,N,LARGE_PROVINCIAL_CITIES,STREET,4,15.0
175712,4,1,99,1,3,50.0,0,I,MELB_URBAN,STREET,4,18.0
175713,1,1,121,2,1,40.0,0,I,MELB_URBAN,ROAD,4,16.0
175714,4,1,181,5,1,100.0,0,N,RURAL_VICTORIA,ROAD,4,16.0
175715,1,2,160,5,3,80.0,0,N,MELB_URBAN,ROAD,4,2.0
175716,4,2,173,5,3,40.0,0,N,MELB_URBAN,ROAD,4,4.0
175717,1,2,130,1,1,60.0,0,N,MELB_URBAN,STREET,4,7.0
175718,7,3,99,1,1,40.0,0,I,LARGE_PROVINCIAL_CITIES,STREET,3,12.0
175719,8,1,99,5,1,100.0,0,N,RURAL_VICTORIA,ROAD,4,13.0
175720,1,2,130,5,1,60.0,0,N,MELB_URBAN,ROAD,4,10.0
175721,1,2,110,1,1,60.0,0,I,MELB_URBAN,ROAD,4,10.0
175722,1,2,130,5,1,50.0,0,N,MELB_URBAN,ROAD,4,8.0
175723,1,4,130,1,9,60.0,0,I,MELB_URBAN,ROAD,4,15.0
175724,2,1,99,5,1,50.0,0,N,MELB_URBAN,ROAD,4,11.0
175725,6,1,184,5,1,60.0,0,N,RURAL_VICTORIA,ROAD,2,13.0
175726,1,7,130,1,1,60.0,0,N,MELB_URBAN,ROAD,4,15.0
175727,1,4,130,5,1,80.0,0,N,MELB_URBAN,HIGHWAY,3,9.0
175728,1,1,160,5,1,60.0,0,N,MELB_URBAN,STREET,1,10.0
175729,1,4,147,5,3,60.0,0,N,LARGE_PROVINCIAL_CITIES,STREET,4,20.0
175730,1,4,130,5,1,80.0,0,N,RURAL_VICTORIA,ROAD,4,8.0
175731,1,3,113,1,1,60.0,0,I,MELB_URBAN,DRIVE,4,16.0
175732,1,1,110,1,1,60.0,0,I,LARGE_PROVINCIAL_CITIES,STREET,4,17.0
175733,4,5,171,5,5,60.0,0,N,MELB_URBAN,ROAD,4,6.0
175734,1,1,99,1,2,50.0,0,I,MELB_URBAN,ROAD,4,17.0
175735,1,2,130,5,2,80.0,0,N,MELB_URBAN,FREEWAY,4,16.0
175736,1,1,147,5,1,60.0,0,N,MELB_URBAN,STREET,4,14.0
175737,2,2,99,2,3,70.0,0,I,LARGE_PROVINCIAL_CITIES,UNKNOWN,4,18.0
175738,1,3,130,5,1,80.0,0,N,MELB_URBAN,HIGHWAY,4,7.0
175739,2,2,99,5,1,40.0,0,N,LARGE_PROVINCIAL_CITIES,AVENUE,4,15.0
175740,1,6,130,5,1,100.0,0,N,MELB_URBAN,FREEWAY,4,16.0
175741,6,4,174,1,1,80.0,0,I,MELB_URBAN,ROAD,4,9.0
175742,1,2,133,2,3,60.0,0,I,MELB_URBAN,ROAD,4,19.0
175743,1,2,130,5,1,100.0,0,N,MELB_URBAN,RAMP,4,8.0
175744,1,4,130,1,1,70.0,0,I,MELB_URBAN,ROAD,4,8.0
175745,1,2,99,1,3,60.0,0,I,MELB_URBAN,ROAD,4,20.0
175746,1,4,99,1,1,60.0,0,I,MELB_URBAN,DRIVE,2,16.0
175747,2,2,100,5,3,60.0,0,N,LARGE_PROVINCIAL_CITIES,STREET,4,0.0
175748,1,3,113,2,1,50.0,0,I,LARGE_PROVINCIAL_CITIES,BOULEVARD,4,8.0
175749,1,2,99,1,1,60.0,0,I,MELB_URBAN,ROAD,3,10.0
175750,2,2,99,5,1,60.0,0,N,MELB_URBAN,ROAD,4,12.0
175751,1,6,132,2,3,80.0,0,N,RURAL_VICTORIA,ROAD,2,20.0
175752,1,3,99,1,3,40.0,0,I,MELB_URBAN,STREET,4,6.0
175753,6,3,174,5,5,80.0,0,N,MELB_URBAN,ROAD,4,0.0
175754,2,5,99,1,1,60.0,0,I,MELB_URBAN,STREET,3,9.0
175755,1,5,116,1,3,50.0,0,I,LARGE_PROVINCIAL_CITIES,STREET,2,20.0
175756,1,3,130,2,3,60.0,0,I,MELB_URBAN,ROAD,4,5.0
175757,1,2,130,5,1,100.0,0,N,MELB_URBAN,FREEWAY,4,7.0
175758,1,1,130,1,1,80.0,0,I,SMALL_TOWNS,ROAD,4,14.0
175759,1,3,99,1,1,40.0,0,I,MELB_URBAN,DRIVE,4,8.0
175760,2,2,99,5,1,60.0,0,N,SMALL_CITIES,DRIVE,4,7.0
175761,1,3,130,5,1,70.0,0,N,SMALL_CITIES,HIGHWAY,4,8.0
175762,2,2,100,1,1,40.0,0,I,MELBOURNE_CBD,STREET,4,7.0
175763,1,2,130,2,1,60.0,0,N,MELB_URBAN,ROAD,4,16.0
175764,1,3,121,1,3,60.0,0,N,MELB_URBAN,ROAD,4,3.0
175765,1,1,130,5,3,50.0,0,N,MELB_URBAN,STREET,4,19.0
175766,6,7,184,5,1,60.0,0,N,RURAL_VICTORIA,ROAD,4,10.0
175767,1,3,99,1,1,80.0,0,I,MELB_URBAN,ROAD,4,10.0
175768,4,2,181,5,1,60.0,0,N,RURAL_VICTORIA,ROAD,4,13.0
175769,1,2,99,2,1,50.0,0,N,MELB_URBAN,STREET,4,9.0
175770,1,4,99,5,1,50.0,0,N,TOWNS,OTHER,4,13.0
175771,2,2,99,5,1,60.0,0,N,MELB_URBAN,ROAD,4,11.0
175772,1,3,130,5,1,50.0,0,N,MELB_URBAN,ROAD,4,7.0
175773,1,3,130,5,1,60.0,0,N,MELB_URBAN,RAMP,2,16.0
175774,1,2,130,5,3,40.0,0,N,MELB_URBAN,ROAD,4,20.0
175775,1,3,160,5,1,50.0,0,N,MELB_URBAN,STREET,4,12.0
175776,1,3,111,1,2,60.0,0,I,MELB_URBAN,ROAD,4,7.0
175777,6,3,99,5,2,100.0,0,N,RURAL_VICTORIA,ROAD,4,7.0
175778,4,5,171,2,3,60.0,0,I,RURAL_VICTORIA,ROAD,4,21.0
175779,1,3,99,5,1,60.0,0,N,MELB_URBAN,ROAD,4,11.0
175780,1,2,160,5,1,60.0,0,N,MELB_URBAN,ROAD,4,14.0
175781,1,3,99,2,1,50.0,0,I,MELB_URBAN,AVENUE,4,11.0
175782,1,3,110,1,1,50.0,0,I,TOWNS,ROAD,4,5.0
175783,6,2,99,5,1,100.0,0,N,RURAL_VICTORIA,ROAD,4,14.0
175784,8,3,170,5,1,80.0,0,N,SMALL_TOWNS,ROAD,4,16.0
175785,1,3,163,5,1,40.0,0,N,MELB_URBAN,BOULEVARD,4,13.0
175786,5,3,99,2,1,100.0,0,N,RURAL_VICTORIA,OTHER,4,14.0
175787,3,2,167,5,5,100.0,0,N,RURAL_VICTORIA,HIGHWAY,3,21.0
175788,1,3,116,2,1,40.0,0,I,MELB_URBAN,STREET,4,17.0
175789,1,3,130,2,1,60.0,0,I,MELB_URBAN,ROAD,4,16.0
175790,1,3,99,2,1,70.0,0,I,MELB_URBAN,ROAD,4,9.0
175791,1,6,110,1,1,60.0,0,I,TOWNS,HIGHWAY,3,13.0
175792,1,6,130,5,1,60.0,0,N,MELB_URBAN,RAMP,4,18.0
175793,1,3,110,1,1,50.0,0,I,MELB_URBAN,ROAD,4,16.0
175794,1,3,130,5,3,70.0,0,N,MELB_URBAN,ROAD,4,18.0
175795,1,3,132,2,3,60.0,0,I,MELB_URBAN,ROAD,4,17.0
175796,1,2,121,2,2,60.0,0,I,MELB_URBAN,ROAD,4,17.0
175797,1,3,133,5,3,60.0,0,N,MELB_URBAN,STREET,4,18.0
175798,1,2,110,1,2,50.0,0,I,SMALL_CITIES,STREET,4,17.0
175799,1,3,130,5,1,100.0,0,N,SMALL_TOWNS,FREEWAY,4,16.0
175800,6,3,174,5,3,40.0,0,N,MELB_URBAN,STREET,4,22.0
175801,1,2,99,5,1,100.0,0,N,RURAL_VICTORIA,ROAD,4,17.0
175802,4,3,171,2,2,100.0,0,I,RURAL_VICTORIA,ROAD,4,20.0
175803,4,3,171,5,3,50.0,0,N,MELB_URBAN,ROAD,4,23.0
175804,1,4,135,5,1,80.0,0,N,MELB_URBAN,HIGHWAY,4,15.0
175805,1,3,99,5,1,80.0,0,N,RURAL_VICTORIA,ROAD,4,17.0
175806,1,2,132,2,1,60.0,0,I,MELB_URBAN,ROAD,4,13.0
175807,1,2,99,5,1,40.0,0,N,MELB_URBAN,STREET,4,13.0
175808,3,4,167,5,2,100.0,0,N,RURAL_VICTORIA,ROAD,5,6.0
175809,5,4,99,5,2,100.0,0,N,MELB_URBAN,FREEWAY,5,6.0
175810,1,2,120,2,1,40.0,0,I,MELB_URBAN,ROAD,4,15.0
175811,1,4,111,1,1,60.0,0,N,MELB_URBAN,ROAD,4,16.0
175812,2,4,102,1,1,50.0,0,O,MELB_URBAN,UNKNOWN,5,7.0
175813,4,3,183,5,2,40.0,0,N,RURAL_VICTORIA,ROAD,4,6.0
175814,1,5,135,5,6,100.0,0,N,MELB_URBAN,FREEWAY,4,20.0
175815,1,4,110,1,1,60.0,0,I,TOWNS,AVENUE,5,8.0
175816,1,0,130,2,1,60.0,0,N,MELB_URBAN,DRIVE,10,14.0
175817,4,3,171,5,1,100.0,0,N,RURAL_VICTORIA,ROAD,5,7.0
175818,2,4,99,5,1,60.0,0,N,MELB_URBAN,AVENUE,5,10.0
175819,1,4,113,2,1,80.0,0,I,MELB_URBAN,ROAD,5,10.0
175820,1,2,147,5,1,50.0,0,N,MELB_URBAN,PARADE,4,14.0
175821,1,4,120,5,1,100.0,0,N,RURAL_VICTORIA,ROAD,5,8.0
175822,1,4,147,5,1,60.0,0,N,MELB_URBAN,ROAD,5,7.0
175823,1,4,110,1,1,40.0,0,I,LARGE_PROVINCIAL_CITIES,STREET,5,12.0
175824,1,5,130,5,3,60.0,0,N,MELB_URBAN,ROAD,3,22.0
175825,1,5,113,2,1,60.0,0,I,MELB_URBAN,AVENUE,4,15.0
175826,1,2,130,5,2,100.0,0,N,RURAL_VICTORIA,STREET,4,18.0
175827,1,1,130,2,1,70.0,0,I,LARGE_PROVINCIAL_CITIES,OTHER,4,13.0
175828,2,3,99,5,1,60.0,0,N,MELB_URBAN,STREET,4,15.0
175829,1,2,130,1,9,60.0,0,I,MELB_URBAN,HIGHWAY,5,17.0
175830,1,1,130,5,2,60.0,0,N,MELB_URBAN,ROAD,4,17.0
175831,1,1,130,5,1,60.0,0,N,MELB_URBAN,ROAD,4,9.0
175832,4,4,171,2,1,60.0,0,I,LARGE_PROVINCIAL_CITIES,ROAD,5,12.0
175833,6,7,170,5,1,100.0,0,N,RURAL_VICTORIA,ROAD,4,15.0
175834,8,4,174,5,3,70.0,0,N,MELB_URBAN,ROAD,3,22.0
175835,1,2,130,5,2,60.0,0,N,MELB_URBAN,ROAD,4,5.0
175836,1,4,130,5,1,70.0,1,N,MELB_URBAN,RAMP,5,13.0
175837,1,4,121,5,1,80.0,0,N,MELB_URBAN,ROAD,5,12.0
175838,6,1,174,5,6,60.0,0,N,MELB_URBAN,ROAD,4,18.0
175839,1,4,130,5,3,60.0,0,N,MELB_URBAN,ROAD,4,19.0
175840,1,3,110,1,1,50.0,0,I,LARGE_PROVINCIAL_CITIES,STREET,5,8.0
175841,2,2,100,5,1,60.0,0,N,LARGE_PROVINCIAL_CITIES,STREET,2,7.0
175842,1,5,113,2,3,60.0,0,I,MELB_URBAN,ROAD,4,21.0
175843,2,4,100,1,1,60.0,0,I,LARGE_PROVINCIAL_CITIES,AVENUE,5,15.0
175844,1,4,121,1,1,60.0,0,I,MELB_URBAN,ROAD,5,15.0
175845,1,5,99,1,1,60.0,0,N,MELB_URBAN,ROAD,2,16.0
175846,2,4,102,2,1,60.0,0,N,MELB_URBAN,ROAD,5,15.0
175847,4,3,99,1,1,60.0,0,N,RURAL_VICTORIA,ROAD,4,12.0
175848,1,4,130,5,1,60.0,0,N,RURAL_VICTORIA,ROAD,5,10.0
175849,1,4,110,1,1,50.0,0,I,MELB_URBAN,STREET,5,15.0
175850,1,4,121,2,3,60.0,0,I,MELB_URBAN,ROAD,5,18.0
175851,4,4,181,5,1,100.0,0,N,RURAL_VICTORIA,ROAD,5,16.0
175852,1,3,130,5,1,40.0,0,N,RURAL_VICTORIA,ROAD,5,9.0