,accident_type,day_of_week,dca_code,road_geometry,light_condition,speed_zone,severity,node_type,deg_urban_name,road_type,month,hour
175853,1,3,130,1,5,60.0,0,I,RURAL_VICTORIA,ROAD,4,20.0
175854,1,4,130,5,3,60.0,0,N,MELB_URBAN,ROAD,5,19.0
175855,2,5,100,2,3,30.0,0,I,MELB_URBAN,STREET,4,17.0
175856,4,4,181,5,3,50.0,0,N,RURAL_VICTORIA,OTHER,5,19.0
175857,1,5,160,5,3,60.0,0,N,MELB_URBAN,ROAD,4,20.0
175858,1,3,160,5,2,50.0,0,N,RURAL_VICTORIA,OTHER,5,18.0
175859,1,3,130,5,1,100.0,0,N,MELB_URBAN,ROAD,5,15.0
175860,1,3,99,5,3,40.0,0,N,MELBOURNE_CBD,STREET,5,21.0
175861,1,4,121,1,3,50.0,0,I,RURAL_VICTORIA,DRIVE,5,19.0
175862,1,3,121,2,5,80.0,0,I,RURAL_VICTORIA,ROAD,5,19.0
175863,1,6,130,1,1,60.0,0,I,MELB_URBAN,STREET,4,13.0
175864,4,4,171,4,1,100.0,0,I,MELB_URBAN,HIGHWAY,4,12.0
175865,2,5,100,2,1,40.0,0,I,MELB_URBAN,STREET,4,9.0
175866,1,2,130,5,2,60.0,0,N,RURAL_VICTORIA,ROAD,4,5.0
175867,1,1,130,5,1,70.0,0,N,MELB_URBAN,HIGHWAY,4,14.0
175868,1,3,130,1,1,40.0,0,I,MELB_URBAN,ROAD,5,10.0
175869,1,2,130,5,1,60.0,0,N,MELB_URBAN,ROAD,4,9.0
175870,1,2,116,2,1,70.0,0,I,MELB_URBAN,ROAD,4,12.0
175871,1,2,121,2,1,60.0,0,O,RURAL_VICTORIA,UNKNOWN,3,18.0
175872,1,4,130,5,5,60.0,0,N,RURAL_VICTORIA,ROAD,4,20.0
175873,1,4,130,5,1,60.0,0,N,MELB_URBAN,PARADE,5,9.0
175874,1,4,130,5,1,100.0,0,N,MELB_URBAN,FREEWAY,3,10.0
175875,1,1,99,1,6,70.0,0,N,MELB_URBAN,HIGHWAY,4,19.0
175876,1,3,130,2,1,70.0,0,N,MELB_URBAN,DRIVE,5,8.0
175877,2,6,102,5,1,60.0,0,N,MELB_URBAN,ROAD,4,13.0
175878,4,5,173,5,1,60.0,0,N,RURAL_VICTORIA,BOULEVARD,5,9.0
175879,1,2,130,5,2,80.0,0,N,MELB_URBAN,FREEWAY,4,18.0
175880,1,4,110,1,1,50.0,0,I,MELB_URBAN,STREET,5,8.0
175881,1,1,130,5,1,40.0,0,N,TOWNS,HIGHWAY,4,15.0
175882,1,2,130,1,3,60.0,0,I,MELB_URBAN,ROAD,4,22.0
175883,1,3,120,2,1,40.0,0,I,SMALL_CITIES,ROAD,4,12.0
175884,1,5,130,1,1,70.0,0,I,MELB_URBAN,DRIVE,5,13.0
175885,2,4,100,1,1,50.0,0,O,MELB_URBAN,UNKNOWN,5,14.0
175886,8,4,174,2,1,40.0,0,I,MELB_URBAN,STREET,5,16.0
175887,1,2,130,5,1,60.0,0,N,MELB_URBAN,ROAD,3,16.0
175888,1,5,132,5,1,60.0,0,N,LARGE_PROVINCIAL_CITIES,STREET,5,13.0
175889,1,5,121,2,1,80.0,0,N,RURAL_VICTORIA,ROAD,5,13.0
175890,1,1,113,2,1,100.0,0,I,RURAL_VICTORIA,ROAD,4,15.0
175891,1,1,99,5,1,60.0,0,N,MELB_URBAN,AVENUE,4,15.0
175892,1,5,140,5,1,50.0,0,N,MELB_URBAN,STREET,5,8.0
175893,1,3,121,5,3,60.0,0,N,LARGE_PROVINCIAL_CITIES,ROAD,5,18.0
175894,1,5,133,5,1,40.0,0,N,MELB_URBAN,STREET,5,14.0
175895,1,5,99,2,1,60.0,0,I,MELB_URBAN,STREET,5,15.0
175896,1,2,130,1,1,80.0,0,I,MELB_URBAN,HIGHWAY,12,9.0
175897,2,7,99,5,1,60.0,0,N,MELB_URBAN,DRIVE,11,13.0
175898,1,5,130,5,3,70.0,0,N,RURAL_VICTORIA,ROAD,4,18.0
175899,1,5,171,2,1,60.0,0,I,MELB_URBAN,STREET,5,15.0
175900,1,4,113,2,1,60.0,0,I,MELB_URBAN,ROAD,5,16.0
175901,1,4,121,2,1,60.0,0,I,MELB_URBAN,ROAD,5,15.0
175902,4,4,181,5,2,50.0,0,N,RURAL_VICTORIA,BOULEVARD,5,16.0
175903,8,5,99,5,1,50.0,0,N,MELB_URBAN,DRIVE,5,17.0
175904,1,4,110,1,1,60.0,0,I,MELB_URBAN,ROAD,5,16.0
175905,1,2,130,5,3,40.0,0,N,MELB_URBAN,FREEWAY,4,1.0
175906,1,5,147,5,1,40.0,0,N,MELB_URBAN,ROAD,5,15.0
175907,1,5,120,2,1,50.0,0,N,MELB_URBAN,AVENUE,5,14.0
175908,1,5,120,5,2,100.0,0,N,RURAL_VICTORIA,HIGHWAY,5,17.0
175909,1,5,140,5,3,50.0,0,N,MELB_URBAN,STREET,5,19.0
175910,1,5,130,1,1,100.0,0,N,MELB_URBAN,ROAD,5,16.0
175911,4,5,171,5,2,100.0,0,N,RURAL_VICTORIA,HIGHWAY,5,17.0
175912,2,5,102,2,3,80.0,1,I,MELB_URBAN,ROAD,5,19.0
175913,1,4,160,5,2,60.0,0,N,MELB_URBAN,ROAD,5,17.0
175914,1,5,147,5,3,60.0,0,N,TOWNS,ROAD,5,20.0
175915,1,4,130,1,3,80.0,0,N,MELB_URBAN,FREEWAY,5,18.0
175916,4,5,173,5,3,50.0,0,N,RURAL_VICTORIA,STREET,5,20.0
175917,1,4,120,5,3,50.0,0,N,MELB_URBAN,AVENUE,5,20.0
175918,1,3,99,1,6,50.0,0,I,MELB_URBAN,STREET,5,19.0
175919,4,5,171,5,3,60.0,0,N,MELB_URBAN,STREET,5,18.0
175920,4,5,99,1,3,50.0,0,I,LARGE_PROVINCIAL_CITIES,STREET,5,3.0
175921,1,6,110,1,3,60.0,0,I,MELB_URBAN,ROAD,5,5.0
175922,6,7,174,2,1,60.0,0,N,MELB_URBAN,ROAD,4,10.0
175923,1,6,99,2,1,60.0,0,O,MELB_URBAN,UNKNOWN,5,7.0
175924,1,1,134,5,1,100.0,0,N,MELB_URBAN,ROAD,4,16.0
175925,1,5,130,1,2,80.0,0,N,MELB_URBAN,ROAD,5,6.0
175926,1,5,135,5,1,60.0,0,I,MELB_URBAN,ROAD,6,16.0
175927,1,6,113,2,1,80.0,0,I,RURAL_VICTORIA,HIGHWAY,5,7.0
175928,1,6,121,2,1,60.0,0,I,MELB_URBAN,ROAD,5,9.0
175929,4,5,171,5,1,60.0,0,N,MELB_URBAN,STREET,5,8.0
175930,2,5,100,1,1,40.0,0,I,MELBOURNE_CBD,STREET,5,10.0
175931,1,6,99,5,1,50.0,0,N,MELB_URBAN,ROAD,5,10.0
175932,1,3,110,1,1,50.0,0,I,LARGE_PROVINCIAL_CITIES,AVENUE,4,8.0
175933,1,6,130,5,1,40.0,0,N,MELB_URBAN,ROAD,5,10.0
175934,1,6,110,1,1,60.0,0,I,LARGE_PROVINCIAL_CITIES,ROAD,5,12.0
175935,1,3,121,2,1,50.0,0,I,MELB_URBAN,STREET,3,9.0
175936,1,5,110,1,1,60.0,0,I,MELB_URBAN,ROAD,5,14.0
175937,1,4,147,2,1,60.0,0,I,MELB_URBAN,ROAD,4,8.0
175938,6,5,170,5,1,100.0,0,N,RURAL_VICTORIA,ROAD,5,15.0
175939,6,4,174,2,1,40.0,0,I,MELB_URBAN,STREET,4,17.0
175940,1,6,99,1,1,60.0,0,I,SMALL_CITIES,PARADE,5,15.0
175941,1,6,99,5,1,60.0,0,N,MELB_URBAN,STREET,5,7.0
175942,1,6,130,5,1,110.0,0,N,RURAL_VICTORIA,FREEWAY,5,16.0
175943,1,5,140,2,1,70.0,0,I,MELB_URBAN,ROAD,5,15.0
175944,1,6,130,2,6,40.0,0,I,MELB_URBAN,ROAD,4,19.0
175945,1,6,99,1,1,60.0,0,I,MELB_URBAN,ROAD,5,17.0
175946,1,5,113,1,1,50.0,0,I,MELB_URBAN,STREET,5,15.0
175947,8,5,174,5,1,50.0,0,N,MELB_URBAN,STREET,3,11.0
175948,1,6,130,5,1,100.0,0,N,MELB_URBAN,FREEWAY,5,15.0
175949,1,6,147,5,3,70.0,0,N,MELB_URBAN,ROAD,5,17.0
175950,1,6,110,1,3,50.0,0,I,MELB_URBAN,STREET,5,18.0
175951,1,5,130,1,3,60.0,0,I,MELB_URBAN,STREET,5,18.0
175952,1,6,121,2,1,100.0,0,I,RURAL_VICTORIA,HIGHWAY,5,15.0
175953,1,6,130,5,3,80.0,0,N,MELB_URBAN,ROAD,5,18.0
175954,1,6,147,5,1,60.0,0,N,MELB_URBAN,ROAD,5,17.0
175955,1,0,130,2,1,80.0,0,I,MELB_URBAN,RAMP,4,13.0
175956,1,1,99,4,1,80.0,0,I,MELB_URBAN,HIGHWAY,4,13.0
175957,1,5,120,5,5,80.0,0,N,RURAL_VICTORIA,HIGHWAY,5,18.0
175958,1,6,99,2,1,50.0,0,N,SMALL_CITIES,STREET,5,14.0
175959,1,6,130,5,5,100.0,0,N,MELB_URBAN,ROAD,5,17.0
175960,1,6,111,2,1,60.0,0,I,MELB_URBAN,ROAD,5,16.0
175961,2,5,102,5,3,40.0,0,N,MELBOURNE_CBD,STREET,5,18.0
175962,1,6,130,5,3,70.0,0,N,LARGE_PROVINCIAL_CITIES,ROAD,5,19.0
175963,1,6,110,1,1,60.0,0,I,TOWNS,ROAD,5,17.0
175964,1,6,121,2,3,60.0,0,I,MELB_URBAN,ROAD,5,20.0
175965,1,6,99,5,3,80.0,0,N,MELB_URBAN,FREEWAY,5,21.0
175966,1,6,130,5,3,60.0,0,N,MELB_URBAN,OTHER,5,22.0
175967,6,3,99,1,1,60.0,0,I,MELB_URBAN,STREET,4,18.0
175968,2,5,99,5,3,60.0,0,N,SMALL_CITIES,ROAD,5,23.0
175969,6,6,99,2,5,100.0,0,I,RURAL_VICTORIA,ROAD,5,23.0
175970,4,6,181,5,3,60.0,0,N,TOWNS,HIGHWAY,5,23.0
175971,1,6,130,5,3,100.0,0,N,MELB_URBAN,FREEWAY,5,22.0
175972,1,6,130,5,3,80.0,0,N,RURAL_VICTORIA,ROAD,5,0.0
175973,1,7,171,5,3,60.0,0,N,MELB_URBAN,ROAD,5,3.0
175974,6,6,99,2,1,60.0,0,I,MELB_URBAN,ROAD,5,8.0
175975,1,7,160,5,5,60.0,0,N,LARGE_PROVINCIAL_CITIES,ROAD,5,0.0
175976,2,7,99,5,3,60.0,0,N,MELB_URBAN,ROAD,5,6.0
175977,1,5,130,1,1,60.0,0,I,MELB_URBAN,ROAD,2,19.0
175978,1,4,121,2,1,50.0,0,I,MELB_URBAN,ROAD,3,16.0
175979,1,6,121,2,3,60.0,0,I,MELB_URBAN,ROAD,5,20.0
175980,1,6,99,1,1,50.0,0,I,MELB_URBAN,STREET,5,16.0
175981,1,7,99,5,1,60.0,0,N,MELB_URBAN,ROAD,5,11.0
175982,1,7,130,5,1,60.0,0,N,MELB_URBAN,ROAD,5,10.0
175983,1,4,130,5,1,70.0,0,I,LARGE_PROVINCIAL_CITIES,HIGHWAY,5,8.0
175984,1,7,163,5,1,60.0,0,N,MELB_URBAN,ROAD,5,7.0
175985,1,7,113,2,1,80.0,0,I,MELB_URBAN,ROAD,5,11.0
175986,2,7,99,2,1,40.0,0,N,MELB_URBAN,STREET,5,11.0
175987,1,7,121,2,1,80.0,0,N,MELB_URBAN,OTHER,5,13.0
175988,1,7,99,2,1,60.0,0,I,RURAL_VICTORIA,ROAD,5,9.0
175989,1,7,130,1,1,60.0,0,I,MELB_URBAN,ROAD,5,13.0
175990,1,7,111,1,1,50.0,0,I,MELB_URBAN,ROAD,5,13.0
175991,1,4,135,5,1,60.0,0,N,MELB_URBAN,OTHER,5,15.0
175992,1,6,120,2,1,80.0,0,I,SMALL_CITIES,DRIVE,5,13.0
175993,1,7,99,1,1,40.0,0,N,MELB_URBAN,AVENUE,5,14.0
175994,1,3,99,1,1,60.0,0,O,MELB_URBAN,UNKNOWN,5,17.0
175995,1,7,121,1,1,80.0,0,I,MELB_URBAN,HIGHWAY,5,15.0
175996,1,6,99,1,1,50.0,0,I,MELB_URBAN,STREET,5,15.0
175997,1,3,121,2,2,70.0,0,I,MELB_URBAN,ROAD,4,17.0
175998,1,3,147,5,1,70.0,0,N,MELB_URBAN,ROAD,4,16.0
175999,1,7,99,5,3,60.0,0,N,MELB_URBAN,ROAD,5,17.0
176000,1,6,130,2,1,80.0,0,I,MELB_URBAN,STREET,4,16.0
176001,6,7,99,5,1,50.0,0,N,MELB_URBAN,ROAD,5,15.0
176002,4,0,173,5,3,80.0,0,N,MELB_URBAN,ROAD,4,2.0
176003,6,7,99,5,2,50.0,0,N,MELB_URBAN,STREET,5,17.0
176004,4,7,99,2,5,80.0,0,O,RURAL_VICTORIA,UNKNOWN,5,18.0
176005,4,7,173,5,1,100.0,0,N,RURAL_VICTORIA,HIGHWAY,5,17.0
176006,2,6,102,2,3,80.0,0,I,MELB_URBAN,ROAD,5,20.0
176007,2,7,102,1,1,40.0,1,I,MELB_URBAN,ROAD,5,16.0
176008,4,7,99,5,3,60.0,0,N,MELB_URBAN,ROAD,5,20.0
176009,4,7,183,5,1,60.0,0,N,SMALL_CITIES,STREET,5,14.0
176010,1,7,111,1,3,60.0,0,I,MELB_URBAN,STREET,5,22.0
176011,1,7,110,1,3,60.0,0,I,MELB_URBAN,ROAD,5,22.0
176012,1,7,134,5,3,40.0,0,N,MELBOURNE_CBD,STREET,5,23.0
176013,7,7,99,5,3,50.0,0,N,MELB_URBAN,STREET,5,2.0
176014,4,1,183,5,5,60.0,0,N,RURAL_VICTORIA,STREET,5,2.0
176015,1,1,99,1,3,60.0,0,I,MELB_URBAN,ROAD,5,3.0
176016,1,7,120,2,3,60.0,0,N,MELB_URBAN,ROAD,5,23.0
176017,4,1,171,5,5,60.0,0,N,RURAL_VICTORIA,ROAD,5,0.0
176018,6,7,174,5,1,100.0,0,N,RURAL_VICTORIA,ROAD,5,13.0
176019,1,0,110,1,1,60.0,0,I,MELB_URBAN,HIGHWAY,4,10.0
176020,5,7,99,5,1,60.0,0,N,RURAL_VICTORIA,ROAD,5,9.0
176021,4,5,183,5,2,60.0,0,N,RURAL_VICTORIA,ROAD,4,5.0
176022,1,1,160,5,1,50.0,0,N,MELB_URBAN,OTHER,5,12.0
176023,1,1,121,1,1,60.0,0,I,LARGE_PROVINCIAL_CITIES,ROAD,5,11.0
176024,1,1,120,5,1,50.0,0,N,MELB_URBAN,DRIVE,5,13.0
176025,2,1,99,5,1,40.0,0,N,MELB_URBAN,ROAD,5,13.0
176026,1,1,110,1,1,60.0,0,I,MELB_URBAN,ROAD,5,11.0
176027,4,7,173,5,1,60.0,0,N,MELB_URBAN,ROAD,4,16.0
176028,1,7,130,5,1,80.0,0,N,MELB_URBAN,OTHER,5,14.0
176029,2,7,102,2,5,60.0,0,N,MELB_URBAN,OTHER,5,19.0
176030,1,1,130,2,1,40.0,0,I,MELB_URBAN,ROAD,5,15.0
176031,1,0,121,1,1,100.0,0,I,RURAL_VICTORIA,OTHER,5,15.0
176032,1,0,121,2,1,60.0,0,I,MELB_URBAN,ROAD,5,16.0
176033,1,1,110,1,3,80.0,0,I,MELB_URBAN,HIGHWAY,5,19.0
176034,1,1,121,2,3,80.0,0,I,MELB_URBAN,ROAD,5,18.0
176035,1,1,120,5,3,50.0,0,N,RURAL_VICTORIA,STREET,5,17.0
176036,1,1,130,4,3,80.0,0,I,MELB_URBAN,ROAD,5,19.0
176037,1,1,140,2,1,60.0,0,I,MELB_URBAN,ROAD,5,16.0
176038,1,1,121,5,1,60.0,0,N,SMALL_CITIES,STREET,5,16.0
176039,4,4,181,5,5,60.0,0,N,RURAL_VICTORIA,ROAD,4,0.0
176040,1,1,121,2,1,60.0,1,I,LARGE_PROVINCIAL_CITIES,STREET,5,16.0
176041,1,0,120,5,1,50.0,0,N,MELB_URBAN,ROAD,5,16.0
176042,1,3,121,1,2,40.0,0,I,MELB_URBAN,ROAD,4,17.0
176043,4,1,183,5,3,60.0,0,N,MELB_URBAN,DRIVE,5,19.0
176044,1,5,121,2,6,60.0,0,I,MELB_URBAN,STREET,5,18.0
176045,1,1,160,5,3,40.0,0,N,MELB_URBAN,ROAD,5,1.0
176046,6,0,170,2,5,100.0,0,N,RURAL_VICTORIA,ROAD,5,22.0
176047,1,2,133,5,3,100.0,0,N,MELB_URBAN,FREEWAY,5,5.0
176048,1,1,133,5,3,60.0,0,N,MELB_URBAN,ROAD,5,6.0
176049,1,1,111,1,2,40.0,0,I,MELB_URBAN,STREET,5,5.0
176050,1,2,130,5,1,80.0,0,N,MELB_URBAN,HIGHWAY,5,7.0
176051,1,1,121,4,1,80.0,0,I,MELB_URBAN,HIGHWAY,5,7.0
176052,6,1,184,5,1,60.0,0,N,RURAL_VICTORIA,ROAD,5,11.0
176053,1,7,130,2,1,60.0,0,I,LARGE_PROVINCIAL_CITIES,ROAD,5,15.0
176054,1,7,130,1,2,40.0,0,N,MELBOURNE_CBD,STREET,5,6.0
176055,1,5,147,5,1,60.0,0,N,MELB_URBAN,ROAD,5,11.0
176056,7,2,99,5,3,60.0,0,N,MELB_URBAN,STREET,4,18.0
176057,1,3,99,1,1,60.0,0,N,MELB_URBAN,ROAD,2,16.0
176058,1,0,110,1,6,60.0,0,I,RURAL_VICTORIA,ROAD,5,18.0
176059,1,1,130,2,1,40.0,0,N,MELB_URBAN,DRIVE,5,8.0
176060,1,2,99,5,1,40.0,0,N,MELB_URBAN,STREET,5,11.0
176061,4,2,173,5,1,80.0,0,N,RURAL_VICTORIA,ROAD,5,9.0
176062,1,1,121,5,1,60.0,0,N,MELB_URBAN,STREET,4,14.0
176063,1,2,110,1,1,60.0,0,I,TOWNS,STREET,5,13.0
176064,1,7,135,5,1,100.0,0,N,RURAL_VICTORIA,FREEWAY,4,15.0
176065,1,2,110,1,1,100.0,0,I,RURAL_VICTORIA,ROAD,5,10.0
176066,4,5,181,5,5,50.0,0,N,TOWNS,DRIVE,4,6.0
176067,1,2,134,5,1,60.0,0,N,MELB_URBAN,ROAD,5,14.0
176068,1,2,116,1,1,60.0,0,I,RURAL_VICTORIA,STREET,5,13.0
176069,1,4,110,1,1,60.0,0,I,LARGE_PROVINCIAL_CITIES,STREET,4,13.0
176070,1,1,121,1,1,50.0,0,I,MELB_URBAN,HIGHWAY,5,15.0
176071,1,4,130,2,1,60.0,0,I,MELB_URBAN,ROAD,5,13.0
176072,1,1,99,1,1,60.0,0,N,SMALL_CITIES,OTHER,5,11.0
176073,4,2,181,5,2,110.0,0,N,SMALL_TOWNS,FREEWAY,5,17.0
176074,1,1,130,2,2,60.0,0,N,MELB_URBAN,ROAD,5,18.0
176075,1,2,99,5,3,100.0,0,N,MELB_URBAN,FREEWAY,5,18.0
176076,2,1,100,2,5,40.0,0,N,MELB_URBAN,OTHER,5,18.0
176077,1,1,160,5,1,40.0,0,N,MELB_URBAN,STREET,5,13.0
176078,2,2,102,5,1,60.0,0,N,SMALL_CITIES,DRIVE,5,16.0
176079,1,2,113,2,1,50.0,0,I,RURAL_VICTORIA,ROAD,5,17.0
176080,1,3,121,1,1,80.0,0,N,RURAL_VICTORIA,ROAD,4,12.0
176081,1,2,160,5,3,50.0,0,N,MELB_URBAN,STREET,5,21.0
176082,1,2,99,2,1,60.0,0,N,MELB_URBAN,ROAD,5,16.0
176083,1,3,132,1,1,60.0,0,I,MELB_URBAN,ROAD,4,15.0
176084,1,5,130,5,2,40.0,0,N,MELB_URBAN,ROAD,5,17.0
176085,2,2,100,2,3,50.0,0,I,LARGE_PROVINCIAL_CITIES,DRIVE,5,21.0
176086,1,3,110,1,3,60.0,0,I,SMALL_TOWNS,ROAD,5,5.0
176087,1,2,147,2,1,50.0,0,N,SMALL_CITIES,ROAD,5,11.0
176088,1,3,121,2,2,60.0,0,I,MELB_URBAN,STREET,5,6.0
176089,6,2,174,5,1,60.0,0,N,MELB_URBAN,ROAD,5,7.0
176090,1,2,110,1,1,50.0,0,I,SMALL_CITIES,STREET,5,8.0
176091,2,2,100,1,1,50.0,0,I,MELB_URBAN,STREET,5,14.0
176092,1,1,99,2,1,50.0,0,I,SMALL_CITIES,STREET,5,16.0
176093,1,3,130,5,1,100.0,0,N,MELB_URBAN,FREEWAY,5,9.0
176094,3,2,167,5,1,100.0,0,N,RURAL_VICTORIA,ROAD,5,8.0
176095,1,6,130,5,1,60.0,0,N,MELB_URBAN,HIGHWAY,4,12.0
176096,1,3,132,1,1,60.0,0,I,MELB_URBAN,ROAD,5,6.0
176097,1,3,120,5,1,70.0,1,N,MELB_URBAN,ROAD,5,7.0
176098,1,3,130,5,9,50.0,0,N,MELB_URBAN,ROAD,4,6.0
176099,1,6,121,5,1,60.0,0,N,LARGE_PROVINCIAL_CITIES,HIGHWAY,5,9.0
176100,8,1,174,2,4,40.0,0,I,MELB_URBAN,STREET,4,23.0
176101,2,3,102,2,1,40.0,0,I,MELB_URBAN,ROAD,5,9.0
176102,1,1,130,1,1,80.0,0,I,TOWNS,HIGHWAY,5,8.0
176103,1,3,113,1,1,50.0,0,I,MELB_URBAN,OTHER,5,10.0
176104,1,3,147,5,1,50.0,0,N,MELB_URBAN,STREET,5,12.0
176105,1,3,110,1,1,50.0,0,I,SMALL_CITIES,STREET,5,7.0
176106,1,3,130,2,1,100.0,0,I,MELB_URBAN,ROAD,3,17.0
176107,1,6,130,1,1,60.0,0,I,MELB_URBAN,PARADE,5,17.0
176108,1,4,111,2,3,50.0,0,I,MELB_URBAN,STREET,5,19.0
176109,6,4,99,2,1,40.0,0,N,MELB_URBAN,HIGHWAY,5,16.0
176110,1,3,121,5,1,60.0,0,N,RURAL_VICTORIA,ROAD,5,12.0
176111,1,6,99,5,1,60.0,0,N,MELB_URBAN,ROAD,5,15.0
176112,1,3,130,5,1,100.0,1,N,RURAL_VICTORIA,HIGHWAY,5,8.0
176113,1,2,130,5,1,80.0,0,N,SMALL_CITIES,HIGHWAY,5,8.0
176114,5,1,99,2,3,50.0,0,I,MELB_URBAN,AVENUE,5,19.0
176115,1,5,130,2,1,60.0,0,I,MELB_URBAN,ROAD,4,15.0
176116,1,7,130,5,1,80.0,0,N,MELB_URBAN,UNKNOWN,5,13.0
176117,1,6,130,5,1,60.0,0,N,RURAL_VICTORIA,DRIVE,5,16.0
176118,1,3,130,5,1,80.0,0,N,MELB_URBAN,FREEWAY,5,14.0
176119,8,6,99,2,3,50.0,0,I,MELB_URBAN,ROAD,4,21.0
176120,2,3,99,5,1,60.0,0,N,LARGE_PROVINCIAL_CITIES,ROAD,5,16.0
176121,1,3,140,5,2,80.0,0,N,RURAL_VICTORIA,ROAD,5,16.0
176122,2,1,100,5,6,60.0,0,N,MELB_URBAN,ROAD,5,20.0
176123,1,3,113,1,3,60.0,0,I,MELB_URBAN,ROAD,5,17.0
176124,1,2,99,5,1,40.0,0,N,RURAL_VICTORIA,ROAD,5,7.0
176125,1,3,130,2,1,100.0,0,I,RURAL_VICTORIA,HIGHWAY,5,12.0
176126,4,3,171,5,1,100.0,0,N,RURAL_VICTORIA,OTHER,5,15.0
176127,1,3,130,5,1,80.0,0,N,RURAL_VICTORIA,ROAD,5,16.0
176128,1,3,160,5,3,50.0,0,N,RURAL_VICTORIA,ROAD,5,17.0
176129,1,5,130,1,1,60.0,0,I,SMALL_TOWNS,RAMP,4,16.0
176130,1,2,130,5,1,60.0,0,N,MELB_URBAN,OTHER,5,9.0
176131,1,3,130,5,1,60.0,0,N,MELB_URBAN,ROAD,5,10.0
176132,1,2,121,1,3,60.0,0,I,MELB_URBAN,ROAD,5,19.0
176133,2,2,99,5,3,60.0,0,N,MELB_URBAN,ROAD,5,18.0
176134,3,3,167,5,5,70.0,0,N,RURAL_VICTORIA,ROAD,5,20.0
176135,4,3,183,5,1,110.0,0,N,RURAL_VICTORIA,FREEWAY,5,13.0
176136,1,1,110,1,1,40.0,0,I,SMALL_CITIES,STREET,4,8.0
176137,1,2,99,2,1,60.0,0,I,MELB_URBAN,ROAD,5,16.0
176138,1,0,110,1,1,60.0,0,I,SMALL_CITIES,STREET,4,8.0
176139,4,2,171,1,3,60.0,0,I,MELB_URBAN,STREET,5,23.0
176140,1,6,130,5,3,100.0,0,N,MELB_URBAN,FREEWAY,5,23.0
176141,1,3,116,2,3,80.0,0,I,MELB_URBAN,ROAD,5,22.0
176142,4,4,171,5,3,60.0,0,N,MELB_URBAN,AVENUE,5,1.0
176143,1,2,121,2,3,50.0,0,I,MELB_URBAN,STREET,5,21.0
176144,1,1,171,5,3,60.0,0,N,MELB_URBAN,STREET,5,21.0
176145,1,4,99,2,1,60.0,0,N,MELB_URBAN,AVENUE,5,7.0
176146,1,4,160,5,3,50.0,0,N,LARGE_PROVINCIAL_CITIES,STREET,4,23.0
176147,2,1,102,2,5,50.0,0,I,MELB_URBAN,DRIVE,3,4.0
176148,1,3,130,5,1,70.0,0,N,MELB_URBAN,HIGHWAY,5,9.0
176149,1,0,120,5,1,60.0,0,N,MELB_URBAN,STREET,4,11.0
176150,1,4,147,5,1,60.0,0,N,MELB_URBAN,STREET,5,10.0
176151,1,4,110,1,1,50.0,0,I,LARGE_PROVINCIAL_CITIES,STREET,3,9.0
176152,1,4,130,1,1,70.0,0,N,MELB_URBAN,ROAD,5,11.0
176153,5,7,173,5,5,40.0,0,N,SMALL_TOWNS,FREEWAY,4,0.0
176154,1,4,110,1,1,50.0,0,I,LARGE_PROVINCIAL_CITIES,STREET,5,12.0
176155,1,6,130,5,1,100.0,0,N,MELB_URBAN,UNKNOWN,5,16.0
176156,1,5,130,2,1,60.0,0,I,MELB_URBAN,ROAD,2,16.0
176157,1,3,132,1,1,100.0,0,I,RURAL_VICTORIA,ROAD,5,12.0
176158,1,1,120,5,1,80.0,0,N,RURAL_VICTORIA,ROAD,4,12.0
176159,1,6,99,5,1,80.0,0,N,MELB_URBAN,HIGHWAY,5,10.0
176160,4,4,171,5,1,100.0,0,N,RURAL_VICTORIA,ROAD,5,11.0
176161,1,4,121,2,1,40.0,0,I,MELB_URBAN,ROAD,5,8.0
176162,1,1,99,1,1,60.0,0,I,MELB_URBAN,STREET,10,8.0
176163,1,4,163,5,1,40.0,0,N,MELB_URBAN,STREET,5,13.0
176164,1,7,133,5,1,60.0,0,N,MELB_URBAN,ROAD,4,9.0
176165,4,4,173,5,1,60.0,0,N,MELB_URBAN,STREET,5,13.0
176166,6,1,174,2,1,100.0,0,I,RURAL_VICTORIA,ROAD,4,14.0
176167,1,2,99,2,1,60.0,0,I,SMALL_CITIES,AVENUE,4,12.0
176168,1,3,121,2,1,70.0,0,I,MELB_URBAN,STREET,5,18.0
176169,1,0,147,5,1,60.0,0,N,MELB_URBAN,ROAD,4,11.0
176170,1,3,110,1,1,50.0,0,I,MELB_URBAN,STREET,5,13.0
176171,1,2,99,2,1,60.0,0,I,MELB_URBAN,RAMP,5,14.0
176172,1,2,110,1,2,50.0,0,I,MELB_URBAN,OTHER,5,6.0
176173,2,3,100,1,1,50.0,0,I,MELB_URBAN,ROAD,5,14.0
176174,1,4,130,5,1,80.0,0,N,MELB_URBAN,ROAD,5,8.0
176175,1,2,130,5,3,100.0,0,N,MELB_URBAN,FREEWAY,4,18.0
176176,1,3,121,2,3,60.0,0,I,MELB_URBAN,STREET,5,18.0
176177,1,4,113,2,1,80.0,0,I,RURAL_VICTORIA,HIGHWAY,5,16.0
176178,1,4,130,5,1,80.0,0,N,MELB_URBAN,FREEWAY,5,7.0
176179,1,4,132,2,3,40.0,0,I,MELB_URBAN,PARADE,5,18.0