,accident_type,day_of_week,dca_code,road_geometry,light_condition,speed_zone,severity,node_type,deg_urban_name,road_type,month,hour
176180,1,4,99,2,1,50.0,0,I,MELB_URBAN,OTHER,5,16.0
176181,1,0,130,5,1,40.0,0,N,MELB_URBAN,ROAD,5,14.0
176182,1,3,121,2,3,60.0,0,I,MELB_URBAN,STREET,5,17.0
176183,1,4,140,2,3,80.0,0,I,MELB_URBAN,HIGHWAY,5,19.0
176184,2,4,100,5,1,60.0,0,N,RURAL_VICTORIA,ROAD,5,15.0
176185,1,4,130,5,1,60.0,0,N,MELB_URBAN,ROAD,4,16.0
176186,1,4,130,5,1,80.0,0,N,MELB_URBAN,OTHER,5,16.0
176187,1,4,135,5,3,80.0,0,N,MELB_URBAN,ROAD,5,19.0
176188,1,7,130,1,1,60.0,0,N,MELB_URBAN,STREET,8,11.0
176189,5,4,99,1,3,70.0,0,I,TOWNS,OTHER,5,18.0
176190,1,4,116,2,1,80.0,0,I,MELB_URBAN,ROAD,5,16.0
176191,6,4,184,2,1,100.0,0,I,RURAL_VICTORIA,ROAD,5,14.0
176192,1,4,110,1,3,60.0,0,I,RURAL_VICTORIA,ROAD,5,20.0
176193,1,4,147,5,1,70.0,0,N,LARGE_PROVINCIAL_CITIES,ROAD,5,16.0
176194,6,7,174,5,1,60.0,0,N,RURAL_VICTORIA,OTHER,4,11.0
176195,4,4,173,2,5,80.0,0,I,SMALL_TOWNS,ROAD,5,22.0
176196,7,7,99,2,6,60.0,0,I,TOWNS,ROAD,4,23.0
176197,3,4,167,5,5,60.0,0,N,RURAL_VICTORIA,ROAD,5,18.0
176198,4,4,171,5,1,80.0,0,N,RURAL_VICTORIA,ROAD,5,7.0
176199,1,5,130,5,1,70.0,0,N,MELB_URBAN,OTHER,5,7.0
176200,1,3,130,2,1,60.0,0,N,MELB_URBAN,ROAD,4,13.0
176201,1,5,121,1,2,60.0,0,I,MELB_URBAN,ROAD,5,5.0
176202,1,4,110,1,1,60.0,0,I,SMALL_CITIES,ROAD,5,8.0
176203,1,6,121,1,2,60.0,0,I,MELB_URBAN,ROAD,4,6.0
176204,1,2,130,2,1,70.0,0,I,MELB_URBAN,ROAD,4,9.0
176205,1,5,147,5,1,50.0,0,N,MELB_URBAN,ROAD,5,8.0
176206,2,5,102,2,1,60.0,0,I,MELB_URBAN,STREET,6,8.0
176207,1,4,130,5,6,60.0,0,N,RURAL_VICTORIA,ROAD,5,20.0
176208,1,0,130,5,1,110.0,0,N,RURAL_VICTORIA,FREEWAY,4,13.0
176209,1,1,110,1,2,60.0,0,I,MELB_URBAN,ROAD,2,6.0
176210,4,4,171,5,1,100.0,0,N,RURAL_VICTORIA,ROAD,5,9.0
176211,1,2,130,5,1,60.0,0,N,MELB_URBAN,FREEWAY,4,15.0
176212,1,5,99,5,1,40.0,0,N,MELBOURNE_CBD,STREET,5,12.0
176213,4,4,173,5,1,100.0,0,N,RURAL_VICTORIA,HIGHWAY,5,12.0
176214,2,3,100,2,1,40.0,0,N,MELBOURNE_CBD,STREET,5,15.0
176215,1,5,113,2,1,100.0,0,I,RURAL_VICTORIA,HIGHWAY,5,11.0
176216,1,4,121,1,1,40.0,0,I,MELB_URBAN,STREET,5,13.0
176217,1,5,130,2,1,80.0,0,N,MELB_URBAN,HIGHWAY,5,13.0
176218,1,5,121,2,1,60.0,0,I,MELB_URBAN,BOULEVARD,5,12.0
176219,1,2,132,5,1,80.0,0,I,MELB_URBAN,ROAD,4,7.0
176220,7,5,99,2,1,60.0,0,I,RURAL_VICTORIA,ROAD,5,9.0
176221,7,1,99,5,1,60.0,0,N,MELB_URBAN,AVENUE,4,10.0
176222,4,5,173,5,1,100.0,0,N,RURAL_VICTORIA,ROAD,5,15.0
176223,1,5,99,1,3,40.0,0,I,MELB_URBAN,STREET,5,17.0
176224,2,3,102,1,1,60.0,0,I,MELB_URBAN,ROAD,5,8.0
176225,1,5,135,5,1,100.0,0,N,MELB_URBAN,FREEWAY,5,16.0
176226,6,5,170,5,1,100.0,0,N,RURAL_VICTORIA,HIGHWAY,5,16.0
176227,1,5,121,2,3,60.0,0,I,SMALL_CITIES,OTHER,5,18.0
176228,6,5,174,5,1,60.0,0,N,MELB_URBAN,STREET,5,16.0
176229,1,5,120,5,2,50.0,0,N,MELB_URBAN,DRIVE,5,16.0
176230,4,5,171,1,3,80.0,0,N,MELB_URBAN,HIGHWAY,5,19.0
176231,1,5,147,5,3,50.0,0,N,MELB_URBAN,BOULEVARD,5,18.0
176232,1,1,99,2,1,80.0,0,I,MELB_URBAN,ROAD,2,15.0
176233,1,4,99,5,5,100.0,0,N,RURAL_VICTORIA,ROAD,5,21.0
176234,1,4,120,5,1,100.0,1,N,RURAL_VICTORIA,HIGHWAY,5,16.0
176235,1,5,99,5,5,110.0,0,N,RURAL_VICTORIA,FREEWAY,5,19.0
176236,1,5,99,1,1,60.0,0,I,LARGE_PROVINCIAL_CITIES,STREET,5,15.0
176237,4,5,99,5,5,100.0,0,N,RURAL_VICTORIA,ROAD,5,21.0
176238,1,5,99,5,3,60.0,0,N,MELB_URBAN,STREET,5,20.0
176239,2,4,102,2,6,50.0,0,I,MELB_URBAN,OTHER,5,19.0
176240,4,5,171,5,3,60.0,0,N,MELB_URBAN,ROAD,5,2.0
176241,1,3,121,5,1,60.0,0,N,MELB_URBAN,STREET,4,7.0
176242,4,4,181,5,2,80.0,0,N,RURAL_VICTORIA,ROAD,5,6.0
176243,2,5,102,5,3,80.0,0,N,MELB_URBAN,FREEWAY,5,23.0
176244,4,6,173,2,3,60.0,0,N,MELB_URBAN,DRIVE,5,1.0
176245,1,2,99,5,3,60.0,0,N,MELB_URBAN,ROAD,5,4.0
176246,4,6,99,2,3,80.0,0,I,MELB_URBAN,HIGHWAY,5,2.0
176247,4,6,171,5,3,60.0,0,N,MELB_URBAN,PARADE,5,0.0
176248,4,6,171,5,5,80.0,0,N,RURAL_VICTORIA,ROAD,5,5.0
176249,4,6,171,5,5,100.0,0,N,RURAL_VICTORIA,ROAD,5,1.0
176250,1,4,133,5,1,80.0,0,N,MELB_URBAN,FREEWAY,5,7.0
176251,1,6,130,5,1,60.0,0,N,MELB_URBAN,ROAD,4,18.0
176252,2,5,102,2,2,50.0,0,N,MELB_URBAN,DRIVE,5,6.0
176253,5,2,171,5,1,100.0,0,N,RURAL_VICTORIA,ROAD,4,12.0
176254,1,5,110,1,1,60.0,0,I,MELB_URBAN,ROAD,5,7.0
176255,1,3,116,1,1,50.0,0,I,MELB_URBAN,ROAD,4,8.0
176256,1,6,130,1,1,80.0,0,N,MELB_URBAN,ROAD,5,8.0
176257,1,6,130,2,1,70.0,0,I,MELB_URBAN,ROAD,5,9.0
176258,4,6,181,5,1,80.0,0,N,RURAL_VICTORIA,ROAD,5,10.0
176259,4,5,181,5,5,100.0,0,N,RURAL_VICTORIA,ROAD,5,17.0
176260,1,5,116,2,3,50.0,0,I,MELB_URBAN,PARADE,5,22.0
176261,1,6,173,5,1,50.0,0,N,MELB_URBAN,STREET,12,11.0
176262,4,6,181,5,1,100.0,0,N,RURAL_VICTORIA,ROAD,5,9.0
176263,8,2,99,2,1,60.0,0,N,SMALL_CITIES,BOULEVARD,4,17.0
176264,1,4,132,2,1,60.0,0,I,MELB_URBAN,STREET,4,12.0
176265,1,6,120,5,5,100.0,0,N,RURAL_VICTORIA,ROAD,5,6.0
176266,1,4,121,1,1,60.0,0,I,MELB_URBAN,STREET,4,10.0
176267,1,6,163,5,1,40.0,0,N,MELBOURNE_CBD,STREET,5,10.0
176268,1,5,130,1,1,70.0,0,N,MELB_URBAN,ROAD,5,11.0
176269,1,6,130,2,1,40.0,0,N,MELB_URBAN,ROAD,5,8.0
176270,8,1,184,5,1,100.0,0,N,RURAL_VICTORIA,ROAD,5,16.0
176271,1,4,99,5,1,60.0,0,N,MELB_URBAN,HIGHWAY,2,9.0
176272,6,7,184,5,1,60.0,0,N,RURAL_VICTORIA,ROAD,5,10.0
176273,4,6,173,5,1,100.0,0,N,RURAL_VICTORIA,ROAD,5,14.0
176274,1,3,130,5,1,100.0,0,N,MELB_URBAN,ROAD,11,7.0
176275,1,6,121,2,1,60.0,0,I,MELB_URBAN,AVENUE,5,14.0
176276,1,4,121,1,2,60.0,0,I,SMALL_CITIES,ROAD,5,18.0
176277,1,3,130,5,1,100.0,0,N,MELB_URBAN,FREEWAY,3,15.0
176278,4,3,183,2,1,50.0,0,N,LARGE_PROVINCIAL_CITIES,STREET,3,13.0
176279,1,6,163,5,1,60.0,0,N,MELB_URBAN,ROAD,5,17.0
176280,1,6,113,2,2,60.0,0,I,MELB_URBAN,STREET,5,17.0
176281,1,6,121,2,1,70.0,0,I,MELB_URBAN,ROAD,5,16.0
176282,1,5,130,5,1,100.0,0,N,MELB_URBAN,RAMP,11,8.0
176283,6,6,99,5,5,100.0,0,N,RURAL_VICTORIA,AVENUE,5,18.0
176284,1,5,130,5,1,60.0,0,N,MELB_URBAN,RAMP,5,8.0
176285,1,6,160,5,3,60.0,0,N,MELB_URBAN,ROAD,5,19.0
176286,1,5,110,1,3,60.0,0,I,MELB_URBAN,ROAD,5,17.0
176287,1,6,173,1,3,50.0,0,N,MELB_URBAN,UNKNOWN,5,20.0
176288,1,5,110,1,3,60.0,0,I,MELB_URBAN,STREET,5,20.0
176289,1,6,121,1,3,80.0,0,I,MELB_URBAN,ROAD,5,23.0
176290,1,2,130,5,1,40.0,0,N,MELB_URBAN,ROAD,4,13.0
176291,2,6,102,5,3,60.0,1,N,MELB_URBAN,STREET,5,21.0
176292,4,7,99,5,3,50.0,0,I,LARGE_PROVINCIAL_CITIES,STREET,5,2.0
176293,1,4,121,1,1,60.0,0,I,MELB_URBAN,STREET,5,12.0
176294,6,2,174,5,3,70.0,0,N,SMALL_CITIES,STREET,4,1.0
176295,1,7,121,1,3,80.0,0,I,MELB_URBAN,ROAD,4,19.0
176296,1,4,173,1,1,50.0,0,I,TOWNS,ROAD,5,13.0
176297,2,6,100,1,1,60.0,0,I,MELB_URBAN,ROAD,5,10.0
176298,4,6,171,1,1,60.0,0,N,MELB_URBAN,ROAD,5,9.0
176299,1,7,99,5,1,40.0,0,N,MELB_URBAN,ROAD,5,11.0
176300,1,7,135,1,1,60.0,0,I,MELB_URBAN,STREET,5,10.0
176301,1,7,147,5,1,80.0,0,N,RURAL_VICTORIA,ROAD,5,12.0
176302,1,6,130,5,1,60.0,0,N,MELB_URBAN,ROAD,4,10.0
176303,4,7,171,5,1,80.0,0,N,MELB_URBAN,OTHER,5,12.0
176304,8,7,184,5,1,100.0,0,N,RURAL_VICTORIA,ROAD,11,12.0
176305,1,7,130,5,1,70.0,0,N,LARGE_PROVINCIAL_CITIES,ROAD,4,15.0
176306,1,6,113,2,2,60.0,0,I,RURAL_VICTORIA,ROAD,4,6.0
176307,1,5,120,5,3,60.0,0,N,MELB_URBAN,ROAD,5,17.0
176308,1,6,113,2,2,100.0,0,I,RURAL_VICTORIA,HIGHWAY,5,17.0
176309,1,6,130,1,1,50.0,0,I,TOWNS,STREET,5,9.0
176310,1,6,163,5,1,60.0,0,N,MELB_URBAN,UNKNOWN,4,12.0
176311,1,7,99,2,1,50.0,0,N,MELB_URBAN,ROAD,5,15.0
176312,1,4,130,2,1,70.0,0,I,MELB_URBAN,ROAD,5,15.0
176313,1,3,130,1,1,60.0,0,N,MELB_URBAN,ROAD,5,10.0
176314,1,6,111,2,1,60.0,0,I,MELB_URBAN,STREET,5,17.0
176315,6,5,174,5,1,40.0,0,N,MELB_URBAN,STREET,5,16.0
176316,1,7,140,5,1,50.0,0,N,TOWNS,ROAD,5,15.0
176317,1,7,121,1,1,100.0,0,I,RURAL_VICTORIA,HIGHWAY,5,16.0
176318,2,6,100,1,5,60.0,0,I,MELB_URBAN,PARADE,5,20.0
176319,1,7,130,5,1,60.0,0,N,RURAL_VICTORIA,ROAD,5,16.0
176320,1,7,110,1,3,50.0,0,I,RURAL_VICTORIA,OTHER,5,20.0
176321,1,7,120,5,3,80.0,0,N,MELB_URBAN,HIGHWAY,5,19.0
176322,1,6,130,5,3,80.0,0,N,MELB_URBAN,ROAD,5,19.0
176323,1,6,99,5,5,60.0,0,N,LARGE_PROVINCIAL_CITIES,ROAD,5,21.0
176324,1,6,121,2,3,80.0,0,I,MELB_URBAN,HIGHWAY,5,20.0
176325,1,7,99,2,5,100.0,0,I,RURAL_VICTORIA,ROAD,5,21.0
176326,4,7,183,5,3,100.0,0,N,MELB_URBAN,ROAD,5,19.0
176327,1,7,120,2,3,80.0,0,I,RURAL_VICTORIA,HIGHWAY,5,21.0
176328,1,7,121,1,3,40.0,0,I,MELB_URBAN,STREET,5,23.0
176329,2,5,100,2,3,60.0,0,I,MELB_URBAN,STREET,5,17.0
176330,4,7,183,5,3,50.0,0,N,MELB_URBAN,PARADE,5,21.0
176331,1,7,130,5,3,60.0,0,N,MELB_URBAN,ROAD,5,22.0
176332,1,0,99,5,3,50.0,0,N,MELBOURNE_CBD,STREET,5,0.0
176333,1,6,110,1,1,50.0,0,I,MELB_URBAN,ROAD,3,13.0
176334,1,5,99,5,1,60.0,0,N,SMALL_CITIES,HIGHWAY,3,12.0
176335,1,5,121,5,1,60.0,0,N,MELB_URBAN,ROAD,5,9.0
176336,1,5,130,1,3,70.0,0,I,MELB_URBAN,ROAD,5,5.0
176337,4,0,99,5,5,100.0,0,N,RURAL_VICTORIA,ROAD,5,3.0
176338,4,1,171,5,3,70.0,0,N,MELB_URBAN,ROAD,5,4.0
176339,4,1,183,5,3,60.0,0,N,MELB_URBAN,ROAD,5,4.0
176340,4,1,183,2,3,50.0,0,N,MELB_URBAN,DRIVE,5,6.0
176341,1,4,121,1,3,50.0,0,O,MELB_URBAN,UNKNOWN,4,19.0
176342,8,1,99,5,1,50.0,0,N,MELB_URBAN,STREET,4,10.0
176343,1,1,113,2,1,60.0,0,I,SMALL_TOWNS,ROAD,5,9.0
176344,8,1,174,2,1,50.0,0,I,SMALL_TOWNS,AVENUE,5,9.0
176345,8,6,99,5,1,100.0,0,N,RURAL_VICTORIA,ROAD,3,9.0
176346,1,2,110,1,3,80.0,0,I,MELB_URBAN,OTHER,5,20.0
176347,1,1,130,5,1,60.0,0,N,MELB_URBAN,ROAD,5,12.0
176348,3,0,167,5,1,70.0,0,N,RURAL_VICTORIA,ROAD,5,12.0
176349,1,1,130,5,1,80.0,0,N,MELB_URBAN,ROAD,5,11.0
176350,1,1,121,1,1,60.0,0,I,LARGE_PROVINCIAL_CITIES,STREET,5,13.0
176351,1,2,130,5,6,60.0,0,N,SMALL_CITIES,ROAD,4,18.0
176352,1,1,116,2,1,80.0,0,I,MELB_URBAN,ROAD,5,12.0
176353,1,2,130,5,1,80.0,0,N,MELB_URBAN,FREEWAY,4,9.0
176354,4,2,171,5,1,60.0,0,N,MELB_URBAN,ROAD,5,8.0
176355,4,0,99,5,1,60.0,0,N,RURAL_VICTORIA,ROAD,5,14.0
176356,1,1,99,2,1,80.0,0,I,RURAL_VICTORIA,ROAD,5,14.0
176357,1,1,99,2,1,80.0,0,I,RURAL_VICTORIA,DRIVE,5,8.0
176358,1,1,99,1,1,60.0,0,N,MELB_URBAN,STREET,5,14.0
176359,1,6,120,5,3,60.0,0,N,MELB_URBAN,ROAD,5,19.0
176360,1,1,121,2,1,80.0,0,I,MELB_URBAN,HIGHWAY,5,15.0
176361,1,1,173,5,1,40.0,0,N,MELB_URBAN,ROAD,5,16.0
176362,2,6,100,5,9,60.0,0,N,MELB_URBAN,ROAD,4,15.0
176363,1,1,121,1,2,80.0,0,I,MELB_URBAN,ROAD,5,17.0
176364,1,3,110,1,1,60.0,0,I,MELB_URBAN,ROAD,5,9.0
176365,1,1,140,5,2,40.0,0,N,MELB_URBAN,STREET,5,17.0
176366,1,4,120,2,1,80.0,0,I,MELB_URBAN,ROAD,3,13.0
176367,1,0,121,1,3,60.0,0,I,TOWNS,STREET,5,18.0
176368,1,1,171,2,4,50.0,0,N,LARGE_PROVINCIAL_CITIES,DRIVE,5,18.0
176369,1,4,130,5,1,70.0,0,N,MELB_URBAN,HIGHWAY,4,8.0
176370,1,1,121,2,1,60.0,1,I,RURAL_VICTORIA,ROAD,5,16.0
176371,1,0,160,5,3,60.0,0,N,SMALL_CITIES,DRIVE,5,18.0
176372,1,0,113,2,3,60.0,0,I,MELB_URBAN,ROAD,5,18.0
176373,2,4,100,1,1,40.0,0,I,MELB_URBAN,STREET,5,11.0
176374,2,6,100,2,1,60.0,0,I,MELB_URBAN,ROAD,5,8.0
176375,1,2,110,1,3,60.0,0,I,SMALL_CITIES,STREET,4,19.0
176376,2,7,100,1,3,60.0,0,I,MELB_URBAN,ROAD,5,22.0
176377,2,1,99,1,3,40.0,0,I,MELBOURNE_CBD,STREET,4,20.0
176378,1,2,160,5,1,60.0,0,N,SMALL_CITIES,STREET,5,7.0
176379,1,6,130,1,1,100.0,0,I,MELB_URBAN,RAMP,5,11.0
176380,1,1,130,5,3,80.0,0,N,MELB_URBAN,ROAD,5,20.0
176381,6,2,99,5,1,80.0,0,N,MELB_URBAN,OTHER,5,7.0
176382,1,2,130,5,2,60.0,0,N,MELB_URBAN,ROAD,5,6.0
176383,7,1,99,5,5,60.0,0,N,RURAL_VICTORIA,HIGHWAY,4,20.0
176384,4,6,171,5,1,100.0,0,N,SMALL_TOWNS,OTHER,4,8.0
176385,1,2,99,5,1,50.0,0,N,MELB_URBAN,STREET,5,10.0
176386,4,2,183,5,1,100.0,0,N,RURAL_VICTORIA,ROAD,5,8.0
176387,1,0,130,2,1,50.0,0,N,MELB_URBAN,STREET,5,11.0
176388,1,2,110,1,4,60.0,0,I,MELB_URBAN,ROAD,5,6.0
176389,1,7,99,5,3,60.0,0,N,MELB_URBAN,ROAD,5,22.0
176390,1,6,110,4,3,50.0,0,I,MELB_URBAN,PARADE,5,17.0
176391,1,2,110,1,1,40.0,0,I,MELB_URBAN,ROAD,5,9.0
176392,1,5,110,1,1,60.0,0,I,SMALL_CITIES,ROAD,3,14.0
176393,1,1,130,5,3,70.0,0,N,MELB_URBAN,ROAD,5,1.0
176394,1,2,121,1,1,60.0,0,I,MELB_URBAN,ROAD,5,7.0
176395,2,2,99,2,1,50.0,0,I,MELB_URBAN,STREET,5,8.0
176396,1,5,130,1,1,60.0,0,I,MELB_URBAN,ROAD,4,16.0
176397,1,1,130,2,1,60.0,0,I,MELB_URBAN,STREET,5,12.0
176398,1,6,130,5,1,80.0,0,N,MELB_URBAN,UNKNOWN,5,15.0
176399,1,1,113,1,1,80.0,0,I,MELB_URBAN,HIGHWAY,5,13.0
176400,1,2,111,2,1,80.0,0,I,RURAL_VICTORIA,STREET,5,8.0
176401,1,2,147,5,1,60.0,0,N,MELB_URBAN,ROAD,5,11.0
176402,1,1,171,5,1,100.0,0,N,MELB_URBAN,FREEWAY,5,14.0
176403,1,3,130,5,3,60.0,0,N,MELB_URBAN,DRIVE,5,21.0
176404,4,2,173,5,1,100.0,0,N,RURAL_VICTORIA,ROAD,5,8.0
176405,1,1,121,2,1,60.0,0,O,MELB_URBAN,UNKNOWN,5,15.0
176406,1,2,121,5,1,80.0,0,N,MELB_URBAN,ROAD,5,14.0
176407,1,1,130,5,1,50.0,0,N,MELB_URBAN,STREET,5,16.0
176408,1,3,130,5,5,80.0,0,N,RURAL_VICTORIA,ROAD,5,19.0
176409,4,4,171,2,3,50.0,0,I,MELB_URBAN,UNKNOWN,4,23.0
176410,1,2,135,5,1,60.0,0,N,MELB_URBAN,ROAD,5,14.0
176411,6,6,174,1,2,60.0,0,I,MELB_URBAN,OTHER,5,17.0
176412,1,1,147,5,1,60.0,0,N,MELB_URBAN,STREET,5,9.0
176413,1,2,99,5,1,60.0,0,N,MELB_URBAN,ROAD,5,15.0
176414,1,2,121,2,1,60.0,0,I,RURAL_VICTORIA,BOULEVARD,5,15.0
176415,1,2,99,5,1,60.0,0,N,MELB_URBAN,STREET,5,17.0
176416,1,6,130,1,1,80.0,0,I,MELB_URBAN,ROAD,5,8.0
176417,4,2,173,5,1,100.0,0,N,RURAL_VICTORIA,OTHER,5,16.0
176418,6,5,174,5,5,60.0,0,N,RURAL_VICTORIA,ROAD,4,19.0
176419,1,2,120,5,2,60.0,0,N,SMALL_TOWNS,HIGHWAY,5,17.0
176420,1,6,130,5,1,80.0,0,N,MELB_URBAN,ROAD,5,17.0
176421,1,4,130,1,1,50.0,0,I,MELB_URBAN,STREET,5,15.0
176422,1,2,130,5,1,80.0,0,N,RURAL_VICTORIA,HIGHWAY,5,14.0
176423,1,2,130,5,3,80.0,0,N,MELB_URBAN,HIGHWAY,5,17.0
176424,1,0,110,1,1,60.0,0,I,LARGE_PROVINCIAL_CITIES,STREET,5,16.0
176425,1,2,130,5,3,100.0,0,N,MELB_URBAN,FREEWAY,5,18.0
176426,1,1,130,5,1,80.0,0,N,RURAL_VICTORIA,ROAD,5,16.0
176427,1,2,130,2,6,60.0,0,I,MELB_URBAN,ROAD,4,20.0
176428,6,7,174,2,1,60.0,0,I,MELB_URBAN,FREEWAY,5,17.0
176429,6,1,174,2,1,60.0,0,N,MELB_URBAN,ROAD,5,13.0
176430,1,2,120,5,1,60.0,0,N,MELB_URBAN,ROAD,5,15.0
176431,1,1,140,2,1,60.0,0,I,MELB_URBAN,ROAD,5,15.0
176432,1,1,111,2,3,70.0,0,I,MELB_URBAN,ROAD,5,18.0
176433,1,2,99,2,1,60.0,0,I,RURAL_VICTORIA,DRIVE,5,15.0
176434,1,2,134,5,2,100.0,0,N,MELB_URBAN,FREEWAY,5,17.0
176435,1,7,99,1,1,60.0,0,N,MELB_URBAN,HIGHWAY,5,16.0
176436,1,1,120,5,3,60.0,0,N,MELB_URBAN,ROAD,5,17.0
176437,1,2,130,5,3,80.0,0,N,MELB_URBAN,ROAD,5,18.0
176438,1,1,113,2,3,60.0,0,I,MELB_URBAN,ROAD,5,23.0
176439,1,7,130,2,1,60.0,0,I,MELB_URBAN,PARADE,3,17.0
176440,4,2,173,5,5,100.0,0,N,RURAL_VICTORIA,ROAD,5,21.0
176441,1,2,134,5,5,100.0,0,N,RURAL_VICTORIA,FREEWAY,5,23.0
176442,2,3,99,1,1,80.0,0,I,RURAL_VICTORIA,ROAD,5,6.0
176443,1,6,130,4,2,60.0,0,I,MELB_URBAN,PARADE,5,6.0
176444,1,2,130,5,2,60.0,0,N,LARGE_PROVINCIAL_CITIES,ROAD,4,17.0
176445,1,3,110,1,1,80.0,0,I,RURAL_VICTORIA,HIGHWAY,5,7.0
176446,1,3,134,2,1,60.0,0,N,MELB_URBAN,HIGHWAY,5,9.0
176447,1,3,110,1,1,50.0,0,I,MELB_URBAN,ROAD,5,10.0
176448,1,5,130,5,1,80.0,0,N,MELB_URBAN,ROAD,5,12.0
176449,2,3,99,5,2,60.0,1,N,MELB_URBAN,OTHER,5,7.0
176450,2,3,99,5,1,60.0,0,N,MELB_URBAN,DRIVE,5,11.0
176451,1,2,110,1,1,50.0,0,I,SMALL_CITIES,STREET,5,15.0
176452,4,7,99,1,1,60.0,0,I,RURAL_VICTORIA,OTHER,5,9.0
176453,8,6,184,2,1,60.0,0,N,MELB_URBAN,ROAD,4,8.0
176454,1,6,130,2,1,40.0,0,I,MELB_URBAN,STREET,5,16.0
176455,8,1,174,5,1,50.0,0,N,MELB_URBAN,ROAD,5,11.0
176456,2,3,99,2,1,50.0,0,I,MELB_URBAN,ROAD,5,11.0
176457,1,2,110,1,1,70.0,0,O,MELB_URBAN,UNKNOWN,5,12.0
176458,1,3,134,5,1,60.0,0,N,MELB_URBAN,ROAD,5,12.0
176459,1,2,110,1,1,60.0,0,I,SMALL_CITIES,STREET,5,13.0
176460,4,3,173,5,1,100.0,0,N,RURAL_VICTORIA,ROAD,5,11.0
176461,1,0,133,5,1,60.0,0,N,MELB_URBAN,PARADE,5,13.0
176462,9,3,174,5,1,60.0,0,N,MELB_URBAN,STREET,5,14.0
176463,1,3,99,2,1,40.0,1,I,SMALL_CITIES,STREET,5,13.0
176464,1,3,110,1,1,50.0,0,I,LARGE_PROVINCIAL_CITIES,STREET,5,9.0
176465,1,3,163,5,1,40.0,0,N,MELBOURNE_CBD,STREET,5,9.0
176466,1,2,130,5,1,100.0,0,N,MELB_URBAN,FREEWAY,5,16.0
176467,1,0,110,1,1,80.0,0,I,MELB_URBAN,STREET,5,12.0
176468,2,2,100,1,1,50.0,0,I,MELB_URBAN,STREET,5,15.0
176469,3,2,167,5,3,80.0,0,N,MELB_URBAN,ROAD,5,18.0
176470,1,3,130,5,2,50.0,0,N,SMALL_CITIES,ROAD,4,6.0
176471,1,0,121,2,1,60.0,0,I,MELB_URBAN,ROAD,5,12.0
176472,8,3,99,5,2,70.0,0,N,MELB_URBAN,ROAD,5,17.0
176473,1,3,130,5,1,80.0,0,N,MELB_URBAN,FREEWAY,5,15.0
176474,1,2,130,2,3,70.0,0,I,MELB_URBAN,ROAD,5,18.0
176475,1,2,130,1,1,80.0,0,N,MELB_URBAN,ROAD,5,15.0
176476,1,2,110,1,1,50.0,0,I,MELB_URBAN,STREET,5,15.0
176477,1,3,99,1,1,50.0,0,I,MELB_URBAN,STREET,5,15.0
176478,4,2,171,1,3,60.0,0,I,LARGE_PROVINCIAL_CITIES,STREET,5,19.0
176479,4,3,171,5,1,100.0,0,N,RURAL_VICTORIA,ROAD,5,16.0
176480,1,3,121,2,3,60.0,0,I,MELB_URBAN,ROAD,5,18.0
176481,1,2,130,5,9,50.0,0,N,MELB_URBAN,DRIVE,10,10.0
176482,2,3,100,1,3,60.0,0,I,SMALL_CITIES,STREET,5,19.0
176483,1,3,120,2,2,60.0,0,I,MELB_URBAN,ROAD,5,17.0
176484,1,2,99,1,3,40.0,0,I,MELBOURNE_CBD,STREET,5,19.0
176485,1,3,163,5,3,50.0,0,N,MELB_URBAN,STREET,5,18.0
176486,1,3,130,2,1,60.0,0,I,MELB_URBAN,ROAD,5,17.0
176487,1,5,130,5,3,60.0,0,N,MELB_URBAN,AVENUE,4,20.0
176488,4,3,171,5,5,110.0,0,N,RURAL_VICTORIA,HIGHWAY,5,1.0
176489,3,4,167,5,5,100.0,0,N,RURAL_VICTORIA,HIGHWAY,5,5.0
176490,1,4,110,1,1,50.0,0,I,MELB_URBAN,STREET,5,7.0
176491,1,7,111,1,1,100.0,0,I,RURAL_VICTORIA,ROAD,5,12.0
176492,1,3,130,5,1,80.0,0,N,MELB_URBAN,RAMP,5,9.0
176493,1,3,160,5,1,60.0,0,N,TOWNS,STREET,5,13.0
176494,6,0,174,5,1,60.0,0,N,LARGE_PROVINCIAL_CITIES,STREET,5,11.0
176495,1,3,130,5,1,100.0,0,N,MELB_URBAN,FREEWAY,5,9.0
176496,1,3,113,1,1,60.0,0,I,MELB_URBAN,HIGHWAY,4,9.0
176497,2,4,100,2,1,50.0,0,N,MELB_URBAN,AVENUE,5,10.0
176498,1,4,110,1,1,50.0,0,I,TOWNS,STREET,5,13.0
176499,1,3,121,1,1,60.0,0,I,MELB_URBAN,RAMP,5,16.0
176500,4,5,173,5,2,100.0,0,N,RURAL_VICTORIA,ROAD,5,16.0
176501,1,3,120,5,1,60.0,0,N,MELB_URBAN,ROAD,5,13.0
176502,1,4,120,1,1,80.0,0,I,LARGE_PROVINCIAL_CITIES,STREET,5,10.0
176503,1,1,147,5,9,60.0,0,N,SMALL_CITIES,ROAD,5,7.0
176504,1,4,135,5,1,100.0,0,N,MELB_URBAN,RAMP,5,14.0
176505,1,4,130,5,1,100.0,0,N,RURAL_VICTORIA,HIGHWAY,5,14.0