,accident_type,day_of_week,dca_code,road_geometry,light_condition,speed_zone,severity,node_type,deg_urban_name,road_type,month,hour
176506,1,4,135,5,1,100.0,0,N,MELB_URBAN,ROAD,5,15.0
176507,1,4,99,2,1,60.0,0,I,MELB_URBAN,DRIVE,5,15.0
176508,1,1,121,1,2,40.0,0,I,RURAL_VICTORIA,ROAD,4,18.0
176509,1,4,99,2,1,80.0,0,I,MELB_URBAN,HIGHWAY,5,15.0
176510,1,6,110,1,1,60.0,0,I,RURAL_VICTORIA,ROAD,4,8.0
176511,1,4,99,5,2,50.0,0,N,MELB_URBAN,STREET,5,17.0
176512,1,3,130,2,9,60.0,0,I,MELB_URBAN,ROAD,11,15.0
176513,1,3,121,1,2,80.0,0,I,MELB_URBAN,ROAD,5,6.0
176514,2,4,99,5,1,40.0,0,N,MELB_URBAN,STREET,5,16.0
176515,1,0,130,1,1,60.0,0,I,SMALL_CITIES,ROAD,5,15.0
176516,2,3,102,2,3,50.0,0,I,MELB_URBAN,ROAD,5,19.0
176517,1,4,121,1,3,60.0,0,I,MELB_URBAN,STREET,5,20.0
176518,2,4,100,2,1,80.0,0,I,SMALL_CITIES,ROAD,5,15.0
176519,1,3,163,5,3,60.0,0,N,MELB_URBAN,STREET,5,20.0
176520,1,4,130,1,3,60.0,0,I,MELB_URBAN,STREET,5,19.0
176521,1,3,110,1,3,60.0,0,I,SMALL_CITIES,ROAD,5,20.0
176522,1,4,130,5,1,60.0,0,N,MELB_URBAN,OTHER,5,16.0
176523,1,4,99,5,3,100.0,0,N,MELB_URBAN,FREEWAY,5,21.0
176524,4,5,181,5,3,60.0,0,N,MELB_URBAN,DRIVE,5,2.0
176525,1,4,110,1,3,60.0,0,I,LARGE_PROVINCIAL_CITIES,STREET,5,23.0
176526,3,4,167,5,5,100.0,0,N,RURAL_VICTORIA,ROAD,5,18.0
176527,2,4,102,5,3,60.0,0,N,MELB_URBAN,ROAD,5,7.0
176528,1,5,121,1,1,50.0,0,I,MELB_URBAN,ROAD,5,7.0
176529,1,5,130,5,1,60.0,0,N,MELB_URBAN,STREET,9,16.0
176530,6,5,99,2,2,60.0,0,I,SMALL_CITIES,STREET,5,5.0
176531,1,4,121,1,1,40.0,0,I,MELB_URBAN,ROAD,5,8.0
176532,1,4,120,5,3,50.0,0,N,RURAL_VICTORIA,AVENUE,5,6.0
176533,1,4,130,5,1,60.0,0,N,MELB_URBAN,STREET,5,9.0
176534,1,4,121,2,1,60.0,0,I,SMALL_CITIES,STREET,5,9.0
176535,1,5,110,1,1,60.0,0,I,MELB_URBAN,STREET,5,8.0
176536,1,5,147,5,1,60.0,0,N,MELB_URBAN,DRIVE,5,11.0
176537,1,3,130,5,9,80.0,0,N,MELB_URBAN,HIGHWAY,5,18.0
176538,1,4,110,1,1,50.0,0,I,LARGE_PROVINCIAL_CITIES,STREET,5,11.0
176539,1,5,121,2,1,70.0,0,I,MELB_URBAN,ROAD,5,8.0
176540,1,5,110,1,1,50.0,0,I,SMALL_CITIES,STREET,5,12.0
176541,1,5,130,5,1,80.0,0,N,MELB_URBAN,ROAD,5,11.0
176542,1,5,113,2,1,100.0,0,I,RURAL_VICTORIA,ROAD,5,12.0
176543,1,5,113,2,1,80.0,0,I,MELB_URBAN,HIGHWAY,5,9.0
176544,1,3,116,2,3,40.0,0,N,MELB_URBAN,ROAD,5,18.0
176545,6,4,170,5,1,100.0,0,N,RURAL_VICTORIA,ROAD,5,13.0
176546,1,3,163,5,1,60.0,0,N,MELB_URBAN,ROAD,5,9.0
176547,4,5,171,5,1,100.0,1,N,RURAL_VICTORIA,ROAD,5,12.0
176548,1,2,130,1,9,60.0,0,N,SMALL_CITIES,STREET,4,16.0
176549,1,5,135,5,1,60.0,0,N,SMALL_CITIES,STREET,2,11.0
176550,6,2,99,5,1,100.0,0,N,RURAL_VICTORIA,ROAD,5,16.0
176551,1,4,130,5,2,60.0,0,N,MELB_URBAN,ROAD,5,6.0
176552,4,4,183,2,1,60.0,0,N,MELB_URBAN,STREET,5,14.0
176553,1,5,130,1,1,60.0,0,N,MELB_URBAN,ROAD,5,15.0
176554,1,5,111,2,1,50.0,0,I,MELB_URBAN,ROAD,5,13.0
176555,1,5,99,1,2,60.0,0,I,MELB_URBAN,STREET,5,17.0
176556,2,5,102,2,1,40.0,0,I,MELB_URBAN,STREET,5,14.0
176557,1,5,113,2,1,60.0,0,I,MELB_URBAN,ROAD,5,14.0
176558,4,1,183,5,5,80.0,0,N,SMALL_CITIES,ROAD,5,18.0
176559,1,5,163,5,1,50.0,0,N,MELB_URBAN,STREET,5,11.0
176560,2,4,102,2,1,60.0,0,I,MELB_URBAN,ROAD,5,15.0
176561,2,5,100,2,1,60.0,0,N,MELB_URBAN,OTHER,5,15.0
176562,1,4,130,5,3,70.0,0,N,MELB_URBAN,ROAD,5,17.0
176563,1,5,99,5,1,40.0,0,O,MELB_URBAN,DRIVE,5,15.0
176564,1,4,132,2,2,80.0,0,N,MELB_URBAN,ROAD,5,17.0
176565,1,5,130,5,1,80.0,0,N,MELB_URBAN,ROAD,5,15.0
176566,1,5,130,2,3,60.0,0,I,MELB_URBAN,ROAD,5,18.0
176567,1,4,130,2,1,50.0,0,I,RURAL_VICTORIA,DRIVE,5,15.0
176568,2,5,99,5,5,80.0,0,N,RURAL_VICTORIA,ROAD,5,18.0
176569,3,1,167,5,3,100.0,0,N,MELB_URBAN,FREEWAY,5,1.0
176570,4,3,173,1,6,80.0,0,I,MELB_URBAN,ROAD,5,23.0
176571,1,4,121,1,1,40.0,0,O,MELB_URBAN,UNKNOWN,5,15.0
176572,1,4,130,1,1,60.0,0,I,MELB_URBAN,ROAD,5,14.0
176573,1,5,99,5,3,40.0,0,N,SMALL_CITIES,STREET,5,21.0
176574,1,5,147,5,1,60.0,1,N,MELB_URBAN,STREET,5,16.0
176575,4,5,171,5,3,50.0,0,N,MELB_URBAN,BOULEVARD,5,21.0
176576,1,5,130,5,1,70.0,0,N,MELB_URBAN,ROAD,5,6.0
176577,2,6,100,2,1,70.0,0,I,MELB_URBAN,ROAD,5,7.0
176578,1,5,116,2,1,60.0,0,I,LARGE_PROVINCIAL_CITIES,STREET,5,8.0
176579,8,1,99,5,2,100.0,0,N,RURAL_VICTORIA,ROAD,5,6.0
176580,1,4,121,2,1,50.0,0,I,MELB_URBAN,STREET,5,8.0
176581,1,6,99,5,1,50.0,0,N,MELB_URBAN,STREET,5,9.0
176582,1,2,121,1,1,80.0,0,I,SMALL_TOWNS,ROAD,5,15.0
176583,1,6,121,1,1,60.0,0,I,MELB_URBAN,ROAD,5,8.0
176584,1,6,99,5,3,80.0,0,N,MELB_URBAN,ROAD,5,5.0
176585,6,5,99,1,6,40.0,0,I,MELB_URBAN,OTHER,5,18.0
176586,1,3,130,5,3,70.0,0,N,MELB_URBAN,ROAD,5,19.0
176587,2,0,100,1,1,60.0,0,I,MELB_URBAN,AVENUE,4,11.0
176588,1,5,130,5,1,60.0,0,N,MELB_URBAN,ROAD,5,11.0
176589,1,6,113,2,1,80.0,0,I,LARGE_PROVINCIAL_CITIES,HIGHWAY,5,7.0
176590,1,3,163,5,2,40.0,0,N,MELB_URBAN,ROAD,5,17.0
176591,1,6,160,5,2,60.0,0,N,MELB_URBAN,ROAD,4,6.0
176592,1,2,113,2,1,60.0,0,I,MELB_URBAN,BOULEVARD,5,13.0
176593,1,5,110,1,1,60.0,0,I,LARGE_PROVINCIAL_CITIES,STREET,5,17.0
176594,1,0,130,2,1,60.0,0,I,LARGE_PROVINCIAL_CITIES,ROAD,4,13.0
176595,4,6,171,2,1,40.0,0,N,SMALL_CITIES,ROAD,5,14.0
176596,1,4,99,5,1,80.0,0,N,MELB_URBAN,FREEWAY,5,15.0
176597,1,6,116,1,2,60.0,0,I,MELB_URBAN,ROAD,5,6.0
176598,4,6,171,5,1,100.0,0,N,RURAL_VICTORIA,ROAD,5,14.0
176599,1,5,160,5,1,100.0,0,N,MELB_URBAN,FREEWAY,5,8.0
176600,4,6,171,5,1,100.0,0,N,RURAL_VICTORIA,FREEWAY,5,11.0
176601,1,3,99,2,6,60.0,0,I,MELB_URBAN,ROAD,5,18.0
176602,1,0,110,1,1,60.0,0,I,TOWNS,STREET,4,12.0
176603,1,6,99,5,1,80.0,0,N,MELB_URBAN,ROAD,5,16.0
176604,1,5,99,5,1,50.0,0,N,LARGE_PROVINCIAL_CITIES,STREET,5,16.0
176605,4,6,173,5,2,60.0,0,N,SMALL_CITIES,STREET,5,17.0
176606,1,2,110,1,1,50.0,0,I,MELB_URBAN,STREET,5,8.0
176607,1,6,111,2,1,80.0,0,N,MELB_URBAN,ROAD,5,13.0
176608,1,5,130,5,1,80.0,0,N,MELB_URBAN,OTHER,5,13.0
176609,1,4,130,1,3,70.0,0,N,MELB_URBAN,ROAD,5,19.0
176610,1,5,110,1,1,50.0,0,I,MELB_URBAN,STREET,5,16.0
176611,1,6,121,2,1,70.0,0,N,MELB_URBAN,STREET,5,16.0
176612,1,5,121,2,3,40.0,0,I,MELB_URBAN,ROAD,5,18.0
176613,1,6,113,2,5,60.0,0,I,SMALL_CITIES,ROAD,5,18.0
176614,1,5,130,5,1,80.0,0,N,MELB_URBAN,ROAD,5,16.0
176615,4,6,173,5,3,50.0,0,N,MELB_URBAN,STREET,5,19.0
176616,6,5,99,5,5,100.0,0,N,RURAL_VICTORIA,ROAD,5,20.0
176617,1,3,130,2,1,50.0,0,I,MELB_URBAN,ROAD,5,16.0
176618,1,6,130,5,3,80.0,0,N,LARGE_PROVINCIAL_CITIES,HIGHWAY,5,18.0
176619,1,5,121,5,3,60.0,0,N,MELB_URBAN,ROAD,5,19.0
176620,1,6,121,1,3,80.0,0,N,MELB_URBAN,ROAD,5,20.0
176621,1,6,110,1,3,50.0,0,I,TOWNS,STREET,5,21.0
176622,1,6,121,1,2,70.0,1,I,LARGE_PROVINCIAL_CITIES,STREET,5,18.0
176623,1,1,147,5,2,60.0,0,N,MELB_URBAN,ROAD,3,20.0
176624,1,6,135,5,1,80.0,0,N,MELB_URBAN,ROAD,5,16.0
176625,1,6,130,1,1,80.0,0,N,MELB_URBAN,ROAD,5,10.0
176626,1,2,110,1,1,60.0,0,N,MELB_URBAN,BOULEVARD,5,14.0
176627,1,6,121,1,1,60.0,0,I,MELB_URBAN,ROAD,5,8.0
176628,2,6,102,2,1,60.0,0,I,MELB_URBAN,ROAD,5,9.0
176629,1,7,113,2,1,70.0,0,I,MELB_URBAN,ROAD,5,10.0
176630,1,6,110,1,1,50.0,0,I,MELB_URBAN,STREET,5,9.0
176631,1,7,120,5,1,60.0,0,N,MELB_URBAN,UNKNOWN,5,10.0
176632,1,6,147,2,1,60.0,0,I,LARGE_PROVINCIAL_CITIES,STREET,4,17.0
176633,1,7,116,2,1,50.0,0,I,SMALL_CITIES,STREET,5,10.0
176634,1,4,130,5,1,60.0,0,N,LARGE_PROVINCIAL_CITIES,ROAD,2,17.0
176635,1,5,132,5,1,40.0,0,N,MELB_URBAN,STREET,5,16.0
176636,1,7,116,2,1,60.0,0,I,MELB_URBAN,ROAD,5,13.0
176637,1,7,99,5,1,40.0,0,N,MELBOURNE_CBD,STREET,5,12.0
176638,4,7,171,2,1,50.0,0,I,MELB_URBAN,OTHER,5,12.0
176639,1,6,130,5,1,70.0,0,N,MELB_URBAN,ROAD,5,13.0
176640,2,6,102,1,1,70.0,0,I,MELB_URBAN,ROAD,5,11.0
176641,4,7,99,2,1,60.0,0,I,MELB_URBAN,DRIVE,5,11.0
176642,4,6,173,5,1,50.0,0,N,SMALL_TOWNS,STREET,5,14.0
176643,2,6,100,1,1,40.0,0,I,LARGE_PROVINCIAL_CITIES,STREET,5,16.0
176644,4,7,171,5,1,60.0,0,N,MELB_URBAN,STREET,5,16.0
176645,1,7,99,5,1,80.0,0,N,RURAL_VICTORIA,AVENUE,5,15.0
176646,1,7,110,1,1,40.0,0,I,MELB_URBAN,STREET,5,15.0
176647,1,7,99,5,3,60.0,0,N,MELB_URBAN,ROAD,5,17.0
176648,2,7,100,2,1,60.0,0,N,MELB_URBAN,ROAD,5,8.0
176649,2,6,100,1,1,60.0,0,N,MELB_URBAN,ROAD,5,16.0
176650,8,7,174,2,3,60.0,0,I,RURAL_VICTORIA,STREET,4,22.0
176651,1,7,160,5,1,60.0,0,N,MELB_URBAN,ROAD,5,16.0
176652,4,7,183,5,3,50.0,0,N,MELB_URBAN,AVENUE,5,23.0
176653,3,3,167,5,1,100.0,0,N,RURAL_VICTORIA,HIGHWAY,4,13.0
176654,4,1,173,5,5,100.0,0,N,RURAL_VICTORIA,HIGHWAY,5,1.0
176655,4,1,171,5,3,50.0,0,N,MELB_URBAN,STREET,5,3.0
176656,4,7,183,5,1,80.0,0,N,RURAL_VICTORIA,ROAD,5,14.0
176657,1,0,130,5,3,100.0,0,N,MELB_URBAN,RAMP,5,6.0
176658,4,1,173,5,5,100.0,0,N,RURAL_VICTORIA,ROAD,5,4.0
176659,4,1,99,5,1,50.0,0,N,MELB_URBAN,UNKNOWN,5,7.0
176660,1,4,111,2,1,60.0,0,I,MELB_URBAN,ROAD,5,14.0
176661,6,7,174,2,1,80.0,0,I,RURAL_VICTORIA,ROAD,5,11.0
176662,1,1,113,2,1,80.0,0,I,MELB_URBAN,ROAD,5,7.0
176663,4,0,171,2,1,50.0,0,N,RURAL_VICTORIA,OTHER,5,7.0
176664,1,0,130,5,1,100.0,0,N,RURAL_VICTORIA,FREEWAY,5,7.0
176665,1,0,130,5,1,60.0,0,N,LARGE_PROVINCIAL_CITIES,ROAD,5,11.0
176666,4,5,171,5,1,60.0,0,N,MELB_URBAN,ROAD,4,8.0
176667,4,1,173,5,1,60.0,0,N,RURAL_VICTORIA,ROAD,5,12.0
176668,4,1,171,1,1,100.0,0,I,MELB_URBAN,ROAD,5,15.0
176669,1,1,130,5,1,100.0,0,N,MELB_URBAN,FREEWAY,5,14.0
176670,1,1,110,1,1,40.0,0,I,MELB_URBAN,STREET,5,14.0
176671,1,0,130,5,1,70.0,0,N,MELB_URBAN,RAMP,5,12.0
176672,4,1,171,2,1,100.0,0,I,RURAL_VICTORIA,ROAD,5,15.0
176673,1,1,135,5,3,80.0,0,N,MELB_URBAN,FREEWAY,5,17.0
176674,1,1,113,2,1,60.0,0,I,MELB_URBAN,ROAD,5,13.0
176675,2,1,99,2,3,60.0,0,I,MELB_URBAN,STREET,5,18.0
176676,6,1,174,1,1,60.0,0,I,MELB_URBAN,STREET,5,15.0
176677,1,0,110,1,3,40.0,0,I,MELB_URBAN,STREET,5,19.0
176678,1,7,99,2,1,50.0,0,I,MELB_URBAN,STREET,5,13.0
176679,2,3,99,5,1,50.0,0,N,MELB_URBAN,OTHER,5,15.0
176680,4,1,183,5,3,50.0,0,N,LARGE_PROVINCIAL_CITIES,ROAD,5,19.0
176681,1,0,130,1,5,80.0,0,I,MELB_URBAN,ROAD,5,17.0
176682,2,1,102,5,3,60.0,0,N,MELB_URBAN,ROAD,5,18.0
176683,8,1,174,5,3,60.0,0,N,MELB_URBAN,STREET,5,19.0
176684,1,3,130,5,3,80.0,0,N,MELB_URBAN,ROAD,5,18.0
176685,7,5,99,5,3,40.0,0,N,MELB_URBAN,STREET,9,23.0
176686,4,2,171,5,5,100.0,0,N,RURAL_VICTORIA,ROAD,5,4.0
176687,4,2,99,2,5,60.0,1,I,TOWNS,HIGHWAY,5,3.0
176688,4,2,183,5,5,60.0,0,N,RURAL_VICTORIA,ROAD,5,3.0
176689,4,2,183,5,1,50.0,0,N,MELB_URBAN,STREET,5,7.0
176690,1,2,120,5,2,100.0,0,N,RURAL_VICTORIA,HIGHWAY,5,7.0
176691,1,1,121,1,1,70.0,0,I,MELB_URBAN,ROAD,5,8.0
176692,1,7,132,1,1,60.0,0,I,MELB_URBAN,ROAD,5,9.0
176693,1,2,132,5,1,100.0,0,N,RURAL_VICTORIA,HIGHWAY,5,10.0
176694,2,4,100,1,1,50.0,0,N,LARGE_PROVINCIAL_CITIES,STREET,3,14.0
176695,1,2,110,1,1,50.0,0,N,SMALL_CITIES,STREET,5,6.0
176696,3,3,173,5,1,60.0,0,N,RURAL_VICTORIA,ROAD,1,14.0
176697,2,2,99,5,1,40.0,0,N,MELB_URBAN,STREET,5,9.0
176698,4,2,171,5,2,80.0,0,N,MELB_URBAN,ROAD,5,6.0
176699,1,4,130,5,3,70.0,0,N,MELB_URBAN,ROAD,5,19.0
176700,2,1,99,5,1,50.0,0,N,SMALL_CITIES,STREET,5,11.0
176701,1,1,132,5,3,60.0,0,N,MELB_URBAN,ROAD,5,0.0
176702,2,2,100,2,1,60.0,0,I,MELB_URBAN,STREET,5,14.0
176703,1,4,99,2,1,50.0,0,I,SMALL_CITIES,ROAD,5,8.0
176704,1,2,113,2,1,60.0,0,I,MELB_URBAN,ROAD,5,10.0
176705,6,2,99,5,5,100.0,0,N,RURAL_VICTORIA,ROAD,5,4.0
176706,8,4,99,5,1,60.0,0,N,RURAL_VICTORIA,ROAD,4,15.0
176707,4,6,181,5,1,80.0,0,N,MELB_URBAN,ROAD,5,14.0
176708,1,2,121,1,3,80.0,0,I,MELB_URBAN,HIGHWAY,5,6.0
176709,1,3,130,5,1,80.0,0,N,MELB_URBAN,ROAD,4,11.0
176710,6,1,99,5,1,40.0,0,N,MELB_URBAN,DRIVE,5,10.0
176711,8,3,99,5,1,60.0,0,N,RURAL_VICTORIA,ROAD,4,10.0
176712,1,1,121,1,1,50.0,0,I,MELB_URBAN,ROAD,5,12.0
176713,1,2,111,2,1,80.0,0,I,MELB_URBAN,HIGHWAY,2,8.0
176714,6,7,174,2,1,80.0,0,I,SMALL_CITIES,OTHER,5,13.0
176715,1,2,99,2,2,50.0,0,I,MELB_URBAN,STREET,5,6.0
176716,1,4,111,1,1,50.0,0,I,MELB_URBAN,STREET,4,12.0
176717,1,5,116,1,1,80.0,0,N,MELB_URBAN,HIGHWAY,2,18.0
176718,1,2,132,2,1,40.0,0,I,MELB_URBAN,ROAD,5,15.0
176719,1,1,110,1,1,50.0,0,O,MELB_URBAN,UNKNOWN,5,7.0
176720,3,6,167,5,5,100.0,0,N,RURAL_VICTORIA,ROAD,5,20.0
176721,1,4,130,1,2,60.0,0,I,RURAL_VICTORIA,ROAD,5,6.0
176722,1,3,160,5,6,60.0,0,N,MELB_URBAN,ROAD,4,19.0
176723,4,2,99,2,1,60.0,0,N,MELB_URBAN,OTHER,5,15.0
176724,1,4,99,5,1,50.0,0,N,MELB_URBAN,STREET,5,8.0
176725,1,2,110,1,3,50.0,0,I,MELB_URBAN,ROAD,4,18.0
176726,1,2,121,1,2,50.0,0,I,MELB_URBAN,STREET,5,17.0
176727,3,2,167,5,5,100.0,0,N,RURAL_VICTORIA,ROAD,5,18.0
176728,1,1,121,1,3,60.0,0,I,MELB_URBAN,RAMP,5,18.0
176729,2,1,99,1,3,50.0,0,N,MELB_URBAN,STREET,5,19.0
176730,1,2,130,5,5,80.0,0,N,MELB_URBAN,OTHER,5,18.0
176731,1,2,116,1,3,70.0,0,I,TOWNS,HIGHWAY,5,20.0
176732,1,1,130,2,2,100.0,0,N,SMALL_TOWNS,FREEWAY,5,16.0
176733,1,2,130,5,3,100.0,0,N,MELB_URBAN,FREEWAY,5,18.0
176734,1,2,130,5,3,40.0,0,N,MELB_URBAN,ROAD,5,20.0
176735,1,1,130,5,1,60.0,0,N,MELB_URBAN,ROAD,5,15.0
176736,1,2,110,1,3,60.0,0,I,MELB_URBAN,ROAD,5,19.0
176737,1,2,120,5,3,50.0,0,N,MELB_URBAN,ROAD,5,21.0
176738,8,5,174,5,3,60.0,0,N,RURAL_VICTORIA,ROAD,5,3.0
176739,1,2,135,2,3,80.0,1,N,MELB_URBAN,HIGHWAY,5,17.0
176740,1,5,99,1,3,60.0,0,N,MELB_URBAN,ROAD,5,21.0
176741,1,2,130,2,3,80.0,0,N,MELB_URBAN,UNKNOWN,5,6.0
176742,1,2,160,5,3,50.0,0,N,MELB_URBAN,ROAD,5,23.0
176743,1,3,130,5,5,110.0,0,N,SMALL_CITIES,FREEWAY,5,3.0
176744,1,1,160,5,2,50.0,0,N,MELB_URBAN,STREET,4,17.0
176745,1,7,110,1,1,50.0,0,I,MELB_URBAN,STREET,5,10.0
176746,1,3,111,1,3,70.0,0,I,MELB_URBAN,ROAD,5,5.0
176747,1,3,110,1,1,60.0,0,I,MELB_URBAN,ROAD,5,7.0
176748,1,7,99,2,1,60.0,0,I,MELB_URBAN,HIGHWAY,5,10.0
176749,2,3,99,1,1,60.0,0,I,MELB_URBAN,ROAD,5,9.0
176750,1,3,113,2,1,60.0,0,I,MELB_URBAN,AVENUE,5,9.0
176751,1,6,99,1,2,80.0,0,N,MELB_URBAN,UNKNOWN,5,6.0
176752,3,1,167,5,2,60.0,0,N,SMALL_TOWNS,ROAD,5,7.0
176753,1,6,130,5,5,60.0,0,N,MELB_URBAN,ROAD,5,18.0
176754,1,3,121,5,1,50.0,0,N,SMALL_CITIES,STREET,5,10.0
176755,1,2,130,2,3,60.0,0,N,MELB_URBAN,STREET,5,6.0
176756,8,7,184,5,1,100.0,0,N,RURAL_VICTORIA,ROAD,5,13.0
176757,1,2,163,5,1,40.0,0,N,MELB_URBAN,STREET,5,7.0
176758,6,1,174,5,1,60.0,0,N,RURAL_VICTORIA,ROAD,5,13.0
176759,1,3,113,2,1,60.0,0,N,MELB_URBAN,AVENUE,5,9.0
176760,1,5,130,2,1,40.0,0,I,LARGE_PROVINCIAL_CITIES,STREET,5,16.0
176761,1,3,134,5,1,100.0,0,N,RURAL_VICTORIA,HIGHWAY,5,9.0
176762,1,2,130,5,3,60.0,0,N,MELB_URBAN,ROAD,5,20.0
176763,1,3,140,5,1,40.0,0,N,MELB_URBAN,STREET,5,12.0
176764,6,7,174,5,6,70.0,0,N,MELB_URBAN,ROAD,5,20.0
176765,6,3,170,5,1,100.0,0,N,RURAL_VICTORIA,ROAD,5,7.0
176766,5,6,99,5,1,60.0,0,N,RURAL_VICTORIA,ROAD,3,15.0
176767,1,3,121,1,1,80.0,0,N,MELB_URBAN,ROAD,5,7.0
176768,1,2,130,5,2,80.0,0,N,MELB_URBAN,ROAD,5,7.0
176769,1,3,113,2,1,80.0,0,I,MELB_URBAN,ROAD,5,16.0
176770,1,3,171,5,1,100.0,0,N,RURAL_VICTORIA,HIGHWAY,5,16.0
176771,2,3,99,5,2,50.0,0,N,MELB_URBAN,STREET,5,17.0
176772,1,6,130,5,1,60.0,0,N,MELB_URBAN,ROAD,10,12.0
176773,6,3,170,5,2,70.0,0,N,MELB_URBAN,ROAD,1,18.0
176774,1,2,160,5,3,50.0,0,N,MELB_URBAN,DRIVE,5,19.0
176775,1,3,130,2,5,80.0,0,N,MELB_URBAN,FREEWAY,5,17.0
176776,1,2,130,5,3,100.0,0,N,MELB_URBAN,FREEWAY,5,19.0
176777,1,2,135,5,1,60.0,0,N,MELB_URBAN,ROAD,5,17.0
176778,1,3,173,5,3,50.0,0,N,RURAL_VICTORIA,ROAD,5,18.0
176779,1,3,121,1,3,50.0,0,I,MELB_URBAN,ROAD,5,20.0
176780,1,3,99,5,3,100.0,0,N,MELB_URBAN,FREEWAY,5,19.0
176781,2,6,102,1,3,50.0,0,I,MELB_URBAN,HIGHWAY,5,21.0
176782,1,3,134,5,1,100.0,0,N,MELB_URBAN,ROAD,5,15.0
176783,1,3,130,1,3,40.0,0,I,MELB_URBAN,STREET,5,22.0
176784,1,3,160,5,3,50.0,0,N,MELB_URBAN,ROAD,5,19.0
176785,1,3,99,5,1,60.0,0,N,MELB_URBAN,ROAD,5,15.0
176786,1,3,130,5,3,60.0,0,N,MELB_URBAN,STREET,5,22.0
176787,4,3,171,2,3,50.0,0,N,RURAL_VICTORIA,DRIVE,5,22.0
176788,6,4,99,5,5,80.0,1,N,RURAL_VICTORIA,ROAD,5,0.0
176789,1,4,99,1,5,80.0,0,I,RURAL_VICTORIA,ROAD,5,6.0
176790,6,3,184,5,1,100.0,0,N,RURAL_VICTORIA,ROAD,5,16.0
176791,1,4,133,1,1,70.0,0,N,MELB_URBAN,ROAD,5,8.0
176792,8,7,174,2,1,80.0,0,I,MELB_URBAN,HIGHWAY,5,7.0
176793,1,5,99,5,5,50.0,0,N,MELB_URBAN,DRIVE,5,5.0
176794,1,4,130,5,1,50.0,0,N,MELB_URBAN,ROAD,5,9.0
176795,6,7,174,5,1,70.0,0,N,RURAL_VICTORIA,ROAD,5,16.0
176796,1,3,135,2,1,60.0,0,N,MELB_URBAN,STREET,5,7.0
176797,3,1,167,5,1,100.0,0,N,RURAL_VICTORIA,HIGHWAY,5,12.0
176798,1,4,130,2,1,60.0,0,I,MELB_URBAN,ROAD,5,12.0
176799,1,4,130,4,3,80.0,0,I,MELB_URBAN,AVENUE,5,19.0
176800,4,4,183,5,1,100.0,0,N,RURAL_VICTORIA,ROAD,5,10.0
176801,1,2,147,5,1,60.0,0,N,MELB_URBAN,ROAD,5,14.0
176802,1,4,110,1,3,60.0,0,I,MELB_URBAN,STREET,5,23.0
176803,1,4,113,2,1,80.0,0,I,SMALL_CITIES,ROAD,5,8.0
176804,5,3,99,5,6,80.0,0,N,RURAL_VICTORIA,ROAD,5,22.0
176805,1,2,111,2,1,40.0,0,I,MELB_URBAN,STREET,4,15.0
176806,1,4,99,5,1,50.0,0,N,MELB_URBAN,STREET,5,13.0
176807,1,3,132,2,1,50.0,0,I,MELB_URBAN,STREET,5,10.0
176808,9,0,99,5,9,60.0,0,N,MELB_URBAN,STREET,11,20.0
176809,1,4,163,5,1,50.0,0,N,MELB_URBAN,ROAD,5,15.0
176810,4,1,99,5,1,60.0,0,N,RURAL_VICTORIA,OTHER,5,11.0
176811,1,6,130,5,1,80.0,0,N,RURAL_VICTORIA,ROAD,10,12.0
176812,1,3,110,1,1,60.0,0,I,RURAL_VICTORIA,AVENUE,5,16.0
176813,1,4,110,4,1,60.0,0,I,LARGE_PROVINCIAL_CITIES,STREET,5,15.0
176814,1,4,99,2,1,60.0,0,I,MELB_URBAN,STREET,5,14.0
176815,1,4,130,5,1,70.0,0,N,LARGE_PROVINCIAL_CITIES,ROAD,5,15.0
176816,1,4,110,1,6,50.0,0,I,MELB_URBAN,STREET,5,17.0
176817,1,4,132,5,1,60.0,0,N,MELB_URBAN,ROAD,5,16.0
176818,1,4,113,2,1,60.0,0,I,MELB_URBAN,ROAD,5,16.0
176819,1,4,121,1,1,60.0,0,N,MELB_URBAN,ROAD,5,16.0
176820,4,4,181,5,5,70.0,0,N,TOWNS,ROAD,5,18.0
176821,2,4,102,5,1,80.0,0,N,MELB_URBAN,ROAD,5,15.0
176822,1,4,99,5,3,60.0,0,N,MELBOURNE_CBD,STREET,5,20.0
176823,4,4,181,5,3,60.0,0,N,MELB_URBAN,ROAD,5,18.0
176824,1,6,130,5,3,70.0,0,N,MELB_URBAN,ROAD,4,20.0
176825,1,4,99,2,1,80.0,0,I,MELB_URBAN,RAMP,5,13.0
176826,4,4,99,2,1,60.0,0,I,MELB_URBAN,ROAD,5,17.0
176827,4,4,173,1,3,60.0,0,I,MELB_URBAN,PARADE,5,22.0
176828,1,4,99,5,3,100.0,0,N,MELB_URBAN,ROAD,5,21.0
176829,1,4,121,2,6,60.0,0,I,MELB_URBAN,STREET,5,21.0
176830,4,4,171,5,3,40.0,0,N,MELB_URBAN,STREET,5,23.0
176831,4,5,99,5,2,80.0,0,N,MELB_URBAN,ROAD,3,18.0
176832,1,4,121,1,3,60.0,0,I,MELB_URBAN,STREET,5,3.0
176833,6,5,174,5,2,60.0,0,N,MELB_URBAN,ROAD,5,6.0