,accident_type,day_of_week,dca_code,road_geometry,light_condition,speed_zone,severity,node_type,deg_urban_name,road_type,month,hour
176834,2,5,99,5,3,70.0,0,N,MELB_URBAN,ROAD,5,2.0
176835,4,5,181,5,2,100.0,0,N,RURAL_VICTORIA,HIGHWAY,5,6.0
176836,1,5,113,2,1,40.0,0,I,MELB_URBAN,ROAD,5,6.0
176837,7,4,99,5,5,80.0,0,N,SMALL_CITIES,ROAD,5,18.0
176838,1,5,130,5,1,60.0,0,N,RURAL_VICTORIA,ROAD,5,8.0
176839,4,4,171,5,1,60.0,0,N,MELB_URBAN,ROAD,4,16.0
176840,1,5,121,5,1,60.0,0,N,LARGE_PROVINCIAL_CITIES,STREET,5,10.0
176841,4,4,171,2,1,60.0,0,I,MELB_URBAN,ROAD,5,10.0
176842,2,4,100,1,1,70.0,0,I,LARGE_PROVINCIAL_CITIES,STREET,5,15.0
176843,1,4,110,1,1,50.0,0,I,MELB_URBAN,STREET,5,8.0
176844,1,6,130,1,1,50.0,0,I,MELB_URBAN,ROAD,3,13.0
176845,1,3,130,5,3,100.0,0,N,MELB_URBAN,FREEWAY,4,6.0
176846,1,4,113,2,3,80.0,0,I,RURAL_VICTORIA,ROAD,5,18.0
176847,1,4,110,1,1,50.0,0,I,MELB_URBAN,STREET,5,9.0
176848,4,1,181,5,1,80.0,0,N,RURAL_VICTORIA,ROAD,5,9.0
176849,1,5,121,2,1,50.0,0,I,MELB_URBAN,STREET,5,12.0
176850,2,5,99,2,3,60.0,0,I,MELB_URBAN,ROAD,5,6.0
176851,1,3,116,2,1,60.0,0,I,MELB_URBAN,DRIVE,5,16.0
176852,2,5,99,5,1,40.0,0,N,MELB_URBAN,STREET,5,11.0
176853,4,6,171,2,1,60.0,0,I,MELB_URBAN,ROAD,3,16.0
176854,1,5,130,5,1,80.0,0,N,SMALL_CITIES,HIGHWAY,5,12.0
176855,1,5,99,5,1,60.0,0,N,RURAL_VICTORIA,ROAD,5,12.0
176856,1,4,171,5,1,60.0,0,N,LARGE_PROVINCIAL_CITIES,STREET,5,13.0
176857,1,2,130,5,1,60.0,0,N,MELB_URBAN,ROAD,5,16.0
176858,1,5,113,1,1,60.0,0,I,MELB_URBAN,ROAD,5,13.0
176859,1,5,130,5,1,100.0,0,N,MELB_URBAN,FREEWAY,5,14.0
176860,1,5,160,5,1,60.0,0,N,MELB_URBAN,HIGHWAY,5,10.0
176861,1,5,140,5,1,80.0,0,N,RURAL_VICTORIA,ROAD,5,13.0
176862,1,4,110,1,1,60.0,0,I,MELB_URBAN,STREET,5,14.0
176863,1,4,121,1,1,70.0,0,I,LARGE_PROVINCIAL_CITIES,HIGHWAY,5,15.0
176864,1,5,130,1,1,60.0,0,I,MELB_URBAN,OTHER,5,15.0
176865,1,3,121,2,2,60.0,0,I,MELB_URBAN,ROAD,4,17.0
176866,1,6,110,1,1,40.0,0,O,MELB_URBAN,UNKNOWN,4,9.0
176867,1,2,163,5,2,60.0,0,N,MELBOURNE_CBD,STREET,5,6.0
176868,7,2,99,5,3,60.0,0,N,MELB_URBAN,DRIVE,5,22.0
176869,1,5,171,5,1,60.0,0,N,LARGE_PROVINCIAL_CITIES,STREET,5,16.0
176870,1,2,163,5,3,50.0,0,N,MELB_URBAN,STREET,5,17.0
176871,1,0,130,5,1,60.0,0,N,MELB_URBAN,ROAD,5,11.0
176872,4,3,173,5,2,100.0,0,N,RURAL_VICTORIA,ROAD,5,16.0
176873,1,5,121,2,3,60.0,0,I,MELB_URBAN,ROAD,5,17.0
176874,1,5,99,5,1,50.0,0,N,MELB_URBAN,STREET,5,17.0
176875,5,5,99,5,2,100.0,0,N,RURAL_VICTORIA,HIGHWAY,5,17.0
176876,1,5,121,1,1,60.0,0,I,MELB_URBAN,STREET,5,16.0
176877,1,3,130,5,1,70.0,0,N,MELB_URBAN,ROAD,5,15.0
176878,1,5,134,5,1,80.0,0,N,MELB_URBAN,HIGHWAY,5,15.0
176879,1,5,121,2,3,60.0,0,I,MELB_URBAN,ROAD,5,20.0
176880,1,3,99,2,9,80.0,0,I,MELB_URBAN,HIGHWAY,5,7.0
176881,8,7,174,5,1,80.0,0,N,RURAL_VICTORIA,ROAD,5,16.0
176882,2,5,100,5,2,60.0,0,N,MELB_URBAN,AVENUE,5,17.0
176883,8,6,174,5,3,40.0,0,N,MELBOURNE_CBD,STREET,5,0.0
176884,1,4,135,5,3,80.0,0,N,MELB_URBAN,ROAD,5,17.0
176885,8,7,174,1,1,60.0,0,I,MELB_URBAN,ROAD,12,16.0
176886,4,5,181,2,3,60.0,0,I,LARGE_PROVINCIAL_CITIES,STREET,5,2.0
176887,1,6,110,1,3,60.0,0,I,MELB_URBAN,STREET,5,6.0
176888,1,5,121,1,3,70.0,0,I,MELB_URBAN,ROAD,5,5.0
176889,1,6,99,5,3,80.0,0,N,RURAL_VICTORIA,ROAD,5,4.0
176890,6,5,170,5,2,80.0,0,N,LARGE_PROVINCIAL_CITIES,STREET,5,7.0
176891,4,6,173,5,3,50.0,0,N,MELB_URBAN,STREET,5,3.0
176892,2,7,100,1,3,40.0,0,I,MELB_URBAN,ROAD,5,18.0
176893,4,4,171,2,1,60.0,0,I,MELB_URBAN,ROAD,5,14.0
176894,1,5,99,2,2,70.0,0,O,MELB_URBAN,UNKNOWN,5,6.0
176895,4,5,171,5,3,50.0,0,N,MELB_URBAN,ROAD,5,5.0
176896,1,6,110,1,1,60.0,0,I,LARGE_PROVINCIAL_CITIES,STREET,5,9.0
176897,1,6,113,1,1,80.0,0,I,MELB_URBAN,HIGHWAY,5,8.0
176898,1,3,121,1,1,60.0,0,I,MELB_URBAN,ROAD,4,10.0
176899,1,6,121,2,1,60.0,0,I,SMALL_CITIES,ROAD,5,8.0
176900,1,5,113,1,1,80.0,0,I,MELB_URBAN,HIGHWAY,5,9.0
176901,1,1,110,1,1,50.0,0,I,SMALL_CITIES,STREET,4,15.0
176902,1,5,111,2,3,60.0,0,I,MELB_URBAN,ROAD,5,18.0
176903,1,6,160,5,1,50.0,0,N,MELB_URBAN,OTHER,5,10.0
176904,1,6,113,2,1,60.0,0,I,RURAL_VICTORIA,OTHER,5,9.0
176905,1,3,121,5,1,60.0,0,N,MELB_URBAN,ROAD,5,9.0
176906,1,5,99,5,1,60.0,0,N,MELB_URBAN,ROAD,5,12.0
176907,1,5,116,2,1,80.0,0,I,MELB_URBAN,HIGHWAY,5,13.0
176908,1,2,113,2,1,60.0,0,I,LARGE_PROVINCIAL_CITIES,STREET,5,14.0
176909,7,6,99,5,3,50.0,0,N,MELB_URBAN,PARADE,5,5.0
176910,1,6,113,2,1,80.0,0,I,MELB_URBAN,HIGHWAY,5,13.0
176911,1,6,133,5,1,60.0,0,N,MELB_URBAN,ROAD,5,13.0
176912,1,4,121,5,1,60.0,0,N,LARGE_PROVINCIAL_CITIES,ROAD,5,8.0
176913,1,6,135,5,1,100.0,0,N,MELB_URBAN,ROAD,5,14.0
176914,1,6,130,5,1,60.0,0,N,MELB_URBAN,ROAD,5,15.0
176915,1,2,120,5,5,80.0,0,N,RURAL_VICTORIA,ROAD,5,2.0
176916,1,5,140,5,1,100.0,0,N,RURAL_VICTORIA,ROAD,5,13.0
176917,1,5,130,5,1,80.0,0,N,MELB_URBAN,ROAD,5,16.0
176918,1,5,130,5,1,110.0,0,N,RURAL_VICTORIA,FREEWAY,5,9.0
176919,1,6,110,1,1,70.0,0,I,RURAL_VICTORIA,ROAD,5,14.0
176920,1,7,121,2,1,70.0,0,I,MELB_URBAN,ROAD,5,12.0
176921,2,6,99,1,1,40.0,0,I,MELB_URBAN,UNKNOWN,5,15.0
176922,1,5,113,2,3,60.0,0,I,SMALL_CITIES,PARADE,5,18.0
176923,1,6,121,1,1,60.0,0,I,MELB_URBAN,ROAD,5,14.0
176924,1,6,160,1,3,60.0,0,I,MELB_URBAN,ROAD,5,18.0
176925,1,6,135,5,3,100.0,0,N,MELB_URBAN,FREEWAY,5,18.0
176926,5,6,99,5,5,100.0,0,N,RURAL_VICTORIA,ROAD,5,17.0
176927,1,5,132,2,3,80.0,0,I,TOWNS,HIGHWAY,5,18.0
176928,1,5,130,1,3,60.0,0,I,LARGE_PROVINCIAL_CITIES,STREET,5,19.0
176929,4,6,171,5,5,100.0,0,N,RURAL_VICTORIA,ROAD,5,21.0
176930,1,6,99,1,3,60.0,0,I,MELB_URBAN,STREET,5,19.0
176931,1,4,130,5,1,60.0,0,N,MELB_URBAN,HIGHWAY,8,8.0
176932,2,6,100,5,3,60.0,0,N,LARGE_PROVINCIAL_CITIES,ROAD,5,22.0
176933,1,7,121,1,3,70.0,0,N,MELB_URBAN,ROAD,5,0.0
176934,1,7,113,2,2,60.0,0,I,MELB_URBAN,ROAD,5,6.0
176935,4,7,171,5,2,60.0,0,N,MELB_URBAN,ROAD,5,7.0
176936,1,7,135,5,1,50.0,0,N,MELB_URBAN,ROAD,5,9.0
176937,1,3,111,2,1,60.0,0,I,MELB_URBAN,ROAD,5,15.0
176938,4,0,99,2,5,100.0,0,I,RURAL_VICTORIA,ROAD,5,19.0
176939,6,7,174,2,1,60.0,0,I,LARGE_PROVINCIAL_CITIES,STREET,5,12.0
176940,2,7,99,5,1,50.0,0,N,MELB_URBAN,ROAD,5,11.0
176941,2,6,99,5,1,60.0,0,N,MELB_URBAN,ROAD,5,12.0
176942,1,7,147,5,1,60.0,0,N,MELB_URBAN,ROAD,5,12.0
176943,1,4,147,5,1,60.0,0,N,MELB_URBAN,ROAD,5,10.0
176944,1,7,113,2,1,60.0,0,I,RURAL_VICTORIA,RAMP,5,12.0
176945,1,6,120,5,1,60.0,0,N,RURAL_VICTORIA,ROAD,5,14.0
176946,1,6,120,5,1,100.0,0,N,RURAL_VICTORIA,ROAD,5,11.0
176947,6,5,99,5,1,60.0,0,N,RURAL_VICTORIA,ROAD,4,8.0
176948,1,7,121,1,1,60.0,0,O,MELB_URBAN,UNKNOWN,5,14.0
176949,4,7,173,5,1,50.0,0,N,MELB_URBAN,STREET,5,10.0
176950,1,6,130,1,1,60.0,0,N,MELB_URBAN,ROAD,5,16.0
176951,4,7,171,5,1,70.0,0,N,MELB_URBAN,ROAD,5,16.0
176952,2,7,100,2,3,50.0,0,N,MELB_URBAN,ROAD,5,18.0
176953,4,7,183,5,1,60.0,0,N,MELB_URBAN,ROAD,5,15.0
176954,1,6,130,5,3,60.0,0,N,MELB_URBAN,ROAD,5,18.0
176955,1,6,110,1,1,50.0,0,I,MELB_URBAN,DRIVE,5,16.0
176956,1,6,130,5,3,80.0,0,N,MELB_URBAN,HIGHWAY,5,18.0
176957,2,6,100,1,3,60.0,0,N,MELB_URBAN,DRIVE,5,17.0
176958,1,7,121,1,3,40.0,0,I,RURAL_VICTORIA,ROAD,5,18.0
176959,1,7,121,1,3,80.0,0,N,MELB_URBAN,ROAD,5,19.0
176960,4,7,171,5,5,80.0,0,N,RURAL_VICTORIA,ROAD,5,21.0
176961,1,1,163,5,6,60.0,0,N,MELB_URBAN,STREET,5,2.0
176962,1,7,113,2,3,80.0,0,I,MELB_URBAN,ROAD,5,23.0
176963,1,0,160,5,3,50.0,0,N,LARGE_PROVINCIAL_CITIES,STREET,5,3.0
176964,1,6,163,5,1,40.0,0,O,MELB_URBAN,UNKNOWN,5,9.0
176965,6,7,99,5,3,60.0,0,N,MELB_URBAN,OTHER,5,2.0
176966,4,1,181,5,5,100.0,0,N,RURAL_VICTORIA,HIGHWAY,5,2.0
176967,4,1,171,4,3,60.0,0,I,MELB_URBAN,ROAD,5,3.0
176968,4,6,173,5,3,80.0,0,N,MELB_URBAN,HIGHWAY,5,20.0
176969,4,0,173,5,3,60.0,0,N,RURAL_VICTORIA,BOULEVARD,5,4.0
176970,1,5,130,5,1,50.0,0,N,MELB_URBAN,AVENUE,5,17.0
176971,1,6,160,2,3,40.0,0,N,TOWNS,STREET,5,19.0
176972,1,0,110,1,1,60.0,0,N,RURAL_VICTORIA,ROAD,5,10.0
176973,4,1,171,2,3,50.0,0,I,MELB_URBAN,DRIVE,5,3.0
176974,1,1,121,2,1,100.0,0,I,MELB_URBAN,ROAD,5,8.0
176975,1,2,130,1,1,60.0,0,I,RURAL_VICTORIA,ROAD,4,8.0
176976,1,1,163,5,1,60.0,0,N,MELBOURNE_CBD,STREET,5,10.0
176977,1,1,121,1,1,60.0,0,I,MELB_URBAN,STREET,5,11.0
176978,1,7,134,5,3,80.0,0,N,MELB_URBAN,FREEWAY,5,21.0
176979,1,1,99,2,1,60.0,0,N,RURAL_VICTORIA,BOULEVARD,5,13.0
176980,1,1,120,5,1,70.0,0,N,RURAL_VICTORIA,ROAD,5,11.0
176981,6,7,99,2,1,50.0,0,I,RURAL_VICTORIA,STREET,5,11.0
176982,1,1,99,5,1,50.0,0,N,RURAL_VICTORIA,DRIVE,5,15.0
176983,1,1,160,5,2,50.0,0,N,TOWNS,STREET,5,16.0
176984,1,1,110,1,3,80.0,0,I,MELB_URBAN,HIGHWAY,5,18.0
176985,1,4,130,2,1,80.0,0,I,RURAL_VICTORIA,HIGHWAY,5,7.0
176986,1,1,130,5,3,70.0,0,N,MELB_URBAN,ROAD,5,18.0
176987,8,3,184,2,3,60.0,0,I,MELB_URBAN,ROAD,4,20.0
176988,1,1,121,1,1,100.0,1,I,RURAL_VICTORIA,HIGHWAY,5,16.0
176989,2,7,102,4,1,60.0,0,I,MELB_URBAN,STREET,5,14.0
176990,4,0,99,1,3,50.0,0,I,MELB_URBAN,STREET,5,17.0
176991,1,1,121,1,3,60.0,0,I,SMALL_CITIES,STREET,5,17.0
176992,1,1,110,1,3,50.0,0,I,SMALL_CITIES,STREET,5,20.0
176993,1,2,130,5,9,60.0,0,N,MELB_URBAN,ROAD,5,17.0
176994,1,2,171,5,2,60.0,0,N,MELB_URBAN,STREET,5,5.0
176995,1,4,160,5,3,60.0,0,N,MELB_URBAN,UNKNOWN,5,18.0
176996,1,7,113,1,3,70.0,0,I,MELB_URBAN,ROAD,5,21.0
176997,1,2,113,1,1,100.0,0,I,RURAL_VICTORIA,HIGHWAY,5,8.0
176998,1,1,132,5,1,70.0,0,N,LARGE_PROVINCIAL_CITIES,ROAD,5,9.0
176999,1,6,120,2,1,80.0,0,I,RURAL_VICTORIA,DRIVE,5,14.0
177000,1,7,116,1,3,70.0,0,I,RURAL_VICTORIA,ROAD,3,5.0
177001,1,2,110,1,1,60.0,0,I,LARGE_PROVINCIAL_CITIES,STREET,5,12.0
177002,1,1,183,5,1,50.0,0,N,MELB_URBAN,OTHER,5,8.0
177003,3,1,167,5,5,100.0,0,N,RURAL_VICTORIA,ROAD,4,20.0
177004,1,2,140,5,1,60.0,0,N,MELB_URBAN,ROAD,5,11.0
177005,6,7,170,5,2,60.0,0,N,RURAL_VICTORIA,BOULEVARD,5,18.0
177006,1,2,130,5,1,50.0,0,N,RURAL_VICTORIA,DRIVE,5,11.0
177007,1,3,130,2,3,60.0,0,I,MELB_URBAN,ROAD,5,21.0
177008,4,2,171,5,1,80.0,0,N,MELB_URBAN,ROAD,5,14.0
177009,1,5,130,2,1,60.0,0,I,MELB_URBAN,STREET,2,7.0
177010,6,5,174,5,2,70.0,0,N,MELB_URBAN,ROAD,5,6.0
177011,1,1,130,5,1,70.0,0,N,MELB_URBAN,ROAD,5,12.0
177012,1,1,130,5,1,80.0,0,N,SMALL_TOWNS,HIGHWAY,5,14.0
177013,1,1,163,5,1,60.0,0,N,MELB_URBAN,ROAD,5,15.0
177014,1,2,121,1,1,60.0,0,I,MELB_URBAN,HIGHWAY,5,16.0
177015,1,1,110,1,1,50.0,0,I,SMALL_CITIES,ROAD,5,17.0
177016,1,2,110,1,1,80.0,0,I,MELB_URBAN,ROAD,5,15.0
177017,1,2,113,1,1,60.0,0,I,TOWNS,ROAD,5,13.0
177018,1,2,147,5,1,70.0,0,N,MELB_URBAN,ROAD,5,14.0
177019,2,6,100,5,1,40.0,0,N,MELB_URBAN,UNKNOWN,5,18.0
177020,6,2,174,1,1,80.0,0,I,MELB_URBAN,HIGHWAY,5,11.0
177021,1,2,130,5,1,80.0,0,N,RURAL_VICTORIA,HIGHWAY,5,14.0
177022,1,2,121,2,1,60.0,0,I,MELB_URBAN,ROAD,5,16.0
177023,1,1,130,5,1,100.0,0,N,MELB_URBAN,ROAD,5,17.0
177024,1,6,99,4,3,40.0,0,I,MELB_URBAN,STREET,5,23.0
177025,1,2,99,5,2,50.0,0,N,MELB_URBAN,BOULEVARD,5,17.0
177026,1,1,130,5,6,40.0,0,N,MELB_URBAN,STREET,5,2.0
177027,1,1,121,2,3,70.0,0,I,RURAL_VICTORIA,ROAD,5,19.0
177028,1,2,147,5,1,60.0,0,N,MELB_URBAN,ROAD,5,15.0
177029,1,2,116,2,3,70.0,0,I,MELB_URBAN,STREET,5,20.0
177030,2,2,100,5,3,60.0,0,N,MELB_URBAN,ROAD,5,21.0
177031,1,2,113,2,3,60.0,1,I,MELB_URBAN,ROAD,5,19.0
177032,4,2,171,5,5,80.0,0,N,RURAL_VICTORIA,ROAD,5,23.0
177033,3,3,167,5,3,80.0,0,N,MELB_URBAN,ROAD,5,5.0
177034,1,3,130,5,2,80.0,0,N,MELB_URBAN,ROAD,5,6.0
177035,1,0,121,1,1,70.0,0,I,MELB_URBAN,ROAD,5,15.0
177036,1,2,130,1,3,70.0,0,I,MELB_URBAN,ROAD,5,18.0
177037,1,1,130,1,3,60.0,0,N,MELB_URBAN,ROAD,5,19.0
177038,1,3,130,5,1,80.0,0,N,MELB_URBAN,FREEWAY,5,8.0
177039,1,4,147,5,1,100.0,0,N,RURAL_VICTORIA,ROAD,3,8.0
177040,1,3,132,1,1,80.0,0,I,MELB_URBAN,HIGHWAY,5,8.0
177041,4,2,171,5,1,100.0,0,N,RURAL_VICTORIA,ROAD,5,10.0
177042,1,3,99,5,1,60.0,0,N,MELB_URBAN,DRIVE,5,8.0
177043,1,3,140,5,1,60.0,0,N,MELB_URBAN,STREET,5,10.0
177044,6,1,174,2,6,50.0,0,N,MELB_URBAN,OTHER,5,18.0
177045,1,5,130,1,1,60.0,0,I,MELB_URBAN,STREET,5,14.0
177046,6,7,184,5,1,60.0,0,N,RURAL_VICTORIA,ROAD,5,16.0
177047,1,3,99,5,2,60.0,0,N,MELB_URBAN,ROAD,5,7.0
177048,4,3,173,5,1,70.0,0,N,RURAL_VICTORIA,ROAD,5,13.0
177049,1,1,121,2,3,80.0,0,I,MELB_URBAN,HIGHWAY,5,20.0
177050,8,7,174,5,2,60.0,1,N,RURAL_VICTORIA,UNKNOWN,5,16.0
177051,1,3,134,5,1,80.0,0,N,MELB_URBAN,FREEWAY,5,13.0
177052,1,3,120,2,1,60.0,0,N,MELB_URBAN,BOULEVARD,5,12.0
177053,1,3,130,1,1,40.0,0,I,MELB_URBAN,ROAD,5,12.0
177054,1,3,110,1,1,50.0,0,I,SMALL_CITIES,STREET,5,13.0
177055,1,3,135,1,1,60.0,0,N,MELB_URBAN,ROAD,5,14.0
177056,1,0,147,5,1,60.0,0,N,MELB_URBAN,ROAD,5,11.0
177057,2,3,102,1,1,60.0,0,I,LARGE_PROVINCIAL_CITIES,ROAD,5,15.0
177058,8,3,170,5,1,100.0,0,N,RURAL_VICTORIA,HIGHWAY,5,11.0
177059,8,4,174,5,9,30.0,0,N,MELB_URBAN,STREET,4,18.0
177060,2,3,100,5,1,50.0,0,N,SMALL_CITIES,OTHER,5,14.0
177061,1,2,135,5,1,100.0,0,N,MELB_URBAN,FREEWAY,5,16.0
177062,9,3,99,5,1,50.0,0,N,MELB_URBAN,STREET,5,15.0
177063,8,1,174,5,9,60.0,0,N,MELB_URBAN,STREET,5,16.0
177064,1,3,121,2,2,50.0,0,I,SMALL_CITIES,STREET,5,16.0
177065,2,3,99,1,1,60.0,0,I,MELB_URBAN,ROAD,5,15.0
177066,1,2,116,2,1,60.0,0,I,MELB_URBAN,OTHER,5,16.0
177067,1,6,99,2,1,50.0,0,I,MELB_URBAN,ROAD,5,9.0
177068,1,3,132,2,1,60.0,0,N,MELB_URBAN,ROAD,5,13.0
177069,1,3,130,1,2,80.0,0,N,MELB_URBAN,ROAD,5,7.0
177070,1,3,110,1,1,60.0,0,I,SMALL_TOWNS,ROAD,5,15.0
177071,1,4,130,5,1,80.0,0,N,MELB_URBAN,DRIVE,5,8.0
177072,2,2,102,5,1,80.0,0,N,MELB_URBAN,ROAD,5,16.0
177073,1,6,99,5,2,60.0,0,N,SMALL_CITIES,ROAD,5,17.0
177074,1,2,121,2,1,60.0,0,N,MELB_URBAN,ROAD,5,18.0
177075,1,2,121,1,3,60.0,0,I,MELB_URBAN,ROAD,5,18.0
177076,1,3,121,1,1,50.0,0,I,SMALL_CITIES,ROAD,5,16.0
177077,1,2,135,5,3,80.0,0,N,MELB_URBAN,FREEWAY,5,18.0
177078,1,3,110,1,1,60.0,0,I,RURAL_VICTORIA,AVENUE,5,10.0
177079,1,5,130,2,3,60.0,0,N,MELB_URBAN,STREET,4,6.0
177080,6,5,99,2,6,60.0,0,I,RURAL_VICTORIA,ROAD,5,18.0
177081,1,7,132,2,3,60.0,0,I,SMALL_CITIES,ROAD,5,21.0
177082,1,3,99,4,3,70.0,0,N,MELB_URBAN,STREET,5,22.0
177083,4,3,99,1,3,70.0,0,I,MELB_URBAN,STREET,5,22.0
177084,1,3,130,5,1,100.0,0,N,RURAL_VICTORIA,FREEWAY,5,7.0
177085,1,4,121,1,1,60.0,0,I,SMALL_CITIES,ROAD,5,7.0
177086,1,0,130,5,1,80.0,0,N,MELB_URBAN,ROAD,5,13.0
177087,1,1,130,2,2,60.0,0,I,MELB_URBAN,ROAD,5,6.0
177088,4,3,171,5,5,70.0,0,N,MELB_URBAN,DRIVE,5,20.0
177089,1,4,111,2,1,60.0,0,I,MELB_URBAN,STREET,5,7.0
177090,1,3,130,5,9,60.0,0,N,MELB_URBAN,RAMP,1,8.0
177091,4,3,171,5,1,100.0,0,N,RURAL_VICTORIA,ROAD,5,8.0
177092,2,6,100,1,1,50.0,0,I,MELB_URBAN,STREET,5,11.0
177093,1,4,130,2,1,60.0,0,N,MELB_URBAN,ROAD,5,8.0
177094,1,4,130,5,2,80.0,0,N,RURAL_VICTORIA,ROAD,5,7.0
177095,1,4,130,5,6,80.0,0,N,MELB_URBAN,ROAD,5,6.0
177096,1,0,130,5,1,40.0,0,N,LARGE_PROVINCIAL_CITIES,STREET,5,14.0
177097,6,4,174,5,1,60.0,0,N,MELB_URBAN,ROAD,5,11.0
177098,1,4,130,5,1,80.0,0,N,RURAL_VICTORIA,HIGHWAY,5,8.0
177099,1,3,130,2,1,60.0,0,I,MELB_URBAN,ROAD,5,11.0
177100,1,4,160,5,1,50.0,0,N,MELB_URBAN,ROAD,5,10.0
177101,1,3,113,2,1,60.0,0,I,TOWNS,STREET,5,9.0
177102,2,4,100,1,1,70.0,0,I,MELB_URBAN,ROAD,5,11.0
177103,1,4,121,1,1,40.0,0,I,MELB_URBAN,STREET,5,8.0
177104,1,2,99,1,1,50.0,0,I,MELB_URBAN,STREET,5,11.0
177105,1,5,99,2,1,50.0,0,I,MELB_URBAN,OTHER,5,12.0
177106,1,3,130,2,1,70.0,0,I,MELB_URBAN,ROAD,5,9.0
177107,1,5,99,5,1,60.0,0,N,MELB_URBAN,ROAD,5,9.0
177108,1,3,135,5,1,60.0,0,N,MELB_URBAN,ROAD,5,8.0
177109,1,0,121,1,3,50.0,0,I,MELB_URBAN,STREET,5,18.0
177110,1,1,130,2,1,80.0,0,N,MELB_URBAN,ROAD,5,17.0
177111,1,4,111,1,1,50.0,0,I,MELB_URBAN,STREET,5,13.0
177112,1,1,121,1,3,60.0,0,I,MELB_URBAN,STREET,5,4.0
177113,1,4,130,5,1,70.0,0,N,MELB_URBAN,ROAD,5,11.0
177114,8,6,99,5,1,60.0,0,N,RURAL_VICTORIA,ROAD,2,15.0
177115,1,3,133,5,2,80.0,0,N,MELB_URBAN,RAMP,5,16.0
177116,1,4,140,5,1,60.0,0,N,MELB_URBAN,ROAD,5,16.0
177117,4,3,171,5,2,100.0,0,N,RURAL_VICTORIA,HIGHWAY,5,16.0
177118,1,3,121,2,1,60.0,0,I,MELB_URBAN,ROAD,5,15.0
177119,1,4,113,2,3,60.0,0,I,MELB_URBAN,ROAD,5,18.0
177120,1,4,134,2,2,50.0,0,N,MELB_URBAN,DRIVE,5,17.0
177121,1,3,121,1,5,60.0,0,I,MELB_URBAN,ROAD,5,18.0
177122,1,4,113,2,1,50.0,0,I,SMALL_TOWNS,AVENUE,5,14.0
177123,1,4,121,1,3,70.0,0,N,MELB_URBAN,AVENUE,5,18.0
177124,1,4,130,2,2,50.0,0,I,MELB_URBAN,ROAD,5,17.0
177125,1,3,130,1,3,70.0,0,I,MELB_URBAN,ROAD,5,20.0
177126,1,4,110,1,3,50.0,0,I,MELB_URBAN,STREET,5,17.0
177127,4,4,173,2,1,60.0,1,N,MELB_URBAN,ROAD,5,15.0
177128,5,4,99,5,3,80.0,1,N,MELB_URBAN,ROAD,5,19.0
177129,1,3,130,5,2,80.0,0,N,MELB_URBAN,STREET,5,17.0
177130,1,4,113,2,3,60.0,0,I,RURAL_VICTORIA,STREET,5,21.0
177131,1,3,99,5,5,50.0,0,N,SMALL_CITIES,STREET,5,20.0
177132,2,3,102,2,3,70.0,0,N,MELB_URBAN,ROAD,5,19.0
177133,1,6,116,2,1,60.0,0,I,LARGE_PROVINCIAL_CITIES,ROAD,5,15.0
177134,4,4,173,5,5,60.0,1,N,RURAL_VICTORIA,ROAD,5,21.0
177135,4,5,171,5,3,50.0,0,N,MELB_URBAN,DRIVE,5,4.0
177136,1,5,99,5,1,50.0,0,N,MELB_URBAN,STREET,5,8.0
177137,1,4,110,1,1,50.0,0,I,SMALL_CITIES,STREET,5,9.0
177138,1,5,147,5,3,60.0,0,N,MELB_URBAN,ROAD,5,6.0
177139,1,5,130,2,1,60.0,0,I,MELB_URBAN,ROAD,5,9.0
177140,2,5,102,1,1,60.0,0,I,RURAL_VICTORIA,BOULEVARD,5,8.0
177141,1,6,130,2,1,60.0,0,I,MELB_URBAN,ROAD,5,13.0
177142,1,5,135,5,1,100.0,0,N,RURAL_VICTORIA,FREEWAY,5,10.0
177143,4,5,171,5,1,100.0,0,N,RURAL_VICTORIA,HIGHWAY,5,13.0
177144,1,4,130,5,1,40.0,0,N,RURAL_VICTORIA,HIGHWAY,5,12.0
177145,1,4,130,5,1,40.0,0,N,MELB_URBAN,UNKNOWN,5,11.0
177146,1,3,110,1,1,60.0,0,I,MELB_URBAN,ROAD,5,8.0
177147,1,5,140,5,1,100.0,1,N,RURAL_VICTORIA,HIGHWAY,5,8.0
177148,1,6,130,1,1,60.0,0,I,MELB_URBAN,ROAD,5,15.0
177149,1,3,130,5,3,100.0,0,N,MELB_URBAN,FREEWAY,5,17.0
177150,1,5,99,5,1,60.0,0,N,MELB_URBAN,ROAD,5,13.0
177151,1,2,121,1,3,70.0,0,I,SMALL_TOWNS,ROAD,4,22.0
177152,6,5,99,5,1,50.0,0,N,LARGE_PROVINCIAL_CITIES,STREET,5,13.0
177153,1,5,113,2,1,50.0,0,I,MELB_URBAN,UNKNOWN,5,13.0
177154,1,5,132,2,1,100.0,0,N,RURAL_VICTORIA,ROAD,5,13.0
177155,1,4,99,5,3,40.0,0,N,MELBOURNE_CBD,STREET,5,17.0
177156,4,5,183,5,1,100.0,0,N,MELB_URBAN,FREEWAY,5,13.0
177157,9,5,99,2,1,50.0,0,I,MELB_URBAN,STREET,5,9.0
177158,8,3,174,2,3,60.0,0,I,MELB_URBAN,OTHER,5,20.0