,accident_type,day_of_week,dca_code,road_geometry,light_condition,speed_zone,severity,node_type,deg_urban_name,road_type,month,hour
177159,1,5,99,2,1,40.0,0,N,MELB_URBAN,ROAD,5,14.0
177160,1,2,130,1,1,60.0,0,I,RURAL_VICTORIA,ROAD,5,13.0
177161,1,5,110,1,1,60.0,0,I,LARGE_PROVINCIAL_CITIES,AVENUE,5,14.0
177162,8,7,184,5,1,50.0,0,N,RURAL_VICTORIA,OTHER,5,10.0
177163,1,5,99,2,1,60.0,0,I,SMALL_CITIES,STREET,5,15.0
177164,1,0,130,5,1,60.0,0,N,MELB_URBAN,UNKNOWN,5,15.0
177165,1,4,134,5,2,100.0,0,N,MELB_URBAN,FREEWAY,4,17.0
177166,1,5,110,1,2,60.0,0,I,MELB_URBAN,PARADE,5,16.0
177167,1,6,116,2,3,60.0,0,O,MELB_URBAN,UNKNOWN,4,20.0
177168,2,5,102,5,3,50.0,0,N,MELB_URBAN,STREET,5,17.0
177169,4,4,171,5,3,60.0,1,N,MELB_URBAN,ROAD,5,19.0
177170,1,5,130,5,3,100.0,0,N,MELB_URBAN,RAMP,5,17.0
177171,1,1,130,5,1,80.0,0,N,MELB_URBAN,HIGHWAY,5,13.0
177172,1,5,110,1,3,60.0,0,I,MELB_URBAN,ROAD,5,19.0
177173,1,5,121,2,3,80.0,0,I,MELB_URBAN,ROAD,5,19.0
177174,4,5,181,5,5,100.0,0,N,RURAL_VICTORIA,ROAD,5,20.0
177175,1,5,99,1,3,60.0,0,I,LARGE_PROVINCIAL_CITIES,ROAD,5,17.0
177176,2,5,99,5,1,50.0,0,N,MELB_URBAN,STREET,5,16.0
177177,4,5,171,5,3,60.0,0,N,LARGE_PROVINCIAL_CITIES,STREET,5,21.0
177178,4,6,99,5,3,40.0,0,N,MELBOURNE_CBD,STREET,5,0.0
177179,1,3,113,2,1,70.0,0,N,MELB_URBAN,STREET,5,16.0
177180,6,5,174,1,3,50.0,0,I,MELB_URBAN,AVENUE,5,18.0
177181,1,1,130,5,1,40.0,0,N,MELB_URBAN,ROAD,5,15.0
177182,1,6,121,5,3,80.0,0,N,MELB_URBAN,OTHER,5,7.0
177183,4,4,173,5,1,110.0,0,N,RURAL_VICTORIA,FREEWAY,5,12.0
177184,1,3,147,5,1,50.0,0,N,TOWNS,STREET,5,14.0
177185,1,5,121,1,2,60.0,0,I,SMALL_CITIES,STREET,5,6.0
177186,1,5,120,5,5,110.0,0,N,RURAL_VICTORIA,FREEWAY,5,21.0
177187,2,6,100,1,1,60.0,0,I,MELB_URBAN,ROAD,5,6.0
177188,1,1,130,5,1,100.0,0,N,MELB_URBAN,RAMP,9,15.0
177189,5,6,99,5,2,100.0,0,N,MELB_URBAN,ROAD,5,6.0
177190,6,7,174,5,1,60.0,0,N,MELB_URBAN,STREET,5,13.0
177191,1,6,110,1,1,100.0,0,I,RURAL_VICTORIA,ROAD,5,10.0
177192,1,4,110,1,6,60.0,0,I,MELB_URBAN,ROAD,5,18.0
177193,1,3,116,2,2,60.0,0,I,MELB_URBAN,STREET,5,6.0
177194,2,6,100,2,1,60.0,0,I,MELB_URBAN,AVENUE,5,10.0
177195,1,5,132,2,3,60.0,0,I,LARGE_PROVINCIAL_CITIES,ROAD,5,18.0
177196,1,6,130,5,1,60.0,0,N,MELB_URBAN,UNKNOWN,5,10.0
177197,1,3,130,2,9,60.0,0,I,MELB_URBAN,ROAD,4,13.0
177198,1,4,130,5,1,60.0,0,N,MELB_URBAN,ROAD,5,9.0
177199,1,6,121,2,1,60.0,0,I,MELB_URBAN,OTHER,5,12.0
177200,2,5,102,2,1,40.0,0,I,MELB_URBAN,ROAD,5,11.0
177201,1,4,130,2,3,90.0,0,I,MELB_URBAN,ROAD,5,21.0
177202,1,3,130,5,9,60.0,0,N,MELB_URBAN,ROAD,5,19.0
177203,1,3,130,1,3,60.0,0,I,MELB_URBAN,OTHER,5,18.0
177204,1,6,130,2,2,60.0,0,I,MELB_URBAN,ROAD,5,18.0
177205,2,5,100,2,1,50.0,0,I,LARGE_PROVINCIAL_CITIES,ROAD,5,15.0
177206,1,4,130,2,1,50.0,0,I,MELB_URBAN,STREET,5,17.0
177207,1,5,130,5,1,80.0,0,N,MELB_URBAN,ROAD,5,13.0
177208,3,0,167,5,5,60.0,0,N,RURAL_VICTORIA,ROAD,5,22.0
177209,1,6,110,1,1,50.0,0,I,LARGE_PROVINCIAL_CITIES,STREET,5,8.0
177210,1,6,147,5,6,60.0,0,I,MELB_URBAN,AVENUE,5,18.0
177211,1,4,140,5,2,80.0,0,N,SMALL_TOWNS,STREET,5,16.0
177212,2,6,99,1,2,60.0,0,I,MELB_URBAN,ROAD,5,18.0
177213,1,6,113,2,1,70.0,0,I,SMALL_CITIES,STREET,5,14.0
177214,2,6,99,5,1,60.0,0,N,MELB_URBAN,STREET,5,11.0
177215,1,6,120,5,1,100.0,0,N,RURAL_VICTORIA,HIGHWAY,5,12.0
177216,1,6,110,1,1,50.0,0,I,LARGE_PROVINCIAL_CITIES,STREET,5,15.0
177217,4,4,173,2,3,60.0,0,I,MELB_URBAN,AVENUE,5,18.0
177218,1,6,132,2,1,60.0,0,I,MELB_URBAN,ROAD,5,16.0
177219,1,6,130,5,3,100.0,0,N,MELB_URBAN,FREEWAY,5,5.0
177220,1,5,130,5,2,80.0,0,I,MELB_URBAN,ROAD,5,17.0
177221,1,6,160,5,1,40.0,0,N,LARGE_PROVINCIAL_CITIES,PARADE,5,16.0
177222,1,6,111,2,2,70.0,0,I,MELB_URBAN,ROAD,5,17.0
177223,1,5,110,1,3,70.0,0,I,LARGE_PROVINCIAL_CITIES,HIGHWAY,5,19.0
177224,1,6,132,1,3,60.0,0,I,SMALL_CITIES,STREET,5,17.0
177225,4,6,173,5,3,100.0,0,N,RURAL_VICTORIA,FREEWAY,5,18.0
177226,1,6,130,5,3,100.0,0,N,MELB_URBAN,ROAD,5,18.0
177227,1,6,110,1,5,100.0,0,I,RURAL_VICTORIA,ROAD,5,18.0
177228,5,5,99,5,3,60.0,0,N,SMALL_CITIES,STREET,5,19.0
177229,1,6,173,5,3,50.0,0,N,MELB_URBAN,STREET,5,20.0
177230,1,6,111,4,9,60.0,0,N,MELB_URBAN,RAMP,3,15.0
177231,1,6,132,2,2,80.0,0,I,RURAL_VICTORIA,ROAD,5,16.0
177232,1,6,99,2,3,50.0,0,I,MELB_URBAN,ROAD,5,22.0
177233,1,6,113,2,3,80.0,0,I,MELB_URBAN,ROAD,5,23.0
177234,1,6,99,5,3,50.0,0,N,MELB_URBAN,ROAD,5,22.0
177235,1,6,121,2,3,60.0,0,I,MELB_URBAN,ROAD,5,18.0
177236,4,3,181,5,2,100.0,0,N,RURAL_VICTORIA,RAMP,4,6.0
177237,1,4,130,2,1,60.0,0,I,MELB_URBAN,DRIVE,5,12.0
177238,4,6,181,5,5,60.0,0,N,MELB_URBAN,ROAD,5,23.0
177239,1,4,110,1,3,50.0,0,I,MELB_URBAN,ROAD,6,21.0
177240,2,5,99,1,3,60.0,0,I,MELB_URBAN,ROAD,5,22.0
177241,4,6,173,5,1,60.0,0,N,MELB_URBAN,ROAD,5,12.0
177242,1,4,130,2,1,80.0,0,N,MELB_URBAN,ROAD,5,17.0
177243,3,0,167,1,5,80.0,0,I,RURAL_VICTORIA,FREEWAY,5,3.0
177244,1,5,163,5,9,50.0,0,N,MELB_URBAN,ROAD,5,17.0
177245,1,7,113,2,1,60.0,0,I,MELB_URBAN,PARADE,6,13.0
177246,1,6,130,2,1,60.0,0,N,MELB_URBAN,ROAD,5,13.0
177247,1,6,113,1,6,60.0,0,I,SMALL_TOWNS,ROAD,5,21.0
177248,1,4,116,2,1,70.0,0,I,MELB_URBAN,ROAD,5,8.0
177249,1,6,147,5,3,60.0,0,N,MELB_URBAN,ROAD,5,17.0
177250,1,7,121,5,1,50.0,0,N,SMALL_CITIES,STREET,6,10.0
177251,1,3,110,1,3,50.0,0,I,RURAL_VICTORIA,BOULEVARD,5,19.0
177252,1,7,130,5,1,50.0,0,N,SMALL_CITIES,ROAD,6,15.0
177253,2,7,99,5,1,50.0,0,N,RURAL_VICTORIA,OTHER,6,14.0
177254,1,7,121,1,1,50.0,0,I,MELB_URBAN,ROAD,6,10.0
177255,1,7,113,2,1,60.0,0,I,MELB_URBAN,ROAD,6,16.0
177256,7,6,99,2,3,50.0,0,I,SMALL_CITIES,STREET,5,20.0
177257,1,7,111,2,1,50.0,0,I,MELB_URBAN,OTHER,6,17.0
177258,4,7,181,5,1,100.0,0,N,RURAL_VICTORIA,ROAD,6,16.0
177259,1,5,130,5,3,80.0,0,N,MELB_URBAN,OTHER,5,17.0
177260,1,6,130,5,1,60.0,0,N,MELB_URBAN,ROAD,6,16.0
177261,1,7,121,1,3,60.0,0,I,MELB_URBAN,BOULEVARD,6,19.0
177262,1,6,130,5,3,100.0,0,N,MELB_URBAN,FREEWAY,6,17.0
177263,1,7,110,1,3,50.0,0,I,LARGE_PROVINCIAL_CITIES,STREET,6,22.0
177264,1,6,121,4,3,80.0,0,I,MELB_URBAN,HIGHWAY,6,22.0
177265,4,7,173,5,5,100.0,0,N,RURAL_VICTORIA,ROAD,6,22.0
177266,2,7,99,5,3,60.0,0,N,MELB_URBAN,ROAD,6,23.0
177267,1,7,130,1,3,60.0,0,N,MELB_URBAN,ROAD,6,23.0
177268,4,0,181,2,3,60.0,0,N,TOWNS,ROAD,6,1.0
177269,1,1,99,4,3,50.0,0,I,SMALL_CITIES,ROAD,6,1.0
177270,5,7,99,5,3,50.0,0,N,MELB_URBAN,STREET,6,23.0
177271,3,1,167,5,5,80.0,0,N,RURAL_VICTORIA,ROAD,6,0.0
177272,1,4,130,1,1,80.0,0,O,MELB_URBAN,UNKNOWN,5,17.0
177273,1,3,163,1,1,40.0,0,N,MELB_URBAN,STREET,5,17.0
177274,1,6,130,1,1,60.0,0,I,MELB_URBAN,ROAD,6,9.0
177275,1,2,113,2,1,60.0,0,I,MELB_URBAN,STREET,12,11.0
177276,1,1,121,1,1,70.0,0,I,MELB_URBAN,ROAD,6,10.0
177277,1,1,110,1,1,100.0,0,I,RURAL_VICTORIA,ROAD,6,13.0
177278,1,0,121,2,1,60.0,0,I,MELB_URBAN,ROAD,6,14.0
177279,2,1,102,1,1,60.0,0,N,MELB_URBAN,HIGHWAY,6,12.0
177280,1,0,130,5,1,100.0,0,N,MELB_URBAN,UNKNOWN,6,13.0
177281,1,1,121,2,1,60.0,0,I,MELB_URBAN,STREET,6,15.0
177282,1,0,160,5,1,50.0,0,N,MELB_URBAN,ROAD,6,15.0
177283,1,7,113,2,1,100.0,0,I,RURAL_VICTORIA,ROAD,6,14.0
177284,1,0,121,2,1,100.0,0,I,RURAL_VICTORIA,ROAD,6,16.0
177285,1,1,121,2,1,80.0,0,I,MELB_URBAN,DRIVE,6,16.0
177286,1,5,130,5,3,70.0,0,N,MELB_URBAN,ROAD,5,19.0
177287,1,1,99,2,2,50.0,0,I,MELB_URBAN,ROAD,6,17.0
177288,1,1,110,1,3,50.0,0,I,RURAL_VICTORIA,ROAD,6,18.0
177289,4,1,171,2,3,40.0,0,N,TOWNS,STREET,6,17.0
177290,4,1,173,5,1,100.0,0,N,RURAL_VICTORIA,ROAD,6,13.0
177291,2,1,102,1,3,40.0,0,I,MELB_URBAN,STREET,6,20.0
177292,1,3,130,2,3,50.0,0,N,MELB_URBAN,STREET,5,19.0
177293,1,5,116,2,3,50.0,0,I,MELB_URBAN,ROAD,5,18.0
177294,1,1,121,1,3,60.0,0,I,MELB_URBAN,ROAD,5,19.0
177295,4,2,183,2,3,50.0,0,I,MELB_URBAN,DRIVE,6,0.0
177296,1,5,110,1,2,60.0,0,I,LARGE_PROVINCIAL_CITIES,STREET,5,18.0
177297,2,1,100,2,3,60.0,0,I,MELB_URBAN,ROAD,6,6.0
177298,1,2,99,2,1,60.0,0,I,TOWNS,ROAD,6,7.0
177299,6,2,170,5,5,100.0,0,N,RURAL_VICTORIA,ROAD,6,6.0
177300,1,4,121,1,3,70.0,0,I,MELB_URBAN,HIGHWAY,5,19.0
177301,6,1,174,3,1,60.0,0,N,MELB_URBAN,STREET,6,11.0
177302,8,3,174,5,1,60.0,0,N,RURAL_VICTORIA,HIGHWAY,3,14.0
177303,1,4,130,5,1,100.0,0,N,MELB_URBAN,ROAD,5,8.0
177304,1,2,99,2,1,60.0,0,I,MELB_URBAN,STREET,6,9.0
177305,8,5,99,5,1,50.0,0,N,RURAL_VICTORIA,STREET,1,16.0
177306,2,6,99,5,6,60.0,0,O,MELB_URBAN,OTHER,5,20.0
177307,1,2,99,2,1,50.0,0,I,MELB_URBAN,STREET,6,10.0
177308,1,2,132,2,1,50.0,0,I,TOWNS,STREET,6,11.0
177309,4,2,171,5,1,100.0,0,N,RURAL_VICTORIA,ROAD,6,10.0
177310,1,2,147,5,1,60.0,0,N,MELB_URBAN,ROAD,6,10.0
177311,1,2,132,1,1,60.0,0,I,MELB_URBAN,RAMP,6,11.0
177312,1,2,110,1,1,50.0,0,I,LARGE_PROVINCIAL_CITIES,STREET,6,12.0
177313,1,5,130,5,3,60.0,0,N,MELB_URBAN,ROAD,5,19.0
177314,6,7,99,5,1,60.0,0,N,RURAL_VICTORIA,ROAD,6,15.0
177315,4,2,183,2,1,100.0,0,I,RURAL_VICTORIA,ROAD,4,16.0
177316,1,3,99,5,1,60.0,0,N,MELB_URBAN,OTHER,3,9.0
177317,1,5,99,2,3,60.0,0,N,MELB_URBAN,STREET,5,18.0
177318,1,0,133,2,1,60.0,0,I,MELB_URBAN,STREET,4,9.0
177319,2,2,102,5,1,40.0,0,N,MELB_URBAN,STREET,6,15.0
177320,6,5,174,3,6,50.0,0,N,MELB_URBAN,OTHER,5,0.0
177321,1,5,140,5,3,60.0,0,N,MELB_URBAN,ROAD,5,20.0
177322,1,1,130,5,2,110.0,0,N,RURAL_VICTORIA,FREEWAY,6,17.0
177323,6,2,174,2,1,60.0,0,I,MELB_URBAN,ROAD,6,16.0
177324,6,2,174,5,1,50.0,0,N,MELB_URBAN,STREET,6,16.0
177325,2,6,100,2,6,50.0,1,O,MELB_URBAN,UNKNOWN,6,22.0
177326,1,1,99,2,3,60.0,0,I,RURAL_VICTORIA,ROAD,5,18.0
177327,4,2,173,5,1,60.0,0,N,MELB_URBAN,ROAD,6,13.0
177328,2,2,100,2,4,50.0,0,I,MELB_URBAN,ROAD,6,18.0
177329,6,7,174,5,1,60.0,0,N,LARGE_PROVINCIAL_CITIES,DRIVE,5,14.0
177330,2,2,100,5,2,40.0,0,N,MELB_URBAN,STREET,6,18.0
177331,4,1,183,5,3,50.0,0,N,SMALL_CITIES,STREET,6,18.0
177332,1,4,121,2,1,40.0,0,I,MELB_URBAN,STREET,5,17.0
177333,1,1,121,1,1,60.0,0,N,MELB_URBAN,STREET,6,15.0
177334,1,2,147,5,5,50.0,0,N,RURAL_VICTORIA,OTHER,6,19.0
177335,1,2,130,2,3,60.0,0,N,MELB_URBAN,ROAD,6,18.0
177336,1,1,121,1,3,60.0,0,I,MELB_URBAN,ROAD,6,18.0
177337,2,2,100,1,3,60.0,0,I,MELB_URBAN,STREET,6,20.0
177338,1,5,110,1,1,60.0,0,I,MELB_URBAN,STREET,5,12.0
177339,1,6,135,5,3,70.0,0,N,MELB_URBAN,HIGHWAY,5,21.0
177340,1,3,130,5,2,100.0,0,N,MELB_URBAN,FREEWAY,4,7.0
177341,1,5,99,2,3,60.0,0,O,MELB_URBAN,UNKNOWN,5,19.0
177342,4,7,171,5,1,100.0,0,N,RURAL_VICTORIA,ROAD,4,9.0
177343,1,6,130,1,1,60.0,0,N,LARGE_PROVINCIAL_CITIES,STREET,5,12.0
177344,1,2,130,5,5,70.0,0,N,MELB_URBAN,ROAD,6,6.0
177345,4,1,171,5,1,50.0,0,N,MELB_URBAN,ROAD,6,14.0
177346,1,2,99,2,1,50.0,0,I,MELB_URBAN,DRIVE,6,8.0
177347,1,3,121,1,1,40.0,0,I,MELBOURNE_CBD,STREET,6,9.0
177348,1,3,113,2,1,100.0,0,I,RURAL_VICTORIA,ROAD,6,10.0
177349,4,3,181,5,2,60.0,0,N,RURAL_VICTORIA,ROAD,6,6.0
177350,1,3,147,5,2,60.0,0,N,MELB_URBAN,ROAD,6,7.0
177351,1,3,120,5,1,60.0,0,N,MELB_URBAN,ROAD,6,7.0
177352,1,4,130,5,1,60.0,0,N,MELB_URBAN,FREEWAY,5,7.0
177353,3,3,167,5,5,100.0,0,N,RURAL_VICTORIA,ROAD,5,18.0
177354,1,6,135,5,1,60.0,0,N,MELB_URBAN,ROAD,5,13.0
177355,2,2,100,1,1,60.0,0,I,MELB_URBAN,ROAD,6,8.0
177356,1,3,163,5,1,40.0,0,N,MELB_URBAN,STREET,6,8.0
177357,1,3,163,5,1,50.0,0,N,MELB_URBAN,ROAD,6,12.0
177358,1,3,99,5,2,60.0,0,N,MELB_URBAN,ROAD,5,17.0
177359,1,3,135,5,1,100.0,0,N,LARGE_PROVINCIAL_CITIES,ROAD,6,11.0
177360,1,2,171,5,1,60.0,0,N,LARGE_PROVINCIAL_CITIES,STREET,6,12.0
177361,8,6,174,5,2,40.0,0,N,MELBOURNE_CBD,STREET,4,18.0
177362,2,3,99,2,1,60.0,0,I,MELB_URBAN,ROAD,6,12.0
177363,2,1,99,5,5,50.0,0,N,SMALL_CITIES,STREET,6,21.0
177364,1,5,110,1,1,60.0,0,I,SMALL_CITIES,STREET,5,15.0
177365,1,3,130,5,2,100.0,0,N,MELB_URBAN,FREEWAY,6,7.0
177366,1,3,121,1,1,60.0,0,I,MELB_URBAN,ROAD,6,7.0
177367,6,0,99,2,3,50.0,0,N,MELB_URBAN,AVENUE,3,20.0
177368,1,3,130,5,1,40.0,0,N,MELB_URBAN,AVENUE,6,12.0
177369,6,1,184,2,1,60.0,0,I,RURAL_VICTORIA,ROAD,5,10.0
177370,2,2,102,2,1,60.0,0,N,MELB_URBAN,ROAD,6,8.0
177371,8,3,99,5,1,50.0,0,N,MELB_URBAN,STREET,6,14.0
177372,4,3,173,2,1,40.0,0,I,MELB_URBAN,STREET,6,14.0
177373,1,4,111,1,2,80.0,0,I,MELB_URBAN,ROAD,5,17.0
177374,1,3,147,5,1,60.0,0,N,SMALL_CITIES,PARADE,6,15.0
177375,1,3,121,5,2,60.0,0,N,MELB_URBAN,STREET,6,16.0
177376,1,3,99,5,1,50.0,0,N,MELB_URBAN,ROAD,6,15.0
177377,1,4,130,5,1,70.0,0,N,LARGE_PROVINCIAL_CITIES,ROAD,5,11.0
177378,1,3,130,1,3,60.0,0,I,TOWNS,STREET,6,18.0
177379,2,6,99,5,1,50.0,0,N,LARGE_PROVINCIAL_CITIES,STREET,6,13.0
177380,1,3,130,1,3,80.0,0,N,MELB_URBAN,FREEWAY,5,21.0
177381,1,2,130,2,4,100.0,0,N,MELB_URBAN,FREEWAY,6,17.0
177382,6,3,174,2,3,50.0,0,I,MELB_URBAN,DRIVE,6,6.0
177383,1,3,120,5,1,80.0,0,N,RURAL_VICTORIA,HIGHWAY,6,15.0
177384,1,3,147,5,2,40.0,0,N,SMALL_CITIES,STREET,6,17.0
177385,2,2,99,5,1,60.0,0,N,MELB_URBAN,STREET,6,13.0
177386,1,3,130,5,3,100.0,0,N,RURAL_VICTORIA,RAMP,6,18.0
177387,1,3,99,1,1,40.0,0,O,MELB_URBAN,UNKNOWN,6,14.0
177388,1,3,147,2,3,60.0,0,I,MELB_URBAN,ROAD,6,18.0
177389,5,6,99,5,3,80.0,0,I,MELB_URBAN,FREEWAY,5,18.0
177390,1,3,110,1,3,60.0,0,I,LARGE_PROVINCIAL_CITIES,STREET,6,21.0
177391,1,4,110,1,3,40.0,1,I,MELB_URBAN,STREET,6,0.0
177392,1,7,130,1,1,80.0,0,I,MELB_URBAN,ROAD,3,12.0
177393,1,4,121,1,2,60.0,0,N,MELB_URBAN,ROAD,6,7.0
177394,1,2,99,2,1,60.0,0,I,LARGE_PROVINCIAL_CITIES,STREET,6,9.0
177395,1,4,160,5,1,60.0,0,N,MELB_URBAN,ROAD,11,6.0
177396,1,4,120,5,3,60.0,0,N,LARGE_PROVINCIAL_CITIES,STREET,6,7.0
177397,1,4,130,5,2,100.0,0,N,MELB_URBAN,FREEWAY,6,7.0
177398,1,3,134,5,1,70.0,0,N,MELB_URBAN,ROAD,6,14.0
177399,2,4,102,1,1,50.0,0,I,MELB_URBAN,AVENUE,6,9.0
177400,1,4,130,5,1,80.0,0,N,RURAL_VICTORIA,ROAD,6,9.0
177401,1,5,110,1,1,50.0,0,I,MELB_URBAN,STREET,5,13.0
177402,6,1,99,2,1,70.0,0,I,MELB_URBAN,ROAD,4,7.0
177403,1,4,110,1,1,50.0,0,I,SMALL_TOWNS,STREET,6,12.0
177404,6,5,99,2,1,40.0,0,N,RURAL_VICTORIA,ROAD,5,14.0
177405,4,4,173,5,1,50.0,0,N,MELB_URBAN,STREET,6,12.0
177406,1,3,130,5,1,50.0,0,N,TOWNS,STREET,6,13.0
177407,1,4,99,2,1,50.0,0,I,MELB_URBAN,STREET,6,8.0
177408,1,5,99,2,1,60.0,0,I,MELB_URBAN,ROAD,5,13.0
177409,1,3,130,1,1,60.0,0,N,MELB_URBAN,ROAD,6,9.0
177410,1,2,110,1,1,60.0,0,I,LARGE_PROVINCIAL_CITIES,STREET,11,14.0
177411,4,4,171,2,1,50.0,0,N,MELB_URBAN,ROAD,6,11.0
177412,1,4,147,5,1,70.0,0,N,MELB_URBAN,ROAD,6,12.0
177413,1,3,132,1,3,40.0,0,I,MELBOURNE_CBD,STREET,6,18.0
177414,1,4,113,1,1,100.0,0,I,RURAL_VICTORIA,OTHER,6,14.0
177415,2,4,102,1,1,60.0,1,I,SMALL_CITIES,PARADE,6,13.0
177416,6,5,99,5,1,60.0,0,N,LARGE_PROVINCIAL_CITIES,STREET,5,15.0
177417,1,4,121,2,1,60.0,0,I,MELB_URBAN,ROAD,6,15.0
177418,1,7,121,2,6,60.0,0,I,RURAL_VICTORIA,ROAD,3,18.0
177419,1,4,160,5,2,50.0,0,N,MELB_URBAN,AVENUE,6,6.0
177420,6,4,99,5,1,100.0,0,N,RURAL_VICTORIA,ROAD,6,8.0
177421,1,4,147,5,3,40.0,0,N,MELB_URBAN,STREET,6,17.0
177422,2,3,99,5,1,60.0,0,N,MELB_URBAN,STREET,2,7.0
177423,1,4,99,5,1,50.0,0,N,MELB_URBAN,ROAD,6,15.0
177424,1,2,130,5,6,100.0,0,N,MELB_URBAN,FREEWAY,5,6.0
177425,1,2,163,1,2,40.0,0,I,MELBOURNE_CBD,STREET,6,17.0
177426,1,4,130,5,2,60.0,0,N,MELB_URBAN,ROAD,6,17.0
177427,1,4,160,5,3,60.0,0,N,LARGE_PROVINCIAL_CITIES,ROAD,6,18.0
177428,1,4,110,1,3,80.0,0,I,MELB_URBAN,HIGHWAY,6,18.0
177429,1,4,99,5,1,50.0,0,N,MELB_URBAN,DRIVE,6,16.0
177430,4,4,183,5,3,100.0,0,N,MELB_URBAN,FREEWAY,6,19.0
177431,1,5,113,2,3,80.0,0,I,MELB_URBAN,ROAD,5,6.0
177432,1,4,135,2,1,60.0,0,I,MELB_URBAN,STREET,4,7.0
177433,1,2,135,5,3,100.0,0,N,MELB_URBAN,FREEWAY,6,20.0
177434,1,3,113,2,3,60.0,0,I,MELB_URBAN,STREET,6,22.0
177435,6,4,99,5,5,60.0,0,N,RURAL_VICTORIA,ROAD,6,20.0
177436,4,4,171,2,3,80.0,1,N,MELB_URBAN,HIGHWAY,6,21.0
177437,1,4,99,1,3,40.0,0,I,MELBOURNE_CBD,STREET,6,23.0
177438,4,5,171,1,3,60.0,0,I,TOWNS,ROAD,6,1.0
177439,1,2,135,5,2,100.0,0,N,MELB_URBAN,ROAD,5,17.0
177440,1,5,130,5,1,60.0,0,N,LARGE_PROVINCIAL_CITIES,ROAD,5,14.0
177441,1,5,130,5,2,100.0,0,N,MELB_URBAN,FREEWAY,6,6.0
177442,1,5,130,5,1,100.0,0,N,MELB_URBAN,RAMP,6,6.0
177443,2,4,100,2,1,50.0,0,N,MELB_URBAN,STREET,6,8.0
177444,1,3,130,3,1,60.0,0,I,MELB_URBAN,FREEWAY,5,9.0
177445,1,3,110,1,3,50.0,0,N,TOWNS,STREET,6,17.0
177446,1,2,160,5,1,60.0,0,N,TOWNS,STREET,6,12.0
177447,1,4,99,2,1,50.0,0,I,LARGE_PROVINCIAL_CITIES,STREET,6,8.0
177448,1,1,121,1,1,60.0,0,I,MELB_URBAN,ROAD,6,11.0
177449,1,7,163,1,1,60.0,0,N,MELB_URBAN,STREET,5,11.0
177450,1,5,163,5,1,40.0,0,N,MELB_URBAN,ROAD,6,10.0
177451,1,5,99,2,1,50.0,0,N,MELB_URBAN,ROAD,6,8.0
177452,1,5,121,1,1,50.0,0,I,MELB_URBAN,STREET,6,8.0
177453,1,6,130,1,2,60.0,0,I,LARGE_PROVINCIAL_CITIES,ROAD,4,19.0
177454,1,1,130,5,9,60.0,0,N,MELB_URBAN,HIGHWAY,6,18.0
177455,4,3,171,5,1,80.0,0,N,RURAL_VICTORIA,ROAD,6,11.0
177456,1,5,121,1,3,50.0,0,N,MELB_URBAN,STREET,5,20.0
177457,1,4,130,2,1,60.0,0,I,MELB_URBAN,ROAD,6,14.0
177458,2,4,102,1,9,40.0,0,I,MELB_URBAN,ROAD,6,21.0
177459,4,4,183,5,3,100.0,0,N,MELB_URBAN,UNKNOWN,5,4.0
177460,1,5,99,5,1,100.0,0,N,MELB_URBAN,RAMP,6,12.0
177461,1,5,160,5,1,50.0,0,N,MELB_URBAN,OTHER,6,10.0
177462,1,3,130,1,2,60.0,0,I,MELB_URBAN,ROAD,6,6.0
177463,1,4,121,2,1,60.0,0,I,MELB_URBAN,ROAD,6,11.0
177464,4,3,99,1,1,60.0,0,I,MELB_URBAN,STREET,12,8.0
177465,1,5,120,2,1,60.0,0,I,MELB_URBAN,DRIVE,6,11.0
177466,6,6,174,2,6,80.0,0,I,MELB_URBAN,ROAD,5,23.0
177467,1,4,130,5,1,70.0,0,N,MELB_URBAN,ROAD,5,9.0
177468,1,5,99,5,1,40.0,0,N,RURAL_VICTORIA,FREEWAY,6,12.0
177469,8,3,147,5,3,50.0,0,N,MELB_URBAN,AVENUE,5,19.0
177470,1,4,130,5,1,60.0,0,N,MELB_URBAN,ROAD,6,16.0
177471,1,4,110,1,2,50.0,0,I,TOWNS,STREET,6,17.0
177472,4,4,173,5,1,80.0,0,N,RURAL_VICTORIA,ROAD,6,16.0
177473,1,2,99,2,1,40.0,0,N,MELB_URBAN,STREET,5,13.0
177474,1,4,110,1,2,50.0,0,I,MELB_URBAN,STREET,6,17.0
177475,4,5,99,1,3,60.0,0,I,MELB_URBAN,STREET,6,18.0
177476,2,5,99,5,2,60.0,0,N,MELB_URBAN,ROAD,6,17.0
177477,1,2,130,5,6,60.0,0,N,MELB_URBAN,ROAD,5,18.0
177478,1,5,110,1,3,60.0,0,I,MELB_URBAN,ROAD,6,18.0
177479,4,5,173,5,5,100.0,0,N,RURAL_VICTORIA,AVENUE,6,20.0
177480,4,5,99,2,4,50.0,0,I,MELB_URBAN,STREET,6,20.0
177481,4,5,181,5,1,80.0,0,N,RURAL_VICTORIA,HIGHWAY,5,16.0
177482,1,5,130,1,1,80.0,0,I,MELB_URBAN,ROAD,6,15.0
177483,1,5,171,5,3,60.0,0,N,MELB_URBAN,STREET,6,21.0