,accident_type,day_of_week,dca_code,road_geometry,light_condition,speed_zone,severity,node_type,deg_urban_name,road_type,month,hour
177484,1,5,111,2,3,80.0,0,I,MELB_URBAN,HIGHWAY,6,21.0
177485,1,4,147,5,6,40.0,0,N,MELB_URBAN,STREET,6,5.0
177486,1,4,110,1,1,60.0,0,I,LARGE_PROVINCIAL_CITIES,STREET,6,17.0
177487,1,6,121,4,1,50.0,0,I,MELB_URBAN,ROAD,6,8.0
177488,1,1,130,4,1,60.0,0,I,MELB_URBAN,ROAD,7,14.0
177489,1,6,121,2,1,80.0,0,I,MELB_URBAN,ROAD,6,10.0
177490,1,6,121,1,1,60.0,0,I,MELB_URBAN,STREET,6,9.0
177491,1,6,132,2,1,60.0,0,N,MELB_URBAN,ROAD,6,10.0
177492,1,6,99,2,1,60.0,0,I,MELB_URBAN,ROAD,6,7.0
177493,3,6,167,5,1,100.0,0,N,RURAL_VICTORIA,ROAD,5,7.0
177494,1,6,134,5,1,60.0,0,N,MELB_URBAN,ROAD,6,9.0
177495,1,6,160,5,1,50.0,0,N,MELB_URBAN,ROAD,6,11.0
177496,1,4,121,2,3,60.0,0,I,MELB_URBAN,ROAD,6,18.0
177497,6,4,174,1,3,60.0,0,I,MELB_URBAN,ROAD,5,20.0
177498,1,3,163,2,1,40.0,0,I,MELB_URBAN,STREET,6,13.0
177499,1,6,99,1,3,60.0,0,I,MELB_URBAN,AVENUE,6,5.0
177500,2,6,100,1,1,60.0,0,I,MELB_URBAN,ROAD,6,11.0
177501,1,5,147,5,1,60.0,0,N,MELB_URBAN,STREET,6,15.0
177502,1,6,113,2,1,80.0,0,I,RURAL_VICTORIA,HIGHWAY,6,13.0
177503,1,5,99,2,1,40.0,0,I,MELB_URBAN,STREET,6,11.0
177504,6,6,174,5,1,50.0,0,N,MELB_URBAN,OTHER,6,13.0
177505,6,3,99,2,1,80.0,0,O,MELB_URBAN,UNKNOWN,6,15.0
177506,4,5,171,5,1,100.0,0,N,MELB_URBAN,ROAD,6,17.0
177507,1,5,130,5,1,100.0,0,N,MELB_URBAN,RAMP,6,14.0
177508,1,6,121,1,1,60.0,0,I,MELB_URBAN,ROAD,6,17.0
177509,1,6,99,2,1,60.0,0,I,MELB_URBAN,ROAD,6,16.0
177510,4,6,173,5,5,100.0,0,N,RURAL_VICTORIA,ROAD,6,17.0
177511,1,5,130,5,1,60.0,0,N,LARGE_PROVINCIAL_CITIES,STREET,6,13.0
177512,1,6,130,4,2,60.0,0,I,RURAL_VICTORIA,HIGHWAY,5,6.0
177513,4,6,171,5,5,100.0,0,N,RURAL_VICTORIA,ROAD,6,19.0
177514,1,6,120,1,2,80.0,0,I,RURAL_VICTORIA,ROAD,6,16.0
177515,1,6,120,5,2,100.0,0,N,RURAL_VICTORIA,ROAD,6,17.0
177516,1,6,121,1,3,60.0,0,I,MELB_URBAN,STREET,6,20.0
177517,1,6,121,1,3,60.0,0,I,MELB_URBAN,ROAD,6,18.0
177518,1,6,130,5,5,80.0,0,N,MELB_URBAN,HIGHWAY,6,22.0
177519,4,7,99,2,3,60.0,0,I,MELB_URBAN,STREET,6,0.0
177520,2,6,100,5,3,60.0,1,N,MELB_URBAN,ROAD,6,21.0
177521,2,3,100,2,1,60.0,0,I,MELB_URBAN,ROAD,3,9.0
177522,1,4,111,2,1,60.0,0,I,MELB_URBAN,ROAD,5,16.0
177523,1,6,163,5,3,40.0,0,N,MELB_URBAN,STREET,6,20.0
177524,1,4,130,5,3,60.0,0,I,MELB_URBAN,RAMP,4,21.0
177525,4,6,171,5,3,60.0,0,N,MELB_URBAN,ROAD,6,6.0
177526,1,0,120,5,1,100.0,0,N,RURAL_VICTORIA,ROAD,4,7.0
177527,6,7,174,5,1,40.0,0,N,MELB_URBAN,STREET,6,10.0
177528,3,6,167,5,1,100.0,0,N,RURAL_VICTORIA,HIGHWAY,6,9.0
177529,4,7,173,1,2,60.0,0,I,MELB_URBAN,OTHER,6,7.0
177530,1,7,121,2,1,70.0,0,I,MELB_URBAN,STREET,6,9.0
177531,1,6,130,1,1,60.0,0,N,MELB_URBAN,ROAD,4,13.0
177532,1,7,110,1,1,50.0,0,I,MELB_URBAN,STREET,6,10.0
177533,2,7,100,5,6,60.0,0,N,TOWNS,ROAD,9,21.0
177534,6,7,174,5,1,100.0,0,N,RURAL_VICTORIA,ROAD,6,10.0
177535,1,7,116,2,1,60.0,0,I,MELB_URBAN,ROAD,6,10.0
177536,1,7,121,1,1,60.0,0,I,MELB_URBAN,STREET,6,10.0
177537,4,7,171,5,1,60.0,0,N,MELB_URBAN,STREET,6,11.0
177538,1,4,130,5,9,50.0,0,N,MELB_URBAN,ROAD,5,17.0
177539,1,7,121,1,1,60.0,0,I,RURAL_VICTORIA,OTHER,6,11.0
177540,1,7,99,5,1,80.0,0,N,MELB_URBAN,ROAD,6,11.0
177541,1,2,130,5,1,60.0,0,N,RURAL_VICTORIA,ROAD,5,7.0
177542,1,5,111,2,1,60.0,0,I,LARGE_PROVINCIAL_CITIES,OTHER,3,8.0
177543,1,7,121,1,1,80.0,0,N,MELB_URBAN,ROAD,6,13.0
177544,1,6,113,2,1,60.0,0,I,MELB_URBAN,ROAD,6,13.0
177545,1,6,99,5,1,40.0,0,N,MELBOURNE_CBD,STREET,6,16.0
177546,1,7,99,2,1,60.0,0,I,MELB_URBAN,ROAD,6,13.0
177547,1,7,130,5,1,100.0,0,N,RURAL_VICTORIA,HIGHWAY,6,12.0
177548,6,5,99,5,5,60.0,0,N,MELB_URBAN,ROAD,5,18.0
177549,1,7,111,1,1,60.0,0,I,MELB_URBAN,ROAD,6,10.0
177550,4,7,181,5,1,50.0,0,N,MELB_URBAN,AVENUE,5,11.0
177551,1,3,130,1,2,60.0,0,I,MELB_URBAN,ROAD,5,17.0
177552,4,7,99,5,1,100.0,0,N,RURAL_VICTORIA,ROAD,6,13.0
177553,4,7,99,5,3,60.0,0,N,MELB_URBAN,ROAD,6,0.0
177554,2,6,100,5,1,40.0,0,N,SMALL_CITIES,AVENUE,6,10.0
177555,4,7,181,5,1,60.0,0,N,RURAL_VICTORIA,ROAD,6,15.0
177556,1,7,113,2,1,80.0,0,I,MELB_URBAN,ROAD,6,13.0
177557,4,7,181,5,3,60.0,0,N,MELB_URBAN,DRIVE,6,20.0
177558,2,7,102,5,3,80.0,0,N,MELB_URBAN,ROAD,6,21.0
177559,1,7,132,2,5,60.0,0,I,MELB_URBAN,ROAD,6,20.0
177560,1,7,110,1,3,80.0,0,I,MELB_URBAN,ROAD,6,22.0
177561,1,5,121,2,2,60.0,0,I,MELB_URBAN,ROAD,5,6.0
177562,4,1,181,5,5,50.0,0,N,LARGE_PROVINCIAL_CITIES,PARADE,6,0.0
177563,1,0,110,1,3,40.0,0,I,MELB_URBAN,STREET,6,3.0
177564,1,6,113,2,3,60.0,0,I,MELB_URBAN,ROAD,6,6.0
177565,4,1,171,5,3,50.0,1,N,MELB_URBAN,AVENUE,6,3.0
177566,1,1,121,2,3,60.0,0,I,MELB_URBAN,ROAD,6,3.0
177567,1,7,110,1,1,100.0,0,I,RURAL_VICTORIA,ROAD,6,9.0
177568,4,0,99,5,3,60.0,0,N,MELB_URBAN,OTHER,6,3.0
177569,1,7,113,2,1,70.0,0,I,MELB_URBAN,ROAD,6,12.0
177570,1,6,99,5,1,60.0,0,N,SMALL_CITIES,ROAD,5,14.0
177571,4,1,183,5,1,70.0,0,N,RURAL_VICTORIA,ROAD,6,9.0
177572,3,5,167,5,2,100.0,0,N,RURAL_VICTORIA,ROAD,6,7.0
177573,4,1,171,5,1,60.0,0,N,MELB_URBAN,STREET,6,10.0
177574,1,1,110,1,1,60.0,0,I,SMALL_CITIES,PARADE,6,12.0
177575,1,1,110,1,1,70.0,0,I,MELB_URBAN,ROAD,6,11.0
177576,1,7,110,1,5,60.0,0,I,MELB_URBAN,ROAD,6,20.0
177577,1,1,113,2,1,60.0,0,I,LARGE_PROVINCIAL_CITIES,ROAD,6,13.0
177578,8,1,99,5,1,100.0,0,N,RURAL_VICTORIA,ROAD,6,12.0
177579,4,1,171,5,1,80.0,0,N,RURAL_VICTORIA,ROAD,6,12.0
177580,1,1,160,5,1,60.0,0,N,MELB_URBAN,ROAD,6,14.0
177581,1,2,130,2,1,60.0,0,I,MELB_URBAN,STREET,5,10.0
177582,1,1,110,1,1,50.0,0,I,TOWNS,STREET,6,14.0
177583,1,0,140,5,1,100.0,0,N,RURAL_VICTORIA,ROAD,6,10.0
177584,1,1,113,2,2,60.0,1,I,MELB_URBAN,OTHER,6,16.0
177585,1,1,121,5,3,80.0,0,N,MELB_URBAN,HIGHWAY,6,19.0
177586,1,6,134,5,2,100.0,0,N,MELB_URBAN,FREEWAY,6,18.0
177587,1,1,130,2,3,60.0,0,N,TOWNS,ROAD,6,19.0
177588,1,1,134,5,3,60.0,0,N,MELB_URBAN,ROAD,6,20.0
177589,4,1,99,5,5,100.0,0,N,RURAL_VICTORIA,HIGHWAY,6,19.0
177590,4,1,99,2,3,70.0,0,N,MELB_URBAN,ROAD,6,19.0
177591,1,1,110,1,3,80.0,0,I,MELB_URBAN,ROAD,6,22.0
177592,4,1,171,5,5,60.0,0,N,RURAL_VICTORIA,ROAD,6,23.0
177593,1,6,130,5,1,60.0,0,I,MELB_URBAN,HIGHWAY,6,13.0
177594,6,6,184,5,1,60.0,0,N,RURAL_VICTORIA,ROAD,6,13.0
177595,1,1,121,2,1,80.0,0,N,MELB_URBAN,ROAD,6,9.0
177596,1,1,110,1,1,70.0,0,I,MELB_URBAN,ROAD,5,10.0
177597,1,6,133,5,1,50.0,0,N,MELB_URBAN,OTHER,6,12.0
177598,1,2,113,1,1,80.0,0,N,MELB_URBAN,ROAD,6,9.0
177599,1,2,121,1,1,40.0,0,I,MELBOURNE_CBD,STREET,6,14.0
177600,1,2,99,5,1,100.0,0,N,MELB_URBAN,FREEWAY,6,14.0
177601,1,4,135,1,1,80.0,0,N,MELB_URBAN,OTHER,5,7.0
177602,7,6,99,5,2,70.0,0,N,MELB_URBAN,ROAD,4,18.0
177603,1,0,130,1,1,80.0,0,I,MELB_URBAN,OTHER,6,11.0
177604,1,2,132,2,1,50.0,0,I,LARGE_PROVINCIAL_CITIES,ROAD,6,15.0
177605,6,2,99,5,1,100.0,0,N,RURAL_VICTORIA,ROAD,6,14.0
177606,4,2,171,1,1,100.0,0,I,RURAL_VICTORIA,ROAD,6,15.0
177607,1,1,99,5,1,50.0,0,N,MELB_URBAN,STREET,6,12.0
177608,1,2,130,5,4,110.0,0,N,SMALL_CITIES,FREEWAY,6,17.0
177609,1,2,120,5,5,70.0,0,N,RURAL_VICTORIA,ROAD,6,19.0
177610,5,1,99,5,5,80.0,0,N,SMALL_CITIES,HIGHWAY,6,20.0
177611,1,2,110,1,3,60.0,0,I,LARGE_PROVINCIAL_CITIES,ROAD,6,22.0
177612,4,1,173,5,3,60.0,0,N,RURAL_VICTORIA,DRIVE,6,21.0
177613,6,2,174,2,3,60.0,0,I,MELB_URBAN,ROAD,6,22.0
177614,4,3,173,5,3,70.0,0,N,MELB_URBAN,ROAD,6,0.0
177615,4,3,171,5,5,50.0,0,N,MELB_URBAN,DRIVE,8,6.0
177616,1,1,110,1,1,100.0,0,I,RURAL_VICTORIA,ROAD,6,14.0
177617,1,3,99,2,1,80.0,0,I,MELB_URBAN,DRIVE,6,8.0
177618,2,5,100,1,1,50.0,0,I,LARGE_PROVINCIAL_CITIES,STREET,5,16.0
177619,5,3,99,5,5,100.0,0,N,RURAL_VICTORIA,ROAD,6,6.0
177620,1,6,121,1,1,70.0,0,I,MELB_URBAN,ROAD,6,16.0
177621,2,2,100,5,1,60.0,0,N,MELB_URBAN,STREET,6,10.0
177622,1,5,132,2,3,80.0,0,I,MELB_URBAN,ROAD,6,17.0
177623,1,5,130,5,1,100.0,0,N,RURAL_VICTORIA,FREEWAY,6,8.0
177624,2,3,100,1,3,80.0,0,I,MELB_URBAN,ROAD,6,6.0
177625,1,4,135,5,1,50.0,0,N,MELB_URBAN,ROAD,5,16.0
177626,2,2,102,2,1,80.0,0,I,MELB_URBAN,ROAD,6,10.0
177627,1,1,99,5,1,60.0,0,N,MELB_URBAN,STREET,6,13.0
177628,6,1,184,5,1,100.0,0,N,RURAL_VICTORIA,ROAD,6,11.0
177629,1,3,110,1,1,40.0,0,I,SMALL_CITIES,DRIVE,5,16.0
177630,2,3,100,5,1,60.0,0,N,MELB_URBAN,HIGHWAY,6,14.0
177631,5,3,99,5,1,60.0,0,N,RURAL_VICTORIA,ROAD,6,13.0
177632,1,4,99,5,1,50.0,0,N,MELB_URBAN,OTHER,2,17.0
177633,4,2,183,5,2,110.0,0,N,RURAL_VICTORIA,HIGHWAY,6,7.0
177634,1,5,120,5,2,50.0,0,N,MELB_URBAN,OTHER,5,6.0
177635,3,6,167,2,5,100.0,0,I,RURAL_VICTORIA,ROAD,6,19.0
177636,4,2,181,5,1,100.0,0,N,RURAL_VICTORIA,RAMP,6,14.0
177637,1,1,99,2,1,60.0,0,I,MELB_URBAN,ROAD,6,14.0
177638,1,2,121,1,3,40.0,0,I,MELBOURNE_CBD,STREET,6,18.0
177639,4,3,181,5,5,80.0,0,N,MELB_URBAN,HIGHWAY,6,17.0
177640,1,2,99,2,5,60.0,0,I,MELB_URBAN,ROAD,6,18.0
177641,4,3,183,5,5,100.0,0,N,RURAL_VICTORIA,ROAD,6,18.0
177642,1,3,121,1,3,40.0,0,I,MELB_URBAN,STREET,6,18.0
177643,1,3,120,5,1,80.0,0,N,MELB_URBAN,ROAD,6,16.0
177644,1,3,116,1,3,60.0,0,I,SMALL_CITIES,ROAD,6,21.0
177645,2,1,99,5,1,60.0,0,N,MELB_URBAN,ROAD,5,13.0
177646,1,2,116,2,3,40.0,0,I,MELBOURNE_CBD,STREET,6,23.0
177647,2,3,102,1,1,40.0,0,I,MELB_URBAN,ROAD,6,13.0
177648,4,3,99,4,3,60.0,0,I,TOWNS,ROAD,6,1.0
177649,4,1,171,5,5,50.0,0,N,MELB_URBAN,DRIVE,6,21.0
177650,1,5,140,5,3,40.0,0,N,MELB_URBAN,STREET,4,2.0
177651,4,4,181,5,2,100.0,0,N,RURAL_VICTORIA,ROAD,6,7.0
177652,3,5,167,5,1,100.0,0,N,RURAL_VICTORIA,OTHER,6,7.0
177653,1,3,130,5,1,100.0,0,N,MELB_URBAN,FREEWAY,6,9.0
177654,1,4,163,5,1,50.0,0,N,MELB_URBAN,ROAD,4,13.0
177655,5,4,99,5,1,100.0,0,N,RURAL_VICTORIA,ROAD,6,8.0
177656,1,3,135,5,1,50.0,0,N,MELB_URBAN,ROAD,6,9.0
177657,1,4,113,2,1,80.0,0,I,MELB_URBAN,ROAD,6,9.0
177658,4,4,173,2,1,80.0,0,I,SMALL_CITIES,HIGHWAY,6,10.0
177659,5,1,99,5,1,60.0,0,I,RURAL_VICTORIA,OTHER,6,16.0
177660,1,3,130,1,1,60.0,0,I,MELB_URBAN,ROAD,4,13.0
177661,1,3,111,2,1,50.0,0,I,MELB_URBAN,OTHER,6,8.0
177662,1,5,130,1,1,60.0,0,N,MELB_URBAN,ROAD,6,7.0
177663,4,4,171,5,1,60.0,0,N,MELB_URBAN,ROAD,6,11.0
177664,2,4,100,5,1,40.0,0,N,MELB_URBAN,ROAD,6,12.0
177665,1,4,121,1,1,60.0,0,N,MELB_URBAN,ROAD,6,12.0
177666,1,4,160,5,1,50.0,0,N,RURAL_VICTORIA,STREET,6,10.0
177667,1,1,130,5,1,100.0,0,N,MELB_URBAN,FREEWAY,5,7.0
177668,2,4,102,1,3,60.0,0,I,MELB_URBAN,OTHER,6,7.0
177669,6,6,174,5,1,60.0,0,N,RURAL_VICTORIA,OTHER,5,14.0
177670,2,1,100,5,1,30.0,0,N,MELB_URBAN,OTHER,6,12.0
177671,5,4,99,5,1,80.0,1,N,RURAL_VICTORIA,ROAD,6,9.0
177672,6,0,99,5,2,60.0,0,N,RURAL_VICTORIA,ROAD,6,17.0
177673,1,4,116,2,1,100.0,0,I,RURAL_VICTORIA,ROAD,3,13.0
177674,1,4,147,5,1,50.0,0,N,MELB_URBAN,AVENUE,6,13.0
177675,1,1,110,1,1,60.0,0,I,RURAL_VICTORIA,STREET,1,11.0
177676,1,3,130,5,2,100.0,0,N,MELB_URBAN,UNKNOWN,6,17.0
177677,1,4,121,5,1,100.0,0,N,RURAL_VICTORIA,HIGHWAY,6,15.0
177678,4,4,183,5,5,60.0,0,N,RURAL_VICTORIA,ROAD,6,19.0
177679,1,4,130,5,1,40.0,0,N,RURAL_VICTORIA,ROAD,6,16.0
177680,1,4,121,1,3,80.0,0,I,LARGE_PROVINCIAL_CITIES,HIGHWAY,6,19.0
177681,1,6,121,1,1,40.0,0,I,MELB_URBAN,STREET,6,14.0
177682,1,4,130,5,3,100.0,0,N,MELB_URBAN,FREEWAY,6,17.0
177683,1,4,99,1,3,60.0,0,N,MELB_URBAN,ROAD,5,21.0
177684,1,4,135,5,2,80.0,0,N,MELB_URBAN,ROAD,6,17.0
177685,1,3,130,5,3,80.0,0,N,MELB_URBAN,HIGHWAY,6,18.0
177686,1,4,121,1,3,60.0,0,I,LARGE_PROVINCIAL_CITIES,OTHER,6,18.0
177687,1,4,132,2,3,60.0,0,I,MELB_URBAN,STREET,6,20.0
177688,6,2,174,5,3,80.0,0,N,MELB_URBAN,ROAD,6,21.0
177689,1,4,110,4,3,60.0,0,O,MELB_URBAN,UNKNOWN,6,23.0
177690,4,3,171,5,1,80.0,0,N,RURAL_VICTORIA,ROAD,11,13.0
177691,6,5,184,5,3,80.0,0,N,MELB_URBAN,ROAD,6,0.0
177692,1,4,121,1,1,60.0,0,I,MELB_URBAN,ROAD,5,7.0
177693,1,4,120,2,1,60.0,0,N,MELB_URBAN,ROAD,6,10.0
177694,1,4,130,5,1,80.0,0,N,RURAL_VICTORIA,ROAD,6,7.0
177695,1,4,130,5,1,80.0,0,N,MELB_URBAN,FREEWAY,6,16.0
177696,6,1,99,5,1,100.0,0,I,RURAL_VICTORIA,UNKNOWN,6,12.0
177697,1,5,113,2,2,60.0,0,I,RURAL_VICTORIA,HIGHWAY,6,7.0
177698,8,2,174,5,1,60.0,0,N,MELB_URBAN,ROAD,6,10.0
177699,1,5,110,1,2,60.0,0,I,MELB_URBAN,ROAD,6,5.0
177700,1,6,111,1,1,50.0,0,I,SMALL_CITIES,STREET,5,7.0
177701,1,5,120,5,1,100.0,0,N,RURAL_VICTORIA,HIGHWAY,6,8.0
177702,2,5,99,5,1,60.0,0,N,MELB_URBAN,ROAD,6,11.0
177703,1,5,130,5,1,60.0,0,N,LARGE_PROVINCIAL_CITIES,ROAD,6,9.0
177704,1,5,130,2,1,60.0,0,I,MELB_URBAN,ROAD,6,11.0
177705,1,5,132,1,1,70.0,0,I,MELB_URBAN,ROAD,6,10.0
177706,8,5,174,5,1,60.0,0,N,MELB_URBAN,STREET,6,12.0
177707,1,5,99,5,1,60.0,0,N,SMALL_CITIES,STREET,6,10.0
177708,1,5,113,2,1,80.0,0,I,MELB_URBAN,HIGHWAY,6,8.0
177709,1,7,147,5,1,60.0,0,N,MELB_URBAN,ROAD,4,11.0
177710,1,6,160,2,1,50.0,0,I,MELB_URBAN,STREET,5,10.0
177711,1,5,147,5,1,50.0,0,N,MELB_URBAN,ROAD,6,11.0
177712,1,3,130,5,2,60.0,0,N,SMALL_CITIES,HIGHWAY,6,16.0
177713,1,6,99,1,3,70.0,0,I,MELB_URBAN,ROAD,6,18.0
177714,3,6,167,5,5,100.0,0,N,RURAL_VICTORIA,ROAD,6,18.0
177715,1,3,147,5,3,60.0,0,I,MELB_URBAN,HIGHWAY,6,18.0
177716,1,5,113,2,1,60.0,0,I,MELB_URBAN,ROAD,6,14.0
177717,1,5,99,2,3,50.0,0,N,MELB_URBAN,OTHER,6,17.0
177718,6,1,99,5,1,60.0,0,N,SMALL_CITIES,ROAD,6,14.0
177719,1,5,140,5,1,80.0,0,N,MELB_URBAN,HIGHWAY,6,16.0
177720,1,2,99,2,1,40.0,0,I,MELB_URBAN,ROAD,5,14.0
177721,1,5,132,2,1,60.0,0,I,SMALL_CITIES,STREET,6,14.0
177722,2,5,102,1,4,60.0,0,I,MELB_URBAN,ROAD,6,17.0
177723,1,2,133,1,1,60.0,0,I,LARGE_PROVINCIAL_CITIES,ROAD,5,12.0
177724,1,5,110,1,3,60.0,0,I,MELB_URBAN,ROAD,6,18.0
177725,1,5,121,1,3,60.0,0,I,LARGE_PROVINCIAL_CITIES,ROAD,6,18.0
177726,1,5,140,5,3,60.0,0,N,MELB_URBAN,STREET,6,18.0
177727,1,5,130,5,3,100.0,0,N,MELB_URBAN,RAMP,6,18.0
177728,1,5,120,5,1,70.0,0,N,RURAL_VICTORIA,ROAD,6,15.0
177729,2,5,99,5,3,60.0,0,N,TOWNS,ROAD,6,20.0
177730,1,5,130,5,3,60.0,0,N,MELB_URBAN,RAMP,6,17.0
177731,4,5,181,5,5,80.0,0,N,RURAL_VICTORIA,ROAD,6,19.0
177732,2,4,100,1,2,60.0,0,I,MELB_URBAN,ROAD,6,17.0
177733,1,5,120,5,5,80.0,0,N,RURAL_VICTORIA,FREEWAY,6,18.0
177734,1,5,121,1,3,60.0,0,N,MELB_URBAN,ROAD,6,21.0
177735,1,5,99,5,3,60.0,0,N,LARGE_PROVINCIAL_CITIES,STREET,6,22.0
177736,1,5,99,2,3,40.0,0,N,MELBOURNE_CBD,OTHER,6,23.0
177737,4,1,171,5,3,60.0,0,N,MELB_URBAN,ROAD,5,5.0
177738,1,6,160,5,5,50.0,0,N,MELB_URBAN,ROAD,6,0.0
177739,1,5,173,5,3,40.0,0,N,SMALL_TOWNS,STREET,6,23.0
177740,4,6,171,5,3,60.0,0,N,MELB_URBAN,ROAD,6,1.0
177741,1,6,110,1,3,60.0,0,I,MELB_URBAN,ROAD,6,5.0
177742,1,6,173,5,2,50.0,0,N,MELB_URBAN,DRIVE,6,6.0
177743,1,4,130,2,1,50.0,0,N,MELB_URBAN,STREET,7,10.0
177744,4,7,99,2,3,50.0,0,I,TOWNS,DRIVE,5,1.0
177745,1,7,147,5,1,40.0,0,N,MELB_URBAN,STREET,5,16.0
177746,1,6,133,1,1,80.0,0,N,MELB_URBAN,FREEWAY,4,14.0
177747,4,6,171,5,1,60.0,0,N,RURAL_VICTORIA,ROAD,6,7.0
177748,1,3,120,1,1,60.0,0,N,LARGE_PROVINCIAL_CITIES,STREET,6,14.0
177749,2,6,99,5,1,40.0,0,N,SMALL_CITIES,STREET,6,9.0
177750,4,6,173,5,1,100.0,0,N,RURAL_VICTORIA,ROAD,6,9.0
177751,1,5,130,5,1,50.0,0,N,LARGE_PROVINCIAL_CITIES,STREET,6,11.0
177752,1,6,99,5,1,40.0,0,N,MELB_URBAN,ROAD,6,13.0
177753,1,6,99,2,1,50.0,0,I,MELB_URBAN,ROAD,6,12.0
177754,1,0,173,5,1,50.0,0,N,MELB_URBAN,OTHER,5,8.0
177755,1,3,130,1,3,60.0,0,I,MELB_URBAN,STREET,6,18.0
177756,2,5,99,5,1,50.0,0,N,MELB_URBAN,OTHER,6,13.0
177757,1,6,110,1,1,80.0,0,I,RURAL_VICTORIA,ROAD,6,10.0
177758,1,5,130,5,2,80.0,0,N,MELB_URBAN,OTHER,5,6.0
177759,1,2,134,5,2,100.0,0,N,MELB_URBAN,ROAD,5,7.0
177760,2,1,99,5,1,60.0,0,N,MELB_URBAN,ROAD,5,10.0
177761,1,5,130,5,1,60.0,0,N,LARGE_PROVINCIAL_CITIES,ROAD,6,13.0
177762,1,6,121,5,1,80.0,0,N,MELB_URBAN,ROAD,6,14.0
177763,4,5,183,2,3,60.0,0,N,MELB_URBAN,HIGHWAY,4,22.0
177764,1,6,110,1,1,50.0,0,I,MELB_URBAN,AVENUE,6,14.0
177765,2,6,102,1,1,40.0,0,I,MELB_URBAN,BOULEVARD,6,16.0
177766,4,6,183,5,1,80.0,1,N,MELB_URBAN,RAMP,6,14.0
177767,1,5,130,5,1,40.0,0,N,SMALL_CITIES,STREET,6,8.0
177768,4,6,173,5,1,80.0,1,N,RURAL_VICTORIA,ROAD,6,12.0
177769,1,6,110,1,3,60.0,0,I,MELB_URBAN,STREET,6,17.0
177770,1,6,130,5,3,70.0,0,N,MELB_URBAN,ROAD,6,17.0
177771,1,6,130,5,1,80.0,0,N,MELB_URBAN,FREEWAY,6,17.0
177772,1,5,130,1,1,80.0,0,N,MELB_URBAN,ROAD,6,9.0
177773,1,3,134,1,1,60.0,0,N,LARGE_PROVINCIAL_CITIES,ROAD,6,17.0
177774,1,5,116,2,3,80.0,0,N,MELB_URBAN,ROAD,6,17.0
177775,1,6,130,5,3,80.0,0,N,MELB_URBAN,HIGHWAY,6,19.0
177776,1,6,121,2,3,70.0,0,I,SMALL_CITIES,DRIVE,6,20.0
177777,6,6,99,5,5,60.0,0,N,RURAL_VICTORIA,ROAD,6,17.0
177778,1,1,113,2,1,50.0,0,I,MELB_URBAN,STREET,4,11.0
177779,2,6,100,5,5,80.0,1,N,MELB_URBAN,HIGHWAY,6,19.0
177780,1,6,121,1,3,60.0,0,I,MELB_URBAN,ROAD,6,18.0
177781,1,0,121,1,3,60.0,0,I,MELB_URBAN,STREET,6,23.0
177782,8,6,174,2,1,60.0,0,N,MELB_URBAN,ROAD,6,14.0
177783,1,6,130,5,3,60.0,0,N,MELB_URBAN,STREET,6,23.0
177784,1,6,160,5,3,60.0,0,N,MELB_URBAN,ROAD,6,0.0
177785,1,5,121,1,2,80.0,0,I,MELB_URBAN,HIGHWAY,6,7.0
177786,1,5,121,2,1,60.0,0,I,RURAL_VICTORIA,HIGHWAY,6,11.0
177787,2,5,99,5,1,40.0,0,N,RURAL_VICTORIA,ROAD,6,11.0
177788,1,5,130,5,4,50.0,0,N,LARGE_PROVINCIAL_CITIES,STREET,6,19.0
177789,1,7,99,5,2,50.0,0,N,MELB_URBAN,STREET,6,7.0
177790,1,6,110,1,1,60.0,0,I,MELB_URBAN,STREET,6,11.0
177791,1,7,121,2,1,100.0,0,I,RURAL_VICTORIA,ROAD,6,10.0
177792,5,7,99,5,1,100.0,0,N,RURAL_VICTORIA,HIGHWAY,6,10.0
177793,1,7,121,1,1,60.0,0,I,MELB_URBAN,ROAD,5,16.0
177794,1,7,120,5,1,60.0,0,N,MELB_URBAN,HIGHWAY,6,12.0
177795,1,7,116,1,1,70.0,0,I,MELB_URBAN,DRIVE,6,8.0
177796,8,5,170,5,1,60.0,0,N,MELB_URBAN,STREET,6,9.0
177797,1,7,99,5,1,70.0,0,N,RURAL_VICTORIA,ROAD,6,12.0
177798,1,3,99,5,1,50.0,0,N,MELB_URBAN,ROAD,1,9.0
177799,1,5,130,5,2,90.0,0,N,RURAL_VICTORIA,ROAD,6,17.0
177800,2,6,100,1,1,60.0,0,O,MELB_URBAN,UNKNOWN,6,15.0
177801,3,6,167,5,1,100.0,0,N,RURAL_VICTORIA,HIGHWAY,6,7.0
177802,2,7,100,1,1,40.0,0,I,MELB_URBAN,ROAD,6,13.0
177803,1,6,130,5,1,110.0,0,N,TOWNS,FREEWAY,6,16.0
177804,1,7,110,1,2,50.0,0,I,TOWNS,STREET,6,16.0
177805,4,7,173,5,1,100.0,0,N,RURAL_VICTORIA,OTHER,6,14.0
177806,1,6,121,2,1,60.0,0,I,MELB_URBAN,ROAD,6,12.0
177807,2,7,100,1,3,60.0,0,I,MELB_URBAN,ROAD,6,19.0
177808,1,7,147,5,2,60.0,0,N,MELB_URBAN,ROAD,6,17.0
177809,1,7,99,2,3,60.0,0,I,MELB_URBAN,ROAD,6,18.0
177810,1,6,130,1,3,100.0,0,N,MELB_URBAN,FREEWAY,6,17.0