,accident_type,day_of_week,dca_code,road_geometry,light_condition,speed_zone,severity,node_type,deg_urban_name,road_type,month,hour
177811,1,7,130,2,3,80.0,0,I,MELB_URBAN,ROAD,6,19.0
177812,1,1,120,5,6,70.0,0,N,RURAL_VICTORIA,HIGHWAY,4,20.0
177813,1,7,160,5,5,60.0,0,N,MELB_URBAN,STREET,6,21.0
177814,1,7,121,1,3,60.0,0,I,MELB_URBAN,ROAD,6,20.0
177815,4,6,171,5,3,60.0,0,N,MELB_URBAN,ROAD,6,21.0
177816,1,4,130,5,3,60.0,0,N,MELB_URBAN,STREET,6,22.0
177817,4,7,181,5,5,60.0,0,N,MELB_URBAN,ROAD,6,23.0
177818,1,6,99,4,1,70.0,0,I,MELB_URBAN,AVENUE,4,14.0
177819,4,1,99,2,4,50.0,0,N,MELB_URBAN,OTHER,6,7.0
177820,1,6,99,2,1,60.0,0,N,MELB_URBAN,ROAD,6,14.0
177821,6,7,170,5,1,100.0,0,N,RURAL_VICTORIA,ROAD,6,11.0
177822,1,1,113,2,1,60.0,0,N,RURAL_VICTORIA,ROAD,6,8.0
177823,6,1,174,5,1,100.0,0,N,RURAL_VICTORIA,ROAD,6,9.0
177824,4,1,181,5,1,80.0,0,N,RURAL_VICTORIA,ROAD,6,10.0
177825,6,7,174,5,1,60.0,0,N,TOWNS,ROAD,6,13.0
177826,6,0,184,5,1,80.0,0,N,RURAL_VICTORIA,ROAD,6,10.0
177827,1,1,133,1,1,60.0,0,I,MELB_URBAN,STREET,6,13.0
177828,1,1,99,1,1,40.0,0,I,MELB_URBAN,STREET,6,12.0
177829,1,0,121,1,1,40.0,0,I,MELB_URBAN,STREET,6,13.0
177830,1,1,120,5,1,100.0,0,N,RURAL_VICTORIA,ROAD,6,11.0
177831,2,1,102,5,1,70.0,1,N,MELB_URBAN,ROAD,6,10.0
177832,1,1,99,2,1,60.0,0,N,LARGE_PROVINCIAL_CITIES,STREET,6,12.0
177833,1,1,99,2,1,100.0,0,I,RURAL_VICTORIA,ROAD,6,13.0
177834,1,3,130,5,1,60.0,0,N,MELB_URBAN,FREEWAY,6,17.0
177835,4,1,181,5,1,100.0,0,N,RURAL_VICTORIA,ROAD,6,15.0
177836,6,1,174,5,1,100.0,0,N,RURAL_VICTORIA,OTHER,6,13.0
177837,1,7,130,1,3,80.0,0,I,MELB_URBAN,HIGHWAY,6,21.0
177838,4,1,173,5,1,100.0,0,N,MELB_URBAN,RAMP,6,14.0
177839,3,1,167,5,5,100.0,0,N,RURAL_VICTORIA,ROAD,6,18.0
177840,1,1,121,2,3,60.0,0,I,MELB_URBAN,ROAD,6,18.0
177841,1,7,130,1,3,60.0,0,N,MELB_URBAN,STREET,6,22.0
177842,4,1,171,1,3,60.0,0,I,RURAL_VICTORIA,ROAD,6,19.0
177843,1,0,121,2,2,60.0,0,I,MELB_URBAN,ROAD,6,16.0
177844,1,1,130,5,1,60.0,0,N,MELB_URBAN,ROAD,6,16.0
177845,3,1,167,5,5,80.0,0,N,RURAL_VICTORIA,ROAD,6,18.0
177846,1,7,130,3,1,60.0,0,N,MELB_URBAN,ROAD,6,7.0
177847,1,1,121,1,1,70.0,0,I,MELB_URBAN,ROAD,6,15.0
177848,4,4,173,5,1,100.0,0,N,RURAL_VICTORIA,ROAD,3,17.0
177849,1,2,160,5,3,50.0,0,N,MELB_URBAN,ROAD,6,3.0
177850,1,3,130,5,1,100.0,0,N,MELB_URBAN,FREEWAY,4,14.0
177851,1,2,99,1,1,100.0,0,I,RURAL_VICTORIA,STREET,6,8.0
177852,1,2,99,2,1,50.0,0,N,SMALL_CITIES,OTHER,6,8.0
177853,1,2,116,2,2,80.0,0,I,MELB_URBAN,FREEWAY,6,7.0
177854,5,6,99,5,1,60.0,0,N,RURAL_VICTORIA,ROAD,6,16.0
177855,1,2,99,2,1,100.0,0,N,RURAL_VICTORIA,ROAD,6,6.0
177856,2,2,102,5,1,60.0,0,I,RURAL_VICTORIA,ROAD,6,8.0
177857,1,7,130,5,1,40.0,0,N,MELB_URBAN,UNKNOWN,6,13.0
177858,4,1,183,5,4,60.0,0,N,RURAL_VICTORIA,ROAD,6,18.0
177859,2,0,100,5,1,40.0,0,N,MELB_URBAN,ROAD,6,17.0
177860,4,1,173,5,1,80.0,0,N,SMALL_CITIES,ROAD,6,10.0
177861,1,2,121,1,2,40.0,0,I,MELBOURNE_CBD,STREET,6,7.0
177862,1,2,99,1,1,60.0,0,I,MELB_URBAN,PARADE,6,9.0
177863,6,2,99,5,1,70.0,0,N,MELB_URBAN,ROAD,6,8.0
177864,1,1,140,5,2,60.0,0,N,MELB_URBAN,PARADE,6,18.0
177865,4,5,171,5,1,60.0,0,N,LARGE_PROVINCIAL_CITIES,ROAD,7,9.0
177866,1,4,130,5,6,100.0,0,N,MELB_URBAN,FREEWAY,6,6.0
177867,1,2,160,5,1,50.0,0,N,MELB_URBAN,STREET,6,12.0
177868,1,5,99,1,1,60.0,0,I,TOWNS,STREET,6,15.0
177869,1,2,110,1,1,60.0,0,I,MELB_URBAN,ROAD,6,14.0
177870,1,5,121,1,3,50.0,0,I,MELB_URBAN,ROAD,6,18.0
177871,1,2,121,1,1,50.0,0,O,MELB_URBAN,UNKNOWN,6,14.0
177872,1,5,99,2,1,50.0,0,I,MELB_URBAN,AVENUE,6,15.0
177873,1,2,135,5,1,60.0,0,N,MELB_URBAN,ROAD,11,12.0
177874,1,6,99,1,1,70.0,0,N,LARGE_PROVINCIAL_CITIES,STREET,6,9.0
177875,1,1,140,5,1,50.0,0,N,MELB_URBAN,OTHER,6,15.0
177876,1,2,160,5,1,60.0,0,N,MELB_URBAN,DRIVE,6,13.0
177877,1,7,110,1,1,30.0,0,I,MELB_URBAN,STREET,6,13.0
177878,1,1,140,5,1,60.0,0,N,MELB_URBAN,ROAD,6,15.0
177879,1,2,99,5,1,60.0,0,I,MELB_URBAN,ROAD,6,16.0
177880,1,2,135,5,1,80.0,0,N,MELB_URBAN,BOULEVARD,6,6.0
177881,2,2,100,5,1,60.0,1,N,MELB_URBAN,ROAD,6,13.0
177882,2,1,100,5,6,40.0,0,N,MELBOURNE_CBD,STREET,6,21.0
177883,1,4,111,2,1,70.0,0,I,MELB_URBAN,STREET,6,14.0
177884,1,2,130,2,3,80.0,0,I,MELB_URBAN,HIGHWAY,6,21.0
177885,1,2,121,2,3,60.0,0,I,SMALL_CITIES,BOULEVARD,6,19.0
177886,4,3,171,5,1,60.0,0,N,RURAL_VICTORIA,ROAD,6,14.0
177887,1,2,111,2,3,50.0,0,I,MELB_URBAN,AVENUE,6,19.0
177888,3,7,167,5,5,80.0,0,N,RURAL_VICTORIA,BOULEVARD,5,18.0
177889,1,2,113,2,1,60.0,0,I,MELB_URBAN,ROAD,6,15.0
177890,8,7,174,5,1,80.0,0,N,RURAL_VICTORIA,ROAD,6,14.0
177891,1,3,99,5,3,70.0,0,N,MELB_URBAN,ROAD,6,6.0
177892,1,2,140,5,2,80.0,0,N,RURAL_VICTORIA,ROAD,5,6.0
177893,1,2,147,5,1,60.0,0,N,TOWNS,STREET,6,8.0
177894,2,7,102,2,3,50.0,0,I,MELB_URBAN,ROAD,6,17.0
177895,1,3,99,5,1,110.0,0,N,RURAL_VICTORIA,FREEWAY,6,8.0
177896,1,3,121,1,1,70.0,0,N,MELB_URBAN,ROAD,6,10.0
177897,5,3,99,5,1,80.0,0,N,RURAL_VICTORIA,ROAD,6,8.0
177898,4,2,181,5,5,80.0,0,N,RURAL_VICTORIA,ROAD,6,17.0
177899,1,1,133,1,1,30.0,0,I,MELB_URBAN,STREET,6,15.0
177900,2,6,102,1,1,60.0,0,I,MELB_URBAN,ROAD,6,11.0
177901,1,1,130,5,1,60.0,0,N,LARGE_PROVINCIAL_CITIES,ROAD,5,10.0
177902,1,6,130,5,1,100.0,0,N,MELB_URBAN,FREEWAY,6,15.0
177903,1,5,130,5,1,60.0,0,N,LARGE_PROVINCIAL_CITIES,STREET,6,11.0
177904,1,3,181,5,1,60.0,0,N,LARGE_PROVINCIAL_CITIES,ROAD,6,12.0
177905,9,1,99,2,1,60.0,0,I,MELB_URBAN,AVENUE,6,13.0
177906,1,3,110,1,1,60.0,0,I,MELB_URBAN,ROAD,6,12.0
177907,8,2,174,2,3,70.0,0,I,MELB_URBAN,STREET,6,6.0
177908,1,3,173,5,1,50.0,0,N,SMALL_CITIES,STREET,6,13.0
177909,6,1,174,2,1,60.0,0,I,MELB_URBAN,ROAD,6,7.0
177910,1,3,173,5,1,60.0,0,N,MELB_URBAN,STREET,6,14.0
177911,7,5,99,5,9,50.0,0,N,RURAL_VICTORIA,STREET,4,16.0
177912,3,1,167,5,2,60.0,0,N,RURAL_VICTORIA,ROAD,6,17.0
177913,1,3,110,1,1,60.0,0,I,LARGE_PROVINCIAL_CITIES,STREET,6,15.0
177914,8,1,174,5,3,60.0,0,N,MELB_URBAN,ROAD,6,23.0
177915,1,4,130,1,1,60.0,0,I,RURAL_VICTORIA,ROAD,6,15.0
177916,2,2,99,2,1,40.0,0,N,SMALL_CITIES,ROAD,6,12.0
177917,1,2,113,2,3,60.0,0,I,MELB_URBAN,ROAD,6,18.0
177918,1,3,130,2,2,80.0,0,N,MELB_URBAN,DRIVE,6,16.0
177919,1,3,147,5,1,60.0,0,N,MELB_URBAN,ROAD,6,16.0
177920,2,3,99,5,5,50.0,0,N,MELB_URBAN,STREET,6,18.0
177921,3,2,167,5,5,110.0,0,N,RURAL_VICTORIA,FREEWAY,6,18.0
177922,1,3,113,2,3,60.0,0,I,MELB_URBAN,ROAD,6,18.0
177923,1,7,130,5,3,100.0,0,N,MELB_URBAN,FREEWAY,6,6.0
177924,1,3,130,5,1,80.0,0,N,MELB_URBAN,OTHER,6,12.0
177925,1,3,111,1,9,50.0,0,I,MELB_URBAN,STREET,6,20.0
177926,4,2,171,2,3,70.0,0,I,MELB_URBAN,ROAD,6,19.0
177927,1,5,130,5,1,60.0,0,N,MELB_URBAN,ROAD,6,17.0
177928,4,3,171,5,3,100.0,0,N,MELB_URBAN,RAMP,6,18.0
177929,3,3,167,5,5,80.0,0,N,RURAL_VICTORIA,HIGHWAY,6,19.0
177930,1,0,99,1,9,60.0,0,I,MELB_URBAN,ROAD,6,12.0
177931,1,1,130,2,1,60.0,0,I,RURAL_VICTORIA,HIGHWAY,6,12.0
177932,1,6,132,2,1,60.0,0,I,MELB_URBAN,ROAD,6,12.0
177933,4,3,183,5,5,70.0,0,N,TOWNS,ROAD,6,22.0
177934,4,3,173,1,3,80.0,0,I,MELB_URBAN,ROAD,6,23.0
177935,4,3,171,5,5,100.0,0,N,RURAL_VICTORIA,HIGHWAY,6,22.0
177936,3,2,167,5,1,80.0,0,N,RURAL_VICTORIA,ROAD,4,11.0
177937,2,4,100,1,1,40.0,0,I,MELB_URBAN,STREET,6,7.0
177938,1,4,110,1,1,40.0,0,I,MELB_URBAN,STREET,6,8.0
177939,1,4,113,2,5,80.0,0,I,RURAL_VICTORIA,HIGHWAY,6,6.0
177940,5,4,99,5,1,50.0,0,N,MELB_URBAN,OTHER,6,8.0
177941,1,4,130,5,1,80.0,0,N,MELB_URBAN,HIGHWAY,6,9.0
177942,1,6,147,5,5,100.0,0,N,RURAL_VICTORIA,ROAD,6,18.0
177943,1,4,130,5,3,100.0,1,N,MELB_URBAN,FREEWAY,6,6.0
177944,1,3,99,5,1,60.0,0,N,TOWNS,STREET,6,11.0
177945,1,5,99,2,1,60.0,0,I,MELB_URBAN,AVENUE,5,11.0
177946,1,7,134,2,3,60.0,0,N,MELB_URBAN,STREET,4,19.0
177947,2,2,100,1,6,60.0,0,I,MELB_URBAN,ROAD,6,18.0
177948,6,3,170,5,1,100.0,0,N,RURAL_VICTORIA,ROAD,6,10.0
177949,1,4,130,5,5,100.0,0,N,MELB_URBAN,FREEWAY,6,18.0
177950,1,3,140,5,1,60.0,0,N,LARGE_PROVINCIAL_CITIES,STREET,6,11.0
177951,1,5,130,5,3,80.0,0,N,MELB_URBAN,ROAD,5,17.0
177952,1,6,130,1,2,60.0,0,N,MELB_URBAN,ROAD,6,17.0
177953,6,4,174,5,1,40.0,0,N,MELBOURNE_CBD,STREET,6,7.0
177954,1,4,121,5,1,60.0,0,N,MELB_URBAN,ROAD,6,8.0
177955,2,4,100,1,1,40.0,0,O,LARGE_PROVINCIAL_CITIES,UNKNOWN,6,12.0
177956,2,2,100,1,3,60.0,0,I,MELB_URBAN,ROAD,6,21.0
177957,1,7,99,5,1,60.0,0,N,LARGE_PROVINCIAL_CITIES,STREET,3,8.0
177958,6,3,170,5,1,60.0,0,O,RURAL_VICTORIA,UNKNOWN,5,10.0
177959,4,6,171,5,5,100.0,0,N,RURAL_VICTORIA,ROAD,6,21.0
177960,1,4,99,2,1,40.0,0,I,MELB_URBAN,STREET,6,9.0
177961,1,4,99,5,1,60.0,0,N,MELB_URBAN,ROAD,6,15.0
177962,1,4,130,5,1,80.0,0,N,MELB_URBAN,HIGHWAY,6,7.0
177963,1,3,121,1,1,60.0,0,I,MELB_URBAN,ROAD,6,9.0
177964,4,4,173,5,1,100.0,0,N,RURAL_VICTORIA,ROAD,6,14.0
177965,4,6,181,5,1,50.0,0,N,RURAL_VICTORIA,DRIVE,6,17.0
177966,1,4,110,1,1,60.0,0,I,SMALL_CITIES,ROAD,6,14.0
177967,8,4,174,1,1,50.0,0,I,MELB_URBAN,ROAD,6,15.0
177968,1,5,121,2,3,50.0,0,I,MELB_URBAN,STREET,6,18.0
177969,1,4,116,2,3,50.0,0,I,MELB_URBAN,ROAD,6,17.0
177970,1,4,130,2,2,60.0,0,I,MELB_URBAN,ROAD,6,7.0
177971,1,4,110,1,3,40.0,0,I,MELB_URBAN,STREET,6,18.0
177972,4,4,171,1,3,70.0,0,I,LARGE_PROVINCIAL_CITIES,HIGHWAY,6,20.0
177973,1,3,160,5,3,50.0,0,N,MELB_URBAN,PARADE,6,20.0
177974,1,4,99,1,3,70.0,0,I,MELB_URBAN,BOULEVARD,6,19.0
177975,1,4,121,2,1,50.0,0,I,MELB_URBAN,ROAD,6,16.0
177976,4,4,173,5,3,80.0,0,N,MELB_URBAN,RAMP,6,21.0
177977,3,4,167,5,5,100.0,0,N,RURAL_VICTORIA,ROAD,6,0.0
177978,4,4,99,5,3,60.0,0,N,MELB_URBAN,STREET,6,22.0
177979,1,4,120,5,5,80.0,0,N,RURAL_VICTORIA,ROAD,6,3.0
177980,2,5,99,5,1,40.0,0,N,MELB_URBAN,DRIVE,6,8.0
177981,2,4,99,5,1,60.0,0,N,SMALL_CITIES,STREET,6,11.0
177982,1,5,99,1,2,70.0,0,I,LARGE_PROVINCIAL_CITIES,STREET,6,7.0
177983,1,7,130,5,3,100.0,0,N,MELB_URBAN,FREEWAY,6,17.0
177984,2,2,99,5,2,60.0,0,N,MELB_URBAN,ROAD,6,17.0
177985,1,5,99,2,1,60.0,0,I,LARGE_PROVINCIAL_CITIES,ROAD,6,8.0
177986,3,5,167,5,1,60.0,0,N,RURAL_VICTORIA,ROAD,4,13.0
177987,1,5,113,2,1,80.0,0,I,RURAL_VICTORIA,ROAD,6,8.0
177988,1,5,120,2,1,70.0,0,I,MELB_URBAN,ROAD,6,7.0
177989,1,4,130,5,2,100.0,0,I,MELB_URBAN,RAMP,6,6.0
177990,1,3,130,1,5,60.0,0,I,MELB_URBAN,ROAD,5,18.0
177991,2,4,100,2,6,50.0,0,I,MELB_URBAN,STREET,6,19.0
177992,1,5,130,5,1,60.0,0,N,TOWNS,STREET,6,9.0
177993,4,3,171,5,3,50.0,0,N,MELB_URBAN,DRIVE,5,17.0
177994,1,5,121,1,1,60.0,0,I,MELB_URBAN,ROAD,6,13.0
177995,1,6,130,1,1,70.0,0,I,MELB_URBAN,ROAD,2,10.0
177996,1,5,130,5,9,60.0,0,N,MELB_URBAN,STREET,6,19.0
177997,1,2,99,2,3,60.0,0,I,MELB_URBAN,STREET,6,19.0
177998,1,1,130,5,3,60.0,0,N,MELB_URBAN,ROAD,6,18.0
177999,1,5,135,5,1,80.0,0,N,MELB_URBAN,ROAD,6,15.0
178000,1,4,121,2,1,60.0,0,I,MELB_URBAN,ROAD,6,16.0
178001,1,4,130,2,3,40.0,0,I,MELB_URBAN,ROAD,6,18.0
178002,1,4,163,5,3,60.0,0,N,MELB_URBAN,STREET,6,20.0
178003,2,6,102,1,2,80.0,0,I,MELB_URBAN,HIGHWAY,4,6.0
178004,1,5,140,2,3,70.0,0,I,MELB_URBAN,ROAD,6,18.0
178005,1,5,181,5,1,100.0,0,N,MELB_URBAN,FREEWAY,6,16.0
178006,1,5,130,5,3,80.0,0,N,RURAL_VICTORIA,ROAD,6,17.0
178007,2,5,100,5,3,40.0,0,N,MELB_URBAN,STREET,6,18.0
178008,1,5,130,5,6,80.0,0,N,RURAL_VICTORIA,ROAD,6,18.0
178009,1,4,134,5,3,60.0,0,N,MELB_URBAN,ROAD,6,20.0
178010,1,5,130,4,3,60.0,0,I,MELB_URBAN,ROAD,6,18.0
178011,3,5,167,5,3,60.0,0,N,MELB_URBAN,ROAD,6,19.0
178012,6,5,174,5,3,40.0,0,N,MELB_URBAN,STREET,6,20.0
178013,1,6,121,5,1,60.0,0,N,MELB_URBAN,ROAD,5,16.0
178014,1,5,130,5,3,80.0,0,N,MELB_URBAN,HIGHWAY,6,21.0
178015,1,5,99,5,3,100.0,0,N,MELB_URBAN,FREEWAY,6,18.0
178016,1,5,120,5,5,100.0,0,N,RURAL_VICTORIA,ROAD,6,18.0
178017,1,7,121,1,1,60.0,0,I,SMALL_CITIES,ROAD,5,8.0
178018,1,4,120,5,2,60.0,0,N,MELB_URBAN,STREET,6,17.0
178019,1,5,99,5,1,80.0,0,N,RURAL_VICTORIA,HIGHWAY,6,15.0
178020,6,6,174,5,5,110.0,0,N,RURAL_VICTORIA,HIGHWAY,6,6.0
178021,1,3,130,2,1,60.0,0,I,MELB_URBAN,ROAD,6,7.0
178022,1,6,121,5,2,80.0,0,N,MELB_URBAN,HIGHWAY,6,6.0
178023,1,4,140,2,1,70.0,0,I,MELB_URBAN,ROAD,6,14.0
178024,1,4,130,5,1,60.0,0,N,MELB_URBAN,RAMP,6,9.0
178025,1,5,113,2,1,60.0,0,I,MELB_URBAN,ROAD,6,10.0
178026,2,6,99,2,1,50.0,0,I,MELB_URBAN,ROAD,6,10.0
178027,1,4,99,1,1,60.0,0,I,MELB_URBAN,ROAD,6,14.0
178028,2,3,102,2,1,60.0,0,I,MELB_URBAN,UNKNOWN,6,8.0
178029,1,5,121,1,1,60.0,0,O,MELB_URBAN,UNKNOWN,6,12.0
178030,1,6,113,2,1,80.0,0,I,MELB_URBAN,ROAD,6,12.0
178031,1,4,113,1,3,50.0,0,I,MELB_URBAN,ROAD,6,17.0
178032,1,5,113,2,1,70.0,0,I,MELB_URBAN,ROAD,6,11.0
178033,4,6,173,5,1,80.0,0,N,LARGE_PROVINCIAL_CITIES,STREET,6,7.0
178034,1,6,163,5,1,40.0,0,N,MELBOURNE_CBD,STREET,6,12.0
178035,6,3,174,1,3,60.0,0,I,MELBOURNE_CBD,STREET,6,21.0
178036,1,6,132,1,1,60.0,0,I,LARGE_PROVINCIAL_CITIES,STREET,6,12.0
178037,1,6,99,2,1,40.0,0,I,MELB_URBAN,ROAD,5,16.0
178038,4,6,171,5,1,60.0,0,N,RURAL_VICTORIA,ROAD,6,15.0
178039,1,6,99,1,1,50.0,0,I,LARGE_PROVINCIAL_CITIES,STREET,6,12.0
178040,1,6,110,1,9,80.0,0,I,MELB_URBAN,ROAD,6,13.0
178041,4,5,171,5,1,80.0,0,N,RURAL_VICTORIA,ROAD,6,13.0
178042,1,6,140,1,1,70.0,0,N,MELB_URBAN,ROAD,6,14.0
178043,1,6,99,5,1,100.0,0,N,RURAL_VICTORIA,ROAD,6,8.0
178044,1,6,116,2,1,60.0,0,I,MELB_URBAN,ROAD,6,14.0
178045,1,6,130,5,1,80.0,0,N,MELB_URBAN,ROAD,6,15.0
178046,1,1,99,5,9,60.0,0,N,MELB_URBAN,OTHER,6,6.0
178047,1,6,130,5,1,40.0,0,N,MELB_URBAN,ROAD,5,15.0
178048,1,5,130,2,1,40.0,0,I,RURAL_VICTORIA,ROAD,6,16.0
178049,1,5,130,2,1,40.0,0,I,MELB_URBAN,STREET,5,12.0
178050,1,1,130,5,1,80.0,0,N,MELB_URBAN,HIGHWAY,6,15.0
178051,1,6,132,2,1,60.0,0,I,MELB_URBAN,ROAD,6,14.0
178052,6,2,99,5,1,60.0,0,N,RURAL_VICTORIA,ROAD,6,13.0
178053,1,6,120,5,1,100.0,0,N,RURAL_VICTORIA,HIGHWAY,6,16.0
178054,1,5,99,2,3,50.0,0,I,MELB_URBAN,OTHER,6,18.0
178055,1,0,130,5,1,60.0,0,N,MELB_URBAN,ROAD,4,12.0
178056,2,6,102,5,1,60.0,0,N,SMALL_CITIES,STREET,6,17.0
178057,1,6,110,1,2,100.0,0,I,RURAL_VICTORIA,ROAD,6,17.0
178058,1,5,147,5,1,60.0,0,I,MELB_URBAN,OTHER,6,10.0
178059,1,6,160,5,3,60.0,0,N,TOWNS,STREET,6,20.0
178060,1,5,110,1,3,70.0,0,I,MELB_URBAN,ROAD,6,20.0
178061,1,6,121,1,3,60.0,0,I,MELB_URBAN,STREET,6,21.0
178062,1,5,130,1,1,60.0,0,I,MELB_URBAN,ROAD,6,11.0
178063,1,5,121,1,3,60.0,0,I,MELB_URBAN,STREET,6,21.0
178064,1,6,113,2,3,60.0,0,I,MELB_URBAN,ROAD,6,19.0
178065,1,6,147,5,3,80.0,0,N,MELB_URBAN,HIGHWAY,6,22.0
178066,1,5,160,2,3,50.0,0,I,MELB_URBAN,OTHER,6,22.0
178067,4,6,171,5,3,60.0,0,N,SMALL_CITIES,STREET,6,23.0
178068,1,7,121,2,3,60.0,0,I,MELB_URBAN,ROAD,6,0.0
178069,4,5,173,5,3,50.0,0,N,MELB_URBAN,ROAD,6,4.0
178070,1,7,120,5,5,80.0,0,N,RURAL_VICTORIA,ROAD,6,5.0
178071,1,7,99,5,1,60.0,0,N,MELB_URBAN,STREET,6,10.0
178072,1,7,120,5,2,100.0,0,N,RURAL_VICTORIA,AVENUE,6,7.0
178073,4,7,173,5,2,60.0,0,N,TOWNS,STREET,6,7.0
178074,1,7,173,5,1,60.0,0,N,MELB_URBAN,PARADE,6,7.0
178075,1,7,113,2,3,70.0,0,I,MELB_URBAN,ROAD,6,6.0
178076,1,6,130,5,1,80.0,0,N,MELB_URBAN,RAMP,2,12.0
178077,1,6,130,5,1,80.0,0,N,RURAL_VICTORIA,ROAD,6,9.0
178078,1,1,130,1,9,60.0,0,I,MELB_URBAN,ROAD,7,13.0
178079,1,2,130,5,1,100.0,0,N,RURAL_VICTORIA,FREEWAY,6,17.0
178080,4,7,171,5,1,100.0,0,N,RURAL_VICTORIA,HIGHWAY,6,11.0
178081,1,6,130,5,1,100.0,0,N,MELB_URBAN,FREEWAY,6,15.0
178082,1,7,132,2,1,60.0,0,I,MELB_URBAN,RAMP,6,13.0
178083,1,7,121,2,1,60.0,0,I,MELB_URBAN,ROAD,6,12.0
178084,1,6,130,5,1,60.0,0,N,MELB_URBAN,ROAD,6,14.0
178085,1,6,110,1,1,60.0,0,I,LARGE_PROVINCIAL_CITIES,AVENUE,6,11.0
178086,2,7,100,1,1,60.0,0,I,MELB_URBAN,STREET,6,14.0
178087,1,6,130,5,1,80.0,0,N,MELB_URBAN,FREEWAY,6,12.0
178088,1,7,113,1,1,50.0,0,I,SMALL_TOWNS,STREET,6,12.0
178089,2,5,102,5,3,60.0,0,N,MELBOURNE_CBD,STREET,6,23.0
178090,1,6,121,2,3,60.0,0,I,MELB_URBAN,ROAD,6,21.0
178091,6,1,99,5,1,100.0,0,N,RURAL_VICTORIA,ROAD,5,16.0
178092,1,6,110,1,1,60.0,0,I,SMALL_CITIES,ROAD,6,16.0
178093,4,7,173,5,1,100.0,0,O,RURAL_VICTORIA,UNKNOWN,6,14.0
178094,4,7,173,5,1,100.0,0,N,RURAL_VICTORIA,ROAD,6,13.0
178095,1,7,130,1,1,80.0,0,I,RURAL_VICTORIA,RAMP,6,14.0
178096,1,6,130,5,1,80.0,0,N,RURAL_VICTORIA,OTHER,6,17.0
178097,3,7,167,5,5,60.0,0,O,RURAL_VICTORIA,UNKNOWN,6,18.0
178098,1,6,120,5,1,60.0,0,N,RURAL_VICTORIA,ROAD,6,12.0
178099,2,7,100,5,3,50.0,0,N,MELB_URBAN,BOULEVARD,6,19.0
178100,1,7,160,5,3,60.0,0,N,MELB_URBAN,ROAD,6,18.0
178101,8,7,174,5,3,60.0,0,O,MELBOURNE_CBD,UNKNOWN,6,18.0
178102,1,7,134,5,3,100.0,0,N,MELB_URBAN,UNKNOWN,6,21.0
178103,1,6,130,5,3,60.0,0,N,MELB_URBAN,HIGHWAY,6,23.0
178104,1,6,121,2,3,50.0,0,I,MELB_URBAN,DRIVE,6,18.0
178105,1,6,99,5,5,100.0,0,N,RURAL_VICTORIA,HIGHWAY,6,23.0
178106,4,1,99,2,3,60.0,0,I,MELB_URBAN,ROAD,6,3.0
178107,1,7,110,1,1,50.0,0,I,TOWNS,STREET,6,10.0
178108,2,7,102,5,1,50.0,0,N,TOWNS,ROAD,6,9.0
178109,4,1,173,5,5,80.0,0,N,MELB_URBAN,HIGHWAY,6,5.0
178110,1,1,160,5,1,60.0,0,N,MELB_URBAN,AVENUE,6,9.0
178111,1,1,130,5,1,70.0,0,N,MELB_URBAN,ROAD,6,10.0
178112,1,1,99,1,1,60.0,0,I,MELB_URBAN,HIGHWAY,6,9.0
178113,2,1,100,2,1,60.0,0,N,MELB_URBAN,ROAD,6,8.0
178114,1,1,160,5,3,50.0,0,N,MELB_URBAN,DRIVE,5,19.0
178115,1,1,99,5,1,70.0,0,N,LARGE_PROVINCIAL_CITIES,ROAD,6,12.0
178116,4,1,99,2,2,80.0,0,I,SMALL_TOWNS,ROAD,6,7.0
178117,1,5,173,2,1,60.0,0,I,MELB_URBAN,ROAD,6,12.0
178118,1,0,135,5,1,110.0,0,N,RURAL_VICTORIA,FREEWAY,4,11.0
178119,2,4,99,2,1,60.0,0,N,LARGE_PROVINCIAL_CITIES,AVENUE,6,15.0
178120,1,1,120,5,1,80.0,0,N,RURAL_VICTORIA,ROAD,6,13.0
178121,1,1,120,5,1,80.0,0,N,RURAL_VICTORIA,ROAD,6,14.0
178122,6,1,99,2,1,80.0,0,N,RURAL_VICTORIA,STREET,6,14.0
178123,1,1,132,5,1,50.0,0,N,LARGE_PROVINCIAL_CITIES,STREET,6,14.0
178124,1,1,173,5,1,50.0,0,N,MELB_URBAN,STREET,6,14.0
178125,1,0,110,1,1,60.0,0,I,RURAL_VICTORIA,HIGHWAY,6,15.0
178126,1,7,121,2,3,60.0,0,O,MELB_URBAN,UNKNOWN,6,18.0
178127,1,1,120,2,3,50.0,0,I,MELB_URBAN,ROAD,6,19.0
178128,6,1,184,5,5,100.0,0,N,RURAL_VICTORIA,ROAD,6,21.0
178129,1,0,135,5,3,80.0,0,N,MELB_URBAN,FREEWAY,6,21.0
178130,1,1,130,1,5,80.0,0,I,MELB_URBAN,ROAD,6,21.0
178131,1,1,121,2,3,60.0,0,I,MELB_URBAN,ROAD,6,21.0
178132,2,1,100,2,1,40.0,0,I,MELB_URBAN,STREET,6,7.0
178133,1,4,134,5,1,60.0,0,N,MELB_URBAN,PARADE,6,9.0
178134,1,1,133,5,1,40.0,0,N,MELB_URBAN,ROAD,6,8.0
178135,1,2,110,1,1,60.0,0,I,LARGE_PROVINCIAL_CITIES,STREET,6,9.0