,accident_type,day_of_week,dca_code,road_geometry,light_condition,speed_zone,severity,node_type,deg_urban_name,road_type,month,hour
178136,1,2,130,5,1,60.0,0,N,MELB_URBAN,FREEWAY,5,14.0
178137,1,2,130,5,5,60.0,0,N,MELB_URBAN,ROAD,4,20.0
178138,2,2,100,5,1,80.0,1,N,MELB_URBAN,DRIVE,6,10.0
178139,3,2,167,5,5,80.0,0,N,RURAL_VICTORIA,ROAD,6,0.0
178140,2,1,99,1,6,60.0,0,N,MELB_URBAN,STREET,6,0.0
178141,1,1,121,1,1,60.0,0,I,MELB_URBAN,STREET,6,13.0
178142,1,2,99,5,1,50.0,0,N,MELB_URBAN,STREET,6,9.0
178143,1,2,130,5,1,80.0,0,N,MELB_URBAN,OTHER,6,9.0
178144,1,2,113,2,1,60.0,0,I,MELB_URBAN,UNKNOWN,6,13.0
178145,1,2,130,5,1,60.0,0,N,SMALL_CITIES,ROAD,6,15.0
178146,1,7,135,5,2,60.0,0,N,MELB_URBAN,ROAD,6,6.0
178147,1,2,132,2,1,60.0,0,I,MELB_URBAN,ROAD,6,13.0
178148,1,2,110,1,1,50.0,0,N,MELB_URBAN,STREET,6,13.0
178149,1,2,99,1,3,60.0,0,N,MELB_URBAN,ROAD,6,6.0
178150,4,2,171,5,1,50.0,0,N,MELB_URBAN,ROAD,6,14.0
178151,4,2,181,5,1,80.0,0,N,TOWNS,ROAD,6,15.0
178152,1,4,134,3,6,60.0,0,N,MELB_URBAN,OTHER,6,20.0
178153,4,1,173,5,3,70.0,0,N,MELB_URBAN,ROAD,6,17.0
178154,4,2,173,5,2,60.0,0,N,TOWNS,ROAD,6,16.0
178155,4,1,181,5,1,60.0,0,N,RURAL_VICTORIA,ROAD,6,13.0
178156,1,1,116,2,1,50.0,0,I,MELB_URBAN,AVENUE,6,16.0
178157,1,2,130,5,5,100.0,0,N,RURAL_VICTORIA,FREEWAY,6,17.0
178158,1,1,121,1,3,80.0,0,I,MELB_URBAN,ROAD,6,17.0
178159,6,1,174,5,1,80.0,0,N,RURAL_VICTORIA,ROAD,6,8.0
178160,4,2,171,5,1,60.0,0,N,MELB_URBAN,ROAD,6,16.0
178161,1,2,135,5,9,60.0,0,N,MELB_URBAN,OTHER,5,21.0
178162,6,2,99,5,1,100.0,0,N,RURAL_VICTORIA,ROAD,6,15.0
178163,4,1,171,5,3,80.0,0,N,MELB_URBAN,ROAD,6,20.0
178164,4,2,181,5,5,80.0,0,N,RURAL_VICTORIA,ROAD,6,5.0
178165,1,2,160,5,3,50.0,0,N,MELB_URBAN,ROAD,6,20.0
178166,1,6,135,5,1,40.0,0,N,MELB_URBAN,ROAD,6,12.0
178167,5,1,99,5,1,60.0,0,N,RURAL_VICTORIA,OTHER,5,12.0
178168,4,3,173,5,3,100.0,0,N,MELB_URBAN,FREEWAY,6,4.0
178169,1,2,147,5,1,60.0,0,N,LARGE_PROVINCIAL_CITIES,ROAD,6,16.0
178170,1,2,120,5,3,60.0,0,N,MELB_URBAN,ROAD,5,22.0
178171,1,2,130,1,2,70.0,0,N,MELB_URBAN,STREET,6,7.0
178172,5,0,99,5,1,50.0,0,N,RURAL_VICTORIA,UNKNOWN,6,13.0
178173,1,2,163,1,1,40.0,0,N,MELB_URBAN,ROAD,6,11.0
178174,1,4,99,2,3,60.0,0,I,SMALL_CITIES,BOULEVARD,6,19.0
178175,1,5,121,1,2,60.0,0,I,MELB_URBAN,ROAD,6,16.0
178176,2,3,99,5,1,50.0,0,N,MELB_URBAN,OTHER,6,11.0
178177,2,6,99,5,6,60.0,0,N,LARGE_PROVINCIAL_CITIES,ROAD,6,23.0
178178,1,6,130,5,2,80.0,0,N,MELB_URBAN,RAMP,6,17.0
178179,1,4,130,5,1,40.0,0,N,SMALL_CITIES,STREET,12,16.0
178180,1,3,130,1,1,60.0,0,N,MELB_URBAN,ROAD,5,17.0
178181,2,3,99,5,1,60.0,0,N,MELB_URBAN,ROAD,6,12.0
178182,1,6,130,1,2,60.0,0,N,MELB_URBAN,ROAD,5,17.0
178183,2,2,99,5,1,40.0,0,N,MELB_URBAN,ROAD,6,12.0
178184,8,7,174,2,1,100.0,0,I,RURAL_VICTORIA,OTHER,6,14.0
178185,1,4,130,1,2,50.0,0,N,MELB_URBAN,DRIVE,6,16.0
178186,8,5,99,2,1,60.0,0,I,MELB_URBAN,STREET,6,9.0
178187,1,6,121,2,1,60.0,0,I,MELB_URBAN,ROAD,6,12.0
178188,1,3,120,5,1,60.0,0,N,MELB_URBAN,ROAD,6,12.0
178189,1,3,130,1,1,80.0,0,I,MELB_URBAN,ROAD,6,12.0
178190,1,6,130,2,1,60.0,0,N,MELB_URBAN,UNKNOWN,6,13.0
178191,1,2,147,5,3,60.0,0,N,SMALL_CITIES,BOULEVARD,6,18.0
178192,1,3,130,5,5,100.0,0,N,RURAL_VICTORIA,ROAD,6,20.0
178193,1,5,116,2,1,60.0,0,I,LARGE_PROVINCIAL_CITIES,ROAD,2,17.0
178194,1,3,120,2,1,50.0,0,I,MELB_URBAN,DRIVE,6,12.0
178195,1,4,99,2,3,50.0,0,N,MELB_URBAN,OTHER,5,18.0
178196,1,3,116,1,1,60.0,0,I,MELB_URBAN,STREET,6,14.0
178197,1,6,99,5,1,50.0,0,N,MELB_URBAN,ROAD,10,12.0
178198,1,1,160,5,1,60.0,0,N,SMALL_TOWNS,ROAD,6,11.0
178199,2,2,99,5,1,60.0,0,N,MELB_URBAN,ROAD,6,11.0
178200,2,3,99,5,1,50.0,0,N,MELB_URBAN,UNKNOWN,6,14.0
178201,1,3,116,1,1,70.0,0,I,SMALL_CITIES,AVENUE,6,15.0
178202,1,2,110,1,2,50.0,0,I,SMALL_CITIES,STREET,6,16.0
178203,4,3,173,5,1,110.0,1,N,RURAL_VICTORIA,HIGHWAY,6,7.0
178204,4,6,171,5,2,60.0,0,I,TOWNS,AVENUE,3,19.0
178205,3,3,167,2,2,100.0,0,I,RURAL_VICTORIA,HIGHWAY,6,17.0
178206,1,5,130,5,1,80.0,0,N,RURAL_VICTORIA,ROAD,2,8.0
178207,2,2,100,2,3,80.0,0,N,MELB_URBAN,HIGHWAY,6,18.0
178208,4,3,171,5,2,50.0,0,N,MELB_URBAN,PARADE,6,17.0
178209,1,3,110,1,1,50.0,0,I,MELB_URBAN,STREET,6,14.0
178210,4,7,99,5,5,70.0,0,N,MELB_URBAN,RAMP,6,1.0
178211,1,3,130,5,1,50.0,0,N,MELB_URBAN,STREET,6,16.0
178212,1,3,121,2,3,80.0,0,I,MELB_URBAN,ROAD,6,18.0
178213,1,3,121,2,1,80.0,0,I,MELB_URBAN,AVENUE,6,16.0
178214,1,6,130,5,1,60.0,0,N,MELB_URBAN,ROAD,6,12.0
178215,5,3,99,2,3,50.0,0,I,MELB_URBAN,AVENUE,6,21.0
178216,4,3,171,5,3,50.0,0,N,MELB_URBAN,ROAD,6,4.0
178217,4,3,171,5,1,100.0,0,N,RURAL_VICTORIA,ROAD,6,15.0
178218,1,3,110,1,1,50.0,0,I,MELB_URBAN,STREET,6,7.0
178219,1,4,110,1,2,60.0,0,I,MELB_URBAN,ROAD,6,7.0
178220,1,6,130,5,2,60.0,0,N,SMALL_CITIES,STREET,6,17.0
178221,1,3,110,1,1,60.0,0,I,SMALL_CITIES,STREET,6,8.0
178222,1,5,130,5,1,40.0,0,N,LARGE_PROVINCIAL_CITIES,HIGHWAY,6,8.0
178223,1,5,130,5,1,60.0,0,N,TOWNS,STREET,6,15.0
178224,1,1,130,5,2,80.0,0,N,MELB_URBAN,ROAD,6,17.0
178225,1,4,99,5,1,50.0,0,N,MELB_URBAN,AVENUE,6,10.0
178226,6,4,99,5,1,100.0,0,N,RURAL_VICTORIA,ROAD,6,8.0
178227,1,7,99,2,1,60.0,0,I,MELB_URBAN,ROAD,5,16.0
178228,1,3,130,5,1,60.0,0,N,MELB_URBAN,STREET,12,16.0
178229,1,4,113,2,1,70.0,0,I,RURAL_VICTORIA,ROAD,6,13.0
178230,2,4,102,1,1,50.0,0,I,MELB_URBAN,STREET,6,10.0
178231,1,4,121,1,1,50.0,0,I,TOWNS,AVENUE,6,8.0
178232,1,6,99,5,9,110.0,0,N,RURAL_VICTORIA,FREEWAY,6,18.0
178233,3,3,167,5,1,100.0,0,N,RURAL_VICTORIA,HIGHWAY,6,8.0
178234,2,0,100,5,1,60.0,0,N,MELB_URBAN,STREET,6,14.0
178235,1,1,121,5,2,60.0,0,N,MELB_URBAN,ROAD,6,18.0
178236,1,1,116,2,2,60.0,0,N,RURAL_VICTORIA,BOULEVARD,6,6.0
178237,1,3,130,5,1,100.0,0,N,MELB_URBAN,FREEWAY,6,7.0
178238,1,2,130,5,2,80.0,0,N,RURAL_VICTORIA,ROAD,6,6.0
178239,1,3,99,1,1,50.0,0,I,MELB_URBAN,STREET,6,18.0
178240,1,3,116,2,1,70.0,0,I,MELB_URBAN,BOULEVARD,4,18.0
178241,5,4,181,5,1,100.0,0,N,RURAL_VICTORIA,HIGHWAY,6,13.0
178242,1,4,160,5,1,60.0,0,N,TOWNS,STREET,6,14.0
178243,1,3,130,5,2,60.0,0,N,MELB_URBAN,ROAD,6,7.0
178244,1,4,110,1,1,60.0,0,I,MELB_URBAN,ROAD,6,15.0
178245,1,3,130,1,3,60.0,0,N,MELB_URBAN,BOULEVARD,6,17.0
178246,2,4,99,5,2,50.0,0,N,MELB_URBAN,STREET,6,17.0
178247,6,3,170,5,1,60.0,0,N,MELB_URBAN,STREET,6,16.0
178248,1,4,134,2,1,60.0,0,I,MELB_URBAN,STREET,6,16.0
178249,1,4,113,2,2,60.0,0,I,MELB_URBAN,ROAD,6,16.0
178250,1,3,130,5,1,60.0,0,N,MELB_URBAN,BOULEVARD,6,8.0
178251,1,4,130,5,1,80.0,0,N,MELB_URBAN,ROAD,6,15.0
178252,1,4,110,1,3,60.0,0,I,MELB_URBAN,ROAD,6,17.0
178253,1,4,130,5,3,80.0,0,N,SMALL_CITIES,STREET,6,18.0
178254,2,3,99,5,3,60.0,0,N,MELB_URBAN,ROAD,6,20.0
178255,1,4,99,5,1,40.0,0,N,MELB_URBAN,ROAD,6,16.0
178256,1,3,99,3,5,60.0,0,N,MELB_URBAN,ROAD,6,21.0
178257,1,4,99,2,3,60.0,0,I,MELB_URBAN,STREET,6,18.0
178258,1,4,121,2,3,50.0,0,I,MELB_URBAN,STREET,6,18.0
178259,1,3,121,2,3,60.0,0,I,MELB_URBAN,ROAD,6,21.0
178260,1,4,130,5,5,100.0,0,N,RURAL_VICTORIA,HIGHWAY,6,22.0
178261,6,5,170,5,5,100.0,0,N,RURAL_VICTORIA,ROAD,6,1.0
178262,1,4,160,5,1,50.0,0,N,SMALL_CITIES,STREET,6,9.0
178263,1,2,130,5,1,60.0,0,N,SMALL_TOWNS,STREET,6,11.0
178264,1,5,130,5,3,100.0,0,N,MELB_URBAN,RAMP,6,6.0
178265,1,4,121,2,2,60.0,0,I,RURAL_VICTORIA,ROAD,6,7.0
178266,1,1,135,5,1,80.0,0,N,MELB_URBAN,HIGHWAY,6,8.0
178267,1,6,130,2,1,40.0,0,N,LARGE_PROVINCIAL_CITIES,STREET,6,9.0
178268,1,6,110,1,1,100.0,0,I,RURAL_VICTORIA,ROAD,5,14.0
178269,1,5,160,5,1,80.0,0,N,RURAL_VICTORIA,ROAD,6,9.0
178270,1,1,130,1,1,60.0,0,I,MELB_URBAN,HIGHWAY,6,17.0
178271,1,5,110,1,1,40.0,0,I,MELB_URBAN,ROAD,6,10.0
178272,2,5,99,5,1,40.0,0,N,TOWNS,STREET,6,8.0
178273,1,4,132,2,1,60.0,0,I,TOWNS,STREET,6,14.0
178274,1,7,130,1,1,60.0,0,I,SMALL_CITIES,STREET,5,10.0
178275,1,5,116,2,1,60.0,0,I,MELB_URBAN,ROAD,6,13.0
178276,1,5,130,5,1,60.0,0,N,MELB_URBAN,ROAD,6,8.0
178277,1,3,130,5,3,60.0,0,N,MELB_URBAN,ROAD,6,17.0
178278,2,3,102,5,1,50.0,0,N,MELB_URBAN,STREET,6,12.0
178279,2,2,100,5,1,50.0,0,N,MELB_URBAN,AVENUE,5,8.0
178280,1,2,111,2,1,60.0,0,I,MELB_URBAN,STREET,5,12.0
178281,6,5,174,1,1,100.0,0,I,RURAL_VICTORIA,ROAD,6,14.0
178282,2,5,102,1,1,40.0,0,N,MELB_URBAN,STREET,6,14.0
178283,2,5,100,1,1,40.0,0,I,MELB_URBAN,STREET,6,15.0
178284,5,5,171,5,1,80.0,0,N,RURAL_VICTORIA,ROAD,6,16.0
178285,2,0,99,5,6,40.0,0,N,SMALL_CITIES,STREET,6,19.0
178286,1,5,110,1,3,60.0,0,I,MELB_URBAN,STREET,6,19.0
178287,1,4,110,1,3,60.0,0,I,MELB_URBAN,ROAD,6,18.0
178288,1,5,99,1,1,40.0,0,I,SMALL_CITIES,AVENUE,6,16.0
178289,1,5,160,5,1,70.0,0,N,MELB_URBAN,ROAD,6,14.0
178290,1,5,130,5,2,80.0,0,N,MELB_URBAN,ROAD,6,17.0
178291,5,5,171,5,5,60.0,0,N,RURAL_VICTORIA,HIGHWAY,6,23.0
178292,4,5,171,5,3,70.0,0,N,MELB_URBAN,ROAD,6,22.0
178293,4,3,183,5,2,50.0,0,N,SMALL_TOWNS,DRIVE,5,18.0
178294,1,6,134,5,1,80.0,0,N,RURAL_VICTORIA,ROAD,6,7.0
178295,3,6,167,5,5,100.0,0,N,RURAL_VICTORIA,ROAD,6,6.0
178296,1,4,130,5,6,60.0,0,N,MELB_URBAN,ROAD,4,18.0
178297,1,6,147,5,1,80.0,0,N,MELB_URBAN,ROAD,6,9.0
178298,6,5,99,5,5,100.0,0,N,RURAL_VICTORIA,ROAD,6,5.0
178299,1,2,130,5,1,80.0,0,N,MELB_URBAN,ROAD,5,16.0
178300,6,2,174,3,5,60.0,0,I,TOWNS,PARADE,6,18.0
178301,1,3,116,1,1,60.0,0,I,LARGE_PROVINCIAL_CITIES,ROAD,6,14.0
178302,1,5,130,5,1,50.0,0,I,MELB_URBAN,DRIVE,6,13.0
178303,1,2,132,1,3,60.0,0,I,MELB_URBAN,ROAD,2,20.0
178304,1,6,140,4,1,80.0,0,I,MELB_URBAN,HIGHWAY,6,10.0
178305,2,6,99,5,1,60.0,0,N,MELB_URBAN,BOULEVARD,6,13.0
178306,1,6,121,2,1,40.0,0,I,MELB_URBAN,HIGHWAY,6,12.0
178307,1,2,99,5,5,100.0,0,N,SMALL_TOWNS,FREEWAY,10,21.0
178308,1,4,113,2,2,60.0,0,I,MELB_URBAN,STREET,6,7.0
178309,2,5,99,1,1,50.0,0,I,MELB_URBAN,AVENUE,6,14.0
178310,1,6,130,2,1,60.0,0,N,MELB_URBAN,ROAD,6,15.0
178311,1,6,116,2,1,40.0,0,I,MELB_URBAN,STREET,6,11.0
178312,1,5,99,5,1,60.0,0,N,LARGE_PROVINCIAL_CITIES,ROAD,6,14.0
178313,1,5,110,1,1,60.0,0,I,MELB_URBAN,ROAD,6,14.0
178314,4,5,181,5,1,100.0,0,N,RURAL_VICTORIA,HIGHWAY,5,16.0
178315,1,6,99,2,1,60.0,0,N,LARGE_PROVINCIAL_CITIES,STREET,6,14.0
178316,2,3,99,5,1,60.0,0,N,MELB_URBAN,STREET,4,12.0
178317,6,6,170,5,1,80.0,0,N,RURAL_VICTORIA,ROAD,6,14.0
178318,1,6,130,5,1,100.0,0,N,MELB_URBAN,ROAD,6,16.0
178319,1,5,130,2,1,60.0,0,I,MELB_URBAN,DRIVE,6,16.0
178320,4,6,99,2,2,50.0,0,I,SMALL_CITIES,STREET,6,20.0
178321,1,6,135,5,1,100.0,0,N,MELB_URBAN,ROAD,6,15.0
178322,2,6,100,5,3,70.0,0,N,MELB_URBAN,ROAD,6,17.0
178323,4,6,173,5,5,80.0,0,N,MELB_URBAN,ROAD,6,19.0
178324,1,4,130,5,6,60.0,0,N,LARGE_PROVINCIAL_CITIES,ROAD,6,22.0
178325,1,6,130,5,3,80.0,0,N,MELB_URBAN,OTHER,6,17.0
178326,1,6,113,2,3,60.0,0,I,MELB_URBAN,ROAD,6,17.0
178327,2,6,102,1,3,60.0,0,I,MELB_URBAN,STREET,6,17.0
178328,1,6,121,5,3,60.0,0,N,MELB_URBAN,ROAD,6,20.0
178329,8,6,134,5,3,60.0,0,N,MELB_URBAN,OTHER,6,17.0
178330,1,5,99,1,6,60.0,0,I,MELB_URBAN,STREET,6,17.0
178331,4,7,171,5,3,40.0,0,N,MELB_URBAN,STREET,6,2.0
178332,1,7,110,1,3,70.0,0,I,MELB_URBAN,ROAD,6,3.0
178333,3,3,167,5,1,100.0,0,N,RURAL_VICTORIA,AVENUE,6,9.0
178334,4,7,99,5,3,60.0,0,N,MELB_URBAN,ROAD,6,5.0
178335,4,1,171,5,1,100.0,0,N,MELB_URBAN,FREEWAY,6,16.0
178336,1,7,121,1,3,50.0,0,I,RURAL_VICTORIA,ROAD,6,6.0
178337,1,7,140,5,1,60.0,0,N,MELB_URBAN,ROAD,6,9.0
178338,1,6,140,5,1,80.0,0,N,RURAL_VICTORIA,ROAD,6,10.0
178339,4,7,181,5,1,70.0,0,N,MELB_URBAN,ROAD,6,12.0
178340,1,7,121,1,1,60.0,0,I,MELB_URBAN,HIGHWAY,6,13.0
178341,1,4,130,1,1,50.0,0,I,MELB_URBAN,STREET,6,14.0
178342,1,6,99,1,6,60.0,0,I,MELB_URBAN,PARADE,6,21.0
178343,1,7,160,5,1,60.0,0,N,LARGE_PROVINCIAL_CITIES,STREET,6,15.0
178344,7,7,99,5,1,60.0,0,N,RURAL_VICTORIA,ROAD,6,10.0
178345,1,7,140,2,3,70.0,0,I,RURAL_VICTORIA,ROAD,6,19.0
178346,1,3,110,1,1,50.0,0,I,MELB_URBAN,STREET,6,9.0
178347,1,7,120,5,2,40.0,0,N,RURAL_VICTORIA,ROAD,6,16.0
178348,1,7,120,5,3,60.0,0,N,MELB_URBAN,ROAD,6,19.0
178349,1,7,140,1,3,60.0,0,O,MELB_URBAN,UNKNOWN,6,19.0
178350,1,7,99,2,3,60.0,0,I,MELB_URBAN,ROAD,6,21.0
178351,4,7,181,5,5,80.0,0,N,RURAL_VICTORIA,ROAD,6,20.0
178352,4,6,99,5,3,50.0,0,N,MELB_URBAN,ROAD,6,22.0
178353,1,7,130,5,3,100.0,0,N,MELB_URBAN,FREEWAY,6,21.0
178354,1,1,110,1,3,80.0,0,N,MELB_URBAN,HIGHWAY,6,1.0
178355,1,1,160,5,3,40.0,0,N,SMALL_TOWNS,DRIVE,6,1.0
178356,2,7,99,5,1,40.0,0,N,MELB_URBAN,STREET,6,12.0
178357,1,1,160,5,3,60.0,0,N,MELB_URBAN,ROAD,6,4.0
178358,4,0,173,5,3,80.0,0,N,RURAL_VICTORIA,ROAD,6,6.0
178359,3,0,167,5,5,100.0,0,N,RURAL_VICTORIA,HIGHWAY,6,4.0
178360,4,1,181,5,6,80.0,0,N,MELB_URBAN,ROAD,6,4.0
178361,1,6,99,5,1,80.0,0,N,RURAL_VICTORIA,ROAD,6,15.0
178362,1,6,130,5,1,70.0,0,N,MELB_URBAN,ROAD,6,12.0
178363,1,4,99,1,3,60.0,0,N,MELB_URBAN,PARADE,6,18.0
178364,1,0,130,1,2,80.0,0,N,MELB_URBAN,HIGHWAY,6,7.0
178365,4,7,183,5,1,100.0,0,N,RURAL_VICTORIA,HIGHWAY,6,10.0
178366,1,0,113,2,1,60.0,0,I,TOWNS,AVENUE,6,12.0
178367,1,1,111,1,1,60.0,0,I,LARGE_PROVINCIAL_CITIES,ROAD,6,9.0
178368,1,7,130,1,1,60.0,0,I,MELB_URBAN,ROAD,6,13.0
178369,1,5,130,5,2,100.0,0,N,MELB_URBAN,ROAD,6,6.0
178370,1,1,130,1,1,80.0,0,I,MELB_URBAN,HIGHWAY,6,12.0
178371,6,1,99,5,1,100.0,0,N,RURAL_VICTORIA,HIGHWAY,6,11.0
178372,1,7,130,5,1,50.0,0,N,SMALL_CITIES,STREET,6,15.0
178373,1,3,130,1,1,80.0,0,I,MELB_URBAN,ROAD,6,8.0
178374,5,1,99,5,1,60.0,0,N,RURAL_VICTORIA,OTHER,6,12.0
178375,4,1,181,5,1,60.0,0,N,MELB_URBAN,ROAD,6,13.0
178376,1,0,99,2,1,50.0,0,I,TOWNS,STREET,6,15.0
178377,1,1,113,2,1,40.0,0,I,MELB_URBAN,STREET,6,15.0
178378,1,0,130,1,2,80.0,0,I,MELB_URBAN,ROAD,6,6.0
178379,1,1,99,2,1,60.0,0,I,MELB_URBAN,ROAD,6,12.0
178380,6,5,184,5,5,100.0,0,N,RURAL_VICTORIA,ROAD,2,17.0
178381,4,1,99,5,1,80.0,0,N,MELB_URBAN,AVENUE,6,14.0
178382,1,1,121,1,1,60.0,0,I,MELB_URBAN,ROAD,6,16.0
178383,1,7,113,2,5,80.0,0,I,RURAL_VICTORIA,HIGHWAY,6,20.0
178384,4,1,183,5,1,50.0,0,N,MELB_URBAN,BOULEVARD,6,15.0
178385,1,1,113,2,1,60.0,0,I,SMALL_CITIES,ROAD,6,16.0
178386,4,1,99,5,2,100.0,0,N,MELB_URBAN,FREEWAY,6,16.0
178387,1,0,133,1,2,80.0,0,I,MELB_URBAN,ROAD,6,17.0
178388,1,1,130,2,1,60.0,0,I,MELB_URBAN,ROAD,6,14.0
178389,4,1,171,5,1,70.0,1,N,MELB_URBAN,ROAD,6,13.0
178390,1,1,133,5,1,100.0,0,N,MELB_URBAN,UNKNOWN,6,14.0
178391,1,1,134,1,1,80.0,0,I,RURAL_VICTORIA,ROAD,6,16.0
178392,1,1,130,5,1,70.0,0,N,MELB_URBAN,STREET,6,8.0
178393,1,0,120,2,3,60.0,0,I,MELB_URBAN,ROAD,6,22.0
178394,1,1,130,5,1,80.0,0,N,MELB_URBAN,ROAD,6,16.0
178395,1,1,130,5,1,60.0,0,N,MELB_URBAN,HIGHWAY,6,16.0
178396,1,2,99,5,2,80.0,0,N,RURAL_VICTORIA,ROAD,7,7.0
178397,2,2,100,5,1,60.0,0,N,LARGE_PROVINCIAL_CITIES,ROAD,7,8.0
178398,1,2,111,2,1,60.0,0,I,MELB_URBAN,ROAD,7,9.0
178399,1,2,121,2,1,60.0,0,I,MELB_URBAN,STREET,7,8.0
178400,5,7,99,5,2,60.0,0,O,RURAL_VICTORIA,UNKNOWN,6,16.0
178401,1,1,111,2,1,60.0,0,I,SMALL_TOWNS,BOULEVARD,7,9.0
178402,1,4,130,5,1,70.0,0,N,MELB_URBAN,ROAD,6,16.0
178403,2,2,99,1,1,40.0,0,I,MELB_URBAN,STREET,7,10.0
178404,1,2,130,5,1,80.0,0,N,MELB_URBAN,HIGHWAY,7,11.0
178405,8,4,184,5,6,50.0,0,N,MELB_URBAN,ROAD,6,20.0
178406,4,7,171,5,5,80.0,0,N,RURAL_VICTORIA,ROAD,6,19.0
178407,1,0,130,4,9,60.0,0,I,MELB_URBAN,ROAD,5,15.0
178408,1,1,160,2,1,50.0,0,I,MELB_URBAN,STREET,6,11.0
178409,1,2,99,1,1,60.0,0,I,SMALL_CITIES,STREET,7,13.0
178410,4,2,171,1,1,60.0,0,I,MELB_URBAN,ROAD,7,8.0
178411,1,1,132,1,1,60.0,0,I,SMALL_CITIES,RAMP,7,12.0
178412,4,2,99,5,1,40.0,0,N,MELB_URBAN,ROAD,7,14.0
178413,1,4,130,5,3,80.0,0,N,MELB_URBAN,ROAD,5,18.0
178414,1,6,134,5,1,100.0,0,N,MELB_URBAN,ROAD,6,7.0
178415,1,2,130,1,1,80.0,0,I,MELB_URBAN,ROAD,7,15.0
178416,1,1,99,5,1,50.0,0,N,MELB_URBAN,AVENUE,6,15.0
178417,2,3,99,5,2,50.0,0,N,MELB_URBAN,OTHER,6,16.0
178418,2,0,100,2,1,40.0,0,I,MELB_URBAN,OTHER,6,13.0
178419,1,1,121,1,6,80.0,0,I,RURAL_VICTORIA,HIGHWAY,6,18.0
178420,4,2,171,5,1,100.0,0,N,RURAL_VICTORIA,DRIVE,7,13.0
178421,4,2,171,5,1,60.0,0,N,RURAL_VICTORIA,ROAD,7,15.0
178422,1,4,99,2,1,50.0,0,I,MELB_URBAN,STREET,6,15.0
178423,4,2,171,5,1,70.0,0,N,RURAL_VICTORIA,ROAD,7,15.0
178424,1,2,121,2,3,50.0,0,I,MELB_URBAN,STREET,7,17.0
178425,1,2,99,1,3,60.0,0,I,MELB_URBAN,ROAD,7,18.0
178426,1,1,99,2,3,80.0,0,I,RURAL_VICTORIA,ROAD,7,18.0
178427,1,2,130,1,2,60.0,0,I,MELB_URBAN,ROAD,7,6.0
178428,2,2,99,5,5,80.0,0,N,MELB_URBAN,ROAD,7,17.0
178429,1,4,130,5,6,60.0,0,N,MELB_URBAN,FREEWAY,3,2.0
178430,1,1,120,5,3,50.0,0,N,RURAL_VICTORIA,ROAD,7,21.0
178431,4,2,171,5,3,80.0,0,N,MELB_URBAN,ROAD,7,23.0
178432,1,0,130,1,1,60.0,0,N,MELB_URBAN,ROAD,2,13.0
178433,4,3,171,2,3,80.0,0,N,MELB_URBAN,ROAD,7,2.0
178434,1,3,121,2,1,60.0,0,N,MELB_URBAN,PARADE,5,16.0
178435,1,4,130,2,1,60.0,0,I,MELB_URBAN,ROAD,6,7.0
178436,1,2,134,5,1,60.0,0,N,MELB_URBAN,ROAD,7,7.0
178437,1,6,130,5,1,80.0,0,N,MELB_URBAN,FREEWAY,6,17.0
178438,1,3,160,5,2,50.0,1,N,MELB_URBAN,STREET,7,7.0
178439,1,3,130,5,1,70.0,0,N,MELB_URBAN,ROAD,7,8.0
178440,1,2,130,1,1,50.0,0,N,LARGE_PROVINCIAL_CITIES,STREET,7,12.0
178441,1,1,134,5,1,60.0,0,N,MELB_URBAN,STREET,5,12.0
178442,1,6,130,5,3,60.0,0,N,MELB_URBAN,ROAD,6,17.0
178443,4,3,171,5,5,60.0,0,N,RURAL_VICTORIA,ROAD,6,17.0
178444,4,2,171,5,1,50.0,0,N,MELB_URBAN,OTHER,7,9.0
178445,6,1,170,2,3,60.0,0,I,MELB_URBAN,STREET,6,18.0
178446,1,2,99,1,1,50.0,0,I,MELB_URBAN,STREET,7,16.0
178447,1,2,130,5,1,60.0,0,N,MELB_URBAN,STREET,7,10.0
178448,1,7,135,5,3,100.0,0,N,MELB_URBAN,RAMP,7,19.0
178449,1,3,99,5,1,60.0,0,N,LARGE_PROVINCIAL_CITIES,STREET,7,13.0
178450,3,5,167,5,1,60.0,0,N,RURAL_VICTORIA,ROAD,6,8.0
178451,1,1,130,5,1,50.0,0,N,TOWNS,STREET,6,13.0
178452,7,0,99,5,3,50.0,0,N,MELB_URBAN,STREET,6,20.0
178453,4,7,130,5,1,60.0,0,N,MELB_URBAN,ROAD,6,11.0
178454,1,5,130,5,1,60.0,0,N,LARGE_PROVINCIAL_CITIES,STREET,6,15.0
178455,1,3,120,5,1,80.0,0,N,RURAL_VICTORIA,ROAD,7,14.0
178456,1,2,110,1,1,80.0,0,I,RURAL_VICTORIA,ROAD,7,8.0
178457,1,2,99,2,1,60.0,0,I,MELB_URBAN,STREET,7,16.0
178458,1,7,121,1,3,60.0,0,I,MELB_URBAN,ROAD,6,21.0
178459,4,3,171,5,1,100.0,0,N,RURAL_VICTORIA,ROAD,7,14.0
178460,1,5,130,1,6,60.0,0,I,RURAL_VICTORIA,ROAD,6,18.0
178461,1,7,113,1,3,60.0,0,I,MELB_URBAN,HIGHWAY,4,22.0
178462,1,5,130,5,1,60.0,0,N,MELB_URBAN,ROAD,6,17.0