,accident_type,day_of_week,dca_code,road_geometry,light_condition,speed_zone,severity,node_type,deg_urban_name,road_type,month,hour
178463,1,6,121,2,3,60.0,0,I,MELB_URBAN,ROAD,5,18.0
178464,1,3,99,5,1,60.0,0,N,MELB_URBAN,ROAD,7,16.0
178465,1,3,110,1,1,60.0,0,I,SMALL_CITIES,STREET,7,14.0
178466,1,6,130,5,3,100.0,0,N,MELB_URBAN,FREEWAY,6,6.0
178467,4,3,171,5,1,100.0,0,N,RURAL_VICTORIA,ROAD,7,15.0
178468,1,3,99,2,3,50.0,0,I,MELB_URBAN,ROAD,7,17.0
178469,1,3,99,5,2,60.0,0,N,MELB_URBAN,ROAD,7,17.0
178470,1,3,130,5,3,100.0,0,N,MELB_URBAN,FREEWAY,7,19.0
178471,1,3,120,5,3,60.0,0,N,MELB_URBAN,STREET,7,19.0
178472,1,3,121,5,3,80.0,0,N,MELB_URBAN,ROAD,7,20.0
178473,1,3,130,5,5,100.0,0,N,RURAL_VICTORIA,FREEWAY,7,18.0
178474,1,3,110,1,1,60.0,0,I,RURAL_VICTORIA,DRIVE,7,15.0
178475,1,3,121,2,3,60.0,1,I,MELB_URBAN,ROAD,7,18.0
178476,1,3,99,2,3,60.0,0,I,MELB_URBAN,ROAD,7,22.0
178477,1,4,99,5,5,100.0,0,N,RURAL_VICTORIA,HIGHWAY,7,0.0
178478,1,3,130,5,3,100.0,0,N,MELB_URBAN,ROAD,7,0.0
178479,1,4,121,1,1,60.0,0,I,RURAL_VICTORIA,ROAD,3,15.0
178480,1,6,113,2,2,60.0,0,I,MELB_URBAN,STREET,5,17.0
178481,1,5,99,1,2,60.0,0,I,MELB_URBAN,STREET,6,17.0
178482,1,5,132,5,1,70.0,0,N,MELB_URBAN,ROAD,6,15.0
178483,1,3,130,5,1,100.0,0,N,MELB_URBAN,UNKNOWN,7,8.0
178484,1,3,99,1,1,70.0,0,N,MELB_URBAN,ROAD,7,8.0
178485,1,4,110,1,1,80.0,0,I,RURAL_VICTORIA,ROAD,7,9.0
178486,1,7,130,1,2,40.0,0,I,MELB_URBAN,ROAD,5,16.0
178487,1,3,130,2,9,60.0,0,I,MELB_URBAN,ROAD,9,18.0
178488,1,5,130,5,1,80.0,0,N,MELB_URBAN,HIGHWAY,6,12.0
178489,1,5,130,5,1,60.0,0,N,MELB_URBAN,STREET,6,17.0
178490,1,4,130,5,1,100.0,0,N,MELB_URBAN,FREEWAY,7,10.0
178491,8,1,174,5,1,60.0,0,N,RURAL_VICTORIA,ROAD,6,11.0
178492,1,3,110,1,1,50.0,0,I,SMALL_CITIES,STREET,7,15.0
178493,1,4,130,1,1,80.0,0,I,MELB_URBAN,ROAD,7,8.0
178494,1,4,121,2,1,60.0,0,I,MELB_URBAN,ROAD,7,11.0
178495,1,1,99,2,1,50.0,0,I,MELB_URBAN,STREET,6,16.0
178496,1,3,110,1,1,60.0,0,I,LARGE_PROVINCIAL_CITIES,STREET,7,11.0
178497,1,1,99,2,1,60.0,0,I,MELB_URBAN,PARADE,5,14.0
178498,4,4,171,5,1,100.0,0,N,RURAL_VICTORIA,ROAD,7,11.0
178499,1,4,113,1,1,50.0,0,I,MELB_URBAN,AVENUE,7,10.0
178500,1,6,110,1,1,60.0,0,I,MELB_URBAN,STREET,6,14.0
178501,1,4,133,5,1,40.0,0,N,MELB_URBAN,ROAD,7,12.0
178502,1,3,130,5,1,40.0,0,N,RURAL_VICTORIA,ROAD,7,13.0
178503,1,3,99,5,1,30.0,0,N,MELB_URBAN,STREET,7,8.0
178504,1,3,160,5,1,50.0,0,N,MELB_URBAN,PARADE,7,13.0
178505,1,4,140,5,1,60.0,0,I,MELB_URBAN,STREET,7,12.0
178506,4,0,99,5,1,60.0,0,N,RURAL_VICTORIA,ROAD,6,14.0
178507,1,3,121,1,1,80.0,0,I,RURAL_VICTORIA,ROAD,7,13.0
178508,1,3,121,2,1,50.0,0,I,SMALL_CITIES,STREET,7,15.0
178509,1,3,99,5,1,50.0,0,N,MELB_URBAN,STREET,7,13.0
178510,4,3,171,5,1,60.0,0,N,MELB_URBAN,PARADE,7,14.0
178511,4,2,99,1,1,60.0,0,I,MELB_URBAN,ROAD,3,13.0
178512,1,4,99,5,1,50.0,0,N,MELB_URBAN,ROAD,7,15.0
178513,1,3,110,1,1,50.0,0,I,LARGE_PROVINCIAL_CITIES,STREET,7,16.0
178514,1,3,99,2,1,60.0,0,I,RURAL_VICTORIA,DRIVE,7,15.0
178515,1,3,130,5,9,50.0,0,N,MELB_URBAN,STREET,6,8.0
178516,1,6,110,1,1,40.0,0,I,MELB_URBAN,STREET,6,14.0
178517,1,4,113,2,1,50.0,0,I,MELB_URBAN,BOULEVARD,7,16.0
178518,1,7,113,2,1,80.0,0,I,MELB_URBAN,ROAD,6,15.0
178519,1,4,160,2,1,50.0,0,N,MELB_URBAN,STREET,7,16.0
178520,2,4,99,5,3,50.0,0,N,MELB_URBAN,STREET,7,18.0
178521,1,4,113,2,1,60.0,0,I,LARGE_PROVINCIAL_CITIES,STREET,7,15.0
178522,1,4,99,5,1,100.0,1,N,RURAL_VICTORIA,ROAD,7,16.0
178523,1,4,130,5,1,40.0,0,N,MELB_URBAN,STREET,7,15.0
178524,1,4,121,1,3,60.0,0,I,MELB_URBAN,ROAD,7,19.0
178525,1,5,135,5,1,100.0,0,N,LARGE_PROVINCIAL_CITIES,ROAD,6,10.0
178526,1,4,140,5,3,40.0,0,N,MELB_URBAN,DRIVE,7,18.0
178527,1,3,130,5,3,80.0,0,N,MELB_URBAN,RAMP,7,17.0
178528,4,4,171,1,6,50.0,0,O,MELB_URBAN,UNKNOWN,6,4.0
178529,1,3,130,5,3,60.0,0,N,MELB_URBAN,STREET,7,17.0
178530,1,4,160,5,3,60.0,0,N,MELB_URBAN,ROAD,7,23.0
178531,1,4,99,2,3,50.0,0,N,MELB_URBAN,ROAD,7,22.0
178532,4,5,99,5,5,100.0,0,N,RURAL_VICTORIA,ROAD,7,0.0
178533,8,1,174,5,3,60.0,0,N,MELB_URBAN,OTHER,6,21.0
178534,4,4,183,5,5,100.0,0,N,RURAL_VICTORIA,ROAD,7,3.0
178535,1,4,130,5,3,100.0,0,N,MELB_URBAN,FREEWAY,7,6.0
178536,1,2,110,1,5,50.0,0,I,MELB_URBAN,STREET,6,17.0
178537,2,1,99,5,1,60.0,0,N,LARGE_PROVINCIAL_CITIES,ROAD,1,11.0
178538,1,5,110,1,1,60.0,0,I,RURAL_VICTORIA,STREET,7,7.0
178539,4,5,173,5,5,60.0,0,N,RURAL_VICTORIA,ROAD,7,6.0
178540,6,5,170,5,5,100.0,0,N,TOWNS,HIGHWAY,7,6.0
178541,1,4,147,5,1,50.0,0,N,SMALL_CITIES,STREET,6,14.0
178542,1,4,130,5,1,80.0,0,N,MELB_URBAN,HIGHWAY,7,7.0
178543,4,4,183,5,5,100.0,0,N,RURAL_VICTORIA,HIGHWAY,7,21.0
178544,2,5,102,1,1,60.0,0,I,MELB_URBAN,ROAD,6,11.0
178545,1,2,130,5,5,60.0,0,N,RURAL_VICTORIA,ROAD,7,5.0
178546,4,2,181,5,1,60.0,0,N,RURAL_VICTORIA,ROAD,7,15.0
178547,1,2,121,1,3,60.0,0,I,MELB_URBAN,STREET,7,22.0
178548,1,4,133,5,1,100.0,0,N,RURAL_VICTORIA,ROAD,7,9.0
178549,1,4,99,1,1,60.0,0,I,MELB_URBAN,ROAD,6,9.0
178550,1,5,120,5,1,60.0,0,N,MELB_URBAN,ROAD,7,11.0
178551,1,2,130,1,1,80.0,0,N,LARGE_PROVINCIAL_CITIES,HIGHWAY,6,8.0
178552,6,7,174,5,2,60.0,0,N,MELB_URBAN,RAMP,6,7.0
178553,1,5,130,5,2,80.0,0,N,TOWNS,HIGHWAY,6,7.0
178554,1,5,110,1,2,60.0,0,I,MELB_URBAN,OTHER,5,18.0
178555,1,4,140,1,3,60.0,0,I,MELB_URBAN,ROAD,7,22.0
178556,1,5,121,1,1,60.0,0,I,MELB_URBAN,ROAD,7,14.0
178557,4,4,171,5,1,60.0,0,N,MELB_URBAN,ROAD,7,13.0
178558,4,5,183,5,2,30.0,0,N,RURAL_VICTORIA,ROAD,7,6.0
178559,1,5,99,2,1,100.0,0,N,RURAL_VICTORIA,HIGHWAY,7,15.0
178560,1,6,99,5,1,50.0,0,N,MELB_URBAN,DRIVE,4,9.0
178561,1,5,110,1,1,60.0,0,I,LARGE_PROVINCIAL_CITIES,AVENUE,7,9.0
178562,1,7,147,5,1,40.0,0,N,MELB_URBAN,ROAD,6,11.0
178563,4,4,181,5,5,100.0,0,N,RURAL_VICTORIA,ROAD,6,17.0
178564,4,7,183,5,2,80.0,0,N,MELB_URBAN,UNKNOWN,6,17.0
178565,1,5,120,5,4,60.0,0,N,RURAL_VICTORIA,ROAD,7,17.0
178566,1,5,130,5,3,60.0,0,N,MELB_URBAN,ROAD,7,19.0
178567,1,5,160,5,3,50.0,0,N,MELB_URBAN,STREET,7,18.0
178568,4,5,171,5,3,70.0,0,N,MELB_URBAN,ROAD,7,1.0
178569,4,5,183,5,5,100.0,0,N,RURAL_VICTORIA,ROAD,7,18.0
178570,1,5,121,1,3,70.0,0,I,MELB_URBAN,ROAD,6,21.0
178571,1,2,130,1,2,60.0,0,I,MELB_URBAN,ROAD,4,16.0
178572,1,5,99,5,3,50.0,0,N,SMALL_CITIES,ROAD,7,20.0
178573,2,4,100,1,5,40.0,0,N,MELB_URBAN,STREET,7,17.0
178574,3,5,167,5,5,100.0,0,N,RURAL_VICTORIA,ROAD,7,23.0
178575,8,6,99,5,1,100.0,0,N,RURAL_VICTORIA,ROAD,6,14.0
178576,1,1,130,1,1,60.0,0,I,SMALL_TOWNS,ROAD,6,14.0
178577,1,5,99,2,1,50.0,0,I,MELB_URBAN,STREET,7,13.0
178578,1,5,130,5,1,80.0,0,N,RURAL_VICTORIA,ROAD,6,12.0
178579,1,5,130,5,1,60.0,0,N,LARGE_PROVINCIAL_CITIES,ROAD,7,15.0
178580,1,6,134,5,2,100.0,0,N,MELB_URBAN,ROAD,7,7.0
178581,1,5,121,1,1,60.0,0,I,MELB_URBAN,HIGHWAY,7,7.0
178582,1,5,160,5,1,50.0,0,N,SMALL_CITIES,STREET,7,8.0
178583,1,3,99,5,1,60.0,0,N,RURAL_VICTORIA,RAMP,7,15.0
178584,4,5,171,5,5,50.0,0,O,LARGE_PROVINCIAL_CITIES,UNKNOWN,7,20.0
178585,1,5,120,1,3,60.0,0,I,MELB_URBAN,STREET,7,5.0
178586,1,4,130,5,1,60.0,0,N,MELB_URBAN,STREET,6,8.0
178587,1,6,99,2,1,40.0,0,I,MELB_URBAN,STREET,7,10.0
178588,1,6,116,2,9,60.0,0,I,RURAL_VICTORIA,ROAD,6,17.0
178589,1,5,130,5,1,60.0,0,N,MELB_URBAN,STREET,6,14.0
178590,1,6,147,5,1,60.0,0,N,MELB_URBAN,ROAD,7,12.0
178591,1,6,160,5,1,50.0,0,N,MELB_URBAN,STREET,7,10.0
178592,2,6,100,5,1,60.0,0,N,MELB_URBAN,OTHER,7,11.0
178593,1,6,130,2,1,70.0,0,I,MELB_URBAN,ROAD,7,11.0
178594,1,6,121,2,1,60.0,0,I,MELB_URBAN,STREET,7,10.0
178595,1,5,130,1,1,70.0,0,N,LARGE_PROVINCIAL_CITIES,ROAD,5,8.0
178596,1,6,135,2,1,80.0,0,I,MELB_URBAN,ROAD,7,12.0
178597,8,6,184,5,1,60.0,0,N,RURAL_VICTORIA,ROAD,7,12.0
178598,1,4,110,1,1,50.0,0,I,MELB_URBAN,STREET,7,6.0
178599,1,6,135,5,1,60.0,0,N,MELB_URBAN,ROAD,7,15.0
178600,1,7,130,5,2,50.0,0,N,MELB_URBAN,STREET,6,20.0
178601,1,4,121,2,1,60.0,0,I,MELB_URBAN,ROAD,7,14.0
178602,6,2,174,5,4,60.0,0,N,MELB_URBAN,ROAD,7,21.0
178603,1,6,110,1,1,50.0,0,I,MELB_URBAN,STREET,7,15.0
178604,1,6,120,5,1,100.0,1,N,TOWNS,HIGHWAY,7,13.0
178605,1,6,113,2,1,60.0,0,I,SMALL_CITIES,STREET,7,16.0
178606,1,5,130,2,2,50.0,0,I,TOWNS,HIGHWAY,7,7.0
178607,1,4,163,5,1,60.0,0,N,MELB_URBAN,STREET,6,17.0
178608,1,5,116,2,3,100.0,0,I,RURAL_VICTORIA,HIGHWAY,7,21.0
178609,1,6,99,2,1,50.0,0,I,SMALL_CITIES,OTHER,7,16.0
178610,1,6,147,2,2,30.0,0,I,MELB_URBAN,ROAD,7,17.0
178611,3,3,167,5,5,100.0,0,N,RURAL_VICTORIA,ROAD,11,19.0
178612,1,6,130,2,2,50.0,0,I,MELB_URBAN,STREET,7,17.0
178613,7,6,99,5,5,60.0,0,N,RURAL_VICTORIA,ROAD,7,17.0
178614,1,6,111,1,3,60.0,0,I,MELB_URBAN,STREET,7,18.0
178615,2,6,102,5,3,70.0,0,N,MELB_URBAN,ROAD,7,23.0
178616,5,7,171,5,5,100.0,0,N,RURAL_VICTORIA,HIGHWAY,7,2.0
178617,1,6,130,5,1,80.0,0,N,MELB_URBAN,HIGHWAY,6,13.0
178618,1,6,121,5,3,40.0,0,N,MELB_URBAN,ROAD,7,7.0
178619,4,7,171,5,1,100.0,0,N,RURAL_VICTORIA,HIGHWAY,7,8.0
178620,1,4,130,1,3,50.0,0,N,MELB_URBAN,ROAD,7,17.0
178621,1,6,130,2,1,60.0,0,I,MELB_URBAN,STREET,7,15.0
178622,2,7,99,5,1,60.0,0,N,MELB_URBAN,AVENUE,6,12.0
178623,4,4,171,5,1,50.0,0,I,MELB_URBAN,AVENUE,7,15.0
178624,6,6,174,5,1,70.0,0,N,MELB_URBAN,ROAD,7,11.0
178625,1,7,111,2,1,60.0,0,I,SMALL_CITIES,STREET,7,12.0
178626,5,7,99,5,1,100.0,0,N,RURAL_VICTORIA,ROAD,7,11.0
178627,1,6,110,1,1,60.0,0,I,TOWNS,STREET,7,14.0
178628,4,7,171,2,1,50.0,0,I,MELB_URBAN,DRIVE,7,14.0
178629,1,7,111,1,1,30.0,0,I,MELB_URBAN,STREET,7,17.0
178630,1,7,140,5,1,60.0,0,N,MELB_URBAN,ROAD,7,15.0
178631,1,7,113,1,3,60.0,0,I,SMALL_CITIES,STREET,7,19.0
178632,4,7,173,5,3,50.0,0,N,SMALL_CITIES,STREET,7,19.0
178633,2,7,102,1,3,60.0,0,N,MELB_URBAN,ROAD,7,21.0
178634,4,7,183,5,3,60.0,0,N,MELB_URBAN,ROAD,7,21.0
178635,2,2,100,5,1,60.0,0,N,MELB_URBAN,HIGHWAY,6,16.0
178636,4,7,171,5,3,100.0,1,N,RURAL_VICTORIA,HIGHWAY,7,20.0
178637,1,1,113,2,3,70.0,0,I,MELB_URBAN,ROAD,7,1.0
178638,1,1,110,1,2,60.0,0,I,SMALL_CITIES,STREET,7,7.0
178639,1,7,110,1,3,50.0,0,I,MELB_URBAN,ROAD,6,17.0
178640,1,7,163,5,1,50.0,0,N,MELB_URBAN,STREET,7,11.0
178641,1,1,113,2,1,50.0,0,I,MELB_URBAN,STREET,7,9.0
178642,1,1,160,5,1,50.0,0,N,MELB_URBAN,STREET,7,8.0
178643,1,3,147,5,1,60.0,0,N,LARGE_PROVINCIAL_CITIES,ROAD,7,17.0
178644,1,1,140,1,1,40.0,0,I,MELB_URBAN,STREET,7,10.0
178645,1,1,121,2,1,60.0,0,I,SMALL_CITIES,ROAD,7,11.0
178646,4,1,171,5,5,70.0,0,N,MELB_URBAN,ROAD,7,4.0
178647,1,0,113,2,1,100.0,0,I,RURAL_VICTORIA,ROAD,7,11.0
178648,4,1,183,5,1,60.0,0,N,MELB_URBAN,DRIVE,7,12.0
178649,4,7,181,2,5,80.0,0,N,MELB_URBAN,ROAD,7,20.0
178650,6,1,184,5,1,80.0,0,N,RURAL_VICTORIA,ROAD,7,13.0
178651,8,0,99,5,1,40.0,0,N,RURAL_VICTORIA,OTHER,7,15.0
178652,1,1,113,1,1,60.0,0,I,RURAL_VICTORIA,ROAD,7,15.0
178653,1,3,110,1,1,60.0,0,I,MELB_URBAN,BOULEVARD,6,6.0
178654,6,1,174,5,1,50.0,0,N,MELB_URBAN,ROAD,6,10.0
178655,1,2,130,5,3,60.0,0,N,MELB_URBAN,HIGHWAY,5,19.0
178656,2,1,100,1,1,60.0,0,I,MELB_URBAN,HIGHWAY,7,15.0
178657,4,1,183,5,1,100.0,0,N,RURAL_VICTORIA,ROAD,7,15.0
178658,4,1,99,5,1,50.0,0,N,MELB_URBAN,STREET,7,14.0
178659,1,1,120,5,2,50.0,0,N,MELB_URBAN,ROAD,7,17.0
178660,1,0,130,3,2,100.0,0,N,MELB_URBAN,ROAD,7,7.0
178661,5,4,99,5,1,80.0,0,N,RURAL_VICTORIA,ROAD,5,14.0
178662,2,0,102,5,3,60.0,0,N,MELB_URBAN,STREET,7,19.0
178663,4,1,171,5,1,50.0,0,N,RURAL_VICTORIA,ROAD,7,14.0
178664,6,0,99,1,1,100.0,0,I,RURAL_VICTORIA,ROAD,7,17.0
178665,1,1,121,1,3,80.0,0,N,MELB_URBAN,ROAD,7,20.0
178666,1,0,133,2,3,60.0,0,N,MELB_URBAN,STREET,7,17.0
178667,6,1,99,5,3,80.0,0,N,RURAL_VICTORIA,RAMP,7,22.0
178668,1,5,130,5,2,60.0,0,N,MELB_URBAN,ROAD,7,17.0
178669,4,1,171,5,3,80.0,0,N,LARGE_PROVINCIAL_CITIES,STREET,7,23.0
178670,4,2,171,5,3,50.0,0,N,LARGE_PROVINCIAL_CITIES,STREET,7,3.0
178671,4,2,171,5,3,60.0,0,N,MELB_URBAN,HIGHWAY,7,4.0
178672,2,2,102,1,2,70.0,0,I,MELB_URBAN,ROAD,7,6.0
178673,4,7,183,5,3,80.0,0,N,SMALL_CITIES,HIGHWAY,7,2.0
178674,1,3,130,5,1,100.0,0,N,MELB_URBAN,FREEWAY,6,15.0
178675,1,7,140,5,1,60.0,0,N,MELB_URBAN,AVENUE,7,11.0
178676,4,2,171,5,1,60.0,0,N,TOWNS,STREET,7,9.0
178677,1,7,163,2,1,40.0,0,I,MELB_URBAN,STREET,7,10.0
178678,1,2,130,5,1,60.0,0,N,MELB_URBAN,ROAD,7,7.0
178679,1,1,121,1,1,40.0,0,I,LARGE_PROVINCIAL_CITIES,STREET,5,12.0
178680,1,2,121,1,1,60.0,0,I,MELB_URBAN,ROAD,7,10.0
178681,1,1,130,5,1,80.0,0,N,MELB_URBAN,UNKNOWN,7,11.0
178682,1,0,130,2,3,60.0,0,I,MELB_URBAN,ROAD,6,17.0
178683,4,4,99,5,1,50.0,0,N,MELB_URBAN,AVENUE,6,14.0
178684,1,7,130,5,1,50.0,0,N,MELB_URBAN,ROAD,6,15.0
178685,1,3,130,1,1,40.0,0,I,MELB_URBAN,ROAD,4,11.0
178686,1,4,130,5,1,70.0,0,N,MELB_URBAN,STREET,7,12.0
178687,4,2,99,5,1,80.0,0,N,MELB_URBAN,HIGHWAY,7,13.0
178688,1,2,121,5,1,60.0,0,N,MELB_URBAN,ROAD,7,12.0
178689,1,2,160,5,1,60.0,0,N,MELB_URBAN,ROAD,7,13.0
178690,6,7,174,5,1,100.0,0,N,RURAL_VICTORIA,OTHER,4,11.0
178691,1,2,160,5,1,50.0,0,N,RURAL_VICTORIA,STREET,7,10.0
178692,1,3,130,5,1,60.0,0,N,LARGE_PROVINCIAL_CITIES,ROAD,6,13.0
178693,1,4,99,5,3,60.0,0,I,MELB_URBAN,ROAD,5,20.0
178694,1,0,130,2,1,60.0,0,N,MELB_URBAN,ROAD,6,13.0
178695,1,2,121,1,1,80.0,0,I,MELB_URBAN,ROAD,7,16.0
178696,1,1,121,2,3,60.0,0,I,MELB_URBAN,ROAD,7,17.0
178697,1,5,110,1,3,60.0,0,I,MELB_URBAN,AVENUE,6,18.0
178698,1,6,130,5,1,80.0,0,N,MELB_URBAN,HIGHWAY,6,16.0
178699,1,4,130,5,3,60.0,0,N,MELB_URBAN,OTHER,7,18.0
178700,1,1,160,5,1,50.0,0,N,MELB_URBAN,STREET,7,15.0
178701,4,1,183,5,1,60.0,0,N,RURAL_VICTORIA,ROAD,7,16.0
178702,1,2,110,1,3,60.0,0,I,LARGE_PROVINCIAL_CITIES,ROAD,7,17.0
178703,1,2,99,1,3,80.0,0,N,MELB_URBAN,STREET,7,19.0
178704,1,1,110,1,3,60.0,0,N,MELB_URBAN,ROAD,7,17.0
178705,1,3,147,5,1,60.0,0,N,SMALL_CITIES,OTHER,6,12.0
178706,6,3,174,1,3,80.0,0,N,MELB_URBAN,HIGHWAY,4,21.0
178707,1,1,130,5,1,50.0,0,N,MELB_URBAN,ROAD,7,16.0
178708,1,2,160,5,3,50.0,0,N,MELB_URBAN,ROAD,7,20.0
178709,1,2,160,5,3,60.0,0,N,MELB_URBAN,ROAD,7,18.0
178710,1,2,120,5,5,100.0,1,N,RURAL_VICTORIA,ROAD,7,20.0
178711,1,6,130,5,1,60.0,0,N,MELB_URBAN,OTHER,6,11.0
178712,2,3,102,2,3,60.0,0,I,MELB_URBAN,ROAD,7,5.0
178713,4,1,181,5,2,100.0,0,N,RURAL_VICTORIA,ROAD,7,17.0
178714,1,3,110,1,5,100.0,0,I,RURAL_VICTORIA,ROAD,7,4.0
178715,1,1,130,2,1,60.0,0,I,MELB_URBAN,ROAD,7,14.0
178716,1,6,160,5,3,40.0,0,N,MELB_URBAN,STREET,7,2.0
178717,1,3,110,1,3,60.0,0,I,LARGE_PROVINCIAL_CITIES,STREET,7,6.0
178718,8,1,174,5,1,60.0,0,N,RURAL_VICTORIA,ROAD,7,12.0
178719,1,2,120,1,1,50.0,0,I,MELB_URBAN,STREET,7,8.0
178720,8,6,174,5,6,50.0,0,N,MELB_URBAN,STREET,3,22.0
178721,1,3,110,1,1,70.0,0,I,SMALL_CITIES,PARADE,7,11.0
178722,1,2,99,1,1,50.0,0,I,MELB_URBAN,ROAD,7,16.0
178723,1,5,140,2,1,60.0,0,I,MELB_URBAN,AVENUE,8,15.0
178724,2,3,99,5,1,40.0,0,N,MELB_URBAN,ROAD,7,12.0
178725,1,1,163,1,1,40.0,0,O,MELB_URBAN,UNKNOWN,7,15.0
178726,1,4,130,5,2,100.0,0,N,MELB_URBAN,FREEWAY,7,16.0
178727,1,3,99,2,1,60.0,0,I,MELB_URBAN,HIGHWAY,3,12.0
178728,1,3,130,5,1,80.0,0,N,MELB_URBAN,ROAD,7,12.0
178729,1,4,110,1,1,60.0,0,I,LARGE_PROVINCIAL_CITIES,OTHER,7,8.0
178730,4,3,183,5,1,60.0,0,N,MELB_URBAN,ROAD,7,14.0
178731,8,1,99,5,5,100.0,0,N,RURAL_VICTORIA,ROAD,7,18.0
178732,1,2,113,2,1,50.0,0,N,RURAL_VICTORIA,AVENUE,7,14.0
178733,4,4,183,5,5,100.0,0,N,RURAL_VICTORIA,ROAD,6,18.0
178734,1,3,140,5,1,60.0,0,N,MELB_URBAN,ROAD,7,8.0
178735,4,3,171,5,1,100.0,0,N,RURAL_VICTORIA,ROAD,7,15.0
178736,2,6,99,5,1,60.0,0,N,MELB_URBAN,STREET,4,11.0
178737,1,2,110,1,1,30.0,0,I,MELB_URBAN,DRIVE,7,14.0
178738,2,2,99,5,1,60.0,0,N,MELB_URBAN,ROAD,7,16.0
178739,8,3,174,5,1,50.0,0,N,LARGE_PROVINCIAL_CITIES,PARADE,7,16.0
178740,1,5,99,5,1,60.0,0,N,MELB_URBAN,STREET,5,17.0
178741,1,4,99,2,1,60.0,0,N,RURAL_VICTORIA,STREET,6,17.0
178742,1,4,130,2,1,60.0,0,I,LARGE_PROVINCIAL_CITIES,STREET,4,15.0
178743,2,3,99,2,3,60.0,0,N,MELB_URBAN,ROAD,7,18.0
178744,2,3,102,5,3,60.0,0,N,MELB_URBAN,ROAD,7,17.0
178745,1,6,135,2,6,60.0,0,I,RURAL_VICTORIA,ROAD,5,20.0
178746,2,3,100,1,3,60.0,0,N,MELB_URBAN,BOULEVARD,7,21.0
178747,4,2,181,5,2,50.0,0,N,MELB_URBAN,PARADE,7,17.0
178748,1,3,121,4,3,60.0,0,N,MELB_URBAN,HIGHWAY,7,19.0
178749,1,6,134,5,5,100.0,0,N,MELB_URBAN,UNKNOWN,7,21.0
178750,4,3,99,2,3,60.0,0,I,MELB_URBAN,ROAD,7,23.0
178751,1,4,160,5,3,60.0,0,N,MELB_URBAN,ROAD,7,17.0
178752,1,2,99,2,3,40.0,0,I,MELB_URBAN,OTHER,7,23.0
178753,4,4,171,5,5,60.0,1,N,RURAL_VICTORIA,ROAD,7,0.0
178754,1,4,120,5,5,100.0,0,N,RURAL_VICTORIA,ROAD,7,6.0
178755,1,2,110,1,1,50.0,0,I,SMALL_CITIES,STREET,7,12.0
178756,6,7,99,5,6,60.0,0,N,SMALL_CITIES,DRIVE,6,5.0
178757,4,1,183,5,1,60.0,0,N,RURAL_VICTORIA,ROAD,7,15.0
178758,1,4,121,5,1,50.0,0,N,MELB_URBAN,DRIVE,7,8.0
178759,1,1,120,5,1,50.0,0,N,MELB_URBAN,BOULEVARD,7,14.0
178760,8,7,99,5,1,110.0,0,N,RURAL_VICTORIA,RAMP,7,9.0
178761,1,4,130,1,1,60.0,0,I,MELB_URBAN,ROAD,6,12.0
178762,1,4,130,5,2,60.0,0,N,MELB_URBAN,RAMP,7,6.0
178763,1,4,99,5,1,70.0,0,N,LARGE_PROVINCIAL_CITIES,HIGHWAY,7,11.0
178764,1,4,130,1,1,70.0,0,I,LARGE_PROVINCIAL_CITIES,STREET,7,12.0
178765,1,2,110,1,3,100.0,0,N,MELB_URBAN,ROAD,7,18.0
178766,1,4,113,2,1,70.0,0,I,RURAL_VICTORIA,ROAD,7,11.0
178767,1,3,160,5,2,50.0,0,N,MELB_URBAN,OTHER,7,7.0
178768,4,4,173,5,1,50.0,0,N,MELB_URBAN,STREET,7,9.0
178769,1,2,130,2,2,80.0,0,I,MELB_URBAN,ROAD,7,17.0
178770,1,2,130,5,1,40.0,0,N,RURAL_VICTORIA,PARADE,7,12.0
178771,2,4,100,1,1,50.0,0,N,MELB_URBAN,STREET,7,12.0
178772,1,1,121,1,3,60.0,0,I,MELB_URBAN,ROAD,8,18.0
178773,4,3,173,5,5,100.0,1,N,RURAL_VICTORIA,HIGHWAY,7,19.0
178774,1,4,99,5,1,60.0,0,N,MELB_URBAN,DRIVE,6,7.0
178775,1,4,113,2,1,50.0,0,I,MELB_URBAN,ROAD,7,11.0
178776,3,0,167,5,1,60.0,0,N,RURAL_VICTORIA,ROAD,7,15.0
178777,1,4,130,5,1,40.0,0,N,MELB_URBAN,ROAD,7,14.0
178778,1,3,130,5,1,100.0,0,N,RURAL_VICTORIA,FREEWAY,7,15.0
178779,1,3,110,1,1,60.0,0,I,MELB_URBAN,ROAD,7,8.0
178780,6,0,174,5,1,60.0,0,N,RURAL_VICTORIA,OTHER,7,10.0
178781,1,1,111,1,1,50.0,0,I,MELB_URBAN,STREET,7,17.0
178782,1,3,130,2,1,60.0,0,I,MELB_URBAN,ROAD,7,14.0
178783,1,2,110,1,5,100.0,0,I,RURAL_VICTORIA,HIGHWAY,7,18.0
178784,1,4,113,1,1,60.0,0,I,LARGE_PROVINCIAL_CITIES,STREET,7,14.0
178785,1,4,99,2,1,80.0,0,I,MELB_URBAN,HIGHWAY,7,13.0
178786,1,3,130,2,3,60.0,0,I,MELB_URBAN,ROAD,5,18.0