,accident_type,day_of_week,dca_code,road_geometry,light_condition,speed_zone,severity,node_type,deg_urban_name,road_type,month,hour
178787,1,2,99,4,1,60.0,0,I,MELB_URBAN,ROAD,6,15.0
178788,1,3,120,5,6,60.0,0,N,MELB_URBAN,STREET,7,19.0
178789,2,4,102,1,3,40.0,0,I,MELB_URBAN,STREET,7,18.0
178790,1,4,130,1,1,60.0,0,I,MELB_URBAN,STREET,7,7.0
178791,1,4,120,5,1,100.0,1,N,RURAL_VICTORIA,ROAD,7,13.0
178792,4,4,183,5,1,80.0,0,N,MELB_URBAN,ROAD,7,16.0
178793,1,4,130,1,1,80.0,0,N,MELB_URBAN,FREEWAY,7,16.0
178794,2,4,100,5,3,40.0,0,N,MELBOURNE_CBD,STREET,7,18.0
178795,1,4,99,2,2,50.0,0,I,MELB_URBAN,ROAD,7,16.0
178796,1,4,121,1,3,40.0,0,I,MELB_URBAN,STREET,7,22.0
178797,4,4,181,5,3,70.0,1,N,MELB_URBAN,ROAD,7,22.0
178798,4,4,171,5,5,100.0,0,N,RURAL_VICTORIA,ROAD,7,23.0
178799,1,5,120,5,3,80.0,0,N,SMALL_CITIES,HIGHWAY,7,1.0
178800,1,4,160,5,5,80.0,0,N,RURAL_VICTORIA,ROAD,7,22.0
178801,1,2,99,5,1,50.0,0,N,SMALL_CITIES,STREET,7,14.0
178802,1,4,133,2,1,60.0,0,I,RURAL_VICTORIA,ROAD,7,9.0
178803,1,5,99,5,1,60.0,0,N,MELB_URBAN,ROAD,7,9.0
178804,4,2,173,5,9,100.0,0,N,RURAL_VICTORIA,ROAD,3,8.0
178805,4,4,171,5,3,60.0,0,N,MELB_URBAN,ROAD,6,18.0
178806,1,2,130,5,2,80.0,0,N,RURAL_VICTORIA,ROAD,7,16.0
178807,1,4,130,5,9,50.0,0,N,LARGE_PROVINCIAL_CITIES,STREET,5,16.0
178808,1,5,130,5,1,80.0,0,N,MELB_URBAN,HIGHWAY,7,12.0
178809,1,5,99,1,1,70.0,0,N,MELB_URBAN,STREET,7,10.0
178810,1,2,132,2,1,80.0,0,I,RURAL_VICTORIA,ROAD,7,12.0
178811,3,3,167,5,1,100.0,0,N,RURAL_VICTORIA,ROAD,7,7.0
178812,4,2,173,5,1,70.0,0,N,MELB_URBAN,ROAD,7,15.0
178813,1,7,116,1,1,80.0,0,I,MELB_URBAN,ROAD,6,13.0
178814,1,3,113,2,2,60.0,0,N,TOWNS,ROAD,6,6.0
178815,6,1,174,5,1,60.0,0,N,RURAL_VICTORIA,OTHER,7,12.0
178816,4,4,171,5,1,50.0,0,N,SMALL_CITIES,BOULEVARD,7,14.0
178817,1,2,110,1,1,50.0,0,I,MELB_URBAN,STREET,5,9.0
178818,1,5,160,5,1,50.0,0,N,MELB_URBAN,OTHER,7,13.0
178819,1,5,160,5,1,40.0,0,N,MELB_URBAN,STREET,7,16.0
178820,1,6,130,1,2,40.0,0,I,MELBOURNE_CBD,STREET,7,6.0
178821,1,5,121,1,1,80.0,0,I,MELB_URBAN,HIGHWAY,7,15.0
178822,1,5,120,5,1,100.0,1,N,RURAL_VICTORIA,ROAD,7,11.0
178823,2,2,99,5,6,50.0,0,N,MELB_URBAN,STREET,5,17.0
178824,6,1,174,2,1,60.0,0,I,RURAL_VICTORIA,ROAD,6,18.0
178825,1,5,121,2,1,60.0,0,I,MELB_URBAN,STREET,7,16.0
178826,4,1,173,5,1,100.0,0,N,RURAL_VICTORIA,HIGHWAY,7,7.0
178827,1,5,120,5,1,100.0,0,N,RURAL_VICTORIA,HIGHWAY,7,15.0
178828,2,4,102,2,6,50.0,0,I,SMALL_CITIES,STREET,7,18.0
178829,1,5,121,1,3,60.0,0,I,MELB_URBAN,OTHER,7,17.0
178830,2,5,99,5,1,60.0,0,N,LARGE_PROVINCIAL_CITIES,ROAD,7,16.0
178831,1,5,132,2,1,60.0,0,I,MELB_URBAN,ROAD,7,16.0
178832,6,5,184,5,5,80.0,0,N,RURAL_VICTORIA,ROAD,7,18.0
178833,2,5,99,5,2,70.0,0,N,MELB_URBAN,ROAD,7,17.0
178834,1,6,130,5,1,60.0,0,N,MELBOURNE_CBD,STREET,4,12.0
178835,1,5,99,5,1,60.0,0,N,MELB_URBAN,ROAD,6,8.0
178836,4,5,181,2,5,80.0,0,I,RURAL_VICTORIA,HIGHWAY,7,18.0
178837,1,5,121,1,3,40.0,0,O,MELB_URBAN,UNKNOWN,7,18.0
178838,1,5,113,2,3,80.0,0,N,RURAL_VICTORIA,ROAD,7,18.0
178839,1,5,160,5,3,50.0,0,N,MELB_URBAN,AVENUE,7,19.0
178840,6,4,99,5,1,80.0,0,N,RURAL_VICTORIA,ROAD,7,16.0
178841,1,5,160,5,3,60.0,0,N,TOWNS,STREET,7,20.0
178842,1,2,135,1,2,40.0,0,I,MELB_URBAN,AVENUE,6,17.0
178843,1,5,120,5,3,100.0,0,N,RURAL_VICTORIA,ROAD,7,19.0
178844,1,6,140,5,5,80.0,0,N,RURAL_VICTORIA,HIGHWAY,6,19.0
178845,1,3,116,1,3,40.0,0,I,RURAL_VICTORIA,ROAD,3,23.0
178846,4,6,171,2,3,100.0,0,N,RURAL_VICTORIA,HIGHWAY,7,1.0
178847,1,6,99,5,3,40.0,0,N,MELB_URBAN,ROAD,7,1.0
178848,1,2,130,1,1,60.0,0,N,RURAL_VICTORIA,BOULEVARD,7,15.0
178849,1,4,147,5,3,40.0,0,N,MELB_URBAN,ROAD,6,21.0
178850,1,5,99,2,3,50.0,0,I,MELB_URBAN,OTHER,7,7.0
178851,1,6,121,1,1,70.0,0,I,MELB_URBAN,ROAD,7,7.0
178852,1,6,110,1,3,40.0,0,I,MELB_URBAN,STREET,7,7.0
178853,1,6,113,2,2,60.0,0,I,MELB_URBAN,ROAD,7,6.0
178854,1,6,130,1,1,80.0,0,I,SMALL_CITIES,HIGHWAY,7,7.0
178855,1,3,130,5,4,80.0,0,N,MELB_URBAN,FREEWAY,7,20.0
178856,1,5,121,1,3,60.0,0,I,LARGE_PROVINCIAL_CITIES,HIGHWAY,7,6.0
178857,6,1,174,5,1,80.0,0,N,RURAL_VICTORIA,ROAD,4,12.0
178858,1,6,130,5,1,60.0,0,N,LARGE_PROVINCIAL_CITIES,STREET,7,9.0
178859,1,4,130,5,1,60.0,0,N,MELB_URBAN,STREET,4,8.0
178860,1,2,116,2,1,40.0,0,I,MELB_URBAN,ROAD,7,16.0
178861,1,6,120,5,1,50.0,0,N,MELB_URBAN,ROAD,7,10.0
178862,6,7,174,2,1,60.0,0,I,MELB_URBAN,ROAD,6,10.0
178863,1,5,111,2,1,60.0,0,I,MELB_URBAN,ROAD,7,10.0
178864,8,4,174,5,1,100.0,0,N,RURAL_VICTORIA,ROAD,7,15.0
178865,1,6,113,2,1,80.0,0,I,MELB_URBAN,ROAD,7,11.0
178866,1,3,113,1,1,80.0,0,I,MELB_URBAN,ROAD,2,9.0
178867,2,6,100,2,1,40.0,0,I,MELB_URBAN,STREET,7,12.0
178868,1,2,99,2,1,80.0,0,I,MELB_URBAN,ROAD,7,12.0
178869,1,6,160,5,1,50.0,0,N,LARGE_PROVINCIAL_CITIES,ROAD,7,17.0
178870,4,5,183,5,6,100.0,0,N,MELB_URBAN,RAMP,7,23.0
178871,2,4,102,5,2,70.0,0,N,MELB_URBAN,STREET,7,17.0
178872,7,5,99,1,2,80.0,0,I,MELB_URBAN,ROAD,7,7.0
178873,1,6,130,2,2,50.0,0,I,MELB_URBAN,STREET,7,7.0
178874,4,4,171,5,1,60.0,0,I,MELB_URBAN,STREET,6,15.0
178875,8,6,99,5,1,60.0,0,N,RURAL_VICTORIA,HIGHWAY,7,14.0
178876,1,6,99,2,1,100.0,0,N,RURAL_VICTORIA,ROAD,7,13.0
178877,1,2,147,5,1,60.0,0,N,MELB_URBAN,ROAD,7,15.0
178878,1,5,130,5,1,40.0,0,N,MELBOURNE_CBD,STREET,7,14.0
178879,1,5,132,2,2,60.0,0,N,MELB_URBAN,STREET,6,17.0
178880,1,6,110,1,1,80.0,0,I,MELB_URBAN,HIGHWAY,7,15.0
178881,1,6,113,4,1,60.0,0,I,TOWNS,STREET,7,15.0
178882,1,6,133,5,3,50.0,0,N,LARGE_PROVINCIAL_CITIES,STREET,7,19.0
178883,1,6,130,5,3,100.0,0,N,MELB_URBAN,FREEWAY,7,18.0
178884,2,6,100,5,3,50.0,0,N,RURAL_VICTORIA,DRIVE,7,18.0
178885,2,6,100,1,3,60.0,0,I,RURAL_VICTORIA,DRIVE,7,18.0
178886,1,6,99,5,5,100.0,0,N,RURAL_VICTORIA,HIGHWAY,7,18.0
178887,4,6,99,5,5,50.0,0,N,TOWNS,UNKNOWN,7,19.0
178888,6,6,174,5,1,80.0,0,N,MELB_URBAN,ROAD,7,17.0
178889,2,5,102,5,3,40.0,0,N,MELB_URBAN,STREET,7,22.0
178890,4,5,173,5,5,80.0,0,N,RURAL_VICTORIA,STREET,7,5.0
178891,1,5,130,1,3,80.0,0,I,MELB_URBAN,ROAD,7,23.0
178892,1,6,120,1,3,50.0,0,I,MELB_URBAN,OTHER,7,22.0
178893,4,6,171,5,1,50.0,0,N,MELB_URBAN,DRIVE,7,14.0
178894,4,6,181,5,1,80.0,0,N,RURAL_VICTORIA,ROAD,7,12.0
178895,4,7,183,5,5,100.0,0,N,RURAL_VICTORIA,ROAD,7,0.0
178896,4,7,171,1,3,80.0,0,I,MELB_URBAN,ROAD,7,6.0
178897,1,1,130,1,1,40.0,0,I,MELB_URBAN,ROAD,7,15.0
178898,1,4,130,5,1,80.0,0,N,MELB_URBAN,ROAD,5,15.0
178899,1,7,134,1,1,60.0,0,N,MELB_URBAN,ROAD,7,8.0
178900,1,1,132,1,1,60.0,0,I,MELB_URBAN,ROAD,7,15.0
178901,6,7,99,2,1,60.0,0,I,MELB_URBAN,ROAD,7,10.0
178902,4,7,171,5,1,100.0,0,N,RURAL_VICTORIA,ROAD,7,11.0
178903,1,5,130,5,1,80.0,0,N,MELB_URBAN,RAMP,6,17.0
178904,1,7,99,5,1,60.0,0,N,MELB_URBAN,ROAD,7,12.0
178905,1,6,120,5,1,60.0,0,N,RURAL_VICTORIA,ROAD,7,10.0
178906,1,7,113,2,1,60.0,0,I,MELB_URBAN,ROAD,7,13.0
178907,4,7,181,5,1,60.0,0,N,MELB_URBAN,PARADE,7,12.0
178908,1,6,121,2,1,40.0,0,I,MELB_URBAN,STREET,7,14.0
178909,1,6,130,5,1,80.0,0,N,MELB_URBAN,ROAD,7,15.0
178910,1,7,121,1,1,80.0,0,I,RURAL_VICTORIA,STREET,7,13.0
178911,1,6,130,5,3,60.0,0,N,MELB_URBAN,STREET,7,17.0
178912,1,6,121,2,3,60.0,0,I,MELB_URBAN,ROAD,7,18.0
178913,1,6,140,5,5,80.0,0,N,RURAL_VICTORIA,ROAD,7,20.0
178914,1,6,133,5,3,60.0,0,N,MELB_URBAN,UNKNOWN,7,17.0
178915,1,6,133,1,1,40.0,0,N,MELB_URBAN,ROAD,7,13.0
178916,1,7,140,4,3,80.0,0,I,MELB_URBAN,ROAD,7,20.0
178917,4,7,181,5,3,110.0,0,N,SMALL_TOWNS,FREEWAY,7,18.0
178918,1,7,121,2,3,80.0,0,I,RURAL_VICTORIA,ROAD,7,22.0
178919,4,7,171,5,3,50.0,0,N,MELB_URBAN,AVENUE,7,19.0
178920,4,7,173,5,1,100.0,1,N,RURAL_VICTORIA,ROAD,7,14.0
178921,1,7,110,1,2,80.0,0,I,MELB_URBAN,ROAD,7,16.0
178922,1,7,120,2,5,70.0,0,N,MELB_URBAN,ROAD,7,20.0
178923,4,7,181,5,5,60.0,0,N,RURAL_VICTORIA,OTHER,7,22.0
178924,4,1,183,5,3,70.0,0,N,MELB_URBAN,UNKNOWN,7,3.0
178925,1,1,181,2,3,50.0,0,I,SMALL_CITIES,AVENUE,7,3.0
178926,1,1,110,1,3,60.0,0,I,MELB_URBAN,ROAD,7,6.0
178927,1,1,113,1,1,80.0,0,N,MELB_URBAN,ROAD,7,8.0
178928,2,1,99,5,1,50.0,0,N,TOWNS,PARADE,7,10.0
178929,1,3,130,5,1,60.0,0,N,MELB_URBAN,STREET,6,16.0
178930,8,7,174,5,1,80.0,0,N,MELB_URBAN,HIGHWAY,7,8.0
178931,4,0,171,5,1,100.0,0,N,MELB_URBAN,FREEWAY,7,11.0
178932,1,4,130,2,6,60.0,0,N,MELB_URBAN,STREET,6,17.0
178933,1,3,110,1,3,60.0,0,I,SMALL_CITIES,ROAD,7,18.0
178934,1,6,110,1,1,50.0,0,I,TOWNS,STREET,7,12.0
178935,1,4,110,1,1,60.0,0,I,LARGE_PROVINCIAL_CITIES,ROAD,7,16.0
178936,1,3,132,2,1,60.0,0,N,MELB_URBAN,ROAD,7,16.0
178937,1,3,113,2,5,60.0,0,I,MELB_URBAN,ROAD,7,20.0
178938,1,1,147,5,1,60.0,1,N,MELB_URBAN,ROAD,7,11.0
178939,1,1,113,2,1,60.0,0,I,MELB_URBAN,ROAD,7,14.0
178940,1,4,113,4,3,60.0,0,I,MELB_URBAN,RAMP,7,20.0
178941,4,1,173,5,1,50.0,0,N,MELB_URBAN,ROAD,7,15.0
178942,4,1,181,5,1,100.0,0,N,RURAL_VICTORIA,ROAD,7,15.0
178943,1,7,121,1,6,60.0,0,N,MELB_URBAN,ROAD,7,20.0
178944,5,1,99,2,1,60.0,0,I,MELB_URBAN,ROAD,7,12.0
178945,1,6,133,5,1,70.0,0,N,MELB_URBAN,STREET,7,15.0
178946,1,6,130,2,2,60.0,0,I,MELB_URBAN,AVENUE,7,17.0
178947,1,3,133,5,3,60.0,0,N,MELB_URBAN,ROAD,7,22.0
178948,6,2,99,5,3,70.0,0,N,MELB_URBAN,HIGHWAY,6,18.0
178949,1,1,99,5,1,50.0,0,N,MELB_URBAN,AVENUE,7,14.0
178950,1,3,110,1,3,80.0,0,I,MELB_URBAN,ROAD,6,23.0
178951,1,0,160,5,3,50.0,0,N,MELB_URBAN,ROAD,7,17.0
178952,1,1,116,1,3,80.0,0,I,MELB_URBAN,ROAD,7,19.0
178953,6,7,174,2,1,60.0,0,I,RURAL_VICTORIA,PARADE,7,13.0
178954,1,1,110,1,1,70.0,0,N,MELB_URBAN,ROAD,7,20.0
178955,1,0,135,5,3,80.0,0,N,MELB_URBAN,FREEWAY,7,22.0
178956,1,2,120,5,2,100.0,0,N,RURAL_VICTORIA,ROAD,7,6.0
178957,1,4,110,1,2,50.0,0,I,MELB_URBAN,ROAD,5,17.0
178958,1,2,110,1,3,60.0,0,I,MELB_URBAN,ROAD,7,6.0
178959,1,2,130,5,1,80.0,0,N,MELB_URBAN,ROAD,7,7.0
178960,1,2,120,5,1,60.0,0,N,MELB_URBAN,ROAD,7,8.0
178961,8,1,184,5,1,80.0,0,N,RURAL_VICTORIA,ROAD,7,11.0
178962,1,1,99,1,3,80.0,0,I,MELB_URBAN,ROAD,6,19.0
178963,1,2,120,5,2,100.0,0,N,RURAL_VICTORIA,ROAD,7,6.0
178964,4,2,171,5,1,100.0,0,N,MELB_URBAN,FREEWAY,7,10.0
178965,4,2,99,5,1,50.0,0,N,MELB_URBAN,AVENUE,7,10.0
178966,1,2,111,2,1,60.0,0,I,MELB_URBAN,ROAD,7,7.0
178967,1,1,110,1,2,80.0,0,I,MELB_URBAN,ROAD,7,7.0
178968,1,2,111,1,1,60.0,0,I,MELB_URBAN,UNKNOWN,7,13.0
178969,2,2,102,1,1,60.0,0,I,MELB_URBAN,ROAD,7,7.0
178970,1,2,160,5,1,60.0,0,N,LARGE_PROVINCIAL_CITIES,STREET,7,16.0
178971,1,2,132,2,1,60.0,0,I,LARGE_PROVINCIAL_CITIES,STREET,7,12.0
178972,1,0,133,1,3,40.0,0,I,MELBOURNE_CBD,STREET,7,5.0
178973,1,3,133,5,1,50.0,0,N,MELB_URBAN,OTHER,7,16.0
178974,7,4,99,1,1,60.0,0,I,SMALL_CITIES,DRIVE,8,10.0
178975,1,2,113,1,1,60.0,0,I,MELB_URBAN,STREET,7,14.0
178976,1,6,99,5,1,50.0,0,N,MELB_URBAN,STREET,6,9.0
178977,1,3,130,5,9,60.0,0,N,MELB_URBAN,ROAD,7,18.0
178978,4,0,171,5,1,60.0,0,N,RURAL_VICTORIA,ROAD,7,10.0
178979,1,1,133,1,1,80.0,0,I,MELB_URBAN,HIGHWAY,7,14.0
178980,1,1,113,2,3,50.0,0,I,LARGE_PROVINCIAL_CITIES,STREET,7,17.0
178981,6,2,184,5,1,100.0,0,N,RURAL_VICTORIA,OTHER,7,10.0
178982,1,6,133,2,1,60.0,0,I,MELB_URBAN,ROAD,7,16.0
178983,1,6,110,1,1,80.0,0,I,RURAL_VICTORIA,ROAD,7,18.0
178984,6,1,174,5,3,60.0,0,N,MELB_URBAN,ROAD,7,18.0
178985,1,2,110,1,1,50.0,0,I,MELB_URBAN,STREET,7,17.0
178986,1,2,99,2,1,60.0,0,I,MELB_URBAN,STREET,6,10.0
178987,1,2,121,1,3,60.0,0,I,RURAL_VICTORIA,ROAD,7,19.0
178988,1,2,120,3,1,60.0,0,N,MELB_URBAN,ROAD,7,17.0
178989,1,4,160,2,3,50.0,0,N,MELB_URBAN,STREET,2,23.0
178990,4,2,171,1,3,60.0,0,I,RURAL_VICTORIA,ROAD,7,20.0
178991,8,1,174,5,1,60.0,0,N,MELB_URBAN,ROAD,7,14.0
178992,4,5,99,5,1,60.0,0,N,MELB_URBAN,BOULEVARD,11,13.0
178993,2,2,100,2,3,60.0,0,N,MELB_URBAN,STREET,7,5.0
178994,2,3,100,5,1,50.0,0,N,SMALL_CITIES,DRIVE,7,7.0
178995,1,3,121,1,3,60.0,0,I,MELB_URBAN,ROAD,7,6.0
178996,4,4,171,5,1,100.0,0,N,RURAL_VICTORIA,ROAD,5,14.0
178997,6,7,174,5,1,80.0,0,N,RURAL_VICTORIA,ROAD,7,15.0
178998,1,0,130,2,3,60.0,0,I,MELB_URBAN,ROAD,6,18.0
178999,4,6,171,5,3,60.0,0,N,MELB_URBAN,ROAD,7,20.0
179000,1,1,130,1,9,80.0,0,N,MELB_URBAN,ROAD,3,12.0
179001,1,6,134,5,1,100.0,0,N,MELB_URBAN,FREEWAY,6,11.0
179002,4,3,181,5,1,40.0,0,N,MELB_URBAN,AVENUE,7,9.0
179003,1,2,130,1,1,70.0,0,N,LARGE_PROVINCIAL_CITIES,HIGHWAY,7,12.0
179004,1,7,111,1,3,50.0,0,I,RURAL_VICTORIA,ROAD,7,23.0
179005,1,1,110,1,1,50.0,0,I,MELB_URBAN,STREET,7,13.0
179006,4,6,173,5,1,100.0,0,N,RURAL_VICTORIA,FREEWAY,7,12.0
179007,1,3,99,5,1,60.0,0,N,MELB_URBAN,STREET,7,11.0
179008,1,5,113,2,2,50.0,0,I,MELB_URBAN,ROAD,6,7.0
179009,1,2,121,2,1,60.0,0,I,MELB_URBAN,HIGHWAY,6,16.0
179010,4,3,183,5,1,80.0,0,N,RURAL_VICTORIA,ROAD,7,11.0
179011,1,5,99,5,1,60.0,0,N,MELB_URBAN,STREET,6,16.0
179012,3,3,167,5,2,80.0,0,N,RURAL_VICTORIA,ROAD,6,17.0
179013,2,2,100,1,1,50.0,0,I,SMALL_CITIES,STREET,7,13.0
179014,1,6,110,1,1,60.0,0,I,LARGE_PROVINCIAL_CITIES,STREET,7,11.0
179015,1,7,135,1,3,50.0,0,I,MELBOURNE_CBD,STREET,7,19.0
179016,5,3,99,5,1,100.0,0,N,RURAL_VICTORIA,HIGHWAY,7,11.0
179017,6,6,99,1,1,60.0,0,I,RURAL_VICTORIA,ROAD,7,13.0
179018,1,2,120,5,3,60.0,0,N,MELB_URBAN,ROAD,7,20.0
179019,2,3,102,5,1,60.0,0,N,MELB_URBAN,ROAD,7,15.0
179020,1,2,130,2,1,60.0,0,I,MELB_URBAN,ROAD,7,12.0
179021,1,2,130,5,1,80.0,0,N,MELB_URBAN,OTHER,7,15.0
179022,1,3,121,2,3,60.0,0,I,MELB_URBAN,ROAD,7,18.0
179023,1,5,130,1,3,60.0,0,N,MELB_URBAN,ROAD,7,18.0
179024,4,3,181,5,5,100.0,0,N,RURAL_VICTORIA,ROAD,7,17.0
179025,1,3,160,5,3,60.0,0,N,LARGE_PROVINCIAL_CITIES,ROAD,7,18.0
179026,1,2,133,5,3,100.0,0,N,MELB_URBAN,ROAD,7,19.0
179027,1,2,130,1,1,80.0,0,N,MELB_URBAN,ROAD,7,15.0
179028,1,3,121,2,3,60.0,1,I,MELB_URBAN,ROAD,7,17.0
179029,1,3,130,2,3,80.0,0,N,MELB_URBAN,ROAD,7,21.0
179030,4,4,173,5,3,50.0,0,N,MELB_URBAN,BOULEVARD,7,1.0
179031,1,4,132,5,3,60.0,0,N,SMALL_CITIES,HIGHWAY,7,5.0
179032,1,4,116,2,1,40.0,0,O,MELB_URBAN,UNKNOWN,7,7.0
179033,1,4,130,5,1,60.0,0,N,MELB_URBAN,FREEWAY,7,7.0
179034,1,4,99,1,1,60.0,0,I,MELB_URBAN,ROAD,7,7.0
179035,1,5,130,1,2,60.0,0,N,MELB_URBAN,ROAD,5,20.0
179036,4,3,171,5,1,100.0,0,N,MELB_URBAN,ROAD,7,7.0
179037,1,3,113,2,1,80.0,0,I,MELB_URBAN,ROAD,7,7.0
179038,4,2,99,5,6,40.0,0,N,MELB_URBAN,STREET,3,20.0
179039,1,2,99,5,1,40.0,0,N,RURAL_VICTORIA,HIGHWAY,6,15.0
179040,1,6,99,2,5,40.0,0,N,RURAL_VICTORIA,ROAD,7,20.0
179041,1,4,140,5,1,40.0,0,N,MELBOURNE_CBD,STREET,7,9.0
179042,1,4,99,1,1,40.0,0,I,MELB_URBAN,STREET,7,7.0
179043,4,4,171,5,3,60.0,1,N,MELB_URBAN,STREET,7,6.0
179044,1,2,121,2,1,40.0,0,I,MELB_URBAN,ROAD,7,15.0
179045,4,4,183,5,1,70.0,0,N,MELB_URBAN,ROAD,7,9.0
179046,2,2,102,5,1,40.0,0,N,MELB_URBAN,ROAD,7,9.0
179047,1,0,130,5,3,60.0,0,N,LARGE_PROVINCIAL_CITIES,STREET,7,20.0
179048,1,4,130,5,2,80.0,0,N,MELB_URBAN,ROAD,7,6.0
179049,1,4,121,5,1,60.0,0,N,MELB_URBAN,ROAD,7,11.0
179050,1,6,99,2,6,60.0,0,I,MELB_URBAN,STREET,7,19.0
179051,1,4,110,1,1,60.0,0,I,TOWNS,STREET,7,13.0
179052,1,3,121,2,1,80.0,0,I,MELB_URBAN,ROAD,7,8.0
179053,1,4,120,5,1,60.0,0,N,SMALL_CITIES,ROAD,7,12.0
179054,1,3,110,1,3,50.0,0,I,MELB_URBAN,AVENUE,7,19.0
179055,2,3,100,5,1,60.0,0,N,MELB_URBAN,PARADE,6,12.0
179056,6,7,174,2,1,50.0,0,I,MELB_URBAN,BOULEVARD,7,12.0
179057,1,1,130,5,1,80.0,0,N,RURAL_VICTORIA,ROAD,6,12.0
179058,1,3,113,2,2,60.0,0,I,MELB_URBAN,ROAD,7,16.0
179059,1,4,99,5,1,60.0,0,N,MELB_URBAN,STREET,7,16.0
179060,1,1,116,2,1,60.0,0,I,MELB_URBAN,STREET,7,10.0
179061,1,4,110,1,3,60.0,0,I,MELB_URBAN,ROAD,7,17.0
179062,1,3,171,5,3,50.0,0,N,LARGE_PROVINCIAL_CITIES,DRIVE,7,18.0
179063,1,5,130,2,1,80.0,0,N,MELB_URBAN,ROAD,7,6.0
179064,1,4,121,2,3,60.0,0,I,MELB_URBAN,ROAD,7,19.0
179065,1,3,130,1,2,100.0,0,N,MELB_URBAN,FREEWAY,7,6.0
179066,2,4,100,5,3,60.0,0,N,MELB_URBAN,STREET,7,18.0
179067,1,4,120,5,3,60.0,0,N,LARGE_PROVINCIAL_CITIES,ROAD,7,18.0
179068,1,4,134,5,3,80.0,0,N,RURAL_VICTORIA,FREEWAY,7,22.0
179069,4,5,181,5,5,100.0,0,N,RURAL_VICTORIA,BOULEVARD,7,1.0
179070,4,3,183,5,1,100.0,0,N,RURAL_VICTORIA,HIGHWAY,7,10.0
179071,2,4,100,1,1,60.0,0,I,MELB_URBAN,ROAD,7,15.0
179072,7,4,99,5,2,100.0,0,N,LARGE_PROVINCIAL_CITIES,ROAD,7,7.0
179073,1,2,183,5,1,40.0,0,N,SMALL_TOWNS,ROAD,7,14.0
179074,1,5,171,2,2,50.0,0,I,RURAL_VICTORIA,DRIVE,7,7.0
179075,1,7,99,2,1,40.0,0,N,MELB_URBAN,STREET,7,14.0
179076,1,2,113,2,3,60.0,0,I,MELB_URBAN,ROAD,7,19.0
179077,1,5,160,2,1,60.0,0,N,MELB_URBAN,ROAD,7,10.0
179078,1,3,130,5,1,60.0,0,N,LARGE_PROVINCIAL_CITIES,ROAD,7,8.0
179079,1,6,99,5,1,60.0,0,N,MELB_URBAN,ROAD,7,16.0
179080,4,4,181,3,1,80.0,0,I,RURAL_VICTORIA,ROAD,7,10.0
179081,2,5,100,2,1,50.0,0,I,MELB_URBAN,ROAD,7,10.0
179082,1,2,130,5,2,60.0,0,N,MELB_URBAN,PARADE,7,17.0
179083,4,5,99,5,1,40.0,0,N,TOWNS,STREET,7,11.0
179084,1,4,121,1,1,60.0,0,I,MELB_URBAN,STREET,7,11.0
179085,1,5,120,5,1,60.0,0,N,MELB_URBAN,ROAD,7,9.0
179086,1,5,130,5,2,60.0,0,N,MELB_URBAN,STREET,6,16.0
179087,1,5,134,1,1,80.0,0,N,MELB_URBAN,FREEWAY,7,11.0
179088,1,5,140,5,1,60.0,0,N,LARGE_PROVINCIAL_CITIES,STREET,7,10.0
179089,1,5,113,2,1,60.0,0,I,TOWNS,STREET,7,13.0
179090,1,5,110,1,3,50.0,0,I,LARGE_PROVINCIAL_CITIES,STREET,7,7.0
179091,1,5,120,5,1,100.0,0,N,RURAL_VICTORIA,ROAD,7,11.0
179092,1,4,130,5,1,60.0,0,O,MELB_URBAN,UNKNOWN,7,14.0
179093,2,3,100,1,1,60.0,0,N,MELB_URBAN,ROAD,7,16.0
179094,1,4,130,1,1,70.0,0,I,MELB_URBAN,ROAD,7,11.0
179095,1,4,130,2,3,60.0,0,I,MELB_URBAN,ROAD,7,20.0
179096,1,5,113,1,1,80.0,0,I,RURAL_VICTORIA,ROAD,7,9.0
179097,1,3,130,5,1,70.0,0,N,LARGE_PROVINCIAL_CITIES,STREET,7,17.0
179098,1,4,130,5,1,40.0,0,N,MELB_URBAN,ROAD,7,13.0
179099,1,2,130,5,6,80.0,0,N,MELB_URBAN,FREEWAY,7,5.0
179100,1,3,121,1,1,60.0,0,I,MELB_URBAN,RAMP,7,16.0
179101,8,1,184,2,1,60.0,0,I,RURAL_VICTORIA,ROAD,7,11.0
179102,1,4,99,5,2,100.0,0,N,MELB_URBAN,RAMP,7,7.0
179103,6,7,174,5,1,60.0,0,N,RURAL_VICTORIA,ROAD,7,16.0
179104,1,5,130,2,1,60.0,0,I,LARGE_PROVINCIAL_CITIES,STREET,7,14.0
179105,4,5,171,5,1,100.0,0,N,RURAL_VICTORIA,HIGHWAY,7,14.0
179106,1,3,135,5,9,60.0,0,N,MELB_URBAN,ROAD,7,17.0
179107,1,2,99,5,2,50.0,0,N,SMALL_CITIES,OTHER,7,18.0
179108,8,1,174,2,3,40.0,0,I,MELB_URBAN,STREET,7,20.0
179109,1,5,121,1,5,80.0,0,I,MELB_URBAN,ROAD,7,18.0
179110,1,4,111,2,3,60.0,0,I,MELB_URBAN,ROAD,7,19.0
179111,1,4,147,5,9,50.0,0,N,MELB_URBAN,ROAD,7,11.0
179112,2,5,100,5,5,60.0,0,N,MELB_URBAN,RAMP,7,19.0