,accident_type,day_of_week,dca_code,road_geometry,light_condition,speed_zone,severity,node_type,deg_urban_name,road_type,month,hour
179113,1,4,110,1,3,60.0,0,I,MELB_URBAN,PARADE,7,19.0
179114,1,2,110,1,3,80.0,0,I,MELB_URBAN,HIGHWAY,7,0.0
179115,1,6,140,5,2,50.0,0,N,LARGE_PROVINCIAL_CITIES,STREET,7,6.0
179116,6,2,99,5,6,50.0,0,N,MELB_URBAN,AVENUE,7,1.0
179117,1,7,130,5,5,70.0,0,N,MELB_URBAN,STREET,7,18.0
179118,1,5,121,2,1,50.0,0,I,MELB_URBAN,ROAD,7,9.0
179119,3,6,167,5,5,100.0,0,N,RURAL_VICTORIA,ROAD,7,7.0
179120,1,7,163,5,1,30.0,0,N,MELB_URBAN,STREET,7,15.0
179121,8,2,99,5,3,60.0,0,N,LARGE_PROVINCIAL_CITIES,STREET,7,5.0
179122,1,4,135,5,1,80.0,0,N,MELB_URBAN,HIGHWAY,7,11.0
179123,1,6,111,1,1,50.0,0,I,MELB_URBAN,STREET,7,8.0
179124,1,6,130,1,1,80.0,0,N,MELB_URBAN,ROAD,7,8.0
179125,2,5,100,1,1,60.0,0,I,MELB_URBAN,ROAD,7,10.0
179126,1,4,113,2,1,40.0,0,I,MELB_URBAN,STREET,6,12.0
179127,1,6,111,1,1,70.0,0,I,MELB_URBAN,ROAD,7,13.0
179128,2,6,99,5,1,50.0,0,N,TOWNS,STREET,7,14.0
179129,1,6,110,1,1,60.0,0,I,RURAL_VICTORIA,ROAD,7,8.0
179130,2,6,99,5,1,50.0,0,N,SMALL_CITIES,STREET,7,12.0
179131,1,2,99,2,1,60.0,0,I,TOWNS,ROAD,7,10.0
179132,2,2,102,1,4,50.0,0,I,MELB_URBAN,STREET,7,2.0
179133,1,4,130,2,1,50.0,0,I,MELB_URBAN,STREET,7,15.0
179134,1,7,140,5,1,50.0,0,N,MELB_URBAN,ROAD,7,16.0
179135,1,6,121,1,3,60.0,0,I,SMALL_CITIES,STREET,7,19.0
179136,1,7,130,5,1,100.0,0,N,MELB_URBAN,FREEWAY,7,15.0
179137,1,7,110,1,1,60.0,1,I,SMALL_TOWNS,ROAD,7,9.0
179138,1,7,110,1,3,50.0,0,I,SMALL_CITIES,BOULEVARD,7,18.0
179139,1,5,130,5,3,80.0,0,N,MELB_URBAN,ROAD,7,17.0
179140,4,7,99,5,1,60.0,0,N,SMALL_CITIES,OTHER,7,14.0
179141,1,6,130,1,1,60.0,0,I,MELB_URBAN,ROAD,7,16.0
179142,1,3,110,1,1,60.0,0,I,TOWNS,STREET,7,17.0
179143,4,7,99,5,5,100.0,0,N,RURAL_VICTORIA,FREEWAY,7,18.0
179144,1,6,99,1,3,60.0,0,I,MELB_URBAN,ROAD,7,22.0
179145,4,6,171,5,1,100.0,1,N,RURAL_VICTORIA,ROAD,7,15.0
179146,1,6,110,1,1,40.0,0,I,MELB_URBAN,STREET,7,15.0
179147,4,7,171,5,5,80.0,0,N,RURAL_VICTORIA,ROAD,7,19.0
179148,5,6,99,5,5,100.0,0,N,RURAL_VICTORIA,ROAD,7,18.0
179149,1,6,130,1,3,60.0,0,I,MELB_URBAN,HIGHWAY,7,19.0
179150,1,6,110,1,5,50.0,0,I,MELB_URBAN,STREET,7,17.0
179151,1,7,160,5,3,60.0,0,N,SMALL_CITIES,ROAD,7,21.0
179152,2,7,100,1,3,70.0,0,I,MELB_URBAN,ROAD,7,19.0
179153,2,7,99,5,5,50.0,0,N,SMALL_CITIES,ROAD,7,17.0
179154,1,7,121,1,3,60.0,0,I,MELB_URBAN,HIGHWAY,7,23.0
179155,2,6,100,5,5,50.0,0,N,MELB_URBAN,ROAD,7,6.0
179156,4,7,171,5,3,40.0,0,N,MELB_URBAN,ROAD,7,23.0
179157,1,5,130,2,3,40.0,0,N,MELB_URBAN,STREET,6,21.0
179158,4,1,171,2,3,60.0,0,N,SMALL_CITIES,BOULEVARD,7,3.0
179159,4,1,181,2,3,50.0,0,I,MELB_URBAN,OTHER,7,4.0
179160,4,7,171,5,1,70.0,0,N,MELB_URBAN,ROAD,7,8.0
179161,1,7,160,5,1,50.0,0,N,MELB_URBAN,STREET,7,12.0
179162,4,5,171,5,1,60.0,0,N,LARGE_PROVINCIAL_CITIES,STREET,6,13.0
179163,1,4,130,1,1,90.0,0,I,MELB_URBAN,FREEWAY,7,9.0
179164,1,6,120,5,3,80.0,0,N,MELB_URBAN,ROAD,7,22.0
179165,1,6,130,1,3,80.0,0,I,MELB_URBAN,ROAD,7,23.0
179166,1,6,121,1,3,60.0,0,I,MELB_URBAN,ROAD,7,18.0
179167,4,1,173,2,3,60.0,0,N,MELB_URBAN,ROAD,7,6.0
179168,2,0,99,5,1,50.0,0,N,MELB_URBAN,STREET,7,11.0
179169,1,4,110,1,1,60.0,0,I,LARGE_PROVINCIAL_CITIES,STREET,7,15.0
179170,4,1,181,5,1,100.0,0,N,RURAL_VICTORIA,ROAD,7,9.0
179171,4,1,99,5,1,50.0,1,N,SMALL_CITIES,STREET,7,10.0
179172,1,6,130,5,1,60.0,0,N,MELB_URBAN,RAMP,7,11.0
179173,1,7,120,5,1,80.0,0,N,RURAL_VICTORIA,ROAD,7,10.0
179174,1,1,130,5,1,60.0,0,N,MELB_URBAN,ROAD,7,11.0
179175,1,0,99,5,1,100.0,0,N,MELB_URBAN,UNKNOWN,7,11.0
179176,2,4,100,5,9,60.0,0,N,MELB_URBAN,BOULEVARD,7,18.0
179177,1,6,130,5,3,80.0,0,N,MELB_URBAN,FREEWAY,7,17.0
179178,1,3,130,5,1,50.0,0,N,MELB_URBAN,STREET,6,16.0
179179,6,5,99,5,1,50.0,0,N,RURAL_VICTORIA,ROAD,7,10.0
179180,4,1,183,5,1,100.0,0,N,RURAL_VICTORIA,ROAD,7,13.0
179181,1,2,130,5,1,100.0,0,N,RURAL_VICTORIA,ROAD,7,8.0
179182,1,1,147,5,1,50.0,0,N,LARGE_PROVINCIAL_CITIES,STREET,7,15.0
179183,1,1,130,2,3,60.0,0,I,MELB_URBAN,ROAD,6,23.0
179184,1,1,163,5,1,40.0,0,N,MELB_URBAN,STREET,7,15.0
179185,1,5,130,5,3,100.0,0,N,RURAL_VICTORIA,ROAD,7,19.0
179186,1,1,99,2,1,60.0,0,I,MELB_URBAN,STREET,7,11.0
179187,3,0,167,5,5,100.0,0,N,RURAL_VICTORIA,ROAD,7,18.0
179188,6,1,174,5,1,70.0,0,N,MELB_URBAN,ROAD,7,15.0
179189,4,1,181,5,5,80.0,0,N,RURAL_VICTORIA,ROAD,7,18.0
179190,1,6,116,2,3,80.0,0,I,MELB_URBAN,ROAD,7,20.0
179191,1,1,121,2,5,80.0,0,I,RURAL_VICTORIA,ROAD,7,18.0
179192,1,6,120,5,3,60.0,0,N,LARGE_PROVINCIAL_CITIES,ROAD,7,20.0
179193,1,7,163,5,6,40.0,0,N,MELBOURNE_CBD,STREET,7,19.0
179194,2,1,102,5,3,50.0,0,N,MELB_URBAN,STREET,7,19.0
179195,2,4,100,1,9,60.0,0,I,MELB_URBAN,STREET,6,6.0
179196,2,3,100,5,9,60.0,0,N,MELB_URBAN,ROAD,7,17.0
179197,1,2,130,1,3,60.0,0,I,MELB_URBAN,ROAD,7,0.0
179198,6,6,184,2,2,80.0,0,N,RURAL_VICTORIA,ROAD,7,16.0
179199,1,6,140,5,1,60.0,0,N,LARGE_PROVINCIAL_CITIES,STREET,7,10.0
179200,4,7,171,5,3,60.0,0,N,MELB_URBAN,ROAD,7,0.0
179201,1,3,134,1,1,70.0,0,N,MELB_URBAN,ROAD,7,17.0
179202,4,5,99,2,1,80.0,0,N,RURAL_VICTORIA,ROAD,7,16.0
179203,6,2,174,5,1,60.0,0,N,MELB_URBAN,ROAD,7,16.0
179204,1,2,113,2,1,60.0,0,I,MELB_URBAN,ROAD,7,7.0
179205,1,1,113,2,1,40.0,0,I,MELB_URBAN,ROAD,7,8.0
179206,4,2,171,5,1,60.0,0,N,RURAL_VICTORIA,STREET,7,7.0
179207,4,6,173,5,5,110.0,0,N,RURAL_VICTORIA,FREEWAY,7,19.0
179208,2,1,99,2,1,50.0,0,I,MELB_URBAN,ROAD,7,10.0
179209,1,1,130,1,1,60.0,0,I,MELB_URBAN,ROAD,7,11.0
179210,2,2,102,1,1,60.0,0,I,MELB_URBAN,ROAD,7,17.0
179211,2,0,100,1,1,40.0,0,N,MELBOURNE_CBD,STREET,7,14.0
179212,8,4,174,5,2,60.0,0,N,MELB_URBAN,STREET,6,17.0
179213,2,1,102,1,3,60.0,0,I,MELB_URBAN,STREET,7,6.0
179214,1,4,130,1,1,50.0,0,I,MELB_URBAN,ROAD,7,17.0
179215,1,2,147,5,1,70.0,0,N,MELB_URBAN,ROAD,7,12.0
179216,1,2,130,5,1,50.0,0,N,MELB_URBAN,STREET,7,10.0
179217,1,6,160,5,3,60.0,0,N,SMALL_CITIES,ROAD,7,20.0
179218,4,7,181,5,1,60.0,0,N,RURAL_VICTORIA,ROAD,7,14.0
179219,1,2,116,1,1,80.0,0,N,MELB_URBAN,ROAD,7,8.0
179220,1,2,113,2,1,60.0,0,I,MELB_URBAN,ROAD,7,8.0
179221,4,6,171,5,1,60.0,0,N,MELB_URBAN,HIGHWAY,7,10.0
179222,1,2,111,1,3,80.0,0,I,MELB_URBAN,ROAD,7,6.0
179223,1,2,99,2,1,100.0,0,N,RURAL_VICTORIA,ROAD,7,11.0
179224,1,6,99,1,1,60.0,0,I,MELB_URBAN,ROAD,7,12.0
179225,2,1,102,2,3,60.0,0,N,MELB_URBAN,STREET,7,19.0
179226,1,3,121,5,3,60.0,0,N,MELB_URBAN,ROAD,7,21.0
179227,4,1,171,5,1,80.0,0,N,RURAL_VICTORIA,ROAD,7,14.0
179228,1,2,121,5,1,80.0,0,I,MELB_URBAN,HIGHWAY,7,15.0
179229,2,2,99,5,1,50.0,0,N,RURAL_VICTORIA,OTHER,7,15.0
179230,2,2,100,5,1,50.0,0,N,MELB_URBAN,STREET,7,16.0
179231,1,1,130,5,1,40.0,0,N,MELB_URBAN,ROAD,7,14.0
179232,1,2,130,5,2,100.0,0,N,MELB_URBAN,FREEWAY,7,6.0
179233,6,2,99,5,1,60.0,0,N,MELB_URBAN,ROAD,7,16.0
179234,1,1,130,1,3,80.0,0,N,MELB_URBAN,ROAD,7,17.0
179235,1,2,121,1,3,60.0,0,I,MELB_URBAN,ROAD,7,17.0
179236,1,6,110,1,1,60.0,0,I,TOWNS,STREET,7,14.0
179237,4,1,99,5,5,100.0,0,N,MELB_URBAN,HIGHWAY,7,0.0
179238,4,2,181,5,1,100.0,1,N,RURAL_VICTORIA,ROAD,7,14.0
179239,1,1,130,1,1,40.0,0,I,TOWNS,AVENUE,7,16.0
179240,4,2,183,5,5,80.0,0,N,RURAL_VICTORIA,ROAD,7,18.0
179241,1,1,116,2,3,80.0,0,I,MELB_URBAN,HIGHWAY,7,19.0
179242,1,2,130,5,3,60.0,0,N,MELB_URBAN,ROAD,7,19.0
179243,1,1,121,2,3,60.0,0,I,MELB_URBAN,ROAD,7,18.0
179244,6,2,99,5,1,50.0,0,N,LARGE_PROVINCIAL_CITIES,STREET,7,16.0
179245,1,2,130,5,3,60.0,0,N,MELB_URBAN,ROAD,7,20.0
179246,4,2,171,5,5,100.0,0,N,RURAL_VICTORIA,ROAD,7,20.0
179247,9,6,99,5,5,60.0,0,N,RURAL_VICTORIA,ROAD,7,5.0
179248,4,2,171,5,3,60.0,0,N,MELB_URBAN,STREET,7,20.0
179249,1,6,99,2,1,60.0,0,I,MELB_URBAN,BOULEVARD,7,9.0
179250,2,6,102,5,1,60.0,0,N,MELB_URBAN,BOULEVARD,7,15.0
179251,1,3,130,5,3,80.0,0,N,MELB_URBAN,FREEWAY,7,5.0
179252,1,3,130,1,9,40.0,0,N,MELB_URBAN,ROAD,6,7.0
179253,1,2,160,5,3,60.0,0,N,SMALL_CITIES,ROAD,7,6.0
179254,6,3,174,5,1,60.0,0,N,RURAL_VICTORIA,ROAD,7,11.0
179255,8,3,174,5,5,100.0,0,N,MELB_URBAN,FREEWAY,7,5.0
179256,1,3,140,1,1,60.0,0,I,LARGE_PROVINCIAL_CITIES,STREET,7,8.0
179257,4,3,173,5,5,100.0,1,N,RURAL_VICTORIA,ROAD,7,6.0
179258,1,3,135,5,1,40.0,0,N,MELB_URBAN,STREET,7,9.0
179259,6,1,184,5,1,60.0,0,O,RURAL_VICTORIA,OTHER,7,10.0
179260,1,3,147,5,3,50.0,0,N,MELB_URBAN,STREET,7,5.0
179261,2,3,100,5,1,50.0,0,N,SMALL_CITIES,STREET,7,8.0
179262,1,3,110,1,1,100.0,0,I,RURAL_VICTORIA,ROAD,7,9.0
179263,1,1,121,2,3,80.0,0,I,MELB_URBAN,HIGHWAY,7,21.0
179264,1,3,130,5,2,100.0,0,N,MELB_URBAN,FREEWAY,7,6.0
179265,1,5,130,5,1,100.0,0,N,MELB_URBAN,FREEWAY,7,14.0
179266,4,7,171,5,1,50.0,0,N,MELB_URBAN,OTHER,6,15.0
179267,1,6,121,5,1,70.0,0,N,MELB_URBAN,ROAD,7,9.0
179268,1,3,132,2,1,60.0,0,I,MELB_URBAN,ROAD,7,12.0
179269,1,2,99,2,1,60.0,0,I,LARGE_PROVINCIAL_CITIES,STREET,7,8.0
179270,1,1,121,1,3,60.0,0,I,RURAL_VICTORIA,ROAD,7,18.0
179271,1,2,130,5,1,80.0,0,N,MELB_URBAN,ROAD,6,11.0
179272,4,3,171,5,1,60.0,0,N,SMALL_CITIES,ROAD,7,11.0
179273,4,3,171,1,1,100.0,0,N,MELB_URBAN,FREEWAY,7,11.0
179274,1,4,121,2,9,60.0,0,I,MELB_URBAN,ROAD,7,16.0
179275,1,3,140,1,1,60.0,0,I,MELB_URBAN,ROAD,7,13.0
179276,1,3,99,2,1,50.0,0,I,TOWNS,DRIVE,7,15.0
179277,1,2,130,2,1,60.0,0,I,MELB_URBAN,ROAD,7,16.0
179278,2,3,100,2,1,50.0,1,I,MELB_URBAN,STREET,7,14.0
179279,1,6,130,2,1,60.0,0,I,MELB_URBAN,ROAD,5,13.0
179280,1,3,133,5,1,60.0,0,N,MELB_URBAN,ROAD,7,16.0
179281,2,3,99,5,1,50.0,0,N,MELB_URBAN,AVENUE,7,14.0
179282,1,2,130,5,1,60.0,0,N,MELB_URBAN,HIGHWAY,7,15.0
179283,2,6,100,1,3,40.0,0,I,MELB_URBAN,STREET,7,22.0
179284,1,3,113,2,3,60.0,0,I,RURAL_VICTORIA,ROAD,7,17.0
179285,2,1,102,5,1,60.0,0,N,MELB_URBAN,ROAD,7,16.0
179286,1,3,110,1,3,60.0,0,I,MELB_URBAN,STREET,7,17.0
179287,1,3,121,1,1,60.0,0,N,MELB_URBAN,ROAD,7,15.0
179288,4,3,99,1,2,60.0,0,I,LARGE_PROVINCIAL_CITIES,STREET,7,17.0
179289,1,2,160,5,1,40.0,0,N,MELB_URBAN,ROAD,7,16.0
179290,1,2,132,2,3,50.0,0,I,LARGE_PROVINCIAL_CITIES,AVENUE,7,18.0
179291,1,3,113,2,1,60.0,0,I,MELB_URBAN,ROAD,7,17.0
179292,6,3,174,5,1,50.0,0,N,SMALL_CITIES,ROAD,5,12.0
179293,1,0,163,5,3,60.0,0,N,MELB_URBAN,ROAD,7,20.0
179294,1,5,121,2,3,60.0,0,I,SMALL_CITIES,STREET,6,18.0
179295,1,3,121,1,3,60.0,0,I,MELB_URBAN,ROAD,7,19.0
179296,1,3,116,2,3,60.0,0,N,MELB_URBAN,ROAD,7,20.0
179297,1,3,113,2,3,50.0,0,I,MELB_URBAN,DRIVE,7,18.0
179298,1,3,121,5,1,60.0,0,N,MELB_URBAN,ROAD,7,16.0
179299,1,7,120,5,1,80.0,0,N,RURAL_VICTORIA,ROAD,7,14.0
179300,6,3,174,2,1,60.0,0,I,MELB_URBAN,STREET,7,15.0
179301,2,3,99,5,1,40.0,0,N,MELB_URBAN,ROAD,7,11.0
179302,1,3,110,1,3,80.0,0,I,MELB_URBAN,ROAD,7,22.0
179303,1,4,99,2,3,60.0,0,I,RURAL_VICTORIA,DRIVE,7,0.0
179304,4,4,173,5,5,60.0,0,N,RURAL_VICTORIA,ROAD,7,3.0
179305,1,2,116,1,3,60.0,0,I,SMALL_CITIES,ROAD,7,18.0
179306,1,4,130,5,6,50.0,0,N,RURAL_VICTORIA,DRIVE,7,4.0
179307,1,5,110,1,3,50.0,0,I,RURAL_VICTORIA,PARADE,7,18.0
179308,3,4,167,5,2,60.0,0,N,RURAL_VICTORIA,ROAD,7,17.0
179309,1,3,111,2,1,80.0,0,I,MELB_URBAN,ROAD,7,8.0
179310,2,4,100,5,3,60.0,0,N,MELB_URBAN,ROAD,7,6.0
179311,7,0,99,5,6,60.0,0,N,SMALL_TOWNS,DRIVE,6,1.0
179312,1,3,147,5,1,50.0,0,N,MELB_URBAN,STREET,7,12.0
179313,1,3,130,1,3,40.0,0,O,MELB_URBAN,UNKNOWN,7,21.0
179314,1,4,140,1,1,50.0,0,N,MELB_URBAN,ROAD,7,8.0
179315,1,3,130,5,1,100.0,0,N,MELB_URBAN,FREEWAY,7,7.0
179316,2,3,99,5,1,70.0,0,N,MELB_URBAN,ROAD,7,16.0
179317,1,4,140,5,1,60.0,0,N,MELB_URBAN,ROAD,7,8.0
179318,1,4,130,5,1,100.0,0,N,RURAL_VICTORIA,HIGHWAY,7,10.0
179319,4,4,183,5,1,50.0,0,N,MELB_URBAN,OTHER,7,8.0
179320,6,4,174,5,1,60.0,0,N,MELB_URBAN,ROAD,7,7.0
179321,2,2,100,1,9,60.0,0,I,MELB_URBAN,STREET,7,18.0
179322,1,2,133,1,1,60.0,0,N,MELB_URBAN,ROAD,7,12.0
179323,4,4,173,5,1,50.0,0,N,LARGE_PROVINCIAL_CITIES,OTHER,7,12.0
179324,3,7,167,5,3,100.0,0,N,RURAL_VICTORIA,HIGHWAY,5,0.0
179325,1,7,130,1,1,60.0,0,N,MELB_URBAN,ROAD,7,13.0
179326,1,3,132,2,1,60.0,0,I,LARGE_PROVINCIAL_CITIES,STREET,7,14.0
179327,1,3,110,1,1,70.0,0,I,MELB_URBAN,RAMP,7,8.0
179328,1,4,132,5,3,60.0,0,N,MELB_URBAN,STREET,5,18.0
179329,1,4,116,1,1,50.0,0,I,MELB_URBAN,STREET,7,7.0
179330,1,7,116,2,1,60.0,0,I,MELB_URBAN,AVENUE,7,15.0
179331,6,1,174,2,1,50.0,0,I,MELB_URBAN,ROAD,7,9.0
179332,1,3,99,5,1,70.0,0,I,MELB_URBAN,ROAD,7,14.0
179333,1,6,130,5,2,40.0,0,N,MELB_URBAN,STREET,7,17.0
179334,1,2,121,2,1,60.0,0,I,RURAL_VICTORIA,ROAD,7,15.0
179335,6,7,174,5,1,60.0,0,N,RURAL_VICTORIA,ROAD,10,17.0
179336,1,3,173,2,3,50.0,0,N,MELB_URBAN,STREET,7,19.0
179337,1,4,99,5,1,100.0,0,N,RURAL_VICTORIA,ROAD,7,13.0
179338,2,3,102,5,1,60.0,0,N,MELB_URBAN,ROAD,7,15.0
179339,1,0,130,1,6,80.0,0,N,MELB_URBAN,ROAD,7,19.0
179340,1,4,99,1,1,70.0,0,I,LARGE_PROVINCIAL_CITIES,HIGHWAY,7,16.0
179341,1,2,113,1,1,80.0,0,I,RURAL_VICTORIA,ROAD,7,9.0
179342,1,5,111,1,2,60.0,0,I,LARGE_PROVINCIAL_CITIES,ROAD,7,17.0
179343,1,3,130,5,3,80.0,0,N,MELB_URBAN,FREEWAY,7,17.0
179344,1,4,121,2,1,70.0,0,I,MELB_URBAN,ROAD,7,16.0
179345,1,3,99,2,2,70.0,0,I,MELB_URBAN,AVENUE,7,18.0
179346,1,4,99,1,1,70.0,0,I,MELB_URBAN,ROAD,7,15.0
179347,8,3,174,5,1,60.0,0,N,MELB_URBAN,STREET,7,9.0
179348,1,3,160,5,3,60.0,0,N,MELB_URBAN,STREET,7,17.0
179349,1,7,121,1,1,80.0,0,I,MELB_URBAN,HIGHWAY,7,8.0
179350,1,1,130,5,9,100.0,0,N,MELB_URBAN,FREEWAY,7,16.0
179351,1,4,130,5,6,70.0,0,N,MELB_URBAN,ROAD,7,18.0
179352,1,4,110,1,2,80.0,0,I,MELB_URBAN,HIGHWAY,7,18.0
179353,4,4,171,2,3,50.0,0,N,SMALL_CITIES,AVENUE,7,22.0
179354,4,5,171,5,5,80.0,0,N,TOWNS,HIGHWAY,7,2.0
179355,1,4,113,2,3,70.0,0,I,MELB_URBAN,ROAD,7,5.0
179356,1,2,147,5,9,40.0,0,N,MELB_URBAN,STREET,5,7.0
179357,8,2,174,2,1,60.0,0,I,RURAL_VICTORIA,OTHER,7,15.0
179358,1,6,130,5,1,80.0,0,N,MELB_URBAN,HIGHWAY,6,11.0
179359,6,7,99,5,1,60.0,0,N,RURAL_VICTORIA,ROAD,7,13.0
179360,1,2,132,5,1,80.0,0,N,MELB_URBAN,HIGHWAY,7,12.0
179361,1,5,110,1,1,60.0,0,I,MELB_URBAN,ROAD,7,8.0
179362,4,4,171,5,1,100.0,0,N,RURAL_VICTORIA,ROAD,7,7.0
179363,1,7,130,5,1,60.0,0,N,LARGE_PROVINCIAL_CITIES,ROAD,5,8.0
179364,4,5,171,5,3,60.0,0,N,LARGE_PROVINCIAL_CITIES,OTHER,7,7.0
179365,1,4,99,5,1,50.0,0,N,MELB_URBAN,STREET,7,8.0
179366,1,5,99,2,3,60.0,0,I,MELB_URBAN,ROAD,7,6.0
179367,3,4,167,2,1,60.0,0,I,RURAL_VICTORIA,ROAD,7,10.0
179368,1,5,130,5,1,100.0,0,N,MELB_URBAN,ROAD,7,10.0
179369,1,4,113,2,1,60.0,0,I,RURAL_VICTORIA,ROAD,7,8.0
179370,1,5,130,5,1,100.0,0,N,MELB_URBAN,ROAD,7,10.0
179371,1,5,110,1,1,60.0,0,I,MELB_URBAN,STREET,7,8.0
179372,1,4,113,1,1,100.0,0,I,SMALL_TOWNS,STREET,7,11.0
179373,4,5,183,5,1,80.0,0,N,RURAL_VICTORIA,ROAD,7,8.0
179374,4,4,99,5,1,60.0,0,N,RURAL_VICTORIA,ROAD,7,8.0
179375,1,5,99,2,2,50.0,0,I,MELB_URBAN,DRIVE,7,6.0
179376,1,5,130,1,1,60.0,0,I,MELB_URBAN,ROAD,7,13.0
179377,1,4,130,2,3,40.0,0,I,MELB_URBAN,STREET,6,19.0
179378,1,7,111,1,3,60.0,0,I,MELB_URBAN,ROAD,7,0.0
179379,1,7,130,2,3,70.0,0,I,MELB_URBAN,ROAD,7,22.0
179380,1,5,130,5,2,80.0,0,N,MELB_URBAN,ROAD,7,18.0
179381,1,4,110,1,1,50.0,0,I,MELB_URBAN,STREET,7,9.0
179382,2,4,100,1,1,50.0,0,O,MELB_URBAN,UNKNOWN,7,9.0
179383,6,4,184,5,1,50.0,0,N,MELB_URBAN,STREET,6,8.0
179384,1,5,99,2,1,70.0,0,N,MELB_URBAN,ROAD,7,13.0
179385,1,3,135,5,1,40.0,0,N,MELB_URBAN,OTHER,7,17.0
179386,1,5,113,2,1,50.0,0,I,MELB_URBAN,OTHER,7,14.0
179387,1,5,110,1,1,60.0,0,I,LARGE_PROVINCIAL_CITIES,ROAD,7,15.0
179388,2,4,102,1,3,60.0,0,I,MELB_URBAN,ROAD,7,18.0
179389,1,1,130,2,1,60.0,0,N,LARGE_PROVINCIAL_CITIES,STREET,7,15.0
179390,1,5,121,2,1,60.0,0,I,RURAL_VICTORIA,STREET,7,15.0
179391,1,4,140,2,3,60.0,0,I,MELB_URBAN,ROAD,7,17.0
179392,6,5,174,5,1,60.0,1,N,SMALL_CITIES,OTHER,7,17.0
179393,1,5,130,1,3,80.0,0,N,MELB_URBAN,FREEWAY,7,18.0
179394,1,5,113,2,3,60.0,0,I,MELB_URBAN,STREET,7,17.0
179395,2,5,100,1,3,70.0,0,N,MELB_URBAN,ROAD,7,21.0
179396,2,5,102,5,3,50.0,0,N,LARGE_PROVINCIAL_CITIES,STREET,7,20.0
179397,1,5,116,2,3,60.0,0,I,LARGE_PROVINCIAL_CITIES,STREET,7,17.0
179398,1,6,121,1,3,50.0,0,I,MELB_URBAN,ROAD,7,6.0
179399,1,0,132,1,1,60.0,0,I,MELB_URBAN,BOULEVARD,7,14.0
179400,1,5,130,5,2,70.0,0,N,LARGE_PROVINCIAL_CITIES,ROAD,7,18.0
179401,2,3,99,5,1,80.0,0,N,SMALL_CITIES,STREET,7,13.0
179402,1,4,130,5,3,80.0,0,N,MELB_URBAN,FREEWAY,7,20.0
179403,2,3,102,2,6,60.0,0,I,LARGE_PROVINCIAL_CITIES,STREET,7,6.0
179404,1,5,121,2,1,60.0,0,I,MELB_URBAN,ROAD,7,8.0
179405,1,6,116,2,1,80.0,0,N,MELB_URBAN,ROAD,7,9.0
179406,1,3,99,1,1,40.0,0,I,MELB_URBAN,PARADE,7,13.0
179407,1,6,130,2,1,70.0,0,I,MELB_URBAN,ROAD,7,10.0
179408,1,6,130,5,2,100.0,0,N,RURAL_VICTORIA,HIGHWAY,7,7.0
179409,1,3,130,2,2,60.0,0,I,RURAL_VICTORIA,ROAD,7,17.0
179410,2,1,102,1,2,60.0,0,I,MELB_URBAN,PARADE,7,17.0
179411,1,2,130,2,1,70.0,0,N,MELB_URBAN,ROAD,7,13.0
179412,1,6,113,2,1,50.0,0,I,MELB_URBAN,OTHER,7,10.0
179413,1,6,111,1,1,80.0,0,I,MELB_URBAN,OTHER,7,6.0
179414,1,4,130,5,1,60.0,0,N,MELB_URBAN,STREET,7,9.0
179415,6,1,174,5,1,60.0,0,N,RURAL_VICTORIA,ROAD,7,13.0
179416,1,3,121,1,1,60.0,0,I,MELB_URBAN,STREET,6,14.0
179417,1,6,130,2,1,60.0,0,N,MELB_URBAN,DRIVE,7,12.0
179418,1,5,130,1,1,70.0,0,N,SMALL_CITIES,PARADE,7,17.0
179419,4,7,99,1,2,60.0,0,I,MELB_URBAN,ROAD,7,18.0
179420,1,6,99,1,1,60.0,0,N,MELB_URBAN,STREET,7,7.0
179421,2,5,100,2,1,40.0,0,I,MELB_URBAN,ROAD,7,13.0
179422,1,6,113,2,3,60.0,0,I,MELB_URBAN,ROAD,5,18.0
179423,2,6,100,5,1,80.0,0,N,MELB_URBAN,HIGHWAY,7,16.0
179424,2,5,99,5,1,40.0,0,N,MELB_URBAN,STREET,7,15.0
179425,1,1,130,5,1,60.0,0,N,MELB_URBAN,DRIVE,7,13.0
179426,1,5,121,1,3,70.0,0,N,MELB_URBAN,DRIVE,7,18.0
179427,1,6,147,5,1,50.0,0,N,MELB_URBAN,ROAD,7,16.0
179428,1,5,113,2,3,60.0,0,I,MELB_URBAN,ROAD,7,19.0
179429,1,5,130,5,1,100.0,0,N,MELB_URBAN,FREEWAY,7,14.0
179430,1,5,130,2,3,60.0,0,N,MELB_URBAN,ROAD,7,18.0
179431,1,5,110,1,3,50.0,0,I,MELB_URBAN,ROAD,7,18.0
179432,1,6,110,4,3,40.0,0,O,MELB_URBAN,UNKNOWN,7,20.0
179433,1,6,121,1,3,60.0,0,I,MELB_URBAN,ROAD,7,19.0
179434,2,5,99,5,3,50.0,0,N,TOWNS,STREET,7,18.0
179435,1,5,130,5,3,50.0,0,N,MELB_URBAN,STREET,7,18.0
179436,2,6,102,5,3,60.0,0,N,MELB_URBAN,ROAD,7,18.0
179437,1,5,99,5,3,50.0,0,N,LARGE_PROVINCIAL_CITIES,AVENUE,7,20.0