,accident_type,day_of_week,dca_code,road_geometry,light_condition,speed_zone,severity,node_type,deg_urban_name,road_type,month,hour
179438,1,6,99,2,3,80.0,0,I,MELB_URBAN,ROAD,7,20.0
179439,1,5,113,1,3,70.0,0,I,MELB_URBAN,ROAD,7,21.0
179440,2,5,102,1,3,40.0,0,O,LARGE_PROVINCIAL_CITIES,UNKNOWN,7,18.0
179441,1,6,99,5,3,70.0,0,N,MELB_URBAN,ROAD,7,21.0
179442,6,7,184,5,3,40.0,0,N,MELB_URBAN,ROAD,7,0.0
179443,4,6,171,5,3,60.0,0,N,MELB_URBAN,ROAD,7,21.0
179444,1,6,140,5,3,80.0,0,N,MELB_URBAN,ROAD,7,22.0
179445,1,6,113,2,3,70.0,0,I,MELB_URBAN,ROAD,7,1.0
179446,4,7,181,5,5,80.0,0,N,RURAL_VICTORIA,ROAD,7,1.0
179447,1,3,130,5,1,40.0,0,N,MELB_URBAN,STREET,7,16.0
179448,4,6,183,5,5,60.0,0,N,RURAL_VICTORIA,ROAD,7,1.0
179449,1,5,110,1,2,60.0,0,I,LARGE_PROVINCIAL_CITIES,STREET,7,19.0
179450,1,3,130,1,3,40.0,0,I,MELBOURNE_CBD,STREET,2,0.0
179451,1,7,130,5,1,110.0,0,N,RURAL_VICTORIA,FREEWAY,7,9.0
179452,2,6,102,5,1,40.0,0,N,MELB_URBAN,STREET,7,12.0
179453,2,7,99,5,1,60.0,0,O,MELB_URBAN,UNKNOWN,7,11.0
179454,1,7,110,1,1,50.0,0,I,SMALL_CITIES,STREET,7,11.0
179455,4,6,171,2,1,50.0,0,N,LARGE_PROVINCIAL_CITIES,AVENUE,6,15.0
179456,1,7,130,5,1,100.0,0,N,RURAL_VICTORIA,ROAD,7,12.0
179457,1,6,135,5,1,110.0,0,N,SMALL_CITIES,FREEWAY,7,14.0
179458,1,7,110,1,1,40.0,0,I,MELB_URBAN,STREET,7,14.0
179459,1,7,121,1,1,70.0,0,I,LARGE_PROVINCIAL_CITIES,STREET,7,15.0
179460,1,6,130,5,1,60.0,0,N,TOWNS,STREET,7,8.0
179461,1,6,113,1,1,60.0,0,I,TOWNS,HIGHWAY,7,12.0
179462,4,4,99,1,3,100.0,0,I,RURAL_VICTORIA,ROAD,7,22.0
179463,8,7,170,5,2,80.0,0,N,RURAL_VICTORIA,ROAD,7,16.0
179464,1,6,113,2,1,80.0,0,I,MELB_URBAN,ROAD,7,15.0
179465,1,7,130,2,3,60.0,0,I,TOWNS,HIGHWAY,7,17.0
179466,4,7,181,5,1,80.0,0,N,RURAL_VICTORIA,ROAD,7,15.0
179467,1,6,113,2,3,80.0,0,I,SMALL_CITIES,HIGHWAY,7,18.0
179468,1,6,110,1,3,60.0,0,I,RURAL_VICTORIA,BOULEVARD,7,19.0
179469,4,6,171,5,3,70.0,0,N,RURAL_VICTORIA,ROAD,7,19.0
179470,2,6,100,1,6,50.0,0,I,SMALL_CITIES,AVENUE,7,18.0
179471,4,7,173,5,5,60.0,0,N,MELB_URBAN,ROAD,7,18.0
179472,8,7,174,5,2,40.0,0,N,MELB_URBAN,STREET,7,17.0
179473,6,7,174,5,3,50.0,0,N,MELB_URBAN,STREET,6,17.0
179474,1,5,116,2,1,70.0,0,I,MELB_URBAN,STREET,7,7.0
179475,4,1,173,5,3,60.0,0,N,LARGE_PROVINCIAL_CITIES,ROAD,7,4.0
179476,1,2,130,5,3,40.0,0,N,MELB_URBAN,ROAD,7,19.0
179477,1,1,134,5,2,70.0,0,N,MELB_URBAN,RAMP,7,5.0
179478,4,7,99,5,1,50.0,0,N,MELB_URBAN,ROAD,7,14.0
179479,4,0,171,2,1,70.0,0,I,RURAL_VICTORIA,ROAD,7,8.0
179480,1,1,110,1,1,60.0,0,N,MELB_URBAN,ROAD,7,10.0
179481,1,5,135,4,1,50.0,0,N,RURAL_VICTORIA,RAMP,7,10.0
179482,1,1,99,5,1,60.0,0,N,MELB_URBAN,OTHER,7,12.0
179483,4,1,183,5,1,60.0,1,N,LARGE_PROVINCIAL_CITIES,STREET,7,9.0
179484,1,3,99,1,1,60.0,0,N,MELB_URBAN,ROAD,7,14.0
179485,1,1,99,1,1,40.0,0,I,MELBOURNE_CBD,STREET,7,14.0
179486,5,1,99,5,6,60.0,0,N,RURAL_VICTORIA,FREEWAY,7,18.0
179487,1,1,132,5,1,80.0,0,N,RURAL_VICTORIA,ROAD,7,16.0
179488,1,6,130,5,1,80.0,0,N,MELB_URBAN,HIGHWAY,4,12.0
179489,1,0,121,1,1,80.0,0,I,MELB_URBAN,ROAD,7,14.0
179490,1,6,130,1,1,70.0,0,N,MELB_URBAN,ROAD,7,15.0
179491,4,1,171,2,1,60.0,0,I,MELB_URBAN,ROAD,7,14.0
179492,4,0,183,5,2,100.0,0,N,RURAL_VICTORIA,ROAD,7,17.0
179493,2,1,99,5,1,80.0,1,N,RURAL_VICTORIA,ROAD,7,10.0
179494,1,0,116,1,3,100.0,0,I,RURAL_VICTORIA,ROAD,7,18.0
179495,1,0,120,1,3,40.0,0,O,MELB_URBAN,UNKNOWN,7,18.0
179496,1,1,135,2,3,80.0,0,N,MELB_URBAN,ROAD,7,21.0
179497,8,1,174,1,1,50.0,0,I,RURAL_VICTORIA,ROAD,5,12.0
179498,1,1,99,2,3,60.0,0,N,MELB_URBAN,STREET,7,22.0
179499,1,5,110,1,3,50.0,0,I,LARGE_PROVINCIAL_CITIES,STREET,7,19.0
179500,4,1,183,5,5,80.0,0,N,RURAL_VICTORIA,ROAD,7,1.0
179501,2,6,99,5,1,60.0,0,N,MELB_URBAN,ROAD,7,14.0
179502,1,1,121,2,3,60.0,0,I,MELB_URBAN,STREET,7,6.0
179503,1,2,113,2,5,100.0,0,I,TOWNS,HIGHWAY,7,6.0
179504,2,7,99,1,1,50.0,0,I,MELBOURNE_CBD,STREET,7,10.0
179505,1,1,130,5,1,80.0,0,N,MELB_URBAN,FREEWAY,7,9.0
179506,1,1,173,5,4,50.0,0,N,LARGE_PROVINCIAL_CITIES,STREET,7,4.0
179507,1,4,130,5,1,50.0,0,N,MELB_URBAN,ROAD,5,8.0
179508,4,7,99,5,6,80.0,0,N,MELB_URBAN,RAMP,6,17.0
179509,2,7,102,1,6,60.0,0,I,MELB_URBAN,STREET,7,18.0
179510,1,2,130,5,1,60.0,0,N,LARGE_PROVINCIAL_CITIES,ROAD,7,9.0
179511,1,2,121,1,1,60.0,0,I,MELB_URBAN,ROAD,7,10.0
179512,1,1,130,2,1,80.0,0,N,MELB_URBAN,ROAD,7,14.0
179513,1,1,130,1,1,60.0,0,I,MELB_URBAN,ROAD,7,8.0
179514,1,3,130,5,1,60.0,0,N,MELB_URBAN,STREET,7,7.0
179515,2,2,99,2,1,60.0,0,N,MELB_URBAN,ROAD,7,11.0
179516,6,3,174,4,1,60.0,0,N,RURAL_VICTORIA,ROAD,7,8.0
179517,1,2,116,1,1,60.0,0,I,LARGE_PROVINCIAL_CITIES,HIGHWAY,7,9.0
179518,1,2,99,2,1,60.0,0,I,LARGE_PROVINCIAL_CITIES,ROAD,6,8.0
179519,1,2,99,1,1,60.0,0,I,SMALL_CITIES,ROAD,7,10.0
179520,1,2,121,1,1,60.0,0,I,MELB_URBAN,ROAD,7,13.0
179521,1,4,99,1,1,50.0,0,I,LARGE_PROVINCIAL_CITIES,STREET,7,15.0
179522,1,1,132,2,1,80.0,0,I,MELB_URBAN,ROAD,7,15.0
179523,1,2,99,2,1,60.0,0,I,MELB_URBAN,STREET,7,14.0
179524,1,1,99,2,1,60.0,0,I,MELB_URBAN,OTHER,7,10.0
179525,1,1,110,1,1,50.0,0,I,MELB_URBAN,STREET,7,14.0
179526,1,1,120,2,3,60.0,0,I,MELB_URBAN,ROAD,7,18.0
179527,2,2,102,5,3,40.0,0,N,MELB_URBAN,DRIVE,7,18.0
179528,1,2,130,5,3,100.0,0,N,MELB_URBAN,FREEWAY,7,19.0
179529,1,2,99,5,2,60.0,0,N,MELB_URBAN,OTHER,7,17.0
179530,1,2,130,5,3,80.0,0,N,MELB_URBAN,ROAD,7,18.0
179531,1,2,99,5,3,40.0,0,N,MELB_URBAN,ROAD,7,20.0
179532,2,1,100,1,1,60.0,0,I,MELB_URBAN,ROAD,7,10.0
179533,6,2,174,5,5,50.0,0,N,MELB_URBAN,STREET,7,20.0
179534,1,2,121,2,1,60.0,0,N,MELB_URBAN,DRIVE,7,15.0
179535,1,6,99,5,6,60.0,0,N,TOWNS,OTHER,7,17.0
179536,1,1,130,1,3,40.0,0,I,MELB_URBAN,STREET,7,1.0
179537,1,4,130,5,2,100.0,0,N,MELB_URBAN,FREEWAY,7,17.0
179538,1,2,99,2,3,60.0,0,I,LARGE_PROVINCIAL_CITIES,ROAD,6,19.0
179539,1,3,121,5,4,70.0,0,N,MELB_URBAN,RAMP,7,6.0
179540,1,2,116,2,1,50.0,0,I,MELB_URBAN,BOULEVARD,7,8.0
179541,4,3,173,5,3,80.0,0,N,MELB_URBAN,ROAD,7,1.0
179542,2,3,99,5,1,40.0,0,N,MELB_URBAN,STREET,7,9.0
179543,1,0,121,2,6,60.0,0,I,MELB_URBAN,ROAD,7,17.0
179544,1,3,133,1,1,40.0,0,I,MELBOURNE_CBD,STREET,7,8.0
179545,1,2,99,1,1,60.0,0,I,LARGE_PROVINCIAL_CITIES,ROAD,7,10.0
179546,1,7,140,2,1,70.0,0,I,MELB_URBAN,STREET,7,12.0
179547,1,3,99,2,1,60.0,0,I,MELB_URBAN,ROAD,7,11.0
179548,1,2,99,2,1,50.0,0,N,MELB_URBAN,STREET,7,11.0
179549,1,3,121,1,1,40.0,0,O,MELB_URBAN,UNKNOWN,7,9.0
179550,4,2,183,5,1,60.0,0,N,TOWNS,ROAD,7,8.0
179551,4,2,173,5,1,100.0,0,N,RURAL_VICTORIA,ROAD,7,9.0
179552,1,0,110,1,1,80.0,0,I,RURAL_VICTORIA,ROAD,7,9.0
179553,1,2,120,5,1,60.0,0,N,RURAL_VICTORIA,ROAD,7,9.0
179554,1,3,163,5,1,50.0,0,N,LARGE_PROVINCIAL_CITIES,STREET,7,7.0
179555,1,7,121,1,1,60.0,0,I,MELB_URBAN,PARADE,12,9.0
179556,1,2,130,2,1,60.0,0,I,MELB_URBAN,ROAD,7,12.0
179557,1,3,110,1,1,60.0,0,I,MELB_URBAN,ROAD,7,7.0
179558,1,1,99,2,1,50.0,0,I,MELB_URBAN,STREET,7,16.0
179559,1,3,140,5,1,60.0,0,N,RURAL_VICTORIA,DRIVE,7,14.0
179560,1,2,113,2,1,40.0,0,I,LARGE_PROVINCIAL_CITIES,STREET,7,15.0
179561,1,3,113,1,1,80.0,0,I,MELB_URBAN,HIGHWAY,7,13.0
179562,1,2,110,1,1,60.0,0,I,MELB_URBAN,PARADE,7,16.0
179563,2,3,99,5,1,50.0,0,N,MELB_URBAN,ROAD,7,13.0
179564,1,3,99,1,1,70.0,0,N,MELB_URBAN,ROAD,7,13.0
179565,2,3,102,1,3,60.0,0,I,MELB_URBAN,ROAD,7,17.0
179566,2,3,100,1,1,60.0,0,I,MELB_URBAN,ROAD,7,15.0
179567,1,3,133,5,3,60.0,0,N,MELB_URBAN,ROAD,7,20.0
179568,1,3,113,1,3,60.0,0,I,MELB_URBAN,ROAD,7,20.0
179569,1,3,110,1,3,50.0,0,I,SMALL_CITIES,STREET,7,19.0
179570,1,3,120,5,1,60.0,0,N,MELB_URBAN,STREET,7,16.0
179571,1,2,110,1,3,80.0,0,I,MELB_URBAN,ROAD,7,20.0
179572,4,4,173,5,3,60.0,0,N,LARGE_PROVINCIAL_CITIES,ROAD,7,1.0
179573,1,2,110,1,1,50.0,0,I,MELB_URBAN,STREET,7,8.0
179574,4,4,171,2,3,50.0,0,I,MELB_URBAN,AVENUE,7,1.0
179575,4,1,181,5,1,60.0,0,N,MELB_URBAN,RAMP,7,9.0
179576,1,3,110,1,3,60.0,0,I,RURAL_VICTORIA,ROAD,7,23.0
179577,4,4,171,5,3,70.0,0,N,LARGE_PROVINCIAL_CITIES,HIGHWAY,7,6.0
179578,1,4,147,5,2,50.0,0,N,MELB_URBAN,OTHER,7,6.0
179579,1,4,130,5,1,60.0,0,N,MELB_URBAN,HIGHWAY,7,7.0
179580,1,4,121,5,1,50.0,0,N,MELB_URBAN,ROAD,7,9.0
179581,1,3,130,5,1,60.0,0,N,MELB_URBAN,ROAD,7,12.0
179582,1,1,130,5,6,80.0,0,N,MELB_URBAN,ROAD,7,1.0
179583,2,3,100,1,1,60.0,0,I,MELB_URBAN,STREET,7,10.0
179584,1,5,121,1,3,80.0,0,I,MELB_URBAN,ROAD,7,23.0
179585,1,2,121,1,1,60.0,0,O,MELB_URBAN,UNKNOWN,7,8.0
179586,2,4,102,1,1,50.0,0,I,MELB_URBAN,STREET,7,9.0
179587,1,4,130,5,1,100.0,0,N,MELB_URBAN,ROAD,7,8.0
179588,1,4,134,5,5,100.0,0,N,RURAL_VICTORIA,HIGHWAY,5,6.0
179589,1,2,99,2,1,60.0,0,I,RURAL_VICTORIA,ROAD,7,14.0
179590,1,6,99,5,1,60.0,0,N,MELB_URBAN,PARADE,7,9.0
179591,4,4,99,5,1,50.0,0,N,LARGE_PROVINCIAL_CITIES,ROAD,7,12.0
179592,4,5,173,5,1,60.0,0,N,MELB_URBAN,ROAD,7,10.0
179593,1,2,113,2,2,60.0,0,I,MELB_URBAN,STREET,7,6.0
179594,1,5,147,5,1,60.0,0,N,MELB_URBAN,ROAD,7,14.0
179595,1,4,110,1,1,60.0,0,I,LARGE_PROVINCIAL_CITIES,STREET,7,13.0
179596,1,1,121,1,3,60.0,0,I,RURAL_VICTORIA,ROAD,2,22.0
179597,1,0,130,3,3,70.0,0,I,MELB_URBAN,RAMP,7,22.0
179598,4,3,181,5,1,70.0,0,N,RURAL_VICTORIA,ROAD,7,10.0
179599,1,3,113,2,1,60.0,0,I,MELB_URBAN,ROAD,8,16.0
179600,1,3,120,5,1,60.0,0,N,MELB_URBAN,ROAD,7,12.0
179601,1,3,132,2,1,60.0,0,N,MELB_URBAN,STREET,7,15.0
179602,1,1,130,5,1,100.0,0,N,MELB_URBAN,FREEWAY,7,8.0
179603,1,4,99,2,1,60.0,0,N,MELB_URBAN,ROAD,7,12.0
179604,1,1,130,5,1,80.0,0,N,MELB_URBAN,ROAD,3,13.0
179605,1,2,99,2,1,60.0,0,I,MELB_URBAN,RAMP,6,10.0
179606,1,2,130,5,1,50.0,0,N,LARGE_PROVINCIAL_CITIES,ROAD,7,12.0
179607,1,3,113,2,3,80.0,0,I,LARGE_PROVINCIAL_CITIES,ROAD,7,18.0
179608,1,5,140,5,1,50.0,0,N,RURAL_VICTORIA,BOULEVARD,7,9.0
179609,1,3,121,1,3,50.0,0,I,MELB_URBAN,UNKNOWN,7,19.0
179610,1,4,121,2,3,40.0,0,O,MELB_URBAN,UNKNOWN,7,19.0
179611,4,4,171,5,1,100.0,0,N,RURAL_VICTORIA,ROAD,7,16.0
179612,1,3,130,4,1,60.0,0,I,MELB_URBAN,ROAD,7,13.0
179613,1,4,130,1,1,60.0,1,N,SMALL_CITIES,STREET,7,17.0
179614,4,4,173,5,1,100.0,0,N,RURAL_VICTORIA,ROAD,7,15.0
179615,1,6,163,5,3,40.0,0,N,UNKNOWN,STREET,7,18.0
179616,1,4,132,2,1,60.0,0,I,MELB_URBAN,ROAD,7,17.0
179617,4,4,173,5,3,60.0,0,N,MELB_URBAN,ROAD,8,2.0
179618,4,5,173,5,3,70.0,0,N,MELB_URBAN,ROAD,8,3.0
179619,1,5,132,2,1,80.0,0,N,MELB_URBAN,HIGHWAY,7,9.0
179620,2,6,102,2,2,70.0,0,I,MELB_URBAN,ROAD,7,6.0
179621,4,4,173,5,5,100.0,1,N,RURAL_VICTORIA,ROAD,7,18.0
179622,5,7,99,5,1,60.0,0,N,RURAL_VICTORIA,ROAD,7,10.0
179623,1,6,130,5,1,60.0,0,N,MELB_URBAN,ROAD,7,16.0
179624,2,5,99,5,6,60.0,0,N,MELB_URBAN,STREET,8,7.0
179625,1,4,130,1,1,60.0,0,N,MELB_URBAN,ROAD,8,6.0
179626,1,5,99,2,1,50.0,0,I,MELB_URBAN,STREET,8,8.0
179627,1,4,130,2,6,50.0,0,I,MELB_URBAN,OTHER,12,0.0
179628,1,5,110,1,1,80.0,0,I,SMALL_CITIES,HIGHWAY,8,8.0
179629,1,5,99,1,1,60.0,0,I,MELB_URBAN,ROAD,8,10.0
179630,3,3,167,5,5,100.0,0,N,RURAL_VICTORIA,ROAD,6,18.0
179631,2,5,99,5,1,50.0,0,N,TOWNS,OTHER,8,11.0
179632,1,4,99,2,1,40.0,0,I,MELB_URBAN,STREET,5,8.0
179633,5,5,99,5,1,60.0,0,N,RURAL_VICTORIA,ROAD,5,13.0
179634,1,5,130,5,1,50.0,0,N,MELB_URBAN,STREET,8,9.0
179635,1,4,111,2,1,60.0,0,I,MELB_URBAN,BOULEVARD,7,10.0
179636,1,3,120,5,1,100.0,0,N,RURAL_VICTORIA,ROAD,7,16.0
179637,1,6,111,2,1,80.0,0,I,RURAL_VICTORIA,ROAD,7,10.0
179638,1,4,130,5,1,80.0,0,N,MELB_URBAN,HIGHWAY,8,13.0
179639,1,3,99,5,1,70.0,0,N,MELB_URBAN,ROAD,8,12.0
179640,1,4,120,5,1,80.0,0,N,RURAL_VICTORIA,ROAD,8,14.0
179641,1,5,140,2,1,70.0,0,N,MELB_URBAN,ROAD,8,14.0
179642,2,4,100,1,1,80.0,0,I,MELB_URBAN,HIGHWAY,8,14.0
179643,1,5,113,2,1,50.0,0,I,MELB_URBAN,STREET,8,14.0
179644,1,5,130,2,1,100.0,0,I,RURAL_VICTORIA,HIGHWAY,8,11.0
179645,2,5,100,2,1,40.0,0,N,MELB_URBAN,ROAD,8,16.0
179646,1,4,130,5,1,80.0,0,N,MELB_URBAN,FREEWAY,8,15.0
179647,1,5,121,2,1,50.0,0,I,MELB_URBAN,OTHER,8,16.0
179648,1,5,99,2,3,40.0,0,I,MELB_URBAN,STREET,8,17.0
179649,1,5,110,1,1,60.0,0,I,TOWNS,HIGHWAY,8,16.0
179650,1,5,110,1,1,100.0,0,I,RURAL_VICTORIA,ROAD,8,17.0
179651,1,5,99,2,1,50.0,1,I,MELB_URBAN,DRIVE,8,12.0
179652,2,3,99,5,1,60.0,0,N,MELB_URBAN,OTHER,7,16.0
179653,1,4,110,1,2,80.0,0,I,MELB_URBAN,ROAD,8,17.0
179654,2,5,100,1,1,60.0,1,N,MELB_URBAN,ROAD,8,15.0
179655,1,5,130,5,1,60.0,0,N,MELB_URBAN,FREEWAY,8,8.0
179656,4,5,171,5,1,100.0,0,N,RURAL_VICTORIA,ROAD,8,17.0
179657,4,5,171,2,2,60.0,0,I,SMALL_TOWNS,ROAD,8,18.0
179658,1,3,135,5,1,60.0,0,N,MELB_URBAN,FREEWAY,7,11.0
179659,1,5,116,2,3,60.0,0,I,LARGE_PROVINCIAL_CITIES,HIGHWAY,8,20.0
179660,1,1,130,1,3,60.0,0,I,MELB_URBAN,ROAD,6,19.0
179661,1,5,113,2,3,60.0,0,I,MELB_URBAN,ROAD,8,20.0
179662,2,4,100,5,1,50.0,0,N,MELB_URBAN,AVENUE,8,15.0
179663,2,5,102,1,3,70.0,0,I,MELB_URBAN,OTHER,8,21.0
179664,1,5,113,2,1,80.0,0,I,RURAL_VICTORIA,ROAD,8,17.0
179665,1,3,130,5,1,60.0,0,N,MELB_URBAN,STREET,4,17.0
179666,1,4,130,5,1,60.0,0,N,RURAL_VICTORIA,ROAD,7,14.0
179667,1,4,130,5,1,60.0,0,N,MELB_URBAN,PARADE,7,14.0
179668,6,6,170,5,5,100.0,0,N,RURAL_VICTORIA,ROAD,8,6.0
179669,1,6,113,2,2,40.0,0,I,RURAL_VICTORIA,ROAD,8,6.0
179670,1,5,134,5,1,80.0,0,N,MELB_URBAN,ROAD,7,8.0
179671,1,5,132,1,1,60.0,0,N,TOWNS,HIGHWAY,8,7.0
179672,1,4,147,5,1,60.0,0,N,MELB_URBAN,ROAD,8,15.0
179673,1,6,121,1,1,80.0,0,N,MELB_URBAN,STREET,8,7.0
179674,1,3,132,1,1,60.0,0,I,LARGE_PROVINCIAL_CITIES,HIGHWAY,7,9.0
179675,1,5,99,2,3,60.0,0,I,MELB_URBAN,ROAD,8,6.0
179676,1,6,113,2,1,70.0,0,I,MELB_URBAN,ROAD,8,8.0
179677,1,4,130,5,1,100.0,0,N,MELB_URBAN,FREEWAY,7,15.0
179678,4,6,171,5,1,50.0,0,N,RURAL_VICTORIA,ROAD,8,9.0
179679,2,6,102,5,1,50.0,0,N,MELB_URBAN,ROAD,8,9.0
179680,1,5,135,5,9,60.0,0,N,MELB_URBAN,OTHER,8,16.0
179681,1,2,130,5,1,50.0,0,N,TOWNS,STREET,4,12.0
179682,1,6,130,2,1,40.0,0,N,MELB_URBAN,UNKNOWN,8,12.0
179683,1,5,110,1,1,50.0,0,I,TOWNS,STREET,8,12.0
179684,1,5,113,1,1,40.0,0,I,LARGE_PROVINCIAL_CITIES,STREET,8,13.0
179685,1,6,132,1,1,60.0,0,I,MELB_URBAN,ROAD,8,12.0
179686,1,6,130,2,1,60.0,0,I,LARGE_PROVINCIAL_CITIES,ROAD,8,13.0
179687,1,6,99,5,1,60.0,0,N,MELB_URBAN,BOULEVARD,8,8.0
179688,1,6,99,5,1,70.0,0,N,MELB_URBAN,ROAD,8,9.0
179689,1,3,99,1,9,60.0,0,I,MELB_URBAN,AVENUE,3,20.0
179690,1,6,99,5,1,60.0,0,N,RURAL_VICTORIA,ROAD,7,16.0
179691,1,5,121,2,1,60.0,0,I,MELB_URBAN,STREET,8,9.0
179692,1,2,130,1,1,70.0,0,I,LARGE_PROVINCIAL_CITIES,HIGHWAY,7,11.0
179693,1,6,99,1,1,60.0,0,I,MELB_URBAN,ROAD,7,17.0
179694,2,6,102,5,1,60.0,0,N,MELB_URBAN,HIGHWAY,8,14.0
179695,2,6,100,1,1,60.0,0,N,MELB_URBAN,BOULEVARD,8,8.0
179696,1,6,130,5,1,60.0,0,N,RURAL_VICTORIA,ROAD,8,16.0
179697,1,5,121,1,3,50.0,0,O,SMALL_TOWNS,UNKNOWN,8,18.0
179698,5,4,99,2,2,50.0,0,I,MELB_URBAN,STREET,6,6.0
179699,2,5,99,5,1,60.0,0,N,MELB_URBAN,ROAD,8,16.0
179700,4,6,171,5,1,60.0,0,N,RURAL_VICTORIA,ROAD,8,14.0
179701,1,6,120,5,1,100.0,0,N,RURAL_VICTORIA,HIGHWAY,8,15.0
179702,6,7,184,2,1,60.0,0,N,RURAL_VICTORIA,OTHER,2,15.0
179703,1,6,120,5,1,80.0,0,N,RURAL_VICTORIA,ROAD,8,16.0
179704,6,1,184,5,1,100.0,0,N,RURAL_VICTORIA,ROAD,7,13.0
179705,1,6,99,2,5,60.0,0,I,MELB_URBAN,ROAD,8,21.0
179706,4,5,171,5,3,60.0,0,N,SMALL_CITIES,DRIVE,8,20.0
179707,1,5,110,1,2,70.0,0,I,MELB_URBAN,ROAD,8,18.0
179708,1,5,130,5,3,60.0,0,N,MELB_URBAN,ROAD,8,21.0
179709,1,6,130,2,1,80.0,0,I,MELB_URBAN,ROAD,8,14.0
179710,1,6,134,5,2,80.0,0,N,MELB_URBAN,HIGHWAY,8,17.0
179711,4,6,99,5,5,60.0,0,N,RURAL_VICTORIA,STREET,8,2.0
179712,1,7,99,5,3,50.0,0,N,MELB_URBAN,ROAD,8,2.0
179713,2,7,99,5,3,50.0,0,N,MELB_URBAN,STREET,8,4.0
179714,4,7,173,1,3,70.0,0,I,MELB_URBAN,ROAD,8,4.0
179715,1,7,99,2,1,60.0,0,I,MELB_URBAN,ROAD,7,15.0
179716,1,4,121,1,1,70.0,0,I,MELB_URBAN,ROAD,8,8.0
179717,1,4,130,1,1,80.0,0,I,RURAL_VICTORIA,ROAD,8,16.0
179718,8,1,174,5,1,100.0,0,N,RURAL_VICTORIA,ROAD,7,11.0
179719,1,7,110,1,1,60.0,0,I,MELB_URBAN,AVENUE,8,7.0
179720,1,6,140,2,1,60.0,0,I,RURAL_VICTORIA,OTHER,7,13.0
179721,6,5,170,5,1,80.0,0,N,RURAL_VICTORIA,ROAD,8,15.0
179722,1,7,113,2,1,60.0,0,I,LARGE_PROVINCIAL_CITIES,ROAD,8,12.0
179723,4,4,171,5,1,80.0,0,O,RURAL_VICTORIA,UNKNOWN,8,16.0
179724,1,3,130,5,3,80.0,0,N,MELB_URBAN,HIGHWAY,6,20.0
179725,1,6,160,5,1,60.0,0,N,MELB_URBAN,STREET,8,12.0
179726,1,3,121,1,3,70.0,0,I,MELB_URBAN,ROAD,7,17.0
179727,1,2,111,2,1,60.0,0,I,MELB_URBAN,ROAD,5,17.0
179728,1,3,130,5,1,100.0,0,N,MELB_URBAN,FREEWAY,7,11.0
179729,1,4,116,1,3,60.0,0,I,MELB_URBAN,ROAD,7,19.0
179730,1,6,110,1,1,50.0,0,I,SMALL_CITIES,STREET,7,16.0
179731,1,1,130,2,3,60.0,0,N,LARGE_PROVINCIAL_CITIES,HIGHWAY,7,18.0
179732,1,7,113,2,1,80.0,0,I,MELB_URBAN,ROAD,8,17.0
179733,6,7,99,5,1,80.0,0,N,RURAL_VICTORIA,ROAD,8,16.0
179734,1,6,147,5,1,60.0,0,N,LARGE_PROVINCIAL_CITIES,STREET,8,13.0
179735,1,7,110,1,3,50.0,0,I,MELB_URBAN,ROAD,8,18.0
179736,4,6,173,2,1,60.0,0,N,MELB_URBAN,ROAD,8,16.0
179737,2,7,102,2,6,50.0,0,N,MELB_URBAN,ROAD,8,21.0
179738,8,6,170,5,5,100.0,0,N,RURAL_VICTORIA,ROAD,8,21.0
179739,1,6,116,1,3,70.0,0,I,RURAL_VICTORIA,ROAD,8,22.0
179740,4,7,183,5,5,80.0,0,N,LARGE_PROVINCIAL_CITIES,ROAD,8,0.0
179741,1,1,121,1,3,70.0,0,I,MELB_URBAN,ROAD,8,1.0
179742,4,1,171,5,3,60.0,0,I,MELB_URBAN,ROAD,8,4.0
179743,1,0,121,2,1,60.0,0,I,MELB_URBAN,ROAD,8,8.0
179744,1,0,130,2,1,70.0,0,N,MELB_URBAN,ROAD,8,10.0
179745,2,1,100,5,1,50.0,0,N,MELB_URBAN,STREET,8,10.0
179746,1,1,116,1,1,80.0,0,I,MELB_URBAN,BOULEVARD,8,10.0
179747,1,0,113,2,1,60.0,0,I,MELB_URBAN,ROAD,8,12.0
179748,4,0,181,5,5,100.0,0,N,RURAL_VICTORIA,ROAD,8,2.0
179749,4,1,171,5,1,100.0,0,N,RURAL_VICTORIA,HIGHWAY,8,13.0
179750,1,0,110,1,1,60.0,0,I,RURAL_VICTORIA,BOULEVARD,8,11.0
179751,4,7,173,5,5,100.0,0,N,RURAL_VICTORIA,ROAD,8,3.0
179752,1,0,99,2,1,60.0,0,I,MELB_URBAN,ROAD,8,13.0
179753,1,0,160,5,2,60.0,0,N,MELB_URBAN,STREET,8,17.0
179754,4,0,171,5,2,50.0,0,N,MELB_URBAN,STREET,8,17.0
179755,1,1,130,2,1,80.0,0,N,MELB_URBAN,ROAD,8,16.0
179756,4,1,173,1,3,100.0,0,N,MELB_URBAN,UNKNOWN,8,17.0
179757,1,1,110,1,1,50.0,0,I,MELB_URBAN,STREET,8,15.0
179758,1,1,121,1,1,70.0,0,I,MELB_URBAN,ROAD,8,16.0
179759,1,0,130,2,3,60.0,0,I,MELB_URBAN,BOULEVARD,8,17.0
179760,1,1,173,5,3,60.0,0,N,MELB_URBAN,ROAD,8,18.0
179761,4,0,173,5,3,60.0,0,N,TOWNS,OTHER,8,19.0
179762,2,6,102,5,3,40.0,0,N,MELB_URBAN,STREET,8,18.0