,accident_type,day_of_week,dca_code,road_geometry,light_condition,speed_zone,severity,node_type,deg_urban_name,road_type,month,hour
179763,1,1,113,2,3,60.0,0,I,MELB_URBAN,ROAD,8,20.0
179764,4,1,183,5,3,80.0,0,N,MELB_URBAN,ROAD,8,21.0
179765,2,1,99,5,3,40.0,0,N,MELB_URBAN,BOULEVARD,8,22.0
179766,4,1,171,5,6,60.0,0,N,SMALL_CITIES,ROAD,8,1.0
179767,1,4,113,2,1,60.0,0,I,RURAL_VICTORIA,ROAD,6,8.0
179768,1,5,163,5,1,60.0,0,N,MELB_URBAN,ROAD,7,16.0
179769,1,2,113,2,5,60.0,0,I,RURAL_VICTORIA,ROAD,8,6.0
179770,1,2,130,5,1,100.0,0,N,MELB_URBAN,FREEWAY,8,6.0
179771,1,1,140,2,1,50.0,0,I,SMALL_CITIES,BOULEVARD,8,14.0
179772,6,0,174,5,3,80.0,0,N,MELB_URBAN,HIGHWAY,8,21.0
179773,1,7,135,2,1,70.0,0,I,MELB_URBAN,ROAD,8,11.0
179774,4,3,171,1,1,60.0,0,N,MELB_URBAN,ROAD,10,13.0
179775,1,3,130,5,1,60.0,0,N,MELB_URBAN,ROAD,7,12.0
179776,4,1,173,5,3,60.0,0,N,SMALL_CITIES,DRIVE,8,20.0
179777,3,1,167,5,1,60.0,0,N,MELB_URBAN,ROAD,8,8.0
179778,4,2,173,5,5,80.0,0,N,RURAL_VICTORIA,ROAD,8,6.0
179779,1,4,110,1,1,50.0,0,I,MELB_URBAN,PARADE,7,17.0
179780,1,2,110,1,3,60.0,1,N,MELB_URBAN,ROAD,8,5.0
179781,1,4,121,1,1,70.0,0,N,MELB_URBAN,STREET,8,11.0
179782,4,2,99,5,1,60.0,0,O,MELB_URBAN,STREET,8,10.0
179783,1,5,110,1,1,50.0,0,I,MELB_URBAN,DRIVE,8,7.0
179784,5,3,99,5,1,60.0,0,N,RURAL_VICTORIA,ROAD,5,14.0
179785,7,7,99,1,1,50.0,0,N,MELB_URBAN,ROAD,8,11.0
179786,1,3,130,5,2,60.0,0,N,MELB_URBAN,ROAD,6,17.0
179787,4,3,171,5,1,60.0,0,N,MELB_URBAN,ROAD,7,16.0
179788,1,3,111,2,3,60.0,0,N,MELB_URBAN,STREET,5,19.0
179789,4,3,171,2,1,60.0,0,I,MELB_URBAN,AVENUE,7,14.0
179790,3,0,167,5,5,100.0,0,N,RURAL_VICTORIA,ROAD,8,17.0
179791,1,6,110,1,3,60.0,0,I,SMALL_CITIES,HIGHWAY,8,18.0
179792,1,1,130,5,1,110.0,0,N,RURAL_VICTORIA,FREEWAY,8,14.0
179793,2,1,100,1,1,60.0,0,I,MELB_URBAN,ROAD,8,16.0
179794,2,6,99,5,6,50.0,0,N,RURAL_VICTORIA,OTHER,8,19.0
179795,1,2,160,5,1,50.0,0,N,MELB_URBAN,ROAD,8,14.0
179796,1,4,130,5,1,60.0,0,N,MELB_URBAN,STREET,8,8.0
179797,1,1,113,2,1,60.0,0,N,MELB_URBAN,ROAD,8,15.0
179798,1,1,113,2,3,50.0,0,I,MELB_URBAN,STREET,8,18.0
179799,4,0,171,5,1,100.0,0,N,RURAL_VICTORIA,ROAD,8,12.0
179800,1,2,121,2,1,80.0,0,I,MELB_URBAN,ROAD,8,15.0
179801,1,2,130,5,5,60.0,0,N,MELB_URBAN,RAMP,8,19.0
179802,2,2,100,1,1,60.0,1,I,MELB_URBAN,STREET,8,17.0
179803,1,2,99,1,1,50.0,0,I,MELB_URBAN,AVENUE,8,15.0
179804,1,2,134,2,5,100.0,0,N,MELB_URBAN,FREEWAY,8,20.0
179805,1,2,160,5,5,50.0,0,N,MELB_URBAN,STREET,8,21.0
179806,1,1,99,1,1,80.0,0,I,MELB_URBAN,ROAD,8,16.0
179807,1,2,130,5,3,60.0,0,N,MELB_URBAN,STREET,8,18.0
179808,4,3,181,5,5,80.0,0,N,RURAL_VICTORIA,ROAD,8,4.0
179809,1,2,130,5,1,80.0,0,N,RURAL_VICTORIA,HIGHWAY,8,16.0
179810,1,3,99,2,3,50.0,0,N,MELB_URBAN,ROAD,8,5.0
179811,1,4,121,1,6,40.0,0,I,MELBOURNE_CBD,STREET,7,22.0
179812,1,2,113,2,1,60.0,0,I,MELB_URBAN,STREET,8,6.0
179813,1,6,130,5,3,60.0,0,N,MELB_URBAN,ROAD,8,23.0
179814,1,2,116,2,1,70.0,0,I,TOWNS,ROAD,8,7.0
179815,6,2,170,5,1,100.0,0,N,RURAL_VICTORIA,HIGHWAY,8,13.0
179816,1,4,135,5,1,80.0,0,N,MELB_URBAN,HIGHWAY,7,7.0
179817,1,2,134,5,1,80.0,0,N,MELB_URBAN,ROAD,8,8.0
179818,1,2,130,5,1,60.0,0,N,RURAL_VICTORIA,HIGHWAY,7,8.0
179819,1,3,110,1,1,50.0,0,I,LARGE_PROVINCIAL_CITIES,STREET,8,7.0
179820,1,3,113,2,1,60.0,0,I,MELB_URBAN,ROAD,8,9.0
179821,1,3,110,1,1,40.0,0,O,MELB_URBAN,UNKNOWN,8,8.0
179822,1,2,99,2,1,40.0,0,I,MELB_URBAN,ROAD,8,8.0
179823,1,2,130,5,1,80.0,0,N,RURAL_VICTORIA,ROAD,7,11.0
179824,1,3,163,5,1,60.0,0,N,MELB_URBAN,STREET,7,12.0
179825,6,1,184,5,1,50.0,0,O,MELB_URBAN,UNKNOWN,7,12.0
179826,1,2,110,1,1,50.0,0,I,SMALL_CITIES,STREET,8,8.0
179827,1,3,130,5,1,80.0,0,N,MELB_URBAN,FREEWAY,8,6.0
179828,6,6,174,5,1,60.0,0,N,RURAL_VICTORIA,ROAD,8,11.0
179829,2,2,99,5,1,60.0,0,N,MELB_URBAN,ROAD,8,6.0
179830,1,5,110,1,1,50.0,0,I,LARGE_PROVINCIAL_CITIES,ROAD,8,15.0
179831,2,3,100,5,1,50.0,0,N,MELB_URBAN,STREET,8,8.0
179832,1,2,121,1,1,60.0,0,N,MELB_URBAN,AVENUE,8,13.0
179833,1,7,130,1,1,80.0,0,I,MELB_URBAN,ROAD,7,7.0
179834,1,5,130,2,1,60.0,0,I,MELB_URBAN,ROAD,8,14.0
179835,1,1,160,5,1,80.0,0,N,MELB_URBAN,FREEWAY,8,16.0
179836,1,3,130,5,1,100.0,0,N,RURAL_VICTORIA,HIGHWAY,8,9.0
179837,4,3,171,5,1,80.0,0,N,MELB_URBAN,FREEWAY,8,9.0
179838,1,3,130,1,1,80.0,0,I,MELB_URBAN,OTHER,8,13.0
179839,1,3,99,5,5,100.0,1,N,RURAL_VICTORIA,HIGHWAY,8,6.0
179840,4,3,99,5,1,100.0,0,N,RURAL_VICTORIA,ROAD,8,15.0
179841,1,1,113,2,1,60.0,0,I,MELB_URBAN,ROAD,7,17.0
179842,1,2,121,5,1,80.0,0,N,MELB_URBAN,HIGHWAY,8,15.0
179843,1,2,130,5,1,80.0,0,N,MELB_URBAN,ROAD,8,16.0
179844,1,5,99,5,1,60.0,0,N,SMALL_TOWNS,ROAD,7,15.0
179845,4,3,181,5,1,80.0,0,N,RURAL_VICTORIA,ROAD,8,14.0
179846,1,2,121,2,1,60.0,0,N,MELB_URBAN,ROAD,8,15.0
179847,6,2,174,1,3,60.0,0,I,MELB_URBAN,STREET,7,18.0
179848,1,4,130,1,1,60.0,0,I,MELB_URBAN,ROAD,8,14.0
179849,2,4,99,1,1,60.0,0,N,LARGE_PROVINCIAL_CITIES,ROAD,7,15.0
179850,1,3,121,2,3,60.0,0,I,MELB_URBAN,ROAD,8,19.0
179851,5,4,99,5,3,50.0,0,N,MELB_URBAN,STREET,6,21.0
179852,1,4,121,4,1,60.0,0,I,MELB_URBAN,DRIVE,6,8.0
179853,2,3,100,2,5,50.0,0,N,LARGE_PROVINCIAL_CITIES,OTHER,8,18.0
179854,2,2,100,5,1,40.0,0,N,MELB_URBAN,STREET,8,16.0
179855,1,3,121,5,1,60.0,0,N,MELB_URBAN,ROAD,8,14.0
179856,1,2,113,1,1,50.0,0,N,MELB_URBAN,PARADE,8,17.0
179857,1,3,130,5,1,80.0,0,N,MELB_URBAN,HIGHWAY,8,14.0
179858,2,2,99,5,1,40.0,0,N,MELB_URBAN,STREET,8,14.0
179859,2,3,99,2,1,60.0,0,N,MELB_URBAN,ROAD,8,16.0
179860,6,2,174,1,3,100.0,0,I,MELB_URBAN,ROAD,8,5.0
179861,4,3,173,5,3,60.0,1,N,MELB_URBAN,ROAD,8,20.0
179862,2,3,102,2,3,50.0,0,I,LARGE_PROVINCIAL_CITIES,AVENUE,8,21.0
179863,8,3,174,2,3,50.0,0,I,MELB_URBAN,STREET,8,3.0
179864,1,4,99,2,3,60.0,0,I,SMALL_CITIES,DRIVE,8,5.0
179865,1,1,110,1,1,60.0,0,I,SMALL_CITIES,STREET,8,16.0
179866,1,4,121,2,1,60.0,0,I,MELB_URBAN,STREET,5,9.0
179867,1,4,130,5,2,80.0,0,N,MELB_URBAN,ROAD,7,6.0
179868,1,3,121,2,1,80.0,0,I,MELB_URBAN,HIGHWAY,8,13.0
179869,1,3,120,5,1,60.0,0,N,MELB_URBAN,ROAD,8,8.0
179870,1,2,130,1,1,60.0,0,I,MELB_URBAN,ROAD,5,14.0
179871,1,3,133,5,1,60.0,0,N,MELB_URBAN,ROAD,7,14.0
179872,1,3,99,2,1,50.0,0,I,MELB_URBAN,OTHER,8,8.0
179873,4,3,171,5,1,100.0,0,N,RURAL_VICTORIA,ROAD,4,8.0
179874,1,4,130,5,1,100.0,0,N,MELB_URBAN,ROAD,8,9.0
179875,1,3,121,1,1,60.0,0,I,MELB_URBAN,BOULEVARD,7,8.0
179876,1,1,110,1,1,60.0,0,I,MELB_URBAN,STREET,7,7.0
179877,2,6,100,5,1,50.0,0,N,MELB_URBAN,STREET,8,14.0
179878,1,1,120,5,1,100.0,0,N,RURAL_VICTORIA,ROAD,8,13.0
179879,2,5,100,1,2,60.0,0,I,MELB_URBAN,ROAD,7,17.0
179880,1,4,121,1,1,50.0,0,O,MELB_URBAN,UNKNOWN,8,10.0
179881,1,4,113,2,1,60.0,0,I,MELB_URBAN,ROAD,8,12.0
179882,1,6,99,5,1,60.0,0,N,MELB_URBAN,ROAD,7,8.0
179883,1,4,130,5,3,60.0,0,N,MELB_URBAN,HIGHWAY,6,19.0
179884,1,6,99,1,1,50.0,0,N,MELB_URBAN,STREET,8,11.0
179885,1,4,111,2,1,60.0,0,I,MELB_URBAN,ROAD,8,13.0
179886,1,2,121,2,3,80.0,0,I,TOWNS,ROAD,8,18.0
179887,1,4,113,2,1,60.0,0,N,MELB_URBAN,ROAD,8,15.0
179888,1,4,121,1,2,60.0,0,I,MELB_URBAN,STREET,8,6.0
179889,1,3,130,2,1,60.0,0,N,MELB_URBAN,ROAD,7,8.0
179890,2,5,100,1,5,60.0,0,I,MELB_URBAN,ROAD,6,18.0
179891,4,4,181,5,1,60.0,0,N,MELB_URBAN,ROAD,8,12.0
179892,1,4,134,5,3,80.0,0,N,MELB_URBAN,HIGHWAY,8,18.0
179893,1,3,120,2,1,50.0,0,N,MELB_URBAN,ROAD,8,17.0
179894,2,3,100,2,3,60.0,0,I,MELB_URBAN,AVENUE,7,18.0
179895,1,4,113,2,1,80.0,0,I,MELB_URBAN,ROAD,8,17.0
179896,4,3,99,5,1,50.0,0,N,MELB_URBAN,STREET,8,16.0
179897,1,4,130,5,1,80.0,0,N,MELB_URBAN,HIGHWAY,8,15.0
179898,1,3,121,2,1,100.0,0,I,RURAL_VICTORIA,HIGHWAY,2,11.0
179899,1,4,140,2,2,60.0,0,I,MELB_URBAN,ROAD,8,17.0
179900,4,4,99,5,5,50.0,0,N,RURAL_VICTORIA,ROAD,8,17.0
179901,5,4,99,5,1,60.0,0,N,MELB_URBAN,ROAD,8,10.0
179902,1,3,116,2,1,60.0,0,I,MELB_URBAN,ROAD,8,16.0
179903,1,3,113,2,3,60.0,0,I,MELB_URBAN,STREET,8,19.0
179904,3,3,167,5,5,100.0,0,N,RURAL_VICTORIA,ROAD,8,21.0
179905,4,4,171,5,3,60.0,0,N,RURAL_VICTORIA,ROAD,8,21.0
179906,6,5,174,5,3,50.0,0,N,MELB_URBAN,STREET,8,1.0
179907,3,5,167,5,3,80.0,0,N,RURAL_VICTORIA,ROAD,8,3.0
179908,1,4,110,1,2,60.0,0,I,MELB_URBAN,ROAD,8,6.0
179909,1,1,130,5,1,100.0,0,N,MELB_URBAN,FREEWAY,7,14.0
179910,1,5,110,1,1,60.0,0,I,TOWNS,STREET,8,9.0
179911,1,4,113,1,1,60.0,0,I,LARGE_PROVINCIAL_CITIES,STREET,6,9.0
179912,1,4,130,5,1,80.0,0,N,MELB_URBAN,HIGHWAY,7,17.0
179913,1,5,99,5,1,50.0,0,N,LARGE_PROVINCIAL_CITIES,STREET,8,9.0
179914,6,5,174,1,1,60.0,0,N,SMALL_CITIES,STREET,8,9.0
179915,1,6,120,1,3,60.0,0,I,MELB_URBAN,ROAD,7,18.0
179916,1,5,130,1,1,60.0,0,I,MELB_URBAN,ROAD,8,10.0
179917,2,6,100,1,1,40.0,0,I,MELB_URBAN,STREET,2,13.0
179918,1,4,113,2,1,50.0,0,N,MELB_URBAN,STREET,8,10.0
179919,1,3,163,5,1,40.0,0,N,MELB_URBAN,ROAD,7,11.0
179920,1,5,113,2,1,60.0,0,N,MELB_URBAN,ROAD,8,11.0
179921,2,4,100,1,1,40.0,0,I,MELB_URBAN,STREET,8,16.0
179922,1,5,160,2,1,50.0,0,I,MELB_URBAN,ROAD,8,11.0
179923,1,5,130,5,1,80.0,0,N,MELB_URBAN,ROAD,8,7.0
179924,1,5,113,2,1,80.0,0,I,MELB_URBAN,ROAD,8,12.0
179925,1,3,110,1,1,60.0,0,I,MELB_URBAN,STREET,8,7.0
179926,1,5,130,2,1,40.0,0,I,MELB_URBAN,ROAD,8,14.0
179927,1,0,130,2,1,70.0,0,N,TOWNS,HIGHWAY,8,12.0
179928,2,4,99,5,1,60.0,0,N,MELB_URBAN,ROAD,8,14.0
179929,2,5,100,2,1,60.0,0,I,MELB_URBAN,STREET,8,15.0
179930,1,4,135,5,1,60.0,0,N,MELB_URBAN,STREET,8,9.0
179931,6,6,184,5,1,60.0,0,N,RURAL_VICTORIA,ROAD,8,10.0
179932,1,7,113,2,1,70.0,0,I,MELB_URBAN,STREET,8,11.0
179933,4,5,99,5,1,100.0,0,N,RURAL_VICTORIA,ROAD,8,15.0
179934,1,4,110,1,1,60.0,0,I,SMALL_CITIES,DRIVE,8,15.0
179935,1,5,130,5,1,60.0,0,N,MELB_URBAN,ROAD,7,12.0
179936,1,4,130,5,1,60.0,0,N,MELB_URBAN,ROAD,8,15.0
179937,4,5,171,5,1,100.0,0,N,RURAL_VICTORIA,ROAD,8,16.0
179938,1,5,99,2,1,50.0,0,I,MELB_URBAN,ROAD,8,14.0
179939,1,5,121,2,3,60.0,0,I,MELB_URBAN,ROAD,8,18.0
179940,1,6,130,5,1,50.0,0,N,MELB_URBAN,ROAD,4,13.0
179941,1,2,99,5,1,80.0,0,N,SMALL_TOWNS,ROAD,8,12.0
179942,1,5,110,1,1,80.0,0,N,MELB_URBAN,ROAD,8,16.0
179943,1,5,121,2,1,60.0,0,I,MELB_URBAN,ROAD,8,16.0
179944,1,3,121,1,1,60.0,0,N,MELB_URBAN,ROAD,7,13.0
179945,1,1,130,5,1,100.0,0,N,MELB_URBAN,ROAD,7,15.0
179946,1,4,147,5,3,60.0,0,N,MELB_URBAN,ROAD,8,19.0
179947,1,5,120,5,3,60.0,0,N,MELB_URBAN,ROAD,8,21.0
179948,1,5,99,5,5,100.0,0,N,MELB_URBAN,FREEWAY,8,22.0
179949,1,4,135,5,3,80.0,0,N,MELB_URBAN,FREEWAY,8,22.0
179950,4,6,171,2,3,50.0,0,N,MELB_URBAN,ROAD,8,3.0
179951,1,2,110,1,1,60.0,0,I,MELB_URBAN,ROAD,8,12.0
179952,1,2,110,1,1,80.0,0,I,MELB_URBAN,HIGHWAY,8,14.0
179953,4,5,181,5,5,100.0,0,N,RURAL_VICTORIA,ROAD,7,5.0
179954,6,5,174,2,1,50.0,0,N,SMALL_CITIES,STREET,8,17.0
179955,1,6,99,1,1,50.0,0,I,MELB_URBAN,STREET,8,8.0
179956,3,4,167,5,2,100.0,0,N,RURAL_VICTORIA,ROAD,7,18.0
179957,1,5,111,2,1,80.0,0,I,MELB_URBAN,HIGHWAY,8,7.0
179958,2,6,102,1,1,60.0,0,I,MELB_URBAN,STREET,8,9.0
179959,1,2,163,2,1,40.0,0,N,LARGE_PROVINCIAL_CITIES,DRIVE,5,15.0
179960,1,5,160,5,3,60.0,0,N,MELB_URBAN,ROAD,8,6.0
179961,1,5,110,1,1,70.0,0,I,MELB_URBAN,ROAD,8,9.0
179962,1,1,140,2,3,60.0,0,N,MELB_URBAN,ROAD,8,5.0
179963,1,6,110,1,1,100.0,1,I,RURAL_VICTORIA,ROAD,8,8.0
179964,1,6,110,1,1,50.0,0,I,MELB_URBAN,STREET,8,7.0
179965,1,7,130,1,1,60.0,0,I,LARGE_PROVINCIAL_CITIES,ROAD,5,15.0
179966,8,1,174,1,1,70.0,0,I,MELB_URBAN,ROAD,5,16.0
179967,1,7,130,1,3,60.0,0,I,MELB_URBAN,STREET,7,23.0
179968,6,1,184,5,1,60.0,0,N,RURAL_VICTORIA,ROAD,8,13.0
179969,1,4,135,1,6,50.0,0,I,MELB_URBAN,ROAD,8,20.0
179970,2,5,100,1,1,70.0,0,I,MELB_URBAN,ROAD,8,6.0
179971,3,4,167,5,5,100.0,0,N,RURAL_VICTORIA,ROAD,7,6.0
179972,1,6,120,5,1,100.0,0,N,RURAL_VICTORIA,ROAD,8,11.0
179973,2,6,100,1,1,50.0,0,I,MELB_URBAN,STREET,7,10.0
179974,1,5,120,5,1,100.0,0,N,RURAL_VICTORIA,UNKNOWN,8,12.0
179975,1,6,120,5,1,60.0,0,N,SMALL_TOWNS,STREET,8,11.0
179976,6,1,174,5,3,50.0,0,N,LARGE_PROVINCIAL_CITIES,STREET,7,21.0
179977,1,3,99,2,1,60.0,0,N,SMALL_CITIES,ROAD,7,12.0
179978,1,6,120,5,1,60.0,0,N,MELB_URBAN,ROAD,8,12.0
179979,1,6,110,1,1,60.0,0,I,SMALL_CITIES,STREET,8,14.0
179980,1,1,99,5,1,40.0,0,N,MELB_URBAN,STREET,5,14.0
179981,2,5,99,5,1,50.0,0,N,SMALL_CITIES,ROAD,8,15.0
179982,1,4,130,1,3,80.0,0,I,MELB_URBAN,ROAD,8,19.0
179983,6,0,174,5,1,60.0,0,N,RURAL_VICTORIA,ROAD,8,10.0
179984,8,6,184,5,1,80.0,0,N,RURAL_VICTORIA,HIGHWAY,8,10.0
179985,1,6,121,1,3,70.0,0,I,LARGE_PROVINCIAL_CITIES,STREET,8,18.0
179986,1,6,133,5,3,100.0,0,N,MELB_URBAN,ROAD,8,17.0
179987,1,5,132,2,3,60.0,0,N,MELB_URBAN,ROAD,8,17.0
179988,1,1,130,5,1,60.0,0,N,RURAL_VICTORIA,HIGHWAY,3,13.0
179989,3,5,167,5,1,50.0,0,N,RURAL_VICTORIA,ROAD,8,15.0
179990,1,6,99,5,5,100.0,0,I,RURAL_VICTORIA,ROAD,8,18.0
179991,1,6,120,2,3,60.0,0,N,RURAL_VICTORIA,BOULEVARD,8,18.0
179992,4,6,183,5,5,100.0,0,N,MELB_URBAN,ROAD,8,20.0
179993,1,6,130,5,9,60.0,0,N,MELB_URBAN,STREET,8,6.0
179994,4,7,171,5,3,40.0,0,N,MELB_URBAN,ROAD,8,0.0
179995,1,3,132,2,3,60.0,0,I,LARGE_PROVINCIAL_CITIES,ROAD,7,18.0
179996,4,7,181,5,3,70.0,0,N,MELB_URBAN,ROAD,8,1.0
179997,1,4,133,5,1,80.0,0,N,MELB_URBAN,ROAD,4,6.0
179998,1,7,120,5,1,50.0,0,N,SMALL_CITIES,STREET,8,8.0
179999,1,6,111,1,1,50.0,0,I,MELB_URBAN,STREET,8,9.0
180000,1,6,130,1,1,60.0,0,I,MELB_URBAN,ROAD,8,9.0
180001,1,6,99,5,1,100.0,0,N,RURAL_VICTORIA,HIGHWAY,8,9.0
180002,1,7,135,5,1,40.0,0,N,MELB_URBAN,ROAD,8,12.0
180003,1,5,130,5,1,80.0,0,N,MELB_URBAN,RAMP,8,17.0
180004,1,6,121,2,1,80.0,0,N,RURAL_VICTORIA,HIGHWAY,8,12.0
180005,4,6,171,5,1,50.0,0,N,RURAL_VICTORIA,DRIVE,8,11.0
180006,1,7,133,5,1,40.0,0,N,MELB_URBAN,STREET,8,13.0
180007,1,7,99,2,1,60.0,0,I,MELB_URBAN,ROAD,8,11.0
180008,1,2,130,5,5,60.0,0,N,RURAL_VICTORIA,ROAD,7,20.0
180009,1,6,130,5,1,60.0,0,N,RURAL_VICTORIA,HIGHWAY,8,9.0
180010,6,2,184,2,1,60.0,0,N,RURAL_VICTORIA,OTHER,8,12.0
180011,2,6,102,5,1,60.0,0,N,MELB_URBAN,ROAD,8,14.0
180012,1,6,99,5,5,100.0,0,N,RURAL_VICTORIA,ROAD,8,19.0
180013,1,7,99,1,1,60.0,0,N,MELB_URBAN,ROAD,8,12.0
180014,1,6,113,2,1,50.0,0,I,MELB_URBAN,OTHER,8,15.0
180015,1,6,120,2,1,60.0,0,I,MELB_URBAN,AVENUE,8,14.0
180016,1,7,120,5,1,80.0,0,N,RURAL_VICTORIA,HIGHWAY,8,13.0
180017,1,6,113,2,3,100.0,0,I,MELB_URBAN,HIGHWAY,8,20.0
180018,1,7,130,5,3,80.0,0,N,MELB_URBAN,ROAD,8,19.0
180019,1,7,121,2,3,60.0,0,I,MELB_URBAN,ROAD,8,20.0
180020,1,7,99,5,3,80.0,0,N,MELB_URBAN,ROAD,8,20.0
180021,1,7,135,2,3,40.0,0,N,MELB_URBAN,STREET,8,21.0
180022,1,3,130,5,3,50.0,0,N,MELB_URBAN,OTHER,7,20.0
180023,1,7,121,2,3,60.0,0,I,RURAL_VICTORIA,ROAD,8,18.0
180024,1,7,133,5,3,60.0,0,N,MELB_URBAN,ROAD,8,19.0
180025,1,7,110,1,5,80.0,1,I,RURAL_VICTORIA,ROAD,8,19.0
180026,1,7,111,1,3,80.0,0,I,RURAL_VICTORIA,ROAD,8,20.0
180027,4,7,171,2,3,60.0,0,I,SMALL_CITIES,DRIVE,8,19.0
180028,2,7,99,5,5,50.0,0,O,MELB_URBAN,UNKNOWN,8,20.0
180029,4,7,171,5,5,100.0,0,N,RURAL_VICTORIA,ROAD,8,23.0
180030,1,0,130,1,3,40.0,0,I,MELBOURNE_CBD,STREET,8,0.0
180031,2,6,100,5,1,40.0,0,N,MELB_URBAN,OTHER,8,11.0
180032,1,1,110,1,3,60.0,1,I,MELB_URBAN,STREET,8,0.0
180033,1,1,110,1,3,80.0,0,I,MELB_URBAN,HIGHWAY,8,0.0
180034,1,1,163,5,1,40.0,0,N,MELB_URBAN,STREET,8,10.0
180035,1,4,130,5,2,100.0,0,N,MELB_URBAN,FREEWAY,7,7.0
180036,1,3,147,5,1,60.0,0,N,MELB_URBAN,ROAD,8,13.0
180037,1,1,130,1,1,60.0,0,I,MELB_URBAN,HIGHWAY,6,14.0
180038,2,5,102,1,5,50.0,0,N,MELB_URBAN,AVENUE,5,19.0
180039,1,1,130,5,1,60.0,0,N,MELB_URBAN,ROAD,8,13.0
180040,1,0,113,2,1,60.0,0,I,MELB_URBAN,ROAD,8,13.0
180041,1,1,163,1,1,40.0,0,I,MELBOURNE_CBD,STREET,8,11.0
180042,1,1,120,5,1,80.0,0,N,RURAL_VICTORIA,ROAD,8,14.0
180043,2,1,102,1,2,60.0,1,I,LARGE_PROVINCIAL_CITIES,AVENUE,8,6.0
180044,5,1,99,5,1,100.0,0,N,RURAL_VICTORIA,ROAD,8,12.0
180045,6,0,184,5,2,60.0,0,N,RURAL_VICTORIA,STREET,8,17.0
180046,1,0,132,2,1,60.0,0,I,LARGE_PROVINCIAL_CITIES,OTHER,8,15.0
180047,1,1,163,5,1,40.0,0,N,MELB_URBAN,STREET,8,15.0
180048,4,1,173,5,1,100.0,1,N,RURAL_VICTORIA,ROAD,8,15.0
180049,1,0,130,1,1,80.0,0,N,MELB_URBAN,HIGHWAY,8,15.0
180050,1,6,130,2,1,50.0,0,N,MELB_URBAN,STREET,8,17.0
180051,4,1,183,5,1,100.0,0,N,MELB_URBAN,FREEWAY,8,16.0
180052,4,1,183,5,1,60.0,0,N,RURAL_VICTORIA,ROAD,8,16.0
180053,1,5,130,5,2,60.0,0,N,MELB_URBAN,FREEWAY,5,17.0
180054,1,1,121,1,3,80.0,0,N,MELB_URBAN,HIGHWAY,8,20.0
180055,1,1,135,5,3,100.0,0,N,MELB_URBAN,UNKNOWN,8,21.0
180056,1,0,133,2,3,60.0,0,N,MELB_URBAN,ROAD,8,21.0
180057,1,1,113,1,3,60.0,0,I,RURAL_VICTORIA,ROAD,8,22.0
180058,8,1,174,5,3,50.0,0,N,MELB_URBAN,ROAD,8,23.0
180059,4,2,173,5,5,60.0,0,N,LARGE_PROVINCIAL_CITIES,HIGHWAY,8,1.0
180060,4,2,181,5,5,50.0,1,N,MELB_URBAN,AVENUE,8,0.0
180061,1,2,120,5,5,70.0,0,N,RURAL_VICTORIA,HIGHWAY,8,3.0
180062,1,2,130,1,1,70.0,0,I,MELB_URBAN,ROAD,8,6.0
180063,2,2,99,1,2,60.0,0,O,MELB_URBAN,UNKNOWN,8,6.0
180064,1,2,121,1,1,40.0,0,I,MELB_URBAN,STREET,8,8.0
180065,1,1,110,1,1,60.0,0,I,RURAL_VICTORIA,STREET,8,8.0
180066,1,1,130,5,1,70.0,0,N,MELB_URBAN,ROAD,8,9.0
180067,6,5,99,5,1,60.0,0,N,RURAL_VICTORIA,OTHER,8,16.0
180068,1,2,99,1,1,100.0,0,N,RURAL_VICTORIA,HIGHWAY,8,8.0
180069,1,1,111,2,1,60.0,0,I,MELB_URBAN,DRIVE,8,10.0
180070,1,2,130,5,1,100.0,0,N,MELB_URBAN,ROAD,8,9.0
180071,2,2,102,2,4,50.0,0,I,MELB_URBAN,ROAD,7,17.0
180072,1,2,116,1,1,60.0,0,I,TOWNS,STREET,8,12.0
180073,1,3,130,5,1,40.0,0,N,RURAL_VICTORIA,ROAD,7,16.0
180074,6,5,99,5,1,50.0,0,N,RURAL_VICTORIA,ROAD,8,12.0
180075,1,5,121,2,3,60.0,0,I,MELB_URBAN,ROAD,8,22.0
180076,1,2,99,1,1,60.0,0,I,MELB_URBAN,ROAD,8,8.0
180077,1,1,121,2,1,80.0,0,I,SMALL_CITIES,DRIVE,8,13.0
180078,1,1,130,1,1,60.0,0,I,LARGE_PROVINCIAL_CITIES,ROAD,7,11.0
180079,1,2,113,2,1,40.0,0,I,MELB_URBAN,ROAD,8,15.0
180080,1,2,160,5,1,60.0,0,N,SMALL_CITIES,AVENUE,8,16.0
180081,1,1,121,2,1,70.0,0,I,MELB_URBAN,ROAD,7,12.0
180082,4,0,99,5,1,60.0,0,N,RURAL_VICTORIA,ROAD,8,11.0
180083,2,1,102,5,1,60.0,0,N,MELB_URBAN,ROAD,8,15.0
180084,1,2,135,5,1,70.0,0,N,MELB_URBAN,ROAD,8,16.0
180085,9,2,99,2,5,80.0,0,I,RURAL_VICTORIA,ROAD,7,19.0
180086,2,2,100,2,1,60.0,0,I,MELB_URBAN,ROAD,8,14.0
180087,1,2,121,2,3,70.0,0,N,RURAL_VICTORIA,ROAD,8,18.0
180088,1,1,130,5,3,60.0,0,N,MELB_URBAN,ROAD,8,18.0