,accident_type,day_of_week,dca_code,road_geometry,light_condition,speed_zone,severity,node_type,deg_urban_name,road_type,month,hour
180089,6,2,99,5,1,100.0,0,N,RURAL_VICTORIA,HIGHWAY,8,14.0
180090,6,1,184,5,1,80.0,0,N,RURAL_VICTORIA,ROAD,5,9.0
180091,4,7,99,2,6,60.0,0,I,MELB_URBAN,DRIVE,8,23.0
180092,1,2,120,2,3,60.0,0,I,LARGE_PROVINCIAL_CITIES,ROAD,8,19.0
180093,2,2,100,1,1,80.0,0,I,MELB_URBAN,ROAD,8,16.0
180094,1,2,121,2,3,60.0,0,I,LARGE_PROVINCIAL_CITIES,ROAD,8,18.0
180095,1,6,130,5,1,60.0,0,N,MELB_URBAN,ROAD,8,13.0
180096,1,1,113,1,3,40.0,0,I,MELB_URBAN,STREET,8,22.0
180097,1,5,132,2,6,60.0,0,I,MELB_URBAN,ROAD,7,21.0
180098,4,3,171,5,5,60.0,0,N,RURAL_VICTORIA,ROAD,8,0.0
180099,1,1,134,5,1,60.0,0,N,MELB_URBAN,ROAD,7,18.0
180100,1,3,133,5,2,60.0,0,N,MELB_URBAN,ROAD,8,5.0
180101,2,2,102,1,2,50.0,0,I,MELB_URBAN,ROAD,8,6.0
180102,8,1,184,5,1,80.0,0,N,RURAL_VICTORIA,ROAD,8,10.0
180103,1,3,130,1,1,50.0,0,I,MELB_URBAN,ROAD,8,9.0
180104,1,3,134,5,1,100.0,0,N,MELB_URBAN,FREEWAY,8,6.0
180105,1,5,130,2,1,70.0,0,N,MELB_URBAN,ROAD,8,15.0
180106,1,2,130,5,1,80.0,0,N,RURAL_VICTORIA,ROAD,8,15.0
180107,1,3,130,2,2,60.0,0,N,MELB_URBAN,DRIVE,8,6.0
180108,4,6,181,5,1,80.0,0,N,RURAL_VICTORIA,ROAD,6,10.0
180109,1,3,113,2,1,80.0,0,I,MELB_URBAN,ROAD,8,12.0
180110,1,2,140,5,1,100.0,0,N,RURAL_VICTORIA,HIGHWAY,8,10.0
180111,1,2,110,1,1,60.0,0,I,TOWNS,STREET,8,10.0
180112,1,5,130,1,6,60.0,0,I,MELB_URBAN,ROAD,8,23.0
180113,1,1,110,1,1,60.0,0,I,MELB_URBAN,STREET,7,12.0
180114,1,3,113,2,1,40.0,0,N,SMALL_CITIES,ROAD,8,8.0
180115,4,5,183,5,1,60.0,0,N,RURAL_VICTORIA,HIGHWAY,7,13.0
180116,1,5,130,5,1,60.0,0,N,MELB_URBAN,ROAD,8,14.0
180117,1,3,134,5,5,100.0,0,N,MELB_URBAN,FREEWAY,7,6.0
180118,9,1,99,5,1,100.0,0,N,RURAL_VICTORIA,OTHER,8,16.0
180119,6,3,170,5,1,60.0,0,N,MELB_URBAN,ROAD,8,7.0
180120,1,1,130,5,1,80.0,0,N,UNKNOWN,RAMP,8,13.0
180121,1,4,130,5,2,100.0,0,N,MELB_URBAN,FREEWAY,8,6.0
180122,4,2,171,5,1,80.0,0,N,RURAL_VICTORIA,ROAD,8,11.0
180123,1,3,99,5,1,50.0,0,N,SMALL_CITIES,DRIVE,8,10.0
180124,2,2,99,1,1,60.0,0,I,MELB_URBAN,STREET,8,15.0
180125,1,2,113,2,1,60.0,0,I,MELB_URBAN,ROAD,3,9.0
180126,2,1,99,5,6,60.0,0,N,MELB_URBAN,ROAD,8,18.0
180127,7,5,99,5,6,40.0,0,N,LARGE_PROVINCIAL_CITIES,OTHER,8,20.0
180128,1,1,110,1,1,60.0,0,I,LARGE_PROVINCIAL_CITIES,STREET,8,11.0
180129,1,2,121,2,1,70.0,0,I,MELB_URBAN,ROAD,8,16.0
180130,2,3,99,5,1,40.0,0,N,MELB_URBAN,STREET,8,14.0
180131,1,5,113,2,1,60.0,0,I,MELB_URBAN,STREET,8,15.0
180132,1,3,134,5,2,100.0,0,N,MELB_URBAN,FREEWAY,8,17.0
180133,1,2,130,5,3,80.0,0,N,MELB_URBAN,HIGHWAY,8,18.0
180134,1,2,113,2,1,60.0,0,I,MELB_URBAN,ROAD,8,17.0
180135,1,2,130,5,4,70.0,0,N,MELB_URBAN,HIGHWAY,8,17.0
180136,1,3,130,5,9,80.0,0,N,MELB_URBAN,UNKNOWN,8,21.0
180137,1,4,99,2,1,50.0,0,N,LARGE_PROVINCIAL_CITIES,UNKNOWN,5,13.0
180138,2,5,99,5,9,80.0,0,N,MELB_URBAN,ROAD,8,16.0
180139,4,1,171,5,3,70.0,0,N,MELB_URBAN,ROAD,8,5.0
180140,3,4,167,5,5,100.0,0,N,RURAL_VICTORIA,ROAD,8,5.0
180141,1,2,147,5,1,100.0,0,N,RURAL_VICTORIA,ROAD,8,16.0
180142,1,6,130,2,1,60.0,0,I,MELB_URBAN,ROAD,8,13.0
180143,1,4,130,5,1,80.0,0,N,MELB_URBAN,ROAD,8,8.0
180144,2,3,100,2,1,50.0,0,I,MELB_URBAN,ROAD,8,8.0
180145,8,4,174,5,1,60.0,0,N,RURAL_VICTORIA,ROAD,5,12.0
180146,1,4,120,5,1,50.0,0,N,MELB_URBAN,OTHER,8,8.0
180147,1,2,130,5,1,80.0,0,N,MELB_URBAN,OTHER,8,12.0
180148,1,0,173,1,1,60.0,0,N,RURAL_VICTORIA,ROAD,8,13.0
180149,1,1,130,5,1,100.0,0,N,MELB_URBAN,FREEWAY,7,7.0
180150,1,0,130,5,1,80.0,0,N,MELB_URBAN,ROAD,8,14.0
180151,2,4,99,5,1,60.0,0,N,MELB_URBAN,ROAD,8,12.0
180152,1,3,163,5,1,50.0,0,N,MELB_URBAN,ROAD,8,8.0
180153,1,2,130,5,1,60.0,0,N,MELB_URBAN,ROAD,6,15.0
180154,1,4,110,1,1,60.0,0,I,SMALL_CITIES,STREET,8,12.0
180155,1,2,121,2,2,60.0,0,I,MELB_URBAN,STREET,8,17.0
180156,3,7,167,1,2,60.0,0,I,RURAL_VICTORIA,ROAD,7,5.0
180157,1,4,130,5,1,50.0,0,N,TOWNS,STREET,8,12.0
180158,1,6,132,2,1,60.0,0,N,MELB_URBAN,STREET,8,13.0
180159,6,5,174,5,1,50.0,0,N,MELB_URBAN,STREET,8,10.0
180160,1,5,121,1,1,50.0,0,I,MELB_URBAN,ROAD,8,9.0
180161,1,4,99,2,1,60.0,0,I,MELB_URBAN,ROAD,6,10.0
180162,1,4,121,2,1,80.0,0,I,MELB_URBAN,HIGHWAY,8,13.0
180163,4,3,99,5,1,50.0,0,N,MELB_URBAN,STREET,8,14.0
180164,1,3,132,1,2,60.0,0,I,LARGE_PROVINCIAL_CITIES,STREET,8,17.0
180165,1,6,113,1,1,60.0,0,I,SMALL_TOWNS,ROAD,5,9.0
180166,1,4,121,1,1,80.0,0,I,SMALL_CITIES,ROAD,8,14.0
180167,1,5,130,5,3,60.0,0,N,SMALL_CITIES,OTHER,8,6.0
180168,4,4,171,5,1,100.0,0,N,RURAL_VICTORIA,ROAD,8,15.0
180169,1,7,130,2,1,60.0,0,I,MELB_URBAN,ROAD,6,13.0
180170,1,4,110,1,1,100.0,0,I,RURAL_VICTORIA,HIGHWAY,8,15.0
180171,1,5,130,5,3,50.0,0,N,MELB_URBAN,OTHER,8,18.0
180172,6,4,174,5,1,50.0,0,N,TOWNS,STREET,8,17.0
180173,1,3,99,5,1,50.0,0,N,MELB_URBAN,BOULEVARD,8,17.0
180174,1,3,133,5,6,80.0,0,N,MELB_URBAN,RAMP,8,20.0
180175,1,5,130,5,1,60.0,0,N,MELB_URBAN,ROAD,8,15.0
180176,1,3,99,4,1,80.0,0,N,RURAL_VICTORIA,RAMP,8,16.0
180177,1,4,99,5,1,60.0,0,N,MELB_URBAN,ROAD,8,16.0
180178,1,3,133,5,3,60.0,0,N,MELB_URBAN,ROAD,8,22.0
180179,4,4,99,5,5,50.0,0,N,SMALL_CITIES,STREET,8,21.0
180180,1,4,160,5,3,40.0,0,N,MELB_URBAN,OTHER,8,21.0
180181,1,4,121,5,3,80.0,0,N,MELB_URBAN,ROAD,8,20.0
180182,4,4,173,5,5,60.0,0,N,RURAL_VICTORIA,OTHER,8,22.0
180183,4,4,183,5,5,80.0,0,N,RURAL_VICTORIA,ROAD,8,23.0
180184,1,5,130,5,3,50.0,0,N,MELB_URBAN,STREET,8,4.0
180185,1,5,130,5,3,100.0,0,N,MELB_URBAN,FREEWAY,8,5.0
180186,1,2,130,5,2,80.0,0,N,RURAL_VICTORIA,ROAD,8,6.0
180187,1,5,130,5,1,100.0,0,N,MELB_URBAN,FREEWAY,8,8.0
180188,2,5,100,2,1,60.0,0,I,MELB_URBAN,STREET,8,7.0
180189,1,1,113,2,6,60.0,0,I,MELB_URBAN,ROAD,7,18.0
180190,1,1,130,5,1,80.0,0,N,TOWNS,HIGHWAY,8,11.0
180191,1,3,130,5,1,80.0,0,N,MELB_URBAN,RAMP,8,14.0
180192,1,4,134,5,1,50.0,0,N,RURAL_VICTORIA,ROAD,8,15.0
180193,6,6,174,2,1,60.0,0,N,LARGE_PROVINCIAL_CITIES,ROAD,8,14.0
180194,1,5,130,5,1,100.0,0,N,MELB_URBAN,ROAD,8,8.0
180195,6,5,99,4,1,50.0,0,I,MELB_URBAN,ROAD,8,10.0
180196,1,4,121,1,1,60.0,0,I,LARGE_PROVINCIAL_CITIES,STREET,8,12.0
180197,1,5,110,1,1,50.0,0,I,MELB_URBAN,AVENUE,8,7.0
180198,2,4,99,5,1,50.0,0,N,MELB_URBAN,OTHER,8,11.0
180199,4,4,171,2,1,50.0,0,I,RURAL_VICTORIA,AVENUE,8,11.0
180200,1,3,130,5,1,60.0,0,N,MELB_URBAN,ROAD,8,6.0
180201,1,5,116,2,1,60.0,0,I,MELB_URBAN,AVENUE,8,18.0
180202,1,0,121,2,2,60.0,0,I,MELB_URBAN,STREET,8,20.0
180203,1,5,99,1,1,40.0,0,I,MELBOURNE_CBD,STREET,8,13.0
180204,1,5,130,5,1,80.0,0,N,MELB_URBAN,ROAD,8,12.0
180205,1,2,130,5,1,60.0,0,N,MELB_URBAN,STREET,8,14.0
180206,6,5,170,5,1,50.0,0,N,TOWNS,STREET,8,14.0
180207,1,2,110,1,1,50.0,0,I,MELB_URBAN,AVENUE,8,14.0
180208,1,5,135,2,1,40.0,0,N,MELB_URBAN,ROAD,8,12.0
180209,1,5,135,1,1,70.0,0,I,MELB_URBAN,ROAD,8,8.0
180210,1,2,130,1,1,60.0,0,I,RURAL_VICTORIA,ROAD,7,11.0
180211,1,3,110,1,2,80.0,0,N,MELB_URBAN,ROAD,8,6.0
180212,1,5,110,1,1,70.0,0,I,MELB_URBAN,ROAD,8,13.0
180213,1,3,110,1,1,60.0,0,I,MELB_URBAN,ROAD,6,15.0
180214,1,5,140,2,1,50.0,0,I,MELB_URBAN,STREET,8,10.0
180215,2,5,102,5,1,50.0,0,N,MELB_URBAN,BOULEVARD,8,15.0
180216,6,5,174,5,3,60.0,0,N,MELB_URBAN,STREET,8,22.0
180217,1,4,99,5,1,60.0,0,O,MELB_URBAN,STREET,8,10.0
180218,1,2,113,2,6,50.0,0,I,MELB_URBAN,ROAD,8,22.0
180219,1,5,121,2,1,60.0,0,O,MELB_URBAN,UNKNOWN,8,15.0
180220,1,4,99,1,1,60.0,0,I,MELB_URBAN,HIGHWAY,8,15.0
180221,4,5,183,5,1,100.0,0,N,RURAL_VICTORIA,OTHER,8,16.0
180222,1,6,99,2,1,50.0,0,N,MELB_URBAN,STREET,5,17.0
180223,1,5,130,2,9,40.0,0,I,MELB_URBAN,STREET,9,5.0
180224,8,5,174,5,1,60.0,0,N,SMALL_CITIES,AVENUE,8,14.0
180225,4,5,173,5,1,110.0,0,N,RURAL_VICTORIA,FREEWAY,8,13.0
180226,1,5,163,5,1,30.0,0,N,MELB_URBAN,STREET,8,8.0
180227,4,5,173,5,1,100.0,0,N,RURAL_VICTORIA,HIGHWAY,8,16.0
180228,1,5,110,1,2,50.0,0,I,SMALL_CITIES,STREET,8,17.0
180229,1,4,130,5,1,80.0,0,N,MELB_URBAN,HIGHWAY,8,16.0
180230,3,3,167,5,5,60.0,0,N,RURAL_VICTORIA,ROAD,5,23.0
180231,1,5,160,5,3,50.0,0,N,TOWNS,STREET,8,20.0
180232,1,5,99,1,3,50.0,0,I,MELB_URBAN,STREET,8,19.0
180233,1,4,133,5,1,70.0,0,I,MELB_URBAN,ROAD,8,16.0
180234,4,6,173,5,5,100.0,0,N,RURAL_VICTORIA,ROAD,8,3.0
180235,6,6,99,5,5,80.0,0,N,RURAL_VICTORIA,ROAD,8,3.0
180236,1,5,120,5,1,80.0,0,N,RURAL_VICTORIA,ROAD,8,13.0
180237,1,2,121,2,1,70.0,0,N,MELB_URBAN,STREET,7,9.0
180238,1,5,130,2,1,70.0,0,I,MELB_URBAN,ROAD,2,17.0
180239,1,6,110,1,1,60.0,0,I,MELB_URBAN,STREET,8,9.0
180240,1,6,111,1,1,50.0,0,I,TOWNS,STREET,8,9.0
180241,6,6,99,5,1,60.0,0,N,RURAL_VICTORIA,ROAD,8,13.0
180242,8,5,174,1,3,60.0,0,I,MELB_URBAN,ROAD,8,18.0
180243,4,5,181,2,1,50.0,0,I,MELB_URBAN,OTHER,8,10.0
180244,1,4,130,1,1,60.0,0,N,LARGE_PROVINCIAL_CITIES,STREET,8,15.0
180245,2,6,100,5,3,70.0,1,N,MELB_URBAN,ROAD,8,6.0
180246,1,5,110,4,1,60.0,0,I,SMALL_CITIES,STREET,8,13.0
180247,1,2,130,5,1,80.0,0,N,RURAL_VICTORIA,ROAD,7,7.0
180248,1,5,120,5,5,100.0,0,N,RURAL_VICTORIA,HIGHWAY,8,21.0
180249,1,4,132,1,1,60.0,0,I,MELB_URBAN,HIGHWAY,7,14.0
180250,1,5,116,2,2,60.0,0,I,MELB_URBAN,ROAD,8,7.0
180251,8,6,99,1,1,60.0,0,I,RURAL_VICTORIA,ROAD,8,10.0
180252,1,2,130,5,1,70.0,0,N,MELB_URBAN,ROAD,8,8.0
180253,9,6,99,5,5,110.0,0,N,SMALL_TOWNS,FREEWAY,8,22.0
180254,2,5,100,1,1,60.0,0,I,LARGE_PROVINCIAL_CITIES,STREET,8,17.0
180255,1,6,113,2,1,50.0,0,I,SMALL_CITIES,ROAD,10,13.0
180256,1,5,130,5,1,60.0,0,N,MELB_URBAN,HIGHWAY,8,15.0
180257,1,5,121,1,1,70.0,0,I,MELB_URBAN,HIGHWAY,8,17.0
180258,4,6,183,5,1,50.0,0,N,MELB_URBAN,STREET,8,16.0
180259,1,5,121,5,1,60.0,0,N,MELB_URBAN,ROAD,8,14.0
180260,6,5,174,5,1,100.0,0,N,RURAL_VICTORIA,ROAD,8,13.0
180261,4,6,173,1,3,60.0,0,N,MELB_URBAN,ROAD,8,18.0
180262,3,5,167,5,1,80.0,0,N,RURAL_VICTORIA,ROAD,8,8.0
180263,8,0,174,5,1,80.0,0,N,RURAL_VICTORIA,ROAD,8,13.0
180264,1,5,110,1,2,80.0,0,I,MELB_URBAN,HIGHWAY,8,17.0
180265,4,6,173,5,5,100.0,0,N,RURAL_VICTORIA,ROAD,8,18.0
180266,8,5,184,5,1,60.0,0,N,RURAL_VICTORIA,UNKNOWN,7,10.0
180267,4,5,171,5,3,60.0,0,N,MELB_URBAN,STREET,8,21.0
180268,1,6,110,1,1,60.0,0,I,MELB_URBAN,STREET,8,14.0
180269,4,6,173,5,5,100.0,0,N,RURAL_VICTORIA,OTHER,8,20.0
180270,4,6,171,1,5,100.0,0,I,RURAL_VICTORIA,ROAD,8,0.0
180271,1,7,130,5,3,110.0,0,N,RURAL_VICTORIA,FREEWAY,8,1.0
180272,4,7,173,5,3,50.0,0,N,MELB_URBAN,AVENUE,8,0.0
180273,4,7,181,5,5,80.0,0,O,RURAL_VICTORIA,UNKNOWN,8,3.0
180274,2,7,99,5,5,80.0,0,N,MELB_URBAN,HIGHWAY,8,1.0
180275,2,3,99,5,1,40.0,0,N,LARGE_PROVINCIAL_CITIES,STREET,8,14.0
180276,1,7,110,1,1,40.0,0,I,MELBOURNE_CBD,STREET,8,9.0
180277,2,4,99,5,1,40.0,0,N,MELB_URBAN,ROAD,8,14.0
180278,1,7,99,2,1,60.0,0,I,RURAL_VICTORIA,ROAD,8,9.0
180279,2,7,99,5,1,60.0,0,N,LARGE_PROVINCIAL_CITIES,STREET,8,9.0
180280,4,7,181,5,1,100.0,0,N,RURAL_VICTORIA,ROAD,8,10.0
180281,6,6,99,5,1,100.0,0,N,RURAL_VICTORIA,ROAD,8,10.0
180282,1,4,99,5,1,80.0,0,N,RURAL_VICTORIA,ROAD,8,16.0
180283,1,6,116,2,1,60.0,0,I,TOWNS,STREET,8,9.0
180284,1,3,99,2,1,80.0,0,I,RURAL_VICTORIA,ROAD,8,9.0
180285,1,6,121,2,1,70.0,0,I,MELB_URBAN,ROAD,8,13.0
180286,2,6,102,1,3,60.0,0,N,MELB_URBAN,ROAD,8,21.0
180287,1,6,110,1,1,60.0,0,I,MELB_URBAN,ROAD,8,10.0
180288,1,4,130,1,2,50.0,0,I,LARGE_PROVINCIAL_CITIES,STREET,7,17.0
180289,1,0,147,2,1,50.0,0,N,LARGE_PROVINCIAL_CITIES,ROAD,8,11.0
180290,1,6,121,2,1,70.0,0,I,MELB_URBAN,ROAD,8,12.0
180291,1,6,110,1,1,100.0,0,I,RURAL_VICTORIA,ROAD,8,14.0
180292,1,2,99,1,1,40.0,0,I,MELB_URBAN,ROAD,8,15.0
180293,1,6,121,2,1,70.0,0,I,MELB_URBAN,ROAD,8,15.0
180294,1,7,110,1,3,50.0,0,I,SMALL_CITIES,STREET,8,19.0
180295,1,7,99,2,1,50.0,0,I,MELB_URBAN,AVENUE,8,15.0
180296,1,7,121,1,3,60.0,0,I,MELB_URBAN,HIGHWAY,8,17.0
180297,1,6,99,2,3,70.0,0,I,MELB_URBAN,ROAD,8,20.0
180298,8,1,184,5,1,60.0,0,N,RURAL_VICTORIA,ROAD,8,11.0
180299,1,7,121,2,3,90.0,0,I,MELB_URBAN,ROAD,8,19.0
180300,1,6,140,2,1,60.0,0,N,MELB_URBAN,AVENUE,8,11.0
180301,8,0,174,2,3,60.0,0,N,MELB_URBAN,STREET,8,2.0
180302,4,7,181,5,5,100.0,0,N,RURAL_VICTORIA,ROAD,8,23.0
180303,1,1,121,1,3,60.0,0,N,MELB_URBAN,ROAD,8,1.0
180304,4,2,99,1,1,100.0,0,I,RURAL_VICTORIA,ROAD,8,10.0
180305,1,0,121,1,1,40.0,0,I,MELB_URBAN,ROAD,8,9.0
180306,1,1,111,1,1,40.0,0,I,MELB_URBAN,STREET,7,12.0
180307,1,3,130,5,1,80.0,0,N,MELB_URBAN,ROAD,8,15.0
180308,1,0,133,1,1,50.0,0,I,MELB_URBAN,STREET,8,10.0
180309,1,1,99,1,1,60.0,0,I,MELB_URBAN,ROAD,8,11.0
180310,1,0,110,1,1,60.0,0,I,LARGE_PROVINCIAL_CITIES,STREET,8,10.0
180311,1,0,121,1,1,60.0,0,N,MELB_URBAN,ROAD,8,11.0
180312,4,4,99,2,3,60.0,0,I,MELB_URBAN,AVENUE,6,4.0
180313,1,0,130,2,1,50.0,0,I,MELB_URBAN,STREET,8,10.0
180314,4,1,183,5,1,100.0,1,N,RURAL_VICTORIA,FREEWAY,8,10.0
180315,1,5,121,1,1,60.0,0,I,MELB_URBAN,STREET,8,17.0
180316,1,0,140,2,1,60.0,0,I,MELB_URBAN,ROAD,8,13.0
180317,1,0,130,5,1,60.0,0,N,MELB_URBAN,ROAD,8,16.0
180318,1,1,130,1,1,70.0,0,I,MELB_URBAN,ROAD,8,15.0
180319,1,1,110,1,1,50.0,0,I,RURAL_VICTORIA,DRIVE,8,9.0
180320,2,3,100,2,6,60.0,0,N,MELB_URBAN,STREET,8,19.0
180321,1,0,121,2,1,70.0,0,I,MELB_URBAN,ROAD,8,13.0
180322,1,0,160,5,1,60.0,0,O,MELB_URBAN,ROAD,8,13.0
180323,1,1,130,5,3,80.0,0,N,RURAL_VICTORIA,ROAD,8,20.0
180324,1,1,140,5,1,60.0,0,N,MELB_URBAN,ROAD,8,16.0
180325,1,0,121,2,9,80.0,0,N,SMALL_CITIES,HIGHWAY,8,15.0
180326,1,0,116,2,1,60.0,0,I,MELB_URBAN,ROAD,8,11.0
180327,4,0,173,5,1,40.0,0,N,MELB_URBAN,DRIVE,8,15.0
180328,1,1,130,5,1,80.0,0,N,RURAL_VICTORIA,ROAD,8,13.0
180329,6,1,99,5,1,40.0,0,N,RURAL_VICTORIA,ROAD,8,17.0
180330,6,6,174,2,1,50.0,0,I,MELB_URBAN,STREET,8,16.0
180331,1,1,116,2,3,100.0,0,I,RURAL_VICTORIA,HIGHWAY,8,20.0
180332,1,1,99,5,3,80.0,0,N,MELB_URBAN,OTHER,8,21.0
180333,1,0,113,2,3,60.0,0,I,MELB_URBAN,ROAD,8,22.0
180334,1,2,133,5,1,50.0,0,N,MELB_URBAN,ROAD,8,13.0
180335,1,2,140,1,3,40.0,0,I,MELB_URBAN,ROAD,8,5.0
180336,4,2,171,5,5,80.0,0,I,RURAL_VICTORIA,ROAD,8,5.0
180337,7,0,99,5,9,50.0,0,N,MELB_URBAN,ROAD,8,6.0
180338,1,1,110,1,1,50.0,0,I,SMALL_CITIES,STREET,8,9.0
180339,4,6,99,1,3,40.0,0,N,MELBOURNE_CBD,STREET,7,0.0
180340,1,2,110,1,1,50.0,0,I,MELB_URBAN,STREET,8,9.0
180341,1,2,160,5,1,50.0,0,N,MELB_URBAN,ROAD,8,8.0
180342,4,2,173,5,1,50.0,0,N,RURAL_VICTORIA,ROAD,8,10.0
180343,1,2,110,1,2,60.0,0,I,MELB_URBAN,STREET,8,7.0
180344,6,0,99,5,5,70.0,0,N,MELB_URBAN,HIGHWAY,8,22.0
180345,8,6,174,5,1,60.0,0,N,RURAL_VICTORIA,ROAD,8,13.0
180346,1,1,130,5,1,80.0,0,N,RURAL_VICTORIA,FREEWAY,8,12.0
180347,1,2,120,5,1,60.0,0,N,MELB_URBAN,ROAD,8,11.0
180348,1,2,130,1,1,60.0,0,I,MELB_URBAN,ROAD,8,12.0
180349,1,2,130,5,1,60.0,0,N,MELB_URBAN,ROAD,8,8.0
180350,4,2,173,5,1,40.0,0,N,MELB_URBAN,STREET,8,9.0
180351,2,2,100,5,1,60.0,0,N,MELB_URBAN,ROAD,8,14.0
180352,1,2,130,2,1,50.0,0,N,MELB_URBAN,STREET,7,16.0
180353,1,2,130,2,1,80.0,0,N,MELB_URBAN,OTHER,8,15.0
180354,3,1,167,2,1,60.0,0,I,RURAL_VICTORIA,ROAD,8,7.0
180355,6,3,99,1,9,60.0,0,I,LARGE_PROVINCIAL_CITIES,STREET,8,17.0
180356,5,2,99,5,3,80.0,0,N,MELB_URBAN,ROAD,8,21.0
180357,4,1,183,5,1,70.0,0,N,MELB_URBAN,ROAD,8,13.0
180358,1,2,99,5,1,100.0,0,N,RURAL_VICTORIA,HIGHWAY,8,16.0
180359,1,1,130,1,1,40.0,0,N,LARGE_PROVINCIAL_CITIES,STREET,8,15.0
180360,4,1,99,5,3,80.0,0,N,MELB_URBAN,ROAD,8,1.0
180361,1,1,110,1,2,60.0,0,I,MELB_URBAN,ROAD,8,17.0
180362,1,1,140,5,1,60.0,0,N,MELB_URBAN,ROAD,8,14.0
180363,1,1,110,1,1,60.0,0,I,MELB_URBAN,ROAD,8,17.0
180364,2,2,102,5,1,60.0,0,N,MELB_URBAN,ROAD,8,15.0
180365,2,2,102,1,1,50.0,0,I,MELB_URBAN,STREET,8,17.0
180366,8,3,184,1,3,60.0,0,I,MELB_URBAN,STREET,8,4.0
180367,4,3,173,2,2,80.0,0,N,LARGE_PROVINCIAL_CITIES,STREET,8,6.0
180368,1,1,121,1,3,80.0,0,I,MELB_URBAN,ROAD,8,22.0
180369,1,3,171,5,1,50.0,0,N,LARGE_PROVINCIAL_CITIES,STREET,8,10.0
180370,4,2,171,5,1,50.0,0,N,MELB_URBAN,AVENUE,8,11.0
180371,1,3,113,2,2,60.0,0,I,MELB_URBAN,ROAD,8,6.0
180372,1,2,121,2,1,60.0,0,I,MELB_URBAN,ROAD,8,12.0
180373,1,4,130,5,1,60.0,0,N,MELB_URBAN,DRIVE,8,16.0
180374,2,3,100,1,1,40.0,1,I,MELB_URBAN,ROAD,8,10.0
180375,1,1,160,5,3,60.0,0,N,RURAL_VICTORIA,ROAD,8,19.0
180376,4,2,173,1,1,80.0,0,I,SMALL_TOWNS,HIGHWAY,7,8.0
180377,1,2,113,2,1,60.0,0,I,RURAL_VICTORIA,ROAD,8,12.0
180378,1,5,134,5,1,70.0,0,N,MELB_URBAN,ROAD,8,14.0
180379,1,2,130,1,1,60.0,0,I,LARGE_PROVINCIAL_CITIES,STREET,8,14.0
180380,4,2,181,5,1,80.0,0,N,RURAL_VICTORIA,ROAD,8,13.0
180381,4,3,171,5,1,100.0,0,N,MELB_URBAN,FREEWAY,8,14.0
180382,8,3,174,1,1,40.0,0,I,MELB_URBAN,STREET,8,9.0
180383,4,2,181,5,1,60.0,0,N,MELB_URBAN,ROAD,8,13.0
180384,1,5,130,5,1,100.0,0,N,MELB_URBAN,FREEWAY,8,16.0
180385,3,2,167,5,5,100.0,0,N,RURAL_VICTORIA,ROAD,8,21.0
180386,1,3,130,1,1,60.0,0,N,MELB_URBAN,HIGHWAY,8,7.0
180387,1,1,121,1,3,80.0,0,I,MELB_URBAN,HIGHWAY,8,18.0
180388,4,3,171,5,1,80.0,0,N,MELB_URBAN,ROAD,8,16.0
180389,1,2,130,5,1,60.0,0,N,MELB_URBAN,ROAD,3,14.0
180390,2,2,100,5,1,60.0,0,N,MELB_URBAN,ROAD,8,16.0
180391,2,3,99,5,1,70.0,0,N,MELB_URBAN,ROAD,8,17.0
180392,4,3,99,5,3,60.0,0,N,MELB_URBAN,ROAD,8,18.0
180393,1,3,130,2,1,60.0,0,I,MELB_URBAN,ROAD,8,13.0
180394,4,3,171,5,1,80.0,0,N,RURAL_VICTORIA,ROAD,8,16.0
180395,1,3,121,2,3,60.0,0,I,MELB_URBAN,ROAD,8,18.0
180396,1,2,113,2,1,60.0,0,I,MELB_URBAN,ROAD,8,15.0
180397,1,6,99,1,1,60.0,0,I,MELB_URBAN,ROAD,8,16.0
180398,1,3,111,1,3,60.0,0,I,LARGE_PROVINCIAL_CITIES,STREET,8,18.0
180399,1,2,133,5,3,100.0,0,N,MELB_URBAN,ROAD,8,19.0
180400,5,7,99,5,1,60.0,0,N,RURAL_VICTORIA,OTHER,8,16.0
180401,6,3,174,2,3,100.0,0,N,RURAL_VICTORIA,HIGHWAY,8,1.0
180402,4,3,173,5,5,60.0,0,N,RURAL_VICTORIA,ROAD,8,20.0
180403,1,2,99,5,1,60.0,0,N,LARGE_PROVINCIAL_CITIES,STREET,8,16.0
180404,1,4,99,5,3,80.0,0,N,MELB_URBAN,UNKNOWN,8,21.0
180405,1,2,130,1,1,60.0,0,N,MELB_URBAN,ROAD,8,7.0
180406,4,3,171,5,5,80.0,0,N,MELB_URBAN,ROAD,8,22.0
180407,1,3,121,1,3,60.0,1,I,MELB_URBAN,STREET,8,19.0
180408,1,3,135,5,5,100.0,0,N,MELB_URBAN,ROAD,8,23.0
180409,1,6,110,1,3,60.0,0,I,SMALL_CITIES,STREET,8,18.0
180410,4,4,171,5,5,100.0,0,N,RURAL_VICTORIA,ROAD,8,19.0
180411,1,3,110,1,1,60.0,0,I,SMALL_CITIES,ROAD,8,12.0
180412,1,4,130,5,1,60.0,0,N,MELB_URBAN,ROAD,8,17.0
180413,1,4,130,5,1,80.0,0,N,MELB_URBAN,RAMP,8,8.0
180414,1,4,132,5,2,100.0,1,N,RURAL_VICTORIA,HIGHWAY,8,6.0