,accident_type,day_of_week,dca_code,road_geometry,light_condition,speed_zone,severity,node_type,deg_urban_name,road_type,month,hour
180415,4,7,173,5,1,60.0,0,N,MELB_URBAN,ROAD,7,7.0
180416,1,4,110,1,1,80.0,0,I,RURAL_VICTORIA,ROAD,8,10.0
180417,4,4,171,5,1,80.0,0,N,RURAL_VICTORIA,ROAD,8,7.0
180418,1,4,121,1,1,40.0,0,I,MELB_URBAN,STREET,8,10.0
180419,1,4,130,2,1,80.0,1,N,MELB_URBAN,ROAD,8,9.0
180420,4,3,173,5,5,100.0,0,N,RURAL_VICTORIA,HIGHWAY,8,5.0
180421,1,3,121,2,1,60.0,0,I,MELB_URBAN,ROAD,8,12.0
180422,1,4,160,5,1,60.0,0,N,MELB_URBAN,ROAD,8,13.0
180423,1,6,130,5,2,40.0,0,N,MELB_URBAN,ROAD,8,17.0
180424,6,5,174,2,1,60.0,0,I,RURAL_VICTORIA,ROAD,8,17.0
180425,1,4,130,2,1,60.0,0,N,MELB_URBAN,ROAD,9,17.0
180426,1,3,110,1,1,70.0,0,I,MELB_URBAN,ROAD,8,13.0
180427,4,3,181,5,5,100.0,0,N,RURAL_VICTORIA,ROAD,8,20.0
180428,1,4,133,1,1,100.0,0,N,MELB_URBAN,UNKNOWN,8,9.0
180429,1,6,130,1,1,60.0,0,I,MELB_URBAN,ROAD,8,14.0
180430,8,4,99,5,1,60.0,0,N,MELB_URBAN,ROAD,8,17.0
180431,4,3,171,5,2,100.0,0,N,RURAL_VICTORIA,ROAD,8,18.0
180432,5,6,99,5,1,60.0,0,N,RURAL_VICTORIA,OTHER,8,10.0
180433,1,4,130,5,1,60.0,0,N,MELB_URBAN,ROAD,8,8.0
180434,4,4,171,5,2,60.0,0,N,MELB_URBAN,STREET,8,17.0
180435,1,3,110,1,1,60.0,0,I,TOWNS,STREET,8,15.0
180436,1,4,121,1,3,60.0,0,I,MELB_URBAN,ROAD,8,18.0
180437,8,4,184,2,2,50.0,0,I,MELB_URBAN,BOULEVARD,8,16.0
180438,3,4,167,5,5,100.0,0,N,RURAL_VICTORIA,ROAD,8,19.0
180439,3,7,167,5,1,100.0,0,N,RURAL_VICTORIA,HIGHWAY,8,7.0
180440,1,3,130,5,2,100.0,0,N,MELB_URBAN,FREEWAY,7,18.0
180441,4,4,173,5,5,60.0,0,N,TOWNS,STREET,8,20.0
180442,1,3,130,1,3,80.0,0,N,MELB_URBAN,ROAD,8,20.0
180443,8,4,170,5,3,50.0,0,N,MELB_URBAN,ROAD,8,19.0
180444,1,5,110,1,3,50.0,0,I,MELB_URBAN,STREET,8,2.0
180445,5,4,99,5,5,60.0,0,N,RURAL_VICTORIA,ROAD,7,1.0
180446,1,0,130,1,1,80.0,0,I,SMALL_TOWNS,HIGHWAY,8,13.0
180447,4,4,181,5,5,80.0,0,N,RURAL_VICTORIA,ROAD,8,23.0
180448,1,5,120,5,1,60.0,0,N,RURAL_VICTORIA,HIGHWAY,8,6.0
180449,1,4,120,2,1,50.0,0,I,SMALL_CITIES,DRIVE,8,8.0
180450,1,4,99,1,1,60.0,0,I,MELB_URBAN,ROAD,8,11.0
180451,1,4,140,2,9,50.0,0,I,MELB_URBAN,STREET,8,7.0
180452,1,5,171,5,1,50.0,0,N,SMALL_TOWNS,ROAD,8,11.0
180453,2,4,100,1,1,60.0,0,N,MELB_URBAN,STREET,8,9.0
180454,3,3,167,5,5,100.0,0,N,RURAL_VICTORIA,ROAD,8,0.0
180455,1,5,130,2,1,80.0,0,I,RURAL_VICTORIA,ROAD,8,8.0
180456,1,5,99,5,1,70.0,0,O,MELB_URBAN,ROAD,8,10.0
180457,4,4,173,5,1,100.0,0,N,RURAL_VICTORIA,ROAD,8,14.0
180458,4,4,171,5,1,100.0,0,N,MELB_URBAN,ROAD,8,16.0
180459,1,4,110,1,2,50.0,0,I,MELB_URBAN,STREET,8,17.0
180460,1,4,99,2,1,50.0,0,I,RURAL_VICTORIA,DRIVE,8,8.0
180461,1,5,113,1,1,50.0,0,I,MELB_URBAN,STREET,8,16.0
180462,1,5,140,1,1,80.0,0,I,MELB_URBAN,ROAD,8,15.0
180463,1,4,130,5,3,60.0,0,N,MELB_URBAN,OTHER,8,18.0
180464,1,4,147,5,1,60.0,0,N,MELB_URBAN,ROAD,8,17.0
180465,4,5,171,5,2,70.0,0,N,MELB_URBAN,ROAD,8,17.0
180466,1,4,99,1,3,60.0,0,I,RURAL_VICTORIA,ROAD,8,19.0
180467,1,4,130,5,1,70.0,0,N,MELB_URBAN,ROAD,8,15.0
180468,1,5,147,5,3,60.0,0,N,MELB_URBAN,HIGHWAY,8,18.0
180469,1,3,130,5,1,40.0,0,N,MELB_URBAN,STREET,8,15.0
180470,2,5,99,5,1,50.0,0,N,MELB_URBAN,ROAD,8,14.0
180471,2,4,102,2,5,50.0,0,I,MELB_URBAN,OTHER,8,20.0
180472,1,5,133,5,3,60.0,0,N,SMALL_CITIES,ROAD,8,23.0
180473,8,3,174,1,1,60.0,0,I,MELB_URBAN,STREET,7,15.0
180474,1,4,132,1,1,60.0,0,I,TOWNS,DRIVE,8,9.0
180475,1,6,134,2,1,60.0,0,I,MELB_URBAN,ROAD,8,7.0
180476,1,5,130,5,1,60.0,0,N,MELB_URBAN,ROAD,8,8.0
180477,1,5,130,5,9,100.0,0,N,SMALL_TOWNS,RAMP,7,17.0
180478,1,3,130,5,1,60.0,0,N,MELB_URBAN,ROAD,8,14.0
180479,3,3,167,5,5,80.0,0,N,RURAL_VICTORIA,DRIVE,8,18.0
180480,1,6,173,5,1,50.0,0,N,MELB_URBAN,STREET,8,10.0
180481,1,2,130,5,9,100.0,0,N,MELB_URBAN,FREEWAY,8,9.0
180482,1,6,110,1,1,50.0,0,I,LARGE_PROVINCIAL_CITIES,STREET,8,9.0
180483,2,4,99,5,3,80.0,0,N,RURAL_VICTORIA,HIGHWAY,8,20.0
180484,1,5,99,1,1,60.0,0,I,MELB_URBAN,STREET,8,12.0
180485,1,5,113,2,1,50.0,0,I,RURAL_VICTORIA,ROAD,8,9.0
180486,2,3,99,5,1,60.0,0,N,MELB_URBAN,ROAD,8,9.0
180487,1,2,121,1,1,80.0,0,I,MELB_URBAN,ROAD,8,9.0
180488,1,5,110,1,3,50.0,0,I,RURAL_VICTORIA,STREET,8,21.0
180489,1,5,130,5,1,80.0,0,N,MELB_URBAN,FREEWAY,8,13.0
180490,1,6,130,2,1,60.0,0,I,MELB_URBAN,HIGHWAY,6,13.0
180491,1,1,130,5,1,60.0,0,N,MELB_URBAN,ROAD,8,11.0
180492,1,6,99,2,1,50.0,0,N,MELB_URBAN,STREET,8,12.0
180493,1,5,130,5,6,80.0,0,N,MELB_URBAN,RAMP,8,0.0
180494,1,5,111,1,1,50.0,0,I,LARGE_PROVINCIAL_CITIES,STREET,8,15.0
180495,1,5,110,1,1,50.0,0,I,TOWNS,OTHER,8,15.0
180496,1,1,99,1,1,60.0,0,I,RURAL_VICTORIA,ROAD,8,13.0
180497,4,6,181,5,1,60.0,0,N,MELB_URBAN,ROAD,8,16.0
180498,1,5,130,2,1,60.0,0,I,LARGE_PROVINCIAL_CITIES,ROAD,8,16.0
180499,1,2,121,2,1,60.0,0,I,MELB_URBAN,DRIVE,8,8.0
180500,4,5,173,2,1,40.0,0,I,MELB_URBAN,STREET,8,15.0
180501,1,5,113,2,3,80.0,0,I,MELB_URBAN,PARADE,8,17.0
180502,8,3,174,2,2,60.0,0,N,SMALL_CITIES,STREET,8,17.0
180503,2,5,100,5,1,60.0,0,N,MELB_URBAN,PARADE,8,17.0
180504,4,5,171,5,5,80.0,0,N,RURAL_VICTORIA,ROAD,8,18.0
180505,2,6,99,5,3,60.0,0,N,MELB_URBAN,UNKNOWN,8,18.0
180506,1,5,130,5,3,40.0,0,N,MELB_URBAN,DRIVE,8,19.0
180507,4,6,173,5,5,100.0,0,N,RURAL_VICTORIA,ROAD,8,20.0
180508,2,6,99,1,3,40.0,0,I,MELB_URBAN,ROAD,8,21.0
180509,1,5,133,5,1,60.0,0,N,MELB_URBAN,RAMP,8,17.0
180510,4,6,181,5,3,100.0,0,N,MELB_URBAN,FREEWAY,8,23.0
180511,3,7,167,5,5,100.0,0,N,RURAL_VICTORIA,ROAD,8,1.0
180512,1,7,160,5,3,60.0,0,N,MELB_URBAN,ROAD,8,0.0
180513,1,3,110,1,1,60.0,0,I,MELB_URBAN,ROAD,8,9.0
180514,4,6,183,5,2,100.0,0,N,RURAL_VICTORIA,HIGHWAY,8,5.0
180515,1,7,130,5,1,100.0,0,N,MELB_URBAN,FREEWAY,8,8.0
180516,1,7,110,1,3,70.0,0,I,MELB_URBAN,ROAD,8,5.0
180517,1,1,113,2,1,60.0,0,I,MELB_URBAN,ROAD,1,15.0
180518,4,7,99,5,1,40.0,0,N,MELB_URBAN,DRIVE,8,10.0
180519,1,7,130,5,9,30.0,0,N,MELB_URBAN,ROAD,8,12.0
180520,4,6,99,5,1,60.0,0,N,RURAL_VICTORIA,ROAD,8,8.0
180521,1,6,113,2,1,60.0,0,I,MELB_URBAN,AVENUE,8,9.0
180522,1,7,110,1,1,80.0,0,I,RURAL_VICTORIA,ROAD,8,11.0
180523,1,6,130,5,1,60.0,0,N,MELB_URBAN,HIGHWAY,8,12.0
180524,1,7,120,5,1,60.0,0,N,LARGE_PROVINCIAL_CITIES,ROAD,8,9.0
180525,1,7,110,1,1,60.0,0,I,LARGE_PROVINCIAL_CITIES,ROAD,8,12.0
180526,1,7,147,5,1,60.0,0,N,MELB_URBAN,STREET,8,11.0
180527,1,4,121,1,1,60.0,0,I,MELB_URBAN,ROAD,8,17.0
180528,8,7,184,5,1,50.0,0,N,RURAL_VICTORIA,OTHER,8,11.0
180529,1,6,111,1,1,60.0,0,I,TOWNS,STREET,8,13.0
180530,1,7,120,5,1,100.0,0,N,RURAL_VICTORIA,HIGHWAY,8,11.0
180531,1,7,130,5,1,60.0,0,N,LARGE_PROVINCIAL_CITIES,STREET,8,14.0
180532,1,6,130,5,1,60.0,0,N,LARGE_PROVINCIAL_CITIES,ROAD,8,13.0
180533,1,6,163,5,3,60.0,0,N,MELB_URBAN,STREET,8,21.0
180534,8,7,184,2,1,60.0,0,N,MELB_URBAN,ROAD,8,9.0
180535,2,7,100,2,1,40.0,0,I,TOWNS,ROAD,8,14.0
180536,1,3,121,2,2,60.0,0,I,MELB_URBAN,ROAD,6,16.0
180537,1,6,147,5,1,50.0,0,N,SMALL_CITIES,OTHER,8,14.0
180538,1,4,99,5,3,80.0,0,N,MELB_URBAN,ROAD,8,21.0
180539,2,6,100,1,1,40.0,0,I,MELB_URBAN,OTHER,8,14.0
180540,4,6,181,5,1,60.0,0,N,TOWNS,ROAD,8,15.0
180541,2,6,100,5,2,40.0,0,N,MELB_URBAN,STREET,8,17.0
180542,2,7,100,5,1,80.0,1,N,MELB_URBAN,RAMP,8,14.0
180543,1,2,130,5,3,70.0,0,N,MELB_URBAN,ROAD,8,19.0
180544,1,0,121,4,3,60.0,0,I,MELB_URBAN,AVENUE,8,23.0
180545,2,6,99,5,1,50.0,0,N,MELB_URBAN,STREET,8,11.0
180546,1,7,99,4,1,50.0,0,N,MELB_URBAN,STREET,8,14.0
180547,4,7,171,5,3,70.0,0,N,LARGE_PROVINCIAL_CITIES,STREET,8,19.0
180548,2,6,100,2,1,40.0,0,I,MELB_URBAN,OTHER,8,15.0
180549,1,7,111,2,3,80.0,0,I,MELB_URBAN,ROAD,8,22.0
180550,4,7,173,5,2,100.0,1,N,RURAL_VICTORIA,ROAD,8,18.0
180551,1,1,110,1,3,50.0,0,I,LARGE_PROVINCIAL_CITIES,STREET,8,0.0
180552,1,6,130,1,3,60.0,0,I,RURAL_VICTORIA,DRIVE,8,21.0
180553,1,1,110,1,3,80.0,0,I,MELB_URBAN,ROAD,8,0.0
180554,1,7,99,2,1,50.0,0,I,RURAL_VICTORIA,BOULEVARD,8,16.0
180555,1,7,120,5,3,60.0,0,N,RURAL_VICTORIA,ROAD,8,21.0
180556,4,7,171,5,3,60.0,1,N,RURAL_VICTORIA,ROAD,8,23.0
180557,2,1,100,2,3,40.0,0,N,MELBOURNE_CBD,STREET,8,2.0
180558,1,1,121,1,3,80.0,0,I,MELB_URBAN,ROAD,8,1.0
180559,4,0,99,2,5,100.0,0,I,RURAL_VICTORIA,ROAD,8,4.0
180560,1,4,130,5,1,60.0,0,N,RURAL_VICTORIA,ROAD,8,9.0
180561,1,1,160,5,1,60.0,0,N,MELB_URBAN,ROAD,8,7.0
180562,1,1,113,2,1,40.0,0,I,MELB_URBAN,ROAD,8,8.0
180563,1,6,130,5,1,60.0,0,N,MELB_URBAN,ROAD,8,13.0
180564,4,1,181,5,2,100.0,0,N,RURAL_VICTORIA,ROAD,8,7.0
180565,1,1,116,2,1,60.0,0,N,LARGE_PROVINCIAL_CITIES,ROAD,8,10.0
180566,8,0,99,5,1,60.0,0,N,RURAL_VICTORIA,ROAD,8,11.0
180567,1,1,160,5,1,50.0,0,N,MELB_URBAN,STREET,8,10.0
180568,2,0,102,2,1,60.0,0,I,MELB_URBAN,ROAD,8,12.0
180569,6,1,99,5,1,100.0,0,N,RURAL_VICTORIA,ROAD,8,11.0
180570,1,1,130,5,1,80.0,0,N,MELB_URBAN,ROAD,8,12.0
180571,1,1,120,5,1,60.0,0,N,RURAL_VICTORIA,PARADE,8,11.0
180572,1,1,130,2,1,60.0,0,I,MELB_URBAN,ROAD,8,15.0
180573,1,0,171,5,1,50.0,0,N,MELB_URBAN,UNKNOWN,8,12.0
180574,1,0,130,5,2,80.0,0,N,RURAL_VICTORIA,ROAD,8,7.0
180575,1,6,110,1,3,70.0,0,I,MELB_URBAN,ROAD,8,19.0
180576,7,1,99,5,1,50.0,0,N,SMALL_TOWNS,STREET,8,13.0
180577,2,1,99,5,1,60.0,0,N,MELB_URBAN,OTHER,8,13.0
180578,2,1,102,1,1,60.0,0,N,MELB_URBAN,ROAD,8,12.0
180579,1,0,121,1,1,40.0,0,I,MELB_URBAN,STREET,8,14.0
180580,1,3,116,2,2,60.0,0,I,MELB_URBAN,ROAD,7,18.0
180581,8,1,174,1,2,60.0,0,N,MELB_URBAN,STREET,8,17.0
180582,4,0,183,5,5,100.0,0,N,RURAL_VICTORIA,ROAD,8,17.0
180583,1,0,130,2,1,60.0,0,I,MELB_URBAN,STREET,8,13.0
180584,1,4,130,5,1,60.0,0,I,MELB_URBAN,ROAD,8,8.0
180585,4,1,171,5,1,100.0,0,N,TOWNS,STREET,8,16.0
180586,4,0,181,5,1,60.0,0,N,RURAL_VICTORIA,ROAD,8,16.0
180587,1,1,111,1,3,50.0,0,I,LARGE_PROVINCIAL_CITIES,STREET,8,19.0
180588,1,1,120,5,5,100.0,0,N,RURAL_VICTORIA,HIGHWAY,8,18.0
180589,5,1,99,5,5,100.0,0,N,RURAL_VICTORIA,ROAD,8,18.0
180590,6,0,174,5,1,50.0,0,N,MELB_URBAN,STREET,8,15.0
180591,1,1,130,1,3,70.0,0,I,MELB_URBAN,ROAD,8,20.0
180592,1,6,111,2,1,40.0,0,I,MELB_URBAN,STREET,8,16.0
180593,4,5,173,5,3,100.0,0,I,MELB_URBAN,FREEWAY,7,18.0
180594,2,6,99,2,1,50.0,0,I,MELB_URBAN,STREET,7,8.0
180595,1,6,130,1,3,50.0,0,I,MELB_URBAN,STREET,8,22.0
180596,1,5,130,5,1,70.0,0,N,MELB_URBAN,OTHER,8,16.0
180597,1,1,140,2,1,60.0,0,I,LARGE_PROVINCIAL_CITIES,ROAD,8,11.0
180598,8,6,174,5,6,50.0,0,N,MELB_URBAN,ROAD,8,19.0
180599,4,2,183,5,1,80.0,0,N,RURAL_VICTORIA,ROAD,8,8.0
180600,4,2,173,5,1,100.0,0,N,RURAL_VICTORIA,HIGHWAY,8,9.0
180601,3,6,167,5,5,60.0,0,N,RURAL_VICTORIA,ROAD,8,18.0
180602,1,5,130,5,9,60.0,0,N,MELB_URBAN,ROAD,8,18.0
180603,1,2,110,1,1,60.0,0,N,LARGE_PROVINCIAL_CITIES,STREET,8,11.0
180604,4,1,99,2,1,50.0,0,I,MELB_URBAN,ROAD,8,12.0
180605,1,2,130,5,1,80.0,0,N,MELB_URBAN,ROAD,8,15.0
180606,1,2,113,2,1,100.0,0,I,RURAL_VICTORIA,ROAD,8,13.0
180607,1,4,99,1,1,80.0,0,N,MELB_URBAN,ROAD,8,16.0
180608,1,2,135,5,1,40.0,0,N,MELB_URBAN,FREEWAY,8,12.0
180609,1,6,130,2,6,60.0,0,I,MELB_URBAN,ROAD,6,23.0
180610,1,0,130,1,2,80.0,0,I,MELB_URBAN,HIGHWAY,8,17.0
180611,1,7,113,2,1,60.0,0,I,TOWNS,HIGHWAY,8,13.0
180612,1,2,130,5,1,100.0,0,N,MELB_URBAN,FREEWAY,8,13.0
180613,1,6,121,2,1,60.0,0,I,MELB_URBAN,STREET,8,16.0
180614,1,0,130,5,1,80.0,0,N,MELB_URBAN,HIGHWAY,8,14.0
180615,1,2,110,1,1,60.0,0,I,MELB_URBAN,AVENUE,8,15.0
180616,1,1,130,5,1,80.0,0,N,MELB_URBAN,RAMP,8,17.0
180617,1,2,130,1,2,80.0,0,I,MELB_URBAN,HIGHWAY,8,17.0
180618,2,2,102,1,1,40.0,0,I,MELB_URBAN,ROAD,8,15.0
180619,1,3,110,1,4,50.0,0,I,MELB_URBAN,STREET,8,19.0
180620,1,2,130,5,3,40.0,0,N,MELB_URBAN,UNKNOWN,8,17.0
180621,1,2,130,5,1,80.0,0,N,MELB_URBAN,ROAD,8,15.0
180622,1,2,99,5,1,80.0,0,N,RURAL_VICTORIA,ROAD,8,17.0
180623,1,1,121,1,3,80.0,0,N,MELB_URBAN,ROAD,8,19.0
180624,1,2,183,5,1,60.0,1,N,MELB_URBAN,AVENUE,8,15.0
180625,1,2,121,1,3,70.0,0,I,RURAL_VICTORIA,ROAD,8,19.0
180626,1,2,130,5,3,80.0,0,N,RURAL_VICTORIA,ROAD,8,18.0
180627,1,2,113,2,3,80.0,0,I,MELB_URBAN,ROAD,8,18.0
180628,1,3,130,1,2,100.0,0,N,MELB_URBAN,HIGHWAY,8,17.0
180629,4,3,171,5,3,70.0,0,I,MELB_URBAN,ROAD,8,3.0
180630,1,3,135,5,2,50.0,0,N,MELB_URBAN,STREET,8,5.0
180631,1,4,99,2,1,60.0,0,I,MELB_URBAN,ROAD,8,8.0
180632,1,5,99,2,1,60.0,0,I,MELB_URBAN,ROAD,8,7.0
180633,4,5,173,5,1,100.0,0,N,RURAL_VICTORIA,ROAD,8,15.0
180634,2,2,99,5,1,40.0,0,N,RURAL_VICTORIA,ROAD,8,8.0
180635,1,3,110,1,1,50.0,0,I,RURAL_VICTORIA,STREET,8,7.0
180636,5,3,99,5,2,60.0,0,N,MELB_URBAN,UNKNOWN,8,6.0
180637,1,1,130,1,1,70.0,0,I,MELB_URBAN,ROAD,8,14.0
180638,1,6,99,5,1,60.0,0,N,RURAL_VICTORIA,ROAD,8,14.0
180639,6,0,174,5,1,60.0,0,N,RURAL_VICTORIA,ROAD,8,11.0
180640,1,4,130,2,3,60.0,0,I,MELB_URBAN,AVENUE,8,5.0
180641,1,2,135,2,1,60.0,0,N,MELB_URBAN,ROAD,8,8.0
180642,4,3,99,5,1,50.0,0,N,TOWNS,STREET,8,10.0
180643,1,3,110,1,1,40.0,0,O,MELB_URBAN,UNKNOWN,8,7.0
180644,1,1,130,5,1,80.0,0,N,MELB_URBAN,UNKNOWN,8,11.0
180645,4,2,171,5,1,100.0,0,N,RURAL_VICTORIA,ROAD,8,9.0
180646,4,6,171,5,6,70.0,0,N,SMALL_CITIES,HIGHWAY,8,0.0
180647,2,4,100,1,9,50.0,0,O,MELB_URBAN,UNKNOWN,8,15.0
180648,1,3,140,2,5,50.0,0,I,LARGE_PROVINCIAL_CITIES,DRIVE,8,6.0
180649,1,3,110,1,1,80.0,0,I,MELB_URBAN,ROAD,8,11.0
180650,1,5,140,5,1,60.0,0,N,MELB_URBAN,DRIVE,8,16.0
180651,1,2,163,1,1,60.0,0,I,MELB_URBAN,STREET,8,8.0
180652,1,3,121,1,1,50.0,0,I,MELB_URBAN,STREET,8,12.0
180653,1,3,121,2,1,40.0,0,I,SMALL_TOWNS,ROAD,8,8.0
180654,1,4,99,2,3,80.0,0,I,MELB_URBAN,ROAD,8,18.0
180655,2,1,99,5,1,60.0,0,N,MELB_URBAN,AVENUE,8,12.0
180656,1,5,130,5,1,60.0,0,N,RURAL_VICTORIA,ROAD,8,8.0
180657,1,2,140,2,1,60.0,0,I,MELB_URBAN,ROAD,7,16.0
180658,4,3,171,5,1,70.0,0,N,LARGE_PROVINCIAL_CITIES,STREET,8,13.0
180659,2,2,102,5,1,60.0,0,N,MELB_URBAN,ROAD,8,11.0
180660,1,2,140,5,1,60.0,0,N,MELB_URBAN,ROAD,8,14.0
180661,4,2,181,5,1,100.0,0,N,RURAL_VICTORIA,ROAD,8,14.0
180662,1,3,110,1,1,50.0,0,I,SMALL_CITIES,BOULEVARD,8,15.0
180663,1,2,113,2,1,80.0,0,I,MELB_URBAN,ROAD,8,14.0
180664,4,4,99,2,1,50.0,0,N,TOWNS,STREET,4,11.0
180665,1,3,110,1,1,80.0,0,I,RURAL_VICTORIA,AVENUE,8,16.0
180666,1,2,110,1,1,50.0,0,I,MELB_URBAN,AVENUE,8,16.0
180667,1,3,134,5,1,70.0,0,N,MELB_URBAN,ROAD,8,16.0
180668,1,2,140,5,1,60.0,0,N,LARGE_PROVINCIAL_CITIES,ROAD,8,13.0
180669,1,3,121,1,1,60.0,0,I,MELB_URBAN,STREET,8,15.0
180670,1,3,130,1,3,60.0,0,N,LARGE_PROVINCIAL_CITIES,STREET,8,19.0
180671,1,3,121,1,2,60.0,0,I,RURAL_VICTORIA,ROAD,8,17.0
180672,1,2,133,5,1,80.0,0,N,MELB_URBAN,ROAD,8,10.0
180673,1,2,130,3,3,80.0,0,I,MELB_URBAN,FREEWAY,8,22.0
180674,8,4,174,2,3,50.0,0,N,MELB_URBAN,DRIVE,8,0.0
180675,1,2,113,2,1,60.0,0,I,MELB_URBAN,ROAD,7,14.0
180676,5,4,99,5,1,80.0,0,N,RURAL_VICTORIA,HIGHWAY,8,7.0
180677,1,2,121,1,3,70.0,0,I,MELB_URBAN,ROAD,8,19.0
180678,1,4,130,2,1,60.0,0,I,MELB_URBAN,ROAD,8,7.0
180679,1,4,130,5,1,100.0,0,N,MELB_URBAN,FREEWAY,8,8.0
180680,1,3,113,2,1,80.0,0,I,MELB_URBAN,ROAD,8,8.0
180681,2,5,99,5,9,60.0,0,N,SMALL_CITIES,ROAD,6,22.0
180682,2,3,99,5,1,50.0,0,N,SMALL_CITIES,STREET,8,8.0
180683,1,4,121,2,2,70.0,0,I,MELB_URBAN,ROAD,8,6.0
180684,1,4,130,5,1,60.0,0,N,RURAL_VICTORIA,BOULEVARD,8,8.0
180685,1,3,99,2,1,50.0,0,N,MELB_URBAN,STREET,8,9.0
180686,4,3,181,5,5,50.0,0,N,RURAL_VICTORIA,ROAD,7,20.0
180687,1,1,130,1,1,60.0,0,I,MELB_URBAN,ROAD,8,16.0
180688,1,4,110,1,1,80.0,0,I,RURAL_VICTORIA,ROAD,8,11.0
180689,1,4,163,5,1,60.0,0,N,MELB_URBAN,STREET,8,16.0
180690,3,5,167,5,6,60.0,0,N,RURAL_VICTORIA,ROAD,6,2.0
180691,8,4,174,5,1,30.0,0,N,MELB_URBAN,STREET,8,13.0
180692,1,3,99,3,1,40.0,0,I,MELB_URBAN,DRIVE,8,8.0
180693,4,6,183,5,1,80.0,0,N,RURAL_VICTORIA,ROAD,8,15.0
180694,1,1,135,5,3,100.0,0,N,MELB_URBAN,FREEWAY,6,0.0
180695,1,4,110,1,1,60.0,0,I,TOWNS,STREET,8,11.0
180696,1,4,140,5,1,60.0,0,N,MELB_URBAN,ROAD,8,12.0
180697,6,4,174,5,1,40.0,0,N,MELB_URBAN,STREET,8,14.0
180698,1,1,99,1,2,50.0,0,I,MELB_URBAN,STREET,8,16.0
180699,1,1,130,5,1,100.0,0,N,MELB_URBAN,FREEWAY,8,15.0
180700,1,4,121,1,2,60.0,0,N,MELB_URBAN,ROAD,8,16.0
180701,1,4,130,5,1,70.0,0,N,MELB_URBAN,ROAD,8,17.0
180702,2,3,99,5,1,40.0,0,N,MELB_URBAN,ROAD,8,16.0
180703,5,4,99,5,1,100.0,0,N,RURAL_VICTORIA,HIGHWAY,8,15.0
180704,1,4,130,5,9,100.0,0,N,MELB_URBAN,ROAD,8,7.0
180705,1,3,121,1,1,60.0,0,I,SMALL_CITIES,ROAD,8,15.0
180706,4,4,99,5,1,80.0,0,N,RURAL_VICTORIA,ROAD,8,15.0
180707,1,3,99,5,1,60.0,0,N,MELB_URBAN,ROAD,8,15.0
180708,1,4,121,1,3,60.0,0,I,MELB_URBAN,RAMP,8,19.0
180709,2,4,100,2,2,60.0,0,N,MELB_URBAN,ROAD,8,18.0
180710,2,4,100,1,1,40.0,0,N,MELB_URBAN,ROAD,8,15.0
180711,4,5,173,5,3,60.0,0,N,MELB_URBAN,ROAD,8,4.0
180712,1,4,160,5,3,60.0,0,N,MELB_URBAN,ROAD,8,5.0
180713,4,5,99,2,5,100.0,0,I,RURAL_VICTORIA,ROAD,6,20.0
180714,1,5,113,1,1,60.0,0,I,MELB_URBAN,STREET,8,6.0
180715,1,5,120,5,5,100.0,0,N,RURAL_VICTORIA,ROAD,8,5.0
180716,1,3,130,1,1,60.0,0,I,RURAL_VICTORIA,ROAD,7,10.0
180717,4,5,171,5,1,70.0,0,N,RURAL_VICTORIA,HIGHWAY,8,7.0
180718,1,3,147,5,1,50.0,0,N,MELB_URBAN,STREET,8,16.0
180719,1,2,99,1,3,70.0,0,N,MELB_URBAN,ROAD,7,18.0
180720,3,6,167,2,2,50.0,0,N,SMALL_TOWNS,ROAD,8,17.0
180721,1,6,130,2,1,60.0,0,I,MELB_URBAN,ROAD,2,11.0
180722,1,4,132,5,1,60.0,0,N,MELB_URBAN,ROAD,8,10.0
180723,1,1,130,5,1,60.0,0,N,MELB_URBAN,STREET,8,8.0
180724,1,4,110,1,1,60.0,0,N,MELB_URBAN,ROAD,8,5.0
180725,1,4,111,2,1,80.0,0,I,MELB_URBAN,ROAD,8,10.0
180726,1,4,121,2,1,60.0,0,I,SMALL_CITIES,ROAD,8,11.0
180727,1,7,132,5,3,60.0,0,N,MELB_URBAN,ROAD,8,19.0
180728,1,3,113,2,3,60.0,0,N,MELB_URBAN,ROAD,8,21.0
180729,2,2,100,1,2,50.0,0,I,MELB_URBAN,STREET,8,18.0
180730,2,4,99,5,1,50.0,0,N,RURAL_VICTORIA,OTHER,8,14.0
180731,1,3,130,5,1,60.0,0,N,MELB_URBAN,ROAD,8,13.0
180732,1,2,130,5,1,70.0,0,N,MELB_URBAN,ROAD,8,9.0
180733,1,2,130,1,3,60.0,0,I,MELB_URBAN,ROAD,8,20.0
180734,1,5,113,1,1,60.0,0,I,RURAL_VICTORIA,BOULEVARD,8,16.0
180735,1,5,173,5,3,50.0,0,N,MELB_URBAN,ROAD,8,18.0
180736,1,5,113,2,1,60.0,0,I,MELB_URBAN,ROAD,8,16.0
180737,1,3,110,1,1,50.0,0,I,TOWNS,STREET,8,12.0
180738,1,5,133,5,3,60.0,0,N,MELB_URBAN,STREET,8,20.0
180739,1,4,121,2,3,60.0,0,I,MELB_URBAN,ROAD,8,19.0
180740,1,5,134,5,1,100.0,0,N,MELB_URBAN,FREEWAY,8,16.0
180741,1,5,130,5,1,40.0,0,N,MELB_URBAN,ROAD,8,15.0