,accident_type,day_of_week,dca_code,road_geometry,light_condition,speed_zone,severity,node_type,deg_urban_name,road_type,month,hour
180742,1,1,130,5,1,80.0,0,N,MELB_URBAN,HIGHWAY,8,17.0
180743,4,5,99,5,1,60.0,0,N,SMALL_CITIES,PARADE,8,16.0
180744,1,3,130,1,1,50.0,0,I,MELB_URBAN,ROAD,8,11.0
180745,1,6,99,1,1,60.0,0,I,MELB_URBAN,ROAD,8,8.0
180746,1,5,120,5,1,50.0,0,N,MELB_URBAN,DRIVE,8,8.0
180747,1,6,133,3,1,100.0,0,I,MELB_URBAN,ROAD,8,8.0
180748,1,5,113,2,1,50.0,0,I,MELB_URBAN,STREET,8,9.0
180749,1,6,110,1,1,80.0,0,I,RURAL_VICTORIA,ROAD,8,8.0
180750,1,5,110,1,1,60.0,0,I,MELB_URBAN,ROAD,8,8.0
180751,1,6,130,5,1,80.0,0,N,RURAL_VICTORIA,ROAD,8,8.0
180752,1,6,121,1,1,80.0,0,I,SMALL_CITIES,ROAD,8,9.0
180753,1,2,130,5,1,100.0,0,N,MELB_URBAN,FREEWAY,8,16.0
180754,1,1,120,5,2,60.0,0,N,RURAL_VICTORIA,ROAD,2,18.0
180755,1,6,134,5,1,60.0,0,N,SMALL_CITIES,ROAD,8,10.0
180756,1,7,130,5,1,60.0,0,N,RURAL_VICTORIA,ROAD,8,14.0
180757,4,6,181,2,1,60.0,0,I,LARGE_PROVINCIAL_CITIES,STREET,8,10.0
180758,1,5,130,5,1,80.0,0,N,MELB_URBAN,FREEWAY,8,11.0
180759,1,6,113,1,1,60.0,0,I,RURAL_VICTORIA,ROAD,8,9.0
180760,1,6,110,1,3,80.0,0,I,MELB_URBAN,ROAD,8,0.0
180761,1,0,99,1,1,60.0,0,I,MELB_URBAN,ROAD,8,9.0
180762,1,6,120,5,5,100.0,1,N,RURAL_VICTORIA,ROAD,8,6.0
180763,2,5,102,5,1,60.0,0,N,MELB_URBAN,ROAD,8,13.0
180764,2,5,100,2,5,50.0,0,I,MELB_URBAN,STREET,8,18.0
180765,2,6,100,5,1,60.0,0,N,MELB_URBAN,STREET,8,14.0
180766,1,6,99,1,1,40.0,0,I,MELB_URBAN,HIGHWAY,8,14.0
180767,1,6,130,5,1,100.0,0,N,MELB_URBAN,ROAD,8,16.0
180768,1,3,113,2,1,60.0,0,I,LARGE_PROVINCIAL_CITIES,STREET,8,14.0
180769,1,6,113,2,1,60.0,0,I,MELB_URBAN,ROAD,8,17.0
180770,8,6,99,2,1,40.0,0,N,MELBOURNE_CBD,STREET,8,8.0
180771,1,6,99,5,1,40.0,0,N,MELB_URBAN,STREET,8,16.0
180772,1,5,160,5,3,50.0,0,N,MELB_URBAN,AVENUE,8,19.0
180773,1,6,120,5,5,100.0,0,N,RURAL_VICTORIA,ROAD,8,19.0
180774,1,3,110,1,3,60.0,0,I,MELB_URBAN,RAMP,8,4.0
180775,1,6,121,2,3,80.0,0,N,MELB_URBAN,ROAD,8,22.0
180776,1,6,121,2,3,40.0,0,N,MELB_URBAN,ROAD,8,22.0
180777,2,5,99,5,6,40.0,0,N,MELB_URBAN,STREET,8,19.0
180778,4,7,181,5,5,100.0,0,N,RURAL_VICTORIA,ROAD,8,1.0
180779,8,7,99,5,1,60.0,0,N,MELB_URBAN,ROAD,8,7.0
180780,1,2,99,5,1,60.0,0,N,SMALL_CITIES,ROAD,8,10.0
180781,1,7,99,1,1,40.0,0,I,MELB_URBAN,ROAD,8,10.0
180782,1,5,130,2,1,60.0,0,I,MELB_URBAN,ROAD,8,7.0
180783,8,7,174,5,1,60.0,0,N,MELB_URBAN,ROAD,8,10.0
180784,4,7,99,5,1,80.0,0,N,RURAL_VICTORIA,ROAD,8,9.0
180785,1,6,121,2,1,60.0,0,I,MELB_URBAN,STREET,8,10.0
180786,1,7,130,2,1,60.0,0,I,MELB_URBAN,STREET,8,10.0
180787,4,7,181,5,1,100.0,0,N,RURAL_VICTORIA,HIGHWAY,8,10.0
180788,1,7,120,3,1,80.0,0,N,RURAL_VICTORIA,ROAD,8,12.0
180789,1,7,120,5,1,60.0,0,N,MELB_URBAN,ROAD,8,13.0
180790,1,7,130,1,1,80.0,0,I,RURAL_VICTORIA,BOULEVARD,8,11.0
180791,1,0,130,2,1,60.0,0,N,MELB_URBAN,PARADE,8,13.0
180792,4,7,99,5,1,60.0,0,N,MELB_URBAN,ROAD,8,11.0
180793,4,6,171,5,1,60.0,0,N,RURAL_VICTORIA,ROAD,8,15.0
180794,1,7,110,1,1,80.0,0,I,MELB_URBAN,ROAD,8,15.0
180795,1,7,132,5,1,50.0,0,N,MELB_URBAN,ROAD,8,11.0
180796,1,6,130,1,2,60.0,0,I,MELB_URBAN,ROAD,8,19.0
180797,2,7,102,5,3,50.0,0,N,MELB_URBAN,ROAD,8,21.0
180798,1,7,110,1,1,50.0,0,I,TOWNS,STREET,8,15.0
180799,1,7,110,1,3,60.0,0,I,MELB_URBAN,ROAD,8,21.0
180800,4,1,173,5,3,50.0,0,N,MELB_URBAN,AVENUE,9,0.0
180801,1,1,160,5,3,50.0,0,N,MELB_URBAN,STREET,9,4.0
180802,1,6,140,5,1,60.0,0,N,MELB_URBAN,ROAD,8,11.0
180803,6,7,174,5,1,100.0,0,N,RURAL_VICTORIA,OTHER,8,13.0
180804,1,2,130,5,1,80.0,0,N,MELB_URBAN,OTHER,8,8.0
180805,1,7,99,5,1,100.0,0,N,RURAL_VICTORIA,ROAD,8,11.0
180806,1,1,121,2,1,50.0,0,I,MELB_URBAN,BOULEVARD,9,8.0
180807,1,5,130,1,1,60.0,0,I,MELB_URBAN,STREET,8,14.0
180808,1,1,121,1,1,80.0,0,I,MELB_URBAN,ROAD,9,11.0
180809,1,5,130,4,9,60.0,0,N,SMALL_CITIES,ROAD,8,9.0
180810,1,6,163,5,2,50.0,0,N,MELBOURNE_CBD,STREET,8,6.0
180811,4,1,99,5,1,50.0,0,I,RURAL_VICTORIA,ROAD,9,12.0
180812,1,6,130,1,1,80.0,0,N,MELB_URBAN,HIGHWAY,8,15.0
180813,1,4,113,2,3,60.0,0,I,MELB_URBAN,ROAD,8,20.0
180814,1,0,147,2,1,50.0,0,N,MELB_URBAN,ROAD,9,13.0
180815,1,1,113,2,1,70.0,0,I,MELB_URBAN,ROAD,9,13.0
180816,4,0,181,5,1,100.0,0,N,RURAL_VICTORIA,HIGHWAY,9,13.0
180817,1,1,110,1,3,60.0,0,I,MELB_URBAN,STREET,9,18.0
180818,1,0,113,2,3,60.0,0,I,MELB_URBAN,STREET,9,18.0
180819,8,0,174,2,2,60.0,0,N,RURAL_VICTORIA,ROAD,9,17.0
180820,5,1,99,5,5,100.0,0,N,RURAL_VICTORIA,ROAD,9,18.0
180821,4,2,171,5,3,80.0,0,N,MELB_URBAN,OTHER,9,3.0
180822,1,3,130,5,3,100.0,0,N,MELB_URBAN,FREEWAY,7,5.0
180823,1,1,113,2,1,60.0,0,I,LARGE_PROVINCIAL_CITIES,ROAD,9,7.0
180824,1,1,121,1,1,40.0,0,I,MELB_URBAN,STREET,9,8.0
180825,1,1,99,5,1,80.0,0,N,RURAL_VICTORIA,ROAD,9,12.0
180826,1,6,121,2,1,60.0,0,I,MELB_URBAN,STREET,8,17.0
180827,1,2,110,1,1,80.0,0,I,MELB_URBAN,ROAD,9,10.0
180828,2,6,100,5,2,40.0,0,N,SMALL_TOWNS,STREET,8,20.0
180829,4,2,171,5,1,100.0,1,N,RURAL_VICTORIA,ROAD,9,10.0
180830,1,7,99,1,1,60.0,0,I,SMALL_CITIES,ROAD,8,11.0
180831,2,1,99,5,1,50.0,0,N,MELB_URBAN,AVENUE,9,11.0
180832,1,6,130,2,1,50.0,0,I,MELB_URBAN,ROAD,5,14.0
180833,2,2,100,5,1,50.0,0,N,MELB_URBAN,ROAD,9,13.0
180834,1,2,110,1,1,40.0,0,I,MELB_URBAN,STREET,9,13.0
180835,4,2,99,5,1,70.0,0,N,LARGE_PROVINCIAL_CITIES,STREET,9,9.0
180836,2,0,99,5,1,60.0,0,N,MELB_URBAN,ROAD,9,16.0
180837,1,3,121,1,1,60.0,0,I,MELB_URBAN,ROAD,8,15.0
180838,6,1,174,5,1,110.0,0,N,RURAL_VICTORIA,FREEWAY,9,15.0
180839,1,3,130,1,9,70.0,0,I,MELB_URBAN,ROAD,8,8.0
180840,1,0,147,5,3,60.0,0,N,MELB_URBAN,HIGHWAY,9,18.0
180841,1,2,130,5,1,80.0,0,N,MELB_URBAN,HIGHWAY,9,15.0
180842,8,1,174,5,1,60.0,0,O,MELB_URBAN,DRIVE,9,17.0
180843,3,1,167,5,3,80.0,0,N,MELB_URBAN,ROAD,9,18.0
180844,4,2,181,5,5,110.0,0,N,RURAL_VICTORIA,FREEWAY,9,18.0
180845,2,2,102,5,1,50.0,1,I,SMALL_CITIES,ROAD,9,17.0
180846,1,1,130,1,3,80.0,0,N,MELB_URBAN,ROAD,9,20.0
180847,1,2,121,1,1,60.0,0,I,MELB_URBAN,ROAD,9,14.0
180848,4,2,181,5,5,100.0,0,N,RURAL_VICTORIA,ROAD,9,21.0
180849,1,2,160,5,3,60.0,0,N,MELB_URBAN,PARADE,9,21.0
180850,1,6,130,5,1,60.0,0,N,MELB_URBAN,RAMP,8,14.0
180851,4,1,171,5,3,70.0,0,N,MELB_URBAN,ROAD,9,22.0
180852,1,3,160,5,3,50.0,0,N,MELB_URBAN,OTHER,9,1.0
180853,1,5,121,1,1,60.0,0,I,MELB_URBAN,STREET,8,11.0
180854,2,3,102,1,3,70.0,0,I,MELB_URBAN,ROAD,9,5.0
180855,1,3,99,1,3,70.0,0,I,MELB_URBAN,ROAD,9,3.0
180856,1,3,135,5,1,80.0,0,N,MELB_URBAN,FREEWAY,9,5.0
180857,1,3,99,5,2,100.0,0,N,MELB_URBAN,ROAD,9,5.0
180858,1,4,121,5,1,60.0,0,I,MELB_URBAN,ROAD,8,16.0
180859,1,3,130,5,1,80.0,0,N,MELB_URBAN,ROAD,9,5.0
180860,1,6,130,1,1,60.0,0,I,MELB_URBAN,ROAD,8,16.0
180861,8,4,99,2,2,40.0,0,I,MELB_URBAN,STREET,7,18.0
180862,1,0,116,2,1,80.0,0,I,RURAL_VICTORIA,ROAD,9,11.0
180863,1,3,147,5,1,30.0,0,N,MELB_URBAN,HIGHWAY,9,12.0
180864,1,4,110,1,1,80.0,0,I,SMALL_CITIES,HIGHWAY,8,8.0
180865,1,4,130,5,3,60.0,0,N,MELB_URBAN,STREET,8,18.0
180866,1,5,130,5,3,60.0,0,N,MELB_URBAN,ROAD,8,22.0
180867,1,1,121,2,1,80.0,0,I,MELB_URBAN,AVENUE,9,7.0
180868,1,3,113,2,1,80.0,0,N,MELB_URBAN,ROAD,9,11.0
180869,1,3,113,1,1,50.0,0,I,MELB_URBAN,AVENUE,9,7.0
180870,2,3,102,2,1,40.0,0,I,MELB_URBAN,ROAD,9,8.0
180871,1,5,130,1,1,60.0,0,I,MELB_URBAN,ROAD,8,8.0
180872,1,5,130,5,9,60.0,0,N,RURAL_VICTORIA,ROAD,8,7.0
180873,1,3,121,1,1,70.0,0,I,MELB_URBAN,ROAD,9,12.0
180874,6,7,174,2,1,60.0,0,I,RURAL_VICTORIA,ROAD,8,10.0
180875,1,5,130,5,9,60.0,0,N,MELB_URBAN,ROAD,8,20.0
180876,1,2,121,1,1,60.0,0,I,MELB_URBAN,ROAD,9,9.0
180877,2,3,99,5,1,40.0,0,N,SMALL_CITIES,AVENUE,9,14.0
180878,8,2,174,5,1,50.0,0,N,SMALL_CITIES,OTHER,6,8.0
180879,1,5,111,1,9,80.0,0,I,MELB_URBAN,ROAD,8,20.0
180880,1,3,99,2,1,40.0,0,I,SMALL_CITIES,ROAD,9,15.0
180881,1,2,134,5,1,60.0,0,N,MELB_URBAN,ROAD,9,15.0
180882,1,3,130,1,3,70.0,0,I,MELB_URBAN,ROAD,9,18.0
180883,1,2,147,5,1,70.0,0,N,MELB_URBAN,ROAD,9,17.0
180884,1,2,130,5,3,60.0,0,N,MELB_URBAN,ROAD,9,17.0
180885,1,3,121,1,3,80.0,0,I,MELB_URBAN,HIGHWAY,9,18.0
180886,4,4,99,5,5,80.0,0,N,RURAL_VICTORIA,ROAD,9,3.0
180887,4,2,173,5,5,60.0,0,N,RURAL_VICTORIA,ROAD,9,23.0
180888,1,4,113,2,2,80.0,0,N,MELB_URBAN,ROAD,9,5.0
180889,1,4,110,1,3,50.0,0,I,MELB_URBAN,STREET,5,18.0
180890,1,3,121,1,2,50.0,0,I,RURAL_VICTORIA,BOULEVARD,9,6.0
180891,1,5,130,2,1,60.0,0,I,MELB_URBAN,ROAD,8,13.0
180892,1,4,130,5,1,100.0,0,N,MELB_URBAN,ROAD,9,7.0
180893,1,4,111,1,1,60.0,0,I,MELB_URBAN,ROAD,9,7.0
180894,1,4,130,5,9,80.0,0,N,MELB_URBAN,ROAD,7,18.0
180895,1,6,160,5,1,50.0,0,N,MELB_URBAN,ROAD,8,14.0
180896,1,4,120,5,1,60.0,0,N,MELB_URBAN,ROAD,9,8.0
180897,2,4,100,1,6,80.0,0,I,MELB_URBAN,HIGHWAY,9,5.0
180898,1,5,130,1,1,80.0,0,N,MELB_URBAN,ROAD,8,15.0
180899,4,3,171,5,1,50.0,0,N,LARGE_PROVINCIAL_CITIES,ROAD,9,11.0
180900,1,3,120,5,1,50.0,0,N,MELB_URBAN,AVENUE,9,11.0
180901,1,7,147,5,9,50.0,0,N,MELB_URBAN,OTHER,8,19.0
180902,6,2,174,5,1,60.0,0,N,MELB_URBAN,ROAD,9,16.0
180903,1,3,121,1,1,50.0,0,I,MELB_URBAN,DRIVE,8,8.0
180904,2,4,100,4,1,40.0,0,I,MELB_URBAN,STREET,9,15.0
180905,1,4,160,5,1,50.0,0,N,MELB_URBAN,STREET,9,14.0
180906,6,1,184,5,1,110.0,0,N,RURAL_VICTORIA,FREEWAY,9,16.0
180907,2,4,100,5,1,40.0,0,N,MELB_URBAN,HIGHWAY,9,16.0
180908,1,3,130,2,1,100.0,0,I,RURAL_VICTORIA,ROAD,9,11.0
180909,4,4,171,5,1,80.0,0,N,SMALL_TOWNS,HIGHWAY,9,16.0
180910,1,4,130,5,1,100.0,0,N,MELB_URBAN,ROAD,9,14.0
180911,1,4,130,5,1,100.0,0,N,MELB_URBAN,FREEWAY,9,15.0
180912,1,4,132,2,1,80.0,0,I,RURAL_VICTORIA,ROAD,9,15.0
180913,1,4,110,1,1,50.0,0,I,TOWNS,STREET,9,17.0
180914,3,1,167,5,1,60.0,0,N,MELB_URBAN,STREET,9,13.0
180915,1,0,110,1,1,50.0,0,I,MELB_URBAN,AVENUE,7,10.0
180916,1,4,121,1,3,70.0,0,N,MELB_URBAN,ROAD,9,20.0
180917,1,3,121,2,3,60.0,0,I,MELB_URBAN,ROAD,9,22.0
180918,2,4,102,5,3,60.0,1,N,TOWNS,HIGHWAY,9,18.0
180919,1,3,163,5,6,40.0,0,N,MELB_URBAN,STREET,9,19.0
180920,4,5,181,5,5,80.0,0,N,RURAL_VICTORIA,ROAD,9,2.0
180921,4,5,173,5,3,60.0,0,N,SMALL_CITIES,ROAD,9,4.0
180922,6,3,184,5,1,60.0,0,N,RURAL_VICTORIA,ROAD,8,17.0
180923,1,5,130,1,1,80.0,0,I,MELB_URBAN,HIGHWAY,9,9.0
180924,1,5,147,5,1,50.0,0,N,MELB_URBAN,ROAD,9,8.0
180925,1,0,113,2,1,60.0,0,I,SMALL_TOWNS,ROAD,8,9.0
180926,2,3,102,2,1,40.0,0,I,MELB_URBAN,ROAD,9,9.0
180927,1,0,130,5,1,100.0,0,N,MELB_URBAN,FREEWAY,8,14.0
180928,6,4,99,1,1,80.0,0,N,MELB_URBAN,ROAD,9,9.0
180929,1,3,130,5,1,60.0,0,N,MELB_URBAN,ROAD,9,16.0
180930,1,5,130,1,9,60.0,0,I,MELB_URBAN,PARADE,8,12.0
180931,1,4,99,2,1,60.0,0,I,MELB_URBAN,PARADE,9,8.0
180932,2,5,99,5,1,50.0,0,O,MELB_URBAN,DRIVE,7,8.0
180933,1,5,121,2,1,60.0,0,I,MELB_URBAN,STREET,9,12.0
180934,1,5,130,5,2,60.0,0,N,MELB_URBAN,FREEWAY,9,5.0
180935,1,5,130,1,1,60.0,0,N,MELB_URBAN,ROAD,8,13.0
180936,1,5,113,2,1,40.0,0,I,MELB_URBAN,STREET,9,13.0
180937,6,7,174,5,3,60.0,0,N,MELB_URBAN,ROAD,8,17.0
180938,1,4,130,5,1,100.0,0,N,MELB_URBAN,ROAD,9,6.0
180939,1,3,130,5,1,70.0,0,N,MELB_URBAN,ROAD,9,15.0
180940,4,5,171,1,1,60.0,0,I,MELB_URBAN,ROAD,9,14.0
180941,1,2,130,5,2,80.0,0,N,MELB_URBAN,FREEWAY,8,19.0
180942,1,5,130,1,1,60.0,0,I,MELB_URBAN,ROAD,9,15.0
180943,1,5,111,2,1,50.0,1,I,TOWNS,ROAD,9,11.0
180944,1,1,133,5,1,100.0,0,N,MELB_URBAN,ROAD,8,8.0
180945,1,5,99,2,1,60.0,0,I,MELB_URBAN,AVENUE,9,14.0
180946,1,4,110,1,2,80.0,0,I,RURAL_VICTORIA,ROAD,9,16.0
180947,1,3,110,1,1,40.0,0,I,SMALL_CITIES,STREET,2,16.0
180948,1,5,130,5,1,100.0,0,N,MELB_URBAN,FREEWAY,9,16.0
180949,8,5,174,2,3,40.0,0,I,MELB_URBAN,STREET,9,17.0
180950,1,1,147,5,6,60.0,0,N,MELB_URBAN,STREET,8,22.0
180951,1,5,110,1,1,80.0,0,I,MELB_URBAN,ROAD,9,16.0
180952,4,3,171,5,5,60.0,0,N,MELB_URBAN,ROAD,8,22.0
180953,1,5,120,5,2,60.0,0,N,MELB_URBAN,STREET,9,18.0
180954,3,2,167,5,6,80.0,0,N,RURAL_VICTORIA,ROAD,9,20.0
180955,1,4,113,2,1,60.0,0,I,MELB_URBAN,ROAD,9,15.0
180956,2,5,102,1,3,60.0,0,N,MELB_URBAN,ROAD,9,20.0
180957,1,5,130,2,1,70.0,0,N,MELB_URBAN,ROAD,9,15.0
180958,8,7,184,5,1,60.0,0,N,RURAL_VICTORIA,OTHER,8,15.0
180959,6,4,174,1,3,40.0,0,I,MELBOURNE_CBD,STREET,9,19.0
180960,4,4,181,5,5,60.0,0,N,MELB_URBAN,ROAD,9,19.0
180961,1,5,130,1,3,80.0,0,N,MELB_URBAN,HIGHWAY,9,18.0
180962,2,4,102,1,2,40.0,0,I,MELB_URBAN,ROAD,9,17.0
180963,1,4,121,1,3,60.0,0,N,RURAL_VICTORIA,BOULEVARD,9,23.0
180964,4,6,171,5,3,50.0,0,N,MELB_URBAN,OTHER,9,3.0
180965,3,0,167,5,5,60.0,0,N,RURAL_VICTORIA,HIGHWAY,8,2.0
180966,1,5,113,2,1,60.0,0,I,MELB_URBAN,ROAD,9,8.0
180967,1,1,110,1,2,80.0,0,N,MELB_URBAN,ROAD,8,16.0
180968,1,5,113,1,1,80.0,0,I,MELB_URBAN,ROAD,8,16.0
180969,1,6,113,2,1,80.0,0,I,RURAL_VICTORIA,ROAD,9,9.0
180970,1,6,130,5,1,60.0,0,N,SMALL_CITIES,DRIVE,9,9.0
180971,1,3,110,1,1,60.0,0,I,MELB_URBAN,BOULEVARD,7,15.0
180972,7,5,99,2,1,40.0,0,I,MELB_URBAN,STREET,8,12.0
180973,2,6,102,1,1,60.0,0,I,MELB_URBAN,STREET,9,12.0
180974,2,6,99,5,1,60.0,0,N,MELB_URBAN,ROAD,9,8.0
180975,1,5,110,1,1,50.0,0,I,SMALL_CITIES,STREET,9,13.0
180976,4,6,173,5,1,100.0,0,N,RURAL_VICTORIA,ROAD,9,12.0
180977,1,5,130,2,9,60.0,0,I,LARGE_PROVINCIAL_CITIES,STREET,8,15.0
180978,1,3,130,5,1,40.0,0,N,MELB_URBAN,ROAD,8,12.0
180979,1,5,113,1,3,40.0,0,N,MELBOURNE_CBD,STREET,7,22.0
180980,1,6,113,1,1,40.0,0,I,MELB_URBAN,ROAD,9,14.0
180981,1,3,130,5,2,100.0,0,N,RURAL_VICTORIA,FREEWAY,9,18.0
180982,5,1,99,5,1,80.0,0,N,RURAL_VICTORIA,OTHER,8,10.0
180983,1,6,121,2,1,80.0,0,I,SMALL_CITIES,HIGHWAY,9,15.0
180984,1,5,147,5,3,60.0,0,N,MELB_URBAN,HIGHWAY,9,20.0
180985,1,6,116,1,1,60.0,0,N,MELB_URBAN,ROAD,8,11.0
180986,1,5,130,5,3,80.0,0,N,MELB_URBAN,FREEWAY,9,17.0
180987,1,5,134,5,1,80.0,0,N,SMALL_CITIES,ROAD,9,14.0
180988,1,6,121,1,3,60.0,0,I,MELB_URBAN,ROAD,9,18.0
180989,1,6,135,5,1,70.0,0,N,MELB_URBAN,ROAD,9,13.0
180990,1,5,130,5,2,60.0,0,N,MELB_URBAN,ROAD,9,6.0
180991,4,6,173,2,1,60.0,0,I,LARGE_PROVINCIAL_CITIES,ROAD,9,15.0
180992,1,6,130,1,3,70.0,0,N,SMALL_CITIES,PARADE,9,19.0
180993,1,4,160,5,1,60.0,0,N,MELB_URBAN,AVENUE,9,12.0
180994,1,6,160,5,3,60.0,0,N,RURAL_VICTORIA,AVENUE,9,19.0
180995,8,3,174,5,3,80.0,0,N,MELB_URBAN,UNKNOWN,9,3.0
180996,1,6,134,5,1,80.0,0,N,MELB_URBAN,ROAD,8,13.0
180997,7,7,99,1,1,40.0,0,I,MELB_URBAN,STREET,9,9.0
180998,1,2,163,5,1,40.0,0,N,MELB_URBAN,STREET,8,12.0
180999,4,6,173,5,1,100.0,0,N,MELB_URBAN,RAMP,9,7.0
181000,2,4,100,1,9,60.0,0,I,MELB_URBAN,UNKNOWN,7,18.0
181001,1,7,113,2,1,80.0,0,I,MELB_URBAN,ROAD,9,12.0
181002,1,7,121,2,1,60.0,0,I,MELB_URBAN,ROAD,9,12.0
181003,1,7,130,5,1,100.0,0,N,RURAL_VICTORIA,FREEWAY,9,12.0
181004,1,7,99,5,1,40.0,0,N,LARGE_PROVINCIAL_CITIES,STREET,9,12.0
181005,1,6,110,1,1,50.0,0,I,MELB_URBAN,STREET,9,10.0
181006,1,6,121,2,1,60.0,0,I,MELB_URBAN,OTHER,9,17.0
181007,1,7,99,5,1,100.0,0,N,LARGE_PROVINCIAL_CITIES,ROAD,9,14.0
181008,1,7,130,5,1,60.0,0,N,MELB_URBAN,ROAD,9,15.0
181009,1,6,130,1,1,70.0,0,I,MELB_URBAN,ROAD,9,15.0
181010,1,3,99,4,1,60.0,0,I,MELB_URBAN,OTHER,8,16.0
181011,1,6,121,1,1,60.0,0,I,MELB_URBAN,HIGHWAY,9,15.0
181012,1,2,99,1,3,60.0,0,I,MELB_URBAN,STREET,9,18.0
181013,1,7,99,5,1,60.0,0,N,SMALL_CITIES,ROAD,9,16.0
181014,1,7,135,1,1,80.0,0,I,MELB_URBAN,HIGHWAY,9,14.0
181015,6,7,99,5,1,100.0,0,N,RURAL_VICTORIA,ROAD,9,14.0
181016,1,7,132,2,1,60.0,0,N,MELB_URBAN,ROAD,9,16.0
181017,1,7,99,5,1,100.0,1,N,RURAL_VICTORIA,ROAD,9,15.0
181018,2,7,99,5,1,50.0,0,N,MELB_URBAN,OTHER,9,17.0
181019,1,7,130,2,1,80.0,0,I,MELB_URBAN,HIGHWAY,9,13.0
181020,1,7,147,5,5,60.0,0,N,MELB_URBAN,ROAD,9,21.0
181021,1,0,160,5,3,50.0,0,N,MELB_URBAN,STREET,9,0.0
181022,1,7,160,5,1,60.0,0,N,MELB_URBAN,OTHER,9,13.0
181023,1,6,130,5,1,100.0,0,I,MELB_URBAN,FREEWAY,9,11.0
181024,1,1,120,5,2,50.0,0,N,MELB_URBAN,UNKNOWN,9,6.0
181025,1,7,130,5,1,100.0,0,N,RURAL_VICTORIA,FREEWAY,9,12.0
181026,1,2,133,1,1,60.0,0,I,MELB_URBAN,STREET,8,15.0
181027,1,4,130,5,2,80.0,0,N,MELB_URBAN,ROAD,9,16.0
181028,1,1,116,2,1,60.0,0,I,MELB_URBAN,DRIVE,9,10.0
181029,1,1,135,5,1,40.0,0,N,MELB_URBAN,ROAD,9,8.0
181030,1,1,99,2,1,60.0,0,I,MELB_URBAN,OTHER,9,9.0
181031,4,1,173,5,1,60.0,0,N,SMALL_TOWNS,ROAD,9,11.0
181032,2,0,99,5,1,50.0,0,N,MELB_URBAN,STREET,9,13.0
181033,1,7,130,1,1,60.0,0,I,MELB_URBAN,ROAD,9,11.0
181034,1,1,99,5,1,40.0,0,N,MELB_URBAN,STREET,9,14.0
181035,1,1,110,1,1,50.0,1,I,MELB_URBAN,STREET,9,10.0
181036,1,1,121,2,1,80.0,0,I,RURAL_VICTORIA,ROAD,9,12.0
181037,6,1,99,5,1,100.0,0,N,RURAL_VICTORIA,ROAD,9,10.0
181038,4,1,173,2,1,60.0,0,N,MELB_URBAN,ROAD,9,15.0
181039,1,5,120,5,2,60.0,0,N,RURAL_VICTORIA,ROAD,8,6.0
181040,1,1,99,2,1,60.0,0,I,MELB_URBAN,ROAD,9,15.0
181041,1,6,132,1,1,80.0,0,I,RURAL_VICTORIA,ROAD,9,15.0
181042,6,1,170,5,1,100.0,0,N,RURAL_VICTORIA,ROAD,9,16.0
181043,4,1,99,5,2,100.0,0,N,RURAL_VICTORIA,HIGHWAY,9,17.0
181044,1,0,110,1,3,50.0,0,I,SMALL_CITIES,STREET,9,18.0
181045,1,6,130,5,1,80.0,0,N,MELB_URBAN,ROAD,7,15.0
181046,1,5,135,2,3,70.0,0,I,MELB_URBAN,ROAD,8,21.0
181047,1,1,173,5,3,50.0,0,N,MELB_URBAN,ROAD,9,18.0
181048,7,1,99,5,1,60.0,0,N,TOWNS,STREET,9,15.0
181049,1,1,130,2,9,60.0,0,I,MELB_URBAN,PARADE,6,6.0
181050,6,1,99,1,3,60.0,0,I,MELB_URBAN,BOULEVARD,9,22.0
181051,4,1,181,5,5,80.0,0,N,RURAL_VICTORIA,ROAD,9,3.0
181052,1,2,130,5,1,80.0,0,N,MELB_URBAN,ROAD,9,13.0
181053,6,2,170,5,5,60.0,0,N,RURAL_VICTORIA,ROAD,9,5.0
181054,1,2,140,2,1,60.0,0,N,MELB_URBAN,ROAD,9,8.0
181055,1,6,99,1,6,60.0,0,N,RURAL_VICTORIA,RAMP,9,18.0
181056,4,2,171,5,1,60.0,0,N,MELB_URBAN,STREET,9,7.0
181057,1,1,130,5,9,80.0,0,N,MELB_URBAN,OTHER,9,14.0
181058,8,7,174,5,1,80.0,0,N,RURAL_VICTORIA,ROAD,9,11.0
181059,4,1,183,5,1,60.0,0,N,RURAL_VICTORIA,ROAD,9,16.0
181060,1,2,130,5,1,60.0,0,N,RURAL_VICTORIA,ROAD,9,10.0
181061,1,7,130,1,1,60.0,0,N,MELB_URBAN,STREET,9,10.0
181062,1,2,120,5,1,60.0,1,N,MELB_URBAN,PARADE,9,11.0
181063,4,2,171,5,1,80.0,0,N,RURAL_VICTORIA,ROAD,9,11.0
181064,1,2,147,5,1,60.0,0,N,LARGE_PROVINCIAL_CITIES,DRIVE,9,9.0
181065,1,2,133,5,1,60.0,0,N,MELB_URBAN,ROAD,9,11.0
181066,1,2,121,1,1,60.0,0,I,MELB_URBAN,ROAD,9,12.0
181067,1,2,120,5,1,60.0,0,N,MELB_URBAN,ROAD,9,14.0
181068,1,2,130,5,1,60.0,0,N,MELB_URBAN,ROAD,8,9.0
181069,1,4,130,2,1,80.0,0,O,MELB_URBAN,UNKNOWN,9,6.0
181070,2,7,100,1,3,60.0,0,I,MELB_URBAN,ROAD,9,22.0