,accident_type,day_of_week,dca_code,road_geometry,light_condition,speed_zone,severity,node_type,deg_urban_name,road_type,month,hour
181071,1,5,130,5,1,60.0,0,N,LARGE_PROVINCIAL_CITIES,STREET,9,12.0
181072,1,2,130,5,1,80.0,0,N,MELB_URBAN,OTHER,9,13.0
181073,1,1,133,2,6,80.0,0,N,MELB_URBAN,ROAD,9,3.0
181074,8,7,184,5,1,60.0,0,N,RURAL_VICTORIA,OTHER,9,11.0
181075,1,2,110,1,2,100.0,0,I,RURAL_VICTORIA,ROAD,9,17.0
181076,2,6,102,1,1,60.0,0,I,LARGE_PROVINCIAL_CITIES,STREET,8,17.0
181077,1,2,121,2,1,100.0,0,I,RURAL_VICTORIA,HIGHWAY,9,16.0
181078,4,2,181,5,1,80.0,0,N,RURAL_VICTORIA,ROAD,9,15.0
181079,1,6,130,1,1,60.0,0,I,MELB_URBAN,ROAD,9,14.0
181080,2,2,102,2,3,50.0,0,N,RURAL_VICTORIA,STREET,9,20.0
181081,1,2,130,5,1,100.0,0,N,RURAL_VICTORIA,ROAD,9,10.0
181082,3,2,167,5,1,100.0,0,N,RURAL_VICTORIA,ROAD,9,6.0
181083,1,3,160,5,1,50.0,0,N,TOWNS,STREET,9,6.0
181084,1,7,121,1,3,50.0,0,I,MELB_URBAN,STREET,1,21.0
181085,1,6,121,4,1,60.0,0,N,MELB_URBAN,ROAD,8,9.0
181086,2,1,102,5,1,60.0,0,N,SMALL_CITIES,ROAD,9,16.0
181087,4,3,181,5,1,100.0,0,N,RURAL_VICTORIA,HIGHWAY,9,9.0
181088,1,3,113,2,1,60.0,0,I,MELB_URBAN,STREET,9,9.0
181089,1,3,113,2,1,60.0,0,I,MELB_URBAN,ROAD,9,7.0
181090,1,2,130,5,1,100.0,0,N,MELB_URBAN,FREEWAY,9,6.0
181091,1,5,130,5,1,60.0,0,N,MELB_URBAN,ROAD,8,17.0
181092,4,2,99,5,1,40.0,0,N,TOWNS,ROAD,9,14.0
181093,4,2,171,1,1,80.0,0,N,MELB_URBAN,HIGHWAY,9,10.0
181094,1,1,130,5,1,50.0,0,N,MELB_URBAN,ROAD,9,13.0
181095,1,3,160,5,1,50.0,0,N,MELB_URBAN,ROAD,7,16.0
181096,1,3,121,2,1,60.0,0,I,MELB_URBAN,ROAD,9,10.0
181097,5,5,99,5,1,110.0,0,N,LARGE_PROVINCIAL_CITIES,FREEWAY,8,11.0
181098,1,6,113,1,1,50.0,0,I,MELB_URBAN,ROAD,3,15.0
181099,1,3,130,5,1,100.0,0,N,MELB_URBAN,ROAD,9,13.0
181100,1,2,134,5,1,100.0,0,N,RURAL_VICTORIA,FREEWAY,9,13.0
181101,2,2,99,5,1,60.0,0,N,MELB_URBAN,STREET,9,15.0
181102,2,2,100,2,1,60.0,0,N,MELB_URBAN,ROAD,9,15.0
181103,1,3,110,1,1,60.0,0,I,MELB_URBAN,STREET,9,13.0
181104,1,3,163,5,1,40.0,0,N,MELB_URBAN,STREET,9,13.0
181105,1,5,99,2,9,60.0,0,I,MELB_URBAN,ROAD,3,23.0
181106,1,6,110,1,1,50.0,0,N,MELB_URBAN,ROAD,9,6.0
181107,1,3,135,5,1,60.0,0,N,LARGE_PROVINCIAL_CITIES,ROAD,9,15.0
181108,1,3,160,5,1,50.0,0,N,MELB_URBAN,STREET,9,15.0
181109,1,3,140,2,3,60.0,0,I,MELB_URBAN,ROAD,9,18.0
181110,1,2,113,2,2,80.0,0,I,RURAL_VICTORIA,HIGHWAY,9,17.0
181111,1,2,147,5,1,50.0,0,N,SMALL_CITIES,STREET,9,8.0
181112,1,3,99,1,2,80.0,0,I,RURAL_VICTORIA,ROAD,9,18.0
181113,1,7,130,1,1,60.0,0,I,MELB_URBAN,STREET,7,9.0
181114,1,2,132,5,3,50.0,0,N,LARGE_PROVINCIAL_CITIES,STREET,9,19.0
181115,1,3,160,5,3,50.0,0,N,MELB_URBAN,ROAD,9,19.0
181116,1,3,121,1,3,60.0,0,I,MELB_URBAN,ROAD,9,18.0
181117,1,3,121,1,1,80.0,0,I,MELB_URBAN,ROAD,9,7.0
181118,4,3,173,5,3,100.0,0,N,MELB_URBAN,ROAD,9,18.0
181119,4,3,183,5,5,100.0,0,N,RURAL_VICTORIA,HIGHWAY,9,20.0
181120,4,3,181,5,3,50.0,0,N,TOWNS,ROAD,9,20.0
181121,1,4,121,2,3,60.0,0,I,MELB_URBAN,DRIVE,7,17.0
181122,1,3,130,5,3,60.0,0,N,MELB_URBAN,ROAD,9,22.0
181123,4,4,171,5,5,60.0,0,N,RURAL_VICTORIA,ROAD,9,2.0
181124,1,4,130,1,3,60.0,0,I,MELB_URBAN,STREET,9,2.0
181125,1,4,110,1,3,80.0,0,N,MELB_URBAN,ROAD,9,4.0
181126,1,7,132,1,3,60.0,0,I,MELB_URBAN,STREET,9,19.0
181127,1,2,130,5,1,60.0,0,N,SMALL_CITIES,PARADE,9,15.0
181128,8,4,174,5,1,60.0,0,N,MELB_URBAN,ROAD,9,6.0
181129,1,3,140,5,1,40.0,0,N,MELB_URBAN,STREET,9,9.0
181130,4,5,173,1,6,60.0,0,N,TOWNS,OTHER,9,19.0
181131,1,4,110,1,1,80.0,0,I,SMALL_TOWNS,ROAD,9,9.0
181132,1,4,121,2,1,80.0,0,I,RURAL_VICTORIA,HIGHWAY,9,11.0
181133,1,4,99,1,5,80.0,0,I,MELB_URBAN,DRIVE,8,20.0
181134,1,3,121,1,1,60.0,0,I,MELB_URBAN,STREET,9,13.0
181135,4,3,183,5,1,100.0,0,N,RURAL_VICTORIA,ROAD,9,12.0
181136,4,7,171,2,2,50.0,0,N,MELB_URBAN,STREET,8,18.0
181137,4,3,181,5,1,80.0,0,N,MELB_URBAN,RAMP,9,12.0
181138,4,1,181,5,1,100.0,0,N,RURAL_VICTORIA,ROAD,9,13.0
181139,1,4,132,5,1,80.0,0,N,RURAL_VICTORIA,ROAD,9,13.0
181140,1,4,110,1,1,60.0,0,I,LARGE_PROVINCIAL_CITIES,STREET,9,15.0
181141,8,4,174,5,1,60.0,0,N,MELB_URBAN,ROAD,9,17.0
181142,8,4,174,1,9,40.0,0,I,MELB_URBAN,STREET,9,9.0
181143,4,3,173,5,1,100.0,0,N,RURAL_VICTORIA,HIGHWAY,9,14.0
181144,1,4,99,1,3,60.0,0,N,MELB_URBAN,ROAD,8,1.0
181145,2,3,102,5,2,60.0,0,N,RURAL_VICTORIA,ROAD,9,18.0
181146,4,4,171,5,1,100.0,0,N,RURAL_VICTORIA,ROAD,9,14.0
181147,3,5,167,5,2,100.0,0,N,RURAL_VICTORIA,ROAD,3,6.0
181148,1,4,99,1,1,60.0,0,N,MELB_URBAN,STREET,9,17.0
181149,1,3,130,5,3,60.0,0,N,SMALL_CITIES,ROAD,9,18.0
181150,1,4,99,2,3,60.0,0,N,LARGE_PROVINCIAL_CITIES,STREET,9,19.0
181151,4,7,99,5,1,60.0,0,N,MELB_URBAN,ROAD,8,8.0
181152,1,4,99,1,1,60.0,0,N,MELB_URBAN,HIGHWAY,8,15.0
181153,4,5,99,5,5,80.0,0,N,RURAL_VICTORIA,ROAD,9,2.0
181154,1,5,121,5,2,60.0,0,N,MELB_URBAN,ROAD,8,18.0
181155,4,5,99,5,3,50.0,0,N,SMALL_CITIES,OTHER,9,3.0
181156,1,2,110,4,1,60.0,0,I,MELB_URBAN,DRIVE,8,7.0
181157,1,5,110,1,1,60.0,0,I,MELB_URBAN,ROAD,9,8.0
181158,3,2,167,5,5,80.0,0,N,SMALL_CITIES,ROAD,9,6.0
181159,4,4,173,5,1,110.0,0,N,TOWNS,FREEWAY,9,10.0
181160,1,5,130,5,1,60.0,0,N,TOWNS,ROAD,9,7.0
181161,1,5,113,2,3,60.0,1,I,MELB_URBAN,OTHER,9,5.0
181162,1,1,130,5,1,60.0,0,N,MELB_URBAN,ROAD,6,11.0
181163,1,3,130,5,1,80.0,0,N,MELB_URBAN,ROAD,8,9.0
181164,2,5,99,1,1,60.0,0,N,MELB_URBAN,ROAD,9,12.0
181165,1,5,110,1,1,100.0,0,N,RURAL_VICTORIA,HIGHWAY,9,11.0
181166,1,0,110,1,1,60.0,0,I,RURAL_VICTORIA,ROAD,9,14.0
181167,1,4,132,2,1,60.0,0,I,MELB_URBAN,ROAD,9,12.0
181168,6,6,99,5,1,60.0,0,N,RURAL_VICTORIA,ROAD,8,11.0
181169,2,2,99,5,1,60.0,0,N,MELB_URBAN,STREET,9,10.0
181170,1,5,99,5,1,70.0,0,N,RURAL_VICTORIA,ROAD,9,8.0
181171,6,4,99,5,1,100.0,0,N,RURAL_VICTORIA,ROAD,9,7.0
181172,1,5,130,5,1,60.0,1,N,MELB_URBAN,ROAD,9,12.0
181173,1,5,110,1,1,60.0,0,I,MELB_URBAN,ROAD,9,15.0
181174,1,4,130,1,1,60.0,0,I,SMALL_CITIES,HIGHWAY,9,9.0
181175,1,1,130,5,9,60.0,0,N,MELB_URBAN,ROAD,8,16.0
181176,6,5,99,5,1,100.0,0,N,SMALL_TOWNS,STREET,9,16.0
181177,1,5,113,2,1,80.0,0,I,MELB_URBAN,HIGHWAY,9,16.0
181178,1,5,173,5,1,50.0,0,N,MELB_URBAN,STREET,9,14.0
181179,4,2,171,5,1,100.0,0,N,RURAL_VICTORIA,HIGHWAY,7,17.0
181180,2,5,102,5,1,40.0,0,N,MELB_URBAN,STREET,9,15.0
181181,4,7,173,1,1,50.0,1,N,MELB_URBAN,STREET,9,10.0
181182,1,4,147,2,1,60.0,0,I,MELB_URBAN,STREET,9,16.0
181183,1,5,130,5,1,80.0,0,N,RURAL_VICTORIA,ROAD,9,17.0
181184,9,5,99,5,2,50.0,0,N,MELB_URBAN,STREET,9,20.0
181185,1,5,99,5,3,50.0,0,N,MELB_URBAN,AVENUE,9,19.0
181186,1,5,130,5,3,90.0,0,N,MELB_URBAN,HIGHWAY,9,21.0
181187,1,5,121,1,3,60.0,0,I,MELB_URBAN,STREET,9,20.0
181188,1,5,99,1,1,50.0,0,I,MELB_URBAN,ROAD,9,16.0
181189,2,5,100,5,3,50.0,0,N,MELB_URBAN,AVENUE,9,20.0
181190,1,4,134,5,1,60.0,0,N,MELB_URBAN,DRIVE,6,16.0
181191,4,6,181,5,3,50.0,0,N,MELB_URBAN,DRIVE,9,1.0
181192,1,2,130,5,1,80.0,0,N,MELB_URBAN,ROAD,8,13.0
181193,2,6,100,2,3,70.0,0,I,MELB_URBAN,ROAD,9,4.0
181194,6,7,170,5,1,60.0,0,N,RURAL_VICTORIA,ROAD,9,16.0
181195,4,6,173,5,1,60.0,0,N,SMALL_CITIES,STREET,9,8.0
181196,1,6,99,5,1,50.0,0,N,SMALL_CITIES,BOULEVARD,9,8.0
181197,2,2,102,2,3,50.0,0,N,MELB_URBAN,OTHER,8,18.0
181198,2,6,99,5,1,50.0,0,N,MELB_URBAN,ROAD,9,6.0
181199,1,6,110,1,1,60.0,0,I,SMALL_CITIES,STREET,9,6.0
181200,4,6,173,5,1,60.0,0,N,MELB_URBAN,ROAD,9,9.0
181201,1,6,132,2,1,60.0,0,I,MELB_URBAN,STREET,9,9.0
181202,1,5,99,2,1,40.0,0,I,MELB_URBAN,ROAD,9,13.0
181203,1,6,116,1,1,50.0,0,I,SMALL_CITIES,STREET,9,7.0
181204,1,6,147,5,1,60.0,0,N,TOWNS,STREET,9,9.0
181205,2,0,100,1,1,40.0,0,N,MELB_URBAN,ROAD,9,12.0
181206,4,5,171,5,2,100.0,0,N,RURAL_VICTORIA,ROAD,9,6.0
181207,1,6,132,2,1,50.0,0,I,MELB_URBAN,STREET,9,8.0
181208,1,1,110,1,1,50.0,0,I,LARGE_PROVINCIAL_CITIES,STREET,9,17.0
181209,1,3,113,2,1,50.0,0,I,SMALL_CITIES,ROAD,8,9.0
181210,1,6,132,2,1,60.0,0,I,RURAL_VICTORIA,HIGHWAY,9,10.0
181211,4,5,173,2,1,100.0,0,I,RURAL_VICTORIA,HIGHWAY,9,6.0
181212,1,3,99,5,1,60.0,0,N,MELB_URBAN,STREET,9,10.0
181213,1,6,133,2,1,80.0,0,I,TOWNS,ROAD,9,9.0
181214,1,4,130,5,1,100.0,0,N,MELB_URBAN,FREEWAY,9,17.0
181215,1,4,110,1,6,80.0,0,I,RURAL_VICTORIA,ROAD,9,20.0
181216,1,5,130,1,1,60.0,0,N,LARGE_PROVINCIAL_CITIES,STREET,9,6.0
181217,6,6,184,5,1,60.0,0,N,RURAL_VICTORIA,UNKNOWN,9,17.0
181218,1,6,120,5,1,60.0,0,N,MELB_URBAN,ROAD,9,14.0
181219,1,6,99,1,1,40.0,0,I,MELBOURNE_CBD,STREET,9,16.0
181220,1,6,135,5,3,60.0,0,N,MELB_URBAN,OTHER,9,17.0
181221,4,6,181,5,1,40.0,0,N,MELB_URBAN,DRIVE,9,16.0
181222,1,5,130,5,1,80.0,0,N,MELB_URBAN,ROAD,9,16.0
181223,2,6,100,2,3,50.0,0,I,MELB_URBAN,AVENUE,9,19.0
181224,1,5,110,1,3,50.0,0,I,TOWNS,STREET,9,21.0
181225,1,5,116,1,1,80.0,0,I,MELB_URBAN,ROAD,9,15.0
181226,4,6,173,5,5,100.0,0,N,RURAL_VICTORIA,HIGHWAY,9,21.0
181227,4,6,183,5,5,100.0,0,N,RURAL_VICTORIA,ROAD,9,19.0
181228,1,6,173,5,3,60.0,0,N,MELB_URBAN,ROAD,9,22.0
181229,4,6,173,5,5,100.0,0,N,RURAL_VICTORIA,ROAD,9,19.0
181230,1,5,134,5,1,60.0,0,N,LARGE_PROVINCIAL_CITIES,ROAD,9,16.0
181231,1,5,99,2,3,50.0,0,N,MELB_URBAN,ROAD,9,23.0
181232,1,7,110,1,3,60.0,0,I,MELB_URBAN,PARADE,9,4.0
181233,1,6,111,2,1,60.0,0,N,MELB_URBAN,ROAD,9,11.0
181234,1,4,99,1,1,40.0,0,I,MELBOURNE_CBD,STREET,9,11.0
181235,1,7,113,2,1,60.0,0,I,MELB_URBAN,DRIVE,9,8.0
181236,1,7,116,1,1,60.0,0,I,MELB_URBAN,ROAD,9,8.0
181237,4,7,99,5,1,60.0,0,N,MELB_URBAN,RAMP,9,8.0
181238,4,7,181,5,1,80.0,0,N,MELB_URBAN,FREEWAY,9,8.0
181239,3,6,167,1,2,100.0,0,I,RURAL_VICTORIA,OTHER,9,19.0
181240,4,7,173,5,1,100.0,0,N,RURAL_VICTORIA,ROAD,9,7.0
181241,6,7,174,2,1,60.0,0,N,MELB_URBAN,DRIVE,9,9.0
181242,1,7,121,1,1,80.0,0,I,MELB_URBAN,HIGHWAY,9,11.0
181243,8,6,170,1,1,60.0,0,I,LARGE_PROVINCIAL_CITIES,OTHER,7,14.0
181244,1,7,130,5,1,80.0,0,N,MELB_URBAN,HIGHWAY,9,11.0
181245,2,6,99,5,1,40.0,0,N,MELB_URBAN,STREET,9,14.0
181246,1,7,99,5,1,100.0,0,N,RURAL_VICTORIA,HIGHWAY,9,12.0
181247,1,6,160,5,3,50.0,0,N,MELB_URBAN,DRIVE,8,22.0
181248,1,7,116,1,1,60.0,0,I,MELB_URBAN,STREET,9,14.0
181249,5,1,99,5,1,60.0,0,N,RURAL_VICTORIA,OTHER,9,16.0
181250,1,7,120,5,1,50.0,0,N,MELB_URBAN,STREET,9,15.0
181251,1,5,99,1,1,60.0,0,I,MELB_URBAN,HIGHWAY,9,7.0
181252,1,6,130,1,1,80.0,0,I,RURAL_VICTORIA,ROAD,9,14.0
181253,1,7,134,5,1,110.0,0,N,TOWNS,FREEWAY,9,15.0
181254,1,5,130,5,1,80.0,0,N,MELB_URBAN,HIGHWAY,9,8.0
181255,4,7,183,5,1,80.0,0,N,RURAL_VICTORIA,ROAD,9,16.0
181256,2,3,99,5,9,40.0,0,N,MELBOURNE_CBD,STREET,9,8.0
181257,1,4,120,2,1,80.0,0,I,MELB_URBAN,ROAD,9,15.0
181258,8,6,99,5,1,60.0,0,N,RURAL_VICTORIA,HIGHWAY,9,16.0
181259,1,7,121,1,3,40.0,0,I,LARGE_PROVINCIAL_CITIES,STREET,9,19.0
181260,1,7,120,5,5,100.0,1,N,RURAL_VICTORIA,ROAD,9,17.0
181261,1,7,147,1,3,70.0,0,I,MELB_URBAN,ROAD,9,22.0
181262,4,7,183,5,5,100.0,0,N,RURAL_VICTORIA,ROAD,9,22.0
181263,4,7,171,5,5,80.0,0,N,RURAL_VICTORIA,ROAD,9,22.0
181264,1,1,110,1,3,60.0,0,I,MELB_URBAN,ROAD,9,4.0
181265,1,7,99,5,5,60.0,0,N,RURAL_VICTORIA,ROAD,9,23.0
181266,1,1,120,5,1,60.0,0,N,MELB_URBAN,ROAD,9,7.0
181267,4,1,173,5,3,100.0,0,N,MELB_URBAN,FREEWAY,9,0.0
181268,2,4,100,5,9,60.0,0,N,MELB_URBAN,ROAD,7,13.0
181269,6,1,174,5,1,60.0,0,N,MELB_URBAN,STREET,9,9.0
181270,1,1,147,5,1,50.0,0,N,MELB_URBAN,ROAD,9,11.0
181271,1,1,116,2,1,80.0,0,I,MELB_URBAN,ROAD,9,6.0
181272,1,0,121,1,1,70.0,0,N,MELB_URBAN,ROAD,9,10.0
181273,1,7,121,5,1,70.0,0,N,MELB_URBAN,ROAD,9,15.0
181274,1,1,130,5,1,60.0,0,N,MELB_URBAN,STREET,9,11.0
181275,1,1,140,4,1,60.0,0,I,MELB_URBAN,ROAD,9,7.0
181276,4,1,171,5,1,80.0,0,N,LARGE_PROVINCIAL_CITIES,STREET,9,15.0
181277,1,1,110,1,1,70.0,0,N,MELB_URBAN,ROAD,9,13.0
181278,2,6,102,2,1,40.0,0,N,MELB_URBAN,STREET,9,9.0
181279,1,1,130,5,1,60.0,0,N,MELB_URBAN,ROAD,9,14.0
181280,1,1,120,5,1,60.0,0,N,SMALL_CITIES,AVENUE,9,15.0
181281,8,1,174,5,1,80.0,0,N,MELB_URBAN,HIGHWAY,9,15.0
181282,1,1,133,5,1,60.0,0,N,MELB_URBAN,BOULEVARD,9,14.0
181283,1,1,110,1,1,60.0,0,I,MELB_URBAN,ROAD,9,14.0
181284,4,1,181,1,1,60.0,0,I,MELB_URBAN,ROAD,9,15.0
181285,1,1,99,1,1,50.0,0,I,MELB_URBAN,STREET,9,15.0
181286,1,1,99,2,3,60.0,0,I,LARGE_PROVINCIAL_CITIES,ROAD,9,19.0
181287,1,1,99,2,3,40.0,0,I,MELB_URBAN,ROAD,9,18.0
181288,1,1,110,1,3,60.0,0,I,TOWNS,STREET,9,19.0
181289,1,1,160,5,3,50.0,0,N,MELB_URBAN,STREET,9,18.0
181290,2,1,100,1,3,60.0,0,I,MELB_URBAN,ROAD,9,20.0
181291,4,1,181,5,5,100.0,0,N,LARGE_PROVINCIAL_CITIES,ROAD,9,20.0
181292,1,1,120,5,5,80.0,1,N,SMALL_CITIES,HIGHWAY,9,19.0
181293,1,1,130,2,1,70.0,0,I,MELB_URBAN,ROAD,9,9.0
181294,1,7,120,5,1,50.0,0,N,LARGE_PROVINCIAL_CITIES,DRIVE,9,12.0
181295,1,3,121,2,1,60.0,0,I,MELB_URBAN,ROAD,9,17.0
181296,6,6,184,2,1,60.0,0,I,MELB_URBAN,ROAD,9,17.0
181297,1,2,130,5,1,80.0,0,N,MELB_URBAN,HIGHWAY,9,6.0
181298,1,2,99,5,1,70.0,0,N,MELB_URBAN,ROAD,9,8.0
181299,1,6,130,2,3,60.0,0,N,MELB_URBAN,ROAD,8,20.0
181300,6,6,99,5,1,60.0,0,N,SMALL_TOWNS,STREET,9,17.0
181301,1,1,163,5,1,60.0,0,N,MELB_URBAN,ROAD,9,11.0
181302,1,7,120,5,1,70.0,0,N,MELB_URBAN,ROAD,9,13.0
181303,1,2,160,5,1,40.0,0,N,MELB_URBAN,STREET,9,10.0
181304,8,7,184,5,1,80.0,0,O,RURAL_VICTORIA,OTHER,8,15.0
181305,8,1,99,1,1,60.0,0,I,MELB_URBAN,ROAD,9,9.0
181306,1,2,132,5,1,60.0,0,I,MELB_URBAN,ROAD,9,11.0
181307,1,3,130,1,1,60.0,0,I,LARGE_PROVINCIAL_CITIES,ROAD,9,16.0
181308,5,1,99,5,1,100.0,0,N,RURAL_VICTORIA,ROAD,9,13.0
181309,1,7,99,2,1,60.0,0,I,LARGE_PROVINCIAL_CITIES,PARADE,9,13.0
181310,1,2,116,1,1,100.0,0,I,RURAL_VICTORIA,ROAD,9,14.0
181311,1,2,99,2,1,50.0,0,I,TOWNS,STREET,9,15.0
181312,8,7,174,3,1,60.0,0,O,RURAL_VICTORIA,UNKNOWN,9,13.0
181313,2,1,102,5,1,40.0,0,N,SMALL_CITIES,ROAD,9,16.0
181314,1,2,140,2,1,60.0,0,I,MELB_URBAN,OTHER,9,16.0
181315,8,1,170,2,1,50.0,0,I,MELB_URBAN,STREET,9,10.0
181316,1,1,130,5,1,80.0,0,N,RURAL_VICTORIA,ROAD,9,15.0
181317,1,2,120,5,2,50.0,0,N,RURAL_VICTORIA,PARADE,9,17.0
181318,2,2,102,1,1,50.0,0,I,TOWNS,STREET,9,7.0
181319,1,2,113,2,1,60.0,0,I,MELB_URBAN,ROAD,9,17.0
181320,1,1,99,2,1,50.0,0,N,MELB_URBAN,OTHER,9,17.0
181321,1,1,113,2,1,80.0,0,I,RURAL_VICTORIA,ROAD,9,17.0
181322,4,1,99,2,2,100.0,0,I,RURAL_VICTORIA,AVENUE,9,18.0
181323,4,6,99,2,1,50.0,0,I,MELB_URBAN,DRIVE,8,15.0
181324,1,7,130,5,6,80.0,0,N,MELB_URBAN,RAMP,9,20.0
181325,1,2,130,2,1,60.0,0,I,MELB_URBAN,ROAD,9,17.0
181326,2,2,99,5,1,40.0,0,N,MELB_URBAN,STREET,9,14.0
181327,1,5,130,5,1,100.0,0,N,MELB_URBAN,FREEWAY,3,16.0
181328,1,4,130,2,1,60.0,0,I,MELB_URBAN,ROAD,9,14.0
181329,1,5,130,4,1,60.0,0,I,MELB_URBAN,FREEWAY,8,7.0
181330,4,3,173,5,1,30.0,0,N,SMALL_CITIES,DRIVE,9,12.0
181331,7,2,99,5,3,40.0,0,N,MELBOURNE_CBD,STREET,9,22.0
181332,4,3,171,5,5,80.0,0,N,RURAL_VICTORIA,ROAD,9,2.0
181333,2,7,99,5,1,50.0,0,N,TOWNS,STREET,9,10.0
181334,1,3,99,2,1,60.0,0,I,RURAL_VICTORIA,UNKNOWN,9,9.0
181335,1,5,130,5,1,80.0,0,N,MELB_URBAN,HIGHWAY,9,12.0
181336,1,7,147,5,1,80.0,0,N,MELB_URBAN,ROAD,6,12.0
181337,4,3,173,5,1,80.0,0,N,RURAL_VICTORIA,ROAD,9,9.0
181338,4,3,99,5,1,50.0,0,N,TOWNS,STREET,9,10.0
181339,1,3,130,1,1,60.0,0,I,MELB_URBAN,ROAD,9,10.0
181340,1,3,130,4,1,80.0,0,I,RURAL_VICTORIA,RAMP,9,10.0
181341,4,2,171,1,3,60.0,0,I,LARGE_PROVINCIAL_CITIES,HIGHWAY,9,23.0
181342,2,2,102,5,1,50.0,0,N,MELB_URBAN,OTHER,9,9.0
181343,8,7,184,5,1,60.0,0,N,RURAL_VICTORIA,OTHER,9,14.0
181344,1,2,130,5,1,60.0,0,N,MELB_URBAN,ROAD,8,8.0
181345,1,2,111,2,1,100.0,0,I,RURAL_VICTORIA,HIGHWAY,9,12.0
181346,1,2,120,4,1,60.0,0,N,MELB_URBAN,ROAD,9,13.0
181347,1,3,110,1,1,60.0,0,I,SMALL_CITIES,STREET,9,12.0
181348,6,3,99,5,1,100.0,0,N,RURAL_VICTORIA,ROAD,9,11.0
181349,8,1,99,5,1,60.0,0,N,RURAL_VICTORIA,OTHER,9,11.0
181350,1,3,113,4,1,100.0,0,I,RURAL_VICTORIA,ROAD,9,12.0
181351,9,6,99,5,2,40.0,0,N,RURAL_VICTORIA,ROAD,9,17.0
181352,1,3,99,2,1,60.0,0,I,MELB_URBAN,OTHER,9,15.0
181353,1,2,130,5,1,100.0,0,N,MELB_URBAN,FREEWAY,9,7.0
181354,2,3,102,1,1,40.0,0,I,TOWNS,STREET,9,15.0
181355,1,3,134,2,1,40.0,0,N,MELB_URBAN,ROAD,9,16.0
181356,1,2,99,5,2,50.0,0,N,MELB_URBAN,ROAD,9,16.0
181357,1,3,130,2,1,40.0,0,I,MELB_URBAN,STREET,9,15.0
181358,1,3,99,2,2,70.0,0,I,MELB_URBAN,ROAD,9,18.0
181359,1,5,147,5,3,80.0,0,N,MELB_URBAN,ROAD,9,19.0
181360,1,1,130,5,9,60.0,0,N,MELB_URBAN,ROAD,9,16.0
181361,1,2,121,2,1,70.0,0,I,MELB_URBAN,ROAD,9,17.0
181362,1,3,113,2,2,80.0,0,I,MELB_URBAN,STREET,9,17.0
181363,4,3,99,5,1,60.0,0,N,RURAL_VICTORIA,OTHER,9,15.0
181364,1,3,130,5,1,60.0,0,N,RURAL_VICTORIA,ROAD,9,15.0
181365,1,4,130,1,1,60.0,0,N,MELB_URBAN,ROAD,9,15.0
181366,1,5,130,1,1,60.0,0,I,MELB_URBAN,STREET,8,10.0
181367,1,4,113,2,2,60.0,0,I,MELB_URBAN,ROAD,9,5.0
181368,5,3,99,2,3,60.0,0,I,MELB_URBAN,AVENUE,8,23.0
181369,2,2,102,2,1,50.0,0,I,MELB_URBAN,STREET,9,18.0
181370,4,2,183,5,5,100.0,0,N,RURAL_VICTORIA,HIGHWAY,9,21.0
181371,4,3,99,2,3,50.0,0,I,RURAL_VICTORIA,BOULEVARD,9,22.0
181372,2,3,102,1,3,80.0,0,N,MELB_URBAN,OTHER,9,23.0
181373,4,4,173,5,3,60.0,0,N,MELB_URBAN,STREET,9,2.0
181374,1,3,160,5,1,50.0,0,N,MELB_URBAN,ROAD,9,13.0
181375,1,2,121,1,3,60.0,0,I,MELB_URBAN,ROAD,9,19.0
181376,5,2,99,2,1,60.0,0,N,RURAL_VICTORIA,ROAD,9,12.0
181377,8,4,174,2,2,40.0,0,N,MELB_URBAN,STREET,9,6.0
181378,1,2,132,5,1,60.0,0,I,TOWNS,STREET,9,8.0
181379,4,3,183,5,2,60.0,0,N,MELB_URBAN,HIGHWAY,9,21.0
181380,1,4,160,2,1,40.0,0,N,LARGE_PROVINCIAL_CITIES,STREET,9,9.0
181381,1,4,113,1,1,80.0,0,I,MELB_URBAN,ROAD,9,9.0
181382,1,4,113,2,1,80.0,0,I,RURAL_VICTORIA,ROAD,9,8.0
181383,1,3,99,2,1,60.0,0,I,RURAL_VICTORIA,OTHER,9,12.0
181384,1,3,110,1,1,60.0,0,I,LARGE_PROVINCIAL_CITIES,STREET,8,16.0
181385,1,4,121,1,1,30.0,0,I,MELB_URBAN,STREET,9,8.0
181386,1,4,140,2,1,40.0,0,I,MELB_URBAN,STREET,9,11.0
181387,2,4,102,2,1,40.0,0,I,MELB_URBAN,STREET,9,8.0
181388,1,0,130,5,9,80.0,0,N,MELB_URBAN,ROAD,9,13.0
181389,1,3,130,2,1,60.0,0,I,MELB_URBAN,ROAD,9,12.0
181390,8,7,170,5,1,80.0,0,N,RURAL_VICTORIA,ROAD,8,10.0
181391,1,6,110,1,1,60.0,0,I,MELB_URBAN,ROAD,9,17.0
181392,8,4,174,5,1,60.0,0,N,MELB_URBAN,AVENUE,9,13.0
181393,2,4,99,1,1,60.0,0,I,MELB_URBAN,HIGHWAY,9,11.0
181394,1,2,99,2,1,50.0,0,I,MELB_URBAN,AVENUE,9,16.0
181395,1,4,135,2,1,60.0,0,N,MELB_URBAN,ROAD,9,12.0
181396,1,4,99,2,1,60.0,1,N,MELB_URBAN,ROAD,9,13.0