,accident_type,day_of_week,dca_code,road_geometry,light_condition,speed_zone,severity,node_type,deg_urban_name,road_type,month,hour
181397,1,4,99,1,1,40.0,0,I,TOWNS,STREET,9,14.0
181398,1,3,135,5,1,90.0,0,N,RURAL_VICTORIA,FREEWAY,9,14.0
181399,2,3,100,5,1,60.0,0,N,MELBOURNE_CBD,STREET,9,17.0
181400,2,4,99,1,1,60.0,0,I,MELB_URBAN,OTHER,9,13.0
181401,1,5,99,5,9,60.0,0,N,MELB_URBAN,ROAD,9,16.0
181402,1,3,130,5,1,70.0,0,N,MELB_URBAN,ROAD,9,17.0
181403,1,1,121,2,1,60.0,0,N,MELB_URBAN,DRIVE,9,7.0
181404,8,3,174,5,1,60.0,0,N,SMALL_CITIES,STREET,9,9.0
181405,1,4,121,2,2,60.0,0,I,MELB_URBAN,ROAD,9,18.0
181406,4,4,183,5,1,60.0,0,N,MELB_URBAN,STREET,9,14.0
181407,1,4,147,5,1,50.0,0,N,MELB_URBAN,STREET,9,19.0
181408,1,3,130,5,1,100.0,0,N,RURAL_VICTORIA,ROAD,9,16.0
181409,1,6,99,2,1,60.0,0,I,MELB_URBAN,ROAD,9,15.0
181410,1,3,130,5,1,70.0,0,N,LARGE_PROVINCIAL_CITIES,STREET,9,16.0
181411,4,4,181,5,3,60.0,0,N,MELB_URBAN,ROAD,9,19.0
181412,1,6,130,1,1,60.0,0,N,MELB_URBAN,STREET,9,11.0
181413,2,4,99,1,3,60.0,1,I,TOWNS,ROAD,9,22.0
181414,1,5,120,5,3,60.0,0,N,MELB_URBAN,OTHER,9,5.0
181415,1,1,133,5,3,70.0,0,N,MELB_URBAN,ROAD,9,19.0
181416,2,3,99,5,5,80.0,0,N,TOWNS,ROAD,9,18.0
181417,6,6,99,5,1,80.0,0,N,RURAL_VICTORIA,ROAD,9,13.0
181418,1,7,121,1,3,80.0,0,I,MELB_URBAN,ROAD,8,19.0
181419,5,4,99,5,1,100.0,0,N,RURAL_VICTORIA,OTHER,9,13.0
181420,1,4,134,2,1,60.0,0,I,MELB_URBAN,ROAD,9,7.0
181421,1,5,121,1,1,50.0,0,I,MELB_URBAN,ROAD,9,9.0
181422,1,4,99,2,1,50.0,0,I,MELB_URBAN,DRIVE,9,14.0
181423,2,4,100,2,1,60.0,0,I,MELB_URBAN,STREET,9,16.0
181424,2,2,100,5,1,50.0,0,N,MELB_URBAN,STREET,9,7.0
181425,1,5,110,1,1,50.0,0,I,SMALL_CITIES,AVENUE,9,10.0
181426,1,5,120,5,1,80.0,1,N,RURAL_VICTORIA,ROAD,9,7.0
181427,1,4,130,5,1,80.0,0,N,MELB_URBAN,HIGHWAY,9,8.0
181428,1,4,121,2,1,80.0,0,O,MELB_URBAN,UNKNOWN,9,10.0
181429,1,2,130,5,1,60.0,0,N,RURAL_VICTORIA,ROAD,9,16.0
181430,1,4,163,1,2,40.0,0,I,MELB_URBAN,STREET,9,18.0
181431,4,5,99,1,1,50.0,0,I,SMALL_CITIES,STREET,9,13.0
181432,1,4,110,1,1,50.0,0,I,MELB_URBAN,OTHER,9,14.0
181433,6,5,99,1,1,50.0,0,I,TOWNS,STREET,9,12.0
181434,1,5,132,2,1,60.0,0,I,MELB_URBAN,ROAD,9,13.0
181435,4,4,99,5,1,60.0,0,N,MELB_URBAN,RAMP,9,8.0
181436,1,3,130,5,1,80.0,0,N,SMALL_CITIES,HIGHWAY,8,16.0
181437,1,4,147,2,2,60.0,0,I,MELB_URBAN,ROAD,9,17.0
181438,1,5,147,5,1,80.0,0,N,MELB_URBAN,ROAD,9,15.0
181439,1,6,113,2,1,60.0,0,I,MELB_URBAN,ROAD,8,15.0
181440,2,4,99,1,1,60.0,0,N,SMALL_CITIES,ROAD,9,15.0
181441,1,4,120,5,9,60.0,0,N,MELB_URBAN,STREET,9,17.0
181442,1,1,130,2,9,60.0,0,N,MELB_URBAN,ROAD,9,19.0
181443,1,4,121,2,1,80.0,0,I,MELB_URBAN,ROAD,9,15.0
181444,1,4,110,1,1,50.0,0,I,MELB_URBAN,STREET,9,16.0
181445,1,5,121,1,3,60.0,0,I,MELB_URBAN,STREET,9,18.0
181446,1,4,110,1,1,60.0,0,I,MELB_URBAN,STREET,9,17.0
181447,3,7,167,5,5,60.0,0,N,RURAL_VICTORIA,ROAD,8,22.0
181448,2,5,102,2,5,40.0,0,I,SMALL_CITIES,STREET,9,18.0
181449,1,1,130,5,1,100.0,0,N,MELB_URBAN,ROAD,9,16.0
181450,1,4,110,1,1,100.0,0,I,RURAL_VICTORIA,HIGHWAY,9,9.0
181451,2,5,100,5,1,40.0,0,N,MELB_URBAN,STREET,9,15.0
181452,1,5,140,5,3,60.0,0,N,MELB_URBAN,ROAD,9,21.0
181453,4,4,171,5,5,100.0,0,N,RURAL_VICTORIA,ROAD,9,20.0
181454,1,5,130,5,9,100.0,0,N,MELB_URBAN,HIGHWAY,6,9.0
181455,1,6,121,2,1,60.0,0,N,MELB_URBAN,ROAD,9,8.0
181456,1,6,120,2,1,60.0,0,I,MELB_URBAN,ROAD,9,9.0
181457,1,3,99,2,1,60.0,0,I,SMALL_CITIES,ROAD,7,15.0
181458,1,1,113,2,1,50.0,0,I,SMALL_CITIES,ROAD,9,14.0
181459,1,5,121,2,1,70.0,0,I,MELB_URBAN,ROAD,9,7.0
181460,1,5,130,5,1,100.0,0,N,SMALL_TOWNS,FREEWAY,9,10.0
181461,1,6,99,1,1,80.0,0,N,MELB_URBAN,ROAD,9,9.0
181462,1,6,132,1,1,70.0,0,I,MELB_URBAN,ROAD,9,7.0
181463,1,5,110,1,1,50.0,0,I,MELB_URBAN,STREET,9,10.0
181464,1,7,132,2,2,60.0,0,N,MELB_URBAN,ROAD,9,18.0
181465,1,3,130,5,1,60.0,0,N,LARGE_PROVINCIAL_CITIES,ROAD,8,13.0
181466,1,4,147,5,1,60.0,0,N,MELB_URBAN,ROAD,9,18.0
181467,1,3,110,1,1,100.0,0,I,RURAL_VICTORIA,ROAD,9,12.0
181468,1,5,113,1,3,60.0,0,N,SMALL_TOWNS,HIGHWAY,5,19.0
181469,1,6,110,1,1,60.0,0,I,RURAL_VICTORIA,ROAD,9,12.0
181470,1,2,111,2,1,60.0,0,I,SMALL_CITIES,ROAD,9,11.0
181471,1,6,147,5,1,60.0,0,N,MELB_URBAN,STREET,9,13.0
181472,5,7,173,5,1,60.0,0,N,RURAL_VICTORIA,ROAD,9,11.0
181473,1,5,133,1,1,60.0,0,I,LARGE_PROVINCIAL_CITIES,STREET,9,13.0
181474,2,6,100,2,1,60.0,0,N,MELB_URBAN,STREET,9,14.0
181475,1,6,120,1,1,60.0,0,N,MELB_URBAN,ROAD,9,10.0
181476,4,6,181,2,1,50.0,0,N,SMALL_CITIES,UNKNOWN,9,15.0
181477,4,1,173,5,5,100.0,0,N,RURAL_VICTORIA,ROAD,9,19.0
181478,1,5,130,5,2,50.0,0,N,MELB_URBAN,ROAD,9,18.0
181479,1,2,121,2,2,80.0,0,I,RURAL_VICTORIA,ROAD,8,17.0
181480,4,5,183,5,1,60.0,0,N,RURAL_VICTORIA,ROAD,9,16.0
181481,1,6,110,1,1,60.0,0,I,TOWNS,STREET,9,17.0
181482,1,6,130,5,1,70.0,0,N,MELB_URBAN,ROAD,9,15.0
181483,1,6,113,2,1,60.0,0,I,MELB_URBAN,HIGHWAY,9,15.0
181484,1,6,116,2,1,70.0,0,N,LARGE_PROVINCIAL_CITIES,ROAD,9,16.0
181485,1,5,163,5,1,40.0,0,I,MELBOURNE_CBD,STREET,9,17.0
181486,1,6,120,5,1,50.0,0,N,MELB_URBAN,ROAD,9,16.0
181487,1,7,111,2,3,50.0,0,I,MELB_URBAN,STREET,8,1.0
181488,4,6,183,5,1,100.0,0,N,RURAL_VICTORIA,HIGHWAY,9,16.0
181489,1,6,132,2,3,60.0,0,N,MELB_URBAN,ROAD,9,19.0
181490,1,4,99,1,1,60.0,0,O,MELB_URBAN,UNKNOWN,9,7.0
181491,1,6,111,1,1,80.0,0,I,MELB_URBAN,ROAD,8,8.0
181492,1,6,121,2,3,60.0,0,I,MELB_URBAN,ROAD,9,21.0
181493,8,7,99,5,1,60.0,0,N,MELB_URBAN,STREET,9,10.0
181494,6,6,170,5,5,100.0,0,N,RURAL_VICTORIA,ROAD,9,21.0
181495,4,7,99,5,3,60.0,0,N,LARGE_PROVINCIAL_CITIES,ROAD,9,1.0
181496,4,6,181,5,5,80.0,0,N,RURAL_VICTORIA,ROAD,9,22.0
181497,1,6,160,5,1,50.0,0,N,MELB_URBAN,ROAD,9,7.0
181498,1,6,99,5,1,60.0,0,N,MELB_URBAN,STREET,9,9.0
181499,1,6,130,5,1,60.0,0,N,MELB_URBAN,OTHER,9,7.0
181500,1,6,99,5,1,40.0,0,N,MELB_URBAN,STREET,9,11.0
181501,1,4,130,5,1,60.0,0,N,MELB_URBAN,STREET,9,8.0
181502,8,7,174,5,1,40.0,0,N,MELB_URBAN,STREET,9,11.0
181503,1,5,99,5,1,60.0,0,N,MELB_URBAN,ROAD,9,8.0
181504,1,7,140,2,1,80.0,0,N,MELB_URBAN,ROAD,9,11.0
181505,1,6,130,5,1,80.0,0,N,MELB_URBAN,UNKNOWN,9,17.0
181506,1,7,99,2,1,60.0,0,I,MELB_URBAN,ROAD,9,10.0
181507,1,7,130,1,1,40.0,0,N,MELB_URBAN,STREET,9,13.0
181508,1,5,130,5,1,100.0,0,N,MELB_URBAN,FREEWAY,9,8.0
181509,1,6,113,2,1,50.0,0,I,RURAL_VICTORIA,STREET,9,12.0
181510,2,7,99,5,1,50.0,0,N,MELB_URBAN,AVENUE,9,14.0
181511,1,5,130,5,1,80.0,0,N,MELB_URBAN,FREEWAY,9,15.0
181512,4,6,99,5,3,80.0,0,N,MELB_URBAN,HIGHWAY,9,20.0
181513,4,7,181,5,1,50.0,0,N,LARGE_PROVINCIAL_CITIES,STREET,9,15.0
181514,1,7,121,1,3,60.0,0,I,SMALL_CITIES,STREET,9,20.0
181515,1,7,121,1,3,50.0,0,I,MELB_URBAN,STREET,9,19.0
181516,8,7,174,2,3,60.0,0,I,MELB_URBAN,STREET,9,18.0
181517,6,7,184,5,5,50.0,0,N,MELB_URBAN,ROAD,9,20.0
181518,1,7,147,5,3,50.0,0,N,MELB_URBAN,AVENUE,9,19.0
181519,2,7,100,2,3,60.0,1,I,MELB_URBAN,ROAD,9,19.0
181520,1,7,120,5,5,100.0,1,N,RURAL_VICTORIA,ROAD,9,21.0
181521,1,7,130,1,3,60.0,0,I,MELB_URBAN,ROAD,9,22.0
181522,6,7,174,5,6,60.0,0,N,MELB_URBAN,ROAD,9,22.0
181523,4,0,171,5,1,60.0,0,N,MELB_URBAN,ROAD,9,7.0
181524,1,4,99,5,1,80.0,0,N,MELB_URBAN,ROAD,9,6.0
181525,4,5,183,5,5,100.0,0,N,RURAL_VICTORIA,ROAD,8,3.0
181526,4,7,171,5,1,100.0,0,N,RURAL_VICTORIA,HIGHWAY,9,17.0
181527,1,0,160,5,1,50.0,0,N,MELB_URBAN,AVENUE,9,10.0
181528,1,5,130,1,1,60.0,0,N,MELB_URBAN,STREET,8,9.0
181529,1,5,130,5,1,60.0,0,N,MELB_URBAN,ROAD,9,6.0
181530,1,1,110,1,1,80.0,0,I,SMALL_CITIES,ROAD,9,10.0
181531,1,1,121,1,1,60.0,0,I,MELB_URBAN,ROAD,9,9.0
181532,1,5,121,1,1,40.0,0,I,MELBOURNE_CBD,STREET,9,8.0
181533,2,0,100,2,1,60.0,0,I,RURAL_VICTORIA,ROAD,9,12.0
181534,1,0,130,2,1,80.0,0,I,MELB_URBAN,STREET,9,12.0
181535,1,1,99,3,5,40.0,0,I,MELB_URBAN,DRIVE,9,18.0
181536,1,1,113,4,1,60.0,0,I,SMALL_CITIES,UNKNOWN,9,15.0
181537,1,1,116,2,1,60.0,0,I,MELB_URBAN,ROAD,9,16.0
181538,1,0,120,5,1,100.0,0,N,RURAL_VICTORIA,HIGHWAY,9,17.0
181539,1,0,121,2,3,70.0,0,I,MELB_URBAN,ROAD,9,22.0
181540,4,1,171,5,3,60.0,1,N,MELB_URBAN,ROAD,9,21.0
181541,1,2,110,1,3,40.0,0,N,MELB_URBAN,ROAD,9,5.0
181542,1,2,110,1,3,60.0,0,N,MELB_URBAN,PARADE,9,5.0
181543,1,6,121,1,1,80.0,0,I,MELB_URBAN,HIGHWAY,9,10.0
181544,1,5,99,2,1,80.0,0,I,RURAL_VICTORIA,ROAD,9,8.0
181545,1,4,130,5,1,100.0,0,N,RURAL_VICTORIA,FREEWAY,9,6.0
181546,1,2,121,1,1,60.0,0,I,MELB_URBAN,ROAD,9,8.0
181547,1,6,160,5,1,60.0,0,N,MELB_URBAN,ROAD,9,13.0
181548,4,2,171,5,1,50.0,0,N,MELB_URBAN,STREET,9,8.0
181549,1,7,99,5,1,60.0,0,N,LARGE_PROVINCIAL_CITIES,STREET,9,12.0
181550,1,7,130,2,1,70.0,0,N,MELB_URBAN,ROAD,8,12.0
181551,1,3,130,1,1,60.0,0,I,MELB_URBAN,ROAD,4,9.0
181552,1,5,130,1,1,60.0,0,I,MELB_URBAN,UNKNOWN,8,9.0
181553,1,6,130,5,1,60.0,0,N,LARGE_PROVINCIAL_CITIES,STREET,9,17.0
181554,1,5,130,2,3,80.0,0,N,MELB_URBAN,ROAD,8,18.0
181555,6,2,99,2,1,60.0,0,N,SMALL_TOWNS,ROAD,9,6.0
181556,4,0,171,5,4,60.0,0,N,MELB_URBAN,ROAD,9,22.0
181557,1,2,111,1,1,60.0,0,I,MELB_URBAN,ROAD,9,12.0
181558,1,2,130,2,1,60.0,0,N,TOWNS,HIGHWAY,9,12.0
181559,1,1,135,5,9,70.0,0,N,MELB_URBAN,ROAD,9,18.0
181560,4,2,173,5,1,60.0,0,N,MELB_URBAN,STREET,3,13.0
181561,1,5,130,1,1,70.0,0,N,LARGE_PROVINCIAL_CITIES,ROAD,9,16.0
181562,7,2,99,5,1,50.0,0,N,MELB_URBAN,AVENUE,9,13.0
181563,1,2,99,2,9,50.0,0,I,TOWNS,ROAD,1,15.0
181564,1,7,110,1,1,40.0,0,I,LARGE_PROVINCIAL_CITIES,STREET,9,7.0
181565,3,2,167,5,1,60.0,0,N,RURAL_VICTORIA,ROAD,9,13.0
181566,1,2,130,5,1,80.0,0,N,MELB_URBAN,ROAD,9,15.0
181567,1,1,130,5,1,60.0,0,N,RURAL_VICTORIA,ROAD,9,15.0
181568,1,6,99,2,2,60.0,0,N,MELB_URBAN,ROAD,9,17.0
181569,1,2,99,1,1,60.0,0,N,MELB_URBAN,ROAD,6,14.0
181570,1,3,130,5,1,60.0,0,N,MELB_URBAN,ROAD,8,10.0
181571,1,3,130,5,1,60.0,0,N,MELB_URBAN,ROAD,9,8.0
181572,6,1,99,5,1,70.0,0,N,RURAL_VICTORIA,ROAD,9,16.0
181573,1,2,121,2,1,50.0,0,I,MELB_URBAN,ROAD,9,17.0
181574,6,1,170,5,5,100.0,0,N,RURAL_VICTORIA,ROAD,9,17.0
181575,1,3,99,2,1,50.0,0,I,SMALL_CITIES,ROAD,9,17.0
181576,1,3,130,5,2,100.0,0,N,MELB_URBAN,FREEWAY,7,17.0
181577,4,2,173,5,3,100.0,0,N,RURAL_VICTORIA,ROAD,9,19.0
181578,4,2,171,5,3,80.0,0,N,RURAL_VICTORIA,ROAD,9,22.0
181579,1,2,99,2,1,80.0,0,N,RURAL_VICTORIA,HIGHWAY,9,15.0
181580,4,3,99,2,3,50.0,0,I,MELB_URBAN,ROAD,9,2.0
181581,2,3,100,5,1,60.0,0,N,MELB_URBAN,ROAD,9,6.0
181582,3,3,167,5,5,100.0,0,N,RURAL_VICTORIA,ROAD,9,1.0
181583,1,4,120,5,1,60.0,0,N,MELB_URBAN,ROAD,9,14.0
181584,1,5,121,1,1,60.0,0,I,MELB_URBAN,ROAD,8,8.0
181585,1,2,160,5,1,50.0,0,N,MELB_URBAN,BOULEVARD,9,16.0
181586,1,3,130,2,1,50.0,0,I,MELB_URBAN,ROAD,8,12.0
181587,1,3,113,2,1,60.0,0,I,TOWNS,HIGHWAY,9,8.0
181588,1,3,99,2,1,50.0,0,I,SMALL_CITIES,ROAD,9,8.0
181589,1,3,132,5,1,50.0,0,N,MELB_URBAN,AVENUE,9,11.0
181590,2,3,102,1,1,60.0,0,I,MELB_URBAN,ROAD,9,13.0
181591,2,3,99,5,1,50.0,0,N,MELB_URBAN,DRIVE,9,9.0
181592,4,3,173,5,1,60.0,0,N,SMALL_CITIES,STREET,9,9.0
181593,4,1,99,4,1,40.0,0,I,MELB_URBAN,AVENUE,9,17.0
181594,1,3,130,3,1,60.0,0,I,MELB_URBAN,FREEWAY,9,15.0
181595,1,3,113,2,1,80.0,0,I,RURAL_VICTORIA,STREET,9,14.0
181596,1,3,130,5,1,80.0,0,N,MELB_URBAN,ROAD,9,15.0
181597,1,3,130,5,2,60.0,0,N,MELB_URBAN,ROAD,9,17.0
181598,4,2,171,5,1,80.0,0,N,MELB_URBAN,RAMP,9,13.0
181599,1,3,113,2,1,70.0,0,I,MELB_URBAN,ROAD,9,14.0
181600,1,3,130,5,1,40.0,0,N,MELB_URBAN,ROAD,9,16.0
181601,4,3,171,5,2,100.0,0,N,RURAL_VICTORIA,ROAD,9,18.0
181602,1,2,110,1,3,50.0,0,I,MELB_URBAN,AVENUE,9,18.0
181603,1,2,121,1,3,60.0,0,I,MELB_URBAN,STREET,9,18.0
181604,4,2,171,5,5,60.0,0,N,RURAL_VICTORIA,ROAD,9,18.0
181605,1,3,130,5,1,100.0,0,N,MELB_URBAN,ROAD,9,16.0
181606,2,2,99,5,1,50.0,0,N,LARGE_PROVINCIAL_CITIES,OTHER,9,12.0
181607,1,2,130,5,3,60.0,0,N,MELB_URBAN,ROAD,9,20.0
181608,1,2,110,1,3,40.0,0,I,SMALL_CITIES,STREET,9,21.0
181609,1,3,99,5,3,60.0,0,N,MELB_URBAN,ROAD,9,18.0
181610,1,5,121,2,1,60.0,0,I,MELB_URBAN,STREET,9,10.0
181611,2,2,99,5,3,80.0,0,N,MELB_URBAN,ROAD,9,20.0
181612,1,3,130,5,1,80.0,0,N,MELB_URBAN,OTHER,9,17.0
181613,1,6,132,5,1,70.0,0,N,MELB_URBAN,HIGHWAY,9,14.0
181614,1,3,120,5,1,60.0,0,N,MELB_URBAN,STREET,9,18.0
181615,1,6,113,2,1,60.0,0,I,MELB_URBAN,ROAD,8,12.0
181616,4,3,99,5,3,40.0,0,N,MELB_URBAN,HIGHWAY,9,23.0
181617,1,3,140,5,3,40.0,0,N,MELB_URBAN,ROAD,9,23.0
181618,4,4,171,5,3,80.0,0,N,RURAL_VICTORIA,ROAD,9,0.0
181619,2,4,100,1,1,80.0,0,I,MELB_URBAN,ROAD,9,7.0
181620,4,4,183,5,5,100.0,0,N,RURAL_VICTORIA,ROAD,9,4.0
181621,5,2,99,5,1,60.0,0,N,RURAL_VICTORIA,ROAD,5,12.0
181622,1,4,99,1,1,40.0,0,I,MELBOURNE_CBD,STREET,9,9.0
181623,3,6,167,5,5,100.0,0,N,RURAL_VICTORIA,ROAD,8,18.0
181624,8,7,174,5,1,100.0,0,N,RURAL_VICTORIA,OTHER,9,10.0
181625,2,3,100,2,1,40.0,0,I,MELB_URBAN,STREET,9,11.0
181626,1,0,130,5,1,80.0,0,N,MELB_URBAN,ROAD,9,11.0
181627,1,4,130,5,1,60.0,0,N,MELB_URBAN,STREET,7,12.0
181628,1,4,99,1,1,60.0,0,I,MELB_URBAN,ROAD,9,13.0
181629,6,4,99,5,5,100.0,0,N,RURAL_VICTORIA,ROAD,8,20.0
181630,2,4,100,1,1,40.0,0,N,MELBOURNE_CBD,STREET,9,9.0
181631,8,7,174,5,1,60.0,0,N,LARGE_PROVINCIAL_CITIES,OTHER,9,14.0
181632,1,6,130,1,9,60.0,0,I,MELB_URBAN,ROAD,9,17.0
181633,4,4,181,5,1,60.0,0,N,MELB_URBAN,ROAD,9,14.0
181634,1,6,130,1,1,50.0,0,N,MELB_URBAN,STREET,8,13.0
181635,1,4,99,1,1,60.0,0,N,MELB_URBAN,ROAD,9,15.0
181636,1,3,113,1,1,60.0,0,I,TOWNS,HIGHWAY,9,15.0
181637,1,5,110,1,1,40.0,0,I,RURAL_VICTORIA,ROAD,8,17.0
181638,1,4,160,5,1,40.0,0,N,SMALL_CITIES,BOULEVARD,9,16.0
181639,1,3,135,5,1,80.0,0,N,MELB_URBAN,UNKNOWN,3,7.0
181640,1,4,130,5,1,50.0,0,N,MELB_URBAN,OTHER,9,17.0
181641,1,3,130,5,1,80.0,0,N,MELB_URBAN,ROAD,9,15.0
181642,1,3,130,5,1,80.0,0,N,MELB_URBAN,HIGHWAY,9,16.0
181643,4,4,183,5,1,100.0,0,N,RURAL_VICTORIA,DRIVE,9,16.0
181644,2,4,99,5,3,50.0,0,N,MELB_URBAN,AVENUE,9,5.0
181645,1,4,99,2,1,100.0,0,N,RURAL_VICTORIA,HIGHWAY,9,17.0
181646,1,4,160,5,3,50.0,0,N,MELB_URBAN,ROAD,9,21.0
181647,4,3,173,5,5,100.0,0,N,RURAL_VICTORIA,ROAD,9,23.0
181648,4,5,173,5,3,80.0,0,N,MELB_URBAN,ROAD,9,1.0
181649,4,4,99,5,1,60.0,0,N,RURAL_VICTORIA,ROAD,9,13.0
181650,1,6,110,1,3,60.0,0,I,MELB_URBAN,ROAD,9,21.0
181651,1,7,130,1,1,60.0,0,I,MELB_URBAN,STREET,9,11.0
181652,1,4,116,1,1,60.0,0,I,MELB_URBAN,ROAD,9,6.0
181653,1,5,99,5,1,50.0,0,N,MELB_URBAN,ROAD,9,7.0
181654,1,5,99,2,1,60.0,0,N,MELB_URBAN,STREET,9,8.0
181655,1,5,132,2,9,60.0,0,I,MELB_URBAN,ROAD,9,10.0
181656,1,4,130,5,1,100.0,0,N,MELB_URBAN,FREEWAY,9,9.0
181657,5,5,99,5,5,80.0,0,N,RURAL_VICTORIA,HIGHWAY,9,3.0
181658,3,5,167,5,1,70.0,0,N,RURAL_VICTORIA,ROAD,9,10.0
181659,1,4,110,1,1,50.0,0,I,MELB_URBAN,STREET,9,9.0
181660,1,3,99,5,1,80.0,0,N,MELB_URBAN,ROAD,9,6.0
181661,4,5,183,5,1,50.0,0,N,MELB_URBAN,DRIVE,9,13.0
181662,2,1,99,5,6,50.0,0,N,MELB_URBAN,STREET,9,21.0
181663,1,5,113,2,1,70.0,0,I,MELB_URBAN,ROAD,9,15.0
181664,1,4,130,5,1,60.0,0,N,RURAL_VICTORIA,ROAD,9,16.0
181665,1,5,111,2,1,60.0,0,O,MELB_URBAN,UNKNOWN,9,16.0
181666,1,5,160,2,1,40.0,0,N,MELB_URBAN,ROAD,9,16.0
181667,1,5,99,5,1,40.0,0,N,SMALL_CITIES,STREET,9,15.0
181668,4,5,173,5,1,100.0,0,N,RURAL_VICTORIA,ROAD,9,15.0
181669,1,4,99,2,1,60.0,0,I,MELB_URBAN,ROAD,9,15.0
181670,1,4,110,1,3,60.0,0,I,MELB_URBAN,ROAD,9,19.0
181671,1,5,113,2,5,100.0,0,I,RURAL_VICTORIA,HIGHWAY,9,20.0
181672,1,5,116,2,3,60.0,0,I,MELB_URBAN,ROAD,9,19.0
181673,1,5,121,5,1,50.0,0,N,MELB_URBAN,STREET,9,19.0
181674,1,5,110,1,3,80.0,0,I,MELB_URBAN,DRIVE,9,21.0
181675,1,6,130,4,3,80.0,0,O,UNKNOWN,ROAD,9,0.0
181676,1,6,120,5,2,60.0,0,N,MELB_URBAN,ROAD,9,4.0
181677,6,6,170,5,3,70.0,0,N,MELB_URBAN,STREET,9,3.0
181678,1,4,130,5,1,40.0,0,N,MELB_URBAN,STREET,9,8.0
181679,6,5,174,5,3,70.0,0,N,MELB_URBAN,ROAD,9,20.0
181680,2,6,102,5,1,60.0,0,N,MELB_URBAN,AVENUE,9,7.0
181681,2,7,100,5,1,40.0,0,I,MELB_URBAN,STREET,9,12.0
181682,1,6,113,1,1,60.0,0,I,MELB_URBAN,ROAD,9,10.0
181683,1,6,110,1,1,100.0,0,I,RURAL_VICTORIA,ROAD,9,10.0
181684,8,6,99,5,1,100.0,0,N,RURAL_VICTORIA,ROAD,9,12.0
181685,1,6,130,5,1,70.0,0,N,TOWNS,HIGHWAY,9,12.0
181686,2,5,100,1,1,40.0,0,I,MELBOURNE_CBD,STREET,9,13.0
181687,8,6,99,5,1,80.0,0,N,RURAL_VICTORIA,ROAD,9,12.0
181688,1,6,130,1,1,100.0,0,N,MELB_URBAN,FREEWAY,9,12.0
181689,1,6,121,1,1,60.0,0,I,RURAL_VICTORIA,ROAD,9,14.0
181690,4,4,173,5,1,100.0,0,N,MELB_URBAN,FREEWAY,9,16.0
181691,8,5,170,5,1,100.0,0,N,RURAL_VICTORIA,HIGHWAY,9,14.0
181692,1,6,132,2,1,60.0,0,I,MELB_URBAN,ROAD,9,15.0
181693,4,6,181,5,1,40.0,0,N,MELB_URBAN,DRIVE,9,7.0
181694,1,6,160,5,1,60.0,0,N,MELB_URBAN,ROAD,9,15.0
181695,1,6,99,2,1,100.0,0,N,RURAL_VICTORIA,ROAD,9,17.0
181696,1,1,99,5,3,50.0,0,N,MELB_URBAN,OTHER,9,21.0
181697,1,6,120,1,1,60.0,0,I,RURAL_VICTORIA,ROAD,9,17.0
181698,8,6,99,5,5,100.0,0,N,MELB_URBAN,RAMP,9,18.0
181699,1,6,120,2,1,50.0,0,N,MELB_URBAN,AVENUE,9,17.0
181700,1,6,121,1,3,60.0,0,I,MELB_URBAN,HIGHWAY,9,20.0
181701,1,7,163,1,3,40.0,0,I,MELB_URBAN,ROAD,9,23.0
181702,1,5,160,5,3,50.0,0,N,MELB_URBAN,ROAD,9,20.0
181703,1,6,121,2,3,40.0,0,I,MELB_URBAN,PARADE,9,18.0
181704,2,5,100,5,3,50.0,0,N,MELB_URBAN,ROAD,9,22.0
181705,1,6,99,5,5,110.0,0,N,RURAL_VICTORIA,FREEWAY,9,21.0
181706,1,4,121,5,1,60.0,0,N,MELB_URBAN,ROAD,9,5.0
181707,1,6,133,2,3,80.0,0,I,MELB_URBAN,ROAD,9,22.0
181708,2,6,102,1,3,60.0,0,I,MELB_URBAN,HIGHWAY,9,23.0
181709,3,6,167,3,1,60.0,0,I,RURAL_VICTORIA,ROAD,9,17.0
181710,4,6,171,5,5,100.0,0,N,RURAL_VICTORIA,FREEWAY,9,23.0
181711,6,6,99,5,3,50.0,0,O,LARGE_PROVINCIAL_CITIES,UNKNOWN,9,22.0
181712,3,5,167,5,5,100.0,0,N,RURAL_VICTORIA,ROAD,9,23.0
181713,4,2,171,1,3,60.0,0,I,SMALL_CITIES,ROAD,7,23.0
181714,4,7,171,5,3,50.0,0,N,MELB_URBAN,PARADE,9,4.0
181715,4,6,171,5,3,50.0,0,N,RURAL_VICTORIA,DRIVE,9,21.0
181716,1,7,121,2,1,80.0,0,I,RURAL_VICTORIA,ROAD,9,9.0
181717,1,7,121,3,1,80.0,0,I,RURAL_VICTORIA,ROAD,9,9.0
181718,4,1,171,1,3,50.0,0,N,MELB_URBAN,AVENUE,9,19.0
181719,6,6,174,5,1,100.0,0,N,RURAL_VICTORIA,ROAD,9,10.0
181720,6,6,99,5,1,100.0,0,N,RURAL_VICTORIA,ROAD,9,15.0
181721,8,7,99,5,1,80.0,0,I,RURAL_VICTORIA,ROAD,9,11.0
181722,1,6,130,2,1,60.0,0,I,MELB_URBAN,ROAD,9,11.0
181723,1,7,147,1,1,100.0,0,I,RURAL_VICTORIA,ROAD,9,12.0
181724,1,6,110,1,1,80.0,0,I,MELB_URBAN,ROAD,9,12.0