,accident_type,day_of_week,dca_code,road_geometry,light_condition,speed_zone,severity,node_type,deg_urban_name,road_type,month,hour
181725,8,3,170,4,1,60.0,0,N,RURAL_VICTORIA,RAMP,9,13.0
181726,1,7,99,2,1,40.0,0,I,MELB_URBAN,ROAD,9,14.0
181727,1,7,147,5,1,50.0,0,N,MELB_URBAN,STREET,9,13.0
181728,1,7,133,5,1,100.0,0,N,MELB_URBAN,FREEWAY,9,13.0
181729,1,7,99,2,1,50.0,0,N,MELB_URBAN,AVENUE,9,14.0
181730,4,7,183,5,1,100.0,0,N,MELB_URBAN,FREEWAY,9,15.0
181731,6,7,174,5,1,100.0,0,N,RURAL_VICTORIA,HIGHWAY,9,12.0
181732,1,7,120,5,1,100.0,1,N,RURAL_VICTORIA,ROAD,9,11.0
181733,1,7,133,5,1,80.0,0,N,MELB_URBAN,UNKNOWN,9,18.0
181734,4,7,173,5,5,60.0,0,N,LARGE_PROVINCIAL_CITIES,ROAD,9,22.0
181735,4,7,171,5,5,100.0,0,N,RURAL_VICTORIA,ROAD,9,22.0
181736,1,7,121,2,1,50.0,0,I,MELB_URBAN,ROAD,9,17.0
181737,1,7,130,5,3,40.0,0,N,MELB_URBAN,ROAD,9,22.0
181738,1,6,110,1,5,100.0,0,N,RURAL_VICTORIA,HIGHWAY,9,22.0
181739,1,0,110,1,3,60.0,0,I,MELB_URBAN,ROAD,9,0.0
181740,4,7,181,5,1,80.0,0,N,RURAL_VICTORIA,ROAD,9,14.0
181741,4,1,171,2,1,50.0,0,N,MELB_URBAN,STREET,9,10.0
181742,1,6,130,5,1,60.0,0,N,MELB_URBAN,ROAD,8,9.0
181743,1,1,120,1,1,80.0,0,N,MELB_URBAN,ROAD,9,12.0
181744,1,4,130,1,3,60.0,0,N,RURAL_VICTORIA,BOULEVARD,8,17.0
181745,1,0,130,2,1,60.0,0,I,MELB_URBAN,ROAD,9,14.0
181746,1,1,99,1,1,80.0,0,N,TOWNS,ROAD,9,15.0
181747,4,1,99,5,1,80.0,0,N,RURAL_VICTORIA,ROAD,9,15.0
181748,8,0,174,5,1,80.0,0,N,RURAL_VICTORIA,ROAD,9,18.0
181749,4,1,183,5,2,110.0,0,N,RURAL_VICTORIA,UNKNOWN,9,17.0
181750,1,1,130,2,1,80.0,0,I,RURAL_VICTORIA,HIGHWAY,9,17.0
181751,1,1,110,1,1,60.0,0,I,TOWNS,STREET,9,17.0
181752,4,1,171,5,9,100.0,0,N,RURAL_VICTORIA,ROAD,9,0.0
181753,4,1,183,5,1,100.0,1,N,RURAL_VICTORIA,ROAD,9,16.0
181754,1,7,113,1,3,60.0,0,I,SMALL_CITIES,STREET,9,22.0
181755,4,1,173,5,3,80.0,0,N,MELB_URBAN,ROAD,9,19.0
181756,2,7,100,5,1,60.0,0,O,MELB_URBAN,DRIVE,9,17.0
181757,1,2,130,1,1,50.0,0,N,MELB_URBAN,STREET,6,6.0
181758,1,4,121,1,2,60.0,0,I,MELB_URBAN,HIGHWAY,8,16.0
181759,1,4,132,5,1,60.0,0,N,SMALL_CITIES,PARADE,6,13.0
181760,8,2,174,5,1,50.0,0,N,TOWNS,STREET,9,15.0
181761,4,5,99,1,6,60.0,0,I,MELB_URBAN,DRIVE,9,2.0
181762,1,2,99,1,3,40.0,0,I,RURAL_VICTORIA,ROAD,9,4.0
181763,5,4,99,5,1,80.0,0,N,RURAL_VICTORIA,ROAD,9,16.0
181764,1,2,134,5,1,100.0,0,N,MELB_URBAN,FREEWAY,9,8.0
181765,4,1,171,5,1,60.0,0,N,SMALL_CITIES,ROAD,9,9.0
181766,1,2,99,5,1,80.0,0,N,MELB_URBAN,HIGHWAY,9,11.0
181767,5,1,99,5,1,60.0,0,N,RURAL_VICTORIA,OTHER,9,13.0
181768,1,4,130,5,1,60.0,0,N,LARGE_PROVINCIAL_CITIES,STREET,9,11.0
181769,1,2,116,2,1,50.0,0,I,MELB_URBAN,ROAD,9,8.0
181770,4,2,99,5,1,100.0,0,N,MELB_URBAN,FREEWAY,9,11.0
181771,2,1,99,5,1,40.0,0,N,MELB_URBAN,STREET,9,13.0
181772,1,1,130,5,1,80.0,0,N,SMALL_CITIES,DRIVE,9,13.0
181773,8,1,174,1,1,80.0,0,I,RURAL_VICTORIA,ROAD,9,12.0
181774,1,1,99,2,1,60.0,0,I,MELB_URBAN,HIGHWAY,9,15.0
181775,4,6,181,5,5,60.0,0,N,RURAL_VICTORIA,ROAD,9,19.0
181776,1,4,130,1,6,60.0,0,N,MELB_URBAN,PARADE,8,18.0
181777,1,1,120,5,1,70.0,0,N,RURAL_VICTORIA,ROAD,9,13.0
181778,6,1,99,5,1,100.0,0,N,SMALL_TOWNS,HIGHWAY,9,15.0
181779,4,1,99,2,1,50.0,0,I,SMALL_CITIES,ROAD,9,15.0
181780,4,1,173,5,1,60.0,0,N,SMALL_TOWNS,ROAD,9,15.0
181781,6,6,184,5,1,80.0,0,N,RURAL_VICTORIA,ROAD,9,11.0
181782,1,2,121,1,1,60.0,0,I,MELB_URBAN,ROAD,9,16.0
181783,1,2,121,2,1,40.0,0,I,MELB_URBAN,ROAD,9,17.0
181784,1,1,130,1,6,60.0,0,N,MELB_URBAN,DRIVE,9,4.0
181785,1,1,110,1,1,50.0,0,O,RURAL_VICTORIA,DRIVE,9,14.0
181786,6,5,99,2,3,80.0,0,N,MELB_URBAN,STREET,9,21.0
181787,1,1,110,1,3,60.0,0,I,MELB_URBAN,STREET,9,20.0
181788,1,2,110,1,2,50.0,0,I,TOWNS,STREET,9,18.0
181789,1,4,111,2,1,60.0,0,I,MELB_URBAN,ROAD,8,16.0
181790,1,2,110,1,3,40.0,0,I,MELB_URBAN,STREET,9,21.0
181791,1,2,121,1,3,70.0,0,N,MELB_URBAN,RAMP,9,21.0
181792,1,1,130,5,3,70.0,0,N,MELB_URBAN,ROAD,9,22.0
181793,2,5,99,5,1,40.0,0,N,MELB_URBAN,OTHER,9,8.0
181794,4,3,181,5,5,100.0,0,N,RURAL_VICTORIA,HIGHWAY,10,5.0
181795,6,7,99,2,1,50.0,0,I,TOWNS,STREET,9,9.0
181796,1,3,130,1,1,60.0,0,I,MELB_URBAN,RAMP,10,9.0
181797,1,2,135,5,1,100.0,0,N,MELB_URBAN,FREEWAY,10,8.0
181798,1,3,113,2,1,70.0,0,I,LARGE_PROVINCIAL_CITIES,ROAD,10,9.0
181799,1,2,147,5,1,70.0,0,N,MELB_URBAN,ROAD,10,6.0
181800,6,6,99,2,1,60.0,0,I,RURAL_VICTORIA,OTHER,9,16.0
181801,1,2,130,5,1,60.0,0,N,SMALL_CITIES,STREET,9,12.0
181802,1,3,163,5,1,60.0,0,N,MELB_URBAN,STREET,10,8.0
181803,2,3,100,1,1,50.0,0,I,MELB_URBAN,ROAD,10,9.0
181804,2,1,100,5,1,40.0,0,N,MELB_URBAN,AVENUE,9,17.0
181805,1,6,130,5,1,100.0,0,N,MELB_URBAN,UNKNOWN,9,12.0
181806,1,3,130,5,1,60.0,0,N,MELB_URBAN,ROAD,10,8.0
181807,1,5,147,5,1,60.0,0,N,MELB_URBAN,ROAD,9,14.0
181808,1,3,120,5,1,60.0,0,N,MELB_URBAN,DRIVE,10,11.0
181809,1,7,99,1,9,60.0,0,I,MELBOURNE_CBD,STREET,9,10.0
181810,1,3,132,2,1,80.0,0,I,TOWNS,HIGHWAY,10,13.0
181811,1,4,120,5,9,60.0,0,N,MELB_URBAN,STREET,9,7.0
181812,1,1,130,5,3,80.0,0,N,MELB_URBAN,ROAD,9,19.0
181813,5,1,99,2,5,100.0,0,I,RURAL_VICTORIA,ROAD,9,19.0
181814,8,1,99,1,1,60.0,0,I,RURAL_VICTORIA,ROAD,9,9.0
181815,1,3,134,5,1,50.0,0,N,MELB_URBAN,ROAD,10,16.0
181816,6,0,174,5,1,60.0,0,N,RURAL_VICTORIA,ROAD,9,11.0
181817,4,1,171,5,6,100.0,0,N,MELB_URBAN,RAMP,9,23.0
181818,1,2,121,5,1,60.0,0,I,MELB_URBAN,DRIVE,10,15.0
181819,1,2,99,1,1,60.0,0,I,MELB_URBAN,ROAD,10,12.0
181820,1,3,110,1,1,100.0,0,I,RURAL_VICTORIA,HIGHWAY,10,16.0
181821,1,3,130,5,1,80.0,0,N,MELB_URBAN,ROAD,10,15.0
181822,1,3,132,2,1,50.0,0,I,MELB_URBAN,STREET,10,9.0
181823,8,7,174,1,1,60.0,0,N,MELB_URBAN,ROAD,9,17.0
181824,1,3,113,2,1,60.0,0,I,MELB_URBAN,ROAD,10,17.0
181825,1,3,121,2,1,60.0,0,I,MELB_URBAN,ROAD,10,15.0
181826,1,2,130,5,1,80.0,0,N,MELB_URBAN,HIGHWAY,10,16.0
181827,1,2,140,2,2,70.0,0,I,MELB_URBAN,ROAD,10,18.0
181828,1,3,130,5,1,100.0,0,N,MELB_URBAN,FREEWAY,10,17.0
181829,1,3,116,2,1,60.0,0,I,MELB_URBAN,AVENUE,10,17.0
181830,1,3,121,1,3,50.0,0,I,RURAL_VICTORIA,BOULEVARD,10,19.0
181831,1,3,111,2,3,60.0,0,I,SMALL_CITIES,STREET,10,20.0
181832,1,3,135,5,3,40.0,0,N,MELB_URBAN,STREET,10,20.0
181833,1,2,140,5,2,40.0,0,N,MELB_URBAN,ROAD,10,18.0
181834,1,3,99,5,3,50.0,0,N,MELB_URBAN,STREET,10,22.0
181835,2,2,99,2,2,60.0,0,N,MELB_URBAN,ROAD,10,20.0
181836,4,1,183,5,5,80.0,0,N,RURAL_VICTORIA,ROAD,6,1.0
181837,1,4,140,2,2,60.0,0,I,MELB_URBAN,ROAD,10,6.0
181838,3,4,167,5,2,100.0,0,N,RURAL_VICTORIA,ROAD,10,5.0
181839,1,4,135,5,9,100.0,0,N,MELB_URBAN,ROAD,9,9.0
181840,1,4,110,1,2,80.0,0,I,MELB_URBAN,ROAD,10,7.0
181841,1,4,130,5,1,60.0,0,N,MELB_URBAN,STREET,10,6.0
181842,1,5,135,5,3,50.0,0,N,TOWNS,STREET,9,18.0
181843,1,2,130,5,9,60.0,0,N,MELB_URBAN,FREEWAY,5,17.0
181844,1,4,110,1,1,80.0,0,N,RURAL_VICTORIA,HIGHWAY,10,8.0
181845,1,3,121,2,1,50.0,0,I,MELB_URBAN,STREET,10,7.0
181846,1,4,113,2,1,60.0,0,I,MELB_URBAN,ROAD,10,10.0
181847,8,7,184,2,1,100.0,0,I,RURAL_VICTORIA,ROAD,9,10.0
181848,4,7,171,5,3,60.0,0,N,MELB_URBAN,STREET,6,22.0
181849,1,4,130,1,1,70.0,0,I,RURAL_VICTORIA,ROAD,10,13.0
181850,1,3,113,1,1,60.0,0,I,MELB_URBAN,OTHER,10,12.0
181851,8,4,174,5,1,50.0,0,N,MELB_URBAN,ROAD,10,11.0
181852,1,4,160,5,1,40.0,0,N,MELB_URBAN,STREET,9,8.0
181853,1,4,130,2,1,80.0,0,N,MELB_URBAN,ROAD,10,13.0
181854,1,3,130,2,1,80.0,0,N,MELB_URBAN,ROAD,10,13.0
181855,8,7,174,5,1,50.0,0,N,RURAL_VICTORIA,AVENUE,9,17.0
181856,4,6,99,5,6,60.0,0,N,MELB_URBAN,STREET,9,2.0
181857,1,4,99,2,1,60.0,0,N,LARGE_PROVINCIAL_CITIES,ROAD,10,15.0
181858,1,4,110,1,1,50.0,0,I,MELB_URBAN,STREET,10,14.0
181859,2,7,102,2,1,50.0,0,N,MELB_URBAN,UNKNOWN,9,13.0
181860,4,3,173,5,5,100.0,0,N,RURAL_VICTORIA,ROAD,10,19.0
181861,1,1,147,5,3,60.0,0,N,MELB_URBAN,ROAD,9,21.0
181862,1,4,135,5,1,80.0,0,N,MELB_URBAN,FREEWAY,10,16.0
181863,1,2,99,2,3,60.0,0,N,MELB_URBAN,HIGHWAY,9,19.0
181864,1,4,135,2,1,60.0,0,N,MELB_URBAN,ROAD,10,16.0
181865,1,2,130,5,1,80.0,0,N,MELB_URBAN,HIGHWAY,9,10.0
181866,1,3,147,5,1,60.0,0,N,LARGE_PROVINCIAL_CITIES,AVENUE,9,8.0
181867,1,2,130,1,9,70.0,0,N,MELB_URBAN,ROAD,9,6.0
181868,1,3,160,5,3,60.0,0,N,SMALL_CITIES,STREET,10,19.0
181869,4,4,181,5,2,60.0,0,N,RURAL_VICTORIA,ROAD,10,18.0
181870,1,3,132,2,2,60.0,0,I,MELB_URBAN,ROAD,10,18.0
181871,1,4,160,5,3,50.0,0,N,MELB_URBAN,AVENUE,10,19.0
181872,1,4,121,2,1,80.0,0,I,RURAL_VICTORIA,HIGHWAY,10,17.0
181873,1,4,116,1,1,60.0,0,I,MELB_URBAN,ROAD,8,13.0
181874,6,5,99,5,3,100.0,0,N,MELB_URBAN,RAMP,10,20.0
181875,4,4,171,1,3,60.0,0,N,RURAL_VICTORIA,ROAD,9,2.0
181876,1,4,116,1,3,60.0,0,I,RURAL_VICTORIA,ROAD,10,22.0
181877,1,4,99,2,3,60.0,0,I,MELB_URBAN,STREET,10,22.0
181878,1,3,130,5,1,60.0,0,N,MELB_URBAN,ROAD,10,8.0
181879,4,4,181,5,3,50.0,0,N,MELB_URBAN,STREET,10,23.0
181880,2,4,102,5,1,40.0,0,N,MELB_URBAN,STREET,10,14.0
181881,1,5,130,5,1,60.0,0,N,MELB_URBAN,ROAD,10,6.0
181882,2,4,99,1,1,40.0,0,I,MELBOURNE_CBD,STREET,10,7.0
181883,3,5,167,5,1,60.0,0,N,RURAL_VICTORIA,ROAD,9,14.0
181884,1,5,113,2,1,50.0,0,I,MELB_URBAN,ROAD,10,7.0
181885,1,3,130,5,1,100.0,0,N,MELB_URBAN,RAMP,8,13.0
181886,1,1,130,2,3,60.0,0,I,MELB_URBAN,ROAD,9,18.0
181887,2,5,100,1,1,60.0,0,I,MELB_URBAN,ROAD,10,9.0
181888,1,3,99,2,1,60.0,0,I,TOWNS,RAMP,10,14.0
181889,1,4,130,5,1,70.0,0,N,MELB_URBAN,ROAD,10,8.0
181890,1,5,113,2,1,50.0,0,I,MELB_URBAN,UNKNOWN,10,9.0
181891,1,5,147,5,1,50.0,0,N,MELB_URBAN,ROAD,10,11.0
181892,1,5,113,2,2,80.0,0,I,RURAL_VICTORIA,ROAD,10,7.0
181893,1,4,113,2,2,60.0,0,I,LARGE_PROVINCIAL_CITIES,STREET,10,18.0
181894,1,5,99,5,1,60.0,0,O,MELB_URBAN,UNKNOWN,10,11.0
181895,2,1,99,5,2,60.0,0,N,MELB_URBAN,STREET,9,4.0
181896,1,5,130,2,1,60.0,0,N,MELB_URBAN,ROAD,10,11.0
181897,1,4,163,5,1,50.0,0,N,MELB_URBAN,ROAD,10,8.0
181898,4,5,173,2,1,60.0,0,I,MELB_URBAN,HIGHWAY,10,10.0
181899,1,3,99,2,1,50.0,0,I,MELB_URBAN,AVENUE,10,15.0
181900,4,3,173,5,1,70.0,0,N,SMALL_CITIES,PARADE,10,18.0
181901,1,5,110,1,1,60.0,0,I,MELB_URBAN,ROAD,10,13.0
181902,1,4,130,1,1,60.0,0,I,MELB_URBAN,HIGHWAY,10,15.0
181903,1,5,110,1,1,60.0,0,I,TOWNS,STREET,10,14.0
181904,6,4,170,2,1,50.0,0,N,SMALL_CITIES,ROAD,10,12.0
181905,1,4,121,1,1,60.0,0,I,MELB_URBAN,ROAD,10,16.0
181906,6,7,174,5,1,60.0,0,N,RURAL_VICTORIA,ROAD,8,14.0
181907,1,5,113,2,1,50.0,0,I,MELB_URBAN,STREET,10,18.0
181908,2,5,102,5,3,60.0,0,N,LARGE_PROVINCIAL_CITIES,ROAD,10,18.0
181909,1,5,140,5,1,60.0,0,N,MELB_URBAN,ROAD,10,16.0
181910,1,5,160,5,3,60.0,0,N,MELB_URBAN,ROAD,10,20.0
181911,8,5,174,5,3,60.0,0,N,MELB_URBAN,STREET,10,20.0
181912,4,4,171,5,5,60.0,0,N,MELB_URBAN,ROAD,10,1.0
181913,1,5,99,5,1,100.0,0,N,MELB_URBAN,ROAD,10,15.0
181914,6,5,99,2,3,70.0,0,N,MELB_URBAN,HIGHWAY,10,22.0
181915,1,5,110,1,3,60.0,0,O,LARGE_PROVINCIAL_CITIES,UNKNOWN,10,22.0
181916,6,5,99,5,5,100.0,0,N,RURAL_VICTORIA,ROAD,10,21.0
181917,1,4,147,5,3,60.0,0,N,MELB_URBAN,ROAD,7,17.0
181918,4,6,181,5,1,100.0,0,N,RURAL_VICTORIA,ROAD,10,7.0
181919,1,6,120,5,1,60.0,0,N,RURAL_VICTORIA,ROAD,10,6.0
181920,6,6,174,1,1,40.0,0,N,TOWNS,ROAD,10,8.0
181921,1,6,130,1,1,80.0,0,O,MELB_URBAN,UNKNOWN,10,12.0
181922,1,5,99,5,1,100.0,0,N,RURAL_VICTORIA,ROAD,10,9.0
181923,1,6,113,2,1,50.0,0,N,SMALL_CITIES,AVENUE,10,11.0
181924,4,6,99,5,1,80.0,0,N,MELB_URBAN,HIGHWAY,10,12.0
181925,2,3,100,2,1,60.0,0,I,RURAL_VICTORIA,ROAD,9,15.0
181926,6,6,99,5,2,100.0,0,N,RURAL_VICTORIA,ROAD,9,19.0
181927,1,6,135,5,1,60.0,0,N,MELB_URBAN,ROAD,10,11.0
181928,1,5,130,5,1,80.0,0,N,MELB_URBAN,FREEWAY,10,15.0
181929,1,4,130,2,1,60.0,0,I,RURAL_VICTORIA,ROAD,9,12.0
181930,6,2,99,5,1,50.0,0,N,MELB_URBAN,ROAD,9,14.0
181931,1,5,130,2,1,80.0,0,I,MELB_URBAN,ROAD,10,13.0
181932,2,6,100,5,1,60.0,0,N,TOWNS,STREET,10,13.0
181933,1,5,130,5,1,60.0,0,N,MELB_URBAN,ROAD,10,14.0
181934,1,5,121,1,6,60.0,0,I,MELB_URBAN,DRIVE,10,19.0
181935,1,4,130,2,9,70.0,0,N,MELB_URBAN,ROAD,6,7.0
181936,1,4,130,2,1,70.0,0,I,RURAL_VICTORIA,ROAD,9,13.0
181937,2,6,100,1,1,40.0,0,I,MELB_URBAN,STREET,10,13.0
181938,1,6,110,1,2,100.0,0,I,RURAL_VICTORIA,HIGHWAY,10,17.0
181939,1,3,110,1,1,60.0,0,I,MELB_URBAN,STREET,10,7.0
181940,1,6,130,1,1,50.0,0,I,MELB_URBAN,ROAD,10,15.0
181941,1,5,134,5,1,70.0,0,N,LARGE_PROVINCIAL_CITIES,STREET,10,17.0
181942,4,6,99,5,1,50.0,0,N,MELB_URBAN,PARADE,10,15.0
181943,1,5,160,5,1,60.0,0,N,MELB_URBAN,DRIVE,10,15.0
181944,4,6,181,5,1,50.0,0,N,SMALL_CITIES,DRIVE,10,14.0
181945,1,6,111,1,2,50.0,0,I,MELB_URBAN,STREET,10,17.0
181946,1,6,99,1,3,80.0,0,I,MELB_URBAN,HIGHWAY,10,19.0
181947,1,5,130,5,1,80.0,0,N,MELB_URBAN,ROAD,10,16.0
181948,1,2,113,2,3,80.0,0,N,MELB_URBAN,OTHER,9,19.0
181949,4,6,181,5,5,80.0,0,N,RURAL_VICTORIA,HIGHWAY,10,3.0
181950,1,7,110,4,3,80.0,0,I,RURAL_VICTORIA,ROAD,8,20.0
181951,1,6,110,1,3,50.0,0,I,MELB_URBAN,BOULEVARD,10,20.0
181952,4,7,173,5,5,70.0,0,N,RURAL_VICTORIA,ROAD,10,0.0
181953,1,7,121,2,3,70.0,0,I,MELB_URBAN,DRIVE,10,0.0
181954,4,1,173,5,1,100.0,0,N,RURAL_VICTORIA,ROAD,9,12.0
181955,4,7,173,5,5,100.0,1,N,RURAL_VICTORIA,HIGHWAY,10,2.0
181956,1,6,121,2,1,80.0,0,N,RURAL_VICTORIA,ROAD,10,8.0
181957,4,6,173,2,3,80.0,0,N,MELB_URBAN,ROAD,10,5.0
181958,1,7,121,2,1,60.0,0,I,MELB_URBAN,ROAD,10,8.0
181959,4,7,173,5,1,50.0,0,N,MELB_URBAN,AVENUE,10,11.0
181960,4,6,171,1,1,60.0,0,I,MELB_URBAN,STREET,10,10.0
181961,1,6,130,2,1,50.0,0,N,MELB_URBAN,ROAD,10,10.0
181962,1,7,135,5,1,80.0,0,N,MELB_URBAN,RAMP,10,11.0
181963,1,5,140,1,1,80.0,0,I,MELB_URBAN,ROAD,7,13.0
181964,1,6,163,5,1,50.0,0,N,MELB_URBAN,ROAD,9,10.0
181965,1,7,147,5,1,60.0,0,I,MELB_URBAN,ROAD,10,9.0
181966,1,6,160,5,1,50.0,0,N,LARGE_PROVINCIAL_CITIES,OTHER,9,17.0
181967,8,6,174,5,1,60.0,0,N,MELB_URBAN,STREET,10,17.0
181968,1,5,130,5,2,60.0,0,N,MELB_URBAN,HIGHWAY,9,17.0
181969,1,7,147,5,1,60.0,0,N,MELB_URBAN,ROAD,10,10.0
181970,2,6,102,5,1,50.0,0,N,MELB_URBAN,STREET,10,15.0
181971,1,7,140,5,1,40.0,0,N,MELB_URBAN,DRIVE,10,16.0
181972,8,7,99,2,1,60.0,0,O,RURAL_VICTORIA,UNKNOWN,10,15.0
181973,1,6,130,5,1,80.0,0,N,RURAL_VICTORIA,ROAD,9,13.0
181974,1,7,130,2,1,50.0,0,I,MELB_URBAN,PARADE,10,15.0
181975,1,3,130,2,3,60.0,0,I,MELB_URBAN,STREET,9,18.0
181976,1,7,121,2,1,70.0,0,N,MELB_URBAN,ROAD,10,17.0
181977,4,3,173,5,3,50.0,0,N,MELB_URBAN,ROAD,10,21.0
181978,1,7,116,1,3,40.0,0,I,MELB_URBAN,DRIVE,10,19.0
181979,1,7,99,1,3,50.0,0,I,MELB_URBAN,ROAD,10,20.0
181980,4,7,99,2,3,50.0,0,I,MELB_URBAN,DRIVE,10,19.0
181981,1,6,110,1,3,50.0,0,I,MELB_URBAN,AVENUE,10,19.0
181982,4,7,181,2,5,100.0,0,N,RURAL_VICTORIA,ROAD,10,22.0
181983,4,7,173,5,4,40.0,0,N,MELB_URBAN,HIGHWAY,10,22.0
181984,4,1,173,1,3,80.0,0,I,MELB_URBAN,HIGHWAY,10,0.0
181985,1,5,130,5,3,60.0,0,N,MELB_URBAN,ROAD,9,18.0
181986,1,2,130,5,1,100.0,0,N,MELB_URBAN,ROAD,9,14.0
181987,4,0,99,5,6,50.0,0,N,MELB_URBAN,DRIVE,10,6.0
181988,1,5,134,5,1,100.0,0,N,MELB_URBAN,FREEWAY,10,16.0
181989,4,1,183,5,1,60.0,0,N,MELB_URBAN,RAMP,10,8.0
181990,6,7,174,5,1,60.0,0,N,RURAL_VICTORIA,UNKNOWN,9,11.0
181991,1,1,110,1,1,60.0,0,I,MELB_URBAN,ROAD,10,9.0
181992,1,1,111,1,1,40.0,0,I,LARGE_PROVINCIAL_CITIES,STREET,10,10.0
181993,2,0,100,1,1,60.0,0,I,MELB_URBAN,OTHER,10,11.0
181994,1,1,99,5,1,100.0,0,N,RURAL_VICTORIA,ROAD,10,10.0
181995,1,0,160,5,1,60.0,0,N,TOWNS,STREET,10,10.0
181996,1,1,110,1,2,60.0,0,I,MELB_URBAN,ROAD,9,6.0
181997,4,1,173,5,1,80.0,0,N,MELB_URBAN,ROAD,10,13.0
181998,1,0,120,5,1,100.0,0,N,RURAL_VICTORIA,ROAD,10,10.0
181999,6,6,99,5,1,50.0,0,N,MELB_URBAN,BOULEVARD,10,16.0
182000,2,6,100,5,1,60.0,0,N,MELB_URBAN,OTHER,10,10.0
182001,1,1,99,5,1,50.0,0,N,MELB_URBAN,ROAD,10,14.0
182002,1,0,121,2,1,60.0,0,I,MELB_URBAN,STREET,10,13.0
182003,6,0,170,5,1,60.0,0,N,RURAL_VICTORIA,ROAD,10,13.0
182004,1,1,147,5,1,50.0,0,N,MELB_URBAN,ROAD,10,14.0
182005,1,0,116,2,1,60.0,0,I,SMALL_CITIES,STREET,10,16.0
182006,1,1,99,2,1,60.0,0,I,MELB_URBAN,ROAD,10,14.0
182007,1,1,130,5,1,70.0,0,N,MELB_URBAN,ROAD,10,17.0
182008,4,1,183,5,1,60.0,0,N,MELB_URBAN,DRIVE,10,13.0
182009,1,1,99,5,1,100.0,0,N,MELB_URBAN,FREEWAY,10,17.0
182010,1,0,130,5,1,60.0,0,N,MELB_URBAN,STREET,10,18.0
182011,1,1,99,2,3,70.0,0,I,MELB_URBAN,ROAD,10,21.0
182012,1,1,147,2,3,60.0,0,I,MELB_URBAN,OTHER,10,21.0
182013,1,7,130,5,1,80.0,0,N,MELB_URBAN,FREEWAY,10,11.0
182014,1,1,130,1,2,80.0,0,I,RURAL_VICTORIA,ROAD,10,20.0
182015,2,1,100,5,3,60.0,0,N,MELB_URBAN,ROAD,10,21.0
182016,4,0,171,2,3,70.0,0,I,MELB_URBAN,ROAD,10,22.0
182017,1,1,130,1,3,80.0,0,I,MELB_URBAN,OTHER,10,23.0
182018,8,2,174,5,5,100.0,0,N,RURAL_VICTORIA,ROAD,10,0.0
182019,1,1,116,2,3,80.0,0,I,MELB_URBAN,HIGHWAY,10,4.0
182020,6,7,174,5,1,60.0,0,N,RURAL_VICTORIA,ROAD,9,12.0
182021,1,6,121,1,3,60.0,0,I,MELB_URBAN,ROAD,10,20.0
182022,1,2,135,5,1,60.0,0,N,MELB_URBAN,ROAD,10,8.0
182023,2,2,99,5,1,50.0,0,N,TOWNS,STREET,10,8.0
182024,4,1,171,5,5,100.0,0,N,RURAL_VICTORIA,ROAD,10,22.0
182025,1,6,110,1,1,60.0,0,I,MELB_URBAN,HIGHWAY,10,14.0
182026,1,2,116,2,1,80.0,0,I,MELB_URBAN,ROAD,10,8.0
182027,2,1,100,1,1,60.0,0,N,MELB_URBAN,STREET,4,14.0
182028,1,1,135,5,9,100.0,0,N,MELB_URBAN,ROAD,9,9.0
182029,1,2,147,5,1,70.0,0,N,SMALL_CITIES,PARADE,10,10.0
182030,6,2,174,5,1,60.0,0,N,MELB_URBAN,ROAD,10,8.0
182031,1,2,132,1,1,80.0,0,I,MELB_URBAN,ROAD,10,12.0
182032,2,2,100,1,1,80.0,0,I,MELB_URBAN,ROAD,10,10.0
182033,8,7,184,5,1,100.0,0,N,RURAL_VICTORIA,ROAD,9,13.0
182034,1,6,130,2,1,60.0,0,I,MELB_URBAN,ROAD,10,11.0
182035,1,1,121,1,1,60.0,0,I,MELB_URBAN,ROAD,10,12.0
182036,1,2,160,5,1,50.0,0,N,MELB_URBAN,AVENUE,10,11.0
182037,1,2,130,5,1,50.0,0,N,LARGE_PROVINCIAL_CITIES,STREET,10,12.0
182038,1,4,130,5,1,100.0,0,N,MELB_URBAN,RAMP,10,16.0
182039,1,2,99,2,1,60.0,0,I,MELB_URBAN,STREET,10,13.0
182040,2,7,102,1,2,40.0,0,I,MELBOURNE_CBD,STREET,10,18.0
182041,1,1,99,1,1,60.0,0,I,MELB_URBAN,STREET,10,11.0
182042,1,1,130,1,1,60.0,0,I,MELB_URBAN,STREET,9,8.0
182043,8,2,99,5,1,80.0,0,N,RURAL_VICTORIA,ROAD,10,11.0
182044,1,2,130,2,1,80.0,0,N,MELB_URBAN,ROAD,10,15.0
182045,1,2,110,1,2,50.0,0,I,MELB_URBAN,STREET,10,18.0
182046,1,2,130,5,1,60.0,0,N,MELB_URBAN,ROAD,10,11.0
182047,1,6,160,5,3,80.0,0,N,MELB_URBAN,ROAD,10,3.0
182048,1,2,132,2,1,100.0,0,I,TOWNS,HIGHWAY,10,14.0
182049,1,2,121,1,3,60.0,0,I,MELB_URBAN,ROAD,10,20.0