,accident_type,day_of_week,dca_code,road_geometry,light_condition,speed_zone,severity,node_type,deg_urban_name,road_type,month,hour
182050,1,1,99,5,1,60.0,0,N,MELB_URBAN,ROAD,10,17.0
182051,5,2,99,5,6,60.0,0,N,RURAL_VICTORIA,ROAD,10,21.0
182052,1,2,120,2,3,60.0,0,N,MELB_URBAN,STREET,10,19.0
182053,1,2,121,2,3,60.0,0,I,MELB_URBAN,ROAD,10,20.0
182054,1,2,121,2,2,60.0,0,I,MELB_URBAN,ROAD,10,17.0
182055,1,1,135,5,3,80.0,0,N,MELB_URBAN,STREET,10,21.0
182056,5,0,99,5,1,60.0,0,N,RURAL_VICTORIA,ROAD,9,11.0
182057,6,3,174,2,5,80.0,0,N,RURAL_VICTORIA,ROAD,10,5.0
182058,1,4,130,5,1,80.0,0,N,MELB_URBAN,HIGHWAY,10,7.0
182059,1,3,160,5,1,50.0,0,N,MELB_URBAN,BOULEVARD,10,6.0
182060,4,2,183,5,1,60.0,0,N,MELB_URBAN,ROAD,10,18.0
182061,6,7,184,5,1,60.0,0,N,RURAL_VICTORIA,ROAD,9,11.0
182062,1,2,130,5,1,80.0,0,N,MELB_URBAN,ROAD,10,17.0
182063,1,3,121,2,1,60.0,0,I,MELB_URBAN,STREET,10,9.0
182064,6,6,99,5,1,60.0,0,N,RURAL_VICTORIA,ROAD,9,17.0
182065,1,2,110,4,1,60.0,0,I,LARGE_PROVINCIAL_CITIES,STREET,10,10.0
182066,1,3,99,2,1,60.0,0,I,MELB_URBAN,STREET,8,12.0
182067,4,2,173,5,1,110.0,0,N,TOWNS,FREEWAY,10,9.0
182068,2,2,102,5,1,40.0,0,N,MELB_URBAN,STREET,10,12.0
182069,3,4,167,5,2,80.0,0,N,TOWNS,RAMP,10,4.0
182070,1,1,130,5,1,80.0,0,N,LARGE_PROVINCIAL_CITIES,ROAD,10,14.0
182071,1,1,133,2,1,60.0,0,I,MELB_URBAN,DRIVE,10,15.0
182072,1,2,113,2,1,60.0,0,I,MELB_URBAN,ROAD,10,8.0
182073,1,7,163,5,1,60.0,0,N,MELB_URBAN,STREET,9,12.0
182074,4,1,183,5,1,100.0,0,N,RURAL_VICTORIA,HIGHWAY,10,15.0
182075,1,3,120,5,1,60.0,0,N,LARGE_PROVINCIAL_CITIES,STREET,10,8.0
182076,1,7,99,2,1,60.0,0,I,MELB_URBAN,DRIVE,10,15.0
182077,1,3,121,2,1,60.0,0,O,MELB_URBAN,UNKNOWN,10,7.0
182078,1,7,163,5,1,40.0,0,N,MELB_URBAN,STREET,10,12.0
182079,8,1,174,5,1,60.0,0,N,MELB_URBAN,ROAD,10,14.0
182080,2,3,100,1,1,60.0,0,N,MELB_URBAN,ROAD,10,13.0
182081,1,2,120,5,1,50.0,0,N,MELB_URBAN,STREET,10,14.0
182082,1,1,134,5,1,80.0,0,N,MELB_URBAN,FREEWAY,9,7.0
182083,1,3,113,2,1,50.0,0,N,MELB_URBAN,STREET,10,8.0
182084,5,7,99,5,1,60.0,0,N,RURAL_VICTORIA,ROAD,9,11.0
182085,1,4,130,3,1,80.0,0,N,MELB_URBAN,FREEWAY,10,7.0
182086,2,3,102,2,1,60.0,0,I,MELB_URBAN,ROAD,10,17.0
182087,4,3,181,5,1,50.0,0,N,MELB_URBAN,UNKNOWN,10,16.0
182088,4,3,171,5,1,70.0,0,N,MELB_URBAN,ROAD,10,16.0
182089,1,3,160,2,1,60.0,0,I,MELB_URBAN,ROAD,10,17.0
182090,1,3,111,2,1,60.0,0,N,MELB_URBAN,BOULEVARD,10,16.0
182091,1,2,130,2,1,40.0,0,I,SMALL_CITIES,ROAD,10,10.0
182092,1,3,130,2,2,60.0,0,I,MELB_URBAN,ROAD,10,20.0
182093,8,6,174,5,1,60.0,0,I,RURAL_VICTORIA,OTHER,9,13.0
182094,1,3,121,1,3,80.0,0,I,MELB_URBAN,HIGHWAY,10,20.0
182095,1,3,130,2,1,80.0,0,N,MELB_URBAN,ROAD,9,7.0
182096,2,3,102,5,1,60.0,0,N,MELB_URBAN,ROAD,10,19.0
182097,4,3,171,5,5,50.0,1,N,RURAL_VICTORIA,OTHER,10,20.0
182098,3,3,167,5,5,100.0,0,N,RURAL_VICTORIA,ROAD,10,21.0
182099,1,3,130,5,5,100.0,0,N,MELB_URBAN,FREEWAY,10,20.0
182100,1,6,130,5,1,60.0,0,N,MELB_URBAN,ROAD,8,11.0
182101,1,3,110,1,1,60.0,0,I,SMALL_CITIES,STREET,8,10.0
182102,1,4,110,1,1,60.0,0,I,MELB_URBAN,ROAD,10,7.0
182103,1,4,110,1,1,50.0,0,I,SMALL_CITIES,STREET,10,9.0
182104,1,4,113,2,1,40.0,0,I,MELB_URBAN,ROAD,10,9.0
182105,3,0,167,2,1,100.0,0,I,RURAL_VICTORIA,HIGHWAY,10,15.0
182106,1,4,130,5,1,80.0,0,N,RURAL_VICTORIA,ROAD,10,8.0
182107,1,3,140,5,1,40.0,0,N,MELB_URBAN,STREET,10,10.0
182108,1,7,130,1,1,50.0,0,I,LARGE_PROVINCIAL_CITIES,HIGHWAY,8,13.0
182109,1,6,130,1,1,60.0,0,N,MELB_URBAN,ROAD,10,14.0
182110,2,4,99,5,1,40.0,0,N,MELB_URBAN,ROAD,10,9.0
182111,1,1,130,2,1,60.0,0,I,RURAL_VICTORIA,BOULEVARD,10,17.0
182112,1,4,130,5,1,100.0,0,N,MELB_URBAN,FREEWAY,10,7.0
182113,1,3,121,1,1,60.0,0,N,MELB_URBAN,ROAD,10,11.0
182114,1,3,147,5,1,60.0,0,N,MELB_URBAN,ROAD,10,17.0
182115,1,1,130,2,1,60.0,0,I,MELB_URBAN,ROAD,9,15.0
182116,7,7,99,5,6,50.0,0,N,SMALL_CITIES,STREET,8,20.0
182117,1,4,133,5,1,80.0,0,N,MELB_URBAN,FREEWAY,10,8.0
182118,1,3,130,1,3,60.0,0,N,MELB_URBAN,ROAD,10,6.0
182119,1,6,147,5,1,50.0,0,N,MELB_URBAN,OTHER,7,9.0
182120,1,2,171,2,1,50.0,0,N,MELB_URBAN,OTHER,10,13.0
182121,1,4,113,1,1,40.0,0,I,MELB_URBAN,PARADE,10,8.0
182122,2,4,100,1,1,40.0,0,I,MELB_URBAN,ROAD,10,8.0
182123,1,4,160,5,1,40.0,0,N,SMALL_CITIES,ROAD,10,14.0
182124,7,7,99,5,1,100.0,0,N,RURAL_VICTORIA,ROAD,10,12.0
182125,2,3,102,5,1,40.0,0,N,MELB_URBAN,STREET,10,8.0
182126,1,2,130,1,1,60.0,0,I,MELB_URBAN,ROAD,9,12.0
182127,1,3,130,1,1,60.0,0,I,MELB_URBAN,ROAD,10,14.0
182128,1,4,113,2,1,70.0,0,I,MELB_URBAN,ROAD,10,12.0
182129,1,3,121,2,1,80.0,0,I,RURAL_VICTORIA,HIGHWAY,8,15.0
182130,1,4,130,5,1,80.0,0,N,MELB_URBAN,HIGHWAY,10,13.0
182131,1,4,121,5,1,60.0,0,N,MELB_URBAN,ROAD,10,16.0
182132,1,3,130,5,1,80.0,0,N,MELB_URBAN,ROAD,10,8.0
182133,5,3,99,5,5,80.0,0,N,SMALL_TOWNS,ROAD,10,19.0
182134,2,2,102,2,1,50.0,0,I,MELB_URBAN,PARADE,10,15.0
182135,1,3,130,5,1,60.0,0,N,SMALL_CITIES,ROAD,10,15.0
182136,1,4,133,5,1,60.0,0,N,MELB_URBAN,ROAD,10,15.0
182137,1,4,113,2,1,70.0,0,I,MELB_URBAN,ROAD,10,17.0
182138,4,4,173,5,1,80.0,0,N,MELB_URBAN,ROAD,10,17.0
182139,1,3,130,5,1,100.0,0,N,MELB_URBAN,ROAD,10,16.0
182140,1,4,130,1,1,70.0,0,I,MELB_URBAN,ROAD,10,17.0
182141,1,2,130,5,9,80.0,0,N,MELB_URBAN,OTHER,7,7.0
182142,1,3,147,5,1,60.0,0,N,MELB_URBAN,ROAD,10,10.0
182143,1,3,133,5,1,60.0,0,N,MELB_URBAN,ROAD,10,12.0
182144,1,4,120,5,3,60.0,0,N,MELB_URBAN,STREET,10,21.0
182145,1,4,121,2,5,60.0,0,I,MELB_URBAN,ROAD,10,21.0
182146,1,5,121,1,1,60.0,0,I,MELB_URBAN,ROAD,10,9.0
182147,1,3,160,5,1,60.0,0,N,MELB_URBAN,AVENUE,10,14.0
182148,1,3,121,2,1,60.0,0,I,MELB_URBAN,PARADE,10,16.0
182149,1,5,113,2,1,80.0,0,I,MELB_URBAN,ROAD,10,7.0
182150,1,2,110,1,1,80.0,0,N,SMALL_CITIES,OTHER,10,10.0
182151,1,5,160,5,1,60.0,0,N,MELB_URBAN,ROAD,10,7.0
182152,1,2,110,1,1,100.0,0,I,RURAL_VICTORIA,STREET,9,11.0
182153,1,5,140,2,1,60.0,0,N,LARGE_PROVINCIAL_CITIES,ROAD,10,9.0
182154,1,4,121,2,1,50.0,0,I,MELB_URBAN,ROAD,10,7.0
182155,2,5,99,2,1,40.0,0,N,MELB_URBAN,ROAD,10,11.0
182156,1,4,121,2,1,70.0,0,I,LARGE_PROVINCIAL_CITIES,HIGHWAY,10,12.0
182157,1,3,132,2,1,50.0,0,I,LARGE_PROVINCIAL_CITIES,ROAD,7,9.0
182158,1,6,160,5,1,60.0,0,N,LARGE_PROVINCIAL_CITIES,ROAD,10,10.0
182159,4,5,171,5,1,70.0,0,N,MELB_URBAN,ROAD,10,11.0
182160,2,6,102,2,6,70.0,0,I,MELB_URBAN,ROAD,9,21.0
182161,1,2,121,4,2,80.0,0,I,MELB_URBAN,HIGHWAY,9,5.0
182162,1,5,110,1,1,60.0,0,I,LARGE_PROVINCIAL_CITIES,STREET,10,8.0
182163,4,7,99,5,1,100.0,0,N,RURAL_VICTORIA,ROAD,3,11.0
182164,1,4,121,1,1,60.0,0,I,LARGE_PROVINCIAL_CITIES,ROAD,10,11.0
182165,1,3,110,1,2,50.0,0,I,MELB_URBAN,STREET,10,17.0
182166,1,5,99,2,1,40.0,0,N,MELB_URBAN,UNKNOWN,10,10.0
182167,1,5,140,2,1,60.0,0,N,MELB_URBAN,ROAD,10,14.0
182168,1,3,130,1,3,80.0,0,I,MELB_URBAN,HIGHWAY,9,20.0
182169,6,5,174,5,1,100.0,0,N,RURAL_VICTORIA,ROAD,10,17.0
182170,1,6,99,5,1,50.0,0,N,MELB_URBAN,ROAD,10,12.0
182171,1,4,99,2,3,40.0,0,I,MELB_URBAN,STREET,10,21.0
182172,1,6,163,2,1,40.0,0,I,MELB_URBAN,STREET,10,11.0
182173,6,5,99,5,1,100.0,0,N,RURAL_VICTORIA,ROAD,10,17.0
182174,1,6,110,1,3,50.0,0,I,TOWNS,ROAD,10,19.0
182175,4,5,171,5,1,50.0,0,N,LARGE_PROVINCIAL_CITIES,AVENUE,10,17.0
182176,1,5,130,2,1,70.0,0,N,MELB_URBAN,ROAD,10,17.0
182177,1,7,130,5,1,80.0,0,N,MELB_URBAN,OTHER,10,7.0
182178,1,4,135,2,1,60.0,0,N,MELB_URBAN,RAMP,10,9.0
182179,1,1,111,1,1,70.0,0,I,RURAL_VICTORIA,ROAD,10,18.0
182180,1,5,160,5,1,60.0,0,N,MELB_URBAN,ROAD,10,15.0
182181,1,4,99,5,1,40.0,0,N,MELB_URBAN,STREET,10,9.0
182182,4,1,181,5,5,80.0,0,N,RURAL_VICTORIA,ROAD,5,1.0
182183,1,5,99,5,1,60.0,0,N,MELB_URBAN,ROAD,10,6.0
182184,2,5,102,1,1,50.0,0,N,MELB_URBAN,STREET,10,17.0
182185,1,4,135,2,1,60.0,0,I,MELB_URBAN,ROAD,10,14.0
182186,1,4,99,5,3,40.0,0,N,MELB_URBAN,STREET,10,23.0
182187,4,6,171,5,3,100.0,0,N,RURAL_VICTORIA,HIGHWAY,10,0.0
182188,2,3,102,5,3,50.0,0,N,MELB_URBAN,STREET,10,5.0
182189,2,5,99,5,5,60.0,0,N,TOWNS,DRIVE,10,1.0
182190,1,5,130,1,1,60.0,0,I,LARGE_PROVINCIAL_CITIES,ROAD,9,12.0
182191,1,6,110,1,1,60.0,0,I,MELB_URBAN,ROAD,10,5.0
182192,1,6,99,5,1,40.0,0,N,MELB_URBAN,STREET,10,8.0
182193,1,6,110,1,1,80.0,0,I,MELB_URBAN,HIGHWAY,5,14.0
182194,1,2,130,5,1,70.0,0,N,MELB_URBAN,ROAD,10,18.0
182195,2,6,99,5,1,60.0,0,O,MELB_URBAN,UNKNOWN,10,9.0
182196,1,6,130,5,1,80.0,0,N,MELB_URBAN,ROAD,10,8.0
182197,1,6,113,2,1,60.0,0,I,MELB_URBAN,ROAD,10,8.0
182198,1,6,135,5,1,80.0,0,N,MELB_URBAN,ROAD,10,9.0
182199,2,4,99,5,1,60.0,0,O,MELB_URBAN,OTHER,9,15.0
182200,1,4,135,5,9,60.0,0,N,MELB_URBAN,STREET,8,10.0
182201,1,6,147,5,1,60.0,0,N,MELB_URBAN,ROAD,10,8.0
182202,1,5,121,2,1,60.0,0,I,MELB_URBAN,ROAD,10,11.0
182203,1,5,130,1,1,70.0,0,I,MELB_URBAN,ROAD,10,7.0
182204,2,6,99,5,1,50.0,0,N,TOWNS,STREET,10,13.0
182205,1,4,133,5,9,50.0,0,N,MELB_URBAN,STREET,10,15.0
182206,1,7,147,2,1,60.0,0,N,MELB_URBAN,AVENUE,8,16.0
182207,1,5,130,2,1,70.0,0,N,LARGE_PROVINCIAL_CITIES,ROAD,10,15.0
182208,4,5,173,5,1,40.0,0,N,MELB_URBAN,ROAD,10,14.0
182209,8,6,184,5,1,50.0,0,N,MELB_URBAN,STREET,10,13.0
182210,1,5,110,1,1,40.0,0,I,MELB_URBAN,STREET,10,8.0
182211,1,6,121,2,1,70.0,0,I,MELB_URBAN,ROAD,10,14.0
182212,1,1,130,4,9,80.0,0,I,MELB_URBAN,ROAD,3,18.0
182213,1,3,130,1,1,80.0,0,I,MELB_URBAN,ROAD,10,9.0
182214,2,6,102,2,1,70.0,0,I,MELB_URBAN,STREET,10,15.0
182215,1,5,130,5,1,80.0,0,O,MELB_URBAN,UNKNOWN,10,15.0
182216,1,5,130,5,1,80.0,0,N,MELB_URBAN,FREEWAY,10,15.0
182217,1,6,121,2,1,60.0,0,I,MELB_URBAN,ROAD,10,17.0
182218,1,6,113,1,1,80.0,0,I,RURAL_VICTORIA,ROAD,10,17.0
182219,1,6,130,5,1,50.0,0,N,MELB_URBAN,ROAD,10,15.0
182220,1,6,99,1,2,60.0,0,N,MELB_URBAN,ROAD,10,19.0
182221,1,6,132,2,3,60.0,0,I,MELB_URBAN,ROAD,10,22.0
182222,1,6,120,5,1,100.0,0,N,RURAL_VICTORIA,HIGHWAY,10,17.0
182223,1,6,160,2,5,50.0,0,I,RURAL_VICTORIA,DRIVE,10,23.0
182224,4,6,171,5,3,40.0,0,N,MELB_URBAN,DRIVE,10,20.0
182225,2,5,102,5,1,60.0,0,N,MELB_URBAN,ROAD,9,17.0
182226,6,6,170,5,3,100.0,0,N,RURAL_VICTORIA,FREEWAY,10,2.0
182227,1,7,133,5,1,80.0,0,N,MELB_URBAN,ROAD,10,10.0
182228,4,6,173,5,1,60.0,0,N,TOWNS,STREET,10,8.0
182229,1,7,99,2,1,70.0,0,I,MELB_URBAN,ROAD,10,9.0
182230,1,1,110,1,1,60.0,0,I,LARGE_PROVINCIAL_CITIES,STREET,7,9.0
182231,2,7,102,2,1,60.0,0,N,MELB_URBAN,UNKNOWN,10,10.0
182232,1,6,113,2,1,80.0,0,I,RURAL_VICTORIA,ROAD,10,11.0
182233,1,6,130,5,1,50.0,0,N,RURAL_VICTORIA,OTHER,9,16.0
182234,1,7,99,2,1,60.0,0,I,MELB_URBAN,ROAD,10,9.0
182235,2,7,100,2,1,60.0,0,I,MELB_URBAN,ROAD,10,14.0
182236,6,7,174,2,1,40.0,0,N,MELB_URBAN,STREET,10,14.0
182237,4,7,181,5,1,40.0,0,N,MELB_URBAN,DRIVE,10,11.0
182238,1,4,130,5,1,100.0,0,N,MELB_URBAN,FREEWAY,10,15.0
182239,1,7,113,2,1,60.0,0,I,MELB_URBAN,DRIVE,10,16.0
182240,1,7,121,1,1,60.0,0,I,MELB_URBAN,ROAD,10,14.0
182241,1,7,160,5,1,50.0,0,N,MELB_URBAN,STREET,10,15.0
182242,1,4,121,2,1,60.0,0,I,MELB_URBAN,DRIVE,8,10.0
182243,1,7,110,1,1,60.0,0,I,MELB_URBAN,STREET,10,16.0
182244,1,7,135,5,1,80.0,0,N,MELB_URBAN,FREEWAY,10,18.0
182245,1,6,130,5,1,70.0,0,N,MELB_URBAN,HIGHWAY,10,14.0
182246,2,4,102,2,1,60.0,0,I,MELB_URBAN,ROAD,10,16.0
182247,4,7,173,5,1,100.0,0,N,RURAL_VICTORIA,ROAD,10,16.0
182248,4,7,181,5,1,80.0,0,N,RURAL_VICTORIA,ROAD,10,14.0
182249,1,7,163,5,1,40.0,0,N,MELBOURNE_CBD,STREET,10,14.0
182250,1,7,99,2,1,50.0,0,I,MELB_URBAN,STREET,10,14.0
182251,6,7,99,1,1,40.0,0,I,SMALL_CITIES,STREET,10,16.0
182252,1,7,110,1,1,60.0,0,I,TOWNS,ROAD,10,17.0
182253,1,7,110,1,3,40.0,0,I,MELB_URBAN,STREET,10,21.0
182254,1,1,130,5,3,60.0,0,N,MELB_URBAN,ROAD,9,21.0
182255,2,1,100,2,3,40.0,0,I,LARGE_PROVINCIAL_CITIES,STREET,10,2.0
182256,2,1,99,5,3,60.0,1,O,MELB_URBAN,OTHER,10,1.0
182257,4,6,173,5,1,110.0,0,N,RURAL_VICTORIA,HIGHWAY,10,17.0
182258,1,1,110,1,3,80.0,0,I,MELB_URBAN,ROAD,10,4.0
182259,1,6,110,1,1,50.0,0,I,TOWNS,ROAD,9,12.0
182260,1,1,110,1,1,50.0,0,I,MELB_URBAN,STREET,10,7.0
182261,4,0,183,5,5,60.0,0,N,RURAL_VICTORIA,ROAD,10,1.0
182262,1,5,130,5,1,110.0,0,N,TOWNS,FREEWAY,10,15.0
182263,1,1,133,1,1,60.0,0,I,MELB_URBAN,PARADE,10,10.0
182264,1,7,134,5,1,100.0,0,N,MELB_URBAN,FREEWAY,10,12.0
182265,1,6,135,1,1,40.0,0,N,MELB_URBAN,STREET,10,13.0
182266,1,7,135,5,3,40.0,0,N,MELB_URBAN,ROAD,9,19.0
182267,1,7,99,5,1,60.0,0,N,MELB_URBAN,BOULEVARD,10,11.0
182268,1,1,160,5,1,50.0,0,N,MELB_URBAN,DRIVE,10,13.0
182269,1,1,120,5,1,80.0,0,N,SMALL_TOWNS,ROAD,10,14.0
182270,1,1,120,2,1,100.0,0,I,RURAL_VICTORIA,ROAD,10,14.0
182271,1,1,132,3,1,60.0,0,N,RURAL_VICTORIA,ROAD,10,10.0
182272,1,0,110,1,1,60.0,0,I,MELB_URBAN,STREET,10,14.0
182273,1,1,113,2,1,60.0,0,I,MELB_URBAN,ROAD,10,15.0
182274,1,3,130,5,1,80.0,0,N,MELB_URBAN,FREEWAY,7,13.0
182275,1,1,99,1,1,80.0,0,I,MELB_URBAN,HIGHWAY,10,14.0
182276,1,1,130,5,1,100.0,0,N,MELB_URBAN,FREEWAY,10,17.0
182277,4,1,171,5,1,100.0,0,N,RURAL_VICTORIA,ROAD,10,17.0
182278,1,1,99,4,1,80.0,0,I,MELB_URBAN,ROAD,10,18.0
182279,4,1,181,5,2,50.0,0,N,LARGE_PROVINCIAL_CITIES,ROAD,10,18.0
182280,1,7,147,5,2,60.0,0,N,MELB_URBAN,STREET,10,19.0
182281,6,0,99,2,1,100.0,0,N,RURAL_VICTORIA,ROAD,10,15.0
182282,1,1,121,1,1,40.0,0,I,MELBOURNE_CBD,STREET,10,17.0
182283,6,1,174,5,1,50.0,0,N,MELB_URBAN,ROAD,10,14.0
182284,1,1,99,5,1,50.0,0,N,MELB_URBAN,ROAD,10,19.0
182285,1,1,121,1,1,70.0,0,N,MELB_URBAN,ROAD,10,19.0
182286,1,6,110,1,1,60.0,0,I,MELB_URBAN,STREET,10,17.0
182287,4,0,173,5,3,60.0,0,N,MELB_URBAN,ROAD,10,22.0
182288,1,1,110,1,2,60.0,0,I,MELB_URBAN,ROAD,10,19.0
182289,1,2,140,5,1,60.0,0,N,MELB_URBAN,ROAD,10,10.0
182290,6,7,170,1,2,100.0,0,N,RURAL_VICTORIA,ROAD,8,18.0
182291,4,2,173,5,5,100.0,0,N,RURAL_VICTORIA,ROAD,10,6.0
182292,1,2,130,5,3,80.0,0,N,MELB_URBAN,HIGHWAY,10,5.0
182293,1,2,99,5,1,50.0,0,N,MELB_URBAN,DRIVE,10,6.0
182294,1,1,130,2,1,50.0,0,I,TOWNS,STREET,10,8.0
182295,1,3,140,5,1,40.0,0,N,MELB_URBAN,ROAD,10,13.0
182296,5,2,99,5,2,100.0,1,N,RURAL_VICTORIA,ROAD,10,6.0
182297,4,2,171,5,1,60.0,0,N,LARGE_PROVINCIAL_CITIES,STREET,10,13.0
182298,1,0,110,1,1,30.0,0,I,SMALL_CITIES,HIGHWAY,10,9.0
182299,2,2,100,1,1,40.0,0,I,MELB_URBAN,ROAD,10,13.0
182300,1,6,130,2,1,70.0,0,I,LARGE_PROVINCIAL_CITIES,ROAD,10,15.0
182301,4,7,171,5,5,80.0,0,N,RURAL_VICTORIA,ROAD,7,20.0
182302,1,2,130,1,1,60.0,0,I,MELB_URBAN,STREET,10,12.0
182303,1,1,130,5,1,80.0,0,N,RURAL_VICTORIA,ROAD,10,13.0
182304,8,2,174,1,1,40.0,0,I,MELB_URBAN,STREET,10,10.0
182305,6,0,184,5,2,60.0,0,N,RURAL_VICTORIA,ROAD,10,20.0
182306,1,1,130,5,1,40.0,0,N,RURAL_VICTORIA,ROAD,10,16.0
182307,4,2,173,5,1,100.0,0,N,RURAL_VICTORIA,ROAD,10,14.0
182308,1,1,130,5,1,80.0,0,N,MELB_URBAN,ROAD,10,17.0
182309,1,2,130,5,1,100.0,0,N,SMALL_TOWNS,FREEWAY,10,16.0
182310,1,2,121,2,1,70.0,0,I,MELB_URBAN,BOULEVARD,10,15.0
182311,1,2,110,1,1,60.0,0,N,MELB_URBAN,HIGHWAY,10,15.0
182312,2,2,102,1,1,60.0,0,I,SMALL_CITIES,STREET,10,15.0
182313,5,3,99,5,5,60.0,0,N,MELB_URBAN,ROAD,10,6.0
182314,4,2,171,5,1,60.0,0,N,RURAL_VICTORIA,ROAD,9,10.0
182315,4,2,99,2,1,40.0,0,I,MELB_URBAN,HIGHWAY,10,14.0
182316,1,1,113,1,1,60.0,0,I,TOWNS,OTHER,10,16.0
182317,1,2,134,5,1,80.0,0,N,MELB_URBAN,RAMP,10,13.0
182318,1,2,110,1,3,60.0,0,N,MELB_URBAN,STREET,10,19.0
182319,1,4,130,5,3,60.0,0,N,MELB_URBAN,FREEWAY,6,17.0
182320,1,2,99,5,5,100.0,0,N,MELB_URBAN,FREEWAY,10,21.0
182321,1,7,99,2,1,40.0,0,I,SMALL_CITIES,DRIVE,10,19.0
182322,1,2,111,1,3,60.0,0,I,RURAL_VICTORIA,BOULEVARD,10,21.0
182323,1,2,130,5,3,80.0,0,N,MELB_URBAN,HIGHWAY,10,21.0
182324,4,3,171,5,3,80.0,0,N,MELB_URBAN,HIGHWAY,10,1.0
182325,1,2,113,1,3,70.0,0,I,MELB_URBAN,ROAD,10,4.0
182326,1,5,130,1,1,60.0,0,I,MELB_URBAN,STREET,9,7.0
182327,4,7,181,5,5,100.0,0,N,RURAL_VICTORIA,ROAD,10,19.0
182328,2,3,99,5,2,80.0,0,N,RURAL_VICTORIA,ROAD,10,7.0
182329,1,3,147,5,1,80.0,0,N,MELB_URBAN,ROAD,10,7.0
182330,6,3,174,1,1,50.0,0,N,LARGE_PROVINCIAL_CITIES,STREET,10,9.0
182331,1,1,135,5,1,80.0,0,N,MELB_URBAN,UNKNOWN,10,17.0
182332,1,6,110,1,1,70.0,0,N,RURAL_VICTORIA,HIGHWAY,10,11.0
182333,2,5,99,5,1,50.0,0,N,SMALL_CITIES,STREET,10,13.0
182334,1,4,130,5,1,60.0,0,N,MELB_URBAN,AVENUE,9,14.0
182335,2,3,100,2,1,60.0,0,N,MELB_URBAN,ROAD,10,8.0
182336,1,2,113,2,1,40.0,0,I,TOWNS,DRIVE,10,7.0
182337,1,3,134,5,1,80.0,0,N,MELB_URBAN,FREEWAY,10,7.0
182338,1,3,130,5,1,100.0,0,N,MELB_URBAN,FREEWAY,10,6.0
182339,1,1,163,2,6,40.0,0,I,MELBOURNE_CBD,STREET,10,21.0
182340,1,1,130,5,1,70.0,0,N,LARGE_PROVINCIAL_CITIES,ROAD,9,17.0
182341,1,3,130,1,1,100.0,0,N,MELB_URBAN,ROAD,10,8.0
182342,1,5,113,2,1,60.0,0,I,MELB_URBAN,ROAD,10,14.0
182343,1,1,130,5,1,80.0,0,N,MELB_URBAN,ROAD,9,12.0
182344,1,2,130,5,1,80.0,0,N,MELB_URBAN,OTHER,10,11.0
182345,4,2,171,5,1,60.0,0,N,LARGE_PROVINCIAL_CITIES,ROAD,10,11.0
182346,1,7,163,5,2,30.0,0,N,MELB_URBAN,STREET,10,19.0
182347,1,3,130,5,1,80.0,0,N,MELB_URBAN,RAMP,10,9.0
182348,1,1,99,5,1,60.0,0,N,MELB_URBAN,DRIVE,10,17.0
182349,1,3,110,1,1,50.0,0,I,MELB_URBAN,STREET,10,8.0
182350,1,5,130,5,1,60.0,0,N,MELB_URBAN,ROAD,10,11.0
182351,1,2,121,1,1,40.0,0,I,SMALL_CITIES,STREET,10,13.0
182352,1,2,121,2,1,60.0,0,I,MELB_URBAN,ROAD,10,13.0
182353,1,1,121,1,1,40.0,0,I,MELB_URBAN,STREET,10,17.0
182354,4,7,99,5,1,100.0,0,N,RURAL_VICTORIA,ROAD,10,12.0
182355,4,3,171,5,1,50.0,0,N,TOWNS,ROAD,10,13.0
182356,1,2,130,2,1,60.0,0,N,MELB_URBAN,STREET,10,12.0
182357,2,3,99,1,1,40.0,0,I,MELBOURNE_CBD,STREET,10,8.0
182358,1,3,99,5,1,100.0,0,N,RURAL_VICTORIA,ROAD,10,9.0
182359,1,4,110,4,3,60.0,0,I,MELB_URBAN,RAMP,10,1.0
182360,4,2,171,5,1,60.0,0,N,MELB_URBAN,ROAD,10,13.0
182361,8,7,174,5,1,60.0,0,N,RURAL_VICTORIA,ROAD,10,14.0
182362,1,3,110,1,1,80.0,0,N,SMALL_CITIES,OTHER,10,15.0
182363,1,3,163,5,9,60.0,0,N,MELB_URBAN,STREET,9,18.0
182364,4,2,183,5,5,100.0,0,N,RURAL_VICTORIA,ROAD,10,21.0
182365,5,1,99,5,1,100.0,0,O,RURAL_VICTORIA,DRIVE,10,13.0
182366,1,3,147,5,1,50.0,0,N,MELB_URBAN,DRIVE,8,15.0
182367,1,3,130,5,1,100.0,0,N,MELB_URBAN,FREEWAY,10,17.0
182368,1,3,113,2,1,60.0,0,I,MELB_URBAN,STREET,10,19.0
182369,5,3,99,5,1,60.0,0,N,RURAL_VICTORIA,ROAD,10,17.0
182370,6,3,99,5,9,100.0,0,N,RURAL_VICTORIA,ROAD,10,17.0
182371,1,3,99,2,1,50.0,0,I,MELB_URBAN,ROAD,10,10.0