,accident_type,day_of_week,dca_code,road_geometry,light_condition,speed_zone,severity,node_type,deg_urban_name,road_type,month,hour
182372,1,5,130,5,2,60.0,0,N,MELB_URBAN,ROAD,10,5.0
182373,1,3,99,2,1,50.0,0,I,MELB_URBAN,DRIVE,10,16.0
182374,1,3,121,1,2,50.0,0,I,MELB_URBAN,STREET,10,5.0
182375,4,4,171,2,5,100.0,0,N,SMALL_TOWNS,HIGHWAY,10,0.0
182376,4,4,171,2,3,80.0,0,I,RURAL_VICTORIA,OTHER,10,1.0
182377,3,4,167,5,5,110.0,0,N,RURAL_VICTORIA,FREEWAY,10,4.0
182378,1,3,99,5,3,60.0,0,N,MELB_URBAN,ROAD,10,5.0
182379,1,1,130,5,1,60.0,0,N,MELB_URBAN,ROAD,10,12.0
182380,4,4,171,5,2,100.0,0,N,RURAL_VICTORIA,ROAD,10,6.0
182381,1,3,110,1,2,60.0,0,I,MELB_URBAN,ROAD,10,7.0
182382,1,4,130,5,1,70.0,0,N,MELB_URBAN,ROAD,10,8.0
182383,1,4,116,1,1,80.0,0,I,LARGE_PROVINCIAL_CITIES,HIGHWAY,10,9.0
182384,1,2,160,5,1,50.0,0,N,MELB_URBAN,UNKNOWN,9,14.0
182385,1,2,130,5,1,80.0,0,N,MELB_URBAN,ROAD,10,12.0
182386,1,4,130,5,1,60.0,0,N,MELB_URBAN,ROAD,10,8.0
182387,1,3,111,2,1,60.0,0,I,MELB_URBAN,ROAD,10,10.0
182388,1,6,130,5,1,60.0,0,N,RURAL_VICTORIA,ROAD,9,11.0
182389,1,2,121,5,2,70.0,0,N,MELB_URBAN,ROAD,9,18.0
182390,6,3,99,5,1,100.0,0,N,MELB_URBAN,FREEWAY,10,11.0
182391,1,3,130,2,1,60.0,0,I,RURAL_VICTORIA,ROAD,10,10.0
182392,1,4,110,1,1,50.0,0,I,TOWNS,ROAD,10,12.0
182393,1,3,130,5,1,60.0,0,N,RURAL_VICTORIA,ROAD,10,9.0
182394,1,4,130,5,1,110.0,0,N,RURAL_VICTORIA,FREEWAY,10,11.0
182395,1,3,121,1,1,80.0,0,I,MELB_URBAN,ROAD,10,10.0
182396,5,6,99,5,1,100.0,0,O,RURAL_VICTORIA,OTHER,9,14.0
182397,2,4,102,5,1,70.0,0,N,SMALL_CITIES,STREET,10,14.0
182398,1,7,113,2,1,50.0,0,I,SMALL_TOWNS,AVENUE,9,15.0
182399,1,3,99,1,6,80.0,0,N,MELB_URBAN,HIGHWAY,10,22.0
182400,1,4,132,5,1,100.0,0,N,RURAL_VICTORIA,ROAD,10,16.0
182401,1,5,133,1,1,110.0,0,N,RURAL_VICTORIA,FREEWAY,9,15.0
182402,1,7,160,5,1,60.0,0,N,MELB_URBAN,STREET,8,12.0
182403,1,3,130,2,1,60.0,0,N,MELB_URBAN,ROAD,9,12.0
182404,1,3,140,5,1,40.0,0,N,MELB_URBAN,STREET,10,16.0
182405,1,4,130,5,1,100.0,0,N,SMALL_TOWNS,FREEWAY,10,17.0
182406,1,4,160,5,1,50.0,0,N,MELB_URBAN,STREET,10,18.0
182407,4,4,173,5,1,100.0,1,N,RURAL_VICTORIA,ROAD,10,15.0
182408,1,4,99,5,1,60.0,0,N,LARGE_PROVINCIAL_CITIES,ROAD,10,18.0
182409,2,4,102,2,1,50.0,0,I,MELB_URBAN,PARADE,10,17.0
182410,1,3,121,1,1,80.0,0,I,MELB_URBAN,HIGHWAY,10,14.0
182411,1,4,135,1,1,60.0,0,I,LARGE_PROVINCIAL_CITIES,ROAD,10,18.0
182412,1,4,130,1,1,60.0,0,I,MELB_URBAN,ROAD,10,17.0
182413,1,5,130,5,2,60.0,0,N,MELB_URBAN,STREET,8,17.0
182414,1,4,110,1,2,50.0,0,N,TOWNS,STREET,10,19.0
182415,2,4,100,2,2,50.0,0,I,MELB_URBAN,ROAD,10,19.0
182416,1,3,110,1,3,60.0,0,I,MELB_URBAN,DRIVE,10,20.0
182417,6,6,174,1,1,60.0,0,I,MELB_URBAN,ROAD,10,6.0
182418,4,4,99,5,3,50.0,0,N,MELB_URBAN,AVENUE,10,23.0
182419,1,6,130,5,2,60.0,0,I,MELB_URBAN,ROAD,9,17.0
182420,1,5,160,5,3,60.0,0,N,MELB_URBAN,ROAD,10,3.0
182421,4,5,99,5,5,80.0,0,N,MELB_URBAN,RAMP,10,5.0
182422,1,5,121,1,1,60.0,0,I,MELB_URBAN,ROAD,10,6.0
182423,1,6,113,2,1,70.0,0,I,MELB_URBAN,ROAD,10,19.0
182424,4,5,173,2,3,70.0,0,I,SMALL_TOWNS,ROAD,10,1.0
182425,1,5,130,5,1,80.0,0,N,MELB_URBAN,OTHER,10,6.0
182426,1,4,110,1,1,80.0,0,I,MELB_URBAN,HIGHWAY,10,8.0
182427,2,5,99,5,1,40.0,0,N,MELBOURNE_CBD,STREET,7,15.0
182428,1,1,160,5,1,80.0,0,N,MELB_URBAN,ROAD,10,9.0
182429,1,5,130,5,1,80.0,0,N,SMALL_TOWNS,ROAD,10,8.0
182430,1,2,130,5,1,100.0,0,N,MELB_URBAN,FREEWAY,10,7.0
182431,1,5,130,2,1,60.0,0,I,TOWNS,HIGHWAY,10,7.0
182432,1,3,130,5,3,50.0,0,N,SMALL_CITIES,DRIVE,10,20.0
182433,5,7,99,5,2,50.0,0,N,LARGE_PROVINCIAL_CITIES,ROAD,10,19.0
182434,1,1,113,2,1,60.0,0,I,MELB_URBAN,ROAD,9,16.0
182435,6,5,174,5,3,40.0,0,N,MELB_URBAN,ROAD,10,19.0
182436,1,4,135,5,1,60.0,0,N,MELB_URBAN,STREET,10,6.0
182437,1,5,160,2,1,60.0,0,I,MELB_URBAN,STREET,10,11.0
182438,2,5,100,5,1,80.0,1,N,MELB_URBAN,ROAD,10,8.0
182439,4,5,171,1,1,50.0,0,I,MELB_URBAN,DRIVE,10,6.0
182440,1,2,121,1,9,60.0,0,I,RURAL_VICTORIA,ROAD,10,13.0
182441,1,5,173,5,1,50.0,0,N,SMALL_CITIES,STREET,10,12.0
182442,1,5,99,1,1,50.0,0,I,MELB_URBAN,STREET,10,12.0
182443,4,5,183,5,1,60.0,0,N,RURAL_VICTORIA,UNKNOWN,10,13.0
182444,1,3,130,5,1,60.0,0,N,MELB_URBAN,ROAD,9,16.0
182445,1,4,130,1,1,80.0,0,N,MELB_URBAN,ROAD,10,9.0
182446,1,5,113,2,1,60.0,0,I,RURAL_VICTORIA,ROAD,10,9.0
182447,1,2,130,5,1,100.0,0,N,MELB_URBAN,RAMP,10,14.0
182448,4,5,183,5,1,100.0,0,N,RURAL_VICTORIA,ROAD,10,9.0
182449,9,3,99,5,1,70.0,0,N,SMALL_TOWNS,ROAD,10,17.0
182450,1,4,113,2,1,80.0,0,I,RURAL_VICTORIA,ROAD,10,14.0
182451,8,1,99,5,1,60.0,0,I,RURAL_VICTORIA,ROAD,9,7.0
182452,1,4,130,2,1,60.0,0,N,RURAL_VICTORIA,ROAD,10,16.0
182453,1,5,147,5,1,60.0,0,N,MELB_URBAN,ROAD,10,17.0
182454,1,4,99,5,1,60.0,0,N,MELB_URBAN,STREET,10,16.0
182455,1,6,130,5,1,60.0,0,N,MELB_URBAN,STREET,10,9.0
182456,1,4,120,5,1,60.0,0,N,MELB_URBAN,ROAD,10,17.0
182457,6,3,99,5,1,100.0,0,N,RURAL_VICTORIA,ROAD,10,13.0
182458,1,5,120,5,1,60.0,1,N,MELB_URBAN,ROAD,10,17.0
182459,1,5,111,2,1,80.0,1,I,RURAL_VICTORIA,ROAD,10,18.0
182460,1,5,130,5,1,80.0,0,N,MELB_URBAN,FREEWAY,10,16.0
182461,1,5,147,5,3,60.0,0,N,MELB_URBAN,ROAD,10,20.0
182462,2,5,99,5,5,90.0,0,N,TOWNS,HIGHWAY,10,22.0
182463,4,6,99,2,3,60.0,0,I,LARGE_PROVINCIAL_CITIES,ROAD,10,2.0
182464,1,6,160,5,3,100.0,0,N,MELB_URBAN,ROAD,10,2.0
182465,1,5,130,5,1,60.0,0,N,MELB_URBAN,ROAD,10,12.0
182466,1,6,110,1,1,60.0,0,I,MELB_URBAN,ROAD,9,11.0
182467,1,3,130,5,1,80.0,0,N,MELB_URBAN,ROAD,10,7.0
182468,1,5,120,5,1,60.0,0,N,MELB_URBAN,ROAD,10,7.0
182469,4,5,171,5,5,100.0,0,N,RURAL_VICTORIA,AVENUE,10,22.0
182470,1,6,113,2,1,70.0,0,I,MELB_URBAN,STREET,10,9.0
182471,4,6,171,5,1,100.0,1,N,RURAL_VICTORIA,ROAD,10,7.0
182472,4,6,181,5,1,80.0,0,N,RURAL_VICTORIA,ROAD,10,6.0
182473,2,6,100,5,1,40.0,0,N,MELBOURNE_CBD,STREET,10,16.0
182474,5,1,99,1,9,60.0,0,N,RURAL_VICTORIA,ROAD,7,13.0
182475,1,4,116,2,1,60.0,0,N,MELB_URBAN,STREET,1,13.0
182476,8,7,174,5,1,100.0,0,N,RURAL_VICTORIA,ROAD,10,13.0
182477,6,1,99,5,1,60.0,0,N,RURAL_VICTORIA,ROAD,10,15.0
182478,1,5,121,1,1,60.0,0,I,MELB_URBAN,STREET,10,7.0
182479,1,6,134,5,1,70.0,0,N,MELB_URBAN,ROAD,10,7.0
182480,6,6,184,2,1,60.0,0,I,MELB_URBAN,ROAD,10,11.0
182481,4,6,183,5,1,80.0,0,N,RURAL_VICTORIA,ROAD,10,10.0
182482,1,6,99,5,1,40.0,0,N,TOWNS,ROAD,10,13.0
182483,1,6,173,5,1,50.0,0,N,SMALL_CITIES,STREET,10,13.0
182484,4,6,173,5,1,70.0,0,N,LARGE_PROVINCIAL_CITIES,STREET,10,12.0
182485,1,5,110,1,1,40.0,0,I,RURAL_VICTORIA,ROAD,10,13.0
182486,6,5,184,5,1,100.0,0,N,RURAL_VICTORIA,ROAD,10,9.0
182487,4,6,171,5,1,100.0,0,N,RURAL_VICTORIA,ROAD,10,13.0
182488,1,6,99,2,1,50.0,0,I,MELB_URBAN,ROAD,10,9.0
182489,1,6,113,2,1,60.0,0,I,LARGE_PROVINCIAL_CITIES,ROAD,10,15.0
182490,1,5,147,5,1,60.0,0,N,SMALL_CITIES,ROAD,10,12.0
182491,2,6,99,2,1,60.0,0,I,MELB_URBAN,AVENUE,10,15.0
182492,1,6,99,1,1,60.0,0,I,SMALL_CITIES,ROAD,10,16.0
182493,7,4,99,5,1,60.0,0,N,MELB_URBAN,ROAD,10,8.0
182494,2,6,100,2,1,40.0,0,I,SMALL_CITIES,ROAD,10,15.0
182495,6,6,174,5,2,50.0,0,N,MELB_URBAN,STREET,10,18.0
182496,2,5,99,1,1,60.0,0,N,MELB_URBAN,HIGHWAY,10,16.0
182497,1,4,121,1,1,60.0,0,I,MELB_URBAN,ROAD,10,17.0
182498,1,6,110,1,1,50.0,0,I,SMALL_CITIES,STREET,10,15.0
182499,1,6,121,1,3,60.0,0,I,MELB_URBAN,PARADE,10,20.0
182500,4,6,181,2,3,60.0,0,I,MELB_URBAN,ROAD,10,20.0
182501,1,3,121,1,3,60.0,0,I,MELB_URBAN,ROAD,10,5.0
182502,2,5,100,5,3,60.0,0,N,MELB_URBAN,ROAD,10,22.0
182503,4,6,173,5,3,60.0,0,N,MELB_URBAN,ROAD,10,22.0
182504,1,6,110,1,1,50.0,0,I,MELB_URBAN,ROAD,10,18.0
182505,4,7,173,1,3,80.0,0,I,RURAL_VICTORIA,STREET,10,1.0
182506,1,7,99,5,1,50.0,0,I,MELB_URBAN,STREET,10,6.0
182507,4,7,173,5,5,100.0,0,N,RURAL_VICTORIA,HIGHWAY,10,5.0
182508,1,7,110,1,1,60.0,0,I,LARGE_PROVINCIAL_CITIES,ROAD,10,7.0
182509,1,6,130,5,3,80.0,0,N,MELB_URBAN,ROAD,10,23.0
182510,4,7,171,5,1,80.0,0,N,RURAL_VICTORIA,ROAD,10,10.0
182511,1,0,110,1,3,60.0,0,I,LARGE_PROVINCIAL_CITIES,ROAD,7,18.0
182512,1,7,147,5,9,60.0,0,N,MELB_URBAN,ROAD,5,16.0
182513,4,2,181,5,1,60.0,0,N,MELB_URBAN,HIGHWAY,10,8.0
182514,2,6,100,2,1,60.0,0,I,MELB_URBAN,ROAD,10,7.0
182515,6,7,99,5,1,100.0,0,N,RURAL_VICTORIA,ROAD,10,9.0
182516,2,6,102,5,1,40.0,0,N,MELB_URBAN,DRIVE,10,10.0
182517,8,7,174,5,1,100.0,0,N,RURAL_VICTORIA,HIGHWAY,10,11.0
182518,1,5,130,2,1,60.0,0,N,MELB_URBAN,ROAD,10,13.0
182519,6,7,174,5,1,50.0,0,N,LARGE_PROVINCIAL_CITIES,STREET,10,11.0
182520,1,6,121,1,1,60.0,0,I,LARGE_PROVINCIAL_CITIES,STREET,10,11.0
182521,1,7,99,5,1,50.0,0,N,RURAL_VICTORIA,OTHER,10,10.0
182522,1,7,130,5,1,50.0,0,N,MELB_URBAN,ROAD,3,11.0
182523,2,5,99,5,1,60.0,0,N,MELB_URBAN,PARADE,10,13.0
182524,1,7,113,1,1,100.0,0,I,RURAL_VICTORIA,HIGHWAY,10,11.0
182525,1,7,110,4,1,60.0,0,I,LARGE_PROVINCIAL_CITIES,ROAD,10,13.0
182526,8,7,184,5,1,60.0,0,N,RURAL_VICTORIA,ROAD,9,17.0
182527,4,7,173,5,1,110.0,0,N,RURAL_VICTORIA,FREEWAY,10,14.0
182528,1,7,163,5,1,50.0,0,N,MELB_URBAN,STREET,10,14.0
182529,1,6,130,5,1,60.0,0,N,MELB_URBAN,BOULEVARD,10,14.0
182530,1,7,130,3,1,60.0,0,N,MELB_URBAN,ROAD,10,14.0
182531,1,4,130,5,1,60.0,0,N,MELB_URBAN,ROAD,9,12.0
182532,6,6,174,2,1,100.0,0,N,RURAL_VICTORIA,ROAD,10,16.0
182533,2,7,100,2,5,50.0,0,I,MELB_URBAN,ROAD,10,21.0
182534,1,7,110,1,3,60.0,0,I,MELB_URBAN,STREET,10,20.0
182535,1,3,132,2,1,60.0,0,I,MELB_URBAN,STREET,10,6.0
182536,4,6,181,5,6,100.0,0,N,RURAL_VICTORIA,HIGHWAY,10,5.0
182537,1,3,134,5,1,60.0,0,N,MELB_URBAN,ROAD,3,9.0
182538,1,0,160,5,3,60.0,0,N,MELB_URBAN,ROAD,10,2.0
182539,4,7,173,5,3,50.0,0,N,SMALL_CITIES,STREET,10,22.0
182540,1,4,113,2,9,60.0,0,I,MELB_URBAN,DRIVE,9,7.0
182541,6,1,174,5,1,100.0,0,N,RURAL_VICTORIA,ROAD,10,7.0
182542,8,1,99,5,1,60.0,0,N,MELB_URBAN,BOULEVARD,10,9.0
182543,1,0,130,1,1,50.0,0,I,MELB_URBAN,ROAD,10,8.0
182544,4,7,173,5,6,60.0,0,N,RURAL_VICTORIA,STREET,10,23.0
182545,8,7,99,5,1,50.0,0,N,TOWNS,ROAD,10,12.0
182546,4,1,181,5,1,80.0,1,N,RURAL_VICTORIA,ROAD,10,7.0
182547,4,1,181,5,5,100.0,0,N,RURAL_VICTORIA,ROAD,10,1.0
182548,1,1,99,2,1,60.0,0,I,MELB_URBAN,PARADE,10,10.0
182549,4,1,183,5,1,80.0,0,N,RURAL_VICTORIA,ROAD,10,11.0
182550,4,1,99,5,3,50.0,0,N,MELB_URBAN,STREET,10,0.0
182551,1,1,121,5,1,60.0,0,N,MELB_URBAN,UNKNOWN,10,10.0
182552,4,1,181,5,5,100.0,0,N,RURAL_VICTORIA,HIGHWAY,10,3.0
182553,4,0,171,5,1,60.0,0,N,MELB_URBAN,STREET,10,12.0
182554,6,1,174,2,1,80.0,0,N,MELB_URBAN,ROAD,10,14.0
182555,2,6,102,1,1,60.0,0,I,MELB_URBAN,BOULEVARD,10,13.0
182556,1,0,133,1,1,50.0,0,I,MELB_URBAN,ROAD,10,13.0
182557,1,1,110,1,1,40.0,0,I,MELB_URBAN,ROAD,10,14.0
182558,2,5,99,5,2,40.0,0,N,MELBOURNE_CBD,STREET,9,18.0
182559,1,1,99,5,1,100.0,0,N,MELB_URBAN,ROAD,10,14.0
182560,1,2,130,1,1,80.0,0,N,LARGE_PROVINCIAL_CITIES,HIGHWAY,7,8.0
182561,1,0,99,5,1,50.0,0,N,MELB_URBAN,UNKNOWN,10,16.0
182562,1,3,130,1,9,60.0,0,N,MELB_URBAN,ROAD,10,20.0
182563,1,1,99,1,1,60.0,0,I,MELBOURNE_CBD,STREET,10,17.0
182564,4,1,99,5,1,40.0,0,N,RURAL_VICTORIA,ROAD,10,15.0
182565,1,1,130,2,1,60.0,0,I,RURAL_VICTORIA,ROAD,10,13.0
182566,1,1,99,2,1,60.0,0,N,MELB_URBAN,STREET,10,17.0
182567,1,2,121,1,1,70.0,0,I,MELB_URBAN,HIGHWAY,6,15.0
182568,6,1,174,5,2,100.0,0,N,RURAL_VICTORIA,ROAD,10,19.0
182569,1,7,140,1,3,80.0,0,I,MELB_URBAN,HIGHWAY,10,0.0
182570,1,1,99,2,2,80.0,0,I,RURAL_VICTORIA,ROAD,10,19.0
182571,1,0,110,1,3,50.0,0,I,MELB_URBAN,STREET,10,20.0
182572,2,1,99,5,1,60.0,0,N,MELB_URBAN,ROAD,10,18.0
182573,4,1,181,5,5,80.0,0,N,RURAL_VICTORIA,ROAD,10,0.0
182574,4,2,183,5,5,100.0,0,N,RURAL_VICTORIA,HIGHWAY,10,0.0
182575,1,2,130,5,1,60.0,0,N,MELB_URBAN,AVENUE,10,10.0
182576,1,5,99,1,1,40.0,0,I,MELB_URBAN,STREET,10,5.0
182577,6,1,99,5,1,100.0,0,N,RURAL_VICTORIA,HIGHWAY,10,17.0
182578,1,2,130,5,9,80.0,0,N,RURAL_VICTORIA,ROAD,10,5.0
182579,6,4,174,1,6,50.0,0,I,MELB_URBAN,STREET,10,20.0
182580,1,4,113,2,1,60.0,0,I,MELB_URBAN,HIGHWAY,10,16.0
182581,1,2,110,1,1,40.0,0,I,MELB_URBAN,ROAD,10,8.0
182582,1,3,130,5,1,80.0,0,N,MELB_URBAN,ROAD,10,7.0
182583,1,5,99,2,2,60.0,0,I,MELB_URBAN,ROAD,8,17.0
182584,1,7,116,2,2,50.0,0,I,MELB_URBAN,DRIVE,10,20.0
182585,1,3,130,5,1,60.0,0,N,LARGE_PROVINCIAL_CITIES,STREET,10,12.0
182586,1,1,130,1,3,70.0,0,I,MELB_URBAN,ROAD,10,21.0
182587,1,7,113,2,3,60.0,0,I,RURAL_VICTORIA,ROAD,10,22.0
182588,1,7,160,5,1,60.0,0,N,MELB_URBAN,BOULEVARD,10,14.0
182589,1,6,111,1,1,60.0,0,I,MELB_URBAN,ROAD,10,15.0
182590,2,2,102,1,1,60.0,0,I,MELB_URBAN,HIGHWAY,10,9.0
182591,1,2,113,2,1,60.0,0,I,RURAL_VICTORIA,ROAD,10,9.0
182592,5,5,99,5,1,60.0,0,N,RURAL_VICTORIA,ROAD,10,17.0
182593,1,1,99,5,1,50.0,0,N,SMALL_CITIES,OTHER,10,11.0
182594,1,4,110,1,6,70.0,0,N,MELB_URBAN,ROAD,10,21.0
182595,1,1,99,1,1,70.0,0,I,MELB_URBAN,ROAD,10,14.0
182596,1,6,134,4,1,70.0,0,I,MELB_URBAN,ROAD,10,17.0
182597,1,1,160,5,1,50.0,0,N,MELB_URBAN,STREET,10,8.0
182598,1,6,113,1,1,80.0,0,I,RURAL_VICTORIA,ROAD,10,13.0
182599,1,1,130,5,9,100.0,0,N,MELB_URBAN,FREEWAY,10,7.0
182600,1,1,99,1,1,50.0,0,I,MELB_URBAN,STREET,10,14.0
182601,1,1,130,5,1,60.0,0,N,RURAL_VICTORIA,ROAD,10,15.0
182602,1,4,111,1,1,60.0,0,I,MELB_URBAN,ROAD,10,15.0
182603,1,2,130,5,2,100.0,0,N,RURAL_VICTORIA,ROAD,10,6.0
182604,1,3,110,1,1,60.0,0,I,MELB_URBAN,STREET,10,13.0
182605,1,7,116,2,1,60.0,0,N,MELB_URBAN,ROAD,10,15.0
182606,4,2,181,2,1,50.0,0,I,MELB_URBAN,AVENUE,10,14.0
182607,1,2,130,5,1,40.0,0,N,MELB_URBAN,STREET,10,13.0
182608,1,2,110,1,1,60.0,0,I,TOWNS,ROAD,10,15.0
182609,1,5,116,1,1,100.0,0,I,RURAL_VICTORIA,ROAD,10,7.0
182610,1,7,121,1,3,60.0,0,I,LARGE_PROVINCIAL_CITIES,HIGHWAY,10,21.0
182611,1,1,171,2,1,50.0,0,N,SMALL_TOWNS,ROAD,10,10.0
182612,1,4,130,5,1,80.0,0,N,MELB_URBAN,HIGHWAY,8,18.0
182613,4,2,171,5,1,40.0,0,N,MELB_URBAN,STREET,10,8.0
182614,1,2,99,2,1,60.0,0,I,SMALL_CITIES,ROAD,10,16.0
182615,1,1,130,5,1,70.0,0,N,MELB_URBAN,ROAD,10,19.0
182616,1,1,135,5,1,70.0,0,N,MELB_URBAN,ROAD,10,16.0
182617,1,1,110,1,1,70.0,0,I,MELB_URBAN,ROAD,10,18.0
182618,4,2,181,5,1,100.0,0,N,RURAL_VICTORIA,ROAD,10,16.0
182619,1,1,130,2,1,60.0,0,N,MELB_URBAN,ROAD,10,18.0
182620,1,7,130,2,5,60.0,0,N,RURAL_VICTORIA,OTHER,10,23.0
182621,4,2,173,1,3,60.0,0,N,MELB_URBAN,ROAD,10,20.0
182622,2,1,100,2,6,60.0,0,I,MELB_URBAN,STREET,10,20.0
182623,1,2,130,5,3,40.0,0,N,MELB_URBAN,OTHER,10,22.0
182624,8,6,184,5,9,60.0,0,N,RURAL_VICTORIA,ROAD,8,12.0
182625,6,5,174,2,1,50.0,0,N,MELB_URBAN,OTHER,3,19.0
182626,1,5,130,2,1,60.0,0,I,SMALL_CITIES,STREET,8,16.0
182627,8,1,174,5,1,60.0,0,N,RURAL_VICTORIA,ROAD,10,12.0
182628,2,2,99,5,1,60.0,0,N,MELB_URBAN,ROAD,10,11.0
182629,1,4,110,1,6,60.0,0,I,RURAL_VICTORIA,ROAD,9,22.0
182630,4,1,99,5,1,60.0,0,N,RURAL_VICTORIA,ROAD,10,17.0
182631,1,3,121,2,1,40.0,0,I,MELB_URBAN,ROAD,10,8.0
182632,8,0,174,5,1,60.0,0,N,RURAL_VICTORIA,STREET,10,16.0
182633,1,1,140,1,1,60.0,0,I,LARGE_PROVINCIAL_CITIES,STREET,10,13.0
182634,1,5,99,5,1,60.0,0,N,MELB_URBAN,STREET,10,8.0
182635,7,4,99,5,1,40.0,0,N,MELBOURNE_CBD,STREET,10,12.0
182636,4,6,171,5,9,60.0,0,N,RURAL_VICTORIA,ROAD,9,14.0
182637,1,3,113,2,1,80.0,0,I,MELB_URBAN,ROAD,10,9.0
182638,1,2,130,5,1,40.0,0,N,MELB_URBAN,STREET,10,12.0
182639,1,1,130,5,1,100.0,0,N,MELB_URBAN,FREEWAY,10,16.0
182640,1,4,113,2,2,60.0,0,I,MELB_URBAN,STREET,9,17.0
182641,1,3,134,2,1,50.0,0,I,TOWNS,STREET,10,13.0
182642,1,3,99,5,1,40.0,0,N,MELB_URBAN,ROAD,10,9.0
182643,2,2,99,1,1,60.0,0,I,MELB_URBAN,ROAD,10,12.0
182644,2,3,99,1,1,60.0,0,I,LARGE_PROVINCIAL_CITIES,STREET,10,13.0
182645,2,1,99,5,1,40.0,0,N,MELB_URBAN,STREET,10,13.0
182646,1,5,135,5,1,60.0,0,N,MELB_URBAN,HIGHWAY,10,16.0
182647,1,2,130,5,1,60.0,0,N,RURAL_VICTORIA,ROAD,10,7.0
182648,4,2,181,5,6,100.0,0,N,RURAL_VICTORIA,ROAD,8,21.0
182649,2,2,102,5,1,60.0,0,N,MELB_URBAN,STREET,10,14.0
182650,1,2,130,4,1,60.0,0,I,MELB_URBAN,STREET,10,15.0
182651,2,3,99,5,1,60.0,0,N,MELB_URBAN,STREET,10,14.0
182652,4,3,173,5,1,100.0,0,N,RURAL_VICTORIA,ROAD,10,14.0
182653,1,3,121,2,1,70.0,0,I,LARGE_PROVINCIAL_CITIES,HIGHWAY,10,15.0
182654,1,4,130,1,1,70.0,0,I,MELB_URBAN,OTHER,10,18.0
182655,1,3,130,5,1,60.0,0,N,SMALL_CITIES,ROAD,10,17.0
182656,6,3,184,5,1,60.0,0,N,RURAL_VICTORIA,OTHER,10,12.0
182657,1,3,99,2,1,60.0,0,I,MELB_URBAN,ROAD,10,18.0
182658,4,3,171,5,1,100.0,0,N,RURAL_VICTORIA,ROAD,10,16.0
182659,1,3,99,5,1,50.0,0,N,MELB_URBAN,AVENUE,10,16.0
182660,1,3,121,2,1,50.0,0,I,MELB_URBAN,OTHER,10,17.0
182661,1,2,110,1,1,50.0,0,I,MELB_URBAN,STREET,10,18.0
182662,1,1,99,5,1,60.0,0,N,MELB_URBAN,ROAD,10,18.0
182663,4,3,173,5,2,60.0,0,N,LARGE_PROVINCIAL_CITIES,ROAD,10,19.0
182664,1,3,130,5,1,100.0,0,N,MELB_URBAN,FREEWAY,10,15.0
182665,1,3,99,2,1,60.0,0,I,MELB_URBAN,ROAD,10,16.0
182666,2,3,99,5,1,60.0,0,N,MELB_URBAN,ROAD,10,17.0
182667,4,2,183,5,5,80.0,0,N,RURAL_VICTORIA,ROAD,10,22.0
182668,8,6,184,5,1,60.0,0,N,RURAL_VICTORIA,OTHER,9,17.0
182669,1,4,113,4,2,70.0,0,N,MELB_URBAN,AVENUE,10,6.0
182670,1,4,130,5,2,100.0,0,N,MELB_URBAN,FREEWAY,10,17.0
182671,2,2,100,1,1,60.0,0,I,MELB_URBAN,STREET,10,12.0
182672,1,6,130,5,1,60.0,0,N,MELB_URBAN,ROAD,10,8.0
182673,1,4,120,5,1,40.0,0,N,MELB_URBAN,PARADE,10,12.0
182674,1,3,130,5,1,60.0,0,N,LARGE_PROVINCIAL_CITIES,UNKNOWN,10,16.0
182675,1,5,130,1,1,60.0,0,I,MELB_URBAN,HIGHWAY,8,13.0
182676,6,4,174,5,1,60.0,0,O,MELB_URBAN,OTHER,10,14.0
182677,2,2,100,5,1,60.0,0,N,MELB_URBAN,UNKNOWN,10,15.0
182678,1,1,121,5,1,40.0,0,N,TOWNS,STREET,10,13.0
182679,8,4,99,5,1,50.0,0,N,MELB_URBAN,ROAD,10,16.0
182680,1,4,130,1,1,80.0,0,N,MELB_URBAN,ROAD,8,17.0
182681,1,4,113,2,1,50.0,0,I,MELB_URBAN,BOULEVARD,10,16.0
182682,1,4,99,2,1,80.0,0,I,MELB_URBAN,ROAD,10,16.0
182683,1,6,130,5,1,80.0,0,N,MELB_URBAN,HIGHWAY,9,6.0
182684,1,3,110,1,3,50.0,0,N,MELB_URBAN,STREET,10,20.0
182685,4,4,99,5,1,60.0,0,N,MELB_URBAN,ROAD,10,18.0
182686,1,4,121,2,1,60.0,0,N,MELB_URBAN,ROAD,10,16.0
182687,1,4,111,2,1,60.0,0,I,SMALL_CITIES,AVENUE,10,18.0
182688,1,4,130,2,1,80.0,0,I,MELB_URBAN,HIGHWAY,10,16.0
182689,1,4,130,5,1,100.0,0,N,MELB_URBAN,ROAD,10,18.0
182690,1,4,121,1,1,50.0,0,I,MELB_URBAN,STREET,10,16.0
182691,1,3,130,5,1,60.0,0,N,MELB_URBAN,ROAD,10,18.0