,accident_type,day_of_week,dca_code,road_geometry,light_condition,speed_zone,severity,node_type,deg_urban_name,road_type,month,hour
182692,1,2,130,5,1,80.0,0,N,RURAL_VICTORIA,UNKNOWN,10,15.0
182693,1,2,147,5,1,60.0,0,N,MELB_URBAN,STREET,10,18.0
182694,1,4,130,5,1,80.0,0,N,MELB_URBAN,ROAD,10,17.0
182695,1,4,121,2,1,80.0,0,I,MELB_URBAN,ROAD,10,17.0
182696,1,3,111,1,1,40.0,0,I,MELB_URBAN,STREET,10,19.0
182697,1,4,130,1,3,80.0,0,I,MELB_URBAN,ROAD,10,21.0
182698,1,4,130,5,3,100.0,0,N,MELB_URBAN,ROAD,10,20.0
182699,1,4,110,1,5,80.0,0,I,MELB_URBAN,HIGHWAY,10,21.0
182700,1,4,160,5,6,60.0,0,N,MELB_URBAN,ROAD,10,20.0
182701,2,4,99,5,6,60.0,0,N,MELB_URBAN,DRIVE,10,1.0
182702,4,5,171,5,1,60.0,0,N,RURAL_VICTORIA,ROAD,10,6.0
182703,1,4,135,5,1,80.0,0,N,MELB_URBAN,RAMP,10,9.0
182704,1,5,134,5,1,80.0,0,N,SMALL_CITIES,DRIVE,10,9.0
182705,2,4,99,5,1,60.0,0,N,MELB_URBAN,STREET,10,6.0
182706,3,1,167,5,5,110.0,0,N,RURAL_VICTORIA,HIGHWAY,10,2.0
182707,1,5,113,2,1,50.0,0,I,MELB_URBAN,OTHER,9,14.0
182708,2,5,100,1,1,60.0,0,I,MELB_URBAN,ROAD,8,12.0
182709,1,5,130,5,1,80.0,0,N,MELB_URBAN,ROAD,10,7.0
182710,1,3,99,1,1,40.0,0,I,MELB_URBAN,STREET,10,17.0
182711,8,7,174,5,1,70.0,0,N,LARGE_PROVINCIAL_CITIES,ROAD,10,10.0
182712,1,7,147,5,1,60.0,0,N,SMALL_CITIES,STREET,10,9.0
182713,2,3,99,2,2,50.0,0,I,LARGE_PROVINCIAL_CITIES,DRIVE,8,17.0
182714,1,4,111,2,1,50.0,0,I,MELB_URBAN,STREET,10,8.0
182715,3,4,167,5,5,100.0,0,N,RURAL_VICTORIA,HIGHWAY,10,20.0
182716,1,4,135,2,1,60.0,0,N,MELB_URBAN,STREET,10,14.0
182717,4,5,173,5,1,100.0,0,N,RURAL_VICTORIA,HIGHWAY,10,12.0
182718,1,5,121,1,1,50.0,0,N,LARGE_PROVINCIAL_CITIES,STREET,10,8.0
182719,9,5,99,2,1,50.0,0,I,MELB_URBAN,STREET,10,13.0
182720,1,5,99,1,1,60.0,0,N,MELB_URBAN,STREET,10,13.0
182721,8,7,184,1,1,60.0,0,N,RURAL_VICTORIA,ROAD,8,13.0
182722,1,4,120,1,3,60.0,0,N,MELB_URBAN,STREET,10,20.0
182723,1,2,130,1,1,70.0,0,I,MELB_URBAN,ROAD,8,15.0
182724,1,5,99,5,1,40.0,0,O,MELB_URBAN,ROAD,10,14.0
182725,1,5,99,2,1,50.0,0,I,LARGE_PROVINCIAL_CITIES,STREET,10,18.0
182726,1,5,121,2,1,60.0,0,I,MELB_URBAN,ROAD,10,13.0
182727,2,5,99,2,1,40.0,0,N,MELB_URBAN,AVENUE,10,15.0
182728,1,5,121,5,1,100.0,0,N,RURAL_VICTORIA,ROAD,10,13.0
182729,1,4,99,5,2,60.0,0,N,MELB_URBAN,ROAD,10,20.0
182730,2,4,99,5,1,60.0,0,O,RURAL_VICTORIA,UNKNOWN,10,8.0
182731,1,4,99,2,1,40.0,0,N,MELB_URBAN,BOULEVARD,10,15.0
182732,1,4,130,5,1,100.0,0,N,MELB_URBAN,ROAD,10,16.0
182733,1,2,130,5,1,60.0,0,N,MELB_URBAN,RAMP,10,8.0
182734,2,4,102,5,1,40.0,0,N,MELB_URBAN,ROAD,10,16.0
182735,2,5,99,5,1,60.0,0,O,SMALL_TOWNS,AVENUE,10,13.0
182736,1,4,111,2,1,60.0,0,I,MELB_URBAN,HIGHWAY,10,18.0
182737,4,5,171,2,1,60.0,0,I,MELB_URBAN,ROAD,10,19.0
182738,6,5,170,5,1,100.0,0,N,RURAL_VICTORIA,ROAD,10,13.0
182739,1,5,99,2,1,60.0,0,I,LARGE_PROVINCIAL_CITIES,DRIVE,10,17.0
182740,1,5,113,2,5,50.0,0,I,MELB_URBAN,STREET,10,0.0
182741,4,5,171,2,1,60.0,0,N,SMALL_CITIES,STREET,10,18.0
182742,4,4,171,5,3,60.0,0,N,MELB_URBAN,ROAD,10,21.0
182743,1,5,99,5,1,40.0,0,N,MELB_URBAN,STREET,10,16.0
182744,1,5,99,5,1,60.0,0,N,MELB_URBAN,ROAD,10,17.0
182745,4,4,99,1,3,60.0,0,I,MELB_URBAN,STREET,10,3.0
182746,4,5,99,1,3,80.0,0,N,MELB_URBAN,ROAD,10,22.0
182747,4,5,171,5,5,110.0,1,N,RURAL_VICTORIA,FREEWAY,10,21.0
182748,1,6,147,5,3,40.0,0,N,LARGE_PROVINCIAL_CITIES,STREET,10,2.0
182749,1,6,130,2,1,60.0,0,N,MELB_URBAN,ROAD,10,7.0
182750,8,5,184,2,2,60.0,0,I,LARGE_PROVINCIAL_CITIES,ROAD,10,19.0
182751,1,5,110,1,1,60.0,0,I,MELB_URBAN,STREET,10,8.0
182752,4,3,171,5,1,80.0,0,N,RURAL_VICTORIA,ROAD,10,18.0
182753,1,5,130,5,1,60.0,0,N,MELB_URBAN,ROAD,10,8.0
182754,1,5,130,1,1,100.0,0,N,MELB_URBAN,FREEWAY,10,8.0
182755,1,6,110,1,2,40.0,0,I,MELB_URBAN,STREET,10,6.0
182756,8,3,99,5,1,50.0,0,N,RURAL_VICTORIA,BOULEVARD,9,11.0
182757,1,6,113,1,1,80.0,0,I,MELB_URBAN,HIGHWAY,10,10.0
182758,1,2,121,2,1,70.0,0,I,MELB_URBAN,ROAD,10,7.0
182759,4,6,183,5,1,100.0,0,N,RURAL_VICTORIA,HIGHWAY,10,7.0
182760,1,5,116,4,1,80.0,0,N,MELB_URBAN,ROAD,10,9.0
182761,1,4,121,5,1,60.0,0,N,MELB_URBAN,ROAD,10,16.0
182762,6,6,184,2,1,100.0,0,I,RURAL_VICTORIA,ROAD,10,8.0
182763,8,5,174,5,1,50.0,0,N,MELB_URBAN,ROAD,10,16.0
182764,4,6,173,5,1,100.0,1,N,RURAL_VICTORIA,HIGHWAY,10,6.0
182765,1,4,130,5,1,40.0,0,N,MELB_URBAN,STREET,10,15.0
182766,1,2,130,2,1,60.0,0,N,SMALL_CITIES,OTHER,10,19.0
182767,1,4,113,2,1,60.0,0,I,MELB_URBAN,ROAD,10,8.0
182768,1,5,111,2,1,60.0,0,N,MELB_URBAN,STREET,10,12.0
182769,1,5,132,5,1,80.0,0,N,MELB_URBAN,ROAD,10,8.0
182770,1,6,147,5,1,60.0,0,N,MELB_URBAN,ROAD,10,10.0
182771,1,6,130,2,1,50.0,0,N,MELB_URBAN,OTHER,10,13.0
182772,1,4,110,1,1,80.0,0,I,MELB_URBAN,ROAD,10,10.0
182773,1,5,135,5,1,60.0,0,N,MELB_URBAN,ROAD,10,9.0
182774,1,4,133,2,1,60.0,0,I,MELB_URBAN,STREET,10,8.0
182775,1,6,99,2,1,60.0,0,N,MELB_URBAN,ROAD,10,12.0
182776,1,6,99,5,1,50.0,0,N,SMALL_CITIES,STREET,9,13.0
182777,1,3,130,5,1,100.0,0,N,MELB_URBAN,FREEWAY,10,16.0
182778,8,4,174,5,9,60.0,0,N,RURAL_VICTORIA,ROAD,7,12.0
182779,1,3,99,1,1,60.0,0,I,MELB_URBAN,ROAD,10,6.0
182780,6,6,174,5,1,50.0,0,N,SMALL_CITIES,AVENUE,10,14.0
182781,1,6,99,2,1,60.0,0,I,TOWNS,STREET,10,14.0
182782,1,1,130,2,1,40.0,0,I,MELB_URBAN,ROAD,9,10.0
182783,1,4,113,2,1,60.0,0,I,MELB_URBAN,ROAD,9,17.0
182784,1,5,121,2,1,60.0,0,I,MELB_URBAN,BOULEVARD,10,16.0
182785,1,6,99,2,1,60.0,0,I,MELB_URBAN,STREET,10,17.0
182786,1,6,147,5,1,60.0,0,N,MELB_URBAN,ROAD,10,15.0
182787,1,2,110,1,5,50.0,0,I,TOWNS,STREET,10,22.0
182788,6,6,174,2,1,50.0,0,I,MELB_URBAN,PARADE,10,16.0
182789,1,6,130,2,1,80.0,0,N,MELB_URBAN,ROAD,10,16.0
182790,4,6,173,5,1,110.0,0,N,RURAL_VICTORIA,FREEWAY,10,19.0
182791,1,2,111,2,1,80.0,0,N,SMALL_CITIES,HIGHWAY,10,14.0
182792,1,5,120,5,5,60.0,0,N,MELB_URBAN,ROAD,10,22.0
182793,1,5,130,5,1,50.0,0,N,MELB_URBAN,ROAD,10,16.0
182794,4,6,171,5,5,100.0,0,N,RURAL_VICTORIA,ROAD,10,20.0
182795,4,3,173,5,1,100.0,0,N,RURAL_VICTORIA,OTHER,10,16.0
182796,1,6,110,1,3,40.0,0,I,LARGE_PROVINCIAL_CITIES,STREET,10,21.0
182797,1,6,135,5,3,80.0,0,N,MELB_URBAN,FREEWAY,10,23.0
182798,8,5,174,5,3,60.0,0,N,MELB_URBAN,STREET,10,23.0
182799,4,7,171,2,3,30.0,0,N,MELB_URBAN,STREET,10,1.0
182800,4,6,183,5,3,60.0,0,N,MELB_URBAN,STREET,10,23.0
182801,1,6,130,5,2,100.0,0,N,MELB_URBAN,FREEWAY,10,5.0
182802,2,6,102,5,3,60.0,0,N,MELB_URBAN,ROAD,10,1.0
182803,1,2,160,5,1,50.0,0,N,MELB_URBAN,ROAD,10,11.0
182804,1,7,99,2,3,50.0,0,I,RURAL_VICTORIA,STREET,10,2.0
182805,4,7,171,5,5,100.0,0,N,RURAL_VICTORIA,ROAD,10,3.0
182806,1,6,130,1,3,60.0,0,N,MELB_URBAN,ROAD,10,23.0
182807,4,7,171,2,2,60.0,0,N,MELB_URBAN,STREET,10,6.0
182808,1,6,113,2,1,60.0,0,I,MELB_URBAN,ROAD,10,7.0
182809,1,7,147,5,1,50.0,0,N,MELB_URBAN,STREET,10,9.0
182810,1,7,130,5,1,30.0,0,N,RURAL_VICTORIA,ROAD,10,9.0
182811,1,7,147,5,9,60.0,0,N,MELB_URBAN,DRIVE,10,21.0
182812,1,7,110,1,1,50.0,0,I,MELB_URBAN,STREET,10,12.0
182813,1,4,132,3,1,60.0,0,N,MELB_URBAN,ROAD,10,10.0
182814,4,7,181,5,1,80.0,0,N,RURAL_VICTORIA,ROAD,10,12.0
182815,6,7,99,5,1,70.0,0,N,RURAL_VICTORIA,ROAD,10,14.0
182816,3,1,167,5,2,80.0,0,N,RURAL_VICTORIA,ROAD,10,18.0
182817,1,7,130,5,1,80.0,0,N,MELB_URBAN,FREEWAY,10,13.0
182818,1,6,130,5,1,60.0,0,N,MELB_URBAN,STREET,10,14.0
182819,1,7,121,1,1,60.0,0,I,MELB_URBAN,ROAD,10,7.0
182820,1,6,110,1,1,60.0,0,I,MELB_URBAN,STREET,10,14.0
182821,1,5,99,1,1,40.0,0,I,MELB_URBAN,ROAD,8,9.0
182822,1,7,113,2,1,60.0,0,I,MELB_URBAN,ROAD,10,14.0
182823,1,6,130,5,1,80.0,0,N,MELB_URBAN,HIGHWAY,10,15.0
182824,2,7,100,5,1,50.0,0,N,MELB_URBAN,ROAD,10,14.0
182825,1,7,130,5,6,100.0,0,N,RURAL_VICTORIA,FREEWAY,2,21.0
182826,4,7,173,5,1,100.0,0,N,RURAL_VICTORIA,ROAD,10,14.0
182827,8,2,174,5,1,30.0,0,N,MELB_URBAN,OTHER,9,8.0
182828,8,7,174,1,1,60.0,0,I,MELB_URBAN,STREET,10,15.0
182829,1,7,121,1,1,70.0,0,I,RURAL_VICTORIA,PARADE,10,15.0
182830,1,7,130,2,1,100.0,0,I,RURAL_VICTORIA,ROAD,10,15.0
182831,4,6,183,5,9,80.0,0,N,RURAL_VICTORIA,ROAD,10,13.0
182832,6,7,174,5,1,60.0,0,N,RURAL_VICTORIA,ROAD,10,15.0
182833,1,7,140,5,1,60.0,0,N,MELB_URBAN,ROAD,10,16.0
182834,2,6,100,5,1,50.0,0,N,TOWNS,ROAD,10,17.0
182835,1,7,130,1,1,60.0,0,N,RURAL_VICTORIA,ROAD,10,18.0
182836,8,6,174,4,1,60.0,0,I,MELB_URBAN,STREET,10,10.0
182837,4,7,171,5,1,50.0,0,N,RURAL_VICTORIA,OTHER,10,18.0
182838,2,7,102,5,1,50.0,0,N,MELB_URBAN,ROAD,10,14.0
182839,3,7,167,5,1,60.0,0,N,RURAL_VICTORIA,ROAD,10,15.0
182840,1,7,130,5,2,40.0,0,N,MELB_URBAN,STREET,10,19.0
182841,1,7,160,5,1,50.0,0,N,MELB_URBAN,ROAD,10,18.0
182842,6,7,99,5,1,80.0,0,N,RURAL_VICTORIA,ROAD,10,13.0
182843,4,7,181,5,1,100.0,0,N,LARGE_PROVINCIAL_CITIES,ROAD,10,16.0
182844,8,7,99,5,5,50.0,0,N,MELB_URBAN,BOULEVARD,10,21.0
182845,1,7,110,1,3,60.0,0,I,MELB_URBAN,STREET,10,4.0
182846,8,7,184,5,1,50.0,0,N,MELB_URBAN,DRIVE,10,18.0
182847,1,7,135,5,1,100.0,0,N,MELB_URBAN,FREEWAY,10,15.0
182848,4,5,171,5,5,80.0,0,N,RURAL_VICTORIA,AVENUE,10,5.0
182849,1,6,113,1,3,60.0,0,I,MELB_URBAN,STREET,10,22.0
182850,1,7,130,2,3,80.0,0,N,RURAL_VICTORIA,ROAD,10,20.0
182851,1,1,121,1,1,60.0,0,I,MELB_URBAN,ROAD,10,12.0
182852,1,1,130,5,1,60.0,0,N,MELB_URBAN,ROAD,10,11.0
182853,4,0,173,5,1,80.0,0,N,MELB_URBAN,FREEWAY,10,11.0
182854,1,1,120,2,1,50.0,0,I,MELB_URBAN,DRIVE,10,12.0
182855,1,0,130,2,1,100.0,0,I,RURAL_VICTORIA,ROAD,10,12.0
182856,1,1,110,1,1,100.0,0,I,RURAL_VICTORIA,ROAD,10,15.0
182857,2,1,99,1,1,50.0,0,N,MELB_URBAN,ROAD,10,12.0
182858,1,3,116,1,1,40.0,0,I,MELB_URBAN,ROAD,10,8.0
182859,1,1,110,1,1,80.0,0,N,MELB_URBAN,ROAD,10,15.0
182860,1,1,116,2,1,60.0,0,N,MELB_URBAN,ROAD,10,11.0
182861,8,1,184,5,1,100.0,0,N,RURAL_VICTORIA,ROAD,10,13.0
182862,4,0,173,2,1,70.0,0,I,MELB_URBAN,HIGHWAY,10,14.0
182863,1,1,110,1,1,100.0,0,I,RURAL_VICTORIA,ROAD,10,16.0
182864,1,5,99,1,9,60.0,0,I,MELBOURNE_CBD,STREET,10,8.0
182865,4,0,173,5,1,80.0,0,N,RURAL_VICTORIA,ROAD,10,16.0
182866,2,0,102,2,1,40.0,0,I,MELB_URBAN,STREET,10,16.0
182867,1,6,99,2,1,50.0,0,I,MELB_URBAN,STREET,10,13.0
182868,4,1,171,5,1,100.0,1,N,RURAL_VICTORIA,ROAD,10,16.0
182869,1,1,110,1,1,100.0,1,I,RURAL_VICTORIA,HIGHWAY,10,9.0
182870,1,1,99,2,1,60.0,0,N,MELB_URBAN,ROAD,10,15.0
182871,1,1,121,2,5,80.0,0,I,RURAL_VICTORIA,ROAD,10,23.0
182872,1,1,111,1,3,80.0,0,N,MELB_URBAN,ROAD,10,22.0
182873,1,4,113,2,1,60.0,0,I,SMALL_CITIES,DRIVE,2,8.0
182874,4,1,99,5,1,60.0,0,N,SMALL_CITIES,STREET,10,16.0
182875,8,2,174,2,1,50.0,0,N,MELB_URBAN,ROAD,4,14.0
182876,1,2,140,5,1,70.0,0,N,MELB_URBAN,HIGHWAY,10,8.0
182877,1,7,135,1,1,60.0,0,N,MELB_URBAN,ROAD,10,15.0
182878,2,5,100,2,1,50.0,0,I,MELB_URBAN,ROAD,10,8.0
182879,1,1,130,5,1,100.0,0,N,RURAL_VICTORIA,ROAD,10,8.0
182880,1,2,99,1,1,60.0,0,I,RURAL_VICTORIA,ROAD,10,14.0
182881,1,1,130,1,1,80.0,0,I,MELB_URBAN,OTHER,10,17.0
182882,1,1,132,5,1,60.0,0,N,SMALL_TOWNS,ROAD,10,10.0
182883,1,7,99,2,1,60.0,0,I,MELB_URBAN,ROAD,10,17.0
182884,6,1,99,5,1,50.0,0,N,MELB_URBAN,STREET,10,14.0
182885,1,2,130,1,1,80.0,0,N,MELB_URBAN,HIGHWAY,10,9.0
182886,1,5,121,1,1,60.0,0,I,SMALL_CITIES,PARADE,10,12.0
182887,1,2,120,5,1,60.0,0,N,TOWNS,ROAD,10,11.0
182888,1,1,121,5,1,60.0,0,N,MELB_URBAN,OTHER,10,12.0
182889,1,1,121,1,1,60.0,0,I,RURAL_VICTORIA,ROAD,10,11.0
182890,1,1,130,2,1,40.0,0,I,RURAL_VICTORIA,DRIVE,10,9.0
182891,4,7,173,5,1,60.0,0,N,RURAL_VICTORIA,ROAD,10,12.0
182892,1,3,113,2,1,80.0,0,I,MELB_URBAN,ROAD,10,10.0
182893,1,4,99,5,1,60.0,0,N,MELB_URBAN,STREET,10,17.0
182894,1,2,135,5,1,60.0,0,N,MELB_URBAN,ROAD,10,16.0
182895,1,2,130,5,1,110.0,0,N,RURAL_VICTORIA,FREEWAY,10,16.0
182896,4,7,171,5,1,60.0,0,N,RURAL_VICTORIA,ROAD,10,12.0
182897,1,2,99,2,1,80.0,1,I,MELB_URBAN,ROAD,10,14.0
182898,1,2,147,5,1,60.0,0,I,MELB_URBAN,PARADE,10,15.0
182899,1,1,147,5,1,60.0,0,N,MELB_URBAN,ROAD,10,16.0
182900,1,1,110,1,1,50.0,0,I,LARGE_PROVINCIAL_CITIES,STREET,10,19.0
182901,4,1,171,5,1,80.0,0,N,RURAL_VICTORIA,ROAD,10,16.0
182902,1,5,113,2,2,60.0,0,I,RURAL_VICTORIA,ROAD,11,5.0
182903,1,2,99,1,2,100.0,0,I,RURAL_VICTORIA,ROAD,10,19.0
182904,1,2,130,5,1,80.0,0,N,MELB_URBAN,OTHER,10,17.0
182905,1,2,99,5,1,60.0,0,N,MELB_URBAN,ROAD,10,16.0
182906,6,3,99,5,5,110.0,0,N,RURAL_VICTORIA,HIGHWAY,10,3.0
182907,1,1,121,1,1,50.0,0,I,MELB_URBAN,STREET,10,16.0
182908,4,1,171,5,3,40.0,0,N,MELB_URBAN,STREET,10,19.0
182909,1,3,99,5,5,100.0,1,N,RURAL_VICTORIA,HIGHWAY,10,5.0
182910,4,1,99,5,5,60.0,0,N,RURAL_VICTORIA,ROAD,8,22.0
182911,1,3,110,1,1,60.0,0,I,MELB_URBAN,ROAD,10,12.0
182912,1,6,147,5,2,60.0,0,N,LARGE_PROVINCIAL_CITIES,ROAD,10,19.0
182913,4,2,173,1,1,60.0,0,N,MELB_URBAN,DRIVE,10,8.0
182914,1,3,132,2,1,80.0,0,I,MELB_URBAN,ROAD,10,11.0
182915,1,3,134,5,1,60.0,0,N,MELB_URBAN,ROAD,10,9.0
182916,1,6,99,2,1,50.0,0,I,LARGE_PROVINCIAL_CITIES,STREET,9,17.0
182917,1,3,120,5,5,100.0,0,N,RURAL_VICTORIA,ROAD,10,5.0
182918,1,3,121,5,1,60.0,0,N,MELB_URBAN,BOULEVARD,10,12.0
182919,2,2,99,5,1,60.0,0,N,MELB_URBAN,AVENUE,10,13.0
182920,1,6,121,1,9,80.0,0,I,MELB_URBAN,HIGHWAY,10,2.0
182921,4,3,181,5,1,60.0,0,N,MELB_URBAN,ROAD,10,11.0
182922,1,2,130,5,1,70.0,0,N,RURAL_VICTORIA,HIGHWAY,10,8.0
182923,1,3,110,1,1,100.0,0,I,RURAL_VICTORIA,ROAD,10,8.0
182924,1,2,130,5,3,100.0,0,N,RURAL_VICTORIA,FREEWAY,10,23.0
182925,1,6,130,2,2,80.0,0,I,MELB_URBAN,FREEWAY,10,6.0
182926,1,3,132,2,1,60.0,0,I,RURAL_VICTORIA,DRIVE,10,13.0
182927,1,2,113,2,1,80.0,0,I,RURAL_VICTORIA,ROAD,10,13.0
182928,1,4,121,1,1,60.0,0,I,MELB_URBAN,STREET,3,16.0
182929,1,6,130,5,1,60.0,0,N,MELB_URBAN,ROAD,10,15.0
182930,1,3,132,1,1,60.0,0,I,RURAL_VICTORIA,ROAD,10,6.0
182931,1,2,147,5,1,60.0,0,N,MELB_URBAN,STREET,10,12.0
182932,2,3,99,5,1,60.0,0,N,MELB_URBAN,ROAD,9,15.0
182933,1,3,147,5,1,50.0,0,N,RURAL_VICTORIA,DRIVE,10,17.0
182934,1,5,130,5,1,60.0,0,N,MELB_URBAN,STREET,10,14.0
182935,4,2,171,5,1,100.0,0,N,RURAL_VICTORIA,ROAD,8,13.0
182936,1,3,113,2,1,60.0,0,I,MELB_URBAN,ROAD,10,17.0
182937,1,3,99,2,1,60.0,0,N,SMALL_CITIES,DRIVE,10,17.0
182938,1,3,99,5,1,50.0,0,N,MELB_URBAN,STREET,10,15.0
182939,6,1,99,2,1,80.0,0,I,MELB_URBAN,ROAD,10,14.0
182940,1,2,110,1,1,50.0,0,I,RURAL_VICTORIA,OTHER,10,17.0
182941,1,3,99,1,1,60.0,0,I,SMALL_CITIES,ROAD,10,15.0
182942,1,2,130,5,1,70.0,0,N,MELB_URBAN,ROAD,10,16.0
182943,4,3,99,5,1,40.0,1,N,MELB_URBAN,STREET,10,14.0
182944,1,3,113,1,1,60.0,0,N,MELB_URBAN,ROAD,10,17.0
182945,1,3,113,1,1,80.0,0,I,SMALL_CITIES,HIGHWAY,10,18.0
182946,4,2,171,5,1,60.0,0,N,SMALL_CITIES,OTHER,10,18.0
182947,8,3,174,5,1,80.0,0,N,RURAL_VICTORIA,ROAD,10,16.0
182948,4,2,171,5,1,100.0,0,N,RURAL_VICTORIA,HIGHWAY,10,14.0
182949,1,3,120,5,1,80.0,1,N,RURAL_VICTORIA,ROAD,10,18.0
182950,1,3,121,1,3,80.0,0,I,MELB_URBAN,ROAD,10,22.0
182951,3,4,167,5,5,80.0,0,N,TOWNS,HIGHWAY,10,0.0
182952,4,4,171,5,3,80.0,0,N,MELB_URBAN,ROAD,10,5.0
182953,1,3,121,2,1,50.0,0,I,MELB_URBAN,ROAD,10,8.0
182954,1,6,160,5,1,60.0,0,N,MELB_URBAN,ROAD,10,12.0
182955,1,3,110,1,1,60.0,0,I,MELB_URBAN,STREET,10,15.0
182956,1,1,135,5,6,60.0,0,N,MELB_URBAN,ROAD,10,18.0
182957,1,3,99,1,1,60.0,0,I,MELB_URBAN,STREET,10,8.0
182958,7,5,99,2,1,60.0,0,N,SMALL_CITIES,ROAD,8,16.0
182959,8,5,99,1,1,80.0,0,I,MELB_URBAN,HIGHWAY,6,16.0
182960,4,4,171,5,1,100.0,0,N,RURAL_VICTORIA,ROAD,10,8.0
182961,1,4,130,5,1,100.0,0,N,MELB_URBAN,FREEWAY,10,7.0
182962,1,4,130,5,1,40.0,0,N,RURAL_VICTORIA,ROAD,10,10.0
182963,1,3,110,1,1,50.0,0,I,MELB_URBAN,STREET,10,9.0
182964,1,4,113,2,1,60.0,0,I,MELB_URBAN,STREET,10,9.0
182965,1,4,120,5,1,80.0,0,N,RURAL_VICTORIA,HIGHWAY,10,6.0
182966,3,4,167,5,5,80.0,0,N,RURAL_VICTORIA,ROAD,10,3.0
182967,1,4,130,1,1,70.0,0,I,SMALL_CITIES,AVENUE,10,12.0
182968,2,3,102,1,1,60.0,0,I,MELB_URBAN,ROAD,10,11.0
182969,6,6,184,5,1,100.0,0,N,RURAL_VICTORIA,ROAD,10,11.0
182970,1,4,116,2,1,80.0,0,I,MELB_URBAN,STREET,10,12.0
182971,6,4,174,5,1,100.0,0,N,RURAL_VICTORIA,ROAD,10,12.0
182972,1,4,99,1,1,40.0,0,I,MELB_URBAN,ROAD,10,13.0
182973,1,4,99,5,1,50.0,0,N,MELB_URBAN,STREET,10,11.0
182974,1,5,110,4,1,60.0,0,I,MELB_URBAN,STREET,10,6.0
182975,1,4,121,2,1,80.0,0,N,RURAL_VICTORIA,HIGHWAY,10,8.0
182976,1,4,110,1,1,50.0,0,I,RURAL_VICTORIA,DRIVE,10,13.0
182977,1,5,135,5,1,60.0,0,N,MELB_URBAN,PARADE,10,16.0
182978,1,0,130,4,1,60.0,0,I,MELB_URBAN,ROAD,10,17.0
182979,4,4,181,5,1,60.0,0,N,SMALL_TOWNS,HIGHWAY,10,13.0
182980,1,4,147,5,1,40.0,0,N,MELB_URBAN,ROAD,10,10.0
182981,4,1,171,5,1,100.0,0,N,RURAL_VICTORIA,ROAD,9,14.0
182982,1,5,121,1,1,60.0,0,N,MELB_URBAN,ROAD,10,15.0
182983,1,5,99,5,9,60.0,0,O,RURAL_VICTORIA,UNKNOWN,10,19.0
182984,1,4,99,2,1,100.0,0,I,MELB_URBAN,FREEWAY,10,16.0
182985,1,3,140,5,1,40.0,0,N,MELB_URBAN,STREET,10,14.0
182986,1,3,130,5,1,70.0,0,N,MELB_URBAN,STREET,10,18.0
182987,1,4,116,1,1,60.0,0,I,TOWNS,HIGHWAY,10,17.0
182988,1,4,130,5,1,60.0,0,N,MELB_URBAN,ROAD,10,15.0
182989,2,3,100,2,1,50.0,0,I,MELB_URBAN,STREET,10,14.0
182990,1,4,99,5,1,60.0,0,N,MELB_URBAN,ROAD,10,17.0
182991,1,4,130,5,1,60.0,0,O,MELB_URBAN,ROAD,10,17.0
182992,2,4,100,1,3,60.0,0,I,MELB_URBAN,ROAD,10,20.0
182993,1,4,130,5,2,110.0,0,N,RURAL_VICTORIA,FREEWAY,10,18.0
182994,1,4,99,2,3,50.0,0,I,RURAL_VICTORIA,AVENUE,10,21.0
182995,1,3,130,2,4,60.0,0,N,MELB_URBAN,PARADE,10,21.0
182996,5,4,99,2,5,100.0,0,I,RURAL_VICTORIA,ROAD,10,21.0
182997,1,2,116,1,1,60.0,0,N,MELB_URBAN,ROAD,10,17.0
182998,1,4,99,1,1,60.0,0,I,MELB_URBAN,ROAD,10,15.0
182999,1,4,99,1,3,50.0,0,I,TOWNS,STREET,10,22.0
183000,5,7,99,5,1,80.0,0,N,RURAL_VICTORIA,OTHER,10,9.0
183001,3,4,167,5,5,100.0,0,N,RURAL_VICTORIA,HIGHWAY,10,0.0
183002,4,4,183,5,3,100.0,0,N,MELB_URBAN,FREEWAY,10,1.0
183003,6,4,99,5,5,100.0,0,N,RURAL_VICTORIA,ROAD,10,22.0
183004,3,5,167,5,3,100.0,0,N,RURAL_VICTORIA,HIGHWAY,10,4.0
183005,2,5,100,2,3,60.0,0,I,MELB_URBAN,ROAD,10,20.0
183006,1,4,132,5,1,80.0,0,N,RURAL_VICTORIA,ROAD,10,14.0
183007,2,5,99,5,1,50.0,0,N,MELB_URBAN,STREET,10,6.0
183008,2,2,100,5,1,50.0,0,N,MELB_URBAN,STREET,10,7.0
183009,1,5,130,2,1,50.0,0,I,MELB_URBAN,STREET,10,7.0
183010,1,4,130,5,1,80.0,0,N,MELB_URBAN,FREEWAY,10,8.0
183011,1,2,130,5,9,80.0,0,N,SMALL_CITIES,ROAD,10,16.0