,accident_type,day_of_week,dca_code,road_geometry,light_condition,speed_zone,severity,node_type,deg_urban_name,road_type,month,hour
183012,4,4,181,5,1,100.0,0,N,RURAL_VICTORIA,ROAD,10,18.0
183013,1,5,120,5,1,50.0,0,N,LARGE_PROVINCIAL_CITIES,DRIVE,10,10.0
183014,1,1,130,5,2,60.0,0,N,MELB_URBAN,ROAD,9,17.0
183015,1,4,130,5,1,50.0,0,N,MELB_URBAN,RAMP,10,17.0
183016,1,5,110,1,1,60.0,0,I,LARGE_PROVINCIAL_CITIES,STREET,10,10.0
183017,6,6,174,2,1,70.0,0,I,MELB_URBAN,ROAD,10,16.0
183018,4,5,181,5,1,80.0,0,N,RURAL_VICTORIA,ROAD,10,11.0
183019,1,3,121,1,9,60.0,0,I,MELB_URBAN,STREET,9,16.0
183020,1,5,110,4,2,60.0,0,I,RURAL_VICTORIA,ROAD,10,6.0
183021,1,3,99,5,6,60.0,0,N,MELB_URBAN,ROAD,10,20.0
183022,1,5,111,2,1,80.0,0,I,SMALL_CITIES,HIGHWAY,10,9.0
183023,1,5,130,5,1,60.0,0,N,MELB_URBAN,ROAD,10,11.0
183024,1,5,130,5,1,80.0,0,N,MELB_URBAN,FREEWAY,10,13.0
183025,2,2,99,5,1,60.0,0,N,MELB_URBAN,STREET,10,18.0
183026,4,5,173,5,1,80.0,0,N,RURAL_VICTORIA,ROAD,10,14.0
183027,1,5,130,5,1,80.0,0,N,RURAL_VICTORIA,ROAD,10,10.0
183028,1,4,110,1,2,60.0,0,I,SMALL_CITIES,ROAD,10,20.0
183029,1,4,130,5,1,100.0,0,N,MELB_URBAN,FREEWAY,10,17.0
183030,2,4,99,5,1,60.0,0,N,MELB_URBAN,ROAD,10,8.0
183031,1,5,110,1,1,80.0,0,I,RURAL_VICTORIA,ROAD,10,13.0
183032,6,3,174,2,1,50.0,0,I,MELB_URBAN,DRIVE,9,15.0
183033,1,6,121,1,3,80.0,0,N,MELB_URBAN,ROAD,10,22.0
183034,1,5,130,5,1,60.0,0,N,SMALL_CITIES,ROAD,10,15.0
183035,6,4,174,5,1,40.0,0,N,MELB_URBAN,STREET,10,18.0
183036,1,5,130,2,1,60.0,0,N,MELB_URBAN,ROAD,10,18.0
183037,1,5,120,5,1,100.0,0,N,RURAL_VICTORIA,ROAD,10,16.0
183038,1,3,110,1,1,60.0,0,I,MELB_URBAN,STREET,2,17.0
183039,1,5,99,5,1,100.0,1,N,RURAL_VICTORIA,HIGHWAY,10,13.0
183040,1,5,121,1,1,40.0,0,I,MELB_URBAN,STREET,10,18.0
183041,1,4,99,5,3,70.0,0,N,MELB_URBAN,ROAD,10,20.0
183042,1,6,160,2,1,60.0,0,I,MELB_URBAN,ROAD,10,15.0
183043,1,5,135,5,3,100.0,0,N,MELB_URBAN,ROAD,10,19.0
183044,2,5,100,5,5,60.0,0,N,MELB_URBAN,STREET,10,22.0
183045,1,6,110,1,3,60.0,0,I,MELB_URBAN,ROAD,11,1.0
183046,4,6,171,2,3,80.0,0,N,MELB_URBAN,ROAD,11,3.0
183047,1,5,120,5,3,60.0,0,N,MELB_URBAN,ROAD,10,23.0
183048,1,3,130,5,1,40.0,0,N,RURAL_VICTORIA,HIGHWAY,10,14.0
183049,1,5,130,2,1,70.0,0,N,MELB_URBAN,ROAD,11,8.0
183050,1,6,99,1,1,40.0,0,I,MELB_URBAN,BOULEVARD,11,8.0
183051,4,5,173,5,1,100.0,0,N,RURAL_VICTORIA,ROAD,10,15.0
183052,1,4,130,5,1,100.0,0,N,MELB_URBAN,FREEWAY,9,16.0
183053,1,4,130,5,1,80.0,0,N,RURAL_VICTORIA,ROAD,10,8.0
183054,1,5,121,1,9,60.0,0,I,MELB_URBAN,ROAD,5,21.0
183055,6,5,174,5,1,60.0,0,O,MELB_URBAN,UNKNOWN,10,16.0
183056,1,5,130,5,1,50.0,0,N,LARGE_PROVINCIAL_CITIES,STREET,10,17.0
183057,1,6,116,1,1,80.0,0,I,RURAL_VICTORIA,HIGHWAY,11,10.0
183058,6,4,170,1,1,50.0,0,N,MELB_URBAN,HIGHWAY,10,17.0
183059,1,5,130,5,1,60.0,0,N,RURAL_VICTORIA,ROAD,10,7.0
183060,1,3,130,1,9,70.0,0,I,MELB_URBAN,ROAD,10,8.0
183061,1,6,113,2,1,60.0,0,I,TOWNS,OTHER,11,11.0
183062,1,4,130,1,9,50.0,0,I,MELB_URBAN,STREET,10,16.0
183063,5,6,99,5,1,100.0,0,N,MELB_URBAN,ROAD,11,11.0
183064,4,6,99,5,1,50.0,0,N,LARGE_PROVINCIAL_CITIES,ROAD,11,10.0
183065,7,6,99,5,3,40.0,0,N,MELBOURNE_CBD,STREET,10,5.0
183066,4,5,171,5,1,60.0,0,N,MELB_URBAN,AVENUE,11,14.0
183067,1,1,99,2,2,60.0,0,I,MELB_URBAN,ROAD,10,7.0
183068,1,4,110,1,1,60.0,0,I,MELB_URBAN,STREET,10,17.0
183069,8,6,99,5,3,60.0,0,N,MELB_URBAN,OTHER,9,20.0
183070,1,6,110,1,1,50.0,0,I,MELB_URBAN,STREET,11,15.0
183071,1,5,130,5,1,80.0,0,N,MELB_URBAN,HIGHWAY,11,14.0
183072,1,5,113,2,1,60.0,0,I,MELB_URBAN,STREET,11,15.0
183073,1,2,130,5,1,80.0,0,N,RURAL_VICTORIA,ROAD,10,10.0
183074,1,6,121,1,1,60.0,0,I,MELB_URBAN,ROAD,11,17.0
183075,1,5,110,1,1,50.0,0,I,LARGE_PROVINCIAL_CITIES,ROAD,11,16.0
183076,1,1,99,5,6,60.0,0,N,MELB_URBAN,ROAD,10,22.0
183077,1,6,99,5,1,60.0,0,N,MELB_URBAN,ROAD,11,16.0
183078,1,6,134,5,1,100.0,0,N,MELB_URBAN,UNKNOWN,11,17.0
183079,4,6,173,2,1,50.0,0,I,MELB_URBAN,OTHER,11,15.0
183080,4,5,183,5,1,100.0,0,N,RURAL_VICTORIA,ROAD,10,16.0
183081,1,6,160,5,2,50.0,0,N,SMALL_CITIES,ROAD,11,19.0
183082,1,6,111,2,1,60.0,0,I,MELB_URBAN,ROAD,11,15.0
183083,1,4,99,5,2,50.0,0,N,MELB_URBAN,STREET,8,6.0
183084,1,6,121,1,3,60.0,0,I,LARGE_PROVINCIAL_CITIES,STREET,11,21.0
183085,1,6,130,5,1,40.0,0,N,MELB_URBAN,ROAD,11,14.0
183086,4,6,99,5,3,50.0,0,N,MELB_URBAN,BOULEVARD,11,22.0
183087,1,6,121,1,5,80.0,0,I,RURAL_VICTORIA,HIGHWAY,11,21.0
183088,4,5,173,5,5,80.0,0,N,RURAL_VICTORIA,OTHER,11,23.0
183089,1,1,99,5,1,80.0,0,N,MELB_URBAN,RAMP,8,16.0
183090,5,6,171,5,6,60.0,0,N,SMALL_CITIES,ROAD,11,0.0
183091,1,6,121,1,1,80.0,0,I,MELB_URBAN,STREET,11,14.0
183092,4,7,181,5,3,70.0,0,N,MELB_URBAN,ROAD,11,2.0
183093,1,5,135,2,1,60.0,0,I,MELB_URBAN,ROAD,11,13.0
183094,1,5,99,2,1,40.0,0,I,MELB_URBAN,STREET,10,8.0
183095,6,5,174,2,1,50.0,0,I,RURAL_VICTORIA,ROAD,10,11.0
183096,8,7,99,5,1,60.0,0,N,RURAL_VICTORIA,ROAD,11,11.0
183097,1,7,130,5,1,60.0,0,N,MELB_URBAN,ROAD,11,10.0
183098,3,6,167,5,2,70.0,0,N,RURAL_VICTORIA,ROAD,10,20.0
183099,1,3,110,1,1,80.0,0,N,RURAL_VICTORIA,ROAD,9,8.0
183100,4,7,171,5,3,100.0,0,N,RURAL_VICTORIA,FREEWAY,11,5.0
183101,1,7,120,5,1,80.0,0,N,RURAL_VICTORIA,ROAD,11,11.0
183102,4,7,181,5,1,60.0,0,N,MELB_URBAN,UNKNOWN,11,12.0
183103,1,6,160,5,1,50.0,0,N,LARGE_PROVINCIAL_CITIES,STREET,11,13.0
183104,1,3,135,5,1,100.0,0,N,MELB_URBAN,FREEWAY,10,12.0
183105,1,5,130,5,1,100.0,0,N,MELB_URBAN,ROAD,10,15.0
183106,1,7,134,5,1,60.0,0,N,SMALL_CITIES,STREET,11,14.0
183107,6,4,99,1,1,60.0,0,I,TOWNS,ROAD,10,17.0
183108,1,7,116,2,1,80.0,0,I,MELB_URBAN,ROAD,11,10.0
183109,4,7,173,2,1,80.0,0,N,MELB_URBAN,ROAD,11,15.0
183110,1,7,121,1,1,100.0,0,I,RURAL_VICTORIA,ROAD,11,13.0
183111,1,7,120,1,1,60.0,0,N,MELB_URBAN,ROAD,11,15.0
183112,2,7,99,5,1,50.0,0,N,MELB_URBAN,STREET,11,15.0
183113,2,7,100,1,1,50.0,1,N,TOWNS,STREET,11,11.0
183114,4,7,181,5,1,100.0,1,N,RURAL_VICTORIA,ROAD,11,11.0
183115,1,7,121,1,3,60.0,0,I,MELB_URBAN,ROAD,11,20.0
183116,4,6,173,5,2,100.0,0,N,RURAL_VICTORIA,ROAD,11,20.0
183117,1,7,120,5,1,60.0,0,N,RURAL_VICTORIA,OTHER,11,14.0
183118,4,6,171,5,5,100.0,0,N,RURAL_VICTORIA,ROAD,11,22.0
183119,1,7,120,5,1,100.0,1,N,RURAL_VICTORIA,HIGHWAY,11,18.0
183120,1,7,130,1,3,80.0,0,N,MELB_URBAN,ROAD,11,22.0
183121,1,7,111,2,3,50.0,0,I,MELB_URBAN,ROAD,11,22.0
183122,4,1,173,5,3,60.0,0,N,MELB_URBAN,ROAD,11,1.0
183123,4,1,173,5,5,80.0,1,N,MELB_URBAN,DRIVE,11,2.0
183124,1,1,111,2,1,80.0,0,I,MELB_URBAN,ROAD,11,8.0
183125,1,6,99,5,1,40.0,0,N,MELB_URBAN,BOULEVARD,11,12.0
183126,6,7,99,5,1,80.0,0,N,RURAL_VICTORIA,HIGHWAY,11,12.0
183127,1,5,130,5,3,80.0,0,N,MELB_URBAN,OTHER,10,6.0
183128,1,3,99,5,1,60.0,0,N,MELB_URBAN,ROAD,10,7.0
183129,4,1,171,2,1,50.0,0,I,MELB_URBAN,STREET,11,12.0
183130,1,1,99,2,1,60.0,0,I,MELB_URBAN,ROAD,11,13.0
183131,1,0,130,5,1,40.0,0,N,MELB_URBAN,ROAD,11,13.0
183132,2,1,102,5,1,40.0,0,N,MELBOURNE_CBD,STREET,11,16.0
183133,1,2,121,1,1,40.0,0,I,MELB_URBAN,STREET,10,16.0
183134,1,7,116,1,3,60.0,0,I,MELB_URBAN,HIGHWAY,11,23.0
183135,1,0,130,3,1,60.0,0,N,MELB_URBAN,PARADE,11,17.0
183136,1,0,99,1,1,40.0,0,N,MELB_URBAN,ROAD,11,15.0
183137,4,1,183,5,1,100.0,0,N,RURAL_VICTORIA,OTHER,11,16.0
183138,4,1,181,2,1,50.0,0,I,LARGE_PROVINCIAL_CITIES,ROAD,11,19.0
183139,1,1,121,2,1,70.0,0,I,MELB_URBAN,ROAD,11,18.0
183140,1,1,160,5,2,70.0,0,N,MELB_URBAN,ROAD,11,19.0
183141,1,1,120,5,1,80.0,0,N,RURAL_VICTORIA,ROAD,11,18.0
183142,1,1,110,1,1,60.0,0,I,MELB_URBAN,STREET,11,16.0
183143,1,1,120,5,1,60.0,0,N,LARGE_PROVINCIAL_CITIES,ROAD,11,18.0
183144,1,0,173,5,1,60.0,0,N,MELB_URBAN,ROAD,11,19.0
183145,2,6,99,5,1,60.0,0,N,MELB_URBAN,ROAD,10,14.0
183146,1,0,160,5,2,60.0,0,N,MELB_URBAN,ROAD,11,20.0
183147,4,0,171,5,3,50.0,0,N,MELB_URBAN,STREET,11,20.0
183148,1,1,99,5,3,100.0,0,N,MELB_URBAN,ROAD,11,23.0
183149,4,2,171,1,3,70.0,0,I,SMALL_CITIES,ROAD,11,0.0
183150,4,1,173,5,5,60.0,0,N,RURAL_VICTORIA,ROAD,11,23.0
183151,1,1,99,2,1,50.0,0,N,SMALL_CITIES,ROAD,11,19.0
183152,1,5,99,2,1,40.0,0,I,MELB_URBAN,STREET,10,18.0
183153,4,1,99,2,6,50.0,0,N,LARGE_PROVINCIAL_CITIES,ROAD,9,1.0
183154,8,2,174,2,3,60.0,0,I,LARGE_PROVINCIAL_CITIES,ROAD,11,3.0
183155,8,1,174,5,1,50.0,0,N,RURAL_VICTORIA,ROAD,10,11.0
183156,4,2,181,5,1,70.0,0,N,MELB_URBAN,ROAD,11,7.0
183157,1,1,110,1,1,60.0,0,I,MELB_URBAN,ROAD,11,6.0
183158,2,4,100,5,1,60.0,0,N,MELB_URBAN,ROAD,10,9.0
183159,8,0,99,5,1,80.0,0,N,RURAL_VICTORIA,ROAD,10,14.0
183160,4,1,173,5,1,100.0,0,N,RURAL_VICTORIA,HIGHWAY,11,11.0
183161,7,4,99,2,1,50.0,0,N,MELB_URBAN,STREET,10,8.0
183162,1,4,99,5,1,60.0,0,N,LARGE_PROVINCIAL_CITIES,STREET,10,13.0
183163,1,7,116,4,3,80.0,0,I,RURAL_VICTORIA,RAMP,11,22.0
183164,1,1,130,1,1,60.0,0,I,MELB_URBAN,ROAD,11,12.0
183165,1,7,121,5,1,60.0,0,N,MELB_URBAN,ROAD,11,15.0
183166,3,5,167,5,1,100.0,0,N,RURAL_VICTORIA,HIGHWAY,10,6.0
183167,1,2,113,1,1,60.0,0,I,MELB_URBAN,DRIVE,11,13.0
183168,1,4,135,1,3,60.0,0,I,RURAL_VICTORIA,ROAD,10,23.0
183169,1,6,130,5,1,100.0,0,N,SMALL_TOWNS,FREEWAY,10,10.0
183170,2,2,99,5,1,60.0,0,N,MELB_URBAN,ROAD,11,13.0
183171,1,1,130,5,6,60.0,0,N,RURAL_VICTORIA,FREEWAY,11,1.0
183172,4,1,181,5,1,80.0,0,N,RURAL_VICTORIA,ROAD,11,15.0
183173,1,3,130,1,1,60.0,0,I,MELB_URBAN,STREET,10,8.0
183174,1,5,132,5,1,60.0,0,I,MELB_URBAN,ROAD,10,11.0
183175,4,1,181,5,5,100.0,0,N,RURAL_VICTORIA,ROAD,11,20.0
183176,1,1,130,4,1,80.0,0,I,RURAL_VICTORIA,HIGHWAY,11,16.0
183177,1,4,121,2,9,60.0,0,N,MELB_URBAN,STREET,10,15.0
183178,1,2,160,5,1,50.0,0,N,MELB_URBAN,OTHER,11,17.0
183179,1,2,147,5,1,50.0,0,N,MELB_URBAN,PARADE,11,17.0
183180,2,2,100,2,1,50.0,0,I,MELB_URBAN,ROAD,11,14.0
183181,1,0,130,5,1,60.0,0,N,MELB_URBAN,STREET,11,16.0
183182,5,2,171,5,1,100.0,0,N,RURAL_VICTORIA,HIGHWAY,11,16.0
183183,1,2,121,2,1,70.0,0,I,MELB_URBAN,OTHER,11,19.0
183184,2,2,102,5,1,60.0,0,N,MELB_URBAN,ROAD,11,18.0
183185,1,5,132,1,1,60.0,0,I,MELB_URBAN,DRIVE,10,13.0
183186,1,2,99,5,1,60.0,0,O,SMALL_CITIES,UNKNOWN,11,13.0
183187,1,2,99,1,3,60.0,0,I,MELB_URBAN,STREET,11,21.0
183188,1,2,181,5,3,70.0,0,N,MELB_URBAN,ROAD,11,21.0
183189,4,2,181,5,2,100.0,0,N,RURAL_VICTORIA,ROAD,11,19.0
183190,1,2,171,5,1,60.0,0,N,MELB_URBAN,PARADE,11,16.0
183191,4,1,99,2,3,70.0,0,I,RURAL_VICTORIA,HIGHWAY,11,20.0
183192,1,2,99,5,6,50.0,0,N,MELB_URBAN,BOULEVARD,11,20.0
183193,1,1,111,2,1,50.0,0,N,SMALL_CITIES,STREET,10,8.0
183194,1,2,121,5,3,60.0,0,N,MELB_URBAN,ROAD,11,22.0
183195,1,4,130,2,9,70.0,0,I,MELB_URBAN,ROAD,10,16.0
183196,1,2,121,1,1,80.0,0,I,MELB_URBAN,HIGHWAY,11,13.0
183197,1,3,120,5,3,40.0,0,N,RURAL_VICTORIA,HIGHWAY,11,4.0
183198,4,3,173,5,5,80.0,0,N,RURAL_VICTORIA,ROAD,11,4.0
183199,1,3,173,5,1,60.0,0,N,RURAL_VICTORIA,ROAD,11,6.0
183200,2,3,100,1,1,50.0,0,I,MELB_URBAN,STREET,11,8.0
183201,1,2,130,5,1,80.0,0,N,MELB_URBAN,FREEWAY,11,6.0
183202,1,2,99,2,1,50.0,0,I,MELB_URBAN,ROAD,11,11.0
183203,4,2,173,5,1,60.0,0,N,LARGE_PROVINCIAL_CITIES,STREET,11,16.0
183204,1,5,110,1,1,60.0,0,I,MELB_URBAN,ROAD,10,17.0
183205,1,2,133,5,1,60.0,0,N,MELB_URBAN,ROAD,11,7.0
183206,1,2,99,1,1,60.0,0,I,RURAL_VICTORIA,DRIVE,10,9.0
183207,1,3,110,1,1,60.0,0,I,SMALL_CITIES,AVENUE,11,11.0
183208,1,7,134,3,1,100.0,0,N,MELB_URBAN,FREEWAY,10,11.0
183209,5,1,99,5,1,50.0,0,N,RURAL_VICTORIA,ROAD,11,11.0
183210,1,3,130,2,1,80.0,0,I,MELB_URBAN,ROAD,11,10.0
183211,6,4,174,1,3,60.0,0,I,SMALL_TOWNS,ROAD,10,19.0
183212,1,3,99,2,1,60.0,0,N,MELB_URBAN,ROAD,11,13.0
183213,8,1,184,5,1,60.0,0,N,RURAL_VICTORIA,ROAD,6,11.0
183214,1,3,110,1,1,60.0,0,I,SMALL_CITIES,STREET,11,10.0
183215,1,1,147,5,1,60.0,0,O,MELB_URBAN,UNKNOWN,11,12.0
183216,8,2,170,1,1,60.0,0,I,MELB_URBAN,ROAD,11,12.0
183217,1,3,130,2,1,100.0,0,I,RURAL_VICTORIA,ROAD,11,14.0
183218,1,3,140,5,1,60.0,0,N,MELB_URBAN,ROAD,11,14.0
183219,1,3,134,5,1,110.0,0,N,RURAL_VICTORIA,FREEWAY,10,7.0
183220,1,5,135,5,1,60.0,0,N,MELB_URBAN,ROAD,10,7.0
183221,6,2,174,5,1,50.0,0,N,RURAL_VICTORIA,ROAD,11,12.0
183222,1,6,99,1,1,50.0,0,I,SMALL_TOWNS,ROAD,11,16.0
183223,2,3,99,5,1,70.0,0,N,MELB_URBAN,ROAD,11,12.0
183224,6,3,170,5,1,100.0,1,N,RURAL_VICTORIA,ROAD,11,8.0
183225,1,3,99,1,1,80.0,0,N,SMALL_CITIES,HIGHWAY,11,16.0
183226,4,3,171,5,1,50.0,0,N,MELB_URBAN,ROAD,11,14.0
183227,6,3,184,5,1,100.0,0,N,RURAL_VICTORIA,ROAD,11,14.0
183228,1,5,99,2,1,60.0,0,I,MELB_URBAN,STREET,10,17.0
183229,4,2,173,5,1,80.0,0,N,SMALL_CITIES,ROAD,11,15.0
183230,6,5,184,2,1,50.0,0,N,MELB_URBAN,OTHER,9,17.0
183231,1,3,121,1,3,60.0,0,I,MELB_URBAN,STREET,11,1.0
183232,1,3,99,2,1,60.0,0,I,LARGE_PROVINCIAL_CITIES,STREET,11,19.0
183233,8,3,174,5,1,60.0,0,N,RURAL_VICTORIA,ROAD,11,15.0
183234,1,3,121,2,3,80.0,0,I,MELB_URBAN,HIGHWAY,11,22.0
183235,1,3,121,2,3,70.0,0,N,MELB_URBAN,ROAD,11,20.0
183236,8,3,174,5,1,50.0,0,N,MELB_URBAN,DRIVE,11,17.0
183237,5,3,99,5,5,50.0,0,N,MELB_URBAN,ROAD,11,22.0
183238,4,2,173,5,1,60.0,0,N,MELB_URBAN,ROAD,11,19.0
183239,3,3,167,5,5,100.0,0,N,RURAL_VICTORIA,ROAD,11,22.0
183240,1,3,120,5,1,80.0,1,N,RURAL_VICTORIA,HIGHWAY,11,18.0
183241,4,1,183,5,5,80.0,0,N,RURAL_VICTORIA,ROAD,10,4.0
183242,1,5,130,2,1,50.0,0,I,MELB_URBAN,ROAD,10,8.0
183243,4,4,173,5,2,110.0,0,N,RURAL_VICTORIA,HIGHWAY,11,5.0
183244,4,4,99,2,1,50.0,0,I,MELB_URBAN,DRIVE,11,9.0
183245,2,4,100,2,1,50.0,0,I,MELB_URBAN,ROAD,11,8.0
183246,8,4,99,5,1,100.0,0,N,RURAL_VICTORIA,ROAD,11,11.0
183247,1,4,110,1,1,100.0,0,I,RURAL_VICTORIA,HIGHWAY,11,8.0
183248,1,6,99,2,1,80.0,0,I,MELB_URBAN,ROAD,9,14.0
183249,1,2,130,2,1,60.0,0,I,MELB_URBAN,STREET,11,17.0
183250,1,2,99,1,1,70.0,0,I,MELB_URBAN,ROAD,11,14.0
183251,1,1,121,1,3,60.0,0,I,MELB_URBAN,ROAD,11,21.0
183252,4,2,171,5,1,100.0,0,N,RURAL_VICTORIA,ROAD,11,19.0
183253,1,4,99,1,1,40.0,0,I,MELBOURNE_CBD,STREET,11,16.0
183254,1,4,130,5,1,100.0,0,N,RURAL_VICTORIA,ROAD,11,15.0
183255,2,4,99,5,1,40.0,0,N,MELB_URBAN,STREET,10,17.0
183256,2,4,100,5,1,40.0,0,N,MELB_URBAN,ROAD,11,15.0
183257,1,3,130,1,2,70.0,0,I,MELB_URBAN,STREET,11,18.0
183258,8,4,174,5,1,70.0,0,N,TOWNS,ROAD,11,17.0
183259,2,3,100,2,1,50.0,0,I,RURAL_VICTORIA,STREET,11,13.0
183260,4,4,99,2,1,60.0,0,N,TOWNS,ROAD,11,18.0
183261,1,4,121,1,3,60.0,0,I,MELB_URBAN,ROAD,11,20.0
183262,1,4,110,1,3,60.0,0,I,MELB_URBAN,ROAD,11,20.0
183263,2,4,99,5,3,50.0,0,N,MELB_URBAN,STREET,11,22.0
183264,6,3,99,5,5,40.0,0,N,RURAL_VICTORIA,ROAD,11,21.0
183265,1,4,132,2,3,60.0,0,I,MELB_URBAN,ROAD,11,23.0
183266,4,5,99,5,3,60.0,0,O,MELB_URBAN,UNKNOWN,11,1.0
183267,4,4,171,5,3,70.0,0,N,MELB_URBAN,ROAD,11,23.0
183268,2,5,99,5,3,60.0,0,N,MELB_URBAN,STREET,11,2.0
183269,1,5,99,2,2,50.0,0,I,MELB_URBAN,OTHER,11,5.0
183270,1,3,99,2,1,60.0,0,I,MELB_URBAN,ROAD,11,9.0
183271,4,5,181,5,1,100.0,0,N,RURAL_VICTORIA,ROAD,11,6.0
183272,1,5,121,1,1,80.0,0,I,MELB_URBAN,ROAD,10,19.0
183273,1,7,121,2,1,60.0,0,I,MELB_URBAN,ROAD,11,11.0
183274,1,2,110,1,1,100.0,0,I,RURAL_VICTORIA,ROAD,10,12.0
183275,1,1,111,2,1,50.0,0,N,MELB_URBAN,STREET,10,13.0
183276,5,7,99,5,1,80.0,0,N,RURAL_VICTORIA,ROAD,11,9.0
183277,1,5,121,5,1,40.0,0,N,MELB_URBAN,STREET,11,8.0
183278,1,2,110,1,1,60.0,0,I,MELB_URBAN,ROAD,10,12.0
183279,1,5,130,2,1,60.0,0,N,MELB_URBAN,ROAD,11,8.0
183280,2,5,102,5,1,40.0,0,N,TOWNS,STREET,11,11.0
183281,1,2,130,5,1,80.0,0,N,MELB_URBAN,ROAD,9,13.0
183282,1,2,120,2,1,80.0,0,I,RURAL_VICTORIA,ROAD,11,16.0
183283,2,4,100,2,1,40.0,0,N,MELB_URBAN,STREET,11,7.0
183284,1,5,130,5,1,70.0,0,N,MELB_URBAN,ROAD,11,11.0
183285,6,5,99,5,1,100.0,0,N,MELB_URBAN,ROAD,11,9.0
183286,1,5,130,1,1,80.0,0,I,MELB_URBAN,ROAD,11,12.0
183287,8,5,174,2,1,80.0,0,I,SMALL_CITIES,HIGHWAY,11,12.0
183288,1,2,130,5,1,80.0,0,N,MELB_URBAN,FREEWAY,10,17.0
183289,1,5,111,2,1,80.0,0,I,RURAL_VICTORIA,ROAD,11,9.0
183290,1,5,110,1,1,60.0,0,I,LARGE_PROVINCIAL_CITIES,ROAD,11,7.0
183291,4,5,171,5,1,100.0,0,N,RURAL_VICTORIA,HIGHWAY,11,11.0
183292,1,7,121,2,3,60.0,0,I,MELB_URBAN,BOULEVARD,10,20.0
183293,1,5,121,1,1,60.0,0,I,MELB_URBAN,HIGHWAY,11,12.0
183294,1,4,121,2,1,60.0,0,I,MELB_URBAN,STREET,11,8.0
183295,1,5,120,5,1,100.0,0,N,RURAL_VICTORIA,ROAD,11,11.0
183296,7,4,99,5,1,60.0,0,N,SMALL_CITIES,STREET,11,14.0
183297,1,5,113,2,1,60.0,0,I,MELB_URBAN,STREET,11,8.0
183298,1,5,130,5,1,80.0,0,N,MELB_URBAN,UNKNOWN,10,8.0
183299,1,4,110,1,1,60.0,0,I,MELB_URBAN,ROAD,11,16.0
183300,1,3,121,1,1,80.0,0,I,RURAL_VICTORIA,HIGHWAY,10,10.0
183301,1,7,116,1,3,80.0,0,I,RURAL_VICTORIA,ROAD,11,21.0
183302,1,4,121,1,1,60.0,0,N,MELB_URBAN,STREET,11,6.0
183303,1,2,130,5,1,60.0,0,N,MELB_URBAN,ROAD,10,9.0
183304,4,5,99,2,1,50.0,0,N,MELB_URBAN,ROAD,11,16.0
183305,1,7,160,5,1,60.0,0,N,MELB_URBAN,STREET,11,9.0
183306,8,5,99,5,1,60.0,0,N,MELB_URBAN,STREET,11,15.0
183307,4,5,173,5,1,70.0,0,N,MELB_URBAN,ROAD,11,17.0
183308,1,5,147,2,1,50.0,0,N,RURAL_VICTORIA,ROAD,11,17.0
183309,1,6,130,5,1,80.0,0,N,MELB_URBAN,ROAD,10,11.0
183310,2,5,100,1,1,40.0,0,I,MELB_URBAN,PARADE,11,18.0
183311,1,5,99,5,1,60.0,0,O,MELB_URBAN,UNKNOWN,11,17.0
183312,1,4,130,2,1,60.0,0,I,MELB_URBAN,STREET,10,16.0
183313,2,5,100,2,3,70.0,0,I,MELB_URBAN,ROAD,11,19.0
183314,6,5,99,5,1,100.0,0,N,RURAL_VICTORIA,OTHER,11,18.0
183315,1,5,140,5,1,60.0,0,N,MELB_URBAN,HIGHWAY,11,17.0
183316,1,5,120,5,1,80.0,1,N,LARGE_PROVINCIAL_CITIES,ROAD,11,17.0
183317,1,4,110,1,1,50.0,0,I,MELB_URBAN,ROAD,11,15.0
183318,1,5,99,1,1,80.0,0,I,LARGE_PROVINCIAL_CITIES,HIGHWAY,11,15.0
183319,1,5,113,2,2,80.0,0,I,RURAL_VICTORIA,HIGHWAY,11,18.0
183320,4,3,99,2,3,60.0,0,I,MELB_URBAN,ROAD,11,1.0
183321,1,5,99,2,2,60.0,0,I,MELB_URBAN,ROAD,11,19.0
183322,4,4,171,5,3,50.0,0,N,MELB_URBAN,BOULEVARD,11,22.0
183323,2,5,102,5,3,50.0,0,N,MELB_URBAN,ROAD,11,20.0
183324,5,5,99,5,1,100.0,1,N,MELB_URBAN,ROAD,11,16.0
183325,1,5,99,5,3,80.0,0,N,MELB_URBAN,ROAD,11,21.0
183326,4,6,99,2,5,100.0,0,I,RURAL_VICTORIA,ROAD,11,4.0
183327,1,6,130,5,1,60.0,0,N,MELB_URBAN,STREET,11,7.0
183328,1,6,121,2,1,60.0,0,N,MELB_URBAN,ROAD,11,8.0
183329,1,6,99,5,1,100.0,0,N,MELB_URBAN,FREEWAY,11,7.0
183330,8,5,174,5,1,60.0,0,N,RURAL_VICTORIA,ROAD,11,8.0
183331,4,7,181,5,1,80.0,0,N,MELB_URBAN,RAMP,10,10.0
183332,1,6,147,5,1,60.0,0,O,MELB_URBAN,ROAD,11,8.0