,accident_type,day_of_week,dca_code,road_geometry,light_condition,speed_zone,severity,node_type,deg_urban_name,road_type,month,hour
183333,1,5,135,5,1,80.0,0,N,MELB_URBAN,UNKNOWN,11,13.0
183334,4,7,181,5,1,100.0,0,N,RURAL_VICTORIA,ROAD,11,6.0
183335,8,1,174,5,1,60.0,0,N,RURAL_VICTORIA,OTHER,11,11.0
183336,1,1,121,1,1,60.0,0,I,MELB_URBAN,ROAD,11,15.0
183337,1,6,130,5,1,100.0,0,N,TOWNS,HIGHWAY,11,9.0
183338,8,2,174,5,1,60.0,0,N,RURAL_VICTORIA,ROAD,11,11.0
183339,1,4,130,5,1,60.0,0,N,MELB_URBAN,ROAD,10,17.0
183340,4,6,173,5,1,80.0,0,N,RURAL_VICTORIA,HIGHWAY,11,10.0
183341,1,6,120,5,1,90.0,0,N,RURAL_VICTORIA,HIGHWAY,11,10.0
183342,1,6,110,1,1,60.0,0,I,RURAL_VICTORIA,ROAD,11,9.0
183343,1,5,130,5,1,60.0,0,N,MELB_URBAN,ROAD,11,8.0
183344,1,1,120,1,1,60.0,0,I,MELB_URBAN,ROAD,9,11.0
183345,1,6,99,5,1,60.0,0,N,MELB_URBAN,STREET,11,7.0
183346,2,6,100,2,1,60.0,0,N,MELB_URBAN,ROAD,11,10.0
183347,1,5,130,5,1,80.0,0,N,MELB_URBAN,HIGHWAY,11,12.0
183348,1,4,147,5,1,60.0,0,N,MELB_URBAN,ROAD,11,6.0
183349,1,5,130,1,1,50.0,0,N,MELB_URBAN,BOULEVARD,11,9.0
183350,1,1,130,1,3,80.0,0,I,MELB_URBAN,ROAD,8,19.0
183351,1,6,132,2,3,60.0,0,I,MELB_URBAN,ROAD,10,19.0
183352,4,6,171,5,1,80.0,0,N,RURAL_VICTORIA,ROAD,11,12.0
183353,4,6,171,5,1,60.0,0,N,MELB_URBAN,HIGHWAY,11,13.0
183354,1,6,99,5,1,40.0,0,N,MELB_URBAN,STREET,10,16.0
183355,1,1,133,2,1,50.0,0,I,MELB_URBAN,ROAD,10,18.0
183356,1,5,160,5,1,60.0,0,N,MELB_URBAN,ROAD,11,13.0
183357,8,6,99,1,1,60.0,0,I,MELB_URBAN,STREET,11,15.0
183358,1,4,130,1,9,60.0,0,I,MELB_URBAN,ROAD,11,18.0
183359,1,6,120,5,1,60.0,0,N,MELB_URBAN,AVENUE,11,12.0
183360,8,1,184,5,1,60.0,0,N,MELB_URBAN,DRIVE,11,9.0
183361,1,1,130,5,1,80.0,0,N,MELB_URBAN,FREEWAY,10,16.0
183362,2,5,99,1,1,60.0,0,N,MELB_URBAN,ROAD,11,19.0
183363,2,6,100,4,1,50.0,0,I,MELB_URBAN,HIGHWAY,11,14.0
183364,1,6,120,5,1,50.0,0,N,MELB_URBAN,STREET,11,12.0
183365,1,6,121,2,1,60.0,0,I,MELB_URBAN,ROAD,11,15.0
183366,1,6,110,1,1,60.0,0,I,MELB_URBAN,STREET,11,17.0
183367,4,6,99,1,1,60.0,0,I,LARGE_PROVINCIAL_CITIES,STREET,11,17.0
183368,2,3,102,1,1,60.0,0,I,MELB_URBAN,STREET,11,17.0
183369,1,2,130,5,1,60.0,0,N,MELB_URBAN,STREET,9,16.0
183370,5,6,99,2,1,70.0,0,N,MELB_URBAN,ROAD,11,18.0
183371,1,3,130,2,1,60.0,0,I,MELB_URBAN,STREET,10,14.0
183372,1,5,130,2,1,50.0,0,I,MELB_URBAN,ROAD,11,15.0
183373,1,5,130,5,1,80.0,0,N,MELB_URBAN,ROAD,11,17.0
183374,1,5,110,1,1,60.0,0,I,MELB_URBAN,ROAD,11,18.0
183375,1,6,130,5,1,80.0,0,N,MELB_URBAN,ROAD,11,14.0
183376,1,2,99,5,3,50.0,0,N,MELB_URBAN,PARADE,11,20.0
183377,1,3,99,1,3,40.0,0,I,MELB_URBAN,STREET,11,22.0
183378,4,6,171,3,3,60.0,0,I,MELB_URBAN,STREET,11,0.0
183379,1,5,130,1,1,70.0,0,I,MELB_URBAN,ROAD,9,6.0
183380,1,4,135,5,1,100.0,0,N,MELB_URBAN,FREEWAY,11,9.0
183381,8,4,99,1,1,40.0,0,I,MELB_URBAN,STREET,11,8.0
183382,5,4,99,5,1,60.0,0,N,RURAL_VICTORIA,ROAD,11,15.0
183383,1,7,121,1,1,60.0,0,I,RURAL_VICTORIA,ROAD,11,8.0
183384,1,7,121,2,1,50.0,0,N,LARGE_PROVINCIAL_CITIES,STREET,11,7.0
183385,1,7,135,5,1,100.0,0,N,MELB_URBAN,FREEWAY,11,10.0
183386,1,7,160,2,1,60.0,0,N,LARGE_PROVINCIAL_CITIES,AVENUE,11,7.0
183387,1,7,113,2,1,40.0,0,I,MELB_URBAN,STREET,11,10.0
183388,1,6,113,2,1,80.0,0,I,MELB_URBAN,BOULEVARD,11,11.0
183389,1,7,99,1,1,50.0,0,I,SMALL_TOWNS,ROAD,11,11.0
183390,1,5,130,5,9,80.0,0,N,MELB_URBAN,ROAD,10,7.0
183391,3,6,167,5,1,80.0,0,N,RURAL_VICTORIA,ROAD,11,8.0
183392,1,6,130,2,1,50.0,0,I,TOWNS,ROAD,11,11.0
183393,1,2,130,2,1,60.0,0,I,MELB_URBAN,STREET,10,15.0
183394,4,6,171,2,1,50.0,0,I,MELB_URBAN,ROAD,11,17.0
183395,3,7,167,5,1,100.0,0,N,RURAL_VICTORIA,ROAD,11,10.0
183396,2,7,100,5,1,60.0,0,O,MELB_URBAN,OTHER,11,13.0
183397,1,7,130,1,1,60.0,0,I,LARGE_PROVINCIAL_CITIES,ROAD,11,10.0
183398,4,6,173,5,1,60.0,0,N,MELB_URBAN,ROAD,11,13.0
183399,2,6,99,1,1,40.0,0,O,MELB_URBAN,UNKNOWN,11,13.0
183400,4,7,171,5,1,60.0,1,N,MELB_URBAN,ROAD,11,9.0
183401,1,6,130,1,1,80.0,0,N,MELB_URBAN,ROAD,11,15.0
183402,1,7,130,5,1,40.0,0,N,LARGE_PROVINCIAL_CITIES,STREET,11,8.0
183403,4,7,173,5,2,100.0,1,N,RURAL_VICTORIA,HIGHWAY,11,6.0
183404,4,7,183,5,1,60.0,0,N,MELB_URBAN,AVENUE,11,17.0
183405,1,7,116,2,1,60.0,0,I,MELB_URBAN,ROAD,11,16.0
183406,4,6,181,5,1,100.0,0,N,RURAL_VICTORIA,HIGHWAY,11,15.0
183407,2,7,100,2,1,60.0,0,I,MELB_URBAN,ROAD,11,16.0
183408,4,7,173,5,2,60.0,0,N,RURAL_VICTORIA,ROAD,11,19.0
183409,7,6,99,5,1,50.0,0,N,SMALL_CITIES,STREET,11,18.0
183410,4,7,171,5,1,60.0,0,N,TOWNS,ROAD,11,16.0
183411,1,6,110,1,1,80.0,0,I,TOWNS,ROAD,11,18.0
183412,8,7,99,5,1,100.0,0,N,RURAL_VICTORIA,HIGHWAY,11,15.0
183413,4,7,183,3,1,100.0,0,I,RURAL_VICTORIA,OTHER,11,18.0
183414,1,7,121,1,1,80.0,0,I,MELB_URBAN,HIGHWAY,11,15.0
183415,1,7,160,5,1,60.0,0,N,SMALL_CITIES,DRIVE,11,19.0
183416,6,6,99,5,1,100.0,0,N,RURAL_VICTORIA,ROAD,11,18.0
183417,1,7,116,2,3,60.0,0,I,MELB_URBAN,HIGHWAY,11,21.0
183418,1,7,110,1,1,50.0,0,I,MELB_URBAN,ROAD,11,14.0
183419,1,7,99,2,1,50.0,0,I,TOWNS,ROAD,11,18.0
183420,2,7,100,2,1,60.0,0,I,MELB_URBAN,STREET,11,19.0
183421,1,7,110,1,1,60.0,0,I,MELB_URBAN,STREET,11,17.0
183422,1,7,113,2,5,50.0,0,I,MELB_URBAN,STREET,11,22.0
183423,1,7,130,5,5,110.0,0,N,TOWNS,FREEWAY,11,21.0
183424,1,7,130,5,3,60.0,0,N,MELB_URBAN,BOULEVARD,11,23.0
183425,1,6,130,1,2,80.0,0,I,RURAL_VICTORIA,HIGHWAY,11,20.0
183426,1,6,135,5,9,100.0,0,N,MELB_URBAN,FREEWAY,11,11.0
183427,1,7,135,5,3,80.0,0,N,MELB_URBAN,HIGHWAY,11,22.0
183428,1,0,120,5,3,60.0,0,N,SMALL_CITIES,STREET,11,0.0
183429,4,0,171,5,3,60.0,0,N,MELB_URBAN,BOULEVARD,11,0.0
183430,1,1,121,1,1,40.0,0,I,MELB_URBAN,STREET,11,7.0
183431,1,1,130,5,2,100.0,0,N,RURAL_VICTORIA,HIGHWAY,11,6.0
183432,4,6,183,5,5,80.0,0,N,RURAL_VICTORIA,ROAD,11,21.0
183433,4,7,99,2,1,100.0,0,I,RURAL_VICTORIA,HIGHWAY,11,19.0
183434,1,1,160,5,1,40.0,0,N,MELB_URBAN,ROAD,11,10.0
183435,6,1,99,5,1,80.0,0,N,RURAL_VICTORIA,ROAD,11,11.0
183436,1,4,130,1,1,70.0,0,I,MELB_URBAN,ROAD,10,13.0
183437,1,0,134,1,1,40.0,0,I,MELBOURNE_CBD,STREET,11,13.0
183438,4,1,181,5,1,100.0,1,N,RURAL_VICTORIA,ROAD,11,9.0
183439,1,6,160,5,3,50.0,0,N,MELB_URBAN,ROAD,11,20.0
183440,1,1,110,1,1,50.0,0,I,LARGE_PROVINCIAL_CITIES,STREET,11,12.0
183441,1,0,133,1,1,40.0,0,I,MELB_URBAN,ROAD,11,15.0
183442,1,1,99,2,1,80.0,0,I,MELB_URBAN,ROAD,11,6.0
183443,1,1,130,1,1,40.0,0,N,RURAL_VICTORIA,ROAD,11,15.0
183444,8,7,184,5,1,60.0,0,N,RURAL_VICTORIA,ROAD,11,16.0
183445,4,0,181,5,1,80.0,0,N,RURAL_VICTORIA,ROAD,11,10.0
183446,1,1,99,5,1,60.0,0,N,MELB_URBAN,ROAD,11,13.0
183447,1,0,130,5,1,80.0,0,N,MELB_URBAN,HIGHWAY,11,17.0
183448,4,0,171,5,1,100.0,0,N,RURAL_VICTORIA,ROAD,11,15.0
183449,1,0,135,5,1,110.0,0,N,RURAL_VICTORIA,FREEWAY,11,16.0
183450,2,0,100,5,1,100.0,0,N,RURAL_VICTORIA,FREEWAY,11,17.0
183451,1,5,113,1,1,50.0,0,I,MELB_URBAN,ROAD,11,17.0
183452,1,1,110,1,3,50.0,0,I,LARGE_PROVINCIAL_CITIES,STREET,11,21.0
183453,6,0,174,5,3,50.0,0,N,RURAL_VICTORIA,OTHER,11,21.0
183454,4,2,171,5,5,100.0,0,N,RURAL_VICTORIA,ROAD,11,3.0
183455,1,2,110,1,2,60.0,0,I,MELB_URBAN,ROAD,11,5.0
183456,1,2,130,5,5,80.0,0,N,SMALL_TOWNS,HIGHWAY,11,5.0
183457,4,1,99,5,1,80.0,0,N,MELB_URBAN,FREEWAY,11,9.0
183458,1,5,121,1,2,80.0,0,I,MELB_URBAN,ROAD,9,6.0
183459,1,2,110,1,2,100.0,0,I,RURAL_VICTORIA,ROAD,11,7.0
183460,1,1,121,2,1,60.0,0,I,MELB_URBAN,AVENUE,11,7.0
183461,1,1,99,5,1,100.0,0,N,MELB_URBAN,ROAD,11,8.0
183462,6,5,170,5,5,80.0,0,N,RURAL_VICTORIA,ROAD,11,22.0
183463,8,4,99,5,1,70.0,0,N,RURAL_VICTORIA,STREET,11,15.0
183464,1,2,121,2,1,60.0,0,I,MELB_URBAN,ROAD,11,7.0
183465,2,2,99,2,1,40.0,0,N,MELB_URBAN,STREET,11,8.0
183466,1,2,130,5,1,80.0,0,N,MELB_URBAN,FREEWAY,11,9.0
183467,1,2,110,1,1,80.0,0,N,MELB_URBAN,DRIVE,11,6.0
183468,1,1,130,5,1,60.0,0,N,MELB_URBAN,OTHER,11,11.0
183469,5,1,99,2,9,60.0,0,N,RURAL_VICTORIA,ROAD,11,12.0
183470,1,2,121,1,1,60.0,0,I,MELB_URBAN,ROAD,11,8.0
183471,1,4,110,1,1,60.0,0,I,MELB_URBAN,ROAD,10,9.0
183472,1,2,121,2,1,80.0,0,I,RURAL_VICTORIA,ROAD,11,7.0
183473,1,2,110,1,1,50.0,0,I,SMALL_CITIES,STREET,11,10.0
183474,1,2,111,2,1,70.0,0,I,MELB_URBAN,ROAD,11,11.0
183475,1,1,130,1,1,80.0,0,I,RURAL_VICTORIA,ROAD,11,10.0
183476,3,2,167,5,1,100.0,0,N,RURAL_VICTORIA,ROAD,11,10.0
183477,1,4,130,5,1,80.0,0,N,RURAL_VICTORIA,ROAD,11,17.0
183478,1,2,134,5,3,100.0,0,N,MELB_URBAN,ROAD,8,22.0
183479,2,1,100,2,1,40.0,0,I,MELB_URBAN,ROAD,11,14.0
183480,4,1,171,2,1,40.0,0,I,MELB_URBAN,ROAD,11,14.0
183481,1,2,113,2,1,60.0,0,I,MELB_URBAN,ROAD,11,14.0
183482,1,1,116,2,1,50.0,0,I,MELB_URBAN,ROAD,11,15.0
183483,1,2,113,2,1,60.0,0,I,SMALL_CITIES,STREET,11,16.0
183484,1,2,120,5,1,100.0,0,N,RURAL_VICTORIA,ROAD,11,14.0
183485,4,2,171,5,1,100.0,0,N,RURAL_VICTORIA,HIGHWAY,11,14.0
183486,1,2,99,5,1,60.0,0,N,MELB_URBAN,STREET,11,16.0
183487,1,2,120,5,1,100.0,1,N,RURAL_VICTORIA,ROAD,11,15.0
183488,1,0,130,5,1,60.0,0,N,MELB_URBAN,STREET,11,15.0
183489,1,1,140,5,1,60.0,0,N,MELB_URBAN,STREET,11,16.0
183490,1,4,130,2,1,60.0,0,I,MELB_URBAN,ROAD,9,15.0
183491,1,1,99,3,1,60.0,0,N,MELB_URBAN,OTHER,10,12.0
183492,4,1,99,5,1,60.0,0,N,RURAL_VICTORIA,OTHER,10,12.0
183493,1,6,99,1,9,50.0,0,I,MELB_URBAN,ROAD,2,22.0
183494,2,1,100,5,2,80.0,0,N,RURAL_VICTORIA,OTHER,11,20.0
183495,1,2,130,5,1,80.0,1,N,RURAL_VICTORIA,ROAD,11,15.0
183496,1,2,135,5,1,60.0,0,N,MELB_URBAN,ROAD,11,16.0
183497,4,2,171,5,1,70.0,1,N,TOWNS,ROAD,11,14.0
183498,1,2,113,1,3,70.0,0,I,MELB_URBAN,ROAD,11,20.0
183499,1,2,121,1,3,60.0,0,I,RURAL_VICTORIA,ROAD,11,20.0
183500,4,2,171,5,6,100.0,0,N,RURAL_VICTORIA,ROAD,11,21.0
183501,1,2,120,5,5,100.0,0,N,RURAL_VICTORIA,HIGHWAY,11,23.0
183502,1,3,111,4,1,80.0,0,N,RURAL_VICTORIA,OTHER,10,17.0
183503,4,1,99,5,4,60.0,0,N,LARGE_PROVINCIAL_CITIES,STREET,11,5.0
183504,1,3,130,1,1,40.0,0,I,MELB_URBAN,AVENUE,11,7.0
183505,6,0,99,5,1,60.0,0,N,RURAL_VICTORIA,ROAD,11,14.0
183506,1,3,121,1,1,40.0,0,I,MELB_URBAN,STREET,11,8.0
183507,4,1,173,5,1,50.0,0,N,LARGE_PROVINCIAL_CITIES,BOULEVARD,11,12.0
183508,4,6,183,5,3,60.0,0,N,RURAL_VICTORIA,OTHER,11,2.0
183509,1,2,99,1,1,40.0,0,I,MELB_URBAN,ROAD,11,8.0
183510,1,3,121,2,1,40.0,0,I,MELB_URBAN,STREET,11,7.0
183511,1,2,121,1,1,50.0,0,I,MELB_URBAN,STREET,11,8.0
183512,1,1,99,2,1,50.0,0,I,MELB_URBAN,OTHER,9,16.0
183513,1,2,130,5,1,70.0,0,N,RURAL_VICTORIA,ROAD,11,8.0
183514,3,3,167,5,9,60.0,0,N,RURAL_VICTORIA,ROAD,8,20.0
183515,6,7,99,5,1,100.0,0,N,RURAL_VICTORIA,ROAD,11,14.0
183516,1,3,163,5,1,50.0,0,N,LARGE_PROVINCIAL_CITIES,STREET,11,11.0
183517,1,3,130,5,1,80.0,0,N,MELB_URBAN,ROAD,11,9.0
183518,4,5,173,5,2,100.0,0,N,RURAL_VICTORIA,OTHER,10,18.0
183519,1,2,99,1,3,60.0,0,I,MELB_URBAN,ROAD,11,21.0
183520,1,5,130,5,1,100.0,0,N,MELB_URBAN,FREEWAY,9,14.0
183521,1,2,163,1,1,40.0,0,N,MELB_URBAN,ROAD,11,11.0
183522,4,3,183,5,1,70.0,0,N,TOWNS,ROAD,10,18.0
183523,6,4,184,5,1,100.0,0,N,RURAL_VICTORIA,ROAD,9,9.0
183524,4,3,173,5,1,60.0,0,N,MELB_URBAN,PARADE,11,12.0
183525,1,5,110,1,1,60.0,0,I,MELB_URBAN,STREET,11,10.0
183526,1,2,130,4,1,50.0,0,I,RURAL_VICTORIA,ROAD,11,16.0
183527,1,4,99,5,1,40.0,0,N,SMALL_TOWNS,ROAD,10,17.0
183528,1,3,130,3,1,100.0,0,N,MELB_URBAN,ROAD,11,12.0
183529,3,2,167,3,5,100.0,0,N,TOWNS,FREEWAY,11,2.0
183530,4,3,99,5,1,60.0,0,N,MELB_URBAN,ROAD,11,14.0
183531,6,7,174,2,1,100.0,0,I,RURAL_VICTORIA,ROAD,11,15.0
183532,1,7,130,5,1,60.0,0,N,MELB_URBAN,ROAD,11,14.0
183533,1,2,121,2,2,60.0,0,I,SMALL_CITIES,ROAD,11,16.0
183534,3,6,167,5,1,80.0,0,N,RURAL_VICTORIA,ROAD,11,17.0
183535,4,5,183,5,1,60.0,0,N,RURAL_VICTORIA,ROAD,11,8.0
183536,6,3,99,5,1,60.0,0,N,MELB_URBAN,OTHER,11,14.0
183537,2,3,100,5,1,60.0,0,N,MELB_URBAN,ROAD,11,13.0
183538,4,1,99,5,2,80.0,0,N,RURAL_VICTORIA,ROAD,11,19.0
183539,4,2,171,5,1,100.0,0,N,RURAL_VICTORIA,ROAD,11,11.0
183540,1,2,133,5,1,40.0,0,N,MELB_URBAN,PARADE,11,17.0
183541,6,7,174,5,3,50.0,0,N,TOWNS,STREET,11,21.0
183542,1,3,130,2,1,60.0,0,N,MELB_URBAN,STREET,11,17.0
183543,1,4,147,5,1,60.0,0,N,MELB_URBAN,ROAD,10,17.0
183544,8,1,184,5,1,60.0,0,N,RURAL_VICTORIA,ROAD,11,11.0
183545,1,6,130,1,1,60.0,0,I,MELB_URBAN,ROAD,10,12.0
183546,4,2,171,5,1,80.0,0,N,MELB_URBAN,HIGHWAY,11,17.0
183547,1,4,130,5,1,80.0,0,N,MELB_URBAN,FREEWAY,6,10.0
183548,4,3,171,5,3,100.0,0,N,MELB_URBAN,UNKNOWN,11,20.0
183549,1,3,121,1,1,60.0,0,I,MELB_URBAN,ROAD,11,19.0
183550,1,2,99,1,3,60.0,0,I,MELB_URBAN,ROAD,11,22.0
183551,1,2,110,1,3,80.0,0,I,MELB_URBAN,HIGHWAY,11,22.0
183552,1,3,121,2,1,60.0,0,I,MELB_URBAN,ROAD,11,17.0
183553,4,2,171,5,3,100.0,0,N,RURAL_VICTORIA,ROAD,11,23.0
183554,4,3,173,5,5,100.0,1,N,RURAL_VICTORIA,DRIVE,11,23.0
183555,1,2,130,5,1,40.0,0,N,MELB_URBAN,AVENUE,11,8.0
183556,4,2,171,5,3,60.0,0,N,MELB_URBAN,ROAD,11,23.0
183557,8,4,174,5,2,40.0,0,N,LARGE_PROVINCIAL_CITIES,ROAD,11,5.0
183558,1,0,130,5,1,40.0,0,N,MELB_URBAN,STREET,9,12.0
183559,1,7,110,1,1,50.0,0,I,MELB_URBAN,STREET,11,11.0
183560,4,3,171,5,1,60.0,0,N,MELB_URBAN,ROAD,11,7.0
183561,1,3,120,5,1,60.0,0,N,MELB_URBAN,ROAD,11,8.0
183562,2,2,100,2,1,40.0,0,I,MELB_URBAN,STREET,11,8.0
183563,1,4,121,1,1,60.0,0,I,MELB_URBAN,STREET,11,9.0
183564,1,2,99,3,1,80.0,0,I,MELB_URBAN,FREEWAY,11,8.0
183565,1,4,130,1,1,60.0,0,I,MELB_URBAN,ROAD,11,7.0
183566,1,2,110,1,1,50.0,0,I,MELB_URBAN,ROAD,11,15.0
183567,3,4,167,5,3,60.0,0,N,RURAL_VICTORIA,ROAD,11,1.0
183568,1,7,130,1,2,80.0,0,N,MELB_URBAN,ROAD,11,19.0
183569,6,4,99,5,1,100.0,0,N,MELB_URBAN,FREEWAY,11,10.0
183570,4,3,181,5,1,60.0,0,N,MELB_URBAN,ROAD,11,10.0
183571,1,4,113,2,1,80.0,0,I,MELB_URBAN,HIGHWAY,11,7.0
183572,1,4,130,5,1,60.0,0,N,MELB_URBAN,ROAD,11,13.0
183573,1,4,113,2,1,70.0,0,I,MELB_URBAN,AVENUE,11,13.0
183574,8,4,184,5,1,100.0,0,N,RURAL_VICTORIA,OTHER,11,12.0
183575,1,4,113,1,1,60.0,0,I,TOWNS,DRIVE,11,13.0
183576,4,4,181,5,1,70.0,0,N,MELB_URBAN,UNKNOWN,11,12.0
183577,4,3,171,5,1,60.0,0,N,SMALL_TOWNS,ROAD,11,14.0
183578,1,4,132,1,1,70.0,0,I,MELB_URBAN,HIGHWAY,11,14.0
183579,2,4,99,5,1,40.0,0,N,SMALL_CITIES,DRIVE,11,15.0
183580,1,4,147,5,1,60.0,0,N,MELB_URBAN,UNKNOWN,11,16.0
183581,2,4,99,5,1,60.0,0,N,TOWNS,STREET,11,16.0
183582,1,4,140,5,1,70.0,0,N,LARGE_PROVINCIAL_CITIES,ROAD,11,15.0
183583,1,7,130,5,1,60.0,0,N,MELB_URBAN,ROAD,10,12.0
183584,1,3,130,5,1,50.0,0,N,SMALL_CITIES,STREET,11,15.0
183585,1,4,113,2,1,60.0,0,N,MELB_URBAN,ROAD,11,16.0
183586,1,4,160,5,1,50.0,0,N,MELB_URBAN,STREET,11,17.0
183587,1,6,99,4,1,60.0,0,I,MELB_URBAN,ROAD,11,16.0
183588,1,3,121,1,1,50.0,0,I,LARGE_PROVINCIAL_CITIES,STREET,11,16.0
183589,1,1,121,2,1,60.0,0,I,MELB_URBAN,ROAD,10,17.0
183590,8,4,174,5,1,40.0,0,N,MELB_URBAN,STREET,11,13.0
183591,1,4,163,5,1,40.0,0,N,MELBOURNE_CBD,STREET,11,16.0
183592,4,3,171,5,5,80.0,0,N,RURAL_VICTORIA,ROAD,11,21.0
183593,1,3,99,5,1,60.0,0,N,LARGE_PROVINCIAL_CITIES,STREET,11,20.0
183594,1,4,130,5,6,80.0,0,N,MELB_URBAN,FREEWAY,11,5.0
183595,4,5,183,5,5,60.0,0,N,TOWNS,ROAD,11,0.0
183596,2,5,100,2,2,60.0,1,I,MELB_URBAN,ROAD,11,5.0
183597,1,5,121,1,1,60.0,0,I,MELB_URBAN,STREET,11,8.0
183598,3,2,167,5,5,60.0,0,N,RURAL_VICTORIA,ROAD,10,21.0
183599,1,4,110,1,1,60.0,0,I,MELB_URBAN,ROAD,11,8.0
183600,1,0,110,1,9,60.0,0,I,MELB_URBAN,DRIVE,8,22.0
183601,1,4,110,1,1,50.0,0,I,TOWNS,ROAD,11,10.0
183602,1,3,130,5,1,60.0,0,N,MELB_URBAN,FREEWAY,11,12.0
183603,1,4,110,1,1,50.0,0,I,MELB_URBAN,AVENUE,11,9.0
183604,1,1,130,5,1,70.0,0,N,LARGE_PROVINCIAL_CITIES,HIGHWAY,11,16.0
183605,2,5,99,5,1,40.0,0,N,RURAL_VICTORIA,ROAD,11,10.0
183606,1,5,99,5,1,70.0,0,N,MELB_URBAN,ROAD,11,10.0
183607,1,5,147,5,1,50.0,0,N,MELB_URBAN,STREET,11,12.0
183608,1,5,130,5,1,80.0,0,I,MELB_URBAN,ROAD,11,6.0
183609,1,2,130,5,1,100.0,0,N,RURAL_VICTORIA,FREEWAY,10,15.0
183610,1,4,120,5,1,60.0,0,N,MELB_URBAN,ROAD,11,13.0
183611,1,3,121,1,3,60.0,0,N,MELB_URBAN,ROAD,11,21.0
183612,1,6,113,2,9,60.0,0,I,MELB_URBAN,OTHER,7,19.0
183613,1,3,113,2,3,60.0,0,I,MELB_URBAN,ROAD,10,20.0
183614,4,4,171,5,1,60.0,0,N,RURAL_VICTORIA,STREET,11,14.0
183615,1,5,130,5,1,80.0,0,N,MELB_URBAN,FREEWAY,11,15.0
183616,1,4,130,5,1,60.0,0,N,MELB_URBAN,ROAD,11,16.0
183617,1,6,110,1,1,60.0,0,I,MELB_URBAN,AVENUE,11,8.0
183618,1,5,113,2,1,80.0,0,I,MELB_URBAN,HIGHWAY,11,14.0
183619,1,4,99,2,1,50.0,0,N,LARGE_PROVINCIAL_CITIES,STREET,11,17.0
183620,1,5,99,5,1,30.0,0,N,MELBOURNE_CBD,STREET,11,17.0
183621,1,5,147,5,1,60.0,0,N,MELB_URBAN,STREET,11,17.0
183622,1,3,147,5,1,60.0,0,N,RURAL_VICTORIA,ROAD,10,14.0
183623,1,4,130,1,1,60.0,0,N,RURAL_VICTORIA,ROAD,11,16.0
183624,1,5,110,1,1,50.0,0,I,MELB_URBAN,ROAD,11,19.0
183625,1,4,130,5,1,70.0,0,N,MELB_URBAN,ROAD,11,17.0
183626,4,5,171,2,1,50.0,0,I,MELB_URBAN,STREET,11,17.0
183627,1,5,116,2,3,60.0,0,I,MELB_URBAN,ROAD,11,21.0
183628,1,4,121,2,3,60.0,0,I,MELB_URBAN,HIGHWAY,11,21.0
183629,1,5,99,5,3,80.0,0,N,RURAL_VICTORIA,ROAD,11,23.0
183630,1,3,99,1,3,40.0,0,I,MELB_URBAN,DRIVE,10,20.0
183631,1,5,110,1,1,60.0,0,I,MELB_URBAN,BOULEVARD,11,13.0
183632,4,6,181,5,3,80.0,0,N,SMALL_CITIES,RAMP,11,0.0
183633,1,6,99,5,2,50.0,0,N,MELB_URBAN,DRIVE,11,6.0
183634,1,6,130,1,1,60.0,0,I,MELB_URBAN,ROAD,11,8.0
183635,4,5,173,1,2,100.0,0,I,RURAL_VICTORIA,ROAD,11,5.0
183636,1,2,130,5,1,80.0,0,N,MELB_URBAN,FREEWAY,10,18.0
183637,1,6,120,5,1,80.0,0,N,RURAL_VICTORIA,ROAD,11,9.0
183638,1,6,120,2,1,80.0,0,N,MELB_URBAN,ROAD,11,9.0
183639,1,6,140,1,1,80.0,0,I,RURAL_VICTORIA,HIGHWAY,11,9.0
183640,1,4,130,5,1,60.0,0,N,MELB_URBAN,AVENUE,11,7.0
183641,4,5,171,5,1,80.0,0,N,MELB_URBAN,RAMP,11,12.0
183642,1,6,99,5,1,60.0,0,N,MELB_URBAN,ROAD,9,14.0
183643,1,6,135,2,1,70.0,0,I,MELB_URBAN,ROAD,11,7.0
183644,1,6,130,5,1,40.0,0,N,MELB_URBAN,HIGHWAY,11,15.0
183645,1,2,121,2,2,60.0,0,N,MELB_URBAN,DRIVE,10,5.0
183646,1,5,140,5,1,50.0,0,N,TOWNS,STREET,11,15.0
183647,1,6,121,1,1,40.0,1,I,MELB_URBAN,AVENUE,11,10.0
183648,6,6,184,5,1,80.0,0,N,RURAL_VICTORIA,ROAD,11,14.0
183649,1,6,121,2,1,60.0,0,I,MELB_URBAN,STREET,11,17.0
183650,2,6,100,5,1,60.0,0,N,MELB_URBAN,ROAD,11,14.0
183651,1,5,99,2,1,60.0,0,I,MELB_URBAN,STREET,11,18.0
183652,2,6,99,5,6,50.0,0,N,MELB_URBAN,STREET,11,1.0
183653,1,6,110,1,1,100.0,0,I,RURAL_VICTORIA,HIGHWAY,11,13.0