,accident_type,day_of_week,dca_code,road_geometry,light_condition,speed_zone,severity,node_type,deg_urban_name,road_type,month,hour
183654,8,7,174,5,1,60.0,0,N,RURAL_VICTORIA,ROAD,11,13.0
183655,1,6,99,1,1,50.0,0,I,MELB_URBAN,STREET,11,16.0
183656,1,6,130,5,1,100.0,0,N,SMALL_TOWNS,FREEWAY,11,15.0
183657,1,6,160,5,1,60.0,0,N,MELB_URBAN,ROAD,11,18.0
183658,1,6,160,5,1,60.0,0,N,MELB_URBAN,ROAD,11,16.0
183659,1,5,110,1,3,50.0,0,I,MELB_URBAN,STREET,11,21.0
183660,1,6,121,2,3,80.0,0,I,MELB_URBAN,ROAD,11,22.0
183661,2,6,100,2,3,60.0,0,N,MELB_URBAN,ROAD,11,3.0
183662,7,7,99,5,5,50.0,0,N,TOWNS,UNKNOWN,11,2.0
183663,1,7,121,5,1,50.0,0,N,MELB_URBAN,ROAD,11,9.0
183664,1,7,160,5,1,60.0,0,N,MELB_URBAN,ROAD,11,9.0
183665,1,6,110,4,1,60.0,0,I,MELB_URBAN,DRIVE,11,9.0
183666,1,7,99,5,1,60.0,0,N,MELB_URBAN,ROAD,11,11.0
183667,5,6,99,5,1,100.0,0,N,RURAL_VICTORIA,ROAD,11,8.0
183668,1,7,120,5,1,60.0,0,N,MELB_URBAN,ROAD,11,6.0
183669,1,6,121,1,1,70.0,0,I,MELB_URBAN,ROAD,11,11.0
183670,6,3,174,5,1,110.0,0,N,RURAL_VICTORIA,FREEWAY,7,13.0
183671,1,6,113,2,1,80.0,0,I,MELB_URBAN,ROAD,10,14.0
183672,8,7,99,5,1,80.0,0,N,RURAL_VICTORIA,AVENUE,11,11.0
183673,1,7,121,2,1,70.0,0,I,MELB_URBAN,ROAD,11,12.0
183674,8,6,99,5,1,60.0,0,N,RURAL_VICTORIA,OTHER,11,13.0
183675,1,7,121,2,1,60.0,0,I,MELB_URBAN,OTHER,11,12.0
183676,1,7,121,1,1,80.0,0,N,MELB_URBAN,ROAD,11,13.0
183677,1,7,99,5,1,50.0,0,N,LARGE_PROVINCIAL_CITIES,STREET,11,13.0
183678,1,6,99,2,1,40.0,0,I,MELB_URBAN,STREET,11,16.0
183679,1,7,121,5,1,60.0,0,N,MELB_URBAN,UNKNOWN,11,15.0
183680,1,7,99,1,1,80.0,0,N,MELB_URBAN,ROAD,11,13.0
183681,1,7,99,2,1,60.0,0,I,SMALL_CITIES,ROAD,11,15.0
183682,2,0,102,5,1,40.0,0,N,SMALL_CITIES,STREET,11,11.0
183683,4,3,99,5,3,100.0,0,N,MELB_URBAN,FREEWAY,11,20.0
183684,1,7,121,1,1,40.0,0,I,MELB_URBAN,FREEWAY,11,18.0
183685,1,7,99,5,1,40.0,0,N,RURAL_VICTORIA,DRIVE,11,18.0
183686,4,6,171,5,1,50.0,0,N,TOWNS,ROAD,11,17.0
183687,1,6,110,1,1,80.0,0,I,MELB_URBAN,ROAD,11,17.0
183688,1,4,121,1,1,80.0,0,I,MELB_URBAN,ROAD,8,7.0
183689,1,7,173,5,3,50.0,0,N,MELB_URBAN,OTHER,11,21.0
183690,4,7,181,5,5,60.0,0,N,RURAL_VICTORIA,ROAD,11,21.0
183691,4,6,99,5,3,40.0,0,N,MELB_URBAN,ROAD,11,4.0
183692,4,7,181,5,5,100.0,1,N,RURAL_VICTORIA,ROAD,11,23.0
183693,1,7,120,5,6,80.0,0,N,RURAL_VICTORIA,ROAD,11,23.0
183694,6,1,170,5,5,100.0,0,N,RURAL_VICTORIA,ROAD,11,0.0
183695,1,1,160,5,3,50.0,0,N,MELB_URBAN,STREET,11,2.0
183696,1,7,120,5,3,100.0,1,N,RURAL_VICTORIA,ROAD,11,23.0
183697,1,6,130,5,1,100.0,0,N,MELB_URBAN,FREEWAY,11,13.0
183698,1,7,121,1,1,80.0,0,I,MELB_URBAN,ROAD,11,16.0
183699,1,1,110,1,1,60.0,0,I,MELB_URBAN,ROAD,11,9.0
183700,1,1,110,1,1,60.0,0,I,MELB_URBAN,ROAD,11,9.0
183701,1,1,110,1,1,50.0,0,I,MELB_URBAN,STREET,11,10.0
183702,1,5,121,2,1,60.0,0,N,SMALL_CITIES,STREET,11,15.0
183703,4,1,99,5,1,100.0,0,N,RURAL_VICTORIA,HIGHWAY,11,7.0
183704,6,1,99,5,1,60.0,0,N,RURAL_VICTORIA,OTHER,11,11.0
183705,1,5,130,2,9,60.0,0,I,MELB_URBAN,STREET,11,5.0
183706,8,0,174,5,1,60.0,0,N,MELB_URBAN,OTHER,11,8.0
183707,1,1,160,5,1,50.0,0,N,SMALL_CITIES,DRIVE,11,11.0
183708,1,3,110,1,1,50.0,0,I,MELB_URBAN,STREET,11,17.0
183709,4,0,171,5,1,80.0,0,N,MELB_URBAN,ROAD,11,13.0
183710,1,4,113,1,1,60.0,0,I,MELB_URBAN,STREET,6,8.0
183711,4,1,171,5,1,60.0,0,N,MELB_URBAN,STREET,11,14.0
183712,6,0,99,3,1,80.0,0,N,RURAL_VICTORIA,RAMP,11,14.0
183713,1,3,99,1,9,60.0,0,I,LARGE_PROVINCIAL_CITIES,STREET,9,15.0
183714,6,1,174,1,1,100.0,0,I,MELB_URBAN,ROAD,11,14.0
183715,1,1,99,1,1,40.0,0,I,MELB_URBAN,STREET,11,15.0
183716,1,6,130,5,1,60.0,0,N,MELB_URBAN,ROAD,10,16.0
183717,8,1,184,5,1,60.0,0,N,RURAL_VICTORIA,ROAD,10,12.0
183718,1,0,130,5,1,100.0,0,N,MELB_URBAN,HIGHWAY,11,14.0
183719,1,1,110,1,1,60.0,0,I,LARGE_PROVINCIAL_CITIES,HIGHWAY,11,15.0
183720,1,5,130,1,1,60.0,0,N,MELB_URBAN,OTHER,11,8.0
183721,1,1,121,1,1,80.0,0,I,MELB_URBAN,ROAD,11,15.0
183722,1,6,171,5,9,60.0,0,N,MELB_URBAN,DRIVE,11,15.0
183723,4,1,171,5,1,60.0,0,N,LARGE_PROVINCIAL_CITIES,STREET,11,17.0
183724,1,6,130,5,1,100.0,0,N,MELB_URBAN,FREEWAY,11,8.0
183725,1,1,110,1,1,60.0,0,I,MELB_URBAN,ROAD,11,16.0
183726,3,1,167,5,1,80.0,0,N,RURAL_VICTORIA,ROAD,11,18.0
183727,2,0,102,1,1,60.0,0,I,MELB_URBAN,STREET,11,18.0
183728,1,1,99,3,2,60.0,0,N,SMALL_TOWNS,ROAD,11,20.0
183729,4,1,171,5,5,60.0,0,N,MELB_URBAN,ROAD,11,22.0
183730,1,1,130,5,3,60.0,0,N,MELB_URBAN,ROAD,11,21.0
183731,1,2,120,5,3,50.0,0,N,SMALL_TOWNS,OTHER,11,3.0
183732,1,1,130,5,1,100.0,0,N,MELB_URBAN,ROAD,10,16.0
183733,1,2,121,1,1,60.0,0,I,MELB_URBAN,ROAD,11,6.0
183734,1,2,147,2,1,60.0,0,N,MELB_URBAN,UNKNOWN,11,8.0
183735,2,2,100,1,1,40.0,0,I,TOWNS,STREET,11,11.0
183736,2,7,100,2,9,60.0,0,I,MELB_URBAN,ROAD,10,20.0
183737,1,1,130,1,1,60.0,0,I,MELB_URBAN,ROAD,11,14.0
183738,2,2,99,2,1,60.0,0,N,MELB_URBAN,PARADE,11,10.0
183739,2,1,100,1,1,60.0,0,I,MELB_URBAN,STREET,11,12.0
183740,8,1,174,2,1,60.0,0,I,RURAL_VICTORIA,UNKNOWN,11,11.0
183741,4,1,183,5,1,100.0,0,N,RURAL_VICTORIA,ROAD,11,9.0
183742,7,3,99,5,1,80.0,0,N,MELB_URBAN,RAMP,11,16.0
183743,1,5,130,2,3,60.0,0,I,LARGE_PROVINCIAL_CITIES,STREET,11,22.0
183744,1,1,99,2,1,100.0,0,I,RURAL_VICTORIA,OTHER,11,19.0
183745,1,2,130,5,1,80.0,0,N,RURAL_VICTORIA,ROAD,11,13.0
183746,1,2,99,5,1,60.0,0,N,MELB_URBAN,ROAD,11,8.0
183747,1,7,113,2,3,40.0,0,I,MELB_URBAN,ROAD,11,20.0
183748,1,2,110,1,1,80.0,0,I,MELB_URBAN,HIGHWAY,11,14.0
183749,1,5,110,1,1,50.0,0,I,MELB_URBAN,STREET,11,17.0
183750,1,3,130,5,1,100.0,0,N,MELB_URBAN,FREEWAY,11,8.0
183751,2,2,99,2,1,60.0,0,I,MELB_URBAN,UNKNOWN,11,13.0
183752,1,2,147,5,1,50.0,0,N,MELB_URBAN,OTHER,11,13.0
183753,1,1,130,2,1,40.0,0,I,MELB_URBAN,STREET,11,16.0
183754,1,1,147,2,1,60.0,0,I,LARGE_PROVINCIAL_CITIES,STREET,11,15.0
183755,1,1,99,2,1,100.0,0,I,RURAL_VICTORIA,OTHER,11,15.0
183756,4,2,181,5,1,100.0,1,N,RURAL_VICTORIA,ROAD,11,15.0
183757,4,1,183,5,1,60.0,0,N,RURAL_VICTORIA,ROAD,11,16.0
183758,1,1,110,1,1,50.0,0,I,MELB_URBAN,STREET,11,15.0
183759,4,2,171,5,1,100.0,0,N,MELB_URBAN,FREEWAY,11,15.0
183760,1,7,133,5,1,40.0,0,N,MELBOURNE_CBD,STREET,11,15.0
183761,1,2,163,5,1,40.0,0,N,MELBOURNE_CBD,STREET,11,18.0
183762,1,6,130,5,1,60.0,0,N,MELB_URBAN,FREEWAY,11,16.0
183763,1,2,99,2,1,50.0,0,I,MELB_URBAN,ROAD,11,18.0
183764,1,6,160,5,1,50.0,0,N,MELB_URBAN,BOULEVARD,11,9.0
183765,1,2,110,1,1,60.0,0,I,MELB_URBAN,STREET,11,19.0
183766,1,7,130,1,1,50.0,0,I,LARGE_PROVINCIAL_CITIES,STREET,11,11.0
183767,1,1,130,5,1,80.0,0,N,MELB_URBAN,ROAD,11,17.0
183768,8,4,174,2,1,40.0,0,I,MELB_URBAN,STREET,11,15.0
183769,1,1,130,5,1,70.0,0,N,RURAL_VICTORIA,ROAD,11,15.0
183770,4,1,173,5,3,60.0,0,N,MELB_URBAN,HIGHWAY,11,22.0
183771,1,2,110,1,3,80.0,1,I,MELB_URBAN,ROAD,11,23.0
183772,2,2,99,5,1,50.0,0,N,MELB_URBAN,OTHER,11,18.0
183773,4,1,171,5,3,80.0,0,N,MELB_URBAN,ROAD,11,1.0
183774,4,3,181,5,2,80.0,0,N,MELB_URBAN,FREEWAY,11,5.0
183775,4,2,173,5,1,100.0,0,N,RURAL_VICTORIA,ROAD,11,15.0
183776,1,3,130,5,9,60.0,0,N,MELB_URBAN,DRIVE,1,19.0
183777,1,2,110,1,1,60.0,0,I,MELB_URBAN,STREET,11,8.0
183778,1,3,110,1,1,60.0,0,N,SMALL_CITIES,ROAD,11,6.0
183779,1,3,113,2,1,60.0,0,I,MELB_URBAN,ROAD,11,8.0
183780,1,1,147,5,1,50.0,0,N,RURAL_VICTORIA,BOULEVARD,10,10.0
183781,1,3,113,1,1,60.0,0,I,MELB_URBAN,ROAD,11,7.0
183782,1,3,130,5,1,100.0,0,N,MELB_URBAN,FREEWAY,11,8.0
183783,1,2,160,5,1,60.0,0,N,MELB_URBAN,ROAD,11,7.0
183784,1,2,116,2,1,80.0,0,I,MELB_URBAN,DRIVE,11,9.0
183785,1,6,130,5,1,60.0,0,N,SMALL_CITIES,STREET,11,17.0
183786,1,3,135,5,1,80.0,0,N,MELB_URBAN,FREEWAY,11,7.0
183787,1,3,113,1,1,60.0,0,I,LARGE_PROVINCIAL_CITIES,STREET,11,10.0
183788,1,2,135,5,1,40.0,0,N,MELB_URBAN,STREET,11,7.0
183789,1,6,113,2,1,60.0,0,I,MELB_URBAN,ROAD,11,17.0
183790,1,3,130,1,1,80.0,0,I,RURAL_VICTORIA,HIGHWAY,11,7.0
183791,4,3,173,5,1,80.0,0,N,RURAL_VICTORIA,ROAD,3,15.0
183792,6,2,174,3,1,50.0,0,N,RURAL_VICTORIA,OTHER,11,6.0
183793,1,1,110,1,1,60.0,0,I,MELB_URBAN,HIGHWAY,10,11.0
183794,8,3,99,2,1,50.0,0,I,LARGE_PROVINCIAL_CITIES,STREET,11,8.0
183795,1,3,130,1,1,70.0,0,N,MELB_URBAN,ROAD,11,8.0
183796,4,3,173,5,1,100.0,1,N,RURAL_VICTORIA,HIGHWAY,11,8.0
183797,1,2,140,5,1,80.0,0,N,RURAL_VICTORIA,OTHER,11,8.0
183798,1,3,130,5,1,50.0,0,N,MELB_URBAN,ROAD,10,11.0
183799,1,5,121,2,3,80.0,0,N,RURAL_VICTORIA,ROAD,10,4.0
183800,1,3,110,1,1,50.0,0,I,LARGE_PROVINCIAL_CITIES,STREET,11,12.0
183801,1,3,121,1,1,50.0,0,I,SMALL_CITIES,STREET,11,14.0
183802,1,1,99,2,1,80.0,0,I,MELB_URBAN,ROAD,11,14.0
183803,1,2,130,3,1,60.0,0,I,RURAL_VICTORIA,DRIVE,11,13.0
183804,1,2,130,5,1,80.0,0,N,MELB_URBAN,ROAD,11,13.0
183805,1,1,110,1,1,40.0,0,I,MELB_URBAN,ROAD,11,9.0
183806,3,1,167,5,5,100.0,0,N,RURAL_VICTORIA,HIGHWAY,11,5.0
183807,1,3,120,5,1,100.0,1,N,RURAL_VICTORIA,HIGHWAY,11,12.0
183808,6,3,99,5,1,100.0,0,N,MELB_URBAN,FREEWAY,11,16.0
183809,1,1,130,5,1,40.0,0,N,MELB_URBAN,STREET,11,15.0
183810,1,3,121,2,1,80.0,0,N,RURAL_VICTORIA,PARADE,11,13.0
183811,1,3,173,5,1,100.0,0,N,MELB_URBAN,UNKNOWN,11,16.0
183812,1,6,121,5,1,60.0,0,N,MELB_URBAN,STREET,11,13.0
183813,1,3,130,5,1,100.0,0,N,MELB_URBAN,FREEWAY,11,17.0
183814,1,3,120,2,1,80.0,0,I,RURAL_VICTORIA,HIGHWAY,11,18.0
183815,1,3,160,5,1,50.0,0,N,MELB_URBAN,STREET,11,17.0
183816,8,7,99,1,1,60.0,0,I,MELB_URBAN,AVENUE,7,16.0
183817,4,2,99,5,1,60.0,0,N,RURAL_VICTORIA,ROAD,11,16.0
183818,1,1,116,2,2,100.0,0,I,RURAL_VICTORIA,ROAD,11,20.0
183819,1,7,130,5,9,80.0,0,N,SMALL_CITIES,HIGHWAY,6,0.0
183820,4,3,99,5,2,80.0,0,N,RURAL_VICTORIA,HIGHWAY,11,19.0
183821,1,3,130,5,1,80.0,0,N,RURAL_VICTORIA,ROAD,11,18.0
183822,4,2,181,5,1,100.0,0,N,RURAL_VICTORIA,ROAD,11,16.0
183823,6,2,99,5,1,50.0,0,N,SMALL_CITIES,ROAD,11,20.0
183824,1,3,135,5,1,80.0,0,N,MELB_URBAN,FREEWAY,11,15.0
183825,1,3,99,1,3,40.0,0,I,MELB_URBAN,STREET,11,20.0
183826,4,3,171,5,5,80.0,0,N,MELB_URBAN,ROAD,11,23.0
183827,1,3,120,1,3,50.0,0,N,MELB_URBAN,STREET,11,21.0
183828,1,3,130,1,3,40.0,0,I,MELBOURNE_CBD,STREET,11,23.0
183829,1,2,130,5,3,100.0,0,N,RURAL_VICTORIA,FREEWAY,11,23.0
183830,1,1,130,5,2,80.0,0,N,RURAL_VICTORIA,ROAD,11,19.0
183831,1,4,160,5,3,50.0,0,N,MELB_URBAN,AVENUE,11,3.0
183832,1,4,130,1,1,40.0,0,N,MELB_URBAN,ROAD,10,12.0
183833,4,4,99,2,1,80.0,0,N,RURAL_VICTORIA,ROAD,11,7.0
183834,4,4,171,5,2,80.0,0,N,RURAL_VICTORIA,ROAD,11,6.0
183835,4,4,183,5,1,60.0,0,N,MELB_URBAN,ROAD,11,7.0
183836,1,4,121,2,1,60.0,0,I,MELB_URBAN,HIGHWAY,11,8.0
183837,2,4,102,5,1,50.0,0,N,MELB_URBAN,ROAD,11,9.0
183838,1,4,130,1,1,50.0,0,I,RURAL_VICTORIA,ROAD,11,9.0
183839,1,7,121,1,1,80.0,0,N,MELB_URBAN,HIGHWAY,11,19.0
183840,1,4,160,5,1,50.0,0,N,RURAL_VICTORIA,STREET,11,9.0
183841,1,3,99,5,1,60.0,0,N,MELB_URBAN,STREET,11,17.0
183842,1,3,140,5,1,40.0,0,N,MELBOURNE_CBD,STREET,11,13.0
183843,1,2,99,1,9,60.0,0,I,RURAL_VICTORIA,ROAD,11,11.0
183844,1,5,110,1,1,80.0,0,I,SMALL_CITIES,ROAD,9,8.0
183845,1,3,130,2,1,60.0,0,I,MELB_URBAN,STREET,11,13.0
183846,1,6,99,2,1,70.0,0,I,MELB_URBAN,ROAD,11,7.0
183847,2,4,100,5,1,70.0,0,N,MELB_URBAN,ROAD,11,11.0
183848,1,4,99,5,1,80.0,0,N,MELB_URBAN,FREEWAY,11,16.0
183849,1,2,130,5,1,60.0,0,N,MELB_URBAN,ROAD,11,17.0
183850,1,3,110,1,1,100.0,0,I,RURAL_VICTORIA,STREET,11,15.0
183851,2,4,99,5,1,50.0,0,N,TOWNS,STREET,11,16.0
183852,1,3,116,2,1,80.0,0,O,MELB_URBAN,UNKNOWN,11,16.0
183853,1,3,130,2,1,80.0,0,I,RURAL_VICTORIA,ROAD,11,14.0
183854,1,5,130,1,6,60.0,0,I,MELB_URBAN,ROAD,9,6.0
183855,1,3,130,5,1,80.0,0,N,MELB_URBAN,RAMP,11,17.0
183856,1,3,163,5,1,40.0,0,N,MELB_URBAN,STREET,11,18.0
183857,1,2,110,1,1,60.0,0,I,MELB_URBAN,STREET,11,16.0
183858,1,4,121,1,9,60.0,0,I,MELB_URBAN,ROAD,3,14.0
183859,1,4,130,1,1,80.0,0,N,MELB_URBAN,ROAD,11,14.0
183860,1,4,121,2,1,70.0,0,I,MELB_URBAN,ROAD,11,17.0
183861,1,4,121,2,1,60.0,0,I,MELB_URBAN,OTHER,11,19.0
183862,1,1,130,1,1,80.0,0,N,MELB_URBAN,STREET,11,14.0
183863,1,4,99,5,1,50.0,0,N,TOWNS,ROAD,11,18.0
183864,1,4,99,2,1,60.0,1,I,MELB_URBAN,ROAD,11,18.0
183865,1,3,130,1,1,70.0,0,I,LARGE_PROVINCIAL_CITIES,OTHER,11,16.0
183866,1,4,130,5,1,60.0,0,N,MELB_URBAN,ROAD,11,14.0
183867,1,4,160,5,3,60.0,0,N,SMALL_CITIES,AVENUE,11,23.0
183868,1,4,120,5,3,100.0,0,N,RURAL_VICTORIA,FREEWAY,11,22.0
183869,1,4,99,2,4,60.0,0,I,MELB_URBAN,ROAD,11,21.0
183870,4,3,181,5,1,50.0,0,N,MELB_URBAN,STREET,11,14.0
183871,1,5,130,5,1,80.0,0,N,RURAL_VICTORIA,ROAD,10,12.0
183872,1,3,130,4,1,80.0,0,N,MELB_URBAN,ROAD,11,14.0
183873,5,4,99,5,9,60.0,0,N,RURAL_VICTORIA,ROAD,11,5.0
183874,8,2,184,3,1,60.0,0,I,RURAL_VICTORIA,ROAD,11,15.0
183875,1,5,99,1,1,60.0,0,I,MELB_URBAN,ROAD,11,9.0
183876,1,3,113,2,1,60.0,0,I,SMALL_CITIES,STREET,9,13.0
183877,1,5,120,2,1,60.0,0,N,MELB_URBAN,ROAD,11,9.0
183878,1,2,99,1,1,50.0,0,I,MELB_URBAN,STREET,11,18.0
183879,1,5,130,5,1,100.0,0,N,MELB_URBAN,FREEWAY,11,7.0
183880,1,5,130,5,1,100.0,0,N,MELB_URBAN,FREEWAY,11,6.0
183881,2,4,100,1,1,60.0,0,I,MELB_URBAN,ROAD,11,10.0
183882,9,2,99,5,1,60.0,0,N,TOWNS,OTHER,11,13.0
183883,1,5,121,1,1,70.0,0,I,MELB_URBAN,ROAD,11,9.0
183884,4,5,183,5,1,40.0,0,N,MELB_URBAN,DRIVE,11,15.0
183885,1,5,121,1,1,60.0,0,I,MELB_URBAN,ROAD,11,9.0
183886,6,3,184,5,1,100.0,0,N,RURAL_VICTORIA,ROAD,10,15.0
183887,1,5,121,2,1,60.0,0,I,MELB_URBAN,BOULEVARD,11,10.0
183888,1,4,113,4,1,80.0,0,I,SMALL_CITIES,DRIVE,11,12.0
183889,1,5,147,5,1,50.0,0,N,SMALL_CITIES,STREET,11,12.0
183890,2,5,102,1,1,60.0,0,I,MELB_URBAN,ROAD,11,12.0
183891,1,1,133,5,1,50.0,0,N,TOWNS,PARADE,11,16.0
183892,1,2,130,5,1,80.0,0,N,MELB_URBAN,ROAD,11,16.0
183893,1,5,111,2,1,60.0,0,I,TOWNS,OTHER,11,13.0
183894,1,2,110,1,1,60.0,0,I,SMALL_CITIES,STREET,11,11.0
183895,4,4,181,5,1,100.0,0,N,RURAL_VICTORIA,ROAD,11,10.0
183896,8,5,170,5,1,100.0,0,N,RURAL_VICTORIA,OTHER,11,12.0
183897,1,5,121,2,1,70.0,0,I,MELB_URBAN,ROAD,11,8.0
183898,1,7,113,2,1,60.0,0,N,MELB_URBAN,BOULEVARD,10,16.0
183899,1,1,116,2,1,60.0,0,I,MELB_URBAN,ROAD,10,14.0
183900,5,3,99,5,2,100.0,0,N,MELB_URBAN,ROAD,10,19.0
183901,4,5,171,5,1,60.0,0,N,MELB_URBAN,ROAD,11,12.0
183902,1,2,130,5,1,60.0,0,N,MELB_URBAN,STREET,11,15.0
183903,2,5,100,1,1,60.0,0,I,MELB_URBAN,STREET,11,12.0
183904,2,5,99,5,1,50.0,0,N,MELB_URBAN,STREET,11,13.0
183905,1,4,147,5,1,50.0,0,I,MELB_URBAN,ROAD,11,8.0
183906,1,6,121,5,1,60.0,0,N,MELB_URBAN,ROAD,2,10.0
183907,2,5,99,5,1,40.0,0,N,TOWNS,DRIVE,11,10.0
183908,1,3,113,1,1,80.0,0,I,MELB_URBAN,ROAD,10,8.0
183909,1,4,110,1,1,60.0,0,N,MELB_URBAN,ROAD,11,14.0
183910,1,5,99,5,1,60.0,0,N,RURAL_VICTORIA,ROAD,11,11.0
183911,2,5,99,5,1,60.0,0,N,MELB_URBAN,ROAD,11,16.0
183912,1,7,113,4,3,60.0,0,I,MELB_URBAN,ROAD,7,19.0
183913,1,4,130,5,1,60.0,0,N,MELB_URBAN,ROAD,11,17.0
183914,1,5,110,4,1,60.0,0,I,RURAL_VICTORIA,ROAD,11,15.0
183915,4,4,173,5,1,100.0,0,N,RURAL_VICTORIA,ROAD,11,16.0
183916,1,5,113,1,1,80.0,0,I,RURAL_VICTORIA,STREET,11,17.0
183917,1,5,130,5,1,50.0,0,N,MELB_URBAN,ROAD,11,14.0
183918,1,4,130,2,1,60.0,0,I,MELB_URBAN,ROAD,11,9.0
183919,1,5,130,2,1,50.0,0,I,RURAL_VICTORIA,STREET,11,8.0
183920,1,3,120,5,1,50.0,0,N,MELB_URBAN,BOULEVARD,11,15.0
183921,1,4,121,5,1,60.0,0,N,MELB_URBAN,ROAD,11,18.0
183922,1,5,99,5,1,50.0,0,N,MELB_URBAN,DRIVE,11,17.0
183923,1,4,110,1,1,50.0,0,I,MELB_URBAN,STREET,11,15.0
183924,1,4,99,5,6,60.0,0,N,LARGE_PROVINCIAL_CITIES,STREET,11,20.0
183925,1,5,99,2,2,50.0,0,I,MELB_URBAN,OTHER,11,20.0
183926,6,5,174,5,1,60.0,0,N,MELB_URBAN,ROAD,11,19.0
183927,6,5,184,5,1,100.0,0,N,MELB_URBAN,FREEWAY,11,17.0
183928,1,3,130,5,3,70.0,0,N,RURAL_VICTORIA,ROAD,11,20.0
183929,1,4,130,5,1,60.0,0,N,LARGE_PROVINCIAL_CITIES,STREET,11,12.0
183930,1,4,121,1,1,60.0,0,I,RURAL_VICTORIA,ROAD,11,18.0
183931,1,4,121,1,1,60.0,0,I,MELB_URBAN,ROAD,11,16.0
183932,1,4,130,5,2,60.0,0,N,MELB_URBAN,ROAD,11,19.0
183933,1,5,113,2,1,80.0,1,I,SMALL_CITIES,HIGHWAY,11,16.0
183934,1,5,130,2,3,80.0,0,I,MELB_URBAN,HIGHWAY,11,21.0
183935,1,5,99,5,1,70.0,1,N,RURAL_VICTORIA,ROAD,11,18.0
183936,6,6,99,5,1,100.0,0,N,RURAL_VICTORIA,ROAD,10,18.0
183937,1,4,147,5,1,60.0,0,N,MELB_URBAN,OTHER,11,17.0
183938,4,5,181,5,1,100.0,0,N,RURAL_VICTORIA,ROAD,11,14.0
183939,4,5,99,5,5,80.0,0,N,MELB_URBAN,ROAD,11,0.0
183940,1,4,113,4,2,60.0,0,I,RURAL_VICTORIA,ROAD,11,5.0
183941,4,6,99,5,1,40.0,0,N,TOWNS,STREET,11,6.0
183942,3,5,167,5,2,80.0,0,N,RURAL_VICTORIA,HIGHWAY,11,5.0
183943,1,7,132,2,1,80.0,0,I,TOWNS,HIGHWAY,11,12.0
183944,1,6,121,2,1,60.0,0,I,MELB_URBAN,ROAD,11,6.0
183945,4,6,171,5,1,80.0,0,N,RURAL_VICTORIA,ROAD,11,9.0
183946,1,6,183,5,2,50.0,0,N,MELB_URBAN,OTHER,11,6.0
183947,3,5,167,5,5,60.0,0,N,RURAL_VICTORIA,ROAD,10,22.0
183948,1,4,130,5,1,40.0,0,N,SMALL_CITIES,HIGHWAY,11,16.0
183949,1,1,130,5,1,80.0,0,N,MELB_URBAN,ROAD,9,16.0
183950,1,2,135,5,1,100.0,0,N,RURAL_VICTORIA,RAMP,11,7.0
183951,1,0,120,5,1,60.0,0,N,RURAL_VICTORIA,ROAD,11,11.0
183952,1,5,121,1,1,60.0,0,I,MELB_URBAN,ROAD,11,16.0
183953,1,5,111,3,3,50.0,0,I,SMALL_CITIES,STREET,11,20.0
183954,1,5,116,2,1,80.0,0,I,MELB_URBAN,ROAD,11,17.0
183955,1,5,116,1,1,50.0,0,I,MELB_URBAN,PARADE,11,19.0
183956,1,6,120,2,1,60.0,0,N,SMALL_CITIES,AVENUE,11,11.0
183957,1,5,99,1,1,60.0,0,I,MELB_URBAN,ROAD,11,8.0
183958,1,3,134,5,1,100.0,0,N,MELB_URBAN,ROAD,11,17.0
183959,1,5,121,1,1,60.0,0,I,MELB_URBAN,STREET,11,14.0
183960,1,6,121,2,1,60.0,0,I,RURAL_VICTORIA,ROAD,11,16.0
183961,1,5,130,5,1,80.0,0,N,RURAL_VICTORIA,ROAD,11,15.0
183962,1,7,121,2,1,50.0,0,I,MELB_URBAN,AVENUE,11,14.0
183963,8,6,99,5,1,100.0,0,N,RURAL_VICTORIA,ROAD,11,14.0
183964,1,6,116,2,1,40.0,0,I,MELB_URBAN,OTHER,11,14.0
183965,1,3,130,5,5,40.0,0,N,RURAL_VICTORIA,ROAD,11,22.0
183966,1,6,130,5,1,100.0,0,N,MELB_URBAN,FREEWAY,11,15.0
183967,1,6,99,5,1,100.0,0,N,MELB_URBAN,FREEWAY,11,13.0
183968,1,6,130,5,1,60.0,0,N,RURAL_VICTORIA,ROAD,11,16.0
183969,1,6,110,1,1,50.0,0,I,MELB_URBAN,OTHER,11,15.0
183970,1,5,147,5,4,60.0,0,N,MELB_URBAN,ROAD,11,21.0
183971,1,6,99,5,1,50.0,0,N,SMALL_CITIES,STREET,11,19.0
183972,1,6,163,5,3,30.0,0,N,MELB_URBAN,STREET,11,21.0
183973,1,3,130,1,4,80.0,0,I,MELB_URBAN,ROAD,11,4.0