,accident_type,day_of_week,dca_code,road_geometry,light_condition,speed_zone,severity,node_type,deg_urban_name,road_type,month,hour
183974,4,6,181,2,3,60.0,1,N,TOWNS,STREET,11,21.0
183975,2,6,102,5,3,80.0,0,N,MELB_URBAN,HIGHWAY,11,21.0
183976,1,6,121,1,3,80.0,0,I,MELB_URBAN,DRIVE,11,0.0
183977,4,6,171,5,3,80.0,0,N,MELB_URBAN,OTHER,11,1.0
183978,1,6,121,2,1,60.0,0,I,MELB_URBAN,STREET,11,12.0
183979,1,7,99,5,3,50.0,0,N,MELB_URBAN,STREET,11,4.0
183980,1,7,163,5,1,40.0,0,N,MELB_URBAN,STREET,11,8.0
183981,6,7,170,5,5,80.0,0,N,RURAL_VICTORIA,ROAD,11,5.0
183982,4,7,99,5,1,100.0,0,N,RURAL_VICTORIA,ROAD,11,7.0
183983,1,5,130,1,1,80.0,0,I,MELB_URBAN,ROAD,11,8.0
183984,1,5,110,1,1,60.0,0,I,MELB_URBAN,STREET,11,17.0
183985,8,4,174,5,2,60.0,0,N,RURAL_VICTORIA,OTHER,11,6.0
183986,1,6,110,1,1,60.0,0,I,TOWNS,STREET,11,10.0
183987,1,7,130,1,1,60.0,0,I,MELB_URBAN,ROAD,11,10.0
183988,1,4,133,5,1,80.0,0,N,LARGE_PROVINCIAL_CITIES,ROAD,11,6.0
183989,1,6,130,1,1,80.0,0,N,MELB_URBAN,ROAD,11,17.0
183990,1,7,121,1,1,70.0,0,I,MELB_URBAN,ROAD,11,7.0
183991,1,7,163,5,1,50.0,0,N,MELB_URBAN,ROAD,11,11.0
183992,1,7,130,1,1,70.0,0,I,MELB_URBAN,STREET,11,8.0
183993,1,7,99,5,1,80.0,0,N,MELB_URBAN,ROAD,11,11.0
183994,4,7,171,5,1,40.0,0,N,RURAL_VICTORIA,ROAD,11,10.0
183995,6,7,184,5,1,80.0,0,N,RURAL_VICTORIA,ROAD,11,10.0
183996,6,7,174,5,1,100.0,0,N,RURAL_VICTORIA,ROAD,11,12.0
183997,1,6,130,5,9,100.0,0,N,MELB_URBAN,FREEWAY,11,13.0
183998,1,7,130,5,1,80.0,0,N,MELB_URBAN,FREEWAY,11,11.0
183999,1,7,163,5,1,60.0,0,N,MELB_URBAN,STREET,11,9.0
184000,1,6,132,1,1,40.0,0,I,MELBOURNE_CBD,STREET,11,11.0
184001,4,7,173,5,1,80.0,0,N,MELB_URBAN,HIGHWAY,11,13.0
184002,8,7,99,5,1,80.0,0,N,RURAL_VICTORIA,ROAD,11,14.0
184003,8,7,99,5,1,80.0,0,N,RURAL_VICTORIA,ROAD,11,12.0
184004,1,7,130,5,1,80.0,0,N,RURAL_VICTORIA,HIGHWAY,11,17.0
184005,1,6,121,5,1,40.0,0,N,MELB_URBAN,STREET,11,17.0
184006,1,5,130,5,1,80.0,0,N,MELB_URBAN,ROAD,11,12.0
184007,4,6,181,5,1,100.0,0,N,RURAL_VICTORIA,ROAD,11,16.0
184008,1,6,133,5,1,60.0,0,N,MELB_URBAN,ROAD,11,18.0
184009,2,7,100,1,1,60.0,0,I,MELB_URBAN,ROAD,11,6.0
184010,4,7,171,5,1,80.0,0,N,MELB_URBAN,ROAD,11,18.0
184011,1,2,116,1,2,40.0,0,I,MELB_URBAN,STREET,11,19.0
184012,1,7,113,2,3,60.0,0,I,RURAL_VICTORIA,ROAD,11,20.0
184013,4,6,181,5,2,80.0,0,N,RURAL_VICTORIA,ROAD,11,18.0
184014,1,1,134,1,3,80.0,0,I,MELB_URBAN,HIGHWAY,11,0.0
184015,1,7,99,1,3,60.0,0,I,RURAL_VICTORIA,STREET,11,22.0
184016,1,7,160,2,3,30.0,0,I,MELB_URBAN,STREET,11,22.0
184017,1,5,147,5,1,60.0,0,N,SMALL_CITIES,ROAD,11,11.0
184018,1,1,147,5,1,60.0,0,N,SMALL_CITIES,ROAD,11,8.0
184019,1,1,110,1,1,60.0,0,I,MELB_URBAN,ROAD,11,6.0
184020,1,3,99,2,1,50.0,0,I,MELB_URBAN,ROAD,11,18.0
184021,1,5,110,1,6,50.0,0,I,TOWNS,STREET,8,6.0
184022,4,1,181,5,1,100.0,0,N,RURAL_VICTORIA,ROAD,11,7.0
184023,1,1,121,2,1,40.0,0,I,MELB_URBAN,STREET,11,17.0
184024,6,1,174,2,1,40.0,0,I,RURAL_VICTORIA,ROAD,11,9.0
184025,1,5,130,5,1,80.0,0,N,MELB_URBAN,OTHER,10,17.0
184026,1,0,113,2,1,60.0,0,I,MELB_URBAN,ROAD,11,11.0
184027,1,7,130,1,1,80.0,0,N,MELB_URBAN,ROAD,11,13.0
184028,1,0,121,4,1,80.0,0,N,RURAL_VICTORIA,ROAD,11,12.0
184029,1,0,120,5,1,80.0,0,N,MELB_URBAN,ROAD,11,13.0
184030,1,1,99,5,1,60.0,0,N,MELB_URBAN,ROAD,11,12.0
184031,1,1,110,1,1,60.0,0,I,LARGE_PROVINCIAL_CITIES,HIGHWAY,11,11.0
184032,1,2,110,1,1,50.0,0,I,MELB_URBAN,ROAD,11,10.0
184033,6,0,99,5,1,100.0,0,N,RURAL_VICTORIA,ROAD,11,13.0
184034,4,1,183,5,1,60.0,0,N,MELB_URBAN,ROAD,11,16.0
184035,1,1,99,5,1,100.0,0,N,RURAL_VICTORIA,HIGHWAY,11,15.0
184036,1,1,130,5,1,80.0,0,N,MELB_URBAN,FREEWAY,11,13.0
184037,1,1,130,5,1,80.0,0,N,MELB_URBAN,HIGHWAY,11,16.0
184038,1,1,99,2,1,60.0,0,N,MELB_URBAN,DRIVE,11,15.0
184039,4,0,181,5,1,80.0,0,N,RURAL_VICTORIA,ROAD,11,15.0
184040,1,1,160,5,1,60.0,0,N,LARGE_PROVINCIAL_CITIES,STREET,11,18.0
184041,2,1,102,2,1,60.0,0,I,MELB_URBAN,ROAD,11,16.0
184042,1,1,110,1,1,50.0,0,I,LARGE_PROVINCIAL_CITIES,STREET,11,17.0
184043,8,1,184,5,1,60.0,0,N,RURAL_VICTORIA,OTHER,11,16.0
184044,2,1,99,2,1,40.0,0,N,MELB_URBAN,STREET,11,18.0
184045,1,1,113,2,1,60.0,0,I,MELB_URBAN,DRIVE,11,16.0
184046,2,0,102,5,2,40.0,0,N,MELB_URBAN,STREET,11,20.0
184047,4,1,173,5,1,100.0,0,N,RURAL_VICTORIA,ROAD,11,16.0
184048,1,1,130,5,2,80.0,0,N,RURAL_VICTORIA,ROAD,10,6.0
184049,1,0,120,5,1,100.0,0,N,RURAL_VICTORIA,ROAD,11,11.0
184050,4,1,171,5,5,60.0,0,N,RURAL_VICTORIA,ROAD,11,21.0
184051,1,5,113,2,1,60.0,0,O,RURAL_VICTORIA,ROAD,11,15.0
184052,1,1,135,5,3,100.0,0,N,MELB_URBAN,ROAD,11,22.0
184053,1,7,111,2,1,60.0,0,I,RURAL_VICTORIA,ROAD,11,9.0
184054,1,2,160,2,3,60.0,0,N,MELB_URBAN,ROAD,11,1.0
184055,1,2,121,2,2,60.0,0,I,MELB_URBAN,ROAD,11,5.0
184056,1,4,130,1,1,80.0,0,I,MELB_URBAN,HIGHWAY,11,14.0
184057,4,2,181,5,2,100.0,0,N,RURAL_VICTORIA,HIGHWAY,11,6.0
184058,1,3,130,5,1,40.0,0,N,MELB_URBAN,PARADE,5,12.0
184059,1,3,134,5,1,80.0,0,N,MELB_URBAN,FREEWAY,11,17.0
184060,1,2,110,1,1,40.0,0,I,MELB_URBAN,ROAD,11,9.0
184061,3,6,167,5,5,60.0,0,N,RURAL_VICTORIA,ROAD,11,20.0
184062,4,1,99,5,1,60.0,0,N,MELB_URBAN,ROAD,11,17.0
184063,1,4,130,5,1,100.0,0,N,MELB_URBAN,FREEWAY,4,15.0
184064,1,2,99,5,1,50.0,0,N,MELB_URBAN,ROAD,11,10.0
184065,1,2,135,5,1,80.0,0,N,MELB_URBAN,ROAD,11,8.0
184066,1,0,163,5,1,40.0,0,N,MELB_URBAN,STREET,11,10.0
184067,1,2,121,1,1,80.0,0,I,MELB_URBAN,HIGHWAY,11,10.0
184068,4,6,181,5,1,50.0,0,N,MELB_URBAN,HIGHWAY,11,15.0
184069,1,2,110,1,9,50.0,0,I,SMALL_CITIES,STREET,11,15.0
184070,1,1,140,5,1,50.0,0,N,MELB_URBAN,STREET,11,10.0
184071,1,7,110,1,1,50.0,0,I,MELB_URBAN,STREET,11,16.0
184072,4,7,181,5,1,100.0,0,N,RURAL_VICTORIA,ROAD,11,11.0
184073,2,2,99,5,2,60.0,0,N,MELB_URBAN,AVENUE,11,20.0
184074,1,2,120,5,1,50.0,0,N,SMALL_CITIES,DRIVE,11,11.0
184075,1,2,121,2,1,60.0,0,I,MELB_URBAN,HIGHWAY,11,10.0
184076,1,2,130,5,1,80.0,0,N,MELB_URBAN,RAMP,11,13.0
184077,2,1,102,1,1,60.0,0,I,SMALL_CITIES,STREET,11,14.0
184078,3,6,167,5,1,100.0,0,N,RURAL_VICTORIA,ROAD,11,13.0
184079,5,2,99,5,1,60.0,0,N,MELB_URBAN,DRIVE,11,12.0
184080,4,2,183,5,1,50.0,0,N,MELB_URBAN,AVENUE,11,12.0
184081,1,2,147,5,1,60.0,0,N,MELB_URBAN,DRIVE,11,15.0
184082,4,3,171,5,6,60.0,0,N,MELB_URBAN,UNKNOWN,11,6.0
184083,1,2,111,2,1,100.0,0,I,RURAL_VICTORIA,ROAD,11,15.0
184084,1,2,140,5,1,60.0,0,N,SMALL_CITIES,STREET,11,16.0
184085,1,2,113,2,1,50.0,0,I,MELB_URBAN,STREET,11,12.0
184086,2,2,99,5,1,60.0,0,O,MELB_URBAN,ROAD,11,15.0
184087,4,2,183,5,1,100.0,0,N,RURAL_VICTORIA,ROAD,11,15.0
184088,1,1,110,1,1,100.0,0,I,RURAL_VICTORIA,HIGHWAY,11,12.0
184089,2,6,99,5,1,50.0,0,N,RURAL_VICTORIA,OTHER,11,14.0
184090,5,2,171,5,1,60.0,0,N,MELB_URBAN,ROAD,11,17.0
184091,2,2,102,5,1,60.0,0,N,LARGE_PROVINCIAL_CITIES,STREET,11,15.0
184092,1,2,130,5,1,100.0,0,N,MELB_URBAN,FREEWAY,11,17.0
184093,4,1,171,5,2,60.0,0,N,MELB_URBAN,STREET,11,6.0
184094,8,6,99,5,1,60.0,0,N,RURAL_VICTORIA,ROAD,11,15.0
184095,4,2,171,5,1,60.0,0,N,MELB_URBAN,ROAD,11,15.0
184096,1,1,110,1,3,40.0,0,I,MELBOURNE_CBD,OTHER,11,20.0
184097,1,2,99,5,3,50.0,0,N,SMALL_CITIES,UNKNOWN,11,21.0
184098,1,2,99,5,1,50.0,0,N,MELB_URBAN,ROAD,11,18.0
184099,2,3,99,5,5,50.0,0,N,MELB_URBAN,OTHER,11,0.0
184100,2,2,100,2,3,60.0,0,I,MELB_URBAN,ROAD,11,23.0
184101,4,3,171,5,3,50.0,0,N,MELB_URBAN,ROAD,11,1.0
184102,1,2,99,5,1,40.0,0,N,MELB_URBAN,STREET,11,12.0
184103,1,3,130,1,1,60.0,0,I,MELB_URBAN,ROAD,11,16.0
184104,1,3,121,1,1,60.0,0,I,LARGE_PROVINCIAL_CITIES,STREET,11,7.0
184105,1,3,99,2,1,60.0,0,I,MELB_URBAN,ROAD,11,7.0
184106,1,1,130,5,3,50.0,0,N,MELB_URBAN,BOULEVARD,11,20.0
184107,1,3,133,2,1,60.0,0,N,MELB_URBAN,STREET,11,8.0
184108,1,3,113,2,1,70.0,0,I,MELB_URBAN,ROAD,11,9.0
184109,1,5,130,1,3,60.0,0,I,RURAL_VICTORIA,ROAD,11,22.0
184110,1,3,130,1,9,60.0,0,I,MELB_URBAN,STREET,10,19.0
184111,4,2,99,5,1,100.0,0,N,RURAL_VICTORIA,OTHER,11,12.0
184112,1,3,120,5,1,60.0,0,N,MELB_URBAN,ROAD,11,12.0
184113,1,6,130,5,1,80.0,0,N,RURAL_VICTORIA,HIGHWAY,10,12.0
184114,1,3,130,2,2,60.0,0,I,RURAL_VICTORIA,HIGHWAY,11,18.0
184115,1,6,130,5,1,80.0,0,N,MELB_URBAN,HIGHWAY,11,16.0
184116,1,2,130,5,1,70.0,0,N,LARGE_PROVINCIAL_CITIES,ROAD,11,16.0
184117,4,1,173,5,1,100.0,0,N,RURAL_VICTORIA,ROAD,11,17.0
184118,1,5,147,5,9,60.0,0,N,MELB_URBAN,STREET,11,17.0
184119,6,6,174,5,1,80.0,0,N,RURAL_VICTORIA,OTHER,11,15.0
184120,1,2,135,1,1,60.0,0,I,MELB_URBAN,STREET,11,8.0
184121,1,2,110,1,1,40.0,0,I,MELB_URBAN,STREET,11,16.0
184122,1,2,110,1,1,60.0,0,I,RURAL_VICTORIA,ROAD,11,17.0
184123,1,3,130,5,1,60.0,0,N,MELB_URBAN,OTHER,11,16.0
184124,1,1,121,1,1,60.0,0,O,MELB_URBAN,UNKNOWN,6,13.0
184125,4,1,181,5,2,100.0,0,N,RURAL_VICTORIA,ROAD,11,20.0
184126,1,3,99,1,1,80.0,0,I,MELB_URBAN,ROAD,11,16.0
184127,1,0,130,5,1,40.0,0,N,MELB_URBAN,ROAD,11,12.0
184128,1,2,113,2,1,60.0,0,I,MELB_URBAN,ROAD,11,18.0
184129,1,2,130,5,1,80.0,0,N,MELB_URBAN,HIGHWAY,11,17.0
184130,1,3,140,2,1,70.0,0,I,MELB_URBAN,ROAD,11,19.0
184131,4,2,171,4,3,60.0,0,N,MELB_URBAN,HIGHWAY,10,22.0
184132,1,3,121,1,2,60.0,0,I,SMALL_CITIES,STREET,11,6.0
184133,1,3,110,1,1,80.0,0,I,MELB_URBAN,ROAD,11,18.0
184134,1,3,99,1,1,50.0,0,I,MELB_URBAN,ROAD,11,14.0
184135,1,3,173,5,3,50.0,0,N,SMALL_CITIES,STREET,11,21.0
184136,4,3,181,5,1,80.0,1,N,RURAL_VICTORIA,ROAD,11,16.0
184137,2,2,99,5,1,50.0,0,N,MELB_URBAN,STREET,11,19.0
184138,1,3,111,2,3,50.0,0,I,MELB_URBAN,ROAD,11,0.0
184139,1,3,110,1,3,60.0,0,I,MELB_URBAN,ROAD,11,23.0
184140,1,3,111,2,1,50.0,0,I,MELB_URBAN,BOULEVARD,11,18.0
184141,1,4,160,5,3,60.0,0,N,LARGE_PROVINCIAL_CITIES,STREET,11,2.0
184142,1,2,111,2,1,60.0,0,I,MELB_URBAN,AVENUE,11,16.0
184143,1,3,111,2,1,80.0,0,I,RURAL_VICTORIA,ROAD,11,5.0
184144,1,4,130,5,2,100.0,0,N,MELB_URBAN,FREEWAY,11,4.0
184145,1,6,121,1,3,60.0,0,I,MELB_URBAN,HIGHWAY,8,22.0
184146,1,2,99,2,1,50.0,0,I,MELB_URBAN,AVENUE,11,15.0
184147,1,4,121,2,1,80.0,0,I,RURAL_VICTORIA,ROAD,11,6.0
184148,1,6,130,5,1,40.0,0,N,LARGE_PROVINCIAL_CITIES,STREET,8,11.0
184149,1,3,110,1,1,40.0,0,I,TOWNS,ROAD,11,8.0
184150,2,4,99,5,1,40.0,0,N,MELB_URBAN,ROAD,11,7.0
184151,2,3,100,2,1,50.0,0,I,MELB_URBAN,ROAD,11,9.0
184152,1,1,111,2,1,80.0,0,I,MELB_URBAN,ROAD,6,7.0
184153,2,3,102,1,1,40.0,0,I,MELB_URBAN,STREET,11,10.0
184154,1,4,130,5,1,80.0,0,N,MELB_URBAN,OTHER,11,6.0
184155,2,3,99,5,1,80.0,0,N,RURAL_VICTORIA,ROAD,11,10.0
184156,1,4,140,5,1,100.0,0,N,RURAL_VICTORIA,HIGHWAY,11,11.0
184157,2,4,100,1,1,60.0,0,N,LARGE_PROVINCIAL_CITIES,ROAD,11,11.0
184158,4,2,181,5,2,50.0,0,N,MELB_URBAN,ROAD,11,19.0
184159,1,4,121,2,1,80.0,0,I,MELB_URBAN,HIGHWAY,11,8.0
184160,1,4,99,5,1,50.0,0,N,TOWNS,STREET,11,13.0
184161,1,4,111,1,1,60.0,0,N,MELB_URBAN,ROAD,11,7.0
184162,1,3,110,1,9,60.0,0,I,LARGE_PROVINCIAL_CITIES,STREET,9,20.0
184163,1,4,147,5,1,80.0,0,N,MELB_URBAN,ROAD,11,8.0
184164,1,4,113,2,1,60.0,0,I,TOWNS,ROAD,11,14.0
184165,1,3,111,1,1,70.0,0,I,MELB_URBAN,ROAD,11,19.0
184166,2,4,102,5,1,70.0,0,N,LARGE_PROVINCIAL_CITIES,OTHER,11,15.0
184167,1,4,99,2,1,50.0,0,I,MELB_URBAN,OTHER,11,0.0
184168,4,3,173,5,1,80.0,0,N,SMALL_CITIES,HIGHWAY,11,14.0
184169,7,3,99,5,1,60.0,0,N,MELB_URBAN,STREET,11,11.0
184170,1,4,120,5,1,50.0,0,N,RURAL_VICTORIA,ROAD,11,14.0
184171,1,3,130,2,1,70.0,0,I,MELB_URBAN,ROAD,11,12.0
184172,1,4,130,5,1,90.0,0,N,MELB_URBAN,HIGHWAY,11,15.0
184173,4,2,183,5,1,80.0,0,N,RURAL_VICTORIA,ROAD,11,18.0
184174,1,4,99,5,1,60.0,0,O,MELB_URBAN,OTHER,11,16.0
184175,1,3,130,5,9,80.0,0,N,MELB_URBAN,HIGHWAY,11,15.0
184176,1,4,110,1,1,60.0,0,I,MELB_URBAN,STREET,11,15.0
184177,1,3,110,1,1,40.0,0,N,MELB_URBAN,ROAD,11,14.0
184178,1,4,121,2,1,80.0,0,I,RURAL_VICTORIA,HIGHWAY,11,15.0
184179,1,4,132,1,1,100.0,0,I,RURAL_VICTORIA,ROAD,11,18.0
184180,8,3,184,2,1,60.0,0,N,SMALL_CITIES,AVENUE,11,17.0
184181,1,4,121,2,1,50.0,0,I,MELB_URBAN,ROAD,11,16.0
184182,1,4,121,1,1,60.0,0,I,MELB_URBAN,BOULEVARD,11,18.0
184183,1,4,130,1,3,60.0,0,N,MELB_URBAN,ROAD,11,21.0
184184,1,4,113,2,1,100.0,0,I,RURAL_VICTORIA,HIGHWAY,11,16.0
184185,4,3,171,5,3,50.0,0,N,MELB_URBAN,PARADE,11,23.0
184186,1,5,147,5,1,60.0,0,N,MELB_URBAN,STREET,11,18.0
184187,1,3,121,1,3,80.0,0,I,MELB_URBAN,HIGHWAY,11,22.0
184188,1,4,121,1,3,60.0,0,I,MELB_URBAN,ROAD,11,23.0
184189,1,5,99,2,3,60.0,0,I,MELB_URBAN,ROAD,11,4.0
184190,1,5,130,5,2,100.0,0,N,MELB_URBAN,ROAD,11,5.0
184191,1,5,173,2,1,50.0,0,N,MELB_URBAN,STREET,11,7.0
184192,1,5,110,1,1,100.0,0,I,RURAL_VICTORIA,ROAD,11,6.0
184193,1,4,130,5,1,80.0,0,N,MELB_URBAN,FREEWAY,11,8.0
184194,2,5,100,1,1,80.0,0,I,MELB_URBAN,ROAD,11,8.0
184195,8,2,99,2,1,100.0,0,I,RURAL_VICTORIA,STREET,11,15.0
184196,1,5,130,5,1,100.0,0,N,MELB_URBAN,FREEWAY,11,18.0
184197,1,5,163,5,1,40.0,0,N,MELB_URBAN,ROAD,11,8.0
184198,1,5,130,5,1,100.0,0,N,RURAL_VICTORIA,HIGHWAY,11,7.0
184199,1,5,121,2,1,70.0,0,I,LARGE_PROVINCIAL_CITIES,ROAD,11,10.0
184200,1,5,121,5,1,60.0,0,N,LARGE_PROVINCIAL_CITIES,ROAD,11,9.0
184201,4,3,171,5,1,110.0,0,N,RURAL_VICTORIA,FREEWAY,11,16.0
184202,1,5,130,5,1,100.0,0,N,MELB_URBAN,ROAD,11,11.0
184203,1,5,111,2,1,60.0,0,I,MELB_URBAN,STREET,11,10.0
184204,8,5,174,5,1,60.0,0,N,MELB_URBAN,ROAD,11,12.0
184205,1,4,134,5,1,60.0,0,N,LARGE_PROVINCIAL_CITIES,STREET,11,11.0
184206,1,2,130,5,1,60.0,0,N,MELB_URBAN,ROAD,11,12.0
184207,2,4,100,5,1,80.0,0,N,MELB_URBAN,HIGHWAY,11,11.0
184208,1,4,113,2,1,60.0,0,I,MELB_URBAN,ROAD,11,7.0
184209,2,5,102,5,1,60.0,0,N,MELB_URBAN,ROAD,11,9.0
184210,1,5,130,2,1,60.0,0,I,TOWNS,ROAD,10,11.0
184211,8,2,184,5,1,100.0,0,N,MELB_URBAN,FREEWAY,11,8.0
184212,1,5,116,2,1,50.0,0,I,MELB_URBAN,STREET,11,10.0
184213,1,1,116,2,1,80.0,0,I,MELB_URBAN,AVENUE,11,16.0
184214,1,5,99,5,1,80.0,0,N,MELB_URBAN,ROAD,11,17.0
184215,5,4,99,5,5,60.0,0,N,MELB_URBAN,ROAD,11,21.0
184216,1,4,121,2,9,40.0,0,I,MELB_URBAN,ROAD,11,17.0
184217,1,1,147,2,1,80.0,0,I,MELB_URBAN,HIGHWAY,11,12.0
184218,1,3,130,5,1,80.0,0,N,MELB_URBAN,OTHER,11,8.0
184219,1,4,147,5,1,60.0,0,N,SMALL_CITIES,STREET,11,15.0
184220,1,7,99,5,1,60.0,0,N,LARGE_PROVINCIAL_CITIES,STREET,11,12.0
184221,8,6,174,2,1,50.0,0,I,MELB_URBAN,PARADE,11,17.0
184222,4,5,173,5,1,100.0,0,N,RURAL_VICTORIA,HIGHWAY,11,9.0
184223,2,4,100,2,1,40.0,0,I,LARGE_PROVINCIAL_CITIES,OTHER,11,16.0
184224,1,7,110,1,1,60.0,0,I,MELB_URBAN,ROAD,8,11.0
184225,1,4,130,5,1,40.0,0,N,MELB_URBAN,ROAD,11,16.0
184226,1,7,99,1,3,40.0,0,I,MELBOURNE_CBD,STREET,11,20.0
184227,6,5,174,1,1,40.0,0,N,MELB_URBAN,STREET,11,18.0
184228,1,5,121,2,1,70.0,0,I,MELB_URBAN,ROAD,11,16.0
184229,1,4,121,1,1,60.0,0,I,MELB_URBAN,ROAD,11,15.0
184230,6,5,99,2,1,50.0,0,N,MELB_URBAN,STREET,11,20.0
184231,4,4,99,2,1,60.0,0,I,MELB_URBAN,ROAD,11,19.0
184232,1,4,130,5,1,60.0,0,N,MELB_URBAN,ROAD,11,17.0
184233,1,5,113,2,2,60.0,0,I,MELB_URBAN,ROAD,11,20.0
184234,1,4,132,2,1,60.0,0,I,MELB_URBAN,BOULEVARD,11,13.0
184235,1,7,99,5,1,100.0,0,N,MELB_URBAN,FREEWAY,1,13.0
184236,1,5,160,5,1,60.0,0,N,MELB_URBAN,ROAD,11,15.0
184237,1,1,130,1,1,80.0,0,I,MELB_URBAN,ROAD,11,17.0
184238,6,5,170,5,5,100.0,0,N,RURAL_VICTORIA,ROAD,11,22.0
184239,1,5,130,1,3,80.0,0,I,MELB_URBAN,HIGHWAY,11,22.0
184240,1,5,116,2,3,80.0,0,I,MELB_URBAN,ROAD,11,21.0
184241,1,6,120,2,3,60.0,0,I,MELB_URBAN,ROAD,11,0.0
184242,6,4,170,5,1,100.0,0,N,RURAL_VICTORIA,OTHER,11,14.0
184243,4,6,183,5,5,110.0,0,N,RURAL_VICTORIA,FREEWAY,11,3.0
184244,1,5,130,2,1,60.0,0,I,MELB_URBAN,ROAD,11,9.0
184245,1,6,121,2,1,60.0,0,I,MELB_URBAN,ROAD,11,6.0
184246,1,5,133,5,1,60.0,0,N,MELB_URBAN,ROAD,11,16.0
184247,1,4,130,1,1,50.0,0,N,LARGE_PROVINCIAL_CITIES,STREET,11,12.0
184248,4,6,99,5,1,40.0,0,N,RURAL_VICTORIA,ROAD,11,10.0
184249,4,6,173,1,1,60.0,1,I,MELB_URBAN,PARADE,11,7.0
184250,1,4,110,1,1,40.0,0,I,MELB_URBAN,STREET,7,15.0
184251,2,6,100,5,1,60.0,0,N,MELB_URBAN,STREET,11,10.0
184252,4,6,183,5,1,100.0,0,N,RURAL_VICTORIA,ROAD,11,6.0
184253,1,6,130,5,1,70.0,0,N,MELB_URBAN,AVENUE,11,10.0
184254,1,7,160,5,1,60.0,0,N,MELB_URBAN,BOULEVARD,11,7.0
184255,6,7,99,5,5,100.0,0,N,RURAL_VICTORIA,ROAD,11,22.0
184256,1,6,147,5,1,60.0,0,N,RURAL_VICTORIA,OTHER,10,19.0
184257,1,3,130,5,1,80.0,0,N,MELB_URBAN,ROAD,9,16.0
184258,1,4,130,1,1,80.0,0,I,MELB_URBAN,ROAD,11,15.0
184259,1,6,99,2,1,60.0,1,N,MELB_URBAN,ROAD,11,10.0
184260,1,5,110,1,1,60.0,0,I,LARGE_PROVINCIAL_CITIES,STREET,11,13.0
184261,1,6,132,1,1,100.0,0,I,RURAL_VICTORIA,ROAD,11,12.0
184262,1,7,130,1,1,60.0,0,N,MELB_URBAN,ROAD,11,9.0
184263,1,6,130,2,1,60.0,0,I,MELB_URBAN,ROAD,11,13.0
184264,1,5,113,2,1,60.0,0,I,MELB_URBAN,ROAD,9,18.0
184265,4,1,183,5,1,70.0,0,N,RURAL_VICTORIA,ROAD,11,15.0
184266,1,5,130,5,5,60.0,0,O,RURAL_VICTORIA,OTHER,10,20.0
184267,3,3,167,5,5,80.0,0,N,RURAL_VICTORIA,ROAD,8,5.0
184268,6,5,99,5,1,50.0,0,N,RURAL_VICTORIA,OTHER,11,13.0
184269,4,5,171,5,1,100.0,0,N,RURAL_VICTORIA,ROAD,11,9.0
184270,1,6,121,2,1,60.0,0,I,MELB_URBAN,ROAD,11,15.0
184271,2,6,100,5,1,40.0,0,N,MELB_URBAN,STREET,11,16.0
184272,1,5,130,5,1,60.0,0,N,MELB_URBAN,ROAD,11,19.0
184273,1,6,130,5,1,80.0,0,N,MELB_URBAN,STREET,11,14.0
184274,1,5,99,5,1,40.0,0,N,MELB_URBAN,STREET,11,7.0
184275,1,6,133,5,1,80.0,0,N,MELB_URBAN,FREEWAY,11,14.0
184276,1,6,130,5,1,60.0,0,N,RURAL_VICTORIA,HIGHWAY,11,15.0
184277,2,6,100,1,1,50.0,0,I,LARGE_PROVINCIAL_CITIES,STREET,11,17.0
184278,8,7,174,5,1,60.0,0,N,RURAL_VICTORIA,ROAD,11,9.0
184279,1,6,99,2,1,40.0,0,I,LARGE_PROVINCIAL_CITIES,STREET,11,16.0
184280,1,5,99,1,1,60.0,0,N,MELB_URBAN,ROAD,11,16.0
184281,1,6,110,1,1,80.0,0,I,MELB_URBAN,ROAD,11,17.0
184282,1,6,130,2,1,60.0,0,I,MELB_URBAN,ROAD,11,15.0
184283,1,4,110,1,1,50.0,0,I,TOWNS,STREET,11,16.0
184284,4,6,173,2,3,50.0,0,I,RURAL_VICTORIA,BOULEVARD,11,22.0
184285,1,6,99,1,5,50.0,0,I,MELB_URBAN,ROAD,11,23.0
184286,1,6,133,2,3,80.0,0,N,MELB_URBAN,ROAD,11,23.0
184287,1,5,130,5,5,110.0,0,N,RURAL_VICTORIA,FREEWAY,11,22.0
184288,4,7,99,2,3,60.0,1,I,SMALL_CITIES,ROAD,11,3.0
184289,1,5,130,1,2,60.0,0,I,LARGE_PROVINCIAL_CITIES,STREET,11,18.0
184290,1,7,121,2,1,60.0,0,I,MELB_URBAN,HIGHWAY,11,8.0
184291,1,7,110,1,1,50.0,0,I,LARGE_PROVINCIAL_CITIES,STREET,11,6.0
184292,1,7,121,1,1,60.0,0,I,MELB_URBAN,ROAD,11,8.0