,accident_type,day_of_week,dca_code,road_geometry,light_condition,speed_zone,severity,node_type,deg_urban_name,road_type,month,hour
184293,1,6,113,1,1,60.0,0,I,MELB_URBAN,ROAD,11,17.0
184294,4,7,181,5,6,100.0,1,N,RURAL_VICTORIA,ROAD,11,5.0
184295,2,7,100,2,1,40.0,0,O,MELB_URBAN,UNKNOWN,11,10.0
184296,1,2,130,5,1,100.0,0,N,MELB_URBAN,RAMP,11,14.0
184297,1,7,130,5,1,80.0,0,N,MELB_URBAN,ROAD,11,11.0
184298,1,4,130,5,1,100.0,0,N,RURAL_VICTORIA,HIGHWAY,10,7.0
184299,4,6,171,5,1,80.0,0,N,RURAL_VICTORIA,ROAD,11,12.0
184300,4,7,171,5,2,60.0,0,N,TOWNS,HIGHWAY,11,6.0
184301,2,6,99,5,1,50.0,0,N,SMALL_CITIES,OTHER,11,10.0
184302,5,3,99,5,1,40.0,0,N,RURAL_VICTORIA,HIGHWAY,11,6.0
184303,1,7,120,5,1,60.0,0,N,MELB_URBAN,STREET,11,11.0
184304,1,1,121,1,1,50.0,0,I,MELB_URBAN,AVENUE,11,13.0
184305,4,6,181,5,1,100.0,0,N,RURAL_VICTORIA,RAMP,11,8.0
184306,1,7,120,5,1,80.0,0,N,RURAL_VICTORIA,HIGHWAY,11,13.0
184307,1,3,134,5,1,80.0,0,N,MELB_URBAN,ROAD,11,17.0
184308,4,7,171,5,1,50.0,0,N,RURAL_VICTORIA,PARADE,11,7.0
184309,1,5,99,1,1,40.0,0,I,SMALL_CITIES,STREET,11,18.0
184310,4,1,99,5,1,40.0,0,N,MELB_URBAN,ROAD,11,16.0
184311,1,7,99,2,1,80.0,0,I,MELB_URBAN,OTHER,11,16.0
184312,1,3,130,5,1,100.0,0,N,MELB_URBAN,RAMP,11,18.0
184313,7,6,99,5,6,60.0,0,N,MELB_URBAN,STREET,11,0.0
184314,1,7,130,5,1,80.0,0,N,MELB_URBAN,ROAD,11,17.0
184315,1,7,121,2,1,60.0,0,I,MELB_URBAN,ROAD,11,14.0
184316,1,6,130,5,1,60.0,0,N,MELB_URBAN,HIGHWAY,11,18.0
184317,4,7,173,5,1,110.0,0,N,RURAL_VICTORIA,FREEWAY,11,20.0
184318,1,7,130,5,1,80.0,0,N,MELB_URBAN,FREEWAY,11,16.0
184319,1,7,130,5,1,70.0,0,N,LARGE_PROVINCIAL_CITIES,HIGHWAY,11,16.0
184320,1,6,110,1,1,50.0,0,I,MELB_URBAN,STREET,11,16.0
184321,1,2,99,5,1,60.0,0,N,MELB_URBAN,STREET,11,14.0
184322,1,7,121,2,1,60.0,0,I,MELB_URBAN,DRIVE,11,16.0
184323,1,7,113,2,1,50.0,0,I,MELB_URBAN,DRIVE,11,15.0
184324,1,7,120,5,1,100.0,1,N,RURAL_VICTORIA,ROAD,11,15.0
184325,1,7,130,5,3,40.0,0,N,MELB_URBAN,FREEWAY,11,23.0
184326,4,7,171,5,1,100.0,1,N,RURAL_VICTORIA,HIGHWAY,11,18.0
184327,4,1,171,5,2,100.0,0,N,RURAL_VICTORIA,ROAD,12,5.0
184328,4,1,171,5,3,60.0,0,N,LARGE_PROVINCIAL_CITIES,STREET,12,5.0
184329,4,0,173,1,5,100.0,0,N,RURAL_VICTORIA,ROAD,12,4.0
184330,1,1,160,5,1,60.0,0,N,MELB_URBAN,STREET,12,6.0
184331,2,5,100,5,1,60.0,0,N,LARGE_PROVINCIAL_CITIES,ROAD,11,15.0
184332,1,0,110,1,1,60.0,0,N,MELB_URBAN,HIGHWAY,12,9.0
184333,1,1,99,1,1,100.0,0,I,RURAL_VICTORIA,HIGHWAY,12,10.0
184334,1,1,113,1,1,80.0,0,I,LARGE_PROVINCIAL_CITIES,ROAD,12,8.0
184335,1,1,160,5,1,50.0,0,N,MELB_URBAN,OTHER,12,12.0
184336,1,1,99,5,1,60.0,0,N,MELB_URBAN,STREET,11,10.0
184337,1,0,99,1,1,50.0,0,I,MELB_URBAN,STREET,12,10.0
184338,1,0,110,1,1,60.0,0,I,MELB_URBAN,ROAD,12,7.0
184339,1,5,121,4,1,80.0,0,I,MELB_URBAN,ROAD,11,15.0
184340,1,1,134,1,1,60.0,0,N,MELB_URBAN,STREET,12,14.0
184341,1,1,121,2,1,60.0,0,N,SMALL_CITIES,STREET,12,15.0
184342,1,0,160,5,1,50.0,0,N,MELB_URBAN,ROAD,12,16.0
184343,1,5,133,5,1,100.0,0,N,MELB_URBAN,RAMP,11,16.0
184344,1,1,160,5,1,60.0,0,N,MELB_URBAN,OTHER,12,14.0
184345,1,7,160,5,3,50.0,0,N,MELB_URBAN,ROAD,11,20.0
184346,1,1,140,5,1,60.0,0,N,MELB_URBAN,STREET,12,12.0
184347,1,6,130,5,1,100.0,0,N,MELB_URBAN,FREEWAY,11,16.0
184348,1,0,121,2,1,40.0,0,I,MELB_URBAN,STREET,12,15.0
184349,1,7,130,2,1,60.0,0,I,MELB_URBAN,DRIVE,11,13.0
184350,1,7,140,5,1,40.0,0,N,RURAL_VICTORIA,ROAD,11,13.0
184351,1,5,116,1,1,60.0,0,I,MELB_URBAN,STREET,11,17.0
184352,2,7,99,5,1,70.0,0,N,MELB_URBAN,ROAD,11,13.0
184353,1,0,130,2,1,60.0,0,I,MELB_URBAN,ROAD,12,15.0
184354,8,1,99,5,3,40.0,0,N,MELB_URBAN,STREET,12,1.0
184355,1,1,121,2,1,60.0,0,I,SMALL_CITIES,HIGHWAY,12,18.0
184356,6,1,99,5,2,50.0,0,O,MELB_URBAN,UNKNOWN,12,19.0
184357,1,1,130,5,1,60.0,0,N,SMALL_CITIES,PARADE,12,11.0
184358,1,5,130,2,1,50.0,0,I,MELB_URBAN,HIGHWAY,11,14.0
184359,6,0,174,2,3,50.0,0,I,MELB_URBAN,STREET,12,20.0
184360,2,1,100,5,1,70.0,1,N,MELB_URBAN,ROAD,12,18.0
184361,1,5,130,5,1,40.0,0,N,MELB_URBAN,STREET,8,18.0
184362,4,2,99,2,3,50.0,0,I,MELB_URBAN,ROAD,12,0.0
184363,1,6,130,5,1,80.0,0,N,SMALL_CITIES,HIGHWAY,11,11.0
184364,2,2,99,5,5,100.0,0,N,RURAL_VICTORIA,FREEWAY,12,0.0
184365,1,3,130,1,1,60.0,0,I,MELB_URBAN,ROAD,10,9.0
184366,4,2,173,5,5,100.0,1,N,RURAL_VICTORIA,ROAD,12,1.0
184367,1,2,160,5,1,60.0,0,N,LARGE_PROVINCIAL_CITIES,ROAD,12,6.0
184368,1,6,110,1,1,80.0,0,N,MELB_URBAN,ROAD,10,11.0
184369,2,6,100,5,1,60.0,0,N,MELB_URBAN,STREET,11,14.0
184370,5,3,99,5,5,100.0,0,N,RURAL_VICTORIA,HIGHWAY,11,5.0
184371,1,3,99,1,1,40.0,0,I,MELB_URBAN,ROAD,11,19.0
184372,1,0,130,5,1,80.0,0,N,MELB_URBAN,DRIVE,11,11.0
184373,1,5,134,5,1,80.0,0,N,RURAL_VICTORIA,FREEWAY,11,18.0
184374,1,1,110,1,1,60.0,0,O,MELB_URBAN,UNKNOWN,12,8.0
184375,1,0,130,5,1,100.0,0,N,MELB_URBAN,ROAD,12,13.0
184376,1,2,99,2,1,40.0,0,N,MELB_URBAN,STREET,12,10.0
184377,6,6,99,1,3,50.0,0,N,SMALL_CITIES,UNKNOWN,11,22.0
184378,1,5,99,5,1,50.0,0,N,TOWNS,STREET,11,15.0
184379,1,2,121,1,1,40.0,0,I,MELB_URBAN,ROAD,12,12.0
184380,1,1,111,1,1,80.0,0,I,MELB_URBAN,ROAD,12,12.0
184381,1,6,121,1,1,60.0,0,I,MELB_URBAN,ROAD,11,13.0
184382,1,2,130,2,1,80.0,0,I,RURAL_VICTORIA,HIGHWAY,11,15.0
184383,1,7,130,5,1,60.0,0,N,LARGE_PROVINCIAL_CITIES,ROAD,11,16.0
184384,1,1,147,5,1,50.0,0,N,MELB_URBAN,STREET,12,7.0
184385,2,6,100,5,1,60.0,0,N,TOWNS,STREET,11,10.0
184386,1,6,130,5,3,100.0,0,N,MELB_URBAN,FREEWAY,10,23.0
184387,2,4,99,5,1,50.0,0,N,MELB_URBAN,STREET,10,16.0
184388,1,2,111,1,1,80.0,0,I,RURAL_VICTORIA,HIGHWAY,12,13.0
184389,1,1,130,5,1,80.0,0,N,MELB_URBAN,HIGHWAY,12,9.0
184390,1,2,120,5,1,80.0,0,N,RURAL_VICTORIA,ROAD,12,12.0
184391,1,7,130,5,1,60.0,0,N,MELB_URBAN,STREET,11,17.0
184392,1,2,135,5,1,80.0,0,N,MELB_URBAN,UNKNOWN,12,14.0
184393,1,2,147,5,2,60.0,0,N,MELB_URBAN,ROAD,12,5.0
184394,3,5,167,5,1,60.0,0,N,RURAL_VICTORIA,ROAD,11,15.0
184395,1,1,130,5,1,80.0,0,N,MELB_URBAN,FREEWAY,12,16.0
184396,1,2,110,1,1,50.0,0,I,LARGE_PROVINCIAL_CITIES,AVENUE,12,17.0
184397,1,2,130,5,2,60.0,0,N,MELB_URBAN,PARADE,12,17.0
184398,1,2,99,2,1,100.0,0,I,RURAL_VICTORIA,ROAD,12,17.0
184399,1,2,110,1,1,100.0,0,I,RURAL_VICTORIA,ROAD,12,16.0
184400,1,2,99,2,2,60.0,0,I,MELB_URBAN,UNKNOWN,12,20.0
184401,1,2,140,5,1,60.0,0,N,MELB_URBAN,ROAD,12,17.0
184402,1,2,113,2,1,60.0,0,I,MELB_URBAN,ROAD,12,14.0
184403,4,2,173,5,1,70.0,0,N,MELB_URBAN,ROAD,12,20.0
184404,8,3,174,5,1,40.0,0,N,MELB_URBAN,STREET,12,8.0
184405,1,3,130,2,1,50.0,0,I,MELB_URBAN,DRIVE,12,17.0
184406,1,3,111,1,1,40.0,0,I,LARGE_PROVINCIAL_CITIES,STREET,12,9.0
184407,1,3,113,2,2,70.0,0,I,MELB_URBAN,ROAD,11,5.0
184408,1,3,121,1,1,70.0,0,I,MELB_URBAN,RAMP,12,10.0
184409,1,3,132,1,1,60.0,0,I,MELB_URBAN,ROAD,11,8.0
184410,1,3,130,5,1,110.0,0,N,RURAL_VICTORIA,FREEWAY,12,8.0
184411,1,3,130,1,1,80.0,0,N,MELB_URBAN,HIGHWAY,12,7.0
184412,1,3,134,5,1,100.0,0,N,MELB_URBAN,FREEWAY,12,9.0
184413,1,7,99,1,1,40.0,0,I,MELB_URBAN,STREET,11,13.0
184414,4,2,181,5,1,100.0,0,N,RURAL_VICTORIA,ROAD,12,9.0
184415,1,6,130,5,1,60.0,0,N,MELB_URBAN,ROAD,11,12.0
184416,2,6,99,5,1,50.0,0,N,MELB_URBAN,AVENUE,11,17.0
184417,2,3,100,2,1,70.0,0,N,MELB_URBAN,ROAD,12,7.0
184418,1,5,147,5,6,60.0,0,N,MELB_URBAN,ROAD,11,10.0
184419,1,3,147,5,1,60.0,0,N,MELB_URBAN,ROAD,12,10.0
184420,1,3,99,1,1,60.0,0,N,MELB_URBAN,PARADE,12,10.0
184421,1,3,130,5,1,80.0,0,N,MELB_URBAN,HIGHWAY,12,11.0
184422,1,3,99,2,1,60.0,0,N,MELB_URBAN,ROAD,12,12.0
184423,1,3,130,1,1,60.0,0,N,MELB_URBAN,ROAD,12,12.0
184424,1,2,99,2,1,70.0,0,I,MELB_URBAN,ROAD,12,19.0
184425,6,2,170,2,3,40.0,0,I,MELB_URBAN,OTHER,9,5.0
184426,1,7,133,5,1,60.0,0,N,MELB_URBAN,ROAD,10,15.0
184427,6,5,174,2,9,60.0,0,N,MELB_URBAN,ROAD,10,18.0
184428,1,5,132,2,1,60.0,0,I,MELB_URBAN,ROAD,7,14.0
184429,4,3,183,5,1,40.0,0,N,MELB_URBAN,AVENUE,12,14.0
184430,1,2,116,1,1,80.0,0,N,RURAL_VICTORIA,ROAD,12,6.0
184431,3,2,167,5,1,100.0,0,N,RURAL_VICTORIA,HIGHWAY,12,15.0
184432,1,2,147,5,1,50.0,0,N,MELB_URBAN,ROAD,12,17.0
184433,1,2,99,1,1,60.0,0,I,MELB_URBAN,AVENUE,12,16.0
184434,1,3,130,5,1,80.0,0,N,SMALL_TOWNS,STREET,12,17.0
184435,1,3,99,5,1,50.0,0,N,MELB_URBAN,OTHER,12,16.0
184436,4,3,171,5,1,50.0,0,N,SMALL_CITIES,STREET,12,6.0
184437,2,2,100,1,9,60.0,0,N,MELB_URBAN,ROAD,12,8.0
184438,1,1,132,2,1,60.0,0,I,MELB_URBAN,ROAD,12,17.0
184439,6,3,170,5,1,100.0,1,N,RURAL_VICTORIA,ROAD,12,13.0
184440,1,2,130,5,1,60.0,0,N,LARGE_PROVINCIAL_CITIES,ROAD,12,15.0
184441,1,3,132,5,1,50.0,0,N,MELB_URBAN,STREET,12,18.0
184442,1,2,130,2,1,60.0,0,N,MELB_URBAN,ROAD,12,8.0
184443,1,3,121,2,1,60.0,0,I,MELB_URBAN,ROAD,12,15.0
184444,4,2,99,2,2,100.0,0,I,RURAL_VICTORIA,HIGHWAY,12,19.0
184445,1,3,99,1,3,60.0,0,I,MELB_URBAN,ROAD,12,23.0
184446,2,3,102,5,3,50.0,0,N,MELB_URBAN,AVENUE,12,0.0
184447,1,3,110,1,2,60.0,0,I,MELB_URBAN,ROAD,12,5.0
184448,1,2,121,1,3,70.0,0,I,MELB_URBAN,ROAD,12,22.0
184449,1,3,140,5,1,60.0,0,N,MELB_URBAN,HIGHWAY,12,6.0
184450,1,5,134,5,9,60.0,0,N,MELB_URBAN,ROAD,11,9.0
184451,1,4,134,5,1,100.0,0,N,MELB_URBAN,FREEWAY,12,6.0
184452,1,0,135,5,1,100.0,0,N,MELB_URBAN,ROAD,12,14.0
184453,1,4,99,1,1,40.0,0,I,MELBOURNE_CBD,STREET,12,9.0
184454,1,2,110,1,1,60.0,0,I,LARGE_PROVINCIAL_CITIES,STREET,11,12.0
184455,1,4,132,2,1,60.0,0,I,MELB_URBAN,ROAD,12,10.0
184456,1,4,121,1,1,60.0,0,I,SMALL_CITIES,STREET,12,8.0
184457,1,4,113,2,1,60.0,0,I,MELB_URBAN,ROAD,12,11.0
184458,1,4,134,5,1,60.0,0,N,MELB_URBAN,STREET,12,10.0
184459,1,6,130,2,3,60.0,0,N,LARGE_PROVINCIAL_CITIES,ROAD,10,19.0
184460,1,4,113,2,1,60.0,0,I,MELB_URBAN,DRIVE,12,11.0
184461,8,2,174,5,2,80.0,0,N,RURAL_VICTORIA,HIGHWAY,12,19.0
184462,1,6,130,2,1,60.0,0,I,MELB_URBAN,ROAD,2,13.0
184463,1,5,110,1,1,60.0,0,I,MELB_URBAN,STREET,11,15.0
184464,1,4,113,2,1,60.0,0,I,MELB_URBAN,STREET,12,13.0
184465,1,4,121,5,1,60.0,0,N,MELB_URBAN,ROAD,12,15.0
184466,1,3,160,5,1,60.0,0,N,RURAL_VICTORIA,STREET,12,14.0
184467,8,7,170,2,9,40.0,0,I,SMALL_CITIES,STREET,11,21.0
184468,1,3,121,1,1,60.0,0,I,MELB_URBAN,HIGHWAY,12,16.0
184469,4,4,181,5,1,100.0,0,N,RURAL_VICTORIA,ROAD,12,16.0
184470,1,4,99,2,1,60.0,0,I,MELB_URBAN,ROAD,12,15.0
184471,1,4,121,2,1,80.0,0,I,MELB_URBAN,HIGHWAY,12,6.0
184472,1,4,130,5,1,80.0,0,N,MELB_URBAN,ROAD,12,17.0
184473,1,1,110,1,1,50.0,0,N,MELBOURNE_CBD,STREET,10,7.0
184474,4,4,183,5,1,40.0,0,N,TOWNS,STREET,12,19.0
184475,2,3,99,5,1,50.0,0,N,RURAL_VICTORIA,DRIVE,12,20.0
184476,1,4,121,1,3,80.0,0,I,MELB_URBAN,ROAD,12,22.0
184477,1,3,121,1,3,80.0,0,I,MELB_URBAN,STREET,12,22.0
184478,1,5,121,1,2,60.0,0,I,MELB_URBAN,ROAD,11,18.0
184479,5,3,99,5,3,50.0,0,N,LARGE_PROVINCIAL_CITIES,ROAD,12,21.0
184480,2,4,100,2,3,50.0,0,I,MELBOURNE_CBD,STREET,12,3.0
184481,1,4,110,1,1,60.0,0,I,MELB_URBAN,STREET,11,16.0
184482,1,5,130,5,1,60.0,0,N,MELB_URBAN,OTHER,11,14.0
184483,1,5,99,1,1,40.0,0,I,MELB_URBAN,STREET,12,7.0
184484,1,4,110,1,1,60.0,0,I,SMALL_CITIES,STREET,12,7.0
184485,1,2,130,5,1,70.0,0,N,MELB_URBAN,ROAD,12,15.0
184486,1,4,110,1,1,50.0,0,I,MELB_URBAN,STREET,12,8.0
184487,1,4,113,1,1,80.0,0,I,MELB_URBAN,ROAD,12,7.0
184488,1,5,116,1,1,60.0,0,I,SMALL_CITIES,STREET,12,9.0
184489,1,4,147,5,1,60.0,0,N,TOWNS,STREET,12,8.0
184490,1,2,130,2,1,80.0,0,N,MELB_URBAN,ROAD,10,8.0
184491,1,5,99,5,1,40.0,0,N,MELB_URBAN,STREET,12,10.0
184492,1,5,120,5,1,50.0,1,O,MELB_URBAN,UNKNOWN,12,9.0
184493,4,4,171,5,5,80.0,0,N,RURAL_VICTORIA,ROAD,12,23.0
184494,1,5,147,5,1,50.0,0,N,MELB_URBAN,ROAD,12,7.0
184495,1,4,121,1,1,40.0,0,I,MELB_URBAN,STREET,12,9.0
184496,1,5,121,2,1,80.0,0,N,MELB_URBAN,AVENUE,12,7.0
184497,1,5,120,5,1,70.0,0,N,MELB_URBAN,ROAD,12,9.0
184498,6,4,170,5,1,60.0,0,N,RURAL_VICTORIA,ROAD,12,10.0
184499,1,4,110,1,1,50.0,0,I,SMALL_CITIES,STREET,12,9.0
184500,1,1,130,1,1,60.0,0,I,LARGE_PROVINCIAL_CITIES,STREET,11,12.0
184501,1,5,147,5,1,80.0,0,N,RURAL_VICTORIA,HIGHWAY,12,8.0
184502,1,5,110,1,1,50.0,0,I,MELB_URBAN,STREET,12,11.0
184503,8,2,99,5,1,100.0,0,N,RURAL_VICTORIA,OTHER,11,18.0
184504,8,7,174,1,1,40.0,0,N,MELBOURNE_CBD,STREET,11,15.0
184505,4,5,99,2,1,100.0,0,I,RURAL_VICTORIA,ROAD,12,12.0
184506,1,5,147,5,1,60.0,0,N,MELB_URBAN,ROAD,11,14.0
184507,1,4,121,1,1,100.0,0,I,RURAL_VICTORIA,ROAD,12,8.0
184508,1,5,130,5,1,40.0,0,N,SMALL_CITIES,STREET,12,10.0
184509,1,5,147,2,1,60.0,0,N,MELB_URBAN,ROAD,12,11.0
184510,1,5,110,1,1,50.0,0,I,MELB_URBAN,STREET,12,13.0
184511,1,5,111,1,1,50.0,0,I,LARGE_PROVINCIAL_CITIES,STREET,12,15.0
184512,2,2,100,1,1,60.0,0,I,MELB_URBAN,ROAD,12,17.0
184513,1,4,110,1,1,50.0,0,I,MELB_URBAN,STREET,12,17.0
184514,4,4,171,5,1,80.0,0,N,RURAL_VICTORIA,ROAD,12,17.0
184515,1,3,147,5,1,60.0,0,N,MELB_URBAN,ROAD,10,12.0
184516,2,5,100,2,1,60.0,0,N,SMALL_CITIES,ROAD,12,16.0
184517,1,5,130,5,1,100.0,0,N,MELB_URBAN,ROAD,12,17.0
184518,1,4,130,5,1,100.0,0,N,MELB_URBAN,FREEWAY,11,15.0
184519,4,5,181,5,1,100.0,0,N,RURAL_VICTORIA,ROAD,12,19.0
184520,1,5,99,5,1,100.0,0,N,MELB_URBAN,UNKNOWN,12,17.0
184521,1,5,113,1,1,60.0,0,I,MELB_URBAN,STREET,12,16.0
184522,1,5,130,5,1,60.0,0,N,MELB_URBAN,ROAD,12,17.0
184523,1,4,99,2,2,50.0,0,I,RURAL_VICTORIA,PARADE,12,20.0
184524,2,5,100,2,1,60.0,0,N,MELB_URBAN,STREET,12,19.0
184525,2,4,102,2,1,40.0,0,I,MELB_URBAN,ROAD,12,8.0
184526,1,5,99,2,2,60.0,0,I,MELB_URBAN,UNKNOWN,12,19.0
184527,4,5,183,5,1,50.0,0,N,RURAL_VICTORIA,DRIVE,12,18.0
184528,1,5,130,5,1,100.0,0,N,MELB_URBAN,ROAD,12,16.0
184529,1,5,120,5,1,60.0,0,N,MELB_URBAN,ROAD,12,18.0
184530,1,2,130,5,1,60.0,0,N,MELB_URBAN,ROAD,12,6.0
184531,4,7,171,5,1,100.0,0,N,MELB_URBAN,FREEWAY,11,9.0
184532,1,5,160,5,3,50.0,0,N,MELB_URBAN,DRIVE,12,1.0
184533,6,4,174,5,1,60.0,0,N,RURAL_VICTORIA,ROAD,12,14.0
184534,1,5,135,1,3,60.0,0,I,MELB_URBAN,ROAD,5,19.0
184535,1,6,99,5,5,100.0,0,N,RURAL_VICTORIA,FREEWAY,12,4.0
184536,1,5,110,1,1,60.0,0,I,MELB_URBAN,ROAD,12,7.0
184537,1,6,135,5,1,100.0,0,N,MELB_URBAN,FREEWAY,12,7.0
184538,1,6,121,5,2,60.0,0,N,MELB_URBAN,ROAD,12,6.0
184539,2,4,100,5,1,60.0,0,N,MELB_URBAN,STREET,12,18.0
184540,4,5,173,5,1,50.0,0,N,MELB_URBAN,STREET,12,13.0
184541,1,4,110,1,1,50.0,0,I,MELB_URBAN,STREET,12,15.0
184542,1,5,140,5,1,60.0,0,N,MELB_URBAN,ROAD,12,8.0
184543,1,2,140,5,1,60.0,0,N,MELB_URBAN,STREET,12,6.0
184544,1,4,121,2,1,60.0,0,I,MELB_URBAN,ROAD,12,8.0
184545,4,6,181,5,1,100.0,0,N,RURAL_VICTORIA,HIGHWAY,12,9.0
184546,1,6,99,1,1,40.0,0,I,MELB_URBAN,ROAD,11,15.0
184547,1,5,99,2,1,50.0,0,I,MELB_URBAN,ROAD,12,8.0
184548,1,5,121,2,1,80.0,0,I,MELB_URBAN,ROAD,12,10.0
184549,6,6,170,2,1,50.0,0,I,LARGE_PROVINCIAL_CITIES,STREET,12,9.0
184550,8,5,99,5,1,60.0,0,N,RURAL_VICTORIA,ROAD,12,7.0
184551,1,6,132,2,1,60.0,0,I,SMALL_CITIES,ROAD,12,11.0
184552,1,6,163,5,1,50.0,0,N,MELB_URBAN,ROAD,12,7.0
184553,5,2,99,5,1,60.0,0,N,RURAL_VICTORIA,ROAD,12,16.0
184554,1,5,120,5,1,60.0,0,N,SMALL_TOWNS,STREET,12,9.0
184555,1,2,163,5,1,60.0,0,N,MELB_URBAN,STREET,11,10.0
184556,1,4,130,2,1,50.0,0,N,MELB_URBAN,STREET,12,15.0
184557,1,4,130,5,1,70.0,0,N,MELB_URBAN,ROAD,11,16.0
184558,1,1,110,1,1,40.0,0,N,MELB_URBAN,STREET,12,12.0
184559,8,2,174,5,1,40.0,0,N,MELB_URBAN,STREET,11,7.0
184560,2,6,99,5,1,60.0,0,N,LARGE_PROVINCIAL_CITIES,STREET,12,14.0
184561,1,6,160,5,1,60.0,0,N,MELB_URBAN,STREET,12,14.0
184562,2,6,100,5,1,60.0,0,N,MELB_URBAN,ROAD,12,15.0
184563,4,5,173,5,1,40.0,0,N,TOWNS,HIGHWAY,12,12.0
184564,1,6,132,1,1,80.0,0,N,RURAL_VICTORIA,ROAD,8,16.0
184565,1,6,121,2,1,80.0,0,I,MELB_URBAN,ROAD,12,16.0
184566,1,6,99,2,1,60.0,0,I,MELB_URBAN,ROAD,12,15.0
184567,2,6,100,5,1,50.0,0,N,MELB_URBAN,AVENUE,12,15.0
184568,1,2,113,2,1,60.0,0,I,MELB_URBAN,ROAD,12,15.0
184569,8,6,174,5,1,30.0,0,N,MELB_URBAN,STREET,11,14.0
184570,1,6,130,5,1,80.0,0,N,MELB_URBAN,HIGHWAY,11,15.0
184571,1,6,132,5,1,60.0,0,N,LARGE_PROVINCIAL_CITIES,STREET,12,17.0
184572,4,6,173,5,1,100.0,0,N,RURAL_VICTORIA,ROAD,12,16.0
184573,2,6,99,5,1,60.0,0,N,RURAL_VICTORIA,STREET,12,16.0
184574,1,6,121,1,2,40.0,0,I,MELB_URBAN,STREET,12,18.0
184575,1,5,135,5,1,50.0,0,N,MELB_URBAN,ROAD,12,15.0
184576,1,5,130,5,1,50.0,0,N,MELB_URBAN,STREET,12,17.0
184577,4,6,171,5,1,60.0,0,N,MELB_URBAN,ROAD,12,18.0
184578,1,6,99,1,1,60.0,0,I,MELB_URBAN,ROAD,12,11.0
184579,1,5,130,5,1,80.0,0,N,MELB_URBAN,OTHER,12,17.0
184580,4,6,181,5,9,100.0,0,N,RURAL_VICTORIA,ROAD,12,15.0
184581,1,6,121,1,5,50.0,0,I,MELB_URBAN,PARADE,12,21.0
184582,4,7,171,5,3,60.0,0,N,MELB_URBAN,HIGHWAY,12,0.0
184583,4,7,99,5,1,40.0,0,N,MELBOURNE_CBD,STREET,12,6.0
184584,1,1,121,2,1,60.0,0,I,MELB_URBAN,ROAD,11,18.0
184585,1,6,130,5,1,100.0,0,N,MELB_URBAN,ROAD,12,7.0
184586,1,5,147,5,1,50.0,0,N,MELB_URBAN,UNKNOWN,12,10.0
184587,7,7,99,5,3,50.0,0,N,MELB_URBAN,STREET,12,4.0
184588,3,1,167,5,1,60.0,0,N,RURAL_VICTORIA,ROAD,11,13.0
184589,4,6,171,1,1,100.0,0,N,RURAL_VICTORIA,ROAD,12,9.0
184590,4,7,173,5,5,100.0,1,N,RURAL_VICTORIA,HIGHWAY,12,2.0
184591,1,2,99,5,1,40.0,0,N,MELB_URBAN,UNKNOWN,11,8.0
184592,1,7,132,2,1,60.0,0,I,MELB_URBAN,STREET,12,11.0
184593,1,7,147,5,1,60.0,0,N,MELB_URBAN,ROAD,12,12.0
184594,1,7,135,5,9,60.0,0,N,MELB_URBAN,HIGHWAY,8,21.0
184595,1,6,121,2,1,60.0,0,I,MELB_URBAN,ROAD,12,13.0
184596,1,2,121,1,1,80.0,0,I,MELB_URBAN,ROAD,11,6.0
184597,1,7,111,1,1,40.0,0,N,MELB_URBAN,ROAD,12,10.0
184598,1,0,130,5,1,80.0,0,N,MELB_URBAN,FREEWAY,12,17.0
184599,1,7,130,5,1,60.0,0,N,MELB_URBAN,OTHER,11,16.0
184600,1,6,163,2,3,40.0,0,I,MELB_URBAN,OTHER,12,22.0
184601,1,7,130,5,1,60.0,0,N,SMALL_CITIES,ROAD,12,10.0
184602,1,6,135,5,6,80.0,0,N,MELB_URBAN,FREEWAY,12,3.0
184603,6,7,174,1,1,100.0,0,I,MELB_URBAN,ROAD,12,12.0
184604,2,7,99,5,1,60.0,0,N,MELB_URBAN,STREET,12,15.0
184605,1,7,110,1,1,40.0,0,I,LARGE_PROVINCIAL_CITIES,STREET,12,17.0
184606,1,7,99,5,2,60.0,0,N,SMALL_CITIES,STREET,12,19.0
184607,1,4,130,5,1,70.0,0,N,MELB_URBAN,ROAD,12,8.0
184608,1,6,110,1,1,40.0,0,I,MELB_URBAN,STREET,12,16.0
184609,1,7,99,2,1,60.0,0,I,MELB_URBAN,ROAD,12,18.0
184610,1,1,130,4,1,60.0,0,I,MELB_URBAN,RAMP,12,14.0
184611,1,7,113,4,1,60.0,0,I,MELB_URBAN,RAMP,12,18.0
184612,1,7,116,2,3,70.0,0,I,RURAL_VICTORIA,STREET,12,21.0