,accident_type,day_of_week,dca_code,road_geometry,light_condition,speed_zone,severity,node_type,deg_urban_name,road_type,month,hour
184613,1,7,130,5,3,70.0,0,N,MELB_URBAN,ROAD,12,22.0
184614,6,7,174,5,3,60.0,0,N,MELB_URBAN,STREET,12,20.0
184615,1,7,99,1,3,40.0,0,I,MELB_URBAN,OTHER,12,23.0
184616,4,2,183,5,1,60.0,0,N,RURAL_VICTORIA,ROAD,10,16.0
184617,1,7,99,5,3,100.0,0,N,MELB_URBAN,FREEWAY,12,22.0
184618,2,7,102,5,1,60.0,0,N,MELB_URBAN,ROAD,12,17.0
184619,2,0,100,2,3,40.0,0,I,MELB_URBAN,STREET,12,1.0
184620,1,7,120,5,3,60.0,0,N,RURAL_VICTORIA,ROAD,12,2.0
184621,4,1,173,1,5,60.0,0,I,RURAL_VICTORIA,HIGHWAY,12,3.0
184622,1,6,113,2,1,80.0,0,I,MELB_URBAN,ROAD,12,8.0
184623,1,5,116,2,1,50.0,0,I,MELB_URBAN,ROAD,12,13.0
184624,1,1,132,2,1,60.0,0,I,LARGE_PROVINCIAL_CITIES,STREET,11,12.0
184625,1,0,130,5,1,60.0,0,N,MELB_URBAN,ROAD,12,7.0
184626,1,7,99,1,1,80.0,0,I,RURAL_VICTORIA,DRIVE,12,17.0
184627,1,1,133,5,1,60.0,0,N,RURAL_VICTORIA,ROAD,12,8.0
184628,1,3,110,1,1,60.0,0,I,MELB_URBAN,ROAD,12,7.0
184629,1,1,133,1,1,60.0,0,I,MELB_URBAN,HIGHWAY,12,8.0
184630,1,0,110,1,1,60.0,0,I,MELB_URBAN,STREET,12,10.0
184631,1,1,130,5,1,80.0,0,N,MELB_URBAN,FREEWAY,12,11.0
184632,1,1,110,1,1,60.0,0,I,MELB_URBAN,ROAD,12,11.0
184633,1,5,130,5,1,50.0,0,N,LARGE_PROVINCIAL_CITIES,STREET,12,13.0
184634,1,0,99,2,1,80.0,0,I,RURAL_VICTORIA,ROAD,12,13.0
184635,1,6,135,5,6,60.0,0,N,MELB_URBAN,HIGHWAY,12,23.0
184636,4,1,183,5,1,80.0,1,N,RURAL_VICTORIA,ROAD,12,12.0
184637,1,3,99,2,1,50.0,0,I,MELB_URBAN,OTHER,1,13.0
184638,2,0,100,2,1,60.0,0,N,MELB_URBAN,ROAD,12,9.0
184639,6,1,99,5,1,60.0,0,N,RURAL_VICTORIA,ROAD,12,14.0
184640,3,1,167,5,1,100.0,0,N,RURAL_VICTORIA,ROAD,12,17.0
184641,6,1,184,5,1,50.0,0,N,LARGE_PROVINCIAL_CITIES,DRIVE,12,18.0
184642,1,1,110,1,1,60.0,0,N,MELB_URBAN,ROAD,12,15.0
184643,1,1,99,5,1,100.0,0,N,MELB_URBAN,ROAD,12,14.0
184644,6,1,99,5,1,100.0,0,N,RURAL_VICTORIA,OTHER,12,18.0
184645,1,3,110,1,1,50.0,0,I,MELB_URBAN,STREET,11,8.0
184646,8,7,174,5,1,100.0,0,N,RURAL_VICTORIA,ROAD,11,9.0
184647,4,1,173,2,3,70.0,0,N,MELB_URBAN,ROAD,12,23.0
184648,1,2,110,1,3,60.0,0,I,MELB_URBAN,ROAD,12,0.0
184649,1,2,130,2,1,60.0,0,I,MELB_URBAN,ROAD,11,17.0
184650,4,2,99,1,1,50.0,0,N,LARGE_PROVINCIAL_CITIES,STREET,12,7.0
184651,1,3,133,5,1,80.0,0,N,MELB_URBAN,FREEWAY,12,17.0
184652,8,2,184,5,1,50.0,0,N,TOWNS,STREET,9,14.0
184653,3,3,167,5,6,60.0,0,N,MELB_URBAN,ROAD,12,20.0
184654,8,6,184,5,1,100.0,0,N,RURAL_VICTORIA,ROAD,12,16.0
184655,1,2,130,5,1,80.0,0,N,MELB_URBAN,OTHER,12,8.0
184656,2,2,100,1,1,40.0,0,N,MELBOURNE_CBD,STREET,12,10.0
184657,1,2,121,1,1,60.0,0,I,MELB_URBAN,PARADE,11,16.0
184658,1,2,120,5,1,60.0,1,N,MELB_URBAN,PARADE,12,10.0
184659,1,1,111,1,1,50.0,0,I,MELB_URBAN,AVENUE,12,11.0
184660,6,2,99,5,1,100.0,0,N,LARGE_PROVINCIAL_CITIES,ROAD,12,7.0
184661,1,6,130,5,1,60.0,0,N,MELB_URBAN,DRIVE,11,10.0
184662,1,0,130,5,3,60.0,0,N,MELB_URBAN,ROAD,9,19.0
184663,4,3,181,5,1,100.0,0,N,RURAL_VICTORIA,ROAD,11,16.0
184664,2,5,102,5,1,40.0,0,N,MELB_URBAN,STREET,11,17.0
184665,1,1,163,5,1,40.0,0,N,MELB_URBAN,STREET,11,9.0
184666,1,2,160,5,1,60.0,0,N,MELB_URBAN,ROAD,12,12.0
184667,2,1,99,5,1,60.0,0,N,MELB_URBAN,OTHER,11,18.0
184668,4,2,173,1,1,100.0,0,I,RURAL_VICTORIA,AVENUE,12,13.0
184669,1,1,120,5,9,60.0,0,N,MELB_URBAN,ROAD,12,13.0
184670,1,2,121,2,1,70.0,0,I,RURAL_VICTORIA,ROAD,12,12.0
184671,1,2,99,5,1,100.0,0,N,MELB_URBAN,FREEWAY,12,14.0
184672,1,2,113,2,1,60.0,0,I,RURAL_VICTORIA,ROAD,12,8.0
184673,1,3,130,5,1,60.0,0,N,MELB_URBAN,ROAD,11,12.0
184674,1,1,99,5,2,50.0,0,N,MELB_URBAN,AVENUE,12,20.0
184675,1,1,130,1,1,60.0,0,N,MELB_URBAN,ROAD,12,14.0
184676,1,6,130,5,1,70.0,0,N,MELB_URBAN,ROAD,11,16.0
184677,1,6,113,1,1,80.0,0,I,MELB_URBAN,ROAD,12,20.0
184678,4,2,181,2,1,80.0,0,I,RURAL_VICTORIA,ROAD,12,14.0
184679,2,2,99,2,1,60.0,0,N,MELB_URBAN,ROAD,12,17.0
184680,1,1,99,2,1,50.0,0,I,MELB_URBAN,ROAD,12,18.0
184681,1,2,111,2,1,80.0,0,I,RURAL_VICTORIA,ROAD,12,15.0
184682,1,2,120,5,5,70.0,0,N,RURAL_VICTORIA,ROAD,11,21.0
184683,1,2,99,5,1,60.0,0,N,MELB_URBAN,ROAD,12,19.0
184684,3,2,167,5,1,100.0,0,N,RURAL_VICTORIA,ROAD,12,17.0
184685,4,2,99,5,1,60.0,0,N,RURAL_VICTORIA,HIGHWAY,12,17.0
184686,1,2,116,1,1,60.0,0,I,MELB_URBAN,AVENUE,12,14.0
184687,8,2,170,5,5,100.0,0,N,RURAL_VICTORIA,ROAD,12,21.0
184688,1,1,130,5,9,60.0,0,N,MELB_URBAN,STREET,12,16.0
184689,1,6,130,5,1,60.0,0,N,MELB_URBAN,FREEWAY,9,7.0
184690,8,1,174,5,1,80.0,0,N,RURAL_VICTORIA,ROAD,9,9.0
184691,4,3,173,5,2,100.0,0,N,RURAL_VICTORIA,ROAD,12,5.0
184692,4,6,99,2,6,60.0,0,I,MELB_URBAN,ROAD,8,22.0
184693,1,2,130,2,1,60.0,0,I,LARGE_PROVINCIAL_CITIES,STREET,12,12.0
184694,1,3,121,2,1,50.0,0,I,SMALL_CITIES,STREET,12,8.0
184695,1,7,110,1,1,60.0,0,I,LARGE_PROVINCIAL_CITIES,STREET,11,9.0
184696,1,3,140,5,1,60.0,0,N,MELB_URBAN,ROAD,12,9.0
184697,1,2,110,1,1,50.0,0,I,MELB_URBAN,AVENUE,12,8.0
184698,2,3,102,1,1,60.0,0,N,SMALL_CITIES,ROAD,12,7.0
184699,1,3,99,2,1,60.0,0,I,MELB_URBAN,ROAD,12,8.0
184700,1,4,130,5,1,60.0,0,N,RURAL_VICTORIA,ROAD,12,7.0
184701,1,2,116,2,1,60.0,0,I,MELB_URBAN,ROAD,12,9.0
184702,4,3,171,5,1,100.0,0,N,RURAL_VICTORIA,ROAD,12,9.0
184703,1,1,99,2,1,40.0,0,I,MELB_URBAN,ROAD,12,12.0
184704,2,7,102,5,1,60.0,0,N,MELB_URBAN,ROAD,9,18.0
184705,1,3,133,5,1,100.0,0,N,MELB_URBAN,HIGHWAY,12,9.0
184706,1,5,99,5,9,50.0,0,N,MELB_URBAN,ROAD,11,11.0
184707,1,2,130,2,1,60.0,0,I,LARGE_PROVINCIAL_CITIES,OTHER,11,8.0
184708,1,1,130,5,1,50.0,0,N,MELB_URBAN,ROAD,12,17.0
184709,1,3,133,5,1,100.0,0,N,MELB_URBAN,ROAD,12,11.0
184710,4,7,183,5,1,100.0,0,N,RURAL_VICTORIA,ROAD,12,13.0
184711,1,2,130,5,1,60.0,0,N,MELB_URBAN,ROAD,12,15.0
184712,2,3,102,1,1,80.0,0,I,MELB_URBAN,HIGHWAY,12,14.0
184713,1,2,120,2,1,60.0,0,I,MELB_URBAN,AVENUE,12,16.0
184714,1,4,135,2,1,60.0,0,I,MELB_URBAN,ROAD,12,16.0
184715,1,3,121,5,1,80.0,0,N,RURAL_VICTORIA,ROAD,12,12.0
184716,1,3,160,5,1,50.0,0,N,MELB_URBAN,STREET,12,11.0
184717,1,5,130,5,1,50.0,0,N,MELB_URBAN,ROAD,11,7.0
184718,8,4,174,2,1,50.0,0,I,RURAL_VICTORIA,STREET,10,17.0
184719,1,2,120,5,1,60.0,0,N,RURAL_VICTORIA,ROAD,12,15.0
184720,1,3,134,5,1,80.0,0,N,MELB_URBAN,RAMP,12,16.0
184721,1,3,130,5,1,60.0,0,N,LARGE_PROVINCIAL_CITIES,ROAD,12,17.0
184722,1,3,130,5,1,100.0,0,N,MELB_URBAN,FREEWAY,12,16.0
184723,1,5,120,5,1,100.0,0,N,RURAL_VICTORIA,ROAD,11,15.0
184724,1,5,134,5,2,60.0,0,N,RURAL_VICTORIA,HIGHWAY,11,18.0
184725,1,3,134,5,1,90.0,0,N,RURAL_VICTORIA,FREEWAY,12,16.0
184726,1,3,116,2,1,60.0,0,I,MELB_URBAN,ROAD,12,18.0
184727,1,3,163,5,1,40.0,0,N,MELB_URBAN,ROAD,12,15.0
184728,1,3,140,5,1,60.0,0,N,RURAL_VICTORIA,PARADE,12,16.0
184729,1,3,160,5,3,60.0,0,N,MELB_URBAN,ROAD,12,20.0
184730,1,3,132,5,3,70.0,0,I,MELB_URBAN,ROAD,12,23.0
184731,4,3,171,5,3,70.0,0,N,TOWNS,OTHER,12,1.0
184732,4,3,171,5,1,80.0,0,N,MELB_URBAN,ROAD,12,5.0
184733,1,2,111,1,3,50.0,0,I,MELB_URBAN,STREET,12,22.0
184734,1,3,111,2,1,50.0,0,I,LARGE_PROVINCIAL_CITIES,AVENUE,12,6.0
184735,1,4,110,1,1,60.0,0,I,MELB_URBAN,STREET,9,15.0
184736,1,4,110,1,1,60.0,0,I,SMALL_CITIES,PARADE,11,17.0
184737,5,6,99,5,1,60.0,0,N,RURAL_VICTORIA,ROAD,11,9.0
184738,1,4,116,1,1,40.0,0,I,MELB_URBAN,STREET,12,7.0
184739,1,6,130,5,6,70.0,0,N,MELB_URBAN,ROAD,3,22.0
184740,4,4,171,5,2,100.0,0,N,RURAL_VICTORIA,ROAD,12,6.0
184741,4,4,99,5,1,50.0,0,N,TOWNS,STREET,12,10.0
184742,1,3,130,5,1,80.0,0,N,MELB_URBAN,HIGHWAY,12,10.0
184743,6,3,174,5,1,70.0,0,N,MELB_URBAN,ROAD,12,17.0
184744,1,3,121,1,1,60.0,0,I,MELB_URBAN,ROAD,12,11.0
184745,1,3,113,1,1,60.0,0,I,MELB_URBAN,ROAD,12,11.0
184746,1,2,99,1,1,60.0,0,I,MELB_URBAN,HIGHWAY,12,13.0
184747,4,6,181,5,1,100.0,0,N,RURAL_VICTORIA,ROAD,12,10.0
184748,1,3,130,1,1,60.0,0,I,MELB_URBAN,ROAD,12,11.0
184749,1,4,171,5,1,50.0,0,N,RURAL_VICTORIA,BOULEVARD,12,9.0
184750,1,0,163,5,1,40.0,0,N,MELB_URBAN,ROAD,12,13.0
184751,1,4,110,1,1,100.0,0,I,RURAL_VICTORIA,RAMP,12,12.0
184752,4,3,171,2,1,60.0,0,I,MELB_URBAN,ROAD,12,12.0
184753,4,4,171,5,1,100.0,0,N,RURAL_VICTORIA,ROAD,12,10.0
184754,1,1,116,2,3,60.0,0,N,MELB_URBAN,ROAD,12,22.0
184755,1,3,121,5,1,60.0,0,N,MELB_URBAN,ROAD,12,7.0
184756,1,4,130,5,1,60.0,0,N,MELB_URBAN,ROAD,12,7.0
184757,1,6,99,1,1,80.0,0,N,MELB_URBAN,ROAD,12,14.0
184758,1,1,132,2,1,80.0,0,I,MELB_URBAN,RAMP,12,11.0
184759,1,1,130,1,9,60.0,0,N,MELB_URBAN,STREET,11,16.0
184760,4,7,171,5,5,100.0,0,N,RURAL_VICTORIA,ROAD,11,22.0
184761,1,3,113,2,1,60.0,0,I,MELB_URBAN,DRIVE,12,9.0
184762,1,4,130,1,1,60.0,0,N,MELB_URBAN,FREEWAY,12,10.0
184763,1,3,120,2,1,50.0,0,I,MELB_URBAN,ROAD,12,12.0
184764,1,3,130,2,1,60.0,0,I,MELB_URBAN,ROAD,12,10.0
184765,4,4,171,5,1,100.0,0,N,RURAL_VICTORIA,HIGHWAY,12,13.0
184766,1,5,130,5,9,60.0,0,N,RURAL_VICTORIA,ROAD,12,12.0
184767,1,4,113,2,1,80.0,0,I,RURAL_VICTORIA,HIGHWAY,12,16.0
184768,1,3,111,2,1,80.0,0,I,MELB_URBAN,HIGHWAY,12,14.0
184769,4,3,183,5,1,80.0,0,N,RURAL_VICTORIA,RAMP,10,10.0
184770,1,4,135,1,1,80.0,0,I,MELB_URBAN,ROAD,12,18.0
184771,1,4,135,1,1,80.0,0,N,MELB_URBAN,HIGHWAY,12,9.0
184772,1,4,99,2,1,60.0,0,I,TOWNS,ROAD,12,14.0
184773,1,4,130,5,1,100.0,1,N,MELB_URBAN,ROAD,12,16.0
184774,1,3,121,2,1,50.0,0,I,MELB_URBAN,ROAD,12,18.0
184775,1,6,110,1,3,40.0,0,I,MELB_URBAN,STREET,6,18.0
184776,9,4,99,1,1,50.0,0,I,MELB_URBAN,STREET,12,18.0
184777,6,4,174,1,1,60.0,0,I,MELB_URBAN,ROAD,12,15.0
184778,6,6,174,5,1,60.0,0,N,MELB_URBAN,ROAD,10,15.0
184779,2,4,99,5,1,50.0,0,N,MELB_URBAN,STREET,12,19.0
184780,1,4,140,5,3,60.0,0,N,MELB_URBAN,ROAD,12,23.0
184781,1,4,99,1,1,80.0,0,I,MELB_URBAN,ROAD,12,13.0
184782,1,6,130,1,1,80.0,0,I,MELB_URBAN,ROAD,11,10.0
184783,1,4,147,5,1,50.0,0,N,SMALL_CITIES,ROAD,11,14.0
184784,1,4,110,1,1,50.0,0,I,LARGE_PROVINCIAL_CITIES,STREET,12,10.0
184785,1,6,130,5,1,80.0,0,N,MELB_URBAN,ROAD,11,13.0
184786,1,5,130,2,1,60.0,0,I,MELB_URBAN,ROAD,11,13.0
184787,4,3,181,5,1,60.0,0,N,RURAL_VICTORIA,ROAD,12,16.0
184788,1,5,160,5,1,50.0,0,N,SMALL_TOWNS,STREET,12,11.0
184789,1,4,110,1,1,100.0,1,I,RURAL_VICTORIA,ROAD,12,16.0
184790,1,1,133,5,1,60.0,0,N,MELB_URBAN,ROAD,12,19.0
184791,2,5,102,5,1,60.0,0,N,MELB_URBAN,PARADE,12,12.0
184792,8,2,99,5,1,60.0,0,N,MELB_URBAN,ROAD,11,9.0
184793,1,4,133,4,1,60.0,0,I,MELB_URBAN,OTHER,12,7.0
184794,1,5,147,5,1,50.0,0,N,MELB_URBAN,STREET,12,12.0
184795,1,4,113,1,1,70.0,0,N,MELB_URBAN,HIGHWAY,12,10.0
184796,4,4,171,5,1,50.0,0,N,LARGE_PROVINCIAL_CITIES,STREET,12,9.0
184797,1,4,147,5,1,40.0,0,N,MELB_URBAN,DRIVE,12,8.0
184798,4,4,173,5,1,50.0,0,N,MELB_URBAN,AVENUE,12,8.0
184799,1,5,121,1,1,70.0,0,I,LARGE_PROVINCIAL_CITIES,STREET,12,17.0
184800,1,5,120,5,1,40.0,0,N,TOWNS,HIGHWAY,12,14.0
184801,1,5,110,1,1,60.0,0,I,MELB_URBAN,BOULEVARD,12,14.0
184802,1,2,134,5,9,60.0,0,N,MELB_URBAN,ROAD,11,17.0
184803,1,5,160,5,1,70.0,0,N,TOWNS,STREET,12,15.0
184804,1,5,121,2,1,60.0,0,I,MELB_URBAN,ROAD,12,15.0
184805,1,3,130,1,1,80.0,0,N,MELB_URBAN,HIGHWAY,12,7.0
184806,2,5,102,1,1,60.0,0,I,LARGE_PROVINCIAL_CITIES,AVENUE,12,14.0
184807,1,5,130,1,1,80.0,0,I,MELB_URBAN,HIGHWAY,12,17.0
184808,1,5,99,5,1,80.0,1,N,MELB_URBAN,FREEWAY,12,16.0
184809,1,5,130,2,1,80.0,0,N,MELB_URBAN,HIGHWAY,12,17.0
184810,1,2,147,5,1,60.0,0,N,MELB_URBAN,ROAD,12,17.0
184811,1,4,121,1,1,80.0,0,I,MELB_URBAN,DRIVE,12,16.0
184812,4,4,171,5,1,100.0,0,N,RURAL_VICTORIA,ROAD,12,19.0
184813,8,3,184,5,1,50.0,0,N,MELB_URBAN,DRIVE,12,10.0
184814,1,4,110,1,3,60.0,0,N,MELB_URBAN,STREET,12,22.0
184815,4,4,183,5,5,100.0,0,N,RURAL_VICTORIA,OTHER,12,22.0
184816,4,4,171,2,9,50.0,0,N,MELB_URBAN,STREET,12,11.0
184817,1,6,160,2,1,60.0,0,N,LARGE_PROVINCIAL_CITIES,STREET,12,6.0
184818,1,4,130,5,1,70.0,0,N,LARGE_PROVINCIAL_CITIES,ROAD,12,17.0
184819,1,7,130,2,1,50.0,0,I,MELB_URBAN,STREET,12,13.0
184820,1,6,120,5,5,100.0,0,N,RURAL_VICTORIA,HIGHWAY,12,3.0
184821,1,3,111,1,1,50.0,0,I,RURAL_VICTORIA,BOULEVARD,12,15.0
184822,1,5,121,5,1,60.0,0,N,MELB_URBAN,ROAD,12,7.0
184823,1,4,121,1,1,50.0,0,I,MELB_URBAN,STREET,12,17.0
184824,1,6,130,5,1,60.0,0,N,LARGE_PROVINCIAL_CITIES,STREET,12,9.0
184825,1,5,121,1,3,60.0,0,I,MELB_URBAN,ROAD,12,22.0
184826,1,6,163,5,1,40.0,0,N,MELB_URBAN,STREET,12,10.0
184827,1,5,147,5,1,60.0,0,N,LARGE_PROVINCIAL_CITIES,ROAD,12,17.0
184828,1,4,163,5,2,60.0,0,N,MELB_URBAN,RAMP,12,19.0
184829,4,6,99,1,1,60.0,0,I,MELB_URBAN,UNKNOWN,12,11.0
184830,1,6,121,1,1,60.0,0,I,MELB_URBAN,ROAD,12,11.0
184831,1,5,130,2,1,50.0,0,I,LARGE_PROVINCIAL_CITIES,OTHER,12,10.0
184832,1,5,140,5,1,40.0,0,N,MELB_URBAN,STREET,12,9.0
184833,1,6,132,1,1,60.0,0,N,MELB_URBAN,STREET,12,9.0
184834,1,5,121,1,1,60.0,0,I,MELB_URBAN,HIGHWAY,12,9.0
184835,6,5,174,5,1,100.0,0,N,RURAL_VICTORIA,FREEWAY,12,14.0
184836,1,1,130,1,1,60.0,0,I,RURAL_VICTORIA,ROAD,7,17.0
184837,4,7,173,5,5,110.0,0,N,RURAL_VICTORIA,FREEWAY,10,1.0
184838,4,6,181,5,1,100.0,0,N,RURAL_VICTORIA,ROAD,12,13.0
184839,1,4,99,2,1,60.0,0,I,MELB_URBAN,ROAD,11,12.0
184840,1,6,121,4,1,80.0,0,I,MELB_URBAN,HIGHWAY,12,14.0
184841,1,6,111,4,1,60.0,0,I,MELB_URBAN,ROAD,12,14.0
184842,4,6,183,5,1,110.0,0,N,RURAL_VICTORIA,FREEWAY,12,14.0
184843,1,6,121,1,1,60.0,0,I,MELB_URBAN,ROAD,12,18.0
184844,2,6,100,5,1,60.0,0,N,MELB_URBAN,PARADE,12,16.0
184845,2,6,99,5,1,40.0,0,N,MELB_URBAN,PARADE,12,19.0
184846,1,4,130,2,1,80.0,0,I,RURAL_VICTORIA,ROAD,12,15.0
184847,6,6,174,2,1,70.0,0,I,RURAL_VICTORIA,ROAD,12,19.0
184848,1,6,110,4,1,50.0,0,I,SMALL_CITIES,AVENUE,12,15.0
184849,2,4,99,1,1,50.0,0,I,LARGE_PROVINCIAL_CITIES,STREET,12,10.0
184850,1,4,130,2,9,70.0,0,I,MELB_URBAN,ROAD,11,18.0
184851,4,6,171,5,1,60.0,0,N,MELB_URBAN,STREET,12,18.0
184852,1,6,121,1,1,60.0,0,I,MELB_URBAN,ROAD,12,17.0
184853,1,5,163,5,1,40.0,0,N,MELB_URBAN,STREET,12,13.0
184854,6,7,174,5,2,50.0,0,N,MELB_URBAN,STREET,10,18.0
184855,8,5,174,5,3,40.0,0,N,TOWNS,STREET,12,23.0
184856,8,6,174,2,3,60.0,0,I,SMALL_CITIES,AVENUE,12,1.0
184857,1,6,120,2,3,60.0,0,N,MELB_URBAN,ROAD,12,23.0
184858,2,5,100,5,3,60.0,0,N,MELB_URBAN,ROAD,12,23.0
184859,1,7,99,5,5,110.0,1,N,RURAL_VICTORIA,FREEWAY,12,4.0
184860,1,0,99,2,1,60.0,0,N,MELB_URBAN,STREET,11,12.0
184861,8,4,99,2,1,60.0,0,I,MELB_URBAN,ROAD,12,17.0
184862,1,7,130,5,1,60.0,0,N,MELB_URBAN,AVENUE,12,9.0
184863,1,6,130,2,1,80.0,0,I,MELB_URBAN,ROAD,12,9.0
184864,1,4,116,2,1,60.0,0,I,MELB_URBAN,STREET,12,12.0
184865,1,7,135,5,1,100.0,0,N,RURAL_VICTORIA,OTHER,12,10.0
184866,1,7,130,5,1,80.0,0,N,MELB_URBAN,FREEWAY,12,11.0
184867,1,7,99,2,1,60.0,0,I,SMALL_CITIES,AVENUE,12,11.0
184868,1,7,130,5,1,80.0,0,N,MELB_URBAN,HIGHWAY,12,10.0
184869,1,7,121,1,1,40.0,0,I,MELB_URBAN,ROAD,12,12.0
184870,1,7,120,5,1,40.0,0,N,MELB_URBAN,ROAD,12,7.0
184871,1,6,99,5,1,50.0,0,N,MELB_URBAN,AVENUE,12,13.0
184872,4,5,173,5,1,100.0,0,N,RURAL_VICTORIA,ROAD,12,15.0
184873,1,7,121,1,1,60.0,0,I,MELB_URBAN,ROAD,12,13.0
184874,6,6,184,5,1,60.0,0,N,RURAL_VICTORIA,OTHER,12,12.0
184875,4,7,99,5,1,60.0,0,N,RURAL_VICTORIA,ROAD,12,11.0
184876,1,2,130,2,3,60.0,0,N,MELB_URBAN,ROAD,11,0.0
184877,4,7,171,5,1,80.0,1,N,RURAL_VICTORIA,ROAD,12,11.0
184878,1,6,135,5,1,60.0,0,N,MELB_URBAN,ROAD,12,7.0
184879,1,7,113,2,1,60.0,0,I,MELB_URBAN,ROAD,12,16.0
184880,6,6,99,5,1,100.0,0,N,RURAL_VICTORIA,ROAD,12,12.0
184881,1,6,99,5,1,50.0,0,N,MELB_URBAN,ROAD,12,15.0
184882,1,4,120,5,1,60.0,0,N,RURAL_VICTORIA,ROAD,12,14.0
184883,2,7,100,5,2,60.0,0,N,MELB_URBAN,STREET,12,20.0
184884,4,6,173,5,5,100.0,0,N,RURAL_VICTORIA,ROAD,12,20.0
184885,4,7,171,5,2,80.0,0,N,SMALL_TOWNS,ROAD,12,20.0
184886,1,7,110,1,3,40.0,0,I,TOWNS,STREET,12,21.0
184887,2,6,99,5,2,50.0,0,N,SMALL_CITIES,STREET,12,21.0
184888,5,7,99,2,3,40.0,0,I,MELB_URBAN,STREET,12,21.0
184889,4,7,171,5,1,50.0,0,N,SMALL_CITIES,STREET,12,9.0
184890,1,7,121,2,3,60.0,0,I,MELB_URBAN,ROAD,12,23.0
184891,8,1,99,5,5,60.0,0,N,RURAL_VICTORIA,ROAD,12,0.0
184892,4,7,99,2,3,50.0,0,N,RURAL_VICTORIA,ROAD,12,22.0
184893,4,7,171,5,3,80.0,0,N,RURAL_VICTORIA,ROAD,12,23.0
184894,6,7,184,2,2,50.0,0,N,SMALL_CITIES,DRIVE,12,20.0
184895,1,1,130,5,1,70.0,0,N,SMALL_CITIES,STREET,12,7.0
184896,2,1,100,5,1,60.0,0,N,MELB_URBAN,ROAD,12,8.0
184897,1,1,130,1,1,80.0,0,N,MELB_URBAN,OTHER,2,14.0
184898,4,2,171,2,3,60.0,0,I,MELB_URBAN,STREET,12,22.0
184899,8,1,99,3,1,80.0,0,N,RURAL_VICTORIA,ROAD,12,11.0
184900,1,1,163,5,1,50.0,0,N,SMALL_CITIES,STREET,12,11.0
184901,1,6,163,5,1,50.0,0,N,MELB_URBAN,AVENUE,12,6.0
184902,6,1,174,5,1,60.0,0,N,RURAL_VICTORIA,HIGHWAY,12,12.0
184903,4,1,181,5,1,80.0,0,N,RURAL_VICTORIA,ROAD,12,8.0
184904,1,1,121,1,1,60.0,0,I,MELB_URBAN,ROAD,12,13.0
184905,1,3,110,1,1,40.0,0,I,MELB_URBAN,STREET,12,8.0
184906,1,1,120,5,1,50.0,0,N,MELB_URBAN,STREET,12,14.0
184907,1,0,163,5,1,40.0,0,N,MELB_URBAN,STREET,12,16.0
184908,1,1,132,2,1,60.0,0,N,MELB_URBAN,HIGHWAY,12,15.0
184909,1,1,130,1,1,70.0,0,I,MELB_URBAN,ROAD,12,15.0
184910,1,1,130,5,1,100.0,0,N,MELB_URBAN,ROAD,12,15.0
184911,4,1,99,5,1,60.0,0,N,SMALL_CITIES,UNKNOWN,12,16.0
184912,4,1,183,5,1,80.0,0,N,RURAL_VICTORIA,ROAD,12,14.0
184913,1,1,130,5,1,80.0,0,N,MELB_URBAN,HIGHWAY,12,6.0
184914,2,2,100,2,1,60.0,0,I,MELB_URBAN,STREET,12,15.0
184915,8,1,174,5,1,100.0,0,N,RURAL_VICTORIA,ROAD,12,17.0
184916,1,1,130,2,1,80.0,0,N,MELB_URBAN,HIGHWAY,12,18.0
184917,1,1,130,5,1,80.0,0,N,MELB_URBAN,HIGHWAY,12,18.0
184918,1,0,111,2,3,70.0,0,N,MELB_URBAN,ROAD,12,21.0
184919,1,1,110,1,2,60.0,0,I,TOWNS,STREET,12,21.0
184920,1,1,132,1,1,80.0,0,N,SMALL_CITIES,ROAD,12,17.0
184921,4,1,171,5,1,60.0,0,N,TOWNS,STREET,12,18.0
184922,4,1,173,5,1,100.0,1,N,RURAL_VICTORIA,ROAD,12,17.0
184923,1,0,130,5,1,70.0,0,N,MELB_URBAN,ROAD,12,14.0
184924,1,1,135,2,3,60.0,0,N,MELB_URBAN,ROAD,12,22.0
184925,4,1,171,5,3,70.0,0,N,MELB_URBAN,ROAD,12,23.0
184926,1,1,99,5,1,60.0,0,N,MELB_URBAN,ROAD,12,16.0
184927,1,2,99,2,3,40.0,0,I,MELB_URBAN,AVENUE,12,0.0
184928,1,7,132,1,1,60.0,0,N,MELB_URBAN,ROAD,12,6.0
184929,4,1,171,5,2,50.0,0,N,MELB_URBAN,STREET,12,5.0
184930,4,2,171,5,1,100.0,0,N,MELB_URBAN,HIGHWAY,12,7.0
184931,1,4,135,5,1,80.0,0,N,MELB_URBAN,FREEWAY,12,8.0
184932,3,5,167,2,1,80.0,0,N,RURAL_VICTORIA,ROAD,12,9.0