,accident_type,day_of_week,dca_code,road_geometry,light_condition,speed_zone,severity,node_type,deg_urban_name,road_type,month,hour
184933,1,2,130,1,1,80.0,0,I,RURAL_VICTORIA,ROAD,12,7.0
184934,1,1,130,5,1,100.0,0,N,RURAL_VICTORIA,ROAD,12,13.0
184935,1,4,130,5,1,60.0,0,N,MELB_URBAN,ROAD,12,18.0
184936,1,1,160,5,1,50.0,0,N,SMALL_CITIES,STREET,12,8.0
184937,1,2,135,2,1,80.0,0,N,MELB_URBAN,ROAD,12,6.0
184938,1,2,140,2,1,60.0,0,I,MELB_URBAN,ROAD,12,10.0
184939,1,1,163,2,1,40.0,0,N,MELB_URBAN,STREET,12,10.0
184940,1,4,130,1,1,60.0,0,I,MELB_URBAN,STREET,12,13.0
184941,1,5,135,5,1,60.0,0,N,MELB_URBAN,STREET,12,16.0
184942,1,3,134,5,1,80.0,0,N,RURAL_VICTORIA,HIGHWAY,12,16.0
184943,1,2,130,5,1,60.0,0,N,MELB_URBAN,ROAD,12,11.0
184944,1,1,110,1,1,50.0,0,N,MELB_URBAN,ROAD,12,9.0
184945,2,1,100,2,1,50.0,0,I,MELB_URBAN,STREET,12,8.0
184946,1,1,121,1,1,60.0,0,I,MELB_URBAN,ROAD,12,11.0
184947,1,5,99,5,1,70.0,0,N,MELB_URBAN,HIGHWAY,12,15.0
184948,1,2,121,1,1,80.0,0,I,MELB_URBAN,ROAD,12,14.0
184949,1,2,130,5,1,80.0,0,N,MELB_URBAN,ROAD,12,10.0
184950,1,1,130,5,1,40.0,0,N,MELB_URBAN,ROAD,12,18.0
184951,1,1,130,2,1,60.0,0,N,MELB_URBAN,ROAD,11,17.0
184952,1,1,110,1,1,80.0,0,I,MELB_URBAN,ROAD,12,14.0
184953,1,2,160,1,1,40.0,0,N,MELB_URBAN,STREET,12,17.0
184954,1,2,130,5,1,80.0,0,N,MELB_URBAN,ROAD,12,15.0
184955,1,1,133,5,1,80.0,0,N,MELB_URBAN,FREEWAY,12,11.0
184956,1,2,113,2,1,50.0,0,I,MELB_URBAN,ROAD,12,17.0
184957,4,2,181,5,1,80.0,0,N,MELB_URBAN,ROAD,12,16.0
184958,1,2,120,1,1,70.0,0,I,MELB_URBAN,ROAD,12,16.0
184959,1,2,99,5,1,100.0,0,N,RURAL_VICTORIA,HIGHWAY,12,17.0
184960,1,1,130,5,1,80.0,0,N,MELB_URBAN,ROAD,12,18.0
184961,4,2,171,5,1,100.0,0,N,RURAL_VICTORIA,ROAD,12,17.0
184962,2,2,99,5,1,40.0,0,N,MELB_URBAN,PARADE,12,17.0
184963,1,2,99,5,3,70.0,0,N,LARGE_PROVINCIAL_CITIES,HIGHWAY,12,21.0
184964,4,2,181,5,3,60.0,0,N,SMALL_CITIES,STREET,12,21.0
184965,1,1,121,1,3,70.0,0,I,MELB_URBAN,ROAD,12,22.0
184966,6,2,170,5,5,100.0,0,N,RURAL_VICTORIA,HIGHWAY,12,1.0
184967,1,3,99,5,1,80.0,0,N,RURAL_VICTORIA,ROAD,12,8.0
184968,4,3,181,5,1,100.0,0,N,RURAL_VICTORIA,ROAD,12,7.0
184969,4,3,99,1,1,40.0,0,I,LARGE_PROVINCIAL_CITIES,STREET,12,9.0
184970,1,3,121,1,1,60.0,0,I,MELB_URBAN,STREET,12,7.0
184971,1,2,130,1,1,80.0,0,I,SMALL_CITIES,OTHER,12,9.0
184972,1,2,121,4,1,60.0,0,I,MELB_URBAN,ROAD,1,10.0
184973,4,3,181,3,1,50.0,0,I,MELB_URBAN,AVENUE,12,7.0
184974,2,2,99,5,1,50.0,0,N,MELB_URBAN,STREET,12,7.0
184975,1,5,130,5,1,60.0,0,N,MELB_URBAN,ROAD,10,12.0
184976,1,3,99,2,1,50.0,0,N,MELB_URBAN,STREET,12,11.0
184977,1,2,130,5,1,80.0,0,N,MELB_URBAN,OTHER,12,8.0
184978,1,3,130,5,1,40.0,0,N,RURAL_VICTORIA,HIGHWAY,12,9.0
184979,1,3,130,5,1,60.0,0,N,SMALL_CITIES,ROAD,12,11.0
184980,4,3,173,2,1,50.0,0,N,MELB_URBAN,DRIVE,12,11.0
184981,1,3,121,5,1,80.0,0,N,MELB_URBAN,HIGHWAY,12,12.0
184982,9,7,99,5,1,60.0,0,N,RURAL_VICTORIA,ROAD,12,14.0
184983,1,4,130,5,9,80.0,0,N,MELB_URBAN,FREEWAY,10,16.0
184984,1,3,163,2,1,40.0,0,N,MELB_URBAN,STREET,12,13.0
184985,1,2,135,1,1,60.0,0,I,MELB_URBAN,ROAD,12,17.0
184986,1,5,121,1,1,60.0,0,I,MELB_URBAN,OTHER,12,12.0
184987,1,2,99,5,6,40.0,0,N,MELB_URBAN,STREET,12,1.0
184988,1,3,110,1,1,60.0,0,I,LARGE_PROVINCIAL_CITIES,ROAD,12,14.0
184989,1,2,130,5,1,100.0,0,N,MELB_URBAN,RAMP,11,17.0
184990,1,2,99,2,1,60.0,0,I,MELB_URBAN,ROAD,12,7.0
184991,1,2,99,5,3,60.0,0,N,MELB_URBAN,DRIVE,12,1.0
184992,6,7,99,5,1,60.0,0,N,RURAL_VICTORIA,AVENUE,8,18.0
184993,6,6,174,5,1,60.0,0,N,MELB_URBAN,UNKNOWN,11,17.0
184994,1,3,110,1,1,50.0,0,I,TOWNS,STREET,12,17.0
184995,1,1,132,2,1,60.0,0,I,MELB_URBAN,STREET,12,10.0
184996,1,2,113,2,1,60.0,0,I,MELB_URBAN,ROAD,12,16.0
184997,1,3,99,2,1,60.0,0,N,MELB_URBAN,ROAD,12,11.0
184998,2,3,100,5,1,80.0,0,N,MELB_URBAN,HIGHWAY,12,15.0
184999,1,2,121,1,1,60.0,0,I,LARGE_PROVINCIAL_CITIES,STREET,12,16.0
185000,1,3,120,5,1,100.0,0,N,RURAL_VICTORIA,ROAD,12,16.0
185001,1,3,147,5,1,50.0,0,N,TOWNS,STREET,12,17.0
185002,1,3,140,2,1,80.0,0,I,MELB_URBAN,ROAD,12,15.0
185003,2,5,100,5,1,50.0,0,N,MELB_URBAN,AVENUE,12,16.0
185004,1,3,99,5,1,50.0,0,N,MELB_URBAN,OTHER,12,18.0
185005,1,1,147,5,1,60.0,0,N,TOWNS,STREET,11,13.0
185006,1,3,147,5,1,50.0,0,N,MELB_URBAN,AVENUE,12,17.0
185007,1,3,113,1,1,60.0,0,I,SMALL_CITIES,STREET,12,14.0
185008,1,3,130,1,1,80.0,0,N,MELB_URBAN,ROAD,12,7.0
185009,2,2,99,2,1,40.0,0,N,MELB_URBAN,STREET,12,15.0
185010,2,2,99,5,1,80.0,0,N,RURAL_VICTORIA,ROAD,12,12.0
185011,1,2,121,1,3,70.0,0,I,RURAL_VICTORIA,ROAD,12,22.0
185012,1,3,121,1,3,80.0,0,I,MELB_URBAN,ROAD,12,22.0
185013,1,3,113,2,1,60.0,0,I,MELB_URBAN,DRIVE,12,19.0
185014,1,5,121,5,1,60.0,0,I,MELB_URBAN,ROAD,12,19.0
185015,4,2,171,5,5,100.0,0,N,LARGE_PROVINCIAL_CITIES,ROAD,12,22.0
185016,1,3,121,2,1,60.0,0,I,MELB_URBAN,ROAD,11,9.0
185017,1,5,110,1,1,40.0,0,I,MELB_URBAN,AVENUE,12,8.0
185018,1,4,113,2,1,40.0,0,I,MELB_URBAN,DRIVE,12,13.0
185019,4,3,99,5,1,80.0,0,N,RURAL_VICTORIA,ROAD,12,7.0
185020,4,2,173,2,1,50.0,0,N,MELB_URBAN,AVENUE,12,11.0
185021,1,4,99,1,1,40.0,0,I,MELB_URBAN,STREET,12,8.0
185022,6,4,174,5,1,40.0,0,N,SMALL_CITIES,OTHER,12,8.0
185023,6,1,174,5,1,50.0,0,N,MELB_URBAN,ROAD,12,14.0
185024,4,3,183,5,1,100.0,0,N,RURAL_VICTORIA,ROAD,12,8.0
185025,1,2,130,5,1,60.0,0,N,RURAL_VICTORIA,HIGHWAY,12,14.0
185026,1,2,113,2,1,80.0,0,N,RURAL_VICTORIA,ROAD,12,13.0
185027,1,2,130,1,1,70.0,0,I,LARGE_PROVINCIAL_CITIES,HIGHWAY,9,12.0
185028,6,5,174,5,1,50.0,0,N,RURAL_VICTORIA,ROAD,12,17.0
185029,8,2,99,5,1,60.0,0,N,MELB_URBAN,STREET,12,14.0
185030,4,4,173,5,3,100.0,0,N,RURAL_VICTORIA,HIGHWAY,12,6.0
185031,1,6,99,5,1,40.0,0,N,MELB_URBAN,STREET,12,13.0
185032,8,7,174,5,1,60.0,0,N,RURAL_VICTORIA,ROAD,12,11.0
185033,1,3,121,2,1,40.0,0,I,MELB_URBAN,ROAD,12,11.0
185034,1,3,121,2,1,50.0,0,I,MELB_URBAN,DRIVE,12,7.0
185035,2,4,102,1,1,40.0,0,I,SMALL_CITIES,STREET,12,13.0
185036,4,5,99,5,1,60.0,0,N,TOWNS,STREET,12,11.0
185037,1,4,130,1,1,60.0,0,I,TOWNS,STREET,12,13.0
185038,1,4,99,5,1,60.0,0,N,MELB_URBAN,ROAD,12,14.0
185039,1,0,130,2,1,60.0,0,N,MELB_URBAN,ROAD,12,16.0
185040,2,4,99,5,1,50.0,0,N,TOWNS,STREET,12,15.0
185041,2,4,99,5,1,40.0,0,N,MELBOURNE_CBD,OTHER,11,16.0
185042,1,4,130,5,1,60.0,0,N,RURAL_VICTORIA,ROAD,12,16.0
185043,2,3,99,2,1,50.0,0,N,MELB_URBAN,ROAD,12,15.0
185044,8,5,170,5,1,80.0,0,N,RURAL_VICTORIA,ROAD,12,20.0
185045,1,3,121,1,1,60.0,0,I,MELB_URBAN,ROAD,12,15.0
185046,1,3,113,1,1,50.0,0,N,MELB_URBAN,ROAD,12,15.0
185047,1,3,130,5,1,70.0,0,N,MELB_URBAN,RAMP,12,17.0
185048,1,4,171,1,1,40.0,0,I,MELB_URBAN,STREET,12,14.0
185049,1,3,130,5,1,60.0,0,N,LARGE_PROVINCIAL_CITIES,STREET,12,17.0
185050,1,4,99,2,1,40.0,0,N,LARGE_PROVINCIAL_CITIES,STREET,12,18.0
185051,2,3,102,2,1,60.0,0,I,MELB_URBAN,ROAD,12,19.0
185052,1,4,130,5,1,80.0,0,N,MELB_URBAN,ROAD,12,14.0
185053,6,4,184,5,2,60.0,0,N,RURAL_VICTORIA,ROAD,12,19.0
185054,1,4,121,2,1,40.0,0,I,MELB_URBAN,ROAD,12,18.0
185055,1,4,121,2,1,40.0,0,N,MELB_URBAN,STREET,12,17.0
185056,1,4,110,1,1,60.0,0,I,MELB_URBAN,ROAD,12,15.0
185057,5,7,99,5,1,60.0,0,N,RURAL_VICTORIA,ROAD,11,6.0
185058,1,4,147,5,1,60.0,0,N,MELB_URBAN,ROAD,12,19.0
185059,2,3,99,5,1,50.0,0,N,TOWNS,STREET,12,17.0
185060,4,4,171,5,3,60.0,0,N,MELB_URBAN,ROAD,12,0.0
185061,4,5,173,5,1,80.0,0,N,MELB_URBAN,HIGHWAY,12,5.0
185062,6,1,99,5,1,70.0,0,N,RURAL_VICTORIA,ROAD,12,12.0
185063,8,3,99,5,1,60.0,0,N,RURAL_VICTORIA,OTHER,12,9.0
185064,1,2,134,1,1,70.0,0,N,MELB_URBAN,ROAD,12,17.0
185065,1,4,111,2,1,70.0,0,I,MELB_URBAN,OTHER,12,15.0
185066,6,1,99,5,2,50.0,0,N,MELB_URBAN,AVENUE,12,19.0
185067,1,3,111,2,1,60.0,0,I,MELB_URBAN,STREET,12,17.0
185068,1,5,99,5,9,60.0,0,N,MELB_URBAN,ROAD,12,9.0
185069,9,7,99,1,1,60.0,0,N,MELB_URBAN,STREET,11,17.0
185070,1,5,116,2,1,40.0,0,I,MELB_URBAN,ROAD,12,8.0
185071,6,3,184,3,1,100.0,0,N,RURAL_VICTORIA,ROAD,12,7.0
185072,1,4,113,2,1,60.0,0,I,MELB_URBAN,ROAD,12,6.0
185073,1,3,130,5,2,100.0,0,N,RURAL_VICTORIA,HIGHWAY,12,19.0
185074,1,3,99,2,1,60.0,0,I,MELB_URBAN,ROAD,12,11.0
185075,1,4,130,5,1,50.0,0,N,MELB_URBAN,STREET,12,16.0
185076,1,5,120,5,1,80.0,0,N,RURAL_VICTORIA,ROAD,12,9.0
185077,1,5,121,2,1,60.0,0,I,SMALL_CITIES,ROAD,12,10.0
185078,6,5,184,5,1,60.0,0,N,MELB_URBAN,ROAD,12,11.0
185079,1,4,121,2,1,40.0,0,I,MELB_URBAN,STREET,12,9.0
185080,1,2,140,5,2,100.0,0,N,RURAL_VICTORIA,AVENUE,12,19.0
185081,8,1,99,5,1,60.0,0,N,RURAL_VICTORIA,ROAD,11,10.0
185082,1,5,121,2,1,60.0,0,I,MELB_URBAN,STREET,12,11.0
185083,1,5,110,1,1,60.0,0,I,MELB_URBAN,ROAD,12,7.0
185084,1,5,113,2,1,60.0,0,I,MELB_URBAN,DRIVE,12,13.0
185085,1,3,130,2,1,80.0,0,I,RURAL_VICTORIA,ROAD,9,16.0
185086,1,5,116,1,1,50.0,0,I,SMALL_CITIES,OTHER,11,12.0
185087,1,1,130,5,1,80.0,0,N,MELB_URBAN,ROAD,12,11.0
185088,4,1,171,5,1,60.0,0,N,LARGE_PROVINCIAL_CITIES,ROAD,12,8.0
185089,1,5,130,2,1,70.0,0,N,MELB_URBAN,ROAD,12,7.0
185090,1,4,120,5,1,60.0,0,N,MELB_URBAN,ROAD,12,15.0
185091,1,3,130,1,1,60.0,0,N,MELB_URBAN,STREET,12,16.0
185092,1,5,130,5,1,80.0,0,N,MELB_URBAN,FREEWAY,12,15.0
185093,1,4,110,1,1,80.0,0,I,MELB_URBAN,ROAD,1,12.0
185094,1,5,147,5,1,50.0,0,N,MELB_URBAN,STREET,12,16.0
185095,4,5,171,5,1,40.0,0,N,MELB_URBAN,ROAD,12,14.0
185096,1,5,130,2,1,100.0,0,I,RURAL_VICTORIA,ROAD,12,16.0
185097,1,5,160,5,1,50.0,0,N,TOWNS,ROAD,12,17.0
185098,1,4,163,5,1,40.0,0,N,MELB_URBAN,STREET,12,18.0
185099,6,7,174,5,1,100.0,0,N,RURAL_VICTORIA,ROAD,12,11.0
185100,8,6,99,5,2,60.0,0,N,MELB_URBAN,OTHER,4,18.0
185101,4,4,173,5,2,80.0,0,N,RURAL_VICTORIA,ROAD,12,18.0
185102,1,5,140,5,1,50.0,0,N,LARGE_PROVINCIAL_CITIES,ROAD,12,12.0
185103,8,4,184,5,3,60.0,0,N,MELB_URBAN,STREET,12,22.0
185104,1,4,99,5,1,60.0,0,N,MELB_URBAN,ROAD,12,17.0
185105,4,6,171,5,2,60.0,0,N,MELB_URBAN,ROAD,12,5.0
185106,1,4,134,5,1,60.0,0,N,MELB_URBAN,STREET,12,21.0
185107,1,5,130,5,1,40.0,0,N,MELB_URBAN,ROAD,12,14.0
185108,1,5,99,5,1,80.0,0,N,MELB_URBAN,HIGHWAY,12,14.0
185109,5,2,99,1,3,50.0,0,I,LARGE_PROVINCIAL_CITIES,OTHER,11,1.0
185110,2,5,102,2,3,60.0,1,I,MELB_URBAN,ROAD,12,22.0
185111,4,6,173,5,3,60.0,0,N,MELB_URBAN,ROAD,12,0.0
185112,1,6,120,5,3,60.0,0,N,MELB_URBAN,ROAD,12,2.0
185113,1,5,113,2,3,100.0,0,I,RURAL_VICTORIA,HIGHWAY,12,21.0
185114,1,2,113,2,1,60.0,0,I,MELB_URBAN,ROAD,11,8.0
185115,2,4,102,5,1,40.0,0,N,MELB_URBAN,STREET,12,8.0
185116,4,6,171,1,1,50.0,0,I,MELB_URBAN,STREET,12,7.0
185117,1,1,130,1,1,80.0,0,I,MELB_URBAN,ROAD,12,12.0
185118,1,7,135,5,3,40.0,0,N,MELB_URBAN,FREEWAY,12,0.0
185119,1,6,134,5,1,60.0,0,N,MELB_URBAN,UNKNOWN,12,16.0
185120,1,0,130,5,1,60.0,0,N,RURAL_VICTORIA,BOULEVARD,11,10.0
185121,1,6,110,1,1,60.0,0,N,MELB_URBAN,ROAD,12,10.0
185122,1,6,121,2,1,80.0,0,I,MELB_URBAN,ROAD,12,11.0
185123,1,2,130,5,1,100.0,0,N,MELB_URBAN,ROAD,11,5.0
185124,1,5,140,2,1,60.0,0,N,MELB_URBAN,ROAD,12,10.0
185125,2,6,100,5,1,60.0,0,N,MELB_URBAN,OTHER,12,12.0
185126,1,6,113,1,1,100.0,1,I,RURAL_VICTORIA,ROAD,12,11.0
185127,1,6,121,1,1,60.0,0,I,SMALL_CITIES,ROAD,12,12.0
185128,1,6,110,4,1,60.0,0,I,SMALL_CITIES,ROAD,12,13.0
185129,7,6,99,5,1,50.0,0,N,MELB_URBAN,OTHER,12,13.0
185130,1,6,160,5,2,60.0,0,N,SMALL_CITIES,ROAD,12,5.0
185131,9,6,99,5,2,40.0,0,N,MELB_URBAN,STREET,12,5.0
185132,1,6,120,5,1,100.0,0,N,RURAL_VICTORIA,HIGHWAY,12,8.0
185133,1,6,111,1,1,60.0,1,I,RURAL_VICTORIA,HIGHWAY,12,11.0
185134,1,6,99,2,1,80.0,0,I,MELB_URBAN,HIGHWAY,12,10.0
185135,8,6,99,5,1,100.0,0,N,RURAL_VICTORIA,ROAD,12,12.0
185136,4,6,171,5,1,100.0,0,N,LARGE_PROVINCIAL_CITIES,ROAD,12,10.0
185137,2,5,102,1,1,60.0,0,I,MELB_URBAN,ROAD,12,14.0
185138,1,6,130,5,1,80.0,0,N,RURAL_VICTORIA,ROAD,12,6.0
185139,2,5,100,1,1,60.0,0,N,MELB_URBAN,ROAD,12,8.0
185140,1,6,147,5,1,50.0,0,N,SMALL_CITIES,STREET,12,15.0
185141,1,6,160,5,1,60.0,0,N,MELB_URBAN,ROAD,12,13.0
185142,1,6,130,5,1,80.0,0,N,MELB_URBAN,HIGHWAY,12,16.0
185143,1,3,99,5,1,50.0,0,N,MELB_URBAN,STREET,12,16.0
185144,1,6,147,5,1,60.0,0,N,MELB_URBAN,ROAD,12,14.0
185145,1,4,130,4,1,60.0,0,I,MELB_URBAN,ROAD,12,17.0
185146,6,6,99,2,1,100.0,0,I,RURAL_VICTORIA,ROAD,12,16.0
185147,4,6,99,5,1,50.0,0,N,TOWNS,STREET,12,17.0
185148,9,6,99,5,1,60.0,0,N,MELB_URBAN,ROAD,12,17.0
185149,4,6,173,1,1,80.0,0,N,RURAL_VICTORIA,ROAD,12,18.0
185150,1,5,140,2,1,50.0,0,N,MELB_URBAN,BOULEVARD,12,17.0
185151,1,6,110,1,1,50.0,0,I,MELB_URBAN,ROAD,12,17.0
185152,8,6,174,1,1,50.0,0,N,LARGE_PROVINCIAL_CITIES,STREET,12,19.0
185153,1,6,130,2,3,40.0,0,I,MELB_URBAN,STREET,12,22.0
185154,4,7,181,5,3,50.0,0,N,MELB_URBAN,PARADE,12,0.0
185155,1,1,130,2,1,60.0,0,I,RURAL_VICTORIA,BOULEVARD,12,19.0
185156,1,4,99,5,1,80.0,0,N,TOWNS,ROAD,12,17.0
185157,1,7,160,5,1,50.0,0,N,SMALL_CITIES,STREET,12,11.0
185158,4,7,181,5,1,100.0,0,N,RURAL_VICTORIA,ROAD,12,10.0
185159,1,7,110,1,1,70.0,0,I,MELB_URBAN,ROAD,12,8.0
185160,1,2,121,2,1,60.0,0,I,MELB_URBAN,STREET,12,18.0
185161,1,6,130,5,1,40.0,0,N,MELB_URBAN,ROAD,12,12.0
185162,1,4,121,2,1,50.0,0,I,MELB_URBAN,AVENUE,12,11.0
185163,4,1,183,5,1,100.0,0,N,RURAL_VICTORIA,ROAD,12,10.0
185164,4,6,171,5,1,100.0,0,N,RURAL_VICTORIA,HIGHWAY,12,10.0
185165,4,7,181,5,1,50.0,0,N,RURAL_VICTORIA,BOULEVARD,12,14.0
185166,1,3,163,5,1,50.0,0,N,SMALL_CITIES,STREET,12,17.0
185167,1,2,121,5,1,50.0,0,N,MELB_URBAN,STREET,12,6.0
185168,4,7,99,5,1,100.0,0,N,RURAL_VICTORIA,ROAD,12,15.0
185169,1,5,133,1,1,60.0,0,I,MELB_URBAN,ROAD,12,18.0
185170,1,6,140,5,1,80.0,0,N,RURAL_VICTORIA,ROAD,12,16.0
185171,4,7,171,5,1,60.0,0,N,SMALL_TOWNS,ROAD,12,17.0
185172,1,4,135,5,9,60.0,0,N,MELB_URBAN,STREET,12,23.0
185173,1,7,99,4,1,60.0,0,N,MELB_URBAN,OTHER,12,18.0
185174,1,6,121,1,2,50.0,0,I,MELB_URBAN,ROAD,12,19.0
185175,1,7,130,5,1,80.0,0,N,MELB_URBAN,FREEWAY,12,18.0
185176,1,6,99,2,1,50.0,0,I,MELB_URBAN,OTHER,12,19.0
185177,1,7,140,5,1,60.0,0,N,MELB_URBAN,ROAD,12,15.0
185178,4,7,171,5,1,110.0,0,N,RURAL_VICTORIA,FREEWAY,12,15.0
185179,1,7,135,5,3,50.0,0,N,MELB_URBAN,STREET,12,22.0
185180,4,7,99,5,1,100.0,0,N,RURAL_VICTORIA,ROAD,12,18.0
185181,2,6,102,5,1,60.0,0,N,MELB_URBAN,ROAD,12,17.0
185182,1,7,116,1,3,80.0,0,I,MELB_URBAN,ROAD,12,23.0
185183,1,6,113,1,3,40.0,0,I,MELB_URBAN,ROAD,12,22.0
185184,4,6,171,5,3,60.0,0,N,MELB_URBAN,STREET,12,23.0
185185,1,1,130,5,3,60.0,0,N,MELB_URBAN,ROAD,12,0.0
185186,1,5,121,1,1,60.0,0,I,MELB_URBAN,ROAD,12,12.0
185187,1,1,99,1,1,50.0,0,I,MELB_URBAN,STREET,12,6.0
185188,1,1,99,1,1,60.0,0,I,RURAL_VICTORIA,ROAD,12,10.0
185189,1,1,110,1,1,60.0,0,I,TOWNS,HIGHWAY,12,11.0
185190,1,1,110,1,1,80.0,0,I,TOWNS,ROAD,12,12.0
185191,1,1,120,2,1,70.0,0,N,MELB_URBAN,HIGHWAY,12,13.0
185192,1,4,130,5,1,80.0,0,N,MELB_URBAN,ROAD,12,15.0
185193,1,1,110,1,1,80.0,0,I,RURAL_VICTORIA,ROAD,12,14.0
185194,1,5,110,1,9,50.0,0,I,MELB_URBAN,AVENUE,11,19.0
185195,6,1,184,4,1,80.0,0,N,RURAL_VICTORIA,RAMP,12,13.0
185196,1,0,130,1,1,80.0,0,I,MELB_URBAN,HIGHWAY,12,13.0
185197,1,7,130,5,3,70.0,0,N,MELB_URBAN,ROAD,12,21.0
185198,1,1,99,5,1,100.0,0,N,RURAL_VICTORIA,HIGHWAY,12,11.0
185199,4,0,171,5,1,100.0,0,N,RURAL_VICTORIA,HIGHWAY,12,14.0
185200,8,1,99,5,1,80.0,0,N,RURAL_VICTORIA,ROAD,12,17.0
185201,1,1,113,2,1,80.0,0,I,RURAL_VICTORIA,ROAD,12,16.0
185202,1,1,99,2,1,50.0,0,I,MELB_URBAN,STREET,12,14.0
185203,1,0,99,5,1,50.0,0,N,MELB_URBAN,STREET,12,19.0
185204,2,7,99,5,1,60.0,0,N,MELB_URBAN,DRIVE,12,17.0
185205,1,1,121,1,1,80.0,0,I,RURAL_VICTORIA,ROAD,12,18.0
185206,1,1,140,2,3,40.0,0,I,MELB_URBAN,ROAD,12,22.0
185207,2,0,102,1,1,40.0,0,I,MELB_URBAN,STREET,12,10.0
185208,1,1,110,4,3,80.0,0,I,MELB_URBAN,AVENUE,12,22.0
185209,1,0,121,2,3,60.0,0,I,MELB_URBAN,ROAD,12,22.0
185210,1,3,130,2,9,60.0,0,I,MELB_URBAN,STREET,11,21.0
185211,4,2,181,5,3,60.0,1,N,MELB_URBAN,ROAD,12,2.0
185212,1,0,130,1,1,50.0,0,N,LARGE_PROVINCIAL_CITIES,STREET,12,13.0
185213,6,1,170,2,1,100.0,0,I,RURAL_VICTORIA,ROAD,12,9.0
185214,3,1,167,5,1,80.0,0,N,RURAL_VICTORIA,ROAD,12,9.0
185215,6,6,174,5,1,50.0,0,N,MELB_URBAN,ROAD,12,15.0
185216,1,2,99,5,1,60.0,0,O,SMALL_CITIES,UNKNOWN,12,12.0
185217,1,2,120,5,1,80.0,0,N,MELB_URBAN,ROAD,12,6.0
185218,6,4,184,5,1,100.0,0,N,RURAL_VICTORIA,ROAD,12,12.0
185219,1,7,99,5,5,50.0,0,N,TOWNS,STREET,11,23.0
185220,2,2,99,2,1,60.0,0,N,MELB_URBAN,ROAD,12,11.0
185221,1,2,121,2,1,60.0,0,I,MELB_URBAN,STREET,12,12.0
185222,1,4,121,1,9,60.0,0,I,MELB_URBAN,ROAD,12,7.0
185223,8,2,99,2,1,100.0,0,I,RURAL_VICTORIA,ROAD,12,12.0
185224,1,1,99,5,1,100.0,0,N,MELB_URBAN,ROAD,12,12.0
185225,4,2,99,5,1,100.0,0,N,RURAL_VICTORIA,ROAD,12,13.0
185226,4,1,181,5,1,50.0,0,N,MELB_URBAN,OTHER,12,14.0
185227,8,3,99,1,6,60.0,0,I,MELB_URBAN,PARADE,11,0.0
185228,1,1,130,2,3,60.0,0,I,MELB_URBAN,ROAD,12,20.0
185229,1,2,111,1,1,100.0,0,I,RURAL_VICTORIA,ROAD,12,19.0
185230,1,1,111,2,1,60.0,0,I,MELB_URBAN,ROAD,12,12.0
185231,4,2,183,5,1,100.0,0,N,MELB_URBAN,RAMP,12,20.0
185232,1,2,110,1,3,60.0,0,I,MELB_URBAN,ROAD,12,22.0
185233,1,2,113,2,5,60.0,0,I,SMALL_CITIES,ROAD,12,21.0
185234,6,3,174,5,3,50.0,0,N,MELB_URBAN,STREET,12,0.0
185235,1,2,113,1,3,60.0,0,I,LARGE_PROVINCIAL_CITIES,STREET,12,0.0
185236,1,3,99,2,5,80.0,0,N,RURAL_VICTORIA,ROAD,12,22.0
185237,1,4,121,5,1,60.0,0,N,TOWNS,STREET,12,7.0
185238,1,3,99,5,1,50.0,0,N,MELB_URBAN,STREET,12,17.0
185239,1,3,99,5,1,80.0,0,N,MELB_URBAN,HIGHWAY,12,10.0
185240,8,3,99,1,1,60.0,0,I,TOWNS,ROAD,12,10.0
185241,4,3,99,5,1,80.0,0,N,MELB_URBAN,HIGHWAY,12,10.0
185242,1,2,130,5,1,80.0,0,N,MELB_URBAN,ROAD,2,14.0
185243,1,1,147,5,1,50.0,0,N,MELB_URBAN,AVENUE,12,19.0
185244,1,3,113,1,1,80.0,0,I,RURAL_VICTORIA,HIGHWAY,12,11.0
185245,1,2,99,5,1,80.0,0,N,MELB_URBAN,ROAD,12,7.0
185246,1,3,130,1,1,60.0,0,N,MELB_URBAN,AVENUE,12,12.0
185247,1,3,99,2,1,50.0,0,I,MELB_URBAN,DRIVE,12,9.0
185248,1,3,99,2,1,70.0,0,I,MELB_URBAN,ROAD,12,11.0
185249,1,2,120,5,1,60.0,0,N,LARGE_PROVINCIAL_CITIES,ROAD,12,12.0
185250,8,5,99,1,6,60.0,0,N,MELB_URBAN,ROAD,12,23.0
185251,4,6,181,5,1,80.0,0,N,RURAL_VICTORIA,ROAD,12,11.0
185252,1,2,130,5,1,50.0,0,N,MELB_URBAN,ROAD,11,15.0
185253,1,2,160,5,1,60.0,0,N,LARGE_PROVINCIAL_CITIES,ROAD,12,13.0
185254,1,3,140,1,1,110.0,0,N,RURAL_VICTORIA,FREEWAY,12,14.0