,accident_type,day_of_week,dca_code,road_geometry,light_condition,speed_zone,severity,node_type,deg_urban_name,road_type,month,hour
185255,1,3,110,1,1,50.0,0,I,MELB_URBAN,ROAD,12,15.0
185256,1,2,147,5,1,60.0,0,N,MELB_URBAN,ROAD,12,7.0
185257,1,0,130,2,1,60.0,0,N,MELB_URBAN,HIGHWAY,12,12.0
185258,1,3,113,1,1,60.0,0,I,MELB_URBAN,ROAD,12,16.0
185259,1,3,130,5,1,70.0,0,N,RURAL_VICTORIA,ROAD,12,13.0
185260,1,4,99,2,1,50.0,0,I,MELB_URBAN,RAMP,12,17.0
185261,8,2,99,5,1,60.0,0,N,MELB_URBAN,PARADE,12,16.0
185262,8,3,170,5,1,40.0,0,N,MELB_URBAN,STREET,12,18.0
185263,1,2,130,5,1,60.0,0,N,MELB_URBAN,STREET,12,17.0
185264,6,3,184,5,2,50.0,0,N,RURAL_VICTORIA,DRIVE,12,18.0
185265,6,3,174,2,1,50.0,0,I,SMALL_CITIES,AVENUE,12,16.0
185266,4,3,171,2,1,60.0,0,I,MELB_URBAN,ROAD,12,17.0
185267,2,3,102,1,1,60.0,0,I,MELB_URBAN,ROAD,12,19.0
185268,6,3,99,5,1,100.0,0,N,RURAL_VICTORIA,HIGHWAY,12,19.0
185269,1,3,110,1,1,50.0,0,I,MELB_URBAN,STREET,12,18.0
185270,1,2,110,1,2,80.0,0,N,MELB_URBAN,ROAD,12,19.0
185271,1,3,110,1,1,70.0,0,I,MELB_URBAN,ROAD,12,14.0
185272,4,3,181,5,3,50.0,0,N,MELB_URBAN,DRIVE,12,21.0
185273,4,2,183,5,5,80.0,0,N,RURAL_VICTORIA,ROAD,12,22.0
185274,1,4,160,5,3,60.0,0,N,MELB_URBAN,ROAD,12,1.0
185275,1,4,130,2,3,70.0,0,I,MELB_URBAN,ROAD,12,1.0
185276,1,2,113,1,3,60.0,0,I,MELB_URBAN,ROAD,12,22.0
185277,4,3,181,1,3,60.0,0,I,MELB_URBAN,ROAD,12,3.0
185278,8,2,174,5,3,50.0,0,N,RURAL_VICTORIA,STREET,12,22.0
185279,1,3,121,1,1,60.0,0,I,MELB_URBAN,ROAD,12,9.0
185280,6,4,99,5,1,80.0,0,N,RURAL_VICTORIA,ROAD,12,10.0
185281,4,4,171,5,1,100.0,0,N,RURAL_VICTORIA,ROAD,12,11.0
185282,4,3,171,5,1,60.0,0,N,MELB_URBAN,ROAD,12,12.0
185283,1,4,130,5,1,100.0,0,N,RURAL_VICTORIA,FREEWAY,12,12.0
185284,1,4,121,2,1,100.0,0,I,RURAL_VICTORIA,HIGHWAY,12,11.0
185285,1,4,110,1,1,60.0,0,N,MELB_URBAN,ROAD,12,8.0
185286,1,4,99,5,1,70.0,0,N,LARGE_PROVINCIAL_CITIES,STREET,12,13.0
185287,1,5,99,5,1,110.0,0,N,RURAL_VICTORIA,FREEWAY,12,9.0
185288,1,4,116,1,1,50.0,0,I,TOWNS,STREET,12,16.0
185289,2,4,99,5,1,40.0,0,N,MELB_URBAN,UNKNOWN,12,16.0
185290,4,3,171,5,1,70.0,0,N,RURAL_VICTORIA,ROAD,12,15.0
185291,1,4,99,2,1,100.0,0,I,RURAL_VICTORIA,ROAD,12,15.0
185292,1,4,110,1,1,60.0,0,I,LARGE_PROVINCIAL_CITIES,STREET,12,19.0
185293,2,3,99,5,1,50.0,0,N,MELB_URBAN,STREET,12,18.0
185294,4,4,99,2,1,80.0,0,I,RURAL_VICTORIA,ROAD,12,15.0
185295,4,4,171,5,1,60.0,0,N,MELB_URBAN,ROAD,12,18.0
185296,4,4,181,5,1,50.0,0,N,MELB_URBAN,OTHER,12,18.0
185297,4,4,181,5,1,50.0,0,N,TOWNS,OTHER,12,20.0
185298,4,4,171,5,5,100.0,0,N,RURAL_VICTORIA,ROAD,12,21.0
185299,1,0,99,1,1,40.0,0,I,MELB_URBAN,STREET,12,11.0
185300,1,6,130,5,1,60.0,0,N,MELB_URBAN,STREET,9,13.0
185301,1,5,130,2,3,80.0,0,I,MELB_URBAN,ROAD,12,5.0
185302,6,3,174,2,1,60.0,0,I,RURAL_VICTORIA,ROAD,12,14.0
185303,1,7,99,5,1,40.0,0,N,MELB_URBAN,STREET,12,12.0
185304,6,4,174,1,1,80.0,0,I,RURAL_VICTORIA,ROAD,12,8.0
185305,1,4,110,1,3,50.0,0,N,SMALL_CITIES,BOULEVARD,12,1.0
185306,4,4,171,2,3,80.0,0,N,MELB_URBAN,ROAD,10,0.0
185307,1,5,99,1,1,100.0,0,I,RURAL_VICTORIA,ROAD,12,9.0
185308,1,5,111,2,1,60.0,0,I,MELB_URBAN,ROAD,12,10.0
185309,1,4,110,1,1,60.0,0,I,MELB_URBAN,ROAD,12,11.0
185310,1,4,99,1,1,60.0,0,I,LARGE_PROVINCIAL_CITIES,STREET,12,11.0
185311,1,5,135,5,1,60.0,0,N,MELB_URBAN,STREET,12,14.0
185312,1,5,110,1,1,80.0,0,I,SMALL_TOWNS,ROAD,12,10.0
185313,6,5,99,5,1,80.0,0,N,MELB_URBAN,ROAD,12,13.0
185314,2,5,99,5,1,50.0,0,N,MELB_URBAN,STREET,12,16.0
185315,2,5,99,5,1,60.0,0,O,LARGE_PROVINCIAL_CITIES,UNKNOWN,12,14.0
185316,2,7,100,5,1,60.0,0,N,MELB_URBAN,DRIVE,12,10.0
185317,1,5,110,1,1,80.0,0,I,MELB_URBAN,HIGHWAY,12,19.0
185318,1,5,110,1,3,50.0,0,I,SMALL_CITIES,STREET,12,21.0
185319,4,5,181,5,5,100.0,0,N,RURAL_VICTORIA,ROAD,12,21.0
185320,1,5,121,2,1,60.0,0,I,MELB_URBAN,ROAD,12,17.0
185321,4,6,99,5,2,50.0,0,N,SMALL_CITIES,BOULEVARD,12,5.0
185322,1,6,110,1,1,80.0,0,I,MELB_URBAN,ROAD,12,9.0
185323,1,6,113,1,1,60.0,0,I,MELB_URBAN,ROAD,12,9.0
185324,1,6,110,1,3,50.0,0,I,MELB_URBAN,ROAD,12,22.0
185325,4,5,171,5,1,70.0,0,N,MELB_URBAN,ROAD,12,6.0
185326,4,5,99,5,1,50.0,0,N,MELB_URBAN,AVENUE,12,18.0
185327,1,5,113,2,1,60.0,0,I,MELB_URBAN,ROAD,12,11.0
185328,1,3,130,1,1,60.0,0,I,MELB_URBAN,ROAD,12,16.0
185329,1,6,99,5,1,60.0,0,N,MELB_URBAN,STREET,12,11.0
185330,1,6,135,5,1,60.0,0,N,MELB_URBAN,AVENUE,6,14.0
185331,2,6,100,5,1,60.0,0,N,MELB_URBAN,ROAD,12,12.0
185332,1,6,113,2,1,50.0,0,I,MELB_URBAN,OTHER,12,15.0
185333,1,2,121,2,1,60.0,0,I,MELB_URBAN,ROAD,12,14.0
185334,1,6,110,1,1,80.0,0,I,LARGE_PROVINCIAL_CITIES,HIGHWAY,12,15.0
185335,1,4,110,1,1,60.0,0,I,MELB_URBAN,ROAD,12,7.0
185336,4,5,173,5,1,80.0,0,N,RURAL_VICTORIA,ROAD,12,14.0
185337,4,6,181,5,1,100.0,0,N,RURAL_VICTORIA,ROAD,12,16.0
185338,1,6,121,1,1,80.0,0,N,MELB_URBAN,ROAD,12,15.0
185339,1,3,133,5,1,40.0,0,N,MELB_URBAN,ROAD,12,16.0
185340,1,6,121,2,1,100.0,0,I,RURAL_VICTORIA,HIGHWAY,12,15.0
185341,4,6,183,5,1,80.0,0,N,RURAL_VICTORIA,ROAD,12,15.0
185342,8,6,174,5,1,50.0,0,N,SMALL_CITIES,UNKNOWN,12,18.0
185343,2,6,102,5,1,40.0,0,N,MELB_URBAN,STREET,12,18.0
185344,1,6,130,5,1,80.0,0,N,MELB_URBAN,ROAD,12,17.0
185345,1,5,140,2,1,60.0,0,N,MELB_URBAN,ROAD,12,16.0
185346,1,6,113,2,1,60.0,0,I,MELB_URBAN,AVENUE,12,18.0
185347,1,6,113,4,1,80.0,0,I,MELB_URBAN,RAMP,12,15.0
185348,2,5,99,5,1,40.0,0,N,MELB_URBAN,ROAD,12,18.0
185349,1,5,99,5,3,80.0,0,N,MELB_URBAN,HIGHWAY,12,22.0
185350,6,6,99,5,1,110.0,0,N,RURAL_VICTORIA,HIGHWAY,12,18.0
185351,4,6,171,5,3,50.0,0,N,MELB_URBAN,DRIVE,12,2.0
185352,2,6,100,5,1,70.0,0,N,RURAL_VICTORIA,ROAD,12,9.0
185353,1,6,130,5,1,80.0,0,N,MELB_URBAN,STREET,12,6.0
185354,4,7,171,5,1,100.0,0,N,MELB_URBAN,FREEWAY,12,6.0
185355,1,6,113,2,1,70.0,0,I,MELB_URBAN,DRIVE,12,8.0
185356,1,7,110,1,1,60.0,0,I,SMALL_CITIES,STREET,12,10.0
185357,4,4,181,5,1,100.0,0,N,MELB_URBAN,FREEWAY,12,6.0
185358,1,6,163,2,1,40.0,0,N,MELBOURNE_CBD,STREET,11,17.0
185359,1,7,99,5,1,80.0,0,N,RURAL_VICTORIA,HIGHWAY,12,9.0
185360,1,7,121,2,1,100.0,0,N,RURAL_VICTORIA,HIGHWAY,12,12.0
185361,1,7,130,5,1,100.0,0,N,RURAL_VICTORIA,FREEWAY,12,12.0
185362,8,2,99,5,1,100.0,0,N,RURAL_VICTORIA,ROAD,11,13.0
185363,1,4,130,5,1,80.0,0,N,MELB_URBAN,HIGHWAY,12,13.0
185364,1,6,160,5,1,50.0,0,N,MELB_URBAN,BOULEVARD,12,12.0
185365,1,4,130,5,9,100.0,0,N,MELB_URBAN,FREEWAY,4,6.0
185366,5,6,99,5,1,60.0,0,N,RURAL_VICTORIA,OTHER,12,14.0
185367,4,7,171,5,1,60.0,0,N,LARGE_PROVINCIAL_CITIES,PARADE,12,16.0
185368,1,7,110,1,1,100.0,0,I,RURAL_VICTORIA,ROAD,12,16.0
185369,1,7,121,1,2,50.0,0,I,MELB_URBAN,STREET,12,18.0
185370,1,7,110,1,1,60.0,0,I,MELB_URBAN,ROAD,12,17.0
185371,6,6,170,5,5,100.0,0,N,RURAL_VICTORIA,ROAD,12,0.0
185372,1,6,120,5,1,60.0,0,N,MELB_URBAN,ROAD,12,18.0
185373,1,7,110,1,1,50.0,0,I,LARGE_PROVINCIAL_CITIES,PARADE,12,18.0
185374,1,7,147,2,1,60.0,0,I,SMALL_CITIES,OTHER,12,16.0
185375,1,7,160,5,1,50.0,0,N,MELB_URBAN,AVENUE,12,14.0
185376,1,7,110,1,3,60.0,0,I,MELB_URBAN,BOULEVARD,12,21.0
185377,4,6,183,5,5,70.0,0,N,MELB_URBAN,HIGHWAY,12,21.0
185378,1,6,160,5,3,60.0,0,N,TOWNS,ROAD,12,22.0
185379,5,1,99,5,3,100.0,0,N,MELB_URBAN,FREEWAY,12,1.0
185380,1,0,130,5,1,70.0,0,N,SMALL_CITIES,HIGHWAY,12,11.0
185381,1,3,99,5,1,60.0,0,N,MELB_URBAN,ROAD,12,13.0
185382,3,1,167,5,5,60.0,0,N,RURAL_VICTORIA,HIGHWAY,12,3.0
185383,1,0,121,1,1,60.0,0,I,MELB_URBAN,ROAD,12,10.0
185384,1,1,135,5,1,80.0,0,N,MELB_URBAN,ROAD,12,12.0
185385,6,3,174,5,1,60.0,0,N,RURAL_VICTORIA,ROAD,12,12.0
185386,1,1,111,2,1,80.0,0,N,MELB_URBAN,HIGHWAY,12,9.0
185387,1,5,99,1,1,40.0,0,I,MELBOURNE_CBD,STREET,12,7.0
185388,1,1,113,2,1,60.0,0,I,RURAL_VICTORIA,ROAD,12,13.0
185389,1,0,116,2,1,80.0,0,N,RURAL_VICTORIA,ROAD,12,15.0
185390,4,0,171,5,1,100.0,0,N,RURAL_VICTORIA,ROAD,12,14.0
185391,1,1,99,5,1,80.0,0,N,MELB_URBAN,HIGHWAY,12,16.0
185392,1,0,120,5,1,100.0,0,N,RURAL_VICTORIA,ROAD,12,15.0
185393,4,1,171,5,1,80.0,0,N,RURAL_VICTORIA,OTHER,12,13.0
185394,1,1,99,5,2,80.0,0,N,RURAL_VICTORIA,HIGHWAY,12,4.0
185395,1,1,99,2,1,50.0,0,I,MELB_URBAN,ROAD,12,16.0
185396,4,6,183,5,5,60.0,0,I,RURAL_VICTORIA,UNKNOWN,12,22.0
185397,4,1,173,5,1,100.0,1,N,RURAL_VICTORIA,ROAD,12,14.0
185398,4,1,183,5,1,80.0,0,N,MELB_URBAN,RAMP,12,17.0
185399,1,1,173,5,1,60.0,0,N,LARGE_PROVINCIAL_CITIES,STREET,12,17.0
185400,1,1,121,1,1,60.0,0,I,MELB_URBAN,ROAD,12,19.0
185401,1,1,135,1,2,60.0,0,I,MELB_URBAN,PARADE,12,20.0
185402,1,1,110,1,1,80.0,0,I,TOWNS,HIGHWAY,12,19.0
185403,4,1,99,2,3,80.0,0,I,RURAL_VICTORIA,HIGHWAY,12,23.0
185404,1,1,120,5,1,80.0,0,N,TOWNS,HIGHWAY,12,6.0
185405,1,1,130,1,1,80.0,0,N,MELB_URBAN,ROAD,12,6.0
185406,2,2,99,1,1,60.0,0,N,MELB_URBAN,AVENUE,12,6.0
185407,6,1,99,5,1,60.0,0,N,MELB_URBAN,ROAD,12,7.0
185408,8,1,99,5,6,60.0,0,N,RURAL_VICTORIA,HIGHWAY,12,3.0
185409,1,2,130,5,1,80.0,0,N,MELB_URBAN,ROAD,12,7.0
185410,1,1,121,2,1,50.0,0,I,MELB_URBAN,ROAD,12,11.0
185411,1,2,121,5,1,50.0,0,N,SMALL_CITIES,UNKNOWN,12,12.0
185412,6,1,174,3,1,60.0,0,I,RURAL_VICTORIA,OTHER,12,10.0
185413,1,5,111,1,9,60.0,0,N,MELB_URBAN,ROAD,12,10.0
185414,1,7,163,5,1,40.0,0,N,MELB_URBAN,STREET,12,19.0
185415,1,2,130,2,1,50.0,0,I,TOWNS,AVENUE,12,11.0
185416,1,2,130,5,1,50.0,0,N,MELB_URBAN,STREET,12,12.0
185417,6,2,99,5,1,100.0,0,N,RURAL_VICTORIA,ROAD,12,13.0
185418,3,2,167,5,1,100.0,0,N,RURAL_VICTORIA,ROAD,12,8.0
185419,3,2,167,5,1,100.0,0,N,RURAL_VICTORIA,ROAD,12,14.0
185420,1,3,130,5,1,60.0,0,N,MELB_URBAN,ROAD,12,18.0
185421,4,2,171,1,1,80.0,0,N,MELB_URBAN,ROAD,12,14.0
185422,6,2,99,5,1,100.0,0,N,RURAL_VICTORIA,ROAD,12,13.0
185423,8,3,174,5,1,50.0,0,N,MELB_URBAN,ROAD,12,8.0
185424,4,2,181,5,1,100.0,0,N,RURAL_VICTORIA,ROAD,12,15.0
185425,6,2,170,5,1,100.0,0,N,RURAL_VICTORIA,ROAD,12,14.0
185426,1,1,110,1,1,100.0,0,I,RURAL_VICTORIA,ROAD,12,16.0
185427,1,2,110,1,1,60.0,0,I,SMALL_CITIES,ROAD,12,14.0
185428,1,0,130,2,1,80.0,0,I,MELB_URBAN,HIGHWAY,12,10.0
185429,1,2,116,2,1,60.0,0,I,MELB_URBAN,ROAD,12,17.0
185430,4,2,183,5,1,80.0,0,N,RURAL_VICTORIA,ROAD,12,16.0
185431,4,2,171,5,1,70.0,0,N,MELB_URBAN,ROAD,12,17.0
185432,1,2,160,5,1,60.0,0,N,MELB_URBAN,ROAD,12,16.0
185433,6,1,174,2,1,100.0,0,I,RURAL_VICTORIA,ROAD,12,17.0
185434,1,1,120,1,1,40.0,0,N,MELB_URBAN,STREET,12,18.0
185435,1,2,110,1,1,80.0,0,N,MELB_URBAN,ROAD,12,14.0
185436,2,1,99,5,1,50.0,0,N,TOWNS,PARADE,12,19.0
185437,1,2,121,2,3,60.0,0,I,MELB_URBAN,ROAD,12,21.0
185438,1,1,160,5,3,70.0,0,N,LARGE_PROVINCIAL_CITIES,ROAD,12,23.0
185439,5,2,181,5,5,100.0,1,N,RURAL_VICTORIA,ROAD,12,20.0
185440,1,6,99,2,3,60.0,0,I,MELB_URBAN,STREET,12,22.0
185441,1,2,130,1,1,80.0,0,N,RURAL_VICTORIA,ROAD,12,14.0
185442,4,2,171,5,1,60.0,0,N,MELB_URBAN,ROAD,12,8.0
185443,1,3,120,5,1,100.0,0,N,RURAL_VICTORIA,HIGHWAY,12,7.0
185444,1,3,99,5,1,80.0,0,N,MELB_URBAN,FREEWAY,12,10.0
185445,1,3,130,5,1,40.0,0,N,MELB_URBAN,ROAD,12,11.0
185446,4,3,183,5,1,80.0,0,N,RURAL_VICTORIA,ROAD,12,8.0
185447,4,3,183,5,1,80.0,0,N,RURAL_VICTORIA,ROAD,12,8.0
185448,5,1,99,5,1,100.0,0,N,RURAL_VICTORIA,HIGHWAY,12,11.0
185449,8,4,184,5,1,60.0,0,N,RURAL_VICTORIA,ROAD,12,11.0
185450,4,7,173,5,1,60.0,0,N,MELB_URBAN,STREET,12,18.0
185451,1,2,140,5,1,60.0,0,N,SMALL_CITIES,AVENUE,12,10.0
185452,1,4,99,5,2,40.0,0,N,MELB_URBAN,STREET,12,5.0
185453,1,2,116,2,1,60.0,0,I,MELB_URBAN,ROAD,12,14.0
185454,1,3,113,2,1,80.0,0,I,MELB_URBAN,HIGHWAY,12,11.0
185455,1,3,113,2,1,50.0,0,I,MELB_URBAN,DRIVE,12,10.0
185456,1,3,140,2,1,60.0,0,I,MELB_URBAN,ROAD,12,15.0
185457,1,2,121,2,1,60.0,0,I,MELB_URBAN,ROAD,12,16.0
185458,1,2,121,1,1,60.0,0,N,MELB_URBAN,STREET,12,15.0
185459,4,2,171,5,1,110.0,0,N,RURAL_VICTORIA,FREEWAY,12,16.0
185460,1,2,130,2,1,60.0,0,I,MELB_URBAN,ROAD,12,8.0
185461,8,3,99,1,1,50.0,0,I,SMALL_CITIES,STREET,12,16.0
185462,4,2,171,5,1,50.0,0,N,MELB_URBAN,DRIVE,12,17.0
185463,1,7,130,5,1,60.0,0,N,MELB_URBAN,ROAD,12,18.0
185464,1,3,110,1,1,100.0,0,I,RURAL_VICTORIA,HIGHWAY,12,19.0
185465,2,2,102,2,1,50.0,0,I,MELB_URBAN,DRIVE,12,19.0
185466,1,3,121,2,1,40.0,0,I,MELB_URBAN,STREET,12,15.0
185467,6,2,99,5,1,60.0,0,N,MELB_URBAN,ROAD,12,12.0
185468,1,3,116,2,3,60.0,0,I,MELB_URBAN,ROAD,12,22.0
185469,2,3,100,5,2,50.0,0,N,TOWNS,STREET,12,20.0
185470,2,3,99,5,5,60.0,0,N,RURAL_VICTORIA,ROAD,12,23.0
185471,2,3,100,5,3,60.0,0,N,SMALL_TOWNS,HIGHWAY,1,1.0
185472,1,3,110,1,3,60.0,0,I,MELB_URBAN,ROAD,1,3.0
185473,1,2,120,5,3,60.0,0,N,MELB_URBAN,ROAD,12,22.0
185474,1,4,120,2,3,80.0,0,I,RURAL_VICTORIA,ROAD,1,2.0
185475,4,4,173,5,3,60.0,0,N,SMALL_CITIES,AVENUE,1,4.0
185476,1,3,121,2,3,50.0,0,I,MELB_URBAN,ROAD,1,0.0
185477,4,4,181,2,1,60.0,0,I,TOWNS,OTHER,8,7.0
185478,6,6,99,1,1,60.0,0,I,MELB_URBAN,ROAD,12,10.0
185479,1,4,110,1,1,60.0,0,I,MELB_URBAN,ROAD,1,8.0
185480,5,3,99,5,1,40.0,0,N,RURAL_VICTORIA,ROAD,12,10.0
185481,1,0,113,1,1,40.0,0,N,MELB_URBAN,STREET,10,12.0
185482,3,4,167,5,1,100.0,0,N,RURAL_VICTORIA,ROAD,1,7.0
185483,4,3,173,2,1,100.0,0,I,RURAL_VICTORIA,HIGHWAY,1,8.0
185484,4,3,173,5,1,60.0,0,N,MELB_URBAN,ROAD,1,9.0
185485,4,4,173,2,1,60.0,0,I,SMALL_TOWNS,STREET,1,7.0
185486,1,4,99,4,2,60.0,0,I,MELB_URBAN,ROAD,1,6.0
185487,1,1,130,1,1,60.0,0,N,MELB_URBAN,BOULEVARD,12,10.0
185488,1,4,113,2,1,70.0,0,I,MELB_URBAN,ROAD,1,9.0
185489,5,4,99,5,1,60.0,0,N,MELB_URBAN,ROAD,1,12.0
185490,1,4,132,2,1,70.0,0,I,RURAL_VICTORIA,DRIVE,1,13.0
185491,4,4,171,5,1,60.0,0,N,SMALL_CITIES,ROAD,1,14.0
185492,1,4,113,2,1,60.0,0,I,RURAL_VICTORIA,STREET,1,13.0
185493,1,4,130,2,1,60.0,0,N,MELB_URBAN,ROAD,1,13.0
185494,1,4,121,2,1,60.0,0,I,MELB_URBAN,ROAD,1,14.0
185495,4,3,183,5,1,60.0,0,N,RURAL_VICTORIA,ROAD,1,13.0
185496,2,4,99,3,3,40.0,0,I,MELB_URBAN,STREET,1,3.0
185497,4,4,183,5,1,100.0,1,N,RURAL_VICTORIA,ROAD,1,11.0
185498,8,4,174,5,1,60.0,0,N,RURAL_VICTORIA,ROAD,1,12.0
185499,4,4,99,5,2,60.0,0,N,RURAL_VICTORIA,ROAD,12,17.0
185500,6,4,99,5,1,100.0,0,N,RURAL_VICTORIA,ROAD,1,18.0
185501,1,4,121,1,3,60.0,0,N,MELB_URBAN,ROAD,1,1.0
185502,1,3,132,2,1,100.0,0,I,RURAL_VICTORIA,ROAD,1,19.0
185503,2,3,99,5,1,50.0,0,N,RURAL_VICTORIA,DRIVE,1,18.0
185504,1,3,171,5,3,50.0,0,N,MELB_URBAN,ROAD,1,21.0
185505,1,3,140,2,1,70.0,0,N,MELB_URBAN,STREET,12,10.0
185506,1,5,120,5,3,60.0,0,N,MELB_URBAN,ROAD,1,5.0
185507,6,5,174,1,3,60.0,0,N,SMALL_CITIES,ROAD,1,5.0
185508,1,3,110,1,1,50.0,0,I,TOWNS,ROAD,1,18.0
185509,1,4,130,5,1,110.0,0,N,RURAL_VICTORIA,FREEWAY,1,7.0
185510,2,3,100,2,9,60.0,0,N,MELB_URBAN,STREET,1,1.0
185511,4,4,171,5,1,100.0,0,N,MELB_URBAN,ROAD,1,6.0
185512,4,4,171,5,2,60.0,0,N,RURAL_VICTORIA,OTHER,1,20.0
185513,1,5,160,5,1,50.0,0,N,MELB_URBAN,BOULEVARD,1,10.0
185514,6,6,184,5,1,60.0,0,N,RURAL_VICTORIA,ROAD,12,16.0
185515,1,2,130,5,1,60.0,0,N,MELB_URBAN,RAMP,12,17.0
185516,1,5,160,2,1,50.0,0,N,MELB_URBAN,STREET,1,9.0
185517,1,7,121,2,1,80.0,0,I,RURAL_VICTORIA,ROAD,12,7.0
185518,1,5,99,1,1,100.0,0,I,RURAL_VICTORIA,OTHER,1,11.0
185519,2,3,99,5,9,50.0,0,N,MELB_URBAN,STREET,12,12.0
185520,1,5,110,1,1,60.0,0,I,MELB_URBAN,STREET,1,9.0
185521,8,1,99,5,1,80.0,0,N,RURAL_VICTORIA,ROAD,12,16.0
185522,4,4,183,5,1,100.0,0,N,RURAL_VICTORIA,ROAD,1,13.0
185523,1,5,130,1,1,50.0,0,I,MELB_URBAN,STREET,12,12.0
185524,4,5,173,1,1,40.0,0,I,MELB_URBAN,STREET,1,14.0
185525,1,5,130,2,1,60.0,0,I,MELB_URBAN,RAMP,1,14.0
185526,1,5,130,5,1,70.0,0,N,MELB_URBAN,ROAD,1,15.0
185527,1,1,147,5,5,60.0,0,N,MELB_URBAN,STREET,12,20.0
185528,1,5,111,2,1,80.0,0,I,MELB_URBAN,HIGHWAY,12,14.0
185529,1,7,135,5,1,70.0,0,N,MELB_URBAN,ROAD,12,12.0
185530,1,2,121,5,1,50.0,0,N,MELB_URBAN,ROAD,12,9.0
185531,7,6,99,5,1,100.0,0,N,RURAL_VICTORIA,ROAD,12,16.0
185532,1,1,133,5,1,40.0,0,N,MELB_URBAN,STREET,12,18.0
185533,1,4,113,1,1,60.0,0,I,MELB_URBAN,OTHER,1,17.0
185534,8,4,99,1,1,100.0,0,I,RURAL_VICTORIA,ROAD,1,18.0
185535,4,4,171,5,2,80.0,0,N,RURAL_VICTORIA,ROAD,1,20.0
185536,1,4,121,1,3,80.0,0,I,MELB_URBAN,ROAD,1,22.0
185537,1,5,130,5,5,100.0,0,N,MELB_URBAN,FREEWAY,1,23.0
185538,1,5,147,5,3,40.0,0,O,MELB_URBAN,ROAD,1,1.0
185539,1,6,121,1,3,80.0,0,I,MELB_URBAN,HIGHWAY,1,1.0
185540,1,2,140,5,1,60.0,0,N,LARGE_PROVINCIAL_CITIES,ROAD,12,16.0
185541,1,6,110,1,1,80.0,0,I,MELB_URBAN,HIGHWAY,1,8.0
185542,1,5,147,5,1,60.0,0,N,MELB_URBAN,ROAD,11,16.0
185543,1,4,130,5,1,80.0,0,N,RURAL_VICTORIA,ROAD,1,11.0
185544,1,6,130,5,1,100.0,0,N,RURAL_VICTORIA,HIGHWAY,1,7.0
185545,1,5,111,2,1,60.0,0,N,MELB_URBAN,STREET,12,18.0
185546,8,7,174,5,1,60.0,0,N,RURAL_VICTORIA,ROAD,12,14.0
185547,8,2,174,1,1,80.0,0,I,MELB_URBAN,ROAD,12,11.0
185548,8,5,184,2,1,60.0,0,N,RURAL_VICTORIA,ROAD,1,12.0
185549,1,4,99,5,3,50.0,0,N,RURAL_VICTORIA,DRIVE,12,21.0
185550,1,6,130,5,1,100.0,0,N,RURAL_VICTORIA,ROAD,1,12.0
185551,6,7,184,5,1,60.0,0,N,RURAL_VICTORIA,ROAD,12,15.0
185552,1,6,130,5,1,80.0,0,N,MELB_URBAN,ROAD,1,12.0
185553,1,6,99,2,1,50.0,0,I,SMALL_CITIES,ROAD,1,14.0
185554,1,6,121,2,1,40.0,0,I,MELB_URBAN,ROAD,1,8.0
185555,8,6,99,2,1,100.0,0,I,RURAL_VICTORIA,ROAD,1,11.0
185556,1,6,99,1,1,60.0,0,N,TOWNS,ROAD,1,14.0
185557,1,5,134,5,1,80.0,0,N,MELB_URBAN,UNKNOWN,1,13.0
185558,1,5,130,5,1,100.0,0,N,RURAL_VICTORIA,ROAD,1,14.0
185559,1,6,130,5,1,110.0,0,N,RURAL_VICTORIA,FREEWAY,1,11.0
185560,1,6,130,5,1,70.0,0,N,MELB_URBAN,ROAD,12,11.0
185561,6,6,174,5,1,80.0,0,N,RURAL_VICTORIA,ROAD,1,14.0
185562,1,6,183,5,1,50.0,0,N,MELB_URBAN,OTHER,1,17.0
185563,1,6,121,5,1,60.0,0,N,MELB_URBAN,STREET,1,15.0
185564,2,5,102,2,5,50.0,0,I,MELB_URBAN,ROAD,1,21.0
185565,1,6,113,2,1,60.0,0,I,MELB_URBAN,STREET,1,17.0
185566,1,6,130,2,3,60.0,0,N,MELB_URBAN,PARADE,1,21.0
185567,4,5,171,2,3,50.0,0,N,MELB_URBAN,PARADE,1,23.0
185568,1,7,110,1,3,40.0,0,I,MELB_URBAN,ROAD,1,0.0
185569,6,7,99,5,5,100.0,0,N,RURAL_VICTORIA,HIGHWAY,1,3.0
185570,1,3,99,5,2,60.0,0,N,MELB_URBAN,ROAD,12,7.0
185571,1,2,130,5,1,70.0,0,N,LARGE_PROVINCIAL_CITIES,HIGHWAY,12,12.0
185572,4,7,99,5,1,50.0,0,N,MELB_URBAN,STREET,1,8.0
185573,1,1,121,2,1,60.0,0,I,LARGE_PROVINCIAL_CITIES,UNKNOWN,12,11.0
185574,1,7,121,2,1,50.0,0,I,MELB_URBAN,ROAD,1,8.0
185575,1,7,99,1,1,60.0,0,I,RURAL_VICTORIA,ROAD,1,9.0