,accident_type,day_of_week,dca_code,road_geometry,light_condition,speed_zone,severity,node_type,deg_urban_name,road_type,month,hour
185576,1,3,130,1,1,70.0,0,I,RURAL_VICTORIA,ROAD,12,18.0
185577,4,7,99,5,1,50.0,0,N,TOWNS,AVENUE,1,10.0
185578,1,7,111,4,1,50.0,0,I,TOWNS,STREET,1,11.0
185579,1,7,110,1,1,60.0,0,I,MELB_URBAN,ROAD,1,7.0
185580,8,7,184,5,1,100.0,0,N,RURAL_VICTORIA,ROAD,12,13.0
185581,3,6,167,5,1,80.0,0,N,RURAL_VICTORIA,ROAD,1,7.0
185582,4,7,171,5,1,50.0,0,N,TOWNS,STREET,1,11.0
185583,2,7,99,1,1,60.0,0,I,MELB_URBAN,ROAD,1,13.0
185584,1,6,130,5,1,100.0,0,N,MELB_URBAN,UNKNOWN,1,11.0
185585,1,6,130,5,1,80.0,0,N,MELB_URBAN,ROAD,12,18.0
185586,1,7,130,5,1,80.0,0,N,MELB_URBAN,OTHER,1,10.0
185587,1,7,99,2,1,60.0,0,I,MELB_URBAN,OTHER,1,13.0
185588,1,7,110,1,1,70.0,0,I,MELB_URBAN,ROAD,1,7.0
185589,1,7,132,1,1,60.0,0,I,MELB_URBAN,ROAD,1,13.0
185590,6,6,99,5,1,60.0,0,N,RURAL_VICTORIA,ROAD,1,11.0
185591,1,6,140,2,2,60.0,0,N,MELB_URBAN,STREET,1,20.0
185592,5,7,99,5,1,60.0,0,N,MELB_URBAN,DRIVE,1,14.0
185593,1,7,121,4,3,60.0,0,I,MELB_URBAN,ROAD,4,19.0
185594,1,7,130,5,1,80.0,0,N,MELB_URBAN,RAMP,1,17.0
185595,4,7,173,5,1,80.0,0,N,RURAL_VICTORIA,ROAD,1,17.0
185596,4,7,171,5,5,80.0,0,N,RURAL_VICTORIA,ROAD,1,21.0
185597,1,7,111,1,3,60.0,0,I,MELB_URBAN,ROAD,1,0.0
185598,4,6,181,5,1,80.0,1,N,RURAL_VICTORIA,ROAD,1,17.0
185599,1,7,130,5,3,80.0,0,N,LARGE_PROVINCIAL_CITIES,HIGHWAY,1,22.0
185600,2,1,99,5,3,40.0,0,N,MELBOURNE_CBD,OTHER,1,0.0
185601,4,7,173,2,5,80.0,1,N,RURAL_VICTORIA,ROAD,1,21.0
185602,4,1,171,5,3,40.0,0,N,LARGE_PROVINCIAL_CITIES,STREET,1,3.0
185603,7,6,99,5,3,50.0,0,N,MELB_URBAN,DRIVE,1,23.0
185604,1,1,110,1,1,70.0,0,I,MELB_URBAN,UNKNOWN,1,7.0
185605,1,0,160,2,1,50.0,0,I,MELB_URBAN,AVENUE,1,7.0
185606,1,1,130,5,1,60.0,0,N,TOWNS,STREET,1,8.0
185607,1,5,99,1,1,50.0,0,I,MELB_URBAN,ROAD,1,16.0
185608,4,6,173,5,2,80.0,0,N,MELB_URBAN,ROAD,1,18.0
185609,1,1,110,1,1,50.0,0,I,MELB_URBAN,ROAD,1,9.0
185610,1,1,99,5,1,60.0,0,N,RURAL_VICTORIA,ROAD,1,9.0
185611,4,0,171,5,1,40.0,0,N,MELB_URBAN,STREET,1,11.0
185612,1,1,140,5,1,60.0,0,N,LARGE_PROVINCIAL_CITIES,HIGHWAY,1,12.0
185613,1,4,130,5,1,100.0,0,N,MELB_URBAN,UNKNOWN,12,10.0
185614,1,1,140,5,1,80.0,0,N,MELB_URBAN,ROAD,1,12.0
185615,1,1,120,5,1,60.0,0,N,RURAL_VICTORIA,ROAD,1,12.0
185616,1,7,130,5,1,80.0,0,N,MELB_URBAN,RAMP,12,14.0
185617,4,1,171,5,1,60.0,0,N,LARGE_PROVINCIAL_CITIES,PARADE,1,16.0
185618,4,1,173,2,1,50.0,0,I,MELB_URBAN,ROAD,1,16.0
185619,1,5,130,5,1,70.0,0,N,MELB_URBAN,ROAD,12,15.0
185620,6,0,99,5,1,50.0,0,N,SMALL_CITIES,STREET,1,17.0
185621,4,1,181,5,1,100.0,1,N,RURAL_VICTORIA,HIGHWAY,1,13.0
185622,4,1,183,5,1,110.0,0,N,TOWNS,FREEWAY,1,19.0
185623,1,0,121,1,1,80.0,0,I,RURAL_VICTORIA,ROAD,1,19.0
185624,1,1,120,5,1,60.0,0,N,RURAL_VICTORIA,ROAD,1,17.0
185625,1,5,130,5,9,80.0,0,N,MELB_URBAN,ROAD,11,17.0
185626,1,0,121,1,3,50.0,0,I,MELB_URBAN,STREET,1,21.0
185627,1,1,130,5,1,50.0,0,N,TOWNS,ROAD,1,19.0
185628,2,0,99,5,1,60.0,0,N,MELB_URBAN,OTHER,1,17.0
185629,1,1,120,5,6,80.0,0,N,RURAL_VICTORIA,HIGHWAY,1,21.0
185630,1,0,135,5,1,100.0,0,N,MELB_URBAN,ROAD,1,16.0
185631,1,2,130,1,3,60.0,0,I,MELB_URBAN,ROAD,12,21.0
185632,1,4,130,1,1,60.0,0,N,MELB_URBAN,ROAD,1,13.0
185633,1,1,110,1,3,60.0,0,I,MELB_URBAN,STREET,1,23.0
185634,1,2,135,5,1,80.0,0,N,MELB_URBAN,HIGHWAY,1,7.0
185635,4,1,99,2,1,60.0,0,I,MELB_URBAN,ROAD,1,9.0
185636,6,2,174,2,1,50.0,0,I,MELB_URBAN,ROAD,1,7.0
185637,1,4,99,5,1,50.0,0,N,SMALL_CITIES,STREET,1,12.0
185638,1,4,135,5,1,100.0,0,N,MELB_URBAN,FREEWAY,9,16.0
185639,8,1,174,1,1,60.0,0,I,TOWNS,AVENUE,11,20.0
185640,1,3,121,1,1,60.0,0,I,MELB_URBAN,ROAD,1,19.0
185641,1,2,134,5,1,60.0,0,N,MELB_URBAN,ROAD,1,11.0
185642,1,5,130,5,1,80.0,0,N,RURAL_VICTORIA,ROAD,1,11.0
185643,1,2,99,5,2,100.0,0,N,MELB_URBAN,FREEWAY,1,4.0
185644,4,2,181,5,1,100.0,0,N,RURAL_VICTORIA,ROAD,1,10.0
185645,1,6,130,1,1,80.0,0,I,MELB_URBAN,STREET,12,10.0
185646,1,2,110,1,1,50.0,0,I,MELB_URBAN,PARADE,1,11.0
185647,1,3,110,1,1,60.0,0,I,MELB_URBAN,OTHER,12,8.0
185648,1,2,120,5,1,60.0,0,N,MELB_URBAN,ROAD,1,12.0
185649,6,2,174,5,1,60.0,0,N,MELB_URBAN,ROAD,1,13.0
185650,4,2,171,5,1,90.0,0,N,RURAL_VICTORIA,ROAD,1,11.0
185651,1,0,121,2,1,60.0,0,I,MELB_URBAN,ROAD,1,9.0
185652,4,2,171,1,1,60.0,0,I,MELB_URBAN,ROAD,1,11.0
185653,1,4,130,5,1,60.0,0,N,MELB_URBAN,ROAD,1,18.0
185654,4,2,181,5,1,100.0,0,N,RURAL_VICTORIA,ROAD,1,12.0
185655,4,2,171,5,1,100.0,0,N,TOWNS,HIGHWAY,1,11.0
185656,1,1,130,5,1,60.0,0,N,MELB_URBAN,ROAD,1,13.0
185657,1,2,130,1,1,60.0,0,I,MELB_URBAN,ROAD,1,14.0
185658,3,2,167,5,1,100.0,0,N,RURAL_VICTORIA,ROAD,12,14.0
185659,4,2,181,5,1,80.0,1,N,RURAL_VICTORIA,ROAD,1,11.0
185660,1,2,121,2,3,60.0,1,I,MELB_URBAN,STREET,1,4.0
185661,1,1,130,2,1,60.0,0,I,MELB_URBAN,ROAD,1,13.0
185662,8,1,99,5,1,60.0,0,N,RURAL_VICTORIA,ROAD,10,12.0
185663,1,2,99,5,1,40.0,0,N,MELB_URBAN,STREET,1,15.0
185664,1,5,130,5,9,60.0,0,N,MELB_URBAN,DRIVE,11,19.0
185665,5,1,99,5,1,60.0,0,N,MELB_URBAN,ROAD,1,13.0
185666,6,1,170,5,1,100.0,0,N,RURAL_VICTORIA,ROAD,1,17.0
185667,1,3,130,5,1,60.0,0,N,MELB_URBAN,HIGHWAY,12,16.0
185668,1,3,110,1,1,50.0,0,I,MELB_URBAN,ROAD,12,9.0
185669,1,2,99,5,1,40.0,0,N,TOWNS,STREET,1,10.0
185670,1,2,116,2,1,60.0,0,I,SMALL_CITIES,STREET,1,19.0
185671,4,2,171,5,1,50.0,0,N,SMALL_CITIES,ROAD,1,16.0
185672,4,4,171,5,3,60.0,0,N,MELB_URBAN,ROAD,12,23.0
185673,6,1,99,5,1,60.0,0,N,MELB_URBAN,ROAD,1,14.0
185674,1,2,120,5,1,60.0,0,N,MELB_URBAN,ROAD,1,14.0
185675,1,2,133,5,3,60.0,0,N,MELB_URBAN,ROAD,1,3.0
185676,4,3,173,5,5,100.0,0,N,RURAL_VICTORIA,ROAD,1,3.0
185677,4,5,173,5,1,100.0,0,N,RURAL_VICTORIA,HIGHWAY,1,15.0
185678,1,2,99,5,3,60.0,0,I,MELB_URBAN,ROAD,1,23.0
185679,1,4,130,1,1,80.0,0,I,MELB_URBAN,ROAD,5,8.0
185680,8,3,99,5,1,80.0,0,N,RURAL_VICTORIA,ROAD,12,11.0
185681,4,3,173,5,1,60.0,0,N,SMALL_CITIES,STREET,1,6.0
185682,1,2,116,1,1,60.0,0,I,RURAL_VICTORIA,ROAD,1,8.0
185683,1,3,110,1,1,50.0,0,I,MELB_URBAN,AVENUE,1,9.0
185684,1,3,99,2,1,40.0,0,I,MELB_URBAN,STREET,1,9.0
185685,1,3,99,5,1,50.0,0,N,MELB_URBAN,ROAD,1,9.0
185686,4,3,171,5,1,80.0,0,N,RURAL_VICTORIA,ROAD,1,11.0
185687,1,2,135,5,1,80.0,0,N,MELB_URBAN,ROAD,1,8.0
185688,2,7,99,5,1,80.0,0,N,RURAL_VICTORIA,ROAD,1,19.0
185689,4,2,99,5,2,60.0,0,O,MELB_URBAN,DRIVE,1,20.0
185690,6,6,174,5,1,100.0,0,N,RURAL_VICTORIA,ROAD,1,11.0
185691,1,3,99,5,1,50.0,0,N,MELB_URBAN,OTHER,1,13.0
185692,8,6,174,1,1,60.0,0,I,MELB_URBAN,ROAD,12,10.0
185693,1,3,130,1,1,80.0,0,N,MELB_URBAN,HIGHWAY,1,12.0
185694,1,6,99,5,1,60.0,0,N,MELB_URBAN,STREET,1,8.0
185695,2,3,99,5,1,50.0,0,N,SMALL_CITIES,AVENUE,1,14.0
185696,1,5,99,1,1,60.0,0,I,MELB_URBAN,ROAD,11,14.0
185697,1,3,113,1,1,50.0,0,I,SMALL_CITIES,ROAD,1,13.0
185698,5,3,99,5,1,60.0,0,N,RURAL_VICTORIA,ROAD,1,15.0
185699,1,6,110,1,1,50.0,0,I,LARGE_PROVINCIAL_CITIES,STREET,10,14.0
185700,4,2,181,5,1,60.0,0,N,SMALL_CITIES,ROAD,1,17.0
185701,4,3,171,5,1,100.0,0,N,RURAL_VICTORIA,HIGHWAY,1,14.0
185702,4,2,181,5,1,100.0,0,N,RURAL_VICTORIA,ROAD,12,11.0
185703,1,6,130,1,1,60.0,0,N,MELB_URBAN,ROAD,1,14.0
185704,1,2,99,5,1,60.0,0,N,SMALL_TOWNS,PARADE,1,18.0
185705,5,4,99,1,1,60.0,0,N,RURAL_VICTORIA,OTHER,1,10.0
185706,1,2,130,5,1,60.0,0,N,MELB_URBAN,ROAD,1,16.0
185707,1,2,130,1,1,80.0,0,I,LARGE_PROVINCIAL_CITIES,ROAD,1,12.0
185708,1,1,99,5,5,80.0,0,N,MELB_URBAN,FREEWAY,1,23.0
185709,1,3,116,1,3,60.0,0,N,MELB_URBAN,BOULEVARD,1,21.0
185710,1,3,99,5,3,60.0,0,N,MELB_URBAN,ROAD,1,23.0
185711,1,4,160,5,3,50.0,0,N,MELB_URBAN,ROAD,1,0.0
185712,1,3,110,1,3,60.0,0,I,MELB_URBAN,STREET,1,23.0
185713,1,5,130,5,1,60.0,0,N,LARGE_PROVINCIAL_CITIES,ROAD,11,8.0
185714,1,4,121,1,1,60.0,0,I,MELB_URBAN,ROAD,1,8.0
185715,1,5,113,2,9,60.0,0,I,RURAL_VICTORIA,ROAD,11,16.0
185716,4,4,183,5,1,60.0,0,N,RURAL_VICTORIA,ROAD,1,8.0
185717,1,4,130,1,1,80.0,0,I,MELB_URBAN,OTHER,1,8.0
185718,1,5,130,5,9,100.0,0,N,MELB_URBAN,FREEWAY,12,16.0
185719,5,3,99,5,1,100.0,0,N,MELB_URBAN,FREEWAY,1,11.0
185720,4,3,181,5,1,100.0,0,N,RURAL_VICTORIA,ROAD,1,16.0
185721,1,6,147,5,1,60.0,0,N,MELB_URBAN,STREET,12,16.0
185722,4,3,171,5,1,100.0,0,N,RURAL_VICTORIA,ROAD,1,10.0
185723,1,2,130,5,1,70.0,0,N,LARGE_PROVINCIAL_CITIES,HIGHWAY,12,11.0
185724,1,4,130,5,1,80.0,0,N,MELB_URBAN,ROAD,1,14.0
185725,1,6,110,1,1,60.0,0,I,SMALL_CITIES,ROAD,1,19.0
185726,1,2,121,1,3,60.0,0,I,RURAL_VICTORIA,DRIVE,1,22.0
185727,4,7,173,5,9,60.0,0,N,RURAL_VICTORIA,ROAD,12,17.0
185728,1,3,130,5,1,80.0,0,N,RURAL_VICTORIA,ROAD,1,14.0
185729,2,1,100,1,3,40.0,0,I,MELBOURNE_CBD,STREET,1,22.0
185730,2,4,102,1,1,50.0,0,N,SMALL_CITIES,STREET,1,15.0
185731,1,2,121,1,1,60.0,0,N,LARGE_PROVINCIAL_CITIES,STREET,10,8.0
185732,2,3,100,1,1,40.0,0,I,MELBOURNE_CBD,STREET,1,15.0
185733,1,4,130,5,1,100.0,0,N,MELB_URBAN,HIGHWAY,1,15.0
185734,2,3,100,5,1,40.0,0,N,MELB_URBAN,ROAD,12,8.0
185735,1,3,110,1,1,60.0,0,I,MELB_URBAN,ROAD,1,15.0
185736,1,4,132,2,1,60.0,0,I,MELB_URBAN,ROAD,1,16.0
185737,1,4,130,5,1,70.0,0,N,MELB_URBAN,HIGHWAY,1,17.0
185738,1,4,120,5,1,100.0,1,N,RURAL_VICTORIA,ROAD,1,13.0
185739,1,2,110,1,1,50.0,0,I,MELB_URBAN,STREET,12,9.0
185740,4,4,183,2,1,70.0,0,N,MELB_URBAN,ROAD,1,18.0
185741,1,4,135,5,1,100.0,0,N,MELB_URBAN,FREEWAY,1,15.0
185742,4,4,173,5,1,80.0,0,N,MELB_URBAN,ROAD,1,17.0
185743,1,2,130,1,1,40.0,0,I,MELB_URBAN,ROAD,1,14.0
185744,4,3,99,2,1,80.0,0,I,MELB_URBAN,ROAD,1,18.0
185745,1,4,99,2,2,100.0,0,N,RURAL_VICTORIA,HIGHWAY,1,20.0
185746,1,5,160,5,3,60.0,0,N,MELB_URBAN,ROAD,1,0.0
185747,1,1,113,2,1,80.0,0,I,MELB_URBAN,ROAD,1,18.0
185748,4,5,99,5,3,60.0,1,N,MELB_URBAN,ROAD,1,0.0
185749,1,5,121,1,2,40.0,0,I,MELB_URBAN,ROAD,1,5.0
185750,4,2,181,5,1,60.0,0,N,MELB_URBAN,RAMP,1,12.0
185751,1,5,147,5,1,50.0,0,N,RURAL_VICTORIA,BOULEVARD,1,7.0
185752,1,5,99,5,1,60.0,0,N,TOWNS,STREET,1,7.0
185753,1,4,120,5,1,100.0,0,N,RURAL_VICTORIA,HIGHWAY,1,17.0
185754,1,4,99,5,1,50.0,0,N,SMALL_CITIES,AVENUE,1,9.0
185755,4,5,183,5,1,100.0,0,N,RURAL_VICTORIA,ROAD,1,8.0
185756,1,5,99,1,1,60.0,0,I,MELB_URBAN,ROAD,1,9.0
185757,1,5,130,5,2,50.0,0,N,MELB_URBAN,AVENUE,12,6.0
185758,1,7,99,2,3,60.0,0,I,MELB_URBAN,ROAD,12,21.0
185759,4,5,99,5,1,40.0,0,N,MELB_URBAN,PARADE,1,11.0
185760,1,5,110,1,1,40.0,0,I,MELB_URBAN,STREET,7,8.0
185761,1,5,110,4,1,60.0,0,I,LARGE_PROVINCIAL_CITIES,STREET,1,11.0
185762,4,2,183,5,1,100.0,0,N,RURAL_VICTORIA,HIGHWAY,1,15.0
185763,1,4,130,5,1,50.0,0,N,MELB_URBAN,ROAD,1,12.0
185764,8,2,184,5,1,60.0,0,N,RURAL_VICTORIA,ROAD,12,14.0
185765,4,5,183,5,1,60.0,0,N,RURAL_VICTORIA,ROAD,1,14.0
185766,8,1,99,5,1,80.0,0,N,MELB_URBAN,ROAD,12,10.0
185767,1,3,121,4,1,60.0,0,I,MELB_URBAN,STREET,1,5.0
185768,1,3,113,3,1,60.0,0,N,MELB_URBAN,PARADE,1,8.0
185769,1,5,135,5,1,100.0,0,N,MELB_URBAN,FREEWAY,1,15.0
185770,1,5,110,1,1,80.0,0,I,RURAL_VICTORIA,BOULEVARD,1,17.0
185771,2,4,100,2,3,50.0,0,I,MELB_URBAN,DRIVE,1,21.0
185772,1,4,121,1,3,80.0,0,I,MELB_URBAN,STREET,1,22.0
185773,9,4,99,1,3,80.0,0,I,MELB_URBAN,HIGHWAY,1,22.0
185774,2,4,99,2,3,60.0,0,N,LARGE_PROVINCIAL_CITIES,ROAD,1,22.0
185775,1,6,130,5,3,80.0,0,N,MELB_URBAN,FREEWAY,1,0.0
185776,4,5,183,5,1,100.0,1,N,RURAL_VICTORIA,ROAD,1,20.0
185777,1,2,130,5,1,80.0,0,N,MELB_URBAN,FREEWAY,1,14.0
185778,4,6,173,5,1,60.0,0,N,MELB_URBAN,ROAD,1,6.0
185779,4,6,99,5,5,110.0,0,N,RURAL_VICTORIA,HIGHWAY,1,5.0
185780,1,6,116,2,1,50.0,0,I,MELB_URBAN,ROAD,1,7.0
185781,4,1,171,5,1,100.0,0,N,RURAL_VICTORIA,ROAD,1,15.0
185782,2,5,99,5,1,60.0,0,N,MELB_URBAN,ROAD,1,10.0
185783,1,3,113,2,3,60.0,0,I,SMALL_CITIES,DRIVE,12,21.0
185784,4,6,173,5,1,80.0,0,N,MELB_URBAN,ROAD,1,11.0
185785,8,6,99,5,1,60.0,0,N,RURAL_VICTORIA,ROAD,1,16.0
185786,8,2,174,5,5,50.0,0,N,RURAL_VICTORIA,STREET,1,21.0
185787,1,5,130,5,1,100.0,0,N,MELB_URBAN,UNKNOWN,1,11.0
185788,1,5,121,2,1,60.0,0,I,MELB_URBAN,ROAD,1,12.0
185789,1,5,120,5,1,100.0,0,N,RURAL_VICTORIA,ROAD,1,18.0
185790,1,3,135,5,1,70.0,0,N,MELB_URBAN,ROAD,10,10.0
185791,4,6,183,5,1,100.0,0,N,RURAL_VICTORIA,HIGHWAY,1,10.0
185792,4,6,183,5,1,100.0,0,N,RURAL_VICTORIA,HIGHWAY,1,11.0
185793,1,6,110,1,1,40.0,0,I,MELB_URBAN,STREET,1,11.0
185794,1,1,130,5,3,70.0,0,N,MELB_URBAN,ROAD,4,21.0
185795,4,4,171,5,1,60.0,0,N,RURAL_VICTORIA,ROAD,1,18.0
185796,8,6,99,2,1,100.0,0,I,RURAL_VICTORIA,ROAD,1,12.0
185797,1,6,120,5,1,80.0,0,N,RURAL_VICTORIA,ROAD,1,14.0
185798,1,5,121,2,1,60.0,0,I,MELB_URBAN,ROAD,1,12.0
185799,2,4,99,5,6,60.0,0,N,MELB_URBAN,ROAD,10,0.0
185800,1,6,99,5,1,70.0,0,N,MELB_URBAN,ROAD,1,15.0
185801,1,6,110,4,1,60.0,0,I,MELB_URBAN,STREET,11,6.0
185802,6,6,174,5,1,100.0,0,N,MELB_URBAN,FREEWAY,1,14.0
185803,1,6,130,2,1,60.0,0,I,MELB_URBAN,AVENUE,1,17.0
185804,1,6,120,5,1,60.0,0,N,MELB_URBAN,ROAD,1,17.0
185805,6,6,99,5,1,60.0,0,N,SMALL_TOWNS,ROAD,1,18.0
185806,1,6,116,2,1,60.0,0,I,SMALL_CITIES,STREET,1,17.0
185807,1,5,133,1,1,60.0,0,N,MELB_URBAN,ROAD,10,6.0
185808,1,5,121,2,1,50.0,0,I,MELB_URBAN,ROAD,1,13.0
185809,1,7,99,1,1,40.0,0,I,MELB_URBAN,ROAD,1,11.0
185810,1,5,110,1,1,100.0,0,I,RURAL_VICTORIA,ROAD,1,17.0
185811,1,6,120,5,2,60.0,0,N,MELB_URBAN,ROAD,1,19.0
185812,4,6,183,5,1,80.0,0,N,MELB_URBAN,RAMP,1,19.0
185813,1,6,121,1,1,60.0,0,I,MELB_URBAN,ROAD,1,18.0
185814,2,5,102,2,1,40.0,0,I,MELB_URBAN,STREET,1,14.0
185815,1,6,130,5,1,80.0,0,N,MELB_URBAN,FREEWAY,1,13.0
185816,6,5,184,5,6,60.0,0,N,MELB_URBAN,ROAD,1,22.0
185817,3,6,167,5,1,100.0,0,N,RURAL_VICTORIA,ROAD,1,20.0
185818,1,6,120,5,1,100.0,1,N,RURAL_VICTORIA,ROAD,1,17.0
185819,2,7,99,1,3,60.0,0,I,MELB_URBAN,ROAD,1,1.0
185820,1,6,163,2,2,40.0,0,I,MELBOURNE_CBD,OTHER,1,20.0
185821,1,6,110,1,3,60.0,0,I,MELB_URBAN,ROAD,1,22.0
185822,4,6,171,5,3,50.0,0,N,RURAL_VICTORIA,STREET,1,2.0
185823,1,1,147,5,1,60.0,0,N,MELB_URBAN,ROAD,1,17.0
185824,1,6,147,5,1,50.0,0,N,TOWNS,ROAD,1,8.0
185825,1,7,113,1,1,70.0,0,I,MELB_URBAN,ROAD,1,9.0
185826,6,5,184,5,1,60.0,0,N,RURAL_VICTORIA,OTHER,1,15.0
185827,1,7,99,2,1,60.0,0,I,SMALL_CITIES,ROAD,1,10.0
185828,1,7,116,1,1,100.0,1,I,RURAL_VICTORIA,ROAD,1,8.0
185829,1,7,121,2,1,80.0,0,I,RURAL_VICTORIA,ROAD,1,11.0
185830,1,7,99,5,1,60.0,0,N,MELB_URBAN,ROAD,1,10.0
185831,1,7,121,4,1,60.0,0,I,MELB_URBAN,STREET,1,10.0
185832,5,6,99,5,1,100.0,0,N,RURAL_VICTORIA,ROAD,1,12.0
185833,1,7,121,1,2,60.0,0,I,LARGE_PROVINCIAL_CITIES,STREET,1,6.0
185834,6,3,174,5,2,60.0,0,N,MELB_URBAN,STREET,4,18.0
185835,1,7,130,5,1,110.0,0,N,RURAL_VICTORIA,FREEWAY,1,11.0
185836,1,7,130,5,1,70.0,0,N,MELB_URBAN,ROAD,1,13.0
185837,4,7,171,2,1,60.0,0,I,RURAL_VICTORIA,DRIVE,1,14.0
185838,4,6,171,5,1,50.0,0,N,MELB_URBAN,ROAD,1,15.0
185839,6,5,99,5,1,60.0,0,N,SMALL_TOWNS,OTHER,1,12.0
185840,1,3,130,5,1,60.0,0,N,MELB_URBAN,ROAD,11,16.0
185841,6,5,99,5,1,100.0,0,N,RURAL_VICTORIA,ROAD,1,14.0
185842,1,5,130,5,1,60.0,0,N,MELB_URBAN,ROAD,1,18.0
185843,1,7,113,2,1,60.0,0,I,MELB_URBAN,HIGHWAY,1,17.0
185844,2,7,99,5,1,50.0,0,N,MELB_URBAN,STREET,1,18.0
185845,2,7,99,5,2,60.0,0,N,SMALL_TOWNS,OTHER,1,19.0
185846,4,6,171,5,1,60.0,1,N,LARGE_PROVINCIAL_CITIES,STREET,1,17.0
185847,1,7,121,1,1,60.0,0,I,MELB_URBAN,ROAD,1,18.0
185848,1,7,120,5,2,100.0,0,N,RURAL_VICTORIA,ROAD,1,19.0
185849,4,7,99,2,4,50.0,0,I,SMALL_CITIES,STREET,1,21.0
185850,4,7,171,1,1,60.0,0,N,MELB_URBAN,ROAD,1,5.0
185851,1,7,133,5,4,60.0,0,N,MELB_URBAN,OTHER,1,22.0
185852,1,7,121,1,3,80.0,0,I,MELB_URBAN,STREET,1,21.0
185853,4,7,171,5,2,80.0,0,N,RURAL_VICTORIA,ROAD,1,20.0
185854,1,7,99,5,4,60.0,0,N,RURAL_VICTORIA,ROAD,1,21.0
185855,2,7,99,5,3,60.0,0,N,TOWNS,UNKNOWN,1,23.0
185856,6,7,99,5,5,100.0,0,N,RURAL_VICTORIA,OTHER,1,23.0
185857,1,6,120,5,1,60.0,0,N,MELB_URBAN,ROAD,12,15.0
185858,4,0,99,5,3,80.0,0,N,MELB_URBAN,FREEWAY,1,1.0
185859,1,0,130,5,5,100.0,0,N,MELB_URBAN,FREEWAY,1,0.0
185860,1,0,160,2,3,50.0,0,I,MELB_URBAN,STREET,1,3.0
185861,4,7,181,5,5,100.0,1,N,RURAL_VICTORIA,ROAD,1,21.0
185862,4,2,181,5,2,60.0,0,N,MELB_URBAN,ROAD,11,19.0
185863,1,7,147,5,1,50.0,0,N,MELB_URBAN,STREET,1,13.0
185864,1,7,116,2,3,60.0,0,I,MELB_URBAN,ROAD,1,22.0
185865,1,1,110,1,1,60.0,0,I,RURAL_VICTORIA,ROAD,1,8.0
185866,1,1,120,5,1,60.0,0,N,RURAL_VICTORIA,ROAD,1,10.0
185867,1,1,130,5,1,70.0,0,N,MELB_URBAN,ROAD,1,10.0
185868,1,1,121,1,1,60.0,0,I,MELB_URBAN,STREET,1,12.0
185869,4,1,171,5,3,80.0,0,N,RURAL_VICTORIA,ROAD,1,0.0
185870,1,1,130,1,1,80.0,0,I,MELB_URBAN,HIGHWAY,1,13.0
185871,4,1,99,5,1,60.0,0,N,LARGE_PROVINCIAL_CITIES,OTHER,1,14.0
185872,4,0,171,5,1,100.0,0,N,RURAL_VICTORIA,HIGHWAY,1,14.0
185873,1,1,110,1,1,60.0,0,I,SMALL_CITIES,ROAD,1,15.0
185874,1,1,121,2,1,60.0,0,I,MELB_URBAN,ROAD,1,16.0
185875,1,6,163,5,1,40.0,0,N,MELB_URBAN,STREET,1,18.0
185876,1,1,99,2,1,60.0,0,I,MELB_URBAN,ROAD,1,16.0
185877,1,1,147,5,1,50.0,0,N,MELB_URBAN,ROAD,1,16.0
185878,6,1,99,5,1,100.0,0,N,RURAL_VICTORIA,ROAD,1,16.0
185879,1,1,120,5,1,80.0,0,N,SMALL_TOWNS,ROAD,1,14.0
185880,1,1,130,2,1,80.0,0,I,MELB_URBAN,HIGHWAY,1,16.0
185881,2,1,102,2,1,60.0,0,I,MELB_URBAN,ROAD,1,20.0
185882,6,1,174,2,5,100.0,0,I,RURAL_VICTORIA,ROAD,1,22.0
185883,4,0,171,5,5,60.0,0,N,MELB_URBAN,BOULEVARD,1,21.0
185884,1,1,130,5,2,100.0,0,N,MELB_URBAN,ROAD,1,19.0
185885,2,2,100,5,1,40.0,0,N,MELB_URBAN,STREET,12,12.0
185886,4,1,171,5,5,100.0,0,N,RURAL_VICTORIA,ROAD,1,23.0
185887,4,1,171,1,3,60.0,0,I,RURAL_VICTORIA,ROAD,1,0.0
185888,1,2,121,1,2,60.0,0,I,MELB_URBAN,ROAD,1,5.0
185889,1,2,110,1,1,40.0,0,I,MELB_URBAN,ROAD,1,7.0
185890,1,2,113,2,1,60.0,0,I,MELB_URBAN,ROAD,1,7.0
185891,1,2,121,1,3,80.0,0,N,MELB_URBAN,ROAD,12,0.0
185892,1,4,160,5,9,50.0,0,N,MELB_URBAN,OTHER,1,14.0
185893,1,7,130,2,3,60.0,0,I,RURAL_VICTORIA,ROAD,1,0.0
185894,1,2,132,2,1,70.0,0,I,MELB_URBAN,ROAD,1,8.0
185895,1,2,120,5,1,100.0,0,N,RURAL_VICTORIA,ROAD,1,12.0
185896,7,1,99,5,1,50.0,0,N,MELB_URBAN,AVENUE,1,16.0
185897,1,2,132,2,1,80.0,0,I,RURAL_VICTORIA,OTHER,1,13.0
185898,4,2,173,5,1,100.0,0,N,RURAL_VICTORIA,ROAD,1,13.0
185899,2,2,99,5,1,50.0,1,N,MELB_URBAN,HIGHWAY,1,12.0
185900,4,0,181,5,1,100.0,0,N,RURAL_VICTORIA,ROAD,1,18.0
185901,1,3,130,5,1,60.0,0,N,LARGE_PROVINCIAL_CITIES,STREET,10,14.0