,accident_type,day_of_week,dca_code,road_geometry,light_condition,speed_zone,severity,node_type,deg_urban_name,road_type,month,hour
185902,1,2,130,5,1,100.0,0,N,MELB_URBAN,RAMP,1,8.0
185903,1,2,121,2,1,60.0,0,I,MELB_URBAN,ROAD,1,14.0
185904,1,3,110,1,1,80.0,0,I,TOWNS,ROAD,1,16.0
185905,1,3,130,5,9,60.0,0,N,MELB_URBAN,ROAD,12,15.0
185906,8,2,184,5,1,60.0,0,N,RURAL_VICTORIA,HIGHWAY,1,13.0
185907,4,2,173,5,1,100.0,0,N,RURAL_VICTORIA,ROAD,1,15.0
185908,1,2,120,5,1,50.0,0,N,MELB_URBAN,ROAD,1,14.0
185909,1,2,99,5,1,50.0,0,N,MELB_URBAN,STREET,1,16.0
185910,6,1,99,2,1,50.0,0,I,SMALL_CITIES,STREET,1,17.0
185911,6,2,99,5,1,100.0,0,N,RURAL_VICTORIA,ROAD,1,16.0
185912,1,2,130,5,1,60.0,0,N,MELB_URBAN,DRIVE,1,16.0
185913,1,2,147,5,1,60.0,0,N,TOWNS,STREET,1,15.0
185914,1,2,120,5,1,80.0,0,N,RURAL_VICTORIA,ROAD,1,17.0
185915,4,2,173,5,1,50.0,0,N,MELB_URBAN,ROAD,1,14.0
185916,1,2,120,5,1,80.0,0,N,RURAL_VICTORIA,ROAD,1,18.0
185917,1,6,134,5,2,80.0,0,I,MELB_URBAN,RAMP,1,17.0
185918,4,1,173,5,5,100.0,0,N,RURAL_VICTORIA,ROAD,1,21.0
185919,6,2,184,5,1,100.0,0,N,RURAL_VICTORIA,ROAD,1,17.0
185920,1,6,132,2,2,60.0,0,I,MELB_URBAN,STREET,1,18.0
185921,8,1,174,5,1,50.0,0,N,MELB_URBAN,STREET,1,17.0
185922,1,2,121,1,1,70.0,0,I,LARGE_PROVINCIAL_CITIES,ROAD,1,16.0
185923,1,3,111,1,1,70.0,0,I,RURAL_VICTORIA,ROAD,1,8.0
185924,1,3,140,5,1,60.0,0,N,LARGE_PROVINCIAL_CITIES,STREET,1,8.0
185925,1,2,135,5,2,100.0,0,N,MELB_URBAN,ROAD,3,16.0
185926,1,2,120,5,1,50.0,0,I,MELB_URBAN,OTHER,1,9.0
185927,4,1,171,5,1,100.0,0,N,RURAL_VICTORIA,HIGHWAY,1,15.0
185928,2,2,100,5,1,40.0,0,N,MELB_URBAN,DRIVE,1,11.0
185929,1,7,130,1,1,80.0,0,N,MELB_URBAN,ROAD,1,10.0
185930,1,6,160,5,1,50.0,0,N,MELB_URBAN,OTHER,11,19.0
185931,4,2,173,1,1,60.0,0,I,MELB_URBAN,STREET,1,9.0
185932,1,2,111,2,1,80.0,0,I,MELB_URBAN,ROAD,1,10.0
185933,1,3,160,5,1,60.0,0,N,MELB_URBAN,ROAD,1,11.0
185934,1,2,110,1,1,60.0,0,I,MELB_URBAN,ROAD,1,10.0
185935,1,4,121,2,1,80.0,0,I,MELB_URBAN,HIGHWAY,12,11.0
185936,5,7,99,5,1,60.0,0,N,RURAL_VICTORIA,ROAD,1,12.0
185937,1,3,111,1,1,60.0,0,I,LARGE_PROVINCIAL_CITIES,STREET,1,13.0
185938,1,2,116,1,1,60.0,0,I,MELB_URBAN,ROAD,1,7.0
185939,5,7,99,5,1,100.0,0,N,RURAL_VICTORIA,OTHER,12,13.0
185940,1,3,113,1,1,60.0,0,N,TOWNS,STREET,1,15.0
185941,4,1,183,5,1,60.0,0,N,RURAL_VICTORIA,ROAD,1,8.0
185942,1,2,147,5,1,60.0,0,N,MELB_URBAN,ROAD,1,15.0
185943,1,3,140,5,1,50.0,0,N,MELB_URBAN,ROAD,1,16.0
185944,1,3,113,2,1,60.0,0,I,MELB_URBAN,ROAD,1,14.0
185945,1,3,121,1,1,60.0,0,I,LARGE_PROVINCIAL_CITIES,ROAD,1,16.0
185946,1,2,130,5,1,60.0,0,N,MELB_URBAN,RAMP,1,9.0
185947,1,3,121,1,1,40.0,0,I,MELBOURNE_CBD,STREET,1,17.0
185948,1,3,130,5,1,100.0,0,N,MELB_URBAN,FREEWAY,1,18.0
185949,4,2,173,5,1,50.0,0,N,MELB_URBAN,DRIVE,1,19.0
185950,1,2,130,5,1,100.0,0,N,MELB_URBAN,UNKNOWN,1,17.0
185951,1,3,110,1,1,50.0,0,I,MELB_URBAN,STREET,1,19.0
185952,1,3,110,1,1,60.0,0,I,MELB_URBAN,OTHER,1,18.0
185953,1,2,99,2,1,40.0,0,I,MELB_URBAN,STREET,1,16.0
185954,1,3,99,5,1,50.0,0,N,SMALL_CITIES,BOULEVARD,1,19.0
185955,1,3,147,5,1,50.0,0,N,MELB_URBAN,STREET,1,15.0
185956,4,3,181,5,1,50.0,0,N,MELB_URBAN,AVENUE,1,19.0
185957,1,2,160,5,3,50.0,0,N,SMALL_CITIES,ROAD,1,22.0
185958,6,4,99,5,5,60.0,0,N,RURAL_VICTORIA,OTHER,12,3.0
185959,1,3,113,1,3,70.0,0,N,MELB_URBAN,STREET,1,21.0
185960,1,3,140,2,3,50.0,0,I,MELB_URBAN,DRIVE,1,22.0
185961,1,4,160,5,3,60.0,0,N,MELB_URBAN,HIGHWAY,1,4.0
185962,1,7,130,5,1,60.0,0,N,MELB_URBAN,ROAD,1,10.0
185963,8,6,174,5,1,50.0,0,N,MELB_URBAN,STREET,1,15.0
185964,4,4,173,5,1,60.0,0,N,LARGE_PROVINCIAL_CITIES,UNKNOWN,1,9.0
185965,2,3,100,1,1,80.0,0,I,MELB_URBAN,ROAD,1,6.0
185966,2,4,100,5,1,40.0,0,N,MELB_URBAN,STREET,1,11.0
185967,1,3,130,1,9,80.0,0,I,MELB_URBAN,ROAD,9,13.0
185968,4,6,171,5,1,80.0,0,N,TOWNS,ROAD,12,15.0
185969,1,6,130,5,1,100.0,0,N,MELB_URBAN,ROAD,12,19.0
185970,2,4,99,5,1,40.0,0,N,MELB_URBAN,STREET,1,12.0
185971,4,4,173,5,1,60.0,0,N,MELB_URBAN,STREET,1,10.0
185972,1,4,99,2,1,60.0,0,I,LARGE_PROVINCIAL_CITIES,ROAD,1,9.0
185973,4,2,99,1,1,60.0,0,N,MELBOURNE_CBD,STREET,1,14.0
185974,1,4,130,1,1,60.0,0,I,MELB_URBAN,STREET,1,13.0
185975,1,0,130,5,1,60.0,0,N,MELB_URBAN,ROAD,1,19.0
185976,4,4,181,5,1,80.0,0,N,RURAL_VICTORIA,ROAD,1,13.0
185977,6,5,184,5,1,80.0,0,N,RURAL_VICTORIA,ROAD,1,14.0
185978,1,3,121,1,1,50.0,0,I,MELB_URBAN,STREET,1,8.0
185979,9,3,99,5,1,60.0,0,O,RURAL_VICTORIA,OTHER,1,17.0
185980,6,5,184,2,1,100.0,0,N,RURAL_VICTORIA,ROAD,12,12.0
185981,4,4,99,2,1,60.0,0,I,MELB_URBAN,ROAD,1,13.0
185982,2,5,99,5,1,60.0,0,O,MELB_URBAN,OTHER,12,13.0
185983,1,3,99,2,1,60.0,0,I,MELB_URBAN,ROAD,1,17.0
185984,1,4,99,2,1,60.0,0,I,MELB_URBAN,ROAD,1,12.0
185985,1,4,120,5,1,100.0,0,N,RURAL_VICTORIA,HIGHWAY,1,15.0
185986,4,4,181,5,1,70.0,0,N,RURAL_VICTORIA,ROAD,1,16.0
185987,1,4,140,5,1,100.0,1,N,RURAL_VICTORIA,ROAD,1,13.0
185988,1,3,130,5,1,50.0,0,N,MELB_URBAN,STREET,12,13.0
185989,1,7,99,5,1,50.0,0,N,LARGE_PROVINCIAL_CITIES,STREET,1,7.0
185990,1,5,99,2,1,40.0,0,I,MELB_URBAN,ROAD,1,18.0
185991,1,3,110,1,6,60.0,0,I,LARGE_PROVINCIAL_CITIES,STREET,1,21.0
185992,1,3,99,1,3,50.0,0,I,RURAL_VICTORIA,BOULEVARD,1,21.0
185993,1,4,121,1,3,60.0,0,I,MELB_URBAN,ROAD,1,21.0
185994,1,4,135,5,1,80.0,1,N,MELB_URBAN,ROAD,1,14.0
185995,1,3,130,5,3,80.0,0,N,MELB_URBAN,ROAD,1,22.0
185996,4,4,181,5,3,60.0,0,N,MELB_URBAN,DRIVE,1,23.0
185997,4,5,171,5,3,100.0,0,N,MELB_URBAN,FREEWAY,1,3.0
185998,4,5,181,5,5,100.0,1,N,RURAL_VICTORIA,HIGHWAY,1,2.0
185999,1,5,147,5,1,60.0,0,N,RURAL_VICTORIA,ROAD,1,8.0
186000,1,1,110,1,1,40.0,0,I,MELB_URBAN,ROAD,9,8.0
186001,4,5,171,5,1,60.0,0,I,MELB_URBAN,ROAD,1,9.0
186002,1,5,99,2,1,50.0,0,I,MELB_URBAN,STREET,1,8.0
186003,1,3,130,5,1,100.0,0,N,MELB_URBAN,FREEWAY,1,8.0
186004,6,4,99,5,1,80.0,0,N,LARGE_PROVINCIAL_CITIES,ROAD,1,14.0
186005,1,5,160,5,1,60.0,0,N,MELB_URBAN,ROAD,1,11.0
186006,1,5,130,5,6,80.0,0,N,MELB_URBAN,ROAD,8,22.0
186007,1,2,130,5,6,60.0,0,N,MELB_URBAN,DRIVE,1,0.0
186008,1,4,163,5,1,60.0,0,N,MELB_URBAN,ROAD,1,8.0
186009,1,5,110,1,1,50.0,0,I,MELB_URBAN,STREET,1,13.0
186010,1,4,99,1,1,60.0,0,I,MELB_URBAN,ROAD,1,16.0
186011,1,5,116,2,1,60.0,0,I,MELB_URBAN,ROAD,1,6.0
186012,1,4,133,5,1,60.0,0,N,MELB_URBAN,RAMP,1,13.0
186013,6,5,174,5,1,50.0,0,N,MELB_URBAN,BOULEVARD,1,14.0
186014,1,5,121,1,1,70.0,0,I,MELB_URBAN,HIGHWAY,1,16.0
186015,1,6,121,1,1,60.0,0,I,MELB_URBAN,STREET,12,15.0
186016,1,3,116,1,1,60.0,0,I,MELB_URBAN,STREET,1,17.0
186017,1,2,121,2,1,40.0,0,I,MELB_URBAN,STREET,1,15.0
186018,1,3,130,5,1,60.0,0,N,MELB_URBAN,STREET,10,7.0
186019,1,2,130,5,1,50.0,0,N,MELB_URBAN,FREEWAY,11,16.0
186020,4,5,171,2,1,100.0,0,N,RURAL_VICTORIA,ROAD,1,17.0
186021,1,5,130,5,1,80.0,0,N,MELB_URBAN,HIGHWAY,1,16.0
186022,1,4,99,5,3,60.0,0,N,MELB_URBAN,ROAD,1,22.0
186023,4,5,173,5,1,100.0,0,N,MELB_URBAN,UNKNOWN,1,15.0
186024,2,5,99,5,1,50.0,0,N,TOWNS,OTHER,1,18.0
186025,1,4,163,5,1,40.0,0,N,MELB_URBAN,STREET,1,19.0
186026,1,3,130,1,1,60.0,0,I,MELB_URBAN,STREET,1,15.0
186027,1,4,130,5,1,80.0,0,N,RURAL_VICTORIA,ROAD,1,16.0
186028,1,4,99,5,1,80.0,0,N,MELB_URBAN,UNKNOWN,1,16.0
186029,1,4,133,2,1,80.0,0,I,RURAL_VICTORIA,STREET,1,17.0
186030,1,5,121,2,2,60.0,0,N,MELB_URBAN,ROAD,1,6.0
186031,1,5,99,5,3,40.0,0,N,MELBOURNE_CBD,STREET,1,23.0
186032,1,6,110,1,3,60.0,0,I,MELB_URBAN,ROAD,1,4.0
186033,1,5,130,2,1,80.0,0,N,MELB_URBAN,UNKNOWN,1,13.0
186034,1,7,135,5,1,60.0,0,N,MELB_URBAN,STREET,12,15.0
186035,5,2,99,5,5,80.0,0,N,MELB_URBAN,HIGHWAY,1,5.0
186036,1,3,110,4,1,60.0,0,I,SMALL_CITIES,ROAD,1,9.0
186037,1,5,130,1,1,60.0,0,I,MELB_URBAN,ROAD,1,7.0
186038,8,7,170,5,1,60.0,0,N,MELB_URBAN,HIGHWAY,1,13.0
186039,1,4,99,5,1,50.0,0,N,MELB_URBAN,ROAD,1,9.0
186040,1,6,99,2,1,80.0,0,I,MELB_URBAN,HIGHWAY,1,9.0
186041,2,1,99,5,1,60.0,0,N,MELB_URBAN,ROAD,1,14.0
186042,1,6,99,1,1,40.0,0,I,MELB_URBAN,STREET,1,12.0
186043,1,6,99,5,1,80.0,0,N,RURAL_VICTORIA,HIGHWAY,1,10.0
186044,1,5,110,1,1,100.0,0,I,RURAL_VICTORIA,ROAD,1,12.0
186045,1,5,160,5,1,60.0,0,N,RURAL_VICTORIA,ROAD,1,11.0
186046,1,5,130,5,1,60.0,0,N,LARGE_PROVINCIAL_CITIES,ROAD,1,12.0
186047,1,6,130,1,1,60.0,0,N,MELB_URBAN,ROAD,1,12.0
186048,1,5,130,1,1,60.0,0,I,LARGE_PROVINCIAL_CITIES,STREET,1,13.0
186049,4,4,99,5,3,40.0,0,N,SMALL_CITIES,ROAD,12,0.0
186050,1,3,130,5,1,40.0,0,N,MELB_URBAN,ROAD,1,12.0
186051,1,6,133,5,1,100.0,0,N,RURAL_VICTORIA,UNKNOWN,1,12.0
186052,1,4,99,5,1,60.0,0,O,MELB_URBAN,STREET,1,16.0
186053,1,1,130,5,9,80.0,0,N,MELB_URBAN,FREEWAY,1,20.0
186054,1,6,120,2,1,80.0,0,I,RURAL_VICTORIA,ROAD,1,17.0
186055,1,6,99,5,1,80.0,0,N,MELB_URBAN,ROAD,1,17.0
186056,1,5,147,5,1,60.0,0,N,MELB_URBAN,STREET,1,15.0
186057,1,6,99,1,1,50.0,0,I,MELB_URBAN,ROAD,1,18.0
186058,4,6,99,5,1,50.0,0,N,MELB_URBAN,ROAD,1,19.0
186059,1,6,116,2,1,70.0,0,I,MELB_URBAN,ROAD,1,19.0
186060,1,6,130,5,1,40.0,0,N,MELB_URBAN,ROAD,1,17.0
186061,1,6,113,2,3,50.0,0,I,MELB_URBAN,STREET,1,20.0
186062,2,1,99,5,1,60.0,0,N,MELB_URBAN,STREET,1,17.0
186063,1,5,99,5,1,60.0,0,N,SMALL_CITIES,STREET,1,17.0
186064,6,6,174,2,1,100.0,0,I,MELB_URBAN,STREET,1,18.0
186065,4,6,99,1,3,80.0,0,I,MELB_URBAN,UNKNOWN,1,3.0
186066,1,6,121,2,3,80.0,0,N,MELB_URBAN,ROAD,1,22.0
186067,1,1,99,5,1,60.0,0,N,MELB_URBAN,ROAD,1,11.0
186068,6,6,170,5,2,80.0,0,N,RURAL_VICTORIA,HIGHWAY,1,5.0
186069,4,6,171,5,5,100.0,0,N,RURAL_VICTORIA,ROAD,1,5.0
186070,2,2,99,5,1,100.0,0,N,RURAL_VICTORIA,ROAD,12,12.0
186071,1,7,130,5,2,60.0,0,N,MELB_URBAN,HIGHWAY,1,6.0
186072,1,7,110,1,1,60.0,0,I,RURAL_VICTORIA,HIGHWAY,1,10.0
186073,1,7,99,2,1,50.0,0,N,LARGE_PROVINCIAL_CITIES,STREET,1,10.0
186074,1,7,140,5,1,50.0,0,N,SMALL_CITIES,DRIVE,1,11.0
186075,4,7,171,5,1,60.0,0,N,MELB_URBAN,ROAD,1,10.0
186076,6,7,99,5,1,100.0,0,N,RURAL_VICTORIA,HIGHWAY,1,13.0
186077,4,7,181,5,1,60.0,0,N,SMALL_TOWNS,ROAD,1,11.0
186078,1,7,120,5,1,100.0,0,N,RURAL_VICTORIA,ROAD,1,11.0
186079,1,6,99,5,1,40.0,0,N,MELB_URBAN,ROAD,1,14.0
186080,1,7,110,1,1,50.0,0,I,MELB_URBAN,STREET,12,17.0
186081,1,7,110,5,1,80.0,0,N,MELB_URBAN,ROAD,1,13.0
186082,1,6,120,5,1,100.0,1,N,RURAL_VICTORIA,ROAD,1,11.0
186083,1,7,99,1,1,40.0,0,I,MELBOURNE_CBD,STREET,1,17.0
186084,1,6,140,5,1,60.0,0,N,MELB_URBAN,ROAD,1,17.0
186085,1,6,134,5,1,40.0,0,N,MELB_URBAN,ROAD,1,18.0
186086,1,7,110,1,1,50.0,0,I,SMALL_CITIES,ROAD,1,18.0
186087,1,7,130,5,1,80.0,0,N,MELB_URBAN,ROAD,1,18.0
186088,1,7,110,1,1,60.0,0,I,RURAL_VICTORIA,STREET,1,18.0
186089,1,7,113,2,3,60.0,0,I,MELB_URBAN,ROAD,1,21.0
186090,1,4,99,2,3,40.0,0,I,MELBOURNE_CBD,STREET,1,23.0
186091,1,7,160,5,1,50.0,0,N,MELB_URBAN,DRIVE,1,20.0
186092,1,7,113,2,1,80.0,0,I,SMALL_TOWNS,ROAD,1,17.0
186093,1,7,110,1,1,50.0,0,I,MELB_URBAN,ROAD,1,20.0
186094,1,1,130,1,3,80.0,0,I,MELB_URBAN,ROAD,12,21.0
186095,2,6,99,5,3,50.0,0,N,MELB_URBAN,STREET,1,2.0
186096,1,7,147,6,1,50.0,0,N,MELB_URBAN,STREET,1,18.0
186097,2,7,99,2,3,60.0,0,I,MELB_URBAN,ROAD,1,22.0
186098,4,6,183,5,5,100.0,0,N,RURAL_VICTORIA,HIGHWAY,1,22.0
186099,4,1,181,5,5,80.0,0,N,RURAL_VICTORIA,ROAD,1,1.0
186100,4,6,171,5,3,80.0,0,N,RURAL_VICTORIA,ROAD,1,22.0
186101,1,7,121,1,3,60.0,0,I,MELB_URBAN,ROAD,1,23.0
186102,1,3,121,2,1,80.0,0,I,MELB_URBAN,ROAD,11,16.0
186103,1,1,140,2,1,60.0,0,N,MELB_URBAN,UNKNOWN,1,7.0
186104,1,1,113,1,1,80.0,0,I,MELB_URBAN,ROAD,1,7.0
186105,1,1,121,2,2,60.0,0,I,MELB_URBAN,ROAD,1,5.0
186106,1,0,99,5,1,50.0,0,N,MELB_URBAN,STREET,1,9.0
186107,1,1,121,2,1,60.0,0,I,MELB_URBAN,ROAD,1,7.0
186108,4,0,171,5,1,100.0,0,N,RURAL_VICTORIA,STREET,1,9.0
186109,1,1,132,2,1,60.0,0,I,SMALL_CITIES,DRIVE,1,15.0
186110,1,1,135,4,1,80.0,0,I,MELB_URBAN,HIGHWAY,1,10.0
186111,1,1,121,4,1,80.0,0,N,TOWNS,OTHER,1,12.0
186112,1,0,99,1,1,60.0,0,I,MELB_URBAN,HIGHWAY,1,10.0
186113,1,4,130,5,6,80.0,0,N,MELB_URBAN,ROAD,1,1.0
186114,1,1,140,5,1,60.0,1,N,MELB_URBAN,ROAD,1,9.0
186115,1,0,120,1,1,60.0,0,I,MELB_URBAN,ROAD,1,12.0
186116,4,0,183,5,1,100.0,0,N,RURAL_VICTORIA,ROAD,1,12.0
186117,1,1,120,1,1,40.0,0,I,MELB_URBAN,ROAD,1,14.0
186118,1,6,147,5,1,80.0,0,N,MELB_URBAN,ROAD,9,11.0
186119,6,0,174,5,1,50.0,0,N,TOWNS,STREET,1,17.0
186120,1,6,130,5,1,60.0,0,I,MELB_URBAN,AVENUE,12,13.0
186121,1,1,130,1,1,70.0,0,I,LARGE_PROVINCIAL_CITIES,HIGHWAY,1,17.0
186122,4,0,181,5,2,80.0,0,N,RURAL_VICTORIA,ROAD,1,18.0
186123,4,1,171,3,1,80.0,0,N,RURAL_VICTORIA,ROAD,1,17.0
186124,4,1,181,2,1,100.0,0,I,RURAL_VICTORIA,ROAD,1,18.0
186125,2,0,100,2,2,60.0,0,N,MELB_URBAN,HIGHWAY,1,17.0
186126,1,7,99,5,3,40.0,0,N,MELB_URBAN,STREET,1,0.0
186127,1,1,140,1,3,40.0,0,N,MELB_URBAN,STREET,1,21.0
186128,4,1,173,5,1,100.0,1,N,RURAL_VICTORIA,ROAD,1,9.0
186129,1,5,130,5,1,80.0,0,N,MELB_URBAN,HIGHWAY,1,17.0
186130,1,2,121,1,3,60.0,0,I,MELB_URBAN,ROAD,1,1.0
186131,2,2,99,5,3,40.0,0,N,SMALL_CITIES,AVENUE,1,2.0
186132,1,6,130,1,1,60.0,0,I,MELB_URBAN,ROAD,1,16.0
186133,1,0,99,5,1,60.0,0,N,MELB_URBAN,ROAD,1,9.0
186134,1,2,120,5,1,60.0,0,N,MELB_URBAN,AVENUE,1,8.0
186135,4,1,183,5,9,60.0,0,N,RURAL_VICTORIA,ROAD,1,13.0
186136,1,1,130,1,1,80.0,0,N,MELB_URBAN,ROAD,1,9.0
186137,1,2,99,5,1,50.0,0,N,SMALL_CITIES,STREET,1,9.0
186138,4,1,173,5,1,50.0,0,N,MELB_URBAN,ROAD,1,7.0
186139,1,1,130,5,1,80.0,0,N,RURAL_VICTORIA,ROAD,1,17.0
186140,1,2,121,2,1,60.0,0,I,MELB_URBAN,ROAD,1,10.0
186141,1,6,132,5,9,80.0,0,N,RURAL_VICTORIA,HIGHWAY,1,11.0
186142,6,5,174,5,1,60.0,0,N,MELB_URBAN,OTHER,10,14.0
186143,1,1,130,5,1,60.0,0,N,RURAL_VICTORIA,DRIVE,1,12.0
186144,1,6,135,5,1,40.0,0,N,MELB_URBAN,STREET,1,7.0
186145,6,2,99,5,1,100.0,0,N,RURAL_VICTORIA,ROAD,1,8.0
186146,1,0,99,5,1,50.0,0,N,SMALL_TOWNS,ROAD,1,10.0
186147,1,1,113,2,1,50.0,0,I,MELB_URBAN,STREET,1,8.0
186148,1,2,160,5,1,60.0,0,N,LARGE_PROVINCIAL_CITIES,STREET,1,13.0
186149,1,1,134,5,1,50.0,0,N,MELB_URBAN,ROAD,1,13.0
186150,1,7,110,1,1,50.0,0,I,LARGE_PROVINCIAL_CITIES,STREET,1,12.0
186151,1,2,147,5,1,50.0,0,N,MELB_URBAN,DRIVE,1,12.0
186152,4,2,173,5,1,80.0,0,N,RURAL_VICTORIA,ROAD,1,13.0
186153,1,4,130,1,1,60.0,0,N,MELB_URBAN,ROAD,1,11.0
186154,1,2,121,2,1,80.0,0,I,MELB_URBAN,ROAD,1,14.0
186155,1,2,134,5,1,80.0,0,N,MELB_URBAN,HIGHWAY,1,14.0
186156,1,2,135,5,1,100.0,0,N,MELB_URBAN,UNKNOWN,1,13.0
186157,2,2,102,5,1,60.0,0,N,MELB_URBAN,ROAD,1,17.0
186158,1,2,121,5,1,80.0,0,N,MELB_URBAN,ROAD,1,17.0
186159,1,2,121,2,1,60.0,0,I,MELB_URBAN,ROAD,5,9.0
186160,1,4,120,5,1,60.0,0,N,MELB_URBAN,ROAD,1,18.0
186161,1,2,121,2,1,70.0,0,I,MELB_URBAN,ROAD,1,14.0
186162,1,2,171,5,1,60.0,0,N,MELB_URBAN,ROAD,1,18.0
186163,1,2,120,5,1,100.0,0,N,RURAL_VICTORIA,HIGHWAY,1,18.0
186164,3,1,167,5,5,110.0,0,N,RURAL_VICTORIA,FREEWAY,1,0.0
186165,1,2,135,5,1,60.0,0,N,MELB_URBAN,ROAD,1,16.0
186166,1,1,99,2,1,70.0,0,I,MELB_URBAN,STREET,1,14.0
186167,2,2,102,5,3,60.0,0,N,MELB_URBAN,ROAD,1,21.0
186168,2,2,100,1,3,60.0,0,N,MELB_URBAN,STREET,1,22.0
186169,1,1,99,5,3,40.0,0,N,TOWNS,ROAD,1,22.0
186170,1,2,160,5,3,60.0,0,N,SMALL_CITIES,AVENUE,1,22.0
186171,1,3,130,5,1,80.0,0,N,MELB_URBAN,OTHER,1,8.0
186172,4,3,181,5,5,60.0,1,N,MELB_URBAN,ROAD,1,3.0
186173,1,3,130,1,1,60.0,0,N,MELB_URBAN,BOULEVARD,1,9.0
186174,6,3,184,5,1,70.0,0,N,RURAL_VICTORIA,ROAD,1,10.0
186175,2,2,99,5,1,40.0,0,N,RURAL_VICTORIA,ROAD,1,8.0
186176,5,6,99,5,1,60.0,0,N,RURAL_VICTORIA,ROAD,1,14.0
186177,1,3,110,1,1,60.0,0,I,RURAL_VICTORIA,ROAD,1,10.0
186178,1,1,130,1,1,100.0,0,I,RURAL_VICTORIA,ROAD,1,11.0
186179,1,2,130,5,1,50.0,0,N,MELB_URBAN,STREET,1,17.0
186180,1,3,135,5,1,40.0,0,N,MELB_URBAN,ROAD,1,11.0
186181,1,3,130,1,1,60.0,0,N,MELB_URBAN,ROAD,1,12.0
186182,1,6,130,2,3,80.0,0,N,MELB_URBAN,ROAD,10,21.0
186183,1,3,99,5,1,50.0,0,N,MELB_URBAN,ROAD,1,11.0
186184,8,6,174,5,1,80.0,0,N,RURAL_VICTORIA,AVENUE,1,11.0
186185,1,2,99,5,3,50.0,0,N,MELB_URBAN,STREET,1,22.0
186186,1,2,120,5,1,60.0,0,N,TOWNS,STREET,1,12.0
186187,1,2,160,5,1,60.0,0,N,MELB_URBAN,ROAD,1,12.0
186188,8,4,184,5,1,60.0,0,N,MELB_URBAN,ROAD,1,18.0
186189,1,3,113,2,1,60.0,0,N,MELB_URBAN,ROAD,1,14.0
186190,1,3,121,5,1,60.0,0,N,MELB_URBAN,ROAD,1,16.0
186191,4,2,171,5,1,60.0,0,N,MELB_URBAN,ROAD,1,15.0
186192,8,7,99,5,1,60.0,0,N,RURAL_VICTORIA,ROAD,1,14.0
186193,6,2,184,5,1,100.0,0,N,RURAL_VICTORIA,ROAD,1,15.0
186194,1,2,133,5,6,60.0,0,N,MELB_URBAN,ROAD,1,22.0
186195,3,3,167,5,1,100.0,0,N,RURAL_VICTORIA,ROAD,1,15.0
186196,3,1,167,5,6,60.0,0,N,RURAL_VICTORIA,ROAD,1,2.0
186197,1,3,130,5,1,60.0,0,N,SMALL_CITIES,HIGHWAY,1,17.0
186198,1,3,110,1,1,100.0,1,I,RURAL_VICTORIA,ROAD,1,15.0
186199,8,3,99,5,1,60.0,0,N,RURAL_VICTORIA,ROAD,10,12.0
186200,1,2,130,5,1,60.0,0,N,MELB_URBAN,RAMP,1,15.0
186201,1,3,111,1,2,50.0,0,I,MELB_URBAN,STREET,1,18.0
186202,1,2,110,1,3,60.0,0,I,MELB_URBAN,ROAD,1,23.0
186203,2,3,99,5,1,40.0,0,N,MELB_URBAN,STREET,1,18.0
186204,2,4,99,5,2,50.0,0,N,MELB_URBAN,OTHER,12,20.0
186205,1,3,99,2,1,50.0,0,I,MELB_URBAN,ROAD,1,19.0
186206,4,2,99,5,3,80.0,0,N,MELB_URBAN,ROAD,1,22.0
186207,1,4,113,2,3,60.0,0,I,TOWNS,ROAD,1,1.0
186208,8,4,174,5,3,80.0,0,O,RURAL_VICTORIA,UNKNOWN,1,1.0
186209,4,4,171,5,3,60.0,0,N,MELB_URBAN,ROAD,1,4.0
186210,1,3,99,2,1,40.0,0,I,MELB_URBAN,STREET,1,6.0
186211,1,4,121,1,3,70.0,0,I,MELB_URBAN,ROAD,1,6.0
186212,4,7,183,5,1,100.0,0,N,RURAL_VICTORIA,ROAD,12,14.0
186213,1,3,130,1,1,100.0,0,N,MELB_URBAN,FREEWAY,1,14.0
186214,1,3,135,5,1,60.0,0,N,MELB_URBAN,ROAD,1,8.0
186215,6,2,184,5,1,100.0,0,N,RURAL_VICTORIA,ROAD,1,15.0
186216,1,6,99,2,1,40.0,0,I,MELBOURNE_CBD,STREET,1,10.0
186217,1,4,135,5,1,80.0,0,N,MELB_URBAN,ROAD,1,9.0
186218,1,4,133,5,1,50.0,0,N,MELB_URBAN,ROAD,1,9.0
186219,1,2,120,5,1,80.0,0,N,SMALL_TOWNS,ROAD,1,12.0
186220,1,5,120,5,1,80.0,0,N,RURAL_VICTORIA,HIGHWAY,1,17.0
186221,1,1,130,1,1,60.0,0,I,MELB_URBAN,ROAD,1,12.0
186222,1,3,160,5,6,60.0,0,N,MELB_URBAN,BOULEVARD,1,20.0
186223,6,4,99,5,1,100.0,0,N,RURAL_VICTORIA,ROAD,1,7.0
186224,1,4,130,5,1,70.0,0,N,MELB_URBAN,ROAD,1,11.0
186225,1,5,130,1,1,80.0,0,N,MELB_URBAN,ROAD,12,19.0
186226,1,2,134,5,1,60.0,0,N,MELB_URBAN,ROAD,1,16.0
186227,5,2,99,2,2,60.0,0,I,RURAL_VICTORIA,ROAD,1,18.0
186228,8,1,184,5,1,60.0,0,N,RURAL_VICTORIA,OTHER,12,15.0