,accident_type,day_of_week,dca_code,road_geometry,light_condition,speed_zone,severity,node_type,deg_urban_name,road_type,month,hour
186229,1,4,113,2,1,60.0,0,I,MELB_URBAN,ROAD,1,10.0
186230,1,6,110,1,1,60.0,0,I,MELB_URBAN,AVENUE,1,16.0
186231,2,4,100,1,1,80.0,0,I,MELB_URBAN,ROAD,1,10.0
186232,2,2,102,2,1,50.0,0,N,MELB_URBAN,OTHER,1,16.0
186233,4,4,171,5,1,60.0,0,N,MELB_URBAN,ROAD,1,12.0
186234,1,2,130,5,1,70.0,0,N,MELB_URBAN,ROAD,12,17.0
186235,1,3,120,2,1,80.0,0,I,RURAL_VICTORIA,HIGHWAY,1,15.0
186236,1,3,110,1,1,80.0,0,I,MELB_URBAN,OTHER,1,16.0
186237,1,4,113,2,1,60.0,0,O,MELB_URBAN,UNKNOWN,1,15.0
186238,1,3,121,5,1,50.0,0,N,MELB_URBAN,ROAD,1,16.0
186239,1,3,130,5,1,80.0,0,N,MELB_URBAN,ROAD,1,16.0
186240,1,4,163,5,2,30.0,0,N,MELBOURNE_CBD,STREET,1,19.0
186241,1,3,121,2,1,80.0,0,I,RURAL_VICTORIA,HIGHWAY,1,18.0
186242,1,4,130,5,1,80.0,0,N,RURAL_VICTORIA,HIGHWAY,1,16.0
186243,1,4,99,2,1,50.0,0,I,MELB_URBAN,STREET,1,18.0
186244,1,4,121,2,1,70.0,0,I,MELB_URBAN,ROAD,1,18.0
186245,2,4,102,2,3,60.0,0,I,MELB_URBAN,ROAD,1,21.0
186246,1,3,130,5,2,70.0,0,N,MELB_URBAN,ROAD,1,17.0
186247,1,4,120,5,1,80.0,0,N,RURAL_VICTORIA,ROAD,1,18.0
186248,1,4,130,5,1,70.0,0,N,MELB_URBAN,ROAD,1,19.0
186249,4,4,183,5,1,80.0,0,N,TOWNS,ROAD,1,20.0
186250,1,4,110,1,3,70.0,0,N,MELB_URBAN,ROAD,1,23.0
186251,1,4,130,2,1,60.0,0,I,MELB_URBAN,STREET,1,17.0
186252,1,2,99,5,1,60.0,0,N,LARGE_PROVINCIAL_CITIES,OTHER,12,16.0
186253,4,6,99,5,1,30.0,0,N,MELB_URBAN,ROAD,1,11.0
186254,1,4,110,1,1,40.0,0,I,SMALL_CITIES,STREET,1,11.0
186255,1,5,147,5,1,60.0,0,N,MELB_URBAN,AVENUE,1,8.0
186256,1,3,113,1,1,60.0,0,I,MELB_URBAN,DRIVE,1,18.0
186257,1,2,130,2,1,70.0,0,N,LARGE_PROVINCIAL_CITIES,OTHER,1,11.0
186258,1,5,113,2,1,70.0,0,I,MELB_URBAN,ROAD,1,12.0
186259,1,4,147,5,1,50.0,0,N,MELB_URBAN,ROAD,1,16.0
186260,1,1,130,1,1,60.0,0,I,SMALL_CITIES,ROAD,9,11.0
186261,1,6,130,2,1,60.0,0,N,MELB_URBAN,ROAD,11,13.0
186262,8,5,174,5,1,40.0,0,N,MELB_URBAN,AVENUE,1,19.0
186263,6,5,99,5,1,100.0,1,N,RURAL_VICTORIA,ROAD,1,11.0
186264,1,5,163,5,1,50.0,0,N,MELB_URBAN,STREET,1,18.0
186265,4,5,171,5,1,100.0,0,N,RURAL_VICTORIA,ROAD,1,19.0
186266,1,4,130,1,2,80.0,0,I,MELB_URBAN,HIGHWAY,1,6.0
186267,2,4,99,1,3,30.0,0,I,MELB_URBAN,STREET,1,21.0
186268,1,5,120,5,5,100.0,0,N,RURAL_VICTORIA,ROAD,1,5.0
186269,2,5,99,5,1,100.0,1,N,RURAL_VICTORIA,HIGHWAY,1,18.0
186270,4,6,173,1,3,50.0,0,I,TOWNS,STREET,1,1.0
186271,4,4,171,5,1,100.0,0,N,SMALL_CITIES,HIGHWAY,6,7.0
186272,1,4,99,5,1,60.0,0,N,MELB_URBAN,ROAD,1,6.0
186273,1,2,99,5,1,40.0,0,N,TOWNS,STREET,1,16.0
186274,1,5,99,2,1,60.0,0,N,MELB_URBAN,STREET,1,12.0
186275,2,5,99,2,1,50.0,0,N,MELB_URBAN,STREET,1,8.0
186276,1,6,113,2,1,80.0,0,I,MELB_URBAN,HIGHWAY,1,7.0
186277,2,6,100,1,1,60.0,0,I,MELB_URBAN,HIGHWAY,1,11.0
186278,1,6,130,5,1,80.0,0,N,MELB_URBAN,ROAD,1,8.0
186279,1,2,130,4,1,80.0,0,I,MELB_URBAN,RAMP,12,8.0
186280,1,4,130,5,1,100.0,0,N,RURAL_VICTORIA,FREEWAY,1,14.0
186281,1,6,132,2,1,60.0,0,I,MELB_URBAN,ROAD,1,8.0
186282,2,6,100,5,1,60.0,0,N,MELB_URBAN,STREET,1,10.0
186283,8,5,174,1,1,50.0,0,I,MELB_URBAN,ROAD,1,12.0
186284,1,5,110,1,1,60.0,0,I,MELB_URBAN,ROAD,1,13.0
186285,3,6,167,5,1,100.0,0,N,RURAL_VICTORIA,ROAD,1,11.0
186286,8,2,174,1,3,50.0,0,I,MELB_URBAN,STREET,1,21.0
186287,8,4,174,5,1,60.0,0,N,MELB_URBAN,ROAD,1,9.0
186288,1,5,110,1,1,60.0,0,I,RURAL_VICTORIA,ROAD,12,11.0
186289,1,6,99,2,1,80.0,0,I,RURAL_VICTORIA,ROAD,1,15.0
186290,1,5,132,2,1,60.0,0,N,MELB_URBAN,ROAD,1,15.0
186291,1,6,147,2,1,60.0,0,N,MELB_URBAN,ROAD,1,12.0
186292,1,6,113,2,1,80.0,0,I,SMALL_TOWNS,ROAD,1,15.0
186293,1,7,110,1,9,60.0,0,I,MELB_URBAN,STREET,1,18.0
186294,3,0,167,5,5,60.0,0,N,RURAL_VICTORIA,ROAD,1,2.0
186295,1,4,130,1,1,80.0,0,I,RURAL_VICTORIA,ROAD,12,13.0
186296,1,6,110,1,1,50.0,0,I,MELB_URBAN,STREET,1,14.0
186297,1,6,113,1,1,100.0,0,I,RURAL_VICTORIA,ROAD,1,17.0
186298,1,6,121,2,1,60.0,0,N,MELB_URBAN,ROAD,11,13.0
186299,6,6,99,5,1,100.0,0,N,RURAL_VICTORIA,ROAD,1,14.0
186300,2,5,99,5,1,60.0,0,N,SMALL_CITIES,RAMP,1,18.0
186301,1,5,116,2,1,60.0,0,I,LARGE_PROVINCIAL_CITIES,AVENUE,1,16.0
186302,1,0,110,1,1,60.0,0,I,MELB_URBAN,ROAD,8,16.0
186303,1,6,113,1,1,60.0,0,I,TOWNS,STREET,1,18.0
186304,4,5,183,5,1,100.0,0,N,RURAL_VICTORIA,ROAD,1,19.0
186305,1,6,160,5,1,40.0,0,N,MELB_URBAN,STREET,1,17.0
186306,1,6,110,1,1,100.0,0,I,RURAL_VICTORIA,ROAD,1,18.0
186307,1,6,99,1,1,40.0,0,I,MELB_URBAN,STREET,1,13.0
186308,6,6,99,5,1,60.0,0,N,RURAL_VICTORIA,ROAD,1,7.0
186309,1,6,99,1,1,80.0,0,I,RURAL_VICTORIA,HIGHWAY,1,18.0
186310,1,6,110,1,1,50.0,0,I,TOWNS,ROAD,1,19.0
186311,4,5,183,5,2,80.0,0,N,MELB_URBAN,HIGHWAY,1,20.0
186312,1,5,121,1,3,60.0,0,I,MELB_URBAN,ROAD,1,23.0
186313,4,6,99,2,3,30.0,0,I,MELB_URBAN,AVENUE,1,23.0
186314,8,7,174,2,3,40.0,0,N,MELBOURNE_CBD,STREET,1,0.0
186315,1,6,110,1,3,60.0,1,I,RURAL_VICTORIA,ROAD,1,23.0
186316,1,4,130,5,1,60.0,0,N,MELB_URBAN,ROAD,1,15.0
186317,4,4,99,5,1,100.0,0,N,RURAL_VICTORIA,HIGHWAY,1,11.0
186318,3,7,167,5,1,60.0,0,N,RURAL_VICTORIA,ROAD,1,10.0
186319,1,0,130,5,1,70.0,0,N,MELB_URBAN,STREET,8,14.0
186320,2,7,100,2,1,60.0,0,I,MELB_URBAN,ROAD,1,10.0
186321,1,6,130,5,1,100.0,0,N,MELB_URBAN,RAMP,1,12.0
186322,4,7,171,5,1,100.0,0,N,SMALL_TOWNS,ROAD,1,7.0
186323,1,7,110,1,1,50.0,0,I,TOWNS,STREET,1,8.0
186324,4,7,173,5,1,100.0,0,N,MELB_URBAN,FREEWAY,1,11.0
186325,1,6,99,5,1,100.0,0,N,RURAL_VICTORIA,ROAD,1,11.0
186326,4,7,99,2,1,80.0,0,N,RURAL_VICTORIA,HIGHWAY,1,12.0
186327,2,6,100,1,1,40.0,0,I,MELBOURNE_CBD,OTHER,1,13.0
186328,8,3,174,5,1,100.0,0,N,RURAL_VICTORIA,ROAD,1,11.0
186329,1,7,130,1,1,80.0,0,N,MELB_URBAN,ROAD,1,9.0
186330,3,5,167,5,2,70.0,0,N,MELB_URBAN,HIGHWAY,1,5.0
186331,6,7,184,2,1,100.0,0,I,RURAL_VICTORIA,ROAD,1,14.0
186332,5,4,99,5,3,60.0,0,N,MELB_URBAN,PARADE,1,21.0
186333,1,3,130,1,3,60.0,0,I,MELB_URBAN,STREET,1,22.0
186334,1,7,121,5,1,50.0,0,N,SMALL_CITIES,STREET,1,12.0
186335,1,7,113,2,1,80.0,0,I,RURAL_VICTORIA,ROAD,1,13.0
186336,1,6,130,5,1,80.0,0,N,RURAL_VICTORIA,ROAD,1,15.0
186337,1,6,110,1,1,80.0,0,N,MELB_URBAN,ROAD,1,14.0
186338,1,7,121,2,1,60.0,0,I,MELB_URBAN,ROAD,1,16.0
186339,1,7,120,5,1,100.0,1,N,RURAL_VICTORIA,ROAD,1,14.0
186340,6,7,174,5,1,60.0,0,N,RURAL_VICTORIA,ROAD,1,18.0
186341,1,6,163,5,1,50.0,0,N,MELB_URBAN,STREET,1,13.0
186342,1,7,135,3,3,100.0,0,N,MELB_URBAN,FREEWAY,1,22.0
186343,4,7,181,5,1,50.0,1,N,TOWNS,STREET,1,18.0
186344,1,7,121,2,3,80.0,0,O,MELB_URBAN,UNKNOWN,1,20.0
186345,4,1,171,5,3,60.0,0,N,MELB_URBAN,ROAD,11,23.0
186346,4,1,183,5,6,100.0,0,N,RURAL_VICTORIA,HIGHWAY,1,3.0
186347,4,1,99,5,1,100.0,0,N,MELB_URBAN,FREEWAY,1,7.0
186348,8,1,174,2,1,80.0,0,I,RURAL_VICTORIA,ROAD,1,13.0
186349,4,1,171,5,1,80.0,0,N,RURAL_VICTORIA,ROAD,1,7.0
186350,1,1,130,1,1,50.0,0,I,RURAL_VICTORIA,ROAD,1,10.0
186351,4,1,99,2,1,80.0,0,I,RURAL_VICTORIA,ROAD,1,11.0
186352,8,0,184,5,1,100.0,0,N,RURAL_VICTORIA,ROAD,1,10.0
186353,1,1,113,2,1,80.0,0,I,MELB_URBAN,ROAD,1,12.0
186354,1,1,113,1,1,60.0,0,N,MELB_URBAN,ROAD,1,17.0
186355,1,0,130,5,1,50.0,0,N,MELB_URBAN,STREET,1,13.0
186356,1,2,113,2,1,40.0,0,I,MELB_URBAN,STREET,1,17.0
186357,1,4,113,2,1,40.0,0,I,MELB_URBAN,ROAD,11,18.0
186358,6,1,184,5,1,80.0,0,N,RURAL_VICTORIA,ROAD,1,9.0
186359,7,1,99,5,1,50.0,0,N,MELB_URBAN,STREET,1,16.0
186360,1,2,130,5,1,60.0,0,N,MELB_URBAN,ROAD,1,11.0
186361,1,1,120,5,1,80.0,0,N,RURAL_VICTORIA,ROAD,1,14.0
186362,4,1,99,5,1,50.0,0,N,MELB_URBAN,ROAD,1,16.0
186363,1,1,130,5,1,80.0,0,N,MELB_URBAN,ROAD,1,18.0
186364,1,0,99,1,1,80.0,0,I,MELB_URBAN,ROAD,1,19.0
186365,1,0,110,1,1,80.0,0,N,MELB_URBAN,ROAD,1,19.0
186366,1,1,121,1,1,60.0,0,I,MELB_URBAN,ROAD,1,15.0
186367,4,0,171,5,1,100.0,0,N,RURAL_VICTORIA,HIGHWAY,1,15.0
186368,4,1,183,5,1,50.0,0,N,MELB_URBAN,DRIVE,1,10.0
186369,1,0,147,5,1,50.0,0,N,MELB_URBAN,STREET,12,10.0
186370,1,1,99,2,1,60.0,0,N,MELB_URBAN,ROAD,1,19.0
186371,1,1,113,4,3,70.0,0,I,MELB_URBAN,ROAD,1,21.0
186372,1,0,120,5,3,100.0,0,N,MELB_URBAN,UNKNOWN,1,21.0
186373,6,1,99,5,1,100.0,1,N,RURAL_VICTORIA,HIGHWAY,1,17.0
186374,4,2,171,5,5,100.0,0,N,RURAL_VICTORIA,ROAD,1,2.0
186375,1,2,116,2,1,80.0,0,I,RURAL_VICTORIA,HIGHWAY,1,8.0
186376,1,4,130,5,1,80.0,0,I,MELB_URBAN,ROAD,1,8.0
186377,4,2,171,5,1,30.0,0,N,MELB_URBAN,STREET,1,9.0
186378,1,2,130,1,1,80.0,0,I,SMALL_TOWNS,HIGHWAY,2,9.0
186379,4,2,183,5,1,100.0,0,N,RURAL_VICTORIA,HIGHWAY,1,7.0
186380,6,2,99,5,1,60.0,0,N,MELB_URBAN,ROAD,1,10.0
186381,1,2,113,1,1,80.0,0,I,MELB_URBAN,HIGHWAY,1,11.0
186382,1,2,160,5,1,60.0,0,N,MELB_URBAN,STREET,1,12.0
186383,1,2,140,2,1,70.0,0,I,LARGE_PROVINCIAL_CITIES,HIGHWAY,1,9.0
186384,4,1,171,5,1,50.0,0,N,LARGE_PROVINCIAL_CITIES,ROAD,1,12.0
186385,1,2,99,5,1,60.0,0,N,MELB_URBAN,UNKNOWN,1,11.0
186386,1,2,99,1,1,50.0,0,I,TOWNS,STREET,1,13.0
186387,1,1,160,5,1,60.0,0,N,MELB_URBAN,ROAD,1,12.0
186388,4,1,173,2,1,60.0,0,N,SMALL_CITIES,STREET,1,10.0
186389,1,3,116,2,1,70.0,0,I,MELB_URBAN,ROAD,1,17.0
186390,1,2,99,1,1,60.0,0,I,SMALL_CITIES,ROAD,1,10.0
186391,1,2,99,5,1,100.0,0,N,MELB_URBAN,ROAD,1,13.0
186392,1,2,130,5,1,80.0,0,N,MELB_URBAN,FREEWAY,1,15.0
186393,1,2,160,5,1,60.0,0,N,MELB_URBAN,ROAD,1,16.0
186394,4,1,99,2,1,60.0,0,I,MELB_URBAN,BOULEVARD,1,17.0
186395,4,2,173,5,1,80.0,0,N,RURAL_VICTORIA,OTHER,1,16.0
186396,1,1,147,5,1,70.0,0,N,MELB_URBAN,ROAD,1,18.0
186397,1,2,111,1,1,100.0,0,N,RURAL_VICTORIA,HIGHWAY,1,18.0
186398,4,1,99,2,1,50.0,0,I,MELB_URBAN,AVENUE,1,17.0
186399,2,2,99,5,1,50.0,0,N,MELB_URBAN,STREET,1,19.0
186400,4,1,183,5,1,100.0,0,N,RURAL_VICTORIA,HIGHWAY,1,19.0
186401,6,2,99,5,5,100.0,0,N,RURAL_VICTORIA,ROAD,1,20.0
186402,1,1,160,5,3,60.0,0,N,MELB_URBAN,STREET,1,21.0
186403,1,2,160,5,3,40.0,0,N,MELB_URBAN,STREET,1,23.0
186404,1,3,121,1,2,60.0,0,I,MELB_URBAN,ROAD,1,6.0
186405,1,4,99,1,1,60.0,0,I,MELB_URBAN,ROAD,1,12.0
186406,1,3,116,1,1,50.0,0,I,MELB_URBAN,DRIVE,1,7.0
186407,1,1,99,3,3,80.0,0,I,MELB_URBAN,RAMP,1,22.0
186408,1,2,111,4,3,80.0,0,I,MELB_URBAN,RAMP,1,21.0
186409,1,2,130,4,1,100.0,0,N,MELB_URBAN,UNKNOWN,1,6.0
186410,1,3,113,1,1,80.0,0,I,RURAL_VICTORIA,ROAD,1,8.0
186411,2,2,100,1,1,80.0,0,N,MELB_URBAN,ROAD,1,9.0
186412,1,3,130,1,1,40.0,0,N,MELB_URBAN,STREET,1,8.0
186413,1,3,133,5,1,60.0,0,N,MELB_URBAN,HIGHWAY,1,9.0
186414,1,1,134,5,1,80.0,0,N,MELB_URBAN,HIGHWAY,6,12.0
186415,6,7,170,5,1,100.0,0,N,RURAL_VICTORIA,HIGHWAY,1,10.0
186416,6,1,174,5,1,50.0,0,N,RURAL_VICTORIA,ROAD,1,15.0
186417,1,6,130,5,1,100.0,0,N,MELB_URBAN,FREEWAY,1,15.0
186418,1,2,121,2,1,60.0,0,I,MELB_URBAN,ROAD,1,12.0
186419,1,3,121,1,1,60.0,0,I,MELB_URBAN,ROAD,1,12.0
186420,1,1,121,1,3,60.0,0,I,MELB_URBAN,HIGHWAY,1,3.0
186421,1,1,121,1,2,50.0,0,I,TOWNS,STREET,1,20.0
186422,1,3,110,1,1,50.0,0,I,LARGE_PROVINCIAL_CITIES,STREET,1,9.0
186423,1,3,120,5,5,100.0,1,N,RURAL_VICTORIA,ROAD,1,6.0
186424,1,7,99,5,1,80.0,0,N,MELB_URBAN,ROAD,1,12.0
186425,1,6,99,1,1,60.0,0,I,SMALL_CITIES,RAMP,1,8.0
186426,2,3,99,5,1,50.0,0,N,MELB_URBAN,OTHER,1,12.0
186427,1,3,99,1,1,100.0,0,I,RURAL_VICTORIA,ROAD,1,14.0
186428,1,6,111,1,1,60.0,0,I,RURAL_VICTORIA,ROAD,12,9.0
186429,1,2,130,5,1,80.0,0,N,MELB_URBAN,FREEWAY,1,9.0
186430,1,3,121,1,1,60.0,0,I,MELB_URBAN,OTHER,1,17.0
186431,1,2,120,5,1,70.0,0,N,MELB_URBAN,ROAD,1,15.0
186432,1,3,99,1,1,70.0,0,I,MELB_URBAN,ROAD,1,18.0
186433,4,2,173,5,5,80.0,0,N,RURAL_VICTORIA,STREET,1,0.0
186434,8,6,174,5,1,60.0,0,N,RURAL_VICTORIA,ROAD,1,13.0
186435,1,2,135,4,1,60.0,0,N,MELB_URBAN,ROAD,1,14.0
186436,1,2,121,4,1,60.0,0,I,SMALL_CITIES,RAMP,1,8.0
186437,1,2,160,5,1,70.0,0,N,MELB_URBAN,ROAD,1,18.0
186438,1,3,120,5,1,80.0,1,N,RURAL_VICTORIA,ROAD,1,15.0
186439,1,2,147,5,1,70.0,0,N,MELB_URBAN,DRIVE,1,14.0
186440,4,2,181,5,5,100.0,0,N,SMALL_CITIES,ROAD,1,23.0
186441,1,6,110,1,1,60.0,0,I,MELB_URBAN,ROAD,1,13.0
186442,2,1,99,5,1,60.0,0,N,MELB_URBAN,UNKNOWN,1,12.0
186443,2,3,100,2,1,50.0,0,I,MELB_URBAN,ROAD,1,7.0
186444,1,3,140,5,1,60.0,0,N,MELB_URBAN,BOULEVARD,1,18.0
186445,1,4,99,5,1,60.0,0,N,MELB_URBAN,ROAD,1,9.0
186446,1,7,99,5,1,60.0,0,N,MELB_URBAN,ROAD,12,15.0
186447,1,4,120,5,1,60.0,0,N,RURAL_VICTORIA,ROAD,1,8.0
186448,4,4,171,5,1,100.0,0,N,RURAL_VICTORIA,ROAD,1,11.0
186449,6,7,184,2,1,60.0,0,I,RURAL_VICTORIA,ROAD,10,14.0
186450,8,4,174,2,1,70.0,0,I,LARGE_PROVINCIAL_CITIES,HIGHWAY,1,10.0
186451,1,5,130,5,6,50.0,0,N,MELB_URBAN,ROAD,1,20.0
186452,9,4,99,5,1,100.0,0,N,RURAL_VICTORIA,ROAD,1,9.0
186453,1,4,111,2,1,50.0,0,N,MELB_URBAN,BOULEVARD,1,12.0
186454,1,5,130,1,1,60.0,0,I,SMALL_CITIES,ROAD,1,18.0
186455,1,1,99,2,1,60.0,0,I,LARGE_PROVINCIAL_CITIES,AVENUE,1,18.0
186456,4,4,171,5,1,100.0,0,N,MELB_URBAN,FREEWAY,1,13.0
186457,1,5,130,2,1,50.0,0,I,MELB_URBAN,OTHER,1,18.0
186458,4,0,181,5,5,100.0,0,N,RURAL_VICTORIA,HIGHWAY,1,21.0
186459,1,6,130,5,1,60.0,0,N,MELB_URBAN,STREET,1,13.0
186460,4,3,173,5,1,50.0,0,N,SMALL_CITIES,STREET,1,9.0
186461,1,3,132,5,1,40.0,0,N,LARGE_PROVINCIAL_CITIES,STREET,1,9.0
186462,1,4,110,1,1,60.0,0,I,MELB_URBAN,ROAD,1,14.0
186463,6,0,99,5,1,80.0,0,N,RURAL_VICTORIA,ROAD,1,11.0
186464,6,3,99,2,1,80.0,0,I,RURAL_VICTORIA,ROAD,12,18.0
186465,1,1,99,3,1,60.0,0,I,MELB_URBAN,OTHER,1,20.0
186466,1,3,160,5,1,60.0,1,N,MELB_URBAN,BOULEVARD,1,8.0
186467,1,3,110,1,1,100.0,0,I,RURAL_VICTORIA,HIGHWAY,1,16.0
186468,1,4,121,1,1,60.0,0,I,MELB_URBAN,ROAD,1,15.0
186469,1,6,130,5,1,80.0,0,N,MELB_URBAN,ROAD,1,14.0
186470,1,4,110,1,1,100.0,0,I,RURAL_VICTORIA,ROAD,1,16.0
186471,4,4,171,2,1,70.0,0,I,MELB_URBAN,STREET,1,18.0
186472,2,4,99,5,1,50.0,0,N,MELB_URBAN,DRIVE,1,18.0
186473,4,4,181,5,2,60.0,0,N,RURAL_VICTORIA,ROAD,1,20.0
186474,2,4,99,5,1,40.0,0,N,MELB_URBAN,STREET,1,18.0
186475,1,4,110,1,3,60.0,0,I,MELB_URBAN,STREET,1,22.0
186476,4,4,181,4,3,50.0,0,N,MELB_URBAN,AVENUE,1,22.0
186477,1,4,121,1,3,70.0,0,I,MELB_URBAN,ROAD,1,23.0
186478,1,3,130,5,1,100.0,0,N,MELB_URBAN,FREEWAY,11,17.0
186479,1,4,147,2,1,50.0,0,N,MELB_URBAN,STREET,1,8.0
186480,1,4,110,1,3,60.0,0,I,MELB_URBAN,STREET,1,4.0
186481,1,3,130,4,2,60.0,0,N,MELB_URBAN,ROAD,1,19.0
186482,1,5,110,1,1,60.0,0,I,SMALL_TOWNS,STREET,1,7.0
186483,1,5,132,5,1,80.0,0,N,RURAL_VICTORIA,ROAD,1,10.0
186484,2,2,100,5,1,40.0,0,N,MELB_URBAN,ROAD,1,16.0
186485,1,4,113,2,1,60.0,0,I,MELB_URBAN,STREET,1,8.0
186486,1,4,171,5,1,100.0,0,N,LARGE_PROVINCIAL_CITIES,ROAD,1,10.0
186487,1,5,121,5,5,60.0,1,N,LARGE_PROVINCIAL_CITIES,ROAD,1,5.0
186488,1,5,130,5,2,100.0,0,N,MELB_URBAN,HIGHWAY,1,6.0
186489,2,5,100,2,1,40.0,1,I,MELBOURNE_CBD,STREET,1,11.0
186490,2,5,100,1,1,80.0,0,I,MELB_URBAN,ROAD,1,14.0
186491,1,3,133,5,1,60.0,0,N,MELB_URBAN,ROAD,1,14.0
186492,1,5,99,5,1,40.0,0,N,MELB_URBAN,STREET,1,11.0
186493,1,4,110,1,1,80.0,0,I,MELB_URBAN,ROAD,1,14.0
186494,1,5,113,2,1,60.0,0,I,MELB_URBAN,ROAD,1,13.0
186495,8,7,174,5,1,60.0,0,N,SMALL_TOWNS,STREET,1,15.0
186496,4,4,173,5,1,40.0,0,N,MELB_URBAN,STREET,1,16.0
186497,1,5,110,1,1,50.0,0,I,MELB_URBAN,AVENUE,1,17.0
186498,1,5,120,5,1,60.0,0,N,MELB_URBAN,ROAD,1,17.0
186499,1,5,121,1,1,60.0,0,I,MELB_URBAN,ROAD,1,18.0
186500,1,5,120,5,1,100.0,1,N,RURAL_VICTORIA,ROAD,1,12.0
186501,1,5,134,5,1,80.0,0,N,MELB_URBAN,OTHER,1,16.0
186502,2,5,99,2,1,50.0,0,N,MELB_URBAN,ROAD,1,18.0
186503,1,4,130,5,3,60.0,0,N,MELB_URBAN,ROAD,1,1.0
186504,1,5,181,5,1,60.0,0,N,MELB_URBAN,DRIVE,1,12.0
186505,1,1,130,5,1,80.0,0,N,MELB_URBAN,ROAD,1,13.0
186506,1,5,135,5,1,100.0,0,N,MELB_URBAN,FREEWAY,1,20.0
186507,3,5,167,5,5,100.0,0,N,RURAL_VICTORIA,ROAD,1,23.0
186508,1,7,113,2,1,80.0,0,I,RURAL_VICTORIA,HIGHWAY,1,13.0
186509,2,6,100,1,2,60.0,0,I,MELB_URBAN,STREET,1,6.0
186510,1,5,121,1,1,50.0,0,I,MELB_URBAN,ROAD,1,9.0
186511,1,5,110,1,1,50.0,0,I,SMALL_CITIES,STREET,1,8.0
186512,1,6,99,5,1,100.0,0,N,RURAL_VICTORIA,ROAD,1,9.0
186513,4,1,181,5,5,80.0,0,N,RURAL_VICTORIA,OTHER,12,1.0
186514,1,5,110,1,9,50.0,0,I,MELB_URBAN,AVENUE,1,22.0
186515,1,6,121,2,1,60.0,0,N,MELB_URBAN,AVENUE,1,12.0
186516,1,4,121,1,1,80.0,0,I,MELB_URBAN,ROAD,1,19.0
186517,1,5,116,2,1,80.0,0,I,MELB_URBAN,ROAD,1,16.0
186518,1,4,130,2,6,60.0,0,I,MELB_URBAN,ROAD,1,23.0
186519,6,6,170,5,1,100.0,0,N,RURAL_VICTORIA,ROAD,1,6.0
186520,1,3,147,5,1,80.0,0,N,MELB_URBAN,HIGHWAY,12,8.0
186521,1,3,121,4,2,60.0,0,I,MELB_URBAN,ROAD,1,18.0
186522,5,5,99,5,1,60.0,0,N,MELB_URBAN,UNKNOWN,10,15.0
186523,4,5,173,5,1,100.0,0,N,RURAL_VICTORIA,HIGHWAY,1,14.0
186524,1,6,113,2,1,50.0,0,I,MELB_URBAN,DRIVE,1,11.0
186525,1,5,99,1,1,60.0,0,I,LARGE_PROVINCIAL_CITIES,STREET,1,12.0
186526,1,6,99,2,1,50.0,0,N,MELB_URBAN,STREET,1,14.0
186527,1,5,99,2,1,60.0,0,I,TOWNS,ROAD,1,16.0
186528,1,6,163,5,1,60.0,0,N,MELB_URBAN,STREET,1,12.0
186529,1,6,99,1,1,40.0,0,I,MELB_URBAN,STREET,1,16.0
186530,1,6,99,5,1,80.0,0,I,MELB_URBAN,ROAD,1,13.0
186531,1,2,160,5,1,60.0,0,N,MELB_URBAN,STREET,2,13.0
186532,1,6,111,1,1,60.0,0,I,TOWNS,STREET,1,15.0
186533,1,5,140,5,1,50.0,0,N,TOWNS,STREET,1,13.0
186534,1,6,120,2,1,60.0,1,N,MELB_URBAN,ROAD,1,16.0
186535,1,6,110,1,1,50.0,0,I,MELB_URBAN,STREET,1,15.0
186536,1,6,130,5,1,100.0,0,N,MELB_URBAN,FREEWAY,1,16.0
186537,1,3,110,1,2,60.0,0,I,MELB_URBAN,STREET,11,17.0
186538,4,3,183,5,1,80.0,0,N,RURAL_VICTORIA,HIGHWAY,1,8.0
186539,8,6,99,5,1,100.0,0,N,RURAL_VICTORIA,ROAD,1,16.0
186540,5,5,99,6,1,80.0,0,N,RURAL_VICTORIA,DRIVE,1,17.0
186541,4,6,183,5,1,80.0,0,N,RURAL_VICTORIA,OTHER,1,17.0
186542,4,5,173,3,1,60.0,0,N,LARGE_PROVINCIAL_CITIES,ROAD,1,18.0
186543,4,6,99,2,1,60.0,0,I,MELB_URBAN,STREET,1,18.0
186544,1,5,121,2,1,50.0,0,I,MELB_URBAN,ROAD,1,15.0
186545,4,5,99,2,3,50.0,0,I,MELB_URBAN,ROAD,1,21.0
186546,4,6,171,5,5,50.0,0,N,TOWNS,STREET,1,22.0
186547,1,6,110,1,3,80.0,0,I,RURAL_VICTORIA,ROAD,1,22.0
186548,4,7,173,5,3,60.0,1,N,MELB_URBAN,STREET,2,1.0
186549,4,6,99,5,3,70.0,0,N,MELB_URBAN,STREET,2,3.0
186550,1,7,130,5,1,100.0,0,N,RURAL_VICTORIA,ROAD,2,8.0
186551,1,6,121,4,1,60.0,0,I,MELB_URBAN,ROAD,2,8.0
186552,1,2,130,5,1,60.0,0,N,MELB_URBAN,STREET,10,12.0
186553,1,5,132,5,1,60.0,0,N,MELB_URBAN,ROAD,1,9.0
186554,1,6,99,2,1,100.0,0,N,RURAL_VICTORIA,HIGHWAY,1,11.0