,accident_type,day_of_week,dca_code,road_geometry,light_condition,speed_zone,severity,node_type,deg_urban_name,road_type,month,hour
186555,6,7,184,5,1,60.0,0,N,RURAL_VICTORIA,ROAD,1,16.0
186556,1,6,147,5,1,50.0,0,N,LARGE_PROVINCIAL_CITIES,STREET,1,12.0
186557,1,6,130,5,1,80.0,0,N,MELB_URBAN,UNKNOWN,1,14.0
186558,1,1,99,5,1,50.0,0,N,MELB_URBAN,STREET,1,10.0
186559,1,4,99,5,1,50.0,0,N,MELB_URBAN,DRIVE,1,16.0
186560,1,7,99,2,1,50.0,0,I,MELB_URBAN,HIGHWAY,2,12.0
186561,1,6,99,5,1,50.0,0,N,LARGE_PROVINCIAL_CITIES,STREET,1,17.0
186562,1,6,113,2,1,60.0,0,I,MELB_URBAN,ROAD,2,11.0
186563,2,5,100,1,1,60.0,0,I,TOWNS,PARADE,1,13.0
186564,1,5,130,2,1,70.0,0,I,LARGE_PROVINCIAL_CITIES,HIGHWAY,1,16.0
186565,1,6,120,5,1,80.0,0,N,RURAL_VICTORIA,ROAD,1,14.0
186566,8,7,99,5,1,100.0,0,N,RURAL_VICTORIA,ROAD,2,12.0
186567,1,7,110,1,1,50.0,0,I,MELB_URBAN,STREET,2,10.0
186568,1,7,147,5,1,60.0,0,N,MELB_URBAN,ROAD,2,13.0
186569,4,6,171,2,3,40.0,0,I,MELB_URBAN,STREET,1,21.0
186570,1,5,110,1,1,50.0,0,O,MELB_URBAN,UNKNOWN,1,17.0
186571,4,6,171,5,1,50.0,0,N,RURAL_VICTORIA,ROAD,2,14.0
186572,6,7,170,5,1,80.0,0,N,LARGE_PROVINCIAL_CITIES,ROAD,2,14.0
186573,1,6,113,2,1,100.0,0,I,RURAL_VICTORIA,ROAD,2,9.0
186574,1,5,130,5,1,60.0,0,N,MELB_URBAN,ROAD,1,15.0
186575,1,6,134,5,1,100.0,0,N,MELB_URBAN,FREEWAY,2,14.0
186576,1,7,140,2,1,60.0,0,N,MELB_URBAN,DRIVE,2,15.0
186577,1,7,147,5,1,50.0,0,N,LARGE_PROVINCIAL_CITIES,STREET,2,15.0
186578,1,6,130,1,1,50.0,0,N,MELB_URBAN,STREET,2,16.0
186579,4,7,181,5,1,100.0,0,N,RURAL_VICTORIA,ROAD,2,17.0
186580,1,7,111,2,1,60.0,0,I,MELB_URBAN,BOULEVARD,2,18.0
186581,1,6,121,4,1,80.0,0,N,MELB_URBAN,HIGHWAY,2,14.0
186582,1,7,147,5,1,60.0,0,N,MELB_URBAN,ROAD,2,11.0
186583,1,7,99,5,1,70.0,0,I,MELB_URBAN,ROAD,2,17.0
186584,1,7,120,5,1,60.0,0,N,MELB_URBAN,ROAD,2,18.0
186585,2,7,100,1,1,60.0,0,N,MELB_URBAN,STREET,2,18.0
186586,1,7,160,5,1,60.0,0,N,MELB_URBAN,ROAD,2,17.0
186587,1,6,99,2,1,40.0,0,I,MELB_URBAN,STREET,2,16.0
186588,1,6,121,1,1,60.0,0,I,MELB_URBAN,STREET,2,15.0
186589,4,6,183,5,5,100.0,0,N,RURAL_VICTORIA,ROAD,2,23.0
186590,1,7,99,2,1,80.0,0,I,MELB_URBAN,ROAD,2,13.0
186591,1,6,130,1,1,60.0,0,I,SMALL_CITIES,PARADE,1,15.0
186592,4,1,171,5,1,80.0,0,N,MELB_URBAN,ROAD,2,11.0
186593,4,1,171,5,1,80.0,0,N,MELB_URBAN,STREET,2,11.0
186594,8,7,99,5,9,100.0,0,N,RURAL_VICTORIA,ROAD,12,7.0
186595,1,1,110,1,1,60.0,0,I,LARGE_PROVINCIAL_CITIES,AVENUE,2,11.0
186596,1,1,110,1,1,60.0,0,I,MELB_URBAN,ROAD,2,6.0
186597,8,7,174,2,1,60.0,0,I,MELB_URBAN,ROAD,2,11.0
186598,1,0,140,5,1,60.0,0,N,LARGE_PROVINCIAL_CITIES,UNKNOWN,2,12.0
186599,2,1,100,5,1,60.0,0,N,SMALL_CITIES,ROAD,2,9.0
186600,1,0,121,1,1,80.0,0,I,MELB_URBAN,ROAD,2,13.0
186601,1,6,99,5,1,60.0,0,N,MELB_URBAN,STREET,1,18.0
186602,1,1,130,2,1,80.0,0,I,MELB_URBAN,HIGHWAY,1,14.0
186603,4,1,99,5,1,80.0,0,N,RURAL_VICTORIA,ROAD,2,11.0
186604,1,0,133,5,1,80.0,0,N,MELB_URBAN,HIGHWAY,2,8.0
186605,4,1,99,1,1,70.0,0,I,LARGE_PROVINCIAL_CITIES,HIGHWAY,2,12.0
186606,8,1,99,2,1,30.0,0,I,SMALL_TOWNS,STREET,2,14.0
186607,1,6,121,1,3,40.0,0,I,MELB_URBAN,STREET,2,21.0
186608,5,5,181,5,1,50.0,0,N,SMALL_CITIES,ROAD,1,14.0
186609,4,1,181,2,1,100.0,0,N,RURAL_VICTORIA,ROAD,2,13.0
186610,2,1,100,2,1,70.0,1,N,MELB_URBAN,ROAD,2,13.0
186611,1,1,121,1,1,60.0,0,N,MELB_URBAN,ROAD,2,16.0
186612,4,1,173,5,1,40.0,0,N,MELB_URBAN,STREET,2,12.0
186613,3,4,167,5,9,80.0,0,N,SMALL_CITIES,ROAD,1,7.0
186614,1,1,110,1,1,60.0,0,I,TOWNS,HIGHWAY,2,16.0
186615,4,1,173,1,1,80.0,0,I,MELB_URBAN,ROAD,2,18.0
186616,4,1,173,5,1,50.0,0,N,MELB_URBAN,AVENUE,2,19.0
186617,5,0,99,5,3,80.0,0,N,MELB_URBAN,HIGHWAY,2,20.0
186618,4,1,171,5,1,100.0,0,N,RURAL_VICTORIA,ROAD,2,18.0
186619,1,1,116,1,2,60.0,0,I,MELB_URBAN,STREET,2,20.0
186620,1,1,99,1,1,80.0,0,I,MELB_URBAN,ROAD,2,15.0
186621,1,1,133,5,3,80.0,0,N,MELB_URBAN,ROAD,2,22.0
186622,1,5,130,5,1,60.0,0,N,MELB_URBAN,BOULEVARD,1,15.0
186623,4,1,99,2,3,100.0,0,I,RURAL_VICTORIA,ROAD,2,22.0
186624,7,1,99,5,2,100.0,0,N,RURAL_VICTORIA,ROAD,2,20.0
186625,1,2,160,5,3,50.0,0,N,MELB_URBAN,ROAD,2,0.0
186626,1,2,99,4,6,40.0,0,I,MELB_URBAN,RAMP,2,5.0
186627,1,2,110,1,1,60.0,0,I,MELB_URBAN,STREET,1,15.0
186628,8,4,174,5,1,100.0,0,N,RURAL_VICTORIA,HIGHWAY,1,14.0
186629,1,4,130,5,1,60.0,0,N,MELB_URBAN,ROAD,1,16.0
186630,1,2,130,5,1,80.0,0,N,MELB_URBAN,FREEWAY,2,8.0
186631,1,3,130,1,1,70.0,0,I,MELB_URBAN,ROAD,12,11.0
186632,1,6,133,3,1,50.0,0,N,TOWNS,HIGHWAY,1,11.0
186633,1,4,110,1,1,60.0,0,I,MELB_URBAN,STREET,12,10.0
186634,1,7,132,1,9,60.0,0,I,MELB_URBAN,OTHER,2,14.0
186635,4,5,171,5,1,50.0,0,N,RURAL_VICTORIA,ROAD,1,13.0
186636,1,1,135,2,1,40.0,0,I,MELB_URBAN,ROAD,2,10.0
186637,4,2,181,2,1,60.0,0,I,TOWNS,HIGHWAY,2,9.0
186638,1,2,110,1,1,60.0,0,I,SMALL_CITIES,STREET,2,11.0
186639,4,6,181,5,1,50.0,0,N,RURAL_VICTORIA,ROAD,2,18.0
186640,4,1,181,5,5,60.0,0,N,RURAL_VICTORIA,HIGHWAY,9,5.0
186641,1,0,99,1,1,40.0,0,I,LARGE_PROVINCIAL_CITIES,STREET,1,11.0
186642,7,1,99,5,1,50.0,0,N,MELB_URBAN,STREET,2,7.0
186643,1,7,130,5,1,60.0,0,N,MELB_URBAN,ROAD,12,16.0
186644,1,5,160,5,1,60.0,0,N,MELB_URBAN,STREET,1,11.0
186645,1,5,130,1,1,80.0,0,N,SMALL_TOWNS,ROAD,1,15.0
186646,1,2,113,2,1,50.0,0,I,MELB_URBAN,STREET,2,14.0
186647,1,2,140,1,1,40.0,0,I,MELB_URBAN,STREET,2,13.0
186648,1,2,130,1,1,80.0,0,N,RURAL_VICTORIA,STREET,2,12.0
186649,1,2,133,1,1,60.0,0,N,MELB_URBAN,ROAD,2,12.0
186650,1,2,110,1,1,100.0,0,I,RURAL_VICTORIA,ROAD,2,14.0
186651,1,6,134,5,1,60.0,0,N,MELB_URBAN,ROAD,2,15.0
186652,4,1,173,2,1,40.0,0,N,RURAL_VICTORIA,ROAD,2,14.0
186653,1,2,160,5,1,50.0,0,N,MELB_URBAN,STREET,2,16.0
186654,4,2,99,5,1,60.0,0,O,MELB_URBAN,UNKNOWN,2,15.0
186655,1,2,99,5,1,80.0,0,N,MELB_URBAN,ROAD,2,14.0
186656,1,2,121,1,1,60.0,0,I,LARGE_PROVINCIAL_CITIES,ROAD,2,16.0
186657,1,2,113,2,1,70.0,0,I,MELB_URBAN,ROAD,1,15.0
186658,1,2,110,1,1,80.0,0,I,RURAL_VICTORIA,ROAD,2,18.0
186659,4,2,173,5,1,100.0,0,N,RURAL_VICTORIA,FREEWAY,2,17.0
186660,4,2,171,5,1,60.0,0,N,RURAL_VICTORIA,HIGHWAY,2,20.0
186661,1,2,113,2,2,100.0,0,I,RURAL_VICTORIA,HIGHWAY,2,19.0
186662,1,7,160,5,3,50.0,0,N,RURAL_VICTORIA,STREET,12,0.0
186663,1,5,99,1,2,60.0,0,I,MELB_URBAN,ROAD,1,7.0
186664,2,2,99,5,1,40.0,0,N,RURAL_VICTORIA,BOULEVARD,2,15.0
186665,1,2,99,1,1,50.0,0,I,MELB_URBAN,STREET,1,10.0
186666,1,1,160,5,3,50.0,0,N,MELB_URBAN,ROAD,2,5.0
186667,1,3,130,5,1,100.0,0,N,MELB_URBAN,FREEWAY,2,6.0
186668,6,3,99,5,1,60.0,0,N,MELB_URBAN,ROAD,1,9.0
186669,1,3,110,1,1,50.0,0,I,TOWNS,STREET,2,8.0
186670,1,2,99,5,1,50.0,0,N,MELB_URBAN,OTHER,2,8.0
186671,1,3,121,2,2,50.0,0,I,SMALL_CITIES,STREET,2,5.0
186672,1,3,99,5,1,60.0,0,N,MELB_URBAN,HIGHWAY,2,9.0
186673,1,4,111,1,9,60.0,0,I,MELB_URBAN,ROAD,8,18.0
186674,1,3,130,5,1,100.0,0,N,MELB_URBAN,FREEWAY,2,9.0
186675,1,1,147,5,1,60.0,0,N,MELB_URBAN,ROAD,2,17.0
186676,8,3,170,5,1,50.0,0,N,MELB_URBAN,OTHER,2,9.0
186677,4,3,171,2,1,60.0,0,I,MELB_URBAN,ROAD,2,11.0
186678,2,5,100,5,9,60.0,0,N,SMALL_CITIES,STREET,12,11.0
186679,1,3,130,2,2,60.0,0,I,MELB_URBAN,ROAD,1,19.0
186680,1,3,135,5,1,70.0,0,N,MELB_URBAN,STREET,1,13.0
186681,1,2,130,5,1,100.0,0,N,RURAL_VICTORIA,FREEWAY,2,12.0
186682,1,2,130,2,1,60.0,0,I,MELB_URBAN,ROAD,2,13.0
186683,1,3,99,5,1,60.0,0,N,SMALL_CITIES,STREET,1,15.0
186684,1,3,110,1,1,60.0,0,I,LARGE_PROVINCIAL_CITIES,ROAD,2,13.0
186685,6,2,174,5,1,60.0,0,N,MELB_URBAN,ROAD,2,14.0
186686,6,3,99,2,1,60.0,0,I,MELB_URBAN,ROAD,12,16.0
186687,4,3,171,5,1,50.0,0,N,RURAL_VICTORIA,DRIVE,2,16.0
186688,1,3,130,5,1,100.0,0,N,MELB_URBAN,FREEWAY,2,15.0
186689,1,3,121,5,1,80.0,0,N,MELB_URBAN,HIGHWAY,2,16.0
186690,4,3,181,1,1,60.0,0,I,TOWNS,ROAD,2,17.0
186691,1,2,130,1,1,80.0,0,I,MELB_URBAN,ROAD,2,15.0
186692,1,3,113,2,1,40.0,0,I,MELB_URBAN,STREET,2,16.0
186693,4,2,181,1,1,110.0,0,N,RURAL_VICTORIA,UNKNOWN,2,19.0
186694,1,4,163,5,1,40.0,0,N,MELB_URBAN,STREET,1,17.0
186695,1,3,120,5,3,60.0,0,N,MELB_URBAN,ROAD,2,21.0
186696,2,2,102,1,3,60.0,0,I,MELB_URBAN,STREET,2,22.0
186697,1,4,130,2,1,100.0,0,N,RURAL_VICTORIA,OTHER,1,6.0
186698,1,4,113,2,3,80.0,0,I,MELB_URBAN,RAMP,2,4.0
186699,3,4,167,5,2,50.0,0,N,MELB_URBAN,DRIVE,2,6.0
186700,1,2,130,5,1,60.0,0,N,MELB_URBAN,ROAD,2,9.0
186701,2,4,100,2,1,40.0,0,I,TOWNS,OTHER,2,7.0
186702,1,5,110,1,1,50.0,0,I,MELB_URBAN,STREET,1,18.0
186703,4,4,173,5,1,60.0,0,N,SMALL_CITIES,STREET,2,9.0
186704,4,4,173,5,1,100.0,0,N,RURAL_VICTORIA,ROAD,2,8.0
186705,2,4,99,5,1,50.0,0,N,MELB_URBAN,AVENUE,2,8.0
186706,8,7,174,5,1,60.0,0,N,RURAL_VICTORIA,ROAD,2,10.0
186707,7,1,99,1,3,40.0,0,I,MELB_URBAN,STREET,12,22.0
186708,6,4,174,5,1,70.0,0,N,MELB_URBAN,ROAD,2,8.0
186709,1,2,130,2,1,70.0,0,I,MELB_URBAN,ROAD,1,14.0
186710,1,7,147,5,1,50.0,0,N,MELB_URBAN,AVENUE,2,14.0
186711,1,4,99,4,1,60.0,0,I,MELB_URBAN,ROAD,2,6.0
186712,1,0,130,5,1,60.0,0,N,RURAL_VICTORIA,ROAD,1,13.0
186713,1,4,133,5,1,80.0,0,N,MELB_URBAN,HIGHWAY,2,8.0
186714,1,2,130,1,1,50.0,0,I,MELB_URBAN,HIGHWAY,2,6.0
186715,1,4,121,1,1,40.0,0,N,MELB_URBAN,ROAD,2,10.0
186716,1,4,121,5,1,60.0,0,N,MELB_URBAN,ROAD,2,11.0
186717,1,3,135,5,1,80.0,0,N,MELB_URBAN,UNKNOWN,2,18.0
186718,2,4,100,2,1,50.0,0,N,MELB_URBAN,ROAD,1,15.0
186719,1,6,110,1,1,60.0,0,I,LARGE_PROVINCIAL_CITIES,STREET,12,12.0
186720,1,4,113,2,1,60.0,0,I,MELB_URBAN,OTHER,2,12.0
186721,8,1,174,5,1,50.0,0,N,RURAL_VICTORIA,ROAD,2,19.0
186722,6,6,99,3,1,60.0,0,I,RURAL_VICTORIA,ROAD,1,10.0
186723,6,7,99,5,2,100.0,0,N,RURAL_VICTORIA,HIGHWAY,12,16.0
186724,4,3,171,5,1,50.0,0,N,MELB_URBAN,AVENUE,2,15.0
186725,1,3,147,5,6,60.0,0,N,MELB_URBAN,ROAD,2,1.0
186726,4,4,171,5,1,60.0,0,N,LARGE_PROVINCIAL_CITIES,STREET,2,14.0
186727,1,4,130,5,1,80.0,0,N,MELB_URBAN,ROAD,2,15.0
186728,1,3,130,5,1,60.0,0,N,RURAL_VICTORIA,ROAD,2,8.0
186729,1,1,130,2,1,60.0,0,I,LARGE_PROVINCIAL_CITIES,ROAD,2,13.0
186730,2,5,99,5,2,60.0,0,N,MELB_URBAN,ROAD,1,19.0
186731,1,4,110,1,1,40.0,0,I,TOWNS,STREET,2,17.0
186732,1,1,147,5,1,60.0,0,N,MELB_URBAN,ROAD,10,13.0
186733,1,4,130,2,1,60.0,0,N,MELB_URBAN,ROAD,2,15.0
186734,1,7,130,5,9,80.0,0,N,TOWNS,HIGHWAY,2,12.0
186735,1,4,116,1,1,50.0,0,I,SMALL_CITIES,STREET,2,20.0
186736,1,4,99,2,1,60.0,0,I,MELB_URBAN,BOULEVARD,2,14.0
186737,2,3,100,1,1,70.0,0,N,MELB_URBAN,STREET,2,8.0
186738,1,4,147,5,1,100.0,0,N,RURAL_VICTORIA,ROAD,2,17.0
186739,1,3,130,4,1,100.0,0,N,MELB_URBAN,ROAD,2,19.0
186740,1,3,140,2,1,80.0,0,I,MELB_URBAN,ROAD,2,19.0
186741,1,4,110,1,2,50.0,0,I,MELB_URBAN,STREET,2,18.0
186742,2,4,99,5,9,60.0,0,N,MELB_URBAN,STREET,2,19.0
186743,1,4,130,5,1,60.0,0,N,MELB_URBAN,ROAD,2,18.0
186744,4,4,181,5,5,70.0,0,N,MELB_URBAN,HIGHWAY,2,22.0
186745,1,4,110,1,3,40.0,0,I,MELB_URBAN,ROAD,2,23.0
186746,1,4,110,1,3,80.0,0,N,MELB_URBAN,ROAD,2,22.0
186747,1,5,130,5,5,80.0,0,N,RURAL_VICTORIA,ROAD,2,1.0
186748,1,5,111,2,3,60.0,0,I,MELB_URBAN,ROAD,2,0.0
186749,1,3,140,2,3,60.0,0,I,MELB_URBAN,ROAD,12,21.0
186750,1,5,113,2,1,80.0,0,I,MELB_URBAN,DRIVE,2,5.0
186751,1,0,121,1,3,80.0,0,I,MELB_URBAN,ROAD,1,0.0
186752,4,5,99,5,1,110.0,0,N,RURAL_VICTORIA,FREEWAY,2,6.0
186753,2,5,99,2,1,70.0,0,N,LARGE_PROVINCIAL_CITIES,ROAD,2,7.0
186754,3,5,167,5,5,100.0,0,N,RURAL_VICTORIA,ROAD,2,5.0
186755,1,4,110,1,1,60.0,0,I,MELB_URBAN,STREET,2,9.0
186756,1,5,111,1,1,60.0,0,I,MELB_URBAN,ROAD,2,6.0
186757,1,5,133,5,1,60.0,0,N,MELB_URBAN,RAMP,2,8.0
186758,1,5,113,2,1,60.0,0,I,RURAL_VICTORIA,ROAD,2,8.0
186759,1,4,130,5,1,70.0,0,N,MELB_URBAN,ROAD,2,8.0
186760,4,5,181,5,1,80.0,0,N,RURAL_VICTORIA,ROAD,2,9.0
186761,1,5,99,5,1,40.0,0,N,LARGE_PROVINCIAL_CITIES,STREET,2,8.0
186762,8,7,99,5,1,100.0,0,N,RURAL_VICTORIA,ROAD,1,11.0
186763,1,5,130,5,1,70.0,0,N,RURAL_VICTORIA,ROAD,2,6.0
186764,1,4,134,5,1,80.0,0,N,MELB_URBAN,HIGHWAY,2,10.0
186765,1,6,130,5,1,60.0,0,N,MELB_URBAN,ROAD,1,17.0
186766,1,5,147,5,1,60.0,0,N,MELB_URBAN,ROAD,1,11.0
186767,1,4,130,5,1,60.0,0,N,MELB_URBAN,STREET,2,17.0
186768,1,5,111,1,1,40.0,0,I,SMALL_CITIES,STREET,2,8.0
186769,4,5,173,5,1,80.0,0,N,MELB_URBAN,ROAD,2,13.0
186770,4,3,183,5,1,80.0,0,N,RURAL_VICTORIA,ROAD,11,13.0
186771,1,4,99,5,1,70.0,0,N,MELB_URBAN,ROAD,2,17.0
186772,4,5,183,5,1,100.0,0,N,RURAL_VICTORIA,ROAD,2,14.0
186773,3,6,167,5,6,60.0,0,N,RURAL_VICTORIA,ROAD,1,21.0
186774,1,3,130,1,1,40.0,0,N,MELB_URBAN,ROAD,2,15.0
186775,1,4,160,5,1,70.0,0,N,MELB_URBAN,ROAD,2,17.0
186776,1,4,130,2,1,70.0,0,N,MELB_URBAN,ROAD,2,8.0
186777,1,5,130,5,1,80.0,0,N,MELB_URBAN,ROAD,2,17.0
186778,2,4,100,5,1,50.0,0,N,MELB_URBAN,ROAD,2,16.0
186779,4,5,173,5,1,60.0,0,N,LARGE_PROVINCIAL_CITIES,OTHER,2,17.0
186780,1,4,160,5,1,60.0,0,N,LARGE_PROVINCIAL_CITIES,ROAD,2,15.0
186781,1,5,140,5,1,60.0,0,N,MELB_URBAN,STREET,2,15.0
186782,6,1,184,5,1,60.0,0,N,RURAL_VICTORIA,OTHER,1,11.0
186783,4,5,171,5,1,50.0,0,N,LARGE_PROVINCIAL_CITIES,STREET,2,18.0
186784,1,5,130,5,1,80.0,0,N,MELB_URBAN,OTHER,1,10.0
186785,4,4,99,5,2,50.0,0,N,MELB_URBAN,STREET,2,20.0
186786,1,2,132,2,1,60.0,0,I,TOWNS,STREET,11,8.0
186787,2,4,99,5,1,60.0,0,N,MELB_URBAN,ROAD,2,20.0
186788,4,5,173,2,3,60.0,0,I,MELB_URBAN,ROAD,2,23.0
186789,4,5,171,5,3,50.0,0,N,TOWNS,STREET,2,22.0
186790,1,5,110,1,3,60.0,0,I,MELB_URBAN,STREET,2,22.0
186791,4,6,171,2,3,60.0,0,I,MELB_URBAN,AVENUE,2,3.0
186792,4,4,171,5,1,100.0,0,N,MELB_URBAN,RAMP,1,17.0
186793,1,5,113,2,1,80.0,0,I,MELB_URBAN,ROAD,2,13.0
186794,1,1,147,5,1,50.0,0,N,SMALL_CITIES,OTHER,2,16.0
186795,1,3,135,5,1,100.0,0,N,MELB_URBAN,FREEWAY,12,16.0
186796,1,6,160,5,1,50.0,0,N,MELB_URBAN,AVENUE,2,6.0
186797,1,2,135,5,1,100.0,0,N,MELB_URBAN,ROAD,9,13.0
186798,3,0,167,5,1,50.0,0,N,RURAL_VICTORIA,ROAD,1,10.0
186799,2,6,99,5,1,50.0,0,N,TOWNS,STREET,2,7.0
186800,1,3,99,2,2,70.0,0,I,MELB_URBAN,ROAD,2,16.0
186801,1,2,110,1,1,40.0,0,I,MELB_URBAN,AVENUE,2,8.0
186802,1,6,133,5,1,60.0,0,N,MELB_URBAN,ROAD,1,9.0
186803,1,7,111,1,3,60.0,0,I,MELB_URBAN,STREET,1,21.0
186804,1,6,130,1,6,40.0,0,I,MELB_URBAN,STREET,11,22.0
186805,1,6,147,5,1,70.0,0,N,MELB_URBAN,ROAD,2,11.0
186806,1,4,130,1,1,60.0,0,I,MELB_URBAN,HIGHWAY,1,12.0
186807,4,6,99,5,1,50.0,0,N,MELB_URBAN,BOULEVARD,2,11.0
186808,4,6,181,5,1,60.0,0,N,TOWNS,STREET,2,11.0
186809,8,4,99,5,5,80.0,0,N,RURAL_VICTORIA,ROAD,2,23.0
186810,1,6,110,1,1,50.0,0,I,MELB_URBAN,STREET,2,11.0
186811,1,6,121,2,1,80.0,0,I,MELB_URBAN,ROAD,2,10.0
186812,8,5,99,5,1,100.0,0,N,RURAL_VICTORIA,ROAD,2,12.0
186813,5,3,99,5,9,60.0,0,N,MELB_URBAN,STREET,2,16.0
186814,1,5,130,5,1,60.0,0,N,SMALL_TOWNS,OTHER,2,7.0
186815,1,3,135,5,2,60.0,0,N,MELB_URBAN,STREET,2,18.0
186816,1,6,113,2,1,80.0,0,I,RURAL_VICTORIA,ROAD,2,12.0
186817,6,6,174,5,1,60.0,0,N,MELB_URBAN,STREET,1,12.0
186818,1,2,130,1,1,60.0,0,I,MELB_URBAN,ROAD,2,12.0
186819,1,5,99,2,9,60.0,0,I,RURAL_VICTORIA,STREET,2,7.0
186820,1,4,99,1,1,60.0,0,I,SMALL_CITIES,OTHER,2,17.0
186821,8,7,184,2,1,50.0,0,N,TOWNS,ROAD,1,9.0
186822,2,6,99,5,1,70.0,0,N,MELB_URBAN,HIGHWAY,2,16.0
186823,1,5,99,5,1,60.0,0,N,MELB_URBAN,DRIVE,2,13.0
186824,4,5,173,4,1,40.0,0,I,MELB_URBAN,ROAD,2,15.0
186825,1,6,121,2,1,60.0,0,I,MELB_URBAN,ROAD,2,16.0
186826,1,6,113,2,1,70.0,0,I,MELB_URBAN,ROAD,2,15.0
186827,1,4,130,5,1,100.0,0,N,MELB_URBAN,ROAD,2,17.0
186828,1,6,110,1,1,50.0,0,I,MELB_URBAN,ROAD,2,10.0
186829,1,5,99,5,1,60.0,0,N,SMALL_CITIES,ROAD,2,16.0
186830,1,3,113,2,1,60.0,0,I,MELB_URBAN,ROAD,2,16.0
186831,1,5,110,1,1,50.0,0,I,MELB_URBAN,ROAD,2,15.0
186832,1,5,110,1,1,50.0,0,I,MELB_URBAN,STREET,2,17.0
186833,1,5,121,1,1,50.0,0,I,MELB_URBAN,ROAD,2,15.0
186834,1,5,130,2,1,60.0,0,I,MELB_URBAN,ROAD,1,16.0
186835,1,5,120,5,1,50.0,0,N,LARGE_PROVINCIAL_CITIES,STREET,2,17.0
186836,1,6,113,2,1,80.0,0,N,RURAL_VICTORIA,ROAD,2,19.0
186837,1,6,113,2,1,50.0,0,I,MELB_URBAN,STREET,2,16.0
186838,1,6,135,5,1,60.0,0,N,MELB_URBAN,ROAD,2,18.0
186839,1,6,113,2,1,50.0,0,I,SMALL_CITIES,ROAD,2,19.0
186840,1,2,134,5,1,70.0,0,N,LARGE_PROVINCIAL_CITIES,ROAD,1,14.0
186841,1,5,130,5,1,40.0,0,N,MELB_URBAN,STREET,2,17.0
186842,1,6,110,1,3,60.0,0,I,LARGE_PROVINCIAL_CITIES,STREET,2,20.0
186843,1,6,110,1,3,60.0,0,I,TOWNS,STREET,2,21.0
186844,6,0,174,5,1,80.0,0,N,RURAL_VICTORIA,DRIVE,12,15.0
186845,1,6,130,5,1,100.0,0,N,MELB_URBAN,FREEWAY,2,17.0
186846,8,6,99,5,1,50.0,0,N,RURAL_VICTORIA,UNKNOWN,2,17.0
186847,4,6,183,5,3,50.0,0,N,RURAL_VICTORIA,ROAD,2,21.0
186848,4,7,181,1,3,60.0,0,N,MELB_URBAN,ROAD,2,0.0
186849,1,3,130,5,1,60.0,0,N,MELB_URBAN,ROAD,1,12.0
186850,1,5,130,1,1,40.0,0,I,MELB_URBAN,STREET,2,16.0
186851,1,7,111,1,1,60.0,0,N,LARGE_PROVINCIAL_CITIES,STREET,2,7.0
186852,4,6,173,5,1,100.0,0,N,RURAL_VICTORIA,OTHER,2,6.0
186853,1,6,147,5,1,50.0,0,N,MELB_URBAN,ROAD,2,10.0
186854,8,1,184,5,1,60.0,0,N,RURAL_VICTORIA,ROAD,1,8.0
186855,1,5,147,2,9,70.0,0,N,MELB_URBAN,HIGHWAY,1,19.0
186856,1,5,130,2,1,70.0,0,I,MELB_URBAN,ROAD,1,19.0
186857,6,6,99,5,1,60.0,0,N,RURAL_VICTORIA,ROAD,2,11.0
186858,1,6,113,2,1,60.0,0,I,MELB_URBAN,ROAD,2,16.0
186859,1,6,130,1,1,80.0,0,I,MELB_URBAN,ROAD,2,8.0
186860,1,7,134,5,1,80.0,0,N,MELB_URBAN,ROAD,2,11.0
186861,1,7,140,2,1,70.0,0,N,MELB_URBAN,STREET,2,12.0
186862,1,5,134,2,1,80.0,0,N,MELB_URBAN,ROAD,2,14.0
186863,1,7,121,1,1,60.0,0,I,TOWNS,STREET,2,11.0
186864,1,7,121,1,1,50.0,0,I,TOWNS,STREET,2,13.0
186865,2,5,102,2,1,60.0,0,N,MELB_URBAN,ROAD,2,9.0
186866,1,7,99,2,1,50.0,0,I,MELB_URBAN,OTHER,2,13.0
186867,1,7,121,1,1,60.0,0,I,TOWNS,STREET,2,14.0
186868,1,7,121,2,1,60.0,0,I,MELB_URBAN,STREET,2,12.0
186869,1,5,130,2,1,60.0,0,I,MELB_URBAN,DRIVE,12,14.0
186870,1,7,99,5,1,40.0,0,N,MELB_URBAN,STREET,2,14.0
186871,2,4,99,5,1,60.0,0,N,MELB_URBAN,ROAD,1,14.0
186872,1,7,99,5,1,100.0,0,I,RURAL_VICTORIA,ROAD,2,13.0
186873,1,1,110,1,1,50.0,0,I,MELB_URBAN,STREET,2,8.0
186874,1,7,121,4,1,80.0,0,N,RURAL_VICTORIA,RAMP,2,19.0
186875,1,7,110,1,1,100.0,0,I,RURAL_VICTORIA,ROAD,2,18.0
186876,1,7,110,1,1,50.0,0,I,RURAL_VICTORIA,DRIVE,2,17.0
186877,1,7,99,1,1,60.0,0,I,RURAL_VICTORIA,ROAD,2,15.0
186878,1,6,130,1,1,60.0,0,N,MELB_URBAN,STREET,2,18.0
186879,6,1,99,2,9,100.0,0,I,RURAL_VICTORIA,HIGHWAY,2,0.0
186880,1,0,99,5,3,50.0,0,N,MELB_URBAN,STREET,2,3.0