,accident_type,day_of_week,dca_code,road_geometry,light_condition,speed_zone,severity,node_type,deg_urban_name,road_type,month,hour
186881,4,1,173,5,5,60.0,0,N,MELB_URBAN,ROAD,2,3.0
186882,4,0,173,5,5,40.0,0,N,RURAL_VICTORIA,HIGHWAY,2,0.0
186883,3,1,167,5,1,80.0,0,N,RURAL_VICTORIA,ROAD,2,7.0
186884,1,1,130,5,1,100.0,0,N,MELB_URBAN,FREEWAY,1,11.0
186885,1,6,121,1,1,80.0,0,I,MELB_URBAN,AVENUE,2,11.0
186886,6,1,174,4,1,60.0,0,I,SMALL_CITIES,STREET,2,10.0
186887,1,1,147,5,1,60.0,0,N,MELB_URBAN,ROAD,2,9.0
186888,1,0,113,2,1,40.0,0,I,MELB_URBAN,STREET,2,11.0
186889,1,0,121,1,1,80.0,0,I,MELB_URBAN,OTHER,2,11.0
186890,1,1,99,1,9,60.0,0,I,MELB_URBAN,ROAD,9,15.0
186891,1,0,110,1,1,100.0,0,N,RURAL_VICTORIA,ROAD,2,11.0
186892,4,1,171,5,1,100.0,1,N,RURAL_VICTORIA,ROAD,2,9.0
186893,1,0,121,1,1,80.0,0,I,RURAL_VICTORIA,OTHER,2,13.0
186894,1,1,130,5,1,80.0,0,N,MELB_URBAN,ROAD,2,15.0
186895,1,0,147,5,1,60.0,0,N,MELB_URBAN,ROAD,2,11.0
186896,1,1,110,1,1,60.0,0,I,LARGE_PROVINCIAL_CITIES,HIGHWAY,2,13.0
186897,8,7,99,5,1,100.0,0,N,RURAL_VICTORIA,ROAD,2,14.0
186898,1,0,110,1,1,40.0,0,I,MELB_URBAN,STREET,2,15.0
186899,1,7,163,5,1,40.0,0,N,MELB_URBAN,STREET,2,18.0
186900,1,7,132,2,1,100.0,0,I,RURAL_VICTORIA,HIGHWAY,2,16.0
186901,1,0,113,1,1,80.0,0,I,MELB_URBAN,ROAD,2,18.0
186902,1,1,121,1,3,70.0,0,I,MELB_URBAN,ROAD,2,20.0
186903,1,1,171,5,1,50.0,0,N,MELB_URBAN,AVENUE,2,18.0
186904,1,0,113,2,1,70.0,0,I,MELB_URBAN,ROAD,2,6.0
186905,4,6,173,5,1,100.0,0,N,RURAL_VICTORIA,ROAD,2,12.0
186906,1,1,147,5,1,50.0,0,N,RURAL_VICTORIA,STREET,2,7.0
186907,4,6,181,5,1,80.0,0,N,SMALL_TOWNS,ROAD,2,15.0
186908,8,1,184,5,1,60.0,0,N,RURAL_VICTORIA,ROAD,2,11.0
186909,1,4,130,2,1,60.0,0,I,RURAL_VICTORIA,ROAD,2,17.0
186910,1,2,121,1,3,60.0,0,I,MELB_URBAN,STREET,2,22.0
186911,1,1,130,5,1,100.0,0,N,MELB_URBAN,FREEWAY,2,8.0
186912,6,7,174,2,1,60.0,0,N,RURAL_VICTORIA,UNKNOWN,2,13.0
186913,1,1,99,2,2,100.0,0,I,MELB_URBAN,ROAD,2,20.0
186914,8,7,184,5,1,100.0,0,N,RURAL_VICTORIA,ROAD,2,11.0
186915,1,5,99,5,1,40.0,0,N,MELBOURNE_CBD,STREET,2,15.0
186916,6,2,170,5,1,60.0,0,N,RURAL_VICTORIA,ROAD,12,16.0
186917,1,3,163,2,1,40.0,0,N,MELB_URBAN,STREET,1,7.0
186918,8,2,99,2,1,60.0,0,I,LARGE_PROVINCIAL_CITIES,STREET,2,12.0
186919,1,2,163,5,1,60.0,0,N,MELB_URBAN,DRIVE,2,14.0
186920,1,2,130,5,1,100.0,0,N,MELB_URBAN,FREEWAY,2,9.0
186921,4,2,181,5,2,100.0,1,N,RURAL_VICTORIA,ROAD,2,7.0
186922,1,2,130,5,1,60.0,0,N,RURAL_VICTORIA,DRIVE,2,13.0
186923,1,5,99,2,3,100.0,0,I,RURAL_VICTORIA,HIGHWAY,1,4.0
186924,1,2,99,5,1,60.0,0,N,LARGE_PROVINCIAL_CITIES,STREET,2,15.0
186925,1,2,110,1,1,50.0,0,I,MELB_URBAN,STREET,2,15.0
186926,2,2,100,2,1,40.0,0,N,MELB_URBAN,STREET,2,8.0
186927,1,2,99,5,1,60.0,0,N,SMALL_CITIES,ROAD,2,16.0
186928,1,2,99,2,1,80.0,0,I,MELB_URBAN,ROAD,2,15.0
186929,4,2,99,5,1,50.0,0,N,RURAL_VICTORIA,OTHER,2,16.0
186930,2,1,102,2,1,60.0,0,N,MELB_URBAN,ROAD,2,17.0
186931,4,1,173,9,1,60.0,0,N,RURAL_VICTORIA,STREET,2,17.0
186932,1,1,160,5,1,60.0,0,N,MELB_URBAN,ROAD,2,16.0
186933,1,2,135,5,2,100.0,0,N,MELB_URBAN,UNKNOWN,2,6.0
186934,1,3,110,1,1,50.0,0,I,TOWNS,STREET,2,11.0
186935,1,6,121,2,1,40.0,0,I,MELB_URBAN,STREET,2,11.0
186936,1,1,130,1,1,60.0,0,I,MELB_URBAN,ROAD,2,14.0
186937,1,2,113,1,2,60.0,0,I,MELB_URBAN,HIGHWAY,2,18.0
186938,2,1,102,1,1,50.0,0,I,MELB_URBAN,STREET,2,18.0
186939,1,2,99,2,1,60.0,0,I,SMALL_TOWNS,ROAD,2,18.0
186940,1,2,111,1,9,60.0,0,I,SMALL_CITIES,STREET,1,8.0
186941,2,2,100,2,2,60.0,0,I,MELB_URBAN,ROAD,2,20.0
186942,6,2,99,5,1,70.0,0,N,MELB_URBAN,ROAD,2,17.0
186943,1,2,120,5,1,60.0,0,N,RURAL_VICTORIA,ROAD,2,17.0
186944,1,2,121,2,3,80.0,0,I,MELB_URBAN,HIGHWAY,2,21.0
186945,4,5,173,5,3,40.0,0,N,MELB_URBAN,STREET,9,5.0
186946,2,3,99,5,3,60.0,0,N,MELB_URBAN,ROAD,2,4.0
186947,1,2,163,5,1,60.0,0,N,MELB_URBAN,STREET,2,17.0
186948,1,2,130,5,1,80.0,0,N,MELB_URBAN,ROAD,2,7.0
186949,1,3,130,5,1,100.0,0,N,MELB_URBAN,UNKNOWN,2,9.0
186950,8,2,184,5,1,60.0,0,N,RURAL_VICTORIA,ROAD,2,16.0
186951,2,3,99,5,1,60.0,0,N,RURAL_VICTORIA,OTHER,2,7.0
186952,1,3,147,5,1,60.0,0,N,MELB_URBAN,STREET,2,7.0
186953,1,3,120,1,1,60.0,0,I,TOWNS,STREET,2,8.0
186954,4,7,99,5,1,80.0,0,N,RURAL_VICTORIA,OTHER,2,11.0
186955,1,7,113,2,1,80.0,0,N,MELB_URBAN,ROAD,1,14.0
186956,1,2,130,2,3,60.0,0,N,RURAL_VICTORIA,ROAD,2,6.0
186957,1,1,113,1,6,60.0,0,N,MELB_URBAN,ROAD,12,21.0
186958,6,2,174,5,1,60.0,0,N,RURAL_VICTORIA,ROAD,2,10.0
186959,1,3,130,5,1,80.0,0,N,RURAL_VICTORIA,ROAD,2,11.0
186960,2,6,99,5,1,60.0,0,N,MELB_URBAN,ROAD,2,9.0
186961,2,1,102,5,2,60.0,0,N,MELB_URBAN,ROAD,2,20.0
186962,1,2,110,4,1,60.0,0,I,SMALL_CITIES,STREET,2,14.0
186963,1,1,130,1,3,60.0,0,I,MELB_URBAN,STREET,1,23.0
186964,1,2,132,5,1,100.0,0,N,RURAL_VICTORIA,ROAD,2,9.0
186965,1,2,99,5,1,50.0,0,N,SMALL_CITIES,STREET,2,15.0
186966,1,6,130,2,1,60.0,0,N,MELB_URBAN,STREET,1,16.0
186967,1,1,111,1,1,40.0,0,I,RURAL_VICTORIA,OTHER,2,13.0
186968,1,4,135,2,1,60.0,0,I,MELB_URBAN,ROAD,1,16.0
186969,1,2,130,5,1,50.0,0,N,MELB_URBAN,STREET,2,16.0
186970,1,3,132,2,1,60.0,0,I,MELB_URBAN,ROAD,2,16.0
186971,8,3,174,2,1,60.0,0,I,MELB_URBAN,STREET,2,15.0
186972,2,6,99,5,1,60.0,0,N,MELB_URBAN,ROAD,1,18.0
186973,1,2,110,1,1,50.0,0,I,MELB_URBAN,STREET,2,17.0
186974,1,7,134,5,6,60.0,0,N,MELB_URBAN,ROAD,2,21.0
186975,1,2,116,2,1,80.0,0,I,MELB_URBAN,HIGHWAY,2,16.0
186976,1,2,130,5,1,60.0,0,N,MELB_URBAN,ROAD,1,16.0
186977,1,3,113,2,1,80.0,0,I,MELB_URBAN,ROAD,2,19.0
186978,1,4,130,1,1,80.0,0,I,MELB_URBAN,ROAD,1,20.0
186979,1,3,130,5,1,100.0,0,N,MELB_URBAN,FREEWAY,2,16.0
186980,1,3,99,1,1,40.0,0,I,MELB_URBAN,STREET,1,10.0
186981,1,2,121,4,1,80.0,0,I,MELB_URBAN,OTHER,2,17.0
186982,1,3,121,2,1,40.0,0,I,MELB_URBAN,STREET,2,15.0
186983,8,2,174,5,1,40.0,0,N,MELB_URBAN,ROAD,2,16.0
186984,6,3,99,5,1,100.0,0,N,RURAL_VICTORIA,ROAD,2,16.0
186985,2,2,100,2,1,50.0,0,I,MELB_URBAN,BOULEVARD,2,19.0
186986,1,3,110,1,2,50.0,0,I,MELB_URBAN,STREET,2,20.0
186987,4,2,171,2,2,50.0,0,I,MELB_URBAN,DRIVE,2,16.0
186988,1,3,110,1,1,50.0,0,I,MELB_URBAN,STREET,2,18.0
186989,4,3,99,2,3,50.0,0,I,MELB_URBAN,STREET,2,22.0
186990,1,2,147,5,2,60.0,0,N,SMALL_CITIES,DRIVE,2,6.0
186991,1,4,130,2,1,80.0,0,O,MELB_URBAN,UNKNOWN,2,7.0
186992,1,3,130,5,1,80.0,0,N,MELB_URBAN,HIGHWAY,2,7.0
186993,1,1,120,5,1,60.0,0,N,RURAL_VICTORIA,ROAD,2,10.0
186994,2,3,102,5,1,50.0,0,N,MELB_URBAN,STREET,2,9.0
186995,1,4,110,1,1,80.0,0,I,MELB_URBAN,ROAD,2,9.0
186996,1,4,99,5,1,50.0,0,N,MELB_URBAN,STREET,2,9.0
186997,1,5,113,2,1,40.0,0,I,MELB_URBAN,STREET,1,8.0
186998,1,3,121,1,1,60.0,0,I,MELB_URBAN,ROAD,2,10.0
186999,4,4,99,5,1,40.0,0,N,MELB_URBAN,UNKNOWN,2,10.0
187000,1,4,147,5,1,60.0,0,N,MELB_URBAN,ROAD,1,10.0
187001,1,6,130,5,1,100.0,0,N,MELB_URBAN,FREEWAY,12,11.0
187002,1,3,121,5,1,60.0,0,N,MELB_URBAN,ROAD,2,8.0
187003,1,3,130,5,1,80.0,0,N,MELB_URBAN,FREEWAY,2,6.0
187004,1,1,140,5,1,50.0,0,N,MELB_URBAN,AVENUE,2,8.0
187005,1,5,134,2,1,60.0,0,N,MELB_URBAN,ROAD,1,16.0
187006,4,3,183,5,1,100.0,0,N,RURAL_VICTORIA,HIGHWAY,2,7.0
187007,1,4,130,5,1,100.0,0,N,MELB_URBAN,FREEWAY,2,9.0
187008,1,7,135,5,3,80.0,0,N,MELB_URBAN,RAMP,11,5.0
187009,1,6,135,5,1,60.0,0,N,MELB_URBAN,ROAD,2,7.0
187010,1,3,116,2,2,60.0,0,I,LARGE_PROVINCIAL_CITIES,STREET,2,7.0
187011,6,2,170,5,1,100.0,0,N,RURAL_VICTORIA,HIGHWAY,2,17.0
187012,1,4,130,1,2,60.0,0,N,MELB_URBAN,ROAD,2,7.0
187013,1,2,132,2,1,60.0,0,I,SMALL_CITIES,STREET,2,18.0
187014,1,3,147,2,1,60.0,0,N,SMALL_CITIES,AVENUE,2,9.0
187015,4,4,183,5,2,50.0,0,N,MELB_URBAN,AVENUE,11,16.0
187016,8,4,174,2,1,60.0,0,N,SMALL_TOWNS,ROAD,2,12.0
187017,1,3,130,5,1,70.0,0,N,LARGE_PROVINCIAL_CITIES,ROAD,2,15.0
187018,1,6,130,5,1,80.0,0,O,MELB_URBAN,UNKNOWN,2,14.0
187019,1,3,99,5,1,60.0,0,N,MELB_URBAN,STREET,2,8.0
187020,1,3,99,5,9,110.0,0,N,TOWNS,FREEWAY,2,15.0
187021,1,3,160,5,1,50.0,0,N,SMALL_CITIES,DRIVE,2,14.0
187022,1,3,130,5,1,100.0,0,N,MELB_URBAN,FREEWAY,2,16.0
187023,8,4,174,2,1,70.0,0,I,MELB_URBAN,PARADE,2,15.0
187024,8,7,170,5,1,60.0,0,N,RURAL_VICTORIA,ROAD,1,15.0
187025,4,3,99,2,1,50.0,0,I,MELB_URBAN,AVENUE,2,16.0
187026,1,3,130,5,1,80.0,0,N,MELB_URBAN,FREEWAY,2,16.0
187027,1,0,130,2,1,80.0,0,N,SMALL_CITIES,HIGHWAY,8,17.0
187028,1,3,99,5,1,40.0,0,N,MELB_URBAN,ROAD,2,11.0
187029,2,4,99,5,1,40.0,0,O,RURAL_VICTORIA,STREET,2,10.0
187030,1,3,110,1,1,60.0,0,I,MELB_URBAN,STREET,2,14.0
187031,1,4,113,2,1,80.0,0,I,MELB_URBAN,ROAD,2,15.0
187032,1,4,121,5,1,60.0,0,N,MELB_URBAN,ROAD,2,16.0
187033,1,4,121,2,1,40.0,0,I,MELB_URBAN,STREET,2,17.0
187034,1,4,147,5,1,50.0,0,N,LARGE_PROVINCIAL_CITIES,STREET,2,18.0
187035,1,3,116,1,1,60.0,0,I,MELB_URBAN,ROAD,2,19.0
187036,8,1,184,5,1,60.0,0,N,RURAL_VICTORIA,ROAD,1,19.0
187037,1,4,113,2,1,60.0,0,I,MELB_URBAN,ROAD,2,15.0
187038,5,4,99,5,1,110.0,0,N,SMALL_CITIES,FREEWAY,2,13.0
187039,2,4,100,2,1,50.0,0,N,MELB_URBAN,OTHER,2,19.0
187040,1,4,99,1,1,40.0,0,I,MELB_URBAN,ROAD,2,17.0
187041,1,3,130,1,1,60.0,0,I,MELB_URBAN,ROAD,2,10.0
187042,8,3,99,5,1,80.0,0,N,MELB_URBAN,RAMP,2,19.0
187043,1,1,135,5,3,100.0,0,N,MELB_URBAN,ROAD,2,22.0
187044,1,4,99,1,1,60.0,0,N,MELB_URBAN,ROAD,2,18.0
187045,1,4,140,5,3,80.0,0,N,MELB_URBAN,ROAD,2,20.0
187046,1,2,110,1,3,60.0,0,N,MELB_URBAN,ROAD,1,21.0
187047,2,4,100,5,1,70.0,0,N,MELB_URBAN,ROAD,2,7.0
187048,1,6,163,1,3,40.0,0,N,MELB_URBAN,STREET,2,23.0
187049,1,3,132,5,1,60.0,0,N,MELB_URBAN,STREET,1,12.0
187050,1,3,120,5,1,50.0,0,N,MELB_URBAN,OTHER,2,12.0
187051,1,5,113,2,1,60.0,0,I,SMALL_CITIES,STREET,2,8.0
187052,1,5,99,5,1,60.0,0,N,MELB_URBAN,ROAD,2,7.0
187053,1,2,113,2,1,60.0,0,I,MELB_URBAN,ROAD,2,18.0
187054,1,5,130,1,1,80.0,0,I,RURAL_VICTORIA,DRIVE,7,13.0
187055,2,3,99,5,1,60.0,0,N,MELB_URBAN,BOULEVARD,2,8.0
187056,4,5,183,5,1,60.0,0,N,RURAL_VICTORIA,RAMP,2,10.0
187057,1,5,99,5,1,60.0,0,N,SMALL_CITIES,ROAD,2,10.0
187058,1,6,147,5,1,50.0,0,N,MELB_URBAN,STREET,2,12.0
187059,1,5,113,2,1,60.0,0,I,MELB_URBAN,ROAD,2,10.0
187060,1,3,110,1,1,60.0,0,N,MELB_URBAN,OTHER,2,19.0
187061,6,4,99,5,1,100.0,0,N,RURAL_VICTORIA,ROAD,2,14.0
187062,5,7,99,5,1,100.0,0,N,RURAL_VICTORIA,ROAD,1,11.0
187063,1,5,160,5,1,60.0,0,N,MELB_URBAN,STREET,2,17.0
187064,1,5,130,5,1,60.0,0,N,MELB_URBAN,ROAD,2,16.0
187065,1,5,99,5,1,80.0,0,N,MELB_URBAN,ROAD,2,18.0
187066,4,4,173,5,1,60.0,0,N,RURAL_VICTORIA,ROAD,2,18.0
187067,1,3,110,1,1,60.0,0,I,MELB_URBAN,ROAD,1,12.0
187068,8,5,174,2,3,40.0,0,I,MELB_URBAN,OTHER,2,21.0
187069,4,5,171,1,3,60.0,0,I,MELB_URBAN,ROAD,2,21.0
187070,1,5,110,1,3,60.0,1,N,MELB_URBAN,ROAD,2,22.0
187071,1,5,132,5,3,60.0,0,N,MELB_URBAN,ROAD,2,0.0
187072,1,5,130,5,1,60.0,0,N,RURAL_VICTORIA,ROAD,2,18.0
187073,1,3,163,5,1,40.0,0,N,MELB_URBAN,STREET,1,17.0
187074,1,6,130,5,1,100.0,0,N,MELB_URBAN,FREEWAY,2,8.0
187075,1,6,130,5,1,60.0,0,N,MELB_URBAN,ROAD,2,7.0
187076,1,6,99,1,1,50.0,0,I,LARGE_PROVINCIAL_CITIES,UNKNOWN,1,14.0
187077,1,5,121,1,1,60.0,0,N,MELB_URBAN,ROAD,2,7.0
187078,1,6,121,1,3,60.0,0,I,MELB_URBAN,STREET,2,21.0
187079,1,6,163,5,1,60.0,0,N,MELB_URBAN,ROAD,2,11.0
187080,2,5,99,5,1,40.0,0,N,RURAL_VICTORIA,ROAD,2,8.0
187081,1,5,133,5,1,60.0,0,N,MELBOURNE_CBD,STREET,2,16.0
187082,4,6,171,5,1,100.0,0,N,RURAL_VICTORIA,HIGHWAY,2,11.0
187083,1,1,132,2,1,50.0,0,I,TOWNS,STREET,2,16.0
187084,1,5,121,5,1,50.0,0,N,MELB_URBAN,ROAD,2,17.0
187085,8,3,174,5,1,50.0,0,N,MELB_URBAN,DRIVE,1,7.0
187086,1,1,160,5,1,60.0,0,N,MELB_URBAN,STREET,2,19.0
187087,1,7,130,2,9,80.0,0,I,MELB_URBAN,HIGHWAY,2,12.0
187088,6,6,174,5,1,100.0,0,N,RURAL_VICTORIA,ROAD,1,17.0
187089,1,3,99,1,1,60.0,0,I,MELB_URBAN,STREET,2,8.0
187090,1,6,121,2,1,60.0,0,I,MELB_URBAN,ROAD,2,13.0
187091,8,7,174,5,1,60.0,0,N,RURAL_VICTORIA,ROAD,2,11.0
187092,1,1,99,5,1,70.0,0,N,MELB_URBAN,ROAD,2,8.0
187093,1,6,120,5,1,80.0,0,N,RURAL_VICTORIA,ROAD,2,10.0
187094,1,6,99,5,1,60.0,0,N,MELB_URBAN,HIGHWAY,2,15.0
187095,2,6,102,5,1,40.0,0,N,MELB_URBAN,ROAD,2,15.0
187096,1,1,130,2,1,60.0,0,N,MELB_URBAN,BOULEVARD,1,16.0
187097,1,6,130,5,1,110.0,0,N,RURAL_VICTORIA,HIGHWAY,2,18.0
187098,4,5,171,5,1,40.0,0,N,LARGE_PROVINCIAL_CITIES,STREET,2,15.0
187099,1,4,121,2,5,60.0,0,I,SMALL_TOWNS,ROAD,2,22.0
187100,1,6,99,5,2,40.0,0,N,MELB_URBAN,STREET,2,19.0
187101,1,6,121,2,1,70.0,0,N,MELB_URBAN,STREET,2,15.0
187102,1,6,133,5,1,100.0,0,N,MELB_URBAN,RAMP,2,18.0
187103,1,5,135,5,1,80.0,0,N,MELB_URBAN,RAMP,1,18.0
187104,1,5,130,5,1,100.0,0,N,MELB_URBAN,ROAD,2,16.0
187105,4,6,181,5,2,100.0,0,N,RURAL_VICTORIA,HIGHWAY,2,18.0
187106,4,6,181,5,1,50.0,0,N,MELB_URBAN,OTHER,2,18.0
187107,1,5,147,5,1,60.0,0,N,MELB_URBAN,DRIVE,2,16.0
187108,1,6,171,5,3,60.0,0,N,MELB_URBAN,ROAD,2,21.0
187109,1,6,110,1,1,50.0,0,I,MELB_URBAN,AVENUE,2,16.0
187110,4,5,171,5,3,60.0,0,N,MELB_URBAN,PARADE,2,22.0
187111,1,2,130,5,5,100.0,0,N,RURAL_VICTORIA,FREEWAY,2,23.0
187112,4,5,99,5,5,100.0,0,I,RURAL_VICTORIA,ROAD,2,22.0
187113,1,5,160,5,3,40.0,0,N,MELB_URBAN,ROAD,2,23.0
187114,4,6,173,5,5,100.0,0,N,RURAL_VICTORIA,ROAD,2,1.0
187115,4,7,171,5,3,80.0,0,N,MELB_URBAN,HIGHWAY,2,2.0
187116,1,6,163,2,1,40.0,0,N,MELB_URBAN,STREET,2,9.0
187117,1,6,120,5,1,110.0,0,N,RURAL_VICTORIA,HIGHWAY,2,12.0
187118,1,7,99,2,2,60.0,0,I,MELB_URBAN,OTHER,2,7.0
187119,1,4,121,5,1,50.0,0,N,MELB_URBAN,ROAD,2,7.0
187120,6,6,184,5,1,60.0,0,N,RURAL_VICTORIA,ROAD,2,10.0
187121,1,7,110,1,1,60.0,0,I,MELB_URBAN,STREET,2,9.0
187122,1,4,140,2,1,60.0,0,I,MELB_URBAN,ROAD,2,16.0
187123,2,6,99,5,1,40.0,0,N,TOWNS,STREET,2,15.0
187124,1,4,147,5,1,50.0,0,N,MELB_URBAN,STREET,2,18.0
187125,8,7,99,5,1,100.0,0,N,RURAL_VICTORIA,ROAD,2,13.0
187126,1,7,113,2,1,80.0,0,I,MELB_URBAN,ROAD,2,12.0
187127,1,7,140,5,1,70.0,0,N,MELB_URBAN,OTHER,2,12.0
187128,1,6,121,1,1,70.0,0,N,MELB_URBAN,RAMP,2,12.0
187129,1,6,113,2,1,70.0,0,I,MELB_URBAN,ROAD,2,12.0
187130,1,6,121,2,1,60.0,0,I,SMALL_CITIES,ROAD,2,9.0
187131,1,6,120,5,1,60.0,0,N,MELB_URBAN,ROAD,2,12.0
187132,1,6,147,5,1,60.0,0,N,MELB_URBAN,STREET,2,8.0
187133,1,5,134,1,2,80.0,0,I,MELB_URBAN,OTHER,2,7.0
187134,1,6,121,1,1,60.0,0,I,RURAL_VICTORIA,ROAD,2,16.0
187135,1,6,130,2,1,70.0,0,I,MELB_URBAN,ROAD,2,8.0
187136,1,7,133,5,1,60.0,0,N,LARGE_PROVINCIAL_CITIES,HIGHWAY,2,17.0
187137,1,7,99,2,1,100.0,0,I,RURAL_VICTORIA,ROAD,2,16.0
187138,1,7,110,1,1,60.0,0,I,LARGE_PROVINCIAL_CITIES,STREET,2,15.0
187139,1,7,130,5,1,80.0,0,N,MELB_URBAN,ROAD,2,17.0
187140,4,7,181,5,1,100.0,1,N,RURAL_VICTORIA,ROAD,2,16.0
187141,4,6,171,5,2,50.0,0,N,RURAL_VICTORIA,STREET,2,18.0
187142,1,7,120,5,2,60.0,0,N,MELB_URBAN,ROAD,2,18.0
187143,4,7,181,5,1,80.0,0,N,RURAL_VICTORIA,HIGHWAY,2,14.0
187144,6,6,99,5,1,100.0,0,N,RURAL_VICTORIA,AVENUE,2,20.0
187145,1,7,130,5,3,70.0,0,N,MELB_URBAN,ROAD,2,22.0
187146,1,7,111,1,3,60.0,0,I,MELB_URBAN,STREET,2,20.0
187147,4,7,181,5,5,100.0,0,N,RURAL_VICTORIA,ROAD,2,21.0
187148,1,7,121,1,3,80.0,0,N,MELB_URBAN,ROAD,2,23.0
187149,4,7,181,5,5,100.0,0,N,RURAL_VICTORIA,ROAD,2,23.0
187150,1,7,120,5,5,70.0,0,N,MELB_URBAN,DRIVE,2,23.0
187151,1,4,110,1,1,40.0,0,I,TOWNS,STREET,2,19.0
187152,1,1,120,5,1,60.0,0,N,MELB_URBAN,RAMP,2,7.0
187153,1,2,163,5,1,60.0,0,N,MELB_URBAN,ROAD,2,11.0
187154,1,5,163,5,1,30.0,0,N,MELB_URBAN,STREET,12,16.0
187155,6,2,99,5,1,60.0,0,N,RURAL_VICTORIA,ROAD,2,15.0
187156,4,0,181,5,1,80.0,0,N,RURAL_VICTORIA,ROAD,2,11.0
187157,1,6,130,1,1,70.0,0,I,RURAL_VICTORIA,ROAD,11,9.0
187158,1,1,111,1,1,60.0,0,I,LARGE_PROVINCIAL_CITIES,STREET,12,8.0
187159,1,6,111,1,1,60.0,0,I,MELB_URBAN,PARADE,2,12.0
187160,2,1,102,5,1,50.0,0,N,SMALL_CITIES,STREET,2,14.0
187161,1,0,147,5,1,60.0,0,N,MELB_URBAN,ROAD,2,10.0
187162,4,6,183,5,1,100.0,0,N,RURAL_VICTORIA,ROAD,2,19.0
187163,4,0,147,5,1,50.0,0,N,MELB_URBAN,OTHER,2,16.0
187164,1,5,99,1,1,40.0,0,I,MELBOURNE_CBD,STREET,2,13.0
187165,1,0,130,5,1,60.0,0,N,RURAL_VICTORIA,ROAD,2,17.0
187166,8,0,174,5,1,60.0,0,N,MELB_URBAN,ROAD,2,15.0
187167,1,3,116,2,1,80.0,0,I,RURAL_VICTORIA,ROAD,1,12.0
187168,1,0,99,1,3,50.0,0,I,MELB_URBAN,STREET,2,21.0
187169,6,1,99,2,2,60.0,0,I,MELB_URBAN,ROAD,2,19.0
187170,1,0,132,2,1,60.0,0,I,MELB_URBAN,ROAD,2,17.0
187171,4,1,173,5,5,100.0,0,N,RURAL_VICTORIA,ROAD,2,21.0
187172,1,1,133,5,1,40.0,0,N,MELBOURNE_CBD,STREET,2,7.0
187173,1,1,130,5,2,100.0,0,N,MELB_URBAN,ROAD,2,6.0
187174,1,2,120,5,1,100.0,0,N,RURAL_VICTORIA,ROAD,2,7.0
187175,1,2,110,1,1,60.0,0,I,SMALL_CITIES,STREET,2,11.0
187176,1,2,160,5,1,50.0,0,N,SMALL_CITIES,STREET,2,8.0
187177,1,3,160,5,9,50.0,0,N,TOWNS,DRIVE,1,8.0
187178,1,2,110,1,1,80.0,0,I,RURAL_VICTORIA,HIGHWAY,2,6.0
187179,1,1,113,2,1,70.0,0,I,MELB_URBAN,ROAD,2,8.0
187180,8,2,174,2,1,50.0,0,I,MELB_URBAN,ROAD,2,11.0
187181,1,1,160,5,1,60.0,0,N,LARGE_PROVINCIAL_CITIES,STREET,12,11.0
187182,1,5,99,2,1,50.0,0,N,MELB_URBAN,ROAD,2,16.0
187183,1,2,134,5,1,80.0,0,N,MELB_URBAN,ROAD,2,10.0
187184,1,5,130,5,1,100.0,0,N,MELB_URBAN,FREEWAY,1,7.0
187185,1,2,113,2,1,60.0,0,I,MELB_URBAN,ROAD,2,12.0
187186,1,1,147,5,9,60.0,0,N,SMALL_CITIES,ROAD,2,12.0
187187,1,2,113,2,1,50.0,0,I,MELB_URBAN,ROAD,2,8.0
187188,1,3,130,5,1,60.0,0,N,MELB_URBAN,ROAD,1,14.0
187189,1,7,111,2,5,40.0,0,I,RURAL_VICTORIA,OTHER,2,22.0
187190,1,2,99,1,3,60.0,0,I,TOWNS,ROAD,2,6.0
187191,1,2,147,5,1,40.0,0,N,MELB_URBAN,STREET,2,13.0
187192,1,6,130,2,1,60.0,0,I,MELB_URBAN,ROAD,2,14.0
187193,2,1,99,5,1,40.0,0,N,SMALL_CITIES,ROAD,2,15.0
187194,2,7,99,5,1,60.0,0,N,MELB_URBAN,BOULEVARD,2,17.0
187195,1,3,130,5,1,60.0,0,N,MELB_URBAN,ROAD,2,16.0
187196,3,5,167,2,1,100.0,0,N,RURAL_VICTORIA,ROAD,2,11.0
187197,2,2,100,5,1,40.0,0,N,MELB_URBAN,STREET,2,18.0
187198,1,2,130,1,1,80.0,0,I,RURAL_VICTORIA,FREEWAY,1,7.0
187199,8,4,99,5,9,60.0,0,N,SMALL_CITIES,STREET,1,19.0
187200,1,2,99,1,1,60.0,0,N,MELB_URBAN,ROAD,2,17.0
187201,2,2,100,5,1,40.0,0,N,SMALL_CITIES,AVENUE,2,14.0
187202,1,2,99,5,1,40.0,0,N,TOWNS,STREET,2,15.0
187203,1,1,130,5,1,40.0,0,N,SMALL_CITIES,STREET,2,15.0
187204,1,2,147,5,1,60.0,0,N,MELB_URBAN,ROAD,2,14.0
187205,2,2,99,5,5,50.0,0,N,MELB_URBAN,OTHER,2,20.0
187206,1,5,113,2,1,60.0,0,I,MELB_URBAN,ROAD,2,14.0
187207,1,3,130,5,3,40.0,0,N,MELB_URBAN,UNKNOWN,2,1.0