,accident_type,day_of_week,dca_code,road_geometry,light_condition,speed_zone,severity,node_type,deg_urban_name,road_type,month,hour
187208,2,1,99,5,1,60.0,0,I,MELB_URBAN,ROAD,2,14.0
187209,4,6,171,2,1,70.0,0,N,MELB_URBAN,ROAD,2,8.0
187210,1,3,113,2,3,60.0,0,I,TOWNS,STREET,2,4.0
187211,1,4,135,2,2,60.0,0,N,MELB_URBAN,ROAD,2,18.0
187212,1,1,130,2,1,60.0,0,I,MELB_URBAN,ROAD,2,14.0
187213,2,3,100,5,1,50.0,0,N,MELB_URBAN,STREET,2,7.0
187214,2,7,99,5,1,40.0,0,N,MELBOURNE_CBD,OTHER,2,11.0
187215,1,2,130,5,1,60.0,0,N,MELB_URBAN,ROAD,2,8.0
187216,1,3,121,5,1,60.0,0,N,LARGE_PROVINCIAL_CITIES,ROAD,2,8.0
187217,4,3,181,5,1,100.0,0,N,RURAL_VICTORIA,ROAD,2,7.0
187218,2,4,99,5,1,60.0,0,N,TOWNS,STREET,2,9.0
187219,1,3,110,1,1,100.0,0,I,RURAL_VICTORIA,ROAD,2,7.0
187220,1,3,121,1,1,60.0,0,I,LARGE_PROVINCIAL_CITIES,STREET,2,9.0
187221,1,3,121,1,1,40.0,0,I,MELB_URBAN,ROAD,2,7.0
187222,8,1,174,5,4,80.0,0,N,RURAL_VICTORIA,ROAD,2,19.0
187223,1,4,163,5,1,50.0,0,N,SMALL_CITIES,STREET,2,13.0
187224,1,6,121,2,1,60.0,0,I,MELB_URBAN,STREET,2,14.0
187225,4,3,181,5,1,100.0,0,N,RURAL_VICTORIA,ROAD,2,7.0
187226,3,3,167,5,1,100.0,0,N,LARGE_PROVINCIAL_CITIES,ROAD,2,7.0
187227,8,3,170,3,9,50.0,0,I,TOWNS,STREET,12,7.0
187228,1,2,130,5,1,100.0,0,N,RURAL_VICTORIA,ROAD,2,7.0
187229,1,3,121,2,1,60.0,0,I,MELB_URBAN,ROAD,2,12.0
187230,1,2,121,1,1,40.0,0,I,MELB_URBAN,STREET,2,11.0
187231,1,5,99,2,2,50.0,0,N,MELB_URBAN,ROAD,2,17.0
187232,5,2,99,1,1,50.0,0,I,MELB_URBAN,ROAD,2,12.0
187233,1,2,121,2,1,70.0,0,I,MELB_URBAN,ROAD,2,13.0
187234,1,3,121,5,1,50.0,0,N,MELB_URBAN,STREET,2,13.0
187235,1,5,130,5,1,80.0,0,N,MELB_URBAN,ROAD,1,15.0
187236,6,2,99,2,1,50.0,0,I,MELB_URBAN,STREET,10,16.0
187237,4,2,173,5,1,50.0,0,N,MELB_URBAN,ROAD,2,17.0
187238,4,4,171,5,9,100.0,0,N,RURAL_VICTORIA,ROAD,1,18.0
187239,1,6,111,2,1,60.0,0,I,MELB_URBAN,ROAD,2,7.0
187240,1,2,121,2,1,60.0,0,I,MELB_URBAN,ROAD,2,8.0
187241,1,3,99,1,1,60.0,0,I,MELB_URBAN,STREET,2,15.0
187242,1,3,130,5,1,40.0,0,N,MELB_URBAN,STREET,2,14.0
187243,1,2,99,2,2,60.0,0,I,MELB_URBAN,ROAD,2,5.0
187244,1,2,134,5,1,70.0,0,N,MELB_URBAN,ROAD,2,16.0
187245,4,3,171,5,1,60.0,1,N,RURAL_VICTORIA,ROAD,2,13.0
187246,1,3,121,5,1,70.0,0,N,MELB_URBAN,ROAD,2,15.0
187247,1,2,111,1,1,80.0,0,I,TOWNS,STREET,2,16.0
187248,1,2,121,1,1,60.0,0,I,RURAL_VICTORIA,ROAD,2,14.0
187249,1,2,121,1,1,80.0,0,I,RURAL_VICTORIA,ROAD,2,18.0
187250,1,6,130,5,3,60.0,0,N,MELB_URBAN,ROAD,2,21.0
187251,1,3,130,5,1,80.0,0,N,MELB_URBAN,FREEWAY,2,17.0
187252,6,2,184,5,1,110.0,0,N,SMALL_TOWNS,FREEWAY,2,19.0
187253,1,3,110,1,2,60.0,0,I,MELB_URBAN,ROAD,2,19.0
187254,4,2,181,5,1,100.0,0,N,RURAL_VICTORIA,HIGHWAY,2,18.0
187255,1,2,130,4,1,80.0,0,N,MELB_URBAN,ROAD,2,16.0
187256,1,3,130,5,1,80.0,0,N,RURAL_VICTORIA,ROAD,2,17.0
187257,4,2,181,5,1,100.0,0,N,RURAL_VICTORIA,HIGHWAY,2,16.0
187258,8,3,174,1,1,60.0,0,I,MELB_URBAN,STREET,2,16.0
187259,1,3,110,1,3,80.0,0,I,MELB_URBAN,HIGHWAY,2,22.0
187260,1,3,99,1,1,60.0,0,N,MELB_URBAN,ROAD,2,19.0
187261,1,3,132,1,3,40.0,0,I,MELB_URBAN,STREET,2,23.0
187262,1,6,110,1,1,60.0,0,I,MELB_URBAN,STREET,2,8.0
187263,1,3,113,2,1,60.0,0,I,MELB_URBAN,BOULEVARD,2,13.0
187264,2,3,102,1,2,60.0,0,I,MELB_URBAN,ROAD,2,6.0
187265,1,7,121,2,1,60.0,0,I,MELB_URBAN,ROAD,2,10.0
187266,4,4,173,5,3,60.0,0,N,MELB_URBAN,ROAD,2,6.0
187267,1,3,121,2,1,40.0,0,I,MELB_URBAN,HIGHWAY,2,8.0
187268,8,1,174,1,1,50.0,0,N,MELB_URBAN,STREET,2,18.0
187269,6,4,99,2,1,60.0,0,N,MELB_URBAN,ROAD,2,10.0
187270,1,3,133,5,5,100.0,0,N,RURAL_VICTORIA,ROAD,2,20.0
187271,1,6,130,5,1,100.0,0,N,RURAL_VICTORIA,FREEWAY,1,13.0
187272,1,2,130,5,1,60.0,0,N,MELB_URBAN,STREET,2,16.0
187273,4,4,99,5,1,100.0,0,N,RURAL_VICTORIA,ROAD,2,12.0
187274,1,4,134,5,1,70.0,0,N,MELB_URBAN,ROAD,1,12.0
187275,1,1,113,4,1,100.0,0,I,RURAL_VICTORIA,RAMP,9,15.0
187276,1,5,99,5,1,40.0,0,N,MELB_URBAN,ROAD,1,12.0
187277,6,0,174,5,1,80.0,0,N,MELB_URBAN,ROAD,2,13.0
187278,1,4,99,5,1,60.0,0,N,MELB_URBAN,PARADE,2,7.0
187279,1,3,130,5,1,80.0,0,N,MELB_URBAN,ROAD,2,7.0
187280,6,2,184,5,2,50.0,0,N,MELB_URBAN,BOULEVARD,2,20.0
187281,4,3,171,5,1,100.0,0,N,RURAL_VICTORIA,OTHER,2,14.0
187282,6,4,99,2,1,60.0,0,N,MELB_URBAN,ROAD,2,16.0
187283,1,4,99,1,1,60.0,0,I,MELB_URBAN,ROAD,2,16.0
187284,1,3,116,1,2,60.0,0,I,MELB_URBAN,ROAD,2,5.0
187285,8,1,184,2,1,100.0,0,N,RURAL_VICTORIA,ROAD,2,13.0
187286,4,1,173,5,3,70.0,0,N,MELB_URBAN,HIGHWAY,2,2.0
187287,4,4,99,5,1,80.0,0,N,MELB_URBAN,RAMP,2,16.0
187288,4,4,171,2,3,60.0,0,I,MELB_URBAN,ROAD,2,19.0
187289,1,3,99,5,2,50.0,0,N,MELB_URBAN,STREET,2,17.0
187290,1,3,130,1,3,50.0,0,I,RURAL_VICTORIA,STREET,2,20.0
187291,1,3,130,5,3,70.0,0,N,MELB_URBAN,ROAD,2,22.0
187292,6,3,99,5,3,50.0,0,N,MELB_URBAN,STREET,2,23.0
187293,1,2,133,1,3,60.0,0,I,SMALL_CITIES,DRIVE,2,22.0
187294,4,4,171,5,3,40.0,0,N,MELB_URBAN,OTHER,2,3.0
187295,6,4,99,5,3,60.0,0,N,MELB_URBAN,STREET,2,5.0
187296,1,5,130,5,5,110.0,0,N,RURAL_VICTORIA,FREEWAY,2,5.0
187297,5,5,173,5,1,100.0,0,N,RURAL_VICTORIA,ROAD,1,16.0
187298,2,3,99,5,1,100.0,0,N,RURAL_VICTORIA,ROAD,2,16.0
187299,1,5,99,5,1,80.0,0,N,RURAL_VICTORIA,ROAD,1,5.0
187300,1,5,99,5,1,100.0,0,N,RURAL_VICTORIA,ROAD,2,7.0
187301,1,6,111,1,6,60.0,0,I,MELB_URBAN,PARADE,2,23.0
187302,1,3,121,2,1,60.0,0,I,MELB_URBAN,STREET,1,16.0
187303,1,1,111,2,1,60.0,0,I,MELB_URBAN,STREET,1,16.0
187304,1,5,121,5,1,100.0,0,N,RURAL_VICTORIA,ROAD,2,6.0
187305,1,1,116,1,1,60.0,0,I,MELB_URBAN,STREET,1,17.0
187306,4,5,171,5,1,40.0,0,N,MELB_URBAN,ROAD,2,9.0
187307,1,6,130,5,1,100.0,0,N,MELB_URBAN,FREEWAY,2,8.0
187308,4,5,99,5,1,40.0,0,N,TOWNS,STREET,2,10.0
187309,1,5,147,5,1,50.0,0,N,TOWNS,STREET,2,12.0
187310,1,2,130,5,1,60.0,0,N,MELB_URBAN,ROAD,2,16.0
187311,1,1,130,5,5,100.0,0,N,MELB_URBAN,FREEWAY,8,3.0
187312,1,4,121,1,1,60.0,0,I,MELB_URBAN,STREET,2,8.0
187313,1,4,110,1,1,60.0,0,I,SMALL_TOWNS,ROAD,2,9.0
187314,1,3,163,5,1,60.0,0,N,MELB_URBAN,AVENUE,2,17.0
187315,1,4,133,2,1,50.0,0,I,MELB_URBAN,ROAD,2,13.0
187316,1,3,130,1,1,60.0,0,I,MELB_URBAN,STREET,2,17.0
187317,1,4,113,1,1,50.0,0,I,MELB_URBAN,ROAD,2,12.0
187318,1,5,140,2,1,80.0,0,I,MELB_URBAN,OTHER,2,12.0
187319,1,3,130,5,9,100.0,0,N,MELB_URBAN,FREEWAY,2,17.0
187320,8,5,170,5,1,60.0,0,N,RURAL_VICTORIA,ROAD,2,7.0
187321,1,5,113,1,1,60.0,0,I,RURAL_VICTORIA,ROAD,2,9.0
187322,8,4,99,5,1,100.0,0,N,RURAL_VICTORIA,ROAD,2,11.0
187323,4,7,99,2,1,100.0,0,I,RURAL_VICTORIA,ROAD,2,9.0
187324,1,4,130,5,1,100.0,0,N,MELB_URBAN,ROAD,2,14.0
187325,4,0,99,1,3,60.0,0,I,LARGE_PROVINCIAL_CITIES,STREET,1,23.0
187326,1,5,116,2,1,60.0,0,N,MELB_URBAN,ROAD,2,17.0
187327,1,3,160,5,1,60.0,0,N,MELB_URBAN,ROAD,2,14.0
187328,6,3,174,2,9,50.0,0,I,MELB_URBAN,BOULEVARD,1,23.0
187329,1,5,130,5,1,40.0,0,N,MELB_URBAN,STREET,2,17.0
187330,4,5,171,5,1,110.0,0,N,RURAL_VICTORIA,HIGHWAY,2,16.0
187331,1,4,147,5,1,50.0,0,N,MELB_URBAN,OTHER,2,17.0
187332,1,5,130,5,1,60.0,0,N,LARGE_PROVINCIAL_CITIES,AVENUE,2,16.0
187333,1,4,130,5,1,60.0,0,N,MELB_URBAN,ROAD,2,17.0
187334,1,5,134,5,1,60.0,0,N,MELB_URBAN,ROAD,2,16.0
187335,1,5,110,1,1,40.0,0,I,MELB_URBAN,STREET,2,16.0
187336,1,5,99,5,2,80.0,0,N,RURAL_VICTORIA,ROAD,2,18.0
187337,8,5,184,5,1,60.0,0,N,SMALL_TOWNS,ROAD,2,18.0
187338,1,4,147,2,1,60.0,0,N,MELB_URBAN,ROAD,2,16.0
187339,1,3,130,5,3,100.0,0,N,MELB_URBAN,FREEWAY,2,21.0
187340,1,3,133,1,1,60.0,0,I,MELB_URBAN,STREET,2,17.0
187341,1,5,132,5,1,80.0,1,N,RURAL_VICTORIA,ROAD,2,12.0
187342,2,4,99,5,6,60.0,0,N,MELB_URBAN,STREET,2,4.0
187343,1,2,130,5,1,50.0,0,N,TOWNS,DRIVE,2,9.0
187344,4,5,173,5,1,60.0,0,N,MELB_URBAN,BOULEVARD,2,11.0
187345,1,5,130,5,1,60.0,0,N,MELB_URBAN,ROAD,2,16.0
187346,1,5,140,5,1,80.0,0,N,RURAL_VICTORIA,ROAD,2,16.0
187347,4,4,99,2,1,50.0,0,I,LARGE_PROVINCIAL_CITIES,OTHER,12,9.0
187348,1,5,132,5,1,60.0,0,N,RURAL_VICTORIA,HIGHWAY,2,8.0
187349,1,2,110,1,9,50.0,0,I,SMALL_CITIES,DRIVE,1,18.0
187350,1,6,130,1,1,80.0,0,I,MELB_URBAN,HIGHWAY,2,7.0
187351,4,5,183,5,1,80.0,0,N,RURAL_VICTORIA,ROAD,2,8.0
187352,1,4,121,1,1,60.0,0,I,MELBOURNE_CBD,STREET,2,8.0
187353,1,6,110,1,1,50.0,0,I,MELB_URBAN,STREET,2,8.0
187354,1,6,99,1,1,50.0,0,I,TOWNS,STREET,2,9.0
187355,1,2,130,1,1,60.0,0,I,LARGE_PROVINCIAL_CITIES,ROAD,2,11.0
187356,1,4,113,2,1,80.0,0,I,MELB_URBAN,ROAD,2,13.0
187357,1,6,130,5,1,60.0,0,N,MELB_URBAN,RAMP,2,12.0
187358,1,5,99,5,1,40.0,0,N,TOWNS,STREET,2,13.0
187359,6,6,174,2,1,60.0,0,N,MELB_URBAN,ROAD,2,11.0
187360,6,3,99,5,1,50.0,0,N,RURAL_VICTORIA,ROAD,2,13.0
187361,1,5,110,1,1,100.0,0,I,RURAL_VICTORIA,ROAD,2,13.0
187362,4,5,173,1,1,50.0,0,N,MELB_URBAN,ROAD,2,13.0
187363,1,3,121,2,1,40.0,0,I,MELB_URBAN,AVENUE,2,9.0
187364,2,5,100,5,1,40.0,0,N,MELB_URBAN,STREET,2,19.0
187365,1,5,130,2,1,80.0,0,I,MELB_URBAN,ROAD,2,15.0
187366,1,6,133,5,1,60.0,0,N,RURAL_VICTORIA,ROAD,2,14.0
187367,1,6,121,1,1,60.0,0,I,MELB_URBAN,ROAD,2,16.0
187368,1,5,99,5,1,50.0,0,N,MELB_URBAN,AVENUE,2,15.0
187369,1,5,120,5,1,80.0,0,N,RURAL_VICTORIA,ROAD,2,15.0
187370,4,6,171,5,1,50.0,0,N,MELB_URBAN,STREET,2,16.0
187371,1,6,133,5,1,80.0,0,N,MELB_URBAN,ROAD,2,15.0
187372,1,6,110,1,1,50.0,0,I,MELB_URBAN,STREET,2,15.0
187373,4,6,181,5,1,80.0,1,N,RURAL_VICTORIA,ROAD,2,10.0
187374,1,6,121,2,1,60.0,0,N,SMALL_TOWNS,ROAD,2,16.0
187375,4,6,171,5,1,100.0,0,N,RURAL_VICTORIA,ROAD,2,18.0
187376,4,5,181,5,1,60.0,0,N,RURAL_VICTORIA,OTHER,2,18.0
187377,4,5,173,1,1,80.0,0,I,RURAL_VICTORIA,ROAD,2,20.0
187378,1,6,140,1,1,80.0,0,I,MELB_URBAN,AVENUE,2,18.0
187379,2,5,102,2,3,60.0,0,N,MELB_URBAN,ROAD,2,0.0
187380,1,5,134,5,1,70.0,0,N,MELB_URBAN,ROAD,2,17.0
187381,1,5,99,5,3,60.0,0,N,MELB_URBAN,STREET,2,20.0
187382,2,5,99,5,1,40.0,0,N,MELBOURNE_CBD,STREET,2,9.0
187383,1,6,113,1,1,80.0,0,I,RURAL_VICTORIA,ROAD,2,17.0
187384,6,6,170,5,3,50.0,0,N,MELB_URBAN,STREET,2,1.0
187385,1,3,130,5,1,60.0,0,N,MELB_URBAN,RAMP,2,17.0
187386,8,7,174,5,3,60.0,0,N,MELB_URBAN,ROAD,2,4.0
187387,1,6,130,2,1,60.0,0,N,MELB_URBAN,HIGHWAY,2,7.0
187388,1,7,130,5,1,100.0,0,N,RURAL_VICTORIA,AVENUE,2,9.0
187389,1,5,140,5,3,40.0,0,N,MELB_URBAN,STREET,2,22.0
187390,1,7,121,5,1,60.0,0,N,MELB_URBAN,ROAD,2,9.0
187391,1,5,130,5,1,80.0,0,N,MELB_URBAN,RAMP,1,13.0
187392,6,7,99,5,1,80.0,0,N,RURAL_VICTORIA,ROAD,2,10.0
187393,1,7,99,2,1,40.0,0,I,MELB_URBAN,STREET,2,11.0
187394,1,7,130,5,1,80.0,0,N,MELB_URBAN,OTHER,2,10.0
187395,1,4,99,2,1,60.0,0,I,MELB_URBAN,ROAD,2,18.0
187396,1,7,99,2,1,80.0,0,I,RURAL_VICTORIA,ROAD,2,9.0
187397,8,7,174,5,1,100.0,0,N,RURAL_VICTORIA,ROAD,2,9.0
187398,2,5,99,5,1,60.0,0,N,MELB_URBAN,ROAD,2,16.0
187399,1,2,121,5,1,80.0,0,N,RURAL_VICTORIA,HIGHWAY,2,14.0
187400,1,6,130,2,1,70.0,0,O,MELB_URBAN,UNKNOWN,2,13.0
187401,6,6,174,5,1,100.0,0,N,RURAL_VICTORIA,ROAD,2,16.0
187402,4,6,173,5,1,100.0,0,N,RURAL_VICTORIA,ROAD,2,10.0
187403,1,7,130,1,1,60.0,0,I,TOWNS,HIGHWAY,2,10.0
187404,1,3,121,4,1,80.0,0,I,MELB_URBAN,RAMP,1,19.0
187405,1,7,110,1,1,40.0,0,I,SMALL_TOWNS,ROAD,2,10.0
187406,4,7,173,5,5,100.0,0,N,RURAL_VICTORIA,HIGHWAY,2,0.0
187407,4,7,171,5,5,100.0,0,N,RURAL_VICTORIA,ROAD,2,0.0
187408,6,7,174,2,1,50.0,0,N,MELB_URBAN,STREET,2,15.0
187409,6,7,99,5,1,40.0,0,N,MELB_URBAN,STREET,2,15.0
187410,1,5,99,5,1,70.0,0,N,MELB_URBAN,ROAD,2,18.0
187411,1,5,147,5,6,50.0,0,N,SMALL_CITIES,STREET,2,18.0
187412,2,4,102,2,1,40.0,0,N,MELB_URBAN,ROAD,2,19.0
187413,1,6,99,1,3,40.0,0,I,MELBOURNE_CBD,STREET,2,23.0
187414,1,7,160,5,3,50.0,0,N,MELB_URBAN,STREET,2,22.0
187415,6,7,99,5,5,100.0,0,N,RURAL_VICTORIA,ROAD,2,21.0
187416,1,5,130,5,3,60.0,0,N,RURAL_VICTORIA,DRIVE,2,21.0
187417,4,1,183,5,5,80.0,0,N,RURAL_VICTORIA,ROAD,2,0.0
187418,4,7,181,5,2,100.0,1,N,RURAL_VICTORIA,ROAD,2,20.0
187419,1,5,147,5,3,40.0,0,N,MELB_URBAN,STREET,2,23.0
187420,1,1,121,4,3,70.0,0,I,MELB_URBAN,RAMP,2,2.0
187421,4,1,173,2,3,50.0,0,I,MELB_URBAN,STREET,2,1.0
187422,4,1,181,5,2,60.0,0,N,MELB_URBAN,ROAD,2,6.0
187423,4,3,171,5,1,60.0,0,N,MELB_URBAN,ROAD,2,8.0
187424,1,1,160,5,1,60.0,0,N,MELB_URBAN,ROAD,2,8.0
187425,1,1,99,5,1,80.0,0,N,MELB_URBAN,FREEWAY,2,9.0
187426,1,6,121,2,1,60.0,0,I,SMALL_CITIES,ROAD,2,12.0
187427,4,1,171,5,1,60.0,0,O,RURAL_VICTORIA,UNKNOWN,2,7.0
187428,6,0,184,5,1,100.0,0,N,RURAL_VICTORIA,HIGHWAY,2,9.0
187429,2,1,100,1,1,60.0,0,I,MELB_URBAN,STREET,2,9.0
187430,2,6,99,5,1,50.0,0,N,MELB_URBAN,BOULEVARD,2,16.0
187431,1,6,135,5,1,60.0,0,N,MELB_URBAN,STREET,2,13.0
187432,1,4,130,5,9,60.0,0,N,MELB_URBAN,DRIVE,12,17.0
187433,1,1,110,1,1,100.0,0,I,RURAL_VICTORIA,ROAD,2,11.0
187434,1,0,130,5,1,60.0,0,N,SMALL_CITIES,STREET,2,12.0
187435,1,1,99,5,1,50.0,0,N,TOWNS,ROAD,2,13.0
187436,1,1,120,5,1,100.0,0,N,RURAL_VICTORIA,ROAD,2,12.0
187437,4,0,181,5,1,60.0,0,N,MELB_URBAN,STREET,2,15.0
187438,1,0,120,5,1,60.0,0,N,MELB_URBAN,ROAD,2,14.0
187439,1,0,99,5,1,50.0,0,N,MELB_URBAN,ROAD,2,16.0
187440,1,0,134,5,1,60.0,0,N,MELB_URBAN,PARADE,2,16.0
187441,8,1,99,5,1,80.0,0,N,RURAL_VICTORIA,ROAD,2,19.0
187442,1,1,113,2,1,50.0,0,I,MELB_URBAN,STREET,2,17.0
187443,1,1,110,1,1,60.0,0,I,SMALL_TOWNS,HIGHWAY,2,17.0
187444,6,1,99,5,1,60.0,0,N,RURAL_VICTORIA,ROAD,2,18.0
187445,4,1,171,1,3,40.0,0,I,SMALL_CITIES,STREET,2,3.0
187446,1,2,163,5,1,40.0,0,N,MELB_URBAN,STREET,2,8.0
187447,1,1,99,5,1,80.0,0,N,RURAL_VICTORIA,HIGHWAY,2,7.0
187448,1,5,99,2,1,60.0,0,N,SMALL_CITIES,ROAD,2,15.0
187449,6,2,99,5,1,100.0,0,N,RURAL_VICTORIA,ROAD,2,7.0
187450,1,6,99,2,1,50.0,0,I,MELB_URBAN,DRIVE,2,12.0
187451,8,3,99,5,1,60.0,0,N,RURAL_VICTORIA,ROAD,1,8.0
187452,1,7,130,2,1,50.0,0,I,MELB_URBAN,ROAD,11,9.0
187453,1,2,121,2,1,60.0,0,I,MELB_URBAN,ROAD,2,8.0
187454,1,0,130,1,9,50.0,0,I,TOWNS,STREET,1,17.0
187455,4,1,173,5,3,80.0,0,N,MELB_URBAN,ROAD,2,23.0
187456,1,1,116,2,1,60.0,0,I,MELB_URBAN,ROAD,2,7.0
187457,6,1,99,5,1,100.0,0,N,RURAL_VICTORIA,HIGHWAY,2,12.0
187458,1,2,110,1,1,60.0,0,I,LARGE_PROVINCIAL_CITIES,STREET,2,11.0
187459,1,1,111,2,1,80.0,0,I,SMALL_CITIES,HIGHWAY,2,12.0
187460,6,2,174,5,1,100.0,0,N,RURAL_VICTORIA,ROAD,2,13.0
187461,1,2,130,1,1,60.0,0,I,TOWNS,ROAD,2,6.0
187462,1,2,99,2,1,60.0,0,I,MELB_URBAN,STREET,2,14.0
187463,1,2,99,2,1,80.0,0,N,RURAL_VICTORIA,HIGHWAY,2,13.0
187464,1,0,130,1,3,70.0,0,N,MELB_URBAN,ROAD,2,23.0
187465,1,7,121,1,2,50.0,0,N,MELB_URBAN,STREET,2,17.0
187466,1,4,163,5,1,60.0,0,N,TOWNS,ROAD,2,12.0
187467,1,1,116,2,1,60.0,0,I,MELB_URBAN,ROAD,2,14.0
187468,1,1,130,5,1,60.0,0,N,SMALL_CITIES,AVENUE,10,13.0
187469,4,2,173,5,1,100.0,0,N,RURAL_VICTORIA,HIGHWAY,2,14.0
187470,1,3,130,5,2,70.0,0,N,SMALL_TOWNS,ROAD,2,6.0
187471,1,1,99,5,1,50.0,0,N,LARGE_PROVINCIAL_CITIES,STREET,2,16.0
187472,8,4,99,1,1,80.0,0,I,RURAL_VICTORIA,ROAD,11,16.0
187473,4,1,171,5,1,60.0,0,N,RURAL_VICTORIA,ROAD,2,18.0
187474,4,2,171,5,1,100.0,0,N,RURAL_VICTORIA,ROAD,2,15.0
187475,1,2,121,2,1,50.0,0,I,MELB_URBAN,ROAD,2,17.0
187476,1,2,99,2,1,50.0,0,I,SMALL_CITIES,STREET,2,18.0
187477,1,2,130,5,1,60.0,0,N,SMALL_CITIES,PARADE,2,18.0
187478,2,1,99,5,1,50.0,0,N,RURAL_VICTORIA,AVENUE,2,17.0
187479,1,1,132,5,2,50.0,0,N,MELB_URBAN,PARADE,2,19.0
187480,1,1,121,2,3,80.0,0,I,MELB_URBAN,ROAD,2,22.0
187481,1,7,99,1,1,60.0,0,I,MELB_URBAN,STREET,2,10.0
187482,1,2,130,2,3,70.0,0,I,MELB_URBAN,AVENUE,2,21.0
187483,1,3,160,5,1,50.0,0,N,MELB_URBAN,DRIVE,2,13.0
187484,1,3,130,1,3,80.0,0,N,MELB_URBAN,ROAD,2,5.0
187485,1,5,147,5,1,50.0,0,N,TOWNS,STREET,1,13.0
187486,5,6,99,5,6,50.0,0,N,MELB_URBAN,ROAD,2,20.0
187487,1,3,130,5,3,100.0,0,N,MELB_URBAN,FREEWAY,2,5.0
187488,1,2,121,2,1,60.0,0,I,MELB_URBAN,ROAD,2,6.0
187489,2,3,99,5,1,60.0,0,N,MELB_URBAN,ROAD,2,7.0
187490,5,2,99,5,1,60.0,0,N,MELB_URBAN,STREET,2,8.0
187491,4,2,99,5,1,80.0,0,N,MELB_URBAN,ROAD,2,6.0
187492,1,3,113,2,1,80.0,0,I,MELB_URBAN,BOULEVARD,2,8.0
187493,8,1,184,2,1,80.0,0,N,RURAL_VICTORIA,ROAD,1,11.0
187494,1,3,99,1,1,40.0,0,I,MELB_URBAN,ROAD,2,8.0
187495,1,3,121,3,1,60.0,0,I,LARGE_PROVINCIAL_CITIES,ROAD,2,10.0
187496,1,1,132,5,1,80.0,0,N,RURAL_VICTORIA,ROAD,2,8.0
187497,2,3,102,1,1,50.0,0,I,MELB_URBAN,ROAD,2,8.0
187498,6,1,99,2,1,60.0,0,N,RURAL_VICTORIA,OTHER,2,9.0
187499,1,3,130,5,1,60.0,0,N,SMALL_CITIES,STREET,2,13.0
187500,6,0,184,5,9,60.0,0,N,RURAL_VICTORIA,ROAD,2,9.0
187501,1,2,160,5,1,50.0,0,N,MELB_URBAN,ROAD,2,12.0
187502,1,2,140,5,1,60.0,0,N,MELB_URBAN,ROAD,2,12.0
187503,1,3,147,5,1,50.0,0,N,MELB_URBAN,STREET,2,13.0
187504,5,1,99,5,1,80.0,0,N,RURAL_VICTORIA,ROAD,10,17.0
187505,1,2,130,5,1,60.0,0,N,LARGE_PROVINCIAL_CITIES,OTHER,2,13.0
187506,1,2,130,5,1,70.0,0,N,RURAL_VICTORIA,ROAD,2,11.0
187507,4,3,171,5,1,80.0,0,N,TOWNS,ROAD,2,13.0
187508,1,2,163,5,1,60.0,0,N,MELB_URBAN,ROAD,2,6.0
187509,1,3,147,5,1,50.0,0,N,MELB_URBAN,ROAD,2,14.0
187510,2,1,100,5,1,50.0,0,N,RURAL_VICTORIA,PARADE,1,16.0
187511,1,4,130,1,1,60.0,0,I,MELB_URBAN,STREET,2,14.0
187512,1,3,120,5,1,60.0,1,N,MELB_URBAN,ROAD,2,9.0
187513,1,2,99,2,1,50.0,0,I,MELB_URBAN,STREET,2,15.0
187514,1,3,130,2,1,60.0,0,I,MELB_URBAN,ROAD,2,15.0
187515,1,3,99,1,1,50.0,0,I,SMALL_CITIES,STREET,2,17.0
187516,1,3,110,1,1,80.0,0,I,MELB_URBAN,ROAD,2,16.0
187517,1,5,130,1,1,50.0,0,N,LARGE_PROVINCIAL_CITIES,ROAD,12,11.0
187518,1,3,163,5,1,60.0,0,N,MELB_URBAN,STREET,2,18.0
187519,1,1,99,1,1,80.0,0,I,RURAL_VICTORIA,ROAD,2,15.0
187520,1,2,130,5,1,80.0,0,N,MELB_URBAN,FREEWAY,2,18.0
187521,4,3,181,5,1,50.0,0,N,MELB_URBAN,ROAD,2,17.0
187522,1,5,130,5,1,40.0,0,N,MELBOURNE_CBD,STREET,2,16.0
187523,2,3,100,5,1,60.0,0,N,MELB_URBAN,ROAD,2,18.0
187524,1,3,135,2,1,60.0,0,N,MELB_URBAN,ROAD,2,17.0
187525,1,3,130,5,1,50.0,0,N,MELB_URBAN,ROAD,2,16.0
187526,1,3,171,5,2,40.0,0,N,MELB_URBAN,STREET,2,19.0
187527,8,3,174,5,9,60.0,0,N,MELB_URBAN,OTHER,1,18.0
187528,1,3,140,2,1,60.0,0,I,MELB_URBAN,STREET,2,17.0
187529,1,3,130,1,1,70.0,0,I,MELB_URBAN,ROAD,2,18.0
187530,1,2,121,2,1,60.0,0,N,SMALL_CITIES,STREET,2,19.0
187531,1,2,99,5,1,60.0,0,N,MELB_URBAN,ROAD,2,18.0
187532,1,1,140,5,1,60.0,0,N,TOWNS,STREET,2,15.0
187533,1,2,99,2,1,50.0,0,I,LARGE_PROVINCIAL_CITIES,STREET,2,9.0
187534,1,2,130,5,3,80.0,0,N,MELB_URBAN,FREEWAY,2,20.0
187535,1,2,99,5,3,70.0,0,N,MELB_URBAN,ROAD,2,21.0