,accident_type,day_of_week,dca_code,road_geometry,light_condition,speed_zone,severity,node_type,deg_urban_name,road_type,month,hour
187536,1,3,121,1,1,60.0,0,O,MELB_URBAN,UNKNOWN,2,17.0
187537,4,3,99,5,3,60.0,0,N,MELB_URBAN,ROAD,2,21.0
187538,6,1,184,5,5,80.0,0,N,MELB_URBAN,ROAD,2,6.0
187539,1,3,135,5,1,100.0,0,N,MELB_URBAN,FREEWAY,4,9.0
187540,1,4,160,5,1,50.0,0,N,LARGE_PROVINCIAL_CITIES,STREET,2,8.0
187541,1,4,160,5,1,100.0,0,N,RURAL_VICTORIA,ROAD,2,7.0
187542,2,3,99,5,5,100.0,0,N,RURAL_VICTORIA,ROAD,2,22.0
187543,1,4,130,5,1,60.0,0,N,MELB_URBAN,HIGHWAY,2,10.0
187544,1,4,110,1,1,80.0,0,I,RURAL_VICTORIA,ROAD,2,8.0
187545,1,4,116,2,1,60.0,0,I,MELB_URBAN,ROAD,2,9.0
187546,1,6,113,2,3,50.0,0,I,LARGE_PROVINCIAL_CITIES,STREET,1,23.0
187547,1,2,130,5,1,80.0,0,N,MELB_URBAN,ROAD,2,14.0
187548,6,6,174,5,1,60.0,0,N,RURAL_VICTORIA,ROAD,2,15.0
187549,1,4,99,1,1,40.0,0,I,MELB_URBAN,STREET,2,8.0
187550,2,4,100,5,1,60.0,0,N,MELB_URBAN,ROAD,2,7.0
187551,1,3,130,5,1,100.0,0,N,MELB_URBAN,FREEWAY,2,16.0
187552,1,3,121,1,1,60.0,0,I,SMALL_CITIES,ROAD,2,11.0
187553,1,4,160,2,1,50.0,0,N,MELB_URBAN,STREET,2,8.0
187554,1,3,99,2,1,60.0,0,I,MELB_URBAN,STREET,2,14.0
187555,1,4,130,1,1,60.0,0,N,MELB_URBAN,ROAD,2,12.0
187556,1,1,99,1,1,100.0,0,I,RURAL_VICTORIA,ROAD,2,11.0
187557,1,4,121,5,1,60.0,0,N,MELB_URBAN,ROAD,2,12.0
187558,2,1,99,5,1,50.0,0,N,MELB_URBAN,STREET,2,14.0
187559,1,3,110,1,1,50.0,0,I,MELB_URBAN,ROAD,2,14.0
187560,1,2,99,2,1,70.0,0,I,MELB_URBAN,ROAD,2,9.0
187561,1,3,116,1,1,60.0,0,I,MELB_URBAN,ROAD,2,14.0
187562,2,3,99,5,1,40.0,0,N,MELB_URBAN,ROAD,2,12.0
187563,1,4,120,1,1,60.0,0,N,MELB_URBAN,ROAD,2,16.0
187564,1,3,134,5,1,40.0,0,N,MELBOURNE_CBD,STREET,2,11.0
187565,2,1,99,5,1,60.0,0,N,MELB_URBAN,STREET,2,10.0
187566,1,6,130,1,1,60.0,0,I,MELB_URBAN,ROAD,2,14.0
187567,4,4,181,5,1,100.0,0,N,RURAL_VICTORIA,HIGHWAY,2,14.0
187568,2,4,99,5,1,60.0,1,N,RURAL_VICTORIA,OTHER,2,14.0
187569,1,3,116,2,1,80.0,0,I,RURAL_VICTORIA,ROAD,2,15.0
187570,1,4,133,5,1,60.0,0,N,MELB_URBAN,ROAD,2,15.0
187571,2,3,99,5,1,50.0,0,N,MELB_URBAN,OTHER,2,7.0
187572,1,5,99,5,1,50.0,0,N,MELB_URBAN,ROAD,2,13.0
187573,1,3,134,5,1,50.0,0,N,MELB_URBAN,DRIVE,2,15.0
187574,1,4,130,5,1,80.0,0,N,MELB_URBAN,ROAD,2,16.0
187575,1,4,116,2,1,60.0,0,I,MELB_URBAN,ROAD,2,8.0
187576,1,3,99,1,1,70.0,0,N,MELB_URBAN,ROAD,2,16.0
187577,2,7,99,5,1,50.0,0,N,MELB_URBAN,STREET,2,9.0
187578,8,2,174,5,3,80.0,0,N,MELB_URBAN,ROAD,10,23.0
187579,1,3,140,5,1,40.0,0,N,MELB_URBAN,HIGHWAY,2,15.0
187580,1,3,147,5,1,60.0,0,N,MELB_URBAN,ROAD,1,7.0
187581,1,4,113,2,2,40.0,0,I,MELB_URBAN,ROAD,2,19.0
187582,1,1,130,5,3,80.0,0,N,TOWNS,HIGHWAY,2,22.0
187583,1,4,113,2,1,60.0,0,I,MELB_URBAN,OTHER,2,15.0
187584,1,4,110,1,3,60.0,0,N,MELB_URBAN,ROAD,2,22.0
187585,1,4,99,5,1,50.0,0,N,MELB_URBAN,STREET,2,14.0
187586,1,4,121,1,3,80.0,0,I,MELB_URBAN,ROAD,2,23.0
187587,1,3,121,1,3,60.0,0,I,MELB_URBAN,ROAD,2,22.0
187588,1,3,160,5,3,40.0,0,N,MELB_URBAN,STREET,2,22.0
187589,1,1,110,1,2,50.0,0,I,MELB_URBAN,ROAD,2,6.0
187590,1,1,121,2,1,80.0,0,I,MELB_URBAN,ROAD,1,10.0
187591,1,3,130,3,1,100.0,0,N,MELB_URBAN,FREEWAY,1,15.0
187592,1,4,135,5,1,60.0,0,N,MELB_URBAN,ROAD,2,8.0
187593,6,3,170,5,5,60.0,0,N,TOWNS,ROAD,2,21.0
187594,1,5,99,5,1,60.0,0,N,LARGE_PROVINCIAL_CITIES,STREET,2,10.0
187595,1,6,99,5,1,60.0,0,N,MELB_URBAN,ROAD,9,11.0
187596,6,2,184,5,1,50.0,0,N,MELB_URBAN,DRIVE,12,17.0
187597,1,4,130,5,1,80.0,0,N,MELB_URBAN,FREEWAY,11,16.0
187598,1,7,130,5,1,40.0,0,N,MELB_URBAN,STREET,1,16.0
187599,4,4,181,5,1,60.0,0,N,MELB_URBAN,BOULEVARD,2,12.0
187600,1,4,99,5,6,60.0,0,N,MELB_URBAN,AVENUE,2,6.0
187601,1,5,110,1,1,80.0,0,I,RURAL_VICTORIA,ROAD,2,10.0
187602,6,5,174,2,2,60.0,0,N,RURAL_VICTORIA,DRIVE,2,8.0
187603,4,4,173,5,1,60.0,0,N,RURAL_VICTORIA,ROAD,1,6.0
187604,1,5,113,1,1,70.0,0,I,MELB_URBAN,ROAD,12,9.0
187605,1,5,147,5,1,60.0,0,N,MELB_URBAN,ROAD,2,9.0
187606,6,5,184,5,1,60.0,0,I,RURAL_VICTORIA,OTHER,2,9.0
187607,2,5,100,1,2,40.0,0,I,MELBOURNE_CBD,STREET,2,6.0
187608,4,5,171,5,1,50.0,0,N,MELB_URBAN,AVENUE,2,12.0
187609,4,4,130,5,1,80.0,0,N,MELB_URBAN,ROAD,2,12.0
187610,9,0,99,5,1,60.0,0,N,RURAL_VICTORIA,ROAD,11,17.0
187611,1,6,113,2,1,70.0,0,I,MELB_URBAN,ROAD,2,17.0
187612,1,5,130,5,1,100.0,0,N,MELB_URBAN,FREEWAY,2,14.0
187613,1,3,99,5,1,60.0,0,N,MELB_URBAN,ROAD,2,17.0
187614,1,5,130,1,1,60.0,0,N,MELB_URBAN,ROAD,2,18.0
187615,1,5,99,5,1,60.0,0,N,MELB_URBAN,DRIVE,2,17.0
187616,1,5,147,4,1,50.0,0,I,MELB_URBAN,ROAD,2,15.0
187617,1,5,132,2,1,60.0,0,I,MELB_URBAN,STREET,2,16.0
187618,1,4,121,2,1,40.0,0,I,MELB_URBAN,ROAD,2,17.0
187619,4,5,183,5,1,80.0,0,N,MELB_URBAN,ROAD,2,18.0
187620,1,3,130,5,1,80.0,0,N,MELB_URBAN,ROAD,2,9.0
187621,1,4,121,1,1,70.0,0,I,MELB_URBAN,ROAD,2,17.0
187622,1,5,110,1,1,100.0,1,N,RURAL_VICTORIA,ROAD,2,14.0
187623,1,5,116,2,1,60.0,0,I,MELB_URBAN,PARADE,2,17.0
187624,8,1,174,2,1,60.0,0,I,MELB_URBAN,OTHER,12,14.0
187625,1,4,133,1,1,40.0,0,N,MELB_URBAN,STREET,2,17.0
187626,1,1,116,2,1,50.0,0,N,MELB_URBAN,DRIVE,2,18.0
187627,6,7,174,5,2,60.0,0,N,MELB_URBAN,ROAD,2,6.0
187628,2,5,99,5,1,50.0,0,N,MELB_URBAN,STREET,2,15.0
187629,4,5,181,5,1,60.0,0,N,RURAL_VICTORIA,ROAD,2,16.0
187630,1,4,110,1,1,50.0,0,I,SMALL_CITIES,STREET,2,18.0
187631,2,5,100,1,3,40.0,0,I,MELBOURNE_CBD,STREET,2,22.0
187632,1,5,99,5,3,80.0,0,N,MELB_URBAN,FREEWAY,2,22.0
187633,1,5,110,1,1,50.0,0,I,MELB_URBAN,ROAD,2,17.0
187634,1,4,99,2,9,60.0,0,I,MELB_URBAN,ROAD,2,14.0
187635,1,4,99,1,2,60.0,0,I,MELB_URBAN,BOULEVARD,1,18.0
187636,1,6,147,5,1,60.0,0,N,MELB_URBAN,STREET,2,10.0
187637,1,6,121,1,3,70.0,0,I,MELB_URBAN,ROAD,2,5.0
187638,1,4,130,2,1,80.0,0,N,MELB_URBAN,ROAD,2,16.0
187639,1,4,140,5,1,50.0,0,N,SMALL_CITIES,STREET,2,10.0
187640,1,6,99,1,1,40.0,0,I,RURAL_VICTORIA,AVENUE,2,7.0
187641,1,5,110,1,1,70.0,0,I,MELB_URBAN,ROAD,2,8.0
187642,1,1,121,1,1,70.0,0,N,MELB_URBAN,ROAD,1,8.0
187643,1,5,99,5,1,50.0,0,N,TOWNS,STREET,2,9.0
187644,1,5,99,2,9,50.0,0,I,MELB_URBAN,ROAD,2,10.0
187645,4,5,173,2,1,60.0,0,I,MELB_URBAN,STREET,2,8.0
187646,1,5,121,1,1,60.0,0,I,SMALL_CITIES,STREET,2,9.0
187647,2,5,99,5,1,60.0,0,N,SMALL_TOWNS,STREET,2,10.0
187648,1,6,130,5,1,100.0,0,N,RURAL_VICTORIA,ROAD,2,8.0
187649,1,6,130,5,1,60.0,0,N,MELB_URBAN,ROAD,2,8.0
187650,2,5,102,1,1,60.0,0,N,MELB_URBAN,ROAD,2,6.0
187651,1,5,111,2,1,40.0,0,I,MELB_URBAN,ROAD,2,8.0
187652,1,5,130,5,1,70.0,0,N,MELB_URBAN,ROAD,2,10.0
187653,1,6,110,1,1,100.0,0,I,RURAL_VICTORIA,HIGHWAY,2,11.0
187654,1,6,99,1,1,70.0,0,I,MELB_URBAN,HIGHWAY,2,8.0
187655,1,5,130,1,1,40.0,0,I,MELB_URBAN,RAMP,2,7.0
187656,1,5,160,2,1,50.0,0,N,MELB_URBAN,ROAD,2,7.0
187657,1,4,99,2,1,60.0,0,I,MELB_URBAN,ROAD,2,17.0
187658,1,5,135,5,1,100.0,0,N,MELB_URBAN,ROAD,2,9.0
187659,2,0,99,5,5,60.0,0,O,RURAL_VICTORIA,UNKNOWN,6,19.0
187660,1,3,147,5,1,50.0,0,N,LARGE_PROVINCIAL_CITIES,STREET,2,11.0
187661,1,5,130,5,1,100.0,0,N,MELB_URBAN,FREEWAY,2,13.0
187662,1,5,130,5,1,70.0,0,N,MELB_URBAN,ROAD,2,12.0
187663,5,5,99,5,1,60.0,0,N,RURAL_VICTORIA,ROAD,2,16.0
187664,1,6,147,5,1,60.0,0,N,MELB_URBAN,ROAD,2,14.0
187665,1,6,99,2,1,60.0,0,I,MELB_URBAN,ROAD,2,13.0
187666,1,6,110,4,1,50.0,0,I,RURAL_VICTORIA,STREET,2,14.0
187667,1,5,130,2,1,60.0,0,I,MELB_URBAN,ROAD,2,18.0
187668,1,5,160,5,1,40.0,0,N,TOWNS,STREET,2,15.0
187669,1,6,130,5,1,80.0,0,N,MELB_URBAN,UNKNOWN,2,14.0
187670,2,6,99,5,1,50.0,0,N,MELB_URBAN,ROAD,2,12.0
187671,1,6,110,1,1,100.0,0,I,RURAL_VICTORIA,ROAD,2,15.0
187672,1,6,110,1,1,40.0,0,I,SMALL_CITIES,ROAD,2,15.0
187673,1,6,121,1,1,80.0,0,I,MELB_URBAN,ROAD,2,14.0
187674,1,5,110,1,1,60.0,0,I,LARGE_PROVINCIAL_CITIES,AVENUE,2,14.0
187675,1,6,134,2,1,60.0,0,N,SMALL_CITIES,ROAD,2,15.0
187676,1,5,135,5,1,40.0,0,N,MELB_URBAN,STREET,2,17.0
187677,6,5,174,5,1,60.0,0,N,RURAL_VICTORIA,ROAD,2,17.0
187678,6,5,184,2,1,80.0,0,I,RURAL_VICTORIA,ROAD,2,14.0
187679,1,5,135,5,1,80.0,0,N,MELB_URBAN,ROAD,2,17.0
187680,1,6,130,5,1,80.0,0,N,MELB_URBAN,ROAD,2,18.0
187681,4,5,183,5,1,60.0,0,N,RURAL_VICTORIA,ROAD,2,15.0
187682,1,5,110,1,1,50.0,0,I,LARGE_PROVINCIAL_CITIES,STREET,2,15.0
187683,1,6,160,5,1,80.0,0,N,MELB_URBAN,HIGHWAY,2,18.0
187684,1,5,133,5,1,60.0,0,N,LARGE_PROVINCIAL_CITIES,ROAD,2,16.0
187685,1,6,130,1,1,80.0,0,N,MELB_URBAN,HIGHWAY,2,17.0
187686,2,6,102,1,5,50.0,0,I,TOWNS,ROAD,2,22.0
187687,1,5,140,5,5,100.0,0,N,RURAL_VICTORIA,FREEWAY,2,21.0
187688,1,6,111,1,3,80.0,0,N,MELB_URBAN,HIGHWAY,2,22.0
187689,2,6,100,5,1,40.0,0,N,MELB_URBAN,BOULEVARD,2,16.0
187690,1,5,120,5,5,60.0,0,N,MELB_URBAN,ROAD,2,20.0
187691,1,5,110,1,1,50.0,0,I,TOWNS,STREET,5,8.0
187692,1,6,121,2,1,60.0,1,I,MELB_URBAN,ROAD,2,18.0
187693,1,5,113,2,1,50.0,0,I,MELB_URBAN,ROAD,2,17.0
187694,1,6,113,2,3,60.0,0,I,MELB_URBAN,ROAD,3,0.0
187695,1,5,113,2,2,70.0,0,I,MELB_URBAN,ROAD,2,20.0
187696,2,6,99,5,3,60.0,1,N,MELB_URBAN,UNKNOWN,2,21.0
187697,4,7,99,5,3,100.0,0,N,MELB_URBAN,ROAD,3,0.0
187698,4,6,181,5,3,60.0,0,N,MELB_URBAN,ROAD,3,4.0
187699,1,7,99,5,1,60.0,0,N,MELB_URBAN,STREET,3,7.0
187700,1,7,121,2,1,80.0,0,N,MELB_URBAN,HIGHWAY,3,8.0
187701,6,6,174,5,5,100.0,0,N,RURAL_VICTORIA,ROAD,3,0.0
187702,1,7,130,5,1,60.0,0,N,SMALL_CITIES,STREET,3,9.0
187703,8,5,174,1,2,60.0,0,I,LARGE_PROVINCIAL_CITIES,STREET,2,19.0
187704,2,6,99,5,1,60.0,0,N,MELB_URBAN,STREET,3,10.0
187705,1,6,99,1,1,60.0,0,I,MELB_URBAN,ROAD,3,7.0
187706,1,7,140,2,1,100.0,0,I,RURAL_VICTORIA,ROAD,3,9.0
187707,1,3,111,2,1,60.0,0,I,RURAL_VICTORIA,ROAD,2,7.0
187708,5,7,99,5,1,100.0,0,N,RURAL_VICTORIA,ROAD,3,9.0
187709,1,4,130,5,1,50.0,0,N,MELB_URBAN,ROAD,2,9.0
187710,1,7,121,4,1,60.0,0,I,MELB_URBAN,ROAD,3,9.0
187711,1,4,130,2,3,60.0,0,N,MELB_URBAN,ROAD,2,3.0
187712,2,5,100,5,1,60.0,0,N,MELB_URBAN,ROAD,2,17.0
187713,1,7,147,5,1,40.0,0,N,MELB_URBAN,OTHER,3,13.0
187714,8,1,184,5,9,60.0,0,N,RURAL_VICTORIA,OTHER,2,9.0
187715,1,6,99,1,1,50.0,0,I,MELB_URBAN,ROAD,2,18.0
187716,1,7,113,2,1,70.0,0,I,MELB_URBAN,ROAD,3,13.0
187717,1,3,111,2,1,60.0,0,I,MELB_URBAN,STREET,2,9.0
187718,1,7,110,1,1,80.0,0,I,MELB_URBAN,ROAD,3,14.0
187719,1,7,121,2,1,60.0,0,I,MELB_URBAN,ROAD,3,13.0
187720,1,7,99,2,1,60.0,0,I,MELB_URBAN,DRIVE,3,14.0
187721,1,7,120,5,1,60.0,0,N,LARGE_PROVINCIAL_CITIES,ROAD,3,14.0
187722,4,7,171,1,1,100.0,1,I,RURAL_VICTORIA,ROAD,3,14.0
187723,2,7,100,5,1,40.0,0,N,MELB_URBAN,STREET,3,19.0
187724,1,7,113,2,1,50.0,0,I,MELB_URBAN,ROAD,3,18.0
187725,1,7,99,2,1,60.0,0,I,MELB_URBAN,ROAD,3,18.0
187726,2,7,102,1,3,40.0,0,I,MELB_URBAN,ROAD,3,20.0
187727,1,6,113,1,1,60.0,0,I,MELB_URBAN,ROAD,3,16.0
187728,4,7,173,5,1,70.0,0,N,MELB_URBAN,ROAD,3,17.0
187729,1,7,99,5,3,60.0,0,N,MELB_URBAN,STREET,3,20.0
187730,1,4,130,1,1,60.0,0,I,MELB_URBAN,ROAD,2,14.0
187731,8,7,99,5,2,80.0,0,N,RURAL_VICTORIA,ROAD,3,20.0
187732,1,7,113,2,1,50.0,0,I,SMALL_CITIES,AVENUE,3,19.0
187733,4,7,183,5,2,100.0,0,N,RURAL_VICTORIA,ROAD,3,19.0
187734,1,6,99,1,1,30.0,0,I,MELB_URBAN,STREET,3,17.0
187735,1,7,120,2,3,60.0,0,I,MELB_URBAN,ROAD,3,22.0
187736,1,7,134,5,2,100.0,0,N,MELB_URBAN,FREEWAY,3,17.0
187737,1,6,99,1,1,60.0,0,O,MELB_URBAN,UNKNOWN,3,17.0
187738,1,7,110,1,3,80.0,0,I,MELB_URBAN,ROAD,3,21.0
187739,1,7,110,1,6,60.0,0,I,MELB_URBAN,STREET,3,20.0
187740,1,7,130,5,5,100.0,0,N,RURAL_VICTORIA,FREEWAY,3,20.0
187741,4,6,171,5,3,60.0,0,N,RURAL_VICTORIA,ROAD,3,21.0
187742,4,7,171,2,5,100.0,0,I,RURAL_VICTORIA,ROAD,3,22.0
187743,1,0,130,5,3,60.0,0,N,MELB_URBAN,ROAD,3,0.0
187744,1,1,130,1,3,60.0,0,I,MELB_URBAN,ROAD,3,1.0
187745,4,1,181,5,3,60.0,0,N,MELB_URBAN,STREET,3,1.0
187746,8,1,184,5,5,100.0,0,N,RURAL_VICTORIA,HIGHWAY,3,5.0
187747,8,2,170,5,3,40.0,0,N,MELB_URBAN,STREET,2,22.0
187748,1,6,130,5,1,40.0,0,N,MELB_URBAN,STREET,2,15.0
187749,1,2,110,1,1,50.0,0,I,MELB_URBAN,STREET,2,16.0
187750,1,3,99,1,3,50.0,0,I,MELB_URBAN,STREET,2,21.0
187751,1,5,130,5,1,70.0,0,N,RURAL_VICTORIA,ROAD,2,15.0
187752,8,0,174,5,1,110.0,0,N,RURAL_VICTORIA,FREEWAY,3,8.0
187753,2,1,99,1,1,60.0,0,I,MELB_URBAN,ROAD,3,12.0
187754,1,0,132,2,1,70.0,0,I,MELB_URBAN,ROAD,3,13.0
187755,4,0,181,5,1,80.0,0,N,RURAL_VICTORIA,ROAD,3,10.0
187756,8,1,170,2,9,80.0,0,I,RURAL_VICTORIA,ROAD,3,9.0
187757,5,1,181,5,1,60.0,0,N,MELB_URBAN,ROAD,3,13.0
187758,1,0,120,5,1,60.0,0,N,MELB_URBAN,ROAD,3,13.0
187759,4,1,181,5,1,70.0,1,N,RURAL_VICTORIA,ROAD,3,11.0
187760,1,1,135,2,1,80.0,0,N,MELB_URBAN,ROAD,3,14.0
187761,1,6,121,2,1,60.0,0,I,MELB_URBAN,STREET,3,12.0
187762,4,0,171,5,1,100.0,0,N,RURAL_VICTORIA,ROAD,3,14.0
187763,4,1,173,5,1,100.0,0,N,RURAL_VICTORIA,ROAD,3,14.0
187764,1,0,130,5,1,60.0,0,N,MELB_URBAN,PARADE,3,14.0
187765,1,0,110,1,1,50.0,0,I,MELB_URBAN,STREET,3,16.0
187766,4,1,181,5,1,100.0,0,N,RURAL_VICTORIA,ROAD,3,11.0
187767,4,5,173,5,1,100.0,0,N,RURAL_VICTORIA,HIGHWAY,11,17.0
187768,2,1,99,5,1,100.0,1,N,TOWNS,STREET,3,15.0
187769,1,1,130,5,1,60.0,0,N,MELB_URBAN,ROAD,3,16.0
187770,2,0,102,5,2,40.0,0,N,MELB_URBAN,STREET,3,20.0
187771,1,7,133,5,1,100.0,0,N,RURAL_VICTORIA,FREEWAY,3,16.0
187772,2,0,99,5,3,50.0,0,N,MELB_URBAN,OTHER,3,20.0
187773,1,1,130,5,1,80.0,0,N,MELB_URBAN,HIGHWAY,3,16.0
187774,1,0,130,5,3,40.0,0,N,MELB_URBAN,STREET,3,21.0
187775,1,1,130,5,5,70.0,0,N,RURAL_VICTORIA,ROAD,3,23.0
187776,1,6,113,2,1,50.0,0,I,MELB_URBAN,PARADE,2,11.0
187777,1,1,130,5,1,100.0,0,N,RURAL_VICTORIA,FREEWAY,3,6.0
187778,4,0,183,5,3,60.0,0,N,MELB_URBAN,RAMP,3,22.0
187779,6,0,170,5,2,100.0,0,N,RURAL_VICTORIA,ROAD,3,19.0
187780,3,0,167,5,1,100.0,0,O,RURAL_VICTORIA,ROAD,2,20.0
187781,7,2,99,5,1,60.0,0,N,SMALL_CITIES,ROAD,3,7.0
187782,1,2,130,5,1,100.0,0,N,MELB_URBAN,FREEWAY,3,7.0
187783,1,3,99,2,1,60.0,0,N,RURAL_VICTORIA,DRIVE,2,8.0
187784,6,1,184,5,1,100.0,0,N,RURAL_VICTORIA,ROAD,3,10.0
187785,1,1,130,5,1,60.0,0,N,MELB_URBAN,STREET,2,11.0
187786,1,2,113,2,1,80.0,0,I,MELB_URBAN,HIGHWAY,3,8.0
187787,4,1,173,5,3,60.0,0,N,MELB_URBAN,ROAD,3,5.0
187788,6,1,174,2,1,60.0,0,I,TOWNS,ROAD,3,9.0
187789,1,2,116,2,1,80.0,0,I,MELB_URBAN,OTHER,3,7.0
187790,1,1,99,2,1,40.0,0,I,MELB_URBAN,STREET,3,6.0
187791,1,0,113,2,1,80.0,0,I,RURAL_VICTORIA,ROAD,2,16.0
187792,1,1,99,2,1,60.0,0,I,MELB_URBAN,ROAD,3,10.0
187793,1,2,110,1,1,50.0,0,I,LARGE_PROVINCIAL_CITIES,AVENUE,3,11.0
187794,1,2,99,5,1,60.0,0,N,MELB_URBAN,ROAD,3,9.0
187795,1,2,99,5,1,60.0,0,N,MELB_URBAN,ROAD,3,6.0
187796,1,2,121,1,1,60.0,0,I,MELB_URBAN,ROAD,3,10.0
187797,1,4,130,1,1,80.0,0,I,RURAL_VICTORIA,ROAD,2,15.0
187798,1,2,160,5,1,60.0,0,N,SMALL_CITIES,STREET,3,10.0
187799,1,2,171,5,1,50.0,0,N,LARGE_PROVINCIAL_CITIES,STREET,3,11.0
187800,1,2,132,1,1,50.0,0,N,SMALL_TOWNS,STREET,3,8.0
187801,1,1,99,1,1,60.0,0,I,MELB_URBAN,STREET,3,10.0
187802,6,2,170,2,1,100.0,0,N,RURAL_VICTORIA,HIGHWAY,3,11.0
187803,1,7,130,5,1,100.0,0,N,SMALL_TOWNS,FREEWAY,3,9.0
187804,1,2,113,2,1,60.0,0,I,MELB_URBAN,ROAD,3,8.0
187805,1,2,130,1,1,60.0,0,N,MELB_URBAN,ROAD,1,11.0
187806,1,2,121,4,1,80.0,0,I,MELB_URBAN,ROAD,3,12.0
187807,4,0,99,5,1,60.0,0,N,RURAL_VICTORIA,OTHER,3,15.0
187808,1,1,113,2,1,60.0,0,I,MELB_URBAN,ROAD,3,14.0
187809,1,1,120,5,1,50.0,0,N,MELB_URBAN,ROAD,3,7.0
187810,2,3,100,5,1,60.0,0,N,MELB_URBAN,ROAD,2,7.0
187811,1,2,99,5,1,50.0,0,N,SMALL_TOWNS,STREET,3,15.0
187812,5,2,99,5,1,100.0,0,N,RURAL_VICTORIA,OTHER,3,10.0
187813,8,2,184,5,1,60.0,0,N,RURAL_VICTORIA,UNKNOWN,3,17.0
187814,1,2,134,3,6,60.0,0,I,MELB_URBAN,PARADE,2,20.0
187815,1,1,110,1,1,60.0,0,I,TOWNS,ROAD,3,16.0
187816,1,2,113,2,1,80.0,0,I,MELB_URBAN,ROAD,3,18.0
187817,1,1,121,2,1,70.0,0,I,MELB_URBAN,ROAD,3,14.0
187818,1,1,130,5,1,80.0,0,N,MELB_URBAN,ROAD,3,14.0
187819,1,2,99,1,1,40.0,0,I,MELBOURNE_CBD,STREET,2,19.0
187820,1,2,110,1,1,80.0,0,I,MELB_URBAN,HIGHWAY,3,17.0
187821,1,3,99,2,9,60.0,0,I,MELB_URBAN,HIGHWAY,2,20.0
187822,4,2,99,1,1,70.0,0,I,MELB_URBAN,ROAD,3,18.0
187823,1,6,130,5,1,40.0,0,N,MELB_URBAN,STREET,2,12.0
187824,4,2,171,5,1,60.0,0,N,RURAL_VICTORIA,AVENUE,3,19.0
187825,1,2,120,5,1,100.0,1,N,RURAL_VICTORIA,HIGHWAY,3,17.0
187826,1,2,133,5,1,60.0,0,N,MELB_URBAN,ROAD,3,16.0
187827,8,1,174,5,1,60.0,0,N,SMALL_CITIES,DRIVE,3,9.0
187828,6,2,99,2,1,50.0,0,I,MELB_URBAN,OTHER,3,15.0
187829,1,2,130,1,1,70.0,0,N,MELB_URBAN,ROAD,3,19.0
187830,4,1,183,5,1,40.0,0,N,MELB_URBAN,BOULEVARD,3,19.0
187831,1,2,113,1,2,60.0,0,I,RURAL_VICTORIA,DRIVE,3,19.0
187832,1,4,113,2,1,60.0,0,N,MELB_URBAN,ROAD,2,13.0
187833,1,3,130,2,3,40.0,0,N,MELB_URBAN,STREET,3,0.0
187834,4,3,173,5,3,60.0,0,N,MELB_URBAN,ROAD,3,3.0
187835,1,1,130,1,3,60.0,0,I,MELB_URBAN,OTHER,3,0.0
187836,4,7,171,5,9,80.0,0,N,MELB_URBAN,ROAD,2,18.0
187837,1,5,130,1,1,40.0,0,I,MELB_URBAN,ROAD,1,18.0
187838,1,5,130,5,1,60.0,0,N,MELB_URBAN,ROAD,2,12.0
187839,1,3,120,5,1,50.0,0,N,LARGE_PROVINCIAL_CITIES,STREET,3,8.0
187840,1,5,140,5,1,80.0,0,N,MELB_URBAN,ROAD,2,15.0
187841,1,3,120,2,2,80.0,0,I,RURAL_VICTORIA,ROAD,3,6.0
187842,1,7,130,1,3,60.0,0,I,LARGE_PROVINCIAL_CITIES,STREET,3,21.0
187843,6,1,174,2,1,50.0,0,I,MELB_URBAN,ROAD,2,15.0
187844,1,3,121,2,1,40.0,0,I,MELB_URBAN,ROAD,3,8.0
187845,1,4,130,5,9,60.0,0,N,MELB_URBAN,ROAD,2,14.0
187846,1,3,113,2,1,60.0,0,I,MELB_URBAN,ROAD,3,7.0
187847,1,3,130,5,1,70.0,0,N,MELB_URBAN,ROAD,3,8.0
187848,1,3,121,5,1,70.0,0,N,MELB_URBAN,ROAD,3,8.0
187849,1,3,147,1,1,60.0,0,N,MELB_URBAN,ROAD,3,11.0
187850,1,1,134,5,1,100.0,0,N,MELB_URBAN,ROAD,3,17.0
187851,4,3,181,5,1,100.0,0,N,RURAL_VICTORIA,HIGHWAY,3,11.0
187852,1,2,121,1,1,60.0,0,I,MELB_URBAN,ROAD,3,12.0
187853,8,2,184,5,1,50.0,0,N,MELB_URBAN,STREET,2,17.0
187854,1,1,130,5,1,80.0,0,N,MELB_URBAN,ROAD,3,17.0
187855,1,3,111,2,1,60.0,0,I,MELB_URBAN,ROAD,3,11.0
187856,1,2,130,5,1,80.0,0,N,MELB_URBAN,FREEWAY,3,9.0
187857,1,3,99,5,1,60.0,0,N,MELB_URBAN,STREET,3,14.0
187858,4,5,183,1,1,100.0,0,N,RURAL_VICTORIA,ROAD,2,11.0
187859,1,2,121,2,1,60.0,0,I,MELB_URBAN,ROAD,3,14.0
187860,1,6,130,5,1,60.0,0,N,MELB_URBAN,HIGHWAY,2,15.0
187861,1,2,110,1,1,50.0,0,N,MELB_URBAN,BOULEVARD,3,7.0
187862,2,2,100,2,1,40.0,0,N,MELB_URBAN,STREET,3,15.0
187863,1,2,160,5,2,40.0,0,N,MELB_URBAN,STREET,2,7.0
187864,1,2,130,5,1,80.0,0,N,MELB_URBAN,RAMP,3,15.0