,accident_type,day_of_week,dca_code,road_geometry,light_condition,speed_zone,severity,node_type,deg_urban_name,road_type,month,hour
187865,1,3,120,5,1,80.0,0,N,RURAL_VICTORIA,ROAD,3,15.0
187866,8,3,174,1,1,50.0,0,I,MELB_URBAN,STREET,2,13.0
187867,8,7,174,1,1,60.0,0,I,MELB_URBAN,STREET,3,18.0
187868,1,3,99,1,1,60.0,0,N,MELB_URBAN,PARADE,3,17.0
187869,4,2,173,5,1,100.0,0,N,RURAL_VICTORIA,HIGHWAY,3,16.0
187870,1,3,121,1,1,80.0,0,N,MELB_URBAN,ROAD,3,18.0
187871,2,3,100,2,2,60.0,1,I,MELB_URBAN,ROAD,3,18.0
187872,1,3,130,5,1,100.0,0,N,MELB_URBAN,ROAD,3,14.0
187873,1,3,130,2,1,70.0,0,I,LARGE_PROVINCIAL_CITIES,STREET,3,17.0
187874,1,2,113,2,1,80.0,0,I,RURAL_VICTORIA,ROAD,3,18.0
187875,1,3,110,1,1,60.0,0,I,MELB_URBAN,STREET,3,17.0
187876,1,3,130,5,1,100.0,0,N,RURAL_VICTORIA,FREEWAY,3,15.0
187877,1,2,110,1,1,80.0,0,O,MELB_URBAN,UNKNOWN,3,18.0
187878,1,2,160,1,3,60.0,0,I,MELB_URBAN,ROAD,3,5.0
187879,1,2,121,2,1,70.0,0,I,MELB_URBAN,ROAD,3,15.0
187880,1,3,121,1,1,50.0,0,I,MELB_URBAN,DRIVE,3,15.0
187881,2,3,99,5,1,60.0,0,N,MELB_URBAN,ROAD,3,18.0
187882,1,3,130,5,1,100.0,0,N,MELB_URBAN,FREEWAY,3,17.0
187883,1,1,121,1,3,60.0,0,O,MELB_URBAN,UNKNOWN,3,6.0
187884,1,4,99,1,3,40.0,0,I,MELBOURNE_CBD,STREET,3,2.0
187885,1,0,140,2,1,60.0,0,N,MELB_URBAN,ROAD,2,13.0
187886,1,3,116,1,3,60.0,0,O,MELB_URBAN,UNKNOWN,3,22.0
187887,1,5,121,1,1,60.0,0,I,MELB_URBAN,ROAD,2,12.0
187888,1,1,111,2,3,70.0,0,I,MELB_URBAN,ROAD,3,22.0
187889,1,4,120,5,2,80.0,0,N,MELB_URBAN,HIGHWAY,3,6.0
187890,3,2,167,5,2,60.0,0,N,RURAL_VICTORIA,ROAD,2,4.0
187891,1,3,110,1,1,50.0,0,I,MELB_URBAN,ROAD,3,8.0
187892,1,3,130,1,1,60.0,0,I,LARGE_PROVINCIAL_CITIES,HIGHWAY,3,8.0
187893,2,4,99,5,1,40.0,0,N,TOWNS,DRIVE,3,8.0
187894,4,6,171,2,3,60.0,1,I,MELB_URBAN,ROAD,2,4.0
187895,1,4,140,2,1,40.0,0,I,MELB_URBAN,ROAD,3,9.0
187896,1,3,130,5,1,60.0,0,N,MELB_URBAN,ROAD,3,10.0
187897,1,3,130,5,1,70.0,0,N,MELB_URBAN,ROAD,3,7.0
187898,2,2,99,5,2,80.0,0,N,MELB_URBAN,ROAD,3,19.0
187899,1,3,135,5,1,50.0,0,N,MELB_URBAN,STREET,3,14.0
187900,1,4,110,1,1,50.0,0,N,SMALL_CITIES,STREET,3,12.0
187901,1,3,130,5,1,70.0,0,N,MELB_URBAN,ROAD,3,12.0
187902,1,3,116,2,1,40.0,0,N,LARGE_PROVINCIAL_CITIES,ROAD,3,8.0
187903,4,0,171,5,3,60.0,0,N,MELB_URBAN,HIGHWAY,1,1.0
187904,7,5,99,5,1,60.0,0,N,SMALL_CITIES,DRIVE,1,11.0
187905,1,1,121,1,1,80.0,0,I,MELB_URBAN,ROAD,3,15.0
187906,2,4,100,5,1,60.0,0,N,MELB_URBAN,ROAD,3,10.0
187907,2,4,100,5,1,30.0,0,N,SMALL_CITIES,AVENUE,3,9.0
187908,4,0,171,5,9,80.0,0,N,RURAL_VICTORIA,AVENUE,3,10.0
187909,1,6,130,5,1,80.0,0,N,MELB_URBAN,FREEWAY,2,14.0
187910,4,4,171,5,1,100.0,0,N,RURAL_VICTORIA,HIGHWAY,3,12.0
187911,1,1,130,5,1,100.0,0,N,MELB_URBAN,FREEWAY,3,11.0
187912,4,4,181,5,1,60.0,0,N,SMALL_TOWNS,ROAD,3,13.0
187913,1,4,99,5,1,60.0,0,N,MELB_URBAN,DRIVE,3,10.0
187914,2,4,99,2,1,50.0,0,I,MELB_URBAN,STREET,3,15.0
187915,1,5,99,1,1,60.0,0,I,LARGE_PROVINCIAL_CITIES,STREET,2,10.0
187916,1,4,120,5,1,50.0,0,N,MELB_URBAN,BOULEVARD,3,13.0
187917,1,4,147,2,1,80.0,0,I,MELB_URBAN,HIGHWAY,3,13.0
187918,4,4,171,5,1,100.0,0,N,RURAL_VICTORIA,ROAD,3,12.0
187919,9,5,99,5,1,100.0,0,N,RURAL_VICTORIA,OTHER,12,15.0
187920,1,4,134,5,1,80.0,0,N,MELB_URBAN,UNKNOWN,3,14.0
187921,8,4,184,5,1,100.0,0,N,RURAL_VICTORIA,OTHER,3,13.0
187922,1,4,110,1,1,60.0,0,I,MELB_URBAN,STREET,3,16.0
187923,1,5,130,5,1,100.0,0,N,MELB_URBAN,ROAD,2,6.0
187924,1,4,130,5,1,80.0,1,N,MELB_URBAN,FREEWAY,3,12.0
187925,2,4,99,5,1,50.0,0,N,MELB_URBAN,STREET,3,15.0
187926,1,4,116,2,1,60.0,0,I,SMALL_CITIES,UNKNOWN,3,16.0
187927,1,3,121,2,1,60.0,0,I,MELB_URBAN,ROAD,2,11.0
187928,1,4,130,5,1,100.0,0,N,MELB_URBAN,UNKNOWN,3,16.0
187929,2,3,102,1,1,40.0,0,I,MELBOURNE_CBD,STREET,3,17.0
187930,1,3,130,5,1,50.0,0,N,MELB_URBAN,AVENUE,3,16.0
187931,1,4,135,5,1,100.0,0,N,MELB_URBAN,ROAD,3,14.0
187932,2,4,102,2,1,60.0,0,N,MELB_URBAN,STREET,3,19.0
187933,1,4,99,2,1,60.0,0,I,MELB_URBAN,ROAD,3,17.0
187934,1,2,113,1,1,60.0,0,I,MELB_URBAN,ROAD,3,18.0
187935,1,3,130,2,1,70.0,0,N,RURAL_VICTORIA,ROAD,3,16.0
187936,1,4,135,5,3,100.0,0,N,MELB_URBAN,UNKNOWN,3,19.0
187937,1,3,130,5,1,60.0,0,N,MELB_URBAN,STREET,3,18.0
187938,6,2,99,2,2,50.0,0,I,MELB_URBAN,STREET,2,19.0
187939,1,4,135,5,1,60.0,0,N,MELB_URBAN,AVENUE,3,16.0
187940,1,4,132,5,1,60.0,0,N,MELB_URBAN,ROAD,3,15.0
187941,1,4,99,2,3,40.0,0,I,MELB_URBAN,ROAD,3,20.0
187942,1,5,110,1,3,80.0,0,I,MELB_URBAN,ROAD,3,0.0
187943,1,4,133,5,5,100.0,0,N,RURAL_VICTORIA,ROAD,3,21.0
187944,4,5,171,5,5,40.0,1,N,RURAL_VICTORIA,ROAD,3,3.0
187945,1,4,113,4,1,80.0,0,N,MELB_URBAN,HIGHWAY,3,10.0
187946,1,4,99,5,1,50.0,0,N,LARGE_PROVINCIAL_CITIES,DRIVE,3,8.0
187947,4,5,171,5,1,100.0,0,N,RURAL_VICTORIA,ROAD,2,14.0
187948,4,5,171,5,1,80.0,0,N,MELB_URBAN,ROAD,3,8.0
187949,1,2,120,5,1,60.0,0,N,MELB_URBAN,ROAD,12,8.0
187950,1,5,130,2,3,50.0,0,I,MELB_URBAN,DRIVE,3,5.0
187951,2,5,100,1,1,40.0,0,I,MELB_URBAN,ROAD,3,9.0
187952,4,6,183,5,5,100.0,0,N,RURAL_VICTORIA,ROAD,2,21.0
187953,1,5,99,1,1,100.0,0,I,RURAL_VICTORIA,HIGHWAY,3,10.0
187954,1,4,140,2,1,60.0,0,I,MELB_URBAN,ROAD,3,10.0
187955,1,4,111,2,1,50.0,0,I,MELB_URBAN,ROAD,3,13.0
187956,1,5,99,2,1,40.0,0,I,MELB_URBAN,ROAD,3,9.0
187957,6,6,184,5,1,100.0,0,N,RURAL_VICTORIA,ROAD,9,12.0
187958,2,4,99,5,1,50.0,0,N,SMALL_CITIES,AVENUE,3,12.0
187959,1,1,130,5,1,100.0,0,N,MELB_URBAN,UNKNOWN,2,6.0
187960,1,4,130,5,1,80.0,0,N,SMALL_CITIES,ROAD,1,12.0
187961,1,3,121,1,2,60.0,0,I,RURAL_VICTORIA,ROAD,3,17.0
187962,8,5,99,1,1,40.0,0,I,MELBOURNE_CBD,STREET,1,19.0
187963,4,4,171,5,9,60.0,0,N,RURAL_VICTORIA,ROAD,2,12.0
187964,1,5,130,5,1,80.0,0,N,MELB_URBAN,ROAD,3,16.0
187965,1,5,116,1,1,60.0,0,I,MELB_URBAN,HIGHWAY,3,12.0
187966,1,4,120,5,1,60.0,0,N,RURAL_VICTORIA,OTHER,3,14.0
187967,1,5,130,5,1,50.0,0,N,MELB_URBAN,STREET,3,9.0
187968,1,5,121,1,1,40.0,0,I,MELBOURNE_CBD,STREET,3,12.0
187969,1,0,130,2,1,60.0,0,N,MELB_URBAN,STREET,2,9.0
187970,2,6,99,5,9,60.0,0,N,SMALL_CITIES,AVENUE,9,12.0
187971,1,5,140,5,1,80.0,0,N,RURAL_VICTORIA,HIGHWAY,3,15.0
187972,1,5,99,1,1,80.0,0,N,RURAL_VICTORIA,HIGHWAY,3,17.0
187973,1,3,163,5,1,40.0,0,N,MELBOURNE_CBD,STREET,1,8.0
187974,1,4,130,1,1,60.0,0,I,SMALL_CITIES,ROAD,3,15.0
187975,1,5,130,2,1,70.0,0,N,MELB_URBAN,ROAD,3,16.0
187976,4,5,173,1,1,60.0,0,I,MELB_URBAN,ROAD,3,18.0
187977,1,5,121,2,1,60.0,0,I,MELB_URBAN,ROAD,3,15.0
187978,1,4,113,1,1,80.0,0,I,RURAL_VICTORIA,ROAD,3,18.0
187979,2,2,100,2,1,50.0,0,N,MELB_URBAN,ROAD,3,17.0
187980,8,5,174,2,3,60.0,0,I,MELB_URBAN,STREET,3,19.0
187981,1,5,99,5,2,50.0,0,N,MELB_URBAN,OTHER,3,19.0
187982,1,1,99,5,1,40.0,0,N,SMALL_CITIES,STREET,2,15.0
187983,2,5,100,2,3,70.0,0,I,MELB_URBAN,ROAD,3,20.0
187984,4,4,171,5,5,60.0,0,N,MELB_URBAN,STREET,3,20.0
187985,1,5,99,5,3,60.0,0,N,MELB_URBAN,ROAD,3,20.0
187986,1,4,130,5,1,100.0,0,N,MELB_URBAN,FREEWAY,3,16.0
187987,1,4,116,1,3,60.0,0,I,MELB_URBAN,ROAD,3,19.0
187988,1,5,134,2,1,60.0,0,I,MELB_URBAN,ROAD,3,17.0
187989,4,5,183,2,1,50.0,1,N,MELB_URBAN,AVENUE,3,15.0
187990,1,5,133,5,1,80.0,0,N,MELB_URBAN,FREEWAY,3,15.0
187991,1,2,121,1,6,50.0,0,I,MELB_URBAN,STREET,2,21.0
187992,1,3,113,2,1,80.0,0,N,MELB_URBAN,DRIVE,1,12.0
187993,7,5,99,4,3,50.0,0,N,MELB_URBAN,STREET,3,23.0
187994,4,4,173,5,5,80.0,0,N,RURAL_VICTORIA,ROAD,3,22.0
187995,4,6,171,5,3,50.0,0,N,TOWNS,ROAD,3,1.0
187996,1,6,113,1,1,80.0,0,I,MELB_URBAN,ROAD,2,6.0
187997,1,3,130,5,2,110.0,0,N,RURAL_VICTORIA,FREEWAY,2,5.0
187998,8,1,99,2,1,60.0,0,I,RURAL_VICTORIA,ROAD,3,18.0
187999,5,0,99,5,1,60.0,0,N,RURAL_VICTORIA,ROAD,2,10.0
188000,1,5,110,1,1,100.0,0,I,RURAL_VICTORIA,AVENUE,3,8.0
188001,1,6,113,2,1,60.0,0,N,MELB_URBAN,ROAD,3,10.0
188002,1,6,113,1,1,100.0,0,I,RURAL_VICTORIA,HIGHWAY,3,9.0
188003,2,6,102,5,1,80.0,0,N,MELB_URBAN,ROAD,2,15.0
188004,1,2,99,5,1,60.0,0,N,SMALL_CITIES,ROAD,2,15.0
188005,1,4,130,5,1,100.0,0,N,MELB_URBAN,FREEWAY,2,7.0
188006,8,5,174,5,1,100.0,0,N,RURAL_VICTORIA,HIGHWAY,3,10.0
188007,1,6,134,5,1,60.0,0,N,MELB_URBAN,ROAD,3,11.0
188008,1,5,110,1,1,100.0,0,I,RURAL_VICTORIA,ROAD,3,7.0
188009,1,1,120,5,1,80.0,0,N,RURAL_VICTORIA,ROAD,3,14.0
188010,3,5,167,5,2,100.0,0,N,RURAL_VICTORIA,ROAD,3,7.0
188011,8,3,184,2,2,60.0,0,I,MELB_URBAN,ROAD,3,19.0
188012,1,5,110,1,9,60.0,0,I,MELB_URBAN,OTHER,3,15.0
188013,2,5,99,5,1,40.0,0,N,MELB_URBAN,ROAD,3,11.0
188014,1,5,121,2,1,40.0,0,I,MELB_URBAN,ROAD,3,8.0
188015,1,6,120,5,1,80.0,0,N,RURAL_VICTORIA,ROAD,3,7.0
188016,1,5,130,5,1,60.0,0,N,MELB_URBAN,ROAD,1,17.0
188017,1,6,130,5,1,60.0,0,N,MELB_URBAN,HIGHWAY,3,12.0
188018,1,6,110,1,1,60.0,0,I,MELB_URBAN,ROAD,3,12.0
188019,6,2,174,2,1,50.0,0,I,MELB_URBAN,DRIVE,2,19.0
188020,1,5,130,1,1,60.0,0,I,MELB_URBAN,PARADE,3,8.0
188021,4,6,171,5,1,100.0,0,N,SMALL_CITIES,FREEWAY,3,13.0
188022,1,4,121,2,1,60.0,0,I,MELB_URBAN,ROAD,3,14.0
188023,1,1,160,5,1,60.0,0,N,MELB_URBAN,STREET,2,12.0
188024,1,6,130,5,2,100.0,0,N,MELB_URBAN,FREEWAY,3,5.0
188025,1,5,135,2,1,60.0,0,I,MELB_URBAN,STREET,3,11.0
188026,8,4,174,5,1,60.0,0,N,MELB_URBAN,PARADE,2,18.0
188027,2,5,100,5,1,60.0,0,N,MELB_URBAN,ROAD,3,15.0
188028,4,5,173,5,1,100.0,0,N,MELB_URBAN,FREEWAY,3,12.0
188029,2,6,102,2,1,60.0,0,I,LARGE_PROVINCIAL_CITIES,ROAD,3,9.0
188030,2,5,99,5,1,50.0,0,N,LARGE_PROVINCIAL_CITIES,STREET,3,7.0
188031,1,6,163,1,1,40.0,0,I,MELBOURNE_CBD,STREET,3,9.0
188032,1,6,113,1,1,60.0,0,N,SMALL_TOWNS,ROAD,3,13.0
188033,1,4,130,1,3,80.0,0,N,MELB_URBAN,ROAD,3,20.0
188034,8,7,174,2,9,60.0,0,N,MELB_URBAN,AVENUE,2,17.0
188035,1,5,110,1,1,80.0,0,I,MELB_URBAN,ROAD,3,14.0
188036,9,5,99,5,3,50.0,0,N,MELB_URBAN,OTHER,2,21.0
188037,1,3,99,2,9,50.0,0,I,MELB_URBAN,ROAD,2,18.0
188038,1,2,116,2,1,60.0,0,I,MELB_URBAN,ROAD,3,16.0
188039,1,4,130,5,1,60.0,0,N,MELB_URBAN,ROAD,2,18.0
188040,1,5,121,1,3,60.0,0,I,MELB_URBAN,STREET,3,21.0
188041,8,4,174,1,3,60.0,0,N,MELB_URBAN,ROAD,3,23.0
188042,1,5,130,2,1,60.0,0,I,MELB_URBAN,RAMP,3,10.0
188043,8,6,174,5,1,50.0,0,N,MELB_URBAN,STREET,3,17.0
188044,2,5,100,5,1,50.0,0,N,MELB_URBAN,AVENUE,3,17.0
188045,1,1,160,5,1,60.0,0,N,MELB_URBAN,STREET,3,18.0
188046,1,5,130,2,9,60.0,0,I,MELB_URBAN,STREET,3,18.0
188047,1,6,121,2,1,80.0,0,I,RURAL_VICTORIA,ROAD,3,16.0
188048,1,5,130,5,1,60.0,0,N,MELB_URBAN,ROAD,3,17.0
188049,1,6,130,5,1,60.0,0,N,LARGE_PROVINCIAL_CITIES,ROAD,3,16.0
188050,2,6,99,5,1,60.0,0,N,MELB_URBAN,STREET,3,13.0
188051,2,6,102,5,1,50.0,0,N,MELB_URBAN,ROAD,3,16.0
188052,1,6,121,2,1,80.0,0,I,MELB_URBAN,HIGHWAY,3,16.0
188053,4,6,171,5,1,60.0,0,N,RURAL_VICTORIA,ROAD,3,17.0
188054,1,5,99,2,1,50.0,0,I,MELB_URBAN,STREET,3,17.0
188055,1,6,99,2,2,40.0,0,I,MELB_URBAN,STREET,3,19.0
188056,1,5,130,5,1,100.0,0,N,MELB_URBAN,FREEWAY,3,19.0
188057,6,5,174,2,1,80.0,0,I,MELB_URBAN,ROAD,3,16.0
188058,1,6,110,1,1,50.0,0,I,MELB_URBAN,STREET,3,17.0
188059,1,6,121,1,1,50.0,0,I,MELB_URBAN,ROAD,3,16.0
188060,1,1,130,5,9,60.0,0,N,MELB_URBAN,ROAD,4,7.0
188061,1,6,130,5,1,70.0,0,N,MELB_URBAN,ROAD,3,15.0
188062,1,5,130,5,1,70.0,0,N,MELB_URBAN,ROAD,3,15.0
188063,6,5,170,5,2,100.0,0,N,RURAL_VICTORIA,ROAD,3,19.0
188064,1,6,116,2,1,60.0,0,I,SMALL_CITIES,ROAD,3,17.0
188065,1,5,110,1,1,50.0,0,I,MELB_URBAN,STREET,3,16.0
188066,2,6,100,5,1,30.0,0,N,MELB_URBAN,STREET,3,16.0
188067,1,5,121,2,3,80.0,0,I,MELB_URBAN,ROAD,3,21.0
188068,1,4,111,2,1,60.0,0,I,MELB_URBAN,ROAD,2,10.0
188069,1,3,160,5,3,60.0,0,N,MELB_URBAN,ROAD,3,21.0
188070,8,6,174,5,3,50.0,0,N,MELB_URBAN,AVENUE,3,22.0
188071,1,1,130,5,9,100.0,0,N,MELB_URBAN,FREEWAY,3,16.0
188072,1,6,130,2,3,80.0,0,I,MELB_URBAN,ROAD,3,1.0
188073,4,7,183,5,5,80.0,0,N,RURAL_VICTORIA,ROAD,3,3.0
188074,2,2,99,5,3,50.0,0,N,MELB_URBAN,OTHER,3,21.0
188075,1,2,130,5,1,70.0,0,N,RURAL_VICTORIA,HIGHWAY,2,8.0
188076,8,0,184,5,1,60.0,0,N,RURAL_VICTORIA,ROAD,3,13.0
188077,1,6,130,2,5,80.0,0,I,RURAL_VICTORIA,ROAD,3,20.0
188078,6,6,174,5,1,60.0,0,N,TOWNS,ROAD,3,9.0
188079,1,6,99,1,2,60.0,0,I,MELB_URBAN,STREET,3,18.0
188080,3,6,167,5,5,100.0,0,N,RURAL_VICTORIA,ROAD,3,21.0
188081,1,6,113,2,1,60.0,0,I,MELB_URBAN,ROAD,3,9.0
188082,4,7,183,5,1,100.0,0,N,RURAL_VICTORIA,ROAD,3,8.0
188083,1,6,130,5,1,60.0,0,N,MELB_URBAN,ROAD,3,9.0
188084,1,7,110,1,1,50.0,0,I,SMALL_CITIES,STREET,3,6.0
188085,8,2,174,5,3,60.0,0,N,SMALL_CITIES,ROAD,3,23.0
188086,1,5,110,1,3,50.0,0,I,LARGE_PROVINCIAL_CITIES,HIGHWAY,3,21.0
188087,1,7,116,2,1,80.0,0,N,SMALL_CITIES,HIGHWAY,3,18.0
188088,1,7,140,5,1,60.0,0,N,MELB_URBAN,STREET,3,10.0
188089,1,7,130,5,1,80.0,0,N,MELB_URBAN,FREEWAY,3,12.0
188090,4,7,99,2,1,50.0,0,I,SMALL_CITIES,STREET,3,12.0
188091,1,6,111,1,1,60.0,0,I,SMALL_CITIES,STREET,3,14.0
188092,1,6,163,5,1,60.0,0,N,RURAL_VICTORIA,DRIVE,3,11.0
188093,1,4,110,1,1,50.0,0,I,SMALL_CITIES,STREET,3,16.0
188094,4,6,181,5,1,80.0,1,N,RURAL_VICTORIA,ROAD,3,22.0
188095,1,6,110,1,2,60.0,0,I,MELB_URBAN,ROAD,3,7.0
188096,2,6,99,5,3,50.0,0,N,TOWNS,STREET,3,22.0
188097,1,6,99,5,1,60.0,0,N,MELB_URBAN,ROAD,3,18.0
188098,1,6,121,2,1,60.0,0,I,MELB_URBAN,STREET,3,17.0
188099,1,7,110,1,1,60.0,0,I,SMALL_CITIES,PARADE,3,18.0
188100,1,6,130,1,1,80.0,0,I,MELB_URBAN,HIGHWAY,3,16.0
188101,1,7,120,5,1,50.0,0,N,MELB_URBAN,OTHER,3,17.0
188102,1,6,120,5,1,50.0,0,N,MELB_URBAN,ROAD,3,17.0
188103,1,0,134,5,1,100.0,0,N,MELB_URBAN,UNKNOWN,3,13.0
188104,1,7,130,5,1,70.0,0,N,LARGE_PROVINCIAL_CITIES,OTHER,3,12.0
188105,1,6,113,2,1,60.0,0,I,MELB_URBAN,ROAD,3,14.0
188106,1,6,113,2,1,50.0,0,I,MELB_URBAN,DRIVE,3,18.0
188107,4,7,183,5,2,60.0,0,N,RURAL_VICTORIA,ROAD,3,18.0
188108,1,7,120,5,1,100.0,1,N,RURAL_VICTORIA,HIGHWAY,3,17.0
188109,1,6,99,5,3,100.0,0,N,RURAL_VICTORIA,FREEWAY,3,20.0
188110,1,7,110,1,1,60.0,0,I,RURAL_VICTORIA,STREET,3,18.0
188111,1,7,121,5,1,50.0,0,N,RURAL_VICTORIA,ROAD,3,19.0
188112,3,7,167,5,5,100.0,0,N,RURAL_VICTORIA,ROAD,3,20.0
188113,4,2,173,4,3,60.0,0,N,SMALL_CITIES,AVENUE,3,6.0
188114,1,6,121,1,3,50.0,0,N,MELB_URBAN,STREET,3,22.0
188115,1,7,130,5,5,60.0,0,N,SMALL_CITIES,ROAD,3,22.0
188116,1,0,113,1,3,40.0,0,O,MELBOURNE_CBD,UNKNOWN,3,1.0
188117,2,1,99,5,5,70.0,0,N,MELB_URBAN,HIGHWAY,3,0.0
188118,4,0,171,5,2,60.0,0,N,MELB_URBAN,ROAD,3,7.0
188119,1,1,113,2,1,60.0,0,I,SMALL_CITIES,ROAD,3,10.0
188120,1,0,110,1,1,100.0,0,I,RURAL_VICTORIA,ROAD,3,9.0
188121,4,1,183,5,1,100.0,0,N,RURAL_VICTORIA,ROAD,3,8.0
188122,6,1,170,5,1,100.0,0,N,RURAL_VICTORIA,ROAD,3,9.0
188123,1,0,140,5,1,60.0,0,N,MELB_URBAN,STREET,3,10.0
188124,4,1,171,5,1,60.0,0,N,MELB_URBAN,ROAD,3,10.0
188125,6,7,174,5,1,50.0,0,N,MELB_URBAN,PARADE,3,13.0
188126,1,1,130,2,1,60.0,0,I,MELB_URBAN,STREET,3,9.0
188127,8,7,174,5,1,50.0,0,N,MELB_URBAN,STREET,3,19.0
188128,8,5,99,5,5,80.0,0,N,RURAL_VICTORIA,ROAD,3,23.0
188129,1,1,120,5,1,100.0,0,N,RURAL_VICTORIA,ROAD,3,10.0
188130,8,6,174,5,1,60.0,0,N,TOWNS,ROAD,2,13.0
188131,6,1,99,2,1,50.0,0,N,SMALL_CITIES,STREET,3,12.0
188132,1,1,99,5,1,60.0,0,N,MELB_URBAN,PARADE,3,9.0
188133,5,0,99,5,1,80.0,0,N,RURAL_VICTORIA,ROAD,3,13.0
188134,1,1,130,2,1,80.0,0,I,RURAL_VICTORIA,ROAD,3,10.0
188135,3,1,167,5,1,100.0,0,N,RURAL_VICTORIA,ROAD,3,14.0
188136,1,2,130,5,1,100.0,0,N,MELB_URBAN,FREEWAY,3,16.0
188137,1,2,130,5,1,60.0,0,N,MELB_URBAN,ROAD,3,17.0
188138,1,7,130,1,1,50.0,0,I,MELB_URBAN,ROAD,3,11.0
188139,1,1,121,1,1,70.0,0,I,RURAL_VICTORIA,PARADE,3,16.0
188140,4,4,171,5,1,50.0,0,N,RURAL_VICTORIA,ROAD,2,7.0
188141,1,0,99,4,1,40.0,0,I,MELB_URBAN,HIGHWAY,3,17.0
188142,8,1,170,5,1,100.0,0,N,RURAL_VICTORIA,ROAD,3,17.0
188143,6,0,99,2,1,80.0,0,N,RURAL_VICTORIA,HIGHWAY,3,15.0
188144,1,1,110,1,1,100.0,0,I,RURAL_VICTORIA,HIGHWAY,3,16.0
188145,4,1,183,5,1,60.0,0,N,RURAL_VICTORIA,STREET,3,18.0
188146,2,1,102,1,3,50.0,0,I,MELB_URBAN,ROAD,3,21.0
188147,4,1,171,1,2,80.0,0,I,RURAL_VICTORIA,ROAD,3,19.0
188148,4,0,173,5,3,60.0,0,O,MELB_URBAN,UNKNOWN,3,23.0
188149,4,2,181,5,3,60.0,0,N,MELB_URBAN,ROAD,3,1.0
188150,1,2,130,1,3,60.0,0,N,MELB_URBAN,ROAD,3,1.0
188151,1,1,130,5,1,80.0,0,N,MELB_URBAN,ROAD,2,8.0
188152,1,4,111,2,1,70.0,0,I,MELB_URBAN,ROAD,1,18.0
188153,7,1,99,5,3,60.0,0,N,MELB_URBAN,STREET,1,23.0
188154,1,6,113,4,1,60.0,0,I,MELB_URBAN,ROAD,3,15.0
188155,1,1,133,5,1,80.0,0,N,RURAL_VICTORIA,ROAD,3,17.0
188156,1,5,110,1,1,50.0,0,I,TOWNS,STREET,2,15.0
188157,4,2,183,5,1,110.0,0,N,RURAL_VICTORIA,FREEWAY,3,9.0
188158,5,2,99,5,1,50.0,0,N,MELB_URBAN,ROAD,3,9.0
188159,1,6,121,1,1,60.0,0,I,MELB_URBAN,ROAD,3,8.0
188160,4,2,99,5,1,50.0,0,N,MELB_URBAN,ROAD,3,8.0
188161,2,0,100,5,2,50.0,0,N,RURAL_VICTORIA,ROAD,3,18.0
188162,1,5,130,5,1,80.0,0,N,MELB_URBAN,ROAD,3,12.0
188163,4,2,183,5,1,60.0,0,N,LARGE_PROVINCIAL_CITIES,STREET,2,16.0
188164,4,1,171,5,1,100.0,0,N,RURAL_VICTORIA,ROAD,3,16.0
188165,4,2,181,5,1,60.0,0,N,RURAL_VICTORIA,ROAD,3,11.0
188166,4,2,183,5,1,100.0,0,N,RURAL_VICTORIA,ROAD,3,7.0
188167,1,5,130,5,1,100.0,0,N,MELB_URBAN,ROAD,3,15.0
188168,1,2,133,5,2,100.0,0,N,MELB_URBAN,FREEWAY,3,6.0
188169,1,0,111,2,1,60.0,0,I,MELB_URBAN,ROAD,3,15.0
188170,1,6,99,1,1,80.0,0,N,MELB_URBAN,ROAD,3,13.0
188171,4,2,183,2,1,60.0,0,N,MELB_URBAN,ROAD,3,8.0
188172,1,1,140,5,1,60.0,0,N,MELB_URBAN,ROAD,3,13.0
188173,1,5,160,5,9,60.0,0,N,MELB_URBAN,DRIVE,2,8.0
188174,6,1,174,5,1,100.0,0,N,RURAL_VICTORIA,ROAD,3,14.0
188175,4,1,171,5,1,60.0,0,N,MELB_URBAN,ROAD,3,14.0
188176,1,2,111,1,1,80.0,0,I,MELB_URBAN,ROAD,3,14.0
188177,1,2,110,1,1,50.0,0,I,MELB_URBAN,STREET,3,12.0
188178,5,1,99,5,1,100.0,0,N,RURAL_VICTORIA,HIGHWAY,3,13.0
188179,1,2,99,2,1,70.0,0,I,MELB_URBAN,ROAD,3,11.0
188180,4,2,183,5,1,80.0,0,N,RURAL_VICTORIA,ROAD,3,14.0
188181,1,1,99,2,1,50.0,0,N,MELB_URBAN,BOULEVARD,3,11.0
188182,4,2,183,5,1,80.0,0,N,RURAL_VICTORIA,ROAD,3,13.0
188183,2,4,99,5,1,60.0,0,N,MELB_URBAN,ROAD,11,14.0
188184,1,2,160,5,1,80.0,0,N,MELB_URBAN,HIGHWAY,3,15.0
188185,1,1,130,5,1,60.0,0,N,MELB_URBAN,STREET,3,15.0
188186,1,2,130,5,1,100.0,0,N,MELB_URBAN,FREEWAY,3,16.0
188187,1,1,110,1,1,60.0,0,I,MELB_URBAN,PARADE,3,17.0
188188,1,2,140,5,1,80.0,0,N,RURAL_VICTORIA,ROAD,3,13.0
188189,6,0,99,5,1,60.0,0,N,TOWNS,ROAD,3,10.0
188190,1,1,121,2,1,50.0,0,I,MELB_URBAN,ROAD,3,14.0