,accident_type,day_of_week,dca_code,road_geometry,light_condition,speed_zone,severity,node_type,deg_urban_name,road_type,month,hour
188191,1,2,130,2,1,60.0,0,N,MELB_URBAN,ROAD,2,17.0
188192,1,2,120,2,1,60.0,0,N,MELB_URBAN,ROAD,3,16.0
188193,1,2,116,2,9,30.0,0,I,MELB_URBAN,STREET,2,17.0
188194,2,2,100,5,1,50.0,1,N,RURAL_VICTORIA,BOULEVARD,3,18.0
188195,1,2,130,1,9,70.0,0,I,MELB_URBAN,ROAD,3,7.0
188196,1,2,111,1,1,60.0,0,I,TOWNS,STREET,2,7.0
188197,1,1,160,5,6,50.0,0,N,MELB_URBAN,ROAD,3,23.0
188198,1,1,160,5,3,50.0,0,N,SMALL_CITIES,ROAD,3,22.0
188199,4,1,99,5,5,100.0,0,N,RURAL_VICTORIA,ROAD,3,22.0
188200,1,1,121,1,3,80.0,0,I,MELB_URBAN,RAMP,3,22.0
188201,1,3,130,5,1,100.0,0,N,MELB_URBAN,FREEWAY,2,17.0
188202,7,4,99,2,3,50.0,0,N,MELB_URBAN,PARADE,2,21.0
188203,1,3,121,2,1,60.0,0,I,SMALL_CITIES,STREET,3,6.0
188204,5,1,99,5,1,50.0,0,N,MELB_URBAN,STREET,3,10.0
188205,1,3,130,1,1,50.0,0,I,MELB_URBAN,ROAD,3,8.0
188206,4,2,171,5,5,60.0,0,N,MELB_URBAN,DRIVE,3,20.0
188207,1,6,99,5,1,50.0,0,N,MELB_URBAN,STREET,2,9.0
188208,5,3,99,5,5,100.0,0,N,RURAL_VICTORIA,ROAD,3,5.0
188209,4,3,171,5,1,80.0,0,N,RURAL_VICTORIA,ROAD,3,8.0
188210,1,3,113,2,1,80.0,0,I,MELB_URBAN,ROAD,3,10.0
188211,1,2,135,5,1,80.0,0,N,MELB_URBAN,HIGHWAY,3,7.0
188212,4,1,181,5,2,110.0,0,N,RURAL_VICTORIA,FREEWAY,2,18.0
188213,1,3,121,1,1,80.0,0,I,MELB_URBAN,ROAD,3,8.0
188214,1,3,121,2,1,60.0,0,I,MELB_URBAN,ROAD,3,11.0
188215,1,3,99,2,1,50.0,0,I,MELB_URBAN,STREET,3,11.0
188216,1,5,130,5,1,80.0,0,N,RURAL_VICTORIA,ROAD,3,17.0
188217,4,6,173,2,1,60.0,0,I,RURAL_VICTORIA,ROAD,2,16.0
188218,6,2,184,5,1,80.0,0,N,RURAL_VICTORIA,ROAD,3,8.0
188219,1,3,121,1,1,40.0,0,I,MELBOURNE_CBD,STREET,3,7.0
188220,1,3,99,5,3,60.0,0,N,MELB_URBAN,STREET,9,21.0
188221,1,3,113,1,1,60.0,0,I,MELB_URBAN,ROAD,3,11.0
188222,4,3,173,5,1,80.0,0,N,RURAL_VICTORIA,ROAD,3,8.0
188223,2,6,99,5,1,60.0,0,N,TOWNS,STREET,3,19.0
188224,3,6,167,5,2,60.0,0,O,RURAL_VICTORIA,ROAD,3,20.0
188225,1,3,121,5,1,100.0,0,N,RURAL_VICTORIA,ROAD,3,14.0
188226,1,6,130,1,1,60.0,0,I,MELB_URBAN,ROAD,2,7.0
188227,1,1,99,1,1,80.0,0,N,MELB_URBAN,OTHER,3,11.0
188228,1,2,160,5,1,60.0,0,N,MELB_URBAN,STREET,3,15.0
188229,8,6,174,5,1,70.0,0,I,MELB_URBAN,ROAD,2,8.0
188230,1,3,121,2,1,80.0,0,I,MELB_URBAN,ROAD,3,14.0
188231,1,2,116,2,6,60.0,0,I,MELB_URBAN,STREET,3,22.0
188232,1,2,130,1,1,60.0,0,I,MELB_URBAN,ROAD,3,18.0
188233,1,3,130,5,1,50.0,0,N,MELB_URBAN,ROAD,3,15.0
188234,1,3,120,5,3,60.0,0,N,SMALL_CITIES,STREET,3,20.0
188235,1,3,133,5,3,80.0,0,N,MELB_URBAN,FREEWAY,3,4.0
188236,4,2,181,5,3,50.0,0,N,MELB_URBAN,DRIVE,3,21.0
188237,1,2,130,5,3,50.0,0,N,MELB_URBAN,STREET,3,22.0
188238,1,3,160,5,3,50.0,0,N,MELB_URBAN,STREET,3,0.0
188239,4,4,171,5,5,100.0,0,N,RURAL_VICTORIA,HIGHWAY,3,3.0
188240,3,4,167,5,5,100.0,0,N,RURAL_VICTORIA,ROAD,3,6.0
188241,1,4,121,2,1,70.0,0,N,MELB_URBAN,STREET,3,9.0
188242,1,4,99,5,3,40.0,0,N,MELB_URBAN,ROAD,3,5.0
188243,1,4,120,5,1,50.0,0,N,MELB_URBAN,AVENUE,3,8.0
188244,8,3,174,2,1,40.0,0,N,MELB_URBAN,STREET,3,10.0
188245,1,4,140,5,1,60.0,0,N,SMALL_CITIES,PARADE,3,10.0
188246,2,3,102,5,1,40.0,0,N,MELB_URBAN,STREET,3,8.0
188247,1,3,140,5,1,60.0,0,N,MELB_URBAN,ROAD,3,11.0
188248,1,1,130,5,1,60.0,0,N,MELB_URBAN,DRIVE,1,12.0
188249,1,2,130,1,1,70.0,0,I,SMALL_CITIES,HIGHWAY,12,10.0
188250,6,0,184,5,1,30.0,0,N,RURAL_VICTORIA,ROAD,3,17.0
188251,3,1,167,5,1,100.0,0,N,RURAL_VICTORIA,ROAD,1,19.0
188252,8,2,174,2,1,60.0,0,I,MELB_URBAN,STREET,3,19.0
188253,1,2,130,5,9,60.0,0,N,MELB_URBAN,ROAD,3,17.0
188254,1,4,113,4,1,70.0,0,I,MELB_URBAN,ROAD,3,14.0
188255,1,1,99,5,1,80.0,0,N,MELB_URBAN,ROAD,2,14.0
188256,1,3,116,1,1,80.0,0,I,MELB_URBAN,HIGHWAY,3,14.0
188257,6,4,174,5,1,60.0,0,N,MELB_URBAN,ROAD,3,18.0
188258,1,2,99,5,1,40.0,0,N,MELB_URBAN,STREET,8,12.0
188259,1,4,110,1,1,50.0,0,I,MELB_URBAN,STREET,3,14.0
188260,1,3,99,5,1,30.0,0,N,MELB_URBAN,ROAD,3,15.0
188261,1,4,130,1,1,80.0,0,I,MELB_URBAN,HIGHWAY,3,12.0
188262,1,3,113,1,1,60.0,0,I,MELB_URBAN,OTHER,3,16.0
188263,1,3,121,2,1,70.0,0,I,MELB_URBAN,ROAD,10,17.0
188264,6,4,174,1,1,50.0,0,N,MELB_URBAN,AVENUE,3,16.0
188265,1,4,99,2,1,50.0,0,I,MELB_URBAN,ROAD,3,11.0
188266,1,1,130,2,1,50.0,0,I,RURAL_VICTORIA,DRIVE,3,12.0
188267,6,4,184,5,3,80.0,0,N,MELB_URBAN,ROAD,3,19.0
188268,1,4,110,1,1,60.0,0,I,RURAL_VICTORIA,ROAD,3,18.0
188269,2,4,102,1,1,50.0,0,N,MELB_URBAN,HIGHWAY,3,18.0
188270,1,3,99,5,3,50.0,0,N,MELB_URBAN,ROAD,3,20.0
188271,1,4,160,5,3,40.0,0,N,MELB_URBAN,STREET,3,20.0
188272,1,6,130,5,1,80.0,0,I,MELB_URBAN,ROAD,3,10.0
188273,1,3,121,1,3,60.0,0,I,SMALL_CITIES,ROAD,3,21.0
188274,6,4,99,5,5,100.0,0,N,RURAL_VICTORIA,ROAD,3,22.0
188275,3,4,167,5,5,80.0,0,N,RURAL_VICTORIA,ROAD,3,20.0
188276,2,4,100,2,3,60.0,0,N,MELB_URBAN,STREET,3,21.0
188277,4,5,171,5,5,100.0,0,N,RURAL_VICTORIA,ROAD,3,0.0
188278,1,1,130,5,1,80.0,0,N,RURAL_VICTORIA,ROAD,3,18.0
188279,4,4,173,5,5,100.0,1,N,RURAL_VICTORIA,ROAD,3,23.0
188280,8,4,174,5,2,40.0,0,N,MELBOURNE_CBD,STREET,3,6.0
188281,7,4,99,5,1,100.0,0,N,RURAL_VICTORIA,FREEWAY,3,13.0
188282,1,5,99,2,1,50.0,0,I,MELB_URBAN,AVENUE,3,8.0
188283,1,4,99,1,1,50.0,0,I,LARGE_PROVINCIAL_CITIES,STREET,3,8.0
188284,1,5,99,2,1,60.0,0,I,SMALL_CITIES,ROAD,3,8.0
188285,8,1,99,2,9,50.0,0,I,MELB_URBAN,ROAD,1,17.0
188286,7,4,170,2,1,50.0,0,I,MELB_URBAN,ROAD,3,7.0
188287,1,3,116,1,2,60.0,0,I,MELB_URBAN,HIGHWAY,2,6.0
188288,1,3,130,5,1,100.0,0,N,MELB_URBAN,FREEWAY,3,17.0
188289,1,5,110,1,1,100.0,0,N,RURAL_VICTORIA,ROAD,3,7.0
188290,1,4,116,1,3,70.0,0,I,MELB_URBAN,HIGHWAY,3,6.0
188291,1,5,147,5,1,60.0,0,N,MELB_URBAN,ROAD,3,7.0
188292,1,4,147,5,1,60.0,0,N,LARGE_PROVINCIAL_CITIES,ROAD,3,10.0
188293,1,1,130,5,1,60.0,0,N,MELB_URBAN,STREET,2,9.0
188294,1,3,134,5,1,80.0,0,N,RURAL_VICTORIA,ROAD,3,15.0
188295,1,1,99,1,1,70.0,0,I,MELB_URBAN,DRIVE,3,18.0
188296,6,1,174,1,1,30.0,0,I,MELB_URBAN,BOULEVARD,3,14.0
188297,2,4,99,5,1,50.0,0,N,MELB_URBAN,HIGHWAY,3,11.0
188298,1,5,110,1,1,80.0,0,O,MELB_URBAN,UNKNOWN,3,10.0
188299,2,5,99,5,1,50.0,0,N,MELB_URBAN,STREET,3,8.0
188300,1,4,130,5,1,80.0,0,N,MELB_URBAN,FREEWAY,3,15.0
188301,1,4,130,1,1,80.0,0,I,MELB_URBAN,ROAD,3,13.0
188302,5,5,171,5,1,60.0,0,N,RURAL_VICTORIA,AVENUE,3,18.0
188303,1,5,134,2,3,60.0,0,N,MELB_URBAN,ROAD,3,5.0
188304,1,2,160,5,1,40.0,0,N,MELB_URBAN,ROAD,3,13.0
188305,2,5,100,1,1,50.0,0,I,MELB_URBAN,STREET,3,7.0
188306,1,4,110,1,1,50.0,0,I,MELB_URBAN,ROAD,3,11.0
188307,8,5,174,5,1,50.0,0,N,MELB_URBAN,OTHER,3,14.0
188308,1,5,133,5,1,40.0,0,N,MELB_URBAN,ROAD,3,13.0
188309,4,5,173,5,1,100.0,0,N,RURAL_VICTORIA,HIGHWAY,3,10.0
188310,1,4,130,5,9,60.0,0,N,MELB_URBAN,ROAD,5,17.0
188311,1,4,121,1,1,70.0,0,N,RURAL_VICTORIA,DRIVE,3,15.0
188312,1,6,163,5,1,40.0,0,N,MELB_URBAN,STREET,1,17.0
188313,2,5,100,1,1,40.0,0,I,MELB_URBAN,ROAD,3,17.0
188314,1,5,110,1,1,50.0,0,I,MELB_URBAN,STREET,3,16.0
188315,1,4,130,5,1,100.0,0,N,MELB_URBAN,ROAD,3,16.0
188316,1,5,130,5,2,100.0,0,N,MELB_URBAN,FREEWAY,3,18.0
188317,1,4,121,2,1,40.0,0,I,MELB_URBAN,ROAD,3,19.0
188318,1,4,130,1,1,60.0,0,I,MELB_URBAN,STREET,3,15.0
188319,1,5,99,5,1,60.0,0,N,LARGE_PROVINCIAL_CITIES,STREET,3,18.0
188320,8,5,99,5,3,60.0,0,N,MELB_URBAN,DRIVE,3,21.0
188321,8,3,174,5,1,60.0,0,N,SMALL_CITIES,HIGHWAY,3,16.0
188322,1,4,133,1,1,50.0,0,I,MELB_URBAN,STREET,3,12.0
188323,8,3,184,5,1,100.0,0,N,RURAL_VICTORIA,ROAD,3,10.0
188324,2,5,100,1,1,60.0,0,I,LARGE_PROVINCIAL_CITIES,AVENUE,3,9.0
188325,6,4,184,5,1,60.0,0,N,RURAL_VICTORIA,OTHER,2,11.0
188326,4,4,173,5,1,100.0,0,N,RURAL_VICTORIA,HIGHWAY,3,17.0
188327,1,4,110,1,3,60.0,0,N,MELB_URBAN,STREET,3,21.0
188328,1,6,110,1,1,50.0,0,I,TOWNS,STREET,3,9.0
188329,1,6,130,5,3,100.0,0,N,MELB_URBAN,FREEWAY,3,5.0
188330,6,2,170,5,1,70.0,0,N,RURAL_VICTORIA,ROAD,12,18.0
188331,1,5,116,2,9,40.0,0,I,MELB_URBAN,ROAD,11,21.0
188332,1,6,113,2,1,60.0,0,I,MELB_URBAN,ROAD,3,8.0
188333,4,5,183,5,1,110.0,0,N,RURAL_VICTORIA,FREEWAY,3,10.0
188334,2,2,99,5,1,40.0,0,N,MELB_URBAN,OTHER,3,18.0
188335,1,5,130,5,1,60.0,0,N,RURAL_VICTORIA,ROAD,3,8.0
188336,2,5,99,5,1,60.0,0,N,RURAL_VICTORIA,ROAD,3,16.0
188337,1,6,99,5,1,60.0,0,N,MELB_URBAN,ROAD,7,12.0
188338,4,6,99,5,1,60.0,0,N,MELB_URBAN,ROAD,3,10.0
188339,1,5,121,1,1,60.0,0,I,RURAL_VICTORIA,BOULEVARD,3,9.0
188340,1,5,111,2,1,40.0,0,I,MELB_URBAN,ROAD,3,10.0
188341,8,1,184,5,9,60.0,0,N,RURAL_VICTORIA,OTHER,3,10.0
188342,1,4,121,1,1,60.0,0,I,MELB_URBAN,ROAD,3,9.0
188343,1,6,121,2,1,60.0,0,I,MELB_URBAN,ROAD,3,13.0
188344,5,3,99,5,1,60.0,0,N,MELB_URBAN,ROAD,3,14.0
188345,1,4,121,5,1,50.0,0,N,MELB_URBAN,ROAD,3,9.0
188346,1,5,130,5,1,60.0,0,N,MELB_URBAN,BOULEVARD,3,15.0
188347,1,5,147,5,1,60.0,0,N,LARGE_PROVINCIAL_CITIES,STREET,3,13.0
188348,1,6,113,1,5,60.0,0,I,MELB_URBAN,ROAD,3,17.0
188349,1,5,121,2,1,80.0,0,I,MELB_URBAN,ROAD,3,15.0
188350,4,6,173,5,1,100.0,0,N,RURAL_VICTORIA,ROAD,3,16.0
188351,1,6,120,5,1,50.0,0,N,MELB_URBAN,DRIVE,3,16.0
188352,1,6,110,1,1,60.0,0,I,SMALL_CITIES,STREET,3,15.0
188353,1,6,121,1,1,60.0,0,I,MELB_URBAN,ROAD,3,14.0
188354,1,6,121,1,1,70.0,0,I,MELB_URBAN,HIGHWAY,3,17.0
188355,1,6,121,4,1,60.0,0,I,MELB_URBAN,ROAD,3,19.0
188356,1,5,130,3,1,100.0,0,N,RURAL_VICTORIA,FREEWAY,3,15.0
188357,1,0,120,5,1,80.0,0,N,RURAL_VICTORIA,ROAD,3,14.0
188358,1,6,99,5,3,50.0,0,N,SMALL_CITIES,OTHER,3,23.0
188359,4,6,173,5,3,60.0,0,N,MELB_URBAN,UNKNOWN,3,22.0
188360,6,6,184,5,5,100.0,0,N,RURAL_VICTORIA,ROAD,3,23.0
188361,1,3,132,1,1,60.0,0,I,LARGE_PROVINCIAL_CITIES,STREET,2,17.0
188362,4,6,99,5,3,40.0,0,N,MELBOURNE_CBD,STREET,3,0.0
188363,1,6,160,5,3,30.0,0,N,SMALL_CITIES,OTHER,3,3.0
188364,4,6,183,5,5,80.0,0,N,RURAL_VICTORIA,ROAD,3,4.0
188365,1,7,99,2,1,70.0,0,I,MELB_URBAN,HIGHWAY,3,9.0
188366,1,5,135,5,2,100.0,0,N,MELB_URBAN,FREEWAY,3,7.0
188367,1,6,113,2,1,50.0,0,I,MELB_URBAN,ROAD,3,9.0
188368,1,5,113,3,1,60.0,0,I,MELB_URBAN,ROAD,1,10.0
188369,1,7,121,2,1,60.0,0,I,MELB_URBAN,ROAD,3,10.0
188370,1,6,120,5,1,100.0,0,N,RURAL_VICTORIA,ROAD,3,11.0
188371,1,6,121,1,1,60.0,0,O,MELB_URBAN,UNKNOWN,3,13.0
188372,1,6,99,1,1,60.0,0,I,MELB_URBAN,STREET,3,14.0
188373,2,6,99,5,1,40.0,0,N,MELB_URBAN,STREET,3,14.0
188374,1,5,130,5,1,60.0,0,N,MELB_URBAN,ROAD,2,15.0
188375,4,7,171,2,1,80.0,0,N,RURAL_VICTORIA,STREET,3,15.0
188376,8,7,174,2,1,60.0,0,I,SMALL_CITIES,ROAD,3,17.0
188377,1,7,147,5,1,80.0,0,N,MELB_URBAN,STREET,3,16.0
188378,4,7,173,5,1,100.0,0,N,RURAL_VICTORIA,ROAD,3,15.0
188379,1,7,116,1,1,50.0,0,I,LARGE_PROVINCIAL_CITIES,STREET,3,16.0
188380,1,7,121,1,1,80.0,0,I,MELB_URBAN,ROAD,3,11.0
188381,4,7,99,5,1,50.0,0,N,MELB_URBAN,STREET,3,17.0
188382,1,6,121,2,1,80.0,0,I,RURAL_VICTORIA,ROAD,3,17.0
188383,1,7,121,5,1,80.0,0,N,MELB_URBAN,ROAD,3,14.0
188384,1,7,110,1,1,60.0,0,I,MELB_URBAN,ROAD,3,18.0
188385,1,7,116,2,2,60.0,0,I,MELB_URBAN,ROAD,3,18.0
188386,2,6,99,5,1,60.0,0,N,MELB_URBAN,ROAD,3,17.0
188387,8,4,99,2,1,50.0,0,I,MELB_URBAN,STREET,3,16.0
188388,1,1,130,4,1,80.0,0,I,MELB_URBAN,RAMP,2,16.0
188389,1,6,121,1,3,70.0,0,I,MELB_URBAN,ROAD,3,20.0
188390,4,6,171,5,3,100.0,0,N,MELB_URBAN,FREEWAY,3,20.0
188391,1,6,130,5,1,80.0,0,N,MELB_URBAN,HIGHWAY,3,14.0
188392,6,7,174,1,3,50.0,0,I,MELB_URBAN,ROAD,3,23.0
188393,1,5,130,2,2,100.0,0,I,RURAL_VICTORIA,ROAD,3,18.0
188394,1,1,99,1,3,80.0,0,I,RURAL_VICTORIA,ROAD,3,2.0
188395,1,1,113,2,3,80.0,0,I,MELB_URBAN,ROAD,3,5.0
188396,1,7,121,2,1,80.0,0,I,MELB_URBAN,HIGHWAY,3,10.0
188397,1,7,120,5,1,100.0,0,N,RURAL_VICTORIA,ROAD,3,12.0
188398,6,7,184,5,1,80.0,0,N,RURAL_VICTORIA,ROAD,3,13.0
188399,4,1,181,5,1,50.0,0,N,LARGE_PROVINCIAL_CITIES,OTHER,3,7.0
188400,1,1,116,1,1,60.0,0,I,MELB_URBAN,ROAD,3,8.0
188401,1,1,121,1,1,60.0,0,I,MELB_URBAN,ROAD,3,10.0
188402,4,0,171,5,1,100.0,0,N,RURAL_VICTORIA,HIGHWAY,3,10.0
188403,1,0,99,5,1,50.0,0,N,SMALL_CITIES,STREET,3,10.0
188404,1,7,140,2,1,70.0,0,I,MELB_URBAN,ROAD,3,16.0
188405,1,7,121,1,1,60.0,0,I,MELB_URBAN,PARADE,3,11.0
188406,2,7,99,5,3,50.0,0,N,MELB_URBAN,STREET,2,23.0
188407,1,1,99,2,1,60.0,0,I,MELB_URBAN,ROAD,3,12.0
188408,1,0,120,2,1,80.0,0,N,SMALL_TOWNS,ROAD,3,12.0
188409,4,1,181,5,1,100.0,0,N,RURAL_VICTORIA,ROAD,3,12.0
188410,4,0,171,5,5,60.0,0,N,RURAL_VICTORIA,ROAD,3,6.0
188411,1,0,120,5,1,60.0,0,N,RURAL_VICTORIA,ROAD,3,17.0
188412,5,0,99,1,1,60.0,0,N,TOWNS,ROAD,3,13.0
188413,1,5,99,5,1,100.0,0,N,RURAL_VICTORIA,ROAD,3,17.0
188414,1,1,110,1,1,50.0,0,I,TOWNS,STREET,3,15.0
188415,1,0,99,2,1,50.0,0,I,MELB_URBAN,STREET,3,17.0
188416,1,0,110,1,1,60.0,0,I,SMALL_CITIES,ROAD,3,16.0
188417,4,1,181,5,1,80.0,0,N,RURAL_VICTORIA,ROAD,3,14.0
188418,8,2,174,1,2,60.0,0,I,MELB_URBAN,STREET,3,19.0
188419,1,1,160,5,5,100.0,0,N,RURAL_VICTORIA,OTHER,3,21.0
188420,2,1,99,5,1,60.0,0,N,SMALL_TOWNS,ROAD,3,18.0
188421,4,0,173,5,5,100.0,0,N,MELB_URBAN,FREEWAY,3,23.0
188422,1,2,132,2,1,80.0,0,N,MELB_URBAN,ROAD,2,8.0
188423,1,0,130,5,1,80.0,0,N,RURAL_VICTORIA,HIGHWAY,3,12.0
188424,1,6,160,5,1,50.0,0,N,MELB_URBAN,STREET,3,12.0
188425,1,3,130,5,1,80.0,0,N,MELB_URBAN,HIGHWAY,2,17.0
188426,1,1,130,1,2,60.0,0,I,MELB_URBAN,ROAD,3,5.0
188427,1,2,135,5,1,80.0,0,N,MELB_URBAN,HIGHWAY,3,8.0
188428,1,6,130,5,1,50.0,0,N,MELB_URBAN,DRIVE,3,13.0
188429,5,1,99,5,1,100.0,0,N,RURAL_VICTORIA,ROAD,3,17.0
188430,2,2,100,1,3,50.0,0,I,MELB_URBAN,STREET,3,6.0
188431,2,6,99,5,3,60.0,0,N,MELB_URBAN,STREET,3,1.0
188432,1,1,140,2,1,40.0,0,I,MELB_URBAN,STREET,3,10.0
188433,4,2,99,2,2,60.0,0,I,SMALL_CITIES,AVENUE,3,7.0
188434,6,5,99,5,1,100.0,0,N,RURAL_VICTORIA,ROAD,3,17.0
188435,4,2,171,5,1,80.0,0,N,MELB_URBAN,HIGHWAY,3,12.0
188436,1,1,111,2,1,60.0,0,I,RURAL_VICTORIA,ROAD,3,9.0
188437,1,1,99,5,1,60.0,0,N,LARGE_PROVINCIAL_CITIES,OTHER,3,9.0
188438,2,1,99,2,1,50.0,0,N,MELB_URBAN,DRIVE,3,9.0
188439,1,1,160,5,2,60.0,0,N,SMALL_CITIES,ROAD,3,7.0
188440,8,0,174,5,1,50.0,0,N,MELB_URBAN,ROAD,2,14.0
188441,2,7,102,1,1,50.0,0,I,MELB_URBAN,STREET,3,17.0
188442,1,2,113,2,1,100.0,0,I,MELB_URBAN,ROAD,3,14.0
188443,1,1,121,2,1,60.0,0,I,LARGE_PROVINCIAL_CITIES,STREET,3,15.0
188444,1,2,110,1,1,60.0,0,I,MELB_URBAN,STREET,3,9.0
188445,1,0,130,1,1,60.0,0,N,MELB_URBAN,ROAD,3,12.0
188446,4,2,171,2,1,70.0,0,N,MELB_URBAN,STREET,3,15.0
188447,1,2,130,5,1,70.0,0,N,MELB_URBAN,ROAD,2,8.0
188448,1,1,160,5,1,80.0,0,N,MELB_URBAN,ROAD,3,11.0
188449,1,2,135,5,1,60.0,0,N,MELB_URBAN,PARADE,3,5.0
188450,1,2,110,1,3,60.0,0,I,SMALL_CITIES,PARADE,3,21.0
188451,1,2,130,5,1,100.0,0,N,SMALL_TOWNS,FREEWAY,3,15.0
188452,1,4,135,5,9,60.0,0,N,LARGE_PROVINCIAL_CITIES,ROAD,3,17.0
188453,1,6,130,2,1,80.0,0,I,MELB_URBAN,STREET,3,14.0
188454,1,1,130,2,9,60.0,0,N,MELB_URBAN,ROAD,3,7.0
188455,1,1,133,1,1,60.0,0,I,LARGE_PROVINCIAL_CITIES,ROAD,3,17.0
188456,2,1,99,5,3,50.0,0,N,MELB_URBAN,ROAD,3,20.0
188457,8,2,99,5,1,60.0,0,N,MELB_URBAN,ROAD,3,17.0
188458,2,2,99,5,1,50.0,0,N,MELB_URBAN,DRIVE,3,18.0
188459,1,2,130,5,1,100.0,0,N,MELB_URBAN,FREEWAY,3,17.0
188460,1,2,121,2,1,50.0,0,I,MELB_URBAN,DRIVE,3,19.0
188461,1,3,133,5,1,60.0,0,N,MELB_URBAN,ROAD,9,17.0
188462,1,2,133,1,1,80.0,0,I,MELB_URBAN,HIGHWAY,3,16.0
188463,4,2,173,5,3,100.0,0,N,RURAL_VICTORIA,FREEWAY,3,0.0
188464,1,2,116,2,1,80.0,0,I,MELB_URBAN,AVENUE,3,7.0
188465,1,2,163,5,1,50.0,0,N,MELB_URBAN,STREET,3,16.0
188466,8,2,174,1,1,40.0,0,I,MELB_URBAN,STREET,3,8.0
188467,2,3,100,1,1,60.0,0,I,MELB_URBAN,STREET,3,9.0
188468,1,6,121,1,1,60.0,0,I,MELB_URBAN,ROAD,3,13.0
188469,1,3,110,1,1,100.0,0,I,RURAL_VICTORIA,OTHER,3,9.0
188470,1,2,99,5,1,40.0,0,N,TOWNS,STREET,3,9.0
188471,1,6,130,1,1,60.0,0,I,MELB_URBAN,ROAD,3,10.0
188472,1,6,120,5,1,100.0,0,N,RURAL_VICTORIA,ROAD,3,16.0
188473,2,3,100,2,1,50.0,0,I,MELB_URBAN,ROAD,3,9.0
188474,1,4,99,2,1,60.0,0,I,MELB_URBAN,ROAD,3,12.0
188475,8,0,99,1,1,60.0,0,I,MELB_URBAN,STREET,3,14.0
188476,1,3,113,2,1,50.0,0,I,SMALL_CITIES,STREET,3,12.0
188477,1,3,110,1,1,60.0,0,I,MELB_URBAN,ROAD,3,12.0
188478,2,4,102,1,9,60.0,0,I,MELB_URBAN,STREET,3,20.0
188479,1,2,130,5,2,60.0,0,N,MELB_URBAN,AVENUE,3,6.0
188480,1,2,130,5,1,80.0,0,N,MELB_URBAN,FREEWAY,3,16.0
188481,1,3,140,5,1,60.0,0,N,MELB_URBAN,ROAD,3,13.0
188482,1,3,130,1,1,60.0,0,I,LARGE_PROVINCIAL_CITIES,STREET,3,8.0
188483,1,5,121,2,3,60.0,0,I,LARGE_PROVINCIAL_CITIES,ROAD,3,20.0
188484,1,2,130,5,1,70.0,0,N,MELB_URBAN,ROAD,3,13.0
188485,1,6,130,5,1,60.0,0,N,MELB_URBAN,STREET,1,9.0
188486,1,3,147,5,1,70.0,0,N,MELB_URBAN,ROAD,2,12.0
188487,1,6,130,5,1,50.0,0,N,MELB_URBAN,STREET,3,16.0
188488,6,6,174,5,9,60.0,0,N,RURAL_VICTORIA,ROAD,3,12.0
188489,4,2,99,5,1,50.0,0,N,MELB_URBAN,STREET,3,14.0
188490,1,3,121,1,1,60.0,0,I,MELB_URBAN,ROAD,3,14.0
188491,1,3,110,1,1,60.0,0,I,LARGE_PROVINCIAL_CITIES,HIGHWAY,3,16.0
188492,1,3,160,5,1,60.0,0,N,LARGE_PROVINCIAL_CITIES,STREET,3,17.0
188493,1,5,135,2,1,60.0,0,I,MELB_URBAN,STREET,3,15.0
188494,1,1,99,1,1,40.0,0,I,MELB_URBAN,STREET,3,18.0
188495,1,3,120,5,1,50.0,0,N,LARGE_PROVINCIAL_CITIES,DRIVE,3,15.0
188496,4,3,173,5,1,80.0,0,N,RURAL_VICTORIA,ROAD,3,16.0
188497,4,3,171,5,1,60.0,0,N,LARGE_PROVINCIAL_CITIES,ROAD,3,16.0
188498,2,1,100,1,1,60.0,0,N,MELB_URBAN,ROAD,3,7.0
188499,1,3,130,4,1,60.0,0,N,MELB_URBAN,ROAD,3,17.0
188500,1,3,99,2,1,50.0,0,I,MELB_URBAN,STREET,3,15.0
188501,1,2,134,5,1,60.0,0,N,SMALL_CITIES,HIGHWAY,3,17.0
188502,1,2,99,1,2,60.0,0,N,MELB_URBAN,HIGHWAY,3,6.0
188503,1,2,121,2,3,60.0,0,I,MELB_URBAN,ROAD,3,22.0
188504,1,3,133,5,3,60.0,0,N,MELB_URBAN,ROAD,3,23.0
188505,6,1,174,2,1,60.0,0,I,MELB_URBAN,OTHER,3,13.0
188506,1,4,111,2,1,60.0,0,I,SMALL_CITIES,ROAD,3,7.0
188507,1,7,110,1,1,80.0,0,N,MELB_URBAN,ROAD,3,12.0
188508,1,1,113,2,1,60.0,0,N,MELB_URBAN,STREET,3,14.0
188509,1,2,113,1,1,50.0,0,I,MELB_URBAN,STREET,3,16.0
188510,1,4,116,1,1,80.0,0,I,MELB_URBAN,ROAD,3,9.0
188511,1,4,130,2,1,80.0,0,I,MELB_URBAN,HIGHWAY,3,8.0
188512,1,6,121,1,1,60.0,0,I,SMALL_TOWNS,HIGHWAY,3,5.0
188513,8,7,174,5,1,60.0,0,N,RURAL_VICTORIA,ROAD,2,16.0
188514,2,4,99,2,9,50.0,0,N,MELB_URBAN,STREET,2,10.0
188515,1,4,121,1,1,60.0,0,I,MELB_URBAN,STREET,3,8.0
188516,1,2,99,2,2,60.0,0,I,MELB_URBAN,ROAD,3,19.0